OBJECTID_1,ULAND,UREGBEZ,UKREIS,UGEMEINDE,UJAHR,UMONAT,USTUNDE,UWOCHENTAG,UKATEGORIE,UART,UTYP1,ULICHTVERH,IstRad,IstPKW,IstFuss,IstKrad,IstGkfz,IstSonstig,STRZUSTAND,LINREFX,LINREFY,XGCSWGS84,YGCSWGS84
389,1,0,3,0,2018,2,19,2,3,5,3,2,1,1,0,0,0,0,1,6.1013E+20,5.96996E+21,1.06748E+16,5.38664E+16
390,1,0,3,0,2018,1,18,1,3,5,3,2,0,1,0,0,0,0,1,6.10066E+20,5.97147E+21,1.06744E+16,5.388E+16
391,1,0,3,0,2018,2,21,3,3,5,2,2,0,1,0,0,0,0,0,6.09041E+20,5.96728E+21,1.06573E+16,5.38426E+16
392,1,0,3,0,2018,1,21,1,3,5,2,2,0,1,0,0,0,0,1,6.09774E+20,5.97136E+21,1.06699E+16,5.38791E+16
393,1,0,2,0,2018,2,20,7,3,0,1,2,1,0,0,0,0,0,2,5.73595E+20,6.02304E+21,1.01323E+16,5.43498E+16
394,1,0,2,0,2018,2,14,2,3,2,6,0,0,1,0,0,0,0,1,5.73069E+20,6.01825E+21,1.0123E+16,5.43069E+16
395,1,0,58,162,2018,2,6,5,3,5,3,2,0,1,0,0,0,0,0,5.61584E+20,6.04717E+21,9.95254E+15,5.45683E+16
396,1,0,55,44,2018,1,13,1,3,2,6,0,0,1,0,0,0,0,0,6.14802E+20,5.98841E+21,1.07528E+16,5.40312E+16
397,1,0,2,0,2018,2,11,5,3,5,3,0,1,1,0,0,0,0,0,5.69696E+20,6.02015E+21,1.00716E+16,5.43244E+16
398,1,0,56,18,2018,2,12,7,3,2,6,0,0,1,0,0,1,0,0,5.5436E+20,5.94156E+21,9.82184E+15,5.362E+16
399,1,0,60,2,2018,2,2,3,3,5,3,2,0,1,0,0,0,0,1,5.57664E+20,5.96017E+21,9.87524E+15,5.37869E+16
400,1,0,58,12,2018,2,12,2,3,9,1,0,0,0,0,0,0,1,2,5.54983E+20,6.03957E+21,9.84903E+15,5.45007E+16
401,1,0,62,69,2018,2,15,5,3,2,6,0,0,1,0,0,0,0,0,5.84667E+20,5.94438E+21,1.02807E+16,5.36413E+16
402,1,0,2,0,2018,1,1,1,3,8,1,2,0,1,0,0,0,0,1,5.74428E+20,6.01765E+21,1.01437E+16,5.43013E+16
403,1,0,3,0,2018,2,18,5,3,2,7,2,0,1,0,1,0,0,0,6.11638E+20,5.97202E+21,1.06985E+16,5.38846E+16
404,1,0,62,25,2018,2,18,1,3,2,6,2,0,1,0,0,0,0,1,6.04838E+20,5.96804E+21,1.05937E+16,5.38503E+16
405,1,0,60,63,2018,2,15,3,3,2,6,0,0,1,0,0,0,0,0,5.67596E+20,5.95425E+21,1.00247E+16,5.37325E+16
406,1,0,54,95,2018,1,16,1,3,5,3,1,0,1,0,0,0,0,1,4.98611E+20,6.02441E+21,8.97862E+15,5.43675E+16
407,1,0,54,85,2018,2,21,5,3,8,1,2,0,1,0,0,0,0,2,4.58431E+20,6.05415E+21,8.35603E+15,5.46331E+16
408,1,0,59,44,2018,1,17,1,2,1,5,2,0,1,0,0,0,0,1,5.25317E+20,6.04551E+21,9.39147E+15,5.45565E+16
409,1,0,2,0,2018,1,10,4,3,2,6,0,0,1,0,0,0,0,1,5.71107E+20,6.01751E+21,1.00927E+16,5.43005E+16
410,1,0,58,24,2018,2,11,2,3,5,3,0,1,1,0,0,0,0,1,5.45237E+20,6.0206E+21,9.69565E+15,5.43312E+16
411,1,0,54,167,2018,1,1,1,3,6,6,2,0,1,1,0,0,0,1,5.00013E+20,6.0646E+21,9.0002E+15,5.47287E+16
412,1,0,57,29,2018,2,8,3,3,5,3,0,0,1,0,0,0,0,1,5.97146E+20,6.02619E+21,1.04955E+16,5.43742E+16
413,1,0,62,89,2018,1,0,1,1,3,6,2,0,1,0,0,0,0,1,5.88715E+20,5.95378E+21,1.03446E+16,5.37251E+16
414,1,0,56,15,2018,2,15,6,3,5,3,0,0,1,0,0,0,0,0,5.44679E+20,5.95582E+21,9.67754E+15,5.37491E+16
415,1,0,54,118,2018,2,8,2,3,8,1,2,0,0,0,0,0,1,2,5.0782E+20,6.04029E+21,9.12078E+15,5.45102E+16
416,1,0,56,32,2018,2,12,5,3,2,6,0,0,1,0,0,1,0,0,5.52143E+20,5.94886E+21,9.78956E+15,5.36858E+16
417,1,0,60,68,2018,1,10,7,2,5,3,0,0,1,0,0,0,0,0,5.79335E+20,5.98508E+21,1.02106E+16,5.40079E+16
418,1,0,59,183,2018,2,19,5,3,5,3,2,0,1,0,0,0,0,1,5.22526E+20,6.06431E+21,9.34976E+15,5.47256E+16
419,1,0,58,92,2018,1,18,4,3,6,2,2,0,1,1,0,0,0,1,5.70572E+20,6.02095E+21,1.00853E+16,5.43315E+16
420,1,0,2,0,2018,1,16,4,3,2,6,1,0,1,0,0,0,0,1,5.73593E+20,6.01785E+21,1.0131E+16,5.43032E+16
421,1,0,62,60,2018,2,21,7,3,6,2,2,0,1,1,0,0,0,1,5.81107E+20,5.92997E+21,1.02231E+16,5.35124E+16
422,1,0,3,0,2018,2,18,3,3,2,6,2,0,1,0,0,0,0,2,6.0954E+20,5.97105E+21,1.06662E+16,5.38763E+16
423,1,0,53,116,2018,1,13,7,3,8,7,0,0,0,0,1,0,0,1,6.00116E+20,5.92838E+21,1.05092E+16,5.34948E+16
424,1,0,59,45,2018,2,13,4,3,4,1,0,0,1,0,0,0,0,0,5.58817E+20,6.05876E+21,9.91208E+15,5.46728E+16
425,1,0,53,116,2018,1,8,7,3,9,7,0,0,1,0,0,0,0,1,5.95553E+20,5.92848E+21,1.04404E+16,5.34966E+16
426,1,0,62,16,2018,2,12,1,3,2,2,0,0,1,0,0,0,0,1,5.83264E+20,5.95815E+21,1.02632E+16,5.37653E+16
427,1,0,3,0,2018,1,7,4,3,2,6,0,0,1,0,0,0,1,1,6.09646E+20,5.9711E+21,1.06679E+16,5.38768E+16
428,1,0,55,35,2018,1,10,7,3,2,6,0,0,1,0,0,0,0,0,6.12854E+20,5.97735E+21,1.07189E+16,5.39322E+16
429,1,0,58,135,2018,2,9,4,3,3,6,0,0,1,0,0,0,0,0,5.4309E+20,6.01789E+21,9.66225E+15,5.43071E+16
430,1,0,3,0,2018,1,4,7,3,8,7,2,0,1,0,0,0,0,0,6.111E+20,5.9664E+21,1.06883E+16,5.38342E+16
431,1,0,56,32,2018,2,11,2,3,2,6,0,0,1,0,0,0,0,0,5.51306E+20,5.95022E+21,9.77711E+15,5.36982E+16
432,1,0,62,92,2018,2,7,3,3,8,1,0,0,1,0,0,0,0,2,5.86251E+20,5.96575E+21,1.03106E+16,5.38331E+16
433,1,0,58,86,2018,1,13,7,3,2,6,0,0,1,0,0,0,0,0,5.45166E+20,6.009E+21,9.69281E+15,5.4227E+16
434,1,0,55,16,2018,2,19,6,3,8,7,2,0,1,0,0,0,0,0,6.32344E+20,6.00776E+21,1.10289E+16,5.42008E+16
435,1,0,51,1,2018,2,0,2,3,8,1,2,0,1,0,0,0,0,2,5.15591E+20,6.00028E+21,9.2387E+15,5.41504E+16
436,1,0,56,5,2018,2,12,4,3,2,6,0,0,1,0,0,0,0,0,5.59821E+20,5.94651E+21,9.90535E+15,5.36639E+16
437,1,0,2,0,2018,1,12,7,3,5,2,0,1,1,0,0,0,0,0,5.73781E+20,6.02057E+21,1.01345E+16,5.43276E+16
438,1,0,62,25,2018,2,23,5,2,2,6,2,0,1,0,0,1,0,0,6.04206E+20,5.9675E+21,1.05839E+16,5.38455E+16
439,1,0,57,8,2018,1,13,7,2,8,7,0,0,1,0,0,0,0,0,5.72673E+20,5.99092E+21,1.01103E+16,5.40614E+16
440,1,0,4,0,2018,1,7,4,3,5,3,0,1,1,0,0,0,0,1,5.66294E+20,5.99507E+21,1.00138E+16,5.40995E+16
441,1,0,61,48,2018,2,5,5,3,4,6,2,0,1,0,0,0,0,0,5.31541E+20,5.98507E+21,9.48134E+15,5.4013E+16
442,1,0,57,62,2018,2,11,7,2,0,7,0,0,0,0,1,0,0,1,5.83569E+20,6.01052E+21,1.02822E+16,5.42358E+16
443,1,0,54,88,2018,2,8,3,3,9,1,0,0,1,0,0,0,0,2,4.89111E+20,6.06904E+21,8.83074E+15,5.47685E+16
444,1,0,54,70,2018,1,5,7,3,6,7,2,0,1,1,0,0,0,1,5.04791E+20,6.02648E+21,9.07378E+15,5.43861E+16
445,1,0,60,59,2018,2,9,3,2,0,1,0,0,0,0,1,0,0,2,5.82104E+20,5.98195E+21,1.0252E+16,5.39794E+16
446,1,0,56,39,2018,1,14,7,3,8,7,0,0,1,0,0,0,0,0,5.52698E+20,5.94794E+21,9.79779E+15,5.36775E+16
447,1,0,59,63,2018,2,9,1,3,5,3,0,0,1,0,0,0,1,2,5.49587E+20,6.05675E+21,9.76862E+15,5.46557E+16
448,1,0,55,35,2018,2,5,2,3,5,3,2,0,0,0,0,1,1,2,6.13978E+20,5.97569E+21,1.07354E+16,5.39171E+16
449,1,0,61,92,2018,1,17,6,1,4,6,2,0,1,0,1,0,0,1,5.3906E+20,5.96812E+21,9.59391E+15,5.38601E+16
450,1,0,56,15,2018,2,21,5,3,5,2,2,0,1,0,0,0,0,0,5.44955E+20,5.95588E+21,9.68174E+15,5.37496E+16
451,1,0,3,0,2018,2,19,1,3,2,6,2,0,1,0,0,0,0,1,6.12576E+20,5.97031E+21,1.07121E+16,5.3869E+16
452,1,0,57,86,2018,2,9,4,3,2,6,0,0,1,0,0,0,0,0,5.76291E+20,6.00492E+21,1.01691E+16,5.41866E+16
453,1,0,56,15,2018,2,12,2,3,2,6,0,0,1,0,0,0,0,1,5.45938E+20,5.95565E+21,9.69662E+15,5.37475E+16
454,1,0,60,54,2018,1,14,6,3,5,3,0,0,1,0,0,0,0,0,5.58419E+20,5.96979E+21,9.88853E+15,5.38733E+16
455,1,0,61,34,2018,2,4,5,3,8,1,2,0,1,0,0,0,0,1,5.31281E+20,5.97504E+21,9.47633E+15,5.39228E+16
456,1,0,60,37,2018,2,14,1,2,9,1,0,0,1,0,0,0,0,2,5.56245E+20,5.96476E+21,9.85455E+15,5.38283E+16
457,1,0,55,27,2018,2,17,4,3,2,6,1,0,1,0,0,0,0,0,6.21862E+20,6.00914E+21,1.08689E+16,5.42157E+16
458,1,0,56,36,2018,1,9,6,3,5,3,0,1,1,0,0,0,0,0,5.44531E+20,5.94719E+21,9.67405E+15,5.36716E+16
459,1,0,60,85,2018,1,10,4,3,5,3,0,0,1,0,0,0,0,1,5.81121E+20,5.96198E+21,1.02317E+16,5.38001E+16
460,1,0,56,15,2018,1,15,6,3,2,6,0,0,1,0,0,0,0,1,5.4521E+20,5.95642E+21,9.68569E+15,5.37544E+16
461,1,0,62,1,2018,2,18,5,2,5,3,2,0,1,0,0,0,0,1,5.81641E+20,5.94767E+21,1.02358E+16,5.36714E+16
462,1,0,53,20,2018,2,9,6,3,5,3,0,0,1,0,0,0,0,1,6.0613E+20,5.9278E+21,1.05996E+16,5.34884E+16
463,1,0,51,6,2018,2,10,2,3,5,3,0,0,1,0,0,0,0,0,5.03362E+20,5.98347E+21,9.05128E+15,5.39995E+16
464,1,0,60,28,2018,1,11,6,3,9,1,0,0,1,0,0,0,0,0,5.69729E+20,5.98938E+21,1.0065E+16,5.4048E+16
465,1,0,53,108,2018,2,9,3,3,5,3,0,0,1,0,0,0,0,2,5.98023E+20,5.94978E+21,1.04844E+16,5.36876E+16
466,1,0,55,12,2018,1,15,6,3,5,3,0,0,1,0,0,0,1,0,6.03816E+20,6.00011E+21,1.05891E+16,5.41386E+16
467,1,0,51,114,2018,2,11,7,3,8,1,0,0,1,0,0,0,0,1,5.19357E+20,6.00929E+21,9.29695E+15,5.42312E+16
468,1,0,58,115,2018,2,18,2,3,9,1,2,0,1,0,0,0,0,2,5.46386E+20,5.99789E+21,9.70981E+15,5.41271E+16
469,1,0,53,112,2018,2,7,5,2,6,4,0,0,1,1,0,0,0,0,5.94595E+20,5.94875E+21,1.04322E+16,5.36789E+16
470,1,0,3,0,2018,1,12,6,3,5,2,0,0,1,0,0,0,0,0,6.10016E+20,5.97052E+21,1.06733E+16,5.38715E+16
471,1,0,3,0,2018,2,15,5,3,6,7,0,1,0,1,0,0,0,0,6.12377E+20,5.96745E+21,1.07081E+16,5.38434E+16
472,1,0,58,153,2018,1,16,4,2,3,1,0,0,1,0,0,0,0,1,5.63423E+20,6.00618E+21,9.97224E+15,5.41998E+16
473,1,0,53,3,2018,1,11,4,2,5,2,0,1,1,0,0,0,0,1,5.94696E+20,5.93276E+21,1.04288E+16,5.35352E+16
474,1,0,57,70,2018,2,21,1,3,9,1,2,0,1,0,0,0,0,2,5.87475E+20,6.0075E+21,1.03412E+16,5.42081E+16
475,1,0,59,98,2018,2,9,4,3,5,2,0,0,1,0,0,0,0,0,5.38097E+20,6.04466E+21,9.58896E+15,5.4548E+16
476,1,0,3,0,2018,1,17,6,3,6,4,2,0,1,1,0,0,0,0,6.10258E+20,5.97094E+21,1.06771E+16,5.38752E+16
477,1,0,2,0,2018,2,2,5,3,8,1,2,0,1,0,0,0,0,1,5.72807E+20,6.02317E+21,1.01202E+16,5.43511E+16
478,1,0,3,0,2018,1,13,6,3,4,6,0,1,0,0,0,0,0,0,6.11311E+20,5.97187E+21,1.06935E+16,5.38833E+16
479,1,0,3,0,2018,2,12,2,3,2,6,0,0,1,0,0,0,1,0,6.07761E+20,5.9686E+21,1.06383E+16,5.38547E+16
480,1,0,55,44,2018,1,12,6,3,5,3,0,0,1,0,0,1,1,1,6.10304E+20,5.98756E+21,1.06838E+16,5.40245E+16
481,1,0,3,0,2018,2,17,3,3,2,6,0,0,1,0,0,0,0,1,6.0903E+20,5.96726E+21,1.06571E+16,5.38424E+16
482,1,0,3,0,2018,1,12,6,3,5,3,0,1,1,0,0,0,0,1,6.18582E+20,5.97557E+21,1.08055E+16,5.39149E+16
483,1,0,58,121,2018,2,19,5,3,5,3,2,0,1,0,0,0,0,2,5.66008E+20,6.03108E+21,1.00173E+16,5.44231E+16
484,1,0,3,0,2018,1,7,6,2,3,6,2,1,0,0,0,0,0,0,6.10389E+20,5.96958E+21,1.06786E+16,5.3863E+16
485,1,0,62,16,2018,2,14,2,3,2,6,0,0,1,0,0,0,0,0,5.83877E+20,5.95934E+21,1.02728E+16,5.37759E+16
486,1,0,58,24,2018,1,4,6,2,8,1,2,0,1,0,0,0,0,1,5.45576E+20,6.02248E+21,9.70115E+15,5.43481E+16
487,1,0,3,0,2018,2,9,3,3,6,4,0,0,1,1,0,0,0,1,6.13068E+20,5.96979E+21,1.07194E+16,5.38643E+16
488,1,0,58,44,2018,1,13,6,2,4,6,0,0,1,0,0,0,0,1,5.60083E+20,5.98968E+21,9.91776E+15,5.40518E+16
489,1,0,62,27,2018,2,14,7,3,5,3,1,0,1,0,0,0,0,1,5.88503E+20,5.95272E+21,1.03411E+16,5.37156E+16
490,1,0,4,0,2018,2,19,2,2,4,6,2,0,1,0,0,0,0,2,5.65534E+20,5.99104E+21,1.00013E+16,5.40634E+16
491,1,0,55,44,2018,2,9,5,3,5,2,0,0,1,0,1,0,0,1,6.11067E+20,5.98921E+21,1.06961E+16,5.40391E+16
492,1,0,57,22,2018,1,13,6,3,5,3,0,0,1,0,0,0,0,0,5.9743E+20,6.00864E+21,1.04942E+16,5.42165E+16
493,1,0,58,135,2018,2,14,5,3,2,6,0,0,1,0,0,0,0,0,5.43541E+20,6.01729E+21,9.6691E+15,5.43016E+16
494,1,0,56,30,2018,1,16,4,3,8,1,1,0,1,0,0,0,0,1,5.44938E+20,5.96186E+21,9.68234E+15,5.38033E+16
495,1,0,53,37,2018,2,9,1,3,8,1,0,0,1,0,0,0,0,2,6.12918E+20,5.93435E+21,1.07042E+16,5.35459E+16
496,1,0,60,63,2018,2,13,3,3,5,3,0,0,1,0,0,1,0,0,5.67474E+20,5.95532E+21,1.00231E+16,5.37422E+16
497,1,0,2,0,2018,1,21,6,3,0,7,2,1,0,0,0,0,0,0,5.73197E+20,6.01841E+21,1.0125E+16,5.43083E+16
498,1,0,62,4,2018,2,18,4,3,5,2,2,1,1,0,0,0,0,0,5.92196E+20,5.96242E+21,1.03999E+16,5.38021E+16
499,1,0,51,100,2018,1,18,5,2,1,5,2,0,1,0,0,1,0,0,5.16597E+20,6.01154E+21,9.25474E+15,5.42515E+16
500,1,0,57,62,2018,1,14,4,3,2,6,0,0,1,0,0,0,0,1,5.83552E+20,6.01077E+21,1.0282E+16,5.42381E+16
501,1,0,57,57,2018,2,16,2,3,5,3,0,1,1,0,0,0,0,1,5.94249E+20,6.00186E+21,1.04433E+16,5.41561E+16
502,1,0,61,98,2018,1,10,5,2,4,1,0,0,1,0,0,0,0,0,5.38731E+20,5.97812E+21,9.59016E+15,5.395E+16
503,1,0,54,138,2018,2,23,3,3,9,7,2,0,1,0,0,0,0,1,4.90484E+20,6.01856E+21,8.85373E+15,5.43149E+16
504,1,0,60,80,2018,1,9,5,3,8,1,0,0,1,0,0,0,0,1,5.86884E+20,5.99391E+21,1.03282E+16,5.4086E+16
505,1,0,55,43,2018,2,13,6,3,0,7,0,0,1,0,0,0,0,1,6.17166E+20,6.01952E+21,1.08009E+16,5.43101E+16
506,1,0,58,107,2018,1,11,4,3,3,6,0,0,1,0,0,0,0,1,5.68049E+20,6.01404E+21,1.00449E+16,5.42698E+16
507,1,0,54,168,2018,2,15,2,3,5,3,0,0,1,0,0,0,0,1,4.57828E+20,6.08388E+21,8.34236E+15,5.49001E+16
508,1,0,56,1,2018,2,16,4,3,2,6,0,0,1,0,0,0,0,0,5.50361E+20,5.94361E+21,9.76172E+15,5.36389E+16
509,1,0,62,61,2018,1,17,5,2,5,3,2,0,1,0,0,0,0,0,5.9901E+20,5.96529E+21,1.05043E+16,5.38267E+16
510,1,0,59,10,2018,2,3,5,3,0,1,2,0,0,0,0,1,1,2,5.30269E+20,6.04788E+21,9.46827E+15,5.45775E+16
511,1,0,3,0,2018,1,7,5,3,0,6,1,1,0,0,0,0,0,0,6.12533E+20,5.97052E+21,1.07116E+16,5.38709E+16
512,1,0,3,0,2018,1,14,5,3,5,3,0,0,1,0,1,0,0,0,6.09709E+20,5.97125E+21,1.06689E+16,5.38781E+16
513,1,0,54,144,2018,2,18,7,3,2,2,2,0,1,0,0,0,0,1,5.10985E+20,6.0467E+21,9.1699E+15,5.45677E+16
514,1,0,59,132,2018,2,7,2,2,4,6,2,0,1,0,0,0,1,2,5.16158E+20,6.05325E+21,9.25028E+15,5.46264E+16
515,1,0,2,0,2018,2,8,5,3,5,3,0,0,1,0,0,0,0,0,5.75554E+20,6.01943E+21,1.01615E+16,5.43172E+16
516,1,0,3,0,2018,1,13,5,3,2,6,0,0,1,0,0,0,0,0,6.09613E+20,5.96868E+21,1.06665E+16,5.3855E+16
517,1,0,54,125,2018,2,19,5,2,5,3,2,0,1,0,0,0,0,0,5.04264E+20,6.06441E+21,9.06621E+15,5.4727E+16
518,1,0,51,113,2018,1,7,3,3,5,3,2,0,0,0,1,1,0,1,4.99307E+20,6.00181E+21,8.98939E+15,5.41643E+16
519,1,0,56,24,2018,2,13,7,3,2,6,0,0,1,0,0,0,0,0,5.44179E+20,5.94566E+21,9.66851E+15,5.36578E+16
520,1,0,55,2,2018,2,6,3,3,2,6,2,0,1,0,0,0,0,2,6.1808E+20,6.00279E+21,1.08084E+16,5.41596E+16
521,1,0,3,0,2018,1,12,5,3,5,3,0,1,1,0,0,0,0,0,6.11403E+20,5.97105E+21,1.06946E+16,5.38759E+16
522,1,0,59,23,2018,2,12,4,2,8,7,0,0,1,0,0,0,0,0,5.26554E+20,6.03669E+21,9.4098E+15,5.44772E+16
523,1,0,58,102,2018,1,17,5,3,8,1,2,0,1,0,0,0,0,1,5.52351E+20,6.03131E+21,9.80693E+15,5.44268E+16
524,1,0,56,46,2018,2,1,2,3,9,1,2,0,1,0,0,0,0,2,5.47452E+20,5.95427E+21,9.71935E+15,5.37349E+16
525,1,0,60,8,2018,2,6,3,3,8,1,2,0,0,0,0,0,1,2,5.86025E+20,5.97128E+21,1.03087E+16,5.38828E+16
526,1,0,57,57,2018,1,5,5,3,5,3,2,0,1,0,0,0,0,1,5.92606E+20,6.00244E+21,1.04183E+16,5.41617E+16
527,1,0,58,135,2018,2,18,6,3,5,2,2,1,1,0,0,0,0,1,5.43559E+20,6.01698E+21,9.66933E+15,5.42988E+16
528,1,0,51,114,2018,1,17,3,2,9,1,2,0,1,0,0,0,0,1,5.17713E+20,6.00715E+21,9.2716E+15,5.42121E+16
529,1,0,61,46,2018,2,16,1,3,5,7,0,0,1,0,0,0,0,1,5.34837E+20,5.97431E+21,9.5304E+15,5.3916E+16
530,1,0,62,14,2018,2,15,4,3,2,6,0,0,1,0,0,0,0,0,5.82335E+20,5.95095E+21,1.02472E+16,5.37008E+16
531,1,0,2,0,2018,1,14,5,3,2,6,0,0,1,0,0,0,0,0,5.7211E+20,6.01974E+21,1.01086E+16,5.43204E+16
532,1,0,56,31,2018,1,12,4,3,5,3,0,0,1,0,0,0,0,1,5.45761E+20,5.95667E+21,9.69408E+15,5.37566E+16
533,1,0,2,0,2018,1,22,5,3,5,2,2,0,1,0,0,0,0,0,5.7445E+20,6.01768E+21,1.01441E+16,5.43016E+16
534,1,0,60,12,2018,2,15,5,3,2,2,0,0,1,0,0,0,0,1,5.8005E+20,5.99158E+21,1.02232E+16,5.40662E+16
535,1,0,61,6,2018,1,22,3,3,4,6,2,0,1,0,0,0,0,0,5.28738E+20,5.97015E+21,9.43715E+15,5.3879E+16
536,1,0,60,4,2018,2,11,6,3,2,6,0,0,1,0,0,0,0,0,5.61031E+20,5.9733E+21,9.92896E+15,5.39045E+16
537,1,0,54,76,2018,2,10,3,3,2,2,0,0,1,0,0,1,0,0,4.98518E+20,6.0691E+21,8.97696E+15,5.47691E+16
538,1,0,59,158,2018,1,11,5,3,2,6,0,0,1,0,0,0,0,0,5.12191E+20,6.06821E+21,9.18946E+15,5.4761E+16
539,1,0,56,15,2018,2,23,3,3,5,3,2,0,1,0,0,0,0,2,5.44266E+20,5.95621E+21,9.67134E+15,5.37526E+16
540,1,0,51,34,2018,1,8,4,3,5,2,0,0,1,0,0,0,0,0,4.9241E+20,5.98446E+21,8.88419E+15,5.40083E+16
541,1,0,3,0,2018,2,18,7,3,2,6,2,0,1,0,0,0,0,2,6.09926E+20,5.97147E+21,1.06723E+16,5.388E+16
542,1,0,4,0,2018,2,17,3,3,6,7,2,0,0,1,0,0,1,0,5.6497E+20,5.99181E+21,9.99285E+15,5.40704E+16
543,1,0,51,74,2018,1,7,4,3,5,2,2,0,1,0,0,0,1,1,5.04246E+20,5.99419E+21,9.06493E+15,5.40959E+16
544,1,0,62,65,2018,2,10,4,3,9,1,0,0,1,0,0,0,0,0,5.86996E+20,5.95833E+21,1.03198E+16,5.37664E+16
545,1,0,56,39,2018,1,13,4,3,5,3,0,1,1,0,0,0,0,0,5.51281E+20,5.94508E+21,9.77588E+15,5.3652E+16
546,1,0,58,48,2018,2,10,1,3,9,1,0,0,1,0,0,0,0,2,5.39901E+20,6.00318E+21,9.61128E+15,5.41752E+16
547,1,0,56,15,2018,2,6,2,3,6,2,2,0,1,1,0,0,0,0,5.43087E+20,5.95643E+21,9.65349E+15,5.37547E+16
548,1,0,56,18,2018,1,6,4,3,5,2,2,0,1,0,0,0,0,1,5.57378E+20,5.94254E+21,9.86764E+15,5.36285E+16
549,1,0,60,63,2018,2,5,5,3,5,3,2,0,1,0,0,0,1,0,5.68294E+20,5.94895E+21,1.00341E+16,5.36848E+16
550,1,0,61,29,2018,1,14,3,3,6,4,0,0,1,1,0,0,0,0,5.27664E+20,5.96024E+21,9.41992E+15,5.379E+16
551,1,0,56,15,2018,2,0,1,3,5,3,2,0,1,0,0,0,0,1,5.45154E+20,5.95656E+21,9.68485E+15,5.37558E+16
552,1,0,58,135,2018,2,17,4,3,5,3,1,0,1,0,0,0,0,0,5.44857E+20,6.01797E+21,9.68942E+15,5.43076E+16
553,1,0,60,2,2018,1,9,4,3,5,2,0,0,1,0,0,0,1,1,5.57665E+20,5.96018E+21,9.87526E+15,5.3787E+16
554,1,0,53,90,2018,1,18,4,3,2,2,2,0,1,0,0,0,0,1,6.12957E+20,5.94614E+21,1.07091E+16,5.36518E+16
555,1,0,56,36,2018,1,15,4,3,6,6,0,1,0,1,0,0,0,0,5.45922E+20,5.94611E+21,9.69495E+15,5.36618E+16
556,1,0,3,0,2018,2,13,5,3,5,2,0,1,1,0,0,0,0,0,6.07935E+20,5.96833E+21,1.06409E+16,5.38523E+16
557,1,0,62,60,2018,1,5,4,2,5,3,2,0,1,0,0,0,1,1,5.82837E+20,5.93363E+21,1.02502E+16,5.3545E+16
558,1,0,2,0,2018,2,10,6,3,0,1,0,0,0,0,1,0,0,1,5.70858E+20,6.02343E+21,1.00903E+16,5.43538E+16
559,1,0,60,44,2018,2,8,2,3,5,2,2,1,0,0,0,1,0,2,5.63063E+20,5.9658E+21,9.95833E+15,5.38369E+16
560,1,0,3,0,2018,1,18,4,3,2,6,2,0,1,0,0,0,0,0,6.11271E+20,5.9691E+21,1.06918E+16,5.38584E+16
561,1,0,62,22,2018,2,8,3,3,9,1,1,0,1,0,0,0,0,2,5.87562E+20,5.94129E+21,1.03236E+16,5.36131E+16
562,1,0,4,0,2018,1,15,4,3,5,3,0,1,1,0,0,0,0,0,5.64937E+20,5.99091E+21,9.99215E+15,5.40624E+16
563,1,0,60,68,2018,2,12,7,1,5,3,0,1,1,0,0,0,0,1,5.77895E+20,5.98121E+21,1.01876E+16,5.39734E+16
564,1,0,58,69,2018,2,11,2,3,9,1,0,0,1,0,0,0,0,2,5.53584E+20,6.02967E+21,9.82564E+15,5.44119E+16
565,1,0,62,90,2018,2,7,5,3,6,2,2,0,1,1,0,0,0,0,5.75712E+20,5.94833E+21,1.01462E+16,5.36782E+16
566,1,0,58,70,2018,1,2,4,2,9,1,2,0,1,0,0,0,0,1,5.34017E+20,6.00788E+21,9.52168E+15,5.42178E+16
567,1,0,3,0,2018,2,17,5,3,3,6,2,0,1,0,0,1,0,0,6.11299E+20,5.96832E+21,1.0692E+16,5.38515E+16
568,1,0,56,43,2018,2,3,1,3,3,6,2,0,1,0,0,1,0,1,5.56791E+20,5.94304E+21,9.85886E+15,5.36331E+16
569,1,0,3,0,2018,2,13,2,3,5,3,0,1,0,0,0,0,0,1,6.12515E+20,5.96947E+21,1.07109E+16,5.38615E+16
570,1,0,59,75,2018,2,13,6,3,5,3,0,1,1,0,0,0,0,0,5.35325E+20,6.04185E+21,9.54577E+15,5.4523E+16
571,1,0,58,43,2018,1,15,4,3,2,6,0,0,1,0,0,0,0,0,5.54012E+20,6.03424E+21,9.83307E+15,5.44529E+16
572,1,0,62,94,2018,2,6,5,3,0,1,2,1,0,0,0,0,0,2,5.99588E+20,5.96542E+21,1.05131E+16,5.38277E+16
573,1,0,51,74,2018,1,12,3,3,0,5,0,0,1,0,0,0,0,0,5.05552E+20,5.99342E+21,9.08488E+15,5.4089E+16
574,1,0,58,22,2018,2,15,1,3,2,6,0,0,1,0,0,0,0,1,5.66874E+20,6.00231E+21,1.00243E+16,5.41646E+16
575,1,0,59,75,2018,2,11,4,3,2,6,0,0,1,0,0,0,0,0,5.35254E+20,6.0412E+21,9.5446E+15,5.45172E+16
576,1,0,2,0,2018,1,16,4,3,2,6,0,0,1,0,0,0,0,0,5.73335E+20,6.02034E+21,1.01276E+16,5.43256E+16
577,1,0,4,0,2018,2,11,5,3,1,6,0,0,1,0,0,0,0,0,5.65046E+20,5.99346E+21,9.99436E+15,5.40853E+16
578,1,0,2,0,2018,1,16,4,3,5,3,0,0,1,0,0,0,0,1,5.7369E+20,6.0221E+21,1.01335E+16,5.43414E+16
579,1,0,3,0,2018,2,12,2,3,2,2,0,0,1,0,0,1,0,0,6.12348E+20,5.96784E+21,1.07078E+16,5.38469E+16
580,1,0,54,56,2018,1,17,4,3,0,7,2,1,0,1,0,0,0,1,5.03641E+20,6.03694E+21,9.0562E+15,5.44801E+16
581,1,0,55,21,2018,2,14,3,3,6,4,0,0,1,1,0,0,0,1,6.27946E+20,6.02622E+21,1.09694E+16,5.43677E+16