OBJECTID_1,ULAND,UREGBEZ,UKREIS,UGEMEINDE,UJAHR,UMONAT,USTUNDE,UWOCHENTAG,UKATEGORIE,UART,UTYP1,ULICHTVERH,IstRad,IstPKW,IstFuss,IstKrad,IstGkfz,IstSonstig,STRZUSTAND,LINREFX,LINREFY,XGCSWGS84,YGCSWGS84
582,1,0,53,126,2018,1,18,4,3,2,6,2,0,1,0,0,1,0,0,6.05868E+20,5.93531E+21,1.05982E+16,5.3556E+16
583,1,0,57,56,2018,2,17,7,3,9,1,2,0,1,0,0,0,0,2,5.8588E+20,6.02546E+21,1.03219E+16,5.43697E+16
584,1,0,57,21,2018,2,22,2,3,9,1,2,0,1,0,0,0,0,2,5.98891E+20,6.01728E+21,1.05194E+16,5.42938E+16
585,1,0,3,0,2018,2,16,5,3,2,2,0,0,1,0,0,0,0,1,6.09231E+20,5.97121E+21,1.06616E+16,5.38778E+16
586,1,0,51,81,2018,1,22,4,3,0,7,2,0,1,0,0,0,0,1,5.02982E+20,6.00487E+21,9.04571E+15,5.41919E+16
587,1,0,58,135,2018,2,13,5,3,5,3,0,0,1,0,0,0,0,0,5.42981E+20,6.01802E+21,9.6606E+15,5.43082E+16
588,1,0,53,43,2018,1,13,3,3,5,2,0,1,0,0,0,0,1,0,6.14363E+20,5.95924E+21,1.07352E+16,5.37692E+16
589,1,0,61,49,2018,2,11,7,3,5,3,0,0,1,0,0,0,0,0,5.48148E+20,5.97818E+21,9.73366E+15,5.39498E+16
590,1,0,60,44,2018,2,9,3,3,2,6,0,0,1,0,0,0,0,0,5.61753E+20,5.96686E+21,9.93864E+15,5.38466E+16
591,1,0,61,61,2018,1,15,3,3,3,2,0,0,1,0,0,1,0,1,5.38574E+20,5.97022E+21,9.58677E+15,5.3879E+16
592,1,0,53,90,2018,2,15,4,2,5,2,0,0,1,0,0,0,0,0,6.10907E+20,5.9426E+21,1.06768E+16,5.36204E+16
593,1,0,61,49,2018,1,14,3,3,2,3,0,1,1,0,0,0,0,1,5.45592E+20,5.9786E+21,9.69477E+15,5.39537E+16
594,1,0,53,60,2018,2,7,2,3,2,6,2,0,1,0,0,0,1,0,5.94072E+20,5.93547E+21,1.04202E+16,5.35596E+16
595,1,0,53,83,2018,1,19,3,3,6,7,2,0,1,1,0,0,0,0,6.03927E+20,5.91508E+21,1.05622E+16,5.33746E+16
596,1,0,59,45,2018,2,11,1,3,4,1,0,0,1,0,0,0,0,2,5.58702E+20,6.05877E+21,9.91029E+15,5.46729E+16
597,1,0,62,56,2018,2,7,4,3,3,6,1,0,1,0,0,0,0,1,5.90659E+20,5.9573E+21,1.03751E+16,5.37564E+16
598,1,0,56,15,2018,1,18,3,3,5,2,2,0,1,0,0,0,0,1,5.43679E+20,5.95878E+21,9.6628E+15,5.37758E+16
599,1,0,57,25,2018,2,19,5,3,8,1,2,0,1,0,0,0,0,1,5.77897E+20,6.02405E+21,1.01987E+16,5.43583E+16
600,1,0,60,4,2018,1,11,3,3,2,6,0,0,1,0,0,1,0,0,5.61657E+20,5.97328E+21,9.93848E+15,5.39043E+16
601,1,0,58,4,2018,2,18,2,2,2,6,2,0,1,0,0,0,0,1,5.59255E+20,6.03316E+21,9.9137E+15,5.44427E+16
602,1,0,60,85,2018,1,14,3,3,2,6,0,0,1,0,0,0,1,1,5.78722E+20,5.9644E+21,1.01959E+16,5.38222E+16
603,1,0,58,123,2018,2,14,3,3,9,7,0,0,1,0,0,0,0,0,5.48665E+20,6.03368E+21,9.75051E+15,5.44485E+16
604,1,0,56,39,2018,1,7,3,3,5,3,0,1,1,0,0,0,0,1,5.52285E+20,5.94519E+21,9.79108E+15,5.36528E+16
605,1,0,61,42,2018,2,8,6,3,2,6,0,0,1,0,0,0,0,1,5.40752E+20,5.9797E+21,9.62117E+15,5.3964E+16
606,1,0,53,75,2018,1,9,3,3,5,3,0,1,1,0,0,0,0,0,6.08307E+20,5.9602E+21,1.06437E+16,5.37791E+16
607,1,0,1,0,2018,2,9,2,3,2,6,0,0,1,0,0,0,0,1,5.31365E+20,6.07293E+21,9.48793E+15,5.48026E+16
608,1,0,62,4,2018,2,9,5,3,2,6,0,0,1,0,0,0,1,1,5.93314E+20,5.96054E+21,1.04163E+16,5.37851E+16
609,1,0,3,0,2018,1,15,3,3,5,3,0,1,1,0,0,0,0,0,6.09434E+20,5.97001E+21,1.06643E+16,5.3867E+16
610,1,0,1,0,2018,2,16,5,3,2,6,1,0,1,0,1,0,0,1,5.28157E+20,6.07111E+21,9.43785E+15,5.47864E+16
611,1,0,53,96,2018,1,18,3,2,5,2,2,0,1,0,0,0,0,0,6.04901E+20,5.94641E+21,1.05873E+16,5.36559E+16
612,1,0,56,49,2018,2,11,7,3,5,2,0,1,1,0,0,0,0,0,5.45008E+20,5.94915E+21,9.68156E+15,5.36891E+16
613,1,0,3,0,2018,2,22,3,3,8,7,2,0,0,0,0,1,0,0,6.19895E+20,5.97741E+21,1.08262E+16,5.39312E+16
614,1,0,55,40,2018,1,17,4,3,6,2,2,0,1,1,0,0,0,1,6.08414E+20,5.97217E+21,1.06495E+16,5.38867E+16
615,1,0,55,33,2018,1,15,3,3,2,6,0,0,1,0,0,0,1,0,6.22385E+20,6.01667E+21,1.088E+16,5.42833E+16
616,1,0,1,0,2018,2,16,4,3,8,1,0,0,1,0,0,0,0,0,5.2808E+20,6.06808E+21,9.43636E+15,5.47592E+16
617,1,0,55,28,2018,1,11,3,3,5,2,0,0,1,0,0,0,0,1,6.01756E+20,6.00338E+21,1.05587E+16,5.41684E+16
618,1,0,60,63,2018,2,16,1,3,5,3,1,0,1,0,0,0,0,1,5.65321E+20,5.94793E+21,9.98886E+15,5.3676E+16
619,1,0,51,27,2018,2,14,2,2,6,4,0,0,1,1,0,0,0,1,5.02876E+20,5.99049E+21,9.04395E+15,5.40626E+16
620,1,0,55,1,2018,1,16,3,3,2,6,1,0,1,0,0,0,1,1,6.02876E+20,5.98677E+21,1.05702E+16,5.40189E+16
621,1,0,58,28,2018,2,13,6,3,8,1,0,0,0,0,0,1,0,0,5.57206E+20,6.01888E+21,9.87936E+15,5.43146E+16
622,1,0,3,0,2018,1,11,3,3,5,2,0,1,1,0,0,0,0,0,6.11447E+20,5.97103E+21,1.06952E+16,5.38758E+16
623,1,0,54,68,2018,2,6,3,3,9,1,2,0,1,0,0,0,0,2,4.92698E+20,6.07463E+21,8.88637E+15,5.48188E+16
624,1,0,58,70,2018,1,15,3,2,5,3,0,0,1,0,1,0,0,1,5.33862E+20,6.00944E+21,9.51947E+15,5.42318E+16
625,1,0,55,7,2018,2,11,6,3,9,7,0,0,1,0,0,0,0,0,6.03753E+20,5.99379E+21,1.0586E+16,5.40818E+16
626,1,0,3,0,2018,1,5,3,3,5,2,2,0,1,0,1,0,0,0,6.09443E+20,5.96697E+21,1.06633E+16,5.38397E+16
627,1,0,53,12,2018,2,15,2,3,8,7,0,0,1,0,0,0,0,0,5.86271E+20,5.92404E+21,1.02993E+16,5.34583E+16
628,1,0,60,95,2018,2,13,4,3,8,1,0,0,1,0,0,0,0,0,5.55142E+20,5.97388E+21,9.83944E+15,5.39104E+16
629,1,0,2,0,2018,1,16,3,3,2,6,1,0,1,0,0,0,1,1,5.72771E+20,6.0234E+21,1.01197E+16,5.43532E+16
630,1,0,58,73,2018,2,22,5,3,9,1,2,0,1,0,0,0,0,1,5.50841E+20,6.0141E+21,9.78072E+15,5.42723E+16
631,1,0,2,0,2018,1,17,3,3,2,6,2,0,1,0,0,0,0,1,5.72647E+20,6.02228E+21,1.01175E+16,5.43431E+16
632,1,0,2,0,2018,1,8,3,3,0,1,0,0,0,0,1,0,0,1,5.73475E+20,6.02421E+21,1.01307E+16,5.43604E+16
633,1,0,2,0,2018,2,15,7,3,2,6,0,0,1,0,0,0,0,0,5.77423E+20,6.0209E+21,1.01906E+16,5.433E+16
634,1,0,2,0,2018,2,15,3,3,2,2,0,0,1,0,0,0,0,0,5.72949E+20,6.02103E+21,1.01218E+16,5.43319E+16
635,1,0,2,0,2018,1,11,3,2,1,5,0,0,1,0,0,1,0,1,5.77479E+20,6.01716E+21,1.01905E+16,5.42965E+16
636,1,0,61,17,2018,2,7,3,3,8,1,1,0,0,0,0,1,0,2,5.33403E+20,5.97309E+21,9.50843E+15,5.39051E+16
637,1,0,2,0,2018,1,18,3,3,2,6,1,0,1,0,0,0,0,1,5.72521E+20,6.02207E+21,1.01155E+16,5.43413E+16
638,1,0,1,0,2018,2,12,1,3,5,3,0,1,1,0,0,0,0,0,5.26671E+20,6.0701E+21,9.41464E+15,5.47774E+16
639,1,0,62,60,2018,1,16,4,3,4,6,1,0,1,0,0,0,0,1,5.84869E+20,5.93521E+21,1.02813E+16,5.35589E+16
640,1,0,3,0,2018,2,16,2,3,3,6,0,0,1,0,0,1,0,0,6.09498E+20,5.97137E+21,1.06657E+16,5.38792E+16
641,1,0,54,76,2018,1,15,3,3,5,3,0,0,1,0,0,0,0,0,4.98371E+20,6.06957E+21,8.97467E+15,5.47733E+16
642,1,0,60,39,2018,2,12,5,3,8,3,0,0,1,0,0,0,0,0,5.67939E+20,5.96109E+21,1.00314E+16,5.3794E+16
643,1,0,54,56,2018,1,19,3,3,5,3,2,0,1,0,0,0,0,0,5.06113E+20,6.03759E+21,9.09436E+15,5.44859E+16
644,1,0,53,110,2018,2,10,1,3,4,1,0,0,1,0,0,0,0,2,6.16296E+20,5.94747E+21,1.07601E+16,5.3663E+16
645,1,0,57,63,2018,2,18,4,2,5,2,2,1,1,0,0,0,0,1,5.83949E+20,6.02474E+21,1.0292E+16,5.43635E+16
646,1,0,54,22,2018,1,18,3,2,8,1,2,0,1,0,0,0,0,1,4.82505E+20,6.0639E+21,8.72837E+15,5.47221E+16
647,1,0,55,35,2018,2,12,5,3,5,3,0,0,1,0,0,0,0,0,6.1389E+20,5.97744E+21,1.07348E+16,5.39328E+16
648,1,0,60,63,2018,1,0,3,3,8,1,2,0,1,0,0,0,0,1,5.62415E+20,5.95001E+21,9.94529E+15,5.3695E+16
649,1,0,59,186,2018,1,14,3,3,5,3,0,0,1,0,0,0,1,0,5.48944E+20,6.06774E+21,9.76049E+15,5.47546E+16
650,1,0,59,185,2018,2,8,6,3,8,1,0,0,1,0,0,0,0,2,5.40083E+20,6.06147E+21,9.62197E+15,5.46989E+16
651,1,0,62,4,2018,2,11,2,2,5,3,0,1,1,0,0,0,0,1,5.93937E+20,5.96406E+21,1.04269E+16,5.38166E+16
652,1,0,60,85,2018,2,11,1,3,4,6,0,0,1,0,0,0,0,2,5.79215E+20,5.96363E+21,1.02032E+16,5.38152E+16
653,1,0,3,0,2018,2,9,4,3,2,6,0,0,1,0,0,0,0,0,6.11349E+20,5.971E+21,1.06937E+16,5.38755E+16
654,1,0,62,25,2018,1,19,3,3,8,1,2,0,1,0,0,0,0,1,6.05143E+20,5.96788E+21,1.05983E+16,5.38488E+16
655,1,0,62,76,2018,1,6,4,3,5,2,2,0,1,0,0,0,0,1,5.70372E+20,5.95574E+21,1.00671E+16,5.37455E+16
656,1,0,51,81,2018,1,22,3,1,8,1,2,0,1,0,0,0,0,1,5.03017E+20,6.00473E+21,9.04624E+15,5.41906E+16
657,1,0,60,63,2018,2,18,5,3,2,6,2,0,1,0,0,0,0,1,5.67472E+20,5.94898E+21,1.00216E+16,5.36852E+16
658,1,0,59,19,2018,1,13,3,3,5,3,0,0,1,0,0,0,0,0,5.31953E+20,6.03663E+21,9.49311E+15,5.44763E+16
659,1,0,60,44,2018,2,5,6,3,5,2,2,0,1,0,0,0,0,0,5.62221E+20,5.96638E+21,9.94567E+15,5.38422E+16
660,1,0,51,82,2018,2,13,2,3,9,1,0,0,1,0,0,0,0,1,5.12042E+20,6.00308E+21,9.18448E+15,5.41756E+16
661,1,0,51,69,2018,1,11,2,3,5,3,0,0,1,0,0,0,0,0,5.03822E+20,6.00486E+21,9.05857E+15,5.41918E+16
662,1,0,62,6,2018,2,12,3,3,5,3,0,0,1,0,0,1,0,1,5.83258E+20,5.95477E+21,1.02622E+16,5.37349E+16
663,1,0,60,63,2018,1,5,2,3,7,7,2,0,1,0,0,0,1,1,5.67341E+20,5.95104E+21,1.00201E+16,5.37037E+16
664,1,0,60,39,2018,2,12,1,3,8,1,0,0,1,0,0,0,0,2,5.612E+20,5.96204E+21,9.92928E+15,5.38033E+16
665,1,0,58,5,2018,2,5,2,3,5,2,0,0,1,0,0,0,0,1,5.73874E+20,6.02776E+21,1.01377E+16,5.43922E+16
666,1,0,56,28,2018,2,12,5,3,0,7,0,0,1,0,0,0,0,0,5.44655E+20,5.941E+21,9.67504E+15,5.36159E+16
667,1,0,53,108,2018,1,9,2,3,8,7,0,0,1,0,0,0,0,0,5.99127E+20,5.95029E+21,1.05012E+16,5.36919E+16
668,1,0,55,1,2018,2,21,5,3,9,7,2,0,1,0,0,0,0,1,6.01624E+20,5.98216E+21,1.05496E+16,5.39778E+16
669,1,0,54,95,2018,1,13,3,3,2,5,0,0,1,0,0,0,1,0,4.98606E+20,6.0244E+21,8.97854E+15,5.43674E+16
670,1,0,58,133,2018,2,9,1,3,9,1,0,0,1,0,0,0,0,2,5.69401E+20,6.00457E+21,1.00635E+16,5.41844E+16
671,1,0,1,0,2018,2,19,4,3,6,2,2,0,1,1,0,0,0,0,5.27613E+20,6.0706E+21,9.42933E+15,5.47818E+16
672,1,0,62,71,2018,1,22,2,3,8,1,2,0,1,0,0,0,0,1,5.80436E+20,5.94136E+21,1.02159E+16,5.36149E+16
673,1,0,58,70,2018,2,7,5,3,6,2,2,0,1,1,0,0,0,2,5.33834E+20,6.00851E+21,9.51894E+15,5.42234E+16
674,1,0,58,53,2018,1,16,2,3,2,6,1,0,1,0,0,0,0,1,5.68224E+20,6.01117E+21,1.0047E+16,5.42439E+16
675,1,0,3,0,2018,2,5,2,3,2,6,2,0,1,0,1,0,0,2,6.1222E+20,5.97093E+21,1.07069E+16,5.38747E+16
676,1,0,58,8,2018,1,6,2,3,9,1,2,0,1,0,0,0,0,1,5.45865E+20,6.03153E+21,9.707E+15,5.44294E+16
677,1,0,3,0,2018,2,11,3,3,2,6,0,0,1,0,0,0,1,0,6.12615E+20,5.97092E+21,1.07129E+16,5.38745E+16
678,1,0,58,127,2018,1,15,2,3,9,1,0,0,1,0,0,0,0,1,5.38949E+20,6.02633E+21,9.59971E+15,5.43833E+16
679,1,0,57,49,2018,2,10,7,3,7,7,0,0,1,0,0,0,0,1,5.83757E+20,6.02811E+21,1.029E+16,5.43939E+16
680,1,0,57,51,2018,2,11,2,3,5,2,0,1,1,0,0,0,0,2,5.7751E+20,6.02315E+21,1.01925E+16,5.43503E+16
681,1,0,2,0,2018,2,17,5,3,2,6,1,0,1,0,0,0,0,1,5.69476E+20,6.01784E+21,1.00677E+16,5.43037E+16
682,1,0,57,62,2018,1,17,2,3,5,3,2,0,1,0,1,0,0,1,5.84247E+20,6.01223E+21,1.02931E+16,5.42511E+16
683,1,0,55,7,2018,2,16,3,3,5,3,0,0,0,0,0,0,1,1,6.03097E+20,5.99434E+21,1.05762E+16,5.40869E+16
684,1,0,59,183,2018,1,6,2,3,4,6,2,0,1,0,0,0,0,2,5.2445E+20,6.06651E+21,9.37982E+15,5.47452E+16
685,1,0,62,60,2018,2,12,7,3,1,5,0,0,1,0,0,0,1,1,5.83112E+20,5.93009E+21,1.02534E+16,5.35131E+16
686,1,0,4,0,2018,2,16,2,3,5,2,0,1,1,0,0,0,0,1,5.63773E+20,5.99161E+21,9.97452E+15,5.40688E+16
687,1,0,62,4,2018,2,17,5,3,0,7,1,1,0,0,0,0,0,0,5.89175E+20,5.96222E+21,1.0354E+16,5.38009E+16
688,1,0,61,46,2018,1,18,1,3,5,3,2,0,1,0,0,0,1,1,5.33474E+20,5.97578E+21,9.5098E+15,5.39293E+16
689,1,0,58,43,2018,2,9,5,3,2,6,0,0,1,0,0,0,0,0,5.54706E+20,6.03494E+21,9.8439E+15,5.44591E+16
690,1,0,60,64,2018,1,22,3,3,2,7,2,0,1,0,0,0,0,0,5.61987E+20,5.96802E+21,9.94244E+15,5.3857E+16
691,1,0,62,23,2018,2,21,1,3,2,6,1,0,1,0,0,0,1,0,5.86654E+20,5.94858E+21,1.03119E+16,5.36788E+16
692,1,0,61,74,2018,2,15,3,3,5,3,0,0,1,0,0,0,1,0,5.37886E+20,5.95437E+21,9.57437E+15,5.37366E+16
693,1,0,51,36,2018,1,15,1,3,5,3,0,0,1,0,0,0,0,1,5.1387E+20,6.01394E+21,9.21299E+15,5.42732E+16
694,1,0,62,36,2018,2,9,4,2,1,5,0,0,1,0,0,0,0,1,5.78992E+20,5.95499E+21,1.01976E+16,5.37376E+16
695,1,0,60,4,2018,1,9,1,3,8,1,0,0,1,0,0,0,0,2,5.60793E+20,5.9762E+21,9.92592E+15,5.39306E+16
696,1,0,57,25,2018,1,15,4,3,5,3,0,0,1,0,0,0,0,1,5.78125E+20,6.02532E+21,1.02025E+16,5.43697E+16
697,1,0,2,0,2018,2,7,2,3,2,6,0,0,1,0,0,0,0,1,5.74867E+20,6.01742E+21,1.01504E+16,5.42992E+16
698,1,0,60,27,2018,1,7,1,2,9,1,2,0,1,0,0,0,0,2,5.63447E+20,5.97865E+21,9.96684E+15,5.39524E+16
699,1,0,2,0,2018,2,8,3,3,5,2,0,0,1,0,0,0,0,1,5.71262E+20,6.02258E+21,1.00963E+16,5.4346E+16
700,1,0,53,69,2018,1,5,1,3,9,1,2,0,1,0,0,0,0,2,6.02003E+20,5.94219E+21,1.05421E+16,5.36186E+16
701,1,0,60,43,2018,2,8,6,3,5,3,0,0,1,0,0,0,0,0,5.77285E+20,5.96386E+21,1.01739E+16,5.38175E+16
702,1,0,62,89,2018,1,14,3,3,2,6,0,0,1,0,0,0,0,0,5.89961E+20,5.95626E+21,1.03642E+16,5.37472E+16
703,1,0,1,0,2018,2,7,2,3,5,2,0,0,1,0,0,0,0,1,5.26212E+20,6.07235E+21,9.40771E+15,5.47976E+16
704,1,0,61,46,2018,2,10,4,3,5,2,0,0,1,0,0,0,0,1,5.33854E+20,5.97375E+21,9.51537E+15,5.39111E+16
705,1,0,62,6,2018,1,11,1,2,9,1,0,0,1,0,0,0,0,1,5.81694E+20,5.95333E+21,1.02381E+16,5.37223E+16
706,1,0,58,38,2018,2,19,5,3,2,6,2,0,1,0,0,0,0,0,5.625E+20,6.0041E+21,9.95766E+15,5.41812E+16
707,1,0,55,40,2018,1,0,1,3,5,3,2,0,1,0,0,0,0,1,6.08395E+20,5.9725E+21,1.06493E+16,5.38896E+16
708,1,0,62,9,2018,1,17,3,3,3,6,1,0,1,0,0,1,0,0,5.78147E+20,5.93555E+21,1.01799E+16,5.3563E+16
709,1,0,53,100,2018,2,20,7,3,5,3,2,0,1,0,1,0,0,1,6.1797E+20,5.95094E+21,1.07867E+16,5.36938E+16
710,1,0,58,43,2018,2,10,3,3,5,2,0,0,1,0,1,0,0,0,5.54136E+20,6.03446E+21,9.83502E+15,5.44549E+16
711,1,0,53,35,2018,1,22,1,3,2,6,2,0,1,0,0,0,0,1,6.1327E+20,5.93417E+21,1.07095E+16,5.35442E+16
712,1,0,51,130,2018,1,4,7,3,8,1,2,0,1,0,0,0,0,1,5.03315E+20,6.0078E+21,9.05084E+15,5.42182E+16
713,1,0,54,14,2018,2,1,5,3,9,1,2,0,1,0,0,0,0,1,5.00459E+20,6.05801E+21,9.00712E+15,5.46695E+16
714,1,0,60,48,2018,2,19,7,3,4,1,2,0,1,0,0,0,1,0,5.87017E+20,5.97461E+21,1.03248E+16,5.39126E+16
715,1,0,62,9,2018,2,14,3,3,2,6,0,0,1,0,0,0,0,0,5.76668E+20,5.93567E+21,1.01576E+16,5.35643E+16
716,1,0,60,28,2018,1,20,7,3,8,1,2,0,1,0,0,0,0,0,5.69251E+20,5.98684E+21,1.00571E+16,5.40252E+16
717,1,0,58,9,2018,2,16,4,3,5,3,0,0,1,0,0,0,0,0,5.50421E+20,5.99123E+21,9.77045E+15,5.40669E+16
718,1,0,56,50,2018,1,12,7,3,5,3,0,1,1,0,0,0,0,0,5.46878E+20,5.93855E+21,9.70828E+15,5.35937E+16
719,1,0,58,45,2018,2,1,2,3,9,1,2,0,1,0,0,0,0,2,5.57975E+20,6.00584E+21,9.88867E+15,5.41973E+16
720,1,0,60,24,2018,2,19,3,2,9,1,2,0,1,0,0,0,0,0,5.95593E+20,5.97595E+21,1.04557E+16,5.39231E+16
721,1,0,53,83,2018,1,12,7,3,5,2,0,0,1,0,0,0,0,1,6.02822E+20,5.91565E+21,1.05458E+16,5.33799E+16
722,1,0,58,59,2018,2,7,6,1,8,1,2,0,1,0,0,0,0,1,5.55983E+20,5.99926E+21,9.85691E+15,5.41384E+16
723,1,0,3,0,2018,2,19,2,3,0,1,2,0,1,0,0,0,0,2,6.04545E+20,5.96818E+21,1.05893E+16,5.38516E+16
724,1,0,62,90,2018,2,10,4,3,2,6,0,0,1,0,0,0,0,2,5.75979E+20,5.94849E+21,1.01503E+16,5.36796E+16
725,1,0,55,41,2018,1,21,7,3,4,6,2,0,1,0,0,0,0,0,6.08994E+20,5.99643E+21,1.0667E+16,5.41045E+16
726,1,0,2,0,2018,2,5,5,3,9,7,2,0,1,0,0,0,0,1,5.69393E+20,6.01855E+21,1.00666E+16,5.43101E+16
727,1,0,55,12,2018,1,16,7,3,5,2,1,0,1,0,0,0,1,0,6.02905E+20,5.99897E+21,1.05748E+16,5.41286E+16
728,1,0,51,38,2018,2,14,5,3,5,3,0,0,1,0,0,0,0,0,4.99112E+20,6.01785E+21,8.98635E+15,5.43085E+16
729,1,0,59,183,2018,2,10,7,3,9,1,0,0,1,0,0,0,0,1,5.20157E+20,6.06341E+21,9.31291E+15,5.47176E+16
730,1,0,54,167,2018,2,13,3,3,5,3,0,1,1,0,0,0,0,0,4.9616E+20,6.06552E+21,8.94035E+15,5.47369E+16
731,1,0,55,28,2018,1,18,7,1,6,4,2,0,1,1,0,0,0,0,6.01736E+20,6.00353E+21,1.05584E+16,5.41697E+16
732,1,0,56,10,2018,2,16,3,3,2,2,0,0,1,0,0,0,0,1,5.47459E+20,5.9659E+21,9.72125E+15,5.38395E+16
733,1,0,3,0,2018,1,15,7,3,5,3,0,1,1,0,0,0,0,0,6.09341E+20,5.97025E+21,1.06629E+16,5.38692E+16
734,1,0,55,35,2018,2,19,1,3,8,3,2,0,1,0,0,0,0,2,6.1345E+20,5.98491E+21,1.07308E+16,5.4E+16
735,1,0,3,0,2018,2,9,2,2,8,1,0,0,1,0,0,0,0,1,6.06451E+20,5.96975E+21,1.06188E+16,5.38653E+16
736,1,0,58,9,2018,1,22,7,3,5,3,2,0,1,0,0,0,1,1,5.47261E+20,5.99218E+21,9.72231E+15,5.40757E+16
737,1,0,55,15,2018,2,7,4,3,9,1,1,0,1,0,0,0,0,2,6.26774E+20,6.02411E+21,1.09505E+16,5.4349E+16
738,1,0,4,0,2018,1,14,7,3,5,2,0,0,1,0,0,0,0,0,5.63776E+20,5.99078E+21,9.97438E+15,5.40613E+16
739,1,0,4,0,2018,2,12,1,3,1,7,0,0,1,0,0,0,0,1,5.64645E+20,5.99266E+21,9.98807E+15,5.40781E+16
740,1,0,60,44,2018,2,21,2,3,8,1,2,0,1,0,0,0,0,2,5.62249E+20,5.96582E+21,9.94598E+15,5.38372E+16
741,1,0,58,23,2018,1,11,7,3,2,6,0,0,1,0,0,0,0,1,5.56975E+20,6.00311E+21,9.87282E+15,5.41729E+16
742,1,0,51,84,2018,2,11,5,2,5,3,0,0,1,0,0,1,0,1,4.93523E+20,6.00121E+21,8.90081E+15,5.41589E+16
743,1,0,60,14,2018,2,12,1,3,9,1,0,0,1,0,0,0,0,2,5.715E+20,5.977E+21,1.00891E+16,5.39365E+16
744,1,0,4,0,2018,2,8,4,3,5,3,0,1,0,0,0,0,1,0,5.65861E+20,5.99415E+21,1.0007E+16,5.40913E+16
745,1,0,2,0,2018,1,13,7,3,2,6,0,0,1,0,0,0,0,1,5.72179E+20,6.01902E+21,1.01095E+16,5.4314E+16
746,1,0,62,60,2018,1,7,4,3,6,4,2,0,1,1,0,0,0,1,5.8175E+20,5.92981E+21,1.02328E+16,5.35108E+16
747,1,0,54,88,2018,1,18,7,3,9,1,2,0,1,0,0,0,0,1,4.86559E+20,6.07408E+21,8.79085E+15,5.48137E+16
748,1,0,3,0,2018,2,17,5,3,2,6,2,0,1,0,0,0,0,1,6.12354E+20,5.97203E+21,1.07094E+16,5.38845E+16
749,1,0,55,37,2018,1,7,7,3,7,7,2,0,1,0,0,0,1,1,6.19896E+20,5.99977E+21,1.0835E+16,5.41321E+16
750,1,0,55,40,2018,2,16,6,3,5,2,0,0,1,0,0,0,0,0,6.07301E+20,5.97709E+21,1.06343E+16,5.39311E+16
751,1,0,60,4,2018,2,12,2,3,5,3,0,1,1,0,0,0,0,0,5.57454E+20,5.97535E+21,9.8749E+15,5.39234E+16
752,1,0,58,98,2018,1,8,7,2,8,1,0,0,0,0,0,0,1,1,5.6294E+20,6.00005E+21,9.96355E+15,5.41447E+16
753,1,0,53,123,2018,2,6,3,3,4,1,2,0,1,0,0,0,0,2,6.19583E+20,5.9467E+21,1.08095E+16,5.36554E+16
754,1,0,60,39,2018,1,18,6,3,0,2,2,0,1,1,0,0,0,1,5.64453E+20,5.95934E+21,9.97811E+15,5.37786E+16
755,1,0,51,82,2018,2,20,7,3,8,1,2,0,1,0,0,0,0,1,5.0972E+20,6.00021E+21,9.14882E+15,5.41499E+16
756,1,0,58,135,2018,2,15,2,3,2,6,0,0,1,0,0,0,0,1,5.42516E+20,6.01677E+21,9.65328E+15,5.4297E+16
757,1,0,53,32,2018,2,6,5,3,3,6,2,0,1,0,0,0,0,1,5.91059E+20,5.92176E+21,1.03708E+16,5.3437E+16
758,1,0,60,11,2018,1,3,6,3,8,1,2,0,0,0,1,0,0,2,5.66769E+20,5.98653E+21,1.00192E+16,5.40227E+16
759,1,0,55,40,2018,2,6,5,3,9,1,2,0,1,0,0,0,0,2,6.0712E+20,5.98004E+21,1.06326E+16,5.39577E+16
760,1,0,55,33,2018,1,11,4,2,5,2,0,0,1,0,0,0,1,1,6.22818E+20,6.0188E+21,1.08875E+16,5.43023E+16
761,1,0,59,183,2018,2,12,1,3,5,3,0,0,1,0,0,0,1,2,5.22938E+20,6.06371E+21,9.3561E+15,5.47201E+16
762,1,0,62,9,2018,2,18,4,3,2,6,2,0,1,0,0,1,0,0,5.7991E+20,5.93494E+21,1.02063E+16,5.35573E+16
763,1,0,60,4,2018,1,14,6,3,2,6,0,0,1,0,0,0,0,1,5.57961E+20,5.97352E+21,9.88227E+15,5.39069E+16
764,1,0,2,0,2018,2,15,5,3,0,1,0,0,0,0,1,0,0,1,5.73653E+20,6.02261E+21,1.01331E+16,5.4346E+16
765,1,0,56,41,2018,2,18,5,3,5,3,2,0,1,0,0,0,0,1,5.60722E+20,5.95609E+21,9.92085E+15,5.37499E+16
766,1,0,55,43,2018,2,12,1,3,9,1,0,0,1,0,0,0,0,2,6.13959E+20,6.01154E+21,1.07486E+16,5.42391E+16
767,1,0,54,76,2018,2,23,4,3,0,4,2,0,1,1,0,0,0,0,4.98714E+20,6.06861E+21,8.98001E+15,5.47647E+16
768,1,0,60,4,2018,1,16,6,3,5,3,0,0,1,0,0,0,0,1,5.61437E+20,5.97329E+21,9.93514E+15,5.39044E+16
769,1,0,4,0,2018,2,18,5,3,5,2,2,0,1,0,0,0,0,1,5.63516E+20,5.98905E+21,9.97006E+15,5.40458E+16
770,1,0,53,32,2018,1,16,6,3,2,6,1,0,1,0,0,0,1,1,5.9121E+20,5.92172E+21,1.0373E+16,5.34366E+16
771,1,0,53,32,2018,2,19,2,3,1,5,2,0,1,0,0,1,0,0,5.92385E+20,5.92224E+21,1.03909E+16,5.34411E+16
772,1,0,54,56,2018,1,7,6,3,0,2,2,1,1,0,0,0,0,2,5.05254E+20,6.03606E+21,9.08107E+15,5.44722E+16
773,1,0,3,0,2018,2,12,3,3,4,3,0,1,1,0,0,0,0,2,6.11459E+20,5.97103E+21,1.06954E+16,5.38758E+16
774,1,0,54,167,2018,1,3,6,3,8,1,2,0,1,0,0,0,0,2,4.97187E+20,6.06328E+21,8.95634E+15,5.47168E+16