OBJECTID_1,ULAND,UREGBEZ,UKREIS,UGEMEINDE,UJAHR,UMONAT,USTUNDE,UWOCHENTAG,UKATEGORIE,UART,UTYP1,ULICHTVERH,IstRad,IstPKW,IstFuss,IstKrad,IstGkfz,IstSonstig,STRZUSTAND,LINREFX,LINREFY,XGCSWGS84,YGCSWGS84
775,1,0,2,0,2018,2,23,7,3,5,2,2,0,1,0,0,0,0,2,5.73234E+20,6.01845E+21,1.01256E+16,5.43087E+16
776,1,0,58,26,2018,2,11,2,3,9,1,0,0,1,0,0,0,0,2,5.5311E+20,6.02027E+21,9.81666E+15,5.43275E+16
777,1,0,55,16,2018,2,10,5,2,5,3,0,0,1,0,0,0,1,0,6.28934E+20,6.00512E+21,1.09755E+16,5.41779E+16
778,1,0,54,168,2018,1,9,6,3,0,7,0,1,0,0,0,0,0,2,4.55793E+20,6.08441E+21,8.31055E+15,5.49047E+16
779,1,0,58,135,2018,2,13,5,3,3,6,0,1,1,0,0,0,0,0,5.43546E+20,6.01724E+21,9.66917E+15,5.43012E+16
780,1,0,61,93,2018,2,18,7,1,9,1,2,0,1,0,0,0,0,1,5.47738E+20,5.98194E+21,9.72799E+15,5.39836E+16
781,1,0,56,16,2018,2,18,3,3,5,3,2,1,1,0,0,0,0,0,5.41744E+20,5.95138E+21,9.63243E+15,5.37094E+16
782,1,0,54,22,2018,1,3,6,3,9,1,2,0,0,0,0,1,0,2,4.82775E+20,6.06645E+21,8.73242E+15,5.4745E+16
783,1,0,53,32,2018,2,18,4,3,2,6,2,0,1,0,0,0,0,0,5.91999E+20,5.92164E+21,1.03849E+16,5.34358E+16
784,1,0,59,184,2018,1,13,6,3,5,3,0,0,1,0,0,0,0,1,5.28223E+20,6.06214E+21,9.438E+15,5.47058E+16
785,1,0,54,79,2018,1,12,4,3,5,3,0,0,1,0,0,0,0,1,5.1131E+20,6.05269E+21,9.17516E+15,5.46216E+16
786,1,0,1,0,2018,2,15,2,3,3,2,0,0,1,0,0,1,0,0,5.27257E+20,6.06947E+21,9.4237E+15,5.47717E+16
787,1,0,59,75,2018,1,9,6,3,2,2,0,0,1,0,0,0,0,2,5.35704E+20,6.04182E+21,9.55163E+15,5.45227E+16
788,1,0,54,99,2018,2,16,3,3,8,6,0,0,1,0,1,0,0,1,5.14984E+20,6.0351E+21,9.23117E+15,5.44633E+16
789,1,0,3,0,2018,2,13,6,3,5,2,0,1,1,0,0,0,0,1,6.1166E+20,5.96979E+21,1.0698E+16,5.38646E+16
790,1,0,60,7,2018,3,17,6,2,5,3,0,0,1,0,0,0,0,1,5.71703E+20,5.97519E+21,1.00918E+16,5.39202E+16
791,1,0,53,89,2018,2,14,3,3,2,6,0,0,1,0,0,1,0,2,5.95815E+20,5.93569E+21,1.04466E+16,5.35613E+16
792,1,0,55,28,2018,3,7,5,3,4,1,0,0,1,0,0,0,0,2,6.04101E+20,6.00528E+21,1.05953E+16,5.4185E+16
793,1,0,58,58,2018,3,14,1,2,4,6,0,0,1,0,0,0,0,0,5.62942E+20,6.03085E+21,9.97007E+15,5.44215E+16
794,1,0,2,0,2018,2,15,1,3,0,1,0,0,0,0,1,0,0,2,5.70941E+20,6.02309E+21,1.00915E+16,5.43507E+16
795,1,0,3,0,2018,3,19,4,2,5,3,2,0,1,0,1,0,0,1,6.12722E+20,5.97009E+21,1.07143E+16,5.3867E+16
796,1,0,55,35,2018,3,7,2,3,8,1,0,0,0,0,0,0,1,2,6.1471E+20,5.97907E+21,1.07478E+16,5.39473E+16
797,1,0,58,78,2018,3,15,1,3,8,1,0,0,1,0,0,0,0,0,5.34376E+20,6.01744E+21,9.52829E+15,5.43037E+16
798,1,0,55,12,2018,3,10,3,3,5,3,0,0,1,0,0,0,0,0,6.04426E+20,5.99841E+21,1.05979E+16,5.41232E+16
799,1,0,3,0,2018,3,13,5,3,2,6,0,0,1,0,0,0,0,1,6.14958E+20,5.97344E+21,1.07495E+16,5.38966E+16
800,1,0,58,153,2018,2,14,1,3,9,1,0,0,1,0,0,0,0,2,5.6433E+20,6.00716E+21,9.98634E+15,5.42084E+16
801,1,0,3,0,2018,3,16,5,3,2,6,0,0,1,0,0,0,1,2,6.1003E+20,5.97148E+21,1.06738E+16,5.38801E+16
802,1,0,3,0,2018,3,19,6,3,5,2,2,0,1,0,0,0,0,0,6.10781E+20,5.96779E+21,1.06839E+16,5.38468E+16
803,1,0,58,144,2018,2,16,1,3,3,6,0,0,1,0,0,0,0,1,5.62876E+20,6.00211E+21,9.96299E+15,5.41632E+16
804,1,0,3,0,2018,3,18,1,3,5,2,0,0,1,0,0,0,0,0,6.10148E+20,5.96993E+21,1.06751E+16,5.38662E+16
805,1,0,62,94,2018,2,10,1,3,8,1,0,0,1,0,0,0,0,2,6.00323E+20,5.96466E+21,1.0524E+16,5.38208E+16
806,1,0,55,40,2018,3,5,5,2,5,2,2,0,1,0,0,0,0,2,6.07769E+20,5.97421E+21,1.06404E+16,5.39051E+16
807,1,0,62,90,2018,2,8,3,3,2,6,0,0,1,0,0,0,0,2,5.77888E+20,5.9502E+21,1.01796E+16,5.36947E+16
808,1,0,60,47,2018,3,19,3,3,5,3,2,0,0,0,1,0,1,1,5.6648E+20,5.96298E+21,1.00096E+16,5.38111E+16
809,1,0,51,69,2018,2,12,7,3,2,6,0,0,1,0,0,0,0,0,5.04787E+20,6.00502E+21,9.07337E+15,5.41932E+16
810,1,0,59,184,2018,3,17,6,3,2,2,1,0,1,0,0,0,0,1,5.28604E+20,6.06367E+21,9.44407E+15,5.47195E+16
811,1,0,58,146,2018,3,8,3,3,2,6,0,0,1,0,0,0,0,0,5.48976E+20,6.01764E+21,9.75266E+15,5.43043E+16
812,1,0,60,44,2018,3,9,2,3,5,2,0,1,1,0,0,0,0,0,5.63672E+20,5.96591E+21,9.96761E+15,5.38378E+16
813,1,0,62,76,2018,3,12,5,3,4,1,0,0,1,0,0,0,0,1,5.7338E+20,5.95299E+21,1.0112E+16,5.37204E+16
814,1,0,58,139,2018,3,16,5,3,3,6,0,0,1,0,0,0,1,1,5.66523E+20,6.01057E+21,1.00207E+16,5.42388E+16
815,1,0,60,65,2018,3,11,7,3,8,7,0,0,1,0,0,0,0,1,5.76775E+20,5.96414E+21,1.01663E+16,5.38201E+16
816,1,0,56,29,2018,2,4,7,3,9,1,2,0,1,0,0,0,0,0,5.4274E+20,5.95341E+21,9.64781E+15,5.37276E+16
817,1,0,51,74,2018,3,11,3,3,2,2,0,0,1,0,0,0,0,0,5.0404E+20,5.99439E+21,9.06177E+15,5.40976E+16
818,1,0,3,0,2018,3,2,7,3,1,7,2,0,1,0,0,0,0,1,6.12704E+20,5.97092E+21,1.07143E+16,5.38745E+16
819,1,0,60,87,2018,3,21,7,3,7,7,2,0,1,0,0,0,0,0,5.82828E+20,5.98885E+21,1.02649E+16,5.40412E+16
820,1,0,2,0,2018,3,16,3,3,2,6,0,0,1,0,0,0,0,0,5.71526E+20,6.02344E+21,1.01006E+16,5.43538E+16
821,1,0,60,27,2018,2,0,7,3,0,1,2,0,1,0,0,0,0,2,5.65426E+20,5.98312E+21,9.99794E+15,5.39923E+16
822,1,0,53,81,2018,2,14,4,3,8,1,0,0,1,0,0,0,0,2,6.11402E+20,5.94687E+21,1.06858E+16,5.36587E+16
823,1,0,62,18,2018,3,18,5,3,2,6,1,0,1,0,0,0,0,0,5.81211E+20,5.93221E+21,1.02253E+16,5.35325E+16
824,1,0,3,0,2018,2,22,7,3,8,1,2,1,0,0,0,0,0,0,6.2273E+20,5.98134E+21,1.08709E+16,5.39658E+16
825,1,0,3,0,2018,3,5,7,3,5,3,1,1,1,0,0,0,0,0,6.09715E+20,5.97126E+21,1.0669E+16,5.38782E+16
826,1,0,4,0,2018,2,17,7,3,5,3,0,1,1,0,0,0,0,0,5.62847E+20,5.99181E+21,9.96041E+15,5.40707E+16
827,1,0,62,60,2018,3,14,4,3,2,6,0,0,1,0,0,0,0,1,5.81517E+20,5.93502E+21,1.02306E+16,5.35577E+16
828,1,0,53,104,2018,3,16,7,3,9,1,0,0,1,0,0,0,0,2,6.07976E+20,5.93293E+21,1.06292E+16,5.35342E+16
829,1,0,54,56,2018,2,21,3,3,8,6,2,0,1,0,0,0,0,2,5.03435E+20,6.03575E+21,9.05299E+15,5.44694E+16
830,1,0,59,121,2018,3,12,5,2,5,2,0,0,1,0,0,0,0,2,5.61257E+20,6.06339E+21,9.95087E+15,5.47141E+16
831,1,0,2,0,2018,3,8,6,3,5,2,0,1,1,0,0,0,0,0,5.7358E+20,6.02158E+21,1.01317E+16,5.43368E+16
832,1,0,4,0,2018,2,18,7,3,5,2,2,0,1,0,1,0,0,0,5.64701E+20,5.99492E+21,9.9894E+15,5.40984E+16
833,1,0,51,138,2018,3,3,7,3,9,1,2,0,1,0,0,0,0,1,5.15376E+20,5.99618E+21,9.23521E+15,5.41135E+16
834,1,0,59,58,2018,2,16,7,3,5,6,0,0,1,0,0,0,0,0,5.25997E+20,6.02152E+21,9.39987E+15,5.43408E+16
835,1,0,59,183,2018,3,17,5,2,5,3,1,0,1,0,0,0,0,1,5.23168E+20,6.06415E+21,9.35972E+15,5.47241E+16
836,1,0,60,7,2018,2,19,2,2,4,6,2,0,1,0,0,0,0,1,5.76588E+20,5.97528E+21,1.01662E+16,5.39203E+16
837,1,0,4,0,2018,2,9,3,3,1,5,0,0,1,0,0,0,0,0,5.61369E+20,5.99158E+21,9.93778E+15,5.40688E+16
838,1,0,62,92,2018,2,16,2,3,5,3,0,0,1,0,0,0,0,2,5.87242E+20,5.96848E+21,1.03264E+16,5.38574E+16
839,1,0,51,97,2018,3,17,2,2,8,7,0,0,1,0,0,0,0,1,5.08887E+20,5.98338E+21,9.13558E+15,5.39986E+16
840,1,0,59,109,2018,2,12,7,2,8,1,0,0,1,0,0,0,0,2,5.50976E+20,6.06436E+21,9.79148E+15,5.47239E+16
841,1,0,53,100,2018,3,12,5,3,2,6,0,0,1,0,0,0,0,1,6.15458E+20,5.95151E+21,1.07489E+16,5.36995E+16
842,1,0,56,49,2018,3,8,2,3,0,1,0,1,0,0,0,0,0,2,5.45197E+20,5.94919E+21,9.68444E+15,5.36895E+16
843,1,0,55,37,2018,3,12,2,3,2,6,0,0,1,0,1,0,0,0,6.20746E+20,5.99936E+21,1.08478E+16,5.41282E+16
844,1,0,53,113,2018,3,6,5,3,4,1,0,0,1,0,0,0,0,2,6.00085E+20,5.93891E+21,1.05121E+16,5.35894E+16
845,1,0,51,113,2018,3,16,4,2,9,1,0,0,1,0,0,0,0,1,4.98232E+20,6.00163E+21,8.97293E+15,5.41627E+16
846,1,0,61,46,2018,3,10,6,3,6,4,0,0,1,1,0,0,0,0,5.32729E+20,5.97607E+21,9.49849E+15,5.3932E+16
847,1,0,54,113,2018,2,15,7,3,8,1,0,0,1,0,0,0,0,0,4.7797E+20,6.01726E+21,8.66145E+15,5.43028E+16
848,1,0,53,129,2018,3,16,3,3,9,7,0,0,1,0,0,0,0,0,5.84274E+20,5.92738E+21,1.02702E+16,5.34886E+16
849,1,0,51,34,2018,3,12,6,3,5,3,0,0,1,0,0,0,0,0,4.95213E+20,5.98381E+21,8.92697E+15,5.40026E+16
850,1,0,4,0,2018,3,16,7,3,6,7,0,0,0,1,1,0,0,1,5.63919E+20,5.99193E+21,9.97681E+15,5.40716E+16
851,1,0,62,4,2018,3,10,3,3,0,7,0,0,0,0,0,0,1,0,5.93396E+20,5.96044E+21,1.04175E+16,5.37842E+16
852,1,0,54,109,2018,2,0,7,3,9,1,2,0,1,0,0,0,0,2,4.91259E+20,6.06936E+21,8.86412E+15,5.47714E+16
853,1,0,55,44,2018,2,5,4,3,8,7,2,0,1,0,0,0,0,2,6.07603E+20,5.98687E+21,1.06424E+16,5.40188E+16
854,1,0,58,65,2018,3,20,5,3,1,5,2,0,1,0,0,0,0,0,5.56502E+20,6.00949E+21,9.86678E+15,5.42302E+16
855,1,0,60,39,2018,2,11,6,3,5,2,0,1,1,0,0,0,0,1,5.64564E+20,5.9606E+21,9.98005E+15,5.379E+16
856,1,0,54,76,2018,3,10,7,3,5,3,0,0,1,0,0,0,0,1,4.99105E+20,6.07019E+21,8.98608E+15,5.47789E+16
857,1,0,3,0,2018,3,7,4,3,0,3,0,1,1,0,0,0,0,2,6.11398E+20,5.97105E+21,1.06945E+16,5.3876E+16
858,1,0,3,0,2018,3,11,7,3,5,2,0,1,1,0,0,0,0,0,6.09655E+20,5.96966E+21,1.06675E+16,5.38639E+16
859,1,0,54,146,2018,2,18,3,3,9,1,2,0,0,0,0,0,1,2,5.01766E+20,6.05293E+21,9.02736E+15,5.46238E+16
860,1,0,2,0,2018,3,17,2,3,5,2,1,1,1,0,0,0,0,0,5.73578E+20,6.02158E+21,1.01317E+16,5.43367E+16
861,1,0,60,68,2018,2,11,6,3,2,6,0,0,1,0,0,0,0,0,5.76456E+20,5.98591E+21,1.01669E+16,5.40158E+16
862,1,0,2,0,2018,3,15,5,3,5,3,0,1,1,0,0,0,0,0,5.72366E+20,6.02011E+21,1.01127E+16,5.43237E+16
863,1,0,58,135,2018,3,17,2,3,5,3,0,1,1,0,0,0,0,0,5.42139E+20,6.01796E+21,9.64765E+15,5.43078E+16
864,1,0,60,63,2018,3,10,2,2,8,7,0,0,0,0,0,1,0,0,5.62357E+20,5.94814E+21,9.94405E+15,5.36782E+16
865,1,0,61,12,2018,3,17,3,3,5,3,0,0,1,0,0,0,0,0,5.28095E+20,5.9627E+21,9.42669E+15,5.38121E+16
866,1,0,55,2,2018,3,16,6,3,2,6,0,0,1,0,0,0,0,0,6.17142E+20,5.99848E+21,1.07924E+16,5.41211E+16
867,1,0,60,43,2018,2,15,6,3,2,2,0,0,1,0,0,0,0,0,5.76219E+20,5.9627E+21,1.01575E+16,5.38073E+16
868,1,0,57,62,2018,3,17,3,2,5,3,0,1,1,0,0,0,0,0,5.83465E+20,6.01091E+21,1.02807E+16,5.42394E+16
869,1,0,3,0,2018,3,16,2,3,2,6,0,0,1,0,0,0,0,1,6.10282E+20,5.9715E+21,1.06777E+16,5.38802E+16
870,1,0,62,1,2018,2,13,6,3,3,6,0,0,1,0,0,0,0,0,5.82163E+20,5.94794E+21,1.02438E+16,5.36737E+16
871,1,0,3,0,2018,3,7,5,3,8,1,0,0,1,0,0,0,0,1,6.15023E+20,5.97333E+21,1.07505E+16,5.38957E+16
872,1,0,55,41,2018,3,6,2,3,8,1,1,0,1,0,0,0,0,2,6.07069E+20,5.99266E+21,1.06363E+16,5.4071E+16
873,1,0,2,0,2018,3,6,2,3,0,3,1,1,0,0,1,0,0,2,5.73842E+20,6.01949E+21,1.01352E+16,5.43179E+16
874,1,0,62,94,2018,3,15,5,3,5,3,0,0,1,0,0,0,1,1,6.00952E+20,5.96569E+21,1.05339E+16,5.383E+16
875,1,0,54,105,2018,3,17,4,3,9,1,0,0,1,0,0,0,0,0,5.11041E+20,6.02896E+21,9.1701E+15,5.44083E+16
876,1,0,3,0,2018,3,8,6,3,5,3,0,1,1,0,0,0,0,1,6.10238E+20,5.96798E+21,1.06757E+16,5.38486E+16
877,1,0,53,68,2018,2,12,6,3,5,3,0,0,1,0,1,0,0,0,6.02048E+20,5.95428E+21,1.05468E+16,5.37272E+16
878,1,0,58,117,2018,3,12,3,3,9,1,0,0,1,0,0,0,0,0,5.53887E+20,6.00297E+21,9.8255E+15,5.4172E+16
879,1,0,55,35,2018,3,9,6,3,8,7,0,0,1,0,0,0,0,2,6.15302E+20,5.98011E+21,1.07573E+16,5.39565E+16
880,1,0,58,150,2018,3,10,7,3,2,6,0,0,1,0,0,0,1,2,5.70865E+20,6.03522E+21,1.00932E+16,5.44597E+16
881,1,0,62,4,2018,2,9,6,3,4,7,0,0,1,0,0,0,0,0,5.8901E+20,5.96211E+21,1.03515E+16,5.37999E+16
882,1,0,56,50,2018,3,18,2,3,0,1,0,1,0,0,0,0,0,0,5.46431E+20,5.93757E+21,9.70138E+15,5.35849E+16
883,1,0,3,0,2018,2,7,6,3,2,6,0,0,1,0,0,0,0,1,6.12837E+20,5.96647E+21,1.07147E+16,5.38345E+16
884,1,0,58,12,2018,2,13,4,2,4,1,0,0,1,0,0,0,1,2,5.54073E+20,6.04027E+21,9.83511E+15,5.45071E+16
885,1,0,51,110,2018,3,21,4,3,1,5,2,0,1,0,0,0,0,0,5.13771E+20,5.98911E+21,9.21033E+15,5.40501E+16
886,1,0,3,0,2018,2,13,6,3,6,4,0,0,1,1,0,0,0,0,6.10094E+20,5.97067E+21,1.06745E+16,5.38728E+16
887,1,0,56,5,2018,3,7,6,3,5,3,1,1,1,0,0,0,0,1,5.59833E+20,5.94651E+21,9.90553E+15,5.36639E+16
888,1,0,62,27,2018,3,9,4,3,3,6,0,0,0,0,0,1,0,1,5.8811E+20,5.95275E+21,1.03351E+16,5.3716E+16
889,1,0,53,56,2018,3,15,7,3,9,1,0,0,0,0,0,0,1,2,6.10644E+20,5.93493E+21,1.06701E+16,5.35516E+16
890,1,0,60,81,2018,2,7,3,2,2,6,0,0,1,0,0,0,0,2,5.97692E+20,5.97613E+21,1.04877E+16,5.39244E+16
891,1,0,56,43,2018,3,20,1,3,5,3,2,1,1,0,0,0,0,1,5.54405E+20,5.94542E+21,9.82319E+15,5.36547E+16
892,1,0,4,0,2018,2,9,6,3,5,2,0,1,1,0,0,0,0,0,5.65208E+20,5.99128E+21,9.99637E+15,5.40656E+16
893,1,0,60,40,2018,3,13,4,2,5,3,0,0,1,0,0,0,0,1,5.54841E+20,5.97579E+21,9.83519E+15,5.39276E+16
894,1,0,61,46,2018,3,5,2,3,8,1,2,0,1,0,0,0,0,2,5.31503E+20,5.97539E+21,9.47975E+15,5.39259E+16
895,1,0,53,32,2018,3,17,1,3,2,6,0,0,1,0,0,0,0,0,5.92301E+20,5.92E+21,1.0389E+16,5.3421E+16
896,1,0,53,92,2018,3,7,3,1,4,6,0,0,1,0,0,1,0,0,6.01078E+20,5.92746E+21,1.05234E+16,5.34864E+16
897,1,0,56,39,2018,3,19,5,3,5,2,2,1,1,0,0,0,0,1,5.525E+20,5.9443E+21,9.79418E+15,5.36448E+16
898,1,0,58,165,2018,2,13,6,3,8,1,0,0,1,0,0,0,0,0,5.6708E+20,6.02686E+21,1.00329E+16,5.43851E+16
899,1,0,62,6,2018,3,11,5,3,0,7,0,0,0,0,0,0,1,0,5.83478E+20,5.95341E+21,1.02651E+16,5.37226E+16
900,1,0,51,87,2018,3,16,6,3,2,2,0,0,1,0,0,0,0,0,5.07928E+20,6.00776E+21,9.12158E+15,5.42178E+16
901,1,0,2,0,2018,2,23,6,3,9,1,2,0,1,0,0,0,0,0,5.76163E+20,6.01713E+21,1.01703E+16,5.42964E+16
902,1,0,60,4,2018,3,20,1,2,8,1,0,0,1,0,0,0,0,0,5.59286E+20,5.97454E+21,9.90265E+15,5.39159E+16
903,1,0,57,77,2018,2,5,6,2,4,6,2,0,1,0,0,0,0,1,5.9183E+20,6.01657E+21,1.04108E+16,5.42888E+16
904,1,0,53,14,2018,2,7,3,3,4,1,0,0,1,0,0,0,0,2,6.06806E+20,5.94009E+21,1.0614E+16,5.35987E+16
905,1,0,59,171,2018,3,10,4,3,5,3,0,0,1,0,0,0,0,0,5.24787E+20,6.05872E+21,9.38438E+15,5.46753E+16
906,1,0,57,37,2018,2,13,6,3,2,6,0,0,1,0,0,0,0,0,5.74729E+20,6.00942E+21,1.01463E+16,5.42273E+16
907,1,0,59,8,2018,3,20,6,2,4,1,2,0,1,0,0,0,0,2,5.38031E+20,6.05207E+21,9.5889E+15,5.46147E+16
908,1,0,59,53,2018,3,12,7,3,2,6,0,0,1,0,0,0,0,2,5.34557E+20,6.03188E+21,9.53275E+15,5.44334E+16
909,1,0,2,0,2018,2,6,6,3,3,6,2,1,1,0,0,0,0,0,5.76357E+20,6.01731E+21,1.01733E+16,5.42979E+16
910,1,0,3,0,2018,3,21,2,3,5,2,2,1,1,0,0,0,0,0,6.10674E+20,5.96826E+21,1.06825E+16,5.3851E+16
911,1,0,57,50,2018,2,19,6,2,2,6,1,0,1,0,0,0,0,0,5.91255E+20,6.01663E+21,1.04019E+16,5.42894E+16
912,1,0,59,57,2018,2,6,4,3,8,1,2,0,1,0,0,0,0,2,5.30219E+20,6.04491E+21,9.46721E+15,5.45508E+16
913,1,0,58,135,2018,3,6,4,3,5,2,1,1,1,0,0,0,0,0,5.43171E+20,6.01655E+21,9.66331E+15,5.4295E+16
914,1,0,2,0,2018,2,7,6,3,5,2,0,1,1,0,0,0,0,0,5.74065E+20,6.01831E+21,1.01383E+16,5.43073E+16
915,1,0,55,27,2018,3,15,6,3,8,1,0,0,1,0,0,0,0,0,6.20778E+20,6.00798E+21,1.08518E+16,5.42056E+16
916,1,0,53,32,2018,3,9,3,3,2,6,0,0,1,0,0,0,0,0,5.9124E+20,5.92172E+21,1.03735E+16,5.34366E+16
917,1,0,55,18,2018,3,0,6,3,9,1,2,0,1,0,0,0,0,0,6.31979E+20,6.01083E+21,1.10247E+16,5.42285E+16
918,1,0,3,0,2018,2,13,3,3,2,6,0,0,1,0,0,1,1,2,6.05292E+20,5.96838E+21,1.06007E+16,5.38532E+16
919,1,0,2,0,2018,3,16,5,3,2,6,0,0,1,0,0,0,0,2,5.72392E+20,6.02179E+21,1.01135E+16,5.43388E+16
920,1,0,53,123,2018,2,6,2,3,8,1,1,0,1,0,0,0,0,2,6.21011E+20,5.945E+21,1.08304E+16,5.36398E+16
921,1,0,2,0,2018,3,15,1,3,5,1,0,1,1,0,0,0,0,0,5.74379E+20,6.0201E+21,1.01436E+16,5.43234E+16
922,1,0,54,99,2018,2,15,6,3,0,7,0,1,0,0,0,0,0,0,5.15885E+20,6.03484E+21,9.24504E+15,5.44609E+16
923,1,0,58,63,2018,3,15,4,3,2,2,0,0,1,0,0,0,0,1,5.66423E+20,6.00907E+21,1.00189E+16,5.42253E+16
924,1,0,53,110,2018,3,0,1,2,8,1,2,0,1,0,0,0,0,0,6.16943E+20,5.94819E+21,1.07701E+16,5.36693E+16
925,1,0,59,161,2018,3,10,1,3,5,3,0,0,1,0,0,0,0,0,5.43411E+20,6.06424E+21,9.67401E+15,5.47236E+16
926,1,0,55,37,2018,3,7,3,3,5,3,0,0,1,0,0,0,0,0,6.20744E+20,5.99972E+21,1.0848E+16,5.41314E+16
927,1,0,59,120,2018,2,16,6,3,2,6,0,0,1,0,0,0,0,0,5.23829E+20,6.07256E+21,9.37066E+15,5.47997E+16
928,1,0,4,0,2018,3,20,5,3,5,3,2,0,1,0,0,0,0,0,5.65034E+20,5.9927E+21,9.99402E+15,5.40784E+16
929,1,0,58,9,2018,3,10,6,3,2,2,0,0,1,0,0,0,0,0,5.51235E+20,5.99298E+21,9.78317E+15,5.40825E+16
930,1,0,58,128,2018,2,10,6,3,2,7,0,0,1,0,0,1,0,0,5.60825E+20,5.98902E+21,9.92896E+15,5.40458E+16
931,1,0,59,183,2018,3,18,1,2,8,1,0,0,0,0,1,0,0,0,5.20699E+20,6.0675E+21,9.32162E+15,5.47543E+16
932,1,0,58,98,2018,2,11,6,2,3,6,0,0,1,0,0,1,0,0,5.62929E+20,6.00012E+21,9.96339E+15,5.41453E+16
933,1,0,57,16,2018,3,16,5,3,4,6,0,0,1,0,0,0,0,0,5.83776E+20,6.01883E+21,1.02877E+16,5.43104E+16
934,1,0,53,135,2018,2,11,2,3,8,1,0,0,1,0,0,0,0,2,5.93807E+20,5.92564E+21,1.04133E+16,5.34714E+16
935,1,0,55,4,2018,2,13,3,3,9,1,0,0,0,0,0,1,0,2,6.10643E+20,5.97451E+21,1.06843E+16,5.39072E+16
936,1,0,3,0,2018,2,2,2,3,4,1,2,0,1,0,0,0,1,2,6.05524E+20,5.97213E+21,1.06055E+16,5.38869E+16
937,1,0,55,39,2018,3,7,3,3,8,1,0,0,1,0,0,0,0,1,6.16202E+20,5.9954E+21,1.07768E+16,5.40937E+16
938,1,0,4,0,2018,2,14,6,3,2,6,0,0,1,0,0,0,0,0,5.6196E+20,5.99672E+21,9.94786E+15,5.41149E+16
939,1,0,53,60,2018,3,15,6,3,3,6,0,0,1,0,0,0,0,0,5.94583E+20,5.93547E+21,1.04279E+16,5.35596E+16
940,1,0,51,48,2018,3,16,2,3,5,3,0,1,1,0,0,0,0,1,5.05178E+20,6.00081E+21,9.07928E+15,5.41554E+16
941,1,0,56,14,2018,3,9,2,2,2,6,0,0,0,0,0,1,1,0,5.49638E+20,5.95315E+21,9.75232E+15,5.37246E+16
942,1,0,60,54,2018,3,8,5,3,8,1,0,0,1,0,0,1,1,2,5.58684E+20,5.97061E+21,9.89273E+15,5.38807E+16
943,1,0,4,0,2018,3,11,5,3,2,6,0,0,1,0,0,0,0,1,5.61109E+20,5.99479E+21,9.93446E+15,5.40977E+16
944,1,0,3,0,2018,3,4,7,3,9,7,2,0,1,0,0,0,0,0,6.15891E+20,5.97103E+21,1.07628E+16,5.38748E+16
945,1,0,61,41,2018,2,19,5,3,4,6,2,0,1,0,0,1,0,1,5.43466E+20,5.96664E+21,9.66067E+15,5.38464E+16
946,1,0,56,48,2018,3,13,3,3,2,2,0,0,1,0,1,0,0,0,5.47402E+20,5.95018E+21,9.71797E+15,5.36982E+16
947,1,0,54,73,2018,3,3,7,3,8,1,2,0,1,0,0,0,0,2,5.02522E+20,6.07871E+21,9.03929E+15,5.48555E+16
948,1,0,59,75,2018,3,20,6,3,2,6,2,0,1,0,0,0,0,1,5.35352E+20,6.04046E+21,9.54602E+15,5.45105E+16
949,1,0,56,48,2018,2,12,2,3,2,6,0,0,1,0,0,0,0,1,5.49809E+20,5.95223E+21,9.75475E+15,5.37163E+16
950,1,0,2,0,2018,3,11,3,3,5,3,0,0,1,0,0,0,1,0,5.73364E+20,6.02117E+21,1.01283E+16,5.43331E+16
951,1,0,62,61,2018,3,18,3,3,2,6,0,0,1,0,0,0,0,0,5.99345E+20,5.96458E+21,1.05091E+16,5.38203E+16
952,1,0,53,43,2018,3,8,6,3,2,6,0,0,1,0,0,1,0,1,6.14897E+20,5.96167E+21,1.07442E+16,5.37909E+16
953,1,0,59,164,2018,3,13,5,3,9,1,0,0,1,0,0,0,0,1,5.51691E+20,6.06874E+21,9.80336E+15,5.47632E+16
954,1,0,51,129,2018,3,0,7,3,9,1,2,0,1,0,0,0,0,2,4.9509E+20,6.0128E+21,8.92463E+15,5.42632E+16
955,1,0,55,4,2018,2,10,5,3,2,6,0,0,1,0,0,0,0,0,6.10971E+20,5.97445E+21,1.06892E+16,5.39066E+16
956,1,0,62,23,2018,3,9,4,1,2,6,0,0,0,0,0,1,1,0,5.8484E+20,5.94489E+21,1.02835E+16,5.36459E+16
957,1,0,55,44,2018,3,3,7,3,8,1,2,0,1,0,0,0,0,0,6.13178E+20,5.99122E+21,1.0729E+16,5.40568E+16
958,1,0,56,42,2018,3,23,7,2,8,1,2,0,0,0,0,0,1,0,5.40616E+20,5.95552E+21,9.61589E+15,5.37467E+16
959,1,0,4,0,2018,3,16,3,3,5,2,0,0,1,0,0,0,0,0,5.641E+20,5.99198E+21,9.9796E+15,5.4072E+16
960,1,0,55,12,2018,2,18,5,3,5,3,2,0,1,0,0,0,0,0,6.03817E+20,6.00012E+21,1.05891E+16,5.41387E+16
961,1,0,60,63,2018,2,17,4,3,9,1,0,0,1,1,0,0,0,0,5.68707E+20,5.94953E+21,1.00405E+16,5.369E+16
962,1,0,57,27,2018,3,5,6,3,5,3,2,0,1,0,1,0,0,0,6.05269E+20,6.01275E+21,1.06158E+16,5.42518E+16
963,1,0,3,0,2018,2,12,5,3,2,6,0,0,1,0,0,0,0,1,6.09181E+20,5.97016E+21,1.06605E+16,5.38684E+16
964,1,0,56,40,2018,3,4,7,3,8,1,2,0,1,0,0,0,0,0,5.49434E+20,5.9484E+21,9.74847E+15,5.3682E+16
965,1,0,3,0,2018,2,22,5,3,5,3,2,0,1,0,0,0,0,0,6.06195E+20,5.97001E+21,1.0615E+16,5.38677E+16
966,1,0,51,4,2018,3,14,4,3,8,6,0,0,1,0,0,0,0,1,5.11054E+20,5.99437E+21,9.16903E+15,5.40974E+16
967,1,0,62,6,2018,2,16,2,2,4,6,0,0,1,0,0,0,0,2,5.82561E+20,5.95298E+21,1.02511E+16,5.3719E+16