OBJECTID_1,ULAND,UREGBEZ,UKREIS,UGEMEINDE,UJAHR,UMONAT,USTUNDE,UWOCHENTAG,UKATEGORIE,UART,UTYP1,ULICHTVERH,IstRad,IstPKW,IstFuss,IstKrad,IstGkfz,IstSonstig,STRZUSTAND,LINREFX,LINREFY,XGCSWGS84,YGCSWGS84
1160,1,0,57,1,2018,3,19,7,3,9,1,2,0,1,0,0,0,0,2,5.87075E+20,5.99967E+21,1.03328E+16,5.41378E+16
1161,1,0,53,31,2018,2,14,3,3,2,6,0,0,1,0,0,1,0,2,6.0117E+20,5.9365E+21,1.05277E+16,5.35676E+16
1162,1,0,56,41,2018,3,16,1,3,5,2,0,0,1,0,0,0,0,0,5.59534E+20,5.95297E+21,9.90224E+15,5.3722E+16
1163,1,0,4,0,2018,2,16,3,2,5,3,0,0,1,0,0,0,1,0,5.63341E+20,5.98868E+21,9.9673E+15,5.40424E+16
1164,1,0,51,132,2018,3,13,4,3,2,2,0,0,1,0,0,0,1,0,4.91997E+20,6.00014E+21,8.87747E+15,5.41493E+16
1165,1,0,62,9,2018,3,14,2,3,2,6,0,0,1,0,0,1,0,0,5.78764E+20,5.93606E+21,1.01893E+16,5.35675E+16
1166,1,0,56,20,2018,3,13,1,3,8,1,0,0,1,0,0,0,0,0,5.4053E+20,5.94517E+21,9.61324E+15,5.36537E+16
1167,1,0,60,68,2018,3,19,3,3,2,6,0,0,1,0,0,1,0,0,5.76252E+20,5.98585E+21,1.01637E+16,5.40153E+16
1168,1,0,56,5,2018,3,13,5,3,2,6,0,0,1,0,0,0,0,0,5.5976E+20,5.94668E+21,9.90445E+15,5.36654E+16
1169,1,0,2,0,2018,2,20,3,3,5,7,2,0,1,0,0,0,1,0,5.73767E+20,6.0206E+21,1.01343E+16,5.43279E+16
1170,1,0,60,19,2018,3,7,5,3,6,2,0,0,1,1,0,0,0,2,5.60688E+20,5.95698E+21,9.92052E+15,5.37579E+16
1171,1,0,58,30,2018,3,10,7,3,2,6,0,0,1,0,0,0,0,2,5.39224E+20,6.03054E+21,9.60451E+15,5.4421E+16
1172,1,0,54,109,2018,2,8,3,3,8,7,0,0,1,0,0,0,0,1,4.94716E+20,6.06918E+21,8.91786E+15,5.47698E+16
1173,1,0,2,0,2018,3,20,2,2,6,4,2,0,1,1,0,0,0,0,5.74118E+20,6.01871E+21,1.01392E+16,5.43109E+16
1174,1,0,59,73,2018,2,14,3,3,2,6,0,0,1,0,0,0,0,0,5.40538E+20,6.04575E+21,9.62684E+15,5.45576E+16
1175,1,0,60,5,2018,2,15,3,3,2,6,0,0,1,0,0,0,0,0,5.85302E+20,5.97782E+21,1.02996E+16,5.39417E+16
1176,1,0,60,63,2018,2,14,2,2,2,6,0,0,0,0,0,1,0,1,5.62271E+20,5.94774E+21,9.94266E+15,5.36747E+16
1177,1,0,54,56,2018,3,7,4,3,0,7,0,1,1,0,0,0,0,0,5.04675E+20,6.03647E+21,9.07214E+15,5.44759E+16
1178,1,0,59,75,2018,2,8,3,3,1,6,0,0,1,0,0,0,0,0,5.35803E+20,6.03905E+21,9.55281E+15,5.44978E+16
1179,1,0,1,0,2018,3,8,6,3,9,7,0,1,0,0,0,0,0,1,5.25783E+20,6.06784E+21,9.40065E+15,5.47571E+16
1180,1,0,58,9,2018,3,10,3,3,4,6,0,0,1,0,0,0,1,0,5.46305E+20,5.99257E+21,9.70776E+15,5.40792E+16
1181,1,0,59,75,2018,3,17,3,3,5,2,0,1,1,0,0,0,0,0,5.37177E+20,6.04291E+21,9.57451E+15,5.45323E+16
1182,1,0,53,43,2018,3,7,6,2,8,7,0,0,1,0,0,0,0,1,6.15147E+20,5.96167E+21,1.0748E+16,5.37909E+16
1183,1,0,59,75,2018,3,12,5,3,6,2,0,0,1,1,0,0,0,1,5.36293E+20,6.04208E+21,9.56075E+15,5.4525E+16
1184,1,0,60,64,2018,3,17,1,2,2,6,0,0,1,0,0,0,0,0,5.62012E+20,5.96809E+21,9.94283E+15,5.38576E+16
1185,1,0,1,0,2018,2,12,3,3,5,2,0,0,1,0,0,0,0,0,5.26932E+20,6.07384E+21,9.41905E+15,5.4811E+16
1186,1,0,54,109,2018,2,8,4,3,8,1,0,0,1,0,0,0,0,2,4.94663E+20,6.06914E+21,8.91705E+15,5.47694E+16
1187,1,0,56,39,2018,2,10,2,3,2,6,0,0,1,0,0,0,0,1,5.52637E+20,5.94808E+21,9.7969E+15,5.36788E+16
1188,1,0,62,20,2018,3,6,4,3,2,6,0,0,1,0,0,0,0,0,5.92184E+20,5.93846E+21,1.03926E+16,5.35869E+16
1189,1,0,56,46,2018,2,17,3,2,2,6,0,0,1,0,0,0,1,0,5.47416E+20,5.95436E+21,9.71882E+15,5.37357E+16
1190,1,0,3,0,2018,3,12,6,3,5,3,0,1,1,0,0,0,0,0,6.10683E+20,5.96824E+21,1.06826E+16,5.38509E+16
1191,1,0,62,93,2018,3,17,3,3,7,7,0,0,1,0,0,0,0,1,5.94786E+20,5.96812E+21,1.0441E+16,5.3853E+16
1192,1,0,62,60,2018,3,16,6,2,5,3,0,1,1,0,0,0,0,0,5.81097E+20,5.92996E+21,1.0223E+16,5.35124E+16
1193,1,0,53,89,2018,2,13,3,3,2,6,0,0,1,0,0,1,0,2,5.97704E+20,5.9362E+21,1.04753E+16,5.35655E+16
1194,1,0,55,12,2018,3,5,5,3,8,1,2,0,1,0,0,0,0,2,6.0352E+20,5.99843E+21,1.0584E+16,5.41236E+16
1195,1,0,2,0,2018,3,8,1,3,2,6,0,0,1,0,0,0,0,1,5.7405E+20,6.01974E+21,1.01385E+16,5.43202E+16
1196,1,0,62,9,2018,2,6,3,3,3,6,0,0,1,0,0,1,0,0,5.76966E+20,5.93534E+21,1.0162E+16,5.35613E+16
1197,1,0,3,0,2018,3,21,4,3,5,2,2,1,1,0,0,0,0,0,6.11248E+20,5.96911E+21,1.06915E+16,5.38585E+16
1198,1,0,62,60,2018,3,12,1,3,5,3,0,1,1,0,0,0,0,0,5.82697E+20,5.93437E+21,1.02483E+16,5.35517E+16
1199,1,0,4,0,2018,3,12,1,3,5,3,0,0,1,0,0,0,0,0,5.62662E+20,5.99179E+21,9.95758E+15,5.40705E+16
1200,1,0,55,17,2018,3,4,3,1,4,6,2,0,1,0,0,0,0,1,6.33425E+20,6.02665E+21,1.10539E+16,5.43702E+16
1201,1,0,51,10,2018,2,11,2,3,9,1,0,0,1,0,0,0,0,1,5.15715E+20,5.98431E+21,9.23979E+15,5.40068E+16
1202,1,0,58,67,2018,3,6,5,3,8,1,1,0,1,0,0,0,0,2,5.43659E+20,6.03607E+21,9.67367E+15,5.44704E+16
1203,1,0,62,81,2018,2,17,2,3,3,6,0,0,0,0,0,1,1,1,5.8707E+20,5.95564E+21,1.03202E+16,5.37421E+16
1204,1,0,3,0,2018,3,15,6,3,5,3,0,1,1,0,0,0,0,0,6.10523E+20,5.96811E+21,1.06801E+16,5.38497E+16
1205,1,0,56,50,2018,2,13,2,2,2,6,0,0,1,0,0,0,0,0,5.47742E+20,5.93742E+21,9.72116E+15,5.35834E+16
1206,1,0,58,107,2018,3,17,1,3,0,1,0,0,0,0,1,0,0,0,5.69975E+20,6.01433E+21,1.00746E+16,5.42721E+16
1207,1,0,56,39,2018,2,14,2,3,5,3,0,1,1,0,0,0,0,0,5.52543E+20,5.94628E+21,9.79517E+15,5.36627E+16
1208,1,0,2,0,2018,3,18,5,3,1,5,2,1,1,0,0,0,0,1,5.73342E+20,6.02039E+21,1.01277E+16,5.43261E+16
1209,1,0,55,1,2018,2,14,3,2,9,1,0,0,1,0,0,0,0,2,6.02125E+20,5.98949E+21,1.05597E+16,5.40435E+16
1210,1,0,62,89,2018,2,9,2,3,3,6,0,0,1,0,0,1,0,2,5.89437E+20,5.95522E+21,1.0356E+16,5.37379E+16
1211,1,0,2,0,2018,3,15,3,3,2,6,0,0,1,0,0,0,0,1,5.73312E+20,6.02267E+21,1.01278E+16,5.43466E+16
1212,1,0,56,39,2018,2,7,2,3,0,1,1,1,0,0,0,0,0,1,5.52437E+20,5.94634E+21,9.79358E+15,5.36632E+16
1213,1,0,59,57,2018,3,15,6,2,3,6,0,0,1,0,0,0,1,0,5.3023E+20,6.04496E+21,9.46737E+15,5.45513E+16
1214,1,0,56,48,2018,2,12,2,3,2,6,0,0,1,0,0,0,0,1,5.49778E+20,5.9522E+21,9.75428E+15,5.37161E+16
1215,1,0,53,46,2018,3,18,3,3,2,6,1,0,1,0,0,1,0,0,6.17143E+20,5.93268E+21,1.07673E+16,5.35299E+16
1216,1,0,56,10,2018,3,11,2,3,5,2,0,0,1,0,0,0,0,0,5.4726E+20,5.96621E+21,9.71827E+15,5.38423E+16
1217,1,0,60,52,2018,3,6,5,3,4,1,2,0,1,0,0,0,0,2,5.70099E+20,5.98262E+21,1.00691E+16,5.39871E+16
1218,1,0,59,77,2018,3,3,5,3,8,1,2,0,0,0,0,1,0,2,5.32052E+20,6.041E+21,9.49512E+15,5.45156E+16
1219,1,0,60,88,2018,3,22,7,3,9,1,2,0,1,0,0,0,0,0,5.74754E+20,5.97137E+21,1.01373E+16,5.38854E+16
1220,1,0,53,68,2018,2,15,2,2,5,2,0,0,1,0,0,0,0,0,6.02049E+20,5.95429E+21,1.05468E+16,5.37272E+16
1221,1,0,56,49,2018,3,16,3,3,4,6,0,1,0,0,0,0,0,0,5.44516E+20,5.94921E+21,9.67412E+15,5.36897E+16
1222,1,0,1,0,2018,3,19,7,3,2,6,2,0,1,0,0,0,0,0,5.29639E+20,6.06927E+21,9.46071E+15,5.47698E+16
1223,1,0,53,20,2018,3,17,7,3,5,2,0,0,1,0,1,0,0,0,6.05164E+20,5.92831E+21,1.05852E+16,5.34933E+16
1224,1,0,54,144,2018,3,5,3,3,2,6,2,0,1,0,0,0,0,0,5.10474E+20,6.04523E+21,9.16195E+15,5.45545E+16
1225,1,0,53,32,2018,2,11,2,3,5,3,0,1,1,0,0,0,0,0,5.90539E+20,5.92248E+21,1.03632E+16,5.34436E+16
1226,1,0,53,100,2018,2,2,4,2,8,1,2,0,1,0,0,0,0,2,6.14246E+20,5.9493E+21,1.07297E+16,5.36799E+16
1227,1,0,51,75,2018,2,7,1,3,9,1,1,0,1,0,0,0,0,2,5.02855E+20,6.00793E+21,9.04378E+15,5.42194E+16
1228,1,0,59,18,2018,3,16,4,3,2,6,0,0,1,0,0,0,0,0,5.34689E+20,6.03722E+21,9.5354E+15,5.44814E+16
1229,1,0,62,18,2018,3,10,7,3,2,3,0,0,1,0,0,0,0,2,5.81401E+20,5.93214E+21,1.02281E+16,5.35319E+16
1230,1,0,56,5,2018,3,10,7,3,5,2,0,0,1,0,0,0,0,0,5.59795E+20,5.9481E+21,9.90526E+15,5.36782E+16
1231,1,0,4,0,2018,3,7,3,3,2,6,0,0,1,0,0,0,0,0,5.65919E+20,5.99194E+21,1.00074E+16,5.40715E+16
1232,1,0,3,0,2018,2,11,2,3,2,6,0,0,1,0,0,0,1,0,6.11044E+20,5.96832E+21,1.06881E+16,5.38515E+16
1233,1,0,61,46,2018,2,12,4,3,5,2,0,0,1,0,0,0,0,0,5.3534E+20,5.97602E+21,9.53825E+15,5.39313E+16
1234,1,0,53,123,2018,2,13,1,3,2,6,0,0,1,0,0,0,0,2,6.20989E+20,5.94503E+21,1.08301E+16,5.36401E+16
1235,1,0,2,0,2018,3,7,6,3,5,3,0,0,1,0,0,0,0,0,5.74101E+20,6.02785E+21,1.01413E+16,5.4393E+16
1236,1,0,3,0,2018,2,5,2,3,5,2,1,0,1,0,0,0,0,0,6.09609E+20,5.9706E+21,1.06671E+16,5.38723E+16
1237,1,0,60,36,2018,3,14,7,3,2,6,0,0,1,0,0,0,0,0,5.63651E+20,5.97296E+21,9.96876E+15,5.39012E+16
1238,1,0,55,6,2018,2,7,2,3,8,1,0,0,1,0,0,0,0,2,6.22427E+20,6.00732E+21,1.08768E+16,5.41993E+16
1239,1,0,62,71,2018,3,16,5,1,9,7,0,0,1,0,0,0,0,0,5.80073E+20,5.94028E+21,1.02102E+16,5.36052E+16
1240,1,0,58,135,2018,2,11,3,2,6,4,0,0,1,1,0,0,0,1,5.43727E+20,6.0175E+21,9.67199E+15,5.43035E+16
1241,1,0,53,36,2018,2,20,1,3,0,1,2,0,1,0,0,0,0,2,6.01314E+20,5.93091E+21,1.0528E+16,5.35174E+16
1242,1,0,60,63,2018,3,14,2,3,2,6,0,0,1,0,0,0,0,0,5.67044E+20,5.95078E+21,1.00156E+16,5.37014E+16
1243,1,0,55,44,2018,2,13,2,3,2,6,0,0,1,0,0,0,0,0,6.13822E+20,5.99077E+21,1.07387E+16,5.40526E+16
1244,1,0,55,4,2018,3,4,5,2,5,3,2,0,0,0,1,0,1,1,6.11453E+20,5.97605E+21,1.06971E+16,5.39208E+16
1245,1,0,56,15,2018,3,11,2,3,2,6,0,0,1,0,0,0,1,1,5.44986E+20,5.95588E+21,9.6822E+15,5.37496E+16
1246,1,0,3,0,2018,3,1,2,3,9,1,2,0,1,0,0,0,0,1,6.1099E+20,5.96829E+21,1.06873E+16,5.38513E+16
1247,1,0,62,6,2018,3,17,5,3,5,2,0,1,1,0,0,0,0,1,5.83081E+20,5.95405E+21,1.02593E+16,5.37285E+16
1248,1,0,60,39,2018,3,14,4,3,3,6,0,1,1,0,0,0,0,1,5.64769E+20,5.96144E+21,9.98335E+15,5.37975E+16
1249,1,0,61,4,2018,3,18,6,3,6,4,2,0,1,1,0,0,0,1,5.40939E+20,5.95785E+21,9.6211E+15,5.37676E+16
1250,1,0,58,135,2018,2,15,2,3,3,6,0,0,1,0,0,0,0,0,5.43446E+20,6.01762E+21,9.66768E+15,5.43046E+16
1251,1,0,62,82,2018,3,7,3,3,0,7,0,0,1,0,0,0,1,0,5.93379E+20,5.94081E+21,1.04114E+16,5.36078E+16
1252,1,0,60,85,2018,2,21,2,3,5,3,2,0,1,0,0,0,0,2,5.78539E+20,5.96464E+21,1.01932E+16,5.38243E+16
1253,1,0,51,44,2018,3,17,6,3,5,3,0,1,1,0,0,0,0,0,5.06585E+20,6.00599E+21,9.10094E+15,5.42019E+16
1254,1,0,58,102,2018,3,11,7,3,2,6,0,0,1,0,0,0,0,2,5.52248E+20,6.03106E+21,9.8053E+15,5.44246E+16
1255,1,0,62,27,2018,3,17,3,3,2,6,0,0,1,0,0,1,0,0,5.8811E+20,5.95275E+21,1.03351E+16,5.3716E+16
1256,1,0,2,0,2018,2,6,2,3,5,3,0,0,1,0,0,0,0,0,5.73311E+20,6.02357E+21,1.0128E+16,5.43547E+16
1257,1,0,55,43,2018,2,9,4,3,9,7,0,0,0,0,0,1,0,0,6.12669E+20,6.01801E+21,1.07313E+16,5.42975E+16
1258,1,0,53,120,2018,2,17,1,3,4,6,1,0,1,0,0,0,1,2,6.05249E+20,5.95565E+21,1.05957E+16,5.37388E+16
1259,1,0,2,0,2018,3,6,5,3,5,2,0,1,1,0,0,0,0,0,5.72813E+20,6.01808E+21,1.0119E+16,5.43055E+16
1260,1,0,2,0,2018,2,13,2,3,5,2,0,1,1,0,0,0,0,0,5.76048E+20,6.02829E+21,1.01714E+16,5.43967E+16
1261,1,0,1,0,2018,3,14,7,3,5,2,0,0,1,0,1,0,0,0,5.27359E+20,6.06946E+21,9.42528E+15,5.47716E+16
1262,1,0,58,13,2018,3,5,4,3,5,3,2,0,1,0,0,0,0,1,5.22399E+20,5.9971E+21,9.34271E+15,5.41216E+16
1263,1,0,55,28,2018,3,17,7,3,1,5,0,0,1,1,0,0,1,1,6.01389E+20,6.00349E+21,1.05531E+16,5.41694E+16
1264,1,0,59,116,2018,2,17,3,2,4,1,0,0,1,0,0,1,0,2,5.3137E+20,6.05914E+21,9.48651E+15,5.46786E+16
1265,1,0,55,46,2018,2,1,1,3,9,1,2,0,1,0,0,0,0,2,6.43226E+20,6.03648E+21,1.12094E+16,5.44557E+16
1266,1,0,54,138,2018,3,10,2,3,4,6,0,0,1,0,0,0,0,1,4.89592E+20,6.01869E+21,8.84001E+15,5.4316E+16
1267,1,0,1,0,2018,2,13,2,3,5,3,0,1,1,0,0,0,0,0,5.29494E+20,6.07332E+21,9.45887E+15,5.48062E+16
1268,1,0,59,120,2018,3,13,5,3,5,3,0,0,1,0,0,0,0,0,5.23886E+20,6.07135E+21,9.37146E+15,5.47888E+16
1269,1,0,62,89,2018,3,19,5,1,6,7,2,0,1,1,0,0,0,0,5.89792E+20,5.95421E+21,1.0361E+16,5.37289E+16
1270,1,0,59,75,2018,2,17,2,3,5,3,1,1,1,0,0,0,0,0,5.36441E+20,6.04094E+21,9.5629E+15,5.45147E+16
1271,1,0,4,0,2018,3,15,7,3,6,7,0,1,0,1,0,0,0,0,5.64772E+20,5.99134E+21,9.98973E+15,5.40662E+16
1272,1,0,53,3,2018,2,5,2,3,2,6,2,0,1,0,0,0,1,0,5.87939E+20,5.93598E+21,1.03278E+16,5.35653E+16
1273,1,0,62,4,2018,3,7,4,3,2,6,0,0,1,0,0,1,0,1,5.9129E+20,5.96299E+21,1.03863E+16,5.38075E+16
1274,1,0,62,83,2018,3,21,7,3,8,1,2,0,1,0,0,0,0,2,5.98385E+20,5.96109E+21,1.04934E+16,5.37891E+16
1275,1,0,54,131,2018,2,17,3,3,6,4,0,0,1,1,0,0,0,2,4.94024E+20,6.08047E+21,8.90687E+15,5.48712E+16
1276,1,0,57,68,2018,2,16,1,3,9,1,0,0,1,0,0,0,0,2,5.75675E+20,5.99166E+21,1.01564E+16,5.40676E+16
1277,1,0,55,44,2018,3,15,2,3,4,6,0,0,1,0,0,0,0,1,6.10259E+20,5.98938E+21,1.06838E+16,5.40409E+16
1278,1,0,60,44,2018,2,13,1,3,5,2,0,1,1,0,0,0,0,0,5.63457E+20,5.96556E+21,9.96428E+15,5.38346E+16
1279,1,0,4,0,2018,3,8,5,3,0,7,0,0,1,0,0,0,0,1,5.64551E+20,5.99396E+21,9.98691E+15,5.40897E+16
1280,1,0,55,28,2018,3,11,2,3,6,4,0,0,1,1,0,0,0,1,6.01543E+20,6.00375E+21,1.05556E+16,5.41718E+16
1281,1,0,2,0,2018,3,10,2,3,2,6,0,0,1,0,0,0,0,0,5.75183E+20,6.01887E+21,1.01557E+16,5.43122E+16
1282,1,0,62,4,2018,3,4,5,3,2,6,2,0,1,0,0,0,0,2,5.88823E+20,5.96205E+21,1.03486E+16,5.37995E+16
1283,1,0,1,0,2018,3,18,4,3,5,3,0,0,1,0,0,0,0,1,5.26672E+20,6.07E+21,9.41466E+15,5.47765E+16
1284,1,0,58,152,2018,3,15,6,3,8,6,0,0,1,0,0,0,1,0,5.53229E+20,6.02461E+21,9.81926E+15,5.43665E+16
1285,1,0,60,45,2018,2,9,1,3,7,7,0,0,1,0,0,0,0,0,5.68377E+20,5.96616E+21,1.00392E+16,5.38395E+16
1286,1,0,58,90,2018,3,16,3,3,2,6,0,0,1,0,0,0,0,0,5.48404E+20,6.03846E+21,9.74727E+15,5.44914E+16
1287,1,0,55,40,2018,3,14,6,3,2,6,0,0,1,0,0,0,0,0,6.08445E+20,5.97216E+21,1.065E+16,5.38865E+16
1288,1,0,58,150,2018,3,10,7,3,2,6,0,0,1,0,0,0,0,2,5.70853E+20,6.03524E+21,1.0093E+16,5.44598E+16
1289,1,0,62,14,2018,2,10,1,3,2,2,0,0,1,0,0,0,0,0,5.82619E+20,5.95144E+21,1.02516E+16,5.37051E+16
1290,1,0,53,14,2018,3,11,2,3,8,7,0,0,1,0,0,0,0,0,6.0871E+20,5.93972E+21,1.06426E+16,5.35951E+16
1291,1,0,62,90,2018,2,7,1,3,6,7,0,1,0,1,0,0,0,1,5.75829E+20,5.94839E+21,1.0148E+16,5.36787E+16
1292,1,0,58,9,2018,2,14,4,3,2,6,0,0,1,0,0,0,0,0,5.47683E+20,5.99191E+21,9.72871E+15,5.40732E+16
1293,1,0,60,28,2018,2,14,1,3,8,1,0,0,1,0,0,0,0,2,5.67763E+20,5.98777E+21,1.00346E+16,5.40337E+16
1294,1,0,60,74,2018,3,0,4,3,9,1,2,0,0,0,0,0,1,1,5.84543E+20,5.973E+21,1.02867E+16,5.38985E+16
1295,1,0,55,44,2018,2,13,1,3,0,7,0,0,0,0,1,0,0,0,6.15781E+20,5.98656E+21,1.0767E+16,5.40143E+16
1296,1,0,60,43,2018,3,16,6,3,5,3,0,1,1,0,0,0,0,0,5.763E+20,5.9628E+21,1.01587E+16,5.38082E+16
1297,1,0,60,76,2018,3,16,3,3,5,3,0,1,1,0,0,0,0,0,5.77747E+20,5.96632E+21,1.01816E+16,5.38396E+16
1298,1,0,55,37,2018,3,18,7,3,8,1,1,0,1,0,0,0,0,1,6.20715E+20,6.00163E+21,1.08483E+16,5.41486E+16
1299,1,0,53,56,2018,2,17,3,2,2,6,0,0,1,0,0,1,0,0,6.07711E+20,5.93489E+21,1.06259E+16,5.35519E+16
1300,1,0,53,32,2018,3,13,1,2,6,7,0,1,0,1,0,0,0,0,5.91679E+20,5.92166E+21,1.03801E+16,5.3436E+16
1301,1,0,3,0,2018,2,15,1,3,5,7,0,0,1,0,1,0,0,0,6.10437E+20,5.97354E+21,1.06808E+16,5.38985E+16
1302,1,0,60,58,2018,3,10,4,3,2,6,0,1,0,0,1,0,0,0,5.75634E+20,5.96201E+21,1.01484E+16,5.38012E+16
1303,1,0,3,0,2018,3,5,2,3,9,1,2,0,0,0,0,0,1,2,6.08019E+20,5.97043E+21,1.06429E+16,5.38711E+16
1304,1,0,55,35,2018,3,16,1,3,8,1,0,0,1,0,0,0,0,0,6.15432E+20,5.98086E+21,1.07595E+16,5.39632E+16
1305,1,0,62,4,2018,3,15,3,3,2,6,0,0,1,0,0,0,0,0,5.90963E+20,5.96322E+21,1.03814E+16,5.38096E+16
1306,1,0,62,82,2018,3,20,5,3,5,2,2,0,1,0,1,0,0,1,5.92569E+20,5.94165E+21,1.03994E+16,5.36155E+16
1307,1,0,2,0,2018,2,16,1,3,2,6,0,0,1,0,0,0,0,0,5.71957E+20,6.01727E+21,1.01057E+16,5.42982E+16
1308,1,0,62,60,2018,3,16,5,3,5,3,0,1,1,0,0,0,0,0,5.81767E+20,5.93211E+21,1.02336E+16,5.35315E+16
1309,1,0,60,44,2018,3,17,6,3,5,2,0,1,0,0,0,0,1,0,5.63332E+20,5.96562E+21,9.9624E+15,5.38353E+16
1310,1,0,2,0,2018,2,19,1,3,5,3,2,0,1,0,0,0,0,0,5.72322E+20,6.02113E+21,1.01122E+16,5.43329E+16
1311,1,0,57,69,2018,3,14,2,2,5,3,0,0,1,0,0,0,0,1,5.79819E+20,5.99418E+21,1.02203E+16,5.40896E+16
1312,1,0,61,12,2018,3,17,1,3,2,6,0,0,1,0,0,0,1,0,5.28049E+20,5.96262E+21,9.42599E+15,5.38114E+16
1313,1,0,61,19,2018,3,7,3,3,5,3,1,1,1,0,0,0,0,0,5.53452E+20,5.9827E+21,9.81526E+15,5.39898E+16
1314,1,0,55,40,2018,3,23,6,2,8,7,2,0,1,0,0,0,0,0,6.01607E+20,5.97489E+21,1.05469E+16,5.39124E+16
1315,1,0,54,96,2018,2,12,1,3,5,3,0,0,1,0,0,0,0,0,5.10842E+20,6.03489E+21,9.16726E+15,5.44615E+16
1316,1,0,2,0,2018,3,16,3,3,1,5,0,1,1,0,0,0,0,0,5.7333E+20,6.01874E+21,1.01271E+16,5.43113E+16
1317,1,0,62,9,2018,3,9,6,3,3,6,0,0,1,0,0,0,0,0,5.79099E+20,5.93656E+21,1.01945E+16,5.35719E+16
1318,1,0,59,78,2018,3,18,7,3,8,1,1,0,1,0,0,0,0,2,5.37695E+20,6.03498E+21,9.58152E+15,5.44611E+16
1319,1,0,58,139,2018,2,13,1,2,3,7,0,0,1,0,0,0,0,0,5.66394E+20,6.01005E+21,1.00186E+16,5.42341E+16
1320,1,0,55,33,2018,3,6,2,3,5,3,1,1,0,0,0,0,1,0,6.22302E+20,6.01681E+21,1.08787E+16,5.42846E+16
1321,1,0,59,159,2018,2,10,1,3,8,1,0,0,1,0,0,0,0,0,5.28269E+20,6.05484E+21,9.43802E+15,5.46402E+16
1322,1,0,59,159,2018,2,12,4,3,3,6,0,0,1,0,0,0,0,2,5.31445E+20,6.04219E+21,9.48586E+15,5.45263E+16
1323,1,0,58,53,2018,2,13,1,3,4,1,0,0,1,0,0,0,0,2,5.69286E+20,6.01074E+21,1.00631E+16,5.42399E+16
1324,1,0,4,0,2018,3,18,4,3,5,3,2,0,1,0,0,0,0,0,5.63962E+20,5.9939E+21,9.97789E+15,5.40893E+16
1325,1,0,60,39,2018,2,12,7,3,2,6,0,0,1,0,0,0,0,0,5.64401E+20,5.96011E+21,9.97748E+15,5.37856E+16
1326,1,0,58,43,2018,3,6,6,3,5,3,0,0,1,0,0,0,0,0,5.54294E+20,6.03536E+21,9.83763E+15,5.4463E+16
1327,1,0,3,0,2018,3,15,3,3,2,6,0,0,1,0,0,0,0,0,6.09572E+20,5.97126E+21,1.06668E+16,5.38782E+16
1328,1,0,54,160,2018,3,20,6,3,0,1,1,1,0,0,0,0,0,0,4.60535E+20,6.05347E+21,8.38872E+15,5.46271E+16
1329,1,0,61,76,2018,2,10,3,3,8,7,0,0,0,0,0,1,0,1,5.27275E+20,5.98821E+21,9.41652E+15,5.40414E+16
1330,1,0,57,9,2018,3,11,5,3,5,2,0,0,1,0,0,0,0,1,5.96293E+20,6.00025E+21,1.04741E+16,5.41413E+16
1331,1,0,3,0,2018,2,6,2,3,5,3,1,0,1,0,1,0,0,2,6.10838E+20,5.97268E+21,1.06866E+16,5.38907E+16
1332,1,0,54,126,2018,3,17,1,3,5,3,0,0,1,0,0,0,0,1,4.93558E+20,6.06724E+21,8.89991E+15,5.47523E+16
1333,1,0,60,5,2018,2,12,7,3,2,6,0,0,1,0,0,0,0,1,5.86047E+20,5.97685E+21,1.03106E+16,5.39329E+16
1334,1,0,57,7,2018,3,1,4,2,8,1,2,0,1,0,0,0,0,0,6.07528E+20,6.01655E+21,1.06518E+16,5.42856E+16
1335,1,0,2,0,2018,3,21,1,3,5,3,2,1,1,0,0,0,0,0,5.73506E+20,6.02148E+21,1.01305E+16,5.43358E+16
1336,1,0,61,97,2018,3,7,7,2,8,1,0,0,1,0,0,0,0,1,5.29856E+20,5.98879E+21,9.45598E+15,5.40465E+16
1337,1,0,55,32,2018,3,11,3,3,5,3,0,0,1,0,0,0,0,0,6.18432E+20,5.99675E+21,1.08114E+16,5.41053E+16
1338,1,0,62,82,2018,2,11,7,3,6,4,0,0,1,1,0,0,0,0,5.93351E+20,5.94083E+21,1.04109E+16,5.36079E+16
1339,1,0,2,0,2018,3,18,5,3,3,6,2,0,1,0,0,0,0,0,5.77319E+20,6.02043E+21,1.01889E+16,5.43258E+16
1340,1,0,58,54,2018,2,16,1,3,5,3,0,1,1,0,0,0,0,1,5.39506E+20,6.01675E+21,9.60702E+15,5.42971E+16
1341,1,0,58,54,2018,3,22,6,3,7,7,2,0,1,0,0,0,0,0,5.38877E+20,6.02172E+21,9.598E+15,5.43418E+16
1342,1,0,53,129,2018,2,14,7,2,2,2,0,0,1,0,0,0,0,0,5.82145E+20,5.92735E+21,1.02381E+16,5.34887E+16
1343,1,0,51,97,2018,3,19,7,3,5,3,1,0,1,0,0,0,1,0,5.07503E+20,5.98271E+21,9.11444E+15,5.39927E+16
1344,1,0,62,91,2018,2,3,7,2,9,1,2,0,1,0,0,0,0,1,5.92533E+20,5.94971E+21,1.04012E+16,5.36879E+16
1345,1,0,2,0,2018,3,5,5,3,6,2,2,0,1,1,0,0,0,1,5.73293E+20,6.01924E+21,1.01267E+16,5.43158E+16
1346,1,0,4,0,2018,2,13,3,2,4,6,0,1,0,0,0,0,0,0,5.64243E+20,5.99239E+21,9.98186E+15,5.40757E+16
1347,1,0,57,28,2018,2,12,1,3,4,1,0,0,1,0,0,0,0,2,5.88849E+20,6.02377E+21,1.03671E+16,5.4354E+16
1348,1,0,51,44,2018,3,9,2,3,2,6,0,0,1,0,0,0,0,0,5.05928E+20,6.00529E+21,9.09087E+15,5.41956E+16
1349,1,0,58,77,2018,2,2,7,2,8,1,2,0,1,0,0,0,0,1,5.4099E+20,5.99204E+21,9.62646E+15,5.40749E+16
1350,1,0,56,50,2018,3,17,5,3,1,5,0,0,1,0,0,0,0,1,5.47313E+20,5.93731E+21,9.71467E+15,5.35825E+16