OBJECTID_1,ULAND,UREGBEZ,UKREIS,UGEMEINDE,UJAHR,UMONAT,USTUNDE,UWOCHENTAG,UKATEGORIE,UART,UTYP1,ULICHTVERH,IstRad,IstPKW,IstFuss,IstKrad,IstGkfz,IstSonstig,STRZUSTAND,LINREFX,LINREFY,XGCSWGS84,YGCSWGS84
1351,1,0,56,49,2018,3,16,2,3,2,6,0,0,1,0,0,0,0,0,5.4473E+20,5.94794E+21,9.67719E+15,5.36783E+16
1352,1,0,60,57,2018,3,20,1,3,9,1,2,0,1,0,0,0,0,0,5.83142E+20,5.97214E+21,1.02651E+16,5.38911E+16
1353,1,0,4,0,2018,2,10,7,3,2,6,0,0,1,0,0,0,0,1,5.66774E+20,5.98997E+21,1.002E+16,5.40536E+16
1354,1,0,62,71,2018,2,15,3,3,1,1,0,0,1,0,0,0,0,2,5.80128E+20,5.94028E+21,1.0211E+16,5.36052E+16
1355,1,0,54,109,2018,3,11,4,3,5,2,0,0,1,0,0,0,0,0,4.90958E+20,6.06939E+21,8.85945E+15,5.47716E+16
1356,1,0,57,7,2018,2,9,7,3,8,1,0,0,0,0,0,1,0,1,6.06527E+20,6.01712E+21,1.06366E+16,5.42909E+16
1357,1,0,54,9,2018,3,12,6,2,8,6,0,0,0,0,0,0,1,1,4.87961E+20,6.08056E+21,8.81239E+15,5.48719E+16
1358,1,0,54,19,2018,3,7,3,3,2,3,0,0,1,0,0,0,1,1,4.98306E+20,6.05248E+21,8.97376E+15,5.46197E+16
1359,1,0,58,30,2018,3,12,3,3,3,6,0,0,1,0,0,1,0,0,5.38752E+20,6.03148E+21,9.59736E+15,5.44296E+16
1360,1,0,56,50,2018,3,2,5,3,9,1,2,0,1,0,0,0,0,2,5.4717E+20,5.9392E+21,9.71279E+15,5.35995E+16
1361,1,0,54,33,2018,3,5,5,3,4,6,2,0,1,0,0,1,0,2,5.06861E+20,6.02511E+21,9.10561E+15,5.43737E+16
1362,1,0,56,28,2018,3,16,7,3,0,7,0,1,0,0,0,0,0,1,5.44432E+20,5.94164E+21,9.67176E+15,5.36216E+16
1363,1,0,54,2,2018,2,10,7,3,5,3,0,0,1,0,0,0,0,1,5.05284E+20,6.0452E+21,9.08169E+15,5.45543E+16
1364,1,0,51,3,2018,3,6,3,3,4,1,1,0,1,0,1,0,0,1,5.12751E+20,5.97607E+21,9.19421E+15,5.39328E+16
1365,1,0,3,0,2018,3,14,7,3,2,2,0,0,1,0,1,0,0,2,6.08388E+20,5.96811E+21,1.06477E+16,5.38502E+16
1366,1,0,60,47,2018,3,23,7,3,5,3,2,0,1,0,0,0,0,0,5.71164E+20,5.96403E+21,1.0081E+16,5.38199E+16
1367,1,0,57,22,2018,3,9,3,3,8,1,0,0,1,0,0,0,0,1,5.99217E+20,6.00585E+21,1.05206E+16,5.41911E+16
1368,1,0,54,131,2018,2,22,7,3,8,1,2,0,1,0,0,0,0,1,4.94131E+20,6.08217E+21,8.90851E+15,5.48865E+16
1369,1,0,56,46,2018,2,11,4,3,5,3,0,1,0,0,0,0,1,0,5.47577E+20,5.95501E+21,9.72137E+15,5.37416E+16
1370,1,0,62,78,2018,3,18,6,3,0,6,1,0,1,0,0,0,0,0,5.87329E+20,5.95025E+21,1.03226E+16,5.36936E+16
1371,1,0,54,148,2018,2,13,7,3,5,3,0,0,1,0,0,0,0,0,4.88552E+20,6.01625E+21,8.82411E+15,5.4294E+16
1372,1,0,53,116,2018,3,14,7,3,5,3,0,1,1,0,0,0,0,0,5.97568E+20,5.92906E+21,1.0471E+16,5.35014E+16
1373,1,0,51,103,2018,2,11,6,3,8,1,0,0,0,0,0,1,0,0,5.02304E+20,5.9758E+21,9.03508E+15,5.39306E+16
1374,1,0,60,39,2018,3,17,4,3,5,3,0,1,1,0,0,0,0,1,5.64484E+20,5.95879E+21,9.97846E+15,5.37737E+16
1375,1,0,2,0,2018,2,15,3,3,8,1,0,0,1,0,0,0,0,2,5.759E+20,6.03051E+21,1.01696E+16,5.44166E+16
1376,1,0,60,39,2018,3,18,2,3,8,7,2,0,1,0,0,0,0,1,5.67353E+20,5.96088E+21,1.00225E+16,5.37922E+16
1377,1,0,60,44,2018,2,18,6,3,9,7,2,0,1,0,0,0,0,1,5.581E+20,5.96442E+21,9.88266E+15,5.38251E+16
1378,1,0,3,0,2018,3,11,5,3,5,2,0,0,1,0,0,0,0,1,6.12137E+20,5.97227E+21,1.07062E+16,5.38867E+16
1379,1,0,3,0,2018,3,15,2,3,6,2,0,0,1,1,0,0,0,0,6.11173E+20,5.97117E+21,1.06911E+16,5.38771E+16
1380,1,0,58,49,2018,3,6,2,3,5,2,0,0,1,0,0,0,0,1,5.58133E+20,6.0125E+21,9.89238E+15,5.42572E+16
1381,1,0,62,61,2018,3,13,5,2,4,1,0,0,1,0,0,0,0,1,5.95494E+20,5.96621E+21,1.04512E+16,5.38356E+16
1382,1,0,55,35,2018,3,15,4,3,2,6,0,0,1,0,0,0,0,0,6.1369E+20,5.9757E+21,1.07311E+16,5.39172E+16
1383,1,0,53,125,2018,3,10,6,3,2,6,0,0,1,0,0,0,1,0,6.03931E+20,5.93772E+21,1.05698E+16,5.3578E+16
1384,1,0,60,28,2018,2,11,6,3,4,7,0,0,1,0,0,1,0,0,5.70079E+20,5.98617E+21,1.00696E+16,5.4019E+16
1385,1,0,55,46,2018,3,7,3,3,2,6,0,0,1,0,0,0,0,1,6.42926E+20,6.03419E+21,1.12036E+16,5.44353E+16
1386,1,0,60,47,2018,3,14,6,3,5,3,0,0,1,0,0,1,0,0,5.71157E+20,5.96403E+21,1.00809E+16,5.38199E+16
1387,1,0,58,78,2018,3,15,7,3,8,1,0,0,1,0,0,0,0,1,5.32332E+20,6.0153E+21,9.49665E+15,5.42846E+16
1388,1,0,61,23,2018,3,10,2,3,8,1,0,0,0,0,0,1,0,0,5.22521E+20,5.97366E+21,9.34284E+15,5.39109E+16
1389,1,0,62,36,2018,3,10,2,3,9,7,0,0,1,0,0,0,0,0,5.80112E+20,5.95586E+21,1.02148E+16,5.37453E+16
1390,1,0,60,49,2018,3,16,5,3,2,6,0,0,1,0,0,0,0,0,5.86831E+20,5.9802E+21,1.03235E+16,5.39628E+16
1391,1,0,62,27,2018,3,13,5,3,2,6,0,0,1,0,0,1,0,1,5.8811E+20,5.95275E+21,1.03351E+16,5.3716E+16
1392,1,0,53,31,2018,3,16,7,3,8,1,0,0,1,0,0,0,0,0,6.0184E+20,5.93626E+21,1.05377E+16,5.35653E+16
1393,1,0,53,75,2018,2,8,6,3,9,7,0,0,1,0,0,0,0,2,6.08356E+20,5.96022E+21,1.06444E+16,5.37793E+16
1394,1,0,56,48,2018,3,17,3,3,2,6,0,0,1,0,0,0,0,0,5.47543E+20,5.95025E+21,9.72012E+15,5.36988E+16
1395,1,0,54,168,2018,3,8,7,3,4,6,0,0,1,0,0,0,0,0,4.56017E+20,6.0846E+21,8.31402E+15,5.49065E+16
1396,1,0,58,110,2018,3,11,7,3,2,6,0,0,1,0,0,1,1,2,5.61167E+20,6.03202E+21,9.94295E+15,5.44322E+16
1397,1,0,59,107,2018,3,6,3,3,5,3,1,0,1,0,0,0,1,0,5.24564E+20,6.05261E+21,9.38042E+15,5.46204E+16
1398,1,0,53,17,2018,2,8,6,3,1,5,0,0,1,0,0,0,1,1,5.94761E+20,5.92825E+21,1.04284E+16,5.34947E+16
1399,1,0,55,41,2018,2,15,4,3,0,1,0,0,0,0,1,0,0,2,6.10891E+20,5.99725E+21,1.06963E+16,5.41115E+16
1400,1,0,58,58,2018,3,15,5,3,1,6,0,0,1,0,0,0,0,0,5.63389E+20,6.03009E+21,9.97679E+15,5.44146E+16
1401,1,0,53,115,2018,2,11,6,3,5,3,0,0,1,0,0,0,0,1,6.03671E+20,5.92607E+21,1.0562E+16,5.34734E+16
1402,1,0,58,12,2018,3,12,7,3,5,3,0,0,1,0,0,0,0,0,5.54241E+20,6.03887E+21,9.83745E+15,5.44945E+16
1403,1,0,55,35,2018,2,13,6,3,2,6,0,0,1,0,0,0,1,0,6.12884E+20,5.97743E+21,1.07194E+16,5.3933E+16
1404,1,0,3,0,2018,3,8,4,3,2,6,0,0,1,0,0,0,1,1,6.08811E+20,5.96671E+21,1.06536E+16,5.38375E+16
1405,1,0,3,0,2018,3,20,7,3,5,2,2,1,1,0,0,0,0,0,6.11239E+20,5.96908E+21,1.06914E+16,5.38583E+16
1406,1,0,54,118,2018,2,17,3,3,5,3,1,0,1,0,0,0,0,2,5.0742E+20,6.04047E+21,9.1146E+15,5.45118E+16
1407,1,0,58,77,2018,3,16,2,3,5,3,0,1,1,0,0,0,0,1,5.43778E+20,5.99447E+21,9.66942E+15,5.40965E+16
1408,1,0,58,145,2018,2,6,6,3,4,6,2,0,1,0,0,0,0,2,5.72359E+20,6.00921E+21,1.01099E+16,5.42257E+16
1409,1,0,4,0,2018,3,4,5,2,5,3,2,0,1,0,0,0,1,1,5.64286E+20,5.99067E+21,9.98216E+15,5.40602E+16
1410,1,0,58,44,2018,3,7,2,3,8,1,0,0,1,0,0,0,0,2,5.59341E+20,5.98987E+21,9.90647E+15,5.40537E+16
1411,1,0,62,23,2018,3,8,2,3,3,6,0,0,1,0,0,0,0,0,5.86559E+20,5.94834E+21,1.03104E+16,5.36766E+16
1412,1,0,59,18,2018,3,14,4,3,5,3,0,0,1,0,0,0,0,0,5.36004E+20,6.03929E+21,9.55595E+15,5.44999E+16
1413,1,0,2,0,2018,3,13,6,3,5,3,0,0,1,0,0,0,0,0,5.7411E+20,6.02785E+21,1.01414E+16,5.4393E+16
1414,1,0,58,14,2018,2,8,6,3,8,1,1,0,1,0,0,0,0,2,5.26139E+20,5.99381E+21,9.39965E+15,5.40918E+16
1415,1,0,57,57,2018,3,6,3,3,5,3,0,1,1,0,0,0,0,0,5.92159E+20,6.00193E+21,1.04113E+16,5.41571E+16
1416,1,0,57,62,2018,3,13,6,3,2,6,0,0,1,0,0,0,0,0,5.83206E+20,6.00937E+21,1.02763E+16,5.42256E+16
1417,1,0,57,28,2018,3,9,7,3,8,1,0,0,0,0,0,1,0,0,5.89048E+20,6.02623E+21,1.03709E+16,5.43761E+16
1418,1,0,58,5,2018,2,8,6,3,3,6,0,1,1,0,0,0,0,2,5.72751E+20,6.02894E+21,1.01207E+16,5.4403E+16
1419,1,0,62,61,2018,3,17,2,3,2,6,0,0,1,0,0,0,0,0,5.98315E+20,5.96472E+21,1.04935E+16,5.38217E+16
1420,1,0,54,161,2018,2,14,6,3,5,2,0,0,1,0,0,0,0,1,5.02807E+20,6.02949E+21,9.04326E+15,5.44132E+16
1421,1,0,54,42,2018,2,4,4,3,8,1,2,0,1,0,0,0,0,2,5.02187E+20,6.04095E+21,9.03379E+15,5.45161E+16
1422,1,0,53,70,2018,3,8,4,3,8,6,0,0,1,0,0,0,0,0,6.00211E+20,5.94183E+21,1.05149E+16,5.36157E+16
1423,1,0,60,63,2018,2,15,2,3,3,7,0,0,1,0,0,0,0,1,5.65865E+20,5.94862E+21,9.99725E+15,5.36822E+16
1424,1,0,54,76,2018,2,17,6,3,3,1,1,0,1,0,0,0,0,1,4.96142E+20,6.07106E+21,8.94E+15,5.47868E+16
1425,1,0,62,1,2018,3,2,6,2,5,3,2,1,0,0,0,1,0,1,5.83089E+20,5.94874E+21,1.0258E+16,5.36808E+16
1426,1,0,62,45,2018,3,15,3,3,5,3,0,0,1,0,0,0,0,0,5.90822E+20,5.94383E+21,1.03736E+16,5.36354E+16
1427,1,0,54,168,2018,2,7,6,3,0,7,1,1,0,0,0,0,0,2,4.55611E+20,6.08333E+21,8.30789E+15,5.4895E+16
1428,1,0,4,0,2018,2,15,4,3,2,6,0,0,1,0,0,0,0,0,5.62396E+20,5.9907E+21,9.95329E+15,5.40607E+16
1429,1,0,1,0,2018,3,6,5,3,5,3,0,0,1,0,0,0,0,1,5.30906E+20,6.07322E+21,9.48082E+15,5.48052E+16
1430,1,0,59,116,2018,2,6,6,3,8,1,1,0,1,0,0,0,0,2,5.31348E+20,6.05911E+21,9.48618E+15,5.46784E+16
1431,1,0,59,24,2018,3,19,7,2,2,2,2,0,1,0,0,0,0,1,5.21087E+20,6.01804E+21,9.3241E+15,5.43098E+16
1432,1,0,58,1,2018,3,15,4,3,8,1,0,0,0,0,0,1,0,1,5.63114E+20,6.01903E+21,9.9702E+15,5.43152E+16
1433,1,0,58,145,2018,3,19,7,2,9,7,2,0,1,0,0,0,0,1,5.71532E+20,6.00933E+21,1.00973E+16,5.4227E+16
1434,1,0,53,7,2018,2,13,3,3,1,1,0,0,1,0,0,1,1,2,5.98466E+20,5.9364E+21,1.04868E+16,5.35672E+16
1435,1,0,56,30,2018,3,11,2,3,2,6,0,0,1,0,0,0,0,0,5.46211E+20,5.96009E+21,9.70142E+15,5.37873E+16
1436,1,0,59,57,2018,2,9,6,3,3,6,0,0,1,0,0,1,0,1,5.30232E+20,6.04475E+21,9.46739E+15,5.45494E+16
1437,1,0,51,137,2018,3,14,4,3,5,3,0,0,1,0,0,0,0,0,5.01091E+20,5.99813E+21,9.01669E+15,5.41313E+16
1438,1,0,1,0,2018,3,8,2,3,3,6,0,0,1,0,0,0,0,2,5.26145E+20,6.07037E+21,9.4065E+15,5.47799E+16
1439,1,0,51,44,2018,3,5,1,3,9,1,1,0,1,0,0,0,0,2,5.0878E+20,6.00549E+21,9.13458E+15,5.41974E+16
1440,1,0,60,63,2018,3,14,3,3,2,2,0,0,1,0,0,0,1,0,5.68779E+20,5.94962E+21,1.00416E+16,5.36908E+16
1441,1,0,61,119,2018,3,18,5,2,8,1,1,0,1,0,0,0,0,1,5.21628E+20,5.97728E+21,9.32951E+15,5.39435E+16
1442,1,0,61,44,2018,2,15,6,3,2,6,0,0,1,0,0,0,0,0,5.4367E+20,5.96298E+21,9.66326E+15,5.38135E+16
1443,1,0,59,53,2018,3,9,3,3,5,3,0,0,1,0,1,0,0,0,5.33051E+20,6.02916E+21,9.50922E+15,5.44091E+16
1444,1,0,56,23,2018,3,11,5,3,5,3,0,0,1,0,0,0,0,0,5.45277E+20,5.95101E+21,9.68591E+15,5.37058E+16
1445,1,0,58,30,2018,3,10,7,2,2,6,0,0,1,0,0,0,0,2,5.39137E+20,6.03067E+21,9.60318E+15,5.44223E+16
1446,1,0,58,18,2018,2,7,6,2,8,1,1,0,1,0,0,0,0,2,5.66101E+20,6.00927E+21,1.0014E+16,5.42271E+16
1447,1,0,2,0,2018,3,10,2,2,8,7,0,0,1,0,0,0,0,0,5.73231E+20,6.02561E+21,1.01273E+16,5.4373E+16
1448,1,0,58,49,2018,2,12,6,3,3,7,0,0,1,0,0,1,0,0,5.53622E+20,6.01045E+21,9.82277E+15,5.42392E+16
1449,1,0,56,40,2018,2,7,3,2,5,2,0,1,1,0,0,0,0,0,5.50464E+20,5.94795E+21,9.76398E+15,5.36778E+16
1450,1,0,54,56,2018,3,9,4,3,2,6,0,0,1,0,0,0,0,0,5.0296E+20,6.03867E+21,9.0457E+15,5.44956E+16
1451,1,0,61,97,2018,2,18,5,3,5,3,2,0,1,0,0,0,0,2,5.31514E+20,5.98871E+21,9.48129E+15,5.40457E+16
1452,1,0,57,33,2018,3,14,6,2,2,6,0,0,1,0,0,1,0,0,5.74929E+20,6.00775E+21,1.0149E+16,5.42123E+16
1453,1,0,58,34,2018,3,13,3,3,2,6,0,0,1,0,0,0,0,0,5.43589E+20,6.01861E+21,9.67002E+15,5.43135E+16
1454,1,0,1,0,2018,3,16,3,3,5,3,0,1,1,0,0,0,0,0,5.2725E+20,6.06946E+21,9.4236E+15,5.47716E+16
1455,1,0,62,25,2018,3,10,6,2,2,6,0,0,1,0,0,0,0,0,6.03942E+20,5.96729E+21,1.05798E+16,5.38437E+16
1456,1,0,61,5,2018,2,15,2,2,9,1,0,0,1,0,0,0,0,0,5.45541E+20,5.97581E+21,9.69358E+15,5.39287E+16
1457,1,0,54,132,2018,3,16,5,3,2,6,0,0,1,0,0,0,1,0,5.03434E+20,6.0315E+21,9.05294E+15,5.44312E+16
1458,1,0,55,4,2018,2,16,2,3,8,4,0,0,1,1,0,0,0,2,6.10351E+20,5.97449E+21,1.06798E+16,5.39071E+16
1459,1,0,59,106,2018,3,6,1,2,8,1,1,0,1,0,0,0,0,1,5.43625E+20,6.07021E+21,9.67823E+15,5.47772E+16
1460,1,0,61,91,2018,2,13,5,3,5,3,0,0,1,0,0,0,1,1,5.36843E+20,5.99095E+21,9.56295E+15,5.40654E+16
1461,1,0,59,161,2018,3,16,4,3,5,3,0,0,1,0,0,0,0,0,5.43413E+20,6.06424E+21,9.67404E+15,5.47236E+16
1462,1,0,59,159,2018,3,17,1,3,9,6,1,0,1,0,0,0,0,0,5.28269E+20,6.05484E+21,9.43802E+15,5.46402E+16
1463,1,0,60,88,2018,3,19,7,3,8,7,2,0,1,0,0,0,0,0,5.78282E+20,5.97082E+21,1.01908E+16,5.388E+16
1464,1,0,4,0,2018,3,13,3,3,2,6,0,0,1,0,0,0,0,0,5.64723E+20,5.99277E+21,9.98928E+15,5.40791E+16
1465,1,0,2,0,2018,5,14,6,3,0,2,0,1,1,0,0,0,0,0,5.7227E+20,6.01947E+21,1.0111E+16,5.4318E+16
1466,1,0,4,0,2018,5,22,4,3,0,1,2,0,0,0,1,0,0,0,5.65197E+20,5.99225E+21,9.99642E+15,5.40743E+16
1467,1,0,51,113,2018,4,13,1,3,2,6,0,0,1,0,0,0,0,0,4.99247E+20,6.0028E+21,8.98847E+15,5.41733E+16
1468,1,0,2,0,2018,5,14,5,3,9,7,0,0,1,0,0,0,0,0,5.74067E+20,6.0183E+21,1.01384E+16,5.43072E+16
1469,1,0,3,0,2018,4,16,3,3,3,6,0,0,1,0,0,1,0,0,6.17101E+20,5.97485E+21,1.07826E+16,5.39089E+16
1470,1,0,62,36,2018,5,20,1,2,8,1,0,0,0,0,1,0,0,0,5.77185E+20,5.9551E+21,1.01702E+16,5.37388E+16
1471,1,0,60,44,2018,4,6,1,3,5,3,0,0,1,0,0,0,0,0,5.64131E+20,5.9638E+21,9.97414E+15,5.38188E+16
1472,1,0,53,72,2018,4,7,4,3,8,1,0,0,1,0,0,0,0,1,5.86367E+20,5.92729E+21,1.03017E+16,5.34875E+16
1473,1,0,58,9,2018,5,21,2,2,6,6,2,0,0,1,1,0,0,0,5.51813E+20,5.99144E+21,9.79174E+15,5.40686E+16
1474,1,0,57,1,2018,4,11,1,3,5,3,0,0,1,0,1,0,0,0,5.87117E+20,5.99975E+21,1.03335E+16,5.41385E+16
1475,1,0,2,0,2018,5,13,5,3,1,6,0,0,1,0,0,0,0,0,5.71366E+20,6.01759E+21,1.00967E+16,5.43012E+16
1476,1,0,53,83,2018,4,14,2,3,6,4,0,0,1,1,0,0,0,1,6.04109E+20,5.91514E+21,1.0565E+16,5.33751E+16
1477,1,0,56,48,2018,4,18,1,3,0,1,0,1,0,0,0,0,0,0,5.47145E+20,5.95014E+21,9.71408E+15,5.36978E+16
1478,1,0,54,168,2018,5,15,4,3,8,7,0,1,0,0,0,0,0,0,4.54678E+20,6.07997E+21,8.29387E+15,5.48648E+16
1479,1,0,60,63,2018,4,15,7,3,2,6,0,0,1,0,0,0,0,1,5.6768E+20,5.9536E+21,1.00258E+16,5.37267E+16
1480,1,0,58,90,2018,5,4,7,3,7,7,1,0,1,0,0,0,0,0,5.50114E+20,6.04335E+21,9.77449E+15,5.45353E+16
1481,1,0,3,0,2018,5,18,4,3,5,3,0,0,1,0,0,0,0,0,6.07823E+20,5.9687E+21,1.06393E+16,5.38556E+16
1482,1,0,58,91,2018,5,19,1,3,2,6,0,0,1,0,0,0,0,0,5.61515E+20,5.99575E+21,9.94086E+15,5.41063E+16
1483,1,0,56,48,2018,4,7,6,3,5,2,0,0,1,0,0,1,0,0,5.4687E+20,5.95001E+21,9.70989E+15,5.36967E+16
1484,1,0,54,12,2018,4,16,1,2,0,1,0,1,0,0,0,0,0,1,5.02132E+20,6.04799E+21,9.03298E+15,5.45794E+16
1485,1,0,56,37,2018,4,14,1,3,8,1,0,0,0,0,1,0,0,0,5.38021E+20,5.94839E+21,9.57566E+15,5.36828E+16
1486,1,0,53,116,2018,4,15,5,3,2,6,0,0,1,0,0,0,0,0,5.9856E+20,5.92998E+21,1.04862E+16,5.35095E+16
1487,1,0,62,71,2018,5,16,6,3,2,6,0,0,1,0,0,0,0,0,5.80748E+20,5.93901E+21,1.022E+16,5.35937E+16
1488,1,0,58,43,2018,5,14,3,3,4,6,0,1,0,0,0,0,0,0,5.54275E+20,6.03553E+21,9.83736E+15,5.44645E+16
1489,1,0,56,39,2018,4,8,3,3,5,2,0,1,1,0,0,0,0,0,5.52513E+20,5.9443E+21,9.79437E+15,5.36448E+16
1490,1,0,58,135,2018,5,10,7,3,5,3,0,1,1,0,0,0,0,0,5.40771E+20,6.01938E+21,9.62683E+15,5.43206E+16
1491,1,0,2,0,2018,5,15,6,3,6,4,0,0,1,1,0,0,0,0,5.73542E+20,6.02346E+21,1.01316E+16,5.43537E+16
1492,1,0,54,167,2018,4,13,4,3,2,6,0,0,1,0,0,1,0,0,4.96417E+20,6.06544E+21,8.94435E+15,5.47363E+16
1493,1,0,53,110,2018,4,17,5,3,2,2,0,0,1,0,1,0,0,0,6.16376E+20,5.94746E+21,1.07613E+16,5.36629E+16
1494,1,0,56,15,2018,5,15,2,3,5,2,0,1,1,0,0,0,0,0,5.45179E+20,5.95585E+21,9.68512E+15,5.37493E+16
1495,1,0,56,30,2018,4,22,1,3,9,1,2,0,1,0,0,0,0,0,5.45695E+20,5.96131E+21,9.69376E+15,5.37983E+16
1496,1,0,54,161,2018,4,15,6,2,1,7,0,0,1,0,0,0,0,0,4.9874E+20,6.0286E+21,8.98059E+15,5.44052E+16
1497,1,0,54,109,2018,5,19,3,3,5,3,0,0,1,0,0,0,0,0,4.90779E+20,6.07163E+21,8.85659E+15,5.47918E+16
1498,1,0,58,165,2018,4,8,2,3,8,6,0,0,1,0,0,0,0,0,5.6952E+20,6.02546E+21,1.00702E+16,5.43722E+16
1499,1,0,51,11,2018,5,15,5,2,0,1,0,1,0,0,0,0,0,0,5.06691E+20,5.97199E+21,9.10182E+15,5.38963E+16
1500,1,0,1,0,2018,5,15,4,3,0,7,0,1,0,0,0,0,0,0,5.28004E+20,6.0683E+21,9.4352E+15,5.47612E+16
1501,1,0,60,54,2018,4,15,1,3,5,3,0,0,1,0,0,0,0,0,5.58336E+20,5.9705E+21,9.8874E+15,5.38797E+16
1502,1,0,56,48,2018,5,16,4,3,2,2,0,0,1,0,0,0,0,0,5.48477E+20,5.95101E+21,9.73439E+15,5.37055E+16
1503,1,0,2,0,2018,4,19,2,3,5,2,0,0,1,0,0,0,0,1,5.74073E+20,6.02079E+21,1.01391E+16,5.43296E+16
1504,1,0,2,0,2018,5,17,1,3,5,3,0,1,1,0,0,0,0,0,5.71888E+20,6.02263E+21,1.01059E+16,5.43464E+16
1505,1,0,62,1,2018,4,18,1,3,2,2,0,0,1,0,0,0,0,0,5.82476E+20,5.94833E+21,1.02486E+16,5.36771E+16
1506,1,0,53,60,2018,5,7,2,3,2,6,0,0,1,0,0,0,1,0,5.93714E+20,5.9355E+21,1.04148E+16,5.356E+16
1507,1,0,56,39,2018,4,11,7,3,5,3,0,1,1,0,0,0,0,0,5.52406E+20,5.94646E+21,9.79312E+15,5.36643E+16
1508,1,0,1,0,2018,4,11,2,3,6,4,0,0,1,1,0,0,0,1,5.27126E+20,6.07146E+21,9.42185E+15,5.47896E+16
1509,1,0,53,99,2018,4,17,1,3,0,1,0,0,0,0,1,0,0,0,6.05323E+20,5.94446E+21,1.05931E+16,5.36383E+16
1510,1,0,57,8,2018,4,15,7,3,5,2,0,0,1,0,0,0,0,0,5.68555E+20,5.99178E+21,1.00476E+16,5.40697E+16
1511,1,0,58,98,2018,5,18,7,3,0,7,0,0,0,0,1,0,0,0,5.62921E+20,5.99989E+21,9.96323E+15,5.41433E+16
1512,1,0,4,0,2018,5,17,4,3,2,6,0,0,1,0,0,0,0,0,5.65352E+20,5.99179E+21,9.99869E+15,5.40702E+16
1513,1,0,3,0,2018,5,13,7,3,5,2,0,1,1,0,0,0,0,0,6.10944E+20,5.96811E+21,1.06865E+16,5.38496E+16
1514,1,0,60,94,2018,4,16,4,3,2,6,0,0,1,0,0,0,0,0,5.71417E+20,5.96013E+21,1.00839E+16,5.37849E+16
1515,1,0,62,23,2018,4,16,6,3,0,7,0,1,0,0,0,0,0,0,5.84942E+20,5.94672E+21,1.02855E+16,5.36623E+16
1516,1,0,53,32,2018,5,22,3,2,0,3,2,1,1,0,0,0,0,0,5.91099E+20,5.92236E+21,1.03716E+16,5.34424E+16
1517,1,0,62,9,2018,4,12,7,2,5,2,0,0,1,0,0,0,1,0,5.80881E+20,5.93608E+21,1.02213E+16,5.35673E+16
1518,1,0,53,80,2018,4,17,1,2,8,1,0,0,0,0,1,0,0,0,6.11888E+20,5.93005E+21,1.06871E+16,5.35074E+16
1519,1,0,58,127,2018,4,3,5,3,9,7,2,0,1,0,0,0,0,0,5.36223E+20,6.0279E+21,9.55793E+15,5.43976E+16
1520,1,0,60,25,2018,5,14,5,3,2,6,0,1,1,0,0,0,0,0,5.98462E+20,5.99222E+21,1.05046E+16,5.40688E+16
1521,1,0,2,0,2018,5,9,3,3,0,4,0,1,0,1,0,0,0,0,5.74324E+20,6.01831E+21,1.01423E+16,5.43073E+16
1522,1,0,56,18,2018,4,6,6,3,5,3,0,1,1,0,0,0,0,0,5.55366E+20,5.94307E+21,9.83731E+15,5.36335E+16
1523,1,0,3,0,2018,4,7,3,3,4,6,0,1,0,0,0,0,0,0,6.12893E+20,5.97091E+21,1.07172E+16,5.38744E+16
1524,1,0,56,2,2018,5,6,6,3,5,3,0,1,1,0,0,0,0,0,5.4992E+20,5.95949E+21,9.75761E+15,5.37816E+16
1525,1,0,60,44,2018,5,3,5,3,9,1,2,0,1,0,0,0,1,0,5.63733E+20,5.9654E+21,9.96843E+15,5.38332E+16
1526,1,0,56,39,2018,5,18,7,3,5,3,0,1,0,0,0,0,0,0,5.51327E+20,5.94571E+21,9.77667E+15,5.36576E+16
1527,1,0,60,6,2018,4,16,4,3,8,1,0,0,0,0,0,1,0,0,5.89704E+20,5.971E+21,1.03646E+16,5.38797E+16
1528,1,0,60,85,2018,4,17,6,3,3,6,0,0,1,0,1,0,0,0,5.78421E+20,5.96458E+21,1.01914E+16,5.38239E+16
1529,1,0,60,39,2018,5,6,3,3,2,6,0,0,1,0,0,0,0,0,5.61855E+20,5.9623E+21,9.93928E+15,5.38056E+16
1530,1,0,60,43,2018,4,12,7,3,2,2,0,0,1,0,0,0,0,0,5.76565E+20,5.96305E+21,1.01628E+16,5.38103E+16
1531,1,0,62,22,2018,4,15,1,3,5,3,0,0,1,0,1,0,0,0,5.88875E+20,5.94238E+21,1.03438E+16,5.36226E+16
1532,1,0,3,0,2018,4,7,5,3,5,2,0,1,1,0,0,0,0,0,6.08382E+20,5.96728E+21,1.06473E+16,5.38427E+16
1533,1,0,55,39,2018,5,16,6,2,2,6,0,0,1,0,0,0,0,0,6.14793E+20,5.99242E+21,1.07541E+16,5.40672E+16
1534,1,0,4,0,2018,5,8,3,3,5,3,0,1,1,0,0,0,0,0,5.63998E+20,5.99194E+21,9.97803E+15,5.40717E+16
1535,1,0,62,9,2018,4,8,7,3,0,6,0,0,1,0,0,0,0,0,5.80623E+20,5.935E+21,1.02171E+16,5.35577E+16
1536,1,0,54,72,2018,4,22,3,2,8,7,2,0,1,0,0,0,0,0,4.92371E+20,6.02122E+21,8.88266E+15,5.43387E+16
1537,1,0,56,31,2018,4,18,3,3,5,3,0,1,1,0,0,0,0,0,5.46241E+20,5.95671E+21,9.70137E+15,5.37569E+16
1538,1,0,61,29,2018,5,13,6,3,4,6,0,1,0,0,0,0,0,0,5.27626E+20,5.96046E+21,9.41937E+15,5.3792E+16
1539,1,0,54,134,2018,5,11,6,3,9,7,0,0,1,0,0,0,0,0,4.8311E+20,6.01775E+21,8.74042E+15,5.43074E+16
1540,1,0,59,159,2018,4,10,3,3,8,1,0,0,1,0,0,0,0,0,5.30847E+20,6.05805E+21,9.4783E+15,5.46689E+16
1541,1,0,51,140,2018,4,8,3,3,8,6,0,0,1,0,0,0,0,0,4.9673E+20,6.00863E+21,8.94984E+15,5.42256E+16