OBJECTID_1,ULAND,UREGBEZ,UKREIS,UGEMEINDE,UJAHR,UMONAT,USTUNDE,UWOCHENTAG,UKATEGORIE,UART,UTYP1,ULICHTVERH,IstRad,IstPKW,IstFuss,IstKrad,IstGkfz,IstSonstig,STRZUSTAND,LINREFX,LINREFY,XGCSWGS84,YGCSWGS84
1542,1,0,3,0,2018,4,19,5,3,5,2,1,0,1,0,1,0,0,0,6.06083E+20,5.97238E+21,1.06141E+16,5.3889E+16
1543,1,0,3,0,2018,5,12,2,3,4,6,0,1,1,0,0,0,0,0,6.09559E+20,5.97069E+21,1.06664E+16,5.38731E+16
1544,1,0,62,4,2018,4,11,1,3,5,2,0,0,1,0,0,0,0,0,5.91112E+20,5.9621E+21,1.03834E+16,5.37995E+16
1545,1,0,60,39,2018,4,16,5,3,2,2,0,0,1,0,0,0,0,0,5.64409E+20,5.96013E+21,9.9776E+15,5.37858E+16
1546,1,0,56,48,2018,5,11,2,3,5,3,0,1,1,0,0,0,0,0,5.47306E+20,5.95016E+21,9.71651E+15,5.3698E+16
1547,1,0,59,73,2018,4,13,2,3,5,3,0,0,1,0,1,0,0,0,5.40797E+20,6.04484E+21,9.63073E+15,5.45494E+16
1548,1,0,62,90,2018,5,20,5,3,0,1,1,1,0,0,0,0,0,0,5.75914E+20,5.94844E+21,1.01493E+16,5.36791E+16
1549,1,0,51,81,2018,5,14,3,3,5,3,0,0,1,0,0,0,0,1,5.02893E+20,6.00457E+21,9.04433E+15,5.41892E+16
1550,1,0,3,0,2018,4,13,1,3,5,3,0,0,1,0,0,0,0,0,6.18292E+20,5.97543E+21,1.0801E+16,5.39138E+16
1551,1,0,53,96,2018,5,7,4,3,2,6,0,0,1,0,0,0,0,0,6.0427E+20,5.94641E+21,1.05778E+16,5.3656E+16
1552,1,0,1,0,2018,4,18,2,3,5,2,0,1,1,0,0,0,0,0,5.27877E+20,6.07171E+21,9.43355E+15,5.47918E+16
1553,1,0,59,75,2018,5,21,1,3,0,1,2,1,0,0,0,0,0,0,5.35393E+20,6.04087E+21,9.5467E+15,5.45142E+16
1554,1,0,55,35,2018,4,19,1,3,2,6,1,0,1,0,1,0,0,0,6.18979E+20,5.98056E+21,1.08134E+16,5.39597E+16
1555,1,0,51,44,2018,5,16,1,3,0,1,0,0,0,0,1,0,0,0,5.10537E+20,6.00545E+21,9.16152E+15,5.4197E+16
1556,1,0,3,0,2018,4,18,7,3,2,2,0,0,1,0,0,0,0,0,6.07012E+20,5.96924E+21,1.06272E+16,5.38606E+16
1557,1,0,56,28,2018,4,13,1,2,4,6,0,1,0,0,0,0,0,0,5.43981E+20,5.94138E+21,9.66491E+15,5.36194E+16
1558,1,0,3,0,2018,4,17,1,3,2,2,0,0,1,0,0,0,0,0,6.08399E+20,5.9681E+21,1.06478E+16,5.38501E+16
1559,1,0,61,10,2018,4,15,6,3,8,1,0,0,1,0,0,0,0,1,5.29199E+20,5.9758E+21,9.4447E+15,5.39297E+16
1560,1,0,56,50,2018,5,19,6,3,2,1,0,0,1,0,0,0,0,0,5.46994E+20,5.93723E+21,9.70983E+15,5.35818E+16
1561,1,0,54,138,2018,5,15,4,3,5,3,0,1,1,0,0,0,0,0,4.95796E+20,6.01816E+21,8.93539E+15,5.43113E+16
1562,1,0,2,0,2018,5,13,7,3,5,2,0,0,1,0,0,0,0,0,5.72098E+20,6.01869E+21,1.01082E+16,5.4311E+16
1563,1,0,3,0,2018,4,9,4,3,5,2,0,1,0,0,0,1,0,0,6.10117E+20,5.96992E+21,1.06746E+16,5.3866E+16
1564,1,0,58,1,2018,4,15,6,3,2,6,0,0,0,0,1,0,0,0,5.6637E+20,6.0178E+21,1.002E+16,5.43038E+16
1565,1,0,3,0,2018,5,8,3,2,5,3,0,0,1,0,1,0,0,0,6.09873E+20,5.96901E+21,1.06706E+16,5.38579E+16
1566,1,0,3,0,2018,4,11,7,2,5,2,0,1,1,0,0,0,0,0,6.12062E+20,5.96331E+21,1.07018E+16,5.38063E+16
1567,1,0,58,46,2018,4,15,1,2,0,7,0,1,0,0,0,0,0,0,5.53734E+20,6.00646E+21,9.82377E+15,5.42033E+16
1568,1,0,59,75,2018,4,8,5,3,8,1,0,0,1,0,0,0,0,0,5.35908E+20,6.04084E+21,9.55466E+15,5.45139E+16
1569,1,0,3,0,2018,5,12,5,3,5,3,0,1,1,0,0,0,0,0,6.12586E+20,5.97005E+21,1.07122E+16,5.38667E+16
1570,1,0,62,60,2018,4,8,6,3,2,2,0,0,1,0,0,0,0,0,5.83206E+20,5.93028E+21,1.02549E+16,5.35149E+16
1571,1,0,2,0,2018,4,15,3,3,2,6,0,0,1,0,0,0,0,0,5.72519E+20,6.02203E+21,1.01155E+16,5.4341E+16
1572,1,0,57,9,2018,5,9,6,3,2,6,0,0,1,0,0,0,0,0,5.9998E+20,5.99939E+21,1.05302E+16,5.41329E+16
1573,1,0,53,17,2018,5,15,4,2,5,3,0,1,1,0,0,0,0,0,5.94611E+20,5.92821E+21,1.04262E+16,5.34943E+16
1574,1,0,53,108,2018,5,9,5,3,5,3,0,1,1,0,0,0,0,0,5.97838E+20,5.9495E+21,1.04815E+16,5.3685E+16
1575,1,0,55,46,2018,4,9,3,3,4,6,0,0,1,0,0,1,0,0,6.43201E+20,6.03793E+21,1.12097E+16,5.44688E+16
1576,1,0,1,0,2018,4,13,5,2,5,3,0,0,1,0,0,0,1,0,5.29813E+20,6.07059E+21,9.46354E+15,5.47816E+16
1577,1,0,54,128,2018,5,10,2,3,2,2,0,0,1,0,0,0,0,0,4.99843E+20,6.04859E+21,8.99757E+15,5.45848E+16
1578,1,0,58,171,2018,4,13,1,1,2,6,0,0,0,0,1,0,0,0,5.59189E+20,6.01605E+21,9.90928E+15,5.42889E+16
1579,1,0,4,0,2018,4,14,5,3,2,6,0,0,0,0,0,0,1,0,5.62289E+20,5.99758E+21,9.95307E+15,5.41226E+16
1580,1,0,3,0,2018,5,16,2,3,5,2,0,1,1,0,0,0,0,0,6.09413E+20,5.97095E+21,1.06643E+16,5.38754E+16
1581,1,0,62,83,2018,4,11,1,2,9,1,0,0,0,0,1,0,0,0,5.9714E+20,5.95949E+21,1.0474E+16,5.3775E+16
1582,1,0,3,0,2018,5,10,5,3,2,6,0,0,1,0,0,0,0,0,6.10091E+20,5.96936E+21,1.0674E+16,5.3861E+16
1583,1,0,58,18,2018,5,14,3,3,3,6,0,0,1,0,0,0,0,1,5.66103E+20,6.00924E+21,1.0014E+16,5.42269E+16
1584,1,0,4,0,2018,4,14,1,3,2,6,0,0,1,0,0,0,0,0,5.63741E+20,5.99169E+21,9.97404E+15,5.40695E+16
1585,1,0,58,92,2018,5,18,4,3,5,2,0,1,1,0,0,0,0,0,5.70345E+20,6.02097E+21,1.00818E+16,5.43317E+16
1586,1,0,2,0,2018,4,16,1,3,0,1,0,0,1,0,0,0,0,1,5.72926E+20,6.01796E+21,1.01207E+16,5.43043E+16
1587,1,0,56,51,2018,5,23,7,3,5,3,2,0,1,0,0,0,0,0,5.44638E+20,5.96729E+21,9.67858E+15,5.38522E+16
1588,1,0,51,44,2018,5,17,4,3,5,3,0,1,1,0,0,0,0,0,5.07697E+20,6.00551E+21,9.11798E+15,5.41975E+16
1589,1,0,58,47,2018,4,19,1,2,8,1,0,0,1,0,0,0,0,0,5.36737E+20,6.01394E+21,9.56414E+15,5.42721E+16
1590,1,0,60,19,2018,4,15,3,2,5,3,0,0,1,0,0,0,0,0,5.60281E+20,5.95675E+21,9.9143E+15,5.37559E+16
1591,1,0,60,54,2018,4,7,5,3,5,3,0,1,1,0,0,0,0,0,5.58434E+20,5.969E+21,9.88861E+15,5.38661E+16
1592,1,0,4,0,2018,5,18,2,2,0,7,0,0,0,0,1,0,0,0,5.63844E+20,5.99384E+21,9.97608E+15,5.40888E+16
1593,1,0,2,0,2018,4,12,1,3,5,3,0,0,1,0,0,0,0,0,5.74586E+20,6.01791E+21,1.01462E+16,5.43036E+16
1594,1,0,4,0,2018,4,18,5,3,2,2,0,0,1,0,0,0,0,0,5.63056E+20,5.99345E+21,9.96395E+15,5.40853E+16
1595,1,0,62,1,2018,5,20,2,3,4,6,0,1,0,0,0,0,0,0,5.79746E+20,5.94529E+21,1.02065E+16,5.36503E+16
1596,1,0,61,13,2018,4,6,2,3,9,7,1,0,1,0,0,0,0,1,5.27952E+20,5.98774E+21,9.42681E+15,5.40372E+16
1597,1,0,55,10,2018,5,22,5,3,2,6,2,0,1,0,0,0,0,0,6.34701E+20,6.0107E+21,1.10663E+16,5.42266E+16
1598,1,0,57,55,2018,5,15,3,2,5,3,0,0,1,0,0,0,0,1,6.01271E+20,6.02271E+21,1.05578E+16,5.43421E+16
1599,1,0,57,50,2018,4,15,1,3,2,6,0,0,1,0,1,0,0,0,5.89492E+20,6.01665E+21,1.03749E+16,5.429E+16
1600,1,0,55,44,2018,5,14,4,3,2,6,0,0,1,0,0,0,0,0,6.14707E+20,5.98744E+21,1.0751E+16,5.40224E+16
1601,1,0,3,0,2018,4,18,1,3,2,6,0,0,1,0,0,0,0,0,6.08016E+20,5.96758E+21,1.06418E+16,5.38455E+16
1602,1,0,51,133,2018,5,15,7,3,8,1,0,0,0,0,1,0,0,0,5.06571E+20,6.01163E+21,9.10086E+15,5.42526E+16
1603,1,0,57,30,2018,4,13,1,3,0,7,0,0,0,0,1,0,0,0,6.04674E+20,6.01699E+21,1.06081E+16,5.42901E+16
1604,1,0,62,25,2018,5,17,1,3,5,3,0,1,1,0,0,0,0,0,6.04106E+20,5.9667E+21,1.05821E+16,5.38384E+16
1605,1,0,3,0,2018,4,9,7,3,0,3,0,1,1,0,0,0,0,0,6.1013E+20,5.96992E+21,1.06748E+16,5.3866E+16
1606,1,0,3,0,2018,4,15,1,3,2,1,0,0,0,0,1,0,0,0,6.05558E+20,5.97077E+21,1.06056E+16,5.38747E+16
1607,1,0,57,30,2018,4,14,1,2,0,7,0,1,0,0,0,0,0,0,6.08094E+20,6.02051E+21,1.06619E+16,5.4321E+16
1608,1,0,62,4,2018,4,15,6,3,2,2,0,0,1,0,0,0,0,0,5.87568E+20,5.96165E+21,1.03294E+16,5.3796E+16
1609,1,0,53,50,2018,5,19,6,3,0,7,0,0,0,0,1,0,0,1,5.94295E+20,5.92282E+21,1.04198E+16,5.34459E+16
1610,1,0,60,47,2018,5,16,3,3,5,3,0,0,1,0,0,0,0,0,5.71161E+20,5.96403E+21,1.0081E+16,5.38199E+16
1611,1,0,62,71,2018,5,19,7,3,9,7,0,0,1,0,0,0,0,0,5.80652E+20,5.9389E+21,1.02186E+16,5.35927E+16
1612,1,0,3,0,2018,4,16,4,3,5,2,0,1,1,0,0,0,0,0,6.11041E+20,5.97365E+21,1.069E+16,5.38994E+16
1613,1,0,2,0,2018,4,18,6,3,1,6,0,1,1,0,0,0,0,0,5.72911E+20,6.02091E+21,1.01212E+16,5.43308E+16
1614,1,0,2,0,2018,5,10,3,3,6,2,0,0,1,1,0,0,0,0,5.7303E+20,6.02126E+21,1.01232E+16,5.4334E+16
1615,1,0,54,148,2018,4,11,1,3,5,3,0,1,1,0,0,0,0,0,4.84587E+20,6.01733E+21,8.76314E+15,5.43037E+16
1616,1,0,56,15,2018,4,15,4,3,2,6,0,0,1,0,0,0,0,0,5.46601E+20,5.95533E+21,9.70661E+15,5.37445E+16
1617,1,0,2,0,2018,5,13,5,3,2,6,0,0,1,0,1,0,0,0,5.73695E+20,6.01906E+21,1.01328E+16,5.43141E+16
1618,1,0,3,0,2018,4,13,6,3,5,3,0,1,1,0,0,0,0,0,6.09929E+20,5.97027E+21,1.06719E+16,5.38692E+16
1619,1,0,59,158,2018,4,12,3,3,5,2,0,0,1,0,0,0,0,0,5.11802E+20,6.06802E+21,9.18341E+15,5.47593E+16
1620,1,0,3,0,2018,5,13,6,3,5,3,0,1,1,0,0,0,0,0,6.0803E+20,5.96451E+21,1.0641E+16,5.38179E+16
1621,1,0,55,16,2018,5,14,4,3,2,6,0,0,1,0,0,0,0,0,6.2749E+20,6.00224E+21,1.09522E+16,5.41524E+16
1622,1,0,4,0,2018,5,11,5,3,5,7,0,0,1,0,1,0,0,0,5.63347E+20,5.99017E+21,9.96771E+15,5.40558E+16
1623,1,0,57,44,2018,4,18,3,3,5,2,0,0,1,0,0,0,0,0,5.9411E+20,6.01673E+21,1.04458E+16,5.42898E+16
1624,1,0,60,36,2018,5,11,1,3,5,3,0,0,1,0,0,0,0,0,5.65228E+20,5.9729E+21,9.99275E+15,5.39005E+16
1625,1,0,1,0,2018,4,18,1,3,5,3,0,0,1,0,0,0,0,0,5.28379E+20,6.06794E+21,9.44099E+15,5.47579E+16
1626,1,0,60,63,2018,4,15,4,3,2,6,0,0,1,0,0,0,0,0,5.63795E+20,5.94645E+21,9.96547E+15,5.36629E+16
1627,1,0,3,0,2018,5,10,2,3,5,2,0,1,1,0,0,0,0,0,6.1285E+20,5.96997E+21,1.07162E+16,5.3866E+16
1628,1,0,55,1,2018,4,14,1,3,2,6,0,0,1,0,1,0,0,0,6.03143E+20,5.98562E+21,1.05739E+16,5.40085E+16
1629,1,0,58,124,2018,5,8,5,3,3,6,0,0,1,0,0,1,0,0,5.46739E+20,6.01516E+21,9.71791E+15,5.42822E+16
1630,1,0,56,39,2018,4,15,2,3,6,2,0,0,1,1,0,0,0,1,5.52378E+20,5.94636E+21,9.79269E+15,5.36634E+16
1631,1,0,56,18,2018,4,15,1,3,3,6,0,0,1,0,0,0,0,0,5.55114E+20,5.94409E+21,9.83369E+15,5.36427E+16
1632,1,0,2,0,2018,5,14,4,3,5,3,0,0,1,0,0,0,0,0,5.72469E+20,6.02112E+21,1.01145E+16,5.43328E+16
1633,1,0,59,184,2018,4,16,1,2,9,7,0,0,1,0,0,0,0,0,5.26554E+20,6.06022E+21,9.41192E+15,5.46886E+16
1634,1,0,3,0,2018,5,12,7,2,8,6,0,0,1,0,1,0,0,0,6.1006E+20,5.96528E+21,1.06721E+16,5.38244E+16
1635,1,0,53,96,2018,5,6,4,3,5,7,0,0,1,0,0,0,1,0,6.05303E+20,5.94614E+21,1.05933E+16,5.36534E+16
1636,1,0,1,0,2018,5,13,1,3,5,3,0,0,1,0,1,0,0,0,5.28015E+20,6.0681E+21,9.43535E+15,5.47594E+16
1637,1,0,54,126,2018,4,16,7,2,0,6,0,1,0,0,1,0,0,0,4.94618E+20,6.06657E+21,8.9164E+15,5.47464E+16
1638,1,0,59,121,2018,4,12,1,2,3,2,0,0,1,0,0,0,0,0,5.60923E+20,6.06502E+21,9.94603E+15,5.47287E+16
1639,1,0,55,4,2018,4,17,1,3,2,6,0,0,1,0,0,0,0,0,6.12399E+20,5.97541E+21,1.07113E+16,5.39149E+16
1640,1,0,60,44,2018,4,17,5,3,2,6,0,0,1,0,0,0,1,0,5.64124E+20,5.9638E+21,9.97404E+15,5.38187E+16
1641,1,0,59,6,2018,5,17,6,3,5,2,0,0,1,0,1,0,0,0,5.46488E+20,6.05613E+21,9.72049E+15,5.46504E+16
1642,1,0,55,44,2018,5,21,3,3,8,7,2,0,1,0,0,0,0,0,6.10511E+20,5.98667E+21,1.06867E+16,5.40165E+16
1643,1,0,62,48,2018,4,17,4,3,4,6,0,0,1,0,0,0,1,0,6.03093E+20,5.97358E+21,1.05691E+16,5.39004E+16
1644,1,0,58,164,2018,5,16,7,3,9,1,0,0,1,0,0,0,0,0,5.37187E+20,5.99819E+21,9.5691E+15,5.41305E+16
1645,1,0,58,32,2018,5,13,6,2,8,1,0,1,0,0,0,0,0,0,5.63223E+20,6.05546E+21,9.97967E+15,5.46426E+16
1646,1,0,57,91,2018,4,6,4,2,5,2,0,0,1,0,0,0,0,0,5.81264E+20,6.01536E+21,1.02482E+16,5.42797E+16
1647,1,0,56,50,2018,4,13,5,3,0,1,0,1,0,0,0,0,0,0,5.47869E+20,5.93745E+21,9.72308E+15,5.35837E+16
1648,1,0,56,39,2018,5,16,2,3,2,6,0,0,1,0,0,0,0,0,5.53799E+20,5.94562E+21,9.81406E+15,5.36566E+16
1649,1,0,2,0,2018,5,13,1,3,2,6,0,0,1,0,0,0,0,0,5.73024E+20,6.02124E+21,1.01231E+16,5.43337E+16
1650,1,0,4,0,2018,4,19,7,2,5,2,0,1,1,0,0,0,0,0,5.63481E+20,5.99182E+21,9.9701E+15,5.40707E+16
1651,1,0,58,169,2018,4,0,1,2,8,1,2,0,1,0,0,0,0,0,5.60392E+20,5.99171E+21,9.92289E+15,5.407E+16
1652,1,0,56,41,2018,4,15,1,2,9,7,0,0,0,0,1,0,0,0,5.61944E+20,5.9529E+21,9.93875E+15,5.37211E+16
1653,1,0,58,18,2018,4,11,6,3,2,6,0,0,1,0,0,0,0,0,5.66648E+20,6.00991E+21,1.00225E+16,5.42328E+16
1654,1,0,4,0,2018,5,11,6,2,5,2,0,1,0,0,0,0,0,0,5.65061E+20,5.99258E+21,9.9944E+15,5.40773E+16
1655,1,0,62,1,2018,5,7,3,3,5,2,0,1,1,0,0,0,0,0,5.81707E+20,5.94816E+21,1.02369E+16,5.36758E+16
1656,1,0,59,174,2018,4,16,4,3,5,7,0,0,1,0,0,0,0,0,5.21812E+20,6.06147E+21,9.33847E+15,5.47001E+16
1657,1,0,53,118,2018,5,12,7,3,0,7,0,0,1,0,1,0,0,0,6.00634E+20,5.95682E+21,1.05262E+16,5.37503E+16
1658,1,0,53,96,2018,5,15,6,3,5,3,0,1,1,0,0,0,0,0,6.04446E+20,5.94613E+21,1.05804E+16,5.36535E+16
1659,1,0,58,78,2018,4,14,4,3,8,7,0,0,1,0,0,0,0,0,5.29649E+20,6.01572E+21,9.45547E+15,5.42885E+16
1660,1,0,59,57,2018,4,12,6,3,8,1,0,0,0,0,0,1,0,0,5.33155E+20,6.04263E+21,9.51234E+15,5.45302E+16
1661,1,0,59,187,2018,5,14,3,3,8,1,0,0,1,0,0,0,0,0,5.54363E+20,6.05309E+21,9.84195E+15,5.46223E+16
1662,1,0,60,64,2018,4,15,1,3,3,6,0,0,1,0,0,0,0,0,5.61398E+20,5.96673E+21,9.93323E+15,5.38454E+16
1663,1,0,58,34,2018,4,16,4,3,5,2,0,1,1,0,0,0,0,0,5.43166E+20,6.01822E+21,9.66347E+15,5.431E+16
1664,1,0,54,56,2018,5,7,5,2,6,2,0,0,0,1,0,0,1,0,5.03616E+20,6.03633E+21,9.05581E+15,5.44746E+16
1665,1,0,2,0,2018,4,13,6,3,2,6,0,0,1,0,0,0,0,0,5.74596E+20,6.01792E+21,1.01464E+16,5.43037E+16
1666,1,0,56,50,2018,4,16,2,3,2,6,0,0,1,0,0,0,0,0,5.47292E+20,5.93959E+21,9.71469E+15,5.3603E+16
1667,1,0,2,0,2018,5,14,6,3,2,6,0,0,1,0,0,0,0,0,5.73589E+20,6.02412E+21,1.01325E+16,5.43596E+16
1668,1,0,58,135,2018,5,16,4,3,2,2,0,0,1,0,0,0,0,0,5.41693E+20,6.01893E+21,9.64092E+15,5.43165E+16
1669,1,0,3,0,2018,4,10,1,3,2,6,0,0,1,0,0,0,0,0,6.09484E+20,5.97193E+21,1.06657E+16,5.38843E+16
1670,1,0,59,83,2018,5,15,5,3,2,2,0,0,1,0,0,1,0,1,5.51875E+20,6.05533E+21,9.80383E+15,5.46427E+16
1671,1,0,62,9,2018,4,17,3,3,8,7,0,0,1,0,0,0,0,0,5.78169E+20,5.93523E+21,1.01801E+16,5.35601E+16
1672,1,0,51,1,2018,4,15,2,3,8,1,0,0,0,0,0,1,0,0,5.19134E+20,5.99787E+21,9.2928E+15,5.41286E+16
1673,1,0,62,4,2018,5,9,1,3,2,6,0,0,1,0,0,0,0,0,5.90551E+20,5.96353E+21,1.03753E+16,5.38124E+16
1674,1,0,51,58,2018,4,12,7,3,2,6,0,0,1,0,0,0,0,0,4.97354E+20,6.01777E+21,8.95933E+15,5.43078E+16
1675,1,0,3,0,2018,4,13,4,3,5,3,0,0,1,0,0,0,0,0,6.09142E+20,5.96736E+21,1.06589E+16,5.38433E+16
1676,1,0,2,0,2018,5,8,2,3,0,7,0,1,0,0,0,0,0,0,5.73487E+20,6.02145E+21,1.01302E+16,5.43356E+16
1677,1,0,2,0,2018,4,9,1,3,2,2,0,0,1,0,1,0,0,0,5.73674E+20,6.019E+21,1.01325E+16,5.43135E+16
1678,1,0,53,27,2018,4,15,2,3,5,3,0,1,1,0,0,0,0,1,6.00663E+20,5.93243E+21,1.05187E+16,5.35311E+16
1679,1,0,56,29,2018,4,16,7,2,0,1,0,1,0,0,0,0,0,0,5.42678E+20,5.95309E+21,9.64683E+15,5.37247E+16
1680,1,0,62,9,2018,5,15,4,3,8,7,0,0,1,0,0,0,0,0,5.77688E+20,5.93534E+21,1.01729E+16,5.35612E+16
1681,1,0,62,23,2018,4,16,7,3,8,7,0,0,0,0,1,0,0,1,5.83202E+20,5.94726E+21,1.02593E+16,5.36675E+16
1682,1,0,2,0,2018,5,9,7,2,5,2,0,0,1,0,1,0,0,0,5.73404E+20,6.01977E+21,1.01285E+16,5.43205E+16
1683,1,0,55,46,2018,5,12,4,2,5,3,0,1,1,0,0,0,0,0,6.41385E+20,6.03498E+21,1.11803E+16,5.44428E+16
1684,1,0,51,99,2018,5,16,1,3,2,6,0,0,1,0,0,0,0,0,5.23903E+20,5.99011E+21,9.36516E+15,5.40587E+16
1685,1,0,60,63,2018,4,16,6,3,2,6,0,0,1,0,0,0,0,0,5.6476E+20,5.94717E+21,9.98021E+15,5.36692E+16
1686,1,0,62,23,2018,4,7,1,3,8,1,0,0,1,0,0,0,0,0,5.86419E+20,5.94795E+21,1.03082E+16,5.36731E+16
1687,1,0,60,91,2018,4,17,7,3,8,7,0,0,0,0,0,1,0,0,5.87494E+20,5.97367E+21,1.03317E+16,5.39041E+16
1688,1,0,3,0,2018,4,12,5,3,5,3,0,1,1,0,0,0,0,0,6.11383E+20,5.96902E+21,1.06935E+16,5.38577E+16
1689,1,0,62,9,2018,5,9,6,3,2,6,0,0,1,0,0,0,0,0,5.79176E+20,5.93667E+21,1.01957E+16,5.35729E+16
1690,1,0,58,81,2018,5,17,3,3,2,2,0,0,1,0,0,0,0,0,5.45957E+20,6.02597E+21,9.70755E+15,5.43795E+16
1691,1,0,54,52,2018,4,15,3,3,5,3,0,0,1,0,0,0,0,0,5.03258E+20,6.03999E+21,9.05031E+15,5.45075E+16
1692,1,0,56,16,2018,4,13,3,3,5,3,0,1,0,0,0,1,0,0,5.42758E+20,5.95125E+21,9.64778E+15,5.37082E+16
1693,1,0,58,146,2018,5,9,7,3,2,6,0,0,1,0,0,0,0,0,5.497E+20,6.01632E+21,9.76358E+15,5.42924E+16
1694,1,0,54,135,2018,5,17,6,3,9,1,0,0,1,0,0,0,0,0,4.92081E+20,6.02314E+21,8.87815E+15,5.43561E+16
1695,1,0,51,46,2018,4,15,2,3,4,6,0,0,1,0,0,0,0,0,5.00838E+20,5.98073E+21,9.01277E+15,5.39749E+16
1696,1,0,59,183,2018,4,15,4,3,2,6,0,0,1,0,0,0,0,0,5.22415E+20,6.06957E+21,9.34844E+15,5.47728E+16
1697,1,0,62,9,2018,4,17,5,2,5,3,0,1,1,0,0,0,0,0,5.80878E+20,5.93608E+21,1.02212E+16,5.35674E+16
1698,1,0,62,6,2018,5,9,2,3,5,2,0,1,1,0,0,0,0,0,5.8505E+20,5.95277E+21,1.02888E+16,5.37167E+16
1699,1,0,60,63,2018,4,5,7,3,9,1,2,0,1,0,0,0,0,0,5.68714E+20,5.94954E+21,1.00406E+16,5.369E+16
1700,1,0,1,0,2018,4,10,6,2,5,3,0,0,1,0,1,0,0,0,5.27761E+20,6.0694E+21,9.43153E+15,5.47711E+16
1701,1,0,55,11,2018,5,21,3,3,7,7,1,0,1,0,0,0,0,0,6.22982E+20,6.01369E+21,1.08879E+16,5.42563E+16
1702,1,0,2,0,2018,4,7,2,3,6,4,0,0,1,1,0,0,0,0,5.7199E+20,6.01804E+21,1.01064E+16,5.43052E+16
1703,1,0,51,131,2018,5,6,5,2,8,1,0,0,0,0,1,0,0,0,5.16605E+20,6.00818E+21,9.25467E+15,5.42213E+16
1704,1,0,62,60,2018,5,8,4,3,2,6,0,0,1,0,0,0,0,0,5.8464E+20,5.93605E+21,1.0278E+16,5.35665E+16
1705,1,0,56,49,2018,4,14,7,3,5,3,0,1,1,0,0,0,0,0,5.43777E+20,5.94858E+21,9.66284E+15,5.36841E+16
1706,1,0,62,60,2018,5,15,4,3,3,2,0,0,1,0,1,0,0,0,5.81438E+20,5.93E+21,1.02281E+16,5.35126E+16
1707,1,0,57,57,2018,4,7,2,3,2,2,0,0,1,0,0,0,0,0,5.93947E+20,6.00202E+21,1.04387E+16,5.41577E+16
1708,1,0,59,183,2018,5,16,1,2,5,2,0,0,1,0,1,0,0,0,5.21446E+20,6.07004E+21,9.33342E+15,5.47771E+16
1709,1,0,56,2,2018,4,17,7,3,8,7,0,0,0,0,1,0,0,0,5.50527E+20,5.95859E+21,9.76667E+15,5.37735E+16
1710,1,0,58,49,2018,5,14,2,1,9,7,0,0,0,0,1,0,0,0,5.52252E+20,6.01246E+21,9.8021E+15,5.42574E+16
1711,1,0,56,44,2018,4,14,7,3,0,1,0,1,0,0,0,0,0,0,5.55669E+20,5.93933E+21,9.84123E+15,5.35998E+16
1712,1,0,3,0,2018,4,15,3,3,5,2,0,1,0,0,0,0,1,0,6.10284E+20,5.96798E+21,1.06765E+16,5.38486E+16
1713,1,0,60,2,2018,4,13,3,2,0,7,0,1,0,0,0,0,0,0,5.60268E+20,5.96041E+21,9.91481E+15,5.37888E+16
1714,1,0,56,30,2018,5,22,4,3,8,7,2,0,1,0,0,0,0,0,5.43813E+20,5.96192E+21,9.66528E+15,5.3804E+16
1715,1,0,2,0,2018,4,13,6,3,2,6,0,0,1,0,0,0,0,0,5.73428E+20,6.02575E+21,1.01304E+16,5.43742E+16
1716,1,0,3,0,2018,4,13,2,3,2,2,0,0,1,0,0,0,0,0,6.08291E+20,5.96918E+21,1.06466E+16,5.38598E+16
1717,1,0,55,4,2018,5,11,6,3,2,6,0,0,1,0,1,0,0,0,6.11565E+20,5.97497E+21,1.06985E+16,5.39111E+16
1718,1,0,2,0,2018,5,11,4,3,5,2,0,1,1,0,0,0,0,0,5.73506E+20,6.01904E+21,1.01299E+16,5.43139E+16
1719,1,0,60,10,2018,4,12,7,3,8,1,0,0,1,0,0,0,0,0,5.86063E+20,5.98691E+21,1.03137E+16,5.40233E+16
1720,1,0,60,68,2018,5,16,4,2,4,6,0,0,1,0,1,0,0,0,5.77896E+20,5.98102E+21,1.01876E+16,5.39717E+16
1721,1,0,3,0,2018,4,12,2,3,6,6,2,1,0,1,0,0,0,0,6.12915E+20,5.96977E+21,1.07171E+16,5.38641E+16
1722,1,0,58,1,2018,5,18,1,3,5,2,0,1,0,0,0,0,0,0,5.66109E+20,6.01779E+21,1.0016E+16,5.43037E+16
1723,1,0,53,3,2018,4,16,7,2,4,6,0,0,1,0,1,0,0,0,5.89629E+20,5.93435E+21,1.03529E+16,5.35503E+16
1724,1,0,54,52,2018,5,18,2,3,5,3,0,1,1,0,0,0,0,0,5.03258E+20,6.03999E+21,9.05032E+15,5.45075E+16
1725,1,0,61,39,2018,4,11,7,3,5,2,0,1,0,0,1,0,0,0,5.29952E+20,5.97096E+21,9.45569E+15,5.38862E+16
1726,1,0,2,0,2018,4,15,2,3,5,3,0,1,1,0,0,0,0,0,5.72884E+20,6.02002E+21,1.01206E+16,5.43229E+16
1727,1,0,3,0,2018,4,20,7,3,2,2,1,0,1,0,0,0,0,0,6.10296E+20,5.97157E+21,1.06779E+16,5.38808E+16
1728,1,0,58,94,2018,4,14,7,2,9,1,0,0,1,0,0,0,0,1,5.62564E+20,6.00885E+21,9.95962E+15,5.42239E+16
1729,1,0,58,54,2018,5,16,7,3,2,6,0,0,1,0,0,0,0,0,5.39026E+20,6.01742E+21,9.59973E+15,5.43032E+16
1730,1,0,55,35,2018,5,18,4,3,2,6,0,1,0,0,0,0,0,0,6.13944E+20,5.97613E+21,1.07351E+16,5.3921E+16
1731,1,0,53,100,2018,5,14,7,3,2,6,0,0,1,0,0,0,0,0,6.1774E+20,5.95132E+21,1.07834E+16,5.36972E+16
1732,1,0,60,63,2018,4,13,4,3,0,1,0,1,0,0,0,0,0,0,5.69075E+20,5.94923E+21,1.0046E+16,5.36873E+16
1733,1,0,60,63,2018,4,14,6,3,5,2,0,1,1,0,0,0,0,0,5.65931E+20,5.94866E+21,9.99826E+15,5.36825E+16