OBJECTID_1,ULAND,UREGBEZ,UKREIS,UGEMEINDE,UJAHR,UMONAT,USTUNDE,UWOCHENTAG,UKATEGORIE,UART,UTYP1,ULICHTVERH,IstRad,IstPKW,IstFuss,IstKrad,IstGkfz,IstSonstig,STRZUSTAND,LINREFX,LINREFY,XGCSWGS84,YGCSWGS84
1734,1,0,56,22,2018,5,16,3,3,5,2,0,0,1,0,0,0,0,0,5.5279E+20,5.95906E+21,9.80108E+15,5.37774E+16
1735,1,0,60,92,2018,4,21,7,2,4,6,2,1,0,0,0,0,0,0,5.80183E+20,5.97864E+21,1.02218E+16,5.39499E+16
1736,1,0,58,11,2018,4,10,7,2,0,7,0,1,0,0,0,0,0,0,5.47707E+20,6.00423E+21,9.73104E+15,5.41839E+16
1737,1,0,3,0,2018,4,22,5,3,5,3,2,1,1,0,0,0,0,0,6.08071E+20,5.96809E+21,1.06429E+16,5.38501E+16
1738,1,0,61,48,2018,5,14,5,2,2,2,0,0,1,0,0,0,0,0,5.31155E+20,5.98624E+21,9.47555E+15,5.40235E+16
1739,1,0,2,0,2018,5,17,3,3,5,3,0,0,1,0,0,0,1,0,5.72546E+20,6.02111E+21,1.01157E+16,5.43327E+16
1740,1,0,51,133,2018,4,13,6,3,8,1,0,0,0,0,1,0,0,0,5.07668E+20,6.01376E+21,9.11775E+15,5.42717E+16
1741,1,0,54,33,2018,4,10,3,3,0,7,0,0,1,0,0,0,1,0,5.04764E+20,6.02572E+21,9.07334E+15,5.43792E+16
1742,1,0,55,40,2018,4,10,3,1,5,2,0,1,1,0,0,0,0,0,6.07844E+20,5.97239E+21,1.06409E+16,5.38887E+16
1743,1,0,60,92,2018,5,16,6,3,2,6,0,0,1,0,1,0,0,0,5.79341E+20,5.97904E+21,1.02091E+16,5.39536E+16
1744,1,0,59,183,2018,5,11,6,2,1,6,0,0,1,0,1,0,0,0,5.19442E+20,6.07008E+21,9.30226E+15,5.47776E+16
1745,1,0,51,81,2018,4,7,3,3,5,3,0,0,1,0,0,0,0,0,5.02368E+20,6.00343E+21,9.03628E+15,5.41789E+16
1746,1,0,58,116,2018,4,14,5,2,5,3,0,0,1,0,0,1,0,0,5.6517E+20,6.03532E+21,1.00054E+16,5.44614E+16
1747,1,0,3,0,2018,5,17,2,3,5,2,0,1,1,0,0,0,0,0,6.22039E+20,5.98092E+21,1.08602E+16,5.39622E+16
1748,1,0,58,61,2018,4,16,7,3,0,1,0,0,0,0,1,0,0,0,5.3083E+20,5.99574E+21,9.47156E+15,5.41089E+16
1749,1,0,62,71,2018,4,17,5,3,5,3,0,0,1,0,0,0,0,1,5.80779E+20,5.94027E+21,1.02208E+16,5.3605E+16
1750,1,0,60,88,2018,5,19,2,2,9,1,0,0,0,0,1,0,0,0,5.75993E+20,5.97077E+21,1.0156E+16,5.38798E+16
1751,1,0,59,82,2018,4,13,2,2,4,6,0,0,1,0,0,1,1,0,5.39448E+20,6.05207E+21,9.61084E+15,5.46146E+16
1752,1,0,62,27,2018,5,13,5,3,2,6,0,0,1,0,0,0,0,0,5.85981E+20,5.95255E+21,1.03028E+16,5.37145E+16
1753,1,0,53,110,2018,5,11,3,2,8,7,0,0,1,0,0,0,0,1,6.16E+20,5.94726E+21,1.07555E+16,5.36612E+16
1754,1,0,58,54,2018,4,16,7,3,2,6,0,0,1,0,0,0,0,0,5.39026E+20,6.01743E+21,9.59974E+15,5.43033E+16
1755,1,0,62,35,2018,5,7,4,3,5,3,0,0,1,0,0,0,0,0,5.88206E+20,5.9443E+21,1.03342E+16,5.364E+16
1756,1,0,53,28,2018,4,18,2,3,2,6,0,0,1,0,0,0,1,0,5.85868E+20,5.92417E+21,1.02933E+16,5.34595E+16
1757,1,0,54,61,2018,5,17,1,2,0,1,0,1,0,0,0,0,0,0,4.57887E+20,6.09004E+21,8.34238E+15,5.49555E+16
1758,1,0,58,53,2018,4,16,7,2,4,6,0,0,1,0,0,0,0,0,5.70555E+20,6.01253E+21,1.0083E+16,5.42558E+16
1759,1,0,60,29,2018,5,16,1,3,2,6,0,0,1,0,1,0,0,0,5.81502E+20,5.96701E+21,1.02388E+16,5.38452E+16
1760,1,0,3,0,2018,4,17,7,3,6,2,0,0,1,1,0,0,0,0,6.09346E+20,5.97024E+21,1.0663E+16,5.38691E+16
1761,1,0,53,100,2018,4,16,1,3,2,6,0,0,1,0,1,0,0,0,6.1629E+20,5.95153E+21,1.07615E+16,5.36995E+16
1762,1,0,2,0,2018,4,9,7,3,5,3,0,1,1,0,0,0,0,0,5.75664E+20,6.02899E+21,1.01656E+16,5.4403E+16
1763,1,0,60,63,2018,4,18,6,3,0,7,0,0,1,0,0,0,0,0,5.66119E+20,5.94856E+21,1.00011E+16,5.36816E+16
1764,1,0,56,21,2018,5,8,6,2,4,6,0,0,1,0,0,1,0,0,5.59544E+20,5.94995E+21,9.90182E+15,5.36948E+16
1765,1,0,59,78,2018,5,5,4,3,2,6,0,0,1,0,0,1,0,0,5.37018E+20,6.03515E+21,9.57109E+15,5.44627E+16
1766,1,0,54,108,2018,5,18,7,2,5,3,0,0,1,0,0,0,0,0,4.93707E+20,6.05058E+21,8.90259E+15,5.46027E+16
1767,1,0,55,38,2018,4,10,4,3,8,7,0,0,1,0,0,0,0,0,6.12576E+20,6.00637E+21,1.07255E+16,5.4193E+16
1768,1,0,58,124,2018,4,15,6,3,5,2,0,0,1,0,0,0,0,0,5.46697E+20,6.01683E+21,9.71752E+15,5.42972E+16
1769,1,0,3,0,2018,5,17,3,3,2,2,0,0,1,0,0,0,0,0,6.08401E+20,5.9681E+21,1.06479E+16,5.38501E+16
1770,1,0,57,30,2018,4,14,7,2,4,6,0,0,0,0,1,0,0,0,6.06307E+20,6.01926E+21,1.0634E+16,5.43102E+16
1771,1,0,62,76,2018,4,23,7,2,5,3,2,0,1,0,0,0,0,0,5.72558E+20,5.95381E+21,1.00998E+16,5.37279E+16
1772,1,0,60,27,2018,4,15,2,2,8,7,0,0,1,0,0,0,0,1,5.61253E+20,5.98403E+21,9.93448E+15,5.4001E+16
1773,1,0,59,80,2018,4,19,7,3,8,1,1,0,0,0,1,0,0,0,5.48284E+20,6.04929E+21,9.74719E+15,5.45888E+16
1774,1,0,51,81,2018,4,13,6,3,2,6,0,0,1,0,0,0,0,0,5.01378E+20,6.00406E+21,9.02112E+15,5.41846E+16
1775,1,0,51,129,2018,5,4,6,3,9,7,1,0,1,0,0,0,0,0,4.91889E+20,6.01022E+21,8.87554E+15,5.42399E+16
1776,1,0,2,0,2018,5,9,4,3,2,7,0,0,1,0,0,0,0,0,5.72961E+20,6.02018E+21,1.01218E+16,5.43243E+16
1777,1,0,3,0,2018,5,9,7,3,0,7,0,1,0,0,0,0,0,0,6.11852E+20,5.96852E+21,1.07005E+16,5.38531E+16
1778,1,0,62,1,2018,4,20,4,3,4,6,2,1,0,0,0,0,0,0,5.81926E+20,5.94757E+21,1.02401E+16,5.36704E+16
1779,1,0,62,4,2018,4,19,6,3,5,3,0,1,1,0,0,0,0,0,5.90208E+20,5.96349E+21,1.03701E+16,5.38122E+16
1780,1,0,53,129,2018,5,7,3,3,5,3,0,1,1,0,0,0,0,0,5.84342E+20,5.92759E+21,1.02712E+16,5.34905E+16
1781,1,0,55,32,2018,4,11,7,3,0,6,0,1,1,0,0,0,0,0,6.19466E+20,5.99672E+21,1.08272E+16,5.41048E+16
1782,1,0,59,186,2018,4,11,7,3,2,2,0,0,1,0,0,0,1,0,5.45214E+20,6.06939E+21,9.70281E+15,5.47697E+16
1783,1,0,2,0,2018,4,12,5,3,4,6,0,1,0,0,0,0,0,0,5.73277E+20,6.01994E+21,1.01266E+16,5.4322E+16
1784,1,0,53,83,2018,5,17,5,2,9,7,0,0,0,0,1,0,0,0,6.03402E+20,5.9157E+21,1.05545E+16,5.33802E+16
1785,1,0,2,0,2018,5,15,3,3,3,6,0,1,1,0,0,0,0,0,5.70651E+20,6.01963E+21,1.00862E+16,5.43197E+16
1786,1,0,56,50,2018,4,7,6,2,5,2,0,1,0,0,0,1,0,0,5.46878E+20,5.93808E+21,9.70821E+15,5.35895E+16
1787,1,0,58,34,2018,4,7,3,3,5,2,0,0,1,0,0,0,0,1,5.4443E+20,6.01899E+21,9.68302E+15,5.43169E+16
1788,1,0,62,18,2018,5,13,6,3,2,6,0,0,1,0,0,0,0,0,5.8141E+20,5.93133E+21,1.0228E+16,5.35246E+16
1789,1,0,62,8,2018,5,14,5,3,0,7,0,1,0,0,0,0,0,0,5.98832E+20,5.96362E+21,1.0501E+16,5.38117E+16
1790,1,0,56,37,2018,4,17,3,3,4,6,0,0,1,0,1,0,0,0,5.37913E+20,5.94848E+21,9.57405E+15,5.36837E+16
1791,1,0,57,91,2018,4,10,5,3,5,2,0,0,1,0,0,0,0,0,5.78036E+20,6.01899E+21,1.01995E+16,5.43128E+16
1792,1,0,2,0,2018,5,14,2,3,0,6,0,1,1,0,0,0,0,0,5.72851E+20,6.02187E+21,1.01205E+16,5.43395E+16
1793,1,0,58,146,2018,4,16,7,3,9,7,0,0,1,0,0,0,0,0,5.50452E+20,6.01471E+21,9.77485E+15,5.42778E+16
1794,1,0,2,0,2018,4,16,5,3,5,2,0,1,1,0,0,0,0,0,5.73019E+20,6.02127E+21,1.0123E+16,5.4334E+16
1795,1,0,62,1,2018,5,17,2,3,2,6,0,0,1,0,0,0,0,0,5.81948E+20,5.949E+21,1.02408E+16,5.36833E+16
1796,1,0,61,46,2018,4,11,1,3,5,3,0,0,1,0,0,0,0,0,5.32323E+20,5.97883E+21,9.49261E+15,5.39568E+16
1797,1,0,55,27,2018,5,15,5,3,6,4,0,0,1,1,0,0,0,0,6.23024E+20,6.00971E+21,1.08869E+16,5.42206E+16
1798,1,0,59,35,2018,5,20,3,2,2,2,0,0,1,0,0,0,0,0,5.29029E+20,6.03291E+21,9.44763E+15,5.44431E+16
1799,1,0,61,71,2018,4,20,6,2,8,1,2,0,1,0,0,0,0,0,5.42361E+20,5.97937E+21,9.64564E+15,5.39609E+16
1800,1,0,3,0,2018,5,12,4,3,2,6,0,0,1,0,0,0,0,0,6.12659E+20,5.96972E+21,1.07132E+16,5.38637E+16
1801,1,0,58,43,2018,4,13,1,3,5,3,0,0,1,0,0,0,0,1,5.54293E+20,6.03535E+21,9.83761E+15,5.44629E+16
1802,1,0,56,2,2018,5,10,7,3,2,6,0,0,1,0,0,0,1,0,5.50677E+20,5.96262E+21,9.76961E+15,5.38097E+16
1803,1,0,59,83,2018,5,13,5,2,4,6,0,0,1,0,0,1,0,0,5.48498E+20,6.05498E+21,9.75144E+15,5.46399E+16
1804,1,0,56,29,2018,4,15,6,3,2,6,0,0,1,0,0,0,0,0,5.42725E+20,5.95259E+21,9.64747E+15,5.37202E+16
1805,1,0,4,0,2018,5,9,1,3,5,2,0,0,1,0,0,0,0,0,5.63341E+20,5.98868E+21,9.96731E+15,5.40424E+16
1806,1,0,58,139,2018,4,13,7,3,8,1,0,0,0,0,1,0,0,0,5.66406E+20,6.0142E+21,1.00197E+16,5.42714E+16
1807,1,0,62,48,2018,4,17,1,2,9,1,0,0,0,0,1,0,0,0,6.03304E+20,5.97344E+21,1.05722E+16,5.38991E+16
1808,1,0,56,13,2018,4,7,6,3,5,3,0,1,1,0,0,0,0,0,5.59184E+20,5.94363E+21,9.89516E+15,5.36381E+16
1809,1,0,3,0,2018,4,12,6,3,2,6,0,0,1,0,0,0,0,0,6.08869E+20,5.96975E+21,1.06556E+16,5.38648E+16
1810,1,0,58,135,2018,5,20,6,3,3,6,0,0,1,0,0,0,0,0,5.43545E+20,6.01737E+21,9.66918E+15,5.43024E+16
1811,1,0,60,37,2018,5,6,3,3,7,6,0,0,1,0,0,0,1,0,5.54736E+20,5.96641E+21,9.83193E+15,5.38433E+16
1812,1,0,2,0,2018,4,12,4,3,2,6,0,0,1,0,0,0,0,1,5.73709E+20,6.02183E+21,1.01337E+16,5.4339E+16
1813,1,0,51,82,2018,5,18,6,2,2,2,0,0,0,0,1,0,1,0,5.14651E+20,6.0021E+21,9.2244E+15,5.41667E+16
1814,1,0,60,39,2018,4,16,2,3,5,2,0,0,1,0,0,0,0,0,5.64483E+20,5.9588E+21,9.97845E+15,5.37738E+16
1815,1,0,62,82,2018,4,10,3,3,2,2,0,0,1,0,0,0,0,0,5.9213E+20,5.94158E+21,1.03927E+16,5.36149E+16
1816,1,0,58,94,2018,4,18,4,3,2,6,0,0,1,0,0,0,0,0,5.63736E+20,6.00982E+21,9.97781E+15,5.42324E+16
1817,1,0,1,0,2018,4,18,6,3,2,6,0,0,1,0,0,0,0,0,5.26937E+20,6.07188E+21,9.41894E+15,5.47933E+16
1818,1,0,2,0,2018,5,9,3,3,5,3,0,1,1,0,0,0,0,0,5.68819E+20,6.01759E+21,1.00576E+16,5.43015E+16
1819,1,0,56,36,2018,4,16,6,3,2,6,0,0,1,0,0,0,1,0,5.4426E+20,5.94623E+21,9.66982E+15,5.3663E+16
1820,1,0,55,38,2018,4,10,4,3,9,1,0,0,1,0,0,0,0,0,6.17133E+20,6.00347E+21,1.07942E+16,5.41659E+16
1821,1,0,2,0,2018,5,14,5,3,5,2,0,0,1,0,0,0,0,0,5.73882E+20,6.01958E+21,1.01358E+16,5.43187E+16
1822,1,0,3,0,2018,4,12,6,3,6,4,0,1,0,1,0,0,0,0,6.08387E+20,5.96811E+21,1.06477E+16,5.38502E+16
1823,1,0,62,25,2018,4,23,3,1,2,6,2,0,1,0,0,0,0,1,6.04904E+20,5.96809E+21,1.05947E+16,5.38507E+16
1824,1,0,2,0,2018,5,14,6,3,2,6,0,0,1,0,0,0,0,0,5.73282E+20,6.01723E+21,1.0126E+16,5.42977E+16
1825,1,0,58,61,2018,5,17,4,3,5,3,0,1,1,0,0,0,0,0,5.30843E+20,5.99574E+21,9.47177E+15,5.41089E+16
1826,1,0,57,34,2018,5,16,5,3,9,2,0,0,1,0,0,0,0,1,6.07919E+20,6.0107E+21,1.06557E+16,5.42329E+16
1827,1,0,2,0,2018,4,7,3,3,2,6,0,0,1,0,0,0,0,0,5.68191E+20,6.01817E+21,1.0048E+16,5.43069E+16
1828,1,0,56,48,2018,5,18,1,2,5,2,0,1,1,0,0,0,0,0,5.47024E+20,5.95008E+21,9.71224E+15,5.36973E+16
1829,1,0,56,5,2018,4,12,6,3,2,6,0,0,1,0,0,0,0,0,5.5966E+20,5.94692E+21,9.90298E+15,5.36676E+16
1830,1,0,53,32,2018,4,7,4,3,2,6,0,0,1,0,0,0,0,1,5.91332E+20,5.92171E+21,1.03749E+16,5.34365E+16
1831,1,0,58,52,2018,5,16,2,3,2,6,0,0,1,0,0,0,0,0,5.45317E+20,6.03742E+21,9.69945E+15,5.44824E+16
1832,1,0,4,0,2018,4,19,1,3,5,2,0,0,1,0,1,0,0,0,5.64793E+20,5.99129E+21,9.99003E+15,5.40657E+16
1833,1,0,54,168,2018,4,17,5,2,8,7,0,0,0,0,1,0,0,0,4.54945E+20,6.08086E+21,8.29789E+15,5.48728E+16
1834,1,0,55,18,2018,5,12,5,3,8,7,0,0,1,0,0,0,0,0,6.32346E+20,6.01325E+21,1.10314E+16,5.42501E+16
1835,1,0,53,17,2018,4,17,6,3,2,6,0,0,1,0,0,0,0,0,5.9512E+20,5.92835E+21,1.04339E+16,5.34955E+16
1836,1,0,2,0,2018,4,9,3,3,3,6,0,0,1,0,0,1,0,1,5.74287E+20,6.01993E+21,1.01421E+16,5.43218E+16
1837,1,0,3,0,2018,5,12,6,3,5,3,0,0,1,0,1,0,0,0,6.09463E+20,5.96857E+21,1.06642E+16,5.38541E+16
1838,1,0,62,61,2018,5,11,4,3,8,1,0,0,1,0,0,0,0,0,5.96219E+20,5.96447E+21,1.04616E+16,5.38198E+16
1839,1,0,55,39,2018,5,12,5,2,5,3,0,0,1,0,0,0,0,0,6.14957E+20,5.99197E+21,1.07565E+16,5.40631E+16
1840,1,0,4,0,2018,4,7,3,3,2,2,0,0,1,0,0,1,0,0,5.6337E+20,5.99221E+21,9.96849E+15,5.40742E+16
1841,1,0,53,28,2018,5,15,2,3,2,6,0,0,1,0,0,1,0,0,5.88247E+20,5.92391E+21,1.03291E+16,5.34568E+16
1842,1,0,56,41,2018,4,17,6,3,2,6,0,0,1,0,0,0,0,0,5.62819E+20,5.95539E+21,9.95251E+15,5.37434E+16
1843,1,0,51,63,2018,4,8,4,3,5,3,0,0,1,0,0,0,0,1,5.11602E+20,5.99124E+21,9.17729E+15,5.40692E+16
1844,1,0,55,21,2018,5,9,2,3,5,3,0,0,1,0,1,0,0,0,6.2855E+20,6.02695E+21,1.0979E+16,5.43741E+16
1845,1,0,62,60,2018,4,13,1,3,5,2,0,0,1,0,0,0,0,0,5.82568E+20,5.93431E+21,1.02463E+16,5.35512E+16
1846,1,0,3,0,2018,5,7,5,3,3,6,0,0,1,0,0,0,0,0,6.10122E+20,5.9699E+21,1.06747E+16,5.38659E+16
1847,1,0,51,74,2018,4,17,2,3,5,3,0,1,1,0,0,0,0,0,5.04502E+20,5.9936E+21,9.06883E+15,5.40906E+16
1848,1,0,60,58,2018,4,14,6,3,8,7,0,0,1,0,0,1,0,0,5.75377E+20,5.9617E+21,1.01444E+16,5.37984E+16
1849,1,0,2,0,2018,5,16,4,3,3,6,0,0,1,0,0,1,0,0,5.7724E+20,6.02026E+21,1.01876E+16,5.43243E+16
1850,1,0,54,52,2018,4,10,1,3,2,6,0,0,1,0,0,0,0,1,5.0347E+20,6.04169E+21,9.05361E+15,5.45227E+16
1851,1,0,53,32,2018,5,18,7,2,2,6,0,0,1,0,0,0,0,0,5.91234E+20,5.9208E+21,1.03731E+16,5.34283E+16
1852,1,0,56,50,2018,5,13,4,3,2,6,0,0,1,0,0,0,1,0,5.46892E+20,5.93825E+21,9.70845E+15,5.3591E+16
1853,1,0,53,32,2018,4,12,6,3,5,3,0,1,0,0,0,0,1,0,5.89901E+20,5.92123E+21,1.03532E+16,5.34324E+16
1854,1,0,59,75,2018,5,12,1,3,6,4,0,0,1,1,0,0,0,0,5.36601E+20,6.04117E+21,9.5654E+15,5.45168E+16
1855,1,0,2,0,2018,4,11,7,3,0,6,0,1,0,0,0,0,0,0,5.7296E+20,6.01997E+21,1.01218E+16,5.43224E+16
1856,1,0,2,0,2018,4,19,1,3,2,6,0,0,1,0,0,0,0,0,5.72953E+20,6.01997E+21,1.01216E+16,5.43224E+16
1857,1,0,62,60,2018,4,7,6,3,5,3,0,0,1,0,0,0,0,0,5.83422E+20,5.9313E+21,1.02584E+16,5.3524E+16
1858,1,0,1,0,2018,4,19,6,3,2,2,0,0,1,0,0,0,0,0,5.26677E+20,6.0701E+21,9.41475E+15,5.47774E+16
1859,1,0,57,91,2018,5,14,6,2,2,6,0,0,1,0,0,0,0,0,5.80649E+20,6.01583E+21,1.02388E+16,5.4284E+16
1860,1,0,55,40,2018,5,8,3,3,5,3,0,1,1,0,0,0,0,0,6.0889E+20,5.9736E+21,1.06573E+16,5.38994E+16
1861,1,0,3,0,2018,4,14,4,3,2,6,0,0,1,0,0,0,0,0,6.09238E+20,5.9717E+21,1.06619E+16,5.38823E+16
1862,1,0,3,0,2018,5,20,7,3,2,6,0,0,1,0,0,0,0,0,6.10049E+20,5.97148E+21,1.06741E+16,5.38801E+16
1863,1,0,55,27,2018,5,19,6,2,0,1,0,1,0,0,0,0,0,0,6.23026E+20,6.00971E+21,1.08869E+16,5.42206E+16
1864,1,0,60,5,2018,4,9,2,3,3,6,0,0,1,0,0,1,0,0,5.84482E+20,5.97729E+21,1.02869E+16,5.39371E+16
1865,1,0,2,0,2018,4,12,4,3,5,3,0,1,1,0,0,0,0,0,5.7414E+20,6.0212E+21,1.01402E+16,5.43333E+16
1866,1,0,51,44,2018,4,10,5,3,5,2,0,0,1,0,0,0,0,0,5.06838E+20,6.00535E+21,9.10481E+15,5.41961E+16
1867,1,0,51,28,2018,5,21,2,3,5,3,1,1,1,0,0,0,0,0,5.04259E+20,5.99774E+21,9.06517E+15,5.41278E+16
1868,1,0,3,0,2018,4,12,6,3,6,4,0,1,0,1,0,0,0,0,6.10083E+20,5.97065E+21,1.06744E+16,5.38726E+16
1869,1,0,59,161,2018,4,15,4,3,5,3,0,0,1,0,0,0,0,0,5.43408E+20,6.06424E+21,9.67396E+15,5.47236E+16
1870,1,0,54,138,2018,5,7,5,3,5,2,0,0,1,0,0,0,1,0,4.88549E+20,6.01625E+21,8.82406E+15,5.42941E+16
1871,1,0,2,0,2018,4,18,6,3,5,2,0,1,1,0,0,0,0,0,5.72918E+20,6.01966E+21,1.0121E+16,5.43196E+16
1872,1,0,53,32,2018,4,6,2,3,5,3,0,0,1,0,1,0,0,0,5.90832E+20,5.92381E+21,1.0368E+16,5.34554E+16
1873,1,0,59,171,2018,5,9,6,3,5,2,0,0,1,0,1,0,0,0,5.26128E+20,6.05751E+21,9.40508E+15,5.46643E+16
1874,1,0,58,164,2018,5,14,4,3,9,7,0,0,0,0,0,1,0,0,5.38425E+20,5.99864E+21,9.5881E+15,5.41345E+16
1875,1,0,3,0,2018,4,16,6,3,5,3,0,1,1,0,0,0,0,0,6.1071E+20,5.96828E+21,1.0683E+16,5.38512E+16
1876,1,0,51,44,2018,5,17,4,2,5,3,0,0,1,0,0,0,0,0,5.09624E+20,6.00557E+21,9.14753E+15,5.41981E+16
1877,1,0,61,71,2018,4,15,2,3,8,1,0,0,0,0,0,0,1,0,5.42029E+20,5.9793E+21,9.64057E+15,5.39604E+16
1878,1,0,60,39,2018,4,13,2,2,5,3,0,1,1,0,0,0,0,0,5.64588E+20,5.96065E+21,9.98042E+15,5.37905E+16
1879,1,0,55,21,2018,5,17,1,2,6,2,0,0,1,1,0,0,0,0,6.2815E+20,6.02661E+21,1.09727E+16,5.43711E+16
1880,1,0,55,32,2018,4,17,6,3,5,2,0,0,1,0,0,0,0,0,6.19369E+20,5.99914E+21,1.08267E+16,5.41265E+16
1881,1,0,55,40,2018,4,16,4,3,2,2,0,0,1,0,1,0,0,0,6.08625E+20,5.97326E+21,1.06531E+16,5.38964E+16
1882,1,0,54,78,2018,5,15,2,3,0,7,0,0,0,0,1,0,0,0,4.62959E+20,6.09709E+21,8.42067E+15,5.50192E+16
1883,1,0,59,60,2018,4,13,1,2,5,3,0,0,1,0,1,0,0,0,5.44156E+20,6.05973E+21,9.68489E+15,5.4683E+16
1884,1,0,55,27,2018,4,10,2,3,0,7,0,0,0,0,1,0,0,1,6.22601E+20,6.00951E+21,1.08803E+16,5.42189E+16
1885,1,0,55,4,2018,4,13,6,3,2,6,0,0,1,0,0,0,0,0,6.11004E+20,5.97408E+21,1.06896E+16,5.39032E+16
1886,1,0,51,44,2018,5,15,3,3,2,2,0,0,1,0,0,0,0,0,5.05883E+20,6.00411E+21,9.09015E+15,5.4185E+16
1887,1,0,62,90,2018,4,8,7,2,4,1,0,0,1,0,0,0,0,0,5.80201E+20,5.9502E+21,1.02147E+16,5.36944E+16
1888,1,0,57,35,2018,5,11,7,3,0,7,0,0,0,0,1,0,0,0,6.02788E+20,6.01621E+21,1.05789E+16,5.42835E+16
1889,1,0,55,21,2018,5,13,4,3,3,6,0,0,1,0,1,0,0,0,6.30501E+20,6.02602E+21,1.10086E+16,5.43652E+16
1890,1,0,51,47,2018,5,13,7,2,4,6,0,0,1,0,0,0,0,0,5.00813E+20,6.01398E+21,9.01249E+15,5.42737E+16
1891,1,0,56,39,2018,4,12,2,3,3,6,0,1,0,0,0,0,0,0,5.51281E+20,5.94509E+21,9.77587E+15,5.36521E+16
1892,1,0,51,44,2018,4,9,4,3,0,7,0,0,1,0,0,1,0,0,5.06742E+20,6.00532E+21,9.10335E+15,5.41959E+16
1893,1,0,60,66,2018,4,15,6,2,3,6,0,0,1,0,1,0,0,0,5.6612E+20,5.96692E+21,1.0005E+16,5.38466E+16
1894,1,0,60,63,2018,5,7,3,3,5,3,0,0,1,0,0,0,0,0,5.64936E+20,5.957E+21,9.98494E+15,5.37575E+16
1895,1,0,56,23,2018,4,18,7,3,0,1,0,0,0,0,0,0,1,0,5.46278E+20,5.95101E+21,9.70108E+15,5.37057E+16
1896,1,0,3,0,2018,4,9,6,3,5,2,0,1,1,0,0,0,0,0,6.13534E+20,5.96987E+21,1.07265E+16,5.38649E+16
1897,1,0,55,32,2018,4,9,5,3,0,2,0,1,1,0,0,0,0,0,6.17319E+20,5.99613E+21,1.07942E+16,5.40999E+16
1898,1,0,62,9,2018,5,17,6,3,2,6,0,0,1,0,0,0,0,0,5.81583E+20,5.93522E+21,1.02317E+16,5.35595E+16
1899,1,0,4,0,2018,5,16,3,2,6,4,0,0,0,1,1,0,0,0,5.65023E+20,5.99498E+21,9.99434E+15,5.40989E+16
1900,1,0,3,0,2018,4,15,7,3,8,7,0,0,1,0,0,0,0,0,6.08547E+20,5.97083E+21,1.06511E+16,5.38745E+16
1901,1,0,2,0,2018,5,13,5,3,5,2,0,0,1,0,0,0,0,0,5.69579E+20,6.01847E+21,1.00694E+16,5.43093E+16
1902,1,0,60,63,2018,4,13,2,3,5,3,0,1,1,0,0,0,0,0,5.6673E+20,5.94872E+21,1.00104E+16,5.3683E+16
1903,1,0,4,0,2018,4,14,6,3,2,6,0,0,1,0,1,0,0,0,5.65268E+20,5.99209E+21,9.99746E+15,5.40729E+16
1904,1,0,2,0,2018,5,8,4,3,2,6,0,0,1,0,0,0,0,0,5.72694E+20,6.02192E+21,1.01181E+16,5.43399E+16
1905,1,0,56,5,2018,4,11,7,3,0,1,0,1,0,0,0,0,0,1,5.5995E+20,5.94604E+21,9.90721E+15,5.36597E+16
1906,1,0,58,37,2018,5,13,7,3,5,3,0,1,1,0,0,0,0,0,5.75318E+20,6.03306E+21,1.01613E+16,5.44397E+16
1907,1,0,62,9,2018,5,7,4,3,2,6,0,0,1,0,0,0,1,0,5.80878E+20,5.93608E+21,1.02212E+16,5.35674E+16
1908,1,0,53,43,2018,5,15,1,3,3,6,0,0,1,0,1,0,0,0,6.14164E+20,5.96179E+21,1.07331E+16,5.37922E+16
1909,1,0,60,4,2018,4,22,7,3,2,6,2,0,1,0,0,0,0,0,5.61522E+20,5.97393E+21,9.93656E+15,5.39102E+16
1910,1,0,59,157,2018,4,15,1,2,4,6,0,0,1,0,0,0,1,0,5.3847E+20,6.07347E+21,9.59853E+15,5.48069E+16
1911,1,0,57,1,2018,4,17,6,3,0,6,0,0,1,0,1,0,0,0,5.87301E+20,6.00003E+21,1.03364E+16,5.4141E+16
1912,1,0,53,20,2018,4,21,5,3,8,1,2,0,1,0,0,0,0,0,6.05254E+20,5.92624E+21,1.05859E+16,5.34746E+16
1913,1,0,59,39,2018,5,17,6,2,8,1,0,0,0,0,1,0,0,0,5.22557E+20,6.03774E+21,9.3482E+15,5.44868E+16
1914,1,0,3,0,2018,5,17,3,3,2,2,0,0,1,0,0,0,0,0,6.16558E+20,5.97139E+21,1.07731E+16,5.38779E+16
1915,1,0,60,39,2018,4,10,3,3,5,2,0,0,1,0,0,0,0,1,5.64762E+20,5.9622E+21,9.9834E+15,5.38043E+16
1916,1,0,58,84,2018,5,15,7,3,0,1,0,1,0,0,0,0,0,0,5.42981E+20,6.03457E+21,9.66299E+15,5.4457E+16
1917,1,0,58,51,2018,5,9,6,3,5,3,0,0,1,0,0,0,0,0,5.68702E+20,6.02588E+21,1.00577E+16,5.43761E+16
1918,1,0,56,41,2018,4,16,2,3,2,6,0,0,1,0,0,0,0,0,5.63615E+20,5.95483E+21,9.96446E+15,5.37382E+16
1919,1,0,59,75,2018,4,17,4,3,2,2,0,0,1,0,0,0,0,0,5.36437E+20,6.04094E+21,9.56284E+15,5.45147E+16
1920,1,0,56,13,2018,4,14,5,3,5,2,0,0,1,0,1,0,0,0,5.59085E+20,5.9437E+21,9.89367E+15,5.36388E+16
1921,1,0,60,44,2018,5,22,2,2,8,1,2,0,0,0,1,0,0,0,5.63562E+20,5.96743E+21,9.96626E+15,5.38514E+16
1922,1,0,2,0,2018,4,17,6,3,5,2,0,1,1,0,0,0,0,0,5.76861E+20,6.0194E+21,1.01816E+16,5.43167E+16
1923,1,0,60,5,2018,5,13,4,3,5,3,0,1,1,0,0,0,0,0,5.85658E+20,5.97864E+21,1.03052E+16,5.3949E+16
1924,1,0,2,0,2018,4,21,6,3,5,2,2,0,1,0,0,0,0,1,5.72971E+20,6.02104E+21,1.01222E+16,5.4332E+16