OBJECTID_1,ULAND,UREGBEZ,UKREIS,UGEMEINDE,UJAHR,UMONAT,USTUNDE,UWOCHENTAG,UKATEGORIE,UART,UTYP1,ULICHTVERH,IstRad,IstPKW,IstFuss,IstKrad,IstGkfz,IstSonstig,STRZUSTAND,LINREFX,LINREFY,XGCSWGS84,YGCSWGS84
1925,1,0,1,0,2018,5,10,3,3,6,2,0,0,1,1,0,0,0,0,5.27326E+20,6.07178E+21,9.42498E+15,5.47925E+16
1926,1,0,58,34,2018,4,10,2,3,5,2,0,0,1,0,0,0,0,0,5.43735E+20,6.01866E+21,9.67228E+15,5.43139E+16
1927,1,0,61,29,2018,5,16,5,3,5,3,0,1,1,0,0,0,0,0,5.27643E+20,5.96041E+21,9.41962E+15,5.37915E+16
1928,1,0,2,0,2018,5,5,4,3,5,3,1,0,1,0,0,0,0,0,5.73006E+20,6.01972E+21,1.01224E+16,5.43201E+16
1929,1,0,2,0,2018,4,12,6,3,5,2,0,1,0,0,0,0,0,0,5.75216E+20,6.0218E+21,1.01569E+16,5.43385E+16
1930,1,0,56,39,2018,5,11,4,3,5,3,0,0,1,0,1,0,0,0,5.50815E+20,5.94588E+21,9.76896E+15,5.36592E+16
1931,1,0,3,0,2018,4,16,2,3,5,2,0,1,1,0,0,0,0,0,6.09612E+20,5.96971E+21,1.06669E+16,5.38643E+16
1932,1,0,2,0,2018,5,11,1,3,0,7,0,1,0,0,0,0,0,0,5.74044E+20,6.02279E+21,1.01391E+16,5.43475E+16
1933,1,0,2,0,2018,4,18,6,3,2,6,0,0,1,0,0,0,1,0,5.7261E+20,6.01826E+21,1.0116E+16,5.43071E+16
1934,1,0,55,44,2018,5,17,2,3,3,6,0,0,1,0,0,0,0,0,6.13581E+20,5.99087E+21,1.07351E+16,5.40536E+16
1935,1,0,60,41,2018,4,16,7,2,5,3,0,1,0,0,0,0,1,0,5.82564E+20,5.9755E+21,1.02572E+16,5.39213E+16
1936,1,0,59,45,2018,4,22,2,2,4,6,2,0,1,0,0,0,0,1,5.59383E+20,6.05787E+21,9.92066E+15,5.46647E+16
1937,1,0,54,125,2018,4,7,6,3,2,2,0,0,1,0,0,0,0,0,5.03501E+20,6.06608E+21,9.05438E+15,5.4742E+16
1938,1,0,2,0,2018,4,11,7,3,2,6,0,0,1,0,0,0,0,1,5.75003E+20,6.01867E+21,1.01528E+16,5.43104E+16
1939,1,0,61,41,2018,5,7,7,2,2,6,0,0,0,0,0,0,1,0,5.39771E+20,5.96603E+21,9.60444E+15,5.38413E+16
1940,1,0,58,140,2018,5,6,4,3,8,1,0,0,1,0,0,0,0,0,5.46529E+20,6.01811E+21,9.71513E+15,5.43088E+16
1941,1,0,55,44,2018,5,9,7,3,5,3,0,1,1,0,0,0,0,0,6.0985E+20,5.98945E+21,1.06776E+16,5.40415E+16
1942,1,0,56,37,2018,4,8,2,3,4,6,0,0,1,0,0,0,1,0,5.3862E+20,5.94744E+21,9.58463E+15,5.36743E+16
1943,1,0,60,89,2018,4,15,4,3,2,2,0,0,1,0,0,0,0,0,5.80636E+20,5.98867E+21,1.02314E+16,5.404E+16
1944,1,0,53,20,2018,4,14,6,3,5,2,0,1,1,0,0,0,0,0,6.0727E+20,5.92722E+21,1.06166E+16,5.3483E+16
1945,1,0,53,67,2018,5,6,3,3,7,7,0,1,1,0,0,0,0,0,6.09519E+20,5.95844E+21,1.06614E+16,5.37631E+16
1946,1,0,56,15,2018,4,11,7,3,5,2,0,1,1,0,0,0,0,0,5.43774E+20,5.95687E+21,9.66397E+15,5.37586E+16
1947,1,0,55,4,2018,4,12,6,3,3,6,0,0,1,0,0,1,0,0,6.11191E+20,5.97465E+21,1.06927E+16,5.39084E+16
1948,1,0,58,43,2018,4,21,5,3,5,3,2,0,1,0,0,0,0,0,5.54182E+20,6.03558E+21,9.83594E+15,5.4465E+16
1949,1,0,60,63,2018,5,10,5,3,0,7,0,0,1,0,0,0,1,0,5.68604E+20,5.94945E+21,1.00389E+16,5.36892E+16
1950,1,0,2,0,2018,5,18,3,3,6,2,0,0,1,1,0,0,0,0,5.71167E+20,6.02388E+21,1.00951E+16,5.43577E+16
1951,1,0,56,39,2018,4,13,6,3,8,6,0,0,0,0,0,1,0,0,5.50676E+20,5.9459E+21,9.76686E+15,5.36594E+16
1952,1,0,3,0,2018,4,17,3,2,6,4,0,0,1,1,0,0,0,0,6.08412E+20,5.96931E+21,1.06485E+16,5.38609E+16
1953,1,0,60,39,2018,5,14,6,3,5,3,0,1,1,0,0,0,0,0,5.64535E+20,5.96043E+21,9.97958E+15,5.37884E+16
1954,1,0,58,139,2018,5,17,6,2,2,7,0,0,1,0,0,0,0,0,5.6773E+20,6.01316E+21,1.00398E+16,5.42619E+16
1955,1,0,62,4,2018,4,7,2,2,5,2,0,1,1,0,0,0,0,0,5.90551E+20,5.96353E+21,1.03753E+16,5.38124E+16
1956,1,0,60,7,2018,4,7,3,3,2,6,0,0,1,0,0,0,0,0,5.7469E+20,5.97515E+21,1.01373E+16,5.39194E+16
1957,1,0,4,0,2018,4,9,5,3,5,3,0,0,1,0,0,0,0,0,5.63503E+20,5.98988E+21,9.97004E+15,5.40533E+16
1958,1,0,58,9,2018,5,10,2,3,0,7,0,0,0,0,1,0,0,0,5.51237E+20,5.99144E+21,9.78295E+15,5.40687E+16
1959,1,0,57,80,2018,4,6,6,3,2,6,1,0,1,0,0,0,0,0,5.79137E+20,6.00001E+21,1.02114E+16,5.41421E+16
1960,1,0,55,35,2018,4,7,5,3,3,7,0,0,1,0,0,0,0,0,6.13172E+20,5.97597E+21,1.07233E+16,5.39198E+16
1961,1,0,62,4,2018,5,16,2,3,2,2,0,0,1,0,0,0,0,0,5.87673E+20,5.96292E+21,1.03314E+16,5.38074E+16
1962,1,0,62,23,2018,4,16,2,2,3,6,0,0,1,0,0,1,0,0,5.84415E+20,5.94448E+21,1.02769E+16,5.36423E+16
1963,1,0,53,100,2018,5,13,5,3,2,6,0,1,0,0,0,0,0,0,6.17652E+20,5.95138E+21,1.07821E+16,5.36978E+16
1964,1,0,57,57,2018,5,21,3,3,8,1,2,0,1,0,0,0,0,1,5.94964E+20,6.00085E+21,1.04539E+16,5.4147E+16
1965,1,0,51,4,2018,4,12,5,3,5,3,0,1,1,0,0,0,0,0,5.1097E+20,5.99435E+21,9.16775E+15,5.40972E+16
1966,1,0,3,0,2018,5,7,4,3,0,1,0,1,0,0,0,0,0,0,6.12544E+20,5.96968E+21,1.07114E+16,5.38634E+16
1967,1,0,56,24,2018,4,20,3,3,4,6,1,0,1,0,0,0,0,1,5.44335E+20,5.94347E+21,9.67056E+15,5.36381E+16
1968,1,0,61,79,2018,5,20,6,3,4,1,0,0,1,0,0,0,0,0,5.37032E+20,5.97415E+21,9.5638E+15,5.39145E+16
1969,1,0,59,187,2018,5,12,6,3,8,1,0,1,0,0,0,0,0,0,5.53407E+20,6.04991E+21,9.82657E+15,5.45938E+16
1970,1,0,61,44,2018,4,12,4,3,2,1,0,0,1,0,0,1,0,0,5.42774E+20,5.96373E+21,9.64976E+15,5.38204E+16
1971,1,0,3,0,2018,4,14,5,3,3,6,0,0,1,0,0,0,0,0,6.11956E+20,5.96838E+21,1.0702E+16,5.38518E+16
1972,1,0,55,4,2018,5,20,2,3,0,1,0,1,0,0,0,0,0,0,6.12036E+20,5.97681E+21,1.07063E+16,5.39275E+16
1973,1,0,56,43,2018,4,17,5,3,6,3,0,0,1,1,0,0,0,1,5.54054E+20,5.94551E+21,9.8179E+15,5.36555E+16
1974,1,0,62,76,2018,4,14,5,3,2,2,0,0,1,0,0,1,0,1,5.73379E+20,5.95299E+21,1.0112E+16,5.37204E+16
1975,1,0,60,96,2018,5,19,2,3,8,1,0,0,0,0,1,0,0,0,5.88992E+20,5.97608E+21,1.03553E+16,5.39254E+16
1976,1,0,2,0,2018,4,12,2,2,5,3,0,0,1,0,0,0,0,0,5.7613E+20,6.01731E+21,1.01698E+16,5.4298E+16
1977,1,0,56,39,2018,5,14,5,2,8,1,0,0,0,0,1,0,0,0,5.52387E+20,5.94638E+21,9.79282E+15,5.36635E+16
1978,1,0,53,60,2018,5,9,4,3,0,1,0,0,0,0,0,0,1,0,5.93515E+20,5.93552E+21,1.04118E+16,5.35602E+16
1979,1,0,62,82,2018,4,16,5,3,5,7,0,0,1,0,0,0,0,0,5.91272E+20,5.9422E+21,1.03799E+16,5.36207E+16
1980,1,0,53,13,2018,5,20,4,2,4,1,0,0,1,0,1,0,0,0,6.02056E+20,5.94214E+21,1.05429E+16,5.36181E+16
1981,1,0,1,0,2018,4,14,2,3,6,4,0,1,0,1,0,0,0,0,5.28263E+20,6.07069E+21,9.43945E+15,5.47826E+16
1982,1,0,59,161,2018,5,18,1,3,5,3,0,1,0,0,1,0,0,0,5.43302E+20,6.06355E+21,9.67222E+15,5.47174E+16
1983,1,0,53,18,2018,4,14,5,2,5,3,0,0,1,0,0,0,0,0,6.14554E+20,5.95527E+21,1.07366E+16,5.37335E+16
1984,1,0,51,26,2018,5,14,1,2,8,1,0,0,1,0,0,0,0,0,5.1668E+20,5.99187E+21,9.25492E+15,5.40747E+16
1985,1,0,62,87,2018,4,14,7,3,8,1,0,0,1,0,0,0,0,0,6.00754E+20,5.96935E+21,1.05321E+16,5.38628E+16
1986,1,0,60,80,2018,4,13,1,3,0,1,0,1,0,0,0,0,0,0,5.88054E+20,5.99614E+21,1.03468E+16,5.41059E+16
1987,1,0,55,33,2018,4,15,5,3,2,6,0,0,1,0,0,0,0,0,6.23453E+20,6.01748E+21,1.08967E+16,5.42903E+16
1988,1,0,61,46,2018,4,15,6,3,5,2,0,0,1,0,0,0,0,0,5.34909E+20,5.97595E+21,9.53168E+15,5.39307E+16
1989,1,0,56,30,2018,5,16,6,3,2,6,0,0,1,0,1,0,0,0,5.45805E+20,5.96273E+21,9.69565E+15,5.38112E+16
1990,1,0,59,106,2018,5,16,4,3,3,2,0,0,1,0,0,0,1,0,5.4459E+20,6.06946E+21,9.69312E+15,5.47704E+16
1991,1,0,4,0,2018,5,13,7,2,4,6,0,0,1,0,0,0,0,0,5.66612E+20,5.98836E+21,1.00172E+16,5.40392E+16
1992,1,0,53,134,2018,4,9,2,3,4,6,0,0,1,0,0,1,0,0,6.08663E+20,5.9376E+21,1.06412E+16,5.3576E+16
1993,1,0,53,100,2018,4,15,4,3,6,4,0,0,1,1,0,0,0,0,6.18096E+20,5.95078E+21,1.07886E+16,5.36924E+16
1994,1,0,55,32,2018,4,8,6,3,2,6,0,0,1,0,0,0,0,0,6.17668E+20,5.99643E+21,1.07996E+16,5.41025E+16
1995,1,0,3,0,2018,5,18,3,3,2,2,0,0,0,0,1,0,0,0,6.11349E+20,5.971E+21,1.06937E+16,5.38755E+16
1996,1,0,3,0,2018,4,9,7,3,3,6,0,0,1,0,0,0,0,0,6.10106E+20,5.96993E+21,1.06744E+16,5.38661E+16
1997,1,0,4,0,2018,4,13,5,3,5,3,0,0,1,0,1,0,0,1,5.65561E+20,5.99103E+21,1.00017E+16,5.40633E+16
1998,1,0,59,116,2018,4,16,5,2,8,1,0,0,0,0,1,0,0,0,5.32797E+20,6.0604E+21,9.50879E+15,5.46899E+16
1999,1,0,55,33,2018,5,9,5,3,8,7,0,0,1,0,0,0,0,0,6.21572E+20,6.01461E+21,1.08666E+16,5.4265E+16
2000,1,0,57,48,2018,5,14,3,2,3,6,0,1,0,0,0,0,0,0,6.02772E+20,6.01621E+21,1.05787E+16,5.42834E+16
2001,1,0,53,50,2018,4,17,6,3,8,7,0,0,0,0,1,0,0,0,5.94294E+20,5.92282E+21,1.04198E+16,5.34459E+16
2002,1,0,4,0,2018,4,12,3,3,5,3,0,0,1,0,0,0,0,0,5.668E+20,5.98993E+21,1.00204E+16,5.40533E+16
2003,1,0,53,76,2018,5,7,6,3,7,7,0,0,0,0,1,0,0,0,5.9157E+20,5.93623E+21,1.03827E+16,5.3567E+16
2004,1,0,53,100,2018,5,8,4,3,2,6,0,0,1,0,0,0,0,0,6.18235E+20,5.95076E+21,1.07907E+16,5.36921E+16
2005,1,0,62,21,2018,5,20,5,3,0,1,0,1,0,0,0,0,0,1,5.94122E+20,5.94473E+21,1.04238E+16,5.36428E+16
2006,1,0,3,0,2018,4,16,3,3,2,6,0,0,1,0,0,0,0,0,6.11716E+20,5.96349E+21,1.06966E+16,5.3808E+16
2007,1,0,59,184,2018,4,14,5,3,9,7,0,0,1,0,0,0,0,0,5.28453E+20,6.0649E+21,9.44184E+15,5.47306E+16
2008,1,0,59,185,2018,5,8,2,3,5,3,0,0,1,0,0,0,0,0,5.38452E+20,6.06084E+21,9.59657E+15,5.46935E+16
2009,1,0,4,0,2018,4,12,5,3,5,3,0,0,1,0,0,0,0,1,5.64667E+20,5.98978E+21,9.98779E+15,5.40522E+16
2010,1,0,2,0,2018,4,7,5,3,0,7,0,1,0,0,0,0,0,1,5.73266E+20,6.0222E+21,1.0127E+16,5.43423E+16
2011,1,0,3,0,2018,5,15,2,3,5,3,0,1,1,0,0,0,0,0,6.09672E+20,5.96928E+21,1.06676E+16,5.38604E+16
2012,1,0,60,85,2018,4,15,1,3,2,6,0,0,1,0,0,0,0,0,5.77574E+20,5.96411E+21,1.01784E+16,5.38198E+16
2013,1,0,3,0,2018,5,17,5,3,2,6,0,0,1,0,0,0,0,0,6.09626E+20,5.9711E+21,1.06676E+16,5.38767E+16
2014,1,0,55,2,2018,5,10,3,3,9,6,0,0,1,0,0,0,0,1,6.17721E+20,5.99877E+21,1.08013E+16,5.41235E+16
2015,1,0,2,0,2018,4,21,5,2,0,1,2,1,0,0,0,0,0,1,5.73588E+20,6.02325E+21,1.01322E+16,5.43517E+16
2016,1,0,58,81,2018,5,14,4,3,2,6,0,0,1,0,0,0,0,0,5.4599E+20,6.02602E+21,9.70808E+15,5.43799E+16
2017,1,0,2,0,2018,4,6,1,3,3,3,0,0,1,0,0,0,0,0,5.74443E+20,6.02032E+21,1.01446E+16,5.43253E+16
2018,1,0,56,41,2018,5,17,7,3,5,2,0,1,1,0,0,0,0,0,5.58381E+20,5.95599E+21,9.88534E+15,5.37493E+16
2019,1,0,51,36,2018,5,17,4,3,3,2,0,0,1,0,0,0,0,0,5.15182E+20,6.01326E+21,9.2331E+15,5.42671E+16
2020,1,0,2,0,2018,4,8,5,3,2,2,0,0,1,0,0,0,0,1,5.73289E+20,6.01997E+21,1.01268E+16,5.43223E+16
2021,1,0,57,44,2018,5,15,1,3,5,3,0,0,1,0,0,0,0,0,5.93627E+20,6.01519E+21,1.04379E+16,5.4276E+16
2022,1,0,58,66,2018,4,13,7,1,4,6,0,0,1,0,1,0,0,0,5.49828E+20,6.0296E+21,9.76777E+15,5.44117E+16
2023,1,0,58,162,2018,4,12,1,2,5,2,0,0,1,0,0,0,0,0,5.61498E+20,6.0479E+21,9.95135E+15,5.45748E+16
2024,1,0,54,19,2018,4,17,5,3,5,3,0,0,1,0,0,0,0,0,4.98137E+20,6.05246E+21,8.97114E+15,5.46196E+16
2025,1,0,58,135,2018,4,16,6,3,5,3,0,1,1,0,0,0,0,1,5.42481E+20,6.01792E+21,9.65289E+15,5.43074E+16
2026,1,0,58,135,2018,5,14,6,3,5,2,0,0,1,0,0,0,0,0,5.41149E+20,6.02055E+21,9.63279E+15,5.43312E+16
2027,1,0,62,48,2018,5,14,3,3,5,7,0,0,1,0,0,0,0,0,5.99519E+20,5.97498E+21,1.05151E+16,5.39137E+16
2028,1,0,59,120,2018,4,17,4,3,2,6,0,0,1,0,0,0,0,0,5.23927E+20,6.07196E+21,9.37214E+15,5.47942E+16
2029,1,0,53,111,2018,4,16,1,3,8,1,0,0,1,0,0,0,0,1,5.96999E+20,5.91779E+21,1.04589E+16,5.34002E+16
2030,1,0,3,0,2018,5,11,1,3,2,6,0,0,1,0,0,0,0,0,6.09082E+20,5.97127E+21,1.06593E+16,5.38784E+16
2031,1,0,2,0,2018,4,6,5,3,3,6,0,0,1,0,0,1,0,1,5.70039E+20,6.0187E+21,1.00766E+16,5.43114E+16
2032,1,0,56,10,2018,5,12,1,3,0,1,0,1,0,0,0,0,0,0,5.47089E+20,5.96637E+21,9.71569E+15,5.38437E+16
2033,1,0,3,0,2018,4,3,7,3,5,3,2,0,1,0,0,0,0,0,6.0964E+20,5.97116E+21,1.06678E+16,5.38773E+16
2034,1,0,55,28,2018,4,12,1,3,2,2,0,0,1,0,0,0,0,0,6.02328E+20,6.00286E+21,1.05673E+16,5.41636E+16
2035,1,0,51,81,2018,4,11,4,3,8,1,0,0,1,0,0,0,0,0,5.03032E+20,6.00616E+21,9.04649E+15,5.42034E+16
2036,1,0,53,20,2018,4,18,6,3,2,6,0,0,1,0,0,0,0,0,6.07505E+20,5.92655E+21,1.06199E+16,5.34769E+16
2037,1,0,62,65,2018,5,17,6,3,4,6,0,0,1,0,0,0,0,0,5.88828E+20,5.9596E+21,1.0348E+16,5.37774E+16
2038,1,0,51,81,2018,5,8,3,3,2,2,0,0,1,0,0,0,0,0,5.02368E+20,6.00343E+21,9.03629E+15,5.41789E+16
2039,1,0,54,76,2018,5,10,7,3,5,3,0,0,1,0,1,0,0,0,4.98915E+20,6.07003E+21,8.98313E+15,5.47775E+16
2040,1,0,53,32,2018,4,20,2,3,8,1,1,0,0,0,1,0,0,0,5.92682E+20,5.92274E+21,1.03955E+16,5.34455E+16
2041,1,0,3,0,2018,4,19,4,3,5,2,2,1,1,0,0,0,0,0,6.10217E+20,5.97149E+21,1.06767E+16,5.38802E+16
2042,1,0,2,0,2018,4,14,6,2,2,6,0,0,1,0,0,0,0,0,5.73623E+20,6.0183E+21,1.01315E+16,5.43072E+16
2043,1,0,58,54,2018,5,14,3,3,1,5,0,0,1,0,0,0,1,0,5.39911E+20,6.01628E+21,9.61318E+15,5.42928E+16
2044,1,0,51,58,2018,4,14,4,3,5,2,0,0,1,0,0,0,1,0,4.98088E+20,6.01745E+21,8.97061E+15,5.43049E+16
2045,1,0,62,92,2018,4,14,5,3,8,7,0,0,0,0,0,1,0,0,5.87123E+20,5.96439E+21,1.03235E+16,5.38207E+16
2046,1,0,58,102,2018,5,16,5,3,8,1,0,0,1,0,0,0,0,0,5.53864E+20,6.03139E+21,9.83026E+15,5.44274E+16
2047,1,0,3,0,2018,4,7,6,3,2,6,0,0,1,0,0,0,1,0,6.08121E+20,5.9647E+21,1.06424E+16,5.38195E+16
2048,1,0,2,0,2018,4,13,3,3,0,7,0,0,0,0,1,0,0,0,5.73531E+20,6.01914E+21,1.01303E+16,5.43149E+16
2049,1,0,55,39,2018,5,13,6,3,5,2,0,0,1,0,0,0,0,0,6.16232E+20,5.99552E+21,1.07773E+16,5.40948E+16
2050,1,0,3,0,2018,5,7,4,3,5,3,0,1,1,0,0,0,0,1,6.14692E+20,5.97353E+21,1.07455E+16,5.38975E+16
2051,1,0,57,8,2018,5,17,5,2,0,7,0,1,0,0,0,0,0,1,5.69349E+20,5.99296E+21,1.006E+16,5.40802E+16
2052,1,0,2,0,2018,4,11,3,3,4,6,0,0,1,0,0,0,0,0,5.70253E+20,6.02009E+21,1.00802E+16,5.43238E+16
2053,1,0,51,11,2018,5,22,1,3,2,6,2,0,1,0,0,0,1,0,5.07578E+20,5.97383E+21,9.11536E+15,5.39128E+16
2054,1,0,61,55,2018,4,11,4,2,5,2,0,0,1,0,0,0,1,0,5.31735E+20,5.96595E+21,9.4823E+15,5.38411E+16
2055,1,0,51,16,2018,4,11,4,3,9,1,0,1,0,0,0,0,0,0,5.1709E+20,5.98345E+21,9.26071E+15,5.39991E+16
2056,1,0,55,40,2018,5,10,2,3,6,2,0,0,0,1,0,1,0,0,6.08416E+20,5.97217E+21,1.06496E+16,5.38866E+16
2057,1,0,55,46,2018,4,12,1,3,5,3,0,0,1,0,0,0,0,0,6.42757E+20,6.03425E+21,1.12011E+16,5.44358E+16
2058,1,0,58,24,2018,5,16,5,3,2,6,0,0,1,0,0,0,0,0,5.45533E+20,6.02235E+21,9.70048E+15,5.43469E+16
2059,1,0,60,63,2018,4,17,2,3,2,2,0,0,1,0,1,0,0,0,5.63623E+20,5.94613E+21,9.96279E+15,5.366E+16
2060,1,0,56,47,2018,4,11,4,3,5,7,0,0,1,0,0,0,1,0,5.56249E+20,5.94833E+21,9.85162E+15,5.36806E+16
2061,1,0,2,0,2018,5,14,4,3,5,3,0,0,1,0,0,0,0,0,5.71617E+20,6.01906E+21,1.01009E+16,5.43144E+16
2062,1,0,59,44,2018,4,18,1,3,5,2,0,0,1,0,0,0,0,0,5.26268E+20,6.04567E+21,9.40619E+15,5.45579E+16
2063,1,0,3,0,2018,5,17,7,3,2,7,0,1,0,0,0,0,0,0,6.07018E+20,5.96923E+21,1.06273E+16,5.38606E+16
2064,1,0,53,77,2018,5,16,4,3,9,7,0,0,1,0,0,0,0,0,6.06802E+20,5.94943E+21,1.06171E+16,5.36827E+16
2065,1,0,59,79,2018,5,3,1,3,9,1,2,0,1,0,0,0,0,0,5.24762E+20,6.04118E+21,9.38252E+15,5.45176E+16
2066,1,0,59,113,2018,4,17,7,3,1,5,0,0,1,0,0,0,0,0,5.35125E+20,6.07636E+21,9.54683E+15,5.48331E+16
2067,1,0,2,0,2018,4,1,1,2,6,6,2,1,0,1,0,0,0,0,5.7266E+20,6.02109E+21,1.01174E+16,5.43325E+16
2068,1,0,56,41,2018,4,17,4,3,5,3,0,0,1,0,0,0,1,1,5.59982E+20,5.952E+21,9.90884E+15,5.37132E+16
2069,1,0,60,63,2018,4,15,5,2,4,6,0,0,1,0,0,0,1,0,5.64365E+20,5.95492E+21,9.97585E+15,5.37389E+16
2070,1,0,57,91,2018,5,19,6,2,8,1,0,0,0,0,1,0,0,0,5.79802E+20,6.01625E+21,1.02259E+16,5.42879E+16
2071,1,0,55,42,2018,5,15,3,3,4,6,0,0,1,0,0,0,0,0,6.15436E+20,5.98089E+21,1.07596E+16,5.39635E+16
2072,1,0,51,99,2018,4,7,4,3,3,6,0,0,0,0,0,1,0,1,5.17409E+20,5.9937E+21,9.26617E+15,5.40912E+16
2073,1,0,58,38,2018,5,9,7,3,2,6,0,0,1,0,0,0,0,1,5.62024E+20,6.004E+21,9.95034E+15,5.41803E+16
2074,1,0,4,0,2018,5,14,6,3,5,3,0,1,0,0,0,0,1,0,5.65525E+20,5.98989E+21,1.00009E+16,5.40531E+16
2075,1,0,62,60,2018,4,8,2,3,2,6,0,0,1,0,0,1,0,0,5.82998E+20,5.93188E+21,1.02521E+16,5.35292E+16
2076,1,0,57,9,2018,4,14,4,3,7,7,0,0,0,0,1,0,0,0,5.96974E+20,6.00013E+21,1.04844E+16,5.41401E+16
2077,1,0,51,44,2018,4,22,5,3,0,1,2,0,0,0,1,0,0,0,5.08138E+20,6.00554E+21,9.12474E+15,5.41978E+16
2078,1,0,60,63,2018,5,19,2,3,5,2,0,1,1,0,0,0,0,0,5.64093E+20,5.94853E+21,9.9704E+15,5.36816E+16
2079,1,0,3,0,2018,4,16,4,3,5,2,0,1,1,0,0,0,0,0,6.08006E+20,5.96764E+21,1.06417E+16,5.3846E+16
2080,1,0,56,39,2018,4,17,3,3,5,2,0,0,1,0,0,0,0,0,5.53058E+20,5.94338E+21,9.80246E+15,5.36365E+16
2081,1,0,51,74,2018,5,7,4,3,5,3,0,0,1,0,1,0,0,0,5.057E+20,5.99339E+21,9.08714E+15,5.40887E+16
2082,1,0,57,66,2018,4,16,6,3,2,6,0,0,1,0,0,0,0,0,5.84817E+20,6.01501E+21,1.03026E+16,5.42759E+16
2083,1,0,55,4,2018,4,8,2,3,0,7,0,1,0,0,0,0,0,0,6.10212E+20,5.97445E+21,1.06777E+16,5.39067E+16
2084,1,0,62,11,2018,5,7,6,3,9,1,0,0,0,0,0,0,1,0,5.8159E+20,5.94152E+21,1.02334E+16,5.36161E+16
2085,1,0,4,0,2018,5,7,4,3,4,6,0,1,0,0,1,0,0,0,5.64639E+20,5.99452E+21,9.98838E+15,5.40948E+16
2086,1,0,55,35,2018,4,16,4,3,4,7,0,0,1,0,0,0,0,0,6.12981E+20,5.97955E+21,1.07217E+16,5.3952E+16
2087,1,0,56,48,2018,5,17,4,3,6,1,0,1,0,1,0,0,0,0,5.46982E+20,5.95014E+21,9.71161E+15,5.36979E+16
2088,1,0,60,63,2018,4,8,2,3,2,6,0,0,1,0,0,0,0,0,5.70465E+20,5.95157E+21,1.00675E+16,5.37081E+16
2089,1,0,4,0,2018,5,15,1,2,2,6,0,0,1,0,1,0,0,0,5.65215E+20,5.99129E+21,9.99649E+15,5.40657E+16
2090,1,0,62,46,2018,5,17,7,3,2,2,0,0,1,0,0,0,0,0,5.93655E+20,5.96301E+21,1.04222E+16,5.38072E+16
2091,1,0,51,62,2018,5,23,6,2,7,1,2,0,0,0,1,0,0,0,4.97362E+20,5.97779E+21,8.9598E+15,5.39484E+16
2092,1,0,62,69,2018,4,12,2,3,0,7,0,0,0,0,1,0,0,1,5.8499E+20,5.94439E+21,1.02856E+16,5.36414E+16
2093,1,0,58,9,2018,4,14,4,3,0,1,0,1,0,0,0,0,0,0,5.51907E+20,5.99358E+21,9.79356E+15,5.40877E+16
2094,1,0,1,0,2018,4,16,6,3,3,2,0,1,1,0,0,0,0,0,5.28E+20,6.07029E+21,9.43533E+15,5.4779E+16
2095,1,0,54,78,2018,5,17,3,3,1,5,0,0,1,0,0,0,0,0,4.62951E+20,6.09637E+21,8.42064E+15,5.50128E+16
2096,1,0,55,2,2018,4,10,4,1,4,6,0,0,1,0,0,0,1,0,6.17056E+20,6.00351E+21,1.0793E+16,5.41663E+16
2097,1,0,3,0,2018,4,12,4,3,5,2,0,1,1,0,0,0,0,0,6.10785E+20,5.96777E+21,1.0684E+16,5.38466E+16
2098,1,0,2,0,2018,5,17,5,3,2,2,0,0,1,0,0,0,0,0,5.72966E+20,6.02017E+21,1.01219E+16,5.43242E+16
2099,1,0,2,0,2018,4,13,6,3,0,2,0,1,0,0,0,0,1,0,5.7301E+20,6.02009E+21,1.01226E+16,5.43235E+16
2100,1,0,61,17,2018,4,14,2,3,8,1,0,0,0,0,1,0,0,0,5.32974E+20,5.97251E+21,9.50184E+15,5.39E+16
2101,1,0,2,0,2018,5,10,6,3,0,6,0,0,0,0,0,1,0,0,5.72537E+20,6.02037E+21,1.01154E+16,5.4326E+16
2102,1,0,58,31,2018,5,15,4,3,2,2,0,0,1,0,0,0,0,0,5.41049E+20,6.00167E+21,9.62867E+15,5.41615E+16
2103,1,0,4,0,2018,4,19,4,2,5,2,0,1,1,0,0,0,0,0,5.65391E+20,5.99179E+21,9.99928E+15,5.40702E+16
2104,1,0,2,0,2018,5,23,5,3,0,1,2,1,0,0,0,0,0,0,5.77638E+20,6.01719E+21,1.01929E+16,5.42967E+16
2105,1,0,51,44,2018,4,8,2,3,5,3,0,0,1,0,0,0,0,0,5.05938E+20,6.00529E+21,9.09101E+15,5.41956E+16
2106,1,0,62,9,2018,5,17,1,3,5,3,0,0,1,0,0,0,0,0,5.79305E+20,5.93698E+21,1.01977E+16,5.35756E+16
2107,1,0,58,54,2018,4,0,4,2,9,1,2,0,1,0,0,0,0,1,5.38321E+20,6.01667E+21,9.58881E+15,5.42965E+16
2108,1,0,62,71,2018,4,7,4,3,0,7,0,1,0,0,0,0,0,0,5.80774E+20,5.94044E+21,1.02208E+16,5.36066E+16
2109,1,0,58,52,2018,5,12,2,2,4,6,0,0,1,0,0,0,0,0,5.46617E+20,6.03815E+21,9.71964E+15,5.44889E+16
2110,1,0,57,22,2018,4,14,1,2,4,6,0,0,1,0,1,0,0,0,5.98816E+20,6.00618E+21,1.05146E+16,5.41941E+16
2111,1,0,59,116,2018,5,17,5,3,5,3,0,0,1,0,0,0,0,0,5.36503E+20,6.06367E+21,9.56669E+15,5.4719E+16
2112,1,0,53,32,2018,4,7,2,3,5,3,0,0,1,0,0,0,0,0,5.96049E+20,5.91875E+21,1.04449E+16,5.3409E+16
2113,1,0,58,35,2018,4,0,4,3,9,1,2,0,0,0,0,0,1,1,5.50524E+20,6.02407E+21,9.77754E+15,5.4362E+16
2114,1,0,53,12,2018,5,9,4,3,1,5,0,0,1,0,0,1,0,0,5.85463E+20,5.92433E+21,1.02873E+16,5.3461E+16
2115,1,0,62,78,2018,4,19,7,3,4,1,0,0,1,0,0,0,0,1,5.88651E+20,5.95214E+21,1.03432E+16,5.37104E+16