OBJECTID_1,ULAND,UREGBEZ,UKREIS,UGEMEINDE,UJAHR,UMONAT,USTUNDE,UWOCHENTAG,UKATEGORIE,UART,UTYP1,ULICHTVERH,IstRad,IstPKW,IstFuss,IstKrad,IstGkfz,IstSonstig,STRZUSTAND,LINREFX,LINREFY,XGCSWGS84,YGCSWGS84
2116,1,0,2,0,2018,5,14,7,3,5,2,0,0,1,0,1,0,0,0,5.70592E+20,6.0236E+21,1.00862E+16,5.43554E+16
2117,1,0,3,0,2018,5,14,4,3,5,3,0,1,1,0,0,0,0,0,6.128E+20,5.96975E+21,1.07153E+16,5.3864E+16
2118,1,0,3,0,2018,5,5,1,2,3,6,1,0,1,0,0,0,1,0,6.09294E+20,5.965E+21,1.06603E+16,5.38221E+16
2119,1,0,3,0,2018,4,6,2,3,2,2,0,0,1,0,0,0,1,0,6.12559E+20,5.97041E+21,1.07119E+16,5.38699E+16
2120,1,0,56,15,2018,4,13,6,3,4,6,0,1,0,0,0,0,0,0,5.45149E+20,5.95658E+21,9.68479E+15,5.37559E+16
2121,1,0,62,9,2018,4,12,1,2,9,1,0,0,1,0,0,0,0,0,5.83203E+20,5.9357E+21,1.02562E+16,5.35635E+16
2122,1,0,58,170,2018,4,18,4,3,5,3,0,0,1,0,0,0,1,1,5.68909E+20,6.00397E+21,1.00558E+16,5.41792E+16
2123,1,0,55,44,2018,4,9,5,3,2,6,0,0,1,0,0,0,0,0,6.13309E+20,5.99103E+21,1.0731E+16,5.4055E+16
2124,1,0,56,41,2018,5,1,6,2,2,7,2,0,1,0,0,0,0,0,5.62134E+20,5.95398E+21,9.94184E+15,5.37308E+16
2125,1,0,4,0,2018,5,12,3,3,4,6,0,1,0,0,0,0,0,0,5.63341E+20,5.99358E+21,9.96833E+15,5.40865E+16
2126,1,0,60,36,2018,4,13,3,3,5,2,0,0,1,0,0,0,0,0,5.64568E+20,5.97286E+21,9.98269E+15,5.39001E+16
2127,1,0,59,63,2018,5,10,7,2,5,3,0,1,1,0,0,0,0,0,5.47379E+20,6.05542E+21,9.73418E+15,5.46439E+16
2128,1,0,2,0,2018,5,12,6,3,2,6,0,0,1,0,0,0,0,0,5.77386E+20,6.02059E+21,1.019E+16,5.43273E+16
2129,1,0,55,21,2018,4,14,2,3,0,1,0,1,0,0,0,0,0,0,6.30039E+20,6.02602E+21,1.10015E+16,5.43654E+16
2130,1,0,54,118,2018,4,14,4,3,5,3,0,1,1,0,0,0,0,0,5.07233E+20,6.03769E+21,9.11165E+15,5.44868E+16
2131,1,0,53,32,2018,4,17,5,3,2,2,0,0,1,0,0,0,0,0,5.92724E+20,5.92098E+21,1.03956E+16,5.34297E+16
2132,1,0,53,32,2018,5,16,2,3,0,7,0,1,0,0,0,0,0,0,5.92597E+20,5.92217E+21,1.0394E+16,5.34404E+16
2133,1,0,57,66,2018,4,13,4,2,2,2,0,0,1,0,0,0,0,0,5.86651E+20,6.01558E+21,1.03309E+16,5.42808E+16
2134,1,0,2,0,2018,4,14,3,3,5,3,0,0,1,0,1,0,0,0,5.74141E+20,6.01773E+21,1.01394E+16,5.43021E+16
2135,1,0,1,0,2018,4,15,6,3,6,7,0,1,0,1,0,0,0,0,5.27263E+20,6.073E+21,9.42413E+15,5.48034E+16
2136,1,0,54,109,2018,5,17,3,3,5,3,0,1,1,0,0,0,0,0,4.92032E+20,6.06832E+21,8.87617E+15,5.47621E+16
2137,1,0,57,3,2018,4,13,2,3,9,1,0,0,1,0,0,0,0,0,5.86259E+20,6.02937E+21,1.03289E+16,5.44048E+16
2138,1,0,61,101,2018,5,7,5,3,5,3,0,0,1,0,0,0,0,0,5.35226E+20,5.96206E+21,9.53492E+15,5.38059E+16
2139,1,0,1,0,2018,5,15,4,3,5,3,0,0,1,0,1,0,0,0,5.27075E+20,6.07452E+21,9.42134E+15,5.48171E+16
2140,1,0,54,161,2018,4,16,4,3,5,3,0,0,1,0,0,0,0,0,4.98843E+20,6.02718E+21,8.98218E+15,5.43924E+16
2141,1,0,56,18,2018,5,20,4,3,0,7,0,1,0,0,0,0,0,0,5.55389E+20,5.94285E+21,9.83762E+15,5.36315E+16
2142,1,0,2,0,2018,4,13,2,3,2,6,0,0,1,0,0,0,0,0,5.73347E+20,6.01776E+21,1.01272E+16,5.43025E+16
2143,1,0,2,0,2018,5,18,1,3,0,3,0,0,1,0,0,0,1,0,5.73778E+20,6.02366E+21,1.01353E+16,5.43554E+16
2144,1,0,58,128,2018,4,10,4,3,2,6,0,0,1,0,0,0,1,0,5.60942E+20,5.98842E+21,9.93062E+15,5.40404E+16
2145,1,0,58,140,2018,5,18,2,3,2,6,0,0,1,0,0,1,1,0,5.48431E+20,6.019E+21,9.74451E+15,5.43166E+16
2146,1,0,60,30,2018,4,17,7,1,4,6,0,0,1,0,1,0,0,0,5.85942E+20,5.98152E+21,1.03103E+16,5.39749E+16
2147,1,0,59,79,2018,4,11,2,3,3,6,0,0,1,0,0,0,1,0,5.25743E+20,6.04123E+21,9.39768E+15,5.4518E+16
2148,1,0,61,41,2018,4,8,3,3,2,2,0,0,1,0,0,0,0,1,5.4324E+20,5.96656E+21,9.65722E+15,5.38457E+16
2149,1,0,54,56,2018,4,13,7,3,9,1,0,0,1,0,0,0,0,0,5.05789E+20,6.03896E+21,9.08938E+15,5.44982E+16
2150,1,0,51,24,2018,5,16,6,3,5,3,0,0,1,0,1,0,0,0,5.10265E+20,5.97827E+21,9.15642E+15,5.39527E+16
2151,1,0,2,0,2018,5,9,4,3,0,7,0,1,0,0,0,0,0,0,5.73471E+20,6.02409E+21,1.01306E+16,5.43593E+16
2152,1,0,3,0,2018,5,19,7,3,0,3,0,0,1,0,1,0,0,0,6.0893E+20,5.97066E+21,1.06568E+16,5.3873E+16
2153,1,0,2,0,2018,4,12,2,3,2,6,0,0,1,0,0,0,0,0,5.76476E+20,6.02039E+21,1.01759E+16,5.43257E+16
2154,1,0,60,89,2018,4,17,3,3,2,2,0,0,1,0,0,0,0,1,5.80637E+20,5.98867E+21,1.02314E+16,5.404E+16
2155,1,0,59,83,2018,5,7,2,3,2,6,0,0,1,0,0,0,1,0,5.50698E+20,6.05474E+21,9.78549E+15,5.46375E+16
2156,1,0,60,16,2018,4,12,1,3,9,7,0,0,1,0,0,0,0,0,5.81594E+20,5.98718E+21,1.02456E+16,5.40265E+16
2157,1,0,4,0,2018,4,16,2,3,2,6,0,0,1,0,0,0,0,0,5.64523E+20,5.99489E+21,9.98667E+15,5.40981E+16
2158,1,0,60,63,2018,4,14,3,3,2,6,0,0,1,0,0,0,0,0,5.68196E+20,5.94874E+21,1.00326E+16,5.36829E+16
2159,1,0,3,0,2018,4,12,7,3,5,3,0,0,1,0,0,0,0,1,6.14794E+20,5.97073E+21,1.0746E+16,5.38724E+16
2160,1,0,59,103,2018,5,0,7,2,8,7,2,0,1,0,0,0,0,0,5.35922E+20,6.06632E+21,9.55799E+15,5.47429E+16
2161,1,0,55,4,2018,5,14,4,3,2,6,0,0,1,0,0,0,0,0,6.1145E+20,5.97603E+21,1.06971E+16,5.39207E+16
2162,1,0,60,92,2018,5,10,7,2,5,2,0,0,1,0,0,0,0,0,5.7839E+20,5.97922E+21,1.01946E+16,5.39554E+16
2163,1,0,57,48,2018,4,15,2,2,5,2,0,1,1,0,0,0,0,0,6.03654E+20,6.01747E+21,1.05926E+16,5.42946E+16
2164,1,0,56,43,2018,4,10,4,2,2,1,0,0,0,0,1,1,1,0,5.57182E+20,5.94484E+21,9.8651E+15,5.36492E+16
2165,1,0,60,88,2018,4,18,6,2,8,1,0,0,0,0,1,0,0,0,5.74731E+20,5.96997E+21,1.01366E+16,5.38728E+16
2166,1,0,56,48,2018,5,15,3,3,2,6,0,0,1,0,0,0,0,0,5.48688E+20,5.95126E+21,9.73762E+15,5.37077E+16
2167,1,0,60,45,2018,4,1,7,2,8,7,2,0,1,0,0,0,0,0,5.67469E+20,5.96775E+21,1.00257E+16,5.38539E+16
2168,1,0,56,22,2018,4,18,3,3,5,3,0,0,1,0,0,0,1,1,5.52149E+20,5.95968E+21,9.79147E+15,5.37831E+16
2169,1,0,55,43,2018,4,12,5,3,5,2,0,0,1,0,0,0,0,0,6.12494E+20,6.01792E+21,1.07286E+16,5.42968E+16
2170,1,0,51,97,2018,5,15,5,3,2,2,0,0,0,0,1,0,1,0,5.08954E+20,5.98341E+21,9.1366E+15,5.3999E+16
2171,1,0,58,47,2018,5,17,3,3,2,6,0,0,0,0,1,1,0,0,5.34749E+20,6.01198E+21,9.53338E+15,5.42546E+16
2172,1,0,55,35,2018,4,16,7,3,2,6,0,0,1,0,0,0,1,0,6.1427E+20,5.9781E+21,1.07408E+16,5.39386E+16
2173,1,0,62,18,2018,4,15,3,3,6,6,0,1,0,1,0,0,0,1,5.81186E+20,5.93359E+21,1.02253E+16,5.3545E+16
2174,1,0,60,44,2018,5,17,6,3,3,6,0,0,1,0,1,0,0,0,5.63528E+20,5.96552E+21,9.96534E+15,5.38343E+16
2175,1,0,59,183,2018,5,14,6,3,4,6,0,0,1,0,0,0,0,0,5.18244E+20,6.06989E+21,9.28363E+15,5.47759E+16
2176,1,0,2,0,2018,4,8,2,3,1,5,0,1,1,0,0,0,0,0,5.72238E+20,6.02227E+21,1.01112E+16,5.43432E+16
2177,1,0,51,44,2018,4,15,3,3,2,6,0,0,1,0,0,0,0,0,5.07174E+20,6.00675E+21,9.11E+15,5.42087E+16
2178,1,0,58,58,2018,4,18,5,3,5,3,0,0,1,0,0,0,0,0,5.63587E+20,6.03007E+21,9.97983E+15,5.44144E+16
2179,1,0,55,1,2018,5,9,2,3,0,7,0,1,0,0,0,0,0,0,6.03026E+20,5.98649E+21,1.05724E+16,5.40164E+16
2180,1,0,56,5,2018,4,7,3,3,8,7,0,0,1,0,0,0,0,1,5.59939E+20,5.94611E+21,9.90705E+15,5.36603E+16
2181,1,0,60,65,2018,4,14,5,3,5,2,0,0,1,0,0,0,0,0,5.75347E+20,5.96507E+21,1.01448E+16,5.38287E+16
2182,1,0,60,85,2018,5,15,2,3,2,6,0,0,1,0,0,0,0,0,5.7831E+20,5.96455E+21,1.01897E+16,5.38236E+16
2183,1,0,1,0,2018,4,15,2,3,5,3,0,1,1,0,0,0,0,0,5.26163E+20,6.06796E+21,9.40655E+15,5.47582E+16
2184,1,0,53,72,2018,5,17,5,3,2,6,0,0,1,0,0,0,0,0,5.87278E+20,5.92743E+21,1.03154E+16,5.34886E+16
2185,1,0,60,43,2018,5,17,3,3,5,3,0,0,1,0,0,0,0,1,5.76218E+20,5.9627E+21,1.01574E+16,5.38073E+16
2186,1,0,62,4,2018,4,12,3,3,2,2,0,0,1,0,0,0,1,0,5.9207E+20,5.9627E+21,1.03981E+16,5.38047E+16
2187,1,0,53,90,2018,5,7,4,3,5,3,0,1,1,0,0,0,0,0,6.11546E+20,5.94206E+21,1.06863E+16,5.36155E+16
2188,1,0,58,139,2018,4,17,2,2,8,1,0,0,1,0,0,0,0,1,5.6791E+20,6.01354E+21,1.00427E+16,5.42652E+16
2189,1,0,54,73,2018,5,4,1,2,9,1,1,0,1,0,0,0,0,0,5.01635E+20,6.07474E+21,9.02545E+15,5.48198E+16
2190,1,0,53,12,2018,4,22,3,3,2,2,2,0,1,0,0,0,0,0,5.84586E+20,5.92536E+21,1.02743E+16,5.34705E+16
2191,1,0,53,3,2018,4,17,3,2,8,1,0,0,0,0,1,0,0,0,5.89717E+20,5.93458E+21,1.03542E+16,5.35524E+16
2192,1,0,60,53,2018,5,14,1,3,5,3,0,1,1,0,0,0,0,0,5.82309E+20,5.96932E+21,1.02517E+16,5.38658E+16
2193,1,0,3,0,2018,4,20,7,3,2,6,1,0,1,0,0,0,0,0,6.14744E+20,5.96808E+21,1.07442E+16,5.38485E+16
2194,1,0,60,99,2018,4,17,1,3,4,1,0,0,1,0,0,0,0,0,5.59301E+20,5.97999E+21,9.90393E+15,5.39649E+16
2195,1,0,62,22,2018,4,14,3,3,5,3,0,0,1,0,0,0,0,0,5.88689E+20,5.94154E+21,1.03407E+16,5.36151E+16
2196,1,0,60,63,2018,4,15,6,3,2,6,0,0,1,0,0,0,0,0,5.68167E+20,5.94868E+21,1.00321E+16,5.36824E+16
2197,1,0,60,63,2018,5,11,6,3,5,2,0,1,1,0,0,0,0,0,5.65046E+20,5.94856E+21,9.98483E+15,5.36817E+16
2198,1,0,54,56,2018,5,17,4,3,2,2,0,0,1,0,0,0,0,0,5.03615E+20,6.03704E+21,9.0558E+15,5.4481E+16
2199,1,0,2,0,2018,5,8,7,3,1,5,0,1,1,0,0,0,0,0,5.73336E+20,6.0198E+21,1.01275E+16,5.43208E+16
2200,1,0,57,27,2018,4,11,2,2,8,1,0,0,1,0,0,0,0,0,6.05654E+20,6.01306E+21,1.06218E+16,5.42545E+16
2201,1,0,55,4,2018,4,17,4,3,2,6,0,0,1,0,0,0,0,0,6.12234E+20,5.9769E+21,1.07093E+16,5.39283E+16
2202,1,0,58,85,2018,4,14,6,2,8,1,0,0,1,0,0,0,0,0,5.41876E+20,5.99113E+21,9.63988E+15,5.40667E+16
2203,1,0,55,33,2018,5,7,3,3,2,6,0,0,1,0,0,0,0,0,6.22897E+20,6.0175E+21,1.08882E+16,5.42906E+16
2204,1,0,62,18,2018,4,17,3,3,2,6,0,0,1,0,0,0,1,0,5.81419E+20,5.93145E+21,1.02282E+16,5.35256E+16
2205,1,0,59,75,2018,4,10,5,3,2,6,0,0,1,0,0,0,0,0,5.34717E+20,6.04229E+21,9.53644E+15,5.4527E+16
2206,1,0,3,0,2018,5,6,5,3,5,2,0,1,1,0,0,0,0,0,6.10125E+20,5.96996E+21,1.06747E+16,5.38665E+16
2207,1,0,62,61,2018,4,11,6,3,2,6,0,0,1,0,0,0,0,0,5.97166E+20,5.96468E+21,1.04761E+16,5.38216E+16
2208,1,0,2,0,2018,4,11,3,3,2,6,0,0,1,0,0,0,0,1,5.7346E+20,6.02138E+21,1.01298E+16,5.4335E+16
2209,1,0,3,0,2018,5,12,6,3,4,6,0,0,1,0,0,0,1,0,6.2101E+20,5.97846E+21,1.08435E+16,5.39404E+16
2210,1,0,53,100,2018,5,9,4,3,5,3,0,0,1,0,0,0,0,0,6.18364E+20,5.95075E+21,1.07926E+16,5.3692E+16
2211,1,0,3,0,2018,5,11,5,2,0,7,0,1,1,0,0,0,0,0,6.10024E+20,5.96934E+21,1.0673E+16,5.38609E+16
2212,1,0,59,106,2018,4,18,2,2,8,1,0,0,0,0,1,0,0,0,5.43612E+20,6.07023E+21,9.67802E+15,5.47774E+16
2213,1,0,4,0,2018,4,11,3,3,5,2,0,1,1,0,0,0,0,0,5.63806E+20,5.99393E+21,9.97551E+15,5.40896E+16
2214,1,0,53,104,2018,4,16,5,2,1,7,0,0,0,0,0,1,0,0,6.07983E+20,5.93486E+21,1.06299E+16,5.35515E+16
2215,1,0,59,106,2018,5,16,2,3,2,2,0,0,1,0,0,0,0,0,5.44778E+20,6.06941E+21,9.69603E+15,5.47699E+16
2216,1,0,55,7,2018,4,20,3,3,8,1,2,0,1,0,0,0,0,1,6.02284E+20,5.99799E+21,1.0565E+16,5.41198E+16
2217,1,0,60,63,2018,4,16,4,3,6,3,0,0,1,1,0,0,0,0,5.67533E+20,5.949E+21,1.00226E+16,5.36854E+16
2218,1,0,62,18,2018,4,13,6,3,5,3,0,0,1,0,0,0,0,0,5.79654E+20,5.93306E+21,1.0202E+16,5.35404E+16
2219,1,0,53,73,2018,5,14,3,3,5,3,0,0,1,0,1,0,0,0,6.02086E+20,5.9195E+21,1.0536E+16,5.34147E+16
2220,1,0,62,27,2018,4,11,7,3,2,2,0,0,1,0,0,0,0,0,5.88556E+20,5.95287E+21,1.03419E+16,5.3717E+16
2221,1,0,55,35,2018,4,14,3,3,4,6,0,0,1,0,0,0,0,0,6.194E+20,5.98122E+21,1.08201E+16,5.39655E+16
2222,1,0,4,0,2018,4,18,5,3,5,3,0,1,1,0,0,0,0,0,5.63487E+20,5.99237E+21,9.97032E+15,5.40756E+16
2223,1,0,62,76,2018,5,17,5,3,0,3,0,1,1,0,0,0,0,0,5.68652E+20,5.95456E+21,1.00408E+16,5.37352E+16
2224,1,0,2,0,2018,5,19,3,3,2,6,0,0,1,0,0,0,0,0,5.7375E+20,6.01786E+21,1.01334E+16,5.43033E+16
2225,1,0,60,49,2018,4,19,6,2,9,6,0,0,0,1,0,0,1,0,5.86899E+20,5.98024E+21,1.03246E+16,5.39632E+16
2226,1,0,3,0,2018,4,9,3,3,5,7,0,0,1,0,0,0,0,0,6.10107E+20,5.96981E+21,1.06744E+16,5.38651E+16
2227,1,0,60,82,2018,5,16,6,3,5,3,0,0,1,0,0,0,0,0,5.70398E+20,5.96821E+21,1.00703E+16,5.38576E+16
2228,1,0,62,6,2018,5,8,5,3,5,2,0,0,1,0,0,0,1,0,5.85243E+20,5.9527E+21,1.02917E+16,5.3716E+16
2229,1,0,59,75,2018,4,15,2,3,5,3,0,0,1,0,0,0,1,0,5.36537E+20,6.04134E+21,9.56443E+15,5.45183E+16
2230,1,0,56,39,2018,4,11,3,3,2,6,0,0,1,0,0,1,0,0,5.5256E+20,5.94799E+21,9.79571E+15,5.3678E+16
2231,1,0,2,0,2018,4,7,5,3,5,2,0,1,1,0,0,0,0,0,5.73213E+20,6.0187E+21,1.01253E+16,5.43109E+16
2232,1,0,2,0,2018,5,6,2,3,0,7,0,0,1,0,0,0,0,0,5.73116E+20,6.01791E+21,1.01237E+16,5.43038E+16
2233,1,0,55,33,2018,4,10,3,3,2,6,0,0,1,0,0,0,0,1,6.22322E+20,6.01696E+21,1.08791E+16,5.42859E+16
2234,1,0,57,9,2018,4,19,5,1,5,2,0,0,1,0,1,0,0,0,5.99045E+20,5.99943E+21,1.05159E+16,5.41335E+16
2235,1,0,62,6,2018,5,16,2,1,5,3,0,0,1,0,0,1,0,0,5.81919E+20,5.95354E+21,1.02416E+16,5.37241E+16
2236,1,0,62,9,2018,4,10,2,3,7,7,0,0,1,0,0,1,0,0,5.80797E+20,5.93911E+21,1.02208E+16,5.35946E+16
2237,1,0,3,0,2018,5,13,5,3,0,7,0,1,0,0,0,0,0,0,6.11979E+20,5.96963E+21,1.07028E+16,5.38631E+16
2238,1,0,54,136,2018,5,19,3,3,8,1,0,0,1,0,0,0,0,1,4.95212E+20,6.07408E+21,8.92549E+15,5.48139E+16
2239,1,0,3,0,2018,4,17,3,3,5,3,0,0,1,0,0,0,0,0,6.12345E+20,5.96785E+21,1.07077E+16,5.3847E+16
2240,1,0,55,40,2018,5,11,4,2,0,7,0,0,0,0,1,0,0,1,6.06325E+20,5.97264E+21,1.06179E+16,5.38913E+16
2241,1,0,55,44,2018,4,13,1,3,5,3,0,0,1,0,0,0,0,1,6.1591E+20,5.98608E+21,1.07688E+16,5.401E+16
2242,1,0,51,137,2018,5,3,7,3,0,1,2,0,1,0,0,0,0,0,5.01077E+20,5.99695E+21,9.01648E+15,5.41206E+16
2243,1,0,3,0,2018,4,8,3,3,5,2,0,1,1,0,0,0,0,1,6.12141E+20,5.97226E+21,1.07062E+16,5.38867E+16
2244,1,0,3,0,2018,5,14,1,3,3,6,0,0,1,0,0,0,0,0,6.20664E+20,5.98063E+21,1.08391E+16,5.396E+16
2245,1,0,58,92,2018,4,10,7,3,0,3,2,1,1,0,0,0,0,0,5.7088E+20,6.02076E+21,1.009E+16,5.43298E+16
2246,1,0,55,33,2018,4,12,1,2,2,6,0,0,1,0,1,0,0,0,6.22538E+20,6.01615E+21,1.08821E+16,5.42786E+16
2247,1,0,4,0,2018,4,16,3,3,3,6,0,0,1,0,0,0,0,1,5.61418E+20,5.99159E+21,9.93853E+15,5.40688E+16
2248,1,0,62,18,2018,4,10,6,3,5,3,0,1,1,0,0,0,0,0,5.81837E+20,5.93394E+21,1.02352E+16,5.35479E+16
2249,1,0,3,0,2018,5,16,6,3,2,6,0,0,1,0,0,0,0,0,6.0689E+20,5.96937E+21,1.06254E+16,5.38618E+16
2250,1,0,56,5,2018,5,15,3,3,5,3,0,0,1,0,0,0,1,0,5.59643E+20,5.94708E+21,9.90276E+15,5.3669E+16
2251,1,0,2,0,2018,4,4,4,3,0,7,2,1,0,0,0,0,0,1,5.73251E+20,6.01987E+21,1.01262E+16,5.43214E+16
2252,1,0,58,98,2018,5,13,7,3,2,6,0,0,1,0,0,0,0,0,5.62887E+20,5.99965E+21,9.96265E+15,5.41411E+16
2253,1,0,53,43,2018,4,6,2,3,8,1,0,0,1,0,0,0,0,0,6.12014E+20,5.96087E+21,1.07001E+16,5.37843E+16
2254,1,0,55,35,2018,4,9,4,3,2,2,0,0,1,0,0,0,0,0,6.13978E+20,5.97567E+21,1.07354E+16,5.39168E+16
2255,1,0,1,0,2018,4,12,6,3,3,6,0,0,1,0,1,0,0,0,5.25533E+20,6.06982E+21,9.39693E+15,5.47749E+16
2256,1,0,2,0,2018,5,18,3,3,5,3,0,1,1,0,0,0,0,0,5.74382E+20,6.02011E+21,1.01436E+16,5.43234E+16
2257,1,0,2,0,2018,4,15,3,3,2,6,0,0,1,0,0,0,0,0,5.72406E+20,6.01838E+21,1.01129E+16,5.43082E+16
2258,1,0,53,83,2018,4,16,4,3,2,2,0,0,1,0,0,1,0,0,6.05274E+20,5.91536E+21,1.05825E+16,5.33769E+16
2259,1,0,2,0,2018,5,17,5,3,2,6,0,0,1,0,0,0,1,0,5.74883E+20,6.0133E+21,1.01496E+16,5.42622E+16
2260,1,0,3,0,2018,4,7,6,2,1,7,0,0,1,0,0,0,0,0,6.10074E+20,5.96962E+21,1.06738E+16,5.38634E+16
2261,1,0,54,56,2018,4,13,3,2,8,1,0,1,0,0,0,0,0,0,5.02824E+20,6.03756E+21,9.04359E+15,5.44856E+16
2262,1,0,57,86,2018,5,8,6,3,2,6,0,0,1,0,0,0,0,0,5.7566E+20,6.00575E+21,1.01597E+16,5.41942E+16
2263,1,0,55,46,2018,5,7,4,3,2,6,0,0,1,0,0,0,0,0,6.42426E+20,6.03472E+21,1.11962E+16,5.44402E+16
2264,1,0,57,48,2018,5,20,5,2,0,7,0,0,0,0,1,0,0,0,6.03023E+20,6.01771E+21,1.0583E+16,5.42968E+16
2265,1,0,1,0,2018,4,17,3,3,5,3,0,0,1,0,0,0,0,0,5.30906E+20,6.07322E+21,9.48082E+15,5.48052E+16
2266,1,0,60,40,2018,5,8,1,3,8,1,0,0,1,0,0,0,0,0,5.56905E+20,5.97711E+21,9.86688E+15,5.39393E+16
2267,1,0,57,35,2018,4,13,3,1,4,1,0,0,1,0,0,0,0,0,6.00739E+20,6.01436E+21,1.05468E+16,5.42673E+16
2268,1,0,56,50,2018,4,6,4,3,2,2,0,0,1,0,0,0,0,1,5.47249E+20,5.9373E+21,9.7137E+15,5.35824E+16
2269,1,0,58,68,2018,5,22,2,3,5,3,2,0,1,0,0,0,0,0,5.37406E+20,6.00292E+21,9.57303E+15,5.4173E+16
2270,1,0,3,0,2018,4,10,1,3,5,2,0,0,1,0,0,0,0,0,6.22022E+20,5.98092E+21,1.08599E+16,5.39622E+16
2271,1,0,58,173,2018,5,19,5,2,5,3,0,0,1,0,0,0,0,0,5.51317E+20,6.03512E+21,9.79166E+15,5.44612E+16
2272,1,0,56,15,2018,4,17,2,3,2,6,0,0,1,0,0,0,0,0,5.44325E+20,5.95725E+21,9.67239E+15,5.3762E+16
2273,1,0,2,0,2018,4,16,3,3,2,6,0,0,1,0,1,0,0,1,5.72922E+20,6.02105E+21,1.01214E+16,5.43321E+16
2274,1,0,2,0,2018,5,23,4,3,4,6,2,1,0,0,0,0,0,0,5.75822E+20,6.01966E+21,1.01657E+16,5.43192E+16
2275,1,0,60,7,2018,4,20,7,3,8,1,2,0,1,0,0,0,0,1,5.71159E+20,5.97499E+21,1.00835E+16,5.39185E+16
2276,1,0,58,101,2018,5,19,7,2,8,1,0,0,1,0,0,0,0,0,5.44837E+20,6.00231E+21,9.68677E+15,5.41669E+16
2277,1,0,53,32,2018,5,15,4,3,2,6,0,0,1,0,0,0,0,0,5.90505E+20,5.92259E+21,1.03627E+16,5.34445E+16
2278,1,0,59,18,2018,5,11,1,3,5,3,0,1,1,0,0,0,0,0,5.36948E+20,6.0394E+21,9.57054E+15,5.45009E+16
2279,1,0,61,44,2018,4,2,7,1,2,6,2,0,1,0,0,0,0,0,5.41257E+20,5.96496E+21,9.62687E+15,5.38316E+16
2280,1,0,58,132,2018,4,16,5,3,2,6,0,0,1,0,0,0,1,0,5.47594E+20,6.02021E+21,9.73184E+15,5.43276E+16
2281,1,0,3,0,2018,5,5,2,3,5,3,0,1,1,0,0,0,0,0,6.07899E+20,5.96723E+21,1.06399E+16,5.38423E+16
2282,1,0,53,83,2018,4,8,1,3,2,6,0,0,1,0,0,0,0,0,6.05322E+20,5.91534E+21,1.05833E+16,5.33767E+16
2283,1,0,3,0,2018,5,17,5,3,5,2,0,0,1,0,0,0,0,0,6.11266E+20,5.96908E+21,1.06918E+16,5.38583E+16
2284,1,0,59,159,2018,5,16,3,2,3,6,0,0,1,0,0,0,0,0,5.27977E+20,6.0567E+21,9.43367E+15,5.46569E+16
2285,1,0,57,54,2018,4,12,3,3,2,6,0,0,1,0,0,1,1,1,5.78064E+20,6.00439E+21,1.01962E+16,5.41816E+16
2286,1,0,2,0,2018,5,9,4,2,2,6,0,0,1,0,0,1,0,0,5.75554E+20,6.01724E+21,1.01609E+16,5.42975E+16
2287,1,0,54,152,2018,4,11,1,1,5,3,0,0,1,0,1,0,0,0,5.1346E+20,6.04058E+21,9.2079E+15,5.45126E+16
2288,1,0,56,5,2018,5,16,7,3,0,1,0,1,0,0,0,0,0,0,5.598E+20,5.94812E+21,9.90534E+15,5.36784E+16
2289,1,0,56,39,2018,5,15,4,3,5,3,0,1,1,0,0,0,0,0,5.51903E+20,5.94581E+21,9.78541E+15,5.36585E+16
2290,1,0,2,0,2018,4,11,3,3,2,6,0,0,1,0,0,0,0,0,5.75768E+20,6.01912E+21,1.01647E+16,5.43143E+16
2291,1,0,2,0,2018,5,11,1,3,2,6,0,0,1,0,1,0,0,0,5.73455E+20,6.02387E+21,1.01303E+16,5.43573E+16
2292,1,0,2,0,2018,4,19,7,3,2,6,0,0,1,0,0,0,0,0,5.74436E+20,6.01767E+21,1.01439E+16,5.43015E+16
2293,1,0,2,0,2018,4,11,1,3,9,7,0,1,0,0,0,0,0,0,5.75877E+20,6.01983E+21,1.01666E+16,5.43207E+16
2294,1,0,1,0,2018,4,10,3,3,3,6,0,0,1,0,0,0,0,1,5.26156E+20,6.07035E+21,9.40667E+15,5.47797E+16
2295,1,0,57,73,2018,4,19,6,3,5,3,0,1,1,0,0,0,0,1,5.89609E+20,6.02767E+21,1.038E+16,5.43889E+16
2296,1,0,58,35,2018,5,6,6,3,8,6,0,0,1,0,0,0,0,1,5.49166E+20,6.02265E+21,9.75641E+15,5.43493E+16
2297,1,0,62,5,2018,5,15,3,3,4,6,0,0,1,0,0,0,0,0,5.79432E+20,5.95805E+21,1.0205E+16,5.3765E+16
2298,1,0,55,39,2018,4,6,4,3,0,7,1,0,1,0,0,0,1,0,6.16464E+20,5.99661E+21,1.07813E+16,5.41044E+16
2299,1,0,3,0,2018,5,16,7,3,0,6,0,0,1,0,1,0,0,0,6.13061E+20,5.9698E+21,1.07193E+16,5.38643E+16
2300,1,0,55,12,2018,5,21,6,3,8,1,0,0,1,0,0,0,0,0,6.03798E+20,6.00071E+21,1.0589E+16,5.4144E+16
2301,1,0,51,127,2018,4,18,1,3,6,4,0,0,1,1,0,0,0,0,4.95173E+20,6.00724E+21,8.92598E+15,5.42132E+16
2302,1,0,2,0,2018,4,7,4,3,5,2,0,1,1,0,0,0,0,0,5.72978E+20,6.02103E+21,1.01223E+16,5.43319E+16
2303,1,0,59,109,2018,4,18,6,3,5,3,0,0,1,0,0,0,0,0,5.51034E+20,6.06416E+21,9.79234E+15,5.47222E+16
2304,1,0,60,12,2018,5,7,3,3,2,6,0,0,1,0,0,0,0,0,5.80091E+20,5.99108E+21,1.02237E+16,5.40617E+16
2305,1,0,54,75,2018,4,9,3,3,4,6,0,0,1,0,0,0,1,1,4.9188E+20,6.0616E+21,8.87399E+15,5.47017E+16
2306,1,0,59,6,2018,4,7,4,2,5,3,0,0,1,0,0,0,0,0,5.4631E+20,6.05689E+21,9.71784E+15,5.46573E+16
2307,1,0,54,168,2018,5,11,5,3,4,6,0,1,0,0,0,0,0,0,4.54633E+20,6.0793E+21,8.29327E+15,5.48588E+16