OBJECTID_1,ULAND,UREGBEZ,UKREIS,UGEMEINDE,UJAHR,UMONAT,USTUNDE,UWOCHENTAG,UKATEGORIE,UART,UTYP1,ULICHTVERH,IstRad,IstPKW,IstFuss,IstKrad,IstGkfz,IstSonstig,STRZUSTAND,LINREFX,LINREFY,XGCSWGS84,YGCSWGS84
2499,1,0,1,0,2018,5,12,1,3,3,2,0,1,1,0,0,0,0,0,5.26693E+20,6.07009E+21,9.41499E+15,5.47773E+16
2500,1,0,2,0,2018,4,20,7,3,5,2,1,1,1,0,0,0,0,0,5.72975E+20,6.01996E+21,1.0122E+16,5.43223E+16
2501,1,0,57,9,2018,4,15,1,3,2,6,0,0,1,0,0,0,1,0,5.95135E+20,6.00073E+21,1.04565E+16,5.41459E+16
2502,1,0,51,74,2018,3,19,7,3,5,3,0,1,1,0,0,0,0,0,5.04346E+20,5.99405E+21,9.06645E+15,5.40946E+16
2503,1,0,59,182,2018,4,11,6,2,4,6,0,0,1,0,0,0,0,0,5.324E+20,6.06368E+21,9.503E+15,5.47194E+16
2504,1,0,57,9,2018,5,13,6,3,2,6,0,0,1,0,0,0,0,0,5.95181E+20,6.00073E+21,1.04572E+16,5.41459E+16
2505,1,0,3,0,2018,5,21,3,3,5,3,1,1,0,0,0,0,0,0,6.11286E+20,5.97102E+21,1.06928E+16,5.38757E+16
2506,1,0,62,78,2018,4,22,4,3,2,6,2,0,1,0,0,0,0,0,5.87387E+20,5.95038E+21,1.03235E+16,5.36948E+16
2507,1,0,3,0,2018,5,9,7,3,2,2,0,0,1,0,0,0,0,0,6.08941E+20,5.97166E+21,1.06573E+16,5.3882E+16
2508,1,0,3,0,2018,5,10,6,3,2,2,0,0,1,0,0,0,0,0,6.0752E+20,5.96879E+21,1.06347E+16,5.38565E+16
2509,1,0,57,57,2018,4,12,4,3,2,6,0,0,1,0,0,0,0,0,5.91496E+20,6.00106E+21,1.04009E+16,5.41495E+16
2510,1,0,51,72,2018,4,17,5,2,1,5,0,0,1,0,0,0,1,0,4.99816E+20,5.97783E+21,8.99719E+15,5.39488E+16
2511,1,0,56,43,2018,5,16,2,3,3,6,0,0,1,0,1,0,0,0,5.57592E+20,5.9426E+21,9.87089E+15,5.3629E+16
2512,1,0,51,48,2018,3,13,7,3,0,2,0,0,1,0,0,0,0,0,5.04708E+20,5.99991E+21,9.07208E+15,5.41473E+16
2513,1,0,51,44,2018,4,12,3,3,5,3,0,0,1,0,0,0,1,0,5.0569E+20,6.00501E+21,9.08722E+15,5.41931E+16
2514,1,0,1,0,2018,5,7,5,3,8,1,0,1,0,0,0,0,0,0,5.28574E+20,6.07071E+21,9.4443E+15,5.47828E+16
2515,1,0,57,28,2018,4,18,6,2,5,3,0,0,1,0,1,0,0,0,5.89014E+20,6.02609E+21,1.03704E+16,5.43748E+16
2516,1,0,62,91,2018,4,2,2,3,8,1,2,0,1,0,0,0,0,0,5.90105E+20,5.94985E+21,1.03645E+16,5.36896E+16
2517,1,0,59,183,2018,5,7,6,3,5,3,0,0,1,0,0,0,0,0,5.20861E+20,6.06923E+21,9.32426E+15,5.47699E+16
2518,1,0,58,43,2018,5,15,4,3,2,6,0,0,1,0,0,0,0,0,5.5396E+20,6.03415E+21,9.83225E+15,5.44522E+16
2519,1,0,60,92,2018,3,16,7,3,5,3,0,1,1,0,0,0,0,1,5.79032E+20,5.97913E+21,1.02044E+16,5.39545E+16
2520,1,0,61,12,2018,5,14,4,3,2,2,0,0,1,0,0,0,0,0,5.29683E+20,5.962E+21,9.45074E+15,5.38057E+16
2521,1,0,60,63,2018,4,18,2,3,5,3,0,0,1,0,0,0,0,0,5.65798E+20,5.94857E+21,9.99622E+15,5.36817E+16
2522,1,0,60,23,2018,4,12,2,3,0,1,0,0,0,0,1,0,0,0,5.58593E+20,5.97658E+21,9.89248E+15,5.39343E+16
2523,1,0,58,141,2018,5,13,1,3,4,1,0,0,0,0,1,0,1,0,5.64199E+20,6.01212E+21,9.9854E+15,5.4253E+16
2524,1,0,62,61,2018,3,19,7,3,8,1,1,0,1,0,0,0,0,2,5.96721E+20,5.96461E+21,1.04693E+16,5.3821E+16
2525,1,0,2,0,2018,4,12,4,3,5,2,0,0,1,0,0,0,0,0,5.7309E+20,6.02158E+21,1.01242E+16,5.43369E+16
2526,1,0,59,131,2018,5,7,2,2,5,2,0,0,0,0,1,1,0,0,5.23616E+20,6.05898E+21,9.36625E+15,5.46776E+16
2527,1,0,54,93,2018,4,16,1,2,9,1,0,0,0,0,1,0,0,0,4.8936E+20,6.06008E+21,8.83495E+15,5.4688E+16
2528,1,0,55,33,2018,4,7,2,3,5,2,0,0,1,0,0,0,0,0,6.20713E+20,6.01429E+21,1.08533E+16,5.42623E+16
2529,1,0,55,46,2018,4,16,7,3,8,1,0,0,1,0,0,0,0,1,6.38226E+20,6.03652E+21,1.11323E+16,5.44575E+16
2530,1,0,54,78,2018,5,15,7,3,0,7,0,1,0,0,0,0,0,0,4.60315E+20,6.09518E+21,8.37958E+15,5.50019E+16
2531,1,0,55,46,2018,5,15,4,3,8,6,0,1,0,0,0,0,0,0,6.42266E+20,6.03477E+21,1.11938E+16,5.44407E+16
2532,1,0,53,108,2018,5,6,5,3,5,3,0,1,1,0,0,0,0,0,5.97837E+20,5.9495E+21,1.04815E+16,5.3685E+16
2533,1,0,55,33,2018,6,11,6,3,2,2,0,0,1,0,0,0,0,0,6.20252E+20,6.01721E+21,1.08474E+16,5.42886E+16
2534,1,0,58,25,2018,5,11,1,3,2,6,0,0,1,0,0,0,1,0,5.20561E+20,5.99138E+21,9.3142E+15,5.40702E+16
2535,1,0,2,0,2018,6,0,1,2,0,1,2,1,0,0,0,0,0,0,5.73146E+20,6.02178E+21,1.01251E+16,5.43386E+16
2536,1,0,3,0,2018,5,18,4,3,5,2,0,1,1,0,0,0,0,0,6.12372E+20,5.96967E+21,1.07088E+16,5.38633E+16
2537,1,0,2,0,2018,7,19,1,3,2,2,0,0,1,0,0,0,1,0,5.74444E+20,6.01768E+21,1.0144E+16,5.43016E+16
2538,1,0,53,100,2018,6,15,7,3,3,6,0,1,0,0,0,0,0,0,6.17313E+20,5.94974E+21,1.07763E+16,5.36832E+16
2539,1,0,55,1,2018,6,18,3,3,5,3,0,1,0,0,1,0,0,0,6.03026E+20,5.98638E+21,1.05724E+16,5.40155E+16
2540,1,0,3,0,2018,6,9,4,3,3,6,0,0,1,0,0,0,0,0,6.05607E+20,5.96864E+21,1.06056E+16,5.38555E+16
2541,1,0,62,11,2018,5,6,3,3,5,2,0,0,1,0,0,0,1,0,5.82071E+20,5.94154E+21,1.02407E+16,5.36162E+16
2542,1,0,59,45,2018,6,13,5,2,5,2,0,0,1,0,0,0,1,1,5.59935E+20,6.05726E+21,9.9291E+15,5.46591E+16
2543,1,0,59,45,2018,6,16,7,3,5,3,0,0,0,0,1,0,1,0,5.6108E+20,6.0571E+21,9.94681E+15,5.46576E+16
2544,1,0,62,18,2018,5,17,5,3,5,3,0,0,1,0,1,0,0,0,5.80007E+20,5.93301E+21,1.02073E+16,5.35399E+16
2545,1,0,59,75,2018,6,1,7,2,0,1,2,1,0,0,0,0,0,0,5.35831E+20,6.04093E+21,9.55348E+15,5.45147E+16
2546,1,0,62,4,2018,5,19,7,3,3,6,0,0,1,0,0,0,0,0,5.93546E+20,5.96065E+21,1.04199E+16,5.3786E+16
2547,1,0,53,129,2018,6,17,4,3,5,3,0,0,1,0,0,0,0,0,5.84206E+20,5.92732E+21,1.02691E+16,5.34881E+16
2548,1,0,53,32,2018,6,15,6,3,6,4,0,0,1,1,0,0,0,0,5.90749E+20,5.92212E+21,1.03662E+16,5.34403E+16
2549,1,0,55,44,2018,7,18,6,3,0,7,0,1,0,0,0,0,0,0,6.08679E+20,5.98956E+21,1.06597E+16,5.40428E+16
2550,1,0,1,0,2018,6,18,7,3,5,3,0,1,1,0,0,0,0,0,5.26765E+20,6.0732E+21,9.4164E+15,5.48053E+16
2551,1,0,55,32,2018,5,15,5,3,5,3,0,1,1,0,0,0,0,0,6.17523E+20,5.9963E+21,1.07974E+16,5.41014E+16
2552,1,0,2,0,2018,5,13,6,3,2,7,0,0,1,0,0,0,0,0,5.69772E+20,6.02013E+21,1.00728E+16,5.43243E+16
2553,1,0,62,1,2018,6,18,2,3,2,6,0,0,1,0,0,0,0,0,5.82534E+20,5.94692E+21,1.02491E+16,5.36645E+16
2554,1,0,58,144,2018,6,7,3,3,2,7,0,0,1,0,0,0,0,0,5.62922E+20,6.00186E+21,9.96365E+15,5.4161E+16
2555,1,0,51,125,2018,5,10,2,3,4,6,0,0,1,0,0,0,1,0,5.16569E+20,6.0062E+21,9.25402E+15,5.42036E+16
2556,1,0,62,53,2018,6,14,3,3,4,6,0,1,0,0,0,0,0,0,5.77092E+20,5.93316E+21,1.01634E+16,5.35416E+16
2557,1,0,51,11,2018,5,17,5,3,5,3,0,0,1,0,1,0,0,0,5.09523E+20,5.97214E+21,9.14492E+15,5.38976E+16
2558,1,0,59,90,2018,7,17,3,3,5,2,0,0,1,0,0,0,0,0,5.41977E+20,6.04774E+21,9.64938E+15,5.45754E+16
2559,1,0,57,24,2018,6,16,6,3,5,3,0,0,1,0,0,0,1,0,5.71501E+20,5.99898E+21,1.00943E+16,5.4134E+16
2560,1,0,4,0,2018,6,9,3,3,5,3,0,1,1,0,0,0,0,0,5.63738E+20,5.99414E+21,9.97451E+15,5.40915E+16
2561,1,0,2,0,2018,6,8,6,3,2,6,0,0,1,0,0,0,0,0,5.75988E+20,6.02838E+21,1.01705E+16,5.43975E+16
2562,1,0,55,35,2018,5,15,5,2,3,6,0,0,1,0,1,0,0,0,6.13714E+20,5.9757E+21,1.07314E+16,5.39172E+16
2563,1,0,53,3,2018,6,19,5,3,1,2,0,0,1,0,0,0,0,0,5.88348E+20,5.93148E+21,1.03327E+16,5.35249E+16
2564,1,0,59,158,2018,7,13,5,3,5,3,0,0,1,0,0,0,0,0,5.11726E+20,6.06803E+21,9.18222E+15,5.47594E+16
2565,1,0,55,14,2018,5,12,5,3,9,1,0,0,1,0,0,0,0,0,6.29388E+20,6.01492E+21,1.09867E+16,5.42659E+16
2566,1,0,55,17,2018,6,17,7,3,8,1,0,1,0,0,0,0,0,0,6.34123E+20,6.02605E+21,1.10644E+16,5.43646E+16
2567,1,0,62,4,2018,5,6,2,3,2,6,0,0,1,0,0,0,0,1,5.93762E+20,5.96097E+21,1.04233E+16,5.37888E+16
2568,1,0,57,39,2018,6,12,2,3,8,1,0,0,1,0,0,0,0,0,5.93164E+20,6.02433E+21,1.04337E+16,5.43582E+16
2569,1,0,62,8,2018,5,13,5,3,3,6,0,0,1,0,0,0,0,0,5.99573E+20,5.96457E+21,1.05126E+16,5.38202E+16
2570,1,0,57,73,2018,7,8,2,2,6,3,0,0,1,1,0,0,0,0,5.89183E+20,6.02763E+21,1.03734E+16,5.43886E+16
2571,1,0,54,76,2018,6,15,2,3,0,2,0,0,1,0,1,0,0,0,4.98439E+20,6.06938E+21,8.97573E+15,5.47716E+16
2572,1,0,4,0,2018,6,18,4,3,2,6,0,0,1,0,0,0,0,0,5.63583E+20,5.99202E+21,9.97171E+15,5.40725E+16
2573,1,0,62,18,2018,6,15,4,3,0,7,0,1,0,0,0,0,0,0,5.81819E+20,5.93391E+21,1.02349E+16,5.35477E+16
2574,1,0,58,99,2018,5,22,4,2,8,1,2,0,1,0,0,0,0,0,5.5803E+20,6.0429E+21,9.89673E+15,5.45304E+16
2575,1,0,2,0,2018,6,17,6,3,5,3,0,0,1,0,1,0,0,0,5.71975E+20,6.02253E+21,1.01072E+16,5.43455E+16
2576,1,0,51,1,2018,6,19,5,3,6,6,0,0,1,1,0,0,0,0,5.19302E+20,6.00067E+21,9.29556E+15,5.41538E+16
2577,1,0,3,0,2018,6,20,1,3,2,2,0,0,1,0,0,0,0,0,6.14596E+20,5.96817E+21,1.0742E+16,5.38494E+16
2578,1,0,2,0,2018,7,20,4,3,5,3,0,1,1,0,0,0,0,0,5.7446E+20,6.01763E+21,1.01442E+16,5.43012E+16
2579,1,0,3,0,2018,5,13,5,3,5,3,0,1,1,0,0,0,0,0,6.11349E+20,5.971E+21,1.06937E+16,5.38755E+16
2580,1,0,60,82,2018,5,20,7,2,4,1,0,0,1,0,0,0,1,0,5.70404E+20,5.96816E+21,1.00704E+16,5.38571E+16
2581,1,0,53,100,2018,6,19,5,3,5,3,0,1,1,0,0,0,0,0,6.16964E+20,5.9515E+21,1.07717E+16,5.36991E+16
2582,1,0,56,48,2018,6,7,7,3,5,3,0,0,1,0,0,0,0,0,5.50147E+20,5.95283E+21,9.75998E+15,5.37218E+16
2583,1,0,58,168,2018,7,11,7,3,2,2,0,0,1,0,0,0,0,0,5.56074E+20,6.0077E+21,9.85988E+15,5.42143E+16
2584,1,0,3,0,2018,5,23,4,2,6,3,2,0,1,1,0,0,0,0,6.12294E+20,5.97085E+21,1.0708E+16,5.3874E+16
2585,1,0,60,2,2018,7,17,1,3,3,6,0,0,1,0,0,0,0,0,5.61994E+20,5.95959E+21,9.94085E+15,5.37812E+16
2586,1,0,57,5,2018,6,1,7,2,9,7,2,0,1,0,0,0,0,0,5.84172E+20,5.99585E+21,1.02873E+16,5.4104E+16
2587,1,0,2,0,2018,6,16,3,3,5,3,0,0,1,0,0,0,0,0,5.73164E+20,6.0218E+21,1.01253E+16,5.43387E+16
2588,1,0,3,0,2018,6,7,3,3,5,2,0,1,1,0,0,0,0,0,6.10385E+20,5.968E+21,1.0678E+16,5.38488E+16
2589,1,0,58,112,2018,5,22,3,2,7,7,2,0,0,0,1,0,0,0,5.63709E+20,6.0254E+21,9.98071E+15,5.43724E+16
2590,1,0,60,27,2018,6,19,5,2,2,7,0,0,1,0,0,1,0,1,5.6235E+20,5.97934E+21,9.95026E+15,5.39586E+16
2591,1,0,62,53,2018,6,9,6,3,2,6,0,0,1,0,0,0,0,0,5.77254E+20,5.93322E+21,1.01658E+16,5.35422E+16
2592,1,0,60,39,2018,6,11,6,3,2,2,0,0,1,0,0,0,0,0,5.65529E+20,5.95812E+21,9.99417E+15,5.37676E+16
2593,1,0,4,0,2018,6,15,4,3,5,3,0,1,1,0,0,0,0,0,5.62909E+20,5.99183E+21,9.96136E+15,5.40708E+16
2594,1,0,58,61,2018,7,11,6,3,3,6,0,0,1,0,0,1,0,0,5.3083E+20,5.99574E+21,9.47156E+15,5.41089E+16
2595,1,0,61,18,2018,6,18,6,2,4,6,0,0,1,0,1,0,0,0,5.22494E+20,5.96908E+21,9.34209E+15,5.38697E+16
2596,1,0,55,1,2018,5,17,5,3,2,2,0,0,1,0,0,0,1,0,6.02482E+20,5.98758E+21,1.05645E+16,5.40263E+16
2597,1,0,60,64,2018,7,9,6,3,3,6,0,0,1,0,0,1,0,0,5.61759E+20,5.96751E+21,9.93887E+15,5.38524E+16
2598,1,0,56,43,2018,5,16,6,3,2,6,0,0,1,0,0,0,0,0,5.56074E+20,5.94339E+21,9.84807E+15,5.36363E+16
2599,1,0,2,0,2018,6,16,2,3,5,2,0,1,1,0,0,0,0,0,5.72768E+20,6.02052E+21,1.01189E+16,5.43273E+16
2600,1,0,56,41,2018,6,7,2,2,5,2,0,0,1,0,1,0,0,0,5.59924E+20,5.95219E+21,9.908E+15,5.37149E+16
2601,1,0,55,35,2018,5,10,2,3,5,2,0,1,1,0,0,0,0,0,6.12281E+20,5.9835E+21,1.07125E+16,5.39876E+16
2602,1,0,2,0,2018,6,18,3,3,2,6,0,1,0,0,0,0,0,0,5.73146E+20,6.02103E+21,1.01249E+16,5.43319E+16
2603,1,0,3,0,2018,5,16,5,3,2,6,0,0,1,0,1,0,0,0,6.12043E+20,5.96855E+21,1.07034E+16,5.38534E+16
2604,1,0,62,76,2018,7,15,2,3,5,2,0,0,1,0,0,0,0,0,5.70371E+20,5.95574E+21,1.00671E+16,5.37456E+16
2605,1,0,60,17,2018,6,15,5,2,8,1,0,0,0,0,1,0,0,0,5.87032E+20,5.99102E+21,1.03297E+16,5.406E+16
2606,1,0,60,5,2018,6,17,2,3,2,6,0,0,1,0,0,0,0,0,5.84862E+20,5.97715E+21,1.02927E+16,5.39358E+16
2607,1,0,61,34,2018,6,15,5,2,2,6,0,0,1,0,1,0,0,0,5.30667E+20,5.97578E+21,9.46706E+15,5.39295E+16
2608,1,0,55,44,2018,5,17,5,3,6,4,0,0,1,1,0,0,0,0,6.14668E+20,5.98746E+21,1.07504E+16,5.40227E+16
2609,1,0,54,132,2018,6,14,5,2,4,6,0,0,1,0,0,1,0,0,5.04789E+20,6.03546E+21,9.07389E+15,5.44668E+16
2610,1,0,58,11,2018,6,7,5,3,4,6,0,0,1,0,0,1,0,0,5.50205E+20,6.00184E+21,9.76891E+15,5.41622E+16
2611,1,0,55,35,2018,6,18,2,3,2,6,0,0,1,0,0,0,0,0,6.1329E+20,5.97582E+21,1.0725E+16,5.39184E+16
2612,1,0,56,48,2018,7,15,4,3,2,6,0,0,1,0,1,0,0,0,5.46662E+20,5.94985E+21,9.70672E+15,5.36953E+16
2613,1,0,58,80,2018,5,10,5,2,5,2,0,0,1,0,1,0,0,0,5.54109E+20,6.02662E+21,9.83318E+15,5.43844E+16
2614,1,0,59,37,2018,6,18,7,3,9,1,0,0,1,0,0,0,0,1,5.33896E+20,6.05516E+21,9.52523E+15,5.46427E+16
2615,1,0,53,72,2018,5,18,1,3,5,2,0,0,1,0,0,0,0,0,5.87752E+20,5.92751E+21,1.03226E+16,5.34892E+16
2616,1,0,1,0,2018,5,21,6,3,5,3,1,1,1,0,0,0,0,0,5.29427E+20,6.07322E+21,9.45781E+15,5.48053E+16
2617,1,0,55,35,2018,6,13,2,3,2,6,0,0,1,0,0,1,0,0,6.1287E+20,5.9774E+21,1.07192E+16,5.39327E+16
2618,1,0,56,18,2018,6,10,2,3,2,6,0,0,1,0,0,1,0,0,5.55272E+20,5.94261E+21,9.8358E+15,5.36293E+16
2619,1,0,62,35,2018,5,11,2,3,5,3,0,0,1,0,0,0,0,0,5.86703E+20,5.94589E+21,1.03119E+16,5.36546E+16
2620,1,0,58,86,2018,6,11,3,3,5,3,0,0,1,0,0,0,0,1,5.43582E+20,6.00985E+21,9.66865E+15,5.42348E+16
2621,1,0,62,35,2018,5,7,5,2,4,6,0,1,0,0,0,0,0,0,5.85911E+20,5.9462E+21,1.03E+16,5.36575E+16
2622,1,0,54,144,2018,7,7,3,3,0,1,0,0,0,0,1,0,0,1,5.11026E+20,6.04688E+21,9.17054E+15,5.45693E+16
2623,1,0,61,74,2018,6,19,5,3,5,2,0,0,1,0,1,0,0,0,5.3547E+20,5.9548E+21,9.53779E+15,5.37406E+16
2624,1,0,58,98,2018,6,2,3,2,8,1,1,0,0,0,0,1,0,0,5.62746E+20,5.99902E+21,9.96036E+15,5.41354E+16
2625,1,0,1,0,2018,6,11,6,3,5,2,0,1,1,0,0,0,0,0,5.30906E+20,6.07322E+21,9.48082E+15,5.48052E+16
2626,1,0,58,92,2018,5,15,5,3,3,6,0,1,0,0,0,0,0,0,5.71146E+20,6.02068E+21,1.0094E+16,5.4329E+16
2627,1,0,3,0,2018,6,15,5,3,6,4,0,1,0,1,0,0,0,0,6.12397E+20,5.9672E+21,1.07083E+16,5.38411E+16
2628,1,0,62,18,2018,6,18,5,3,2,6,0,0,1,0,1,0,0,0,5.79532E+20,5.93307E+21,1.02002E+16,5.35405E+16
2629,1,0,55,33,2018,5,13,6,3,5,2,0,0,1,0,0,0,0,0,6.21509E+20,6.01711E+21,1.08667E+16,5.42874E+16
2630,1,0,61,41,2018,7,14,5,3,0,1,0,0,0,0,0,0,1,0,5.38867E+20,5.96673E+21,9.5908E+15,5.38477E+16
2631,1,0,57,10,2018,5,14,5,3,2,6,0,0,1,0,0,0,0,0,5.74759E+20,6.01082E+21,1.01471E+16,5.42399E+16
2632,1,0,4,0,2018,6,9,7,3,3,1,0,0,1,0,0,0,0,1,5.63875E+20,5.99146E+21,9.97605E+15,5.40673E+16
2633,1,0,61,116,2018,5,17,1,3,0,1,0,1,0,0,0,0,0,0,5.4929E+20,5.97608E+21,9.75071E+15,5.39308E+16
2634,1,0,58,43,2018,5,14,6,3,2,6,0,0,1,0,0,0,1,0,5.54424E+20,6.03534E+21,9.83962E+15,5.44628E+16
2635,1,0,2,0,2018,6,9,2,3,1,5,0,1,1,0,0,0,0,0,5.73612E+20,6.02094E+21,1.0132E+16,5.4331E+16
2636,1,0,56,5,2018,5,19,4,3,5,3,0,1,1,0,0,0,0,0,5.59896E+20,5.94628E+21,9.90643E+15,5.36618E+16
2637,1,0,54,56,2018,7,22,2,3,5,3,0,0,1,0,0,0,0,0,5.0336E+20,6.03612E+21,9.05185E+15,5.44728E+16
2638,1,0,62,61,2018,6,9,1,3,5,3,0,0,1,0,0,0,0,0,5.96949E+20,5.96468E+21,1.04728E+16,5.38216E+16
2639,1,0,2,0,2018,6,10,4,3,5,3,0,0,1,0,0,0,0,0,5.73239E+20,6.01781E+21,1.01255E+16,5.4303E+16
2640,1,0,55,28,2018,6,7,4,3,5,3,0,1,1,0,0,0,0,0,6.0229E+20,6.00285E+21,1.05667E+16,5.41636E+16
2641,1,0,2,0,2018,5,10,4,3,2,6,0,0,1,0,0,0,0,0,5.72335E+20,6.02171E+21,1.01126E+16,5.43381E+16
2642,1,0,56,39,2018,6,12,5,3,6,4,0,0,1,1,0,0,0,1,5.52773E+20,5.94422E+21,9.7983E+15,5.36441E+16
2643,1,0,1,0,2018,6,17,1,3,0,1,0,1,0,0,0,0,0,0,5.2845E+20,6.07013E+21,9.4423E+15,5.47775E+16
2644,1,0,54,88,2018,7,20,4,3,0,1,0,0,1,0,0,0,0,0,4.90463E+20,6.07047E+21,8.85171E+15,5.47814E+16
2645,1,0,2,0,2018,5,18,5,3,5,3,0,1,1,0,0,0,0,0,5.76217E+20,6.0281E+21,1.01739E+16,5.43949E+16
2646,1,0,55,4,2018,5,12,7,3,5,2,0,0,1,0,0,0,0,0,6.10953E+20,5.97446E+21,1.0689E+16,5.39067E+16
2647,1,0,3,0,2018,6,7,5,3,4,6,0,1,0,0,0,0,0,0,6.12514E+20,5.96947E+21,1.07109E+16,5.38615E+16
2648,1,0,53,81,2018,6,11,7,2,5,3,0,0,1,0,0,0,0,0,6.10989E+20,5.94869E+21,1.06802E+16,5.36751E+16
2649,1,0,1,0,2018,7,22,7,3,5,3,2,0,1,0,0,0,0,0,5.27297E+20,6.07249E+21,9.42461E+15,5.47988E+16
2650,1,0,56,50,2018,6,9,7,3,2,6,0,1,0,0,0,0,1,0,5.46933E+20,5.93874E+21,9.70913E+15,5.35954E+16
2651,1,0,54,75,2018,6,5,3,3,5,3,0,0,1,0,0,0,0,0,4.96127E+20,6.05866E+21,8.93994E+15,5.46753E+16
2652,1,0,58,124,2018,6,14,3,3,5,3,0,1,1,0,0,0,0,0,5.46226E+20,6.01664E+21,9.71025E+15,5.42955E+16
2653,1,0,2,0,2018,5,22,3,3,5,3,2,0,1,0,0,0,0,0,5.71452E+20,6.02063E+21,1.00987E+16,5.43285E+16
2654,1,0,60,37,2018,6,23,4,2,8,7,2,0,1,0,0,0,0,0,5.5452E+20,5.96698E+21,9.82874E+15,5.38485E+16
2655,1,0,55,7,2018,6,10,6,3,5,3,0,0,1,0,0,0,0,0,5.97626E+20,5.99461E+21,1.04926E+16,5.40904E+16
2656,1,0,53,92,2018,6,18,6,3,7,7,0,0,0,0,1,0,0,0,6.03487E+20,5.92872E+21,1.05601E+16,5.34972E+16
2657,1,0,1,0,2018,6,9,4,3,5,2,0,1,0,0,0,0,1,0,5.28261E+20,6.0707E+21,9.43943E+15,5.47827E+16
2658,1,0,2,0,2018,7,13,6,3,3,6,0,0,1,0,0,0,0,0,5.71392E+20,6.02027E+21,1.00977E+16,5.43253E+16
2659,1,0,56,39,2018,6,7,6,3,5,3,0,1,1,0,0,0,0,0,5.52535E+20,5.94629E+21,9.79505E+15,5.36627E+16
2660,1,0,2,0,2018,5,19,5,2,5,3,0,1,1,0,0,0,0,0,5.73845E+20,6.01528E+21,1.01342E+16,5.42801E+16
2661,1,0,61,46,2018,7,16,5,3,2,6,0,0,1,0,0,0,0,0,5.34163E+20,5.97601E+21,9.52032E+15,5.39313E+16
2662,1,0,51,84,2018,5,5,5,3,8,1,0,0,1,0,0,0,0,0,4.94148E+20,6.0009E+21,8.91039E+15,5.41562E+16
2663,1,0,51,48,2018,6,6,1,3,5,2,0,0,1,0,1,0,0,1,5.04694E+20,5.99989E+21,9.07187E+15,5.4147E+16
2664,1,0,3,0,2018,5,14,2,3,5,2,0,1,1,0,0,0,0,0,6.09532E+20,5.97074E+21,1.0666E+16,5.38736E+16
2665,1,0,54,168,2018,6,13,3,3,4,6,0,0,1,0,0,0,0,0,4.55938E+20,6.08464E+21,8.31277E+15,5.49069E+16
2666,1,0,58,43,2018,5,16,5,3,5,2,0,1,1,0,0,0,0,0,5.5408E+20,6.03435E+21,9.83413E+15,5.44539E+16
2667,1,0,62,6,2018,7,13,2,3,5,3,0,1,1,0,0,0,0,0,5.83746E+20,5.95339E+21,1.02692E+16,5.37224E+16
2668,1,0,56,3,2018,6,8,5,3,5,3,0,0,1,0,0,0,0,0,5.50835E+20,5.95661E+21,9.77101E+15,5.37556E+16
2669,1,0,62,4,2018,6,17,2,3,2,6,0,0,1,0,0,0,0,0,5.9295E+20,5.96071E+21,1.04109E+16,5.37866E+16
2670,1,0,59,18,2018,6,19,5,3,4,6,0,1,0,0,0,0,0,0,5.37351E+20,6.03935E+21,9.57676E+15,5.45004E+16
2671,1,0,2,0,2018,6,15,5,3,2,2,0,0,1,0,0,0,1,0,5.7228E+20,6.02121E+21,1.01116E+16,5.43336E+16
2672,1,0,58,50,2018,6,17,2,3,5,3,0,1,0,0,0,0,0,0,5.60967E+20,6.01765E+21,9.93693E+15,5.43031E+16
2673,1,0,53,132,2018,7,23,4,3,0,7,2,1,0,0,0,0,0,0,6.07684E+20,5.92453E+21,1.06219E+16,5.34588E+16
2674,1,0,57,91,2018,5,12,5,2,5,3,0,1,1,0,0,0,0,0,5.82891E+20,6.01302E+21,1.02725E+16,5.42584E+16
2675,1,0,56,39,2018,6,22,7,3,2,6,2,0,1,0,0,0,0,1,5.53516E+20,5.94699E+21,9.81002E+15,5.36689E+16
2676,1,0,55,35,2018,5,22,1,3,9,1,2,0,1,0,0,0,0,0,6.12856E+20,5.97738E+21,1.0719E+16,5.39325E+16
2677,1,0,3,0,2018,6,19,1,3,5,2,0,0,1,0,0,0,0,0,6.10432E+20,5.9694E+21,1.06792E+16,5.38614E+16
2678,1,0,62,4,2018,5,12,4,3,5,2,0,1,1,0,0,0,0,0,5.91101E+20,5.96348E+21,1.03836E+16,5.38119E+16
2679,1,0,62,6,2018,7,22,1,3,6,4,1,0,1,1,0,0,0,0,5.82736E+20,5.95347E+21,1.02539E+16,5.37234E+16
2680,1,0,59,123,2018,6,3,1,3,9,1,2,0,1,0,0,0,0,0,5.07877E+20,6.0659E+21,9.12235E+15,5.47403E+16
2681,1,0,60,54,2018,6,16,3,3,5,3,0,0,1,0,0,0,1,0,5.58935E+20,5.97074E+21,9.89657E+15,5.38817E+16
2682,1,0,2,0,2018,6,16,4,3,2,6,0,1,1,0,0,0,0,0,5.72361E+20,6.02217E+21,1.01131E+16,5.43422E+16
2683,1,0,61,49,2018,5,9,3,3,5,3,0,1,1,0,0,0,0,0,5.47671E+20,5.97801E+21,9.72635E+15,5.39483E+16
2684,1,0,4,0,2018,6,17,5,3,2,6,0,0,1,0,0,0,0,1,5.64166E+20,5.99042E+21,9.98027E+15,5.4058E+16
2685,1,0,62,53,2018,6,17,7,3,3,3,0,1,1,0,0,0,0,0,5.7743E+20,5.93238E+21,1.01683E+16,5.35346E+16
2686,1,0,62,9,2018,7,15,3,3,1,2,0,0,1,0,0,0,0,0,5.7946E+20,5.93685E+21,1.02E+16,5.35745E+16
2687,1,0,59,77,2018,5,9,5,3,0,2,0,0,0,0,1,0,1,0,5.27246E+20,6.03903E+21,9.42069E+15,5.44981E+16
2688,1,0,57,21,2018,5,19,7,3,9,1,0,0,1,0,0,0,0,0,5.9805E+20,6.01866E+21,1.0507E+16,5.43064E+16
2689,1,0,51,44,2018,6,17,4,3,5,2,0,0,1,0,0,0,0,0,5.06386E+20,6.00527E+21,9.09788E+15,5.41954E+16