OBJECTID_1,ULAND,UREGBEZ,UKREIS,UGEMEINDE,UJAHR,UMONAT,USTUNDE,UWOCHENTAG,UKATEGORIE,UART,UTYP1,ULICHTVERH,IstRad,IstPKW,IstFuss,IstKrad,IstGkfz,IstSonstig,STRZUSTAND,LINREFX,LINREFY,XGCSWGS84,YGCSWGS84
2882,1,0,53,32,2018,5,6,2,3,6,4,0,0,1,1,0,0,0,0,5.92708E+20,5.92224E+21,1.03957E+16,5.3441E+16
2883,1,0,58,50,2018,6,11,3,2,5,3,0,0,1,0,0,0,0,0,5.61796E+20,6.01944E+21,9.95003E+15,5.43191E+16
2884,1,0,62,4,2018,5,10,5,3,4,6,0,0,1,0,0,0,0,0,5.94007E+20,5.96409E+21,1.04279E+16,5.38169E+16
2885,1,0,51,54,2018,7,17,2,3,8,1,0,0,0,0,1,0,0,0,5.19481E+20,6.00451E+21,9.29854E+15,5.41882E+16
2886,1,0,51,58,2018,6,10,5,2,0,6,0,0,0,0,1,0,0,0,4.97287E+20,6.01795E+21,8.9583E+15,5.43095E+16
2887,1,0,61,42,2018,6,16,2,2,6,4,0,0,0,1,0,0,1,0,5.40703E+20,5.97968E+21,9.62042E+15,5.39639E+16
2888,1,0,58,168,2018,6,15,6,3,3,6,0,0,1,0,0,0,0,0,5.56002E+20,6.00792E+21,9.85881E+15,5.42162E+16
2889,1,0,53,32,2018,5,18,4,3,4,6,0,1,0,0,0,0,0,0,5.91224E+20,5.92288E+21,1.03736E+16,5.3447E+16
2890,1,0,58,135,2018,6,19,5,2,1,5,0,0,1,0,0,0,0,0,5.41348E+20,6.01486E+21,9.63506E+15,5.428E+16
2891,1,0,3,0,2018,6,15,5,3,5,3,0,0,1,0,0,0,0,0,6.09218E+20,5.96838E+21,1.06604E+16,5.38524E+16
2892,1,0,3,0,2018,5,7,6,3,0,7,0,0,0,0,1,0,0,0,6.10831E+20,5.96755E+21,1.06846E+16,5.38446E+16
2893,1,0,56,39,2018,7,13,4,3,5,3,0,1,1,0,0,0,0,0,5.52833E+20,5.94171E+21,9.79879E+15,5.36215E+16
2894,1,0,3,0,2018,5,9,4,3,3,6,0,1,1,0,0,0,0,0,6.10146E+20,5.96993E+21,1.0675E+16,5.38662E+16
2895,1,0,2,0,2018,6,21,7,3,5,3,0,0,1,0,0,0,0,1,5.74117E+20,6.02155E+21,1.01399E+16,5.43364E+16
2896,1,0,61,36,2018,5,12,1,2,0,6,0,0,0,0,1,0,0,0,5.46999E+20,5.98665E+21,9.71746E+15,5.4026E+16
2897,1,0,54,161,2018,6,5,2,3,8,7,0,0,0,0,0,1,0,0,4.99206E+20,6.02699E+21,8.98777E+15,5.43907E+16
2898,1,0,60,44,2018,5,15,4,3,2,6,0,0,1,0,0,0,0,0,5.62837E+20,5.96575E+21,9.95489E+15,5.38365E+16
2899,1,0,59,102,2018,7,23,2,3,3,6,2,1,1,0,0,0,0,0,5.46981E+20,6.06226E+21,9.72911E+15,5.47055E+16
2900,1,0,55,44,2018,6,17,1,3,2,2,0,0,1,0,0,0,0,0,6.107E+20,5.98919E+21,1.06905E+16,5.40391E+16
2901,1,0,54,168,2018,6,19,4,2,0,7,0,1,0,0,0,0,0,0,4.57038E+20,6.08412E+21,8.33002E+15,5.49023E+16
2902,1,0,3,0,2018,6,16,4,3,5,2,0,0,1,0,0,0,0,0,6.12139E+20,5.97227E+21,1.07062E+16,5.38867E+16
2903,1,0,2,0,2018,5,12,4,3,2,6,0,0,1,0,0,0,0,0,5.72476E+20,6.02198E+21,1.01148E+16,5.43405E+16
2904,1,0,60,46,2018,6,16,5,3,2,6,0,0,1,0,1,0,0,0,5.7419E+20,5.95822E+21,1.01256E+16,5.37673E+16
2905,1,0,1,0,2018,6,13,1,3,8,1,0,1,1,0,0,0,0,0,5.27613E+20,6.07158E+21,9.42944E+15,5.47906E+16
2906,1,0,54,135,2018,7,12,4,3,8,7,0,0,1,0,0,0,0,0,4.89905E+20,6.02303E+21,8.84467E+15,5.4355E+16
2907,1,0,55,17,2018,5,21,4,2,8,1,1,0,1,0,0,0,0,0,6.33298E+20,6.02593E+21,1.10516E+16,5.43637E+16
2908,1,0,55,4,2018,5,11,7,3,0,1,0,1,0,0,0,0,0,0,6.12036E+20,5.97681E+21,1.07063E+16,5.39275E+16
2909,1,0,58,110,2018,6,18,5,3,5,7,0,0,1,0,0,0,0,1,5.60773E+20,6.03229E+21,9.93693E+15,5.44347E+16
2910,1,0,3,0,2018,6,12,7,3,2,6,0,0,1,0,0,0,0,0,6.10296E+20,5.97156E+21,1.06779E+16,5.38807E+16
2911,1,0,59,62,2018,7,20,6,3,5,3,0,0,1,0,0,0,0,0,5.32948E+20,6.04483E+21,9.50938E+15,5.455E+16
2912,1,0,62,23,2018,6,10,7,3,5,3,0,1,1,0,0,0,0,0,5.84115E+20,5.94685E+21,1.0273E+16,5.36636E+16
2913,1,0,59,75,2018,6,16,3,3,2,6,0,0,1,0,0,0,0,0,5.37207E+20,6.04396E+21,9.57512E+15,5.45418E+16
2914,1,0,4,0,2018,6,18,3,3,5,3,0,0,1,0,0,0,0,0,5.67183E+20,5.98927E+21,1.00261E+16,5.40473E+16
2915,1,0,2,0,2018,5,16,3,3,6,4,0,1,1,1,0,0,0,0,5.73701E+20,6.02165E+21,1.01336E+16,5.43373E+16
2916,1,0,62,8,2018,6,11,4,3,2,2,0,0,1,0,0,0,0,0,5.99123E+20,5.96332E+21,1.05054E+16,5.38089E+16
2917,1,0,4,0,2018,6,10,6,3,2,6,0,0,1,0,0,0,0,0,5.64182E+20,5.99248E+21,9.98094E+15,5.40765E+16
2918,1,0,62,82,2018,6,15,6,3,0,2,0,1,0,0,0,1,0,0,5.93697E+20,5.94056E+21,1.04161E+16,5.36055E+16
2919,1,0,54,144,2018,6,15,4,3,5,3,0,0,1,0,0,1,0,0,5.09825E+20,6.04711E+21,9.15198E+15,5.45714E+16
2920,1,0,59,137,2018,7,6,6,3,2,2,0,0,1,0,0,0,0,0,5.40186E+20,6.07262E+21,9.62511E+15,5.47991E+16
2921,1,0,56,50,2018,6,11,6,2,5,2,0,1,1,0,0,0,0,0,5.46409E+20,5.93726E+21,9.70101E+15,5.35821E+16
2922,1,0,55,35,2018,5,7,4,3,4,6,0,0,1,0,0,0,1,0,6.20025E+20,5.9829E+21,1.08303E+16,5.39805E+16
2923,1,0,60,44,2018,7,22,5,3,5,3,2,0,1,0,0,0,0,0,5.63335E+20,5.96562E+21,9.96243E+15,5.38353E+16
2924,1,0,51,44,2018,5,12,5,3,5,3,0,0,1,0,1,0,0,0,5.07017E+20,6.00642E+21,9.10758E+15,5.42057E+16
2925,1,0,56,18,2018,6,18,1,3,5,2,0,0,1,0,0,0,0,0,5.55102E+20,5.94233E+21,9.8332E+15,5.36268E+16
2926,1,0,58,147,2018,5,10,2,3,9,6,0,0,1,0,0,0,0,0,5.5729E+20,6.00052E+21,9.87716E+15,5.41496E+16
2927,1,0,59,187,2018,6,13,3,2,0,1,0,1,0,0,0,0,0,0,5.52991E+20,6.04876E+21,9.81994E+15,5.45836E+16
2928,1,0,58,56,2018,5,14,5,3,2,6,0,1,0,0,0,0,0,0,5.27802E+20,6.01746E+21,9.42727E+15,5.43043E+16
2929,1,0,53,136,2018,7,17,2,3,5,3,0,1,1,0,0,0,0,0,6.19417E+20,5.95067E+21,1.08085E+16,5.3691E+16
2930,1,0,53,91,2018,6,15,2,3,3,6,0,0,1,0,0,0,1,0,5.98984E+20,5.94006E+21,1.04958E+16,5.36E+16
2931,1,0,62,76,2018,6,13,4,3,4,6,0,0,1,0,0,0,1,0,5.70915E+20,5.95475E+21,1.00751E+16,5.37366E+16
2932,1,0,62,11,2018,6,16,6,3,2,6,0,0,1,0,0,0,0,0,5.82007E+20,5.94074E+21,1.02395E+16,5.3609E+16
2933,1,0,60,61,2018,6,20,6,1,9,1,0,0,1,0,0,0,0,0,5.91267E+20,5.97275E+21,1.03889E+16,5.38952E+16
2934,1,0,2,0,2018,6,17,4,3,0,3,0,1,1,0,0,0,0,0,5.77379E+20,6.02074E+21,1.01899E+16,5.43287E+16
2935,1,0,4,0,2018,7,19,6,2,5,2,0,1,1,0,0,0,0,0,5.62953E+20,5.99184E+21,9.96204E+15,5.40709E+16
2936,1,0,62,76,2018,6,8,6,3,5,3,0,0,1,0,1,0,0,0,5.70116E+20,5.9557E+21,1.00632E+16,5.37453E+16
2937,1,0,55,40,2018,5,16,4,3,2,2,0,0,1,0,0,0,0,0,6.07302E+20,5.97709E+21,1.06343E+16,5.39311E+16
2938,1,0,58,91,2018,7,14,6,3,0,7,0,0,1,0,0,0,0,0,5.616E+20,5.9959E+21,9.94219E+15,5.41076E+16
2939,1,0,61,42,2018,5,13,5,2,9,6,0,0,1,0,1,0,0,0,5.3823E+20,5.9828E+21,9.58312E+15,5.39921E+16
2940,1,0,2,0,2018,6,11,2,3,2,6,0,0,1,0,0,0,1,0,5.72355E+20,6.02111E+21,1.01127E+16,5.43327E+16
2941,1,0,62,60,2018,6,8,2,2,6,7,0,0,0,1,0,1,0,0,5.82539E+20,5.9343E+21,1.02459E+16,5.35511E+16
2942,1,0,3,0,2018,5,16,2,3,2,6,0,0,1,0,0,0,0,0,6.10319E+20,5.9714E+21,1.06782E+16,5.38793E+16
2943,1,0,2,0,2018,6,7,3,3,6,6,0,1,0,1,0,0,0,0,5.71936E+20,6.02052E+21,1.01061E+16,5.43274E+16
2944,1,0,3,0,2018,5,16,5,3,5,2,0,1,1,0,0,0,0,0,6.09497E+20,5.96859E+21,1.06647E+16,5.38543E+16
2945,1,0,56,36,2018,7,14,2,3,5,2,0,0,1,0,0,0,0,0,5.45705E+20,5.9462E+21,9.69168E+15,5.36625E+16
2946,1,0,56,50,2018,6,16,5,3,2,6,0,0,1,0,0,0,0,0,5.44932E+20,5.93949E+21,9.67901E+15,5.36023E+16
2947,1,0,62,82,2018,6,12,2,2,5,2,0,1,1,0,0,0,0,0,5.93019E+20,5.94108E+21,1.0406E+16,5.36103E+16
2948,1,0,61,12,2018,6,17,5,3,2,6,0,0,1,0,0,0,0,0,5.29878E+20,5.96214E+21,9.45372E+15,5.3807E+16
2949,1,0,3,0,2018,5,14,4,3,5,2,0,0,1,0,0,0,0,0,6.09762E+20,5.9704E+21,1.06694E+16,5.38705E+16
2950,1,0,59,75,2018,6,12,5,2,0,2,0,0,1,0,1,0,0,0,5.36499E+20,6.04154E+21,9.56388E+15,5.45201E+16
2951,1,0,58,43,2018,6,14,5,3,5,2,0,1,1,0,0,0,0,0,5.55232E+20,6.03421E+21,9.85187E+15,5.44526E+16
2952,1,0,55,12,2018,6,18,2,3,0,7,0,0,0,0,1,0,0,0,6.04749E+20,6.00146E+21,1.06039E+16,5.41505E+16
2953,1,0,56,36,2018,7,15,4,3,5,3,0,1,1,0,0,0,0,0,5.45231E+20,5.94678E+21,9.68459E+15,5.36678E+16
2954,1,0,55,17,2018,5,10,4,3,2,6,0,0,1,0,0,0,1,0,6.35826E+20,6.02794E+21,1.10914E+16,5.43811E+16
2955,1,0,59,184,2018,6,16,7,3,4,1,0,0,1,0,0,0,0,1,5.25073E+20,6.06441E+21,9.38932E+15,5.47263E+16
2956,1,0,62,4,2018,5,19,1,3,8,6,0,1,1,0,0,0,0,0,5.90825E+20,5.96069E+21,1.03786E+16,5.37869E+16
2957,1,0,56,43,2018,6,18,1,3,9,1,0,0,1,0,0,0,0,0,5.57117E+20,5.94484E+21,9.86412E+15,5.36492E+16
2958,1,0,53,90,2018,5,16,4,3,6,4,0,0,1,1,0,0,0,0,6.11816E+20,5.94416E+21,1.06911E+16,5.36342E+16
2959,1,0,56,41,2018,7,13,1,1,4,2,0,0,1,0,1,0,0,0,5.56545E+20,5.9525E+21,9.85686E+15,5.37181E+16
2960,1,0,2,0,2018,6,15,1,3,5,3,0,0,1,0,0,0,0,0,5.74114E+20,6.02785E+21,1.01415E+16,5.4393E+16
2961,1,0,51,99,2018,6,16,3,3,5,2,0,1,1,0,0,0,0,0,5.19199E+20,5.99242E+21,9.29345E+15,5.40796E+16
2962,1,0,58,107,2018,6,6,4,3,2,6,1,0,1,0,0,0,1,0,5.6998E+20,6.01434E+21,1.00746E+16,5.42722E+16
2963,1,0,54,56,2018,5,13,4,3,5,3,0,0,1,0,0,0,0,0,5.02769E+20,6.03661E+21,9.04273E+15,5.44771E+16
2964,1,0,62,18,2018,6,17,5,3,2,2,0,0,1,0,0,0,0,1,5.81298E+20,5.93364E+21,1.02269E+16,5.35454E+16
2965,1,0,56,15,2018,6,13,7,3,5,2,0,1,1,0,0,0,0,0,5.42829E+20,5.95635E+21,9.64957E+15,5.3754E+16
2966,1,0,56,15,2018,7,20,3,3,2,2,0,0,1,0,0,0,0,0,5.42406E+20,5.95717E+21,9.64327E+15,5.37615E+16
2967,1,0,3,0,2018,5,16,4,3,6,2,0,0,1,1,0,0,0,0,6.08956E+20,5.97162E+21,1.06576E+16,5.38816E+16
2968,1,0,58,43,2018,5,20,7,2,0,7,0,1,0,0,0,0,0,0,5.52516E+20,6.03775E+21,9.81062E+15,5.44847E+16
2969,1,0,1,0,2018,6,12,5,3,2,6,0,0,1,0,0,0,0,0,5.28206E+20,6.07146E+21,9.43864E+15,5.47896E+16
2970,1,0,1,0,2018,6,11,7,3,0,7,0,1,1,0,0,0,0,0,5.26766E+20,6.07191E+21,9.41629E+15,5.47936E+16
2971,1,0,56,41,2018,7,15,6,3,2,6,0,0,1,0,0,0,1,0,5.60132E+20,5.95566E+21,9.91182E+15,5.37461E+16
2972,1,0,55,32,2018,6,18,7,3,3,6,0,1,0,0,0,0,0,0,6.18135E+20,5.99682E+21,1.08069E+16,5.4106E+16
2973,1,0,4,0,2018,5,13,4,3,5,3,0,1,1,0,0,0,0,0,5.64826E+20,5.99574E+21,9.9915E+15,5.41057E+16
2974,1,0,59,176,2018,6,18,3,3,0,1,0,0,0,0,1,0,0,0,5.34509E+20,6.07195E+21,9.53673E+15,5.47936E+16
2975,1,0,2,0,2018,6,17,3,2,5,3,0,1,1,0,0,0,0,0,5.77353E+20,6.02182E+21,1.01898E+16,5.43384E+16
2976,1,0,1,0,2018,5,17,3,3,4,6,0,1,0,0,0,0,0,0,5.28108E+20,6.07046E+21,9.43702E+15,5.47806E+16
2977,1,0,55,4,2018,6,9,4,3,0,1,0,0,0,0,1,0,0,0,6.10256E+20,5.97842E+21,1.06798E+16,5.39424E+16
2978,1,0,57,91,2018,6,15,6,3,3,6,0,0,1,0,0,1,0,0,5.80319E+20,6.01607E+21,1.02338E+16,5.42863E+16
2979,1,0,55,28,2018,7,16,3,2,4,6,0,1,1,1,0,0,0,0,6.01746E+20,6.00379E+21,1.05587E+16,5.41721E+16
2980,1,0,3,0,2018,6,11,6,3,5,3,0,1,1,0,0,0,0,0,6.119E+20,5.96841E+21,1.07012E+16,5.38521E+16
2981,1,0,60,11,2018,6,13,3,3,4,6,0,0,1,0,0,0,0,0,5.66591E+20,5.98554E+21,1.00162E+16,5.40139E+16
2982,1,0,56,41,2018,7,13,6,2,3,7,0,0,1,0,0,0,0,0,5.62626E+20,5.95627E+21,9.94976E+15,5.37513E+16
2983,1,0,53,2,2018,6,8,6,3,5,2,0,0,1,0,1,0,0,0,6.10534E+20,5.94269E+21,1.06712E+16,5.36214E+16
2984,1,0,4,0,2018,5,8,4,3,5,2,0,1,1,0,0,0,0,0,5.6379E+20,5.9916E+21,9.97477E+15,5.40687E+16
2985,1,0,55,35,2018,7,16,5,3,2,2,0,0,1,0,0,1,0,0,6.13968E+20,5.97567E+21,1.07353E+16,5.39168E+16
2986,1,0,53,32,2018,5,19,5,3,3,2,0,0,1,0,0,0,0,0,5.921E+20,5.9217E+21,1.03864E+16,5.34363E+16
2987,1,0,1,0,2018,6,22,1,3,5,2,1,1,1,0,0,0,0,0,5.27196E+20,6.07335E+21,9.42311E+15,5.48066E+16
2988,1,0,2,0,2018,5,9,2,3,5,7,0,0,1,0,0,0,0,0,5.73223E+20,6.018E+21,1.01253E+16,5.43046E+16
2989,1,0,56,49,2018,5,14,1,2,5,3,0,0,1,0,0,0,0,0,5.43276E+20,5.94846E+21,9.65524E+15,5.3683E+16
2990,1,0,60,77,2018,6,17,2,3,5,3,0,1,1,0,0,0,0,0,5.73123E+20,5.9668E+21,1.01114E+16,5.38446E+16
2991,1,0,60,63,2018,5,6,6,3,5,3,0,1,1,0,0,0,0,0,5.67865E+20,5.94912E+21,1.00276E+16,5.36863E+16
2992,1,0,57,7,2018,5,8,5,3,9,6,0,0,1,0,0,0,0,0,6.10892E+20,6.01669E+21,1.07035E+16,5.42861E+16
2993,1,0,3,0,2018,7,21,2,3,0,1,0,1,0,0,0,0,0,0,6.14887E+20,5.97517E+21,1.07491E+16,5.39122E+16
2994,1,0,58,135,2018,6,7,2,2,9,1,0,0,1,0,0,0,0,0,5.41249E+20,6.01768E+21,9.63393E+15,5.43053E+16
2995,1,0,62,20,2018,6,7,4,3,5,3,0,0,1,0,1,0,0,0,5.91823E+20,5.93769E+21,1.03869E+16,5.35801E+16
2996,1,0,51,99,2018,6,7,5,3,2,6,0,0,1,0,0,0,0,0,5.18877E+20,5.99181E+21,9.28849E+15,5.40742E+16
2997,1,0,62,9,2018,6,16,6,3,5,3,0,0,1,0,0,0,0,0,5.81548E+20,5.93496E+21,1.02311E+16,5.35572E+16
2998,1,0,54,131,2018,6,13,2,3,2,2,0,0,1,0,0,0,0,0,4.94131E+20,6.08217E+21,8.90851E+15,5.48865E+16
2999,1,0,3,0,2018,7,9,4,3,5,3,0,1,0,0,0,0,0,0,6.14946E+20,5.97077E+21,1.07483E+16,5.38726E+16
3000,1,0,58,9,2018,5,15,4,3,5,3,0,0,1,0,0,0,0,0,5.50422E+20,5.99124E+21,9.77046E+15,5.40669E+16
3001,1,0,55,4,2018,6,17,6,3,6,4,0,0,1,1,0,0,0,0,6.11059E+20,5.977E+21,1.06915E+16,5.39294E+16
3002,1,0,56,43,2018,5,20,1,2,8,1,0,0,1,0,0,0,0,0,5.54285E+20,5.94542E+21,9.82137E+15,5.36547E+16
3003,1,0,57,22,2018,6,9,1,3,5,3,0,0,1,0,0,0,0,0,5.96153E+20,6.00694E+21,1.04741E+16,5.42015E+16
3004,1,0,3,0,2018,5,15,4,3,3,6,0,1,0,0,0,0,0,0,6.10107E+20,5.96982E+21,1.06744E+16,5.38651E+16
3005,1,0,58,174,2018,7,10,1,3,3,6,0,1,0,0,0,0,0,0,5.59155E+20,6.05136E+21,9.91582E+15,5.46062E+16
3006,1,0,56,15,2018,6,9,7,2,3,6,0,0,1,0,0,0,0,0,5.46686E+20,5.95532E+21,9.7079E+15,5.37445E+16
3007,1,0,3,0,2018,6,9,3,3,2,2,0,0,1,0,0,0,0,0,6.11146E+20,5.96832E+21,1.06897E+16,5.38515E+16
3008,1,0,58,144,2018,6,15,4,3,9,7,0,0,1,0,0,0,0,0,5.6284E+20,6.00159E+21,9.96234E+15,5.41586E+16
3009,1,0,62,4,2018,5,8,3,3,5,2,0,0,1,0,1,0,0,0,5.86798E+20,5.96138E+21,1.03177E+16,5.37937E+16
3010,1,0,59,109,2018,6,13,5,3,4,1,0,0,1,0,0,0,0,1,5.52467E+20,6.06153E+21,9.81411E+15,5.46984E+16
3011,1,0,54,2,2018,6,10,7,3,5,3,0,0,1,0,0,0,1,0,5.05284E+20,6.0452E+21,9.0817E+15,5.45543E+16
3012,1,0,61,47,2018,6,23,5,3,2,6,2,0,1,0,0,0,0,0,5.31564E+20,5.98389E+21,9.48156E+15,5.40023E+16
3013,1,0,57,48,2018,6,19,5,3,5,2,0,1,1,0,0,0,0,0,6.03489E+20,6.01747E+21,1.05901E+16,5.42946E+16
3014,1,0,4,0,2018,6,9,2,3,5,2,0,1,1,0,0,0,0,0,5.64882E+20,5.99181E+21,9.99151E+15,5.40704E+16
3015,1,0,3,0,2018,7,14,4,3,3,6,0,1,0,0,0,0,0,0,6.12953E+20,5.96629E+21,1.07164E+16,5.38328E+16
3016,1,0,58,30,2018,5,9,4,3,5,3,0,0,1,0,0,0,0,0,5.40815E+20,6.0306E+21,9.62903E+15,5.44215E+16
3017,1,0,56,36,2018,6,11,6,3,2,2,0,0,1,0,0,0,0,1,5.44258E+20,5.94623E+21,9.66978E+15,5.36629E+16
3018,1,0,58,34,2018,5,13,1,3,4,6,0,1,0,0,0,0,0,0,5.43087E+20,6.0181E+21,9.66224E+15,5.43089E+16
3019,1,0,3,0,2018,6,15,1,3,2,6,0,0,1,0,0,0,0,0,6.09324E+20,5.96612E+21,1.06612E+16,5.38321E+16
3020,1,0,62,1,2018,5,17,4,3,8,6,0,1,0,0,0,0,0,0,5.80268E+20,5.94641E+21,1.02147E+16,5.36603E+16
3021,1,0,62,86,2018,7,10,1,2,0,1,0,0,0,0,1,0,0,0,5.87974E+20,5.93609E+21,1.03284E+16,5.35663E+16
3022,1,0,51,105,2018,6,13,7,3,8,1,0,0,1,0,0,0,0,1,4.95588E+20,6.00911E+21,8.93232E+15,5.42299E+16
3023,1,0,56,36,2018,6,16,3,3,5,3,0,1,1,0,0,0,0,0,5.45707E+20,5.9462E+21,9.69171E+15,5.36625E+16
3024,1,0,54,98,2018,6,18,4,3,5,3,0,0,1,0,0,0,0,0,4.64217E+20,6.0648E+21,8.44435E+15,5.47292E+16
3025,1,0,56,13,2018,5,14,3,3,0,1,0,0,0,0,1,0,0,0,5.59178E+20,5.94364E+21,9.89507E+15,5.36381E+16
3026,1,0,4,0,2018,6,14,5,3,5,2,0,1,1,0,0,0,0,1,5.65456E+20,5.9918E+21,1.00003E+16,5.40703E+16
3027,1,0,58,117,2018,6,17,7,3,9,1,0,0,1,0,0,0,0,0,5.53998E+20,6.00272E+21,9.82715E+15,5.41697E+16
3028,1,0,62,60,2018,7,19,3,3,2,2,0,0,1,0,0,0,0,0,5.81123E+20,5.92997E+21,1.02234E+16,5.35124E+16
3029,1,0,58,124,2018,5,13,4,3,5,3,0,1,1,0,0,0,0,0,5.4543E+20,6.01626E+21,9.69796E+15,5.42923E+16
3030,1,0,59,81,2018,5,9,7,3,1,6,0,0,1,0,0,0,0,0,5.35183E+20,6.05025E+21,9.54458E+15,5.45985E+16
3031,1,0,56,28,2018,6,8,4,3,4,6,0,1,0,0,0,0,0,0,5.4466E+20,5.94093E+21,9.67512E+15,5.36153E+16
3032,1,0,56,15,2018,6,14,6,3,0,7,0,1,0,0,0,0,0,0,5.42171E+20,5.95721E+21,9.6397E+15,5.37618E+16
3033,1,0,56,44,2018,7,15,6,3,5,2,0,0,1,0,0,0,0,0,5.55464E+20,5.93941E+21,9.83814E+15,5.36005E+16
3034,1,0,58,135,2018,6,3,7,3,0,1,1,1,0,0,0,0,0,0,5.4355E+20,6.01742E+21,9.66926E+15,5.43028E+16
3035,1,0,57,85,2018,5,16,4,3,0,1,0,1,0,0,0,0,0,0,5.7841E+20,5.99673E+21,1.01995E+16,5.41127E+16
3036,1,0,51,44,2018,6,14,2,3,2,6,0,0,1,0,1,0,0,0,5.05911E+20,6.00542E+21,9.09061E+15,5.41968E+16
3037,1,0,1,0,2018,6,21,3,3,5,3,1,1,1,0,0,0,0,0,5.25902E+20,6.06765E+21,9.40248E+15,5.47555E+16
3038,1,0,59,75,2018,5,14,3,3,2,2,0,0,1,0,0,0,0,0,5.35623E+20,6.04383E+21,9.55062E+15,5.45408E+16
3039,1,0,2,0,2018,6,17,4,3,2,6,0,0,1,0,0,0,0,0,5.73684E+20,6.01903E+21,1.01327E+16,5.43138E+16
3040,1,0,54,134,2018,6,18,6,3,3,6,0,0,1,0,0,0,0,0,4.8062E+20,6.01704E+21,8.7022E+15,5.43009E+16
3041,1,0,58,43,2018,7,15,3,2,2,6,0,0,1,0,1,0,0,0,5.53759E+20,6.03377E+21,9.82907E+15,5.44487E+16
3042,1,0,58,69,2018,6,8,6,3,5,2,0,0,1,0,1,0,0,0,5.53719E+20,6.02753E+21,9.82734E+15,5.43927E+16
3043,1,0,55,35,2018,6,23,3,3,2,6,2,0,1,0,0,1,0,0,6.14746E+20,5.97931E+21,1.07485E+16,5.39494E+16
3044,1,0,55,4,2018,6,20,6,3,0,1,0,1,0,0,0,0,0,0,6.11513E+20,5.97637E+21,1.06982E+16,5.39237E+16
3045,1,0,2,0,2018,5,19,4,3,4,6,0,1,1,0,0,0,0,0,5.7517E+20,6.02214E+21,1.01563E+16,5.43416E+16
3046,1,0,58,135,2018,7,16,5,3,5,2,0,0,1,0,1,0,0,0,5.4325E+20,6.01494E+21,9.66428E+15,5.42806E+16
3047,1,0,2,0,2018,5,15,4,3,2,6,0,0,1,0,0,0,0,0,5.72466E+20,6.01834E+21,1.01138E+16,5.43078E+16
3048,1,0,60,5,2018,6,9,7,3,2,6,0,0,1,0,0,0,0,0,5.86568E+20,5.97638E+21,1.03184E+16,5.39286E+16
3049,1,0,54,134,2018,5,8,2,3,5,7,0,0,1,0,0,1,0,0,4.8253E+20,6.01974E+21,8.73138E+15,5.43252E+16
3050,1,0,62,93,2018,5,1,1,3,6,6,2,0,1,1,0,0,0,0,5.94692E+20,5.96634E+21,1.0439E+16,5.38369E+16
3051,1,0,58,9,2018,6,14,2,1,8,1,0,0,1,0,0,0,0,1,5.50852E+20,5.99138E+21,9.77705E+15,5.40681E+16
3052,1,0,59,75,2018,5,16,5,2,5,2,0,0,1,0,1,0,0,0,5.35761E+20,6.04072E+21,9.55237E+15,5.45128E+16
3053,1,0,55,46,2018,7,20,2,3,0,7,0,1,0,0,0,0,0,0,6.42526E+20,6.03439E+21,1.11976E+16,5.44372E+16
3054,1,0,54,33,2018,6,15,2,3,2,6,0,0,1,0,0,0,0,0,5.05436E+20,6.02521E+21,9.08369E+15,5.43747E+16
3055,1,0,55,27,2018,6,9,4,3,5,2,0,0,1,0,1,0,0,0,6.21926E+20,6.01003E+21,1.08702E+16,5.42237E+16
3056,1,0,56,41,2018,6,13,4,3,5,3,0,0,1,0,0,0,0,0,5.62865E+20,5.95537E+21,9.9532E+15,5.37432E+16
3057,1,0,3,0,2018,6,11,6,3,0,1,0,1,0,0,0,0,0,0,6.09659E+20,5.96966E+21,1.06676E+16,5.38638E+16
3058,1,0,51,110,2018,6,2,1,3,8,1,2,0,1,0,0,0,0,1,5.15097E+20,5.9891E+21,9.23059E+15,5.405E+16
3059,1,0,55,28,2018,7,16,4,3,2,3,0,1,1,0,0,0,0,0,6.02031E+20,6.00572E+21,1.05637E+16,5.41894E+16
3060,1,0,2,0,2018,5,7,4,3,5,3,0,0,1,0,0,0,0,0,5.76876E+20,6.02088E+21,1.01822E+16,5.433E+16
3061,1,0,57,50,2018,6,16,6,3,8,7,0,0,0,0,0,0,1,0,5.91164E+20,6.01663E+21,1.04005E+16,5.42895E+16
3062,1,0,51,58,2018,5,10,7,3,2,6,0,0,1,0,0,0,0,0,4.97359E+20,6.01773E+21,8.95941E+15,5.43075E+16
3063,1,0,56,48,2018,6,11,5,3,5,2,0,1,1,0,0,0,0,0,5.47347E+20,5.95016E+21,9.71713E+15,5.3698E+16
3064,1,0,2,0,2018,5,7,6,3,0,2,0,1,1,0,0,0,0,0,5.73224E+20,6.02436E+21,1.01269E+16,5.43617E+16
3065,1,0,54,98,2018,6,17,1,2,5,2,0,0,1,0,0,0,0,0,4.65365E+20,6.06438E+21,8.46222E+15,5.47255E+16
3066,1,0,60,61,2018,7,9,7,2,2,2,0,0,1,0,0,0,0,0,5.90935E+20,5.97326E+21,1.0384E+16,5.38998E+16
3067,1,0,55,44,2018,5,7,4,3,0,7,0,0,0,0,1,0,0,1,6.14458E+20,5.98757E+21,1.07472E+16,5.40237E+16
3068,1,0,54,56,2018,7,20,1,3,0,7,0,1,0,0,0,0,0,0,5.02655E+20,6.03986E+21,9.04101E+15,5.45064E+16
3069,1,0,3,0,2018,6,14,7,3,5,3,0,1,1,0,0,0,0,0,6.08089E+20,5.96809E+21,1.06431E+16,5.38501E+16
3070,1,0,55,28,2018,6,19,3,3,1,6,0,0,1,0,0,0,0,0,6.01174E+20,6.00322E+21,1.05497E+16,5.41671E+16
3071,1,0,56,13,2018,6,13,3,3,2,6,0,0,1,0,0,0,0,0,5.57473E+20,5.9456E+21,9.86965E+15,5.3656E+16
3072,1,0,53,100,2018,5,12,3,3,5,2,0,1,1,0,0,0,0,0,6.17673E+20,5.95137E+21,1.07824E+16,5.36978E+16