OBJECTID_1,ULAND,UREGBEZ,UKREIS,UGEMEINDE,UJAHR,UMONAT,USTUNDE,UWOCHENTAG,UKATEGORIE,UART,UTYP1,ULICHTVERH,IstRad,IstPKW,IstFuss,IstKrad,IstGkfz,IstSonstig,STRZUSTAND,LINREFX,LINREFY,XGCSWGS84,YGCSWGS84
3073,1,0,59,53,2018,6,15,5,3,4,6,0,0,1,0,0,0,0,1,5.355E+20,6.02778E+21,9.54679E+15,5.43965E+16
3074,1,0,59,75,2018,6,21,7,3,1,5,1,0,1,0,1,0,0,0,5.36505E+20,6.04141E+21,9.56395E+15,5.4519E+16
3075,1,0,51,82,2018,6,15,6,2,2,2,0,0,1,0,1,0,0,0,5.13745E+20,6.0022E+21,9.21054E+15,5.41677E+16
3076,1,0,61,10,2018,5,10,6,3,2,2,0,0,1,0,0,0,0,0,5.29688E+20,5.97573E+21,9.45214E+15,5.39291E+16
3077,1,0,3,0,2018,6,14,4,3,5,3,0,0,1,0,1,0,0,0,6.13287E+20,5.96542E+21,1.07211E+16,5.38249E+16
3078,1,0,3,0,2018,7,13,6,3,5,2,0,1,1,0,0,0,0,0,6.10607E+20,5.96821E+21,1.06814E+16,5.38506E+16
3079,1,0,54,59,2018,6,19,7,3,5,2,0,0,1,0,1,0,0,0,5.08778E+20,6.05623E+21,9.13605E+15,5.46534E+16
3080,1,0,2,0,2018,5,8,4,3,5,2,0,1,1,0,0,0,0,0,5.73159E+20,6.0218E+21,1.01253E+16,5.43388E+16
3081,1,0,59,179,2018,5,11,6,3,5,3,0,0,1,0,0,0,0,0,5.13027E+20,6.06018E+21,9.20208E+15,5.46888E+16
3082,1,0,3,0,2018,6,6,2,3,5,2,0,1,1,0,0,0,0,0,6.10143E+20,5.96993E+21,1.0675E+16,5.38662E+16
3083,1,0,60,68,2018,6,21,2,2,0,1,0,0,0,0,1,0,0,0,5.75872E+20,5.98592E+21,1.01579E+16,5.4016E+16
3084,1,0,56,39,2018,5,22,2,3,5,2,1,0,1,0,0,0,0,0,5.525E+20,5.9443E+21,9.79419E+15,5.36448E+16
3085,1,0,3,0,2018,5,19,1,3,1,7,0,0,1,0,0,0,0,0,6.10284E+20,5.96992E+21,1.06771E+16,5.38661E+16
3086,1,0,58,69,2018,6,11,3,3,4,6,0,0,1,0,1,0,0,0,5.53614E+20,6.02942E+21,9.82606E+15,5.44097E+16
3087,1,0,62,6,2018,5,7,5,2,5,2,0,1,1,0,0,0,0,0,5.83838E+20,5.95336E+21,1.02706E+16,5.37222E+16
3088,1,0,1,0,2018,7,8,3,3,5,2,0,1,1,0,0,0,0,0,5.27198E+20,6.07249E+21,9.42306E+15,5.47989E+16
3089,1,0,55,4,2018,6,13,6,2,2,6,0,0,1,0,1,0,0,0,6.11656E+20,5.97505E+21,1.06999E+16,5.39118E+16
3090,1,0,2,0,2018,6,10,3,3,0,7,0,0,0,0,1,0,0,0,5.72175E+20,6.01917E+21,1.01095E+16,5.43153E+16
3091,1,0,54,73,2018,6,15,6,3,5,2,0,0,1,0,0,0,1,0,5.0234E+20,6.078E+21,9.03645E+15,5.48491E+16
3092,1,0,2,0,2018,5,0,4,3,0,7,2,1,0,0,0,0,0,0,5.72994E+20,6.02116E+21,1.01226E+16,5.43331E+16
3093,1,0,3,0,2018,6,8,5,3,1,6,0,0,1,0,0,0,0,0,6.21691E+20,5.9814E+21,1.08551E+16,5.39666E+16
3094,1,0,53,100,2018,6,22,5,3,5,3,2,0,1,0,0,0,0,0,6.14418E+20,5.9517E+21,1.07332E+16,5.37014E+16
3095,1,0,2,0,2018,5,14,4,3,6,4,0,1,0,1,0,0,0,0,5.7603E+20,6.02011E+21,1.0169E+16,5.43232E+16
3096,1,0,54,85,2018,6,12,7,3,0,7,0,0,1,0,1,0,0,1,4.58414E+20,6.05509E+21,8.35562E+15,5.46415E+16
3097,1,0,3,0,2018,5,9,7,3,2,6,0,0,1,0,0,0,0,0,6.09868E+20,5.97303E+21,1.06719E+16,5.38941E+16
3098,1,0,62,27,2018,6,16,4,2,2,6,0,0,1,0,1,0,0,0,5.86024E+20,5.95255E+21,1.03035E+16,5.37146E+16
3099,1,0,53,83,2018,6,21,6,2,5,3,1,1,1,0,0,0,0,0,6.02559E+20,5.91497E+21,1.05416E+16,5.33739E+16
3100,1,0,55,4,2018,7,19,6,3,2,6,0,1,1,0,0,0,0,0,6.11303E+20,5.97634E+21,1.0695E+16,5.39235E+16
3101,1,0,2,0,2018,6,0,7,3,8,1,2,0,1,0,0,0,0,0,5.76853E+20,6.01941E+21,1.01815E+16,5.43168E+16
3102,1,0,54,36,2018,5,20,4,3,0,1,0,1,0,0,0,0,0,0,4.86717E+20,6.02039E+21,8.79573E+15,5.43312E+16
3103,1,0,2,0,2018,5,9,6,2,2,6,0,0,1,0,1,0,0,0,5.74644E+20,6.02086E+21,1.01479E+16,5.43301E+16
3104,1,0,56,37,2018,6,17,2,3,5,2,0,0,1,0,0,0,0,1,5.41104E+20,5.94747E+21,9.62223E+15,5.36744E+16
3105,1,0,59,186,2018,6,14,3,3,0,1,0,1,0,0,0,0,0,0,5.495E+20,6.06769E+21,9.76913E+15,5.4754E+16
3106,1,0,51,44,2018,5,16,2,3,2,6,0,0,1,0,0,0,0,0,5.08807E+20,6.00549E+21,9.13499E+15,5.41974E+16
3107,1,0,62,9,2018,6,7,3,3,2,6,0,0,1,0,0,0,0,0,5.82544E+20,5.93826E+21,1.0247E+16,5.35866E+16
3108,1,0,51,72,2018,5,12,5,3,5,3,0,1,1,0,0,0,0,0,5.00491E+20,5.97889E+21,9.00749E+15,5.39584E+16
3109,1,0,2,0,2018,7,8,3,3,0,5,0,1,1,0,0,0,0,0,5.73738E+20,6.02388E+21,1.01347E+16,5.43574E+16
3110,1,0,57,8,2018,6,13,6,3,0,1,0,1,0,0,0,0,0,1,5.69396E+20,5.99306E+21,1.00608E+16,5.4081E+16
3111,1,0,4,0,2018,6,7,3,3,5,3,0,1,1,0,0,0,0,0,5.65362E+20,5.99369E+21,9.99925E+15,5.40873E+16
3112,1,0,2,0,2018,6,0,6,2,5,3,2,0,1,0,0,0,0,0,5.72818E+20,6.02351E+21,1.01204E+16,5.43542E+16
3113,1,0,54,76,2018,5,9,4,3,5,2,0,1,1,0,0,0,0,0,4.98016E+20,6.0696E+21,8.96915E+15,5.47736E+16
3114,1,0,54,87,2018,7,16,5,3,6,6,0,1,0,1,0,0,0,0,4.67358E+20,6.06017E+21,8.49364E+15,5.46878E+16
3115,1,0,1,0,2018,5,19,4,3,2,6,0,0,1,0,1,0,0,0,5.29909E+20,6.07106E+21,9.46508E+15,5.47859E+16
3116,1,0,3,0,2018,6,17,7,3,5,2,0,0,1,0,0,0,0,1,6.11239E+20,5.9717E+21,1.06923E+16,5.38818E+16
3117,1,0,59,10,2018,5,17,2,3,2,6,0,0,1,0,0,0,1,0,5.28578E+20,6.05245E+21,9.44257E+15,5.46187E+16
3118,1,0,55,46,2018,5,8,1,2,5,3,0,1,1,0,0,0,0,0,6.38986E+20,6.03538E+21,1.11435E+16,5.44471E+16
3119,1,0,2,0,2018,6,1,2,2,8,1,2,1,0,0,0,0,0,0,5.72572E+20,6.022E+21,1.01163E+16,5.43406E+16
3120,1,0,1,0,2018,5,11,5,3,8,1,0,0,0,0,1,0,0,0,5.28262E+20,6.07069E+21,9.43945E+15,5.47826E+16
3121,1,0,4,0,2018,7,10,2,3,3,6,0,0,1,0,0,0,0,0,5.64198E+20,5.99489E+21,9.98172E+15,5.40982E+16
3122,1,0,59,144,2018,6,8,2,3,5,3,0,0,1,0,0,0,0,0,5.14686E+20,6.06751E+21,9.2282E+15,5.47546E+16
3123,1,0,4,0,2018,6,12,4,2,5,2,0,1,1,0,0,0,0,0,5.64856E+20,5.99593E+21,9.99199E+15,5.41074E+16
3124,1,0,60,5,2018,6,14,4,3,5,2,0,1,1,0,0,0,0,0,5.85057E+20,5.97728E+21,1.02957E+16,5.39369E+16
3125,1,0,4,0,2018,5,16,4,3,5,3,0,1,1,0,0,0,0,0,5.6386E+20,5.99148E+21,9.97582E+15,5.40675E+16
3126,1,0,2,0,2018,6,11,6,3,5,3,0,0,1,0,0,0,0,0,5.73986E+20,6.02361E+21,1.01384E+16,5.43549E+16
3127,1,0,59,77,2018,6,7,6,3,9,1,0,0,0,0,1,0,0,1,5.31509E+20,6.04215E+21,9.48685E+15,5.45259E+16
3128,1,0,53,3,2018,6,20,1,3,4,6,0,0,1,0,0,0,0,0,5.87643E+20,5.92945E+21,1.03215E+16,5.35067E+16
3129,1,0,58,135,2018,7,16,4,3,2,6,0,0,1,0,0,0,0,0,5.42255E+20,6.01708E+21,9.64931E+15,5.42999E+16
3130,1,0,1,0,2018,5,14,4,3,5,3,0,1,1,0,0,0,0,0,5.28456E+20,6.07274E+21,9.44266E+15,5.4801E+16
3131,1,0,60,11,2018,5,18,7,3,1,5,0,0,1,0,0,0,1,0,5.66521E+20,5.98529E+21,1.00151E+16,5.40116E+16
3132,1,0,62,53,2018,6,15,5,3,5,2,0,1,1,0,0,0,0,0,5.7679E+20,5.93319E+21,1.01588E+16,5.3542E+16
3133,1,0,60,64,2018,6,14,7,2,5,2,0,1,1,0,0,0,0,0,5.6067E+20,5.96791E+21,9.9224E+15,5.38562E+16
3134,1,0,55,32,2018,7,15,7,3,4,6,0,0,1,0,0,0,0,0,6.1748E+20,5.99626E+21,1.07967E+16,5.41011E+16
3135,1,0,55,37,2018,5,7,4,3,2,2,0,0,1,0,0,0,0,0,6.20742E+20,5.99971E+21,1.08479E+16,5.41313E+16
3136,1,0,59,171,2018,7,9,1,3,1,5,0,0,1,0,1,0,0,0,5.2578E+20,6.05738E+21,9.39967E+15,5.46631E+16
3137,1,0,58,30,2018,6,13,7,2,5,3,0,0,1,0,0,0,0,0,5.40814E+20,6.0306E+21,9.62902E+15,5.44215E+16
3138,1,0,2,0,2018,6,11,3,3,0,7,0,1,0,0,0,0,0,0,5.73641E+20,6.02281E+21,1.01329E+16,5.43478E+16
3139,1,0,3,0,2018,6,14,3,3,3,2,0,1,1,0,0,0,0,0,6.09678E+20,5.96874E+21,1.06675E+16,5.38555E+16
3140,1,0,3,0,2018,5,18,3,2,5,2,0,1,1,0,0,0,0,0,6.10252E+20,5.97367E+21,1.0678E+16,5.38997E+16
3141,1,0,60,63,2018,6,6,5,3,2,6,0,0,1,0,0,0,0,1,5.62305E+20,5.94796E+21,9.94322E+15,5.36767E+16
3142,1,0,62,82,2018,6,19,6,3,0,3,0,1,1,0,0,0,0,0,5.93645E+20,5.94052E+21,1.04153E+16,5.36052E+16
3143,1,0,56,15,2018,6,12,6,3,5,3,0,0,1,0,0,0,0,0,5.43522E+20,5.95703E+21,9.66017E+15,5.37601E+16
3144,1,0,3,0,2018,6,15,4,3,3,6,0,1,1,0,0,0,0,0,6.21842E+20,5.98036E+21,1.0857E+16,5.39573E+16
3145,1,0,58,76,2018,7,16,6,3,2,6,0,0,1,0,0,0,1,0,5.6274E+20,6.00426E+21,9.96137E+15,5.41826E+16
3146,1,0,51,11,2018,6,13,6,3,5,3,0,0,1,0,1,0,0,0,5.05925E+20,5.97314E+21,9.09018E+15,5.39067E+16
3147,1,0,1,0,2018,5,7,4,3,5,3,0,0,1,0,1,0,0,0,5.28773E+20,6.07072E+21,9.44739E+15,5.47829E+16
3148,1,0,62,78,2018,5,13,6,3,2,6,0,0,1,0,0,0,0,0,5.8708E+20,5.94962E+21,1.03187E+16,5.3688E+16
3149,1,0,58,92,2018,6,14,2,3,5,3,0,1,1,0,0,0,0,0,5.69484E+20,6.02161E+21,1.00687E+16,5.43376E+16
3150,1,0,56,5,2018,6,9,2,3,2,1,0,0,1,0,0,1,0,0,5.59718E+20,5.94677E+21,9.90384E+15,5.36663E+16
3151,1,0,3,0,2018,5,14,2,3,5,2,0,1,1,0,0,0,0,0,6.1124E+20,5.96911E+21,1.06914E+16,5.38586E+16
3152,1,0,55,44,2018,5,15,1,3,5,3,0,0,1,0,0,0,0,0,6.08639E+20,5.98751E+21,1.06584E+16,5.40244E+16
3153,1,0,4,0,2018,6,7,3,3,5,3,0,1,1,0,0,0,0,0,5.66402E+20,5.99052E+21,1.00145E+16,5.40587E+16
3154,1,0,55,33,2018,5,9,5,3,5,6,0,1,0,0,0,0,1,0,6.2349E+20,6.0175E+21,1.08973E+16,5.42905E+16
3155,1,0,61,46,2018,7,5,2,3,5,3,0,0,1,0,0,0,0,0,5.32106E+20,5.97613E+21,9.48901E+15,5.39326E+16
3156,1,0,60,44,2018,6,11,5,3,6,2,0,0,1,1,0,0,0,0,5.62251E+20,5.96498E+21,9.94583E+15,5.38296E+16
3157,1,0,60,5,2018,6,17,2,3,2,2,0,0,1,0,1,0,0,0,5.8496E+20,5.97723E+21,1.02942E+16,5.39365E+16
3158,1,0,51,74,2018,6,12,5,3,5,3,0,0,1,0,0,0,0,0,5.0551E+20,5.99345E+21,9.08425E+15,5.40892E+16
3159,1,0,54,61,2018,5,4,4,3,6,6,0,1,0,1,0,0,0,0,4.58124E+20,6.08935E+21,8.34619E+15,5.49494E+16
3160,1,0,2,0,2018,6,17,5,3,5,2,0,1,1,0,0,0,0,0,5.72444E+20,6.02099E+21,1.01141E+16,5.43316E+16
3161,1,0,58,128,2018,6,18,5,3,2,6,0,0,1,0,0,0,0,0,5.62352E+20,5.98962E+21,9.9524E+15,5.4051E+16
3162,1,0,3,0,2018,6,16,2,3,5,2,0,1,1,0,0,0,0,0,6.08098E+20,5.9675E+21,1.06431E+16,5.38447E+16
3163,1,0,56,36,2018,7,7,4,3,5,3,0,1,0,0,0,0,1,0,5.4453E+20,5.94719E+21,9.67404E+15,5.36716E+16
3164,1,0,1,0,2018,5,8,4,3,2,6,0,0,1,0,0,0,1,0,5.29736E+20,6.07168E+21,9.46247E+15,5.47915E+16
3165,1,0,2,0,2018,6,17,7,3,2,6,0,0,1,0,0,0,0,1,5.74872E+20,6.01849E+21,1.01508E+16,5.43088E+16
3166,1,0,53,3,2018,5,13,1,3,4,6,0,0,1,0,0,0,1,0,5.95738E+20,5.93165E+21,1.04442E+16,5.35251E+16
3167,1,0,55,43,2018,5,6,1,3,8,7,0,0,0,0,0,0,1,0,6.16739E+20,6.01736E+21,1.07935E+16,5.42908E+16
3168,1,0,59,184,2018,6,17,2,3,2,6,0,0,1,0,0,1,0,0,5.26711E+20,6.0599E+21,9.41433E+15,5.46858E+16
3169,1,0,56,39,2018,5,9,4,3,5,3,0,1,1,0,0,0,0,0,5.52296E+20,5.94516E+21,9.79124E+15,5.36526E+16
3170,1,0,61,93,2018,7,6,1,2,9,7,0,0,1,0,0,0,0,0,5.47735E+20,5.9822E+21,9.728E+15,5.3986E+16
3171,1,0,58,23,2018,6,15,1,3,2,2,0,0,1,0,0,0,0,1,5.56976E+20,6.00311E+21,9.87283E+15,5.41729E+16
3172,1,0,59,176,2018,6,15,4,3,1,1,0,0,1,0,0,0,0,0,5.34872E+20,6.07514E+21,9.54275E+15,5.48222E+16
3173,1,0,58,140,2018,6,15,4,3,4,6,0,0,1,0,0,0,0,0,5.4645E+20,6.01806E+21,9.71392E+15,5.43083E+16
3174,1,0,2,0,2018,5,15,4,3,5,2,0,1,1,0,0,0,0,0,5.72234E+20,6.01921E+21,1.01104E+16,5.43156E+16
3175,1,0,62,91,2018,6,14,5,3,9,1,0,0,1,0,0,0,0,1,5.92043E+20,5.95213E+21,1.03945E+16,5.37097E+16
3176,1,0,51,81,2018,6,13,7,3,5,2,0,1,1,0,0,0,0,0,5.024E+20,6.0044E+21,9.03678E+15,5.41877E+16
3177,1,0,61,46,2018,7,7,3,3,5,3,0,1,1,0,0,0,0,0,5.32138E+20,5.9737E+21,9.48925E+15,5.39107E+16
3178,1,0,58,98,2018,5,19,4,3,0,6,0,0,1,0,1,0,0,0,5.62986E+20,6.0012E+21,9.96449E+15,5.4155E+16
3179,1,0,58,85,2018,5,17,7,2,8,1,0,0,0,0,1,0,0,0,5.42093E+20,5.99144E+21,9.64324E+15,5.40694E+16
3180,1,0,2,0,2018,6,20,5,3,8,1,0,0,1,0,0,0,0,1,5.72835E+20,6.02483E+21,1.0121E+16,5.43661E+16
3181,1,0,1,0,2018,7,8,5,3,2,2,0,0,1,0,1,0,0,0,5.27855E+20,6.06939E+21,9.43299E+15,5.47709E+16
3182,1,0,58,24,2018,5,1,4,3,0,1,2,0,1,0,0,0,0,0,5.46229E+20,6.02172E+21,9.71108E+15,5.43412E+16
3183,1,0,4,0,2018,6,23,7,2,4,1,2,0,1,0,0,0,0,0,5.66662E+20,5.9975E+21,1.002E+16,5.41213E+16
3184,1,0,51,137,2018,5,9,1,1,9,1,0,0,0,0,1,0,0,0,5.02669E+20,5.99399E+21,9.04081E+15,5.40941E+16
3185,1,0,2,0,2018,6,17,2,3,5,2,0,1,1,0,0,0,0,1,5.74047E+20,6.02069E+21,1.01387E+16,5.43287E+16
3186,1,0,51,72,2018,5,9,4,3,5,3,0,1,1,0,0,0,0,0,5.00569E+20,5.97834E+21,9.00867E+15,5.39534E+16
3187,1,0,1,0,2018,7,12,2,3,0,2,0,1,1,0,0,0,0,0,5.28271E+20,6.07172E+21,9.43968E+15,5.47919E+16
3188,1,0,53,103,2018,6,3,1,3,0,7,2,1,0,0,0,0,0,0,6.07601E+20,5.957E+21,1.06318E+16,5.37505E+16
3189,1,0,57,46,2018,6,10,4,2,5,3,0,0,1,0,0,0,0,0,5.88144E+20,6.00641E+21,1.03512E+16,5.41982E+16
3190,1,0,55,4,2018,6,9,4,3,5,3,0,0,1,0,1,0,0,0,6.1239E+20,5.97697E+21,1.07118E+16,5.39289E+16
3191,1,0,2,0,2018,5,19,4,1,3,6,2,0,0,0,1,0,1,0,5.78035E+20,6.02005E+21,1.01998E+16,5.43223E+16
3192,1,0,60,70,2018,6,6,5,3,9,1,0,0,1,0,0,0,0,1,5.83506E+20,5.97913E+21,1.02726E+16,5.39538E+16
3193,1,0,54,42,2018,6,3,1,3,0,1,2,0,1,0,0,0,0,0,5.02625E+20,6.04168E+21,9.04056E+15,5.45227E+16
3194,1,0,59,92,2018,7,8,4,3,0,7,0,1,0,0,0,0,0,1,5.20284E+20,6.04113E+21,9.31335E+15,5.45174E+16
3195,1,0,56,36,2018,5,20,3,3,5,2,0,1,0,0,1,0,0,0,5.45569E+20,5.94625E+21,9.68964E+15,5.3663E+16
3196,1,0,3,0,2018,5,21,7,2,5,3,0,0,1,1,0,0,0,0,6.10299E+20,5.96992E+21,1.06774E+16,5.38661E+16
3197,1,0,55,32,2018,6,6,5,3,0,7,0,0,0,0,1,0,0,1,6.19673E+20,5.99666E+21,1.08304E+16,5.41042E+16
3198,1,0,62,56,2018,6,14,7,3,5,3,0,1,1,0,0,0,0,1,5.91072E+20,5.95709E+21,1.03813E+16,5.37545E+16
3199,1,0,54,56,2018,7,15,7,2,6,4,0,0,1,1,0,0,0,0,4.98791E+20,6.04188E+21,8.98133E+15,5.45245E+16
3200,1,0,60,85,2018,6,10,7,3,0,7,0,1,0,0,0,0,0,0,5.77852E+20,5.96612E+21,1.01831E+16,5.38378E+16
3201,1,0,57,70,2018,6,15,3,3,0,2,0,0,1,0,1,0,0,0,5.86342E+20,6.00818E+21,1.03241E+16,5.42143E+16
3202,1,0,4,0,2018,6,12,3,3,2,2,0,0,1,0,0,0,0,0,5.62675E+20,5.98968E+21,9.95735E+15,5.40516E+16
3203,1,0,2,0,2018,5,18,3,3,0,2,0,0,1,0,0,0,1,0,5.72436E+20,6.02097E+21,1.0114E+16,5.43315E+16
3204,1,0,60,47,2018,6,19,4,3,7,1,0,0,0,0,1,0,0,0,5.69647E+20,5.96374E+21,1.00579E+16,5.38176E+16
3205,1,0,55,44,2018,6,15,6,3,4,6,0,0,1,0,0,0,0,0,6.11854E+20,5.98897E+21,1.0708E+16,5.40368E+16
3206,1,0,60,49,2018,6,18,6,3,5,3,0,0,1,0,1,0,0,0,5.86555E+20,5.97991E+21,1.03192E+16,5.39603E+16
3207,1,0,2,0,2018,6,18,4,3,0,7,0,1,0,0,0,0,0,0,5.72621E+20,6.02196E+21,1.0117E+16,5.43403E+16
3208,1,0,2,0,2018,7,15,6,3,2,6,0,0,1,0,1,0,0,0,5.7666E+20,6.01959E+21,1.01785E+16,5.43184E+16
3209,1,0,56,39,2018,6,16,6,3,4,6,0,0,1,0,0,0,0,0,5.51536E+20,5.94709E+21,9.78007E+15,5.367E+16
3210,1,0,56,48,2018,5,11,3,3,5,2,0,1,1,0,0,0,0,0,5.47105E+20,5.94996E+21,9.71344E+15,5.36963E+16
3211,1,0,51,72,2018,7,10,5,3,5,3,0,0,1,0,0,0,0,0,5.0061E+20,5.97785E+21,9.0093E+15,5.3949E+16
3212,1,0,51,44,2018,5,7,5,2,5,2,0,1,1,0,0,0,0,0,5.07113E+20,6.00541E+21,9.10903E+15,5.41966E+16
3213,1,0,56,46,2018,6,20,2,3,2,6,0,0,1,0,0,0,1,0,5.47636E+20,5.95403E+21,9.7221E+15,5.37327E+16
3214,1,0,55,46,2018,6,15,2,1,5,7,0,0,1,0,1,0,0,0,6.4029E+20,6.0354E+21,1.11636E+16,5.44469E+16
3215,1,0,55,40,2018,5,17,2,2,2,2,0,0,1,0,1,0,0,0,6.07835E+20,5.97239E+21,1.06408E+16,5.38888E+16
3216,1,0,54,168,2018,5,12,1,3,8,1,0,1,0,0,0,0,0,0,4.54568E+20,6.07841E+21,8.29239E+15,5.48507E+16
3217,1,0,1,0,2018,6,16,3,3,0,1,0,1,0,0,0,0,0,0,5.28E+20,6.07029E+21,9.43533E+15,5.4779E+16
3218,1,0,58,54,2018,5,18,5,3,5,3,0,1,0,0,0,0,0,0,5.39201E+20,6.01749E+21,9.60243E+15,5.43038E+16
3219,1,0,62,53,2018,7,18,2,3,5,2,0,1,1,0,0,0,0,0,5.76367E+20,5.93328E+21,1.01525E+16,5.35428E+16
3220,1,0,56,36,2018,6,7,5,3,5,3,0,1,1,0,0,0,0,0,5.45487E+20,5.94645E+21,9.68843E+15,5.36649E+16
3221,1,0,53,20,2018,6,8,2,3,5,3,0,1,1,0,0,0,0,0,6.07207E+20,5.92744E+21,1.06157E+16,5.3485E+16
3222,1,0,53,9,2018,6,14,5,3,6,2,0,0,1,1,0,0,0,0,6.08073E+20,5.95523E+21,1.06384E+16,5.37345E+16
3223,1,0,60,19,2018,5,17,3,3,5,2,0,1,1,0,0,0,0,0,5.60641E+20,5.9562E+21,9.91965E+15,5.37509E+16
3224,1,0,54,159,2018,6,2,5,2,8,1,2,0,1,0,0,0,0,0,5.14705E+20,6.03661E+21,9.22693E+15,5.44769E+16
3225,1,0,2,0,2018,6,7,5,3,5,3,0,0,0,0,0,1,1,0,5.72707E+20,6.02349E+21,1.01187E+16,5.4354E+16
3226,1,0,4,0,2018,6,18,2,3,2,6,0,0,1,0,0,0,0,0,5.63068E+20,5.99246E+21,9.96392E+15,5.40765E+16
3227,1,0,62,59,2018,7,15,4,2,8,1,0,0,0,0,1,0,0,0,5.97101E+20,5.97037E+21,1.04769E+16,5.38727E+16
3228,1,0,53,129,2018,5,16,3,2,5,3,0,0,1,0,1,0,0,0,5.84261E+20,5.92736E+21,1.027E+16,5.34885E+16
3229,1,0,54,56,2018,6,3,7,2,8,7,2,0,1,0,0,0,0,1,5.03307E+20,6.03429E+21,9.05101E+15,5.44563E+16
3230,1,0,3,0,2018,5,11,1,3,5,3,0,0,1,0,0,0,0,0,6.12346E+20,5.96785E+21,1.07077E+16,5.3847E+16
3231,1,0,56,3,2018,6,14,1,3,5,3,0,1,1,0,0,0,0,0,5.51826E+20,5.9559E+21,9.78593E+15,5.37491E+16
3232,1,0,62,4,2018,5,15,4,3,6,6,0,1,0,1,0,0,0,0,5.89383E+20,5.96291E+21,1.03574E+16,5.38071E+16
3233,1,0,62,18,2018,7,1,1,3,5,3,2,0,1,0,0,0,0,0,5.80281E+20,5.93304E+21,1.02115E+16,5.35401E+16
3234,1,0,59,53,2018,6,23,1,2,9,1,1,0,0,0,1,0,0,0,5.34478E+20,6.02955E+21,9.53126E+15,5.44125E+16
3235,1,0,60,63,2018,6,13,3,3,0,7,0,1,0,0,0,0,0,0,5.6715E+20,5.94887E+21,1.00167E+16,5.36842E+16
3236,1,0,2,0,2018,6,7,4,3,6,4,0,1,0,1,0,0,0,0,5.75119E+20,6.02693E+21,1.01567E+16,5.43846E+16
3237,1,0,51,122,2018,5,21,3,3,5,3,0,0,1,0,0,0,0,0,5.05221E+20,6.00936E+21,9.0801E+15,5.42322E+16
3238,1,0,58,92,2018,6,10,5,3,2,6,0,0,1,0,0,0,0,0,5.71712E+20,6.02195E+21,1.0103E+16,5.43403E+16
3239,1,0,56,2,2018,6,5,7,3,0,7,1,1,0,0,0,0,0,0,5.51095E+20,5.96045E+21,9.77561E+15,5.37902E+16
3240,1,0,60,92,2018,7,15,3,3,5,2,0,0,1,0,1,0,0,0,5.79213E+20,5.97907E+21,1.02071E+16,5.3954E+16
3241,1,0,62,6,2018,5,9,3,3,6,6,0,0,1,1,0,0,0,0,5.85222E+20,5.95475E+21,1.02919E+16,5.37344E+16
3242,1,0,58,54,2018,5,9,7,3,5,2,0,1,1,0,0,0,0,0,5.38573E+20,6.01749E+21,9.59279E+15,5.43038E+16
3243,1,0,51,97,2018,6,22,4,3,5,3,1,0,1,0,0,0,0,0,5.08058E+20,5.98306E+21,9.12291E+15,5.39958E+16
3244,1,0,4,0,2018,6,10,7,3,3,6,0,0,1,0,0,0,0,0,5.62294E+20,5.99759E+21,9.95315E+15,5.41227E+16
3245,1,0,60,36,2018,7,15,6,3,2,6,0,0,1,0,0,0,0,0,5.65351E+20,5.97292E+21,9.99462E+15,5.39006E+16
3246,1,0,58,9,2018,6,13,7,3,8,7,0,0,1,0,0,0,0,0,5.53877E+20,5.99175E+21,9.82334E+15,5.40712E+16
3247,1,0,53,129,2018,5,18,3,3,5,2,0,1,1,0,0,0,0,0,5.84128E+20,5.92839E+21,1.02682E+16,5.34978E+16
3248,1,0,60,4,2018,6,14,3,3,3,6,0,0,1,0,0,0,0,0,5.61588E+20,5.97294E+21,9.93736E+15,5.39013E+16
3249,1,0,2,0,2018,6,22,3,2,4,6,1,1,0,0,0,0,0,0,5.75085E+20,6.02236E+21,1.0155E+16,5.43435E+16
3250,1,0,1,0,2018,5,14,3,3,5,3,0,0,1,0,0,0,1,0,5.26668E+20,6.0701E+21,9.4146E+15,5.47774E+16
3251,1,0,4,0,2018,6,13,4,3,5,2,0,1,1,0,0,0,0,0,5.64938E+20,5.99091E+21,9.99217E+15,5.40623E+16
3252,1,0,2,0,2018,6,13,6,3,2,6,0,0,1,0,1,0,0,0,5.73592E+20,6.01871E+21,1.01312E+16,5.43109E+16
3253,1,0,55,32,2018,7,19,3,3,5,3,0,1,1,0,0,0,0,0,6.19348E+20,5.99676E+21,1.08254E+16,5.41051E+16
3254,1,0,55,32,2018,6,14,6,3,9,3,0,0,1,0,1,0,0,0,6.17242E+20,5.99608E+21,1.0793E+16,5.40995E+16
3255,1,0,62,90,2018,6,15,3,2,3,6,0,0,0,0,1,0,1,0,5.78845E+20,5.95098E+21,1.01943E+16,5.37015E+16
3256,1,0,3,0,2018,6,10,6,2,5,2,0,1,1,0,0,0,0,0,6.2213E+20,5.98062E+21,1.08615E+16,5.39595E+16
3257,1,0,55,1,2018,5,5,3,3,5,3,1,0,1,0,0,0,0,0,6.03002E+20,5.98647E+21,1.0572E+16,5.40162E+16
3258,1,0,3,0,2018,7,13,5,3,5,2,0,1,1,0,0,0,0,0,6.11613E+20,5.96878E+21,1.06969E+16,5.38555E+16
3259,1,0,1,0,2018,6,11,7,3,5,2,0,0,1,0,0,0,0,1,5.2542E+20,6.0696E+21,9.39515E+15,5.4773E+16
3260,1,0,3,0,2018,7,14,7,3,2,6,0,0,1,0,0,0,0,0,6.09871E+20,5.97309E+21,1.0672E+16,5.38946E+16
3261,1,0,3,0,2018,6,0,7,3,3,1,2,1,0,0,0,0,0,0,6.22267E+20,5.98293E+21,1.08645E+16,5.39802E+16
3262,1,0,54,46,2018,6,13,3,2,0,6,0,1,0,0,0,0,0,0,4.54046E+20,6.06812E+21,8.28589E+15,5.47582E+16
3263,1,0,2,0,2018,6,16,3,3,2,6,0,0,1,0,0,0,0,0,5.7496E+20,6.02842E+21,1.01546E+16,5.4398E+16
3264,1,0,2,0,2018,5,17,3,3,6,7,0,1,0,1,0,0,0,0,5.7371E+20,6.02186E+21,1.01338E+16,5.43393E+16