OBJECTID_1,ULAND,UREGBEZ,UKREIS,UGEMEINDE,UJAHR,UMONAT,USTUNDE,UWOCHENTAG,UKATEGORIE,UART,UTYP1,ULICHTVERH,IstRad,IstPKW,IstFuss,IstKrad,IstGkfz,IstSonstig,STRZUSTAND,LINREFX,LINREFY,XGCSWGS84,YGCSWGS84
3456,1,0,60,63,2018,5,16,4,3,2,6,0,0,1,0,0,0,0,0,5.67758E+20,5.95141E+21,1.00265E+16,5.3707E+16
3457,1,0,59,75,2018,7,9,2,3,6,2,0,0,1,1,0,0,0,0,5.36066E+20,6.0409E+21,9.5571E+15,5.45144E+16
3458,1,0,55,4,2018,6,14,1,3,2,6,0,0,1,0,0,0,0,0,6.11368E+20,5.9755E+21,1.06957E+16,5.39159E+16
3459,1,0,57,57,2018,6,7,4,3,2,6,0,0,1,0,0,0,0,0,5.93855E+20,6.00208E+21,1.04373E+16,5.41582E+16
3460,1,0,55,39,2018,6,14,4,3,5,3,0,0,1,0,0,0,0,0,6.16212E+20,5.99329E+21,1.07762E+16,5.40747E+16
3461,1,0,2,0,2018,5,16,4,3,2,6,0,0,1,0,1,0,0,0,5.73799E+20,6.01819E+21,1.01342E+16,5.43063E+16
3462,1,0,60,34,2018,6,7,5,3,9,1,0,0,1,0,0,0,0,1,5.71758E+20,5.97431E+21,1.00924E+16,5.39122E+16
3463,1,0,54,35,2018,6,0,1,3,9,6,2,0,1,0,0,0,0,0,4.87705E+20,6.02066E+21,8.81091E+15,5.43336E+16
3464,1,0,1,0,2018,7,7,4,3,5,2,0,0,1,0,0,1,0,0,5.28E+20,6.07041E+21,9.43533E+15,5.47801E+16
3465,1,0,57,32,2018,5,16,3,2,5,3,0,0,1,0,0,0,0,0,5.84883E+20,5.99784E+21,1.02988E+16,5.41217E+16
3466,1,0,55,33,2018,5,11,7,3,8,7,0,0,1,0,0,0,0,0,6.22182E+20,6.01702E+21,1.0877E+16,5.42864E+16
3467,1,0,3,0,2018,6,17,5,3,0,3,0,0,1,0,1,0,0,0,6.09615E+20,5.97114E+21,1.06674E+16,5.38771E+16
3468,1,0,3,0,2018,6,22,7,2,9,1,2,0,1,0,0,0,0,0,6.06524E+20,5.95987E+21,1.06165E+16,5.37766E+16
3469,1,0,1,0,2018,7,16,7,3,0,7,0,1,0,0,0,0,0,0,5.28195E+20,6.07159E+21,9.43848E+15,5.47907E+16
3470,1,0,53,100,2018,6,17,7,3,2,6,0,0,1,0,0,0,1,0,6.17336E+20,5.9515E+21,1.07773E+16,5.3699E+16
3471,1,0,60,63,2018,5,7,6,3,0,1,0,1,0,0,0,0,0,0,5.68295E+20,5.94895E+21,1.00341E+16,5.36848E+16
3472,1,0,59,184,2018,6,19,3,3,4,1,0,0,1,0,0,0,0,0,5.27973E+20,6.06216E+21,9.43413E+15,5.4706E+16
3473,1,0,58,43,2018,6,15,3,3,2,6,0,0,1,0,0,0,0,0,5.53877E+20,6.03402E+21,9.83095E+15,5.4451E+16
3474,1,0,57,65,2018,5,19,3,3,8,1,0,0,0,0,1,0,0,0,5.98304E+20,6.0099E+21,1.0508E+16,5.42276E+16
3475,1,0,62,60,2018,6,7,4,3,2,2,0,0,1,0,0,0,0,0,5.83422E+20,5.93131E+21,1.02584E+16,5.35241E+16
3476,1,0,3,0,2018,6,8,6,3,2,6,0,1,0,0,0,0,0,0,6.116E+20,5.96963E+21,1.0697E+16,5.38632E+16
3477,1,0,53,113,2018,6,12,6,3,2,6,0,0,1,0,0,0,0,0,6.04712E+20,5.93865E+21,1.05819E+16,5.35863E+16
3478,1,0,1,0,2018,6,9,4,3,0,1,0,1,0,0,0,0,0,0,5.29523E+20,6.0734E+21,9.45932E+15,5.48069E+16
3479,1,0,2,0,2018,7,7,6,3,5,3,0,1,1,0,0,0,0,0,5.68825E+20,6.02031E+21,1.00583E+16,5.4326E+16
3480,1,0,56,15,2018,6,13,6,3,5,2,0,1,1,0,0,0,0,0,5.4278E+20,5.95618E+21,9.64879E+15,5.37525E+16
3481,1,0,2,0,2018,5,18,3,3,0,7,0,1,0,0,0,0,0,0,5.73687E+20,6.02397E+21,1.01339E+16,5.43582E+16
3482,1,0,56,39,2018,7,14,5,3,5,3,0,0,1,0,0,0,0,0,5.52752E+20,5.94813E+21,9.79864E+15,5.36793E+16
3483,1,0,51,48,2018,5,14,5,3,5,3,0,1,1,0,0,0,0,0,5.04879E+20,6.00028E+21,9.07471E+15,5.41506E+16
3484,1,0,60,27,2018,6,12,1,3,2,2,0,0,1,0,0,0,1,0,5.61143E+20,5.98405E+21,9.93282E+15,5.40011E+16
3485,1,0,58,43,2018,5,10,2,3,3,6,0,0,1,0,0,1,0,0,5.54261E+20,6.03553E+21,9.83715E+15,5.44646E+16
3486,1,0,58,38,2018,5,5,1,3,8,7,1,0,1,0,0,0,0,0,5.60949E+20,6.00481E+21,9.93403E+15,5.41877E+16
3487,1,0,1,0,2018,6,18,3,3,6,4,0,0,1,1,0,0,0,0,5.28138E+20,6.07116E+21,9.43755E+15,5.47868E+16
3488,1,0,58,43,2018,5,18,5,3,4,6,0,1,0,0,0,0,0,0,5.53432E+20,6.0366E+21,9.82454E+15,5.44742E+16
3489,1,0,62,23,2018,7,18,2,3,5,3,0,1,1,0,0,0,0,0,5.8434E+20,5.94684E+21,1.02764E+16,5.36635E+16
3490,1,0,62,14,2018,6,8,5,3,5,3,0,0,1,0,0,0,0,0,5.82539E+20,5.95202E+21,1.02505E+16,5.37104E+16
3491,1,0,53,129,2018,6,10,2,2,5,3,0,1,1,0,0,0,0,0,5.82539E+20,5.92739E+21,1.0244E+16,5.3489E+16
3492,1,0,58,38,2018,6,23,5,3,9,1,2,0,1,0,0,0,0,0,5.62564E+20,6.00431E+21,9.95868E+15,5.41831E+16
3493,1,0,2,0,2018,6,12,5,3,5,3,0,1,1,0,0,0,0,0,5.74022E+20,6.01783E+21,1.01375E+16,5.4303E+16
3494,1,0,4,0,2018,6,12,2,3,0,7,0,1,0,0,0,0,0,0,5.6683E+20,5.98985E+21,1.00208E+16,5.40525E+16
3495,1,0,53,32,2018,7,7,4,3,5,3,0,1,1,0,0,0,0,0,5.90821E+20,5.92376E+21,1.03678E+16,5.3455E+16
3496,1,0,59,24,2018,5,8,3,3,2,2,0,0,1,0,0,0,0,0,5.20643E+20,6.01777E+21,9.31727E+15,5.43074E+16
3497,1,0,61,118,2018,6,7,6,2,8,7,0,0,1,0,0,0,0,1,5.31451E+20,5.95687E+21,9.47706E+15,5.37595E+16
3498,1,0,58,126,2018,5,0,1,3,9,7,2,0,1,0,0,0,0,0,5.67906E+20,6.02163E+21,1.00444E+16,5.4338E+16
3499,1,0,51,114,2018,5,18,7,3,5,3,0,0,1,0,0,0,0,0,5.18447E+20,6.00805E+21,9.28292E+15,5.42201E+16
3500,1,0,3,0,2018,6,9,1,3,5,3,0,0,1,0,0,0,0,0,6.12547E+20,5.97047E+21,1.07117E+16,5.38705E+16
3501,1,0,62,82,2018,5,18,4,3,0,7,0,1,0,0,0,0,0,0,5.92786E+20,5.94153E+21,1.04026E+16,5.36143E+16
3502,1,0,62,36,2018,7,18,1,3,2,2,0,0,1,0,0,0,0,0,5.81145E+20,5.9551E+21,1.02302E+16,5.37382E+16
3503,1,0,59,56,2018,6,11,1,3,2,6,0,0,1,0,0,0,1,1,5.37378E+20,6.0347E+21,9.57659E+15,5.44586E+16
3504,1,0,57,69,2018,6,0,3,2,8,1,2,0,1,0,0,0,0,1,5.79704E+20,5.99438E+21,1.02186E+16,5.40915E+16
3505,1,0,3,0,2018,5,8,5,3,5,2,0,1,1,0,0,0,0,0,6.12396E+20,5.97072E+21,1.07095E+16,5.38728E+16
3506,1,0,56,15,2018,7,8,2,3,3,6,0,1,0,0,0,0,0,0,5.43803E+20,5.95667E+21,9.66438E+15,5.37568E+16
3507,1,0,56,15,2018,6,15,5,3,0,7,0,0,0,0,1,0,0,0,5.44688E+20,5.95757E+21,9.67794E+15,5.37648E+16
3508,1,0,56,40,2018,6,16,2,3,9,7,0,0,1,0,0,0,0,0,5.5082E+20,5.94775E+21,9.76933E+15,5.3676E+16
3509,1,0,61,115,2018,6,18,5,3,4,6,0,0,1,0,0,0,0,0,5.43493E+20,5.97563E+21,9.66236E+15,5.39273E+16
3510,1,0,54,86,2018,5,13,3,2,5,3,0,0,1,0,0,0,1,0,4.803E+20,6.07875E+21,8.69314E+15,5.48554E+16
3511,1,0,59,131,2018,6,7,5,3,5,3,0,0,1,0,0,0,0,0,5.24092E+20,6.05873E+21,9.37361E+15,5.46754E+16
3512,1,0,58,135,2018,6,10,5,3,5,3,0,0,1,0,1,0,0,0,5.44641E+20,6.01786E+21,9.68609E+15,5.43067E+16
3513,1,0,55,4,2018,6,19,2,2,5,3,0,0,1,0,1,0,0,0,6.11462E+20,5.9761E+21,1.06973E+16,5.39213E+16
3514,1,0,60,63,2018,7,18,4,3,5,3,0,0,1,0,1,0,0,0,5.6611E+20,5.94853E+21,1.00009E+16,5.36813E+16
3515,1,0,59,173,2018,5,9,3,3,7,1,0,1,0,0,0,0,0,0,5.15321E+20,6.06951E+21,9.23817E+15,5.47726E+16
3516,1,0,59,144,2018,6,19,7,3,9,7,0,0,1,0,0,0,0,1,5.1332E+20,6.06765E+21,9.20697E+15,5.47559E+16
3517,1,0,53,110,2018,5,12,1,2,5,3,0,0,1,0,0,0,0,0,6.16568E+20,5.94767E+21,1.07643E+16,5.36647E+16
3518,1,0,51,6,2018,5,16,7,2,8,1,0,0,0,0,1,0,0,0,5.04975E+20,5.9851E+21,9.07593E+15,5.40141E+16
3519,1,0,61,49,2018,6,2,1,2,9,1,2,0,0,0,0,0,1,1,5.48301E+20,5.97706E+21,9.73581E+15,5.39397E+16
3520,1,0,53,25,2018,5,11,4,3,9,7,0,0,1,0,0,0,0,0,6.03738E+20,5.95009E+21,1.0571E+16,5.36892E+16
3521,1,0,60,44,2018,7,21,1,3,5,3,1,0,1,0,0,0,0,0,5.63868E+20,5.96361E+21,9.97011E+15,5.38171E+16
3522,1,0,2,0,2018,6,14,1,3,0,1,0,0,0,0,1,0,0,1,5.77477E+20,6.02074E+21,1.01914E+16,5.43286E+16
3523,1,0,56,43,2018,6,15,4,3,3,6,0,0,1,0,0,1,1,0,5.54277E+20,5.94544E+21,9.82127E+15,5.36549E+16
3524,1,0,4,0,2018,6,17,4,3,2,6,0,0,1,0,0,0,0,0,5.65328E+20,5.99195E+21,9.99834E+15,5.40716E+16
3525,1,0,54,168,2018,5,14,4,3,5,3,0,1,1,0,0,0,0,0,4.55181E+20,6.0825E+21,8.3013E+15,5.48875E+16
3526,1,0,62,4,2018,6,13,5,3,4,6,0,1,0,0,0,0,0,1,5.91894E+20,5.9638E+21,1.03958E+16,5.38147E+16
3527,1,0,60,27,2018,6,18,7,3,9,1,0,0,1,0,0,0,0,0,5.6343E+20,5.9786E+21,9.96656E+15,5.39519E+16
3528,1,0,61,49,2018,7,22,3,3,2,6,1,1,1,0,0,0,0,0,5.4761E+20,5.978E+21,9.72542E+15,5.39481E+16
3529,1,0,59,161,2018,5,13,3,3,5,3,0,0,1,0,0,0,0,0,5.43407E+20,6.06424E+21,9.67395E+15,5.47236E+16
3530,1,0,4,0,2018,5,10,7,3,5,3,0,1,1,0,0,0,0,0,5.65073E+20,5.99499E+21,9.99511E+15,5.4099E+16
3531,1,0,54,36,2018,6,13,5,3,0,3,0,1,1,0,0,0,0,1,4.86035E+20,6.02006E+21,8.78526E+15,5.43282E+16
3532,1,0,1,0,2018,6,16,7,3,5,3,0,1,1,0,0,0,0,1,5.26293E+20,6.06812E+21,9.40858E+15,5.47596E+16
3533,1,0,51,74,2018,7,11,6,3,5,3,0,1,0,0,0,0,0,0,5.04495E+20,5.99333E+21,9.06872E+15,5.40881E+16
3534,1,0,55,28,2018,6,10,7,3,2,2,0,0,1,0,1,0,0,0,6.01785E+20,6.0041E+21,1.05594E+16,5.41748E+16
3535,1,0,54,131,2018,6,10,3,2,5,2,0,0,1,0,1,0,0,0,4.94084E+20,6.08057E+21,8.90782E+15,5.48722E+16
3536,1,0,57,66,2018,6,17,3,3,2,6,0,0,1,0,1,0,0,0,5.82478E+20,6.0155E+21,1.02668E+16,5.42808E+16
3537,1,0,54,97,2018,5,18,3,2,1,5,0,0,1,0,0,0,1,0,5.06781E+20,6.04334E+21,9.10481E+15,5.45376E+16
3538,1,0,55,33,2018,6,12,4,3,4,6,0,1,0,0,0,0,0,0,6.22878E+20,6.01749E+21,1.08879E+16,5.42905E+16
3539,1,0,57,58,2018,6,9,6,3,2,2,0,0,1,0,0,0,0,0,5.81385E+20,6.0109E+21,1.02488E+16,5.42396E+16
3540,1,0,3,0,2018,7,17,3,3,5,3,0,1,1,0,0,0,0,0,6.11408E+20,5.97104E+21,1.06946E+16,5.38759E+16
3541,1,0,53,100,2018,6,11,6,3,5,2,0,1,1,0,0,0,0,0,6.17675E+20,5.95137E+21,1.07824E+16,5.36978E+16
3542,1,0,56,18,2018,6,18,3,3,0,1,0,1,0,0,0,0,0,0,5.55386E+20,5.94325E+21,9.83765E+15,5.36351E+16
3543,1,0,54,75,2018,7,16,6,2,5,3,0,0,1,0,0,0,0,0,4.90581E+20,6.0575E+21,8.85398E+15,5.46648E+16
3544,1,0,53,43,2018,6,17,6,3,2,6,0,0,1,0,0,0,1,0,6.13615E+20,5.95832E+21,1.07235E+16,5.37611E+16
3545,1,0,1,0,2018,5,15,3,3,0,2,0,0,1,0,1,0,0,0,5.26451E+20,6.06829E+21,9.41106E+15,5.47612E+16
3546,1,0,3,0,2018,7,16,5,3,2,2,0,0,1,0,0,0,0,0,6.10332E+20,5.97117E+21,1.06783E+16,5.38772E+16
3547,1,0,60,49,2018,5,8,5,3,5,2,0,1,1,0,0,0,0,0,5.87528E+20,5.98046E+21,1.03342E+16,5.39651E+16
3548,1,0,59,163,2018,6,15,1,3,5,3,0,1,1,0,0,0,0,0,5.55753E+20,6.06541E+21,9.86584E+15,5.47328E+16
3549,1,0,2,0,2018,5,9,2,3,2,6,0,0,1,0,0,1,1,0,5.73356E+20,6.01683E+21,1.01271E+16,5.42941E+16
3550,1,0,60,63,2018,5,21,7,3,0,7,2,1,0,0,0,0,0,0,5.66843E+20,5.94876E+21,1.00121E+16,5.36833E+16
3551,1,0,56,44,2018,6,7,2,3,2,6,0,0,1,0,0,0,0,0,5.54527E+20,5.93837E+21,9.8238E+15,5.35913E+16
3552,1,0,57,25,2018,5,7,5,3,5,2,0,1,1,0,0,0,0,0,5.78134E+20,6.02533E+21,1.02027E+16,5.43697E+16
3553,1,0,3,0,2018,7,9,2,3,5,2,0,0,1,0,1,0,0,0,6.08229E+20,5.96811E+21,1.06453E+16,5.38502E+16
3554,1,0,58,150,2018,6,16,2,3,8,1,0,0,1,0,0,0,0,0,5.69455E+20,6.03331E+21,1.0071E+16,5.44428E+16
3555,1,0,62,1,2018,6,13,4,3,3,2,0,0,1,0,0,0,1,0,5.821E+20,5.94752E+21,1.02427E+16,5.36699E+16
3556,1,0,54,33,2018,6,8,5,3,5,3,0,1,1,0,0,0,0,0,5.05791E+20,6.02503E+21,9.08914E+15,5.4373E+16
3557,1,0,62,71,2018,6,14,6,3,2,6,0,0,1,0,0,0,0,0,5.79905E+20,5.94117E+21,1.02079E+16,5.36132E+16
3558,1,0,59,45,2018,6,11,2,3,2,6,0,0,1,0,0,0,0,0,5.60263E+20,6.05728E+21,9.93419E+15,5.46593E+16
3559,1,0,3,0,2018,7,7,4,3,5,2,0,1,0,0,0,0,1,0,6.10126E+20,5.97073E+21,1.0675E+16,5.38733E+16
3560,1,0,54,131,2018,5,20,3,3,7,7,0,1,0,0,0,0,0,0,4.9024E+20,6.08176E+21,8.84787E+15,5.48828E+16
3561,1,0,3,0,2018,6,11,6,3,2,2,0,0,1,0,0,0,0,0,6.11648E+20,5.96874E+21,1.06974E+16,5.38552E+16
3562,1,0,54,138,2018,5,0,1,3,8,6,2,0,1,0,0,0,0,0,4.95049E+20,6.01956E+21,8.92387E+15,5.43239E+16
3563,1,0,58,92,2018,6,0,1,2,3,6,2,1,0,0,0,0,0,0,5.70819E+20,6.02081E+21,1.0089E+16,5.43302E+16
3564,1,0,62,61,2018,5,8,4,3,5,3,0,1,1,0,0,0,0,0,5.97032E+20,5.96487E+21,1.04741E+16,5.38233E+16
3565,1,0,58,135,2018,7,13,1,3,5,3,0,0,1,0,0,0,0,0,5.4251E+20,6.01648E+21,9.65314E+15,5.42945E+16
3566,1,0,56,48,2018,6,21,7,2,4,6,1,0,1,0,0,0,0,0,5.46454E+20,5.94778E+21,9.70325E+15,5.36767E+16
3567,1,0,62,65,2018,6,12,3,2,0,1,0,1,0,0,0,0,0,0,5.89103E+20,5.9602E+21,1.03523E+16,5.37828E+16
3568,1,0,62,9,2018,6,9,4,2,2,6,0,0,0,0,0,1,1,0,5.79287E+20,5.93684E+21,1.01974E+16,5.35744E+16
3569,1,0,56,18,2018,5,16,3,3,5,3,0,1,1,0,0,0,0,0,5.55375E+20,5.94297E+21,9.83743E+15,5.36326E+16
3570,1,0,2,0,2018,6,8,5,3,2,6,0,0,1,0,0,0,0,0,5.7382E+20,6.01943E+21,1.01348E+16,5.43174E+16
3571,1,0,54,154,2018,6,9,7,2,2,6,0,0,1,0,0,0,1,0,5.01395E+20,6.08093E+21,9.02174E+15,5.48754E+16
3572,1,0,1,0,2018,5,7,3,3,0,7,0,1,0,0,0,0,0,0,5.27984E+20,6.07043E+21,9.43509E+15,5.47803E+16
3573,1,0,54,164,2018,5,15,7,2,0,1,0,1,0,0,0,0,0,0,4.70315E+20,6.05974E+21,8.53956E+15,5.46841E+16
3574,1,0,53,32,2018,6,15,4,3,0,1,0,1,0,0,0,0,0,0,5.91329E+20,5.92171E+21,1.03748E+16,5.34365E+16
3575,1,0,60,88,2018,6,16,6,3,0,7,0,0,0,0,1,0,0,0,5.74731E+20,5.96996E+21,1.01366E+16,5.38727E+16
3576,1,0,55,28,2018,7,18,6,3,6,3,0,0,1,1,0,0,0,0,6.01778E+20,6.00405E+21,1.05593E+16,5.41744E+16
3577,1,0,2,0,2018,6,0,7,2,0,7,2,1,0,0,0,0,0,0,5.71844E+20,6.01452E+21,1.01033E+16,5.42735E+16
3578,1,0,54,19,2018,5,16,3,3,0,7,0,1,0,0,0,0,0,0,4.98234E+20,6.05212E+21,8.97265E+15,5.46165E+16
3579,1,0,60,97,2018,6,11,2,2,9,7,0,0,1,0,0,0,0,0,5.9332E+20,5.98294E+21,1.04232E+16,5.39863E+16
3580,1,0,59,8,2018,6,20,3,2,8,1,0,0,0,0,1,0,0,0,5.38521E+20,6.05317E+21,9.59663E+15,5.46245E+16
3581,1,0,61,38,2018,5,8,2,3,0,3,0,0,1,0,0,0,1,0,5.48922E+20,5.97373E+21,9.74474E+15,5.39097E+16
3582,1,0,56,50,2018,6,8,3,3,2,6,0,0,1,0,0,0,0,0,5.47015E+20,5.93724E+21,9.71016E+15,5.35819E+16
3583,1,0,60,63,2018,6,15,6,3,2,6,0,0,1,0,0,0,0,0,5.62247E+20,5.94765E+21,9.94228E+15,5.36739E+16
3584,1,0,2,0,2018,7,13,3,3,6,7,0,0,1,0,0,0,1,0,5.74073E+20,6.02067E+21,1.0139E+16,5.43285E+16
3585,1,0,60,84,2018,6,16,3,3,0,1,0,0,0,0,1,0,0,0,5.74734E+20,5.96995E+21,1.01367E+16,5.38726E+16
3586,1,0,2,0,2018,6,15,4,3,4,6,0,1,0,0,0,0,0,0,5.73243E+20,6.01885E+21,1.01258E+16,5.43123E+16
3587,1,0,56,44,2018,5,17,3,3,6,2,0,0,1,1,0,0,0,0,5.5545E+20,5.93941E+21,9.83793E+15,5.36006E+16
3588,1,0,58,172,2018,6,9,5,3,2,6,0,0,1,0,0,0,0,1,5.43244E+20,6.01482E+21,9.66417E+15,5.42794E+16
3589,1,0,58,43,2018,6,18,7,3,6,4,0,0,1,1,0,0,0,0,5.53814E+20,6.03473E+21,9.8301E+15,5.44574E+16
3590,1,0,53,100,2018,7,11,3,2,4,6,0,0,1,0,0,0,0,0,6.17319E+20,5.94975E+21,1.07764E+16,5.36833E+16
3591,1,0,54,57,2018,5,13,3,3,5,2,0,0,1,0,0,0,0,0,5.09516E+20,6.04316E+21,9.14707E+15,5.45359E+16
3592,1,0,2,0,2018,5,21,7,3,5,3,0,1,1,0,0,0,0,0,5.74071E+20,6.01844E+21,1.01385E+16,5.43085E+16
3593,1,0,51,44,2018,6,7,4,3,2,6,0,0,1,0,0,0,0,0,5.0985E+20,6.00503E+21,9.15097E+15,5.41933E+16
3594,1,0,61,12,2018,6,8,6,3,2,6,0,0,1,0,0,0,1,0,5.26688E+20,5.96388E+21,9.40542E+15,5.38227E+16
3595,1,0,56,15,2018,7,14,6,3,5,3,0,1,1,0,0,0,0,0,5.43299E+20,5.95644E+21,9.6567E+15,5.37548E+16
3596,1,0,58,77,2018,6,11,7,1,5,2,0,1,1,0,0,0,0,0,5.42449E+20,5.99368E+21,9.64898E+15,5.40896E+16
3597,1,0,56,5,2018,5,18,3,3,2,6,0,0,1,0,0,0,0,0,5.62037E+20,5.94708E+21,9.93899E+15,5.36688E+16
3598,1,0,62,71,2018,6,14,3,3,3,6,0,0,1,0,0,1,0,0,5.81333E+20,5.94008E+21,1.02292E+16,5.36033E+16
3599,1,0,1,0,2018,6,0,3,2,0,1,2,0,0,0,1,0,0,0,5.26633E+20,6.07455E+21,9.41446E+15,5.48174E+16
3600,1,0,54,88,2018,5,11,3,3,0,7,0,1,0,0,0,0,0,1,4.89036E+20,6.07122E+21,8.8295E+15,5.47881E+16
3601,1,0,57,48,2018,6,20,4,2,8,1,0,0,1,0,0,0,0,0,6.01779E+20,6.01757E+21,1.05639E+16,5.42959E+16
3602,1,0,54,138,2018,6,12,6,3,2,6,0,0,1,0,0,0,0,0,4.97154E+20,6.0188E+21,8.95625E+15,5.43171E+16
3603,1,0,58,86,2018,7,19,3,3,2,6,0,0,1,0,0,0,0,0,5.43862E+20,6.01076E+21,9.67308E+15,5.42429E+16
3604,1,0,3,0,2018,6,9,6,3,2,2,0,0,1,0,0,0,0,0,6.18582E+20,5.97557E+21,1.08055E+16,5.39149E+16
3605,1,0,62,82,2018,6,11,3,3,5,3,0,1,0,0,0,0,0,0,5.93267E+20,5.94026E+21,1.04095E+16,5.36028E+16
3606,1,0,55,16,2018,6,8,6,3,0,6,0,0,0,0,1,0,0,0,6.29456E+20,6.0065E+21,1.09841E+16,5.41902E+16
3607,1,0,60,96,2018,5,9,3,1,2,6,0,0,0,0,0,1,1,0,5.90327E+20,5.97533E+21,1.03754E+16,5.39185E+16
3608,1,0,3,0,2018,7,18,5,3,5,2,0,1,1,0,0,0,0,0,6.18459E+20,5.97544E+21,1.08035E+16,5.39138E+16
3609,1,0,62,71,2018,5,8,3,3,2,6,0,0,1,0,0,0,0,0,5.81065E+20,5.93952E+21,1.0225E+16,5.35982E+16
3610,1,0,56,3,2018,6,16,7,2,2,1,0,0,0,0,1,0,0,1,5.49833E+20,5.95666E+21,9.75584E+15,5.37562E+16
3611,1,0,1,0,2018,5,16,2,3,2,6,0,0,1,0,0,0,0,0,5.27161E+20,6.06907E+21,9.42217E+15,5.47681E+16
3612,1,0,56,26,2018,5,18,7,3,5,3,0,0,1,0,1,0,0,0,5.55191E+20,5.95748E+21,9.83723E+15,5.3763E+16
3613,1,0,55,35,2018,6,8,2,3,5,3,0,1,1,0,0,0,0,0,6.13889E+20,5.97744E+21,1.07347E+16,5.39328E+16
3614,1,0,2,0,2018,5,17,5,3,5,2,0,0,1,0,0,0,0,0,5.73876E+20,6.01957E+21,1.01357E+16,5.43187E+16
3615,1,0,55,35,2018,7,16,2,2,2,6,0,0,0,0,1,0,0,0,6.17485E+20,5.97929E+21,1.07902E+16,5.39486E+16
3616,1,0,2,0,2018,6,7,2,3,6,1,0,0,1,1,0,0,0,0,5.73494E+20,6.01904E+21,1.01297E+16,5.4314E+16
3617,1,0,3,0,2018,6,16,4,3,2,2,0,0,1,0,0,0,0,0,6.08098E+20,5.9675E+21,1.06431E+16,5.38447E+16
3618,1,0,51,44,2018,6,17,4,3,2,6,0,0,1,0,0,0,0,0,5.0583E+20,6.00601E+21,9.08938E+15,5.42021E+16
3619,1,0,3,0,2018,6,12,6,3,5,3,0,0,1,0,1,0,0,0,6.10607E+20,5.96858E+21,1.06816E+16,5.38539E+16
3620,1,0,61,3,2018,6,18,1,1,4,2,0,0,0,0,1,0,1,0,5.2971E+20,5.98716E+21,9.45359E+15,5.40318E+16
3621,1,0,3,0,2018,7,10,4,3,2,2,0,0,1,0,0,0,0,0,6.09241E+20,5.9712E+21,1.06617E+16,5.38777E+16
3622,1,0,53,60,2018,5,6,3,3,2,6,0,0,1,0,0,0,0,0,5.92281E+20,5.93568E+21,1.03933E+16,5.35619E+16
3623,1,0,4,0,2018,6,14,6,3,2,6,0,0,1,0,0,0,0,0,5.65482E+20,5.98997E+21,1.00003E+16,5.40538E+16
3624,1,0,61,46,2018,5,18,7,3,5,3,0,0,0,0,1,0,1,0,5.33368E+20,5.97382E+21,9.50798E+15,5.39117E+16
3625,1,0,53,3,2018,6,14,6,2,2,6,0,0,1,0,0,0,0,0,5.90043E+20,5.93547E+21,1.03594E+16,5.35604E+16
3626,1,0,2,0,2018,5,10,6,3,0,6,0,0,1,0,0,0,1,0,5.7207E+20,6.01874E+21,1.01078E+16,5.43114E+16
3627,1,0,59,107,2018,6,16,1,3,0,7,0,1,0,0,0,0,0,0,5.24057E+20,6.05254E+21,9.37256E+15,5.46197E+16
3628,1,0,3,0,2018,5,15,4,3,2,2,0,0,1,0,1,0,0,0,6.08659E+20,5.97204E+21,1.06532E+16,5.38854E+16
3629,1,0,59,178,2018,7,18,1,3,8,7,0,0,1,0,0,0,0,0,5.43216E+20,6.07247E+21,9.6722E+15,5.47975E+16
3630,1,0,3,0,2018,6,22,7,3,1,5,1,1,1,0,0,0,0,0,6.09709E+20,5.96877E+21,1.0668E+16,5.38558E+16
3631,1,0,3,0,2018,6,15,3,3,3,6,0,0,1,0,0,1,0,0,6.09489E+20,5.97082E+21,1.06654E+16,5.38743E+16
3632,1,0,60,44,2018,6,11,3,3,2,6,0,0,1,0,0,0,1,0,5.61642E+20,5.96697E+21,9.93699E+15,5.38476E+16
3633,1,0,62,6,2018,5,18,3,3,5,2,0,1,1,0,0,0,0,0,5.83259E+20,5.95479E+21,1.02622E+16,5.37352E+16
3634,1,0,1,0,2018,6,12,5,2,3,6,0,0,1,0,0,0,0,1,5.2737E+20,6.06877E+21,9.42539E+15,5.47654E+16
3635,1,0,54,168,2018,6,23,7,3,0,1,2,1,0,0,0,0,0,0,4.54946E+20,6.08086E+21,8.29789E+15,5.48728E+16
3636,1,0,51,44,2018,6,17,6,3,5,2,0,1,1,0,0,0,0,0,5.05906E+20,6.00545E+21,9.09053E+15,5.4197E+16
3637,1,0,51,71,2018,5,12,6,3,5,3,0,1,0,0,0,0,1,0,5.01612E+20,6.01965E+21,9.02479E+15,5.43247E+16
3638,1,0,55,46,2018,6,11,4,3,0,7,0,1,0,0,0,0,0,0,6.42461E+20,6.03472E+21,1.11967E+16,5.44402E+16
3639,1,0,3,0,2018,7,17,6,3,5,2,0,1,1,0,0,0,0,0,6.14239E+20,5.96859E+21,1.07368E+16,5.38532E+16
3640,1,0,1,0,2018,6,21,7,3,0,7,0,1,0,0,0,0,0,0,5.28141E+20,6.07115E+21,9.43761E+15,5.47868E+16
3641,1,0,62,9,2018,5,13,3,3,2,6,0,0,1,0,0,1,0,0,5.78726E+20,5.93504E+21,1.01885E+16,5.35583E+16
3642,1,0,57,66,2018,5,18,6,1,8,7,0,0,1,0,0,0,0,0,5.82918E+20,6.01553E+21,1.02736E+16,5.42809E+16
3643,1,0,3,0,2018,6,8,2,3,5,2,0,1,1,0,0,0,0,0,6.11595E+20,5.96965E+21,1.0697E+16,5.38633E+16
3644,1,0,51,44,2018,6,16,2,3,2,2,0,0,1,0,0,0,0,0,5.06379E+20,6.00581E+21,9.09778E+15,5.42003E+16
3645,1,0,56,36,2018,5,15,2,3,5,3,0,0,1,0,0,0,0,0,5.44432E+20,5.94663E+21,9.67249E+15,5.36666E+16
3646,1,0,60,70,2018,5,12,7,3,0,3,0,0,1,0,1,0,0,0,5.83904E+20,5.97835E+21,1.02784E+16,5.39467E+16
3647,1,0,3,0,2018,6,15,3,3,2,6,0,0,1,0,0,0,0,0,6.10589E+20,5.96746E+21,1.06809E+16,5.38439E+16