OBJECTID_1,ULAND,UREGBEZ,UKREIS,UGEMEINDE,UJAHR,UMONAT,USTUNDE,UWOCHENTAG,UKATEGORIE,UART,UTYP1,ULICHTVERH,IstRad,IstPKW,IstFuss,IstKrad,IstGkfz,IstSonstig,STRZUSTAND,LINREFX,LINREFY,XGCSWGS84,YGCSWGS84
3648,1,0,56,48,2018,5,8,5,3,1,3,0,1,0,0,0,0,1,0,5.47592E+20,5.95029E+21,9.72086E+15,5.36991E+16
3649,1,0,59,185,2018,7,12,3,3,0,6,0,0,0,0,0,0,1,0,5.38452E+20,6.06084E+21,9.59657E+15,5.46935E+16
3650,1,0,54,76,2018,6,10,6,3,8,1,0,0,1,0,0,0,0,0,4.98583E+20,6.07189E+21,8.97796E+15,5.47942E+16
3651,1,0,2,0,2018,6,16,3,3,6,6,0,1,0,1,0,0,0,0,5.74278E+20,6.01919E+21,1.01418E+16,5.43151E+16
3652,1,0,59,53,2018,6,11,6,2,0,1,0,0,0,0,1,0,0,1,5.34451E+20,6.02957E+21,9.53085E+15,5.44127E+16
3653,1,0,56,1,2018,5,16,2,2,2,2,0,0,1,0,1,0,0,0,5.48703E+20,5.94597E+21,9.73701E+15,5.36602E+16
3654,1,0,3,0,2018,6,15,5,3,4,6,0,1,0,0,0,0,0,0,6.12519E+20,5.9695E+21,1.0711E+16,5.38618E+16
3655,1,0,59,183,2018,7,8,5,3,8,1,0,1,0,0,0,0,0,1,5.19679E+20,6.06306E+21,9.30547E+15,5.47145E+16
3656,1,0,62,4,2018,5,11,2,2,6,6,0,1,0,1,0,0,0,0,5.93554E+20,5.96315E+21,1.04208E+16,5.38085E+16
3657,1,0,55,46,2018,6,15,7,3,2,2,0,0,1,0,0,0,0,0,6.34518E+20,6.03854E+21,1.10761E+16,5.44766E+16
3658,1,0,51,81,2018,5,13,1,3,8,1,0,0,1,0,0,0,0,0,5.01481E+20,6.0041E+21,9.02269E+15,5.41849E+16
3659,1,0,60,5,2018,5,10,7,3,5,3,0,0,1,0,0,0,0,0,5.87393E+20,5.97658E+21,1.0331E+16,5.39302E+16
3660,1,0,57,9,2018,6,8,2,2,9,7,0,0,1,0,0,0,0,0,5.95855E+20,6.00035E+21,1.04674E+16,5.41423E+16
3661,1,0,51,11,2018,5,17,4,3,1,5,0,0,1,0,0,0,0,0,5.09934E+20,5.97256E+21,9.15119E+15,5.39014E+16
3662,1,0,54,168,2018,7,12,2,3,5,3,0,1,1,0,0,0,0,0,4.55879E+20,6.08473E+21,8.31184E+15,5.49076E+16
3663,1,0,62,9,2018,6,11,1,2,5,2,0,1,1,0,0,0,0,0,5.80902E+20,5.9361E+21,1.02216E+16,5.35675E+16
3664,1,0,2,0,2018,6,21,4,3,2,6,0,0,1,0,0,0,0,0,5.72298E+20,6.02119E+21,1.01119E+16,5.43334E+16
3665,1,0,55,46,2018,6,13,4,3,2,6,0,0,0,0,0,1,1,0,6.3928E+20,6.03394E+21,1.11474E+16,5.44341E+16
3666,1,0,2,0,2018,5,21,4,3,0,7,1,1,0,0,0,0,0,0,5.72849E+20,6.02041E+21,1.01202E+16,5.43263E+16
3667,1,0,57,66,2018,6,23,6,3,2,6,2,0,1,0,0,0,0,0,5.85871E+20,6.01676E+21,1.03193E+16,5.42916E+16
3668,1,0,58,135,2018,6,11,3,3,0,1,0,0,0,0,1,0,0,0,5.42083E+20,6.01796E+21,9.64679E+15,5.43078E+16
3669,1,0,57,70,2018,6,9,6,3,5,3,0,0,1,0,0,0,0,0,5.84483E+20,6.00981E+21,1.0296E+16,5.42293E+16
3670,1,0,62,9,2018,5,3,2,2,6,4,2,0,1,1,0,0,0,0,5.82225E+20,5.93638E+21,1.02417E+16,5.35698E+16
3671,1,0,2,0,2018,7,14,5,3,0,7,0,1,0,0,0,0,0,0,5.74375E+20,6.02054E+21,1.01437E+16,5.43273E+16
3672,1,0,62,90,2018,5,16,2,3,5,3,0,1,1,0,0,0,0,0,5.77529E+20,5.95004E+21,1.01742E+16,5.36933E+16
3673,1,0,3,0,2018,6,12,7,3,2,2,0,0,1,0,0,0,0,0,6.0866E+20,5.97204E+21,1.06532E+16,5.38854E+16
3674,1,0,62,4,2018,5,13,2,3,2,1,0,0,1,0,0,1,0,0,5.92256E+20,5.95913E+21,1.03998E+16,5.37726E+16
3675,1,0,2,0,2018,6,12,2,2,2,6,0,0,1,0,0,0,1,0,5.73404E+20,6.01977E+21,1.01285E+16,5.43205E+16
3676,1,0,1,0,2018,5,14,5,2,1,6,0,0,1,0,0,0,0,0,5.27396E+20,6.0716E+21,9.42606E+15,5.47908E+16
3677,1,0,4,0,2018,7,9,2,3,6,4,0,1,0,1,0,0,0,0,5.64669E+20,5.99175E+21,9.98823E+15,5.40699E+16
3678,1,0,54,113,2018,6,9,2,3,0,1,0,1,0,0,0,0,0,0,4.77735E+20,6.01556E+21,8.65797E+15,5.42875E+16
3679,1,0,4,0,2018,6,8,4,3,0,7,0,0,0,0,0,0,1,0,5.64069E+20,5.99275E+21,9.97927E+15,5.40789E+16
3680,1,0,60,2,2018,6,18,4,3,0,2,0,0,1,0,1,0,0,0,5.57664E+20,5.96017E+21,9.87524E+15,5.37869E+16
3681,1,0,58,135,2018,6,23,6,3,8,1,2,0,0,0,1,0,0,0,5.43412E+20,6.01686E+21,9.66705E+15,5.42978E+16
3682,1,0,60,63,2018,6,15,6,3,2,6,0,0,1,0,0,0,0,0,5.62427E+20,5.94979E+21,9.94544E+15,5.36931E+16
3683,1,0,53,9,2018,6,16,1,3,5,2,0,1,1,0,0,0,0,0,6.08364E+20,5.95524E+21,1.06428E+16,5.37345E+16
3684,1,0,58,43,2018,7,14,4,3,5,3,0,1,1,0,0,0,0,0,5.54225E+20,6.03449E+21,9.8364E+15,5.44552E+16
3685,1,0,62,22,2018,5,17,2,3,5,2,0,1,1,0,0,0,0,0,5.87297E+20,5.9413E+21,1.03196E+16,5.36132E+16
3686,1,0,60,47,2018,5,11,7,3,5,2,0,0,1,0,0,0,0,0,5.68695E+20,5.96351E+21,1.00434E+16,5.38156E+16
3687,1,0,62,88,2018,6,10,5,3,8,1,0,0,1,0,0,0,0,0,5.828E+20,5.93911E+21,1.02511E+16,5.35943E+16
3688,1,0,56,43,2018,6,14,7,3,5,2,0,0,1,0,0,0,0,0,5.53704E+20,5.94568E+21,9.81263E+15,5.36571E+16
3689,1,0,55,27,2018,7,13,7,3,2,2,0,0,1,0,0,0,0,0,6.21243E+20,6.00828E+21,1.0859E+16,5.42082E+16
3690,1,0,3,0,2018,5,8,4,3,3,2,0,1,1,0,0,0,0,0,6.10123E+20,5.96991E+21,1.06747E+16,5.3866E+16
3691,1,0,59,168,2018,7,15,1,2,9,1,0,0,0,0,1,0,0,0,5.56347E+20,6.05888E+21,9.8738E+15,5.46741E+16
3692,1,0,4,0,2018,6,21,7,3,5,3,1,0,1,0,0,0,1,0,5.64706E+20,5.99164E+21,9.98878E+15,5.40689E+16
3693,1,0,58,170,2018,6,22,3,3,1,5,1,0,1,0,0,0,0,0,5.6898E+20,6.00351E+21,1.00568E+16,5.4175E+16
3694,1,0,53,116,2018,6,9,3,3,5,3,0,1,1,0,0,0,0,0,5.99586E+20,5.92969E+21,1.05016E+16,5.35067E+16
3695,1,0,55,4,2018,5,15,3,3,0,7,0,1,0,0,0,0,0,0,6.1151E+20,5.97635E+21,1.06981E+16,5.39235E+16
3696,1,0,56,43,2018,6,16,5,3,2,6,0,0,1,0,0,0,0,1,5.54055E+20,5.94628E+21,9.81804E+15,5.36625E+16
3697,1,0,56,15,2018,6,14,6,3,5,3,0,0,1,0,0,0,0,0,5.42962E+20,5.95575E+21,9.6515E+15,5.37486E+16
3698,1,0,56,15,2018,6,7,6,3,5,2,0,1,0,0,0,0,0,0,5.43391E+20,5.95582E+21,9.65801E+15,5.37492E+16
3699,1,0,3,0,2018,6,15,4,3,5,2,0,1,1,0,0,0,0,0,6.14654E+20,5.96813E+21,1.07429E+16,5.3849E+16
3700,1,0,58,123,2018,7,22,6,3,7,7,2,0,0,0,1,0,0,0,5.50154E+20,6.03478E+21,9.77367E+15,5.44582E+16
3701,1,0,60,12,2018,6,4,7,2,9,1,0,0,1,0,0,0,0,0,5.79384E+20,5.99393E+21,1.02136E+16,5.40874E+16
3702,1,0,55,44,2018,5,12,2,3,2,2,0,0,1,0,1,0,1,0,6.15917E+20,5.98627E+21,1.0769E+16,5.40116E+16
3703,1,0,1,0,2018,5,7,6,3,5,2,0,1,1,0,0,0,0,0,5.28325E+20,6.0706E+21,9.44041E+15,5.47818E+16
3704,1,0,4,0,2018,6,16,2,3,5,2,0,0,1,0,1,0,0,0,5.62878E+20,5.99295E+21,9.96112E+15,5.40809E+16
3705,1,0,56,39,2018,6,14,2,3,9,1,0,1,0,0,0,0,1,0,5.52636E+20,5.94273E+21,9.79598E+15,5.36307E+16
3706,1,0,62,46,2018,5,17,2,3,5,3,0,0,1,0,1,0,0,0,5.94747E+20,5.96316E+21,1.04389E+16,5.38084E+16
3707,1,0,58,171,2018,6,20,3,2,8,1,0,0,0,0,1,0,0,0,5.60344E+20,6.0123E+21,9.92627E+15,5.42551E+16
3708,1,0,53,32,2018,5,7,5,2,5,2,0,1,1,0,0,0,0,0,5.91582E+20,5.92166E+21,1.03786E+16,5.3436E+16
3709,1,0,61,44,2018,7,7,2,2,0,1,0,1,0,0,0,0,0,0,5.41401E+20,5.95926E+21,9.6283E+15,5.37803E+16
3710,1,0,51,68,2018,6,12,5,3,3,2,0,0,1,0,0,0,1,0,5.10838E+20,6.01084E+21,9.16632E+15,5.42454E+16
3711,1,0,51,48,2018,6,16,2,3,2,6,0,0,1,0,0,0,0,0,5.05953E+20,6.00262E+21,9.09119E+15,5.41716E+16
3712,1,0,60,4,2018,6,12,6,3,2,6,0,0,1,0,0,0,0,0,5.61672E+20,5.97335E+21,9.93872E+15,5.39049E+16
3713,1,0,55,16,2018,5,9,2,3,5,3,0,1,1,0,0,0,0,0,6.28872E+20,6.00417E+21,1.09742E+16,5.41694E+16
3714,1,0,4,0,2018,6,19,5,2,5,3,0,1,1,0,0,0,0,0,5.6368E+20,5.99185E+21,9.97315E+15,5.4071E+16
3715,1,0,3,0,2018,6,12,5,3,2,6,0,0,1,0,0,0,0,0,6.11155E+20,5.96891E+21,1.069E+16,5.38568E+16
3716,1,0,55,46,2018,6,20,2,3,5,3,0,0,1,0,1,0,0,0,6.33838E+20,6.03872E+21,1.10657E+16,5.44785E+16
3717,1,0,56,15,2018,7,17,4,3,2,6,0,0,1,0,0,0,0,0,5.44894E+20,5.95781E+21,9.68109E+15,5.3767E+16
3718,1,0,4,0,2018,5,10,2,3,2,6,0,0,1,0,0,0,0,0,5.64116E+20,5.99032E+21,9.97949E+15,5.40571E+16
3719,1,0,57,62,2018,6,22,7,3,0,7,2,1,0,0,0,0,0,1,5.83633E+20,6.01054E+21,1.02832E+16,5.4236E+16
3720,1,0,53,5,2018,5,18,1,2,5,2,0,0,1,0,0,0,0,0,6.08146E+20,5.94226E+21,1.0635E+16,5.3618E+16
3721,1,0,1,0,2018,6,13,2,3,2,6,0,1,1,0,0,0,0,1,5.27886E+20,6.07159E+21,9.43368E+15,5.47907E+16
3722,1,0,56,50,2018,5,10,4,3,0,7,0,1,1,0,0,0,0,1,5.48006E+20,5.93748E+21,9.72516E+15,5.3584E+16
3723,1,0,51,81,2018,7,5,1,3,9,1,0,0,1,0,0,0,0,0,4.99035E+20,6.00266E+21,8.98521E+15,5.4172E+16
3724,1,0,55,7,2018,6,14,1,3,5,3,0,0,1,0,0,0,0,0,5.9763E+20,5.99461E+21,1.04927E+16,5.40904E+16
3725,1,0,59,83,2018,6,14,4,3,2,6,0,0,1,0,0,0,0,0,5.49982E+20,6.05449E+21,9.77435E+15,5.46354E+16
3726,1,0,4,0,2018,6,20,4,3,5,3,0,1,1,0,0,0,0,0,5.64703E+20,5.99147E+21,9.9887E+15,5.40674E+16
3727,1,0,2,0,2018,5,13,4,3,2,6,0,0,1,0,0,0,0,0,5.74467E+20,6.01771E+21,1.01444E+16,5.43018E+16
3728,1,0,53,110,2018,6,13,5,3,7,7,0,0,1,0,0,0,0,1,6.18421E+20,5.9483E+21,1.07925E+16,5.367E+16
3729,1,0,58,146,2018,6,10,1,2,3,6,0,0,1,0,1,0,0,0,5.48889E+20,6.01816E+21,9.75141E+15,5.4309E+16
3730,1,0,55,4,2018,7,13,4,3,2,6,0,0,1,0,0,0,0,0,6.12346E+20,5.97539E+21,1.07105E+16,5.39147E+16
3731,1,0,58,53,2018,5,15,2,2,8,1,0,0,0,0,1,0,0,0,5.68944E+20,6.0093E+21,1.00576E+16,5.4227E+16
3732,1,0,55,17,2018,5,10,7,3,3,6,0,0,1,0,0,0,1,0,6.3475E+20,6.02601E+21,1.1074E+16,5.4364E+16
3733,1,0,58,53,2018,6,16,5,3,2,6,0,0,1,0,0,0,0,0,5.68203E+20,6.0112E+21,1.00466E+16,5.42442E+16
3734,1,0,2,0,2018,6,23,7,3,0,3,2,1,0,0,1,0,0,0,5.74117E+20,6.02155E+21,1.01399E+16,5.43364E+16
3735,1,0,62,89,2018,7,21,7,2,3,6,0,0,1,0,0,0,0,0,5.89209E+20,5.95476E+21,1.03524E+16,5.37339E+16
3736,1,0,55,32,2018,6,13,7,3,5,3,0,0,1,0,1,0,0,0,6.19366E+20,5.99914E+21,1.08266E+16,5.41265E+16
3737,1,0,59,73,2018,6,7,3,2,5,3,0,1,1,0,0,0,0,0,5.39342E+20,6.04345E+21,9.60805E+15,5.45371E+16
3738,1,0,2,0,2018,6,16,3,3,2,6,0,0,1,0,0,0,0,0,5.72443E+20,6.01836E+21,1.01134E+16,5.4308E+16
3739,1,0,2,0,2018,5,17,3,3,0,6,0,0,1,0,0,0,1,0,5.73614E+20,6.02102E+21,1.01321E+16,5.43317E+16
3740,1,0,62,14,2018,6,14,4,3,5,2,0,1,1,0,0,0,0,0,5.82669E+20,5.95156E+21,1.02524E+16,5.37061E+16
3741,1,0,58,72,2018,6,12,6,3,5,3,0,1,1,0,0,0,0,0,5.26828E+20,5.99781E+21,9.41053E+15,5.41277E+16
3742,1,0,62,18,2018,6,12,6,3,2,2,0,0,1,0,1,0,0,0,5.79953E+20,5.93466E+21,1.02069E+16,5.35548E+16
3743,1,0,51,11,2018,6,19,3,3,5,3,0,1,1,0,0,0,0,0,5.09996E+20,5.97262E+21,9.15214E+15,5.39019E+16
3744,1,0,59,174,2018,6,13,6,3,2,2,0,0,1,0,0,0,0,0,5.1883E+20,6.0567E+21,9.29188E+15,5.46574E+16
3745,1,0,60,4,2018,6,14,5,3,5,3,0,0,1,0,0,1,0,1,5.59216E+20,5.97438E+21,9.90154E+15,5.39144E+16
3746,1,0,1,0,2018,6,4,1,3,8,1,1,1,0,0,0,0,0,0,5.27995E+20,6.07135E+21,9.43535E+15,5.47886E+16
3747,1,0,1,0,2018,7,13,4,3,5,3,0,0,1,0,1,0,0,0,5.26969E+20,6.07251E+21,9.4195E+15,5.4799E+16
3748,1,0,57,62,2018,5,15,2,3,0,7,0,0,0,0,1,0,0,0,5.84129E+20,6.01198E+21,1.02912E+16,5.42489E+16
3749,1,0,62,4,2018,5,14,7,2,5,3,0,0,1,0,0,0,0,0,5.87679E+20,5.96293E+21,1.03315E+16,5.38075E+16
3750,1,0,3,0,2018,6,21,5,3,6,4,1,1,0,1,0,0,0,1,6.09971E+20,5.97042E+21,1.06726E+16,5.38706E+16
3751,1,0,62,1,2018,6,13,7,3,4,6,0,1,0,0,0,0,0,0,5.81963E+20,5.94922E+21,1.02411E+16,5.36853E+16
3752,1,0,54,78,2018,7,15,7,3,0,7,0,1,0,0,0,0,0,0,4.63448E+20,6.09665E+21,8.42838E+15,5.50153E+16
3753,1,0,4,0,2018,5,17,4,3,5,2,0,0,1,0,1,0,0,0,5.65215E+20,5.99226E+21,9.99669E+15,5.40744E+16
3754,1,0,60,68,2018,6,8,7,3,8,6,0,0,1,0,0,1,0,0,5.76901E+20,5.98543E+21,1.01735E+16,5.40114E+16
3755,1,0,59,24,2018,6,11,7,3,2,2,0,0,1,0,0,0,0,1,5.20685E+20,6.01794E+21,9.31792E+15,5.43089E+16
3756,1,0,2,0,2018,6,12,3,3,5,2,0,1,1,0,0,0,0,0,5.72992E+20,6.02103E+21,1.01225E+16,5.43319E+16
3757,1,0,58,135,2018,6,13,3,3,4,6,0,0,1,0,0,0,0,0,5.41813E+20,6.01545E+21,9.64229E+15,5.42853E+16
3758,1,0,58,135,2018,5,19,3,3,5,3,0,1,1,0,0,0,0,0,5.42002E+20,6.01797E+21,9.64554E+15,5.43079E+16
3759,1,0,56,39,2018,6,18,4,3,5,3,0,0,1,0,0,0,0,0,5.51323E+20,5.94571E+21,9.77661E+15,5.36576E+16
3760,1,0,3,0,2018,6,16,6,3,3,2,0,0,1,0,0,0,0,0,6.10649E+20,5.96828E+21,1.06821E+16,5.38512E+16
3761,1,0,56,48,2018,6,12,6,3,2,6,0,0,1,0,0,0,0,0,5.49451E+20,5.95192E+21,9.74928E+15,5.37136E+16
3762,1,0,2,0,2018,6,23,4,3,5,3,2,0,1,0,0,0,0,0,5.74117E+20,6.02155E+21,1.01399E+16,5.43364E+16
3763,1,0,57,25,2018,7,11,6,3,5,2,0,1,1,0,0,0,0,0,5.77945E+20,6.02373E+21,1.01994E+16,5.43555E+16
3764,1,0,60,49,2018,6,17,6,3,5,2,0,1,1,0,0,0,0,0,5.86016E+20,5.97927E+21,1.03108E+16,5.39546E+16
3765,1,0,2,0,2018,5,23,2,3,0,1,2,1,0,0,0,0,0,0,5.73653E+20,6.02117E+21,1.01327E+16,5.4333E+16
3766,1,0,61,56,2018,7,20,5,2,8,1,0,0,1,0,0,0,0,0,5.31982E+20,5.97268E+21,9.48676E+15,5.39016E+16
3767,1,0,51,71,2018,5,18,5,3,5,3,0,0,1,0,1,0,0,0,5.0149E+20,6.02004E+21,9.02291E+15,5.43282E+16
3768,1,0,57,33,2018,6,16,2,2,2,2,0,0,1,0,0,0,0,0,5.74925E+20,6.00778E+21,1.01489E+16,5.42126E+16
3769,1,0,53,14,2018,6,11,2,3,2,6,0,0,1,0,0,0,0,0,6.08227E+20,5.94127E+21,1.06358E+16,5.3609E+16
3770,1,0,3,0,2018,5,15,2,3,5,2,0,0,1,0,0,0,0,0,6.14996E+20,5.97338E+21,1.07501E+16,5.38961E+16
3771,1,0,2,0,2018,6,16,3,3,2,6,0,0,1,0,0,0,1,0,5.74033E+20,6.01861E+21,1.01379E+16,5.431E+16
3772,1,0,3,0,2018,5,9,5,2,5,3,0,1,1,0,0,0,0,0,6.12724E+20,5.97009E+21,1.07143E+16,5.3867E+16
3773,1,0,60,63,2018,7,11,2,3,0,1,0,1,0,0,0,0,0,0,5.6628E+20,5.94868E+21,1.00035E+16,5.36826E+16
3774,1,0,56,39,2018,6,11,5,3,5,3,0,1,1,0,0,0,0,0,5.52544E+20,5.94109E+21,9.79431E+15,5.3616E+16
3775,1,0,62,23,2018,6,16,2,3,6,6,0,1,0,1,0,0,0,0,5.84829E+20,5.94676E+21,1.02838E+16,5.36627E+16
3776,1,0,56,17,2018,6,18,5,3,2,2,0,0,1,0,0,0,0,0,5.48064E+20,5.96447E+21,9.73022E+15,5.38265E+16
3777,1,0,2,0,2018,5,19,2,3,2,6,0,0,1,0,0,0,0,0,5.74448E+20,6.02029E+21,1.01447E+16,5.4325E+16
3778,1,0,59,75,2018,6,9,5,3,6,2,0,0,1,1,0,0,0,0,5.35322E+20,6.04185E+21,9.54573E+15,5.4523E+16
3779,1,0,58,124,2018,6,13,5,2,8,1,0,0,1,0,0,0,0,0,5.49542E+20,6.01351E+21,9.76068E+15,5.42671E+16
3780,1,0,3,0,2018,6,10,2,3,5,2,0,0,1,0,0,0,0,0,6.18302E+20,5.97543E+21,1.08011E+16,5.39138E+16
3781,1,0,56,13,2018,7,14,4,2,5,3,0,1,1,0,0,0,0,0,5.59185E+20,5.94363E+21,9.89517E+15,5.36381E+16
3782,1,0,2,0,2018,5,16,2,3,2,6,0,0,1,0,1,0,0,0,5.73801E+20,6.01819E+21,1.01342E+16,5.43063E+16
3783,1,0,59,53,2018,6,16,7,3,2,6,0,0,1,0,0,0,0,0,5.34533E+20,6.03164E+21,9.53234E+15,5.44313E+16
3784,1,0,53,83,2018,5,17,1,3,5,2,0,1,1,0,0,0,0,0,6.0276E+20,5.915E+21,1.05446E+16,5.33741E+16
3785,1,0,60,10,2018,6,19,1,3,9,1,0,0,1,0,0,0,0,0,5.86256E+20,5.98428E+21,1.03159E+16,5.39996E+16
3786,1,0,53,32,2018,5,17,4,2,6,6,0,1,0,1,0,0,0,0,5.91741E+20,5.92166E+21,1.0381E+16,5.34359E+16
3787,1,0,60,7,2018,7,15,1,3,4,6,0,0,1,0,1,0,0,0,5.77792E+20,5.97545E+21,1.01846E+16,5.39216E+16
3788,1,0,54,17,2018,6,11,1,3,2,2,0,0,1,0,0,0,0,1,4.92927E+20,6.07638E+21,8.88989E+15,5.48345E+16
3789,1,0,60,5,2018,6,7,3,3,5,3,0,0,1,0,0,0,0,0,5.8524E+20,5.97739E+21,1.02985E+16,5.39379E+16
3790,1,0,2,0,2018,6,13,4,3,5,3,0,1,1,0,0,0,0,0,5.73506E+20,6.01786E+21,1.01296E+16,5.43033E+16
3791,1,0,54,56,2018,5,16,4,3,5,3,0,1,1,0,0,0,0,0,5.03143E+20,6.03752E+21,9.04851E+15,5.44853E+16
3792,1,0,3,0,2018,6,10,5,3,1,1,0,1,1,0,0,0,0,1,6.09675E+20,5.97049E+21,1.06681E+16,5.38713E+16
3793,1,0,56,5,2018,6,22,7,3,1,5,2,0,1,0,0,0,0,1,5.59637E+20,5.94717E+21,9.90268E+15,5.36699E+16
3794,1,0,56,27,2018,7,17,3,3,8,1,0,1,0,0,0,0,0,0,5.41747E+20,5.94023E+21,9.63099E+15,5.36092E+16
3795,1,0,59,161,2018,5,15,2,2,8,1,0,0,0,0,1,0,0,0,5.44997E+20,6.06513E+21,9.69877E+15,5.47314E+16
3796,1,0,58,82,2018,5,18,7,3,3,6,0,1,0,0,0,0,0,0,5.58069E+20,6.04517E+21,9.89779E+15,5.45508E+16
3797,1,0,58,140,2018,6,7,5,3,2,6,0,0,1,0,0,1,0,0,5.48789E+20,6.01837E+21,9.7499E+15,5.43108E+16
3798,1,0,60,27,2018,6,7,7,2,2,6,0,0,1,0,0,0,0,0,5.6108E+20,5.98514E+21,9.93207E+15,5.4011E+16
3799,1,0,60,47,2018,7,12,6,2,8,7,0,0,1,0,0,0,0,0,5.71967E+20,5.9623E+21,1.00928E+16,5.38043E+16
3800,1,0,58,43,2018,6,14,7,3,5,2,0,1,1,0,0,0,0,0,5.52516E+20,6.03775E+21,9.81062E+15,5.44847E+16
3801,1,0,54,23,2018,5,14,2,2,0,2,0,0,0,0,1,0,0,0,5.09241E+20,6.02429E+21,9.14223E+15,5.43663E+16
3802,1,0,1,0,2018,6,10,3,3,5,2,0,1,1,0,0,0,0,0,5.28004E+20,6.06833E+21,9.43519E+15,5.47614E+16
3803,1,0,2,0,2018,6,10,3,3,3,6,0,1,0,0,0,0,0,0,5.70255E+20,6.02009E+21,1.00802E+16,5.43238E+16
3804,1,0,59,173,2018,5,9,3,3,8,1,0,0,1,0,0,0,0,0,5.13382E+20,6.06895E+21,9.208E+15,5.47676E+16
3805,1,0,3,0,2018,6,6,4,3,5,3,0,0,1,0,0,0,0,0,6.17399E+20,5.97584E+21,1.07876E+16,5.39177E+16
3806,1,0,57,62,2018,6,13,6,3,2,6,0,0,1,0,0,0,0,0,5.84128E+20,6.01198E+21,1.02912E+16,5.42489E+16
3807,1,0,55,46,2018,7,10,3,3,8,7,0,0,1,0,0,0,0,0,6.32687E+20,6.03747E+21,1.10474E+16,5.44676E+16
3808,1,0,3,0,2018,6,18,6,3,3,6,0,1,0,0,1,0,0,0,6.12464E+20,5.96924E+21,1.071E+16,5.38594E+16
3809,1,0,56,39,2018,6,17,3,3,5,3,0,1,1,0,0,0,0,0,5.52648E+20,5.94129E+21,9.79592E+15,5.36177E+16
3810,1,0,53,46,2018,6,7,6,3,5,2,0,0,1,0,1,0,0,0,6.17199E+20,5.93555E+21,1.07692E+16,5.35558E+16
3811,1,0,54,168,2018,5,15,2,3,0,7,0,1,0,0,0,0,0,0,4.54447E+20,6.07457E+21,8.29111E+15,5.48162E+16
3812,1,0,55,4,2018,7,7,5,3,5,3,0,1,0,0,0,0,0,0,6.11503E+20,5.97631E+21,1.0698E+16,5.39232E+16
3813,1,0,62,60,2018,5,14,5,3,2,2,0,0,1,0,0,0,0,0,5.82978E+20,5.92976E+21,1.02513E+16,5.35103E+16
3814,1,0,51,72,2018,6,10,7,3,1,5,0,0,1,0,0,0,0,0,5.0054E+20,5.9786E+21,9.00824E+15,5.39557E+16
3815,1,0,2,0,2018,5,9,2,3,5,3,0,0,1,0,0,1,0,0,5.72748E+20,6.01994E+21,1.01185E+16,5.43221E+16
3816,1,0,53,69,2018,6,19,2,3,8,1,1,0,1,0,0,0,0,0,6.018E+20,5.94372E+21,1.05396E+16,5.36324E+16
3817,1,0,62,90,2018,5,7,6,2,4,6,0,1,0,0,0,0,0,0,5.78889E+20,5.951E+21,1.0195E+16,5.37018E+16
3818,1,0,2,0,2018,5,17,5,3,5,2,0,1,1,0,0,0,0,0,5.7331E+20,6.02013E+21,1.01272E+16,5.43237E+16
3819,1,0,55,35,2018,7,8,2,3,2,2,0,0,1,0,0,1,0,0,6.13976E+20,5.97565E+21,1.07354E+16,5.39167E+16
3820,1,0,2,0,2018,6,20,2,3,0,3,0,1,0,0,0,0,1,0,5.7408E+20,6.01977E+21,1.01389E+16,5.43205E+16
3821,1,0,3,0,2018,6,11,4,3,2,6,0,0,1,0,0,0,0,0,6.09405E+20,5.97151E+21,1.06643E+16,5.38805E+16
3822,1,0,62,62,2018,6,8,5,3,2,6,0,0,1,0,0,0,1,0,5.94388E+20,5.96154E+21,1.04329E+16,5.37938E+16
3823,1,0,53,20,2018,6,12,6,3,5,3,0,1,1,0,0,0,0,0,6.07702E+20,5.92622E+21,1.06227E+16,5.34739E+16
3824,1,0,54,168,2018,6,14,2,3,5,3,0,1,1,0,0,0,0,0,4.56635E+20,6.08425E+21,8.3237E+15,5.49034E+16
3825,1,0,3,0,2018,7,14,4,3,3,6,0,0,1,0,1,0,0,0,6.10726E+20,5.96768E+21,1.0683E+16,5.38458E+16
3826,1,0,59,19,2018,7,16,6,3,5,3,0,0,1,0,0,0,0,0,5.31953E+20,6.03663E+21,9.49311E+15,5.44763E+16
3827,1,0,53,80,2018,6,20,6,1,4,6,0,0,1,0,1,0,0,0,6.11188E+20,5.92883E+21,1.06762E+16,5.34967E+16
3828,1,0,59,157,2018,5,15,2,2,2,6,0,0,1,0,1,0,0,0,5.38526E+20,6.07308E+21,9.59934E+15,5.48034E+16
3829,1,0,56,15,2018,7,13,5,3,5,2,0,1,1,0,0,0,0,0,5.429E+20,5.9557E+21,9.65055E+15,5.37482E+16
3830,1,0,60,7,2018,5,14,5,2,8,1,0,0,1,0,0,0,0,0,5.77208E+20,5.97537E+21,1.01757E+16,5.3921E+16
3831,1,0,62,45,2018,6,6,1,3,9,6,0,0,1,0,0,0,0,1,5.92366E+20,5.94523E+21,1.03974E+16,5.36477E+16
3832,1,0,58,65,2018,5,4,2,3,5,3,1,0,1,0,0,0,0,1,5.55168E+20,6.0086E+21,9.84614E+15,5.42224E+16
3833,1,0,53,35,2018,6,13,3,3,2,6,0,0,1,0,0,1,0,0,6.13261E+20,5.93417E+21,1.07093E+16,5.35442E+16
3834,1,0,2,0,2018,5,11,5,3,2,6,0,0,1,0,0,0,0,0,5.76204E+20,6.01723E+21,1.01709E+16,5.42973E+16
3835,1,0,62,4,2018,7,15,2,3,2,2,0,0,1,0,0,0,0,0,5.9146E+20,5.96301E+21,1.03889E+16,5.38076E+16
3836,1,0,55,33,2018,6,15,2,3,5,2,0,1,0,0,0,0,1,0,6.22188E+20,6.01702E+21,1.08771E+16,5.42864E+16
3837,1,0,61,107,2018,6,14,4,3,0,2,0,0,0,0,1,0,1,0,5.2471E+20,5.9856E+21,9.37713E+15,5.4018E+16
3838,1,0,54,152,2018,6,0,5,3,8,1,2,0,1,0,0,0,0,0,5.11008E+20,6.03986E+21,9.17E+15,5.45062E+16