OBJECTID_1,ULAND,UREGBEZ,UKREIS,UGEMEINDE,UJAHR,UMONAT,USTUNDE,UWOCHENTAG,UKATEGORIE,UART,UTYP1,ULICHTVERH,IstRad,IstPKW,IstFuss,IstKrad,IstGkfz,IstSonstig,STRZUSTAND,LINREFX,LINREFY,XGCSWGS84,YGCSWGS84
3839,1,0,2,0,2018,6,12,2,3,3,6,0,0,0,0,1,1,0,0,5.7314E+20,6.02438E+21,1.01256E+16,5.4362E+16
3840,1,0,3,0,2018,7,16,4,2,5,3,0,1,1,0,0,0,0,0,6.09293E+20,5.97087E+21,1.06624E+16,5.38748E+16
3841,1,0,54,78,2018,5,11,2,3,0,7,0,1,0,0,0,0,0,0,4.61193E+20,6.09567E+21,8.39324E+15,5.50063E+16
3842,1,0,62,1,2018,6,11,6,3,2,6,0,0,1,0,0,0,0,0,5.82043E+20,5.94873E+21,1.02422E+16,5.36808E+16
3843,1,0,57,7,2018,5,22,1,2,8,7,2,0,1,0,0,0,0,0,6.07973E+20,6.01625E+21,1.06585E+16,5.42827E+16
3844,1,0,55,35,2018,6,5,1,3,8,2,1,0,1,0,0,0,0,1,6.12831E+20,5.97738E+21,1.07186E+16,5.39325E+16
3845,1,0,62,1,2018,5,7,4,3,5,2,0,1,0,0,0,1,0,0,5.81707E+20,5.94816E+21,1.02369E+16,5.36758E+16
3846,1,0,53,32,2018,7,11,1,3,2,2,0,0,1,0,0,0,0,0,5.90329E+20,5.92305E+21,1.03602E+16,5.34487E+16
3847,1,0,56,49,2018,6,17,7,3,6,7,0,0,1,1,0,0,0,0,5.43712E+20,5.94857E+21,9.66186E+15,5.3684E+16
3848,1,0,62,1,2018,6,17,3,3,2,6,0,0,1,0,0,0,0,0,5.82313E+20,5.94723E+21,1.02459E+16,5.36673E+16
3849,1,0,54,35,2018,6,9,4,2,8,6,0,0,1,0,0,0,0,0,4.85146E+20,6.02001E+21,8.77159E+15,5.43278E+16
3850,1,0,60,2,2018,5,18,3,3,9,1,0,0,1,0,0,0,0,0,5.59713E+20,5.9587E+21,9.90606E+15,5.37735E+16
3851,1,0,2,0,2018,6,19,5,2,2,2,0,0,1,0,0,0,0,1,5.73315E+20,6.02017E+21,1.01273E+16,5.43241E+16
3852,1,0,2,0,2018,6,19,7,3,2,6,0,1,0,0,0,0,0,0,5.7278E+20,6.02358E+21,1.01199E+16,5.43549E+16
3853,1,0,3,0,2018,7,19,3,3,3,6,0,1,0,0,0,0,0,0,6.09183E+20,5.97128E+21,1.06609E+16,5.38784E+16
3854,1,0,59,121,2018,5,14,2,3,5,3,0,0,1,0,0,0,0,0,5.61151E+20,6.06308E+21,9.94917E+15,5.47113E+16
3855,1,0,59,186,2018,5,15,7,2,4,1,0,0,1,0,0,0,0,0,5.48176E+20,6.06869E+21,9.74873E+15,5.47632E+16
3856,1,0,56,44,2018,6,13,4,3,5,3,0,1,1,0,0,0,0,0,5.55468E+20,5.93939E+21,9.8382E+15,5.36004E+16
3857,1,0,56,50,2018,6,8,6,3,5,3,0,1,0,0,0,0,0,0,5.46409E+20,5.93726E+21,9.70101E+15,5.35821E+16
3858,1,0,62,53,2018,7,14,6,3,2,6,0,0,1,0,0,0,0,0,5.76679E+20,5.93322E+21,1.01572E+16,5.35422E+16
3859,1,0,58,54,2018,6,23,7,3,9,1,2,1,0,0,0,0,0,0,5.39762E+20,6.01801E+21,9.61113E+15,5.43084E+16
3860,1,0,3,0,2018,5,11,2,3,2,6,0,0,1,0,0,0,0,0,6.09695E+20,5.97254E+21,1.06691E+16,5.38897E+16
3861,1,0,51,11,2018,6,10,2,3,5,3,0,1,1,0,0,0,0,0,5.07672E+20,5.97184E+21,9.11674E+15,5.38949E+16
3862,1,0,54,164,2018,6,13,3,2,5,3,0,0,0,0,1,0,1,0,4.71476E+20,6.06094E+21,8.55744E+15,5.4695E+16
3863,1,0,54,149,2018,5,10,3,2,4,6,0,0,1,0,0,0,0,0,4.57059E+20,6.08763E+21,8.32982E+15,5.49338E+16
3864,1,0,54,138,2018,6,0,4,3,6,4,2,0,0,1,0,0,1,0,4.95721E+20,6.01908E+21,8.93422E+15,5.43196E+16
3865,1,0,59,92,2018,6,13,6,3,2,6,0,1,0,0,0,0,0,0,5.19264E+20,6.04067E+21,9.29756E+15,5.45133E+16
3866,1,0,4,0,2018,7,15,3,2,0,7,0,1,0,0,0,0,0,0,5.64738E+20,5.98978E+21,9.98888E+15,5.40522E+16
3867,1,0,58,68,2018,6,19,6,2,5,3,0,1,1,0,0,0,0,0,5.36949E+20,6.00239E+21,9.56596E+15,5.41683E+16
3868,1,0,3,0,2018,6,19,3,3,5,3,0,1,1,0,0,0,0,0,6.08961E+20,5.97161E+21,1.06576E+16,5.38815E+16
3869,1,0,3,0,2018,6,12,6,3,5,3,0,1,1,0,0,0,0,0,6.11286E+20,5.97102E+21,1.06928E+16,5.38757E+16
3870,1,0,61,49,2018,5,16,1,2,8,1,0,0,0,0,1,0,0,0,5.45717E+20,5.9781E+21,9.69661E+15,5.39492E+16
3871,1,0,58,43,2018,7,18,5,3,2,6,0,0,1,0,0,0,0,0,5.55522E+20,6.0339E+21,9.85628E+15,5.44497E+16
3872,1,0,51,122,2018,5,17,1,3,5,3,0,0,1,0,0,0,0,0,5.05518E+20,6.00799E+21,9.08462E+15,5.42199E+16
3873,1,0,60,39,2018,6,15,7,2,4,6,0,0,1,0,0,0,0,1,5.653E+20,5.95785E+21,9.99065E+15,5.37652E+16
3874,1,0,1,0,2018,5,11,2,3,0,1,0,1,0,0,0,0,0,0,5.28844E+20,6.0719E+21,9.44861E+15,5.47934E+16
3875,1,0,57,44,2018,6,22,2,3,8,7,2,0,1,0,0,0,0,1,5.93552E+20,6.0154E+21,1.04368E+16,5.42779E+16
3876,1,0,54,125,2018,5,14,5,3,2,6,0,0,1,0,0,0,1,0,5.03401E+20,6.06611E+21,9.05282E+15,5.47422E+16
3877,1,0,3,0,2018,7,8,2,3,2,6,0,0,1,0,0,0,0,0,6.14116E+20,5.96892E+21,1.0735E+16,5.38562E+16
3878,1,0,59,75,2018,6,14,2,3,2,2,0,0,1,0,0,1,0,0,5.35336E+20,6.04185E+21,9.54594E+15,5.4523E+16
3879,1,0,55,35,2018,6,6,4,3,5,3,0,0,0,0,0,1,1,0,6.12716E+20,5.98068E+21,1.07181E+16,5.39622E+16
3880,1,0,56,41,2018,6,10,4,3,5,2,0,1,1,0,0,0,0,0,5.59058E+20,5.95406E+21,9.89523E+15,5.37319E+16
3881,1,0,55,42,2018,6,11,6,3,5,3,0,1,1,0,0,0,0,0,6.16161E+20,5.98159E+21,1.07709E+16,5.39696E+16
3882,1,0,2,0,2018,6,18,6,3,4,6,0,0,1,0,0,0,0,0,5.75697E+20,6.03125E+21,1.01667E+16,5.44234E+16
3883,1,0,62,76,2018,6,2,1,3,8,7,2,0,1,0,0,0,0,1,5.68223E+20,5.95415E+21,1.00342E+16,5.37315E+16
3884,1,0,55,15,2018,7,17,4,3,5,2,0,0,1,0,0,0,1,0,6.25171E+20,6.02463E+21,1.09261E+16,5.43541E+16
3885,1,0,51,24,2018,5,11,1,3,4,5,0,0,1,0,0,0,0,0,5.09443E+20,5.97784E+21,9.14388E+15,5.39489E+16
3886,1,0,2,0,2018,6,7,6,3,5,2,0,1,1,0,0,0,0,0,5.72328E+20,6.02112E+21,1.01123E+16,5.43328E+16
3887,1,0,60,98,2018,5,18,7,2,6,7,0,0,1,1,0,0,0,0,5.95053E+20,5.97711E+21,1.04478E+16,5.39337E+16
3888,1,0,60,66,2018,6,9,5,3,8,1,0,0,1,0,0,0,0,0,5.66174E+20,5.96696E+21,1.00058E+16,5.3847E+16
3889,1,0,2,0,2018,5,7,6,3,2,2,0,0,1,0,0,0,0,0,5.71294E+20,6.02064E+21,1.00963E+16,5.43286E+16
3890,1,0,54,2,2018,6,15,1,3,3,6,0,1,0,0,0,0,1,0,5.0509E+20,6.04694E+21,9.07874E+15,5.457E+16
3891,1,0,62,78,2018,7,9,7,3,9,1,0,0,1,0,0,0,0,0,5.88665E+20,5.95253E+21,1.03435E+16,5.37139E+16
3892,1,0,3,0,2018,5,8,4,3,5,2,0,1,1,0,0,0,0,0,6.14311E+20,5.96844E+21,1.07378E+16,5.38519E+16
3893,1,0,59,75,2018,7,9,1,3,0,1,0,1,0,0,0,0,0,0,5.35764E+20,6.03914E+21,9.55222E+15,5.44986E+16
3894,1,0,55,46,2018,6,13,7,2,9,7,0,0,0,0,0,0,1,0,6.43167E+20,6.03947E+21,1.12099E+16,5.44827E+16
3895,1,0,58,37,2018,6,1,3,3,0,1,2,1,0,0,0,0,0,0,5.7348E+20,6.03088E+21,1.01324E+16,5.44203E+16
3896,1,0,53,116,2018,6,10,3,3,5,2,0,1,0,0,0,0,1,0,5.97768E+20,5.92911E+21,1.0474E+16,5.35019E+16
3897,1,0,62,4,2018,5,13,3,3,0,7,0,1,0,0,0,0,0,0,5.8964E+20,5.96175E+21,1.03609E+16,5.37966E+16
3898,1,0,59,167,2018,6,15,5,3,4,1,0,0,1,0,0,0,0,1,5.48376E+20,6.06387E+21,9.75103E+15,5.47198E+16
3899,1,0,60,54,2018,6,23,7,3,2,6,2,0,1,0,0,0,0,0,5.62265E+20,5.96999E+21,9.94707E+15,5.38746E+16
3900,1,0,61,44,2018,6,7,6,3,2,6,0,0,1,0,0,0,0,0,5.42296E+20,5.96218E+21,9.64228E+15,5.38065E+16
3901,1,0,3,0,2018,6,7,4,3,6,4,0,1,0,1,0,0,0,0,6.10061E+20,5.96792E+21,1.0673E+16,5.38481E+16
3902,1,0,3,0,2018,7,10,6,3,5,2,0,1,0,0,1,0,0,0,6.08955E+20,5.97162E+21,1.06575E+16,5.38816E+16
3903,1,0,56,31,2018,6,23,7,3,2,6,2,0,1,0,0,0,0,0,5.46708E+20,5.95691E+21,9.70848E+15,5.37587E+16
3904,1,0,3,0,2018,8,10,5,2,2,6,0,0,0,0,1,0,0,0,6.09144E+20,5.97134E+21,1.06603E+16,5.3879E+16
3905,1,0,57,80,2018,9,17,6,2,5,3,0,0,1,0,0,0,0,0,5.78496E+20,6.00252E+21,1.02023E+16,5.41648E+16
3906,1,0,59,183,2018,10,6,6,2,2,6,2,0,1,0,0,1,1,1,5.21382E+20,6.07226E+21,9.33259E+15,5.47971E+16
3907,1,0,51,44,2018,7,20,5,3,5,3,0,0,1,0,0,0,0,0,5.05905E+20,6.00545E+21,9.09052E+15,5.41971E+16
3908,1,0,55,32,2018,9,14,2,3,5,3,0,0,1,0,0,0,0,1,6.17184E+20,5.99601E+21,1.07921E+16,5.40989E+16
3909,1,0,55,27,2018,8,16,3,3,2,6,0,0,1,0,0,1,0,0,6.22845E+20,6.01008E+21,1.08843E+16,5.42239E+16
3910,1,0,60,19,2018,8,15,2,3,5,3,0,1,1,0,0,0,0,0,5.60601E+20,5.95614E+21,9.91903E+15,5.37504E+16
3911,1,0,1,0,2018,7,18,6,3,2,6,0,0,0,0,1,0,0,0,5.27102E+20,6.07409E+21,9.42173E+15,5.48132E+16
3912,1,0,53,42,2018,9,11,6,2,8,1,0,0,0,0,1,0,0,0,6.02988E+20,5.93129E+21,1.05534E+16,5.35204E+16
3913,1,0,62,1,2018,7,0,1,3,5,2,2,0,1,0,0,0,0,0,5.841E+20,5.94447E+21,1.02721E+16,5.36423E+16
3914,1,0,56,48,2018,9,10,5,3,6,6,0,0,0,1,0,0,1,0,5.47619E+20,5.94942E+21,9.72115E+15,5.36913E+16
3915,1,0,58,34,2018,8,16,4,3,2,6,0,0,1,0,1,0,0,0,5.4382E+20,6.01869E+21,9.67359E+15,5.43142E+16
3916,1,0,56,41,2018,9,19,2,1,5,2,0,0,1,0,1,0,0,0,5.59831E+20,5.95241E+21,9.90663E+15,5.37169E+16
3917,1,0,2,0,2018,7,16,6,3,3,6,0,0,1,0,1,0,0,0,5.73704E+20,6.02172E+21,1.01336E+16,5.4338E+16
3918,1,0,58,82,2018,9,16,1,3,5,3,0,0,1,0,1,0,0,0,5.5883E+20,6.04587E+21,9.90968E+15,5.45569E+16
3919,1,0,54,113,2018,8,8,6,2,8,1,0,0,1,0,0,0,0,1,4.79254E+20,6.01694E+21,8.68122E+15,5.42999E+16
3920,1,0,53,97,2018,7,6,4,2,9,1,0,0,1,0,0,0,0,0,6.06498E+20,5.94703E+21,1.06117E+16,5.36612E+16
3921,1,0,2,0,2018,8,12,6,3,3,6,0,1,1,0,0,0,0,0,5.73338E+20,6.02037E+21,1.01277E+16,5.43259E+16
3922,1,0,1,0,2018,9,17,7,3,2,6,0,0,1,0,0,0,0,1,5.28394E+20,6.07012E+21,9.44144E+15,5.47775E+16
3923,1,0,55,33,2018,7,8,3,3,5,3,0,1,0,0,0,0,1,0,6.23665E+20,6.01758E+21,1.09E+16,5.42911E+16
3924,1,0,59,75,2018,9,13,5,3,2,2,0,0,1,0,0,0,0,0,5.35043E+20,6.04001E+21,9.5412E+15,5.45065E+16
3925,1,0,4,0,2018,10,18,4,3,5,2,0,1,1,0,0,0,0,0,5.63681E+20,5.99185E+21,9.97316E+15,5.40709E+16
3926,1,0,3,0,2018,7,11,4,3,5,3,0,0,1,0,1,0,0,0,6.10322E+20,5.97138E+21,1.06782E+16,5.38791E+16
3927,1,0,59,75,2018,8,16,4,3,5,3,0,0,1,0,1,0,0,0,5.36632E+20,6.04112E+21,9.56588E+15,5.45163E+16
3928,1,0,57,16,2018,8,13,1,2,5,3,0,1,0,0,0,0,0,0,5.84007E+20,6.02103E+21,1.02919E+16,5.43302E+16
3929,1,0,57,25,2018,8,17,1,3,5,3,0,1,1,0,0,0,0,0,5.78306E+20,6.02541E+21,1.02054E+16,5.43705E+16
3930,1,0,54,146,2018,7,16,6,1,8,1,0,0,0,0,1,0,0,0,5.01772E+20,6.05409E+21,9.02745E+15,5.46342E+16
3931,1,0,55,40,2018,9,22,5,3,0,1,2,0,1,0,0,0,0,0,6.07584E+20,5.97525E+21,1.0638E+16,5.39145E+16
3932,1,0,3,0,2018,9,16,4,3,5,3,0,0,1,0,1,0,0,0,6.09469E+20,5.96994E+21,1.06648E+16,5.38664E+16
3933,1,0,55,12,2018,8,15,2,2,8,1,0,1,0,0,0,0,0,0,6.06124E+20,5.99922E+21,1.06241E+16,5.41302E+16
3934,1,0,2,0,2018,9,15,1,3,1,6,0,0,1,0,1,0,0,0,5.73614E+20,6.01961E+21,1.01317E+16,5.4319E+16
3935,1,0,2,0,2018,9,15,5,3,6,4,0,0,1,1,0,0,0,0,5.7023E+20,6.02008E+21,1.00798E+16,5.43238E+16
3936,1,0,57,23,2018,7,16,3,3,4,6,0,0,1,0,0,0,0,0,5.77025E+20,6.00938E+21,1.01815E+16,5.42266E+16
3937,1,0,54,113,2018,7,10,6,3,5,3,0,1,1,0,0,0,0,0,4.77597E+20,6.01721E+21,8.65572E+15,5.43023E+16
3938,1,0,60,63,2018,9,12,5,3,5,3,0,1,1,0,0,0,0,0,5.66122E+20,5.94857E+21,1.00011E+16,5.36816E+16
3939,1,0,62,23,2018,7,16,2,3,2,6,0,0,1,0,0,0,1,0,5.84812E+20,5.94447E+21,1.02829E+16,5.36422E+16
3940,1,0,53,83,2018,9,8,3,3,5,3,0,0,1,0,0,0,0,0,6.02897E+20,5.91526E+21,1.05468E+16,5.33764E+16
3941,1,0,51,69,2018,10,16,2,3,0,1,0,0,0,0,1,0,0,1,5.03855E+20,6.0047E+21,9.05909E+15,5.41903E+16
3942,1,0,3,0,2018,7,7,3,3,5,3,0,1,0,0,0,0,1,0,6.11367E+20,5.97112E+21,1.0694E+16,5.38766E+16
3943,1,0,1,0,2018,9,17,2,3,8,1,0,0,0,0,1,0,0,0,5.30497E+20,6.07451E+21,9.4746E+15,5.48168E+16
3944,1,0,2,0,2018,8,12,6,3,3,6,0,0,1,0,1,0,0,0,5.75371E+20,6.01897E+21,1.01586E+16,5.4313E+16
3945,1,0,4,0,2018,8,17,6,2,5,2,0,0,1,0,1,0,0,1,5.63849E+20,5.99152E+21,9.97566E+15,5.40679E+16
3946,1,0,53,66,2018,8,8,6,3,0,7,0,0,1,0,0,0,0,0,6.23911E+20,5.93848E+21,1.08717E+16,5.35805E+16
3947,1,0,59,18,2018,7,16,6,3,0,1,0,1,0,0,0,0,0,0,5.35982E+20,6.03812E+21,9.55547E+15,5.44894E+16
3948,1,0,54,96,2018,9,22,5,2,6,6,2,0,1,1,0,0,0,0,5.11723E+20,6.03259E+21,9.18076E+15,5.44409E+16
3949,1,0,53,14,2018,9,6,3,3,7,7,1,0,1,0,0,0,0,0,6.07375E+20,5.94046E+21,1.06227E+16,5.3602E+16
3950,1,0,2,0,2018,8,12,1,3,0,1,0,1,0,0,0,0,0,0,5.73961E+20,6.01783E+21,1.01366E+16,5.4303E+16
3951,1,0,60,37,2018,7,8,6,2,0,7,0,1,0,0,0,0,0,0,5.5367E+20,5.96921E+21,9.8162E+15,5.38686E+16
3952,1,0,60,34,2018,8,13,1,3,9,1,0,0,1,0,0,0,0,1,5.70607E+20,5.97282E+21,1.00746E+16,5.3899E+16
3953,1,0,56,44,2018,9,15,6,2,5,2,0,0,1,0,0,0,0,0,5.54144E+20,5.93965E+21,9.81824E+15,5.36029E+16
3954,1,0,54,35,2018,10,14,7,3,5,7,0,0,1,0,0,0,0,0,4.84978E+20,6.02091E+21,8.76896E+15,5.43358E+16
3955,1,0,62,56,2018,9,14,3,3,8,1,0,0,0,0,0,0,1,0,5.93002E+20,5.95667E+21,1.04104E+16,5.37504E+16
3956,1,0,60,7,2018,8,15,4,3,2,6,0,0,1,0,0,0,0,0,5.72103E+20,5.97517E+21,1.00979E+16,5.39199E+16
3957,1,0,59,44,2018,7,12,2,3,2,2,0,0,1,0,0,0,0,0,5.26259E+20,6.04567E+21,9.40604E+15,5.45579E+16
3958,1,0,58,141,2018,8,9,3,2,5,2,0,1,1,0,0,0,0,0,5.64095E+20,6.01222E+21,9.98382E+15,5.4254E+16
3959,1,0,58,81,2018,7,18,6,3,2,6,0,0,1,0,0,0,0,0,5.42604E+20,6.0264E+21,9.656E+15,5.43836E+16
3960,1,0,60,85,2018,9,13,7,3,2,6,0,0,1,0,0,0,0,0,5.7956E+20,5.96539E+21,1.02089E+16,5.38309E+16
3961,1,0,3,0,2018,7,17,2,3,5,2,0,1,1,0,0,0,0,0,6.10126E+20,5.96996E+21,1.06748E+16,5.38664E+16
3962,1,0,56,48,2018,9,14,6,3,5,3,0,0,1,0,0,0,0,1,5.46575E+20,5.94977E+21,9.70538E+15,5.36946E+16
3963,1,0,4,0,2018,8,15,5,3,2,6,0,0,1,0,0,1,0,1,5.6475E+20,5.99376E+21,9.98991E+15,5.40879E+16
3964,1,0,56,2,2018,9,15,3,3,5,3,0,1,0,0,1,0,0,0,5.5069E+20,5.95961E+21,9.76932E+15,5.37826E+16
3965,1,0,51,11,2018,7,12,6,2,5,3,0,0,1,0,0,0,1,0,5.10212E+20,5.97283E+21,9.15544E+15,5.39038E+16
3966,1,0,54,56,2018,9,21,2,3,8,1,2,0,1,0,0,0,0,0,5.03557E+20,6.03617E+21,9.05489E+15,5.44732E+16
3967,1,0,60,63,2018,8,13,6,3,2,6,0,0,1,0,0,0,0,1,5.67654E+20,5.95379E+21,1.00255E+16,5.37283E+16
3968,1,0,62,53,2018,7,16,5,2,5,2,0,1,1,0,0,0,0,0,5.7754E+20,5.93323E+21,1.01701E+16,5.35422E+16
3969,1,0,57,91,2018,8,15,7,3,2,6,0,0,1,0,0,0,0,1,5.82258E+20,6.01402E+21,1.0263E+16,5.42675E+16
3970,1,0,58,28,2018,9,20,1,3,7,7,2,0,1,0,0,0,0,0,5.54646E+20,6.01917E+21,9.84008E+15,5.43174E+16
3971,1,0,58,53,2018,8,19,4,3,0,1,0,1,0,0,0,0,0,0,5.68147E+20,6.01137E+21,1.00458E+16,5.42457E+16
3972,1,0,51,44,2018,9,16,5,3,2,6,0,0,1,0,0,0,0,0,5.07312E+20,6.00545E+21,9.11208E+15,5.4197E+16
3973,1,0,62,87,2018,10,10,5,2,0,7,0,0,0,0,1,1,0,0,5.99821E+20,5.97028E+21,1.05182E+16,5.38714E+16
3974,1,0,3,0,2018,7,10,5,3,6,4,0,0,0,1,0,0,1,0,6.09563E+20,5.97292E+21,1.06673E+16,5.38932E+16
3975,1,0,60,5,2018,9,17,1,3,2,6,0,0,1,0,0,0,0,1,5.86618E+20,5.97634E+21,1.03192E+16,5.39282E+16
3976,1,0,60,4,2018,8,14,4,3,3,6,0,0,1,0,1,0,0,0,5.59875E+20,5.97541E+21,9.91178E+15,5.39236E+16
3977,1,0,1,0,2018,8,7,3,2,5,3,0,1,0,0,0,1,0,0,5.26402E+20,6.07248E+21,9.41069E+15,5.47988E+16
3978,1,0,58,124,2018,8,11,2,3,2,6,0,0,1,0,0,0,1,0,5.44607E+20,6.01536E+21,9.68519E+15,5.42842E+16
3979,1,0,58,24,2018,7,17,6,3,2,6,0,0,1,0,0,1,0,0,5.46331E+20,6.0216E+21,9.71264E+15,5.43401E+16
3980,1,0,58,124,2018,9,15,6,2,5,3,0,1,1,0,0,0,0,0,5.45761E+20,6.01645E+21,9.70309E+15,5.42939E+16
3981,1,0,59,116,2018,7,15,1,3,2,6,0,0,1,0,0,0,0,0,5.3423E+20,6.06226E+21,9.53123E+15,5.47065E+16
3982,1,0,58,9,2018,9,13,5,2,6,4,0,0,0,1,0,0,1,0,5.47689E+20,5.9919E+21,9.72881E+15,5.40731E+16
3983,1,0,60,89,2018,8,15,3,3,2,2,0,0,1,0,0,0,0,0,5.80638E+20,5.98867E+21,1.02314E+16,5.404E+16
3984,1,0,53,32,2018,9,12,2,2,5,2,0,1,1,0,0,0,0,0,5.9082E+20,5.92376E+21,1.03677E+16,5.3455E+16
3985,1,0,62,90,2018,9,10,7,3,0,7,0,1,0,0,0,0,0,0,5.77433E+20,5.95002E+21,1.01727E+16,5.36931E+16
3986,1,0,2,0,2018,7,11,4,3,5,3,0,1,1,0,0,0,0,0,5.71829E+20,6.02314E+21,1.01051E+16,5.4351E+16
3987,1,0,55,4,2018,8,21,6,3,2,6,2,0,1,0,0,0,0,0,6.12413E+20,5.97541E+21,1.07115E+16,5.39149E+16
3988,1,0,60,63,2018,9,17,6,2,8,1,0,0,0,0,0,0,1,1,5.66124E+20,5.94871E+21,1.00012E+16,5.36829E+16
3989,1,0,62,61,2018,7,13,3,3,9,1,0,0,0,0,0,0,1,0,5.99335E+20,5.96452E+21,1.0509E+16,5.38197E+16
3990,1,0,60,86,2018,9,15,4,2,5,3,0,0,1,0,0,0,0,1,5.84645E+20,5.99026E+21,1.0293E+16,5.40536E+16
3991,1,0,56,49,2018,10,7,3,3,3,6,0,1,1,0,0,0,0,0,5.4439E+20,5.94909E+21,9.6722E+15,5.36887E+16
3992,1,0,59,75,2018,7,18,4,3,0,7,0,0,0,0,1,0,0,1,5.35405E+20,6.04053E+21,9.54685E+15,5.45111E+16
3993,1,0,59,43,2018,9,5,3,3,5,3,2,0,1,0,0,0,0,1,5.34848E+20,6.03451E+21,9.53754E+15,5.44571E+16
3994,1,0,56,5,2018,9,14,7,3,2,6,0,0,1,0,0,0,0,0,5.61732E+20,5.94632E+21,9.93422E+15,5.3662E+16
3995,1,0,58,22,2018,8,20,3,3,8,6,1,1,0,0,1,0,0,1,5.66656E+20,6.00136E+21,1.00207E+16,5.4156E+16
3996,1,0,3,0,2018,8,15,7,3,2,6,0,0,1,0,0,0,1,1,6.07774E+20,5.96864E+21,1.06385E+16,5.3855E+16
3997,1,0,62,61,2018,8,12,7,2,5,2,0,0,1,0,1,0,0,0,5.99006E+20,5.96529E+21,1.05042E+16,5.38267E+16
3998,1,0,53,43,2018,7,12,6,3,8,7,0,0,1,0,0,0,0,0,6.10702E+20,5.96223E+21,1.06807E+16,5.37968E+16
3999,1,0,2,0,2018,9,7,4,3,3,6,0,1,0,0,0,0,0,0,5.73516E+20,6.02149E+21,1.01307E+16,5.43359E+16
4000,1,0,58,58,2018,8,8,2,3,5,2,0,1,1,0,0,0,0,0,5.6321E+20,6.02927E+21,9.97386E+15,5.44073E+16
4001,1,0,53,47,2018,9,0,7,3,1,1,2,0,1,0,0,0,0,0,5.97657E+20,5.92149E+21,1.047E+16,5.34334E+16
4002,1,0,51,74,2018,9,13,4,3,3,6,0,1,0,0,0,0,0,0,5.05809E+20,5.99342E+21,9.0888E+15,5.40889E+16
4003,1,0,53,129,2018,8,21,5,2,8,7,1,1,0,0,0,0,0,0,5.83086E+20,5.92871E+21,1.02526E+16,5.35007E+16
4004,1,0,61,47,2018,7,5,2,1,9,7,0,0,1,0,0,0,0,0,5.29924E+20,5.983E+21,9.45645E+15,5.39945E+16
4005,1,0,4,0,2018,8,6,4,3,5,2,0,1,1,0,0,0,0,0,5.64183E+20,5.99247E+21,9.98096E+15,5.40765E+16
4006,1,0,2,0,2018,7,13,6,2,3,6,0,0,1,0,0,1,0,0,5.69521E+20,6.01858E+21,1.00686E+16,5.43104E+16
4007,1,0,1,0,2018,9,12,5,3,1,5,0,0,1,0,1,0,0,1,5.28955E+20,6.07219E+21,9.45037E+15,5.47961E+16
4008,1,0,62,9,2018,7,11,1,3,5,3,0,0,1,0,0,0,0,0,5.76274E+20,5.9359E+21,1.01517E+16,5.35664E+16
4009,1,0,4,0,2018,9,17,3,3,2,6,0,0,1,0,0,0,0,1,5.66311E+20,5.99062E+21,1.00131E+16,5.40596E+16
4010,1,0,58,24,2018,10,15,2,3,9,1,0,0,1,0,0,0,0,0,5.48188E+20,6.02216E+21,9.74129E+15,5.4345E+16
4011,1,0,57,57,2018,7,13,3,3,3,6,0,0,1,0,0,1,0,0,5.92986E+20,6.00249E+21,1.04241E+16,5.41621E+16
4012,1,0,55,44,2018,9,1,1,2,6,4,2,1,0,1,0,0,0,0,6.15648E+20,5.98682E+21,1.07651E+16,5.40167E+16
4013,1,0,54,1,2018,8,14,6,2,6,4,0,0,1,1,0,0,0,0,5.0223E+20,6.07129E+21,9.03468E+15,5.47888E+16
4014,1,0,56,41,2018,8,12,5,3,0,1,0,1,0,0,0,0,0,0,5.59038E+20,5.9541E+21,9.89494E+15,5.37322E+16
4015,1,0,54,22,2018,8,19,6,2,8,7,0,0,0,0,1,0,0,0,4.84222E+20,6.06198E+21,8.75513E+15,5.47049E+16
4016,1,0,51,97,2018,7,10,5,3,2,2,0,0,1,0,0,0,0,0,5.07965E+20,5.98452E+21,9.12153E+15,5.40089E+16
4017,1,0,60,39,2018,9,17,4,3,3,6,0,1,1,0,0,0,0,0,5.64483E+20,5.9588E+21,9.97845E+15,5.37738E+16
4018,1,0,56,43,2018,7,6,1,2,0,7,0,0,1,0,0,1,0,0,5.58367E+20,5.94227E+21,9.88254E+15,5.3626E+16
4019,1,0,58,34,2018,9,9,3,3,5,2,0,1,1,0,0,0,0,0,5.43167E+20,6.01822E+21,9.66348E+15,5.431E+16
4020,1,0,55,16,2018,8,10,7,3,5,3,0,0,1,0,0,0,0,0,6.27914E+20,6.00234E+21,1.09587E+16,5.41532E+16
4021,1,0,4,0,2018,7,14,6,3,2,6,0,0,1,0,0,0,0,0,5.62567E+20,5.99177E+21,9.95613E+15,5.40704E+16
4022,1,0,59,53,2018,8,14,1,3,9,1,0,0,1,0,0,0,0,1,5.33199E+20,6.02496E+21,9.51104E+15,5.43714E+16
4023,1,0,3,0,2018,9,8,6,3,2,6,0,0,1,0,0,0,0,0,6.11214E+20,5.97194E+21,1.0692E+16,5.3884E+16
4024,1,0,53,83,2018,10,13,6,3,1,7,0,1,1,0,0,0,0,0,6.03276E+20,5.91498E+21,1.05524E+16,5.33739E+16
4025,1,0,54,161,2018,9,11,3,3,2,6,0,0,1,0,0,1,0,0,5.03545E+20,6.03088E+21,9.05464E+15,5.44256E+16
4026,1,0,4,0,2018,9,14,5,3,0,5,0,0,1,0,1,0,0,0,5.63277E+20,5.99228E+21,9.96708E+15,5.40749E+16
4027,1,0,58,22,2018,9,14,4,3,2,2,0,0,1,0,0,0,1,0,5.66996E+20,6.00395E+21,1.00265E+16,5.41792E+16
4028,1,0,3,0,2018,8,7,2,3,2,6,0,0,1,0,0,0,1,0,6.09469E+20,5.96858E+21,1.06643E+16,5.38541E+16
4029,1,0,51,114,2018,9,19,7,3,5,3,1,0,1,0,1,0,0,1,5.18282E+20,6.00803E+21,9.28038E+15,5.422E+16