OBJECTID_1,ULAND,UREGBEZ,UKREIS,UGEMEINDE,UJAHR,UMONAT,USTUNDE,UWOCHENTAG,UKATEGORIE,UART,UTYP1,ULICHTVERH,IstRad,IstPKW,IstFuss,IstKrad,IstGkfz,IstSonstig,STRZUSTAND,LINREFX,LINREFY,XGCSWGS84,YGCSWGS84
4604,1,0,58,135,2018,8,16,2,2,5,3,0,0,0,0,1,1,0,0,5.4476E+20,6.01791E+21,9.68793E+15,5.43071E+16
4605,1,0,57,55,2018,9,16,7,3,5,3,0,1,1,0,0,0,0,0,6.00607E+20,6.02329E+21,1.05478E+16,5.43475E+16
4606,1,0,59,93,2018,7,7,1,3,9,7,0,0,1,0,0,0,0,0,5.38496E+20,6.0537E+21,9.59631E+15,5.46292E+16
4607,1,0,2,0,2018,9,16,4,2,1,5,0,1,1,0,0,0,0,0,5.7614E+20,6.02019E+21,1.01707E+16,5.43239E+16
4608,1,0,54,168,2018,7,1,1,3,6,6,2,1,0,1,0,0,0,0,4.56559E+20,6.08428E+21,8.32252E+15,5.49037E+16
4609,1,0,58,43,2018,8,14,5,3,2,6,0,0,1,0,0,0,1,0,5.53188E+20,6.03813E+21,9.82106E+15,5.4488E+16
4610,1,0,4,0,2018,7,18,2,3,1,6,0,0,1,0,0,0,0,0,5.65672E+20,5.98961E+21,1.00031E+16,5.40505E+16
4611,1,0,60,67,2018,8,1,3,3,8,1,2,0,1,0,0,0,0,0,5.9725E+20,5.97714E+21,1.04813E+16,5.39335E+16
4612,1,0,62,9,2018,7,11,4,2,5,3,0,0,1,0,0,0,0,1,5.76271E+20,5.9359E+21,1.01517E+16,5.35664E+16
4613,1,0,61,29,2018,9,14,1,2,5,3,0,1,0,0,1,0,0,0,5.27676E+20,5.96023E+21,9.42011E+15,5.37899E+16
4614,1,0,59,183,2018,7,16,3,3,5,3,0,1,1,0,0,0,0,0,5.22099E+20,6.06547E+21,9.34322E+15,5.4736E+16
4615,1,0,55,27,2018,9,10,7,3,7,7,0,0,0,0,1,0,0,0,6.23242E+20,6.00947E+21,1.08901E+16,5.42184E+16
4616,1,0,62,53,2018,8,10,5,3,4,6,0,0,1,0,0,0,0,1,5.78588E+20,5.9332E+21,1.0186E+16,5.35418E+16
4617,1,0,58,113,2018,8,20,5,3,8,1,1,0,1,0,0,0,0,1,5.41647E+20,5.99958E+21,9.63753E+15,5.41426E+16
4618,1,0,60,47,2018,8,18,5,2,0,7,0,1,0,0,0,0,0,0,5.66523E+20,5.96298E+21,1.00103E+16,5.38111E+16
4619,1,0,2,0,2018,9,15,4,3,2,1,0,0,1,0,0,0,0,0,5.72239E+20,6.02322E+21,1.01115E+16,5.43516E+16
4620,1,0,2,0,2018,7,13,7,3,1,5,0,1,1,0,0,0,0,0,5.73013E+20,6.02356E+21,1.01235E+16,5.43546E+16
4621,1,0,3,0,2018,9,11,2,3,6,4,0,0,0,1,0,0,1,0,6.09952E+20,5.97035E+21,1.06723E+16,5.387E+16
4622,1,0,54,76,2018,8,20,7,2,5,2,1,0,1,0,0,0,0,0,4.98723E+20,6.06859E+21,8.98015E+15,5.47645E+16
4623,1,0,54,168,2018,7,15,6,2,6,7,0,0,0,1,0,0,1,0,4.57121E+20,6.0841E+21,8.33131E+15,5.4902E+16
4624,1,0,53,129,2018,8,13,7,3,8,1,0,0,1,0,0,0,0,1,5.84207E+20,5.92849E+21,1.02695E+16,5.34987E+16
4625,1,0,59,98,2018,8,19,5,3,5,3,0,0,1,0,0,0,0,0,5.38611E+20,6.04607E+21,9.5971E+15,5.45607E+16
4626,1,0,2,0,2018,9,14,6,3,5,3,0,1,1,0,0,0,0,0,5.71113E+20,6.01751E+21,1.00928E+16,5.43006E+16
4627,1,0,2,0,2018,10,18,6,3,6,7,0,1,0,1,0,0,0,0,5.74462E+20,6.01769E+21,1.01443E+16,5.43016E+16
4628,1,0,3,0,2018,9,17,2,3,2,2,0,0,1,0,0,0,0,0,6.1241E+20,5.96711E+21,1.07084E+16,5.38403E+16
4629,1,0,55,46,2018,8,11,3,3,0,1,0,1,0,0,0,0,0,0,6.43219E+20,6.0377E+21,1.12099E+16,5.44667E+16
4630,1,0,60,68,2018,8,12,2,3,5,2,0,1,0,0,0,1,0,0,5.76669E+20,5.98411E+21,1.01697E+16,5.39996E+16
4631,1,0,62,60,2018,7,6,4,3,0,1,0,1,0,0,0,0,0,1,5.82943E+20,5.93448E+21,1.0252E+16,5.35526E+16
4632,1,0,60,4,2018,9,18,6,3,2,2,0,0,1,0,0,0,1,0,5.58917E+20,5.97449E+21,9.897E+15,5.39154E+16
4633,1,0,62,89,2018,7,11,1,3,8,1,0,0,0,0,1,0,0,0,5.88449E+20,5.95607E+21,1.03412E+16,5.37458E+16
4634,1,0,56,49,2018,9,12,5,3,2,6,0,0,1,0,0,0,0,0,5.44742E+20,5.94813E+21,9.67739E+15,5.368E+16
4635,1,0,4,0,2018,8,17,4,3,8,6,0,1,0,0,0,1,0,0,5.6331E+20,5.99003E+21,9.96711E+15,5.40546E+16
4636,1,0,62,76,2018,9,11,2,3,4,6,0,0,0,0,0,1,1,0,5.70597E+20,5.9553E+21,1.00704E+16,5.37415E+16
4637,1,0,57,66,2018,7,20,6,2,8,1,0,0,1,0,0,0,0,0,5.87014E+20,6.0156E+21,1.03365E+16,5.42809E+16
4638,1,0,58,157,2018,9,17,1,3,5,3,0,0,1,0,1,0,0,0,5.75499E+20,6.03255E+21,1.0164E+16,5.44351E+16
4639,1,0,59,45,2018,8,21,6,2,0,1,2,0,0,0,1,0,0,0,5.58381E+20,6.05865E+21,9.90529E+15,5.46718E+16
4640,1,0,62,18,2018,7,12,4,3,2,6,0,0,1,0,0,0,0,0,5.81402E+20,5.93098E+21,1.02278E+16,5.35215E+16
4641,1,0,2,0,2018,8,15,6,3,6,2,0,0,1,1,0,0,0,0,5.77393E+20,6.02161E+21,1.01903E+16,5.43365E+16
4642,1,0,55,27,2018,8,19,5,3,5,2,0,1,1,0,0,0,0,0,6.22986E+20,6.00971E+21,1.08863E+16,5.42206E+16
4643,1,0,56,48,2018,8,16,6,3,7,1,0,0,0,0,1,0,0,0,5.50368E+20,5.95182E+21,9.76316E+15,5.37126E+16
4644,1,0,58,54,2018,9,12,4,3,5,2,0,1,1,0,0,0,0,0,5.39507E+20,6.01799E+21,9.60721E+15,5.43082E+16
4645,1,0,55,46,2018,7,14,7,3,2,6,0,0,1,0,1,0,0,0,6.36964E+20,6.02981E+21,1.11098E+16,5.43976E+16
4646,1,0,53,136,2018,9,12,2,3,2,2,0,0,0,0,0,0,1,0,6.21043E+20,5.95072E+21,1.08331E+16,5.36911E+16
4647,1,0,59,90,2018,8,16,7,3,5,3,0,0,1,0,0,0,0,0,5.41979E+20,6.04774E+21,9.64941E+15,5.45754E+16
4648,1,0,54,73,2018,7,18,6,3,7,7,0,0,1,0,0,0,0,0,5.03856E+20,6.07998E+21,9.06007E+15,5.48669E+16
4649,1,0,60,44,2018,8,22,7,3,5,3,2,0,1,0,0,0,0,1,5.64131E+20,5.9638E+21,9.97414E+15,5.38188E+16
4650,1,0,58,171,2018,8,17,5,2,2,6,0,0,1,0,1,0,0,0,5.61147E+20,6.01275E+21,9.93868E+15,5.4259E+16
4651,1,0,3,0,2018,9,12,6,3,4,6,0,1,0,0,0,0,0,0,6.1853E+20,5.97521E+21,1.08045E+16,5.39118E+16
4652,1,0,58,5,2018,10,10,6,2,3,6,0,1,1,0,0,0,0,0,5.70589E+20,6.02679E+21,1.00869E+16,5.4384E+16
4653,1,0,56,43,2018,9,12,2,3,2,1,0,0,1,0,0,0,0,1,5.57702E+20,5.94285E+21,9.8726E+15,5.36313E+16
4654,1,0,56,48,2018,8,10,3,3,0,5,0,0,1,0,0,1,0,1,5.46971E+20,5.95016E+21,9.71144E+15,5.36981E+16
4655,1,0,61,49,2018,8,13,2,3,2,6,0,0,1,0,0,0,0,0,5.45554E+20,5.9785E+21,9.69418E+15,5.39529E+16
4656,1,0,3,0,2018,7,8,4,3,5,3,0,0,1,0,0,0,0,1,6.09458E+20,5.96759E+21,1.06638E+16,5.38453E+16
4657,1,0,51,129,2018,9,15,6,2,8,6,0,0,0,0,0,1,0,0,4.89942E+20,6.01305E+21,8.84557E+15,5.42653E+16
4658,1,0,61,29,2018,7,16,1,2,0,1,0,1,0,0,0,0,0,0,5.27672E+20,5.96222E+21,9.42023E+15,5.38078E+16
4659,1,0,2,0,2018,9,6,6,3,2,6,1,0,1,0,0,0,0,1,5.72272E+20,6.01923E+21,1.0111E+16,5.43158E+16
4660,1,0,62,9,2018,8,18,4,3,5,3,0,0,1,0,0,0,0,0,5.80878E+20,5.93608E+21,1.02212E+16,5.35674E+16
4661,1,0,54,76,2018,9,18,3,3,2,6,1,0,1,0,0,0,0,0,4.97767E+20,6.06688E+21,8.96531E+15,5.47492E+16
4662,1,0,58,22,2018,7,20,6,2,5,3,0,0,1,0,0,0,0,0,5.66985E+20,6.00355E+21,1.00262E+16,5.41756E+16
4663,1,0,62,6,2018,9,11,1,3,0,1,0,1,0,0,0,0,0,0,5.8325E+20,5.95454E+21,1.0262E+16,5.37328E+16
4664,1,0,2,0,2018,8,11,6,3,5,2,0,0,1,0,1,0,0,1,5.74048E+20,6.02068E+21,1.01387E+16,5.43286E+16
4665,1,0,56,27,2018,7,15,4,3,5,3,0,1,1,0,0,0,0,0,5.42055E+20,5.94006E+21,9.63562E+15,5.36076E+16
4666,1,0,58,43,2018,8,12,6,3,5,3,0,0,1,0,0,0,0,1,5.5409E+20,6.03565E+21,9.83453E+15,5.44656E+16
4667,1,0,59,79,2018,9,11,7,3,5,3,0,0,1,0,0,0,0,1,5.22195E+20,6.04543E+21,9.34319E+15,5.45559E+16
4668,1,0,62,27,2018,7,11,3,2,5,3,0,0,1,0,0,0,0,0,5.86568E+20,5.95248E+21,1.03117E+16,5.37138E+16
4669,1,0,3,0,2018,9,13,5,3,5,2,0,1,1,0,0,0,0,0,6.1303E+20,5.96982E+21,1.07188E+16,5.38645E+16
4670,1,0,54,168,2018,10,16,5,3,8,7,0,1,0,0,0,0,0,1,4.55339E+20,6.08264E+21,8.30375E+15,5.48888E+16
4671,1,0,61,41,2018,7,14,4,3,4,6,0,1,1,0,0,0,0,0,5.39265E+20,5.96445E+21,9.59655E+15,5.38271E+16
4672,1,0,2,0,2018,8,15,4,3,2,6,0,0,1,0,0,0,0,0,5.72244E+20,6.01926E+21,1.01106E+16,5.43161E+16
4673,1,0,56,36,2018,8,15,1,3,5,3,0,1,1,0,0,0,0,0,5.45485E+20,5.94646E+21,9.68839E+15,5.36649E+16
4674,1,0,62,87,2018,8,12,1,3,4,6,0,0,1,0,1,0,0,0,6.00315E+20,5.96959E+21,1.05255E+16,5.38651E+16
4675,1,0,55,4,2018,7,7,4,3,5,2,0,1,1,0,0,0,0,1,6.11307E+20,5.9758E+21,1.06948E+16,5.39186E+16
4676,1,0,60,5,2018,9,9,5,3,3,6,0,0,1,0,0,1,0,0,5.83876E+20,5.97695E+21,1.02776E+16,5.39342E+16
4677,1,0,2,0,2018,7,10,7,3,5,3,0,1,1,0,0,0,0,0,5.73794E+20,6.0181E+21,1.01341E+16,5.43055E+16
4678,1,0,62,60,2018,9,15,4,3,2,2,0,0,1,0,0,0,0,0,5.81096E+20,5.92997E+21,1.0223E+16,5.35124E+16
4679,1,0,61,46,2018,8,16,2,3,5,3,0,0,1,0,0,0,1,0,5.32282E+20,5.9761E+21,9.49169E+15,5.39323E+16
4680,1,0,56,1,2018,9,13,1,3,3,6,0,0,1,0,0,0,0,0,5.5032E+20,5.94593E+21,9.76148E+15,5.36597E+16
4681,1,0,58,53,2018,7,12,3,3,2,6,0,0,1,0,0,0,0,0,5.69364E+20,6.01334E+21,1.00649E+16,5.42633E+16
4682,1,0,55,40,2018,7,16,4,3,5,2,0,1,1,0,0,0,0,1,6.08413E+20,5.97217E+21,1.06495E+16,5.38867E+16
4683,1,0,59,97,2018,9,18,6,2,8,1,1,0,1,0,0,0,0,1,5.42313E+20,6.0482E+21,9.65465E+15,5.45795E+16
4684,1,0,54,88,2018,7,14,2,3,8,1,0,0,1,0,0,0,0,0,4.90704E+20,6.07164E+21,8.85542E+15,5.47919E+16
4685,1,0,51,97,2018,9,15,3,3,5,2,0,0,1,0,1,0,0,1,5.0757E+20,5.98198E+21,9.11545E+15,5.39861E+16
4686,1,0,1,0,2018,10,12,3,3,5,3,0,1,1,0,0,0,0,1,5.25408E+20,6.06964E+21,9.39497E+15,5.47733E+16
4687,1,0,62,53,2018,7,23,3,3,0,1,2,1,0,0,0,0,0,0,5.77467E+20,5.93322E+21,1.0169E+16,5.35421E+16
4688,1,0,58,103,2018,9,11,2,3,5,2,0,0,1,0,0,0,1,0,5.45218E+20,5.99023E+21,9.6908E+15,5.40583E+16
4689,1,0,53,2,2018,8,7,6,3,7,7,0,0,1,0,0,1,0,0,6.10172E+20,5.94286E+21,1.06658E+16,5.36229E+16
4690,1,0,56,15,2018,8,16,2,3,2,6,0,0,1,0,0,0,0,1,5.44777E+20,5.95742E+21,9.67926E+15,5.37635E+16
4691,1,0,60,43,2018,8,10,6,3,5,3,0,1,1,0,0,0,0,0,5.76218E+20,5.9627E+21,1.01574E+16,5.38073E+16
4692,1,0,51,47,2018,8,17,6,3,8,6,0,0,1,0,0,0,0,0,5.01274E+20,6.01354E+21,9.01956E+15,5.42698E+16
4693,1,0,55,32,2018,7,15,4,3,0,1,0,0,0,0,1,0,0,1,6.19749E+20,5.99779E+21,1.0832E+16,5.41143E+16
4694,1,0,60,92,2018,9,21,3,3,4,6,2,0,1,0,1,0,0,0,5.78661E+20,5.97938E+21,1.01988E+16,5.39568E+16
4695,1,0,56,43,2018,8,17,1,3,5,3,0,0,0,0,1,0,0,0,5.54885E+20,5.94534E+21,9.83045E+15,5.36539E+16
4696,1,0,61,113,2018,7,11,6,2,1,5,0,1,1,0,0,0,0,0,5.24822E+20,5.97462E+21,9.37795E+15,5.39194E+16
4697,1,0,59,68,2018,8,11,2,3,8,7,0,0,1,0,0,0,0,1,5.56356E+20,6.05542E+21,9.87327E+15,5.4643E+16
4698,1,0,58,139,2018,9,5,7,3,9,1,2,0,1,0,0,0,0,1,5.67771E+20,6.01321E+21,1.00405E+16,5.42624E+16
4699,1,0,53,28,2018,7,11,1,3,3,6,0,0,1,0,0,0,0,0,5.87382E+20,5.92389E+21,1.0316E+16,5.34568E+16
4700,1,0,56,15,2018,9,16,4,3,2,6,0,0,1,0,0,0,0,0,5.46991E+20,5.95534E+21,9.71253E+15,5.37446E+16
4701,1,0,59,75,2018,8,21,5,3,0,7,1,1,0,0,0,0,0,0,5.35409E+20,6.0407E+21,9.54694E+15,5.45127E+16
4702,1,0,54,56,2018,7,13,2,3,5,3,0,1,1,0,0,0,0,0,5.03671E+20,6.03678E+21,9.05666E+15,5.44787E+16
4703,1,0,53,118,2018,8,21,3,2,7,7,1,0,0,0,1,0,0,0,5.99632E+20,5.95746E+21,1.05112E+16,5.37563E+16
4704,1,0,3,0,2018,7,12,4,3,2,6,0,0,1,0,0,0,0,1,6.11166E+20,5.9712E+21,1.0691E+16,5.38774E+16
4705,1,0,2,0,2018,9,13,1,3,1,5,0,1,1,0,0,0,0,0,5.74038E+20,6.02284E+21,1.0139E+16,5.4348E+16
4706,1,0,53,10,2018,7,5,3,3,3,6,0,0,1,0,0,1,0,0,6.14109E+20,5.93372E+21,1.0722E+16,5.35399E+16
4707,1,0,59,8,2018,9,23,7,3,5,3,2,0,1,0,0,0,0,1,5.37571E+20,6.05051E+21,9.58158E+15,5.46006E+16
4708,1,0,3,0,2018,8,6,5,3,2,6,1,1,1,0,0,0,0,1,6.10106E+20,5.96992E+21,1.06744E+16,5.38661E+16
4709,1,0,60,27,2018,8,6,5,2,2,6,0,0,1,0,0,1,0,0,5.61505E+20,5.98313E+21,9.93814E+15,5.39928E+16
4710,1,0,62,32,2018,8,16,5,3,5,3,0,0,1,0,0,0,0,0,6.00609E+20,5.97196E+21,1.05307E+16,5.38863E+16
4711,1,0,61,61,2018,9,16,3,3,1,6,0,0,1,0,1,0,0,0,5.38021E+20,5.97091E+21,9.57844E+15,5.38853E+16
4712,1,0,59,161,2018,7,16,7,3,8,1,0,0,1,0,0,0,0,0,5.41162E+20,6.06194E+21,9.63877E+15,5.47031E+16
4713,1,0,58,43,2018,9,7,2,3,5,3,0,0,1,0,0,0,0,0,5.52706E+20,6.03771E+21,9.81355E+15,5.44843E+16
4714,1,0,51,2,2018,8,8,7,2,3,7,0,0,1,0,0,0,1,0,5.15527E+20,6.00039E+21,9.23773E+15,5.41513E+16
4715,1,0,60,44,2018,7,17,5,3,0,3,0,0,1,0,0,0,0,0,5.63577E+20,5.96591E+21,9.96618E+15,5.38379E+16
4716,1,0,3,0,2018,8,13,7,3,7,1,0,1,0,0,0,0,0,0,6.10019E+20,5.97011E+21,1.06732E+16,5.38678E+16
4717,1,0,57,71,2018,9,3,1,3,8,7,2,0,1,0,0,0,0,0,5.75784E+20,5.99617E+21,1.01592E+16,5.41081E+16
4718,1,0,62,53,2018,8,9,4,3,6,4,0,0,1,1,0,0,0,0,5.77308E+20,5.93322E+21,1.01666E+16,5.35422E+16
4719,1,0,59,187,2018,9,14,6,2,9,1,0,0,1,0,0,0,0,0,5.5391E+20,6.05061E+21,9.83449E+15,5.46001E+16
4720,1,0,60,63,2018,10,12,6,3,2,6,0,0,1,0,0,1,0,0,5.62352E+20,5.94819E+21,9.94397E+15,5.36787E+16
4721,1,0,56,24,2018,7,21,5,3,5,3,1,0,1,0,0,0,1,0,5.44334E+20,5.94348E+21,9.67055E+15,5.36382E+16
4722,1,0,4,0,2018,9,8,2,3,3,2,0,1,0,0,0,0,0,0,5.64539E+20,5.99204E+21,9.98632E+15,5.40725E+16
4723,1,0,2,0,2018,7,14,6,3,2,6,0,0,1,0,0,0,1,0,5.73729E+20,6.01785E+21,1.01331E+16,5.43032E+16
4724,1,0,58,53,2018,8,12,3,2,6,4,0,0,1,1,0,0,0,1,5.69252E+20,6.01076E+21,1.00626E+16,5.42401E+16
4725,1,0,55,12,2018,8,10,2,3,2,6,0,0,1,0,0,0,1,0,6.04759E+20,6.00147E+21,1.0604E+16,5.41506E+16
4726,1,0,4,0,2018,7,9,4,3,5,2,0,1,1,0,0,0,0,0,5.63358E+20,5.99222E+21,9.96831E+15,5.40743E+16
4727,1,0,55,40,2018,9,18,6,3,5,2,0,1,1,0,0,0,0,0,6.0815E+20,5.97229E+21,1.06455E+16,5.38878E+16
4728,1,0,58,12,2018,7,10,1,3,2,6,0,0,1,0,0,0,0,0,5.54527E+20,6.03897E+21,9.84188E+15,5.44955E+16
4729,1,0,62,1,2018,9,7,5,3,0,2,0,1,1,0,0,0,0,0,5.81623E+20,5.94766E+21,1.02355E+16,5.36713E+16
4730,1,0,2,0,2018,8,10,4,3,5,2,0,1,1,0,0,0,0,0,5.76392E+20,6.02038E+21,1.01746E+16,5.43255E+16
4731,1,0,56,5,2018,9,15,2,3,5,3,0,1,1,0,0,0,0,0,5.59954E+20,5.94572E+21,9.9072E+15,5.36568E+16
4732,1,0,55,4,2018,7,19,6,3,2,6,0,0,1,0,0,0,0,0,6.11579E+20,5.97498E+21,1.06987E+16,5.39112E+16
4733,1,0,54,168,2018,9,18,1,3,0,7,0,1,0,0,0,0,0,0,4.54697E+20,6.08002E+21,8.29416E+15,5.48652E+16
4734,1,0,59,187,2018,8,14,6,3,0,7,0,1,0,0,0,0,0,0,5.52966E+20,6.04881E+21,9.81955E+15,5.4584E+16
4735,1,0,3,0,2018,7,18,4,3,3,6,0,0,1,0,1,0,0,0,6.09379E+20,5.97101E+21,1.06638E+16,5.3876E+16
4736,1,0,59,97,2018,8,15,6,2,9,1,0,0,0,0,1,0,0,0,5.42376E+20,6.04837E+21,9.65563E+15,5.45811E+16
4737,1,0,61,101,2018,9,19,6,3,0,1,0,1,0,0,0,0,0,1,5.38183E+20,5.96361E+21,9.58001E+15,5.38196E+16
4738,1,0,4,0,2018,7,5,3,3,5,3,0,0,1,0,0,0,0,0,5.63355E+20,5.99221E+21,9.96826E+15,5.40742E+16
4739,1,0,59,44,2018,9,8,5,3,1,5,0,0,1,0,0,1,0,0,5.25567E+20,6.04554E+21,9.39533E+15,5.45567E+16
4740,1,0,57,58,2018,10,15,4,2,8,1,0,0,0,0,1,0,0,0,5.79201E+20,6.00901E+21,1.02148E+16,5.42229E+16
4741,1,0,57,22,2018,7,23,4,3,5,3,2,0,1,0,0,0,0,0,5.96153E+20,6.00694E+21,1.04741E+16,5.42015E+16
4742,1,0,2,0,2018,9,18,3,3,5,2,1,0,1,0,0,0,0,1,5.73089E+20,6.02158E+21,1.01241E+16,5.43368E+16
4743,1,0,59,83,2018,9,16,7,3,5,3,0,0,1,0,1,0,0,0,5.47768E+20,6.05495E+21,9.74013E+15,5.46397E+16
4744,1,0,56,48,2018,8,10,3,3,6,4,0,0,1,1,0,0,0,0,5.47485E+20,5.95022E+21,9.71923E+15,5.36985E+16
4745,1,0,54,91,2018,8,17,1,3,9,1,0,0,1,0,0,0,0,1,4.90257E+20,6.03838E+21,8.84959E+15,5.44929E+16
4746,1,0,54,144,2018,8,13,1,2,8,1,0,0,0,0,1,0,0,0,5.06599E+20,6.0451E+21,9.10203E+15,5.45534E+16
4747,1,0,58,117,2018,7,11,4,3,0,7,0,1,0,0,0,0,0,0,5.55997E+20,6.00206E+21,9.85765E+15,5.41636E+16
4748,1,0,3,0,2018,9,9,5,3,2,6,0,0,1,0,0,0,0,0,6.07004E+20,5.96925E+21,1.0627E+16,5.38607E+16
4749,1,0,58,124,2018,9,7,4,3,5,2,0,1,0,0,0,0,0,0,5.43856E+20,6.0158E+21,9.67372E+15,5.42882E+16
4750,1,0,3,0,2018,8,8,2,3,1,1,0,1,1,0,0,0,0,1,6.11159E+20,5.96832E+21,1.06899E+16,5.38515E+16
4751,1,0,53,32,2018,9,2,1,3,7,1,2,0,1,0,0,0,0,1,5.88323E+20,5.92392E+21,1.03302E+16,5.34569E+16
4752,1,0,61,119,2018,7,17,7,2,9,1,0,0,0,0,1,0,0,0,5.22885E+20,5.97673E+21,9.34862E+15,5.39384E+16
4753,1,0,1,0,2018,9,19,5,3,4,6,1,0,1,0,0,0,0,0,5.23121E+20,6.06975E+21,9.35942E+15,5.47744E+16
4754,1,0,61,29,2018,8,17,5,3,1,5,0,1,1,0,0,0,0,0,5.28333E+20,5.95983E+21,9.43005E+15,5.37863E+16
4755,1,0,60,64,2018,7,4,3,3,2,6,1,0,1,0,0,0,0,0,5.61722E+20,5.96745E+21,9.9383E+15,5.38518E+16
4756,1,0,60,21,2018,8,17,4,3,3,6,0,0,1,0,0,0,0,0,5.54061E+20,5.97573E+21,9.82331E+15,5.39271E+16
4757,1,0,58,52,2018,7,18,4,2,5,3,0,1,1,0,0,0,0,0,5.43792E+20,6.03648E+21,9.67578E+15,5.4474E+16
4758,1,0,3,0,2018,9,18,5,3,2,6,1,0,1,0,0,0,0,0,6.08032E+20,5.96752E+21,1.06421E+16,5.3845E+16
4759,1,0,58,76,2018,7,9,2,3,2,6,0,0,1,0,1,0,0,0,5.63071E+20,6.00567E+21,9.96673E+15,5.41952E+16
4760,1,0,3,0,2018,9,9,3,3,1,7,0,0,1,0,0,0,0,0,6.13663E+20,5.9699E+21,1.07285E+16,5.38651E+16
4761,1,0,60,47,2018,10,16,2,3,2,6,0,0,1,0,0,0,0,0,5.69336E+20,5.96366E+21,1.00532E+16,5.38168E+16
4762,1,0,57,91,2018,7,7,3,3,5,2,0,0,1,0,0,0,0,0,5.78709E+20,6.01707E+21,1.02094E+16,5.42955E+16
4763,1,0,51,81,2018,9,7,1,3,8,1,0,0,1,0,0,0,0,1,5.01987E+20,6.00596E+21,9.03047E+15,5.42017E+16
4764,1,0,57,46,2018,8,14,6,2,7,7,0,0,0,0,1,0,0,0,5.84665E+20,6.01308E+21,1.02997E+16,5.42587E+16
4765,1,0,54,109,2018,8,17,6,2,4,6,0,0,1,0,0,0,0,0,4.93699E+20,6.06891E+21,8.90206E+15,5.47673E+16
4766,1,0,55,43,2018,8,18,6,2,9,1,0,0,0,0,1,0,0,0,6.14626E+20,6.01499E+21,1.07602E+16,5.427E+16
4767,1,0,58,121,2018,7,11,4,3,5,2,0,1,1,0,0,0,0,0,5.65874E+20,6.03154E+21,1.00154E+16,5.44273E+16
4768,1,0,62,69,2018,9,15,5,2,2,6,0,0,1,0,0,1,0,0,5.834E+20,5.94391E+21,1.02614E+16,5.36374E+16
4769,1,0,57,7,2018,7,16,1,3,9,7,0,0,0,0,0,0,1,0,6.07736E+20,6.01646E+21,1.0655E+16,5.42847E+16
4770,1,0,59,94,2018,9,13,7,3,0,1,0,1,0,0,0,0,0,1,5.4942E+20,6.04873E+21,9.76467E+15,5.45837E+16
4771,1,0,3,0,2018,7,12,3,3,5,2,0,1,1,0,0,0,0,0,6.09265E+20,5.97022E+21,1.06618E+16,5.3869E+16
4772,1,0,59,18,2018,9,10,5,3,5,3,0,0,1,0,0,1,0,0,5.34471E+20,6.03727E+21,9.53205E+15,5.44819E+16
4773,1,0,3,0,2018,10,17,4,3,0,3,0,1,1,0,0,0,0,0,6.09043E+20,5.97149E+21,1.06588E+16,5.38804E+16
4774,1,0,3,0,2018,7,8,4,3,4,6,0,0,1,0,0,0,0,0,6.10543E+20,5.96884E+21,1.06807E+16,5.38563E+16
4775,1,0,54,109,2018,8,18,4,3,7,7,0,1,0,0,0,0,0,0,4.90536E+20,6.06724E+21,8.85296E+15,5.47523E+16
4776,1,0,58,23,2018,8,15,1,3,9,1,0,0,1,0,0,0,0,0,5.57416E+20,6.00382E+21,9.8797E+15,5.41793E+16
4777,1,0,58,169,2018,8,14,1,3,2,6,0,0,1,0,0,0,0,0,5.6021E+20,5.99171E+21,9.9201E+15,5.40701E+16
4778,1,0,2,0,2018,7,7,4,3,0,2,0,1,1,0,0,0,0,0,5.72153E+20,6.01875E+21,1.01091E+16,5.43115E+16
4779,1,0,3,0,2018,9,13,5,3,7,7,0,0,0,0,1,0,1,0,6.1421E+20,5.9753E+21,1.07388E+16,5.39135E+16
4780,1,0,55,32,2018,9,17,4,3,5,2,0,1,1,0,0,0,0,0,6.18526E+20,5.9967E+21,1.08128E+16,5.41048E+16
4781,1,0,56,41,2018,8,19,2,3,5,3,0,1,1,0,0,0,0,0,5.62264E+20,5.95565E+21,9.94415E+15,5.37458E+16
4782,1,0,4,0,2018,9,11,1,3,2,2,0,0,1,0,0,0,0,0,5.62755E+20,5.98744E+21,9.9581E+15,5.40314E+16
4783,1,0,2,0,2018,9,16,5,3,5,2,0,1,1,0,0,0,0,0,5.68512E+20,6.02012E+21,1.00534E+16,5.43243E+16
4784,1,0,57,62,2018,7,6,3,3,5,3,0,0,1,0,0,0,0,0,5.84134E+20,6.01197E+21,1.02913E+16,5.42488E+16
4785,1,0,57,22,2018,7,7,4,3,4,6,0,0,1,0,0,0,0,0,5.97482E+20,6.00662E+21,1.04943E+16,5.41983E+16
4786,1,0,51,11,2018,9,6,5,3,5,2,0,0,1,0,1,0,0,0,5.10615E+20,5.9742E+21,9.16161E+15,5.39161E+16
4787,1,0,62,11,2018,7,6,2,3,2,6,0,0,1,0,0,0,0,0,5.81616E+20,5.94169E+21,1.02338E+16,5.36176E+16
4788,1,0,60,39,2018,9,10,3,2,0,7,0,1,0,0,0,0,0,1,5.65033E+20,5.96061E+21,9.98717E+15,5.379E+16
4789,1,0,60,70,2018,10,13,3,3,9,7,0,0,1,0,0,0,0,1,5.83745E+20,5.97837E+21,1.0276E+16,5.39469E+16
4790,1,0,3,0,2018,7,21,3,3,0,5,0,1,0,0,0,0,1,0,6.08923E+20,5.97167E+21,1.06571E+16,5.38821E+16
4791,1,0,1,0,2018,9,18,2,3,8,7,0,1,0,0,0,0,0,0,5.28472E+20,6.07185E+21,9.44283E+15,5.4793E+16
4792,1,0,4,0,2018,8,7,6,3,6,4,0,0,1,1,0,0,0,0,5.6687E+20,5.9899E+21,1.00215E+16,5.4053E+16
4793,1,0,3,0,2018,8,19,6,3,0,7,0,1,0,0,0,0,0,0,6.23125E+20,5.98005E+21,1.08764E+16,5.39541E+16
4794,1,0,60,5,2018,8,13,6,3,2,6,0,0,1,0,0,1,0,0,5.86026E+20,5.97689E+21,1.03103E+16,5.39332E+16