OBJECTID_1,ULAND,UREGBEZ,UKREIS,UGEMEINDE,UJAHR,UMONAT,USTUNDE,UWOCHENTAG,UKATEGORIE,UART,UTYP1,ULICHTVERH,IstRad,IstPKW,IstFuss,IstKrad,IstGkfz,IstSonstig,STRZUSTAND,LINREFX,LINREFY,XGCSWGS84,YGCSWGS84
5177,1,0,62,6,2018,7,10,4,2,4,6,0,0,1,0,1,0,0,0,5.82504E+20,5.95273E+21,1.02502E+16,5.37168E+16
5178,1,0,57,24,2018,8,7,6,3,9,3,0,0,1,0,0,0,0,0,5.71433E+20,5.99891E+21,1.00933E+16,5.41333E+16
5179,1,0,56,39,2018,9,2,7,3,9,1,2,0,1,0,0,0,0,1,5.54529E+20,5.94474E+21,9.82495E+15,5.36486E+16
5180,1,0,3,0,2018,7,10,3,3,5,3,0,1,1,0,0,0,0,0,6.09655E+20,5.97053E+21,1.06678E+16,5.38716E+16
5181,1,0,54,78,2018,9,16,5,3,5,2,0,1,1,0,0,0,0,0,4.63882E+20,6.09679E+21,8.43514E+15,5.50166E+16
5182,1,0,57,8,2018,10,13,4,3,5,2,0,0,1,0,0,0,0,0,5.70602E+20,5.99164E+21,1.00789E+16,5.40682E+16
5183,1,0,55,27,2018,7,10,4,3,4,6,0,1,1,0,0,0,0,0,6.22523E+20,6.01248E+21,1.08804E+16,5.42456E+16
5184,1,0,58,144,2018,8,11,4,3,2,6,0,0,1,0,0,1,0,0,5.62931E+20,6.00166E+21,9.96375E+15,5.41592E+16
5185,1,0,57,12,2018,8,15,1,3,2,6,0,0,1,0,0,0,0,0,5.81484E+20,6.0265E+21,1.02546E+16,5.43797E+16
5186,1,0,1,0,2018,8,14,1,3,2,6,0,0,1,0,0,0,0,1,5.29739E+20,6.0717E+21,9.46251E+15,5.47916E+16
5187,1,0,55,28,2018,7,16,3,3,2,6,0,1,1,0,0,0,0,0,6.03054E+20,6.00503E+21,1.05792E+16,5.4183E+16
5188,1,0,55,7,2018,9,20,5,2,4,6,2,0,1,0,0,0,0,0,6.03613E+20,5.99614E+21,1.05847E+16,5.41029E+16
5189,1,0,55,33,2018,9,11,4,3,0,7,0,1,0,0,0,0,0,0,6.23557E+20,6.01753E+21,1.08983E+16,5.42907E+16
5190,1,0,55,16,2018,8,16,2,3,2,2,0,0,1,0,0,0,0,0,6.30489E+20,6.00707E+21,1.10002E+16,5.4195E+16
5191,1,0,62,8,2018,9,11,1,3,8,1,0,0,1,0,0,0,0,0,5.96336E+20,5.96351E+21,1.04631E+16,5.38112E+16
5192,1,0,2,0,2018,7,12,7,3,5,3,0,1,1,0,0,0,0,0,5.7371E+20,6.02185E+21,1.01338E+16,5.43392E+16
5193,1,0,2,0,2018,9,12,5,3,0,7,0,1,0,0,0,0,0,0,5.75278E+20,6.01894E+21,1.01571E+16,5.43128E+16
5194,1,0,57,30,2018,7,12,3,2,4,6,0,1,0,0,0,0,0,0,6.07001E+20,6.02007E+21,1.0645E+16,5.43172E+16
5195,1,0,55,46,2018,7,17,3,3,5,3,0,1,1,0,0,0,0,0,6.35628E+20,6.03807E+21,1.1093E+16,5.44721E+16
5196,1,0,53,72,2018,9,21,5,3,5,2,2,0,1,0,1,0,0,0,5.87351E+20,5.92745E+21,1.03165E+16,5.34887E+16
5197,1,0,62,11,2018,7,2,2,2,3,6,2,0,0,0,0,1,1,0,5.81594E+20,5.9415E+21,1.02335E+16,5.36159E+16
5198,1,0,53,53,2018,9,15,3,2,5,3,0,0,1,0,0,0,0,0,5.90814E+20,5.92499E+21,1.0368E+16,5.34661E+16
5199,1,0,56,43,2018,10,11,2,3,5,2,0,0,1,0,1,0,0,1,5.5799E+20,5.94216E+21,9.87682E+15,5.3625E+16
5200,1,0,58,172,2018,7,15,3,3,2,6,0,0,1,0,0,0,0,0,5.42738E+20,6.01574E+21,9.65653E+15,5.42878E+16
5201,1,0,59,188,2018,9,15,2,2,9,1,0,0,1,0,0,0,0,0,5.16786E+20,6.02374E+21,9.25833E+15,5.43612E+16
5202,1,0,57,1,2018,8,15,6,3,0,1,0,1,0,0,0,0,0,0,5.87204E+20,5.9999E+21,1.03349E+16,5.41398E+16
5203,1,0,2,0,2018,8,19,6,3,2,6,0,0,1,0,0,0,0,0,5.72563E+20,6.01829E+21,1.01152E+16,5.43073E+16
5204,1,0,62,60,2018,8,18,6,3,5,2,0,0,1,0,1,0,0,0,5.83689E+20,5.93131E+21,1.02624E+16,5.35241E+16
5205,1,0,4,0,2018,7,22,3,3,1,5,2,1,1,0,0,0,0,1,5.64057E+20,5.99303E+21,9.97916E+15,5.40815E+16
5206,1,0,59,18,2018,9,14,5,3,8,1,0,0,0,0,1,0,0,0,5.3546E+20,6.03717E+21,9.54729E+15,5.44809E+16
5207,1,0,53,90,2018,9,10,3,3,5,3,0,0,1,0,0,0,0,0,6.12146E+20,5.94481E+21,1.06963E+16,5.364E+16
5208,1,0,59,45,2018,8,9,1,2,5,3,0,1,0,0,0,0,0,0,5.61184E+20,6.05478E+21,9.94794E+15,5.46368E+16
5209,1,0,53,100,2018,7,16,6,3,2,6,0,0,1,0,0,0,0,0,6.16874E+20,5.95155E+21,1.07703E+16,5.36995E+16
5210,1,0,60,39,2018,8,19,1,1,7,7,0,0,0,0,1,0,0,0,5.67362E+20,5.96088E+21,1.00226E+16,5.37922E+16
5211,1,0,60,88,2018,9,18,6,3,9,1,0,0,0,0,1,0,0,0,5.74733E+20,5.96998E+21,1.01367E+16,5.38729E+16
5212,1,0,54,78,2018,10,13,7,2,0,7,0,1,0,0,0,0,0,0,4.61211E+20,6.09905E+21,8.39306E+15,5.50367E+16
5213,1,0,54,19,2018,7,1,7,3,5,2,2,1,1,0,0,0,0,0,4.97876E+20,6.052E+21,8.96711E+15,5.46155E+16
5214,1,0,3,0,2018,9,16,3,3,5,2,0,1,0,0,0,1,0,0,6.10742E+20,5.97149E+21,1.06847E+16,5.38801E+16
5215,1,0,60,63,2018,8,21,4,3,5,3,2,0,1,0,0,0,0,0,5.67682E+20,5.95359E+21,1.00258E+16,5.37266E+16
5216,1,0,59,132,2018,7,16,2,3,4,6,0,0,1,0,0,0,0,0,5.16984E+20,6.05434E+21,9.26313E+15,5.46362E+16
5217,1,0,58,50,2018,8,6,3,2,5,3,0,0,1,0,0,0,1,0,5.61968E+20,6.01937E+21,9.95266E+15,5.43184E+16
5218,1,0,58,91,2018,7,20,3,3,9,1,0,0,0,0,1,0,0,0,5.60742E+20,5.99972E+21,9.92984E+15,5.4142E+16
5219,1,0,60,87,2018,9,17,7,3,8,1,0,0,1,0,0,0,0,0,5.85781E+20,5.98758E+21,1.03096E+16,5.40293E+16
5220,1,0,3,0,2018,7,14,2,3,0,1,0,1,0,0,0,0,0,0,6.11669E+20,5.96872E+21,1.06978E+16,5.38549E+16
5221,1,0,1,0,2018,7,23,1,3,5,3,2,0,1,0,0,0,0,0,5.27298E+20,6.07249E+21,9.42462E+15,5.47988E+16
5222,1,0,56,33,2018,9,13,6,3,8,1,0,0,0,0,0,0,1,0,5.4034E+20,5.95131E+21,9.61116E+15,5.37089E+16
5223,1,0,57,48,2018,8,11,5,3,5,3,0,0,1,0,1,0,0,0,6.03023E+20,6.01684E+21,1.05827E+16,5.42891E+16
5224,1,0,4,0,2018,8,14,5,3,2,6,0,0,1,0,0,0,0,1,5.62768E+20,5.9918E+21,9.9592E+15,5.40706E+16
5225,1,0,60,67,2018,9,14,3,2,9,7,0,0,0,0,1,0,0,0,5.96126E+20,5.98177E+21,1.04657E+16,5.39754E+16
5226,1,0,51,74,2018,7,15,6,2,5,2,0,0,1,0,1,0,0,0,5.04167E+20,5.99429E+21,9.06371E+15,5.40967E+16
5227,1,0,1,0,2018,9,16,2,3,2,6,0,0,1,0,1,0,0,0,5.30611E+20,6.07236E+21,9.47614E+15,5.47975E+16
5228,1,0,60,5,2018,8,14,6,3,5,2,0,0,1,0,0,0,0,1,5.85604E+20,5.97853E+21,1.03044E+16,5.3948E+16
5229,1,0,55,27,2018,7,18,5,3,8,7,0,0,1,0,0,0,0,0,6.22888E+20,6.01075E+21,1.08853E+16,5.423E+16
5230,1,0,54,132,2018,8,10,7,3,0,1,0,1,0,0,0,0,0,1,5.02236E+20,6.03546E+21,9.0345E+15,5.44668E+16
5231,1,0,51,75,2018,9,18,7,2,8,1,0,0,1,0,0,0,0,0,4.98466E+20,6.00966E+21,8.97646E+15,5.42349E+16
5232,1,0,58,26,2018,8,19,4,2,8,1,0,0,1,0,1,0,0,0,5.52942E+20,6.02003E+21,9.81404E+15,5.43254E+16
5233,1,0,51,34,2018,9,10,5,2,5,3,0,0,1,0,0,0,1,0,4.9665E+20,5.98224E+21,8.94891E+15,5.39884E+16
5234,1,0,55,33,2018,10,14,5,3,5,2,0,0,1,0,0,0,0,0,6.21063E+20,6.01715E+21,1.08599E+16,5.42879E+16
5235,1,0,3,0,2018,7,15,5,3,2,6,0,0,1,0,0,0,0,0,6.09453E+20,5.96857E+21,1.0664E+16,5.3854E+16
5236,1,0,55,4,2018,9,20,1,3,0,1,2,0,0,0,1,0,0,1,6.11044E+20,5.97427E+21,1.06903E+16,5.39049E+16
5237,1,0,60,63,2018,8,14,4,3,5,3,0,0,0,0,1,0,1,0,5.64339E+20,5.94673E+21,9.97375E+15,5.36654E+16
5238,1,0,55,2,2018,8,13,3,3,2,6,0,0,1,0,0,0,0,0,6.16495E+20,5.99682E+21,1.07818E+16,5.41063E+16
5239,1,0,2,0,2018,8,11,2,3,5,3,0,1,1,0,0,0,0,0,5.7351E+20,6.02439E+21,1.01313E+16,5.4362E+16
5240,1,0,58,139,2018,7,17,3,2,5,3,0,0,1,0,0,0,0,0,5.6796E+20,6.01293E+21,1.00433E+16,5.42598E+16
5241,1,0,4,0,2018,9,22,6,3,0,7,2,1,0,0,0,0,0,0,5.64405E+20,5.99218E+21,9.9843E+15,5.40738E+16
5242,1,0,61,10,2018,7,13,7,3,8,1,0,0,1,0,0,0,0,0,5.29363E+20,5.97577E+21,9.44719E+15,5.39295E+16
5243,1,0,2,0,2018,9,17,5,3,5,3,0,0,1,0,1,0,0,0,5.75132E+20,6.02172E+21,1.01556E+16,5.43377E+16
5244,1,0,56,49,2018,8,10,3,3,5,2,0,1,1,0,0,0,0,0,5.44476E+20,5.94815E+21,9.67336E+15,5.36802E+16
5245,1,0,53,82,2018,9,7,2,3,5,3,0,0,1,0,0,0,0,0,6.05562E+20,5.91523E+21,1.05868E+16,5.33756E+16
5246,1,0,53,9,2018,9,5,7,3,9,1,1,0,1,0,0,0,0,0,6.06836E+20,5.95478E+21,1.06195E+16,5.37308E+16
5247,1,0,2,0,2018,7,12,4,3,5,2,0,0,1,0,0,0,0,0,5.75192E+20,6.02202E+21,1.01566E+16,5.43405E+16
5248,1,0,62,6,2018,8,12,5,3,0,7,0,1,0,0,0,0,0,0,5.84961E+20,5.95472E+21,1.0288E+16,5.37342E+16
5249,1,0,60,63,2018,9,8,6,3,3,2,0,0,1,0,0,1,0,0,5.67758E+20,5.95142E+21,1.00265E+16,5.3707E+16
5250,1,0,61,47,2018,7,6,3,2,6,7,0,0,0,1,0,1,1,0,5.31352E+20,5.98441E+21,9.47838E+15,5.40071E+16
5251,1,0,60,63,2018,9,14,4,3,5,2,0,1,1,0,0,0,0,1,5.64761E+20,5.94717E+21,9.98024E+15,5.36693E+16
5252,1,0,60,92,2018,10,5,3,3,0,3,2,0,1,0,1,0,0,1,5.80307E+20,5.97855E+21,1.02237E+16,5.39491E+16
5253,1,0,54,13,2018,7,18,4,2,7,7,0,0,0,0,1,0,0,0,5.19378E+20,6.04567E+21,9.29964E+15,5.45582E+16
5254,1,0,1,0,2018,9,19,3,3,0,1,1,0,0,0,1,0,0,1,5.2728E+20,6.07015E+21,9.42412E+15,5.47778E+16
5255,1,0,55,35,2018,9,20,7,2,8,6,2,0,1,0,0,0,0,0,6.13636E+20,5.98284E+21,1.07329E+16,5.39814E+16
5256,1,0,58,107,2018,8,16,3,3,5,3,0,0,1,0,0,0,0,0,5.70227E+20,6.015E+21,1.00786E+16,5.42781E+16
5257,1,0,3,0,2018,8,11,7,3,2,6,0,1,0,0,0,0,0,1,6.21338E+20,5.97888E+21,1.08487E+16,5.39441E+16
5258,1,0,62,60,2018,8,17,7,3,0,7,0,1,0,0,0,0,0,0,5.8312E+20,5.9301E+21,1.02535E+16,5.35133E+16
5259,1,0,58,110,2018,7,16,3,3,9,1,0,0,0,0,1,0,0,0,5.5944E+20,6.03299E+21,9.91652E+15,5.44411E+16
5260,1,0,2,0,2018,9,12,4,3,3,6,0,1,1,0,0,0,0,0,5.74051E+20,6.0179E+21,1.0138E+16,5.43036E+16
5261,1,0,57,68,2018,8,10,2,3,2,6,0,0,1,0,0,0,1,0,5.74685E+20,5.99129E+21,1.01412E+16,5.40644E+16
5262,1,0,53,129,2018,9,20,7,3,2,6,2,0,1,0,1,0,0,1,5.82619E+20,5.9274E+21,1.02452E+16,5.34891E+16
5263,1,0,54,88,2018,7,12,7,2,5,3,0,0,1,0,0,0,0,0,4.90716E+20,6.07047E+21,8.85564E+15,5.47813E+16
5264,1,0,61,22,2018,9,10,4,3,2,6,0,0,1,0,0,0,0,0,5.34211E+20,5.97136E+21,9.52054E+15,5.38896E+16
5265,1,0,3,0,2018,9,13,6,3,2,6,0,0,1,0,0,0,0,0,6.09551E+20,5.96956E+21,1.06659E+16,5.3863E+16
5266,1,0,57,90,2018,7,12,1,3,2,6,0,0,1,0,0,0,0,0,5.92104E+20,6.02077E+21,1.04163E+16,5.43265E+16
5267,1,0,62,6,2018,9,17,5,3,2,2,0,0,1,0,0,0,0,0,5.82845E+20,5.95363E+21,1.02556E+16,5.37248E+16
5268,1,0,1,0,2018,8,16,4,3,2,6,0,0,1,0,1,0,0,0,5.29013E+20,6.07062E+21,9.45111E+15,5.47819E+16
5269,1,0,60,63,2018,9,19,2,1,5,2,1,0,0,0,1,0,1,0,5.67546E+20,5.95494E+21,1.00241E+16,5.37387E+16
5270,1,0,55,39,2018,9,8,1,2,3,6,0,0,1,0,0,0,0,0,6.16203E+20,5.99562E+21,1.07769E+16,5.40956E+16
5271,1,0,59,187,2018,8,11,6,3,5,3,0,0,1,0,0,0,0,1,5.53267E+20,6.05243E+21,9.82487E+15,5.46165E+16
5272,1,0,3,0,2018,7,17,4,3,0,1,0,1,0,0,0,0,0,0,6.12385E+20,5.96732E+21,1.07081E+16,5.38422E+16
5273,1,0,59,161,2018,8,20,6,3,8,1,1,0,1,0,0,0,0,0,5.42891E+20,6.06379E+21,9.66587E+15,5.47196E+16
5274,1,0,56,15,2018,9,12,6,2,5,3,0,0,1,0,0,0,0,1,5.435E+20,5.95582E+21,9.65967E+15,5.37492E+16
5275,1,0,2,0,2018,7,21,3,3,5,3,0,0,1,0,0,0,0,0,5.77414E+20,6.01714E+21,1.01895E+16,5.42963E+16
5276,1,0,61,64,2018,9,5,4,3,7,7,2,0,1,0,0,0,0,1,5.45428E+20,5.98513E+21,9.69324E+15,5.40125E+16
5277,1,0,59,103,2018,10,19,4,3,2,2,2,0,1,0,0,0,0,1,5.36192E+20,6.0645E+21,9.56197E+15,5.47264E+16
5278,1,0,2,0,2018,7,19,4,3,6,4,0,1,0,1,0,0,0,1,5.73708E+20,6.02181E+21,1.01337E+16,5.43388E+16
5279,1,0,59,182,2018,9,23,3,3,9,1,2,0,1,0,0,0,0,1,5.33674E+20,6.06501E+21,9.52293E+15,5.47312E+16
5280,1,0,54,19,2018,9,12,7,3,0,3,0,0,1,0,1,0,0,0,4.98579E+20,6.05146E+21,8.97801E+15,5.46106E+16
5281,1,0,62,60,2018,8,10,3,3,0,7,0,1,0,1,0,0,0,0,5.83087E+20,5.9294E+21,1.02528E+16,5.35069E+16
5282,1,0,4,0,2018,8,12,1,3,2,6,0,0,1,0,0,0,0,0,5.62258E+20,5.99748E+21,9.95258E+15,5.41217E+16
5283,1,0,58,28,2018,8,12,1,2,8,7,0,0,1,0,0,0,0,0,5.56978E+20,6.01889E+21,9.87586E+15,5.43147E+16
5284,1,0,54,78,2018,7,19,3,3,8,6,0,0,1,0,1,0,0,0,4.61297E+20,6.09907E+21,8.3944E+15,5.50369E+16
5285,1,0,58,29,2018,9,9,5,3,8,1,0,0,1,0,0,0,0,1,5.35486E+20,6.0076E+21,9.54418E+15,5.42152E+16
5286,1,0,58,43,2018,9,15,4,3,0,7,0,1,0,0,0,0,0,0,5.53612E+20,6.03343E+21,9.82676E+15,5.44457E+16
5287,1,0,3,0,2018,8,15,2,3,5,2,0,1,1,0,0,0,0,0,6.10677E+20,5.96832E+21,1.06825E+16,5.38515E+16
5288,1,0,60,47,2018,9,10,7,3,2,6,0,0,1,0,0,0,0,0,5.66175E+20,5.96238E+21,1.00049E+16,5.38057E+16
5289,1,0,59,183,2018,7,12,7,3,2,6,0,0,1,0,1,0,0,0,5.2249E+20,6.06918E+21,9.34957E+15,5.47694E+16
5290,1,0,54,76,2018,9,18,5,3,6,4,0,0,1,1,0,0,0,0,4.98469E+20,6.06931E+21,8.97621E+15,5.4771E+16
5291,1,0,56,15,2018,8,11,5,3,2,6,0,0,1,0,0,0,0,0,5.43415E+20,5.95582E+21,9.65837E+15,5.37492E+16
5292,1,0,61,41,2018,7,8,3,3,9,1,0,0,0,0,0,0,1,0,5.39473E+20,5.96622E+21,9.59994E+15,5.3843E+16
5293,1,0,53,19,2018,8,17,4,1,4,6,0,0,1,0,0,0,0,0,6.03537E+20,5.91768E+21,1.05572E+16,5.3398E+16
5294,1,0,54,161,2018,7,10,3,3,0,1,0,1,0,0,0,0,0,0,4.98157E+20,6.03053E+21,8.9716E+15,5.44225E+16
5295,1,0,58,135,2018,9,17,5,2,5,2,0,0,1,0,1,0,0,0,5.43267E+20,6.01672E+21,9.6648E+15,5.42966E+16
5296,1,0,61,97,2018,7,3,1,2,8,1,2,0,0,0,1,0,0,0,5.31294E+20,5.98889E+21,9.47795E+15,5.40473E+16
5297,1,0,3,0,2018,9,11,3,3,5,3,0,1,1,0,0,0,0,0,6.11349E+20,5.971E+21,1.06937E+16,5.38755E+16
5298,1,0,53,116,2018,10,13,2,3,5,3,0,1,1,0,0,0,0,1,5.99025E+20,5.92894E+21,1.04929E+16,5.35001E+16
5299,1,0,2,0,2018,7,14,3,3,2,6,0,0,1,0,0,1,0,0,5.71739E+20,6.01916E+21,1.01028E+16,5.43152E+16
5300,1,0,60,49,2018,9,22,1,3,8,7,2,0,1,0,0,0,0,0,5.8774E+20,5.98052E+21,1.03375E+16,5.39656E+16
5301,1,0,1,0,2018,8,10,6,3,5,2,0,1,1,0,0,0,0,0,5.26316E+20,6.07E+21,9.40912E+15,5.47765E+16
5302,1,0,59,177,2018,8,20,6,3,5,3,1,0,1,0,0,0,0,0,5.08082E+20,6.0795E+21,9.12592E+15,5.48625E+16
5303,1,0,58,135,2018,8,14,6,3,5,2,0,1,1,0,0,0,0,0,5.416E+20,6.01905E+21,9.63951E+15,5.43176E+16
5304,1,0,54,68,2018,7,11,3,3,0,1,0,0,0,0,1,0,0,0,4.94855E+20,6.07162E+21,8.91998E+15,5.47917E+16
5305,1,0,56,22,2018,9,14,4,2,5,3,0,1,1,0,0,0,0,0,5.54414E+20,5.96008E+21,9.82591E+15,5.37864E+16
5306,1,0,59,83,2018,7,2,1,3,8,1,2,1,0,0,0,0,0,0,5.47006E+20,6.0545E+21,9.72826E+15,5.46357E+16
5307,1,0,3,0,2018,9,9,3,3,5,3,0,0,1,0,0,0,0,0,6.08148E+20,5.96904E+21,1.06444E+16,5.38585E+16
5308,1,0,60,49,2018,8,22,7,3,2,6,2,0,1,0,0,0,0,0,5.86325E+20,5.9796E+21,1.03156E+16,5.39576E+16
5309,1,0,58,150,2018,7,19,6,3,5,3,0,0,1,0,0,0,0,0,5.67555E+20,6.03496E+21,1.00421E+16,5.44578E+16
5310,1,0,58,54,2018,8,17,1,3,5,3,0,0,1,0,0,0,0,0,5.37773E+20,6.01775E+21,9.58052E+15,5.43062E+16
5311,1,0,62,45,2018,9,14,6,2,0,1,0,1,0,0,0,0,0,0,5.90167E+20,5.94527E+21,1.03641E+16,5.36484E+16
5312,1,0,62,11,2018,10,13,7,3,2,6,0,0,1,0,0,0,0,0,5.81568E+20,5.94139E+21,1.02331E+16,5.36149E+16
5313,1,0,58,25,2018,7,12,7,3,2,6,0,0,1,0,0,0,0,0,5.20737E+20,5.99132E+21,9.31688E+15,5.40697E+16
5314,1,0,2,0,2018,9,14,3,3,0,3,0,0,1,0,0,0,1,0,5.73921E+20,6.02071E+21,1.01367E+16,5.43288E+16
5315,1,0,55,12,2018,8,11,4,3,2,2,0,0,1,0,0,0,1,0,6.0267E+20,5.99902E+21,1.05712E+16,5.41291E+16
5316,1,0,56,50,2018,7,17,1,3,5,3,0,1,0,0,0,0,0,0,5.45465E+20,5.93829E+21,9.68689E+15,5.35915E+16
5317,1,0,57,70,2018,8,10,3,2,4,6,0,0,1,0,0,0,0,0,5.86908E+20,6.00999E+21,1.03332E+16,5.42305E+16
5318,1,0,1,0,2018,7,6,3,3,0,1,0,1,0,0,0,0,0,0,5.27145E+20,6.07359E+21,9.42234E+15,5.48088E+16
5319,1,0,3,0,2018,9,12,7,3,5,3,0,1,1,0,0,0,0,0,6.08986E+20,5.97158E+21,1.0658E+16,5.38812E+16
5320,1,0,55,12,2018,7,11,2,3,5,2,0,0,1,0,0,0,0,0,6.06404E+20,5.99875E+21,1.06283E+16,5.41259E+16
5321,1,0,53,90,2018,9,13,6,3,5,3,0,1,1,0,0,0,0,0,6.10914E+20,5.94141E+21,1.06765E+16,5.36097E+16
5322,1,0,54,110,2018,8,16,5,3,5,3,0,0,1,0,0,0,0,0,4.81129E+20,6.08272E+21,8.7058E+15,5.48911E+16
5323,1,0,57,62,2018,8,19,5,3,4,6,0,0,1,0,0,0,0,1,5.83224E+20,6.01022E+21,1.02768E+16,5.42332E+16
5324,1,0,53,27,2018,9,16,3,3,2,2,0,0,1,0,1,0,0,0,6.01754E+20,5.9338E+21,1.05356E+16,5.35432E+16
5325,1,0,62,82,2018,7,17,6,3,5,3,0,0,1,0,1,0,0,0,5.92144E+20,5.9416E+21,1.03929E+16,5.36151E+16
5326,1,0,61,12,2018,9,13,1,2,5,2,0,0,1,0,1,0,0,0,5.2786E+20,5.96241E+21,9.4231E+15,5.38095E+16
5327,1,0,3,0,2018,8,9,6,2,6,2,0,0,1,1,0,0,0,0,6.07599E+20,5.96711E+21,1.06353E+16,5.38414E+16
5328,1,0,57,17,2018,7,8,5,3,2,2,0,0,1,0,0,1,0,0,5.89732E+20,6.00187E+21,1.03741E+16,5.41571E+16
5329,1,0,61,100,2018,8,14,6,2,0,1,0,1,0,0,0,0,0,1,5.41671E+20,5.98741E+21,9.63623E+15,5.40333E+16
5330,1,0,62,4,2018,9,15,7,3,5,2,0,0,1,0,0,0,0,1,5.89966E+20,5.9633E+21,1.03663E+16,5.38105E+16
5331,1,0,54,109,2018,8,13,4,2,5,2,0,0,1,0,0,0,0,0,4.90716E+20,6.07047E+21,8.85564E+15,5.47814E+16
5332,1,0,56,44,2018,9,19,5,3,2,6,0,0,1,0,0,0,0,0,5.56446E+20,5.93918E+21,9.85295E+15,5.35984E+16
5333,1,0,4,0,2018,10,16,5,3,2,6,0,0,1,0,0,0,0,0,5.64417E+20,5.9922E+21,9.98448E+15,5.4074E+16
5334,1,0,58,68,2018,7,15,5,3,9,1,0,0,1,0,0,0,0,0,5.34874E+20,6.00269E+21,9.53422E+15,5.41711E+16
5335,1,0,58,27,2018,9,19,1,3,9,1,2,0,1,0,0,0,0,0,5.4828E+20,6.00732E+21,9.74031E+15,5.42116E+16
5336,1,0,3,0,2018,8,10,4,3,2,2,0,0,1,0,0,0,0,0,6.10425E+20,5.96941E+21,1.06791E+16,5.38615E+16
5337,1,0,3,0,2018,8,10,2,3,0,6,0,0,0,0,0,0,1,0,6.1035E+20,5.96799E+21,1.06775E+16,5.38487E+16
5338,1,0,54,57,2018,8,11,2,3,5,3,0,1,1,0,0,0,0,0,5.10276E+20,6.04434E+21,9.15885E+15,5.45465E+16
5339,1,0,54,168,2018,7,19,3,3,8,1,0,1,0,0,0,0,0,0,4.55038E+20,6.08231E+21,8.2991E+15,5.48858E+16
5340,1,0,59,137,2018,9,17,6,2,2,6,0,0,1,0,0,0,0,0,5.4058E+20,6.07246E+21,9.6312E+15,5.47977E+16
5341,1,0,56,49,2018,7,10,7,3,5,3,0,1,1,0,0,0,0,0,5.44464E+20,5.94916E+21,9.67332E+15,5.36893E+16
5342,1,0,2,0,2018,7,13,1,3,6,4,0,0,1,1,0,0,0,0,5.74752E+20,6.0211E+21,1.01496E+16,5.43322E+16
5343,1,0,54,168,2018,9,14,5,3,8,1,0,0,0,0,1,0,0,0,4.60898E+20,6.08156E+21,8.39055E+15,5.48795E+16
5344,1,0,3,0,2018,8,13,3,3,5,2,0,0,1,0,0,0,0,0,6.11238E+20,5.97169E+21,1.06923E+16,5.38818E+16
5345,1,0,3,0,2018,9,13,2,3,2,2,0,0,1,0,0,0,0,0,6.10956E+20,5.96828E+21,1.06868E+16,5.38512E+16
5346,1,0,2,0,2018,9,21,7,3,8,1,2,0,1,0,0,0,0,0,5.76873E+20,6.01712E+21,1.01812E+16,5.42962E+16
5347,1,0,59,183,2018,7,6,4,3,5,2,0,0,1,0,0,0,0,0,5.21185E+20,6.07007E+21,9.32936E+15,5.47774E+16
5348,1,0,55,35,2018,8,7,5,3,2,2,0,0,1,0,1,0,0,0,6.12268E+20,5.9832E+21,1.07122E+16,5.39849E+16
5349,1,0,55,43,2018,9,14,6,3,5,3,0,0,1,0,0,0,0,1,6.13601E+20,6.01377E+21,1.0744E+16,5.42592E+16
5350,1,0,53,14,2018,7,10,2,3,8,6,0,0,0,0,0,1,0,0,6.07024E+20,5.94022E+21,1.06173E+16,5.35998E+16
5351,1,0,3,0,2018,9,17,4,3,5,3,0,0,1,0,1,0,0,0,6.09034E+20,5.97194E+21,1.06589E+16,5.38844E+16
5352,1,0,55,7,2018,10,15,3,3,9,1,0,0,1,0,0,0,0,1,5.97794E+20,5.99421E+21,1.04951E+16,5.40868E+16
5353,1,0,54,144,2018,7,15,4,3,2,2,0,0,1,0,0,0,0,0,5.11035E+20,6.0469E+21,9.17068E+15,5.45695E+16
5354,1,0,51,3,2018,9,13,2,3,5,3,0,0,1,0,1,0,0,0,5.11383E+20,5.97766E+21,9.17344E+15,5.39472E+16
5355,1,0,51,44,2018,8,15,6,3,2,6,0,0,1,0,0,0,0,0,5.07509E+20,6.00548E+21,9.1151E+15,5.41973E+16
5356,1,0,57,3,2018,8,10,3,3,0,7,0,1,0,0,0,0,0,0,5.84034E+20,6.02828E+21,1.02943E+16,5.43954E+16
5357,1,0,1,0,2018,8,12,7,3,6,4,0,0,1,1,0,0,0,1,5.28382E+20,6.0706E+21,9.4413E+15,5.47818E+16
5358,1,0,58,43,2018,8,10,7,3,2,6,0,0,0,0,1,0,1,0,5.54377E+20,6.03541E+21,9.83891E+15,5.44634E+16
5359,1,0,54,12,2018,7,17,3,3,8,1,0,0,1,0,0,0,0,0,5.04675E+20,6.04743E+21,9.07231E+15,5.45743E+16
5360,1,0,1,0,2018,9,12,4,3,5,3,0,1,1,0,0,0,0,0,5.28597E+20,6.0689E+21,9.44447E+15,5.47665E+16
5361,1,0,1,0,2018,8,18,2,3,0,7,0,1,0,0,0,0,0,0,5.27509E+20,6.07143E+21,9.4278E+15,5.47893E+16
5362,1,0,3,0,2018,8,23,2,3,5,2,2,0,1,0,0,0,0,0,6.09922E+20,5.97025E+21,1.06718E+16,5.38691E+16
5363,1,0,58,70,2018,9,18,7,3,8,7,0,0,0,0,0,0,1,1,5.3081E+20,6.00836E+21,9.47255E+15,5.42223E+16
5364,1,0,61,97,2018,7,11,6,2,6,7,0,0,1,1,0,0,0,0,5.31483E+20,5.98804E+21,9.48075E+15,5.40397E+16
5365,1,0,53,90,2018,9,20,4,3,3,6,2,1,0,0,0,0,1,0,6.127E+20,5.94124E+21,1.07034E+16,5.36079E+16
5366,1,0,3,0,2018,8,15,5,3,2,6,0,0,1,0,0,0,0,0,6.18529E+20,5.97521E+21,1.08045E+16,5.39117E+16
5367,1,0,3,0,2018,7,21,2,3,5,2,0,1,1,0,0,0,0,0,6.10528E+20,5.96887E+21,1.06805E+16,5.38565E+16