OBJECTID_1,ULAND,UREGBEZ,UKREIS,UGEMEINDE,UJAHR,UMONAT,USTUNDE,UWOCHENTAG,UKATEGORIE,UART,UTYP1,ULICHTVERH,IstRad,IstPKW,IstFuss,IstKrad,IstGkfz,IstSonstig,STRZUSTAND,LINREFX,LINREFY,XGCSWGS84,YGCSWGS84
5368,1,0,54,88,2018,8,7,4,3,9,7,0,0,1,0,0,0,0,0,4.87469E+20,6.07E+21,8.80519E+15,5.4777E+16
5369,1,0,58,50,2018,7,17,3,2,2,6,0,0,1,0,0,0,0,0,5.59528E+20,6.01894E+21,9.91507E+15,5.43149E+16
5370,1,0,57,1,2018,10,14,2,3,0,1,0,1,0,0,0,0,0,0,5.87288E+20,6.00068E+21,1.03364E+16,5.41468E+16
5371,1,0,54,91,2018,7,19,3,3,4,6,0,1,0,0,0,0,0,0,4.95861E+20,6.03902E+21,8.93609E+15,5.44988E+16
5372,1,0,58,107,2018,9,13,1,2,2,6,0,0,1,0,0,0,0,0,5.68065E+20,6.01404E+21,1.00452E+16,5.42698E+16
5373,1,0,60,73,2018,8,15,5,3,8,6,0,0,1,0,0,0,1,1,5.66389E+20,5.96811E+21,1.00094E+16,5.38572E+16
5374,1,0,3,0,2018,8,21,5,2,5,3,2,1,1,0,0,0,0,1,6.09188E+20,5.97016E+21,1.06606E+16,5.38684E+16
5375,1,0,62,23,2018,8,22,6,3,2,6,2,0,1,0,0,0,1,0,5.86679E+20,5.94865E+21,1.03123E+16,5.36794E+16
5376,1,0,4,0,2018,9,16,4,3,2,6,0,0,1,0,0,0,0,0,5.63693E+20,5.99068E+21,9.97309E+15,5.40604E+16
5377,1,0,62,9,2018,7,17,7,3,2,6,0,0,1,0,0,0,0,1,5.80878E+20,5.93608E+21,1.02212E+16,5.35674E+16
5378,1,0,60,89,2018,9,15,2,3,2,2,0,0,1,0,0,0,0,0,5.78652E+20,5.9886E+21,1.02011E+16,5.40397E+16
5379,1,0,2,0,2018,8,12,7,3,2,6,0,0,1,0,0,0,0,0,5.7388E+20,6.01958E+21,1.01358E+16,5.43187E+16
5380,1,0,54,70,2018,7,14,6,3,5,3,0,0,1,0,0,0,1,0,5.04306E+20,6.02635E+21,9.0663E+15,5.43849E+16
5381,1,0,56,49,2018,8,23,7,3,5,3,2,0,1,0,0,0,0,0,5.4524E+20,5.9492E+21,9.68508E+15,5.36895E+16
5382,1,0,58,1,2018,8,1,5,3,7,7,2,0,0,0,1,0,0,0,5.6559E+20,6.01785E+21,1.0008E+16,5.43043E+16
5383,1,0,55,16,2018,9,14,6,3,9,7,0,1,0,0,0,0,0,0,6.31673E+20,6.00735E+21,1.10184E+16,5.41973E+16
5384,1,0,4,0,2018,10,18,6,3,2,6,0,0,1,0,0,0,1,0,5.63312E+20,5.99225E+21,9.96761E+15,5.40746E+16
5385,1,0,61,29,2018,7,17,6,3,2,6,0,0,1,0,1,0,0,0,5.27375E+20,5.96173E+21,9.41567E+15,5.38035E+16
5386,1,0,60,63,2018,9,10,2,2,2,6,0,0,1,0,0,0,0,0,5.68076E+20,5.94919E+21,1.00308E+16,5.3687E+16
5387,1,0,60,44,2018,8,11,3,3,5,2,0,0,1,0,0,0,0,1,5.62221E+20,5.96638E+21,9.94566E+15,5.38422E+16
5388,1,0,2,0,2018,7,15,1,3,2,6,0,0,1,0,0,0,0,0,5.77385E+20,6.02059E+21,1.01899E+16,5.43273E+16
5389,1,0,51,107,2018,8,21,2,3,3,6,1,0,1,0,1,0,0,0,5.04581E+20,6.01112E+21,9.07031E+15,5.4248E+16
5390,1,0,61,119,2018,7,16,2,3,5,2,0,0,1,0,0,0,1,0,5.21988E+20,5.97884E+21,9.33509E+15,5.39575E+16
5391,1,0,51,11,2018,9,6,6,3,5,3,0,0,1,0,0,0,1,0,5.10905E+20,5.97194E+21,9.16595E+15,5.38958E+16
5392,1,0,59,75,2018,7,15,2,2,6,2,0,0,1,1,0,0,0,0,5.36687E+20,6.04097E+21,9.56671E+15,5.4515E+16
5393,1,0,58,43,2018,9,15,6,3,5,3,0,1,1,0,0,0,0,0,5.53632E+20,6.03498E+21,9.82734E+15,5.44596E+16
5394,1,0,53,30,2018,8,18,4,2,3,6,1,0,1,0,1,1,0,0,6.13333E+20,5.94687E+21,1.0715E+16,5.36583E+16
5395,1,0,62,35,2018,8,17,5,3,1,5,0,1,0,0,0,0,1,0,5.88373E+20,5.94854E+21,1.03379E+16,5.36781E+16
5396,1,0,51,35,2018,7,14,2,3,2,2,0,1,0,0,0,0,0,0,5.1316E+20,6.00526E+21,9.20171E+15,5.41952E+16
5397,1,0,57,32,2018,8,11,4,3,8,1,0,0,1,0,0,0,0,0,5.85115E+20,5.99809E+21,1.03024E+16,5.41239E+16
5398,1,0,60,5,2018,7,12,2,3,4,7,0,0,1,0,0,0,0,0,5.85312E+20,5.97784E+21,1.02997E+16,5.39419E+16
5399,1,0,1,0,2018,9,12,5,3,2,6,0,0,1,0,0,0,1,0,5.27348E+20,6.07253E+21,9.42541E+15,5.47992E+16
5400,1,0,62,91,2018,7,19,1,3,4,6,0,0,1,0,0,0,0,0,5.91196E+20,5.94877E+21,1.03807E+16,5.36797E+16
5401,1,0,58,72,2018,9,7,3,3,0,1,0,0,0,0,1,0,0,1,5.27619E+20,5.99735E+21,9.42259E+15,5.41236E+16
5402,1,0,4,0,2018,10,14,2,3,2,6,0,0,1,0,0,0,0,1,5.65254E+20,5.99124E+21,9.99706E+15,5.40652E+16
5403,1,0,57,25,2018,7,14,3,3,0,1,0,1,0,0,0,0,0,0,5.77922E+20,6.024E+21,1.01991E+16,5.43579E+16
5404,1,0,2,0,2018,9,2,1,3,5,3,2,0,1,0,0,0,0,0,5.74757E+20,6.0211E+21,1.01497E+16,5.43323E+16
5405,1,0,62,62,2018,8,6,6,3,3,6,0,0,1,0,0,1,0,0,5.95358E+20,5.96243E+21,1.04479E+16,5.38016E+16
5406,1,0,60,47,2018,8,8,5,3,1,5,0,0,1,0,0,1,0,0,5.67471E+20,5.963E+21,1.00247E+16,5.38112E+16
5407,1,0,54,168,2018,8,15,6,3,4,6,0,1,0,0,0,0,0,0,4.55788E+20,6.08439E+21,8.31048E+15,5.49046E+16
5408,1,0,53,116,2018,7,13,2,2,4,6,0,0,1,0,0,1,0,0,6.00986E+20,5.93281E+21,1.05237E+16,5.35344E+16
5409,1,0,62,6,2018,9,17,4,3,2,2,0,0,1,0,0,0,0,0,5.83624E+20,5.9538E+21,1.02675E+16,5.37261E+16
5410,1,0,51,13,2018,7,11,7,3,3,6,0,1,1,0,0,0,0,0,4.9107E+20,5.9984E+21,8.86332E+15,5.41337E+16
5411,1,0,58,46,2018,9,11,3,3,0,1,0,0,0,0,1,0,0,0,5.54868E+20,6.00483E+21,9.84087E+15,5.41886E+16
5412,1,0,3,0,2018,8,15,7,3,2,6,0,1,1,0,0,0,0,0,6.10213E+20,5.96995E+21,1.06761E+16,5.38663E+16
5413,1,0,57,85,2018,7,16,6,3,5,3,0,1,0,0,0,0,1,0,5.78962E+20,5.99673E+21,1.02079E+16,5.41127E+16
5414,1,0,54,68,2018,8,2,1,3,8,1,2,0,1,0,0,0,0,1,4.92522E+20,6.07324E+21,8.88365E+15,5.48063E+16
5415,1,0,3,0,2018,9,15,6,3,2,2,0,0,1,0,0,0,0,0,6.10726E+20,5.96804E+21,1.06832E+16,5.38491E+16
5416,1,0,62,71,2018,10,15,6,3,2,6,0,0,1,0,0,0,0,0,5.80177E+20,5.94127E+21,1.0212E+16,5.36141E+16
5417,1,0,61,89,2018,7,7,6,2,8,1,0,0,1,0,0,0,0,0,5.48342E+20,5.98416E+21,9.73756E+15,5.40035E+16
5418,1,0,54,89,2018,9,17,3,3,0,1,0,1,0,0,0,0,0,0,4.56978E+20,6.05934E+21,8.33275E+15,5.46795E+16
5419,1,0,1,0,2018,8,12,4,3,5,3,0,0,1,0,0,0,0,0,5.30689E+20,6.07245E+21,9.47735E+15,5.47983E+16
5420,1,0,62,27,2018,7,7,1,3,2,2,0,0,1,0,0,0,0,0,5.88555E+20,5.95287E+21,1.03419E+16,5.3717E+16
5421,1,0,1,0,2018,8,15,3,3,3,6,0,0,1,0,0,0,0,0,5.29533E+20,6.07345E+21,9.45948E+15,5.48074E+16
5422,1,0,53,136,2018,7,15,2,3,0,1,0,1,0,0,0,0,0,0,6.19597E+20,5.95119E+21,1.08114E+16,5.36957E+16
5423,1,0,58,53,2018,9,15,7,3,0,1,0,1,0,0,0,0,0,0,5.68272E+20,6.01109E+21,1.00477E+16,5.42433E+16
5424,1,0,57,27,2018,7,16,2,3,5,3,0,0,1,0,0,0,0,0,6.05267E+20,6.01275E+21,1.06158E+16,5.42519E+16
5425,1,0,3,0,2018,9,18,6,3,2,6,0,0,1,0,0,0,0,1,6.0927E+20,5.97086E+21,1.06621E+16,5.38747E+16
5426,1,0,60,2,2018,8,15,4,3,2,2,0,0,1,0,1,0,0,0,5.59866E+20,5.95991E+21,9.90861E+15,5.37843E+16
5427,1,0,61,101,2018,8,6,4,3,8,6,0,0,1,0,1,0,0,0,5.33754E+20,5.96075E+21,9.51241E+15,5.37943E+16
5428,1,0,2,0,2018,9,12,3,3,6,4,0,1,0,1,0,0,0,0,5.71676E+20,6.02059E+21,1.01022E+16,5.43282E+16
5429,1,0,55,21,2018,7,16,6,3,5,3,0,0,1,0,1,0,0,0,6.28194E+20,6.02671E+21,1.09734E+16,5.4372E+16
5430,1,0,56,15,2018,9,13,1,3,5,2,0,1,1,0,0,0,0,0,5.45157E+20,5.95656E+21,9.6849E+15,5.37557E+16
5431,1,0,3,0,2018,8,15,6,3,5,3,0,0,1,0,1,0,0,1,6.09611E+20,5.97113E+21,1.06674E+16,5.3877E+16
5432,1,0,1,0,2018,7,13,5,3,3,6,0,0,1,0,0,1,0,0,5.31262E+20,6.0729E+21,9.48633E+15,5.48023E+16
5433,1,0,55,21,2018,8,20,6,3,3,6,1,0,1,0,0,0,0,0,6.30476E+20,6.02602E+21,1.10082E+16,5.43652E+16
5434,1,0,58,43,2018,9,11,7,3,0,2,0,0,1,0,1,0,0,1,5.54789E+20,6.03433E+21,9.84506E+15,5.44537E+16
5435,1,0,61,46,2018,8,16,4,3,2,6,0,0,1,0,0,0,0,0,5.3151E+20,5.97548E+21,9.47986E+15,5.39267E+16
5436,1,0,62,60,2018,9,11,5,3,2,6,0,0,1,0,0,0,1,0,5.8299E+20,5.92994E+21,1.02515E+16,5.35119E+16
5437,1,0,4,0,2018,10,10,5,3,0,7,0,1,0,0,0,0,0,0,5.64068E+20,5.99276E+21,9.97927E+15,5.4079E+16
5438,1,0,54,168,2018,7,17,5,3,3,6,0,1,0,0,0,0,0,0,4.54247E+20,6.07283E+21,8.28827E+15,5.48006E+16
5439,1,0,58,165,2018,8,21,4,3,9,6,1,0,1,0,0,0,0,0,5.68312E+20,6.02587E+21,1.00517E+16,5.4376E+16
5440,1,0,2,0,2018,8,7,2,3,5,2,0,0,1,0,0,0,0,1,5.73467E+20,6.02422E+21,1.01306E+16,5.43605E+16
5441,1,0,61,31,2018,8,11,1,3,2,6,0,0,1,0,1,0,0,0,5.22747E+20,5.98694E+21,9.34727E+15,5.40302E+16
5442,1,0,62,53,2018,7,17,2,3,1,6,0,0,1,0,0,0,0,0,5.77538E+20,5.93323E+21,1.01701E+16,5.35422E+16
5443,1,0,62,23,2018,9,13,6,3,2,6,0,0,1,0,0,0,0,0,5.85673E+20,5.94611E+21,1.02964E+16,5.36567E+16
5444,1,0,58,112,2018,7,14,7,2,2,6,0,1,0,0,1,0,0,0,5.68914E+20,6.02528E+21,1.00608E+16,5.43707E+16
5445,1,0,55,4,2018,9,15,5,3,7,7,0,0,0,0,0,1,0,0,6.12999E+20,5.97567E+21,1.07205E+16,5.39171E+16
5446,1,0,54,52,2018,8,12,3,3,5,3,0,0,1,0,1,0,0,0,5.03259E+20,6.04E+21,9.05033E+15,5.45076E+16
5447,1,0,2,0,2018,9,7,2,3,1,6,0,0,1,0,1,0,0,0,5.73559E+20,6.0197E+21,1.01309E+16,5.43198E+16
5448,1,0,60,5,2018,7,22,3,3,0,7,2,0,0,0,1,0,0,0,5.83636E+20,5.97688E+21,1.02739E+16,5.39336E+16
5449,1,0,3,0,2018,8,14,5,3,5,2,0,1,1,0,0,0,0,0,6.12412E+20,5.9671E+21,1.07085E+16,5.38402E+16
5450,1,0,3,0,2018,7,9,2,3,2,6,0,0,1,0,0,0,0,0,6.10989E+20,5.97183E+21,1.06886E+16,5.3883E+16
5451,1,0,58,150,2018,9,8,6,2,5,3,0,0,1,0,1,0,0,0,5.72279E+20,6.03671E+21,1.01154E+16,5.44729E+16
5452,1,0,58,43,2018,7,20,2,3,7,7,0,0,0,0,1,0,0,0,5.53735E+20,6.03367E+21,9.82869E+15,5.44479E+16
5453,1,0,58,38,2018,9,8,4,3,8,1,0,0,1,0,0,0,0,1,5.60268E+20,6.00395E+21,9.92342E+15,5.41801E+16
5454,1,0,2,0,2018,10,6,3,3,5,3,1,0,1,0,0,0,1,1,5.75897E+20,6.02856E+21,1.01691E+16,5.43991E+16
5455,1,0,51,44,2018,7,10,3,2,1,6,0,0,1,0,1,0,0,0,5.05899E+20,6.00552E+21,9.09043E+15,5.41977E+16
5456,1,0,55,40,2018,9,7,2,3,5,3,0,0,1,0,0,0,0,0,6.07697E+20,5.97526E+21,1.06397E+16,5.39145E+16
5457,1,0,60,5,2018,8,20,6,2,8,1,1,0,0,0,1,0,0,0,5.88163E+20,5.97646E+21,1.03427E+16,5.3929E+16
5458,1,0,54,56,2018,8,11,3,3,0,7,0,1,0,0,0,0,0,0,4.99898E+20,6.04059E+21,8.99843E+15,5.45129E+16
5459,1,0,51,118,2018,8,11,6,2,5,3,0,0,1,0,0,0,0,0,5.01687E+20,5.98356E+21,9.02574E+15,5.40004E+16
5460,1,0,54,87,2018,8,17,7,3,0,3,0,0,0,0,1,0,1,0,4.68115E+20,6.06068E+21,8.50532E+15,5.46925E+16
5461,1,0,3,0,2018,7,6,2,3,0,7,0,1,0,0,0,0,0,0,6.15963E+20,5.97285E+21,1.07646E+16,5.38911E+16
5462,1,0,53,60,2018,9,16,4,3,3,6,0,0,1,0,0,0,0,0,5.92837E+20,5.9356E+21,1.04016E+16,5.35611E+16
5463,1,0,55,11,2018,8,3,2,3,2,6,2,0,1,0,0,1,0,1,6.2305E+20,6.0127E+21,1.08885E+16,5.42474E+16
5464,1,0,59,19,2018,7,16,7,2,5,3,0,0,1,0,1,0,0,0,5.32931E+20,6.03766E+21,9.50831E+15,5.44855E+16
5465,1,0,58,22,2018,8,17,2,2,5,3,0,0,1,0,0,0,0,0,5.68607E+20,6.00453E+21,1.00513E+16,5.41842E+16
5466,1,0,57,34,2018,9,18,7,2,5,3,0,0,1,0,0,0,0,1,6.0909E+20,6.00785E+21,1.06726E+16,5.4207E+16
5467,1,0,60,5,2018,7,16,6,3,0,7,0,1,0,0,0,0,0,0,5.86653E+20,5.97608E+21,1.03196E+16,5.39259E+16
5468,1,0,4,0,2018,9,17,4,3,5,3,0,1,1,0,0,0,0,0,5.64417E+20,5.99309E+21,9.98468E+15,5.4082E+16
5469,1,0,58,150,2018,8,17,5,3,5,3,0,1,1,0,0,0,0,0,5.71547E+20,6.03448E+21,1.01035E+16,5.44529E+16
5470,1,0,58,135,2018,7,16,2,3,5,3,0,1,0,0,0,0,1,0,5.45853E+20,6.01798E+21,9.70473E+15,5.43076E+16
5471,1,0,51,11,2018,8,11,3,3,5,3,0,0,1,0,1,0,0,0,5.05893E+20,5.97313E+21,9.08969E+15,5.39066E+16
5472,1,0,3,0,2018,7,16,2,3,4,6,0,1,0,0,0,0,0,0,6.09136E+20,5.97134E+21,1.06602E+16,5.3879E+16
5473,1,0,61,46,2018,9,2,1,2,8,1,2,0,1,0,0,0,0,0,5.32372E+20,5.97377E+21,9.49281E+15,5.39113E+16
5474,1,0,54,24,2018,7,22,3,3,0,1,1,1,0,0,0,0,0,0,5.02321E+20,6.05083E+21,9.03592E+15,5.46049E+16
5475,1,0,3,0,2018,9,10,7,2,2,3,0,1,1,0,1,0,0,0,6.10526E+20,5.96887E+21,1.06804E+16,5.38565E+16
5476,1,0,53,46,2018,8,7,5,2,4,6,0,0,1,0,0,0,0,1,6.16372E+20,5.93529E+21,1.07567E+16,5.35536E+16
5477,1,0,58,49,2018,8,11,5,3,2,2,0,0,1,0,0,0,0,0,5.51569E+20,6.01193E+21,9.79153E+15,5.42528E+16
5478,1,0,61,46,2018,8,13,5,3,5,3,0,0,1,0,0,0,0,0,5.34834E+20,5.9759E+21,9.53053E+15,5.39304E+16
5479,1,0,57,76,2018,9,12,4,2,5,3,0,1,1,0,0,0,0,0,5.93506E+20,6.02733E+21,1.04399E+16,5.43852E+16
5480,1,0,57,91,2018,7,4,7,1,6,4,2,0,1,1,0,0,0,0,5.78194E+20,6.01945E+21,1.02021E+16,5.43169E+16
5481,1,0,55,4,2018,9,17,2,3,5,2,0,1,1,0,0,0,0,0,6.11481E+20,5.97621E+21,1.06976E+16,5.39223E+16
5482,1,0,59,45,2018,8,15,7,3,0,7,0,1,0,0,0,0,0,0,5.6208E+20,6.0541E+21,9.96168E+15,5.46305E+16
5483,1,0,54,46,2018,7,19,6,3,3,6,0,1,0,0,0,0,0,0,4.54114E+20,6.06867E+21,8.28687E+15,5.47631E+16
5484,1,0,53,68,2018,8,11,7,3,5,3,0,0,1,0,0,0,0,1,6.01237E+20,5.9531E+21,1.05341E+16,5.37167E+16
5485,1,0,1,0,2018,8,16,5,3,5,2,0,1,1,0,0,0,0,0,5.26399E+20,6.07248E+21,9.41064E+15,5.47988E+16
5486,1,0,58,112,2018,9,11,6,2,5,2,0,0,1,0,0,0,1,0,5.64964E+20,6.02403E+21,9.99973E+15,5.436E+16
5487,1,0,57,7,2018,10,17,6,3,3,6,0,0,1,0,0,0,0,0,6.06765E+20,6.01697E+21,1.06402E+16,5.42895E+16
5488,1,0,3,0,2018,9,8,2,2,7,7,0,0,0,1,1,0,0,0,6.10213E+20,5.96912E+21,1.06758E+16,5.38589E+16
5489,1,0,53,20,2018,8,11,3,3,4,6,0,1,0,0,0,0,1,0,6.0722E+20,5.92742E+21,1.06159E+16,5.34848E+16
5490,1,0,56,39,2018,8,7,2,3,2,6,0,0,1,0,0,0,1,0,5.52397E+20,5.94656E+21,9.79301E+15,5.36652E+16
5491,1,0,58,53,2018,7,20,2,3,5,2,0,0,1,0,0,0,0,0,5.6868E+20,6.01198E+21,1.00541E+16,5.42512E+16
5492,1,0,60,44,2018,9,8,6,3,5,3,0,1,1,0,0,0,0,0,5.63508E+20,5.96553E+21,9.96504E+15,5.38344E+16
5493,1,0,62,92,2018,7,11,1,3,0,7,0,0,0,0,1,0,0,0,5.88239E+20,5.96566E+21,1.03408E+16,5.3832E+16
5494,1,0,55,44,2018,9,19,6,2,9,1,0,0,0,0,1,0,0,1,6.132E+20,5.98891E+21,1.07285E+16,5.4036E+16
5495,1,0,3,0,2018,8,7,4,3,4,6,0,0,1,0,0,0,0,0,6.12718E+20,5.96429E+21,1.07121E+16,5.38149E+16
5496,1,0,51,44,2018,9,15,2,3,2,6,0,0,1,0,0,0,0,0,5.0575E+20,6.00527E+21,9.08814E+15,5.41954E+16
5497,1,0,57,57,2018,7,6,6,3,2,6,0,0,1,0,1,0,0,0,5.91898E+20,6.0023E+21,1.04074E+16,5.41605E+16
5498,1,0,55,44,2018,9,12,1,3,3,6,0,1,1,0,0,0,0,0,6.1576E+20,5.9866E+21,1.07667E+16,5.40147E+16
5499,1,0,57,52,2018,8,15,6,3,9,7,0,0,1,0,0,0,0,0,5.94333E+20,6.01057E+21,1.04473E+16,5.42344E+16
5500,1,0,60,63,2018,7,7,4,3,5,3,0,1,1,0,0,0,0,0,5.67846E+20,5.95069E+21,1.00277E+16,5.37005E+16
5501,1,0,2,0,2018,8,7,6,3,5,3,0,0,1,0,1,0,0,1,5.73071E+20,6.01953E+21,1.01234E+16,5.43184E+16
5502,1,0,1,0,2018,9,19,7,3,0,3,1,1,1,0,0,0,0,0,5.3042E+20,6.07447E+21,9.47339E+15,5.48165E+16
5503,1,0,55,17,2018,7,7,3,1,4,1,0,0,1,0,0,1,0,0,6.33576E+20,6.02672E+21,1.10562E+16,5.43707E+16
5504,1,0,57,29,2018,9,22,5,3,9,1,2,0,1,0,0,0,0,0,5.97213E+20,6.02583E+21,1.04964E+16,5.43709E+16
5505,1,0,60,53,2018,10,0,4,3,2,6,2,0,1,0,0,0,0,1,5.82778E+20,5.97004E+21,1.0259E+16,5.38723E+16
5506,1,0,3,0,2018,7,15,4,3,2,6,0,0,1,0,0,0,0,0,6.09964E+20,5.9702E+21,1.06724E+16,5.38686E+16
5507,1,0,59,188,2018,8,19,4,2,8,7,0,0,1,0,0,0,0,0,5.13975E+20,6.02351E+21,9.21506E+15,5.43592E+16
5508,1,0,58,110,2018,8,14,1,3,0,1,0,0,0,0,1,0,0,1,5.60024E+20,6.03281E+21,9.9255E+15,5.44395E+16
5509,1,0,4,0,2018,8,14,1,3,2,6,0,0,1,0,0,0,0,0,5.64548E+20,5.99202E+21,9.98645E+15,5.40723E+16
5510,1,0,57,58,2018,7,21,2,3,4,6,1,0,1,0,0,0,1,0,5.79619E+20,6.00951E+21,1.02213E+16,5.42274E+16
5511,1,0,3,0,2018,9,5,5,3,5,3,2,1,1,0,0,0,0,0,6.09037E+20,5.96727E+21,1.06572E+16,5.38425E+16
5512,1,0,3,0,2018,9,15,4,3,5,3,0,1,1,0,0,0,0,0,6.12337E+20,5.97174E+21,1.0709E+16,5.38819E+16
5513,1,0,56,36,2018,8,14,2,3,3,6,0,0,1,0,0,0,1,0,5.44295E+20,5.94629E+21,9.67035E+15,5.36635E+16
5514,1,0,58,174,2018,9,14,1,2,5,3,0,0,1,0,0,0,0,0,5.60552E+20,6.05302E+21,9.93778E+15,5.4621E+16
5515,1,0,57,46,2018,9,7,5,2,2,6,0,0,1,0,0,0,1,1,5.87974E+20,6.00662E+21,1.03486E+16,5.42001E+16
5516,1,0,2,0,2018,7,7,3,3,5,2,0,1,1,0,0,0,0,0,5.73338E+20,6.02036E+21,1.01277E+16,5.43258E+16
5517,1,0,2,0,2018,7,16,2,3,2,6,0,0,1,0,1,0,0,0,5.74365E+20,6.0201E+21,1.01434E+16,5.43233E+16
5518,1,0,59,77,2018,9,9,3,3,5,2,0,0,1,0,0,0,1,0,5.28022E+20,6.04104E+21,9.43286E+15,5.45162E+16
5519,1,0,4,0,2018,7,5,6,2,5,3,0,0,1,0,0,1,0,0,5.63248E+20,5.98848E+21,9.96584E+15,5.40407E+16
5520,1,0,53,15,2018,9,16,1,3,8,1,0,0,0,0,1,0,0,0,6.10166E+20,5.92687E+21,1.06601E+16,5.34793E+16
5521,1,0,4,0,2018,8,13,6,3,2,6,0,0,1,0,0,0,0,1,5.65401E+20,5.99176E+21,9.99943E+15,5.40699E+16
5522,1,0,51,75,2018,7,7,4,2,4,1,0,0,1,0,0,0,0,0,5.02945E+20,6.00758E+21,9.04516E+15,5.42162E+16
5523,1,0,58,135,2018,8,21,6,3,8,1,2,0,1,0,0,0,0,1,5.40382E+20,6.02053E+21,9.621E+15,5.4331E+16
5524,1,0,1,0,2018,9,15,7,2,6,4,0,0,1,1,0,0,0,1,5.26601E+20,6.07197E+21,9.41373E+15,5.47942E+16
5525,1,0,60,5,2018,7,13,3,3,2,6,0,0,1,0,0,0,0,0,5.87482E+20,5.97578E+21,1.03322E+16,5.3923E+16
5526,1,0,55,38,2018,9,6,5,3,7,7,0,0,1,0,0,0,0,0,6.18284E+20,6.00261E+21,1.08115E+16,5.4158E+16
5527,1,0,1,0,2018,10,15,5,3,3,6,0,0,1,0,0,0,0,0,5.27974E+20,6.07028E+21,9.43493E+15,5.4779E+16
5528,1,0,51,44,2018,7,12,4,3,2,6,0,0,1,0,0,0,0,0,5.05913E+20,6.00529E+21,9.09063E+15,5.41956E+16
5529,1,0,2,0,2018,8,17,4,3,5,2,0,1,1,0,0,0,0,0,5.74017E+20,6.01971E+21,1.01379E+16,5.43198E+16
5530,1,0,53,37,2018,8,21,2,3,2,6,2,0,1,0,0,1,0,1,6.12809E+20,5.93439E+21,1.07026E+16,5.35462E+16
5531,1,0,62,60,2018,8,0,1,3,1,5,2,0,1,0,0,0,1,0,5.85399E+20,5.93543E+21,1.02893E+16,5.35608E+16
5532,1,0,55,33,2018,7,21,2,3,1,6,1,0,1,0,0,0,0,0,6.22655E+20,6.01568E+21,1.08837E+16,5.42743E+16
5533,1,0,56,47,2018,9,9,5,3,5,3,0,1,1,0,0,0,0,0,5.56974E+20,5.94957E+21,9.86283E+15,5.36917E+16
5534,1,0,57,70,2018,7,19,7,2,0,1,0,0,0,0,1,0,0,0,5.85859E+20,6.00855E+21,1.03167E+16,5.42178E+16
5535,1,0,53,20,2018,9,9,4,3,4,6,0,1,0,0,0,0,0,0,6.07409E+20,5.92664E+21,1.06185E+16,5.34777E+16
5536,1,0,61,46,2018,8,9,2,3,3,6,0,0,1,0,1,0,0,1,5.31667E+20,5.97621E+21,9.48233E+15,5.39333E+16
5537,1,0,56,36,2018,9,14,1,3,5,2,0,0,1,0,1,0,0,0,5.44729E+20,5.94771E+21,9.67713E+15,5.36762E+16
5538,1,0,4,0,2018,7,19,3,3,5,3,0,0,1,0,0,0,0,0,5.64609E+20,5.9926E+21,9.9875E+15,5.40776E+16
5539,1,0,60,64,2018,7,19,2,3,2,6,0,0,1,0,0,0,0,0,5.61675E+20,5.96733E+21,9.93756E+15,5.38508E+16
5540,1,0,1,0,2018,9,16,6,3,0,7,0,1,0,0,0,0,0,1,5.28775E+20,6.07157E+21,9.4475E+15,5.47905E+16
5541,1,0,1,0,2018,7,6,2,3,0,1,0,0,0,0,1,0,0,0,5.25627E+20,6.0681E+21,9.39824E+15,5.47595E+16
5542,1,0,3,0,2018,9,7,4,2,3,6,0,0,1,0,0,0,0,0,6.07256E+20,5.96985E+21,1.06311E+16,5.3866E+16
5543,1,0,54,42,2018,10,6,3,3,4,6,2,0,1,0,0,0,0,1,5.01667E+20,6.04214E+21,9.02576E+15,5.45268E+16
5544,1,0,62,60,2018,7,13,3,3,4,6,0,0,1,0,0,1,0,0,5.86309E+20,5.93574E+21,1.03031E+16,5.35635E+16
5545,1,0,55,16,2018,9,20,2,3,5,3,1,0,1,0,0,0,0,0,6.29546E+20,6.00666E+21,1.09856E+16,5.41916E+16
5546,1,0,62,90,2018,8,6,6,3,5,3,0,1,1,0,0,0,0,0,5.76659E+20,5.94928E+21,1.01608E+16,5.36866E+16
5547,1,0,56,48,2018,8,8,2,3,2,2,0,0,1,0,0,0,0,1,5.4758E+20,5.95028E+21,9.72069E+15,5.3699E+16
5548,1,0,56,17,2018,8,20,6,2,5,2,0,0,1,0,0,0,0,0,5.48064E+20,5.96447E+21,9.73022E+15,5.38265E+16
5549,1,0,51,13,2018,8,9,6,3,5,3,0,0,1,0,0,0,0,0,4.90787E+20,5.99858E+21,8.85898E+15,5.41353E+16
5550,1,0,62,25,2018,7,17,2,3,3,6,0,0,1,0,1,0,0,0,6.03538E+20,5.96698E+21,1.05736E+16,5.3841E+16
5551,1,0,60,11,2018,9,16,3,3,5,3,0,1,1,0,0,0,0,0,5.66656E+20,5.98575E+21,1.00173E+16,5.40157E+16
5552,1,0,56,44,2018,8,21,1,3,3,2,2,0,1,0,0,0,1,0,5.55732E+20,5.93932E+21,9.84219E+15,5.35997E+16
5553,1,0,51,81,2018,7,12,6,3,7,7,0,0,1,0,0,0,1,0,5.01357E+20,6.00405E+21,9.0208E+15,5.41845E+16
5554,1,0,59,183,2018,8,20,2,3,6,4,1,0,1,1,0,0,0,1,5.20615E+20,6.06996E+21,9.32049E+15,5.47764E+16
5555,1,0,54,168,2018,9,13,7,3,4,6,0,0,1,0,0,0,0,0,4.54883E+20,6.08205E+21,8.29674E+15,5.48835E+16
5556,1,0,56,41,2018,7,15,6,2,5,3,0,1,1,0,0,0,0,0,5.60505E+20,5.95603E+21,9.91755E+15,5.37494E+16
5557,1,0,57,80,2018,9,17,4,2,2,6,0,0,1,0,0,0,0,0,5.79524E+20,5.99715E+21,1.02166E+16,5.41163E+16
5558,1,0,59,103,2018,8,12,5,3,2,2,0,0,1,0,0,0,0,0,5.36194E+20,6.06449E+21,9.56199E+15,5.47264E+16