OBJECTID_1,ULAND,UREGBEZ,UKREIS,UGEMEINDE,UJAHR,UMONAT,USTUNDE,UWOCHENTAG,UKATEGORIE,UART,UTYP1,ULICHTVERH,IstRad,IstPKW,IstFuss,IstKrad,IstGkfz,IstSonstig,STRZUSTAND,LINREFX,LINREFY,XGCSWGS84,YGCSWGS84
5941,1,0,4,0,2018,9,10,5,3,5,3,0,1,0,0,0,0,0,0,5.65418E+20,5.99875E+21,1.00012E+16,5.41327E+16
5942,1,0,60,63,2018,10,16,5,3,3,6,0,0,1,0,0,0,0,1,5.62048E+20,5.94711E+21,9.93917E+15,5.36691E+16
5943,1,0,60,47,2018,7,6,4,3,5,3,0,1,1,0,0,0,0,0,5.66373E+20,5.96309E+21,1.0008E+16,5.38121E+16
5944,1,0,2,0,2018,8,14,4,3,3,6,0,1,0,0,0,0,0,0,5.71284E+20,6.01963E+21,1.00959E+16,5.43195E+16
5945,1,0,3,0,2018,8,11,1,3,5,3,0,0,1,0,1,0,0,0,6.09084E+20,5.97075E+21,1.06592E+16,5.38737E+16
5946,1,0,53,100,2018,8,9,1,3,0,7,0,1,0,0,0,0,0,0,6.17649E+20,5.95138E+21,1.0782E+16,5.36978E+16
5947,1,0,62,9,2018,7,12,1,2,2,6,0,0,1,0,0,0,0,0,5.82168E+20,5.9354E+21,1.02405E+16,5.35611E+16
5948,1,0,56,48,2018,9,12,5,2,5,2,0,0,1,0,0,0,0,0,5.50201E+20,5.95276E+21,9.76077E+15,5.37211E+16
5949,1,0,57,63,2018,7,22,7,3,4,6,2,0,1,0,0,0,0,0,5.81102E+20,6.02633E+21,1.02486E+16,5.43783E+16
5950,1,0,62,60,2018,9,11,4,3,2,6,0,0,1,0,0,0,0,0,5.84687E+20,5.93191E+21,1.02776E+16,5.35293E+16
5951,1,0,56,44,2018,8,10,2,3,2,6,0,0,1,0,0,0,0,1,5.55675E+20,5.93932E+21,9.84132E+15,5.35997E+16
5952,1,0,53,28,2018,9,11,1,3,1,5,0,0,1,0,0,0,0,0,5.8851E+20,5.92358E+21,1.03329E+16,5.34538E+16
5953,1,0,2,0,2018,7,18,3,3,2,6,0,0,1,0,0,0,0,0,5.75831E+20,6.01915E+21,1.01657E+16,5.43146E+16
5954,1,0,3,0,2018,7,11,1,3,2,6,0,0,1,0,0,0,0,0,6.06749E+20,5.96951E+21,1.06233E+16,5.38631E+16
5955,1,0,58,18,2018,9,9,6,2,9,6,0,0,1,0,0,0,1,0,5.65485E+20,6.00836E+21,1.00043E+16,5.4219E+16
5956,1,0,59,186,2018,7,12,2,3,5,2,0,0,1,0,0,0,0,0,5.46739E+20,6.06938E+21,9.72651E+15,5.47695E+16
5957,1,0,56,48,2018,9,14,3,3,5,3,0,1,1,0,0,0,0,0,5.47812E+20,5.94921E+21,9.72403E+15,5.36894E+16
5958,1,0,54,37,2018,10,12,3,3,4,6,0,0,1,0,0,0,0,1,5.10196E+20,6.05869E+21,9.15812E+15,5.46755E+16
5959,1,0,53,116,2018,7,16,3,3,0,1,0,1,0,0,0,0,0,0,5.98313E+20,5.92912E+21,1.04822E+16,5.35018E+16
5960,1,0,58,77,2018,9,5,2,2,5,3,2,0,1,0,0,0,1,0,5.43347E+20,5.99302E+21,9.66262E+15,5.40836E+16
5961,1,0,55,38,2018,8,13,6,3,2,2,0,0,1,0,0,0,0,0,6.14347E+20,6.00615E+21,1.07525E+16,5.41906E+16
5962,1,0,60,5,2018,8,8,2,3,5,3,0,0,1,0,1,0,0,1,5.86657E+20,5.97601E+21,1.03197E+16,5.39252E+16
5963,1,0,56,41,2018,8,12,6,3,5,3,0,0,1,0,0,0,1,0,5.58729E+20,5.95495E+21,9.89041E+15,5.37399E+16
5964,1,0,51,71,2018,8,15,6,3,3,2,0,0,1,0,0,0,0,0,5.01589E+20,6.01972E+21,9.02444E+15,5.43253E+16
5965,1,0,61,48,2018,7,6,7,3,0,7,0,0,0,0,1,0,0,0,5.31155E+20,5.98624E+21,9.47555E+15,5.40235E+16
5966,1,0,56,8,2018,9,12,3,3,5,3,0,1,1,0,0,0,0,0,5.48325E+20,5.96016E+21,9.73351E+15,5.37878E+16
5967,1,0,56,41,2018,8,14,1,2,5,3,0,1,0,0,0,0,0,0,5.5936E+20,5.95333E+21,9.89967E+15,5.37253E+16
5968,1,0,51,34,2018,7,2,6,3,9,2,2,0,1,0,0,0,0,0,4.89882E+20,5.98672E+21,8.84554E+15,5.40286E+16
5969,1,0,54,56,2018,8,8,2,3,5,2,0,0,1,0,0,0,0,1,5.03702E+20,6.03661E+21,9.05714E+15,5.44771E+16
5970,1,0,61,12,2018,9,18,6,3,2,2,0,0,1,0,0,1,0,0,5.28094E+20,5.9627E+21,9.42667E+15,5.38121E+16
5971,1,0,61,116,2018,9,17,3,3,2,1,0,0,1,0,1,1,0,1,5.48642E+20,5.97698E+21,9.74098E+15,5.39389E+16
5972,1,0,59,83,2018,8,13,5,3,2,2,0,0,1,0,0,0,0,0,5.50687E+20,6.05474E+21,9.78533E+15,5.46375E+16
5973,1,0,54,164,2018,7,18,2,2,0,7,0,1,0,0,0,0,0,0,4.70974E+20,6.06089E+21,8.54966E+15,5.46945E+16
5974,1,0,55,44,2018,8,19,3,3,2,2,0,0,1,0,1,0,0,0,6.15917E+20,5.98626E+21,1.0769E+16,5.40116E+16
5975,1,0,56,15,2018,7,12,7,3,0,1,0,1,0,0,0,0,0,0,5.43412E+20,5.95619E+21,9.65838E+15,5.37525E+16
5976,1,0,59,92,2018,9,6,1,3,6,4,0,0,1,1,0,0,0,0,5.20425E+20,6.04081E+21,9.3155E+15,5.45144E+16
5977,1,0,61,27,2018,7,19,2,3,5,3,0,0,1,0,0,0,0,0,5.30586E+20,5.95811E+21,9.46406E+15,5.37707E+16
5978,1,0,1,0,2018,9,20,7,3,2,6,2,0,1,0,0,0,0,1,5.28208E+20,6.07119E+21,9.43865E+15,5.47871E+16
5979,1,0,55,42,2018,8,11,5,3,8,1,0,0,1,0,0,0,0,1,6.16351E+20,5.98418E+21,1.07748E+16,5.39928E+16
5980,1,0,60,2,2018,8,17,5,3,2,6,0,0,1,0,0,0,0,0,5.6177E+20,5.9603E+21,9.93759E+15,5.37876E+16
5981,1,0,62,83,2018,8,17,5,3,8,1,0,0,0,0,0,0,1,0,5.98828E+20,5.95806E+21,1.04992E+16,5.37618E+16
5982,1,0,51,141,2018,9,13,3,3,5,3,0,0,1,0,0,0,0,0,5.09852E+20,6.01203E+21,9.15122E+15,5.42561E+16
5983,1,0,59,83,2018,7,12,7,3,2,6,0,0,1,0,0,0,0,0,5.48922E+20,6.05492E+21,9.758E+15,5.46393E+16
5984,1,0,4,0,2018,9,15,2,2,0,7,0,0,0,0,1,0,0,1,5.65146E+20,5.99338E+21,9.99588E+15,5.40845E+16
5985,1,0,58,146,2018,8,18,7,3,8,7,0,0,1,0,0,0,0,0,5.51431E+20,6.01859E+21,9.79055E+15,5.43126E+16
5986,1,0,56,42,2018,7,23,5,3,8,6,2,0,1,0,0,0,0,0,5.40702E+20,5.95559E+21,9.6172E+15,5.37474E+16
5987,1,0,4,0,2018,8,17,7,2,3,6,0,0,1,0,1,0,0,0,5.65879E+20,5.9909E+21,1.00065E+16,5.40621E+16
5988,1,0,59,112,2018,9,10,1,3,2,2,0,0,1,0,0,0,0,0,5.59764E+20,6.0678E+21,9.92861E+15,5.47539E+16
5989,1,0,53,90,2018,8,11,4,2,5,3,0,1,1,0,0,0,0,0,6.10914E+20,5.9414E+21,1.06765E+16,5.36097E+16
5990,1,0,59,186,2018,9,18,6,3,5,3,0,1,1,0,0,0,0,0,5.4542E+20,6.06938E+21,9.706E+15,5.47696E+16
5991,1,0,56,41,2018,10,14,5,3,5,3,0,0,1,0,1,0,0,1,5.59147E+20,5.9539E+21,9.89656E+15,5.37304E+16
5992,1,0,60,28,2018,7,22,5,3,2,6,2,0,1,0,0,0,0,0,5.72312E+20,5.98563E+21,1.01036E+16,5.40139E+16
5993,1,0,4,0,2018,9,13,2,3,5,3,0,1,1,0,0,0,0,1,5.63964E+20,5.9939E+21,9.97793E+15,5.40893E+16
5994,1,0,54,163,2018,7,20,6,3,0,1,0,1,0,0,0,0,0,0,4.70817E+20,6.06148E+21,8.54716E+15,5.46998E+16
5995,1,0,2,0,2018,8,15,3,3,5,2,0,1,1,0,0,0,0,1,5.73338E+20,6.01902E+21,1.01273E+16,5.43137E+16
5996,1,0,3,0,2018,8,11,2,3,3,6,0,0,1,0,1,0,0,0,6.09015E+20,5.96729E+21,1.06569E+16,5.38426E+16
5997,1,0,60,63,2018,7,8,7,3,5,2,0,1,1,0,0,0,0,0,5.67369E+20,5.94894E+21,1.00201E+16,5.36849E+16
5998,1,0,55,4,2018,9,15,6,3,5,3,0,1,1,0,0,0,0,0,6.11049E+20,5.97429E+21,1.06904E+16,5.39051E+16
5999,1,0,57,57,2018,7,17,1,3,5,3,0,0,1,0,0,0,0,0,5.92329E+20,6.00229E+21,1.0414E+16,5.41603E+16
6000,1,0,53,90,2018,9,21,5,3,5,2,2,0,1,0,0,0,0,0,6.11814E+20,5.94415E+21,1.06911E+16,5.36342E+16
6001,1,0,54,132,2018,8,19,4,2,5,3,0,0,1,0,1,0,0,0,5.02793E+20,6.03426E+21,9.04307E+15,5.4456E+16
6002,1,0,56,49,2018,9,7,2,3,5,2,0,1,1,0,0,0,0,0,5.44878E+20,5.9482E+21,9.67946E+15,5.36806E+16
6003,1,0,51,11,2018,7,9,5,3,5,3,0,0,1,0,0,0,0,0,5.11347E+20,5.97386E+21,9.17275E+15,5.39131E+16
6004,1,0,54,99,2018,9,4,1,3,9,1,2,0,1,0,0,0,0,0,5.14088E+20,6.03507E+21,9.21734E+15,5.44631E+16
6005,1,0,54,168,2018,8,16,6,3,3,6,0,1,0,0,0,0,0,0,4.54878E+20,6.08185E+21,8.29668E+15,5.48817E+16
6006,1,0,55,44,2018,7,17,4,3,6,4,0,0,1,1,0,0,0,0,6.15846E+20,5.98643E+21,1.07679E+16,5.40131E+16
6007,1,0,1,0,2018,8,18,6,3,0,2,0,1,1,0,0,0,0,0,5.2827E+20,6.07172E+21,9.43967E+15,5.47919E+16
6008,1,0,51,44,2018,9,16,6,3,5,3,0,1,0,0,0,0,1,1,5.07273E+20,6.00544E+21,9.11148E+15,5.41969E+16
6009,1,0,2,0,2018,7,8,3,3,5,3,0,1,1,0,0,0,0,0,5.72884E+20,6.02083E+21,1.01208E+16,5.43301E+16
6010,1,0,59,19,2018,9,14,5,3,2,6,0,0,1,0,0,0,0,0,5.32568E+20,6.03689E+21,9.50263E+15,5.44786E+16
6011,1,0,54,149,2018,10,12,4,3,2,7,0,0,1,0,0,0,0,0,4.57162E+20,6.08787E+21,8.33139E+15,5.4936E+16
6012,1,0,2,0,2018,7,10,4,3,0,7,0,0,1,0,0,0,0,0,5.73695E+20,6.02152E+21,1.01334E+16,5.43362E+16
6013,1,0,1,0,2018,9,5,3,3,6,2,2,0,1,1,0,0,0,1,5.27338E+20,6.07253E+21,9.42525E+15,5.47992E+16
6014,1,0,59,120,2018,9,14,7,3,8,1,0,1,0,0,0,0,0,0,5.24515E+20,6.07146E+21,9.38124E+15,5.47897E+16
6015,1,0,62,31,2018,8,16,3,3,0,7,0,1,0,0,0,0,0,0,5.98726E+20,5.96836E+21,1.05009E+16,5.38544E+16
6016,1,0,54,168,2018,8,13,1,2,6,6,0,1,0,1,0,0,0,1,4.56204E+20,6.08445E+21,8.31695E+15,5.49052E+16
6017,1,0,59,183,2018,8,12,1,3,2,6,0,0,1,0,1,0,0,0,5.21909E+20,6.0697E+21,9.34059E+15,5.4774E+16
6018,1,0,54,126,2018,11,17,5,3,5,2,1,0,1,0,0,0,1,0,4.95687E+20,6.06572E+21,8.93301E+15,5.47387E+16
6019,1,0,62,25,2018,10,6,2,3,9,7,1,0,1,0,0,0,0,0,6.03948E+20,5.96729E+21,1.05799E+16,5.38437E+16
6020,1,0,53,83,2018,12,16,4,3,6,2,1,0,1,1,0,0,0,0,6.03391E+20,5.915E+21,1.05541E+16,5.3374E+16
6021,1,0,3,0,2018,11,18,7,3,0,7,2,1,0,1,0,0,0,1,6.15089E+20,5.96787E+21,1.07494E+16,5.38465E+16
6022,1,0,57,33,2018,10,10,3,3,5,3,0,0,1,0,0,1,0,1,5.74917E+20,6.00782E+21,1.01488E+16,5.42129E+16
6023,2,2,5,215,2018,5,17,2,3,5,2,0,1,1,0,0,0,0,0,5.6089E+20,5.93541E+21,9.91935E+15,5.3564E+16
6024,2,2,5,216,2018,4,20,4,3,4,3,2,1,0,0,0,0,0,1,5.60701E+20,5.93545E+21,9.9165E+15,5.35644E+16
6025,2,6,1,601,2018,1,6,5,3,2,6,2,0,0,0,0,0,1,1,5.7535E+20,5.9314E+21,1.01367E+16,5.35261E+16
6026,1,0,56,39,2018,10,16,6,3,5,3,0,1,1,0,0,0,0,0,5.52286E+20,5.94519E+21,9.79109E+15,5.36528E+16
6027,1,0,62,1,2018,12,22,5,3,5,3,2,1,1,0,0,0,0,0,5.82792E+20,5.94869E+21,1.02535E+16,5.36804E+16
6028,1,0,58,1,2018,12,14,1,3,5,3,0,0,1,0,0,0,0,1,5.66124E+20,6.0178E+21,1.00162E+16,5.43038E+16
6029,1,0,56,5,2018,11,17,6,3,2,6,2,0,1,0,0,0,0,0,5.59952E+20,5.94594E+21,9.90721E+15,5.36588E+16
6030,1,0,1,0,2018,11,19,6,3,5,2,2,0,1,0,0,0,0,1,5.29813E+20,6.07059E+21,9.46354E+15,5.47816E+16
6031,1,0,61,34,2018,12,17,6,3,5,2,2,0,1,0,0,0,0,1,5.31161E+20,5.97614E+21,9.47461E+15,5.39327E+16
6032,1,0,59,43,2018,11,8,4,3,2,2,0,0,1,0,0,1,0,1,5.35146E+20,6.0358E+21,9.54228E+15,5.44686E+16
6033,1,0,4,0,2018,11,16,4,3,2,6,2,0,1,0,0,0,0,0,5.64069E+20,5.99494E+21,9.97975E+15,5.40987E+16
6034,1,0,57,91,2018,10,13,6,3,5,3,0,0,1,0,0,0,0,1,5.81569E+20,6.01545E+21,1.02529E+16,5.42805E+16
6035,1,0,62,25,2018,10,15,5,3,8,7,0,0,1,0,0,0,0,0,6.05248E+20,5.96779E+21,1.05999E+16,5.3848E+16
6036,2,7,10,711,2018,2,11,1,2,8,1,0,0,1,0,0,0,0,1,5.61233E+20,5.92302E+21,9.92211E+15,5.34526E+16
6037,1,0,2,0,2018,11,16,4,3,2,6,0,0,1,0,0,0,0,0,5.69783E+20,6.01864E+21,1.00726E+16,5.43108E+16
6038,1,0,3,0,2018,12,11,2,3,3,6,0,0,1,0,0,1,0,1,6.11147E+20,5.96832E+21,1.06897E+16,5.38515E+16
6039,1,0,59,68,2018,12,6,4,3,9,1,2,0,1,0,0,0,0,2,5.56243E+20,6.05535E+21,9.87151E+15,5.46424E+16
6040,1,0,58,78,2018,10,4,1,2,8,1,2,0,1,0,0,0,0,0,5.33294E+20,6.01896E+21,9.51182E+15,5.43174E+16
6041,1,0,61,41,2018,12,16,2,2,8,1,1,0,1,0,0,0,0,0,5.39835E+20,5.966E+21,9.6054E+15,5.3841E+16
6042,2,4,7,417,2018,4,18,6,3,5,2,0,1,1,0,0,0,0,0,5.68506E+20,5.93552E+21,1.00343E+16,5.35641E+16
6043,1,0,55,28,2018,11,6,5,3,5,3,1,1,1,0,0,0,0,0,6.02315E+20,6.00286E+21,1.05671E+16,5.41636E+16
6044,1,0,59,53,2018,12,7,2,3,5,3,2,0,1,0,0,0,0,2,5.32382E+20,6.02848E+21,9.49885E+15,5.4403E+16
6045,2,3,4,316,2018,3,14,1,2,2,7,0,0,1,0,0,0,0,0,5.63889E+20,5.93733E+21,9.96502E+15,5.3581E+16
6046,1,0,56,48,2018,10,19,6,3,5,3,1,1,1,0,0,0,0,0,5.47246E+20,5.9497E+21,9.71554E+15,5.36938E+16
6047,1,0,1,0,2018,12,18,4,3,6,6,2,1,0,1,0,0,0,0,5.28214E+20,6.07084E+21,9.4387E+15,5.4784E+16
6048,1,0,53,116,2018,11,15,3,3,2,6,0,0,1,0,0,0,0,0,5.9878E+20,5.929E+21,1.04892E+16,5.35007E+16
6049,1,0,4,0,2018,12,8,6,2,5,3,0,1,1,0,0,0,0,1,5.65353E+20,5.99017E+21,9.99835E+15,5.40556E+16
6050,1,0,4,0,2018,11,19,7,2,6,4,2,0,1,1,0,0,0,1,5.64502E+20,5.99363E+21,9.98609E+15,5.40869E+16
6051,1,0,55,12,2018,10,15,4,2,3,6,0,0,0,0,1,0,0,0,6.01096E+20,5.99938E+21,1.05473E+16,5.41326E+16
6052,1,0,2,0,2018,12,23,6,3,5,2,2,0,1,0,0,0,0,1,5.71806E+20,6.02182E+21,1.01045E+16,5.43392E+16
6053,1,0,51,44,2018,11,10,2,3,2,6,0,0,1,0,0,0,0,0,5.0601E+20,6.00318E+21,9.09208E+15,5.41767E+16
6054,1,0,3,0,2018,11,14,2,3,2,6,0,0,1,0,0,0,0,0,6.10837E+20,5.96786E+21,1.06848E+16,5.38474E+16
6055,1,0,1,0,2018,10,12,5,3,5,3,0,0,1,0,1,0,0,1,5.26143E+20,6.06794E+21,9.40625E+15,5.4758E+16
6056,2,1,16,136,2018,4,12,7,3,3,6,0,0,1,0,1,0,0,0,5.673E+20,5.93032E+21,1.0015E+16,5.35175E+16
6057,1,0,55,32,2018,10,14,3,3,2,6,0,0,1,0,0,0,0,0,6.18156E+20,5.99684E+21,1.08072E+16,5.41061E+16
6058,2,7,14,715,2018,1,18,2,3,3,6,2,0,1,0,0,0,0,1,5.57234E+20,5.92506E+21,9.86226E+15,5.34714E+16
6059,1,0,61,3,2018,12,15,7,2,5,2,0,0,1,0,0,0,0,0,5.28942E+20,5.98682E+21,9.44184E+15,5.40289E+16
6060,1,0,2,0,2018,12,8,3,3,2,6,1,0,1,0,0,0,0,1,5.72136E+20,6.02128E+21,1.01094E+16,5.43343E+16
6061,1,0,53,100,2018,12,9,6,3,9,7,0,0,1,0,0,0,0,0,6.14228E+20,5.95062E+21,1.07299E+16,5.36918E+16
6062,1,0,4,0,2018,11,3,3,3,5,3,2,0,1,0,0,0,0,0,5.63775E+20,5.99161E+21,9.97455E+15,5.40687E+16
6063,1,0,51,72,2018,12,15,6,2,2,2,0,0,1,0,0,0,0,1,5.00611E+20,5.97775E+21,9.00932E+15,5.39481E+16
6064,1,0,60,5,2018,10,10,6,3,7,7,0,1,0,0,0,0,0,0,5.86005E+20,5.9769E+21,1.031E+16,5.39333E+16
6065,1,0,62,76,2018,12,18,2,3,2,6,2,0,1,0,0,0,0,1,5.72655E+20,5.95371E+21,1.01012E+16,5.3727E+16
6066,1,0,3,0,2018,11,9,2,3,0,1,0,1,0,0,0,0,0,1,6.11402E+20,5.96936E+21,1.06939E+16,5.38607E+16
6067,1,0,4,0,2018,11,13,6,3,5,3,0,0,1,0,0,0,0,0,5.64976E+20,5.99301E+21,9.99319E+15,5.40812E+16
6068,1,0,54,70,2018,12,8,5,3,5,3,1,0,1,0,0,0,1,1,5.04219E+20,6.02607E+21,9.06496E+15,5.43824E+16
6069,1,0,60,88,2018,10,15,7,3,8,1,0,0,0,0,1,0,0,0,5.74731E+20,5.96996E+21,1.01366E+16,5.38727E+16
6070,2,1,12,130,2018,3,8,7,3,2,2,0,0,1,0,0,0,0,0,5.72923E+20,5.93283E+21,1.01004E+16,5.35393E+16
6071,1,0,54,161,2018,11,11,6,3,8,1,0,0,1,0,0,0,0,1,5.0255E+20,6.0291E+21,9.03929E+15,5.44096E+16
6072,1,0,1,0,2018,10,8,3,3,6,4,0,0,1,1,0,0,0,1,5.27066E+20,6.07147E+21,9.42092E+15,5.47897E+16
6073,1,0,54,88,2018,12,7,5,3,6,4,2,0,1,1,0,0,0,1,4.8894E+20,6.07128E+21,8.82801E+15,5.47886E+16
6074,1,0,61,95,2018,11,12,1,3,8,1,0,0,1,0,0,0,0,1,5.16644E+20,5.97257E+21,9.25332E+15,5.39013E+16
6075,1,0,62,4,2018,10,8,3,3,2,6,0,0,1,0,0,0,0,1,5.88498E+20,5.96202E+21,1.03437E+16,5.37992E+16
6076,2,3,6,318,2018,5,9,3,3,5,3,0,1,0,0,0,0,0,0,5.62071E+20,5.94222E+21,9.93854E+15,5.36251E+16
6077,2,1,6,115,2018,4,6,3,3,3,6,0,0,1,0,0,0,0,0,5.67862E+20,5.93314E+21,1.00241E+16,5.35428E+16
6078,1,0,61,87,2018,10,11,1,3,0,6,0,0,1,0,0,0,1,0,5.33477E+20,5.99237E+21,9.51168E+15,5.40785E+16
6079,2,1,6,115,2018,1,6,1,3,1,6,2,0,1,0,0,0,1,1,5.67277E+20,5.93351E+21,1.00154E+16,5.35462E+16
6080,1,0,56,48,2018,10,10,6,3,0,1,0,0,0,0,1,0,0,0,5.47333E+20,5.95016E+21,9.71692E+15,5.3698E+16
6081,1,0,56,43,2018,12,22,4,3,9,1,2,0,1,0,0,0,0,1,5.54119E+20,5.94614E+21,9.819E+15,5.36612E+16
6082,1,0,2,0,2018,11,16,2,3,6,7,2,1,0,1,0,0,0,1,5.73875E+20,6.02004E+21,1.01358E+16,5.43229E+16
6083,1,0,3,0,2018,11,13,7,3,6,3,0,0,1,1,0,0,0,0,6.115E+20,5.97024E+21,1.06957E+16,5.38686E+16
6084,1,0,3,0,2018,12,17,1,3,5,3,2,1,1,0,0,0,0,1,6.10105E+20,5.96996E+21,1.06744E+16,5.38664E+16
6085,1,0,61,30,2018,11,22,4,3,8,1,2,0,1,0,0,0,0,0,5.3537E+20,5.96608E+21,9.53756E+15,5.3842E+16
6086,1,0,53,2,2018,11,14,5,3,9,1,0,0,1,0,0,0,0,1,6.0862E+20,5.94227E+21,1.06421E+16,5.3618E+16
6087,1,0,59,132,2018,10,16,7,3,2,6,0,0,1,0,0,0,0,0,5.1521E+20,6.05238E+21,9.23555E+15,5.46187E+16
6088,1,0,58,169,2018,11,3,1,2,9,7,2,0,1,0,0,0,0,0,5.60401E+20,5.99173E+21,9.92302E+15,5.40702E+16
6089,1,0,60,63,2018,12,8,3,3,5,2,1,1,1,0,0,0,0,1,5.6424E+20,5.94872E+21,9.97267E+15,5.36832E+16
6090,1,0,1,0,2018,10,19,6,3,6,4,2,1,0,1,0,0,0,0,5.29835E+20,6.07365E+21,9.4642E+15,5.48091E+16
6091,2,2,5,215,2018,2,21,2,2,5,7,2,0,1,0,0,1,0,0,5.61544E+20,5.93536E+21,9.92921E+15,5.35635E+16
6092,1,0,62,82,2018,11,15,4,3,0,7,0,1,0,0,0,0,0,0,5.93233E+20,5.94092E+21,1.04092E+16,5.36088E+16
6093,1,0,54,106,2018,10,20,1,3,9,1,2,0,1,0,0,0,0,0,5.09506E+20,6.0326E+21,9.14657E+15,5.44411E+16
6094,1,0,55,38,2018,12,5,4,3,8,1,2,0,1,0,0,0,0,2,6.16391E+20,6.00416E+21,1.07831E+16,5.41723E+16
6095,1,0,51,34,2018,10,11,2,3,2,2,0,0,1,0,0,0,0,0,4.95742E+20,5.98335E+21,8.93504E+15,5.39985E+16
6096,2,2,3,209,2018,1,19,4,2,3,6,2,1,0,0,0,0,1,1,5.62581E+20,5.93532E+21,9.94486E+15,5.35631E+16
6097,2,7,1,702,2018,5,10,6,3,3,6,0,0,1,0,0,1,0,0,5.65888E+20,5.92363E+21,9.99233E+15,5.34576E+16
6098,1,0,56,50,2018,11,6,6,3,4,6,2,0,1,0,0,0,0,1,5.4493E+20,5.9395E+21,9.67898E+15,5.36024E+16
6099,1,0,57,15,2018,12,7,3,1,8,1,2,0,1,0,0,0,0,1,5.85873E+20,5.99842E+21,1.03141E+16,5.41267E+16
6100,2,1,6,115,2018,3,14,6,3,3,6,0,0,1,0,0,0,1,0,5.66838E+20,5.93368E+21,1.00088E+16,5.35478E+16
6101,2,1,16,136,2018,1,6,2,3,9,1,2,0,1,0,0,0,0,2,5.7023E+20,5.92944E+21,1.0059E+16,5.35093E+16
6102,1,0,56,39,2018,10,16,6,3,5,3,0,0,1,0,0,0,0,0,5.52017E+20,5.94587E+21,9.78714E+15,5.3659E+16
6103,1,0,54,76,2018,12,7,5,3,6,2,2,0,1,1,0,0,0,1,4.98019E+20,6.06959E+21,8.9692E+15,5.47736E+16
6104,1,0,3,0,2018,12,13,7,3,2,2,0,0,1,0,0,0,0,0,6.08393E+20,5.96811E+21,1.06478E+16,5.38501E+16
6105,1,0,58,92,2018,11,10,6,3,2,6,0,0,1,0,0,0,0,0,5.71396E+20,6.02238E+21,1.00983E+16,5.43442E+16
6106,1,0,60,49,2018,11,17,5,2,8,6,2,1,0,0,0,0,0,0,5.86653E+20,5.98005E+21,1.03208E+16,5.39615E+16
6107,1,0,53,100,2018,12,11,6,2,0,7,0,1,0,0,0,0,0,1,6.16783E+20,5.95152E+21,1.0769E+16,5.36993E+16
6108,1,0,60,63,2018,11,11,3,3,6,4,0,0,1,1,0,0,0,0,5.65777E+20,5.94858E+21,9.99591E+15,5.36818E+16
6109,1,0,60,39,2018,11,20,3,3,5,3,2,1,1,0,0,0,0,0,5.64308E+20,5.95987E+21,9.97602E+15,5.37835E+16
6110,1,0,51,72,2018,10,18,5,3,5,3,1,1,1,0,0,0,0,0,5.00568E+20,5.97841E+21,9.00866E+15,5.39541E+16
6111,1,0,3,0,2018,10,16,4,3,0,3,0,0,0,0,1,0,1,0,6.11236E+20,5.9691E+21,1.06913E+16,5.38584E+16
6112,2,3,1,306,2018,2,7,6,3,1,6,0,0,1,0,0,0,1,0,5.63522E+20,5.93661E+21,9.95933E+15,5.35745E+16
6113,1,0,59,42,2018,12,15,2,3,5,3,0,0,1,0,0,0,0,1,5.3119E+20,6.04773E+21,9.48251E+15,5.45761E+16
6114,1,0,55,4,2018,12,6,4,3,9,1,2,0,1,0,0,0,0,2,6.13237E+20,5.97569E+21,1.07242E+16,5.39172E+16
6115,1,0,59,45,2018,12,14,1,3,0,2,0,0,0,0,1,0,0,0,5.59516E+20,6.05729E+21,9.92262E+15,5.46595E+16
6116,2,7,10,711,2018,4,7,4,3,6,2,0,0,1,1,0,0,0,1,5.62752E+20,5.92509E+21,9.9454E+15,5.3471E+16
6117,1,0,60,44,2018,11,13,4,3,2,6,0,0,1,0,0,0,0,0,5.63855E+20,5.96355E+21,9.9699E+15,5.38166E+16
6118,1,0,2,0,2018,12,14,1,3,2,2,0,0,1,0,0,0,0,0,5.7551E+20,6.0194E+21,1.01608E+16,5.43169E+16
6119,2,1,14,132,2018,3,11,4,3,1,6,0,0,1,0,0,0,0,0,5.68427E+20,5.93278E+21,1.00326E+16,5.35395E+16
6120,1,0,60,48,2018,10,10,6,3,5,1,0,0,1,0,0,0,0,0,5.87025E+20,5.9746E+21,1.03249E+16,5.39125E+16
6121,1,0,56,35,2018,12,9,3,3,8,1,0,0,1,0,0,0,0,2,5.50777E+20,5.96551E+21,9.7716E+15,5.38356E+16
6122,1,0,2,0,2018,11,17,3,3,2,6,2,0,1,0,0,0,0,0,5.72519E+20,6.01831E+21,1.01146E+16,5.43076E+16
6123,1,0,62,78,2018,12,3,6,3,2,6,2,0,1,0,0,0,1,1,5.8807E+20,5.95247E+21,1.03345E+16,5.37134E+16
6124,1,0,61,46,2018,11,9,6,3,5,2,0,0,1,0,0,1,0,1,5.34758E+20,5.97594E+21,9.52937E+15,5.39307E+16
6125,1,0,56,15,2018,10,11,3,3,2,1,0,0,1,0,0,0,0,1,5.44722E+20,5.95753E+21,9.67845E+15,5.37645E+16
6126,1,0,62,71,2018,12,16,5,3,5,3,2,1,1,0,0,0,0,1,5.80759E+20,5.94042E+21,1.02206E+16,5.36063E+16
6127,1,0,53,116,2018,11,15,2,3,8,1,0,0,1,0,0,0,0,1,5.95165E+20,5.93221E+21,1.04357E+16,5.35302E+16
6128,1,0,2,0,2018,11,12,2,3,2,6,0,0,1,0,0,0,1,1,5.73307E+20,6.01783E+21,1.01266E+16,5.43031E+16
6129,1,0,60,34,2018,10,11,4,3,5,7,0,0,1,0,0,0,1,0,5.70041E+20,5.97274E+21,1.00659E+16,5.38984E+16
6130,2,3,5,317,2018,4,20,4,3,6,3,0,1,0,1,0,0,0,0,5.63907E+20,5.93917E+21,9.96567E+15,5.35975E+16