OBJECTID_1,ULAND,UREGBEZ,UKREIS,UGEMEINDE,UJAHR,UMONAT,USTUNDE,UWOCHENTAG,UKATEGORIE,UART,UTYP1,ULICHTVERH,IstRad,IstPKW,IstFuss,IstKrad,IstGkfz,IstSonstig,STRZUSTAND,LINREFX,LINREFY,XGCSWGS84,YGCSWGS84
6131,1,0,60,68,2018,10,17,2,3,9,1,0,0,1,0,0,0,0,0,5.75874E+20,5.98592E+21,1.0158E+16,5.4016E+16
6132,2,7,14,715,2018,1,13,6,3,5,3,0,1,1,0,0,0,0,0,5.56904E+20,5.92509E+21,9.85729E+15,5.34717E+16
6133,1,0,60,14,2018,10,14,6,2,8,7,0,0,1,0,0,0,0,0,5.71274E+20,5.97504E+21,1.00852E+16,5.39188E+16
6134,1,0,1,0,2018,12,23,7,3,5,2,2,0,1,0,0,0,0,1,5.26673E+20,6.07008E+21,9.41468E+15,5.47773E+16
6135,1,0,51,44,2018,12,10,2,3,5,3,0,1,1,0,0,0,0,1,5.06416E+20,6.00525E+21,9.09835E+15,5.41953E+16
6136,1,0,62,60,2018,12,16,5,3,4,6,2,0,1,0,0,0,0,1,5.85938E+20,5.93196E+21,1.02965E+16,5.35295E+16
6137,1,0,58,44,2018,11,19,3,2,4,6,2,0,1,0,0,0,0,0,5.6055E+20,5.99E+21,9.92495E+15,5.40547E+16
6138,1,0,2,0,2018,12,19,6,3,5,3,2,1,1,0,0,0,0,0,5.7259E+20,6.0239E+21,1.0117E+16,5.43577E+16
6139,1,0,53,85,2018,10,8,6,2,4,6,0,0,1,0,0,1,0,0,5.97415E+20,5.94617E+21,1.0474E+16,5.36552E+16
6140,1,0,3,0,2018,12,22,2,3,2,6,2,0,1,0,0,0,0,0,6.0985E+20,5.97032E+21,1.06707E+16,5.38697E+16
6141,1,0,51,89,2018,11,17,1,2,9,1,2,0,1,0,0,0,0,0,5.1247E+20,5.98458E+21,9.19028E+15,5.40094E+16
6142,1,0,55,15,2018,11,16,6,3,9,6,2,0,1,0,0,0,0,0,6.25989E+20,6.0227E+21,1.09378E+16,5.43365E+16
6143,1,0,3,0,2018,11,7,6,3,4,6,1,1,0,0,0,0,0,0,6.11187E+20,5.96602E+21,1.06895E+16,5.38308E+16
6144,1,0,3,0,2018,12,18,4,3,6,4,2,1,0,1,0,0,0,1,6.13068E+20,5.96979E+21,1.07194E+16,5.38643E+16
6145,1,0,58,121,2018,10,10,7,3,5,2,0,1,0,0,0,0,1,0,5.65735E+20,6.03089E+21,1.00131E+16,5.44215E+16
6146,2,3,9,321,2018,3,8,6,3,1,6,0,0,1,0,0,0,0,0,5.62341E+20,5.9364E+21,9.94144E+15,5.35727E+16
6147,1,0,62,1,2018,11,15,5,3,2,2,0,0,1,0,0,0,0,0,5.81321E+20,5.94904E+21,1.02313E+16,5.36837E+16
6148,1,0,62,1,2018,10,5,2,3,5,2,2,0,1,0,0,0,0,0,5.7916E+20,5.94438E+21,1.01974E+16,5.36422E+16
6149,1,0,61,95,2018,12,7,4,3,9,1,1,0,1,0,0,0,0,2,5.17926E+20,5.97007E+21,9.27268E+15,5.38787E+16
6150,1,0,58,172,2018,11,14,1,2,8,7,0,0,1,0,0,0,0,1,5.43441E+20,6.01345E+21,9.66701E+15,5.42671E+16
6151,1,0,3,0,2018,10,11,3,3,4,6,0,0,1,0,0,0,0,1,6.10905E+20,5.96909E+21,1.06863E+16,5.38585E+16
6152,2,3,6,318,2018,5,21,6,3,9,1,1,0,1,0,0,0,0,0,5.64609E+20,5.94465E+21,9.97741E+15,5.36466E+16
6153,1,0,2,0,2018,12,17,6,3,5,3,2,0,1,0,0,0,0,1,5.70942E+20,6.0231E+21,1.00915E+16,5.43508E+16
6154,1,0,54,132,2018,11,10,7,3,2,2,0,0,1,0,0,0,0,0,5.03033E+20,6.03374E+21,9.04678E+15,5.44514E+16
6155,1,0,62,4,2018,10,7,4,3,8,1,0,0,1,0,0,0,0,1,5.87065E+20,5.96071E+21,1.03216E+16,5.37877E+16
6156,1,0,51,44,2018,12,10,5,1,4,6,0,0,1,0,0,0,1,1,5.05986E+20,6.00337E+21,9.09172E+15,5.41784E+16
6157,1,0,56,39,2018,11,16,2,3,5,2,1,1,1,0,0,0,0,1,5.52398E+20,5.94654E+21,9.79302E+15,5.3665E+16
6158,1,0,3,0,2018,11,6,2,3,6,4,2,0,1,1,0,0,0,0,6.11095E+20,5.9688E+21,1.06891E+16,5.38558E+16
6159,1,0,61,118,2018,10,7,4,2,9,1,0,0,1,0,0,0,0,1,5.2977E+20,5.95736E+21,9.45161E+15,5.3764E+16
6160,2,4,5,409,2018,4,9,6,2,6,4,0,0,0,1,0,0,1,0,5.66085E+20,5.93886E+21,9.9985E+15,5.35944E+16
6161,1,0,54,99,2018,10,16,3,2,9,1,0,0,1,0,0,0,0,0,5.17122E+20,6.03478E+21,9.26413E+15,5.44604E+16
6162,2,3,9,321,2018,1,17,2,3,2,6,2,0,1,0,0,0,1,1,5.61809E+20,5.93761E+21,9.93365E+15,5.35837E+16
6163,1,0,62,90,2018,10,17,6,2,8,7,0,0,1,0,0,0,0,0,5.75648E+20,5.94829E+21,1.01453E+16,5.36779E+16
6164,1,0,2,0,2018,12,23,7,3,5,2,2,0,1,0,0,0,0,0,5.73636E+20,6.0208E+21,1.01323E+16,5.43297E+16
6165,1,0,59,158,2018,12,20,3,3,4,6,2,0,1,0,0,0,0,0,5.13118E+20,6.06888E+21,9.20389E+15,5.4767E+16
6166,1,0,59,75,2018,12,17,6,3,2,6,2,0,1,0,0,0,0,1,5.32996E+20,6.0425E+21,9.50987E+15,5.4529E+16
6167,1,0,1,0,2018,11,17,3,3,6,2,2,0,1,1,0,0,0,1,5.2821E+20,6.07119E+21,9.43867E+15,5.47872E+16
6168,1,0,3,0,2018,12,8,6,3,0,3,1,1,1,0,0,0,0,0,6.11402E+20,5.97105E+21,1.06946E+16,5.38759E+16
6169,1,0,62,11,2018,10,7,6,3,0,7,0,0,0,0,1,0,0,0,5.81902E+20,5.94071E+21,1.02379E+16,5.36088E+16
6170,1,0,53,135,2018,12,11,2,3,4,6,0,0,1,0,0,0,0,1,5.9294E+20,5.92428E+21,1.03998E+16,5.34594E+16
6171,1,0,57,66,2018,11,8,2,3,7,7,0,0,1,0,0,0,0,1,5.84889E+20,6.0147E+21,1.03036E+16,5.42732E+16
6172,1,0,54,76,2018,11,13,6,2,5,3,0,1,1,0,0,0,0,0,4.98871E+20,6.06938E+21,8.98245E+15,5.47717E+16
6173,1,0,56,50,2018,11,16,6,3,5,2,2,1,1,0,0,0,0,0,5.47243E+20,5.93729E+21,9.7136E+15,5.35824E+16
6174,2,1,16,136,2018,5,12,5,3,2,6,0,0,1,0,0,0,0,0,5.67998E+20,5.93025E+21,1.00255E+16,5.35167E+16
6175,1,0,62,4,2018,12,21,4,3,6,2,2,0,1,1,0,0,0,1,5.91409E+20,5.96301E+21,1.03882E+16,5.38076E+16
6176,1,0,56,9,2018,10,16,6,3,2,6,0,0,1,0,0,0,0,0,5.52768E+20,5.94815E+21,9.79889E+15,5.36794E+16
6177,1,0,3,0,2018,10,18,7,3,2,6,2,0,1,0,0,0,0,0,6.09403E+20,5.97096E+21,1.06641E+16,5.38756E+16
6178,2,3,9,321,2018,3,14,6,3,2,6,0,0,1,0,0,0,0,0,5.61148E+20,5.93885E+21,9.92391E+15,5.35949E+16
6179,1,0,56,50,2018,11,10,5,3,5,2,0,1,1,0,0,0,0,0,5.48104E+20,5.93751E+21,9.72664E+15,5.35842E+16
6180,1,0,61,46,2018,10,21,2,3,1,5,2,0,1,0,0,1,0,0,5.32048E+20,5.97614E+21,9.48812E+15,5.39327E+16
6181,1,0,58,98,2018,12,17,5,3,3,6,2,0,1,0,0,1,0,1,5.62968E+20,6.00068E+21,9.96411E+15,5.41503E+16
6182,1,0,60,36,2018,11,20,1,3,7,7,2,0,1,0,0,0,0,1,5.63471E+20,5.97302E+21,9.96603E+15,5.39017E+16
6183,1,0,3,0,2018,10,14,3,3,5,2,0,1,1,0,0,0,0,1,6.09568E+20,5.96767E+21,1.06655E+16,5.3846E+16
6184,2,1,16,136,2018,5,18,7,2,2,6,0,0,1,0,0,0,0,0,5.687E+20,5.92792E+21,1.00356E+16,5.34957E+16
6185,1,0,54,72,2018,10,1,1,3,9,1,2,0,1,0,0,0,0,0,4.92834E+20,6.02475E+21,8.8897E+15,5.43705E+16
6186,2,2,5,217,2018,4,10,2,3,2,2,0,0,1,0,0,0,0,0,5.58318E+20,5.93591E+21,9.88062E+15,5.35688E+16
6187,1,0,55,39,2018,10,16,1,3,4,5,0,0,1,0,0,0,0,0,6.16245E+20,5.99381E+21,1.07769E+16,5.40794E+16
6188,2,1,3,106,2018,1,15,6,3,2,6,0,0,1,0,0,0,0,1,5.64691E+20,5.93383E+21,9.9764E+15,5.35494E+16
6189,1,0,53,104,2018,10,20,6,3,8,1,2,0,1,0,0,0,0,0,6.08346E+20,5.93338E+21,1.06349E+16,5.35382E+16
6190,1,0,59,168,2018,12,12,3,3,0,1,0,1,0,0,0,0,0,1,5.57974E+20,6.06182E+21,9.89961E+15,5.47003E+16
6191,1,0,61,42,2018,11,5,1,3,1,7,2,0,0,0,1,0,1,0,5.4146E+20,5.98033E+21,9.63204E+15,5.39696E+16
6192,1,0,54,99,2018,11,12,7,2,5,3,0,0,1,0,1,0,0,0,5.14967E+20,6.03504E+21,9.2309E+15,5.44628E+16
6193,1,0,56,13,2018,12,12,7,3,5,2,0,1,1,0,0,0,0,1,5.58615E+20,5.94613E+21,9.88702E+15,5.36606E+16
6194,1,0,62,76,2018,11,18,4,3,4,6,2,0,0,0,0,0,1,0,5.70686E+20,5.95514E+21,1.00717E+16,5.37401E+16
6195,1,0,55,43,2018,11,14,5,3,2,2,0,0,1,0,0,0,0,1,6.12611E+20,6.01798E+21,1.07304E+16,5.42973E+16
6196,1,0,60,70,2018,10,19,7,2,5,3,2,0,1,0,0,1,0,1,5.83745E+20,5.97849E+21,1.0276E+16,5.3948E+16
6197,1,0,3,0,2018,12,7,3,3,5,3,1,1,1,0,0,0,0,1,6.1417E+20,5.97057E+21,1.07365E+16,5.38711E+16
6198,1,0,60,50,2018,10,8,5,3,8,1,0,0,1,0,0,0,0,0,5.87851E+20,5.98233E+21,1.03397E+16,5.39818E+16
6199,2,4,7,417,2018,2,15,5,3,5,2,0,1,1,0,0,0,0,1,5.68525E+20,5.93552E+21,1.00346E+16,5.3564E+16
6200,1,0,55,12,2018,11,11,4,3,0,7,0,1,0,0,0,0,0,1,6.01885E+20,5.99933E+21,1.05593E+16,5.4132E+16
6201,1,0,58,169,2018,10,12,7,3,2,3,0,0,1,0,0,0,0,0,5.60936E+20,5.99159E+21,9.93118E+15,5.40689E+16
6202,1,0,58,29,2018,12,7,4,3,9,1,2,0,1,0,0,0,0,2,5.38267E+20,6.00612E+21,9.58663E+15,5.42016E+16
6203,1,0,55,36,2018,10,7,2,3,2,6,1,0,1,0,0,0,0,1,6.30366E+20,6.01061E+21,1.09998E+16,5.42269E+16
6204,2,2,3,208,2018,1,3,2,3,6,4,2,0,1,1,0,0,0,1,5.63226E+20,5.93515E+21,9.95457E+15,5.35614E+16
6205,2,1,4,111,2018,5,14,6,3,0,1,0,0,0,0,1,0,0,0,5.64043E+20,5.93416E+21,9.9667E+15,5.35524E+16
6206,1,0,53,90,2018,11,4,6,3,8,1,2,0,1,0,0,0,0,1,6.12724E+20,5.94577E+21,1.07054E+16,5.36485E+16
6207,1,0,59,116,2018,12,14,3,2,3,2,0,0,0,0,0,0,1,1,5.31761E+20,6.05987E+21,9.49266E+15,5.46851E+16
6208,2,3,9,321,2018,3,17,4,3,2,6,0,0,1,0,0,0,0,1,5.61446E+20,5.9386E+21,9.92837E+15,5.35926E+16
6209,1,0,53,18,2018,10,14,6,3,4,6,0,0,1,0,0,0,0,0,6.14422E+20,5.95408E+21,1.07342E+16,5.37229E+16
6210,1,0,62,36,2018,12,15,4,3,5,3,1,1,0,0,0,0,1,1,5.80635E+20,5.95235E+21,1.02218E+16,5.37136E+16
6211,1,0,54,113,2018,12,19,7,3,9,7,2,0,1,0,0,0,0,1,4.79901E+20,6.01678E+21,8.69117E+15,5.42985E+16
6212,1,0,56,15,2018,11,16,5,3,0,1,0,1,1,0,0,0,0,0,5.43298E+20,5.95644E+21,9.65669E+15,5.37548E+16
6213,1,0,55,35,2018,12,7,6,3,5,3,2,0,1,0,1,0,0,1,6.13884E+20,5.9791E+21,1.07353E+16,5.39477E+16
6214,1,0,62,18,2018,11,12,3,2,6,4,0,0,1,1,0,0,0,1,5.79824E+20,5.93302E+21,1.02046E+16,5.35401E+16
6215,1,0,60,44,2018,11,14,3,3,5,3,0,0,1,0,0,0,0,1,5.57956E+20,5.96302E+21,9.88021E+15,5.38125E+16
6216,1,0,56,3,2018,10,8,5,2,5,3,0,0,1,0,0,0,1,1,5.48798E+20,5.9567E+21,9.74014E+15,5.37567E+16
6217,1,0,2,0,2018,10,16,4,3,5,2,0,0,1,0,0,0,0,0,5.68521E+20,6.02011E+21,1.00536E+16,5.43242E+16
6218,2,1,19,140,2018,2,10,3,3,3,6,0,0,1,0,0,1,0,0,5.61855E+20,5.93193E+21,9.93323E+15,5.35327E+16
6219,1,0,62,27,2018,12,6,2,3,3,6,2,0,1,0,0,0,0,1,5.88195E+20,5.95273E+21,1.03364E+16,5.37158E+16
6220,1,0,51,118,2018,12,11,3,2,9,1,0,0,1,0,0,0,0,1,5.01846E+20,5.98428E+21,9.02817E+15,5.40068E+16
6221,1,0,56,2,2018,12,18,7,2,0,6,2,1,0,0,0,0,0,1,5.501E+20,5.96011E+21,9.76044E+15,5.37872E+16
6222,2,1,6,115,2018,4,9,3,3,2,6,0,0,0,0,0,1,1,0,5.67344E+20,5.93342E+21,1.00164E+16,5.35454E+16
6223,1,0,58,86,2018,11,6,4,2,4,6,2,0,1,0,0,1,0,0,5.4663E+20,6.00822E+21,9.71515E+15,5.42198E+16
6224,1,0,59,132,2018,12,21,1,3,8,1,2,0,1,0,0,0,0,2,5.20501E+20,6.05084E+21,9.31737E+15,5.46046E+16
6225,2,1,1,101,2018,3,14,3,3,3,2,0,1,0,0,0,0,1,0,5.65863E+20,5.93362E+21,9.99404E+15,5.35473E+16
6226,1,0,3,0,2018,10,4,6,2,2,2,2,0,1,0,0,0,1,0,6.09583E+20,5.96686E+21,1.06654E+16,5.38387E+16
6227,1,0,55,42,2018,12,17,3,3,9,7,2,0,1,0,0,0,1,1,6.16216E+20,5.98393E+21,1.07726E+16,5.39906E+16
6228,1,0,54,56,2018,11,17,3,3,4,6,2,1,0,0,0,0,0,0,5.02943E+20,6.03838E+21,9.04544E+15,5.4493E+16
6229,1,0,53,32,2018,12,9,5,2,5,2,0,1,1,0,0,0,0,0,5.91595E+20,5.92166E+21,1.03788E+16,5.3436E+16
6230,1,0,56,49,2018,11,8,6,3,5,3,0,0,1,0,0,0,0,1,5.44465E+20,5.94916E+21,9.67334E+15,5.36893E+16
6231,1,0,55,42,2018,10,12,3,3,2,6,0,0,1,0,0,0,0,0,6.16234E+20,5.98267E+21,1.07724E+16,5.39793E+16
6232,1,0,3,0,2018,12,17,5,3,5,3,2,1,1,0,0,0,0,1,6.10215E+20,5.97149E+21,1.06767E+16,5.38801E+16
6233,1,0,3,0,2018,11,16,2,3,6,2,1,0,1,1,0,0,0,1,6.09443E+20,5.96946E+21,1.06642E+16,5.38621E+16
6234,1,0,3,0,2018,10,7,4,3,1,7,0,1,1,0,0,0,0,0,6.10536E+20,5.97347E+21,1.06823E+16,5.38979E+16
6235,2,1,19,140,2018,4,10,3,3,2,6,0,0,1,0,0,1,1,0,5.61472E+20,5.93084E+21,9.92724E+15,5.35229E+16
6236,1,0,56,44,2018,10,14,2,3,5,2,0,0,1,0,1,0,0,0,5.55459E+20,5.9394E+21,9.83806E+15,5.36005E+16
6237,2,7,10,711,2018,1,20,4,3,6,4,2,0,1,1,0,0,0,0,5.63373E+20,5.92504E+21,9.95474E+15,5.34705E+16
6238,1,0,55,12,2018,10,12,6,3,5,3,0,1,1,0,0,0,0,0,6.06501E+20,5.99865E+21,1.06297E+16,5.4125E+16
6239,1,0,51,110,2018,11,11,6,3,1,5,0,0,1,0,0,0,0,0,5.13437E+20,5.98879E+21,9.20523E+15,5.40471E+16
6240,1,0,60,85,2018,12,17,2,3,5,2,2,0,1,0,0,0,0,1,5.781E+20,5.96449E+21,1.01865E+16,5.38231E+16
6241,1,0,3,0,2018,12,17,5,3,5,2,2,0,1,0,0,0,0,0,6.1014E+20,5.96993E+21,1.0675E+16,5.38661E+16
6242,1,0,56,41,2018,11,14,2,3,4,6,0,0,1,0,0,0,0,0,5.63213E+20,5.95515E+21,9.95843E+15,5.37411E+16
6243,1,0,59,116,2018,12,11,6,2,5,3,0,0,1,0,0,0,0,1,5.32774E+20,6.06104E+21,9.5085E+15,5.46956E+16
6244,1,0,3,0,2018,10,16,6,2,6,2,0,0,1,1,0,0,0,0,6.09619E+20,5.97038E+21,1.06672E+16,5.38703E+16
6245,1,0,58,34,2018,12,17,2,3,2,6,2,0,1,0,0,0,0,1,5.44462E+20,6.01901E+21,9.6835E+15,5.4317E+16
6246,1,0,60,63,2018,11,16,5,3,5,3,0,1,1,0,0,0,0,0,5.66251E+20,5.94868E+21,1.00031E+16,5.36826E+16
6247,1,0,4,0,2018,11,16,6,3,3,6,1,1,0,0,1,0,0,0,5.64356E+20,5.99227E+21,9.98356E+15,5.40746E+16
6248,1,0,4,0,2018,12,14,4,3,5,2,0,1,1,0,0,0,0,1,5.63856E+20,5.99381E+21,9.97626E+15,5.40886E+16
6249,1,0,59,50,2018,10,12,7,2,5,3,0,0,1,0,0,0,0,0,5.29788E+20,6.02807E+21,9.45884E+15,5.43996E+16
6250,2,2,3,208,2018,2,8,4,3,3,6,0,0,0,0,0,1,1,0,5.63172E+20,5.93517E+21,9.95375E+15,5.35616E+16
6251,1,0,55,27,2018,11,13,5,2,5,3,0,0,1,0,0,0,0,0,6.22892E+20,6.00964E+21,1.08849E+16,5.422E+16
6252,1,0,55,17,2018,10,10,2,3,2,6,0,0,1,0,0,1,0,1,6.35117E+20,6.02744E+21,1.10803E+16,5.43768E+16
6253,1,0,56,15,2018,12,10,4,3,5,2,0,1,1,0,0,0,0,1,5.42515E+20,5.95692E+21,9.64488E+15,5.37591E+16
6254,1,0,1,0,2018,11,5,1,3,9,1,1,0,1,0,0,0,0,0,5.28601E+20,6.06889E+21,9.44453E+15,5.47665E+16
6255,1,0,4,0,2018,10,8,3,3,2,6,0,0,1,0,0,0,0,1,5.64355E+20,5.99082E+21,9.98324E+15,5.40616E+16
6256,2,4,4,407,2018,5,15,3,3,2,6,0,0,1,0,0,0,0,0,5.65971E+20,5.94075E+21,9.99717E+15,5.36114E+16
6257,2,3,8,320,2018,4,20,6,3,3,6,2,0,1,0,0,1,0,0,5.60661E+20,5.94057E+21,9.9169E+15,5.36104E+16
6258,1,0,57,3,2018,10,20,1,3,7,7,2,0,1,0,0,0,0,0,5.84592E+20,6.02884E+21,1.03031E+16,5.44003E+16
6259,2,2,7,219,2018,1,10,3,3,1,6,0,0,0,0,0,1,0,0,5.60682E+20,5.93295E+21,9.91574E+15,5.3542E+16
6260,1,0,3,0,2018,10,15,6,3,5,3,0,1,1,0,0,0,0,0,6.10255E+20,5.96798E+21,1.0676E+16,5.38486E+16
6261,1,0,61,101,2018,12,20,1,3,8,1,2,0,1,0,0,0,0,1,5.33563E+20,5.96066E+21,9.50951E+15,5.37934E+16
6262,1,0,53,32,2018,11,8,7,3,0,7,0,1,0,0,0,0,0,0,5.92773E+20,5.92228E+21,1.03967E+16,5.34414E+16
6263,1,0,53,100,2018,11,12,6,2,8,7,0,0,1,0,0,0,0,0,6.18189E+20,5.95135E+21,1.07902E+16,5.36974E+16
6264,1,0,2,0,2018,12,3,7,3,8,1,2,0,0,0,0,0,1,1,5.74771E+20,6.01745E+21,1.0149E+16,5.42994E+16
6265,1,0,3,0,2018,11,15,4,3,5,3,0,1,1,0,0,0,0,0,6.11095E+20,5.9688E+21,1.06891E+16,5.38558E+16
6266,1,0,54,168,2018,11,21,5,3,7,7,2,1,0,0,0,0,0,1,4.56788E+20,6.0842E+21,8.3261E+15,5.4903E+16
6267,1,0,55,4,2018,10,10,6,3,0,1,0,1,0,0,0,0,0,1,6.11595E+20,5.97644E+21,1.06994E+16,5.39243E+16
6268,1,0,58,135,2018,10,15,5,3,5,7,0,0,1,0,1,0,0,0,5.4198E+20,6.01797E+21,9.6452E+15,5.43079E+16
6269,2,2,7,219,2018,2,10,3,3,2,6,0,0,0,0,0,1,0,0,5.60678E+20,5.93296E+21,9.91567E+15,5.3542E+16
6270,1,0,2,0,2018,11,14,4,3,2,6,0,0,1,0,0,0,0,0,5.75607E+20,6.02901E+21,1.01648E+16,5.44032E+16
6271,1,0,2,0,2018,12,15,4,3,5,2,0,1,1,0,0,0,0,1,5.72054E+20,6.01808E+21,1.01074E+16,5.43055E+16
6272,1,0,61,79,2018,10,14,1,3,2,6,0,0,1,0,0,0,0,0,5.3828E+20,5.978E+21,9.58328E+15,5.3949E+16
6273,1,0,58,110,2018,12,17,2,3,9,3,2,0,1,0,0,0,0,1,5.61269E+20,6.03196E+21,9.9445E+15,5.44316E+16
6274,2,1,1,102,2018,5,12,4,3,2,6,0,0,1,0,0,0,0,0,5.65312E+20,5.93367E+21,9.98573E+15,5.35479E+16
6275,1,0,56,15,2018,11,7,5,3,2,6,1,0,1,0,1,0,0,0,5.4499E+20,5.95791E+21,9.68256E+15,5.37678E+16
6276,1,0,3,0,2018,12,22,2,3,0,1,2,1,0,0,0,0,0,1,6.09599E+20,5.96973E+21,1.06667E+16,5.38645E+16
6277,2,3,5,317,2018,3,10,3,3,3,6,0,0,1,0,0,0,0,0,5.63786E+20,5.93944E+21,9.96389E+15,5.35999E+16
6278,1,0,58,88,2018,10,10,6,2,3,6,0,0,1,0,0,1,0,0,5.48203E+20,6.02813E+21,9.74249E+15,5.43986E+16
6279,1,0,58,92,2018,12,16,4,3,5,3,2,0,1,0,1,0,0,0,5.70461E+20,6.02096E+21,1.00836E+16,5.43316E+16
6280,1,0,60,92,2018,11,9,3,3,6,3,0,0,0,1,0,0,1,1,5.79452E+20,5.97901E+21,1.02108E+16,5.39533E+16
6281,1,0,53,100,2018,12,16,6,3,6,4,2,0,0,1,0,0,1,1,6.17923E+20,5.95098E+21,1.0786E+16,5.36942E+16
6282,2,4,2,403,2018,4,18,7,3,5,3,0,1,1,0,0,0,0,0,5.65121E+20,5.93885E+21,9.98394E+15,5.35944E+16
6283,1,0,4,0,2018,10,13,1,3,0,7,0,0,0,0,1,0,0,0,5.655E+20,5.99106E+21,1.00008E+16,5.40636E+16
6284,2,3,8,320,2018,1,8,4,3,2,6,0,0,1,0,0,0,0,1,5.60403E+20,5.94103E+21,9.91309E+15,5.36146E+16
6285,1,0,58,175,2018,10,13,6,2,4,6,0,0,1,0,1,0,0,0,5.43773E+20,6.02882E+21,9.67435E+15,5.44053E+16
6286,1,0,57,63,2018,12,13,2,3,2,6,0,0,1,0,0,0,0,0,5.82864E+20,6.02494E+21,1.02754E+16,5.43655E+16
6287,1,0,3,0,2018,11,15,1,3,2,6,0,0,1,0,0,0,0,0,6.08066E+20,5.96808E+21,1.06428E+16,5.385E+16
6288,1,0,51,16,2018,11,13,6,3,5,2,0,1,1,0,0,0,0,0,5.17148E+20,5.98333E+21,9.2616E+15,5.3998E+16
6289,1,0,53,3,2018,12,19,7,3,2,6,2,0,1,0,0,0,1,1,5.94113E+20,5.93379E+21,1.04203E+16,5.35446E+16
6290,1,0,62,4,2018,11,13,4,3,4,6,0,0,1,0,0,0,0,0,5.88852E+20,5.96285E+21,1.03493E+16,5.38066E+16
6291,1,0,4,0,2018,11,7,5,3,5,2,2,0,1,0,0,0,0,1,5.6487E+20,5.99107E+21,9.99116E+15,5.40638E+16
6292,1,0,56,39,2018,10,17,6,3,5,2,1,1,1,0,0,0,0,1,5.52647E+20,5.94628E+21,9.79674E+15,5.36627E+16
6293,1,0,3,0,2018,10,17,5,3,5,2,0,1,1,0,0,0,0,0,6.14943E+20,5.97077E+21,1.07483E+16,5.38726E+16
6294,2,2,9,221,2018,2,15,4,3,5,3,0,0,1,0,0,0,0,0,5.56527E+20,5.93626E+21,9.85363E+15,5.35721E+16
6295,1,0,58,124,2018,11,5,4,3,0,7,2,1,1,0,0,0,0,1,5.4454E+20,6.01572E+21,9.68422E+15,5.42875E+16
6296,1,0,2,0,2018,10,16,7,3,2,6,0,0,1,0,0,0,0,1,5.72195E+20,6.01902E+21,1.01098E+16,5.4314E+16
6297,1,0,57,70,2018,12,9,4,2,4,6,0,0,1,0,0,0,0,2,5.86352E+20,6.00817E+21,1.03242E+16,5.42143E+16
6298,1,0,2,0,2018,10,8,2,3,5,2,0,1,1,0,0,0,0,1,5.72779E+20,6.0201E+21,1.0119E+16,5.43236E+16
6299,1,0,3,0,2018,12,17,2,3,2,6,2,0,1,0,0,0,0,0,6.09379E+20,5.97031E+21,1.06635E+16,5.38697E+16
6300,2,1,14,132,2018,5,19,4,3,3,6,0,0,1,0,0,1,0,0,5.68441E+20,5.93293E+21,1.00328E+16,5.35408E+16
6301,1,0,58,34,2018,11,7,6,3,5,3,2,1,1,0,0,0,0,0,5.44819E+20,6.01928E+21,9.68903E+15,5.43194E+16
6302,1,0,51,51,2018,12,10,2,3,2,6,0,0,1,0,0,0,0,1,5.18432E+20,5.98626E+21,9.28136E+15,5.40242E+16
6303,2,1,14,132,2018,3,9,3,2,9,1,0,0,1,0,0,0,0,0,5.68423E+20,5.9329E+21,1.00325E+16,5.35405E+16
6304,1,0,4,0,2018,10,14,6,3,5,3,0,0,1,0,1,0,0,0,5.63762E+20,5.99502E+21,9.97507E+15,5.40994E+16
6305,1,0,3,0,2018,12,18,4,3,5,3,2,1,1,0,0,0,0,0,6.07792E+20,5.96718E+21,1.06383E+16,5.3842E+16
6306,1,0,61,34,2018,12,6,6,2,5,2,2,0,1,0,1,0,0,1,5.30727E+20,5.97588E+21,9.46799E+15,5.39304E+16
6307,1,0,58,43,2018,11,19,5,2,5,2,2,0,1,0,1,0,0,0,5.5416E+20,6.03451E+21,9.83541E+15,5.44554E+16
6308,1,0,3,0,2018,12,7,6,3,0,1,1,1,0,0,0,0,0,1,6.09787E+20,5.9667E+21,1.06684E+16,5.38372E+16
6309,1,0,55,40,2018,11,18,3,3,2,2,2,0,1,0,0,0,0,1,6.08276E+20,5.97224E+21,1.06474E+16,5.38873E+16
6310,1,0,4,0,2018,11,18,3,3,5,3,2,1,1,0,0,0,0,0,5.6449E+20,5.99488E+21,9.98617E+15,5.40981E+16
6311,1,0,53,27,2018,10,6,5,3,5,2,2,0,1,0,0,0,1,1,6.03341E+20,5.93604E+21,1.05603E+16,5.3563E+16
6312,1,0,59,187,2018,10,16,4,3,5,3,1,0,1,0,0,0,0,0,5.53266E+20,6.05243E+21,9.82484E+15,5.46165E+16
6313,2,1,16,136,2018,2,15,6,3,2,6,0,0,1,0,0,0,0,1,5.67875E+20,5.92575E+21,1.00227E+16,5.34764E+16
6314,1,0,62,39,2018,12,18,1,3,4,6,2,0,1,0,0,0,0,1,6.01674E+20,5.96402E+21,1.05443E+16,5.38148E+16
6315,1,0,56,19,2018,12,8,3,3,2,6,1,0,1,0,0,0,1,1,5.37562E+20,5.94554E+21,9.56837E+15,5.36573E+16
6316,1,0,3,0,2018,12,17,7,3,0,2,2,1,1,0,0,0,0,1,6.10649E+20,5.96828E+21,1.06821E+16,5.38512E+16
6317,1,0,55,35,2018,11,14,4,3,0,7,0,0,1,0,0,0,1,0,6.13288E+20,5.98614E+21,1.07288E+16,5.40111E+16
6318,1,0,60,44,2018,12,11,7,3,0,1,0,0,0,0,1,0,0,1,5.63805E+20,5.96585E+21,9.96961E+15,5.38372E+16
6319,2,1,16,136,2018,3,16,5,3,2,6,0,0,1,0,0,0,0,0,5.68934E+20,5.92866E+21,1.00393E+16,5.35024E+16
6320,1,0,2,0,2018,10,11,6,3,1,5,0,1,1,0,0,0,0,0,5.73216E+20,6.01827E+21,1.01253E+16,5.43071E+16