OBJECTID_1,ULAND,UREGBEZ,UKREIS,UGEMEINDE,UJAHR,UMONAT,USTUNDE,UWOCHENTAG,UKATEGORIE,UART,UTYP1,ULICHTVERH,IstRad,IstPKW,IstFuss,IstKrad,IstGkfz,IstSonstig,STRZUSTAND,LINREFX,LINREFY,XGCSWGS84,YGCSWGS84
6510,2,2,9,221,2018,1,13,1,3,5,3,0,0,1,0,0,0,0,0,5.5685E+20,5.93624E+21,9.85851E+15,5.35719E+16
6511,1,0,51,119,2018,10,14,5,3,5,2,0,0,1,0,0,1,0,0,5.03426E+20,5.97947E+21,9.05223E+15,5.39636E+16
6512,1,0,2,0,2018,12,13,3,3,2,6,0,0,1,0,0,0,0,0,5.7232E+20,6.01846E+21,1.01116E+16,5.43089E+16
6513,1,0,59,75,2018,11,18,2,3,5,3,2,0,0,0,0,1,1,1,5.36297E+20,6.04208E+21,9.56082E+15,5.4525E+16
6514,1,0,3,0,2018,11,15,7,2,5,2,0,1,1,0,0,0,0,0,6.05201E+20,5.96517E+21,1.05982E+16,5.38244E+16
6515,1,0,4,0,2018,12,8,1,3,9,1,0,0,1,0,0,0,0,1,5.63131E+20,5.98858E+21,9.96408E+15,5.40416E+16
6516,1,0,61,92,2018,11,8,4,3,8,7,0,0,1,0,0,0,0,1,5.38964E+20,5.96857E+21,9.59249E+15,5.38641E+16
6517,1,0,55,4,2018,11,17,5,2,5,3,2,0,1,0,0,0,0,1,6.1106E+20,5.97695E+21,1.06915E+16,5.3929E+16
6518,1,0,59,37,2018,10,11,7,3,8,7,0,0,1,0,0,0,0,0,5.33639E+20,6.05662E+21,9.52141E+15,5.46558E+16
6519,1,0,60,27,2018,11,15,7,3,5,3,1,0,1,0,0,0,0,0,5.63545E+20,5.98102E+21,9.96881E+15,5.39736E+16
6520,1,0,53,118,2018,12,19,3,3,2,6,2,0,1,0,0,0,0,1,6.00875E+20,5.95671E+21,1.05298E+16,5.37493E+16
6521,1,0,61,72,2018,10,11,5,3,2,6,0,0,1,0,0,0,0,1,5.34128E+20,5.97326E+21,9.51948E+15,5.39067E+16
6522,2,7,10,711,2018,2,2,7,3,3,6,2,0,1,0,0,0,1,0,5.62254E+20,5.92508E+21,9.93789E+15,5.3471E+16
6523,1,0,62,4,2018,11,18,4,2,5,3,2,1,0,0,1,0,0,0,5.89853E+20,5.96295E+21,1.03645E+16,5.38073E+16
6524,1,0,58,18,2018,10,0,1,2,8,1,2,0,0,0,0,0,1,1,5.64733E+20,6.00755E+21,9.99261E+15,5.42119E+16
6525,1,0,55,38,2018,12,17,4,3,8,1,2,0,1,0,0,0,0,0,6.15495E+20,6.00561E+21,1.07699E+16,5.41855E+16
6526,1,0,60,63,2018,10,11,2,3,2,2,0,0,1,0,0,1,0,0,5.70187E+20,5.95128E+21,1.00633E+16,5.37055E+16
6527,2,1,8,124,2018,1,7,3,3,5,2,2,0,1,0,0,0,0,0,5.68946E+20,5.93425E+21,1.00407E+16,5.35526E+16
6528,2,4,6,414,2018,5,23,6,3,2,2,2,0,1,0,0,0,1,0,5.67792E+20,5.93651E+21,1.00238E+16,5.3573E+16
6529,1,0,56,49,2018,11,17,6,3,5,3,1,0,1,0,0,0,1,0,5.44417E+20,5.94885E+21,9.67257E+15,5.36864E+16
6530,1,0,57,57,2018,12,16,3,3,5,2,2,0,1,0,0,0,0,1,5.94704E+20,6.00151E+21,1.04501E+16,5.41529E+16
6531,2,2,9,221,2018,3,11,5,3,2,6,0,0,1,0,0,1,0,1,5.56422E+20,5.93628E+21,9.85205E+15,5.35723E+16
6532,2,3,1,304,2018,1,17,1,3,2,6,2,0,1,0,0,0,0,0,5.62514E+20,5.93641E+21,9.94406E+15,5.35728E+16
6533,1,0,56,33,2018,10,7,5,3,8,1,0,0,1,0,0,0,0,1,5.38723E+20,5.95043E+21,9.58655E+15,5.37012E+16
6534,1,0,56,39,2018,12,13,5,2,9,1,0,0,1,0,0,1,0,1,5.52748E+20,5.94794E+21,9.79855E+15,5.36775E+16
6535,1,0,2,0,2018,12,17,7,3,5,3,2,0,1,0,0,0,0,0,5.71942E+20,6.02164E+21,1.01065E+16,5.43376E+16
6536,1,0,4,0,2018,11,9,6,3,6,4,0,0,1,1,0,0,0,0,5.643E+20,5.9921E+21,9.98268E+15,5.40731E+16
6537,1,0,60,85,2018,11,13,5,3,2,2,0,0,1,0,0,0,0,0,5.78101E+20,5.96449E+21,1.01865E+16,5.38231E+16
6538,1,0,3,0,2018,12,12,6,3,2,6,0,0,1,0,0,0,0,1,6.10076E+20,5.97002E+21,1.0674E+16,5.3867E+16
6539,1,0,53,12,2018,11,17,3,3,2,6,2,0,1,0,0,0,0,1,5.8517E+20,5.92734E+21,1.02837E+16,5.34881E+16
6540,1,0,56,33,2018,11,19,3,3,8,1,2,0,1,0,0,0,0,0,5.3858E+20,5.95107E+21,9.58446E+15,5.37069E+16
6541,1,0,60,44,2018,10,16,5,3,5,3,0,0,1,0,0,0,0,1,5.57449E+20,5.9634E+21,9.87258E+15,5.3816E+16
6542,1,0,51,44,2018,10,14,7,3,0,7,0,1,0,0,0,0,0,0,5.10717E+20,6.00608E+21,9.1643E+15,5.42026E+16
6543,1,0,57,66,2018,12,9,4,3,8,7,0,0,1,0,0,0,0,0,5.89268E+20,6.01654E+21,1.03714E+16,5.4289E+16
6544,1,0,57,2,2018,11,16,2,2,4,6,2,0,1,0,0,0,0,1,5.75192E+20,6.00664E+21,1.01527E+16,5.42023E+16
6545,1,0,56,15,2018,10,17,5,3,6,4,0,0,1,1,0,0,0,0,5.42164E+20,5.95635E+21,9.63948E+15,5.3754E+16
6546,1,0,53,26,2018,11,14,7,3,4,6,0,0,1,0,0,0,0,0,6.14449E+20,5.95292E+21,1.07341E+16,5.37124E+16
6547,1,0,53,3,2018,12,23,1,2,8,7,2,0,1,0,0,0,0,1,5.96288E+20,5.93086E+21,1.04522E+16,5.35178E+16
6548,1,0,55,39,2018,11,9,5,3,3,6,0,0,1,0,0,0,0,0,6.1464E+20,5.99216E+21,1.07517E+16,5.40649E+16
6549,1,0,56,15,2018,11,17,5,3,2,6,2,0,1,0,0,0,0,1,5.45147E+20,5.95658E+21,9.68475E+15,5.37559E+16
6550,1,0,54,73,2018,11,2,1,3,0,7,2,0,1,1,0,0,0,1,5.01512E+20,6.07708E+21,9.02354E+15,5.48409E+16
6551,1,0,61,46,2018,12,15,3,3,2,6,0,0,1,0,1,0,0,1,5.33831E+20,5.97596E+21,9.51527E+15,5.3931E+16
6552,1,0,57,91,2018,10,13,6,3,3,6,0,0,1,0,1,0,0,0,5.79886E+20,6.01623E+21,1.02272E+16,5.42877E+16
6553,2,7,13,714,2018,2,10,4,3,5,7,0,0,1,0,0,0,0,0,5.59205E+20,5.92513E+21,9.89197E+15,5.34718E+16
6554,1,0,62,4,2018,11,7,4,3,5,2,1,1,1,0,0,0,0,0,5.89806E+20,5.96295E+21,1.03638E+16,5.38073E+16
6555,1,0,3,0,2018,10,9,1,3,0,7,0,1,0,0,0,0,0,1,6.08703E+20,5.96811E+21,1.06525E+16,5.38501E+16
6556,1,0,3,0,2018,12,5,4,3,0,3,2,1,1,0,0,0,0,2,6.07969E+20,5.96827E+21,1.06414E+16,5.38517E+16
6557,1,0,58,3,2018,10,18,3,3,9,1,2,0,0,0,0,0,1,1,5.43988E+20,6.02383E+21,9.67694E+15,5.43604E+16
6558,2,3,4,316,2018,1,18,5,3,1,2,2,0,1,0,0,0,0,0,5.63796E+20,5.93715E+21,9.96357E+15,5.35793E+16
6559,2,4,3,406,2018,5,10,7,3,5,3,0,1,1,0,0,0,0,0,5.65922E+20,5.94071E+21,9.99644E+15,5.36111E+16
6560,1,0,59,53,2018,11,7,7,3,8,1,2,0,1,0,0,0,0,1,5.34466E+20,6.02956E+21,9.53107E+15,5.44126E+16
6561,1,0,58,117,2018,12,16,3,3,8,1,1,1,0,0,0,0,0,0,5.56129E+20,6.00269E+21,9.85978E+15,5.41692E+16
6562,2,3,1,304,2018,3,20,7,3,4,1,2,0,1,0,0,0,0,1,5.62777E+20,5.93648E+21,9.94805E+15,5.35734E+16
6563,2,3,4,316,2018,1,17,3,3,2,6,2,0,1,0,0,0,0,0,5.63882E+20,5.93733E+21,9.96491E+15,5.35809E+16
6564,1,0,60,92,2018,10,18,5,3,0,7,0,1,0,0,0,0,0,0,5.78998E+20,5.97915E+21,1.02039E+16,5.39546E+16
6565,1,0,2,0,2018,12,9,5,3,2,6,0,0,1,0,0,0,0,1,5.73739E+20,6.01785E+21,1.01332E+16,5.43032E+16
6566,1,0,51,114,2018,12,12,7,3,2,2,0,0,1,0,0,0,0,1,5.19499E+20,6.00791E+21,9.29904E+15,5.42188E+16
6567,1,0,62,6,2018,11,11,6,2,0,7,0,1,0,0,0,0,0,0,5.82797E+20,5.95347E+21,1.02548E+16,5.37233E+16
6568,1,0,58,146,2018,11,13,6,3,2,6,0,0,1,0,0,0,0,0,5.48946E+20,6.01812E+21,9.75229E+15,5.43086E+16
6569,1,0,56,15,2018,12,20,6,3,5,3,2,0,1,0,0,0,0,1,5.42427E+20,5.95712E+21,9.64358E+15,5.3761E+16
6570,1,0,56,50,2018,11,7,3,3,5,3,2,1,1,0,0,0,0,1,5.45759E+20,5.93782E+21,9.69126E+15,5.35872E+16
6571,1,0,61,12,2018,11,14,3,3,2,6,0,0,1,0,0,0,0,0,5.28091E+20,5.96269E+21,9.42663E+15,5.3812E+16
6572,1,0,1,0,2018,10,20,6,3,5,3,2,0,1,0,0,0,0,1,5.29735E+20,6.07171E+21,9.46245E+15,5.47917E+16
6573,1,0,56,15,2018,10,11,4,3,5,3,0,0,1,0,0,0,0,0,5.4541E+20,5.95579E+21,9.68862E+15,5.37488E+16
6574,2,6,2,602,2018,2,11,6,3,6,7,0,0,0,1,0,0,1,0,5.80451E+20,5.9271E+21,1.02125E+16,5.34867E+16
6575,1,0,4,0,2018,12,14,2,3,0,3,0,1,1,0,0,0,0,1,5.63977E+20,5.99002E+21,9.9773E+15,5.40544E+16
6576,1,0,59,161,2018,12,7,4,3,8,1,1,0,1,0,0,0,0,2,5.42954E+20,6.06226E+21,9.66662E+15,5.47058E+16
6577,1,0,57,15,2018,12,17,1,2,3,1,2,0,1,0,1,0,0,1,5.86773E+20,5.99868E+21,1.03279E+16,5.4129E+16
6578,2,3,7,319,2018,4,9,5,3,2,6,0,0,1,0,0,0,0,0,5.61362E+20,5.94401E+21,9.92817E+15,5.36413E+16
6579,1,0,56,36,2018,11,15,4,3,5,3,1,1,0,0,0,1,0,0,5.44736E+20,5.94771E+21,9.67724E+15,5.36762E+16
6580,1,0,60,54,2018,12,15,1,3,8,1,0,0,0,0,0,0,1,0,5.59456E+20,5.97118E+21,9.90457E+15,5.38857E+16
6581,2,3,5,317,2018,3,7,5,3,3,2,0,0,1,0,0,1,0,1,5.63793E+20,5.93943E+21,9.96399E+15,5.35998E+16
6582,1,0,62,48,2018,10,13,5,2,9,1,0,0,0,0,1,0,0,0,6.03381E+20,5.97342E+21,1.05734E+16,5.38989E+16
6583,1,0,60,26,2018,12,9,3,3,9,1,0,0,1,0,0,0,0,2,5.79173E+20,5.99056E+21,1.02095E+16,5.40572E+16
6584,1,0,58,53,2018,11,19,3,3,5,3,2,0,1,0,0,0,0,1,5.7025E+20,6.01176E+21,1.00782E+16,5.4249E+16
6585,1,0,54,168,2018,12,16,6,3,6,2,2,0,1,1,0,0,0,1,4.55734E+20,6.08463E+21,8.3096E+15,5.49068E+16
6586,1,0,59,75,2018,11,15,7,3,5,2,0,0,0,0,0,1,1,1,5.36202E+20,6.04316E+21,9.55948E+15,5.45347E+16
6587,1,0,51,20,2018,10,14,3,3,6,4,0,0,1,1,0,0,0,1,5.163E+20,6.01694E+21,9.25048E+15,5.43001E+16
6588,1,0,60,63,2018,12,18,5,1,6,4,2,0,1,1,0,0,0,1,5.65342E+20,5.94853E+21,9.98931E+15,5.36814E+16
6589,1,0,60,28,2018,11,7,2,3,4,6,0,0,1,0,0,0,0,1,5.74746E+20,5.98619E+21,1.01408E+16,5.40186E+16
6590,1,0,3,0,2018,11,21,2,2,8,1,2,0,1,0,0,0,0,0,6.11087E+20,5.96645E+21,1.06881E+16,5.38347E+16
6591,1,0,51,44,2018,10,12,4,3,2,6,0,0,1,0,1,0,0,0,5.06361E+20,6.00562E+21,9.0975E+15,5.41986E+16
6592,2,3,6,318,2018,4,11,6,3,0,3,0,1,1,0,0,0,1,0,5.62019E+20,5.94229E+21,9.93776E+15,5.36257E+16
6593,1,0,54,88,2018,10,20,3,2,0,1,2,1,0,0,0,0,0,0,4.88799E+20,6.07061E+21,8.82583E+15,5.47825E+16
6594,2,2,5,215,2018,1,4,1,3,9,1,2,0,1,0,0,1,0,1,5.60358E+20,5.93691E+21,9.91161E+15,5.35776E+16
6595,1,0,62,60,2018,10,7,5,3,4,6,1,1,0,0,0,0,0,0,5.81109E+20,5.92999E+21,1.02232E+16,5.35126E+16
6596,1,0,2,0,2018,12,13,7,3,2,6,0,0,1,0,0,0,0,1,5.68815E+20,6.02031E+21,1.00581E+16,5.4326E+16
6597,1,0,61,46,2018,12,16,2,3,5,2,2,0,1,0,0,0,0,1,5.34907E+20,5.97588E+21,9.53164E+15,5.39302E+16
6598,1,0,59,183,2018,12,14,6,3,2,6,0,0,1,0,0,0,0,0,5.21185E+20,6.07297E+21,9.32957E+15,5.48035E+16
6599,1,0,59,83,2018,11,12,3,3,2,6,0,0,1,0,0,0,0,0,5.4996E+20,6.05449E+21,9.77401E+15,5.46353E+16
6600,1,0,3,0,2018,12,18,6,3,2,2,2,0,1,0,0,0,0,0,6.10142E+20,5.96993E+21,1.0675E+16,5.38661E+16
6601,1,0,62,71,2018,10,14,5,3,2,6,0,0,1,0,0,0,0,0,5.81366E+20,5.94144E+21,1.023E+16,5.36154E+16
6602,1,0,62,1,2018,12,16,2,3,2,6,1,0,1,0,0,0,0,1,5.80551E+20,5.94672E+21,1.02191E+16,5.3663E+16
6603,1,0,59,19,2018,11,14,2,2,4,6,0,0,1,0,0,0,1,0,5.32294E+20,6.0368E+21,9.49838E+15,5.44778E+16
6604,1,0,59,75,2018,11,7,6,3,2,6,0,0,1,0,0,0,0,0,5.34986E+20,6.04028E+21,9.54035E+15,5.45089E+16
6605,1,0,60,63,2018,11,10,6,3,1,5,0,0,1,0,0,0,1,0,5.70155E+20,5.95124E+21,1.00628E+16,5.37051E+16
6606,2,2,5,215,2018,5,7,5,3,2,6,0,0,1,0,0,0,0,0,5.61824E+20,5.93538E+21,9.93344E+15,5.35637E+16
6607,1,0,53,32,2018,12,6,4,3,5,3,2,0,1,0,0,0,0,1,5.92042E+20,5.92163E+21,1.03855E+16,5.34357E+16
6608,1,0,56,41,2018,10,18,6,3,5,2,1,0,1,0,1,0,0,0,5.59028E+20,5.95412E+21,9.89479E+15,5.37324E+16
6609,1,0,55,27,2018,10,15,7,2,0,7,0,0,0,0,1,0,0,0,6.22797E+20,6.00935E+21,1.08833E+16,5.42175E+16
6610,2,3,7,319,2018,3,16,6,3,1,6,0,0,1,0,0,0,1,0,5.61249E+20,5.94375E+21,9.92641E+15,5.3639E+16
6611,1,0,60,44,2018,11,8,5,3,2,6,0,0,1,0,0,0,0,1,5.635E+20,5.96553E+21,9.96492E+15,5.38344E+16
6612,1,0,51,44,2018,10,20,2,3,5,3,2,0,1,0,1,0,0,0,5.05879E+20,6.00432E+21,9.09009E+15,5.41869E+16
6613,1,0,51,82,2018,12,6,4,3,9,1,2,0,1,0,0,0,0,1,5.14931E+20,6.00201E+21,9.2287E+15,5.4166E+16
6614,1,0,55,46,2018,11,15,1,3,9,6,0,0,1,0,1,0,0,0,6.42656E+20,6.03536E+21,1.12001E+16,5.44459E+16
6615,1,0,3,0,2018,10,16,3,3,0,3,0,1,0,0,0,1,0,1,6.11266E+20,5.96911E+21,1.06918E+16,5.38585E+16
6616,2,4,5,409,2018,5,18,7,3,0,7,0,1,1,0,0,0,0,0,5.66048E+20,5.93886E+21,9.99794E+15,5.35944E+16
6617,2,1,6,115,2018,4,19,1,3,3,2,0,0,1,0,0,0,0,0,5.67336E+20,5.93343E+21,1.00162E+16,5.35454E+16
6618,1,0,3,0,2018,10,10,1,3,5,2,0,0,1,0,1,0,0,0,6.23083E+20,5.98005E+21,1.08757E+16,5.39542E+16
6619,2,7,1,702,2018,1,12,5,3,2,6,0,0,1,0,0,0,1,2,5.65644E+20,5.92367E+21,9.98866E+15,5.34579E+16
6620,1,0,62,18,2018,10,15,5,3,4,6,0,0,1,0,0,0,1,0,5.81302E+20,5.93365E+21,1.0227E+16,5.35454E+16
6621,1,0,56,15,2018,12,1,2,3,6,7,2,1,0,1,0,0,0,1,5.42631E+20,5.95664E+21,9.6466E+15,5.37566E+16
6622,1,0,60,9,2018,11,5,1,3,9,1,2,0,1,0,0,0,0,1,5.62708E+20,5.97573E+21,9.95498E+15,5.39262E+16
6623,1,0,59,183,2018,11,16,7,3,5,3,0,1,1,0,0,0,0,0,5.23195E+20,6.06988E+21,9.3606E+15,5.47756E+16
6624,1,0,60,4,2018,12,9,7,3,5,3,0,1,1,0,0,0,0,1,5.58022E+20,5.97289E+21,9.88308E+15,5.39012E+16
6625,1,0,60,16,2018,11,15,4,3,8,1,0,0,0,0,1,0,0,1,5.83166E+20,5.98431E+21,1.02688E+16,5.40004E+16
6626,1,0,3,0,2018,11,15,5,3,8,1,1,0,1,0,0,0,0,1,6.14988E+20,5.97337E+21,1.07499E+16,5.3896E+16
6627,1,0,58,30,2018,10,2,7,2,2,6,2,0,1,0,0,1,0,1,5.40875E+20,6.0289E+21,9.62973E+15,5.44062E+16
6628,1,0,58,23,2018,12,20,3,2,8,7,2,0,0,0,1,0,0,1,5.58346E+20,6.00472E+21,9.89413E+15,5.41872E+16
6629,1,0,62,60,2018,10,5,5,3,6,2,2,0,1,1,0,0,0,0,5.82995E+20,5.92976E+21,1.02515E+16,5.35102E+16
6630,2,7,14,715,2018,2,7,4,3,1,6,0,0,1,0,0,0,0,1,5.58093E+20,5.92512E+21,9.87522E+15,5.34719E+16
6631,1,0,3,0,2018,11,21,4,3,4,6,2,1,0,0,0,0,0,0,6.10414E+20,5.96947E+21,1.0679E+16,5.38619E+16
6632,1,0,58,124,2018,10,2,7,3,9,1,2,0,1,0,0,0,0,1,5.45729E+20,6.01602E+21,9.70252E+15,5.429E+16
6633,1,0,58,43,2018,12,15,4,3,5,2,0,0,1,0,0,0,0,1,5.54793E+20,6.03433E+21,9.84512E+15,5.44537E+16
6634,1,0,58,43,2018,10,16,2,3,2,6,0,0,1,0,1,0,0,0,5.53982E+20,6.03419E+21,9.8326E+15,5.44525E+16
6635,1,0,56,15,2018,12,10,2,3,5,2,0,0,1,0,0,0,0,1,5.43502E+20,5.95581E+21,9.65969E+15,5.37491E+16
6636,2,1,7,120,2018,5,6,5,3,1,5,0,0,1,0,0,0,0,0,5.68828E+20,5.93494E+21,1.00391E+16,5.35589E+16
6637,1,0,3,0,2018,11,0,6,3,5,2,2,0,1,0,0,0,0,1,6.08068E+20,5.96809E+21,1.06428E+16,5.38501E+16
6638,1,0,58,124,2018,12,12,3,3,9,1,0,0,1,0,0,0,0,1,5.46682E+20,6.01641E+21,9.71722E+15,5.42935E+16
6639,2,1,1,102,2018,3,10,4,3,5,2,0,1,1,0,0,0,0,1,5.65962E+20,5.93363E+21,9.99554E+15,5.35474E+16
6640,1,0,3,0,2018,10,12,5,2,8,1,0,1,0,0,0,0,0,0,6.22829E+20,5.9801E+21,1.08719E+16,5.39546E+16
6641,1,0,53,83,2018,12,6,4,3,8,1,2,0,1,0,0,0,0,2,6.03987E+20,5.91893E+21,1.05644E+16,5.34092E+16
6642,1,0,62,65,2018,12,14,7,3,9,1,0,0,1,0,0,0,0,1,5.87436E+20,5.95995E+21,1.0327E+16,5.37808E+16
6643,1,0,53,20,2018,11,7,5,2,5,3,0,1,1,0,0,0,0,0,6.05165E+20,5.92831E+21,1.05852E+16,5.34932E+16
6644,1,0,3,0,2018,12,7,6,3,5,2,0,1,1,0,0,0,0,1,6.08686E+20,5.972E+21,1.06536E+16,5.38851E+16
6645,1,0,53,41,2018,11,16,3,3,0,5,1,0,1,0,1,0,0,1,6.13236E+20,5.96507E+21,1.07202E+16,5.38218E+16
6646,1,0,55,42,2018,11,7,3,3,5,2,1,0,1,0,0,1,0,0,6.15987E+20,5.98423E+21,1.07693E+16,5.39933E+16
6647,1,0,56,16,2018,10,13,5,3,6,4,0,0,1,1,0,0,0,1,5.42818E+20,5.95086E+21,9.64864E+15,5.37046E+16
6648,1,0,59,182,2018,10,18,4,3,5,3,1,1,0,0,1,0,0,0,5.33031E+20,6.06459E+21,9.5129E+15,5.47275E+16
6649,2,1,1,101,2018,2,10,3,3,2,6,0,0,1,0,0,0,0,0,5.66415E+20,5.93363E+21,1.00024E+16,5.35474E+16
6650,1,0,56,43,2018,12,18,1,3,5,3,2,0,1,0,0,0,1,1,5.57581E+20,5.94397E+21,9.87098E+15,5.36414E+16
6651,1,0,56,15,2018,12,7,3,3,5,3,1,1,1,0,0,0,0,1,5.43421E+20,5.95622E+21,9.65853E+15,5.37528E+16
6652,1,0,62,1,2018,12,18,7,2,9,1,2,0,1,0,0,0,0,1,5.82703E+20,5.94683E+21,1.02517E+16,5.36637E+16
6653,1,0,2,0,2018,11,19,4,3,5,2,2,1,1,0,0,0,0,0,5.73154E+20,6.02181E+21,1.01252E+16,5.43388E+16
6654,1,0,62,11,2018,12,6,1,3,3,6,2,0,1,0,0,1,0,1,5.81538E+20,5.94114E+21,1.02325E+16,5.36127E+16
6655,2,3,8,320,2018,3,7,2,3,2,6,0,0,1,0,0,0,0,0,5.59791E+20,5.9417E+21,9.90397E+15,5.36207E+16
6656,1,0,55,35,2018,10,19,5,3,5,2,2,0,1,0,0,0,0,0,6.13978E+20,5.97569E+21,1.07354E+16,5.3917E+16
6657,1,0,58,78,2018,12,6,3,3,8,1,2,0,1,0,0,0,0,2,5.31874E+20,6.01604E+21,9.48969E+15,5.42912E+16
6658,1,0,59,53,2018,11,14,3,3,2,6,0,0,1,0,0,0,0,0,5.34469E+20,6.0295E+21,9.5311E+15,5.44121E+16
6659,1,0,3,0,2018,12,11,5,2,6,4,0,0,1,1,0,0,0,0,6.13692E+20,5.9699E+21,1.07289E+16,5.38652E+16
6660,1,0,56,23,2018,11,14,6,3,2,6,0,0,1,0,0,0,0,1,5.42816E+20,5.95142E+21,9.64868E+15,5.37097E+16
6661,1,0,3,0,2018,10,6,3,1,5,2,2,0,1,0,1,0,0,0,6.10413E+20,5.9718E+21,1.06798E+16,5.38829E+16
6662,1,0,3,0,2018,12,19,5,2,5,2,2,1,1,0,0,0,0,1,6.12004E+20,5.96831E+21,1.07027E+16,5.38512E+16
6663,1,0,58,172,2018,11,19,2,3,9,1,2,0,1,0,0,0,0,1,5.42963E+20,6.01454E+21,9.65983E+15,5.42769E+16
6664,1,0,55,24,2018,10,22,4,1,8,1,2,0,1,0,0,0,0,0,6.11727E+20,6.00154E+21,1.07107E+16,5.41498E+16
6665,2,3,8,320,2018,4,12,2,3,3,6,0,0,1,0,0,1,0,0,5.60828E+20,5.94005E+21,9.91932E+15,5.36057E+16
6666,1,0,3,0,2018,10,10,2,3,2,6,0,0,1,0,0,0,0,0,6.1263E+20,5.96677E+21,1.07117E+16,5.38372E+16
6667,2,7,8,709,2018,1,7,4,3,6,4,2,0,1,1,0,0,0,1,5.621E+20,5.92122E+21,9.9348E+15,5.34364E+16
6668,1,0,58,135,2018,10,19,5,3,5,2,2,1,1,0,0,0,0,0,5.43346E+20,6.01726E+21,9.6661E+15,5.43014E+16
6669,1,0,62,1,2018,12,8,2,3,5,3,0,0,1,0,0,0,0,1,5.80204E+20,5.94636E+21,1.02137E+16,5.36598E+16
6670,1,0,55,44,2018,12,11,5,3,8,1,0,0,1,0,0,0,0,1,6.13626E+20,5.99062E+21,1.07357E+16,5.40513E+16
6671,1,0,53,60,2018,11,16,2,3,2,2,0,0,1,0,0,0,0,0,5.93354E+20,5.93553E+21,1.04094E+16,5.35603E+16
6672,1,0,3,0,2018,10,8,4,3,5,3,0,1,1,0,0,0,0,0,6.13284E+20,5.96543E+21,1.07211E+16,5.3825E+16
6673,2,6,2,603,2018,2,6,3,3,0,3,1,0,1,1,0,0,0,0,5.80843E+20,5.92692E+21,1.02184E+16,5.3485E+16
6674,1,0,54,56,2018,12,17,2,3,5,3,2,1,1,0,0,0,0,1,5.03446E+20,6.03752E+21,9.05319E+15,5.44853E+16
6675,1,0,61,73,2018,12,4,4,3,8,1,2,0,0,0,0,0,1,2,5.37142E+20,5.96891E+21,9.56484E+15,5.38674E+16
6676,1,0,62,4,2018,12,12,1,3,2,6,0,0,1,0,0,0,0,1,5.94164E+20,5.96134E+21,1.04295E+16,5.37921E+16
6677,2,2,5,215,2018,4,1,4,2,8,1,2,0,0,0,0,1,0,1,5.60652E+20,5.93769E+21,9.9162E+15,5.35846E+16
6678,1,0,53,32,2018,11,8,4,3,0,7,0,1,0,0,0,0,0,0,5.91137E+20,5.92247E+21,1.03721E+16,5.34433E+16
6679,1,0,59,20,2018,12,6,1,2,9,1,2,0,0,0,0,0,1,2,5.23463E+20,6.03223E+21,9.36175E+15,5.44372E+16
6680,2,7,11,712,2018,3,7,3,3,9,1,0,0,0,0,0,1,0,1,5.60598E+20,5.92809E+21,9.91353E+15,5.34983E+16
6681,1,0,4,0,2018,10,6,5,3,5,3,1,1,1,0,0,0,0,0,5.64002E+20,5.99098E+21,9.97788E+15,5.40631E+16
6682,1,0,53,83,2018,12,18,3,3,6,2,2,0,1,1,0,0,0,1,6.03622E+20,5.91505E+21,1.05576E+16,5.33743E+16
6683,1,0,2,0,2018,11,15,3,3,2,6,0,0,1,0,0,0,0,1,5.75248E+20,6.01893E+21,1.01567E+16,5.43127E+16
6684,1,0,56,39,2018,12,5,5,3,5,2,2,0,1,0,0,0,0,1,5.51157E+20,5.94577E+21,9.77411E+15,5.36582E+16
6685,1,0,51,110,2018,11,22,6,2,8,1,2,0,1,0,0,0,0,1,5.14377E+20,5.98894E+21,9.21959E+15,5.40485E+16
6686,1,0,3,0,2018,10,9,3,3,2,2,0,0,1,0,1,0,0,0,6.1029E+20,5.96996E+21,1.06773E+16,5.38664E+16
6687,1,0,53,100,2018,12,8,5,3,2,6,0,0,1,0,0,0,0,1,6.16769E+20,5.95152E+21,1.07687E+16,5.36993E+16
6688,1,0,3,0,2018,11,15,2,3,5,3,0,1,1,0,0,0,0,1,6.1296E+20,5.96978E+21,1.07178E+16,5.38642E+16
6689,1,0,2,0,2018,11,10,2,3,0,1,0,1,0,0,0,0,0,0,5.73297E+20,6.02002E+21,1.01269E+16,5.43228E+16
6690,1,0,53,49,2018,10,16,4,3,5,3,0,0,1,0,0,0,0,0,5.95784E+20,5.93996E+21,1.04474E+16,5.35997E+16
6691,2,1,15,134,2018,4,8,3,3,2,6,0,0,1,0,0,0,0,0,5.68049E+20,5.93065E+21,1.00264E+16,5.35204E+16
6692,1,0,60,85,2018,10,9,2,3,2,2,0,0,1,0,0,1,1,0,5.79765E+20,5.96555E+21,1.0212E+16,5.38323E+16
6693,2,1,16,136,2018,1,13,5,3,3,6,0,0,1,0,0,1,0,0,5.70293E+20,5.92946E+21,1.006E+16,5.35094E+16
6694,1,0,58,135,2018,10,19,5,3,0,7,2,1,0,0,0,0,0,0,5.42732E+20,6.01794E+21,9.65676E+15,5.43075E+16
6695,1,0,60,96,2018,12,21,7,3,2,6,2,0,1,0,0,0,0,0,5.9058E+20,5.97532E+21,1.03792E+16,5.39184E+16
6696,1,0,60,5,2018,12,17,2,3,2,6,2,0,1,0,0,0,0,1,5.85595E+20,5.97851E+21,1.03042E+16,5.39479E+16
6697,1,0,53,32,2018,12,13,5,3,0,7,0,0,0,0,0,0,1,1,5.88375E+20,5.92384E+21,1.0331E+16,5.34562E+16
6698,1,0,60,44,2018,11,6,2,2,6,2,2,0,1,1,0,0,0,1,5.63673E+20,5.96544E+21,9.96753E+15,5.38336E+16
6699,1,0,59,87,2018,12,5,6,3,9,1,2,0,1,0,0,0,0,1,5.26807E+20,6.02331E+21,9.4125E+15,5.43569E+16