OBJECTID_1,ULAND,UREGBEZ,UKREIS,UGEMEINDE,UJAHR,UMONAT,USTUNDE,UWOCHENTAG,UKATEGORIE,UART,UTYP1,ULICHTVERH,IstRad,IstPKW,IstFuss,IstKrad,IstGkfz,IstSonstig,STRZUSTAND,LINREFX,LINREFY,XGCSWGS84,YGCSWGS84
6700,1,0,58,58,2018,10,5,5,3,1,5,2,0,1,0,0,0,1,0,5.62798E+20,6.02904E+21,9.96745E+15,5.44052E+16
6701,1,0,55,37,2018,12,5,2,3,2,2,2,0,1,0,0,0,0,1,6.20452E+20,5.99835E+21,1.08429E+16,5.41192E+16
6702,1,0,62,4,2018,11,16,1,2,1,5,1,0,1,0,1,0,0,0,5.89811E+20,5.96275E+21,1.03638E+16,5.38056E+16
6703,1,0,61,46,2018,11,18,5,2,6,4,2,0,1,1,0,0,0,0,5.31805E+20,5.97335E+21,9.48414E+15,5.39076E+16
6704,1,0,58,169,2018,11,18,6,3,2,6,2,0,1,0,0,0,0,0,5.58438E+20,5.9915E+21,9.89298E+15,5.40684E+16
6705,1,0,55,32,2018,12,14,4,3,5,3,0,1,1,0,0,0,0,1,6.17839E+20,5.99657E+21,1.08023E+16,5.41038E+16
6706,1,0,59,178,2018,10,11,7,2,8,1,0,0,0,0,1,0,0,0,5.45504E+20,6.07326E+21,9.70792E+15,5.48044E+16
6707,2,3,9,321,2018,3,14,5,2,3,6,0,0,1,0,0,1,0,0,5.60647E+20,5.93828E+21,9.91623E+15,5.35898E+16
6708,1,0,55,4,2018,11,15,5,3,5,3,0,0,1,0,0,0,0,0,6.1095E+20,5.97446E+21,1.06889E+16,5.39067E+16
6709,1,0,53,121,2018,10,7,2,3,2,6,1,0,1,0,0,0,0,0,5.98506E+20,5.94816E+21,1.04912E+16,5.36729E+16
6710,1,0,51,44,2018,12,16,4,3,5,3,2,1,1,0,0,0,0,1,5.06002E+20,6.00328E+21,9.09196E+15,5.41776E+16
6711,1,0,58,39,2018,11,16,1,3,8,1,1,0,1,0,0,0,0,1,5.48601E+20,6.03123E+21,9.74912E+15,5.44264E+16
6712,1,0,3,0,2018,10,10,3,3,3,6,0,0,1,0,0,0,1,1,6.11414E+20,5.96901E+21,1.0694E+16,5.38576E+16
6713,2,1,12,130,2018,5,9,4,3,2,6,0,0,0,0,0,1,0,0,5.74862E+20,5.93119E+21,1.01293E+16,5.35243E+16
6714,2,7,10,711,2018,4,22,6,3,0,1,2,0,0,0,1,0,0,0,5.61552E+20,5.92496E+21,9.92729E+15,5.34701E+16
6715,1,0,58,92,2018,10,10,1,3,5,3,0,0,1,0,0,0,0,0,5.70569E+20,6.02095E+21,1.00852E+16,5.43315E+16
6716,2,7,14,715,2018,1,18,3,3,2,6,2,0,1,0,0,0,0,1,5.57662E+20,5.92509E+21,9.86872E+15,5.34717E+16
6717,1,0,2,0,2018,10,16,5,3,5,3,0,1,1,0,0,0,0,0,5.72693E+20,6.02058E+21,1.01178E+16,5.43279E+16
6718,1,0,53,7,2018,12,8,2,3,2,6,0,0,1,0,0,0,0,0,5.98921E+20,5.93653E+21,1.04937E+16,5.35683E+16
6719,1,0,58,124,2018,11,10,1,3,8,1,0,1,0,0,0,0,0,0,5.43511E+20,6.01589E+21,9.66843E+15,5.42891E+16
6720,1,0,60,5,2018,11,15,6,3,2,6,0,0,1,0,0,0,1,0,5.83924E+20,5.97697E+21,1.02783E+16,5.39344E+16
6721,1,0,3,0,2018,12,17,7,2,6,4,2,0,1,1,0,0,0,1,6.18539E+20,5.97531E+21,1.08047E+16,5.39127E+16
6722,1,0,55,40,2018,11,18,4,3,5,3,2,0,1,0,0,0,0,1,6.07695E+20,5.97527E+21,1.06397E+16,5.39146E+16
6723,1,0,57,57,2018,11,20,5,3,8,1,2,0,1,0,0,0,0,1,5.90434E+20,6.00158E+21,1.03848E+16,5.41544E+16
6724,1,0,60,63,2018,10,12,6,3,5,3,0,1,0,0,0,0,1,1,5.65959E+20,5.94866E+21,9.99867E+15,5.36825E+16
6725,1,0,3,0,2018,10,14,5,3,5,2,0,0,1,0,0,0,0,0,6.20463E+20,5.9776E+21,1.08349E+16,5.39328E+16
6726,2,1,16,136,2018,2,16,3,3,2,6,0,0,1,0,0,0,0,0,5.70311E+20,5.92946E+21,1.00602E+16,5.35094E+16
6727,1,0,58,70,2018,11,17,4,3,8,1,2,0,1,0,0,0,0,0,5.32002E+20,6.00848E+21,9.49084E+15,5.42234E+16
6728,1,0,59,179,2018,10,16,7,3,8,1,0,0,1,0,0,0,0,0,5.12197E+20,6.05971E+21,9.1892E+15,5.46846E+16
6729,1,0,57,20,2018,12,5,4,3,8,1,2,0,1,0,0,0,0,2,5.86719E+20,6.02608E+21,1.0335E+16,5.43751E+16
6730,1,0,1,0,2018,10,7,2,3,8,1,1,1,0,0,0,0,0,0,5.29645E+20,6.07378E+21,9.46126E+15,5.48103E+16
6731,1,0,3,0,2018,12,12,2,3,4,6,0,0,1,0,0,0,0,0,6.10309E+20,5.97145E+21,1.06781E+16,5.38798E+16
6732,2,3,6,318,2018,5,8,4,3,4,2,0,0,1,0,0,0,0,0,5.63346E+20,5.94474E+21,9.95833E+15,5.36476E+16
6733,1,0,2,0,2018,11,16,6,3,2,6,2,0,1,0,0,0,0,0,5.74812E+20,6.01275E+21,1.01484E+16,5.42572E+16
6734,1,0,56,50,2018,12,16,2,3,0,1,1,1,0,0,0,0,0,1,5.46411E+20,5.93756E+21,9.70108E+15,5.35848E+16
6735,2,3,9,321,2018,3,14,3,3,2,6,0,0,1,0,0,0,0,0,5.60965E+20,5.93863E+21,9.92111E+15,5.3593E+16
6736,1,0,57,50,2018,10,13,5,2,5,2,0,0,0,0,1,0,1,0,5.909E+20,6.01661E+21,1.03965E+16,5.42893E+16
6737,1,0,55,4,2018,12,16,4,3,5,2,2,0,1,0,0,0,0,1,6.10953E+20,5.97446E+21,1.0689E+16,5.39067E+16
6738,1,0,51,72,2018,11,8,3,3,5,3,0,1,1,0,0,0,0,0,5.00374E+20,5.97805E+21,9.0057E+15,5.39508E+16
6739,1,0,60,44,2018,12,16,6,2,6,4,2,0,1,1,0,0,0,1,5.63072E+20,5.96579E+21,9.95847E+15,5.38368E+16
6740,1,0,2,0,2018,11,7,5,3,0,3,1,1,0,0,0,0,0,1,5.72787E+20,6.02049E+21,1.01192E+16,5.43271E+16
6741,1,0,4,0,2018,12,18,6,3,6,2,2,0,1,1,0,0,0,1,5.64574E+20,5.99128E+21,9.98669E+15,5.40657E+16
6742,1,0,3,0,2018,11,12,3,3,5,2,0,1,1,0,0,0,0,1,6.11269E+20,5.9691E+21,1.06918E+16,5.38585E+16
6743,1,0,1,0,2018,11,16,3,3,2,6,2,0,1,0,0,0,0,0,5.27224E+20,6.06899E+21,9.42314E+15,5.47674E+16
6744,1,0,62,18,2018,10,7,5,3,5,3,0,1,1,0,0,0,0,1,5.80517E+20,5.93334E+21,1.02151E+16,5.35428E+16
6745,1,0,58,146,2018,10,15,4,3,2,6,0,0,1,0,0,0,1,0,5.49008E+20,6.01803E+21,9.75322E+15,5.43078E+16
6746,2,4,5,409,2018,2,7,5,3,2,6,1,0,1,0,0,0,0,1,5.66402E+20,5.93863E+21,1.00032E+16,5.35923E+16
6747,1,0,62,1,2018,12,16,1,3,6,4,1,0,0,1,0,0,1,1,5.81912E+20,5.94815E+21,1.024E+16,5.36756E+16
6748,1,0,56,49,2018,12,7,3,3,5,3,1,0,0,0,1,0,0,1,5.42537E+20,5.94799E+21,9.64399E+15,5.36789E+16
6749,1,0,4,0,2018,12,18,7,3,5,2,2,1,1,0,0,0,0,1,5.65394E+20,5.99179E+21,9.99932E+15,5.40702E+16
6750,1,0,51,44,2018,11,10,3,3,2,6,0,0,1,0,0,0,1,0,5.06845E+20,6.00535E+21,9.10492E+15,5.41961E+16
6751,1,0,60,34,2018,12,13,7,3,5,3,0,0,1,0,0,0,0,1,5.71705E+20,5.97519E+21,1.00918E+16,5.39202E+16
6752,2,3,7,319,2018,3,7,5,3,5,3,0,0,1,0,0,0,1,0,5.61348E+20,5.94398E+21,9.92795E+15,5.3641E+16
6753,1,0,2,0,2018,10,19,5,3,5,3,2,1,1,0,0,0,0,0,5.74142E+20,6.01773E+21,1.01394E+16,5.43021E+16
6754,1,0,59,10,2018,12,6,3,3,8,1,2,0,1,0,0,0,0,2,5.29293E+20,6.04917E+21,9.45331E+15,5.45891E+16
6755,1,0,56,15,2018,11,16,2,2,5,3,1,1,1,0,0,0,0,0,5.424E+20,5.95719E+21,9.64317E+15,5.37616E+16
6756,1,0,55,12,2018,12,22,5,2,8,7,2,0,1,0,0,0,0,1,6.01656E+20,5.99933E+21,1.05558E+16,5.41321E+16
6757,1,0,59,183,2018,10,17,1,3,9,1,0,0,1,0,0,0,0,0,5.21216E+20,6.06689E+21,9.32961E+15,5.47488E+16
6758,2,2,6,218,2018,3,12,6,3,2,6,0,0,1,0,0,0,0,0,5.57526E+20,5.93617E+21,9.8687E+15,5.35712E+16
6759,1,0,3,0,2018,11,16,6,3,5,3,2,0,1,0,0,0,1,0,6.09544E+20,5.97105E+21,1.06663E+16,5.38763E+16
6760,1,0,2,0,2018,10,13,3,3,6,4,0,0,1,1,0,0,0,0,5.75143E+20,6.02694E+21,1.01571E+16,5.43847E+16
6761,1,0,58,135,2018,12,7,5,3,0,1,2,0,0,0,1,0,0,1,5.42696E+20,6.01649E+21,9.65599E+15,5.42946E+16
6762,1,0,2,0,2018,11,16,2,3,2,6,1,0,1,0,0,0,0,1,5.73561E+20,6.01865E+21,1.01307E+16,5.43104E+16
6763,1,0,2,0,2018,10,16,4,3,5,2,0,0,1,0,1,0,0,0,5.70995E+20,6.02299E+21,1.00923E+16,5.43498E+16
6764,1,0,56,42,2018,10,10,7,3,5,2,0,0,1,0,0,0,0,0,5.40009E+20,5.95507E+21,9.60664E+15,5.37427E+16
6765,2,3,5,317,2018,4,18,2,3,5,3,0,1,1,0,0,0,0,0,5.63785E+20,5.93944E+21,9.96388E+15,5.35999E+16
6766,1,0,61,54,2018,10,18,6,3,5,3,1,1,1,0,0,0,0,0,5.2953E+20,5.9637E+21,9.44858E+15,5.3821E+16
6767,1,0,2,0,2018,10,15,2,3,2,6,0,0,0,0,0,1,1,0,5.72776E+20,6.01809E+21,1.01185E+16,5.43055E+16
6768,2,1,3,107,2018,1,12,4,3,3,6,0,0,1,0,0,1,0,0,5.64848E+20,5.93382E+21,9.97876E+15,5.35493E+16
6769,1,0,2,0,2018,10,15,5,3,5,2,0,0,1,0,0,0,1,0,5.73432E+20,6.01889E+21,1.01287E+16,5.43126E+16
6770,1,0,59,75,2018,12,15,5,3,0,1,0,1,0,0,0,0,0,0,5.33974E+20,6.03994E+21,9.52468E+15,5.4506E+16
6771,1,0,53,3,2018,11,16,2,3,5,2,1,1,1,0,0,0,0,0,5.87398E+20,5.93199E+21,1.03185E+16,5.35295E+16
6772,1,0,59,168,2018,10,15,5,3,9,1,0,0,0,0,1,0,0,1,5.56336E+20,6.05889E+21,9.87363E+15,5.46742E+16
6773,1,0,59,121,2018,11,9,1,3,8,7,0,0,1,0,0,0,0,1,5.62023E+20,6.06244E+21,9.96256E+15,5.47055E+16
6774,1,0,54,96,2018,12,16,2,3,5,3,2,0,1,0,0,0,0,1,5.10847E+20,6.03489E+21,9.16733E+15,5.44615E+16
6775,1,0,58,157,2018,11,17,5,3,0,3,1,1,1,0,0,0,0,1,5.7365E+20,6.03189E+21,1.01353E+16,5.44294E+16
6776,1,0,61,46,2018,11,19,5,3,2,2,2,0,1,0,1,0,0,1,5.32108E+20,5.97613E+21,9.48904E+15,5.39326E+16
6777,1,0,56,39,2018,11,16,2,3,2,6,2,0,1,0,0,0,1,0,5.52995E+20,5.94762E+21,9.80224E+15,5.36747E+16
6778,1,0,1,0,2018,12,16,4,3,2,6,2,0,1,0,0,0,0,1,5.27369E+20,6.06877E+21,9.42537E+15,5.47654E+16
6779,1,0,56,49,2018,10,6,6,3,0,1,2,1,0,0,0,0,0,1,5.44731E+20,5.94801E+21,9.6772E+15,5.36789E+16
6780,2,4,2,405,2018,2,21,7,3,5,3,2,1,1,0,0,0,0,0,5.65114E+20,5.93925E+21,9.98392E+15,5.35981E+16
6781,1,0,54,163,2018,11,17,5,2,2,6,2,0,1,0,0,0,1,0,4.7035E+20,6.06187E+21,8.53988E+15,5.47032E+16
6782,1,0,2,0,2018,10,17,2,3,2,6,1,0,1,0,0,0,0,1,5.71335E+20,6.01916E+21,1.00966E+16,5.43154E+16
6783,1,0,53,17,2018,12,6,4,3,8,1,2,0,1,0,0,0,0,2,5.93224E+20,5.92768E+21,1.04051E+16,5.34898E+16
6784,1,0,53,129,2018,11,9,7,3,5,3,0,1,0,0,1,0,0,1,5.83357E+20,5.92833E+21,1.02566E+16,5.34973E+16
6785,1,0,2,0,2018,10,17,3,3,2,6,0,0,1,0,0,0,0,1,5.755E+20,6.01939E+21,1.01606E+16,5.43168E+16
6786,2,1,8,124,2018,5,17,2,3,5,3,0,1,1,0,0,0,0,0,5.69425E+20,5.93422E+21,1.00479E+16,5.35523E+16
6787,2,1,12,130,2018,4,16,4,3,2,6,0,0,1,0,0,0,0,0,5.73775E+20,5.93582E+21,1.01139E+16,5.3566E+16
6788,2,6,10,611,2018,1,8,5,3,2,7,1,0,1,0,0,0,1,1,5.72985E+20,5.92965E+21,1.01006E+16,5.35107E+16
6789,1,0,59,35,2018,10,6,5,2,8,1,2,0,0,0,1,0,0,1,5.25344E+20,6.03331E+21,9.39084E+15,5.44468E+16
6790,1,0,56,11,2018,12,17,5,3,5,3,2,0,1,0,0,0,0,1,5.50684E+20,5.95823E+21,9.76899E+15,5.37702E+16
6791,1,0,58,43,2018,12,13,1,3,5,2,0,0,1,0,0,0,0,1,5.54789E+20,6.03433E+21,9.84506E+15,5.44537E+16
6792,1,0,60,58,2018,11,9,6,3,2,2,0,0,1,0,0,0,1,0,5.7493E+20,5.96088E+21,1.01374E+16,5.37911E+16
6793,1,0,2,0,2018,11,12,6,3,5,3,0,0,1,0,0,0,1,1,5.73201E+20,6.01933E+21,1.01253E+16,5.43166E+16
6794,1,0,51,133,2018,12,12,6,2,4,6,0,0,1,0,0,0,0,1,5.07584E+20,6.0137E+21,9.11646E+15,5.42712E+16
6795,1,0,59,98,2018,11,18,4,3,2,6,1,0,1,0,0,0,0,1,5.38129E+20,6.04468E+21,9.58946E+15,5.45482E+16
6796,1,0,62,92,2018,11,11,4,2,8,1,0,0,1,0,0,0,0,1,5.83346E+20,5.96546E+21,1.02664E+16,5.3831E+16
6797,1,0,2,0,2018,10,17,6,3,2,2,0,0,1,0,0,0,0,1,5.75138E+20,6.0285E+21,1.01574E+16,5.43987E+16
6798,1,0,56,31,2018,10,19,5,3,9,1,2,0,1,0,0,0,0,0,5.46743E+20,5.95662E+21,9.70896E+15,5.37561E+16
6799,2,1,3,107,2018,2,9,2,3,5,3,0,1,1,0,0,0,0,1,5.65228E+20,5.9337E+21,9.98448E+15,5.35482E+16
6800,1,0,59,116,2018,10,19,5,3,4,6,2,0,1,0,0,0,1,0,5.35281E+20,6.06322E+21,9.54766E+15,5.4715E+16
6801,1,0,3,0,2018,11,16,1,3,5,2,1,1,1,0,0,0,0,0,6.21857E+20,5.98037E+21,1.08572E+16,5.39573E+16
6802,1,0,2,0,2018,12,7,2,3,5,3,2,1,1,0,0,0,0,1,5.76197E+20,6.01724E+21,1.01708E+16,5.42974E+16
6803,1,0,60,85,2018,11,13,5,3,5,3,0,0,1,0,0,0,0,0,5.81822E+20,5.96259E+21,1.02425E+16,5.38054E+16
6804,1,0,57,20,2018,11,14,6,2,7,7,0,0,0,0,1,0,0,0,5.87979E+20,6.02709E+21,1.03547E+16,5.43839E+16
6805,1,0,2,0,2018,12,12,4,2,8,1,0,0,1,0,0,0,0,1,5.72166E+20,6.01859E+21,1.01092E+16,5.431E+16
6806,1,0,51,134,2018,10,10,6,3,0,7,0,0,1,0,0,0,1,0,5.07836E+20,5.98852E+21,9.11968E+15,5.40449E+16
6807,2,6,2,602,2018,2,14,3,3,4,6,0,0,1,0,0,0,1,2,5.8051E+20,5.92707E+21,1.02134E+16,5.34864E+16
6808,1,0,4,0,2018,11,13,5,3,2,6,0,0,1,0,0,0,0,0,5.64377E+20,5.99282E+21,9.984E+15,5.40796E+16
6809,1,0,4,0,2018,10,7,2,3,5,2,0,1,1,0,0,0,0,0,5.63781E+20,5.99274E+21,9.97487E+15,5.40789E+16
6810,1,0,56,42,2018,12,5,4,3,8,1,2,0,1,0,0,0,0,2,5.37897E+20,5.95438E+21,9.57453E+15,5.37367E+16
6811,1,0,60,7,2018,11,13,7,3,5,2,0,0,1,0,0,0,0,1,5.77415E+20,5.97539E+21,1.01788E+16,5.39212E+16
6812,1,0,57,80,2018,10,7,3,3,5,3,1,0,1,0,0,0,0,1,5.82737E+20,6.00189E+21,1.02671E+16,5.41585E+16
6813,2,1,4,111,2018,5,15,3,3,3,2,0,1,1,0,0,0,0,0,5.63986E+20,5.93424E+21,9.96584E+15,5.35531E+16
6814,2,7,10,711,2018,4,13,5,3,5,2,0,1,1,0,0,0,0,0,5.61237E+20,5.92502E+21,9.92256E+15,5.34706E+16
6815,2,3,7,319,2018,1,17,3,3,6,2,2,0,1,1,0,0,0,1,5.60168E+20,5.94246E+21,9.90981E+15,5.36274E+16
6816,1,0,60,27,2018,10,16,5,2,2,6,0,0,1,0,0,0,0,0,5.62341E+20,5.97959E+21,9.95018E+15,5.39609E+16
6817,1,0,51,107,2018,12,18,1,3,8,1,2,0,1,0,0,0,0,1,5.02848E+20,6.01029E+21,9.0437E+15,5.42406E+16
6818,1,0,55,33,2018,11,16,7,3,8,1,0,0,1,0,0,0,0,0,6.22373E+20,6.01511E+21,1.08791E+16,5.42693E+16
6819,1,0,53,90,2018,11,16,6,3,1,2,0,0,1,0,0,0,0,0,6.12229E+20,5.94499E+21,1.06977E+16,5.36417E+16
6820,1,0,2,0,2018,12,17,7,3,6,4,2,0,1,1,0,0,0,1,5.72608E+20,6.02046E+21,1.01165E+16,5.43268E+16
6821,1,0,2,0,2018,11,18,4,3,6,2,2,0,1,1,0,0,0,0,5.74119E+20,6.01833E+21,1.01392E+16,5.43075E+16
6822,1,0,1,0,2018,11,17,5,3,2,6,2,0,1,0,0,0,0,1,5.27042E+20,6.069E+21,9.42031E+15,5.47675E+16
6823,1,0,55,44,2018,10,18,6,3,5,3,2,0,1,0,0,0,0,1,6.10304E+20,5.98756E+21,1.06838E+16,5.40245E+16
6824,1,0,2,0,2018,10,18,5,2,5,2,2,1,1,0,0,0,0,0,5.74147E+20,6.01773E+21,1.01394E+16,5.43021E+16
6825,2,6,11,612,2018,2,9,2,3,3,6,0,0,1,0,0,1,1,1,5.70989E+20,5.9294E+21,1.00704E+16,5.35087E+16
6826,1,0,54,118,2018,11,17,4,3,5,3,2,0,1,0,0,0,0,0,5.0612E+20,6.03759E+21,9.09447E+15,5.44859E+16
6827,1,0,2,0,2018,12,9,4,3,0,1,0,0,0,0,1,0,0,2,5.74377E+20,6.0201E+21,1.01436E+16,5.43233E+16
6828,1,0,60,36,2018,10,16,1,3,5,2,0,0,1,0,0,0,0,0,5.64568E+20,5.97286E+21,9.98269E+15,5.39001E+16
6829,1,0,2,0,2018,12,22,2,3,3,6,2,0,1,0,0,0,0,0,5.74251E+20,6.01771E+21,1.0141E+16,5.43018E+16
6830,2,4,7,417,2018,4,16,2,3,3,6,0,0,1,0,0,0,0,0,5.68382E+20,5.9353E+21,1.00324E+16,5.35621E+16
6831,1,0,62,94,2018,11,15,5,3,5,3,1,0,1,0,0,0,1,0,5.99445E+20,5.96534E+21,1.05109E+16,5.3827E+16
6832,1,0,3,0,2018,12,7,2,3,5,2,2,1,1,0,0,0,0,1,6.12294E+20,5.97095E+21,1.07081E+16,5.38748E+16
6833,2,1,3,107,2018,3,14,3,3,5,3,0,1,1,0,0,0,0,0,5.64803E+20,5.93383E+21,9.9781E+15,5.35494E+16
6834,1,0,60,73,2018,10,14,5,2,2,6,0,0,1,0,0,0,1,0,5.6192E+20,5.97169E+21,9.94215E+15,5.389E+16
6835,1,0,2,0,2018,12,22,4,3,5,7,2,0,1,0,0,0,0,1,5.73218E+20,6.0186E+21,1.01254E+16,5.431E+16
6836,1,0,60,47,2018,11,20,3,3,5,3,2,0,1,0,0,0,0,1,5.71162E+20,5.96403E+21,1.0081E+16,5.38199E+16
6837,1,0,3,0,2018,12,16,6,3,2,6,2,0,1,0,0,0,0,1,6.10141E+20,5.96993E+21,1.0675E+16,5.38661E+16
6838,1,0,1,0,2018,11,7,5,3,5,3,0,0,1,0,0,0,0,0,5.27195E+20,6.07335E+21,9.42311E+15,5.48066E+16
6839,1,0,57,70,2018,12,13,6,3,2,6,0,0,1,0,0,0,0,1,5.87536E+20,6.00734E+21,1.03421E+16,5.42066E+16
6840,1,0,57,28,2018,11,8,3,3,5,3,0,0,1,0,0,0,0,0,5.89014E+20,6.02609E+21,1.03704E+16,5.43748E+16
6841,1,0,51,44,2018,11,1,2,3,7,1,2,0,0,0,1,0,0,1,5.06464E+20,6.00588E+21,9.0991E+15,5.4201E+16
6842,1,0,55,41,2018,10,19,5,3,2,6,1,0,1,0,0,0,0,0,6.12454E+20,5.99168E+21,1.07182E+16,5.40611E+16
6843,2,1,14,132,2018,4,17,2,3,1,6,0,0,1,0,0,0,0,0,5.68479E+20,5.93305E+21,1.00334E+16,5.35419E+16
6844,1,0,56,50,2018,10,11,3,3,2,6,0,0,1,0,0,0,0,0,5.48087E+20,5.9375E+21,9.72638E+15,5.35842E+16
6845,2,1,12,130,2018,1,9,4,3,3,6,0,0,1,0,0,1,0,0,5.74721E+20,5.93099E+21,1.01271E+16,5.35226E+16
6846,1,0,57,42,2018,12,12,1,2,9,7,0,0,1,0,0,0,0,1,5.82451E+20,6.00493E+21,1.02635E+16,5.41858E+16
6847,1,0,3,0,2018,12,15,3,3,5,2,0,1,1,0,0,0,0,0,6.10248E+20,5.96798E+21,1.06759E+16,5.38486E+16
6848,1,0,54,131,2018,12,9,7,3,9,1,0,0,1,0,0,0,0,1,4.94391E+20,6.08344E+21,8.91254E+15,5.48979E+16
6849,1,0,56,15,2018,11,17,3,3,5,2,2,0,1,0,0,0,0,0,5.44947E+20,5.95588E+21,9.68161E+15,5.37497E+16
6850,1,0,58,34,2018,12,11,7,3,2,6,0,0,1,0,0,0,0,0,5.43663E+20,6.01863E+21,9.67117E+15,5.43137E+16
6851,2,1,6,115,2018,3,15,3,2,6,4,0,0,1,1,0,0,0,0,5.67292E+20,5.93352E+21,1.00156E+16,5.35463E+16
6852,1,0,56,48,2018,10,13,5,3,2,6,0,0,1,0,0,0,0,0,5.4968E+20,5.95241E+21,9.75283E+15,5.3718E+16
6853,1,0,1,0,2018,12,11,3,3,5,2,0,1,1,0,0,0,0,1,5.28788E+20,6.07162E+21,9.44771E+15,5.47909E+16
6854,1,0,62,18,2018,11,16,2,3,5,3,1,1,1,0,0,0,0,0,5.81296E+20,5.93364E+21,1.02269E+16,5.35454E+16
6855,1,0,57,55,2018,12,7,5,3,6,4,2,0,1,1,0,0,0,1,6.02118E+20,6.01952E+21,1.05697E+16,5.43133E+16
6856,1,0,61,119,2018,10,11,1,3,8,1,0,0,0,0,1,0,0,0,5.21199E+20,5.97787E+21,9.32301E+15,5.39488E+16
6857,2,1,3,107,2018,3,20,5,3,9,7,2,0,1,0,0,0,0,1,5.65158E+20,5.93373E+21,9.98343E+15,5.35484E+16
6858,1,0,58,34,2018,11,13,6,3,2,6,0,0,1,0,0,0,0,1,5.43906E+20,6.01873E+21,9.67492E+15,5.43146E+16
6859,1,0,54,118,2018,10,19,3,3,9,1,2,0,0,0,1,0,0,1,5.06648E+20,6.03959E+21,9.10267E+15,5.45039E+16
6860,1,0,4,0,2018,12,17,5,3,6,7,2,1,0,1,0,0,0,1,5.64183E+20,5.99247E+21,9.98097E+15,5.40765E+16
6861,1,0,59,173,2018,11,6,2,3,5,3,2,0,1,0,0,0,0,1,5.13956E+20,6.06923E+21,9.21693E+15,5.47701E+16
6862,1,0,59,75,2018,10,11,4,3,2,6,0,0,1,0,0,0,0,0,5.34305E+20,6.04257E+21,9.5301E+15,5.45296E+16
6863,1,0,60,39,2018,10,14,7,3,5,2,0,0,1,0,1,0,0,0,5.66351E+20,5.96028E+21,1.00071E+16,5.37869E+16
6864,2,4,5,411,2018,4,7,5,3,2,6,0,0,1,0,0,0,0,0,5.6731E+20,5.93812E+21,1.00168E+16,5.35876E+16
6865,1,0,56,18,2018,10,6,2,3,2,6,1,0,1,0,0,0,1,0,5.55197E+20,5.944E+21,9.83493E+15,5.36419E+16
6866,2,3,6,318,2018,1,13,3,3,5,2,0,1,1,0,0,0,0,0,5.62565E+20,5.94164E+21,9.94589E+15,5.36198E+16
6867,1,0,51,140,2018,10,16,4,3,2,6,0,0,0,0,1,0,1,0,4.97536E+20,6.0069E+21,8.96222E+15,5.42101E+16
6868,1,0,56,35,2018,12,18,4,3,4,6,2,0,1,0,0,0,0,1,5.50596E+20,5.96686E+21,9.76908E+15,5.38478E+16
6869,1,0,3,0,2018,11,7,2,3,6,4,0,0,1,1,0,0,0,1,6.12656E+20,5.96972E+21,1.07131E+16,5.38637E+16
6870,1,0,61,44,2018,10,17,4,3,5,3,0,0,1,0,0,0,0,0,5.41187E+20,5.96283E+21,9.62553E+15,5.38124E+16
6871,1,0,53,18,2018,11,18,7,3,7,7,2,0,1,0,0,0,0,0,6.14675E+20,5.95479E+21,1.07383E+16,5.37292E+16
6872,1,0,55,35,2018,12,19,2,3,8,1,2,0,1,0,0,0,0,0,6.13359E+20,5.97661E+21,1.07264E+16,5.39255E+16
6873,1,0,59,107,2018,11,7,5,3,0,7,0,1,0,0,0,0,0,1,5.24391E+20,6.05258E+21,9.37773E+15,5.46201E+16
6874,1,0,56,41,2018,11,19,5,3,5,2,2,1,1,0,0,0,0,1,5.59601E+20,5.95449E+21,9.90355E+15,5.37357E+16
6875,1,0,2,0,2018,11,10,1,3,6,4,0,0,1,1,0,0,0,1,5.73138E+20,6.01553E+21,1.01234E+16,5.42825E+16
6876,1,0,62,9,2018,12,18,4,3,3,1,2,0,1,0,0,1,0,1,5.78351E+20,5.93567E+21,1.0183E+16,5.35641E+16
6877,1,0,4,0,2018,10,12,6,3,5,3,0,1,1,0,0,0,0,0,5.66294E+20,5.99507E+21,1.00138E+16,5.40995E+16
6878,2,3,4,316,2018,2,18,6,3,6,4,2,0,1,1,0,0,0,0,5.6413E+20,5.93785E+21,9.96876E+15,5.35856E+16
6879,1,0,62,76,2018,11,12,4,3,1,5,0,0,1,0,0,0,0,0,5.69885E+20,5.95555E+21,1.00597E+16,5.37439E+16
6880,1,0,62,9,2018,10,20,1,3,8,7,2,0,1,0,0,0,0,0,5.79022E+20,5.93609E+21,1.01932E+16,5.35677E+16
6881,1,0,55,12,2018,12,7,4,2,9,1,2,0,0,0,0,0,1,2,6.06088E+20,6.00546E+21,1.06258E+16,5.41862E+16
6882,1,0,4,0,2018,11,18,7,3,2,6,2,0,1,0,0,0,0,1,5.64543E+20,5.99203E+21,9.98637E+15,5.40724E+16
6883,1,0,54,56,2018,10,7,3,2,5,2,2,1,1,0,0,0,0,1,5.02878E+20,6.03933E+21,9.04444E+15,5.45015E+16
6884,2,1,4,111,2018,1,22,6,3,5,3,2,1,1,0,0,0,0,1,5.64247E+20,5.934E+21,9.96973E+15,5.35509E+16
6885,2,6,9,610,2018,5,14,1,3,9,1,0,0,1,0,0,0,0,0,5.79108E+20,5.92552E+21,1.01919E+16,5.34728E+16
6886,1,0,58,117,2018,11,16,7,2,9,1,1,0,1,0,0,0,0,0,5.53928E+20,6.00285E+21,9.82611E+15,5.41709E+16
6887,1,0,59,75,2018,10,0,1,3,0,1,2,0,0,0,1,0,0,0,5.36894E+20,6.0422E+21,9.57006E+15,5.4526E+16
6888,2,4,7,417,2018,4,0,1,3,6,7,2,0,1,1,0,0,0,1,5.68426E+20,5.93538E+21,1.00331E+16,5.35629E+16