OBJECTID_1,ULAND,UREGBEZ,UKREIS,UGEMEINDE,UJAHR,UMONAT,USTUNDE,UWOCHENTAG,UKATEGORIE,UART,UTYP1,ULICHTVERH,IstRad,IstPKW,IstFuss,IstKrad,IstGkfz,IstSonstig,STRZUSTAND,LINREFX,LINREFY,XGCSWGS84,YGCSWGS84
6889,2,4,4,407,2018,1,19,4,3,2,6,2,0,1,0,0,0,0,0,5.66185E+20,5.94099E+21,1.00005E+16,5.36135E+16
6890,1,0,56,15,2018,10,19,4,3,4,6,2,0,1,0,0,0,0,0,5.42452E+20,5.95508E+21,9.64368E+15,5.37426E+16
6891,1,0,62,18,2018,12,17,5,3,2,6,2,0,1,0,0,0,0,0,5.79724E+20,5.93304E+21,1.02031E+16,5.35402E+16
6892,1,0,2,0,2018,12,16,1,3,6,2,2,0,1,1,0,0,0,1,5.73404E+20,6.01977E+21,1.01285E+16,5.43205E+16
6893,1,0,56,15,2018,11,15,6,3,5,3,1,1,1,0,0,0,0,0,5.42744E+20,5.95626E+21,9.64827E+15,5.37532E+16
6894,1,0,59,87,2018,11,16,6,1,5,2,1,0,1,0,0,0,0,1,5.35832E+20,6.02425E+21,9.55148E+15,5.43648E+16
6895,1,0,60,69,2018,12,21,6,3,9,1,2,0,1,0,0,0,0,1,5.90767E+20,5.98157E+21,1.03839E+16,5.39745E+16
6896,1,0,61,44,2018,11,9,3,3,5,2,0,1,1,0,0,0,0,1,5.42144E+20,5.95936E+21,9.63959E+15,5.37812E+16
6897,1,0,62,23,2018,11,14,4,3,4,6,0,0,1,0,0,1,0,0,5.84814E+20,5.94446E+21,1.02829E+16,5.36421E+16
6898,1,0,54,56,2018,10,7,6,3,6,2,1,0,1,1,0,0,0,1,5.03439E+20,6.03752E+21,9.05308E+15,5.44853E+16
6899,1,0,51,49,2018,10,16,4,3,8,7,0,1,0,0,0,0,0,0,5.10738E+20,6.01507E+21,9.16493E+15,5.42834E+16
6900,2,4,7,417,2018,2,20,7,3,6,4,2,0,1,1,0,0,0,0,5.68257E+20,5.93517E+21,1.00305E+16,5.35609E+16
6901,1,0,58,109,2018,12,22,2,3,8,7,2,0,1,0,0,0,0,1,5.69552E+20,6.00123E+21,1.0065E+16,5.41544E+16
6902,1,0,54,148,2018,12,20,4,2,8,1,2,0,1,0,0,0,0,1,4.87858E+20,6.01676E+21,8.81342E+15,5.42986E+16
6903,1,0,2,0,2018,10,14,1,3,2,6,0,0,1,0,0,0,0,0,5.73019E+20,6.01795E+21,1.01222E+16,5.43042E+16
6904,1,0,60,31,2018,12,4,1,1,8,1,2,0,0,0,0,0,1,1,5.55047E+20,5.97672E+21,9.8385E+15,5.3936E+16
6905,2,7,10,711,2018,4,10,5,3,2,6,0,0,1,0,0,1,0,1,5.62183E+20,5.92508E+21,9.93682E+15,5.3471E+16
6906,1,0,59,75,2018,11,11,5,3,7,7,0,0,1,0,0,0,1,0,5.34187E+20,6.04264E+21,9.52829E+15,5.45301E+16
6907,1,0,60,74,2018,12,15,2,2,8,1,0,0,0,0,0,1,0,1,5.84024E+20,5.97276E+21,1.02787E+16,5.38965E+16
6908,2,4,6,414,2018,3,8,5,3,5,2,0,1,1,0,0,0,0,1,5.67709E+20,5.93662E+21,1.00225E+16,5.35741E+16
6909,1,0,56,15,2018,10,17,4,3,5,3,0,1,1,0,0,0,0,0,5.44428E+20,5.95563E+21,9.67372E+15,5.37474E+16
6910,1,0,51,1,2018,12,21,3,3,0,6,2,0,1,0,1,0,0,0,5.18781E+20,5.99698E+21,9.28735E+15,5.41207E+16
6911,1,0,3,0,2018,11,17,3,3,5,3,2,0,1,0,0,0,0,1,6.10943E+20,5.96811E+21,1.06865E+16,5.38496E+16
6912,1,0,58,34,2018,12,21,6,3,2,6,2,0,1,0,0,0,0,1,5.43981E+20,6.01877E+21,9.67607E+15,5.43149E+16
6913,1,0,2,0,2018,11,18,7,3,0,7,2,1,0,0,0,0,0,1,5.73691E+20,6.02172E+21,1.01334E+16,5.4338E+16
6914,1,0,59,18,2018,10,14,4,3,2,6,0,0,1,0,0,0,0,1,5.34888E+20,6.03736E+21,9.53849E+15,5.44827E+16
6915,1,0,51,74,2018,12,12,5,2,2,6,0,0,1,0,0,0,0,1,5.04495E+20,5.9935E+21,9.06872E+15,5.40896E+16
6916,1,0,60,95,2018,11,9,2,3,5,3,0,0,1,0,0,0,0,1,5.54684E+20,5.97326E+21,9.83235E+15,5.39049E+16
6917,1,0,55,27,2018,11,6,2,3,6,4,2,0,1,1,0,0,0,1,6.22788E+20,6.00961E+21,1.08832E+16,5.42198E+16
6918,1,0,55,37,2018,10,22,5,3,8,1,2,0,1,0,0,0,0,0,6.20844E+20,6.00188E+21,1.08503E+16,5.41508E+16
6919,1,0,56,15,2018,10,11,7,3,5,2,0,0,1,0,0,0,0,0,5.45173E+20,5.95585E+21,9.68504E+15,5.37493E+16
6920,2,3,1,304,2018,4,11,7,3,1,5,0,0,1,0,0,0,1,0,5.62531E+20,5.93613E+21,9.94427E+15,5.35703E+16
6921,1,0,54,42,2018,10,16,3,3,1,6,0,0,1,0,0,0,0,0,5.01908E+20,6.04169E+21,9.02947E+15,5.45228E+16
6922,2,1,6,115,2018,1,15,2,3,3,6,0,0,1,0,0,0,0,1,5.67034E+20,5.93372E+21,1.00117E+16,5.3548E+16
6923,1,0,53,32,2018,10,6,4,3,5,3,1,0,1,0,0,0,0,0,5.88709E+20,5.92134E+21,1.03353E+16,5.34336E+16
6924,1,0,58,107,2018,12,13,7,2,8,7,0,0,1,0,0,0,0,0,5.69549E+20,6.01371E+21,1.00679E+16,5.42666E+16
6925,1,0,1,0,2018,12,16,3,3,5,3,1,0,1,0,1,0,0,1,5.27085E+20,6.07185E+21,9.42125E+15,5.47931E+16
6926,1,0,58,43,2018,12,9,6,3,8,1,0,0,0,0,1,0,0,1,5.53614E+20,6.03343E+21,9.82678E+15,5.44457E+16
6927,1,0,59,167,2018,11,9,3,3,8,1,0,0,1,0,0,0,0,1,5.49826E+20,6.06263E+21,9.77332E+15,5.47085E+16
6928,1,0,62,18,2018,12,16,6,3,2,6,2,0,1,0,0,0,1,0,5.81478E+20,5.93213E+21,1.02293E+16,5.35318E+16
6929,1,0,3,0,2018,10,16,4,3,3,6,0,0,1,0,1,0,0,0,6.10236E+20,5.96908E+21,1.06761E+16,5.38585E+16
6930,1,0,60,44,2018,12,7,2,3,5,2,1,1,1,0,0,0,0,1,5.62482E+20,5.96615E+21,9.94958E+15,5.38401E+16
6931,1,0,58,150,2018,11,15,2,2,8,1,0,0,1,0,0,0,0,1,5.68433E+20,6.03582E+21,1.00558E+16,5.44654E+16
6932,1,0,2,0,2018,11,16,6,3,5,3,1,1,1,0,0,0,0,1,5.7045E+20,6.01743E+21,1.00826E+16,5.42999E+16
6933,1,0,56,41,2018,11,7,6,3,2,6,0,0,1,0,0,0,0,1,5.59801E+20,5.95499E+21,9.90668E+15,5.37401E+16
6934,1,0,56,41,2018,11,6,4,3,2,6,2,0,1,0,0,0,0,0,5.62527E+20,5.95546E+21,9.94809E+15,5.3744E+16
6935,1,0,55,18,2018,12,9,2,2,4,5,0,0,1,0,0,0,0,1,6.336E+20,6.00896E+21,1.10487E+16,5.42112E+16
6936,1,0,59,75,2018,12,17,4,3,5,3,2,0,1,0,0,1,0,1,5.37353E+20,6.04351E+21,9.57731E+15,5.45378E+16
6937,1,0,58,164,2018,10,4,1,3,8,1,2,0,1,0,0,0,0,0,5.38006E+20,5.99842E+21,9.58166E+15,5.41325E+16
6938,1,0,56,48,2018,12,15,2,3,8,1,0,0,1,0,0,0,0,1,5.49672E+20,5.95236E+21,9.75271E+15,5.37175E+16
6939,2,1,6,115,2018,4,1,6,3,9,1,2,0,1,0,0,0,0,1,5.67102E+20,5.93368E+21,1.00128E+16,5.35477E+16
6940,1,0,55,40,2018,11,16,5,3,5,3,2,0,1,0,0,0,0,0,6.08379E+20,5.97219E+21,1.0649E+16,5.38868E+16
6941,1,0,2,0,2018,12,11,2,3,5,2,0,1,1,0,0,0,0,0,5.72013E+20,6.01739E+21,1.01066E+16,5.42993E+16
6942,2,3,7,319,2018,3,15,1,3,2,6,0,0,1,0,0,0,0,0,5.60012E+20,5.94461E+21,9.90786E+15,5.36468E+16
6943,1,0,4,0,2018,10,15,4,2,5,2,0,1,1,0,0,0,0,0,5.62596E+20,5.99178E+21,9.95657E+15,5.40704E+16
6944,1,0,2,0,2018,12,17,4,2,2,6,2,1,1,0,0,0,0,0,5.70958E+20,6.02305E+21,1.00917E+16,5.43504E+16
6945,1,0,53,116,2018,11,6,3,2,6,4,2,0,0,1,0,0,1,1,5.991E+20,5.93058E+21,1.04946E+16,5.35148E+16
6946,1,0,58,77,2018,12,11,6,3,5,3,0,0,1,0,0,0,0,1,5.42439E+20,5.99386E+21,9.64886E+15,5.40911E+16
6947,1,0,4,0,2018,11,22,7,3,5,3,2,0,1,0,0,0,0,1,5.64702E+20,5.99492E+21,9.98941E+15,5.40984E+16
6948,1,0,55,17,2018,10,14,4,2,4,6,0,0,1,0,0,0,0,0,6.3443E+20,6.02709E+21,1.10695E+16,5.43739E+16
6949,1,0,2,0,2018,12,11,6,3,5,2,0,0,1,0,0,0,0,1,5.77421E+20,6.02074E+21,1.01905E+16,5.43287E+16
6950,1,0,3,0,2018,11,5,3,3,7,7,2,0,1,0,0,1,1,0,6.05862E+20,5.96887E+21,1.06096E+16,5.38575E+16
6951,1,0,62,71,2018,11,10,2,3,6,4,0,0,1,1,0,0,0,0,5.80889E+20,5.93999E+21,1.02224E+16,5.36025E+16
6952,1,0,2,0,2018,10,17,5,3,5,2,1,1,1,0,0,0,0,0,5.72076E+20,6.02242E+21,1.01088E+16,5.43445E+16
6953,2,3,8,320,2018,4,18,1,3,2,6,0,0,1,0,0,0,0,0,5.60481E+20,5.94171E+21,9.9144E+15,5.36207E+16
6954,1,0,62,9,2018,10,6,3,3,4,6,2,0,1,0,0,0,1,0,5.7905E+20,5.9361E+21,1.01937E+16,5.35678E+16
6955,2,1,1,102,2018,1,8,3,3,5,2,0,1,1,0,0,0,0,0,5.65346E+20,5.93366E+21,9.98626E+15,5.35478E+16
6956,1,0,55,35,2018,12,19,1,3,8,1,2,0,1,0,0,0,0,1,6.13433E+20,5.9769E+21,1.07276E+16,5.39281E+16
6957,1,0,2,0,2018,12,10,3,3,5,7,0,0,1,0,0,1,0,1,5.78207E+20,6.01976E+21,1.02024E+16,5.43197E+16
6958,1,0,56,39,2018,12,11,6,3,2,6,0,0,1,0,0,0,0,0,5.51124E+20,5.94455E+21,9.77342E+15,5.36473E+16
6959,1,0,58,135,2018,11,17,3,2,0,7,2,1,0,0,0,0,0,0,5.44562E+20,6.01781E+21,9.68486E+15,5.43063E+16
6960,1,0,59,57,2018,12,0,7,2,2,6,2,0,1,0,0,0,0,0,5.30689E+20,6.04329E+21,9.4743E+15,5.45363E+16
6961,2,4,6,414,2018,3,12,7,3,6,2,0,0,1,1,0,0,0,0,5.67793E+20,5.9365E+21,1.00238E+16,5.3573E+16
6962,1,0,58,137,2018,10,16,4,3,5,2,0,0,1,0,1,0,0,0,5.53239E+20,6.04424E+21,9.82296E+15,5.45429E+16
6963,1,0,56,39,2018,12,18,2,3,5,3,2,1,1,0,0,0,0,1,5.52548E+20,5.94628E+21,9.79525E+15,5.36627E+16
6964,1,0,55,12,2018,11,17,2,3,5,2,2,0,1,0,0,0,0,1,6.04431E+20,5.9984E+21,1.05979E+16,5.41231E+16
6965,1,0,1,0,2018,12,13,5,3,3,6,0,1,1,0,0,0,0,1,5.26308E+20,6.07279E+21,9.40925E+15,5.48016E+16
6966,1,0,56,15,2018,10,16,7,3,2,6,0,0,1,0,0,0,0,0,5.4469E+20,5.95757E+21,9.67796E+15,5.37648E+16
6967,2,6,2,603,2018,3,4,1,3,9,1,2,0,1,0,0,0,0,0,5.81786E+20,5.92631E+21,1.02324E+16,5.34794E+16
6968,1,0,59,8,2018,11,23,6,2,9,1,2,0,0,0,0,0,1,1,5.37285E+20,6.05049E+21,9.57715E+15,5.46005E+16
6969,1,0,54,132,2018,10,13,3,3,2,6,0,0,1,0,0,0,1,0,5.03384E+20,6.03155E+21,9.05217E+15,5.44316E+16
6970,1,0,2,0,2018,12,21,5,3,5,3,2,0,1,0,1,0,0,1,5.73122E+20,6.01942E+21,1.01241E+16,5.43174E+16
6971,1,0,59,184,2018,11,13,2,2,2,6,0,0,1,0,0,1,0,1,5.26864E+20,6.0596E+21,9.41667E+15,5.4683E+16
6972,1,0,56,15,2018,10,11,3,1,6,2,0,0,0,1,0,1,0,1,5.42697E+20,5.95633E+21,9.64757E+15,5.37539E+16
6973,1,0,56,51,2018,10,18,7,3,9,7,1,0,0,0,1,0,0,0,5.44886E+20,5.96734E+21,9.68237E+15,5.38526E+16
6974,2,4,5,412,2018,5,17,3,3,4,7,0,0,1,0,0,0,0,0,5.67362E+20,5.938E+21,1.00176E+16,5.35865E+16
6975,2,1,12,130,2018,4,14,3,3,8,6,0,0,1,0,0,0,1,0,5.74413E+20,5.9318E+21,1.01226E+16,5.35299E+16
6976,1,0,56,48,2018,10,8,2,3,2,6,0,0,1,0,0,0,1,0,5.49597E+20,5.95247E+21,9.75158E+15,5.37185E+16
6977,2,1,8,124,2018,1,16,1,3,2,6,1,0,1,0,0,0,0,1,5.6899E+20,5.93425E+21,1.00414E+16,5.35526E+16
6978,1,0,58,135,2018,10,16,4,2,2,6,0,0,0,0,1,0,1,0,5.42906E+20,6.01497E+21,9.65901E+15,5.42808E+16
6979,1,0,62,9,2018,12,17,4,3,2,6,2,0,1,0,0,0,0,1,5.77486E+20,5.9354E+21,1.01699E+16,5.35618E+16
6980,1,0,2,0,2018,11,13,2,3,5,3,0,1,1,0,0,0,0,1,5.76249E+20,6.02803E+21,1.01744E+16,5.43943E+16
6981,1,0,2,0,2018,10,11,4,3,0,6,0,1,0,0,0,0,0,0,5.73602E+20,6.01963E+21,1.01315E+16,5.43192E+16
6982,1,0,3,0,2018,11,6,7,2,1,5,1,0,1,0,0,1,0,1,6.14535E+20,5.97522E+21,1.07437E+16,5.39127E+16
6983,1,0,3,0,2018,12,0,1,3,0,1,2,1,0,0,0,0,0,1,6.11043E+20,5.97352E+21,1.069E+16,5.38982E+16
6984,1,0,58,139,2018,11,22,5,3,9,1,2,0,1,0,0,0,0,0,5.67933E+20,6.0136E+21,1.0043E+16,5.42658E+16
6985,1,0,62,76,2018,11,22,5,3,5,3,2,0,1,0,0,0,0,1,5.7256E+20,5.95381E+21,1.00998E+16,5.37279E+16
6986,1,0,54,45,2018,10,9,7,3,4,6,0,0,1,0,0,0,0,0,5.05758E+20,6.05706E+21,9.08926E+15,5.46609E+16
6987,1,0,56,41,2018,11,4,1,3,2,6,2,0,1,0,0,0,0,1,5.61964E+20,5.95298E+21,9.93907E+15,5.37218E+16
6988,1,0,60,63,2018,12,14,3,3,2,6,0,0,1,0,0,0,0,1,5.66504E+20,5.94869E+21,1.00069E+16,5.36827E+16
6989,1,0,59,42,2018,10,20,6,2,5,2,2,0,1,0,0,0,0,0,5.31962E+20,6.04785E+21,9.49446E+15,5.45771E+16
6990,2,2,3,209,2018,2,15,3,3,2,6,0,0,1,0,0,0,0,0,5.62336E+20,5.93538E+21,9.94118E+15,5.35636E+16
6991,1,0,53,75,2018,11,18,4,3,8,1,2,0,0,0,1,0,0,0,6.06988E+20,5.9598E+21,1.06235E+16,5.37758E+16
6992,1,0,57,73,2018,10,12,1,2,5,3,0,0,1,0,0,0,0,0,5.8916E+20,6.03159E+21,1.03742E+16,5.44242E+16
6993,1,0,55,16,2018,12,9,4,3,9,1,0,0,1,0,0,0,0,2,6.30726E+20,6.00702E+21,1.10038E+16,5.41946E+16
6994,1,0,61,29,2018,10,15,2,3,5,3,0,0,1,0,0,0,0,0,5.28172E+20,5.95955E+21,9.42757E+15,5.37838E+16
6995,2,3,1,306,2018,1,15,4,3,3,6,0,0,1,0,0,0,0,1,5.6339E+20,5.9363E+21,9.95728E+15,5.35717E+16
6996,2,7,2,703,2018,5,17,6,3,2,6,0,0,1,0,0,1,0,0,5.68247E+20,5.92347E+21,1.00278E+16,5.34558E+16
6997,1,0,51,68,2018,11,15,6,3,5,3,0,0,1,0,0,0,0,0,5.11789E+20,6.01189E+21,9.18095E+15,5.42548E+16
6998,1,0,2,0,2018,12,17,3,3,4,6,2,0,1,0,0,0,0,1,5.74004E+20,6.02302E+21,1.01386E+16,5.43496E+16
6999,2,1,16,136,2018,3,11,6,3,2,6,0,0,1,0,0,0,0,0,5.68923E+20,5.92848E+21,1.00391E+16,5.35007E+16
7000,2,7,2,703,2018,1,5,2,3,9,6,2,0,1,0,0,1,0,1,5.67889E+20,5.92551E+21,1.00229E+16,5.34742E+16
7001,1,0,2,0,2018,10,12,4,3,0,7,0,1,0,0,0,0,0,0,5.72169E+20,6.02039E+21,1.01097E+16,5.43263E+16
7002,1,0,59,53,2018,12,16,5,1,5,3,2,0,1,0,0,0,0,1,5.35174E+20,6.02679E+21,9.54164E+15,5.43876E+16
7003,1,0,3,0,2018,12,15,7,3,5,7,0,0,1,0,0,0,0,1,6.12134E+20,5.97194E+21,1.0706E+16,5.38837E+16
7004,1,0,55,38,2018,11,13,6,3,2,6,0,0,1,0,0,0,0,0,6.15268E+20,6.00567E+21,1.07665E+16,5.41861E+16
7005,1,0,51,1,2018,11,5,5,2,8,1,2,0,1,0,0,0,0,1,5.18289E+20,5.99765E+21,9.27987E+15,5.41267E+16
7006,1,0,60,63,2018,12,17,6,2,4,6,2,0,1,0,0,0,0,1,5.66314E+20,5.94916E+21,1.00042E+16,5.3687E+16
7007,1,0,56,18,2018,11,16,3,3,5,3,2,1,1,0,0,0,0,1,5.55394E+20,5.94289E+21,9.8377E+15,5.36319E+16
7008,1,0,56,15,2018,11,5,3,3,5,3,2,0,1,0,0,0,0,0,5.43693E+20,5.95711E+21,9.66277E+15,5.37608E+16
7009,1,0,51,2,2018,10,22,6,3,9,1,2,0,1,0,0,0,0,1,5.15282E+20,6.00064E+21,9.23399E+15,5.41536E+16
7010,1,0,53,52,2018,10,13,4,3,8,1,0,1,0,0,0,0,0,0,5.96875E+20,5.93176E+21,1.04614E+16,5.35259E+16
7011,2,3,9,321,2018,2,17,6,3,5,3,2,0,1,0,0,0,0,0,5.62064E+20,5.9369E+21,9.93737E+15,5.35772E+16
7012,1,0,57,62,2018,12,18,2,3,5,3,2,1,1,0,0,0,0,1,5.83237E+20,6.0105E+21,1.02771E+16,5.42357E+16
7013,1,0,56,18,2018,12,4,4,3,9,1,2,0,1,0,0,0,0,2,5.55159E+20,5.94404E+21,9.83435E+15,5.36422E+16
7014,1,0,59,176,2018,12,9,1,3,9,1,0,0,1,0,0,0,0,0,5.34817E+20,6.07301E+21,9.54163E+15,5.4803E+16
7015,2,7,10,711,2018,4,16,4,3,6,7,0,0,1,1,0,0,0,0,5.64215E+20,5.92479E+21,9.96737E+15,5.34682E+16
7016,1,0,60,39,2018,11,17,4,3,2,6,2,0,1,0,0,0,0,0,5.64481E+20,5.95888E+21,9.97844E+15,5.37746E+16
7017,1,0,58,123,2018,12,3,1,3,8,1,2,0,1,0,0,0,0,0,5.49982E+20,6.03475E+21,9.77101E+15,5.4458E+16
7018,2,6,1,601,2018,3,17,4,3,2,6,0,0,1,0,0,0,0,0,5.77505E+20,5.93005E+21,1.01688E+16,5.35136E+16
7019,1,0,57,70,2018,10,21,4,2,7,7,2,0,0,0,1,0,0,0,5.87233E+20,6.00756E+21,1.03375E+16,5.42087E+16
7020,1,0,60,99,2018,12,15,3,3,5,3,0,1,1,0,0,0,0,0,5.59358E+20,5.9792E+21,9.90464E+15,5.39578E+16
7021,1,0,4,0,2018,11,12,3,3,2,6,0,0,1,0,0,0,0,1,5.63377E+20,5.99504E+21,9.96918E+15,5.40997E+16
7022,1,0,55,35,2018,12,5,6,2,2,6,2,0,1,0,0,0,0,1,6.13405E+20,5.98511E+21,1.07302E+16,5.40018E+16
7023,1,0,55,4,2018,11,17,7,3,2,6,2,0,1,0,0,0,0,0,6.12013E+20,5.97528E+21,1.07054E+16,5.39138E+16
7024,1,0,60,63,2018,10,9,3,3,2,6,0,0,1,0,0,0,0,1,5.68896E+20,5.94982E+21,1.00434E+16,5.36926E+16
7025,1,0,60,41,2018,12,15,5,3,8,1,1,0,1,0,0,0,0,1,5.83833E+20,5.97587E+21,1.02767E+16,5.39244E+16
7026,1,0,62,61,2018,11,7,2,3,5,3,0,0,1,0,0,0,0,1,5.96881E+20,5.96591E+21,1.04721E+16,5.38327E+16
7027,1,0,2,0,2018,11,14,2,3,6,4,0,1,0,1,0,0,0,0,5.72653E+20,6.02109E+21,1.01173E+16,5.43325E+16
7028,1,0,56,15,2018,10,9,4,3,6,7,0,0,1,0,0,0,1,1,5.42589E+20,5.95453E+21,9.64568E+15,5.37377E+16
7029,1,0,56,15,2018,10,21,7,3,5,3,2,0,1,0,0,0,0,0,5.4282E+20,5.95608E+21,9.64939E+15,5.37516E+16
7030,2,2,5,216,2018,4,14,5,3,2,6,0,0,1,0,0,0,1,0,5.59795E+20,5.93618E+21,9.90297E+15,5.35711E+16
7031,1,0,51,114,2018,10,8,2,3,8,1,0,0,1,0,0,0,0,0,5.19374E+20,6.00876E+21,9.29718E+15,5.42264E+16
7032,2,6,2,603,2018,1,18,7,3,2,2,2,0,1,0,0,0,0,0,5.82348E+20,5.92614E+21,1.02408E+16,5.34778E+16
7033,1,0,54,152,2018,10,17,4,3,4,6,0,0,1,0,0,0,0,0,5.13232E+20,6.03963E+21,9.20435E+15,5.45041E+16
7034,1,0,54,109,2018,12,17,7,3,3,6,2,0,1,0,0,0,0,0,4.9097E+20,6.07188E+21,8.85955E+15,5.4794E+16
7035,1,0,51,51,2018,12,6,2,3,5,3,2,1,1,0,0,0,0,1,5.19017E+20,5.98586E+21,9.29026E+15,5.40207E+16
7036,1,0,62,62,2018,12,16,6,2,2,6,2,0,1,0,0,0,0,1,5.94844E+20,5.96197E+21,1.044E+16,5.37976E+16
7037,1,0,56,41,2018,11,16,3,3,2,6,2,0,1,0,0,0,0,0,5.62515E+20,5.9554E+21,9.94791E+15,5.37435E+16
7038,1,0,4,0,2018,12,12,6,3,1,5,0,0,1,0,0,0,0,0,5.65743E+20,5.99248E+21,1.00048E+16,5.40763E+16
7039,1,0,54,88,2018,10,21,4,3,1,6,2,0,1,0,0,0,0,0,4.8856E+20,6.07053E+21,8.82213E+15,5.47818E+16
7040,1,0,53,93,2018,12,19,2,2,8,1,2,0,1,0,0,0,0,1,6.23769E+20,5.95033E+21,1.08742E+16,5.3687E+16
7041,1,0,53,60,2018,11,14,2,3,2,6,0,0,1,0,0,0,0,1,5.93421E+20,5.93551E+21,1.04104E+16,5.35602E+16
7042,1,0,54,56,2018,11,14,6,3,0,1,0,0,0,0,1,0,0,0,5.02949E+20,6.03872E+21,9.04553E+15,5.4496E+16
7043,1,0,3,0,2018,11,15,6,3,0,5,0,0,1,0,1,0,0,0,6.12361E+20,5.96781E+21,1.07079E+16,5.38466E+16
7044,1,0,53,129,2018,12,14,4,3,5,3,0,0,1,0,0,0,0,1,5.82574E+20,5.9274E+21,1.02446E+16,5.34891E+16
7045,1,0,3,0,2018,10,12,7,3,0,7,0,1,0,0,0,0,0,0,6.09629E+20,5.96969E+21,1.06671E+16,5.38641E+16
7046,2,3,7,319,2018,3,11,6,3,3,3,0,0,1,0,0,1,0,0,5.61065E+20,5.94314E+21,9.9235E+15,5.36335E+16
7047,1,0,62,39,2018,11,1,5,3,0,1,2,0,1,0,0,0,0,1,5.99741E+20,5.96275E+21,1.05146E+16,5.38038E+16
7048,1,0,62,4,2018,10,19,2,3,6,6,2,1,0,1,0,0,0,0,5.91543E+20,5.96302E+21,1.03902E+16,5.38077E+16
7049,1,0,51,110,2018,12,5,4,3,8,1,2,0,1,0,0,0,0,2,5.14572E+20,5.98899E+21,9.22257E+15,5.4049E+16
7050,1,0,55,4,2018,11,14,1,3,0,7,0,1,0,0,0,0,0,0,6.11133E+20,5.97757E+21,1.06928E+16,5.39346E+16
7051,1,0,3,0,2018,10,8,3,3,5,2,0,0,1,0,0,0,0,1,6.10241E+20,5.96907E+21,1.06762E+16,5.38584E+16
7052,1,0,56,8,2018,10,23,7,2,9,7,2,0,1,0,0,0,0,0,5.4772E+20,5.95994E+21,9.7243E+15,5.37859E+16
7053,2,1,4,111,2018,5,17,7,3,2,6,0,0,1,0,0,0,1,0,5.63978E+20,5.93425E+21,9.96573E+15,5.35532E+16
7054,2,2,5,215,2018,4,13,7,3,2,6,0,0,1,0,0,0,0,0,5.61032E+20,5.9354E+21,9.92148E+15,5.35639E+16
7055,1,0,3,0,2018,10,13,1,3,5,3,0,1,1,0,0,0,0,0,6.09346E+20,5.96849E+21,1.06624E+16,5.38534E+16
7056,2,4,5,409,2018,1,8,4,3,3,2,0,1,1,0,0,0,0,1,5.66401E+20,5.93864E+21,1.00032E+16,5.35923E+16
7057,1,0,54,78,2018,10,1,4,3,8,1,2,0,1,0,0,0,0,0,4.60496E+20,6.09555E+21,8.38236E+15,5.50052E+16
7058,1,0,58,135,2018,12,16,2,3,2,2,2,0,1,0,0,0,0,1,5.4213E+20,6.01796E+21,9.6475E+15,5.43078E+16
7059,1,0,62,92,2018,11,19,1,3,8,1,2,0,1,0,0,0,0,1,5.88129E+20,5.96624E+21,1.03393E+16,5.38372E+16
7060,1,0,57,80,2018,11,15,7,3,2,6,1,0,1,0,0,0,0,0,5.79579E+20,5.99837E+21,1.02178E+16,5.41273E+16
7061,1,0,62,23,2018,12,14,7,3,8,1,0,0,1,0,0,0,0,1,5.8552E+20,5.94635E+21,1.02941E+16,5.36589E+16
7062,1,0,56,36,2018,11,8,4,3,5,3,0,1,1,0,0,0,0,1,5.4448E+20,5.947E+21,9.67325E+15,5.36699E+16
7063,1,0,55,4,2018,11,7,5,3,5,2,0,0,1,0,0,0,0,1,6.11461E+20,5.9761E+21,1.06973E+16,5.39213E+16
7064,1,0,61,46,2018,10,8,6,3,0,7,0,1,0,0,0,0,0,1,5.32937E+20,5.97606E+21,9.50166E+15,5.39319E+16
7065,1,0,3,0,2018,10,16,5,3,2,6,0,0,1,0,1,0,0,0,6.11128E+20,5.97199E+21,1.06907E+16,5.38845E+16
7066,2,4,6,415,2018,2,11,4,3,2,6,0,0,1,0,0,0,1,0,5.68026E+20,5.93618E+21,1.00272E+16,5.35701E+16
7067,1,0,3,0,2018,11,7,4,3,5,3,0,1,1,0,0,0,0,0,6.0961E+20,5.97038E+21,1.06671E+16,5.38703E+16
7068,1,0,2,0,2018,10,17,7,2,5,3,1,0,1,0,1,0,0,1,5.69409E+20,6.01917E+21,1.0067E+16,5.43156E+16
7069,1,0,58,112,2018,12,6,4,2,9,1,2,0,1,0,0,0,0,2,5.64187E+20,6.02349E+21,9.98766E+15,5.43552E+16
7070,1,0,2,0,2018,10,15,2,3,6,4,0,0,0,1,0,0,1,0,5.74368E+20,6.02037E+21,1.01435E+16,5.43258E+16
7071,1,0,3,0,2018,12,14,2,3,2,6,0,0,1,0,0,0,0,0,6.09591E+20,5.97038E+21,1.06668E+16,5.38703E+16
7072,2,1,6,115,2018,5,19,4,3,2,6,0,0,1,0,0,0,0,0,5.67889E+20,5.93313E+21,1.00245E+16,5.35427E+16
7073,1,0,58,170,2018,11,7,6,3,5,2,2,1,1,0,0,0,0,0,5.68875E+20,6.00349E+21,1.00552E+16,5.41748E+16
7074,1,0,61,83,2018,12,7,3,3,3,6,2,0,1,0,0,0,0,1,5.32279E+20,5.97968E+21,9.49202E+15,5.39644E+16
7075,1,0,56,41,2018,12,5,4,3,5,3,2,1,1,0,0,0,0,0,5.59082E+20,5.95402E+21,9.8956E+15,5.37315E+16
7076,1,0,55,40,2018,10,23,7,3,0,7,2,1,0,0,0,0,0,0,6.08554E+20,5.97219E+21,1.06517E+16,5.38868E+16
7077,2,4,6,414,2018,3,12,6,3,2,6,0,0,1,0,0,0,0,0,5.67509E+20,5.93746E+21,1.00197E+16,5.35817E+16
7078,1,0,61,46,2018,11,13,5,3,2,6,0,0,1,0,0,0,1,0,5.34692E+20,5.97514E+21,9.52828E+15,5.39235E+16