OBJECTID_1,ULAND,UREGBEZ,UKREIS,UGEMEINDE,UJAHR,UMONAT,USTUNDE,UWOCHENTAG,UKATEGORIE,UART,UTYP1,ULICHTVERH,IstRad,IstPKW,IstFuss,IstKrad,IstGkfz,IstSonstig,STRZUSTAND,LINREFX,LINREFY,XGCSWGS84,YGCSWGS84
7079,1,0,53,89,2018,10,18,3,3,2,6,2,0,1,0,0,0,0,1,5.95557E+20,5.93562E+21,1.04427E+16,5.35608E+16
7080,1,0,3,0,2018,12,7,5,2,2,6,1,0,1,0,0,1,0,1,6.09042E+20,5.97126E+21,1.06587E+16,5.38784E+16
7081,1,0,62,48,2018,11,0,1,3,8,1,2,0,1,0,0,0,0,1,6.03329E+20,5.97343E+21,1.05726E+16,5.3899E+16
7082,1,0,55,12,2018,10,14,3,3,9,1,0,0,1,0,0,0,0,1,6.08877E+20,6.00073E+21,1.06668E+16,5.41431E+16
7083,2,3,7,319,2018,5,12,1,3,2,6,0,0,1,0,0,0,0,0,5.62368E+20,5.94487E+21,9.94356E+15,5.36489E+16
7084,2,3,8,320,2018,4,9,2,3,3,6,0,0,1,0,0,1,0,0,5.60539E+20,5.94084E+21,9.9151E+15,5.36129E+16
7085,1,0,55,25,2018,10,13,1,3,7,7,0,0,1,0,0,0,0,0,6.32923E+20,6.00727E+21,1.10376E+16,5.41962E+16
7086,2,2,6,218,2018,1,20,6,3,2,5,2,0,1,0,0,0,1,1,5.59211E+20,5.93564E+21,9.89404E+15,5.35663E+16
7087,1,0,1,0,2018,10,13,4,3,3,6,0,1,0,0,0,0,1,0,5.28187E+20,6.0709E+21,9.4383E+15,5.47845E+16
7088,1,0,59,184,2018,12,16,3,3,7,7,2,0,1,0,0,0,1,0,5.286E+20,6.06344E+21,9.44398E+15,5.47175E+16
7089,1,0,61,119,2018,11,13,1,3,0,1,0,1,0,0,0,0,0,1,5.2145E+20,5.97929E+21,9.32693E+15,5.39615E+16
7090,1,0,59,12,2018,11,14,7,3,2,6,0,0,1,0,0,0,0,0,5.41587E+20,6.03811E+21,9.64198E+15,5.44889E+16
7091,1,0,62,27,2018,12,11,1,3,8,1,0,0,1,0,0,0,0,1,5.88322E+20,5.95297E+21,1.03384E+16,5.37179E+16
7092,1,0,60,39,2018,11,6,4,3,5,3,1,1,1,0,0,0,0,1,5.64405E+20,5.96012E+21,9.97754E+15,5.37857E+16
7093,1,0,3,0,2018,11,6,5,3,5,3,2,1,1,0,0,0,0,1,6.08362E+20,5.96812E+21,1.06473E+16,5.38502E+16
7094,1,0,54,91,2018,10,13,7,3,5,3,0,0,1,0,0,0,0,0,4.90825E+20,6.03814E+21,8.85835E+15,5.44908E+16
7095,1,0,3,0,2018,12,15,3,3,5,7,1,0,1,0,1,0,0,1,6.10528E+20,5.96812E+21,1.06802E+16,5.38498E+16
7096,1,0,60,39,2018,10,16,5,3,6,4,0,0,1,1,0,0,0,0,5.66367E+20,5.9603E+21,1.00074E+16,5.3787E+16
7097,2,7,14,715,2018,2,11,6,3,2,6,0,0,1,0,0,0,1,1,5.56334E+20,5.9252E+21,9.84873E+15,5.34727E+16
7098,1,0,53,116,2018,11,14,4,3,5,3,0,1,1,0,0,0,0,0,5.98924E+20,5.92941E+21,1.04915E+16,5.35043E+16
7099,1,0,3,0,2018,10,12,7,3,5,3,0,1,1,0,0,0,0,0,6.09308E+20,5.97026E+21,1.06624E+16,5.38693E+16
7100,1,0,58,171,2018,12,7,4,3,8,1,2,0,1,0,0,0,0,2,5.56173E+20,6.0164E+21,9.86302E+15,5.42924E+16
7101,1,0,62,18,2018,10,5,2,3,0,3,2,0,1,0,1,0,0,1,5.81407E+20,5.93086E+21,1.02279E+16,5.35204E+16
7102,2,1,12,130,2018,1,2,2,3,1,7,2,0,1,0,0,0,0,1,5.74215E+20,5.93588E+21,1.01206E+16,5.35665E+16
7103,2,2,5,216,2018,5,16,6,3,0,7,0,1,0,0,0,0,0,0,5.60087E+20,5.9356E+21,9.90726E+15,5.35658E+16
7104,1,0,53,125,2018,11,20,6,3,2,3,2,0,1,0,0,0,0,1,6.03836E+20,5.93741E+21,1.05682E+16,5.35753E+16
7105,1,0,2,0,2018,12,13,3,3,2,6,0,0,1,0,0,0,0,1,5.73283E+20,6.01982E+21,1.01267E+16,5.4321E+16
7106,2,7,4,705,2018,3,15,4,3,9,1,0,0,1,0,0,0,0,1,5.6556E+20,5.92295E+21,9.98725E+15,5.34515E+16
7107,1,0,54,84,2018,10,13,4,2,4,6,0,0,1,0,0,0,0,0,5.06435E+20,6.03649E+21,9.09931E+15,5.4476E+16
7108,1,0,56,41,2018,12,11,4,3,0,1,0,1,0,0,0,0,0,1,5.59156E+20,5.95389E+21,9.89668E+15,5.37303E+16
7109,1,0,54,84,2018,12,15,7,3,2,2,1,0,1,0,0,0,0,1,5.06886E+20,6.03572E+21,9.10625E+15,5.4469E+16
7110,1,0,60,4,2018,11,17,5,2,5,2,2,0,1,0,0,0,0,0,5.61673E+20,5.97328E+21,9.93872E+15,5.39043E+16
7111,1,0,3,0,2018,12,11,6,3,5,2,0,0,1,0,0,0,0,1,6.12304E+20,5.97104E+21,1.07083E+16,5.38757E+16
7112,1,0,53,133,2018,11,11,3,3,5,3,0,0,1,0,0,0,0,1,5.85676E+20,5.93068E+21,1.02922E+16,5.35181E+16
7113,1,0,56,15,2018,11,13,3,3,3,6,0,0,1,0,0,0,0,0,5.45413E+20,5.95579E+21,9.68867E+15,5.37488E+16
7114,1,0,60,54,2018,10,18,5,3,5,3,2,1,1,0,0,0,0,0,5.58336E+20,5.9705E+21,9.88741E+15,5.38797E+16
7115,1,0,4,0,2018,10,5,4,2,5,3,2,1,1,0,0,0,0,0,5.64468E+20,5.99096E+21,9.98499E+15,5.40628E+16
7116,2,1,12,130,2018,2,13,3,2,2,6,0,0,1,0,0,0,0,0,5.74924E+20,5.93162E+21,1.01303E+16,5.35281E+16
7117,1,0,53,60,2018,12,9,2,3,2,6,0,0,1,0,0,0,0,1,5.92994E+20,5.93556E+21,1.0404E+16,5.35607E+16
7118,1,0,61,17,2018,12,6,4,3,9,1,2,0,1,0,0,0,0,1,5.31845E+20,5.97374E+21,9.48479E+15,5.39111E+16
7119,1,0,51,11,2018,12,16,7,1,6,4,2,0,1,1,0,0,0,1,5.06901E+20,5.97195E+21,9.10502E+15,5.38959E+16
7120,2,1,8,125,2018,4,15,3,3,2,6,0,0,1,0,0,0,0,0,5.70154E+20,5.93409E+21,1.00589E+16,5.3551E+16
7121,1,0,3,0,2018,11,17,4,3,5,2,2,1,0,0,0,0,1,0,6.10366E+20,5.97146E+21,1.0679E+16,5.38798E+16
7122,1,0,59,19,2018,12,6,1,3,0,1,2,0,1,0,0,0,0,0,5.3257E+20,6.03689E+21,9.50266E+15,5.44786E+16
7123,2,3,7,319,2018,3,15,3,3,2,6,0,0,1,0,0,0,0,0,5.62389E+20,5.94488E+21,9.94387E+15,5.36489E+16
7124,1,0,58,44,2018,10,17,4,3,3,6,0,0,1,0,0,0,0,0,5.60464E+20,5.99038E+21,9.92372E+15,5.40581E+16
7125,1,0,3,0,2018,12,15,3,3,5,7,0,0,1,0,1,0,0,1,6.11079E+20,5.96873E+21,1.06888E+16,5.38552E+16
7126,1,0,2,0,2018,11,7,3,3,9,1,0,0,1,0,0,0,0,1,5.72914E+20,6.02268E+21,1.01217E+16,5.43467E+16
7127,1,0,62,81,2018,12,12,5,3,8,1,0,0,1,0,0,0,0,1,5.85662E+20,5.95514E+21,1.02987E+16,5.37379E+16
7128,1,0,51,74,2018,11,13,6,3,5,3,0,0,1,0,0,1,0,1,5.06748E+20,5.99582E+21,9.10322E+15,5.41105E+16
7129,1,0,3,0,2018,10,20,3,3,5,2,2,0,1,0,0,0,0,1,6.10145E+20,5.97076E+21,1.06753E+16,5.38736E+16
7130,1,0,3,0,2018,12,6,5,3,5,3,2,1,1,0,0,0,0,1,6.11785E+20,5.96963E+21,1.06999E+16,5.38631E+16
7131,1,0,3,0,2018,11,18,2,3,5,3,2,1,1,0,0,0,0,1,6.10108E+20,5.96995E+21,1.06745E+16,5.38664E+16
7132,1,0,54,75,2018,11,6,2,3,5,3,2,0,1,0,0,0,0,1,4.97238E+20,6.06075E+21,8.95715E+15,5.46941E+16
7133,1,0,62,36,2018,10,7,4,3,5,3,0,0,1,0,0,0,0,1,5.80042E+20,5.95593E+21,1.02137E+16,5.37458E+16
7134,1,0,53,100,2018,10,12,7,3,5,2,0,1,0,0,1,0,0,0,6.17678E+20,5.95137E+21,1.07825E+16,5.36977E+16
7135,2,2,5,215,2018,4,16,3,3,4,2,0,1,1,0,0,0,0,0,5.60962E+20,5.93541E+21,9.92044E+15,5.3564E+16
7136,1,0,56,15,2018,10,18,2,3,5,2,2,0,1,0,1,0,0,0,5.42898E+20,5.9557E+21,9.65052E+15,5.37481E+16
7137,2,7,14,715,2018,1,18,4,3,5,4,2,0,1,1,0,0,0,0,5.54886E+20,5.92499E+21,9.82689E+15,5.3471E+16
7138,1,0,51,69,2018,10,6,3,3,8,7,1,0,1,0,0,0,0,0,5.03948E+20,6.00298E+21,9.06048E+15,5.41749E+16
7139,1,0,51,114,2018,11,16,6,3,5,2,0,0,1,0,0,0,0,1,5.18451E+20,6.00804E+21,9.28297E+15,5.422E+16
7140,1,0,60,34,2018,12,19,2,3,8,1,2,0,1,0,0,0,0,1,5.71457E+20,5.97353E+21,1.00877E+16,5.39052E+16
7141,1,0,53,118,2018,12,14,5,2,9,1,0,0,1,0,0,0,0,1,6.01E+20,5.95531E+21,1.05312E+16,5.37367E+16
7142,1,0,56,30,2018,11,16,2,3,9,1,0,0,0,0,0,0,1,0,5.45658E+20,5.96267E+21,9.6934E+15,5.38106E+16
7143,1,0,59,120,2018,12,18,6,3,2,2,2,0,1,0,0,0,0,1,5.25556E+20,6.07197E+21,9.39747E+15,5.47943E+16
7144,1,0,60,63,2018,10,14,3,2,6,7,0,0,1,1,0,0,0,0,5.65278E+20,5.94852E+21,9.98834E+15,5.36813E+16
7145,1,0,58,135,2018,12,20,2,3,4,1,2,0,1,0,0,0,1,1,5.40379E+20,6.02049E+21,9.62094E+15,5.43307E+16
7146,1,0,55,37,2018,11,21,1,3,2,2,2,0,1,0,0,0,0,1,6.20551E+20,5.99854E+21,1.08445E+16,5.41209E+16
7147,1,0,56,32,2018,11,17,5,3,5,3,2,1,0,0,0,0,1,1,5.52038E+20,5.95059E+21,9.78825E+15,5.37014E+16
7148,1,0,58,59,2018,11,17,6,3,2,6,2,0,0,0,1,0,1,0,5.54308E+20,5.99903E+21,9.83123E+15,5.41365E+16
7149,1,0,3,0,2018,12,8,4,3,5,2,0,1,1,0,0,0,0,1,6.10073E+20,5.96962E+21,1.06738E+16,5.38634E+16
7150,1,0,59,78,2018,10,14,7,2,5,3,0,0,1,0,0,0,0,0,5.36676E+20,6.03668E+21,9.566E+15,5.44765E+16
7151,2,7,10,711,2018,2,13,4,3,2,6,0,0,1,0,0,0,0,0,5.60866E+20,5.925E+21,9.91696E+15,5.34705E+16
7152,1,0,55,2,2018,11,12,5,3,0,1,0,1,0,0,0,0,0,0,6.19189E+20,5.99968E+21,1.08242E+16,5.41314E+16
7153,1,0,3,0,2018,10,17,2,2,5,2,2,1,1,0,0,0,0,1,6.13534E+20,5.96987E+21,1.07265E+16,5.38649E+16
7154,1,0,56,39,2018,12,7,4,3,5,3,1,1,1,0,0,0,0,1,5.52928E+20,5.94617E+21,9.80097E+15,5.36616E+16
7155,1,0,59,176,2018,11,18,1,3,4,6,2,0,1,0,0,0,0,1,5.34362E+20,6.07293E+21,9.53454E+15,5.48024E+16
7156,1,0,4,0,2018,10,16,3,2,0,1,1,1,0,0,0,0,0,1,5.63468E+20,5.99212E+21,9.96997E+15,5.40734E+16
7157,2,3,7,319,2018,5,6,3,3,3,2,0,1,0,0,0,1,0,0,5.60167E+20,5.94245E+21,9.9098E+15,5.36274E+16
7158,2,4,5,410,2018,4,13,6,3,2,6,0,0,1,0,0,0,0,0,5.67143E+20,5.93833E+21,1.00144E+16,5.35895E+16
7159,1,0,57,1,2018,10,11,1,1,8,1,0,0,1,0,0,0,0,0,5.87122E+20,5.99976E+21,1.03336E+16,5.41386E+16
7160,2,1,7,120,2018,1,18,3,3,2,6,2,0,1,0,0,0,0,1,5.67978E+20,5.93436E+21,1.00261E+16,5.35537E+16
7161,1,0,60,63,2018,10,15,3,3,5,2,0,1,1,0,0,0,0,0,5.68151E+20,5.94865E+21,1.00319E+16,5.36821E+16
7162,1,0,60,63,2018,12,23,2,2,9,1,2,0,1,0,0,0,0,1,5.6242E+20,5.94867E+21,9.9451E+15,5.3683E+16
7163,1,0,51,11,2018,11,21,7,3,2,6,2,0,1,0,0,0,1,0,5.09868E+20,5.9725E+21,9.15019E+15,5.39009E+16
7164,1,0,60,99,2018,11,10,6,3,5,3,0,0,1,0,0,0,0,0,5.59236E+20,5.97883E+21,9.9027E+15,5.39544E+16
7165,1,0,4,0,2018,12,10,7,3,8,1,0,0,1,0,0,0,0,1,5.63267E+20,5.98852E+21,9.96614E+15,5.4041E+16
7166,1,0,3,0,2018,11,14,4,3,5,2,0,1,1,0,0,0,0,0,6.09421E+20,5.97093E+21,1.06644E+16,5.38753E+16
7167,1,0,2,0,2018,11,18,5,3,5,3,2,1,1,0,0,0,0,1,5.77253E+20,6.02025E+21,1.01878E+16,5.43243E+16
7168,1,0,53,129,2018,10,18,6,3,6,3,2,0,1,1,0,0,0,1,5.82544E+20,5.9274E+21,1.02441E+16,5.3489E+16
7169,1,0,58,22,2018,10,7,5,3,2,6,1,0,1,0,0,0,1,0,5.66896E+20,6.00471E+21,1.00251E+16,5.4186E+16
7170,2,4,6,415,2018,2,14,3,3,5,3,0,1,0,0,0,0,1,0,5.68175E+20,5.93599E+21,1.00295E+16,5.35684E+16
7171,1,0,2,0,2018,11,16,4,3,2,6,1,0,1,0,0,0,0,0,5.72446E+20,6.01836E+21,1.01135E+16,5.43079E+16
7172,1,0,57,42,2018,12,21,4,3,8,7,2,0,1,0,0,0,0,1,5.82122E+20,6.00609E+21,1.02588E+16,5.41963E+16
7173,1,0,60,2,2018,10,13,2,3,2,6,0,0,1,0,0,0,0,0,5.61974E+20,5.95965E+21,9.94055E+15,5.37818E+16
7174,1,0,4,0,2018,12,11,2,3,5,2,0,0,1,0,0,0,0,1,5.65313E+20,5.99119E+21,9.99796E+15,5.40647E+16
7175,2,2,3,209,2018,5,8,4,3,1,5,0,1,1,0,0,0,0,0,5.62445E+20,5.93535E+21,9.94281E+15,5.35634E+16
7176,1,0,62,78,2018,11,11,6,3,3,6,0,0,1,0,0,0,0,0,5.87703E+20,5.95141E+21,1.03286E+16,5.3704E+16
7177,1,0,56,39,2018,12,19,2,3,5,2,1,1,1,0,0,0,0,1,5.52209E+20,5.9455E+21,9.78998E+15,5.36557E+16
7178,2,2,7,219,2018,3,12,3,3,2,6,0,0,0,0,0,1,0,0,5.60675E+20,5.93296E+21,9.91563E+15,5.3542E+16
7179,1,0,56,15,2018,10,5,3,3,5,3,2,0,1,0,0,0,1,0,5.435E+20,5.95582E+21,9.65967E+15,5.37492E+16
7180,1,0,3,0,2018,12,16,4,3,5,3,2,0,1,0,0,0,1,1,6.10944E+20,5.96811E+21,1.06865E+16,5.38496E+16
7181,1,0,60,5,2018,11,7,3,3,0,1,0,0,0,0,1,0,0,1,5.84762E+20,5.97742E+21,1.02912E+16,5.39383E+16
7182,1,0,60,54,2018,12,14,6,3,2,2,0,0,1,0,0,0,0,1,5.58449E+20,5.96911E+21,9.88886E+15,5.38672E+16
7183,1,0,2,0,2018,11,17,5,3,5,3,2,1,0,0,0,0,1,0,5.71971E+20,6.01803E+21,1.01061E+16,5.43051E+16
7184,1,0,58,34,2018,12,7,6,3,6,4,2,0,1,1,0,0,0,1,5.44173E+20,6.01888E+21,9.67904E+15,5.43159E+16
7185,1,0,2,0,2018,11,7,3,3,2,6,1,0,1,0,0,0,1,1,5.73186E+20,6.01652E+21,1.01244E+16,5.42913E+16
7186,1,0,55,4,2018,11,16,3,2,2,6,2,0,1,0,0,0,1,0,6.11967E+20,5.97526E+21,1.07047E+16,5.39136E+16
7187,1,0,55,44,2018,10,20,5,3,5,2,2,0,1,0,0,0,0,0,6.08643E+20,5.98955E+21,1.06592E+16,5.40428E+16
7188,2,3,9,321,2018,4,9,3,3,3,6,0,0,1,0,0,1,0,0,5.60637E+20,5.93818E+21,9.91606E+15,5.3589E+16
7189,1,0,61,46,2018,10,17,3,3,2,2,0,0,1,0,0,0,0,0,5.3285E+20,5.97363E+21,9.50007E+15,5.391E+16
7190,2,3,8,320,2018,2,9,5,3,0,2,0,0,0,0,0,0,1,0,5.60071E+20,5.94167E+21,9.90819E+15,5.36204E+16
7191,1,0,4,0,2018,12,14,1,3,6,4,1,1,0,1,0,0,0,1,5.64585E+20,5.99257E+21,9.98714E+15,5.40773E+16
7192,1,0,62,60,2018,12,10,3,3,2,6,0,0,1,0,0,0,0,0,5.81131E+20,5.92998E+21,1.02235E+16,5.35125E+16
7193,1,0,2,0,2018,12,10,7,3,8,1,0,0,1,0,0,0,0,1,5.74298E+20,6.0177E+21,1.01418E+16,5.43018E+16
7194,1,0,60,7,2018,11,0,3,2,8,1,2,0,1,0,0,0,0,0,5.77053E+20,5.97533E+21,1.01733E+16,5.39206E+16
7195,1,0,55,32,2018,12,16,7,3,5,3,2,0,1,0,0,0,0,0,6.17239E+20,5.99606E+21,1.07929E+16,5.40993E+16
7196,2,2,6,218,2018,3,16,4,3,0,7,0,1,0,0,0,0,0,0,5.5796E+20,5.93611E+21,9.87525E+15,5.35707E+16
7197,1,0,56,21,2018,10,11,3,3,2,2,0,0,1,0,0,0,0,0,5.60198E+20,5.94983E+21,9.9117E+15,5.36937E+16
7198,1,0,54,56,2018,12,14,3,3,5,2,0,1,1,0,0,0,0,0,5.03251E+20,6.03751E+21,9.05018E+15,5.44852E+16
7199,1,0,56,15,2018,11,7,2,3,5,2,1,1,1,0,0,0,0,1,5.44072E+20,5.95612E+21,9.66839E+15,5.37519E+16
7200,1,0,58,53,2018,12,16,5,3,5,3,2,0,1,0,1,0,0,1,5.69059E+20,6.01086E+21,1.00597E+16,5.4241E+16
7201,1,0,54,52,2018,10,13,1,3,9,1,0,0,1,0,0,0,0,0,5.03147E+20,6.03973E+21,9.0486E+15,5.45052E+16
7202,2,7,10,711,2018,3,22,5,2,6,4,2,0,1,1,0,0,0,1,5.62755E+20,5.92509E+21,9.94543E+15,5.3471E+16
7203,2,1,6,115,2018,3,11,3,3,2,6,0,0,1,0,0,0,0,0,5.68016E+20,5.93309E+21,1.00264E+16,5.35423E+16
7204,1,0,60,63,2018,10,11,3,3,5,2,0,1,0,0,0,1,0,0,5.68041E+20,5.94925E+21,1.00303E+16,5.36876E+16
7205,1,0,3,0,2018,12,2,4,3,5,3,2,1,1,0,0,0,0,0,6.09298E+20,5.97112E+21,1.06626E+16,5.38771E+16
7206,1,0,58,98,2018,12,10,7,3,0,1,0,0,1,0,0,0,0,1,5.62892E+20,5.99968E+21,9.96273E+15,5.41414E+16
7207,1,0,4,0,2018,11,15,5,3,5,2,0,0,1,0,1,0,0,0,5.64526E+20,5.99379E+21,9.98649E+15,5.40882E+16
7208,1,0,3,0,2018,12,8,6,3,0,3,2,1,0,0,1,0,0,1,6.1414E+20,5.96885E+21,1.07354E+16,5.38556E+16
7209,1,0,3,0,2018,11,21,3,3,2,2,2,0,1,0,0,0,0,0,6.11346E+20,5.97183E+21,1.0694E+16,5.38829E+16
7210,1,0,4,0,2018,11,7,3,3,2,6,2,0,1,0,0,0,0,1,5.6661E+20,5.98836E+21,1.00172E+16,5.40392E+16
7211,1,0,62,4,2018,10,15,5,3,5,2,0,1,0,0,0,0,1,0,5.90559E+20,5.96353E+21,1.03754E+16,5.38124E+16
7212,1,0,59,75,2018,10,20,4,3,2,6,0,0,1,0,0,0,0,0,5.36679E+20,6.04097E+21,9.56658E+15,5.4515E+16
7213,2,6,1,601,2018,2,19,7,3,3,6,2,0,1,0,0,0,0,1,5.78218E+20,5.92942E+21,1.01794E+16,5.35079E+16
7214,1,0,60,4,2018,12,1,1,3,0,1,2,0,1,0,0,0,0,1,5.57934E+20,5.97367E+21,9.8819E+15,5.39083E+16
7215,1,0,60,63,2018,12,11,3,2,5,7,0,0,0,0,1,0,1,0,5.66116E+20,5.94855E+21,1.0001E+16,5.36815E+16
7216,1,0,55,32,2018,12,12,7,3,2,2,0,0,1,0,0,0,0,0,6.17522E+20,5.9963E+21,1.07973E+16,5.41014E+16
7217,1,0,1,0,2018,11,16,4,3,5,2,2,1,1,0,0,0,0,0,5.26438E+20,6.07208E+21,9.4112E+15,5.47952E+16
7218,1,0,51,141,2018,12,2,7,3,8,1,2,0,1,0,0,0,0,1,5.09507E+20,6.0095E+21,9.14586E+15,5.42334E+16
7219,2,6,11,612,2018,3,16,6,2,1,7,0,0,1,0,0,1,0,0,5.72616E+20,5.92949E+21,1.0095E+16,5.35093E+16
7220,1,0,60,63,2018,10,16,3,2,2,2,0,0,1,0,0,0,0,0,5.67844E+20,5.95068E+21,1.00277E+16,5.37004E+16
7221,1,0,58,118,2018,12,7,3,2,8,1,1,0,0,0,1,0,0,2,5.40225E+20,6.01566E+21,9.61792E+15,5.42872E+16
7222,1,0,61,77,2018,11,13,2,3,4,6,0,0,1,0,0,0,1,1,5.20296E+20,5.97636E+21,9.30915E+15,5.39353E+16
7223,1,0,3,0,2018,12,7,5,3,2,6,1,0,1,0,0,0,0,1,6.07027E+20,5.96922E+21,1.06274E+16,5.38605E+16
7224,1,0,56,50,2018,11,12,6,3,5,3,0,0,1,0,1,0,0,1,5.46984E+20,5.93723E+21,9.70968E+15,5.35818E+16
7225,1,0,58,124,2018,10,11,3,3,4,6,0,0,1,0,0,0,0,0,5.45307E+20,6.01611E+21,9.69606E+15,5.42909E+16
7226,1,0,3,0,2018,12,7,5,3,4,6,1,0,1,0,0,0,0,1,6.06208E+20,5.9724E+21,1.0616E+16,5.38891E+16
7227,1,0,58,24,2018,11,7,2,2,2,6,1,0,1,0,0,0,0,0,5.45574E+20,6.02254E+21,9.70114E+15,5.43487E+16
7228,1,0,58,92,2018,10,18,4,3,0,7,2,0,0,0,1,0,0,0,5.71722E+20,6.02195E+21,1.01032E+16,5.43403E+16
7229,1,0,53,32,2018,10,11,7,3,5,3,0,0,1,0,0,0,0,0,5.91317E+20,5.9217E+21,1.03746E+16,5.34364E+16
7230,2,2,7,219,2018,4,20,2,2,2,6,2,0,1,0,1,0,0,0,5.60682E+20,5.93295E+21,9.91573E+15,5.3542E+16
7231,1,0,55,41,2018,10,10,2,3,2,2,0,0,1,0,0,0,0,0,6.10245E+20,5.99468E+21,1.06855E+16,5.40885E+16
7232,2,3,9,321,2018,1,3,4,3,5,3,2,0,1,0,0,1,0,1,5.61052E+20,5.93879E+21,9.92245E+15,5.35944E+16
7233,1,0,56,39,2018,10,15,3,3,3,6,0,0,0,0,0,1,1,0,5.52609E+20,5.94628E+21,9.79617E+15,5.36626E+16
7234,1,0,62,71,2018,12,6,2,3,2,6,2,0,1,0,0,1,0,1,5.80898E+20,5.94142E+21,1.02229E+16,5.36153E+16
7235,1,0,4,0,2018,12,12,5,3,2,6,0,0,1,0,0,0,0,1,5.63517E+20,5.98905E+21,9.97007E+15,5.40458E+16
7236,1,0,53,83,2018,11,17,2,3,9,7,2,0,1,0,0,0,0,0,6.01899E+20,5.91674E+21,1.05323E+16,5.33899E+16
7237,1,0,3,0,2018,10,15,3,2,3,6,0,0,1,0,0,0,0,0,6.1007E+20,5.97005E+21,1.06739E+16,5.38673E+16
7238,1,0,58,29,2018,11,23,1,2,9,1,2,0,1,0,0,0,0,1,5.36493E+20,6.00729E+21,9.55958E+15,5.42123E+16
7239,1,0,1,0,2018,12,8,2,3,6,2,2,0,1,1,0,0,0,0,5.28195E+20,6.0712E+21,9.43845E+15,5.47872E+16
7240,1,0,3,0,2018,11,14,5,3,2,6,0,1,1,0,0,0,0,0,6.10073E+20,5.96962E+21,1.06738E+16,5.38634E+16
7241,1,0,59,148,2018,11,12,6,3,2,6,0,0,1,0,0,0,0,0,5.5329E+20,6.06736E+21,9.82795E+15,5.47507E+16
7242,1,0,59,174,2018,12,12,4,3,1,5,0,0,1,0,0,0,0,1,5.21368E+20,6.06058E+21,9.33151E+15,5.46921E+16
7243,1,0,60,39,2018,10,17,6,3,5,2,0,1,1,0,0,0,0,0,5.6477E+20,5.9616E+21,9.98338E+15,5.37989E+16
7244,2,4,7,417,2018,2,13,3,3,2,6,0,0,1,0,0,0,0,1,5.68701E+20,5.93521E+21,1.00372E+16,5.35613E+16
7245,1,0,57,25,2018,11,19,5,2,6,2,2,0,1,1,0,0,0,0,5.78224E+20,6.02537E+21,1.02041E+16,5.43701E+16
7246,1,0,1,0,2018,10,14,2,3,0,7,0,1,0,0,0,0,0,1,5.27984E+20,6.07137E+21,9.43518E+15,5.47887E+16
7247,1,0,62,76,2018,12,20,4,3,4,6,2,0,1,0,0,0,0,0,5.73988E+20,5.95579E+21,1.01219E+16,5.37455E+16
7248,1,0,56,18,2018,11,11,7,3,2,6,0,0,1,0,0,0,0,1,5.55326E+20,5.94272E+21,9.83665E+15,5.36304E+16
7249,1,0,2,0,2018,10,16,3,3,7,7,1,0,1,0,0,0,0,1,5.74789E+20,6.01096E+21,1.01476E+16,5.42412E+16
7250,2,1,3,106,2018,5,17,3,3,1,6,0,0,1,0,0,0,0,1,5.64621E+20,5.93384E+21,9.97534E+15,5.35495E+16
7251,2,7,13,714,2018,4,5,5,3,1,6,2,0,1,0,0,0,0,1,5.5881E+20,5.92515E+21,9.88602E+15,5.34721E+16
7252,2,1,19,140,2018,1,6,6,3,3,6,2,0,1,0,0,0,0,1,5.61772E+20,5.9313E+21,9.93186E+15,5.3527E+16
7253,1,0,3,0,2018,10,18,3,3,3,6,0,0,1,0,0,1,0,0,6.10727E+20,5.97235E+21,1.06848E+16,5.38877E+16
7254,1,0,51,107,2018,12,6,5,3,5,3,2,0,1,0,0,1,0,0,5.02389E+20,6.01199E+21,9.03667E+15,5.42558E+16
7255,1,0,60,11,2018,12,7,1,3,6,4,2,0,1,1,0,0,0,1,5.67354E+20,5.98502E+21,1.00278E+16,5.40091E+16
7256,1,0,58,81,2018,11,15,7,2,0,7,0,1,0,0,0,0,0,0,5.4617E+20,6.02638E+21,9.71091E+15,5.43831E+16
7257,1,0,55,28,2018,11,9,6,3,2,2,0,0,1,0,0,0,0,0,6.02036E+20,6.00562E+21,1.05638E+16,5.41885E+16
7258,1,0,54,56,2018,12,9,7,3,4,1,0,0,1,0,0,0,0,1,5.02918E+20,6.03203E+21,9.04499E+15,5.44359E+16
7259,1,0,2,0,2018,11,7,4,3,0,2,0,1,1,0,0,0,0,1,5.7368E+20,6.02365E+21,1.01337E+16,5.43553E+16
7260,1,0,51,44,2018,11,9,4,3,5,3,0,1,1,0,0,0,0,0,5.06317E+20,6.00531E+21,9.09683E+15,5.41958E+16
7261,1,0,3,0,2018,10,11,6,3,2,6,0,0,1,0,0,0,0,1,6.09355E+20,5.97091E+21,1.06634E+16,5.38751E+16
7262,1,0,54,56,2018,10,16,5,3,5,3,0,1,0,0,0,0,0,0,5.04647E+20,6.03662E+21,9.07172E+15,5.44772E+16
7263,2,1,14,133,2018,2,16,2,3,2,6,0,0,1,0,0,0,1,1,5.68187E+20,5.9323E+21,1.00288E+16,5.35351E+16
7264,1,0,1,0,2018,11,15,4,3,6,2,0,0,1,1,0,0,0,0,5.28207E+20,6.07187E+21,9.43869E+15,5.47932E+16
7265,1,0,2,0,2018,12,10,4,3,5,2,0,1,1,0,0,0,0,1,5.72966E+20,6.02017E+21,1.01219E+16,5.43242E+16
7266,1,0,53,75,2018,10,5,1,3,9,1,2,0,1,0,0,0,0,0,6.08103E+20,5.9608E+21,1.06408E+16,5.37845E+16
7267,1,0,59,83,2018,12,15,2,2,0,7,1,1,0,0,0,0,0,1,5.49682E+20,6.05535E+21,9.76985E+15,5.46432E+16