OBJECTID_1,ULAND,UREGBEZ,UKREIS,UGEMEINDE,UJAHR,UMONAT,USTUNDE,UWOCHENTAG,UKATEGORIE,UART,UTYP1,ULICHTVERH,IstRad,IstPKW,IstFuss,IstKrad,IstGkfz,IstSonstig,STRZUSTAND,LINREFX,LINREFY,XGCSWGS84,YGCSWGS84
7268,2,5,14,522,2018,4,11,1,2,0,1,0,0,0,0,1,0,0,0,5.71069E+20,5.95222E+21,1.00768E+16,5.37138E+16
7269,1,0,62,91,2018,11,10,5,2,8,1,0,0,1,0,0,0,0,0,5.91958E+20,5.95443E+21,1.03939E+16,5.37304E+16
7270,1,0,2,0,2018,12,19,2,3,5,2,2,0,1,0,0,0,0,1,5.7318E+20,6.02306E+21,1.01259E+16,5.43501E+16
7271,2,3,9,321,2018,3,1,2,3,4,2,2,1,1,0,0,0,0,0,5.61813E+20,5.93759E+21,9.93371E+15,5.35835E+16
7272,1,0,58,34,2018,10,17,3,3,0,7,0,0,0,0,0,0,1,0,5.43735E+20,6.01866E+21,9.67228E+15,5.43139E+16
7273,1,0,2,0,2018,12,7,4,2,6,4,1,0,1,1,0,0,0,0,5.74742E+20,6.01826E+21,1.01487E+16,5.43067E+16
7274,1,0,56,15,2018,11,10,3,3,5,3,0,1,1,0,0,0,0,0,5.43504E+20,5.95591E+21,9.65974E+15,5.375E+16
7275,1,0,3,0,2018,12,6,6,3,5,2,2,0,1,0,0,0,0,1,6.10784E+20,5.96777E+21,1.0684E+16,5.38466E+16
7276,1,0,60,63,2018,10,0,4,1,8,1,2,0,1,0,0,0,0,1,5.6792E+20,5.95166E+21,1.0029E+16,5.37092E+16
7277,1,0,2,0,2018,12,16,6,3,6,2,2,0,1,1,0,0,0,1,5.73145E+20,6.02179E+21,1.0125E+16,5.43387E+16
7278,1,0,2,0,2018,11,12,3,3,6,4,0,1,0,1,0,0,0,0,5.73617E+20,6.02091E+21,1.01321E+16,5.43307E+16
7279,1,0,62,36,2018,11,20,2,3,2,6,2,1,1,0,0,0,0,0,5.79894E+20,5.95571E+21,1.02114E+16,5.37439E+16
7280,1,0,2,0,2018,10,15,5,3,2,6,0,0,1,0,0,0,0,0,5.72281E+20,6.02161E+21,1.01117E+16,5.43372E+16
7281,2,3,1,306,2018,4,18,2,3,2,6,0,0,1,0,0,0,1,0,5.63497E+20,5.93654E+21,9.95893E+15,5.35739E+16
7282,1,0,60,5,2018,10,16,3,3,2,6,0,0,1,0,0,0,0,0,5.85024E+20,5.97726E+21,1.02952E+16,5.39367E+16
7283,2,1,16,136,2018,1,16,3,3,3,6,1,0,1,0,0,1,0,0,5.68611E+20,5.92909E+21,1.00345E+16,5.35063E+16
7284,1,0,54,131,2018,12,14,1,3,5,3,1,0,1,0,0,0,0,1,4.94135E+20,6.08186E+21,8.90859E+15,5.48837E+16
7285,1,0,58,137,2018,12,14,3,3,5,3,0,0,1,0,0,0,0,0,5.52599E+20,6.04411E+21,9.81303E+15,5.45418E+16
7286,1,0,56,2,2018,12,13,6,3,2,6,0,0,1,0,0,0,0,0,5.50083E+20,5.95884E+21,9.75998E+15,5.37758E+16
7287,1,0,62,90,2018,11,12,3,3,5,3,0,0,1,0,0,0,0,0,5.79565E+20,5.95134E+21,1.02053E+16,5.37047E+16
7288,1,0,54,56,2018,12,3,7,3,1,1,2,0,1,0,0,0,0,0,5.03999E+20,6.03683E+21,9.06173E+15,5.44791E+16
7289,2,2,5,217,2018,3,16,2,3,3,6,0,0,1,0,0,1,0,1,5.59331E+20,5.93559E+21,9.89585E+15,5.35658E+16
7290,1,0,58,54,2018,10,11,3,3,1,5,0,0,1,0,0,0,0,0,5.39187E+20,6.01776E+21,9.60226E+15,5.43062E+16
7291,1,0,55,39,2018,12,17,3,3,2,6,2,0,1,0,0,0,0,1,6.14741E+20,5.99232E+21,1.07533E+16,5.40663E+16
7292,1,0,3,0,2018,11,17,2,2,6,4,2,0,1,1,0,0,0,0,6.10099E+20,5.96998E+21,1.06744E+16,5.38666E+16
7293,1,0,59,185,2018,12,12,5,3,2,6,0,0,1,0,0,0,0,1,5.38902E+20,6.06071E+21,9.60353E+15,5.46922E+16
7294,1,0,56,17,2018,10,11,7,3,0,7,0,0,0,0,1,1,0,1,5.48203E+20,5.9635E+21,9.73218E+15,5.38178E+16
7295,2,3,9,321,2018,3,16,3,3,1,6,0,0,1,0,0,0,1,0,5.61109E+20,5.93893E+21,9.92334E+15,5.35956E+16
7296,1,0,57,35,2018,11,23,6,2,8,1,2,0,1,0,0,0,0,1,6.02019E+20,6.0151E+21,1.05667E+16,5.42736E+16
7297,1,0,59,42,2018,10,19,3,3,2,6,2,0,1,0,0,0,0,1,5.32165E+20,6.04791E+21,9.49761E+15,5.45776E+16
7298,1,0,4,0,2018,12,14,5,3,1,5,0,0,1,0,0,0,0,1,5.63992E+20,5.99345E+21,9.97825E+15,5.40852E+16
7299,1,0,59,184,2018,11,17,2,3,2,6,2,0,1,0,0,0,0,1,5.27869E+20,6.06023E+21,9.43233E+15,5.46887E+16
7300,1,0,61,42,2018,10,9,3,2,2,6,0,0,1,0,0,1,0,1,5.37132E+20,5.97991E+21,9.56601E+15,5.39662E+16
7301,1,0,53,116,2018,10,11,7,2,6,4,0,0,1,1,0,0,0,0,5.9751E+20,5.92789E+21,1.04697E+16,5.34909E+16
7302,2,1,6,117,2018,5,17,4,2,6,7,0,1,0,1,0,0,0,0,5.68269E+20,5.93344E+21,1.00303E+16,5.35454E+16
7303,2,2,5,215,2018,4,17,4,3,2,6,0,0,1,0,0,0,0,0,5.60616E+20,5.93806E+21,9.91573E+15,5.35879E+16
7304,1,0,56,43,2018,10,13,2,3,3,1,0,0,1,0,0,0,0,0,5.54279E+20,5.94525E+21,9.82126E+15,5.36532E+16
7305,2,7,12,713,2018,1,19,2,2,3,1,2,0,1,0,0,1,1,1,5.60599E+20,5.9295E+21,9.9138E+15,5.35109E+16
7306,1,0,2,0,2018,10,14,3,3,5,2,0,1,0,0,0,1,0,0,5.73696E+20,6.02155E+21,1.01335E+16,5.43365E+16
7307,1,0,4,0,2018,12,17,4,2,4,6,2,0,1,0,0,0,0,1,5.66954E+20,5.98841E+21,1.00224E+16,5.40396E+16
7308,1,0,58,34,2018,11,16,2,3,6,2,2,0,1,1,0,0,0,1,5.43158E+20,6.0182E+21,9.66334E+15,5.43099E+16
7309,1,0,2,0,2018,10,11,3,3,5,3,0,1,1,0,0,0,0,0,5.75665E+20,6.02899E+21,1.01656E+16,5.44031E+16
7310,1,0,53,32,2018,11,19,7,3,5,2,2,0,1,0,0,0,0,0,5.88698E+20,5.92134E+21,1.03351E+16,5.34337E+16
7311,1,0,60,44,2018,12,17,1,3,5,3,2,0,1,0,0,0,0,1,5.64428E+20,5.96576E+21,9.97907E+15,5.38364E+16
7312,1,0,59,127,2018,11,17,5,3,9,7,2,0,1,0,0,0,0,0,5.38653E+20,6.06881E+21,9.60075E+15,5.4765E+16
7313,1,0,56,15,2018,11,17,5,2,6,4,2,0,1,1,0,0,0,1,5.43789E+20,5.95573E+21,9.66404E+15,5.37484E+16
7314,1,0,59,183,2018,11,17,1,2,6,4,2,0,1,1,0,0,0,1,5.2832E+20,6.06611E+21,9.4399E+15,5.47414E+16
7315,1,0,51,127,2018,12,14,3,3,5,3,0,1,1,0,0,0,0,0,4.95359E+20,6.00688E+21,8.92884E+15,5.42099E+16
7316,1,0,57,24,2018,10,11,6,3,0,7,0,1,0,0,0,0,0,0,5.70068E+20,5.99762E+21,1.00721E+16,5.4122E+16
7317,2,7,12,713,2018,2,1,5,3,2,6,2,0,1,0,0,1,0,1,5.60553E+20,5.92946E+21,9.91312E+15,5.35106E+16
7318,1,0,60,44,2018,11,16,4,2,6,4,0,1,0,1,0,0,0,0,5.63282E+20,5.96566E+21,9.96164E+15,5.38356E+16
7319,1,0,3,0,2018,10,12,1,3,5,3,0,1,1,0,0,0,0,1,6.09664E+20,5.97111E+21,1.06681E+16,5.38768E+16
7320,1,0,55,4,2018,12,10,4,3,0,3,0,1,1,0,0,0,0,0,6.11252E+20,5.97638E+21,1.06942E+16,5.39239E+16
7321,1,0,62,4,2018,10,14,3,3,3,1,0,0,1,0,0,0,0,1,5.86752E+20,5.96115E+21,1.03169E+16,5.37917E+16
7322,2,1,8,124,2018,1,20,5,3,4,2,2,0,1,0,0,0,0,1,5.68955E+20,5.93425E+21,1.00408E+16,5.35526E+16
7323,2,7,10,711,2018,5,7,7,3,2,6,0,0,1,0,0,0,0,0,5.61909E+20,5.92506E+21,9.93269E+15,5.34709E+16
7324,1,0,1,0,2018,11,23,7,3,9,1,2,0,1,0,0,0,0,1,5.28052E+20,6.06786E+21,9.43589E+15,5.47572E+16
7325,1,0,58,127,2018,12,22,3,3,4,6,2,0,0,0,0,1,0,1,5.40135E+20,6.02852E+21,9.61827E+15,5.44028E+16
7326,2,1,8,125,2018,3,10,7,3,2,6,0,0,1,0,0,0,0,1,5.70576E+20,5.93402E+21,1.00652E+16,5.35503E+16
7327,2,6,11,612,2018,1,11,3,3,3,7,0,0,1,0,0,1,0,0,5.72335E+20,5.92935E+21,1.00907E+16,5.35081E+16
7328,1,0,2,0,2018,10,14,3,3,5,3,0,1,1,0,0,0,0,0,5.74368E+20,6.02045E+21,1.01435E+16,5.43265E+16
7329,1,0,55,40,2018,12,18,5,3,5,3,2,0,1,0,0,0,0,1,6.07769E+20,5.97421E+21,1.06404E+16,5.39051E+16
7330,1,0,3,0,2018,11,15,6,3,0,7,0,0,0,0,0,0,1,0,6.14373E+20,5.97064E+21,1.07396E+16,5.38716E+16
7331,1,0,1,0,2018,10,20,3,3,5,3,2,0,1,0,0,0,0,1,5.29734E+20,6.07171E+21,9.46243E+15,5.47917E+16
7332,1,0,58,72,2018,12,14,5,3,2,6,0,0,1,0,1,0,0,1,5.27365E+20,5.99755E+21,9.41873E+15,5.41254E+16
7333,1,0,2,0,2018,11,13,2,3,4,6,0,1,0,0,0,0,0,1,5.73159E+20,6.0218E+21,1.01253E+16,5.43388E+16
7334,1,0,1,0,2018,10,16,4,3,5,2,0,0,1,0,0,0,0,0,5.28209E+20,6.07187E+21,9.43872E+15,5.47932E+16
7335,1,0,62,82,2018,10,13,7,3,5,3,0,0,1,0,1,0,0,0,5.93096E+20,5.9401E+21,1.04069E+16,5.36014E+16
7336,2,4,8,419,2018,4,19,6,3,2,6,1,0,1,0,0,0,0,0,5.67511E+20,5.93746E+21,1.00197E+16,5.35816E+16
7337,1,0,54,14,2018,10,14,2,3,3,2,0,0,1,0,0,0,1,0,4.96918E+20,6.05415E+21,8.95225E+15,5.46348E+16
7338,2,1,6,117,2018,1,16,3,3,2,6,1,0,1,0,0,0,0,1,5.68167E+20,5.93369E+21,1.00288E+16,5.35477E+16
7339,1,0,2,0,2018,10,12,3,3,5,3,0,0,1,0,0,0,0,0,5.75059E+20,6.01926E+21,1.01538E+16,5.43156E+16
7340,1,0,56,18,2018,12,20,4,3,6,3,2,0,1,1,0,0,0,1,5.55237E+20,5.94254E+21,9.83526E+15,5.36287E+16
7341,1,0,53,32,2018,11,6,2,3,2,6,2,0,1,0,0,1,0,1,5.89174E+20,5.92396E+21,1.0343E+16,5.34571E+16
7342,1,0,54,78,2018,10,16,3,3,8,7,0,1,0,0,0,0,0,0,4.62961E+20,6.09707E+21,8.42071E+15,5.50191E+16
7343,1,0,51,113,2018,11,12,7,3,2,6,0,0,1,0,0,0,0,0,4.99109E+20,6.00271E+21,8.98635E+15,5.41724E+16
7344,1,0,54,42,2018,12,7,2,3,6,4,2,0,1,1,0,0,0,0,5.01724E+20,6.04203E+21,9.02664E+15,5.45259E+16
7345,1,0,58,43,2018,11,8,5,3,5,3,0,1,1,0,0,0,0,0,5.54079E+20,6.03435E+21,9.83412E+15,5.44539E+16
7346,1,0,51,97,2018,11,18,5,3,8,1,2,0,1,0,0,0,0,1,5.0994E+20,5.98394E+21,9.15166E+15,5.40037E+16
7347,1,0,62,60,2018,11,10,1,3,7,7,0,1,0,0,0,0,0,0,5.81696E+20,5.92986E+21,1.0232E+16,5.35113E+16
7348,1,0,3,0,2018,12,17,4,2,2,6,2,0,1,0,0,0,0,1,6.09001E+20,5.97119E+21,1.06581E+16,5.38777E+16
7349,1,0,3,0,2018,10,6,6,3,5,2,2,1,1,0,0,0,0,0,6.12146E+20,5.97226E+21,1.07063E+16,5.38866E+16
7350,2,1,16,136,2018,2,15,6,3,2,6,0,0,1,0,0,0,0,0,5.67864E+20,5.92595E+21,1.00226E+16,5.34782E+16
7351,1,0,54,76,2018,11,17,5,3,4,6,2,1,0,0,0,0,0,1,4.97621E+20,6.06969E+21,8.96302E+15,5.47744E+16
7352,1,0,59,159,2018,10,2,2,3,2,6,2,0,1,0,0,0,0,1,5.27953E+20,6.05681E+21,9.4333E+15,5.46579E+16
7353,1,0,53,92,2018,12,10,4,3,8,1,0,0,1,0,0,0,0,2,6.0292E+20,5.92972E+21,1.05519E+16,5.35063E+16
7354,1,0,3,0,2018,11,17,7,3,6,4,2,1,0,1,0,0,0,1,6.09816E+20,5.97035E+21,1.06702E+16,5.387E+16
7355,1,0,57,80,2018,10,15,3,3,5,3,0,0,1,0,0,0,0,1,5.78627E+20,6.00249E+21,1.02043E+16,5.41644E+16
7356,2,3,1,306,2018,5,17,2,3,3,2,0,1,0,0,0,0,0,0,5.63524E+20,5.93661E+21,9.95936E+15,5.35745E+16
7357,1,0,62,4,2018,11,17,7,2,4,6,2,0,1,0,0,0,0,1,5.87449E+20,5.96277E+21,1.0328E+16,5.38061E+16
7358,2,7,2,703,2018,4,2,3,3,2,6,2,0,1,0,0,1,0,1,5.68254E+20,5.92332E+21,1.00279E+16,5.34545E+16
7359,2,3,7,319,2018,1,0,5,3,9,7,2,0,0,0,0,1,0,0,5.60233E+20,5.94305E+21,9.91091E+15,5.36327E+16
7360,1,0,54,18,2018,10,5,3,3,8,1,2,0,1,0,0,0,0,0,5.06245E+20,6.07991E+21,9.09731E+15,5.48662E+16
7361,1,0,62,9,2018,12,16,5,3,2,6,2,0,1,0,0,0,0,0,5.79387E+20,5.93691E+21,1.0199E+16,5.3575E+16
7362,1,0,2,0,2018,12,0,1,3,0,7,2,0,1,0,0,0,0,1,5.77407E+20,6.02075E+21,1.01903E+16,5.43287E+16
7363,1,0,60,63,2018,11,19,6,3,5,2,2,0,1,0,0,0,0,0,5.66898E+20,5.95066E+21,1.00133E+16,5.37003E+16
7364,1,0,59,159,2018,11,8,6,3,7,7,0,0,1,0,0,0,0,0,5.30639E+20,6.05151E+21,9.47438E+15,5.46101E+16
7365,1,0,61,29,2018,12,6,6,3,5,3,2,1,1,0,0,0,0,1,5.27697E+20,5.96021E+21,9.42042E+15,5.37897E+16
7366,1,0,62,23,2018,11,6,4,3,2,6,2,0,0,0,0,0,1,0,5.85531E+20,5.94582E+21,1.02942E+16,5.36541E+16
7367,1,0,58,54,2018,11,17,4,3,5,3,2,0,1,0,0,0,0,0,5.38491E+20,6.01752E+21,9.59153E+15,5.43041E+16
7368,1,0,2,0,2018,10,8,6,3,5,3,0,1,1,0,0,0,0,1,5.73348E+20,6.02045E+21,1.01278E+16,5.43266E+16
7369,1,0,58,124,2018,10,10,5,3,8,1,0,0,0,0,0,0,1,1,5.46687E+20,6.01641E+21,9.71729E+15,5.42935E+16
7370,2,7,13,714,2018,2,18,7,3,3,7,2,0,1,0,0,0,0,0,5.59376E+20,5.92512E+21,9.89454E+15,5.34717E+16
7371,1,0,62,4,2018,11,7,4,3,3,6,0,0,1,0,0,0,0,1,5.93665E+20,5.96081E+21,1.04217E+16,5.37874E+16
7372,1,0,55,43,2018,12,17,2,3,7,7,2,0,1,0,0,0,0,1,6.19787E+20,6.0172E+21,1.08403E+16,5.42886E+16
7373,1,0,59,75,2018,12,12,4,3,5,3,0,0,1,0,0,0,0,0,5.37231E+20,6.0427E+21,9.57533E+15,5.45305E+16
7374,1,0,4,0,2018,10,8,1,3,5,2,0,1,1,0,0,0,0,0,5.63681E+20,5.99185E+21,9.97316E+15,5.40709E+16
7375,1,0,51,97,2018,12,22,1,1,4,6,2,0,1,0,0,0,0,1,5.07934E+20,5.98352E+21,9.12104E+15,5.39999E+16
7376,2,1,19,140,2018,4,17,6,3,2,6,0,0,1,0,0,0,1,0,5.61206E+20,5.93044E+21,9.92315E+15,5.35193E+16
7377,1,0,58,124,2018,11,7,5,3,5,2,0,0,1,0,1,0,0,0,5.44116E+20,6.01559E+21,9.67768E+15,5.42863E+16
7378,1,0,1,0,2018,12,21,2,3,5,2,2,0,1,0,0,0,0,1,5.24446E+20,6.06998E+21,9.38005E+15,5.47764E+16
7379,2,1,12,130,2018,3,14,7,2,2,6,0,0,1,0,0,1,0,0,5.75903E+20,5.93307E+21,1.01454E+16,5.3541E+16
7380,1,0,59,83,2018,10,5,3,3,9,7,2,0,1,0,0,0,0,0,5.51317E+20,6.05507E+21,9.79514E+15,5.46404E+16
7381,1,0,54,56,2018,12,12,4,3,5,3,0,1,1,0,0,0,0,0,5.00597E+20,6.0397E+21,9.00922E+15,5.45049E+16
7382,1,0,62,4,2018,11,11,3,3,0,7,0,1,0,0,0,0,0,0,5.89981E+20,5.96332E+21,1.03666E+16,5.38106E+16
7383,1,0,58,135,2018,12,17,6,3,6,2,2,0,1,1,0,0,0,1,5.4074E+20,6.01909E+21,9.6263E+15,5.43181E+16
7384,1,0,2,0,2018,11,9,7,3,8,1,0,0,1,0,0,0,0,1,5.7555E+20,6.01725E+21,1.01609E+16,5.42976E+16
7385,1,0,55,1,2018,10,13,4,2,2,2,0,0,1,0,0,0,0,0,6.0282E+20,5.98632E+21,1.05692E+16,5.40149E+16
7386,1,0,59,161,2018,12,15,6,3,5,3,0,0,1,0,0,0,0,1,5.41259E+20,6.0672E+21,9.64103E+15,5.47504E+16
7387,1,0,51,44,2018,11,16,2,3,5,3,2,1,1,0,0,0,0,1,5.07263E+20,6.00544E+21,9.11133E+15,5.41969E+16
7388,1,0,3,0,2018,11,1,2,2,2,6,2,0,1,0,0,1,0,0,6.19745E+20,5.97724E+21,1.08238E+16,5.39297E+16
7389,1,0,54,121,2018,10,10,5,3,9,6,0,0,1,0,0,0,0,0,5.00661E+20,6.05385E+21,9.01024E+15,5.4632E+16
7390,1,0,53,81,2018,10,11,7,2,4,6,0,0,1,0,0,0,0,0,6.0947E+20,5.94793E+21,1.0657E+16,5.36686E+16
7391,2,3,9,321,2018,4,12,7,3,2,6,0,0,1,0,0,0,0,0,5.60676E+20,5.93829E+21,9.91667E+15,5.35899E+16
7392,1,0,58,127,2018,10,11,3,3,8,1,0,0,1,0,0,0,0,0,5.40049E+20,6.02851E+21,9.61694E+15,5.44028E+16
7393,2,6,2,602,2018,1,17,2,3,2,6,2,0,1,0,0,0,0,1,5.80494E+20,5.92707E+21,1.02131E+16,5.34865E+16
7394,1,0,56,49,2018,12,17,7,3,5,2,2,0,1,0,1,0,0,1,5.46313E+20,5.94953E+21,9.70137E+15,5.36924E+16
7395,1,0,2,0,2018,12,17,3,3,2,6,2,0,1,0,0,0,0,0,5.73382E+20,6.01783E+21,1.01277E+16,5.43031E+16
7396,1,0,62,16,2018,12,20,6,3,3,6,2,0,1,0,1,0,0,1,5.83879E+20,5.95934E+21,1.02728E+16,5.37759E+16
7397,1,0,2,0,2018,11,16,3,3,5,2,1,1,1,0,0,0,0,0,5.73338E+20,6.02036E+21,1.01277E+16,5.43259E+16
7398,1,0,60,44,2018,12,16,6,3,5,7,1,1,1,0,0,0,0,1,5.63517E+20,5.96552E+21,9.96518E+15,5.38344E+16
7399,1,0,59,174,2018,10,16,3,3,2,6,0,0,1,0,0,0,0,0,5.18831E+20,6.05671E+21,9.2919E+15,5.46574E+16
7400,1,0,56,15,2018,12,19,2,3,5,3,2,1,1,0,0,0,0,1,5.44246E+20,5.9562E+21,9.67104E+15,5.37525E+16
7401,1,0,4,0,2018,11,14,2,3,5,3,0,1,1,0,0,0,0,0,5.63699E+20,5.9918E+21,9.97344E+15,5.40705E+16
7402,1,0,58,9,2018,11,13,6,3,2,2,0,0,1,0,0,0,0,0,5.50418E+20,5.99123E+21,9.7704E+15,5.40668E+16
7403,1,0,60,66,2018,12,11,4,3,4,6,0,0,1,0,0,0,0,1,5.65651E+20,5.96696E+21,9.99791E+15,5.3847E+16
7404,1,0,60,4,2018,10,10,7,3,8,6,0,0,1,0,0,0,0,0,5.6225E+20,5.97324E+21,9.94749E+15,5.39039E+16
7405,2,3,6,318,2018,3,20,7,3,2,6,2,0,1,0,0,0,0,1,5.6329E+20,5.94475E+21,9.95747E+15,5.36476E+16
7406,1,0,1,0,2018,11,15,6,3,2,6,0,0,1,0,0,0,0,1,5.27098E+20,6.06916E+21,9.42119E+15,5.47689E+16
7407,1,0,59,173,2018,10,17,3,3,9,1,1,0,1,0,0,0,0,1,5.16515E+20,6.06947E+21,9.25672E+15,5.47722E+16
7408,1,0,62,8,2018,12,0,5,3,3,6,1,0,1,0,0,0,0,0,5.97072E+20,5.96414E+21,1.04745E+16,5.38167E+16
7409,1,0,60,47,2018,11,21,1,3,5,2,2,0,1,0,0,0,0,1,5.65576E+20,5.96232E+21,9.99578E+15,5.38053E+16
7410,1,0,62,1,2018,10,16,3,3,5,3,0,1,1,0,0,0,0,1,5.80708E+20,5.94686E+21,1.02215E+16,5.36642E+16
7411,1,0,55,35,2018,10,12,7,3,5,2,0,0,1,0,0,0,0,0,6.12207E+20,5.98384E+21,1.07115E+16,5.39907E+16
7412,2,2,13,226,2018,5,17,2,3,4,2,0,0,1,0,0,0,0,0,5.53122E+20,5.93704E+21,9.80235E+15,5.35795E+16
7413,2,3,7,319,2018,4,11,3,3,0,3,0,0,1,0,0,0,1,0,5.602E+20,5.94373E+21,9.91054E+15,5.36388E+16
7414,1,0,51,44,2018,10,10,1,3,5,2,0,1,1,0,0,0,0,0,5.06839E+20,6.00535E+21,9.10483E+15,5.41961E+16
7415,2,4,5,409,2018,1,15,1,3,2,6,0,0,1,0,0,0,0,1,5.6613E+20,5.93887E+21,9.99919E+15,5.35945E+16
7416,1,0,54,101,2018,10,16,3,3,8,7,0,0,1,0,0,0,0,0,5.17051E+20,6.04056E+21,9.26336E+15,5.45124E+16
7417,1,0,51,44,2018,10,19,7,3,2,6,2,0,1,0,0,0,0,0,5.06737E+20,6.00532E+21,9.10327E+15,5.41959E+16
7418,1,0,60,70,2018,12,15,4,3,0,1,0,0,1,0,0,0,0,1,5.83744E+20,5.97847E+21,1.0276E+16,5.39478E+16
7419,1,0,2,0,2018,11,11,2,2,2,6,0,0,1,0,1,0,0,1,5.74869E+20,6.01934E+21,1.01509E+16,5.43164E+16
7420,1,0,3,0,2018,11,19,7,2,5,3,2,1,1,0,0,0,0,0,6.1078E+20,5.9678E+21,1.06839E+16,5.38469E+16
7421,1,0,58,84,2018,12,8,1,3,8,1,0,0,1,0,0,0,0,1,5.43046E+20,6.03478E+21,9.66402E+15,5.44589E+16
7422,1,0,61,46,2018,11,21,4,2,9,1,2,0,1,0,0,0,0,0,5.35367E+20,5.97602E+21,9.53866E+15,5.39314E+16
7423,1,0,3,0,2018,11,10,5,3,5,2,0,1,1,0,0,0,0,1,6.10117E+20,5.96992E+21,1.06746E+16,5.3866E+16
7424,1,0,54,131,2018,10,3,7,3,9,1,2,0,1,0,0,0,0,1,4.94272E+20,6.08398E+21,8.91067E+15,5.49028E+16
7425,1,0,61,57,2018,11,17,7,3,2,2,2,0,1,0,0,0,0,0,5.31619E+20,5.96987E+21,9.48094E+15,5.38764E+16
7426,1,0,60,12,2018,12,12,3,3,9,7,0,0,1,0,0,0,0,1,5.80063E+20,5.99156E+21,1.02234E+16,5.4066E+16
7427,1,0,59,75,2018,10,14,6,3,1,6,0,0,1,0,0,0,0,0,5.35398E+20,6.04082E+21,9.54677E+15,5.45137E+16
7428,2,1,3,107,2018,2,0,1,3,2,6,2,0,1,0,0,0,0,0,5.64919E+20,5.9338E+21,9.97983E+15,5.35491E+16
7429,1,0,62,60,2018,11,16,4,3,2,6,2,0,1,0,0,0,0,0,5.81027E+20,5.92998E+21,1.02219E+16,5.35125E+16
7430,1,0,51,138,2018,10,23,1,1,8,7,2,0,1,0,0,0,0,1,5.16451E+20,5.99868E+21,9.2518E+15,5.4136E+16
7431,1,0,55,12,2018,12,7,4,3,2,1,2,0,1,0,0,0,1,2,6.06071E+20,6.00546E+21,1.06255E+16,5.41862E+16
7432,1,0,60,77,2018,10,19,2,3,8,7,2,0,1,0,0,0,0,0,5.72829E+20,5.96649E+21,1.01069E+16,5.38418E+16
7433,2,1,14,132,2018,1,16,3,2,5,2,2,1,1,0,0,0,0,0,5.68397E+20,5.9329E+21,1.00321E+16,5.35405E+16
7434,2,1,6,117,2018,5,18,6,3,0,7,0,0,1,0,0,0,0,0,5.6809E+20,5.93385E+21,1.00277E+16,5.35492E+16
7435,1,0,56,39,2018,11,16,6,1,6,4,2,0,1,1,0,0,0,0,5.52253E+20,5.9453E+21,9.79062E+15,5.36538E+16
7436,1,0,2,0,2018,12,13,3,3,5,3,0,0,1,0,0,0,0,1,5.7601E+20,6.0201E+21,1.01687E+16,5.43231E+16
7437,2,7,14,715,2018,3,16,5,3,2,6,0,0,1,0,0,0,0,0,5.56829E+20,5.92512E+21,9.85617E+15,5.3472E+16
7438,2,2,5,216,2018,1,9,2,3,3,6,0,0,0,0,0,1,1,0,5.60444E+20,5.93555E+21,9.91264E+15,5.35654E+16
7439,1,0,4,0,2018,10,9,3,2,3,6,0,0,1,0,0,0,1,0,5.61459E+20,5.99558E+21,9.93997E+15,5.41047E+16
7440,1,0,1,0,2018,12,18,5,3,5,2,2,1,1,0,0,0,0,1,5.2845E+20,6.07063E+21,9.44235E+15,5.47821E+16
7441,1,0,3,0,2018,12,18,7,3,0,3,2,0,1,0,1,0,0,1,6.10691E+20,5.96827E+21,1.06827E+16,5.38511E+16
7442,1,0,58,104,2018,11,10,6,3,5,3,0,0,1,0,0,0,0,0,5.67334E+20,6.01778E+21,1.00348E+16,5.43034E+16
7443,1,0,60,5,2018,11,9,5,3,5,3,0,0,1,0,0,0,0,0,5.86657E+20,5.97601E+21,1.03197E+16,5.39252E+16
7444,1,0,62,81,2018,12,16,6,3,8,1,2,0,1,0,0,0,0,1,5.87141E+20,5.95736E+21,1.03218E+16,5.37575E+16
7445,1,0,62,4,2018,11,16,3,3,2,6,0,0,1,0,0,0,0,1,5.91361E+20,5.96237E+21,1.03872E+16,5.38019E+16
7446,1,0,56,50,2018,11,14,3,3,5,3,0,0,1,0,0,0,0,0,5.46988E+20,5.93723E+21,9.70975E+15,5.35818E+16
7447,1,0,60,96,2018,10,6,5,3,8,1,2,1,0,0,0,0,0,1,5.93497E+20,5.97459E+21,1.04234E+16,5.39113E+16
7448,1,0,55,33,2018,10,10,4,3,5,3,0,1,1,0,0,0,0,0,6.22918E+20,6.0175E+21,1.08885E+16,5.42906E+16
7449,2,4,2,403,2018,2,17,4,2,5,3,2,1,1,0,0,0,0,0,5.65063E+20,5.93836E+21,9.98297E+15,5.359E+16
7450,1,0,1,0,2018,12,17,2,3,2,6,2,0,1,0,0,0,0,1,5.27313E+20,6.06886E+21,9.42451E+15,5.47662E+16
7451,1,0,56,43,2018,12,7,4,3,9,1,1,0,1,0,0,0,0,2,5.54264E+20,5.94534E+21,9.82105E+15,5.3654E+16
7452,1,0,54,109,2018,12,21,1,3,8,1,2,0,1,0,0,0,0,1,4.90692E+20,6.07047E+21,8.85527E+15,5.47814E+16
7453,2,1,12,130,2018,4,10,4,3,2,6,0,0,1,0,0,1,0,0,5.75491E+20,5.93214E+21,1.0139E+16,5.35328E+16
7454,1,0,53,90,2018,11,17,4,3,0,1,2,1,0,0,0,0,0,0,6.11008E+20,5.94181E+21,1.06781E+16,5.36134E+16
7455,1,0,2,0,2018,12,3,1,3,5,2,2,0,1,0,0,0,0,0,5.74462E+20,6.01768E+21,1.01443E+16,5.43016E+16
7456,2,2,5,215,2018,3,11,4,3,1,6,0,0,1,0,0,0,0,0,5.61545E+20,5.93536E+21,9.92922E+15,5.35635E+16