OBJECTID_1,ULAND,UREGBEZ,UKREIS,UGEMEINDE,UJAHR,UMONAT,USTUNDE,UWOCHENTAG,UKATEGORIE,UART,UTYP1,ULICHTVERH,IstRad,IstPKW,IstFuss,IstKrad,IstGkfz,IstSonstig,STRZUSTAND,LINREFX,LINREFY,XGCSWGS84,YGCSWGS84
7457,1,0,51,13,2018,10,9,2,3,5,3,0,1,1,0,0,0,0,0,4.90786E+20,5.99858E+21,8.85897E+15,5.41353E+16
7458,1,0,62,91,2018,12,7,3,3,9,1,2,0,1,0,0,0,0,2,5.90777E+20,5.95314E+21,1.03757E+16,5.3719E+16
7459,1,0,2,0,2018,11,6,3,3,6,2,2,0,0,1,0,0,1,1,5.68118E+20,6.01918E+21,1.00471E+16,5.43159E+16
7460,1,0,51,44,2018,12,7,5,3,5,2,2,1,0,0,1,0,0,1,5.06378E+20,6.00528E+21,9.09777E+15,5.41955E+16
7461,1,0,61,91,2018,11,22,6,1,9,1,2,0,1,0,0,0,0,1,5.36638E+20,5.99061E+21,9.55977E+15,5.40624E+16
7462,1,0,62,1,2018,10,14,3,3,2,6,0,0,1,0,0,0,0,0,5.7931E+20,5.94461E+21,1.01998E+16,5.36443E+16
7463,1,0,62,6,2018,12,19,5,2,8,1,2,0,1,0,0,0,0,1,5.83482E+20,5.95334E+21,1.02652E+16,5.3722E+16
7464,1,0,62,60,2018,11,16,2,2,5,3,1,0,1,0,1,0,0,1,5.81439E+20,5.93E+21,1.02281E+16,5.35126E+16
7465,1,0,2,0,2018,11,16,2,3,1,5,2,1,1,0,0,0,0,1,5.73218E+20,6.0186E+21,1.01254E+16,5.431E+16
7466,1,0,56,6,2018,10,16,4,3,5,3,1,0,1,0,0,1,0,1,5.48284E+20,5.96886E+21,9.73425E+15,5.38659E+16
7467,1,0,55,28,2018,10,16,7,2,0,1,0,1,0,0,0,0,0,0,6.01361E+20,6.00347E+21,1.05527E+16,5.41693E+16
7468,1,0,51,97,2018,12,21,7,3,8,1,2,0,1,0,0,0,0,1,5.0832E+20,5.9832E+21,9.12691E+15,5.39971E+16
7469,1,0,62,90,2018,11,12,6,3,0,7,0,1,0,0,0,0,0,0,5.80408E+20,5.95015E+21,1.02178E+16,5.36939E+16
7470,1,0,58,38,2018,11,13,6,3,8,7,0,0,1,0,0,0,0,0,5.61178E+20,6.00466E+21,9.93751E+15,5.41863E+16
7471,1,0,60,44,2018,12,19,6,3,6,2,2,0,1,1,0,0,0,1,5.62917E+20,5.96588E+21,9.95614E+15,5.38377E+16
7472,1,0,60,24,2018,11,8,3,3,8,7,0,0,1,0,0,0,0,1,5.95885E+20,5.97645E+21,1.04603E+16,5.39276E+16
7473,1,0,51,44,2018,11,18,3,3,4,6,2,1,0,0,0,0,0,0,5.05884E+20,6.00406E+21,9.09017E+15,5.41846E+16
7474,1,0,59,57,2018,10,13,6,3,8,1,0,0,1,0,0,0,0,1,5.31666E+20,6.04289E+21,9.48936E+15,5.45326E+16
7475,1,0,60,63,2018,10,16,4,3,4,6,0,0,1,0,0,0,0,0,5.67779E+20,5.95302E+21,1.00272E+16,5.37215E+16
7476,2,1,16,136,2018,2,13,6,3,2,6,0,0,1,0,0,1,0,0,5.6861E+20,5.92773E+21,1.00342E+16,5.34941E+16
7477,1,0,58,49,2018,12,16,2,3,5,3,2,0,1,0,0,0,0,1,5.54698E+20,6.01337E+21,9.83981E+15,5.42653E+16
7478,1,0,59,186,2018,12,8,4,3,8,1,2,0,1,0,0,0,0,2,5.48289E+20,6.06689E+21,9.75017E+15,5.4747E+16
7479,1,0,53,129,2018,12,22,1,3,5,3,2,0,1,0,0,0,0,0,5.84329E+20,5.92761E+21,1.02711E+16,5.34907E+16
7480,2,2,5,216,2018,4,11,5,3,1,6,0,0,1,0,0,0,0,1,5.59606E+20,5.9355E+21,9.89998E+15,5.3565E+16
7481,1,0,60,39,2018,11,9,4,3,2,2,0,0,1,0,0,0,0,1,5.63539E+20,5.95927E+21,9.96422E+15,5.37782E+16
7482,1,0,60,28,2018,12,19,1,3,8,1,2,0,1,0,0,0,0,0,5.70373E+20,5.9876E+21,1.00744E+16,5.40319E+16
7483,2,1,19,140,2018,3,11,5,3,0,7,0,0,1,0,0,0,1,1,5.61884E+20,5.93196E+21,9.93367E+15,5.35329E+16
7484,1,0,61,41,2018,10,17,2,2,5,3,0,0,1,0,0,1,0,0,5.3963E+20,5.96634E+21,9.60234E+15,5.38441E+16
7485,1,0,60,95,2018,12,7,3,3,9,1,2,0,1,0,0,0,0,2,5.5513E+20,5.97386E+21,9.83925E+15,5.39102E+16
7486,1,0,58,135,2018,11,8,3,3,5,3,0,0,1,0,0,0,0,1,5.4486E+20,6.01797E+21,9.68947E+15,5.43077E+16
7487,1,0,54,167,2018,12,16,6,2,5,2,2,0,1,0,0,0,0,1,5.00344E+20,6.06468E+21,9.00533E+15,5.47294E+16
7488,1,0,1,0,2018,11,22,7,3,0,3,2,1,1,0,0,0,0,1,5.26669E+20,6.07041E+21,9.41465E+15,5.47802E+16
7489,1,0,56,46,2018,10,1,4,3,2,6,2,0,1,0,0,0,0,1,5.47426E+20,5.95431E+21,9.71896E+15,5.37353E+16
7490,1,0,51,87,2018,12,14,5,3,9,1,0,0,1,0,0,0,0,1,5.0832E+20,6.00808E+21,9.1276E+15,5.42206E+16
7491,1,0,60,2,2018,11,13,2,3,5,3,0,0,1,0,0,0,0,1,5.5925E+20,5.95983E+21,9.89926E+15,5.37836E+16
7492,1,0,3,0,2018,11,7,2,3,5,3,2,1,1,0,0,0,0,0,6.09346E+20,5.97025E+21,1.0663E+16,5.38692E+16
7493,1,0,51,27,2018,10,18,4,2,5,3,1,0,1,0,0,0,1,1,5.02748E+20,5.98956E+21,9.04198E+15,5.40542E+16
7494,1,0,3,0,2018,10,17,7,3,5,2,0,1,1,0,0,0,0,0,6.14556E+20,5.97068E+21,1.07424E+16,5.3872E+16
7495,2,3,9,321,2018,4,17,6,3,0,1,0,0,0,0,1,0,0,0,5.60662E+20,5.93826E+21,9.91646E+15,5.35896E+16
7496,1,0,59,90,2018,10,8,3,3,0,1,0,1,0,0,0,0,0,0,5.41393E+20,6.04794E+21,9.64037E+15,5.45773E+16
7497,2,2,5,217,2018,1,11,2,3,5,3,0,0,1,0,0,0,0,1,5.58842E+20,5.93582E+21,9.88851E+15,5.35679E+16
7498,1,0,60,29,2018,10,8,2,3,5,2,0,0,1,0,0,0,0,0,5.81503E+20,5.96701E+21,1.02388E+16,5.38452E+16
7499,1,0,2,0,2018,12,12,7,3,3,6,0,0,1,0,0,0,0,0,5.72615E+20,6.02222E+21,1.0117E+16,5.43426E+16
7500,1,0,62,69,2018,12,13,3,2,8,7,0,0,0,0,0,1,0,0,5.83146E+20,5.94366E+21,1.02575E+16,5.36351E+16
7501,1,0,54,166,2018,12,17,6,3,8,1,2,0,1,0,0,0,0,1,4.83474E+20,6.07592E+21,8.74273E+15,5.48302E+16
7502,1,0,54,56,2018,11,17,3,3,2,6,2,0,1,0,0,0,0,1,5.01709E+20,6.03877E+21,9.02638E+15,5.44966E+16
7503,1,0,55,32,2018,12,7,6,3,0,2,1,1,1,0,0,0,0,1,6.19068E+20,5.99679E+21,1.08212E+16,5.41055E+16
7504,1,0,60,63,2018,10,20,2,3,0,1,2,1,0,0,0,0,0,0,5.68289E+20,5.94928E+21,1.00341E+16,5.36878E+16
7505,1,0,53,100,2018,12,7,2,3,2,2,2,1,1,0,0,0,0,0,6.18172E+20,5.95153E+21,1.079E+16,5.3699E+16
7506,1,0,57,1,2018,11,16,2,3,2,6,2,0,1,0,0,0,0,1,5.89193E+20,6.00163E+21,1.03658E+16,5.4155E+16
7507,1,0,54,15,2018,11,17,6,2,5,2,2,0,0,0,1,0,1,0,4.65077E+20,6.06165E+21,8.45807E+15,5.47009E+16
7508,1,0,60,63,2018,11,14,6,3,2,6,0,0,1,0,0,0,0,0,5.67264E+20,5.94891E+21,1.00185E+16,5.36845E+16
7509,2,6,11,612,2018,5,17,5,3,0,6,0,0,1,0,1,0,0,0,5.71783E+20,5.92893E+21,1.00823E+16,5.35044E+16
7510,1,0,62,14,2018,12,0,4,3,8,1,2,0,1,0,0,0,0,1,5.82667E+20,5.95159E+21,1.02524E+16,5.37064E+16
7511,1,0,55,46,2018,10,9,7,3,5,3,0,0,1,0,0,0,0,0,6.38426E+20,6.03304E+21,1.11338E+16,5.44262E+16
7512,2,2,5,215,2018,3,18,6,3,2,6,2,0,1,0,0,0,1,0,5.60963E+20,5.93541E+21,9.92044E+15,5.3564E+16
7513,1,0,60,5,2018,11,8,5,3,5,3,0,1,1,0,0,0,0,1,5.85938E+20,5.97696E+21,1.0309E+16,5.39339E+16
7514,1,0,51,118,2018,10,12,2,2,8,1,0,0,1,0,0,0,0,0,5.02424E+20,5.98354E+21,9.03698E+15,5.40002E+16
7515,1,0,51,113,2018,12,9,4,3,8,1,0,0,1,0,0,0,0,2,5.02319E+20,6.00301E+21,9.03553E+15,5.41752E+16
7516,1,0,3,0,2018,11,13,1,3,2,6,0,0,1,0,0,0,0,0,6.12561E+20,5.97039E+21,1.07119E+16,5.38698E+16
7517,1,0,55,40,2018,10,17,3,3,5,2,1,1,1,0,0,0,0,1,6.08571E+20,5.97212E+21,1.06519E+16,5.38861E+16
7518,1,0,58,70,2018,10,19,7,2,8,1,2,0,1,0,0,0,0,0,5.33416E+20,6.00889E+21,9.51258E+15,5.42269E+16
7519,2,4,13,432,2018,5,7,7,2,9,1,0,0,1,0,0,0,0,0,5.65263E+20,5.94471E+21,9.98731E+15,5.3647E+16
7520,2,2,3,208,2018,4,11,2,3,2,6,0,0,1,0,0,0,0,0,5.62961E+20,5.93522E+21,9.95058E+15,5.35621E+16
7521,1,0,55,42,2018,10,11,1,3,0,1,0,1,0,0,0,0,0,0,6.15897E+20,5.98134E+21,1.07668E+16,5.39674E+16
7522,2,7,1,701,2018,1,18,5,3,2,2,2,0,1,0,0,0,0,1,5.64947E+20,5.92442E+21,9.97831E+15,5.34648E+16
7523,1,0,62,18,2018,10,12,2,3,6,4,0,0,1,1,0,0,0,0,5.80298E+20,5.93325E+21,1.02118E+16,5.3542E+16
7524,1,0,60,39,2018,12,9,2,3,5,3,0,1,1,0,0,0,0,0,5.6477E+20,5.96159E+21,9.98338E+15,5.37989E+16
7525,1,0,60,4,2018,11,14,1,3,5,2,0,0,1,0,0,0,0,0,5.59218E+20,5.97438E+21,9.90157E+15,5.39145E+16
7526,1,0,54,131,2018,11,14,7,3,5,3,0,0,1,0,0,0,0,0,4.94131E+20,6.08217E+21,8.90851E+15,5.48865E+16
7527,1,0,60,95,2018,12,18,7,3,5,3,2,0,1,0,0,0,0,1,5.54737E+20,5.97298E+21,9.8331E+15,5.39024E+16
7528,1,0,60,63,2018,11,21,4,3,2,2,2,0,1,0,0,0,0,1,5.65695E+20,5.94844E+21,9.99464E+15,5.36805E+16
7529,1,0,3,0,2018,11,18,5,3,0,1,2,1,0,0,0,0,0,1,6.07865E+20,5.97023E+21,1.06405E+16,5.38693E+16
7530,1,0,62,11,2018,10,8,7,3,9,1,1,0,0,0,1,0,0,1,5.81593E+20,5.94166E+21,1.02335E+16,5.36174E+16
7531,1,0,3,0,2018,12,17,3,3,2,6,2,0,1,0,0,0,0,1,6.11271E+20,5.96909E+21,1.06919E+16,5.38584E+16
7532,1,0,60,2,2018,10,11,5,3,9,7,0,0,1,0,0,0,0,1,5.60127E+20,5.96215E+21,9.91302E+15,5.38044E+16
7533,2,3,1,306,2018,2,16,5,3,6,4,0,1,0,1,0,0,0,1,5.63462E+20,5.93646E+21,9.9584E+15,5.35731E+16
7534,1,0,3,0,2018,11,19,4,2,9,1,2,0,1,0,0,0,0,1,6.20978E+20,5.97785E+21,1.08428E+16,5.39349E+16
7535,1,0,58,133,2018,10,15,7,3,5,2,0,0,1,0,1,0,0,0,5.68728E+20,6.00606E+21,1.00535E+16,5.41979E+16
7536,1,0,58,86,2018,12,9,4,3,9,1,1,0,1,0,0,0,0,2,5.4645E+20,6.00662E+21,9.71215E+15,5.42055E+16
7537,1,0,3,0,2018,10,18,2,3,2,2,1,0,1,0,0,0,0,0,6.09418E+20,5.97094E+21,1.06643E+16,5.38754E+16
7538,1,0,60,4,2018,12,18,2,3,9,7,2,0,1,0,0,0,0,1,5.57925E+20,5.97286E+21,9.8816E+15,5.39009E+16
7539,2,7,14,715,2018,5,18,5,3,4,2,0,0,1,0,0,0,0,0,5.55749E+20,5.92514E+21,9.8399E+15,5.34723E+16
7540,1,0,3,0,2018,11,19,6,3,5,2,2,1,1,0,0,0,0,0,6.22038E+20,5.98092E+21,1.08602E+16,5.39622E+16
7541,1,0,58,49,2018,12,7,3,2,8,7,2,0,0,0,0,1,0,1,5.52352E+20,6.01231E+21,9.80361E+15,5.4256E+16
7542,2,3,5,317,2018,3,10,4,3,0,2,0,1,0,0,1,0,0,1,5.63974E+20,5.93879E+21,9.9666E+15,5.35941E+16
7543,1,0,62,27,2018,10,11,2,3,5,3,0,1,0,0,0,0,1,0,5.87246E+20,5.95248E+21,1.0322E+16,5.37137E+16
7544,1,0,53,22,2018,12,19,4,2,4,6,2,0,1,0,0,0,1,0,6.0673E+20,5.92249E+21,1.06068E+16,5.34406E+16
7545,1,0,2,0,2018,10,13,1,3,5,3,0,0,1,0,0,0,0,0,5.77419E+20,6.02075E+21,1.01905E+16,5.43288E+16
7546,1,0,55,44,2018,12,6,7,2,2,6,2,0,1,0,0,1,0,1,6.13193E+20,5.98982E+21,1.07287E+16,5.40442E+16
7547,1,0,60,68,2018,11,10,5,3,2,6,0,0,1,0,0,0,0,0,5.77747E+20,5.9831E+21,1.01858E+16,5.39904E+16
7548,1,0,55,46,2018,12,17,6,3,5,1,2,0,1,0,0,0,0,1,6.414E+20,6.03499E+21,1.11805E+16,5.44429E+16
7549,1,0,53,136,2018,11,23,3,3,8,1,2,0,1,0,0,0,0,1,6.20602E+20,5.95199E+21,1.0827E+16,5.37026E+16
7550,1,0,3,0,2018,11,17,3,3,6,4,2,0,1,1,0,0,0,0,6.09296E+20,5.97025E+21,1.06622E+16,5.38692E+16
7551,1,0,60,36,2018,10,8,5,3,2,6,0,0,1,0,0,0,1,1,5.64857E+20,5.97286E+21,9.98709E+15,5.39001E+16
7552,1,0,59,53,2018,10,6,4,2,8,6,2,0,1,0,1,0,0,0,5.35778E+20,6.02446E+21,9.55068E+15,5.43667E+16
7553,2,1,4,110,2018,2,13,3,3,1,5,0,1,1,0,0,0,0,0,5.63672E+20,5.93495E+21,9.96125E+15,5.35595E+16
7554,1,0,60,70,2018,12,14,2,3,7,7,0,0,1,0,0,1,0,1,5.83735E+20,5.97851E+21,1.02759E+16,5.39482E+16
7555,1,0,56,49,2018,12,13,3,3,5,2,0,1,1,0,0,0,0,0,5.46318E+20,5.94953E+21,9.70146E+15,5.36925E+16
7556,1,0,56,15,2018,12,17,7,3,6,2,2,0,1,1,0,0,0,1,5.42817E+20,5.95609E+21,9.64934E+15,5.37517E+16
7557,2,4,4,407,2018,4,8,3,3,2,6,0,0,1,0,0,0,0,0,5.6681E+20,5.94177E+21,1.00101E+16,5.36205E+16
7558,1,0,58,135,2018,11,9,4,3,3,6,0,0,1,0,0,1,0,0,5.4311E+20,6.01646E+21,9.66235E+15,5.42942E+16
7559,1,0,56,46,2018,12,19,1,3,8,1,2,0,1,0,0,0,0,1,5.48399E+20,5.95324E+21,9.73354E+15,5.37256E+16
7560,2,6,9,610,2018,3,7,2,3,2,6,0,0,1,0,0,0,0,0,5.78628E+20,5.92553E+21,1.01846E+16,5.34729E+16
7561,1,0,3,0,2018,10,14,2,3,2,6,0,0,1,0,0,0,0,0,6.10793E+20,5.96773E+21,1.06841E+16,5.38463E+16
7562,1,0,58,54,2018,12,6,3,3,9,1,2,0,0,0,0,0,1,2,5.38275E+20,6.01661E+21,9.58809E+15,5.4296E+16
7563,1,0,1,0,2018,11,19,3,3,5,3,2,0,1,0,1,0,0,0,5.28595E+20,6.0689E+21,9.44445E+15,5.47665E+16
7564,1,0,55,35,2018,12,20,5,3,8,7,2,0,1,0,0,0,0,1,6.12614E+20,5.98185E+21,1.0717E+16,5.39727E+16
7565,1,0,62,76,2018,11,14,6,2,2,7,0,0,1,0,0,0,1,1,5.72475E+20,5.95372E+21,1.00985E+16,5.37271E+16
7566,1,0,3,0,2018,10,11,3,2,2,2,0,0,1,0,0,0,1,0,6.17157E+20,5.97407E+21,1.07832E+16,5.39018E+16
7567,1,0,3,0,2018,12,16,5,3,5,3,1,1,1,0,0,0,0,1,6.10537E+20,5.96738E+21,1.06801E+16,5.38432E+16
7568,1,0,4,0,2018,11,17,2,3,2,6,1,0,1,0,0,0,0,1,5.63819E+20,5.99191E+21,9.97528E+15,5.40715E+16
7569,1,0,55,4,2018,10,8,4,3,5,2,0,1,1,0,0,0,0,0,6.09982E+20,5.97435E+21,1.06741E+16,5.39059E+16
7570,1,0,58,135,2018,10,5,7,3,5,2,2,1,1,0,0,0,0,0,5.43559E+20,6.01698E+21,9.66933E+15,5.42988E+16
7571,2,1,3,106,2018,4,22,3,3,3,6,2,0,1,0,0,0,0,0,5.64333E+20,5.93393E+21,9.97102E+15,5.35503E+16
7572,1,0,53,108,2018,10,17,2,3,5,3,0,1,1,0,0,0,0,0,5.99592E+20,5.95095E+21,1.05085E+16,5.36978E+16
7573,2,7,8,709,2018,1,9,4,3,2,2,0,0,1,0,0,0,0,1,5.62185E+20,5.92143E+21,9.93613E+15,5.34382E+16
7574,1,0,3,0,2018,10,15,2,2,5,2,0,0,1,0,0,0,0,0,6.0904E+20,5.96728E+21,1.06573E+16,5.38425E+16
7575,1,0,61,42,2018,11,13,6,3,1,5,0,0,1,0,0,0,1,0,5.40943E+20,5.98003E+21,9.62412E+15,5.3967E+16
7576,1,0,53,68,2018,12,22,2,3,5,3,2,0,1,0,0,0,0,1,6.02046E+20,5.95428E+21,1.05467E+16,5.37272E+16
7577,1,0,55,17,2018,12,15,5,2,4,6,1,0,1,0,0,1,0,1,6.36762E+20,6.02925E+21,1.11064E+16,5.43926E+16
7578,1,0,60,89,2018,11,11,2,3,2,6,0,0,1,0,0,0,0,1,5.80997E+20,5.98879E+21,1.02369E+16,5.4041E+16
7579,1,0,3,0,2018,10,17,2,3,5,2,0,1,1,0,0,0,0,0,6.10072E+20,5.96961E+21,1.06738E+16,5.38633E+16
7580,1,0,2,0,2018,12,22,2,3,6,2,2,0,1,1,0,0,0,1,5.74728E+20,6.01828E+21,1.01485E+16,5.4307E+16
7581,1,0,60,54,2018,11,18,5,3,5,2,2,0,1,0,0,0,0,0,5.58432E+20,5.96913E+21,9.8886E+15,5.38673E+16
7582,1,0,2,0,2018,11,14,6,3,5,2,0,1,1,0,0,0,0,0,5.77353E+20,6.02182E+21,1.01898E+16,5.43384E+16
7583,1,0,2,0,2018,12,5,4,3,5,3,2,0,1,0,0,0,0,1,5.78206E+20,6.02106E+21,1.02027E+16,5.43314E+16
7584,1,0,1,0,2018,10,7,7,3,8,1,0,0,1,0,0,0,0,1,5.27954E+20,6.06786E+21,9.43439E+15,5.47572E+16
7585,2,1,1,102,2018,2,17,4,3,2,6,0,0,1,0,0,0,0,1,5.65333E+20,5.93366E+21,9.98605E+15,5.35478E+16
7586,1,0,4,0,2018,11,12,5,2,6,7,0,1,0,1,0,0,0,0,5.64301E+20,5.99653E+21,9.98363E+15,5.41129E+16
7587,1,0,58,72,2018,10,2,2,3,5,3,2,0,1,0,0,0,0,1,5.27114E+20,5.99771E+21,9.41491E+15,5.41268E+16
7588,1,0,60,68,2018,12,10,4,3,8,1,0,0,1,0,0,0,0,2,5.77032E+20,5.98325E+21,1.0175E+16,5.39918E+16
7589,1,0,55,44,2018,11,13,1,3,2,6,0,0,1,0,0,0,1,0,6.13179E+20,5.9894E+21,1.07284E+16,5.40404E+16
7590,1,0,4,0,2018,10,7,3,3,2,6,2,0,1,0,0,0,1,1,5.62905E+20,5.99308E+21,9.96157E+15,5.4082E+16
7591,1,0,4,0,2018,10,15,7,3,2,6,0,0,1,0,0,0,0,0,5.64698E+20,5.9949E+21,9.98936E+15,5.40982E+16
7592,2,3,5,317,2018,5,5,3,3,3,2,0,1,1,0,0,0,0,0,5.64111E+20,5.93794E+21,9.96849E+15,5.35864E+16
7593,2,4,2,403,2018,4,7,6,3,1,6,0,0,1,0,0,0,0,0,5.65123E+20,5.93872E+21,9.98394E+15,5.35932E+16
7594,1,0,57,13,2018,10,13,1,3,0,1,0,0,0,0,1,0,0,1,6.00444E+20,6.01144E+21,1.05413E+16,5.4241E+16
7595,2,2,6,218,2018,1,18,3,3,5,3,2,0,1,0,0,0,0,1,5.58114E+20,5.93602E+21,9.87755E+15,5.35698E+16
7596,1,0,3,0,2018,10,15,2,3,5,3,0,1,1,0,0,0,0,0,6.08029E+20,5.96451E+21,1.0641E+16,5.38179E+16
7597,1,0,51,110,2018,12,13,1,3,9,1,0,0,1,0,0,0,0,1,5.12594E+20,5.99016E+21,9.19241E+15,5.40595E+16
7598,1,0,62,60,2018,11,13,7,3,5,3,0,1,0,0,1,0,0,0,5.83324E+20,5.93087E+21,1.02568E+16,5.35202E+16
7599,2,3,4,316,2018,4,6,4,3,4,2,0,0,1,0,1,0,0,0,5.64183E+20,5.93767E+21,9.96953E+15,5.3584E+16
7600,1,0,60,63,2018,10,14,2,3,2,6,0,0,1,0,0,0,0,0,5.6816E+20,5.94867E+21,1.0032E+16,5.36823E+16
7601,2,7,1,701,2018,1,10,5,3,1,1,0,0,1,0,0,0,0,0,5.64553E+20,5.92462E+21,9.97242E+15,5.34666E+16
7602,1,0,58,135,2018,10,11,2,3,5,3,0,1,0,0,0,0,1,0,5.42141E+20,6.01796E+21,9.64768E+15,5.43078E+16
7603,1,0,54,16,2018,12,2,7,3,8,1,2,0,1,0,0,0,0,1,4.88054E+20,6.07494E+21,8.81408E+15,5.48215E+16
7604,1,0,56,15,2018,12,15,2,3,5,3,0,0,1,0,0,0,1,1,5.43803E+20,5.95669E+21,9.66438E+15,5.3757E+16
7605,1,0,62,1,2018,12,17,5,3,5,3,2,1,1,0,0,0,0,1,5.81441E+20,5.9475E+21,1.02327E+16,5.36699E+16
7606,1,0,51,38,2018,11,5,2,3,9,7,2,0,1,0,0,0,0,1,4.99917E+20,6.01845E+21,8.99873E+15,5.43139E+16
7607,1,0,57,91,2018,12,13,6,3,2,6,0,0,1,0,0,0,0,1,5.82933E+20,6.01254E+21,1.0273E+16,5.42541E+16
7608,1,0,2,0,2018,10,16,2,3,5,3,0,1,1,0,0,0,0,0,5.73164E+20,6.02179E+21,1.01253E+16,5.43387E+16
7609,1,0,3,0,2018,12,13,2,3,5,2,0,1,1,0,0,0,0,1,6.11242E+20,5.96908E+21,1.06914E+16,5.38583E+16
7610,1,0,60,88,2018,11,14,1,3,9,1,0,0,0,0,1,0,0,0,5.74746E+20,5.97E+21,1.01369E+16,5.3873E+16
7611,1,0,51,20,2018,11,7,5,3,5,3,2,0,1,0,0,0,0,0,5.16396E+20,6.01635E+21,9.25191E+15,5.42948E+16
7612,1,0,55,43,2018,11,20,6,3,7,7,2,0,1,0,0,0,0,0,6.1853E+20,6.01715E+21,1.0821E+16,5.42885E+16
7613,1,0,3,0,2018,12,13,4,3,5,2,0,0,1,0,0,0,0,1,6.22022E+20,5.98092E+21,1.08599E+16,5.39622E+16
7614,1,0,58,58,2018,10,9,7,3,2,6,0,0,1,0,0,0,0,0,5.64437E+20,6.02994E+21,9.9929E+15,5.44131E+16
7615,2,1,6,115,2018,3,7,5,3,8,7,0,0,1,0,0,0,0,0,5.67415E+20,5.9334E+21,1.00174E+16,5.35452E+16
7616,1,0,3,0,2018,11,5,5,3,5,2,2,1,0,0,0,0,1,1,6.09188E+20,5.96738E+21,1.06596E+16,5.38434E+16
7617,1,0,53,116,2018,10,10,2,3,5,2,0,1,1,0,0,0,0,1,5.98159E+20,5.92961E+21,1.04801E+16,5.35062E+16
7618,1,0,51,44,2018,12,18,4,3,5,3,2,1,1,0,0,0,0,0,5.07342E+20,6.00545E+21,9.11254E+15,5.41971E+16
7619,1,0,58,43,2018,11,16,1,3,0,7,1,1,0,0,0,0,0,1,5.54703E+20,6.03352E+21,9.84359E+15,5.44464E+16
7620,1,0,55,32,2018,10,7,3,3,6,2,1,0,1,1,0,0,0,1,6.18652E+20,5.99676E+21,1.08148E+16,5.41053E+16
7621,1,0,4,0,2018,10,19,7,3,2,6,2,0,1,0,0,0,0,0,5.64196E+20,5.99115E+21,9.98088E+15,5.40645E+16
7622,2,6,9,610,2018,5,8,4,2,2,6,0,0,1,0,0,0,0,0,5.76799E+20,5.92613E+21,1.01572E+16,5.34785E+16
7623,2,4,4,407,2018,4,8,7,3,5,3,0,0,1,0,0,0,0,0,5.65354E+20,5.93985E+21,9.98766E+15,5.36034E+16
7624,1,0,58,43,2018,10,9,1,3,1,5,0,0,1,0,0,0,0,0,5.54657E+20,6.03435E+21,9.84304E+15,5.44539E+16
7625,2,2,6,218,2018,1,8,4,3,6,4,2,0,1,1,0,0,0,1,5.57617E+20,5.93616E+21,9.87008E+15,5.35712E+16
7626,1,0,2,0,2018,10,11,2,3,3,6,0,0,1,0,0,1,0,0,5.72754E+20,6.01814E+21,1.01182E+16,5.4306E+16
7627,1,0,53,7,2018,12,20,2,3,8,7,2,0,1,0,0,0,0,0,5.99606E+20,5.93664E+21,1.05041E+16,5.35692E+16
7628,1,0,4,0,2018,11,17,1,3,2,6,2,0,1,0,0,0,0,1,5.64856E+20,5.9982E+21,9.99247E+15,5.41278E+16
7629,1,0,61,46,2018,11,14,6,3,2,6,0,0,1,0,0,0,0,0,5.3371E+20,5.97592E+21,9.51341E+15,5.39306E+16
7630,1,0,62,4,2018,12,13,7,2,9,1,0,0,1,0,0,0,0,1,5.92074E+20,5.96267E+21,1.03981E+16,5.38045E+16
7631,1,0,53,73,2018,11,17,4,3,0,7,2,0,1,0,0,0,0,0,6.01034E+20,5.9177E+21,1.05196E+16,5.33987E+16
7632,1,0,57,57,2018,11,7,5,3,5,3,1,0,1,0,0,0,0,1,5.93555E+20,6.00308E+21,1.0433E+16,5.41673E+16
7633,1,0,60,63,2018,10,12,6,3,3,6,0,1,0,0,1,0,0,0,5.64134E+20,5.94858E+21,9.97103E+15,5.3682E+16
7634,1,0,55,1,2018,10,11,5,2,5,2,0,0,1,0,0,1,0,0,5.97166E+20,5.98424E+21,1.04823E+16,5.39973E+16
7635,2,3,6,318,2018,2,15,4,3,5,3,0,1,1,0,0,0,0,0,5.6304E+20,5.9409E+21,9.95292E+15,5.36131E+16
7636,1,0,58,146,2018,11,11,4,3,0,7,0,1,0,0,0,0,0,0,5.47591E+20,6.01714E+21,9.7313E+15,5.43E+16
7637,1,0,57,3,2018,10,16,7,3,0,1,0,1,0,0,0,0,0,1,5.86048E+20,6.02933E+21,1.03256E+16,5.44045E+16
7638,1,0,2,0,2018,12,10,4,3,5,2,0,1,0,0,0,0,1,0,5.72075E+20,6.01752E+21,1.01076E+16,5.43005E+16
7639,1,0,54,14,2018,10,16,2,3,5,3,0,1,1,0,0,0,0,0,4.99729E+20,6.0559E+21,8.99579E+15,5.46505E+16
7640,1,0,55,33,2018,12,8,2,3,5,2,0,0,1,0,0,0,0,0,6.22189E+20,6.01702E+21,1.08771E+16,5.42864E+16
7641,2,2,14,227,2018,5,13,4,3,1,6,0,0,1,0,0,1,0,0,5.49935E+20,5.93743E+21,9.75429E+15,5.35833E+16
7642,1,0,2,0,2018,11,12,6,3,2,6,0,0,1,0,0,0,0,0,5.71606E+20,6.01934E+21,1.01008E+16,5.43169E+16
7643,1,0,60,98,2018,12,15,2,2,5,3,0,0,1,1,0,0,0,0,5.95831E+20,5.97716E+21,1.04597E+16,5.3934E+16
7644,2,3,9,321,2018,3,14,3,3,2,6,0,0,1,0,0,1,0,0,5.60792E+20,5.93845E+21,9.91846E+15,5.35914E+16
7645,1,0,1,0,2018,10,5,2,3,4,6,2,1,0,0,0,0,0,0,5.27238E+20,6.0694E+21,9.4234E+15,5.47711E+16
7646,1,0,55,12,2018,12,19,4,3,9,1,2,0,1,0,0,0,0,1,6.01088E+20,5.99938E+21,1.05471E+16,5.41326E+16