OBJECTID_1,ULAND,UREGBEZ,UKREIS,UGEMEINDE,UJAHR,UMONAT,USTUNDE,UWOCHENTAG,UKATEGORIE,UART,UTYP1,ULICHTVERH,IstRad,IstPKW,IstFuss,IstKrad,IstGkfz,IstSonstig,STRZUSTAND,LINREFX,LINREFY,XGCSWGS84,YGCSWGS84
7837,1,0,56,49,2018,12,10,2,3,5,3,0,1,1,0,0,0,0,1,5.438E+20,5.94848E+21,9.66318E+15,5.36832E+16
7838,1,0,58,134,2018,11,22,2,2,8,6,2,0,1,0,0,0,0,1,5.41966E+20,5.9994E+21,9.6424E+15,5.4141E+16
7839,1,0,2,0,2018,11,15,6,3,5,2,0,1,1,0,0,0,0,0,5.73593E+20,6.02307E+21,1.01323E+16,5.43501E+16
7840,1,0,60,63,2018,12,8,4,3,5,3,0,0,1,0,0,0,0,0,5.69325E+20,5.95036E+21,1.005E+16,5.36973E+16
7841,1,0,62,78,2018,10,6,7,3,9,7,2,0,1,0,0,0,0,0,5.88626E+20,5.94955E+21,1.0342E+16,5.36871E+16
7842,2,1,6,115,2018,3,15,6,3,2,6,0,0,1,0,0,0,0,0,5.67524E+20,5.93332E+21,1.0019E+16,5.35444E+16
7843,1,0,51,1,2018,11,6,5,3,5,2,2,0,1,0,0,0,0,1,5.18891E+20,5.99798E+21,9.28909E+15,5.41296E+16
7844,1,0,59,184,2018,10,8,3,3,2,6,0,0,1,0,0,0,0,1,5.2526E+20,6.06487E+21,9.39226E+15,5.47305E+16
7845,1,0,3,0,2018,12,2,5,3,8,7,2,0,1,0,0,1,1,1,6.09494E+20,5.96441E+21,1.06632E+16,5.38167E+16
7846,1,0,62,22,2018,11,13,1,3,5,3,0,0,1,0,0,0,1,0,5.8869E+20,5.94154E+21,1.03407E+16,5.36151E+16
7847,1,0,53,72,2018,10,9,3,3,5,2,0,0,1,0,0,0,0,1,5.87321E+20,5.92744E+21,1.03161E+16,5.34887E+16
7848,1,0,61,34,2018,10,19,6,3,5,2,2,1,1,0,0,0,0,0,5.30845E+20,5.97683E+21,9.46987E+15,5.39389E+16
7849,2,4,5,409,2018,5,15,1,3,4,6,0,1,0,0,0,0,0,0,5.66051E+20,5.93886E+21,9.99799E+15,5.35944E+16
7850,2,1,12,130,2018,4,7,2,3,8,1,0,0,1,0,0,0,0,0,5.76388E+20,5.93479E+21,1.01532E+16,5.35565E+16
7851,1,0,62,76,2018,10,14,1,3,2,6,0,0,1,0,0,0,0,0,5.73487E+20,5.9548E+21,1.01141E+16,5.37367E+16
7852,2,1,1,102,2018,1,18,7,3,2,6,2,0,1,0,0,0,1,1,5.6531E+20,5.93367E+21,9.98571E+15,5.35479E+16
7853,1,0,2,0,2018,10,12,1,2,2,6,0,0,1,0,1,0,0,0,5.73495E+20,6.02146E+21,1.01304E+16,5.43357E+16
7854,1,0,2,0,2018,12,18,3,3,2,6,2,0,1,0,0,0,0,0,5.7326E+20,6.01983E+21,1.01263E+16,5.43211E+16
7855,1,0,58,146,2018,11,15,2,2,2,6,1,0,1,0,0,0,0,1,5.47317E+20,6.01669E+21,9.72703E+15,5.42959E+16
7856,1,0,2,0,2018,11,12,7,3,5,3,0,0,1,0,0,0,0,0,5.73236E+20,6.01845E+21,1.01256E+16,5.43087E+16
7857,1,0,59,75,2018,12,2,1,3,0,7,2,0,1,0,0,0,0,1,5.35165E+20,6.04136E+21,9.54324E+15,5.45186E+16
7858,1,0,60,4,2018,11,12,4,3,0,7,0,1,1,0,0,0,0,0,5.57812E+20,5.97513E+21,9.88031E+15,5.39213E+16
7859,1,0,3,0,2018,11,16,5,3,1,7,2,0,1,0,0,0,1,1,6.22887E+20,5.98009E+21,1.08728E+16,5.39545E+16
7860,1,0,54,88,2018,10,15,7,3,0,7,0,1,0,0,0,0,0,0,4.90711E+20,6.07164E+21,8.85553E+15,5.47918E+16
7861,1,0,54,56,2018,12,14,1,3,5,3,0,0,1,0,0,0,0,1,5.02802E+20,6.03755E+21,9.04325E+15,5.44856E+16
7862,1,0,2,0,2018,12,12,3,3,2,6,0,0,1,0,0,0,0,0,5.69648E+20,6.02016E+21,1.00709E+16,5.43245E+16
7863,1,0,56,15,2018,12,12,6,3,5,3,0,1,1,0,0,0,0,0,5.44332E+20,5.95726E+21,9.67248E+15,5.37621E+16
7864,1,0,55,43,2018,11,18,3,3,7,7,2,0,1,0,0,0,0,1,6.15918E+20,6.01784E+21,1.07811E+16,5.42953E+16
7865,1,0,1,0,2018,12,23,7,3,0,7,2,1,0,0,0,0,0,0,5.27896E+20,6.0715E+21,9.43383E+15,5.47899E+16
7866,2,3,6,318,2018,3,5,1,3,8,1,2,0,1,0,0,0,0,1,5.62838E+20,5.94142E+21,9.94997E+15,5.36178E+16
7867,1,0,2,0,2018,10,12,1,3,0,7,0,1,0,0,0,0,0,0,5.73536E+20,6.02417E+21,1.01316E+16,5.43601E+16
7868,1,0,51,72,2018,12,20,2,3,8,1,2,0,0,0,0,0,1,1,5.01967E+20,5.97855E+21,9.02998E+15,5.39553E+16
7869,1,0,3,0,2018,11,15,2,3,0,3,0,0,1,0,1,0,0,1,6.10672E+20,5.97335E+21,1.06843E+16,5.38968E+16
7870,1,0,59,67,2018,12,16,5,1,4,6,2,0,1,0,0,0,1,1,5.5434E+20,6.05824E+21,9.84256E+15,5.46686E+16
7871,1,0,56,15,2018,10,22,7,3,5,3,0,0,1,0,0,0,0,0,5.45799E+20,5.95577E+21,9.69451E+15,5.37486E+16
7872,2,3,7,319,2018,3,16,2,2,5,3,0,0,1,0,1,0,0,0,5.62231E+20,5.94485E+21,9.94148E+15,5.36487E+16
7873,1,0,59,115,2018,11,15,6,3,0,3,0,0,1,0,0,0,0,1,5.15687E+20,6.06088E+21,9.24339E+15,5.4695E+16
7874,1,0,1,0,2018,10,13,3,2,8,1,0,0,1,0,0,0,0,1,5.28725E+20,6.06823E+21,9.44639E+15,5.47605E+16
7875,1,0,2,0,2018,12,18,5,3,2,6,2,0,1,0,0,0,0,1,5.73508E+20,6.01868E+21,1.01299E+16,5.43107E+16
7876,1,0,56,48,2018,11,19,2,2,8,1,1,0,1,0,0,0,0,1,5.48719E+20,5.95301E+21,9.73836E+15,5.37235E+16
7877,1,0,60,53,2018,10,6,3,3,2,6,2,0,1,0,0,0,1,0,5.82299E+20,5.96929E+21,1.02515E+16,5.38656E+16
7878,2,2,12,225,2018,5,13,4,3,5,2,0,1,1,0,0,0,0,0,5.54482E+20,5.93671E+21,9.82284E+15,5.35765E+16
7879,2,1,3,107,2018,4,1,4,3,0,7,2,1,0,0,0,0,0,0,5.64948E+20,5.9338E+21,9.98027E+15,5.3549E+16
7880,1,0,55,35,2018,10,6,2,3,7,7,2,0,1,0,0,0,1,0,6.14649E+20,5.97975E+21,1.07472E+16,5.39534E+16
7881,2,1,1,102,2018,1,13,2,3,2,6,0,0,1,0,0,0,0,1,5.65396E+20,5.93365E+21,9.987E+15,5.35477E+16
7882,1,0,54,24,2018,10,13,1,3,4,6,0,1,0,0,0,0,0,0,5.02311E+20,6.04982E+21,9.03577E+15,5.45958E+16
7883,1,0,54,73,2018,12,19,4,3,0,7,2,0,1,0,0,0,0,1,5.0181E+20,6.07704E+21,9.02819E+15,5.48405E+16
7884,1,0,2,0,2018,11,16,2,2,2,6,2,0,1,0,0,0,0,0,5.73302E+20,6.01712E+21,1.01263E+16,5.42967E+16
7885,1,0,1,0,2018,10,11,1,3,0,6,0,0,1,0,1,0,0,1,5.28209E+20,6.07186E+21,9.43874E+15,5.47931E+16
7886,1,0,53,90,2018,11,0,7,3,8,1,2,0,1,0,0,0,0,0,6.11836E+20,5.9442E+21,1.06914E+16,5.36346E+16
7887,1,0,3,0,2018,12,18,1,3,2,3,2,0,1,0,0,0,0,1,6.0919E+20,5.97164E+21,1.06611E+16,5.38817E+16
7888,1,0,58,132,2018,11,17,5,3,2,6,1,0,1,0,0,0,1,0,5.48151E+20,6.01944E+21,9.74028E+15,5.43205E+16
7889,1,0,56,50,2018,11,6,5,3,5,3,2,1,1,0,0,0,0,1,5.46751E+20,5.93717E+21,9.70615E+15,5.35813E+16
7890,1,0,60,4,2018,11,6,1,3,8,1,2,0,1,0,0,0,0,1,5.61544E+20,5.9732E+21,9.93674E+15,5.39035E+16
7891,1,0,56,29,2018,12,14,3,3,2,2,0,0,0,0,0,0,1,0,5.42675E+20,5.95303E+21,9.64678E+15,5.37242E+16
7892,1,0,2,0,2018,10,13,6,2,6,4,0,0,1,1,0,0,0,0,5.70787E+20,6.02335E+21,1.00892E+16,5.4353E+16
7893,2,7,13,714,2018,2,7,3,2,2,2,0,0,1,0,0,0,0,0,5.585E+20,5.92515E+21,9.88136E+15,5.34721E+16
7894,1,0,53,76,2018,11,7,4,3,0,7,1,0,1,0,1,0,0,0,5.91941E+20,5.93766E+21,1.03887E+16,5.35797E+16
7895,1,0,55,35,2018,10,9,1,3,9,1,0,0,1,0,0,0,0,1,6.17531E+20,5.98036E+21,1.07913E+16,5.39582E+16
7896,1,0,3,0,2018,12,8,4,3,5,3,0,1,1,0,0,0,0,2,6.13284E+20,5.96543E+21,1.07211E+16,5.3825E+16
7897,1,0,51,72,2018,10,8,2,3,5,2,0,1,1,0,0,0,0,1,5.00611E+20,5.97782E+21,9.00931E+15,5.39487E+16
7898,2,2,12,225,2018,1,15,4,3,6,2,0,0,1,1,0,0,0,1,5.54483E+20,5.93671E+21,9.82285E+15,5.35764E+16
7899,2,2,3,209,2018,5,10,7,3,2,6,0,0,1,0,0,0,0,0,5.62067E+20,5.93539E+21,9.93711E+15,5.35637E+16
7900,1,0,51,99,2018,11,19,7,3,9,6,2,0,1,0,0,0,0,0,5.17792E+20,5.99248E+21,9.27195E+15,5.40803E+16
7901,1,0,58,9,2018,12,6,3,3,7,7,2,0,1,0,0,0,0,1,5.46742E+20,5.99243E+21,9.71441E+15,5.4078E+16
7902,2,1,4,111,2018,3,4,7,3,3,6,2,0,1,0,0,0,0,0,5.63891E+20,5.93453E+21,9.96448E+15,5.35558E+16
7903,2,7,2,703,2018,1,5,2,3,2,6,2,0,1,0,0,0,1,1,5.67899E+20,5.92544E+21,1.0023E+16,5.34736E+16
7904,1,0,59,112,2018,10,13,1,3,2,6,0,0,1,0,0,0,0,0,5.57587E+20,6.06695E+21,9.89462E+15,5.47465E+16
7905,1,0,2,0,2018,12,13,5,3,3,6,0,0,1,0,0,1,0,1,5.72997E+20,6.01794E+21,1.01218E+16,5.43042E+16
7906,1,0,56,43,2018,12,15,7,3,5,3,1,1,1,0,0,0,0,1,5.54405E+20,5.94542E+21,9.82319E+15,5.36547E+16
7907,1,0,55,35,2018,11,11,6,3,3,2,0,0,1,0,0,1,0,0,6.13978E+20,5.97566E+21,1.07354E+16,5.39168E+16
7908,1,0,61,34,2018,11,12,5,3,5,2,0,1,1,0,0,0,0,0,5.308E+20,5.97633E+21,9.46915E+15,5.39344E+16
7909,1,0,56,1,2018,12,16,6,3,5,3,1,1,1,0,0,0,0,1,5.48847E+20,5.94263E+21,9.73867E+15,5.36302E+16
7910,1,0,60,94,2018,11,10,3,3,0,1,0,1,0,0,0,0,0,1,5.72215E+20,5.96064E+21,1.00962E+16,5.37893E+16
7911,1,0,51,44,2018,11,18,3,3,2,6,2,0,1,0,0,0,0,0,5.06048E+20,6.00531E+21,9.09271E+15,5.41958E+16
7912,1,0,62,23,2018,10,9,6,3,2,6,0,0,1,0,0,0,0,0,5.8526E+20,5.94541E+21,1.02899E+16,5.36505E+16
7913,1,0,60,27,2018,10,15,4,3,2,6,0,0,1,0,0,0,0,0,5.61278E+20,5.98432E+21,9.93492E+15,5.40036E+16
7914,2,3,9,321,2018,2,19,6,3,3,6,2,0,1,0,0,0,1,0,5.61037E+20,5.93948E+21,9.92237E+15,5.36006E+16
7915,1,0,58,83,2018,12,17,2,2,4,6,2,0,1,0,0,0,0,0,5.47495E+20,6.03193E+21,9.73218E+15,5.44329E+16
7916,1,0,59,103,2018,12,7,4,3,8,1,1,0,1,0,0,0,0,2,5.36943E+20,6.0654E+21,9.57375E+15,5.47345E+16
7917,1,0,2,0,2018,12,17,1,3,5,2,2,0,1,0,0,0,0,1,5.68291E+20,6.01932E+21,1.00498E+16,5.43172E+16
7918,2,3,4,316,2018,4,14,5,3,5,2,0,1,1,0,0,0,0,1,5.63793E+20,5.93715E+21,9.96353E+15,5.35793E+16
7919,1,0,60,39,2018,11,17,4,3,2,6,2,0,1,0,0,0,1,0,5.64323E+20,5.9598E+21,9.97622E+15,5.37828E+16
7920,1,0,55,40,2018,12,12,1,3,7,7,0,0,1,0,0,0,0,0,6.08591E+20,5.98173E+21,1.06556E+16,5.39725E+16
7921,2,2,3,209,2018,3,20,5,3,5,3,2,1,1,0,0,0,0,0,5.62521E+20,5.93596E+21,9.94408E+15,5.35688E+16
7922,1,0,59,75,2018,10,12,1,3,5,2,0,1,1,0,0,0,0,0,5.37232E+20,6.0427E+21,9.57534E+15,5.45305E+16
7923,1,0,56,15,2018,12,19,3,3,3,2,2,1,1,0,0,0,0,0,5.44088E+20,5.95613E+21,9.66863E+15,5.37519E+16
7924,1,0,58,159,2018,11,14,3,3,4,6,0,0,1,0,0,0,0,1,5.44289E+20,5.99524E+21,9.67733E+15,5.41034E+16
7925,1,0,59,77,2018,12,16,6,3,5,3,2,0,1,0,0,0,1,1,5.31528E+20,6.04182E+21,9.48711E+15,5.4523E+16
7926,1,0,53,89,2018,11,0,7,3,2,6,2,0,1,0,0,0,0,0,5.97998E+20,5.93628E+21,1.04797E+16,5.35662E+16
7927,1,0,60,89,2018,10,18,3,2,5,3,2,0,1,0,1,0,0,1,5.7904E+20,5.98882E+21,1.0207E+16,5.40415E+16
7928,1,0,56,44,2018,12,19,5,2,2,6,2,0,1,0,0,0,0,1,5.56394E+20,5.93918E+21,9.85216E+15,5.35984E+16
7929,1,0,62,14,2018,11,11,2,3,5,3,0,0,1,0,0,0,0,1,5.82553E+20,5.95198E+21,1.02508E+16,5.371E+16
7930,1,0,58,172,2018,11,22,2,3,9,1,2,0,1,0,0,0,0,0,5.43444E+20,6.01381E+21,9.6671E+15,5.42704E+16
7931,1,0,51,44,2018,10,11,4,3,2,2,0,0,1,0,0,0,1,0,5.05872E+20,6.00468E+21,9.09E+15,5.41901E+16
7932,2,6,11,612,2018,4,17,5,2,2,6,0,0,1,0,0,1,0,0,5.71115E+20,5.92934E+21,1.00723E+16,5.35082E+16
7933,1,0,53,46,2018,10,13,3,2,8,7,0,0,1,0,0,0,0,0,6.19087E+20,5.93193E+21,1.07964E+16,5.35228E+16
7934,2,3,1,306,2018,1,17,1,3,2,6,2,0,1,0,0,0,0,1,5.63521E+20,5.9366E+21,9.95931E+15,5.35744E+16
7935,1,0,59,183,2018,10,15,1,3,2,6,0,0,1,0,0,0,1,0,5.22351E+20,6.06938E+21,9.34743E+15,5.47711E+16
7936,1,0,59,158,2018,12,3,7,3,9,1,2,0,1,0,0,0,0,1,5.09588E+20,6.06787E+21,9.14899E+15,5.4758E+16
7937,1,0,51,74,2018,12,7,2,3,2,6,2,0,1,0,0,0,0,1,5.04094E+20,5.99434E+21,9.0626E+15,5.40973E+16
7938,1,0,56,32,2018,12,9,6,3,2,6,0,0,1,0,0,0,0,0,5.52077E+20,5.94893E+21,9.78856E+15,5.36865E+16
7939,1,0,3,0,2018,11,7,3,3,3,6,0,0,1,0,0,1,0,0,6.07021E+20,5.9697E+21,1.06275E+16,5.38647E+16
7940,1,0,4,0,2018,12,12,6,3,5,2,0,0,1,0,0,0,0,1,5.65779E+20,5.99408E+21,1.00057E+16,5.40907E+16
7941,1,0,51,82,2018,10,21,1,3,9,1,2,0,1,0,0,0,0,0,5.12384E+20,6.00178E+21,9.18967E+15,5.41639E+16
7942,1,0,62,82,2018,12,6,2,3,6,4,2,0,1,1,0,0,0,0,5.92693E+20,5.93942E+21,1.04006E+16,5.35954E+16
7943,1,0,54,38,2018,11,7,2,3,9,1,2,0,1,0,0,0,0,1,5.0585E+20,6.05863E+21,9.09072E+15,5.4675E+16
7944,1,0,54,84,2018,11,10,6,3,5,2,0,0,1,0,0,0,0,0,5.06177E+20,6.03591E+21,9.09531E+15,5.44708E+16
7945,1,0,62,5,2018,11,13,6,3,2,2,0,0,1,0,0,0,0,0,5.78164E+20,5.95818E+21,1.01858E+16,5.37664E+16
7946,2,6,3,604,2018,5,10,4,2,0,1,0,0,0,0,1,0,0,0,5.82346E+20,5.9259E+21,1.02407E+16,5.34756E+16
7947,1,0,53,2,2018,12,6,4,3,9,1,2,0,1,0,0,0,0,2,6.09686E+20,5.94417E+21,1.06589E+16,5.36348E+16
7948,1,0,55,32,2018,10,22,7,3,8,1,2,0,1,0,0,0,0,0,6.18427E+20,5.99684E+21,1.08114E+16,5.4106E+16
7949,2,3,7,319,2018,3,12,6,3,2,6,0,0,1,0,0,0,0,0,5.61507E+20,5.94465E+21,9.93049E+15,5.3647E+16
7950,1,0,56,28,2018,11,7,5,3,5,3,1,0,1,0,1,0,0,1,5.44455E+20,5.94163E+21,9.67211E+15,5.36216E+16
7951,1,0,61,41,2018,10,12,2,2,5,3,0,0,1,0,0,0,1,0,5.40014E+20,5.96639E+21,9.60818E+15,5.38445E+16
7952,1,0,51,122,2018,12,8,4,3,8,1,0,0,1,0,0,0,0,2,5.052E+20,6.00911E+21,9.07976E+15,5.42299E+16
7953,1,0,55,28,2018,11,15,1,2,0,7,0,1,0,0,0,0,0,0,6.01516E+20,6.00369E+21,1.05551E+16,5.41712E+16
7954,1,0,3,0,2018,10,19,3,3,3,6,2,0,1,0,1,0,0,1,6.10218E+20,5.96798E+21,1.06754E+16,5.38486E+16
7955,2,2,3,209,2018,5,12,7,3,2,3,0,0,1,0,0,0,0,0,5.62214E+20,5.93538E+21,9.93933E+15,5.35636E+16
7956,2,7,10,711,2018,4,11,7,2,3,6,0,0,1,0,0,0,0,0,5.62876E+20,5.92508E+21,9.94725E+15,5.34709E+16
7957,1,0,3,0,2018,10,11,1,2,5,3,0,0,1,0,1,0,0,0,6.13234E+20,5.97086E+21,1.07223E+16,5.38738E+16
7958,2,1,14,132,2018,1,18,5,3,2,2,2,0,1,0,0,0,0,2,5.68402E+20,5.93289E+21,1.00322E+16,5.35405E+16
7959,1,0,58,73,2018,10,11,1,3,3,3,0,0,1,0,0,0,0,0,5.50631E+20,6.0144E+21,9.77755E+15,5.4275E+16
7960,1,0,53,32,2018,12,20,2,3,7,7,2,0,1,0,0,0,0,0,5.93726E+20,5.92053E+21,1.04105E+16,5.34255E+16
7961,1,0,56,41,2018,11,13,1,3,4,6,0,0,1,0,0,0,0,1,5.59805E+20,5.955E+21,9.90674E+15,5.37402E+16
7962,1,0,59,20,2018,11,11,7,3,1,6,0,0,1,0,0,0,0,0,5.23116E+20,6.0325E+21,9.35642E+15,5.44396E+16
7963,1,0,60,11,2018,12,23,7,3,7,7,2,0,1,0,0,0,0,1,5.66066E+20,5.98429E+21,1.0008E+16,5.40027E+16
7964,1,0,62,76,2018,11,9,4,2,8,7,0,0,0,0,0,1,0,0,5.70999E+20,5.95214E+21,1.00758E+16,5.37131E+16
7965,1,0,3,0,2018,11,12,5,3,0,1,0,0,0,0,1,0,0,1,6.09308E+20,5.97028E+21,1.06624E+16,5.38694E+16
7966,1,0,61,73,2018,10,6,6,3,5,3,2,0,1,0,0,0,0,0,5.3188E+20,5.96789E+21,9.48471E+15,5.38586E+16
7967,1,0,62,91,2018,10,11,5,3,0,1,0,0,1,0,0,0,0,0,5.92553E+20,5.94992E+21,1.04016E+16,5.36898E+16
7968,2,1,11,128,2018,2,9,4,3,2,6,0,0,1,0,0,0,1,0,5.7197E+20,5.93333E+21,1.00861E+16,5.35439E+16
7969,1,0,55,12,2018,11,11,4,3,8,1,0,1,0,0,0,0,0,1,6.01889E+20,5.99933E+21,1.05594E+16,5.4132E+16
7970,1,0,4,0,2018,10,17,7,3,5,3,0,1,1,0,0,0,0,0,5.63922E+20,5.9899E+21,9.97644E+15,5.40534E+16
7971,1,0,58,43,2018,12,7,4,3,5,3,0,1,1,0,0,0,0,0,5.54781E+20,6.03398E+21,9.84487E+15,5.44506E+16
7972,1,0,57,33,2018,10,21,2,3,4,6,2,0,1,0,0,0,0,0,5.74968E+20,6.00737E+21,1.01495E+16,5.42089E+16
7973,1,0,53,32,2018,12,22,2,3,0,1,2,0,1,0,0,0,0,1,5.92035E+20,5.92164E+21,1.03854E+16,5.34357E+16
7974,2,7,7,708,2018,5,9,4,1,2,6,0,0,1,0,0,1,0,0,5.64999E+20,5.91887E+21,9.97795E+15,5.34149E+16
7975,1,0,3,0,2018,11,7,6,3,2,2,1,0,1,0,0,0,0,0,6.10045E+20,5.96939E+21,1.06733E+16,5.38613E+16
7976,1,0,53,126,2018,12,10,3,2,2,6,0,0,0,0,0,1,1,1,6.05544E+20,5.93532E+21,1.05933E+16,5.35562E+16
7977,2,1,6,117,2018,3,17,3,3,5,3,0,0,1,0,0,0,0,0,5.68278E+20,5.93342E+21,1.00304E+16,5.35453E+16
7978,1,0,60,59,2018,10,3,1,2,8,7,2,0,1,0,0,0,0,1,5.82043E+20,5.98411E+21,1.02516E+16,5.39988E+16
7979,1,0,3,0,2018,12,7,4,3,3,6,0,1,0,0,0,0,0,0,6.1003E+20,5.97009E+21,1.06733E+16,5.38676E+16
7980,1,0,62,9,2018,12,6,7,3,3,6,2,0,1,0,0,0,0,1,5.76026E+20,5.93564E+21,1.01479E+16,5.35641E+16
7981,1,0,3,0,2018,11,14,5,3,5,3,0,1,1,0,0,0,0,0,6.18463E+20,5.97544E+21,1.08036E+16,5.39138E+16
7982,1,0,3,0,2018,12,8,6,3,2,2,0,0,1,0,0,0,0,1,6.09516E+20,5.97077E+21,1.06658E+16,5.38738E+16
7983,1,0,55,42,2018,11,17,3,2,5,2,2,0,1,0,0,0,1,1,6.16619E+20,5.9841E+21,1.07789E+16,5.39921E+16
7984,1,0,3,0,2018,11,17,3,2,5,2,2,1,1,0,0,0,0,0,6.09415E+20,5.97094E+21,1.06643E+16,5.38754E+16
7985,1,0,53,23,2018,10,19,5,2,0,1,2,1,0,0,0,0,0,0,5.91036E+20,5.92751E+21,1.03721E+16,5.34886E+16
7986,1,0,59,42,2018,10,11,4,3,5,3,0,0,1,0,0,0,0,0,5.3196E+20,6.04785E+21,9.49444E+15,5.45771E+16
7987,2,3,9,321,2018,2,8,2,2,5,3,0,1,1,0,0,0,0,0,5.61881E+20,5.93725E+21,9.93467E+15,5.35804E+16
7988,1,0,60,94,2018,12,6,1,3,8,1,2,0,1,0,0,0,0,1,5.72045E+20,5.96165E+21,1.00938E+16,5.37984E+16
7989,1,0,56,33,2018,12,13,3,3,0,7,0,0,1,0,0,0,0,0,5.41224E+20,5.95277E+21,9.62474E+15,5.3722E+16
7990,1,0,62,90,2018,12,6,7,3,9,7,2,0,1,0,0,0,0,1,5.78399E+20,5.9502E+21,1.01874E+16,5.36946E+16
7991,1,0,2,0,2018,11,19,4,3,2,6,2,0,1,0,0,0,0,0,5.7254E+20,6.01989E+21,1.01153E+16,5.43217E+16
7992,1,0,62,8,2018,12,16,1,3,3,6,1,0,1,0,0,0,1,0,5.95977E+20,5.96301E+21,1.04575E+16,5.38068E+16
7993,1,0,62,61,2018,11,16,7,3,5,3,2,0,1,0,0,0,1,0,5.97308E+20,5.96622E+21,1.04787E+16,5.38354E+16
7994,1,0,53,32,2018,12,11,3,2,4,6,0,0,1,0,0,0,0,1,5.90736E+20,5.92107E+21,1.03657E+16,5.34309E+16
7995,1,0,56,5,2018,10,12,5,3,2,6,0,0,1,0,0,0,0,1,5.59951E+20,5.94597E+21,9.90721E+15,5.36591E+16
7996,2,3,9,321,2018,2,17,7,3,3,2,2,0,1,0,0,0,0,0,5.61076E+20,5.93897E+21,9.92285E+15,5.3596E+16
7997,1,0,62,18,2018,11,12,4,3,5,2,0,1,1,0,0,0,0,0,5.79643E+20,5.93306E+21,1.02018E+16,5.35404E+16
7998,1,0,55,35,2018,10,11,1,3,8,1,0,0,1,0,0,0,0,1,6.13295E+20,5.98579E+21,1.07288E+16,5.4008E+16
7999,1,0,58,37,2018,12,7,4,3,9,1,1,0,1,0,0,0,0,2,5.73039E+20,6.03268E+21,1.01261E+16,5.44365E+16
8000,1,0,62,87,2018,10,14,2,3,4,6,0,0,1,0,0,0,1,0,5.99789E+20,5.97005E+21,1.05177E+16,5.38694E+16
8001,2,4,2,403,2018,1,12,3,3,5,3,0,1,1,0,0,0,0,0,5.65041E+20,5.93833E+21,9.98262E+15,5.35897E+16
8002,2,2,5,217,2018,5,14,6,3,1,5,0,1,1,0,0,0,0,0,5.57604E+20,5.93617E+21,9.86987E+15,5.35712E+16
8003,1,0,60,7,2018,11,12,6,3,9,7,0,0,0,0,0,0,1,0,5.74243E+20,5.97507E+21,1.01304E+16,5.39187E+16
8004,1,0,2,0,2018,12,11,3,3,0,1,0,0,0,0,1,0,0,1,5.73213E+20,6.01932E+21,1.01255E+16,5.43165E+16
8005,2,3,7,319,2018,3,12,5,3,0,4,0,0,1,1,0,0,0,1,5.6E+20,5.94467E+21,9.90769E+15,5.36473E+16
8006,1,0,61,12,2018,10,18,7,2,0,1,0,1,0,0,0,0,0,0,5.29471E+20,5.96219E+21,9.44753E+15,5.38074E+16
8007,1,0,56,15,2018,12,18,4,3,5,3,2,1,1,0,0,0,0,1,5.44752E+20,5.95587E+21,9.67866E+15,5.37496E+16
8008,1,0,59,173,2018,12,16,7,3,7,7,2,0,1,0,0,0,0,1,5.14447E+20,6.06947E+21,9.22457E+15,5.47723E+16
8009,1,0,4,0,2018,11,6,6,3,5,3,2,0,1,0,0,0,1,1,5.64398E+20,5.99137E+21,9.98402E+15,5.40665E+16
8010,1,0,56,39,2018,11,8,5,3,5,2,0,0,1,0,0,0,0,0,5.52526E+20,5.94797E+21,9.79519E+15,5.36778E+16
8011,1,0,55,35,2018,12,17,6,3,5,3,2,0,1,0,0,0,0,1,6.1478E+20,5.97934E+21,1.0749E+16,5.39497E+16
8012,1,0,62,23,2018,11,6,3,3,0,3,1,0,0,0,1,1,0,1,5.83061E+20,5.94661E+21,1.0257E+16,5.36617E+16
8013,1,0,56,49,2018,11,17,3,3,5,3,2,1,1,0,0,0,0,0,5.44476E+20,5.94815E+21,9.67336E+15,5.36802E+16
8014,1,0,60,39,2018,10,7,5,3,5,3,2,1,1,0,0,0,0,1,5.64481E+20,5.95891E+21,9.97844E+15,5.37748E+16
8015,1,0,58,58,2018,10,5,4,3,1,5,2,0,1,0,0,0,1,0,5.62371E+20,6.02886E+21,9.96084E+15,5.44037E+16
8016,2,6,1,601,2018,2,15,3,3,2,6,0,0,1,0,0,0,0,0,5.79759E+20,5.9276E+21,1.02022E+16,5.34913E+16
8017,1,0,59,53,2018,12,10,2,3,2,6,0,0,1,0,0,1,0,1,5.35557E+20,6.02531E+21,9.54736E+15,5.43743E+16
8018,1,0,58,146,2018,12,13,4,3,2,6,0,0,1,0,0,1,0,0,5.49508E+20,6.0168E+21,9.7607E+15,5.42967E+16
8019,1,0,3,0,2018,12,14,1,2,2,6,0,0,1,0,0,0,0,0,6.09912E+20,5.97313E+21,1.06726E+16,5.3895E+16
8020,2,1,16,136,2018,4,16,3,3,3,6,0,0,1,0,0,1,0,0,5.70132E+20,5.92945E+21,1.00575E+16,5.35093E+16
8021,1,0,62,27,2018,11,7,4,3,2,2,2,0,1,0,0,0,0,0,5.88555E+20,5.95287E+21,1.03419E+16,5.3717E+16
8022,1,0,1,0,2018,12,14,1,3,2,6,0,0,1,0,0,0,0,0,5.30189E+20,6.07202E+21,9.46953E+15,5.47944E+16
8023,2,3,6,318,2018,3,7,3,3,5,2,0,1,1,0,0,0,0,1,5.6332E+20,5.94066E+21,9.95709E+15,5.36109E+16
8024,1,0,60,94,2018,10,15,7,2,4,1,0,0,1,0,1,0,0,0,5.72047E+20,5.96163E+21,1.00939E+16,5.37982E+16
8025,1,0,3,0,2018,12,14,3,3,6,3,0,0,1,1,0,0,0,0,6.18308E+20,5.97543E+21,1.08012E+16,5.39137E+16