OBJECTID_1,ULAND,UREGBEZ,UKREIS,UGEMEINDE,UJAHR,UMONAT,USTUNDE,UWOCHENTAG,UKATEGORIE,UART,UTYP1,ULICHTVERH,IstRad,IstPKW,IstFuss,IstKrad,IstGkfz,IstSonstig,STRZUSTAND,LINREFX,LINREFY,XGCSWGS84,YGCSWGS84
8026,1,0,2,0,2018,11,8,3,3,5,2,0,1,1,0,0,0,0,0,5.73498E+20,6.01902E+21,1.01298E+16,5.43137E+16
8027,1,0,56,36,2018,12,11,5,3,5,3,0,1,0,0,0,1,0,1,5.40176E+20,5.9476E+21,9.6082E+15,5.36756E+16
8028,1,0,61,46,2018,11,17,6,3,2,6,2,0,1,0,0,0,0,0,5.31816E+20,5.97337E+21,9.48431E+15,5.39078E+16
8029,1,0,3,0,2018,10,15,3,3,5,2,0,0,1,0,0,0,0,0,6.10143E+20,5.96993E+21,1.0675E+16,5.38662E+16
8030,1,0,3,0,2018,12,14,5,3,5,3,0,1,1,0,0,0,0,1,6.14081E+20,5.969E+21,1.07345E+16,5.3857E+16
8031,1,0,3,0,2018,11,9,2,3,2,6,0,0,1,0,0,0,0,1,6.12298E+20,5.97084E+21,1.07081E+16,5.38739E+16
8032,1,0,59,63,2018,11,22,2,2,8,1,2,0,1,0,0,0,0,0,5.49755E+20,6.05736E+21,9.77132E+15,5.46611E+16
8033,1,0,62,1,2018,10,10,4,3,5,3,0,0,1,0,0,0,0,1,5.7996E+20,5.94585E+21,1.02099E+16,5.36553E+16
8034,2,1,6,115,2018,4,16,3,3,2,6,0,0,1,0,0,0,0,0,5.67909E+20,5.93313E+21,1.00248E+16,5.35427E+16
8035,1,0,56,30,2018,10,17,2,3,2,6,1,0,1,0,1,0,0,0,5.44662E+20,5.9623E+21,9.67822E+15,5.38073E+16
8036,2,6,9,610,2018,1,7,5,3,2,6,2,0,1,0,0,0,0,1,5.77007E+20,5.92602E+21,1.01603E+16,5.34775E+16
8037,1,0,56,3,2018,10,16,7,3,5,3,0,0,1,0,0,0,0,0,5.48802E+20,5.9567E+21,9.74019E+15,5.37567E+16
8038,1,0,53,46,2018,12,1,7,3,9,7,2,0,0,0,0,1,0,1,6.18903E+20,5.93202E+21,1.07936E+16,5.35236E+16
8039,1,0,60,63,2018,12,8,2,3,5,2,1,1,1,0,0,0,0,1,5.65354E+20,5.94798E+21,9.98937E+15,5.36764E+16
8040,1,0,53,32,2018,12,16,5,3,4,6,2,0,1,0,0,0,0,1,5.91236E+20,5.92079E+21,1.03732E+16,5.34283E+16
8041,1,0,60,5,2018,11,15,2,3,5,3,0,1,1,0,0,0,0,0,5.85382E+20,5.97803E+21,1.03008E+16,5.39436E+16
8042,1,0,1,0,2018,12,14,6,3,2,6,0,0,1,0,0,0,0,1,5.25394E+20,6.06994E+21,9.39478E+15,5.4776E+16
8043,1,0,60,5,2018,10,16,7,2,6,4,0,0,1,1,0,0,0,0,5.85258E+20,5.97773E+21,1.02989E+16,5.39409E+16
8044,1,0,58,124,2018,12,7,2,3,5,3,2,1,1,0,0,0,0,1,5.46114E+20,6.01661E+21,9.70852E+15,5.42953E+16
8045,1,0,62,53,2018,11,13,1,3,5,3,0,0,1,0,1,0,0,0,5.77233E+20,5.93103E+21,1.0165E+16,5.35225E+16
8046,1,0,51,92,2018,11,7,5,2,5,3,2,1,1,0,0,0,0,1,5.02252E+20,6.01783E+21,9.03461E+15,5.43083E+16
8047,1,0,58,86,2018,11,19,6,3,6,2,2,0,1,1,0,0,0,0,5.44112E+20,6.00894E+21,9.67664E+15,5.42266E+16
8048,1,0,3,0,2018,12,12,4,3,5,3,0,0,1,0,1,0,0,1,6.09586E+20,5.97294E+21,1.06676E+16,5.38933E+16
8049,1,0,59,42,2018,10,8,7,3,4,6,0,0,0,0,0,1,1,0,5.33222E+20,6.04759E+21,9.51393E+15,5.45748E+16
8050,2,3,4,316,2018,3,9,5,3,0,6,0,0,1,0,0,0,0,0,5.64181E+20,5.9377E+21,9.9695E+15,5.35842E+16
8051,1,0,3,0,2018,11,16,5,3,5,3,2,1,1,0,0,0,0,0,6.114E+20,5.97105E+21,1.06945E+16,5.3876E+16
8052,1,0,55,28,2018,10,13,2,3,8,7,0,0,1,0,0,0,0,0,6.06573E+20,6.00753E+21,1.06339E+16,5.42047E+16
8053,1,0,56,26,2018,12,8,4,3,9,1,1,0,1,0,0,0,0,2,5.56623E+20,5.95802E+21,9.85906E+15,5.37677E+16
8054,1,0,2,0,2018,11,23,1,3,9,1,2,0,1,0,0,0,0,1,5.71443E+20,6.02048E+21,1.00986E+16,5.43271E+16
8055,1,0,3,0,2018,10,10,3,2,5,3,0,0,1,0,0,0,0,1,6.10253E+20,5.96798E+21,1.0676E+16,5.38486E+16
8056,2,7,14,715,2018,5,12,3,3,0,7,0,1,0,0,0,0,0,0,5.55265E+20,5.92505E+21,9.83261E+15,5.34716E+16
8057,2,1,8,124,2018,4,9,6,3,1,6,0,0,1,0,0,0,0,0,5.69579E+20,5.93419E+21,1.00502E+16,5.3552E+16
8058,1,0,58,9,2018,10,14,1,3,8,7,0,1,0,0,0,0,0,0,5.49163E+20,5.99121E+21,9.75122E+15,5.40668E+16
8059,2,7,10,711,2018,1,16,3,3,1,6,2,0,1,0,0,0,0,1,5.63985E+20,5.92491E+21,9.96393E+15,5.34693E+16
8060,1,0,56,4,2018,10,13,7,3,5,3,0,1,1,0,0,0,0,0,5.57712E+20,5.95881E+21,9.87573E+15,5.37747E+16
8061,1,0,56,41,2018,12,20,2,3,9,1,2,0,1,0,0,0,0,1,5.62517E+20,5.95553E+21,9.94796E+15,5.37446E+16
8062,1,0,57,3,2018,11,17,1,3,1,7,2,0,1,0,0,0,0,1,5.86361E+20,6.02938E+21,1.03305E+16,5.44048E+16
8063,1,0,60,5,2018,11,17,6,3,5,2,2,1,1,0,0,0,0,0,5.85509E+20,5.97833E+21,1.03028E+16,5.39463E+16
8064,1,0,4,0,2018,12,20,7,3,5,3,2,0,1,0,0,0,0,1,5.6164E+20,5.99162E+21,9.94193E+15,5.40691E+16
8065,1,0,55,40,2018,11,11,4,3,2,2,0,0,1,0,0,0,0,0,6.08571E+20,5.97212E+21,1.06519E+16,5.38861E+16
8066,1,0,2,0,2018,11,17,5,3,2,6,2,0,1,0,0,0,0,1,5.73432E+20,6.01784E+21,1.01285E+16,5.43031E+16
8067,1,0,60,44,2018,10,6,6,3,5,3,2,1,1,0,0,0,0,0,5.62347E+20,5.96511E+21,9.94732E+15,5.38307E+16
8068,1,0,3,0,2018,10,15,5,3,2,2,0,0,1,0,0,0,0,0,6.0793E+20,5.96727E+21,1.06404E+16,5.38427E+16
8069,2,1,14,132,2018,2,6,3,3,3,6,2,0,1,0,0,1,0,1,5.68488E+20,5.93303E+21,1.00335E+16,5.35417E+16
8070,1,0,2,0,2018,11,15,4,3,6,2,0,0,1,1,0,0,0,0,5.76123E+20,6.01732E+21,1.01697E+16,5.42981E+16
8071,1,0,57,71,2018,12,8,4,3,9,1,0,0,1,0,0,0,0,2,5.73329E+20,5.9962E+21,1.01216E+16,5.41088E+16
8072,1,0,55,4,2018,10,16,2,2,0,1,0,0,0,0,1,0,0,0,6.13337E+20,5.97648E+21,1.0726E+16,5.39243E+16
8073,1,0,3,0,2018,12,12,2,2,6,4,0,0,1,1,0,0,0,1,6.14883E+20,5.96914E+21,1.07468E+16,5.3858E+16
8074,2,3,6,318,2018,5,6,4,3,5,3,0,1,0,0,0,0,1,0,5.62684E+20,5.94495E+21,9.94836E+15,5.36496E+16
8075,1,0,59,75,2018,11,14,6,3,5,3,0,1,1,0,0,0,0,1,5.35401E+20,6.04078E+21,9.54682E+15,5.45134E+16
8076,1,0,56,18,2018,12,5,2,2,4,2,2,0,1,0,0,0,0,1,5.57379E+20,5.94254E+21,9.86766E+15,5.36285E+16
8077,2,2,5,216,2018,3,13,3,3,2,6,0,0,1,0,0,0,0,0,5.59565E+20,5.93526E+21,9.89932E+15,5.35629E+16
8078,1,0,56,26,2018,10,17,7,3,9,7,0,0,0,0,1,0,0,0,5.56678E+20,5.95705E+21,9.85971E+15,5.3759E+16
8079,1,0,3,0,2018,12,16,4,3,3,7,2,0,1,0,0,0,0,1,6.10126E+20,5.96929E+21,1.06745E+16,5.38604E+16
8080,1,0,51,16,2018,11,20,3,3,5,3,2,1,1,0,0,0,0,1,5.17141E+20,5.98334E+21,9.26148E+15,5.39981E+16
8081,1,0,60,63,2018,12,8,6,3,5,2,1,1,1,0,0,0,0,1,5.682E+20,5.94924E+21,1.00327E+16,5.36874E+16
8082,1,0,2,0,2018,11,14,5,3,5,2,0,1,0,0,0,0,1,0,5.73289E+20,6.01997E+21,1.01268E+16,5.43223E+16
8083,1,0,4,0,2018,12,14,6,3,5,3,0,1,1,0,0,0,0,1,5.63359E+20,5.99018E+21,9.96789E+15,5.4056E+16
8084,1,0,58,96,2018,11,6,3,2,4,6,2,0,1,0,0,0,0,1,5.59916E+20,6.02749E+21,9.92275E+15,5.43917E+16
8085,1,0,54,14,2018,11,17,3,3,8,1,2,0,1,0,0,0,0,0,4.96524E+20,6.05539E+21,8.94613E+15,5.46459E+16
8086,1,0,3,0,2018,10,8,5,3,1,5,1,0,1,0,0,0,0,1,6.09104E+20,5.97076E+21,1.06595E+16,5.38738E+16
8087,2,4,7,417,2018,4,16,3,2,5,2,0,1,0,0,0,0,1,1,5.68506E+20,5.93552E+21,1.00343E+16,5.35641E+16
8088,1,0,62,71,2018,10,16,4,3,2,6,0,0,1,0,0,0,0,0,5.81316E+20,5.93998E+21,1.02289E+16,5.36023E+16
8089,2,3,9,321,2018,2,8,5,3,3,6,0,0,1,0,0,1,0,0,5.61077E+20,5.93886E+21,9.92285E+15,5.3595E+16
8090,1,0,3,0,2018,12,23,1,2,2,6,2,0,1,0,0,0,0,1,6.20384E+20,5.97836E+21,1.0834E+16,5.39396E+16
8091,1,0,53,41,2018,12,18,3,3,5,2,2,0,1,0,0,0,0,0,6.13888E+20,5.96477E+21,1.073E+16,5.3819E+16
8092,1,0,2,0,2018,12,15,7,3,5,3,1,0,1,0,0,0,0,1,5.73716E+20,6.01912E+21,1.01332E+16,5.43147E+16
8093,1,0,56,15,2018,11,16,3,3,4,6,1,1,0,0,0,0,0,0,5.44889E+20,5.9572E+21,9.68092E+15,5.37615E+16
8094,1,0,53,50,2018,12,3,7,2,9,1,2,0,1,0,0,0,0,1,5.94083E+20,5.92283E+21,1.04166E+16,5.34461E+16
8095,2,1,4,111,2018,3,17,5,3,6,2,0,0,0,1,0,0,1,0,5.64077E+20,5.93412E+21,9.96719E+15,5.35521E+16
8096,1,0,56,36,2018,10,14,7,3,2,2,0,0,1,0,1,0,0,0,5.44622E+20,5.9475E+21,9.67547E+15,5.36744E+16
8097,1,0,1,0,2018,12,19,3,1,1,5,2,0,1,0,0,1,0,1,5.26575E+20,6.07303E+21,9.41343E+15,5.48037E+16
8098,1,0,56,21,2018,11,20,2,3,8,1,2,0,0,0,1,0,0,1,5.60084E+20,5.95155E+21,9.91029E+15,5.37092E+16
8099,1,0,4,0,2018,12,18,5,2,1,5,2,0,1,0,1,0,0,1,5.64279E+20,5.9966E+21,9.9833E+15,5.41136E+16
8100,1,0,54,109,2018,10,14,1,3,5,3,0,0,1,0,0,0,0,0,4.91746E+20,6.06851E+21,8.87172E+15,5.47638E+16
8101,2,1,3,106,2018,3,15,6,3,6,4,0,0,1,1,0,0,0,0,5.64326E+20,5.93393E+21,9.97091E+15,5.35503E+16
8102,1,0,55,37,2018,11,14,6,3,2,6,0,0,1,0,0,0,0,1,6.20751E+20,6.00035E+21,1.08483E+16,5.41371E+16
8103,1,0,59,51,2018,10,16,3,3,5,3,1,0,1,0,0,0,0,1,5.30892E+20,6.03327E+21,9.47639E+15,5.44462E+16
8104,1,0,58,18,2018,12,16,5,2,4,6,2,0,1,0,0,0,0,1,5.66597E+20,6.00979E+21,1.00217E+16,5.42318E+16
8105,1,0,2,0,2018,11,7,2,3,5,2,0,1,1,0,0,0,0,0,5.73325E+20,6.02025E+21,1.01274E+16,5.43248E+16
8106,1,0,2,0,2018,10,7,4,3,2,6,0,0,1,0,0,0,0,1,5.74596E+20,6.01755E+21,1.01463E+16,5.43004E+16
8107,2,1,6,117,2018,4,13,6,3,4,2,0,0,1,0,0,0,0,1,5.68383E+20,5.93321E+21,1.0032E+16,5.35433E+16
8108,1,0,61,44,2018,10,16,6,2,5,3,0,0,1,0,1,0,0,0,5.41189E+20,5.96283E+21,9.62556E+15,5.38124E+16
8109,1,0,2,0,2018,10,12,2,3,2,6,0,0,1,0,0,0,0,0,5.74464E+20,6.01767E+21,1.01443E+16,5.43015E+16
8110,2,1,6,117,2018,1,18,3,3,2,6,2,0,1,0,0,0,1,1,5.68135E+20,5.93372E+21,1.00284E+16,5.3548E+16
8111,1,0,53,43,2018,10,11,7,2,2,6,0,0,1,0,1,0,0,0,6.12274E+20,5.961E+21,1.07041E+16,5.37854E+16
8112,1,0,62,86,2018,12,18,5,3,2,6,2,0,1,0,0,1,0,1,5.87588E+20,5.93611E+21,1.03225E+16,5.35666E+16
8113,1,0,62,9,2018,11,6,2,3,7,7,1,0,1,0,0,0,0,1,5.82572E+20,5.93578E+21,1.02467E+16,5.35644E+16
8114,1,0,53,3,2018,10,12,7,3,2,2,0,0,1,0,0,0,0,0,5.86981E+20,5.93204E+21,1.03122E+16,5.35301E+16
8115,1,0,58,13,2018,11,12,7,3,5,2,0,0,1,0,1,0,0,0,5.20629E+20,5.99746E+21,9.31566E+15,5.41249E+16
8116,1,0,1,0,2018,12,16,2,3,2,6,2,0,1,0,0,0,0,1,5.28002E+20,6.0685E+21,9.43518E+15,5.47629E+16
8117,1,0,58,135,2018,11,16,5,3,2,6,1,0,1,0,0,0,0,0,5.42709E+20,6.01591E+21,9.65611E+15,5.42893E+16
8118,1,0,51,74,2018,11,7,5,3,5,3,2,1,1,0,0,0,0,1,5.06294E+20,5.99341E+21,9.09622E+15,5.40888E+16
8119,1,0,61,16,2018,11,10,1,3,8,7,0,1,0,0,0,0,0,0,5.42433E+20,5.97477E+21,9.6461E+15,5.39196E+16
8120,1,0,54,10,2018,12,8,4,3,7,7,1,0,1,0,0,0,0,1,4.97184E+20,6.06344E+21,8.95629E+15,5.47182E+16
8121,1,0,55,32,2018,10,8,6,3,5,3,0,0,1,0,0,0,0,0,6.19751E+20,5.99779E+21,1.0832E+16,5.41143E+16
8122,2,1,16,136,2018,2,14,6,3,3,6,0,0,1,0,0,0,0,0,5.67841E+20,5.92593E+21,1.00222E+16,5.34779E+16
8123,2,3,1,307,2018,3,21,7,2,3,7,2,0,1,0,0,0,0,0,5.6297E+20,5.93636E+21,9.95094E+15,5.35723E+16
8124,1,0,62,50,2018,10,16,7,3,2,6,0,0,1,0,0,0,0,0,5.85529E+20,5.96063E+21,1.02982E+16,5.37872E+16
8125,1,0,4,0,2018,12,20,3,3,5,2,2,1,1,0,0,0,0,1,5.6487E+20,5.99107E+21,9.99116E+15,5.40638E+16
8126,1,0,1,0,2018,11,22,3,3,2,6,2,0,1,0,1,0,0,0,5.28143E+20,6.07115E+21,9.43764E+15,5.47867E+16
8127,1,0,55,40,2018,12,10,5,1,6,4,0,0,1,1,0,0,0,1,6.08374E+20,5.97219E+21,1.06489E+16,5.38869E+16
8128,1,0,56,39,2018,11,14,6,3,5,3,0,1,1,0,0,0,0,1,5.51848E+20,5.94692E+21,9.78476E+15,5.36685E+16
8129,1,0,4,0,2018,10,16,3,3,5,3,0,1,1,0,0,0,0,0,5.64827E+20,5.99118E+21,9.99054E+15,5.40647E+16
8130,1,0,3,0,2018,12,10,5,3,5,3,0,0,1,0,0,0,0,1,6.22021E+20,5.98093E+21,1.08599E+16,5.39623E+16
8131,1,0,58,43,2018,11,11,2,3,5,2,0,1,1,0,0,0,0,1,5.53889E+20,6.03404E+21,9.83113E+15,5.44512E+16
8132,1,0,58,86,2018,10,7,4,3,8,1,1,0,1,0,0,0,0,1,5.4386E+20,6.00913E+21,9.67281E+15,5.42283E+16
8133,2,2,5,217,2018,4,17,2,3,5,2,0,1,1,0,0,0,0,1,5.5803E+20,5.93607E+21,9.87629E+15,5.35703E+16
8134,1,0,55,41,2018,10,16,2,3,2,6,0,0,1,0,0,0,0,0,6.08365E+20,5.9974E+21,1.06578E+16,5.41134E+16
8135,2,1,7,119,2018,1,15,4,3,5,3,0,0,1,0,0,0,0,0,5.6894E+20,5.93444E+21,1.00407E+16,5.35543E+16
8136,1,0,3,0,2018,10,17,7,3,5,3,0,1,1,0,0,0,0,0,6.10127E+20,5.96992E+21,1.06748E+16,5.3866E+16
8137,1,0,53,116,2018,12,13,2,3,5,3,0,0,1,0,0,0,0,1,5.98336E+20,5.92911E+21,1.04826E+16,5.35017E+16
8138,1,0,58,117,2018,12,16,5,2,6,4,2,0,1,1,0,0,0,1,5.55754E+20,6.00182E+21,9.85389E+15,5.41615E+16
8139,1,0,53,100,2018,11,15,2,3,0,7,0,1,0,0,0,0,0,0,6.17028E+20,5.95156E+21,1.07727E+16,5.36996E+16
8140,1,0,58,171,2018,10,14,7,3,0,1,0,0,0,0,1,0,0,0,5.58594E+20,6.01475E+21,9.8999E+15,5.42773E+16
8141,1,0,4,0,2018,11,23,1,3,5,3,2,0,1,1,0,0,0,1,5.63368E+20,5.99221E+21,9.96846E+15,5.40742E+16
8142,1,0,57,66,2018,12,14,2,3,9,7,0,0,1,0,0,1,0,1,5.85929E+20,6.01537E+21,1.03198E+16,5.4279E+16
8143,1,0,56,15,2018,11,13,5,3,2,6,0,0,1,0,0,0,0,1,5.4414E+20,5.95861E+21,9.66977E+15,5.37742E+16
8144,1,0,2,0,2018,11,21,6,2,1,5,2,0,1,0,0,0,0,0,5.71966E+20,6.0205E+21,1.01066E+16,5.43273E+16
8145,1,0,59,171,2018,12,14,4,3,5,3,0,0,1,0,0,0,0,1,5.25843E+20,6.05749E+21,9.40065E+15,5.46641E+16
8146,1,0,51,72,2018,10,17,6,3,5,2,0,0,1,0,1,0,0,0,5.00491E+20,5.97889E+21,9.00749E+15,5.39584E+16
8147,2,1,8,125,2018,2,19,3,3,3,6,2,0,1,0,0,0,0,2,5.69938E+20,5.93412E+21,1.00556E+16,5.35513E+16
8148,1,0,2,0,2018,11,14,5,3,5,2,0,1,1,0,0,0,0,0,5.74048E+20,6.02068E+21,1.01387E+16,5.43286E+16
8149,1,0,59,128,2018,10,6,2,3,5,3,1,0,1,0,0,0,1,1,5.17205E+20,6.05463E+21,9.26658E+15,5.46388E+16
8150,1,0,60,95,2018,12,11,4,2,8,1,0,0,1,0,0,0,0,2,5.55141E+20,5.97152E+21,9.83899E+15,5.38892E+16
8151,1,0,60,92,2018,11,18,7,3,6,4,2,0,1,1,0,0,0,1,5.79422E+20,5.97902E+21,1.02103E+16,5.39534E+16
8152,1,0,2,0,2018,10,14,3,3,0,3,0,0,1,0,1,0,0,1,5.73457E+20,6.02385E+21,1.01304E+16,5.43572E+16
8153,2,2,1,206,2018,5,11,3,3,2,6,0,0,1,0,1,0,0,0,5.6337E+20,5.9351E+21,9.95672E+15,5.35609E+16
8154,2,7,14,715,2018,4,12,5,3,5,3,0,1,1,0,0,0,0,0,5.55918E+20,5.92517E+21,9.84247E+15,5.34726E+16
8155,2,1,1,101,2018,1,13,2,3,2,6,0,0,1,0,0,0,1,0,5.66399E+20,5.93364E+21,1.00021E+16,5.35474E+16
8156,1,0,58,135,2018,10,17,7,3,3,6,0,0,1,0,0,0,0,0,5.44822E+20,6.01795E+21,9.68887E+15,5.43074E+16
8157,1,0,62,61,2018,12,15,6,3,2,6,0,0,1,0,0,0,0,0,5.98915E+20,5.96455E+21,1.05026E+16,5.382E+16
8158,1,0,56,15,2018,12,14,1,3,4,6,0,0,1,0,0,0,0,1,5.44803E+20,5.95589E+21,9.67943E+15,5.37497E+16
8159,1,0,58,43,2018,11,4,7,2,8,1,2,0,1,0,0,0,0,1,5.54275E+20,6.03553E+21,9.83736E+15,5.44645E+16
8160,1,0,3,0,2018,11,19,6,3,5,2,2,1,1,0,0,0,0,0,6.11241E+20,5.96911E+21,1.06914E+16,5.38586E+16
8161,1,0,54,56,2018,12,15,7,3,5,2,0,0,1,0,0,0,0,1,5.0366E+20,6.03685E+21,9.05648E+15,5.44793E+16
8162,1,0,2,0,2018,11,6,4,3,5,2,2,1,1,0,0,0,0,1,5.72599E+20,6.02389E+21,1.01172E+16,5.43576E+16
8163,1,0,62,71,2018,11,9,5,2,2,6,0,0,1,0,0,1,0,1,5.80955E+20,5.93935E+21,1.02232E+16,5.35967E+16
8164,1,0,55,6,2018,10,10,6,3,5,3,0,0,1,0,0,0,0,1,6.22613E+20,6.00548E+21,1.08789E+16,5.41827E+16
8165,1,0,2,0,2018,10,11,5,3,9,1,0,0,1,0,0,0,0,1,5.74428E+20,6.01769E+21,1.01438E+16,5.43017E+16
8166,2,6,11,612,2018,2,9,2,3,2,6,0,0,1,0,0,0,1,1,5.70953E+20,5.92941E+21,1.00699E+16,5.35088E+16
8167,1,0,54,113,2018,11,11,4,3,2,6,0,0,1,0,0,0,0,1,4.79955E+20,6.01679E+21,8.69199E+15,5.42986E+16
8168,1,0,2,0,2018,12,7,4,3,0,1,2,0,0,0,1,0,0,2,5.72103E+20,6.0187E+21,1.01083E+16,5.43111E+16
8169,1,0,62,16,2018,10,17,1,2,5,2,0,0,1,0,1,0,0,0,5.83879E+20,5.95934E+21,1.02728E+16,5.37759E+16
8170,1,0,59,127,2018,12,16,2,2,4,6,0,0,1,0,0,0,0,0,5.36807E+20,6.07128E+21,9.57237E+15,5.47874E+16
8171,2,3,8,320,2018,4,20,2,3,2,6,1,0,1,0,0,0,0,0,5.60058E+20,5.94158E+21,9.90797E+15,5.36196E+16
8172,1,0,62,32,2018,11,11,5,3,4,6,0,0,1,0,0,0,0,0,6.00569E+20,5.97217E+21,1.05302E+16,5.38882E+16
8173,1,0,57,8,2018,12,13,2,3,9,1,0,0,1,0,0,0,0,1,5.71816E+20,5.99123E+21,1.00973E+16,5.40643E+16
8174,2,1,6,117,2018,3,6,2,3,2,6,1,0,1,0,0,0,0,0,5.6801E+20,5.9341E+21,1.00265E+16,5.35514E+16
8175,1,0,58,53,2018,10,14,7,3,5,3,0,0,1,0,0,0,0,0,5.68768E+20,6.01083E+21,1.00552E+16,5.42408E+16
8176,1,0,57,24,2018,12,7,4,3,4,6,2,0,1,0,0,0,0,0,5.70566E+20,5.99796E+21,1.00798E+16,5.41249E+16
8177,1,0,56,43,2018,11,8,3,3,4,7,0,0,1,0,0,0,0,1,5.58414E+20,5.94191E+21,9.88319E+15,5.36227E+16
8178,1,0,55,33,2018,12,10,6,3,2,6,0,0,1,0,0,0,1,1,6.24251E+20,6.0177E+21,1.0909E+16,5.42921E+16
8179,1,0,61,11,2018,11,21,5,2,8,1,2,0,1,0,0,0,0,1,5.22694E+20,5.99063E+21,9.34673E+15,5.40634E+16
8180,1,0,2,0,2018,12,8,6,3,6,2,1,0,1,1,0,0,0,1,5.73146E+20,6.02103E+21,1.01249E+16,5.43319E+16
8181,1,0,57,68,2018,11,22,3,2,8,1,2,0,1,0,0,0,0,1,5.75252E+20,5.99314E+21,1.01503E+16,5.4081E+16
8182,1,0,56,49,2018,11,9,2,3,5,2,0,1,1,0,0,0,0,0,5.43801E+20,5.94848E+21,9.66319E+15,5.36832E+16
8183,1,0,2,0,2018,10,14,5,3,5,2,0,1,1,0,0,0,0,0,5.7331E+20,6.02013E+21,1.01272E+16,5.43237E+16
8184,2,1,14,132,2018,4,8,2,3,2,6,0,0,0,0,1,1,1,0,5.68484E+20,5.93293E+21,1.00334E+16,5.35408E+16
8185,1,0,60,34,2018,10,15,3,2,9,1,0,0,1,0,0,0,0,0,5.72734E+20,5.97118E+21,1.01066E+16,5.3884E+16
8186,2,7,14,715,2018,1,14,3,3,6,7,0,0,1,1,0,0,0,0,5.55656E+20,5.92512E+21,9.8385E+15,5.34722E+16
8187,1,0,54,42,2018,12,12,1,3,2,6,0,0,1,0,0,0,0,0,5.01862E+20,6.04173E+21,9.02877E+15,5.45231E+16
8188,1,0,3,0,2018,12,8,3,3,3,6,1,0,1,0,0,0,0,1,6.11342E+20,5.96919E+21,1.0693E+16,5.38593E+16
8189,1,0,56,1,2018,12,20,6,3,2,6,2,0,1,0,0,0,1,1,5.49604E+20,5.9459E+21,9.75063E+15,5.36595E+16
8190,1,0,53,32,2018,11,16,3,3,6,7,0,0,1,1,0,0,0,0,5.90795E+20,5.92203E+21,1.03669E+16,5.34395E+16
8191,1,0,2,0,2018,12,3,7,3,3,6,2,1,0,0,0,0,0,0,5.73325E+20,6.02025E+21,1.01274E+16,5.43248E+16
8192,2,1,16,136,2018,3,18,2,2,2,6,2,0,1,0,0,0,0,1,5.68522E+20,5.92974E+21,1.00333E+16,5.35121E+16
8193,1,0,58,163,2018,10,14,7,3,0,6,0,1,1,0,0,0,0,0,5.57762E+20,5.99958E+21,9.8842E+15,5.41411E+16
8194,1,0,58,122,2018,12,6,3,3,2,6,2,0,1,0,0,0,0,1,5.51605E+20,6.01866E+21,9.79324E+15,5.43132E+16
8195,1,0,55,33,2018,11,17,2,3,5,3,2,1,1,0,0,0,0,1,6.22919E+20,6.0175E+21,1.08885E+16,5.42906E+16
8196,1,0,2,0,2018,12,14,5,3,2,6,0,0,1,0,0,0,1,0,5.71162E+20,6.02386E+21,1.0095E+16,5.43576E+16
8197,1,0,56,15,2018,10,14,7,3,5,3,0,0,1,0,0,0,0,0,5.45075E+20,5.95799E+21,9.68387E+15,5.37686E+16
8198,2,1,19,140,2018,3,13,4,3,3,6,0,0,1,0,0,0,0,1,5.61532E+20,5.93092E+21,9.92815E+15,5.35236E+16
8199,1,0,57,13,2018,11,17,6,3,8,6,2,0,1,0,0,0,0,0,6.01745E+20,6.0114E+21,1.05613E+16,5.42404E+16
8200,1,0,59,18,2018,10,17,3,2,4,6,2,0,1,0,0,1,0,1,5.35319E+20,6.03654E+21,9.54505E+15,5.44753E+16
8201,1,0,58,86,2018,12,17,5,3,2,7,2,0,1,0,0,0,0,1,5.43586E+20,6.00982E+21,9.6687E+15,5.42345E+16
8202,1,0,59,44,2018,11,18,2,3,5,3,2,1,1,0,0,0,0,1,5.25046E+20,6.04549E+21,9.38727E+15,5.45563E+16
8203,1,0,58,139,2018,10,15,4,3,8,7,0,0,1,0,0,1,0,0,5.66407E+20,6.01003E+21,1.00188E+16,5.4234E+16
8204,2,1,16,136,2018,4,17,4,3,3,6,0,0,1,0,0,1,0,0,5.68495E+20,5.92749E+21,1.00324E+16,5.34919E+16
8205,1,0,56,48,2018,10,7,2,3,2,6,0,0,1,0,0,1,0,0,5.49872E+20,5.95227E+21,9.75572E+15,5.37167E+16
8206,2,1,4,111,2018,1,17,3,3,2,6,1,0,1,0,0,0,0,1,5.63861E+20,5.9347E+21,9.96406E+15,5.35573E+16
8207,1,0,2,0,2018,10,16,7,3,0,1,0,1,0,0,0,0,0,0,5.75886E+20,6.01993E+21,1.01667E+16,5.43215E+16
8208,1,0,3,0,2018,12,20,4,2,0,1,2,1,0,0,0,0,0,1,6.11641E+20,5.96875E+21,1.06973E+16,5.38552E+16
8209,1,0,4,0,2018,11,6,2,3,0,3,2,1,1,0,0,0,0,1,5.64793E+20,5.99128E+21,9.99004E+15,5.40657E+16
8210,1,0,2,0,2018,10,16,7,3,0,2,0,1,1,0,0,0,0,0,5.72783E+20,6.0201E+21,1.01191E+16,5.43235E+16
8211,1,0,62,87,2018,11,11,7,3,0,7,0,1,0,0,0,0,0,0,5.99878E+20,5.97082E+21,1.05193E+16,5.38763E+16
8212,1,0,51,47,2018,12,4,1,2,9,1,2,0,1,0,0,0,0,1,5.02236E+20,6.01257E+21,9.03433E+15,5.42611E+16
8213,1,0,1,0,2018,11,14,5,3,5,3,0,0,1,0,0,0,0,0,5.26672E+20,6.07E+21,9.41466E+15,5.47765E+16
8214,1,0,56,15,2018,11,11,5,3,2,2,0,0,1,0,0,0,0,1,5.42741E+20,5.95633E+21,9.64823E+15,5.37539E+16
8215,1,0,2,0,2018,11,5,1,3,2,6,2,0,1,0,0,0,0,0,5.71434E+20,6.02063E+21,1.00985E+16,5.43286E+16