OBJECTID_1,ULAND,UREGBEZ,UKREIS,UGEMEINDE,UJAHR,UMONAT,USTUNDE,UWOCHENTAG,UKATEGORIE,UART,UTYP1,ULICHTVERH,IstRad,IstPKW,IstFuss,IstKrad,IstGkfz,IstSonstig,STRZUSTAND,LINREFX,LINREFY,XGCSWGS84,YGCSWGS84
8405,2,3,7,319,2018,7,17,7,3,5,3,0,0,1,0,0,0,0,0,5.60251E+20,5.94326E+21,9.91122E+15,5.36347E+16
8406,3,1,3,0,2018,1,15,1,3,4,7,0,0,1,0,0,0,0,0,6.2528E+20,5.80761E+21,1.08416E+16,5.24044E+16
8407,2,4,5,409,2018,11,14,4,3,5,5,0,1,1,0,0,0,0,0,5.66191E+20,5.93885E+21,1.00001E+16,5.35943E+16
8408,2,3,8,320,2018,12,11,2,3,3,6,0,0,1,0,0,1,0,1,5.60849E+20,5.94E+21,9.91962E+15,5.36053E+16
8409,3,2,41,14,2018,1,3,4,3,0,1,2,0,0,0,1,0,0,1,5.45349E+20,5.79829E+21,9.66553E+15,5.23331E+16
8410,2,3,9,321,2018,7,7,2,3,3,2,0,0,1,0,0,0,0,0,5.61466E+20,5.93858E+21,9.92866E+15,5.35924E+16
8411,2,4,5,412,2018,8,15,2,2,3,2,0,1,1,0,0,0,0,0,5.67402E+20,5.93789E+21,1.00182E+16,5.35855E+16
8412,2,2,5,216,2018,9,16,2,3,3,2,0,1,1,0,0,0,0,0,5.60587E+20,5.93549E+21,9.91479E+15,5.35648E+16
8413,2,6,9,610,2018,6,9,1,3,2,6,0,0,1,0,0,0,0,0,5.72803E+20,5.92794E+21,1.00975E+16,5.34954E+16
8414,2,3,7,319,2018,9,11,1,3,2,6,0,0,1,0,0,0,0,0,5.6014E+20,5.94222E+21,9.90934E+15,5.36253E+16
8415,2,2,14,227,2018,6,9,7,3,3,6,0,0,1,0,0,0,0,0,5.49753E+20,5.93745E+21,9.75154E+15,5.35836E+16
8416,3,1,53,504,2018,1,7,7,3,4,1,1,0,1,0,0,0,0,2,5.94785E+20,5.74681E+21,1.03766E+16,5.1864E+16
8417,2,1,8,125,2018,11,14,3,3,2,6,0,0,1,0,0,0,1,1,5.70002E+20,5.93411E+21,1.00566E+16,5.35512E+16
8418,2,6,1,601,2018,12,7,5,3,3,2,1,1,0,0,0,0,1,0,5.7977E+20,5.92759E+21,1.02023E+16,5.34912E+16
8419,2,7,13,714,2018,10,13,5,3,5,3,0,1,1,0,0,0,0,1,5.58673E+20,5.92516E+21,9.88395E+15,5.34721E+16
8420,2,1,16,136,2018,7,15,1,3,8,7,0,0,1,0,0,0,0,0,5.70549E+20,5.92945E+21,1.00638E+16,5.35093E+16
8421,2,1,4,110,2018,8,17,3,3,2,6,0,1,0,0,0,1,0,0,5.63846E+20,5.93477E+21,9.96385E+15,5.35579E+16
8422,2,1,14,133,2018,9,19,6,2,3,6,1,0,1,0,1,0,0,0,5.68319E+20,5.93254E+21,1.00309E+16,5.35373E+16
8423,2,1,6,117,2018,6,16,1,3,5,2,0,1,1,0,0,0,0,0,5.67945E+20,5.93416E+21,1.00256E+16,5.35519E+16
8424,2,2,13,226,2018,8,7,6,3,3,6,0,0,1,0,0,0,0,0,5.52982E+20,5.93707E+21,9.80024E+15,5.35798E+16
8425,3,1,58,27,2018,1,10,3,2,9,1,0,0,1,0,0,0,0,1,6.20685E+20,5.77985E+21,1.07642E+16,5.21559E+16
8426,3,3,61,8,2018,1,20,5,3,2,6,2,0,1,0,0,1,0,1,5.10578E+20,5.88128E+21,9.15792E+15,5.30809E+16
8427,2,3,6,318,2018,11,17,6,3,2,6,2,0,1,0,0,0,0,1,5.62818E+20,5.94491E+21,9.95037E+15,5.36492E+16
8428,2,2,3,209,2018,6,17,1,3,6,4,0,0,0,1,0,0,1,0,5.62558E+20,5.93557E+21,9.94457E+15,5.35652E+16
8429,2,1,2,104,2018,10,17,5,3,2,6,1,0,1,0,1,0,0,0,5.68032E+20,5.932E+21,1.00264E+16,5.35325E+16
8430,2,4,7,417,2018,7,15,7,3,0,6,0,1,0,0,0,0,0,0,5.68282E+20,5.93519E+21,1.00309E+16,5.35611E+16
8431,2,3,8,320,2018,11,6,5,3,6,2,2,0,1,1,0,0,0,1,5.60108E+20,5.94194E+21,9.90881E+15,5.36228E+16
8432,2,4,6,414,2018,8,16,5,3,3,7,0,0,1,0,0,0,0,0,5.676E+20,5.93678E+21,1.00209E+16,5.35755E+16
8433,2,3,8,320,2018,12,11,4,3,2,6,0,0,1,0,0,0,0,1,5.60314E+20,5.9413E+21,9.91179E+15,5.36171E+16
8434,3,2,54,21,2018,1,6,5,2,6,4,2,0,1,1,0,0,0,1,5.66077E+20,5.78177E+21,9.96646E+15,5.21824E+16
8435,2,7,7,708,2018,10,5,7,3,2,6,2,0,0,0,0,1,1,0,5.63853E+20,5.92006E+21,9.96096E+15,5.34258E+16
8436,2,7,10,711,2018,6,18,7,3,2,6,0,0,1,0,0,0,1,0,5.63878E+20,5.92494E+21,9.96232E+15,5.34696E+16
8437,2,3,7,319,2018,9,14,7,3,2,6,0,0,1,0,0,0,0,0,5.6131E+20,5.94389E+21,9.92735E+15,5.36402E+16
8438,2,7,9,710,2018,6,9,7,3,3,6,0,0,1,0,0,0,0,0,5.61011E+20,5.92218E+21,9.9186E+15,5.34451E+16
8439,2,7,2,703,2018,7,11,4,3,2,6,0,0,1,0,0,0,0,0,5.67971E+20,5.92494E+21,1.0024E+16,5.34691E+16
8440,3,4,51,2,2018,1,16,7,3,6,4,1,0,1,1,0,0,0,0,4.33091E+20,5.8917E+21,7.99904E+15,5.31705E+16
8441,2,7,10,711,2018,11,7,7,3,9,1,1,0,1,0,0,0,0,1,5.61266E+20,5.92472E+21,9.92293E+15,5.34679E+16
8442,2,1,7,120,2018,7,18,1,3,4,2,0,0,1,0,1,0,0,0,5.68809E+20,5.935E+21,1.00388E+16,5.35594E+16
8443,2,1,1,102,2018,11,23,6,3,2,6,2,0,1,0,0,0,0,0,5.65333E+20,5.93366E+21,9.98605E+15,5.35478E+16
8444,2,7,13,714,2018,8,9,7,3,6,4,0,0,1,1,0,0,0,0,5.587E+20,5.92515E+21,9.88437E+15,5.34721E+16
8445,2,3,8,320,2018,12,19,6,3,5,3,2,0,1,0,0,1,0,1,5.60467E+20,5.94168E+21,9.91418E+15,5.36204E+16
8446,3,2,41,16,2018,1,8,5,3,5,3,0,0,1,0,0,0,0,1,5.6667E+20,5.7967E+21,9.97807E+15,5.23165E+16
8447,2,1,1,102,2018,10,16,3,3,2,6,1,0,1,0,0,0,0,0,5.65326E+20,5.93367E+21,9.98595E+15,5.35478E+16
8448,2,7,1,701,2018,6,20,7,3,5,3,0,1,1,0,0,0,0,0,5.64543E+20,5.92462E+21,9.97227E+15,5.34667E+16
8449,2,4,2,405,2018,10,17,3,2,4,6,0,0,1,0,0,0,0,0,5.6511E+20,5.93947E+21,9.98391E+15,5.36E+16
8450,2,3,7,319,2018,6,10,7,3,2,6,0,0,1,0,1,0,0,0,5.61699E+20,5.94461E+21,9.93338E+15,5.36466E+16
8451,2,1,16,136,2018,7,16,5,3,3,6,0,0,1,0,0,0,0,0,5.6764E+20,5.93033E+21,1.00201E+16,5.35176E+16
8452,3,4,54,45,2018,1,14,7,2,9,7,0,0,1,0,0,0,0,0,3.903E+20,5.80049E+21,7.38963E+15,5.23437E+16
8453,2,2,5,216,2018,11,17,3,3,5,3,2,0,1,0,0,1,0,0,5.60591E+20,5.93549E+21,9.91485E+15,5.35648E+16
8454,2,6,9,610,2018,12,7,6,3,2,6,2,0,1,0,0,0,0,0,5.74439E+20,5.92686E+21,1.01218E+16,5.34855E+16
8455,3,1,59,3,2018,1,7,4,3,9,1,2,0,1,0,0,0,0,1,6.01845E+20,5.71851E+21,1.04708E+16,5.16084E+16
8456,2,6,11,612,2018,7,5,1,3,2,6,0,0,1,0,0,0,0,0,5.71265E+20,5.9293E+21,1.00746E+16,5.35078E+16
8457,2,3,5,317,2018,8,9,2,3,5,3,0,1,1,0,0,0,0,0,5.64012E+20,5.93855E+21,9.96712E+15,5.35919E+16
8458,2,4,12,431,2018,9,17,7,3,3,6,1,0,1,0,0,0,0,0,5.66845E+20,5.94213E+21,1.00107E+16,5.36237E+16
8459,2,4,2,405,2018,6,13,7,3,2,6,0,0,1,0,0,0,0,0,5.65109E+20,5.93949E+21,9.98389E+15,5.36002E+16
8460,2,1,16,136,2018,9,12,6,3,3,6,0,0,1,0,0,1,0,0,5.6865E+20,5.92782E+21,1.00348E+16,5.34948E+16
8461,2,6,9,610,2018,6,16,6,2,0,7,0,0,0,0,1,0,1,0,5.76685E+20,5.92617E+21,1.01555E+16,5.3479E+16
8462,3,4,59,8,2018,1,5,3,3,2,6,2,0,1,0,0,0,0,1,4.40246E+20,5.7953E+21,8.12362E+15,5.23048E+16
8463,2,1,4,111,2018,6,16,5,3,2,2,0,1,1,0,0,0,0,0,5.63869E+20,5.93465E+21,9.96417E+15,5.35568E+16
8464,3,4,53,1,2018,1,19,6,3,4,7,2,0,1,0,1,0,0,1,4.15236E+20,5.89182E+21,7.73196E+15,5.31689E+16
8465,2,7,14,715,2018,11,10,2,3,1,6,0,0,1,0,0,0,0,1,5.54475E+20,5.92489E+21,9.82067E+15,5.34702E+16
8466,2,1,1,102,2018,12,11,5,3,5,3,0,1,1,0,0,0,0,1,5.6535E+20,5.93366E+21,9.98632E+15,5.35478E+16
8467,2,4,8,419,2018,10,7,4,3,3,7,2,0,1,0,0,0,0,1,5.67498E+20,5.9375E+21,1.00195E+16,5.3582E+16
8468,2,4,13,432,2018,7,17,6,3,3,5,0,0,1,0,1,0,0,0,5.65602E+20,5.94402E+21,9.99229E+15,5.36408E+16
8469,2,6,2,602,2018,8,11,1,3,5,2,0,0,1,0,0,0,0,0,5.80671E+20,5.92704E+21,1.02158E+16,5.34862E+16
8470,2,1,19,140,2018,9,11,4,3,3,6,0,0,1,0,0,1,0,0,5.61887E+20,5.93174E+21,9.93367E+15,5.35309E+16
8471,2,1,19,140,2018,8,14,5,3,2,3,0,0,1,0,0,1,0,1,5.61189E+20,5.93042E+21,9.92288E+15,5.35191E+16
8472,3,4,54,32,2018,1,4,2,2,6,4,2,0,1,1,0,0,0,1,3.85607E+20,5.81968E+21,7.31421E+15,5.25152E+16
8473,3,2,51,42,2018,1,6,5,3,8,7,2,0,1,0,0,0,0,1,4.73926E+20,5.85292E+21,8.61304E+15,5.28254E+16
8474,2,6,2,603,2018,11,14,5,3,6,7,0,0,1,1,0,0,0,0,5.80838E+20,5.92716E+21,1.02183E+16,5.34872E+16
8475,2,7,1,702,2018,6,8,6,2,8,1,0,0,1,0,0,0,0,0,5.66087E+20,5.92534E+21,9.99569E+15,5.34729E+16
8476,2,2,13,226,2018,10,7,4,3,2,6,0,0,1,0,0,0,0,0,5.5212E+20,5.93715E+21,9.78725E+15,5.35806E+16
8477,2,2,14,227,2018,6,13,6,3,4,2,0,1,1,0,0,0,0,0,5.49737E+20,5.93746E+21,9.75131E+15,5.35837E+16
8478,2,1,15,134,2018,7,11,5,3,3,6,0,0,1,0,0,1,0,0,5.67799E+20,5.93141E+21,1.00228E+16,5.35272E+16
8479,2,6,9,610,2018,11,7,3,3,2,6,1,0,1,0,0,0,0,0,5.77894E+20,5.92568E+21,1.01736E+16,5.34743E+16
8480,2,7,1,701,2018,8,16,4,3,3,5,0,0,1,0,0,0,0,0,5.64656E+20,5.92457E+21,9.97396E+15,5.34661E+16
8481,2,7,10,711,2018,12,16,7,2,6,4,2,0,1,1,0,0,0,1,5.62752E+20,5.92509E+21,9.94538E+15,5.34711E+16
8482,3,1,2,0,2018,1,12,5,3,8,1,0,0,1,0,0,0,0,1,5.90436E+20,5.77695E+21,1.03214E+16,5.21356E+16
8483,2,7,14,715,2018,10,17,6,2,5,3,2,0,1,0,0,0,0,1,5.5465E+20,5.92494E+21,9.82332E+15,5.34706E+16
8484,2,6,10,611,2018,6,5,5,3,2,6,0,0,0,0,0,1,1,0,5.73532E+20,5.92997E+21,1.01089E+16,5.35135E+16
8485,2,1,16,136,2018,8,14,6,3,2,6,0,0,1,0,0,0,0,0,5.68846E+20,5.92823E+21,1.00379E+16,5.34985E+16
8486,2,7,10,711,2018,9,14,5,3,3,6,0,0,1,0,0,0,1,0,5.62436E+20,5.92509E+21,9.94064E+15,5.34711E+16
8487,2,1,19,140,2018,6,14,6,3,2,6,0,0,1,0,0,0,0,0,5.61048E+20,5.93028E+21,9.92074E+15,5.35179E+16
8488,2,1,14,132,2018,6,11,5,3,1,6,0,0,1,0,0,0,0,0,5.6831E+20,5.93293E+21,1.00308E+16,5.35409E+16
8489,2,7,14,715,2018,7,14,3,3,5,3,0,0,1,0,0,0,0,0,5.55177E+20,5.92504E+21,9.83127E+15,5.34714E+16
8490,2,1,3,107,2018,6,0,5,3,2,6,2,0,1,0,0,0,0,0,5.65214E+20,5.93371E+21,9.98427E+15,5.35482E+16
8491,3,4,58,3,2018,1,1,7,3,9,6,2,0,1,0,0,0,0,0,4.6172E+20,5.86293E+21,8.43072E+15,5.29147E+16
8492,2,1,7,119,2018,11,13,6,3,3,6,0,0,1,0,0,1,0,0,5.67969E+20,5.93433E+21,1.0026E+16,5.35534E+16
8493,2,1,16,136,2018,12,17,4,3,2,6,2,0,1,0,0,0,1,0,5.68897E+20,5.92837E+21,1.00387E+16,5.34997E+16
8494,2,1,6,117,2018,10,8,2,3,5,3,0,0,1,0,0,0,0,1,5.67974E+20,5.93409E+21,1.0026E+16,5.35513E+16
8495,2,1,6,117,2018,7,13,5,3,5,3,0,0,1,0,0,0,0,0,5.68008E+20,5.93411E+21,1.00265E+16,5.35515E+16
8496,2,6,10,611,2018,8,15,6,3,2,6,0,0,1,0,0,1,0,0,5.74308E+20,5.9306E+21,1.01208E+16,5.3519E+16
8497,2,7,1,701,2018,9,16,4,2,3,6,0,0,1,0,0,1,0,0,5.64423E+20,5.92469E+21,9.97049E+15,5.34672E+16
8498,2,4,7,417,2018,6,17,5,3,2,6,0,0,1,0,0,0,0,0,5.6818E+20,5.9351E+21,1.00293E+16,5.35604E+16
8499,2,7,2,703,2018,9,13,3,2,2,6,0,0,1,0,0,1,0,0,5.68176E+20,5.92385E+21,1.00268E+16,5.34592E+16
8500,3,4,60,6,2018,1,16,3,3,3,6,1,0,1,0,0,0,1,0,4.43319E+20,5.83431E+21,8.16204E+15,5.26558E+16
8501,3,2,41,5,2018,1,17,6,3,2,6,2,0,1,0,0,0,0,0,5.42082E+20,5.80887E+21,9.61892E+15,5.24284E+16
8502,2,3,6,318,2018,11,15,2,2,4,6,0,0,1,0,0,0,0,1,5.62442E+20,5.94173E+21,9.94404E+15,5.36206E+16
8503,2,4,4,407,2018,12,9,3,3,1,6,0,0,1,0,0,0,0,1,5.65592E+20,5.94026E+21,9.99135E+15,5.3607E+16
8504,2,1,7,120,2018,10,13,2,3,0,6,0,0,1,0,0,0,1,0,5.68025E+20,5.93456E+21,1.00269E+16,5.35556E+16
8505,2,3,5,317,2018,7,11,5,3,0,6,0,1,0,1,0,0,0,0,5.63769E+20,5.93946E+21,9.96364E+15,5.36001E+16
8506,2,3,7,319,2018,12,22,6,2,6,2,2,0,1,1,0,0,0,0,5.60168E+20,5.94246E+21,9.90981E+15,5.36274E+16
8507,2,3,1,306,2018,6,15,4,3,4,2,0,1,1,0,0,0,0,0,5.63085E+20,5.93626E+21,9.95266E+15,5.35714E+16
8508,3,1,51,9,2018,1,17,4,3,5,3,2,0,1,0,0,0,0,1,6.07042E+20,5.81541E+21,1.05761E+16,5.24784E+16
8509,2,4,4,407,2018,7,0,6,2,6,4,2,0,1,1,1,0,0,0,5.66809E+20,5.94177E+21,1.00101E+16,5.36205E+16
8510,2,1,12,130,2018,8,13,7,3,3,6,0,0,1,0,0,0,0,0,5.75232E+20,5.93148E+21,1.01349E+16,5.35269E+16
8511,2,3,5,317,2018,9,17,6,2,6,4,0,0,1,1,0,0,0,0,5.64071E+20,5.93819E+21,9.96794E+15,5.35886E+16
8512,2,2,5,216,2018,6,15,5,2,5,2,0,1,0,0,0,0,1,0,5.59527E+20,5.93552E+21,9.8988E+15,5.35652E+16
8513,2,4,2,405,2018,9,8,5,3,1,6,0,0,1,0,0,0,0,0,5.65115E+20,5.93919E+21,9.98392E+15,5.35975E+16
8514,3,4,53,13,2018,1,5,3,3,8,1,2,0,1,0,0,0,0,0,4.12563E+20,5.88873E+21,7.69282E+15,5.31408E+16
8515,3,3,55,28,2018,1,7,6,3,8,1,1,0,1,0,0,0,0,1,5.85222E+20,5.90965E+21,1.02797E+16,5.33291E+16
8516,2,1,8,121,2018,11,9,2,3,5,3,0,0,1,0,0,0,0,1,5.68856E+20,5.93483E+21,1.00395E+16,5.35578E+16
8517,2,3,4,316,2018,12,8,4,3,4,2,0,1,1,0,0,0,0,0,5.63703E+20,5.93699E+21,9.96214E+15,5.35779E+16
8518,2,2,7,219,2018,10,17,4,3,3,6,0,0,1,0,0,0,1,0,5.59439E+20,5.9343E+21,9.89724E+15,5.35542E+16
8519,2,6,2,603,2018,7,23,5,3,7,7,2,0,1,0,0,0,0,0,5.81713E+20,5.9273E+21,1.02316E+16,5.34883E+16
8520,2,3,1,304,2018,8,18,5,3,0,7,1,0,0,0,1,0,0,0,5.62515E+20,5.93639E+21,9.94408E+15,5.35726E+16
8521,3,3,51,26,2018,1,11,2,3,9,1,0,0,1,0,0,0,0,0,5.71957E+20,5.85561E+21,1.00684E+16,5.28454E+16
8522,3,3,53,40,2018,1,14,5,1,4,6,0,0,1,0,0,0,0,1,5.79021E+20,5.91684E+21,1.01884E+16,5.33947E+16
8523,2,2,5,215,2018,11,6,4,3,3,6,0,0,1,0,0,1,0,0,5.60624E+20,5.93769E+21,9.91577E+15,5.35845E+16
8524,2,2,1,206,2018,6,15,5,3,5,3,0,0,1,0,0,0,0,0,5.63568E+20,5.93502E+21,9.95969E+15,5.35602E+16
8525,2,3,9,321,2018,10,1,3,3,2,6,2,0,1,0,0,1,0,0,5.6107E+20,5.93884E+21,9.92274E+15,5.35948E+16
8526,2,7,10,711,2018,6,15,4,3,2,4,0,0,1,1,0,0,0,0,5.64621E+20,5.92458E+21,9.97344E+15,5.34663E+16
8527,2,4,3,406,2018,7,23,4,3,2,6,2,0,1,0,0,0,0,1,5.668E+20,5.94173E+21,1.00099E+16,5.36201E+16
8528,3,1,53,17,2018,1,7,2,3,5,3,1,0,1,0,0,0,0,0,5.9757E+20,5.75107E+21,1.04182E+16,5.19018E+16
8529,2,3,8,320,2018,11,23,7,3,2,6,2,0,1,0,0,0,0,0,5.59623E+20,5.94181E+21,9.90145E+15,5.36217E+16
8530,2,1,3,106,2018,8,8,2,3,3,6,0,1,0,0,0,0,0,1,5.64613E+20,5.93384E+21,9.97523E+15,5.35495E+16
8531,2,7,10,711,2018,12,14,6,3,5,3,0,1,1,0,0,0,0,1,5.63961E+20,5.92492E+21,9.96357E+15,5.34693E+16
8532,3,4,53,4,2018,1,16,4,3,2,2,2,0,1,0,0,0,0,1,4.35872E+20,5.8538E+21,8.04816E+15,5.28301E+16
8533,2,1,19,140,2018,10,16,5,3,2,6,0,0,1,0,0,0,0,0,5.61684E+20,5.93225E+21,9.93071E+15,5.35356E+16
8534,2,6,2,602,2018,6,16,4,3,3,2,0,1,1,0,0,0,0,0,5.79832E+20,5.92749E+21,1.02033E+16,5.34903E+16
8535,2,7,14,715,2018,8,16,5,3,2,6,0,0,1,0,0,0,0,0,5.55899E+20,5.92517E+21,9.84218E+15,5.34725E+16
8536,2,4,2,405,2018,8,10,5,3,3,2,0,1,0,0,0,1,0,0,5.65118E+20,5.93901E+21,9.98393E+15,5.35959E+16
8537,2,4,7,417,2018,9,7,4,3,3,2,0,1,1,0,0,0,0,0,5.68512E+20,5.93554E+21,1.00344E+16,5.35642E+16
8538,2,1,6,117,2018,6,20,5,3,0,1,0,0,0,0,1,0,0,0,5.67957E+20,5.93413E+21,1.00257E+16,5.35517E+16
8539,2,2,5,217,2018,6,16,4,3,1,7,0,1,1,0,0,0,0,0,5.57694E+20,5.93616E+21,9.87124E+15,5.35711E+16
8540,2,2,5,216,2018,7,22,3,3,0,7,2,0,1,0,0,0,1,0,5.60847E+20,5.93541E+21,9.9187E+15,5.35641E+16
8541,3,2,41,15,2018,1,17,7,3,5,3,2,1,1,0,0,0,0,0,5.4175E+20,5.80484E+21,9.61354E+15,5.23922E+16
8542,2,2,12,225,2018,11,15,5,3,3,2,0,1,1,0,0,0,0,0,5.54502E+20,5.93671E+21,9.82314E+15,5.35764E+16
8543,2,2,7,219,2018,12,11,3,3,2,6,0,0,0,0,0,1,0,0,5.60529E+20,5.93305E+21,9.91345E+15,5.35429E+16
8544,2,2,5,216,2018,10,14,2,3,5,2,0,1,1,0,0,0,0,0,5.60591E+20,5.93549E+21,9.91485E+15,5.35648E+16
8545,2,2,9,221,2018,7,10,4,3,2,6,0,0,0,0,0,0,1,0,5.56683E+20,5.93625E+21,9.85599E+15,5.3572E+16
8546,2,2,5,215,2018,8,9,6,3,2,6,0,0,1,0,0,0,1,0,5.60637E+20,5.93781E+21,9.916E+15,5.35857E+16
8547,2,2,3,208,2018,9,9,4,3,3,6,0,0,1,0,0,0,0,0,5.63066E+20,5.9352E+21,9.95215E+15,5.35619E+16
8548,2,2,5,217,2018,6,15,4,3,2,6,0,0,1,0,0,0,0,0,5.57692E+20,5.93616E+21,9.87121E+15,5.35711E+16
8549,2,1,3,107,2018,9,8,3,2,2,6,0,1,0,0,0,0,0,0,5.65215E+20,5.93371E+21,9.98428E+15,5.35482E+16
8550,3,3,59,38,2018,1,10,3,3,2,6,0,0,1,0,0,0,0,1,5.28853E+20,5.93851E+21,9.43595E+15,5.35946E+16
8551,3,2,54,22,2018,1,15,6,2,8,1,0,0,0,0,1,0,0,1,5.78819E+20,5.77558E+21,1.01513E+16,5.21251E+16
8552,2,3,9,321,2018,11,22,7,3,2,6,2,0,1,0,0,0,0,1,5.61818E+20,5.93754E+21,9.93378E+15,5.35831E+16
8553,2,3,8,320,2018,12,17,2,3,5,2,2,0,1,0,0,0,0,1,5.6003E+20,5.94139E+21,9.90752E+15,5.36178E+16
8554,2,2,5,215,2018,10,19,2,3,2,6,1,0,1,0,0,0,1,0,5.60606E+20,5.93815E+21,9.9156E+15,5.35887E+16
8555,2,7,10,711,2018,7,17,2,3,2,6,0,0,1,0,0,0,0,0,5.6003E+20,5.92504E+21,9.90438E+15,5.34709E+16
8556,2,1,2,104,2018,8,15,3,3,2,6,0,0,1,0,0,0,0,0,5.68064E+20,5.932E+21,1.00269E+16,5.35325E+16
8557,3,4,52,25,2018,1,13,4,3,8,1,0,0,0,0,0,1,0,1,4.14921E+20,5.92279E+21,7.71895E+15,5.34473E+16
8558,3,3,55,9,2018,1,21,5,3,6,1,2,0,1,1,0,0,0,1,6.18167E+20,5.90147E+21,1.07711E+16,5.32493E+16
8559,2,1,4,110,2018,11,14,6,3,0,6,0,0,1,0,0,0,1,0,5.6364E+20,5.93497E+21,9.96077E+15,5.35598E+16
8560,2,2,5,216,2018,6,14,4,3,1,6,0,0,1,0,1,0,0,0,5.59558E+20,5.93546E+21,9.89925E+15,5.35647E+16
8561,2,2,9,221,2018,10,22,6,3,1,6,2,0,1,0,0,0,0,0,5.55845E+20,5.93634E+21,9.84336E+15,5.35729E+16
8562,2,3,8,320,2018,6,8,4,3,4,2,0,1,1,0,0,0,0,0,5.60071E+20,5.94168E+21,9.90819E+15,5.36204E+16
8563,2,2,9,221,2018,7,7,1,3,3,6,0,0,1,0,0,0,1,0,5.5687E+20,5.93625E+21,9.85881E+15,5.3572E+16
8564,3,2,41,11,2018,1,18,1,3,2,6,2,0,1,0,0,0,0,0,5.70388E+20,5.80366E+21,1.00341E+16,5.23787E+16
8565,2,3,9,321,2018,11,9,5,3,4,2,0,0,1,0,0,0,1,1,5.61469E+20,5.93855E+21,9.92871E+15,5.35922E+16
8566,2,3,6,318,2018,12,16,3,3,2,6,2,0,1,0,0,0,0,0,5.63457E+20,5.94044E+21,9.95912E+15,5.3609E+16
8567,2,3,9,321,2018,8,22,4,2,5,2,2,0,1,0,1,0,0,0,5.61464E+20,5.93856E+21,9.92863E+15,5.35922E+16
8568,3,2,52,1,2018,1,4,2,3,9,1,2,0,1,0,0,0,0,0,5.1897E+20,5.76709E+21,9.27667E+15,5.20541E+16
8569,3,3,57,7,2018,1,14,5,3,9,1,0,0,1,0,0,0,0,1,5.06053E+20,5.90617E+21,9.09084E+15,5.33047E+16
8570,2,6,1,601,2018,11,8,2,3,2,6,0,0,1,0,0,0,1,1,5.76254E+20,5.93082E+21,1.01502E+16,5.35208E+16
8571,2,3,5,317,2018,6,14,4,3,5,2,0,1,1,0,0,0,0,0,5.63659E+20,5.93982E+21,9.96205E+15,5.36033E+16
8572,2,1,3,106,2018,10,15,7,3,2,6,0,0,1,0,0,0,0,0,5.64564E+20,5.93385E+21,9.97449E+15,5.35496E+16
8573,2,7,13,714,2018,6,5,3,2,1,5,1,0,1,0,1,0,0,0,5.59031E+20,5.92514E+21,9.88935E+15,5.34719E+16
8574,2,3,4,316,2018,7,9,3,3,3,2,0,1,1,0,0,0,0,1,5.63793E+20,5.93714E+21,9.96353E+15,5.35793E+16
8575,3,4,52,1,2018,1,8,1,3,9,7,1,0,1,0,0,0,0,0,4.00196E+20,5.92751E+21,7.4958E+15,5.34871E+16
8576,2,3,8,320,2018,11,19,6,3,3,6,2,0,1,0,0,1,0,0,5.60653E+20,5.94059E+21,9.91678E+15,5.36106E+16
8577,2,3,1,304,2018,8,17,7,3,5,3,0,1,1,0,0,0,0,0,5.62531E+20,5.93642E+21,9.94432E+15,5.35729E+16
8578,2,6,1,601,2018,12,10,4,3,6,4,0,0,1,1,0,0,0,1,5.79842E+20,5.92742E+21,1.02034E+16,5.34897E+16
8579,3,4,61,5,2018,1,6,4,3,8,1,2,0,1,0,0,0,0,1,4.51531E+20,5.91147E+21,8.27186E+15,5.33501E+16
8580,2,2,5,216,2018,10,19,4,3,2,6,1,0,1,0,0,0,0,0,5.59531E+20,5.93514E+21,9.89878E+15,5.35618E+16
8581,2,7,2,703,2018,6,7,3,3,2,2,0,0,1,0,0,1,0,0,5.66176E+20,5.92356E+21,9.99665E+15,5.34569E+16
8582,2,1,7,119,2018,8,13,4,3,1,6,0,0,1,0,0,0,1,0,5.67946E+20,5.9343E+21,1.00256E+16,5.35532E+16
8583,2,1,7,119,2018,8,8,3,3,2,6,0,0,1,0,0,0,0,0,5.67958E+20,5.93424E+21,1.00258E+16,5.35526E+16
8584,2,1,14,132,2018,9,9,3,3,3,6,0,0,1,0,0,1,0,0,5.68465E+20,5.93303E+21,1.00332E+16,5.35417E+16
8585,2,2,9,221,2018,6,14,3,3,2,6,0,1,0,0,0,0,0,0,5.55846E+20,5.93634E+21,9.84336E+15,5.35729E+16
8586,2,2,5,215,2018,7,19,2,3,5,3,0,0,1,0,0,0,1,0,5.61141E+20,5.93539E+21,9.92314E+15,5.35638E+16
8587,3,2,57,32,2018,1,17,7,3,0,3,2,0,1,0,0,0,0,0,5.23856E+20,5.79748E+21,9.35005E+15,5.23271E+16
8588,2,1,7,120,2018,11,8,4,3,4,2,0,1,1,0,0,0,0,0,5.68757E+20,5.93512E+21,1.0038E+16,5.35604E+16
8589,2,2,5,215,2018,12,9,2,3,5,3,0,1,1,0,0,0,0,1,5.6114E+20,5.93539E+21,9.92311E+15,5.35638E+16
8590,2,3,7,319,2018,10,11,7,3,5,3,0,1,1,0,0,0,0,0,5.60191E+20,5.94265E+21,9.91019E+15,5.36292E+16
8591,2,4,7,417,2018,7,9,3,3,0,5,0,0,1,0,0,0,1,0,5.68472E+20,5.93547E+21,1.00338E+16,5.35636E+16
8592,2,3,8,320,2018,8,11,5,3,4,2,0,0,1,0,0,0,0,0,5.60032E+20,5.9414E+21,9.90755E+15,5.3618E+16
8593,2,7,10,711,2018,9,9,2,3,2,6,0,0,1,0,0,0,0,0,5.62789E+20,5.92509E+21,9.94594E+15,5.3471E+16
8594,2,2,7,219,2018,6,16,3,3,2,6,0,0,1,0,0,0,1,0,5.60757E+20,5.93299E+21,9.91687E+15,5.35423E+16