OBJECTID_1,ULAND,UREGBEZ,UKREIS,UGEMEINDE,UJAHR,UMONAT,USTUNDE,UWOCHENTAG,UKATEGORIE,UART,UTYP1,ULICHTVERH,IstRad,IstPKW,IstFuss,IstKrad,IstGkfz,IstSonstig,STRZUSTAND,LINREFX,LINREFY,XGCSWGS84,YGCSWGS84
8595,2,3,9,321,2018,9,17,2,3,2,2,0,0,1,0,0,0,0,0,5.61774E+20,5.93776E+21,9.93317E+15,5.35851E+16
8596,3,2,41,11,2018,1,16,3,3,4,6,0,0,1,0,0,0,1,1,5.76345E+20,5.80271E+21,1.01214E+16,5.23694E+16
8597,3,4,59,14,2018,1,14,5,3,8,1,0,0,0,0,0,1,0,1,4.28588E+20,5.80457E+21,7.95069E+15,5.23867E+16
8598,2,1,3,106,2018,11,19,7,3,4,3,2,0,1,0,0,0,0,1,5.64495E+20,5.93387E+21,9.97345E+15,5.35497E+16
8599,2,3,7,319,2018,6,18,3,3,2,6,0,0,1,0,0,0,0,0,5.61157E+20,5.94351E+21,9.92497E+15,5.36368E+16
8600,2,4,2,403,2018,12,10,2,3,9,1,0,0,1,0,0,0,0,1,5.65314E+20,5.93862E+21,9.98681E+15,5.35924E+16
8601,2,7,10,711,2018,10,19,6,3,5,3,2,1,1,0,0,0,0,0,5.61286E+20,5.92503E+21,9.92329E+15,5.34707E+16
8602,2,3,4,316,2018,7,22,2,2,4,2,2,0,1,0,1,0,0,0,5.64184E+20,5.93768E+21,9.96955E+15,5.3584E+16
8603,3,1,59,17,2018,1,7,2,3,4,2,2,0,1,0,0,0,0,0,5.49977E+20,5.6949E+21,9.71848E+15,5.14031E+16
8604,2,3,9,321,2018,11,13,6,3,2,6,0,0,1,0,0,0,0,0,5.61436E+20,5.93859E+21,9.92822E+15,5.35925E+16
8605,2,7,14,715,2018,8,14,2,3,2,6,0,0,1,0,0,0,1,1,5.57438E+20,5.92508E+21,9.86535E+15,5.34715E+16
8606,2,1,1,101,2018,12,14,1,3,5,7,0,0,1,0,0,0,0,0,5.66064E+20,5.93364E+21,9.99708E+15,5.35475E+16
8607,3,2,41,21,2018,1,18,5,3,6,4,2,0,1,1,0,0,0,1,5.29238E+20,5.80853E+21,9.42999E+15,5.24262E+16
8608,2,2,13,226,2018,10,17,3,3,3,6,2,0,1,0,0,0,0,0,5.5259E+20,5.93715E+21,9.79433E+15,5.35806E+16
8609,2,4,2,405,2018,6,16,3,3,0,1,0,1,0,0,0,0,0,0,5.65697E+20,5.93866E+21,9.9926E+15,5.35927E+16
8610,2,1,4,111,2018,10,23,4,3,5,7,2,0,1,0,0,0,0,1,5.64027E+20,5.93418E+21,9.96645E+15,5.35526E+16
8611,2,1,1,102,2018,6,0,3,3,3,6,2,0,1,0,0,1,0,0,5.66041E+20,5.93364E+21,9.99674E+15,5.35475E+16
8612,2,3,9,321,2018,7,15,6,3,0,6,0,0,1,0,1,0,0,0,5.6101E+20,5.93958E+21,9.92198E+15,5.36015E+16
8613,2,4,5,409,2018,6,18,3,3,6,4,0,0,0,1,0,0,1,0,5.66089E+20,5.93887E+21,9.99857E+15,5.35945E+16
8614,2,7,14,715,2018,6,20,6,3,5,3,0,0,1,0,0,0,0,1,5.55674E+20,5.92513E+21,9.83878E+15,5.34722E+16
8615,3,4,4,0,2018,1,11,7,3,2,6,0,0,1,0,0,0,0,0,4.3123E+20,5.79845E+21,7.99076E+15,5.23321E+16
8616,2,2,5,215,2018,11,16,4,3,2,6,1,0,1,0,0,0,0,0,5.61784E+20,5.93537E+21,9.93283E+15,5.35636E+16
8617,2,1,4,110,2018,12,8,2,3,3,2,2,1,1,0,0,0,0,0,5.63704E+20,5.93491E+21,9.96172E+15,5.35592E+16
8618,3,2,41,16,2018,1,7,4,3,5,2,1,1,1,0,0,0,0,1,5.65707E+20,5.79663E+21,9.96394E+15,5.2316E+16
8619,2,2,5,216,2018,7,17,2,3,2,6,0,0,1,0,0,0,0,0,5.59827E+20,5.93626E+21,9.90346E+15,5.35718E+16
8620,2,2,12,225,2018,8,20,2,2,8,1,2,0,1,0,0,0,0,1,5.54421E+20,5.93673E+21,9.82192E+15,5.35766E+16
8621,2,6,2,602,2018,9,15,1,3,1,7,0,0,1,1,0,0,0,0,5.80238E+20,5.92722E+21,1.02093E+16,5.34878E+16
8622,2,7,9,710,2018,6,18,2,2,3,6,0,0,1,0,0,1,1,0,5.61437E+20,5.92127E+21,9.92484E+15,5.34369E+16
8623,2,7,13,714,2018,9,15,7,2,8,7,0,0,1,0,0,1,0,0,5.58382E+20,5.92514E+21,9.87957E+15,5.3472E+16
8624,2,3,1,304,2018,6,11,7,3,2,6,0,0,1,0,0,0,1,0,5.62358E+20,5.93637E+21,9.94171E+15,5.35725E+16
8625,3,4,59,13,2018,1,7,6,3,4,2,2,0,1,0,0,0,0,1,4.53067E+20,5.80992E+21,8.30959E+15,5.24374E+16
8626,2,3,7,319,2018,11,7,3,3,2,6,1,0,1,0,0,0,0,1,5.61852E+20,5.94467E+21,9.93571E+15,5.36472E+16
8627,2,1,19,140,2018,12,16,5,3,2,6,2,0,1,0,0,0,0,1,5.61258E+20,5.93051E+21,9.92394E+15,5.35199E+16
8628,2,7,14,715,2018,10,22,4,3,2,6,2,0,1,0,0,0,0,0,5.57333E+20,5.92507E+21,9.86376E+15,5.34715E+16
8629,2,2,5,216,2018,7,11,1,3,3,6,0,0,1,0,0,0,0,0,5.59563E+20,5.93549E+21,9.89933E+15,5.35649E+16
8630,2,1,6,115,2018,8,18,2,3,2,6,0,0,1,0,0,0,0,0,5.68191E+20,5.93302E+21,1.0029E+16,5.35416E+16
8631,2,3,9,321,2018,9,17,6,2,2,6,0,0,1,0,0,0,0,0,5.621E+20,5.93683E+21,9.93789E+15,5.35766E+16
8632,3,3,55,22,2018,1,7,4,3,5,3,0,0,1,0,0,0,0,1,5.97498E+20,5.90272E+21,1.04618E+16,5.32648E+16
8633,2,3,1,304,2018,7,5,3,3,0,6,1,0,1,0,1,0,0,0,5.62773E+20,5.93648E+21,9.94799E+15,5.35734E+16
8634,2,1,1,102,2018,8,8,3,3,5,3,0,1,1,0,0,0,0,0,5.65923E+20,5.93362E+21,9.99495E+15,5.35474E+16
8635,2,1,11,129,2018,9,17,2,3,2,6,0,0,1,0,0,0,0,0,5.70991E+20,5.93516E+21,1.00718E+16,5.35605E+16
8636,2,6,2,603,2018,6,17,2,3,2,6,0,0,1,0,0,0,1,0,5.83822E+20,5.92553E+21,1.02629E+16,5.34721E+16
8637,2,1,6,117,2018,9,1,1,3,1,6,2,0,1,0,0,0,0,1,5.68305E+20,5.93341E+21,1.00308E+16,5.35451E+16
8638,2,7,14,715,2018,6,14,7,3,0,2,0,0,1,0,1,0,0,0,5.56418E+20,5.92519E+21,9.85E+15,5.34727E+16
8639,3,1,3,0,2018,1,14,7,2,8,1,0,0,1,0,0,0,0,0,6.25983E+20,5.80323E+21,1.08503E+16,5.23649E+16
8640,2,1,16,136,2018,11,7,3,3,2,6,0,0,1,0,0,0,0,1,5.70228E+20,5.92944E+21,1.0059E+16,5.35093E+16
8641,2,2,9,221,2018,12,18,6,2,5,3,2,0,1,0,0,0,0,1,5.55453E+20,5.93643E+21,9.83744E+15,5.35738E+16
8642,2,2,5,216,2018,10,5,6,3,2,6,2,0,1,0,0,0,0,0,5.59537E+20,5.93554E+21,9.89894E+15,5.35653E+16
8643,2,3,7,319,2018,7,16,2,3,5,2,0,0,1,0,1,0,0,0,5.59961E+20,5.94485E+21,9.90714E+15,5.3649E+16
8644,2,1,3,107,2018,8,22,4,3,6,7,2,1,0,1,0,0,0,0,5.65239E+20,5.9337E+21,9.98464E+15,5.35481E+16
8645,2,3,9,321,2018,9,0,1,3,2,6,2,0,1,0,0,0,0,0,5.61443E+20,5.93858E+21,9.92832E+15,5.35924E+16
8646,2,1,12,130,2018,6,10,2,3,2,6,0,0,0,0,0,1,0,0,5.75215E+20,5.93166E+21,1.01347E+16,5.35285E+16
8647,2,3,9,321,2018,9,13,7,3,4,2,0,0,1,0,0,0,0,0,5.61161E+20,5.93887E+21,9.92411E+15,5.35951E+16
8648,3,1,53,12,2018,1,16,3,3,3,6,1,0,1,0,0,1,0,1,5.77849E+20,5.74936E+21,1.01312E+16,5.18896E+16
8649,3,4,60,2,2018,1,23,5,3,0,2,2,0,1,0,0,0,0,1,4.40916E+20,5.81635E+21,8.12972E+15,5.24941E+16
8650,2,4,8,418,2018,11,13,6,3,0,1,0,0,0,0,1,0,0,1,5.6748E+20,5.93695E+21,1.00192E+16,5.35771E+16
8651,2,2,9,221,2018,6,18,2,3,3,2,0,1,1,0,0,0,0,0,5.57289E+20,5.93621E+21,9.86513E+15,5.35717E+16
8652,2,3,5,317,2018,12,0,1,3,6,4,2,1,0,1,0,0,0,1,5.6407E+20,5.9382E+21,9.96793E+15,5.35887E+16
8653,2,3,4,316,2018,10,16,6,3,7,1,0,1,0,0,0,0,0,0,5.6413E+20,5.93785E+21,9.96877E+15,5.35856E+16
8654,2,4,7,417,2018,7,18,1,3,3,6,0,0,1,0,0,0,0,0,5.68395E+20,5.93533E+21,1.00326E+16,5.35623E+16
8655,2,1,14,132,2018,11,8,5,3,2,6,0,0,1,0,0,0,0,1,5.68456E+20,5.9331E+21,1.00331E+16,5.35423E+16
8656,2,3,7,319,2018,8,13,7,3,2,6,0,0,1,0,0,0,0,1,5.60976E+20,5.94266E+21,9.92206E+15,5.36292E+16
8657,2,2,3,209,2018,12,14,6,3,2,6,0,0,1,0,0,0,0,0,5.61974E+20,5.93539E+21,9.93571E+15,5.35638E+16
8658,3,2,41,1,2018,1,17,5,2,5,2,2,1,1,0,0,0,0,1,5.47491E+20,5.79926E+21,9.6971E+15,5.23415E+16
8659,2,7,1,702,2018,10,18,1,3,3,2,2,0,1,0,0,0,0,1,5.65677E+20,5.9236E+21,9.98913E+15,5.34573E+16
8660,2,2,6,218,2018,6,20,2,3,2,6,1,0,1,0,0,0,0,0,5.59524E+20,5.93552E+21,9.89875E+15,5.35652E+16
8661,2,1,11,128,2018,9,2,1,1,6,4,2,0,1,1,0,0,0,0,5.72048E+20,5.93328E+21,1.00873E+16,5.35435E+16
8662,2,2,3,209,2018,6,8,2,3,3,6,0,1,1,0,0,1,0,0,5.62699E+20,5.93529E+21,9.94664E+15,5.35627E+16
8663,2,4,8,418,2018,7,18,5,3,3,7,0,0,1,0,1,0,0,0,5.6796E+20,5.93627E+21,1.00263E+16,5.35709E+16
8664,2,4,6,415,2018,6,14,3,3,4,6,0,1,0,0,0,0,0,0,5.67902E+20,5.93636E+21,1.00254E+16,5.35717E+16
8665,3,4,52,7,2018,1,15,7,3,7,7,0,0,0,0,1,0,0,0,3.93881E+20,5.93882E+21,7.39684E+15,5.35874E+16
8666,2,7,2,703,2018,11,5,2,3,2,2,2,0,1,0,0,0,0,0,5.66317E+20,5.92348E+21,9.99874E+15,5.34561E+16
8667,2,4,4,407,2018,12,8,6,3,5,3,0,0,1,0,0,0,0,0,5.66307E+20,5.94114E+21,1.00023E+16,5.36149E+16
8668,3,1,59,16,2018,1,19,4,2,4,1,2,0,1,0,0,0,0,1,5.61925E+20,5.70785E+21,9.8925E+15,5.15184E+16
8669,2,7,9,710,2018,7,15,6,3,2,6,0,0,1,0,0,0,0,0,5.63775E+20,5.9225E+21,9.96028E+15,5.34476E+16
8670,2,1,16,136,2018,8,15,1,3,2,6,0,0,1,0,0,0,0,0,5.68729E+20,5.92798E+21,1.0036E+16,5.34963E+16
8671,2,6,1,601,2018,9,17,6,3,2,6,0,0,1,0,0,0,0,1,5.78502E+20,5.92923E+21,1.01837E+16,5.35061E+16
8672,2,1,2,104,2018,6,14,1,2,1,6,0,0,0,0,1,0,0,0,5.6813E+20,5.93219E+21,1.00279E+16,5.35342E+16
8673,2,3,4,316,2018,9,22,6,2,6,7,2,1,0,1,0,0,0,0,5.6384E+20,5.93725E+21,9.96427E+15,5.35803E+16
8674,2,6,2,603,2018,6,11,6,3,3,2,0,1,1,0,0,0,0,0,5.81036E+20,5.92721E+21,1.02213E+16,5.34876E+16
8675,3,4,54,18,2018,1,7,3,3,2,6,2,0,1,0,0,0,0,1,3.762E+20,5.84914E+21,7.1646E+15,5.27779E+16
8676,2,7,14,715,2018,6,19,4,2,5,7,0,0,1,0,1,0,0,0,5.57123E+20,5.92506E+21,9.86059E+15,5.34714E+16
8677,3,3,56,7,2018,1,20,6,2,4,7,2,0,1,0,0,0,0,1,4.84928E+20,5.89597E+21,8.7743E+15,5.32128E+16
8678,2,6,2,603,2018,11,6,2,3,2,6,2,0,1,0,0,0,0,1,5.80508E+20,5.92597E+21,1.02131E+16,5.34765E+16
8679,2,3,8,320,2018,12,10,4,3,3,6,0,0,1,0,0,1,0,0,5.607E+20,5.94046E+21,9.91746E+15,5.36094E+16
8680,2,3,8,320,2018,10,16,4,3,9,1,0,0,1,0,0,0,0,0,5.60892E+20,5.9399E+21,9.92025E+15,5.36044E+16
8681,2,2,5,216,2018,7,17,6,3,0,1,0,0,0,0,1,0,0,0,5.59435E+20,5.93555E+21,9.8974E+15,5.35655E+16
8682,2,7,14,715,2018,8,12,7,3,2,2,0,0,1,0,0,0,0,0,5.56121E+20,5.92519E+21,9.84553E+15,5.34727E+16
8683,2,1,1,102,2018,9,8,4,3,4,2,0,1,0,0,0,0,1,1,5.65921E+20,5.93362E+21,9.99492E+15,5.35474E+16
8684,2,4,1,402,2018,8,21,5,3,4,6,2,1,0,0,1,0,0,0,5.64233E+20,5.93769E+21,9.97028E+15,5.35842E+16
8685,3,3,61,13,2018,1,22,2,3,7,7,2,0,1,0,0,0,0,0,5.00946E+20,5.86991E+21,9.0141E+15,5.29788E+16
8686,3,4,58,5,2018,1,7,5,2,0,3,2,1,1,0,0,0,0,1,4.68439E+20,5.8823E+21,8.52874E+15,5.30892E+16
8687,2,3,5,317,2018,11,21,5,3,5,3,2,0,1,0,0,0,0,0,5.63676E+20,5.93974E+21,9.96229E+15,5.36026E+16
8688,2,3,9,321,2018,6,20,1,3,3,2,0,0,1,0,1,0,0,0,5.61638E+20,5.9382E+21,9.93119E+15,5.3589E+16
8689,2,4,2,403,2018,10,22,4,3,5,3,2,1,0,0,1,0,0,0,5.65107E+20,5.93852E+21,9.98367E+15,5.35915E+16
8690,2,7,14,715,2018,6,14,7,3,2,6,0,0,1,0,0,0,1,0,5.56451E+20,5.92519E+21,9.85049E+15,5.34727E+16
8691,2,2,6,218,2018,7,16,5,3,0,2,0,1,1,0,0,0,0,0,5.58082E+20,5.93604E+21,9.87708E+15,5.357E+16
8692,2,2,14,227,2018,6,11,3,3,2,6,0,0,1,0,0,0,0,0,5.49864E+20,5.93744E+21,9.75322E+15,5.35834E+16
8693,3,1,58,37,2018,1,15,2,3,2,2,0,0,1,0,0,0,0,0,6.03802E+20,5.77765E+21,1.05168E+16,5.21396E+16
8694,2,1,19,140,2018,11,6,2,3,0,1,2,0,0,0,1,0,0,1,5.61753E+20,5.93222E+21,9.93174E+15,5.35353E+16
8695,2,2,9,221,2018,8,18,3,3,5,3,0,0,1,0,0,0,0,0,5.56525E+20,5.93626E+21,9.85361E+15,5.35721E+16
8696,2,2,5,216,2018,12,11,7,3,2,6,0,0,1,0,0,0,0,1,5.59683E+20,5.93548E+21,9.90114E+15,5.35648E+16
8697,3,4,52,24,2018,1,17,4,3,5,3,2,0,1,0,0,0,0,1,3.86256E+20,5.93179E+21,7.28425E+15,5.35228E+16
8698,2,2,3,208,2018,10,19,6,3,6,6,2,1,0,1,0,0,0,1,5.63192E+20,5.93516E+21,9.95406E+15,5.35615E+16
8699,2,4,5,409,2018,6,16,7,3,4,6,0,1,1,0,0,0,0,0,5.66042E+20,5.93886E+21,9.99785E+15,5.35944E+16
8700,2,3,8,320,2018,8,11,6,3,2,6,0,0,1,0,1,0,0,0,5.60682E+20,5.94058E+21,9.91721E+15,5.36105E+16
8701,2,1,3,106,2018,8,19,6,3,2,6,1,0,1,0,0,0,0,0,5.64724E+20,5.93383E+21,9.9769E+15,5.35494E+16
8702,2,3,9,321,2018,6,1,7,2,4,2,2,0,1,0,0,0,0,0,5.61159E+20,5.93887E+21,9.92409E+15,5.35951E+16
8703,2,1,16,136,2018,8,7,5,2,0,1,0,0,0,0,1,0,0,1,5.67929E+20,5.93029E+21,1.00245E+16,5.35171E+16
8704,3,1,53,2,2018,1,11,3,3,8,1,0,0,1,0,0,0,0,1,6.06826E+20,5.75255E+21,1.05531E+16,5.19134E+16
8705,3,3,61,12,2018,1,18,5,3,0,3,2,1,1,0,0,0,0,1,5.15688E+20,5.86281E+21,9.23331E+15,5.29147E+16
8706,2,3,4,316,2018,11,11,6,3,0,3,0,1,0,0,0,0,1,0,5.64177E+20,5.93771E+21,9.96944E+15,5.35843E+16
8707,2,1,16,136,2018,6,13,6,2,2,6,0,0,1,0,1,0,1,0,5.68922E+20,5.92847E+21,1.00391E+16,5.35007E+16
8708,2,3,1,306,2018,10,16,5,3,1,5,0,1,1,0,0,0,1,0,5.6351E+20,5.93657E+21,9.95914E+15,5.35742E+16
8709,2,2,3,209,2018,6,10,6,3,2,6,0,0,1,0,0,0,0,0,5.62395E+20,5.93537E+21,9.94206E+15,5.35635E+16
8710,2,7,2,703,2018,7,13,6,3,2,6,0,0,1,0,0,0,0,0,5.6797E+20,5.92494E+21,1.0024E+16,5.34691E+16
8711,2,1,1,102,2018,11,11,5,3,5,3,0,0,1,0,0,0,1,1,5.66039E+20,5.93364E+21,9.99671E+15,5.35475E+16
8712,2,3,7,319,2018,8,11,5,3,2,6,0,0,1,0,0,0,1,0,5.61355E+20,5.94404E+21,9.92806E+15,5.36415E+16
8713,2,2,3,208,2018,12,21,4,3,6,4,2,0,0,1,0,0,1,0,5.62823E+20,5.93525E+21,9.9485E+15,5.35623E+16
8714,3,1,59,29,2018,1,20,5,3,9,6,2,0,1,0,0,0,0,1,5.60943E+20,5.70544E+21,9.87793E+15,5.14968E+16
8715,2,7,9,710,2018,10,6,7,3,2,6,2,0,1,0,0,1,0,1,5.61226E+20,5.92152E+21,9.92171E+15,5.34391E+16
8716,2,7,10,711,2018,6,6,5,3,5,3,0,0,1,0,0,0,0,0,5.59339E+20,5.92512E+21,9.89398E+15,5.34718E+16
8717,2,4,8,418,2018,9,17,6,3,2,6,0,0,1,0,1,0,0,1,5.67639E+20,5.93672E+21,1.00215E+16,5.3575E+16
8718,2,1,6,115,2018,6,5,5,3,2,6,0,0,1,0,0,0,0,0,5.67107E+20,5.93369E+21,1.00128E+16,5.35478E+16
8719,2,1,6,117,2018,7,13,4,3,6,4,0,1,0,1,0,0,0,0,5.67953E+20,5.93313E+21,1.00255E+16,5.35427E+16
8720,2,1,3,107,2018,6,17,3,3,2,6,0,0,1,0,0,0,0,0,5.65199E+20,5.93371E+21,9.98404E+15,5.35483E+16
8721,3,4,3,0,2018,1,18,7,3,2,6,2,0,1,0,0,0,0,1,4.47728E+20,5.88631E+21,8.21886E+15,5.31236E+16
8722,2,1,1,101,2018,11,11,7,3,2,6,0,0,1,0,0,0,0,0,5.66355E+20,5.93365E+21,1.00015E+16,5.35475E+16
8723,2,1,6,115,2018,12,18,5,3,5,3,2,1,1,0,0,0,0,0,5.67313E+20,5.93345E+21,1.00159E+16,5.35457E+16
8724,2,7,7,708,2018,7,11,5,3,2,6,0,0,1,0,0,0,0,0,5.6385E+20,5.92007E+21,9.9609E+15,5.34258E+16
8725,2,4,2,405,2018,8,12,7,3,9,1,0,0,1,0,0,0,0,1,5.65111E+20,5.93946E+21,9.98391E+15,5.35999E+16
8726,2,7,14,715,2018,9,18,5,3,2,6,0,0,1,0,0,0,0,0,5.55901E+20,5.92517E+21,9.84221E+15,5.34725E+16
8727,2,2,12,225,2018,6,19,5,3,5,3,0,1,1,0,0,0,0,0,5.54231E+20,5.93677E+21,9.81905E+15,5.3577E+16
8728,2,3,5,317,2018,9,15,4,3,5,3,0,1,0,0,0,0,0,0,5.63973E+20,5.9388E+21,9.96659E+15,5.35941E+16
8729,3,4,53,5,2018,1,10,3,2,5,3,0,0,1,0,0,1,0,0,4.39796E+20,5.8552E+21,8.10614E+15,5.28432E+16
8730,3,2,41,1,2018,1,9,6,3,6,7,0,0,1,1,0,0,0,1,5.5431E+20,5.8077E+21,9.79856E+15,5.24169E+16
8731,2,3,9,321,2018,11,11,2,3,3,6,0,0,1,0,1,0,0,1,5.61426E+20,5.93862E+21,9.92807E+15,5.35928E+16
8732,2,1,15,134,2018,12,17,3,3,6,4,2,0,1,1,0,0,0,0,5.6792E+20,5.93179E+21,1.00247E+16,5.35306E+16
8733,2,7,10,711,2018,10,13,2,3,5,2,0,1,1,0,0,0,0,0,5.62153E+20,5.92507E+21,9.93637E+15,5.3471E+16
8734,2,1,12,130,2018,7,7,5,3,2,6,0,0,1,0,0,0,0,0,5.75263E+20,5.93177E+21,1.01354E+16,5.35295E+16
8735,2,2,1,206,2018,8,12,5,3,2,6,0,0,1,0,0,0,1,1,5.63553E+20,5.93502E+21,9.95947E+15,5.35602E+16
8736,3,2,41,1,2018,1,2,2,2,6,4,2,0,1,1,0,0,0,1,5.50065E+20,5.80595E+21,9.73588E+15,5.24015E+16
8737,3,3,59,39,2018,1,10,5,3,2,6,0,0,1,0,0,0,0,1,5.40288E+20,5.93472E+21,9.60823E+15,5.35598E+16
8738,2,1,4,111,2018,11,14,4,3,5,3,0,1,1,0,0,0,0,0,5.6425E+20,5.93399E+21,9.96978E+15,5.35509E+16
8739,2,2,6,218,2018,6,19,5,3,5,2,0,1,1,0,0,0,0,0,5.59415E+20,5.93556E+21,9.8971E+15,5.35655E+16
8740,2,4,8,418,2018,10,17,2,3,4,6,1,1,0,0,0,0,0,0,5.67697E+20,5.93664E+21,1.00224E+16,5.35742E+16
8741,2,3,4,316,2018,6,5,5,3,5,3,0,1,0,0,0,0,0,0,5.64162E+20,5.93769E+21,9.96921E+15,5.35841E+16
8742,2,3,1,306,2018,7,18,4,3,2,6,0,0,1,0,0,0,1,1,5.63517E+20,5.93659E+21,9.95924E+15,5.35743E+16
8743,2,1,1,102,2018,6,8,3,3,4,6,0,1,0,0,0,0,0,0,5.65687E+20,5.9336E+21,9.99138E+15,5.35472E+16
8744,3,1,54,14,2018,1,10,2,2,2,6,0,0,1,0,0,1,0,0,6.12448E+20,5.79675E+21,1.06494E+16,5.23096E+16
8745,2,1,3,106,2018,11,19,7,3,3,6,2,0,1,0,0,0,1,0,5.64275E+20,5.93397E+21,9.97016E+15,5.35507E+16
8746,2,7,2,703,2018,8,12,7,3,2,6,0,0,1,0,0,0,0,0,5.68315E+20,5.92299E+21,1.00287E+16,5.34515E+16
8747,2,2,9,221,2018,12,16,6,3,6,2,2,0,1,1,0,0,0,1,5.57293E+20,5.93621E+21,9.8652E+15,5.35717E+16
8748,3,3,61,12,2018,1,16,4,3,6,4,2,0,1,1,0,0,0,1,5.1535E+20,5.8639E+21,9.22834E+15,5.29246E+16
8749,2,1,12,130,2018,10,9,4,3,2,6,0,0,1,0,0,0,0,1,5.75081E+20,5.93157E+21,1.01326E+16,5.35277E+16
8750,2,2,3,208,2018,6,16,5,3,5,2,0,0,1,0,1,0,0,0,5.62844E+20,5.93524E+21,9.94882E+15,5.35623E+16
8751,2,1,6,117,2018,8,7,5,3,5,3,0,1,1,0,0,0,0,0,5.68012E+20,5.9341E+21,1.00266E+16,5.35514E+16
8752,2,2,5,215,2018,8,13,4,3,8,7,0,0,1,0,0,0,0,0,5.61403E+20,5.93537E+21,9.92708E+15,5.35636E+16
8753,2,1,1,102,2018,9,14,4,3,3,6,0,0,1,0,1,0,0,0,5.65881E+20,5.93362E+21,9.99431E+15,5.35473E+16
8754,2,7,14,715,2018,6,16,4,3,5,2,0,1,0,0,0,0,1,0,5.55763E+20,5.92514E+21,9.84013E+15,5.34723E+16
8755,2,7,13,714,2018,7,11,2,3,1,6,0,0,1,0,0,0,1,0,5.58312E+20,5.92514E+21,9.87852E+15,5.3472E+16
8756,2,7,14,715,2018,6,17,2,3,5,3,0,1,1,0,0,0,0,0,5.56123E+20,5.92519E+21,9.84556E+15,5.34728E+16
8757,3,2,41,10,2018,1,11,7,3,0,1,0,1,0,0,0,0,0,0,5.5132E+20,5.80982E+21,9.75492E+15,5.24362E+16
8758,2,1,16,136,2018,11,17,4,3,3,6,2,0,1,0,0,1,0,0,5.70261E+20,5.92944E+21,1.00595E+16,5.35092E+16
8759,2,3,6,318,2018,12,11,3,2,0,1,0,0,0,0,1,0,0,1,5.63342E+20,5.94474E+21,9.95826E+15,5.36476E+16
8760,2,1,3,106,2018,10,15,2,3,2,6,0,0,1,0,0,0,1,0,5.6451E+20,5.93386E+21,9.97368E+15,5.35497E+16
8761,2,2,3,208,2018,7,10,4,3,3,2,0,1,1,0,0,0,0,0,5.62845E+20,5.93524E+21,9.94883E+15,5.35623E+16
8762,2,7,10,711,2018,8,14,5,3,2,6,0,0,1,0,0,0,0,0,5.63075E+20,5.92506E+21,9.95025E+15,5.34708E+16
8763,2,3,7,319,2018,9,15,3,3,2,6,0,0,1,0,0,1,0,0,5.62054E+20,5.94478E+21,9.93879E+15,5.36481E+16
8764,2,6,11,612,2018,6,5,3,3,3,6,0,0,1,0,0,1,0,0,5.72818E+20,5.92956E+21,1.0098E+16,5.35099E+16
8765,2,1,16,136,2018,9,13,2,3,9,7,0,0,1,0,0,0,0,0,5.67867E+20,5.92627E+21,1.00227E+16,5.3481E+16
8766,3,3,58,21,2018,1,11,3,3,2,6,0,0,1,0,0,0,0,1,5.61472E+20,5.86966E+21,9.91542E+15,5.2973E+16
8767,2,4,2,403,2018,9,14,5,3,5,3,0,0,1,0,0,0,0,0,5.65091E+20,5.93838E+21,9.98339E+15,5.35902E+16
8768,2,6,9,610,2018,6,14,3,3,0,7,0,0,1,0,0,0,0,0,5.76153E+20,5.92644E+21,1.01476E+16,5.34814E+16
8769,2,1,16,136,2018,7,9,3,3,1,6,0,0,1,0,0,0,0,0,5.68728E+20,5.92798E+21,1.0036E+16,5.34963E+16
8770,3,3,53,29,2018,1,17,7,3,5,2,2,0,1,0,0,0,0,0,5.61805E+20,5.91353E+21,9.92886E+15,5.33672E+16
8771,2,2,7,219,2018,11,16,6,3,2,6,1,0,1,0,0,0,0,0,5.60678E+20,5.93296E+21,9.91567E+15,5.3542E+16
8772,2,1,6,117,2018,12,15,4,3,3,6,0,0,1,0,1,0,0,1,5.68237E+20,5.93355E+21,1.00298E+16,5.35464E+16
8773,2,4,6,415,2018,10,14,2,3,2,6,0,0,1,0,1,0,0,0,5.67799E+20,5.93649E+21,1.00239E+16,5.35729E+16
8774,2,1,4,111,2018,7,19,5,3,6,3,0,1,0,1,0,0,0,0,5.63833E+20,5.93479E+21,9.96365E+15,5.35581E+16
8775,2,4,7,417,2018,8,16,6,3,6,4,0,0,1,1,0,0,0,0,5.68465E+20,5.9356E+21,1.00337E+16,5.35648E+16
8776,2,2,5,215,2018,9,11,4,3,3,6,0,0,1,0,0,1,0,0,5.60624E+20,5.93759E+21,9.91575E+15,5.35837E+16
8777,2,3,6,318,2018,6,19,3,3,5,3,0,1,1,0,0,0,0,0,5.63038E+20,5.9409E+21,9.95289E+15,5.36131E+16
8778,2,6,10,611,2018,9,8,3,3,2,6,0,0,1,0,0,0,0,0,5.73021E+20,5.92968E+21,1.01011E+16,5.3511E+16
8779,3,3,52,59,2018,1,15,3,3,8,1,0,0,1,0,0,0,0,1,4.85487E+20,5.92061E+21,8.78154E+15,5.34343E+16
8780,3,1,55,11,2018,1,17,6,2,4,6,2,0,1,0,0,0,0,0,5.64477E+20,5.73324E+21,9.93395E+15,5.17463E+16
8781,2,3,8,320,2018,11,18,1,3,4,2,2,0,1,0,0,0,0,1,5.60071E+20,5.94168E+21,9.90819E+15,5.36204E+16
8782,2,1,4,111,2018,12,12,3,3,2,6,0,0,1,0,0,0,1,0,5.63835E+20,5.93479E+21,9.96368E+15,5.35581E+16
8783,2,3,8,320,2018,10,20,2,2,4,2,2,1,1,0,0,0,0,0,5.60033E+20,5.9414E+21,9.90756E+15,5.3618E+16