OBJECTID_1,ULAND,UREGBEZ,UKREIS,UGEMEINDE,UJAHR,UMONAT,USTUNDE,UWOCHENTAG,UKATEGORIE,UART,UTYP1,ULICHTVERH,IstRad,IstPKW,IstFuss,IstKrad,IstGkfz,IstSonstig,STRZUSTAND,LINREFX,LINREFY,XGCSWGS84,YGCSWGS84
8784,2,1,1,102,2018,7,17,4,2,3,7,0,1,1,0,0,0,0,0,5.65421E+20,5.93364E+21,9.98737E+15,5.35476E+16
8785,2,2,3,209,2018,8,11,4,3,3,2,0,1,1,0,0,0,0,0,5.62618E+20,5.93532E+21,9.94541E+15,5.3563E+16
8786,3,1,58,2,2018,1,0,2,3,4,6,2,0,1,0,0,0,0,1,5.84332E+20,5.77167E+21,1.02309E+16,5.20892E+16
8787,3,3,60,2,2018,1,8,5,2,6,4,0,0,1,1,0,0,0,1,6.06604E+20,5.88225E+21,1.05915E+16,5.3079E+16
8788,2,1,3,106,2018,11,14,2,3,4,2,0,0,1,0,0,0,1,0,5.64784E+20,5.93383E+21,9.9778E+15,5.35494E+16
8789,2,4,4,407,2018,6,20,3,2,5,3,0,1,1,0,0,0,0,0,5.65503E+20,5.94013E+21,9.98998E+15,5.36059E+16
8790,2,1,16,136,2018,10,13,6,3,2,6,0,0,1,0,0,0,0,0,5.68628E+20,5.92777E+21,1.00345E+16,5.34944E+16
8791,2,1,2,104,2018,6,10,2,3,3,6,0,0,1,0,0,1,0,0,5.68028E+20,5.93194E+21,1.00264E+16,5.3532E+16
8792,2,6,2,602,2018,7,17,2,3,2,6,0,0,1,0,0,0,1,0,5.80292E+20,5.92719E+21,1.02101E+16,5.34876E+16
8793,2,7,13,714,2018,6,19,2,3,5,2,0,0,1,0,0,1,0,1,5.59825E+20,5.92504E+21,9.9013E+15,5.3471E+16
8794,3,4,1,0,2018,1,18,1,3,6,2,2,0,1,1,0,0,0,0,4.75294E+20,5.87871E+21,8.63137E+15,5.30573E+16
8795,2,3,7,319,2018,11,8,6,3,5,3,0,0,1,0,0,1,0,0,5.60195E+20,5.94375E+21,9.91047E+15,5.36391E+16
8796,2,7,9,710,2018,8,13,6,3,2,6,0,0,1,0,0,0,0,0,5.63534E+20,5.92232E+21,9.95661E+15,5.34461E+16
8797,2,4,7,417,2018,12,18,4,2,5,3,2,0,1,0,0,0,0,1,5.6834E+20,5.93577E+21,1.00319E+16,5.35663E+16
8798,3,3,59,12,2018,1,12,4,3,4,2,0,0,1,0,0,0,0,1,5.36062E+20,5.93259E+21,9.54418E+15,5.3541E+16
8799,2,3,7,319,2018,10,21,4,2,3,6,2,0,1,0,0,0,0,1,5.61126E+20,5.94341E+21,9.92449E+15,5.36359E+16
8800,2,1,6,115,2018,6,9,2,3,6,4,0,0,1,1,0,0,0,0,5.67551E+20,5.93332E+21,1.00194E+16,5.35445E+16
8801,2,1,2,104,2018,7,8,3,3,3,6,0,1,0,0,0,0,0,0,5.68125E+20,5.93218E+21,1.00279E+16,5.35341E+16
8802,2,3,8,320,2018,8,19,3,3,5,3,0,0,1,0,0,1,0,0,5.60436E+20,5.94163E+21,9.91371E+15,5.362E+16
8803,2,7,7,708,2018,9,12,2,3,9,1,0,0,1,0,0,0,0,1,5.63819E+20,5.92007E+21,9.96045E+15,5.34258E+16
8804,2,4,4,407,2018,6,8,2,3,2,6,0,0,1,0,0,0,0,0,5.65373E+20,5.9399E+21,9.98796E+15,5.36038E+16
8805,2,1,12,130,2018,9,19,2,3,2,6,0,0,1,0,0,0,0,0,5.74273E+20,5.93595E+21,1.01215E+16,5.35671E+16
8806,2,2,5,215,2018,7,13,2,3,2,6,0,0,1,0,0,0,0,0,5.60581E+20,5.93724E+21,9.91504E+15,5.35805E+16
8807,3,2,55,23,2018,1,14,7,3,8,1,0,0,1,0,0,0,0,1,5.34712E+20,5.73396E+21,9.50291E+15,5.17555E+16
8808,2,3,7,319,2018,11,6,4,3,2,6,2,0,1,0,0,1,0,0,5.61258E+20,5.94378E+21,9.92655E+15,5.36392E+16
8809,2,2,3,209,2018,12,12,2,3,2,6,0,0,1,0,0,0,0,1,5.62446E+20,5.93535E+21,9.94283E+15,5.35633E+16
8810,2,1,14,132,2018,10,22,6,3,2,6,2,0,1,0,0,0,0,0,5.68406E+20,5.93287E+21,1.00323E+16,5.35403E+16
8811,2,4,6,415,2018,7,7,2,3,2,6,0,0,1,0,1,0,0,0,5.67824E+20,5.93646E+21,1.00243E+16,5.35726E+16
8812,2,7,10,711,2018,8,12,4,3,0,6,0,0,1,0,1,0,0,0,5.62434E+20,5.92509E+21,9.9406E+15,5.34711E+16
8813,2,3,9,321,2018,9,16,2,3,0,7,0,0,1,0,1,0,0,0,5.61609E+20,5.9383E+21,9.93078E+15,5.35899E+16
8814,2,2,3,209,2018,6,14,2,3,3,6,0,1,0,0,0,0,1,0,5.62047E+20,5.93539E+21,9.93681E+15,5.35637E+16
8815,2,7,10,711,2018,9,17,7,3,5,3,0,0,1,0,0,0,0,0,5.64528E+20,5.92463E+21,9.97205E+15,5.34667E+16
8816,3,2,56,36,2018,1,7,3,3,4,2,0,0,1,0,0,1,0,1,5.05602E+20,5.839E+21,9.0829E+15,5.27008E+16
8817,3,4,56,27,2018,1,19,5,3,2,6,2,0,1,0,1,0,0,1,3.77328E+20,5.7956E+21,7.20108E+15,5.22971E+16
8818,2,7,9,710,2018,11,17,6,3,4,6,2,0,1,0,0,0,1,0,5.63043E+20,5.92191E+21,9.94913E+15,5.34424E+16
8819,2,4,3,406,2018,6,20,1,2,3,7,0,0,1,0,1,0,0,0,5.66872E+20,5.94204E+21,1.00111E+16,5.36229E+16
8820,2,1,1,102,2018,12,17,2,3,5,3,2,1,1,0,0,0,0,1,5.65511E+20,5.93362E+21,9.98874E+15,5.35474E+16
8821,2,1,16,136,2018,10,12,6,3,2,6,0,0,1,0,0,0,1,0,5.68197E+20,5.92691E+21,1.00278E+16,5.34868E+16
8822,2,1,16,136,2018,7,10,1,3,2,6,0,0,1,0,0,0,1,0,5.68847E+20,5.92823E+21,1.00379E+16,5.34985E+16
8823,2,3,4,316,2018,11,15,6,3,0,3,0,1,1,0,0,0,0,0,5.64008E+20,5.93751E+21,9.96684E+15,5.35826E+16
8824,2,6,11,612,2018,8,10,1,3,2,6,0,0,1,0,0,0,0,0,5.71261E+20,5.92932E+21,1.00745E+16,5.3508E+16
8825,2,3,8,320,2018,12,16,6,3,2,6,2,0,1,0,0,0,0,1,5.60696E+20,5.94054E+21,9.91741E+15,5.36102E+16
8826,3,2,41,16,2018,1,16,5,3,5,3,1,1,1,0,0,0,0,1,5.6523E+20,5.79693E+21,9.957E+15,5.23188E+16
8827,2,3,1,307,2018,10,6,3,3,4,2,2,0,1,0,0,0,0,1,5.63312E+20,5.93615E+21,9.95606E+15,5.35704E+16
8828,2,3,1,306,2018,6,22,7,3,0,7,2,1,0,0,0,0,0,0,5.63497E+20,5.93654E+21,9.95894E+15,5.35739E+16
8829,2,1,7,120,2018,10,17,3,3,6,6,0,1,0,1,0,0,0,1,5.67997E+20,5.93446E+21,1.00264E+16,5.35546E+16
8830,3,1,57,9,2018,1,1,6,2,8,1,2,0,1,0,0,0,0,1,5.87451E+20,5.78977E+21,1.02811E+16,5.22514E+16
8831,2,3,8,320,2018,11,13,7,2,4,2,0,0,1,0,0,1,0,1,5.60071E+20,5.94167E+21,9.90819E+15,5.36204E+16
8832,2,3,7,319,2018,12,14,2,3,5,3,0,0,1,0,0,0,0,1,5.6023E+20,5.943E+21,9.91085E+15,5.36324E+16
8833,2,1,4,111,2018,10,10,2,3,3,2,0,1,0,0,0,0,1,0,5.63894E+20,5.93452E+21,9.96451E+15,5.35557E+16
8834,2,1,14,133,2018,7,16,2,3,5,3,0,0,0,0,0,0,1,0,5.68294E+20,5.93257E+21,1.00305E+16,5.35376E+16
8835,2,7,2,703,2018,11,12,6,3,2,6,0,0,1,0,0,1,0,0,5.68347E+20,5.92292E+21,1.00292E+16,5.34508E+16
8836,2,1,6,117,2018,8,8,3,3,3,6,0,0,1,0,0,0,0,0,5.67968E+20,5.93411E+21,1.00259E+16,5.35514E+16
8837,2,6,2,603,2018,12,13,2,3,2,6,0,0,1,0,0,0,0,1,5.81025E+20,5.92721E+21,1.02212E+16,5.34876E+16
8838,3,2,41,1,2018,1,19,5,3,3,2,2,1,1,0,0,0,0,1,5.51041E+20,5.80237E+21,9.74968E+15,5.23693E+16
8839,2,1,3,107,2018,11,18,5,3,2,6,2,0,1,0,0,0,0,0,5.65165E+20,5.93372E+21,9.98354E+15,5.35484E+16
8840,2,1,16,136,2018,6,12,6,3,2,6,0,0,1,0,0,0,0,0,5.68727E+20,5.92798E+21,1.0036E+16,5.34963E+16
8841,2,4,13,432,2018,10,14,5,3,8,1,0,0,1,0,0,0,0,1,5.6536E+20,5.94445E+21,9.98873E+15,5.36448E+16
8842,2,6,9,610,2018,6,7,6,3,3,6,0,0,1,0,0,1,0,0,5.7681E+20,5.92612E+21,1.01574E+16,5.34784E+16
8843,2,3,9,321,2018,7,18,7,3,3,6,0,0,1,0,0,0,1,0,5.61167E+20,5.93888E+21,9.92422E+15,5.35952E+16
8844,2,2,7,219,2018,6,12,2,3,2,6,0,0,1,0,0,0,0,0,5.60148E+20,5.93341E+21,9.90777E+15,5.35461E+16
8845,3,2,41,11,2018,1,12,1,3,2,6,0,0,1,0,0,0,0,0,5.71263E+20,5.80327E+21,1.00468E+16,5.23751E+16
8846,2,7,13,714,2018,11,6,4,3,4,7,2,0,1,0,0,0,1,0,5.58878E+20,5.92515E+21,9.88705E+15,5.3472E+16
8847,2,1,12,130,2018,12,8,2,3,2,6,0,0,1,0,0,0,0,1,5.742E+20,5.93196E+21,1.01194E+16,5.35313E+16
8848,3,2,41,17,2018,1,16,4,3,6,4,2,0,1,1,0,0,0,1,5.45426E+20,5.7879E+21,9.66526E+15,5.22396E+16
8849,2,4,7,417,2018,7,9,2,3,5,3,0,1,1,0,0,0,0,0,5.67965E+20,5.93494E+21,1.00261E+16,5.35589E+16
8850,2,7,9,710,2018,8,6,2,3,3,6,0,0,1,0,0,1,0,0,5.61036E+20,5.92214E+21,9.91897E+15,5.34447E+16
8851,2,3,8,320,2018,9,15,2,3,2,6,0,0,1,0,0,0,0,0,5.60426E+20,5.94161E+21,9.91354E+15,5.36198E+16
8852,2,4,5,410,2018,6,14,6,3,3,2,0,1,1,0,0,0,0,0,5.67065E+20,5.93838E+21,1.00132E+16,5.359E+16
8853,2,1,19,140,2018,9,11,1,3,2,6,0,0,1,0,0,0,0,0,5.61862E+20,5.93144E+21,9.93324E+15,5.35283E+16
8854,2,1,16,137,2018,6,11,7,3,2,6,0,0,1,0,0,0,0,0,5.66929E+20,5.93019E+21,1.00094E+16,5.35164E+16
8855,3,1,58,37,2018,1,13,7,3,5,3,0,1,1,0,0,0,0,1,6.05343E+20,5.7806E+21,1.05402E+16,5.21658E+16
8856,2,1,8,125,2018,11,17,3,3,2,6,2,0,1,0,0,0,1,1,5.69859E+20,5.93414E+21,1.00545E+16,5.35515E+16
8857,2,1,1,102,2018,12,17,6,3,1,6,1,0,1,0,0,1,0,1,5.65336E+20,5.93366E+21,9.9861E+15,5.35478E+16
8858,2,7,14,715,2018,10,15,5,3,2,6,0,0,1,0,0,0,0,0,5.56118E+20,5.92519E+21,9.84547E+15,5.34727E+16
8859,2,7,2,703,2018,7,20,1,3,2,6,0,0,1,0,1,0,0,0,5.66173E+20,5.92356E+21,9.9966E+15,5.34569E+16
8860,2,2,9,221,2018,8,8,3,3,1,6,0,0,1,0,0,0,0,0,5.55814E+20,5.93634E+21,9.84288E+15,5.3573E+16
8861,2,7,14,715,2018,9,9,7,3,5,3,0,1,1,0,0,0,0,0,5.55919E+20,5.92517E+21,9.84248E+15,5.34726E+16
8862,2,2,9,221,2018,6,10,6,3,5,7,0,0,1,0,0,0,0,0,5.56683E+20,5.93625E+21,9.85599E+15,5.3572E+16
8863,2,3,9,321,2018,8,10,6,3,2,6,0,0,1,0,0,0,0,0,5.60669E+20,5.93827E+21,9.91656E+15,5.35898E+16
8864,3,1,54,19,2018,1,15,3,3,2,2,0,0,1,0,0,0,0,1,6.34357E+20,5.78048E+21,1.09642E+16,5.21584E+16
8865,3,3,61,10,2018,1,11,5,3,2,6,0,0,1,0,0,0,0,1,4.96203E+20,5.86874E+21,8.94346E+15,5.29683E+16
8866,2,2,5,216,2018,11,19,6,3,3,2,2,1,0,0,0,0,1,1,5.59528E+20,5.93552E+21,9.89881E+15,5.35652E+16
8867,2,3,1,306,2018,6,19,6,3,5,3,0,1,1,0,0,0,0,0,5.62927E+20,5.9364E+21,9.9503E+15,5.35727E+16
8868,2,1,12,130,2018,10,13,5,3,2,6,0,0,1,0,0,0,1,0,5.75092E+20,5.93155E+21,1.01328E+16,5.35275E+16
8869,2,1,16,136,2018,7,19,7,3,8,1,0,0,1,0,0,0,1,0,5.70512E+20,5.92945E+21,1.00633E+16,5.35093E+16
8870,2,2,7,219,2018,11,11,5,3,2,6,0,0,0,0,0,1,0,0,5.60822E+20,5.93298E+21,9.91785E+15,5.35422E+16
8871,2,1,7,119,2018,8,10,5,3,2,6,0,0,1,0,0,0,0,0,5.67959E+20,5.93424E+21,1.00258E+16,5.35527E+16
8872,2,1,16,136,2018,12,11,4,3,2,6,0,0,1,0,0,0,1,1,5.68611E+20,5.92773E+21,1.00342E+16,5.34941E+16
8873,3,1,55,11,2018,1,9,5,2,6,7,0,0,0,1,0,0,1,1,5.62882E+20,5.73252E+21,9.91071E+15,5.17401E+16
8874,2,3,9,321,2018,10,11,1,3,4,6,0,0,1,0,0,0,0,0,5.61149E+20,5.9389E+21,9.92394E+15,5.35954E+16
8875,2,1,3,106,2018,6,19,6,3,4,6,0,1,0,0,0,0,0,0,5.64708E+20,5.93383E+21,9.97667E+15,5.35494E+16
8876,2,7,10,711,2018,9,13,7,3,2,6,0,0,1,0,0,0,0,0,5.63792E+20,5.92496E+21,9.96103E+15,5.34698E+16
8877,2,7,2,703,2018,5,15,5,3,2,6,0,0,1,0,0,0,1,0,5.68065E+20,5.92444E+21,1.00253E+16,5.34646E+16
8878,2,7,7,708,2018,7,15,4,3,1,7,0,0,0,0,1,1,0,0,5.64071E+20,5.91985E+21,9.96419E+15,5.34238E+16
8879,2,3,1,304,2018,6,16,2,3,5,3,0,1,1,0,0,0,0,0,5.62531E+20,5.93642E+21,9.94432E+15,5.35729E+16
8880,3,4,51,7,2018,1,20,7,3,8,1,2,0,1,0,0,0,0,0,4.26146E+20,5.8978E+21,7.89375E+15,5.32244E+16
8881,2,2,9,221,2018,11,12,2,3,5,2,0,1,1,0,0,0,0,0,5.55815E+20,5.93634E+21,9.84291E+15,5.3573E+16
8882,2,2,12,225,2018,12,12,6,3,5,3,0,1,1,0,0,0,0,0,5.54392E+20,5.93673E+21,9.82147E+15,5.35766E+16
8883,3,1,53,17,2018,1,16,4,3,6,2,2,0,1,1,0,0,0,1,5.99004E+20,5.75214E+21,1.04393E+16,5.19112E+16
8884,2,1,12,130,2018,7,7,6,2,3,6,0,0,0,0,1,1,0,0,5.76036E+20,5.93353E+21,1.01475E+16,5.35452E+16
8885,2,1,16,136,2018,8,11,7,3,2,6,0,0,1,0,0,0,0,0,5.68741E+20,5.92801E+21,1.00362E+16,5.34965E+16
8886,2,2,5,216,2018,9,10,6,3,2,6,0,0,1,0,0,0,0,0,5.59538E+20,5.93519E+21,9.8989E+15,5.35622E+16
8887,2,3,5,317,2018,5,13,5,3,2,6,0,0,1,0,0,0,0,0,5.63736E+20,5.93952E+21,9.96316E+15,5.36007E+16
8888,2,2,9,221,2018,9,12,5,2,3,2,0,1,0,0,0,1,0,0,5.56586E+20,5.93625E+21,9.85453E+15,5.3572E+16
8889,3,4,52,1,2018,1,8,3,3,1,1,0,0,1,0,0,0,0,1,4.02112E+20,5.92165E+21,7.52649E+15,5.34348E+16
8890,3,4,58,3,2018,1,20,6,3,9,1,2,0,1,0,0,0,0,1,4.63111E+20,5.86587E+21,8.45106E+15,5.29412E+16
8891,2,1,8,124,2018,11,13,2,3,4,2,0,0,1,0,0,0,0,1,5.68948E+20,5.93425E+21,1.00407E+16,5.35526E+16
8892,2,4,2,403,2018,5,11,5,3,1,5,0,1,1,0,0,0,0,0,5.6472E+20,5.93809E+21,9.97772E+15,5.35876E+16
8893,2,1,16,136,2018,7,17,5,3,2,6,0,0,1,0,0,1,0,0,5.67634E+20,5.93033E+21,1.00201E+16,5.35176E+16
8894,2,4,2,405,2018,6,9,2,3,5,2,0,1,0,0,0,0,1,0,5.65112E+20,5.93942E+21,9.98392E+15,5.35996E+16
8895,3,4,57,13,2018,1,15,7,3,5,3,0,1,1,0,0,0,0,0,3.96966E+20,5.90001E+21,7.4561E+15,5.32394E+16
8896,2,3,8,320,2018,11,12,3,3,3,6,0,0,1,0,0,1,0,0,5.60891E+20,5.9399E+21,9.92023E+15,5.36044E+16
8897,2,2,9,221,2018,12,11,7,3,3,2,0,1,1,0,0,0,0,0,5.56553E+20,5.93625E+21,9.85403E+15,5.35721E+16
8898,3,2,41,2,2018,1,13,4,2,4,1,0,0,1,0,0,0,0,1,5.32717E+20,5.80351E+21,9.48067E+15,5.23809E+16
8899,2,7,8,709,2018,7,13,1,3,8,1,0,0,1,0,0,0,0,0,5.63437E+20,5.92028E+21,9.95474E+15,5.34278E+16
8900,2,3,6,318,2018,8,18,2,3,2,6,1,0,1,0,0,0,0,1,5.63315E+20,5.94474E+21,9.95785E+15,5.36476E+16
8901,2,7,10,711,2018,9,16,7,3,2,6,0,0,1,0,0,0,0,1,5.60056E+20,5.92504E+21,9.90477E+15,5.34709E+16
8902,2,7,1,702,2018,5,15,4,3,3,6,0,0,0,0,1,1,0,0,5.65657E+20,5.92363E+21,9.98885E+15,5.34576E+16
8903,2,3,1,306,2018,9,17,7,3,2,6,0,0,1,0,0,0,0,0,5.62992E+20,5.93634E+21,9.95126E+15,5.35721E+16
8904,2,1,16,136,2018,6,11,6,3,2,6,0,0,1,0,0,0,1,0,5.68862E+20,5.92827E+21,1.00381E+16,5.34989E+16
8905,3,2,51,37,2018,1,11,3,3,2,6,0,0,1,0,0,0,0,0,4.81903E+20,5.87342E+21,8.73027E+15,5.30101E+16
8906,3,4,52,1,2018,1,13,6,3,5,3,0,0,1,0,1,0,0,0,3.98037E+20,5.92582E+21,7.46382E+15,5.34715E+16
8907,2,7,14,715,2018,11,17,2,3,0,6,2,0,1,0,1,0,0,1,5.55487E+20,5.92509E+21,9.83596E+15,5.34719E+16
8908,2,3,7,319,2018,12,7,5,3,2,6,1,0,1,0,0,0,1,1,5.61509E+20,5.9453E+21,9.93064E+15,5.36528E+16
8909,2,7,1,701,2018,10,20,4,3,2,6,2,0,1,0,0,0,0,0,5.6462E+20,5.92458E+21,9.97342E+15,5.34663E+16
8910,2,1,6,115,2018,7,20,6,3,5,2,1,0,1,0,0,0,1,0,5.67712E+20,5.93321E+21,1.00219E+16,5.35434E+16
8911,2,3,4,316,2018,8,16,2,2,2,7,0,0,1,0,1,0,0,0,5.63916E+20,5.93737E+21,9.96544E+15,5.35812E+16
8912,2,1,6,117,2018,9,7,4,3,2,6,0,0,1,0,0,0,1,1,5.67948E+20,5.93415E+21,1.00256E+16,5.35519E+16
8913,2,3,6,318,2018,5,21,4,3,3,6,1,0,1,0,0,0,0,0,5.62285E+20,5.9419E+21,9.94171E+15,5.36222E+16
8914,2,2,13,226,2018,8,8,5,3,2,6,0,0,1,0,0,0,0,1,5.52672E+20,5.93714E+21,9.79558E+15,5.35805E+16
8915,3,4,4,0,2018,1,2,2,2,0,4,2,0,1,1,0,0,0,0,4.34456E+20,5.79327E+21,8.03911E+15,5.22859E+16
8916,3,2,51,37,2018,1,17,5,3,5,3,2,0,1,0,1,0,0,1,4.80471E+20,5.87433E+21,8.70888E+15,5.30182E+16
8917,2,1,4,111,2018,11,4,6,3,5,3,2,0,1,0,0,0,0,0,5.64261E+20,5.93399E+21,9.96994E+15,5.35508E+16
8918,2,3,7,319,2018,5,9,4,3,0,7,0,0,0,0,1,0,0,0,5.60233E+20,5.94303E+21,9.9109E+15,5.36326E+16
8919,2,1,12,130,2018,10,13,4,3,3,6,0,0,1,0,0,1,0,0,5.76148E+20,5.93398E+21,1.01493E+16,5.35491E+16
8920,2,3,4,316,2018,5,8,4,3,3,7,0,0,1,0,0,0,1,0,5.64126E+20,5.93787E+21,9.96871E+15,5.35858E+16
8921,2,3,9,321,2018,7,18,6,3,2,6,0,0,1,0,0,0,0,0,5.6144E+20,5.93858E+21,9.92828E+15,5.35925E+16
8922,2,4,2,405,2018,6,19,2,3,0,1,0,0,0,0,1,0,0,1,5.65109E+20,5.93951E+21,9.98389E+15,5.36004E+16
8923,2,2,7,219,2018,11,11,4,3,9,1,0,0,0,0,0,1,0,0,5.5968E+20,5.93368E+21,9.90076E+15,5.35486E+16
8924,2,7,14,715,2018,8,7,4,3,6,2,0,0,1,1,0,0,0,0,5.57292E+20,5.92506E+21,9.86314E+15,5.34714E+16
8925,2,4,3,406,2018,12,15,2,3,3,6,0,0,1,0,0,0,0,0,5.66862E+20,5.942E+21,1.00109E+16,5.36226E+16
8926,3,1,2,0,2018,1,16,5,3,5,2,1,0,1,0,0,0,0,1,5.88528E+20,5.77732E+21,1.02936E+16,5.21393E+16
8927,2,4,2,405,2018,10,23,7,3,4,6,2,0,1,0,0,0,0,1,5.65109E+20,5.9395E+21,9.98389E+15,5.36003E+16
8928,2,4,2,404,2018,5,15,4,3,3,2,0,0,0,0,0,0,1,0,5.6547E+20,5.9387E+21,9.98918E+15,5.3593E+16
8929,2,2,7,219,2018,8,10,7,3,1,6,0,0,1,0,0,0,0,0,5.5947E+20,5.93426E+21,9.89769E+15,5.35539E+16
8930,2,7,14,715,2018,9,12,5,3,5,3,0,1,0,0,0,0,1,0,5.55751E+20,5.92514E+21,9.83993E+15,5.34723E+16
8931,2,1,4,111,2018,5,12,4,3,3,2,0,1,1,0,0,0,0,0,5.63987E+20,5.93424E+21,9.96586E+15,5.35531E+16
8932,2,2,3,209,2018,7,19,4,3,2,6,0,0,1,0,1,0,0,0,5.62217E+20,5.93538E+21,9.93937E+15,5.35636E+16
8933,2,2,1,206,2018,6,12,2,3,3,6,0,0,1,0,0,0,1,0,5.63466E+20,5.93507E+21,9.95816E+15,5.35606E+16
8934,3,2,51,37,2018,1,15,7,2,5,3,0,1,1,0,0,0,0,0,4.87076E+20,5.87554E+21,8.8073E+15,5.30293E+16
8935,2,6,1,601,2018,11,10,6,3,2,6,0,0,1,0,0,0,0,0,5.78273E+20,5.92939E+21,1.01802E+16,5.35076E+16
8936,2,2,9,221,2018,12,16,5,3,5,3,2,0,1,0,0,0,1,0,5.56257E+20,5.93631E+21,9.84957E+15,5.35727E+16
8937,2,1,3,106,2018,6,8,4,3,5,3,0,1,1,0,0,0,0,0,5.646E+20,5.93384E+21,9.97503E+15,5.35495E+16
8938,2,3,5,317,2018,10,14,4,3,3,2,0,1,1,0,0,0,0,0,5.64114E+20,5.93792E+21,9.96854E+15,5.35862E+16
8939,2,1,16,136,2018,7,16,5,3,2,6,0,0,1,0,1,0,0,0,5.70247E+20,5.92946E+21,1.00593E+16,5.35094E+16
8940,2,7,8,709,2018,8,17,6,2,3,6,0,0,1,0,1,0,0,0,5.61949E+20,5.92065E+21,9.93241E+15,5.34312E+16
8941,2,3,1,305,2018,9,8,5,3,4,6,0,1,0,0,0,0,0,0,5.63578E+20,5.93673E+21,9.96019E+15,5.35756E+16
8942,2,1,1,102,2018,5,19,4,3,3,2,0,1,1,0,0,0,0,0,5.65346E+20,5.93366E+21,9.98624E+15,5.35478E+16
8943,2,7,9,710,2018,9,15,3,3,3,6,0,0,1,0,0,1,0,0,5.61036E+20,5.92214E+21,9.91897E+15,5.34448E+16
8944,3,4,51,4,2018,1,11,3,3,5,3,0,0,1,0,0,0,0,0,4.32037E+20,5.88701E+21,7.98426E+15,5.31282E+16
8945,3,2,41,2,2018,1,13,6,3,5,3,0,0,1,0,0,0,0,0,5.32758E+20,5.79395E+21,9.48033E+15,5.22949E+16
8946,2,3,8,320,2018,11,17,2,3,4,2,0,0,1,0,0,0,0,1,5.60071E+20,5.94167E+21,9.90819E+15,5.36204E+16
8947,2,4,4,407,2018,12,21,3,3,9,1,2,0,1,0,0,0,0,1,5.6615E+20,5.94095E+21,9.99993E+15,5.36132E+16
8948,2,6,1,601,2018,10,17,2,3,5,3,0,1,1,0,0,0,0,0,5.79761E+20,5.92759E+21,1.02022E+16,5.34913E+16
8949,2,4,5,412,2018,7,6,5,3,0,1,0,1,0,0,0,0,0,0,5.67357E+20,5.93801E+21,1.00175E+16,5.35866E+16
8950,2,1,12,130,2018,8,18,4,3,2,6,0,0,1,0,0,0,0,0,5.74945E+20,5.93161E+21,1.01306E+16,5.35281E+16
8951,3,2,57,35,2018,1,5,2,2,9,1,2,0,1,0,0,0,0,0,5.09782E+20,5.79715E+21,9.14353E+15,5.23246E+16
8952,3,3,58,21,2018,1,8,5,3,2,2,0,0,1,0,0,0,0,1,5.56972E+20,5.87116E+21,9.84869E+15,5.2987E+16
8953,2,7,10,711,2018,11,10,2,3,2,6,0,0,1,0,0,0,0,0,5.64178E+20,5.92481E+21,9.96681E+15,5.34684E+16
8954,2,7,13,714,2018,5,18,3,3,2,6,0,0,1,0,0,0,1,1,5.59845E+20,5.92504E+21,9.90159E+15,5.3471E+16
8955,2,4,2,405,2018,10,12,7,3,2,6,0,0,1,0,0,0,0,0,5.65146E+20,5.9396E+21,9.98447E+15,5.36012E+16
8956,2,1,6,116,2018,5,13,3,3,2,6,0,0,1,0,0,0,0,0,5.67728E+20,5.9332E+21,1.00221E+16,5.35433E+16
8957,2,2,7,219,2018,7,6,3,3,5,3,0,0,1,0,0,0,0,1,5.59426E+20,5.93448E+21,9.89706E+15,5.35558E+16
8958,2,6,2,603,2018,6,10,1,2,9,1,0,0,0,0,1,0,0,1,5.80222E+20,5.92588E+21,1.02087E+16,5.34758E+16
8959,2,2,5,216,2018,12,20,4,3,5,3,2,0,1,0,0,0,0,0,5.59705E+20,5.93548E+21,9.90148E+15,5.35648E+16
8960,2,2,5,215,2018,10,21,4,3,4,6,2,1,0,0,0,0,0,0,5.61653E+20,5.93536E+21,9.93086E+15,5.35634E+16
8961,2,1,4,111,2018,7,15,6,3,5,2,0,1,1,0,0,0,0,0,5.64257E+20,5.93399E+21,9.96989E+15,5.35508E+16
8962,2,6,2,602,2018,9,7,3,3,1,6,0,0,1,0,0,0,0,1,5.79947E+20,5.92726E+21,1.02049E+16,5.34882E+16
8963,2,3,5,317,2018,8,12,5,3,2,6,0,0,1,0,0,0,0,1,5.64097E+20,5.93801E+21,9.9683E+15,5.3587E+16
8964,3,3,59,2,2018,1,23,2,2,8,1,2,0,1,0,0,0,0,1,5.341E+20,5.91766E+21,9.51296E+15,5.34069E+16
8965,3,3,53,40,2018,1,17,5,3,5,3,2,0,1,0,0,0,0,1,5.8168E+20,5.9122E+21,1.02271E+16,5.33526E+16
8966,2,6,1,601,2018,11,18,4,3,6,4,2,0,1,1,0,0,0,0,5.77392E+20,5.93013E+21,1.01671E+16,5.35144E+16
8967,2,3,8,320,2018,5,6,3,3,2,6,0,0,1,0,0,1,0,0,5.60366E+20,5.94133E+21,9.91258E+15,5.36173E+16
8968,2,4,8,418,2018,10,9,3,3,0,3,0,1,0,0,1,0,0,0,5.6787E+20,5.9364E+21,1.00249E+16,5.35721E+16
8969,2,3,9,321,2018,5,18,3,3,4,2,0,1,1,0,0,0,0,0,5.61816E+20,5.93756E+21,9.93375E+15,5.35833E+16
8970,2,1,6,115,2018,7,21,4,3,2,2,1,0,1,0,0,0,0,1,5.67727E+20,5.93322E+21,1.00221E+16,5.35435E+16
8971,2,1,6,117,2018,6,13,1,3,3,6,0,0,1,0,0,0,0,0,5.68402E+20,5.93321E+21,1.00323E+16,5.35433E+16
8972,3,1,2,0,2018,1,9,2,3,4,2,0,0,1,0,0,0,0,0,5.91648E+20,5.78067E+21,1.03401E+16,5.21689E+16
8973,2,6,11,612,2018,11,16,7,3,3,6,2,0,1,0,0,0,0,1,5.71582E+20,5.92939E+21,1.00794E+16,5.35085E+16