OBJECTID_1,ULAND,UREGBEZ,UKREIS,UGEMEINDE,UJAHR,UMONAT,USTUNDE,UWOCHENTAG,UKATEGORIE,UART,UTYP1,ULICHTVERH,IstRad,IstPKW,IstFuss,IstKrad,IstGkfz,IstSonstig,STRZUSTAND,LINREFX,LINREFY,XGCSWGS84,YGCSWGS84
8974,2,3,9,321,2018,8,17,2,3,5,3,0,1,1,0,0,0,0,0,5.62107E+20,5.93681E+21,9.938E+15,5.35765E+16
8975,2,7,13,714,2018,12,7,6,3,4,2,2,0,1,0,0,0,0,1,5.59819E+20,5.92505E+21,9.9012E+15,5.3471E+16
8976,3,4,53,9,2018,1,8,4,3,2,2,0,0,1,0,0,0,0,1,4.30484E+20,5.84805E+21,7.96942E+15,5.27778E+16
8977,2,4,5,412,2018,10,18,5,2,6,4,1,0,1,1,0,0,0,0,5.67439E+20,5.93779E+21,1.00187E+16,5.35847E+16
8978,2,3,8,320,2018,5,17,3,2,3,6,0,0,1,0,0,1,0,0,5.60838E+20,5.94002E+21,9.91946E+15,5.36055E+16
8979,2,3,1,306,2018,8,7,6,3,5,3,0,1,0,0,0,0,0,0,5.63325E+20,5.93617E+21,9.95626E+15,5.35705E+16
8980,2,2,5,215,2018,8,15,5,3,1,6,0,0,1,0,0,0,0,0,5.614E+20,5.93537E+21,9.92704E+15,5.35636E+16
8981,2,7,10,711,2018,9,13,4,3,2,6,0,0,0,0,0,0,1,0,5.62605E+20,5.9251E+21,9.94318E+15,5.34712E+16
8982,2,3,1,304,2018,5,13,3,3,5,3,0,0,1,0,0,0,1,0,5.62023E+20,5.93697E+21,9.93677E+15,5.3578E+16
8983,2,3,8,320,2018,7,13,3,3,2,6,0,0,1,0,0,0,1,0,5.60425E+20,5.9416E+21,9.91352E+15,5.36197E+16
8984,2,1,6,115,2018,6,0,1,3,9,1,2,0,1,0,0,0,0,1,5.67099E+20,5.93368E+21,1.00127E+16,5.35477E+16
8985,3,3,54,17,2018,1,11,7,2,8,7,0,0,1,0,0,0,0,1,6.47293E+20,5.86551E+21,1.11908E+16,5.2919E+16
8986,2,7,13,714,2018,11,16,5,3,2,2,1,0,1,0,0,0,0,0,5.58982E+20,5.92514E+21,9.88862E+15,5.34719E+16
8987,2,3,9,321,2018,12,17,3,3,2,2,2,0,1,0,0,0,0,0,5.61716E+20,5.93795E+21,9.93233E+15,5.35868E+16
8988,2,2,5,215,2018,10,16,2,3,5,3,0,1,1,0,0,0,0,0,5.61347E+20,5.93538E+21,9.92624E+15,5.35637E+16
8989,2,4,7,417,2018,7,18,4,3,3,2,0,1,1,0,0,0,0,1,5.68525E+20,5.93552E+21,1.00346E+16,5.3564E+16
8990,2,2,6,218,2018,8,15,6,3,2,6,0,0,1,0,0,0,1,1,5.58879E+20,5.93579E+21,9.88907E+15,5.35677E+16
8991,2,3,6,318,2018,9,15,4,3,8,1,0,1,1,0,0,0,0,0,5.62856E+20,5.9414E+21,9.95023E+15,5.36176E+16
8992,2,7,14,715,2018,5,16,2,3,5,2,0,0,1,0,0,0,1,0,5.54871E+20,5.92498E+21,9.82665E+15,5.3471E+16
8993,2,4,3,406,2018,9,19,3,3,3,2,1,1,1,0,0,0,0,0,5.65295E+20,5.93984E+21,9.98678E+15,5.36033E+16
8994,3,3,59,38,2018,1,14,3,2,9,7,0,0,1,0,0,0,0,0,5.30498E+20,5.93751E+21,9.46071E+15,5.35855E+16
8995,3,2,57,4,2018,1,11,6,3,9,1,0,0,1,0,0,0,0,1,5.19307E+20,5.80469E+21,9.28371E+15,5.23922E+16
8996,2,4,5,409,2018,11,11,7,3,2,6,0,0,1,0,1,0,0,1,5.66409E+20,5.93863E+21,1.00033E+16,5.35923E+16
8997,2,7,10,711,2018,12,17,2,3,2,6,2,0,1,0,0,1,0,1,5.62252E+20,5.92508E+21,9.93786E+15,5.3471E+16
8998,2,4,5,409,2018,6,8,6,3,2,6,0,0,1,0,1,0,0,1,5.66036E+20,5.93886E+21,9.99776E+15,5.35944E+16
8999,2,2,5,216,2018,10,19,2,3,5,3,2,0,1,0,0,0,0,0,5.60592E+20,5.93549E+21,9.91487E+15,5.35648E+16
9000,2,7,14,715,2018,7,12,2,3,0,1,0,0,0,0,1,0,0,0,5.57956E+20,5.92511E+21,9.87315E+15,5.34718E+16
9001,2,1,16,136,2018,8,12,3,3,2,6,0,0,1,0,0,0,0,0,5.70191E+20,5.92946E+21,1.00584E+16,5.35094E+16
9002,3,1,57,8,2018,1,22,2,3,8,7,2,0,1,0,0,0,0,1,5.92268E+20,5.79969E+21,1.03543E+16,5.23397E+16
9003,3,3,60,25,2018,1,8,5,3,2,2,0,0,1,0,0,1,0,1,6.0832E+20,5.87121E+21,1.06134E+16,5.29795E+16
9004,2,4,1,402,2018,11,7,6,3,5,2,0,1,1,0,0,0,0,0,5.64211E+20,5.93768E+21,9.96996E+15,5.35841E+16
9005,2,1,12,130,2018,5,11,2,3,3,6,0,0,1,0,0,1,0,0,5.7678E+20,5.93525E+21,1.01592E+16,5.35605E+16
9006,2,4,8,418,2018,10,10,6,3,5,3,0,1,1,0,0,0,0,0,5.67475E+20,5.93733E+21,1.00192E+16,5.35805E+16
9007,2,7,2,703,2018,5,11,1,3,6,4,0,0,1,1,0,0,0,0,5.6618E+20,5.92356E+21,9.9967E+15,5.34569E+16
9008,2,3,9,321,2018,7,13,1,2,2,6,0,0,1,0,0,0,0,0,5.60811E+20,5.93847E+21,9.91875E+15,5.35916E+16
9009,2,3,9,321,2018,6,6,1,3,4,2,1,0,1,0,0,0,0,1,5.61962E+20,5.93709E+21,9.93587E+15,5.3579E+16
9010,3,3,60,25,2018,1,14,1,3,0,7,0,0,1,0,0,0,0,0,6.03608E+20,5.86857E+21,1.05424E+16,5.29568E+16
9011,2,4,6,415,2018,11,16,5,3,6,3,2,1,0,1,0,0,0,0,5.68098E+20,5.93609E+21,1.00283E+16,5.35693E+16
9012,2,3,1,306,2018,12,15,4,3,2,6,0,0,1,0,0,0,1,1,5.62902E+20,5.93642E+21,9.94992E+15,5.35729E+16
9013,3,3,55,13,2018,1,7,4,2,1,5,2,0,1,0,0,0,0,1,6.16027E+20,5.89457E+21,1.07365E+16,5.31878E+16
9014,2,3,6,318,2018,7,13,3,3,2,6,0,0,1,0,0,0,0,0,5.62971E+20,5.94098E+21,9.95189E+15,5.36138E+16
9015,2,3,7,319,2018,8,19,3,3,1,6,0,0,1,0,0,0,0,0,5.61776E+20,5.94248E+21,9.93412E+15,5.36275E+16
9016,2,6,11,612,2018,9,2,2,3,2,6,2,0,1,0,0,0,0,1,5.72287E+20,5.92931E+21,1.009E+16,5.35078E+16
9017,2,1,6,117,2018,5,12,1,3,3,6,0,0,1,0,1,0,0,0,5.67972E+20,5.9341E+21,1.0026E+16,5.35514E+16
9018,2,1,3,106,2018,9,15,2,3,3,6,0,0,1,0,0,1,0,0,5.64568E+20,5.93385E+21,9.97454E+15,5.35495E+16
9019,2,3,1,307,2018,7,15,1,3,2,6,0,0,1,0,0,0,0,0,5.6328E+20,5.93616E+21,9.95558E+15,5.35705E+16
9020,2,2,5,216,2018,6,6,1,3,0,6,0,0,1,0,0,0,1,1,5.59995E+20,5.93657E+21,9.90606E+15,5.35746E+16
9021,3,1,3,0,2018,1,5,7,3,0,6,2,1,0,0,0,0,0,1,6.24006E+20,5.81149E+21,1.08243E+16,5.24395E+16
9022,2,7,10,711,2018,11,14,3,3,2,6,0,0,1,0,0,0,0,1,5.62477E+20,5.92509E+21,9.94125E+15,5.34711E+16
9023,2,1,6,115,2018,12,22,6,3,2,6,2,0,1,0,0,0,0,1,5.67272E+20,5.93352E+21,1.00153E+16,5.35463E+16
9024,2,2,14,227,2018,10,15,6,3,5,2,0,1,1,0,0,0,0,0,5.5146E+20,5.93713E+21,9.77726E+15,5.35805E+16
9025,3,4,54,18,2018,1,18,1,3,5,3,2,0,1,0,0,0,0,0,3.74155E+20,5.84845E+21,7.13457E+15,5.27712E+16
9026,2,1,6,117,2018,11,11,6,3,5,3,0,1,1,0,0,0,0,0,5.68163E+20,5.9337E+21,1.00288E+16,5.35478E+16
9027,2,3,7,319,2018,8,11,7,3,5,6,0,0,1,0,1,0,0,0,5.60029E+20,5.94452E+21,9.90811E+15,5.3646E+16
9028,2,3,1,304,2018,12,18,5,3,4,6,2,1,0,0,0,0,0,1,5.62415E+20,5.9364E+21,9.94257E+15,5.35727E+16
9029,3,2,51,23,2018,1,18,4,3,5,2,2,0,1,0,0,0,0,1,4.57603E+20,5.8126E+21,8.37598E+15,5.24619E+16
9030,2,3,8,320,2018,10,4,4,3,4,2,2,0,1,0,0,0,0,1,5.60033E+20,5.9414E+21,9.90756E+15,5.3618E+16
9031,2,6,11,612,2018,5,19,7,3,2,6,0,0,1,0,0,0,1,0,5.71392E+20,5.92926E+21,1.00765E+16,5.35075E+16
9032,2,2,5,216,2018,8,16,5,3,2,6,0,0,1,0,0,0,0,0,5.59545E+20,5.93552E+21,9.89906E+15,5.35651E+16
9033,2,1,12,130,2018,8,15,3,3,8,7,0,0,1,0,0,0,0,0,5.76366E+20,5.93468E+21,1.01528E+16,5.35555E+16
9034,2,1,6,117,2018,9,14,3,3,3,6,0,0,1,0,0,1,0,0,5.67946E+20,5.93418E+21,1.00256E+16,5.35521E+16
9035,2,1,4,111,2018,5,5,7,3,5,3,1,0,1,0,0,0,0,0,5.63986E+20,5.93424E+21,9.96584E+15,5.35531E+16
9036,2,2,14,227,2018,7,12,2,3,2,6,0,0,1,0,0,0,0,0,5.48976E+20,5.93761E+21,9.73983E+15,5.3585E+16
9037,2,3,1,304,2018,6,3,1,3,1,5,2,0,0,0,0,0,1,1,5.62877E+20,5.93644E+21,9.94956E+15,5.3573E+16
9038,3,2,56,34,2018,1,13,7,3,2,2,0,0,1,0,0,0,0,1,4.89996E+20,5.81215E+21,8.85276E+15,5.24594E+16
9039,2,1,12,130,2018,11,6,4,3,2,6,1,0,1,0,0,0,1,0,5.74833E+20,5.93165E+21,1.01289E+16,5.35284E+16
9040,2,4,6,414,2018,12,7,2,3,5,2,1,1,1,0,0,0,0,1,5.67515E+20,5.93744E+21,1.00198E+16,5.35815E+16
9041,2,3,8,320,2018,10,16,7,3,2,6,0,0,1,0,0,0,0,0,5.60766E+20,5.94028E+21,9.91842E+15,5.36078E+16
9042,2,6,1,601,2018,7,14,3,3,5,3,0,1,0,0,0,0,1,0,5.79763E+20,5.92759E+21,1.02023E+16,5.34912E+16
9043,2,6,1,601,2018,8,18,5,3,3,6,0,0,1,0,0,0,0,0,5.77329E+20,5.93017E+21,1.01662E+16,5.35148E+16
9044,2,7,14,715,2018,9,15,2,3,5,3,0,1,1,0,0,0,0,0,5.55674E+20,5.92513E+21,9.83877E+15,5.34722E+16
9045,2,7,10,711,2018,5,13,6,3,5,3,0,0,1,0,0,0,0,0,5.62091E+20,5.92507E+21,9.93543E+15,5.3471E+16
9046,2,1,14,133,2018,9,8,2,2,3,2,0,1,1,0,0,0,0,0,5.68363E+20,5.93278E+21,1.00316E+16,5.35394E+16
9047,3,3,54,26,2018,1,10,3,3,0,2,0,1,1,0,0,0,0,1,6.40749E+20,5.86759E+21,1.10945E+16,5.29394E+16
9048,3,1,2,0,2018,1,18,6,3,2,2,2,0,1,0,0,0,0,1,5.90862E+20,5.77973E+21,1.03283E+16,5.21606E+16
9049,2,4,2,405,2018,11,11,7,3,6,4,0,0,1,1,0,0,0,0,5.65678E+20,5.93866E+21,9.99231E+15,5.35927E+16
9050,2,4,4,407,2018,12,22,2,3,5,3,2,0,1,0,0,0,0,1,5.65343E+20,5.93983E+21,9.98749E+15,5.36033E+16
9051,2,3,9,321,2018,10,16,7,3,2,6,0,0,1,0,0,0,0,0,5.6171E+20,5.93797E+21,9.93223E+15,5.35869E+16
9052,2,3,7,319,2018,7,14,2,3,1,2,0,0,1,0,0,1,0,0,5.61583E+20,5.94267E+21,9.93124E+15,5.36292E+16
9053,3,2,52,6,2018,1,12,2,3,3,6,0,0,1,0,0,1,0,0,5.23904E+20,5.77249E+21,9.349E+15,5.21024E+16
9054,2,3,9,321,2018,11,14,6,3,2,6,0,0,1,0,0,0,1,0,5.61702E+20,5.938E+21,9.93212E+15,5.35872E+16
9055,2,1,3,107,2018,8,15,3,3,4,6,0,1,0,0,0,0,0,0,5.65133E+20,5.93374E+21,9.98306E+15,5.35485E+16
9056,2,3,9,321,2018,12,17,1,3,1,5,2,0,1,0,0,0,1,1,5.62193E+20,5.93665E+21,9.93926E+15,5.35751E+16
9057,3,2,41,1,2018,1,18,5,3,5,3,2,1,1,0,0,0,0,1,5.49442E+20,5.80365E+21,9.72638E+15,5.23808E+16
9058,2,7,2,703,2018,10,6,3,3,2,6,1,0,1,0,0,0,0,1,5.67939E+20,5.92531E+21,1.00236E+16,5.34724E+16
9059,2,4,5,409,2018,5,17,6,2,4,2,0,1,1,0,1,0,0,0,5.66825E+20,5.93847E+21,1.00096E+16,5.35908E+16
9060,2,4,2,405,2018,10,8,5,3,5,3,0,1,1,0,0,0,0,1,5.65126E+20,5.93956E+21,9.98416E+15,5.36009E+16
9061,2,4,8,418,2018,5,16,6,3,1,7,0,0,1,0,0,0,0,0,5.67545E+20,5.93685E+21,1.00201E+16,5.35762E+16
9062,2,3,5,317,2018,7,9,7,2,5,3,0,1,1,0,0,0,0,0,5.63654E+20,5.93984E+21,9.96197E+15,5.36035E+16
9063,2,1,6,117,2018,6,17,7,3,2,6,0,0,1,0,0,0,0,1,5.67974E+20,5.93409E+21,1.0026E+16,5.35513E+16
9064,3,1,53,17,2018,1,12,1,2,9,1,0,0,1,0,0,0,0,1,5.96351E+20,5.75523E+21,1.04016E+16,5.19394E+16
9065,2,2,13,226,2018,11,7,4,3,0,6,1,0,1,0,1,0,0,1,5.52878E+20,5.9371E+21,9.79868E+15,5.35801E+16
9066,2,4,2,403,2018,12,16,2,2,4,2,2,0,1,0,0,0,0,1,5.65121E+20,5.93862E+21,9.9839E+15,5.35923E+16
9067,3,2,41,7,2018,1,10,4,3,0,1,0,1,0,0,0,0,0,1,5.49415E+20,5.79665E+21,9.72495E+15,5.23179E+16
9068,2,2,5,216,2018,7,19,2,3,2,6,0,0,1,0,0,0,0,0,5.59608E+20,5.93557E+21,9.90002E+15,5.35656E+16
9069,2,4,8,418,2018,8,19,2,3,1,6,1,0,1,0,0,0,0,1,5.67702E+20,5.93663E+21,1.00224E+16,5.35742E+16
9070,2,3,1,304,2018,9,9,2,3,0,6,0,0,0,0,1,0,1,0,5.62427E+20,5.9364E+21,9.94275E+15,5.35727E+16
9071,2,2,6,218,2018,5,16,6,3,3,2,0,0,1,0,1,0,0,0,5.57741E+20,5.93616E+21,9.87195E+15,5.35711E+16
9072,2,3,1,307,2018,9,17,1,3,0,3,0,1,1,0,0,0,0,0,5.63282E+20,5.93616E+21,9.9556E+15,5.35705E+16
9073,2,2,5,217,2018,6,16,7,3,2,6,0,0,1,0,0,0,0,0,5.58258E+20,5.93593E+21,9.87971E+15,5.3569E+16
9074,3,1,51,16,2018,1,19,7,3,2,6,2,0,1,0,0,0,0,0,6.04202E+20,5.80539E+21,1.05312E+16,5.23888E+16
9075,2,3,7,319,2018,11,5,3,3,2,6,1,0,1,0,0,0,0,0,5.62667E+20,5.94495E+21,9.94809E+15,5.36495E+16
9076,2,4,7,417,2018,12,16,5,3,5,2,2,1,1,0,0,0,0,0,5.68419E+20,5.93537E+21,1.0033E+16,5.35627E+16
9077,2,1,16,136,2018,10,0,5,3,3,6,2,0,1,0,0,1,0,0,5.70224E+20,5.92944E+21,1.00589E+16,5.35093E+16
9078,2,1,8,125,2018,7,14,1,3,3,2,0,0,1,0,1,0,0,0,5.704E+20,5.93403E+21,1.00626E+16,5.35505E+16
9079,2,7,13,714,2018,8,13,2,3,6,3,0,1,0,1,0,0,0,0,5.59046E+20,5.92514E+21,9.88957E+15,5.34719E+16
9080,2,3,7,319,2018,9,12,6,3,3,6,0,0,1,0,1,0,0,0,5.6171E+20,5.9446E+21,9.93354E+15,5.36465E+16
9081,2,4,2,405,2018,5,3,6,2,8,1,2,0,1,0,0,0,0,0,5.65112E+20,5.93944E+21,9.98392E+15,5.35997E+16
9082,2,2,7,219,2018,8,19,6,3,2,6,0,0,1,0,0,0,0,0,5.60757E+20,5.93299E+21,9.91687E+15,5.35423E+16
9083,3,1,2,0,2018,1,5,3,3,5,2,2,1,1,0,0,0,0,1,5.9959E+20,5.78279E+21,1.04568E+16,5.21866E+16
9084,3,3,61,3,2018,1,7,5,3,8,1,1,0,1,0,0,0,0,1,5.15919E+20,5.86055E+21,9.23662E+15,5.28944E+16
9085,2,3,6,318,2018,11,13,6,3,0,7,0,0,0,0,1,0,0,1,5.63257E+20,5.94071E+21,9.95615E+15,5.36114E+16
9086,2,4,2,403,2018,5,22,6,3,5,3,2,0,1,0,1,0,0,0,5.65124E+20,5.93863E+21,9.98394E+15,5.35925E+16
9087,2,2,6,218,2018,10,9,5,2,2,6,0,0,0,0,1,1,0,0,5.58194E+20,5.93596E+21,9.87876E+15,5.35693E+16
9088,2,7,2,703,2018,7,13,6,3,2,6,0,0,1,0,0,0,0,0,5.67971E+20,5.92494E+21,1.0024E+16,5.34691E+16
9089,2,3,4,316,2018,11,8,5,3,5,2,0,1,1,0,0,0,0,1,5.63799E+20,5.93716E+21,9.96362E+15,5.35794E+16
9090,2,3,6,318,2018,7,19,2,3,5,3,0,1,1,0,0,0,0,0,5.61942E+20,5.94238E+21,9.93661E+15,5.36265E+16
9091,2,2,5,216,2018,8,9,4,3,3,6,0,0,1,0,1,0,0,0,5.59516E+20,5.93554E+21,9.89863E+15,5.35654E+16
9092,2,2,5,216,2018,9,9,2,2,3,6,0,0,1,0,1,0,0,0,5.6016E+20,5.93674E+21,9.90858E+15,5.35761E+16
9093,2,7,14,715,2018,5,18,5,3,3,6,0,0,1,0,0,0,0,0,5.57857E+20,5.92511E+21,9.87165E+15,5.34718E+16
9094,2,4,5,409,2018,9,18,7,2,5,7,0,0,1,0,1,0,0,0,5.662E+20,5.9388E+21,1.00002E+16,5.35939E+16
9095,3,2,54,42,2018,1,12,3,3,4,6,0,0,1,0,0,0,0,1,5.66654E+20,5.75407E+21,9.9695E+15,5.19333E+16
9096,3,4,52,8,2018,1,23,5,3,3,2,2,0,1,0,1,0,0,1,3.8681E+20,5.93889E+21,7.29003E+15,5.35866E+16
9097,2,4,5,409,2018,11,12,6,3,2,6,0,0,1,0,1,0,0,1,5.66155E+20,5.93887E+21,9.99957E+15,5.35945E+16
9098,2,7,2,703,2018,5,16,5,3,2,6,0,0,1,0,0,0,0,0,5.67974E+20,5.92506E+21,1.0024E+16,5.34702E+16
9099,2,1,19,140,2018,12,20,1,3,3,6,2,0,1,0,0,0,1,1,5.61781E+20,5.93132E+21,9.93199E+15,5.35272E+16
9100,2,3,9,321,2018,10,22,6,3,8,1,2,0,1,1,0,0,0,0,5.62084E+20,5.93686E+21,9.93766E+15,5.35769E+16
9101,2,4,7,417,2018,7,15,1,3,0,6,0,0,1,0,0,0,1,0,5.68136E+20,5.93507E+21,1.00287E+16,5.35601E+16
9102,2,7,14,715,2018,11,13,5,3,0,1,0,0,0,0,1,0,0,1,5.55717E+20,5.92513E+21,9.83943E+15,5.34722E+16
9103,2,4,5,409,2018,8,15,7,3,5,3,0,0,1,0,0,0,0,1,5.66178E+20,5.93886E+21,9.99991E+15,5.35944E+16
9104,2,4,2,404,2018,12,23,6,3,2,1,2,0,1,0,0,0,0,1,5.65706E+20,5.93866E+21,9.99274E+15,5.35927E+16
9105,3,2,41,15,2018,1,18,5,3,6,2,2,0,1,1,0,0,0,1,5.40065E+20,5.8052E+21,9.58881E+15,5.23955E+16
9106,2,4,5,409,2018,10,10,2,2,6,4,0,0,0,1,0,0,1,0,5.6642E+20,5.93863E+21,1.00035E+16,5.35923E+16
9107,2,7,1,702,2018,5,12,5,3,2,6,0,0,1,0,0,0,0,0,5.65603E+20,5.92373E+21,9.98805E+15,5.34585E+16
9108,2,1,16,136,2018,9,13,1,3,0,1,0,0,0,0,1,0,0,0,5.67362E+20,5.93032E+21,1.00159E+16,5.35175E+16
9109,2,4,6,415,2018,5,17,5,3,2,6,0,0,1,0,0,0,0,0,5.68039E+20,5.93617E+21,1.00274E+16,5.357E+16
9110,2,4,5,412,2018,7,12,5,3,5,2,0,1,0,0,0,0,1,0,5.67359E+20,5.938E+21,1.00176E+16,5.35865E+16
9111,2,4,5,409,2018,6,16,7,3,3,6,0,0,1,0,0,0,0,1,5.66715E+20,5.93852E+21,1.0008E+16,5.35912E+16
9112,3,4,54,53,2018,1,9,7,3,2,2,0,0,1,0,0,0,0,1,3.96219E+20,5.81715E+21,7.47132E+15,5.24946E+16
9113,2,7,13,714,2018,11,17,2,3,2,6,2,0,1,0,0,0,0,0,5.5896E+20,5.92514E+21,9.88828E+15,5.3472E+16
9114,2,6,1,601,2018,12,17,6,3,1,6,2,0,1,0,0,0,0,1,5.77331E+20,5.93017E+21,1.01662E+16,5.35148E+16
9115,3,2,56,3,2018,1,4,4,3,5,3,2,0,1,0,0,1,0,1,5.09072E+20,5.84781E+21,9.1345E+15,5.27801E+16
9116,2,7,14,715,2018,7,18,7,3,2,6,0,0,1,0,0,0,0,0,5.57765E+20,5.9251E+21,9.87027E+15,5.34717E+16
9117,2,7,2,703,2018,8,13,1,3,2,6,0,0,1,0,0,0,0,0,5.68196E+20,5.92363E+21,1.00271E+16,5.34573E+16
9118,2,4,7,416,2018,9,17,7,3,5,3,0,0,1,0,0,0,0,0,5.67981E+20,5.93473E+21,1.00262E+16,5.35571E+16
9119,2,2,14,227,2018,5,19,5,3,4,2,0,0,1,0,0,0,0,0,5.49575E+20,5.93755E+21,9.74887E+15,5.35845E+16
9120,2,6,9,610,2018,9,23,6,2,2,6,2,0,1,0,0,0,1,0,5.73025E+20,5.92773E+21,1.01007E+16,5.34935E+16
9121,2,6,1,601,2018,6,18,6,3,2,6,0,0,1,0,1,0,0,0,5.78376E+20,5.92932E+21,1.01818E+16,5.3507E+16
9122,3,4,54,22,2018,1,2,3,2,6,6,2,0,1,1,0,0,0,1,4.13282E+20,5.87128E+21,7.70827E+15,5.2984E+16
9123,2,2,5,215,2018,6,16,4,3,2,6,0,0,1,0,0,0,0,0,5.61054E+20,5.9354E+21,9.92183E+15,5.35639E+16
9124,3,4,53,13,2018,1,19,6,3,9,1,2,0,1,0,0,0,0,1,4.13072E+20,5.88682E+21,7.70096E+15,5.31237E+16
9125,2,7,8,709,2018,11,18,2,3,2,2,2,0,1,0,0,0,0,1,5.62985E+20,5.92186E+21,9.94825E+15,5.3442E+16
9126,2,1,8,124,2018,12,13,4,3,2,6,0,0,1,0,0,0,0,0,5.69803E+20,5.93415E+21,1.00536E+16,5.35516E+16
9127,2,3,8,320,2018,10,9,4,3,3,6,0,0,1,0,0,1,0,0,5.60677E+20,5.94053E+21,9.91713E+15,5.361E+16
9128,2,4,6,414,2018,7,9,6,3,5,7,0,0,1,0,0,0,0,0,5.67472E+20,5.93732E+21,1.00191E+16,5.35804E+16
9129,2,3,7,319,2018,8,4,1,3,2,6,1,0,1,0,0,0,0,0,5.61308E+20,5.94389E+21,9.92732E+15,5.36402E+16
9130,2,4,1,402,2018,9,10,4,2,0,1,0,0,0,0,1,0,0,1,5.64648E+20,5.93805E+21,9.97663E+15,5.35873E+16
9131,2,2,6,218,2018,8,13,5,3,2,6,0,0,1,0,1,0,0,1,5.59505E+20,5.93494E+21,9.89836E+15,5.356E+16
9132,3,4,62,16,2018,1,13,2,3,9,1,0,0,1,0,0,0,0,0,3.99713E+20,5.94066E+21,7.48431E+15,5.36052E+16
9133,3,4,58,9,2018,1,18,5,2,5,3,2,1,1,0,0,0,0,1,4.50043E+20,5.87853E+21,8.25466E+15,5.30539E+16
9134,2,3,6,318,2018,11,16,5,3,5,3,0,1,1,0,0,0,0,0,5.62839E+20,5.94142E+21,9.94997E+15,5.36178E+16
9135,2,1,19,140,2018,5,9,5,3,3,6,0,0,1,0,0,1,0,0,5.61856E+20,5.93193E+21,9.93325E+15,5.35326E+16
9136,2,3,7,319,2018,10,7,4,3,2,6,0,0,1,0,0,0,0,0,5.61504E+20,5.9446E+21,9.93043E+15,5.36466E+16
9137,2,2,3,209,2018,5,17,5,3,2,7,0,0,1,0,1,0,0,0,5.62589E+20,5.9354E+21,9.94499E+15,5.35637E+16
9138,2,1,6,117,2018,7,10,5,3,1,3,0,1,1,0,0,0,0,0,5.67945E+20,5.93416E+21,1.00256E+16,5.35519E+16
9139,2,3,7,319,2018,6,19,7,3,0,7,0,0,0,0,1,0,1,1,5.60121E+20,5.94206E+21,9.90902E+15,5.36239E+16
9140,3,1,54,13,2018,1,8,2,3,2,2,0,0,1,0,0,0,0,2,6.23448E+20,5.79078E+21,1.08085E+16,5.22535E+16
9141,2,7,10,711,2018,11,11,2,3,2,6,0,0,1,0,0,0,0,0,5.59815E+20,5.92505E+21,9.90114E+15,5.3471E+16
9142,2,7,9,710,2018,8,7,4,2,5,3,0,1,1,0,0,0,0,0,5.62801E+20,5.92173E+21,9.94546E+15,5.34408E+16
9143,2,1,8,124,2018,12,20,7,3,2,6,2,0,1,0,0,0,0,1,5.69512E+20,5.9342E+21,1.00492E+16,5.35521E+16
9144,3,4,4,0,2018,1,17,4,2,4,6,2,0,1,0,0,0,0,1,4.37265E+20,5.79187E+21,8.08054E+15,5.22736E+16
9145,2,4,3,406,2018,10,7,6,3,2,6,1,0,1,0,0,0,1,0,5.66681E+20,5.94154E+21,1.00081E+16,5.36184E+16
9146,2,1,4,111,2018,5,11,5,3,1,7,0,0,1,0,1,0,0,0,5.64131E+20,5.93408E+21,9.968E+15,5.35517E+16
9147,2,1,7,120,2018,8,7,6,3,5,2,0,1,1,0,0,0,0,0,5.68822E+20,5.93496E+21,1.0039E+16,5.3559E+16
9148,2,2,5,216,2018,8,18,6,3,1,6,0,0,1,0,1,0,0,0,5.60401E+20,5.93557E+21,9.912E+15,5.35655E+16
9149,2,3,8,320,2018,9,14,5,3,2,6,0,0,1,0,0,1,0,0,5.60117E+20,5.94139E+21,9.90883E+15,5.36178E+16
9150,2,6,1,601,2018,5,16,4,3,4,2,0,0,1,0,0,0,0,0,5.77464E+20,5.93008E+21,1.01682E+16,5.3514E+16
9151,2,7,10,711,2018,7,12,3,3,3,6,0,0,1,0,0,1,0,0,5.62476E+20,5.92509E+21,9.94123E+15,5.34711E+16
9152,2,1,1,102,2018,6,15,7,3,3,6,0,0,1,0,1,0,0,0,5.65806E+20,5.93361E+21,9.99318E+15,5.35473E+16
9153,3,3,52,63,2018,1,14,7,3,6,2,0,0,1,1,0,0,0,0,5.03742E+20,5.95812E+21,9.05678E+15,5.37717E+16
9154,2,3,9,321,2018,11,6,6,3,4,2,2,0,1,0,1,0,0,0,5.61158E+20,5.93887E+21,9.92407E+15,5.35951E+16
9155,2,6,11,612,2018,12,18,4,3,3,6,2,0,1,0,0,1,0,1,5.71613E+20,5.92925E+21,1.00798E+16,5.35073E+16
9156,2,4,12,431,2018,10,7,2,3,8,1,1,0,1,0,0,0,0,1,5.66786E+20,5.94231E+21,1.00098E+16,5.36253E+16
9157,2,5,14,522,2018,7,11,5,3,0,7,0,1,0,0,0,0,0,0,5.71125E+20,5.95228E+21,1.00777E+16,5.37143E+16
9158,2,1,12,130,2018,8,17,6,3,3,6,0,0,1,0,0,0,0,0,5.73076E+20,5.93272E+21,1.01027E+16,5.35383E+16
9159,2,1,19,140,2018,8,6,5,2,2,6,0,0,0,0,1,1,0,0,5.61446E+20,5.93254E+21,9.92718E+15,5.35382E+16
9160,2,3,6,318,2018,12,1,4,3,8,1,2,0,1,0,0,0,0,1,5.64475E+20,5.94456E+21,9.97536E+15,5.36458E+16
9161,3,2,52,3,2018,1,17,5,2,5,3,2,0,1,0,1,0,0,1,5.16593E+20,5.75934E+21,9.24162E+15,5.19845E+16
9162,2,7,9,710,2018,10,6,7,3,7,7,2,0,1,0,0,0,0,1,5.61332E+20,5.92138E+21,9.92328E+15,5.34379E+16