OBJECTID_1,ULAND,UREGBEZ,UKREIS,UGEMEINDE,UJAHR,UMONAT,USTUNDE,UWOCHENTAG,UKATEGORIE,UART,UTYP1,ULICHTVERH,IstRad,IstPKW,IstFuss,IstKrad,IstGkfz,IstSonstig,STRZUSTAND,LINREFX,LINREFY,XGCSWGS84,YGCSWGS84
9163,2,1,14,132,2018,5,16,4,3,3,6,0,0,1,0,0,1,0,0,5.68463E+20,5.93288E+21,1.00331E+16,5.35403E+16
9164,2,1,3,106,2018,9,23,7,3,5,3,2,0,1,0,1,0,0,0,5.64488E+20,5.93387E+21,9.97335E+15,5.35497E+16
9165,2,4,7,417,2018,5,11,4,3,2,6,0,0,1,0,0,0,0,0,5.68337E+20,5.93577E+21,1.00318E+16,5.35664E+16
9166,2,7,8,709,2018,7,10,4,3,0,7,0,0,1,0,0,0,0,0,5.62909E+20,5.92181E+21,9.9471E+15,5.34415E+16
9167,3,4,3,0,2018,1,22,7,3,2,6,2,0,1,0,0,0,0,0,4.45859E+20,5.88539E+21,8.19109E+15,5.31152E+16
9168,2,2,3,208,2018,11,20,7,3,6,4,2,0,1,1,0,0,0,0,5.62855E+20,5.93524E+21,9.94897E+15,5.35623E+16
9169,2,7,13,714,2018,12,22,5,3,9,1,2,0,1,0,0,0,0,0,5.59819E+20,5.92505E+21,9.9012E+15,5.3471E+16
9170,3,2,41,11,2018,1,7,4,3,2,6,2,0,1,0,0,0,0,1,5.769E+20,5.80205E+21,1.01293E+16,5.23633E+16
9171,2,2,3,209,2018,7,7,6,3,5,2,0,1,1,0,0,0,0,0,5.6282E+20,5.93525E+21,9.94845E+15,5.35624E+16
9172,2,4,5,410,2018,8,20,7,3,3,6,0,0,1,0,0,0,0,0,5.67128E+20,5.93834E+21,1.00142E+16,5.35896E+16
9173,2,1,3,107,2018,9,8,6,3,9,7,0,0,1,0,0,0,0,0,5.65153E+20,5.93373E+21,9.98335E+15,5.35484E+16
9174,2,2,5,215,2018,5,19,4,3,0,5,0,1,1,0,0,0,0,0,5.61463E+20,5.93536E+21,9.92798E+15,5.35635E+16
9175,2,3,7,319,2018,9,17,4,3,2,6,0,0,1,0,0,1,0,0,5.61876E+20,5.9447E+21,9.93608E+15,5.36474E+16
9176,3,4,60,10,2018,1,17,3,3,5,3,2,1,1,0,0,0,0,0,4.53368E+20,5.8541E+21,8.30778E+15,5.28346E+16
9177,3,3,55,4,2018,1,17,6,3,2,6,2,0,1,0,0,0,0,0,5.92107E+20,5.90559E+21,1.03818E+16,5.32915E+16
9178,2,4,8,418,2018,11,4,2,3,5,3,2,0,1,0,0,0,0,1,5.6771E+20,5.93662E+21,1.00226E+16,5.35741E+16
9179,2,7,10,711,2018,12,7,3,3,3,6,1,0,1,0,0,0,1,0,5.59791E+20,5.92505E+21,9.90078E+15,5.34711E+16
9180,2,3,7,319,2018,10,13,3,3,2,6,0,0,1,0,0,0,0,0,5.61066E+20,5.94315E+21,9.92352E+15,5.36336E+16
9181,2,6,9,610,2018,7,15,5,3,2,6,0,0,1,0,0,0,0,0,5.74655E+20,5.92681E+21,1.01251E+16,5.3485E+16
9182,2,4,2,403,2018,8,19,5,3,2,6,1,0,1,0,1,0,0,0,5.6512E+20,5.93891E+21,9.98393E+15,5.35949E+16
9183,3,2,41,21,2018,1,2,2,3,8,1,2,0,1,0,0,0,0,0,5.30391E+20,5.81007E+21,9.44708E+15,5.244E+16
9184,3,3,53,40,2018,1,11,5,3,2,7,0,0,1,0,0,0,0,0,5.80149E+20,5.91097E+21,1.02038E+16,5.33418E+16
9185,2,4,2,403,2018,11,7,4,3,5,3,0,1,1,0,0,0,0,0,5.65316E+20,5.93862E+21,9.98683E+15,5.35924E+16
9186,2,3,7,319,2018,5,13,4,3,4,3,0,0,1,0,0,0,0,0,5.61147E+20,5.94313E+21,9.92475E+15,5.36333E+16
9187,2,7,1,702,2018,10,20,2,3,4,2,2,0,1,0,0,0,0,0,5.65925E+20,5.92363E+21,9.99288E+15,5.34576E+16
9188,2,4,3,406,2018,5,17,4,3,0,7,0,1,0,0,0,0,0,0,5.65303E+20,5.93985E+21,9.98689E+15,5.36034E+16
9189,2,3,8,320,2018,7,21,4,3,5,3,2,0,1,0,0,0,0,1,5.60031E+20,5.94139E+21,9.90754E+15,5.36179E+16
9190,3,1,51,23,2018,1,13,2,3,2,6,0,0,1,0,0,0,0,0,6.0413E+20,5.80812E+21,1.0531E+16,5.24134E+16
9191,2,3,8,320,2018,11,19,7,3,3,6,2,0,1,0,0,1,0,0,5.60673E+20,5.94054E+21,9.91707E+15,5.36101E+16
9192,2,6,1,601,2018,8,16,1,3,4,6,0,0,1,0,0,0,0,0,5.76898E+20,5.9304E+21,1.01598E+16,5.35169E+16
9193,2,1,16,136,2018,12,21,6,3,8,1,2,0,1,0,0,0,0,1,5.68472E+20,5.92749E+21,1.00321E+16,5.34919E+16
9194,3,3,61,12,2018,1,17,4,3,2,6,2,0,1,0,0,0,0,1,5.15718E+20,5.86663E+21,9.23394E+15,5.29491E+16
9195,2,1,3,106,2018,10,10,5,3,3,6,0,1,0,0,0,0,0,1,5.64732E+20,5.93383E+21,9.97702E+15,5.35494E+16
9196,2,1,4,110,2018,5,7,4,3,3,2,0,1,1,0,0,0,0,0,5.63658E+20,5.93496E+21,9.96104E+15,5.35596E+16
9197,2,1,6,117,2018,8,16,5,3,2,6,0,0,1,0,0,0,1,0,5.68129E+20,5.93378E+21,1.00283E+16,5.35484E+16
9198,2,1,1,101,2018,8,7,5,3,2,6,0,0,1,0,0,0,0,0,5.66268E+20,5.93366E+21,1.00002E+16,5.35476E+16
9199,2,2,9,221,2018,9,19,4,3,2,6,2,0,1,0,0,0,0,0,5.5642E+20,5.93628E+21,9.85203E+15,5.35723E+16
9200,2,6,1,601,2018,5,14,3,3,3,6,0,0,1,0,0,1,0,0,5.79821E+20,5.92752E+21,1.02031E+16,5.34906E+16
9201,2,3,6,318,2018,7,9,3,3,4,3,0,1,1,0,0,0,0,0,5.62855E+20,5.9414E+21,9.95022E+15,5.36177E+16
9202,3,2,41,11,2018,1,11,7,3,5,3,0,0,1,0,0,0,0,0,5.66036E+20,5.80467E+21,9.97034E+15,5.23883E+16
9203,2,7,14,715,2018,11,18,4,3,5,3,2,1,1,0,0,0,0,0,5.56635E+20,5.92518E+21,9.85327E+15,5.34726E+16
9204,2,3,7,319,2018,12,12,3,3,5,3,0,0,1,0,0,0,0,0,5.60138E+20,5.94402E+21,9.90966E+15,5.36415E+16
9205,2,3,7,319,2018,10,13,2,3,2,6,0,0,1,0,0,0,0,0,5.61487E+20,5.94445E+21,9.93014E+15,5.36452E+16
9206,2,3,1,306,2018,7,16,4,3,3,2,0,1,1,0,0,0,0,0,5.63394E+20,5.93631E+21,9.95733E+15,5.35718E+16
9207,2,3,5,317,2018,8,12,6,3,2,6,0,0,1,0,0,0,0,0,5.63816E+20,5.93939E+21,9.96433E+15,5.35995E+16
9208,2,7,10,711,2018,9,17,3,2,2,6,0,0,1,0,0,1,0,0,5.61284E+20,5.92503E+21,9.92327E+15,5.34707E+16
9209,2,3,1,304,2018,5,14,3,3,5,1,0,1,1,0,0,0,0,0,5.62551E+20,5.93641E+21,9.94462E+15,5.35728E+16
9210,2,1,16,136,2018,9,17,2,3,0,6,0,0,1,0,0,0,1,0,5.68741E+20,5.92928E+21,1.00365E+16,5.3508E+16
9211,3,3,58,8,2018,1,16,3,3,2,6,2,0,1,0,0,0,0,0,5.52621E+20,5.86136E+21,9.78228E+15,5.28993E+16
9212,3,2,54,21,2018,1,14,6,3,2,6,0,0,1,0,0,0,0,0,5.6529E+20,5.77892E+21,9.9544E+15,5.21569E+16
9213,2,2,5,216,2018,11,18,7,3,3,6,1,0,1,0,0,0,0,1,5.604E+20,5.93557E+21,9.91198E+15,5.35655E+16
9214,2,1,19,140,2018,12,4,2,3,8,1,2,0,1,0,0,0,0,1,5.61074E+20,5.93026E+21,9.92112E+15,5.35177E+16
9215,2,3,4,316,2018,10,16,2,3,6,2,0,0,0,1,0,0,1,0,5.6418E+20,5.9377E+21,9.96949E+15,5.35842E+16
9216,2,7,10,711,2018,7,16,2,3,1,6,0,0,1,0,0,0,0,0,5.63981E+20,5.92491E+21,9.96386E+15,5.34693E+16
9217,2,1,14,132,2018,8,1,3,3,5,3,2,0,1,0,0,0,0,0,5.68382E+20,5.93286E+21,1.00319E+16,5.35402E+16
9218,2,7,10,711,2018,12,15,2,2,1,5,0,0,1,0,0,0,0,1,5.62817E+20,5.92508E+21,9.94636E+15,5.3471E+16
9219,2,1,15,134,2018,9,16,4,3,2,6,0,0,1,0,0,0,0,0,5.67883E+20,5.93089E+21,1.00239E+16,5.35225E+16
9220,2,4,2,404,2018,5,18,3,3,5,7,0,0,1,0,0,0,1,0,5.65589E+20,5.9387E+21,9.99097E+15,5.3593E+16
9221,2,7,1,702,2018,9,12,3,3,2,6,0,0,1,0,0,0,0,0,5.65658E+20,5.92362E+21,9.98886E+15,5.34575E+16
9222,3,4,58,10,2018,1,10,3,2,5,3,0,0,1,0,0,0,0,0,4.528E+20,5.88367E+21,8.29504E+15,5.31004E+16
9223,3,2,57,18,2018,1,12,6,3,3,6,0,0,1,0,0,1,0,0,5.24812E+20,5.79387E+21,9.36382E+15,5.22946E+16
9224,2,4,2,405,2018,11,15,2,3,1,6,0,0,1,0,0,0,1,1,5.65115E+20,5.9392E+21,9.98392E+15,5.35976E+16
9225,2,3,9,321,2018,12,9,3,3,5,3,0,1,1,0,0,0,0,0,5.62152E+20,5.93673E+21,9.93867E+15,5.35757E+16
9226,2,3,9,321,2018,10,13,2,3,5,3,0,1,1,0,0,0,0,0,5.61745E+20,5.93786E+21,9.93274E+15,5.35859E+16
9227,2,7,10,711,2018,7,15,4,3,5,3,0,0,1,0,0,0,1,0,5.61287E+20,5.92503E+21,9.92332E+15,5.34707E+16
9228,2,3,9,321,2018,8,8,4,3,4,3,0,0,1,0,0,0,0,0,5.61158E+20,5.93887E+21,9.92408E+15,5.35951E+16
9229,3,1,59,16,2018,1,16,2,2,8,1,2,0,1,0,0,0,0,1,5.5774E+20,5.70815E+21,9.83223E+15,5.15215E+16
9230,3,3,60,13,2018,1,23,5,3,9,7,2,0,1,0,0,0,0,1,6.15685E+20,5.85221E+21,1.07162E+16,5.28073E+16
9231,2,3,1,306,2018,11,17,2,3,2,6,0,0,1,0,0,0,1,0,5.6286E+20,5.93645E+21,9.94929E+15,5.35732E+16
9232,2,3,1,305,2018,5,17,3,3,6,4,0,1,0,1,0,0,0,0,5.63531E+20,5.93663E+21,9.95946E+15,5.35747E+16
9233,2,7,10,711,2018,10,15,6,3,2,6,0,0,1,0,0,0,0,0,5.63538E+20,5.92502E+21,9.95722E+15,5.34703E+16
9234,2,1,1,102,2018,5,15,3,3,5,2,0,1,1,0,0,0,0,0,5.65862E+20,5.93362E+21,9.99403E+15,5.35473E+16
9235,2,1,15,134,2018,7,16,2,3,3,6,0,0,1,0,0,1,0,0,5.67792E+20,5.93138E+21,1.00227E+16,5.35269E+16
9236,3,4,3,0,2018,1,22,1,3,8,1,2,0,1,0,0,0,0,2,4.4686E+20,5.88687E+21,8.2058E+15,5.31286E+16
9237,2,2,5,215,2018,11,15,6,3,2,6,0,0,1,0,0,0,0,0,5.60954E+20,5.93541E+21,9.92032E+15,5.3564E+16
9238,2,3,4,316,2018,8,13,7,3,6,4,0,0,1,1,1,0,0,0,5.63962E+20,5.93742E+21,9.96614E+15,5.35818E+16
9239,2,1,6,117,2018,12,5,4,3,4,2,2,1,1,0,0,0,0,0,5.68128E+20,5.93378E+21,1.00283E+16,5.35485E+16
9240,3,3,53,26,2018,1,18,4,3,6,2,2,0,1,1,0,0,0,1,5.52836E+20,5.92405E+21,9.79584E+15,5.34628E+16
9241,2,2,5,215,2018,10,8,4,3,0,7,0,1,0,1,0,0,0,1,5.61593E+20,5.93536E+21,9.92995E+15,5.35635E+16
9242,2,7,2,703,2018,5,23,2,3,4,2,2,0,1,0,0,0,0,0,5.66327E+20,5.92347E+21,9.9989E+15,5.34561E+16
9243,2,1,16,136,2018,7,14,3,3,8,1,0,0,1,0,0,0,0,0,5.70644E+20,5.92945E+21,1.00653E+16,5.35093E+16
9244,2,3,8,320,2018,8,4,3,3,3,6,2,0,1,0,0,1,0,0,5.60643E+20,5.94067E+21,9.91665E+15,5.36113E+16
9245,2,2,13,226,2018,9,15,3,3,4,2,0,0,1,0,0,0,0,0,5.52723E+20,5.93713E+21,9.79634E+15,5.35804E+16
9246,2,3,4,316,2018,5,20,2,3,0,4,0,0,0,1,0,0,1,0,5.64144E+20,5.93779E+21,9.96896E+15,5.35851E+16
9247,2,7,1,701,2018,9,15,2,2,2,6,0,0,1,0,0,0,0,0,5.64522E+20,5.92464E+21,9.97196E+15,5.34668E+16
9248,2,2,5,215,2018,7,16,2,3,0,7,0,1,0,0,0,1,0,0,5.61309E+20,5.93538E+21,9.92567E+15,5.35637E+16
9249,3,2,54,28,2018,1,8,7,3,5,3,0,1,1,0,0,0,0,0,5.58022E+20,5.79028E+21,9.85012E+15,5.22598E+16
9250,2,3,9,321,2018,11,13,4,3,4,6,0,1,0,0,0,0,0,0,5.61567E+20,5.93845E+21,9.93017E+15,5.35913E+16
9251,2,4,3,406,2018,12,12,2,3,4,2,0,1,1,0,0,0,0,1,5.6526E+20,5.93979E+21,9.98624E+15,5.36029E+16
9252,2,6,2,602,2018,10,11,6,3,2,6,0,0,1,0,0,0,0,0,5.80215E+20,5.92723E+21,1.0209E+16,5.34879E+16
9253,2,1,16,136,2018,7,13,2,3,2,6,0,0,1,0,0,0,0,0,5.68488E+20,5.92748E+21,1.00323E+16,5.34918E+16
9254,2,1,1,102,2018,8,9,5,3,4,6,0,1,0,0,0,0,0,0,5.65543E+20,5.93361E+21,9.98921E+15,5.35473E+16
9255,2,7,8,709,2018,9,8,2,3,2,6,0,0,1,0,0,1,0,0,5.62437E+20,5.92065E+21,9.93976E+15,5.34312E+16
9256,2,1,7,119,2018,5,17,1,3,4,6,0,1,0,0,0,0,0,0,5.67949E+20,5.93432E+21,1.00257E+16,5.35533E+16
9257,2,2,9,221,2018,9,22,2,3,8,7,2,0,1,0,0,0,0,0,5.55596E+20,5.93639E+21,9.8396E+15,5.35734E+16
9258,3,2,56,25,2018,1,11,3,3,5,3,0,1,1,0,0,0,0,0,5.15557E+20,5.81456E+21,9.22907E+15,5.2481E+16
9259,3,4,4,0,2018,1,16,5,3,3,6,2,0,1,0,0,0,0,1,4.35552E+20,5.79228E+21,8.05537E+15,5.22771E+16
9260,2,7,14,715,2018,11,12,6,2,6,4,0,0,1,1,0,0,0,1,5.55777E+20,5.92514E+21,9.84033E+15,5.34723E+16
9261,2,4,4,407,2018,5,23,1,2,7,1,2,0,1,0,0,0,0,0,5.65633E+20,5.94031E+21,9.99198E+15,5.36075E+16
9262,2,1,1,101,2018,12,15,2,3,5,3,0,1,1,0,0,0,0,1,5.66059E+20,5.93364E+21,9.997E+15,5.35475E+16
9263,2,7,3,704,2018,10,15,6,3,2,6,0,0,1,0,0,0,1,0,5.68378E+20,5.92226E+21,1.00295E+16,5.34449E+16
9264,2,1,16,137,2018,7,12,1,3,2,6,0,0,1,0,0,0,0,0,5.66937E+20,5.9302E+21,1.00095E+16,5.35164E+16
9265,3,1,55,11,2018,1,2,2,2,1,7,2,0,1,0,0,1,0,0,5.64089E+20,5.72615E+21,9.92703E+15,5.16826E+16
9266,2,2,13,226,2018,11,8,6,3,3,7,0,0,1,0,1,0,0,0,5.52193E+20,5.93715E+21,9.78834E+15,5.35806E+16
9267,2,4,5,409,2018,8,11,2,3,6,3,0,1,0,1,0,0,0,0,5.66354E+20,5.93865E+21,1.00025E+16,5.35925E+16
9268,2,7,14,715,2018,12,22,7,3,1,5,2,0,1,0,0,0,0,1,5.55464E+20,5.92509E+21,9.8356E+15,5.34719E+16
9269,3,2,41,2,2018,1,18,5,3,8,1,2,0,1,0,0,0,0,1,5.36048E+20,5.79501E+21,9.5287E+15,5.23043E+16
9270,2,2,5,216,2018,10,17,3,3,2,6,2,0,1,0,0,0,0,0,5.59592E+20,5.93538E+21,9.89974E+15,5.35639E+16
9271,2,7,10,711,2018,5,14,7,3,0,7,0,1,0,0,0,0,0,0,5.61114E+20,5.92502E+21,9.9207E+15,5.34706E+16
9272,2,1,8,124,2018,10,14,3,3,2,6,0,0,1,0,0,1,0,1,5.69266E+20,5.93425E+21,1.00455E+16,5.35525E+16
9273,2,3,8,320,2018,5,12,7,3,5,3,0,0,1,0,0,0,0,0,5.6003E+20,5.94139E+21,9.90752E+15,5.36178E+16
9274,2,2,1,206,2018,7,13,6,3,5,3,0,0,1,0,0,1,0,0,5.63251E+20,5.93514E+21,9.95493E+15,5.35613E+16
9275,2,7,2,703,2018,6,5,6,3,9,1,1,0,1,0,0,1,0,1,5.679E+20,5.92544E+21,1.0023E+16,5.34735E+16
9276,3,4,51,7,2018,1,18,7,3,2,6,2,0,1,0,0,0,0,0,4.26325E+20,5.90425E+21,7.89495E+15,5.32824E+16
9277,2,1,6,117,2018,11,5,3,3,1,6,2,0,1,0,0,0,0,0,5.68374E+20,5.93323E+21,1.00319E+16,5.35435E+16
9278,2,3,8,320,2018,12,19,7,3,3,6,2,0,1,0,0,1,0,0,5.60782E+20,5.94023E+21,9.91865E+15,5.36073E+16
9279,3,2,41,10,2018,1,17,4,3,5,3,1,0,1,0,0,0,0,1,5.45949E+20,5.80998E+21,9.67595E+15,5.24381E+16
9280,2,2,6,218,2018,7,12,2,3,2,6,0,0,1,0,0,0,0,0,5.59509E+20,5.93497E+21,9.89842E+15,5.35603E+16
9281,2,1,19,140,2018,8,20,2,3,2,6,2,0,1,0,0,0,0,0,5.61007E+20,5.93275E+21,9.92059E+15,5.35401E+16
9282,2,4,2,403,2018,9,18,1,3,2,6,0,0,1,0,1,0,0,1,5.65119E+20,5.93891E+21,9.98393E+15,5.3595E+16
9283,3,2,41,9,2018,1,11,5,3,8,1,0,0,1,0,0,0,0,1,5.58122E+20,5.7911E+21,9.85172E+15,5.22672E+16
9284,2,4,5,409,2018,11,17,5,3,3,2,2,1,1,0,0,0,0,0,5.66565E+20,5.93857E+21,1.00057E+16,5.35918E+16
9285,2,7,10,711,2018,5,18,6,3,1,6,0,0,1,0,0,0,0,0,5.61914E+20,5.92506E+21,9.93276E+15,5.34709E+16
9286,2,4,2,405,2018,10,13,6,3,2,6,0,0,1,0,0,0,0,0,5.65119E+20,5.93955E+21,9.98406E+15,5.36007E+16
9287,2,7,1,702,2018,5,15,6,3,2,6,0,0,1,0,0,1,0,0,5.66031E+20,5.92324E+21,9.99439E+15,5.3454E+16
9288,2,1,6,117,2018,7,16,7,3,5,3,0,0,1,0,0,0,0,0,5.67979E+20,5.93416E+21,1.00261E+16,5.35519E+16
9289,3,2,41,19,2018,1,14,1,3,0,6,0,0,1,0,0,0,0,0,5.53998E+20,5.82229E+21,9.79633E+15,5.2548E+16
9290,2,3,5,317,2018,11,10,5,3,3,6,0,0,0,0,1,0,1,1,5.63744E+20,5.9395E+21,9.96327E+15,5.36005E+16
9291,2,7,14,715,2018,12,13,2,3,1,5,0,0,1,0,0,1,0,1,5.57576E+20,5.92509E+21,9.86742E+15,5.34716E+16
9292,3,2,41,1,2018,1,14,4,3,2,6,0,0,1,0,0,0,0,1,5.47655E+20,5.79992E+21,9.6996E+15,5.23475E+16
9293,2,6,2,603,2018,7,22,2,3,4,2,2,0,1,0,0,0,0,0,5.81873E+20,5.92731E+21,1.0234E+16,5.34884E+16
9294,2,7,9,710,2018,8,13,2,3,3,6,0,0,1,0,0,0,0,0,5.61132E+20,5.92169E+21,9.92032E+15,5.34407E+16
9295,2,3,9,321,2018,9,20,2,3,3,6,2,0,1,0,0,1,0,1,5.61418E+20,5.93863E+21,9.92795E+15,5.35929E+16
9296,2,6,2,603,2018,5,12,6,3,6,2,0,0,0,1,0,0,1,0,5.80686E+20,5.92704E+21,1.0216E+16,5.34861E+16
9297,2,4,5,410,2018,9,11,1,3,2,6,0,0,1,0,0,0,0,0,5.67282E+20,5.93818E+21,1.00164E+16,5.35882E+16
9298,2,1,16,136,2018,6,8,7,3,2,6,0,0,1,0,0,0,0,0,5.68728E+20,5.92798E+21,1.0036E+16,5.34963E+16
9299,3,1,58,37,2018,1,14,7,3,5,3,0,0,1,0,0,0,0,0,6.0488E+20,5.77958E+21,1.05331E+16,5.21568E+16
9300,2,6,3,604,2018,11,19,3,3,2,6,2,0,1,0,0,0,0,0,5.83069E+20,5.92554E+21,1.02515E+16,5.34723E+16
9301,2,3,7,319,2018,12,7,6,3,2,6,0,0,1,0,0,0,0,1,5.61668E+20,5.94459E+21,9.93292E+15,5.36465E+16
9302,2,3,6,318,2018,10,18,6,2,2,6,1,0,1,0,0,0,0,0,5.62383E+20,5.94176E+21,9.94316E+15,5.36209E+16
9303,2,3,5,317,2018,7,15,2,3,1,4,0,1,1,1,0,0,0,0,5.64E+20,5.93863E+21,9.96695E+15,5.35926E+16
9304,2,3,9,321,2018,8,16,3,3,0,6,0,0,0,0,0,0,1,0,5.61755E+20,5.93783E+21,9.93288E+15,5.35856E+16
9305,2,4,2,404,2018,9,14,1,3,2,6,0,0,1,0,1,0,0,0,5.65464E+20,5.93869E+21,9.98908E+15,5.35929E+16
9306,2,1,6,117,2018,5,19,6,3,5,3,0,0,1,0,0,0,0,0,5.68006E+20,5.93411E+21,1.00265E+16,5.35515E+16
9307,2,1,12,130,2018,8,16,6,3,2,6,0,0,1,0,0,0,0,0,5.75473E+20,5.93215E+21,1.01387E+16,5.35328E+16
9308,3,1,59,29,2018,1,1,3,3,3,6,2,0,1,0,0,1,0,1,5.60895E+20,5.70491E+21,9.87714E+15,5.1492E+16
9309,3,4,55,26,2018,1,17,5,3,6,2,2,0,1,1,0,0,0,0,4.3988E+20,5.93658E+21,8.09205E+15,5.35746E+16
9310,2,2,5,215,2018,11,18,6,3,5,2,2,1,1,0,0,0,0,0,5.61363E+20,5.93537E+21,9.92649E+15,5.35637E+16
9311,2,1,7,119,2018,5,16,6,3,6,7,0,1,0,1,0,0,0,0,5.67942E+20,5.93428E+21,1.00256E+16,5.3553E+16
9312,2,1,1,102,2018,12,4,7,3,2,6,2,0,1,0,0,0,0,0,5.66017E+20,5.93364E+21,9.99638E+15,5.35475E+16
9313,2,2,3,209,2018,10,16,6,3,4,2,0,1,1,0,0,0,0,0,5.62817E+20,5.93525E+21,9.9484E+15,5.35624E+16
9314,2,4,4,407,2018,7,3,1,3,5,3,2,1,1,0,0,0,0,0,5.6534E+20,5.93983E+21,9.98745E+15,5.36032E+16
9315,2,4,7,417,2018,11,19,5,3,5,2,2,1,1,0,0,0,0,1,5.68343E+20,5.93577E+21,1.00319E+16,5.35663E+16
9316,2,3,7,319,2018,8,7,6,3,5,3,0,0,1,0,0,0,0,1,5.60173E+20,5.9425E+21,9.9099E+15,5.36279E+16
9317,2,2,6,218,2018,12,17,5,3,5,3,2,1,1,0,0,0,0,1,5.59304E+20,5.93559E+21,9.89544E+15,5.35659E+16
9318,3,1,59,19,2018,1,14,5,3,2,6,0,0,1,0,0,1,0,1,5.92268E+20,5.72371E+21,1.03339E+16,5.16568E+16
9319,2,4,7,417,2018,10,20,1,3,6,2,2,0,1,1,0,0,0,0,5.67968E+20,5.93494E+21,1.00261E+16,5.35589E+16
9320,2,4,5,412,2018,5,15,6,3,2,6,0,0,1,0,0,0,0,0,5.67348E+20,5.93803E+21,1.00174E+16,5.35868E+16
9321,2,1,6,117,2018,9,20,1,3,1,6,2,0,1,0,0,0,0,0,5.6794E+20,5.93314E+21,1.00253E+16,5.35427E+16
9322,2,3,8,320,2018,5,14,6,3,0,6,0,0,0,0,1,0,0,0,5.60612E+20,5.94075E+21,9.91619E+15,5.3612E+16
9323,2,3,7,319,2018,7,7,5,3,5,3,0,1,1,0,0,0,0,0,5.60256E+20,5.94345E+21,9.91134E+15,5.36364E+16
9324,3,4,52,1,2018,1,19,7,3,5,3,2,0,1,0,0,0,0,1,3.97968E+20,5.92492E+21,7.46308E+15,5.34634E+16
9325,2,4,3,406,2018,11,5,2,3,1,6,2,0,1,0,0,0,0,1,5.66618E+20,5.94148E+21,1.00071E+16,5.36178E+16
9326,2,4,5,412,2018,12,9,6,3,4,2,0,0,1,0,1,0,0,0,5.67474E+20,5.93764E+21,1.00192E+16,5.35832E+16
9327,3,1,57,5,2018,1,17,4,3,0,2,2,0,1,0,0,0,0,1,5.87838E+20,5.78641E+21,1.02859E+16,5.22211E+16
9328,2,1,16,136,2018,7,10,6,3,2,6,0,0,1,0,0,0,0,0,5.70759E+20,5.92944E+21,1.0067E+16,5.35092E+16
9329,2,7,12,713,2018,8,13,7,3,8,1,0,0,1,0,0,0,0,0,5.60639E+20,5.92968E+21,9.91445E+15,5.35125E+16
9330,2,4,3,406,2018,9,11,6,3,2,6,0,0,1,0,0,0,0,0,5.66777E+20,5.94168E+21,1.00096E+16,5.36196E+16
9331,2,3,9,321,2018,5,12,6,3,3,6,0,0,1,0,0,1,0,0,5.61068E+20,5.93886E+21,9.92271E+15,5.35951E+16
9332,2,1,7,120,2018,9,10,5,3,5,3,0,0,1,0,0,0,0,0,5.68754E+20,5.93512E+21,1.0038E+16,5.35605E+16
9333,2,1,6,115,2018,6,23,6,3,2,6,2,0,1,0,0,0,0,0,5.67931E+20,5.93312E+21,1.00251E+16,5.35426E+16
9334,3,4,52,3,2018,1,17,3,3,0,3,1,0,1,0,0,0,0,0,3.88465E+20,5.94019E+21,7.31456E+15,5.35986E+16
9335,2,2,5,217,2018,6,7,4,3,5,3,0,1,1,0,0,0,0,0,5.57409E+20,5.9362E+21,9.86694E+15,5.35715E+16
9336,3,3,61,1,2018,1,11,6,3,5,3,0,1,1,0,0,0,0,0,5.03512E+20,5.87271E+21,9.05234E+15,5.3004E+16
9337,2,1,12,130,2018,11,18,2,3,2,6,2,0,1,0,0,0,0,1,5.75998E+20,5.93565E+21,1.01475E+16,5.35642E+16
9338,2,3,8,320,2018,12,17,4,2,2,6,2,0,1,0,0,0,0,0,5.60654E+20,5.94059E+21,9.91679E+15,5.36106E+16
9339,2,2,9,221,2018,10,16,4,3,2,6,0,0,1,0,0,0,1,0,5.56342E+20,5.9363E+21,9.85084E+15,5.35725E+16
9340,2,4,2,405,2018,7,13,6,3,4,2,0,0,1,0,0,0,0,0,5.65118E+20,5.939E+21,9.98393E+15,5.35958E+16
9341,2,7,7,708,2018,8,8,7,3,6,7,0,0,1,1,0,0,0,0,5.63988E+20,5.91987E+21,9.96295E+15,5.3424E+16
9342,2,7,13,714,2018,9,14,3,3,0,6,0,0,1,0,0,0,1,0,5.58689E+20,5.92516E+21,9.8842E+15,5.34721E+16
9343,2,4,1,402,2018,8,17,5,3,3,2,0,1,1,0,0,0,0,0,5.6448E+20,5.93795E+21,9.97406E+15,5.35864E+16
9344,3,3,53,40,2018,1,18,2,3,3,6,2,0,1,0,0,0,0,0,5.80873E+20,5.91069E+21,1.02146E+16,5.33392E+16
9345,3,3,52,32,2018,1,15,5,3,2,6,0,0,1,0,0,0,0,0,4.72418E+20,5.92186E+21,8.58472E+15,5.3445E+16
9346,2,7,9,710,2018,11,18,4,3,2,6,2,0,1,0,0,0,0,0,5.6434E+20,5.92283E+21,9.96885E+15,5.34506E+16
9347,3,3,57,24,2018,1,13,6,3,5,3,0,0,1,0,0,0,1,1,5.31783E+20,5.87767E+21,9.47412E+15,5.30476E+16
9348,3,3,51,4,2018,1,17,5,3,2,6,2,0,1,0,0,0,1,1,5.65439E+20,5.84994E+21,9.97052E+15,5.27953E+16
9349,3,2,41,1,2018,1,8,2,2,2,6,0,0,0,0,0,1,0,0,5.515E+20,5.80883E+21,9.75741E+15,5.24272E+16
9350,3,3,51,4,2018,1,17,5,3,2,6,2,0,1,0,0,0,0,1,5.65369E+20,5.85027E+21,9.96955E+15,5.27982E+16
9351,3,2,52,3,2018,1,12,1,2,5,2,0,0,1,0,0,0,1,0,5.18374E+20,5.75868E+21,9.26752E+15,5.19785E+16
9352,3,2,41,5,2018,1,18,5,3,5,3,2,1,1,0,0,0,0,0,5.39997E+20,5.8099E+21,9.58837E+15,5.24379E+16