OBJECTID_1,ULAND,UREGBEZ,UKREIS,UGEMEINDE,UJAHR,UMONAT,USTUNDE,UWOCHENTAG,UKATEGORIE,UART,UTYP1,ULICHTVERH,IstRad,IstPKW,IstFuss,IstKrad,IstGkfz,IstSonstig,STRZUSTAND,LINREFX,LINREFY,XGCSWGS84,YGCSWGS84
9545,3,1,55,10,2018,1,11,6,3,2,6,0,0,1,0,1,0,0,1,5.64796E+20,5.72019E+21,9.93614E+15,5.1629E+16
9546,3,4,53,10,2018,1,17,2,3,4,6,2,0,1,0,0,0,0,1,4.21336E+20,5.8542E+21,7.83235E+15,5.28318E+16
9547,3,2,56,22,2018,1,16,3,3,5,3,2,0,1,0,0,0,0,0,5.16661E+20,5.8325E+21,9.24623E+15,5.26422E+16
9548,3,1,58,37,2018,1,8,2,3,5,3,0,0,1,0,0,0,0,1,6.09269E+20,5.78246E+21,1.05982E+16,5.21817E+16
9549,3,2,54,20,2018,1,18,3,3,5,3,2,0,1,0,0,0,0,1,5.70799E+20,5.78435E+21,1.00361E+16,5.22051E+16
9550,3,4,58,5,2018,1,9,7,3,9,1,0,0,1,0,0,0,0,0,4.71499E+20,5.88295E+21,8.57437E+15,5.30953E+16
9551,3,4,51,7,2018,1,6,5,3,5,2,2,0,1,0,1,0,0,1,4.26371E+20,5.89469E+21,7.89784E+15,5.31965E+16
9552,3,2,54,21,2018,1,8,2,3,3,6,0,0,1,0,0,1,0,0,5.6651E+20,5.77919E+21,9.97228E+15,5.21592E+16
9553,3,2,54,21,2018,1,16,3,3,4,6,2,0,1,0,0,0,0,0,5.58483E+20,5.78886E+21,9.85662E+15,5.2247E+16
9554,3,4,52,1,2018,1,20,7,3,5,3,2,1,1,0,0,0,0,0,4.00092E+20,5.92538E+21,7.49491E+15,5.34679E+16
9555,3,4,51,4,2018,1,10,5,3,8,7,0,0,1,0,0,0,0,1,4.24657E+20,5.88672E+21,7.87406E+15,5.31246E+16
9556,3,2,54,32,2018,1,17,3,3,0,7,2,0,0,0,1,0,0,1,5.8376E+20,5.78278E+21,1.02253E+16,5.21891E+16
9557,3,2,54,21,2018,1,19,3,3,5,3,2,1,1,0,0,0,0,1,5.66189E+20,5.77977E+21,9.9677E+15,5.21644E+16
9558,3,4,53,11,2018,1,13,6,3,2,2,0,0,1,0,0,0,0,1,4.21084E+20,5.84373E+21,7.83113E+15,5.27376E+16
9559,3,4,3,0,2018,1,7,5,3,5,3,1,1,1,0,0,0,0,1,4.44576E+20,5.88833E+21,8.17142E+15,5.31415E+16
9560,3,1,54,28,2018,1,17,3,2,5,3,2,0,1,0,0,0,1,0,6.36481E+20,5.78672E+21,1.09977E+16,5.2214E+16
9561,3,4,3,0,2018,1,17,2,3,2,6,2,0,1,0,0,0,0,1,4.48104E+20,5.89173E+21,8.2236E+15,5.31724E+16
9562,3,1,3,0,2018,1,5,3,2,6,4,2,0,0,1,0,0,1,0,6.1838E+20,5.8102E+21,1.07412E+16,5.24292E+16
9563,3,2,41,1,2018,1,12,6,3,6,2,0,0,1,1,0,0,0,0,5.53153E+20,5.80859E+21,9.78169E+15,5.24249E+16
9564,3,4,54,8,2018,1,18,1,3,5,2,2,0,1,0,0,0,0,0,3.89359E+20,5.87234E+21,7.3517E+15,5.29892E+16
9565,3,1,58,37,2018,1,7,3,3,3,6,2,1,1,0,0,0,0,0,6.02139E+20,5.78034E+21,1.04933E+16,5.21641E+16
9566,3,2,41,14,2018,1,17,7,3,0,7,2,1,0,0,0,0,0,0,5.42471E+20,5.79586E+21,9.62299E+15,5.23114E+16
9567,3,2,51,7,2018,1,15,5,3,2,6,0,0,1,0,0,0,0,1,4.83153E+20,5.85536E+21,8.74984E+15,5.28477E+16
9568,3,1,57,9,2018,1,7,3,3,5,3,2,1,1,0,0,0,0,0,5.85652E+20,5.79034E+21,1.02549E+16,5.22568E+16
9569,3,4,1,0,2018,1,21,6,3,2,6,2,0,1,1,0,0,0,0,4.74849E+20,5.87802E+21,8.62478E+15,5.30511E+16
9570,3,4,58,3,2018,1,16,5,3,9,1,0,0,1,0,0,0,0,0,4.63008E+20,5.8659E+21,8.44953E+15,5.29414E+16
9571,3,1,51,17,2018,1,20,3,3,5,3,2,1,1,0,0,0,0,1,5.92873E+20,5.81389E+21,1.03672E+16,5.24673E+16
9572,3,1,51,27,2018,1,12,3,3,3,6,0,0,1,0,0,1,0,0,5.96128E+20,5.79939E+21,1.04109E+16,5.23364E+16
9573,3,4,59,24,2018,1,8,2,3,2,7,0,0,1,0,0,1,0,0,4.60934E+20,5.78328E+21,8.42841E+15,5.21986E+16
9574,3,4,3,0,2018,1,14,6,3,2,6,0,0,1,0,0,0,0,1,4.46266E+20,5.887E+21,8.1969E+15,5.31297E+16
9575,3,3,52,62,2018,1,7,5,3,2,6,1,0,1,0,0,0,0,1,4.73253E+20,5.93886E+21,8.59584E+15,5.35979E+16
9576,3,4,59,22,2018,1,14,2,3,6,2,0,0,1,1,0,0,0,0,4.41522E+20,5.77689E+21,8.14551E+15,5.21394E+16
9577,3,2,51,37,2018,1,14,2,3,2,6,0,0,1,0,0,0,0,0,4.81869E+20,5.87611E+21,8.72961E+15,5.30342E+16
9578,3,4,59,14,2018,1,6,2,3,4,6,2,0,1,0,0,0,0,0,4.30125E+20,5.80938E+21,7.97227E+15,5.24302E+16
9579,3,3,56,3,2018,1,18,1,3,5,3,2,0,1,0,0,0,0,0,4.88482E+20,5.9042E+21,8.82722E+15,5.32869E+16
9580,3,4,59,27,2018,1,16,2,2,4,2,0,0,1,0,0,0,0,0,4.18706E+20,5.80314E+21,7.80588E+15,5.23725E+16
9581,3,4,59,30,2018,1,14,2,3,2,6,0,0,1,0,0,0,0,0,4.30187E+20,5.83697E+21,7.96738E+15,5.26782E+16
9582,3,1,55,10,2018,1,18,7,3,2,2,2,0,1,0,0,0,0,0,5.63291E+20,5.72032E+21,9.91442E+15,5.16303E+16
9583,3,3,59,18,2018,1,20,5,3,2,6,2,0,1,0,0,0,0,1,5.19047E+20,5.96381E+21,9.28935E+15,5.38225E+16
9584,3,4,57,13,2018,1,15,2,2,2,6,0,0,1,0,0,0,0,0,3.98691E+20,5.8969E+21,7.48293E+15,5.32117E+16
9585,3,4,59,29,2018,1,14,2,3,4,2,0,0,1,0,0,0,0,0,4.46384E+20,5.79897E+21,8.21305E+15,5.23384E+16
9586,3,3,59,12,2018,1,14,6,3,3,6,0,0,1,0,0,0,0,0,5.37173E+20,5.93405E+21,9.56113E+15,5.3554E+16
9587,3,4,54,41,2018,1,7,2,2,2,2,1,0,1,0,0,0,0,0,3.94097E+20,5.8825E+21,7.41893E+15,5.30814E+16
9588,3,2,41,19,2018,1,14,2,3,0,1,0,1,0,0,0,0,0,0,5.46635E+20,5.82286E+21,9.68783E+15,5.25538E+16
9589,3,4,56,9,2018,1,11,2,2,5,3,0,0,1,0,0,0,0,0,3.58991E+20,5.82478E+21,6.92006E+15,5.25548E+16
9590,3,2,41,1,2018,1,18,1,3,6,4,2,0,1,1,0,0,0,0,5.47461E+20,5.80298E+21,9.69719E+15,5.2375E+16
9591,3,4,56,15,2018,1,9,2,3,2,6,1,0,1,0,0,0,0,0,3.7495E+20,5.8143E+21,7.15926E+15,5.24645E+16
9592,3,3,59,37,2018,1,7,2,3,2,2,0,0,1,0,0,0,1,1,5.39317E+20,5.91333E+21,9.59089E+15,5.33676E+16
9593,3,4,54,14,2018,1,13,2,3,2,5,0,0,1,0,0,0,0,0,3.81371E+20,5.82866E+21,7.2486E+15,5.2595E+16
9594,3,3,51,6,2018,1,8,1,3,5,3,0,1,1,0,0,0,0,0,5.76066E+20,5.83095E+21,1.01237E+16,5.26232E+16
9595,3,4,54,45,2018,1,20,2,3,2,2,2,0,1,0,0,0,0,0,3.9301E+20,5.79902E+21,7.42987E+15,5.23311E+16
9596,3,4,62,5,2018,1,19,2,3,2,6,2,0,1,0,0,0,0,2,4.17831E+20,5.92619E+21,7.76186E+15,5.34783E+16
9597,3,1,55,9,2018,1,0,7,3,3,6,2,0,1,0,0,1,0,0,5.63447E+20,5.72394E+21,9.91734E+15,5.16629E+16
9598,3,3,58,16,2018,1,17,5,2,9,1,2,0,1,0,0,0,0,1,5.66868E+20,5.87348E+21,9.99656E+15,5.30067E+16
9599,3,4,52,7,2018,1,17,2,2,2,6,2,0,1,0,0,0,0,0,3.90277E+20,5.9384E+21,7.34256E+15,5.3583E+16
9600,3,4,4,0,2018,1,10,2,3,6,4,0,0,1,1,0,0,0,0,4.35929E+20,5.78955E+21,8.06141E+15,5.22526E+16
9601,3,3,55,9,2018,1,13,6,3,9,1,0,0,1,0,0,0,0,1,6.13261E+20,5.91253E+21,1.07015E+16,5.33498E+16
9602,3,1,59,16,2018,1,18,6,2,2,6,2,0,1,0,0,0,0,1,5.64091E+20,5.7121E+21,9.92449E+15,5.15564E+16
9603,3,4,60,3,2018,1,10,2,3,5,2,0,1,1,0,0,0,0,0,4.40436E+20,5.8353E+21,8.11926E+15,5.26644E+16
9604,3,1,55,9,2018,1,7,2,3,3,6,2,0,1,0,0,0,0,2,5.57365E+20,5.73093E+21,9.83057E+15,5.17264E+16
9605,3,4,60,6,2018,1,10,2,3,5,3,0,0,1,0,0,0,0,0,4.47427E+20,5.84098E+21,8.22171E+15,5.27161E+16
9606,3,4,59,24,2018,1,11,7,3,5,3,0,0,1,0,0,0,0,0,4.55868E+20,5.77807E+21,8.35497E+15,5.21513E+16
9607,3,3,60,1,2018,1,18,5,3,5,3,0,0,1,0,0,0,0,1,6.09316E+20,5.88874E+21,1.06341E+16,5.31368E+16
9608,3,4,60,9,2018,1,6,2,3,8,7,2,0,1,0,0,0,0,0,4.49533E+20,5.84221E+21,8.25269E+15,5.27274E+16
9609,3,4,53,11,2018,1,16,2,2,4,2,1,0,1,0,0,0,0,1,4.18289E+20,5.84147E+21,7.79031E+15,5.2717E+16
9610,3,4,56,1,2018,1,12,6,3,2,6,0,0,1,0,0,0,0,0,3.75029E+20,5.79672E+21,7.16698E+15,5.23066E+16
9611,3,3,55,22,2018,1,1,5,3,9,1,2,0,1,0,0,0,0,1,5.95227E+20,5.90352E+21,1.0428E+16,5.32723E+16
9612,3,3,56,2,2018,1,9,2,3,4,6,0,0,1,0,0,0,0,0,4.98738E+20,5.89306E+21,8.98111E+15,5.31869E+16
9613,3,4,55,27,2018,1,17,2,3,6,4,2,0,1,1,0,0,0,1,4.31661E+20,5.91913E+21,7.97175E+15,5.34168E+16
9614,3,3,56,9,2018,1,6,2,3,5,3,2,0,1,0,1,0,0,1,4.75153E+20,5.89753E+21,8.62781E+15,5.32265E+16
9615,3,4,59,21,2018,1,15,6,3,5,3,0,1,1,0,0,0,0,1,4.29888E+20,5.78764E+21,7.97332E+15,5.22347E+16
9616,3,3,61,6,2018,1,17,2,3,5,3,2,1,1,0,0,0,0,0,5.12385E+20,5.86972E+21,9.18446E+15,5.29769E+16
9617,3,4,53,7,2018,1,15,2,3,5,3,1,0,1,0,0,0,1,1,4.25533E+20,5.87728E+21,7.88934E+15,5.30398E+16
9618,3,4,3,0,2018,1,15,2,3,5,2,0,1,0,0,0,0,1,0,4.45903E+20,5.88835E+21,8.19125E+15,5.31418E+16
9619,3,1,59,11,2018,1,7,2,3,4,1,1,0,1,0,0,0,0,1,5.73823E+20,5.71258E+21,1.00649E+16,5.15594E+16
9620,3,3,53,29,2018,1,6,2,3,9,1,2,0,1,0,0,0,0,2,5.61506E+20,5.91437E+21,9.92453E+15,5.33749E+16
9621,3,3,56,7,2018,1,12,7,3,9,1,0,0,1,0,0,0,0,0,4.94399E+20,5.90167E+21,8.91603E+15,5.32643E+16
9622,3,3,59,10,2018,1,13,2,3,2,6,0,0,1,0,0,0,0,0,5.42361E+20,5.92602E+21,9.63835E+15,5.34815E+16
9623,3,3,59,10,2018,1,14,2,3,5,2,0,0,1,0,0,0,0,0,5.49648E+20,5.92271E+21,9.74762E+15,5.3451E+16
9624,3,4,53,4,2018,1,7,6,3,2,2,1,0,1,0,0,0,0,0,4.32039E+20,5.85271E+21,7.9915E+15,5.28199E+16
9625,3,3,58,16,2018,1,16,2,3,5,2,2,0,1,0,0,0,0,0,5.70575E+20,5.87491E+21,1.00521E+16,5.30191E+16
9626,3,4,3,0,2018,1,16,2,3,2,6,1,0,1,0,0,0,0,1,4.45911E+20,5.88742E+21,8.19153E+15,5.31334E+16
9627,3,3,57,8,2018,1,6,2,3,5,2,2,0,1,0,0,0,0,1,5.13841E+20,5.93026E+21,9.20876E+15,5.35211E+16
9628,3,4,52,19,2018,1,15,1,3,2,6,0,0,1,0,0,0,0,0,3.83099E+20,5.93791E+21,7.23437E+15,5.3577E+16
9629,3,3,57,37,2018,1,5,2,2,2,6,2,0,1,0,0,1,0,0,5.14902E+20,5.88799E+21,9.22278E+15,5.31411E+16
9630,3,1,51,16,2018,1,20,2,3,5,3,2,0,1,0,0,0,0,0,6.04069E+20,5.7989E+21,1.05272E+16,5.23306E+16
9631,3,3,57,13,2018,1,11,2,3,2,7,0,0,1,0,0,1,0,0,5.23297E+20,5.89831E+21,9.34903E+15,5.32335E+16
9632,3,3,57,31,2018,1,17,7,2,8,1,2,0,1,0,0,0,0,0,5.27193E+20,5.87517E+21,9.40544E+15,5.30254E+16
9633,3,3,60,8,2018,1,12,2,3,5,3,0,0,1,0,0,0,0,0,6.03198E+20,5.87589E+21,1.05386E+16,5.30226E+16
9634,3,3,55,26,2018,1,6,2,3,7,7,2,0,1,0,0,0,0,2,6.12842E+20,5.90427E+21,1.06923E+16,5.32757E+16
9635,3,2,51,47,2018,1,13,6,3,2,2,0,0,1,0,0,0,0,0,4.8766E+20,5.87129E+21,8.81617E+15,5.2991E+16
9636,3,3,51,6,2018,1,12,2,3,1,1,0,0,1,0,0,0,0,0,5.7558E+20,5.8289E+21,1.01161E+16,5.26049E+16
9637,3,2,51,47,2018,1,15,2,3,2,6,0,0,1,0,0,0,0,1,4.85698E+20,5.87078E+21,8.78695E+15,5.29864E+16
9638,3,2,41,1,2018,1,18,2,3,5,3,2,1,1,0,0,0,0,0,5.49716E+20,5.80233E+21,9.73021E+15,5.2369E+16
9639,3,3,53,31,2018,1,10,1,3,5,3,0,0,1,0,0,0,0,0,5.64979E+20,5.91718E+21,9.9773E+15,5.33997E+16
9640,3,2,41,1,2018,1,13,2,3,2,6,0,0,1,0,0,0,0,0,5.47495E+20,5.80322E+21,9.69772E+15,5.23772E+16
9641,3,2,41,21,2018,1,15,2,3,4,2,0,1,1,0,0,0,0,0,5.29188E+20,5.80867E+21,9.42927E+15,5.24275E+16
9642,3,2,54,3,2018,1,17,7,3,5,3,2,0,1,0,0,0,0,0,5.66516E+20,5.79197E+21,9.97489E+15,5.22741E+16
9643,3,2,41,1,2018,1,7,6,2,2,6,1,0,1,0,0,0,0,1,5.54027E+20,5.80046E+21,9.79322E+15,5.23517E+16
9644,3,2,41,21,2018,1,8,2,3,6,2,0,0,1,1,0,0,0,0,5.29064E+20,5.80908E+21,9.42749E+15,5.24311E+16
9645,3,4,59,7,2018,1,6,2,2,4,6,2,0,1,0,0,1,0,0,4.30339E+20,5.83295E+21,7.97048E+15,5.2642E+16
9646,3,2,41,12,2018,1,12,2,3,6,7,0,0,1,1,0,0,0,0,5.30121E+20,5.81725E+21,9.44376E+15,5.25046E+16
9647,3,2,41,1,2018,1,15,7,2,0,1,0,1,0,0,0,0,0,0,5.54404E+20,5.80877E+21,9.80011E+15,5.24264E+16
9648,3,2,41,18,2018,1,11,2,3,2,6,0,0,1,0,0,0,0,0,5.77218E+20,5.81281E+21,1.01365E+16,5.246E+16
9649,3,3,53,26,2018,1,12,6,3,5,3,0,1,1,0,0,0,0,1,5.51699E+20,5.92732E+21,9.77927E+15,5.34923E+16
9650,3,2,41,1,2018,1,15,2,3,2,6,0,0,1,0,0,0,1,0,5.55932E+20,5.80655E+21,9.82221E+15,5.24063E+16
9651,3,3,60,17,2018,1,8,2,2,5,3,0,0,1,0,0,0,1,1,6.1226E+20,5.88391E+21,1.06764E+16,5.30929E+16
9652,3,2,41,11,2018,1,7,2,1,2,6,2,0,1,0,0,1,0,0,5.75192E+20,5.80212E+21,1.01043E+16,5.23642E+16
9653,3,2,41,13,2018,1,16,1,3,8,1,1,0,1,0,0,0,0,0,5.54265E+20,5.78292E+21,9.79389E+15,5.21941E+16
9654,3,2,41,14,2018,1,8,2,2,6,2,1,0,1,1,0,0,0,0,5.4543E+20,5.79897E+21,9.66682E+15,5.23391E+16
9655,3,1,59,19,2018,1,12,2,3,5,3,0,0,1,0,0,0,1,0,5.92274E+20,5.7237E+21,1.0334E+16,5.16567E+16
9656,3,1,2,0,2018,1,22,7,3,2,2,2,0,1,0,0,0,0,0,5.93615E+20,5.77293E+21,1.03667E+16,5.2099E+16
9657,3,2,57,31,2018,1,18,2,3,2,6,2,0,1,0,0,0,0,0,5.05927E+20,5.77918E+21,9.08665E+15,5.21631E+16
9658,3,4,54,57,2018,1,14,2,3,2,2,0,0,1,0,0,0,0,0,4.10806E+20,5.85686E+21,7.67536E+15,5.2854E+16
9659,3,2,41,19,2018,1,14,6,3,2,2,0,0,1,0,0,0,1,1,5.4111E+20,5.82483E+21,9.6066E+15,5.25719E+16
9660,3,1,59,16,2018,1,16,6,2,5,3,2,0,1,0,0,0,0,1,5.66596E+20,5.71248E+21,9.96068E+15,5.15595E+16
9661,3,2,56,22,2018,1,8,2,3,1,5,2,0,1,0,0,0,1,1,5.16209E+20,5.83526E+21,9.23969E+15,5.2667E+16
9662,3,2,56,36,2018,1,15,2,3,2,2,0,0,1,0,0,1,0,0,5.0521E+20,5.83962E+21,9.07712E+15,5.27065E+16
9663,3,4,59,1,2018,1,4,4,2,9,1,2,0,1,0,0,0,0,2,4.27249E+20,5.81529E+21,7.92869E+15,5.24829E+16
9664,3,1,58,2,2018,1,13,6,2,2,6,0,0,1,0,0,0,0,1,5.8573E+20,5.77346E+21,1.02517E+16,5.21051E+16
9665,3,4,4,0,2018,1,18,4,2,5,3,2,0,1,0,0,1,0,1,4.28203E+20,5.79532E+21,7.94702E+15,5.23035E+16
9666,3,4,4,0,2018,1,6,4,3,0,1,2,0,0,0,1,0,0,2,4.38288E+20,5.78977E+21,8.09592E+15,5.22549E+16
9667,3,4,59,34,2018,1,13,6,3,5,3,0,0,1,0,0,0,0,1,4.32544E+20,5.77366E+21,8.01499E+15,5.21094E+16
9668,3,2,41,9,2018,1,7,5,3,2,6,1,0,1,0,0,0,0,1,5.55755E+20,5.79598E+21,9.81785E+15,5.23113E+16
9669,3,4,57,18,2018,1,19,4,2,0,7,2,0,1,0,0,0,0,1,4.04212E+20,5.88196E+21,7.57005E+15,5.30785E+16
9670,3,3,55,9,2018,1,13,6,3,8,1,0,0,1,0,0,0,0,1,6.194E+20,5.90118E+21,1.07895E+16,5.32464E+16
9671,3,4,57,21,2018,1,7,4,3,8,1,2,0,1,0,0,0,0,1,3.86447E+20,5.88827E+21,7.30273E+15,5.31317E+16
9672,3,4,57,22,2018,1,10,5,3,5,3,0,1,1,0,0,0,0,1,3.97082E+20,5.88655E+21,7.46217E+15,5.31185E+16
9673,3,4,54,57,2018,1,13,4,3,5,3,0,1,1,0,0,0,0,1,4.10684E+20,5.85684E+21,7.67356E+15,5.28539E+16
9674,3,4,54,51,2018,1,8,4,3,5,3,2,0,1,0,0,1,0,1,3.98911E+20,5.87401E+21,7.49344E+15,5.30061E+16
9675,3,4,60,8,2018,1,6,6,3,8,1,2,0,1,0,0,0,0,2,4.46408E+20,5.82406E+21,8.20936E+15,5.2564E+16
9676,3,1,58,39,2018,1,5,5,2,4,1,2,0,1,0,0,0,0,2,6.04559E+20,5.76491E+21,1.0524E+16,5.2025E+16
9677,3,4,56,27,2018,1,6,4,3,8,1,2,0,0,0,0,0,1,2,3.79576E+20,5.79487E+21,7.2343E+15,5.2291E+16
9678,3,4,62,5,2018,1,17,4,3,5,5,2,0,1,0,0,0,0,1,4.30125E+20,5.92391E+21,7.94757E+15,5.34596E+16
9679,3,4,57,14,2018,1,12,6,3,5,3,0,0,1,0,0,0,0,1,3.99419E+20,5.91041E+21,7.48956E+15,5.33333E+16
9680,3,2,52,6,2018,1,16,5,3,9,7,2,0,1,0,0,0,0,1,5.26294E+20,5.7729E+21,9.38392E+15,5.2106E+16
9681,3,3,52,32,2018,1,7,5,3,2,6,2,0,1,0,0,0,0,1,4.75389E+20,5.92749E+21,8.62901E+15,5.34958E+16
9682,3,4,62,15,2018,1,5,4,3,9,1,2,0,1,0,0,0,0,2,4.12519E+20,5.94175E+21,7.6775E+15,5.36172E+16
9683,3,1,2,0,2018,1,7,3,3,5,3,2,0,1,0,0,0,0,1,5.90194E+20,5.7796E+21,1.03185E+16,5.21595E+16
9684,3,2,41,15,2018,1,16,6,3,1,5,1,0,1,0,0,0,0,1,5.40171E+20,5.80535E+21,9.5904E+15,5.2397E+16
9685,3,4,52,11,2018,1,11,4,3,2,6,0,0,1,0,0,0,0,1,3.83114E+20,5.92123E+21,7.24081E+15,5.34272E+16
9686,3,4,56,1,2018,1,10,5,2,4,6,0,0,1,0,0,1,0,1,3.74469E+20,5.79767E+21,7.15842E+15,5.2315E+16
9687,3,4,52,19,2018,1,14,4,2,1,1,0,0,1,0,0,0,1,1,3.80009E+20,5.93942E+21,7.18714E+15,5.35899E+16
9688,3,4,52,19,2018,1,7,4,3,4,1,2,0,1,0,0,0,0,2,3.80724E+20,5.94355E+21,7.19636E+15,5.36272E+16
9689,3,3,61,12,2018,1,6,6,3,7,1,2,0,1,0,0,0,0,2,5.17412E+20,5.87001E+21,9.25933E+15,5.29794E+16
9690,3,1,54,14,2018,1,22,5,3,2,6,2,0,1,0,0,0,0,2,6.18098E+20,5.79987E+21,1.07334E+16,5.23364E+16
9691,3,4,52,1,2018,1,7,4,3,5,3,1,1,1,0,0,0,0,2,4.00011E+20,5.92536E+21,7.49371E+15,5.34677E+16
9692,3,1,59,26,2018,1,18,6,3,0,3,2,0,1,0,0,0,0,1,5.84896E+20,5.73316E+21,1.02296E+16,5.17429E+16
9693,3,4,52,12,2018,1,8,4,3,2,6,2,0,1,0,0,0,0,2,4.01597E+20,5.91998E+21,7.51927E+15,5.34197E+16
9694,3,4,55,15,2018,1,21,5,3,8,1,2,0,1,0,0,0,0,2,4.34375E+20,5.93158E+21,8.00998E+15,5.3529E+16
9695,3,2,41,3,2018,1,12,6,3,2,6,0,0,1,0,0,0,0,1,5.64464E+20,5.81203E+21,9.94867E+15,5.24546E+16
9696,3,4,60,6,2018,1,6,4,3,5,3,2,1,1,0,0,0,0,1,4.43868E+20,5.83449E+21,8.17014E+15,5.26575E+16
9697,3,4,60,10,2018,1,6,5,3,8,1,2,0,1,0,0,0,0,1,4.58959E+20,5.85301E+21,8.3909E+15,5.28253E+16
9698,3,4,60,2,2018,1,22,4,2,9,1,2,0,1,0,0,0,0,1,4.46039E+20,5.81977E+21,8.20463E+15,5.25254E+16
9699,3,4,60,9,2018,1,7,4,3,4,6,2,0,1,0,0,0,0,2,4.53416E+20,5.8471E+21,8.3095E+15,5.27717E+16
9700,3,4,61,7,2018,1,18,6,2,5,3,2,1,0,0,0,0,1,0,4.63751E+20,5.92604E+21,8.45375E+15,5.34821E+16
9701,3,4,59,1,2018,1,2,4,3,8,1,2,0,1,0,0,0,0,1,4.27249E+20,5.81809E+21,7.92807E+15,5.25081E+16
9702,3,3,56,11,2018,1,17,4,3,6,4,2,0,1,1,0,0,0,1,4.95049E+20,5.89726E+21,8.92584E+15,5.32246E+16
9703,3,1,59,21,2018,1,10,6,3,8,1,0,0,1,0,0,0,0,2,5.57819E+20,5.70139E+21,9.83227E+15,5.14607E+16
9704,3,3,56,9,2018,1,16,4,3,2,6,0,0,1,0,0,0,0,1,4.7271E+20,5.8992E+21,8.59107E+15,5.32413E+16
9705,3,3,61,9,2018,1,6,4,3,3,5,2,0,1,0,0,0,0,1,5.06174E+20,5.87851E+21,9.09211E+15,5.3056E+16
9706,3,1,3,0,2018,1,14,7,3,3,6,0,0,1,0,0,0,0,1,6.20864E+20,5.8128E+21,1.07786E+16,5.2452E+16
9707,3,4,55,14,2018,1,21,4,3,8,1,2,0,1,0,0,0,0,1,4.34798E+20,5.92405E+21,8.01793E+15,5.34614E+16
9708,3,4,51,7,2018,1,21,4,3,8,1,2,0,1,0,0,0,1,2,4.28294E+20,5.90285E+21,7.92478E+15,5.327E+16
9709,3,2,54,14,2018,1,11,7,2,5,3,0,0,1,0,0,0,0,1,5.49457E+20,5.77477E+21,9.72237E+15,5.21212E+16
9710,3,2,51,44,2018,1,21,4,3,0,3,2,0,1,0,0,0,0,2,4.72995E+20,5.82394E+21,8.60159E+15,5.25649E+16
9711,3,3,52,62,2018,1,9,6,3,8,1,0,0,1,0,0,0,0,1,4.77471E+20,5.94591E+21,8.65906E+15,5.36615E+16
9712,3,4,58,8,2018,1,18,4,3,8,1,2,0,1,0,0,0,0,1,4.7002E+20,5.86718E+21,8.55375E+15,5.29534E+16
9713,3,3,53,40,2018,1,6,4,3,4,2,2,0,1,0,0,0,0,1,5.80865E+20,5.91041E+21,1.02145E+16,5.33366E+16
9714,3,1,51,27,2018,1,21,3,3,9,1,2,0,1,0,0,0,0,2,5.98734E+20,5.80037E+21,1.04494E+16,5.23447E+16
9715,3,1,2,0,2018,1,5,6,3,4,2,2,0,1,0,0,0,0,0,5.96787E+20,5.77814E+21,1.04145E+16,5.21453E+16
9716,3,3,53,5,2018,1,7,4,3,5,3,0,1,1,0,0,0,0,1,5.53535E+20,5.90712E+21,9.80349E+15,5.33106E+16
9717,3,3,59,1,2018,1,10,4,3,4,6,0,0,1,0,0,0,1,2,5.34484E+20,5.93573E+21,9.52072E+15,5.35693E+16
9718,3,4,59,30,2018,1,22,6,2,5,3,2,0,1,0,0,1,0,1,4.29017E+20,5.83707E+21,7.95004E+15,5.26789E+16
9719,3,2,57,28,2018,1,12,5,3,2,6,0,0,1,0,0,0,0,1,5.09202E+20,5.78903E+21,9.13479E+15,5.22516E+16
9720,3,3,52,11,2018,1,11,5,3,8,1,0,0,1,0,0,0,0,2,4.86907E+20,5.96027E+21,8.80125E+15,5.37909E+16
9721,3,3,59,25,2018,1,8,4,3,2,6,0,0,1,0,0,1,0,2,5.20428E+20,5.9416E+21,9.30885E+15,5.36228E+16
9722,3,1,53,17,2018,1,21,3,3,8,1,2,0,1,0,0,0,0,2,6.08077E+20,5.7585E+21,1.05732E+16,5.19667E+16
9723,3,3,51,25,2018,1,7,6,1,4,6,1,0,1,0,0,0,1,2,5.79342E+20,5.83968E+21,1.01742E+16,5.27012E+16
9724,3,3,57,22,2018,1,14,4,2,4,6,0,0,1,0,0,0,0,1,5.1802E+20,5.87964E+21,9.26892E+15,5.3066E+16
9725,3,4,57,18,2018,1,7,5,3,2,6,2,0,1,0,0,0,0,1,4.01154E+20,5.88092E+21,7.52472E+15,5.30686E+16
9726,3,3,55,5,2018,1,14,4,1,4,6,0,0,1,0,0,1,0,1,6.01784E+20,5.89883E+21,1.05248E+16,5.3229E+16
9727,3,4,61,4,2018,1,8,5,3,5,3,0,0,1,0,0,1,0,1,4.63555E+20,5.89823E+21,8.45401E+15,5.32321E+16
9728,3,3,53,18,2018,1,14,6,3,9,1,0,0,1,0,0,0,0,1,5.37124E+20,5.90689E+21,9.55718E+15,5.33099E+16
9729,3,2,41,21,2018,1,10,4,2,4,2,0,0,1,0,0,0,0,1,5.32274E+20,5.80444E+21,9.47424E+15,5.23893E+16
9730,3,4,59,34,2018,1,16,5,3,5,3,1,0,1,0,0,0,0,1,4.32544E+20,5.77366E+21,8.01499E+15,5.21094E+16
9731,3,2,41,10,2018,1,22,4,3,0,1,2,1,0,0,0,0,0,1,5.49841E+20,5.81388E+21,9.73377E+15,5.24728E+16
9732,3,2,41,11,2018,1,14,4,3,2,6,0,0,0,0,0,1,0,1,5.65157E+20,5.8049E+21,9.95747E+15,5.23905E+16
9733,3,4,56,14,2018,1,23,6,3,8,1,2,0,0,0,0,0,1,2,3.62209E+20,5.81709E+21,6.97068E+15,5.24865E+16
9734,3,1,59,29,2018,1,13,5,3,9,1,0,0,0,0,0,0,1,0,5.61314E+20,5.69872E+21,9.8821E+15,5.14364E+16
9735,3,3,58,7,2018,1,7,5,3,9,6,2,0,1,0,0,1,0,1,5.46448E+20,5.83831E+21,9.68725E+15,5.26927E+16