OBJECTID_1,ULAND,UREGBEZ,UKREIS,UGEMEINDE,UJAHR,UMONAT,USTUNDE,UWOCHENTAG,UKATEGORIE,UART,UTYP1,ULICHTVERH,IstRad,IstPKW,IstFuss,IstKrad,IstGkfz,IstSonstig,STRZUSTAND,LINREFX,LINREFY,XGCSWGS84,YGCSWGS84
9928,3,4,61,3,2018,1,9,5,3,9,1,0,0,1,0,0,0,0,2,4.52928E+20,5.93918E+21,8.28869E+15,5.35994E+16
9929,3,4,1,0,2018,1,9,6,2,6,4,0,0,1,1,0,0,0,1,4.7507E+20,5.87649E+21,8.62821E+15,5.30373E+16
9930,3,2,52,6,2018,1,6,3,2,4,1,2,0,1,0,0,0,0,0,5.19134E+20,5.77582E+21,9.27954E+15,5.21325E+16
9931,3,1,59,16,2018,1,10,3,3,2,2,0,1,1,0,0,0,0,1,5.65234E+20,5.70767E+21,9.94015E+15,5.15164E+16
9932,3,2,51,45,2018,1,21,6,3,5,3,1,0,1,0,0,0,0,1,4.79069E+20,5.83132E+21,8.69073E+15,5.26315E+16
9933,3,4,59,14,2018,1,7,4,3,5,3,1,1,1,0,0,0,0,1,4.23603E+20,5.81138E+21,7.87591E+15,5.24472E+16
9934,3,1,54,24,2018,1,17,3,3,8,1,1,0,1,0,0,0,0,1,6.33019E+20,5.80761E+21,1.09553E+16,5.24026E+16
9935,3,2,54,32,2018,1,12,6,3,5,3,0,0,1,0,0,0,0,1,5.84059E+20,5.78292E+21,1.02297E+16,5.21903E+16
9936,3,1,58,37,2018,1,22,3,3,9,1,2,0,1,0,0,0,0,2,6.07796E+20,5.7855E+21,1.05776E+16,5.22094E+16
9937,3,2,51,13,2018,1,12,5,3,2,2,0,0,1,0,0,0,0,1,4.62336E+20,5.83445E+21,8.44316E+15,5.26587E+16
9938,3,1,58,39,2018,1,14,3,3,9,1,0,0,1,0,0,0,0,1,6.03916E+20,5.76496E+21,1.05146E+16,5.20255E+16
9939,3,1,54,1,2018,1,3,7,3,9,1,2,0,1,0,0,0,0,2,6.35939E+20,5.8047E+21,1.0997E+16,5.23757E+16
9940,3,1,58,37,2018,1,15,3,3,5,3,0,0,1,0,0,0,0,1,6.05256E+20,5.78163E+21,1.05393E+16,5.21751E+16
9941,3,3,59,22,2018,1,23,6,3,5,3,2,0,1,0,0,0,0,2,5.24269E+20,5.93948E+21,9.36677E+15,5.36035E+16
9942,3,1,2,0,2018,1,7,3,3,6,2,1,0,1,1,0,0,0,1,5.94431E+20,5.7671E+21,1.0377E+16,5.20464E+16
9943,3,1,2,0,2018,1,19,3,2,8,1,2,0,1,0,0,0,0,2,5.94398E+20,5.7701E+21,1.03773E+16,5.20735E+16
9944,3,4,59,3,2018,1,7,2,2,4,2,2,1,1,0,0,0,0,0,4.58809E+20,5.79668E+21,8.39568E+15,5.23189E+16
9945,3,1,2,0,2018,1,16,6,2,0,7,1,0,1,0,0,1,0,0,5.92743E+20,5.77831E+21,1.03554E+16,5.21475E+16
9946,3,2,41,15,2018,1,11,3,3,2,6,0,0,1,0,0,0,0,0,5.33917E+20,5.80596E+21,9.49855E+15,5.24028E+16
9947,3,3,52,32,2018,1,7,3,3,2,6,2,0,1,0,0,0,1,1,4.79168E+20,5.926E+21,8.68607E+15,5.34826E+16
9948,3,2,57,12,2018,1,14,4,3,3,6,0,0,1,0,0,1,0,0,5.07807E+20,5.78562E+21,9.11428E+15,5.22209E+16
9949,3,1,1,0,2018,1,13,7,3,8,7,0,0,1,0,0,0,0,0,6.04396E+20,5.78434E+21,1.05275E+16,5.21996E+16
9950,3,4,59,4,2018,1,18,2,3,5,3,2,0,1,0,0,0,0,1,4.34401E+20,5.77868E+21,8.04114E+15,5.21547E+16
9951,3,3,52,62,2018,1,11,3,3,4,6,0,0,0,0,0,1,0,0,4.85025E+20,5.94097E+21,8.77362E+15,5.36174E+16
9952,3,2,41,3,2018,1,17,6,2,5,3,2,0,1,0,1,0,0,0,5.69709E+20,5.81973E+21,1.00275E+16,5.25232E+16
9953,3,2,41,15,2018,1,18,2,3,5,2,2,1,1,0,0,0,0,1,5.40072E+20,5.80521E+21,9.58892E+15,5.23957E+16
9954,3,3,59,10,2018,1,17,3,3,5,2,1,1,1,0,0,0,0,0,5.4928E+20,5.92285E+21,9.7421E+15,5.34524E+16
9955,3,2,57,31,2018,1,16,1,3,3,6,0,0,1,0,0,0,0,0,5.10063E+20,5.78548E+21,9.14731E+15,5.22196E+16
9956,3,4,53,5,2018,1,9,4,3,1,7,0,0,1,0,0,0,0,0,4.48372E+20,5.85158E+21,8.23402E+15,5.28115E+16
9957,3,4,51,4,2018,1,19,7,3,5,3,2,1,1,0,0,0,0,0,4.31293E+20,5.88609E+21,7.97335E+15,5.31198E+16
9958,3,3,58,22,2018,1,17,3,3,2,6,2,0,1,0,0,0,1,0,5.41642E+20,5.85322E+21,9.61803E+15,5.28272E+16
9959,3,4,4,0,2018,1,7,3,3,2,6,1,0,1,0,0,0,0,0,4.31268E+20,5.79132E+21,7.99277E+15,5.22679E+16
9960,3,4,62,17,2018,1,17,6,2,2,6,2,0,1,0,0,0,1,1,4.15655E+20,5.94647E+21,7.72361E+15,5.36601E+16
9961,3,4,52,19,2018,1,16,2,3,5,2,0,0,1,0,0,0,0,1,3.79425E+20,5.94135E+21,7.17758E+15,5.36071E+16
9962,3,3,60,25,2018,1,15,3,3,4,2,0,0,1,0,0,0,0,1,6.05717E+20,5.8691E+21,1.05739E+16,5.2961E+16
9963,3,1,59,13,2018,1,9,6,2,8,1,0,0,1,0,0,0,0,1,5.64855E+20,5.70219E+21,9.93367E+15,5.14671E+16
9964,3,2,54,2,2018,1,12,2,3,2,6,0,0,1,0,0,1,0,0,5.56163E+20,5.76025E+21,9.81792E+15,5.19901E+16
9965,3,4,57,24,2018,1,11,2,3,8,1,0,0,1,0,0,0,0,1,3.85028E+20,5.89108E+21,7.28051E+15,5.31567E+16
9966,3,3,55,33,2018,1,16,3,3,5,2,1,0,1,0,0,0,0,1,6.00082E+20,5.9074E+21,1.0502E+16,5.33063E+16
9967,3,2,57,31,2018,1,14,6,3,6,4,0,0,1,1,0,0,0,0,5.0547E+20,5.7828E+21,9.08002E+15,5.21956E+16
9968,3,2,41,5,2018,1,13,2,3,2,6,0,0,1,0,0,0,0,0,5.39177E+20,5.80826E+21,9.57613E+15,5.24232E+16
9969,3,2,51,41,2018,1,11,5,2,8,1,0,0,1,0,0,0,0,0,4.90578E+20,5.85756E+21,8.86004E+15,5.28677E+16
9970,3,3,52,11,2018,1,12,7,3,2,6,0,0,1,0,0,0,0,1,4.79972E+20,5.96818E+21,8.69548E+15,5.38617E+16
9971,3,2,41,1,2018,1,7,3,3,8,1,2,0,1,0,0,0,0,1,5.57987E+20,5.79722E+21,9.8508E+15,5.23222E+16
9972,3,4,59,24,2018,1,17,4,3,5,3,2,0,1,0,0,0,0,0,4.51277E+20,5.78811E+21,8.28642E+15,5.22412E+16
9973,3,1,3,0,2018,1,14,1,3,0,2,0,0,1,0,0,0,0,1,6.24225E+20,5.81254E+21,1.08279E+16,5.24489E+16
9974,3,4,61,7,2018,1,17,4,3,5,2,0,0,1,0,0,0,0,0,4.65296E+20,5.92858E+21,8.47676E+15,5.35051E+16
9975,3,3,52,32,2018,1,18,7,3,5,3,2,0,1,0,0,0,0,0,4.72239E+20,5.92144E+21,8.58206E+15,5.34413E+16
9976,3,2,41,8,2018,1,16,3,3,2,6,2,0,1,0,0,0,0,0,5.59918E+20,5.80985E+21,9.88139E+15,5.24356E+16
9977,3,3,56,7,2018,1,11,3,2,4,6,0,0,1,0,0,0,0,1,4.8183E+20,5.89796E+21,8.72779E+15,5.32306E+16
9978,3,4,55,26,2018,1,7,6,3,2,2,2,0,1,0,1,0,0,1,4.39921E+20,5.91656E+21,8.0965E+15,5.33947E+16
9979,3,4,53,5,2018,1,5,2,3,9,1,2,0,1,0,0,0,0,1,4.4043E+20,5.85288E+21,8.11598E+15,5.28224E+16
9980,3,2,41,11,2018,1,18,3,3,2,6,2,0,1,0,0,0,0,0,5.70575E+20,5.80358E+21,1.00368E+16,5.23779E+16
9981,3,1,51,9,2018,1,16,6,2,4,6,1,0,1,0,0,0,0,0,5.99468E+20,5.81529E+21,1.04646E+16,5.24787E+16
9982,3,1,2,0,2018,1,17,2,3,2,6,1,0,1,0,0,0,0,0,5.92921E+20,5.76698E+21,1.03549E+16,5.20456E+16
9983,3,2,41,10,2018,1,7,3,2,5,2,2,0,1,0,0,0,0,1,5.49508E+20,5.81598E+21,9.72918E+15,5.24917E+16
9984,3,2,41,3,2018,1,7,4,3,2,6,1,0,1,0,0,0,0,1,5.69383E+20,5.81243E+21,1.00211E+16,5.24576E+16
9985,3,2,52,3,2018,1,17,7,3,4,6,2,0,1,0,0,0,0,0,5.22496E+20,5.76008E+21,9.32762E+15,5.19909E+16
9986,3,2,41,1,2018,1,6,3,3,2,6,2,0,1,0,0,0,0,1,5.53652E+20,5.80087E+21,9.78779E+15,5.23555E+16
9987,3,2,57,3,2018,1,9,3,3,7,7,0,0,1,0,0,1,0,0,5.14556E+20,5.78575E+21,9.21309E+15,5.2222E+16
9988,3,3,53,31,2018,1,20,4,2,5,3,2,0,1,0,0,0,0,0,5.65232E+20,5.91853E+21,9.98139E+15,5.34118E+16
9989,3,3,55,35,2018,1,17,7,3,4,6,2,0,1,0,0,0,0,0,5.86629E+20,5.89694E+21,1.02973E+16,5.32147E+16
9990,3,1,55,10,2018,1,16,3,3,5,3,0,0,1,0,0,0,0,0,5.641E+20,5.72E+21,9.92605E+15,5.16274E+16
9991,3,4,61,9,2018,1,19,3,3,5,3,2,0,1,0,0,0,0,1,4.56824E+20,5.92131E+21,8.35002E+15,5.34391E+16
9992,3,4,55,14,2018,1,16,6,3,2,6,0,0,1,0,0,0,0,0,4.34753E+20,5.92474E+21,8.0171E+15,5.34676E+16
9993,3,4,58,13,2018,1,12,2,3,1,1,0,0,1,0,0,1,0,1,4.44004E+20,5.8803E+21,8.16427E+15,5.30692E+16
9994,3,2,57,31,2018,1,19,3,1,8,1,2,0,1,0,0,0,0,1,5.10426E+20,5.78316E+21,9.15255E+15,5.21988E+16
9995,3,1,51,9,2018,1,15,2,3,5,3,0,1,1,0,0,0,0,0,6.07098E+20,5.81425E+21,1.05766E+16,5.24679E+16
9996,3,2,41,1,2018,1,15,3,3,2,6,0,0,1,0,0,0,0,0,5.44292E+20,5.80848E+21,9.65137E+15,5.24247E+16
9997,3,2,54,21,2018,1,17,3,3,2,6,2,0,1,0,0,0,0,0,5.64114E+20,5.77858E+21,9.93714E+15,5.2154E+16
9998,3,2,57,3,2018,1,11,4,3,2,6,0,0,0,0,0,1,0,0,5.18734E+20,5.78745E+21,9.27434E+15,5.22371E+16
9999,3,1,53,2,2018,1,10,7,3,4,2,0,0,1,0,0,0,0,0,6.06206E+20,5.74998E+21,1.05433E+16,5.18905E+16
10000,3,2,52,1,2018,1,18,3,3,2,6,2,0,1,0,0,0,0,1,5.21137E+20,5.76881E+21,9.30837E+15,5.20695E+16
10001,3,3,51,24,2018,1,11,6,3,5,3,0,1,1,0,0,0,0,0,5.61486E+20,5.83737E+21,9.90955E+15,5.26828E+16
10002,3,3,51,12,2018,1,17,2,3,2,6,2,0,1,0,0,0,0,1,5.62941E+20,5.83184E+21,9.93002E+15,5.26328E+16
10003,3,2,52,6,2018,1,10,3,3,6,2,0,0,1,1,0,0,0,1,5.25082E+20,5.77269E+21,9.36621E+15,5.21041E+16
10004,3,2,51,5,2018,1,7,6,3,5,3,1,1,1,0,0,0,0,1,4.66063E+20,5.84076E+21,8.4976E+15,5.27157E+16
10005,3,3,58,5,2018,1,16,2,3,8,1,2,0,0,0,0,1,0,1,5.45997E+20,5.83316E+21,9.67985E+15,5.26464E+16
10006,3,1,55,6,2018,1,20,3,3,2,6,0,0,1,0,0,0,0,1,5.77271E+20,5.74448E+21,1.01217E+16,5.18458E+16
10007,3,4,61,8,2018,1,18,1,3,4,6,2,0,1,0,0,0,0,1,4.60277E+20,5.90585E+21,8.40394E+15,5.33004E+16
10008,3,3,59,25,2018,1,6,7,3,8,1,2,0,1,0,0,0,0,2,5.21413E+20,5.9415E+21,9.32374E+15,5.36219E+16
10009,3,2,54,17,2018,1,14,3,3,2,6,0,0,1,0,0,0,0,0,5.60808E+20,5.78629E+21,9.89022E+15,5.22237E+16
10010,3,1,54,4,2018,1,16,3,3,2,6,1,0,1,0,0,0,0,0,6.27979E+20,5.81011E+21,1.08822E+16,5.24262E+16
10011,3,2,56,5,2018,1,13,4,3,5,3,0,1,0,0,0,0,1,0,5.15883E+20,5.83814E+21,9.23501E+15,5.2693E+16
10012,3,4,59,29,2018,1,13,6,3,2,2,0,0,1,0,0,0,0,0,4.46054E+20,5.80273E+21,8.2076E+15,5.23722E+16
10013,3,4,4,0,2018,1,17,2,3,2,6,2,0,1,0,0,0,0,1,4.31348E+20,5.79446E+21,7.99331E+15,5.22962E+16
10014,3,1,58,37,2018,1,12,3,3,6,4,0,0,1,1,0,0,0,0,6.03826E+20,5.78045E+21,1.0518E+16,5.21648E+16
10015,3,1,55,12,2018,1,13,6,3,2,6,0,0,1,0,1,0,0,0,5.4379E+20,5.72362E+21,9.63311E+15,5.16618E+16
10016,3,2,41,5,2018,1,20,2,3,6,6,2,0,1,1,0,0,0,1,5.42036E+20,5.81351E+21,9.61882E+15,5.24702E+16
10017,3,4,58,3,2018,1,17,5,3,8,1,2,0,1,0,0,0,0,1,4.59451E+20,5.87062E+21,8.39601E+15,5.29836E+16
10018,3,3,55,30,2018,1,17,7,3,7,7,2,0,1,0,0,0,0,0,6.00456E+20,5.90126E+21,1.05057E+16,5.32511E+16
10019,3,1,57,1,2018,1,12,3,3,8,7,0,0,1,0,0,0,0,0,5.85928E+20,5.80639E+21,1.0263E+16,5.2401E+16
10020,3,2,56,4,2018,1,10,1,3,4,6,0,0,1,0,0,0,0,1,4.80542E+20,5.80757E+21,8.71389E+15,5.2418E+16
10021,3,4,3,0,2018,1,7,4,3,2,6,2,0,1,0,0,0,0,1,4.49397E+20,5.88968E+21,8.24327E+15,5.31541E+16
10022,3,4,58,7,2018,1,21,7,2,8,1,2,0,1,0,0,0,0,1,4.48644E+20,5.86612E+21,8.23577E+15,5.29423E+16
10023,3,1,57,2,2018,1,7,3,3,5,3,2,0,1,0,0,1,0,1,5.76569E+20,5.79287E+21,1.01224E+16,5.22809E+16
10024,3,4,3,0,2018,1,7,5,3,2,6,1,0,1,0,0,0,0,0,4.50597E+20,5.88596E+21,8.26179E+15,5.31207E+16
10025,3,1,51,9,2018,1,7,3,3,2,6,2,0,1,0,0,0,0,1,6.07492E+20,5.81269E+21,1.05819E+16,5.24538E+16
10026,3,3,51,6,2018,1,15,1,3,5,3,0,0,1,0,0,0,0,0,5.76283E+20,5.83481E+21,1.01278E+16,5.26579E+16
10027,3,4,56,15,2018,1,16,4,3,5,3,0,1,1,0,0,0,0,0,3.69621E+20,5.8118E+21,7.08184E+15,5.24408E+16
10028,3,4,4,0,2018,1,7,7,3,5,3,1,0,1,0,0,0,0,0,4.35313E+20,5.79212E+21,8.0519E+15,5.22757E+16
10029,3,1,54,28,2018,1,10,3,3,9,7,0,0,0,0,0,1,0,0,6.38624E+20,5.78862E+21,1.10298E+16,5.22305E+16
10030,3,4,59,20,2018,1,15,2,3,5,2,0,0,1,0,1,0,0,1,4.29416E+20,5.78344E+21,7.96728E+15,5.21969E+16
10031,3,1,55,6,2018,1,3,4,3,3,6,2,0,1,0,0,1,0,1,5.74658E+20,5.73892E+21,1.00826E+16,5.17961E+16
10032,3,4,54,14,2018,1,18,6,3,4,6,2,0,1,0,0,0,0,1,3.81438E+20,5.82872E+21,7.24956E+15,5.25956E+16
10033,3,4,54,54,2018,1,12,2,3,2,2,0,0,1,0,0,0,0,1,3.69312E+20,5.83461E+21,7.06832E+15,5.26457E+16
10034,3,4,4,0,2018,1,7,2,3,6,2,2,0,1,1,0,0,0,1,4.36815E+20,5.792E+21,8.07392E+15,5.22748E+16
10035,3,2,54,21,2018,1,6,6,3,5,1,2,0,0,0,0,1,1,1,5.66169E+20,5.78219E+21,9.96788E+15,5.21862E+16
10036,3,2,56,4,2018,1,17,2,2,2,6,2,1,1,0,0,0,0,1,4.80018E+20,5.81839E+21,8.70554E+15,5.25153E+16
10037,3,3,53,31,2018,1,17,5,3,2,6,2,0,1,0,0,0,1,0,5.68509E+20,5.92155E+21,1.00313E+16,5.34385E+16
10038,3,4,57,13,2018,1,6,2,3,6,2,2,0,1,1,0,0,0,1,3.93667E+20,5.90192E+21,7.40606E+15,5.32558E+16
10039,3,1,1,0,2018,1,12,1,3,5,2,0,1,1,0,0,0,0,0,6.05075E+20,5.79196E+21,1.05398E+16,5.2268E+16
10040,3,3,52,59,2018,1,7,4,3,8,1,2,0,1,0,0,0,0,1,4.96666E+20,5.92635E+21,8.94976E+15,5.34861E+16
10041,3,3,57,10,2018,1,18,7,3,8,1,2,0,1,0,0,0,0,0,5.11253E+20,5.89447E+21,9.16845E+15,5.31995E+16
10042,3,4,56,25,2018,1,16,2,2,8,1,1,0,1,0,0,0,0,1,3.7737E+20,5.81536E+21,7.19447E+15,5.24746E+16
10043,3,4,51,7,2018,1,17,3,3,4,6,2,0,1,0,0,0,0,1,4.24347E+20,5.89421E+21,7.86766E+15,5.31919E+16
10044,3,3,61,13,2018,1,21,6,3,5,3,2,0,1,0,0,0,0,0,5.01418E+20,5.86808E+21,9.02112E+15,5.29623E+16
10045,3,3,61,12,2018,1,17,2,2,0,3,1,1,1,0,0,0,0,1,5.15676E+20,5.86281E+21,9.23313E+15,5.29148E+16
10046,3,4,56,15,2018,1,11,2,2,5,3,0,0,1,0,0,0,1,1,3.67117E+20,5.81502E+21,7.04375E+15,5.24691E+16
10047,3,4,2,0,2018,1,7,3,3,4,2,1,0,1,0,0,0,0,1,3.84107E+20,5.91609E+21,7.25764E+15,5.33812E+16
10048,3,4,52,1,2018,1,13,6,3,5,3,0,1,1,0,0,0,0,0,4.03191E+20,5.93077E+21,7.53992E+15,5.35169E+16
10049,3,4,60,8,2018,1,17,2,3,6,4,2,0,1,1,0,0,0,1,4.46881E+20,5.82986E+21,8.21542E+15,5.26161E+16
10050,3,4,56,10,2018,1,16,2,3,3,6,1,0,1,0,0,0,0,0,3.74007E+20,5.80028E+21,7.15067E+15,5.23383E+16
10051,3,1,58,5,2018,1,1,6,2,1,1,2,0,1,0,0,0,0,1,5.98758E+20,5.77474E+21,1.04423E+16,5.21144E+16
10052,3,2,55,3,2018,1,18,2,3,4,2,0,0,1,0,0,0,0,0,5.35173E+20,5.75848E+21,9.51208E+15,5.19759E+16
10053,3,4,52,19,2018,1,13,2,3,2,6,0,0,1,0,0,1,0,1,3.82487E+20,5.93849E+21,7.22491E+15,5.35821E+16
10054,3,3,51,4,2018,1,14,4,3,4,6,0,0,1,0,0,0,0,1,5.69453E+20,5.85306E+21,1.00307E+16,5.28228E+16
10055,3,2,41,5,2018,1,10,7,3,0,7,0,0,0,0,0,0,1,0,5.41573E+20,5.80966E+21,9.61153E+15,5.24356E+16
10056,3,4,60,4,2018,1,4,2,2,8,1,2,0,1,0,0,0,0,1,4.59217E+20,5.85134E+21,8.39495E+15,5.28103E+16
10057,3,4,55,15,2018,1,17,2,3,2,6,2,0,1,0,0,0,0,1,4.31565E+20,5.93346E+21,7.96718E+15,5.35456E+16
10058,3,4,55,14,2018,1,9,6,2,8,1,0,0,0,0,0,1,0,1,4.3358E+20,5.9301E+21,7.9983E+15,5.35157E+16
10059,3,3,53,17,2018,1,19,2,1,4,6,2,0,1,0,0,0,0,1,5.6638E+20,5.91113E+21,9.9971E+15,5.33451E+16
10060,3,3,53,35,2018,1,19,5,2,2,6,2,1,1,0,0,0,0,0,5.5288E+20,5.90465E+21,9.79327E+15,5.32884E+16
10061,3,4,57,18,2018,1,8,5,2,5,3,2,0,1,0,0,0,0,1,3.99206E+20,5.88208E+21,7.4953E+15,5.30787E+16
10062,3,4,55,7,2018,1,12,2,3,4,2,0,1,1,0,0,0,0,0,4.27181E+20,5.93686E+21,7.90024E+15,5.35756E+16
10063,3,4,57,20,2018,1,19,1,2,8,1,2,0,1,0,0,0,0,1,4.16501E+20,5.90153E+21,7.74834E+15,5.32564E+16
10064,3,2,41,1,2018,1,12,3,2,6,4,0,0,1,1,0,0,0,0,5.52559E+20,5.79858E+21,9.77138E+15,5.2335E+16
10065,3,3,56,9,2018,1,18,2,3,2,6,2,0,1,0,0,0,0,1,4.73914E+20,5.89788E+21,8.60922E+15,5.32296E+16
10066,3,1,2,0,2018,1,19,2,3,6,2,2,0,1,1,0,0,0,1,5.90172E+20,5.77967E+21,1.03182E+16,5.21601E+16
10067,3,3,54,2,2018,1,17,3,3,3,7,2,0,1,0,0,0,0,0,6.31228E+20,5.86644E+21,1.09524E+16,5.29315E+16
10068,3,3,56,8,2018,1,13,2,3,5,3,0,0,1,0,0,0,0,1,4.83396E+20,5.89388E+21,8.75147E+15,5.3194E+16
10069,3,2,57,2,2018,1,8,4,3,2,6,0,0,1,0,0,0,0,1,5.2382E+20,5.7923E+21,9.34916E+15,5.22806E+16
10070,3,1,3,0,2018,1,21,7,3,6,6,2,0,1,1,0,0,0,0,6.25849E+20,5.8039E+21,1.08486E+16,5.23709E+16
10071,3,3,61,8,2018,1,17,2,3,9,6,2,0,1,0,0,0,0,1,5.12759E+20,5.87535E+21,9.19024E+15,5.30275E+16
10072,3,3,61,5,2018,1,7,2,3,4,6,1,0,0,0,0,0,1,1,5.20812E+20,5.86177E+21,9.30944E+15,5.29052E+16
10073,3,3,57,8,2018,1,12,6,3,4,2,0,0,1,0,0,0,0,0,5.07353E+20,5.92754E+21,9.11085E+15,5.34968E+16
10074,3,3,57,29,2018,1,17,2,3,2,7,2,0,0,0,0,1,1,1,5.3735E+20,5.90704E+21,9.56059E+15,5.33113E+16
10075,3,3,57,44,2018,1,6,5,3,3,7,2,0,0,0,0,1,1,0,5.30782E+20,5.9029E+21,9.46161E+15,5.32744E+16
10076,3,3,61,5,2018,1,10,2,3,2,6,0,0,1,0,0,0,0,1,5.23026E+20,5.86381E+21,9.3425E+15,5.29234E+16
10077,3,3,53,39,2018,1,17,1,3,2,6,2,0,1,0,0,0,0,1,5.53935E+20,5.91092E+21,9.81014E+15,5.33447E+16
10078,3,4,54,58,2018,1,7,4,2,6,4,2,0,1,1,0,0,0,1,3.99911E+20,5.85837E+21,7.51316E+15,5.28658E+16
10079,3,2,41,21,2018,1,10,7,2,0,7,0,1,0,0,0,0,0,1,5.30581E+20,5.80855E+21,9.44974E+15,5.24263E+16
10080,3,2,55,32,2018,1,6,3,3,5,2,2,0,1,0,0,0,0,1,5.32898E+20,5.75316E+21,9.47845E+15,5.19282E+16
10081,3,3,61,12,2018,1,11,2,3,6,4,0,0,1,1,0,0,0,1,5.15637E+20,5.86379E+21,9.23259E+15,5.29235E+16
10082,3,1,53,12,2018,1,13,4,2,3,6,0,0,1,0,0,1,0,0,5.77714E+20,5.7484E+21,1.0129E+16,5.18809E+16
10083,3,4,4,0,2018,1,14,6,3,5,3,0,0,1,0,0,0,0,0,4.36633E+20,5.79284E+21,8.0711E+15,5.22822E+16
10084,3,4,2,0,2018,1,13,2,3,2,6,0,0,1,0,0,0,0,1,3.77681E+20,5.91427E+21,7.16178E+15,5.33634E+16
10085,3,3,55,26,2018,1,6,5,3,1,1,2,0,1,0,0,1,0,1,6.08376E+20,5.90332E+21,1.0625E+16,5.32681E+16
10086,3,4,3,0,2018,1,12,2,3,2,6,0,0,1,0,0,0,0,1,4.47991E+20,5.88722E+21,8.22264E+15,5.31318E+16
10087,3,1,55,6,2018,1,22,6,3,9,1,2,0,1,0,0,0,0,0,5.71368E+20,5.74089E+21,1.00353E+16,5.18143E+16
10088,3,2,57,3,2018,1,10,4,2,8,1,0,0,1,1,0,0,0,1,5.10511E+20,5.78728E+21,9.15392E+15,5.22358E+16
10089,3,1,51,30,2018,1,1,7,3,8,1,2,0,1,0,0,0,0,0,6.18151E+20,5.81427E+21,1.07392E+16,5.24658E+16
10090,3,2,51,47,2018,1,6,2,3,2,6,2,0,1,0,0,0,0,1,4.91697E+20,5.87319E+21,8.87626E+15,5.30082E+16
10091,3,3,51,6,2018,1,7,6,3,6,4,2,0,0,1,0,1,0,1,5.73177E+20,5.83178E+21,1.00812E+16,5.26311E+16
10092,3,2,41,1,2018,1,11,2,3,5,2,0,1,1,0,0,0,0,0,5.58125E+20,5.80481E+21,9.85413E+15,5.23904E+16
10093,3,3,51,7,2018,1,19,5,3,1,5,2,0,1,0,0,0,0,1,5.79851E+20,5.82383E+21,1.01779E+16,5.25586E+16
10094,3,4,61,4,2018,1,8,2,2,8,6,0,0,1,0,0,1,0,1,4.62891E+20,5.896E+21,8.44432E+15,5.3212E+16
10095,3,2,41,7,2018,1,20,1,3,0,7,2,1,0,0,0,0,0,1,5.49182E+20,5.7977E+21,9.72169E+15,5.23274E+16
10096,3,4,53,8,2018,1,14,4,3,5,3,0,0,1,0,0,0,0,0,4.3892E+20,5.86713E+21,8.09089E+15,5.29504E+16
10097,3,4,54,47,2018,1,18,7,3,9,7,2,0,1,0,0,0,0,1,3.97895E+20,5.85231E+21,7.48511E+15,5.28109E+16
10098,3,1,1,0,2018,1,6,3,2,2,6,2,0,1,0,1,0,0,0,5.98079E+20,5.78807E+21,1.04362E+16,5.22343E+16
10099,3,4,58,14,2018,1,18,2,3,5,2,2,1,1,0,0,0,0,1,4.62132E+20,5.86043E+21,8.43714E+15,5.28922E+16
10100,3,1,51,27,2018,1,7,4,3,2,6,1,0,1,0,0,0,0,1,5.96587E+20,5.79975E+21,1.04177E+16,5.23395E+16
10101,3,4,54,14,2018,1,18,6,3,8,1,2,0,1,0,0,0,0,1,3.76492E+20,5.82528E+21,7.17787E+15,5.25636E+16
10102,3,4,62,5,2018,1,18,2,2,8,1,2,0,1,0,0,0,0,1,4.26074E+20,5.92839E+21,7.88552E+15,5.34993E+16
10103,3,3,51,6,2018,1,6,5,3,2,6,2,0,1,0,0,0,0,1,5.74779E+20,5.82869E+21,1.01042E+16,5.26031E+16
10104,3,4,1,0,2018,1,8,2,3,5,3,1,0,1,0,0,0,0,1,4.73392E+20,5.87783E+21,8.60306E+15,5.30493E+16
10105,3,1,59,14,2018,1,16,6,3,4,1,0,0,1,0,0,0,0,0,5.81268E+20,5.71602E+21,1.01731E+16,5.15893E+16
10106,3,2,57,20,2018,1,18,2,3,6,4,2,0,1,1,0,0,0,1,5.19394E+20,5.80076E+21,9.28477E+15,5.23568E+16
10107,3,2,41,1,2018,1,17,5,3,5,2,1,0,1,0,0,0,0,0,5.49954E+20,5.80434E+21,9.73402E+15,5.23871E+16
10108,3,3,52,60,2018,1,15,2,3,2,6,0,0,1,0,0,1,0,1,4.79963E+20,5.90637E+21,8.6993E+15,5.33062E+16
10109,3,3,52,11,2018,1,8,4,3,5,2,0,1,1,0,0,0,0,1,4.81386E+20,5.96696E+21,8.71704E+15,5.38508E+16
10110,3,3,57,45,2018,1,14,7,2,8,7,0,0,1,0,0,0,0,0,5.14168E+20,5.88591E+21,9.21172E+15,5.31224E+16
10111,3,2,41,2,2018,1,10,2,3,0,1,0,0,1,0,0,0,0,0,5.3466E+20,5.79463E+21,9.5083E+15,5.23009E+16
10112,3,3,52,62,2018,1,15,2,3,2,6,0,0,1,0,0,0,0,1,4.73377E+20,5.93851E+21,8.59774E+15,5.35948E+16
10113,3,1,54,13,2018,1,7,5,3,2,6,1,0,1,0,0,0,0,1,6.17892E+20,5.79727E+21,1.07294E+16,5.2313E+16
10114,3,1,59,17,2018,1,12,1,3,8,1,0,0,1,0,0,0,0,1,5.51112E+20,5.69382E+21,9.73464E+15,5.13933E+16
10115,3,4,58,8,2018,1,12,4,3,2,6,0,0,1,0,0,0,0,0,4.72574E+20,5.86826E+21,8.59168E+15,5.29632E+16
10116,3,4,58,13,2018,1,10,7,3,5,3,0,1,1,0,0,0,0,0,4.45417E+20,5.88428E+21,8.18467E+15,5.31051E+16
10117,3,3,52,38,2018,1,6,2,3,8,1,2,0,1,0,0,0,0,2,4.90244E+20,5.95983E+21,8.85192E+15,5.37869E+16