OBJECTID_1,ULAND,UREGBEZ,UKREIS,UGEMEINDE,UJAHR,UMONAT,USTUNDE,UWOCHENTAG,UKATEGORIE,UART,UTYP1,ULICHTVERH,IstRad,IstPKW,IstFuss,IstKrad,IstGkfz,IstSonstig,STRZUSTAND,LINREFX,LINREFY,XGCSWGS84,YGCSWGS84
10308,3,3,53,31,2018,2,12,4,3,2,6,0,0,1,0,0,0,1,0,5.68574E+20,5.91432E+21,1.00307E+16,5.33735E+16
10309,3,4,57,14,2018,2,16,7,3,0,7,0,0,1,0,0,0,1,0,3.98386E+20,5.90864E+21,7.47461E+15,5.33172E+16
10310,3,4,59,33,2018,2,4,5,2,9,1,2,0,1,0,0,0,0,2,4.30606E+20,5.79831E+21,7.98164E+15,5.23307E+16
10311,3,4,56,15,2018,2,6,3,3,4,2,2,1,1,0,0,0,0,0,3.67723E+20,5.81264E+21,7.0536E+15,5.24479E+16
10312,3,4,59,14,2018,2,18,5,3,5,3,2,0,1,0,0,0,0,1,4.30123E+20,5.80648E+21,7.97285E+15,5.24041E+16
10313,3,4,60,10,2018,2,19,6,3,8,1,2,0,1,0,0,0,0,1,4.57857E+20,5.85482E+21,8.37432E+15,5.28415E+16
10314,3,1,57,1,2018,2,6,3,3,1,6,2,0,1,0,0,0,0,1,5.8554E+20,5.80413E+21,1.02567E+16,5.23808E+16
10315,3,4,4,0,2018,2,2,5,3,5,3,2,0,1,0,0,0,0,1,4.3195E+20,5.7907E+21,8.0029E+15,5.22625E+16
10316,3,4,4,0,2018,2,14,5,3,2,6,0,0,1,0,0,0,0,1,4.32134E+20,5.79158E+21,8.00541E+15,5.22704E+16
10317,3,4,4,0,2018,2,12,5,3,6,4,0,0,1,1,0,0,0,1,4.31867E+20,5.79063E+21,8.0017E+15,5.22618E+16
10318,3,4,53,12,2018,2,18,1,3,5,3,2,0,1,0,0,0,0,1,4.16623E+20,5.85485E+21,7.76225E+15,5.2837E+16
10319,3,4,57,17,2018,2,19,5,3,9,1,2,0,0,0,1,0,0,1,4.07389E+20,5.8887E+21,7.61551E+15,5.31396E+16
10320,3,4,57,8,2018,2,7,5,3,4,2,1,0,1,0,0,0,0,1,4.0893E+20,5.90088E+21,7.63507E+15,5.32493E+16
10321,3,4,54,47,2018,2,17,5,3,5,3,2,0,1,0,0,0,0,0,4.00288E+20,5.85663E+21,7.51929E+15,5.28501E+16
10322,3,4,59,13,2018,2,16,1,2,8,1,0,0,1,0,0,0,0,0,4.54574E+20,5.80368E+21,8.3326E+15,5.23815E+16
10323,3,4,56,18,2018,2,8,5,3,8,1,0,0,1,0,0,0,0,2,3.75812E+20,5.79997E+21,7.17726E+15,5.2336E+16
10324,3,4,61,6,2018,2,19,6,3,5,3,2,0,1,0,0,0,0,1,4.739E+20,5.88988E+21,8.60966E+15,5.31577E+16
10325,3,3,57,57,2018,1,7,3,3,2,6,2,0,1,0,1,0,0,1,5.18214E+20,5.90672E+21,9.27336E+15,5.33094E+16
10326,3,3,60,5,2018,2,9,4,3,5,3,0,0,1,0,0,0,0,0,6.13111E+20,5.85799E+21,1.06801E+16,5.28597E+16
10327,3,2,51,25,2018,2,15,7,2,9,1,0,0,1,0,0,0,0,2,4.57072E+20,5.81459E+21,8.36791E+15,5.24798E+16
10328,3,4,56,23,2018,2,7,5,2,9,1,2,0,1,0,0,0,0,2,3.5475E+20,5.82048E+21,6.85943E+15,5.25151E+16
10329,3,4,51,2,2018,2,7,3,3,5,3,1,0,1,0,0,0,0,0,4.3096E+20,5.89655E+21,7.96612E+15,5.32138E+16
10330,3,4,56,18,2018,2,7,5,3,8,1,1,0,1,0,0,0,0,2,3.74977E+20,5.80034E+21,7.16487E+15,5.23391E+16
10331,3,4,54,44,2018,2,11,2,3,5,2,0,0,1,0,0,0,0,0,3.81849E+20,5.88104E+21,7.2367E+15,5.30658E+16
10332,3,4,56,15,2018,2,8,5,3,8,1,0,0,1,0,0,0,0,1,3.6708E+20,5.81517E+21,7.04314E+15,5.24705E+16
10333,3,4,56,15,2018,2,7,5,3,8,1,2,0,1,0,0,0,0,2,3.65876E+20,5.81812E+21,7.02423E+15,5.24967E+16
10334,3,4,54,35,2018,2,2,5,3,8,1,2,0,1,0,0,0,0,2,3.84534E+20,5.84449E+21,7.28974E+15,5.27379E+16
10335,3,3,59,2,2018,2,7,1,3,8,7,1,0,1,0,0,0,0,2,5.33873E+20,5.91749E+21,9.50952E+15,5.34054E+16
10336,3,4,54,36,2018,2,5,5,3,9,1,2,0,1,0,0,0,0,2,3.9727E+20,5.81424E+21,7.4877E+15,5.24686E+16
10337,3,2,57,28,2018,2,17,7,3,9,1,2,0,1,0,0,0,0,2,5.09076E+20,5.7883E+21,9.13293E+15,5.2245E+16
10338,3,3,58,14,2018,2,10,3,3,6,2,0,0,1,1,0,0,0,0,5.39386E+20,5.84598E+21,9.58368E+15,5.27623E+16
10339,3,4,56,25,2018,2,18,5,2,2,6,2,0,1,0,0,1,0,0,3.7781E+20,5.81973E+21,7.19935E+15,5.2514E+16
10340,3,2,41,1,2018,2,15,4,3,2,6,0,0,1,0,0,0,0,0,5.47506E+20,5.80767E+21,9.69851E+15,5.24172E+16
10341,3,2,41,13,2018,2,23,7,3,8,1,2,0,1,0,0,0,0,1,5.50999E+20,5.78506E+21,9.74645E+15,5.22136E+16
10342,3,3,52,20,2018,2,7,3,1,4,6,2,0,1,0,0,1,0,1,5.15774E+20,5.94361E+21,9.2386E+15,5.3641E+16
10343,3,4,54,32,2018,2,8,5,3,9,7,0,0,1,0,0,0,0,1,3.86607E+20,5.81736E+21,7.32973E+15,5.24946E+16
10344,3,4,54,32,2018,2,18,2,3,5,3,2,0,1,0,0,0,0,0,3.87916E+20,5.82238E+21,7.34731E+15,5.254E+16
10345,3,4,52,23,2018,2,17,5,3,0,2,2,1,1,0,0,0,0,0,3.93774E+20,5.92662E+21,7.39936E+15,5.34779E+16
10346,3,4,52,1,2018,2,17,5,3,0,3,1,1,1,0,0,0,0,0,3.9992E+20,5.92534E+21,7.49234E+15,5.34675E+16
10347,3,4,53,8,2018,2,21,4,3,7,7,2,0,1,0,0,0,0,1,4.40387E+20,5.87204E+21,8.11182E+15,5.29946E+16
10348,3,2,54,43,2018,2,9,1,3,8,1,0,0,1,0,0,0,0,2,5.53809E+20,5.77414E+21,9.78583E+15,5.21152E+16
10349,3,4,60,5,2018,2,10,5,3,5,3,0,0,1,0,0,0,0,1,4.40619E+20,5.82678E+21,8.12349E+15,5.25878E+16
10350,3,1,57,6,2018,2,11,4,2,5,3,0,0,1,0,0,0,0,0,5.79828E+20,5.79579E+21,1.01709E+16,5.23066E+16
10351,3,1,57,6,2018,2,19,7,3,5,3,2,0,1,0,0,0,0,1,5.80986E+20,5.79549E+21,1.01878E+16,5.23038E+16
10352,3,3,51,23,2018,2,5,3,2,8,1,2,0,1,0,0,0,0,0,5.5052E+20,5.83525E+21,9.74702E+15,5.26648E+16
10353,3,4,60,6,2018,2,7,5,2,8,1,2,0,1,0,0,0,0,2,4.48671E+20,5.83213E+21,8.2415E+15,5.26367E+16
10354,3,3,56,2,2018,2,6,2,3,2,6,2,0,1,0,0,0,0,1,5.0168E+20,5.88649E+21,9.0251E+15,5.31278E+16
10355,3,4,53,3,2018,2,8,5,3,9,1,1,0,1,0,0,0,0,2,4.37364E+20,5.85168E+21,8.0707E+15,5.28113E+16
10356,3,2,57,30,2018,2,7,2,3,4,6,1,0,1,0,0,0,1,1,5.1327E+20,5.8065E+21,9.19507E+15,5.24086E+16
10357,3,4,53,11,2018,2,8,5,2,8,1,0,0,1,0,0,0,0,2,4.13624E+20,5.85076E+21,7.71882E+15,5.27997E+16
10358,3,4,53,9,2018,2,17,2,3,5,3,0,1,1,0,0,0,0,0,4.23176E+20,5.84972E+21,7.86071E+15,5.27918E+16
10359,3,4,53,9,2018,2,6,5,3,4,6,2,0,1,0,0,0,1,2,4.30333E+20,5.84769E+21,7.96726E+15,5.27746E+16
10360,3,3,57,57,2018,2,7,2,3,5,3,1,1,1,0,0,0,0,1,5.18051E+20,5.90812E+21,9.27099E+15,5.3322E+16
10361,3,4,53,10,2018,2,6,5,3,8,1,2,0,1,0,0,0,0,2,4.21048E+20,5.85294E+21,7.82838E+15,5.28204E+16
10362,3,2,51,41,2018,2,8,4,3,5,3,0,0,1,0,0,0,0,0,4.92076E+20,5.85965E+21,8.88223E+15,5.28865E+16
10363,3,1,59,29,2018,2,19,1,3,2,6,2,0,1,0,0,0,0,0,5.60969E+20,5.70743E+21,9.87865E+15,5.15147E+16
10364,3,4,53,9,2018,2,3,5,3,9,1,2,0,1,0,0,0,0,2,4.30165E+20,5.84733E+21,7.96484E+15,5.27713E+16
10365,3,4,59,20,2018,2,5,3,3,5,3,2,1,1,0,0,0,0,2,4.29146E+20,5.78341E+21,7.96334E+15,5.21966E+16
10366,3,3,57,57,2018,1,6,3,3,5,3,2,0,1,0,0,0,0,1,5.18214E+20,5.90672E+21,9.27336E+15,5.33094E+16
10367,3,4,4,0,2018,2,14,6,3,2,6,0,0,1,0,0,0,0,1,4.38374E+20,5.78969E+21,8.09719E+15,5.22542E+16
10368,3,2,54,5,2018,2,14,3,3,2,6,0,0,1,0,0,0,0,0,5.70102E+20,5.77211E+21,1.00233E+16,5.20951E+16
10369,3,3,56,7,2018,2,11,5,3,5,3,0,0,1,0,0,0,0,0,4.85035E+20,5.89611E+21,8.7759E+15,5.32141E+16
10370,3,3,61,6,2018,2,17,5,3,0,5,2,0,1,0,0,0,1,0,5.15128E+20,5.87342E+21,9.22548E+15,5.30101E+16
10371,3,3,52,8,2018,2,9,2,3,8,1,0,0,1,0,0,0,0,1,4.97872E+20,5.95813E+21,8.96772E+15,5.37718E+16
10372,3,3,61,3,2018,2,5,5,3,8,1,2,0,1,0,0,0,0,2,5.20014E+20,5.85571E+21,9.2972E+15,5.28508E+16
10373,3,1,54,14,2018,2,16,2,3,4,6,0,0,1,0,0,0,0,0,6.14027E+20,5.79953E+21,1.06735E+16,5.23342E+16
10374,3,4,3,0,2018,2,3,5,3,2,6,2,0,1,0,0,0,0,0,4.4833E+20,5.88627E+21,8.22786E+15,5.31233E+16
10375,3,3,52,62,2018,2,23,6,3,9,7,2,0,1,0,0,0,0,1,4.77508E+20,5.94567E+21,8.65964E+15,5.36593E+16
10376,3,3,57,16,2018,1,11,3,3,5,3,0,1,1,0,0,0,0,0,5.0007E+20,5.91516E+21,9.00106E+15,5.33855E+16
10377,3,3,58,22,2018,2,10,4,2,5,2,0,0,1,1,0,0,0,0,5.39477E+20,5.85701E+21,9.58637E+15,5.28614E+16
10378,3,3,61,3,2018,2,18,7,2,8,1,2,0,0,0,1,0,0,1,5.13681E+20,5.85263E+21,9.20303E+15,5.28232E+16
10379,3,2,51,37,2018,2,17,5,3,2,6,2,0,1,0,0,0,0,0,4.86716E+20,5.87475E+21,8.80196E+15,5.30221E+16
10380,3,4,52,14,2018,2,21,3,3,0,7,2,0,1,0,0,0,0,0,3.77568E+20,5.92302E+21,7.1567E+15,5.3442E+16
10381,3,4,58,14,2018,2,12,5,3,1,5,0,0,1,0,0,0,1,1,4.63418E+20,5.86161E+21,8.45611E+15,5.29029E+16
10382,3,3,52,62,2018,2,7,4,3,2,6,0,0,1,0,0,0,1,0,4.77165E+20,5.94158E+21,8.65475E+15,5.36225E+16
10383,3,4,3,0,2018,2,14,6,3,2,6,0,0,1,0,0,0,0,1,4.45939E+20,5.88864E+21,8.19174E+15,5.31444E+16
10384,3,4,59,31,2018,2,9,7,3,2,6,0,0,1,0,0,0,0,1,4.3407E+20,5.81762E+21,8.02865E+15,5.25047E+16
10385,3,3,52,60,2018,2,6,5,3,2,2,2,0,1,0,0,0,0,1,4.78232E+20,5.91257E+21,8.6729E+15,5.33618E+16
10386,3,4,54,33,2018,2,7,3,3,3,6,0,1,1,0,0,0,0,0,4.08607E+20,5.86481E+21,7.64049E+15,5.29252E+16
10387,3,3,52,60,2018,2,3,5,3,9,1,2,0,0,0,0,1,0,2,4.71731E+20,5.91404E+21,8.57508E+15,5.33747E+16
10388,3,4,54,57,2018,2,13,6,2,8,1,0,0,0,0,0,1,0,0,4.10041E+20,5.85321E+21,7.66501E+15,5.28212E+16
10389,3,2,52,2,2018,2,12,3,3,2,6,0,0,1,0,0,0,0,0,5.30843E+20,5.77768E+21,9.45077E+15,5.21488E+16
10390,3,3,53,31,2018,2,7,5,3,8,1,1,0,1,0,0,0,0,2,5.67833E+20,5.91975E+21,1.00208E+16,5.34224E+16
10391,3,3,53,34,2018,2,7,5,3,9,1,1,0,1,0,0,0,0,2,5.7487E+20,5.90326E+21,1.01227E+16,5.32732E+16
10392,3,3,53,32,2018,2,7,5,3,9,7,0,0,1,0,0,0,0,2,5.72744E+20,5.91319E+21,1.00932E+16,5.33628E+16
10393,3,4,56,15,2018,2,12,1,3,5,3,0,1,1,0,0,0,0,0,3.70715E+20,5.80962E+21,7.09877E+15,5.24215E+16
10394,3,3,53,23,2018,2,7,5,2,9,1,2,0,1,0,0,0,0,2,5.88818E+20,5.91385E+21,1.03348E+16,5.33663E+16
10395,3,3,52,11,2018,2,10,6,3,4,2,0,0,1,0,0,0,0,1,4.78887E+20,5.96956E+21,8.67887E+15,5.38741E+16
10396,3,3,55,22,2018,2,16,4,3,3,6,0,0,1,0,0,1,0,0,5.96203E+20,5.90258E+21,1.04424E+16,5.32637E+16
10397,3,3,55,22,2018,2,20,7,2,4,6,2,1,0,0,0,0,0,2,5.91505E+20,5.90058E+21,1.03714E+16,5.32466E+16
10398,3,3,53,19,2018,2,7,5,3,9,1,2,0,1,0,0,0,0,2,5.4777E+20,5.91292E+21,9.71785E+15,5.33633E+16
10399,3,4,3,0,2018,2,14,3,3,4,6,0,0,1,0,0,0,0,0,4.44773E+20,5.88675E+21,8.17464E+15,5.31273E+16
10400,3,3,53,20,2018,2,18,5,3,5,3,2,0,1,0,0,0,0,0,5.63549E+20,5.90684E+21,9.95373E+15,5.33069E+16
10401,3,4,54,35,2018,2,7,2,3,5,3,2,1,1,0,0,0,0,1,3.84364E+20,5.83893E+21,7.28918E+15,5.26879E+16
10402,3,3,53,5,2018,2,14,5,3,2,6,0,0,1,0,0,0,0,1,5.58555E+20,5.91102E+21,9.87956E+15,5.33451E+16
10403,3,3,59,40,2018,2,17,5,3,5,2,2,0,1,0,0,0,0,0,5.21641E+20,5.95575E+21,9.32818E+15,5.375E+16
10404,3,4,54,32,2018,2,17,4,3,2,6,2,0,1,0,0,0,0,0,3.88084E+20,5.81976E+21,7.35067E+15,5.25165E+16
10405,3,1,53,18,2018,2,15,3,3,2,6,0,0,1,0,0,0,0,0,5.93785E+20,5.73913E+21,1.036E+16,5.17952E+16
10406,3,3,58,22,2018,2,8,5,3,5,3,0,0,1,0,0,0,0,1,5.40009E+20,5.85292E+21,9.59377E+15,5.28246E+16
10407,3,3,58,16,2018,2,9,5,2,5,3,0,0,1,0,0,0,1,0,5.66989E+20,5.87462E+21,9.9986E+15,5.30169E+16
10408,3,3,57,8,2018,2,12,5,3,5,3,0,0,1,0,0,0,0,0,5.08981E+20,5.92717E+21,9.13537E+15,5.34935E+16
10409,3,2,51,32,2018,2,18,1,3,9,1,2,0,1,0,0,0,0,1,4.87671E+20,5.84273E+21,8.8174E+15,5.27343E+16
10410,3,3,60,1,2018,2,9,5,3,9,1,0,0,1,0,0,0,0,2,6.10722E+20,5.88965E+21,1.06555E+16,5.31448E+16
10411,3,2,41,16,2018,2,18,4,2,5,3,2,1,1,0,0,0,0,0,5.66154E+20,5.79652E+21,9.97048E+15,5.2315E+16
10412,3,2,57,29,2018,2,15,7,3,3,6,0,0,1,0,0,0,0,2,5.21562E+20,5.79057E+21,9.31595E+15,5.22651E+16
10413,3,3,53,23,2018,2,12,3,3,4,6,0,0,1,0,0,0,0,0,5.92145E+20,5.91887E+21,1.03863E+16,5.34109E+16
10414,3,3,60,2,2018,2,8,5,3,2,6,0,0,1,0,0,0,0,2,6.0912E+20,5.87932E+21,1.0628E+16,5.30522E+16
10415,3,4,62,1,2018,2,7,2,3,7,7,1,0,1,0,0,0,0,1,4.04558E+20,5.93746E+21,7.55848E+15,5.35773E+16
10416,3,3,60,4,2018,2,8,5,3,8,1,0,0,1,0,0,0,0,2,6.00054E+20,5.89093E+21,1.04964E+16,5.31583E+16
10417,3,3,54,13,2018,2,14,5,3,9,7,0,0,1,0,0,0,0,0,6.34162E+20,5.87678E+21,1.10003E+16,5.30237E+16
10418,3,3,57,39,2018,2,7,6,3,5,3,1,0,1,0,1,0,0,1,5.27418E+20,5.88463E+21,9.4096E+15,5.31104E+16
10419,3,4,53,3,2018,2,7,6,2,5,3,1,0,1,0,0,1,0,1,4.37993E+20,5.84977E+21,8.0804E+15,5.27942E+16
10420,3,4,51,2,2018,2,13,4,3,2,6,0,0,1,0,0,0,0,0,4.41806E+20,5.89232E+21,8.12929E+15,5.3177E+16
10421,3,2,52,4,2018,2,10,1,2,4,1,0,0,1,0,0,0,0,2,5.36174E+20,5.7746E+21,9.52835E+15,5.21207E+16
10422,3,3,54,22,2018,2,7,5,3,9,1,1,0,1,0,0,0,0,2,6.27341E+20,5.86205E+21,1.08929E+16,5.28931E+16
10423,3,1,2,0,2018,2,12,4,3,3,6,0,0,1,0,0,0,0,0,5.93093E+20,5.77877E+21,1.03607E+16,5.21516E+16
10424,3,1,58,37,2018,2,13,7,3,2,6,0,0,1,0,0,0,0,1,6.02069E+20,5.77901E+21,1.04919E+16,5.21522E+16
10425,3,3,57,8,2018,2,9,1,3,9,1,0,0,1,0,0,0,0,2,5.11581E+20,5.92325E+21,9.17442E+15,5.34582E+16
10426,3,3,54,9,2018,2,6,5,3,9,1,2,0,1,0,0,0,0,2,6.37368E+20,5.88757E+21,1.10527E+16,5.31198E+16
10427,3,1,59,17,2018,2,8,7,3,5,3,1,0,1,0,0,0,0,1,5.45247E+20,5.69554E+21,9.65056E+15,5.14093E+16
10428,3,3,60,4,2018,2,14,3,3,4,6,0,0,1,0,0,1,0,0,5.99157E+20,5.88823E+21,1.04822E+16,5.31342E+16
10429,3,3,54,8,2018,2,5,5,3,9,1,2,0,1,0,0,0,0,2,6.47614E+20,5.88368E+21,1.12039E+16,5.30821E+16
10430,3,4,53,5,2018,2,18,2,3,5,3,2,0,1,0,0,0,1,0,4.4079E+20,5.85944E+21,8.12012E+15,5.28814E+16
10431,3,3,55,2,2018,2,15,5,3,2,6,0,0,1,0,0,0,1,0,5.81334E+20,5.88713E+21,1.02155E+16,5.31274E+16
10432,3,3,55,22,2018,2,17,2,3,8,6,1,0,0,0,0,1,1,1,5.95376E+20,5.90305E+21,1.04301E+16,5.32681E+16
10433,3,2,41,1,2018,2,13,5,3,2,6,0,0,1,0,0,0,0,0,5.49238E+20,5.80111E+21,9.72301E+15,5.23581E+16
10434,3,3,54,13,2018,2,7,6,3,9,1,1,0,1,0,0,0,1,1,6.34702E+20,5.87698E+21,1.10085E+16,5.30254E+16
10435,3,4,1,0,2018,2,14,4,3,4,2,0,0,1,0,0,0,0,0,4.72371E+20,5.87649E+21,8.58796E+15,5.30372E+16
10436,3,1,51,25,2018,2,11,1,3,2,2,0,0,1,0,0,0,0,1,6.10597E+20,5.81697E+21,1.0629E+16,5.24917E+16
10437,3,2,41,1,2018,2,7,5,3,4,1,1,0,1,0,0,0,1,2,5.47218E+20,5.7986E+21,9.693E+15,5.23357E+16
10438,3,4,2,0,2018,2,7,3,3,5,2,2,0,1,0,0,0,0,1,3.78965E+20,5.91684E+21,7.18009E+15,5.33868E+16
10439,3,3,57,16,2018,1,7,3,3,4,6,2,0,1,0,0,0,0,0,5.00233E+20,5.91471E+21,9.0035E+15,5.33815E+16
10440,3,4,4,0,2018,2,5,6,3,2,6,2,0,1,0,0,0,0,1,4.28201E+20,5.79532E+21,7.94699E+15,5.23035E+16
10441,3,2,54,21,2018,2,11,3,3,2,6,0,0,1,0,0,0,0,0,5.6609E+20,5.77982E+21,9.96627E+15,5.21649E+16
10442,3,2,41,1,2018,2,20,5,3,0,1,2,1,0,0,0,0,0,1,5.49016E+20,5.80221E+21,9.71991E+15,5.2368E+16
10443,3,2,41,6,2018,2,18,5,3,9,1,2,0,1,0,0,0,0,1,5.38431E+20,5.79559E+21,9.5637E+15,5.23093E+16
10444,3,2,41,1,2018,2,0,6,3,5,3,2,0,1,0,0,0,0,0,5.48824E+20,5.80534E+21,9.71755E+15,5.23961E+16
10445,3,2,41,14,2018,2,7,5,3,9,1,1,0,1,0,0,0,0,2,5.4654E+20,5.79436E+21,9.68247E+15,5.22977E+16
10446,3,1,57,6,2018,2,18,2,3,4,2,2,0,1,0,0,0,0,0,5.85907E+20,5.79909E+21,1.02608E+16,5.23354E+16
10447,3,2,41,3,2018,2,14,3,3,2,6,0,0,1,0,0,0,0,0,5.63726E+20,5.81096E+21,9.9376E+15,5.24451E+16
10448,3,2,41,12,2018,2,5,5,3,2,6,2,0,1,0,0,0,0,2,5.2637E+20,5.82106E+21,9.38881E+15,5.2539E+16
10449,3,4,3,0,2018,2,7,2,3,3,7,0,0,1,0,0,0,0,1,4.44422E+20,5.89023E+21,8.16879E+15,5.31586E+16
10450,3,2,41,5,2018,2,6,5,3,8,1,2,0,1,0,0,0,0,2,5.36853E+20,5.80818E+21,9.54195E+15,5.24226E+16
10451,3,2,54,11,2018,2,14,2,3,2,6,0,0,1,0,0,0,0,1,5.63178E+20,5.77311E+21,9.92245E+15,5.21049E+16
10452,3,2,41,5,2018,2,6,5,3,9,1,1,0,1,0,0,0,0,2,5.35999E+20,5.81071E+21,9.52966E+15,5.24454E+16
10453,3,2,41,15,2018,2,10,6,3,2,6,0,0,1,0,0,0,0,1,5.40744E+20,5.8051E+21,9.59879E+15,5.23946E+16
10454,3,3,52,42,2018,2,7,4,3,1,5,0,0,1,0,0,0,0,1,5.09378E+20,5.9559E+21,9.14222E+15,5.37516E+16
10455,3,4,4,0,2018,2,6,7,3,4,6,2,0,1,0,0,0,0,0,4.34386E+20,5.79232E+21,8.03826E+15,5.22773E+16
10456,3,2,41,4,2018,2,11,5,3,0,4,0,0,1,1,0,0,0,0,5.58358E+20,5.8165E+21,9.8596E+15,5.24955E+16
10457,3,4,56,15,2018,2,19,3,3,5,2,2,1,1,0,0,0,0,0,3.68679E+20,5.81185E+21,7.06797E+15,5.2441E+16
10458,3,2,41,3,2018,2,5,5,3,8,1,2,0,0,0,0,0,1,2,5.64338E+20,5.81056E+21,9.94653E+15,5.24415E+16
10459,3,4,62,18,2018,2,12,6,3,2,6,0,0,1,0,0,0,0,0,3.98024E+20,5.93862E+21,7.45947E+15,5.35865E+16
10460,3,1,59,16,2018,2,7,3,3,5,2,1,1,0,0,0,0,1,1,5.62273E+20,5.70921E+21,9.89775E+15,5.15306E+16
10461,3,2,41,1,2018,2,15,5,3,2,6,0,0,1,0,0,0,0,0,5.54304E+20,5.80928E+21,9.79872E+15,5.2431E+16
10462,3,2,41,19,2018,2,11,5,2,8,1,0,0,1,0,0,0,0,0,5.49634E+20,5.81936E+21,9.73155E+15,5.25221E+16
10463,3,2,41,11,2018,2,6,6,3,4,2,2,0,1,0,0,0,0,1,5.62047E+20,5.80118E+21,9.91109E+15,5.23574E+16
10464,3,2,41,1,2018,2,11,5,3,5,3,0,0,1,0,0,0,0,1,5.51988E+20,5.79876E+21,9.76302E+15,5.23367E+16
10465,3,4,54,10,2018,2,7,1,3,9,1,1,0,1,0,0,0,0,1,3.82027E+20,5.8033E+21,7.26726E+15,5.23672E+16
10466,3,1,59,36,2018,2,13,5,3,3,6,0,0,1,0,1,0,0,0,6.13115E+20,5.71644E+21,1.06328E+16,5.15876E+16
10467,3,2,41,5,2018,2,17,6,3,3,6,1,0,1,0,0,0,0,1,5.39496E+20,5.8083E+21,9.58082E+15,5.24235E+16
10468,3,2,41,1,2018,2,7,4,3,2,6,0,0,1,0,0,0,0,2,5.48697E+20,5.80148E+21,9.71512E+15,5.23614E+16
10469,3,2,41,10,2018,2,11,7,3,1,7,0,0,1,0,0,0,0,0,5.43521E+20,5.81383E+21,9.64072E+15,5.24729E+16
10470,3,4,1,0,2018,2,6,3,3,5,3,2,0,1,0,0,0,0,0,4.77069E+20,5.87778E+21,8.65792E+15,5.3049E+16
10471,3,2,57,37,2018,2,6,5,3,9,1,2,0,1,0,0,0,0,2,5.07658E+20,5.80244E+21,9.11249E+15,5.23722E+16
10472,3,2,57,9,2018,2,16,5,3,9,1,0,0,1,0,0,0,0,1,5.03824E+20,5.79765E+21,9.05611E+15,5.23292E+16
10473,3,3,60,12,2018,2,18,4,3,2,6,2,0,1,0,0,0,0,0,6.01095E+20,5.88647E+21,1.05106E+16,5.31181E+16
10474,3,2,51,41,2018,2,11,7,3,6,6,0,0,1,1,0,0,0,1,4.88435E+20,5.86281E+21,8.82801E+15,5.29149E+16
10475,3,2,52,3,2018,2,12,5,3,2,6,0,0,1,0,0,0,1,1,5.18331E+20,5.75935E+21,9.26692E+15,5.19845E+16
10476,3,4,51,4,2018,2,10,3,3,2,6,0,0,1,0,0,0,0,2,4.32181E+20,5.88692E+21,7.98645E+15,5.31274E+16
10477,3,1,59,11,2018,2,7,5,2,9,1,2,0,0,0,0,1,0,2,5.77697E+20,5.71414E+21,1.01212E+16,5.1573E+16
10478,3,4,4,0,2018,2,12,2,3,2,6,0,0,1,0,0,1,0,1,4.34467E+20,5.79327E+21,8.03928E+15,5.22858E+16
10479,3,1,59,25,2018,2,7,5,3,4,1,2,0,1,0,0,1,0,2,5.85927E+20,5.71154E+21,1.02392E+16,5.15484E+16
10480,3,1,59,15,2018,2,5,5,3,8,1,2,0,1,0,0,0,0,2,5.67736E+20,5.70279E+21,9.97526E+15,5.14723E+16
10481,3,2,41,12,2018,2,10,6,1,4,6,0,0,1,0,0,0,0,1,5.3157E+20,5.81899E+21,9.46528E+15,5.25201E+16
10482,3,1,59,29,2018,2,6,5,3,9,1,2,0,1,0,0,0,0,2,5.62389E+20,5.70478E+21,9.89863E+15,5.14907E+16
10483,3,3,52,62,2018,2,21,1,3,5,3,2,0,1,0,0,0,0,1,4.73156E+20,5.94E+21,8.59428E+15,5.36081E+16
10484,3,1,59,16,2018,2,12,5,3,2,6,0,0,1,0,0,0,0,0,5.65082E+20,5.71212E+21,9.93877E+15,5.15564E+16
10485,3,2,52,6,2018,2,11,4,2,4,6,0,0,1,0,0,1,0,0,5.23779E+20,5.77358E+21,9.34725E+15,5.21122E+16
10486,3,2,57,15,2018,2,4,7,2,9,6,2,0,1,0,0,0,0,2,5.19106E+20,5.79852E+21,9.28042E+15,5.23367E+16
10487,3,3,58,18,2018,2,12,3,3,4,6,0,0,1,0,0,0,1,0,5.24714E+20,5.84837E+21,9.36644E+15,5.27845E+16
10488,3,1,54,14,2018,2,7,5,3,2,6,1,0,1,0,0,0,0,2,6.13103E+20,5.80329E+21,1.06612E+16,5.23682E+16
10489,3,4,60,3,2018,2,12,2,2,4,7,0,1,0,1,0,1,0,0,4.39968E+20,5.83603E+21,8.1122E+15,5.26709E+16
10490,3,1,51,6,2018,2,7,5,3,4,1,0,0,1,0,0,0,0,2,6.09051E+20,5.80985E+21,1.06039E+16,5.24279E+16
10491,3,3,53,35,2018,2,15,2,3,2,2,0,0,1,0,0,0,0,0,5.47603E+20,5.90363E+21,9.71396E+15,5.32798E+16
10492,3,1,51,9,2018,2,22,5,2,9,1,2,0,0,0,1,0,0,1,6.00649E+20,5.8161E+21,1.04822E+16,5.24857E+16
10493,3,4,54,32,2018,2,19,2,3,2,6,2,0,1,0,0,0,0,0,3.86615E+20,5.82043E+21,7.3288E+15,5.25222E+16
10494,3,1,1,0,2018,2,11,5,3,5,2,0,0,1,0,0,0,0,0,6.00464E+20,5.79809E+21,1.04741E+16,5.23239E+16
10495,3,4,4,0,2018,1,10,4,3,0,7,0,1,0,1,0,0,0,0,4.32799E+20,5.79203E+21,8.01507E+15,5.22745E+16
10496,3,1,59,36,2018,2,16,6,3,8,1,0,0,1,0,0,0,0,1,6.12172E+20,5.71566E+21,1.06189E+16,5.15808E+16
10497,3,4,54,10,2018,2,18,4,2,2,6,2,0,1,0,0,0,1,0,3.88094E+20,5.80812E+21,7.35472E+15,5.24119E+16