OBJECTID_1,ULAND,UREGBEZ,UKREIS,UGEMEINDE,UJAHR,UMONAT,USTUNDE,UWOCHENTAG,UKATEGORIE,UART,UTYP1,ULICHTVERH,IstRad,IstPKW,IstFuss,IstKrad,IstGkfz,IstSonstig,STRZUSTAND,LINREFX,LINREFY,XGCSWGS84,YGCSWGS84
10498,3,2,41,10,2018,2,19,1,3,5,3,2,0,1,0,0,0,0,1,5.48879E+20,5.81026E+21,9.71907E+15,5.24403E+16
10499,3,4,57,14,2018,1,14,4,2,4,6,0,0,1,0,0,0,0,1,3.9214E+20,5.90683E+21,7.3815E+15,5.32997E+16
10500,3,1,57,9,2018,2,7,4,2,4,6,2,0,1,0,0,0,0,0,5.86768E+20,5.78779E+21,1.02706E+16,5.22337E+16
10501,3,1,2,0,2018,2,20,7,3,8,1,2,0,1,0,0,0,0,2,5.92965E+20,5.76433E+21,1.03549E+16,5.20218E+16
10502,3,3,55,26,2018,2,22,3,3,7,7,2,0,1,0,0,0,0,0,6.03296E+20,5.90562E+21,1.05496E+16,5.32898E+16
10503,3,4,57,13,2018,1,12,4,3,2,2,0,0,1,0,0,0,1,1,3.9866E+20,5.89959E+21,7.4816E+15,5.32359E+16
10504,3,3,56,5,2018,2,10,2,3,2,2,0,0,1,0,0,0,0,0,4.93977E+20,5.88871E+21,8.90995E+15,5.31477E+16
10505,3,4,54,49,2018,1,7,4,3,8,1,2,0,1,0,0,0,0,1,3.96146E+20,5.80526E+21,7.47394E+15,5.23877E+16
10506,3,1,55,13,2018,2,5,2,3,8,6,2,0,1,0,0,0,0,0,5.67707E+20,5.73911E+21,9.98187E+15,5.17987E+16
10507,3,4,54,32,2018,1,8,4,3,2,6,0,0,1,0,0,0,1,1,3.88194E+20,5.82292E+21,7.35123E+15,5.25449E+16
10508,3,2,54,2,2018,2,13,6,2,8,7,0,0,1,0,0,0,0,1,5.52884E+20,5.7644E+21,9.77082E+15,5.20277E+16
10509,3,3,52,59,2018,2,5,4,2,5,3,2,1,1,0,0,0,0,2,4.87212E+20,5.92005E+21,8.80754E+15,5.34293E+16
10510,3,4,59,13,2018,2,17,7,3,0,3,1,1,1,0,0,0,0,1,4.53138E+20,5.80173E+21,8.31178E+15,5.23638E+16
10511,3,4,62,5,2018,1,22,4,3,2,7,2,0,1,0,0,0,0,1,4.1864E+20,5.923E+21,7.77487E+15,5.34497E+16
10512,3,4,57,13,2018,2,17,3,3,2,6,1,0,1,0,0,0,0,0,3.98309E+20,5.89918E+21,7.47648E+15,5.32322E+16
10513,3,4,52,23,2018,1,12,4,3,8,1,0,0,1,0,0,0,0,1,3.90069E+20,5.92419E+21,7.34441E+15,5.34553E+16
10514,3,2,54,2,2018,2,8,6,2,9,1,0,0,1,0,0,0,0,1,5.54932E+20,5.76357E+21,9.80054E+15,5.20201E+16
10515,3,2,51,37,2018,2,19,4,3,2,6,2,0,1,0,0,0,0,1,4.86688E+20,5.87475E+21,8.80154E+15,5.30222E+16
10516,3,1,59,10,2018,2,0,1,3,9,1,2,0,1,0,0,0,0,2,5.84578E+20,5.70797E+21,1.02189E+16,5.15165E+16
10517,3,4,53,8,2018,1,8,4,2,4,2,1,0,1,0,1,0,1,1,4.34393E+20,5.86895E+21,8.02315E+15,5.29661E+16
10518,3,1,54,28,2018,2,3,4,3,9,1,2,0,1,0,0,0,0,2,6.31241E+20,5.79404E+21,1.09239E+16,5.22811E+16
10519,3,4,59,2,2018,2,7,6,3,2,6,0,0,1,0,0,0,1,1,4.2334E+20,5.82179E+21,7.86964E+15,5.25408E+16
10520,3,2,41,19,2018,2,9,3,2,6,2,0,0,1,1,0,0,0,1,5.49769E+20,5.82198E+21,9.73392E+15,5.25457E+16
10521,3,4,53,8,2018,1,17,4,3,5,3,2,1,1,0,0,0,0,1,4.3444E+20,5.8677E+21,8.0241E+15,5.29549E+16
10522,3,4,53,5,2018,1,7,4,2,4,2,1,0,1,0,0,0,0,1,4.467E+20,5.85185E+21,8.20917E+15,5.28138E+16
10523,3,2,52,7,2018,2,19,6,3,8,6,2,0,1,0,0,0,0,1,5.21508E+20,5.77848E+21,9.31439E+15,5.21564E+16
10524,3,3,52,32,2018,2,15,2,3,2,6,0,0,1,0,0,0,0,0,4.72814E+20,5.92291E+21,8.5906E+15,5.34545E+16
10525,3,3,56,5,2018,1,9,4,2,6,4,0,0,1,1,0,0,0,1,4.96338E+20,5.88989E+21,8.94524E+15,5.31584E+16
10526,3,1,59,16,2018,2,8,2,2,8,1,1,0,1,0,0,0,0,2,5.60962E+20,5.71263E+21,9.87944E+15,5.15615E+16
10527,3,3,61,1,2018,1,17,4,2,4,2,2,1,1,0,0,0,0,1,5.05608E+20,5.87424E+21,9.0836E+15,5.30176E+16
10528,3,2,52,5,2018,2,15,6,3,2,6,0,0,1,0,0,0,0,1,5.24233E+20,5.76797E+21,9.35348E+15,5.20618E+16
10529,3,3,53,4,2018,2,14,4,2,5,3,0,0,1,0,0,1,0,0,5.71256E+20,5.9071E+21,1.00694E+16,5.33083E+16
10530,3,2,51,13,2018,2,13,6,3,3,6,0,0,1,0,0,0,1,0,4.63822E+20,5.83669E+21,8.46488E+15,5.2679E+16
10531,3,4,60,9,2018,2,11,7,3,2,6,0,0,1,0,0,0,0,1,4.512E+20,5.84819E+21,8.27648E+15,5.27813E+16
10532,3,3,61,1,2018,1,15,4,3,5,3,0,1,1,0,0,0,0,1,5.06293E+20,5.87445E+21,9.09381E+15,5.30196E+16
10533,3,4,54,32,2018,2,23,3,2,8,7,2,0,1,0,0,0,0,0,3.89346E+20,5.81243E+21,7.3717E+15,5.24508E+16
10534,3,4,3,0,2018,1,17,4,3,2,6,2,0,1,0,0,0,0,1,4.45874E+20,5.88851E+21,8.19079E+15,5.31432E+16
10535,3,1,2,0,2018,2,16,3,3,5,3,0,0,1,0,1,0,0,0,5.88329E+20,5.77599E+21,1.02903E+16,5.21273E+16
10536,3,4,51,4,2018,1,11,4,3,2,6,0,0,1,0,0,0,0,0,4.37544E+20,5.8827E+21,8.0674E+15,5.30901E+16
10537,3,4,3,0,2018,1,16,4,3,5,2,2,1,1,0,0,0,0,1,4.46312E+20,5.88836E+21,8.19736E+15,5.31419E+16
10538,3,2,52,6,2018,2,19,6,3,6,6,2,1,0,1,0,0,0,0,5.25287E+20,5.77267E+21,9.36921E+15,5.2104E+16
10539,3,4,57,10,2018,2,7,6,3,2,6,2,0,1,0,0,0,0,1,4.06973E+20,5.90996E+21,7.60309E+15,5.33307E+16
10540,3,2,55,8,2018,2,8,3,3,2,2,0,0,1,0,0,0,0,0,5.55961E+20,5.75466E+21,9.81407E+15,5.19398E+16
10541,3,2,51,37,2018,1,17,4,3,5,3,2,1,1,0,0,0,0,1,4.79498E+20,5.8761E+21,8.69426E+15,5.30341E+16
10542,3,2,51,42,2018,1,23,4,1,8,1,2,0,1,0,0,0,0,1,4.73201E+20,5.85398E+21,8.60219E+15,5.28349E+16
10543,3,1,59,17,2018,2,15,6,3,5,3,0,1,1,0,0,0,0,1,5.46513E+20,5.69985E+21,9.66934E+15,5.14479E+16
10544,3,4,61,2,2018,1,6,4,3,6,6,2,0,0,1,1,0,0,1,4.64912E+20,5.90628E+21,8.47344E+15,5.33045E+16
10545,3,4,59,14,2018,2,11,1,3,8,1,0,0,1,0,0,0,0,1,4.25246E+20,5.8061E+21,7.90126E+15,5.24E+16
10546,3,3,53,40,2018,1,18,4,2,6,4,2,0,1,1,0,0,0,1,5.79544E+20,5.91365E+21,1.01954E+16,5.3366E+16
10547,3,1,59,22,2018,2,6,6,3,2,2,2,0,1,0,0,0,0,0,5.79075E+20,5.71532E+21,1.01413E+16,5.15834E+16
10548,3,3,55,13,2018,2,13,4,3,2,2,0,0,1,0,0,0,0,0,6.15868E+20,5.89465E+21,1.07342E+16,5.31885E+16
10549,3,3,57,48,2018,2,10,7,2,5,3,0,1,1,0,0,0,0,1,5.34348E+20,5.9042E+21,9.51523E+15,5.32859E+16
10550,3,3,59,6,2018,1,16,4,2,4,6,0,0,1,0,0,0,0,1,5.40571E+20,5.91681E+21,9.61019E+15,5.33988E+16
10551,3,4,3,0,2018,2,16,3,3,5,3,0,0,1,0,0,0,1,0,4.50475E+20,5.8858E+21,8.25999E+15,5.31193E+16
10552,3,3,59,3,2018,1,22,4,3,7,7,2,0,1,0,0,0,0,1,5.38056E+20,5.92301E+21,9.5731E+15,5.34547E+16
10553,3,4,53,5,2018,2,12,6,3,5,2,0,0,1,0,0,0,0,1,4.42692E+20,5.85406E+21,8.14933E+15,5.28332E+16
10554,3,4,56,1,2018,2,7,2,3,2,2,1,0,1,0,0,0,0,0,3.74398E+20,5.79814E+21,7.1572E+15,5.23192E+16
10555,3,3,58,5,2018,1,12,4,3,3,6,0,0,1,0,0,0,1,1,5.46922E+20,5.83609E+21,9.69394E+15,5.26727E+16
10556,3,3,58,4,2018,1,13,4,3,8,1,0,0,1,0,0,0,0,1,5.46996E+20,5.86451E+21,9.69913E+15,5.29282E+16
10557,3,1,54,19,2018,2,13,6,3,5,3,0,0,1,0,0,0,0,0,6.33879E+20,5.77815E+21,1.09563E+16,5.21376E+16
10558,3,4,57,16,2018,2,7,4,3,2,6,2,0,1,0,0,0,0,0,4.04875E+20,5.90213E+21,7.57395E+15,5.32599E+16
10559,3,3,59,24,2018,2,5,1,2,4,6,2,0,1,0,0,0,0,2,5.17893E+20,5.93198E+21,9.26997E+15,5.35364E+16
10560,3,3,58,21,2018,1,10,4,3,2,6,0,0,1,0,0,0,1,1,5.56113E+20,5.87163E+21,9.83597E+15,5.29913E+16
10561,3,1,51,39,2018,2,16,6,3,2,6,0,0,1,0,0,0,0,1,6.17959E+20,5.81382E+21,1.07362E+16,5.24618E+16
10562,3,3,57,35,2018,1,11,4,3,5,3,0,0,1,0,0,0,0,1,5.03235E+20,5.92615E+21,9.04875E+15,5.34843E+16
10563,3,4,3,0,2018,2,5,1,3,8,1,2,0,1,0,0,0,0,2,4.44954E+20,5.88826E+21,8.17708E+15,5.31409E+16
10564,3,3,57,51,2018,1,12,4,3,8,1,0,0,0,0,0,1,0,1,5.34345E+20,5.8747E+21,9.51202E+15,5.30207E+16
10565,3,1,54,14,2018,2,12,6,3,3,6,0,0,1,0,0,0,0,1,6.16508E+20,5.79667E+21,1.07089E+16,5.2308E+16
10566,3,2,41,20,2018,2,17,4,3,2,6,0,0,1,0,0,0,0,0,5.42751E+20,5.79111E+21,9.62649E+15,5.22687E+16
10567,3,2,41,1,2018,2,15,7,3,5,7,0,0,1,0,0,0,1,1,5.55243E+20,5.8069E+21,9.81214E+15,5.24095E+16
10568,3,3,52,61,2018,2,21,3,3,1,5,2,0,1,0,0,0,0,0,4.73547E+20,5.9568E+21,8.59875E+15,5.37592E+16
10569,3,3,57,9,2018,1,4,4,3,7,7,2,0,1,0,0,0,0,0,5.37427E+20,5.88E+21,9.55857E+15,5.30682E+16
10570,3,4,62,15,2018,2,13,2,3,4,6,0,0,1,0,0,0,0,1,4.0998E+20,5.94285E+21,7.6388E+15,5.36267E+16
10571,3,3,57,9,2018,1,7,4,3,9,7,2,0,0,0,1,0,0,1,5.33326E+20,5.88364E+21,9.49775E+15,5.31011E+16
10572,3,3,60,25,2018,1,16,4,3,2,6,0,0,1,0,0,0,0,1,6.07233E+20,5.87404E+21,1.05981E+16,5.30051E+16
10573,3,1,3,0,2018,2,5,6,3,8,7,2,0,1,0,0,0,0,1,6.17813E+20,5.80734E+21,1.07318E+16,5.24036E+16
10574,3,4,51,2,2018,2,16,4,3,5,3,0,1,1,0,0,0,0,0,4.34788E+20,5.89285E+21,8.02418E+15,5.3181E+16
10575,3,2,54,21,2018,2,19,1,3,3,6,2,0,1,0,0,0,0,0,5.67471E+20,5.77966E+21,9.98642E+15,5.21633E+16
10576,3,3,60,25,2018,1,15,4,3,2,2,0,0,1,0,0,0,0,1,6.01031E+20,5.87225E+21,1.05052E+16,5.29902E+16
10577,3,1,51,38,2018,2,16,4,3,5,3,0,0,1,0,0,0,0,0,6.01079E+20,5.82798E+21,1.04922E+16,5.25924E+16
10578,3,1,53,504,2018,2,8,7,2,9,1,0,0,1,0,0,0,0,2,6.1151E+20,5.7268E+21,1.06129E+16,5.16811E+16
10579,3,3,51,6,2018,2,10,3,3,2,6,0,0,1,0,0,0,0,0,5.75582E+20,5.8289E+21,1.01161E+16,5.26049E+16
10580,3,3,54,15,2018,1,15,4,3,5,2,0,0,1,0,0,0,1,1,6.54973E+20,5.86492E+21,1.13047E+16,5.29115E+16
10581,3,2,52,6,2018,2,17,7,3,6,2,2,0,1,1,0,0,0,1,5.25084E+20,5.77268E+21,9.36624E+15,5.21041E+16
10582,3,3,60,7,2018,2,15,3,2,9,7,0,0,1,0,0,0,0,1,5.85552E+20,5.86989E+21,1.0274E+16,5.29718E+16
10583,3,3,55,24,2018,1,5,4,3,3,6,2,0,0,0,0,1,1,0,5.96019E+20,5.89159E+21,1.04363E+16,5.3165E+16
10584,3,4,53,8,2018,2,10,2,3,2,2,0,0,1,0,0,0,1,0,4.33397E+20,5.86114E+21,8.00993E+15,5.28958E+16
10585,3,2,41,1,2018,1,13,4,3,2,6,0,0,0,0,0,0,1,1,5.5064E+20,5.80225E+21,9.74377E+15,5.23681E+16
10586,3,3,57,39,2018,2,8,2,3,2,6,0,0,1,0,0,0,0,0,5.21266E+20,5.88576E+21,9.31777E+15,5.31209E+16
10587,3,2,41,14,2018,1,7,4,3,5,3,1,0,1,0,0,0,0,1,5.45491E+20,5.79672E+21,9.6674E+15,5.23189E+16
10588,3,4,4,0,2018,2,16,5,3,3,6,0,0,1,0,0,1,0,1,4.35712E+20,5.78863E+21,8.0584E+15,5.22444E+16
10589,3,4,61,5,2018,2,3,4,2,8,1,2,0,0,0,0,0,1,0,4.50128E+20,5.91148E+21,8.25078E+15,5.33501E+16
10590,3,1,53,18,2018,2,17,1,3,6,4,1,0,1,1,0,0,0,1,5.99838E+20,5.73991E+21,1.04479E+16,5.18011E+16
10591,3,2,41,18,2018,1,16,4,3,5,3,0,0,1,0,1,0,0,1,5.71869E+20,5.81674E+21,1.00586E+16,5.24961E+16
10592,3,4,4,0,2018,2,20,3,3,2,6,2,0,1,0,0,0,0,0,4.35422E+20,5.7922E+21,8.05346E+15,5.22764E+16
10593,3,3,57,37,2018,1,17,3,2,8,1,2,0,1,0,0,0,0,0,5.14302E+20,5.88827E+21,9.21382E+15,5.31436E+16
10594,3,4,4,0,2018,2,15,6,3,5,2,0,0,1,0,0,0,0,1,4.3228E+20,5.79173E+21,8.00752E+15,5.22717E+16
10595,3,1,53,12,2018,2,18,3,3,8,7,2,0,1,0,0,0,0,0,5.77542E+20,5.74635E+21,1.01261E+16,5.18625E+16
10596,3,2,41,1,2018,1,7,4,3,2,7,2,0,0,0,0,1,0,1,5.52608E+20,5.80886E+21,9.77372E+15,5.24274E+16
10597,3,1,59,19,2018,1,15,4,3,2,6,0,0,1,0,0,0,0,1,5.92961E+20,5.72305E+21,1.03437E+16,5.16507E+16
10598,3,4,59,24,2018,2,10,5,3,2,6,0,0,1,0,0,1,0,1,4.54947E+20,5.78185E+21,8.34101E+15,5.21853E+16
10599,3,1,55,13,2018,1,13,4,2,8,1,0,0,1,0,0,0,0,1,5.55991E+20,5.7446E+21,9.81287E+15,5.18494E+16
10600,3,1,58,13,2018,2,13,2,3,5,3,0,0,1,0,0,0,0,0,6.16525E+20,5.78355E+21,1.07047E+16,5.21901E+16
10601,3,1,55,11,2018,1,16,4,3,8,7,1,0,1,0,0,0,0,1,5.67164E+20,5.73204E+21,9.97263E+15,5.17353E+16
10602,3,4,59,8,2018,2,8,5,3,9,1,0,0,1,0,0,0,0,2,4.39328E+20,5.79627E+21,8.10997E+15,5.23134E+16
10603,3,3,57,45,2018,2,9,4,3,2,6,0,0,1,0,0,0,0,0,5.13796E+20,5.88453E+21,9.20609E+15,5.311E+16
10604,3,4,51,7,2018,2,6,7,3,8,6,2,0,1,0,0,0,0,1,4.3117E+20,5.9066E+21,7.96709E+15,5.33041E+16
10605,3,4,3,0,2018,2,19,2,3,0,7,2,1,0,1,0,0,0,0,4.49403E+20,5.89314E+21,8.24281E+15,5.31852E+16
10606,3,2,57,35,2018,1,7,4,3,4,2,0,0,1,0,0,1,0,1,5.1284E+20,5.79796E+21,9.18843E+15,5.23318E+16
10607,3,2,54,5,2018,2,13,2,3,1,7,0,0,1,0,0,0,0,0,5.71995E+20,5.7756E+21,1.00517E+16,5.21262E+16
10608,3,2,54,2,2018,1,14,4,3,2,6,0,0,1,0,0,0,0,1,5.57003E+20,5.75956E+21,9.83005E+15,5.19838E+16
10609,3,3,52,44,2018,2,10,4,3,1,5,0,0,1,0,0,0,1,1,5.12227E+20,5.95001E+21,9.1852E+15,5.36987E+16
10610,3,4,59,2,2018,2,14,7,3,8,1,0,0,1,0,0,0,0,2,4.23205E+20,5.81883E+21,7.86834E+15,5.25142E+16
10611,3,2,54,21,2018,1,17,4,3,2,6,1,0,1,0,0,0,0,1,5.64062E+20,5.77833E+21,9.93634E+15,5.21517E+16
10612,3,4,54,11,2018,2,7,3,3,2,6,2,0,1,0,0,0,0,0,4.09435E+20,5.87505E+21,7.64992E+15,5.30173E+16
10613,3,2,54,28,2018,1,6,4,3,3,6,2,0,1,0,0,0,0,1,5.62783E+20,5.78984E+21,9.91979E+15,5.22553E+16
10614,3,4,56,20,2018,2,15,6,3,5,3,0,0,1,0,0,0,0,1,3.8057E+20,5.79647E+21,7.2483E+15,5.23055E+16
10615,3,2,52,6,2018,2,13,3,2,2,6,0,0,1,0,0,0,0,0,5.2246E+20,5.77464E+21,9.32805E+15,5.21218E+16
10616,3,2,52,6,2018,1,14,4,2,4,2,0,0,1,0,0,1,0,1,5.25869E+20,5.77081E+21,9.37755E+15,5.20872E+16
10617,3,2,52,6,2018,1,7,4,3,4,6,1,1,1,0,0,0,0,1,5.2298E+20,5.77264E+21,9.33551E+15,5.21038E+16
10618,3,1,55,9,2018,1,19,4,3,8,1,2,0,1,0,0,0,0,1,5.63663E+20,5.72464E+21,9.92059E+15,5.16691E+16
10619,3,4,54,34,2018,2,13,1,3,5,3,0,0,1,0,0,0,0,1,3.93626E+20,5.80918E+21,7.43568E+15,5.24225E+16
10620,3,1,59,16,2018,1,13,4,3,3,6,0,0,1,0,0,0,0,0,5.60998E+20,5.71212E+21,9.87988E+15,5.15569E+16
10621,3,2,41,1,2018,2,15,4,3,2,6,0,0,1,0,0,0,1,0,5.51891E+20,5.79936E+21,9.76169E+15,5.23421E+16
10622,3,2,41,1,2018,2,20,7,3,4,1,2,0,1,0,0,0,0,2,5.57577E+20,5.79714E+21,9.84477E+15,5.23216E+16
10623,3,4,61,5,2018,2,16,3,3,3,2,0,1,1,0,0,0,0,0,4.45821E+20,5.91042E+21,8.18627E+15,5.33401E+16
10624,3,1,58,6,2018,1,7,4,3,2,6,2,0,1,0,0,0,0,1,6.1274E+20,5.78826E+21,1.06509E+16,5.22332E+16
10625,3,4,54,32,2018,2,19,2,3,2,2,2,0,1,0,0,0,0,0,3.85388E+20,5.82883E+21,7.30782E+15,5.25974E+16
10626,3,1,58,37,2018,1,16,4,3,4,1,0,0,1,0,0,0,0,0,6.08024E+20,5.78366E+21,1.05804E+16,5.21928E+16
10627,3,1,58,16,2018,1,15,4,3,2,6,0,0,1,0,0,0,0,1,5.91123E+20,5.7683E+21,1.03291E+16,5.20578E+16
10628,3,4,53,1,2018,2,15,3,3,5,2,0,0,1,0,1,0,0,0,4.12098E+20,5.89242E+21,7.68486E+15,5.31739E+16
10629,3,1,57,8,2018,1,19,4,3,2,6,2,0,1,0,0,0,0,1,5.9576E+20,5.794E+21,1.04039E+16,5.2288E+16
10630,3,1,58,37,2018,2,7,3,3,2,6,1,0,1,0,0,0,0,1,6.02072E+20,5.77899E+21,1.04919E+16,5.2152E+16
10631,3,1,53,17,2018,1,23,4,2,9,1,2,0,1,0,0,0,0,1,6.01466E+20,5.75192E+21,1.04751E+16,5.19088E+16
10632,3,1,1,0,2018,1,20,4,3,8,1,2,0,1,0,0,0,0,1,6.03913E+20,5.79881E+21,1.05249E+16,5.23298E+16
10633,3,4,59,20,2018,1,7,3,3,5,3,0,0,1,0,1,0,0,1,4.30966E+20,5.78382E+21,7.98988E+15,5.22005E+16
10634,3,2,51,44,2018,2,1,1,2,8,1,2,0,1,0,0,0,0,1,4.70796E+20,5.82578E+21,8.569E+15,5.25813E+16
10635,3,4,59,11,2018,1,0,3,3,7,1,2,0,1,0,0,0,0,0,4.14162E+20,5.82582E+21,7.73329E+15,5.25757E+16
10636,3,2,41,13,2018,2,15,4,2,4,7,0,0,1,0,0,0,0,0,5.54771E+20,5.7919E+21,9.80275E+15,5.22747E+16
10637,3,2,41,8,2018,2,10,7,3,9,1,0,0,1,0,0,0,0,2,5.60645E+20,5.80919E+21,9.89196E+15,5.24295E+16
10638,3,3,58,5,2018,2,2,3,3,2,6,2,0,0,0,0,1,0,1,5.46829E+20,5.83638E+21,9.69261E+15,5.26754E+16
10639,3,4,56,14,2018,1,15,3,2,2,2,0,0,1,0,0,0,0,0,3.5922E+20,5.81798E+21,6.92632E+15,5.24938E+16
10640,3,4,52,12,2018,2,20,2,3,8,7,2,0,1,0,0,0,0,0,3.92958E+20,5.91982E+21,7.38939E+15,5.34165E+16
10641,3,4,56,23,2018,1,9,3,2,4,2,0,0,1,0,0,0,0,1,3.57745E+20,5.81819E+21,6.90451E+15,5.24953E+16
10642,3,3,53,31,2018,2,22,2,3,5,3,2,0,1,0,0,0,0,0,5.69028E+20,5.916E+21,1.00379E+16,5.33886E+16
10643,3,4,56,15,2018,1,10,3,3,2,6,0,0,1,0,0,0,0,0,3.71395E+20,5.80641E+21,7.11E+15,5.23928E+16
10644,3,4,53,12,2018,2,12,6,2,8,1,0,0,1,0,0,0,0,1,4.30482E+20,5.85632E+21,7.96763E+15,5.28521E+16
10645,3,4,3,0,2018,2,16,4,3,0,7,0,1,0,0,0,0,0,2,4.46368E+20,5.89136E+21,8.19769E+15,5.31689E+16
10646,3,1,59,34,2018,2,14,1,2,4,1,0,0,1,0,0,0,0,2,5.45088E+20,5.69003E+21,9.64758E+15,5.13597E+16
10647,3,4,54,29,2018,1,15,3,3,5,7,0,0,1,0,0,0,0,0,3.86207E+20,5.85187E+21,7.31193E+15,5.28046E+16
10648,3,4,62,15,2018,1,7,3,2,4,2,2,0,1,0,0,0,0,1,4.09701E+20,5.94304E+21,7.63452E+15,5.36284E+16
10649,3,4,54,32,2018,2,14,4,3,2,2,0,0,1,0,0,0,0,0,3.89346E+20,5.81243E+21,7.3717E+15,5.24508E+16
10650,3,2,41,17,2018,2,14,1,3,5,3,0,0,1,0,0,0,0,0,5.36083E+20,5.78303E+21,9.52792E+15,5.21966E+16
10651,3,4,52,22,2018,1,16,3,3,5,2,0,0,1,0,0,0,0,0,3.88716E+20,5.93235E+21,7.32114E+15,5.35283E+16
10652,3,1,59,16,2018,2,17,4,3,6,4,1,1,0,1,0,0,0,1,5.64796E+20,5.71012E+21,9.93429E+15,5.15385E+16
10653,3,1,58,36,2018,2,19,7,3,9,1,2,0,1,0,0,0,0,2,6.11975E+20,5.77535E+21,1.06354E+16,5.21173E+16
10654,3,3,54,12,2018,2,13,3,3,2,2,0,0,1,0,0,0,1,0,6.29237E+20,5.88198E+21,1.0929E+16,5.30716E+16
10655,3,4,52,6,2018,1,18,3,3,2,6,2,0,1,0,0,0,0,0,4.02797E+20,5.92101E+21,7.537E+15,5.34291E+16
10656,3,4,55,25,2018,2,11,2,3,8,1,0,0,1,0,0,0,0,1,4.32868E+20,5.91752E+21,7.99025E+15,5.34025E+16
10657,3,4,3,0,2018,1,9,3,2,5,3,0,1,1,0,0,0,0,0,4.43404E+20,5.8883E+21,8.1539E+15,5.31411E+16
10658,3,3,51,25,2018,2,13,2,3,4,6,0,0,1,0,0,0,0,0,5.86441E+20,5.84608E+21,1.02809E+16,5.27576E+16
10659,3,3,52,62,2018,1,13,3,3,4,6,0,0,1,0,0,0,0,0,4.73311E+20,5.93864E+21,8.59674E+15,5.35959E+16
10660,3,3,52,32,2018,2,14,4,3,2,2,0,0,1,0,0,0,0,0,4.73876E+20,5.92317E+21,8.60657E+15,5.34569E+16
10661,3,4,59,14,2018,2,15,7,3,8,7,0,0,1,0,0,0,0,2,4.34522E+20,5.80548E+21,8.0377E+15,5.23956E+16
10662,3,3,59,3,2018,1,4,3,1,8,1,2,0,1,0,0,0,0,1,5.39341E+20,5.92226E+21,9.59237E+15,5.34479E+16
10663,3,4,57,22,2018,2,7,3,3,2,2,0,0,1,0,0,0,0,1,3.96001E+20,5.88967E+21,7.44501E+15,5.31463E+16
10664,3,3,59,38,2018,1,13,3,3,2,2,0,0,1,0,0,0,0,0,5.31569E+20,5.94596E+21,9.47773E+15,5.36614E+16
10665,3,3,60,15,2018,1,18,3,2,9,1,2,0,1,0,0,0,0,0,6.13002E+20,5.87701E+21,1.06851E+16,5.30306E+16
10666,3,4,57,20,2018,2,15,6,3,5,3,0,0,1,0,0,0,0,1,4.17103E+20,5.90706E+21,7.75592E+15,5.33063E+16
10667,3,2,54,21,2018,2,10,3,3,2,6,0,0,1,0,0,0,0,0,5.64369E+20,5.77699E+21,9.94057E+15,5.21397E+16
10668,3,1,51,25,2018,2,13,2,3,2,2,0,0,1,0,0,0,0,0,6.11439E+20,5.81582E+21,1.0641E+16,5.24811E+16
10669,3,4,57,20,2018,2,15,5,3,2,6,0,0,1,0,0,0,0,0,4.0957E+20,5.9008E+21,7.64469E+15,5.32487E+16
10670,3,1,59,33,2018,2,17,3,3,2,6,1,0,1,0,0,0,0,0,5.81105E+20,5.71085E+21,1.01696E+16,5.15429E+16
10671,3,1,57,6,2018,2,11,2,3,2,6,0,0,0,0,0,1,0,0,5.79513E+20,5.80167E+21,1.01676E+16,5.23595E+16
10672,3,4,54,35,2018,2,13,7,3,2,2,0,0,1,0,0,0,0,0,3.84219E+20,5.8392E+21,7.28693E+15,5.26903E+16
10673,3,4,59,22,2018,2,22,1,3,2,1,2,0,1,0,0,0,0,1,4.4237E+20,5.77733E+21,8.15783E+15,5.21435E+16
10674,3,4,54,14,2018,2,9,4,3,2,6,1,0,1,0,0,0,0,1,3.76682E+20,5.82785E+21,7.17972E+15,5.25867E+16
10675,3,4,60,6,2018,2,12,6,3,5,3,0,0,1,0,0,0,0,0,4.45693E+20,5.83994E+21,8.19621E+15,5.27066E+16
10676,3,4,59,15,2018,2,6,1,2,4,1,2,0,1,0,0,0,0,2,4.45506E+20,5.77655E+21,8.20378E+15,5.21367E+16
10677,3,2,41,11,2018,2,12,4,3,2,6,0,0,1,0,0,0,0,0,5.66041E+20,5.80244E+21,9.96999E+15,5.23683E+16
10678,3,4,59,19,2018,2,20,1,3,0,1,2,1,0,0,0,0,0,2,4.35023E+20,5.78414E+21,8.04918E+15,5.22039E+16
10679,3,2,41,12,2018,2,7,6,3,5,2,0,1,1,0,0,0,0,2,5.32513E+20,5.81745E+21,9.47902E+15,5.25062E+16
10680,3,2,51,49,2018,2,15,3,3,5,3,0,0,1,0,0,0,0,0,4.99284E+20,5.85317E+21,8.98938E+15,5.28283E+16
10681,3,4,59,19,2018,2,19,1,3,8,1,2,0,1,0,0,0,0,2,4.37529E+20,5.78704E+21,8.08531E+15,5.22302E+16
10682,3,1,55,12,2018,2,15,2,3,2,6,0,0,1,0,0,0,0,0,5.4429E+20,5.72154E+21,9.64008E+15,5.16431E+16
10683,3,4,54,9,2018,2,4,1,2,8,1,2,0,1,0,0,0,0,1,4.0553E+20,5.8318E+21,7.60426E+15,5.26279E+16
10684,3,3,58,21,2018,2,11,5,3,4,2,0,0,1,0,0,0,0,0,5.56259E+20,5.87116E+21,9.83806E+15,5.29871E+16
10685,3,4,4,0,2018,2,13,2,3,2,6,0,0,1,0,0,1,0,0,4.35601E+20,5.79043E+21,8.05644E+15,5.22605E+16
10686,3,4,54,53,2018,2,8,1,2,4,1,0,0,1,0,0,0,1,2,3.98394E+20,5.81808E+21,7.50307E+15,5.25034E+16