OBJECTID_1,ULAND,UREGBEZ,UKREIS,UGEMEINDE,UJAHR,UMONAT,USTUNDE,UWOCHENTAG,UKATEGORIE,UART,UTYP1,ULICHTVERH,IstRad,IstPKW,IstFuss,IstKrad,IstGkfz,IstSonstig,STRZUSTAND,LINREFX,LINREFY,XGCSWGS84,YGCSWGS84
10687,3,4,58,13,2018,2,12,7,3,5,2,0,0,1,0,0,0,1,0,4.46114E+20,5.87916E+21,8.19595E+15,5.30592E+16
10688,3,4,60,7,2018,2,21,1,3,4,6,2,0,1,0,0,0,0,2,4.37674E+20,5.81935E+21,8.08142E+15,5.25207E+16
10689,3,4,60,9,2018,2,17,4,3,5,3,0,0,1,0,0,0,0,0,4.49563E+20,5.84243E+21,8.2531E+15,5.27294E+16
10690,3,3,61,1,2018,2,11,6,3,5,3,0,1,1,0,0,0,0,0,5.02635E+20,5.87339E+21,9.03927E+15,5.30101E+16
10691,3,1,59,13,2018,2,5,4,3,2,6,2,0,1,0,0,0,0,2,5.646E+20,5.69744E+21,9.92914E+15,5.14245E+16
10692,3,4,53,4,2018,2,8,1,3,9,1,0,0,1,0,0,0,0,2,4.33985E+20,5.85954E+21,8.01899E+15,5.28815E+16
10693,3,4,57,20,2018,2,15,2,2,2,6,0,0,1,0,0,1,0,0,4.20052E+20,5.90339E+21,7.80109E+15,5.32737E+16
10694,3,4,5,0,2018,2,18,6,3,2,6,2,0,1,0,0,0,0,1,4.38068E+20,5.93126E+21,8.06574E+15,5.35266E+16
10695,3,2,54,3,2018,2,17,4,2,6,4,0,0,1,1,0,0,0,0,5.6614E+20,5.78965E+21,9.96893E+15,5.22533E+16
10696,3,4,55,25,2018,2,18,1,3,5,3,2,0,1,0,0,0,0,0,4.35963E+20,5.91604E+21,8.03709E+15,5.33896E+16
10697,3,3,52,11,2018,2,8,2,3,3,6,0,0,1,0,0,1,0,2,4.80811E+20,5.96308E+21,8.70855E+15,5.38159E+16
10698,3,1,2,0,2018,2,18,3,3,5,3,2,0,1,0,0,0,0,0,5.85517E+20,5.77635E+21,1.02494E+16,5.21311E+16
10699,3,3,59,23,2018,2,21,2,2,9,1,2,0,1,0,0,0,0,2,5.37736E+20,5.92314E+21,9.5683E+15,5.34559E+16
10700,3,1,55,12,2018,2,13,6,3,2,6,0,0,1,0,0,0,0,0,5.44258E+20,5.72332E+21,9.63985E+15,5.16591E+16
10701,3,3,52,11,2018,2,10,3,3,5,2,0,0,1,0,0,0,0,1,4.78859E+20,5.96924E+21,8.67848E+15,5.38712E+16
10702,3,4,55,25,2018,2,13,1,2,3,2,0,0,1,0,0,0,0,1,4.35175E+20,5.92232E+21,8.02395E+15,5.34459E+16
10703,3,3,61,13,2018,2,22,5,3,1,5,2,0,1,0,0,0,0,1,5.01345E+20,5.86857E+21,9.02002E+15,5.29667E+16
10704,3,1,58,37,2018,2,8,2,3,2,6,0,0,1,0,0,0,1,1,6.06012E+20,5.7805E+21,1.055E+16,5.21648E+16
10705,3,3,61,6,2018,2,8,1,3,9,1,0,0,1,0,0,0,0,2,5.10923E+20,5.87529E+21,9.16287E+15,5.3027E+16
10706,3,2,41,5,2018,2,13,5,3,4,2,0,0,1,0,0,0,0,1,5.42041E+20,5.80891E+21,9.61832E+15,5.24288E+16
10707,3,4,56,27,2018,2,16,2,3,5,3,0,0,1,0,0,0,0,1,3.78776E+20,5.79864E+21,7.22123E+15,5.23246E+16
10708,3,3,58,22,2018,2,15,7,3,2,6,0,0,1,0,0,0,0,0,5.45955E+20,5.85201E+21,9.68187E+15,5.28159E+16
10709,3,4,58,13,2018,2,21,1,3,2,6,2,0,1,0,0,0,0,0,4.47372E+20,5.87552E+21,8.21531E+15,5.30266E+16
10710,3,4,51,7,2018,2,17,4,3,5,2,0,1,0,0,0,0,1,0,4.28111E+20,5.90149E+21,7.92234E+15,5.32578E+16
10711,3,2,51,47,2018,2,10,6,3,2,6,0,0,1,0,0,0,0,1,4.86516E+20,5.86815E+21,8.79925E+15,5.29628E+16
10712,3,4,59,8,2018,2,16,3,3,2,6,0,0,1,0,0,0,0,1,4.39309E+20,5.79466E+21,8.10999E+15,5.22989E+16
10713,3,3,53,34,2018,2,9,1,3,3,6,0,0,1,0,0,0,0,2,5.7239E+20,5.90261E+21,1.00854E+16,5.32678E+16
10714,3,4,53,10,2018,2,15,2,3,2,5,0,0,1,0,0,0,0,0,4.1806E+20,5.85559E+21,7.78339E+15,5.28438E+16
10715,3,1,57,6,2018,2,15,6,3,3,7,0,0,1,0,0,0,0,0,5.85036E+20,5.80194E+21,1.02488E+16,5.23611E+16
10716,3,1,55,13,2018,2,15,3,3,9,1,0,0,1,0,0,0,0,0,5.53344E+20,5.74298E+21,9.7742E+15,5.18351E+16
10717,3,3,53,39,2018,2,11,1,1,3,2,0,0,1,0,0,0,0,1,5.48741E+20,5.91229E+21,9.73235E+15,5.33575E+16
10718,3,2,41,1,2018,2,14,1,2,5,2,0,0,1,0,0,0,0,0,5.49843E+20,5.80392E+21,9.73232E+15,5.23833E+16
10719,3,3,58,23,2018,2,9,1,3,8,1,0,0,1,0,0,0,0,2,5.59475E+20,5.86612E+21,9.88503E+15,5.29414E+16
10720,3,1,58,38,2018,2,15,5,3,8,1,0,0,1,0,0,0,0,2,6.09328E+20,5.77156E+21,1.05956E+16,5.20838E+16
10721,3,4,51,7,2018,2,14,2,2,6,2,0,0,1,1,0,0,0,0,4.28174E+20,5.90139E+21,7.92331E+15,5.32569E+16
10722,3,1,59,17,2018,2,10,6,3,2,6,0,0,1,0,0,0,0,1,5.45252E+20,5.69598E+21,9.6507E+15,5.14132E+16
10723,3,2,41,11,2018,2,10,3,3,2,6,0,0,1,0,0,0,0,1,5.66287E+20,5.80352E+21,9.97381E+15,5.23779E+16
10724,3,3,60,7,2018,2,23,1,3,9,1,2,0,1,0,0,0,0,2,5.89801E+20,5.86139E+21,1.03349E+16,5.28946E+16
10725,3,4,55,14,2018,2,21,1,3,8,1,2,0,1,0,0,0,0,0,4.34092E+20,5.93006E+21,8.00603E+15,5.35153E+16
10726,3,3,60,7,2018,2,13,1,3,8,1,0,0,1,0,0,0,0,2,5.89832E+20,5.86153E+21,1.03354E+16,5.28959E+16
10727,3,2,56,4,2018,2,15,5,2,5,3,0,0,1,0,0,0,1,0,4.83893E+20,5.80834E+21,8.76313E+15,5.2425E+16
10728,3,4,62,3,2018,2,11,2,2,5,3,0,1,0,0,0,1,0,1,4.08298E+20,5.94394E+21,7.61306E+15,5.36362E+16
10729,3,2,41,1,2018,2,0,7,3,2,6,2,0,1,0,0,0,0,0,5.51876E+20,5.8088E+21,9.76294E+15,5.2427E+16
10730,3,3,55,35,2018,2,22,1,3,0,1,2,0,1,0,0,0,0,2,5.8766E+20,5.89439E+21,1.03121E+16,5.31916E+16
10731,3,4,58,10,2018,2,9,4,3,2,2,0,0,1,0,0,1,0,0,4.60271E+20,5.8811E+21,8.40694E+15,5.30779E+16
10732,3,3,53,30,2018,2,16,6,3,4,2,0,0,1,0,0,0,0,0,5.79574E+20,5.89722E+21,1.01918E+16,5.32183E+16
10733,3,4,2,0,2018,2,13,3,3,5,2,0,1,1,0,0,0,0,0,3.80809E+20,5.91737E+21,7.2076E+15,5.33919E+16
10734,3,2,41,1,2018,2,17,1,3,5,2,1,1,1,0,0,0,0,1,5.50018E+20,5.80637E+21,9.73526E+15,5.24053E+16
10735,3,2,51,49,2018,2,11,2,3,5,3,0,0,1,0,0,0,1,0,4.93276E+20,5.8536E+21,8.90019E+15,5.28321E+16
10736,3,2,41,1,2018,2,18,1,3,5,2,1,0,1,0,0,0,0,1,5.56676E+20,5.808E+21,9.83339E+15,5.24193E+16
10737,3,4,59,24,2018,2,23,5,2,8,1,2,0,1,0,0,0,0,1,4.60703E+20,5.79049E+21,8.42419E+15,5.22634E+16
10738,3,2,56,22,2018,2,19,3,3,0,3,2,0,1,0,0,1,0,0,5.16763E+20,5.82971E+21,9.2476E+15,5.26172E+16
10739,3,1,55,9,2018,2,9,1,3,4,1,0,0,1,0,0,0,0,2,5.56144E+20,5.73157E+21,9.81299E+15,5.17323E+16
10740,3,1,51,38,2018,2,20,1,3,8,1,2,0,1,0,0,0,0,0,6.06874E+20,5.82926E+21,1.05781E+16,5.26029E+16
10741,3,2,57,37,2018,2,14,1,3,8,7,0,0,1,0,0,0,0,1,5.08927E+20,5.80566E+21,9.13122E+15,5.24011E+16
10742,3,4,59,8,2018,2,17,4,3,0,3,1,0,1,0,0,0,1,0,4.41018E+20,5.79537E+21,8.13493E+15,5.23055E+16
10743,3,4,52,1,2018,2,8,6,3,5,3,0,0,1,0,0,0,0,1,3.97933E+20,5.9249E+21,7.46256E+15,5.34632E+16
10744,3,1,53,12,2018,2,6,1,3,9,1,2,0,1,0,0,0,0,1,5.78361E+20,5.75306E+21,1.01395E+16,5.19228E+16
10745,3,2,41,1,2018,2,12,4,3,2,6,0,0,1,0,0,0,0,0,5.48538E+20,5.80576E+21,9.71341E+15,5.23999E+16
10746,3,2,55,23,2018,2,18,1,3,8,1,2,0,1,0,0,0,0,2,5.32993E+20,5.73747E+21,9.47832E+15,5.17871E+16
10747,3,2,41,1,2018,2,18,6,3,2,6,2,0,1,0,0,0,0,0,5.4994E+20,5.80406E+21,9.73375E+15,5.23845E+16
10748,3,4,54,41,2018,2,12,6,2,2,2,0,0,1,0,0,0,0,1,3.88183E+20,5.87561E+21,7.33307E+15,5.30183E+16
10749,3,1,59,16,2018,2,0,1,3,8,1,2,0,1,0,0,0,0,1,5.60976E+20,5.70922E+21,9.87905E+15,5.15308E+16
10750,3,3,58,22,2018,2,15,4,3,5,2,0,0,0,0,1,0,1,0,5.39593E+20,5.85872E+21,9.58829E+15,5.28767E+16
10751,3,1,53,17,2018,2,14,1,3,2,6,0,0,1,0,0,0,0,1,5.97188E+20,5.75316E+21,1.04132E+16,5.19207E+16
10752,3,3,57,36,2018,2,5,6,3,8,1,2,0,1,0,0,0,0,2,5.10793E+20,5.9091E+21,9.16207E+15,5.3331E+16
10753,3,4,52,15,2018,2,11,3,3,5,3,0,0,1,0,0,0,0,0,3.87348E+20,5.93347E+21,7.30012E+15,5.3538E+16
10754,3,1,57,6,2018,2,20,1,3,3,6,2,0,1,0,0,1,1,0,5.85586E+20,5.79924E+21,1.02562E+16,5.23368E+16
10755,3,3,58,17,2018,2,18,2,3,5,3,1,0,1,0,0,0,1,0,5.47523E+20,5.87607E+21,9.70866E+15,5.3032E+16
10756,3,1,1,0,2018,2,19,1,3,9,6,2,0,1,0,0,0,0,0,6.02231E+20,5.79753E+21,1.04999E+16,5.23185E+16
10757,3,3,59,38,2018,2,18,2,3,8,1,2,0,1,0,0,0,0,2,5.28592E+20,5.94203E+21,9.43232E+15,5.36263E+16
10758,3,4,54,18,2018,2,16,5,3,2,6,0,0,1,0,0,0,0,1,3.85518E+20,5.84928E+21,7.30263E+15,5.27812E+16
10759,3,1,57,9,2018,2,21,3,2,8,1,2,0,1,0,0,0,0,1,5.87537E+20,5.79108E+21,1.02827E+16,5.22632E+16
10760,3,4,59,12,2018,2,12,7,3,8,7,0,0,1,0,0,0,0,1,4.49583E+20,5.79367E+21,8.26078E+15,5.2291E+16
10761,3,4,53,8,2018,2,13,7,3,5,3,0,0,1,0,0,0,0,0,4.35446E+20,5.86875E+21,8.03887E+15,5.29645E+16
10762,3,4,59,17,2018,2,12,7,3,9,1,0,0,1,0,0,0,0,1,4.08182E+20,5.81754E+21,7.64737E+15,5.25002E+16
10763,3,4,62,18,2018,2,16,4,3,5,3,0,0,1,0,0,0,0,0,3.98429E+20,5.93687E+21,7.46614E+15,5.35709E+16
10764,3,4,53,11,2018,2,15,6,3,5,3,0,0,1,0,0,0,0,0,4.14056E+20,5.84827E+21,7.72588E+15,5.27774E+16
10765,3,4,4,0,2018,2,19,7,3,5,3,2,1,1,0,0,0,0,1,4.33811E+20,5.79355E+21,8.0296E+15,5.22883E+16
10766,3,2,41,5,2018,2,15,4,2,6,2,0,0,1,1,0,0,0,0,5.39898E+20,5.80748E+21,9.58663E+15,5.24161E+16
10767,3,4,4,0,2018,2,20,7,3,4,2,2,0,1,0,0,0,0,1,4.32616E+20,5.79437E+21,8.01192E+15,5.22955E+16
10768,3,3,52,11,2018,2,9,2,3,8,1,0,0,1,0,0,0,0,2,4.80757E+20,5.9608E+21,8.70786E+15,5.37955E+16
10769,3,3,58,5,2018,2,19,2,3,9,6,2,0,1,0,0,1,0,1,5.4839E+20,5.83235E+21,9.7151E+15,5.2639E+16
10770,3,2,41,19,2018,2,16,6,3,2,6,1,0,1,0,0,0,0,0,5.49999E+20,5.8291E+21,9.73839E+15,5.26096E+16
10771,3,4,61,2,2018,2,18,3,3,2,6,2,0,1,0,0,0,0,0,4.63768E+20,5.90862E+21,8.45601E+15,5.33255E+16
10772,3,4,4,0,2018,2,14,7,3,2,6,0,0,1,0,0,0,0,1,4.33239E+20,5.79401E+21,8.02112E+15,5.22924E+16
10773,3,2,52,4,2018,2,14,2,3,3,6,0,0,1,0,0,0,0,0,5.30396E+20,5.77284E+21,9.44381E+15,5.21053E+16
10774,3,4,54,41,2018,2,15,7,3,2,2,0,0,1,0,0,0,0,0,3.96251E+20,5.8801E+21,7.45184E+15,5.30603E+16
10775,3,2,41,15,2018,2,6,5,3,0,7,2,1,0,0,0,0,1,2,5.34432E+20,5.80711E+21,9.50623E+15,5.24131E+16
10776,3,4,54,44,2018,2,20,2,3,2,6,2,0,1,0,0,0,0,1,3.8314E+20,5.88606E+21,7.25413E+15,5.31112E+16
10777,3,4,1,0,2018,2,15,2,2,5,2,0,0,1,0,1,0,0,1,4.7482E+20,5.87623E+21,8.62449E+15,5.3035E+16
10778,3,4,3,0,2018,2,9,3,3,2,6,0,0,0,0,0,0,1,0,4.50464E+20,5.89332E+21,8.25866E+15,5.31869E+16
10779,3,4,56,15,2018,2,13,7,3,2,2,0,0,1,0,0,0,0,0,3.70019E+20,5.81282E+21,7.0873E+15,5.245E+16
10780,3,2,41,8,2018,2,15,2,3,2,6,0,0,1,0,0,0,0,0,5.57313E+20,5.80859E+21,9.84285E+15,5.24245E+16
10781,3,4,60,4,2018,2,12,7,3,2,2,0,0,1,0,0,0,1,1,4.59294E+20,5.8482E+21,8.39647E+15,5.27821E+16
10782,3,4,61,2,2018,2,12,5,3,4,2,0,0,1,0,0,0,0,0,4.65454E+20,5.90832E+21,8.48136E+15,5.33229E+16
10783,3,4,60,7,2018,2,17,5,3,5,2,1,0,1,0,0,0,0,1,4.37365E+20,5.81634E+21,8.07744E+15,5.24936E+16
10784,3,4,59,19,2018,2,1,2,3,8,1,2,0,1,0,0,0,0,1,4.3591E+20,5.78764E+21,8.06148E+15,5.22354E+16
10785,3,4,58,5,2018,2,10,7,2,5,3,0,0,1,0,0,0,0,0,4.64006E+20,5.87616E+21,8.46324E+15,5.30337E+16
10786,3,4,51,8,2018,2,18,7,2,6,4,2,0,1,1,0,0,0,0,4.37969E+20,5.90529E+21,8.06936E+15,5.32932E+16
10787,3,4,58,5,2018,2,8,7,3,5,3,0,0,1,0,0,0,0,1,4.64006E+20,5.87616E+21,8.46324E+15,5.30337E+16
10788,3,4,52,1,2018,2,10,4,2,5,3,0,1,1,0,0,0,0,0,4.00105E+20,5.92533E+21,7.49513E+15,5.34675E+16
10789,3,4,5,0,2018,2,7,6,3,2,6,0,0,1,0,0,0,0,1,4.41619E+20,5.93634E+21,8.11836E+15,5.35726E+16
10790,3,2,54,21,2018,2,10,4,3,2,6,0,0,1,0,0,0,0,0,5.64119E+20,5.77858E+21,9.93722E+15,5.2154E+16
10791,3,4,58,8,2018,2,15,7,3,5,3,0,0,1,0,0,0,0,0,4.71679E+20,5.86083E+21,8.57901E+15,5.28964E+16
10792,3,3,53,31,2018,2,9,2,3,7,7,0,0,0,0,0,1,1,2,5.65068E+20,5.91873E+21,9.97896E+15,5.34136E+16
10793,3,1,53,2,2018,2,16,3,3,2,7,0,1,1,0,0,0,0,0,6.07386E+20,5.74949E+21,1.05603E+16,5.18858E+16
10794,3,2,57,25,2018,2,16,6,3,5,3,0,1,0,0,0,0,1,0,5.10057E+20,5.8002E+21,9.14765E+15,5.2352E+16
10795,3,3,60,20,2018,2,19,3,3,5,2,2,0,1,0,0,0,0,0,6.18437E+20,5.85975E+21,1.07598E+16,5.28744E+16
10796,3,4,58,5,2018,2,7,7,2,9,1,0,0,1,0,0,0,0,1,4.68389E+20,5.88015E+21,8.52821E+15,5.30699E+16
10797,3,1,51,16,2018,2,15,2,3,2,2,0,0,1,0,0,0,1,0,6.04556E+20,5.80098E+21,1.0535E+16,5.23492E+16
10798,3,3,52,61,2018,2,7,7,3,9,1,0,0,1,0,0,0,0,0,4.71232E+20,5.95699E+21,8.56363E+15,5.37607E+16
10799,3,2,41,1,2018,2,15,5,3,9,6,0,1,0,0,0,0,0,1,5.51753E+20,5.80251E+21,9.76016E+15,5.23704E+16
10800,3,4,54,18,2018,2,15,2,2,2,6,0,0,1,0,0,0,0,2,3.78437E+20,5.85354E+21,7.1961E+15,5.28179E+16
10801,3,3,58,21,2018,2,21,7,3,5,2,2,0,1,0,0,0,0,1,5.61799E+20,5.87227E+21,9.9208E+15,5.29964E+16
10802,3,3,59,10,2018,2,11,7,2,6,7,0,0,1,1,0,0,0,0,5.45561E+20,5.92466E+21,9.68637E+15,5.3469E+16
10803,3,4,3,0,2018,2,15,4,3,6,4,0,0,0,1,0,0,1,0,4.47128E+20,5.88491E+21,8.21013E+15,5.3111E+16
10804,3,4,61,3,2018,2,0,6,3,8,1,2,0,1,0,0,0,0,2,4.54481E+20,5.9335E+21,8.31298E+15,5.35484E+16
10805,3,4,59,14,2018,2,20,3,2,0,6,2,0,1,0,0,0,0,0,4.3164E+20,5.80291E+21,7.99587E+15,5.23722E+16
10806,3,3,53,11,2018,2,11,7,3,2,6,0,0,1,0,0,0,0,0,5.72138E+20,5.89957E+21,1.0081E+16,5.32405E+16
10807,3,3,59,13,2018,2,18,7,3,2,6,1,0,1,0,0,0,0,0,5.21798E+20,5.95231E+21,9.33032E+15,5.3719E+16
10808,3,4,53,5,2018,2,19,4,3,5,2,2,0,1,0,0,0,0,0,4.4282E+20,5.85586E+21,8.15092E+15,5.28495E+16
10809,3,4,51,7,2018,2,15,6,2,3,2,0,1,1,0,0,0,0,0,4.27762E+20,5.90184E+21,7.91704E+15,5.32609E+16
10810,3,1,54,26,2018,2,12,4,2,8,1,0,0,1,0,0,0,0,0,6.34482E+20,5.7848E+21,1.09677E+16,5.21972E+16
10811,3,3,59,13,2018,2,21,7,2,8,1,2,0,1,0,0,0,0,2,5.31056E+20,5.9482E+21,9.4702E+15,5.36816E+16
10812,3,4,56,27,2018,2,7,2,2,8,1,1,0,1,0,0,0,0,1,3.77545E+20,5.79688E+21,7.20381E+15,5.23086E+16
10813,3,1,54,27,2018,2,19,6,2,9,1,2,0,1,0,0,0,0,1,6.31733E+20,5.77286E+21,1.09229E+16,5.20906E+16
10814,3,2,41,9,2018,2,16,3,2,5,7,0,0,1,0,0,0,1,0,5.55364E+20,5.79535E+21,9.81201E+15,5.23057E+16
10815,3,3,51,26,2018,2,17,7,3,5,3,2,0,1,0,0,0,0,1,5.87333E+20,5.85516E+21,1.02965E+16,5.28391E+16
10816,3,4,51,5,2018,2,12,1,3,3,6,0,0,1,0,0,0,1,0,4.48384E+20,5.89552E+21,8.22718E+15,5.32065E+16
10817,3,2,41,1,2018,2,12,7,3,2,6,0,0,1,0,0,0,0,0,5.5042E+20,5.80226E+21,9.74054E+15,5.23683E+16
10818,3,2,52,1,2018,2,15,5,3,8,1,0,0,1,0,0,0,0,1,5.17992E+20,5.76523E+21,9.2623E+15,5.20374E+16
10819,3,4,55,27,2018,2,7,2,3,9,1,1,0,0,0,0,0,1,2,4.33968E+20,5.92063E+21,8.00613E+15,5.34306E+16
10820,3,4,4,0,2018,2,15,6,3,2,6,0,0,1,0,0,0,0,0,4.36672E+20,5.79205E+21,8.07182E+15,5.22751E+16
10821,3,2,41,2,2018,2,16,7,3,5,3,0,1,1,0,0,0,0,1,5.32882E+20,5.79381E+21,9.48213E+15,5.22937E+16
10822,3,3,53,31,2018,2,16,4,3,2,6,0,0,1,0,0,1,0,0,5.6803E+20,5.91632E+21,1.0023E+16,5.33916E+16
10823,3,3,60,25,2018,2,14,2,3,2,6,0,0,1,0,0,0,1,1,6.00071E+20,5.87273E+21,1.0491E+16,5.29948E+16
10824,3,4,61,4,2018,2,16,2,2,3,6,0,0,1,0,0,0,0,0,4.54524E+20,5.89163E+21,8.31965E+15,5.31721E+16
10825,3,3,58,8,2018,2,2,6,3,8,1,2,0,1,0,0,0,0,2,5.52137E+20,5.86341E+21,9.77541E+15,5.29178E+16
10826,3,4,57,18,2018,2,6,3,3,2,2,1,0,1,0,0,0,0,1,4.00649E+20,5.89154E+21,7.51391E+15,5.31639E+16
10827,3,2,57,22,2018,2,11,7,3,2,6,0,0,1,0,0,0,0,0,5.07531E+20,5.78599E+21,9.11026E+15,5.22243E+16
10828,3,4,61,2,2018,2,7,2,3,5,3,0,0,1,0,0,0,1,0,4.6483E+20,5.90626E+21,8.47222E+15,5.33044E+16
10829,3,2,54,26,2018,2,9,7,3,5,2,0,1,1,0,0,0,0,1,5.55429E+20,5.78266E+21,9.81087E+15,5.21916E+16
10830,3,4,4,0,2018,2,9,5,3,6,4,0,0,1,1,0,0,0,1,4.35811E+20,5.78975E+21,8.05964E+15,5.22544E+16
10831,3,2,52,2,2018,2,8,3,3,2,6,0,0,1,0,0,0,0,1,5.30894E+20,5.78481E+21,9.45216E+15,5.22128E+16
10832,3,2,52,7,2018,2,3,7,3,9,1,2,0,0,0,0,0,1,2,5.18241E+20,5.77648E+21,9.26653E+15,5.21385E+16
10833,3,4,56,19,2018,2,12,7,2,4,1,0,0,1,0,0,0,1,1,3.60385E+20,5.83105E+21,6.93797E+15,5.26115E+16
10834,3,1,59,29,2018,2,6,7,3,8,1,2,0,0,0,0,1,1,0,5.5901E+20,5.69871E+21,9.84896E+15,5.14365E+16
10835,3,3,56,7,2018,2,8,2,3,0,7,0,0,1,0,0,0,0,0,4.82298E+20,5.89804E+21,8.7348E+15,5.32313E+16
10836,3,1,53,17,2018,2,12,6,3,2,6,0,0,1,0,0,0,1,0,5.97445E+20,5.75223E+21,1.04167E+16,5.19123E+16
10837,3,2,56,24,2018,2,15,3,2,6,4,0,0,0,1,0,0,1,0,4.97405E+20,5.8126E+21,8.9618E+15,5.24635E+16
10838,3,1,2,0,2018,2,21,7,3,5,3,2,0,1,0,0,0,0,0,5.90209E+20,5.77956E+21,1.03187E+16,5.21591E+16
10839,3,2,54,17,2018,2,17,1,2,5,3,0,0,1,0,0,0,0,0,5.60819E+20,5.78628E+21,9.89038E+15,5.22236E+16
10840,3,1,2,0,2018,2,11,7,3,2,6,0,0,1,0,0,0,0,0,5.90169E+20,5.77968E+21,1.03182E+16,5.21602E+16
10841,3,1,57,6,2018,2,18,5,3,8,1,2,0,1,0,0,0,0,2,5.89159E+20,5.79823E+21,1.03083E+16,5.23272E+16
10842,3,4,51,2,2018,2,7,2,3,5,3,1,0,1,0,0,0,1,1,4.33838E+20,5.89666E+21,8.00919E+15,5.32151E+16
10843,3,4,54,10,2018,2,7,6,3,4,2,0,0,1,0,0,0,0,2,3.85112E+20,5.80683E+21,7.31134E+15,5.23996E+16
10844,3,1,51,40,2018,2,11,7,3,5,3,0,0,1,0,0,0,0,0,6.15071E+20,5.83802E+21,1.07022E+16,5.26799E+16
10845,3,3,57,39,2018,2,16,4,3,2,6,0,0,1,0,0,0,0,0,5.27629E+20,5.88495E+21,9.41277E+15,5.31133E+16
10846,3,4,59,4,2018,2,11,6,3,5,2,0,0,1,0,0,0,0,0,4.34108E+20,5.77811E+21,8.03696E+15,5.21495E+16
10847,3,3,55,15,2018,2,9,2,3,9,7,2,0,1,0,0,0,0,2,6.0034E+20,5.90945E+21,1.05065E+16,5.33247E+16
10848,3,3,55,11,2018,2,12,6,3,2,6,0,0,1,0,0,0,0,0,5.95614E+20,5.90859E+21,1.04353E+16,5.33179E+16
10849,3,4,53,10,2018,2,15,3,3,2,2,0,0,1,0,0,0,0,0,4.18005E+20,5.85361E+21,7.78306E+15,5.2826E+16
10850,3,4,59,14,2018,2,21,6,2,1,5,2,0,0,0,1,0,1,0,4.32858E+20,5.80689E+21,8.01297E+15,5.24081E+16
10851,3,3,57,16,2018,2,17,2,3,5,3,1,1,1,0,0,0,0,1,5.01228E+20,5.91191E+21,9.01844E+15,5.33563E+16
10852,3,4,4,0,2018,2,21,6,3,4,2,2,0,1,0,0,0,0,0,4.32616E+20,5.79437E+21,8.01191E+15,5.22955E+16
10853,3,4,3,0,2018,2,16,5,3,2,2,0,0,1,0,0,0,0,1,4.46312E+20,5.88836E+21,8.19736E+15,5.31419E+16
10854,3,3,57,44,2018,2,21,2,3,7,7,2,0,0,0,1,0,0,0,5.31974E+20,5.90352E+21,9.47954E+15,5.32799E+16
10855,3,4,54,32,2018,2,15,5,3,2,6,0,0,1,0,0,0,0,1,3.88003E+20,5.8198E+21,7.34946E+15,5.25168E+16
10856,3,1,2,0,2018,2,9,3,3,4,2,0,0,1,0,0,0,0,2,5.90176E+20,5.77965E+21,1.03183E+16,5.216E+16
10857,3,4,57,18,2018,2,13,6,3,7,7,0,0,1,0,0,0,1,0,4.01247E+20,5.88044E+21,7.52627E+15,5.30643E+16
10858,3,3,56,9,2018,2,15,7,3,2,6,0,0,1,0,0,0,0,0,4.74761E+20,5.89737E+21,8.62195E+15,5.3225E+16
10859,3,4,57,18,2018,2,17,6,2,0,3,1,0,1,0,0,0,0,0,4.04681E+20,5.89205E+21,7.57404E+15,5.31693E+16
10860,3,4,52,7,2018,2,19,4,1,5,2,2,0,0,0,1,0,1,0,3.94507E+20,5.93697E+21,7.40691E+15,5.3571E+16
10861,3,3,51,23,2018,2,15,2,3,5,3,0,0,1,0,0,0,0,0,5.56994E+20,5.83406E+21,9.84253E+15,5.26535E+16
10862,3,4,55,26,2018,2,12,6,3,2,2,0,0,1,0,0,0,0,0,4.44847E+20,5.91623E+21,8.17064E+15,5.33923E+16
10863,3,2,56,16,2018,2,8,4,2,9,1,0,0,1,0,0,0,0,1,5.17618E+20,5.82462E+21,9.25996E+15,5.25713E+16
10864,3,4,57,13,2018,2,7,6,3,5,3,0,0,1,0,0,0,0,0,3.9377E+20,5.89977E+21,7.40831E+15,5.32365E+16
10865,3,4,56,15,2018,2,18,6,3,4,2,2,0,1,0,0,0,0,0,3.69767E+20,5.81195E+21,7.08393E+15,5.24422E+16
10866,3,4,56,27,2018,2,16,4,3,5,3,0,0,1,0,0,0,0,0,3.80639E+20,5.80069E+21,7.24782E+15,5.23435E+16
10867,3,4,53,7,2018,2,5,6,3,2,6,2,0,1,0,0,0,1,1,4.20521E+20,5.88059E+21,7.81378E+15,5.30689E+16
10868,3,4,52,27,2018,2,8,6,3,0,6,0,0,1,0,0,0,1,0,3.91343E+20,5.9478E+21,7.35537E+15,5.36677E+16
10869,3,2,41,11,2018,2,9,4,3,4,2,0,0,1,0,0,0,0,0,5.62048E+20,5.80119E+21,9.91111E+15,5.23574E+16
10870,3,4,52,25,2018,2,15,6,3,5,2,0,0,1,0,0,0,0,0,4.15961E+20,5.91914E+21,7.73557E+15,5.34146E+16
10871,3,2,41,1,2018,2,17,2,3,5,2,2,0,1,0,0,0,1,1,5.53062E+20,5.80263E+21,9.7794E+15,5.23713E+16
10872,3,2,41,17,2018,2,22,6,3,9,6,2,0,1,0,0,0,0,0,5.39989E+20,5.78469E+21,9.58526E+15,5.22112E+16
10873,3,2,51,37,2018,2,16,3,3,5,3,1,1,1,0,0,0,0,0,4.81669E+20,5.87625E+21,8.72663E+15,5.30355E+16
10874,3,4,53,6,2018,2,6,6,3,2,2,1,0,1,0,0,0,0,0,4.29311E+20,5.84126E+21,7.9535E+15,5.27166E+16
10875,3,2,41,12,2018,2,11,2,2,5,7,0,1,1,0,0,0,0,0,5.27742E+20,5.82187E+21,9.4091E+15,5.25462E+16
10876,3,4,55,15,2018,2,23,6,3,1,5,2,1,1,0,0,0,0,0,4.32677E+20,5.93677E+21,7.98325E+15,5.35755E+16