OBJECTID_1,ULAND,UREGBEZ,UKREIS,UGEMEINDE,UJAHR,UMONAT,USTUNDE,UWOCHENTAG,UKATEGORIE,UART,UTYP1,ULICHTVERH,IstRad,IstPKW,IstFuss,IstKrad,IstGkfz,IstSonstig,STRZUSTAND,LINREFX,LINREFY,XGCSWGS84,YGCSWGS84
10877,3,3,59,23,2018,2,12,5,3,2,6,0,0,1,0,0,0,1,1,5.30743E+20,5.91897E+21,9.46258E+15,5.34189E+16
10878,3,4,53,8,2018,2,13,5,3,2,2,0,0,1,0,0,0,0,0,4.34524E+20,5.86863E+21,8.02517E+15,5.29633E+16
10879,3,4,59,31,2018,2,16,2,3,2,2,0,0,1,0,0,0,0,1,4.30125E+20,5.8172E+21,7.97063E+15,5.25004E+16
10880,3,4,5,0,2018,2,7,6,3,2,2,0,0,1,0,0,0,0,0,4.41192E+20,5.93141E+21,8.11284E+15,5.35283E+16
10881,3,4,61,9,2018,2,19,7,2,5,3,2,1,1,0,0,0,0,0,4.6363E+20,5.91712E+21,8.45296E+15,5.34019E+16
10882,3,4,3,0,2018,2,9,6,3,3,6,0,0,1,0,0,1,0,0,4.46296E+20,5.89008E+21,8.19684E+15,5.31574E+16
10883,3,4,60,2,2018,2,17,4,3,9,1,1,0,0,0,0,0,1,1,4.44219E+20,5.82001E+21,8.17776E+15,5.25273E+16
10884,3,2,41,17,2018,2,8,2,3,2,2,0,0,1,0,0,0,0,1,5.45606E+20,5.78784E+21,9.66789E+15,5.22391E+16
10885,3,3,61,1,2018,2,20,6,3,4,2,2,0,1,0,0,0,0,0,4.97318E+20,5.87584E+21,8.96001E+15,5.30321E+16
10886,3,2,52,6,2018,2,15,4,2,2,6,0,0,1,0,0,0,0,0,5.24197E+20,5.77444E+21,9.35342E+15,5.21199E+16
10887,3,4,51,8,2018,2,20,6,2,5,3,2,0,1,0,0,0,1,0,4.43125E+20,5.89549E+21,8.14845E+15,5.32057E+16
10888,3,4,59,20,2018,2,10,2,2,8,1,0,0,1,0,0,0,0,0,4.31722E+20,5.78416E+21,8.00088E+15,5.22037E+16
10889,3,2,41,2,2018,2,14,2,3,2,2,0,0,1,0,0,0,0,0,5.34039E+20,5.79265E+21,9.49899E+15,5.22831E+16
10890,3,2,57,12,2018,2,4,6,2,5,3,2,0,1,0,0,0,0,1,5.07764E+20,5.78578E+21,9.11365E+15,5.22224E+16
10891,3,2,41,5,2018,2,15,3,3,5,3,0,1,1,0,0,0,0,1,5.41408E+20,5.81011E+21,9.60915E+15,5.24396E+16
10892,3,4,51,8,2018,2,13,6,3,2,6,0,0,1,0,0,1,0,0,4.37568E+20,5.89722E+21,8.06492E+15,5.32206E+16
10893,3,4,54,32,2018,2,20,1,3,2,2,2,0,1,0,0,0,0,0,3.86576E+20,5.81744E+21,7.32925E+15,5.24953E+16
10894,3,4,51,2,2018,2,13,6,3,2,2,0,0,1,0,0,0,0,0,4.40336E+20,5.88815E+21,8.10807E+15,5.31394E+16
10895,3,2,41,13,2018,2,10,5,2,4,6,0,0,1,0,0,0,0,1,5.54776E+20,5.78285E+21,9.80137E+15,5.21934E+16
10896,3,2,41,15,2018,2,5,6,3,8,1,2,0,1,0,0,0,0,2,5.41261E+20,5.8031E+21,9.60614E+15,5.23767E+16
10897,3,3,52,32,2018,2,10,3,2,3,6,0,0,1,0,0,1,0,0,4.66984E+20,5.92103E+21,8.503E+15,5.34373E+16
10898,3,4,3,0,2018,2,18,6,3,2,6,2,0,1,0,0,0,0,0,4.45799E+20,5.89227E+21,8.18903E+15,5.3177E+16
10899,3,3,56,7,2018,2,7,5,3,8,1,1,0,1,0,0,0,0,0,4.85639E+20,5.89884E+21,8.78482E+15,5.32386E+16
10900,3,1,59,16,2018,2,12,2,3,3,6,0,0,1,0,0,0,0,0,5.64578E+20,5.71183E+21,9.93145E+15,5.15539E+16
10901,3,4,3,0,2018,2,13,6,3,2,6,0,0,1,0,0,0,0,0,4.49112E+20,5.88948E+21,8.23904E+15,5.31523E+16
10902,3,2,41,2,2018,2,12,5,2,0,5,0,0,1,0,0,0,0,1,5.32621E+20,5.80213E+21,9.47912E+15,5.23685E+16
10903,3,4,54,41,2018,2,5,2,2,6,7,2,0,1,1,0,0,0,1,3.9332E+20,5.88314E+21,7.40712E+15,5.3087E+16
10904,3,3,58,7,2018,2,12,7,3,2,6,0,0,1,0,0,0,0,0,5.46411E+20,5.83884E+21,9.68678E+15,5.26975E+16
10905,3,3,58,22,2018,2,12,6,3,2,6,0,0,1,0,0,0,0,0,5.45541E+20,5.84984E+21,9.67543E+15,5.27965E+16
10906,3,4,53,4,2018,2,11,4,3,2,6,0,0,1,0,0,0,0,0,4.3513E+20,5.85572E+21,8.03676E+15,5.28473E+16
10907,3,2,41,18,2018,2,18,2,2,2,6,2,0,1,0,0,0,1,1,5.83181E+20,5.81463E+21,1.02247E+16,5.24755E+16
10908,3,4,3,0,2018,2,6,6,3,5,2,2,0,1,0,0,1,0,2,4.49215E+20,5.88955E+21,8.24057E+15,5.31529E+16
10909,3,1,54,14,2018,2,8,4,3,2,6,0,0,1,0,0,0,0,1,6.1774E+20,5.80139E+21,1.07287E+16,5.23502E+16
10910,3,3,58,22,2018,2,12,6,3,2,6,0,0,1,0,0,0,1,0,5.45911E+20,5.85184E+21,9.6812E+15,5.28144E+16
10911,3,4,52,1,2018,2,5,2,3,5,3,2,0,1,0,0,0,0,0,3.99808E+20,5.92471E+21,7.49085E+15,5.34619E+16
10912,3,1,58,6,2018,2,13,6,2,5,3,0,0,1,0,0,0,0,0,6.10298E+20,5.7848E+21,1.0614E+16,5.22026E+16
10913,3,2,41,15,2018,2,9,3,1,5,3,0,0,1,0,0,0,1,1,5.34434E+20,5.80711E+21,9.50625E+15,5.24131E+16
10914,3,3,58,22,2018,2,12,6,3,2,6,0,0,1,0,0,0,1,0,5.44955E+20,5.84467E+21,9.66604E+15,5.275E+16
10915,3,2,41,3,2018,2,10,1,3,8,1,0,0,1,0,0,0,0,0,5.69237E+20,5.81867E+21,1.00203E+16,5.25138E+16
10916,3,3,57,37,2018,2,13,6,3,2,6,0,0,1,0,0,0,0,0,5.14862E+20,5.88794E+21,9.22218E+15,5.31406E+16
10917,3,1,59,16,2018,2,13,5,3,5,2,0,1,1,0,0,0,0,1,5.66303E+20,5.70737E+21,9.95549E+15,5.15136E+16
10918,3,3,61,1,2018,2,8,2,3,2,6,0,0,1,0,0,0,0,1,4.97523E+20,5.87573E+21,8.96307E+15,5.30311E+16
10919,3,4,57,18,2018,2,13,6,3,4,6,0,1,0,0,0,0,0,0,4.0505E+20,5.88836E+21,7.58065E+15,5.31362E+16
10920,3,3,54,18,2018,2,9,6,3,5,3,0,0,0,0,0,1,1,0,6.41258E+20,5.87487E+21,1.11052E+16,5.30047E+16
10921,3,3,53,31,2018,2,7,4,3,2,6,0,0,1,0,0,0,0,0,5.66512E+20,5.91793E+21,1.00005E+16,5.34063E+16
10922,3,3,51,4,2018,2,16,6,3,2,6,1,0,1,0,0,0,0,0,5.65345E+20,5.85038E+21,9.96921E+15,5.27992E+16
10923,3,4,54,18,2018,2,15,2,2,2,1,0,0,1,0,0,0,0,2,3.78404E+20,5.85349E+21,7.19564E+15,5.28175E+16
10924,3,2,41,2,2018,2,12,7,3,5,3,0,0,1,0,0,0,0,0,5.3276E+20,5.79463E+21,9.48043E+15,5.23011E+16
10925,3,3,51,6,2018,2,11,6,2,9,1,0,0,1,0,0,0,0,1,5.76375E+20,5.83027E+21,1.01281E+16,5.2617E+16
10926,3,4,58,5,2018,2,15,4,3,6,7,0,0,1,1,0,0,0,0,4.6781E+20,5.87873E+21,8.51971E+15,5.30571E+16
10927,3,2,41,16,2018,2,17,2,2,6,2,1,0,0,1,0,0,1,1,5.65728E+20,5.79662E+21,9.96424E+15,5.2316E+16
10928,3,3,53,31,2018,2,8,6,3,8,6,0,0,1,0,0,1,0,0,5.65358E+20,5.91506E+21,9.98257E+15,5.33806E+16
10929,3,4,4,0,2018,2,6,3,3,2,6,2,0,1,0,0,0,0,1,4.3729E+20,5.79325E+21,8.08065E+15,5.22861E+16
10930,3,2,41,1,2018,2,19,6,3,2,6,2,0,1,0,0,0,0,0,5.47489E+20,5.80323E+21,9.69763E+15,5.23773E+16
10931,3,4,3,0,2018,2,14,2,3,3,2,0,1,1,0,0,0,0,0,4.48648E+20,5.88775E+21,8.23239E+15,5.31366E+16
10932,3,2,41,1,2018,2,11,6,3,5,3,0,0,1,0,0,0,0,0,5.5874E+20,5.80284E+21,9.86284E+15,5.23727E+16
10933,3,1,51,27,2018,2,12,6,3,5,3,0,0,1,0,0,0,0,0,5.97714E+20,5.80135E+21,1.04347E+16,5.23538E+16
10934,3,2,57,34,2018,2,15,3,3,5,3,0,0,1,0,0,0,0,0,5.06751E+20,5.79625E+21,9.09904E+15,5.23166E+16
10935,3,2,41,2,2018,2,10,6,3,2,2,0,0,1,0,0,1,0,0,5.33748E+20,5.79884E+21,9.49534E+15,5.23388E+16
10936,3,1,54,28,2018,2,9,1,2,9,1,0,0,1,0,0,0,0,0,6.38066E+20,5.7868E+21,1.10209E+16,5.22143E+16
10937,3,2,41,19,2018,2,10,6,3,2,7,0,0,1,0,0,0,0,0,5.47358E+20,5.8193E+21,9.69799E+15,5.25217E+16
10938,3,4,59,24,2018,2,8,4,2,6,7,0,0,0,1,0,1,0,0,4.58238E+20,5.78314E+21,8.38899E+15,5.21971E+16
10939,3,4,52,1,2018,2,19,6,3,4,2,2,0,1,0,0,0,0,0,4.04391E+20,5.93043E+21,7.55812E+15,5.35141E+16
10940,3,2,41,16,2018,2,16,6,3,0,5,0,0,1,0,0,0,1,0,5.65989E+20,5.79655E+21,9.96805E+15,5.23153E+16
10941,3,3,54,18,2018,2,22,4,2,9,1,2,0,1,0,0,0,0,2,6.43911E+20,5.87005E+21,1.11426E+16,5.29607E+16
10942,3,2,41,18,2018,2,19,6,2,5,3,2,0,1,0,0,0,0,0,5.86278E+20,5.81514E+21,1.02704E+16,5.24796E+16
10943,3,2,41,1,2018,2,14,2,2,6,4,0,0,0,1,0,1,0,0,5.49084E+20,5.80484E+21,9.72131E+15,5.23916E+16
10944,3,2,41,1,2018,2,9,6,3,2,6,0,0,1,0,0,0,0,0,5.44083E+20,5.80716E+21,9.64812E+15,5.24129E+16
10945,3,3,61,12,2018,2,6,3,3,0,6,2,0,1,0,0,0,0,1,5.14738E+20,5.86329E+21,9.2192E+15,5.2919E+16
10946,3,2,41,1,2018,2,17,6,2,8,6,2,0,1,0,0,0,0,1,5.47352E+20,5.80914E+21,9.69646E+15,5.24304E+16
10947,3,2,41,1,2018,2,13,2,3,2,6,0,0,1,0,0,0,0,0,5.49964E+20,5.80427E+21,9.73415E+15,5.23864E+16
10948,3,2,41,1,2018,2,17,6,2,3,6,1,0,1,0,1,0,0,0,5.49842E+20,5.80238E+21,9.73207E+15,5.23695E+16
10949,3,4,58,9,2018,2,18,5,3,3,6,2,0,1,0,0,0,0,1,4.54555E+20,5.881E+21,8.32163E+15,5.30766E+16
10950,3,4,52,23,2018,2,15,5,3,2,5,0,0,1,0,0,0,1,1,3.90851E+20,5.93066E+21,7.35392E+15,5.35136E+16
10951,3,2,41,11,2018,2,6,2,3,2,6,2,0,1,0,0,0,0,0,5.7031E+20,5.8037E+21,1.00329E+16,5.2379E+16
10952,3,3,58,22,2018,2,14,6,2,9,1,0,0,1,0,0,0,0,1,5.37352E+20,5.86327E+21,9.55552E+15,5.29178E+16
10953,3,4,62,6,2018,2,19,3,3,0,1,2,0,1,0,0,0,0,0,4.04851E+20,5.94461E+21,7.56073E+15,5.36416E+16
10954,3,2,41,8,2018,2,12,6,2,6,4,0,0,0,1,0,0,1,0,5.54759E+20,5.8122E+21,9.8059E+15,5.24572E+16
10955,3,3,53,31,2018,2,11,2,3,2,6,0,0,1,0,0,0,0,0,5.7002E+20,5.91592E+21,1.00528E+16,5.33877E+16
10956,3,1,55,13,2018,2,7,6,3,8,1,0,0,0,0,0,1,0,0,5.59372E+20,5.73963E+21,9.86111E+15,5.18044E+16
10957,3,4,54,41,2018,2,18,5,3,5,3,2,1,1,0,0,0,0,0,3.93143E+20,5.88333E+21,7.40441E+15,5.30887E+16
10958,3,1,57,5,2018,2,18,3,3,5,3,2,1,1,0,0,0,0,1,5.90925E+20,5.78204E+21,1.03299E+16,5.21813E+16
10959,3,1,55,13,2018,2,7,6,3,9,1,0,0,1,0,0,0,0,2,5.6479E+20,5.74198E+21,9.94012E+15,5.18249E+16
10960,3,4,52,6,2018,2,13,7,3,5,3,0,0,1,0,0,0,0,0,4.0717E+20,5.91791E+21,7.60372E+15,5.34021E+16
10961,3,1,55,10,2018,2,11,6,3,4,2,0,0,1,0,0,0,0,0,5.64003E+20,5.72004E+21,9.92466E+15,5.16278E+16
10962,3,4,54,32,2018,2,12,4,3,2,2,0,0,1,0,0,0,0,0,3.89346E+20,5.81243E+21,7.3717E+15,5.24508E+16
10963,3,1,59,26,2018,2,16,2,2,3,6,0,0,1,0,0,0,0,1,5.85854E+20,5.73124E+21,1.0243E+16,5.17255E+16
10964,3,4,53,12,2018,2,17,6,3,5,3,1,1,1,0,0,0,0,0,4.27914E+20,5.85695E+21,7.92936E+15,5.28575E+16
10965,3,2,54,5,2018,2,7,6,3,4,6,0,0,1,0,0,0,0,0,5.70674E+20,5.77149E+21,1.00315E+16,5.20894E+16
10966,3,2,41,10,2018,2,9,4,3,2,2,0,0,1,0,0,0,0,0,5.52114E+20,5.81177E+21,9.7669E+15,5.24536E+16
10967,3,2,55,34,2018,2,17,6,2,6,4,2,0,1,1,0,0,0,0,5.43939E+20,5.748E+21,9.63835E+15,5.18811E+16
10968,3,1,59,3,2018,2,9,2,3,8,1,0,0,1,0,0,0,0,1,6.01507E+20,5.71906E+21,1.04661E+16,5.16134E+16
10969,3,2,41,18,2018,2,9,6,3,4,2,0,1,1,0,0,0,0,1,5.7462E+20,5.81525E+21,1.00988E+16,5.24823E+16
10970,3,3,52,62,2018,2,23,2,2,9,1,2,0,1,0,0,0,0,2,4.97043E+20,5.93726E+21,8.95533E+15,5.35842E+16
10971,3,2,51,41,2018,2,15,3,3,2,2,0,0,1,0,0,0,0,0,4.92274E+20,5.86516E+21,8.88505E+15,5.2936E+16
10972,3,1,59,16,2018,2,6,6,3,8,1,2,0,1,0,0,0,0,2,5.67283E+20,5.71118E+21,9.97034E+15,5.15477E+16
10973,3,2,56,34,2018,2,6,2,3,2,6,1,0,1,0,0,1,0,1,4.89877E+20,5.81145E+21,8.85104E+15,5.24531E+16
10974,3,1,58,37,2018,2,10,6,3,2,2,0,0,1,0,0,0,0,2,6.05362E+20,5.7817E+21,1.05408E+16,5.21757E+16
10975,3,2,41,1,2018,2,18,5,3,2,6,2,0,1,0,0,0,0,1,5.52357E+20,5.79893E+21,9.76847E+15,5.23382E+16
10976,3,4,57,14,2018,2,15,2,3,5,3,0,1,1,0,0,0,0,0,3.98803E+20,5.90787E+21,7.48112E+15,5.33103E+16
10977,3,3,52,32,2018,2,11,7,3,8,1,0,0,1,0,0,0,0,0,4.76643E+20,5.925E+21,8.6481E+15,5.34735E+16
10978,3,1,57,6,2018,2,2,6,2,8,1,2,0,0,0,0,0,1,2,5.85021E+20,5.80166E+21,1.02485E+16,5.23586E+16
10979,3,4,53,5,2018,2,23,4,3,2,2,2,0,1,0,0,0,0,0,4.40388E+20,5.85368E+21,8.1152E+15,5.28296E+16
10980,3,2,57,24,2018,2,8,2,2,4,6,0,0,1,0,0,0,0,1,5.26689E+20,5.78896E+21,9.39095E+15,5.22504E+16
10981,3,4,59,8,2018,2,16,2,3,2,6,0,0,1,0,0,0,0,1,4.39495E+20,5.79478E+21,8.1127E+15,5.23E+16
10982,3,1,2,0,2018,2,13,6,3,6,7,0,0,0,1,0,0,1,0,5.91143E+20,5.77884E+21,1.03322E+16,5.21525E+16
10983,3,3,61,1,2018,2,0,7,3,2,6,2,0,1,0,0,1,0,0,5.06588E+20,5.87385E+21,9.0982E+15,5.30141E+16
10984,3,1,53,17,2018,2,12,6,3,3,6,0,0,1,0,0,0,0,1,5.9756E+20,5.75311E+21,1.04186E+16,5.19202E+16
10985,3,4,52,1,2018,2,14,4,3,2,6,0,0,1,0,0,0,0,0,3.99254E+20,5.93128E+21,7.4804E+15,5.35208E+16
10986,3,2,57,6,2018,2,8,2,3,5,3,0,0,1,0,0,0,0,1,5.27199E+20,5.79837E+21,9.39918E+15,5.2335E+16
10987,3,4,5,0,2018,2,13,6,3,2,6,0,0,1,0,0,0,0,0,4.39752E+20,5.93012E+21,8.09136E+15,5.35166E+16
10988,3,2,54,21,2018,2,18,4,3,2,6,2,0,1,0,0,0,0,0,5.66077E+20,5.78177E+21,9.96646E+15,5.21824E+16
10989,3,1,51,27,2018,2,11,6,3,2,6,0,0,1,0,0,0,0,0,5.9654E+20,5.79982E+21,1.04171E+16,5.23402E+16
10990,3,1,2,0,2018,2,13,3,3,8,7,0,0,1,0,0,0,0,0,5.88318E+20,5.77676E+21,1.02904E+16,5.21343E+16
10991,3,2,54,5,2018,2,19,2,3,9,1,2,0,1,0,0,0,0,2,5.71944E+20,5.77491E+21,1.00508E+16,5.212E+16
10992,3,1,55,5,2018,2,5,6,3,9,1,2,0,1,0,0,0,0,2,5.60052E+20,5.72165E+21,9.86786E+15,5.16426E+16
10993,3,3,53,26,2018,2,13,3,3,2,1,0,0,1,0,0,0,0,1,5.52769E+20,5.92401E+21,9.79483E+15,5.34625E+16
10994,3,1,1,0,2018,2,20,6,2,2,6,2,0,1,0,0,0,0,0,6.04383E+20,5.78434E+21,1.05273E+16,5.21996E+16
10995,3,3,61,1,2018,2,11,5,3,1,5,0,0,1,0,0,0,0,1,5.02107E+20,5.87434E+21,9.0314E+15,5.30186E+16
10996,3,1,2,0,2018,2,12,2,3,2,2,0,0,1,1,0,0,0,0,5.91212E+20,5.77887E+21,1.03332E+16,5.21528E+16
10997,3,1,1,0,2018,2,19,6,3,8,1,2,0,1,0,0,0,1,1,6.04387E+20,5.78433E+21,1.05274E+16,5.21995E+16
10998,3,2,41,3,2018,2,6,5,3,9,1,2,0,1,0,0,0,0,1,5.70296E+20,5.8089E+21,1.00338E+16,5.24258E+16
10999,3,2,51,7,2018,2,8,2,3,5,3,0,0,1,0,0,0,0,0,4.84533E+20,5.85835E+21,8.7702E+15,5.28746E+16
11000,3,4,54,18,2018,2,15,2,2,8,1,0,0,1,0,0,0,0,1,3.85136E+20,5.84849E+21,7.29724E+15,5.2774E+16
11001,3,3,58,22,2018,2,14,7,3,4,2,0,0,1,0,0,0,0,0,5.45259E+20,5.84747E+21,9.67093E+15,5.27751E+16
11002,3,4,59,29,2018,2,7,5,3,2,5,2,0,1,0,0,0,0,0,4.48335E+20,5.79918E+21,8.24166E+15,5.23405E+16
11003,3,4,51,7,2018,2,15,4,3,4,2,0,0,1,0,0,0,0,0,4.27773E+20,5.90856E+21,7.91568E+15,5.33212E+16
11004,3,2,54,45,2018,2,18,2,3,8,1,2,0,1,0,0,0,0,2,5.63294E+20,5.76382E+21,9.92242E+15,5.20214E+16
11005,3,2,51,30,2018,2,9,6,3,1,5,0,0,1,0,0,0,0,0,4.65095E+20,5.82895E+21,8.48452E+15,5.26095E+16
11006,3,4,59,13,2018,2,6,3,1,4,6,2,0,1,0,0,0,0,2,4.5144E+20,5.79861E+21,8.28731E+15,5.23357E+16
11007,3,4,59,28,2018,2,8,5,3,8,1,1,0,1,0,0,0,0,2,4.22597E+20,5.83087E+21,7.85656E+15,5.26223E+16
11008,3,4,5,0,2018,2,15,2,3,2,2,0,0,1,0,0,0,0,0,4.39759E+20,5.93008E+21,8.09147E+15,5.35162E+16
11009,3,1,59,21,2018,2,7,2,3,6,4,1,0,1,1,0,0,0,2,5.55346E+20,5.70147E+21,9.79669E+15,5.14617E+16
11010,3,1,53,12,2018,2,14,6,3,5,3,0,1,1,0,0,0,0,0,5.81327E+20,5.75029E+21,1.0182E+16,5.18975E+16
11011,3,1,55,11,2018,2,22,3,3,5,3,2,0,1,0,0,0,0,1,5.71007E+20,5.72894E+21,1.00276E+16,5.17069E+16
11012,3,3,61,12,2018,2,16,6,3,6,4,0,0,1,1,0,0,0,0,5.15317E+20,5.86394E+21,9.22784E+15,5.29249E+16
11013,3,1,55,6,2018,2,14,4,2,2,6,0,0,0,0,0,1,0,0,5.7613E+20,5.74103E+21,1.01044E+16,5.1815E+16
11014,3,4,4,0,2018,2,10,5,3,5,7,0,1,1,0,0,0,0,0,4.36274E+20,5.79272E+21,8.06586E+15,5.22811E+16
11015,3,4,56,19,2018,2,10,2,3,8,1,0,0,1,0,0,0,0,0,3.60573E+20,5.82876E+21,6.94171E+15,5.25909E+16
11016,3,1,59,17,2018,2,21,2,3,2,6,2,0,1,0,0,0,0,2,5.45074E+20,5.69618E+21,9.64816E+15,5.1415E+16
11017,3,1,59,11,2018,2,9,6,3,5,3,0,0,1,0,0,0,0,2,5.77524E+20,5.7141E+21,1.01187E+16,5.15726E+16
11018,3,2,41,1,2018,2,19,3,3,2,6,2,0,1,0,0,0,0,0,5.56257E+20,5.80684E+21,9.82704E+15,5.24089E+16
11019,3,4,57,10,2018,2,8,5,3,5,3,0,1,1,0,0,0,0,0,4.06343E+20,5.9069E+21,7.59454E+15,5.3303E+16
11020,3,4,55,20,2018,2,3,1,3,9,1,2,0,1,0,0,0,0,2,4.34767E+20,5.9499E+21,8.01205E+15,5.36937E+16
11021,3,4,56,14,2018,2,16,5,2,5,3,0,1,1,0,0,0,0,0,3.63946E+20,5.82005E+21,6.99503E+15,5.25135E+16
11022,3,2,54,5,2018,2,13,5,3,4,6,0,0,1,0,0,0,0,1,5.7092E+20,5.77052E+21,1.00349E+16,5.20807E+16
11023,3,4,53,13,2018,2,14,2,3,4,2,0,1,1,0,0,0,0,2,4.15396E+20,5.87783E+21,7.73804E+15,5.30432E+16
11024,3,1,51,27,2018,2,11,7,3,4,2,0,0,1,0,0,0,0,0,5.97087E+20,5.79914E+21,1.04249E+16,5.2334E+16
11025,3,4,56,2,2018,2,12,5,3,5,3,0,1,1,0,0,0,0,0,3.54684E+20,5.83164E+21,6.85357E+15,5.26153E+16
11026,3,3,52,32,2018,2,18,4,3,4,2,2,0,1,0,0,0,0,0,4.74186E+20,5.92248E+21,8.61129E+15,5.34507E+16
11027,3,1,59,17,2018,2,20,2,3,5,3,2,0,1,0,0,0,0,2,5.54141E+20,5.69386E+21,9.77817E+15,5.13934E+16
11028,3,3,59,10,2018,2,12,6,3,8,7,0,0,1,0,0,0,1,0,5.47934E+20,5.92441E+21,9.72207E+15,5.34665E+16
11029,3,4,57,18,2018,2,12,3,3,2,2,0,0,1,0,0,0,0,1,4.01852E+20,5.88985E+21,7.53241E+15,5.3149E+16
11030,3,4,54,32,2018,2,7,5,3,2,2,1,0,1,0,0,0,0,0,3.90473E+20,5.81893E+21,7.38614E+15,5.25095E+16
11031,3,4,61,4,2018,2,8,2,3,2,2,0,0,1,0,0,0,0,0,4.62912E+20,5.89617E+21,8.44461E+15,5.32136E+16
11032,3,4,52,1,2018,2,16,5,3,5,3,0,0,1,0,0,0,0,0,4.11997E+20,5.92867E+21,7.67328E+15,5.34996E+16
11033,3,4,59,5,2018,2,20,5,1,5,3,2,0,1,0,0,1,0,1,4.3936E+20,5.77267E+21,8.11468E+15,5.21012E+16
11034,3,2,54,21,2018,2,15,3,3,0,6,0,0,1,0,0,0,1,1,5.64242E+20,5.77779E+21,9.93886E+15,5.21469E+16
11035,3,4,52,12,2018,2,18,5,3,1,5,2,0,1,0,0,0,1,0,3.95613E+20,5.9165E+21,7.43041E+15,5.33873E+16
11036,3,4,59,24,2018,2,12,7,3,5,3,0,0,1,0,0,0,0,0,4.55599E+20,5.77578E+21,8.35133E+15,5.21308E+16
11037,3,4,53,2,2018,2,18,5,3,2,6,1,0,1,0,0,0,1,0,4.30617E+20,5.88138E+21,7.96428E+15,5.30774E+16
11038,3,4,59,4,2018,2,19,4,3,0,7,2,1,0,0,0,0,0,0,4.36042E+20,5.78088E+21,8.0647E+15,5.21747E+16
11039,3,4,52,23,2018,2,5,6,3,8,1,2,0,1,0,0,0,0,2,3.89562E+20,5.92352E+21,7.337E+15,5.34491E+16
11040,3,4,60,6,2018,2,13,5,2,4,6,0,0,1,0,0,0,0,0,4.49755E+20,5.83171E+21,8.25758E+15,5.26331E+16
11041,3,1,59,19,2018,2,9,1,3,2,6,0,0,1,0,0,1,0,0,5.92301E+20,5.72351E+21,1.03343E+16,5.1655E+16
11042,3,4,60,1,2018,2,15,5,3,3,2,0,0,1,0,0,0,0,0,4.41319E+20,5.84031E+21,8.13141E+15,5.27095E+16
11043,3,1,57,1,2018,2,6,5,3,2,6,1,0,1,0,0,0,1,1,5.80698E+20,5.80417E+21,1.01856E+16,5.23818E+16
11044,3,4,51,1,2018,2,11,2,3,2,2,0,0,1,0,0,0,1,0,4.18382E+20,5.89914E+21,7.77714E+15,5.32353E+16
11045,3,4,54,14,2018,2,14,6,3,2,2,0,0,1,0,0,0,0,0,3.81286E+20,5.8286E+21,7.24738E+15,5.25944E+16
11046,3,4,55,7,2018,2,8,5,3,3,2,0,1,1,0,0,0,0,0,4.26598E+20,5.93627E+21,7.89158E+15,5.35702E+16
11047,3,3,57,18,2018,2,12,4,3,2,2,0,0,1,0,0,1,0,0,5.19796E+20,5.89636E+21,9.29647E+15,5.32162E+16
11048,3,3,56,9,2018,2,10,5,3,5,3,0,1,1,0,0,0,0,0,4.7288E+20,5.8973E+21,8.59378E+15,5.32243E+16
11049,3,1,59,16,2018,2,21,2,3,5,2,1,0,1,0,0,0,0,2,5.61768E+20,5.70898E+21,9.89042E+15,5.15285E+16
11050,3,3,55,30,2018,2,12,6,3,9,1,0,0,1,0,0,0,0,0,6.05595E+20,5.9027E+21,1.05832E+16,5.3263E+16
11051,3,4,60,2,2018,2,7,3,3,5,3,0,1,1,0,0,0,0,2,4.45941E+20,5.81863E+21,8.20337E+15,5.25151E+16
11052,3,3,56,8,2018,2,9,5,3,5,3,0,0,1,0,0,0,1,0,4.82142E+20,5.89258E+21,8.73277E+15,5.31823E+16
11053,3,3,57,57,2018,2,9,2,3,2,6,0,0,1,0,0,0,0,0,5.1861E+20,5.9052E+21,9.27921E+15,5.32957E+16
11054,3,3,61,9,2018,2,16,5,3,2,7,0,0,1,0,0,1,0,0,5.05533E+20,5.87864E+21,9.08255E+15,5.30572E+16
11055,3,3,57,2,2018,2,22,2,3,7,7,2,0,1,0,0,0,1,2,5.04572E+20,5.93346E+21,9.06901E+15,5.355E+16
11056,3,4,54,54,2018,2,20,5,2,9,1,2,0,1,0,0,0,0,1,3.72358E+20,5.83297E+21,7.11395E+15,5.26317E+16
11057,3,1,57,6,2018,2,0,3,3,8,1,2,0,1,0,0,0,0,2,5.78608E+20,5.79573E+21,1.01529E+16,5.23063E+16
11058,3,4,51,2,2018,2,7,5,3,5,3,1,0,1,0,0,0,0,0,4.34557E+20,5.89282E+21,8.02074E+15,5.31807E+16
11059,3,4,55,27,2018,2,10,7,2,5,3,0,1,1,0,0,0,0,0,4.28822E+20,5.91655E+21,7.92962E+15,5.33932E+16
11060,3,2,51,13,2018,2,6,5,2,2,2,2,0,1,0,0,0,1,0,4.59951E+20,5.83174E+21,8.40822E+15,5.26342E+16
11061,3,4,52,14,2018,2,19,4,2,5,7,2,0,1,0,0,1,0,0,3.71446E+20,5.92396E+21,7.06419E+15,5.34489E+16
11062,3,1,59,16,2018,2,20,2,3,2,6,2,0,1,0,0,0,0,2,5.64332E+20,5.70932E+21,9.92745E+15,5.15313E+16
11063,3,4,53,10,2018,2,2,6,2,8,1,2,0,1,0,0,0,0,2,4.22399E+20,5.85453E+21,7.84805E+15,5.2835E+16
11064,3,2,56,25,2018,2,13,4,3,2,6,0,0,1,0,0,0,0,0,5.10329E+20,5.81168E+21,9.15201E+15,5.24552E+16
11065,3,4,1,0,2018,2,13,5,3,2,6,0,0,1,0,0,0,0,0,4.75079E+20,5.8776E+21,8.62825E+15,5.30473E+16