OBJECTID_1,ULAND,UREGBEZ,UKREIS,UGEMEINDE,UJAHR,UMONAT,USTUNDE,UWOCHENTAG,UKATEGORIE,UART,UTYP1,ULICHTVERH,IstRad,IstPKW,IstFuss,IstKrad,IstGkfz,IstSonstig,STRZUSTAND,LINREFX,LINREFY,XGCSWGS84,YGCSWGS84
11066,3,1,2,0,2018,2,20,2,3,2,1,2,0,1,0,0,0,0,2,5.91468E+20,5.77887E+21,1.0337E+16,5.21528E+16
11067,3,2,41,1,2018,2,11,6,2,9,6,0,0,1,0,0,0,0,0,5.55294E+20,5.79838E+21,9.81149E+15,5.2333E+16
11068,3,4,1,0,2018,2,12,3,3,5,3,0,1,0,0,0,0,1,0,4.75847E+20,5.87762E+21,8.6397E+15,5.30475E+16
11069,3,3,53,29,2018,2,16,5,3,4,6,0,0,1,0,0,0,0,0,5.60218E+20,5.91407E+21,9.90511E+15,5.33723E+16
11070,3,3,53,40,2018,2,8,5,2,4,7,0,0,1,0,0,0,0,0,5.80894E+20,5.91076E+21,1.0215E+16,5.33398E+16
11071,3,2,41,5,2018,2,7,4,3,5,3,2,0,1,0,1,0,0,1,5.3736E+20,5.81023E+21,9.54962E+15,5.2441E+16
11072,3,3,53,40,2018,2,8,5,3,6,7,0,0,1,0,0,0,1,0,5.77196E+20,5.9173E+21,1.0161E+16,5.33991E+16
11073,3,2,41,17,2018,2,4,6,3,8,1,2,0,1,0,0,0,0,2,5.50791E+20,5.78455E+21,9.74332E+15,5.2209E+16
11074,3,4,3,0,2018,2,20,3,3,5,3,2,1,0,0,0,0,0,0,4.44503E+20,5.88835E+21,8.17032E+15,5.31416E+16
11075,3,3,53,19,2018,2,16,5,3,2,2,1,0,1,0,0,0,1,0,5.47342E+20,5.91324E+21,9.71147E+15,5.33662E+16
11076,3,2,41,1,2018,2,18,2,3,6,2,2,0,1,1,0,0,0,0,5.51886E+20,5.79976E+21,9.76169E+15,5.23457E+16
11077,3,3,59,10,2018,2,18,5,3,2,6,2,0,1,0,0,0,0,0,5.48112E+20,5.92592E+21,9.72498E+15,5.34801E+16
11078,3,3,53,40,2018,2,7,5,3,2,6,0,0,1,0,0,0,0,1,5.783E+20,5.91372E+21,1.01768E+16,5.33668E+16
11079,3,4,60,3,2018,2,15,5,3,5,2,0,1,1,0,0,0,0,1,4.40781E+20,5.83536E+21,8.12434E+15,5.26649E+16
11080,3,4,59,29,2018,2,12,2,3,4,6,0,0,0,0,0,1,1,0,4.51856E+20,5.79628E+21,8.29375E+15,5.23148E+16
11081,3,3,59,10,2018,2,7,5,3,4,2,1,0,1,0,1,0,0,0,5.47486E+20,5.9252E+21,9.71544E+15,5.34736E+16
11082,3,4,3,0,2018,2,1,7,3,2,6,2,0,1,0,0,0,0,0,4.46828E+20,5.88419E+21,8.20577E+15,5.31045E+16
11083,3,3,58,22,2018,2,19,5,2,5,3,2,0,1,0,0,0,0,0,5.41299E+20,5.85692E+21,9.61341E+15,5.28604E+16
11084,3,4,53,7,2018,2,19,4,2,4,7,2,0,1,0,0,0,0,0,4.18393E+20,5.87383E+21,7.78374E+15,5.30078E+16
11085,3,3,56,7,2018,2,9,6,3,2,6,0,0,1,0,0,0,0,1,4.84458E+20,5.89567E+21,8.76728E+15,5.32101E+16
11086,3,2,55,16,2018,2,17,4,3,9,1,0,0,0,0,1,0,0,0,5.37891E+20,5.7612E+21,9.55195E+15,5.20002E+16
11087,3,3,57,8,2018,2,13,5,3,2,6,0,0,1,0,0,0,0,0,5.08944E+20,5.92684E+21,9.1348E+15,5.34905E+16
11088,3,1,51,22,2018,2,9,3,3,2,6,0,0,1,0,1,0,0,0,6.04542E+20,5.81106E+21,1.0538E+16,5.24397E+16
11089,3,2,57,31,2018,2,15,6,3,2,6,0,0,1,0,0,0,0,0,5.07951E+20,5.78439E+21,9.11637E+15,5.22099E+16
11090,3,2,41,12,2018,2,13,3,3,2,2,0,0,1,0,1,0,0,0,5.30726E+20,5.81815E+21,9.45276E+15,5.25126E+16
11091,3,3,54,9,2018,2,9,5,3,2,6,0,1,1,0,0,0,0,0,6.34634E+20,5.89348E+21,1.10144E+16,5.31737E+16
11092,3,1,51,9,2018,2,13,2,3,4,1,0,0,0,0,0,1,1,0,6.03728E+20,5.81725E+21,1.05279E+16,5.24955E+16
11093,3,3,55,12,2018,2,12,5,3,2,2,0,0,1,0,0,0,0,0,6.17003E+20,5.89628E+21,1.07517E+16,5.3203E+16
11094,3,2,41,11,2018,2,13,5,3,2,6,0,0,0,0,0,1,0,1,5.65836E+20,5.80484E+21,9.96744E+15,5.23898E+16
11095,3,4,54,18,2018,2,15,2,2,2,6,0,0,1,0,0,0,0,2,3.78255E+20,5.85329E+21,7.1935E+15,5.28156E+16
11096,3,2,41,1,2018,2,12,7,3,5,3,0,1,1,0,0,0,0,0,5.49321E+20,5.80355E+21,9.72459E+15,5.238E+16
11097,3,3,51,26,2018,2,18,5,3,7,7,2,0,1,0,0,0,1,0,5.72391E+20,5.8558E+21,1.00749E+16,5.2847E+16
11098,3,2,51,37,2018,2,11,4,3,6,2,0,0,1,1,0,0,0,0,4.81676E+20,5.87627E+21,8.72673E+15,5.30357E+16
11099,3,3,56,7,2018,2,18,5,3,6,4,1,0,1,1,0,0,0,1,4.8551E+20,5.89778E+21,8.78294E+15,5.32291E+16
11100,3,2,52,2,2018,2,12,2,3,1,7,0,0,0,0,0,0,1,0,5.33861E+20,5.78312E+21,9.49542E+15,5.21975E+16
11101,3,3,51,21,2018,2,17,5,3,4,6,1,0,1,0,0,0,0,0,5.76218E+20,5.82207E+21,1.01239E+16,5.25434E+16
11102,3,2,41,7,2018,2,8,5,3,5,3,0,1,1,0,0,0,0,0,5.50528E+20,5.7948E+21,9.741E+15,5.23012E+16
11103,3,4,57,13,2018,2,13,2,3,2,6,0,0,1,0,0,0,0,1,3.98682E+20,5.89687E+21,7.4828E+15,5.32115E+16
11104,3,3,58,8,2018,2,15,7,3,5,3,0,0,1,0,0,0,0,0,5.46642E+20,5.85654E+21,9.69272E+15,5.28566E+16
11105,3,2,41,17,2018,2,15,5,3,8,7,0,0,1,0,0,0,0,0,5.41112E+20,5.78533E+21,9.60177E+15,5.22169E+16
11106,3,4,53,8,2018,2,11,4,3,3,2,0,0,1,0,0,0,1,0,4.29255E+20,5.86528E+21,7.94746E+15,5.29325E+16
11107,3,4,51,7,2018,2,7,6,3,4,6,0,1,0,0,0,0,0,2,4.24165E+20,5.90551E+21,7.86225E+15,5.32934E+16
11108,3,1,54,28,2018,2,15,4,3,5,2,0,0,1,0,0,0,0,0,6.36378E+20,5.78663E+21,1.09961E+16,5.22132E+16
11109,3,2,41,1,2018,2,8,5,3,2,6,1,0,1,0,0,1,0,0,5.52792E+20,5.80889E+21,9.77643E+15,5.24277E+16
11110,3,4,62,19,2018,2,7,2,3,2,6,0,0,1,0,0,0,0,1,4.18072E+20,5.93839E+21,7.7623E+15,5.3588E+16
11111,3,1,54,14,2018,2,11,6,2,6,2,0,0,1,1,0,0,0,0,6.13608E+20,5.79877E+21,1.06671E+16,5.23275E+16
11112,3,2,41,1,2018,2,13,3,2,0,7,0,0,1,0,0,0,1,0,5.44619E+20,5.80644E+21,9.6559E+15,5.24064E+16
11113,3,2,56,16,2018,2,22,5,3,0,2,2,0,1,0,0,0,0,0,5.17776E+20,5.82492E+21,9.2623E+15,5.2574E+16
11114,3,3,51,26,2018,2,21,1,2,9,1,2,0,1,0,0,0,0,0,5.87044E+20,5.85614E+21,1.02925E+16,5.2848E+16
11115,3,2,57,30,2018,2,16,5,3,3,6,0,1,1,0,0,0,0,0,5.13035E+20,5.80513E+21,9.19158E+15,5.23962E+16
11116,3,2,52,7,2018,2,8,5,2,3,6,0,1,0,0,0,1,0,0,5.16324E+20,5.77671E+21,9.23853E+15,5.21407E+16
11117,3,4,5,0,2018,2,15,2,3,5,3,0,1,1,0,0,0,0,1,4.41316E+20,5.93137E+21,8.11472E+15,5.3528E+16
11118,3,4,57,14,2018,2,12,6,2,2,6,0,0,1,0,0,0,0,0,3.97705E+20,5.90846E+21,7.46445E+15,5.33154E+16
11119,3,2,41,9,2018,2,17,5,2,0,7,0,0,1,0,0,1,0,0,5.61945E+20,5.79264E+21,9.90802E+15,5.22806E+16
11120,3,3,53,4,2018,2,14,4,3,3,6,0,0,1,0,0,0,0,2,5.7036E+20,5.90863E+21,1.00563E+16,5.33222E+16
11121,3,2,52,6,2018,2,15,5,2,3,7,0,1,0,0,0,1,0,0,5.26013E+20,5.77281E+21,9.37981E+15,5.21052E+16
11122,3,4,58,7,2018,2,21,2,3,8,1,2,0,1,0,0,0,0,2,4.49855E+20,5.87387E+21,8.25259E+15,5.30121E+16
11123,3,3,58,22,2018,2,12,6,3,5,3,0,0,1,0,0,1,0,0,5.45268E+20,5.84747E+21,9.67105E+15,5.27751E+16
11124,3,4,54,7,2018,2,10,3,3,8,1,0,0,1,0,0,0,0,0,3.82534E+20,5.87112E+21,7.25053E+15,5.29767E+16
11125,3,1,59,16,2018,2,9,5,3,5,3,0,1,1,0,0,0,0,0,5.65385E+20,5.71028E+21,9.94281E+15,5.15399E+16
11126,3,4,1,0,2018,2,7,2,3,5,3,1,1,1,0,0,0,0,0,4.74499E+20,5.87782E+21,8.61958E+15,5.30493E+16
11127,3,4,58,7,2018,2,4,6,3,9,1,2,0,1,0,0,0,0,2,4.4717E+20,5.85933E+21,8.21493E+15,5.28811E+16
11128,3,4,4,0,2018,2,15,3,3,2,6,0,0,1,0,0,0,0,0,4.33911E+20,5.7883E+21,8.03209E+15,5.22411E+16
11129,3,1,58,30,2018,2,9,5,3,2,2,0,0,1,0,0,0,0,0,6.09502E+20,5.78927E+21,1.06038E+16,5.22429E+16
11130,3,3,61,1,2018,2,8,2,3,5,3,0,0,1,0,0,0,0,0,5.02167E+20,5.87392E+21,9.0323E+15,5.30148E+16
11131,3,1,53,2,2018,2,12,5,3,6,2,0,0,1,1,0,0,0,0,6.06456E+20,5.74994E+21,1.0547E+16,5.189E+16
11132,3,1,51,13,2018,2,16,6,3,5,2,0,0,1,0,0,0,0,0,6.07821E+20,5.81225E+21,1.05866E+16,5.24498E+16
11133,3,2,56,25,2018,2,8,3,3,2,6,0,0,1,0,0,0,0,1,5.10477E+20,5.81145E+21,9.15417E+15,5.24531E+16
11134,3,1,51,30,2018,2,6,5,3,2,6,1,0,1,0,0,0,0,1,6.18374E+20,5.81546E+21,1.07429E+16,5.24764E+16
11135,3,2,52,6,2018,2,20,1,3,5,3,2,0,1,0,0,0,0,0,5.25066E+20,5.77269E+21,9.36598E+15,5.21042E+16
11136,3,1,54,13,2018,2,23,5,3,3,6,2,0,1,0,0,1,0,0,6.28886E+20,5.7948E+21,1.08897E+16,5.22884E+16
11137,3,1,53,17,2018,2,7,5,3,2,2,0,0,1,0,0,0,0,0,6.06827E+20,5.75697E+21,1.05545E+16,5.19532E+16
11138,3,2,51,47,2018,2,15,2,3,6,4,0,0,1,1,0,0,0,0,4.86008E+20,5.86953E+21,8.79163E+15,5.29752E+16
11139,3,4,52,6,2018,2,13,6,3,4,2,0,1,1,0,0,0,0,0,4.0717E+20,5.91791E+21,7.60372E+15,5.34021E+16
11140,3,1,1,0,2018,2,10,5,3,3,7,0,0,1,0,0,0,0,0,6.02705E+20,5.78699E+21,1.05036E+16,5.22237E+16
11141,3,3,60,2,2018,2,10,4,3,5,3,0,1,1,0,0,0,0,0,6.06434E+20,5.88229E+21,1.05889E+16,5.30794E+16
11142,3,4,4,0,2018,2,18,4,2,2,6,2,0,0,0,0,1,1,0,4.30509E+20,5.7981E+21,7.98025E+15,5.23288E+16
11143,3,3,51,6,2018,2,8,6,3,5,3,0,1,1,0,0,0,0,2,5.70537E+20,5.83057E+21,1.0042E+16,5.26205E+16
11144,3,3,61,13,2018,2,13,3,3,2,6,0,0,1,0,0,0,0,0,5.03263E+20,5.86945E+21,9.04859E+15,5.29746E+16
11145,3,4,59,14,2018,2,11,4,3,3,6,0,0,1,0,0,1,0,0,4.3435E+20,5.81015E+21,8.03425E+15,5.24376E+16
11146,3,2,41,1,2018,2,9,2,3,1,5,0,0,0,0,0,1,1,0,5.51633E+20,5.80249E+21,9.75839E+15,5.23703E+16
11147,3,4,59,2,2018,2,12,4,2,1,5,0,0,1,0,0,1,0,0,4.23943E+20,5.82194E+21,7.87849E+15,5.25422E+16
11148,3,4,3,0,2018,2,8,5,3,2,2,0,0,1,0,0,0,0,0,4.46725E+20,5.88831E+21,8.20354E+15,5.31415E+16
11149,3,3,57,41,2018,2,18,2,3,5,3,1,0,1,0,0,0,0,0,5.32263E+20,5.89114E+21,9.48263E+15,5.31687E+16
11150,3,4,52,1,2018,2,20,5,3,2,6,2,0,1,0,0,0,0,0,3.99521E+20,5.92537E+21,7.48632E+15,5.34678E+16
11151,3,4,60,7,2018,2,13,2,3,2,6,0,0,1,0,0,0,0,0,4.37856E+20,5.81735E+21,8.08447E+15,5.25027E+16
11152,3,4,57,14,2018,2,13,4,3,5,3,0,0,1,0,1,0,0,0,4.02892E+20,5.90687E+21,7.54277E+15,5.33021E+16
11153,3,3,61,1,2018,2,19,7,3,8,7,2,0,1,0,0,0,0,0,5.03958E+20,5.87453E+21,9.059E+15,5.30203E+16
11154,3,4,52,23,2018,2,14,4,3,2,6,0,0,1,0,0,0,0,0,3.91934E+20,5.92489E+21,7.37224E+15,5.34619E+16
11155,3,1,2,0,2018,2,16,3,3,2,6,0,0,1,0,0,0,0,1,5.9666E+20,5.77813E+21,1.04126E+16,5.21452E+16
11156,3,4,59,25,2018,3,20,6,3,1,5,2,0,1,0,0,0,0,0,4.2029E+20,5.83668E+21,7.82109E+15,5.26742E+16
11157,3,4,4,0,2018,2,12,6,2,5,3,0,0,1,0,0,0,0,0,4.314E+20,5.79013E+21,7.99496E+15,5.22573E+16
11158,3,4,60,6,2018,3,16,3,3,1,5,0,0,1,0,0,0,0,0,4.48678E+20,5.8355E+21,8.24108E+15,5.2667E+16
11159,3,1,58,30,2018,3,16,5,3,5,3,0,0,1,0,0,0,0,0,6.10296E+20,5.7848E+21,1.0614E+16,5.22026E+16
11160,3,1,59,17,2018,3,1,3,3,2,1,2,0,1,0,0,1,0,1,5.50189E+20,5.69537E+21,9.7216E+15,5.14073E+16
11161,3,4,57,10,2018,2,14,6,3,5,3,0,0,1,0,0,0,0,0,4.0634E+20,5.90693E+21,7.59448E+15,5.33033E+16
11162,3,3,60,20,2018,2,21,2,2,9,1,2,0,1,0,0,0,1,2,6.18664E+20,5.85979E+21,1.07632E+16,5.28747E+16
11163,3,4,60,1,2018,3,9,5,3,4,2,0,1,1,0,0,0,0,0,4.45868E+20,5.8436E+21,8.19819E+15,5.27396E+16
11164,3,2,41,1,2018,2,10,4,3,3,6,0,0,1,0,0,0,0,2,5.49252E+20,5.80348E+21,9.72357E+15,5.23793E+16
11165,3,3,53,40,2018,3,16,2,2,5,2,0,1,1,0,0,0,0,0,5.81219E+20,5.9113E+21,1.022E+16,5.33446E+16
11166,3,4,62,5,2018,2,8,6,3,2,6,0,0,1,0,0,1,1,1,4.23142E+20,5.92295E+21,7.84266E+15,5.345E+16
11167,3,1,3,0,2018,3,8,5,3,2,6,0,0,1,0,0,0,0,0,6.18299E+20,5.8095E+21,1.07397E+16,5.24229E+16
11168,3,3,55,16,2018,2,15,3,3,5,3,0,0,1,0,0,0,0,1,5.89983E+20,5.89385E+21,1.03467E+16,5.31864E+16
11169,3,1,55,6,2018,3,19,1,3,8,6,2,0,1,0,0,0,0,0,5.72951E+20,5.73829E+21,1.00577E+16,5.17907E+16
11170,3,4,52,17,2018,2,14,6,3,5,2,0,0,1,0,0,0,0,0,3.8535E+20,5.9325E+21,7.27033E+15,5.35289E+16
11171,3,2,52,3,2018,3,12,4,2,1,7,0,0,1,0,0,0,0,0,5.1607E+20,5.75969E+21,9.23402E+15,5.19876E+16
11172,3,4,52,1,2018,2,12,6,3,5,3,0,0,1,0,0,0,0,0,4.04733E+20,5.93074E+21,7.56318E+15,5.35169E+16
11173,3,4,57,11,2018,2,8,2,3,5,3,0,0,1,0,0,0,0,1,4.06805E+20,5.90566E+21,7.60183E+15,5.3292E+16
11174,3,4,61,2,2018,3,14,6,3,2,6,0,0,1,0,0,0,0,0,4.65228E+20,5.90635E+21,8.47818E+15,5.33052E+16
11175,3,4,60,5,2018,2,14,6,3,5,3,0,1,0,0,0,1,0,0,4.41605E+20,5.82517E+21,8.13833E+15,5.25735E+16
11176,3,2,41,1,2018,3,19,3,3,5,3,2,0,1,0,0,0,0,0,5.49477E+20,5.80307E+21,9.72681E+15,5.23757E+16
11177,3,4,53,13,2018,2,13,4,3,5,3,0,0,1,0,0,0,0,0,4.12928E+20,5.88697E+21,7.69877E+15,5.3125E+16
11178,3,4,2,0,2018,3,15,2,3,2,6,0,0,1,0,0,0,0,0,3.80809E+20,5.91742E+21,7.20758E+15,5.33924E+16
11179,3,4,60,9,2018,2,17,6,3,2,6,2,0,1,0,0,0,0,0,4.5013E+20,5.84822E+21,8.26061E+15,5.27815E+16
11180,3,1,57,1,2018,2,17,2,2,6,4,0,0,1,1,0,0,0,1,5.93294E+20,5.80595E+21,1.03711E+16,5.23958E+16
11181,3,3,59,25,2018,3,7,5,3,8,1,0,0,1,0,0,0,0,0,5.20937E+20,5.94151E+21,9.31654E+15,5.3622E+16
11182,3,4,59,14,2018,2,0,3,1,4,6,2,0,1,0,0,0,0,0,4.29268E+20,5.81002E+21,7.95953E+15,5.24358E+16
11183,3,2,41,1,2018,3,8,2,3,2,6,0,0,1,0,0,0,0,0,5.53584E+20,5.80473E+21,9.78741E+15,5.23902E+16
11184,3,4,53,5,2018,2,14,6,2,4,6,0,0,1,0,0,1,0,0,4.46132E+20,5.85216E+21,8.2007E+15,5.28166E+16
11185,3,4,53,7,2018,3,16,4,3,5,3,0,1,1,0,0,0,0,0,4.24272E+20,5.87569E+21,7.87091E+15,5.30254E+16
11186,3,2,41,1,2018,2,14,2,3,6,4,0,0,1,1,0,0,0,0,5.57304E+20,5.80453E+21,9.84203E+15,5.2388E+16
11187,3,3,52,32,2018,3,9,5,3,1,5,0,0,1,0,0,0,1,0,4.73229E+20,5.92213E+21,8.5969E+15,5.34476E+16
11188,3,2,55,30,2018,2,17,4,3,9,1,0,0,1,0,0,0,0,2,5.42207E+20,5.75015E+21,9.61345E+15,5.19005E+16
11189,3,2,41,1,2018,3,5,2,3,1,1,1,0,1,0,0,0,1,1,5.50075E+20,5.80585E+21,9.73601E+15,5.24006E+16
11190,3,3,61,9,2018,2,12,6,3,2,2,0,0,1,0,0,0,0,0,5.07981E+20,5.87866E+21,9.11909E+15,5.30574E+16
11191,3,4,54,14,2018,3,18,4,3,4,2,1,1,1,0,0,0,0,0,3.79867E+20,5.82772E+21,7.22675E+15,5.25862E+16
11192,3,3,51,6,2018,2,6,1,3,9,1,0,0,1,0,0,0,0,0,5.74978E+20,5.82839E+21,1.01071E+16,5.26003E+16
11193,3,2,56,3,2018,2,20,1,3,8,7,2,0,1,0,0,0,0,0,5.04005E+20,5.84911E+21,9.05939E+15,5.27917E+16
11194,3,2,41,1,2018,2,11,3,3,4,2,0,0,1,0,0,0,0,1,5.52724E+20,5.80261E+21,9.77443E+15,5.23712E+16
11195,3,4,56,27,2018,3,12,7,3,5,7,0,0,1,0,0,0,0,0,3.79708E+20,5.79862E+21,7.23489E+15,5.23247E+16
11196,3,3,61,6,2018,2,1,6,3,8,1,2,0,1,0,0,0,0,0,5.13076E+20,5.86952E+21,9.19473E+15,5.29751E+16
11197,3,1,53,17,2018,3,16,4,3,4,2,0,0,1,0,0,0,0,0,5.99965E+20,5.75378E+21,1.04538E+16,5.19258E+16
11198,3,3,61,6,2018,2,6,6,3,1,5,1,0,1,0,0,0,0,0,5.11634E+20,5.87004E+21,9.17327E+15,5.29798E+16
11199,3,4,51,5,2018,2,16,6,3,0,6,0,0,0,0,1,0,0,0,4.46958E+20,5.90157E+21,8.20483E+15,5.32608E+16
11200,3,3,61,5,2018,2,12,2,3,5,3,0,0,1,0,0,0,0,0,5.21773E+20,5.86581E+21,9.32399E+15,5.29415E+16
11201,3,3,57,13,2018,3,16,6,3,2,6,0,0,1,0,0,0,1,0,5.21734E+20,5.89712E+21,9.32553E+15,5.32229E+16
11202,3,4,3,0,2018,2,16,6,3,2,2,0,0,1,0,0,0,0,0,4.4308E+20,5.88468E+21,8.14971E+15,5.31085E+16
11203,3,2,41,1,2018,3,8,3,3,5,3,0,0,1,0,0,0,0,0,5.51892E+20,5.80251E+21,9.7622E+15,5.23704E+16
11204,3,4,3,0,2018,2,13,4,3,2,2,0,0,1,0,0,0,0,0,4.46633E+20,5.89092E+21,8.20173E+15,5.31649E+16
11205,3,4,52,10,2018,3,16,2,3,5,3,0,1,1,0,0,0,0,0,3.87803E+20,5.93593E+21,7.30608E+15,5.35603E+16
11206,3,4,3,0,2018,2,13,6,2,0,7,0,0,1,1,0,0,1,0,4.45916E+20,5.88603E+21,8.19183E+15,5.31209E+16
11207,3,3,60,2,2018,3,13,5,2,5,3,0,1,1,0,0,0,0,0,6.07966E+20,5.87993E+21,1.0611E+16,5.30579E+16
11208,3,4,57,22,2018,2,8,1,2,8,7,0,0,1,0,0,0,0,0,3.99268E+20,5.88207E+21,7.49624E+15,5.30786E+16
11209,3,3,51,7,2018,3,22,5,3,0,7,2,0,1,0,0,0,0,0,5.84622E+20,5.82081E+21,1.02475E+16,5.25308E+16
11210,3,3,61,6,2018,2,11,3,3,8,1,0,0,1,0,0,0,0,0,5.11904E+20,5.87279E+21,9.1774E+15,5.30046E+16
11211,3,2,52,6,2018,3,12,2,3,2,6,0,0,1,0,0,0,0,0,5.24216E+20,5.77068E+21,9.35343E+15,5.20862E+16
11212,3,2,51,47,2018,2,13,6,3,2,6,0,0,1,0,0,0,0,0,4.91788E+20,5.87341E+21,8.87761E+15,5.30102E+16
11213,3,4,61,7,2018,3,13,4,3,2,6,0,0,1,0,0,0,0,0,4.68568E+20,5.93089E+21,8.52585E+15,5.3526E+16
11214,3,1,53,12,2018,2,13,3,3,2,6,0,0,1,0,0,1,0,1,5.78649E+20,5.75546E+21,1.01442E+16,5.19443E+16
11215,3,2,41,2,2018,3,14,7,3,2,6,0,0,1,0,0,0,1,0,5.29708E+20,5.79631E+21,9.43583E+15,5.23164E+16
11216,3,3,56,9,2018,2,13,6,3,3,6,0,0,1,0,0,1,0,0,4.75701E+20,5.90134E+21,8.63572E+15,5.32608E+16
11217,3,4,56,14,2018,3,17,3,2,8,1,0,0,1,0,0,0,0,0,3.64019E+20,5.81613E+21,6.99772E+15,5.24783E+16
11218,3,3,52,11,2018,2,14,6,3,5,2,0,0,1,0,0,0,0,0,4.79758E+20,5.96512E+21,8.69241E+15,5.38342E+16
11219,3,3,53,31,2018,2,17,2,3,9,7,1,0,0,0,0,1,0,1,5.69631E+20,5.90944E+21,1.00456E+16,5.33295E+16
11220,3,1,53,504,2018,3,17,6,3,9,1,0,0,1,0,0,0,0,0,6.05293E+20,5.73604E+21,1.05258E+16,5.17653E+16
11221,3,3,53,29,2018,2,17,6,3,3,6,2,0,1,0,0,0,0,0,5.59135E+20,5.91656E+21,9.8893E+15,5.33948E+16
11222,3,2,41,1,2018,2,19,3,3,2,6,0,0,1,0,0,0,0,2,5.50174E+20,5.80885E+21,9.73792E+15,5.24275E+16
11223,3,3,52,36,2018,3,22,7,3,8,6,2,0,1,0,0,0,0,0,4.99493E+20,5.94298E+21,8.99234E+15,5.36356E+16
11224,3,3,53,26,2018,2,14,6,3,5,2,0,0,1,0,0,1,0,0,5.52832E+20,5.91606E+21,9.79444E+15,5.33909E+16
11225,3,4,59,4,2018,3,8,3,3,2,6,0,0,1,0,0,0,0,1,4.34441E+20,5.77871E+21,8.0417E+15,5.2155E+16
11226,3,3,53,37,2018,2,13,6,3,2,5,0,0,1,0,0,0,0,0,5.80864E+20,5.90357E+21,1.02127E+16,5.32752E+16
11227,3,2,51,41,2018,2,5,2,3,5,3,2,0,1,0,0,1,0,2,4.9102E+20,5.85832E+21,8.86657E+15,5.28745E+16
11228,3,2,41,2,2018,3,3,6,2,6,4,2,0,1,1,0,0,0,0,5.28436E+20,5.79802E+21,9.41731E+15,5.23317E+16
11229,3,3,58,22,2018,2,13,6,3,2,6,0,0,1,0,0,0,0,0,5.45824E+20,5.84199E+21,9.67854E+15,5.27258E+16
11230,3,3,52,11,2018,2,13,4,3,5,3,0,0,1,0,0,0,0,0,4.84048E+20,5.96189E+21,8.75777E+15,5.38053E+16
11231,3,3,61,9,2018,3,19,2,3,2,6,2,0,1,0,0,0,0,1,5.01932E+20,5.87821E+21,9.02882E+15,5.30534E+16
11232,3,3,58,22,2018,2,19,6,3,6,4,2,0,1,1,0,0,0,0,5.405E+20,5.85728E+21,9.60159E+15,5.28637E+16
11233,3,2,41,1,2018,3,5,5,3,4,7,2,0,1,0,0,0,0,1,5.48987E+20,5.79992E+21,9.71916E+15,5.23474E+16
11234,3,4,55,25,2018,2,15,1,3,4,1,0,0,1,0,0,0,0,2,4.35993E+20,5.91912E+21,8.03692E+15,5.34173E+16
11235,3,2,41,2,2018,3,9,5,3,4,2,0,0,1,0,0,0,1,2,5.32163E+20,5.79457E+21,9.47167E+15,5.23005E+16
11236,3,4,3,0,2018,2,11,3,3,3,2,0,1,0,0,0,1,0,1,4.4713E+20,5.88491E+21,8.21016E+15,5.3111E+16
11237,3,1,59,16,2018,3,23,2,3,5,3,2,1,0,0,0,1,0,1,5.6167E+20,5.70849E+21,9.88893E+15,5.15242E+16
11238,3,3,57,57,2018,2,10,6,3,2,6,0,0,1,0,0,0,0,0,5.2176E+20,5.90073E+21,9.32617E+15,5.32554E+16
11239,3,3,57,57,2018,3,7,4,3,6,4,0,0,1,1,0,0,0,0,5.18431E+20,5.90472E+21,9.2765E+15,5.32914E+16
11240,3,1,59,16,2018,2,4,3,2,8,1,2,0,0,0,0,1,1,2,5.60961E+20,5.71207E+21,9.87933E+15,5.15564E+16
11241,3,1,53,7,2018,3,9,7,3,2,2,0,0,1,0,0,0,0,2,5.90397E+20,5.75576E+21,1.03152E+16,5.19452E+16
11242,3,3,57,45,2018,2,19,6,3,5,2,2,0,1,0,0,0,1,0,5.13798E+20,5.88453E+21,9.20613E+15,5.311E+16
11243,3,4,52,7,2018,3,7,3,3,5,3,0,0,1,0,1,0,0,1,3.92058E+20,5.93643E+21,7.37013E+15,5.35656E+16
11244,3,3,54,9,2018,2,8,6,2,2,6,0,1,1,0,0,0,0,1,6.34634E+20,5.89348E+21,1.10144E+16,5.31737E+16
11245,3,3,59,22,2018,2,7,2,3,5,3,0,0,1,0,0,0,0,2,5.24497E+20,5.93835E+21,9.37011E+15,5.35934E+16
11246,3,4,54,29,2018,3,21,5,3,5,2,2,0,1,0,0,0,0,0,3.9021E+20,5.85769E+21,7.36933E+15,5.28577E+16
11247,3,2,41,2,2018,2,16,4,3,2,2,0,0,1,0,0,0,0,0,5.32568E+20,5.79835E+21,9.47798E+15,5.23345E+16
11248,3,3,52,32,2018,3,19,2,3,9,1,2,0,0,0,0,1,0,0,4.72588E+20,5.92169E+21,8.58729E+15,5.34435E+16
11249,3,3,54,9,2018,2,7,6,2,6,4,0,0,0,1,0,0,1,1,6.36251E+20,5.89077E+21,1.10374E+16,5.31489E+16
11250,3,1,53,504,2018,3,7,5,2,4,6,2,0,1,0,0,0,0,2,5.91291E+20,5.73751E+21,1.03234E+16,5.1781E+16
11251,3,3,55,33,2018,2,15,4,3,2,6,2,0,1,0,0,0,0,0,5.99218E+20,5.90433E+21,1.04881E+16,5.32789E+16
11252,3,2,51,40,2018,3,14,2,3,8,7,0,0,1,0,0,0,0,0,4.86963E+20,5.83598E+21,8.80719E+15,5.26736E+16
11253,3,3,51,21,2018,2,13,6,3,0,7,0,1,1,0,0,0,0,0,5.77791E+20,5.8215E+21,1.0147E+16,5.2538E+16
11254,3,2,54,21,2018,3,7,5,3,3,2,0,1,1,0,0,0,0,0,5.65317E+20,5.77893E+21,9.9548E+15,5.2157E+16
11255,3,3,53,40,2018,2,14,1,3,2,6,0,0,1,0,0,0,1,1,5.77028E+20,5.91176E+21,1.01572E+16,5.33493E+16