OBJECTID_1,ULAND,UREGBEZ,UKREIS,UGEMEINDE,UJAHR,UMONAT,USTUNDE,UWOCHENTAG,UKATEGORIE,UART,UTYP1,ULICHTVERH,IstRad,IstPKW,IstFuss,IstKrad,IstGkfz,IstSonstig,STRZUSTAND,LINREFX,LINREFY,XGCSWGS84,YGCSWGS84
11446,3,1,55,9,2018,2,10,5,3,2,6,0,0,1,0,0,1,0,0,5.63829E+20,5.7251E+21,9.92307E+15,5.16732E+16
11447,3,2,51,40,2018,3,17,4,3,9,7,0,0,1,0,0,0,0,0,4.86756E+20,5.83833E+21,8.80403E+15,5.26947E+16
11448,3,2,54,44,2018,2,8,3,3,8,1,0,0,1,0,0,0,0,1,5.72476E+20,5.7562E+21,1.00546E+16,5.19518E+16
11449,3,3,57,18,2018,3,15,7,3,2,6,0,0,1,0,0,0,0,0,5.19155E+20,5.89396E+21,9.28671E+15,5.31946E+16
11450,3,1,59,16,2018,2,16,5,3,2,6,0,0,1,0,0,0,0,0,5.6162E+20,5.70891E+21,9.88829E+15,5.15279E+16
11451,3,4,57,14,2018,3,9,3,3,2,6,0,0,1,0,0,0,1,0,3.97547E+20,5.90814E+21,7.46219E+15,5.33125E+16
11452,3,1,59,16,2018,2,12,5,3,5,3,0,0,1,0,0,0,0,0,5.63903E+20,5.70971E+21,9.92134E+15,5.15349E+16
11453,3,4,1,0,2018,2,13,2,3,5,2,0,0,0,0,1,0,1,0,4.73634E+20,5.87422E+21,8.60698E+15,5.30168E+16
11454,3,1,58,37,2018,3,12,6,3,2,6,0,0,1,0,0,0,0,0,6.03573E+20,5.77999E+21,1.05142E+16,5.21607E+16
11455,3,1,59,16,2018,2,10,5,3,5,2,0,1,1,0,0,0,0,0,5.61786E+20,5.71199E+21,9.89122E+15,5.15556E+16
11456,3,3,60,15,2018,2,8,4,3,8,1,0,0,1,0,0,0,0,2,6.12144E+20,5.87677E+21,1.06722E+16,5.30287E+16
11457,3,2,51,15,2018,3,7,2,3,2,6,0,0,0,0,1,0,1,1,4.78806E+20,5.84471E+21,8.68599E+15,5.27518E+16
11458,3,1,3,0,2018,2,22,5,3,7,7,2,0,1,0,1,0,0,0,6.19965E+20,5.81262E+21,1.07653E+16,5.24506E+16
11459,3,2,56,33,2018,3,18,5,3,5,2,2,0,1,0,0,0,0,1,4.93738E+20,5.81902E+21,8.9077E+15,5.25213E+16
11460,3,3,53,40,2018,2,18,1,3,8,6,2,0,1,0,0,0,0,2,5.78262E+20,5.91117E+21,1.01755E+16,5.33438E+16
11461,3,2,56,22,2018,3,13,5,2,6,2,0,0,1,1,0,0,0,0,5.14923E+20,5.83207E+21,9.22053E+15,5.26384E+16
11462,3,2,51,41,2018,2,21,2,3,5,3,2,0,1,0,0,0,0,0,4.88159E+20,5.86409E+21,8.82385E+15,5.29263E+16
11463,3,2,41,1,2018,3,16,6,3,3,6,0,0,1,0,0,0,0,0,5.49129E+20,5.80339E+21,9.72175E+15,5.23786E+16
11464,3,1,58,37,2018,2,13,5,3,2,2,0,0,1,0,0,0,0,0,6.05358E+20,5.78059E+21,1.05404E+16,5.21657E+16
11465,3,3,52,63,2018,2,17,4,3,4,6,1,0,1,0,0,0,0,0,5.0317E+20,5.96097E+21,9.04813E+15,5.37973E+16
11466,3,3,61,6,2018,3,18,2,3,6,6,2,0,1,1,0,0,0,0,5.09048E+20,5.87132E+21,9.13479E+15,5.29914E+16
11467,3,1,2,0,2018,2,15,5,3,6,4,0,0,1,1,0,0,0,0,5.90348E+20,5.7791E+21,1.03206E+16,5.2155E+16
11468,3,3,55,22,2018,3,21,5,3,9,1,2,0,0,0,0,0,1,1,5.97277E+20,5.90014E+21,1.04577E+16,5.32416E+16
11469,3,4,60,4,2018,2,8,1,2,0,7,0,0,0,0,1,0,0,0,4.55123E+20,5.84635E+21,8.3349E+15,5.27651E+16
11470,3,2,41,21,2018,3,8,5,3,5,3,0,0,1,0,0,0,0,0,5.28626E+20,5.8104E+21,9.42116E+15,5.24431E+16
11471,3,2,41,2,2018,2,11,7,3,5,3,0,0,1,0,0,0,0,0,5.33389E+20,5.79587E+21,9.48978E+15,5.23122E+16
11472,3,4,3,0,2018,2,14,3,3,2,6,0,0,1,0,0,0,0,0,4.46082E+20,5.88936E+21,8.19376E+15,5.31509E+16
11473,3,1,59,10,2018,3,10,2,3,2,6,0,0,1,0,0,0,0,0,5.86747E+20,5.70809E+21,1.02502E+16,5.15173E+16
11474,3,1,53,17,2018,2,20,5,3,7,7,2,0,1,0,0,0,0,0,5.96459E+20,5.75505E+21,1.04032E+16,5.19378E+16
11475,3,3,53,29,2018,3,14,4,3,1,5,0,0,1,0,0,0,0,1,5.61447E+20,5.91746E+21,9.92424E+15,5.34027E+16
11476,3,2,52,6,2018,2,11,3,2,2,6,0,0,1,0,0,0,1,0,5.24117E+20,5.77182E+21,9.35205E+15,5.20965E+16
11477,3,2,52,5,2018,3,13,7,2,8,7,0,0,1,0,0,0,0,0,5.23548E+20,5.76409E+21,9.34323E+15,5.20269E+16
11478,3,1,51,32,2018,2,19,5,3,9,6,2,0,1,0,0,1,0,1,6.24637E+20,5.82774E+21,1.08397E+16,5.25854E+16
11479,3,4,62,19,2018,3,12,3,3,2,6,0,0,1,0,0,0,0,0,4.21105E+20,5.93708E+21,7.80843E+15,5.35766E+16
11480,3,1,51,16,2018,2,16,5,3,5,3,0,0,1,0,1,0,0,0,6.06168E+20,5.80766E+21,1.05608E+16,5.24088E+16
11481,3,3,59,17,2018,2,16,2,3,4,6,0,0,1,0,0,0,1,0,5.26764E+20,5.9306E+21,9.40371E+15,5.35237E+16
11482,3,4,56,20,2018,3,7,5,3,5,7,0,0,1,0,0,0,1,0,3.81735E+20,5.7983E+21,7.26473E+15,5.23222E+16
11483,3,2,41,7,2018,2,0,4,3,4,6,2,0,1,0,0,0,0,2,5.50551E+20,5.795E+21,9.74137E+15,5.23031E+16
11484,3,4,58,5,2018,3,8,2,2,4,6,0,0,1,0,0,1,0,0,4.68211E+20,5.8815E+21,8.52542E+15,5.30821E+16
11485,3,4,59,24,2018,2,16,4,3,5,3,0,0,1,0,0,0,0,0,4.52921E+20,5.77686E+21,8.31207E+15,5.21402E+16
11486,3,1,57,9,2018,3,10,5,3,2,6,0,0,1,0,0,0,0,1,5.8337E+20,5.79129E+21,1.02217E+16,5.22656E+16
11487,3,2,41,1,2018,2,14,7,3,2,6,0,0,1,0,0,0,0,0,5.44398E+20,5.80679E+21,9.6527E+15,5.24095E+16
11488,3,3,57,18,2018,2,8,3,3,2,6,0,0,1,0,0,0,0,2,5.19215E+20,5.89402E+21,9.28762E+15,5.31952E+16
11489,3,4,53,3,2018,3,17,1,3,9,7,1,0,1,0,0,0,0,0,4.46516E+20,5.85035E+21,8.2067E+15,5.28003E+16
11490,3,4,59,21,2018,2,0,4,2,0,1,2,0,1,0,0,0,0,1,4.29774E+20,5.78854E+21,7.97146E+15,5.22427E+16
11491,3,2,56,26,2018,3,20,4,1,4,6,2,0,1,0,0,1,0,0,5.30881E+20,5.83438E+21,9.45656E+15,5.26585E+16
11492,3,4,59,33,2018,2,15,4,2,5,3,0,1,1,0,0,0,0,0,4.35021E+20,5.79974E+21,8.04613E+15,5.23441E+16
11493,3,2,41,1,2018,2,14,7,3,2,6,0,0,1,0,0,0,0,0,5.53193E+20,5.80184E+21,9.7812E+15,5.23643E+16
11494,3,3,59,2,2018,2,13,3,3,8,1,0,0,1,0,0,0,0,0,5.32283E+20,5.9161E+21,9.48547E+15,5.3393E+16
11495,3,1,51,18,2018,3,7,2,3,8,1,0,0,1,0,0,0,0,2,5.91545E+20,5.8195E+21,1.03491E+16,5.25179E+16
11496,3,4,59,18,2018,2,9,4,3,5,3,0,0,1,0,0,0,1,0,4.32599E+20,5.8262E+21,8.00524E+15,5.25816E+16
11497,3,2,41,3,2018,3,7,4,3,2,6,0,0,1,0,0,0,0,1,5.69515E+20,5.81227E+21,1.0023E+16,5.24562E+16
11498,3,1,2,0,2018,2,5,3,3,4,2,2,0,1,0,0,0,0,2,5.97358E+20,5.77821E+21,1.04228E+16,5.21458E+16
11499,3,4,57,14,2018,3,14,6,2,6,4,0,0,1,1,0,0,0,0,4.00538E+20,5.90976E+21,7.50656E+15,5.33276E+16
11500,3,4,4,0,2018,2,9,4,3,2,6,0,0,1,0,0,0,0,0,4.34212E+20,5.789E+21,8.03637E+15,5.22475E+16
11501,3,4,53,3,2018,3,6,3,3,3,6,1,1,1,0,0,0,0,0,4.36072E+20,5.85155E+21,8.05156E+15,5.281E+16
11502,3,1,58,19,2018,3,18,5,3,9,1,0,0,1,0,0,0,0,0,6.0628E+20,5.77008E+21,1.05506E+16,5.20711E+16
11503,3,1,54,12,2018,3,11,3,2,8,7,0,0,1,0,0,0,0,0,6.30975E+20,5.77237E+21,1.09116E+16,5.20864E+16
11504,3,4,54,41,2018,2,18,4,2,5,2,2,0,1,0,0,0,0,0,3.92157E+20,5.87792E+21,7.39151E+15,5.30399E+16
11505,3,3,60,7,2018,2,18,2,2,2,6,1,1,1,0,0,0,0,0,5.9103E+20,5.8643E+21,1.0354E+16,5.29207E+16
11506,3,3,56,11,2018,3,16,5,3,9,1,0,0,1,0,0,0,0,0,4.97163E+20,5.89968E+21,8.95748E+15,5.32464E+16
11507,3,1,59,4,2018,2,15,7,3,4,2,0,0,1,0,0,0,0,0,6.0875E+20,5.71681E+21,1.05699E+16,5.15918E+16
11508,3,2,41,7,2018,2,10,4,3,6,6,0,0,1,1,0,0,0,2,5.4947E+20,5.79711E+21,9.72584E+15,5.2322E+16
11509,3,3,59,10,2018,3,7,2,2,5,2,0,0,1,0,0,0,0,1,5.49799E+20,5.92265E+21,9.74989E+15,5.34505E+16
11510,3,4,56,12,2018,2,14,4,3,5,3,0,0,1,0,0,0,0,0,3.51343E+20,5.82913E+21,6.80538E+15,5.25918E+16
11511,3,1,2,0,2018,3,17,5,3,8,1,0,0,1,0,0,0,0,0,5.93539E+20,5.78097E+21,1.03678E+16,5.21713E+16
11512,3,2,57,4,2018,2,21,7,3,1,7,2,0,1,0,0,0,0,0,5.19337E+20,5.80473E+21,9.28416E+15,5.23925E+16
11513,3,3,55,22,2018,2,6,3,2,8,1,1,1,1,0,0,0,0,2,6.0032E+20,5.89915E+21,1.0503E+16,5.32321E+16
11514,3,1,2,0,2018,3,13,1,2,2,7,0,0,1,0,0,0,0,0,5.91361E+20,5.7776E+21,1.03351E+16,5.21414E+16
11515,3,3,51,6,2018,2,19,1,3,4,2,2,1,1,0,0,0,0,0,5.69705E+20,5.82917E+21,1.00294E+16,5.2608E+16
11516,3,4,54,32,2018,2,9,4,3,2,6,0,0,1,0,0,1,0,1,3.88713E+20,5.81952E+21,7.36002E+15,5.25144E+16
11517,3,1,58,17,2018,3,11,4,3,9,1,0,0,1,0,0,0,0,0,6.18478E+20,5.76992E+21,1.07285E+16,5.20672E+16
11518,3,4,54,2,2018,2,18,4,3,5,2,2,0,1,0,0,0,0,0,3.9157E+20,5.82806E+21,7.39931E+15,5.25918E+16
11519,3,4,56,2,2018,2,13,2,3,5,6,0,1,1,0,0,0,0,0,3.54656E+20,5.83093E+21,6.85347E+15,5.26089E+16
11520,3,3,53,32,2018,3,6,6,3,1,5,1,0,1,0,0,0,0,0,5.74578E+20,5.91507E+21,1.01212E+16,5.33794E+16
11521,3,4,54,36,2018,2,6,4,3,6,4,1,0,0,1,0,0,1,0,3.96852E+20,5.8141E+21,7.48159E+15,5.24673E+16
11522,3,2,41,1,2018,3,6,3,3,2,6,2,0,1,0,0,1,0,1,5.52547E+20,5.79857E+21,9.7712E+15,5.23349E+16
11523,3,4,53,2,2018,2,8,4,3,4,6,0,0,1,0,0,0,0,2,4.34991E+20,5.87296E+21,8.03125E+15,5.30022E+16
11524,3,4,57,13,2018,3,12,2,3,2,2,0,0,1,0,0,0,0,0,3.98682E+20,5.89687E+21,7.4828E+15,5.32115E+16
11525,3,3,61,5,2018,2,9,4,3,5,3,0,0,1,0,0,0,0,0,5.22888E+20,5.86056E+21,9.34021E+15,5.28942E+16
11526,3,1,2,0,2018,2,20,2,3,8,7,2,0,1,0,0,0,0,1,5.92024E+20,5.77574E+21,1.03442E+16,5.21245E+16
11527,3,3,58,2,2018,3,3,5,1,8,1,2,0,0,0,0,0,1,0,5.65217E+20,5.88338E+21,9.97396E+15,5.30959E+16
11528,3,2,54,21,2018,2,19,7,2,5,3,2,0,1,0,0,0,0,0,5.68274E+20,5.77946E+21,9.99812E+15,5.21614E+16
11529,3,4,4,0,2018,2,6,2,3,2,6,2,0,1,0,0,0,0,0,4.38142E+20,5.78996E+21,8.09374E+15,5.22566E+16
11530,3,4,51,5,2018,3,19,6,3,5,2,2,0,1,0,0,0,1,0,4.44753E+20,5.90274E+21,8.17157E+15,5.3271E+16
11531,3,2,51,37,2018,2,18,4,3,2,6,1,0,1,0,0,0,0,0,4.86364E+20,5.87481E+21,8.7967E+15,5.30227E+16
11532,3,4,61,2,2018,3,7,3,3,8,1,0,0,1,0,0,0,0,2,4.63726E+20,5.91366E+21,8.4548E+15,5.33708E+16
11533,3,4,52,12,2018,2,6,4,2,2,6,0,0,1,0,0,0,0,0,3.92423E+20,5.9139E+21,7.38335E+15,5.33633E+16
11534,3,1,51,9,2018,3,12,3,3,2,6,0,0,1,0,0,0,0,0,6.04555E+20,5.81172E+21,1.05384E+16,5.24456E+16
11535,3,4,61,7,2018,2,17,4,2,4,2,0,0,1,0,1,0,0,0,4.63112E+20,5.92332E+21,8.44444E+15,5.34576E+16
11536,3,2,41,11,2018,2,11,2,3,2,6,0,0,1,0,0,0,0,0,5.71435E+20,5.80319E+21,1.00494E+16,5.23744E+16
11537,3,3,53,30,2018,3,7,5,2,8,1,0,0,1,0,0,0,0,0,5.77726E+20,5.89656E+21,1.01639E+16,5.32127E+16
11538,3,2,55,12,2018,2,8,7,2,9,1,0,0,1,0,0,0,0,0,5.52692E+20,5.7482E+21,9.76554E+15,5.18821E+16
11539,3,1,59,16,2018,2,11,4,3,5,2,0,1,1,0,0,0,0,0,5.64282E+20,5.70948E+21,9.92675E+15,5.15328E+16
11540,3,2,41,4,2018,3,14,2,3,2,6,0,0,1,0,0,0,0,0,5.56313E+20,5.81566E+21,9.82934E+15,5.24882E+16
11541,3,4,58,7,2018,2,16,4,3,5,3,0,1,1,0,0,0,0,0,4.4687E+20,5.86113E+21,8.21019E+15,5.28972E+16
11542,3,4,54,35,2018,3,15,4,2,3,6,0,0,1,0,0,0,0,0,3.83055E+20,5.84543E+21,7.2675E+15,5.27461E+16
11543,3,2,52,6,2018,2,19,7,3,2,6,2,0,1,0,0,0,0,0,5.26389E+20,5.77253E+21,9.38529E+15,5.21027E+16
11544,3,2,41,15,2018,2,8,3,3,4,2,0,0,1,0,0,0,0,1,5.40107E+20,5.80537E+21,9.58945E+15,5.23971E+16
11545,3,3,61,1,2018,3,14,7,3,2,6,0,0,1,0,0,1,0,0,5.04399E+20,5.87451E+21,9.06557E+15,5.30201E+16
11546,3,3,52,60,2018,2,7,4,3,8,1,0,0,1,0,0,0,0,2,4.76503E+20,5.91202E+21,8.64696E+15,5.33568E+16
11547,3,1,51,38,2018,3,9,4,3,5,3,0,0,1,0,0,0,1,2,6.01072E+20,5.82798E+21,1.04921E+16,5.25924E+16
11548,3,3,52,62,2018,2,7,4,3,2,6,1,0,1,0,0,0,0,0,4.76288E+20,5.94158E+21,8.64149E+15,5.36225E+16
11549,3,3,52,24,2018,2,9,4,2,4,6,0,0,0,0,0,0,1,2,5.05033E+20,5.93566E+21,9.07601E+15,5.35698E+16
11550,3,3,61,6,2018,2,9,2,3,4,2,0,0,1,0,0,0,0,0,5.11727E+20,5.86977E+21,9.17464E+15,5.29774E+16
11551,3,3,51,6,2018,3,19,6,3,7,7,2,0,1,0,0,0,0,0,5.68453E+20,5.83701E+21,1.00125E+16,5.26787E+16
11552,3,3,53,40,2018,2,11,1,3,4,6,0,0,1,0,0,0,0,0,5.78967E+20,5.90653E+21,1.0185E+16,5.3302E+16
11553,3,3,53,30,2018,2,18,4,3,6,4,2,0,1,1,0,0,0,0,5.78159E+20,5.89794E+21,1.01707E+16,5.3225E+16
11554,3,2,51,36,2018,2,14,4,2,5,3,0,0,1,0,0,0,0,0,4.55433E+20,5.81229E+21,8.34408E+15,5.2459E+16
11555,3,4,55,15,2018,3,17,2,3,5,3,0,1,1,0,0,0,0,0,4.31645E+20,5.93251E+21,7.9686E+15,5.35371E+16
11556,3,3,59,10,2018,2,9,4,3,2,6,0,0,1,0,0,0,0,0,5.46845E+20,5.92564E+21,9.70585E+15,5.34777E+16
11557,3,3,54,18,2018,3,12,5,3,5,3,0,0,1,0,0,0,0,0,6.42923E+20,5.87173E+21,1.11286E+16,5.29761E+16
11558,3,4,54,20,2018,2,3,1,2,9,1,2,0,1,0,0,0,0,0,3.85391E+20,5.87221E+21,7.29267E+15,5.29872E+16
11559,3,2,41,1,2018,3,16,5,3,2,6,0,0,1,0,0,0,0,2,5.43205E+20,5.80773E+21,9.63528E+15,5.24181E+16
11560,3,2,52,6,2018,2,12,7,3,5,3,0,0,1,0,0,0,0,0,5.24971E+20,5.7727E+21,9.36459E+15,5.21042E+16
11561,3,3,61,9,2018,2,16,3,3,2,6,0,0,1,0,0,0,1,0,4.99533E+20,5.8773E+21,8.99303E+15,5.30452E+16
11562,3,2,52,6,2018,3,17,2,3,7,1,0,0,0,0,0,0,1,0,5.2625E+20,5.77249E+21,9.38325E+15,5.21023E+16
11563,3,3,57,55,2018,2,6,4,3,5,3,0,0,1,0,0,0,0,0,5.06196E+20,5.89394E+21,9.09274E+15,5.31948E+16
11564,3,4,61,4,2018,3,10,4,3,8,6,0,0,1,0,0,0,0,1,4.64598E+20,5.90267E+21,8.46914E+15,5.32721E+16
11565,3,1,54,19,2018,2,9,7,3,5,2,0,0,1,0,0,0,0,0,6.34587E+20,5.77904E+21,1.09669E+16,5.21455E+16
11566,3,1,53,12,2018,2,15,3,3,2,6,0,0,1,0,0,1,0,0,5.78627E+20,5.75554E+21,1.01439E+16,5.1945E+16
11567,3,1,55,12,2018,3,22,7,3,9,1,2,0,1,0,0,0,0,1,5.45509E+20,5.72139E+21,9.65767E+15,5.16417E+16
11568,3,3,60,30,2018,2,7,4,3,5,3,0,0,1,0,0,0,0,0,6.08744E+20,5.86456E+21,1.06174E+16,5.29197E+16
11569,3,4,2,0,2018,2,13,3,3,2,6,0,0,1,0,0,0,0,0,3.76991E+20,5.91411E+21,7.15149E+15,5.33618E+16
11570,3,2,57,3,2018,3,3,2,3,7,7,2,0,1,0,0,1,0,1,5.21259E+20,5.79004E+21,9.31148E+15,5.22603E+16
11571,3,2,41,5,2018,2,16,4,3,5,3,0,1,1,0,0,0,0,0,5.39038E+20,5.80809E+21,9.57406E+15,5.24217E+16
11572,3,4,53,7,2018,3,14,4,3,2,6,0,0,1,0,0,0,0,0,4.28913E+20,5.88237E+21,7.93861E+15,5.3086E+16
11573,3,1,58,37,2018,2,11,7,3,4,2,0,0,1,0,1,0,0,0,6.05921E+20,5.77813E+21,1.05479E+16,5.21435E+16
11574,3,2,41,19,2018,2,14,3,1,9,6,0,0,0,0,0,1,0,2,5.52684E+20,5.81898E+21,9.77643E+15,5.25183E+16
11575,3,3,58,8,2018,3,21,7,3,5,3,2,0,1,0,0,0,0,0,5.46386E+20,5.85765E+21,9.68907E+15,5.28666E+16
11576,3,2,41,16,2018,2,11,4,3,5,3,0,0,1,0,0,0,0,0,5.65843E+20,5.79658E+21,9.96592E+15,5.23156E+16
11577,3,4,59,29,2018,3,18,3,3,5,3,1,1,1,0,0,0,0,0,4.46432E+20,5.80856E+21,8.21222E+15,5.24247E+16
11578,3,2,41,8,2018,2,8,4,3,2,6,0,0,1,0,0,0,0,0,5.57684E+20,5.80894E+21,9.84838E+15,5.24276E+16
11579,3,4,61,7,2018,2,10,2,2,5,3,0,1,0,0,0,1,0,0,4.63742E+20,5.92605E+21,8.45362E+15,5.34822E+16
11580,3,2,54,21,2018,3,14,6,3,2,6,0,0,1,0,0,1,0,0,5.66083E+20,5.78179E+21,9.96655E+15,5.21826E+16
11581,3,2,41,1,2018,2,12,4,2,5,3,0,1,1,0,0,0,0,0,5.49723E+20,5.80255E+21,9.73035E+15,5.2371E+16
11582,3,2,41,19,2018,2,1,4,3,9,1,2,0,0,0,0,1,0,2,5.49636E+20,5.82986E+21,9.73314E+15,5.26164E+16
11583,3,4,5,0,2018,3,19,2,3,5,3,2,0,1,0,0,0,1,0,4.37211E+20,5.93364E+21,8.05234E+15,5.35479E+16
11584,3,2,41,1,2018,2,12,4,3,2,6,0,0,1,0,0,0,0,0,5.54808E+20,5.80925E+21,9.80613E+15,5.24307E+16
11585,3,2,41,1,2018,3,11,5,3,5,3,0,1,1,0,0,0,0,0,5.48085E+20,5.80699E+21,9.70693E+15,5.2411E+16
11586,3,3,61,4,2018,2,20,1,3,9,1,2,0,1,0,0,0,0,2,4.97817E+20,5.86472E+21,8.96752E+15,5.29321E+16
11587,3,2,41,5,2018,3,11,5,3,5,3,0,0,1,0,0,0,0,0,5.38791E+20,5.8121E+21,9.5709E+15,5.24577E+16
11588,3,1,53,7,2018,2,7,7,2,8,1,1,0,1,0,0,0,0,0,5.87742E+20,5.74615E+21,1.02741E+16,5.18592E+16
11589,3,2,51,37,2018,2,14,3,3,3,6,0,0,1,0,0,0,0,0,4.84937E+20,5.87211E+21,8.77555E+15,5.29984E+16
11590,3,1,58,39,2018,3,17,2,3,5,3,0,0,1,0,0,0,0,0,6.02996E+20,5.76444E+21,1.0501E+16,5.2021E+16
11591,3,2,41,1,2018,2,10,4,3,2,6,0,0,1,0,0,0,0,0,5.54968E+20,5.79874E+21,9.80675E+15,5.23362E+16
11592,3,3,55,8,2018,3,6,4,2,9,1,1,0,1,0,0,0,0,2,5.87142E+20,5.89136E+21,1.03035E+16,5.31645E+16
11593,3,1,55,10,2018,2,12,3,3,2,6,0,0,1,0,0,0,0,1,5.63327E+20,5.7234E+21,9.9155E+15,5.1658E+16
11594,3,1,51,9,2018,3,17,7,2,4,1,0,0,1,0,0,0,0,0,6.0112E+20,5.81591E+21,1.04891E+16,5.2484E+16
11595,3,2,41,1,2018,2,6,4,2,4,6,2,0,1,0,0,0,0,0,5.57114E+20,5.80085E+21,9.83861E+15,5.2355E+16
11596,3,4,52,25,2018,3,15,3,3,2,6,0,0,1,0,0,0,0,0,4.15441E+20,5.91859E+21,7.7279E+15,5.34096E+16
11597,3,2,56,6,2018,2,17,4,3,4,2,0,0,1,0,0,0,0,0,5.10075E+20,5.82705E+21,9.14873E+15,5.25934E+16
11598,3,3,57,56,2018,2,10,2,3,8,1,0,0,1,0,0,0,0,1,5.33554E+20,5.91204E+21,9.50415E+15,5.33565E+16
11599,3,4,54,54,2018,3,7,5,3,9,1,0,0,1,0,0,0,0,0,3.73059E+20,5.84148E+21,7.12103E+15,5.27083E+16
11600,3,4,54,35,2018,3,16,3,3,5,3,0,0,1,0,0,0,0,0,3.82849E+20,5.8393E+21,7.26664E+15,5.26909E+16
11601,3,2,56,3,2018,2,8,4,2,2,2,0,0,1,0,0,1,0,1,5.09046E+20,5.84859E+21,9.13414E+15,5.2787E+16
11602,3,3,53,31,2018,2,8,2,3,9,7,0,0,1,0,0,0,1,2,5.63661E+20,5.91571E+21,9.95718E+15,5.33867E+16
11603,3,1,51,16,2018,3,15,6,3,2,6,0,0,1,0,0,0,0,0,6.04361E+20,5.80472E+21,1.05333E+16,5.23828E+16
11604,3,1,58,37,2018,2,7,4,3,5,3,1,1,1,0,0,0,0,0,6.0372E+20,5.78005E+21,1.05163E+16,5.21612E+16
11605,3,3,51,4,2018,2,9,4,3,1,1,0,0,1,0,0,0,0,2,5.7002E+20,5.84675E+21,1.00378E+16,5.27661E+16
11606,3,4,58,8,2018,3,8,2,2,2,6,0,0,1,0,0,1,0,1,4.7657E+20,5.87128E+21,8.65094E+15,5.29906E+16
11607,3,4,59,27,2018,2,16,3,3,4,2,0,0,1,0,0,0,0,0,4.21834E+20,5.80988E+21,7.85024E+15,5.24335E+16
11608,3,1,59,10,2018,3,13,5,2,4,1,0,0,1,0,0,0,0,0,5.83651E+20,5.70725E+21,1.02054E+16,5.15102E+16
11609,3,3,53,31,2018,2,14,1,3,3,6,0,0,1,0,0,0,0,2,5.69282E+20,5.91011E+21,1.00405E+16,5.33356E+16
11610,3,2,52,6,2018,3,20,5,3,2,6,2,0,1,0,0,0,0,0,5.24213E+20,5.77293E+21,9.35353E+15,5.21064E+16
11611,3,4,59,20,2018,2,17,6,3,2,2,0,0,1,0,0,0,0,0,4.26438E+20,5.78466E+21,7.92346E+15,5.22075E+16
11612,3,3,57,7,2018,2,9,3,3,5,3,0,0,1,0,0,0,1,1,5.0557E+20,5.90436E+21,9.08356E+15,5.32884E+16
11613,3,3,56,5,2018,3,18,1,3,0,6,1,0,1,0,0,0,1,0,4.91902E+20,5.89229E+21,8.87883E+15,5.31799E+16
11614,3,4,59,2,2018,2,7,3,3,8,1,1,0,1,0,0,0,0,2,4.2568E+20,5.82143E+21,7.90422E+15,5.25379E+16
11615,3,2,41,1,2018,3,12,4,3,8,1,0,0,0,0,0,0,1,0,5.56877E+20,5.80694E+21,9.83616E+15,5.24098E+16
11616,3,4,4,0,2018,2,16,7,3,6,3,0,0,1,1,0,0,0,0,4.36538E+20,5.79064E+21,8.07012E+15,5.22625E+16
11617,3,1,51,17,2018,2,15,3,2,4,1,0,0,1,0,0,0,0,2,5.91695E+20,5.81802E+21,1.03509E+16,5.25046E+16
11618,3,4,56,15,2018,3,20,6,3,5,3,2,0,1,0,0,0,0,0,3.70621E+20,5.81437E+21,7.09556E+15,5.24641E+16
11619,3,4,4,0,2018,2,9,3,3,2,6,0,0,1,0,0,1,0,0,4.30272E+20,5.78881E+21,7.9787E+15,5.22453E+16
11620,3,3,61,6,2018,3,15,3,3,5,3,0,1,1,0,0,0,0,0,5.11727E+20,5.86977E+21,9.17464E+15,5.29774E+16
11621,3,1,54,14,2018,3,5,5,3,8,1,2,0,1,0,0,1,0,0,6.16012E+20,5.79667E+21,1.07017E+16,5.23081E+16
11622,3,1,58,27,2018,3,8,3,2,9,1,0,0,1,0,0,0,0,2,6.19945E+20,5.77918E+21,1.07531E+16,5.21501E+16
11623,3,4,4,0,2018,2,5,3,3,5,2,2,1,1,0,0,0,0,0,4.3426E+20,5.79401E+21,8.03608E+15,5.22925E+16
11624,3,2,41,1,2018,2,14,2,3,2,6,0,0,1,0,0,0,0,0,5.4869E+20,5.80553E+21,9.71561E+15,5.23979E+16
11625,3,4,51,4,2018,3,16,5,2,2,6,0,0,1,0,0,0,1,0,4.33144E+20,5.88231E+21,8.00179E+15,5.30861E+16
11626,3,4,59,13,2018,2,7,6,3,4,1,1,0,1,0,0,1,0,2,4.52882E+20,5.80136E+21,8.30809E+15,5.23605E+16
11627,3,2,56,25,2018,2,17,4,3,9,1,0,0,1,0,0,0,0,2,5.16693E+20,5.81174E+21,9.24566E+15,5.24556E+16
11628,3,3,60,1,2018,3,9,2,3,5,3,0,0,1,0,0,0,0,1,6.09319E+20,5.88874E+21,1.06342E+16,5.31369E+16
11629,3,4,54,8,2018,2,8,3,3,5,3,0,0,1,0,0,0,0,0,3.88892E+20,5.86932E+21,7.34579E+15,5.29619E+16
11630,3,4,59,19,2018,3,7,4,3,5,3,0,1,1,0,0,0,0,0,4.33876E+20,5.78621E+21,8.03199E+15,5.22224E+16
11631,3,4,59,29,2018,2,16,6,3,5,3,0,0,1,0,0,0,0,0,4.46432E+20,5.80855E+21,8.21222E+15,5.24246E+16
11632,3,3,51,23,2018,2,22,3,3,9,1,2,0,1,0,0,0,0,2,5.51882E+20,5.83463E+21,9.76707E+15,5.26592E+16
11633,3,4,4,0,2018,3,14,7,3,2,6,0,0,1,0,0,0,0,0,4.36285E+20,5.79272E+21,8.06602E+15,5.22812E+16
11634,3,4,54,32,2018,2,11,3,3,5,3,0,0,1,0,0,0,0,0,3.89346E+20,5.81243E+21,7.3717E+15,5.24508E+16