OBJECTID_1,ULAND,UREGBEZ,UKREIS,UGEMEINDE,UJAHR,UMONAT,USTUNDE,UWOCHENTAG,UKATEGORIE,UART,UTYP1,ULICHTVERH,IstRad,IstPKW,IstFuss,IstKrad,IstGkfz,IstSonstig,STRZUSTAND,LINREFX,LINREFY,XGCSWGS84,YGCSWGS84
11635,3,1,2,0,2018,3,13,4,3,2,6,0,0,1,0,0,0,0,0,5.93577E+20,5.77378E+21,1.03664E+16,5.21066E+16
11636,3,2,41,19,2018,2,14,4,3,9,1,0,0,1,0,0,0,0,2,5.48896E+20,5.82528E+21,9.72154E+15,5.25754E+16
11637,3,3,52,11,2018,3,13,2,3,9,7,0,0,1,0,0,0,0,0,4.78268E+20,5.96445E+21,8.66982E+15,5.38282E+16
11638,3,4,54,29,2018,2,20,3,3,4,6,2,0,1,0,0,0,1,0,3.87511E+20,5.85809E+21,7.32913E+15,5.28608E+16
11639,3,1,53,17,2018,3,19,5,2,4,2,2,0,1,0,0,0,0,1,5.97017E+20,5.75334E+21,1.04108E+16,5.19223E+16
11640,3,3,57,18,2018,2,8,3,3,8,1,0,0,1,0,0,0,0,2,5.19006E+20,5.89379E+21,9.28448E+15,5.31931E+16
11641,3,2,41,1,2018,3,21,1,3,0,7,2,1,0,0,0,0,0,0,5.49226E+20,5.80334E+21,9.72316E+15,5.23781E+16
11642,3,4,5,0,2018,2,14,3,2,2,2,0,0,1,0,0,1,0,0,4.41631E+20,5.93634E+21,8.11854E+15,5.35727E+16
11643,3,2,54,44,2018,3,18,4,2,8,1,1,0,0,0,1,0,0,0,5.6931E+20,5.76223E+21,1.00098E+16,5.20064E+16
11644,3,3,61,1,2018,2,9,3,3,4,2,0,0,1,1,0,0,0,0,5.08131E+20,5.87626E+21,9.12126E+15,5.30358E+16
11645,3,4,4,0,2018,2,9,2,3,2,6,0,0,1,0,0,0,0,0,4.35953E+20,5.78952E+21,8.06177E+15,5.22523E+16
11646,3,4,51,2,2018,3,8,6,3,5,3,0,0,1,0,1,0,0,0,4.34223E+20,5.89305E+21,8.0157E+15,5.31827E+16
11647,3,4,55,27,2018,2,11,3,3,2,6,0,0,1,0,0,1,0,0,4.35634E+20,5.92189E+21,8.03095E+15,5.34421E+16
11648,3,3,59,10,2018,3,12,3,3,2,6,0,0,1,0,0,1,0,0,5.49159E+20,5.92288E+21,9.74028E+15,5.34527E+16
11649,3,4,62,5,2018,2,14,4,2,4,7,0,0,1,0,0,1,0,0,4.23337E+20,5.92277E+21,7.84564E+15,5.34484E+16
11650,3,4,59,19,2018,3,5,2,3,3,2,2,1,1,0,0,0,0,0,4.32648E+20,5.78689E+21,8.01387E+15,5.22283E+16
11651,3,4,61,7,2018,2,5,3,2,5,2,2,1,1,0,0,0,0,0,4.68593E+20,5.93088E+21,8.52623E+15,5.35259E+16
11652,3,2,57,22,2018,2,13,2,3,1,7,0,0,0,0,0,1,0,0,5.06638E+20,5.78657E+21,9.09718E+15,5.22295E+16
11653,3,3,53,38,2018,3,3,5,3,8,7,2,0,0,0,0,1,0,2,5.53664E+20,5.89856E+21,9.80399E+15,5.32336E+16
11654,3,1,3,0,2018,2,7,4,3,2,6,0,0,1,0,0,0,0,1,6.18288E+20,5.80951E+21,1.07396E+16,5.2423E+16
11655,3,2,41,1,2018,3,17,2,3,5,3,0,1,1,0,0,0,0,1,5.54403E+20,5.80673E+21,9.79977E+15,5.24081E+16
11656,3,4,61,2,2018,2,13,3,3,2,6,0,0,1,0,0,0,0,0,4.63984E+20,5.90887E+21,8.45923E+15,5.33277E+16
11657,3,4,62,15,2018,3,17,4,3,5,3,0,0,1,0,0,0,0,0,4.10592E+20,5.94636E+21,7.64703E+15,5.36584E+16
11658,3,2,41,18,2018,2,17,3,3,8,1,1,0,1,0,0,0,0,2,5.75424E+20,5.80982E+21,1.01094E+16,5.24334E+16
11659,3,2,51,37,2018,3,13,7,3,2,6,0,0,1,0,0,0,0,0,4.85702E+20,5.87467E+21,8.78684E+15,5.30214E+16
11660,3,3,52,59,2018,2,14,3,3,2,6,0,0,1,0,0,0,0,0,4.87053E+20,5.91998E+21,8.80514E+15,5.34287E+16
11661,3,1,2,0,2018,3,21,4,2,8,1,2,0,1,0,0,0,0,1,5.92953E+20,5.77853E+21,1.03586E+16,5.21494E+16
11662,3,3,53,41,2018,2,16,3,3,9,1,0,0,1,0,0,0,0,0,5.42095E+20,5.90038E+21,9.63091E+15,5.32511E+16
11663,3,3,61,12,2018,2,14,2,3,2,6,0,0,1,0,0,0,1,0,5.15716E+20,5.86279E+21,9.23372E+15,5.29145E+16
11664,3,2,41,3,2018,3,14,6,3,5,3,0,0,1,0,0,0,1,0,5.67668E+20,5.81213E+21,9.99584E+15,5.24552E+16
11665,3,3,57,21,2018,2,11,3,3,5,3,0,0,1,0,0,0,0,0,5.19208E+20,5.91056E+21,9.28852E+15,5.33439E+16
11666,3,4,61,4,2018,2,21,4,3,2,6,2,0,1,0,0,0,0,0,4.63343E+20,5.89769E+21,8.45088E+15,5.32272E+16
11667,3,3,56,8,2018,3,15,2,3,3,6,0,0,1,0,0,0,0,0,4.80896E+20,5.89234E+21,8.71415E+15,5.31801E+16
11668,3,3,57,8,2018,2,22,3,3,8,1,2,0,0,0,1,0,0,0,5.06723E+20,5.92173E+21,9.10123E+15,5.34446E+16
11669,3,2,41,1,2018,2,16,3,3,2,6,0,0,1,0,0,0,0,0,5.47499E+20,5.80313E+21,9.69776E+15,5.23763E+16
11670,3,2,41,1,2018,2,16,3,3,2,6,0,0,1,0,0,0,0,0,5.50003E+20,5.80661E+21,9.73507E+15,5.24074E+16
11671,3,4,52,25,2018,2,3,2,3,9,1,2,0,1,0,0,0,0,2,4.13912E+20,5.92018E+21,7.70447E+15,5.34236E+16
11672,3,3,58,8,2018,3,13,6,3,2,6,0,0,1,0,0,0,0,0,5.53305E+20,5.8623E+21,9.7926E+15,5.29078E+16
11673,3,1,59,2,2018,2,7,3,3,8,7,0,0,1,0,0,0,0,1,5.81525E+20,5.73589E+21,1.01815E+16,5.1768E+16
11674,3,2,41,16,2018,3,9,3,3,2,6,0,0,1,0,0,0,0,0,5.65036E+20,5.79726E+21,9.95421E+15,5.23218E+16
11675,3,4,51,4,2018,2,6,4,3,8,1,1,0,1,0,0,0,0,2,4.34508E+20,5.8826E+21,8.02209E+15,5.30889E+16
11676,3,4,54,35,2018,3,16,2,3,5,2,0,0,1,0,1,0,0,0,3.83236E+20,5.83937E+21,7.27234E+15,5.26917E+16
11677,3,1,55,10,2018,2,13,3,3,2,6,0,0,1,0,0,0,0,0,5.64375E+20,5.71853E+21,9.92976E+15,5.16141E+16
11678,3,3,57,19,2018,3,6,5,3,8,1,2,0,1,0,0,0,0,1,5.29919E+20,5.9009E+21,9.44848E+15,5.32566E+16
11679,3,1,51,11,2018,2,10,2,2,5,2,0,1,1,0,0,0,0,1,6.08315E+20,5.84364E+21,1.06041E+16,5.27318E+16
11680,3,3,57,39,2018,3,15,5,3,5,2,0,1,1,0,0,0,0,0,5.266E+20,5.88384E+21,9.39732E+15,5.31033E+16
11681,3,4,53,10,2018,2,15,3,3,4,2,0,0,1,0,0,0,0,1,4.14116E+20,5.85589E+21,7.72476E+15,5.28459E+16
11682,3,2,54,44,2018,3,13,2,2,2,6,0,1,1,0,0,0,0,0,5.67837E+20,5.75599E+21,9.98707E+15,5.19505E+16
11683,3,2,56,25,2018,2,5,3,3,5,2,2,0,1,0,0,0,0,0,5.15538E+20,5.8148E+21,9.22881E+15,5.24831E+16
11684,3,4,51,7,2018,3,16,4,3,7,7,0,0,1,1,0,0,0,0,4.25661E+20,5.8999E+21,7.88599E+15,5.32431E+16
11685,3,2,54,26,2018,2,16,3,3,2,6,0,0,1,0,0,0,0,2,5.52494E+20,5.77767E+21,9.76717E+15,5.21471E+16
11686,3,3,57,51,2018,3,10,7,3,5,2,0,0,1,0,0,0,0,0,5.39157E+20,5.87003E+21,9.58319E+15,5.29785E+16
11687,3,2,57,35,2018,2,17,3,3,4,2,0,0,1,0,0,0,0,0,5.18366E+20,5.79638E+21,9.26944E+15,5.23175E+16
11688,3,4,57,13,2018,3,13,3,3,5,3,0,1,1,0,0,0,0,0,3.94594E+20,5.89774E+21,7.42133E+15,5.32185E+16
11689,3,2,56,27,2018,2,14,3,3,9,1,0,0,1,0,0,0,0,0,5.16091E+20,5.83888E+21,9.23812E+15,5.26996E+16
11690,3,4,58,14,2018,2,19,2,3,5,3,2,1,1,0,0,0,0,0,4.60566E+20,5.86077E+21,8.41381E+15,5.28952E+16
11691,3,1,3,0,2018,3,16,6,3,2,6,0,0,1,0,0,0,0,0,6.25615E+20,5.81089E+21,1.08478E+16,5.24337E+16
11692,3,2,55,34,2018,2,14,3,3,5,3,0,0,1,0,0,0,1,0,5.45739E+20,5.74772E+21,9.66446E+15,5.18784E+16
11693,3,3,57,57,2018,2,15,4,3,9,1,0,0,1,0,0,0,0,0,5.21266E+20,5.90512E+21,9.31906E+15,5.32949E+16
11694,3,2,51,41,2018,3,12,2,3,0,3,0,0,1,0,0,0,1,0,4.9379E+20,5.86036E+21,8.90769E+15,5.28928E+16
11695,3,2,55,8,2018,2,5,3,2,8,1,2,0,1,0,0,0,0,0,5.57674E+20,5.75246E+21,9.83862E+15,5.19198E+16
11696,3,2,41,1,2018,3,19,5,3,6,7,2,0,0,1,0,0,1,1,5.5002E+20,5.80614E+21,9.73525E+15,5.24032E+16
11697,3,2,51,37,2018,2,19,1,3,2,6,2,0,1,0,0,0,0,1,4.7954E+20,5.87283E+21,8.6951E+15,5.30046E+16
11698,3,2,41,1,2018,3,14,5,3,2,6,0,0,1,0,0,0,0,0,5.47406E+20,5.8035E+21,9.69645E+15,5.23797E+16
11699,3,3,59,34,2018,2,16,1,2,9,1,1,0,1,0,0,0,0,2,5.39125E+20,5.92807E+21,9.58984E+15,5.35001E+16
11700,3,3,56,8,2018,2,12,3,1,2,6,0,0,1,0,0,0,1,0,4.80241E+20,5.8931E+21,8.70429E+15,5.31869E+16
11701,3,1,57,2,2018,3,8,2,3,5,5,0,0,1,0,0,0,0,1,5.72415E+20,5.79019E+21,1.00609E+16,5.22573E+16
11702,3,2,52,5,2018,2,21,3,3,9,1,2,0,1,0,0,0,0,0,5.25444E+20,5.76071E+21,9.3706E+15,5.19964E+16
11703,3,2,41,5,2018,3,10,4,3,0,2,0,0,1,0,0,1,0,0,5.361E+20,5.8106E+21,9.53112E+15,5.24444E+16
11704,3,3,55,4,2018,3,7,5,3,5,3,0,0,1,0,1,0,0,1,5.91273E+20,5.90532E+21,1.03693E+16,5.32893E+16
11705,3,4,54,10,2018,2,16,1,3,5,3,0,0,1,0,0,0,0,0,3.81741E+20,5.80285E+21,7.26322E+15,5.23632E+16
11706,3,2,41,1,2018,3,9,5,3,0,3,0,1,1,0,0,0,0,2,5.48136E+20,5.80806E+21,9.70783E+15,5.24206E+16
11707,3,4,51,8,2018,2,16,3,3,2,6,0,0,1,0,0,0,0,0,4.40205E+20,5.89372E+21,8.10507E+15,5.31894E+16
11708,3,1,59,11,2018,3,12,2,2,5,3,0,0,1,0,0,0,1,0,5.7787E+20,5.71418E+21,1.01237E+16,5.15733E+16
11709,3,2,52,6,2018,2,15,3,3,5,3,0,0,1,0,0,0,0,0,5.27356E+20,5.77751E+21,9.3998E+15,5.21474E+16
11710,3,3,53,31,2018,3,19,4,3,6,2,2,0,1,1,0,0,0,1,5.67865E+20,5.91941E+21,1.00212E+16,5.34194E+16
11711,3,2,52,6,2018,2,21,3,3,1,5,2,0,1,0,0,0,0,1,5.23434E+20,5.77468E+21,9.34228E+15,5.21222E+16
11712,3,2,54,44,2018,3,15,7,3,2,6,0,0,1,0,0,0,0,0,5.6868E+20,5.75648E+21,9.99944E+15,5.19548E+16
11713,3,1,59,17,2018,2,19,3,3,1,5,2,0,1,0,0,0,0,0,5.46155E+20,5.69457E+21,9.66349E+15,5.14005E+16
11714,3,4,62,5,2018,3,19,3,3,0,1,2,1,0,0,0,0,0,0,4.22802E+20,5.92387E+21,7.83732E+15,5.34582E+16
11715,3,1,59,16,2018,2,11,3,3,4,2,0,0,1,0,0,0,0,0,5.63341E+20,5.70973E+21,9.91324E+15,5.15351E+16
11716,3,3,59,10,2018,2,13,2,3,5,3,0,1,1,0,0,0,0,0,5.43443E+20,5.9233E+21,9.65427E+15,5.3457E+16
11717,3,4,59,13,2018,3,13,5,3,5,3,0,1,1,0,0,0,0,0,4.53383E+20,5.80252E+21,8.31528E+15,5.2371E+16
11718,3,1,59,7,2018,2,8,3,3,2,6,0,0,1,0,0,0,0,0,5.57985E+20,5.71545E+21,9.83698E+15,5.15872E+16
11719,3,2,41,1,2018,2,14,4,3,5,2,0,1,1,0,0,0,0,2,5.49754E+20,5.80383E+21,9.73099E+15,5.23825E+16
11720,3,4,61,1,2018,3,16,2,3,2,6,0,0,1,0,0,0,0,0,4.6635E+20,5.8917E+21,8.49656E+15,5.31736E+16
11721,3,1,58,30,2018,2,14,3,3,2,2,0,0,1,0,0,0,0,0,6.12411E+20,5.7864E+21,1.06454E+16,5.22166E+16
11722,3,1,58,30,2018,3,13,5,2,8,1,0,0,1,0,0,0,0,0,6.10494E+20,5.78733E+21,1.06177E+16,5.22253E+16
11723,3,3,57,41,2018,2,17,3,3,2,6,0,0,1,0,0,0,0,0,5.32246E+20,5.89113E+21,9.48237E+15,5.31685E+16
11724,3,2,51,43,2018,3,4,1,1,8,1,2,0,1,0,0,0,0,0,4.8142E+20,5.82964E+21,8.72557E+15,5.26164E+16
11725,3,1,58,6,2018,2,10,3,3,5,3,0,0,1,0,0,0,0,0,6.13517E+20,5.78986E+21,1.06628E+16,5.22474E+16
11726,3,2,57,9,2018,3,17,4,3,2,6,0,0,1,0,0,0,0,0,5.04693E+20,5.79075E+21,9.06877E+15,5.22671E+16
11727,3,1,58,6,2018,2,10,3,3,5,3,0,0,1,0,0,0,0,1,6.17509E+20,5.79538E+21,1.07232E+16,5.22962E+16
11728,3,4,57,21,2018,2,16,7,3,9,6,0,0,1,0,0,0,0,0,3.89644E+20,5.88514E+21,7.35156E+15,5.31043E+16
11729,3,1,51,4,2018,2,16,3,3,8,1,0,0,1,0,0,0,0,2,6.17091E+20,5.82172E+21,1.07263E+16,5.2533E+16
11730,3,3,56,8,2018,3,19,6,3,6,2,2,0,1,1,0,0,0,0,4.80452E+20,5.89312E+21,8.70745E+15,5.3187E+16
11731,3,1,57,6,2018,2,14,3,3,2,6,0,0,1,0,0,0,0,0,5.84345E+20,5.79923E+21,1.0238E+16,5.23369E+16
11732,3,4,3,0,2018,3,20,3,3,2,2,2,0,1,0,0,0,0,0,4.47451E+20,5.88852E+21,8.21436E+15,5.31435E+16
11733,3,4,57,14,2018,2,8,4,3,2,6,0,0,1,0,0,0,0,0,3.96702E+20,5.90784E+21,7.4496E+15,5.33096E+16
11734,3,1,51,11,2018,3,8,3,2,8,1,0,0,1,0,0,0,0,2,6.07663E+20,5.84187E+21,1.05939E+16,5.2716E+16
11735,3,2,41,10,2018,3,9,4,3,5,2,0,1,1,0,0,0,0,0,5.50402E+20,5.81247E+21,9.74182E+15,5.246E+16
11736,3,4,53,5,2018,3,15,2,2,5,3,0,0,1,0,0,1,0,0,4.478E+20,5.85582E+21,8.22487E+15,5.28496E+16
11737,3,3,59,10,2018,3,18,5,2,5,2,2,0,1,0,0,0,0,0,5.48617E+20,5.92306E+21,9.73214E+15,5.34543E+16
11738,3,4,51,4,2018,3,15,6,3,8,7,0,0,1,0,0,0,0,0,4.35115E+20,5.88605E+21,8.03045E+15,5.31199E+16
11739,3,2,51,37,2018,3,18,2,3,2,6,2,0,1,0,0,0,0,0,4.8636E+20,5.87481E+21,8.79664E+15,5.30226E+16
11740,3,3,52,29,2018,3,4,1,3,5,3,2,0,1,0,0,0,0,0,5.06356E+20,5.94306E+21,9.09613E+15,5.36363E+16
11741,3,4,58,14,2018,3,11,2,1,5,3,0,1,1,0,0,0,0,1,4.61771E+20,5.86051E+21,8.43175E+15,5.28929E+16
11742,3,1,59,16,2018,3,8,4,3,2,6,0,0,1,0,0,0,0,0,5.60206E+20,5.70823E+21,9.86778E+15,5.15219E+16
11743,3,3,59,22,2018,3,8,4,2,5,3,0,0,1,0,0,0,0,0,5.24486E+20,5.93835E+21,9.36996E+15,5.35934E+16
11744,3,4,53,6,2018,3,22,5,2,2,2,2,0,1,0,0,1,0,1,4.30952E+20,5.84184E+21,7.97767E+15,5.27221E+16
11745,3,4,58,14,2018,3,16,2,2,5,2,0,0,1,0,0,0,0,0,4.61587E+20,5.86164E+21,8.42889E+15,5.2903E+16
11746,3,2,54,17,2018,3,20,7,3,8,1,2,0,1,0,0,0,0,2,5.60979E+20,5.78611E+21,9.89268E+15,5.22221E+16
11747,3,3,55,1,2018,3,15,6,3,2,6,0,0,1,0,0,0,0,0,5.95099E+20,5.90611E+21,1.04269E+16,5.32957E+16
11748,3,3,58,22,2018,3,16,3,3,5,3,0,1,1,0,0,0,0,0,5.41292E+20,5.85692E+21,9.61331E+15,5.28604E+16
11749,3,4,3,0,2018,3,17,3,3,9,1,0,0,1,0,0,0,0,1,4.45977E+20,5.89201E+21,8.19173E+15,5.31747E+16
11750,3,4,57,13,2018,3,7,4,3,2,6,1,0,1,0,0,0,0,0,4.01592E+20,5.90111E+21,7.52506E+15,5.32501E+16
11751,3,4,58,14,2018,3,5,2,3,6,2,2,0,1,1,0,0,0,0,4.60801E+20,5.86012E+21,8.41739E+15,5.28893E+16
11752,3,1,51,25,2018,3,19,6,3,8,1,2,0,1,0,0,0,0,2,6.09134E+20,5.81831E+21,1.06079E+16,5.2504E+16
11753,3,4,51,8,2018,3,14,2,3,5,3,0,0,1,0,0,0,0,0,4.38287E+20,5.90491E+21,8.0742E+15,5.32898E+16
11754,3,2,41,9,2018,3,19,2,3,2,6,2,0,1,0,0,0,0,0,5.55852E+20,5.7959E+21,9.81926E+15,5.23106E+16
11755,3,4,1,0,2018,3,14,2,3,2,2,0,0,1,0,0,0,0,0,4.72571E+20,5.87669E+21,8.59091E+15,5.30391E+16
11756,3,2,55,12,2018,3,13,5,2,8,1,0,0,1,0,0,0,0,0,5.53466E+20,5.74796E+21,9.77674E+15,5.18799E+16
11757,3,3,57,8,2018,3,11,6,3,6,4,0,0,1,1,0,0,0,0,5.0974E+20,5.92645E+21,9.14679E+15,5.34869E+16
11758,3,3,52,63,2018,3,8,2,3,8,6,0,0,1,0,0,0,1,1,5.03471E+20,5.96036E+21,9.05269E+15,5.37918E+16
11759,3,1,51,3,2018,3,7,1,2,9,1,0,0,1,0,0,0,0,0,6.24766E+20,5.82253E+21,1.08397E+16,5.25386E+16
11760,3,3,53,26,2018,3,15,2,3,8,1,0,0,0,0,0,1,0,1,5.53362E+20,5.92111E+21,9.80327E+15,5.34364E+16
11761,3,4,4,0,2018,3,14,3,3,8,6,0,0,1,0,0,0,0,0,4.35106E+20,5.79247E+21,8.04878E+15,5.22788E+16
11762,3,2,56,36,2018,3,3,4,2,9,1,2,0,1,0,0,0,0,1,5.04502E+20,5.84045E+21,9.06664E+15,5.27139E+16
11763,3,3,57,8,2018,3,9,5,3,5,3,0,0,1,0,0,0,0,1,5.08929E+20,5.9274E+21,9.1346E+15,5.34955E+16
11764,3,3,53,12,2018,3,16,2,1,8,1,0,0,1,0,0,0,0,1,5.77353E+20,5.90489E+21,1.01604E+16,5.32876E+16
11765,3,1,54,14,2018,3,12,7,2,4,1,0,0,1,0,0,0,0,2,6.14928E+20,5.80079E+21,1.06872E+16,5.23453E+16
11766,3,2,57,23,2018,3,20,6,3,2,2,2,0,1,0,0,0,0,2,5.11205E+20,5.79887E+21,9.16447E+15,5.234E+16
11767,3,2,57,23,2018,3,13,3,3,5,3,0,0,1,0,0,0,0,0,5.09855E+20,5.79913E+21,9.14466E+15,5.23424E+16
11768,3,4,58,5,2018,3,18,4,3,9,1,1,0,1,0,0,0,0,1,4.62738E+20,5.87727E+21,8.4442E+15,5.30436E+16
11769,3,3,53,4,2018,3,6,2,3,5,2,0,0,1,0,0,0,0,1,5.71893E+20,5.90738E+21,1.0079E+16,5.33108E+16
11770,3,1,51,40,2018,3,20,4,3,1,5,2,0,1,0,0,0,0,0,6.25955E+20,5.83489E+21,1.08619E+16,5.26493E+16
11771,3,2,41,1,2018,3,19,4,3,5,3,2,0,1,0,0,0,0,0,5.5323E+20,5.80853E+21,9.7828E+15,5.24244E+16
11772,3,2,51,37,2018,3,14,5,3,2,6,0,0,1,0,0,0,1,1,4.83177E+20,5.87188E+21,8.74934E+15,5.29963E+16
11773,3,3,59,27,2018,3,7,2,3,8,1,1,0,1,0,0,0,0,1,5.35878E+20,5.92827E+21,9.54091E+15,5.35022E+16
11774,3,2,54,22,2018,3,2,7,2,9,1,2,0,1,0,0,1,1,2,5.78785E+20,5.7729E+21,1.01502E+16,5.21011E+16
11775,3,2,41,2,2018,3,12,6,3,2,6,0,0,1,0,0,0,0,1,5.27672E+20,5.79828E+21,9.40611E+15,5.23342E+16
11776,3,2,41,3,2018,3,15,3,3,2,2,0,0,1,0,0,0,0,0,5.65885E+20,5.81375E+21,9.96991E+15,5.24699E+16
11777,3,2,41,1,2018,3,9,3,3,2,6,0,0,1,0,0,0,0,1,5.56345E+20,5.79957E+21,9.82711E+15,5.23435E+16
11778,3,4,58,7,2018,3,9,3,2,8,7,0,0,0,0,0,1,0,1,4.4403E+20,5.86334E+21,8.1676E+15,5.29168E+16
11779,3,4,52,26,2018,3,17,4,3,5,3,0,0,1,0,0,0,0,0,3.8175E+20,5.92516E+21,7.21881E+15,5.34622E+16
11780,3,1,55,11,2018,3,11,3,3,2,6,0,0,1,0,0,0,0,0,5.69826E+20,5.73021E+21,1.00108E+16,5.17185E+16
11781,3,3,58,21,2018,3,6,2,3,2,6,1,0,1,0,0,1,0,1,5.62349E+20,5.87233E+21,9.929E+15,5.29969E+16
11782,3,4,59,3,2018,3,9,5,3,4,6,0,0,1,0,0,0,0,0,4.5825E+20,5.79282E+21,8.38797E+15,5.22842E+16
11783,3,4,61,5,2018,3,7,2,2,5,3,0,0,1,0,0,0,0,0,4.5402E+20,5.91675E+21,8.30848E+15,5.33978E+16
11784,3,2,54,14,2018,3,8,2,3,2,6,0,0,1,0,0,0,1,0,5.50077E+20,5.77687E+21,9.73174E+15,5.21401E+16
11785,3,3,58,21,2018,3,8,2,3,1,7,0,1,1,0,0,0,0,1,5.56091E+20,5.87186E+21,9.83568E+15,5.29934E+16
11786,3,4,59,15,2018,3,5,4,3,4,2,2,0,1,0,0,0,0,1,4.43853E+20,5.7745E+21,8.17997E+15,5.21182E+16
11787,3,2,41,18,2018,3,23,6,3,0,7,2,0,1,0,0,0,0,0,5.7575E+20,5.81247E+21,1.01148E+16,5.24572E+16
11788,3,3,57,47,2018,3,6,2,3,8,7,1,0,1,0,0,0,0,0,5.0347E+20,5.8984E+21,9.05199E+15,5.32349E+16
11789,3,4,61,2,2018,3,15,7,3,9,1,0,0,1,0,0,0,0,0,4.63236E+20,5.91348E+21,8.44746E+15,5.33692E+16
11790,3,1,51,34,2018,3,15,7,3,8,1,0,0,1,0,0,0,0,2,6.00205E+20,5.80304E+21,1.04718E+16,5.23685E+16
11791,3,3,57,41,2018,3,5,2,2,9,7,2,0,1,0,0,0,0,0,5.30781E+20,5.88872E+21,9.46022E+15,5.3147E+16
11792,3,4,54,40,2018,3,7,3,3,9,1,0,0,1,0,0,0,0,2,3.79188E+20,5.85739E+21,7.20583E+15,5.28527E+16
11793,3,1,57,7,2018,3,13,4,2,0,3,0,0,1,0,0,0,0,0,5.97249E+20,5.79064E+21,1.04248E+16,5.22575E+16
11794,3,2,41,1,2018,3,16,5,3,6,4,0,0,0,1,0,0,1,0,5.53361E+20,5.79734E+21,9.78295E+15,5.23238E+16
11795,3,3,57,39,2018,3,14,2,2,5,2,0,1,1,0,0,0,0,1,5.27498E+20,5.88458E+21,9.41078E+15,5.31099E+16
11796,3,1,57,7,2018,3,15,7,3,8,1,0,0,1,0,0,0,0,2,5.92775E+20,5.79279E+21,1.03599E+16,5.22777E+16
11797,3,2,54,5,2018,3,19,6,3,8,1,2,0,1,0,0,0,0,2,5.71757E+20,5.7743E+21,1.00479E+16,5.21146E+16
11798,3,2,54,21,2018,3,22,3,2,5,3,2,0,1,0,0,0,1,1,5.65555E+20,5.779E+21,9.9583E+15,5.21576E+16
11799,3,3,59,27,2018,3,19,4,3,8,1,2,0,1,0,0,0,0,0,5.39399E+20,5.92914E+21,9.59411E+15,5.35098E+16
11800,3,3,60,6,2018,3,5,2,3,8,1,2,0,0,0,0,1,0,1,5.93989E+20,5.87685E+21,1.04016E+16,5.30329E+16
11801,3,4,5,0,2018,3,16,5,2,5,3,0,0,1,0,1,0,0,0,4.40924E+20,5.93144E+21,8.10879E+15,5.35285E+16
11802,3,1,1,0,2018,3,10,2,3,8,1,0,0,1,0,0,0,0,2,6.09056E+20,5.79812E+21,1.06001E+16,5.23226E+16
11803,3,3,54,4,2018,3,12,2,3,5,3,0,0,1,0,0,0,0,1,6.40404E+20,5.88484E+21,1.10968E+16,5.30945E+16
11804,3,4,53,4,2018,3,15,4,3,5,3,0,0,1,0,0,0,0,0,4.3475E+20,5.85346E+21,8.03158E+15,5.2827E+16
11805,3,2,41,13,2018,3,17,2,3,2,6,0,0,1,0,0,0,0,0,5.54581E+20,5.79191E+21,9.79997E+15,5.22749E+16
11806,3,4,54,32,2018,3,16,5,3,5,2,0,0,1,0,0,0,0,0,3.87869E+20,5.81985E+21,7.34747E+15,5.25172E+16
11807,3,1,59,10,2018,3,19,2,3,5,2,2,0,1,0,1,0,0,0,5.87477E+20,5.7082E+21,1.02608E+16,5.15181E+16
11808,3,2,41,5,2018,3,8,2,3,2,6,0,0,1,0,0,0,0,1,5.43528E+20,5.81061E+21,9.64042E+15,5.24439E+16
11809,3,4,52,1,2018,3,20,4,3,5,3,2,1,1,0,0,0,0,0,3.9911E+20,5.93002E+21,7.47863E+15,5.35094E+16
11810,3,2,52,6,2018,3,19,6,3,7,7,2,0,1,0,0,0,0,0,5.30737E+20,5.77292E+21,9.44879E+15,5.2106E+16
11811,3,2,41,5,2018,3,7,2,3,2,6,1,0,1,0,0,0,0,1,5.39162E+20,5.80924E+21,9.57601E+15,5.2432E+16
11812,3,2,41,1,2018,3,18,7,3,9,7,2,0,1,0,0,0,0,0,5.48972E+20,5.79986E+21,9.71893E+15,5.23468E+16
11813,3,4,59,3,2018,3,18,6,2,8,1,2,0,1,0,0,0,0,2,4.61503E+20,5.79949E+21,8.43488E+15,5.23444E+16
11814,3,2,41,1,2018,3,16,2,3,5,2,0,1,0,0,0,1,0,1,5.48213E+20,5.80809E+21,9.70897E+15,5.24209E+16
11815,3,4,60,10,2018,3,17,3,3,2,6,0,0,1,0,0,0,0,0,4.49678E+20,5.8503E+21,8.2536E+15,5.28002E+16
11816,3,4,59,24,2018,3,13,3,3,2,6,0,0,1,0,0,1,0,1,4.61342E+20,5.78331E+21,8.43437E+15,5.21989E+16
11817,3,2,54,8,2018,3,5,5,3,5,3,2,1,1,0,0,0,0,1,5.77729E+20,5.76247E+21,1.01324E+16,5.20075E+16
11818,3,2,41,4,2018,3,15,2,3,2,6,0,0,1,0,0,0,0,1,5.56951E+20,5.81579E+21,9.83876E+15,5.24893E+16
11819,3,1,59,17,2018,3,20,6,3,5,2,2,0,1,0,0,0,1,1,5.44857E+20,5.69617E+21,9.64503E+15,5.1415E+16
11820,3,1,53,2,2018,3,8,3,3,8,1,0,0,1,0,0,0,0,2,6.02704E+20,5.75139E+21,1.04929E+16,5.19038E+16
11821,3,3,51,26,2018,3,18,4,2,8,1,1,0,1,0,0,0,0,0,5.72105E+20,5.85565E+21,1.00706E+16,5.28458E+16
11822,3,1,55,13,2018,3,14,2,3,5,3,0,0,1,0,0,0,0,1,5.60079E+20,5.73965E+21,9.87135E+15,5.18045E+16
11823,3,4,58,5,2018,3,11,5,3,2,6,0,0,1,0,0,0,0,0,4.68535E+20,5.87741E+21,8.53065E+15,5.30452E+16
11824,3,4,55,25,2018,3,14,1,3,2,3,0,0,1,0,0,0,0,0,4.35683E+20,5.91847E+21,8.03239E+15,5.34114E+16