OBJECTID_1,ULAND,UREGBEZ,UKREIS,UGEMEINDE,UJAHR,UMONAT,USTUNDE,UWOCHENTAG,UKATEGORIE,UART,UTYP1,ULICHTVERH,IstRad,IstPKW,IstFuss,IstKrad,IstGkfz,IstSonstig,STRZUSTAND,LINREFX,LINREFY,XGCSWGS84,YGCSWGS84
11825,3,1,55,6,2018,3,9,2,3,2,6,0,0,1,0,0,1,0,1,5.72583E+20,5.73832E+21,1.00524E+16,5.1791E+16
11826,3,3,52,32,2018,3,15,4,3,2,6,0,0,1,0,0,0,0,0,4.75109E+20,5.92755E+21,8.62478E+15,5.34964E+16
11827,3,4,52,12,2018,3,13,5,2,1,1,0,0,1,0,0,1,0,1,3.89889E+20,5.91693E+21,7.34424E+15,5.339E+16
11828,3,1,55,6,2018,3,5,2,3,8,1,2,0,1,0,0,0,0,1,5.72705E+20,5.73674E+21,1.00538E+16,5.17768E+16
11829,3,2,57,19,2018,3,13,7,3,2,2,0,0,1,0,0,0,1,1,5.14109E+20,5.80192E+21,9.20723E+15,5.23674E+16
11830,3,4,61,7,2018,3,12,6,2,5,3,0,1,1,0,0,0,0,0,4.65701E+20,5.92741E+21,8.48299E+15,5.34945E+16
11831,3,3,59,10,2018,3,22,3,3,6,4,2,0,1,1,0,0,0,0,5.45121E+20,5.92425E+21,9.67968E+15,5.34653E+16
11832,3,4,3,0,2018,3,15,3,3,2,6,0,0,1,0,0,0,0,0,4.46093E+20,5.88941E+21,8.19392E+15,5.31514E+16
11833,3,1,3,0,2018,3,11,5,3,4,6,0,0,1,0,0,0,0,1,6.18141E+20,5.80852E+21,1.0737E+16,5.24142E+16
11834,3,4,59,19,2018,3,17,5,3,4,2,0,1,0,0,0,0,1,1,4.37135E+20,5.78742E+21,8.07947E+15,5.22336E+16
11835,3,1,55,11,2018,3,9,2,3,5,3,0,0,1,0,1,0,0,1,5.68516E+20,5.72794E+21,9.99139E+15,5.16983E+16
11836,3,2,41,11,2018,3,12,7,3,8,1,0,0,1,0,0,0,0,2,5.68924E+20,5.80153E+21,1.00121E+16,5.23597E+16
11837,3,4,54,49,2018,3,6,6,2,5,3,1,0,1,0,0,0,0,1,3.96129E+20,5.80116E+21,7.47497E+15,5.23509E+16
11838,3,2,57,35,2018,3,7,2,3,2,6,0,0,1,0,0,0,0,1,5.14281E+20,5.79661E+21,9.20953E+15,5.23196E+16
11839,3,4,3,0,2018,3,12,3,3,5,3,0,0,1,0,0,0,1,0,4.50563E+20,5.88591E+21,8.26128E+15,5.31203E+16
11840,3,4,52,1,2018,3,7,3,3,2,6,0,0,1,0,0,0,0,1,3.99508E+20,5.92635E+21,7.48582E+15,5.34765E+16
11841,3,1,3,0,2018,3,14,5,2,4,1,0,0,1,0,0,0,0,1,6.26391E+20,5.80577E+21,1.08572E+16,5.23876E+16
11842,3,2,52,6,2018,3,10,2,3,2,6,0,0,0,0,1,0,1,1,5.24789E+20,5.77268E+21,9.36193E+15,5.21041E+16
11843,3,1,58,37,2018,3,19,6,2,5,3,2,0,1,0,0,0,0,2,6.01636E+20,5.77884E+21,1.04855E+16,5.21507E+16
11844,3,4,59,14,2018,3,14,2,3,2,6,0,0,1,0,0,0,0,0,4.28316E+20,5.80623E+21,7.94635E+15,5.24016E+16
11845,3,2,57,32,2018,3,20,4,3,5,3,2,1,1,0,0,0,0,0,5.23867E+20,5.79748E+21,9.35022E+15,5.23271E+16
11846,3,2,56,22,2018,3,7,3,3,2,6,0,0,1,0,0,0,0,1,5.15458E+20,5.83671E+21,9.22865E+15,5.26801E+16
11847,3,1,59,1,2018,3,16,2,3,8,1,0,0,1,0,0,0,0,0,5.4878E+20,5.71444E+21,9.70397E+15,5.15789E+16
11848,3,2,41,19,2018,3,10,5,3,5,3,0,0,1,0,0,1,0,0,5.50069E+20,5.82903E+21,9.73941E+15,5.2609E+16
11849,3,2,51,12,2018,3,13,6,3,2,6,0,0,1,0,0,0,0,1,4.54862E+20,5.83457E+21,8.33264E+15,5.26592E+16
11850,3,1,2,0,2018,3,6,2,1,9,1,0,0,0,0,0,0,1,1,6.00934E+20,5.76808E+21,1.04721E+16,5.20541E+16
11851,3,3,55,13,2018,3,17,1,3,5,3,0,0,1,0,0,0,0,0,6.13906E+20,5.89265E+21,1.07041E+16,5.3171E+16
11852,3,1,2,0,2018,3,15,2,3,8,1,0,0,1,0,0,0,0,1,5.98337E+20,5.77111E+21,1.04351E+16,5.20819E+16
11853,3,1,54,28,2018,3,16,4,3,2,2,0,0,1,0,0,0,0,0,6.36677E+20,5.78691E+21,1.10006E+16,5.22157E+16
11854,3,3,58,22,2018,3,11,4,3,1,5,0,1,1,0,0,0,0,0,5.39156E+20,5.85677E+21,9.58157E+15,5.28592E+16
11855,3,4,51,7,2018,3,10,5,3,5,3,0,1,1,0,0,0,0,1,4.27777E+20,5.90183E+21,7.91726E+15,5.32608E+16
11856,3,1,57,1,2018,3,16,2,3,6,7,0,0,1,1,0,0,0,1,5.80488E+20,5.8042E+21,1.01825E+16,5.23821E+16
11857,3,2,54,5,2018,3,5,7,3,8,1,2,0,1,0,0,0,0,1,5.68698E+20,5.77221E+21,1.00029E+16,5.20961E+16
11858,3,2,41,1,2018,3,14,6,3,5,3,0,1,1,0,0,0,0,2,5.58296E+20,5.8046E+21,9.85661E+15,5.23885E+16
11859,3,3,51,6,2018,3,17,3,3,2,6,0,0,1,0,0,0,0,0,5.69387E+20,5.82899E+21,1.00246E+16,5.26065E+16
11860,3,1,59,26,2018,3,12,3,3,5,3,0,0,1,0,0,0,0,0,5.80646E+20,5.73317E+21,1.01681E+16,5.17436E+16
11861,3,2,51,41,2018,3,13,3,3,2,6,0,0,1,0,1,0,0,1,4.89154E+20,5.86266E+21,8.8387E+15,5.29135E+16
11862,3,4,56,25,2018,3,15,4,3,2,6,0,0,1,0,0,0,0,0,3.70571E+20,5.82019E+21,7.09255E+15,5.25164E+16
11863,3,2,54,26,2018,3,19,3,3,5,3,2,1,1,0,0,0,0,1,5.55432E+20,5.78267E+21,9.81093E+15,5.21917E+16
11864,3,1,51,39,2018,3,16,2,3,2,6,0,0,1,0,0,0,0,1,6.17492E+20,5.81385E+21,1.07294E+16,5.24621E+16
11865,3,1,51,9,2018,3,18,6,3,9,1,1,0,1,0,0,0,0,2,6.07115E+20,5.81395E+21,1.05767E+16,5.24652E+16
11866,3,2,51,37,2018,3,8,2,3,5,3,0,1,1,0,0,0,0,0,4.8261E+20,5.87598E+21,8.74067E+15,5.30331E+16
11867,3,2,41,2,2018,3,8,2,2,8,7,0,0,1,0,0,0,0,0,5.34863E+20,5.80406E+21,9.51225E+15,5.23857E+16
11868,3,1,51,9,2018,3,17,2,3,2,6,1,0,1,0,0,0,1,1,6.04521E+20,5.81178E+21,1.05379E+16,5.24462E+16
11869,3,1,2,0,2018,3,5,5,2,5,3,2,0,1,0,0,1,0,1,5.98252E+20,5.78335E+21,1.04374E+16,5.21919E+16
11870,3,3,51,24,2018,3,11,6,3,2,6,0,0,1,0,0,0,0,0,5.61789E+20,5.8392E+21,9.91437E+15,5.26992E+16
11871,3,1,1,0,2018,3,14,2,3,9,1,0,0,1,0,0,0,0,1,6.01807E+20,5.79348E+21,1.04924E+16,5.22822E+16
11872,3,2,41,18,2018,3,15,3,3,9,1,0,0,1,0,0,0,0,1,5.7529E+20,5.81001E+21,1.01075E+16,5.24351E+16
11873,3,1,53,17,2018,3,9,6,2,8,1,0,0,1,0,0,1,0,2,6.09994E+20,5.75548E+21,1.06001E+16,5.19391E+16
11874,3,4,52,12,2018,3,5,2,3,8,1,1,0,0,0,1,0,0,1,3.93075E+20,5.92206E+21,7.39038E+15,5.34367E+16
11875,3,3,57,39,2018,3,14,2,2,5,3,0,0,1,0,0,0,0,0,5.29698E+20,5.88007E+21,9.44323E+15,5.30693E+16
11876,3,4,59,24,2018,3,15,1,3,8,1,0,0,0,0,1,0,0,0,4.55354E+20,5.78267E+21,8.34686E+15,5.21927E+16
11877,3,2,41,5,2018,3,7,5,3,5,3,0,1,1,0,0,0,0,0,5.40336E+20,5.80989E+21,9.59336E+15,5.24377E+16
11878,3,3,59,38,2018,3,23,6,3,5,3,2,0,1,0,0,1,0,1,5.27925E+20,5.93802E+21,9.42188E+15,5.35903E+16
11879,3,4,4,0,2018,3,16,1,3,2,6,0,0,1,0,0,0,0,0,4.36444E+20,5.79278E+21,8.06833E+15,5.22817E+16
11880,3,1,59,16,2018,3,15,1,3,2,6,0,0,1,0,0,0,0,0,5.66094E+20,5.70782E+21,9.95256E+15,5.15176E+16
11881,3,4,57,24,2018,3,13,1,3,5,3,0,0,1,0,0,0,0,1,3.8105E+20,5.89754E+21,7.21865E+15,5.32139E+16
11882,3,1,54,13,2018,3,0,4,3,9,1,2,0,1,0,0,0,0,0,6.17689E+20,5.79659E+21,1.07262E+16,5.2307E+16
11883,3,2,41,21,2018,3,16,4,3,2,6,0,0,1,0,0,0,1,0,5.33483E+20,5.80739E+21,9.4923E+15,5.24157E+16
11884,3,3,52,63,2018,3,13,5,3,5,3,0,0,1,0,0,0,0,1,5.03251E+20,5.96093E+21,9.04935E+15,5.37969E+16
11885,3,4,56,14,2018,3,0,1,3,8,1,2,0,1,0,0,0,0,1,3.62879E+20,5.81974E+21,6.97945E+15,5.25105E+16
11886,3,2,52,6,2018,3,2,7,3,8,1,2,0,1,0,0,0,0,2,5.23868E+20,5.77087E+21,9.34836E+15,5.20879E+16
11887,3,2,41,16,2018,3,21,6,3,8,1,2,0,1,0,0,0,0,2,5.64307E+20,5.80096E+21,9.94422E+15,5.23552E+16
11888,3,2,41,12,2018,3,8,3,3,9,1,0,0,1,0,0,0,0,1,5.3332E+20,5.81535E+21,9.4907E+15,5.24873E+16
11889,3,1,59,26,2018,3,7,3,3,5,3,0,0,1,0,0,0,1,1,5.8691E+20,5.73072E+21,1.02582E+16,5.17206E+16
11890,3,3,52,44,2018,3,8,3,2,5,3,0,0,1,0,0,0,0,1,5.15985E+20,5.95336E+21,9.24229E+15,5.37287E+16
11891,3,2,51,7,2018,3,10,4,2,1,5,0,0,1,0,0,1,0,0,4.80385E+20,5.86504E+21,8.70816E+15,5.29346E+16
11892,3,4,56,15,2018,3,18,1,3,2,6,0,0,1,0,0,0,0,0,3.68675E+20,5.81185E+21,7.06791E+15,5.2441E+16
11893,3,4,4,0,2018,3,7,5,3,2,6,0,0,1,0,0,0,0,0,4.35833E+20,5.79211E+21,8.05951E+15,5.22756E+16
11894,3,3,53,40,2018,3,5,2,2,2,6,1,0,1,0,0,1,0,0,5.80753E+20,5.91055E+21,1.02128E+16,5.3338E+16
11895,3,2,54,21,2018,3,17,2,3,2,7,0,0,1,0,0,1,0,0,5.67667E+20,5.77907E+21,9.98917E+15,5.2158E+16
11896,3,4,54,54,2018,3,15,1,3,5,3,0,0,1,0,1,0,0,0,3.71563E+20,5.84145E+21,7.0989E+15,5.27077E+16
11897,3,4,57,20,2018,3,22,4,2,8,1,2,0,1,0,0,0,0,0,4.20513E+20,5.91143E+21,7.80598E+15,5.3346E+16
11898,3,2,41,19,2018,3,14,6,3,2,6,0,0,1,0,0,0,0,0,5.52968E+20,5.82479E+21,9.78155E+15,5.25706E+16
11899,3,4,54,32,2018,3,19,1,3,8,1,2,0,0,0,1,0,0,0,3.9062E+20,5.80991E+21,7.39126E+15,5.24285E+16
11900,3,3,53,26,2018,3,13,7,3,2,6,0,0,1,0,0,0,0,0,5.52678E+20,5.9202E+21,9.79281E+15,5.34282E+16
11901,3,1,1,0,2018,3,10,7,3,2,6,0,0,1,0,0,0,0,1,6.04243E+20,5.80047E+21,1.05303E+16,5.23446E+16
11902,3,4,53,1,2018,3,7,1,2,9,1,0,0,1,0,0,0,0,0,4.17673E+20,5.88977E+21,7.76894E+15,5.31509E+16
11903,3,4,52,1,2018,3,15,3,2,0,2,0,0,1,0,0,0,0,0,4.00956E+20,5.92267E+21,7.50878E+15,5.34438E+16
11904,3,1,57,6,2018,3,22,4,3,3,6,2,0,1,0,0,1,0,0,5.82099E+20,5.80045E+21,1.02053E+16,5.23481E+16
11905,3,2,41,9,2018,3,11,5,3,8,1,0,0,0,0,0,1,0,0,5.57391E+20,5.79274E+21,9.84129E+15,5.2282E+16
11906,3,4,60,8,2018,3,21,1,2,3,6,2,0,0,0,1,0,0,0,4.47004E+20,5.82763E+21,8.21759E+15,5.25961E+16
11907,3,2,54,21,2018,3,23,6,3,4,1,2,0,1,0,0,0,1,2,5.60378E+20,5.77903E+21,9.88263E+15,5.21585E+16
11908,3,3,61,6,2018,3,8,1,3,4,2,0,0,1,0,0,0,0,1,5.1123E+20,5.87002E+21,9.16725E+15,5.29797E+16
11909,3,3,61,12,2018,3,14,7,3,8,7,0,0,1,0,0,0,0,0,5.15436E+20,5.86485E+21,9.22966E+15,5.29331E+16
11910,3,4,51,8,2018,3,17,1,3,3,6,0,1,0,0,0,1,0,0,4.38808E+20,5.90765E+21,8.08149E+15,5.33145E+16
11911,3,4,57,14,2018,3,17,3,3,5,3,0,1,1,0,0,0,0,0,3.97011E+20,5.90498E+21,7.45516E+15,5.32841E+16
11912,3,1,59,16,2018,3,15,4,3,5,3,0,1,1,0,0,0,0,0,5.63953E+20,5.70968E+21,9.92206E+15,5.15346E+16
11913,3,2,41,15,2018,3,7,5,3,2,6,0,0,1,0,0,0,1,1,5.43954E+20,5.8063E+21,9.64611E+15,5.24052E+16
11914,3,4,61,8,2018,3,16,1,3,0,7,0,0,1,0,0,0,0,0,4.61647E+20,5.91065E+21,8.42393E+15,5.33436E+16
11915,3,1,54,28,2018,3,17,7,2,9,1,0,0,1,0,0,0,0,2,6.33659E+20,5.7879E+21,1.09569E+16,5.22253E+16
11916,3,2,54,3,2018,3,17,6,3,9,1,0,0,1,0,0,0,0,2,5.67404E+20,5.78804E+21,9.98711E+15,5.22387E+16
11917,3,2,54,43,2018,3,9,3,2,8,7,0,0,1,0,0,0,0,1,5.52222E+20,5.76588E+21,9.76139E+15,5.20411E+16
11918,3,3,55,28,2018,3,15,4,3,3,6,0,0,1,0,0,0,0,0,5.86813E+20,5.90881E+21,1.03033E+16,5.33213E+16
11919,3,3,53,34,2018,3,16,1,2,9,1,0,0,0,0,1,0,0,1,5.73511E+20,5.90129E+21,1.01019E+16,5.32558E+16
11920,3,4,52,19,2018,3,7,5,3,4,6,0,1,0,0,0,0,1,0,3.83064E+20,5.94072E+21,7.23279E+15,5.36022E+16
11921,3,1,58,9,2018,3,13,2,3,9,1,0,0,1,0,0,0,0,0,6.10884E+20,5.78227E+21,1.06217E+16,5.21797E+16
11922,3,2,41,7,2018,3,1,1,3,5,3,2,0,1,0,0,0,0,1,5.48626E+20,5.79629E+21,9.71333E+15,5.23148E+16
11923,3,4,53,2,2018,3,10,4,3,5,3,0,0,1,0,0,0,0,0,4.30499E+20,5.87332E+21,7.96424E+15,5.30049E+16
11924,3,1,53,12,2018,3,21,6,3,9,1,2,0,1,0,0,0,0,0,5.82286E+20,5.75154E+21,1.01962E+16,5.19086E+16
11925,3,2,41,5,2018,3,13,1,3,5,3,0,1,1,0,0,0,0,1,5.39588E+20,5.81016E+21,9.58239E+15,5.24402E+16
11926,3,2,41,17,2018,3,9,7,3,8,1,0,0,0,0,0,0,1,2,5.43063E+20,5.78437E+21,9.63021E+15,5.22081E+16
11927,3,4,4,0,2018,3,13,6,3,2,6,0,0,1,0,0,0,0,1,4.3443E+20,5.79337E+21,8.03871E+15,5.22867E+16
11928,3,2,41,8,2018,3,13,1,3,8,1,0,0,1,0,0,0,0,1,5.56647E+20,5.81179E+21,9.83361E+15,5.24533E+16
11929,3,4,5,0,2018,3,6,3,3,0,7,0,1,1,0,0,0,0,2,4.41481E+20,5.93429E+21,8.11666E+15,5.35542E+16
11930,3,4,4,0,2018,3,13,3,3,2,6,0,0,1,0,0,0,0,1,4.34375E+20,5.79171E+21,8.03822E+15,5.22719E+16
11931,3,2,41,16,2018,3,22,5,3,2,6,2,0,1,0,0,0,0,0,5.60791E+20,5.79414E+21,9.89139E+15,5.22943E+16
11932,3,2,54,21,2018,3,21,3,3,4,1,2,0,1,0,1,0,0,1,5.64003E+20,5.77843E+21,9.9355E+15,5.21526E+16
11933,3,3,57,41,2018,3,14,3,2,5,3,0,1,1,0,0,0,0,0,5.32664E+20,5.89143E+21,9.48866E+15,5.31712E+16
11934,3,2,41,3,2018,3,16,1,3,2,6,0,0,1,0,0,0,0,0,5.7003E+20,5.81975E+21,1.00322E+16,5.25234E+16
11935,3,1,59,16,2018,3,12,6,3,2,6,0,0,1,0,0,0,0,1,5.6191E+20,5.70797E+21,9.8923E+15,5.15194E+16
11936,3,4,59,8,2018,3,19,2,2,4,6,2,0,1,0,1,0,0,0,4.40433E+20,5.79668E+21,8.12612E+15,5.23172E+16
11937,3,2,41,1,2018,3,11,4,3,2,6,0,0,1,0,0,0,0,0,5.47487E+20,5.80314E+21,9.6976E+15,5.23764E+16
11938,3,2,41,17,2018,3,14,1,2,3,6,0,0,1,0,1,0,0,0,5.47007E+20,5.79031E+21,9.68874E+15,5.22611E+16
11939,3,3,53,20,2018,3,17,5,3,2,6,0,0,1,0,0,0,1,0,5.64235E+20,5.9074E+21,9.96414E+15,5.33119E+16
11940,3,1,59,16,2018,3,13,3,3,2,6,0,0,1,0,0,0,0,1,5.63779E+20,5.70818E+21,9.91927E+15,5.15211E+16
11941,3,3,58,23,2018,3,21,4,2,9,1,2,0,1,0,0,0,0,0,5.64654E+20,5.86368E+21,9.96161E+15,5.29189E+16
11942,3,2,41,5,2018,3,4,1,2,8,1,2,0,1,0,0,0,0,0,5.3769E+20,5.81156E+21,9.55463E+15,5.24529E+16
11943,3,2,51,49,2018,3,12,5,3,9,1,0,0,1,0,0,0,0,0,4.96695E+20,5.85192E+21,8.95095E+15,5.28171E+16
11944,3,4,57,22,2018,3,5,1,3,0,1,1,0,1,0,0,0,0,0,3.9629E+20,5.89006E+21,7.44921E+15,5.31498E+16
11945,3,1,59,3,2018,3,12,1,3,1,7,0,0,1,0,1,0,0,0,6.04118E+20,5.7229E+21,1.05049E+16,5.16474E+16
11946,3,2,51,41,2018,3,9,4,3,2,6,0,0,1,0,0,0,0,0,4.88158E+20,5.86407E+21,8.82384E+15,5.29261E+16
11947,3,4,54,41,2018,3,5,5,3,4,2,2,0,1,0,0,0,0,1,3.89809E+20,5.88447E+21,7.35426E+15,5.30983E+16
11948,3,1,55,5,2018,3,13,1,2,5,3,0,0,1,0,1,0,0,0,5.58283E+20,5.72215E+21,9.84239E+15,5.16474E+16
11949,3,2,41,1,2018,3,14,7,2,2,6,0,0,1,0,0,0,0,1,5.45984E+20,5.80311E+21,9.67551E+15,5.23764E+16
11950,3,3,61,1,2018,3,18,6,3,3,6,2,0,1,0,0,1,0,0,5.065E+20,5.87384E+21,9.09689E+15,5.30141E+16
11951,3,2,54,21,2018,3,17,1,3,2,6,0,0,1,0,0,0,0,0,5.65888E+20,5.77906E+21,9.96316E+15,5.21581E+16
11952,3,4,58,9,2018,3,7,3,3,2,6,0,0,1,0,0,0,0,0,4.57036E+20,5.87936E+21,8.35888E+15,5.3062E+16
11953,3,4,55,26,2018,3,14,3,3,5,3,0,0,1,0,0,0,1,0,4.38323E+20,5.91555E+21,8.07267E+15,5.33855E+16
11954,3,1,58,37,2018,3,16,5,3,2,6,0,0,1,0,0,0,0,1,6.08426E+20,5.78446E+21,1.05865E+16,5.21999E+16
11955,3,1,57,6,2018,3,16,3,3,5,3,0,0,1,0,0,0,0,1,5.84053E+20,5.7958E+21,1.02328E+16,5.23061E+16
11956,3,1,59,15,2018,3,7,1,3,5,3,0,0,1,0,0,0,0,0,5.74681E+20,5.70501E+21,1.00757E+16,5.14913E+16
11957,3,1,57,6,2018,3,18,6,3,8,1,2,0,1,0,0,0,0,2,5.8849E+20,5.793E+21,1.02971E+16,5.22803E+16
11958,3,4,57,14,2018,3,16,2,3,8,1,0,0,1,0,0,0,0,0,3.90717E+20,5.90822E+21,7.35969E+15,5.33119E+16
11959,3,1,59,17,2018,3,11,4,2,5,3,0,1,1,0,0,0,0,0,5.5176E+20,5.69381E+21,9.74395E+15,5.13931E+16
11960,3,2,54,44,2018,3,16,3,3,8,1,0,0,1,0,0,0,0,1,5.72647E+20,5.75638E+21,1.00571E+16,5.19534E+16
11961,3,1,51,5,2018,3,19,1,3,5,3,2,0,1,0,0,0,1,1,6.30922E+20,5.82942E+21,1.09331E+16,5.2599E+16
11962,3,3,57,35,2018,3,13,5,3,5,3,0,0,1,0,0,0,0,0,5.02025E+20,5.92506E+21,9.03051E+15,5.34746E+16
11963,3,4,61,8,2018,3,13,6,3,5,3,0,0,1,0,0,0,0,0,4.55762E+20,5.90215E+21,8.33671E+15,5.32667E+16
11964,3,1,54,18,2018,3,14,1,3,3,6,0,0,1,0,0,0,0,0,6.28932E+20,5.79477E+21,1.08903E+16,5.22881E+16
11965,3,1,55,13,2018,3,12,1,3,5,3,0,0,1,0,0,0,0,0,5.54564E+20,5.74135E+21,9.79165E+15,5.18203E+16
11966,3,4,59,34,2018,3,7,7,3,8,1,1,0,1,0,0,0,0,1,4.28956E+20,5.76937E+21,7.9635E+15,5.20703E+16
11967,3,1,53,2,2018,3,8,4,3,5,2,0,0,1,0,0,0,1,1,6.06782E+20,5.75277E+21,1.05526E+16,5.19154E+16
11968,3,2,41,1,2018,3,15,4,3,5,2,0,0,1,0,0,0,1,0,5.49005E+20,5.79984E+21,9.7194E+15,5.23466E+16
11969,3,4,51,2,2018,3,15,5,3,5,3,0,0,1,0,0,0,0,1,4.32663E+20,5.89864E+21,7.99117E+15,5.32327E+16
11970,3,1,2,0,2018,3,16,3,3,8,1,1,0,1,0,0,0,0,1,5.90368E+20,5.77693E+21,1.03204E+16,5.21355E+16
11971,3,4,4,0,2018,3,13,7,3,3,7,0,0,1,0,0,0,0,0,4.34308E+20,5.79375E+21,8.03685E+15,5.22901E+16
11972,3,2,54,21,2018,3,22,7,3,8,7,2,0,1,0,0,0,0,2,5.69236E+20,5.77733E+21,1.00118E+16,5.21421E+16
11973,3,2,41,2,2018,3,14,6,3,2,2,0,0,1,0,0,1,0,1,5.33343E+20,5.79861E+21,9.48938E+15,5.23367E+16
11974,3,4,4,0,2018,3,13,7,3,2,2,0,0,1,0,0,0,0,0,4.37163E+20,5.79317E+21,8.0788E+15,5.22853E+16
11975,3,3,52,62,2018,3,11,1,2,5,2,0,0,1,0,0,0,0,0,4.77688E+20,5.9415E+21,8.66267E+15,5.36218E+16
11976,3,4,56,15,2018,3,13,7,3,2,2,0,0,1,0,0,0,1,0,3.6732E+20,5.81328E+21,7.04742E+15,5.24535E+16
11977,3,3,59,23,2018,3,16,4,2,6,2,0,0,1,1,0,0,0,0,5.30466E+20,5.92086E+21,9.45861E+15,5.34359E+16
11978,3,4,60,4,2018,3,10,5,3,5,3,0,0,1,0,0,1,0,0,4.54936E+20,5.84647E+21,8.3321E+15,5.27662E+16
11979,3,4,54,10,2018,3,13,7,3,3,6,0,0,1,0,0,1,0,0,3.81824E+20,5.80032E+21,7.26533E+15,5.23404E+16
11980,3,2,57,13,2018,3,9,7,3,8,1,0,0,1,0,0,0,0,2,5.08442E+20,5.79321E+21,9.12378E+15,5.22891E+16
11981,3,3,54,6,2018,3,17,6,3,5,3,0,0,1,0,0,0,0,0,6.31298E+20,5.88854E+21,1.09625E+16,5.31301E+16
11982,3,3,58,20,2018,3,6,3,3,8,1,0,0,1,0,0,0,0,1,5.40341E+20,5.83717E+21,9.59675E+15,5.26829E+16
11983,3,4,3,0,2018,3,11,3,2,8,1,0,0,1,0,0,0,0,1,4.4685E+20,5.88409E+21,8.20611E+15,5.31036E+16
11984,3,4,57,6,2018,3,6,4,3,8,6,1,0,1,0,0,0,1,1,4.0916E+20,5.89724E+21,7.63956E+15,5.32167E+16
11985,3,1,2,0,2018,3,15,3,2,4,6,0,0,1,0,0,0,0,1,5.8701E+20,5.77405E+21,1.02706E+16,5.21101E+16
11986,3,4,52,1,2018,3,21,7,3,3,6,2,0,1,0,0,0,1,1,3.99255E+20,5.92591E+21,7.48215E+15,5.34726E+16
11987,3,1,51,27,2018,3,14,6,3,5,3,0,0,1,0,0,0,0,2,5.98018E+20,5.80146E+21,1.04392E+16,5.23547E+16
11988,3,3,61,8,2018,3,16,2,3,2,6,0,0,1,0,0,0,0,0,5.10649E+20,5.88132E+21,9.15897E+15,5.30812E+16
11989,3,3,51,3,2018,3,12,2,3,4,1,0,0,1,0,0,0,0,0,5.85643E+20,5.83238E+21,1.02655E+16,5.26347E+16
11990,3,4,53,2,2018,3,21,7,3,8,1,2,0,1,0,0,0,0,1,4.296E+20,5.87463E+21,7.95056E+15,5.30166E+16
11991,3,2,57,28,2018,3,7,5,3,4,2,0,0,1,0,0,0,0,0,5.0712E+20,5.79026E+21,9.10433E+15,5.22626E+16
11992,3,3,58,23,2018,3,12,6,3,2,6,0,0,1,0,0,0,0,0,5.60728E+20,5.86483E+21,9.90343E+15,5.29296E+16
11993,3,4,5,0,2018,3,8,7,2,5,2,0,0,1,0,0,0,1,1,4.40694E+20,5.93145E+21,8.10531E+15,5.35287E+16
11994,3,1,53,18,2018,3,12,1,3,8,1,0,0,1,0,0,0,0,2,5.90301E+20,5.74073E+21,1.03099E+16,5.18101E+16
11995,3,3,56,11,2018,3,9,7,3,5,3,0,1,1,0,0,0,0,1,4.94964E+20,5.89703E+21,8.92457E+15,5.32226E+16
11996,3,4,59,14,2018,3,10,3,3,2,6,0,0,1,0,0,1,0,1,4.35863E+20,5.80536E+21,8.05743E+15,5.23947E+16
11997,3,2,56,2,2018,3,9,4,2,8,1,0,0,0,0,0,1,0,1,5.08107E+20,5.83006E+21,9.11976E+15,5.26205E+16
11998,3,3,53,19,2018,3,17,5,3,2,6,0,0,1,0,0,0,0,0,5.47137E+20,5.91056E+21,9.708E+15,5.33421E+16
11999,3,4,59,13,2018,3,7,2,3,2,6,0,0,1,0,0,0,0,0,4.50623E+20,5.80998E+21,8.27364E+15,5.24378E+16
12000,3,3,61,1,2018,3,19,7,3,1,7,2,0,1,0,0,0,0,0,5.01351E+20,5.87393E+21,9.02014E+15,5.30149E+16
12001,3,1,59,16,2018,3,10,7,3,4,7,0,0,1,0,0,0,0,1,5.61779E+20,5.70898E+21,9.89058E+15,5.15285E+16
12002,3,2,41,10,2018,3,12,6,3,3,6,0,0,1,0,0,1,0,1,5.49778E+20,5.80877E+21,9.73208E+15,5.24269E+16
12003,3,1,59,36,2018,3,19,3,3,9,1,2,0,1,0,0,0,0,2,6.12253E+20,5.71925E+21,1.06212E+16,5.16131E+16
12004,3,3,59,13,2018,3,6,3,3,9,1,2,0,1,0,0,0,0,1,5.31154E+20,5.9481E+21,9.47168E+15,5.36807E+16
12005,3,4,58,8,2018,3,7,4,2,2,6,0,0,0,0,0,1,0,0,4.72255E+20,5.86808E+21,8.58694E+15,5.29616E+16
12006,3,4,59,27,2018,3,14,2,3,4,6,0,0,1,0,0,0,0,0,4.21714E+20,5.80961E+21,7.84854E+15,5.24311E+16
12007,3,3,61,1,2018,3,18,7,3,8,1,2,0,1,0,0,0,0,1,5.06527E+20,5.87453E+21,9.0973E+15,5.30203E+16
12008,3,4,54,35,2018,3,8,5,3,6,4,0,0,1,1,0,0,0,0,3.84558E+20,5.83856E+21,7.29217E+15,5.26847E+16
12009,3,1,59,14,2018,3,9,2,3,2,2,0,0,1,0,0,0,0,0,5.83886E+20,5.71797E+21,1.02114E+16,5.16065E+16
12010,3,2,41,17,2018,3,3,3,3,8,1,2,0,1,0,0,0,0,2,5.36219E+20,5.78324E+21,9.52993E+15,5.21984E+16
12011,3,2,51,41,2018,3,16,3,3,3,6,0,1,1,0,0,0,0,1,4.86847E+20,5.86538E+21,8.80429E+15,5.29379E+16
12012,3,4,54,32,2018,3,12,4,2,8,1,0,0,1,0,0,0,0,0,3.84024E+20,5.82231E+21,7.28997E+15,5.25385E+16
12013,3,2,51,37,2018,3,13,7,3,2,6,0,0,1,0,0,0,0,0,4.87128E+20,5.87567E+21,8.80807E+15,5.30304E+16