OBJECTID_1,ULAND,UREGBEZ,UKREIS,UGEMEINDE,UJAHR,UMONAT,USTUNDE,UWOCHENTAG,UKATEGORIE,UART,UTYP1,ULICHTVERH,IstRad,IstPKW,IstFuss,IstKrad,IstGkfz,IstSonstig,STRZUSTAND,LINREFX,LINREFY,XGCSWGS84,YGCSWGS84
12204,3,4,60,1,2018,3,15,6,3,2,6,0,0,1,0,0,1,0,0,4.44995E+20,5.84577E+21,8.1849E+15,5.2759E+16
12205,3,2,41,1,2018,3,9,6,3,2,6,1,0,1,0,0,0,0,0,5.51015E+20,5.80155E+21,9.74917E+15,5.23619E+16
12206,3,2,41,1,2018,3,16,1,3,2,6,0,0,1,0,0,0,0,0,5.48581E+20,5.80153E+21,9.71342E+15,5.23619E+16
12207,3,2,41,21,2018,3,9,6,3,2,2,0,0,1,0,0,0,0,0,5.30793E+20,5.80704E+21,9.45273E+15,5.24127E+16
12208,3,1,53,2,2018,3,11,4,3,0,6,0,0,1,0,0,1,0,0,6.04705E+20,5.75291E+21,1.05224E+16,5.19171E+16
12209,3,3,57,52,2018,3,16,4,3,4,6,0,0,1,0,0,0,0,0,5.06318E+20,5.88995E+21,9.09449E+15,5.31589E+16
12210,3,4,51,2,2018,3,17,5,3,2,6,0,0,1,0,0,0,0,1,4.37772E+20,5.89305E+21,8.06879E+15,5.31832E+16
12211,3,4,51,1,2018,3,17,2,2,4,2,0,0,1,0,1,0,0,0,4.2134E+20,5.89243E+21,7.8231E+15,5.31754E+16
12212,3,2,41,9,2018,3,16,6,3,0,2,0,1,1,0,0,0,0,0,5.55764E+20,5.7947E+21,9.81777E+15,5.22998E+16
12213,3,2,54,8,2018,3,15,7,3,9,1,0,0,1,0,0,0,0,2,5.75162E+20,5.76379E+21,1.00953E+16,5.20196E+16
12214,3,2,41,2,2018,3,19,6,3,8,1,2,0,1,0,0,0,0,2,5.37852E+20,5.79908E+21,9.55561E+15,5.23407E+16
12215,3,3,51,6,2018,3,13,3,3,5,3,0,1,1,0,0,0,0,0,5.74379E+20,5.8296E+21,1.00985E+16,5.26113E+16
12216,3,2,51,41,2018,3,8,3,3,5,3,0,0,1,0,0,0,0,1,4.9213E+20,5.86323E+21,8.88295E+15,5.29187E+16
12217,3,4,54,32,2018,3,16,4,3,3,6,0,0,1,0,0,0,0,0,3.87547E+20,5.82E+21,7.34268E+15,5.25185E+16
12218,3,4,3,0,2018,3,14,2,2,5,3,0,0,1,0,1,0,0,0,4.43488E+20,5.88657E+21,8.15546E+15,5.31255E+16
12219,3,2,41,19,2018,3,16,6,3,2,6,0,0,1,0,0,0,0,0,5.5397E+20,5.82247E+21,9.79595E+15,5.25496E+16
12220,3,1,1,0,2018,3,20,6,3,3,6,2,0,0,0,0,1,1,2,6.01682E+20,5.79773E+21,1.04919E+16,5.23205E+16
12221,3,2,56,22,2018,3,9,6,3,2,6,0,0,1,0,0,0,1,0,5.15071E+20,5.83264E+21,9.22273E+15,5.26435E+16
12222,3,2,57,14,2018,3,13,7,3,8,1,0,0,1,0,0,0,0,2,5.08104E+20,5.79661E+21,9.1189E+15,5.23197E+16
12223,3,3,58,22,2018,3,8,6,3,5,3,0,1,1,0,0,0,0,0,5.40156E+20,5.85631E+21,9.59636E+15,5.2855E+16
12224,3,3,59,38,2018,3,5,3,3,2,6,1,0,1,0,0,0,1,1,5.33198E+20,5.93929E+21,9.50167E+15,5.36013E+16
12225,3,4,3,0,2018,3,16,3,3,4,2,0,1,1,0,0,0,0,1,4.47447E+20,5.88878E+21,8.21426E+15,5.31458E+16
12226,3,4,59,19,2018,3,5,4,2,2,6,2,0,1,0,0,1,0,1,4.40881E+20,5.7843E+21,8.13486E+15,5.2206E+16
12227,3,2,52,4,2018,3,13,6,3,2,6,0,0,1,0,0,0,0,0,5.37545E+20,5.77461E+21,9.54838E+15,5.21208E+16
12228,3,1,53,2,2018,3,11,6,3,9,1,0,0,1,0,0,0,0,1,6.0714E+20,5.75049E+21,1.05571E+16,5.18949E+16
12229,3,4,53,6,2018,3,20,2,3,8,6,2,0,1,0,0,1,0,0,4.32995E+20,5.84165E+21,8.00795E+15,5.27206E+16
12230,3,3,55,11,2018,3,11,2,3,2,6,0,0,1,0,0,0,0,0,5.95726E+20,5.90885E+21,1.04371E+16,5.33202E+16
12231,3,1,59,10,2018,3,6,6,3,9,1,1,0,1,0,0,0,0,2,5.8275E+20,5.70521E+21,1.0192E+16,5.1492E+16
12232,3,2,41,1,2018,3,13,5,3,2,6,0,0,1,0,0,0,0,0,5.52975E+20,5.80267E+21,9.77813E+15,5.23717E+16
12233,3,3,58,7,2018,3,12,6,3,4,7,0,0,1,0,0,0,0,0,5.44093E+20,5.8387E+21,9.65245E+15,5.26964E+16
12234,3,1,59,16,2018,3,18,6,2,4,2,2,0,1,0,1,0,0,0,5.64539E+20,5.70998E+21,9.93055E+15,5.15372E+16
12235,3,1,58,30,2018,3,11,1,3,9,1,0,0,1,0,0,0,0,2,6.13292E+20,5.78524E+21,1.0658E+16,5.2206E+16
12236,3,1,54,28,2018,3,15,6,3,3,6,0,0,1,0,1,0,0,0,6.38103E+20,5.78674E+21,1.10214E+16,5.22138E+16
12237,3,4,59,24,2018,3,5,3,3,5,3,2,1,1,0,0,0,0,2,4.56029E+20,5.78225E+21,8.35678E+15,5.2189E+16
12238,3,2,41,8,2018,3,15,4,3,0,1,0,0,0,0,1,0,0,0,5.57624E+20,5.80999E+21,9.84767E+15,5.24371E+16
12239,3,3,53,29,2018,3,17,5,3,3,6,0,0,1,0,0,1,0,1,5.5578E+20,5.91401E+21,9.83841E+15,5.33723E+16
12240,3,1,54,25,2018,3,7,6,1,4,1,0,0,1,0,0,0,0,2,6.2965E+20,5.78295E+21,1.08963E+16,5.21818E+16
12241,3,1,59,16,2018,3,11,7,3,2,6,0,0,1,0,0,1,0,1,5.64632E+20,5.71221E+21,9.9323E+15,5.15573E+16
12242,3,2,41,4,2018,3,14,6,3,5,3,0,0,1,0,0,0,0,2,5.58136E+20,5.81713E+21,9.85645E+15,5.25012E+16
12243,3,1,59,2,2018,3,8,3,3,4,6,0,0,1,0,0,0,1,2,5.86499E+20,5.74046E+21,1.02547E+16,5.18083E+16
12244,3,3,59,13,2018,3,9,3,3,8,1,0,0,1,0,0,0,0,1,5.1892E+20,5.95239E+21,9.28671E+15,5.37198E+16
12245,3,4,58,7,2018,3,19,4,2,2,6,1,0,1,0,0,1,0,0,4.57037E+20,5.8622E+21,8.36117E+15,5.29078E+16
12246,3,1,58,37,2018,3,20,6,3,5,2,2,1,1,0,0,0,0,0,6.04633E+20,5.77981E+21,1.05296E+16,5.21589E+16
12247,3,4,56,2,2018,3,15,5,2,2,2,0,1,1,0,0,0,0,0,3.53107E+20,5.83103E+21,6.83057E+15,5.26094E+16
12248,3,1,59,14,2018,3,14,2,3,2,6,0,0,1,0,0,0,0,0,5.83864E+20,5.71829E+21,1.02111E+16,5.16094E+16
12249,3,1,2,0,2018,3,17,6,3,8,1,0,0,1,0,0,0,0,0,5.93969E+20,5.77119E+21,1.03714E+16,5.20833E+16
12250,3,4,54,26,2018,3,16,4,3,5,3,0,0,1,0,0,0,0,0,4.11789E+20,5.84919E+21,7.69204E+15,5.27853E+16
12251,3,2,41,1,2018,3,9,6,2,5,3,0,0,1,0,0,0,0,1,5.49825E+20,5.80238E+21,9.73183E+15,5.23695E+16
12252,3,1,2,0,2018,3,16,6,3,5,3,0,0,1,0,0,0,0,0,5.85514E+20,5.77635E+21,1.02493E+16,5.2131E+16
12253,3,3,53,5,2018,3,0,7,2,4,2,2,0,1,0,0,0,0,0,5.5868E+20,5.91093E+21,9.88141E+15,5.33443E+16
12254,3,4,59,24,2018,3,17,6,3,4,6,0,0,1,0,0,0,0,2,4.56858E+20,5.78874E+21,8.36808E+15,5.22474E+16
12255,3,2,51,37,2018,3,16,2,3,2,6,0,0,1,0,0,0,0,0,4.8081E+20,5.87177E+21,8.71409E+15,5.29952E+16
12256,3,2,41,1,2018,3,8,2,3,2,6,0,0,1,0,0,1,0,0,5.51828E+20,5.80882E+21,9.76224E+15,5.24271E+16
12257,3,1,53,17,2018,3,5,6,3,8,1,2,0,1,0,0,0,0,2,6.02482E+20,5.75447E+21,1.04906E+16,5.19315E+16
12258,3,1,53,2,2018,3,7,5,3,4,2,0,0,1,0,0,0,0,0,6.03391E+20,5.75384E+21,1.05036E+16,5.19257E+16
12259,3,2,41,1,2018,3,8,6,3,5,2,0,1,1,0,0,0,0,0,5.5395E+20,5.80754E+21,9.79323E+15,5.24154E+16
12260,3,1,51,39,2018,3,13,6,3,2,6,0,0,1,0,0,0,0,0,6.17566E+20,5.81384E+21,1.07305E+16,5.24621E+16
12261,3,2,51,5,2018,3,15,7,3,2,6,0,0,1,0,0,0,0,0,4.65705E+20,5.83943E+21,8.49244E+15,5.27037E+16
12262,3,4,59,15,2018,3,16,5,3,9,6,0,0,1,0,0,0,0,1,4.43457E+20,5.77576E+21,8.17398E+15,5.21294E+16
12263,3,4,54,38,2018,3,14,3,3,2,2,0,0,1,0,0,0,0,0,3.9373E+20,5.87383E+21,7.4163E+15,5.30035E+16
12264,3,1,55,11,2018,3,7,4,3,2,6,0,0,1,0,0,1,0,1,5.66889E+20,5.73168E+21,9.96858E+15,5.17321E+16
12265,3,2,41,14,2018,3,10,5,3,3,6,0,0,1,0,0,0,0,1,5.45433E+20,5.79898E+21,9.66686E+15,5.23392E+16
12266,3,4,59,24,2018,3,13,5,3,5,3,0,0,1,0,0,0,0,0,4.55515E+20,5.77812E+21,8.3498E+15,5.21518E+16
12267,3,1,2,0,2018,3,7,7,3,8,1,0,0,1,0,0,0,0,2,5.94404E+20,5.77004E+21,1.03774E+16,5.20729E+16
12268,3,2,54,43,2018,3,13,6,3,2,1,0,0,1,0,0,0,0,1,5.54529E+20,5.77382E+21,9.79629E+15,5.21122E+16
12269,3,2,54,29,2018,3,16,3,2,5,2,0,0,1,0,1,0,0,0,5.76428E+20,5.78684E+21,1.0119E+16,5.22267E+16
12270,3,3,53,31,2018,3,13,4,3,2,6,0,0,1,0,0,0,0,0,5.66444E+20,5.91549E+21,9.99898E+15,5.33844E+16
12271,3,4,59,12,2018,3,6,5,3,8,1,0,0,1,0,0,0,0,1,4.46151E+20,5.78605E+21,8.21169E+15,5.22222E+16
12272,3,4,55,27,2018,3,22,5,3,5,3,2,0,1,0,0,0,0,0,4.27969E+20,5.91738E+21,7.9166E+15,5.34006E+16
12273,3,1,57,8,2018,3,7,2,3,2,6,0,0,1,0,0,0,1,0,5.95061E+20,5.79858E+21,1.0395E+16,5.23293E+16
12274,3,4,57,13,2018,3,16,5,3,4,5,0,0,1,0,0,0,0,1,3.97004E+20,5.90031E+21,7.45658E+15,5.3242E+16
12275,3,4,60,6,2018,3,11,4,3,5,3,0,1,1,0,0,0,0,0,4.47587E+20,5.8369E+21,8.22472E+15,5.26795E+16
12276,3,1,51,7,2018,3,18,6,3,5,2,2,0,1,0,0,0,0,0,5.99864E+20,5.8405E+21,1.0478E+16,5.27052E+16
12277,3,4,54,35,2018,3,10,5,3,5,2,0,1,1,0,0,0,0,0,3.84408E+20,5.83956E+21,7.2896E+15,5.26936E+16
12278,3,2,41,6,2018,3,13,7,3,9,1,0,0,1,0,0,0,0,2,5.41969E+20,5.79712E+21,9.61579E+15,5.23228E+16
12279,3,4,2,0,2018,3,12,6,3,5,3,0,0,1,0,0,0,0,0,3.7767E+20,5.91427E+21,7.16162E+15,5.33634E+16
12280,3,4,53,7,2018,3,10,5,3,4,2,0,0,1,0,0,0,0,0,4.22467E+20,5.87424E+21,7.84435E+15,5.30121E+16
12281,3,4,5,0,2018,3,8,3,3,0,7,0,1,0,0,0,0,0,2,4.42391E+20,5.93109E+21,8.13099E+15,5.35256E+16
12282,3,4,57,21,2018,3,12,3,3,8,1,0,0,1,0,0,0,0,1,3.88607E+20,5.89076E+21,7.33414E+15,5.31546E+16
12283,3,2,54,21,2018,3,21,5,3,5,3,2,0,1,0,0,0,0,0,5.67328E+20,5.77454E+21,9.98332E+15,5.21173E+16
12284,3,2,41,4,2018,3,16,3,3,9,1,0,0,1,0,0,0,0,0,5.59477E+20,5.81543E+21,9.8759E+15,5.24858E+16
12285,3,4,53,12,2018,3,16,5,3,2,2,0,0,1,0,0,0,1,0,4.2685E+20,5.85743E+21,7.91346E+15,5.28616E+16
12286,3,1,59,7,2018,3,9,6,3,9,1,0,0,1,0,0,0,0,2,5.71843E+20,5.71263E+21,1.00364E+16,5.15602E+16
12287,3,4,59,12,2018,3,14,2,3,5,3,0,0,1,0,0,0,0,0,4.48126E+20,5.7929E+21,8.23955E+15,5.2284E+16
12288,3,4,5,0,2018,3,19,5,3,4,2,2,0,1,0,0,0,0,1,4.42071E+20,5.93158E+21,8.12605E+15,5.353E+16
12289,3,4,53,1,2018,3,14,3,3,2,2,0,0,1,0,0,0,0,0,4.15862E+20,5.89187E+21,7.74131E+15,5.31695E+16
12290,3,1,54,28,2018,3,10,4,3,2,1,0,0,1,0,0,0,0,0,6.30649E+20,5.79417E+21,1.09153E+16,5.22824E+16
12291,3,2,41,1,2018,3,7,5,2,0,1,0,1,0,0,0,0,0,1,5.46736E+20,5.8034E+21,9.68659E+15,5.23788E+16
12292,3,4,51,2,2018,3,8,5,3,4,2,0,1,0,0,0,0,1,0,4.39016E+20,5.8961E+21,8.08683E+15,5.32107E+16
12293,3,2,54,21,2018,3,18,6,3,2,1,0,0,1,0,0,0,0,2,5.65613E+20,5.77505E+21,9.95837E+15,5.21221E+16
12294,3,1,59,16,2018,3,6,3,3,9,1,1,0,1,0,0,0,0,2,5.6728E+20,5.71253E+21,9.97056E+15,5.15599E+16
12295,3,3,57,45,2018,3,8,4,3,2,6,0,0,1,0,0,0,1,0,5.1382E+20,5.88453E+21,9.20646E+15,5.31101E+16
12296,3,3,52,11,2018,3,7,5,3,2,6,0,0,1,0,0,0,0,1,4.79255E+20,5.96613E+21,8.68471E+15,5.38432E+16
12297,3,2,51,33,2018,3,10,5,1,8,1,0,0,1,0,0,0,0,0,5.04233E+20,5.86318E+21,9.06296E+15,5.29183E+16
12298,3,4,54,21,2018,3,16,1,3,9,1,0,0,1,0,0,0,0,0,4.06456E+20,5.83838E+21,7.61606E+15,5.26873E+16
12299,3,3,53,7,2018,3,10,5,3,8,1,0,0,1,0,0,0,0,1,5.87719E+20,5.9204E+21,1.03201E+16,5.34253E+16
12300,3,4,60,1,2018,3,19,4,3,7,7,2,0,1,0,0,1,0,0,4.44815E+20,5.84526E+21,8.18232E+15,5.27544E+16
12301,3,4,54,29,2018,3,12,5,2,4,2,0,0,1,0,0,0,0,1,3.876E+20,5.8581E+21,7.33044E+15,5.28608E+16
12302,3,3,53,4,2018,3,7,5,2,4,2,0,0,1,0,0,0,0,1,5.71521E+20,5.9072E+21,1.00734E+16,5.33092E+16
12303,3,2,41,1,2018,3,11,7,3,8,7,0,0,1,0,0,0,0,1,5.5543E+20,5.80193E+21,9.81406E+15,5.23648E+16
12304,3,2,51,24,2018,3,15,6,3,0,2,0,0,0,0,0,0,1,0,4.91132E+20,5.83746E+21,8.8688E+15,5.2687E+16
12305,3,4,1,0,2018,3,14,3,3,2,6,0,0,1,0,0,0,0,0,4.72768E+20,5.8779E+21,8.59375E+15,5.30499E+16
12306,3,4,55,15,2018,3,14,3,3,3,6,0,0,1,0,0,1,0,0,4.3201E+20,5.93289E+21,7.97402E+15,5.35405E+16
12307,3,1,57,8,2018,3,16,5,2,8,1,0,0,0,0,0,0,1,1,5.95795E+20,5.797E+21,1.04053E+16,5.2315E+16
12308,3,3,53,23,2018,3,17,5,3,0,1,1,0,0,0,1,0,0,1,5.88843E+20,5.91971E+21,1.03368E+16,5.3419E+16
12309,3,1,57,6,2018,3,13,6,3,5,3,0,0,1,0,0,0,0,1,5.8447E+20,5.79983E+21,1.02399E+16,5.23423E+16
12310,3,4,57,14,2018,3,9,2,3,5,2,0,1,1,0,0,0,0,0,3.99534E+20,5.90564E+21,7.49279E+15,5.32904E+16
12311,3,1,59,7,2018,3,10,4,3,8,1,0,0,1,0,0,0,0,0,5.61724E+20,5.71496E+21,9.89084E+15,5.15823E+16
12312,3,3,59,2,2018,3,7,2,3,5,3,0,0,1,0,0,0,0,0,5.30905E+20,5.91458E+21,9.46459E+15,5.33795E+16
12313,3,2,54,2,2018,3,15,3,3,9,1,0,0,1,0,0,0,0,1,5.55395E+20,5.75784E+21,9.80635E+15,5.19685E+16
12314,3,3,58,19,2018,3,16,5,3,2,2,0,0,1,0,0,0,0,0,5.56676E+20,5.88677E+21,9.84701E+15,5.31273E+16
12315,3,2,41,1,2018,3,14,5,3,2,6,0,0,1,0,0,0,0,0,5.48543E+20,5.80158E+21,9.71288E+15,5.23624E+16
12316,3,4,1,0,2018,3,14,6,3,5,3,0,1,1,0,0,0,0,1,4.78691E+20,5.87864E+21,8.68206E+15,5.30568E+16
12317,3,2,54,2,2018,3,20,1,3,5,2,2,0,1,0,0,0,0,0,5.57132E+20,5.76031E+21,9.83205E+15,5.19905E+16
12318,3,2,55,15,2018,4,15,1,3,9,1,0,0,0,0,1,0,0,0,5.35446E+20,5.75175E+21,9.51535E+15,5.19153E+16
12319,3,3,56,2,2018,4,11,3,2,4,2,0,1,1,0,0,0,0,0,5.00833E+20,5.89024E+21,9.01246E+15,5.31615E+16
12320,3,4,4,0,2018,4,16,3,3,5,7,0,0,1,1,0,0,0,0,4.37167E+20,5.79317E+21,8.07887E+15,5.22853E+16
12321,3,4,51,2,2018,4,15,7,3,9,1,0,0,1,0,0,0,0,0,4.40064E+20,5.89385E+21,8.10294E+15,5.31906E+16
12322,3,4,62,19,2018,4,14,5,3,4,6,0,0,1,0,0,0,0,1,4.24012E+20,5.94107E+21,7.85136E+15,5.36129E+16
12323,3,4,55,26,2018,3,20,4,3,8,1,2,0,1,0,0,0,0,1,4.4531E+20,5.9164E+21,8.17757E+15,5.33938E+16
12324,3,4,60,6,2018,3,14,6,3,2,6,0,0,1,0,0,0,0,0,4.43468E+20,5.83473E+21,8.16418E+15,5.26596E+16
12325,3,4,59,9,2018,4,16,2,3,8,1,0,0,1,0,1,0,0,0,4.18768E+20,5.83266E+21,7.79957E+15,5.26379E+16
12326,3,4,55,20,2018,3,15,4,3,3,6,0,1,0,0,1,0,0,1,4.31004E+20,5.95138E+21,7.95474E+15,5.37066E+16
12327,3,2,54,21,2018,4,15,3,3,3,6,0,0,1,0,1,0,0,0,5.64003E+20,5.77843E+21,9.9355E+15,5.21526E+16
12328,3,1,1,0,2018,4,15,7,3,2,6,0,0,1,0,0,0,0,0,6.0182E+20,5.79241E+21,1.04923E+16,5.22726E+16
12329,3,4,4,0,2018,4,10,4,3,4,2,0,0,1,0,0,0,0,0,4.33852E+20,5.78819E+21,8.03124E+15,5.22401E+16
12330,3,3,56,2,2018,3,12,4,3,5,3,0,0,1,0,0,0,0,1,5.01014E+20,5.88664E+21,9.01516E+15,5.31292E+16
12331,3,4,3,0,2018,3,22,5,2,6,4,2,0,1,1,0,0,0,1,4.45886E+20,5.88638E+21,8.19132E+15,5.31241E+16
12332,3,2,41,10,2018,4,17,2,3,4,6,0,1,0,0,0,0,0,0,5.50812E+20,5.80993E+21,9.74746E+15,5.24372E+16
12333,3,3,61,13,2018,3,16,4,3,5,3,0,0,1,0,0,0,0,1,4.99497E+20,5.86845E+21,8.99251E+15,5.29657E+16
12334,3,1,2,0,2018,4,15,2,3,8,1,0,0,0,0,1,0,0,0,5.95436E+20,5.77605E+21,1.03941E+16,5.21267E+16
12335,3,4,1,0,2018,4,12,1,2,3,5,0,0,1,0,1,0,0,0,4.76826E+20,5.87826E+21,8.65425E+15,5.30533E+16
12336,3,1,54,28,2018,4,7,4,3,2,6,0,0,1,0,0,0,0,1,6.36365E+20,5.78662E+21,1.0996E+16,5.22131E+16
12337,3,3,53,31,2018,4,14,6,2,5,2,0,1,1,0,0,0,0,0,5.71981E+20,5.92245E+21,1.00838E+16,5.34461E+16
12338,3,2,41,20,2018,4,13,4,3,2,6,0,0,1,0,0,0,1,0,5.4285E+20,5.79079E+21,9.62791E+15,5.22658E+16
12339,3,3,61,5,2018,3,10,4,3,5,3,0,0,1,0,0,0,0,1,5.22303E+20,5.86601E+21,9.33189E+15,5.29432E+16
12340,3,2,51,7,2018,3,17,7,3,4,2,0,0,1,0,0,0,0,0,4.81932E+20,5.85426E+21,8.73178E+15,5.28378E+16
12341,3,1,58,37,2018,4,16,1,3,4,1,0,0,1,0,0,0,0,0,6.02181E+20,5.77909E+21,1.04936E+16,5.21528E+16
12342,3,1,59,19,2018,4,16,6,3,2,6,0,0,1,0,0,0,0,0,5.92296E+20,5.72353E+21,1.03342E+16,5.16552E+16
12343,3,3,61,3,2018,3,16,4,1,9,1,0,0,1,0,0,0,0,1,5.18636E+20,5.8552E+21,9.2767E+15,5.28463E+16
12344,3,2,41,1,2018,3,12,7,3,0,4,0,0,1,1,0,0,0,1,5.54312E+20,5.80718E+21,9.7985E+15,5.24122E+16
12345,3,3,57,44,2018,4,17,3,3,2,6,0,0,1,0,0,0,0,0,5.33852E+20,5.90478E+21,9.50785E+15,5.32912E+16
12346,3,4,51,2,2018,4,10,3,3,8,1,0,0,0,0,0,1,0,0,4.38694E+20,5.8932E+21,8.08256E+15,5.31846E+16
12347,3,3,53,26,2018,4,12,7,3,5,3,0,0,0,0,1,0,1,0,5.52461E+20,5.91871E+21,9.78931E+15,5.34149E+16
12348,3,4,3,0,2018,4,15,5,2,4,2,0,0,1,0,0,0,0,1,4.48135E+20,5.88906E+21,8.2245E+15,5.31484E+16
12349,3,4,3,0,2018,3,12,4,3,2,6,0,0,1,0,0,0,0,1,4.46796E+20,5.88416E+21,8.2053E+15,5.31043E+16
12350,3,2,41,5,2018,3,16,6,3,2,6,0,0,1,0,0,0,0,0,5.39348E+20,5.80829E+21,9.57865E+15,5.24234E+16
12351,3,4,52,25,2018,4,6,2,3,2,6,0,0,1,0,0,0,0,0,4.15961E+20,5.91914E+21,7.73557E+15,5.34146E+16
12352,3,4,3,0,2018,3,12,4,3,5,2,0,0,1,0,0,0,0,1,4.46312E+20,5.88836E+21,8.19736E+15,5.31419E+16
12353,3,4,54,9,2018,4,14,2,1,9,1,0,0,1,0,0,0,0,0,4.01964E+20,5.83099E+21,7.55183E+15,5.262E+16
12354,3,3,56,9,2018,4,6,4,3,7,7,0,0,1,0,0,0,1,0,4.73722E+20,5.89811E+21,8.60633E+15,5.32316E+16
12355,3,4,54,18,2018,4,14,6,3,2,2,0,0,1,0,0,0,0,0,3.85459E+20,5.84916E+21,7.3018E+15,5.27801E+16
12356,3,4,52,1,2018,4,11,4,3,4,1,0,0,1,0,0,0,1,0,3.99579E+20,5.92535E+21,7.48719E+15,5.34676E+16
12357,3,2,51,2,2018,3,10,4,3,2,2,0,0,1,0,0,0,0,1,5.01604E+20,5.84334E+21,9.02376E+15,5.27399E+16
12358,3,4,1,0,2018,3,20,5,2,6,4,2,0,1,1,0,0,0,1,4.76882E+20,5.87825E+21,8.65509E+15,5.30533E+16
12359,3,1,58,37,2018,4,7,2,3,2,6,0,0,1,0,0,0,0,0,6.05438E+20,5.78091E+21,1.05417E+16,5.21685E+16
12360,3,2,51,7,2018,3,5,4,3,5,3,2,0,1,0,0,0,0,1,4.81928E+20,5.85426E+21,8.73172E+15,5.28378E+16
12361,3,3,52,50,2018,4,15,1,3,2,2,0,0,1,0,0,0,0,0,4.77766E+20,5.9307E+21,8.66461E+15,5.35247E+16
12362,3,3,55,13,2018,4,15,1,3,8,1,0,0,0,0,1,0,0,0,6.20061E+20,5.89578E+21,1.07973E+16,5.31978E+16
12363,3,2,51,37,2018,3,17,4,3,2,6,1,0,1,0,0,0,0,1,4.80481E+20,5.87299E+21,8.70911E+15,5.30061E+16
12364,3,1,51,9,2018,4,15,3,3,2,6,0,0,1,0,0,0,1,0,6.06513E+20,5.81741E+21,1.0569E+16,5.24964E+16
12365,3,4,59,13,2018,4,17,6,3,5,3,0,1,1,0,0,0,0,0,4.50656E+20,5.80993E+21,8.27413E+15,5.24373E+16
12366,3,4,54,35,2018,4,23,4,3,8,1,2,0,1,0,0,0,0,1,3.874E+20,5.83807E+21,7.33436E+15,5.26808E+16
12367,3,4,58,7,2018,3,17,4,3,9,1,0,0,1,0,0,0,0,1,4.44475E+20,5.86489E+21,8.17394E+15,5.29307E+16
12368,3,2,51,42,2018,3,18,5,3,5,3,0,1,1,0,0,0,0,0,4.76387E+20,5.85069E+21,8.64972E+15,5.28055E+16
12369,3,2,55,17,2018,4,10,2,3,5,3,0,0,1,0,0,0,0,0,5.32292E+20,5.75954E+21,9.47023E+15,5.19856E+16
12370,3,2,51,37,2018,3,18,4,3,2,6,0,0,1,0,0,0,0,1,4.81222E+20,5.87321E+21,8.72015E+15,5.30081E+16
12371,3,4,5,0,2018,4,20,1,2,5,2,1,0,1,0,0,0,0,0,4.39883E+20,5.93146E+21,8.09309E+15,5.35286E+16
12372,3,3,51,24,2018,3,7,5,3,4,2,0,0,1,0,0,0,0,1,5.61488E+20,5.83714E+21,9.90954E+15,5.26807E+16
12373,3,3,59,7,2018,4,13,1,3,5,2,0,1,1,0,0,0,0,0,5.39073E+20,5.92811E+21,9.58906E+15,5.35005E+16
12374,3,4,54,45,2018,3,7,6,3,2,6,0,0,1,0,0,0,0,1,3.92998E+20,5.79918E+21,7.42964E+15,5.23325E+16
12375,3,4,4,0,2018,4,12,3,3,4,2,0,1,0,0,0,0,1,0,4.35194E+20,5.79111E+21,8.05033E+15,5.22665E+16
12376,3,3,55,24,2018,4,11,6,3,1,7,0,0,1,0,0,0,1,0,5.93894E+20,5.89429E+21,1.04053E+16,5.31897E+16
12377,3,2,41,1,2018,4,14,4,3,2,6,0,0,0,0,0,1,0,0,5.5721E+20,5.80771E+21,9.84119E+15,5.24166E+16
12378,3,2,41,1,2018,4,20,6,3,2,6,2,0,1,0,0,0,0,0,5.47596E+20,5.79994E+21,9.69874E+15,5.23477E+16
12379,3,4,61,5,2018,3,9,4,3,5,3,0,1,1,0,0,0,0,1,4.45941E+20,5.91001E+21,8.18815E+15,5.33365E+16
12380,3,3,57,41,2018,3,1,7,3,9,1,2,0,1,0,0,0,0,0,5.25722E+20,5.89432E+21,9.38504E+15,5.31976E+16
12381,3,4,4,0,2018,4,17,7,3,2,6,0,0,1,0,0,0,0,0,4.36388E+20,5.79276E+21,8.06752E+15,5.22815E+16
12382,3,2,54,11,2018,4,15,6,2,8,1,0,0,0,0,1,0,0,0,5.62194E+20,5.77076E+21,9.90766E+15,5.20839E+16
12383,3,4,58,10,2018,3,10,4,2,2,2,0,0,1,0,0,0,0,1,4.62603E+20,5.8849E+21,8.44131E+15,5.31122E+16
12384,3,2,54,21,2018,3,11,7,3,2,6,0,0,1,0,0,0,0,1,5.69587E+20,5.7795E+21,1.00173E+16,5.21616E+16
12385,3,2,41,1,2018,4,16,3,3,3,5,0,0,1,0,0,0,0,0,5.56492E+20,5.79913E+21,9.82919E+15,5.23396E+16
12386,3,3,58,5,2018,4,8,3,3,2,6,0,0,1,0,0,0,0,0,5.48114E+20,5.83287E+21,9.7111E+15,5.26437E+16
12387,3,3,55,42,2018,4,13,7,3,5,3,0,1,1,0,0,0,0,0,5.92232E+20,5.91014E+21,1.0385E+16,5.33323E+16
12388,3,3,52,11,2018,4,15,5,2,5,2,0,1,1,0,0,0,0,1,4.79255E+20,5.96613E+21,8.68471E+15,5.38432E+16
12389,3,4,58,15,2018,3,19,4,3,8,1,1,0,1,0,0,0,0,1,4.67563E+20,5.8582E+21,8.51807E+15,5.28726E+16
12390,3,1,58,22,2018,3,14,6,3,8,1,0,0,0,0,1,0,0,0,6.1966E+20,5.78325E+21,1.07504E+16,5.21867E+16
12391,3,4,51,2,2018,4,14,2,3,4,6,0,0,1,0,0,0,0,0,4.32547E+20,5.8991E+21,7.98934E+15,5.32369E+16
12392,3,4,58,14,2018,3,12,4,3,2,6,0,0,1,0,0,1,0,1,4.62598E+20,5.86129E+21,8.44396E+15,5.29E+16