OBJECTID_1,ULAND,UREGBEZ,UKREIS,UGEMEINDE,UJAHR,UMONAT,USTUNDE,UWOCHENTAG,UKATEGORIE,UART,UTYP1,ULICHTVERH,IstRad,IstPKW,IstFuss,IstKrad,IstGkfz,IstSonstig,STRZUSTAND,LINREFX,LINREFY,XGCSWGS84,YGCSWGS84
12583,3,4,59,2,2018,3,14,7,2,5,2,0,1,1,0,0,0,0,0,4.22994E+20,5.82378E+21,7.86408E+15,5.25586E+16
12584,3,2,54,21,2018,4,18,1,3,2,6,0,0,1,0,0,0,1,0,5.66517E+20,5.77901E+21,9.97236E+15,5.21576E+16
12585,3,3,56,8,2018,4,16,3,3,5,3,0,0,1,0,1,0,0,0,4.82568E+20,5.89276E+21,8.73914E+15,5.31839E+16
12586,3,4,4,0,2018,4,22,3,3,2,6,2,0,1,0,0,0,0,1,4.34238E+20,5.79436E+21,8.0357E+15,5.22956E+16
12587,3,1,51,28,2018,4,10,2,3,2,6,0,0,1,0,0,0,0,0,6.02273E+20,5.84569E+21,1.05153E+16,5.27514E+16
12588,3,2,41,21,2018,3,9,3,3,5,3,0,1,1,0,0,0,0,0,5.26443E+20,5.80774E+21,9.38883E+15,5.24193E+16
12589,3,1,57,9,2018,4,3,1,3,1,5,2,0,1,0,0,0,0,0,5.81936E+20,5.79105E+21,1.02006E+16,5.22637E+16
12590,3,2,41,11,2018,4,17,1,3,5,3,0,0,1,0,0,0,0,0,5.6597E+20,5.80299E+21,9.96905E+15,5.23732E+16
12591,3,4,53,1,2018,4,11,3,3,2,2,0,0,0,0,0,0,1,0,4.1953E+20,5.88823E+21,7.79708E+15,5.31374E+16
12592,3,1,57,9,2018,4,15,4,3,2,2,0,1,1,0,0,0,0,0,5.8672E+20,5.79032E+21,1.02705E+16,5.22565E+16
12593,3,4,53,13,2018,4,14,7,3,2,2,0,0,0,0,1,0,0,0,4.12823E+20,5.88897E+21,7.69664E+15,5.3143E+16
12594,3,4,4,0,2018,4,7,5,2,5,2,0,1,0,0,0,1,0,1,4.34257E+20,5.79402E+21,8.03605E+15,5.22926E+16
12595,3,2,41,11,2018,3,7,3,3,5,3,0,1,0,0,0,0,1,0,5.66449E+20,5.80623E+21,9.97672E+15,5.24023E+16
12596,3,3,61,13,2018,3,8,6,3,8,7,0,0,1,0,0,0,0,1,5.0214E+20,5.86817E+21,9.03185E+15,5.29631E+16
12597,3,1,57,5,2018,4,14,3,3,2,6,0,0,1,0,0,0,0,0,5.89891E+20,5.78402E+21,1.03153E+16,5.21993E+16
12598,3,2,54,17,2018,4,16,3,3,5,2,0,0,1,0,1,0,0,0,5.61653E+20,5.78345E+21,9.90207E+15,5.2198E+16
12599,3,2,52,2,2018,4,17,7,3,2,6,0,0,1,0,1,0,0,0,5.32692E+20,5.77932E+21,9.47796E+15,5.21634E+16
12600,3,2,41,15,2018,4,16,5,2,2,6,0,0,1,0,0,1,0,0,5.34248E+20,5.80627E+21,9.50344E+15,5.24056E+16
12601,3,2,41,1,2018,3,15,3,3,9,1,0,0,1,0,0,0,0,0,5.57507E+20,5.80714E+21,9.84545E+15,5.24115E+16
12602,3,4,52,1,2018,3,10,5,3,1,7,0,1,0,0,0,0,0,0,3.9941E+20,5.92587E+21,7.48449E+15,5.34722E+16
12603,3,3,51,15,2018,4,5,2,3,7,7,2,0,1,0,0,0,0,0,5.93948E+20,5.82822E+21,1.0387E+16,5.25958E+16
12604,3,2,41,21,2018,3,15,3,3,2,6,0,0,1,0,0,0,0,0,5.34735E+20,5.80673E+21,9.51065E+15,5.24097E+16
12605,3,2,41,1,2018,4,17,2,2,5,2,0,0,1,0,0,0,1,0,5.45429E+20,5.80319E+21,9.66736E+15,5.23771E+16
12606,3,2,51,33,2018,4,17,1,3,5,3,0,0,1,0,1,0,0,0,5.01268E+20,5.86089E+21,9.01884E+15,5.28977E+16
12607,3,2,41,1,2018,3,18,5,3,2,6,0,0,1,0,0,0,0,1,5.47601E+20,5.80757E+21,9.69989E+15,5.24163E+16
12608,3,2,41,2,2018,4,14,4,3,3,6,0,0,1,0,0,1,0,0,5.29588E+20,5.80123E+21,9.4345E+15,5.23606E+16
12609,3,4,58,5,2018,4,17,6,3,2,6,0,0,1,0,0,0,0,0,4.68458E+20,5.88242E+21,8.52902E+15,5.30903E+16
12610,3,3,55,38,2018,4,18,4,3,0,1,1,0,0,0,1,0,0,1,6.07541E+20,5.89599E+21,1.061E+16,5.32023E+16
12611,3,1,55,2,2018,3,11,3,3,5,2,0,0,1,0,0,0,0,1,5.31056E+20,5.72574E+21,9.4492E+15,5.16818E+16
12612,3,4,52,11,2018,3,13,7,3,5,3,0,1,1,0,0,0,0,0,3.80224E+20,5.91945E+21,7.19802E+15,5.34105E+16
12613,3,1,58,39,2018,4,18,1,2,8,1,0,0,0,0,1,0,0,0,6.03835E+20,5.76491E+21,1.05134E+16,5.20251E+16
12614,3,2,57,18,2018,4,12,6,2,3,6,0,0,1,0,0,1,1,0,5.26196E+20,5.79643E+21,9.38431E+15,5.23176E+16
12615,3,4,5,0,2018,3,13,6,3,5,3,0,1,1,0,0,0,0,0,4.39806E+20,5.93145E+21,8.09193E+15,5.35285E+16
12616,3,4,3,0,2018,4,7,3,3,5,3,0,1,1,0,0,0,0,0,4.48749E+20,5.88924E+21,8.23366E+15,5.315E+16
12617,3,4,53,7,2018,4,16,3,2,8,1,0,0,0,0,0,0,1,0,4.20381E+20,5.87006E+21,7.81429E+15,5.29743E+16
12618,3,2,51,37,2018,4,15,7,3,5,3,0,1,1,0,0,0,0,0,4.82938E+20,5.87513E+21,8.74562E+15,5.30255E+16
12619,3,3,61,13,2018,4,9,5,3,6,4,0,0,1,1,0,0,0,1,5.01464E+20,5.86806E+21,9.0218E+15,5.29622E+16
12620,3,1,55,11,2018,3,13,3,3,2,6,0,0,1,0,0,0,0,0,5.67169E+20,5.72496E+21,9.97135E+15,5.16716E+16
12621,3,3,52,63,2018,3,8,6,3,8,1,0,0,1,0,0,0,0,2,5.03712E+20,5.96095E+21,9.05635E+15,5.37971E+16
12622,3,4,4,0,2018,4,16,2,2,0,7,0,1,1,0,0,0,0,0,4.3439E+20,5.7922E+21,8.03834E+15,5.22762E+16
12623,3,2,56,14,2018,3,20,3,3,2,6,2,0,1,0,0,0,0,0,5.09111E+20,5.85007E+21,9.13514E+15,5.28004E+16
12624,3,1,51,14,2018,4,7,3,3,4,6,0,0,1,0,0,1,0,1,6.20051E+20,5.81914E+21,1.07689E+16,5.25091E+16
12625,3,2,41,1,2018,3,16,5,2,6,4,0,0,1,1,0,0,1,0,5.5334E+20,5.7974E+21,9.78266E+15,5.23243E+16
12626,3,4,59,24,2018,4,18,6,3,2,2,0,0,1,0,1,0,0,0,4.51081E+20,5.78802E+21,8.28357E+15,5.22404E+16
12627,3,4,54,13,2018,4,18,4,3,9,1,0,0,1,0,0,0,0,1,3.86626E+20,5.86039E+21,7.31519E+15,5.28813E+16
12628,3,2,54,21,2018,3,14,3,3,5,3,0,1,1,0,0,0,0,0,5.66098E+20,5.77982E+21,9.96639E+15,5.21649E+16
12629,3,2,51,37,2018,3,15,5,3,5,3,0,1,1,0,0,0,0,0,4.8636E+20,5.87275E+21,8.79673E+15,5.30041E+16
12630,3,2,56,3,2018,4,16,2,1,5,3,0,0,1,0,0,0,1,0,5.0794E+20,5.8474E+21,9.11771E+15,5.27763E+16
12631,3,3,61,6,2018,4,14,7,3,1,5,0,0,1,0,1,0,0,0,5.12084E+20,5.86968E+21,9.17997E+15,5.29766E+16
12632,3,4,54,32,2018,4,7,5,3,2,2,0,0,1,0,0,0,0,1,3.89346E+20,5.81243E+21,7.3717E+15,5.24508E+16
12633,3,2,55,23,2018,3,15,3,3,5,3,0,0,1,0,0,0,0,0,5.30933E+20,5.74101E+21,9.44878E+15,5.18191E+16
12634,3,4,51,2,2018,3,1,6,3,5,3,2,1,0,0,0,0,1,0,4.35609E+20,5.89352E+21,8.03633E+15,5.31871E+16
12635,3,4,59,21,2018,4,6,2,3,4,6,0,1,0,0,0,0,0,0,4.2914E+20,5.79148E+21,7.96156E+15,5.22692E+16
12636,3,1,53,9,2018,4,12,7,2,2,1,0,0,0,0,1,0,0,0,5.85706E+20,5.7615E+21,1.02484E+16,5.19975E+16
12637,3,4,59,3,2018,4,9,4,3,5,3,0,0,1,0,0,0,0,0,4.59419E+20,5.79661E+21,8.40464E+15,5.23184E+16
12638,3,1,54,14,2018,3,14,3,3,8,7,0,1,1,0,0,0,0,0,6.1363E+20,5.79881E+21,1.06675E+16,5.23278E+16
12639,3,4,51,4,2018,3,16,5,2,4,1,0,0,1,0,0,0,1,1,4.3204E+20,5.88441E+21,7.98486E+15,5.31048E+16
12640,3,2,41,16,2018,4,15,2,2,1,5,0,0,1,0,0,0,0,0,5.66031E+20,5.79654E+21,9.96867E+15,5.23152E+16
12641,3,1,3,0,2018,3,9,3,3,2,6,0,0,1,0,0,0,0,0,6.20758E+20,5.80763E+21,1.07752E+16,5.24056E+16
12642,3,1,57,6,2018,4,18,2,3,5,3,0,0,1,0,0,0,0,0,5.7983E+20,5.79579E+21,1.01709E+16,5.23066E+16
12643,3,4,58,12,2018,4,15,1,2,2,2,0,0,0,0,1,0,0,0,4.70962E+20,5.86603E+21,8.56788E+15,5.29431E+16
12644,3,2,57,32,2018,3,16,5,3,2,6,0,0,1,0,0,0,0,1,5.2533E+20,5.79483E+21,9.37149E+15,5.23032E+16
12645,3,1,59,1,2018,4,14,4,3,9,1,0,0,1,0,0,0,0,1,5.5271E+20,5.71294E+21,9.76046E+15,5.1565E+16
12646,3,3,52,11,2018,4,12,6,3,2,6,0,0,1,0,0,0,0,0,4.80282E+20,5.96848E+21,8.70016E+15,5.38644E+16
12647,3,2,41,21,2018,4,11,4,3,5,3,0,1,1,0,0,0,0,0,5.28641E+20,5.80888E+21,9.42124E+15,5.24293E+16
12648,3,1,1,0,2018,3,17,3,3,2,6,0,0,0,0,1,1,0,0,6.0403E+20,5.78849E+21,1.05235E+16,5.2237E+16
12649,3,2,51,37,2018,3,13,7,2,3,2,0,0,1,0,0,0,0,1,4.82633E+20,5.87179E+21,8.74124E+15,5.29954E+16
12650,3,1,58,6,2018,4,17,1,3,3,6,0,0,1,0,0,0,0,0,6.16356E+20,5.793E+21,1.07054E+16,5.22751E+16
12651,3,1,59,2,2018,4,17,6,3,5,3,0,0,1,0,0,0,0,0,5.8259E+20,5.73744E+21,1.01973E+16,5.17818E+16
12652,3,1,57,8,2018,3,16,3,2,2,6,0,0,0,0,0,1,0,0,5.93244E+20,5.79966E+21,1.03686E+16,5.23393E+16
12653,3,2,41,1,2018,3,10,7,3,2,6,0,0,1,0,0,0,0,1,5.56282E+20,5.79932E+21,9.82614E+15,5.23413E+16
12654,3,3,53,40,2018,4,8,3,3,4,2,0,0,1,0,0,0,0,0,5.76305E+20,5.90831E+21,1.01455E+16,5.33184E+16
12655,3,4,51,2,2018,4,4,3,3,8,1,2,0,0,0,0,1,0,1,4.3748E+20,5.89612E+21,8.06383E+15,5.32107E+16
12656,3,3,53,31,2018,4,11,7,3,2,6,0,0,1,0,0,0,0,0,5.68703E+20,5.92071E+21,1.00341E+16,5.34309E+16
12657,3,4,3,0,2018,4,14,5,3,5,3,0,1,0,0,0,0,1,1,4.42978E+20,5.88827E+21,8.14754E+15,5.31408E+16
12658,3,4,59,24,2018,3,11,2,3,0,7,0,1,0,0,0,0,0,0,4.53501E+20,5.785E+21,8.31942E+15,5.22135E+16
12659,3,2,41,1,2018,3,15,6,3,1,5,0,0,1,0,0,0,0,0,5.55217E+20,5.80223E+21,9.81098E+15,5.23676E+16
12660,3,4,52,25,2018,4,11,2,3,5,3,0,0,1,0,0,0,0,0,4.1624E+20,5.91943E+21,7.73969E+15,5.34172E+16
12661,3,4,59,6,2018,3,18,2,3,5,3,0,0,1,0,0,0,0,0,4.43127E+20,5.77284E+21,8.16964E+15,5.21032E+16
12662,3,4,54,35,2018,4,16,2,3,4,2,0,1,1,0,0,0,0,0,3.88666E+20,5.84065E+21,7.35221E+15,5.27043E+16
12663,3,2,41,8,2018,3,7,5,3,0,7,0,0,1,0,0,0,0,1,5.59739E+20,5.80977E+21,9.87875E+15,5.24348E+16
12664,3,4,56,3,2018,4,8,6,3,8,1,0,0,1,0,0,0,0,0,3.75262E+20,5.80601E+21,7.16694E+15,5.23902E+16
12665,3,4,52,1,2018,4,13,4,3,9,1,0,0,1,0,0,0,0,0,4.04808E+20,5.93081E+21,7.56429E+15,5.35176E+16
12666,3,4,59,27,2018,3,23,2,3,9,1,2,0,1,0,0,0,0,0,4.21601E+20,5.80647E+21,7.84761E+15,5.24029E+16
12667,3,4,58,9,2018,3,12,5,3,3,7,0,0,1,0,1,0,0,0,4.50184E+20,5.87844E+21,8.25678E+15,5.30531E+16
12668,3,1,3,0,2018,4,13,2,3,5,3,0,0,1,0,0,0,0,0,6.23668E+20,5.81458E+21,1.08205E+16,5.24673E+16
12669,3,4,54,18,2018,3,5,2,3,2,6,2,0,1,0,0,0,1,1,3.74614E+20,5.85556E+21,7.13863E+15,5.28352E+16
12670,3,4,61,5,2018,4,22,1,3,5,3,2,0,1,0,1,0,0,1,4.45314E+20,5.91025E+21,8.17868E+15,5.33386E+16
12671,3,3,55,49,2018,4,15,1,2,4,1,0,0,0,0,1,0,0,0,6.26612E+20,5.90585E+21,1.08993E+16,5.32868E+16
12672,3,1,59,26,2018,3,16,5,3,3,6,0,0,1,0,0,0,0,1,5.85483E+20,5.73202E+21,1.02378E+16,5.17325E+16
12673,3,4,54,52,2018,4,14,3,2,8,6,0,0,0,0,1,0,1,0,3.76713E+20,5.86121E+21,7.16764E+15,5.28864E+16
12674,3,2,41,1,2018,4,12,6,3,3,6,0,0,1,0,0,1,0,0,5.50029E+20,5.80626E+21,9.73539E+15,5.24043E+16
12675,3,1,55,11,2018,4,8,4,3,5,3,0,1,1,0,0,0,0,0,5.67895E+20,5.72608E+21,9.98206E+15,5.16816E+16
12676,3,4,54,30,2018,4,14,7,2,2,1,0,0,0,0,1,0,0,0,3.88941E+20,5.87365E+21,7.34503E+15,5.30009E+16
12677,3,1,54,14,2018,4,16,6,3,2,2,0,0,1,0,0,0,0,0,6.11228E+20,5.79699E+21,1.06316E+16,5.23119E+16
12678,3,4,54,32,2018,3,13,2,3,2,2,0,0,1,0,0,0,0,0,3.85234E+20,5.82614E+21,7.30648E+15,5.25732E+16
12679,3,1,53,17,2018,3,12,7,3,4,2,0,0,1,0,0,0,0,1,5.98082E+20,5.75355E+21,1.04263E+16,5.1924E+16
12680,3,4,54,10,2018,3,7,2,3,3,6,0,0,1,0,0,0,0,1,3.80655E+20,5.80591E+21,7.24619E+15,5.23904E+16
12681,3,4,53,9,2018,4,22,1,2,5,2,2,0,1,0,0,1,0,0,4.21068E+20,5.8486E+21,7.82973E+15,5.27815E+16
12682,3,3,53,39,2018,4,15,1,3,2,6,0,0,0,0,1,0,0,0,5.53773E+20,5.91213E+21,9.80792E+15,5.33556E+16
12683,3,4,59,3,2018,4,16,3,3,5,3,0,0,1,0,0,0,0,0,4.59422E+20,5.79661E+21,8.40469E+15,5.23184E+16
12684,3,3,57,57,2018,4,7,6,3,2,6,0,0,1,0,0,0,0,0,5.18171E+20,5.90716E+21,9.27274E+15,5.33133E+16
12685,3,2,41,1,2018,4,17,4,3,5,3,0,1,1,0,0,0,0,1,5.49952E+20,5.80432E+21,9.73398E+15,5.23869E+16
12686,3,2,41,18,2018,4,8,6,3,2,2,0,0,1,0,0,0,0,0,5.81329E+20,5.81208E+21,1.01968E+16,5.24528E+16
12687,3,4,52,14,2018,3,17,2,3,5,3,0,1,1,0,0,0,0,0,3.70318E+20,5.92087E+21,7.04849E+15,5.34209E+16
12688,3,4,1,0,2018,3,21,7,2,9,1,2,0,0,0,0,0,1,1,4.77892E+20,5.87825E+21,8.67016E+15,5.30533E+16
12689,3,4,4,0,2018,4,17,7,3,5,3,0,1,1,0,0,0,0,0,4.37572E+20,5.79593E+21,8.08429E+15,5.23101E+16
12690,3,2,56,22,2018,4,7,6,3,5,3,0,0,1,0,0,0,0,0,5.15436E+20,5.83301E+21,9.22815E+15,5.26468E+16
12691,3,4,52,1,2018,3,14,2,3,0,5,0,1,1,0,0,0,0,0,3.97024E+20,5.92861E+21,7.44766E+15,5.34964E+16
12692,3,2,57,9,2018,3,14,7,3,3,6,0,0,1,0,1,0,0,1,5.04867E+20,5.79046E+21,9.07131E+15,5.22645E+16
12693,3,2,41,2,2018,4,15,3,3,6,4,0,0,1,1,0,0,0,0,5.34016E+20,5.79338E+21,9.49873E+15,5.22898E+16
12694,3,3,52,11,2018,4,14,3,3,5,3,0,1,1,0,0,0,0,1,4.80016E+20,5.96829E+21,8.69613E+15,5.38628E+16
12695,3,3,57,50,2018,4,14,7,3,2,6,0,0,1,0,0,0,0,0,5.32019E+20,5.9078E+21,9.48066E+15,5.33184E+16
12696,3,3,52,62,2018,4,18,5,3,5,3,0,1,1,0,0,0,0,0,4.87055E+20,5.9463E+21,8.80409E+15,5.36653E+16
12697,3,4,53,7,2018,3,17,2,2,5,3,0,1,1,0,0,0,0,0,4.29961E+20,5.88225E+21,7.95429E+15,5.30851E+16
12698,3,1,59,11,2018,3,13,6,3,0,1,0,0,0,0,1,0,0,0,5.73164E+20,5.71612E+21,1.00562E+16,5.15914E+16
12699,3,4,51,8,2018,4,14,2,3,2,6,0,0,1,0,0,0,0,0,4.39878E+20,5.89588E+21,8.09978E+15,5.32088E+16
12700,3,4,53,13,2018,3,11,2,3,5,3,0,1,1,0,0,0,0,0,4.10157E+20,5.88848E+21,7.65694E+15,5.31381E+16
12701,3,4,53,8,2018,4,13,2,3,2,6,0,0,1,0,0,0,0,0,4.39694E+20,5.86725E+21,8.10239E+15,5.29515E+16
12702,3,2,57,25,2018,3,15,5,3,4,7,0,0,1,0,0,0,1,1,5.10102E+20,5.80011E+21,9.14831E+15,5.23512E+16
12703,3,2,51,47,2018,4,18,4,3,2,6,0,0,1,0,0,0,0,0,4.94128E+20,5.87194E+21,8.91251E+15,5.2997E+16
12704,3,4,60,6,2018,4,16,6,3,2,2,0,0,1,0,0,0,0,0,4.43715E+20,5.83866E+21,8.16716E+15,5.26949E+16
12705,3,3,61,12,2018,4,17,4,3,2,6,0,0,1,0,0,0,0,1,5.15542E+20,5.86377E+21,9.23118E+15,5.29233E+16
12706,3,4,55,20,2018,3,6,2,2,8,1,1,0,1,0,0,0,0,0,4.29338E+20,5.94074E+21,7.93193E+15,5.36107E+16
12707,3,3,53,11,2018,3,0,5,3,8,1,2,0,1,0,0,0,0,1,5.71831E+20,5.89746E+21,1.00759E+16,5.32216E+16
12708,3,1,53,17,2018,4,16,2,3,5,3,0,0,1,0,1,0,0,0,6.08386E+20,5.75762E+21,1.05774E+16,5.19587E+16
12709,3,4,58,8,2018,3,3,2,2,2,6,2,0,1,0,0,1,0,0,4.75659E+20,5.87051E+21,8.63743E+15,5.29836E+16
12710,3,2,41,1,2018,4,0,1,3,0,7,2,0,1,0,0,0,0,0,5.47389E+20,5.8035E+21,9.6962E+15,5.23797E+16
12711,3,2,41,21,2018,4,11,1,3,4,2,0,0,1,0,1,0,0,0,5.24277E+20,5.81152E+21,9.35725E+15,5.24534E+16
12712,3,4,62,8,2018,4,9,3,3,0,7,0,0,0,0,1,0,0,0,4.05044E+20,5.93865E+21,7.56546E+15,5.35881E+16
12713,3,2,41,11,2018,4,11,6,2,6,4,0,0,1,1,0,0,0,0,5.66088E+20,5.80249E+21,9.97067E+15,5.23687E+16
12714,3,1,59,10,2018,4,19,4,3,5,3,1,0,1,0,0,0,0,1,5.87539E+20,5.70698E+21,1.02614E+16,5.15072E+16
12715,3,4,52,19,2018,4,13,7,3,2,2,0,0,1,0,0,0,0,0,3.82091E+20,5.93815E+21,7.21906E+15,5.3579E+16
12716,3,4,59,24,2018,4,14,5,3,5,3,0,0,0,0,0,1,0,0,4.556E+20,5.77578E+21,8.35136E+15,5.21308E+16
12717,3,3,51,4,2018,3,1,2,3,8,1,2,0,1,0,0,0,0,0,5.61487E+20,5.85811E+21,9.91346E+15,5.28692E+16
12718,3,4,56,5,2018,3,14,6,2,8,1,0,0,0,0,0,0,1,0,3.68363E+20,5.82599E+21,7.05774E+15,5.2568E+16
12719,3,1,59,13,2018,4,11,3,3,3,2,0,0,0,0,0,1,1,0,5.64847E+20,5.70353E+21,9.93381E+15,5.14792E+16
12720,3,1,55,12,2018,4,17,3,3,4,2,0,0,1,0,0,0,0,0,5.47356E+20,5.7157E+21,9.68359E+15,5.15904E+16
12721,3,2,41,11,2018,4,12,7,3,2,1,0,0,1,0,0,0,0,0,5.62852E+20,5.80534E+21,9.92369E+15,5.23947E+16
12722,3,3,51,1,2018,4,5,5,3,2,6,1,0,1,0,0,0,0,1,5.73052E+20,5.82493E+21,1.00779E+16,5.25696E+16
12723,3,2,41,1,2018,3,21,2,2,6,4,2,1,0,1,0,0,0,0,5.4871E+20,5.80551E+21,9.7159E+15,5.23976E+16
12724,3,4,57,17,2018,3,9,5,3,5,3,0,0,1,0,0,0,0,0,4.07604E+20,5.88873E+21,7.61872E+15,5.31399E+16
12725,3,3,55,24,2018,4,15,2,2,6,4,0,0,1,1,0,0,0,0,5.94729E+20,5.89272E+21,1.04173E+16,5.31754E+16
12726,3,2,41,21,2018,3,17,2,2,5,3,0,0,1,0,1,0,0,0,5.32144E+20,5.80435E+21,9.47232E+15,5.23884E+16
12727,3,3,51,24,2018,4,17,2,3,5,3,0,0,1,0,1,0,0,0,5.61352E+20,5.83751E+21,9.9076E+15,5.2684E+16
12728,3,2,57,28,2018,4,16,3,3,2,2,0,0,1,0,0,0,0,0,5.06679E+20,5.79147E+21,9.09789E+15,5.22736E+16
12729,3,3,51,17,2018,4,15,3,3,8,1,0,1,0,0,0,0,0,0,5.85292E+20,5.82412E+21,1.02582E+16,5.25605E+16
12730,3,2,41,17,2018,4,14,7,3,1,5,0,0,1,0,0,0,0,0,5.4112E+20,5.78369E+21,9.60169E+15,5.22022E+16
12731,3,3,57,43,2018,4,7,5,3,6,6,0,0,0,1,0,0,1,0,5.1424E+20,5.91375E+21,9.21404E+15,5.33727E+16
12732,3,2,41,4,2018,3,8,2,3,8,7,0,0,1,0,0,0,0,0,5.55324E+20,5.81946E+21,9.8154E+15,5.25224E+16
12733,3,4,59,14,2018,3,16,5,3,5,2,0,1,1,0,0,0,0,0,4.31737E+20,5.80675E+21,7.99651E+15,5.24067E+16
12734,3,3,52,60,2018,4,16,2,3,5,2,0,0,1,0,0,0,0,0,4.79182E+20,5.90932E+21,8.68739E+15,5.33326E+16
12735,3,1,55,11,2018,3,5,2,1,4,6,2,0,1,0,0,0,0,0,5.73737E+20,5.72766E+21,1.00669E+16,5.1695E+16
12736,3,2,51,37,2018,4,14,2,3,2,6,0,0,1,0,0,0,0,0,4.79908E+20,5.87288E+21,8.70058E+15,5.30051E+16
12737,3,4,59,19,2018,4,11,1,3,0,1,0,0,0,0,1,0,0,0,4.36342E+20,5.78449E+21,8.0684E+15,5.22072E+16
12738,3,2,56,29,2018,3,14,5,3,8,1,0,0,0,0,0,0,1,0,5.27067E+20,5.84252E+21,9.40084E+15,5.27319E+16
12739,3,3,58,8,2018,4,15,4,3,2,6,0,0,0,0,0,1,0,0,5.52913E+20,5.86174E+21,9.78668E+15,5.29027E+16
12740,3,4,3,0,2018,4,14,6,2,6,4,0,0,0,1,1,0,0,0,4.47179E+20,5.88503E+21,8.21088E+15,5.31121E+16
12741,3,3,52,20,2018,4,6,4,3,2,6,0,0,1,0,0,0,0,0,5.15774E+20,5.94361E+21,9.2386E+15,5.3641E+16
12742,3,1,51,16,2018,4,7,2,3,2,2,0,0,1,0,0,0,0,0,6.08726E+20,5.80542E+21,1.05977E+16,5.23882E+16
12743,3,2,56,22,2018,3,18,2,3,3,6,0,0,1,0,0,0,0,0,5.15787E+20,5.83433E+21,9.2334E+15,5.26587E+16
12744,3,4,59,22,2018,3,11,7,3,5,3,0,1,1,0,0,0,0,0,4.41585E+20,5.77681E+21,8.14645E+15,5.21387E+16
12745,3,2,56,19,2018,4,17,1,2,9,6,0,0,1,0,1,0,0,1,5.07178E+20,5.82916E+21,9.10601E+15,5.26124E+16
12746,3,4,53,12,2018,4,11,3,3,5,3,0,0,0,0,1,0,1,0,4.29462E+20,5.8581E+21,7.9521E+15,5.2868E+16
12747,3,4,59,14,2018,4,12,3,2,2,6,0,0,1,0,0,0,0,0,4.34186E+20,5.80921E+21,8.03203E+15,5.24291E+16
12748,3,4,53,8,2018,4,16,7,3,5,2,0,1,1,0,0,0,0,0,4.34451E+20,5.86781E+21,8.02424E+15,5.29559E+16
12749,3,4,56,14,2018,4,16,5,3,2,6,0,0,1,0,0,0,0,1,3.63877E+20,5.82008E+21,6.994E+15,5.25138E+16
12750,3,2,55,23,2018,3,17,2,3,8,1,0,0,0,0,1,0,0,0,5.35649E+20,5.73768E+21,9.51685E+15,5.17889E+16
12751,3,3,61,12,2018,3,22,6,3,5,2,2,0,1,0,0,0,0,0,5.15747E+20,5.86381E+21,9.23424E+15,5.29238E+16
12752,3,1,53,2,2018,4,17,3,3,2,6,0,0,1,0,0,0,0,0,6.03817E+20,5.75371E+21,1.05098E+16,5.19244E+16
12753,3,1,59,9,2018,4,20,7,3,4,2,2,0,1,0,0,0,0,0,5.51807E+20,5.70562E+21,9.74636E+15,5.14993E+16
12754,3,2,57,35,2018,4,16,5,3,2,2,0,0,1,0,0,1,0,1,5.10357E+20,5.79699E+21,9.15196E+15,5.23231E+16
12755,3,2,52,4,2018,3,21,2,3,0,7,2,0,0,0,0,0,1,0,5.31768E+20,5.77509E+21,9.46405E+15,5.21254E+16
12756,3,3,56,7,2018,3,13,5,3,5,3,0,1,1,0,0,0,0,0,4.8399E+20,5.89538E+21,8.76029E+15,5.32075E+16
12757,3,2,41,6,2018,4,15,2,3,3,6,0,1,1,0,0,0,0,0,5.41964E+20,5.79353E+21,9.61527E+15,5.22905E+16
12758,3,2,52,6,2018,3,14,2,2,5,3,0,0,1,0,1,0,0,0,5.26589E+20,5.77299E+21,9.38824E+15,5.21068E+16
12759,3,2,56,16,2018,4,14,2,3,5,3,0,0,1,0,0,0,0,0,5.16852E+20,5.82574E+21,9.24871E+15,5.25814E+16
12760,3,2,51,35,2018,4,14,1,3,0,7,0,0,0,1,1,0,0,0,5.00165E+20,5.83954E+21,9.00244E+15,5.27058E+16
12761,3,1,55,9,2018,3,11,5,3,2,6,0,0,1,0,0,0,1,0,5.63507E+20,5.72412E+21,9.91823E+15,5.16645E+16
12762,3,2,57,35,2018,4,22,4,3,8,1,2,0,1,0,0,0,0,1,5.17105E+20,5.79666E+21,9.25096E+15,5.232E+16
12763,3,4,58,5,2018,4,9,6,3,2,6,0,0,1,0,0,0,0,0,4.73222E+20,5.88081E+21,8.60028E+15,5.30761E+16
12764,3,2,41,1,2018,4,19,4,3,2,6,0,1,1,0,0,0,0,0,5.4936E+20,5.80322E+21,9.72512E+15,5.2377E+16
12765,3,1,59,16,2018,3,7,2,3,4,6,0,1,0,0,0,0,0,0,5.63252E+20,5.70968E+21,9.91195E+15,5.15347E+16
12766,3,4,52,6,2018,3,16,7,2,5,2,0,0,1,0,1,0,0,0,4.09972E+20,5.91427E+21,7.64688E+15,5.33699E+16
12767,3,1,51,13,2018,4,15,1,3,4,1,0,0,1,0,1,0,0,0,6.07433E+20,5.81086E+21,1.05804E+16,5.24374E+16
12768,3,2,57,3,2018,4,5,6,3,9,7,2,0,1,0,0,0,0,0,5.15371E+20,5.78591E+21,9.22502E+15,5.22234E+16
12769,3,1,54,28,2018,3,11,2,3,1,5,0,0,1,0,0,0,0,0,6.34144E+20,5.78999E+21,1.09648E+16,5.22439E+16
12770,3,3,55,15,2018,3,19,7,3,8,1,1,0,1,0,0,0,0,1,6.00797E+20,5.91006E+21,1.05136E+16,5.33301E+16
12771,3,3,52,32,2018,4,7,3,3,9,1,0,0,1,0,0,0,0,0,4.73638E+20,5.9241E+21,8.6029E+15,5.34652E+16