OBJECTID_1,ULAND,UREGBEZ,UKREIS,UGEMEINDE,UJAHR,UMONAT,USTUNDE,UWOCHENTAG,UKATEGORIE,UART,UTYP1,ULICHTVERH,IstRad,IstPKW,IstFuss,IstKrad,IstGkfz,IstSonstig,STRZUSTAND,LINREFX,LINREFY,XGCSWGS84,YGCSWGS84
12772,3,4,54,54,2018,4,17,1,3,2,2,0,0,1,0,0,0,0,0,3.7376E+20,5.83514E+21,7.13383E+15,5.26515E+16
12773,3,1,57,6,2018,3,16,5,3,5,3,0,0,1,0,0,0,0,0,5.8966E+20,5.79621E+21,1.03151E+16,5.23089E+16
12774,3,2,41,5,2018,4,17,4,3,2,6,0,0,1,0,0,0,0,0,5.39465E+20,5.80771E+21,9.58029E+15,5.24182E+16
12775,3,2,51,1,2018,4,10,6,2,8,1,0,0,0,0,0,0,1,0,4.91736E+20,5.84799E+21,8.87748E+15,5.27816E+16
12776,3,3,57,48,2018,4,22,4,3,7,7,2,0,1,0,0,0,0,1,5.38864E+20,5.90351E+21,9.58288E+15,5.32794E+16
12777,3,1,57,6,2018,3,15,2,1,8,1,0,0,0,0,1,0,0,0,5.90823E+20,5.79605E+21,1.03321E+16,5.23073E+16
12778,3,4,54,17,2018,3,16,7,2,8,1,0,0,0,0,1,0,0,0,4.04556E+20,5.82515E+21,7.59178E+15,5.2568E+16
12779,3,2,52,2,2018,4,16,1,3,0,1,0,0,0,0,1,0,0,0,5.32704E+20,5.78324E+21,9.4785E+15,5.21986E+16
12780,3,3,61,6,2018,4,18,3,3,5,3,0,1,1,0,0,0,0,0,5.07915E+20,5.87165E+21,9.11793E+15,5.29943E+16
12781,3,4,4,0,2018,4,10,3,3,2,6,0,0,1,0,0,0,0,0,4.35149E+20,5.79118E+21,8.04967E+15,5.22672E+16
12782,3,4,51,1,2018,4,9,7,3,5,3,0,1,1,0,0,0,0,0,4.17566E+20,5.89259E+21,7.76661E+15,5.31763E+16
12783,3,4,52,23,2018,4,12,5,3,5,3,0,0,1,0,0,0,0,1,3.88724E+20,5.92641E+21,7.32338E+15,5.34749E+16
12784,3,1,1,0,2018,3,7,2,3,3,6,0,0,1,0,0,1,0,0,6.03696E+20,5.78839E+21,1.05185E+16,5.22361E+16
12785,3,2,51,37,2018,3,9,6,3,2,6,0,0,1,0,0,0,0,0,4.85042E+20,5.87443E+21,8.77701E+15,5.30192E+16
12786,3,4,59,10,2018,4,17,2,3,5,3,0,0,1,0,0,0,0,0,4.29306E+20,5.82365E+21,7.95719E+15,5.25583E+16
12787,3,4,59,29,2018,3,18,1,3,6,4,0,0,1,1,0,0,0,0,4.47016E+20,5.79937E+21,8.22226E+15,5.23421E+16
12788,3,1,59,7,2018,4,13,3,3,8,1,0,0,1,0,0,0,0,0,5.6277E+20,5.71606E+21,9.90613E+15,5.15921E+16
12789,3,1,57,6,2018,3,8,5,3,5,3,0,0,1,0,0,0,0,1,5.85542E+20,5.8009E+21,1.02559E+16,5.23517E+16
12790,3,4,59,22,2018,4,16,6,3,8,1,0,0,1,0,0,0,0,0,4.42313E+20,5.77731E+21,8.15701E+15,5.21433E+16
12791,3,4,57,20,2018,4,14,4,3,9,7,0,0,1,0,0,0,0,0,4.20092E+20,5.91208E+21,7.79949E+15,5.33519E+16
12792,3,4,52,1,2018,3,12,1,3,4,2,0,0,1,0,0,0,0,0,4.09223E+20,5.92678E+21,7.63202E+15,5.34822E+16
12793,3,4,3,0,2018,3,14,5,3,6,4,0,0,1,1,0,0,0,0,4.47161E+20,5.88839E+21,8.21004E+15,5.31423E+16
12794,3,2,41,1,2018,4,9,2,2,5,2,0,1,1,0,0,0,0,0,5.49157E+20,5.80339E+21,9.72216E+15,5.23786E+16
12795,3,3,61,1,2018,3,12,1,3,2,2,0,0,1,0,0,0,0,0,5.01209E+20,5.87403E+21,9.01802E+15,5.30158E+16
12796,3,4,57,21,2018,4,15,1,3,9,6,0,0,1,0,0,0,0,0,3.88436E+20,5.88729E+21,7.33279E+15,5.31234E+16
12797,3,3,52,11,2018,4,11,1,3,5,2,0,0,1,0,0,0,0,0,4.80282E+20,5.96848E+21,8.70016E+15,5.38644E+16
12798,3,1,2,0,2018,3,17,5,2,4,7,0,0,1,0,0,0,0,1,5.88975E+20,5.77992E+21,1.03008E+16,5.21626E+16
12799,3,1,2,0,2018,4,15,4,3,8,7,0,0,1,0,0,0,0,0,5.93698E+20,5.77851E+21,1.03694E+16,5.21491E+16
12800,3,3,59,10,2018,4,18,6,3,5,3,0,1,1,0,0,0,0,0,5.44758E+20,5.92474E+21,9.67428E+15,5.34698E+16
12801,3,3,60,10,2018,3,18,5,3,8,7,0,0,1,0,0,0,0,0,5.94198E+20,5.8801E+21,1.04057E+16,5.30621E+16
12802,3,2,41,20,2018,4,5,4,3,7,7,2,0,1,0,0,0,0,0,5.40281E+20,5.79313E+21,9.59054E+15,5.22871E+16
12803,3,3,61,12,2018,3,16,1,3,2,6,0,0,1,0,0,0,1,0,5.14737E+20,5.86858E+21,9.21942E+15,5.29666E+16
12804,3,2,51,34,2018,3,17,7,3,5,3,0,0,1,0,0,0,0,0,4.95764E+20,5.83822E+21,8.93733E+15,5.26939E+16
12805,3,4,59,14,2018,4,5,7,3,3,6,2,0,1,0,0,0,0,0,4.34167E+20,5.80701E+21,8.03218E+15,5.24094E+16
12806,3,2,57,3,2018,4,16,6,3,0,1,0,0,0,0,1,0,0,0,5.21582E+20,5.78903E+21,9.31615E+15,5.22513E+16
12807,3,4,51,1,2018,3,11,1,1,9,1,0,0,1,0,0,0,0,0,4.21331E+20,5.89273E+21,7.8229E+15,5.31781E+16
12808,3,2,41,21,2018,3,16,7,3,3,6,0,0,1,0,0,0,0,1,5.33829E+20,5.80807E+21,9.49746E+15,5.24218E+16
12809,3,3,55,5,2018,4,8,3,3,2,6,0,0,1,0,0,0,0,0,6.01578E+20,5.89882E+21,1.05217E+16,5.32289E+16
12810,3,4,1,0,2018,4,7,3,2,8,7,0,0,1,0,0,0,0,1,4.74516E+20,5.87622E+21,8.61996E+15,5.30349E+16
12811,3,3,59,2,2018,4,23,7,3,5,3,2,0,1,0,0,0,0,0,5.30931E+20,5.91444E+21,9.46497E+15,5.33782E+16
12812,3,4,1,0,2018,4,8,5,3,2,6,0,0,1,0,0,0,1,0,4.7389E+20,5.87616E+21,8.61063E+15,5.30343E+16
12813,3,2,51,47,2018,3,16,1,3,2,2,0,0,1,0,1,0,0,0,4.94164E+20,5.87193E+21,8.91305E+15,5.29969E+16
12814,3,2,41,19,2018,3,14,6,3,2,6,0,0,1,0,0,0,0,0,5.53778E+20,5.82297E+21,9.79319E+15,5.25542E+16
12815,3,4,52,1,2018,4,15,2,3,4,6,0,1,0,0,0,1,0,0,3.99473E+20,5.92624E+21,7.48531E+15,5.34755E+16
12816,3,3,53,24,2018,3,1,1,3,7,7,2,0,0,0,1,0,0,0,5.66789E+20,5.90564E+21,1.00021E+16,5.32957E+16
12817,3,4,60,4,2018,4,17,2,3,9,1,0,0,1,0,0,0,0,0,4.6039E+20,5.85242E+21,8.41222E+15,5.28201E+16
12818,3,1,53,504,2018,3,15,5,3,8,1,0,0,1,0,0,0,0,2,6.00617E+20,5.73625E+21,1.04581E+16,5.17681E+16
12819,3,4,55,26,2018,4,14,3,3,2,6,0,0,1,0,0,0,0,1,4.43645E+20,5.91745E+21,8.15234E+15,5.34031E+16
12820,3,4,61,7,2018,4,11,7,3,2,2,0,0,1,0,0,0,0,0,4.66372E+20,5.93051E+21,8.49277E+15,5.35224E+16
12821,3,3,61,1,2018,4,16,5,3,5,3,0,0,1,0,0,0,0,1,5.03613E+20,5.87285E+21,9.05384E+15,5.30052E+16
12822,3,3,59,38,2018,3,19,1,3,2,6,0,0,1,0,0,0,0,0,5.27924E+20,5.93849E+21,9.4219E+15,5.35945E+16
12823,3,2,41,21,2018,3,15,6,3,2,6,0,0,1,0,1,0,0,0,5.24253E+20,5.81114E+21,9.35686E+15,5.24499E+16
12824,3,4,54,19,2018,4,15,2,3,2,2,0,0,1,0,0,0,0,0,3.98302E+20,5.83821E+21,7.49552E+15,5.26843E+16
12825,3,3,59,38,2018,3,7,1,3,8,1,1,0,1,0,0,0,0,0,5.31786E+20,5.94434E+21,9.48086E+15,5.36468E+16
12826,3,4,60,7,2018,4,14,2,3,2,6,0,0,1,0,0,0,0,0,4.37256E+20,5.81646E+21,8.07581E+15,5.24946E+16
12827,3,1,51,13,2018,3,15,5,3,1,1,0,0,1,0,0,0,0,0,6.08098E+20,5.81045E+21,1.05901E+16,5.24336E+16
12828,3,4,4,0,2018,4,14,6,3,2,6,0,0,1,0,0,0,0,0,4.334E+20,5.79388E+21,8.02351E+15,5.22913E+16
12829,3,4,62,1,2018,4,14,4,3,9,6,0,0,1,0,0,0,0,0,4.04296E+20,5.93724E+21,7.5546E+15,5.35753E+16
12830,3,3,58,19,2018,3,12,1,3,5,3,0,0,1,0,1,0,0,0,5.54031E+20,5.88479E+21,9.80717E+15,5.31098E+16
12831,3,4,58,9,2018,3,11,5,3,2,6,0,0,1,0,0,0,0,1,4.54075E+20,5.88156E+21,8.31438E+15,5.30815E+16
12832,3,1,59,17,2018,4,6,2,3,2,6,0,0,1,0,0,0,1,0,5.44179E+20,5.69866E+21,9.6356E+15,5.14374E+16
12833,3,3,51,4,2018,3,11,1,3,5,3,0,0,1,0,0,0,0,0,5.65238E+20,5.85087E+21,9.96773E+15,5.28037E+16
12834,3,3,56,4,2018,4,18,1,3,8,1,0,0,1,0,0,0,0,0,4.88463E+20,5.91204E+21,8.82665E+15,5.33573E+16
12835,3,3,58,11,2018,4,21,1,2,8,1,2,0,1,0,0,0,0,0,5.37252E+20,5.83657E+21,9.551E+15,5.26778E+16
12836,3,1,57,8,2018,3,20,5,3,2,6,2,0,1,0,0,0,0,0,5.89881E+20,5.79941E+21,1.03192E+16,5.23376E+16
12837,3,4,4,0,2018,4,17,3,3,2,6,0,0,1,0,0,0,0,0,4.34275E+20,5.79475E+21,8.03617E+15,5.22991E+16
12838,3,2,41,1,2018,4,16,6,3,2,6,0,0,1,0,0,0,0,0,5.44124E+20,5.80713E+21,9.64871E+15,5.24126E+16
12839,3,2,41,4,2018,4,10,4,2,2,6,0,0,1,0,0,1,0,0,5.54805E+20,5.82061E+21,9.80796E+15,5.25328E+16
12840,3,2,41,5,2018,4,16,6,3,5,3,0,1,1,0,0,0,0,0,5.38116E+20,5.8082E+21,9.56051E+15,5.24227E+16
12841,3,2,41,11,2018,3,19,1,3,2,6,0,0,1,0,0,0,0,0,5.66471E+20,5.80329E+21,9.97647E+15,5.23758E+16
12842,3,3,60,18,2018,3,13,7,2,8,7,0,0,1,0,0,0,0,2,6.17259E+20,5.87208E+21,1.07467E+16,5.29855E+16
12843,3,4,4,0,2018,4,14,7,3,5,7,0,0,1,0,0,0,0,0,4.36374E+20,5.79276E+21,8.06732E+15,5.22815E+16
12844,3,2,52,2,2018,4,17,6,2,1,5,0,0,1,0,0,0,0,0,5.27095E+20,5.78767E+21,9.3968E+15,5.22387E+16
12845,3,2,41,8,2018,3,4,1,3,3,1,2,0,1,0,0,1,0,1,5.60472E+20,5.80858E+21,9.8893E+15,5.24241E+16
12846,3,1,59,35,2018,3,15,7,2,4,6,0,0,1,0,0,0,1,1,5.72584E+20,5.71247E+21,1.00471E+16,5.15587E+16
12847,3,2,41,1,2018,4,16,3,3,5,3,0,1,0,0,0,0,0,0,5.50689E+20,5.80234E+21,9.7445E+15,5.2369E+16
12848,3,3,59,11,2018,3,16,5,1,9,1,0,0,1,0,0,0,0,0,5.31635E+20,5.9299E+21,9.47711E+15,5.35171E+16
12849,3,3,60,5,2018,4,17,3,3,4,6,0,0,1,0,0,0,1,0,6.12173E+20,5.85578E+21,1.06654E+16,5.28401E+16
12850,3,3,51,4,2018,4,22,7,3,6,6,2,0,1,1,0,0,0,0,5.64272E+20,5.85216E+21,9.95365E+15,5.28154E+16
12851,3,3,52,11,2018,4,7,5,3,8,1,0,0,1,0,0,0,0,1,4.77882E+20,5.96341E+21,8.66404E+15,5.38188E+16
12852,3,2,54,14,2018,3,14,1,3,4,6,0,0,1,0,0,0,0,0,5.50452E+20,5.77787E+21,9.73737E+15,5.21491E+16
12853,3,1,54,28,2018,3,14,6,3,9,7,0,0,1,0,0,0,0,0,6.31948E+20,5.79382E+21,1.09342E+16,5.22789E+16
12854,3,4,61,9,2018,4,10,2,3,8,7,0,0,1,0,0,0,0,0,4.59981E+20,5.91717E+21,8.39807E+15,5.34021E+16
12855,3,1,59,29,2018,3,18,1,3,3,6,0,0,1,0,0,0,0,0,5.6094E+20,5.70601E+21,9.87799E+15,5.1502E+16
12856,3,4,3,0,2018,4,21,2,3,4,2,2,0,1,0,0,0,0,1,4.45909E+20,5.88595E+21,8.19174E+15,5.31202E+16
12857,3,4,4,0,2018,3,15,4,3,2,6,0,0,1,0,0,0,0,1,4.30608E+20,5.79145E+21,7.98308E+15,5.2269E+16
12858,3,4,61,7,2018,4,16,4,3,2,6,0,0,1,0,0,0,0,0,4.64853E+20,5.92554E+21,8.47041E+15,5.34776E+16
12859,3,3,56,7,2018,4,7,6,3,4,2,0,1,1,0,0,0,0,0,4.86297E+20,5.89745E+21,8.79474E+15,5.32262E+16
12860,3,4,51,2,2018,4,12,4,3,5,2,0,0,1,0,0,0,0,0,4.42008E+20,5.89181E+21,8.13239E+15,5.31725E+16
12861,3,1,53,17,2018,4,10,2,2,8,1,0,0,0,0,0,0,1,0,5.94365E+20,5.7462E+21,1.03703E+16,5.18586E+16
12862,3,1,59,16,2018,3,14,1,3,5,3,0,0,1,0,0,0,0,0,5.65207E+20,5.7074E+21,9.93971E+15,5.15139E+16
12863,3,1,2,0,2018,4,13,1,3,5,3,0,0,1,0,0,0,0,0,5.92791E+20,5.76445E+21,1.03524E+16,5.20229E+16
12864,3,2,41,2,2018,4,16,1,3,2,6,0,0,1,0,0,0,0,0,5.31506E+20,5.79507E+21,9.46209E+15,5.23051E+16
12865,3,4,59,21,2018,3,19,4,3,8,1,1,1,0,0,0,0,0,1,4.27414E+20,5.78831E+21,7.93695E+15,5.22404E+16
12866,3,4,52,1,2018,4,9,3,3,5,3,0,1,1,0,0,0,0,0,3.99504E+20,5.92553E+21,7.48601E+15,5.34691E+16
12867,3,1,2,0,2018,4,8,4,3,2,6,0,0,1,0,0,0,0,0,5.97544E+20,5.773E+21,1.04241E+16,5.2099E+16
12868,3,3,61,9,2018,4,13,4,3,2,6,0,0,1,0,0,0,0,0,5.01044E+20,5.87888E+21,9.01558E+15,5.30594E+16
12869,3,4,56,16,2018,4,16,6,3,0,7,0,0,1,0,0,0,0,0,3.82874E+20,5.79193E+21,7.28366E+15,5.22652E+16
12870,3,4,53,8,2018,4,8,4,3,5,3,0,0,1,0,0,0,0,0,4.33444E+20,5.86077E+21,8.01071E+15,5.28925E+16
12871,3,1,54,28,2018,3,11,1,3,8,1,0,0,1,0,0,0,0,0,6.341E+20,5.78801E+21,1.09634E+16,5.22262E+16
12872,3,3,52,62,2018,3,1,5,3,8,1,2,0,1,0,0,0,0,2,4.75892E+20,5.94794E+21,8.63501E+15,5.36796E+16
12873,3,1,2,0,2018,4,14,2,3,0,3,0,0,1,0,1,0,0,0,5.92703E+20,5.77428E+21,1.03537E+16,5.21113E+16
12874,3,1,2,0,2018,3,13,1,3,2,6,0,0,1,0,0,0,0,0,5.92034E+20,5.76498E+21,1.03415E+16,5.20278E+16
12875,3,3,57,41,2018,4,4,1,3,8,1,2,0,1,0,0,0,0,0,5.32449E+20,5.88657E+21,9.48495E+15,5.31276E+16
12876,3,3,55,22,2018,4,13,1,3,2,6,0,0,1,0,1,0,0,0,5.95173E+20,5.90425E+21,1.04274E+16,5.32789E+16
12877,3,4,54,41,2018,3,7,4,3,8,1,0,0,1,0,0,0,0,0,3.92975E+20,5.87849E+21,7.40352E+15,5.30452E+16
12878,3,4,54,32,2018,4,17,3,3,4,7,0,0,1,0,0,0,0,0,3.87883E+20,5.81952E+21,7.34778E+15,5.25143E+16
12879,3,2,41,12,2018,4,6,6,3,4,7,0,0,1,0,0,0,0,0,5.22388E+20,5.81638E+21,9.32978E+15,5.24971E+16
12880,3,2,54,8,2018,4,8,4,3,8,7,0,0,0,0,0,0,1,0,5.75088E+20,5.7579E+21,1.0093E+16,5.19667E+16
12881,3,4,54,49,2018,4,16,7,2,5,2,0,0,1,0,1,0,0,0,3.92919E+20,5.80173E+21,7.42767E+15,5.23554E+16
12882,3,1,57,6,2018,4,7,6,3,1,5,0,0,1,0,0,0,0,0,5.79978E+20,5.79512E+21,1.01729E+16,5.23006E+16
12883,3,4,59,8,2018,3,15,7,3,2,2,0,0,1,0,0,0,0,0,4.41431E+20,5.79681E+21,8.14073E+15,5.23185E+16
12884,3,4,59,14,2018,3,15,6,3,2,6,0,0,1,0,0,0,0,0,4.34749E+20,5.80467E+21,8.04118E+15,5.23884E+16
12885,3,2,52,6,2018,4,17,3,3,2,6,0,0,1,0,0,1,0,0,5.25995E+20,5.77239E+21,9.37952E+15,5.21014E+16
12886,3,2,41,1,2018,4,17,3,3,2,5,0,0,1,0,0,0,0,0,5.52388E+20,5.7989E+21,9.76892E+15,5.23379E+16
12887,3,2,41,20,2018,4,11,7,3,2,5,0,0,1,0,0,0,0,0,5.3919E+20,5.79141E+21,9.57434E+15,5.22717E+16
12888,3,3,60,4,2018,4,16,5,2,8,1,0,0,1,0,0,0,0,0,5.99998E+20,5.88399E+21,1.04934E+16,5.3096E+16
12889,3,4,59,14,2018,3,11,7,3,5,2,0,0,1,0,0,0,0,0,4.3603E+20,5.80488E+21,8.05997E+15,5.23904E+16
12890,3,4,4,0,2018,3,14,5,3,5,3,0,0,1,0,0,0,0,1,4.3437E+20,5.79353E+21,8.0378E+15,5.22882E+16
12891,3,3,57,9,2018,4,15,2,3,4,6,0,0,1,0,0,0,1,0,5.36116E+20,5.88222E+21,9.53925E+15,5.30882E+16
12892,3,4,59,27,2018,3,19,7,3,4,6,2,1,0,0,0,0,0,0,4.21116E+20,5.80725E+21,7.84029E+15,5.24098E+16
12893,3,3,58,8,2018,4,15,2,3,2,6,0,0,1,0,0,0,0,0,5.52237E+20,5.86094E+21,9.77651E+15,5.28956E+16
12894,3,4,57,20,2018,4,16,1,3,2,6,0,0,1,0,0,0,0,0,4.1432E+20,5.90069E+21,7.71588E+15,5.32486E+16
12895,3,4,56,15,2018,3,7,4,2,4,6,0,0,1,0,0,0,0,1,3.72688E+20,5.80419E+21,7.12983E+15,5.23732E+16
12896,3,3,55,22,2018,4,13,4,3,5,3,0,0,1,0,0,0,0,0,5.90733E+20,5.89762E+21,1.0359E+16,5.32202E+16
12897,3,2,51,49,2018,4,17,6,2,2,6,0,0,1,0,1,0,0,0,4.94515E+20,5.85711E+21,8.91853E+15,5.28636E+16
12898,3,3,53,31,2018,4,7,4,3,2,6,0,0,1,0,0,0,0,0,5.67606E+20,5.91585E+21,1.00165E+16,5.33874E+16
12899,3,4,59,11,2018,3,13,7,2,8,1,0,0,1,0,0,0,0,0,4.14707E+20,5.82628E+21,7.74123E+15,5.25799E+16
12900,3,4,59,33,2018,3,10,7,3,1,3,0,0,1,0,0,0,0,0,4.30287E+20,5.80002E+21,7.9766E+15,5.23461E+16
12901,3,2,54,43,2018,4,16,1,3,0,7,0,0,0,0,1,0,0,0,5.50918E+20,5.77033E+21,9.74305E+15,5.20812E+16
12902,3,4,5,0,2018,4,15,3,3,6,4,0,0,1,1,0,0,0,0,4.39806E+20,5.93656E+21,8.09094E+15,5.35744E+16
12903,3,4,59,34,2018,4,11,3,3,5,3,0,0,1,0,0,1,0,0,4.32544E+20,5.77366E+21,8.01499E+15,5.21094E+16
12904,3,3,61,12,2018,4,15,7,2,8,1,0,0,1,0,0,0,0,0,5.17628E+20,5.87001E+21,9.26255E+15,5.29794E+16
12905,3,4,54,32,2018,4,12,5,3,8,1,0,0,1,0,0,0,0,0,3.8942E+20,5.82888E+21,7.36731E+15,5.25987E+16
12906,3,4,4,0,2018,3,10,7,2,0,1,0,1,0,0,0,0,0,0,4.35219E+20,5.79097E+21,8.05073E+15,5.22653E+16
12907,3,4,51,1,2018,3,4,6,3,2,2,2,0,1,0,0,0,0,0,4.22002E+20,5.89275E+21,7.83292E+15,5.31784E+16
12908,3,4,59,24,2018,4,11,2,2,5,3,0,1,0,0,0,1,0,0,4.50338E+20,5.78565E+21,8.27305E+15,5.2219E+16
12909,3,4,53,13,2018,4,15,7,2,2,2,0,0,1,0,1,0,0,0,4.1288E+20,5.88902E+21,7.69749E+15,5.31435E+16
12910,3,4,59,18,2018,4,9,5,3,5,3,0,0,1,0,0,0,0,1,4.31937E+20,5.82541E+21,7.99564E+15,5.25744E+16
12911,3,4,4,0,2018,3,3,7,3,3,6,2,0,1,0,0,0,0,0,4.3535E+20,5.79103E+21,8.05264E+15,5.22659E+16
12912,3,3,56,5,2018,3,15,6,3,9,1,0,0,1,0,0,0,0,0,4.98875E+20,5.88709E+21,8.98319E+15,5.31332E+16
12913,3,1,2,0,2018,4,17,3,3,2,2,0,0,1,0,0,0,0,0,5.94013E+20,5.7668E+21,1.03708E+16,5.20438E+16
12914,3,2,57,24,2018,4,15,3,3,8,1,0,0,1,0,0,0,0,0,5.26706E+20,5.78878E+21,9.39118E+15,5.22487E+16
12915,3,1,55,13,2018,4,17,7,3,0,1,0,0,0,0,1,0,0,0,5.6617E+20,5.74305E+21,9.96034E+15,5.18343E+16
12916,3,2,41,1,2018,4,19,5,3,0,1,0,1,0,0,0,0,0,0,5.54425E+20,5.80658E+21,9.80006E+15,5.24068E+16
12917,3,4,56,1,2018,3,19,7,3,4,2,2,0,1,1,0,0,0,0,3.74516E+20,5.79671E+21,7.15947E+15,5.23064E+16
12918,3,4,52,11,2018,3,13,5,3,2,6,0,0,1,0,0,0,0,0,3.83114E+20,5.92123E+21,7.24081E+15,5.34272E+16
12919,3,3,51,4,2018,4,14,2,3,0,6,0,1,0,0,0,0,0,0,5.64675E+20,5.85146E+21,9.9595E+15,5.28091E+16
12920,3,4,54,14,2018,3,10,7,2,5,3,0,0,1,0,0,0,0,0,3.80336E+20,5.82984E+21,7.2329E+15,5.26054E+16
12921,3,2,41,5,2018,4,18,2,2,8,7,0,0,1,0,0,0,0,0,5.43018E+20,5.81091E+21,9.63295E+15,5.24466E+16
12922,3,3,56,3,2018,4,10,1,3,0,3,0,1,1,0,0,0,0,0,4.89175E+20,5.90569E+21,8.83756E+15,5.33003E+16
12923,3,4,54,10,2018,3,19,4,3,2,6,1,0,1,0,0,0,0,1,3.80044E+20,5.81401E+21,7.23431E+15,5.24631E+16
12924,3,2,41,1,2018,4,15,4,3,3,6,0,0,1,0,0,1,0,0,5.53225E+20,5.80898E+21,9.7828E+15,5.24284E+16
12925,3,4,58,8,2018,4,8,6,1,2,6,0,0,0,0,0,1,0,0,4.75225E+20,5.87011E+21,8.631E+15,5.298E+16
12926,3,3,60,25,2018,4,2,4,2,8,1,2,0,1,0,0,0,0,0,6.06776E+20,5.86842E+21,1.05894E+16,5.29548E+16
12927,3,4,54,49,2018,3,12,7,2,5,2,0,0,1,0,1,0,0,0,3.95532E+20,5.80078E+21,7.46632E+15,5.23474E+16
12928,3,4,62,5,2018,3,11,7,3,0,7,0,1,0,0,0,0,1,0,4.22985E+20,5.92314E+21,7.84026E+15,5.34517E+16
12929,3,1,54,27,2018,4,14,1,3,0,1,0,0,0,0,1,0,0,0,6.31925E+20,5.77362E+21,1.0926E+16,5.20973E+16
12930,3,4,51,7,2018,3,13,6,3,5,3,0,0,1,0,0,1,0,0,4.30236E+20,5.89905E+21,7.95473E+15,5.32361E+16
12931,3,4,3,0,2018,4,16,3,3,2,6,0,0,1,0,0,0,0,0,4.47573E+20,5.88595E+21,8.21661E+15,5.31204E+16
12932,3,4,56,27,2018,4,17,3,3,2,6,0,0,1,0,1,0,0,0,3.7904E+20,5.79812E+21,7.22528E+15,5.232E+16
12933,3,2,51,37,2018,4,14,7,3,6,6,0,1,0,1,0,0,0,0,4.80418E+20,5.87621E+21,8.70797E+15,5.3035E+16
12934,3,4,53,4,2018,4,14,5,3,2,6,0,0,1,0,0,0,0,1,4.36232E+20,5.85502E+21,8.05326E+15,5.28412E+16
12935,3,4,62,11,2018,3,19,7,3,2,6,2,0,1,0,0,0,1,0,4.00804E+20,5.93771E+21,7.50173E+15,5.35789E+16
12936,3,3,52,62,2018,3,23,6,3,9,1,1,0,1,0,0,0,0,1,4.8912E+20,5.9421E+21,8.83548E+15,5.36276E+16
12937,3,4,59,10,2018,4,8,2,2,8,1,0,0,1,0,0,0,0,0,4.28613E+20,5.82581E+21,7.94651E+15,5.25776E+16
12938,3,4,52,12,2018,3,5,7,2,8,1,2,0,1,0,0,0,0,1,3.91581E+20,5.91869E+21,7.36906E+15,5.34061E+16
12939,3,1,57,7,2018,4,2,3,3,7,7,2,0,1,1,0,0,0,0,5.93655E+20,5.79028E+21,1.03721E+16,5.2255E+16
12940,3,4,54,49,2018,3,17,4,3,2,6,0,0,1,0,0,0,0,1,3.92943E+20,5.79987E+21,7.42861E+15,5.23387E+16
12941,3,4,60,7,2018,4,2,6,3,8,1,2,0,0,0,0,0,1,0,4.38352E+20,5.818E+21,8.09166E+15,5.25086E+16
12942,3,4,56,15,2018,4,7,4,3,5,2,0,1,1,0,0,0,0,0,3.68991E+20,5.81181E+21,7.07257E+15,5.24407E+16
12943,3,4,60,9,2018,3,11,7,3,2,6,0,0,1,0,0,0,0,0,4.51719E+20,5.84932E+21,8.28401E+15,5.27915E+16
12944,3,2,51,37,2018,3,14,5,3,9,1,0,0,1,0,0,0,0,0,4.80334E+20,5.87412E+21,8.70685E+15,5.30163E+16
12945,3,2,57,3,2018,4,8,2,3,4,2,0,0,1,0,0,0,0,0,5.16216E+20,5.78667E+21,9.23742E+15,5.22302E+16
12946,3,4,53,10,2018,3,13,7,2,8,1,0,0,1,0,0,0,0,0,4.20314E+20,5.85462E+21,7.81709E+15,5.28354E+16
12947,3,4,52,23,2018,4,23,1,3,8,1,2,0,1,0,0,0,0,0,3.94692E+20,5.92626E+21,7.41331E+15,5.34748E+16
12948,3,3,53,9,2018,4,14,1,3,5,2,0,0,0,0,1,0,0,0,5.71029E+20,5.89327E+21,1.00629E+16,5.3184E+16
12949,3,4,60,2,2018,3,15,4,3,2,6,0,0,1,0,0,1,0,1,4.45818E+20,5.81898E+21,8.2015E+15,5.25182E+16
12950,3,1,1,0,2018,4,22,4,3,5,3,2,1,1,0,0,0,0,1,6.02922E+20,5.78944E+21,1.05075E+16,5.22457E+16
12951,3,3,58,21,2018,4,12,6,3,2,1,0,0,1,0,0,0,0,0,5.60866E+20,5.87172E+21,9.90679E+15,5.29916E+16
12952,3,2,41,19,2018,4,16,4,2,4,6,0,0,1,0,0,0,0,0,5.49146E+20,5.82378E+21,9.72501E+15,5.25619E+16
12953,3,1,2,0,2018,4,19,7,3,3,6,0,0,0,0,1,0,0,0,5.98672E+20,5.78419E+21,1.04438E+16,5.21993E+16
12954,3,1,58,30,2018,4,6,5,3,8,1,0,0,1,0,0,0,0,0,6.09163E+20,5.78984E+21,1.0599E+16,5.22481E+16
12955,3,4,53,4,2018,3,10,7,3,2,6,0,0,1,0,0,0,0,0,4.32036E+20,5.85323E+21,7.99135E+15,5.28245E+16
12956,3,4,51,5,2018,3,13,5,3,9,7,0,0,1,0,0,0,0,1,4.49927E+20,5.89753E+21,8.24997E+15,5.32247E+16
12957,3,2,41,11,2018,4,9,2,3,2,2,0,0,1,0,0,0,1,0,5.66282E+20,5.80682E+21,9.97438E+15,5.24076E+16
12958,3,3,61,3,2018,3,20,7,3,0,1,2,1,0,0,0,0,0,0,5.20518E+20,5.85449E+21,9.30462E+15,5.28398E+16
12959,3,1,58,6,2018,4,19,2,3,8,1,1,0,1,0,0,0,0,0,6.15618E+20,5.78978E+21,1.06935E+16,5.22463E+16
12960,3,4,58,14,2018,4,16,1,2,5,2,0,0,1,0,1,0,0,0,4.58706E+20,5.85852E+21,8.38645E+15,5.28748E+16