OBJECTID_1,ULAND,UREGBEZ,UKREIS,UGEMEINDE,UJAHR,UMONAT,USTUNDE,UWOCHENTAG,UKATEGORIE,UART,UTYP1,ULICHTVERH,IstRad,IstPKW,IstFuss,IstKrad,IstGkfz,IstSonstig,STRZUSTAND,LINREFX,LINREFY,XGCSWGS84,YGCSWGS84
13529,3,3,57,8,2018,4,14,7,3,2,2,0,0,1,0,0,0,0,0,5.12523E+20,5.9281E+21,9.18879E+15,5.35017E+16
13530,3,1,55,11,2018,4,15,5,3,2,6,0,0,1,0,0,0,0,0,5.64104E+20,5.72613E+21,9.92723E+15,5.16825E+16
13531,3,2,41,1,2018,4,14,5,3,5,3,0,1,0,0,0,0,0,0,5.49957E+20,5.80436E+21,9.73405E+15,5.23873E+16
13532,3,3,57,43,2018,4,10,3,3,6,1,0,0,1,1,0,0,0,0,5.14448E+20,5.91417E+21,9.21718E+15,5.33765E+16
13533,3,2,51,40,2018,4,8,2,3,5,2,0,0,1,0,0,0,0,0,4.87108E+20,5.83567E+21,8.80935E+15,5.26708E+16
13534,3,4,1,0,2018,4,10,6,3,2,2,0,0,1,0,0,0,0,0,4.74982E+20,5.87641E+21,8.6269E+15,5.30366E+16
13535,3,4,52,11,2018,4,13,5,3,0,3,0,0,1,0,0,0,1,0,3.78578E+20,5.92232E+21,7.17216E+15,5.34359E+16
13536,3,1,55,12,2018,4,16,3,3,2,6,0,1,1,0,0,0,0,0,5.46817E+20,5.71699E+21,9.67599E+15,5.1602E+16
13537,3,4,55,26,2018,4,17,6,3,5,3,0,0,1,0,1,0,0,0,4.41878E+20,5.91492E+21,8.12624E+15,5.33802E+16
13538,3,3,57,39,2018,4,14,4,3,8,1,0,0,0,0,0,1,0,0,5.19472E+20,5.89192E+21,9.29134E+15,5.31762E+16
13539,3,4,54,41,2018,4,13,4,2,5,2,0,0,1,0,0,0,0,0,3.95133E+20,5.8823E+21,7.43444E+15,5.30799E+16
13540,3,4,53,7,2018,4,13,5,2,5,3,0,0,1,0,1,0,0,0,4.24708E+20,5.87461E+21,7.87765E+15,5.30158E+16
13541,3,4,61,2,2018,4,8,7,2,5,2,0,0,1,0,0,0,0,0,4.63188E+20,5.90848E+21,8.44732E+15,5.33242E+16
13542,3,2,56,22,2018,4,16,5,3,5,3,0,1,1,0,0,0,0,0,5.14988E+20,5.83472E+21,9.22161E+15,5.26622E+16
13543,3,2,41,1,2018,4,16,5,3,0,4,0,0,0,1,0,1,0,0,5.58807E+20,5.80312E+21,9.86386E+15,5.23751E+16
13544,3,3,53,40,2018,4,15,3,2,5,2,0,1,1,0,0,0,0,0,5.80354E+20,5.91204E+21,1.02072E+16,5.33514E+16
13545,3,4,3,0,2018,4,11,2,3,2,6,0,0,1,0,0,0,0,0,4.46547E+20,5.88686E+21,8.20113E+15,5.31285E+16
13546,3,4,51,5,2018,4,16,6,3,4,2,0,1,0,0,0,0,1,0,4.48468E+20,5.89625E+21,8.22833E+15,5.32131E+16
13547,3,4,55,14,2018,4,16,5,3,5,3,0,0,1,0,0,0,0,0,4.35445E+20,5.92671E+21,8.02712E+15,5.34854E+16
13548,3,4,52,26,2018,4,18,6,2,8,1,0,0,0,0,1,0,0,0,3.82773E+20,5.92828E+21,7.23306E+15,5.34904E+16
13549,3,4,1,0,2018,4,16,4,3,5,7,0,0,1,0,1,0,0,1,4.74809E+20,5.87817E+21,8.62418E+15,5.30524E+16
13550,3,4,57,22,2018,4,16,4,3,2,6,0,0,1,0,0,0,1,0,3.97253E+20,5.88753E+21,7.46441E+15,5.31273E+16
13551,3,1,59,10,2018,4,19,1,3,5,2,0,1,1,0,0,0,0,0,5.92562E+20,5.70901E+21,1.03343E+16,5.15246E+16
13552,3,3,56,9,2018,4,18,5,3,0,2,0,0,1,0,0,0,0,0,4.73732E+20,5.89445E+21,8.60678E+15,5.31987E+16
13553,3,4,57,13,2018,4,17,1,3,2,6,0,0,1,0,0,0,0,0,3.95677E+20,5.89902E+21,7.43713E+15,5.32302E+16
13554,3,2,55,23,2018,4,22,6,3,5,3,2,0,1,0,0,0,0,0,5.3321E+20,5.74186E+21,9.48189E+15,5.18266E+16
13555,3,4,3,0,2018,4,20,6,3,2,6,0,0,1,0,0,0,0,0,4.49178E+20,5.88953E+21,8.24002E+15,5.31527E+16
13556,3,2,51,37,2018,4,11,5,3,5,3,0,0,1,0,0,0,0,0,4.81561E+20,5.87519E+21,8.72508E+15,5.30259E+16
13557,3,3,61,1,2018,4,7,2,3,2,2,0,0,1,0,0,0,0,0,5.03472E+20,5.87269E+21,9.05174E+15,5.30037E+16
13558,3,4,52,1,2018,4,19,3,3,4,2,0,1,1,0,0,0,0,1,3.99022E+20,5.92528E+21,7.47883E+15,5.34668E+16
13559,3,3,53,29,2018,4,6,4,3,0,7,0,0,1,0,0,1,0,0,5.57857E+20,5.91503E+21,9.86981E+15,5.33812E+16
13560,3,2,51,49,2018,4,5,5,3,5,3,1,1,0,0,0,0,0,0,4.99867E+20,5.85377E+21,8.99803E+15,5.28337E+16
13561,3,1,54,9,2018,4,15,1,3,5,2,0,0,1,0,1,0,0,0,6.30694E+20,5.80435E+21,1.09199E+16,5.23738E+16
13562,3,3,53,30,2018,4,17,5,3,2,1,0,0,1,0,0,0,0,0,5.75934E+20,5.89823E+21,1.01375E+16,5.3228E+16
13563,3,4,53,13,2018,4,17,5,2,4,2,0,0,1,0,1,0,0,0,4.1043E+20,5.88559E+21,7.66183E+15,5.31122E+16
13564,3,2,54,21,2018,4,16,6,3,2,6,0,0,1,0,0,0,0,0,5.66709E+20,5.77394E+21,9.97416E+15,5.2112E+16
13565,3,2,57,25,2018,4,16,2,3,3,2,0,0,1,0,1,0,0,0,5.09916E+20,5.80026E+21,9.14559E+15,5.23525E+16
13566,3,1,57,6,2018,4,18,3,3,2,7,0,0,1,0,0,0,1,0,5.85E+20,5.79583E+21,1.02467E+16,5.23062E+16
13567,3,1,51,40,2018,4,7,4,3,3,6,0,0,1,0,0,0,1,0,6.15446E+20,5.83982E+21,1.07083E+16,5.2696E+16
13568,3,4,58,10,2018,4,7,5,3,2,6,0,0,1,0,0,0,0,0,4.62676E+20,5.87899E+21,8.44308E+15,5.30591E+16
13569,3,2,41,11,2018,4,10,7,3,2,6,0,0,1,0,0,0,0,0,5.76116E+20,5.8015E+21,1.01177E+16,5.23585E+16
13570,3,1,58,37,2018,4,21,5,3,4,6,2,0,1,0,0,0,0,0,5.98943E+20,5.77784E+21,1.04459E+16,5.21422E+16
13571,3,1,55,11,2018,4,17,5,3,2,6,0,0,1,0,0,0,0,0,5.67864E+20,5.73055E+21,9.98248E+15,5.17218E+16
13572,3,3,52,32,2018,4,16,7,3,0,1,0,0,0,0,1,0,0,1,4.73401E+20,5.92414E+21,8.59933E+15,5.34656E+16
13573,3,2,41,20,2018,4,7,3,2,0,3,0,1,1,0,0,0,0,0,5.42521E+20,5.79148E+21,9.62317E+15,5.22721E+16
13574,3,3,53,40,2018,4,15,2,3,5,3,0,1,1,0,0,0,0,0,5.79066E+20,5.91359E+21,1.01882E+16,5.33655E+16
13575,3,3,55,28,2018,4,9,6,3,2,6,0,0,1,0,0,1,0,0,5.86745E+20,5.90887E+21,1.03023E+16,5.33218E+16
13576,3,4,58,8,2018,4,4,5,3,2,6,2,0,0,0,0,1,0,1,4.73515E+20,5.8688E+21,8.60563E+15,5.29682E+16
13577,3,2,57,28,2018,4,11,3,3,5,3,0,0,1,0,0,0,0,0,5.09049E+20,5.79073E+21,9.1326E+15,5.22669E+16
13578,3,2,41,1,2018,4,19,4,3,3,7,0,0,1,0,0,0,0,0,5.52093E+20,5.79941E+21,9.76466E+15,5.23425E+16
13579,3,4,53,2,2018,4,9,4,3,5,3,0,1,1,0,0,0,0,0,4.29744E+20,5.87347E+21,7.95296E+15,5.30061E+16
13580,3,1,58,16,2018,4,1,1,3,9,1,2,0,1,0,0,0,0,0,5.9138E+20,5.76869E+21,1.03329E+16,5.20613E+16
13581,3,4,61,5,2018,4,13,5,3,1,5,0,0,1,0,0,0,0,0,4.50125E+20,5.91475E+21,8.25022E+15,5.33795E+16
13582,3,4,61,5,2018,4,18,1,2,2,2,0,0,1,0,1,0,0,0,4.48058E+20,5.91032E+21,8.21988E+15,5.33395E+16
13583,3,4,56,15,2018,4,7,5,3,2,6,0,0,1,0,0,0,0,1,3.69405E+20,5.80462E+21,7.08147E+15,5.23763E+16
13584,3,1,51,27,2018,4,9,6,3,2,6,0,0,1,0,0,0,0,0,5.99213E+20,5.79864E+21,1.04559E+16,5.23291E+16
13585,3,4,58,8,2018,4,12,6,3,4,2,0,0,1,0,0,0,0,0,4.72257E+20,5.86212E+21,8.58748E+15,5.29081E+16
13586,3,4,58,7,2018,4,15,2,3,5,3,0,0,1,0,0,0,0,0,4.46921E+20,5.86146E+21,8.21089E+15,5.29002E+16
13587,3,3,52,11,2018,4,10,3,3,5,3,0,0,1,0,0,0,0,1,4.78208E+20,5.96431E+21,8.66892E+15,5.38269E+16
13588,3,3,51,6,2018,4,11,4,3,5,3,0,1,0,0,0,1,0,0,5.71156E+20,5.83048E+21,1.00511E+16,5.26196E+16
13589,3,4,58,9,2018,4,8,5,3,5,3,0,1,1,0,0,0,0,0,4.51581E+20,5.88328E+21,8.2769E+15,5.30968E+16
13590,3,1,2,0,2018,4,12,1,3,0,7,0,0,1,0,1,0,0,1,5.90844E+20,5.77973E+21,1.03281E+16,5.21606E+16
13591,3,3,56,9,2018,4,19,5,3,9,1,0,0,0,0,0,0,1,0,4.76161E+20,5.89753E+21,8.64291E+15,5.32265E+16
13592,3,4,52,23,2018,4,2,1,3,9,7,2,0,1,0,0,0,0,0,3.93395E+20,5.92627E+21,7.39377E+15,5.34746E+16
13593,3,1,58,37,2018,4,8,6,2,8,1,0,1,0,0,0,0,0,0,6.0587E+20,5.78186E+21,1.05483E+16,5.2177E+16
13594,3,2,51,38,2018,4,6,6,3,5,3,0,0,1,0,0,0,0,0,4.89239E+20,5.84965E+21,8.8404E+15,5.27966E+16
13595,3,2,51,49,2018,4,13,2,3,5,3,0,0,1,0,1,0,0,0,4.99162E+20,5.85311E+21,8.98756E+15,5.28278E+16
13596,3,3,61,8,2018,4,16,3,3,5,3,0,0,1,0,0,0,0,0,5.11471E+20,5.87966E+21,9.17118E+15,5.30663E+16
13597,3,3,53,35,2018,4,16,4,2,8,1,0,0,0,0,1,0,0,0,5.5504E+20,5.9044E+21,9.82561E+15,5.3286E+16
13598,3,3,52,29,2018,4,15,5,3,5,3,0,0,1,0,0,0,0,0,5.06351E+20,5.94285E+21,9.09605E+15,5.36344E+16
13599,3,1,51,22,2018,4,23,1,3,9,1,2,0,1,0,0,0,0,1,6.03881E+20,5.81097E+21,1.05282E+16,5.2439E+16
13600,3,3,51,22,2018,4,16,5,3,5,3,0,0,1,0,0,0,0,0,5.77866E+20,5.82602E+21,1.01491E+16,5.25786E+16
13601,3,3,61,6,2018,4,9,5,3,2,2,0,0,1,0,0,0,1,0,5.12546E+20,5.86971E+21,9.18684E+15,5.29768E+16
13602,3,1,2,0,2018,4,18,6,2,8,1,0,0,0,0,1,0,0,0,5.94496E+20,5.77634E+21,1.03805E+16,5.21295E+16
13603,3,2,55,17,2018,4,16,2,3,5,3,0,0,1,0,0,0,0,0,5.32292E+20,5.75954E+21,9.47023E+15,5.19856E+16
13604,3,4,59,17,2018,4,15,3,2,2,2,0,0,1,0,1,0,0,0,4.12002E+20,5.8194E+21,7.70314E+15,5.25176E+16
13605,3,4,59,8,2018,4,15,2,3,5,3,0,1,1,0,0,0,0,0,4.4037E+20,5.79539E+21,8.12542E+15,5.23056E+16
13606,3,3,53,19,2018,4,14,5,3,0,6,0,0,1,0,0,0,1,0,5.47287E+20,5.91243E+21,9.71053E+15,5.33589E+16
13607,3,2,54,21,2018,4,15,7,3,2,6,0,0,1,0,1,0,0,0,5.63664E+20,5.77365E+21,9.92965E+15,5.21098E+16
13608,3,4,59,8,2018,4,7,4,3,2,6,0,0,1,0,0,0,1,1,4.39451E+20,5.79475E+21,8.11207E+15,5.22997E+16
13609,3,2,56,21,2018,4,7,5,3,2,6,0,0,1,0,0,0,0,0,5.0858E+20,5.83394E+21,9.12684E+15,5.26554E+16
13610,3,1,53,7,2018,4,18,1,3,9,1,0,0,1,0,0,0,0,0,5.86982E+20,5.75681E+21,1.02658E+16,5.19552E+16
13611,3,3,59,38,2018,4,0,7,3,9,1,2,0,1,0,0,0,0,1,5.30325E+20,5.93762E+21,9.4581E+15,5.35865E+16
13612,3,2,41,1,2018,4,18,3,3,5,2,0,1,0,0,0,0,0,0,5.49735E+20,5.80253E+21,9.73052E+15,5.23708E+16
13613,3,3,55,49,2018,4,18,2,3,5,3,0,1,1,0,0,0,0,0,6.28845E+20,5.90587E+21,1.09328E+16,5.32864E+16
13614,3,3,59,38,2018,4,8,6,3,9,1,0,0,1,0,0,0,0,0,5.31443E+20,5.93418E+21,9.47464E+15,5.35556E+16
13615,3,3,59,25,2018,4,10,5,2,0,7,0,1,0,0,0,0,0,0,5.2E+20,5.94262E+21,9.30246E+15,5.3632E+16
13616,3,1,59,17,2018,4,5,3,3,4,2,1,0,1,0,1,0,0,0,5.44764E+20,5.69584E+21,9.64366E+15,5.1412E+16
13617,3,2,57,32,2018,4,12,4,1,5,3,0,1,1,0,0,0,0,0,5.24607E+20,5.79673E+21,9.36103E+15,5.23203E+16
13618,3,4,5,0,2018,4,7,4,3,2,6,0,0,0,0,0,0,1,0,4.38625E+20,5.93132E+21,8.07414E+15,5.35273E+16
13619,3,1,51,38,2018,4,3,1,1,8,1,2,0,1,0,0,0,0,0,6.04802E+20,5.82835E+21,1.05472E+16,5.2595E+16
13620,3,3,58,8,2018,4,14,5,3,2,6,0,0,1,0,0,0,1,0,5.52951E+20,5.86179E+21,9.78726E+15,5.29032E+16
13621,3,3,59,33,2018,4,17,1,3,4,6,0,0,1,0,1,0,0,0,5.40714E+20,5.93198E+21,9.61429E+15,5.35351E+16
13622,3,4,55,25,2018,4,4,1,2,5,3,2,0,1,0,0,0,0,0,4.34113E+20,5.91578E+21,8.00934E+15,5.3387E+16
13623,3,4,55,26,2018,4,17,5,3,5,3,0,0,1,0,0,0,0,0,4.42478E+20,5.91557E+21,8.13513E+15,5.33861E+16
13624,3,4,59,19,2018,4,15,5,2,8,1,0,0,0,0,1,0,0,0,4.40658E+20,5.78449E+21,8.13156E+15,5.22077E+16
13625,3,3,57,57,2018,4,16,6,3,5,3,0,0,1,0,1,0,0,0,5.18252E+20,5.90642E+21,9.27392E+15,5.33067E+16
13626,3,3,57,45,2018,4,14,2,3,2,2,0,0,1,0,0,0,0,1,5.16641E+20,5.88372E+21,9.24856E+15,5.31027E+16
13627,3,3,57,39,2018,4,13,3,3,2,6,0,0,1,0,0,1,0,0,5.27418E+20,5.88463E+21,9.4096E+15,5.31104E+16
13628,3,2,41,13,2018,4,16,4,3,3,6,0,0,1,0,1,0,0,0,5.5316E+20,5.79134E+21,9.77905E+15,5.22698E+16
13629,3,3,58,8,2018,4,14,5,3,2,6,0,0,1,0,0,0,0,0,5.52937E+20,5.86177E+21,9.78705E+15,5.2903E+16
13630,3,4,53,2,2018,4,16,7,3,2,1,0,0,0,0,1,0,0,0,4.30694E+20,5.88219E+21,7.96524E+15,5.30846E+16
13631,3,2,41,9,2018,4,16,5,3,2,6,0,0,1,0,0,0,0,0,5.57197E+20,5.79493E+21,9.83881E+15,5.23017E+16
13632,3,3,57,55,2018,4,14,5,3,4,6,0,1,0,0,0,0,0,0,5.05657E+20,5.89451E+21,9.08469E+15,5.31999E+16
13633,3,4,51,8,2018,4,8,3,3,1,5,0,0,1,0,0,1,0,0,4.41175E+20,5.90161E+21,8.11813E+15,5.32605E+16
13634,3,4,52,1,2018,4,10,2,3,2,6,0,0,1,0,0,0,0,0,3.99367E+20,5.92589E+21,7.48383E+15,5.34724E+16
13635,3,3,58,19,2018,4,7,5,3,3,2,0,0,1,0,0,0,0,1,5.57564E+20,5.89252E+21,9.86132E+15,5.31789E+16
13636,3,1,51,40,2018,4,15,7,3,0,7,0,0,0,0,1,0,0,0,6.21693E+20,5.84043E+21,1.0801E+16,5.27001E+16
13637,3,4,56,25,2018,4,16,4,3,5,3,0,0,1,0,0,0,0,0,3.76949E+20,5.82313E+21,7.1854E+15,5.25443E+16
13638,3,1,57,7,2018,4,18,5,3,1,5,0,1,1,0,0,0,0,0,5.90958E+20,5.79196E+21,1.0333E+16,5.22705E+16
13639,3,1,1,0,2018,4,5,1,2,8,1,1,0,1,0,0,0,1,0,6.03927E+20,5.79704E+21,1.05246E+16,5.23138E+16
13640,3,4,57,13,2018,4,5,7,3,0,7,1,1,0,0,0,0,0,0,3.94733E+20,5.89774E+21,7.42341E+15,5.32185E+16
13641,3,2,41,5,2018,4,17,5,3,2,2,0,0,1,0,0,0,0,1,5.42444E+20,5.81121E+21,9.62454E+15,5.24494E+16
13642,3,2,51,37,2018,4,7,5,3,5,3,0,1,1,0,0,0,0,0,4.81898E+20,5.87609E+21,8.73005E+15,5.3034E+16
13643,3,4,59,19,2018,4,8,5,3,2,6,0,0,1,0,0,0,0,1,4.36402E+20,5.78639E+21,8.06893E+15,5.22243E+16
13644,3,4,59,24,2018,4,15,1,3,9,1,0,0,0,0,1,0,0,0,4.5951E+20,5.78981E+21,8.4068E+15,5.22572E+16
13645,3,4,52,6,2018,4,13,3,3,4,2,0,0,1,0,0,0,0,0,4.07021E+20,5.91954E+21,7.60098E+15,5.34167E+16
13646,3,4,54,19,2018,4,18,2,3,2,2,0,0,1,0,0,0,0,0,3.99545E+20,5.83622E+21,7.51451E+15,5.26666E+16
13647,3,3,57,21,2018,4,17,5,2,5,3,0,0,1,0,0,0,0,0,5.1922E+20,5.91057E+21,9.2887E+15,5.33439E+16
13648,3,1,59,29,2018,4,5,7,3,2,6,1,0,1,0,0,1,0,0,5.60289E+20,5.70103E+21,9.86775E+15,5.14572E+16
13649,3,4,57,13,2018,4,17,4,3,2,6,0,0,1,0,0,0,0,1,3.99528E+20,5.89966E+21,7.49459E+15,5.32367E+16
13650,3,1,59,7,2018,4,13,5,2,5,3,0,0,1,0,0,0,0,0,5.60904E+20,5.71381E+21,9.87881E+15,5.15721E+16
13651,3,4,57,10,2018,4,9,7,3,2,2,0,0,1,0,0,0,1,1,4.02437E+20,5.91033E+21,7.53489E+15,5.33331E+16
13652,3,2,41,1,2018,4,19,7,3,2,6,1,0,1,0,0,0,0,0,5.4987E+20,5.8081E+21,9.73333E+15,5.24208E+16
13653,3,2,41,1,2018,4,16,2,2,5,2,0,0,1,0,1,0,0,0,5.44917E+20,5.80432E+21,9.65999E+15,5.23873E+16
13654,3,3,57,45,2018,4,12,6,3,5,2,0,0,0,0,1,0,1,0,5.13796E+20,5.88453E+21,9.20609E+15,5.311E+16
13655,3,3,55,4,2018,4,7,5,3,5,3,0,1,1,0,0,0,0,0,5.92916E+20,5.90498E+21,1.03938E+16,5.32859E+16
13656,3,1,57,6,2018,4,12,3,3,6,7,0,0,1,1,0,0,0,0,5.84577E+20,5.80035E+21,1.02416E+16,5.2347E+16
13657,3,2,52,3,2018,4,14,4,3,9,7,0,0,0,0,0,0,1,0,5.18371E+20,5.75871E+21,9.26748E+15,5.19788E+16
13658,3,2,51,44,2018,4,21,4,2,7,7,2,0,0,0,1,0,0,0,4.75524E+20,5.82168E+21,8.63907E+15,5.25447E+16
13659,3,4,54,19,2018,4,10,7,2,8,1,0,0,0,0,1,0,0,0,3.95232E+20,5.83835E+21,7.45009E+15,5.26849E+16
13660,3,3,51,21,2018,4,18,5,3,5,3,0,0,1,1,0,0,0,0,5.77595E+20,5.82109E+21,1.0144E+16,5.25343E+16
13661,3,3,60,25,2018,4,13,1,2,5,3,0,0,1,0,1,0,0,0,6.06932E+20,5.87018E+21,1.05923E+16,5.29705E+16
13662,3,3,61,12,2018,4,11,5,3,2,6,0,0,1,0,0,0,0,0,5.16679E+20,5.86397E+21,9.2481E+15,5.29251E+16
13663,3,4,4,0,2018,4,10,5,2,2,6,0,0,1,0,0,0,0,0,4.37932E+20,5.79152E+21,8.09038E+15,5.22706E+16
13664,3,2,41,3,2018,4,13,6,3,6,4,0,0,1,1,0,0,0,0,5.68847E+20,5.81078E+21,1.00129E+16,5.24429E+16
13665,3,2,41,1,2018,4,8,2,3,2,6,0,0,1,0,0,1,0,0,5.5671E+20,5.80803E+21,9.8339E+15,5.24196E+16
13666,3,3,51,6,2018,4,13,3,3,5,3,0,0,1,0,1,0,0,0,5.72405E+20,5.83069E+21,1.00696E+16,5.26213E+16
13667,3,2,41,1,2018,4,14,4,3,3,6,0,0,1,0,0,0,0,0,5.42948E+20,5.80807E+21,9.63156E+15,5.24212E+16
13668,3,3,51,6,2018,4,14,5,3,0,1,0,1,0,0,0,0,0,0,5.71748E+20,5.83058E+21,1.00599E+16,5.26205E+16
13669,3,3,56,5,2018,4,11,7,3,5,3,0,0,1,0,0,0,0,0,4.9623E+20,5.8936E+21,8.94358E+15,5.31917E+16
13670,3,4,56,25,2018,4,17,1,2,9,1,0,0,0,0,1,0,0,0,3.78692E+20,5.81592E+21,7.21372E+15,5.248E+16
13671,3,2,56,32,2018,4,7,5,3,2,6,0,0,1,0,0,0,0,1,5.05561E+20,5.81768E+21,9.08194E+15,5.25092E+16
13672,3,3,55,24,2018,4,17,5,3,2,6,0,0,1,0,0,0,1,0,5.94149E+20,5.89324E+21,1.04088E+16,5.31802E+16
13673,3,4,60,6,2018,4,13,3,3,2,6,0,0,1,0,0,1,0,0,4.43583E+20,5.83509E+21,8.16581E+15,5.26629E+16
13674,3,4,5,0,2018,4,18,2,2,0,2,0,0,1,0,0,0,0,0,4.36655E+20,5.9406E+21,8.04254E+15,5.36104E+16
13675,3,3,61,6,2018,4,8,6,3,5,3,0,1,1,0,0,0,0,0,5.11727E+20,5.86977E+21,9.17464E+15,5.29774E+16
13676,3,3,51,6,2018,4,14,5,3,5,3,0,1,1,0,0,0,0,0,5.74124E+20,5.83012E+21,1.00948E+16,5.2616E+16
13677,3,4,57,18,2018,4,16,6,3,2,6,0,0,1,0,0,0,0,0,4.02371E+20,5.89089E+21,7.53985E+15,5.31584E+16
13678,3,4,51,4,2018,4,15,4,3,5,3,0,1,1,0,0,0,0,1,4.31289E+20,5.88608E+21,7.97329E+15,5.31197E+16
13679,3,4,59,3,2018,4,4,4,2,9,7,2,0,1,0,0,0,0,0,4.60807E+20,5.79652E+21,8.42502E+15,5.23176E+16
13680,3,4,52,1,2018,4,22,7,3,5,3,2,0,1,0,0,0,0,0,3.98741E+20,5.92564E+21,7.4745E+15,5.347E+16
13681,3,2,41,1,2018,4,8,5,3,0,6,0,1,0,0,0,0,0,0,5.55679E+20,5.80172E+21,9.81768E+15,5.23629E+16
13682,3,4,59,5,2018,4,19,1,3,9,1,0,0,1,0,0,0,0,0,4.37927E+20,5.7746E+21,8.0934E+15,5.21185E+16
13683,3,1,59,2,2018,4,17,6,3,0,6,0,0,0,0,1,0,0,0,5.83558E+20,5.7357E+21,1.02109E+16,5.17659E+16
13684,3,3,61,5,2018,4,9,6,2,9,6,0,0,1,0,0,0,0,0,5.20871E+20,5.86471E+21,9.3105E+15,5.29317E+16
13685,3,2,41,1,2018,4,8,5,3,3,6,0,0,1,0,0,1,0,0,5.49865E+20,5.80816E+21,9.73327E+15,5.24214E+16
13686,3,4,5,0,2018,4,7,2,3,2,6,0,0,1,0,0,0,0,0,4.40882E+20,5.93144E+21,8.10815E+15,5.35286E+16
13687,3,4,57,17,2018,4,20,3,2,5,3,1,0,1,0,1,0,0,1,4.07267E+20,5.88574E+21,7.61455E+15,5.3113E+16
13688,3,4,52,1,2018,4,21,7,2,8,1,2,0,1,0,0,0,0,1,4.01234E+20,5.92111E+21,7.51346E+15,5.34298E+16
13689,3,2,41,21,2018,4,17,5,3,3,2,0,1,1,0,0,0,0,0,5.28912E+20,5.80889E+21,9.42524E+15,5.24295E+16
13690,3,2,54,45,2018,4,12,1,3,8,1,0,0,0,0,1,0,0,0,5.62071E+20,5.76975E+21,9.90568E+15,5.20748E+16
13691,3,4,1,0,2018,4,12,5,3,3,2,0,1,0,0,0,1,0,1,4.75337E+20,5.87844E+21,8.63203E+15,5.30549E+16
13692,3,4,52,11,2018,4,17,5,3,2,6,0,0,1,0,0,0,0,0,3.83114E+20,5.92123E+21,7.24081E+15,5.34272E+16
13693,3,2,41,21,2018,4,16,5,3,5,2,0,1,1,0,0,0,0,0,5.29353E+20,5.80813E+21,9.43164E+15,5.24226E+16
13694,3,2,54,43,2018,4,15,2,3,5,3,0,1,1,0,0,0,0,0,5.53852E+20,5.77114E+21,9.78599E+15,5.20882E+16
13695,3,2,41,1,2018,4,8,6,3,5,2,0,1,1,0,0,0,0,0,5.51883E+20,5.80251E+21,9.76207E+15,5.23704E+16
13696,3,4,60,6,2018,4,17,6,1,8,1,0,0,1,0,0,0,0,0,4.43247E+20,5.83276E+21,8.16126E+15,5.26419E+16
13697,3,2,41,14,2018,4,17,5,3,2,6,0,0,1,0,0,0,0,0,5.44465E+20,5.79687E+21,9.65237E+15,5.23203E+16
13698,3,4,4,0,2018,4,17,2,3,3,2,0,1,1,0,0,0,0,0,4.34165E+20,5.79168E+21,8.03516E+15,5.22716E+16
13699,3,1,57,6,2018,4,16,4,3,5,3,0,0,1,0,0,0,1,0,5.8789E+20,5.7999E+21,1.02901E+16,5.23423E+16
13700,3,4,60,9,2018,4,11,7,3,2,6,0,0,1,0,1,0,0,0,4.50026E+20,5.84864E+21,8.25901E+15,5.27853E+16
13701,3,2,41,7,2018,4,16,5,3,5,3,0,0,1,0,1,0,0,0,5.4992E+20,5.79677E+21,9.73238E+15,5.2319E+16
13702,3,2,41,9,2018,4,20,1,3,2,6,2,0,1,0,0,0,0,1,5.54963E+20,5.79672E+21,9.80635E+15,5.23181E+16
13703,3,4,3,0,2018,4,14,5,3,5,3,0,1,1,0,0,0,0,1,4.43563E+20,5.88828E+21,8.15628E+15,5.31409E+16
13704,3,4,56,15,2018,4,7,5,3,5,2,0,1,0,0,0,1,0,0,3.68453E+20,5.81184E+21,7.06465E+15,5.24409E+16
13705,3,2,41,11,2018,4,7,6,3,8,6,0,0,1,0,0,1,0,0,5.70165E+20,5.80374E+21,1.00308E+16,5.23795E+16
13706,3,2,41,1,2018,4,16,2,2,3,6,0,0,1,0,1,0,0,0,5.48988E+20,5.80048E+21,9.71925E+15,5.23524E+16
13707,3,2,57,31,2018,4,23,3,3,5,3,2,0,1,0,0,0,0,0,5.03263E+20,5.78467E+21,9.04775E+15,5.22125E+16
13708,3,2,55,17,2018,4,8,4,3,2,6,0,0,1,0,0,0,1,0,5.31245E+20,5.75934E+21,9.45498E+15,5.19839E+16
13709,3,2,41,19,2018,4,21,5,3,2,6,2,0,1,0,0,0,0,0,5.51785E+20,5.82265E+21,9.76376E+15,5.25515E+16
13710,3,3,55,22,2018,4,11,7,2,2,7,0,0,1,0,0,0,0,0,5.92871E+20,5.90443E+21,1.0393E+16,5.32809E+16
13711,3,2,54,8,2018,4,18,5,2,2,6,0,1,1,0,0,0,0,0,5.79936E+20,5.76366E+21,1.01649E+16,5.20178E+16
13712,3,2,41,2,2018,4,8,5,3,5,2,0,1,0,0,0,1,0,0,5.3288E+20,5.79477E+21,9.48221E+15,5.23023E+16
13713,3,3,58,5,2018,4,10,3,3,2,6,0,0,0,0,0,1,0,0,5.47043E+20,5.8356E+21,9.69567E+15,5.26683E+16
13714,3,4,3,0,2018,4,23,2,3,5,2,2,0,1,0,0,0,0,0,4.46195E+20,5.88841E+21,8.1956E+15,5.31424E+16
13715,3,2,51,21,2018,4,15,6,2,5,3,0,0,1,0,0,0,0,0,4.83776E+20,5.82741E+21,8.76047E+15,5.25965E+16
13716,3,2,41,4,2018,4,16,5,3,5,3,0,1,1,0,0,0,0,0,5.62205E+20,5.81841E+21,9.91661E+15,5.25122E+16
13717,3,4,52,1,2018,4,13,6,3,3,2,0,1,1,0,0,0,0,0,4.00956E+20,5.92267E+21,7.50878E+15,5.34438E+16
13718,3,3,58,22,2018,4,10,4,2,6,2,0,0,1,1,0,0,0,0,5.39491E+20,5.85702E+21,9.58658E+15,5.28615E+16