OBJECTID_1,ULAND,UREGBEZ,UKREIS,UGEMEINDE,UJAHR,UMONAT,USTUNDE,UWOCHENTAG,UKATEGORIE,UART,UTYP1,ULICHTVERH,IstRad,IstPKW,IstFuss,IstKrad,IstGkfz,IstSonstig,STRZUSTAND,LINREFX,LINREFY,XGCSWGS84,YGCSWGS84
13719,3,4,54,57,2018,4,17,4,2,5,3,0,0,1,0,0,0,1,0,4.13838E+20,5.85867E+21,7.71991E+15,5.28708E+16
13720,3,4,53,10,2018,4,8,7,3,2,2,0,0,1,0,0,0,0,0,4.18048E+20,5.85565E+21,7.78319E+15,5.28443E+16
13721,3,2,41,3,2018,4,9,5,3,5,3,0,1,1,0,0,0,0,0,5.68874E+20,5.81089E+21,1.00133E+16,5.24438E+16
13722,3,4,57,12,2018,4,14,1,2,8,6,0,1,1,0,0,0,0,0,3.90555E+20,5.90253E+21,7.35921E+15,5.32607E+16
13723,3,1,59,16,2018,4,17,6,3,4,1,0,0,1,0,1,0,0,0,5.66295E+20,5.71152E+21,9.95616E+15,5.15509E+16
13724,3,2,51,41,2018,4,13,6,3,0,1,0,0,1,0,1,0,0,0,4.84229E+20,5.86518E+21,8.76534E+15,5.2936E+16
13725,3,4,51,8,2018,4,16,2,3,2,6,0,0,1,0,0,0,0,0,4.43628E+20,5.89953E+21,8.15527E+15,5.32421E+16
13726,3,4,53,10,2018,4,20,3,3,2,2,1,0,1,0,0,0,0,1,4.1978E+20,5.85494E+21,7.80908E+15,5.28383E+16
13727,3,3,53,29,2018,4,12,4,3,2,6,0,0,1,0,0,0,0,0,5.62718E+20,5.91087E+21,9.94205E+15,5.33433E+16
13728,3,2,41,1,2018,4,14,5,3,3,6,0,0,1,0,0,0,0,0,5.49288E+20,5.80326E+21,9.72406E+15,5.23774E+16
13729,3,1,57,6,2018,4,17,1,3,2,2,0,0,1,0,0,0,0,0,5.79818E+20,5.79551E+21,1.01706E+16,5.23042E+16
13730,3,3,57,19,2018,4,7,5,3,8,1,0,0,0,0,1,0,0,1,5.32235E+20,5.90003E+21,9.48311E+15,5.32485E+16
13731,3,4,53,3,2018,4,14,5,2,5,3,0,0,1,0,0,0,1,0,4.33596E+20,5.85215E+21,8.01472E+15,5.28151E+16
13732,3,1,59,29,2018,4,13,6,3,2,6,0,0,1,0,0,0,0,0,5.63195E+20,5.70754E+21,9.91074E+15,5.15155E+16
13733,3,2,56,36,2018,4,7,2,3,2,2,0,0,1,0,0,0,0,0,5.05794E+20,5.83869E+21,9.08573E+15,5.26981E+16
13734,3,4,4,0,2018,4,17,3,2,2,6,0,0,1,0,0,1,0,0,4.32666E+20,5.79905E+21,8.01171E+15,5.23376E+16
13735,3,2,41,1,2018,4,16,5,3,2,6,0,0,1,0,0,0,1,0,5.4836E+20,5.80903E+21,9.71126E+15,5.24293E+16
13736,3,2,41,1,2018,4,17,7,2,5,3,0,1,1,0,0,0,0,0,5.51808E+20,5.79988E+21,9.76057E+15,5.23467E+16
13737,3,1,53,12,2018,4,14,5,3,5,3,0,0,1,0,0,0,0,0,5.79205E+20,5.74666E+21,1.01503E+16,5.18651E+16
13738,3,2,57,15,2018,4,20,5,3,2,6,2,0,1,0,0,0,0,0,5.18561E+20,5.79838E+21,9.27241E+15,5.23354E+16
13739,3,3,53,5,2018,4,10,7,3,2,6,0,0,1,0,0,0,0,1,5.58884E+20,5.90865E+21,9.88406E+15,5.33237E+16
13740,3,2,54,32,2018,4,19,6,3,2,6,0,0,1,0,0,0,0,0,5.83801E+20,5.78437E+21,1.02263E+16,5.22034E+16
13741,3,1,55,13,2018,4,19,2,3,8,1,1,0,1,0,0,0,0,0,5.54427E+20,5.7428E+21,9.78988E+15,5.18334E+16
13742,3,2,55,25,2018,4,17,3,3,5,3,0,0,1,0,0,0,0,0,5.40549E+20,5.75813E+21,9.5903E+15,5.19723E+16
13743,3,1,2,0,2018,4,16,4,3,3,2,0,1,1,0,0,0,0,0,5.91532E+20,5.77741E+21,1.03375E+16,5.21396E+16
13744,3,2,41,11,2018,4,8,5,3,3,6,0,0,1,0,0,1,0,0,5.64105E+20,5.80509E+21,9.94206E+15,5.23923E+16
13745,3,2,41,1,2018,4,21,7,3,0,7,1,1,0,1,0,0,0,0,5.44811E+20,5.8044E+21,9.65845E+15,5.23881E+16
13746,3,1,59,16,2018,4,14,5,3,8,1,0,0,0,0,1,0,0,1,5.66836E+20,5.71036E+21,9.96374E+15,5.15404E+16
13747,3,2,41,12,2018,4,7,5,2,5,2,0,0,0,0,1,0,1,0,5.23708E+20,5.82048E+21,9.34952E+15,5.25339E+16
13748,3,4,61,3,2018,4,11,7,3,9,1,0,0,1,0,0,0,0,1,4.60743E+20,5.93405E+21,8.40742E+15,5.35538E+16
13749,3,3,54,4,2018,4,16,3,2,4,1,0,0,1,0,1,0,0,0,6.41926E+20,5.8892E+21,1.11215E+16,5.31333E+16
13750,3,4,61,3,2018,4,9,2,3,8,7,0,0,1,0,0,0,0,0,4.55622E+20,5.93119E+21,8.33054E+15,5.35278E+16
13751,3,3,52,32,2018,4,11,6,3,2,6,0,0,1,0,0,0,0,0,4.73336E+20,5.92219E+21,8.59852E+15,5.34481E+16
13752,3,1,55,13,2018,4,7,5,3,2,6,0,0,1,0,0,0,0,0,5.58882E+20,5.73991E+21,9.85404E+15,5.1807E+16
13753,3,1,59,3,2018,4,13,3,2,8,1,0,0,0,0,1,0,0,0,6.05156E+20,5.72389E+21,1.05202E+16,5.16562E+16
13754,3,4,5,0,2018,4,10,6,3,0,1,0,1,1,0,0,0,0,0,4.42041E+20,5.93208E+21,8.12552E+15,5.35344E+16
13755,3,3,54,25,2018,4,6,4,3,9,1,0,0,1,0,0,0,0,1,6.49867E+20,5.86999E+21,1.12312E+16,5.29586E+16
13756,3,4,56,15,2018,4,13,4,2,3,7,0,0,1,0,0,1,0,0,3.68736E+20,5.80693E+21,7.07074E+15,5.23968E+16
13757,3,4,51,8,2018,4,9,7,2,5,3,0,0,1,0,0,0,0,1,4.39878E+20,5.89588E+21,8.09978E+15,5.32088E+16
13758,3,1,55,7,2018,4,8,5,3,5,2,0,0,1,0,0,0,0,0,5.79567E+20,5.72209E+21,1.01499E+16,5.16442E+16
13759,3,4,51,7,2018,4,15,1,3,4,6,0,0,1,0,0,0,0,0,4.29144E+20,5.89908E+21,7.93837E+15,5.32363E+16
13760,3,4,54,55,2018,4,21,5,2,8,1,2,0,1,0,0,0,0,0,4.1723E+20,5.86024E+21,7.76988E+15,5.28855E+16
13761,3,1,53,17,2018,4,11,6,3,7,7,0,0,1,0,0,0,0,0,5.91065E+20,5.74579E+21,1.03223E+16,5.18554E+16
13762,3,2,51,37,2018,4,10,6,3,2,6,0,0,1,0,0,0,0,0,4.8001E+20,5.87289E+21,8.70209E+15,5.30052E+16
13763,3,2,51,37,2018,4,9,2,3,2,6,0,0,1,0,0,0,1,0,4.85619E+20,5.87463E+21,8.7856E+15,5.3021E+16
13764,3,4,58,10,2018,4,8,3,3,5,3,0,0,1,0,0,0,0,0,4.64113E+20,5.88462E+21,8.46389E+15,5.31098E+16
13765,3,3,57,57,2018,4,17,4,2,5,3,0,1,1,0,0,0,0,0,5.18377E+20,5.90556E+21,9.27574E+15,5.32989E+16
13766,3,2,41,1,2018,4,14,1,3,7,7,0,0,1,0,0,0,0,0,5.42712E+20,5.80824E+21,9.62811E+15,5.24227E+16
13767,3,2,56,25,2018,4,14,5,3,5,3,0,0,1,0,0,0,0,0,5.15345E+20,5.81335E+21,9.22589E+15,5.24701E+16
13768,3,4,59,30,2018,4,13,7,2,1,5,0,0,1,0,0,0,0,0,4.28679E+20,5.83661E+21,7.94515E+15,5.26747E+16
13769,3,2,41,1,2018,4,17,5,3,5,2,0,1,1,0,0,0,0,0,5.49119E+20,5.80141E+21,9.72131E+15,5.23608E+16
13770,3,4,51,2,2018,4,11,5,2,4,6,0,0,1,0,0,0,0,0,4.38939E+20,5.89612E+21,8.08567E+15,5.32109E+16
13771,3,1,51,23,2018,4,11,6,3,2,6,0,0,1,0,0,0,0,0,6.04121E+20,5.8081E+21,1.05309E+16,5.24132E+16
13772,3,1,2,0,2018,4,7,2,2,4,2,0,0,1,0,1,0,0,1,5.99715E+20,5.78387E+21,1.04589E+16,5.21963E+16
13773,3,4,54,35,2018,4,15,3,3,4,2,0,0,1,0,0,0,0,0,3.77569E+20,5.82968E+21,7.19212E+15,5.26033E+16
13774,3,4,59,2,2018,4,17,2,3,5,3,0,1,1,0,0,0,0,0,4.24007E+20,5.82177E+21,7.87947E+15,5.25407E+16
13775,3,2,57,2,2018,4,6,5,2,8,1,0,0,1,0,0,0,0,1,5.2145E+20,5.79291E+21,9.31446E+15,5.22861E+16
13776,3,2,52,4,2018,4,20,7,3,6,6,0,0,1,1,0,0,0,0,5.38909E+20,5.77346E+21,9.56818E+15,5.21103E+16
13777,3,4,59,9,2018,4,8,4,2,9,1,0,0,1,0,0,0,0,0,4.16172E+20,5.82919E+21,7.76211E+15,5.26062E+16
13778,3,2,54,22,2018,4,22,5,3,3,7,2,0,1,0,0,1,0,0,5.80389E+20,5.77187E+21,1.01734E+16,5.20915E+16
13779,3,2,51,47,2018,4,10,7,3,5,3,0,0,1,0,0,0,0,1,4.88099E+20,5.87092E+21,8.82271E+15,5.29878E+16
13780,3,3,51,23,2018,4,13,7,3,4,2,0,0,1,0,0,0,0,0,5.57E+20,5.83405E+21,9.84262E+15,5.26534E+16
13781,3,2,41,12,2018,4,8,2,3,0,4,0,0,1,1,0,0,0,0,5.39678E+20,5.82598E+21,9.5856E+15,5.25824E+16
13782,3,3,58,8,2018,4,17,6,3,8,1,0,0,1,0,0,0,0,0,5.51101E+20,5.86293E+21,9.75993E+15,5.29136E+16
13783,3,2,55,34,2018,4,15,5,3,5,3,0,0,1,0,0,0,0,0,5.42578E+20,5.74817E+21,9.6186E+15,5.18827E+16
13784,3,1,54,13,2018,4,19,3,2,4,6,0,0,1,0,1,0,0,0,6.22995E+20,5.78639E+21,1.08003E+16,5.22142E+16
13785,3,2,54,29,2018,4,16,4,3,5,3,0,0,1,0,0,0,1,0,5.71072E+20,5.78068E+21,1.00393E+16,5.2172E+16
13786,3,4,51,7,2018,4,14,4,3,6,4,0,0,1,1,0,0,0,0,4.25128E+20,5.89489E+21,7.87919E+15,5.31981E+16
13787,3,2,51,37,2018,4,12,7,3,2,6,0,0,1,0,0,0,0,1,4.79694E+20,5.87286E+21,8.69738E+15,5.30049E+16
13788,3,2,55,13,2018,4,11,5,3,5,3,0,0,1,0,0,0,0,0,5.43581E+20,5.75343E+21,9.63384E+15,5.19299E+16
13789,3,3,58,14,2018,4,14,1,3,2,2,0,0,1,0,0,0,0,0,5.3847E+20,5.84583E+21,9.5701E+15,5.2761E+16
13790,3,3,56,5,2018,4,21,5,3,4,6,1,0,1,0,0,0,0,0,4.87029E+20,5.89308E+21,8.80589E+15,5.31869E+16
13791,3,4,59,14,2018,4,19,5,3,5,3,0,0,1,0,0,0,0,0,4.35285E+20,5.80761E+21,8.04849E+15,5.24148E+16
13792,3,3,53,14,2018,4,15,6,2,2,6,0,0,1,0,0,0,0,0,5.41734E+20,5.90977E+21,9.62675E+15,5.33355E+16
13793,3,3,57,48,2018,4,14,2,3,9,1,0,0,1,0,0,0,0,1,5.34996E+20,5.90538E+21,9.52508E+15,5.32964E+16
13794,3,2,41,11,2018,4,7,3,3,2,6,0,0,1,0,0,0,0,0,5.66619E+20,5.80321E+21,9.97862E+15,5.23751E+16
13795,3,3,53,35,2018,4,17,2,3,2,2,0,0,1,0,0,0,0,0,5.55561E+20,5.90455E+21,9.83345E+15,5.32872E+16
13796,3,3,59,10,2018,4,7,6,3,3,2,0,1,1,0,0,0,0,0,5.46923E+20,5.92561E+21,9.70703E+15,5.34774E+16
13797,3,2,55,4,2018,4,13,5,3,0,1,0,0,1,0,1,0,0,0,5.2754E+20,5.73352E+21,9.39896E+15,5.17519E+16
13798,3,2,54,8,2018,4,16,3,2,8,7,0,0,1,0,0,0,0,0,5.78469E+20,5.75782E+21,1.01422E+16,5.19655E+16
13799,3,2,41,1,2018,4,15,4,3,2,6,0,0,1,0,0,0,0,0,5.4946E+20,5.79872E+21,9.72592E+15,5.23366E+16
13800,3,4,53,11,2018,4,17,4,3,5,3,0,0,1,0,1,0,0,0,4.23197E+20,5.8436E+21,7.86247E+15,5.27368E+16
13801,3,2,52,2,2018,4,17,5,3,2,6,0,0,1,0,0,0,0,0,5.32016E+20,5.78391E+21,9.4685E+15,5.22047E+16
13802,3,3,52,11,2018,4,16,1,2,0,6,0,0,1,0,1,0,0,0,4.81235E+20,5.9641E+21,8.71492E+15,5.38251E+16
13803,3,4,52,25,2018,4,14,5,3,5,3,0,0,1,0,0,0,0,0,4.18538E+20,5.91678E+21,7.77495E+15,5.33939E+16
13804,3,1,1,0,2018,4,8,6,3,5,3,0,0,1,0,0,0,0,0,6.03668E+20,5.79886E+21,1.05214E+16,5.23303E+16
13805,3,3,52,42,2018,4,23,6,3,8,1,2,0,0,0,1,0,0,0,5.12117E+20,5.95893E+21,9.18388E+15,5.37788E+16
13806,3,3,59,10,2018,4,11,2,3,2,6,0,0,1,0,0,0,1,0,5.49915E+20,5.9226E+21,9.75162E+15,5.34501E+16
13807,3,3,53,19,2018,4,16,3,3,5,3,0,0,1,0,0,0,0,1,5.45948E+20,5.91442E+21,9.69069E+15,5.33769E+16
13808,3,2,41,1,2018,4,10,4,3,4,2,0,0,1,0,0,0,0,0,5.49983E+20,5.8066E+21,9.73478E+15,5.24073E+16
13809,3,1,59,10,2018,4,11,5,3,4,1,0,0,1,0,1,0,0,0,5.85694E+20,5.70519E+21,1.02343E+16,5.14913E+16
13810,3,4,56,27,2018,4,17,7,3,5,3,0,1,1,0,0,0,0,0,3.7886E+20,5.79794E+21,7.2227E+15,5.23184E+16
13811,3,2,41,11,2018,4,8,5,3,2,6,0,0,1,0,0,0,0,1,5.76569E+20,5.80304E+21,1.01247E+16,5.23722E+16
13812,3,3,53,4,2018,4,12,5,2,3,6,0,0,1,0,0,1,0,0,5.71485E+20,5.90663E+21,1.00727E+16,5.3304E+16
13813,3,4,4,0,2018,4,14,5,3,8,1,0,0,1,0,0,0,0,1,4.42743E+20,5.79269E+21,8.16069E+15,5.22816E+16
13814,3,4,57,22,2018,4,20,1,3,4,2,2,0,1,0,1,0,0,1,3.97242E+20,5.88751E+21,7.46425E+15,5.31271E+16
13815,3,3,61,13,2018,4,6,3,3,5,3,0,1,1,0,0,0,0,0,5.00496E+20,5.86812E+21,9.00739E+15,5.29627E+16
13816,3,4,54,14,2018,4,7,2,3,2,6,0,0,1,0,0,0,0,0,3.82214E+20,5.82918E+21,7.26085E+15,5.25999E+16
13817,3,1,59,16,2018,4,14,5,3,5,3,0,1,1,0,0,0,0,0,5.63778E+20,5.70976E+21,9.91954E+15,5.15353E+16
13818,3,1,58,19,2018,4,19,7,2,8,7,0,0,1,0,0,0,0,0,6.06028E+20,5.76857E+21,1.05465E+16,5.20576E+16
13819,3,4,56,2,2018,4,14,4,3,2,6,0,0,1,0,0,0,0,0,3.56916E+20,5.83219E+21,6.88627E+15,5.26208E+16
13820,3,1,59,16,2018,4,9,5,3,8,6,0,0,1,0,0,0,0,0,5.60981E+20,5.7117E+21,9.87955E+15,5.15531E+16
13821,3,2,41,10,2018,4,14,7,3,5,3,0,0,1,0,0,0,0,0,5.49524E+20,5.81578E+21,9.72939E+15,5.24899E+16
13822,3,2,57,31,2018,4,15,2,3,2,6,0,0,1,0,0,0,0,0,5.06531E+20,5.78299E+21,9.09556E+15,5.21973E+16
13823,3,3,53,18,2018,4,22,6,3,3,7,2,0,1,0,0,0,0,0,5.4128E+20,5.90955E+21,9.6199E+15,5.33335E+16
13824,3,4,54,18,2018,4,16,6,3,8,1,0,0,1,0,0,0,0,0,3.72849E+20,5.84598E+21,7.11617E+15,5.27487E+16
13825,3,1,58,37,2018,4,11,5,3,0,7,0,0,1,0,0,0,0,0,6.0518E+20,5.78189E+21,1.05382E+16,5.21774E+16
13826,3,1,51,39,2018,4,14,3,3,2,6,0,0,1,0,0,0,1,0,6.17932E+20,5.81382E+21,1.07358E+16,5.24618E+16
13827,3,2,52,6,2018,4,16,4,3,6,4,0,0,1,1,0,0,0,0,5.25126E+20,5.77268E+21,9.36685E+15,5.21041E+16
13828,3,4,61,2,2018,4,16,4,3,4,7,0,0,1,0,0,0,0,0,4.64092E+20,5.90801E+21,8.46095E+15,5.332E+16
13829,3,4,59,33,2018,4,18,4,3,5,2,0,0,1,0,0,0,0,0,4.30385E+20,5.79882E+21,7.97828E+15,5.23352E+16
13830,3,3,51,6,2018,4,15,1,3,2,6,0,0,1,0,1,0,0,0,5.72395E+20,5.83217E+21,1.00697E+16,5.26347E+16
13831,3,4,51,5,2018,4,19,5,2,2,6,0,0,1,0,0,0,0,0,4.42962E+20,5.90367E+21,8.14455E+15,5.32792E+16
13832,3,4,57,10,2018,4,17,5,3,2,6,0,0,1,0,0,0,0,0,4.06973E+20,5.90996E+21,7.60309E+15,5.33307E+16
13833,3,2,41,1,2018,4,11,6,3,5,2,0,1,1,0,0,0,0,0,5.46323E+20,5.80262E+21,9.68042E+15,5.23719E+16
13834,3,2,41,15,2018,4,13,2,3,0,7,0,0,0,0,0,0,1,0,5.41556E+20,5.80482E+21,9.61068E+15,5.23921E+16
13835,3,2,41,12,2018,4,12,3,3,4,6,0,1,0,0,0,0,0,0,5.31019E+20,5.81681E+21,9.45695E+15,5.25005E+16
13836,3,2,41,1,2018,4,8,4,2,3,3,0,1,0,0,0,0,1,0,5.4595E+20,5.80373E+21,9.6751E+15,5.23819E+16
13837,3,4,59,28,2018,4,7,4,3,5,3,0,0,1,0,0,0,0,0,4.23535E+20,5.82825E+21,7.87102E+15,5.25989E+16
13838,3,4,3,0,2018,4,12,7,3,6,4,0,1,0,1,0,0,0,0,4.44309E+20,5.88833E+21,8.16742E+15,5.31415E+16
13839,3,2,57,11,2018,4,20,5,3,2,2,1,0,1,0,0,0,1,0,5.26261E+20,5.80278E+21,9.38576E+15,5.23747E+16
13840,3,3,51,6,2018,4,13,5,3,2,2,0,0,1,0,0,0,0,0,5.77187E+20,5.83664E+21,1.01416E+16,5.26742E+16
13841,3,4,58,13,2018,4,15,3,3,2,1,0,0,1,0,0,0,0,0,4.45965E+20,5.87324E+21,8.19472E+15,5.3006E+16
13842,3,3,61,12,2018,4,10,2,3,1,5,0,0,0,0,0,1,0,0,5.16153E+20,5.86824E+21,9.24049E+15,5.29635E+16
13843,3,4,51,5,2018,4,19,6,3,5,3,0,1,1,0,0,0,0,0,4.47428E+20,5.89792E+21,8.21247E+15,5.32279E+16
13844,3,3,51,12,2018,4,7,3,3,5,3,0,0,1,0,0,0,0,0,5.633E+20,5.83194E+21,9.93534E+15,5.26337E+16
13845,3,2,41,8,2018,4,16,4,3,2,6,0,0,1,0,0,0,0,0,5.54495E+20,5.81209E+21,9.80199E+15,5.24563E+16
13846,3,4,4,0,2018,4,20,4,2,5,3,1,1,1,0,0,0,0,0,4.38321E+20,5.78978E+21,8.0964E+15,5.22549E+16
13847,3,4,53,3,2018,4,13,7,2,8,1,0,0,0,0,1,0,0,0,4.39481E+20,5.85049E+21,8.10233E+15,5.28008E+16
13848,3,2,41,1,2018,4,13,5,3,2,6,0,0,1,0,0,0,0,1,5.48094E+20,5.80194E+21,9.70633E+15,5.23656E+16
13849,3,3,60,3,2018,4,17,5,3,2,6,0,0,1,0,0,0,0,0,6.03109E+20,5.87869E+21,1.05382E+16,5.30478E+16
13850,3,4,3,0,2018,4,8,3,2,5,2,0,1,1,0,0,0,0,0,4.46019E+20,5.88853E+21,8.19295E+15,5.31435E+16
13851,3,4,53,8,2018,4,14,2,1,5,3,0,1,0,0,0,1,0,0,4.33018E+20,5.8606E+21,8.0044E+15,5.28909E+16
13852,3,4,57,14,2018,4,15,4,3,8,1,0,0,1,0,0,0,0,0,3.89504E+20,5.91002E+21,7.34086E+15,5.33278E+16
13853,3,4,59,24,2018,4,14,6,3,5,7,0,0,1,0,1,0,0,0,4.50669E+20,5.78475E+21,8.27802E+15,5.2211E+16
13854,3,4,52,11,2018,4,13,4,3,1,1,0,0,1,0,0,0,0,0,3.83114E+20,5.92123E+21,7.24081E+15,5.34272E+16
13855,3,1,53,12,2018,4,17,5,3,5,3,0,0,1,0,1,0,0,0,5.77712E+20,5.75517E+21,1.01305E+16,5.19418E+16
13856,3,4,57,3,2018,4,14,4,2,5,3,0,0,0,0,1,0,0,0,4.03735E+20,5.90336E+21,7.55648E+15,5.32707E+16
13857,3,1,59,7,2018,4,15,2,2,4,1,0,0,1,0,0,0,1,0,5.64159E+20,5.71643E+21,9.92626E+15,5.15953E+16
13858,3,2,41,1,2018,4,19,6,3,5,2,0,0,1,0,0,0,0,0,5.43008E+20,5.80697E+21,9.63229E+15,5.24113E+16
13859,3,4,53,11,2018,4,19,6,2,8,1,1,0,1,0,0,0,0,0,4.24413E+20,5.8434E+21,7.88051E+15,5.27352E+16
13860,3,4,56,15,2018,4,7,4,2,4,1,0,0,1,0,0,0,0,0,3.65763E+20,5.81443E+21,7.02407E+15,5.24635E+16
13861,3,4,57,22,2018,4,7,2,3,5,3,0,1,1,0,0,0,0,0,3.96961E+20,5.89212E+21,7.45858E+15,5.31685E+16
13862,3,1,58,6,2018,4,5,4,3,3,6,1,0,1,0,0,1,0,1,6.11065E+20,5.79011E+21,1.0627E+16,5.22502E+16
13863,3,4,54,19,2018,4,13,4,3,5,2,0,1,1,0,0,0,0,0,3.98324E+20,5.83699E+21,7.49623E+15,5.26733E+16
13864,3,2,56,4,2018,4,16,1,3,8,1,0,0,1,0,0,0,0,0,4.8482E+20,5.81159E+21,8.77661E+15,5.24543E+16
13865,3,2,51,37,2018,4,13,5,3,2,6,0,0,1,0,0,0,0,1,4.79866E+20,5.87317E+21,8.69994E+15,5.30077E+16
13866,3,4,56,1,2018,4,14,5,2,3,6,0,0,1,0,0,0,0,0,3.68129E+20,5.79879E+21,7.06503E+15,5.23236E+16
13867,3,2,57,31,2018,4,10,6,3,4,5,0,1,0,0,0,0,1,0,5.05584E+20,5.78237E+21,9.0817E+15,5.21918E+16
13868,3,2,41,1,2018,4,18,2,3,2,7,0,0,1,0,0,1,0,0,5.50771E+20,5.79898E+21,9.7452E+15,5.23388E+16
13869,3,2,54,28,2018,4,17,3,3,2,2,0,0,1,0,0,0,1,0,5.6178E+20,5.79063E+21,9.90523E+15,5.22626E+16
13870,3,1,59,7,2018,4,14,4,3,2,6,0,0,1,0,0,0,0,0,5.64067E+20,5.7154E+21,9.92473E+15,5.1586E+16
13871,3,4,54,19,2018,4,7,4,3,5,2,0,1,1,0,0,0,0,0,3.9628E+20,5.83747E+21,7.46585E+15,5.26772E+16
13872,3,3,53,37,2018,4,6,7,3,9,7,0,0,1,0,0,0,0,0,5.819E+20,5.90099E+21,1.02276E+16,5.32518E+16
13873,3,2,55,27,2018,4,17,5,3,2,2,0,0,1,0,0,0,0,0,5.46831E+20,5.74842E+21,9.68042E+15,5.18846E+16
13874,3,2,41,17,2018,4,22,5,2,2,6,2,0,1,0,0,0,1,0,5.36188E+20,5.78246E+21,9.5294E+15,5.21914E+16
13875,3,3,57,16,2018,4,14,3,3,5,3,0,1,1,0,0,0,0,0,4.99877E+20,5.91536E+21,8.99815E+15,5.33873E+16
13876,3,2,51,40,2018,4,19,2,3,2,6,0,0,1,0,0,0,0,0,4.87013E+20,5.83552E+21,8.80795E+15,5.26694E+16
13877,3,4,58,7,2018,4,12,6,2,2,6,0,0,1,0,0,0,0,0,4.42835E+20,5.86708E+21,8.14916E+15,5.29503E+16
13878,3,4,54,17,2018,4,7,4,1,5,2,0,0,0,0,1,0,1,0,4.03727E+20,5.82531E+21,7.57951E+15,5.25693E+16
13879,3,2,41,15,2018,4,14,3,2,0,6,0,1,0,0,0,0,0,0,5.40271E+20,5.80592E+21,9.59193E+15,5.2402E+16
13880,3,4,60,8,2018,4,5,6,3,5,2,1,1,1,0,0,0,0,0,4.47004E+20,5.82763E+21,8.21759E+15,5.25961E+16
13881,3,3,57,51,2018,4,6,4,2,0,7,0,0,1,0,0,0,0,1,5.37665E+20,5.87007E+21,9.56096E+15,5.29789E+16
13882,3,4,54,44,2018,4,14,4,3,8,1,0,0,1,0,0,0,0,0,3.80648E+20,5.87753E+21,7.22009E+15,5.30339E+16
13883,3,4,54,32,2018,4,5,1,2,3,6,2,1,1,0,0,0,0,1,3.8865E+20,5.8209E+21,7.35862E+15,5.25268E+16
13884,3,4,62,5,2018,4,6,4,2,8,6,0,0,1,0,0,0,1,0,4.1608E+20,5.92688E+21,7.7353E+15,5.34842E+16
13885,3,4,54,2,2018,4,11,1,3,4,2,0,0,1,0,0,0,0,0,3.93477E+20,5.82939E+21,7.42703E+15,5.2604E+16
13886,3,1,3,0,2018,4,21,6,3,3,2,2,1,1,0,0,0,0,0,6.21193E+20,5.80835E+21,1.07818E+16,5.24119E+16
13887,3,2,51,38,2018,4,14,6,3,2,7,0,1,1,0,0,0,0,0,4.89152E+20,5.84941E+21,8.83912E+15,5.27944E+16
13888,3,4,3,0,2018,4,18,2,3,2,6,0,0,1,0,0,0,0,0,4.47296E+20,5.8853E+21,8.21257E+15,5.31145E+16
13889,3,4,53,8,2018,4,11,3,2,9,1,0,0,0,0,0,0,1,0,4.36461E+20,5.86958E+21,8.05382E+15,5.2972E+16
13890,3,4,52,19,2018,4,9,4,3,5,3,0,0,1,0,1,0,0,1,3.79756E+20,5.94108E+21,7.18268E+15,5.36048E+16
13891,3,4,62,5,2018,4,10,6,3,4,6,0,0,0,0,0,1,1,0,4.22867E+20,5.92429E+21,7.8382E+15,5.3462E+16
13892,3,4,61,2,2018,4,15,4,3,3,6,0,1,0,0,0,0,0,0,4.65465E+20,5.90781E+21,8.48157E+15,5.33183E+16
13893,3,4,57,18,2018,4,19,4,3,5,3,0,0,1,0,0,0,0,0,4.01707E+20,5.89099E+21,7.5299E+15,5.31592E+16
13894,3,4,52,6,2018,4,15,4,3,2,6,0,0,1,0,0,0,0,0,4.07192E+20,5.91772E+21,7.6041E+15,5.34004E+16
13895,3,4,4,0,2018,4,18,1,3,6,7,0,0,1,1,0,0,0,0,4.3481E+20,5.79031E+21,8.04487E+15,5.22593E+16
13896,3,2,55,8,2018,4,18,6,3,2,2,0,0,1,0,0,0,1,0,5.56055E+20,5.75468E+21,9.81545E+15,5.194E+16
13897,3,4,55,26,2018,4,19,6,3,8,7,0,0,1,0,0,0,1,0,4.3999E+20,5.91823E+21,8.09722E+15,5.34097E+16
13898,3,4,52,1,2018,4,14,4,3,3,6,0,1,0,0,0,0,0,0,3.95873E+20,5.92606E+21,7.43115E+15,5.34732E+16
13899,3,3,61,1,2018,4,17,2,3,5,3,0,1,1,0,0,0,0,0,5.05683E+20,5.87213E+21,9.08468E+15,5.29987E+16
13900,3,4,54,19,2018,4,11,3,3,5,3,0,0,1,0,0,0,0,0,3.9428E+20,5.83185E+21,7.43808E+15,5.26263E+16
13901,3,3,52,61,2018,4,15,4,3,8,1,0,0,0,0,0,1,0,0,4.76215E+20,5.95637E+21,8.63926E+15,5.37554E+16
13902,3,4,60,6,2018,4,15,4,3,5,3,0,1,1,0,0,0,0,0,4.4914E+20,5.8337E+21,8.24819E+15,5.26509E+16
13903,3,2,52,6,2018,4,3,1,3,1,5,2,0,1,0,0,0,0,0,5.25396E+20,5.77266E+21,9.37079E+15,5.21039E+16
13904,3,3,52,32,2018,4,14,5,3,5,2,0,0,1,0,0,0,0,1,4.75459E+20,5.91884E+21,8.63074E+15,5.34181E+16
13905,3,4,52,1,2018,4,16,5,3,3,6,0,0,1,0,0,0,0,0,4.02427E+20,5.92985E+21,7.52869E+15,5.35086E+16
13906,3,2,54,42,2018,4,13,6,3,6,7,0,1,0,1,0,0,0,0,5.6219E+20,5.75333E+21,9.90444E+15,5.19273E+16
13907,3,1,55,5,2018,4,14,2,3,5,2,0,0,0,0,1,0,1,0,5.59054E+20,5.7253E+21,9.85406E+15,5.16756E+16