OBJECTID_1,ULAND,UREGBEZ,UKREIS,UGEMEINDE,UJAHR,UMONAT,USTUNDE,UWOCHENTAG,UKATEGORIE,UART,UTYP1,ULICHTVERH,IstRad,IstPKW,IstFuss,IstKrad,IstGkfz,IstSonstig,STRZUSTAND,LINREFX,LINREFY,XGCSWGS84,YGCSWGS84
14666,3,1,58,37,2018,5,13,2,3,5,3,0,0,1,0,0,0,0,0,6.05719E+20,5.77852E+21,1.05451E+16,5.2147E+16
14667,3,4,59,8,2018,5,12,3,2,5,3,0,1,1,0,0,0,0,0,4.4203E+20,5.79721E+21,8.14944E+15,5.23222E+16
14668,3,4,59,21,2018,5,15,4,3,2,6,0,0,1,0,0,0,0,0,4.29102E+20,5.7878E+21,7.96178E+15,5.2236E+16
14669,3,2,54,28,2018,5,16,4,3,2,6,0,0,1,0,0,0,0,0,5.596E+20,5.78765E+21,9.87277E+15,5.22361E+16
14670,3,1,54,14,2018,5,7,2,1,2,6,0,0,1,0,0,1,1,0,6.117E+20,5.79676E+21,1.06385E+16,5.23098E+16
14671,3,1,2,0,2018,4,16,1,3,5,3,0,1,1,0,0,0,0,0,5.89771E+20,5.78008E+21,1.03125E+16,5.21639E+16
14672,3,3,53,5,2018,5,17,2,3,2,6,0,0,1,0,0,0,0,0,5.58758E+20,5.9092E+21,9.88227E+15,5.33287E+16
14673,3,3,60,7,2018,5,23,5,2,8,1,2,0,1,0,0,0,0,1,5.90717E+20,5.86422E+21,1.03493E+16,5.292E+16
14674,3,3,57,51,2018,5,16,6,3,2,6,0,0,1,0,0,0,0,0,5.37799E+20,5.87013E+21,9.56297E+15,5.29795E+16
14675,3,4,59,34,2018,5,12,3,2,8,1,0,0,1,0,0,0,0,0,4.24448E+20,5.77168E+21,7.89722E+15,5.20905E+16
14676,3,2,41,1,2018,5,4,1,2,8,6,2,0,1,0,0,0,1,0,5.43766E+20,5.80827E+21,9.64361E+15,5.24229E+16
14677,3,2,41,1,2018,5,15,3,3,2,6,0,0,1,0,0,0,0,0,5.4925E+20,5.80332E+21,9.72351E+15,5.23779E+16
14678,3,4,59,32,2018,5,14,7,3,2,2,0,0,1,0,1,0,0,0,4.15185E+20,5.80998E+21,7.75243E+15,5.24335E+16
14679,3,1,53,17,2018,4,14,1,2,1,5,0,0,1,0,0,0,0,0,5.98333E+20,5.75103E+21,1.04293E+16,5.19014E+16
14680,3,1,3,0,2018,5,14,2,3,0,3,0,1,1,0,0,0,0,0,6.18152E+20,5.80628E+21,1.07364E+16,5.2394E+16
14681,3,1,53,17,2018,5,16,6,3,2,6,0,0,1,0,1,0,0,0,6.01504E+20,5.75185E+21,1.04756E+16,5.19081E+16
14682,3,1,58,14,2018,4,18,1,3,9,7,0,0,1,0,0,0,0,0,6.02823E+20,5.77018E+21,1.05002E+16,5.20726E+16
14683,3,3,59,6,2018,5,12,3,3,2,6,0,0,1,0,0,0,0,0,5.40646E+20,5.91906E+21,9.61159E+15,5.3419E+16
14684,3,2,51,37,2018,5,18,7,3,5,3,0,1,1,0,0,0,0,0,4.8153E+20,5.87296E+21,8.72474E+15,5.30059E+16
14685,3,4,57,21,2018,5,15,2,2,9,1,0,0,1,1,0,0,0,0,3.89149E+20,5.89158E+21,7.34196E+15,5.3162E+16
14686,3,4,5,0,2018,5,23,6,1,4,2,2,0,1,0,1,0,0,0,4.40686E+20,5.93451E+21,8.10461E+15,5.35561E+16
14687,3,4,4,0,2018,5,17,4,3,5,3,0,1,1,0,0,0,0,0,4.34019E+20,5.79205E+21,8.03294E+15,5.22748E+16
14688,3,4,54,9,2018,4,18,7,2,2,2,0,0,1,0,0,0,0,0,4.03512E+20,5.83373E+21,7.57387E+15,5.2645E+16
14689,3,2,41,15,2018,5,16,2,3,5,3,0,1,1,0,0,0,0,0,5.44278E+20,5.80474E+21,9.65066E+15,5.23911E+16
14690,3,2,41,15,2018,5,17,4,2,2,6,0,0,1,0,1,0,0,0,5.35199E+20,5.80716E+21,9.51752E+15,5.24136E+16
14691,3,3,51,4,2018,5,16,5,3,3,6,0,0,1,0,1,0,0,0,5.65153E+20,5.85121E+21,9.96653E+15,5.28068E+16
14692,3,2,52,8,2018,5,18,4,3,2,2,0,0,1,0,0,0,0,0,5.43492E+20,5.77128E+21,9.63481E+15,5.20904E+16
14693,3,4,54,18,2018,4,13,7,2,5,3,0,1,1,0,0,0,0,0,3.80718E+20,5.85047E+21,7.23106E+15,5.27908E+16
14694,3,4,56,15,2018,5,17,2,3,4,2,0,0,1,0,0,0,0,0,3.70023E+20,5.8096E+21,7.0886E+15,5.24212E+16
14695,3,4,59,8,2018,5,22,5,2,0,1,2,1,0,0,0,0,0,1,4.43205E+20,5.79482E+21,8.16709E+15,5.23008E+16
14696,3,4,55,26,2018,5,7,6,3,2,6,0,0,1,0,0,0,0,0,4.40244E+20,5.91673E+21,8.10133E+15,5.33963E+16
14697,3,1,58,6,2018,5,9,2,2,2,6,0,0,1,0,0,0,0,0,6.10152E+20,5.78981E+21,1.06135E+16,5.22476E+16
14698,3,4,62,19,2018,5,6,3,2,5,3,0,0,1,0,0,0,0,0,4.14436E+20,5.92849E+21,7.71009E+15,5.34984E+16
14699,3,4,62,5,2018,5,11,4,3,2,2,0,0,1,0,0,0,0,0,4.15066E+20,5.927E+21,7.71999E+15,5.34852E+16
14700,3,4,51,2,2018,5,18,1,3,2,6,0,0,1,0,0,0,0,1,4.37088E+20,5.89288E+21,8.05859E+15,5.31816E+16
14701,3,4,54,18,2018,4,14,7,2,4,2,0,0,1,0,1,0,0,0,3.77449E+20,5.85465E+21,7.18104E+15,5.28277E+16
14702,3,3,57,39,2018,5,17,2,3,2,6,0,0,1,0,0,0,0,0,5.26603E+20,5.884E+21,9.39737E+15,5.31048E+16
14703,3,4,4,0,2018,5,12,4,3,2,6,0,0,1,0,0,0,0,0,4.3902E+20,5.7912E+21,8.10638E+15,5.22678E+16
14704,3,2,41,8,2018,5,15,6,3,4,2,0,1,1,0,0,0,0,0,5.53818E+20,5.81377E+21,9.7923E+15,5.24715E+16
14705,3,4,52,23,2018,5,18,5,3,2,6,0,0,1,0,0,0,0,0,3.9408E+20,5.9265E+21,7.404E+15,5.34768E+16
14706,3,4,54,51,2018,5,16,3,2,5,3,0,0,1,0,1,0,0,0,3.98857E+20,5.87418E+21,7.49258E+15,5.30076E+16
14707,3,1,51,9,2018,5,0,1,3,0,1,2,0,0,0,1,0,0,0,6.0704E+20,5.81544E+21,1.05761E+16,5.24786E+16
14708,3,2,54,8,2018,5,23,3,3,8,7,2,0,1,0,0,1,0,0,5.79353E+20,5.76111E+21,1.01558E+16,5.1995E+16
14709,3,2,51,34,2018,5,6,7,2,8,7,1,0,0,0,0,0,1,0,4.97135E+20,5.83928E+21,8.95759E+15,5.27034E+16
14710,3,3,60,7,2018,5,11,5,3,9,7,0,0,1,0,0,0,0,0,5.88964E+20,5.86797E+21,1.03243E+16,5.2954E+16
14711,3,4,54,45,2018,4,9,7,3,7,7,0,0,1,0,0,0,0,0,3.89776E+20,5.80062E+21,7.38191E+15,5.23448E+16
14712,3,4,54,35,2018,5,17,5,3,2,6,0,0,1,0,0,0,0,0,3.83749E+20,5.8394E+21,7.27992E+15,5.2692E+16
14713,3,1,59,11,2018,5,10,5,2,2,2,0,0,1,0,1,0,0,0,5.73025E+20,5.71631E+21,1.00542E+16,5.15931E+16
14714,3,2,41,1,2018,5,13,6,3,2,6,0,0,1,0,0,0,1,0,5.52807E+20,5.80881E+21,9.77663E+15,5.24269E+16
14715,3,4,4,0,2018,5,15,5,3,5,2,0,1,1,0,0,0,0,0,4.35051E+20,5.7948E+21,8.04753E+15,5.22997E+16
14716,3,4,4,0,2018,5,15,3,3,2,6,0,0,1,0,0,0,0,0,4.3363E+20,5.79369E+21,8.02691E+15,5.22896E+16
14717,3,2,52,1,2018,5,18,1,3,8,1,0,0,0,0,1,0,0,0,5.15363E+20,5.76932E+21,9.22416E+15,5.20742E+16
14718,3,2,41,11,2018,5,9,3,3,2,7,0,1,1,0,0,0,0,0,5.75352E+20,5.80413E+21,1.01071E+16,5.23823E+16
14719,3,4,60,9,2018,5,14,7,3,5,2,0,0,1,0,1,0,0,0,4.53224E+20,5.84558E+21,8.30686E+15,5.2758E+16
14720,3,3,53,5,2018,5,7,5,3,2,6,0,0,1,0,0,0,0,0,5.58194E+20,5.91284E+21,9.87447E+15,5.33615E+16
14721,3,3,61,1,2018,4,9,7,3,5,3,0,1,1,0,0,0,0,0,5.05595E+20,5.87396E+21,9.08339E+15,5.30151E+16
14722,3,1,51,36,2018,5,7,2,2,8,1,0,0,1,0,0,0,0,0,6.08782E+20,5.82592E+21,1.06052E+16,5.25724E+16
14723,3,1,2,0,2018,5,12,6,2,8,7,0,0,1,0,0,0,0,0,6.00128E+20,5.78414E+21,1.0465E+16,5.21986E+16
14724,3,3,61,1,2018,4,11,7,3,4,6,0,0,1,0,0,0,0,0,5.02025E+20,5.87366E+21,9.03019E+15,5.30125E+16
14725,3,2,41,1,2018,5,10,3,3,2,6,0,0,1,0,0,0,0,0,5.52524E+20,5.80257E+21,9.77148E+15,5.23709E+16
14726,3,4,58,7,2018,5,8,7,3,5,3,0,0,1,0,0,0,0,0,4.44952E+20,5.86712E+21,8.18066E+15,5.29509E+16
14727,3,4,56,15,2018,5,9,2,3,3,3,0,0,0,0,1,1,0,0,3.69917E+20,5.80978E+21,7.08698E+15,5.24227E+16
14728,3,4,61,7,2018,5,14,6,3,2,6,0,0,1,0,0,0,0,0,4.63549E+20,5.92485E+21,8.45085E+15,5.34713E+16
14729,3,4,52,8,2018,5,16,4,3,2,6,0,0,1,0,0,0,0,0,3.86954E+20,5.94073E+21,7.29154E+15,5.36032E+16
14730,3,4,51,5,2018,4,5,7,3,5,2,1,0,1,0,0,0,0,0,4.44909E+20,5.89961E+21,8.17445E+15,5.32429E+16
14731,3,2,41,10,2018,5,7,2,3,3,6,0,0,1,0,1,0,0,0,5.49811E+20,5.80848E+21,9.73252E+15,5.24242E+16
14732,3,2,57,29,2018,5,16,4,2,8,1,0,0,0,0,1,0,0,0,5.21681E+20,5.78925E+21,9.31762E+15,5.22532E+16
14733,3,2,41,3,2018,5,19,5,3,8,1,0,0,1,0,0,0,0,0,5.63084E+20,5.81034E+21,9.92805E+15,5.24396E+16
14734,3,2,52,6,2018,5,8,4,3,3,6,0,0,1,0,0,1,0,0,5.24097E+20,5.77191E+21,9.35177E+15,5.20972E+16
14735,3,2,51,37,2018,4,10,7,3,2,6,0,0,1,0,0,0,0,0,4.79131E+20,5.87271E+21,8.68901E+15,5.30035E+16
14736,3,4,53,3,2018,5,14,2,3,8,1,0,0,1,0,0,0,0,0,4.34043E+20,5.84771E+21,8.02225E+15,5.27752E+16
14737,3,3,61,10,2018,5,19,5,3,8,6,0,0,1,0,1,0,0,0,4.96796E+20,5.86628E+21,8.95232E+15,5.29461E+16
14738,3,4,51,2,2018,5,18,6,3,9,1,0,0,1,0,0,0,0,0,4.40176E+20,5.89351E+21,8.10467E+15,5.31876E+16
14739,3,4,54,41,2018,5,10,1,3,8,7,0,0,0,0,1,0,0,0,3.91924E+20,5.88139E+21,7.38687E+15,5.3071E+16
14740,3,3,61,1,2018,5,7,3,3,5,3,0,0,1,0,0,0,0,0,5.05609E+20,5.87425E+21,9.08361E+15,5.30178E+16
14741,3,3,56,5,2018,5,17,4,3,2,6,0,0,1,0,0,0,0,0,4.88057E+20,5.89352E+21,8.82125E+15,5.31909E+16
14742,3,3,59,28,2018,5,9,4,3,5,3,0,0,1,0,0,0,0,0,5.4492E+20,5.93183E+21,9.67773E+15,5.35335E+16
14743,3,3,58,8,2018,5,17,1,3,2,6,0,0,1,0,0,0,0,0,5.47504E+20,5.85653E+21,9.70552E+15,5.28564E+16
14744,3,4,1,0,2018,4,10,7,3,4,2,0,0,1,0,0,0,0,0,4.74721E+20,5.87609E+21,8.62303E+15,5.30338E+16
14745,3,2,41,1,2018,5,14,2,3,4,6,0,0,1,0,0,0,0,0,5.44059E+20,5.80872E+21,9.64798E+15,5.24269E+16
14746,3,4,54,18,2018,5,12,4,3,2,6,0,0,1,0,0,0,0,1,3.75979E+20,5.84629E+21,7.16241E+15,5.27522E+16
14747,3,1,55,9,2018,5,11,6,3,8,7,0,0,1,0,0,0,0,0,5.60244E+20,5.72672E+21,9.87151E+15,5.16882E+16
14748,3,3,52,62,2018,4,15,7,3,4,2,0,0,1,0,0,0,0,0,4.9321E+20,5.93967E+21,8.89738E+15,5.36058E+16
14749,3,4,52,19,2018,5,14,3,3,4,2,0,0,1,0,0,0,0,0,3.79425E+20,5.94135E+21,7.17758E+15,5.36071E+16
14750,3,4,59,1,2018,5,8,7,3,4,2,0,0,1,0,0,0,0,0,4.29321E+20,5.81667E+21,7.9589E+15,5.24956E+16
14751,3,2,52,6,2018,5,12,3,3,5,2,0,0,0,0,1,1,0,0,5.24374E+20,5.77303E+21,9.3559E+15,5.21073E+16
14752,3,4,58,12,2018,5,17,7,3,8,1,0,0,0,0,1,0,0,0,4.65196E+20,5.86499E+21,8.48219E+15,5.29334E+16
14753,3,2,41,21,2018,5,18,5,1,3,6,0,1,0,0,0,0,0,0,5.30853E+20,5.81083E+21,9.45396E+15,5.24468E+16
14754,3,3,52,22,2018,4,16,7,3,5,3,0,0,1,0,1,0,0,0,5.07866E+20,5.95118E+21,9.11917E+15,5.37092E+16
14755,3,2,51,41,2018,5,16,2,2,4,2,0,0,1,0,0,0,0,0,4.87628E+20,5.86398E+21,8.81597E+15,5.29254E+16
14756,3,3,53,31,2018,5,15,4,3,5,7,0,0,1,0,1,0,0,0,5.69569E+20,5.91087E+21,1.00449E+16,5.33424E+16
14757,3,4,55,26,2018,5,16,5,3,5,3,0,0,1,0,0,0,0,0,4.42478E+20,5.91557E+21,8.13513E+15,5.33861E+16
14758,3,1,59,16,2018,5,17,4,3,2,6,0,0,1,0,1,0,0,0,5.63109E+20,5.70962E+21,9.90988E+15,5.15341E+16
14759,3,3,53,20,2018,4,7,7,3,8,1,0,0,1,0,0,0,0,0,5.63107E+20,5.90669E+21,9.94705E+15,5.33057E+16
14760,3,1,55,11,2018,5,23,3,3,0,7,2,0,0,0,1,0,0,1,5.68529E+20,5.728E+21,9.9916E+15,5.16988E+16
14761,3,3,51,6,2018,5,16,7,2,8,1,0,0,0,0,1,0,0,0,5.7111E+20,5.8305E+21,1.00504E+16,5.26198E+16
14762,3,4,60,6,2018,5,17,2,3,2,6,0,0,1,0,0,0,0,0,4.4452E+20,5.83475E+21,8.17973E+15,5.26599E+16
14763,3,2,41,1,2018,5,12,6,3,2,6,0,0,1,0,1,0,0,0,5.53618E+20,5.8009E+21,9.78729E+15,5.23558E+16
14764,3,4,61,8,2018,5,12,4,3,2,6,0,0,1,0,0,0,0,0,4.60067E+20,5.90687E+21,8.40066E+15,5.33095E+16
14765,3,1,53,8,2018,5,12,7,2,5,3,0,0,1,0,0,0,0,0,5.94644E+20,5.75886E+21,1.03778E+16,5.19723E+16
14766,3,1,55,13,2018,5,11,2,3,8,7,0,0,1,0,0,0,0,0,5.60992E+20,5.73222E+21,9.88329E+15,5.17376E+16
14767,3,1,57,6,2018,5,9,4,3,2,6,0,0,1,0,0,0,0,0,5.84291E+20,5.79896E+21,1.02371E+16,5.23345E+16
14768,3,1,58,37,2018,5,18,5,3,2,6,0,0,1,0,0,0,0,0,6.0411E+20,5.7802E+21,1.05221E+16,5.21624E+16
14769,3,1,58,37,2018,5,15,4,2,8,1,0,1,0,0,0,0,0,0,6.06324E+20,5.78056E+21,1.05546E+16,5.21652E+16
14770,3,3,58,21,2018,4,9,7,2,5,2,0,0,1,0,1,0,0,0,5.58553E+20,5.87502E+21,9.87294E+15,5.30215E+16
14771,3,2,51,47,2018,5,16,2,3,5,3,0,1,1,0,0,0,0,0,4.91421E+20,5.8713E+21,8.87219E+15,5.29912E+16
14772,3,4,58,10,2018,5,20,5,2,9,1,0,0,1,0,0,0,0,0,4.64232E+20,5.88185E+21,8.46598E+15,5.30849E+16
14773,3,4,58,12,2018,5,10,6,3,8,1,0,0,1,0,0,0,0,0,4.71941E+20,5.86632E+21,8.58241E+15,5.29458E+16
14774,3,3,57,45,2018,4,18,7,3,2,6,0,0,1,0,0,0,0,0,5.13472E+20,5.88443E+21,9.20125E+15,5.31092E+16
14775,3,2,41,4,2018,5,23,3,3,8,1,2,0,1,0,0,0,0,1,5.5461E+20,5.82095E+21,9.80514E+15,5.25359E+16
14776,3,3,57,57,2018,5,18,7,3,5,2,0,1,1,0,0,0,0,0,5.18519E+20,5.90465E+21,9.27781E+15,5.32907E+16
14777,3,4,54,32,2018,5,14,2,2,5,2,0,0,1,0,1,0,0,0,3.85594E+20,5.81967E+21,7.31402E+15,5.25151E+16
14778,3,3,58,19,2018,5,14,6,2,9,1,0,0,1,0,0,0,0,0,5.56164E+20,5.89214E+21,9.84032E+15,5.31756E+16
14779,3,2,51,41,2018,5,16,4,3,5,3,0,0,1,0,0,0,0,0,4.86437E+20,5.86187E+21,8.79834E+15,5.29063E+16
14780,3,2,41,5,2018,5,16,2,3,8,1,0,0,0,0,0,0,1,0,5.41656E+20,5.80813E+21,9.61256E+15,5.24218E+16
14781,3,1,59,34,2018,5,20,4,3,5,3,0,0,1,0,0,1,0,0,5.44138E+20,5.69127E+21,9.63409E+15,5.1371E+16
14782,3,2,54,20,2018,5,16,5,3,2,6,0,0,1,0,0,0,0,0,5.66202E+20,5.7823E+21,9.96839E+15,5.21871E+16
14783,3,3,57,41,2018,4,5,7,3,8,1,1,0,1,0,0,0,0,0,5.40718E+20,5.88951E+21,9.6089E+15,5.31534E+16
14784,3,3,61,8,2018,5,13,2,3,3,6,0,1,0,0,0,0,0,0,5.04736E+20,5.88654E+21,9.07077E+15,5.31282E+16
14785,3,4,51,2,2018,5,20,5,3,1,5,0,0,1,0,0,0,0,0,4.30965E+20,5.89652E+21,7.9662E+15,5.32135E+16
14786,3,2,51,37,2018,5,13,6,3,8,1,0,0,0,0,1,0,0,0,4.85625E+20,5.87225E+21,8.7858E+15,5.29996E+16
14787,3,4,52,1,2018,5,9,1,3,2,6,0,0,1,0,0,0,0,0,3.99315E+20,5.9331E+21,7.48073E+15,5.35372E+16
14788,3,4,3,0,2018,5,22,3,3,2,2,2,0,1,0,0,0,0,0,4.47464E+20,5.88851E+21,8.21456E+15,5.31434E+16
14789,3,2,41,1,2018,5,15,4,2,0,1,0,0,0,0,1,0,0,1,5.47677E+20,5.79993E+21,9.69993E+15,5.23476E+16
14790,3,3,53,5,2018,5,2,1,3,9,1,2,0,1,0,0,0,0,0,5.58971E+20,5.9138E+21,9.88632E+15,5.337E+16
14791,3,3,53,28,2018,5,14,3,3,5,3,0,0,1,0,0,1,0,0,5.43897E+20,5.9172E+21,9.66026E+15,5.3402E+16
14792,3,2,41,1,2018,5,10,1,2,4,6,0,1,0,0,1,0,0,0,5.42654E+20,5.80829E+21,9.62725E+15,5.24231E+16
14793,3,3,54,9,2018,4,11,7,2,4,2,0,0,1,0,1,0,0,0,6.33131E+20,5.89213E+21,1.09913E+16,5.31619E+16
14794,3,2,41,2,2018,5,18,2,2,0,1,0,0,0,0,1,0,0,0,5.33762E+20,5.79211E+21,9.49487E+15,5.22783E+16
14795,3,4,53,6,2018,5,8,4,3,2,2,0,0,1,0,0,0,0,0,4.29906E+20,5.84487E+21,7.96153E+15,5.27492E+16
14796,3,2,52,6,2018,5,10,6,3,1,5,0,0,1,0,0,0,0,0,5.25258E+20,5.77267E+21,9.36878E+15,5.2104E+16
14797,3,3,55,9,2018,4,14,7,3,2,2,0,0,1,0,1,0,0,0,6.15661E+20,5.90593E+21,1.07352E+16,5.329E+16
14798,3,4,5,0,2018,5,17,3,3,5,3,0,0,1,0,1,0,0,0,4.39652E+20,5.9295E+21,8.08998E+15,5.3511E+16
14799,3,4,57,18,2018,5,13,7,3,2,2,0,0,1,0,0,0,0,0,4.04104E+20,5.88826E+21,7.56654E+15,5.31351E+16
14800,3,1,53,17,2018,5,14,3,3,4,2,0,0,1,0,0,0,0,0,5.98082E+20,5.75355E+21,1.04263E+16,5.1924E+16
14801,3,1,54,13,2018,5,19,7,3,2,6,0,0,1,0,0,0,0,0,6.23797E+20,5.79067E+21,1.08136E+16,5.22525E+16
14802,3,2,54,41,2018,5,16,5,3,2,6,0,0,1,0,1,0,0,0,5.48848E+20,5.76097E+21,9.71151E+15,5.19972E+16
14803,3,3,51,6,2018,4,16,7,2,2,6,0,0,1,0,0,0,0,0,5.69976E+20,5.82927E+21,1.00334E+16,5.2609E+16
14804,3,3,53,9,2018,5,7,2,3,8,1,0,0,0,0,0,1,0,0,5.72282E+20,5.89449E+21,1.0082E+16,5.31948E+16
14805,3,3,54,4,2018,5,21,4,3,2,2,0,0,1,0,0,0,0,0,6.39776E+20,5.8845E+21,1.10873E+16,5.30916E+16
14806,3,3,52,29,2018,5,10,5,3,2,6,0,0,1,0,0,1,0,0,5.07396E+20,5.94427E+21,9.11189E+15,5.36471E+16
14807,3,2,41,9,2018,4,14,7,3,2,6,0,0,1,0,0,0,0,0,5.57827E+20,5.79186E+21,9.84754E+15,5.2274E+16
14808,3,2,52,6,2018,5,6,3,3,5,5,0,0,1,0,0,1,0,0,5.25255E+20,5.77267E+21,9.36873E+15,5.2104E+16
14809,3,2,41,4,2018,5,17,7,3,3,6,0,0,1,0,0,0,0,0,5.5804E+20,5.82079E+21,9.85567E+15,5.25341E+16
14810,3,4,55,15,2018,5,16,2,3,2,2,0,0,1,0,0,0,0,0,4.28462E+20,5.93382E+21,7.92028E+15,5.35484E+16
14811,3,2,54,17,2018,5,12,6,3,2,6,0,0,1,0,0,0,0,0,5.60815E+20,5.78629E+21,9.89032E+15,5.22236E+16
14812,3,3,58,18,2018,5,9,4,3,9,7,0,0,1,0,0,0,0,0,5.23677E+20,5.84521E+21,9.35083E+15,5.27562E+16
14813,3,1,1,0,2018,5,19,7,2,0,1,0,1,0,0,0,0,0,0,6.06274E+20,5.78738E+21,1.0556E+16,5.22266E+16
14814,3,2,54,21,2018,5,19,2,3,2,6,0,0,1,0,0,0,0,0,5.61854E+20,5.77909E+21,9.90421E+15,5.21589E+16
14815,3,1,1,0,2018,5,17,4,3,2,6,0,0,1,0,0,0,0,0,6.01919E+20,5.78557E+21,1.04917E+16,5.22111E+16
14816,3,4,59,12,2018,5,18,4,3,2,2,0,0,0,0,1,0,0,0,4.40432E+20,5.78869E+21,8.12751E+15,5.22453E+16
14817,3,2,41,1,2018,4,12,7,3,3,2,0,0,1,0,0,0,1,0,5.5001E+20,5.80484E+21,9.7349E+15,5.23915E+16
14818,3,4,1,0,2018,5,8,2,2,6,4,0,0,0,1,1,0,0,0,4.76577E+20,5.87805E+21,8.65057E+15,5.30515E+16
14819,3,3,59,2,2018,5,18,5,2,5,3,0,0,1,0,0,0,0,0,5.30278E+20,5.91614E+21,9.45533E+15,5.33935E+16
14820,3,3,53,5,2018,5,13,6,3,2,6,0,0,1,0,0,0,0,0,5.56646E+20,5.91086E+21,9.85086E+15,5.33439E+16
14821,3,1,2,0,2018,5,16,4,3,2,6,0,0,0,0,0,0,1,1,6.00697E+20,5.78079E+21,1.04724E+16,5.21684E+16
14822,3,2,41,13,2018,5,14,1,3,5,3,0,0,1,0,0,0,0,0,5.51015E+20,5.78181E+21,9.74619E+15,5.21844E+16
14823,3,3,54,9,2018,5,8,3,2,5,3,0,0,1,0,0,0,0,0,6.3702E+20,5.88857E+21,1.10479E+16,5.31289E+16
14824,3,1,53,17,2018,5,16,1,3,8,1,0,0,1,0,0,0,0,0,5.96774E+20,5.75019E+21,1.04064E+16,5.18941E+16
14825,3,2,41,6,2018,4,1,7,3,4,6,2,1,0,0,0,0,0,0,5.41612E+20,5.79299E+21,9.61003E+15,5.22857E+16
14826,3,2,55,34,2018,5,14,2,2,8,1,0,1,0,0,0,0,0,0,5.44854E+20,5.74772E+21,9.65161E+15,5.18785E+16
14827,3,1,2,0,2018,5,21,6,3,4,2,2,0,1,0,0,0,0,0,5.9013E+20,5.77978E+21,1.03177E+16,5.21611E+16
14828,3,2,41,5,2018,4,17,7,3,2,6,0,0,1,0,0,0,0,0,5.40066E+20,5.81005E+21,9.58941E+15,5.24391E+16
14829,3,3,52,8,2018,5,14,3,3,2,1,0,0,1,0,0,0,0,0,4.98645E+20,5.95599E+21,8.97945E+15,5.37525E+16
14830,3,4,5,0,2018,5,12,7,3,8,7,0,0,1,0,0,0,0,0,4.36472E+20,5.9331E+21,8.0413E+15,5.35429E+16
14831,3,4,59,14,2018,5,17,2,3,2,6,0,0,1,0,0,0,0,0,4.33457E+20,5.80574E+21,8.02199E+15,5.23979E+16
14832,3,2,41,6,2018,5,10,4,3,8,1,0,0,1,0,0,1,0,1,5.3718E+20,5.79571E+21,9.54536E+15,5.23105E+16
14833,3,2,51,37,2018,5,14,1,3,2,6,0,0,1,0,0,0,0,0,4.80856E+20,5.87177E+21,8.71477E+15,5.29951E+16
14834,3,4,58,13,2018,5,18,3,3,6,4,0,0,1,1,0,0,0,0,4.46144E+20,5.87917E+21,8.19639E+15,5.30593E+16
14835,3,2,56,13,2018,5,16,4,3,8,1,0,0,1,0,0,0,0,1,5.09829E+20,5.85308E+21,9.14588E+15,5.28274E+16
14836,3,3,57,18,2018,5,14,1,2,5,3,0,0,1,0,1,0,0,0,5.19146E+20,5.89373E+21,9.28657E+15,5.31925E+16
14837,3,3,58,2,2018,5,16,3,3,5,3,0,1,1,0,0,0,0,0,5.66825E+20,5.88197E+21,9.99768E+15,5.3083E+16
14838,3,1,55,11,2018,5,19,1,3,0,1,0,0,0,0,1,0,0,0,5.67095E+20,5.73181E+21,9.97159E+15,5.17332E+16
14839,3,2,57,26,2018,4,19,7,3,5,2,0,1,1,0,0,0,0,0,5.11358E+20,5.79364E+21,9.16653E+15,5.2293E+16
14840,3,1,59,26,2018,5,19,2,3,5,2,0,0,1,0,1,0,0,0,5.8903E+20,5.73176E+21,1.02891E+16,5.17297E+16
14841,3,4,51,2,2018,5,7,4,3,5,3,0,1,1,0,0,0,0,0,4.4238E+20,5.89142E+21,8.13803E+15,5.3169E+16
14842,3,1,3,0,2018,5,13,6,3,2,6,0,0,1,0,0,0,0,0,6.21145E+20,5.80826E+21,1.07811E+16,5.24111E+16
14843,3,2,54,28,2018,4,11,7,3,2,2,0,0,1,0,0,0,0,0,5.57457E+20,5.78638E+21,9.84118E+15,5.22248E+16
14844,3,4,58,8,2018,5,15,3,3,2,6,0,0,0,0,0,1,0,0,4.76021E+20,5.87081E+21,8.64281E+15,5.29864E+16
14845,3,4,52,9,2018,5,10,7,2,4,2,0,0,1,0,1,0,0,0,3.87691E+20,5.94359E+21,7.30164E+15,5.3629E+16
14846,3,1,1,0,2018,5,17,3,3,2,6,0,0,1,0,0,0,0,0,6.04382E+20,5.78851E+21,1.05286E+16,5.22371E+16
14847,3,4,59,12,2018,5,8,6,3,5,3,0,0,1,0,1,0,0,0,4.43972E+20,5.79081E+21,8.17901E+15,5.22648E+16
14848,3,1,2,0,2018,5,15,5,2,2,6,0,0,1,0,0,0,0,0,5.91714E+20,5.77946E+21,1.03407E+16,5.2158E+16
14849,3,2,52,5,2018,4,11,7,3,5,3,0,0,1,0,1,0,0,0,5.31869E+20,5.76485E+21,9.46456E+15,5.20333E+16
14850,3,3,58,16,2018,5,7,2,3,2,6,0,0,1,0,0,0,0,0,5.68878E+20,5.87901E+21,1.00277E+16,5.30562E+16
14851,3,2,41,6,2018,5,10,4,3,5,3,0,0,1,0,0,0,1,0,5.41002E+20,5.79743E+21,9.60164E+15,5.23257E+16
14852,3,3,59,20,2018,5,8,5,3,2,6,0,0,1,0,0,0,1,0,5.39926E+20,5.93686E+21,9.60304E+15,5.35791E+16
14853,3,1,59,7,2018,4,23,7,3,7,7,2,0,1,0,0,0,0,0,5.7114E+20,5.71655E+21,1.0027E+16,5.15955E+16
14854,3,1,58,27,2018,5,16,3,3,1,5,0,0,1,0,0,0,0,0,6.21792E+20,5.77844E+21,1.07798E+16,5.2143E+16