OBJECTID_1,ULAND,UREGBEZ,UKREIS,UGEMEINDE,UJAHR,UMONAT,USTUNDE,UWOCHENTAG,UKATEGORIE,UART,UTYP1,ULICHTVERH,IstRad,IstPKW,IstFuss,IstKrad,IstGkfz,IstSonstig,STRZUSTAND,LINREFX,LINREFY,XGCSWGS84,YGCSWGS84
14855,3,1,3,0,2018,5,14,7,3,4,2,0,0,1,0,0,0,0,0,6.23556E+20,5.81614E+21,1.08194E+16,5.24814E+16
14856,3,4,55,14,2018,5,8,2,2,2,6,0,0,1,0,0,0,1,0,4.34183E+20,5.92646E+21,8.00815E+15,5.3483E+16
14857,3,2,52,7,2018,5,15,6,1,8,7,0,0,1,0,0,0,0,0,5.18501E+20,5.77972E+21,9.27051E+15,5.21677E+16
14858,3,2,41,6,2018,5,7,4,3,5,3,0,0,1,0,0,0,0,0,5.41192E+20,5.79848E+21,9.60455E+15,5.23351E+16
14859,3,4,59,3,2018,5,12,6,2,5,3,0,0,1,0,0,0,0,0,4.59416E+20,5.79661E+21,8.4046E+15,5.23183E+16
14860,3,1,57,6,2018,5,21,2,3,5,2,2,0,1,0,1,0,0,0,5.82335E+20,5.79396E+21,1.02072E+16,5.22898E+16
14861,3,4,59,9,2018,5,16,3,3,5,2,0,1,1,0,0,0,0,0,4.15255E+20,5.83085E+21,7.74814E+15,5.2621E+16
14862,3,4,59,3,2018,5,19,4,3,9,6,0,0,1,0,0,0,0,0,4.54164E+20,5.79301E+21,8.32804E+15,5.22855E+16
14863,3,1,1,0,2018,5,17,2,2,0,7,0,0,1,0,1,0,0,0,6.03928E+20,5.79918E+21,1.05253E+16,5.2333E+16
14864,3,1,59,16,2018,4,19,7,2,4,2,1,0,1,0,1,0,0,0,5.63338E+20,5.70973E+21,9.91319E+15,5.15351E+16
14865,3,3,59,13,2018,5,18,2,2,2,6,0,0,1,0,0,0,0,0,5.26282E+20,5.95087E+21,9.39814E+15,5.37059E+16
14866,3,2,41,1,2018,5,10,5,3,2,6,0,0,1,0,0,0,0,0,5.60159E+20,5.80575E+21,9.88419E+15,5.23987E+16
14867,3,3,55,33,2018,5,22,6,3,2,2,2,0,1,0,0,0,0,0,6.00299E+20,5.90563E+21,1.05047E+16,5.32904E+16
14868,3,4,59,14,2018,5,11,3,3,8,1,0,0,1,0,0,0,0,0,4.24644E+20,5.80607E+21,7.89241E+15,5.23997E+16
14869,3,2,57,26,2018,5,16,1,3,5,3,0,0,1,0,1,0,0,0,5.10885E+20,5.7947E+21,9.15963E+15,5.23026E+16
14870,3,2,41,20,2018,5,7,3,3,2,6,0,0,1,0,0,0,0,0,5.42861E+20,5.79077E+21,9.62806E+15,5.22657E+16
14871,3,4,4,0,2018,5,12,7,3,5,2,0,1,1,0,0,0,0,0,4.35959E+20,5.79099E+21,8.06157E+15,5.22656E+16
14872,3,3,55,4,2018,5,7,5,3,2,6,0,0,1,0,0,0,0,0,5.88433E+20,5.90759E+21,1.03273E+16,5.33101E+16
14873,3,1,54,13,2018,4,16,7,2,3,6,0,1,1,0,1,0,0,0,6.25886E+20,5.79532E+21,1.08459E+16,5.22938E+16
14874,3,1,3,0,2018,5,10,2,3,0,2,0,0,1,0,0,0,0,0,6.2568E+20,5.80887E+21,1.0848E+16,5.24156E+16
14875,3,1,54,28,2018,5,13,6,3,3,6,0,0,1,0,0,0,0,0,6.35828E+20,5.79183E+21,1.09902E+16,5.22601E+16
14876,3,1,2,0,2018,4,13,7,3,1,1,0,0,1,0,0,0,0,0,5.91962E+20,5.77939E+21,1.03443E+16,5.21573E+16
14877,3,3,57,11,2018,5,15,3,2,9,1,0,0,1,0,0,0,0,0,5.18365E+20,5.9193E+21,9.27636E+15,5.34224E+16
14878,3,2,51,47,2018,5,9,7,3,5,3,0,0,1,0,1,0,0,0,4.91812E+20,5.87338E+21,8.87796E+15,5.30099E+16
14879,3,4,54,41,2018,5,18,2,3,2,6,0,0,1,0,0,1,0,0,3.92546E+20,5.8824E+21,7.39582E+15,5.30802E+16
14880,3,3,61,9,2018,5,19,6,3,8,1,0,0,1,0,0,0,0,0,5.012E+20,5.87806E+21,9.0179E+15,5.3052E+16
14881,3,4,57,21,2018,5,8,4,3,4,2,0,0,1,0,0,0,1,0,3.87681E+20,5.89279E+21,7.31957E+15,5.31726E+16
14882,3,1,53,7,2018,4,18,7,3,5,3,0,1,1,0,0,0,0,0,5.92484E+20,5.757E+21,1.03459E+16,5.1956E+16
14883,3,2,41,12,2018,5,6,2,3,2,2,0,0,1,0,0,1,0,0,5.27659E+20,5.82503E+21,9.40814E+15,5.25746E+16
14884,3,2,41,5,2018,5,9,4,3,2,6,0,0,1,0,0,0,0,0,5.37592E+20,5.80805E+21,9.55279E+15,5.24214E+16
14885,3,2,41,1,2018,5,14,5,3,0,2,0,0,1,1,0,0,0,0,5.54507E+20,5.80937E+21,9.80172E+15,5.24318E+16
14886,3,3,61,9,2018,5,9,4,3,3,6,0,0,1,0,0,1,0,0,5.0172E+20,5.87808E+21,9.02566E+15,5.30522E+16
14887,3,1,51,40,2018,4,18,7,3,4,2,0,0,1,0,0,0,0,0,6.14266E+20,5.84343E+21,1.06921E+16,5.27287E+16
14888,3,4,52,19,2018,5,7,2,3,4,6,0,1,0,0,0,0,0,0,3.82896E+20,5.94082E+21,7.23022E+15,5.36031E+16
14889,3,4,57,14,2018,5,15,5,3,3,1,0,1,1,0,0,0,0,0,3.99522E+20,5.91082E+21,7.49096E+15,5.3337E+16
14890,3,3,61,12,2018,5,17,6,3,5,3,0,0,1,0,0,0,0,0,5.14732E+20,5.86328E+21,9.2191E+15,5.2919E+16
14891,3,1,58,6,2018,5,7,2,3,2,6,0,0,1,0,0,0,0,0,6.08955E+20,5.78979E+21,1.0596E+16,5.22477E+16
14892,3,3,56,11,2018,5,7,3,3,2,2,0,0,1,0,0,0,0,0,4.99816E+20,5.90088E+21,8.99724E+15,5.32572E+16
14893,3,4,53,5,2018,5,13,6,3,2,6,0,0,1,0,0,0,0,0,4.42512E+20,5.85415E+21,8.14664E+15,5.2834E+16
14894,3,4,59,24,2018,5,17,4,2,3,6,0,0,1,0,0,0,0,1,4.53739E+20,5.77571E+21,8.32417E+15,5.213E+16
14895,3,4,59,21,2018,4,15,6,3,5,3,0,1,1,0,0,0,0,0,4.2923E+20,5.78789E+21,7.96364E+15,5.22368E+16
14896,3,3,51,12,2018,5,12,2,3,4,2,0,1,1,0,0,0,0,0,5.63694E+20,5.83197E+21,9.94116E+15,5.26339E+16
14897,3,2,41,10,2018,5,15,4,3,4,2,0,0,1,0,0,0,0,0,5.50597E+20,5.81173E+21,9.74457E+15,5.24534E+16
14898,3,3,58,7,2018,5,16,5,3,2,6,0,0,0,0,0,1,0,0,5.46335E+20,5.83929E+21,9.68571E+15,5.27016E+16
14899,3,4,59,33,2018,4,15,6,3,5,3,0,1,1,0,0,0,0,0,4.31674E+20,5.80046E+21,7.99686E+15,5.23502E+16
14900,3,4,59,24,2018,5,7,2,3,5,3,0,0,1,0,0,0,1,0,4.55517E+20,5.77812E+21,8.34983E+15,5.21518E+16
14901,3,1,51,36,2018,5,9,6,3,4,2,0,0,1,0,0,0,0,0,6.07537E+20,5.82969E+21,1.0588E+16,5.26066E+16
14902,3,4,60,1,2018,5,13,6,3,2,6,0,0,1,0,0,0,0,0,4.44768E+20,5.84199E+21,8.18218E+15,5.27249E+16
14903,3,1,51,13,2018,5,16,2,3,2,6,0,0,1,0,0,0,0,0,6.07378E+20,5.81284E+21,1.05803E+16,5.24552E+16
14904,3,4,57,17,2018,5,12,3,3,2,6,0,0,1,0,0,0,0,0,4.07389E+20,5.8887E+21,7.61551E+15,5.31396E+16
14905,3,4,57,10,2018,5,7,4,3,1,6,0,0,1,0,0,0,0,0,4.04292E+20,5.90396E+21,7.56465E+15,5.32762E+16
14906,3,4,53,1,2018,5,19,1,3,1,5,0,0,1,0,0,0,0,1,4.16197E+20,5.89154E+21,7.7464E+15,5.31667E+16
14907,3,4,4,0,2018,4,7,6,3,2,6,0,0,1,0,0,0,0,0,4.3317E+20,5.79152E+21,8.0206E+15,5.227E+16
14908,3,3,57,41,2018,5,10,2,3,4,6,0,0,0,0,0,1,0,0,5.3252E+20,5.89314E+21,9.48667E+15,5.31866E+16
14909,3,1,53,504,2018,5,11,5,3,5,3,0,0,1,0,1,0,0,0,6.15033E+20,5.72718E+21,1.0664E+16,5.16838E+16
14910,3,2,41,6,2018,5,15,6,3,5,3,0,1,1,0,0,0,0,0,5.41985E+20,5.80062E+21,9.61646E+15,5.23543E+16
14911,3,4,54,60,2018,5,18,5,2,5,3,0,0,1,0,0,0,0,0,3.92781E+20,5.86634E+21,7.40466E+15,5.2936E+16
14912,3,4,57,22,2018,5,13,3,3,2,6,0,0,1,0,0,0,0,0,3.98618E+20,5.89583E+21,7.48218E+15,5.32021E+16
14913,3,1,2,0,2018,5,19,1,3,4,1,0,0,1,0,1,0,0,0,5.89481E+20,5.7811E+21,1.03085E+16,5.21731E+16
14914,3,2,41,10,2018,5,18,3,3,0,1,0,0,0,0,1,0,0,0,5.4947E+20,5.81597E+21,9.72862E+15,5.24917E+16
14915,3,3,61,12,2018,5,10,7,3,5,2,0,1,1,0,0,0,0,0,5.16755E+20,5.864E+21,9.24924E+15,5.29254E+16
14916,3,3,58,21,2018,5,21,5,3,6,4,1,0,1,1,0,0,0,0,5.55481E+20,5.87061E+21,9.82638E+15,5.29822E+16
14917,3,4,57,21,2018,4,11,6,3,3,6,0,0,1,0,0,1,0,0,3.88124E+20,5.8926E+21,7.32627E+15,5.3171E+16
14918,3,1,58,6,2018,5,14,2,3,9,6,0,0,1,0,0,0,0,0,6.12688E+20,5.79063E+21,1.06509E+16,5.22545E+16
14919,3,4,4,0,2018,5,17,5,3,2,6,0,0,1,0,0,0,0,0,4.33627E+20,5.78781E+21,8.02803E+15,5.22367E+16
14920,3,4,57,13,2018,4,10,6,3,5,7,0,0,1,0,0,0,0,0,3.98716E+20,5.89959E+21,7.48245E+15,5.3236E+16
14921,3,2,41,19,2018,5,10,3,3,2,6,0,0,1,0,0,1,1,0,5.4934E+20,5.82166E+21,9.72755E+15,5.25428E+16
14922,3,3,52,62,2018,5,8,7,3,2,6,0,0,1,0,0,0,0,0,4.73262E+20,5.93876E+21,8.59599E+15,5.3597E+16
14923,3,4,54,18,2018,5,14,2,3,2,2,0,0,1,0,1,0,0,0,3.777E+20,5.85024E+21,7.18641E+15,5.27881E+16
14924,3,3,53,32,2018,5,14,6,3,2,6,0,0,1,0,0,0,0,0,5.74812E+20,5.91232E+21,1.0124E+16,5.33547E+16
14925,3,3,56,7,2018,5,13,4,3,0,1,0,1,0,0,0,0,0,0,4.87607E+20,5.8993E+21,8.81428E+15,5.32429E+16
14926,3,2,41,1,2018,5,19,2,3,5,3,0,1,1,0,0,0,0,0,5.49271E+20,5.80478E+21,9.72404E+15,5.2391E+16
14927,3,2,54,45,2018,5,21,4,3,8,7,2,0,1,0,0,0,0,0,5.64373E+20,5.76198E+21,9.9378E+15,5.20047E+16
14928,3,2,41,6,2018,5,16,5,3,8,1,0,0,0,0,1,0,0,0,5.37184E+20,5.79573E+21,9.54543E+15,5.23106E+16
14929,3,4,54,57,2018,4,18,6,3,0,7,0,0,1,0,1,0,0,1,4.10201E+20,5.85461E+21,7.667E+15,5.28338E+16
14930,3,4,55,15,2018,5,18,2,2,0,7,0,0,0,0,1,0,0,0,4.32564E+20,5.93721E+21,7.98144E+15,5.35794E+16
14931,3,3,61,12,2018,5,8,5,2,9,7,0,0,1,0,0,0,0,0,5.1657E+20,5.86761E+21,9.24667E+15,5.29578E+16
14932,3,4,51,5,2018,5,17,6,3,2,6,0,0,1,0,0,0,0,0,4.48504E+20,5.89612E+21,8.22888E+15,5.32119E+16
14933,3,4,54,14,2018,5,17,1,3,5,3,0,1,1,0,0,0,0,0,3.80411E+20,5.8284E+21,7.23453E+15,5.25925E+16
14934,3,4,51,5,2018,5,7,3,3,2,6,0,0,1,0,0,0,0,0,4.49372E+20,5.8955E+21,8.24198E+15,5.32064E+16
14935,3,3,56,8,2018,5,10,4,3,2,2,0,0,1,0,0,0,0,0,4.83307E+20,5.89187E+21,8.75025E+15,5.3176E+16
14936,3,2,41,3,2018,5,16,4,3,4,2,0,0,1,0,0,1,0,0,5.68541E+20,5.81562E+21,1.00094E+16,5.24864E+16
14937,3,4,61,2,2018,5,10,1,3,5,3,0,0,1,0,0,0,1,0,4.64031E+20,5.90859E+21,8.45996E+15,5.33253E+16
14938,3,3,52,61,2018,5,15,3,3,8,1,0,0,1,1,0,0,0,0,4.75951E+20,5.95859E+21,8.63508E+15,5.37754E+16
14939,3,3,58,22,2018,5,7,4,3,2,6,0,0,1,0,0,0,0,0,5.36707E+20,5.85549E+21,9.54505E+15,5.28479E+16
14940,3,3,55,39,2018,5,12,1,3,0,6,0,0,1,0,0,0,0,0,5.8981E+20,5.90386E+21,1.03469E+16,5.32764E+16
14941,3,4,56,9,2018,4,6,6,3,5,3,0,0,1,0,1,0,0,0,3.61123E+20,5.82766E+21,6.95028E+15,5.25812E+16
14942,3,2,41,1,2018,5,13,2,3,2,2,0,0,1,0,0,0,1,0,5.47504E+20,5.79926E+21,9.69729E+15,5.23415E+16
14943,3,4,52,25,2018,5,13,4,3,2,6,0,0,1,0,0,0,1,0,4.15696E+20,5.91959E+21,7.73146E+15,5.34186E+16
14944,3,2,57,35,2018,5,13,6,3,4,2,0,0,1,0,0,0,0,0,5.12826E+20,5.79502E+21,9.18811E+15,5.23054E+16
14945,3,4,53,7,2018,5,10,3,3,2,2,0,0,1,0,1,0,0,0,4.24844E+20,5.87671E+21,7.8792E+15,5.30346E+16
14946,3,4,4,0,2018,5,18,7,3,2,6,0,0,1,0,0,0,0,0,4.34674E+20,5.79299E+21,8.04236E+15,5.22834E+16
14947,3,1,58,27,2018,5,14,3,3,6,2,0,0,1,1,0,0,0,0,6.21363E+20,5.7784E+21,1.07735E+16,5.21428E+16
14948,3,3,58,14,2018,5,11,7,3,2,6,0,0,1,0,0,0,0,0,5.39781E+20,5.84538E+21,9.58947E+15,5.27568E+16
14949,3,2,41,1,2018,5,14,5,3,5,3,0,1,1,0,0,0,0,0,5.49716E+20,5.80233E+21,9.73021E+15,5.2369E+16
14950,3,4,61,3,2018,5,14,1,3,4,6,0,0,1,0,0,0,0,0,4.52148E+20,5.93555E+21,8.27747E+15,5.35666E+16
14951,3,2,41,1,2018,5,16,4,3,3,6,0,0,1,0,1,0,0,0,5.43756E+20,5.80732E+21,9.64333E+15,5.24143E+16
14952,3,2,52,8,2018,5,12,1,2,9,1,0,0,0,0,1,0,0,0,5.37727E+20,5.76943E+21,9.55046E+15,5.20741E+16
14953,3,1,59,29,2018,5,15,1,2,8,1,0,0,0,0,1,0,0,0,5.5663E+20,5.69628E+21,9.81434E+15,5.14149E+16
14954,3,4,51,2,2018,5,5,2,2,8,1,1,0,1,0,0,0,0,0,4.37851E+20,5.89592E+21,8.06941E+15,5.32089E+16
14955,3,4,62,10,2018,5,15,3,3,4,2,0,0,1,0,0,0,0,0,4.14088E+20,5.95008E+21,7.6989E+15,5.36924E+16
14956,3,1,57,7,2018,5,15,1,3,5,1,0,1,0,0,0,0,0,0,5.9622E+20,5.79055E+21,1.04097E+16,5.2257E+16
14957,3,1,2,0,2018,5,14,2,2,3,6,0,1,1,0,0,0,0,0,5.92863E+20,5.77775E+21,1.0357E+16,5.21425E+16
14958,3,2,41,15,2018,5,17,3,3,2,6,0,0,1,0,0,0,0,0,5.37569E+20,5.80153E+21,9.55172E+15,5.23628E+16
14959,3,3,54,25,2018,5,23,1,3,4,6,2,0,1,0,0,0,0,0,6.50727E+20,5.86817E+21,1.12431E+16,5.29419E+16
14960,3,2,41,1,2018,5,7,4,3,5,3,0,0,1,0,0,0,0,0,5.44351E+20,5.80743E+21,9.6521E+15,5.24153E+16
14961,3,1,57,8,2018,5,13,1,3,0,7,0,0,0,0,0,0,1,0,5.94972E+20,5.79942E+21,1.03939E+16,5.23369E+16
14962,3,3,57,51,2018,5,20,2,2,5,2,0,1,1,0,0,0,0,0,5.38642E+20,5.87062E+21,9.57558E+15,5.29838E+16
14963,3,4,51,8,2018,5,7,3,3,2,2,0,0,1,0,0,0,0,0,4.36672E+20,5.89753E+21,8.05144E+15,5.32233E+16
14964,3,1,53,504,2018,5,17,1,3,2,6,0,1,1,0,0,0,0,0,6.122E+20,5.73233E+21,1.06247E+16,5.17307E+16
14965,3,4,54,54,2018,5,19,1,3,4,2,0,0,1,0,1,0,0,0,3.71263E+20,5.83491E+21,7.09703E+15,5.26488E+16
14966,3,4,61,9,2018,5,0,2,2,4,1,2,0,1,0,0,0,0,0,4.55765E+20,5.9169E+21,8.3347E+15,5.33993E+16
14967,3,4,55,25,2018,5,13,3,3,5,3,0,1,1,0,0,0,0,0,4.34409E+20,5.91659E+21,8.01362E+15,5.33943E+16
14968,3,1,53,504,2018,5,11,1,2,8,1,0,0,0,0,1,0,0,0,6.11596E+20,5.72924E+21,1.06149E+16,5.1703E+16
14969,3,1,1,0,2018,5,21,3,3,5,3,0,1,1,0,0,0,0,0,6.02201E+20,5.78497E+21,1.04956E+16,5.22057E+16
14970,3,1,1,0,2018,5,11,2,2,2,6,0,0,1,0,1,0,0,0,6.0277E+20,5.79735E+21,1.05077E+16,5.23168E+16
14971,3,4,54,41,2018,5,14,2,2,5,2,0,0,1,0,1,0,0,0,3.90925E+20,5.88353E+21,7.37125E+15,5.30901E+16
14972,3,2,41,1,2018,5,10,3,3,8,1,0,0,1,0,0,0,0,0,5.56451E+20,5.80689E+21,9.82989E+15,5.24093E+16
14973,3,2,41,9,2018,5,11,1,3,0,1,0,1,0,0,0,0,0,0,5.5712E+20,5.79216E+21,9.83722E+15,5.22768E+16
14974,3,2,54,21,2018,5,9,4,2,2,7,0,0,1,0,0,1,0,0,5.67299E+20,5.78023E+21,9.98402E+15,5.21684E+16
14975,3,1,51,40,2018,5,14,1,2,0,2,0,0,0,0,1,0,0,0,6.14405E+20,5.83239E+21,1.06904E+16,5.26294E+16
14976,3,3,55,2,2018,5,10,2,3,5,3,0,1,1,0,0,0,0,0,5.81623E+20,5.8877E+21,1.022E+16,5.31325E+16
14977,3,4,61,2,2018,5,6,3,3,4,1,0,0,1,0,0,1,0,0,4.63318E+20,5.9124E+21,8.44882E+15,5.33594E+16
14978,3,4,51,1,2018,5,8,1,3,5,3,0,0,1,0,0,0,0,0,4.21747E+20,5.89209E+21,7.82928E+15,5.31724E+16
14979,3,1,54,28,2018,5,17,3,3,5,3,0,0,1,0,0,0,0,0,6.3598E+20,5.78836E+21,1.0991E+16,5.22289E+16
14980,3,4,58,11,2018,5,16,4,3,5,3,0,0,1,0,0,0,0,0,4.7841E+20,5.86726E+21,8.67863E+15,5.29545E+16
14981,3,1,51,9,2018,5,16,1,3,5,3,0,0,1,0,0,0,0,0,6.03282E+20,5.81693E+21,1.05213E+16,5.24927E+16
14982,3,1,1,0,2018,5,6,1,3,0,1,0,0,0,0,0,0,1,0,6.05856E+20,5.797E+21,1.05529E+16,5.23131E+16
14983,3,2,56,9,2018,5,18,3,3,4,6,0,0,1,0,1,0,0,0,5.20228E+20,5.84799E+21,9.2999E+15,5.27813E+16
14984,3,2,55,23,2018,5,20,1,3,2,1,0,0,1,0,0,0,0,0,5.35777E+20,5.73285E+21,9.51822E+15,5.17455E+16
14985,3,1,57,6,2018,5,17,4,3,5,3,0,0,1,0,0,0,0,0,5.84013E+20,5.79841E+21,1.02329E+16,5.23296E+16
14986,3,4,59,14,2018,5,14,7,3,2,6,0,0,1,0,0,0,0,0,4.34844E+20,5.80419E+21,8.04268E+15,5.23841E+16
14987,3,2,41,12,2018,5,19,2,3,2,6,0,0,1,0,1,0,0,0,5.31035E+20,5.8171E+21,9.45721E+15,5.25032E+16
14988,3,3,58,19,2018,5,17,3,2,4,1,0,0,0,0,1,0,1,0,5.46259E+20,5.88454E+21,9.69103E+15,5.31083E+16
14989,3,2,51,41,2018,5,16,1,2,8,1,0,0,0,0,1,0,0,0,4.88981E+20,5.85801E+21,8.83629E+15,5.28717E+16
14990,3,3,58,4,2018,5,12,4,3,3,6,0,0,0,0,1,1,0,0,5.46176E+20,5.86619E+21,9.68717E+15,5.29434E+16
14991,3,4,57,13,2018,5,18,7,2,6,4,0,0,1,1,0,0,0,0,3.99305E+20,5.89966E+21,7.49126E+15,5.32366E+16
14992,3,4,56,15,2018,5,14,7,3,5,3,0,1,0,0,1,0,0,0,3.71778E+20,5.80689E+21,7.11544E+15,5.23972E+16
14993,3,4,54,18,2018,5,7,3,3,4,2,0,0,1,0,0,0,0,0,3.73937E+20,5.84923E+21,7.13103E+15,5.27782E+16
14994,3,4,5,0,2018,5,6,7,2,5,3,0,1,1,0,0,0,0,0,4.42023E+20,5.93214E+21,8.12523E+15,5.3535E+16
14995,3,1,59,11,2018,5,16,2,2,7,7,0,0,0,0,1,0,0,0,5.73579E+20,5.71531E+21,1.0062E+16,5.1584E+16
14996,3,2,41,1,2018,5,22,3,3,3,6,2,0,1,0,0,0,0,0,5.51555E+20,5.80045E+21,9.75693E+15,5.23519E+16
14997,3,4,4,0,2018,5,8,3,2,5,3,0,0,1,0,1,0,0,0,4.38415E+20,5.7891E+21,8.0979E+15,5.22488E+16
14998,3,3,61,1,2018,5,23,7,3,5,3,2,0,1,0,0,0,0,0,5.02809E+20,5.87321E+21,9.04187E+15,5.30085E+16
14999,3,2,54,8,2018,5,16,2,3,8,1,0,0,1,0,0,0,0,0,5.74335E+20,5.76643E+21,1.00839E+16,5.20435E+16
15000,3,3,54,4,2018,5,5,3,3,5,3,0,0,1,0,0,0,0,0,6.41887E+20,5.8854E+21,1.11192E+16,5.30992E+16
15001,3,3,52,62,2018,5,19,1,3,5,5,0,1,1,0,0,0,0,0,4.74526E+20,5.94839E+21,8.6143E+15,5.36836E+16
15002,3,4,54,10,2018,5,8,2,2,8,7,0,0,1,0,0,0,0,0,3.87009E+20,5.80666E+21,7.33927E+15,5.23985E+16
15003,3,2,41,1,2018,5,15,4,3,5,2,0,1,1,0,0,0,0,0,5.53127E+20,5.79775E+21,9.77958E+15,5.23275E+16
15004,3,4,55,14,2018,5,16,7,3,8,7,0,0,1,0,0,0,0,0,4.34542E+20,5.92572E+21,8.01372E+15,5.34764E+16
15005,3,2,51,26,2018,5,14,2,2,4,6,0,0,1,0,1,0,0,0,5.03832E+20,5.85892E+21,9.05695E+15,5.288E+16
15006,3,4,52,12,2018,5,13,3,3,5,3,0,1,1,0,0,0,0,0,3.95553E+20,5.92137E+21,7.4279E+15,5.3431E+16
15007,3,4,61,2,2018,5,15,7,3,4,2,0,0,1,0,0,0,0,0,4.65556E+20,5.90643E+21,8.4831E+15,5.33059E+16
15008,3,4,59,14,2018,5,16,2,3,0,3,0,0,1,0,0,0,0,0,4.31524E+20,5.81016E+21,7.99268E+15,5.24374E+16
15009,3,1,53,18,2018,5,13,2,3,8,1,0,0,0,0,1,0,0,0,5.993E+20,5.74041E+21,1.04403E+16,5.18057E+16
15010,3,4,62,19,2018,5,5,2,3,8,7,1,0,1,0,0,0,0,0,4.20027E+20,5.94658E+21,7.78972E+15,5.36618E+16
15011,3,2,41,2,2018,5,9,3,3,5,3,0,0,1,0,0,0,1,0,5.32006E+20,5.80077E+21,9.46995E+15,5.23562E+16
15012,3,3,51,6,2018,5,8,1,3,9,1,0,0,1,0,0,0,0,0,5.71682E+20,5.82808E+21,1.00583E+16,5.2598E+16
15013,3,1,51,27,2018,5,15,3,2,5,2,0,0,1,0,0,1,0,0,5.9949E+20,5.80215E+21,1.0461E+16,5.23606E+16
15014,3,3,57,51,2018,5,16,1,1,5,3,0,0,1,0,0,0,0,0,5.42408E+20,5.87171E+21,9.63183E+15,5.29933E+16
15015,3,2,41,2,2018,5,16,4,2,3,6,0,0,1,0,0,1,0,0,5.32533E+20,5.80447E+21,9.47806E+15,5.23896E+16
15016,3,3,52,50,2018,5,12,7,3,2,6,0,0,1,0,0,0,0,0,4.82864E+20,5.93003E+21,8.74155E+15,5.35189E+16
15017,3,3,58,18,2018,5,7,2,2,4,6,0,0,1,0,0,1,0,0,5.26678E+20,5.84886E+21,9.39559E+15,5.27889E+16
15018,3,3,61,9,2018,5,21,3,3,5,3,1,1,1,0,0,0,0,0,5.02348E+20,5.87902E+21,9.03504E+15,5.30607E+16
15019,3,3,56,9,2018,5,15,7,3,9,7,0,0,0,0,0,0,1,0,4.75683E+20,5.90128E+21,8.63546E+15,5.32602E+16
15020,3,4,2,0,2018,5,13,2,3,5,2,0,0,1,0,1,0,0,0,3.852E+20,5.91086E+21,7.27596E+15,5.33345E+16
15021,3,4,56,13,2018,5,19,1,3,8,1,1,1,0,0,0,0,0,0,3.61698E+20,5.81611E+21,6.96356E+15,5.24776E+16
15022,3,2,41,1,2018,5,9,3,3,2,6,0,0,1,0,0,0,0,0,5.4294E+20,5.80806E+21,9.63143E+15,5.2421E+16
15023,3,2,54,26,2018,5,12,1,3,0,7,0,0,0,0,1,0,0,0,5.52495E+20,5.77767E+21,9.76719E+15,5.21471E+16
15024,3,1,54,28,2018,5,8,4,3,2,2,0,0,1,0,0,0,0,0,6.34902E+20,5.78818E+21,1.09752E+16,5.22275E+16
15025,3,3,53,32,2018,5,15,7,3,8,6,0,0,0,0,0,0,1,0,5.73606E+20,5.91373E+21,1.01062E+16,5.33675E+16
15026,3,3,51,25,2018,5,18,2,3,8,1,0,0,1,0,0,0,0,0,5.85758E+20,5.8388E+21,1.02689E+16,5.26923E+16
15027,3,3,52,11,2018,5,9,3,3,0,3,0,0,1,1,0,0,0,0,4.80282E+20,5.96848E+21,8.70016E+15,5.38644E+16
15028,3,1,59,26,2018,5,12,4,3,5,3,0,0,0,0,1,0,1,0,5.90347E+20,5.73302E+21,1.03085E+16,5.17408E+16
15029,3,3,53,22,2018,5,7,7,3,5,3,0,1,1,0,0,0,0,0,5.41844E+20,5.89867E+21,9.62693E+15,5.32357E+16
15030,3,3,57,39,2018,5,9,2,3,7,7,0,0,0,0,0,0,1,0,5.20179E+20,5.89104E+21,9.30186E+15,5.31684E+16
15031,3,4,3,0,2018,5,11,3,3,4,6,0,0,1,0,0,0,0,0,4.50022E+20,5.89098E+21,8.25241E+15,5.31659E+16
15032,3,3,59,13,2018,5,14,7,3,5,3,0,0,1,0,0,0,0,0,5.25345E+20,5.9467E+21,9.38362E+15,5.36685E+16
15033,3,4,60,9,2018,5,18,1,3,5,3,0,1,1,0,0,0,0,0,4.50526E+20,5.84653E+21,8.26675E+15,5.27664E+16
15034,3,2,54,20,2018,5,11,3,3,3,6,0,0,1,0,0,0,1,0,5.6403E+20,5.78423E+21,9.93699E+15,5.22048E+16
15035,3,2,52,3,2018,5,16,1,3,8,1,0,0,1,0,1,0,0,0,5.14284E+20,5.7587E+21,9.20796E+15,5.19788E+16
15036,3,3,59,17,2018,5,15,7,3,5,3,0,0,1,0,0,0,0,0,5.25465E+20,5.93562E+21,9.38452E+15,5.35688E+16
15037,3,1,1,0,2018,5,7,4,2,6,4,0,1,0,1,0,0,0,0,6.02545E+20,5.79228E+21,1.05029E+16,5.22713E+16
15038,3,3,57,57,2018,5,11,7,3,3,2,0,1,1,0,0,0,0,0,5.18447E+20,5.90516E+21,9.27677E+15,5.32953E+16
15039,3,1,55,12,2018,5,12,2,2,2,6,0,0,0,0,1,0,0,0,5.49848E+20,5.72374E+21,9.7207E+15,5.16624E+16
15040,3,3,57,39,2018,5,12,6,3,5,3,0,1,1,0,0,0,0,0,5.27688E+20,5.88501E+21,9.41366E+15,5.31138E+16
15041,3,1,53,17,2018,5,18,3,2,9,1,0,0,1,0,0,0,0,0,6.02545E+20,5.76032E+21,1.04932E+16,5.19841E+16
15042,3,3,57,16,2018,5,12,3,3,2,6,0,0,0,0,1,0,0,0,4.99954E+20,5.91804E+21,8.9993E+15,5.34115E+16
15043,3,2,51,44,2018,5,17,1,3,8,1,0,0,1,0,0,0,0,0,4.7235E+20,5.82081E+21,8.59234E+15,5.25367E+16
15044,3,3,55,8,2018,5,17,4,2,5,7,0,1,1,0,0,0,0,0,5.86759E+20,5.88977E+21,1.02973E+16,5.31502E+16