OBJECTID_1,ULAND,UREGBEZ,UKREIS,UGEMEINDE,UJAHR,UMONAT,USTUNDE,UWOCHENTAG,UKATEGORIE,UART,UTYP1,ULICHTVERH,IstRad,IstPKW,IstFuss,IstKrad,IstGkfz,IstSonstig,STRZUSTAND,LINREFX,LINREFY,XGCSWGS84,YGCSWGS84
15424,3,1,53,18,2018,5,12,7,3,0,2,0,0,1,0,0,0,0,0,5.90617E+20,5.74024E+21,1.03143E+16,5.18056E+16
15425,3,2,55,17,2018,5,9,5,3,1,5,0,0,1,0,1,0,0,0,5.32729E+20,5.7595E+21,9.47658E+15,5.19852E+16
15426,3,1,58,37,2018,5,7,2,3,2,6,0,0,1,0,0,0,0,0,5.99612E+20,5.77771E+21,1.04556E+16,5.21409E+16
15427,3,2,51,24,2018,5,16,6,2,5,3,0,0,1,0,0,1,0,0,4.92641E+20,5.83807E+21,8.89112E+15,5.26925E+16
15428,3,1,53,504,2018,5,12,7,2,8,1,0,0,0,0,1,0,0,0,5.96968E+20,5.74304E+21,1.04072E+16,5.18297E+16
15429,3,2,55,22,2018,5,18,5,2,9,1,0,0,0,0,1,0,0,1,5.4745E+20,5.75399E+21,9.69018E+15,5.19346E+16
15430,3,3,60,29,2018,5,18,1,3,8,1,0,1,0,0,0,0,0,0,5.8598E+20,5.87554E+21,1.02819E+16,5.30225E+16
15431,3,2,41,1,2018,5,19,7,3,5,2,0,0,1,0,0,0,1,0,5.4866E+20,5.80143E+21,9.71457E+15,5.2361E+16
15432,3,1,59,10,2018,5,13,6,3,2,6,0,0,1,0,0,0,0,0,5.82628E+20,5.70647E+21,1.01905E+16,5.15033E+16
15433,3,1,1,0,2018,5,15,3,2,2,6,0,0,1,0,0,0,1,0,6.03412E+20,5.79703E+21,1.0517E+16,5.23139E+16
15434,3,1,59,17,2018,5,14,5,3,0,1,0,0,0,0,0,0,1,1,5.5321E+20,5.69417E+21,9.76484E+15,5.13962E+16
15435,3,3,59,38,2018,5,15,2,3,3,6,0,0,1,0,1,0,0,0,5.3348E+20,5.93705E+21,9.5057E+15,5.35812E+16
15436,3,1,51,29,2018,5,2,7,3,8,1,2,0,0,0,0,0,1,0,5.96257E+20,5.84281E+21,1.04254E+16,5.27266E+16
15437,3,1,54,6,2018,5,20,5,3,9,7,0,0,0,0,1,0,1,1,6.23669E+20,5.77232E+21,1.0805E+16,5.20876E+16
15438,3,3,52,62,2018,5,7,2,3,4,6,0,0,1,0,0,0,0,0,4.83345E+20,5.93839E+21,8.74836E+15,5.35941E+16
15439,3,1,51,34,2018,5,13,7,3,4,2,0,1,1,0,0,0,0,0,6.03409E+20,5.80416E+21,1.05192E+16,5.23779E+16
15440,3,1,54,14,2018,5,16,5,3,8,6,0,0,1,0,1,0,0,0,6.13615E+20,5.80096E+21,1.0668E+16,5.23471E+16
15441,3,4,59,24,2018,5,17,1,3,8,1,0,0,0,0,1,0,0,0,4.53752E+20,5.78472E+21,8.32314E+15,5.2211E+16
15442,3,3,52,46,2018,5,14,6,3,2,2,0,0,1,0,0,0,0,0,4.93005E+20,5.96207E+21,8.89377E+15,5.38072E+16
15443,3,4,59,19,2018,5,15,6,3,5,3,0,1,1,0,0,0,0,0,4.34953E+20,5.78416E+21,8.04814E+15,5.22041E+16
15444,3,1,3,0,2018,5,16,5,2,1,7,0,0,1,0,1,0,0,0,6.20635E+20,5.81296E+21,1.07753E+16,5.24535E+16
15445,3,2,41,2,2018,5,18,1,3,0,7,0,0,1,0,0,0,0,0,5.31621E+20,5.79886E+21,9.46412E+15,5.23391E+16
15446,3,4,54,18,2018,5,18,7,2,4,6,0,1,0,0,1,0,0,0,3.80015E+20,5.85109E+21,7.22042E+15,5.27962E+16
15447,3,1,3,0,2018,5,16,6,3,4,2,0,0,1,0,0,0,0,0,6.17754E+20,5.80948E+21,1.07317E+16,5.24228E+16
15448,3,4,59,19,2018,5,16,2,3,4,6,0,1,0,0,0,0,0,0,4.36877E+20,5.78435E+21,8.07626E+15,5.2206E+16
15449,3,3,51,21,2018,5,8,7,3,0,2,0,1,1,0,0,0,0,0,5.77754E+20,5.82175E+21,1.01465E+16,5.25403E+16
15450,3,1,58,37,2018,5,15,5,3,5,7,0,1,1,0,0,0,0,0,6.03713E+20,5.78043E+21,1.05163E+16,5.21646E+16
15451,3,2,41,1,2018,5,8,2,3,5,3,0,1,1,0,0,0,0,0,5.42121E+20,5.80638E+21,9.61918E+15,5.24061E+16
15452,3,4,4,0,2018,5,23,6,3,5,3,2,1,0,0,1,0,0,0,4.37421E+20,5.79214E+21,8.08278E+15,5.2276E+16
15453,3,1,58,37,2018,5,14,5,3,5,3,0,1,1,0,0,0,0,0,5.99835E+20,5.77825E+21,1.0459E+16,5.21457E+16
15454,3,4,54,35,2018,5,14,1,3,3,6,0,0,1,0,0,0,0,0,3.85006E+20,5.83829E+21,7.29888E+15,5.26823E+16
15455,3,3,57,57,2018,5,18,6,3,5,3,0,0,1,0,1,0,0,0,5.1849E+20,5.90436E+21,9.27737E+15,5.32881E+16
15456,3,2,41,8,2018,5,15,3,3,5,2,0,1,1,0,0,0,0,0,5.58636E+20,5.81408E+21,9.86328E+15,5.24737E+16
15457,3,4,4,0,2018,5,16,6,3,5,3,0,1,1,0,0,0,0,0,4.34658E+20,5.79278E+21,8.04217E+15,5.22815E+16
15458,3,1,57,7,2018,5,12,5,3,2,6,0,0,1,0,0,0,0,0,5.973E+20,5.78996E+21,1.04254E+16,5.22514E+16
15459,3,4,57,8,2018,5,14,1,3,2,6,0,0,1,0,0,0,0,0,4.08917E+20,5.90095E+21,7.63485E+15,5.325E+16
15460,3,3,58,7,2018,5,15,6,3,2,6,0,0,1,0,0,0,0,0,5.46584E+20,5.83763E+21,9.68916E+15,5.26866E+16
15461,3,4,57,14,2018,5,14,6,3,5,2,0,0,1,0,0,0,0,0,3.92631E+20,5.90674E+21,7.3889E+15,5.3299E+16
15462,3,1,2,0,2018,5,16,5,3,5,2,0,0,1,0,0,0,0,0,5.99158E+20,5.78177E+21,1.04502E+16,5.21775E+16
15463,3,1,2,0,2018,5,10,1,2,8,7,0,0,1,0,0,0,0,0,5.96128E+20,5.78496E+21,1.04068E+16,5.22067E+16
15464,3,4,55,15,2018,5,15,7,3,5,7,0,1,1,0,0,0,0,0,4.30635E+20,5.93178E+21,7.95352E+15,5.35303E+16
15465,3,1,58,6,2018,5,16,6,3,2,7,0,0,1,0,0,0,0,0,6.11543E+20,5.79028E+21,1.0634E+16,5.22516E+16
15466,3,4,4,0,2018,5,21,2,3,5,3,1,1,1,0,0,0,0,0,4.32964E+20,5.79424E+21,8.01705E+15,5.22944E+16
15467,3,1,53,17,2018,5,16,5,3,5,3,0,1,1,1,0,0,0,0,6.0692E+20,5.757E+21,1.05559E+16,5.19534E+16
15468,3,2,41,20,2018,5,14,2,2,8,1,0,0,1,0,0,0,0,0,5.4026E+20,5.79222E+21,9.59012E+15,5.22788E+16
15469,3,4,54,45,2018,5,19,6,3,2,2,0,0,1,0,0,0,0,0,3.93061E+20,5.79824E+21,7.43086E+15,5.2324E+16
15470,3,4,57,17,2018,5,11,6,3,5,2,0,0,1,0,1,0,0,0,4.07389E+20,5.8887E+21,7.61551E+15,5.31396E+16
15471,3,1,51,18,2018,5,12,5,3,2,2,0,0,1,0,0,0,1,0,5.92942E+20,5.8189E+21,1.03696E+16,5.25123E+16
15472,3,4,60,9,2018,5,13,1,2,5,3,0,1,0,0,1,0,0,0,4.51E+20,5.83845E+21,8.27497E+15,5.26937E+16
15473,3,3,55,22,2018,5,9,6,3,5,3,0,1,1,0,0,0,0,0,5.9521E+20,5.90375E+21,1.04278E+16,5.32744E+16
15474,3,2,41,2,2018,5,11,3,3,2,1,0,0,1,0,0,1,0,0,5.29862E+20,5.80156E+21,9.43855E+15,5.23635E+16
15475,3,3,51,22,2018,5,18,7,3,3,6,0,0,1,0,1,0,0,0,5.77046E+20,5.8243E+21,1.01366E+16,5.25633E+16
15476,3,1,51,16,2018,5,18,5,3,2,6,0,0,1,0,1,0,0,0,6.04323E+20,5.80488E+21,1.05328E+16,5.23843E+16
15477,3,4,55,26,2018,5,9,2,3,5,3,0,1,1,0,0,0,0,0,4.42803E+20,5.91638E+21,8.13986E+15,5.33935E+16
15478,3,1,1,0,2018,5,7,5,1,2,6,0,0,1,0,0,1,0,0,6.05888E+20,5.79701E+21,1.05533E+16,5.23132E+16
15479,3,3,53,5,2018,5,19,7,3,9,1,0,0,0,0,1,0,0,0,5.58595E+20,5.91402E+21,9.88071E+15,5.33721E+16
15480,3,1,54,14,2018,5,13,5,1,2,6,0,0,0,0,0,1,1,0,6.15804E+20,5.79669E+21,1.06986E+16,5.23083E+16
15481,3,4,52,1,2018,5,18,2,3,5,2,0,0,1,0,0,0,0,0,3.94929E+20,5.92465E+21,7.4174E+15,5.34604E+16
15482,3,1,1,0,2018,5,17,5,3,2,6,0,0,1,0,0,0,0,0,6.01023E+20,5.79447E+21,1.04812E+16,5.22912E+16
15483,3,2,56,25,2018,5,8,2,3,1,2,0,0,1,0,0,0,0,0,5.10707E+20,5.81132E+21,9.15756E+15,5.2452E+16
15484,3,3,56,7,2018,5,14,6,3,2,6,0,0,1,0,0,0,0,0,4.94399E+20,5.90167E+21,8.91603E+15,5.32643E+16
15485,3,4,57,18,2018,5,11,6,3,1,5,0,1,1,0,0,0,0,0,4.04938E+20,5.88837E+21,7.57899E+15,5.31362E+16
15486,3,4,59,22,2018,5,16,4,3,2,6,0,0,1,0,0,0,0,0,4.39223E+20,5.77662E+21,8.11197E+15,5.21368E+16
15487,3,4,51,2,2018,5,15,1,3,2,6,0,0,1,0,0,0,0,0,4.35208E+20,5.89288E+21,8.03047E+15,5.31813E+16
15488,3,1,55,5,2018,5,5,6,3,7,7,0,0,0,0,1,0,0,0,5.59245E+20,5.72055E+21,9.85601E+15,5.16329E+16
15489,3,2,56,3,2018,5,11,3,3,5,3,0,0,1,0,0,0,0,0,5.03527E+20,5.84891E+21,9.0523E+15,5.279E+16
15490,3,2,51,49,2018,5,11,4,2,8,1,0,0,0,0,1,0,0,0,4.9851E+20,5.85071E+21,8.9779E+15,5.28062E+16
15491,3,4,59,19,2018,5,18,4,3,2,6,0,0,1,0,0,0,0,0,4.36102E+20,5.78209E+21,8.06535E+15,5.21856E+16
15492,3,4,51,5,2018,5,12,2,3,2,2,0,0,1,0,1,0,0,0,4.48516E+20,5.89591E+21,8.2291E+15,5.321E+16
15493,3,4,57,16,2018,5,13,6,3,2,6,0,0,1,0,0,0,0,0,4.02933E+20,5.90263E+21,7.54469E+15,5.3264E+16
15494,3,4,59,3,2018,5,21,4,3,5,3,1,1,1,0,0,0,0,0,4.55576E+20,5.79741E+21,8.34816E+15,5.23252E+16
15495,3,1,54,14,2018,5,13,2,2,2,6,0,0,1,0,1,0,0,0,6.17116E+20,5.79669E+21,1.07178E+16,5.23081E+16
15496,3,2,51,37,2018,5,15,6,2,1,7,0,0,1,0,0,1,0,0,4.86395E+20,5.87482E+21,8.79717E+15,5.30227E+16
15497,3,4,57,13,2018,5,12,6,3,5,3,0,0,1,0,0,0,1,0,3.93764E+20,5.89978E+21,7.40822E+15,5.32366E+16
15498,3,4,59,13,2018,5,14,4,3,5,3,0,1,1,0,0,0,0,0,4.54177E+20,5.80243E+21,8.32694E+15,5.23702E+16
15499,3,3,55,8,2018,5,1,1,2,8,1,2,0,1,0,0,0,0,0,5.86779E+20,5.89014E+21,1.02977E+16,5.31536E+16
15500,3,4,59,30,2018,5,18,7,3,2,2,0,0,1,0,1,0,0,0,4.32904E+20,5.83656E+21,8.00764E+15,5.26748E+16
15501,3,2,52,6,2018,5,16,2,3,4,6,0,1,0,0,0,0,0,0,5.22123E+20,5.76939E+21,9.32279E+15,5.20747E+16
15502,3,4,51,2,2018,5,16,6,2,5,3,0,0,0,0,1,0,0,0,4.38583E+20,5.89048E+21,8.08143E+15,5.31601E+16
15503,3,4,2,0,2018,5,8,4,3,0,2,0,1,1,0,0,0,0,0,3.81598E+20,5.91251E+21,7.22127E+15,5.33484E+16
15504,3,3,58,8,2018,5,9,1,3,8,1,0,0,1,0,0,0,0,0,5.45547E+20,5.85673E+21,9.67649E+15,5.28584E+16
15505,3,2,55,13,2018,5,14,6,3,4,1,0,0,1,0,1,0,0,0,5.42906E+20,5.75238E+21,9.62389E+15,5.19205E+16
15506,3,1,2,0,2018,5,18,3,2,8,1,0,0,0,0,1,0,0,0,5.99623E+20,5.76874E+21,1.04531E+16,5.20603E+16
15507,3,4,54,41,2018,5,18,4,3,2,6,0,0,1,0,0,0,0,0,3.95251E+20,5.88014E+21,7.43692E+15,5.30604E+16
15508,3,3,52,11,2018,5,13,2,3,4,2,0,1,1,0,0,0,0,0,4.81123E+20,5.96714E+21,8.71303E+15,5.38524E+16
15509,3,4,56,19,2018,5,16,4,2,8,1,0,0,1,0,0,0,0,0,3.60469E+20,5.83104E+21,6.93921E+15,5.26114E+16
15510,3,4,59,22,2018,5,8,1,2,9,1,0,0,0,0,1,0,0,1,4.41033E+20,5.78216E+21,8.13745E+15,5.21868E+16
15511,3,3,53,15,2018,5,13,6,2,2,2,0,0,1,0,0,0,0,0,5.57198E+20,5.89916E+21,9.85705E+15,5.32386E+16
15512,3,4,56,15,2018,5,15,4,3,0,2,0,1,1,0,0,0,0,0,3.69563E+20,5.8118E+21,7.08099E+15,5.24408E+16
15513,3,1,55,5,2018,5,18,1,2,8,7,0,0,1,0,0,0,0,0,5.58846E+20,5.72497E+21,9.851E+15,5.16726E+16
15514,3,4,54,32,2018,5,2,7,3,2,6,2,0,1,0,0,1,0,0,3.8634E+20,5.81719E+21,7.32585E+15,5.2493E+16
15515,3,1,2,0,2018,5,21,6,3,2,6,1,0,1,0,0,0,0,0,5.93083E+20,5.76656E+21,1.03572E+16,5.20418E+16
15516,3,4,59,3,2018,5,15,2,3,5,3,0,0,1,0,1,0,0,0,4.54174E+20,5.79555E+21,8.32784E+15,5.23083E+16
15517,3,4,54,32,2018,5,11,4,3,5,3,0,0,1,0,0,0,1,0,3.86738E+20,5.82041E+21,7.33062E+15,5.2522E+16
15518,3,2,41,1,2018,5,12,2,3,2,3,0,0,1,0,0,0,0,0,5.54767E+20,5.80676E+21,9.80511E+15,5.24083E+16
15519,3,1,59,16,2018,5,7,6,3,5,2,0,1,1,0,0,0,0,0,5.63987E+20,5.70883E+21,9.92239E+15,5.15269E+16
15520,3,4,59,24,2018,5,22,2,2,0,1,2,1,0,0,0,0,0,0,4.60218E+20,5.77809E+21,8.41854E+15,5.21519E+16
15521,3,4,62,10,2018,5,14,4,3,5,3,0,1,1,0,0,0,0,0,4.13053E+20,5.94842E+21,7.6837E+15,5.36773E+16
15522,3,3,58,22,2018,5,15,2,2,5,3,0,0,1,0,0,0,0,0,5.43461E+20,5.85163E+21,9.64482E+15,5.28127E+16
15523,3,4,52,14,2018,5,15,4,2,4,2,0,0,1,0,1,0,0,0,3.74134E+20,5.92921E+21,7.10255E+15,5.34968E+16
15524,3,4,54,41,2018,5,10,1,3,3,6,0,1,0,0,1,0,0,0,3.90316E+20,5.88325E+21,7.36225E+15,5.30874E+16
15525,3,3,58,22,2018,5,14,6,3,2,6,0,0,1,0,0,0,0,0,5.45116E+20,5.84766E+21,9.66883E+15,5.27769E+16
15526,3,4,52,1,2018,5,17,4,3,2,6,0,0,1,0,0,0,0,0,3.99252E+20,5.92591E+21,7.48209E+15,5.34725E+16
15527,3,1,1,0,2018,5,9,1,3,8,1,0,0,1,0,0,0,0,0,6.01937E+20,5.79765E+21,1.04956E+16,5.23197E+16
15528,3,3,56,2,2018,5,17,7,3,2,6,0,0,1,0,1,0,0,0,5.00567E+20,5.89136E+21,9.00848E+15,5.31716E+16
15529,3,1,54,15,2018,5,13,6,3,0,1,0,0,0,0,1,0,0,0,6.35435E+20,5.7923E+21,1.09846E+16,5.22644E+16
15530,3,4,4,0,2018,5,10,2,3,4,2,0,1,1,0,0,0,0,0,4.36338E+20,5.7921E+21,8.06691E+15,5.22756E+16
15531,3,4,53,7,2018,5,8,4,3,5,3,0,1,1,0,0,0,0,0,4.17388E+20,5.86956E+21,7.76987E+15,5.29692E+16
15532,3,2,41,1,2018,5,11,2,3,5,2,0,1,1,0,0,0,0,0,5.49421E+20,5.8045E+21,9.7262E+15,5.23885E+16
15533,3,4,62,5,2018,5,3,6,3,4,2,1,0,1,0,0,0,0,0,4.29836E+20,5.92369E+21,7.94328E+15,5.34575E+16
15534,3,2,41,11,2018,5,9,7,3,2,2,0,0,1,0,0,0,0,0,5.74583E+20,5.8056E+21,1.00961E+16,5.23955E+16
15535,3,4,53,10,2018,5,20,4,3,5,3,0,0,1,0,0,0,0,0,4.18123E+20,5.85451E+21,7.7846E+15,5.28341E+16
15536,3,4,55,26,2018,5,12,1,3,2,6,0,1,0,0,0,0,0,0,4.40296E+20,5.90986E+21,8.1034E+15,5.33345E+16
15537,3,2,41,1,2018,5,14,6,3,2,6,0,0,1,0,0,0,0,0,5.49514E+20,5.80433E+21,9.72754E+15,5.2387E+16
15538,3,4,53,8,2018,5,9,4,3,6,7,0,0,1,1,0,0,0,0,4.34509E+20,5.86804E+21,8.02507E+15,5.2958E+16
15539,3,4,52,19,2018,5,9,1,3,8,1,0,0,1,0,0,0,0,0,3.75888E+20,5.9313E+21,7.12814E+15,5.3516E+16
15540,3,3,54,18,2018,5,11,6,3,6,7,0,0,1,1,0,0,0,0,6.44294E+20,5.87079E+21,1.11486E+16,5.29672E+16
15541,3,2,41,1,2018,5,17,3,3,8,6,0,0,1,0,0,1,0,0,5.50328E+20,5.80883E+21,9.74018E+15,5.24274E+16
15542,3,3,59,13,2018,5,13,7,3,2,2,0,0,1,0,0,0,1,0,5.31163E+20,5.94804E+21,9.47181E+15,5.36801E+16
15543,3,3,61,10,2018,5,4,4,3,7,7,1,0,1,0,0,0,0,0,4.95848E+20,5.86959E+21,8.93817E+15,5.29759E+16
15544,3,4,60,7,2018,5,19,2,3,5,3,1,0,1,0,0,0,0,0,4.37572E+20,5.81612E+21,8.08052E+15,5.24916E+16
15545,3,3,61,12,2018,5,18,4,2,2,7,0,0,1,0,0,0,0,0,5.17622E+20,5.86602E+21,9.26224E+15,5.29435E+16
15546,3,2,57,9,2018,5,9,2,3,2,2,0,0,1,0,0,0,1,0,5.05107E+20,5.79078E+21,9.07483E+15,5.22673E+16
15547,3,3,61,8,2018,5,19,6,3,5,2,0,1,1,0,0,0,0,0,5.09511E+20,5.88428E+21,9.14207E+15,5.31079E+16
15548,3,3,61,6,2018,5,19,4,1,9,7,0,0,0,0,0,1,0,0,5.14929E+20,5.86976E+21,9.22234E+15,5.29772E+16
15549,3,4,1,0,2018,5,14,1,3,3,6,0,0,1,0,0,0,0,0,4.72835E+20,5.87635E+21,8.59488E+15,5.30359E+16
15550,3,1,55,11,2018,5,20,6,3,9,7,0,0,1,0,0,0,0,0,5.67374E+20,5.72419E+21,9.97415E+15,5.16647E+16
15551,3,2,54,21,2018,5,8,3,3,5,3,0,0,1,0,0,0,0,0,5.67543E+20,5.77958E+21,9.98746E+15,5.21625E+16
15552,3,2,51,37,2018,5,9,4,3,2,6,0,0,1,0,0,0,0,0,4.79573E+20,5.87281E+21,8.69559E+15,5.30045E+16
15553,3,4,61,4,2018,5,6,2,3,8,6,0,0,1,0,0,0,0,0,4.6455E+20,5.90247E+21,8.46843E+15,5.32703E+16
15554,3,3,52,22,2018,6,10,1,2,5,3,0,0,1,0,1,0,0,0,5.09259E+20,5.95014E+21,9.14025E+15,5.36999E+16
15555,3,4,53,9,2018,5,11,5,3,2,2,0,0,0,0,0,1,1,0,4.22163E+20,5.85125E+21,7.84533E+15,5.28054E+16
15556,3,2,56,32,2018,6,19,3,3,5,3,0,1,1,0,0,0,0,0,5.04998E+20,5.82076E+21,9.07369E+15,5.25369E+16
15557,3,2,51,47,2018,6,11,7,2,5,2,0,1,0,0,0,0,1,0,4.91317E+20,5.87089E+21,8.87065E+15,5.29876E+16
15558,3,3,61,6,2018,5,9,5,3,4,2,0,0,1,0,0,0,0,0,5.11982E+20,5.87239E+21,9.17855E+15,5.30009E+16
15559,3,3,51,6,2018,6,21,7,3,9,1,1,0,1,0,0,0,0,1,5.72745E+20,5.83079E+21,1.00746E+16,5.26222E+16
15560,3,1,57,7,2018,6,15,3,3,5,3,0,0,1,0,0,0,0,0,5.93405E+20,5.78854E+21,1.03679E+16,5.22394E+16
15561,3,1,55,12,2018,6,7,4,3,7,7,0,0,1,0,0,0,1,0,5.50751E+20,5.72393E+21,9.7338E+15,5.16641E+16
15562,3,3,61,6,2018,5,20,5,3,8,1,0,0,1,0,0,0,0,0,5.07365E+20,5.8711E+21,9.10971E+15,5.29894E+16
15563,3,3,53,29,2018,6,15,6,3,2,2,0,0,1,0,0,0,0,0,5.59337E+20,5.9146E+21,9.89197E+15,5.33772E+16
15564,3,2,41,19,2018,6,16,2,2,2,6,0,0,1,0,0,1,0,0,5.53792E+20,5.82293E+21,9.79339E+15,5.25538E+16
15565,3,2,51,41,2018,6,8,3,3,5,3,0,1,1,0,0,0,0,0,4.86439E+20,5.86188E+21,8.79836E+15,5.29064E+16
15566,3,3,61,9,2018,5,7,5,2,2,6,0,0,1,0,0,0,0,0,4.99524E+20,5.87729E+21,8.99291E+15,5.30451E+16
15567,3,3,54,2,2018,6,10,1,2,0,7,0,1,0,0,0,0,0,0,6.28442E+20,5.86618E+21,1.09109E+16,5.29299E+16
15568,3,4,51,4,2018,5,18,5,3,2,6,0,0,1,0,0,0,0,0,4.32018E+20,5.88697E+21,7.984E+15,5.31278E+16
15569,3,4,3,0,2018,5,14,5,2,4,7,0,0,1,0,0,0,0,0,4.5002E+20,5.8909E+21,8.25239E+15,5.31651E+16
15570,3,2,55,3,2018,6,15,7,3,0,7,0,0,0,0,1,0,0,1,5.33932E+20,5.7594E+21,9.4941E+15,5.19843E+16
15571,3,4,52,19,2018,6,10,2,2,3,6,0,1,1,0,0,0,0,0,3.80532E+20,5.94046E+21,7.19465E+15,5.35994E+16
15572,3,1,2,0,2018,6,14,4,3,2,2,0,0,1,0,0,0,0,0,6.01293E+20,5.78304E+21,1.04818E+16,5.21885E+16
15573,3,2,51,7,2018,5,23,5,2,4,2,2,0,1,0,0,0,0,0,4.81926E+20,5.85426E+21,8.73169E+15,5.28378E+16
15574,3,3,51,6,2018,6,18,6,3,0,1,0,1,0,0,0,0,0,0,5.72201E+20,5.83064E+21,1.00666E+16,5.26209E+16
15575,3,1,51,36,2018,6,15,2,3,0,3,0,0,1,0,0,0,0,0,6.08473E+20,5.83053E+21,1.06021E+16,5.2614E+16
15576,3,4,54,10,2018,5,17,5,3,9,1,0,0,1,0,0,0,0,1,3.81619E+20,5.80901E+21,7.25926E+15,5.24185E+16
15577,3,4,4,0,2018,6,7,2,3,5,3,0,1,0,0,0,0,0,0,4.34718E+20,5.7946E+21,8.04269E+15,5.22978E+16
15578,3,1,54,9,2018,6,9,4,3,0,6,0,0,1,0,0,0,0,0,6.32295E+20,5.80184E+21,1.09424E+16,5.23509E+16
15579,3,2,51,7,2018,5,12,5,3,2,2,0,0,1,0,0,0,0,0,4.83246E+20,5.84928E+21,8.75154E+15,5.27931E+16
15580,3,3,58,4,2018,6,10,6,3,6,7,0,0,1,1,0,0,0,0,5.47733E+20,5.86522E+21,9.71019E+15,5.29345E+16
15581,3,2,57,3,2018,6,13,6,3,2,6,0,0,1,0,0,0,0,1,5.20993E+20,5.78969E+21,9.30755E+15,5.22572E+16
15582,3,2,56,22,2018,6,14,2,3,2,6,0,0,1,0,0,0,0,0,5.1599E+20,5.83855E+21,9.23661E+15,5.26966E+16
15583,3,3,57,28,2018,5,6,3,2,8,1,0,0,1,0,0,0,0,0,5.16774E+20,5.89121E+21,9.25094E+15,5.317E+16
15584,3,3,53,40,2018,6,16,3,3,2,2,0,0,0,0,1,0,1,0,5.76271E+20,5.90927E+21,1.01452E+16,5.33271E+16
15585,3,2,51,40,2018,5,7,5,3,2,2,0,0,1,0,1,0,0,0,4.86584E+20,5.83736E+21,8.80153E+15,5.2686E+16
15586,3,4,58,5,2018,5,21,5,3,8,7,0,0,1,0,0,0,0,1,4.65783E+20,5.87873E+21,8.48946E+15,5.3057E+16
15587,3,2,57,3,2018,6,20,1,3,9,7,0,0,1,0,0,0,0,0,5.11864E+20,5.78505E+21,9.17365E+15,5.22157E+16
15588,3,4,58,10,2018,5,19,5,2,8,7,0,0,1,0,0,0,0,1,4.52238E+20,5.88375E+21,8.28663E+15,5.3101E+16
15589,3,3,59,25,2018,6,18,4,3,5,3,0,0,1,0,0,0,0,0,5.20739E+20,5.94074E+21,9.3135E+15,5.36151E+16
15590,3,4,58,7,2018,5,14,5,1,4,6,0,0,1,0,0,1,0,0,4.4508E+20,5.86704E+21,8.18258E+15,5.29502E+16
15591,3,4,59,4,2018,6,18,6,3,5,3,0,1,1,0,0,0,0,0,4.34108E+20,5.7781E+21,8.03695E+15,5.21495E+16
15592,3,3,61,12,2018,6,6,2,3,5,3,0,1,1,0,0,0,0,0,5.15613E+20,5.86323E+21,9.23221E+15,5.29185E+16
15593,3,4,59,14,2018,6,6,3,3,2,6,0,0,1,0,0,0,0,0,4.34708E+20,5.80484E+21,8.04055E+15,5.23899E+16
15594,3,3,52,29,2018,5,14,5,3,2,5,0,0,1,0,0,0,0,0,5.06343E+20,5.94276E+21,9.09592E+15,5.36336E+16
15595,3,4,52,14,2018,6,9,1,3,8,1,0,0,1,0,0,0,0,0,3.7147E+20,5.92341E+21,7.06479E+15,5.3444E+16
15596,3,4,53,9,2018,5,16,5,3,5,3,0,0,1,0,0,1,0,0,4.25605E+20,5.84935E+21,7.89681E+15,5.27888E+16
15597,3,2,41,1,2018,6,11,3,3,4,6,0,1,1,0,0,0,0,0,5.50079E+20,5.80581E+21,9.73606E+15,5.24002E+16
15598,3,3,53,31,2018,5,15,5,3,3,6,0,0,1,0,1,0,0,0,5.64988E+20,5.91499E+21,9.97699E+15,5.338E+16
15599,3,1,1,0,2018,6,10,1,3,2,2,0,0,1,0,0,0,0,0,6.04563E+20,5.78402E+21,1.05299E+16,5.21967E+16
15600,3,3,53,40,2018,5,9,5,3,4,2,0,1,1,0,0,0,0,0,5.80323E+20,5.91164E+21,1.02066E+16,5.33478E+16
15601,3,3,53,40,2018,6,15,7,3,5,3,0,0,1,0,0,0,0,0,5.81282E+20,5.91051E+21,1.02207E+16,5.33375E+16
15602,3,3,58,22,2018,6,16,3,3,5,3,0,1,0,0,1,0,0,0,5.39359E+20,5.85692E+21,9.5846E+15,5.28606E+16
15603,3,3,53,1,2018,5,12,5,3,5,2,0,0,1,0,0,0,0,0,5.50945E+20,5.91749E+21,9.7663E+15,5.3404E+16
15604,3,3,59,13,2018,5,18,5,3,5,3,0,1,1,0,0,0,0,0,5.24108E+20,5.95231E+21,9.36532E+15,5.37189E+16
15605,3,1,58,38,2018,6,12,1,3,8,1,0,1,0,0,0,0,0,0,6.10654E+20,5.76985E+21,1.06144E+16,5.20682E+16
15606,3,3,58,8,2018,5,11,5,3,2,6,0,0,1,0,0,0,0,0,5.48059E+20,5.85682E+21,9.71379E+15,5.2859E+16
15607,3,3,57,45,2018,6,15,4,2,5,2,0,1,1,0,0,0,0,0,5.12965E+20,5.88335E+21,9.19364E+15,5.30995E+16
15608,3,3,58,21,2018,5,14,5,3,5,2,0,1,1,0,0,0,0,0,5.56836E+20,5.87157E+21,9.84673E+15,5.29907E+16
15609,3,4,56,1,2018,6,7,6,3,2,2,0,0,1,0,0,0,0,0,3.70414E+20,5.79568E+21,7.09973E+15,5.22961E+16
15610,3,4,1,0,2018,6,16,2,3,1,5,0,0,1,0,0,0,0,0,4.75056E+20,5.87762E+21,8.62791E+15,5.30475E+16
15611,3,4,4,0,2018,6,20,3,2,6,4,0,0,1,1,0,0,0,0,4.3931E+20,5.79064E+21,8.11073E+15,5.22628E+16
15612,3,3,57,2,2018,5,14,5,3,9,6,0,0,1,0,0,0,0,0,5.04572E+20,5.93346E+21,9.06901E+15,5.355E+16