OBJECTID_1,ULAND,UREGBEZ,UKREIS,UGEMEINDE,UJAHR,UMONAT,USTUNDE,UWOCHENTAG,UKATEGORIE,UART,UTYP1,ULICHTVERH,IstRad,IstPKW,IstFuss,IstKrad,IstGkfz,IstSonstig,STRZUSTAND,LINREFX,LINREFY,XGCSWGS84,YGCSWGS84
15992,3,2,41,1,2018,6,2,7,3,5,2,2,0,1,0,0,0,0,0,5.47401E+20,5.80351E+21,9.69638E+15,5.23798E+16
15993,3,1,55,7,2018,6,17,2,3,5,3,0,1,1,0,0,0,0,0,5.76142E+20,5.72624E+21,1.01014E+16,5.1682E+16
15994,3,3,59,10,2018,6,10,4,3,5,3,0,0,1,0,1,0,0,0,5.46492E+20,5.92576E+21,9.70055E+15,5.34788E+16
15995,3,4,51,4,2018,6,10,6,3,5,3,0,1,1,0,0,0,0,0,4.34789E+20,5.89285E+21,8.0242E+15,5.3181E+16
15996,3,4,61,7,2018,6,19,6,3,5,3,0,1,1,0,0,0,0,0,4.638E+20,5.92553E+21,8.45455E+15,5.34775E+16
15997,3,4,51,1,2018,6,15,1,3,5,3,0,1,1,0,0,0,0,0,4.17566E+20,5.89259E+21,7.7666E+15,5.31763E+16
15998,3,4,59,24,2018,6,7,3,3,5,3,0,1,1,0,0,0,0,0,4.6075E+20,5.7781E+21,8.42632E+15,5.2152E+16
15999,3,4,58,8,2018,6,17,6,3,4,6,0,0,1,0,0,0,0,0,4.73916E+20,5.86129E+21,8.61221E+15,5.29007E+16
16000,3,2,41,16,2018,6,20,3,3,5,3,0,1,0,0,0,0,1,0,5.61163E+20,5.8004E+21,9.89797E+15,5.23505E+16
16001,3,3,52,11,2018,6,21,6,3,3,6,1,0,1,0,1,0,0,0,4.77339E+20,5.96848E+21,8.65541E+15,5.38643E+16
16002,3,3,52,11,2018,6,8,6,3,5,3,0,1,1,0,0,0,0,0,4.80282E+20,5.96848E+21,8.70016E+15,5.38644E+16
16003,3,4,53,8,2018,6,16,1,3,3,6,0,1,0,0,0,0,0,0,4.32489E+20,5.86106E+21,7.99645E+15,5.2895E+16
16004,3,1,58,37,2018,6,7,4,3,0,1,0,1,0,0,1,0,0,0,6.05328E+20,5.77998E+21,1.05398E+16,5.21602E+16
16005,3,3,53,35,2018,6,11,6,3,5,3,0,0,1,0,1,0,0,0,5.47642E+20,5.90358E+21,9.71453E+15,5.32793E+16
16006,3,1,57,8,2018,6,19,7,3,2,2,0,0,1,0,1,0,0,0,5.95759E+20,5.794E+21,1.04039E+16,5.2288E+16
16007,3,3,59,10,2018,6,10,6,3,4,6,0,1,0,0,0,0,0,0,5.4507E+20,5.92429E+21,9.67891E+15,5.34657E+16
16008,3,4,58,10,2018,6,18,4,3,2,6,0,0,1,0,0,0,0,0,4.51716E+20,5.88417E+21,8.27877E+15,5.31048E+16
16009,3,2,51,44,2018,6,7,5,2,9,1,0,0,1,0,0,0,0,0,4.79999E+20,5.82059E+21,8.70513E+15,5.2535E+16
16010,3,1,1,0,2018,6,14,1,2,6,4,0,0,1,1,0,0,0,0,5.99355E+20,5.78851E+21,1.0455E+16,5.2238E+16
16011,3,2,41,1,2018,6,6,3,3,5,2,0,0,1,0,1,0,0,0,5.44095E+20,5.80715E+21,9.64829E+15,5.24128E+16
16012,3,2,51,47,2018,6,20,2,3,5,3,0,0,1,0,1,0,0,0,4.93334E+20,5.87216E+21,8.90068E+15,5.2999E+16
16013,3,3,59,38,2018,6,17,6,3,2,6,0,0,1,0,0,0,0,0,5.32475E+20,5.93717E+21,9.49053E+15,5.35824E+16
16014,3,1,1,0,2018,6,23,5,2,9,1,2,0,1,0,0,0,0,1,6.01871E+20,5.79363E+21,1.04934E+16,5.22835E+16
16015,3,2,57,31,2018,6,13,2,3,4,6,0,1,0,0,0,0,0,0,5.04307E+20,5.78109E+21,9.06299E+15,5.21803E+16
16016,3,3,53,18,2018,6,6,4,2,2,6,0,0,1,0,0,1,0,0,5.42263E+20,5.91002E+21,9.63473E+15,5.33377E+16
16017,3,3,58,16,2018,6,12,6,3,4,2,0,0,1,0,1,0,0,0,5.75778E+20,5.86786E+21,1.0128E+16,5.2955E+16
16018,3,3,55,22,2018,6,7,6,3,5,3,0,1,1,0,0,0,0,0,5.9387E+20,5.89603E+21,1.04055E+16,5.32053E+16
16019,3,3,52,62,2018,6,17,1,2,9,1,0,0,1,0,0,0,0,0,4.83037E+20,5.94085E+21,8.74356E+15,5.36162E+16
16020,3,4,57,13,2018,6,17,3,3,5,3,0,1,1,0,0,0,0,0,3.98272E+20,5.89938E+21,7.47586E+15,5.3234E+16
16021,3,2,52,6,2018,6,15,3,3,5,3,0,1,1,0,0,0,0,0,5.24586E+20,5.77234E+21,9.35894E+15,5.21011E+16
16022,3,3,55,22,2018,6,14,6,3,5,3,0,0,1,0,1,0,0,0,5.91852E+20,5.90252E+21,1.03771E+16,5.3264E+16
16023,3,2,41,1,2018,6,8,5,3,2,6,0,0,1,0,0,0,0,0,5.43994E+20,5.80724E+21,9.64682E+15,5.24136E+16
16024,3,4,53,10,2018,6,13,7,3,9,1,0,0,1,0,0,0,0,0,4.18031E+20,5.85372E+21,7.78343E+15,5.2827E+16
16025,3,3,53,4,2018,6,6,2,2,4,2,0,0,1,0,0,0,0,0,5.71518E+20,5.9072E+21,1.00734E+16,5.33092E+16
16026,3,3,51,6,2018,6,20,6,2,1,7,0,0,1,0,1,0,0,0,5.71635E+20,5.8345E+21,1.0059E+16,5.26557E+16
16027,3,4,60,6,2018,6,17,4,3,5,2,0,1,1,0,0,0,0,0,4.47868E+20,5.83588E+21,8.22904E+15,5.26704E+16
16028,3,2,41,1,2018,6,12,6,3,1,5,0,0,1,0,0,0,0,0,5.49967E+20,5.80235E+21,9.73391E+15,5.23691E+16
16029,3,3,53,40,2018,6,19,5,2,5,3,0,1,1,0,0,0,0,0,5.79915E+20,5.91006E+21,1.02001E+16,5.33337E+16
16030,3,4,57,11,2018,6,0,7,1,8,1,2,0,1,0,0,0,0,0,4.04997E+20,5.90432E+21,7.57511E+15,5.32796E+16
16031,3,4,1,0,2018,6,17,2,3,5,3,0,1,1,0,0,0,0,0,4.76177E+20,5.87767E+21,8.64462E+15,5.3048E+16
16032,3,2,41,13,2018,6,9,6,3,2,2,0,0,1,0,0,0,0,0,5.49474E+20,5.78831E+21,9.7246E+15,5.2243E+16
16033,3,4,4,0,2018,6,17,4,3,3,6,0,1,1,0,0,0,0,0,4.31782E+20,5.79088E+21,8.0004E+15,5.22641E+16
16034,3,1,59,16,2018,6,8,2,3,2,6,0,0,1,0,0,0,0,0,5.61635E+20,5.70891E+21,9.8885E+15,5.15279E+16
16035,3,3,51,24,2018,6,6,4,3,9,1,0,0,1,0,0,0,0,0,5.66034E+20,5.83557E+21,9.97645E+15,5.2666E+16
16036,3,2,41,15,2018,6,15,6,3,5,3,0,1,1,0,0,0,0,0,5.40218E+20,5.80565E+21,9.59112E+15,5.23996E+16
16037,3,2,41,15,2018,6,8,6,3,2,6,0,0,1,0,0,0,0,0,5.44081E+20,5.80713E+21,9.64809E+15,5.24126E+16
16038,3,3,57,41,2018,6,11,1,3,5,3,0,0,1,0,0,0,0,1,5.32198E+20,5.89107E+21,9.48165E+15,5.3168E+16
16039,3,3,61,1,2018,6,17,3,3,2,6,0,0,1,0,0,0,0,0,5.02117E+20,5.87507E+21,9.03156E+15,5.30252E+16
16040,3,1,54,14,2018,6,5,3,2,8,1,0,0,0,0,0,1,0,0,6.15795E+20,5.79666E+21,1.06985E+16,5.2308E+16
16041,3,2,41,19,2018,6,2,6,3,1,5,2,0,1,0,0,1,0,0,5.49053E+20,5.82277E+21,9.72348E+15,5.25528E+16
16042,3,2,41,21,2018,6,20,5,3,2,6,0,0,1,0,0,0,0,1,5.33467E+20,5.80741E+21,9.49208E+15,5.24159E+16
16043,3,4,3,0,2018,6,12,7,3,2,6,0,0,1,0,0,0,0,0,4.50705E+20,5.8928E+21,8.26235E+15,5.31823E+16
16044,3,3,57,57,2018,6,15,2,3,4,2,0,0,1,0,0,1,0,0,5.18527E+20,5.90464E+21,9.27794E+15,5.32906E+16
16045,3,2,41,11,2018,6,11,6,3,8,1,0,0,1,0,0,0,0,0,5.67488E+20,5.8076E+21,9.99227E+15,5.24145E+16
16046,3,3,56,7,2018,6,9,4,3,2,2,0,0,1,0,1,0,0,0,4.81423E+20,5.90293E+21,8.72141E+15,5.32753E+16
16047,3,2,41,10,2018,6,21,6,3,0,7,1,1,0,0,0,0,0,0,5.50798E+20,5.81165E+21,9.74752E+15,5.24527E+16
16048,3,1,1,0,2018,6,15,2,3,5,7,0,0,1,0,0,1,0,0,5.99267E+20,5.79375E+21,1.04553E+16,5.22851E+16
16049,3,2,41,19,2018,6,6,4,3,8,6,0,0,1,0,0,1,0,0,5.52713E+20,5.819E+21,9.77686E+15,5.25185E+16
16050,3,2,41,1,2018,6,15,6,3,8,7,0,1,1,0,0,0,0,0,5.49846E+20,5.80234E+21,9.73213E+15,5.23691E+16
16051,3,2,41,8,2018,6,15,6,3,0,3,0,1,1,0,0,0,0,0,5.53674E+20,5.81335E+21,9.79011E+15,5.24676E+16
16052,3,3,61,8,2018,6,9,5,3,5,3,0,0,1,0,1,0,0,0,5.09476E+20,5.88464E+21,9.14156E+15,5.31111E+16
16053,3,2,56,13,2018,6,18,1,3,9,1,0,0,0,0,1,0,0,0,5.09833E+20,5.85724E+21,9.14606E+15,5.28648E+16
16054,3,1,53,2,2018,6,13,2,2,6,4,0,0,1,1,0,0,0,0,6.05974E+20,5.75076E+21,1.05402E+16,5.18975E+16
16055,3,2,41,1,2018,6,23,4,2,5,3,2,1,1,0,0,0,0,0,5.4724E+20,5.80794E+21,9.69465E+15,5.24196E+16
16056,3,2,41,1,2018,6,13,6,3,2,6,0,0,1,0,0,0,0,0,5.49099E+20,5.79897E+21,9.72065E+15,5.23388E+16
16057,3,2,41,1,2018,6,12,6,3,2,6,0,0,1,0,0,0,0,0,5.5397E+20,5.80753E+21,9.79353E+15,5.24153E+16
16058,3,2,41,10,2018,6,0,1,3,6,6,2,1,0,1,0,0,0,0,5.50304E+20,5.81265E+21,9.74041E+15,5.24617E+16
16059,3,4,61,2,2018,6,6,3,3,2,6,0,0,1,0,0,0,0,0,4.62996E+20,5.91148E+21,8.44408E+15,5.33512E+16
16060,3,4,57,3,2018,6,12,2,3,5,3,0,1,1,0,0,0,0,0,4.03735E+20,5.90336E+21,7.55648E+15,5.32707E+16
16061,3,2,41,11,2018,6,12,6,3,2,6,0,0,1,0,0,0,0,0,5.68546E+20,5.80441E+21,1.00072E+16,5.23857E+16
16062,3,4,58,5,2018,6,14,4,3,5,3,0,1,1,0,0,0,0,0,4.69659E+20,5.87613E+21,8.54754E+15,5.30338E+16
16063,3,2,41,1,2018,6,16,5,3,2,6,0,0,1,0,0,0,0,0,5.55502E+20,5.8062E+21,9.81583E+15,5.24032E+16
16064,3,3,60,6,2018,6,11,7,3,2,2,0,0,1,0,0,0,0,0,5.95199E+20,5.87623E+21,1.04195E+16,5.30271E+16
16065,3,3,55,26,2018,6,16,2,3,5,3,0,0,1,0,0,0,1,0,6.0993E+20,5.90564E+21,1.06491E+16,5.32885E+16
16066,3,2,51,47,2018,6,18,4,3,5,3,0,1,1,0,0,0,0,0,4.86852E+20,5.86767E+21,8.80428E+15,5.29584E+16
16067,3,2,41,1,2018,6,9,6,3,2,6,0,0,1,0,0,0,0,0,5.44041E+20,5.80722E+21,9.64751E+15,5.24134E+16
16068,3,2,41,21,2018,6,9,6,2,0,7,0,0,1,0,0,0,0,0,5.29351E+20,5.80813E+21,9.43162E+15,5.24226E+16
16069,3,4,52,6,2018,6,16,1,3,4,2,0,0,1,0,0,0,0,0,4.07179E+20,5.91782E+21,7.60387E+15,5.34013E+16
16070,3,2,52,6,2018,6,0,4,2,0,7,2,0,1,1,0,0,0,0,5.22213E+20,5.76945E+21,9.32411E+15,5.20752E+16
16071,3,1,55,13,2018,6,13,6,3,4,2,0,0,1,0,0,0,0,0,5.57428E+20,5.74145E+21,9.83321E+15,5.18209E+16
16072,3,1,2,0,2018,6,11,7,3,2,2,0,0,1,0,0,0,0,0,5.88508E+20,5.77732E+21,1.02933E+16,5.21393E+16
16073,3,1,59,17,2018,6,18,6,3,8,1,0,0,1,0,0,0,0,0,5.43085E+20,5.69365E+21,9.61925E+15,5.13925E+16
16074,3,3,52,60,2018,6,17,4,2,4,1,0,0,1,0,1,0,0,0,4.81358E+20,5.91431E+21,8.71977E+15,5.33776E+16
16075,3,2,51,26,2018,6,15,5,3,4,6,0,0,1,0,1,0,0,0,5.02096E+20,5.85554E+21,9.03113E+15,5.28496E+16
16076,3,1,57,6,2018,6,4,1,3,9,1,1,0,1,0,0,0,0,0,5.79594E+20,5.80065E+21,1.01686E+16,5.23503E+16
16077,3,3,57,41,2018,6,7,3,3,4,6,0,1,0,0,0,0,0,0,5.35234E+20,5.88971E+21,9.52692E+15,5.31556E+16
16078,3,3,61,12,2018,6,7,2,3,5,3,0,0,1,0,0,0,0,0,5.16532E+20,5.86789E+21,9.24611E+15,5.29603E+16
16079,3,1,59,7,2018,6,22,6,3,8,1,2,0,0,0,1,0,0,0,5.68515E+20,5.71821E+21,9.98948E+15,5.16107E+16
16080,3,1,51,40,2018,6,7,5,3,5,3,0,0,1,0,0,0,1,0,6.17213E+20,5.84377E+21,1.07359E+16,5.2731E+16
16081,3,2,56,16,2018,6,10,7,2,5,3,0,0,0,0,1,0,1,0,5.16852E+20,5.82574E+21,9.24871E+15,5.25814E+16
16082,3,1,58,37,2018,6,16,7,3,2,6,0,0,1,0,0,0,0,0,6.05776E+20,5.77848E+21,1.05459E+16,5.21467E+16
16083,3,3,58,20,2018,6,14,3,2,9,1,0,0,1,0,0,0,0,0,5.44548E+20,5.83572E+21,9.65879E+15,5.26696E+16
16084,3,4,52,1,2018,6,20,2,3,9,1,0,0,1,0,0,0,0,0,4.02008E+20,5.93273E+21,7.52147E+15,5.35343E+16
16085,3,1,59,1,2018,6,16,6,2,5,3,0,1,1,0,0,0,0,0,5.5062E+20,5.7139E+21,9.73045E+15,5.15739E+16
16086,3,2,55,3,2018,6,16,5,3,0,6,0,0,1,0,0,1,0,0,5.36482E+20,5.75929E+21,9.53123E+15,5.19831E+16
16087,3,2,41,1,2018,6,20,7,3,3,2,0,0,1,0,0,0,0,0,5.48642E+20,5.80156E+21,9.71432E+15,5.23622E+16
16088,3,2,41,12,2018,6,15,2,3,2,6,0,0,1,0,0,0,0,0,5.27797E+20,5.82051E+21,9.4098E+15,5.2534E+16
16089,3,3,52,20,2018,6,8,4,3,0,3,0,1,1,0,0,0,0,1,5.15634E+20,5.94364E+21,9.23647E+15,5.36413E+16
16090,3,1,3,0,2018,6,12,6,3,4,7,0,0,1,0,0,1,0,0,6.14068E+20,5.81104E+21,1.06781E+16,5.24377E+16
16091,3,1,51,28,2018,6,14,6,2,4,1,0,0,1,0,0,1,0,0,6.00437E+20,5.85039E+21,1.04896E+16,5.27939E+16
16092,3,3,56,5,2018,6,9,1,3,9,1,0,0,1,0,0,0,0,1,4.9385E+20,5.88803E+21,8.90806E+15,5.31416E+16
16093,3,1,53,17,2018,6,23,4,2,9,1,2,0,1,0,0,0,0,0,6.03472E+20,5.75832E+21,1.05061E+16,5.19659E+16
16094,3,4,4,0,2018,6,16,5,3,2,6,0,0,1,0,0,0,1,0,4.29768E+20,5.7914E+21,7.97078E+15,5.22685E+16
16095,3,1,53,2,2018,6,13,7,3,0,7,0,1,1,0,0,0,0,0,6.06307E+20,5.75054E+21,1.0545E+16,5.18955E+16
16096,3,4,59,24,2018,6,22,5,3,4,6,2,1,0,0,1,0,0,0,4.61589E+20,5.78242E+21,8.43809E+15,5.21909E+16
16097,3,4,58,9,2018,6,18,5,3,5,3,0,1,1,0,0,0,0,1,4.50046E+20,5.87853E+21,8.25471E+15,5.30539E+16
16098,3,4,59,20,2018,6,10,7,3,2,6,0,0,1,0,1,0,0,0,4.26394E+20,5.7847E+21,7.9228E+15,5.22079E+16
16099,3,2,51,42,2018,6,13,2,3,5,3,0,0,0,0,1,0,1,0,4.76692E+20,5.84792E+21,8.65444E+15,5.27806E+16
16100,3,4,59,24,2018,6,16,5,3,0,1,0,0,0,0,1,0,0,0,4.59909E+20,5.78883E+21,8.41275E+15,5.22484E+16
16101,3,4,59,14,2018,6,21,4,3,9,1,1,0,1,0,0,0,0,0,4.31657E+20,5.80286E+21,7.99612E+15,5.23717E+16
16102,3,2,54,21,2018,6,14,2,3,5,3,0,1,1,0,0,0,0,0,5.66522E+20,5.77888E+21,9.9724E+15,5.21564E+16
16103,3,3,55,3,2018,6,8,4,3,5,3,0,0,1,0,0,0,0,0,5.98969E+20,5.91422E+21,1.04874E+16,5.33678E+16
16104,3,4,59,20,2018,6,22,5,2,0,1,2,1,0,0,0,0,0,0,4.3216E+20,5.78163E+21,8.00779E+15,5.2181E+16
16105,3,4,59,25,2018,6,16,5,3,5,3,0,0,1,0,1,0,0,0,4.20116E+20,5.83655E+21,7.81854E+15,5.2673E+16
16106,3,3,53,26,2018,6,13,1,3,2,6,0,0,1,0,0,0,0,1,5.53837E+20,5.91387E+21,9.80918E+15,5.33712E+16
16107,3,1,55,11,2018,6,14,2,3,2,6,0,0,1,0,0,1,0,0,5.702E+20,5.72904E+21,1.0016E+16,5.17079E+16
16108,3,3,58,22,2018,6,12,4,3,2,6,0,0,1,0,0,0,0,0,5.40051E+20,5.85675E+21,9.59486E+15,5.2859E+16
16109,3,4,59,10,2018,6,12,5,3,2,6,0,0,1,0,0,1,0,0,4.25666E+20,5.82281E+21,7.9037E+15,5.25502E+16
16110,3,4,57,17,2018,6,17,5,3,9,1,0,0,1,0,0,0,0,0,4.09195E+20,5.8941E+21,7.64097E+15,5.31884E+16
16111,3,4,58,7,2018,6,21,1,3,2,6,2,0,1,0,0,0,0,0,4.4461E+20,5.8654E+21,8.17586E+15,5.29354E+16
16112,3,4,59,21,2018,6,17,3,3,5,3,0,1,0,0,0,0,0,0,4.32251E+20,5.78685E+21,8.00808E+15,5.22279E+16
16113,3,4,56,26,2018,6,13,5,2,2,2,0,0,1,0,0,0,0,0,3.53701E+20,5.82425E+21,6.84232E+15,5.25486E+16
16114,3,2,41,1,2018,6,9,3,2,0,1,0,0,0,0,1,0,0,0,5.45176E+20,5.80317E+21,9.66365E+15,5.2377E+16
16115,3,4,54,59,2018,6,7,5,3,2,2,0,0,1,0,0,0,1,0,4.04806E+20,5.82659E+21,7.59506E+15,5.2581E+16
16116,3,3,58,2,2018,6,7,5,3,2,7,0,1,0,0,0,0,0,0,5.66705E+20,5.88216E+21,9.99592E+15,5.30847E+16
16117,3,4,54,18,2018,6,15,7,3,2,2,0,0,1,0,0,0,0,0,3.74898E+20,5.85547E+21,7.14289E+15,5.28345E+16
16118,3,3,52,62,2018,6,10,2,2,8,1,0,0,1,0,0,0,0,0,4.8181E+20,5.93595E+21,8.72531E+15,5.35721E+16
16119,3,4,54,12,2018,6,19,5,2,5,3,0,1,1,0,0,0,0,0,4.01995E+20,5.81464E+21,7.55711E+15,5.24731E+16
16120,3,4,56,25,2018,6,16,4,3,2,2,0,0,0,0,1,0,1,0,3.74804E+20,5.8194E+21,7.15519E+15,5.25104E+16
16121,3,4,54,32,2018,6,10,5,3,5,3,0,0,1,0,1,0,0,0,3.84372E+20,5.82239E+21,7.29507E+15,5.25393E+16
16122,3,1,3,0,2018,6,17,2,3,5,3,0,0,1,0,0,0,0,0,6.13147E+20,5.81057E+21,1.06643E+16,5.24336E+16
16123,3,2,41,17,2018,6,20,4,3,5,3,0,1,1,0,0,0,0,0,5.4282E+20,5.78474E+21,9.62671E+15,5.22114E+16
16124,3,4,52,11,2018,6,16,5,3,2,6,0,0,1,0,0,0,1,0,3.82424E+20,5.92136E+21,7.23039E+15,5.34282E+16
16125,3,4,52,19,2018,6,13,5,3,5,3,0,1,1,0,0,0,0,0,3.81042E+20,5.93998E+21,7.20253E+15,5.35951E+16
16126,3,1,51,16,2018,6,22,7,3,7,7,2,0,0,0,1,0,0,0,6.09439E+20,5.8023E+21,1.06071E+16,5.236E+16
16127,3,2,55,504,2018,6,15,7,3,0,1,0,0,0,0,1,0,0,0,5.51847E+20,5.7565E+21,9.75451E+15,5.19567E+16
16128,3,3,51,10,2018,6,17,1,2,5,3,0,1,1,0,0,0,0,0,5.78089E+20,5.86126E+21,1.01608E+16,5.28953E+16
16129,3,3,58,22,2018,6,9,3,3,9,6,0,0,1,0,0,1,0,0,5.36523E+20,5.85676E+21,9.54246E+15,5.28593E+16
16130,3,4,59,3,2018,6,17,2,3,0,3,0,1,1,0,0,0,0,0,4.57868E+20,5.79695E+21,8.38185E+15,5.23213E+16
16131,3,4,53,7,2018,6,11,5,3,5,2,0,0,1,0,0,1,0,0,4.22075E+20,5.87385E+21,7.83861E+15,5.30085E+16
16132,3,2,41,11,2018,6,9,5,3,2,6,0,0,1,0,0,0,0,0,5.76552E+20,5.80305E+21,1.01245E+16,5.23724E+16
16133,3,4,51,2,2018,6,14,7,3,2,6,0,0,1,0,0,0,0,0,4.38694E+20,5.8932E+21,8.08256E+15,5.31846E+16
16134,3,3,57,39,2018,6,20,2,3,4,2,0,1,1,0,0,0,0,0,5.26591E+20,5.88387E+21,9.39718E+15,5.31036E+16
16135,3,4,52,6,2018,6,6,3,3,4,2,0,0,1,0,0,0,0,0,4.12509E+20,5.91976E+21,7.68348E+15,5.34196E+16
16136,3,1,57,9,2018,6,12,3,3,5,3,0,1,1,0,0,0,0,0,5.83052E+20,5.79112E+21,1.0217E+16,5.22642E+16
16137,3,4,60,3,2018,6,8,5,3,4,6,0,0,1,0,0,0,0,0,4.40317E+20,5.83486E+21,8.11758E+15,5.26604E+16
16138,3,2,41,1,2018,6,20,5,3,3,6,1,0,1,0,0,0,0,1,5.45214E+20,5.80317E+21,9.66421E+15,5.2377E+16
16139,3,3,61,6,2018,6,2,7,3,4,6,2,0,1,0,0,0,1,0,5.11958E+20,5.86967E+21,9.17809E+15,5.29765E+16
16140,3,3,58,22,2018,6,9,2,3,3,6,0,0,1,0,0,1,1,0,5.44959E+20,5.84702E+21,9.66641E+15,5.27711E+16
16141,3,4,60,4,2018,6,14,5,3,5,3,0,0,1,0,0,0,0,0,4.54936E+20,5.84647E+21,8.3321E+15,5.27662E+16
16142,3,4,60,9,2018,6,12,4,3,2,6,0,0,1,0,0,0,0,0,4.51336E+20,5.83948E+21,8.27979E+15,5.2703E+16
16143,3,4,60,1,2018,6,8,5,3,3,2,0,0,1,0,0,0,0,0,4.4367E+20,5.84197E+21,8.16593E+15,5.27247E+16
16144,3,1,51,25,2018,6,7,2,3,0,3,0,1,1,0,0,0,0,0,6.15323E+20,5.82333E+21,1.07008E+16,5.25478E+16
16145,3,2,41,3,2018,6,16,4,1,9,1,0,1,0,0,0,0,0,0,5.64275E+20,5.8106E+21,9.94561E+15,5.24418E+16
16146,3,4,53,9,2018,6,3,5,2,8,1,2,0,0,0,0,1,0,0,4.30106E+20,5.84706E+21,7.96404E+15,5.27689E+16
16147,3,4,55,26,2018,6,10,5,3,5,3,0,1,0,0,0,0,0,0,4.40281E+20,5.91675E+21,8.10188E+15,5.33965E+16
16148,3,1,51,16,2018,6,10,7,2,2,6,0,0,1,0,1,0,0,0,6.08725E+20,5.80542E+21,1.05977E+16,5.23882E+16
16149,3,4,53,7,2018,6,7,5,3,5,2,0,1,1,0,0,0,0,0,4.24269E+20,5.87569E+21,7.87085E+15,5.30254E+16
16150,3,2,41,1,2018,6,13,1,3,0,1,0,0,0,0,1,0,0,1,5.54113E+20,5.80264E+21,9.79484E+15,5.23714E+16
16151,3,3,52,32,2018,6,13,3,3,5,3,0,0,1,0,1,0,0,0,4.76613E+20,5.92547E+21,8.64761E+15,5.34777E+16
16152,3,4,54,32,2018,6,11,2,3,5,3,0,1,1,0,0,0,0,0,3.87548E+20,5.82039E+21,7.34256E+15,5.2522E+16
16153,3,4,55,26,2018,6,9,5,3,2,6,0,0,1,0,0,0,0,0,4.42553E+20,5.91619E+21,8.13615E+15,5.33917E+16
16154,3,3,52,50,2018,6,12,4,2,2,6,0,0,0,0,1,0,1,0,4.79441E+20,5.93328E+21,8.68972E+15,5.3548E+16
16155,3,2,54,43,2018,6,20,5,3,4,6,1,1,0,0,0,0,0,1,5.55502E+20,5.77122E+21,9.81008E+15,5.20888E+16
16156,3,2,41,1,2018,6,18,7,3,2,6,0,0,1,0,0,0,0,0,5.53381E+20,5.79728E+21,9.78323E+15,5.23233E+16
16157,3,3,51,6,2018,6,11,2,3,5,3,0,0,1,0,1,0,0,0,5.72828E+20,5.83078E+21,1.00758E+16,5.26221E+16
16158,3,2,51,33,2018,6,21,4,2,2,2,0,0,0,0,1,0,0,0,5.01515E+20,5.86037E+21,9.02252E+15,5.28931E+16
16159,3,3,56,8,2018,6,17,5,3,5,3,0,1,1,0,0,0,0,0,4.80444E+20,5.89311E+21,8.70733E+15,5.3187E+16
16160,3,3,61,9,2018,6,17,5,3,5,3,0,1,1,0,0,0,0,0,5.01886E+20,5.87851E+21,9.02814E+15,5.30561E+16
16161,3,1,51,9,2018,6,17,7,3,9,1,0,0,1,0,0,0,0,0,6.03323E+20,5.81885E+21,1.05225E+16,5.251E+16
16162,3,4,60,6,2018,6,20,1,3,8,1,0,0,1,0,0,0,0,0,4.50422E+20,5.83675E+21,8.26667E+15,5.26784E+16
16163,3,1,59,7,2018,6,10,4,3,8,7,0,0,1,0,0,0,0,0,5.59134E+20,5.71534E+21,9.85353E+15,5.1586E+16
16164,3,3,61,1,2018,6,14,5,3,2,6,0,0,1,0,0,0,0,0,5.05738E+20,5.87428E+21,9.08554E+15,5.30181E+16
16165,3,3,61,9,2018,6,9,5,3,8,6,0,0,1,0,0,1,0,0,5.03803E+20,5.87833E+21,9.05675E+15,5.30544E+16
16166,3,4,51,4,2018,6,12,4,3,5,3,0,1,1,0,0,0,0,0,4.32204E+20,5.8878E+21,7.98659E+15,5.31353E+16
16167,3,4,55,14,2018,6,16,5,3,2,6,0,0,1,0,0,0,0,0,4.33741E+20,5.93057E+21,8.00063E+15,5.35199E+16
16168,3,4,51,8,2018,6,12,5,2,0,3,0,1,1,0,0,0,0,0,4.44326E+20,5.8935E+21,8.16678E+15,5.31879E+16
16169,3,4,59,20,2018,6,19,1,3,5,3,0,1,1,0,0,0,0,0,4.27622E+20,5.78613E+21,7.94047E+15,5.22209E+16
16170,3,2,57,36,2018,6,7,4,3,5,3,0,1,1,0,0,0,0,0,5.26375E+20,5.79998E+21,9.38722E+15,5.23495E+16
16171,3,4,51,2,2018,6,14,5,3,3,6,0,0,1,0,1,0,0,0,4.3208E+20,5.89369E+21,7.98349E+15,5.31882E+16
16172,3,2,51,41,2018,6,14,5,2,5,3,0,1,1,0,0,0,0,0,4.86882E+20,5.86366E+21,8.80488E+15,5.29224E+16
16173,3,1,51,9,2018,6,8,7,3,4,2,0,0,1,0,0,0,0,0,6.02493E+20,5.82385E+21,1.05118E+16,5.25551E+16
16174,3,4,3,0,2018,6,11,5,2,5,3,0,1,1,0,0,0,0,0,4.47513E+20,5.88882E+21,8.21524E+15,5.31462E+16
16175,3,1,59,10,2018,6,12,1,3,8,1,0,0,1,0,0,0,0,1,5.90474E+20,5.71221E+21,1.0305E+16,5.15537E+16
16176,3,3,58,21,2018,6,17,3,1,5,3,0,1,1,0,0,0,0,0,5.60493E+20,5.87394E+21,9.90165E+15,5.30116E+16
16177,3,4,52,12,2018,6,17,2,3,5,2,0,1,1,0,0,0,0,0,3.95718E+20,5.92334E+21,7.42972E+15,5.34488E+16
16178,3,2,51,44,2018,6,13,5,3,8,1,0,0,1,0,0,0,0,0,4.6789E+20,5.8264E+21,8.52605E+15,5.25867E+16
16179,3,1,59,16,2018,6,5,5,3,2,6,0,0,1,0,0,1,0,0,5.6484E+20,5.71217E+21,9.9353E+15,5.15569E+16
16180,3,2,41,14,2018,6,7,7,2,5,3,0,1,1,0,0,0,0,0,5.45573E+20,5.7997E+21,9.66901E+15,5.23457E+16
16181,3,2,41,1,2018,6,8,2,3,6,6,0,1,0,1,0,0,0,0,5.47114E+20,5.80141E+21,9.69187E+15,5.23609E+16