OBJECTID_1,ULAND,UREGBEZ,UKREIS,UGEMEINDE,UJAHR,UMONAT,USTUNDE,UWOCHENTAG,UKATEGORIE,UART,UTYP1,ULICHTVERH,IstRad,IstPKW,IstFuss,IstKrad,IstGkfz,IstSonstig,STRZUSTAND,LINREFX,LINREFY,XGCSWGS84,YGCSWGS84
16372,3,3,58,19,2018,6,21,3,3,2,6,0,0,1,0,1,0,0,0,5.53767E+20,5.88492E+21,9.80324E+15,5.3111E+16
16373,3,4,52,23,2018,6,13,2,3,2,6,0,0,1,0,0,0,0,0,3.86552E+20,5.92506E+21,7.29115E+15,5.34623E+16
16374,3,4,59,13,2018,6,17,4,3,0,2,0,1,1,0,0,0,0,0,4.5325E+20,5.80215E+21,8.31337E+15,5.23676E+16
16375,3,2,52,4,2018,6,17,5,2,4,6,0,0,1,0,0,0,0,0,5.34863E+20,5.77396E+21,9.50914E+15,5.21151E+16
16376,3,2,41,1,2018,6,12,7,2,6,6,0,1,0,1,0,0,0,0,5.55088E+20,5.80356E+21,9.80931E+15,5.23796E+16
16377,3,2,41,1,2018,6,15,2,3,0,2,0,1,1,0,0,0,0,0,5.50397E+20,5.80223E+21,9.74021E+15,5.2368E+16
16378,3,3,53,42,2018,6,6,4,3,5,3,0,0,1,0,0,0,0,0,5.73E+20,5.90766E+21,1.00957E+16,5.33131E+16
16379,3,4,2,0,2018,6,13,4,3,2,6,0,0,1,0,0,0,0,0,3.78366E+20,5.91444E+21,7.17201E+15,5.33651E+16
16380,3,4,57,13,2018,6,18,4,3,5,3,0,0,1,0,0,0,0,0,3.93888E+20,5.89961E+21,7.41014E+15,5.32351E+16
16381,3,3,61,6,2018,6,13,1,2,4,1,0,0,0,0,1,0,1,0,5.10749E+20,5.86859E+21,9.16004E+15,5.29668E+16
16382,3,1,51,40,2018,6,9,4,3,5,2,0,0,1,0,0,0,1,0,6.22685E+20,5.83524E+21,1.08137E+16,5.26532E+16
16383,3,4,57,13,2018,6,12,4,3,2,6,0,0,1,0,0,0,0,0,3.97261E+20,5.90261E+21,7.45968E+15,5.32628E+16
16384,3,2,41,1,2018,6,16,3,3,5,3,0,0,1,0,0,1,0,0,5.49894E+20,5.80784E+21,9.73365E+15,5.24185E+16
16385,3,4,57,13,2018,6,4,4,3,0,7,1,0,0,0,0,0,1,0,3.95745E+20,5.90182E+21,7.43722E+15,5.32554E+16
16386,3,4,58,7,2018,6,17,5,3,4,1,0,0,1,0,0,0,1,1,4.51265E+20,5.87304E+21,8.27373E+15,5.30047E+16
16387,3,4,59,14,2018,6,20,7,3,3,2,0,1,1,0,0,0,0,0,4.31396E+20,5.80669E+21,7.99151E+15,5.24062E+16
16388,3,2,51,8,2018,6,8,2,3,9,6,0,0,1,0,0,1,0,0,4.98128E+20,5.83546E+21,8.97232E+15,5.26691E+16
16389,3,4,54,38,2018,6,15,4,3,5,3,0,1,1,0,0,0,0,0,3.95829E+20,5.87255E+21,7.44799E+15,5.29924E+16
16390,3,4,59,25,2018,6,5,4,3,8,1,1,0,1,0,0,0,0,1,4.24777E+20,5.83755E+21,7.88723E+15,5.26826E+16
16391,3,2,52,6,2018,6,16,2,3,6,4,0,0,0,1,0,0,1,0,5.25336E+20,5.77266E+21,9.36992E+15,5.21039E+16
16392,3,4,51,1,2018,6,15,2,3,5,3,0,0,1,0,0,0,0,0,4.203E+20,5.89723E+21,7.80635E+15,5.32184E+16
16393,3,4,54,11,2018,6,11,4,3,1,5,0,0,1,0,0,0,0,0,4.08093E+20,5.87224E+21,7.63074E+15,5.29918E+16
16394,3,1,51,10,2018,6,14,5,3,5,3,0,1,1,0,0,0,0,0,6.00358E+20,5.83518E+21,1.04837E+16,5.26572E+16
16395,3,2,54,8,2018,6,14,7,3,9,1,0,0,0,0,1,0,0,0,5.74492E+20,5.76639E+21,1.00862E+16,5.20431E+16
16396,3,1,55,11,2018,6,17,2,3,5,3,0,1,1,0,0,0,0,0,5.66937E+20,5.73293E+21,9.96951E+15,5.17433E+16
16397,3,3,58,21,2018,6,18,4,3,8,1,0,0,1,0,0,0,0,0,5.66269E+20,5.87438E+21,9.98781E+15,5.30149E+16
16398,3,4,54,41,2018,6,7,4,3,0,1,0,1,0,0,0,0,0,0,3.87799E+20,5.8785E+21,7.32634E+15,5.30442E+16
16399,3,4,56,17,2018,6,14,4,3,0,3,0,0,1,0,0,0,1,0,3.69206E+20,5.82396E+21,7.07096E+15,5.255E+16
16400,3,4,60,1,2018,6,9,1,3,8,7,0,0,1,0,0,0,0,1,4.44286E+20,5.84327E+21,8.17483E+15,5.27364E+16
16401,3,4,59,20,2018,6,16,3,3,5,3,0,0,1,0,0,0,0,0,4.30537E+20,5.78349E+21,7.98367E+15,5.21975E+16
16402,3,4,56,12,2018,6,11,4,2,9,1,0,0,1,0,0,0,0,0,3.48558E+20,5.8341E+21,6.76203E+15,5.26357E+16
16403,3,2,54,29,2018,6,13,3,3,2,6,0,0,1,0,1,0,0,0,5.73133E+20,5.78163E+21,1.00696E+16,5.21803E+16
16404,3,4,54,15,2018,6,11,4,2,5,2,0,0,0,0,1,0,1,0,3.95699E+20,5.82827E+21,7.46017E+15,5.25944E+16
16405,3,3,60,25,2018,6,7,5,3,2,6,0,0,1,0,0,0,0,0,6.0643E+20,5.86962E+21,1.05847E+16,5.29656E+16
16406,3,4,54,18,2018,6,13,7,3,2,2,0,0,1,0,0,0,1,0,3.74894E+20,5.85547E+21,7.14283E+15,5.28345E+16
16407,3,3,53,16,2018,6,19,2,2,5,3,0,0,1,0,1,0,0,0,5.67045E+20,5.90157E+21,1.00051E+16,5.32591E+16
16408,3,4,62,4,2018,6,6,4,3,2,6,0,0,1,0,1,0,0,0,3.95382E+20,5.93613E+21,7.4204E+15,5.35636E+16
16409,3,4,54,35,2018,6,8,4,2,5,3,0,1,1,0,0,0,0,0,3.82964E+20,5.83932E+21,7.26834E+15,5.26911E+16
16410,3,4,52,16,2018,6,7,4,3,4,2,0,0,1,0,0,0,0,0,3.82946E+20,5.94084E+21,7.23096E+15,5.36033E+16
16411,3,1,58,39,2018,6,21,2,3,8,1,0,0,0,0,1,0,0,0,6.02003E+20,5.76777E+21,1.04876E+16,5.20512E+16
16412,3,2,41,12,2018,6,19,4,3,8,1,1,0,1,0,0,0,0,1,5.30012E+20,5.82489E+21,9.44286E+15,5.25733E+16
16413,3,4,52,1,2018,6,21,4,2,5,2,1,1,1,0,0,0,0,0,4.00202E+20,5.92524E+21,7.49662E+15,5.34667E+16
16414,3,4,53,7,2018,6,16,4,3,2,2,0,0,1,0,0,0,0,0,4.27845E+20,5.86856E+21,7.92576E+15,5.29618E+16
16415,3,1,54,13,2018,6,14,7,2,9,6,0,0,0,0,1,0,0,0,6.27426E+20,5.78604E+21,1.0865E+16,5.221E+16
16416,3,2,41,21,2018,6,17,1,3,2,6,0,0,1,0,0,0,0,0,5.29227E+20,5.80858E+21,9.42983E+15,5.24266E+16
16417,3,4,51,7,2018,6,18,3,2,8,1,0,0,1,0,0,0,0,0,4.28955E+20,5.89943E+21,7.93546E+15,5.32394E+16
16418,3,4,4,0,2018,6,7,2,3,5,3,0,0,1,0,0,0,0,0,4.34533E+20,5.79174E+21,8.04054E+15,5.22722E+16
16419,3,3,51,24,2018,6,17,4,3,2,6,0,0,1,0,0,0,0,0,5.61435E+20,5.83699E+21,9.90872E+15,5.26793E+16
16420,3,4,60,4,2018,6,15,4,3,5,3,0,1,0,0,0,0,1,0,4.59586E+20,5.84981E+21,8.40061E+15,5.27966E+16
16421,3,4,53,9,2018,6,4,4,3,7,7,1,0,1,0,0,0,0,0,4.25517E+20,5.84775E+21,7.89586E+15,5.27745E+16
16422,3,3,53,9,2018,6,19,1,3,9,6,0,0,1,0,0,0,0,0,5.70436E+20,5.89015E+21,1.00534E+16,5.3156E+16
16423,3,4,52,1,2018,6,16,3,3,2,2,0,0,1,0,0,0,1,0,4.00078E+20,5.92535E+21,7.49471E+15,5.34677E+16
16424,3,1,53,12,2018,6,17,3,2,5,3,0,0,0,0,1,0,1,0,5.77151E+20,5.75557E+21,1.01225E+16,5.19455E+16
16425,3,4,5,0,2018,6,15,4,3,5,3,0,0,1,0,1,0,0,0,4.43452E+20,5.93168E+21,8.14687E+15,5.3531E+16
16426,3,2,41,1,2018,6,17,5,3,6,4,0,0,0,1,1,0,0,0,5.53395E+20,5.79728E+21,9.78344E+15,5.23232E+16
16427,3,3,61,1,2018,6,10,7,3,2,6,0,0,1,0,0,0,0,0,4.98743E+20,5.8768E+21,8.98126E+15,5.30407E+16
16428,3,3,58,5,2018,6,7,2,3,2,6,0,0,1,0,0,0,0,0,5.48131E+20,5.83283E+21,9.71135E+15,5.26433E+16
16429,3,3,61,6,2018,6,18,4,3,2,6,0,0,1,0,0,0,0,0,5.15266E+20,5.86939E+21,9.22734E+15,5.29739E+16
16430,3,4,53,4,2018,6,7,4,3,8,1,0,1,0,0,0,0,0,0,4.35143E+20,5.85531E+21,8.03705E+15,5.28436E+16
16431,3,4,51,7,2018,6,13,4,3,9,7,0,0,1,0,0,0,0,0,4.31153E+20,5.90492E+21,7.96719E+15,5.3289E+16
16432,3,1,54,22,2018,6,6,2,3,2,6,0,0,1,0,0,0,0,0,6.30208E+20,5.79421E+21,1.09088E+16,5.22828E+16
16433,3,2,41,1,2018,6,13,4,3,5,3,0,0,1,0,0,0,0,0,5.54243E+20,5.80765E+21,9.79756E+15,5.24164E+16
16434,3,2,51,41,2018,6,18,4,3,5,3,0,1,1,0,0,0,0,0,4.88323E+20,5.86552E+21,8.82624E+15,5.29392E+16
16435,3,4,61,5,2018,6,8,4,3,5,3,0,0,1,0,0,1,0,0,4.45866E+20,5.90916E+21,8.18716E+15,5.33288E+16
16436,3,4,53,7,2018,6,0,5,3,8,7,2,0,1,0,0,0,0,0,4.20121E+20,5.87911E+21,7.80818E+15,5.30555E+16
16437,3,2,41,9,2018,6,11,1,2,0,1,0,0,0,0,1,0,0,1,5.53937E+20,5.79641E+21,9.79125E+15,5.23154E+16
16438,3,3,53,5,2018,6,15,3,2,4,2,0,1,1,0,0,0,0,0,5.58752E+20,5.90946E+21,9.88223E+15,5.3331E+16
16439,3,4,62,18,2018,6,18,2,2,5,3,0,1,1,0,0,0,0,0,3.97975E+20,5.93906E+21,7.45858E+15,5.35905E+16
16440,3,4,61,8,2018,6,7,4,3,2,6,0,0,1,0,0,0,0,0,4.60222E+20,5.90556E+21,8.40316E+15,5.32977E+16
16441,3,3,52,22,2018,6,14,4,3,3,2,0,0,0,0,1,1,0,0,5.05982E+20,5.94928E+21,9.09059E+15,5.36922E+16
16442,3,2,54,21,2018,6,10,5,3,2,6,0,0,1,0,0,1,0,0,5.683E+20,5.77946E+21,9.9985E+15,5.21614E+16
16443,3,2,41,15,2018,6,15,7,3,5,2,0,1,1,0,0,0,0,0,5.35236E+20,5.80644E+21,9.51798E+15,5.2407E+16
16444,3,2,41,9,2018,6,16,2,3,2,6,0,0,1,0,0,0,0,0,5.55712E+20,5.79304E+21,9.81674E+15,5.22849E+16
16445,3,4,61,7,2018,6,16,4,3,4,2,0,0,1,0,0,0,0,0,4.65621E+20,5.92913E+21,8.4816E+15,5.351E+16
16446,3,3,61,9,2018,6,17,1,2,0,6,0,1,0,1,0,0,0,0,5.01131E+20,5.87888E+21,9.01687E+15,5.30595E+16
16447,3,4,57,13,2018,6,15,6,3,2,6,0,0,1,0,0,0,0,0,3.97276E+20,5.9025E+21,7.45994E+15,5.32618E+16
16448,3,1,57,6,2018,6,7,3,3,2,6,0,0,0,0,0,1,0,1,5.82229E+20,5.80035E+21,1.02072E+16,5.23473E+16
16449,3,4,53,1,2018,6,17,4,3,4,6,0,1,0,0,0,0,1,0,4.1611E+20,5.89177E+21,7.74504E+15,5.31687E+16
16450,3,3,61,1,2018,6,0,1,2,0,3,2,1,1,0,0,0,0,1,5.01416E+20,5.87389E+21,9.0211E+15,5.30145E+16
16451,3,2,41,11,2018,6,13,6,3,0,1,0,0,0,0,1,0,0,1,5.66326E+20,5.80615E+21,9.97489E+15,5.24015E+16
16452,3,2,41,11,2018,6,16,2,3,3,6,0,0,1,0,1,0,0,0,5.66279E+20,5.80429E+21,9.97383E+15,5.23848E+16
16453,3,2,41,1,2018,6,14,4,3,2,6,0,0,1,0,0,0,0,0,5.54707E+20,5.80552E+21,9.80403E+15,5.23972E+16
16454,3,3,51,24,2018,6,14,1,3,2,6,0,0,1,0,0,0,0,1,5.65554E+20,5.83588E+21,9.96942E+15,5.26689E+16
16455,3,3,61,6,2018,6,11,1,3,0,3,0,1,1,0,0,0,0,0,5.14329E+20,5.86918E+21,9.21337E+15,5.29721E+16
16456,3,2,51,35,2018,6,12,5,2,8,1,0,0,0,0,1,0,0,1,4.99726E+20,5.83903E+21,8.99594E+15,5.27012E+16
16457,3,3,61,5,2018,6,16,1,3,9,6,0,0,1,0,0,0,0,0,5.27158E+20,5.86633E+21,9.40417E+15,5.29459E+16
16458,3,4,51,4,2018,6,9,3,3,2,6,0,0,1,0,0,0,0,1,4.35106E+20,5.88628E+21,8.03028E+15,5.3122E+16
16459,3,3,51,6,2018,6,21,7,1,0,1,2,1,0,0,0,0,0,0,5.69135E+20,5.82882E+21,1.00209E+16,5.2605E+16
16460,3,4,3,0,2018,6,18,1,1,6,7,0,0,1,1,0,0,0,0,4.46283E+20,5.8915E+21,8.1964E+15,5.31701E+16
16461,3,2,41,1,2018,6,19,3,3,2,6,0,0,1,0,0,0,0,0,5.58542E+20,5.79551E+21,9.85865E+15,5.23068E+16
16462,3,1,54,1,2018,6,14,5,3,5,3,0,0,1,0,0,0,0,0,6.34893E+20,5.80487E+21,1.09817E+16,5.23774E+16
16463,3,3,52,42,2018,6,16,1,2,9,1,0,0,0,0,1,0,0,0,5.10428E+20,5.95375E+21,9.15807E+15,5.37323E+16
16464,3,2,51,37,2018,6,16,6,3,2,6,0,0,1,0,0,0,0,0,4.82113E+20,5.87347E+21,8.7334E+15,5.30105E+16
16465,3,4,60,5,2018,6,22,2,3,2,7,2,0,1,0,0,0,0,0,4.4062E+20,5.82798E+21,8.12329E+15,5.25986E+16
16466,3,3,52,22,2018,6,9,4,3,5,3,0,0,0,0,1,1,0,0,5.08201E+20,5.9471E+21,9.12415E+15,5.36726E+16
16467,3,1,57,7,2018,6,12,2,2,9,1,0,0,1,0,0,0,0,0,5.90689E+20,5.78621E+21,1.03275E+16,5.22188E+16
16468,3,3,53,4,2018,6,10,1,3,8,1,0,0,0,0,1,0,1,1,5.69368E+20,5.90587E+21,1.00408E+16,5.32975E+16
16469,3,2,52,6,2018,6,16,6,3,0,7,0,0,1,0,1,0,0,0,5.24057E+20,5.77453E+21,9.35138E+15,5.21208E+16
16470,3,1,58,40,2018,6,15,4,3,8,1,0,0,0,0,1,0,0,0,6.158E+20,5.77331E+21,1.06906E+16,5.20982E+16
16471,3,2,57,11,2018,6,18,1,2,8,1,0,0,1,0,0,0,0,1,5.27369E+20,5.80549E+21,9.40226E+15,5.2399E+16
16472,3,3,59,28,2018,6,12,1,3,4,6,0,1,0,0,0,0,0,0,5.47342E+20,5.93236E+21,9.71435E+15,5.35381E+16
16473,3,4,54,32,2018,6,15,3,2,4,6,0,0,1,0,0,0,0,0,3.81704E+20,5.82311E+21,7.2555E+15,5.25452E+16
16474,3,3,57,42,2018,6,17,5,2,4,6,0,0,1,0,0,0,0,1,5.16356E+20,5.90973E+21,9.24563E+15,5.33365E+16
16475,3,2,41,1,2018,6,16,6,3,2,2,0,0,1,0,1,0,0,0,5.49242E+20,5.8033E+21,9.72339E+15,5.23777E+16
16476,3,1,55,13,2018,6,16,2,3,4,1,0,0,1,0,0,0,0,0,5.69298E+20,5.74257E+21,1.00056E+16,5.18297E+16
16477,3,1,55,13,2018,6,11,4,3,5,3,0,1,0,0,0,0,1,0,5.57726E+20,5.7408E+21,9.83743E+15,5.18151E+16
16478,3,2,41,1,2018,6,15,1,3,2,6,0,0,1,0,0,0,0,0,5.52524E+20,5.80257E+21,9.77148E+15,5.23709E+16
16479,3,3,59,17,2018,6,13,1,3,2,2,0,0,1,0,0,0,0,0,5.22716E+20,5.93318E+21,9.34283E+15,5.35471E+16
16480,3,1,53,17,2018,6,14,3,3,0,1,0,0,1,0,0,0,0,0,5.96325E+20,5.74967E+21,1.03997E+16,5.18895E+16
16481,3,3,52,56,2018,6,13,5,3,4,6,0,0,1,0,0,0,0,1,5.04868E+20,5.9519E+21,9.07376E+15,5.37157E+16
16482,3,4,59,24,2018,6,23,2,3,8,6,2,0,1,0,0,0,1,0,4.52284E+20,5.78405E+21,8.30174E+15,5.22049E+16
16483,3,3,58,21,2018,6,14,1,3,2,6,0,0,1,0,0,0,0,0,5.59623E+20,5.8677E+21,9.88753E+15,5.29556E+16
16484,3,4,58,14,2018,6,7,3,3,5,3,0,1,1,0,0,0,0,0,4.61131E+20,5.86002E+21,8.4223E+15,5.28885E+16
16485,3,2,41,5,2018,6,7,7,3,9,1,0,0,1,0,0,0,0,1,5.36303E+20,5.81252E+21,9.53433E+15,5.24616E+16
16486,3,3,58,21,2018,6,14,1,3,2,6,0,0,1,0,0,0,0,0,5.59831E+20,5.86792E+21,9.89067E+15,5.29575E+16
16487,3,2,41,1,2018,6,7,3,2,5,3,0,1,1,0,0,0,0,1,5.47012E+20,5.80319E+21,9.69063E+15,5.2377E+16
16488,3,1,57,8,2018,6,19,5,3,5,2,0,0,1,0,0,0,0,0,5.95906E+20,5.79518E+21,1.04064E+16,5.22986E+16
16489,3,3,58,19,2018,6,14,1,3,8,1,0,0,0,0,1,0,0,0,5.49437E+20,5.89323E+21,9.73985E+15,5.31862E+16
16490,3,3,53,31,2018,6,21,6,3,0,7,0,0,1,0,0,0,1,0,5.6914E+20,5.91079E+21,1.00385E+16,5.33418E+16
16491,3,4,5,0,2018,6,10,2,3,3,6,0,0,1,0,0,1,0,0,4.38948E+20,5.93488E+21,8.07831E+15,5.35592E+16
16492,3,3,53,5,2018,6,18,4,3,2,2,0,0,1,0,0,0,0,0,5.58933E+20,5.90862E+21,9.88478E+15,5.33234E+16
16493,3,4,52,1,2018,6,10,1,2,0,7,0,0,1,0,0,0,0,1,3.99254E+20,5.92591E+21,7.48212E+15,5.34726E+16
16494,3,3,57,16,2018,6,20,1,3,5,3,0,1,1,0,0,0,0,0,4.98728E+20,5.91543E+21,8.98087E+15,5.33879E+16
16495,3,1,51,38,2018,6,13,6,3,9,1,0,0,1,0,0,0,0,0,6.02833E+20,5.82819E+21,1.05181E+16,5.2594E+16
16496,3,2,52,8,2018,6,9,2,2,9,1,0,0,1,0,0,0,0,0,5.41115E+20,5.76593E+21,9.59947E+15,5.20425E+16
16497,3,4,59,13,2018,6,6,3,3,3,2,0,1,0,0,0,1,0,0,4.53226E+20,5.80205E+21,8.31303E+15,5.23668E+16
16498,3,4,59,14,2018,6,13,7,3,2,6,0,0,1,0,0,0,0,0,4.35318E+20,5.80276E+21,8.04992E+15,5.23713E+16
16499,3,3,51,6,2018,6,16,1,2,2,2,0,0,1,0,0,0,0,0,5.76066E+20,5.83095E+21,1.01237E+16,5.26232E+16
16500,3,3,61,9,2018,6,5,3,3,8,7,0,0,1,0,0,0,0,1,5.01069E+20,5.88121E+21,9.01595E+15,5.30803E+16
16501,3,2,41,1,2018,6,7,5,3,3,2,0,1,1,0,0,0,0,0,5.45715E+20,5.80379E+21,9.67166E+15,5.23824E+16
16502,3,2,41,6,2018,6,20,1,3,5,3,0,0,1,0,0,0,0,0,5.4138E+20,5.79586E+21,9.60699E+15,5.23115E+16
16503,3,2,55,17,2018,6,16,3,3,0,7,0,0,1,0,1,0,0,0,5.32811E+20,5.75947E+21,9.47778E+15,5.19849E+16
16504,3,1,2,0,2018,6,12,7,3,2,6,0,0,1,0,0,0,0,0,5.94402E+20,5.76707E+21,1.03766E+16,5.20462E+16
16505,3,1,59,35,2018,6,12,3,2,8,1,0,0,1,0,0,0,0,0,5.72001E+20,5.71259E+21,1.00387E+16,5.15598E+16
16506,3,4,54,41,2018,6,6,4,3,5,3,0,1,1,0,0,0,0,0,3.91559E+20,5.88201E+21,7.38121E+15,5.30765E+16
16507,3,2,41,19,2018,6,15,1,3,4,2,0,0,1,0,0,0,0,0,5.49287E+20,5.82694E+21,9.72756E+15,5.25902E+16
16508,3,3,51,7,2018,6,6,6,3,8,1,0,0,1,0,0,0,0,1,5.80521E+20,5.82441E+21,1.01879E+16,5.25638E+16
16509,3,2,41,1,2018,6,22,1,3,1,5,2,0,1,0,1,0,0,0,5.49978E+20,5.80461E+21,9.7344E+15,5.23895E+16
16510,3,2,41,19,2018,6,15,3,3,2,2,0,0,1,0,0,0,0,0,5.51804E+20,5.82265E+21,9.76403E+15,5.25514E+16
16511,3,2,54,21,2018,6,22,7,2,9,7,2,0,1,0,0,1,0,0,5.67757E+20,5.77879E+21,9.99043E+15,5.21554E+16
16512,3,2,57,22,2018,6,10,3,2,5,3,0,0,1,0,0,0,0,0,5.06527E+20,5.78664E+21,9.09556E+15,5.22301E+16
16513,3,4,59,14,2018,6,19,4,3,3,2,0,1,1,0,0,0,0,0,4.29972E+20,5.80644E+21,7.97063E+15,5.24037E+16
16514,3,2,41,1,2018,6,21,1,3,2,7,1,0,1,0,0,0,0,0,5.53344E+20,5.80384E+21,9.78374E+15,5.23822E+16
16515,3,3,57,5,2018,6,7,6,3,9,6,0,0,1,0,0,0,0,1,5.22428E+20,5.88896E+21,9.33535E+15,5.31496E+16
16516,3,3,53,18,2018,6,15,2,3,2,6,0,0,1,0,0,0,0,0,5.43778E+20,5.90741E+21,9.65712E+15,5.33141E+16
16517,3,3,57,41,2018,6,10,4,3,3,6,0,1,0,0,0,0,0,0,5.34961E+20,5.88984E+21,9.52285E+15,5.31568E+16
16518,3,2,51,40,2018,6,6,1,2,9,1,0,0,1,0,0,0,0,0,4.82288E+20,5.83317E+21,8.7382E+15,5.26482E+16
16519,3,1,55,11,2018,6,19,1,3,2,2,0,0,1,0,0,0,0,0,5.72724E+20,5.72805E+21,1.00523E+16,5.16987E+16
16520,3,4,59,29,2018,6,6,5,3,3,6,0,0,1,0,0,0,0,0,4.46533E+20,5.79907E+21,8.21522E+15,5.23393E+16
16521,3,4,52,6,2018,6,17,5,3,2,6,0,0,1,0,0,0,0,0,4.09346E+20,5.91403E+21,7.63755E+15,5.33676E+16
16522,3,1,53,8,2018,6,11,2,2,4,1,0,0,1,0,0,0,0,0,5.93821E+20,5.7637E+21,1.03672E+16,5.2016E+16
16523,3,4,54,41,2018,6,17,3,3,2,2,0,0,1,0,0,0,0,0,3.94176E+20,5.88248E+21,7.42011E+15,5.30813E+16
16524,3,4,60,4,2018,6,17,7,3,5,3,0,0,1,0,0,0,0,0,4.59594E+20,5.84993E+21,8.40071E+15,5.27976E+16
16525,3,2,57,28,2018,6,15,1,3,4,2,0,0,1,0,0,0,1,0,5.08342E+20,5.79233E+21,9.12228E+15,5.22812E+16
16526,3,3,52,59,2018,6,22,3,1,8,1,1,0,0,0,1,0,0,0,4.86673E+20,5.91984E+21,8.79944E+15,5.34274E+16
16527,3,2,41,1,2018,6,23,5,2,0,1,2,1,0,0,0,0,0,0,5.5062E+20,5.80224E+21,9.74348E+15,5.23681E+16
16528,3,2,56,22,2018,6,15,1,1,4,2,0,0,1,0,1,0,0,0,5.1988E+20,5.83539E+21,9.29398E+15,5.26681E+16
16529,3,4,59,20,2018,6,2,6,2,8,1,2,0,1,0,0,0,0,1,4.31761E+20,5.78418E+21,8.00143E+15,5.22039E+16
16530,3,1,3,0,2018,6,18,3,3,2,1,0,0,1,0,0,0,0,0,6.17362E+20,5.80279E+21,1.07236E+16,5.23628E+16
16531,3,4,54,45,2018,6,16,4,3,3,7,0,0,0,0,0,1,1,0,3.93052E+20,5.79845E+21,7.43066E+15,5.2326E+16
16532,3,2,54,28,2018,6,16,1,3,3,1,0,0,1,0,0,0,0,0,5.58484E+20,5.7885E+21,9.85658E+15,5.22438E+16
16533,3,2,41,21,2018,6,8,6,3,2,6,0,0,1,0,0,0,0,1,5.29238E+20,5.80852E+21,9.42999E+15,5.24261E+16
16534,3,2,41,1,2018,6,15,2,3,2,6,0,0,1,0,1,0,0,0,5.49045E+20,5.79961E+21,9.71996E+15,5.23446E+16
16535,3,2,41,2,2018,6,18,4,3,2,6,0,0,1,0,0,0,1,0,5.35184E+20,5.79211E+21,9.51571E+15,5.22782E+16
16536,3,3,60,25,2018,6,23,1,3,7,7,2,0,1,0,0,0,0,0,6.07379E+20,5.87568E+21,1.06008E+16,5.30199E+16
16537,3,2,52,3,2018,6,13,1,2,8,1,0,0,0,0,1,0,0,0,5.2133E+20,5.75612E+21,9.3104E+15,5.19553E+16
16538,3,4,52,22,2018,6,15,5,3,2,6,0,0,1,0,0,0,0,0,3.8891E+20,5.93329E+21,7.32373E+15,5.35368E+16
16539,3,4,51,7,2018,6,10,5,3,2,6,0,0,0,0,0,1,1,0,4.3248E+20,5.90069E+21,7.988E+15,5.32511E+16
16540,3,2,52,3,2018,6,3,1,3,6,6,2,0,1,1,0,0,0,1,5.21493E+20,5.75617E+21,9.31277E+15,5.19558E+16
16541,3,3,56,5,2018,6,9,3,3,5,3,0,1,1,0,0,0,0,0,4.93956E+20,5.88827E+21,8.90963E+15,5.31437E+16
16542,3,3,57,57,2018,6,17,2,3,2,6,0,0,1,0,0,0,1,0,5.18366E+20,5.90291E+21,9.27542E+15,5.32751E+16
16543,3,2,41,1,2018,6,16,4,3,0,7,0,1,0,0,0,0,0,0,5.55471E+20,5.79895E+21,9.81417E+15,5.2338E+16
16544,3,3,53,31,2018,6,18,1,3,2,6,0,0,1,0,0,0,0,0,5.66444E+20,5.91549E+21,9.99898E+15,5.33844E+16
16545,3,1,59,31,2018,6,12,1,3,8,1,0,0,0,0,1,0,0,0,5.50104E+20,5.70201E+21,9.72131E+15,5.1467E+16
16546,3,4,56,15,2018,6,20,5,3,0,7,0,1,0,0,0,0,0,0,3.69775E+20,5.81178E+21,7.08412E+15,5.24407E+16
16547,3,4,5,0,2018,6,10,5,3,2,6,0,0,1,0,0,0,0,1,4.37795E+20,5.93124E+21,8.06163E+15,5.35264E+16
16548,3,4,55,25,2018,6,10,1,3,6,6,0,0,1,1,0,0,0,0,4.33475E+20,5.91706E+21,7.99947E+15,5.33984E+16
16549,3,4,52,12,2018,6,14,3,2,9,1,0,0,1,0,0,0,0,0,4.00751E+20,5.91937E+21,7.50673E+15,5.34141E+16
16550,3,3,53,26,2018,6,16,7,3,2,6,0,0,1,0,0,0,0,1,5.52741E+20,5.92399E+21,9.79441E+15,5.34623E+16
16551,3,1,58,37,2018,6,17,1,3,1,5,0,0,1,0,0,0,0,0,6.06566E+20,5.77867E+21,1.05575E+16,5.21483E+16
16552,3,3,59,25,2018,6,17,3,2,5,2,0,1,1,0,0,0,0,0,5.19713E+20,5.94046E+21,9.29797E+15,5.36126E+16
16553,3,1,55,12,2018,6,11,5,3,8,1,0,0,0,0,1,0,0,1,5.42442E+20,5.72086E+21,9.61329E+15,5.16372E+16
16554,3,4,59,8,2018,6,13,2,2,9,7,0,0,1,0,0,0,0,0,4.41544E+20,5.80166E+21,8.14155E+15,5.23621E+16
16555,3,1,51,40,2018,6,23,1,3,8,1,2,0,1,0,0,0,0,0,6.2527E+20,5.83802E+21,1.08529E+16,5.26776E+16
16556,3,4,57,13,2018,6,7,6,3,9,1,0,0,1,0,0,0,0,1,3.99248E+20,5.89786E+21,7.49096E+15,5.32205E+16
16557,3,4,59,19,2018,6,16,2,3,2,6,0,0,1,0,0,0,0,0,4.36401E+20,5.78639E+21,8.06892E+15,5.22243E+16
16558,3,4,55,20,2018,6,9,4,3,5,2,0,0,1,0,1,0,0,0,4.23852E+20,5.94356E+21,7.84833E+15,5.36353E+16
16559,3,1,51,15,2018,6,17,1,3,0,1,0,1,0,0,0,0,0,0,5.94471E+20,5.8107E+21,1.03898E+16,5.24383E+16
16560,3,2,41,4,2018,6,13,6,3,5,3,0,0,1,0,0,0,0,1,5.58385E+20,5.81893E+21,9.86043E+15,5.25174E+16