OBJECTID_1,ULAND,UREGBEZ,UKREIS,UGEMEINDE,UJAHR,UMONAT,USTUNDE,UWOCHENTAG,UKATEGORIE,UART,UTYP1,ULICHTVERH,IstRad,IstPKW,IstFuss,IstKrad,IstGkfz,IstSonstig,STRZUSTAND,LINREFX,LINREFY,XGCSWGS84,YGCSWGS84
16750,3,2,51,7,2018,6,15,1,3,5,2,0,0,1,0,0,0,0,1,4.78784E+20,5.85277E+21,8.68514E+15,5.28243E+16
16751,3,1,54,13,2018,6,10,7,3,9,1,0,0,1,0,0,0,0,0,6.25746E+20,5.79666E+21,1.08444E+16,5.23058E+16
16752,3,4,59,13,2018,6,12,5,3,2,6,0,1,1,0,0,0,0,1,4.53226E+20,5.80204E+21,8.31303E+15,5.23667E+16
16753,3,2,51,37,2018,6,8,2,3,2,6,0,0,1,0,0,0,1,0,4.84213E+20,5.87166E+21,8.7648E+15,5.29943E+16
16754,3,1,2,0,2018,6,8,2,3,5,3,0,1,1,0,0,0,0,0,5.90356E+20,5.77873E+21,1.03207E+16,5.21517E+16
16755,3,4,57,17,2018,6,17,3,3,3,2,0,0,0,0,1,0,1,0,4.08705E+20,5.88779E+21,7.63544E+15,5.31317E+16
16756,3,4,52,6,2018,6,18,7,3,3,6,0,1,1,0,0,0,0,0,4.01634E+20,5.91608E+21,7.52105E+15,5.33846E+16
16757,3,4,59,8,2018,6,7,6,3,0,1,0,1,0,0,0,0,0,1,4.41184E+20,5.79638E+21,8.13718E+15,5.23146E+16
16758,3,4,61,7,2018,6,18,3,2,5,3,0,0,1,0,0,0,0,0,4.61432E+20,5.92118E+21,8.4194E+15,5.34382E+16
16759,3,2,41,2,2018,6,13,5,3,2,6,0,0,1,0,1,0,1,1,5.32554E+20,5.80411E+21,9.47833E+15,5.23863E+16
16760,3,4,59,8,2018,6,14,6,3,2,6,0,0,1,0,0,0,0,0,4.41146E+20,5.79631E+21,8.13663E+15,5.2314E+16
16761,3,1,1,0,2018,6,0,7,3,8,1,2,0,1,0,0,0,0,0,5.99663E+20,5.78658E+21,1.0459E+16,5.22206E+16
16762,3,1,53,12,2018,6,18,3,3,4,2,0,0,1,0,0,0,0,0,5.79798E+20,5.74962E+21,1.01596E+16,5.18916E+16
16763,3,4,54,29,2018,6,19,4,2,0,2,0,0,1,0,1,0,0,0,3.88229E+20,5.86158E+21,7.33859E+15,5.28922E+16
16764,3,4,59,7,2018,6,22,6,3,5,2,2,0,1,0,0,0,0,0,4.30329E+20,5.83217E+21,7.97048E+15,5.2635E+16
16765,3,2,41,2,2018,6,14,6,2,9,1,0,0,1,0,0,0,0,0,5.33682E+20,5.79724E+21,9.49421E+15,5.23244E+16
16766,3,3,51,6,2018,6,18,2,3,4,6,0,0,1,0,0,0,0,0,5.75198E+20,5.82794E+21,1.01102E+16,5.25962E+16
16767,3,2,41,2,2018,6,21,4,3,0,1,0,0,0,0,1,0,0,0,5.34928E+20,5.79365E+21,9.51213E+15,5.22921E+16
16768,3,3,57,13,2018,6,14,1,3,0,5,0,0,1,0,0,0,0,0,5.28724E+20,5.90076E+21,9.43055E+15,5.32553E+16
16769,3,4,4,0,2018,6,21,6,3,5,3,1,1,1,0,0,0,0,0,4.32493E+20,5.7944E+21,8.0101E+15,5.22958E+16
16770,3,4,54,35,2018,6,17,5,3,9,1,0,0,1,0,0,0,0,0,3.84579E+20,5.84423E+21,7.29049E+15,5.27356E+16
16771,3,4,3,0,2018,6,16,5,3,2,6,0,0,1,0,0,0,0,0,4.50448E+20,5.89046E+21,8.25886E+15,5.31612E+16
16772,3,2,51,42,2018,6,15,2,3,0,6,0,0,1,0,0,0,0,0,4.75627E+20,5.85003E+21,8.63849E+15,5.27995E+16
16773,3,4,4,0,2018,6,16,6,3,5,3,0,1,1,0,0,0,0,0,4.37586E+20,5.79593E+21,8.08449E+15,5.23102E+16
16774,3,4,53,5,2018,6,21,3,3,2,2,1,0,1,0,0,0,0,0,4.4389E+20,5.86109E+21,8.1659E+15,5.28966E+16
16775,3,3,59,10,2018,6,9,7,2,4,7,0,0,1,0,0,0,0,1,5.44718E+20,5.92428E+21,9.67361E+15,5.34657E+16
16776,3,4,4,0,2018,6,16,6,3,2,6,0,0,1,0,0,0,0,0,4.34192E+20,5.79503E+21,8.03489E+15,5.23017E+16
16777,3,3,51,18,2018,6,17,3,3,2,6,0,0,1,0,0,0,0,0,5.7354E+20,5.82395E+21,1.00848E+16,5.25606E+16
16778,3,2,54,14,2018,6,14,5,3,4,1,0,0,1,0,0,0,0,0,5.50626E+20,5.77972E+21,9.74019E+15,5.21656E+16
16779,3,4,4,0,2018,6,14,6,3,5,3,0,0,1,0,0,0,0,0,4.3721E+20,5.79032E+21,8.08003E+15,5.22597E+16
16780,3,4,58,13,2018,6,8,2,3,2,6,0,0,1,0,0,0,0,0,4.48057E+20,5.87823E+21,8.22509E+15,5.30511E+16
16781,3,4,60,1,2018,6,13,1,3,5,3,0,1,1,0,0,0,0,0,4.47342E+20,5.84171E+21,8.22033E+15,5.27227E+16
16782,3,4,52,27,2018,6,17,3,3,2,6,0,0,1,0,0,1,0,0,3.89081E+20,5.94537E+21,7.32201E+15,5.36454E+16
16783,3,2,51,37,2018,6,11,7,2,2,6,0,0,1,0,1,0,0,0,4.79592E+20,5.87282E+21,8.69587E+15,5.30045E+16
16784,3,4,57,24,2018,6,17,6,3,5,3,0,0,1,0,0,0,0,0,3.82564E+20,5.89402E+21,7.24261E+15,5.31826E+16
16785,3,3,52,61,2018,6,0,3,3,8,1,2,0,1,0,0,0,0,0,4.73072E+20,5.95879E+21,8.59137E+15,5.3777E+16
16786,3,2,41,10,2018,6,8,5,2,6,4,0,0,0,1,0,0,1,1,5.50571E+20,5.81198E+21,9.74423E+15,5.24557E+16
16787,3,4,57,12,2018,6,18,6,3,0,7,0,0,0,0,1,0,1,1,3.90569E+20,5.90575E+21,7.35831E+15,5.32896E+16
16788,3,4,57,13,2018,6,7,6,2,9,1,0,0,1,0,0,0,0,1,3.99031E+20,5.89784E+21,7.48773E+15,5.32203E+16
16789,3,4,59,24,2018,6,8,2,3,0,1,0,0,0,0,1,0,0,1,4.55707E+20,5.78434E+21,8.3518E+15,5.22077E+16
16790,3,4,60,6,2018,6,16,4,3,2,6,0,0,1,0,0,0,1,0,4.46452E+20,5.83495E+21,8.20826E+15,5.26618E+16
16791,3,4,57,24,2018,6,5,6,3,0,1,0,0,1,0,0,0,0,1,3.83958E+20,5.89401E+21,7.26347E+15,5.31827E+16
16792,3,2,41,10,2018,6,20,6,3,5,2,0,0,1,0,0,0,0,0,5.51225E+20,5.81166E+21,9.75381E+15,5.24527E+16
16793,3,4,58,5,2018,6,12,2,3,3,6,0,0,1,0,0,0,1,0,4.70673E+20,5.87375E+21,8.56287E+15,5.30125E+16
16794,3,2,41,21,2018,6,15,2,2,4,7,0,0,1,0,0,0,0,0,5.31526E+20,5.80824E+21,9.46361E+15,5.24234E+16
16795,3,2,41,16,2018,6,15,4,3,2,6,0,0,0,0,0,1,1,0,5.59842E+20,5.80071E+21,9.87864E+15,5.23534E+16
16796,3,3,51,6,2018,6,7,1,3,1,1,0,0,1,0,0,0,0,0,5.72136E+20,5.82831E+21,1.00651E+16,5.26E+16
16797,3,4,54,41,2018,6,14,6,3,1,5,0,1,1,0,0,0,0,0,3.87658E+20,5.87658E+21,7.3249E+15,5.3027E+16
16798,3,4,58,9,2018,6,20,5,3,9,1,0,0,1,0,0,0,0,1,4.5655E+20,5.87949E+21,8.35161E+15,5.30631E+16
16799,3,3,52,32,2018,6,17,2,3,8,7,0,0,0,0,0,0,1,1,4.79794E+20,5.92572E+21,8.69553E+15,5.34801E+16
16800,3,4,54,35,2018,6,18,6,3,4,6,0,1,0,0,0,0,0,0,3.85275E+20,5.83873E+21,7.3027E+15,5.26863E+16
16801,3,2,51,37,2018,6,12,3,3,5,3,0,0,1,0,0,1,0,0,4.80733E+20,5.86843E+21,8.71314E+15,5.29651E+16
16802,3,1,57,6,2018,6,12,3,2,4,7,0,0,1,0,0,0,0,0,5.86672E+20,5.7992E+21,1.02721E+16,5.23363E+16
16803,3,2,41,1,2018,6,10,7,3,0,7,0,0,0,0,1,0,0,1,5.49843E+20,5.80812E+21,9.73295E+15,5.24211E+16
16804,3,4,62,11,2018,6,20,6,3,5,3,0,0,1,0,0,0,0,0,4.0056E+20,5.93863E+21,7.49776E+15,5.35871E+16
16805,3,2,41,1,2018,6,17,3,3,5,3,0,1,1,0,0,0,0,0,5.53395E+20,5.79728E+21,9.78344E+15,5.23232E+16
16806,3,1,3,0,2018,6,19,5,2,8,1,0,0,1,0,0,0,0,0,6.14785E+20,5.80566E+21,1.06867E+16,5.23892E+16
16807,3,4,60,6,2018,6,19,6,2,0,3,0,0,1,0,1,0,0,0,4.43873E+20,5.83449E+21,8.17021E+15,5.26575E+16
16808,3,4,61,5,2018,6,9,6,3,6,6,0,0,1,1,0,0,0,0,4.53456E+20,5.9199E+21,8.29954E+15,5.34261E+16
16809,3,4,53,5,2018,6,12,2,3,2,2,0,0,1,0,0,0,0,0,4.43759E+20,5.85394E+21,8.16519E+15,5.28323E+16
16810,3,3,53,4,2018,6,13,4,3,1,5,0,0,0,0,0,1,0,0,5.71158E+20,5.90765E+21,1.00681E+16,5.33133E+16
16811,3,1,2,0,2018,6,21,2,3,5,3,0,1,1,0,0,0,0,0,5.92525E+20,5.77909E+21,1.03525E+16,5.21546E+16
16812,3,4,60,2,2018,6,7,6,3,5,3,0,0,1,0,0,0,1,1,4.44975E+20,5.8182E+21,8.1892E+15,5.25111E+16
16813,3,2,52,6,2018,6,13,6,3,8,1,0,0,1,0,0,0,0,1,5.26778E+20,5.76866E+21,9.39065E+15,5.20679E+16
16814,3,3,52,62,2018,6,17,2,3,9,1,0,0,1,0,0,0,0,0,4.80213E+20,5.95079E+21,8.70025E+15,5.37054E+16
16815,3,3,61,9,2018,6,13,6,3,2,6,0,0,1,0,0,0,0,0,4.9781E+20,5.87871E+21,8.96733E+15,5.30579E+16
16816,3,4,54,10,2018,6,17,2,3,2,6,0,0,1,0,0,1,0,0,3.84706E+20,5.79982E+21,7.30778E+15,5.23366E+16
16817,3,2,51,12,2018,6,13,4,3,5,3,0,0,1,0,0,0,1,0,4.55592E+20,5.82877E+21,8.34422E+15,5.26072E+16
16818,3,2,55,13,2018,6,15,2,3,8,1,0,0,0,0,0,0,1,0,5.45817E+20,5.75186E+21,9.66614E+15,5.19156E+16
16819,3,4,53,9,2018,6,9,6,3,4,2,0,1,0,0,0,0,1,0,4.32432E+20,5.84852E+21,7.9982E+15,5.27823E+16
16820,3,2,41,1,2018,6,15,6,3,5,3,0,1,1,0,0,0,0,0,5.46316E+20,5.80363E+21,9.68046E+15,5.23809E+16
16821,3,3,58,12,2018,6,12,2,3,9,1,0,0,1,0,0,0,0,0,5.44503E+20,5.83981E+21,9.65867E+15,5.27063E+16
16822,3,2,57,6,2018,6,17,4,3,2,6,0,0,1,0,0,0,0,0,5.26673E+20,5.79781E+21,9.39142E+15,5.23299E+16
16823,3,2,41,1,2018,6,13,1,3,5,3,0,1,1,0,0,0,0,0,5.49845E+20,5.80394E+21,9.73235E+15,5.23834E+16
16824,3,4,53,5,2018,6,20,6,3,6,4,0,0,1,1,0,0,0,0,4.44269E+20,5.85469E+21,8.17263E+15,5.2839E+16
16825,3,3,59,10,2018,6,10,5,3,6,4,0,0,1,1,0,0,0,0,5.45109E+20,5.92426E+21,9.6795E+15,5.34654E+16
16826,3,3,57,43,2018,6,6,2,3,0,3,0,1,1,0,0,0,0,0,5.14448E+20,5.91417E+21,9.21718E+15,5.33765E+16
16827,3,3,61,1,2018,6,11,6,3,5,3,0,0,1,0,1,0,0,0,5.02809E+20,5.87321E+21,9.04187E+15,5.30085E+16
16828,3,3,57,42,2018,6,7,3,3,2,6,0,0,1,0,0,0,1,0,5.14695E+20,5.91246E+21,9.22082E+15,5.33611E+16
16829,3,2,41,1,2018,6,23,7,3,3,7,2,1,1,0,0,0,0,0,5.51238E+20,5.80109E+21,9.75238E+15,5.23577E+16
16830,3,4,51,7,2018,6,21,6,2,9,1,0,0,1,0,0,0,0,0,4.28955E+20,5.89943E+21,7.93546E+15,5.32394E+16
16831,3,1,55,12,2018,6,14,3,3,0,1,0,1,0,0,0,0,0,0,5.45638E+20,5.72008E+21,9.65936E+15,5.16299E+16
16832,3,1,53,504,2018,6,19,5,3,8,1,1,0,0,0,1,0,0,1,5.95187E+20,5.74723E+21,1.03825E+16,5.18678E+16
16833,3,4,51,7,2018,6,17,6,3,4,6,0,1,0,0,0,0,0,0,4.28737E+20,5.9008E+21,7.93188E+15,5.32517E+16
16834,3,2,52,7,2018,6,17,3,3,4,6,0,0,1,0,0,0,0,0,5.24201E+20,5.77884E+21,9.35379E+15,5.21596E+16
16835,3,3,53,25,2018,6,13,6,2,9,1,0,0,1,0,0,0,0,0,5.46499E+20,5.91686E+21,9.69934E+15,5.33988E+16
16836,3,2,51,44,2018,6,16,2,3,5,3,0,1,1,0,0,0,0,0,4.71783E+20,5.82241E+21,8.58384E+15,5.2551E+16
16837,3,3,59,31,2018,6,16,4,2,5,3,0,1,1,0,0,0,0,0,5.22706E+20,5.93157E+21,9.34258E+15,5.35325E+16
16838,3,4,53,7,2018,6,15,1,3,2,6,0,0,1,0,0,0,0,1,4.27769E+20,5.8685E+21,7.92464E+15,5.29612E+16
16839,3,2,51,41,2018,6,13,6,3,5,2,0,1,1,0,0,0,0,0,4.88324E+20,5.86553E+21,8.82626E+15,5.29393E+16
16840,3,1,57,6,2018,6,9,6,3,2,6,0,0,1,0,0,0,0,1,5.82364E+20,5.80023E+21,1.02091E+16,5.23462E+16
16841,3,3,55,40,2018,6,17,2,3,5,3,0,1,1,0,0,0,0,0,5.97249E+20,5.8983E+21,1.04567E+16,5.32251E+16
16842,3,1,59,29,2018,6,15,2,2,2,6,0,0,1,0,0,1,0,0,5.60236E+20,5.70088E+21,9.86697E+15,5.14559E+16
16843,3,4,4,0,2018,6,13,3,3,5,2,0,1,1,0,0,0,0,0,4.34247E+20,5.79409E+21,8.03589E+15,5.22932E+16
16844,3,4,54,29,2018,6,11,7,2,5,3,0,0,1,0,1,0,0,0,3.90776E+20,5.85757E+21,7.37778E+15,5.28568E+16
16845,3,4,58,5,2018,6,17,6,3,5,3,0,0,1,0,0,0,1,0,4.68132E+20,5.86974E+21,8.5254E+15,5.29763E+16
16846,3,3,61,8,2018,6,10,3,2,2,6,0,0,0,0,0,1,0,0,5.08602E+20,5.88015E+21,9.12839E+15,5.30708E+16
16847,3,2,41,1,2018,6,11,5,3,0,3,0,0,0,0,1,1,0,1,5.46851E+20,5.80335E+21,9.68828E+15,5.23784E+16
16848,3,2,41,1,2018,6,14,2,3,0,1,0,1,0,0,0,0,0,0,5.46165E+20,5.8021E+21,9.67803E+15,5.23672E+16
16849,3,4,1,0,2018,6,13,6,3,5,2,0,1,1,0,0,0,0,0,4.74499E+20,5.87782E+21,8.61958E+15,5.30493E+16
16850,3,1,57,6,2018,6,9,7,3,2,6,0,0,1,0,0,0,0,1,5.82003E+20,5.79849E+21,1.02034E+16,5.23306E+16
16851,3,2,57,35,2018,6,13,2,3,1,5,0,0,1,0,1,0,0,0,5.14722E+20,5.79654E+21,9.21599E+15,5.2319E+16
16852,3,1,2,0,2018,6,9,4,3,1,7,0,0,1,0,0,0,1,0,5.9365E+20,5.76743E+21,1.03657E+16,5.20496E+16
16853,3,2,55,35,2018,6,12,1,3,0,1,0,0,0,0,1,0,0,1,5.25699E+20,5.75276E+21,9.37372E+15,5.19249E+16
16854,3,3,53,20,2018,6,23,6,2,4,6,2,1,0,0,0,0,0,0,5.62467E+20,5.90634E+21,9.93738E+15,5.33026E+16
16855,3,4,52,1,2018,6,18,3,3,5,3,0,1,1,0,0,0,0,0,3.9992E+20,5.92534E+21,7.49234E+15,5.34675E+16
16856,3,3,60,24,2018,6,18,5,2,8,7,0,0,1,0,0,0,0,0,6.14226E+20,5.86829E+21,1.07002E+16,5.2952E+16
16857,3,2,41,17,2018,6,16,2,3,0,7,0,0,1,0,0,0,0,0,5.42949E+20,5.78675E+21,9.62884E+15,5.22295E+16
16858,3,3,53,17,2018,6,13,6,3,5,3,0,0,1,0,0,0,0,0,5.65676E+20,5.91129E+21,9.98657E+15,5.33467E+16
16859,3,2,41,17,2018,6,17,3,2,4,2,0,0,1,0,0,0,0,0,5.42339E+20,5.78469E+21,9.61966E+15,5.2211E+16
16860,3,2,54,21,2018,6,23,7,3,2,6,2,0,1,0,0,0,0,0,5.62664E+20,5.77888E+21,9.91601E+15,5.21569E+16
16861,3,2,54,21,2018,6,18,3,3,2,6,0,0,1,0,0,0,0,0,5.66395E+20,5.77666E+21,9.9701E+15,5.21364E+16
16862,3,4,59,31,2018,6,16,4,3,5,3,0,0,1,0,0,0,0,0,4.35941E+20,5.81765E+21,8.05621E+15,5.25052E+16
16863,3,3,58,8,2018,6,14,6,2,9,7,0,0,0,0,1,0,0,0,5.58356E+20,5.8663E+21,9.86842E+15,5.29431E+16
16864,3,3,57,39,2018,6,9,6,3,8,1,0,0,1,0,0,0,0,1,5.26507E+20,5.8845E+21,9.39597E+15,5.31093E+16
16865,3,3,59,10,2018,6,14,2,2,8,1,0,0,1,0,0,0,0,0,5.44195E+20,5.92404E+21,9.6657E+15,5.34635E+16
16866,3,3,57,22,2018,6,19,4,3,8,1,0,0,0,0,0,0,1,0,5.15453E+20,5.88053E+21,9.23066E+15,5.3074E+16
16867,3,2,51,13,2018,6,4,1,2,4,6,1,0,1,0,0,0,0,0,4.63303E+20,5.83527E+21,8.45736E+15,5.26661E+16
16868,3,3,58,19,2018,6,17,6,3,3,6,0,1,1,0,0,0,0,0,5.45726E+20,5.88907E+21,9.68371E+15,5.3149E+16
16869,3,4,59,17,2018,6,10,5,3,5,3,0,1,1,0,0,0,0,0,4.10773E+20,5.81915E+21,7.6851E+15,5.25151E+16
16870,3,4,53,7,2018,6,15,5,3,2,2,0,0,1,0,0,0,1,0,4.2468E+20,5.8754E+21,7.87706E+15,5.30229E+16
16871,3,2,41,4,2018,6,11,2,3,5,3,0,1,1,0,0,0,0,0,5.58343E+20,5.81558E+21,9.85922E+15,5.24872E+16
16872,3,1,51,39,2018,6,16,2,3,2,6,0,0,1,0,0,0,0,0,6.17636E+20,5.81384E+21,1.07315E+16,5.2462E+16
16873,3,4,56,14,2018,6,8,3,3,5,3,0,1,1,0,0,0,0,0,3.63936E+20,5.82015E+21,6.99484E+15,5.25145E+16
16874,3,3,61,12,2018,6,16,7,2,8,7,0,0,1,0,0,0,1,0,5.17272E+20,5.86649E+21,9.25706E+15,5.29477E+16
16875,3,3,57,57,2018,6,13,6,3,5,3,0,1,1,0,0,0,0,0,5.18214E+20,5.90672E+21,9.27336E+15,5.33094E+16
16876,3,3,52,32,2018,6,15,3,3,5,3,0,1,1,0,0,0,0,0,4.77721E+20,5.92341E+21,8.66445E+15,5.34592E+16
16877,3,2,41,1,2018,6,20,5,3,5,3,0,1,1,0,0,0,0,0,5.55506E+20,5.80181E+21,9.81517E+15,5.23637E+16
16878,3,3,51,12,2018,6,17,6,3,5,2,0,0,1,0,0,0,0,0,5.64962E+20,5.83199E+21,9.9599E+15,5.2634E+16
16879,3,4,4,0,2018,6,13,6,3,5,2,0,1,1,0,0,0,0,1,4.33474E+20,5.79382E+21,8.0246E+15,5.22907E+16
16880,3,1,54,13,2018,6,18,3,2,2,6,0,0,0,0,0,1,0,0,6.21658E+20,5.79741E+21,1.07847E+16,5.23136E+16
16881,3,4,54,2,2018,6,9,4,3,5,3,0,0,1,0,0,0,0,0,3.93229E+20,5.82933E+21,7.42338E+15,5.26035E+16
16882,3,3,51,6,2018,6,23,6,3,5,3,2,1,1,0,0,0,0,0,5.69274E+20,5.82892E+21,1.0023E+16,5.26058E+16
16883,3,2,41,19,2018,6,12,6,3,8,6,0,0,1,0,0,0,1,1,5.49064E+20,5.8229E+21,9.72367E+15,5.25539E+16
16884,3,2,41,1,2018,6,17,2,3,5,3,0,1,1,0,0,0,0,0,5.49119E+20,5.80485E+21,9.72181E+15,5.23917E+16
16885,3,2,41,5,2018,6,7,4,3,2,6,0,0,1,0,0,0,0,0,5.40073E+20,5.81004E+21,9.58952E+15,5.24391E+16
16886,3,1,59,16,2018,6,9,3,3,2,6,0,0,1,0,0,1,0,0,5.63476E+20,5.70975E+21,9.91519E+15,5.15353E+16
16887,3,4,56,14,2018,6,15,4,3,0,3,0,1,1,0,0,0,0,0,3.6399E+20,5.82019E+21,6.99563E+15,5.25149E+16
16888,3,3,51,6,2018,6,17,6,2,5,3,0,0,1,0,1,0,0,0,5.7119E+20,5.83029E+21,1.00516E+16,5.26179E+16
16889,3,3,51,6,2018,6,15,6,3,5,2,0,1,1,0,0,0,0,0,5.72024E+20,5.83416E+21,1.00647E+16,5.26526E+16
16890,3,3,57,1,2018,6,6,2,2,5,3,0,0,1,0,1,0,0,0,5.21748E+20,5.87745E+21,9.32441E+15,5.30461E+16
16891,3,2,41,1,2018,6,8,4,3,2,6,0,0,1,0,0,0,0,0,5.54157E+20,5.8004E+21,9.79512E+15,5.23512E+16
16892,3,3,53,40,2018,6,12,1,3,5,3,0,0,1,0,0,0,0,0,5.77731E+20,5.90755E+21,1.01667E+16,5.33114E+16
16893,3,2,41,9,2018,6,11,6,3,2,6,0,0,1,0,0,0,1,0,5.58957E+20,5.79566E+21,9.86476E+15,5.23081E+16
16894,3,4,56,15,2018,6,19,5,2,8,1,0,0,1,0,0,0,0,1,3.70237E+20,5.81383E+21,7.0901E+15,5.24592E+16
16895,3,3,56,9,2018,6,12,5,3,2,2,0,0,1,0,0,0,0,1,4.72873E+20,5.89726E+21,8.59368E+15,5.32239E+16
16896,3,2,41,20,2018,6,18,2,2,0,3,0,1,0,0,1,0,0,0,5.39923E+20,5.79215E+21,9.58517E+15,5.22782E+16
16897,3,4,55,7,2018,6,15,1,2,6,4,0,0,1,1,0,0,0,0,4.26203E+20,5.93544E+21,7.8858E+15,5.35626E+16
16898,3,4,52,1,2018,6,9,3,3,4,7,0,1,1,0,0,0,0,1,3.99094E+20,5.92531E+21,7.4799E+15,5.34671E+16
16899,3,3,53,26,2018,6,13,7,3,2,6,0,0,1,0,0,0,0,0,5.52384E+20,5.91984E+21,9.78834E+15,5.3425E+16
16900,3,2,41,1,2018,6,14,6,3,0,3,0,1,0,0,0,0,0,0,5.56345E+20,5.79942E+21,9.82708E+15,5.23421E+16
16901,3,3,57,39,2018,6,16,3,3,5,3,0,0,1,0,0,0,1,0,5.21444E+20,5.88578E+21,9.32042E+15,5.3121E+16
16902,3,1,59,19,2018,6,19,5,2,8,1,0,0,1,0,0,0,0,0,5.90873E+20,5.71654E+21,1.03119E+16,5.15926E+16
16903,3,4,4,0,2018,6,17,2,3,5,3,0,1,1,0,0,0,0,0,4.3434E+20,5.79362E+21,8.03734E+15,5.22891E+16
16904,3,2,41,1,2018,6,15,6,3,2,6,0,0,1,0,0,0,0,0,5.49827E+20,5.80393E+21,9.73208E+15,5.23834E+16
16905,3,4,56,5,2018,6,14,6,2,5,2,0,0,1,0,0,1,0,0,3.69256E+20,5.82892E+21,7.06975E+15,5.25946E+16
16906,3,4,59,2,2018,6,14,2,3,5,3,0,1,1,0,0,0,0,0,4.23446E+20,5.82183E+21,7.87119E+15,5.25411E+16
16907,3,4,3,0,2018,6,8,4,3,5,2,0,1,1,0,0,0,0,0,4.4649E+20,5.89115E+21,8.19956E+15,5.3167E+16
16908,3,2,57,22,2018,6,14,2,3,2,6,0,0,1,0,0,0,1,0,5.06521E+20,5.78664E+21,9.09548E+15,5.22302E+16
16909,3,2,41,16,2018,6,14,6,3,5,3,0,1,1,0,0,0,0,0,5.6443E+20,5.79853E+21,9.94558E+15,5.23333E+16
16910,3,2,41,1,2018,6,18,6,3,2,6,0,0,1,0,0,0,0,0,5.55093E+20,5.79876E+21,9.8086E+15,5.23364E+16
16911,3,1,55,3,2018,6,16,2,3,8,6,0,0,1,0,0,0,0,0,5.50766E+20,5.74337E+21,9.73685E+15,5.18389E+16
16912,3,2,41,15,2018,6,7,2,3,2,6,0,0,1,0,0,1,0,0,5.34963E+20,5.80694E+21,9.51401E+15,5.24116E+16
16913,3,2,41,1,2018,6,13,4,3,2,6,0,0,1,0,0,1,0,0,5.53945E+20,5.80512E+21,9.79276E+15,5.23936E+16
16914,3,2,41,1,2018,6,20,1,3,2,6,1,0,1,0,0,0,0,1,5.44556E+20,5.80655E+21,9.65499E+15,5.24073E+16
16915,3,2,41,10,2018,6,12,6,3,1,5,0,0,1,0,0,0,0,0,5.5052E+20,5.81218E+21,9.74351E+15,5.24575E+16
16916,3,4,1,0,2018,6,17,5,3,5,2,0,1,0,0,0,0,1,1,4.76466E+20,5.87811E+21,8.6489E+15,5.3052E+16
16917,3,1,55,3,2018,6,6,2,2,4,1,0,0,1,0,0,0,0,0,5.4694E+20,5.74021E+21,9.68089E+15,5.18108E+16
16918,3,2,41,10,2018,6,11,6,3,3,2,0,0,1,0,1,0,0,0,5.49506E+20,5.8118E+21,9.72853E+15,5.24541E+16
16919,3,4,53,5,2018,6,15,3,3,9,6,0,0,1,0,0,1,0,0,4.4718E+20,5.85379E+21,8.21599E+15,5.28313E+16
16920,3,2,41,15,2018,6,11,7,3,2,6,0,0,1,0,0,0,0,0,5.40752E+20,5.80509E+21,9.5989E+15,5.23946E+16
16921,3,2,41,4,2018,6,17,6,2,5,3,0,0,1,0,1,0,0,0,5.56774E+20,5.81586E+21,9.83616E+15,5.24899E+16
16922,3,3,54,18,2018,6,14,1,2,8,1,0,0,0,0,1,0,0,1,6.48755E+20,5.87421E+21,1.12166E+16,5.29968E+16
16923,3,2,41,1,2018,6,14,6,3,5,3,0,1,1,0,0,0,0,0,5.50708E+20,5.80217E+21,9.74476E+15,5.23675E+16
16924,3,4,52,10,2018,6,20,5,3,5,2,0,0,1,0,0,0,0,0,3.84844E+20,5.9366E+21,7.2612E+15,5.35656E+16
16925,3,4,3,0,2018,6,16,5,3,2,6,0,1,0,0,0,0,0,0,4.45439E+20,5.88732E+21,8.18449E+15,5.31325E+16
16926,3,2,41,1,2018,6,7,6,3,5,3,0,1,1,0,0,0,0,0,5.53251E+20,5.8027E+21,9.78219E+15,5.2372E+16
16927,3,3,61,1,2018,6,8,3,3,2,6,0,0,1,0,0,0,0,0,5.05619E+20,5.87425E+21,9.08375E+15,5.30178E+16
16928,3,3,55,18,2018,6,22,7,3,7,7,2,0,1,0,0,0,0,1,6.06739E+20,5.91089E+21,1.0603E+16,5.33364E+16
16929,3,1,55,11,2018,6,7,6,3,9,7,1,0,1,0,0,0,0,1,5.6642E+20,5.72559E+21,9.96063E+15,5.16774E+16
16930,3,3,51,6,2018,6,15,3,3,5,3,0,1,1,0,0,0,0,0,5.74961E+20,5.82842E+21,1.01068E+16,5.26006E+16
16931,3,2,54,2,2018,6,12,5,3,4,2,0,0,1,0,1,0,0,1,5.56394E+20,5.76035E+21,9.82131E+15,5.1991E+16
16932,3,2,57,35,2018,6,13,6,3,6,4,0,0,1,1,0,0,0,0,5.13124E+20,5.79674E+21,9.19255E+15,5.23208E+16
16933,3,4,3,0,2018,6,11,6,3,1,5,0,1,1,0,0,0,0,0,4.48718E+20,5.88778E+21,8.23343E+15,5.31369E+16
16934,3,4,54,12,2018,6,17,2,2,4,6,0,0,1,0,1,0,0,0,4.01963E+20,5.81787E+21,7.55569E+15,5.25021E+16
16935,3,4,58,5,2018,6,18,4,3,9,1,0,0,1,0,1,0,0,0,4.6434E+20,5.87619E+21,8.46821E+15,5.3034E+16
16936,3,1,58,6,2018,6,19,2,3,2,6,0,0,1,0,0,0,0,0,6.10637E+20,5.79231E+21,1.06214E+16,5.227E+16
16937,3,2,57,4,2018,6,15,6,3,0,7,0,0,0,0,0,0,1,0,5.21284E+20,5.8059E+21,9.31286E+15,5.2403E+16
16938,3,2,57,2,2018,6,7,6,2,9,1,0,0,1,0,0,0,0,1,5.20047E+20,5.7961E+21,9.29408E+15,5.23149E+16
16939,3,1,59,10,2018,6,20,4,3,8,1,1,0,1,0,0,0,0,0,5.91048E+20,5.70827E+21,1.03122E+16,5.15182E+16