OBJECTID_1,ULAND,UREGBEZ,UKREIS,UGEMEINDE,UJAHR,UMONAT,USTUNDE,UWOCHENTAG,UKATEGORIE,UART,UTYP1,ULICHTVERH,IstRad,IstPKW,IstFuss,IstKrad,IstGkfz,IstSonstig,STRZUSTAND,LINREFX,LINREFY,XGCSWGS84,YGCSWGS84
16940,3,2,41,19,2018,6,21,1,3,2,7,0,0,1,0,0,0,0,0,5.5395E+20,5.82248E+21,9.79565E+15,5.25497E+16
16941,3,2,57,28,2018,6,18,6,3,0,1,0,0,0,0,1,0,0,0,5.07356E+20,5.78948E+21,9.10777E+15,5.22557E+16
16942,3,4,56,15,2018,6,18,3,3,5,3,0,1,1,0,0,0,0,0,3.69367E+20,5.80318E+21,7.08147E+15,5.23633E+16
16943,3,3,59,22,2018,6,13,5,2,9,1,0,0,1,0,0,0,0,0,5.2419E+20,5.94179E+21,9.36574E+15,5.36244E+16
16944,3,2,56,22,2018,6,12,6,3,6,4,0,0,1,1,0,0,0,0,5.14905E+20,5.83438E+21,9.22036E+15,5.26592E+16
16945,3,2,41,1,2018,6,15,3,3,5,3,0,1,1,0,0,0,0,0,5.50615E+20,5.80227E+21,9.7434E+15,5.23684E+16
16946,3,2,41,6,2018,6,13,7,2,5,3,0,1,1,0,0,0,0,1,5.40907E+20,5.79677E+21,9.60016E+15,5.23197E+16
16947,3,1,59,3,2018,6,16,3,3,8,1,0,0,0,0,1,0,0,0,6.02605E+20,5.72212E+21,1.04828E+16,5.16407E+16
16948,3,1,57,6,2018,6,2,5,3,1,5,2,0,0,0,0,1,0,0,5.78503E+20,5.80179E+21,1.01528E+16,5.23608E+16
16949,3,2,54,20,2018,6,13,6,3,2,6,0,0,1,0,0,0,0,0,5.66296E+20,5.78258E+21,9.96982E+15,5.21897E+16
16950,3,3,58,21,2018,6,11,6,3,2,6,0,0,1,0,1,0,0,0,5.61031E+20,5.86918E+21,9.90877E+15,5.29687E+16
16951,3,4,58,12,2018,6,4,2,3,7,7,2,0,1,0,0,0,0,0,4.70979E+20,5.86596E+21,8.56814E+15,5.29425E+16
16952,3,3,58,22,2018,6,17,4,3,2,6,0,0,1,0,1,0,0,0,5.41323E+20,5.8576E+21,9.61386E+15,5.28665E+16
16953,3,4,51,8,2018,6,14,1,3,0,7,0,0,1,0,0,0,0,1,4.45807E+20,5.89445E+21,8.18877E+15,5.31966E+16
16954,3,2,41,11,2018,6,19,3,2,2,6,0,0,0,0,0,1,1,0,5.65759E+20,5.80484E+21,9.96631E+15,5.23899E+16
16955,3,1,58,37,2018,6,22,5,3,5,3,2,0,1,0,0,0,0,0,6.05261E+20,5.78161E+21,1.05393E+16,5.21749E+16
16956,3,2,52,2,2018,6,16,6,3,5,3,0,0,1,0,0,0,0,0,5.30747E+20,5.77746E+21,9.44935E+15,5.21468E+16
16957,3,3,52,62,2018,6,16,6,3,4,2,0,0,1,0,0,0,0,0,4.76288E+20,5.94158E+21,8.64149E+15,5.36225E+16
16958,3,4,55,25,2018,6,16,2,3,4,2,0,0,1,0,0,0,0,0,4.34113E+20,5.91579E+21,8.00934E+15,5.33871E+16
16959,3,3,53,20,2018,6,16,4,3,5,3,0,1,1,0,0,0,0,0,5.63866E+20,5.90714E+21,9.95853E+15,5.33096E+16
16960,3,4,54,4,2018,6,0,1,2,8,1,2,0,1,0,0,0,0,0,4.04218E+20,5.87781E+21,7.57137E+15,5.30412E+16
16961,3,1,54,14,2018,6,22,6,3,5,3,2,0,1,0,0,0,0,0,6.16959E+20,5.80319E+21,1.07178E+16,5.23665E+16
16962,3,1,3,0,2018,6,15,6,2,2,7,0,0,1,0,1,0,0,0,6.21182E+20,5.81248E+21,1.07832E+16,5.24491E+16
16963,3,2,54,26,2018,6,15,2,3,5,3,0,0,0,0,1,1,0,0,5.55615E+20,5.78259E+21,9.8136E+15,5.21909E+16
16964,3,4,59,8,2018,6,19,3,2,2,2,0,0,1,0,0,0,0,1,4.40376E+20,5.79697E+21,8.12522E+15,5.23198E+16
16965,3,1,59,16,2018,6,16,1,3,5,3,0,1,1,0,0,0,0,1,5.65099E+20,5.71212E+21,9.93903E+15,5.15564E+16
16966,3,1,58,37,2018,6,12,6,3,5,3,0,0,1,0,0,0,0,0,6.02967E+20,5.78066E+21,1.05055E+16,5.21668E+16
16967,3,3,56,9,2018,6,9,3,3,4,2,0,1,1,0,0,0,0,0,4.68816E+20,5.90426E+21,8.53222E+15,5.32866E+16
16968,3,3,51,21,2018,6,14,5,3,5,3,0,0,1,0,0,0,0,0,5.76218E+20,5.82207E+21,1.01239E+16,5.25434E+16
16969,3,1,2,0,2018,6,7,6,2,3,6,0,0,1,0,0,0,0,1,5.90034E+20,5.77688E+21,1.03155E+16,5.21351E+16
16970,3,2,41,1,2018,6,15,3,3,0,2,0,1,1,0,0,0,0,0,5.49436E+20,5.80448E+21,9.72642E+15,5.23884E+16
16971,3,2,52,2,2018,6,15,7,3,9,1,0,0,1,0,0,0,0,0,5.3259E+20,5.77926E+21,9.47646E+15,5.21629E+16
16972,3,2,52,1,2018,6,17,3,3,4,2,0,0,1,0,1,0,0,0,5.18043E+20,5.76635E+21,9.2631E+15,5.20475E+16
16973,3,4,57,14,2018,6,16,4,2,6,4,0,0,1,1,0,0,0,0,3.98829E+20,5.90782E+21,7.48152E+15,5.33099E+16
16974,3,1,1,0,2018,6,17,6,2,4,6,0,0,1,0,1,0,0,0,6.03805E+20,5.79991E+21,1.05237E+16,5.23396E+16
16975,3,3,54,18,2018,6,12,6,3,2,2,0,0,1,0,0,0,0,0,6.46299E+20,5.8665E+21,1.11765E+16,5.29282E+16
16976,3,3,58,23,2018,6,21,2,3,9,1,1,0,1,0,0,0,0,1,5.66052E+20,5.86549E+21,9.98277E+15,5.2935E+16
16977,3,3,55,4,2018,6,16,4,3,2,6,0,0,1,0,0,0,0,0,5.93149E+20,5.90663E+21,1.03978E+16,5.33007E+16
16978,3,4,61,9,2018,6,15,1,3,2,2,0,0,1,0,0,0,0,0,4.56248E+20,5.92149E+21,8.34133E+15,5.34406E+16
16979,3,4,59,24,2018,6,19,5,2,8,1,0,0,1,0,0,0,0,1,4.61334E+20,5.77785E+21,8.43488E+15,5.21498E+16
16980,3,4,4,0,2018,6,1,5,3,4,2,2,0,1,0,0,0,0,0,4.34416E+20,5.79249E+21,8.03868E+15,5.22788E+16
16981,3,4,5,0,2018,6,16,5,3,2,6,0,0,1,0,0,0,0,1,4.38328E+20,5.93129E+21,8.06965E+15,5.35269E+16
16982,3,4,59,27,2018,6,7,1,3,8,1,0,0,1,0,0,0,0,0,4.21215E+20,5.80784E+21,7.84161E+15,5.24151E+16
16983,3,1,3,0,2018,6,17,3,3,5,2,0,0,1,0,0,0,0,0,6.24454E+20,5.81291E+21,1.08315E+16,5.24522E+16
16984,3,4,54,32,2018,6,14,3,1,4,1,0,0,1,0,0,0,0,1,3.88368E+20,5.8287E+21,7.35185E+15,5.25968E+16
16985,3,2,51,44,2018,6,8,7,3,9,1,0,0,1,0,0,0,0,1,4.79001E+20,5.8246E+21,8.69015E+15,5.25711E+16
16986,3,4,59,24,2018,6,14,5,3,4,5,0,0,1,0,0,0,0,0,4.63176E+20,5.78284E+21,8.46126E+15,5.21948E+16
16987,3,3,52,61,2018,6,16,3,3,1,5,0,0,1,0,1,0,0,0,4.728E+20,5.95803E+21,8.58732E+15,5.37702E+16
16988,3,2,41,1,2018,6,15,5,3,3,6,0,1,0,0,0,0,0,0,5.55483E+20,5.80184E+21,9.81483E+15,5.2364E+16
16989,3,4,59,22,2018,6,19,5,3,5,3,0,0,1,0,0,0,0,1,4.4166E+20,5.77664E+21,8.14757E+15,5.21372E+16
16990,3,4,59,19,2018,6,16,5,3,6,3,0,0,1,1,0,0,0,0,4.37674E+20,5.78636E+21,8.08756E+15,5.22241E+16
16991,3,1,58,39,2018,6,17,2,3,8,1,0,0,1,0,0,0,0,0,6.02627E+20,5.76109E+21,1.04947E+16,5.1991E+16
16992,3,4,57,17,2018,6,16,3,3,5,3,0,1,1,0,0,0,0,0,4.07267E+20,5.88574E+21,7.61455E+15,5.3113E+16
16993,3,4,54,45,2018,6,20,7,3,8,1,0,0,0,0,0,1,0,0,3.88436E+20,5.80072E+21,7.36221E+15,5.23454E+16
16994,3,4,59,19,2018,6,9,5,3,5,3,0,1,1,0,0,0,0,0,4.36893E+20,5.78435E+21,8.0765E+15,5.2206E+16
16995,3,2,51,37,2018,6,15,3,3,9,7,0,0,1,0,0,0,0,0,4.81141E+20,5.87665E+21,8.71873E+15,5.3039E+16
16996,3,2,41,12,2018,6,12,5,3,2,6,0,0,1,0,0,0,0,0,5.31022E+20,5.81686E+21,9.457E+15,5.2501E+16
16997,3,4,4,0,2018,6,23,5,3,2,2,2,1,1,0,0,0,0,1,4.34627E+20,5.7915E+21,8.04196E+15,5.227E+16
16998,3,1,58,37,2018,6,19,7,3,8,1,0,0,1,0,0,0,0,0,6.02989E+20,5.78181E+21,1.05062E+16,5.21771E+16
16999,3,1,2,0,2018,6,13,3,3,2,6,0,0,1,0,0,0,0,0,5.90926E+20,5.78123E+21,1.03297E+16,5.2174E+16
17000,3,4,56,1,2018,6,10,4,3,8,1,0,0,0,0,0,1,0,0,3.74213E+20,5.79964E+21,7.15393E+15,5.23327E+16
17001,3,4,4,0,2018,6,17,5,3,0,1,0,1,0,0,0,0,0,1,4.35217E+20,5.79096E+21,8.05071E+15,5.22652E+16
17002,3,2,41,1,2018,6,13,6,3,0,1,0,0,0,0,1,0,0,1,5.55579E+20,5.80409E+21,9.81661E+15,5.23842E+16
17003,3,3,57,13,2018,6,6,2,3,2,6,0,0,1,0,0,0,0,0,5.23441E+20,5.89839E+21,9.3512E+15,5.32342E+16
17004,3,2,41,12,2018,6,20,4,2,1,5,0,0,0,0,0,0,1,0,5.38783E+20,5.83081E+21,9.57296E+15,5.26259E+16
17005,3,3,58,22,2018,6,11,1,3,5,3,0,0,1,0,0,0,0,1,5.39556E+20,5.85719E+21,9.58756E+15,5.2863E+16
17006,3,4,57,21,2018,6,16,5,3,0,4,0,0,1,1,0,0,0,1,3.87221E+20,5.88711E+21,7.31471E+15,5.31214E+16
17007,3,4,54,19,2018,6,12,5,2,5,3,0,0,1,0,0,0,1,1,3.95195E+20,5.83833E+21,7.44953E+15,5.26848E+16
17008,3,3,61,8,2018,6,22,5,3,4,2,2,0,1,0,0,0,0,1,5.09511E+20,5.88428E+21,9.14207E+15,5.31079E+16
17009,3,4,54,45,2018,6,16,5,3,2,6,0,0,1,0,0,0,0,0,3.87031E+20,5.79806E+21,7.34249E+15,5.23213E+16
17010,3,4,53,11,2018,6,7,3,2,5,2,0,0,1,0,0,0,0,0,4.23836E+20,5.84345E+21,7.87196E+15,5.27356E+16
17011,3,3,53,5,2018,6,12,7,3,5,3,0,0,1,0,0,0,0,0,5.57991E+20,5.90558E+21,9.87009E+15,5.32962E+16
17012,3,4,62,5,2018,6,15,5,3,5,3,0,0,1,0,0,0,0,1,4.23879E+20,5.92066E+21,7.85431E+15,5.34295E+16
17013,3,3,55,30,2018,6,16,3,3,5,3,0,0,1,0,0,0,1,0,6.04634E+20,5.89801E+21,1.05672E+16,5.32211E+16
17014,3,2,56,5,2018,6,14,5,3,5,3,0,0,1,0,0,0,0,1,5.16038E+20,5.83886E+21,9.23733E+15,5.26994E+16
17015,3,4,54,30,2018,6,11,2,3,5,3,0,0,1,0,0,0,1,0,3.88851E+20,5.87386E+21,7.34362E+15,5.30028E+16
17016,3,4,52,1,2018,6,17,5,3,2,1,0,0,1,0,0,1,0,1,4.00974E+20,5.92879E+21,7.50712E+15,5.34988E+16
17017,3,4,54,32,2018,6,11,6,3,2,2,0,0,0,0,0,0,1,0,3.86555E+20,5.81743E+21,7.32893E+15,5.24952E+16
17018,3,4,4,0,2018,6,5,2,3,8,1,0,0,1,0,0,0,0,1,4.30713E+20,5.7895E+21,7.98502E+15,5.22515E+16
17019,3,2,51,41,2018,6,13,4,3,2,6,0,0,1,0,0,0,0,0,4.88327E+20,5.86555E+21,8.82631E+15,5.29395E+16
17020,3,2,54,21,2018,6,11,2,3,6,4,0,0,1,1,0,0,0,0,5.61552E+20,5.77914E+21,9.89981E+15,5.21593E+16
17021,3,1,53,17,2018,7,12,2,3,4,2,0,0,1,0,0,0,0,0,5.99034E+20,5.75208E+21,1.04397E+16,5.19106E+16
17022,3,4,52,14,2018,7,5,3,2,7,7,0,0,0,0,1,0,0,0,3.73537E+20,5.92301E+21,7.09604E+15,5.3441E+16
17023,3,3,51,23,2018,7,12,1,3,2,2,0,0,1,0,0,0,1,0,5.57812E+20,5.83349E+21,9.85453E+15,5.26483E+16
17024,3,3,53,5,2018,6,8,6,3,5,3,0,1,1,0,0,0,0,0,5.58384E+20,5.90615E+21,9.87609E+15,5.33013E+16
17025,3,3,51,17,2018,7,21,1,3,8,1,1,0,0,0,1,0,0,0,5.85161E+20,5.82047E+21,1.02553E+16,5.25277E+16
17026,3,2,41,21,2018,7,18,3,3,5,3,0,1,1,0,0,0,0,0,5.28563E+20,5.80841E+21,9.42005E+15,5.24251E+16
17027,3,2,41,5,2018,7,18,5,1,2,6,0,0,0,0,0,1,1,0,5.39216E+20,5.80825E+21,9.57669E+15,5.2423E+16
17028,3,1,59,30,2018,7,20,1,3,0,1,0,0,1,0,0,0,0,0,5.87635E+20,5.7154E+21,1.02648E+16,5.15828E+16
17029,3,4,51,4,2018,7,14,7,3,2,6,0,0,1,0,0,0,0,0,4.31254E+20,5.88606E+21,7.97278E+15,5.31195E+16
17030,3,3,59,38,2018,6,8,6,3,2,6,0,0,1,0,0,0,0,0,5.28586E+20,5.93856E+21,9.43192E+15,5.35951E+16
17031,3,4,62,19,2018,7,9,2,3,4,2,0,0,1,0,0,0,0,0,4.14376E+20,5.93999E+21,7.70603E+15,5.36017E+16
17032,3,3,61,12,2018,7,16,4,3,4,2,0,1,1,0,0,0,0,0,5.19545E+20,5.86523E+21,9.29081E+15,5.29364E+16
17033,3,3,60,26,2018,6,17,6,1,9,7,0,0,1,0,0,0,0,0,6.11907E+20,5.87947E+21,1.06696E+16,5.3053E+16
17034,3,2,41,15,2018,6,15,7,3,4,7,0,0,1,0,0,0,0,0,5.34436E+20,5.80711E+21,9.50629E+15,5.24131E+16
17035,3,4,60,6,2018,7,13,6,1,2,2,0,0,1,0,1,0,0,0,4.47393E+20,5.84033E+21,8.2213E+15,5.27103E+16
17036,3,1,58,27,2018,7,11,2,2,4,1,0,0,1,0,0,0,1,0,6.20512E+20,5.77731E+21,1.07607E+16,5.21332E+16
17037,3,2,41,9,2018,7,16,2,3,2,6,0,0,1,0,0,0,0,0,5.58526E+20,5.79551E+21,9.85841E+15,5.23068E+16
17038,3,2,41,18,2018,7,0,4,2,8,1,2,0,1,0,0,0,0,0,5.76469E+20,5.81255E+21,1.01254E+16,5.24578E+16
17039,3,3,55,26,2018,6,8,6,3,5,3,0,0,1,0,0,0,0,0,6.08343E+20,5.90302E+21,1.06244E+16,5.32653E+16
17040,3,1,59,16,2018,7,8,6,3,5,3,0,1,0,0,0,0,0,0,5.64322E+20,5.70932E+21,9.92731E+15,5.15313E+16
17041,3,4,56,1,2018,7,17,1,2,5,3,0,1,1,0,0,0,0,0,3.69838E+20,5.7949E+21,7.09158E+15,5.2289E+16
17042,3,4,58,13,2018,7,23,3,3,9,7,2,0,1,0,0,0,0,0,4.47711E+20,5.87727E+21,8.22009E+15,5.30424E+16
17043,3,2,54,17,2018,7,16,1,3,0,6,0,0,1,0,1,0,0,0,5.62539E+20,5.78397E+21,9.91512E+15,5.22026E+16
17044,3,3,55,36,2018,6,7,6,3,4,6,0,0,0,0,0,1,1,0,6.0935E+20,5.89531E+21,1.06369E+16,5.31959E+16
17045,3,1,57,6,2018,7,15,5,3,8,1,0,0,1,0,0,0,0,0,5.79488E+20,5.79454E+21,1.01656E+16,5.22955E+16
17046,3,2,54,21,2018,7,14,3,3,2,6,0,0,1,0,0,0,0,0,5.64878E+20,5.77869E+21,9.94834E+15,5.21549E+16
17047,3,2,41,1,2018,6,19,6,3,2,6,0,1,0,0,0,0,0,0,5.49892E+20,5.80237E+21,9.7328E+15,5.23693E+16
17048,3,4,57,21,2018,6,17,7,2,5,2,0,1,1,0,0,0,0,0,3.88124E+20,5.8926E+21,7.32627E+15,5.3171E+16
17049,3,3,51,12,2018,7,19,7,2,5,3,0,0,1,0,1,0,0,0,5.633E+20,5.83194E+21,9.93534E+15,5.26337E+16
17050,3,2,41,1,2018,6,17,6,3,0,7,0,0,1,0,0,0,0,0,5.5445E+20,5.81034E+21,9.80104E+15,5.24405E+16
17051,3,4,51,7,2018,7,16,2,3,5,3,0,0,1,0,1,0,0,0,4.29438E+20,5.90205E+21,7.94211E+15,5.3263E+16
17052,3,3,52,62,2018,7,21,4,2,0,1,1,1,0,0,0,0,0,0,4.69229E+20,5.94052E+21,8.53488E+15,5.36126E+16
17053,3,2,41,10,2018,6,15,6,3,5,2,0,0,1,0,0,0,0,0,5.48953E+20,5.81231E+21,9.72047E+15,5.24588E+16
17054,3,2,57,23,2018,6,17,7,3,8,1,0,0,1,0,0,0,0,0,5.11284E+20,5.79884E+21,9.16562E+15,5.23397E+16
17055,3,3,53,5,2018,7,13,6,3,0,7,0,0,1,0,0,0,0,0,5.58686E+20,5.91158E+21,9.88162E+15,5.33501E+16
17056,3,4,52,1,2018,7,16,1,2,2,6,0,0,1,0,1,0,0,0,3.98195E+20,5.92949E+21,7.46501E+15,5.35045E+16
17057,3,2,41,1,2018,7,11,2,3,2,6,0,0,1,0,0,0,0,0,5.52999E+20,5.80238E+21,9.77843E+15,5.23691E+16
17058,3,1,57,8,2018,7,7,4,3,2,6,0,0,1,0,0,1,0,0,5.8972E+20,5.7994E+21,1.03169E+16,5.23375E+16
17059,3,3,52,32,2018,7,16,7,3,0,1,0,0,0,0,1,0,0,0,4.67879E+20,5.92124E+21,8.51645E+15,5.34392E+16
17060,3,2,41,1,2018,6,20,6,3,3,6,0,0,1,0,1,0,0,0,5.49191E+20,5.80159E+21,9.72239E+15,5.23624E+16
17061,3,4,53,8,2018,7,0,2,2,9,1,2,0,1,0,0,0,0,0,4.33885E+20,5.8678E+21,8.01582E+15,5.29558E+16
17062,3,2,51,37,2018,7,12,4,3,2,6,0,0,1,0,0,0,0,0,4.83927E+20,5.87394E+21,8.76042E+15,5.30148E+16
17063,3,2,41,2,2018,6,20,6,3,9,6,1,0,1,0,0,1,0,0,5.29212E+20,5.80061E+21,9.42892E+15,5.2355E+16
17064,3,2,57,31,2018,6,15,7,3,8,7,0,0,1,0,0,0,0,0,5.07416E+20,5.78568E+21,9.10856E+15,5.22215E+16
17065,3,3,61,6,2018,7,14,6,3,5,3,0,0,1,0,0,0,0,0,5.11487E+20,5.8699E+21,9.17108E+15,5.29785E+16
17066,3,1,53,17,2018,6,20,7,3,0,1,0,0,0,0,1,0,0,0,5.95512E+20,5.74756E+21,1.03873E+16,5.18706E+16
17067,3,1,57,8,2018,7,9,2,2,2,6,0,0,0,0,0,1,1,0,5.90244E+20,5.79951E+21,1.03246E+16,5.23384E+16
17068,3,2,41,19,2018,7,12,2,3,9,7,0,0,1,0,0,0,0,0,5.50463E+20,5.8195E+21,9.74378E+15,5.25232E+16
17069,3,1,3,0,2018,7,6,4,3,5,2,0,1,0,0,0,1,0,0,6.24878E+20,5.80738E+21,1.08356E+16,5.24024E+16
17070,3,4,4,0,2018,6,3,6,3,3,6,1,0,1,0,0,1,0,0,4.29757E+20,5.79764E+21,7.96933E+15,5.23246E+16
17071,3,2,41,1,2018,6,13,6,2,5,3,0,1,1,0,0,0,0,0,5.46169E+20,5.80134E+21,9.67798E+15,5.23604E+16
17072,3,1,51,9,2018,7,16,6,3,5,2,0,0,1,0,0,0,0,0,6.07098E+20,5.81424E+21,1.05766E+16,5.24678E+16
17073,3,4,53,10,2018,7,3,1,1,9,1,2,0,0,0,1,0,0,0,4.18095E+20,5.85507E+21,7.78403E+15,5.28391E+16
17074,3,3,52,29,2018,7,11,3,3,4,6,0,0,1,0,0,1,0,0,5.05425E+20,5.9395E+21,9.08199E+15,5.36043E+16
17075,3,1,58,39,2018,7,15,1,3,5,3,0,0,0,0,1,0,0,0,6.02994E+20,5.76444E+21,1.0501E+16,5.2021E+16
17076,3,2,56,6,2018,6,15,6,2,2,2,0,0,1,0,1,0,0,0,5.10081E+20,5.82706E+21,9.14882E+15,5.25935E+16
17077,3,1,54,14,2018,7,16,5,2,2,7,0,0,1,0,0,0,1,0,6.13804E+20,5.79674E+21,1.06693E+16,5.23092E+16
17078,3,1,58,37,2018,7,12,3,3,5,3,0,0,1,0,0,0,0,0,6.03646E+20,5.78144E+21,1.05157E+16,5.21737E+16
17079,3,2,57,20,2018,6,8,6,2,8,1,0,0,0,0,1,0,0,0,5.20714E+20,5.80185E+21,9.30423E+15,5.23665E+16
17080,3,4,53,10,2018,6,14,7,3,5,3,0,1,1,0,0,0,0,0,4.18033E+20,5.85568E+21,7.78297E+15,5.28446E+16
17081,3,2,41,14,2018,7,19,7,2,8,1,0,1,0,0,0,0,0,0,5.4531E+20,5.79895E+21,9.66505E+15,5.2339E+16
17082,3,2,56,16,2018,6,14,6,3,2,6,0,0,1,0,1,0,0,0,5.19457E+20,5.82584E+21,9.28716E+15,5.25822E+16
17083,3,2,41,2,2018,7,11,2,3,2,2,0,0,1,0,0,0,0,0,5.32617E+20,5.80208E+21,9.47906E+15,5.23681E+16
17084,3,2,51,37,2018,7,17,2,2,2,6,0,0,0,0,0,1,0,0,4.83941E+20,5.87395E+21,8.76063E+15,5.30148E+16
17085,3,3,57,43,2018,7,8,4,3,5,3,0,0,1,0,0,1,0,0,5.14588E+20,5.91471E+21,9.2193E+15,5.33813E+16
17086,3,2,54,2,2018,6,11,6,3,8,1,0,0,1,0,0,0,0,0,5.56678E+20,5.75856E+21,9.82514E+15,5.19749E+16
17087,3,3,54,6,2018,7,11,6,3,3,2,0,0,0,0,0,0,1,0,6.29845E+20,5.88833E+21,1.09407E+16,5.31285E+16
17088,3,4,51,2,2018,7,18,1,3,5,3,0,1,1,0,0,0,0,0,4.34074E+20,5.89738E+21,8.01256E+15,5.32216E+16
17089,3,2,54,5,2018,7,14,2,3,2,6,0,0,1,0,1,0,0,0,5.69376E+20,5.77206E+21,1.00127E+16,5.20947E+16
17090,3,4,59,14,2018,7,15,3,3,5,3,0,0,0,0,1,1,0,0,4.28151E+20,5.80557E+21,7.94406E+15,5.23956E+16
17091,3,4,58,13,2018,7,19,1,3,4,6,0,1,0,0,0,0,0,0,4.45965E+20,5.87324E+21,8.19472E+15,5.3006E+16
17092,3,2,54,21,2018,6,6,6,3,2,6,0,0,1,0,0,0,0,0,5.61865E+20,5.77909E+21,9.90438E+15,5.21588E+16
17093,3,4,52,6,2018,7,15,5,3,2,6,0,0,1,0,0,0,0,0,4.0858E+20,5.91783E+21,7.62493E+15,5.34016E+16
17094,3,3,53,38,2018,7,11,1,3,6,7,0,0,1,1,0,0,0,0,5.53467E+20,5.89931E+21,9.80116E+15,5.32403E+16
17095,3,3,57,39,2018,7,15,3,3,5,3,0,0,1,0,0,0,0,0,5.24202E+20,5.88744E+21,9.36176E+15,5.31358E+16
17096,3,3,53,40,2018,7,14,5,3,8,1,0,0,1,0,1,0,0,1,5.78109E+20,5.9168E+21,1.01746E+16,5.33945E+16
17097,3,2,41,1,2018,7,14,1,2,5,2,0,0,1,0,1,0,0,0,5.48655E+20,5.80143E+21,9.7145E+15,5.2361E+16
17098,3,4,4,0,2018,7,8,7,3,6,2,0,0,1,1,0,0,0,0,4.33708E+20,5.79201E+21,8.02839E+15,5.22745E+16
17099,3,2,52,4,2018,6,12,6,2,0,7,0,0,1,0,1,0,0,0,5.34415E+20,5.77379E+21,9.50258E+15,5.21136E+16
17100,3,2,52,6,2018,6,11,6,3,0,1,0,0,0,0,1,0,0,0,5.25172E+20,5.77268E+21,9.36752E+15,5.21041E+16
17101,3,4,4,0,2018,7,5,5,2,5,3,1,1,0,0,1,0,0,0,4.35161E+20,5.79118E+21,8.04985E+15,5.22672E+16
17102,3,2,51,47,2018,7,11,1,2,6,4,0,0,1,1,0,0,0,0,4.93344E+20,5.87216E+21,8.90082E+15,5.29989E+16
17103,3,3,58,14,2018,7,10,3,3,5,2,0,0,1,0,0,0,1,0,5.40069E+20,5.84626E+21,9.59383E+15,5.27647E+16
17104,3,2,51,41,2018,7,13,5,3,4,6,0,1,0,0,0,0,0,0,4.88296E+20,5.86529E+21,8.82586E+15,5.29371E+16
17105,3,1,51,36,2018,7,14,1,1,2,6,0,1,1,0,0,0,0,0,6.14349E+20,5.82966E+21,1.06886E+16,5.26049E+16
17106,3,1,59,17,2018,6,12,6,2,0,7,0,0,1,0,1,0,0,0,5.51786E+20,5.69381E+21,9.74432E+15,5.13931E+16
17107,3,4,59,14,2018,7,14,4,3,2,6,0,0,1,0,0,0,0,0,4.29972E+20,5.80644E+21,7.97063E+15,5.24037E+16
17108,3,1,54,28,2018,7,20,3,3,2,6,0,0,1,0,0,0,0,0,6.32167E+20,5.79369E+21,1.09373E+16,5.22777E+16
17109,3,1,59,16,2018,6,9,6,1,6,4,0,0,1,1,0,0,0,0,5.62046E+20,5.7091E+21,9.89446E+15,5.15296E+16
17110,3,4,61,5,2018,6,12,7,3,8,1,0,0,0,0,1,0,0,0,4.48717E+20,5.91077E+21,8.2297E+15,5.33436E+16
17111,3,2,54,8,2018,7,17,7,3,8,1,0,0,0,0,1,0,0,0,5.76181E+20,5.76722E+21,1.0111E+16,5.20503E+16
17112,3,1,58,37,2018,6,16,6,3,8,1,0,0,1,0,0,0,0,0,6.08364E+20,5.78115E+21,1.05846E+16,5.21701E+16
17113,3,2,41,1,2018,7,10,2,3,5,3,0,1,1,0,0,0,0,0,5.57814E+20,5.80497E+21,9.8496E+15,5.23919E+16
17114,3,3,53,26,2018,7,16,2,3,4,2,0,0,1,0,0,0,0,0,5.52476E+20,5.91966E+21,9.78968E+15,5.34233E+16
17115,3,3,55,2,2018,7,10,4,3,2,6,0,1,1,0,0,0,0,0,5.82314E+20,5.88591E+21,1.02299E+16,5.31162E+16
17116,3,1,2,0,2018,6,19,6,3,5,3,0,0,1,0,1,0,0,0,5.94573E+20,5.7784E+21,1.03822E+16,5.2148E+16
17117,3,2,41,12,2018,7,16,6,2,9,1,0,0,0,0,1,0,0,0,5.31455E+20,5.81821E+21,9.46352E+15,5.25131E+16
17118,3,1,54,1,2018,7,9,2,3,5,3,0,0,1,0,0,0,0,0,6.35701E+20,5.8042E+21,1.09933E+16,5.23713E+16
17119,3,4,56,2,2018,7,17,3,3,2,2,0,0,1,0,0,0,0,0,3.54039E+20,5.8306E+21,6.84451E+15,5.26057E+16
17120,3,3,57,41,2018,7,3,1,3,9,1,2,0,1,0,0,0,0,0,5.30859E+20,5.88892E+21,9.46142E+15,5.31487E+16
17121,3,1,53,7,2018,6,10,6,3,2,6,0,0,1,0,0,0,0,0,5.88241E+20,5.74917E+21,1.02821E+16,5.18863E+16
17122,3,4,51,7,2018,7,10,5,3,4,2,0,0,1,0,0,1,0,0,4.25128E+20,5.8949E+21,7.87919E+15,5.31982E+16
17123,3,3,57,39,2018,7,19,1,3,3,6,0,1,0,0,0,0,0,0,5.28913E+20,5.88337E+21,9.43182E+15,5.3099E+16
17124,3,3,51,10,2018,7,11,3,3,2,2,0,0,1,0,0,0,0,0,5.74565E+20,5.85907E+21,1.01079E+16,5.28762E+16
17125,3,2,41,15,2018,7,18,5,3,0,3,0,1,1,0,0,0,0,0,5.4259E+20,5.80505E+21,9.62591E+15,5.23941E+16
17126,3,2,54,8,2018,7,16,1,3,8,7,0,0,1,0,0,0,0,0,5.79377E+20,5.76151E+21,1.01562E+16,5.19986E+16
17127,3,4,60,9,2018,7,13,7,3,2,6,0,0,1,0,0,0,0,0,4.49905E+20,5.84916E+21,8.25713E+15,5.27899E+16
17128,3,1,51,39,2018,6,18,6,3,2,6,0,0,1,0,0,0,0,0,6.16094E+20,5.81413E+21,1.07089E+16,5.24649E+16