OBJECTID_1,ULAND,UREGBEZ,UKREIS,UGEMEINDE,UJAHR,UMONAT,USTUNDE,UWOCHENTAG,UKATEGORIE,UART,UTYP1,ULICHTVERH,IstRad,IstPKW,IstFuss,IstKrad,IstGkfz,IstSonstig,STRZUSTAND,LINREFX,LINREFY,XGCSWGS84,YGCSWGS84
17129,3,4,55,20,2018,7,14,4,3,5,3,0,0,1,0,1,0,0,0,4.35337E+20,5.94499E+21,8.02171E+15,5.36497E+16
17130,3,4,4,0,2018,7,10,2,2,5,3,0,0,1,0,1,0,0,0,4.38532E+20,5.79128E+21,8.09922E+15,5.22685E+16
17131,3,1,51,39,2018,6,14,6,3,2,6,0,0,1,0,0,0,0,0,6.17016E+20,5.81388E+21,1.07224E+16,5.24626E+16
17132,3,3,58,7,2018,6,13,7,3,2,6,0,0,1,0,0,0,0,0,5.46382E+20,5.83892E+21,9.68636E+15,5.26982E+16
17133,3,4,59,21,2018,7,7,6,2,8,7,0,0,1,0,0,0,0,0,4.28408E+20,5.78848E+21,7.95148E+15,5.22421E+16
17134,3,1,51,25,2018,6,10,6,3,1,5,0,0,1,0,0,0,0,0,6.15738E+20,5.82354E+21,1.07069E+16,5.25496E+16
17135,3,1,59,7,2018,7,7,2,3,5,3,0,0,1,0,0,0,0,0,5.60596E+20,5.71501E+21,9.87457E+15,5.15829E+16
17136,3,3,54,13,2018,7,17,2,3,5,3,0,0,1,0,0,0,0,0,6.34249E+20,5.87689E+21,1.10017E+16,5.30247E+16
17137,3,2,41,3,2018,7,14,4,3,0,7,0,0,1,0,1,0,0,0,5.63962E+20,5.81079E+21,9.94104E+15,5.24436E+16
17138,3,4,54,35,2018,7,13,4,3,2,6,0,0,1,0,0,0,0,0,3.8323E+20,5.83937E+21,7.27224E+15,5.26917E+16
17139,3,4,59,24,2018,7,8,2,3,2,2,0,0,1,0,0,0,0,0,4.6071E+20,5.7905E+21,8.4243E+15,5.22635E+16
17140,3,4,59,24,2018,6,15,5,3,5,3,0,1,1,0,0,0,0,0,4.51307E+20,5.78801E+21,8.28688E+15,5.22403E+16
17141,3,3,53,16,2018,6,12,7,3,5,2,0,0,1,0,0,1,0,0,5.67999E+20,5.90145E+21,1.00193E+16,5.32579E+16
17142,3,1,59,29,2018,7,10,7,3,5,2,0,1,1,0,0,0,0,0,5.60673E+20,5.7003E+21,9.87316E+15,5.14506E+16
17143,3,4,59,21,2018,6,16,5,3,5,3,0,1,1,0,0,0,0,0,4.30304E+20,5.78741E+21,7.97945E+15,5.22327E+16
17144,3,2,54,21,2018,7,15,2,3,5,3,0,0,1,0,1,0,0,0,5.63294E+20,5.77883E+21,9.92521E+15,5.21564E+16
17145,3,3,58,22,2018,7,6,2,3,7,7,0,0,0,0,1,0,0,0,5.36596E+20,5.86414E+21,9.54438E+15,5.29256E+16
17146,3,3,51,6,2018,7,5,4,2,5,3,0,1,1,0,0,0,0,0,5.7111E+20,5.8305E+21,1.00504E+16,5.26198E+16
17147,3,4,59,19,2018,6,14,5,2,5,3,0,0,1,0,1,0,0,0,4.37548E+20,5.78329E+21,8.08627E+15,5.21966E+16
17148,3,2,54,26,2018,7,12,6,2,9,7,0,0,1,0,0,0,0,0,5.53815E+20,5.77793E+21,9.78652E+15,5.21492E+16
17149,3,4,59,33,2018,7,9,1,2,9,1,0,0,0,0,1,0,0,0,4.33176E+20,5.79959E+21,8.01909E+15,5.23426E+16
17150,3,4,53,7,2018,7,16,3,3,4,2,0,0,1,0,0,0,0,0,4.21837E+20,5.86379E+21,7.83748E+15,5.29181E+16
17151,3,4,59,3,2018,6,11,6,3,0,7,0,1,1,0,0,0,0,0,4.55082E+20,5.79698E+21,8.34096E+15,5.23213E+16
17152,3,3,51,16,2018,7,21,1,2,1,5,0,0,1,0,1,0,0,0,5.83968E+20,5.83054E+21,1.02403E+16,5.26184E+16
17153,3,4,59,13,2018,6,20,5,2,5,3,0,1,1,0,0,0,0,0,4.53384E+20,5.80253E+21,8.31529E+15,5.2371E+16
17154,3,2,54,5,2018,7,10,5,3,5,3,0,0,1,0,0,0,0,0,5.70068E+20,5.77211E+21,1.00228E+16,5.20951E+16
17155,3,2,41,12,2018,7,15,3,3,9,1,0,0,1,0,0,0,0,0,5.32857E+20,5.81604E+21,9.48395E+15,5.24935E+16
17156,3,1,59,26,2018,7,21,5,2,8,1,0,0,0,0,1,0,0,0,5.89988E+20,5.73287E+21,1.03033E+16,5.17395E+16
17157,3,1,59,1,2018,7,13,1,3,2,6,0,1,1,0,0,0,0,0,5.53504E+20,5.71241E+21,9.77184E+15,5.15602E+16
17158,3,4,58,14,2018,7,4,7,3,2,6,1,0,1,0,0,0,1,0,4.58198E+20,5.86259E+21,8.37839E+15,5.29113E+16
17159,3,4,59,13,2018,6,12,5,3,4,6,0,0,1,0,0,0,0,0,4.5159E+20,5.8006E+21,8.28922E+15,5.23536E+16
17160,3,4,53,7,2018,7,13,2,3,4,2,0,0,1,0,0,0,0,0,4.20992E+20,5.87272E+21,7.82274E+15,5.29983E+16
17161,3,4,51,7,2018,7,12,4,3,1,5,0,0,1,0,0,0,0,0,4.214E+20,5.90287E+21,7.82143E+15,5.32692E+16
17162,3,4,59,10,2018,6,14,5,3,2,6,0,0,1,0,0,0,0,0,4.2766E+20,5.82347E+21,7.93296E+15,5.25565E+16
17163,3,2,41,4,2018,6,18,7,3,5,2,0,1,1,0,0,0,0,0,5.58445E+20,5.81629E+21,9.86086E+15,5.24936E+16
17164,3,4,55,26,2018,7,20,6,3,2,7,0,0,1,0,0,0,0,0,4.42504E+20,5.91657E+21,8.13533E+15,5.33951E+16
17165,3,1,53,17,2018,6,18,7,1,4,1,0,0,0,0,1,0,0,0,5.95507E+20,5.7476E+21,1.03873E+16,5.1871E+16
17166,3,1,57,1,2018,7,17,2,3,9,7,0,0,0,0,0,0,1,0,5.91915E+20,5.80787E+21,1.03514E+16,5.24133E+16
17167,3,2,41,1,2018,7,15,2,3,4,2,0,0,1,0,0,0,0,0,5.58518E+20,5.80429E+21,9.85983E+15,5.23857E+16
17168,3,2,54,2,2018,7,17,4,2,5,2,0,0,0,0,1,0,1,0,5.59639E+20,5.76226E+21,9.86889E+15,5.20078E+16
17169,3,4,59,26,2018,6,6,6,3,5,2,0,0,1,0,0,1,0,0,4.15159E+20,5.81434E+21,7.75094E+15,5.24727E+16
17170,3,4,4,0,2018,6,18,5,2,3,5,0,1,1,0,0,0,0,0,4.40684E+20,5.79114E+21,8.13078E+15,5.22675E+16
17171,3,1,2,0,2018,7,11,6,3,3,6,0,0,1,0,0,0,0,1,5.96859E+20,5.77839E+21,1.04156E+16,5.21475E+16
17172,3,4,54,14,2018,7,19,1,3,8,1,0,0,0,0,1,0,0,0,3.77738E+20,5.83343E+21,7.19323E+15,5.2637E+16
17173,3,2,51,37,2018,7,9,3,3,2,6,0,0,1,0,1,0,0,0,4.86603E+20,5.87485E+21,8.80026E+15,5.3023E+16
17174,3,2,52,2,2018,7,0,1,3,8,7,2,0,1,0,0,0,0,0,5.31429E+20,5.77877E+21,9.45944E+15,5.21586E+16
17175,3,4,4,0,2018,6,12,5,2,0,1,0,1,0,0,0,0,0,0,4.353E+20,5.79213E+21,8.0517E+15,5.22758E+16
17176,3,1,51,33,2018,7,13,5,3,4,1,0,0,1,0,0,1,0,0,5.96336E+20,5.8278E+21,1.04221E+16,5.25917E+16
17177,3,1,58,30,2018,6,22,7,1,9,1,2,0,1,0,0,0,0,0,6.13947E+20,5.78449E+21,1.06673E+16,5.21991E+16
17178,3,4,57,17,2018,6,15,5,3,0,1,0,0,0,0,1,0,0,0,4.07628E+20,5.88873E+21,7.61907E+15,5.314E+16
17179,3,2,52,5,2018,7,20,6,3,5,3,0,0,1,0,1,0,0,0,5.28784E+20,5.76322E+21,9.41946E+15,5.20188E+16
17180,3,4,59,25,2018,7,19,1,3,2,6,0,0,1,0,1,0,0,0,4.20208E+20,5.83672E+21,7.81986E+15,5.26745E+16
17181,3,4,3,0,2018,7,16,3,3,2,2,0,0,1,0,0,0,0,0,4.4527E+20,5.88709E+21,8.18201E+15,5.31304E+16
17182,3,1,55,6,2018,7,11,1,2,9,1,0,0,0,0,1,0,0,0,5.76563E+20,5.7366E+21,1.01097E+16,5.1775E+16
17183,3,4,54,38,2018,6,8,5,2,4,2,0,0,1,0,0,0,0,0,3.92186E+20,5.8724E+21,7.39378E+15,5.29903E+16
17184,3,1,59,16,2018,7,7,5,3,5,2,0,1,1,0,0,0,0,0,5.64578E+20,5.71187E+21,9.93147E+15,5.15542E+16
17185,3,2,41,8,2018,7,1,3,3,3,7,2,0,1,0,0,1,0,0,5.60398E+20,5.80873E+21,9.88824E+15,5.24254E+16
17186,3,4,54,46,2018,6,20,5,3,5,3,0,0,1,0,0,0,0,0,4.02613E+20,5.80667E+21,7.56853E+15,5.24016E+16
17187,3,1,51,38,2018,7,20,1,3,5,3,0,0,1,0,0,0,0,0,6.01074E+20,5.82798E+21,1.04921E+16,5.25924E+16
17188,3,3,59,13,2018,7,19,7,3,3,6,0,0,1,0,0,0,0,0,5.26462E+20,5.94876E+21,9.4007E+15,5.36869E+16
17189,3,4,54,35,2018,6,20,5,2,9,1,0,0,0,0,1,0,0,0,3.76081E+20,5.8427E+21,7.16528E+15,5.272E+16
17190,3,4,55,20,2018,7,11,2,3,2,2,0,0,1,0,0,0,0,0,4.31172E+20,5.94072E+21,7.95964E+15,5.36108E+16
17191,3,4,58,9,2018,7,17,4,3,2,2,0,0,1,0,0,1,0,0,4.56204E+20,5.87514E+21,8.34704E+15,5.3024E+16
17192,3,4,60,3,2018,6,15,5,3,8,1,0,0,1,0,0,0,0,0,4.37228E+20,5.83684E+21,8.07152E+15,5.26779E+16
17193,3,1,59,501,2018,6,18,7,3,8,1,0,0,0,0,1,0,0,0,5.97683E+20,5.73706E+21,1.04159E+16,5.17759E+16
17194,3,2,51,42,2018,7,8,6,3,2,6,0,0,0,0,0,0,1,1,4.75133E+20,5.84925E+21,8.63122E+15,5.27925E+16
17195,3,1,51,27,2018,6,2,7,1,5,3,2,0,1,0,0,1,0,0,5.96668E+20,5.79963E+21,1.04189E+16,5.23385E+16
17196,3,4,54,56,2018,7,17,1,2,5,3,0,1,0,0,1,0,0,0,3.85475E+20,5.8654E+21,7.29633E+15,5.2926E+16
17197,3,2,41,4,2018,7,11,2,3,3,6,0,1,1,0,0,0,0,0,5.54393E+20,5.8234E+21,9.80234E+15,5.25579E+16
17198,3,1,53,2,2018,7,16,4,3,0,7,0,0,1,0,0,0,0,0,6.0714E+20,5.74701E+21,1.0556E+16,5.18636E+16
17199,3,4,53,8,2018,6,18,5,3,5,3,0,0,1,0,1,0,0,0,4.33816E+20,5.86785E+21,8.01479E+15,5.29562E+16
17200,3,4,59,3,2018,7,19,5,2,8,1,0,0,0,0,1,0,0,0,4.54433E+20,5.79549E+21,8.33165E+15,5.23078E+16
17201,3,4,51,1,2018,7,16,1,3,4,2,0,0,1,0,1,0,0,0,4.16771E+20,5.89709E+21,7.75355E+15,5.32166E+16
17202,3,3,59,38,2018,7,20,3,3,4,6,0,0,1,0,0,1,0,0,5.26102E+20,5.93845E+21,9.39438E+15,5.35942E+16
17203,3,1,57,7,2018,7,14,1,3,5,3,0,0,1,0,0,0,0,0,5.97247E+20,5.79064E+21,1.04248E+16,5.22575E+16
17204,3,3,56,9,2018,6,18,5,3,2,6,0,0,1,0,1,0,0,0,4.7222E+20,5.89808E+21,8.58383E+15,5.32313E+16
17205,3,4,59,24,2018,7,19,4,2,5,2,0,0,1,0,1,0,0,0,4.50927E+20,5.78478E+21,8.28179E+15,5.22113E+16
17206,3,1,58,37,2018,7,7,3,3,5,2,0,1,1,0,0,0,0,0,6.039E+20,5.78047E+21,1.05191E+16,5.2165E+16
17207,3,3,61,9,2018,6,7,5,3,2,6,0,0,1,0,0,0,0,0,5.01698E+20,5.8781E+21,9.02534E+15,5.30524E+16
17208,3,4,55,15,2018,6,12,7,2,2,6,0,0,0,0,1,0,0,0,4.3537E+20,5.9306E+21,8.02518E+15,5.35204E+16
17209,3,2,41,2,2018,7,16,7,3,2,6,0,0,1,0,0,0,0,0,5.27777E+20,5.79821E+21,9.40766E+15,5.23335E+16
17210,3,4,51,2,2018,6,13,5,3,2,6,0,0,1,0,0,0,1,0,4.40792E+20,5.89232E+21,8.11412E+15,5.31769E+16
17211,3,2,41,12,2018,7,16,2,2,8,1,0,0,0,0,0,0,1,0,5.37713E+20,5.82449E+21,9.55644E+15,5.25692E+16
17212,3,4,58,8,2018,7,5,2,3,5,3,0,1,1,0,0,0,0,0,4.72223E+20,5.86225E+21,8.58697E+15,5.29092E+16
17213,3,3,60,24,2018,7,13,4,2,8,7,0,0,1,0,0,0,0,0,6.13919E+20,5.86847E+21,1.06957E+16,5.29537E+16
17214,3,4,51,5,2018,6,14,5,3,5,3,0,1,1,0,0,0,0,0,4.43984E+20,5.90967E+21,8.15881E+15,5.33332E+16
17215,3,1,59,14,2018,7,18,3,3,2,2,0,1,1,0,0,0,0,0,5.83447E+20,5.71938E+21,1.02054E+16,5.16193E+16
17216,3,4,51,2,2018,6,15,5,3,6,7,0,1,0,1,0,0,0,0,4.43519E+20,5.89116E+21,8.15512E+15,5.31668E+16
17217,3,4,62,15,2018,6,17,7,3,2,6,0,1,0,0,0,0,0,0,4.11268E+20,5.94514E+21,7.65762E+15,5.36475E+16
17218,3,2,41,1,2018,7,15,7,3,2,6,0,0,1,0,1,0,0,0,5.49296E+20,5.80353E+21,9.72422E+15,5.23798E+16
17219,3,2,51,41,2018,6,8,5,2,5,3,0,1,1,0,0,0,0,0,4.88296E+20,5.86529E+21,8.82585E+15,5.29371E+16
17220,3,2,51,47,2018,7,10,2,3,2,6,0,0,1,0,0,0,1,0,4.89161E+20,5.87022E+21,8.83856E+15,5.29815E+16
17221,3,3,58,4,2018,7,14,4,3,5,3,0,1,1,0,0,0,0,0,5.43986E+20,5.86208E+21,9.65403E+15,5.29066E+16
17222,3,2,51,37,2018,6,13,5,3,2,6,0,0,1,0,0,0,0,0,4.81536E+20,5.87332E+21,8.72481E+15,5.30091E+16
17223,3,2,57,6,2018,6,12,7,3,5,3,0,1,1,0,0,0,0,0,5.26535E+20,5.79935E+21,9.38951E+15,5.23438E+16
17224,3,3,58,19,2018,7,16,6,3,4,2,0,0,1,0,1,0,0,0,5.52755E+20,5.88506E+21,9.78815E+15,5.31123E+16
17225,3,4,53,13,2018,7,18,1,3,9,1,0,0,1,0,0,0,0,0,4.1487E+20,5.87895E+21,7.72991E+15,5.30532E+16
17226,3,2,41,1,2018,7,7,2,3,2,2,0,0,0,0,1,0,1,0,5.53396E+20,5.79728E+21,9.78345E+15,5.23232E+16
17227,3,4,59,24,2018,7,10,3,3,0,6,0,0,1,0,1,0,0,0,4.58265E+20,5.7761E+21,8.39024E+15,5.21339E+16
17228,3,2,51,38,2018,7,12,1,2,2,6,0,0,1,0,1,0,0,0,4.89351E+20,5.8519E+21,8.84199E+15,5.28167E+16
17229,3,4,61,8,2018,6,14,5,3,8,1,0,0,1,0,0,0,0,0,4.61835E+20,5.9077E+21,8.4271E+15,5.33171E+16
17230,3,4,56,1,2018,7,13,5,3,2,2,0,0,1,0,0,0,1,0,3.67939E+20,5.78964E+21,7.06582E+15,5.22413E+16
17231,3,4,58,13,2018,7,13,1,3,0,1,0,0,0,0,1,0,0,0,4.45965E+20,5.87324E+21,8.19472E+15,5.3006E+16
17232,3,3,58,17,2018,7,7,3,3,7,7,0,0,1,0,0,0,0,0,5.46642E+20,5.87714E+21,9.69567E+15,5.30418E+16
17233,3,4,58,1,2018,7,13,5,2,4,6,0,0,1,0,0,0,0,0,4.75658E+20,5.8598E+21,8.63822E+15,5.28874E+16
17234,3,3,51,22,2018,7,17,1,3,5,2,0,0,1,0,1,0,0,0,5.81562E+20,5.82699E+21,1.02039E+16,5.25869E+16
17235,3,4,59,29,2018,7,12,7,3,8,1,0,0,1,0,0,0,0,0,4.47451E+20,5.79764E+21,8.22892E+15,5.23266E+16
17236,3,4,1,0,2018,6,11,5,2,5,2,0,1,1,0,0,0,0,0,4.74434E+20,5.87935E+21,8.61848E+15,5.30631E+16
17237,3,4,4,0,2018,7,14,4,3,3,5,0,0,1,0,0,0,1,0,4.34339E+20,5.79171E+21,8.0377E+15,5.22718E+16
17238,3,1,54,13,2018,7,17,3,2,3,7,0,0,0,0,0,1,1,0,6.21614E+20,5.79744E+21,1.07841E+16,5.23138E+16
17239,3,3,52,32,2018,6,17,5,3,6,7,0,0,1,1,0,0,0,0,4.76763E+20,5.92469E+21,8.64994E+15,5.34707E+16
17240,3,4,58,13,2018,6,12,7,3,5,3,0,1,1,0,0,0,0,0,4.46816E+20,5.8784E+21,8.20655E+15,5.30525E+16
17241,3,2,52,8,2018,7,16,7,2,8,1,0,0,0,0,1,0,0,0,5.37684E+20,5.7687E+21,9.54976E+15,5.20676E+16
17242,3,3,52,59,2018,6,14,5,3,9,1,0,0,1,0,0,0,0,0,4.90385E+20,5.92022E+21,8.85529E+15,5.3431E+16
17243,3,1,55,11,2018,7,12,2,3,2,6,0,0,1,0,0,0,1,0,5.68109E+20,5.73016E+21,9.98594E+15,5.17182E+16
17244,3,3,53,5,2018,7,17,2,3,2,6,0,0,1,0,0,0,0,0,5.5276E+20,5.90825E+21,9.79206E+15,5.33208E+16
17245,3,3,51,4,2018,7,4,4,3,8,1,0,0,0,0,0,0,1,0,5.67271E+20,5.84744E+21,9.99718E+15,5.27726E+16
17246,3,4,54,47,2018,6,11,6,3,8,1,0,0,0,0,0,1,0,0,4.01821E+20,5.85147E+21,7.54359E+15,5.2804E+16
17247,3,1,59,7,2018,6,16,7,3,4,2,0,0,1,0,0,0,0,0,5.60766E+20,5.71425E+21,9.8769E+15,5.1576E+16
17248,3,3,53,31,2018,6,17,5,3,2,6,0,0,1,0,1,0,1,0,5.6875E+20,5.9203E+21,1.00347E+16,5.34273E+16
17249,3,1,55,1,2018,7,16,6,3,9,1,0,0,1,0,0,0,0,0,5.68621E+20,5.74101E+21,9.99549E+15,5.18157E+16
17250,3,1,53,18,2018,7,17,2,2,8,1,0,0,0,0,1,0,0,0,5.93181E+20,5.74264E+21,1.03521E+16,5.18268E+16
17251,3,4,54,10,2018,7,5,3,3,5,3,0,1,1,0,0,0,0,0,3.81502E+20,5.80241E+21,7.25987E+15,5.23592E+16
17252,3,3,55,13,2018,7,9,1,1,5,3,0,0,1,0,0,0,0,0,6.13436E+20,5.89467E+21,1.06978E+16,5.31893E+16
17253,3,3,53,26,2018,6,9,5,3,2,6,0,0,1,0,0,0,1,0,5.52835E+20,5.92405E+21,9.79583E+15,5.34628E+16
17254,3,2,41,21,2018,7,12,6,3,2,6,0,0,1,0,0,0,0,0,5.29353E+20,5.80813E+21,9.43164E+15,5.24226E+16
17255,3,2,51,7,2018,7,14,1,3,5,2,0,1,1,0,0,0,0,0,4.89055E+20,5.8544E+21,8.83751E+15,5.28393E+16
17256,3,1,53,12,2018,7,16,2,3,2,6,0,0,1,0,0,0,1,0,5.77835E+20,5.74936E+21,1.0131E+16,5.18896E+16
17257,3,4,4,0,2018,7,17,3,3,8,7,0,0,1,0,0,0,0,0,4.34358E+20,5.7895E+21,8.0384E+15,5.2252E+16
17258,3,3,53,35,2018,7,10,1,3,2,2,0,0,1,0,1,0,0,0,5.46468E+20,5.90358E+21,9.69692E+15,5.32794E+16
17259,3,3,53,11,2018,6,17,5,3,5,3,0,0,1,0,0,0,0,0,5.71827E+20,5.89927E+21,1.00762E+16,5.32379E+16
17260,3,4,60,6,2018,7,17,5,2,5,3,0,1,1,0,0,0,0,0,4.49958E+20,5.83773E+21,8.25966E+15,5.26872E+16
17261,3,3,58,22,2018,7,14,1,3,5,3,0,0,1,0,1,0,0,0,5.39089E+20,5.85672E+21,9.58057E+15,5.28588E+16
17262,3,3,55,42,2018,7,18,3,3,4,2,0,0,1,0,0,0,0,0,5.9008E+20,5.90948E+21,1.03525E+16,5.33268E+16
17263,3,3,60,1,2018,7,17,5,2,5,3,0,0,1,0,0,0,0,0,6.09316E+20,5.88874E+21,1.06341E+16,5.31369E+16
17264,3,2,54,43,2018,7,12,1,3,2,6,0,0,1,0,0,0,0,0,5.51388E+20,5.76838E+21,9.74961E+15,5.20636E+16
17265,3,4,54,44,2018,7,12,7,2,5,3,0,0,1,0,0,0,0,0,3.82569E+20,5.88084E+21,7.2475E+15,5.30642E+16
17266,3,3,53,30,2018,6,17,5,3,4,6,0,1,0,0,0,0,0,0,5.79975E+20,5.89485E+21,1.01972E+16,5.31969E+16
17267,3,4,52,1,2018,7,10,4,3,5,3,0,1,1,0,0,0,0,0,3.99501E+20,5.92554E+21,7.48597E+15,5.34692E+16
17268,3,4,59,17,2018,7,7,2,2,8,1,0,0,0,0,1,0,0,0,4.14614E+20,5.8194E+21,7.74162E+15,5.25181E+16
17269,3,3,53,1,2018,6,18,5,3,8,6,0,0,1,0,0,0,1,0,5.49635E+20,5.91651E+21,9.74644E+15,5.33953E+16
17270,3,3,53,5,2018,6,16,7,3,5,3,0,1,1,0,0,0,0,0,5.58386E+20,5.90615E+21,9.87612E+15,5.33014E+16
17271,3,1,51,7,2018,7,17,7,2,4,2,0,0,1,0,1,0,0,0,5.99865E+20,5.84051E+21,1.04781E+16,5.27053E+16
17272,3,3,59,10,2018,6,13,5,3,5,3,0,0,1,0,0,0,0,0,5.50745E+20,5.92158E+21,9.76395E+15,5.34408E+16
17273,3,1,59,17,2018,7,8,2,3,4,1,0,0,1,0,0,0,0,0,5.48852E+20,5.69999E+21,9.70301E+15,5.1449E+16
17274,3,3,57,41,2018,7,7,2,2,2,6,0,0,1,0,0,0,0,0,5.31978E+20,5.89077E+21,9.47834E+15,5.31653E+16
17275,3,2,41,5,2018,7,14,4,3,6,4,0,0,0,1,0,1,0,0,5.38876E+20,5.80827E+21,9.5717E+15,5.24233E+16
17276,3,4,56,25,2018,6,6,6,2,5,3,0,0,1,0,0,0,0,0,3.76941E+20,5.82313E+21,7.18528E+15,5.25444E+16
17277,3,3,59,28,2018,6,5,5,2,3,6,0,0,1,0,1,0,0,0,5.42706E+20,5.93247E+21,9.64442E+15,5.35394E+16
17278,3,2,54,22,2018,7,19,6,2,2,6,0,0,1,0,0,0,0,0,5.75024E+20,5.77504E+21,1.00958E+16,5.21208E+16
17279,3,4,59,12,2018,7,12,1,2,8,1,0,0,0,0,1,0,0,0,4.44732E+20,5.78673E+21,8.19081E+15,5.22282E+16
17280,3,3,56,7,2018,7,13,3,2,8,1,0,0,1,0,0,0,0,0,4.80648E+20,5.89963E+21,8.70999E+15,5.32456E+16
17281,3,4,4,0,2018,6,15,6,3,5,3,0,0,1,0,0,0,0,0,4.34533E+20,5.79263E+21,8.04036E+15,5.22801E+16
17282,3,2,57,32,2018,7,15,1,3,2,6,0,0,1,0,0,0,0,0,5.24912E+20,5.79406E+21,9.36529E+15,5.22963E+16
17283,3,3,58,22,2018,6,14,5,3,2,6,0,0,0,0,0,1,1,0,5.44955E+20,5.84467E+21,9.66603E+15,5.275E+16
17284,3,2,52,3,2018,7,20,5,1,9,1,0,0,1,0,1,0,0,0,5.14269E+20,5.75864E+21,9.20775E+15,5.19783E+16
17285,3,2,41,10,2018,7,13,3,3,5,3,0,1,1,0,0,0,0,0,5.49736E+20,5.80938E+21,9.73155E+15,5.24324E+16
17286,3,3,57,42,2018,6,17,5,3,9,7,0,0,0,0,0,0,1,0,5.13957E+20,5.90862E+21,9.20955E+15,5.33266E+16
17287,3,2,54,26,2018,7,14,5,3,2,6,0,0,1,0,0,0,0,0,5.58088E+20,5.77913E+21,9.84917E+15,5.21596E+16
17288,3,1,55,6,2018,7,6,1,3,3,6,0,0,1,0,0,0,0,0,5.7662E+20,5.74219E+21,1.01118E+16,5.18253E+16
17289,3,4,58,12,2018,7,14,7,3,9,1,0,0,0,0,1,0,0,0,4.70637E+20,5.86688E+21,8.56296E+15,5.29508E+16
17290,3,3,60,25,2018,6,18,5,2,5,3,0,1,0,0,0,1,0,0,6.03399E+20,5.873E+21,1.05407E+16,5.29965E+16
17291,3,4,60,9,2018,7,11,2,3,2,6,0,0,0,0,0,1,1,0,4.49555E+20,5.84214E+21,8.25303E+15,5.27268E+16
17292,3,4,51,7,2018,7,0,4,3,7,7,2,0,0,0,1,0,0,0,4.28491E+20,5.89645E+21,7.92917E+15,5.32125E+16
17293,3,4,54,35,2018,6,17,6,3,5,3,0,0,1,0,0,0,0,0,3.76884E+20,5.84231E+21,7.1773E+15,5.27167E+16
17294,3,3,55,11,2018,6,18,5,3,2,6,0,0,1,0,0,0,0,0,5.96361E+20,5.91015E+21,1.0447E+16,5.33318E+16
17295,3,2,41,19,2018,6,19,7,3,2,6,0,0,1,0,0,0,0,0,5.51817E+20,5.82627E+21,9.76479E+15,5.2584E+16
17296,3,3,55,19,2018,7,16,1,3,2,6,0,0,1,0,0,0,0,0,6.01724E+20,5.91404E+21,1.05288E+16,5.33657E+16
17297,3,2,41,1,2018,7,15,3,3,2,6,0,0,1,0,0,0,0,0,5.49413E+20,5.8045E+21,9.72609E+15,5.23886E+16
17298,3,2,41,6,2018,7,10,5,3,7,7,0,1,0,0,0,0,0,0,5.41104E+20,5.7981E+21,9.60322E+15,5.23317E+16
17299,3,1,59,17,2018,7,11,1,3,1,7,0,0,0,0,1,0,1,0,5.44768E+20,5.69977E+21,9.64422E+15,5.14474E+16
17300,3,3,56,2,2018,7,13,7,3,2,5,0,0,1,0,1,0,0,0,5.02503E+20,5.89003E+21,9.03744E+15,5.31596E+16
17301,3,3,51,6,2018,6,17,5,3,2,6,0,0,1,0,0,0,1,0,5.71851E+20,5.83208E+21,1.00617E+16,5.26339E+16
17302,3,4,56,15,2018,7,13,2,3,4,2,0,0,1,0,1,0,0,0,3.71027E+20,5.80973E+21,7.10331E+15,5.24225E+16
17303,3,3,58,22,2018,7,9,4,3,8,1,0,0,0,0,0,1,1,0,5.26783E+20,5.86178E+21,9.39822E+15,5.2905E+16
17304,3,3,51,6,2018,6,17,5,3,5,7,0,1,1,0,0,0,0,0,5.71569E+20,5.83056E+21,1.00572E+16,5.26203E+16
17305,3,3,54,18,2018,6,15,7,2,8,6,0,0,0,0,1,0,1,0,6.44591E+20,5.87566E+21,1.11552E+16,5.30109E+16
17306,3,4,53,2,2018,7,16,6,3,2,2,0,0,1,0,0,0,0,0,4.28927E+20,5.87358E+21,7.94076E+15,5.30071E+16
17307,3,1,54,13,2018,7,15,2,3,4,6,0,0,0,0,0,1,0,0,6.23096E+20,5.7867E+21,1.08019E+16,5.22169E+16
17308,3,3,51,18,2018,7,20,2,3,5,3,0,0,1,0,0,0,0,0,5.74874E+20,5.82348E+21,1.01044E+16,5.25562E+16
17309,3,2,41,1,2018,7,15,4,3,2,6,0,0,1,0,0,0,0,0,5.49262E+20,5.80479E+21,9.72391E+15,5.23912E+16
17310,3,4,52,1,2018,6,18,6,3,2,6,0,0,1,0,0,0,0,0,4.00956E+20,5.92267E+21,7.50878E+15,5.34438E+16
17311,3,2,41,21,2018,6,13,5,3,2,6,0,0,1,0,0,0,0,0,5.29243E+20,5.80848E+21,9.43006E+15,5.24258E+16
17312,3,1,59,37,2018,7,17,6,3,8,7,0,0,1,0,0,0,0,0,5.81014E+20,5.71605E+21,1.01694E+16,5.15897E+16
17313,3,4,54,41,2018,7,20,1,3,7,7,0,0,0,0,1,0,0,0,3.93912E+20,5.87741E+21,7.41784E+15,5.30357E+16
17314,3,3,61,8,2018,7,10,3,3,5,3,0,0,1,0,0,0,0,0,5.10484E+20,5.87608E+21,9.15635E+15,5.30342E+16
17315,3,2,56,22,2018,7,18,1,3,8,1,0,0,1,0,0,0,0,0,5.1733E+20,5.82869E+21,9.25592E+15,5.26079E+16
17316,3,2,41,14,2018,6,20,5,3,5,2,0,0,1,0,0,0,0,0,5.42793E+20,5.79794E+21,9.62799E+15,5.23301E+16
17317,3,1,57,7,2018,7,15,5,3,8,1,0,0,1,0,0,0,0,0,5.94633E+20,5.78633E+21,1.03853E+16,5.22193E+16