OBJECTID_1,ULAND,UREGBEZ,UKREIS,UGEMEINDE,UJAHR,UMONAT,USTUNDE,UWOCHENTAG,UKATEGORIE,UART,UTYP1,ULICHTVERH,IstRad,IstPKW,IstFuss,IstKrad,IstGkfz,IstSonstig,STRZUSTAND,LINREFX,LINREFY,XGCSWGS84,YGCSWGS84
17318,3,2,54,21,2018,7,16,3,3,5,3,0,1,1,0,0,0,0,0,5.65928E+20,5.78095E+21,9.96412E+15,5.21751E+16
17319,3,2,41,6,2018,6,17,5,3,5,2,0,0,1,0,0,0,0,0,5.37588E+20,5.79708E+21,9.55151E+15,5.23227E+16
17320,3,4,59,3,2018,6,10,7,3,5,3,0,0,1,0,0,0,1,0,4.62111E+20,5.79559E+21,8.44424E+15,5.23093E+16
17321,3,3,60,11,2018,7,16,7,3,8,1,0,0,0,0,1,0,0,0,6.10896E+20,5.88972E+21,1.06581E+16,5.31453E+16
17322,3,2,41,11,2018,6,11,5,3,2,2,0,0,1,0,0,0,0,0,5.65755E+20,5.80223E+21,9.96574E+15,5.23664E+16
17323,3,3,61,6,2018,7,7,2,3,5,3,0,0,1,0,0,0,0,0,5.11441E+20,5.87183E+21,9.17047E+15,5.29959E+16
17324,3,3,52,60,2018,7,13,4,3,5,3,0,0,1,0,1,0,0,0,4.73226E+20,5.90906E+21,8.59797E+15,5.333E+16
17325,3,4,52,23,2018,6,17,6,3,3,1,0,0,1,0,1,0,0,0,3.93402E+20,5.92628E+21,7.39387E+15,5.34747E+16
17326,3,2,41,10,2018,6,20,5,3,5,2,0,0,1,0,1,0,0,0,5.45759E+20,5.81014E+21,9.67316E+15,5.24396E+16
17327,3,1,55,11,2018,6,20,7,3,5,3,0,1,1,0,0,0,0,0,5.66589E+20,5.73139E+21,9.96418E+15,5.17295E+16
17328,3,3,52,22,2018,7,16,6,3,8,7,0,0,1,0,0,0,0,0,5.09601E+20,5.94977E+21,9.14541E+15,5.36966E+16
17329,3,4,52,14,2018,7,20,1,3,8,1,0,0,0,0,1,0,0,0,3.75622E+20,5.92806E+21,7.12542E+15,5.34868E+16
17330,3,2,41,5,2018,7,11,2,1,8,7,0,0,0,0,0,1,0,0,5.40925E+20,5.80824E+21,9.60182E+15,5.24228E+16
17331,3,1,57,6,2018,7,16,4,3,2,6,0,0,0,0,0,1,0,0,5.7822E+20,5.80186E+21,1.01487E+16,5.23615E+16
17332,3,4,52,1,2018,6,12,6,3,9,7,0,1,0,0,0,0,0,0,3.977E+20,5.92644E+21,7.45856E+15,5.3477E+16
17333,3,2,41,4,2018,6,8,5,3,4,2,0,0,1,0,0,0,0,0,5.5716E+20,5.81662E+21,9.84199E+15,5.24967E+16
17334,3,4,4,0,2018,7,15,5,3,1,5,0,0,1,0,0,1,0,0,4.38403E+20,5.78966E+21,8.09762E+15,5.22539E+16
17335,3,4,3,0,2018,7,11,1,2,5,3,0,0,1,0,1,0,0,0,4.46944E+20,5.88333E+21,8.20764E+15,5.30967E+16
17336,3,3,58,5,2018,7,16,3,2,2,2,0,1,1,0,0,0,0,0,5.455E+20,5.83403E+21,9.67263E+15,5.26543E+16
17337,3,4,51,5,2018,7,8,5,3,5,3,0,1,1,0,0,0,0,0,4.45159E+20,5.89967E+21,8.17819E+15,5.32434E+16
17338,3,3,56,8,2018,7,15,6,2,5,2,0,0,1,0,1,0,0,0,4.83743E+20,5.8927E+21,8.75672E+15,5.31834E+16
17339,3,1,53,2,2018,7,16,2,3,5,3,0,1,1,0,0,0,0,0,6.08449E+20,5.74938E+21,1.05757E+16,5.18846E+16
17340,3,2,41,2,2018,7,17,2,3,2,6,0,0,1,0,0,0,0,0,5.28425E+20,5.79802E+21,9.41714E+15,5.23318E+16
17341,3,1,59,34,2018,7,17,4,2,4,1,0,0,1,0,1,0,0,0,5.41978E+20,5.69013E+21,9.60293E+15,5.13609E+16
17342,3,2,41,3,2018,6,1,5,3,8,1,2,0,1,0,0,0,0,0,5.6937E+20,5.81889E+21,1.00223E+16,5.25157E+16
17343,3,1,53,2,2018,7,1,6,3,1,5,2,0,1,0,0,0,0,0,6.04332E+20,5.75208E+21,1.05167E+16,5.19097E+16
17344,3,4,53,9,2018,7,19,1,2,3,2,0,1,1,0,0,0,0,0,4.2316E+20,5.85018E+21,7.86036E+15,5.27959E+16
17345,3,4,1,0,2018,7,14,3,3,2,6,0,0,1,0,0,0,1,0,4.74774E+20,5.87857E+21,8.62362E+15,5.3056E+16
17346,3,1,3,0,2018,7,15,1,3,5,2,0,0,1,0,1,0,0,0,6.25851E+20,5.80678E+21,1.08497E+16,5.23968E+16
17347,3,2,41,11,2018,6,20,5,3,2,6,0,0,1,0,0,0,0,0,5.607E+20,5.80566E+21,9.89212E+15,5.23978E+16
17348,3,1,2,0,2018,7,18,5,3,3,6,0,0,1,0,0,1,0,0,5.96642E+20,5.78374E+21,1.0414E+16,5.21956E+16
17349,3,1,3,0,2018,7,15,3,3,3,2,0,0,0,0,1,1,0,0,6.24879E+20,5.80738E+21,1.08356E+16,5.24024E+16
17350,3,2,41,5,2018,6,17,5,2,2,7,0,0,1,0,0,0,0,0,5.40142E+20,5.80708E+21,9.59017E+15,5.24125E+16
17351,3,4,52,14,2018,6,8,7,3,5,3,0,0,1,0,0,0,0,0,3.7166E+20,5.92232E+21,7.06809E+15,5.34343E+16
17352,3,2,41,11,2018,7,14,7,3,0,1,0,1,0,0,0,0,0,0,5.64768E+20,5.8014E+21,9.95108E+15,5.23591E+16
17353,3,2,41,21,2018,6,19,5,3,0,6,0,0,1,0,0,0,1,0,5.32331E+20,5.80423E+21,9.47506E+15,5.23874E+16
17354,3,2,41,1,2018,7,14,2,3,2,6,0,0,1,0,0,0,1,0,5.50014E+20,5.80488E+21,9.73497E+15,5.23919E+16
17355,3,2,51,32,2018,7,16,2,3,5,3,0,0,1,0,1,0,0,0,4.88172E+20,5.84305E+21,8.82481E+15,5.27371E+16
17356,3,3,57,13,2018,7,6,4,3,4,6,0,0,1,0,0,0,0,0,5.2295E+20,5.89806E+21,9.34381E+15,5.32313E+16
17357,3,4,5,0,2018,6,10,6,3,5,3,0,1,1,0,0,0,0,0,4.40593E+20,5.93672E+21,8.10279E+15,5.3576E+16
17358,3,2,41,1,2018,6,18,5,3,5,2,0,1,0,0,0,0,0,0,5.49846E+20,5.80394E+21,9.73236E+15,5.23835E+16
17359,3,2,52,2,2018,6,16,7,2,2,6,0,0,1,0,1,0,0,0,5.32536E+20,5.77922E+21,9.47566E+15,5.21625E+16
17360,3,3,57,45,2018,7,7,6,3,2,2,0,0,1,0,0,0,1,1,5.14912E+20,5.88478E+21,9.22278E+15,5.31123E+16
17361,3,3,56,7,2018,7,9,1,3,2,6,0,0,1,0,0,0,1,0,4.83725E+20,5.90531E+21,8.75581E+15,5.32967E+16
17362,3,2,54,5,2018,7,17,2,3,4,2,0,0,1,0,1,0,0,0,5.70925E+20,5.77207E+21,1.00353E+16,5.20947E+16
17363,3,4,59,3,2018,7,5,3,3,5,3,1,1,1,0,0,0,0,0,4.57857E+20,5.79695E+21,8.38169E+15,5.23213E+16
17364,3,4,60,3,2018,7,11,1,3,2,6,0,0,1,0,0,0,0,0,4.41289E+20,5.83039E+21,8.13274E+15,5.26203E+16
17365,3,2,41,11,2018,6,14,5,3,2,6,0,0,1,0,0,0,0,0,5.63221E+20,5.80525E+21,9.9291E+15,5.23938E+16
17366,3,4,62,19,2018,7,15,5,3,5,2,0,0,1,0,0,0,0,0,4.14376E+20,5.93999E+21,7.70604E+15,5.36017E+16
17367,3,3,53,31,2018,7,18,1,3,2,2,0,0,1,0,0,0,0,0,5.71534E+20,5.92271E+21,1.00771E+16,5.34485E+16
17368,3,3,57,33,2018,7,11,3,2,8,1,0,0,1,0,0,0,0,0,5.358E+20,5.89511E+21,9.53598E+15,5.32041E+16
17369,3,4,58,15,2018,7,6,5,2,4,6,0,0,1,0,1,0,0,0,4.65205E+20,5.86116E+21,8.48273E+15,5.2899E+16
17370,3,2,41,15,2018,7,11,1,3,2,6,0,0,0,0,1,0,0,0,5.36048E+20,5.80616E+21,9.52989E+15,5.24045E+16
17371,3,4,4,0,2018,7,21,7,3,0,7,0,0,1,0,0,0,0,0,4.36832E+20,5.79201E+21,8.07418E+15,5.22748E+16
17372,3,2,41,11,2018,6,14,5,3,2,6,0,0,1,0,0,0,0,0,5.64172E+20,5.80506E+21,9.94304E+15,5.23921E+16
17373,3,4,54,40,2018,7,17,4,2,5,3,0,1,1,0,0,0,0,0,3.77438E+20,5.85464E+21,7.18088E+15,5.28276E+16
17374,3,4,59,12,2018,7,16,2,3,5,3,0,1,1,0,0,0,0,0,4.44971E+20,5.79064E+21,8.19366E+15,5.22634E+16
17375,3,2,56,17,2018,6,16,5,3,5,3,0,1,1,0,0,0,0,0,5.08134E+20,5.82313E+21,9.11998E+15,5.25582E+16
17376,3,3,53,9,2018,6,23,7,2,4,2,2,0,1,0,1,0,0,0,5.72233E+20,5.89434E+21,1.00812E+16,5.31934E+16
17377,3,1,59,17,2018,7,15,7,3,2,2,0,0,1,0,1,0,0,0,5.51753E+20,5.69381E+21,9.74385E+15,5.13932E+16
17378,3,2,57,29,2018,6,20,5,3,8,1,0,0,0,0,1,0,0,0,5.21682E+20,5.78925E+21,9.31763E+15,5.22532E+16
17379,3,1,53,12,2018,7,19,1,2,5,2,0,0,1,0,1,0,0,0,5.80989E+20,5.74947E+21,1.01769E+16,5.18901E+16
17380,3,2,54,20,2018,6,10,5,3,7,7,0,1,0,0,0,0,0,0,5.65956E+20,5.7849E+21,9.96529E+15,5.22106E+16
17381,3,4,59,3,2018,7,9,4,2,0,1,0,1,0,0,0,0,0,0,4.54751E+20,5.79669E+21,8.33615E+15,5.23186E+16
17382,3,1,53,9,2018,7,8,3,2,8,7,0,0,0,0,1,0,0,0,5.87167E+20,5.76056E+21,1.02694E+16,5.19889E+16
17383,3,2,54,42,2018,6,23,5,3,5,3,2,0,1,0,0,0,0,0,5.64241E+20,5.75433E+21,9.93444E+15,5.19359E+16
17384,3,3,56,7,2018,6,17,7,3,2,6,0,0,1,0,0,0,0,0,4.84938E+20,5.89771E+21,8.77437E+15,5.32285E+16
17385,3,2,54,43,2018,7,17,7,2,5,2,0,0,1,0,1,0,0,0,5.54088E+20,5.77365E+21,9.78983E+15,5.21107E+16
17386,3,1,59,10,2018,6,10,5,2,6,6,0,0,1,1,0,0,0,0,5.833E+20,5.705E+21,1.01998E+16,5.149E+16
17387,3,2,41,7,2018,7,9,2,2,2,6,0,0,1,0,0,0,1,0,5.51211E+20,5.79366E+21,9.75084E+15,5.22909E+16
17388,3,3,52,61,2018,7,18,2,2,4,2,0,0,1,0,1,0,0,0,4.71232E+20,5.95699E+21,8.56363E+15,5.37607E+16
17389,3,3,54,14,2018,7,16,4,2,9,7,0,0,1,0,0,0,0,0,6.55319E+20,5.88168E+21,1.13179E+16,5.3062E+16
17390,3,3,61,2,2018,6,10,6,3,3,2,0,0,1,0,0,0,0,0,5.0647E+20,5.8634E+21,9.09623E+15,5.29203E+16
17391,3,1,59,16,2018,6,22,5,3,0,7,2,1,1,0,0,0,0,0,5.65204E+20,5.70858E+21,9.93988E+15,5.15246E+16
17392,3,2,41,5,2018,7,6,6,3,4,6,0,1,0,0,0,0,0,0,5.40592E+20,5.80972E+21,9.5971E+15,5.24362E+16
17393,3,1,59,16,2018,7,12,2,3,5,3,0,0,1,0,0,0,0,0,5.61641E+20,5.71064E+21,9.88889E+15,5.15435E+16
17394,3,4,57,21,2018,7,16,3,3,5,2,0,1,0,0,0,0,1,0,3.8609E+20,5.88854E+21,7.29729E+15,5.31341E+16
17395,3,3,58,5,2018,7,10,1,3,2,6,0,0,1,0,0,0,0,0,5.47255E+20,5.83499E+21,9.69871E+15,5.26628E+16
17396,3,1,59,1,2018,6,12,5,3,9,1,0,0,1,0,0,0,0,0,5.54691E+20,5.71594E+21,9.7895E+15,5.15919E+16
17397,3,3,56,7,2018,7,18,5,3,0,7,0,0,1,0,0,0,0,0,4.80232E+20,5.90536E+21,8.7034E+15,5.3297E+16
17398,3,3,57,8,2018,7,14,1,3,2,2,0,0,1,0,0,0,0,0,5.07536E+20,5.92743E+21,9.1136E+15,5.34958E+16
17399,3,3,51,23,2018,7,18,3,3,6,2,0,0,1,1,0,0,0,0,5.57146E+20,5.83392E+21,9.84476E+15,5.26522E+16
17400,3,2,41,1,2018,7,20,5,3,0,1,0,1,0,0,0,0,0,0,5.53239E+20,5.79852E+21,9.78135E+15,5.23344E+16
17401,3,2,54,2,2018,7,16,1,3,5,2,0,0,1,0,0,0,0,0,5.58281E+20,5.75595E+21,9.84804E+15,5.19512E+16
17402,3,4,54,32,2018,7,17,7,3,5,3,0,1,1,0,0,0,0,0,3.85541E+20,5.82136E+21,7.31266E+15,5.25303E+16
17403,3,1,3,0,2018,6,7,5,3,5,3,0,0,1,0,0,0,0,0,6.1475E+20,5.8082E+21,1.06871E+16,5.2412E+16
17404,3,4,60,4,2018,7,17,4,3,5,3,0,1,1,0,0,0,0,0,4.56443E+20,5.84519E+21,8.35462E+15,5.27548E+16
17405,3,4,4,0,2018,7,15,2,3,2,6,0,0,1,0,0,0,0,0,4.35003E+20,5.79477E+21,8.04684E+15,5.22994E+16
17406,3,1,2,0,2018,6,13,5,3,2,6,0,0,1,0,0,0,0,0,5.91708E+20,5.77888E+21,1.03405E+16,5.21528E+16
17407,3,3,59,40,2018,6,12,7,3,0,1,0,1,0,0,0,0,0,0,5.22089E+20,5.95972E+21,9.33527E+15,5.37856E+16
17408,3,4,59,8,2018,7,12,6,3,3,6,0,0,1,0,1,0,0,0,4.40823E+20,5.79578E+21,8.13199E+15,5.23091E+16
17409,3,1,51,40,2018,6,6,5,3,5,2,0,1,1,0,0,0,0,0,6.15105E+20,5.83792E+21,1.07026E+16,5.2679E+16
17410,3,1,59,16,2018,7,20,2,3,2,6,0,0,1,0,1,0,0,0,5.61155E+20,5.71217E+21,9.88215E+15,5.15573E+16
17411,3,3,54,6,2018,7,0,2,3,2,7,2,0,1,0,0,0,0,0,6.27237E+20,5.88838E+21,1.09017E+16,5.31296E+16
17412,3,2,41,10,2018,7,18,4,3,8,7,0,0,0,0,1,0,1,1,5.47489E+20,5.81048E+21,9.69866E+15,5.24425E+16
17413,3,4,51,4,2018,6,2,6,2,8,1,2,0,1,0,0,0,0,0,4.29115E+20,5.88612E+21,7.9408E+15,5.31198E+16
17414,3,1,51,9,2018,6,13,5,2,9,1,0,0,1,0,0,1,0,0,6.02294E+20,5.82239E+21,1.05084E+16,5.2542E+16
17415,3,2,52,4,2018,7,11,6,3,2,6,0,0,1,0,0,0,1,0,5.37303E+20,5.77434E+21,9.54481E+15,5.21183E+16
17416,3,4,59,19,2018,7,11,1,2,0,7,0,1,0,0,0,0,0,0,4.3778E+20,5.78664E+21,8.08906E+15,5.22267E+16
17417,3,4,51,8,2018,7,23,3,2,4,6,2,1,0,0,1,0,0,0,4.37634E+20,5.90918E+21,8.06356E+15,5.33282E+16
17418,3,2,57,35,2018,7,2,2,3,0,1,2,0,1,0,0,0,0,0,5.15856E+20,5.79629E+21,9.23262E+15,5.23167E+16
17419,3,3,59,17,2018,7,17,2,3,5,3,0,1,1,0,0,0,0,0,5.27152E+20,5.93072E+21,9.40957E+15,5.35247E+16
17420,3,3,51,6,2018,7,12,4,3,2,6,0,0,1,0,0,0,0,0,5.75505E+20,5.82732E+21,1.01146E+16,5.25906E+16
17421,3,4,3,0,2018,6,10,6,2,6,4,0,0,1,1,0,0,0,0,4.47866E+20,5.88886E+21,8.22051E+15,5.31465E+16
17422,3,4,59,8,2018,6,15,4,3,9,7,0,0,1,0,0,0,0,0,4.38919E+20,5.80057E+21,8.10321E+15,5.2352E+16
17423,3,2,57,2,2018,7,19,6,2,5,3,0,0,1,0,0,0,0,0,5.23828E+20,5.79231E+21,9.34927E+15,5.22807E+16
17424,3,1,51,5,2018,7,13,2,3,4,2,0,0,1,0,0,0,0,0,6.30867E+20,5.82591E+21,1.09309E+16,5.25675E+16
17425,3,4,52,6,2018,7,16,3,3,2,6,0,0,1,0,0,0,0,0,4.05613E+20,5.91575E+21,7.58094E+15,5.33824E+16
17426,3,3,51,12,2018,7,14,1,3,8,1,0,0,1,0,0,0,0,0,5.62186E+20,5.83495E+21,9.91945E+15,5.26609E+16
17427,3,4,59,21,2018,6,20,4,3,5,2,0,1,1,0,0,0,0,0,4.27963E+20,5.7867E+21,7.94534E+15,5.2226E+16
17428,3,3,51,25,2018,7,12,1,3,9,6,0,0,1,0,0,0,1,0,5.92774E+20,5.84973E+21,1.03758E+16,5.27894E+16
17429,3,2,41,12,2018,7,8,3,3,5,3,0,0,1,0,0,0,0,0,5.33001E+20,5.8235E+21,9.48682E+15,5.25605E+16
17430,3,2,41,1,2018,7,10,5,2,2,6,0,0,0,0,0,1,1,0,5.50428E+20,5.80885E+21,9.74165E+15,5.24275E+16
17431,3,1,59,16,2018,7,18,1,3,5,3,0,0,1,0,0,0,1,0,5.65197E+20,5.70911E+21,9.93988E+15,5.15293E+16
17432,3,2,51,49,2018,7,11,7,3,9,6,0,0,1,0,0,0,0,0,4.95068E+20,5.84985E+21,8.92685E+15,5.27984E+16
17433,3,4,59,19,2018,6,12,4,2,9,1,0,0,1,0,0,0,0,0,4.35173E+20,5.78417E+21,8.05136E+15,5.22042E+16
17434,3,4,52,26,2018,7,16,2,2,8,6,0,0,0,0,1,0,0,0,3.82782E+20,5.92829E+21,7.23319E+15,5.34905E+16
17435,3,4,51,5,2018,7,11,4,3,9,1,0,0,0,0,0,0,1,0,4.48421E+20,5.89549E+21,8.22774E+15,5.32063E+16
17436,3,2,51,37,2018,6,20,6,2,4,6,0,1,0,0,0,0,0,0,4.82658E+20,5.87596E+21,8.7414E+15,5.30329E+16
17437,3,4,59,19,2018,6,6,4,3,5,3,0,1,1,0,0,0,0,0,4.34296E+20,5.78488E+21,8.03839E+15,5.22104E+16
17438,3,2,41,19,2018,6,10,7,3,5,3,0,1,1,0,0,0,0,0,5.49529E+20,5.82197E+21,9.73039E+15,5.25456E+16
17439,3,4,53,8,2018,7,15,6,3,5,3,0,0,1,0,0,0,1,0,4.35151E+20,5.86868E+21,8.0345E+15,5.29638E+16
17440,3,1,58,37,2018,7,7,2,3,5,3,0,0,1,0,0,0,0,0,6.06418E+20,5.77905E+21,1.05554E+16,5.21517E+16
17441,3,2,41,1,2018,7,16,2,3,5,3,0,0,1,0,0,0,0,0,5.55087E+20,5.80356E+21,9.80929E+15,5.23795E+16
17442,3,2,56,5,2018,7,7,4,3,5,3,0,0,1,0,0,0,0,0,5.16037E+20,5.83886E+21,9.23733E+15,5.26994E+16
17443,3,2,51,47,2018,6,7,6,3,5,3,0,0,1,0,1,0,0,0,4.85642E+20,5.87083E+21,8.78612E+15,5.29868E+16
17444,3,1,53,17,2018,6,11,7,3,0,7,0,1,0,0,0,0,0,0,6.05857E+20,5.75741E+21,1.05405E+16,5.19573E+16
17445,3,4,59,10,2018,6,14,4,2,8,1,0,0,1,0,0,0,0,0,4.26951E+20,5.82408E+21,7.92237E+15,5.25618E+16
17446,3,1,59,16,2018,7,18,6,3,5,3,0,1,1,0,0,0,0,0,5.6406E+20,5.70892E+21,9.92346E+15,5.15277E+16
17447,3,4,56,12,2018,7,11,1,3,5,3,0,0,1,0,0,0,0,0,3.48209E+20,5.83479E+21,6.75656E+15,5.26418E+16
17448,3,4,58,8,2018,7,18,3,2,2,6,0,0,0,0,0,1,0,0,4.7597E+20,5.87077E+21,8.64206E+15,5.29859E+16
17449,3,2,52,3,2018,7,12,1,2,4,1,0,0,1,0,1,0,0,0,5.15557E+20,5.75962E+21,9.22654E+15,5.1987E+16
17450,3,4,57,13,2018,6,11,4,2,5,3,0,1,1,0,0,0,0,0,4.01592E+20,5.90111E+21,7.52506E+15,5.32501E+16
17451,3,1,2,0,2018,7,14,5,3,2,6,0,0,1,0,0,0,0,0,5.91377E+20,5.77747E+21,1.03352E+16,5.21402E+16
17452,3,2,52,6,2018,7,15,3,3,2,6,0,0,1,0,0,0,1,0,5.26632E+20,5.7725E+21,9.38883E+15,5.21024E+16
17453,3,4,54,47,2018,6,13,4,3,5,3,0,0,1,0,0,1,0,0,3.99474E+20,5.85478E+21,7.50777E+15,5.28334E+16
17454,3,4,54,14,2018,6,17,7,3,5,3,0,1,1,0,0,0,0,0,3.78742E+20,5.83266E+21,7.20834E+15,5.26304E+16
17455,3,2,41,1,2018,7,17,7,3,0,3,0,0,1,0,1,0,0,0,5.45943E+20,5.80373E+21,9.67499E+15,5.23819E+16
17456,3,4,54,18,2018,6,23,4,2,5,3,2,1,1,0,0,0,0,0,3.80585E+20,5.85041E+21,7.22911E+15,5.27902E+16
17457,3,4,3,0,2018,7,15,2,2,3,6,0,1,1,0,0,0,0,0,4.47157E+20,5.88497E+21,8.21055E+15,5.31116E+16
17458,3,3,53,29,2018,7,12,4,3,0,7,0,1,1,0,0,0,0,0,5.59623E+20,5.91805E+21,9.89692E+15,5.34082E+16
17459,3,2,51,7,2018,6,9,6,2,5,2,0,0,1,0,0,0,0,0,4.80698E+20,5.85677E+21,8.71331E+15,5.28603E+16
17460,3,2,57,2,2018,7,16,1,3,2,6,0,0,1,0,0,0,0,0,5.22977E+20,5.79179E+21,9.33676E+15,5.2276E+16
17461,3,4,54,18,2018,6,13,4,3,5,3,0,1,1,0,0,0,0,0,3.79123E+20,5.84584E+21,7.20913E+15,5.27489E+16
17462,3,1,59,17,2018,7,7,5,3,9,1,0,0,1,0,1,0,0,0,5.4899E+20,5.70023E+21,9.70503E+15,5.14511E+16
17463,3,2,41,1,2018,7,6,3,3,2,6,0,0,1,0,0,0,0,0,5.45624E+20,5.80889E+21,9.67101E+15,5.24283E+16
17464,3,4,52,19,2018,6,14,4,3,1,1,0,0,1,0,0,0,0,0,3.79995E+20,5.94206E+21,7.18592E+15,5.36136E+16
17465,3,1,2,0,2018,7,15,1,3,0,3,0,0,0,0,1,0,1,0,6.00895E+20,5.78372E+21,1.04761E+16,5.21947E+16
17466,3,3,53,30,2018,7,18,7,3,2,2,0,0,1,0,0,0,0,0,5.78524E+20,5.89763E+21,1.01761E+16,5.32221E+16
17467,3,4,55,26,2018,6,21,4,2,9,1,0,0,1,0,0,0,0,0,4.4101E+20,5.91708E+21,8.11279E+15,5.33995E+16
17468,3,4,55,26,2018,7,20,2,3,5,3,1,0,1,0,0,0,0,0,4.41632E+20,5.91704E+21,8.12214E+15,5.33992E+16
17469,3,4,61,4,2018,7,16,4,2,2,2,0,0,1,0,0,0,0,0,4.63043E+20,5.89678E+21,8.44651E+15,5.32191E+16
17470,3,2,51,40,2018,6,10,6,3,2,6,0,0,0,0,1,1,0,0,4.85305E+20,5.83565E+21,8.78268E+15,5.26706E+16
17471,3,4,55,7,2018,6,14,4,3,5,3,0,1,1,0,0,0,0,0,4.28149E+20,5.93515E+21,7.91524E+15,5.35603E+16
17472,3,1,59,19,2018,6,22,7,2,4,2,2,0,1,0,0,0,0,0,5.92905E+20,5.72307E+21,1.03429E+16,5.16509E+16
17473,3,4,51,2,2018,7,16,6,3,4,2,0,1,1,0,0,0,0,0,4.36142E+20,5.89758E+21,8.0435E+15,5.32237E+16
17474,3,1,57,6,2018,7,8,2,3,2,6,0,0,0,0,0,1,0,0,5.85428E+20,5.79923E+21,1.02538E+16,5.23367E+16
17475,3,2,41,10,2018,7,14,2,3,2,6,0,0,1,0,0,0,0,0,5.49175E+20,5.81208E+21,9.7237E+15,5.24567E+16
17476,3,1,57,9,2018,7,11,4,3,2,2,0,0,1,0,0,0,1,0,5.84241E+20,5.78683E+21,1.02333E+16,5.22255E+16
17477,3,4,58,9,2018,6,21,6,1,2,6,0,0,1,0,1,0,0,0,4.55364E+20,5.88016E+21,8.33382E+15,5.3069E+16
17478,3,4,5,0,2018,6,15,4,3,5,3,0,1,1,0,0,0,0,0,4.39464E+20,5.93151E+21,8.08675E+15,5.3529E+16
17479,3,4,59,8,2018,7,16,5,3,2,6,0,0,1,0,0,0,0,0,4.40069E+20,5.79552E+21,8.12098E+15,5.23067E+16
17480,3,4,55,15,2018,7,14,1,3,5,3,0,1,1,0,0,0,0,0,4.30097E+20,5.93125E+21,7.94552E+15,5.35256E+16
17481,3,3,52,11,2018,7,22,3,3,5,3,2,0,1,0,0,0,0,0,4.78469E+20,5.96797E+21,8.67263E+15,5.38597E+16
17482,3,2,52,6,2018,6,12,7,3,3,6,0,0,1,0,0,0,1,0,5.25798E+20,5.77228E+21,9.37663E+15,5.21005E+16
17483,3,1,2,0,2018,7,3,1,3,0,2,2,0,1,0,0,0,0,0,5.89222E+20,5.78042E+21,1.03045E+16,5.21671E+16
17484,3,3,61,9,2018,6,22,4,3,4,2,2,0,1,0,1,0,0,0,4.98151E+20,5.87878E+21,8.9724E+15,5.30585E+16
17485,3,1,1,0,2018,7,9,5,3,5,3,0,1,1,0,0,0,0,0,6.00075E+20,5.79597E+21,1.04678E+16,5.23049E+16
17486,3,1,58,37,2018,7,9,3,3,4,2,0,1,1,0,0,0,0,0,6.05412E+20,5.78108E+21,1.05414E+16,5.21702E+16
17487,3,3,61,6,2018,6,18,4,3,5,3,0,0,1,0,0,0,0,0,5.13364E+20,5.8692E+21,9.199E+15,5.29722E+16
17488,3,4,53,11,2018,6,6,7,3,8,1,0,0,0,0,0,0,1,0,4.22108E+20,5.84353E+21,7.84635E+15,5.2736E+16
17489,3,2,41,1,2018,7,18,7,2,5,2,0,1,1,0,0,0,0,0,5.50401E+20,5.80226E+21,9.74026E+15,5.23683E+16
17490,3,4,51,2,2018,6,23,4,3,5,3,2,0,1,0,0,0,0,0,4.40914E+20,5.89331E+21,8.11575E+15,5.31858E+16
17491,3,2,41,1,2018,7,20,2,3,5,3,1,1,1,0,0,0,0,0,5.56572E+20,5.80427E+21,9.83122E+15,5.23858E+16
17492,3,4,58,5,2018,7,13,2,2,5,3,0,0,1,0,1,0,0,0,4.65843E+20,5.87578E+21,8.49067E+15,5.30304E+16
17493,3,3,57,18,2018,7,8,4,2,8,7,0,0,1,0,0,1,0,0,5.19671E+20,5.89453E+21,9.29448E+15,5.31997E+16
17494,3,2,51,37,2018,6,14,6,3,2,6,0,0,1,0,0,0,1,0,4.8659E+20,5.87485E+21,8.80007E+15,5.3023E+16
17495,3,4,61,4,2018,6,18,4,1,0,2,0,1,0,0,0,0,0,0,4.63747E+20,5.8987E+21,8.45682E+15,5.32364E+16
17496,3,3,51,10,2018,7,7,6,3,5,3,0,1,1,0,0,0,0,1,5.74912E+20,5.8592E+21,1.01131E+16,5.28773E+16
17497,3,4,51,2,2018,7,16,1,2,5,3,0,0,1,0,0,0,0,0,4.33838E+20,5.89666E+21,8.00919E+15,5.32151E+16
17498,3,2,54,28,2018,7,19,2,2,2,6,0,0,1,0,0,1,0,0,5.63505E+20,5.78797E+21,9.93E+15,5.22385E+16
17499,3,4,59,16,2018,7,17,3,3,9,1,0,0,1,0,0,0,0,0,4.19528E+20,5.82142E+21,7.81353E+15,5.2537E+16
17500,3,4,61,9,2018,6,10,6,2,2,6,0,0,1,0,1,0,0,0,4.57593E+20,5.91696E+21,8.36219E+15,5.34E+16
17501,3,3,53,31,2018,7,18,1,3,2,6,0,0,1,0,0,0,0,0,5.67589E+20,5.91584E+21,1.00163E+16,5.33873E+16
17502,3,4,58,14,2018,6,14,4,3,4,6,0,1,0,0,0,0,0,0,4.60797E+20,5.85982E+21,8.41736E+15,5.28867E+16
17503,3,4,1,0,2018,6,18,4,3,5,2,0,1,1,0,0,0,0,0,4.77736E+20,5.8782E+21,8.66784E+15,5.30529E+16
17504,3,2,57,31,2018,6,18,7,2,9,1,0,0,0,0,1,0,0,0,5.11064E+20,5.77505E+21,9.16162E+15,5.21259E+16
17505,3,3,58,8,2018,7,20,6,2,4,2,0,0,1,0,1,0,0,0,5.47309E+20,5.85846E+21,9.70291E+15,5.28738E+16
17506,3,4,52,12,2018,7,2,1,3,8,1,2,0,1,0,0,0,0,0,3.9435E+20,5.91462E+21,7.41206E+15,5.33701E+16