OBJECTID_1,ULAND,UREGBEZ,UKREIS,UGEMEINDE,UJAHR,UMONAT,USTUNDE,UWOCHENTAG,UKATEGORIE,UART,UTYP1,ULICHTVERH,IstRad,IstPKW,IstFuss,IstKrad,IstGkfz,IstSonstig,STRZUSTAND,LINREFX,LINREFY,XGCSWGS84,YGCSWGS84
17507,3,2,41,19,2018,7,12,2,3,2,6,0,0,1,0,0,0,1,0,5.53843E+20,5.82283E+21,9.79413E+15,5.25528E+16
17508,3,4,59,8,2018,7,20,3,3,7,7,0,1,0,0,0,0,0,0,4.4029E+20,5.79948E+21,8.12352E+15,5.23424E+16
17509,3,4,61,1,2018,6,5,6,3,4,6,0,0,1,0,0,0,0,0,4.6911E+20,5.88689E+21,8.53833E+15,5.31305E+16
17510,3,4,1,0,2018,6,7,4,2,5,3,0,0,1,0,1,0,0,0,4.78511E+20,5.87662E+21,8.67951E+15,5.30386E+16
17511,3,4,54,44,2018,7,11,5,3,8,1,0,0,0,0,1,0,0,0,3.82896E+20,5.88077E+21,7.25241E+15,5.30635E+16
17512,3,2,51,2,2018,7,14,1,2,4,6,0,0,1,0,1,0,0,0,5.01103E+20,5.84554E+21,9.01635E+15,5.27597E+16
17513,3,3,58,22,2018,7,6,3,3,2,6,0,0,0,0,0,0,1,0,5.40419E+20,5.85723E+21,9.60039E+15,5.28633E+16
17514,3,4,58,5,2018,7,17,5,3,2,6,0,0,1,1,0,0,0,0,4.68604E+20,5.88309E+21,8.53113E+15,5.30964E+16
17515,3,1,2,0,2018,7,10,1,3,8,1,0,0,1,0,0,0,0,0,5.93437E+20,5.78063E+21,1.03662E+16,5.21682E+16
17516,3,3,53,11,2018,6,19,4,3,5,3,0,0,1,0,0,0,0,0,5.73449E+20,5.8992E+21,1.01005E+16,5.3237E+16
17517,3,4,59,14,2018,7,14,4,3,4,6,0,1,0,0,0,0,0,0,4.33346E+20,5.80578E+21,8.02035E+15,5.23982E+16
17518,3,1,54,13,2018,7,19,3,3,2,6,0,0,1,0,0,0,1,0,6.28601E+20,5.79499E+21,1.08856E+16,5.22902E+16
17519,3,3,53,6,2018,6,14,4,2,8,1,0,0,1,0,0,0,0,0,5.46981E+20,5.90617E+21,9.705E+15,5.33026E+16
17520,3,4,61,2,2018,6,9,7,3,2,2,0,0,1,0,0,0,0,0,4.6544E+20,5.90852E+21,8.48113E+15,5.33247E+16
17521,3,2,52,8,2018,7,20,7,3,9,6,0,0,1,0,0,0,0,0,5.40848E+20,5.76677E+21,9.59568E+15,5.205E+16
17522,3,3,59,23,2018,6,20,4,3,5,3,1,0,1,0,0,0,0,0,5.30556E+20,5.9204E+21,9.45991E+15,5.34318E+16
17523,3,2,41,4,2018,7,8,2,2,8,1,0,0,1,0,0,0,0,0,5.55406E+20,5.81918E+21,9.81657E+15,5.25199E+16
17524,3,3,53,28,2018,7,16,2,3,5,3,0,0,1,0,0,0,0,0,5.42982E+20,5.91442E+21,9.64612E+15,5.33771E+16
17525,3,3,55,22,2018,7,8,4,1,4,6,0,0,1,0,0,0,1,0,5.91896E+20,5.89482E+21,1.03756E+16,5.31947E+16
17526,3,3,52,22,2018,6,21,6,3,0,3,0,1,1,0,0,0,0,0,5.0754E+20,5.95019E+21,9.11422E+15,5.37004E+16
17527,3,3,59,10,2018,6,10,4,3,2,7,0,0,1,0,0,0,1,0,5.48632E+20,5.92306E+21,9.73238E+15,5.34543E+16
17528,3,1,55,13,2018,7,8,6,3,1,7,0,0,0,0,1,0,1,0,5.64263E+20,5.73826E+21,9.93177E+15,5.17915E+16
17529,3,1,2,0,2018,7,19,2,3,0,2,0,0,1,0,1,0,0,0,5.90859E+20,5.77804E+21,1.03278E+16,5.21453E+16
17530,3,4,54,32,2018,7,13,3,3,5,3,0,1,1,0,0,0,0,0,3.88037E+20,5.81978E+21,7.34997E+15,5.25166E+16
17531,3,3,57,45,2018,7,14,1,3,2,6,0,0,1,0,0,0,0,0,5.12555E+20,5.8832E+21,9.1875E+15,5.30981E+16
17532,3,3,52,44,2018,6,13,4,3,2,6,0,0,1,0,0,1,0,0,5.14244E+20,5.95114E+21,9.21579E+15,5.37088E+16
17533,3,3,54,18,2018,7,18,1,1,8,1,0,0,1,0,0,0,0,0,6.43361E+20,5.8711E+21,1.11349E+16,5.29703E+16
17534,3,3,51,6,2018,7,15,3,3,5,3,0,1,1,0,0,0,0,0,5.73733E+20,5.83083E+21,1.00892E+16,5.26225E+16
17535,3,2,41,15,2018,7,10,5,3,2,6,0,0,1,0,0,0,0,0,5.40461E+20,5.80659E+21,9.59481E+15,5.2408E+16
17536,3,2,55,28,2018,7,17,1,3,5,3,0,0,1,0,0,0,0,0,5.4274E+20,5.75557E+21,9.62187E+15,5.19492E+16
17537,3,4,55,7,2018,7,7,7,2,8,1,0,0,1,0,0,0,0,0,4.24605E+20,5.934E+21,7.86203E+15,5.35495E+16
17538,3,3,58,5,2018,6,15,4,3,2,6,0,0,1,0,0,0,0,0,5.49446E+20,5.8302E+21,9.73038E+15,5.26195E+16
17539,3,3,56,7,2018,7,18,4,3,2,6,0,0,1,0,0,0,0,0,4.84938E+20,5.89771E+21,8.77438E+15,5.32285E+16
17540,3,4,52,1,2018,7,18,5,3,2,6,0,0,1,0,0,0,0,0,3.99394E+20,5.92604E+21,7.48419E+15,5.34737E+16
17541,3,3,59,24,2018,7,21,1,2,8,1,0,0,1,0,0,0,0,0,5.1987E+20,5.93703E+21,9.30013E+15,5.35817E+16
17542,3,3,54,26,2018,7,11,3,2,2,2,0,0,1,0,0,0,1,0,6.38376E+20,5.86795E+21,1.10593E+16,5.29433E+16
17543,3,3,53,19,2018,7,18,5,3,2,6,0,0,1,0,0,0,0,0,5.47814E+20,5.91266E+21,9.71848E+15,5.33609E+16
17544,3,1,55,10,2018,7,16,1,3,3,6,0,0,1,0,0,0,0,0,5.63536E+20,5.72022E+21,9.91795E+15,5.16294E+16
17545,3,4,54,58,2018,7,23,7,2,8,1,2,0,1,0,0,0,0,0,3.99761E+20,5.85871E+21,7.51083E+15,5.28688E+16
17546,3,3,58,2,2018,6,8,4,3,8,1,0,0,1,0,0,0,0,0,5.66853E+20,5.88803E+21,9.99936E+15,5.31375E+16
17547,3,4,54,32,2018,7,8,4,3,0,2,0,1,1,0,0,0,0,0,3.87433E+20,5.82036E+21,7.34088E+15,5.25217E+16
17548,3,4,59,33,2018,7,8,2,3,5,3,0,0,1,0,0,1,0,0,4.33431E+20,5.80015E+21,8.02272E+15,5.23476E+16
17549,3,3,57,43,2018,6,7,4,3,5,3,0,1,1,0,0,0,0,0,5.13681E+20,5.91402E+21,9.20565E+15,5.33751E+16
17550,3,3,53,19,2018,6,10,7,3,8,1,0,0,1,0,0,0,0,0,5.46246E+20,5.91329E+21,9.695E+15,5.33667E+16
17551,3,1,59,16,2018,7,16,7,2,2,6,0,0,1,0,0,0,0,0,5.64578E+20,5.71124E+21,9.93135E+15,5.15486E+16
17552,3,3,54,8,2018,6,7,4,3,5,3,0,0,1,0,1,0,0,0,6.48489E+20,5.88347E+21,1.12169E+16,5.308E+16
17553,3,1,59,34,2018,7,14,2,2,8,1,0,0,1,0,0,0,1,0,5.44389E+20,5.68621E+21,9.63707E+15,5.13255E+16
17554,3,3,58,2,2018,7,11,2,3,4,2,0,0,1,0,1,0,0,0,5.66831E+20,5.88224E+21,9.99782E+15,5.30854E+16
17555,3,2,41,7,2018,7,16,4,3,2,6,0,0,1,0,0,0,1,0,5.50224E+20,5.79537E+21,9.73663E+15,5.23063E+16
17556,3,3,53,31,2018,6,17,6,3,0,6,0,0,0,0,1,0,0,0,5.65677E+20,5.91845E+21,9.98806E+15,5.3411E+16
17557,3,3,51,26,2018,6,20,4,3,4,6,0,0,1,0,0,0,0,0,5.72934E+20,5.85339E+21,1.00824E+16,5.28253E+16
17558,3,2,54,21,2018,7,20,6,2,7,7,0,1,0,0,0,0,0,0,5.64003E+20,5.77843E+21,9.9355E+15,5.21526E+16
17559,3,4,59,24,2018,7,12,1,3,2,2,0,0,1,0,0,0,0,0,4.55538E+20,5.78224E+21,8.3496E+15,5.21889E+16
17560,3,4,53,13,2018,7,9,3,2,4,6,0,0,1,0,0,1,0,0,4.17999E+20,5.87655E+21,7.77718E+15,5.30321E+16
17561,3,4,57,14,2018,6,16,6,3,5,2,0,0,1,0,0,0,0,0,3.97046E+20,5.90463E+21,7.45581E+15,5.32809E+16
17562,3,2,41,1,2018,7,17,1,3,3,6,0,0,1,0,0,0,0,0,5.59227E+20,5.80612E+21,9.87056E+15,5.24021E+16
17563,3,3,51,6,2018,6,8,4,3,5,3,0,0,1,0,1,0,0,0,5.75487E+20,5.83339E+21,1.01157E+16,5.26453E+16
17564,3,2,54,21,2018,7,18,5,3,2,2,0,0,1,0,0,0,0,0,5.69549E+20,5.77946E+21,1.00168E+16,5.21613E+16
17565,3,2,41,2,2018,7,8,3,2,4,6,0,0,1,0,0,0,0,0,5.34202E+20,5.80205E+21,9.50234E+15,5.23677E+16
17566,3,2,41,1,2018,6,17,4,3,3,6,0,0,1,0,1,0,0,0,5.44303E+20,5.80784E+21,9.65144E+15,5.2419E+16
17567,3,2,57,35,2018,7,9,5,3,2,6,0,0,1,0,0,0,0,0,5.15303E+20,5.79649E+21,9.22451E+15,5.23185E+16
17568,3,1,59,16,2018,7,10,1,3,5,3,0,1,1,0,0,0,0,0,5.61388E+20,5.70903E+21,9.88496E+15,5.1529E+16
17569,3,4,58,5,2018,7,19,7,3,5,3,0,0,1,0,0,0,0,0,4.73128E+20,5.8809E+21,8.59888E+15,5.30769E+16
17570,3,2,41,1,2018,6,12,4,3,0,7,0,0,0,0,0,0,1,0,5.55068E+20,5.80353E+21,9.80901E+15,5.23793E+16
17571,3,4,60,6,2018,7,18,2,3,2,6,0,0,1,0,0,0,0,0,4.44514E+20,5.83475E+21,8.17964E+15,5.26599E+16
17572,3,4,51,7,2018,7,6,4,3,5,3,0,0,1,0,0,0,0,0,4.30741E+20,5.90357E+21,7.96131E+15,5.32768E+16
17573,3,3,53,40,2018,6,18,6,3,2,6,0,0,1,0,0,0,0,0,5.76258E+20,5.9121E+21,1.01457E+16,5.33525E+16
17574,3,2,41,1,2018,6,15,4,3,2,2,0,0,1,0,0,0,0,0,5.57813E+20,5.80497E+21,9.84958E+15,5.2392E+16
17575,3,2,41,3,2018,6,22,7,3,2,6,2,0,1,0,0,0,1,0,5.71574E+20,5.81146E+21,1.00532E+16,5.24486E+16
17576,3,4,5,0,2018,7,7,6,3,0,1,0,0,0,0,1,0,0,1,4.39767E+20,5.93004E+21,8.09161E+15,5.35158E+16
17577,3,1,53,17,2018,7,16,2,1,8,1,0,0,0,0,0,0,1,0,6.04502E+20,5.75507E+21,1.05201E+16,5.19365E+16
17578,3,2,41,1,2018,7,15,2,3,2,6,0,0,1,0,0,1,0,0,5.58698E+20,5.80215E+21,9.86209E+15,5.23664E+16
17579,3,2,52,2,2018,7,12,4,3,9,7,0,0,1,0,0,0,0,0,5.33674E+20,5.77821E+21,9.4922E+15,5.21533E+16
17580,3,3,53,35,2018,6,16,6,3,2,6,0,0,1,0,1,0,1,0,5.47812E+20,5.90334E+21,9.71704E+15,5.32771E+16
17581,3,2,41,1,2018,6,12,4,3,2,6,0,0,1,0,0,0,0,0,5.5428E+20,5.80799E+21,9.79816E+15,5.24195E+16
17582,3,2,41,15,2018,6,16,4,3,0,1,0,1,0,0,0,0,0,1,5.36535E+20,5.80582E+21,9.537E+15,5.24014E+16
17583,3,3,60,12,2018,6,13,7,3,2,6,0,0,1,0,0,0,0,0,6.01416E+20,5.88576E+21,1.05151E+16,5.31116E+16
17584,3,4,52,11,2018,7,9,6,2,4,1,0,0,1,0,0,0,0,0,3.81928E+20,5.91955E+21,7.22361E+15,5.34118E+16
17585,3,2,41,2,2018,6,20,4,3,2,7,0,1,0,0,1,0,0,0,5.32263E+20,5.79056E+21,9.47275E+15,5.22645E+16
17586,3,1,54,13,2018,7,17,2,3,5,3,0,0,1,0,0,0,0,0,6.27066E+20,5.79716E+21,1.08639E+16,5.231E+16
17587,3,3,51,12,2018,7,6,2,3,2,6,0,0,1,0,0,0,0,0,5.62982E+20,5.82739E+21,9.92978E+15,5.25929E+16
17588,3,2,41,1,2018,7,14,4,3,6,4,0,0,0,1,0,0,1,0,5.52184E+20,5.79924E+21,9.76597E+15,5.2341E+16
17589,3,2,41,5,2018,6,11,4,3,5,3,0,1,1,0,0,0,0,0,5.41395E+20,5.81051E+21,9.60901E+15,5.24432E+16
17590,3,1,59,5,2018,7,9,6,3,5,3,0,0,1,0,0,0,0,0,5.8043E+20,5.72159E+21,1.01623E+16,5.16396E+16
17591,3,4,4,0,2018,7,6,1,3,4,7,0,0,1,0,0,0,0,0,4.33315E+20,5.79202E+21,8.02263E+15,5.22745E+16
17592,3,2,51,37,2018,7,16,3,3,5,3,0,0,1,0,0,1,0,0,4.81018E+20,5.87175E+21,8.71718E+15,5.2995E+16
17593,3,2,56,25,2018,7,5,1,3,9,1,1,0,1,0,0,0,0,0,5.10775E+20,5.8119E+21,9.15858E+15,5.24572E+16
17594,3,2,41,19,2018,6,15,4,3,5,3,0,0,1,0,1,0,0,0,5.4285E+20,5.81748E+21,9.63132E+15,5.25058E+16
17595,3,1,3,0,2018,7,14,5,3,5,3,0,1,1,0,0,0,0,0,6.20962E+20,5.81433E+21,1.07806E+16,5.24657E+16
17596,3,2,56,21,2018,7,8,3,3,2,6,0,0,1,0,0,0,0,0,5.10641E+20,5.83505E+21,9.15734E+15,5.26653E+16
17597,3,2,41,11,2018,6,17,4,1,2,6,0,0,0,0,0,1,1,0,5.61042E+20,5.80557E+21,9.89714E+15,5.2397E+16
17598,3,4,59,33,2018,6,16,7,2,5,3,0,1,1,0,0,0,0,0,4.3419E+20,5.79699E+21,8.03448E+15,5.23193E+16
17599,3,3,57,51,2018,7,9,7,3,3,7,0,0,1,0,0,0,0,0,5.40332E+20,5.87227E+21,9.60096E+15,5.29985E+16
17600,3,2,41,1,2018,6,16,4,3,2,6,0,0,1,0,0,0,0,0,5.53329E+20,5.80147E+21,9.78314E+15,5.23609E+16
17601,3,4,5,0,2018,7,15,2,3,5,2,0,1,1,0,0,0,0,0,4.39885E+20,5.9314E+21,8.09313E+15,5.35281E+16
17602,3,4,58,9,2018,7,9,4,2,5,2,0,1,0,0,0,1,0,0,4.48943E+20,5.87882E+21,8.23821E+15,5.30564E+16
17603,3,2,41,1,2018,6,14,4,3,3,6,0,0,1,0,1,0,0,0,5.46749E+20,5.80484E+21,9.68698E+15,5.23918E+16
17604,3,1,55,1,2018,6,13,7,2,3,6,0,0,1,0,0,0,0,0,5.76255E+20,5.7469E+21,1.01075E+16,5.18677E+16
17605,3,4,58,13,2018,7,13,6,3,2,6,0,0,1,0,0,0,1,0,4.45665E+20,5.88475E+21,8.18831E+15,5.31094E+16
17606,3,4,62,5,2018,7,12,1,3,4,2,0,0,1,0,0,0,1,0,4.12938E+20,5.92713E+21,7.68789E+15,5.34859E+16
17607,3,2,41,1,2018,7,18,2,3,2,7,0,0,1,0,0,0,0,0,5.43684E+20,5.80734E+21,9.64227E+15,5.24146E+16
17608,3,1,51,36,2018,7,17,4,2,4,2,0,0,1,0,0,0,0,0,6.14349E+20,5.82966E+21,1.06886E+16,5.26049E+16
17609,3,2,41,1,2018,6,13,4,3,2,6,0,0,1,0,0,0,0,0,5.5096E+20,5.80884E+21,9.74947E+15,5.24274E+16
17610,3,4,59,7,2018,7,8,5,3,4,2,0,0,1,0,0,1,0,0,4.29912E+20,5.83209E+21,7.96435E+15,5.26343E+16
17611,3,4,51,2,2018,7,16,1,3,6,6,0,0,0,1,0,0,1,0,4.33482E+20,5.89345E+21,8.00453E+15,5.31862E+16
17612,3,3,59,38,2018,7,9,3,3,2,6,0,0,1,0,0,0,0,0,5.31814E+20,5.94448E+21,9.48129E+15,5.36482E+16
17613,3,4,51,5,2018,7,12,5,3,5,3,0,1,1,0,0,0,0,0,4.50281E+20,5.89521E+21,8.25563E+15,5.32039E+16
17614,3,1,57,6,2018,7,15,1,2,8,1,0,0,1,0,0,0,0,0,5.86024E+20,5.79506E+21,1.02615E+16,5.22991E+16
17615,3,2,41,14,2018,6,7,4,2,5,3,0,0,1,0,1,0,0,0,5.43476E+20,5.79388E+21,9.63747E+15,5.22935E+16
17616,3,4,59,29,2018,7,16,4,3,4,6,0,0,1,0,0,0,1,0,4.45815E+20,5.79869E+21,8.20474E+15,5.23358E+16
17617,3,1,57,2,2018,7,11,3,2,6,4,0,0,1,1,0,0,0,0,5.72802E+20,5.79042E+21,1.00667E+16,5.22593E+16
17618,3,2,57,28,2018,6,14,4,3,2,2,0,0,1,0,0,0,0,0,5.06613E+20,5.79145E+21,9.09691E+15,5.22734E+16
17619,3,1,53,12,2018,7,12,6,3,6,4,0,0,1,1,0,0,0,1,5.80989E+20,5.74947E+21,1.01769E+16,5.18901E+16
17620,3,4,54,45,2018,7,2,1,2,9,1,2,0,1,0,0,0,0,0,3.83731E+20,5.7982E+21,7.29404E+15,5.23218E+16
17621,3,4,58,13,2018,7,5,3,3,5,3,0,1,1,0,0,0,0,0,4.4617E+20,5.87948E+21,8.19672E+15,5.30621E+16
17622,3,1,54,2,2018,7,10,1,3,0,7,0,0,1,0,1,0,0,0,6.27782E+20,5.77079E+21,1.08645E+16,5.20729E+16
17623,3,2,57,16,2018,6,15,4,3,4,5,0,0,1,0,0,0,0,0,5.2563E+20,5.80214E+21,9.37644E+15,5.2369E+16
17624,3,1,51,13,2018,7,15,5,2,5,3,0,1,1,0,0,0,0,0,6.08104E+20,5.81045E+21,1.05902E+16,5.24335E+16
17625,3,1,59,29,2018,7,2,3,3,8,7,2,0,1,0,0,0,0,0,5.61266E+20,5.70535E+21,9.88256E+15,5.1496E+16
17626,3,2,56,36,2018,6,12,4,3,9,1,0,0,1,0,0,0,0,0,5.05794E+20,5.83869E+21,9.08573E+15,5.26981E+16
17627,3,4,62,10,2018,6,5,7,1,8,1,0,0,1,0,0,0,0,0,4.11833E+20,5.94697E+21,7.66565E+15,5.3664E+16
17628,3,2,41,12,2018,7,11,7,3,0,7,0,1,0,0,0,0,0,0,5.30947E+20,5.81509E+21,9.45573E+15,5.24851E+16
17629,3,2,56,22,2018,6,18,4,3,5,3,0,1,1,0,0,0,0,0,5.16148E+20,5.83458E+21,9.23875E+15,5.2661E+16
17630,3,2,51,42,2018,7,20,2,2,5,3,0,1,1,0,0,0,0,0,4.74979E+20,5.84903E+21,8.62896E+15,5.27905E+16
17631,3,3,58,21,2018,7,7,4,3,4,2,0,1,1,0,0,0,0,0,5.56881E+20,5.87116E+21,9.84732E+15,5.2987E+16
17632,3,2,54,44,2018,6,6,4,3,5,3,0,1,1,0,0,0,0,0,5.70064E+20,5.7591E+21,1.00201E+16,5.19781E+16
17633,3,2,56,22,2018,6,3,7,2,6,6,2,0,0,1,1,0,0,0,5.15479E+20,5.83676E+21,9.22896E+15,5.26806E+16
17634,3,3,57,4,2018,7,17,6,3,1,5,0,0,1,0,0,1,0,0,5.00438E+20,5.92225E+21,9.0066E+15,5.34492E+16
17635,3,3,56,2,2018,7,15,1,3,1,6,0,0,1,0,0,0,0,0,4.98922E+20,5.89253E+21,8.98387E+15,5.31821E+16
17636,3,2,54,28,2018,7,14,2,2,2,6,0,0,1,0,0,0,0,0,5.59625E+20,5.78763E+21,9.87314E+15,5.22358E+16
17637,3,4,59,24,2018,7,9,3,3,2,6,0,0,1,0,0,0,0,0,4.49576E+20,5.77882E+21,8.2629E+15,5.21575E+16
17638,3,2,51,38,2018,7,14,1,3,2,6,0,0,1,0,1,0,0,0,4.88643E+20,5.8466E+21,8.83167E+15,5.27691E+16
17639,3,2,52,8,2018,6,11,4,3,9,1,0,0,0,0,1,0,0,0,5.37918E+20,5.76941E+21,9.55325E+15,5.2074E+16
17640,3,4,54,35,2018,7,15,5,3,5,3,0,1,1,0,0,0,0,0,3.83752E+20,5.83756E+21,7.28061E+15,5.26755E+16
17641,3,4,58,12,2018,7,14,1,3,0,1,0,0,0,0,1,0,0,0,4.70979E+20,5.86596E+21,8.56814E+15,5.29425E+16
17642,3,3,58,21,2018,7,6,3,3,4,2,0,0,1,0,0,1,0,0,5.62056E+20,5.87237E+21,9.92464E+15,5.29973E+16
17643,3,4,58,3,2018,7,15,5,2,4,2,0,0,1,0,1,0,0,0,4.63963E+20,5.86433E+21,8.46392E+15,5.29274E+16
17644,3,3,51,6,2018,7,7,1,3,5,2,0,0,1,0,1,0,0,0,5.71993E+20,5.83059E+21,1.00635E+16,5.26206E+16
17645,3,4,59,14,2018,7,15,7,3,5,3,0,0,1,0,0,0,0,0,4.29787E+20,5.81019E+21,7.96713E+15,5.24374E+16
17646,3,1,59,11,2018,6,15,4,3,2,2,0,0,1,0,0,0,0,0,5.77692E+20,5.71413E+21,1.01211E+16,5.15729E+16
17647,3,4,54,60,2018,7,17,4,2,5,3,0,1,1,0,0,0,0,0,3.92751E+20,5.86643E+21,7.40418E+15,5.29368E+16
17648,3,4,4,0,2018,7,22,2,3,3,6,1,0,1,0,0,1,0,0,4.31408E+20,5.79126E+21,7.99483E+15,5.22675E+16
17649,3,1,59,10,2018,6,13,4,2,4,1,0,0,1,0,0,1,0,0,5.86063E+20,5.71042E+21,1.02409E+16,5.15383E+16
17650,3,3,52,50,2018,6,16,7,2,4,2,0,0,1,0,0,0,1,0,4.80138E+20,5.9296E+21,8.70046E+15,5.3515E+16
17651,3,2,52,6,2018,7,13,7,3,0,7,0,0,1,0,1,0,0,0,5.24364E+20,5.77329E+21,9.35578E+15,5.21096E+16
17652,3,1,58,40,2018,6,8,4,3,5,3,0,1,1,0,0,0,0,0,6.16252E+20,5.77267E+21,1.06969E+16,5.20924E+16
17653,3,2,56,24,2018,7,19,2,2,9,1,0,0,1,0,0,0,0,0,4.97525E+20,5.80922E+21,8.96359E+15,5.24331E+16
17654,3,3,53,5,2018,7,15,2,3,2,6,0,0,1,0,0,0,0,0,5.58716E+20,5.90931E+21,9.88165E+15,5.33297E+16
17655,3,3,51,6,2018,7,13,4,3,5,3,0,1,1,0,0,0,0,0,5.6888E+20,5.82881E+21,1.00171E+16,5.26049E+16
17656,3,1,54,17,2018,6,20,7,2,3,2,0,0,1,0,1,0,0,0,6.26204E+20,5.78298E+21,1.0846E+16,5.21829E+16
17657,3,1,2,0,2018,6,22,4,3,1,2,1,0,1,0,0,0,0,0,5.90651E+20,5.77833E+21,1.03249E+16,5.2148E+16
17658,3,1,55,6,2018,7,8,6,3,8,1,0,0,0,0,0,0,1,0,5.76672E+20,5.74285E+21,1.01127E+16,5.18312E+16
17659,3,3,56,5,2018,6,11,7,3,5,2,0,0,1,0,1,0,0,0,4.99155E+20,5.88695E+21,8.98738E+15,5.3132E+16
17660,3,2,41,17,2018,7,6,7,3,8,1,0,0,1,0,0,0,0,0,5.41494E+20,5.78539E+21,9.60737E+15,5.22174E+16
17661,3,1,2,0,2018,6,16,4,2,0,2,0,0,0,0,1,0,0,0,5.90336E+20,5.77877E+21,1.03204E+16,5.2152E+16
17662,3,2,41,4,2018,7,14,2,2,5,2,0,0,1,0,1,0,0,0,5.62098E+20,5.81844E+21,9.91506E+15,5.25125E+16
17663,3,3,52,59,2018,7,11,2,2,4,2,0,0,1,0,1,0,0,0,4.87973E+20,5.92072E+21,8.81896E+15,5.34354E+16
17664,3,3,54,4,2018,7,10,4,3,5,3,0,0,1,0,0,0,0,0,6.38912E+20,5.88504E+21,1.10747E+16,5.30967E+16
17665,3,1,53,6,2018,6,9,4,3,8,7,0,0,1,0,0,0,0,0,5.84349E+20,5.7556E+21,1.02272E+16,5.19447E+16
17666,3,2,41,12,2018,7,22,6,3,2,6,2,0,1,0,1,0,0,0,5.19834E+20,5.81552E+21,9.29211E+15,5.24895E+16
17667,3,2,52,5,2018,7,14,2,3,4,5,0,0,1,0,0,0,0,0,5.27578E+20,5.76652E+21,9.40215E+15,5.20486E+16
17668,3,4,4,0,2018,7,12,3,3,2,6,0,0,1,0,0,0,0,0,4.38284E+20,5.78978E+21,8.09586E+15,5.22549E+16
17669,3,3,59,10,2018,7,19,1,3,2,2,0,0,1,0,0,0,0,0,5.43369E+20,5.92515E+21,9.65341E+15,5.34736E+16
17670,3,1,57,6,2018,6,10,4,3,2,6,0,0,1,0,0,1,0,0,5.82049E+20,5.80048E+21,1.02046E+16,5.23485E+16
17671,3,3,56,8,2018,7,12,5,3,0,3,0,1,1,0,0,0,0,0,4.83742E+20,5.89269E+21,8.75672E+15,5.31833E+16
17672,3,3,58,5,2018,7,17,1,3,2,6,0,0,1,0,0,0,0,0,5.46646E+20,5.83201E+21,9.68928E+15,5.2636E+16
17673,3,3,55,22,2018,7,11,3,3,2,6,0,0,1,0,0,0,0,0,5.9726E+20,5.90015E+21,1.04574E+16,5.32417E+16
17674,3,3,51,6,2018,7,19,5,3,4,2,0,1,1,0,0,0,0,0,5.75574E+20,5.8289E+21,1.0116E+16,5.26049E+16
17675,3,2,54,22,2018,7,3,1,2,8,7,2,0,0,0,0,0,1,0,5.75645E+20,5.7743E+21,1.01047E+16,5.21141E+16
17676,3,4,54,3,2018,7,14,7,2,8,1,0,0,0,0,1,0,0,0,3.97688E+20,5.80979E+21,7.49521E+15,5.24287E+16
17677,3,1,1,0,2018,6,19,4,3,8,1,0,0,0,0,1,0,0,0,5.97451E+20,5.79591E+21,1.04293E+16,5.23048E+16
17678,3,4,60,10,2018,7,12,4,3,0,2,0,0,1,0,1,0,0,0,4.50478E+20,5.85346E+21,8.26498E+15,5.28286E+16
17679,3,4,4,0,2018,7,16,2,3,5,3,0,1,1,0,0,0,0,0,4.39406E+20,5.79015E+21,8.11223E+15,5.22584E+16
17680,3,4,59,8,2018,6,17,3,3,2,6,0,0,1,0,0,0,0,0,4.4069E+20,5.79563E+21,8.13007E+15,5.23078E+16
17681,3,3,59,28,2018,6,9,7,3,5,2,0,0,1,0,1,0,0,0,5.45193E+20,5.93186E+21,9.68186E+15,5.35337E+16
17682,3,1,1,0,2018,7,20,7,3,3,6,0,0,1,0,0,0,0,0,6.01696E+20,5.79235E+21,1.04905E+16,5.22721E+16
17683,3,4,59,24,2018,6,16,3,3,2,6,0,0,1,0,0,0,0,0,4.54533E+20,5.78321E+21,8.33478E+15,5.21974E+16
17684,3,1,59,14,2018,7,6,2,3,5,3,0,0,1,0,0,0,1,0,5.84312E+20,5.71761E+21,1.02174E+16,5.16032E+16
17685,3,3,60,11,2018,7,15,2,3,9,7,0,0,1,0,0,0,0,0,6.13248E+20,5.88824E+21,1.06927E+16,5.31315E+16
17686,3,2,41,10,2018,7,18,4,3,2,6,0,1,0,0,0,0,0,0,5.461E+20,5.80975E+21,9.67812E+15,5.2436E+16
17687,3,4,59,19,2018,6,15,3,3,5,3,0,0,1,0,0,0,0,0,4.36066E+20,5.78092E+21,8.06505E+15,5.21751E+16
17688,3,2,54,21,2018,7,20,6,3,0,7,0,0,0,0,1,0,0,0,5.64014E+20,5.77844E+21,9.93566E+15,5.21527E+16
17689,3,4,59,24,2018,7,0,1,3,9,1,2,0,1,0,0,0,0,0,4.53184E+20,5.77905E+21,8.31561E+15,5.216E+16
17690,3,3,61,1,2018,7,9,3,3,1,5,0,0,1,0,0,0,0,0,5.01605E+20,5.87376E+21,9.02392E+15,5.30134E+16
17691,3,4,54,41,2018,6,14,6,2,5,3,0,1,0,0,0,1,0,0,3.91413E+20,5.88242E+21,7.37889E+15,5.30802E+16
17692,3,2,41,12,2018,7,14,1,3,1,5,0,0,1,0,1,0,0,0,5.31519E+20,5.81813E+21,9.46445E+15,5.25123E+16
17693,3,4,57,3,2018,6,13,3,2,8,1,0,0,0,0,0,1,0,0,4.0356E+20,5.90237E+21,7.55416E+15,5.32618E+16
17694,3,2,52,6,2018,7,17,5,3,2,6,0,0,1,0,0,0,0,0,5.23802E+20,5.77355E+21,9.34758E+15,5.2112E+16
17695,3,2,41,8,2018,7,7,3,3,0,3,0,1,0,0,0,0,1,0,5.5875E+20,5.80969E+21,9.86417E+15,5.24343E+16
17696,3,1,58,39,2018,7,17,1,3,9,1,0,0,1,0,0,0,0,0,6.05297E+20,5.7648E+21,1.05347E+16,5.20238E+16