OBJECTID_1,ULAND,UREGBEZ,UKREIS,UGEMEINDE,UJAHR,UMONAT,USTUNDE,UWOCHENTAG,UKATEGORIE,UART,UTYP1,ULICHTVERH,IstRad,IstPKW,IstFuss,IstKrad,IstGkfz,IstSonstig,STRZUSTAND,LINREFX,LINREFY,XGCSWGS84,YGCSWGS84
17697,3,3,56,8,2018,7,11,5,3,4,6,0,0,1,0,1,0,0,0,4.82789E+20,5.89306E+21,8.74244E+15,5.31866E+16
17698,3,4,58,5,2018,7,11,4,3,3,6,0,0,1,0,0,1,0,0,4.70739E+20,5.87764E+21,8.56351E+15,5.30475E+16
17699,3,3,61,4,2018,7,17,2,3,5,2,0,0,1,0,0,0,0,0,4.99437E+20,5.86563E+21,8.99162E+15,5.29403E+16
17700,3,4,56,27,2018,7,15,5,3,2,6,0,0,1,0,0,0,0,0,3.8138E+20,5.80077E+21,7.25866E+15,5.23444E+16
17701,3,4,51,7,2018,7,10,6,3,0,2,0,1,1,0,0,0,0,0,4.28726E+20,5.90081E+21,7.93172E+15,5.32518E+16
17702,3,2,57,2,2018,7,17,1,3,5,2,0,0,1,0,1,0,0,0,5.21044E+20,5.79259E+21,9.3085E+15,5.22833E+16
17703,3,3,61,6,2018,7,7,5,3,9,1,0,0,1,0,0,0,0,1,5.10748E+20,5.86857E+21,9.16003E+15,5.29667E+16
17704,3,4,53,2,2018,7,8,3,3,4,2,0,0,1,0,0,0,1,0,4.3794E+20,5.87543E+21,8.07472E+15,5.30248E+16
17705,3,1,53,17,2018,7,19,2,3,0,1,0,0,0,0,1,0,1,1,5.95287E+20,5.74693E+21,1.03839E+16,5.1865E+16
17706,3,3,61,12,2018,7,11,5,3,2,2,0,0,1,0,0,0,0,0,5.15287E+20,5.86539E+21,9.22747E+15,5.29379E+16
17707,3,2,57,2,2018,7,17,5,3,3,6,0,0,1,0,0,0,0,0,5.24621E+20,5.79417E+21,9.36103E+15,5.22973E+16
17708,3,2,51,25,2018,7,11,5,3,2,6,0,0,1,0,0,0,0,0,4.5706E+20,5.81532E+21,8.36763E+15,5.24863E+16
17709,3,4,62,19,2018,7,4,5,3,0,6,1,0,0,0,0,1,0,1,4.22784E+20,5.94036E+21,7.83298E+15,5.36064E+16
17710,3,3,53,31,2018,7,10,7,3,2,6,0,0,1,0,0,0,0,0,5.68501E+20,5.91914E+21,1.00307E+16,5.34169E+16
17711,3,3,61,1,2018,7,16,7,3,3,6,0,0,1,0,0,1,0,0,5.02555E+20,5.87346E+21,9.03808E+15,5.30107E+16
17712,3,4,1,0,2018,7,16,5,3,3,2,0,1,1,0,0,0,0,0,4.73294E+20,5.87783E+21,8.60161E+15,5.30493E+16
17713,3,3,51,17,2018,7,14,4,2,8,1,0,0,1,0,0,0,0,0,5.84773E+20,5.82421E+21,1.02506E+16,5.25613E+16
17714,3,3,55,33,2018,7,3,2,3,9,7,2,0,1,0,0,0,0,0,6.00463E+20,5.90825E+21,1.0508E+16,5.33139E+16
17715,3,3,52,22,2018,7,10,5,3,2,6,0,0,1,0,0,0,0,0,5.08201E+20,5.9471E+21,9.12415E+15,5.36726E+16
17716,3,1,51,16,2018,7,23,5,3,5,2,2,0,1,0,0,0,0,0,6.04437E+20,5.80441E+21,1.05344E+16,5.238E+16
17717,3,1,51,16,2018,7,6,3,3,5,3,0,0,1,0,1,0,0,0,6.04458E+20,5.80432E+21,1.05346E+16,5.23792E+16
17718,3,4,3,0,2018,7,8,6,3,5,2,0,1,0,0,0,0,1,0,4.46725E+20,5.88831E+21,8.20354E+15,5.31415E+16
17719,3,4,53,2,2018,7,12,6,2,4,6,0,0,1,0,0,0,0,0,4.29817E+20,5.87259E+21,7.95424E+15,5.29983E+16
17720,3,2,41,18,2018,7,13,6,3,5,2,0,0,1,0,0,0,0,0,5.85576E+20,5.815E+21,1.026E+16,5.24785E+16
17721,3,4,3,0,2018,7,10,3,3,4,2,0,1,1,0,0,0,0,0,4.46447E+20,5.89122E+21,8.1989E+15,5.31677E+16
17722,3,4,4,0,2018,7,13,1,3,5,3,0,1,1,0,0,0,0,0,4.34704E+20,5.79295E+21,8.04281E+15,5.22831E+16
17723,3,3,52,11,2018,7,17,5,3,2,6,0,0,1,0,0,0,0,0,4.79171E+20,5.96795E+21,8.6833E+15,5.38596E+16
17724,3,2,41,8,2018,7,16,4,3,5,3,0,0,1,0,0,0,1,0,5.53815E+20,5.81377E+21,9.79226E+15,5.24714E+16
17725,3,3,52,61,2018,7,18,2,2,8,1,0,0,0,0,1,0,0,0,4.67416E+20,5.94254E+21,8.50726E+15,5.36306E+16
17726,3,2,51,42,2018,7,17,5,3,4,2,0,0,1,0,0,0,0,0,4.75133E+20,5.84925E+21,8.63122E+15,5.27925E+16
17727,3,2,41,1,2018,7,12,6,3,1,7,0,0,1,1,0,0,0,0,5.56356E+20,5.80144E+21,9.82758E+15,5.23604E+16
17728,3,2,41,1,2018,7,10,6,3,5,3,0,1,1,0,0,0,0,0,5.50015E+20,5.80642E+21,9.73521E+15,5.24057E+16
17729,3,1,57,6,2018,7,11,1,2,8,1,0,0,0,0,1,0,0,0,5.89969E+20,5.79352E+21,1.03189E+16,5.22847E+16
17730,3,3,52,11,2018,7,16,3,3,0,6,0,1,0,0,1,0,0,0,4.86801E+20,5.96399E+21,8.79949E+15,5.38243E+16
17731,3,4,61,2,2018,7,10,1,3,2,6,0,0,1,0,0,0,0,0,4.63982E+20,5.9086E+21,8.45923E+15,5.33254E+16
17732,3,3,53,26,2018,7,14,5,3,5,3,0,0,1,0,1,0,0,0,5.5199E+20,5.92019E+21,9.78247E+15,5.34282E+16
17733,3,2,41,1,2018,7,7,3,2,2,6,0,0,0,0,0,1,0,0,5.48361E+20,5.80905E+21,9.71129E+15,5.24295E+16
17734,3,1,53,17,2018,7,9,5,3,0,1,0,0,0,0,1,0,0,0,5.9396E+20,5.74611E+21,1.03644E+16,5.18579E+16
17735,3,3,53,39,2018,7,22,5,3,8,7,2,0,1,0,0,0,0,0,5.53668E+20,5.9129E+21,9.80648E+15,5.33625E+16
17736,3,3,53,31,2018,7,17,5,3,5,3,0,1,1,0,0,0,0,0,5.7082E+20,5.90832E+21,1.00631E+16,5.33194E+16
17737,3,2,41,1,2018,7,13,7,3,2,6,0,0,1,0,0,0,0,0,5.52704E+20,5.79828E+21,9.77347E+15,5.23323E+16
17738,3,3,55,22,2018,7,18,7,3,0,7,0,1,0,0,0,0,0,0,5.90568E+20,5.89772E+21,1.03565E+16,5.3221E+16
17739,3,3,54,9,2018,7,20,5,3,8,7,0,0,1,0,0,0,0,0,6.33425E+20,5.89025E+21,1.09949E+16,5.31449E+16
17740,3,2,52,6,2018,7,13,4,3,2,6,0,0,1,0,1,0,0,0,5.24609E+20,5.77296E+21,9.35932E+15,5.21066E+16
17741,3,2,41,19,2018,7,10,2,3,2,6,0,0,1,0,0,1,0,0,5.53377E+20,5.82013E+21,9.78682E+15,5.25287E+16
17742,3,3,51,16,2018,7,10,5,2,5,3,0,0,1,0,0,1,0,0,5.83627E+20,5.83002E+21,1.02351E+16,5.26137E+16
17743,3,4,54,22,2018,7,16,4,3,3,6,0,0,1,0,1,0,0,0,4.13026E+20,5.8719E+21,7.7043E+15,5.29896E+16
17744,3,4,4,0,2018,7,17,2,3,5,3,0,0,1,0,0,0,0,0,4.33608E+20,5.79159E+21,8.02701E+15,5.22707E+16
17745,3,2,55,17,2018,7,18,5,2,9,1,0,0,0,0,1,0,0,0,5.3171E+20,5.76031E+21,9.46183E+15,5.19925E+16
17746,3,2,41,1,2018,7,12,5,3,5,2,0,1,1,0,0,0,0,0,5.47453E+20,5.80299E+21,9.69708E+15,5.23751E+16
17747,3,4,5,0,2018,7,13,5,3,0,7,0,1,0,0,0,0,0,0,4.42064E+20,5.932E+21,8.12589E+15,5.35337E+16
17748,3,3,58,5,2018,7,9,7,3,2,6,0,0,1,0,0,0,0,0,5.47475E+20,5.83434E+21,9.70186E+15,5.26569E+16
17749,3,3,52,61,2018,7,17,7,3,4,6,0,1,0,0,0,0,0,0,4.67486E+20,5.94412E+21,8.50815E+15,5.36448E+16
17750,3,2,41,1,2018,7,17,5,3,2,2,0,0,1,0,0,0,0,0,5.5009E+20,5.80569E+21,9.73621E+15,5.23992E+16
17751,3,2,56,11,2018,7,20,6,2,5,2,0,0,1,0,1,0,0,0,5.15592E+20,5.84145E+21,9.23086E+15,5.27227E+16
17752,3,2,41,1,2018,7,8,4,3,5,2,0,1,1,0,0,0,0,0,5.50087E+20,5.80572E+21,9.73617E+15,5.23994E+16
17753,3,2,41,12,2018,7,15,2,3,5,3,0,0,1,0,0,0,1,0,5.31035E+20,5.81712E+21,9.45722E+15,5.25033E+16
17754,3,2,41,20,2018,7,17,5,3,2,6,0,0,1,0,0,0,0,0,5.43382E+20,5.7885E+21,9.6354E+15,5.22452E+16
17755,3,4,59,4,2018,7,12,4,3,5,2,0,0,1,0,0,0,0,0,4.36307E+20,5.77773E+21,8.06916E+15,5.21464E+16
17756,3,4,59,19,2018,7,16,2,3,4,1,0,0,1,0,0,0,0,0,4.3591E+20,5.78764E+21,8.06148E+15,5.22354E+16
17757,3,2,55,8,2018,7,13,6,3,8,1,0,0,1,0,0,0,0,0,5.56565E+20,5.75397E+21,9.82275E+15,5.19335E+16
17758,3,4,61,9,2018,7,14,6,3,3,2,0,0,1,0,0,0,0,0,4.56012E+20,5.92697E+21,8.33701E+15,5.34899E+16
17759,3,4,5,0,2018,7,19,6,3,3,6,0,0,1,0,0,0,0,0,4.40378E+20,5.93145E+21,8.10054E+15,5.35286E+16
17760,3,2,41,1,2018,7,12,6,2,5,2,0,1,1,0,0,0,0,0,5.50115E+20,5.80228E+21,9.73607E+15,5.23685E+16
17761,3,3,52,46,2018,7,0,3,3,3,6,2,1,1,0,0,0,0,0,4.97164E+20,5.96372E+21,8.95692E+15,5.3822E+16
17762,3,4,55,20,2018,7,6,1,2,1,5,0,0,1,0,0,0,1,0,4.31172E+20,5.94072E+21,7.95964E+15,5.36108E+16
17763,3,2,41,12,2018,7,15,5,3,2,6,0,0,1,0,0,0,0,0,5.32326E+20,5.8179E+21,9.47631E+15,5.25103E+16
17764,3,2,41,1,2018,7,9,4,2,2,6,0,0,1,0,0,1,0,0,5.4874E+20,5.80897E+21,9.71684E+15,5.24288E+16
17765,3,3,58,21,2018,7,12,2,3,2,6,0,0,1,0,0,0,1,0,5.61319E+20,5.86948E+21,9.91311E+15,5.29714E+16
17766,3,3,53,5,2018,7,13,5,3,0,7,0,0,0,0,1,0,1,0,5.5355E+20,5.90717E+21,9.80374E+15,5.3311E+16
17767,3,1,55,5,2018,7,1,6,3,8,1,2,0,1,0,0,0,0,0,5.58667E+20,5.72473E+21,9.84836E+15,5.16705E+16
17768,3,4,59,24,2018,7,21,7,3,9,7,1,0,1,0,0,0,0,0,4.49243E+20,5.78632E+21,8.25691E+15,5.2225E+16
17769,3,3,55,38,2018,7,14,1,1,4,6,0,0,1,0,1,0,0,0,6.03252E+20,5.89576E+21,1.05458E+16,5.32011E+16
17770,3,2,41,10,2018,7,18,5,3,0,7,0,1,0,0,0,0,0,0,5.49473E+20,5.81011E+21,9.72779E+15,5.24389E+16
17771,3,2,57,35,2018,7,16,3,3,2,6,0,0,1,0,0,0,1,0,5.15879E+20,5.7992E+21,9.23308E+15,5.23429E+16
17772,3,4,62,3,2018,7,19,4,2,5,7,0,1,1,0,0,0,0,0,4.05823E+20,5.94824E+21,7.57432E+15,5.36744E+16
17773,3,2,41,1,2018,7,16,5,3,3,6,0,0,1,0,0,0,0,0,5.57629E+20,5.80732E+21,9.84728E+15,5.2413E+16
17774,3,2,41,12,2018,7,21,5,3,0,7,1,0,1,0,1,0,0,0,5.37501E+20,5.82839E+21,9.55375E+15,5.26042E+16
17775,3,2,57,31,2018,7,8,7,2,2,6,0,0,1,0,0,0,0,0,5.09572E+20,5.7855E+21,9.14011E+15,5.22198E+16
17776,3,2,57,6,2018,7,10,7,3,2,6,0,0,1,0,0,0,0,0,5.27117E+20,5.79757E+21,9.39791E+15,5.23277E+16
17777,3,4,59,19,2018,7,10,3,3,2,6,0,0,1,0,0,0,0,0,4.3591E+20,5.78764E+21,8.06148E+15,5.22354E+16
17778,3,2,54,21,2018,7,18,2,3,2,6,0,0,1,0,0,0,0,0,5.64119E+20,5.77858E+21,9.93722E+15,5.2154E+16
17779,3,2,41,1,2018,7,20,5,2,0,3,1,0,0,0,1,0,1,1,5.49114E+20,5.79885E+21,9.72086E+15,5.23377E+16
17780,3,4,52,1,2018,7,13,4,3,2,6,0,0,1,0,0,0,0,0,3.99522E+20,5.92517E+21,7.48641E+15,5.3466E+16
17781,3,4,52,25,2018,7,17,2,3,1,7,0,1,1,0,0,0,0,0,4.16808E+20,5.91553E+21,7.74927E+15,5.33823E+16
17782,3,2,41,1,2018,7,16,6,3,0,6,0,0,1,0,0,0,0,0,5.54053E+20,5.80519E+21,9.79438E+15,5.23943E+16
17783,3,1,1,0,2018,7,10,6,3,3,6,0,0,1,0,0,0,0,0,6.02474E+20,5.79336E+21,1.05022E+16,5.22811E+16
17784,3,4,53,2,2018,7,13,6,2,2,2,0,0,1,0,1,0,0,0,4.26911E+20,5.87426E+21,7.91057E+15,5.30129E+16
17785,3,2,41,21,2018,7,14,3,2,8,1,0,0,1,0,0,0,0,0,5.31604E+20,5.81207E+21,9.46512E+15,5.24579E+16
17786,3,3,58,22,2018,7,22,1,2,8,1,2,0,1,0,0,0,0,0,5.38843E+20,5.85919E+21,9.57722E+15,5.2881E+16
17787,3,2,41,1,2018,7,15,5,3,2,6,0,0,1,0,0,0,0,0,5.54564E+20,5.8093E+21,9.80255E+15,5.24312E+16
17788,3,1,58,37,2018,7,12,4,3,5,3,0,0,1,0,0,0,1,0,6.02927E+20,5.78196E+21,1.05053E+16,5.21785E+16
17789,3,2,41,1,2018,7,13,2,3,5,2,0,1,0,0,0,1,0,0,5.58708E+20,5.80212E+21,9.86224E+15,5.23662E+16
17790,3,2,41,4,2018,7,14,5,3,2,6,0,0,0,0,0,1,0,0,5.56551E+20,5.81641E+21,9.83298E+15,5.24949E+16
17791,3,2,41,8,2018,7,15,5,3,2,6,0,0,1,0,0,0,0,0,5.57001E+20,5.80827E+21,9.83821E+15,5.24216E+16
17792,3,3,57,8,2018,7,18,6,3,5,3,0,1,1,0,0,0,0,0,5.08609E+20,5.93059E+21,9.12987E+15,5.35242E+16
17793,3,2,51,37,2018,7,12,6,3,2,6,0,0,1,0,0,0,0,0,4.79476E+20,5.87281E+21,8.69414E+15,5.30045E+16
17794,3,1,2,0,2018,7,12,6,3,8,1,0,0,1,0,0,0,0,0,5.9359E+20,5.77261E+21,1.03662E+16,5.20962E+16
17795,3,4,4,0,2018,7,13,6,3,5,3,0,0,1,0,0,0,0,0,4.34532E+20,5.79175E+21,8.04052E+15,5.22722E+16
17796,3,3,57,8,2018,7,17,3,3,2,6,0,0,1,0,0,0,0,0,5.07597E+20,5.92739E+21,9.11451E+15,5.34954E+16
17797,3,2,51,7,2018,7,20,1,2,8,1,0,0,0,0,1,0,0,0,4.85745E+20,5.85296E+21,8.78844E+15,5.28262E+16
17798,3,2,41,1,2018,7,12,5,3,2,6,0,0,1,0,0,0,0,0,5.42654E+20,5.8083E+21,9.62726E+15,5.24233E+16
17799,3,2,56,34,2018,7,17,4,3,4,6,0,0,1,0,0,0,1,0,4.91904E+20,5.806E+21,8.88099E+15,5.24041E+16
17800,3,3,57,41,2018,7,13,2,3,5,3,0,0,0,0,1,0,1,0,5.29648E+20,5.89729E+21,9.44408E+15,5.3224E+16
17801,3,2,41,1,2018,7,7,5,3,2,6,0,0,1,0,0,0,0,0,5.49872E+20,5.80808E+21,9.73336E+15,5.24206E+16
17802,3,2,56,22,2018,7,7,6,3,2,6,0,0,1,0,0,0,1,0,5.15141E+20,5.83387E+21,9.22384E+15,5.26546E+16
17803,3,3,56,7,2018,7,6,7,3,9,7,0,0,1,0,0,0,0,0,4.83252E+20,5.89361E+21,8.74933E+15,5.31916E+16
17804,3,2,54,41,2018,7,3,1,1,9,1,2,0,1,0,0,0,0,0,5.47559E+20,5.76599E+21,9.69343E+15,5.20425E+16
17805,3,1,59,19,2018,7,12,5,3,2,6,0,0,1,0,0,0,1,0,5.91976E+20,5.72448E+21,1.03299E+16,5.16638E+16
17806,3,4,60,9,2018,7,16,2,3,5,3,0,0,1,0,0,0,0,0,4.51056E+20,5.84536E+21,8.27477E+15,5.27559E+16
17807,3,4,51,2,2018,7,0,4,3,4,2,2,0,1,0,0,0,0,0,4.32033E+20,5.89409E+21,7.9827E+15,5.31918E+16
17808,3,4,55,27,2018,7,15,2,2,5,3,0,1,1,0,0,0,0,0,4.30431E+20,5.91583E+21,7.95397E+15,5.3387E+16
17809,3,2,56,34,2018,7,12,5,3,8,1,0,0,1,0,0,0,0,0,4.86745E+20,5.80882E+21,8.80505E+15,5.24294E+16
17810,3,2,41,11,2018,7,0,5,3,5,3,2,0,1,0,1,0,0,0,5.65941E+20,5.80236E+21,9.9685E+15,5.23675E+16
17811,3,2,52,1,2018,7,15,3,2,2,2,0,0,1,0,1,0,0,0,5.18408E+20,5.76672E+21,9.26845E+15,5.20508E+16
17812,3,4,59,13,2018,7,19,6,3,7,7,0,1,0,0,0,0,1,0,4.54205E+20,5.80346E+21,8.32721E+15,5.23795E+16
17813,3,2,54,21,2018,7,11,7,3,0,7,0,1,0,0,0,0,0,0,5.64311E+20,5.77711E+21,9.93975E+15,5.21408E+16
17814,3,4,54,14,2018,7,13,3,3,8,1,0,0,1,0,0,0,0,0,3.85309E+20,5.83254E+21,7.30537E+15,5.26307E+16
17815,3,1,59,7,2018,7,13,2,3,0,7,0,0,1,0,0,0,1,0,5.62639E+20,5.71643E+21,9.90432E+15,5.15954E+16
17816,3,2,57,3,2018,7,18,5,3,8,6,0,0,1,0,0,0,0,0,5.20918E+20,5.78832E+21,9.30637E+15,5.22448E+16
17817,3,3,56,9,2018,7,16,4,3,2,6,0,0,1,0,0,0,0,0,4.7326E+20,5.90253E+21,8.59903E+15,5.32714E+16
17818,3,4,55,15,2018,7,23,2,3,9,1,2,0,1,0,0,0,0,0,4.35675E+20,5.93299E+21,8.0293E+15,5.35418E+16
17819,3,4,4,0,2018,7,9,5,2,8,6,0,1,1,0,0,0,0,0,4.34752E+20,5.79138E+21,8.04381E+15,5.22689E+16
17820,3,3,56,5,2018,7,12,6,2,5,2,0,0,1,0,1,0,0,0,4.9336E+20,5.89148E+21,8.90066E+15,5.31726E+16
17821,3,2,57,31,2018,7,18,3,3,8,1,0,0,0,0,1,0,0,0,5.09857E+20,5.78511E+21,9.14428E+15,5.22164E+16
17822,3,1,55,7,2018,7,4,1,3,9,1,1,0,1,0,0,0,0,0,5.75337E+20,5.72804E+21,1.00901E+16,5.16983E+16
17823,3,2,54,21,2018,7,13,5,3,5,3,0,1,1,0,0,0,0,0,5.64516E+20,5.77868E+21,9.94304E+15,5.21549E+16
17824,3,4,4,0,2018,7,10,3,2,5,3,0,1,1,0,0,0,0,0,4.34367E+20,5.79171E+21,8.03811E+15,5.22719E+16
17825,3,2,52,6,2018,7,21,2,3,0,1,1,0,0,0,1,0,0,0,5.25801E+20,5.77274E+21,9.37671E+15,5.21046E+16
17826,3,1,59,10,2018,7,14,5,2,5,3,0,1,1,0,0,0,0,0,5.91644E+20,5.70864E+21,1.03209E+16,5.15214E+16
17827,3,2,41,1,2018,7,17,5,3,2,6,0,0,1,0,0,0,0,0,5.55265E+20,5.8091E+21,9.81282E+15,5.24293E+16
17828,3,4,57,13,2018,7,11,5,3,2,6,0,0,1,0,0,0,0,0,4.02831E+20,5.9024E+21,7.54322E+15,5.3262E+16
17829,3,4,58,10,2018,7,19,7,3,5,5,0,0,1,0,0,0,0,0,4.62603E+20,5.8849E+21,8.44131E+15,5.31122E+16
17830,3,4,54,19,2018,7,15,7,2,5,3,0,0,1,0,1,0,0,0,3.98282E+20,5.83837E+21,7.49518E+15,5.26857E+16
17831,3,1,57,2,2018,7,11,5,3,2,7,0,0,1,0,0,0,0,0,5.7556E+20,5.7893E+21,1.01068E+16,5.22489E+16
17832,3,3,57,35,2018,7,14,4,2,4,6,0,0,1,0,1,1,0,0,5.04684E+20,5.92718E+21,9.07061E+15,5.34936E+16
17833,3,3,55,15,2018,7,9,2,2,4,6,0,0,1,0,0,0,0,0,6.00299E+20,5.90938E+21,1.05059E+16,5.33241E+16
17834,3,1,57,5,2018,7,8,5,3,4,6,0,0,1,0,0,0,0,0,5.90846E+20,5.78332E+21,1.03291E+16,5.21929E+16
17835,3,1,58,37,2018,7,15,5,2,5,3,0,0,1,0,1,0,0,0,6.09268E+20,5.78246E+21,1.05982E+16,5.21818E+16
17836,3,1,53,17,2018,7,17,3,3,2,6,0,0,1,0,0,0,0,0,6.01773E+20,5.75739E+21,1.04811E+16,5.19579E+16
17837,3,4,51,2,2018,7,13,6,3,2,6,0,0,1,0,0,0,0,0,4.41525E+20,5.89096E+21,8.12533E+15,5.31648E+16
17838,3,4,59,19,2018,7,19,5,3,5,3,0,1,1,0,0,0,0,0,4.3388E+20,5.78621E+21,8.03205E+15,5.22223E+16
17839,3,4,3,0,2018,7,13,7,3,3,6,0,0,1,0,0,0,0,0,4.47563E+20,5.88593E+21,8.21646E+15,5.31202E+16
17840,3,4,59,13,2018,7,6,7,3,8,1,0,0,1,0,0,0,0,1,4.49507E+20,5.79948E+21,8.2588E+15,5.23433E+16
17841,3,1,2,0,2018,7,19,5,3,5,3,0,0,1,0,1,0,0,0,6.01447E+20,5.78201E+21,1.04837E+16,5.21792E+16
17842,3,4,58,14,2018,7,2,4,3,8,1,2,0,1,0,0,0,0,0,4.64373E+20,5.85498E+21,8.47104E+15,5.28434E+16
17843,3,3,52,60,2018,7,0,2,3,9,1,2,0,1,0,0,0,0,0,4.72291E+20,5.91253E+21,8.58364E+15,5.33611E+16
17844,3,1,51,5,2018,7,2,5,3,8,1,2,0,1,0,0,0,0,0,6.30112E+20,5.82891E+21,1.09209E+16,5.25946E+16
17845,3,2,57,9,2018,7,9,5,3,5,2,0,1,1,0,0,0,0,0,5.04899E+20,5.79225E+21,9.07182E+15,5.22806E+16
17846,3,1,59,17,2018,7,7,3,2,8,6,0,0,1,0,0,0,0,0,5.53436E+20,5.69424E+21,9.7681E+15,5.13969E+16
17847,3,4,54,10,2018,7,18,6,3,5,3,0,0,1,0,0,0,0,0,3.84396E+20,5.80674E+21,7.30086E+15,5.23987E+16
17848,3,1,51,16,2018,7,11,7,2,2,6,0,0,1,0,1,0,0,0,6.04774E+20,5.80267E+21,1.05388E+16,5.23643E+16
17849,3,2,41,21,2018,7,14,6,3,1,5,0,0,1,0,0,0,0,0,5.24173E+20,5.81134E+21,9.35571E+15,5.24517E+16
17850,3,4,60,5,2018,7,17,3,3,4,2,0,0,0,0,0,0,1,0,4.38878E+20,5.82523E+21,8.09807E+15,5.25737E+16
17851,3,1,1,0,2018,7,7,2,3,2,6,0,0,1,0,0,0,0,0,6.03141E+20,5.79718E+21,1.05131E+16,5.23152E+16
17852,3,4,59,34,2018,7,14,4,3,9,1,0,0,1,0,0,0,0,1,4.32544E+20,5.77366E+21,8.01499E+15,5.21094E+16
17853,3,3,52,50,2018,7,19,4,3,9,1,0,0,1,0,0,0,0,0,4.79441E+20,5.93328E+21,8.68972E+15,5.3548E+16
17854,3,4,51,4,2018,7,17,2,3,2,6,0,0,1,0,0,0,1,0,4.40665E+20,5.88436E+21,8.11368E+15,5.31054E+16
17855,3,2,55,18,2018,7,12,6,2,8,1,0,0,0,0,1,0,0,0,5.43954E+20,5.742E+21,9.63781E+15,5.18271E+16
17856,3,3,61,8,2018,7,13,5,3,5,3,0,1,1,0,0,0,0,0,5.09471E+20,5.88423E+21,9.14147E+15,5.31075E+16
17857,3,3,52,50,2018,7,17,6,3,5,3,0,1,1,0,0,0,0,0,4.7886E+20,5.93995E+21,8.68048E+15,5.36079E+16
17858,3,2,55,22,2018,7,13,1,2,4,6,0,0,1,0,1,0,0,0,5.47219E+20,5.75385E+21,9.68681E+15,5.19334E+16
17859,3,4,55,26,2018,7,22,3,3,9,7,2,0,1,0,0,0,0,0,4.40232E+20,5.91729E+21,8.10103E+15,5.34013E+16
17860,3,1,58,37,2018,7,16,2,3,9,7,0,0,1,0,0,1,0,0,6.02168E+20,5.77843E+21,1.04932E+16,5.2147E+16
17861,3,4,59,29,2018,7,8,4,3,5,2,0,1,1,0,0,0,0,0,4.44863E+20,5.80358E+21,8.18997E+15,5.23797E+16
17862,3,2,41,1,2018,7,23,3,3,8,1,2,1,0,0,0,0,0,0,5.5302E+20,5.79778E+21,9.77802E+15,5.23278E+16
17863,3,2,54,28,2018,7,16,5,3,2,6,0,0,1,0,0,0,0,0,5.56837E+20,5.78499E+21,9.83187E+15,5.22124E+16
17864,3,4,59,14,2018,7,19,4,3,7,1,0,0,1,0,0,0,0,1,4.36043E+20,5.80487E+21,8.06016E+15,5.23903E+16
17865,3,4,53,1,2018,7,23,5,3,5,3,2,0,1,0,0,0,0,0,4.13886E+20,5.88995E+21,7.71227E+15,5.3152E+16
17866,3,3,59,10,2018,7,12,7,3,2,6,0,0,1,0,0,0,0,0,5.47827E+20,5.92459E+21,9.72049E+15,5.34681E+16
17867,3,4,3,0,2018,7,17,7,3,5,3,0,1,1,0,0,0,0,0,4.49701E+20,5.89022E+21,8.24773E+15,5.3159E+16
17868,3,4,59,10,2018,7,16,4,3,8,1,0,0,1,0,0,0,0,1,4.27498E+20,5.82188E+21,7.93092E+15,5.25421E+16
17869,3,2,54,22,2018,7,6,6,3,8,7,0,0,1,0,0,0,0,0,5.79828E+20,5.77394E+21,1.01657E+16,5.21103E+16
17870,3,2,41,14,2018,7,9,4,3,5,3,0,0,1,0,0,0,1,0,5.45571E+20,5.79962E+21,9.66897E+15,5.2345E+16
17871,3,2,41,1,2018,7,15,2,3,2,2,0,0,1,0,0,0,0,0,5.44323E+20,5.80764E+21,9.65171E+15,5.24172E+16
17872,3,4,57,20,2018,7,12,4,3,2,6,0,0,1,0,0,0,0,0,4.18412E+20,5.90688E+21,7.7756E+15,5.33048E+16
17873,3,1,1,0,2018,7,16,5,2,2,6,0,0,1,0,0,1,0,0,6.00702E+20,5.79811E+21,1.04776E+16,5.23241E+16
17874,3,4,59,14,2018,7,12,2,3,2,1,0,0,1,0,0,1,0,0,4.34332E+20,5.81007E+21,8.034E+15,5.24369E+16
17875,3,2,55,12,2018,7,11,6,3,2,2,0,0,1,0,0,0,0,0,5.50427E+20,5.7488E+21,9.73272E+15,5.18877E+16
17876,3,2,51,41,2018,7,17,6,2,5,3,0,1,0,0,0,0,0,0,4.8838E+20,5.8626E+21,8.82719E+15,5.29129E+16
17877,3,4,53,9,2018,7,15,6,3,5,3,0,0,1,0,0,0,1,0,4.23248E+20,5.85174E+21,7.8613E+15,5.28099E+16
17878,3,2,41,11,2018,7,21,6,3,2,6,1,0,1,0,0,0,0,0,5.66799E+20,5.80478E+21,9.98157E+15,5.23892E+16
17879,3,4,58,5,2018,7,15,3,3,5,3,0,1,1,0,0,0,0,0,4.6809E+20,5.87564E+21,8.52419E+15,5.30293E+16
17880,3,4,54,39,2018,7,12,1,3,4,2,0,0,1,0,1,0,0,0,3.84516E+20,5.85774E+21,7.28478E+15,5.2857E+16
17881,3,4,56,27,2018,7,9,4,3,2,2,0,0,1,0,0,0,0,0,3.77788E+20,5.79697E+21,7.20734E+15,5.23094E+16
17882,3,2,41,1,2018,7,16,4,3,5,3,0,1,1,0,0,0,0,0,5.53062E+20,5.80263E+21,9.7794E+15,5.23713E+16
17883,3,3,53,4,2018,7,4,2,3,8,1,2,0,1,0,0,0,0,0,5.71356E+20,5.90723E+21,1.0071E+16,5.33095E+16
17884,3,4,61,2,2018,7,15,5,3,4,6,0,0,1,0,0,0,0,0,4.63932E+20,5.909E+21,8.45843E+15,5.33289E+16
17885,3,2,41,5,2018,7,9,6,3,5,3,0,0,1,0,0,0,0,0,5.37012E+20,5.81258E+21,9.54477E+15,5.24621E+16