OBJECTID_1,ULAND,UREGBEZ,UKREIS,UGEMEINDE,UJAHR,UMONAT,USTUNDE,UWOCHENTAG,UKATEGORIE,UART,UTYP1,ULICHTVERH,IstRad,IstPKW,IstFuss,IstKrad,IstGkfz,IstSonstig,STRZUSTAND,LINREFX,LINREFY,XGCSWGS84,YGCSWGS84
18076,3,2,55,17,2018,7,14,6,2,5,3,0,0,1,0,1,0,0,0,5.3229E+20,5.75954E+21,9.4702E+15,5.19856E+16
18077,3,4,4,0,2018,7,19,6,2,3,6,0,1,1,0,0,0,0,0,4.35406E+20,5.79219E+21,8.05323E+15,5.22763E+16
18078,3,3,58,7,2018,7,18,3,3,2,6,0,0,0,0,0,1,0,0,5.46013E+20,5.84122E+21,9.68123E+15,5.27189E+16
18079,3,2,51,49,2018,7,20,1,3,5,3,0,0,1,0,0,0,0,0,4.98752E+20,5.85312E+21,8.98147E+15,5.28279E+16
18080,3,1,59,28,2018,7,9,4,3,4,1,0,0,1,0,0,0,0,0,5.84571E+20,5.7147E+21,1.02205E+16,5.1577E+16
18081,3,2,41,1,2018,7,8,4,3,2,6,0,0,1,0,0,0,1,0,5.51344E+20,5.80883E+21,9.75512E+15,5.24273E+16
18082,3,3,57,34,2018,7,15,2,3,2,2,0,0,1,0,0,0,1,0,5.34201E+20,5.90689E+21,9.5133E+15,5.33101E+16
18083,3,2,41,1,2018,7,13,4,3,2,6,0,0,1,0,0,0,0,0,5.47486E+20,5.80323E+21,9.6976E+15,5.23773E+16
18084,3,2,41,17,2018,7,17,2,3,2,6,0,0,1,0,0,0,0,0,5.39448E+20,5.78465E+21,9.57734E+15,5.22109E+16
18085,3,1,59,16,2018,7,12,4,3,8,1,0,0,1,0,0,0,0,0,5.63155E+20,5.71227E+21,9.91102E+15,5.1558E+16
18086,3,4,59,12,2018,7,16,4,3,5,3,0,0,1,0,0,0,0,0,4.4524E+20,5.79059E+21,8.19762E+15,5.2263E+16
18087,3,4,59,6,2018,7,8,2,2,2,6,0,0,1,0,0,0,0,0,4.43789E+20,5.77335E+21,8.17922E+15,5.21078E+16
18088,3,4,61,5,2018,7,18,6,3,3,2,0,1,1,0,0,0,0,0,4.49914E+20,5.9115E+21,8.24757E+15,5.33502E+16
18089,3,4,55,15,2018,7,9,6,2,5,2,0,1,1,0,0,0,0,0,4.30052E+20,5.93149E+21,7.94478E+15,5.35277E+16
18090,3,2,57,6,2018,7,14,6,3,2,6,0,0,1,0,0,0,1,0,5.28163E+20,5.79863E+21,9.41335E+15,5.23373E+16
18091,3,3,52,42,2018,7,10,3,3,5,3,0,0,1,0,0,0,0,0,5.0919E+20,5.95588E+21,9.13938E+15,5.37514E+16
18092,3,4,55,15,2018,7,9,1,3,9,1,0,0,0,0,1,0,0,0,4.35096E+20,5.93064E+21,8.02104E+15,5.35207E+16
18093,3,1,59,16,2018,7,7,4,3,2,2,0,0,1,0,0,0,0,1,5.61536E+20,5.70886E+21,9.88706E+15,5.15275E+16
18094,3,2,57,8,2018,7,12,4,3,2,6,0,0,1,0,0,0,0,0,5.08443E+20,5.78554E+21,9.12359E+15,5.22202E+16
18095,3,3,58,8,2018,7,0,2,3,2,6,2,0,1,0,0,0,0,0,5.52927E+20,5.86174E+21,9.78689E+15,5.29027E+16
18096,3,3,53,35,2018,7,8,5,3,2,6,0,0,1,0,0,0,0,0,5.48317E+20,5.90458E+21,9.72481E+15,5.32882E+16
18097,3,2,57,8,2018,7,18,6,3,2,6,0,0,1,0,0,0,0,0,5.0856E+20,5.78556E+21,9.1253E+15,5.22204E+16
18098,3,4,59,22,2018,7,7,7,2,9,1,0,0,1,0,0,0,0,0,4.41737E+20,5.78221E+21,8.14774E+15,5.21873E+16
18099,3,2,41,1,2018,7,14,3,3,2,6,0,0,1,0,0,0,0,0,5.47498E+20,5.80321E+21,9.69776E+15,5.23771E+16
18100,3,3,57,39,2018,7,13,1,3,5,3,0,0,1,0,0,0,0,0,5.27498E+20,5.88458E+21,9.41078E+15,5.31099E+16
18101,3,1,3,0,2018,7,16,4,3,2,6,0,0,1,0,0,0,0,1,6.24228E+20,5.81254E+21,1.0828E+16,5.24489E+16
18102,3,2,56,24,2018,7,14,3,3,8,7,0,0,1,0,0,0,0,0,4.97505E+20,5.80949E+21,8.9633E+15,5.24356E+16
18103,3,4,4,0,2018,7,16,4,3,9,1,0,0,1,0,0,0,0,0,4.42765E+20,5.79331E+21,8.1609E+15,5.22871E+16
18104,3,1,2,0,2018,7,20,4,3,5,3,0,0,1,0,0,0,0,0,5.87884E+20,5.77678E+21,1.0284E+16,5.21346E+16
18105,3,2,41,1,2018,7,17,5,3,2,6,0,0,1,0,0,0,0,0,5.50001E+20,5.80634E+21,9.735E+15,5.2405E+16
18106,3,4,59,14,2018,7,19,5,3,3,2,0,1,1,0,0,0,0,0,4.31861E+20,5.80676E+21,7.99833E+15,5.24068E+16
18107,3,2,41,3,2018,7,12,7,2,2,6,0,0,1,0,0,0,0,0,5.69314E+20,5.81254E+21,1.00201E+16,5.24586E+16
18108,3,2,41,1,2018,7,8,7,3,5,3,0,0,1,0,0,0,0,0,5.48606E+20,5.80564E+21,9.71439E+15,5.23988E+16
18109,3,1,58,4,2018,7,12,4,2,6,4,0,0,1,1,0,0,0,0,5.84584E+20,5.77574E+21,1.02356E+16,5.21257E+16
18110,3,1,57,6,2018,7,6,4,3,2,6,0,0,0,0,0,1,0,0,5.81425E+20,5.80095E+21,1.01955E+16,5.23528E+16
18111,3,2,54,8,2018,7,18,2,2,0,6,0,0,1,1,0,0,0,0,5.78061E+20,5.76473E+21,1.01378E+16,5.20277E+16
18112,3,4,59,33,2018,7,11,3,3,3,6,0,0,1,0,0,1,0,1,4.32925E+20,5.80083E+21,8.01516E+15,5.23536E+16
18113,3,4,52,1,2018,7,17,4,3,2,6,0,0,1,0,0,0,0,0,3.9992E+20,5.92534E+21,7.49234E+15,5.34675E+16
18114,3,4,54,32,2018,7,19,2,2,0,7,0,1,0,0,0,0,1,0,3.85159E+20,5.81476E+21,7.3093E+15,5.24709E+16
18115,3,3,51,6,2018,7,5,6,3,9,7,1,0,1,0,0,0,0,0,5.73923E+20,5.83047E+21,1.0092E+16,5.26192E+16
18116,3,3,52,62,2018,7,17,6,3,1,1,0,0,1,0,0,0,1,0,4.69298E+20,5.94047E+21,8.53593E+15,5.36122E+16
18117,3,1,51,6,2018,7,13,6,3,0,7,0,1,0,0,0,0,0,0,6.10521E+20,5.8091E+21,1.06253E+16,5.24209E+16
18118,3,4,52,25,2018,7,19,6,3,3,7,0,0,1,0,0,0,0,0,4.16502E+20,5.9197E+21,7.74356E+15,5.34197E+16
18119,3,2,41,19,2018,7,22,3,3,0,7,1,0,0,0,1,0,0,0,5.53178E+20,5.81915E+21,9.78374E+15,5.25199E+16
18120,3,3,55,28,2018,7,21,1,3,8,7,0,0,1,0,0,0,0,0,5.85575E+20,5.90952E+21,1.02849E+16,5.33279E+16
18121,3,4,59,1,2018,7,14,3,2,5,3,0,0,1,0,0,1,0,1,4.2919E+20,5.81388E+21,7.95757E+15,5.24705E+16
18122,3,1,58,6,2018,7,16,4,3,0,2,0,0,1,0,0,0,0,0,6.10325E+20,5.79054E+21,1.06163E+16,5.22542E+16
18123,3,3,51,6,2018,7,9,2,3,6,2,0,0,1,1,0,0,0,0,5.73928E+20,5.83201E+21,1.00924E+16,5.2633E+16
18124,3,4,4,0,2018,7,14,3,3,5,2,0,1,1,0,0,0,0,1,4.34392E+20,5.7922E+21,8.03837E+15,5.22762E+16
18125,3,2,41,10,2018,7,5,5,3,5,2,1,0,1,0,0,0,0,0,5.48955E+20,5.81231E+21,9.7205E+15,5.24588E+16
18126,3,1,54,28,2018,7,17,6,2,1,5,0,0,1,0,0,1,0,0,6.34382E+20,5.7927E+21,1.09694E+16,5.22682E+16
18127,3,4,3,0,2018,7,21,7,2,5,3,1,0,1,0,0,0,0,0,4.46021E+20,5.88738E+21,8.19318E+15,5.31331E+16
18128,3,4,59,24,2018,7,16,7,2,9,1,0,0,0,0,1,0,0,0,4.52894E+20,5.78933E+21,8.30994E+15,5.22523E+16
18129,3,4,57,21,2018,7,7,3,3,7,7,0,0,1,0,0,1,0,1,3.86837E+20,5.89615E+21,7.30576E+15,5.32026E+16
18130,3,4,58,14,2018,7,8,4,3,5,3,0,1,1,0,0,0,0,0,4.60653E+20,5.86047E+21,8.41514E+15,5.28925E+16
18131,3,4,58,13,2018,7,10,2,1,5,3,0,1,1,0,0,0,0,0,4.44292E+20,5.88101E+21,8.16844E+15,5.30757E+16
18132,3,3,51,24,2018,7,12,5,3,5,3,0,0,1,1,0,0,0,0,5.61375E+20,5.83681E+21,9.9078E+15,5.26778E+16
18133,3,2,56,36,2018,7,13,6,2,0,7,0,0,0,0,1,0,0,0,5.05642E+20,5.83893E+21,9.0835E+15,5.27003E+16
18134,3,4,53,4,2018,7,10,7,3,5,3,0,0,1,0,0,0,0,0,4.37744E+20,5.85807E+21,8.07512E+15,5.28687E+16
18135,3,2,41,1,2018,7,5,1,3,2,6,1,0,1,0,0,0,0,0,5.59442E+20,5.79573E+21,9.87188E+15,5.23087E+16
18136,3,4,54,18,2018,7,7,3,3,5,3,0,0,1,0,0,0,0,1,3.82993E+20,5.85015E+21,7.26489E+15,5.27885E+16
18137,3,4,62,5,2018,7,19,2,3,2,6,0,0,1,0,0,0,0,0,4.23149E+20,5.92713E+21,7.84175E+15,5.34875E+16
18138,3,4,53,4,2018,7,12,4,3,2,6,0,0,1,0,0,0,0,0,4.32546E+20,5.85602E+21,7.99834E+15,5.28497E+16
18139,3,4,52,14,2018,7,19,3,2,9,1,0,0,0,0,1,0,0,0,3.76418E+20,5.92725E+21,7.13773E+15,5.34797E+16
18140,3,2,41,11,2018,7,4,5,2,5,3,1,0,1,0,0,0,1,0,5.72604E+20,5.80551E+21,1.0067E+16,5.2395E+16
18141,3,2,54,17,2018,7,20,3,2,2,6,0,0,1,0,1,0,0,0,5.62703E+20,5.78376E+21,9.91748E+15,5.22007E+16
18142,3,4,4,0,2018,7,13,5,3,3,6,0,0,1,0,0,0,0,0,4.33439E+20,5.79385E+21,8.02409E+15,5.2291E+16
18143,3,4,59,22,2018,7,10,6,3,5,3,0,0,1,0,1,0,0,0,4.41981E+20,5.77595E+21,8.15238E+15,5.2131E+16
18144,3,2,54,22,2018,7,14,7,3,3,6,0,0,1,0,0,0,0,0,5.74112E+20,5.77502E+21,1.00825E+16,5.21208E+16
18145,3,4,54,9,2018,7,5,3,3,5,3,0,0,1,0,0,0,0,0,4.05157E+20,5.83201E+21,7.59868E+15,5.26298E+16
18146,3,1,59,15,2018,7,15,2,2,4,1,0,1,0,0,1,0,0,0,5.68319E+20,5.70556E+21,9.98418E+15,5.1497E+16
18147,3,4,52,1,2018,7,14,3,3,5,3,0,1,1,0,0,0,0,0,3.9931E+20,5.92592E+21,7.48296E+15,5.34726E+16
18148,3,4,53,3,2018,7,17,4,3,5,3,0,0,1,0,0,0,0,0,4.34575E+20,5.8496E+21,8.02975E+15,5.27923E+16
18149,3,4,55,25,2018,7,7,2,3,5,3,0,0,1,0,0,0,0,0,4.29734E+20,5.91066E+21,7.94465E+15,5.33405E+16
18150,3,4,59,16,2018,7,15,5,2,2,2,0,0,1,0,0,0,0,0,4.20077E+20,5.82163E+21,7.82157E+15,5.25389E+16
18151,3,4,5,0,2018,7,8,6,3,2,6,0,0,1,0,0,0,0,0,4.39445E+20,5.93142E+21,8.08648E+15,5.35282E+16
18152,3,2,41,1,2018,7,9,3,3,2,6,0,0,0,0,0,1,0,0,5.52944E+20,5.80892E+21,9.77866E+15,5.24279E+16
18153,3,1,55,3,2018,7,20,1,2,9,1,0,0,0,0,1,0,0,0,5.51141E+20,5.7416E+21,9.74203E+15,5.18229E+16
18154,3,4,60,7,2018,7,16,3,3,2,6,0,0,1,0,0,0,1,1,4.38908E+20,5.81495E+21,8.10041E+15,5.24813E+16
18155,3,1,2,0,2018,7,14,4,3,8,1,0,0,1,0,0,0,0,0,6.00041E+20,5.78411E+21,1.04638E+16,5.21984E+16
18156,3,2,55,14,2018,7,10,2,3,0,1,0,0,0,0,1,0,1,0,5.27892E+20,5.72735E+21,9.40357E+15,5.16964E+16
18157,3,4,60,9,2018,7,12,3,3,2,2,0,0,1,0,0,0,1,0,4.50381E+20,5.84729E+21,8.26449E+15,5.27731E+16
18158,3,2,41,11,2018,7,18,5,3,2,6,0,0,0,0,0,1,1,0,5.70392E+20,5.80364E+21,1.00341E+16,5.23785E+16
18159,3,4,4,0,2018,7,16,5,3,2,7,0,0,1,0,0,0,0,0,4.3099E+20,5.79142E+21,7.98869E+15,5.22688E+16
18160,3,4,58,9,2018,7,22,7,1,2,6,2,0,1,0,1,0,0,0,4.48719E+20,5.87959E+21,8.23474E+15,5.30634E+16
18161,3,4,56,15,2018,7,14,7,2,5,3,0,0,1,0,1,0,0,0,3.71578E+20,5.8093E+21,7.11157E+15,5.24188E+16
18162,3,4,51,5,2018,7,16,3,2,2,6,0,0,1,0,0,0,0,0,4.43142E+20,5.90551E+21,8.14692E+15,5.32957E+16
18163,3,3,58,14,2018,7,19,4,2,4,6,0,1,0,0,0,0,0,0,5.39682E+20,5.84553E+21,9.58802E+15,5.27582E+16
18164,3,3,57,39,2018,7,17,2,3,5,2,0,1,1,0,0,0,0,0,5.26559E+20,5.88438E+21,9.39675E+15,5.31082E+16
18165,3,4,51,7,2018,7,17,3,3,4,2,0,0,1,0,0,0,0,0,4.26737E+20,5.90407E+21,7.90116E+15,5.32808E+16
18166,3,1,3,0,2018,7,20,5,2,2,6,0,1,1,0,0,0,0,0,6.25852E+20,5.80707E+21,1.08498E+16,5.23994E+16
18167,3,1,53,12,2018,7,17,3,3,8,1,0,0,1,0,0,0,0,0,5.79692E+20,5.75E+21,1.01582E+16,5.1895E+16
18168,3,4,54,33,2018,7,15,5,2,0,6,0,0,0,0,1,0,0,0,4.09208E+20,5.86475E+21,7.64943E+15,5.29247E+16
18169,3,3,61,6,2018,7,7,6,3,2,6,0,0,1,0,0,0,0,0,5.11986E+20,5.87239E+21,9.17861E+15,5.3001E+16
18170,3,4,4,0,2018,7,17,6,3,5,2,0,1,1,0,0,0,0,0,4.36925E+20,5.79299E+21,8.07535E+15,5.22837E+16
18171,3,2,41,5,2018,7,9,6,3,5,5,0,1,1,0,0,0,0,0,5.41582E+20,5.80978E+21,9.61168E+15,5.24366E+16
18172,3,3,61,9,2018,7,13,3,2,2,6,0,0,1,0,0,0,0,0,4.99385E+20,5.8772E+21,8.99083E+15,5.30443E+16
18173,3,4,59,1,2018,7,11,1,3,0,1,0,1,0,0,0,0,0,0,4.27078E+20,5.81836E+21,7.92549E+15,5.25105E+16
18174,3,4,51,1,2018,7,16,3,3,5,2,0,0,1,0,1,0,0,0,4.16771E+20,5.89709E+21,7.75355E+15,5.32166E+16
18175,3,3,55,25,2018,7,13,4,3,4,6,0,0,1,0,0,0,0,0,6.25142E+20,5.89289E+21,1.08722E+16,5.31707E+16
18176,3,4,61,9,2018,7,15,2,3,5,3,0,1,1,0,0,0,0,0,4.64077E+20,5.91817E+21,8.45957E+15,5.34114E+16
18177,3,2,51,8,2018,7,1,3,2,4,6,2,0,0,0,0,0,1,0,4.96583E+20,5.83577E+21,8.94947E+15,5.26719E+16
18178,3,1,55,11,2018,7,7,5,3,4,2,0,0,1,0,0,0,0,0,5.64699E+20,5.728E+21,9.93618E+15,5.16992E+16
18179,3,2,52,6,2018,7,9,3,3,5,3,0,0,1,0,0,0,0,0,5.27939E+20,5.77228E+21,9.40789E+15,5.21003E+16
18180,3,4,54,18,2018,7,18,5,2,5,3,0,0,1,0,0,0,0,0,3.8061E+20,5.85184E+21,7.22896E+15,5.28031E+16
18181,3,4,56,15,2018,7,19,6,3,3,6,0,1,0,0,0,0,0,0,3.68338E+20,5.81197E+21,7.06291E+15,5.24421E+16
18182,3,1,57,6,2018,7,7,7,3,5,3,0,1,1,0,0,0,0,0,5.86562E+20,5.79488E+21,1.02694E+16,5.22974E+16
18183,3,4,52,24,2018,7,9,3,3,2,6,0,0,1,0,0,0,0,0,3.86198E+20,5.93102E+21,7.28366E+15,5.35158E+16
18184,3,1,53,12,2018,7,14,2,2,2,6,0,0,1,0,1,0,0,0,5.81337E+20,5.74582E+21,1.01811E+16,5.18572E+16
18185,3,2,51,37,2018,7,15,3,3,2,6,0,0,1,0,0,0,0,0,4.8582E+20,5.87469E+21,8.78859E+15,5.30216E+16
18186,3,4,58,15,2018,7,14,4,1,4,6,0,0,1,0,0,1,0,0,4.64916E+20,5.8613E+21,8.47842E+15,5.29002E+16
18187,3,3,61,1,2018,7,7,2,3,2,6,0,0,1,0,0,0,0,0,4.98982E+20,5.87683E+21,8.98481E+15,5.3041E+16
18188,3,3,56,7,2018,7,10,5,3,4,2,0,1,1,0,0,0,0,0,4.85966E+20,5.89757E+21,8.78978E+15,5.32272E+16
18189,3,4,51,8,2018,7,12,6,3,5,3,0,1,0,0,0,0,0,0,4.40987E+20,5.9013E+21,8.11538E+15,5.32577E+16
18190,3,2,54,5,2018,7,16,1,2,4,1,0,0,1,0,1,0,0,0,5.70918E+20,5.77053E+21,1.00349E+16,5.20808E+16
18191,3,2,51,37,2018,7,13,3,3,2,6,0,0,0,0,0,1,1,0,4.78218E+20,5.87238E+21,8.67543E+15,5.30005E+16
18192,3,3,61,6,2018,7,7,3,3,5,3,0,0,1,0,0,0,0,0,5.07711E+20,5.87177E+21,9.11488E+15,5.29954E+16
18193,3,1,3,0,2018,7,14,2,3,2,6,0,0,1,0,0,0,0,0,6.1779E+20,5.80518E+21,1.07307E+16,5.23842E+16
18194,3,4,1,0,2018,7,7,3,2,0,7,0,0,0,0,0,0,1,1,4.74748E+20,5.87958E+21,8.62316E+15,5.30651E+16
18195,3,2,56,21,2018,7,23,5,3,0,1,2,1,0,0,0,0,0,0,5.10618E+20,5.83578E+21,9.15704E+15,5.26718E+16
18196,3,3,52,32,2018,7,7,3,3,2,6,0,0,1,0,0,1,0,1,4.74636E+20,5.92562E+21,8.61782E+15,5.34789E+16
18197,3,4,52,1,2018,7,13,5,3,2,2,0,0,1,0,0,0,1,0,4.11214E+20,5.928E+21,7.66166E+15,5.34935E+16
18198,3,4,54,14,2018,7,14,5,3,5,2,0,0,1,0,0,1,0,0,3.80145E+20,5.82817E+21,7.23068E+15,5.25903E+16
18199,3,3,53,26,2018,7,16,7,3,4,2,0,0,1,0,0,0,0,0,5.5118E+20,5.92407E+21,9.77091E+15,5.34632E+16
18200,3,3,61,6,2018,7,18,7,3,8,1,0,0,1,0,0,0,0,0,5.11669E+20,5.87288E+21,9.1739E+15,5.30053E+16
18201,3,3,52,11,2018,7,10,3,3,5,7,0,1,1,0,0,0,0,0,4.79245E+20,5.96794E+21,8.68443E+15,5.38595E+16
18202,3,2,41,1,2018,7,21,4,3,4,6,2,0,1,0,1,0,0,0,5.58238E+20,5.80466E+21,9.85577E+15,5.23891E+16
18203,3,3,51,7,2018,7,13,2,3,2,6,0,0,1,0,0,0,0,0,5.80067E+20,5.82268E+21,1.01808E+16,5.25483E+16
18204,3,3,53,29,2018,7,13,3,3,5,3,0,0,1,0,1,0,0,0,5.62721E+20,5.91082E+21,9.94209E+15,5.33428E+16
18205,3,1,51,16,2018,7,18,5,2,8,1,0,0,0,0,1,0,0,0,6.05588E+20,5.80473E+21,1.05514E+16,5.23826E+16
18206,3,4,59,14,2018,7,13,2,1,3,6,0,0,1,0,0,1,0,0,4.34408E+20,5.8059E+21,8.03593E+15,5.23994E+16
18207,3,4,54,14,2018,7,15,5,3,8,6,0,0,1,0,1,0,0,0,3.8174E+20,5.82894E+21,7.25395E+15,5.25976E+16
18208,3,2,51,2,2018,7,16,6,2,8,1,0,0,0,0,1,0,0,0,5.02343E+20,5.84775E+21,9.03473E+15,5.27796E+16
18209,3,4,60,4,2018,7,11,6,3,3,6,0,0,1,0,0,0,0,0,4.60885E+20,5.84816E+21,8.42007E+15,5.27818E+16
18210,3,2,57,35,2018,7,14,6,2,5,3,0,1,1,0,0,0,0,0,5.13742E+20,5.79616E+21,9.2016E+15,5.23156E+16
18211,3,2,41,18,2018,7,11,6,3,2,6,0,0,1,0,0,0,1,0,5.85929E+20,5.81504E+21,1.02653E+16,5.24788E+16
18212,3,2,51,37,2018,7,17,3,3,5,3,0,1,1,0,0,0,0,0,4.8153E+20,5.87296E+21,8.72474E+15,5.30059E+16
18213,3,4,57,14,2018,7,21,1,3,8,7,1,0,1,0,0,0,0,0,3.99419E+20,5.91041E+21,7.48956E+15,5.33333E+16
18214,3,3,53,38,2018,7,5,3,3,5,3,0,0,1,0,0,0,0,1,5.53491E+20,5.89931E+21,9.80153E+15,5.32403E+16
18215,3,2,41,19,2018,7,18,4,2,8,1,0,0,1,0,0,0,0,0,5.52613E+20,5.82287E+21,9.77599E+15,5.25534E+16
18216,3,3,52,42,2018,7,14,2,3,8,6,0,0,1,0,0,0,1,0,5.12117E+20,5.95893E+21,9.18388E+15,5.37788E+16
18217,3,2,51,41,2018,7,9,5,2,0,7,0,1,0,0,0,0,1,0,4.88301E+20,5.86533E+21,8.82593E+15,5.29375E+16
18218,3,2,41,7,2018,7,17,6,3,5,2,0,1,1,0,0,0,0,0,5.4862E+20,5.79629E+21,9.71325E+15,5.23148E+16
18219,3,1,53,504,2018,7,13,1,1,4,6,0,0,1,0,1,0,0,0,6.14492E+20,5.7287E+21,1.06567E+16,5.16976E+16
18220,3,3,59,10,2018,7,13,3,3,2,2,0,0,1,0,1,0,0,0,5.46669E+20,5.92558E+21,9.70319E+15,5.34771E+16
18221,3,3,58,2,2018,7,18,1,2,9,1,0,0,0,0,1,0,0,0,5.69358E+20,5.88958E+21,1.00371E+16,5.31511E+16
18222,3,3,59,28,2018,7,13,3,3,2,2,0,0,1,0,0,0,0,0,5.44796E+20,5.93311E+21,9.67605E+15,5.3545E+16
18223,3,2,41,1,2018,7,10,3,3,2,6,0,0,1,0,0,0,0,0,5.57413E+20,5.80751E+21,9.84414E+15,5.24148E+16
18224,3,1,3,0,2018,7,19,5,3,3,6,0,0,1,0,0,1,0,0,6.1801E+20,5.80547E+21,1.07341E+16,5.23868E+16
18225,3,3,59,38,2018,7,13,3,2,5,3,0,0,1,0,1,0,0,0,5.31669E+20,5.9433E+21,9.47898E+15,5.36375E+16
18226,3,3,53,31,2018,7,8,5,3,5,3,0,1,1,0,0,0,0,0,5.68476E+20,5.91095E+21,1.00285E+16,5.33432E+16
18227,3,4,52,23,2018,7,16,5,3,1,5,0,0,1,0,0,0,0,0,3.93786E+20,5.92662E+21,7.39954E+15,5.34778E+16
18228,3,4,51,1,2018,7,11,5,3,5,3,0,1,1,0,0,0,0,0,4.20791E+20,5.89775E+21,7.81357E+15,5.32231E+16
18229,3,3,59,38,2018,7,19,6,2,5,3,0,0,1,0,0,0,1,0,5.28024E+20,5.9385E+21,9.42343E+15,5.35946E+16
18230,3,3,57,21,2018,7,22,6,3,9,1,2,0,1,0,0,0,0,0,5.26665E+20,5.90395E+21,9.39996E+15,5.32841E+16
18231,3,1,59,15,2018,7,16,1,3,3,2,0,0,1,0,1,0,0,0,5.70759E+20,5.70151E+21,1.00185E+16,5.14604E+16
18232,3,4,58,9,2018,7,17,3,3,2,6,0,0,1,0,0,0,0,0,4.52869E+20,5.88278E+21,8.29621E+15,5.30924E+16
18233,3,4,53,3,2018,7,11,1,2,5,2,0,0,1,0,0,0,1,0,4.42459E+20,5.85086E+21,8.14644E+15,5.28044E+16
18234,3,3,57,17,2018,7,6,3,3,8,1,0,0,1,0,0,0,0,1,5.29927E+20,5.90207E+21,9.44871E+15,5.3267E+16
18235,3,2,41,10,2018,7,1,3,3,9,1,2,0,1,0,0,0,0,0,5.49859E+20,5.8135E+21,9.73398E+15,5.24694E+16
18236,3,1,59,29,2018,7,12,5,3,3,6,0,0,1,0,0,0,0,0,5.60896E+20,5.70489E+21,9.87715E+15,5.14919E+16
18237,3,2,41,1,2018,7,16,3,3,5,3,0,1,1,0,0,0,0,1,5.52171E+20,5.7993E+21,9.7658E+15,5.23415E+16
18238,3,3,58,22,2018,7,13,5,3,8,7,0,0,1,0,0,0,1,0,5.30644E+20,5.85971E+21,9.45542E+15,5.28862E+16
18239,3,4,53,7,2018,7,14,5,2,5,3,0,0,1,0,0,0,0,0,4.1903E+20,5.88312E+21,7.7909E+15,5.30913E+16
18240,3,3,58,21,2018,7,8,7,3,5,3,0,1,1,0,0,0,0,0,5.56624E+20,5.87383E+21,9.84397E+15,5.3011E+16
18241,3,3,52,11,2018,7,12,7,3,2,6,0,0,1,0,0,0,0,0,4.78773E+20,5.96469E+21,8.67748E+15,5.38303E+16
18242,3,2,41,21,2018,7,17,3,3,8,1,0,0,1,0,0,0,0,1,5.31599E+20,5.80596E+21,9.46447E+15,5.24029E+16
18243,3,1,59,4,2018,7,16,4,3,5,3,0,0,1,0,1,0,0,0,6.09943E+20,5.7146E+21,1.05864E+16,5.15717E+16
18244,3,2,41,19,2018,7,6,2,3,2,2,0,0,1,0,0,0,0,0,5.49287E+20,5.82694E+21,9.72756E+15,5.25902E+16
18245,3,2,41,14,2018,7,18,3,3,6,4,0,0,1,1,0,0,0,1,5.46179E+20,5.79472E+21,9.67722E+15,5.23008E+16
18246,3,4,59,14,2018,7,6,4,3,5,3,0,0,1,0,0,0,0,0,4.32512E+20,5.80682E+21,8.00789E+15,5.24075E+16
18247,3,4,59,14,2018,7,17,2,3,4,2,0,0,1,0,0,0,1,0,4.34394E+20,5.80542E+21,8.03583E+15,5.23951E+16
18248,3,4,60,7,2018,7,17,5,3,5,3,0,0,1,0,0,0,0,1,4.36775E+20,5.81696E+21,8.06863E+15,5.24991E+16
18249,3,4,61,1,2018,7,9,6,3,7,7,0,0,1,0,0,0,0,0,4.65819E+20,5.8878E+21,8.48904E+15,5.31385E+16
18250,3,4,5,0,2018,7,20,6,3,5,3,0,0,1,0,0,0,0,0,4.40243E+20,5.93146E+21,8.09851E+15,5.35287E+16
18251,3,2,57,28,2018,7,13,6,3,2,6,0,0,1,0,0,0,0,0,5.09211E+20,5.79173E+21,9.13501E+15,5.22759E+16
18252,3,3,53,29,2018,7,15,3,3,3,6,0,0,1,0,0,1,0,0,5.55745E+20,5.91401E+21,9.83788E+15,5.33723E+16
18253,3,4,5,0,2018,7,19,1,3,8,1,0,0,1,0,0,0,0,0,4.36324E+20,5.94136E+21,8.03738E+15,5.36171E+16
18254,3,2,41,16,2018,7,15,3,3,9,1,0,0,1,0,0,0,0,1,5.70084E+20,5.80008E+21,1.00289E+16,5.23466E+16
18255,3,2,41,1,2018,7,11,4,3,2,6,0,0,1,0,0,0,0,0,5.52956E+20,5.80892E+21,9.77885E+15,5.2428E+16
18256,3,3,58,5,2018,7,11,2,3,2,6,0,0,1,0,0,1,0,0,5.47259E+20,5.83492E+21,9.69877E+15,5.26622E+16
18257,3,2,41,14,2018,7,18,6,3,5,3,0,1,1,0,0,0,0,0,5.45465E+20,5.79912E+21,9.66734E+15,5.23405E+16
18258,3,3,59,5,2018,7,21,5,2,9,1,0,0,0,0,1,0,0,0,5.3011E+20,5.92349E+21,9.4535E+15,5.34596E+16
18259,3,2,56,30,2018,7,11,6,3,4,2,0,0,1,0,0,1,0,0,4.92302E+20,5.83116E+21,8.88626E+15,5.26303E+16
18260,3,4,54,32,2018,7,18,7,2,5,3,0,0,1,0,0,0,0,0,3.91354E+20,5.81633E+21,7.39995E+15,5.24863E+16
18261,3,3,55,21,2018,7,5,1,3,9,7,0,0,1,0,0,0,0,0,6.04832E+20,5.90911E+21,1.05738E+16,5.33208E+16
18262,3,2,41,10,2018,7,17,3,3,2,6,0,0,1,0,0,0,0,0,5.46969E+20,5.81048E+21,9.69102E+15,5.24425E+16
18263,3,2,55,34,2018,7,16,3,3,5,3,0,0,1,0,1,0,0,0,5.42207E+20,5.74799E+21,9.61319E+15,5.18811E+16
18264,3,4,62,5,2018,7,12,4,2,9,1,0,0,1,0,0,0,0,0,4.15802E+20,5.92599E+21,7.73135E+15,5.34762E+16