OBJECTID_1,ULAND,UREGBEZ,UKREIS,UGEMEINDE,UJAHR,UMONAT,USTUNDE,UWOCHENTAG,UKATEGORIE,UART,UTYP1,ULICHTVERH,IstRad,IstPKW,IstFuss,IstKrad,IstGkfz,IstSonstig,STRZUSTAND,LINREFX,LINREFY,XGCSWGS84,YGCSWGS84
18455,3,1,57,7,2018,7,9,6,3,5,3,0,0,1,0,0,0,1,0,5.97369E+20,5.78827E+21,1.04259E+16,5.22362E+16
18456,3,4,51,2,2018,7,15,7,3,5,3,0,1,0,0,0,0,1,0,4.31114E+20,5.89558E+21,7.96863E+15,5.3205E+16
18457,3,1,53,2,2018,7,14,1,3,2,6,0,0,1,0,0,0,0,1,6.04073E+20,5.75352E+21,1.05134E+16,5.19227E+16
18458,3,3,56,7,2018,7,16,2,3,8,1,0,0,1,0,0,0,0,0,4.80658E+20,5.90148E+21,8.71003E+15,5.32622E+16
18459,3,4,61,6,2018,7,19,4,2,8,1,0,0,0,0,1,0,0,1,4.73025E+20,5.88766E+21,8.59676E+15,5.31377E+16
18460,3,4,61,3,2018,7,19,2,3,1,5,0,0,1,0,0,0,0,0,4.57579E+20,5.93661E+21,8.35932E+15,5.35766E+16
18461,3,4,51,5,2018,7,23,2,2,9,1,2,0,1,0,0,0,0,0,4.48059E+20,5.90198E+21,8.22126E+15,5.32645E+16
18462,3,2,41,9,2018,7,7,5,2,4,6,0,0,1,0,0,0,1,0,5.56618E+20,5.79473E+21,9.83029E+15,5.23E+16
18463,3,2,52,6,2018,7,10,3,3,0,2,0,1,1,0,0,0,0,0,5.2505E+20,5.77269E+21,9.36575E+15,5.21042E+16
18464,3,2,41,15,2018,7,13,6,2,0,1,0,1,0,0,0,0,0,0,5.44159E+20,5.80529E+21,9.64899E+15,5.23961E+16
18465,3,4,57,22,2018,7,11,6,3,4,2,0,0,1,0,1,0,0,0,3.97E+20,5.8873E+21,7.46071E+15,5.31252E+16
18466,3,1,3,0,2018,7,8,7,3,5,3,0,0,1,0,0,0,1,0,6.21065E+20,5.80157E+21,1.07775E+16,5.2351E+16
18467,3,4,62,15,2018,7,17,3,3,2,6,0,0,1,0,0,0,0,0,4.09701E+20,5.94304E+21,7.63452E+15,5.36284E+16
18468,3,1,57,1,2018,7,11,2,3,1,5,0,0,1,0,1,0,0,0,5.86037E+20,5.80952E+21,1.02654E+16,5.24291E+16
18469,3,4,3,0,2018,7,10,2,3,2,2,0,0,1,0,0,0,0,0,4.50469E+20,5.88579E+21,8.25991E+15,5.31192E+16
18470,3,1,59,17,2018,7,14,3,2,4,6,0,1,0,0,0,0,0,0,5.45572E+20,5.69665E+21,9.65538E+15,5.14192E+16
18471,3,4,60,10,2018,7,6,4,3,5,3,0,1,0,0,0,0,0,0,4.54527E+20,5.85435E+21,8.32496E+15,5.2837E+16
18472,3,2,51,37,2018,7,11,2,3,5,3,0,0,1,0,0,0,0,0,4.82765E+20,5.86998E+21,8.74331E+15,5.29792E+16
18473,3,2,41,16,2018,7,17,5,3,5,2,0,1,1,0,1,0,0,0,5.63093E+20,5.79671E+21,9.92561E+15,5.23171E+16
18474,3,1,2,0,2018,7,16,7,3,5,3,0,1,1,0,0,0,0,0,5.91062E+20,5.77879E+21,1.0331E+16,5.21521E+16
18475,3,2,56,29,2018,7,14,7,3,4,2,0,0,1,0,0,0,0,0,5.24702E+20,5.83427E+21,9.36521E+15,5.26578E+16
18476,3,4,54,18,2018,7,18,3,2,4,2,0,0,1,0,1,1,0,0,3.75452E+20,5.8553E+21,7.15117E+15,5.2833E+16
18477,3,1,59,14,2018,7,19,2,3,2,6,0,0,1,0,0,0,1,0,5.83873E+20,5.71824E+21,1.02112E+16,5.16089E+16
18478,3,3,52,59,2018,7,9,2,3,2,2,0,0,1,0,0,0,0,0,4.87973E+20,5.92072E+21,8.81896E+15,5.34354E+16
18479,3,4,60,9,2018,7,10,4,3,5,2,0,0,1,0,0,0,1,0,4.51098E+20,5.84156E+21,8.27596E+15,5.27217E+16
18480,3,4,53,8,2018,7,17,2,3,5,3,0,1,1,0,0,0,0,0,4.3444E+20,5.8677E+21,8.0241E+15,5.29549E+16
18481,3,4,59,1,2018,7,10,5,3,5,3,0,0,1,0,0,0,0,0,4.28966E+20,5.81703E+21,7.95359E+15,5.24987E+16
18482,3,4,53,12,2018,7,18,6,3,5,3,0,0,1,0,0,0,0,0,4.21374E+20,5.85868E+21,7.83183E+15,5.28721E+16
18483,3,2,41,1,2018,7,7,3,3,5,2,0,1,1,0,0,0,0,0,5.49983E+20,5.80234E+21,9.73413E+15,5.23691E+16
18484,3,2,41,19,2018,7,13,1,2,9,6,0,0,1,0,0,0,0,0,5.53561E+20,5.82044E+21,9.78959E+15,5.25315E+16
18485,3,3,58,7,2018,7,14,2,3,2,6,0,0,1,0,0,1,0,0,5.43837E+20,5.83723E+21,9.64847E+15,5.26832E+16
18486,3,1,51,13,2018,7,5,4,2,8,1,0,0,1,0,0,0,0,0,6.08519E+20,5.81025E+21,1.05962E+16,5.24317E+16
18487,3,1,55,13,2018,7,17,2,2,9,1,0,1,1,0,0,0,1,0,5.64319E+20,5.73784E+21,9.93251E+15,5.17877E+16
18488,3,3,60,12,2018,7,17,2,2,0,5,0,0,1,0,0,0,1,0,6.03187E+20,5.88655E+21,1.05418E+16,5.31184E+16
18489,3,2,41,19,2018,7,20,5,3,2,6,0,0,1,0,0,0,0,0,5.51495E+20,5.82663E+21,9.7601E+15,5.25873E+16
18490,3,4,59,14,2018,7,14,5,3,8,1,0,0,0,0,1,0,0,0,4.29402E+20,5.80448E+21,7.96268E+15,5.2386E+16
18491,3,2,51,12,2018,7,17,7,2,2,2,0,0,1,0,0,0,0,0,4.54548E+20,5.83558E+21,8.32786E+15,5.26682E+16
18492,3,4,54,42,2018,7,15,7,3,8,1,0,0,1,0,0,0,0,0,4.13198E+20,5.86332E+21,7.70915E+15,5.29125E+16
18493,3,3,51,23,2018,7,14,2,2,4,6,0,0,1,0,0,0,0,0,5.59664E+20,5.83606E+21,9.88237E+15,5.26712E+16
18494,3,3,59,38,2018,7,6,4,3,2,6,0,0,1,0,0,1,1,0,5.31786E+20,5.94433E+21,9.48085E+15,5.36468E+16
18495,3,3,58,21,2018,7,19,2,3,4,2,0,0,1,0,0,0,0,0,5.59005E+20,5.86664E+21,9.87814E+15,5.29462E+16
18496,3,3,51,6,2018,7,10,2,3,5,2,0,1,1,0,0,0,0,0,5.71995E+20,5.83059E+21,1.00635E+16,5.26206E+16
18497,3,1,59,17,2018,7,14,5,3,5,5,0,0,1,0,0,0,0,0,5.45534E+20,5.69528E+21,9.65466E+15,5.1407E+16
18498,3,1,58,37,2018,7,15,3,3,5,3,0,0,1,0,0,0,0,0,6.0571E+20,5.77852E+21,1.05449E+16,5.21471E+16
18499,3,3,61,9,2018,7,16,6,3,3,2,0,1,0,0,0,0,0,0,5.00733E+20,5.87884E+21,9.01094E+15,5.30591E+16
18500,3,4,59,19,2018,7,14,6,3,0,7,0,1,0,0,0,0,0,0,4.38977E+20,5.78402E+21,8.10705E+15,5.22033E+16
18501,3,2,41,5,2018,7,8,6,3,1,5,0,0,1,0,0,0,0,0,5.37637E+20,5.81161E+21,9.55386E+15,5.24533E+16
18502,3,3,61,1,2018,7,9,3,3,0,6,0,1,1,0,0,0,0,0,5.01416E+20,5.87389E+21,9.0211E+15,5.30145E+16
18503,3,4,59,4,2018,7,12,1,1,4,6,0,0,1,0,0,0,0,0,4.35714E+20,5.77728E+21,8.06058E+15,5.21422E+16
18504,3,2,41,1,2018,7,8,2,3,5,2,0,1,1,0,0,0,0,0,5.48217E+20,5.80671E+21,9.70882E+15,5.24085E+16
18505,3,3,58,21,2018,7,8,4,2,5,2,0,1,1,0,0,0,0,0,5.56154E+20,5.87134E+21,9.83653E+15,5.29887E+16
18506,3,2,51,37,2018,7,10,2,3,2,6,0,0,1,0,0,0,0,0,4.81808E+20,5.8734E+21,8.72887E+15,5.30098E+16
18507,3,1,59,29,2018,7,17,6,3,2,6,0,0,1,0,1,0,0,0,5.60336E+20,5.7004E+21,9.86832E+15,5.14516E+16
18508,3,4,51,1,2018,7,13,5,3,2,6,0,0,1,0,0,0,0,0,4.16519E+20,5.89707E+21,7.74978E+15,5.32164E+16
18509,3,3,59,12,2018,7,21,6,3,5,2,1,0,1,0,0,0,0,0,5.3608E+20,5.93255E+21,9.54444E+15,5.35406E+16
18510,3,2,52,7,2018,7,16,1,3,5,3,0,0,1,0,0,0,0,0,5.16993E+20,5.77623E+21,9.24829E+15,5.21364E+16
18511,3,2,51,42,2018,7,11,3,2,9,1,0,0,1,0,0,0,0,0,4.70191E+20,5.84633E+21,8.5582E+15,5.2766E+16
18512,3,4,53,9,2018,7,12,1,3,9,6,0,0,1,0,0,0,0,0,4.29924E+20,5.84835E+21,7.96106E+15,5.27804E+16
18513,3,2,41,10,2018,7,7,3,3,5,2,0,1,1,0,0,0,0,0,5.49907E+20,5.81008E+21,9.73418E+15,5.24386E+16
18514,3,1,57,6,2018,7,17,3,3,2,6,0,0,1,0,0,0,0,0,5.84329E+20,5.79914E+21,1.02377E+16,5.23361E+16
18515,3,3,57,1,2018,8,6,3,3,5,3,0,0,1,0,0,0,0,0,5.22946E+20,5.87891E+21,9.34238E+15,5.30592E+16
18516,3,4,59,29,2018,7,7,3,3,5,3,0,0,1,0,0,0,1,0,4.46898E+20,5.8051E+21,8.21962E+15,5.23935E+16
18517,3,2,41,3,2018,8,10,2,3,5,3,0,0,1,0,1,0,0,0,5.67848E+20,5.81169E+21,9.9984E+15,5.24512E+16
18518,3,1,57,6,2018,8,16,6,3,8,6,0,0,1,0,0,0,0,0,5.81991E+20,5.7985E+21,1.02032E+16,5.23307E+16
18519,3,2,52,1,2018,8,18,7,3,8,6,0,0,1,0,0,0,0,0,5.18316E+20,5.7654E+21,9.26704E+15,5.20389E+16
18520,3,4,52,23,2018,8,13,5,2,4,6,0,0,1,0,0,0,0,0,3.92945E+20,5.927E+21,7.38674E+15,5.34811E+16
18521,3,1,57,6,2018,7,16,3,3,9,1,0,0,1,0,0,0,0,0,5.80372E+20,5.79568E+21,1.01788E+16,5.23055E+16
18522,3,4,60,8,2018,8,19,2,2,5,2,0,0,1,0,1,0,0,0,4.46384E+20,5.83017E+21,8.20803E+15,5.26189E+16
18523,3,4,58,13,2018,8,2,7,3,5,3,2,0,1,0,0,0,0,1,4.44036E+20,5.88047E+21,8.16472E+15,5.30707E+16
18524,3,3,56,11,2018,8,20,1,3,1,5,0,0,1,0,0,0,0,0,4.95007E+20,5.89714E+21,8.92521E+15,5.32235E+16
18525,3,3,53,36,2018,8,18,5,3,6,1,0,0,0,1,0,0,1,0,5.65383E+20,5.89474E+21,9.97876E+15,5.3198E+16
18526,3,1,2,0,2018,7,7,3,3,5,3,0,0,1,0,1,0,0,0,5.94586E+20,5.77832E+21,1.03824E+16,5.21472E+16
18527,3,2,41,19,2018,8,10,4,3,3,6,0,0,1,0,0,1,0,0,5.48697E+20,5.83173E+21,9.71955E+15,5.26334E+16
18528,3,1,54,14,2018,8,13,5,3,2,6,0,0,1,0,0,0,1,0,6.17688E+20,5.80157E+21,1.07279E+16,5.23517E+16
18529,3,4,59,14,2018,8,21,6,3,9,6,1,0,1,0,0,0,0,0,4.25843E+20,5.81113E+21,7.90891E+15,5.24454E+16
18530,3,2,56,25,2018,8,16,1,3,2,6,0,0,1,0,1,0,0,0,5.1544E+20,5.81769E+21,9.22749E+15,5.25091E+16
18531,3,1,53,12,2018,7,18,3,3,2,2,0,0,1,0,0,0,1,0,5.77713E+20,5.75517E+21,1.01306E+16,5.19418E+16
18532,3,4,53,4,2018,8,16,3,3,5,3,0,0,1,0,0,0,0,0,4.35148E+20,5.85525E+21,8.03712E+15,5.28431E+16
18533,3,2,41,19,2018,8,10,4,3,2,6,0,0,1,0,0,1,0,0,5.50116E+20,5.82887E+21,9.74009E+15,5.26076E+16
18534,3,3,55,2,2018,8,7,6,3,5,3,0,0,1,0,0,0,0,0,5.81257E+20,5.88784E+21,1.02146E+16,5.31337E+16
18535,3,3,52,42,2018,8,16,7,3,5,3,0,0,1,0,0,0,1,0,5.07367E+20,5.95564E+21,9.11172E+15,5.37494E+16
18536,3,2,41,2,2018,8,19,6,3,2,6,0,0,1,0,0,1,0,0,5.28576E+20,5.798E+21,9.41936E+15,5.23316E+16
18537,3,1,51,1,2018,7,21,3,2,7,7,1,0,0,0,1,0,0,0,5.97818E+20,5.80548E+21,1.04375E+16,5.23908E+16
18538,3,2,54,21,2018,8,16,3,3,5,3,0,0,1,0,0,1,0,0,5.6586E+20,5.78101E+21,9.96314E+15,5.21757E+16
18539,3,4,60,5,2018,7,7,3,2,4,6,0,0,1,0,0,0,1,0,4.42095E+20,5.8228E+21,8.14596E+15,5.25522E+16
18540,3,2,54,26,2018,8,17,2,3,2,6,0,0,1,0,0,0,0,0,5.55708E+20,5.77855E+21,9.81429E+15,5.21547E+16
18541,3,4,57,17,2018,8,17,5,2,0,7,0,1,1,0,0,0,0,1,4.0787E+20,5.89076E+21,7.62211E+15,5.31583E+16
18542,3,1,54,13,2018,7,20,3,2,0,6,0,0,1,0,0,0,0,0,6.17827E+20,5.797E+21,1.07284E+16,5.23107E+16
18543,3,4,59,17,2018,8,17,6,3,2,6,0,0,1,0,0,0,0,0,4.10896E+20,5.81915E+21,7.68691E+15,5.25152E+16
18544,3,4,59,12,2018,8,7,4,3,8,1,0,0,1,0,0,0,0,0,4.4773E+20,5.78964E+21,8.23425E+15,5.22546E+16
18545,3,4,61,5,2018,8,17,5,2,0,7,0,0,0,0,1,0,0,0,4.4935E+20,5.91539E+21,8.23847E+15,5.33852E+16
18546,3,1,57,8,2018,7,13,3,2,8,1,0,0,0,0,0,1,0,0,5.88968E+20,5.79922E+21,1.03058E+16,5.23361E+16
18547,3,2,51,7,2018,8,14,2,3,5,3,0,0,1,0,0,0,0,0,4.81067E+20,5.85573E+21,8.71885E+15,5.2851E+16
18548,3,2,41,2,2018,8,18,7,3,4,1,0,0,1,0,1,0,0,0,5.33755E+20,5.79209E+21,9.49476E+15,5.22782E+16
18549,3,3,58,4,2018,8,13,1,3,5,3,0,1,1,0,0,0,0,0,5.44421E+20,5.86185E+21,9.66046E+15,5.29045E+16
18550,3,4,59,24,2018,7,14,2,2,5,3,0,1,1,0,0,0,0,0,4.61691E+20,5.78567E+21,8.43921E+15,5.22201E+16
18551,3,3,57,13,2018,8,21,5,3,3,6,2,0,1,0,0,0,1,0,5.26916E+20,5.89944E+21,9.40335E+15,5.32435E+16
18552,3,4,59,29,2018,7,17,2,2,5,3,0,0,1,0,1,0,0,0,4.47527E+20,5.79737E+21,8.23007E+15,5.23242E+16
18553,3,2,41,11,2018,8,9,4,3,2,6,0,0,1,0,0,0,0,0,5.63137E+20,5.80526E+21,9.92786E+15,5.2394E+16
18554,3,4,52,1,2018,8,11,4,3,5,3,0,1,1,0,0,0,0,0,4.03518E+20,5.92996E+21,7.5451E+15,5.35097E+16
18555,3,4,53,4,2018,8,20,6,3,5,3,0,0,1,0,0,0,0,0,4.36719E+20,5.85709E+21,8.0601E+15,5.28598E+16
18556,3,1,54,6,2018,8,5,1,2,9,7,0,0,1,0,0,0,0,0,6.25749E+20,5.77237E+21,1.08354E+16,5.20876E+16
18557,3,3,56,7,2018,8,6,6,3,4,2,0,0,1,0,0,0,0,0,4.85036E+20,5.8979E+21,8.77583E+15,5.32301E+16
18558,3,4,57,16,2018,7,17,2,3,5,3,0,0,1,0,1,0,0,0,4.03421E+20,5.90136E+21,7.55238E+15,5.32527E+16
18559,3,4,3,0,2018,8,8,3,3,5,3,0,0,0,0,1,0,1,0,4.44411E+20,5.88834E+21,8.16895E+15,5.31416E+16
18560,3,3,58,7,2018,8,6,5,3,3,6,0,0,1,0,0,1,0,0,5.46361E+20,5.83923E+21,9.68609E+15,5.2701E+16
18561,3,4,54,20,2018,7,22,2,3,4,6,2,1,0,0,1,0,0,0,3.85478E+20,5.87252E+21,7.29385E+15,5.299E+16
18562,3,2,41,15,2018,8,8,4,3,5,3,0,1,1,0,0,0,0,0,5.36031E+20,5.80668E+21,9.52969E+15,5.24092E+16
18563,3,4,59,19,2018,8,15,4,3,0,3,0,1,1,0,0,0,0,0,4.37137E+20,5.78742E+21,8.0795E+15,5.22336E+16
18564,3,4,54,41,2018,8,13,6,3,2,2,0,0,1,0,0,0,0,0,3.9513E+20,5.8823E+21,7.43441E+15,5.30799E+16
18565,3,2,54,32,2018,8,16,1,2,8,7,0,0,1,0,0,0,0,0,5.80258E+20,5.78316E+21,1.01742E+16,5.21931E+16
18566,3,3,52,56,2018,7,19,3,1,9,1,0,0,0,0,1,0,0,0,5.06941E+20,5.9554E+21,9.10525E+15,5.37472E+16
18567,3,4,56,15,2018,7,14,2,3,2,2,0,0,1,0,0,0,0,0,3.68414E+20,5.81188E+21,7.06406E+15,5.24412E+16
18568,3,3,56,8,2018,8,12,3,3,2,6,0,0,1,0,0,0,0,0,4.8346E+20,5.894E+21,8.75243E+15,5.31951E+16
18569,3,3,53,20,2018,7,20,3,2,5,3,1,1,1,0,0,0,0,0,5.6437E+20,5.9076E+21,9.9662E+15,5.33137E+16
18570,3,2,57,31,2018,8,12,4,3,2,6,0,0,1,0,0,1,0,0,5.1152E+20,5.78312E+21,9.16855E+15,5.21984E+16
18571,3,2,41,11,2018,8,19,6,3,1,5,0,0,1,0,1,0,0,0,5.67405E+20,5.80744E+21,9.99102E+15,5.24131E+16
18572,3,3,53,40,2018,8,22,7,1,8,1,2,0,1,0,0,0,0,0,5.7756E+20,5.90835E+21,1.01643E+16,5.33187E+16
18573,3,2,41,1,2018,8,12,6,3,2,6,0,0,1,0,0,1,0,0,5.45158E+20,5.8088E+21,9.66415E+15,5.24276E+16
18574,3,4,54,35,2018,7,11,2,3,2,6,0,0,1,0,0,1,0,0,3.77846E+20,5.83691E+21,7.19354E+15,5.26684E+16
18575,3,1,3,0,2018,8,15,3,3,3,2,0,0,1,0,1,0,0,0,6.20492E+20,5.81006E+21,1.07722E+16,5.24275E+16
18576,3,1,59,16,2018,8,16,2,3,5,3,0,1,0,0,1,0,0,0,5.65718E+20,5.70867E+21,9.94731E+15,5.15253E+16
18577,3,4,52,25,2018,8,16,5,3,2,6,0,0,1,0,0,0,0,0,4.15373E+20,5.91853E+21,7.72689E+15,5.3409E+16
18578,3,4,62,19,2018,7,15,2,3,4,2,0,0,1,0,1,0,0,0,4.14365E+20,5.93999E+21,7.70588E+15,5.36018E+16
18579,3,4,62,5,2018,8,19,6,3,0,7,0,0,0,0,1,0,0,0,4.23541E+20,5.9228E+21,7.84871E+15,5.34486E+16
18580,3,4,62,5,2018,8,13,4,3,3,2,0,0,1,0,0,0,1,0,4.18703E+20,5.92301E+21,7.77581E+15,5.34498E+16
18581,3,3,58,19,2018,8,10,5,1,6,4,0,0,1,1,0,0,0,0,5.47533E+20,5.89452E+21,9.71154E+15,5.31979E+16
18582,3,4,61,4,2018,8,17,2,3,5,3,0,0,1,0,1,0,0,0,4.63554E+20,5.89822E+21,8.45399E+15,5.3232E+16
18583,3,2,57,32,2018,8,14,7,3,2,6,0,0,1,0,0,0,0,0,5.25214E+20,5.79648E+21,9.36991E+15,5.23181E+16
18584,3,3,55,22,2018,8,9,1,3,5,2,0,0,1,0,1,0,0,0,5.91339E+20,5.89663E+21,1.03678E+16,5.32111E+16
18585,3,4,55,26,2018,7,13,2,3,5,2,0,0,1,0,1,0,0,0,4.4101E+20,5.91708E+21,8.11279E+15,5.33995E+16
18586,3,2,41,13,2018,8,12,5,3,0,1,0,1,0,0,0,0,0,0,5.53161E+20,5.78304E+21,9.77777E+15,5.21953E+16
18587,3,4,5,0,2018,7,16,2,3,8,7,0,0,1,0,0,0,0,0,4.39372E+20,5.93502E+21,8.08469E+15,5.35606E+16
18588,3,2,52,5,2018,8,13,4,3,3,2,0,0,1,0,0,0,1,0,5.26989E+20,5.76703E+21,9.39361E+15,5.20532E+16
18589,3,3,61,12,2018,8,15,4,3,2,6,0,0,1,0,0,0,0,0,5.17115E+20,5.86415E+21,9.25459E+15,5.29267E+16
18590,3,4,3,0,2018,8,18,6,3,2,6,0,0,1,0,0,0,0,1,4.48042E+20,5.889E+21,8.22313E+15,5.31479E+16
18591,3,4,54,36,2018,8,7,7,2,9,7,0,0,1,0,0,0,0,0,3.94693E+20,5.81375E+21,7.44993E+15,5.24638E+16
18592,3,4,61,7,2018,8,16,6,3,2,2,0,0,1,0,0,0,0,0,4.64821E+20,5.92546E+21,8.46995E+15,5.34769E+16
18593,3,4,3,0,2018,7,22,2,3,4,6,2,0,1,0,0,0,1,0,4.43164E+20,5.88833E+21,8.15032E+15,5.31414E+16
18594,3,3,52,11,2018,8,16,3,3,5,3,0,1,1,0,0,0,0,0,4.78738E+20,5.9699E+21,8.67658E+15,5.38771E+16
18595,3,1,57,6,2018,8,10,4,2,4,2,0,0,1,0,0,0,0,0,5.84052E+20,5.79582E+21,1.02328E+16,5.23063E+16
18596,3,3,51,24,2018,8,7,2,3,2,6,0,0,1,0,0,0,0,0,5.61442E+20,5.83701E+21,9.90883E+15,5.26795E+16
18597,3,2,54,21,2018,8,12,6,3,2,6,0,0,1,0,0,0,0,0,5.65164E+20,5.77885E+21,9.95255E+15,5.21563E+16
18598,3,2,41,1,2018,8,6,7,2,0,1,0,1,0,0,0,0,0,0,5.48661E+20,5.80205E+21,9.71468E+15,5.23666E+16
18599,3,1,53,17,2018,8,15,6,2,9,6,0,0,0,0,1,0,0,0,5.95492E+20,5.74739E+21,1.0387E+16,5.18691E+16
18600,3,2,51,37,2018,7,13,2,3,4,2,0,0,1,0,0,0,0,0,4.83955E+20,5.87199E+21,8.76093E+15,5.29972E+16
18601,3,4,57,13,2018,8,10,2,3,2,6,0,0,1,0,0,0,1,0,3.96068E+20,5.89996E+21,7.44266E+15,5.32387E+16
18602,3,3,61,12,2018,8,11,7,3,2,6,0,0,1,0,0,0,0,0,5.15449E+20,5.86422E+21,9.22982E+15,5.29274E+16
18603,3,4,59,6,2018,8,1,1,3,9,1,2,0,1,0,0,0,0,0,4.43068E+20,5.77289E+21,8.16877E+15,5.21036E+16
18604,3,4,51,7,2018,8,14,5,3,5,2,0,1,1,0,0,0,0,0,4.28174E+20,5.90139E+21,7.92331E+15,5.32569E+16
18605,3,1,59,16,2018,8,17,4,3,5,3,0,1,1,0,0,0,0,0,5.63762E+20,5.71199E+21,9.91972E+15,5.15554E+16
18606,3,2,41,11,2018,8,18,6,3,2,6,0,0,1,0,0,0,0,0,5.66423E+20,5.8048E+21,9.97605E+15,5.23894E+16
18607,3,2,41,14,2018,8,13,7,3,6,7,0,0,1,1,0,0,0,0,5.45212E+20,5.79637E+21,9.66327E+15,5.23158E+16
18608,3,2,54,21,2018,8,9,6,3,2,6,0,0,1,0,0,0,0,0,5.68486E+20,5.77946E+21,1.00012E+16,5.21614E+16
18609,3,2,51,47,2018,7,9,2,3,5,3,0,0,1,0,0,1,0,0,4.93334E+20,5.87216E+21,8.90067E+15,5.2999E+16
18610,3,1,51,40,2018,8,17,3,3,2,2,0,0,1,0,1,0,0,0,6.22215E+20,5.84002E+21,1.08085E+16,5.26963E+16
18611,3,3,56,8,2018,8,11,7,3,5,2,0,0,1,0,0,0,1,0,4.82887E+20,5.89309E+21,8.7439E+15,5.31869E+16
18612,3,1,51,38,2018,8,15,2,3,4,2,0,0,1,0,1,0,0,0,6.02545E+20,5.82391E+21,1.05126E+16,5.25556E+16
18613,3,4,55,20,2018,8,14,5,3,2,6,0,0,1,0,0,0,0,0,4.34865E+20,5.94296E+21,8.015E+15,5.36314E+16
18614,3,2,51,37,2018,7,13,2,2,2,6,0,0,0,0,0,1,1,0,4.78673E+20,5.87517E+21,8.68202E+15,5.30256E+16
18615,3,3,61,6,2018,8,3,4,3,8,1,2,0,1,0,0,0,0,0,5.0886E+20,5.87402E+21,9.13207E+15,5.30157E+16
18616,3,2,41,10,2018,8,12,5,3,2,6,0,0,1,0,0,0,0,0,5.49432E+20,5.81011E+21,9.72719E+15,5.2439E+16
18617,3,3,53,26,2018,8,20,2,3,0,1,1,1,0,0,0,0,0,0,5.517E+20,5.92728E+21,9.77926E+15,5.3492E+16
18618,3,1,59,15,2018,8,19,7,3,2,6,0,1,1,0,0,0,0,0,5.6877E+20,5.70229E+21,9.99004E+15,5.14676E+16
18619,3,2,41,12,2018,8,15,1,2,8,7,0,0,1,0,0,0,0,0,5.30772E+20,5.81782E+21,9.45342E+15,5.25096E+16
18620,3,4,61,8,2018,7,7,2,3,5,3,0,1,1,0,0,0,0,0,4.60228E+20,5.90557E+21,8.40324E+15,5.32979E+16
18621,3,2,41,16,2018,8,12,5,3,6,6,0,0,0,1,0,0,1,0,5.67022E+20,5.79499E+21,9.9829E+15,5.23012E+16
18622,3,4,58,5,2018,7,10,2,3,5,3,0,1,1,0,0,0,0,0,4.69472E+20,5.87581E+21,8.54478E+15,5.30309E+16
18623,3,1,2,0,2018,8,14,4,3,4,7,0,0,1,0,0,0,0,0,5.9305E+20,5.76428E+21,1.03561E+16,5.20213E+16
18624,3,2,51,37,2018,8,13,4,3,2,6,0,0,1,0,0,0,0,0,4.86194E+20,5.87478E+21,8.79418E+15,5.30224E+16
18625,3,4,3,0,2018,8,12,6,3,2,6,0,0,0,0,0,1,1,0,4.50734E+20,5.88308E+21,8.26428E+15,5.30949E+16
18626,3,4,5,0,2018,8,12,7,3,2,6,0,0,1,0,0,0,0,0,4.37631E+20,5.93122E+21,8.05916E+15,5.35262E+16
18627,3,3,52,22,2018,8,10,6,3,8,1,0,0,0,0,1,0,0,0,5.10967E+20,5.94901E+21,9.16608E+15,5.36897E+16
18628,3,4,1,0,2018,7,16,2,3,2,6,0,0,1,0,0,0,0,0,4.73392E+20,5.87783E+21,8.60306E+15,5.30493E+16
18629,3,3,59,17,2018,8,10,3,3,5,2,0,0,0,0,1,0,1,0,5.26023E+20,5.93106E+21,9.39257E+15,5.35278E+16
18630,3,4,59,22,2018,7,13,3,3,5,3,0,0,1,0,0,0,0,0,4.41751E+20,5.78377E+21,8.14767E+15,5.22013E+16
18631,3,2,41,21,2018,8,15,2,3,2,2,0,0,1,0,0,0,0,0,5.30482E+20,5.80999E+21,9.44842E+15,5.24393E+16
18632,3,1,59,10,2018,8,13,6,3,8,1,0,0,0,0,1,0,0,0,5.87572E+20,5.70688E+21,1.02618E+16,5.15062E+16
18633,3,2,54,8,2018,8,18,7,2,8,1,0,0,0,0,1,0,0,0,5.74356E+20,5.7664E+21,1.00842E+16,5.20432E+16
18634,3,4,53,11,2018,8,7,7,3,5,2,0,0,1,0,0,0,0,0,4.1703E+20,5.84531E+21,7.7707E+15,5.27512E+16
18635,3,4,59,14,2018,8,16,5,3,4,2,0,0,1,0,0,0,0,0,4.29179E+20,5.81045E+21,7.95813E+15,5.24396E+16
18636,3,4,1,0,2018,7,14,2,3,2,6,0,0,1,0,0,0,0,0,4.76916E+20,5.87825E+21,8.6556E+15,5.30533E+16
18637,3,4,62,19,2018,8,17,2,3,5,3,0,1,1,0,0,0,0,0,4.12967E+20,5.9326E+21,7.68682E+15,5.35351E+16
18638,3,2,51,37,2018,8,8,7,3,2,6,0,0,1,0,0,0,0,0,4.7932E+20,5.87276E+21,8.69182E+15,5.3004E+16
18639,3,4,60,5,2018,8,6,1,3,5,3,1,0,1,0,0,0,1,0,4.42656E+20,5.82364E+21,8.15409E+15,5.25598E+16
18640,3,4,61,2,2018,8,16,5,3,2,6,0,0,1,0,0,0,1,0,4.63291E+20,5.91301E+21,8.44834E+15,5.33649E+16
18641,3,3,52,50,2018,7,15,2,3,5,3,0,0,1,0,1,0,0,0,4.90425E+20,5.92855E+21,8.85563E+15,5.35058E+16
18642,3,4,58,5,2018,8,11,4,2,9,1,0,0,0,0,1,0,0,0,4.68633E+20,5.88239E+21,8.53164E+15,5.309E+16
18643,3,1,57,5,2018,8,5,5,3,8,1,1,0,0,0,0,0,1,1,5.92088E+20,5.78577E+21,1.03479E+16,5.22146E+16