OBJECTID_1,ULAND,UREGBEZ,UKREIS,UGEMEINDE,UJAHR,UMONAT,USTUNDE,UWOCHENTAG,UKATEGORIE,UART,UTYP1,ULICHTVERH,IstRad,IstPKW,IstFuss,IstKrad,IstGkfz,IstSonstig,STRZUSTAND,LINREFX,LINREFY,XGCSWGS84,YGCSWGS84
18834,3,3,53,31,2018,8,13,7,3,2,6,0,0,1,0,0,0,0,0,5.68767E+20,5.92033E+21,1.0035E+16,5.34275E+16
18835,3,4,60,6,2018,8,12,1,3,2,6,0,0,1,0,0,0,0,0,4.43134E+20,5.83384E+21,8.15939E+15,5.26515E+16
18836,3,4,59,17,2018,7,4,1,3,8,1,1,0,1,0,0,0,0,0,4.10362E+20,5.81742E+21,7.67951E+15,5.24996E+16
18837,3,3,59,13,2018,8,5,5,2,1,5,2,0,1,0,0,1,0,0,5.26248E+20,5.9509E+21,9.39763E+15,5.37061E+16
18838,3,4,54,51,2018,7,7,1,3,2,7,0,0,1,0,0,0,0,0,3.98722E+20,5.87391E+21,7.49064E+15,5.30051E+16
18839,3,2,41,1,2018,8,12,4,3,2,6,0,0,1,0,0,0,0,0,5.50064E+20,5.80573E+21,9.73583E+15,5.23995E+16
18840,3,3,51,6,2018,7,16,3,3,2,7,0,0,1,0,1,0,0,0,5.72692E+20,5.83074E+21,1.00738E+16,5.26218E+16
18841,3,4,59,22,2018,8,5,4,3,0,7,0,0,0,0,1,0,0,0,4.41546E+20,5.77687E+21,8.14587E+15,5.21393E+16
18842,3,4,4,0,2018,8,12,6,3,5,3,0,1,1,0,0,0,0,0,4.33904E+20,5.78829E+21,8.032E+15,5.2241E+16
18843,3,2,54,20,2018,8,10,1,3,5,3,0,0,1,0,0,0,0,0,5.70799E+20,5.78435E+21,1.00361E+16,5.22051E+16
18844,3,4,54,32,2018,7,10,1,3,5,3,0,1,1,0,0,0,0,0,3.86956E+20,5.82041E+21,7.33383E+15,5.2522E+16
18845,3,4,60,7,2018,8,17,2,3,4,6,0,1,0,0,0,0,0,0,4.34904E+20,5.81949E+21,8.04058E+15,5.25216E+16
18846,3,4,58,13,2018,8,14,7,3,5,3,0,0,1,0,0,0,0,0,4.4954E+20,5.87436E+21,8.24782E+15,5.30164E+16
18847,3,4,55,20,2018,8,16,1,1,4,6,0,0,1,0,1,0,0,0,4.31223E+20,5.93994E+21,7.9606E+15,5.36037E+16
18848,3,3,55,28,2018,8,22,5,3,9,1,2,0,1,0,0,0,0,1,5.86662E+20,5.90892E+21,1.03011E+16,5.33224E+16
18849,3,4,52,8,2018,7,20,1,2,8,1,1,0,1,0,0,0,0,0,3.88747E+20,5.94105E+21,7.31851E+15,5.36064E+16
18850,3,3,58,7,2018,8,18,4,3,2,6,0,0,0,0,0,1,0,0,5.45827E+20,5.84198E+21,9.67857E+15,5.27257E+16
18851,3,1,51,10,2018,8,17,5,3,5,2,0,0,1,0,1,0,0,0,5.99017E+20,5.8339E+21,1.04635E+16,5.2646E+16
18852,3,4,59,21,2018,8,16,6,2,0,1,0,1,0,0,0,0,0,0,4.28994E+20,5.79171E+21,7.95938E+15,5.22711E+16
18853,3,1,55,11,2018,8,20,1,3,7,7,0,0,1,0,0,0,0,0,5.64676E+20,5.73307E+21,9.93679E+15,5.17448E+16
18854,3,4,52,23,2018,7,19,1,3,4,6,0,0,1,0,0,0,0,0,3.88818E+20,5.92645E+21,7.32477E+15,5.34753E+16
18855,3,4,53,12,2018,8,19,3,2,0,1,0,1,0,0,0,0,0,0,4.3157E+20,5.86186E+21,7.98263E+15,5.29021E+16
18856,3,2,41,1,2018,7,1,3,3,0,1,2,1,0,0,0,0,0,0,5.49021E+20,5.80483E+21,9.72037E+15,5.23915E+16
18857,3,2,41,1,2018,8,17,4,2,0,7,0,1,0,0,0,0,0,0,5.56494E+20,5.79913E+21,9.82921E+15,5.23396E+16
18858,3,3,54,17,2018,8,12,6,3,4,2,0,0,1,0,1,0,0,0,6.46563E+20,5.86517E+21,1.11798E+16,5.29162E+16
18859,3,3,52,61,2018,8,18,7,3,8,1,0,0,0,0,1,0,0,0,4.7151E+20,5.95576E+21,8.56796E+15,5.37497E+16
18860,3,2,41,15,2018,8,16,6,3,8,1,0,0,0,0,1,0,0,0,5.41549E+20,5.80483E+21,9.61057E+15,5.23921E+16
18861,3,4,53,13,2018,7,15,1,1,5,3,0,1,1,0,0,0,0,0,4.0939E+20,5.8856E+21,7.64629E+15,5.31121E+16
18862,3,1,59,19,2018,8,6,3,3,9,6,0,0,1,0,0,0,1,0,5.8694E+20,5.71952E+21,1.02558E+16,5.16199E+16
18863,3,4,60,5,2018,7,14,3,3,2,6,0,0,1,0,0,0,0,0,4.40068E+20,5.82779E+21,8.11518E+15,5.25968E+16
18864,3,2,56,22,2018,8,12,2,3,2,6,0,0,1,0,0,0,0,0,5.15298E+20,5.83624E+21,9.22626E+15,5.26759E+16
18865,3,4,4,0,2018,8,17,5,2,2,6,0,0,1,0,0,0,0,1,4.3362E+20,5.7937E+21,8.02677E+15,5.22897E+16
18866,3,4,55,27,2018,7,4,1,3,9,1,1,0,1,0,0,0,0,0,4.30463E+20,5.91696E+21,7.95421E+15,5.33971E+16
18867,3,4,59,33,2018,8,14,6,3,5,3,0,1,1,0,0,0,0,0,4.30077E+20,5.8E+21,7.97353E+15,5.23459E+16
18868,3,1,58,37,2018,8,12,5,3,3,2,0,0,1,0,1,0,0,0,6.05278E+20,5.78155E+21,1.05396E+16,5.21744E+16
18869,3,4,61,5,2018,8,15,5,3,1,5,0,0,1,0,0,0,0,0,4.5193E+20,5.9155E+21,8.27725E+15,5.33864E+16
18870,3,3,61,10,2018,7,15,1,2,5,3,0,1,1,0,0,0,0,0,4.95848E+20,5.86959E+21,8.93817E+15,5.29759E+16
18871,3,2,51,37,2018,8,17,2,2,0,7,0,0,0,0,0,0,1,0,4.87127E+20,5.87565E+21,8.80804E+15,5.30302E+16
18872,3,2,41,17,2018,8,21,7,3,4,2,2,0,1,0,1,0,0,0,5.44872E+20,5.78028E+21,9.65614E+15,5.21712E+16
18873,3,3,58,7,2018,8,19,1,3,3,6,0,0,1,0,1,0,0,0,5.46106E+20,5.84083E+21,9.68254E+15,5.27154E+16
18874,3,2,51,37,2018,7,23,1,3,5,3,2,0,1,0,0,0,0,0,4.81671E+20,5.87628E+21,8.72666E+15,5.30357E+16
18875,3,3,57,51,2018,8,8,5,3,2,6,0,0,1,0,0,1,0,0,5.3904E+20,5.86877E+21,9.58129E+15,5.29671E+16
18876,3,2,51,37,2018,7,17,1,3,2,2,0,0,1,0,0,0,0,0,4.84306E+20,5.87177E+21,8.76616E+15,5.29952E+16
18877,3,2,41,21,2018,8,11,4,3,2,6,0,0,1,0,0,1,0,0,5.31288E+20,5.80312E+21,9.45963E+15,5.23774E+16
18878,3,2,41,21,2018,7,12,3,3,2,6,0,0,1,0,0,0,0,0,5.29731E+20,5.81039E+21,9.43741E+15,5.24429E+16
18879,3,4,56,15,2018,8,17,4,2,5,2,0,0,1,0,0,0,0,0,3.7181E+20,5.81357E+21,7.11335E+15,5.24573E+16
18880,3,4,53,6,2018,8,7,6,3,8,1,0,0,1,0,0,0,0,1,4.28985E+20,5.8413E+21,7.94867E+15,5.27169E+16
18881,3,1,59,37,2018,8,16,1,2,8,1,0,0,0,0,1,0,0,0,5.81342E+20,5.71602E+21,1.01742E+16,5.15894E+16
18882,3,4,5,0,2018,8,13,6,3,5,3,0,1,0,0,0,0,1,0,4.42089E+20,5.93172E+21,8.12631E+15,5.35312E+16
18883,3,2,51,41,2018,7,15,1,3,5,3,0,0,1,0,1,0,0,0,4.89349E+20,5.86273E+21,8.84161E+15,5.29141E+16
18884,3,4,51,2,2018,8,18,3,3,4,2,0,1,1,0,0,0,0,0,4.42364E+20,5.88816E+21,8.13838E+15,5.31397E+16
18885,3,2,41,21,2018,7,12,3,2,3,6,0,1,1,0,0,0,0,0,5.29375E+20,5.80811E+21,9.43197E+15,5.24224E+16
18886,3,2,52,5,2018,8,20,4,3,8,1,0,0,0,0,1,0,0,0,5.23914E+20,5.76121E+21,9.34835E+15,5.20011E+16
18887,3,2,41,11,2018,8,21,6,3,2,6,2,0,1,0,1,0,0,0,5.65168E+20,5.8049E+21,9.95764E+15,5.23904E+16
18888,3,3,57,12,2018,8,10,7,3,5,2,0,0,1,0,0,0,0,0,5.01077E+20,5.93189E+21,9.01625E+15,5.35359E+16
18889,3,2,57,6,2018,8,6,6,3,0,1,0,1,0,0,0,0,1,1,5.22897E+20,5.79962E+21,9.33613E+15,5.23464E+16
18890,3,2,51,2,2018,7,14,1,2,0,1,0,0,0,0,1,0,0,0,5.02303E+20,5.8477E+21,9.03414E+15,5.27791E+16
18891,3,1,53,504,2018,8,17,3,2,8,1,0,0,0,0,1,0,0,0,6.11592E+20,5.72928E+21,1.06149E+16,5.17033E+16
18892,3,4,53,3,2018,8,10,7,3,5,3,0,0,1,0,0,0,0,0,4.37064E+20,5.84818E+21,8.06693E+15,5.27798E+16
18893,3,4,58,3,2018,7,4,1,3,9,1,2,0,1,0,0,0,0,0,4.59573E+20,5.86954E+21,8.39796E+15,5.29739E+16
18894,3,3,56,9,2018,8,16,3,3,5,2,0,1,1,0,0,0,0,0,4.72318E+20,5.89639E+21,8.58544E+15,5.32161E+16
18895,3,2,57,31,2018,8,17,4,3,2,6,0,0,1,0,0,0,0,0,5.09434E+20,5.78317E+21,9.13803E+15,5.21989E+16
18896,3,2,41,1,2018,8,15,6,3,3,6,0,0,1,0,1,0,0,0,5.46592E+20,5.80131E+21,9.68418E+15,5.236E+16
18897,3,3,53,31,2018,8,12,7,3,2,6,0,0,1,0,0,0,0,0,5.6863E+20,5.91967E+21,1.00327E+16,5.34216E+16
18898,3,2,57,3,2018,8,16,6,3,2,6,0,0,1,0,0,0,0,0,5.16815E+20,5.78692E+21,9.24622E+15,5.22324E+16
18899,3,3,52,62,2018,7,10,1,3,4,1,0,0,1,0,0,0,0,0,4.96182E+20,5.93878E+21,8.94231E+15,5.35978E+16
18900,3,1,54,13,2018,8,18,3,2,5,2,0,0,1,0,1,0,0,0,6.2415E+20,5.79081E+21,1.08188E+16,5.22536E+16
18901,3,1,59,16,2018,8,19,2,3,4,6,0,0,1,0,0,0,1,0,5.6109E+20,5.71358E+21,9.88146E+15,5.157E+16
18902,3,4,62,16,2018,8,8,5,3,0,6,0,0,1,0,1,0,0,0,3.99805E+20,5.94086E+21,7.48564E+15,5.36069E+16
18903,3,3,53,32,2018,7,3,1,3,2,6,2,0,1,0,0,0,0,1,5.73752E+20,5.91352E+21,1.01084E+16,5.33656E+16
18904,3,4,54,32,2018,8,12,6,2,4,6,0,0,1,0,1,0,0,0,3.83407E+20,5.81786E+21,7.28245E+15,5.24984E+16
18905,3,4,54,8,2018,8,16,4,2,4,6,0,0,1,0,0,1,0,0,3.87527E+20,5.87158E+21,7.32468E+15,5.2982E+16
18906,3,3,59,28,2018,8,13,5,2,2,6,0,0,1,0,0,1,0,0,5.45552E+20,5.93269E+21,9.68739E+15,5.35411E+16
18907,3,3,53,29,2018,7,11,1,3,5,3,0,0,1,0,0,0,0,0,5.5966E+20,5.91787E+21,9.89745E+15,5.34065E+16
18908,3,4,61,7,2018,8,14,2,3,5,3,0,0,1,0,0,0,0,0,4.66524E+20,5.92882E+21,8.49525E+15,5.35073E+16
18909,3,2,57,28,2018,8,9,7,3,2,6,0,0,1,0,0,0,0,0,5.08067E+20,5.7922E+21,9.11825E+15,5.22801E+16
18910,3,3,55,42,2018,8,2,1,2,0,1,2,0,1,0,0,0,0,0,5.90258E+20,5.90953E+21,1.03552E+16,5.33272E+16
18911,3,3,53,16,2018,7,13,1,3,5,2,0,0,1,0,0,0,0,0,5.68277E+20,5.8983E+21,1.00228E+16,5.32296E+16
18912,3,2,41,21,2018,8,15,5,3,2,6,0,0,1,0,0,0,0,0,5.27931E+20,5.80867E+21,9.41078E+15,5.24275E+16
18913,3,3,53,17,2018,7,21,1,3,2,6,1,0,1,0,1,0,0,0,5.65773E+20,5.91152E+21,9.98806E+15,5.33487E+16
18914,3,2,54,21,2018,8,16,4,3,2,6,0,0,1,0,0,0,0,0,5.67548E+20,5.778E+21,9.98722E+15,5.21484E+16
18915,3,2,41,13,2018,7,16,3,3,2,2,0,0,1,0,0,0,1,0,5.48874E+20,5.78839E+21,9.71582E+15,5.22438E+16
18916,3,3,61,1,2018,8,15,4,2,5,3,0,1,1,0,0,0,0,0,4.98765E+20,5.87511E+21,8.98159E+15,5.30255E+16
18917,3,4,51,4,2018,8,18,6,3,5,3,0,0,1,0,1,0,0,1,4.38663E+20,5.88649E+21,8.08338E+15,5.31243E+16
18918,3,4,59,8,2018,8,9,7,3,5,3,0,1,1,0,0,0,0,0,4.42715E+20,5.79488E+21,8.15989E+15,5.23013E+16
18919,3,4,61,3,2018,8,19,6,3,2,2,1,0,1,0,1,0,0,0,4.56201E+20,5.9297E+21,8.33947E+15,5.35144E+16
18920,3,3,59,34,2018,7,17,1,2,8,1,0,0,0,0,1,0,0,0,5.39728E+20,5.92637E+21,9.59871E+15,5.34848E+16
18921,3,4,58,5,2018,8,10,3,2,8,1,0,0,1,0,0,0,0,0,4.63449E+20,5.87847E+21,8.45468E+15,5.30545E+16
18922,3,1,58,27,2018,8,13,4,3,8,1,0,0,1,0,0,0,1,0,6.24254E+20,5.77975E+21,1.08163E+16,5.21542E+16
18923,3,3,54,18,2018,8,16,2,2,9,7,0,0,1,0,0,0,0,0,6.46619E+20,5.87015E+21,1.11829E+16,5.29608E+16
18924,3,2,41,1,2018,8,6,6,2,0,2,0,0,0,0,1,0,1,0,5.49021E+20,5.80483E+21,9.72037E+15,5.23915E+16
18925,3,2,41,1,2018,8,13,7,2,9,7,0,0,1,0,0,0,0,0,5.49363E+20,5.80459E+21,9.72536E+15,5.23894E+16
18926,3,1,58,37,2018,8,7,6,3,0,3,0,0,1,0,1,0,0,0,6.022E+20,5.77904E+21,1.04938E+16,5.21524E+16
18927,3,3,59,26,2018,7,21,1,2,9,1,1,0,1,0,0,0,0,0,5.34681E+20,5.94066E+21,9.52424E+15,5.36136E+16
18928,3,4,4,0,2018,8,16,2,3,0,7,0,0,1,0,1,0,0,0,4.35798E+20,5.79545E+21,8.05836E+15,5.23057E+16
18929,3,3,61,1,2018,8,10,7,3,2,6,0,0,1,0,0,0,0,0,4.98705E+20,5.87679E+21,8.98069E+15,5.30407E+16
18930,3,4,59,24,2018,8,1,1,2,6,6,2,0,1,1,0,0,0,0,4.57663E+20,5.77808E+21,8.3812E+15,5.21516E+16
18931,3,3,61,12,2018,8,11,5,3,2,2,0,0,1,0,0,0,1,1,5.15612E+20,5.86313E+21,9.23218E+15,5.29176E+16
18932,3,3,58,18,2018,7,9,1,3,5,3,0,0,1,0,0,0,0,0,5.25724E+20,5.84847E+21,9.38142E+15,5.27854E+16
18933,3,4,3,0,2018,8,22,4,3,5,3,2,1,0,0,0,0,0,0,4.46368E+20,5.89136E+21,8.19769E+15,5.31689E+16
18934,3,2,57,2,2018,8,15,5,2,5,2,0,0,1,0,0,0,0,0,5.23772E+20,5.79263E+21,9.34849E+15,5.22835E+16
18935,3,3,57,16,2018,8,11,2,3,2,5,0,0,1,0,0,0,1,0,4.97278E+20,5.9148E+21,8.95908E+15,5.33823E+16
18936,3,1,57,7,2018,8,2,7,3,2,2,2,0,1,0,0,0,0,0,5.9322E+20,5.78794E+21,1.03651E+16,5.22339E+16
18937,3,2,41,10,2018,8,23,1,3,8,1,2,0,1,0,0,0,0,0,5.44295E+20,5.81143E+21,9.6518E+15,5.24512E+16
18938,3,2,41,15,2018,8,13,5,3,2,6,0,0,0,0,0,1,0,0,5.33885E+20,5.80595E+21,9.49808E+15,5.24028E+16
18939,3,1,2,0,2018,8,18,2,3,5,3,0,1,1,0,0,0,0,0,5.90038E+20,5.77987E+21,1.03163E+16,5.2162E+16
18940,3,4,55,20,2018,8,16,5,3,6,4,0,0,0,1,0,0,1,0,4.28333E+20,5.94608E+21,7.91551E+15,5.36586E+16
18941,3,3,58,21,2018,7,18,1,3,2,6,0,0,1,0,0,0,0,0,5.59258E+20,5.87438E+21,9.88333E+15,5.30157E+16
18942,3,3,58,22,2018,8,7,4,3,8,7,0,0,0,0,0,0,1,0,5.30884E+20,5.85962E+21,9.45898E+15,5.28854E+16
18943,3,2,41,1,2018,8,23,5,3,2,6,2,0,1,0,0,0,0,0,5.53623E+20,5.80272E+21,9.78766E+15,5.23721E+16
18944,3,3,52,29,2018,8,15,2,3,8,1,0,0,1,0,0,0,0,0,5.06913E+20,5.94374E+21,9.10457E+15,5.36424E+16
18945,3,2,52,8,2018,8,11,7,3,5,3,0,0,1,0,0,0,0,0,5.40848E+20,5.76677E+21,9.59567E+15,5.205E+16
18946,3,2,41,21,2018,8,11,1,3,4,2,0,0,1,0,0,0,0,0,5.29537E+20,5.81039E+21,9.43455E+15,5.24429E+16
18947,3,3,57,57,2018,7,8,1,3,6,4,0,0,1,1,0,0,0,0,5.17924E+20,5.90574E+21,9.26895E+15,5.33005E+16
18948,3,2,41,19,2018,8,16,5,3,2,6,0,0,1,0,0,0,0,0,5.49198E+20,5.81926E+21,9.72511E+15,5.25212E+16
18949,3,3,57,4,2018,7,20,1,2,4,7,0,0,1,0,0,0,0,0,4.99805E+20,5.92158E+21,8.99706E+15,5.34432E+16
18950,3,1,2,0,2018,8,18,4,3,3,6,0,0,1,0,0,0,0,0,5.97582E+20,5.77072E+21,1.0424E+16,5.20784E+16
18951,3,2,41,17,2018,7,21,3,3,0,1,1,0,0,0,1,0,0,0,5.42655E+20,5.77989E+21,9.62368E+15,5.21679E+16
18952,3,2,51,37,2018,8,17,4,2,2,6,0,0,0,0,0,1,0,0,4.82379E+20,5.87353E+21,8.73737E+15,5.3011E+16
18953,3,2,51,41,2018,8,13,6,3,4,2,0,0,1,0,0,0,0,1,4.87282E+20,5.86239E+21,8.81087E+15,5.2911E+16
18954,3,4,5,0,2018,8,13,7,3,4,6,0,0,1,0,0,0,0,0,4.38565E+20,5.92961E+21,8.07356E+15,5.35118E+16
18955,3,3,52,60,2018,8,18,6,3,2,6,0,0,1,0,1,0,0,0,4.76264E+20,5.9119E+21,8.64337E+15,5.33557E+16
18956,3,3,57,45,2018,7,14,1,3,3,6,0,0,1,0,0,0,0,0,5.12963E+20,5.8838E+21,9.19362E+15,5.31034E+16
18957,3,3,59,10,2018,8,10,3,3,2,6,0,0,1,0,0,1,0,0,5.49352E+20,5.92282E+21,9.74318E+15,5.34521E+16
18958,3,1,1,0,2018,8,17,4,3,0,3,0,0,1,0,0,0,1,0,6.03926E+20,5.7986E+21,1.0525E+16,5.23279E+16
18959,3,2,41,1,2018,8,13,2,3,0,7,0,1,0,0,0,0,0,0,5.47515E+20,5.80809E+21,9.6987E+15,5.2421E+16
18960,3,2,55,30,2018,8,15,6,2,8,1,0,0,0,0,0,0,1,0,5.40451E+20,5.74919E+21,9.58781E+15,5.1892E+16
18961,3,2,54,26,2018,8,18,7,3,4,2,0,0,1,0,0,0,0,0,5.53092E+20,5.77744E+21,9.77588E+15,5.21449E+16
18962,3,4,54,10,2018,8,1,7,3,8,1,2,0,1,0,0,0,0,0,3.86928E+20,5.80042E+21,7.34018E+15,5.23424E+16
18963,3,4,59,24,2018,8,15,5,3,5,3,0,0,1,0,0,0,0,0,4.5316E+20,5.78283E+21,8.31474E+15,5.21939E+16
18964,3,3,55,22,2018,7,13,1,3,3,6,0,1,0,0,0,0,0,0,5.91147E+20,5.89711E+21,1.0365E+16,5.32154E+16
18965,3,4,54,10,2018,8,12,2,3,5,3,0,0,1,0,0,0,1,0,3.81499E+20,5.80241E+21,7.25982E+15,5.23591E+16
18966,3,2,51,41,2018,8,11,7,3,5,3,0,1,1,0,0,0,0,0,4.88491E+20,5.86308E+21,8.82884E+15,5.29172E+16
18967,3,4,52,23,2018,8,20,1,3,2,6,0,0,1,0,0,0,0,0,3.94076E+20,5.9265E+21,7.40394E+15,5.34768E+16
18968,3,4,60,6,2018,8,4,5,2,2,6,2,0,1,0,0,1,0,0,4.43254E+20,5.83414E+21,8.16112E+15,5.26542E+16
18969,3,3,51,25,2018,7,17,1,3,2,2,0,0,1,0,0,0,0,0,5.83714E+20,5.84359E+21,1.02399E+16,5.27357E+16
18970,3,4,61,9,2018,8,5,4,2,8,1,0,0,0,0,1,0,0,0,4.62014E+20,5.916E+21,8.42879E+15,5.33917E+16
18971,3,1,57,5,2018,8,8,5,3,9,1,0,0,1,0,0,0,0,1,5.92001E+20,5.78576E+21,1.03466E+16,5.22146E+16
18972,3,3,60,5,2018,8,9,2,3,5,3,0,1,1,0,0,0,0,0,6.13262E+20,5.85691E+21,1.06819E+16,5.285E+16
18973,3,1,1,0,2018,8,10,7,3,9,1,0,0,1,0,0,0,0,1,6.02536E+20,5.79342E+21,1.05031E+16,5.22815E+16
18974,3,2,57,29,2018,8,12,1,2,3,6,0,0,1,0,0,0,0,0,5.22001E+20,5.79104E+21,9.32241E+15,5.22693E+16
18975,3,2,57,18,2018,8,16,5,2,8,1,0,0,1,0,0,0,0,0,5.2674E+20,5.78853E+21,9.39166E+15,5.22465E+16
18976,3,2,41,1,2018,7,15,1,3,8,1,0,0,0,0,1,0,0,0,5.48939E+20,5.79979E+21,9.71843E+15,5.23462E+16
18977,3,4,54,41,2018,8,22,3,3,4,6,2,1,0,0,1,0,0,0,3.87662E+20,5.87707E+21,7.32478E+15,5.30314E+16
18978,3,2,41,5,2018,7,15,3,3,4,6,0,0,1,0,0,0,1,0,5.35238E+20,5.80868E+21,9.51824E+15,5.24272E+16
18979,3,3,51,6,2018,8,13,4,3,2,6,0,0,1,0,0,0,0,0,5.74454E+20,5.82945E+21,1.00996E+16,5.261E+16
18980,3,3,58,17,2018,8,10,6,3,5,3,0,0,1,0,1,0,0,0,5.47052E+20,5.87619E+21,9.70166E+15,5.30332E+16
18981,3,2,51,37,2018,8,16,7,3,2,6,0,0,1,0,0,0,0,0,4.82631E+20,5.87358E+21,8.74112E+15,5.30115E+16
18982,3,3,54,12,2018,8,1,6,2,6,7,2,0,0,1,0,1,0,0,6.3542E+20,5.88353E+21,1.10219E+16,5.3084E+16
18983,3,2,41,21,2018,7,12,1,3,0,3,0,1,1,0,0,0,0,0,5.25696E+20,5.81185E+21,9.37817E+15,5.24562E+16
18984,3,2,41,10,2018,8,14,3,3,3,2,0,0,1,0,1,0,0,0,5.49476E+20,5.81635E+21,9.72876E+15,5.2495E+16
18985,3,4,54,32,2018,7,14,3,3,5,3,0,1,1,0,0,0,0,0,3.90522E+20,5.81824E+21,7.38708E+15,5.25033E+16
18986,3,1,55,7,2018,8,8,2,3,9,7,0,0,1,0,0,0,0,0,5.74971E+20,5.7285E+21,1.00849E+16,5.17024E+16
18987,3,2,41,7,2018,7,17,1,3,5,2,0,0,1,0,0,0,0,0,5.49423E+20,5.79665E+21,9.72507E+15,5.23179E+16
18988,3,4,59,19,2018,8,23,3,3,0,1,2,1,0,0,0,0,0,0,4.31591E+20,5.78531E+21,7.99872E+15,5.2214E+16
18989,3,2,41,5,2018,7,10,3,3,2,6,0,0,1,0,0,1,0,0,5.42646E+20,5.8101E+21,9.62737E+15,5.24394E+16
18990,3,3,59,13,2018,8,14,4,3,4,6,0,0,1,0,0,0,0,0,5.22792E+20,5.95409E+21,9.34552E+15,5.3735E+16
18991,3,3,52,62,2018,8,18,6,3,5,3,0,0,1,0,1,0,0,0,4.74121E+20,5.94029E+21,8.60884E+15,5.36108E+16
18992,3,3,56,3,2018,8,17,7,3,5,3,0,0,1,0,0,0,0,0,4.88002E+20,5.90567E+21,8.81997E+15,5.33001E+16
18993,3,3,59,14,2018,8,8,6,3,2,6,0,0,1,0,0,0,0,0,5.25409E+20,5.9385E+21,9.38391E+15,5.35948E+16
18994,3,2,41,1,2018,7,19,1,3,5,3,0,1,1,0,0,0,0,0,5.44034E+20,5.80722E+21,9.6474E+15,5.24135E+16
18995,3,3,60,3,2018,8,6,3,1,4,6,0,0,1,0,0,1,0,0,6.03101E+20,5.87761E+21,1.05377E+16,5.30381E+16
18996,3,4,4,0,2018,7,19,3,3,5,3,0,1,1,0,0,0,0,0,4.32276E+20,5.79172E+21,8.00746E+15,5.22717E+16
18997,3,2,57,3,2018,8,16,2,3,2,6,0,0,1,0,0,1,0,0,5.18032E+20,5.78719E+21,9.26404E+15,5.22348E+16
18998,3,1,2,0,2018,8,8,6,3,3,2,0,1,0,0,1,0,0,0,5.91415E+20,5.77887E+21,1.03362E+16,5.21528E+16
18999,3,1,59,7,2018,8,12,7,3,5,3,0,0,1,0,1,0,0,0,5.64207E+20,5.71512E+21,9.9267E+15,5.15835E+16
19000,3,4,52,12,2018,8,10,5,3,5,3,0,0,1,0,0,0,0,0,3.91717E+20,5.91896E+21,7.37101E+15,5.34086E+16
19001,3,2,41,1,2018,7,14,1,3,5,3,0,1,1,0,0,0,0,0,5.54749E+20,5.80254E+21,9.80417E+15,5.23704E+16
19002,3,4,60,7,2018,8,5,2,2,2,2,0,0,1,0,0,1,0,1,4.4352E+20,5.81145E+21,8.16891E+15,5.24503E+16
19003,3,4,58,3,2018,8,18,7,2,0,1,0,0,0,0,1,0,0,1,4.59736E+20,5.86861E+21,8.4005E+15,5.29656E+16
19004,3,4,51,2,2018,8,17,1,2,8,1,0,0,0,0,1,0,0,0,4.36854E+20,5.89642E+21,8.05439E+15,5.32133E+16
19005,3,3,53,11,2018,8,13,5,3,2,6,0,0,1,0,0,1,0,0,5.73353E+20,5.90068E+21,1.00994E+16,5.32503E+16
19006,3,2,57,2,2018,7,1,1,3,9,1,2,0,1,0,0,0,0,0,5.1964E+20,5.79481E+21,9.28803E+15,5.23032E+16
19007,3,3,58,22,2018,8,15,4,3,5,3,0,0,1,0,0,0,0,0,5.39905E+20,5.8569E+21,9.5927E+15,5.28604E+16
19008,3,2,41,4,2018,7,18,3,3,0,7,0,0,0,0,1,0,1,1,5.62571E+20,5.81832E+21,9.92199E+15,5.25114E+16
19009,3,1,3,0,2018,8,10,5,3,2,6,0,0,1,0,0,0,0,0,6.17337E+20,5.80352E+21,1.07235E+16,5.23694E+16
19010,3,4,59,32,2018,8,16,6,3,2,2,0,0,1,0,0,0,0,0,4.13213E+20,5.80652E+21,7.72432E+15,5.2402E+16
19011,3,2,56,30,2018,8,4,1,2,8,1,2,0,1,0,0,0,0,0,5.03165E+20,5.82488E+21,9.0467E+15,5.25739E+16
19012,3,2,54,3,2018,7,3,1,3,8,1,2,0,1,0,0,0,0,1,5.66319E+20,5.79196E+21,9.97199E+15,5.2274E+16
19013,3,4,53,12,2018,8,16,3,3,3,2,0,0,1,0,0,0,1,0,4.26849E+20,5.85743E+21,7.91345E+15,5.28616E+16
19014,3,2,41,1,2018,7,16,3,3,5,3,0,1,1,0,0,0,0,0,5.47171E+20,5.80142E+21,9.69271E+15,5.2361E+16
19015,3,1,59,26,2018,8,12,4,3,6,1,0,0,0,1,0,0,1,0,5.90538E+20,5.73557E+21,1.0312E+16,5.17637E+16
19016,3,4,61,7,2018,7,16,3,3,2,6,0,0,1,0,0,0,0,1,4.64104E+20,5.92465E+21,8.45923E+15,5.34696E+16
19017,3,3,55,4,2018,8,10,6,3,0,1,0,1,0,0,0,0,0,0,5.9263E+20,5.90547E+21,1.03896E+16,5.32904E+16
19018,3,3,52,25,2018,8,10,7,3,0,7,0,0,0,1,1,0,0,0,4.94497E+20,5.95422E+21,8.91658E+15,5.37366E+16
19019,3,2,41,2,2018,8,12,6,3,4,6,0,0,1,0,0,1,0,0,5.31641E+20,5.80006E+21,9.46454E+15,5.23499E+16
19020,3,2,54,32,2018,7,2,1,3,5,3,2,0,1,0,0,0,0,0,5.79538E+20,5.77925E+21,1.01627E+16,5.2158E+16
19021,3,2,55,16,2018,8,18,3,3,8,1,0,0,1,0,0,0,0,0,5.37999E+20,5.76127E+21,9.55352E+15,5.20008E+16
19022,3,4,60,9,2018,7,15,3,3,3,6,0,0,0,0,1,0,1,0,4.49849E+20,5.84127E+21,8.25752E+15,5.2719E+16