OBJECTID_1,ULAND,UREGBEZ,UKREIS,UGEMEINDE,UJAHR,UMONAT,USTUNDE,UWOCHENTAG,UKATEGORIE,UART,UTYP1,ULICHTVERH,IstRad,IstPKW,IstFuss,IstKrad,IstGkfz,IstSonstig,STRZUSTAND,LINREFX,LINREFY,XGCSWGS84,YGCSWGS84
19023,3,2,54,8,2018,8,12,2,3,9,7,0,0,1,0,0,0,0,0,5.75112E+20,5.7639E+21,1.00946E+16,5.20206E+16
19024,3,4,54,14,2018,8,19,5,3,8,1,0,0,1,0,0,0,0,1,3.73459E+20,5.82994E+21,7.13136E+15,5.26047E+16
19025,3,2,54,8,2018,7,16,1,3,2,6,0,0,1,0,0,0,0,0,5.78676E+20,5.75828E+21,1.01453E+16,5.19696E+16
19026,3,4,54,51,2018,8,20,6,3,5,3,0,0,1,0,0,0,0,0,4.01059E+20,5.86917E+21,7.52691E+15,5.2963E+16
19027,3,4,59,20,2018,8,9,4,3,2,2,0,0,1,0,1,0,0,0,4.27601E+20,5.78379E+21,7.94065E+15,5.21998E+16
19028,3,4,58,5,2018,8,20,5,2,5,3,0,1,1,0,0,0,0,0,4.68633E+20,5.88239E+21,8.53164E+15,5.309E+16
19029,3,2,55,13,2018,7,19,1,2,8,1,0,0,1,0,1,0,0,0,5.53594E+20,5.7463E+21,9.77834E+15,5.18649E+16
19030,3,2,51,49,2018,8,12,2,3,5,3,0,0,1,0,0,1,0,0,5.03002E+20,5.85215E+21,9.04455E+15,5.28191E+16
19031,3,2,41,11,2018,8,18,7,3,2,6,0,0,1,0,0,0,1,0,5.61556E+20,5.80554E+21,9.90468E+15,5.23967E+16
19032,3,3,58,19,2018,8,15,1,3,5,3,0,0,1,0,1,0,0,0,5.53072E+20,5.88587E+21,9.79301E+15,5.31196E+16
19033,3,2,55,8,2018,7,11,1,2,8,1,0,0,0,0,1,0,0,0,5.55003E+20,5.75022E+21,9.79943E+15,5.19E+16
19034,3,3,55,8,2018,8,9,5,3,8,1,0,0,1,0,0,0,0,0,5.87688E+20,5.88677E+21,1.03104E+16,5.31232E+16
19035,3,2,52,1,2018,7,11,1,2,4,6,0,0,1,0,1,0,0,0,5.14067E+20,5.7715E+21,9.20534E+15,5.20939E+16
19036,3,2,41,19,2018,8,6,4,3,2,6,0,0,1,0,0,1,0,0,5.52115E+20,5.82596E+21,9.76914E+15,5.25812E+16
19037,3,2,41,5,2018,7,12,3,3,5,3,0,0,1,0,0,0,0,0,5.39564E+20,5.80765E+21,9.58174E+15,5.24177E+16
19038,3,4,59,14,2018,8,19,5,3,5,2,0,0,1,0,1,0,0,0,4.24843E+20,5.81185E+21,7.89405E+15,5.24516E+16
19039,3,2,52,6,2018,7,6,1,2,9,7,0,0,1,0,0,0,0,0,5.25835E+20,5.77738E+21,9.37757E+15,5.21463E+16
19040,3,1,51,36,2018,8,9,7,3,5,3,0,0,1,0,0,0,0,0,6.04659E+20,5.83108E+21,1.0546E+16,5.26196E+16
19041,3,1,59,16,2018,8,12,5,2,6,4,0,0,1,1,0,0,0,0,5.6513E+20,5.70903E+21,9.93889E+15,5.15286E+16
19042,3,4,51,5,2018,8,11,5,3,2,6,0,0,1,0,0,1,0,0,4.48378E+20,5.8947E+21,8.22722E+15,5.31991E+16
19043,3,1,59,16,2018,7,18,1,3,5,3,0,0,1,0,0,0,0,0,5.61089E+20,5.70866E+21,9.88058E+15,5.15257E+16
19044,3,3,61,12,2018,8,16,2,3,0,1,0,1,0,0,0,0,0,0,5.16612E+20,5.86232E+21,9.24703E+15,5.29103E+16
19045,3,3,58,21,2018,8,12,7,3,0,1,0,0,0,0,1,0,0,1,5.59332E+20,5.87429E+21,9.8844E+15,5.30149E+16
19046,3,4,58,9,2018,8,18,1,3,8,1,0,0,1,0,0,0,0,0,4.58539E+20,5.8756E+21,8.38179E+15,5.30283E+16
19047,3,1,59,16,2018,7,5,1,3,8,1,1,0,1,0,0,0,0,0,5.64808E+20,5.70907E+21,9.93426E+15,5.1529E+16
19048,3,3,58,22,2018,8,16,5,3,2,6,0,0,1,0,0,0,0,0,5.45687E+20,5.85063E+21,9.67771E+15,5.28035E+16
19049,3,1,2,0,2018,7,13,1,3,4,6,0,1,0,0,0,0,0,0,5.91026E+20,5.7787E+21,1.03304E+16,5.21513E+16
19050,3,2,41,8,2018,8,19,4,3,5,2,0,0,1,0,0,0,0,0,5.57625E+20,5.80998E+21,9.84768E+15,5.2437E+16
19051,3,2,41,5,2018,7,14,3,2,2,6,0,0,0,0,0,1,0,0,5.39012E+20,5.80822E+21,9.57369E+15,5.24228E+16
19052,3,4,59,14,2018,8,18,4,3,8,1,0,0,0,0,1,0,0,0,4.37522E+20,5.80405E+21,8.08204E+15,5.23831E+16
19053,3,4,54,18,2018,8,13,6,3,2,6,0,0,1,0,0,0,0,0,3.84001E+20,5.84997E+21,7.2799E+15,5.27871E+16
19054,3,2,54,5,2018,8,6,1,3,2,7,0,0,1,0,0,0,0,0,5.7161E+20,5.77591E+21,1.00461E+16,5.21291E+16
19055,3,1,2,0,2018,7,10,1,1,3,6,0,0,1,0,1,0,0,0,5.94803E+20,5.77836E+21,1.03855E+16,5.21476E+16
19056,3,4,51,1,2018,8,10,3,3,5,3,0,0,1,0,0,0,0,0,4.16771E+20,5.89709E+21,7.75355E+15,5.32166E+16
19057,3,2,41,5,2018,7,8,3,1,2,6,0,0,0,0,0,1,1,0,5.38656E+20,5.80818E+21,9.56845E+15,5.24225E+16
19058,3,2,57,31,2018,8,9,4,3,2,6,0,0,1,0,0,0,0,0,5.07985E+20,5.78488E+21,9.11688E+15,5.22143E+16
19059,3,2,41,11,2018,8,10,6,3,6,4,0,0,1,1,0,0,0,0,5.66157E+20,5.80295E+21,9.97178E+15,5.23729E+16
19060,3,3,53,35,2018,8,21,7,2,0,7,2,1,0,0,0,0,0,0,5.47792E+20,5.90338E+21,9.71674E+15,5.32775E+16
19061,3,1,55,11,2018,8,15,6,3,2,6,0,0,1,0,0,0,0,0,5.68579E+20,5.72842E+21,9.9924E+15,5.17025E+16
19062,3,1,53,17,2018,7,18,1,2,5,3,0,1,1,0,0,0,0,0,6.01746E+20,5.75152E+21,1.0479E+16,5.19051E+16
19063,3,1,57,8,2018,8,17,3,3,4,2,0,1,1,0,0,0,0,0,5.95799E+20,5.79634E+21,1.04052E+16,5.23091E+16
19064,3,1,3,0,2018,8,18,2,3,0,6,0,0,1,0,0,0,1,0,6.13083E+20,5.80705E+21,1.06622E+16,5.2402E+16
19065,3,3,61,9,2018,7,23,3,2,5,3,2,0,1,0,0,0,0,0,5.01722E+20,5.87898E+21,9.02569E+15,5.30603E+16
19066,3,4,52,1,2018,8,13,5,3,4,2,0,0,1,0,0,0,0,0,3.98965E+20,5.93038E+21,7.47634E+15,5.35127E+16
19067,3,1,51,40,2018,7,15,1,3,5,3,0,1,1,0,0,0,0,0,6.13419E+20,5.84571E+21,1.06804E+16,5.27493E+16
19068,3,4,60,7,2018,8,20,6,2,8,1,0,0,1,0,0,0,0,0,4.36716E+20,5.8178E+21,8.0676E+15,5.25066E+16
19069,3,4,52,19,2018,8,23,4,3,2,6,2,0,1,0,0,0,0,0,3.80215E+20,5.94071E+21,7.18975E+15,5.36016E+16
19070,3,3,57,21,2018,8,18,5,3,2,2,0,0,1,0,1,0,0,0,5.20449E+20,5.91209E+21,9.30725E+15,5.33576E+16
19071,3,4,58,5,2018,8,16,2,3,5,3,0,1,1,0,0,0,0,0,4.71401E+20,5.883E+21,8.57291E+15,5.30957E+16
19072,3,2,54,20,2018,8,14,7,3,8,1,0,0,1,0,0,0,0,0,5.70713E+20,5.78373E+21,1.00347E+16,5.21995E+16
19073,3,3,51,6,2018,8,17,1,3,4,2,0,0,1,0,0,0,0,0,5.73123E+20,5.8321E+21,1.00805E+16,5.26339E+16
19074,3,1,51,38,2018,7,12,1,3,2,6,0,0,1,0,1,0,0,0,6.0532E+20,5.82863E+21,1.0555E+16,5.25975E+16
19075,3,2,41,17,2018,8,9,5,3,5,3,0,0,1,0,0,0,0,0,5.47387E+20,5.78434E+21,9.69347E+15,5.22075E+16
19076,3,1,57,6,2018,7,12,1,3,2,6,0,0,1,0,0,0,0,0,5.82046E+20,5.80049E+21,1.02045E+16,5.23485E+16
19077,3,1,59,29,2018,8,21,4,3,5,3,2,1,1,0,0,0,0,0,5.631E+20,5.70705E+21,9.90929E+15,5.15111E+16
19078,3,1,55,7,2018,7,16,3,3,5,3,0,1,1,0,0,0,0,0,5.76043E+20,5.7263E+21,1.00999E+16,5.16825E+16
19079,3,4,51,7,2018,8,20,4,2,5,3,0,1,1,0,0,0,0,0,4.25596E+20,5.89591E+21,7.88596E+15,5.32073E+16
19080,3,2,51,42,2018,8,14,6,2,4,6,0,0,1,0,0,0,0,0,4.77244E+20,5.85142E+21,8.66238E+15,5.28121E+16
19081,3,4,52,1,2018,8,12,7,2,4,2,0,0,1,1,0,0,0,0,3.99515E+20,5.9253E+21,7.48625E+15,5.34671E+16
19082,3,4,61,1,2018,8,14,6,3,4,6,0,0,1,0,0,0,0,0,4.68632E+20,5.89276E+21,8.53061E+15,5.31832E+16
19083,3,4,59,8,2018,7,15,7,2,8,1,0,0,0,0,1,0,0,0,4.43427E+20,5.79903E+21,8.16963E+15,5.23386E+16
19084,3,3,53,5,2018,8,7,3,3,2,6,0,0,1,0,0,0,0,0,5.58671E+20,5.91085E+21,9.88126E+15,5.33435E+16
19085,3,2,56,22,2018,7,8,3,3,2,6,0,0,1,0,0,1,0,0,5.12694E+20,5.83395E+21,9.18766E+15,5.26554E+16
19086,3,1,53,504,2018,8,14,4,2,2,2,0,0,1,0,1,0,0,0,6.10372E+20,5.7333E+21,1.05985E+16,5.17398E+16
19087,3,3,51,6,2018,8,13,2,3,2,6,0,0,1,0,0,0,0,0,5.75917E+20,5.82649E+21,1.01205E+16,5.25831E+16
19088,3,2,54,21,2018,8,12,6,3,4,6,0,0,1,0,0,0,0,0,5.66948E+20,5.77379E+21,9.97762E+15,5.21106E+16
19089,3,4,53,10,2018,8,13,4,3,3,6,0,0,1,0,0,1,0,0,4.20359E+20,5.85458E+21,7.81775E+15,5.28351E+16
19090,3,4,53,4,2018,8,12,6,3,5,3,0,1,1,0,0,0,0,0,4.37633E+20,5.85481E+21,8.07409E+15,5.28394E+16
19091,3,1,54,12,2018,8,11,1,3,8,1,0,0,0,0,1,0,0,0,6.29666E+20,5.7707E+21,1.08919E+16,5.20717E+16
19092,3,4,3,0,2018,8,10,6,3,2,6,0,0,1,0,0,1,0,0,4.49236E+20,5.88632E+21,8.2414E+15,5.31239E+16
19093,3,4,59,1,2018,7,13,7,3,2,7,0,0,0,0,1,1,0,0,4.28618E+20,5.81761E+21,7.94834E+15,5.25039E+16
19094,3,2,51,22,2018,8,21,3,3,4,6,2,0,1,0,1,0,0,0,4.57501E+20,5.81902E+21,8.37366E+15,5.25196E+16
19095,3,2,55,8,2018,7,17,3,2,8,1,0,0,0,0,1,0,0,0,5.52944E+20,5.7574E+21,9.77062E+15,5.19648E+16
19096,3,1,59,16,2018,8,17,4,2,5,3,0,1,1,0,0,0,0,0,5.61596E+20,5.71193E+21,9.88846E+15,5.15551E+16
19097,3,2,41,1,2018,8,18,6,3,5,3,0,1,1,0,0,0,0,0,5.50117E+20,5.80228E+21,9.7361E+15,5.23685E+16
19098,3,2,41,19,2018,8,13,7,3,2,2,0,0,1,0,0,0,0,0,5.49669E+20,5.82652E+21,9.73312E+15,5.25865E+16
19099,3,2,55,8,2018,8,12,6,2,8,1,0,0,0,0,1,0,0,0,5.56005E+20,5.75005E+21,9.81396E+15,5.18983E+16
19100,3,4,59,1,2018,7,12,7,3,5,3,0,1,1,0,0,0,0,0,4.28618E+20,5.81761E+21,7.94834E+15,5.25039E+16
19101,3,1,2,0,2018,8,21,3,2,2,6,2,0,1,0,0,0,1,0,5.95402E+20,5.78298E+21,1.03956E+16,5.2189E+16
19102,3,3,61,9,2018,8,17,7,3,2,6,0,0,1,0,0,0,0,1,4.97912E+20,5.87873E+21,8.96885E+15,5.30581E+16
19103,3,1,51,9,2018,8,18,2,3,2,6,0,0,1,0,0,0,0,0,5.99533E+20,5.8153E+21,1.04656E+16,5.24787E+16
19104,3,4,5,0,2018,8,14,5,3,2,2,0,0,1,0,0,0,0,0,4.39889E+20,5.93144E+21,8.09317E+15,5.35285E+16
19105,3,4,4,0,2018,7,13,7,3,0,7,0,0,1,0,0,0,0,0,4.37964E+20,5.79231E+21,8.09071E+15,5.22777E+16
19106,3,4,3,0,2018,8,13,4,3,3,6,0,0,1,0,0,1,0,0,4.46058E+20,5.88917E+21,8.19343E+15,5.31492E+16
19107,3,2,41,11,2018,8,11,5,2,2,6,0,0,0,0,0,1,0,0,5.61252E+20,5.80559E+21,9.90022E+15,5.23971E+16
19108,3,3,53,35,2018,8,15,2,3,5,2,0,0,1,0,0,0,0,0,5.47716E+20,5.90398E+21,9.7157E+15,5.32829E+16
19109,3,1,59,29,2018,8,13,7,3,2,6,0,0,1,0,0,1,0,0,5.58483E+20,5.69682E+21,9.84106E+15,5.14195E+16
19110,3,2,41,5,2018,8,18,1,3,1,5,0,0,1,0,0,0,0,0,5.41727E+20,5.81337E+21,9.61426E+15,5.24689E+16
19111,3,4,57,18,2018,7,5,7,3,0,1,0,0,0,0,1,0,0,0,4.02414E+20,5.87974E+21,7.54389E+15,5.30582E+16
19112,3,2,41,8,2018,8,7,5,3,4,6,0,1,0,0,0,0,0,0,5.60126E+20,5.80999E+21,9.88447E+15,5.24368E+16
19113,3,4,57,8,2018,7,13,7,3,2,6,0,0,1,0,0,0,1,0,4.09076E+20,5.90092E+21,7.63724E+15,5.32497E+16
19114,3,1,53,8,2018,8,7,4,3,5,2,0,0,1,0,0,0,1,0,5.99041E+20,5.76432E+21,1.04434E+16,5.20207E+16
19115,3,2,55,30,2018,7,14,3,3,2,6,0,0,1,0,0,0,1,0,5.40361E+20,5.74952E+21,9.58655E+15,5.1895E+16
19116,3,3,52,60,2018,8,10,4,2,5,3,0,0,1,0,0,0,0,0,4.80966E+20,5.90808E+21,8.71425E+15,5.33215E+16
19117,3,4,61,9,2018,8,12,6,2,4,6,0,0,1,0,0,0,0,0,4.54763E+20,5.91678E+21,8.31965E+15,5.33982E+16
19118,3,3,56,9,2018,8,19,7,3,2,2,0,0,1,0,0,0,0,0,4.73361E+20,5.90207E+21,8.60059E+15,5.32672E+16
19119,3,3,52,61,2018,8,18,6,3,5,3,0,0,1,0,1,0,0,0,4.73128E+20,5.95883E+21,8.59223E+15,5.37774E+16
19120,3,4,54,41,2018,7,18,7,3,0,1,0,0,0,0,0,0,1,1,3.87811E+20,5.87643E+21,7.32724E+15,5.30256E+16
19121,3,3,57,1,2018,8,16,3,3,4,6,0,0,1,0,0,0,0,0,5.21086E+20,5.87967E+21,9.31467E+15,5.30661E+16
19122,3,4,59,4,2018,7,6,3,3,5,3,0,1,1,0,0,0,0,0,4.34915E+20,5.77929E+21,8.04852E+15,5.21603E+16
19123,3,2,41,13,2018,8,14,2,3,5,3,0,0,1,0,1,0,0,0,5.50711E+20,5.7916E+21,9.74321E+15,5.22724E+16
19124,3,1,59,35,2018,8,21,6,3,2,6,2,0,1,0,0,0,0,0,6.17294E+20,5.81078E+21,1.07254E+16,5.24347E+16
19125,3,2,54,29,2018,8,12,7,3,2,6,0,0,1,0,1,0,0,0,5.74581E+20,5.78038E+21,1.00905E+16,5.21689E+16
19126,3,4,54,33,2018,8,19,5,3,5,2,0,0,1,0,0,0,0,0,4.0922E+20,5.86459E+21,7.64966E+15,5.29233E+16
19127,3,4,54,15,2018,7,8,7,3,2,2,0,0,1,0,1,0,0,0,3.97395E+20,5.82551E+21,7.48605E+15,5.257E+16
19128,3,4,52,1,2018,8,15,2,3,2,6,0,0,1,0,0,0,1,0,3.99916E+20,5.92534E+21,7.49228E+15,5.34675E+16
19129,3,4,61,6,2018,8,12,7,2,0,7,0,0,1,0,1,0,0,1,4.72955E+20,5.88782E+21,8.5957E+15,5.31391E+16
19130,3,4,53,4,2018,8,19,1,3,2,6,0,1,1,0,0,0,0,0,4.37084E+20,5.85371E+21,8.06616E+15,5.28295E+16
19131,3,4,58,14,2018,8,19,5,3,9,1,0,0,1,0,0,0,0,1,4.62843E+20,5.85946E+21,8.44782E+15,5.28835E+16
19132,3,4,56,20,2018,7,17,7,3,8,1,0,0,1,0,0,0,0,1,3.80616E+20,5.79593E+21,7.24916E+15,5.23007E+16
19133,3,3,53,4,2018,8,7,4,3,5,2,0,0,1,0,0,0,0,0,5.71238E+20,5.9071E+21,1.00692E+16,5.33083E+16
19134,3,1,2,0,2018,8,11,5,3,3,3,0,1,1,0,0,0,0,0,6.01628E+20,5.78277E+21,1.04866E+16,5.2186E+16
19135,3,2,41,1,2018,8,0,7,3,2,6,2,0,1,0,0,1,0,0,5.44538E+20,5.80659E+21,9.65473E+15,5.24077E+16
19136,3,1,51,40,2018,8,15,6,3,2,2,0,0,1,0,0,0,0,0,6.15592E+20,5.84355E+21,1.07118E+16,5.27294E+16
19137,3,4,54,35,2018,7,15,7,3,2,6,0,0,1,0,0,0,0,0,3.76827E+20,5.83668E+21,7.17855E+15,5.26661E+16
19138,3,4,56,15,2018,8,14,2,3,2,2,0,0,1,0,0,0,1,0,3.67318E+20,5.81328E+21,7.04739E+15,5.24536E+16
19139,3,4,3,0,2018,8,13,7,3,2,6,0,0,1,0,0,0,1,1,4.46074E+20,5.88931E+21,8.19365E+15,5.31504E+16
19140,3,4,59,1,2018,8,14,1,3,2,6,0,0,1,0,0,0,0,0,4.29189E+20,5.81395E+21,7.95754E+15,5.24712E+16
19141,3,4,51,7,2018,8,18,5,3,2,6,0,0,1,0,0,0,0,1,4.26207E+20,5.90025E+21,7.89409E+15,5.32463E+16
19142,3,4,54,18,2018,7,14,7,2,2,6,0,0,1,0,0,0,0,0,3.78125E+20,5.85313E+21,7.19164E+15,5.28141E+16
19143,3,2,51,49,2018,8,12,4,3,2,6,0,0,1,0,0,0,0,0,4.97255E+20,5.85144E+21,8.95928E+15,5.28127E+16
19144,3,1,59,16,2018,8,10,5,3,2,6,0,0,1,0,0,0,0,0,5.61099E+20,5.70866E+21,9.88073E+15,5.15258E+16
19145,3,3,57,3,2018,8,16,2,3,8,1,0,0,1,0,0,0,0,0,5.18288E+20,5.91598E+21,9.27501E+15,5.33926E+16
19146,3,1,53,9,2018,8,14,7,3,3,2,0,0,1,0,1,0,0,0,5.86915E+20,5.76083E+21,1.02658E+16,5.19913E+16
19147,3,2,41,1,2018,8,22,1,2,5,2,2,1,1,0,0,0,0,0,5.50011E+20,5.80486E+21,9.73493E+15,5.23917E+16
19148,3,2,41,1,2018,8,7,5,3,8,1,0,0,0,0,1,0,0,0,5.5666E+20,5.80822E+21,9.83319E+15,5.24212E+16
19149,3,4,54,10,2018,7,17,7,3,5,3,0,0,1,0,0,0,0,1,3.8519E+20,5.80784E+21,7.31214E+15,5.24087E+16
19150,3,4,4,0,2018,8,11,3,3,2,6,0,0,1,0,0,0,0,0,4.35389E+20,5.79103E+21,8.05321E+15,5.22659E+16
19151,3,1,59,17,2018,7,20,3,3,3,6,0,1,1,0,0,0,0,0,5.4467E+20,5.69946E+21,9.64276E+15,5.14445E+16
19152,3,3,58,22,2018,8,13,4,3,2,6,0,0,1,0,0,0,0,0,5.45103E+20,5.8476E+21,9.66863E+15,5.27763E+16
19153,3,3,53,5,2018,8,13,6,3,8,7,0,0,1,0,0,0,0,0,5.5626E+20,5.914E+21,9.84561E+15,5.33721E+16
19154,3,4,55,14,2018,8,20,7,3,2,6,0,0,1,0,0,0,0,0,4.33856E+20,5.93082E+21,8.0023E+15,5.35222E+16
19155,3,3,58,14,2018,8,17,6,3,5,2,0,1,0,0,0,1,0,0,5.3938E+20,5.84598E+21,9.5836E+15,5.27622E+16
19156,3,4,62,11,2018,7,10,7,3,2,2,0,0,1,0,0,0,0,1,4.04493E+20,5.93851E+21,7.55718E+15,5.35868E+16
19157,3,2,41,12,2018,8,17,3,3,0,1,0,0,0,0,1,0,0,0,5.20045E+20,5.81588E+21,9.29523E+15,5.24926E+16
19158,3,3,57,47,2018,7,14,3,2,8,1,0,1,0,0,0,0,0,0,5.05224E+20,5.89805E+21,9.07826E+15,5.32317E+16
19159,3,4,54,50,2018,7,14,3,3,5,3,0,1,1,0,0,0,0,0,3.94894E+20,5.85093E+21,7.44105E+15,5.27979E+16
19160,3,2,41,11,2018,8,13,2,3,2,6,0,0,1,0,0,0,0,0,5.66144E+20,5.80485E+21,9.97197E+15,5.23899E+16
19161,3,1,51,27,2018,8,15,6,3,2,6,0,0,1,0,0,0,0,0,5.96804E+20,5.79946E+21,1.04208E+16,5.23369E+16
19162,3,1,3,0,2018,8,14,7,3,0,7,0,0,1,0,0,0,1,0,6.21788E+20,5.81014E+21,1.07912E+16,5.24279E+16
19163,3,2,52,6,2018,8,17,5,3,5,3,0,1,1,0,0,0,0,1,5.24082E+20,5.77195E+21,9.35156E+15,5.20976E+16
19164,3,4,55,26,2018,8,16,5,3,5,3,0,0,1,0,0,0,0,0,4.41056E+20,5.91696E+21,8.1135E+15,5.33984E+16
19165,3,2,51,37,2018,7,15,7,2,2,6,0,0,1,0,1,0,0,1,4.83106E+20,5.87038E+21,8.74836E+15,5.29827E+16
19166,3,4,53,12,2018,8,6,2,3,8,1,0,0,1,0,0,0,0,0,4.25616E+20,5.85829E+21,7.89494E+15,5.28692E+16
19167,3,3,53,20,2018,8,23,7,3,8,7,2,0,1,0,0,0,0,1,5.63824E+20,5.90621E+21,9.95773E+15,5.33013E+16
19168,3,3,52,39,2018,8,13,7,3,8,1,0,0,1,0,0,0,0,1,5.009E+20,5.95998E+21,9.01366E+15,5.37884E+16
19169,3,2,51,37,2018,8,13,1,3,4,2,0,1,1,0,0,0,0,0,4.82133E+20,5.87345E+21,8.7337E+15,5.30103E+16
19170,3,2,51,32,2018,7,15,7,1,9,1,0,0,1,0,0,0,0,0,4.89412E+20,5.84556E+21,8.84309E+15,5.27598E+16
19171,3,3,53,5,2018,8,7,5,3,2,2,0,0,1,0,1,0,0,0,5.5866E+20,5.90808E+21,9.88059E+15,5.33187E+16
19172,3,2,51,5,2018,7,9,7,2,5,3,0,0,1,0,1,0,0,0,4.67552E+20,5.84081E+21,8.51964E+15,5.27162E+16
19173,3,3,57,57,2018,8,21,4,3,8,1,1,0,1,0,0,0,0,0,5.1787E+20,5.9083E+21,9.26829E+15,5.33236E+16
19174,3,1,58,37,2018,7,15,3,3,0,3,0,1,1,0,0,0,0,0,6.05241E+20,5.78084E+21,1.05388E+16,5.2168E+16
19175,3,4,59,12,2018,8,7,4,3,2,2,0,0,1,0,0,0,0,0,4.43465E+20,5.7908E+21,8.17158E+15,5.22647E+16
19176,3,4,59,10,2018,8,14,6,3,2,6,0,0,1,0,0,0,0,0,4.2781E+20,5.82272E+21,7.93534E+15,5.25498E+16
19177,3,2,56,29,2018,8,16,1,2,9,1,0,0,1,0,0,0,0,0,5.29955E+20,5.83322E+21,9.44276E+15,5.26482E+16
19178,3,3,52,62,2018,7,18,7,3,2,6,0,0,1,0,1,0,0,0,4.73197E+20,5.93948E+21,8.59495E+15,5.36035E+16
19179,3,3,56,8,2018,8,23,3,2,9,1,2,0,1,0,0,0,0,0,4.82685E+20,5.89288E+21,8.74088E+15,5.3185E+16
19180,3,1,57,2,2018,7,9,3,3,4,2,0,0,1,0,0,0,0,0,5.70097E+20,5.78903E+21,1.00267E+16,5.22472E+16
19181,3,2,57,3,2018,8,18,4,3,2,2,0,0,1,0,0,0,0,0,5.12854E+20,5.78589E+21,9.18817E+15,5.22233E+16
19182,3,3,51,6,2018,8,9,6,3,6,4,0,1,0,1,0,0,0,0,5.72072E+20,5.83061E+21,1.00646E+16,5.26207E+16
19183,3,3,55,22,2018,8,15,7,3,4,6,0,0,1,0,0,0,0,0,5.93208E+20,5.9045E+21,1.0398E+16,5.32815E+16
19184,3,4,59,8,2018,8,6,6,3,6,4,0,0,0,1,1,0,0,0,4.41129E+20,5.79628E+21,8.13639E+15,5.23137E+16
19185,3,1,59,3,2018,8,12,1,2,8,1,0,0,0,0,1,0,0,0,6.0682E+20,5.72552E+21,1.05447E+16,5.16705E+16
19186,3,2,56,22,2018,8,12,5,3,2,6,0,0,1,0,0,0,0,1,5.11983E+20,5.82852E+21,9.17695E+15,5.26065E+16
19187,3,3,52,22,2018,7,22,7,3,8,1,2,0,1,0,0,0,0,1,5.05982E+20,5.94928E+21,9.09059E+15,5.36922E+16
19188,3,4,60,7,2018,8,19,3,3,5,3,0,1,1,0,0,0,0,0,4.37864E+20,5.81582E+21,8.08487E+15,5.2489E+16
19189,3,2,57,22,2018,8,17,4,3,2,6,0,0,1,0,0,0,0,0,5.05918E+20,5.78555E+21,9.08663E+15,5.22204E+16
19190,3,3,60,6,2018,8,18,6,3,4,6,0,0,1,0,1,0,0,0,5.95716E+20,5.8777E+21,1.04276E+16,5.30403E+16
19191,3,4,58,13,2018,8,0,7,3,8,7,2,0,1,0,0,0,0,0,4.47076E+20,5.87374E+21,8.21119E+15,5.30105E+16
19192,3,2,41,21,2018,8,6,6,3,4,6,0,0,1,0,0,0,0,0,5.25358E+20,5.81177E+21,9.37317E+15,5.24555E+16
19193,3,3,52,36,2018,7,16,7,3,0,7,0,0,1,0,0,0,0,1,5.03337E+20,5.94441E+21,9.05049E+15,5.36484E+16
19194,3,2,57,2,2018,8,6,3,3,2,6,0,0,1,0,0,0,1,0,5.2366E+20,5.79243E+21,9.34683E+15,5.22817E+16
19195,3,4,62,5,2018,7,14,3,3,2,2,0,0,1,0,0,1,0,0,4.22568E+20,5.91611E+21,7.8357E+15,5.33884E+16
19196,3,2,57,32,2018,8,16,2,3,4,2,0,0,1,0,0,0,0,0,5.24751E+20,5.79449E+21,9.36297E+15,5.23002E+16
19197,3,4,59,18,2018,8,18,5,2,9,7,0,0,1,0,0,0,0,1,4.3203E+20,5.82559E+21,7.99697E+15,5.25761E+16
19198,3,3,59,10,2018,7,17,7,3,9,1,0,0,0,0,1,0,0,1,5.44174E+20,5.92491E+21,9.66551E+15,5.34713E+16
19199,3,4,59,15,2018,8,11,6,3,0,2,0,0,1,0,0,0,0,0,4.44507E+20,5.7746E+21,8.1895E+15,5.21191E+16
19200,3,1,58,13,2018,8,17,5,3,5,3,0,0,1,0,0,0,0,0,6.16523E+20,5.78355E+21,1.07046E+16,5.21901E+16
19201,3,4,58,5,2018,8,15,5,1,9,1,0,0,0,0,1,0,0,0,4.68789E+20,5.87875E+21,8.53431E+15,5.30574E+16
19202,3,3,59,40,2018,7,10,7,3,5,3,0,1,1,0,0,0,0,0,5.22245E+20,5.95979E+21,9.33763E+15,5.37862E+16
19203,3,4,51,4,2018,8,17,2,3,4,6,0,0,1,0,0,0,0,0,4.34384E+20,5.88624E+21,8.0195E+15,5.31216E+16
19204,3,2,41,21,2018,8,13,7,3,2,2,0,0,1,0,0,0,0,0,5.28563E+20,5.81098E+21,9.42027E+15,5.24482E+16
19205,3,3,52,39,2018,8,20,1,3,8,1,0,0,0,0,1,0,0,0,5.0148E+20,5.96005E+21,9.02247E+15,5.37891E+16
19206,3,3,59,38,2018,7,18,7,3,0,2,0,0,1,0,0,0,0,1,5.27997E+20,5.9385E+21,9.42301E+15,5.35946E+16
19207,3,3,58,2,2018,8,19,5,3,7,7,0,0,1,0,0,0,0,1,5.68946E+20,5.88096E+21,1.00291E+16,5.30737E+16
19208,3,3,59,16,2018,7,3,7,2,8,1,2,0,0,0,1,0,0,0,5.13452E+20,5.93427E+21,9.20306E+15,5.35572E+16
19209,3,2,41,1,2018,8,10,4,3,2,6,0,0,1,0,0,1,0,0,5.49327E+20,5.79878E+21,9.72398E+15,5.23371E+16
19210,3,4,4,0,2018,8,10,4,3,5,3,0,1,1,0,0,0,0,0,4.35536E+20,5.79218E+21,8.05515E+15,5.22762E+16
19211,3,4,60,10,2018,8,21,6,2,9,1,2,0,0,0,1,0,0,0,4.53979E+20,5.85475E+21,8.31676E+15,5.28406E+16