OBJECTID_1,ULAND,UREGBEZ,UKREIS,UGEMEINDE,UJAHR,UMONAT,USTUNDE,UWOCHENTAG,UKATEGORIE,UART,UTYP1,ULICHTVERH,IstRad,IstPKW,IstFuss,IstKrad,IstGkfz,IstSonstig,STRZUSTAND,LINREFX,LINREFY,XGCSWGS84,YGCSWGS84
19402,3,3,61,13,2018,8,18,2,3,4,7,0,0,1,0,0,0,0,0,5.00721E+20,5.86713E+21,9.01073E+15,5.29537E+16
19403,3,3,59,38,2018,8,13,6,3,5,3,0,0,1,0,0,0,0,0,5.31707E+20,5.94302E+21,9.47952E+15,5.3635E+16
19404,3,4,51,5,2018,8,17,3,3,2,6,0,0,1,0,0,0,0,0,4.43757E+20,5.90391E+21,8.15642E+15,5.32814E+16
19405,3,3,57,51,2018,8,18,4,3,2,6,0,0,1,0,0,0,0,0,5.38635E+20,5.87062E+21,9.57549E+15,5.29838E+16
19406,3,4,3,0,2018,8,7,3,3,5,3,0,1,1,0,0,0,0,0,4.47539E+20,5.88587E+21,8.21611E+15,5.31197E+16
19407,3,4,59,19,2018,8,7,4,2,5,3,0,0,1,0,0,0,0,0,4.36109E+20,5.78212E+21,8.06545E+15,5.21858E+16
19408,3,4,57,17,2018,8,20,7,3,4,6,1,0,1,0,0,0,0,1,4.05351E+20,5.88528E+21,7.58606E+15,5.31085E+16
19409,3,4,59,13,2018,8,22,1,3,2,6,2,0,1,0,0,0,1,0,4.53097E+20,5.80362E+21,8.31092E+15,5.23809E+16
19410,3,4,54,32,2018,8,17,5,3,4,2,0,0,1,0,0,0,0,0,3.92774E+20,5.81867E+21,7.42011E+15,5.25076E+16
19411,3,4,60,1,2018,8,14,5,3,5,3,0,0,0,0,0,1,1,1,4.44424E+20,5.84498E+21,8.17657E+15,5.27518E+16
19412,3,2,51,37,2018,8,7,3,3,5,3,0,0,1,0,0,0,0,1,4.85236E+20,5.87096E+21,8.78007E+15,5.2988E+16
19413,3,4,53,5,2018,8,16,3,3,5,3,0,1,1,0,0,0,0,0,4.43997E+20,5.85442E+21,8.16863E+15,5.28366E+16
19414,3,2,41,21,2018,8,0,7,3,6,6,2,1,0,1,0,0,0,0,5.24002E+20,5.81037E+21,9.35312E+15,5.2443E+16
19415,3,3,53,39,2018,8,18,4,2,8,1,0,0,0,0,0,1,0,0,5.51644E+20,5.91375E+21,9.7762E+15,5.33703E+16
19416,3,1,55,13,2018,8,2,1,2,9,7,2,0,1,0,0,0,0,0,5.58111E+20,5.74414E+21,9.84357E+15,5.1845E+16
19417,3,2,41,1,2018,8,8,5,3,4,6,0,1,0,0,0,0,0,0,5.49258E+20,5.80222E+21,9.72348E+15,5.2368E+16
19418,3,2,51,42,2018,8,17,3,3,5,3,0,1,1,0,0,0,0,0,4.75992E+20,5.85046E+21,8.64388E+15,5.28034E+16
19419,3,4,59,19,2018,8,13,6,3,0,1,0,1,0,0,0,0,0,0,4.34213E+20,5.78471E+21,8.03721E+15,5.22089E+16
19420,3,4,54,18,2018,8,10,2,3,5,3,0,0,1,0,0,1,0,0,3.85325E+20,5.84959E+21,7.29965E+15,5.27839E+16
19421,3,4,53,2,2018,8,6,5,3,5,3,0,0,1,0,1,0,0,0,4.29714E+20,5.87231E+21,7.95277E+15,5.29958E+16
19422,3,2,41,1,2018,8,12,3,3,2,6,0,0,1,0,0,1,0,0,5.42266E+20,5.80806E+21,9.62152E+15,5.24211E+16
19423,3,4,54,18,2018,8,18,6,2,5,3,0,0,1,0,0,0,0,0,3.71988E+20,5.84575E+21,7.10352E+15,5.27464E+16
19424,3,4,57,21,2018,8,10,3,3,2,6,0,0,1,0,0,0,0,0,3.88058E+20,5.88747E+21,7.32707E+15,5.31249E+16
19425,3,3,52,46,2018,8,9,3,3,8,1,0,0,1,0,0,0,0,1,4.9167E+20,5.96297E+21,8.87348E+15,5.38153E+16
19426,3,4,59,10,2018,8,10,4,3,2,6,0,0,1,0,0,1,0,0,4.27413E+20,5.82203E+21,7.92963E+15,5.25435E+16
19427,3,3,53,31,2018,8,14,3,3,8,7,0,0,1,0,0,0,1,0,5.66769E+20,5.91104E+21,1.00029E+16,5.33443E+16
19428,3,3,58,22,2018,8,16,6,3,0,1,0,0,0,0,1,0,0,0,5.42739E+20,5.85376E+21,9.63439E+15,5.28319E+16
19429,3,2,57,10,2018,8,12,2,3,5,3,0,1,0,0,0,0,1,0,5.22478E+20,5.80953E+21,9.33065E+15,5.24355E+16
19430,3,2,41,10,2018,8,16,5,2,5,3,0,1,1,0,0,0,0,0,5.49869E+20,5.80994E+21,9.73359E+15,5.24374E+16
19431,3,3,54,23,2018,8,18,1,2,8,7,0,0,1,0,0,0,0,0,6.51998E+20,5.87525E+21,1.12653E+16,5.30052E+16
19432,3,3,57,8,2018,8,15,2,3,2,6,0,0,1,0,0,0,1,0,5.11045E+20,5.9254E+21,9.16642E+15,5.34774E+16
19433,3,2,41,5,2018,8,19,6,3,5,3,0,1,1,0,0,0,0,0,5.41758E+20,5.8091E+21,9.61418E+15,5.24305E+16
19434,3,3,59,10,2018,8,12,3,3,2,6,0,0,1,0,0,0,0,1,5.43561E+20,5.92789E+21,9.65668E+15,5.34982E+16
19435,3,2,41,1,2018,8,10,4,1,2,6,0,0,1,0,0,1,0,0,5.58419E+20,5.80669E+21,9.85878E+15,5.24073E+16
19436,3,4,4,0,2018,8,7,6,3,5,3,0,1,1,0,0,0,0,0,4.34599E+20,5.79267E+21,8.04131E+15,5.22805E+16
19437,3,1,57,7,2018,8,6,4,2,9,1,0,0,1,0,0,0,0,0,5.87772E+20,5.78841E+21,1.02854E+16,5.22391E+16
19438,3,3,53,11,2018,8,17,7,3,5,3,0,0,1,0,0,0,0,0,5.71822E+20,5.89927E+21,1.00762E+16,5.32379E+16
19439,3,1,51,30,2018,8,13,5,3,2,6,0,0,1,0,0,0,0,1,6.18152E+20,5.8138E+21,1.07391E+16,5.24616E+16
19440,3,3,58,2,2018,8,20,3,3,3,6,1,0,1,0,0,0,0,0,5.65062E+20,5.88303E+21,9.97157E+15,5.30928E+16
19441,3,3,53,31,2018,8,13,6,2,2,6,0,0,1,0,0,0,0,0,5.64516E+20,5.91493E+21,9.96988E+15,5.33795E+16
19442,3,2,41,8,2018,8,15,2,3,2,2,0,0,1,0,0,1,0,0,5.55568E+20,5.81264E+21,9.81787E+15,5.24611E+16
19443,3,2,41,15,2018,8,14,5,3,2,6,0,0,1,0,0,0,0,1,5.38944E+20,5.8054E+21,9.57236E+15,5.23975E+16
19444,3,3,59,13,2018,8,1,1,3,9,1,2,0,1,0,0,0,0,1,5.26053E+20,5.95254E+21,9.39482E+15,5.37209E+16
19445,3,3,52,62,2018,8,5,2,3,9,1,1,0,1,0,0,0,0,0,4.91045E+20,5.94042E+21,8.86464E+15,5.36125E+16
19446,3,3,60,12,2018,8,19,6,3,2,6,0,0,1,0,0,0,0,0,6.01769E+20,5.88497E+21,1.05202E+16,5.31044E+16
19447,3,3,57,16,2018,8,15,3,2,9,1,0,0,1,0,0,0,0,0,5.00756E+20,5.91334E+21,9.01137E+15,5.33692E+16
19448,3,2,41,12,2018,8,19,4,3,9,7,1,0,1,0,0,0,0,0,5.3373E+20,5.81497E+21,9.4967E+15,5.24838E+16
19449,3,4,54,57,2018,8,9,4,3,4,6,0,0,1,0,0,0,0,0,4.09123E+20,5.85762E+21,7.65017E+15,5.28606E+16
19450,3,4,52,7,2018,8,18,7,2,0,2,0,0,1,0,1,0,0,0,3.8959E+20,5.93638E+21,7.3329E+15,5.35646E+16
19451,3,4,59,2,2018,8,11,1,2,8,7,0,0,1,0,0,0,0,0,4.23943E+20,5.82194E+21,7.87849E+15,5.25422E+16
19452,3,4,51,2,2018,8,9,5,2,4,2,0,1,1,0,0,0,0,0,4.33697E+20,5.89317E+21,8.0078E+15,5.31838E+16
19453,3,2,51,32,2018,8,6,5,2,9,1,0,0,0,0,0,0,1,1,4.88178E+20,5.84422E+21,8.82486E+15,5.27477E+16
19454,3,3,57,8,2018,8,7,3,2,4,6,0,0,1,0,0,0,0,0,5.14451E+20,5.93077E+21,9.21798E+15,5.35257E+16
19455,3,4,58,6,2018,8,14,3,3,5,2,0,0,1,0,0,0,0,0,4.74301E+20,5.8695E+21,8.61728E+15,5.29745E+16
19456,3,2,57,31,2018,8,19,6,2,8,1,1,0,1,0,0,0,0,0,5.08664E+20,5.78032E+21,9.12669E+15,5.21733E+16
19457,3,4,54,26,2018,8,18,3,3,5,3,0,0,1,0,0,0,0,0,4.04807E+20,5.84207E+21,7.59061E+15,5.27201E+16
19458,3,2,41,1,2018,8,17,7,3,2,6,0,0,1,0,0,0,0,0,5.51872E+20,5.80882E+21,9.76288E+15,5.24271E+16
19459,3,2,41,1,2018,8,15,4,3,2,2,0,0,1,0,0,0,0,0,5.58476E+20,5.80438E+21,9.85922E+15,5.23866E+16
19460,3,2,54,20,2018,8,10,1,3,4,6,0,0,1,0,1,0,0,0,5.70721E+20,5.78429E+21,1.00349E+16,5.22045E+16
19461,3,2,54,28,2018,8,21,5,2,5,3,1,0,1,0,0,0,0,0,5.58726E+20,5.78954E+21,9.8603E+15,5.22531E+16
19462,3,3,57,28,2018,8,18,3,1,5,2,0,0,1,0,1,0,0,1,5.1482E+20,5.89145E+21,9.22171E+15,5.31722E+16
19463,3,4,57,18,2018,8,7,6,3,3,6,0,0,1,0,0,0,0,1,4.02048E+20,5.89626E+21,7.53338E+15,5.32066E+16
19464,3,4,52,1,2018,8,8,2,3,4,6,0,0,1,0,0,0,0,1,4.02403E+20,5.92138E+21,7.53096E+15,5.34324E+16
19465,3,2,51,47,2018,8,15,5,3,4,6,0,1,0,0,0,0,0,0,4.86011E+20,5.87078E+21,8.79162E+15,5.29864E+16
19466,3,1,53,504,2018,8,14,2,3,4,6,0,0,1,0,0,0,0,1,5.9368E+20,5.74521E+21,1.03601E+16,5.18498E+16
19467,3,1,59,15,2018,8,23,3,3,8,1,2,0,1,0,0,0,0,0,5.72578E+20,5.70466E+21,1.00453E+16,5.14884E+16
19468,3,4,60,10,2018,8,20,6,3,8,1,0,1,0,0,0,0,0,0,4.5333E+20,5.85406E+21,8.30722E+15,5.28343E+16
19469,3,3,57,5,2018,8,12,3,3,0,7,0,0,1,0,0,0,0,0,5.2799E+20,5.88692E+21,9.41834E+15,5.3131E+16
19470,3,4,52,14,2018,8,14,4,3,6,4,0,0,1,1,0,0,0,0,3.73277E+20,5.92245E+21,7.09236E+15,5.34359E+16
19471,3,3,60,29,2018,8,16,3,3,8,7,0,0,1,0,0,0,0,0,5.86408E+20,5.8795E+21,1.02893E+16,5.3058E+16
19472,3,3,55,33,2018,8,7,6,3,2,6,0,1,0,0,0,0,0,0,5.98852E+20,5.90571E+21,1.0483E+16,5.32914E+16
19473,3,2,52,1,2018,8,18,2,2,8,1,0,0,0,0,0,0,1,0,5.18032E+20,5.7732E+21,9.26331E+15,5.21091E+16
19474,3,2,41,1,2018,8,8,5,3,5,3,0,1,0,0,0,0,1,0,5.57685E+20,5.80506E+21,9.84771E+15,5.23927E+16
19475,3,1,55,12,2018,8,17,1,3,0,4,0,0,1,1,0,0,0,0,5.44084E+20,5.7235E+21,9.63735E+15,5.16607E+16
19476,3,2,41,14,2018,8,16,2,3,2,2,0,0,1,0,0,0,0,0,5.43246E+20,5.79522E+21,9.63428E+15,5.23056E+16
19477,3,2,41,8,2018,8,14,6,2,2,6,0,0,1,0,0,1,0,0,5.52998E+20,5.81188E+21,9.77993E+15,5.24545E+16
19478,3,3,51,6,2018,8,15,3,3,3,6,0,1,1,0,0,0,0,1,5.72738E+20,5.83081E+21,1.00745E+16,5.26224E+16
19479,3,2,56,36,2018,8,7,4,3,2,1,0,0,1,0,0,0,0,0,5.05416E+20,5.83929E+21,9.08016E+15,5.27035E+16
19480,3,3,61,6,2018,8,15,4,3,4,2,0,0,1,0,0,0,0,0,5.1187E+20,5.87023E+21,9.1768E+15,5.29815E+16
19481,3,4,51,4,2018,8,17,7,3,5,3,0,1,1,0,0,0,0,0,4.32709E+20,5.88865E+21,7.99397E+15,5.3143E+16
19482,3,2,51,21,2018,8,12,1,2,8,1,0,0,1,0,0,0,0,0,4.90652E+20,5.82838E+21,8.86196E+15,5.26053E+16
19483,3,3,58,8,2018,8,14,5,3,5,2,0,0,1,0,0,0,0,0,5.45762E+20,5.85687E+21,9.67969E+15,5.28596E+16
19484,3,3,57,48,2018,8,13,5,3,9,1,0,0,1,0,0,0,0,1,5.37175E+20,5.90426E+21,9.55764E+15,5.32862E+16
19485,3,2,41,1,2018,8,16,3,3,0,5,0,1,1,0,0,0,0,0,5.48768E+20,5.80208E+21,9.71625E+15,5.23669E+16
19486,3,3,57,18,2018,8,12,7,3,4,1,0,0,1,0,0,0,1,1,5.16274E+20,5.89465E+21,9.24363E+15,5.32009E+16
19487,3,2,41,15,2018,8,18,3,3,5,2,0,1,1,0,0,0,0,0,5.43958E+20,5.80616E+21,9.64615E+15,5.24039E+16
19488,3,1,54,14,2018,8,7,6,3,2,6,1,0,1,0,0,0,0,1,6.12975E+20,5.79814E+21,1.06576E+16,5.2322E+16
19489,3,3,61,1,2018,8,12,3,3,2,6,0,0,1,0,0,0,0,0,5.00151E+20,5.87582E+21,9.00225E+15,5.30319E+16
19490,3,2,52,1,2018,8,16,7,3,0,1,0,1,0,0,0,0,0,0,5.21275E+20,5.76892E+21,9.31038E+15,5.20704E+16
19491,3,2,41,11,2018,8,8,4,3,2,2,0,0,1,0,0,1,0,0,5.68701E+20,5.80395E+21,1.00094E+16,5.23815E+16
19492,3,4,52,1,2018,8,14,4,2,3,2,0,1,1,0,0,0,0,0,3.99312E+20,5.92592E+21,7.483E+15,5.34726E+16
19493,3,4,60,1,2018,8,5,7,3,2,2,1,0,1,0,0,0,0,0,4.46333E+20,5.84194E+21,8.20536E+15,5.27247E+16
19494,3,4,60,9,2018,8,18,1,3,2,6,0,0,1,0,0,0,0,0,4.50091E+20,5.84834E+21,8.26002E+15,5.27826E+16
19495,3,4,61,8,2018,8,21,5,3,3,2,2,0,1,0,0,0,0,0,4.58583E+20,5.90824E+21,8.37821E+15,5.33217E+16
19496,3,3,53,40,2018,8,16,5,3,5,2,0,1,1,0,0,0,0,0,5.8033E+20,5.91215E+21,1.02069E+16,5.33524E+16
19497,3,2,41,1,2018,8,13,3,3,5,3,0,1,1,0,0,0,0,1,5.57321E+20,5.80454E+21,9.84228E+15,5.23881E+16
19498,3,3,53,31,2018,8,16,7,3,8,1,0,0,1,0,0,0,0,1,5.6567E+20,5.9151E+21,9.98726E+15,5.33809E+16
19499,3,3,51,7,2018,8,15,3,3,5,2,0,1,1,0,0,0,0,0,5.77747E+20,5.8238E+21,1.01469E+16,5.25587E+16
19500,3,2,55,3,2018,8,17,6,2,5,3,0,0,1,0,1,0,0,0,5.34182E+20,5.75938E+21,9.49774E+15,5.19841E+16
19501,3,4,53,7,2018,8,15,3,3,5,2,0,0,1,0,1,0,0,0,4.22586E+20,5.8757E+21,7.84577E+15,5.30252E+16
19502,3,2,57,20,2018,8,17,7,3,0,3,0,1,1,0,0,0,0,0,5.19172E+20,5.80095E+21,9.28153E+15,5.23585E+16
19503,3,2,41,19,2018,8,7,4,3,5,3,0,1,1,0,0,0,0,0,5.49287E+20,5.82694E+21,9.72756E+15,5.25902E+16
19504,3,1,59,28,2018,8,14,1,2,5,2,0,0,1,0,1,0,0,0,5.84978E+20,5.71415E+21,1.02262E+16,5.1572E+16
19505,3,2,41,2,2018,8,6,5,2,9,1,0,0,1,0,0,0,0,1,5.31632E+20,5.80003E+21,9.4644E+15,5.23496E+16
19506,3,1,59,16,2018,8,14,5,3,5,3,0,1,0,0,0,0,1,0,5.63315E+20,5.70727E+21,9.91242E+15,5.1513E+16
19507,3,2,41,2,2018,8,14,3,3,2,6,0,0,1,0,0,1,0,1,5.2864E+20,5.79799E+21,9.42029E+15,5.23315E+16
19508,3,4,52,1,2018,8,9,6,3,6,4,0,0,1,1,0,0,0,0,3.99497E+20,5.92565E+21,7.48587E+15,5.34702E+16
19509,3,4,51,4,2018,8,8,2,3,4,1,0,0,1,0,0,1,1,0,4.41433E+20,5.8846E+21,8.12512E+15,5.31076E+16
19510,3,4,58,10,2018,8,18,5,3,5,3,0,0,1,0,0,0,0,0,4.62503E+20,5.88476E+21,8.43982E+15,5.3111E+16
19511,3,4,4,0,2018,8,16,1,3,2,6,0,0,1,0,0,0,0,0,4.30181E+20,5.79793E+21,7.97547E+15,5.23272E+16
19512,3,4,59,22,2018,8,14,2,3,2,2,0,0,1,0,0,0,0,0,4.41583E+20,5.77695E+21,8.1464E+15,5.214E+16
19513,3,3,57,8,2018,8,18,4,3,5,3,0,1,0,0,1,0,0,0,5.06666E+20,5.92764E+21,9.10048E+15,5.34977E+16
19514,3,4,51,4,2018,8,17,6,3,2,2,0,0,1,0,0,0,0,0,4.31798E+20,5.8848E+21,7.98117E+15,5.31083E+16
19515,3,2,41,11,2018,8,19,3,3,3,6,0,0,1,0,0,0,0,0,5.61053E+20,5.8035E+21,9.89693E+15,5.23783E+16
19516,3,4,5,0,2018,8,10,4,3,6,2,0,0,0,1,0,0,1,0,4.39719E+20,5.93654E+21,8.08963E+15,5.35742E+16
19517,3,2,41,1,2018,8,16,3,3,5,3,0,0,1,0,0,1,0,0,5.56592E+20,5.80832E+21,9.83221E+15,5.24222E+16
19518,3,2,41,13,2018,8,16,6,3,2,6,0,0,1,0,0,0,0,0,5.51034E+20,5.78526E+21,9.74699E+15,5.22154E+16
19519,3,2,56,32,2018,8,12,5,3,2,2,0,0,0,0,1,0,1,0,5.05023E+20,5.82061E+21,9.07405E+15,5.25356E+16
19520,3,2,54,21,2018,8,15,1,3,2,6,0,0,1,0,0,0,0,0,5.66125E+20,5.78194E+21,9.9672E+15,5.21839E+16
19521,3,2,57,6,2018,8,18,2,3,0,3,0,0,1,0,0,0,0,0,5.26533E+20,5.79936E+21,9.38948E+15,5.23439E+16
19522,3,1,59,3,2018,8,10,6,3,4,1,0,0,1,0,0,0,0,0,6.03836E+20,5.72412E+21,1.05012E+16,5.16585E+16
19523,3,2,41,19,2018,8,12,3,2,2,6,0,0,0,0,0,1,0,0,5.54082E+20,5.82212E+21,9.79754E+15,5.25465E+16
19524,3,1,54,9,2018,8,7,4,3,2,6,0,0,1,0,0,1,0,0,6.31864E+20,5.80389E+21,1.09369E+16,5.23694E+16
19525,3,2,51,40,2018,8,7,4,3,5,3,0,1,1,0,0,0,0,0,4.86655E+20,5.83657E+21,8.80261E+15,5.26789E+16
19526,3,3,52,29,2018,8,22,7,2,9,1,2,0,1,0,0,0,0,1,5.0568E+20,5.9412E+21,9.08586E+15,5.36196E+16
19527,3,3,53,11,2018,8,11,1,3,4,6,0,0,1,0,0,0,0,0,5.74081E+20,5.89858E+21,1.01098E+16,5.32313E+16
19528,3,3,51,8,2018,8,8,5,3,3,2,0,0,1,0,0,0,0,0,5.92612E+20,5.83834E+21,1.03701E+16,5.26871E+16
19529,3,3,60,25,2018,8,15,5,3,8,1,0,0,1,0,0,0,0,1,6.05929E+20,5.8727E+21,1.05782E+16,5.29934E+16
19530,3,2,41,5,2018,8,13,3,3,2,6,0,0,1,0,0,0,0,0,5.39708E+20,5.80832E+21,9.58394E+15,5.24237E+16
19531,3,2,54,20,2018,8,20,7,3,5,2,2,1,0,0,0,0,1,1,5.73008E+20,5.78537E+21,1.00686E+16,5.22139E+16
19532,3,3,52,62,2018,8,16,4,3,2,6,0,0,1,0,0,0,0,0,4.89148E+20,5.94209E+21,8.83591E+15,5.36275E+16
19533,3,2,41,1,2018,8,14,3,3,4,6,0,1,0,0,0,0,0,0,5.49192E+20,5.80337E+21,9.72267E+15,5.23784E+16
19534,3,1,2,0,2018,8,23,6,3,9,1,2,0,1,0,0,0,0,0,5.9542E+20,5.78301E+21,1.03959E+16,5.21893E+16
19535,3,3,53,30,2018,8,9,3,3,5,2,0,1,1,0,0,0,0,0,5.78159E+20,5.89794E+21,1.01707E+16,5.3225E+16
19536,3,3,57,8,2018,8,7,4,3,6,6,0,1,0,1,0,0,0,0,5.10943E+20,5.92544E+21,9.16489E+15,5.34779E+16
19537,3,1,53,504,2018,8,16,7,2,8,1,0,0,0,0,1,0,0,0,6.03635E+20,5.72673E+21,1.0499E+16,5.1682E+16
19538,3,2,41,1,2018,8,7,4,3,2,6,0,0,1,0,0,0,0,0,5.53356E+20,5.80142E+21,9.78352E+15,5.23605E+16
19539,3,4,55,26,2018,8,21,7,3,3,6,2,0,1,0,1,0,0,0,4.37191E+20,5.91525E+21,8.05572E+15,5.33826E+16
19540,3,1,55,11,2018,8,17,5,3,2,6,0,0,1,0,0,0,0,0,5.64818E+20,5.72833E+21,9.93798E+15,5.17022E+16
19541,3,4,59,29,2018,8,8,4,2,5,3,0,0,1,0,0,0,0,0,4.42436E+20,5.80543E+21,8.154E+15,5.23961E+16
19542,3,1,55,3,2018,8,12,3,2,4,7,0,0,1,0,0,1,1,1,5.39632E+20,5.73575E+21,9.57438E+15,5.17712E+16
19543,3,4,51,2,2018,8,7,6,3,4,2,0,0,1,0,1,0,0,0,4.40336E+20,5.88815E+21,8.10807E+15,5.31394E+16
19544,3,3,57,39,2018,8,20,2,3,1,5,2,0,1,0,1,0,0,0,5.27611E+20,5.88453E+21,9.41247E+15,5.31095E+16
19545,3,3,55,24,2018,8,16,5,3,2,6,0,0,1,0,0,0,0,0,5.93901E+20,5.89394E+21,1.04053E+16,5.31865E+16
19546,3,2,51,7,2018,8,15,1,3,9,1,0,0,1,0,0,0,0,0,4.8294E+20,5.86171E+21,8.74635E+15,5.29048E+16
19547,3,4,53,12,2018,8,18,2,3,9,1,0,0,1,0,0,0,0,0,4.23081E+20,5.85968E+21,7.85696E+15,5.28813E+16
19548,3,3,52,38,2018,8,17,6,3,2,2,0,0,1,0,0,0,0,0,4.92505E+20,5.95947E+21,8.88625E+15,5.37838E+16
19549,3,1,55,6,2018,8,15,3,2,8,1,0,0,1,0,0,0,0,1,5.74622E+20,5.73986E+21,1.00823E+16,5.18046E+16
19550,3,3,57,47,2018,8,7,4,3,5,3,0,0,1,0,0,0,0,0,5.05166E+20,5.8972E+21,9.07738E+15,5.3224E+16
19551,3,2,57,35,2018,8,11,3,2,9,1,0,0,1,0,0,0,0,1,5.17304E+20,5.79628E+21,9.25385E+15,5.23166E+16
19552,3,4,59,12,2018,8,13,7,3,1,7,0,0,1,0,1,0,0,0,4.48161E+20,5.79243E+21,8.24014E+15,5.22798E+16
19553,3,4,55,26,2018,8,16,4,3,3,6,0,0,1,0,0,0,0,0,4.39945E+20,5.91832E+21,8.09653E+15,5.34105E+16
19554,3,2,54,2,2018,8,5,5,3,9,1,2,0,1,0,0,0,0,1,5.54919E+20,5.76361E+21,9.80035E+15,5.20204E+16
19555,3,1,51,16,2018,8,17,5,3,2,6,0,0,1,0,0,1,0,0,6.04513E+20,5.80409E+21,1.05354E+16,5.23771E+16
19556,3,2,57,13,2018,8,17,3,3,1,7,0,1,1,0,0,0,0,0,5.07909E+20,5.79576E+21,9.11601E+15,5.23121E+16
19557,3,4,55,26,2018,8,15,6,2,5,3,0,1,1,0,0,0,0,0,4.42138E+20,5.91188E+21,8.13069E+15,5.33529E+16
19558,3,3,53,35,2018,8,18,2,1,4,1,0,0,1,0,1,0,0,0,5.51806E+20,5.90404E+21,9.77705E+15,5.32831E+16
19559,3,3,58,22,2018,8,7,5,2,1,5,0,0,0,0,1,0,1,0,5.28678E+20,5.85693E+21,9.42596E+15,5.28614E+16
19560,3,4,52,1,2018,8,20,1,3,2,6,0,0,1,0,0,0,0,1,3.99309E+20,5.92591E+21,7.48295E+15,5.34725E+16
19561,3,4,54,45,2018,8,17,2,3,2,6,0,0,1,0,0,0,0,0,3.9064E+20,5.80038E+21,7.39465E+15,5.23428E+16
19562,3,4,61,5,2018,8,7,6,3,5,3,0,0,1,0,1,0,0,1,4.45884E+20,5.91021E+21,8.18726E+15,5.33383E+16
19563,3,2,57,1,2018,8,6,3,2,0,1,1,0,0,0,1,0,0,1,5.06913E+20,5.78936E+21,9.10127E+15,5.22546E+16
19564,3,4,51,2,2018,8,18,4,3,5,3,0,1,1,0,0,0,0,0,4.37575E+20,5.89299E+21,8.06586E+15,5.31826E+16
19565,3,2,57,26,2018,8,7,3,2,5,3,0,0,1,0,1,0,0,0,5.11617E+20,5.79283E+21,9.1703E+15,5.22857E+16
19566,3,2,57,29,2018,8,11,6,3,2,6,0,0,1,0,0,0,0,0,5.22101E+20,5.79112E+21,9.32388E+15,5.227E+16
19567,3,1,58,37,2018,8,9,5,3,5,3,0,1,1,0,0,0,0,0,6.04079E+20,5.78028E+21,1.05217E+16,5.21632E+16
19568,3,1,59,1,2018,8,19,1,2,5,3,0,0,1,0,0,0,0,0,5.51607E+20,5.71135E+21,9.74432E+15,5.15509E+16
19569,3,2,54,29,2018,8,16,2,3,3,2,0,1,1,0,0,0,0,0,5.71103E+20,5.78069E+21,1.00397E+16,5.21721E+16
19570,3,2,52,3,2018,8,13,6,3,4,6,0,1,0,0,0,0,0,0,5.17466E+20,5.75899E+21,9.25431E+15,5.19813E+16
19571,3,2,55,12,2018,8,17,3,3,2,6,0,0,1,0,0,0,0,0,5.54099E+20,5.7477E+21,9.78589E+15,5.18775E+16
19572,3,1,57,6,2018,8,11,4,2,2,6,0,0,0,0,0,1,0,0,5.81667E+20,5.80077E+21,1.0199E+16,5.23511E+16
19573,3,4,1,0,2018,8,13,4,2,5,3,0,1,1,0,0,0,0,0,4.76177E+20,5.87767E+21,8.64463E+15,5.3048E+16
19574,3,2,41,7,2018,8,12,1,3,0,1,0,1,0,0,0,0,0,0,5.49424E+20,5.79665E+21,9.7251E+15,5.23179E+16
19575,3,2,41,21,2018,8,17,5,3,5,3,0,1,0,0,0,0,1,0,5.31818E+20,5.80834E+21,9.46792E+15,5.24244E+16
19576,3,2,41,1,2018,8,10,5,1,5,3,0,1,1,0,0,0,0,0,5.48669E+20,5.80142E+21,9.7147E+15,5.23609E+16
19577,3,2,55,16,2018,8,14,3,2,4,1,0,0,1,0,0,0,0,1,5.37941E+20,5.76124E+21,9.55268E+15,5.20005E+16
19578,3,1,59,17,2018,8,10,7,3,5,3,0,0,1,0,0,0,0,1,5.44585E+20,5.69518E+21,9.641E+15,5.14061E+16
19579,3,3,52,11,2018,8,5,4,3,5,3,0,0,1,0,0,0,0,0,4.79863E+20,5.96788E+21,8.69384E+15,5.3859E+16
19580,3,1,54,14,2018,8,15,3,3,9,1,0,0,0,0,1,0,0,0,6.11028E+20,5.79794E+21,1.0629E+16,5.23206E+16
19581,3,4,4,0,2018,8,15,5,2,5,2,0,1,1,0,0,0,0,0,4.34561E+20,5.79173E+21,8.04094E+15,5.22721E+16
19582,3,3,60,5,2018,8,15,3,3,5,3,0,1,1,0,0,0,0,0,6.13167E+20,5.85523E+21,1.06799E+16,5.28349E+16
19583,3,4,59,4,2018,8,6,6,3,5,3,0,0,1,0,0,0,0,0,4.34915E+20,5.77929E+21,8.04852E+15,5.21603E+16
19584,3,1,59,16,2018,8,16,4,3,2,2,0,0,1,0,0,0,1,0,5.65377E+20,5.71227E+21,9.94306E+15,5.15577E+16
19585,3,3,52,62,2018,8,15,7,3,5,2,0,0,1,0,0,0,0,0,4.74213E+20,5.94599E+21,8.60976E+15,5.36621E+16
19586,3,1,57,8,2018,8,15,5,3,3,7,0,0,1,0,0,0,1,0,5.92781E+20,5.80001E+21,1.0362E+16,5.23425E+16
19587,3,2,55,8,2018,8,14,3,2,8,1,0,0,1,0,0,0,0,1,5.52885E+20,5.75669E+21,9.76964E+15,5.19584E+16
19588,3,4,53,5,2018,8,14,6,2,3,6,0,0,1,0,0,0,0,0,4.49041E+20,5.85786E+21,8.24296E+15,5.2868E+16
19589,3,2,41,1,2018,8,9,2,3,5,3,0,1,1,0,0,0,0,1,5.56773E+20,5.79899E+21,9.83329E+15,5.23383E+16
19590,3,2,41,1,2018,8,16,5,3,2,6,0,0,1,0,0,0,0,0,5.49363E+20,5.80359E+21,9.72521E+15,5.23803E+16