OBJECTID_1,ULAND,UREGBEZ,UKREIS,UGEMEINDE,UJAHR,UMONAT,USTUNDE,UWOCHENTAG,UKATEGORIE,UART,UTYP1,ULICHTVERH,IstRad,IstPKW,IstFuss,IstKrad,IstGkfz,IstSonstig,STRZUSTAND,LINREFX,LINREFY,XGCSWGS84,YGCSWGS84
19591,3,3,53,5,2018,8,19,1,2,8,1,1,0,0,0,1,0,0,0,5.54675E+20,5.90461E+21,9.82018E+15,5.32879E+16
19592,3,2,51,47,2018,8,17,2,3,4,2,0,0,1,0,0,0,0,0,4.90024E+20,5.86777E+21,8.85149E+15,5.29594E+16
19593,3,3,58,22,2018,8,17,6,3,6,1,0,0,1,1,0,0,0,0,5.38885E+20,5.85658E+21,9.57752E+15,5.28575E+16
19594,3,2,52,6,2018,8,16,3,2,5,3,0,0,1,0,0,0,0,0,5.25825E+20,5.77161E+21,9.37698E+15,5.20945E+16
19595,3,2,41,1,2018,8,14,4,3,2,6,0,1,0,0,0,0,0,0,5.58581E+20,5.80411E+21,9.86072E+15,5.23841E+16
19596,3,2,52,6,2018,8,15,3,3,4,6,0,0,1,0,0,0,0,1,5.23005E+20,5.77444E+21,9.336E+15,5.212E+16
19597,3,4,4,0,2018,8,15,4,3,5,2,0,0,1,0,1,0,0,0,4.43223E+20,5.7908E+21,8.16803E+15,5.22647E+16
19598,3,4,57,13,2018,8,15,7,3,2,6,0,0,1,0,0,0,0,1,3.98896E+20,5.89962E+21,7.48514E+15,5.32362E+16
19599,3,4,59,2,2018,8,18,1,2,5,3,0,0,1,0,1,0,0,0,4.23077E+20,5.82222E+21,7.86566E+15,5.25446E+16
19600,3,3,61,9,2018,8,15,5,3,5,3,0,0,1,0,1,0,0,0,5.05705E+20,5.87929E+21,9.08514E+15,5.30631E+16
19601,3,3,61,10,2018,8,7,5,3,9,1,0,0,0,0,1,0,0,1,4.95848E+20,5.86959E+21,8.93817E+15,5.29759E+16
19602,3,2,52,6,2018,8,12,3,3,4,1,0,0,1,0,0,0,0,1,5.23927E+20,5.77275E+21,9.34935E+15,5.21048E+16
19603,3,4,3,0,2018,8,16,3,3,9,1,0,0,1,0,0,0,0,0,4.47253E+20,5.88675E+21,8.2117E+15,5.31275E+16
19604,3,2,41,19,2018,8,13,7,3,2,6,0,0,1,0,0,0,0,0,5.49081E+20,5.82817E+21,9.72469E+15,5.26013E+16
19605,3,3,51,10,2018,8,16,4,3,3,6,0,1,1,0,0,0,0,0,5.75087E+20,5.86032E+21,1.0116E+16,5.28874E+16
19606,3,2,56,20,2018,8,15,1,3,2,6,0,0,1,0,0,0,0,0,5.19423E+20,5.82588E+21,9.28667E+15,5.25826E+16
19607,3,1,53,9,2018,8,15,5,3,2,2,0,0,1,0,0,0,0,0,5.85366E+20,5.75845E+21,1.02427E+16,5.19702E+16
19608,3,4,59,3,2018,8,5,7,3,9,1,2,0,1,0,0,0,0,0,4.53731E+20,5.7973E+21,8.3211E+15,5.2324E+16
19609,3,1,59,29,2018,8,19,2,2,8,1,0,0,1,0,0,0,0,0,5.63086E+20,5.70299E+21,9.90835E+15,5.14745E+16
19610,3,1,1,0,2018,8,14,6,2,2,2,0,0,1,0,1,0,0,0,6.01437E+20,5.79233E+21,1.04866E+16,5.2272E+16
19611,3,4,54,48,2018,8,7,5,3,5,3,0,1,1,0,0,0,0,1,4.06733E+20,5.85902E+21,7.61427E+15,5.28728E+16
19612,3,1,2,0,2018,8,13,3,3,2,6,0,0,1,0,0,0,0,1,5.92364E+20,5.7811E+21,1.03507E+16,5.21726E+16
19613,3,4,54,41,2018,8,13,3,3,5,3,0,0,1,0,0,0,0,0,3.94294E+20,5.88246E+21,7.42187E+15,5.30811E+16
19614,3,3,55,1,2018,8,13,7,3,2,6,0,0,1,0,0,0,1,0,5.95195E+20,5.90683E+21,1.04285E+16,5.33021E+16
19615,3,3,59,10,2018,8,19,4,3,5,2,0,0,1,0,1,0,0,0,5.43842E+20,5.92828E+21,9.66097E+15,5.35017E+16
19616,3,2,41,1,2018,8,10,1,2,5,3,0,0,1,0,1,0,0,0,5.51056E+20,5.80238E+21,9.7499E+15,5.23693E+16
19617,3,2,41,1,2018,8,15,5,3,0,7,0,0,1,0,1,0,0,1,5.4817E+20,5.80683E+21,9.70816E+15,5.24096E+16
19618,3,1,51,30,2018,8,13,3,3,5,3,0,0,1,0,0,0,0,0,6.1836E+20,5.81575E+21,1.07428E+16,5.24791E+16
19619,3,1,57,6,2018,8,18,7,3,5,3,0,1,1,0,0,0,0,0,5.8543E+20,5.79849E+21,1.02537E+16,5.23301E+16
19620,3,4,54,11,2018,8,14,2,3,2,2,0,0,1,0,0,0,0,0,4.09293E+20,5.87505E+21,7.64781E+15,5.30173E+16
19621,3,4,52,7,2018,8,0,5,2,8,1,2,0,1,0,0,0,0,0,3.88893E+20,5.93785E+21,7.32186E+15,5.35777E+16
19622,3,2,41,15,2018,8,21,3,2,8,1,2,0,0,0,1,0,0,0,5.40661E+20,5.80443E+21,9.59747E+15,5.23886E+16
19623,3,4,57,13,2018,8,7,6,3,0,1,0,0,0,0,1,0,0,1,4.00522E+20,5.90257E+21,7.50857E+15,5.3263E+16
19624,3,1,53,17,2018,8,14,4,3,2,2,0,0,1,0,1,0,0,0,6.01906E+20,5.75129E+21,1.04813E+16,5.1903E+16
19625,3,3,59,13,2018,8,11,7,3,2,6,0,0,1,0,1,0,0,0,5.25511E+20,5.95119E+21,9.38649E+15,5.37087E+16
19626,3,4,59,8,2018,8,15,4,3,5,2,0,0,1,0,1,0,0,0,4.4141E+20,5.79677E+21,8.14043E+15,5.23182E+16
19627,3,4,4,0,2018,8,8,2,3,2,6,0,0,1,0,0,0,0,0,4.29588E+20,5.79139E+21,7.96815E+15,5.22683E+16
19628,3,3,59,10,2018,8,10,6,3,2,2,0,0,1,0,0,0,0,0,5.48643E+20,5.92305E+21,9.73254E+15,5.34543E+16
19629,3,2,41,19,2018,8,11,2,2,9,1,0,0,1,0,0,0,0,1,5.5147E+20,5.8193E+21,9.75859E+15,5.25214E+16
19630,3,2,41,2,2018,8,9,5,2,0,7,0,1,0,0,0,0,0,0,5.31354E+20,5.79522E+21,9.45986E+15,5.23064E+16
19631,3,3,58,2,2018,8,13,1,2,2,1,0,0,1,0,1,0,0,0,5.66499E+20,5.88232E+21,9.99288E+15,5.30862E+16
19632,3,3,53,17,2018,8,17,2,3,2,6,0,0,1,0,0,0,0,0,5.6568E+20,5.91117E+21,9.98659E+15,5.33456E+16
19633,3,3,55,4,2018,8,9,6,3,5,3,0,1,1,0,0,0,0,0,5.92376E+20,5.90624E+21,1.03861E+16,5.32973E+16
19634,3,4,59,22,2018,8,17,2,2,8,1,0,0,1,0,0,0,0,1,4.44092E+20,5.7827E+21,8.18211E+15,5.2192E+16
19635,3,2,41,1,2018,8,16,4,3,0,3,0,1,0,0,0,0,0,0,5.4986E+20,5.80238E+21,9.73234E+15,5.23694E+16
19636,3,4,62,6,2018,8,13,4,3,0,7,0,0,0,0,1,0,1,0,4.05438E+20,5.9435E+21,7.56994E+15,5.36318E+16
19637,3,4,60,8,2018,8,14,7,3,2,2,0,0,1,0,0,0,0,1,4.47004E+20,5.82763E+21,8.21759E+15,5.25961E+16
19638,3,4,56,15,2018,8,16,1,3,8,1,0,0,0,0,1,0,0,0,3.70976E+20,5.80972E+21,7.10257E+15,5.24225E+16
19639,3,4,51,4,2018,8,5,5,3,5,3,1,0,0,0,0,1,1,0,4.31151E+20,5.88599E+21,7.97125E+15,5.31189E+16
19640,3,3,52,62,2018,8,14,5,2,9,1,0,0,1,0,0,0,0,1,4.83356E+20,5.93821E+21,8.74854E+15,5.35925E+16
19641,3,4,59,4,2018,8,16,2,3,0,7,0,0,1,0,0,0,0,0,4.34769E+20,5.77912E+21,8.04642E+15,5.21588E+16
19642,3,3,58,7,2018,8,6,3,3,7,7,1,0,1,0,0,0,0,1,5.4726E+20,5.84496E+21,9.70022E+15,5.27525E+16
19643,3,2,56,22,2018,8,18,6,3,4,6,0,0,1,0,0,0,0,0,5.15983E+20,5.83447E+21,9.23631E+15,5.26599E+16
19644,3,4,52,14,2018,8,5,3,1,4,6,1,0,1,0,0,0,0,1,3.77441E+20,5.92394E+21,7.15442E+15,5.34502E+16
19645,3,3,51,6,2018,8,19,4,2,4,2,0,0,1,0,1,0,0,0,5.70802E+20,5.83053E+21,1.00459E+16,5.26202E+16
19646,3,2,41,19,2018,8,11,7,3,2,6,0,0,1,0,0,0,0,0,5.50924E+20,5.82743E+21,9.75179E+15,5.25945E+16
19647,3,4,55,25,2018,8,15,4,3,9,7,0,0,1,0,0,0,0,0,4.34277E+20,5.91572E+21,8.01181E+15,5.33865E+16
19648,3,2,41,14,2018,8,17,4,3,2,6,0,0,1,0,1,0,0,0,5.45462E+20,5.79668E+21,9.66696E+15,5.23186E+16
19649,3,2,52,4,2018,8,22,1,3,6,7,2,0,1,1,0,0,0,0,5.3294E+20,5.77301E+21,9.48097E+15,5.21067E+16
19650,3,2,54,8,2018,8,16,5,2,0,3,0,0,1,0,0,1,0,0,5.79254E+20,5.76164E+21,1.01545E+16,5.19998E+16
19651,3,4,4,0,2018,8,14,2,2,0,7,0,0,0,0,1,0,1,1,4.38315E+20,5.78975E+21,8.09632E+15,5.22547E+16
19652,3,4,52,12,2018,8,14,6,3,2,6,0,0,1,0,0,0,0,0,3.90045E+20,5.91432E+21,7.34748E+15,5.33666E+16
19653,3,3,56,9,2018,8,6,2,3,2,6,1,0,1,0,0,0,0,1,4.73622E+20,5.89781E+21,8.60485E+15,5.32289E+16
19654,3,4,61,5,2018,8,18,5,3,2,6,0,0,1,0,0,0,1,0,4.45988E+20,5.91019E+21,8.18882E+15,5.33381E+16
19655,3,1,51,25,2018,8,19,2,2,9,1,0,0,1,0,0,0,0,1,6.11951E+20,5.81561E+21,1.06485E+16,5.24791E+16
19656,3,1,59,16,2018,8,1,3,3,8,1,2,0,0,0,0,0,1,0,5.60944E+20,5.70545E+21,9.87794E+15,5.14969E+16
19657,3,3,56,7,2018,8,7,6,2,5,2,0,1,1,0,0,0,0,0,4.85638E+20,5.89801E+21,8.78484E+15,5.32312E+16
19658,3,4,4,0,2018,8,0,2,3,0,1,2,1,0,0,0,0,0,0,4.35249E+20,5.79217E+21,8.05094E+15,5.22761E+16
19659,3,4,60,8,2018,8,13,4,3,2,6,0,0,1,0,0,1,0,0,4.48247E+20,5.82682E+21,8.23606E+15,5.25889E+16
19660,3,4,57,24,2018,8,15,2,3,3,6,0,0,1,0,0,1,0,0,3.84072E+20,5.88791E+21,7.26738E+15,5.3128E+16
19661,3,2,41,1,2018,8,13,6,3,0,1,0,0,0,0,1,0,0,1,5.50277E+20,5.80226E+21,9.73844E+15,5.23683E+16
19662,3,2,57,6,2018,8,7,5,3,2,6,0,0,1,0,0,0,0,0,5.28353E+20,5.79886E+21,9.41616E+15,5.23393E+16
19663,3,2,41,11,2018,8,8,5,2,5,3,0,0,1,0,1,0,0,0,5.66097E+20,5.80297E+21,9.97091E+15,5.2373E+16
19664,3,4,54,8,2018,8,17,2,3,2,2,0,0,1,0,0,0,0,1,3.93171E+20,5.87186E+21,7.40864E+15,5.29856E+16
19665,3,4,4,0,2018,8,15,6,3,5,2,0,0,1,0,0,0,0,0,4.385E+20,5.79129E+21,8.09875E+15,5.22686E+16
19666,3,4,62,3,2018,8,15,2,3,2,6,0,0,1,0,0,0,0,0,4.08267E+20,5.94455E+21,7.61241E+15,5.36417E+16
19667,3,3,61,9,2018,8,18,5,3,2,2,0,0,1,0,0,0,0,0,5.05889E+20,5.87952E+21,9.08789E+15,5.30651E+16
19668,3,1,55,11,2018,8,13,3,3,8,1,0,0,0,0,1,0,0,0,5.69917E+20,5.72378E+21,1.00108E+16,5.16607E+16
19669,3,4,54,10,2018,8,17,6,3,9,1,0,0,1,0,0,0,0,0,3.80913E+20,5.80695E+21,7.2496E+15,5.23998E+16
19670,3,4,56,17,2018,8,9,2,3,3,2,0,0,1,0,0,1,0,0,3.67362E+20,5.82368E+21,7.0439E+15,5.25471E+16
19671,3,4,54,57,2018,8,23,4,3,8,1,2,0,1,0,0,0,0,1,4.04544E+20,5.85498E+21,7.58295E+15,5.28361E+16
19672,3,4,52,25,2018,8,13,2,3,6,2,0,0,1,1,0,0,0,0,4.15961E+20,5.91914E+21,7.73557E+15,5.34146E+16
19673,3,3,57,45,2018,8,23,6,3,3,6,2,0,1,0,0,1,0,0,5.12439E+20,5.88302E+21,9.18577E+15,5.30965E+16
19674,3,2,56,10,2018,8,16,2,3,2,6,0,0,1,0,0,0,0,1,5.13006E+20,5.85067E+21,9.19293E+15,5.28057E+16
19675,3,2,41,1,2018,8,15,5,3,0,5,0,1,0,0,0,0,1,0,5.48126E+20,5.80692E+21,9.70752E+15,5.24104E+16
19676,3,2,41,21,2018,8,11,1,3,0,3,0,1,1,0,0,0,0,0,5.31647E+20,5.80542E+21,9.46512E+15,5.23981E+16
19677,3,3,57,39,2018,8,10,2,3,0,1,0,0,0,0,1,0,0,1,5.26601E+20,5.88398E+21,9.39734E+15,5.31046E+16
19678,3,2,41,16,2018,8,21,6,3,6,6,2,1,0,1,0,0,0,0,5.65187E+20,5.79697E+21,9.95637E+15,5.23192E+16
19679,3,4,60,10,2018,8,13,2,3,5,3,0,1,1,0,0,0,0,0,4.53981E+20,5.85433E+21,8.31685E+15,5.28368E+16
19680,3,2,41,1,2018,8,9,4,3,5,2,0,1,1,0,0,0,0,0,5.47328E+20,5.80295E+21,9.69523E+15,5.23748E+16
19681,3,4,53,6,2018,8,16,4,3,2,2,0,0,1,0,0,0,0,0,4.34382E+20,5.84231E+21,8.02835E+15,5.27267E+16
19682,3,4,55,26,2018,8,22,7,3,8,1,2,0,1,0,0,0,0,1,4.41063E+20,5.91596E+21,8.11379E+15,5.33895E+16
19683,3,2,51,37,2018,8,18,1,3,4,6,0,1,0,0,1,0,0,0,4.82651E+20,5.87596E+21,8.74129E+15,5.30329E+16
19684,3,4,58,5,2018,8,17,5,3,5,3,0,1,1,0,0,0,0,0,4.69827E+20,5.87583E+21,8.55007E+15,5.30311E+16
19685,3,3,59,10,2018,8,7,5,3,0,1,0,0,0,0,1,0,0,1,5.45294E+20,5.92466E+21,9.68233E+15,5.3469E+16
19686,3,4,60,7,2018,8,7,2,3,2,2,0,0,1,0,0,0,0,0,4.39897E+20,5.81566E+21,8.11485E+15,5.24877E+16
19687,3,3,59,28,2018,8,7,7,3,8,1,0,0,1,0,0,0,0,0,5.50613E+20,5.93065E+21,9.76342E+15,5.35223E+16
19688,3,3,51,6,2018,8,7,3,3,2,6,0,0,1,0,0,0,0,0,5.7563E+20,5.82889E+21,1.01168E+16,5.26047E+16
19689,3,2,52,6,2018,8,15,6,3,3,6,0,0,1,0,0,1,0,0,5.24026E+20,5.77238E+21,9.35077E+15,5.21015E+16
19690,3,4,55,27,2018,8,14,3,3,5,2,0,0,1,0,0,0,0,0,4.33674E+20,5.92008E+21,8.00183E+15,5.34256E+16
19691,3,2,41,6,2018,8,12,4,3,9,1,0,0,0,0,1,0,0,0,5.41702E+20,5.79463E+21,9.61156E+15,5.23005E+16
19692,3,2,54,8,2018,8,17,7,2,8,1,0,0,0,1,1,0,0,0,5.74335E+20,5.76642E+21,1.00839E+16,5.20434E+16
19693,3,2,41,16,2018,8,17,4,3,2,2,0,0,1,0,1,0,0,0,5.65724E+20,5.79662E+21,9.96419E+15,5.2316E+16
19694,3,1,2,0,2018,8,16,1,3,3,2,0,0,1,0,1,0,0,0,5.91919E+20,5.77292E+21,1.03419E+16,5.20992E+16
19695,3,1,59,19,2018,8,11,5,3,2,6,0,0,1,0,0,1,0,1,5.92281E+20,5.72363E+21,1.0334E+16,5.16561E+16
19696,3,1,58,12,2018,8,14,5,3,9,1,0,0,0,0,1,0,0,0,6.20098E+20,5.78504E+21,1.07574E+16,5.22027E+16
19697,3,4,55,14,2018,8,15,2,2,8,7,0,1,1,0,0,0,0,0,4.34652E+20,5.92841E+21,8.01481E+15,5.35006E+16
19698,3,4,52,23,2018,8,10,6,2,5,2,0,0,1,0,1,0,0,0,3.92907E+20,5.92702E+21,7.38616E+15,5.34812E+16
19699,3,4,61,2,2018,8,7,2,3,5,2,0,1,1,0,0,0,0,0,4.65534E+20,5.90662E+21,8.48274E+15,5.33076E+16
19700,3,3,53,26,2018,8,22,5,3,4,2,2,0,1,0,0,0,0,0,5.53464E+20,5.92442E+21,9.80537E+15,5.3466E+16
19701,3,4,59,13,2018,8,15,1,3,3,6,0,1,1,0,0,0,0,0,4.49261E+20,5.79981E+21,8.25514E+15,5.23462E+16
19702,3,4,4,0,2018,8,20,2,2,9,7,1,0,0,0,1,0,0,0,4.38925E+20,5.79437E+21,8.10442E+15,5.22963E+16
19703,3,3,57,39,2018,8,16,4,3,5,3,0,0,1,0,0,0,1,0,5.26415E+20,5.88541E+21,9.39468E+15,5.31175E+16
19704,3,4,3,0,2018,8,16,6,3,5,3,0,0,1,0,1,0,0,0,4.45896E+20,5.88742E+21,8.1913E+15,5.31335E+16
19705,3,4,5,0,2018,8,16,2,3,8,1,0,0,1,0,0,0,0,0,4.3878E+20,5.93922E+21,8.07492E+15,5.35983E+16
19706,3,3,56,5,2018,8,14,4,3,0,3,0,1,0,0,0,0,0,0,4.93961E+20,5.88828E+21,8.90972E+15,5.31439E+16
19707,3,3,61,1,2018,8,16,2,3,9,1,0,0,1,0,0,0,0,0,5.08131E+20,5.87626E+21,9.12126E+15,5.30358E+16
19708,3,2,41,1,2018,8,16,6,2,9,1,0,0,0,0,1,0,0,0,5.53886E+20,5.8002E+21,9.79111E+15,5.23495E+16
19709,3,2,54,21,2018,8,12,5,3,3,2,0,0,1,0,1,0,0,0,5.6651E+20,5.77919E+21,9.97228E+15,5.21592E+16
19710,3,2,52,7,2018,8,13,1,2,9,1,0,0,0,0,1,0,0,0,5.19236E+20,5.78309E+21,9.28144E+15,5.21979E+16
19711,3,2,56,22,2018,8,16,2,3,5,2,0,0,1,0,0,0,0,0,5.15051E+20,5.83381E+21,9.22249E+15,5.2654E+16
19712,3,2,54,3,2018,8,18,6,2,0,6,0,1,1,0,0,0,0,0,5.64777E+20,5.78939E+21,9.94891E+15,5.22511E+16
19713,3,3,61,1,2018,8,14,2,3,2,6,0,0,1,0,0,0,0,0,4.99052E+20,5.87701E+21,8.98586E+15,5.30426E+16
19714,3,1,57,9,2018,8,8,4,2,5,2,0,1,0,0,0,0,1,0,5.83396E+20,5.7914E+21,1.02221E+16,5.22667E+16
19715,3,2,41,5,2018,8,7,4,3,5,3,0,1,1,0,0,0,0,0,5.35562E+20,5.81234E+21,9.5234E+15,5.24601E+16
19716,3,4,58,5,2018,8,21,4,3,5,3,2,0,1,0,0,0,0,0,4.67605E+20,5.87555E+21,8.51696E+15,5.30285E+16
19717,3,3,60,25,2018,8,10,1,3,5,3,0,0,1,0,0,0,0,0,6.1086E+20,5.8732E+21,1.06519E+16,5.29969E+16
19718,3,3,51,6,2018,8,6,5,3,2,6,0,0,1,0,0,0,0,0,5.72806E+20,5.83704E+21,1.00769E+16,5.26784E+16
19719,3,2,41,16,2018,8,16,5,3,2,2,0,0,1,0,0,0,1,1,5.64858E+20,5.79699E+21,9.95155E+15,5.23194E+16
19720,3,3,61,12,2018,8,11,2,3,5,3,0,1,1,0,0,0,0,0,5.17063E+20,5.86412E+21,9.25383E+15,5.29265E+16
19721,3,2,54,21,2018,8,12,7,3,0,1,0,0,0,0,1,0,0,1,5.66948E+20,5.77379E+21,9.97762E+15,5.21106E+16
19722,3,2,56,14,2018,8,17,1,3,2,6,0,0,1,0,0,0,0,0,5.08955E+20,5.85045E+21,9.13284E+15,5.28038E+16
19723,3,2,41,1,2018,8,12,2,3,5,3,0,0,1,0,0,0,0,0,5.49711E+20,5.80398E+21,9.73038E+15,5.23838E+16
19724,3,2,41,12,2018,8,11,6,2,3,6,0,1,0,0,0,1,0,0,5.30932E+20,5.81731E+21,9.45572E+15,5.2505E+16
19725,3,4,3,0,2018,8,11,2,3,3,6,0,0,1,0,0,1,0,0,4.46217E+20,5.88999E+21,8.19567E+15,5.31565E+16
19726,3,2,54,5,2018,8,18,4,3,2,2,0,0,1,0,0,0,0,0,5.69784E+20,5.77206E+21,1.00187E+16,5.20947E+16
19727,3,4,51,2,2018,8,7,4,3,2,6,0,0,1,0,0,0,0,0,4.43163E+20,5.89133E+21,8.14976E+15,5.31683E+16
19728,3,4,3,0,2018,8,15,7,3,5,2,0,0,1,0,0,0,0,1,4.51435E+20,5.88793E+21,8.27401E+15,5.31386E+16
19729,3,4,58,13,2018,8,14,1,3,2,6,0,0,1,0,0,0,0,0,4.47756E+20,5.87737E+21,8.22073E+15,5.30433E+16
19730,3,3,57,40,2018,8,13,5,3,8,1,0,0,1,0,0,0,0,0,5.10125E+20,5.91546E+21,9.15223E+15,5.33882E+16
19731,3,3,57,41,2018,8,13,5,3,5,2,0,1,1,0,0,0,0,0,5.32476E+20,5.89116E+21,9.48583E+15,5.31688E+16
19732,3,4,3,0,2018,8,15,2,3,5,2,0,1,1,0,0,0,0,0,4.45431E+20,5.88826E+21,8.18422E+15,5.31409E+16
19733,3,2,41,2,2018,8,9,7,3,8,1,0,0,1,0,0,0,0,1,5.32644E+20,5.80244E+21,9.47949E+15,5.23712E+16
19734,3,2,41,19,2018,8,21,3,3,0,4,2,0,0,1,0,0,1,0,5.51962E+20,5.82273E+21,9.76638E+15,5.25522E+16
19735,3,1,54,5,2018,8,16,6,3,2,6,0,0,1,0,0,0,0,0,6.31509E+20,5.78639E+21,1.09248E+16,5.22122E+16
19736,3,2,51,42,2018,8,18,3,1,8,1,0,0,0,0,1,0,0,0,4.79492E+20,5.84931E+21,8.69587E+15,5.27932E+16
19737,3,2,41,1,2018,8,21,4,2,6,4,2,0,0,1,0,0,1,0,5.50045E+20,5.80593E+21,9.73559E+15,5.24013E+16
19738,3,1,59,7,2018,8,23,7,3,0,1,2,0,1,0,0,0,0,0,5.63135E+20,5.71513E+21,9.91123E+15,5.15837E+16
19739,3,2,41,10,2018,8,15,4,3,2,6,0,0,1,0,1,0,0,0,5.48959E+20,5.81418E+21,9.72084E+15,5.24756E+16
19740,3,4,62,5,2018,8,23,7,3,8,1,2,1,0,0,0,0,0,0,4.228E+20,5.92382E+21,7.8373E+15,5.34577E+16
19741,3,2,52,6,2018,8,20,5,3,5,3,2,0,0,0,1,0,1,1,5.25763E+20,5.77273E+21,9.37616E+15,5.21045E+16
19742,3,1,51,27,2018,8,11,5,3,2,6,0,0,0,0,0,1,1,0,5.96937E+20,5.79924E+21,1.04227E+16,5.23349E+16
19743,3,2,51,7,2018,8,12,2,3,5,3,0,0,1,0,0,0,0,0,4.82152E+20,5.85396E+21,8.73505E+15,5.28351E+16
19744,3,3,61,13,2018,8,14,6,3,5,3,0,1,1,0,0,0,0,0,5.0095E+20,5.86737E+21,9.01414E+15,5.2956E+16
19745,3,3,58,22,2018,8,17,2,3,5,3,0,1,1,0,0,0,0,0,5.39788E+20,5.8571E+21,9.591E+15,5.28622E+16
19746,3,3,57,41,2018,8,16,5,3,5,2,0,0,1,0,0,0,0,0,5.30554E+20,5.88677E+21,9.45665E+15,5.31294E+16
19747,3,4,55,14,2018,8,11,1,3,2,6,0,0,1,0,0,0,0,0,4.33937E+20,5.93029E+21,8.00364E+15,5.35174E+16
19748,3,4,60,8,2018,8,12,2,3,5,2,0,1,0,0,0,1,0,0,4.46634E+20,5.82652E+21,8.21231E+15,5.25861E+16
19749,3,4,58,5,2018,8,0,6,2,0,1,2,1,0,0,0,0,0,0,4.68223E+20,5.88289E+21,8.52545E+15,5.30945E+16
19750,3,4,60,6,2018,8,10,2,3,9,7,0,0,1,0,0,1,0,0,4.42797E+20,5.83304E+21,8.15455E+15,5.26443E+16
19751,3,3,53,19,2018,8,12,4,2,4,2,0,0,1,0,0,0,0,0,5.47277E+20,5.9123E+21,9.71035E+15,5.33577E+16
19752,3,4,61,7,2018,8,13,2,3,5,2,0,1,1,0,0,0,0,0,4.68232E+20,5.93057E+21,8.52082E+15,5.35231E+16
19753,3,1,55,3,2018,8,13,6,3,9,1,0,0,0,0,1,0,0,0,5.48994E+20,5.74595E+21,9.71149E+15,5.18622E+16
19754,3,1,57,6,2018,8,14,5,3,2,6,0,0,1,0,0,0,0,0,5.81901E+20,5.79855E+21,1.02019E+16,5.23312E+16
19755,3,1,57,7,2018,8,1,1,3,2,6,2,0,1,0,1,0,0,0,5.89666E+20,5.78967E+21,1.03135E+16,5.22501E+16
19756,3,2,55,23,2018,8,7,2,3,4,2,0,0,1,0,0,0,0,0,5.32743E+20,5.74359E+21,9.47528E+15,5.18421E+16
19757,3,1,58,8,2018,8,16,6,3,2,6,0,0,1,0,1,0,0,0,6.09963E+20,5.77846E+21,1.06071E+16,5.21457E+16
19758,3,4,61,6,2018,8,19,2,3,9,1,0,0,1,0,0,0,0,1,4.76238E+20,5.88459E+21,8.64502E+15,5.31102E+16
19759,3,4,59,15,2018,8,21,3,3,2,6,1,0,1,0,0,0,0,0,4.43777E+20,5.77479E+21,8.1788E+15,5.21208E+16
19760,3,1,59,19,2018,8,10,4,3,5,3,0,0,1,0,0,0,0,0,5.92084E+20,5.72246E+21,1.03309E+16,5.16456E+16
19761,3,3,52,60,2018,8,12,4,3,3,6,0,0,1,0,0,0,0,0,4.74644E+20,5.90694E+21,8.61944E+15,5.33111E+16
19762,3,2,41,11,2018,8,19,1,3,5,3,0,0,1,0,0,0,0,0,5.66328E+20,5.80617E+21,9.97493E+15,5.24017E+16
19763,3,2,41,15,2018,8,11,5,3,4,2,0,0,1,0,0,0,0,0,5.43311E+20,5.80533E+21,9.63653E+15,5.23965E+16
19764,3,4,61,1,2018,8,17,2,3,2,6,0,0,1,0,0,0,0,1,4.6556E+20,5.89255E+21,8.48465E+15,5.31812E+16
19765,3,1,54,17,2018,8,14,7,3,0,1,0,0,0,0,1,0,0,1,6.28365E+20,5.78474E+21,1.08782E+16,5.21981E+16
19766,3,4,59,1,2018,8,13,2,3,4,6,0,0,1,0,0,0,0,0,4.29178E+20,5.8159E+21,7.95696E+15,5.24887E+16
19767,3,4,54,41,2018,8,18,5,3,2,2,0,0,1,0,0,0,1,0,3.88659E+20,5.87947E+21,7.33882E+15,5.30532E+16
19768,3,3,55,22,2018,8,8,3,3,2,6,0,0,1,0,0,0,0,0,5.97897E+20,5.89995E+21,1.04669E+16,5.32398E+16
19769,3,2,54,21,2018,8,7,4,3,2,6,0,0,1,0,0,0,1,0,5.65784E+20,5.77488E+21,9.96083E+15,5.21206E+16
19770,3,4,4,0,2018,8,9,6,3,5,2,0,0,1,0,1,0,0,1,4.34165E+20,5.79517E+21,8.03447E+15,5.2303E+16
19771,3,1,59,16,2018,8,12,4,3,5,3,0,1,1,0,0,0,0,0,5.63988E+20,5.70883E+21,9.92239E+15,5.15269E+16
19772,3,3,53,40,2018,8,17,7,3,2,6,0,0,1,0,0,0,0,0,5.82166E+20,5.91044E+21,1.0234E+16,5.33367E+16
19773,3,1,53,504,2018,8,13,5,3,8,1,0,0,0,0,1,0,0,1,6.09617E+20,5.73323E+21,1.05876E+16,5.17392E+16
19774,3,4,1,0,2018,8,16,2,3,2,6,0,0,1,0,1,0,0,1,4.78281E+20,5.87683E+21,8.67607E+15,5.30405E+16
19775,3,3,53,5,2018,8,16,6,2,2,7,0,0,1,0,0,1,0,0,5.54764E+20,5.91394E+21,9.82312E+15,5.33717E+16
19776,3,2,41,2,2018,8,9,2,3,0,1,0,0,0,0,1,0,0,1,5.27281E+20,5.79812E+21,9.40037E+15,5.23327E+16
19777,3,2,41,17,2018,8,16,5,3,5,3,0,1,1,0,0,0,0,0,5.37982E+20,5.7839E+21,9.55581E+15,5.22043E+16
19778,3,3,59,4,2018,8,7,1,3,9,1,0,0,1,0,0,0,0,1,5.07446E+20,5.96276E+21,9.11309E+15,5.38134E+16
19779,3,4,61,7,2018,8,15,2,3,5,3,0,0,1,0,0,0,0,0,4.68185E+20,5.93054E+21,8.52012E+15,5.35228E+16