OBJECTID_1,ULAND,UREGBEZ,UKREIS,UGEMEINDE,UJAHR,UMONAT,USTUNDE,UWOCHENTAG,UKATEGORIE,UART,UTYP1,ULICHTVERH,IstRad,IstPKW,IstFuss,IstKrad,IstGkfz,IstSonstig,STRZUSTAND,LINREFX,LINREFY,XGCSWGS84,YGCSWGS84
20348,3,3,55,11,2018,9,21,1,2,8,1,2,0,1,0,0,0,0,0,5.95109E+20,5.91145E+21,1.04286E+16,5.33436E+16
20349,3,3,54,19,2018,9,17,1,2,9,7,0,0,1,0,0,0,0,0,6.24799E+20,5.89894E+21,1.08694E+16,5.32251E+16
20350,3,3,57,28,2018,9,13,3,3,8,7,0,0,0,0,0,0,1,0,5.16538E+20,5.89089E+21,9.24739E+15,5.31671E+16
20351,3,4,1,0,2018,9,7,2,3,3,2,0,1,0,0,0,0,0,0,4.77379E+20,5.87822E+21,8.66251E+15,5.3053E+16
20352,3,3,55,38,2018,9,6,1,3,8,1,1,0,0,0,1,0,0,0,6.02292E+20,5.89644E+21,1.05316E+16,5.32074E+16
20353,3,4,60,6,2018,9,15,2,3,5,3,0,1,0,0,0,0,0,0,4.47771E+20,5.83623E+21,8.22755E+15,5.26735E+16
20354,3,3,55,22,2018,9,15,1,2,8,1,0,0,1,0,0,0,0,0,5.91139E+20,5.89618E+21,1.03646E+16,5.32071E+16
20355,3,2,41,1,2018,9,14,4,3,5,3,0,1,1,0,0,0,0,0,5.5131E+20,5.80246E+21,9.75364E+15,5.237E+16
20356,3,3,51,4,2018,9,9,1,3,5,3,0,0,1,0,1,0,0,0,5.69973E+20,5.84733E+21,1.00372E+16,5.27713E+16
20357,3,2,51,47,2018,9,9,2,3,2,2,0,0,1,0,0,0,0,0,4.8655E+20,5.87101E+21,8.79964E+15,5.29885E+16
20358,3,4,54,47,2018,9,16,3,3,2,2,0,0,1,0,0,0,0,0,4.00685E+20,5.85589E+21,7.5254E+15,5.28435E+16
20359,3,3,52,8,2018,9,7,2,3,2,6,0,0,1,0,0,0,0,0,4.97844E+20,5.95813E+21,8.96729E+15,5.37718E+16
20360,3,3,51,6,2018,9,13,1,3,2,6,0,0,1,0,0,0,0,0,5.73122E+20,5.83211E+21,1.00805E+16,5.2634E+16
20361,3,2,41,1,2018,9,13,1,3,5,3,0,1,1,0,0,0,0,0,5.57699E+20,5.80143E+21,9.8473E+15,5.23601E+16
20362,3,2,56,4,2018,9,16,3,3,1,1,0,0,1,0,1,0,1,0,4.82262E+20,5.80794E+21,8.73916E+15,5.24213E+16
20363,3,2,41,2,2018,9,19,1,3,2,6,0,0,1,0,0,0,0,0,5.27315E+20,5.79776E+21,9.40084E+15,5.23294E+16
20364,3,3,61,6,2018,9,7,2,3,1,6,0,0,1,0,0,0,0,0,5.07569E+20,5.87184E+21,9.11277E+15,5.29961E+16
20365,3,2,41,11,2018,9,16,1,3,2,6,0,0,1,0,0,0,0,0,5.67152E+20,5.80477E+21,9.98676E+15,5.2389E+16
20366,3,2,57,6,2018,9,20,3,3,2,6,2,0,1,0,0,1,0,0,5.28265E+20,5.79875E+21,9.41486E+15,5.23383E+16
20367,3,2,41,19,2018,9,11,1,3,2,6,0,0,1,0,0,0,0,0,5.51799E+20,5.82632E+21,9.76454E+15,5.25844E+16
20368,3,1,55,11,2018,9,17,1,3,0,2,0,0,1,0,0,0,0,1,5.70185E+20,5.73213E+21,1.00164E+16,5.17357E+16
20369,3,2,41,9,2018,9,18,4,3,5,3,0,0,1,0,0,0,0,0,5.59186E+20,5.79584E+21,9.86815E+15,5.23097E+16
20370,3,2,54,3,2018,9,1,1,3,9,1,2,0,1,0,0,0,0,0,5.69023E+20,5.79123E+21,1.00115E+16,5.22671E+16
20371,3,2,51,42,2018,9,11,2,2,5,3,0,1,1,0,0,0,0,0,4.72303E+20,5.84935E+21,8.58925E+15,5.27933E+16
20372,3,4,53,12,2018,9,17,3,3,5,3,0,0,1,0,1,0,0,0,4.24198E+20,5.85432E+21,7.8748E+15,5.28333E+16
20373,3,2,54,8,2018,9,17,1,2,8,1,0,0,0,0,1,0,0,0,5.7438E+20,5.7664E+21,1.00845E+16,5.20432E+16
20374,3,2,52,6,2018,9,17,3,3,2,6,0,0,1,0,0,0,0,0,5.26553E+20,5.77298E+21,9.38771E+15,5.21067E+16
20375,3,2,52,5,2018,9,14,1,3,0,1,0,0,0,0,1,0,0,0,5.34212E+20,5.76665E+21,9.4989E+15,5.20494E+16
20376,3,1,59,34,2018,9,13,1,3,8,1,0,0,0,0,1,0,0,0,5.52694E+20,5.68512E+21,9.75608E+15,5.13149E+16
20377,3,2,57,21,2018,9,15,4,3,4,2,0,0,1,0,0,0,1,0,5.16946E+20,5.79794E+21,9.24868E+15,5.23315E+16
20378,3,1,57,2,2018,9,3,1,3,8,1,2,0,1,0,0,0,0,0,5.76478E+20,5.79384E+21,1.01213E+16,5.22896E+16
20379,3,1,53,12,2018,9,13,1,3,4,2,0,0,1,0,0,0,0,0,5.7841E+20,5.75575E+21,1.01408E+16,5.19469E+16
20380,3,2,41,11,2018,9,11,4,2,1,5,0,0,1,0,0,1,0,0,5.7622E+20,5.80169E+21,1.01193E+16,5.23602E+16
20381,3,1,53,16,2018,9,15,1,3,1,5,0,0,1,0,0,0,0,1,6.15592E+20,5.72488E+21,1.06713E+16,5.1663E+16
20382,3,1,54,28,2018,9,9,1,3,2,6,0,0,1,0,0,0,0,0,6.36375E+20,5.79102E+21,1.09979E+16,5.22527E+16
20383,3,4,51,2,2018,9,18,3,3,5,3,0,1,1,0,0,0,0,0,4.42903E+20,5.89132E+21,8.14588E+15,5.31682E+16
20384,3,4,59,8,2018,9,13,7,3,2,6,0,0,1,0,0,0,0,0,4.41262E+20,5.79652E+21,8.13831E+15,5.23158E+16
20385,3,1,1,0,2018,9,15,3,3,5,3,0,1,1,0,0,0,0,0,6.0448E+20,5.79007E+21,1.05305E+16,5.22511E+16
20386,3,4,59,8,2018,9,9,7,3,5,3,0,1,1,0,0,0,0,0,4.42037E+20,5.79722E+21,8.14955E+15,5.23222E+16
20387,3,4,59,31,2018,9,6,7,2,9,1,0,0,1,0,0,0,0,0,4.34198E+20,5.81562E+21,8.03094E+15,5.24867E+16
20388,3,2,52,6,2018,9,7,4,3,5,2,0,1,1,0,0,0,0,0,5.2406E+20,5.77202E+21,9.35124E+15,5.20982E+16
20389,3,3,59,23,2018,9,2,2,2,8,1,1,0,1,0,0,0,0,0,5.32756E+20,5.92515E+21,9.49351E+15,5.34743E+16
20390,3,4,57,24,2018,9,17,7,3,2,6,0,0,1,0,1,0,0,0,3.83462E+20,5.88943E+21,7.25772E+15,5.31415E+16
20391,3,4,5,0,2018,9,17,2,3,5,2,0,1,1,0,0,0,0,0,4.39175E+20,5.93367E+21,8.08197E+15,5.35484E+16
20392,3,4,56,15,2018,9,20,7,3,5,3,1,0,1,0,0,0,0,0,3.69759E+20,5.81177E+21,7.08388E+15,5.24406E+16
20393,3,3,53,5,2018,9,16,3,3,2,6,0,0,1,0,0,0,1,0,5.53594E+20,5.90731E+21,9.80442E+15,5.33123E+16
20394,3,4,54,19,2018,9,18,7,3,0,3,0,0,0,0,1,0,1,0,3.98143E+20,5.83708E+21,7.49352E+15,5.2674E+16
20395,3,4,52,9,2018,9,16,7,2,9,1,0,0,1,0,0,0,0,0,3.88739E+20,5.94522E+21,7.31691E+15,5.36439E+16
20396,3,4,58,7,2018,9,18,3,3,5,7,0,0,1,0,0,0,1,0,4.4508E+20,5.86704E+21,8.18258E+15,5.29502E+16
20397,3,4,52,19,2018,9,10,7,3,2,6,0,0,1,0,0,0,0,0,3.83819E+20,5.93657E+21,7.24573E+15,5.35651E+16
20398,3,4,57,18,2018,9,19,2,3,2,6,0,0,1,0,0,0,0,0,4.01676E+20,5.891E+21,7.52942E+15,5.31593E+16
20399,3,4,53,5,2018,9,17,7,2,8,1,0,0,1,0,0,0,0,0,4.41514E+20,5.8537E+21,8.1319E+15,5.28299E+16
20400,3,3,59,20,2018,9,14,4,3,2,6,0,0,1,0,0,0,0,0,5.39922E+20,5.93686E+21,9.60298E+15,5.3579E+16
20401,3,4,53,4,2018,9,15,7,3,5,3,0,1,1,0,0,0,0,0,4.38108E+20,5.85466E+21,8.08118E+15,5.28381E+16
20402,3,1,51,9,2018,9,17,4,3,5,3,0,1,1,0,0,0,0,0,6.06973E+20,5.81614E+21,1.05754E+16,5.24849E+16
20403,3,3,59,36,2018,9,7,2,3,5,3,0,0,1,0,0,0,0,0,5.16573E+20,5.93798E+21,9.25037E+15,5.35904E+16
20404,3,4,53,9,2018,9,12,7,3,5,3,0,0,1,0,0,0,0,0,4.23187E+20,5.84719E+21,7.86146E+15,5.27691E+16
20405,3,4,53,4,2018,9,16,7,3,2,2,0,0,1,0,0,0,0,0,4.32212E+20,5.85614E+21,7.99335E+15,5.28507E+16
20406,3,2,41,6,2018,9,18,3,3,4,6,0,0,1,0,0,0,0,0,5.39602E+20,5.79848E+21,9.58121E+15,5.23352E+16
20407,3,3,52,61,2018,9,12,2,3,3,6,0,1,1,0,0,0,0,0,4.75062E+20,5.95891E+21,8.62157E+15,5.37782E+16
20408,3,4,55,7,2018,9,19,7,3,2,2,0,0,1,0,0,0,0,0,4.2639E+20,5.93606E+21,7.88848E+15,5.35683E+16
20409,3,4,53,12,2018,9,17,2,3,2,6,0,0,1,0,0,0,0,0,4.2752E+20,5.85707E+21,7.92349E+15,5.28584E+16
20410,3,4,53,3,2018,9,17,7,3,3,7,0,0,1,0,0,1,0,0,4.45832E+20,5.84803E+21,8.19694E+15,5.27793E+16
20411,3,2,41,12,2018,9,10,4,3,2,6,0,0,1,0,0,0,1,0,5.27119E+20,5.82077E+21,9.39983E+15,5.25364E+16
20412,3,3,58,4,2018,9,15,2,2,4,2,0,0,1,0,0,0,0,0,5.43111E+20,5.86227E+21,9.64103E+15,5.29083E+16
20413,3,4,58,14,2018,9,15,7,2,8,7,0,0,1,0,0,0,0,0,4.57072E+20,5.86222E+21,8.36169E+15,5.29079E+16
20414,3,4,54,35,2018,9,15,2,2,3,2,0,1,1,0,0,0,0,0,3.84515E+20,5.83855E+21,7.29153E+15,5.26845E+16
20415,3,4,58,5,2018,9,17,7,3,8,7,1,0,0,0,1,0,0,0,4.67584E+20,5.87866E+21,8.51634E+15,5.30565E+16
20416,3,3,55,19,2018,9,17,4,3,5,3,0,0,1,0,0,0,0,0,6.03744E+20,5.91361E+21,1.0559E+16,5.33614E+16
20417,3,4,58,14,2018,9,6,7,3,9,1,0,0,1,0,0,0,0,0,4.57649E+20,5.85788E+21,8.37083E+15,5.2869E+16
20418,3,4,59,2,2018,9,17,3,3,2,2,0,1,1,0,0,0,0,0,4.23512E+20,5.82151E+21,7.87223E+15,5.25383E+16
20419,3,3,58,22,2018,9,18,2,3,0,3,0,0,1,0,0,0,1,0,5.42248E+20,5.85433E+21,9.62718E+15,5.28371E+16
20420,3,3,59,38,2018,9,19,7,2,0,1,0,0,0,0,1,0,0,0,5.30338E+20,5.93761E+21,9.4583E+15,5.35864E+16
20421,3,3,57,51,2018,9,16,7,3,2,2,0,0,1,0,0,0,0,0,5.39381E+20,5.87119E+21,9.58666E+15,5.29889E+16
20422,3,2,41,21,2018,9,11,3,1,2,6,0,0,0,0,0,1,0,0,5.34584E+20,5.80661E+21,9.50841E+15,5.24087E+16
20423,3,3,60,12,2018,9,11,7,3,2,6,0,0,1,0,0,0,0,0,6.02E+20,5.88439E+21,1.05234E+16,5.30992E+16
20424,3,3,60,12,2018,9,11,7,3,2,6,0,0,1,0,0,0,0,0,6.02049E+20,5.88418E+21,1.05241E+16,5.30973E+16
20425,3,2,41,1,2018,9,19,4,3,9,6,0,0,1,0,0,0,0,0,5.56253E+20,5.80684E+21,9.82698E+15,5.24089E+16
20426,3,3,58,19,2018,9,18,2,2,1,5,0,0,0,1,1,0,0,0,5.49519E+20,5.89342E+21,9.7411E+15,5.31879E+16
20427,3,2,41,12,2018,9,16,7,3,0,1,0,0,0,0,1,0,0,0,5.326E+20,5.81714E+21,9.48028E+15,5.25034E+16
20428,3,4,5,0,2018,9,16,3,3,5,2,0,1,1,0,0,0,0,0,4.40638E+20,5.93505E+21,8.10379E+15,5.3561E+16
20429,3,3,58,19,2018,9,7,2,3,4,6,2,0,1,0,0,0,1,0,5.55581E+20,5.87785E+21,9.82912E+15,5.30473E+16
20430,3,2,41,5,2018,9,12,7,3,2,6,0,0,1,0,0,0,0,0,5.43529E+20,5.81061E+21,9.64043E+15,5.24439E+16
20431,3,1,54,28,2018,9,12,3,3,5,3,0,1,1,0,0,0,0,0,6.3541E+20,5.79243E+21,1.09843E+16,5.22656E+16
20432,3,4,62,15,2018,9,17,3,3,5,2,0,1,1,0,0,0,0,0,4.10139E+20,5.94277E+21,7.64123E+15,5.3626E+16
20433,3,2,41,19,2018,9,12,7,3,5,3,0,0,1,0,1,0,0,0,5.49243E+20,5.82201E+21,9.72617E+15,5.2546E+16
20434,3,2,41,16,2018,9,16,7,3,0,2,0,0,1,0,1,0,0,0,5.62053E+20,5.79402E+21,9.90986E+15,5.2293E+16
20435,3,2,54,29,2018,9,17,3,3,2,2,0,0,1,0,0,0,0,0,5.72503E+20,5.77631E+21,1.00593E+16,5.21325E+16
20436,3,2,41,1,2018,9,20,7,3,0,7,2,1,0,0,0,0,0,0,5.51974E+20,5.79964E+21,9.76296E+15,5.23446E+16
20437,3,2,57,3,2018,9,17,7,3,3,6,0,0,1,0,0,0,0,0,5.13636E+20,5.78548E+21,9.19961E+15,5.22196E+16
20438,3,1,55,12,2018,9,7,4,3,5,3,0,1,1,0,0,0,0,0,5.43558E+20,5.72339E+21,9.62972E+15,5.16598E+16
20439,3,3,57,12,2018,9,5,2,3,8,1,2,0,1,0,0,0,0,0,5.00511E+20,5.93234E+21,9.00772E+15,5.35399E+16
20440,3,2,41,1,2018,9,18,7,3,0,3,0,0,1,0,0,0,1,0,5.57488E+20,5.8047E+21,9.84476E+15,5.23896E+16
20441,3,2,41,4,2018,9,1,7,3,8,7,2,0,0,0,0,1,0,0,5.58213E+20,5.81361E+21,9.85697E+15,5.24696E+16
20442,3,2,51,44,2018,9,20,3,2,5,3,1,0,1,0,0,0,0,0,4.70772E+20,5.82563E+21,8.56865E+15,5.258E+16
20443,3,1,59,3,2018,9,15,7,3,0,3,0,1,1,0,0,0,0,0,6.01473E+20,5.72058E+21,1.0466E+16,5.16271E+16
20444,3,4,59,33,2018,9,18,2,3,6,4,0,0,1,1,0,0,0,0,4.31674E+20,5.80046E+21,7.99686E+15,5.23502E+16
20445,3,1,55,9,2018,9,21,7,2,8,7,2,0,1,0,0,0,0,0,5.53382E+20,5.73201E+21,9.77306E+15,5.17364E+16
20446,3,3,52,39,2018,9,13,4,2,0,1,0,0,0,0,1,0,0,0,5.01881E+20,5.96136E+21,9.02857E+15,5.38008E+16
20447,3,2,56,18,2018,9,11,7,3,2,6,0,0,1,0,0,0,0,0,5.07846E+20,5.81722E+21,9.1156E+15,5.2505E+16
20448,3,2,57,31,2018,9,5,7,3,4,2,2,1,1,0,0,0,0,0,5.06353E+20,5.78296E+21,9.09295E+15,5.2197E+16
20449,3,2,56,9,2018,9,14,7,3,7,7,0,0,0,0,1,0,0,0,5.17428E+20,5.84842E+21,9.25841E+15,5.27853E+16
20450,3,2,57,9,2018,9,5,4,3,1,5,1,0,1,0,0,0,0,0,4.99816E+20,5.79045E+21,8.9973E+15,5.22644E+16
20451,3,3,51,21,2018,9,15,2,2,5,2,0,0,1,0,1,0,0,0,5.78908E+20,5.82191E+21,1.01635E+16,5.25416E+16
20452,3,2,54,32,2018,9,15,7,2,8,1,0,0,1,0,1,0,0,0,5.78796E+20,5.77673E+21,1.01513E+16,5.21355E+16
20453,3,2,54,21,2018,9,11,7,2,2,6,0,0,1,0,0,0,0,0,5.68981E+20,5.77692E+21,1.00079E+16,5.21385E+16
20454,3,3,52,32,2018,9,10,3,3,8,1,0,0,1,0,0,0,0,0,4.67972E+20,5.92067E+21,8.5179E+15,5.34341E+16
20455,3,2,52,6,2018,9,7,7,3,0,6,0,1,0,0,0,0,0,0,5.22381E+20,5.77466E+21,9.3269E+15,5.2122E+16
20456,3,4,54,41,2018,9,10,2,3,5,3,0,0,1,0,0,1,0,0,3.93658E+20,5.88044E+21,7.41305E+15,5.30629E+16
20457,3,1,59,17,2018,9,14,7,2,8,1,0,0,1,0,0,0,0,0,5.44958E+20,5.69056E+21,9.64578E+15,5.13645E+16
20458,3,3,58,19,2018,9,15,4,3,2,6,0,0,1,0,1,0,0,0,5.5381E+20,5.88945E+21,9.80465E+15,5.31517E+16
20459,3,1,59,29,2018,9,18,7,3,2,2,0,0,1,0,0,0,0,0,5.62656E+20,5.70419E+21,9.90238E+15,5.14854E+16
20460,3,4,59,24,2018,9,17,3,3,3,6,0,0,1,0,1,0,0,0,4.48508E+20,5.77844E+21,8.24735E+15,5.21541E+16
20461,3,3,51,6,2018,9,15,2,3,2,6,0,0,1,0,0,0,0,0,5.6981E+20,5.82921E+21,1.00309E+16,5.26084E+16
20462,3,1,59,16,2018,9,13,7,3,3,6,0,1,0,0,0,0,0,0,5.61523E+20,5.70883E+21,9.88688E+15,5.15272E+16
20463,3,1,3,0,2018,9,9,7,3,6,6,0,0,1,1,0,0,0,0,6.26498E+20,5.80899E+21,1.086E+16,5.24165E+16
20464,3,2,41,3,2018,9,17,3,3,4,6,0,0,1,0,0,0,1,0,5.64022E+20,5.81143E+21,9.94205E+15,5.24493E+16
20465,3,1,58,37,2018,9,18,7,2,3,6,0,0,1,0,1,0,0,0,6.02676E+20,5.78215E+21,1.05017E+16,5.21803E+16
20466,3,1,2,0,2018,9,18,4,3,4,2,0,0,1,0,0,0,0,0,5.96987E+20,5.77028E+21,1.04152E+16,5.20746E+16
20467,3,3,51,6,2018,9,11,2,3,0,7,0,0,1,0,1,0,0,0,5.7408E+20,5.83025E+21,1.00942E+16,5.26172E+16
20468,3,1,57,5,2018,9,15,7,3,6,4,0,0,1,1,0,0,0,0,5.88582E+20,5.78657E+21,1.02968E+16,5.22224E+16
20469,3,1,58,37,2018,9,22,7,1,5,3,2,0,1,0,0,0,0,0,6.03175E+20,5.78211E+21,1.0509E+16,5.21798E+16
20470,3,3,57,24,2018,9,18,3,3,5,2,0,1,1,0,0,0,0,0,5.30347E+20,5.88104E+21,9.45302E+15,5.3078E+16
20471,3,4,59,15,2018,8,20,6,3,9,1,2,0,1,0,0,0,0,0,4.43019E+20,5.77644E+21,8.16747E+15,5.21355E+16
20472,3,4,52,16,2018,9,16,2,3,2,1,0,0,1,0,0,0,0,0,3.82958E+20,5.94083E+21,7.23115E+15,5.36032E+16
20473,3,4,59,24,2018,8,11,6,3,5,3,0,1,1,0,0,0,0,0,4.53519E+20,5.78404E+21,8.31982E+15,5.22048E+16
20474,3,3,51,24,2018,9,9,4,3,9,1,0,0,1,0,0,0,0,0,5.61725E+20,5.84498E+21,9.91451E+15,5.27511E+16
20475,3,2,41,1,2018,9,15,2,3,9,1,0,0,1,0,0,0,0,0,5.46128E+20,5.80236E+21,9.67752E+15,5.23695E+16
20476,3,4,59,5,2018,8,22,6,2,8,1,2,0,1,0,0,0,0,0,4.37337E+20,5.7733E+21,8.08503E+15,5.21067E+16
20477,3,4,4,0,2018,9,17,3,3,2,6,0,0,1,0,0,0,0,0,4.33616E+20,5.79201E+21,8.02705E+15,5.22745E+16
20478,3,2,41,1,2018,9,16,2,3,5,3,0,1,1,0,0,0,0,0,5.49392E+20,5.80189E+21,9.72538E+15,5.2365E+16
20479,3,4,59,3,2018,8,10,6,2,8,1,0,0,0,0,1,0,0,0,4.54375E+20,5.79567E+21,8.33078E+15,5.23095E+16
20480,3,4,51,2,2018,9,17,2,3,3,6,0,1,0,0,0,0,0,0,4.33084E+20,5.89325E+21,7.99862E+15,5.31844E+16
20481,3,4,4,0,2018,8,13,6,3,3,6,0,0,1,0,1,0,0,0,4.34768E+20,5.79278E+21,8.04378E+15,5.22816E+16
20482,3,1,55,7,2018,9,16,3,3,8,1,0,0,1,0,0,0,0,0,5.76892E+20,5.72479E+21,1.01119E+16,5.16688E+16
20483,3,4,4,0,2018,8,13,6,3,0,7,0,1,0,0,0,0,0,0,4.32452E+20,5.79205E+21,8.00998E+15,5.22747E+16
20484,3,4,4,0,2018,8,16,6,2,2,6,0,0,1,0,0,0,1,0,4.36424E+20,5.79072E+21,8.06844E+15,5.22632E+16
20485,3,2,41,10,2018,9,13,4,3,5,3,0,0,1,0,0,1,0,0,5.45976E+20,5.81E+21,9.67634E+15,5.24382E+16
20486,3,2,41,1,2018,9,6,2,3,8,1,0,0,1,0,0,0,0,0,5.58709E+20,5.8027E+21,9.86235E+15,5.23715E+16
20487,3,4,2,0,2018,8,18,6,2,5,3,0,1,1,0,0,0,0,0,3.73902E+20,5.91346E+21,7.10535E+15,5.33552E+16
20488,3,2,41,3,2018,9,21,4,2,8,1,2,0,0,0,1,0,0,0,5.6894E+20,5.8182E+21,1.00158E+16,5.25096E+16
20489,3,2,41,14,2018,9,17,2,3,2,6,0,0,1,0,0,0,0,0,5.47533E+20,5.79577E+21,9.69722E+15,5.23102E+16
20490,3,4,56,15,2018,8,17,6,3,5,3,0,1,0,0,0,0,1,0,3.69413E+20,5.80554E+21,7.08123E+15,5.23846E+16
20491,3,4,52,23,2018,9,7,3,3,0,3,0,1,1,0,0,0,0,0,3.92067E+20,5.9267E+21,7.37363E+15,5.34782E+16
20492,3,2,41,3,2018,9,14,2,3,8,7,0,0,1,0,0,0,0,0,5.64598E+20,5.81215E+21,9.95067E+15,5.24557E+16
20493,3,4,54,35,2018,8,7,6,3,2,1,0,0,1,0,0,0,0,0,3.8488E+20,5.84308E+21,7.29534E+15,5.27254E+16
20494,3,4,54,3,2018,8,11,6,3,2,6,0,0,1,0,0,0,1,0,3.98436E+20,5.80984E+21,7.50619E+15,5.24294E+16
20495,3,2,52,3,2018,9,20,3,3,0,2,1,0,1,0,0,0,0,0,5.15499E+20,5.75961E+21,9.22571E+15,5.19869E+16
20496,3,4,52,25,2018,8,19,6,3,0,1,0,0,1,0,0,0,0,0,4.15392E+20,5.92084E+21,7.72656E+15,5.34298E+16
20497,3,4,55,14,2018,9,18,2,2,8,1,0,0,1,0,0,0,0,0,4.31184E+20,5.92575E+21,7.96313E+15,5.34762E+16
20498,3,4,52,6,2018,8,16,6,2,5,2,0,1,1,0,0,0,0,0,4.02797E+20,5.92101E+21,7.537E+15,5.34291E+16
20499,3,1,55,11,2018,9,8,4,2,8,7,0,0,1,0,0,0,0,0,5.65666E+20,5.72831E+21,9.95024E+15,5.17019E+16
20500,3,2,41,11,2018,9,15,2,3,2,7,0,0,1,0,0,1,0,0,5.60893E+20,5.80269E+21,9.89442E+15,5.23711E+16
20501,3,4,53,7,2018,8,17,6,1,4,6,0,0,1,0,0,1,0,0,4.25248E+20,5.87175E+21,7.88637E+15,5.29901E+16
20502,3,4,60,1,2018,8,16,6,3,5,3,0,1,1,0,0,0,0,0,4.45676E+20,5.84369E+21,8.19533E+15,5.27404E+16
20503,3,4,61,1,2018,9,22,3,3,0,7,2,1,0,0,0,0,0,0,4.68168E+20,5.88994E+21,8.52393E+15,5.31578E+16
20504,3,2,57,9,2018,9,14,2,3,2,6,0,0,1,0,0,0,0,0,5.04217E+20,5.79406E+21,9.06183E+15,5.22969E+16
20505,3,4,55,26,2018,8,17,6,3,1,5,0,0,1,0,0,0,0,0,4.40197E+20,5.91409E+21,8.10112E+15,5.33726E+16
20506,3,4,55,14,2018,8,12,6,3,2,2,0,0,1,0,0,0,0,0,4.35227E+20,5.92792E+21,8.02358E+15,5.34962E+16
20507,3,3,56,9,2018,8,16,6,3,0,1,0,0,0,0,1,0,0,0,4.67565E+20,5.89843E+21,8.51406E+15,5.32342E+16
20508,3,4,51,5,2018,9,18,3,3,2,6,0,0,1,0,1,0,0,0,4.45358E+20,5.89973E+21,8.18116E+15,5.3244E+16
20509,3,2,54,13,2018,9,17,2,3,9,1,0,0,0,0,1,0,0,0,5.50352E+20,5.76897E+21,9.73459E+15,5.2069E+16
20510,3,3,61,6,2018,8,11,6,3,1,6,0,0,1,0,0,0,1,0,5.08644E+20,5.87154E+21,9.12878E+15,5.29933E+16
20511,3,1,53,9,2018,9,18,3,3,8,1,0,0,0,0,1,0,0,0,5.85748E+20,5.76153E+21,1.0249E+16,5.19978E+16
20512,3,4,3,0,2018,8,17,6,3,0,1,0,0,0,0,1,0,0,0,4.51416E+20,5.89085E+21,8.27328E+15,5.31648E+16
20513,3,4,51,4,2018,8,20,6,3,2,2,1,0,1,0,0,0,0,0,4.31246E+20,5.88606E+21,7.97265E+15,5.31195E+16
20514,3,2,54,2,2018,9,12,4,3,5,7,0,0,1,0,0,0,0,0,5.53634E+20,5.76205E+21,9.78138E+15,5.20065E+16
20515,3,2,54,8,2018,9,17,2,2,8,1,0,0,0,0,1,0,0,0,5.74474E+20,5.76637E+21,1.00859E+16,5.20429E+16
20516,3,2,51,37,2018,8,14,6,3,2,2,0,0,1,0,0,0,0,0,4.83419E+20,5.87074E+21,8.75301E+15,5.2986E+16
20517,3,4,58,9,2018,8,12,6,3,2,6,0,0,1,0,0,0,0,0,4.56575E+20,5.87949E+21,8.35198E+15,5.30631E+16
20518,3,3,53,31,2018,9,7,3,3,0,7,0,1,0,0,0,0,0,0,5.67488E+20,5.91811E+21,1.00152E+16,5.34077E+16
20519,3,4,61,3,2018,8,12,6,3,8,1,0,0,1,0,0,0,0,0,4.58611E+20,5.93579E+21,8.37502E+15,5.35694E+16
20520,3,4,54,19,2018,9,12,2,3,2,2,0,0,1,0,0,0,1,0,3.95437E+20,5.84215E+21,7.45191E+15,5.27191E+16
20521,3,4,61,4,2018,8,9,6,3,5,2,0,0,1,0,0,0,0,0,4.62878E+20,5.89504E+21,8.44424E+15,5.32034E+16
20522,3,3,60,2,2018,9,14,4,3,5,3,0,0,1,0,1,0,0,0,6.0573E+20,5.88222E+21,1.05784E+16,5.30789E+16
20523,3,4,4,0,2018,9,18,2,3,5,3,0,1,1,0,0,0,0,0,4.35723E+20,5.79213E+21,8.0579E+15,5.22758E+16
20524,3,3,52,50,2018,8,22,6,2,8,1,2,0,1,0,0,0,0,0,4.82864E+20,5.93003E+21,8.74155E+15,5.35189E+16
20525,3,3,59,3,2018,9,17,4,3,2,6,0,0,1,0,0,0,0,0,5.41324E+20,5.92112E+21,9.62208E+15,5.34375E+16
20526,3,3,52,50,2018,8,13,6,3,1,3,0,1,1,0,0,0,0,0,4.8686E+20,5.9288E+21,8.80186E+15,5.3508E+16
20527,3,1,53,504,2018,9,20,4,3,4,1,1,0,1,0,0,0,0,0,5.90878E+20,5.74634E+21,1.03197E+16,5.18605E+16
20528,3,2,54,21,2018,9,13,2,3,2,6,0,0,1,0,0,0,0,0,5.65948E+20,5.77987E+21,9.9642E+15,5.21654E+16
20529,3,3,56,9,2018,8,17,6,2,8,7,0,0,1,0,0,0,0,0,4.75692E+20,5.90118E+21,8.6356E+15,5.32593E+16
20530,3,3,59,38,2018,8,11,6,3,2,6,0,0,1,0,0,0,0,0,5.30344E+20,5.9376E+21,9.45839E+15,5.35864E+16
20531,3,3,51,3,2018,9,15,3,3,4,7,0,0,1,0,0,0,0,0,5.85196E+20,5.83348E+21,1.02592E+16,5.26446E+16
20532,3,3,53,31,2018,9,10,2,3,2,6,0,0,0,0,0,1,1,0,5.68709E+20,5.92068E+21,1.00342E+16,5.34307E+16
20533,3,3,58,21,2018,8,14,6,3,2,6,0,0,1,0,0,0,0,0,5.56413E+20,5.87112E+21,9.84035E+15,5.29867E+16
20534,3,4,53,8,2018,9,10,2,3,5,3,0,1,1,0,0,0,0,0,4.35709E+20,5.86712E+21,8.0431E+15,5.29499E+16
20535,3,3,60,14,2018,8,15,6,2,9,1,0,0,1,0,0,0,0,0,5.96699E+20,5.87882E+21,1.04426E+16,5.30502E+16
20536,3,2,41,21,2018,9,17,4,3,8,1,0,0,1,0,0,0,0,0,5.30794E+20,5.80706E+21,9.45274E+15,5.24129E+16
20537,3,2,54,21,2018,9,7,2,3,5,3,0,0,1,0,0,0,0,0,5.59259E+20,5.77917E+21,9.86629E+15,5.21598E+16