OBJECTID_1,ULAND,UREGBEZ,UKREIS,UGEMEINDE,UJAHR,UMONAT,USTUNDE,UWOCHENTAG,UKATEGORIE,UART,UTYP1,ULICHTVERH,IstRad,IstPKW,IstFuss,IstKrad,IstGkfz,IstSonstig,STRZUSTAND,LINREFX,LINREFY,XGCSWGS84,YGCSWGS84
20538,3,3,54,8,2018,8,19,6,3,8,1,0,0,1,0,0,0,0,0,6.4491E+20,5.88569E+21,1.11645E+16,5.31009E+16
20539,3,4,54,32,2018,9,13,3,3,2,6,0,0,1,0,0,0,0,0,3.89154E+20,5.82483E+21,7.36474E+15,5.25622E+16
20540,3,1,53,12,2018,9,0,2,3,8,7,2,0,1,0,0,0,0,0,5.78538E+20,5.75588E+21,1.01427E+16,5.19481E+16
20541,3,3,55,4,2018,8,16,6,3,2,6,0,0,1,0,0,0,0,0,5.92543E+20,5.90563E+21,1.03884E+16,5.32918E+16
20542,3,3,51,4,2018,8,13,6,3,5,3,0,1,1,0,0,0,0,0,5.65497E+20,5.84974E+21,9.97134E+15,5.27935E+16
20543,3,2,41,20,2018,8,17,6,3,4,6,0,1,0,0,0,0,0,0,5.43472E+20,5.78813E+21,9.63667E+15,5.22418E+16
20544,3,4,59,13,2018,9,7,3,3,5,3,0,0,1,0,1,0,0,0,4.49227E+20,5.79985E+21,8.25463E+15,5.23466E+16
20545,3,2,41,12,2018,8,16,6,3,5,3,0,1,1,0,0,0,0,0,5.31802E+20,5.81725E+21,9.46854E+15,5.25045E+16
20546,3,2,41,11,2018,8,10,6,3,5,3,0,0,1,0,1,0,0,0,5.76061E+20,5.8014E+21,1.01169E+16,5.23576E+16
20547,3,2,41,9,2018,9,19,3,3,3,6,0,0,1,0,0,0,0,0,5.5522E+20,5.79675E+21,9.81012E+15,5.23183E+16
20548,3,2,41,3,2018,8,7,6,3,0,1,0,0,0,0,1,0,0,0,5.67881E+20,5.81653E+21,9.99986E+15,5.24947E+16
20549,3,2,41,1,2018,8,14,6,3,2,6,0,0,1,0,0,1,0,0,5.49872E+20,5.80808E+21,9.73336E+15,5.24207E+16
20550,3,2,41,1,2018,9,17,4,3,5,3,0,1,1,0,0,0,0,0,5.50708E+20,5.80217E+21,9.74476E+15,5.23675E+16
20551,3,1,55,3,2018,8,14,6,3,8,1,0,0,1,0,0,0,0,0,5.44267E+20,5.7323E+21,9.64111E+15,5.17398E+16
20552,3,4,5,0,2018,9,20,3,3,5,3,2,0,1,0,0,0,0,0,4.39571E+20,5.9365E+21,8.08741E+15,5.35739E+16
20553,3,2,56,4,2018,8,12,6,2,8,7,0,0,0,0,1,0,0,0,4.84903E+20,5.80885E+21,8.77796E+15,5.24297E+16
20554,3,1,59,10,2018,9,17,3,3,9,1,0,0,1,0,0,0,0,1,5.90095E+20,5.71115E+21,1.02992E+16,5.15442E+16
20555,3,2,57,31,2018,8,12,6,3,5,3,0,1,1,0,0,0,0,0,5.04324E+20,5.78091E+21,9.06324E+15,5.21787E+16
20556,3,2,54,29,2018,9,17,3,3,2,2,0,0,1,0,0,0,0,0,5.72754E+20,5.7763E+21,1.00629E+16,5.21324E+16
20557,3,2,57,26,2018,8,8,6,3,8,7,0,0,1,0,0,0,0,0,5.10741E+20,5.79332E+21,9.15747E+15,5.22901E+16
20558,3,2,54,43,2018,8,13,6,3,2,6,0,0,1,0,1,0,0,0,5.53981E+20,5.77256E+21,9.7881E+15,5.21009E+16
20559,3,2,41,1,2018,9,7,4,3,3,6,1,0,1,0,0,1,0,0,5.45647E+20,5.80889E+21,9.67135E+15,5.24284E+16
20560,3,2,52,6,2018,8,14,6,2,5,3,0,1,1,0,0,0,0,0,5.26939E+20,5.77202E+21,9.39327E+15,5.20981E+16
20561,3,1,58,37,2018,8,16,6,3,4,2,0,0,1,0,0,0,0,0,6.01958E+20,5.77896E+21,1.04903E+16,5.21517E+16
20562,3,2,51,47,2018,9,17,3,3,2,2,0,0,1,0,0,0,0,0,4.85629E+20,5.87083E+21,8.78592E+15,5.29869E+16
20563,3,1,58,37,2018,8,14,6,3,5,7,0,0,1,0,0,0,1,0,6.04689E+20,5.77976E+21,1.05304E+16,5.21584E+16
20564,3,4,59,15,2018,9,17,2,2,5,3,0,1,1,0,0,0,0,0,4.45215E+20,5.77408E+21,8.19992E+15,5.21145E+16
20565,3,1,57,6,2018,8,10,6,3,2,6,0,0,1,0,0,0,1,0,5.84353E+20,5.79933E+21,1.02381E+16,5.23378E+16
20566,3,1,53,12,2018,8,23,6,3,2,6,2,0,1,0,0,0,0,0,5.77762E+20,5.74791E+21,1.01296E+16,5.18765E+16
20567,3,1,2,0,2018,9,15,4,3,0,6,0,0,1,0,0,0,0,0,5.92877E+20,5.76473E+21,1.03537E+16,5.20254E+16
20568,3,1,53,17,2018,8,13,6,3,4,2,0,0,1,0,0,0,0,0,6.02482E+20,5.7595E+21,1.04921E+16,5.19767E+16
20569,3,3,61,1,2018,9,13,2,3,5,3,0,1,1,0,0,0,0,0,5.02282E+20,5.87358E+21,9.03401E+15,5.30118E+16
20570,3,1,53,7,2018,8,12,6,2,2,6,0,0,1,0,0,0,0,0,5.9025E+20,5.75532E+21,1.03129E+16,5.19413E+16
20571,3,1,53,17,2018,8,19,6,2,8,1,0,0,0,0,1,0,0,0,5.94393E+20,5.74622E+21,1.03707E+16,5.18588E+16
20572,3,2,57,21,2018,9,17,4,3,0,6,0,0,0,0,1,0,0,0,5.16593E+20,5.79788E+21,9.24351E+15,5.23309E+16
20573,3,1,51,22,2018,8,13,6,3,5,3,0,1,1,0,0,0,0,0,6.04298E+20,5.81002E+21,1.05341E+16,5.24305E+16
20574,3,1,2,0,2018,8,23,6,2,7,7,2,0,1,0,0,0,0,0,5.93342E+20,5.78001E+21,1.03646E+16,5.21626E+16
20575,3,4,58,9,2018,9,17,3,3,3,5,0,0,1,0,0,0,0,0,4.5666E+20,5.87442E+21,8.35393E+15,5.30176E+16
20576,3,1,54,13,2018,8,7,6,3,2,6,0,0,1,0,0,1,0,0,6.25278E+20,5.79683E+21,1.08376E+16,5.23075E+16
20577,3,4,57,17,2018,9,5,2,3,0,7,2,0,1,0,0,0,0,0,4.07557E+20,5.89308E+21,7.61676E+15,5.31791E+16
20578,3,1,1,0,2018,8,12,6,3,5,2,0,1,1,0,0,0,0,0,6.0009E+20,5.79596E+21,1.0468E+16,5.23048E+16
20579,3,3,58,23,2018,9,7,4,3,2,6,0,0,1,0,0,0,1,0,5.59485E+20,5.86611E+21,9.88519E+15,5.29413E+16
20580,3,4,59,8,2018,8,6,5,3,5,2,1,0,1,0,0,0,0,1,4.40859E+20,5.79565E+21,8.13255E+15,5.2308E+16
20581,3,1,54,13,2018,9,22,4,3,2,6,2,0,1,0,0,0,1,0,6.27101E+20,5.79595E+21,1.0864E+16,5.22992E+16
20582,3,4,59,4,2018,8,16,5,2,5,3,0,0,1,0,1,0,0,1,4.34915E+20,5.77929E+21,8.04852E+15,5.21603E+16
20583,3,4,4,0,2018,8,13,5,3,5,3,0,0,1,0,0,0,0,0,4.35923E+20,5.79102E+21,8.06104E+15,5.22658E+16
20584,3,2,41,5,2018,9,15,3,3,3,2,0,1,1,0,0,0,0,0,5.41581E+20,5.80976E+21,9.61166E+15,5.24364E+16
20585,3,3,53,5,2018,9,8,2,3,8,1,0,0,1,0,0,0,0,0,5.5878E+20,5.90912E+21,9.88258E+15,5.3328E+16
20586,3,4,2,0,2018,8,12,5,2,8,1,0,0,1,0,0,0,0,1,3.78185E+20,5.91436E+21,7.16931E+15,5.33643E+16
20587,3,4,52,6,2018,9,18,2,3,4,2,0,1,1,0,0,0,0,0,4.11353E+20,5.91837E+21,7.66649E+15,5.3407E+16
20588,3,4,60,9,2018,9,11,7,3,4,2,0,0,1,0,1,0,0,0,4.49809E+20,5.84854E+21,8.25581E+15,5.27844E+16
20589,3,4,59,24,2018,9,16,1,3,8,1,0,0,1,0,0,0,0,0,4.61499E+20,5.78233E+21,8.43679E+15,5.21901E+16
20590,3,4,53,4,2018,9,20,7,3,0,3,1,1,1,0,0,0,0,0,4.3577E+20,5.85423E+21,8.04656E+15,5.2834E+16
20591,3,2,57,18,2018,9,8,4,3,0,1,0,0,0,0,1,0,0,0,5.23761E+20,5.79251E+21,9.34832E+15,5.22824E+16
20592,3,4,53,8,2018,9,9,7,1,4,6,0,0,1,0,0,0,0,0,4.33653E+20,5.86771E+21,8.01238E+15,5.29549E+16
20593,3,2,41,1,2018,9,14,3,3,2,6,0,0,1,0,0,0,0,0,5.47586E+20,5.80759E+21,9.69967E+15,5.24165E+16
20594,3,4,58,12,2018,9,13,7,1,9,1,0,0,0,0,1,0,0,0,4.69732E+20,5.87061E+21,8.54915E+15,5.29843E+16
20595,3,3,52,42,2018,9,12,7,2,9,1,0,0,0,0,1,0,0,0,5.1229E+20,5.95786E+21,9.18646E+15,5.37692E+16
20596,3,3,52,62,2018,9,7,2,3,2,6,1,0,0,0,1,0,1,0,4.81925E+20,5.94105E+21,8.72675E+15,5.36179E+16
20597,3,3,52,11,2018,9,22,7,3,0,7,2,0,1,0,0,0,0,0,4.76915E+20,5.96097E+21,8.64952E+15,5.37968E+16
20598,3,2,51,47,2018,9,16,4,3,8,1,0,0,0,0,1,0,0,0,4.86852E+20,5.86767E+21,8.80428E+15,5.29584E+16
20599,3,4,55,26,2018,9,16,1,2,8,1,0,1,0,0,0,0,0,0,4.41933E+20,5.91688E+21,8.1267E+15,5.33978E+16
20600,3,3,53,29,2018,9,10,7,3,2,6,0,0,1,0,0,0,0,0,5.57276E+20,5.91449E+21,9.86098E+15,5.33764E+16
20601,3,4,54,21,2018,9,9,3,2,4,6,0,0,1,0,0,0,0,0,4.07199E+20,5.83985E+21,7.62664E+15,5.27006E+16
20602,3,3,58,2,2018,9,13,7,3,2,6,0,0,1,0,0,0,0,0,5.60694E+20,5.88947E+21,9.90757E+15,5.31512E+16
20603,3,2,55,8,2018,9,9,3,3,1,7,0,0,0,0,1,1,0,0,5.5105E+20,5.75626E+21,9.74287E+15,5.19547E+16
20604,3,1,59,16,2018,9,11,4,3,4,6,0,1,0,0,0,0,0,0,5.64748E+20,5.7102E+21,9.9336E+15,5.15392E+16
20605,3,3,57,45,2018,9,15,7,3,5,3,0,0,1,0,0,0,0,0,5.13449E+20,5.88445E+21,9.2009E+15,5.31093E+16
20606,3,2,57,31,2018,9,13,1,3,5,3,0,0,1,0,0,0,0,0,5.04767E+20,5.78013E+21,9.0697E+15,5.21716E+16
20607,3,2,57,3,2018,9,16,3,2,9,1,0,0,1,0,0,0,0,0,5.17146E+20,5.78858E+21,9.25115E+15,5.22474E+16
20608,3,4,51,1,2018,9,17,4,3,7,1,0,1,0,0,0,0,1,0,4.1659E+20,5.89804E+21,7.75059E+15,5.32251E+16
20609,3,3,55,2,2018,9,20,7,3,6,7,2,0,1,1,0,0,0,0,5.81383E+20,5.88745E+21,1.02164E+16,5.31302E+16
20610,3,3,55,22,2018,9,22,7,3,9,7,2,1,0,0,0,0,0,0,5.91863E+20,5.90071E+21,1.03768E+16,5.32477E+16
20611,3,3,60,25,2018,9,16,2,3,2,6,0,0,0,0,0,1,0,0,6.06356E+20,5.86759E+21,1.05829E+16,5.29473E+16
20612,3,3,51,6,2018,9,22,7,3,0,1,2,0,0,0,1,0,0,0,5.70006E+20,5.83071E+21,1.00341E+16,5.26218E+16
20613,3,4,61,3,2018,9,15,4,3,9,1,0,0,1,0,0,0,0,1,4.56042E+20,5.92825E+21,8.33728E+15,5.35014E+16
20614,3,2,51,43,2018,9,3,1,3,8,1,2,0,1,0,0,0,0,1,4.8349E+20,5.83114E+21,8.75606E+15,5.263E+16
20615,3,2,41,2,2018,9,14,7,3,2,6,0,0,1,0,0,0,1,0,5.31992E+20,5.7982E+21,9.46951E+15,5.23332E+16
20616,3,2,51,41,2018,9,12,3,3,5,3,0,0,1,0,0,0,0,0,4.88246E+20,5.86567E+21,8.82509E+15,5.29406E+16
20617,3,2,41,16,2018,9,10,7,3,5,2,0,0,1,0,1,0,0,0,5.65725E+20,5.796E+21,9.96408E+15,5.23104E+16
20618,3,2,54,8,2018,9,18,7,3,8,1,0,0,0,0,1,0,0,0,5.74335E+20,5.76643E+21,1.00839E+16,5.20435E+16
20619,3,1,57,8,2018,9,10,3,2,2,6,0,0,0,0,0,1,0,0,5.92726E+20,5.79969E+21,1.03611E+16,5.23397E+16
20620,3,2,55,12,2018,9,14,7,3,5,3,0,0,1,0,1,0,0,0,5.49764E+20,5.74891E+21,9.7231E+15,5.18887E+16
20621,3,2,57,31,2018,9,17,2,2,5,1,0,1,1,0,0,0,0,0,5.10511E+20,5.77246E+21,9.15346E+15,5.21026E+16
20622,3,1,59,16,2018,9,8,7,3,3,2,0,1,0,0,0,0,1,0,5.64764E+20,5.7101E+21,9.93382E+15,5.15383E+16
20623,3,1,58,39,2018,9,12,7,2,4,1,0,0,1,0,1,0,0,0,6.02923E+20,5.76547E+21,1.05003E+16,5.20303E+16
20624,3,2,41,19,2018,9,19,2,3,9,6,0,0,1,0,0,0,0,0,5.52938E+20,5.82298E+21,9.78082E+15,5.25543E+16
20625,3,1,53,504,2018,9,13,7,2,8,1,0,0,0,0,1,0,0,0,6.15033E+20,5.72719E+21,1.0664E+16,5.16839E+16
20626,3,3,53,35,2018,9,9,4,3,1,6,0,0,1,0,0,0,0,1,5.4772E+20,5.90398E+21,9.71577E+15,5.32829E+16
20627,3,3,58,2,2018,9,15,1,3,5,3,0,0,1,0,0,0,0,0,5.69983E+20,5.88284E+21,1.0045E+16,5.30904E+16
20628,3,1,53,17,2018,9,4,7,3,5,3,2,0,0,0,1,0,1,0,6.06319E+20,5.75701E+21,1.05471E+16,5.19536E+16
20629,3,3,58,19,2018,9,9,3,3,5,3,0,1,1,0,0,0,0,0,5.52778E+20,5.88535E+21,9.78855E+15,5.31149E+16
20630,3,1,51,36,2018,9,20,7,2,8,1,2,0,1,0,0,0,0,0,6.0876E+20,5.82593E+21,1.06049E+16,5.25726E+16
20631,3,1,51,27,2018,9,12,7,2,8,1,0,0,1,0,0,0,0,0,6.00725E+20,5.7981E+21,1.04779E+16,5.2324E+16
20632,3,4,54,18,2018,9,8,2,3,6,4,0,0,1,1,0,0,0,0,3.85606E+20,5.84946E+21,7.30386E+15,5.27828E+16
20633,3,4,60,7,2018,9,17,6,2,2,6,0,0,1,0,0,0,0,0,4.38083E+20,5.81765E+21,8.08777E+15,5.25055E+16
20634,3,1,58,5,2018,9,17,2,3,2,6,0,0,1,0,0,0,0,0,6.01833E+20,5.77486E+21,1.04872E+16,5.21149E+16
20635,3,4,59,3,2018,9,17,6,2,6,4,0,1,0,1,0,0,0,1,4.55664E+20,5.79662E+21,8.34955E+15,5.23182E+16
20636,3,2,41,11,2018,9,8,4,3,2,6,0,0,1,0,0,0,1,0,5.65107E+20,5.80493E+21,9.95674E+15,5.23907E+16
20637,3,4,59,14,2018,9,14,6,3,2,6,0,0,1,0,0,0,0,1,4.35856E+20,5.80535E+21,8.05732E+15,5.23946E+16
20638,3,2,41,1,2018,9,15,3,3,2,6,0,0,1,0,0,0,0,0,5.59163E+20,5.80614E+21,9.86962E+15,5.24023E+16
20639,3,4,4,0,2018,9,14,6,3,5,3,0,1,1,0,0,0,0,0,4.32734E+20,5.79437E+21,8.01365E+15,5.22956E+16
20640,3,2,41,13,2018,9,12,4,3,5,3,0,0,1,0,0,0,1,0,5.54146E+20,5.78567E+21,9.7926E+15,5.22188E+16
20641,3,4,4,0,2018,9,12,6,3,2,6,0,1,1,0,0,0,0,1,4.35173E+20,5.79117E+21,8.05002E+15,5.22671E+16
20642,3,3,51,6,2018,9,7,3,3,2,6,0,0,1,0,0,0,0,0,5.69012E+20,5.83101E+21,1.00195E+16,5.26247E+16
20643,3,4,4,0,2018,9,2,6,2,0,1,2,1,0,0,0,0,0,0,4.34292E+20,5.79384E+21,8.0366E+15,5.22909E+16
20644,3,4,54,41,2018,9,13,6,3,2,6,0,0,1,0,0,0,0,0,3.8902E+20,5.87903E+21,7.34435E+15,5.30493E+16
20645,3,4,60,10,2018,9,10,2,3,7,7,0,1,0,0,0,0,0,0,4.5408E+20,5.85431E+21,8.31833E+15,5.28366E+16
20646,3,4,51,7,2018,9,14,4,3,5,3,0,1,1,0,0,0,0,0,4.25202E+20,5.89483E+21,7.88032E+15,5.31975E+16
20647,3,4,56,2,2018,9,16,6,3,1,2,0,0,1,0,0,0,0,0,3.51129E+20,5.83063E+21,6.80156E+15,5.26052E+16
20648,3,3,61,6,2018,9,18,4,3,4,2,0,1,1,0,0,0,0,1,5.11811E+20,5.86971E+21,9.1759E+15,5.29769E+16
20649,3,4,57,11,2018,9,12,1,3,8,1,0,0,0,0,1,0,0,0,4.04292E+20,5.90396E+21,7.56465E+15,5.32762E+16
20650,3,4,54,10,2018,9,6,6,3,5,3,0,1,1,0,0,0,0,0,3.86456E+20,5.8073E+21,7.33092E+15,5.24042E+16
20651,3,2,52,6,2018,9,6,4,3,5,3,0,0,1,0,1,0,0,0,5.22903E+20,5.77271E+21,9.33439E+15,5.21045E+16
20652,3,4,62,18,2018,9,13,6,3,5,3,0,1,1,0,0,0,0,1,3.97685E+20,5.93899E+21,7.45422E+15,5.35897E+16
20653,3,2,56,20,2018,9,21,1,3,1,1,2,0,1,0,0,0,0,0,5.20667E+20,5.82716E+21,9.3051E+15,5.2594E+16
20654,3,2,41,1,2018,9,13,3,3,2,6,0,0,1,0,0,0,0,0,5.446E+20,5.80648E+21,9.65563E+15,5.24067E+16
20655,3,2,51,37,2018,9,9,4,3,2,6,0,0,1,0,0,0,0,0,4.83527E+20,5.87382E+21,8.75445E+15,5.30137E+16
20656,3,4,52,6,2018,9,14,6,3,2,6,0,0,1,0,0,0,0,1,4.04805E+20,5.91757E+21,7.56826E+15,5.33986E+16
20657,3,4,60,10,2018,9,17,6,3,2,6,0,0,1,0,0,0,0,0,4.51979E+20,5.85067E+21,8.28767E+15,5.28037E+16
20658,3,3,58,7,2018,9,16,2,2,2,6,0,0,0,0,0,1,0,0,5.461E+20,5.84081E+21,9.68244E+15,5.27152E+16
20659,3,4,53,8,2018,9,15,6,3,5,3,0,1,1,0,0,0,0,1,4.34548E+20,5.86679E+21,8.0259E+15,5.29467E+16
20660,3,2,51,41,2018,9,6,4,2,4,6,1,0,1,0,0,0,0,1,4.85907E+20,5.86059E+21,8.79051E+15,5.28948E+16
20661,3,2,41,15,2018,9,17,1,3,2,2,0,0,1,0,0,0,0,0,5.39835E+20,5.80477E+21,9.58539E+15,5.23917E+16
20662,3,4,53,6,2018,9,13,6,3,5,3,0,0,1,0,0,0,0,1,4.32939E+20,5.84204E+21,8.00705E+15,5.27241E+16
20663,3,4,58,14,2018,9,14,2,3,2,6,0,0,1,0,0,0,0,0,4.49115E+20,5.85795E+21,8.24405E+15,5.28688E+16
20664,3,3,61,9,2018,9,16,6,3,2,6,0,0,1,0,0,0,1,1,4.9781E+20,5.87871E+21,8.96733E+15,5.30579E+16
20665,3,4,51,7,2018,9,7,4,3,5,3,0,0,1,0,0,0,0,1,4.25124E+20,5.8949E+21,7.87913E+15,5.31982E+16
20666,3,4,52,10,2018,9,13,1,3,5,3,0,0,1,0,0,0,0,0,3.86883E+20,5.93767E+21,7.29158E+15,5.35757E+16
20667,3,3,61,1,2018,9,10,6,3,0,2,0,1,1,0,0,0,0,0,5.02282E+20,5.87358E+21,9.03401E+15,5.30118E+16
20668,3,4,59,2,2018,9,12,3,2,8,1,0,0,1,0,0,0,0,0,4.2531E+20,5.82258E+21,7.8985E+15,5.25481E+16
20669,3,3,61,1,2018,9,10,6,3,8,1,0,0,1,0,0,0,0,0,5.06647E+20,5.8722E+21,9.09904E+15,5.29993E+16
20670,3,2,56,22,2018,9,13,1,3,2,6,0,0,1,0,0,1,0,0,5.14324E+20,5.83416E+21,9.21177E+15,5.26572E+16
20671,3,2,54,11,2018,9,17,3,3,8,1,0,0,0,0,1,0,0,0,5.62014E+20,5.77055E+21,9.90499E+15,5.20821E+16
20672,3,3,61,6,2018,9,14,6,3,2,6,0,0,1,0,0,0,0,1,5.15368E+20,5.86925E+21,9.22884E+15,5.29726E+16
20673,3,2,41,15,2018,9,7,2,3,5,3,0,1,1,0,0,0,0,0,5.4396E+20,5.8061E+21,9.64618E+15,5.24034E+16
20674,3,3,61,12,2018,9,15,6,3,4,2,0,0,1,0,0,0,0,1,5.14764E+20,5.86319E+21,9.21958E+15,5.29182E+16
20675,3,4,1,0,2018,9,14,4,3,2,2,0,0,1,0,0,0,0,1,4.73804E+20,5.87782E+21,8.60921E+15,5.30492E+16
20676,3,4,60,6,2018,9,15,1,3,2,6,0,0,1,0,0,0,0,0,4.41571E+20,5.83082E+21,8.13683E+15,5.26242E+16
20677,3,4,51,2,2018,9,15,6,3,5,3,0,0,1,0,0,0,0,1,4.328E+20,5.89332E+21,7.99435E+15,5.3185E+16
20678,3,3,52,59,2018,9,9,3,2,5,3,0,0,1,1,0,0,0,0,4.849E+20,5.91673E+21,8.7729E+15,5.33994E+16
20679,3,4,3,0,2018,9,15,6,3,2,6,0,0,1,0,0,0,0,1,4.46694E+20,5.88831E+21,8.20307E+15,5.31415E+16
20680,3,4,51,8,2018,9,13,1,2,5,3,0,1,0,0,0,0,1,0,4.41521E+20,5.90194E+21,8.12326E+15,5.32635E+16
20681,3,4,58,13,2018,9,13,6,3,5,3,0,0,1,0,0,1,0,1,4.45544E+20,5.87999E+21,8.18731E+15,5.30666E+16
20682,3,4,53,7,2018,9,10,3,3,5,3,0,1,0,0,0,0,1,0,4.23033E+20,5.87473E+21,7.85267E+15,5.30166E+16
20683,3,4,58,14,2018,9,14,6,3,4,2,0,0,1,0,0,0,0,1,4.60813E+20,5.85983E+21,8.41759E+15,5.28868E+16
20684,3,4,1,0,2018,9,14,6,3,2,6,0,0,1,0,0,0,0,1,4.74782E+20,5.87842E+21,8.62376E+15,5.30547E+16
20685,3,1,54,28,2018,9,22,3,3,2,6,2,0,1,0,0,0,0,0,6.36664E+20,5.78692E+21,1.10005E+16,5.22157E+16
20686,3,4,1,0,2018,9,14,6,3,2,6,0,0,1,0,0,0,0,1,4.7478E+20,5.87845E+21,8.62373E+15,5.3055E+16
20687,3,2,41,1,2018,9,16,2,3,5,3,0,1,1,0,0,0,0,0,5.50021E+20,5.80634E+21,9.73529E+15,5.2405E+16
20688,3,3,52,32,2018,9,14,6,3,2,6,0,0,1,0,0,0,1,1,4.7328E+20,5.92459E+21,8.59747E+15,5.34696E+16
20689,3,3,58,19,2018,9,11,4,3,2,6,0,0,1,0,0,0,1,1,5.53141E+20,5.88591E+21,9.79405E+15,5.312E+16
20690,3,3,53,31,2018,9,16,6,3,3,6,0,1,1,0,0,0,0,1,5.69358E+20,5.9109E+21,1.00418E+16,5.33427E+16
20691,3,3,54,24,2018,9,5,3,3,9,7,1,0,1,0,0,0,0,0,6.33387E+20,5.87352E+21,1.09874E+16,5.29946E+16
20692,3,2,55,26,2018,9,20,1,3,8,1,2,0,0,0,1,0,0,0,5.2802E+20,5.72773E+21,9.40544E+15,5.16998E+16
20693,3,3,53,23,2018,9,12,6,2,4,6,0,0,1,0,0,0,1,0,5.88551E+20,5.91777E+21,1.03319E+16,5.34016E+16
20694,3,1,59,19,2018,9,20,1,3,8,7,2,0,0,0,0,0,1,0,5.86825E+20,5.71947E+21,1.02542E+16,5.16195E+16
20695,3,3,53,40,2018,9,7,6,3,0,1,0,1,0,0,0,0,0,1,5.80526E+20,5.91362E+21,1.02102E+16,5.33656E+16
20696,3,4,52,19,2018,9,7,2,3,5,3,0,0,1,0,0,0,0,0,3.83792E+20,5.93663E+21,7.24531E+15,5.35657E+16
20697,3,3,59,23,2018,9,12,6,3,5,2,0,0,1,0,1,0,0,0,5.32679E+20,5.9273E+21,9.49258E+15,5.34936E+16
20698,3,3,59,25,2018,9,17,6,3,5,2,0,0,1,0,0,0,0,0,5.20313E+20,5.94056E+21,9.30705E+15,5.36134E+16
20699,3,4,4,0,2018,9,17,2,2,5,2,0,0,1,0,1,0,0,0,4.36414E+20,5.79209E+21,8.06803E+15,5.22755E+16
20700,3,3,59,13,2018,9,0,6,3,9,1,2,0,1,0,0,0,0,1,5.31428E+20,5.94725E+21,9.47573E+15,5.36731E+16
20701,3,1,54,14,2018,9,19,2,3,8,1,2,0,0,0,1,0,0,0,6.11035E+20,5.79795E+21,1.06291E+16,5.23206E+16
20702,3,3,58,2,2018,9,19,6,3,9,1,1,0,1,0,0,0,0,0,5.68047E+20,5.88771E+21,1.00171E+16,5.31345E+16
20703,3,2,41,5,2018,9,17,4,3,0,1,0,0,0,0,1,0,0,0,5.40429E+20,5.80694E+21,9.59438E+15,5.24112E+16
20704,3,3,58,2,2018,9,14,6,2,5,3,0,0,1,0,0,0,0,0,5.69196E+20,5.88835E+21,1.00344E+16,5.31401E+16
20705,3,2,41,5,2018,9,8,3,3,1,7,0,0,1,0,0,0,0,0,5.39297E+20,5.81223E+21,9.57835E+15,5.24588E+16
20706,3,2,55,17,2018,9,12,1,3,2,6,0,0,1,0,1,0,0,0,5.31724E+20,5.76031E+21,9.46203E+15,5.19925E+16
20707,3,3,57,41,2018,9,7,6,3,9,1,0,0,0,0,1,0,0,1,5.30886E+20,5.88869E+21,9.46179E+15,5.31467E+16
20708,3,3,60,4,2018,9,15,6,3,5,3,0,1,1,0,0,0,0,1,5.96893E+20,5.89082E+21,1.04491E+16,5.31579E+16
20709,3,4,51,2,2018,9,9,2,3,2,6,0,0,1,0,0,0,1,0,4.3478E+20,5.89285E+21,8.02407E+15,5.3181E+16
20710,3,4,58,5,2018,9,18,4,3,1,5,0,0,1,0,0,0,0,0,4.73481E+20,5.88048E+21,8.60418E+15,5.30731E+16
20711,3,3,55,22,2018,9,7,6,3,0,7,0,1,0,0,0,0,0,1,5.93071E+20,5.90472E+21,1.0396E+16,5.32835E+16
20712,3,3,61,2,2018,9,7,4,3,0,1,0,0,0,0,1,0,1,1,5.08995E+20,5.86415E+21,9.13381E+15,5.29269E+16
20713,3,4,57,21,2018,9,20,1,3,2,6,2,0,1,0,0,0,0,0,3.93056E+20,5.8956E+21,7.39901E+15,5.31989E+16
20714,3,3,51,23,2018,9,15,6,3,4,6,0,0,1,0,0,0,0,0,5.52069E+20,5.83474E+21,9.76985E+15,5.26601E+16
20715,3,1,59,16,2018,9,8,4,3,4,6,0,1,0,0,0,0,0,0,5.64259E+20,5.70935E+21,9.9264E+15,5.15316E+16
20716,3,2,55,23,2018,9,17,1,2,8,1,0,0,0,0,1,0,0,0,5.35952E+20,5.73762E+21,9.52125E+15,5.17883E+16
20717,3,3,51,7,2018,9,13,6,2,5,3,0,1,1,0,0,0,0,0,5.80312E+20,5.82381E+21,1.01847E+16,5.25584E+16
20718,3,4,4,0,2018,9,12,1,2,2,6,0,0,1,0,0,0,0,0,4.34145E+20,5.78866E+21,8.03545E+15,5.22444E+16
20719,3,3,51,6,2018,9,20,6,3,5,3,2,1,1,0,0,0,0,0,5.75575E+20,5.8289E+21,1.0116E+16,5.26049E+16
20720,3,1,59,19,2018,9,19,4,3,5,3,0,0,1,0,0,0,0,0,5.92274E+20,5.7237E+21,1.0334E+16,5.16567E+16
20721,3,2,41,1,2018,9,11,6,3,2,6,0,0,1,0,0,0,0,0,5.50014E+20,5.80503E+21,9.73499E+15,5.23932E+16
20722,3,2,41,3,2018,9,17,3,3,2,6,0,0,1,0,0,0,0,0,5.63673E+20,5.81085E+21,9.9368E+15,5.24441E+16
20723,3,2,52,8,2018,9,18,1,2,9,1,0,0,0,0,1,0,0,0,5.46158E+20,5.77294E+21,9.67394E+15,5.2105E+16
20724,3,2,41,12,2018,9,13,6,3,8,1,0,0,1,0,0,0,0,0,5.29815E+20,5.82563E+21,9.44002E+15,5.25799E+16
20725,3,2,41,5,2018,9,21,6,3,5,3,2,0,1,0,0,0,0,0,5.41704E+20,5.80912E+21,9.61339E+15,5.24307E+16
20726,3,4,61,1,2018,9,15,2,3,5,3,0,1,1,0,0,0,0,0,4.68621E+20,5.89276E+21,8.53044E+15,5.31833E+16