OBJECTID_1,ULAND,UREGBEZ,UKREIS,UGEMEINDE,UJAHR,UMONAT,USTUNDE,UWOCHENTAG,UKATEGORIE,UART,UTYP1,ULICHTVERH,IstRad,IstPKW,IstFuss,IstKrad,IstGkfz,IstSonstig,STRZUSTAND,LINREFX,LINREFY,XGCSWGS84,YGCSWGS84
20916,3,2,41,5,2018,9,21,7,3,6,6,2,0,1,1,0,0,0,0,5.41726E+20,5.81134E+21,9.61399E+15,5.24506E+16
20917,3,4,5,0,2018,9,7,2,2,0,6,0,0,1,0,0,1,0,0,4.42354E+20,5.93341E+21,8.13E+15,5.35464E+16
20918,3,3,55,1,2018,9,18,4,3,2,6,0,0,1,0,0,0,1,0,5.95098E+20,5.90611E+21,1.04268E+16,5.32956E+16
20919,3,4,4,0,2018,9,18,3,3,5,2,0,0,1,0,1,0,0,0,4.34632E+20,5.79149E+21,8.04204E+15,5.22699E+16
20920,3,2,41,11,2018,9,16,7,3,3,2,0,0,1,0,0,0,0,0,5.66508E+20,5.80295E+21,9.97693E+15,5.23727E+16
20921,3,4,4,0,2018,9,20,1,3,3,6,2,1,1,0,0,0,0,0,4.33587E+20,5.79159E+21,8.0267E+15,5.22706E+16
20922,3,3,57,57,2018,9,17,3,3,5,3,0,0,1,0,1,0,0,0,5.18236E+20,5.9064E+21,9.27368E+15,5.33065E+16
20923,3,1,59,19,2018,9,18,7,2,4,6,0,0,1,0,0,0,0,0,5.91229E+20,5.72269E+21,1.03186E+16,5.16478E+16
20924,3,2,56,21,2018,9,19,7,3,2,6,0,0,1,0,0,0,0,0,5.07172E+20,5.8363E+21,9.10608E+15,5.26766E+16
20925,3,1,53,9,2018,9,20,3,2,2,6,2,0,0,0,1,0,0,0,5.86955E+20,5.75927E+21,1.0266E+16,5.19773E+16
20926,3,2,54,20,2018,9,12,7,3,4,2,0,0,1,0,0,0,1,0,5.70828E+20,5.78518E+21,1.00366E+16,5.22125E+16
20927,3,2,54,22,2018,9,11,7,2,5,3,0,0,1,0,0,0,0,0,5.76082E+20,5.77354E+21,1.01109E+16,5.21071E+16
20928,3,3,57,22,2018,9,9,2,3,5,3,0,1,1,0,0,0,0,0,5.15955E+20,5.88049E+21,9.23815E+15,5.30736E+16
20929,3,2,41,1,2018,9,18,4,2,5,7,0,0,1,0,1,0,0,0,5.49458E+20,5.80307E+21,9.72653E+15,5.23756E+16
20930,3,4,53,8,2018,9,4,3,3,5,2,2,1,0,0,0,1,0,0,4.3444E+20,5.8677E+21,8.0241E+15,5.29549E+16
20931,3,2,54,45,2018,9,12,7,1,4,1,0,0,1,0,0,0,1,0,5.61728E+20,5.76521E+21,9.89985E+15,5.20341E+16
20932,3,4,55,27,2018,9,13,1,3,1,5,0,0,1,0,0,0,0,0,4.31612E+20,5.91939E+21,7.97096E+15,5.34191E+16
20933,3,2,41,3,2018,9,9,3,3,0,1,0,0,0,0,1,0,0,0,5.67741E+20,5.81113E+21,9.99671E+15,5.24462E+16
20934,3,2,52,2,2018,9,20,7,2,0,7,2,0,0,0,1,0,0,0,5.29524E+20,5.785E+21,9.43213E+15,5.22146E+16
20935,3,4,56,25,2018,9,13,1,3,2,2,0,0,1,0,0,0,0,0,3.73897E+20,5.81971E+21,7.14172E+15,5.25129E+16
20936,3,3,60,25,2018,9,16,3,3,8,7,0,0,1,0,0,0,0,0,6.07279E+20,5.86644E+21,1.05963E+16,5.29369E+16
20937,3,2,52,6,2018,9,20,7,3,2,6,2,0,1,0,0,0,0,0,5.27886E+20,5.77228E+21,9.40711E+15,5.21004E+16
20938,3,1,58,5,2018,9,14,1,3,2,7,0,0,1,0,0,0,0,0,5.98553E+20,5.77564E+21,1.04395E+16,5.21225E+16
20939,3,1,1,0,2018,9,2,1,2,3,7,2,0,1,0,0,0,0,0,6.02672E+20,5.79736E+21,1.05063E+16,5.2317E+16
20940,3,1,59,16,2018,9,12,7,3,2,6,0,0,1,0,0,0,0,0,5.65321E+20,5.70904E+21,9.94165E+15,5.15287E+16
20941,3,4,4,0,2018,9,15,2,3,2,6,0,0,1,0,1,0,0,0,4.36761E+20,5.7929E+21,8.07296E+15,5.22828E+16
20942,3,1,58,37,2018,9,8,7,3,2,6,0,0,1,0,0,0,1,0,6.06297E+20,5.77677E+21,1.0553E+16,5.21312E+16
20943,3,1,2,0,2018,9,16,7,3,5,3,0,0,1,0,0,0,0,0,5.9898E+20,5.7689E+21,1.04438E+16,5.20618E+16
20944,3,2,41,19,2018,9,15,2,3,5,3,0,0,1,0,1,0,0,0,5.49323E+20,5.82674E+21,9.72805E+15,5.25884E+16
20945,3,2,57,19,2018,9,19,4,3,5,2,1,0,1,0,1,0,0,0,5.13906E+20,5.8007E+21,9.20418E+15,5.23564E+16
20946,3,4,51,8,2018,9,14,3,3,6,4,0,0,1,1,0,0,0,0,4.41324E+20,5.90051E+21,8.12056E+15,5.32506E+16
20947,3,1,2,0,2018,9,3,7,3,8,1,2,0,1,0,0,0,0,0,5.93786E+20,5.77148E+21,1.03688E+16,5.20859E+16
20948,3,2,51,42,2018,9,17,1,3,2,6,0,0,1,0,0,0,0,0,4.75677E+20,5.85015E+21,8.63923E+15,5.28006E+16
20949,3,1,53,12,2018,9,17,7,3,1,5,0,0,1,0,0,0,0,0,5.77445E+20,5.74984E+21,1.01255E+16,5.1894E+16
20950,3,2,41,11,2018,9,16,3,3,2,6,0,0,0,0,0,1,1,0,5.62678E+20,5.80535E+21,9.92114E+15,5.23948E+16
20951,3,4,60,7,2018,9,12,6,3,2,6,0,0,1,0,0,0,0,0,4.37519E+20,5.81686E+21,8.0796E+15,5.24983E+16
20952,3,4,59,12,2018,9,16,6,3,5,2,0,0,1,0,1,0,0,0,4.42037E+20,5.78799E+21,8.15115E+15,5.22392E+16
20953,3,4,54,20,2018,9,11,2,3,2,2,0,0,1,0,0,0,1,0,3.85548E+20,5.8735E+21,7.29455E+15,5.29988E+16
20954,3,3,58,21,2018,9,14,4,2,0,6,0,0,1,0,0,1,0,0,5.6402E+20,5.87991E+21,9.95539E+15,5.30648E+16
20955,3,4,59,15,2018,9,13,6,1,8,1,0,0,1,0,0,0,0,0,4.45506E+20,5.77655E+21,8.20378E+15,5.21367E+16
20956,3,1,59,7,2018,9,16,2,1,4,1,0,0,0,0,1,0,1,0,5.69331E+20,5.71735E+21,1.00011E+16,5.16029E+16
20957,3,4,59,29,2018,9,17,6,3,0,7,0,1,1,0,0,0,0,0,4.42382E+20,5.80549E+21,8.15319E+15,5.23966E+16
20958,3,4,57,6,2018,9,19,2,3,2,6,0,0,1,0,1,0,1,0,4.10951E+20,5.89649E+21,7.66658E+15,5.32103E+16
20959,3,3,52,56,2018,9,10,4,3,5,3,0,0,1,0,0,0,0,0,5.01929E+20,5.95477E+21,9.02925E+15,5.37416E+16
20960,3,4,59,32,2018,9,7,6,3,5,3,0,0,1,0,0,0,1,0,4.15078E+20,5.81009E+21,7.75083E+15,5.24344E+16
20961,3,2,41,19,2018,9,13,2,3,2,6,0,0,1,0,0,1,0,0,5.51307E+20,5.82686E+21,9.75736E+15,5.25894E+16
20962,3,1,59,16,2018,9,15,4,3,8,1,0,0,0,0,1,0,0,0,5.61192E+20,5.71341E+21,9.8829E+15,5.15685E+16
20963,3,4,1,0,2018,9,13,3,3,5,2,0,1,1,0,0,0,0,0,4.7795E+20,5.87728E+21,8.6711E+15,5.30446E+16
20964,3,4,4,0,2018,9,12,6,2,5,2,0,1,1,0,0,0,0,0,4.33853E+20,5.78819E+21,8.03126E+15,5.22401E+16
20965,3,3,58,22,2018,9,17,1,3,6,4,0,0,1,1,0,0,0,0,5.39795E+20,5.8571E+21,9.5911E+15,5.28621E+16
20966,3,4,57,24,2018,9,15,6,2,5,3,0,0,1,0,1,0,0,0,3.80198E+20,5.88874E+21,7.2092E+15,5.31346E+16
20967,3,2,57,6,2018,9,16,3,3,5,3,0,0,1,0,0,0,0,0,5.22609E+20,5.79832E+21,9.33181E+15,5.23348E+16
20968,3,4,57,17,2018,9,7,6,3,5,3,0,1,1,0,0,0,0,0,4.07389E+20,5.8887E+21,7.61551E+15,5.31396E+16
20969,3,4,57,6,2018,9,18,6,3,2,6,0,0,1,0,0,0,0,0,4.02716E+20,5.90258E+21,7.54144E+15,5.32635E+16
20970,3,4,53,7,2018,9,19,2,2,2,6,0,0,0,0,1,0,1,0,4.22962E+20,5.87502E+21,7.85154E+15,5.30191E+16
20971,3,3,54,27,2018,9,14,4,2,8,7,0,0,0,0,1,0,0,0,6.25374E+20,5.87821E+21,1.08699E+16,5.30387E+16
20972,3,4,54,21,2018,9,11,6,3,5,2,0,1,1,0,0,0,0,0,4.05026E+20,5.83614E+21,7.59556E+15,5.26669E+16
20973,3,1,57,6,2018,9,6,2,2,3,6,2,0,1,0,0,1,1,0,5.80645E+20,5.80141E+21,1.01842E+16,5.23571E+16
20974,3,3,58,2,2018,9,17,3,3,5,2,0,0,1,0,0,0,0,0,5.68959E+20,5.8837E+21,1.00299E+16,5.30983E+16
20975,3,4,54,32,2018,9,10,6,3,5,3,0,0,0,0,0,1,0,0,3.87865E+20,5.81985E+21,7.34741E+15,5.25172E+16
20976,3,4,54,32,2018,9,15,6,3,5,3,0,1,1,0,0,0,0,0,3.85336E+20,5.81948E+21,7.31029E+15,5.25134E+16
20977,3,1,51,9,2018,9,8,4,2,4,2,0,0,1,0,1,0,0,0,6.03806E+20,5.81714E+21,1.0529E+16,5.24945E+16
20978,3,3,52,32,2018,9,13,3,1,3,1,0,0,1,0,1,0,0,0,4.72341E+20,5.92162E+21,8.58358E+15,5.34429E+16
20979,3,4,54,32,2018,9,13,6,3,2,6,0,0,1,0,0,0,0,0,3.90093E+20,5.81188E+21,7.38287E+15,5.2446E+16
20980,3,3,55,21,2018,9,20,1,3,5,3,0,0,1,0,0,0,0,0,6.07548E+20,5.9088E+21,1.06145E+16,5.33174E+16
20981,3,4,60,8,2018,9,10,6,3,2,6,0,0,1,0,0,0,1,0,4.45573E+20,5.82725E+21,8.19653E+15,5.25926E+16
20982,3,2,52,6,2018,9,18,3,2,2,6,0,0,1,0,0,0,0,0,5.24081E+20,5.77117E+21,9.35149E+15,5.20905E+16
20983,3,4,53,8,2018,9,14,6,3,5,3,0,1,0,0,0,0,1,0,4.33887E+20,5.8678E+21,8.01586E+15,5.29558E+16
20984,3,4,59,24,2018,9,11,7,2,8,1,0,0,1,0,0,0,0,0,4.53098E+20,5.78982E+21,8.31286E+15,5.22567E+16
20985,3,4,53,8,2018,9,5,6,3,4,6,2,0,0,0,0,1,0,0,4.40628E+20,5.87251E+21,8.11532E+15,5.29989E+16
20986,3,2,51,37,2018,9,14,2,3,2,6,0,0,1,0,0,1,0,0,4.86594E+20,5.87489E+21,8.80013E+15,5.30234E+16
20987,3,2,41,1,2018,9,19,4,3,3,2,0,1,1,0,0,0,0,0,5.49987E+20,5.80234E+21,9.7342E+15,5.23691E+16
20988,3,4,4,0,2018,9,12,3,3,5,3,0,1,1,0,0,0,0,0,4.33579E+20,5.79374E+21,8.02617E+15,5.229E+16
20989,3,4,53,4,2018,9,9,6,3,6,6,0,1,0,1,0,0,0,0,4.35726E+20,5.85468E+21,8.04582E+15,5.28381E+16
20990,3,4,57,10,2018,9,13,1,2,2,1,0,0,1,0,1,0,0,0,4.06973E+20,5.90996E+21,7.60309E+15,5.33307E+16
20991,3,3,60,30,2018,9,20,3,3,5,3,2,0,1,0,0,0,1,0,6.09821E+20,5.86306E+21,1.06329E+16,5.29059E+16
20992,3,4,55,27,2018,9,7,6,3,5,3,0,1,1,0,0,0,0,0,4.31982E+20,5.91801E+21,7.97682E+15,5.34067E+16
20993,3,1,51,5,2018,9,14,1,2,5,2,0,0,0,0,1,0,1,0,6.26681E+20,5.83189E+21,1.08714E+16,5.26222E+16
20994,3,4,59,29,2018,9,13,7,3,3,6,0,0,1,0,0,0,0,0,4.4662E+20,5.79912E+21,8.21649E+15,5.23398E+16
20995,3,3,56,8,2018,9,6,6,3,1,5,2,1,1,0,0,0,0,0,4.83471E+20,5.89229E+21,8.75268E+15,5.31797E+16
20996,3,1,1,0,2018,9,16,3,3,2,6,0,0,1,0,0,0,0,0,6.04022E+20,5.78366E+21,1.05219E+16,5.21936E+16
20997,3,3,56,7,2018,9,14,6,3,2,6,0,0,1,0,0,0,0,0,4.86197E+20,5.89748E+21,8.79324E+15,5.32264E+16
20998,3,3,61,12,2018,9,8,6,3,2,6,0,0,1,0,0,0,0,0,5.18799E+20,5.86498E+21,9.27969E+15,5.29341E+16
20999,3,3,51,22,2018,9,18,2,2,4,6,0,0,1,0,0,1,0,0,5.76562E+20,5.82519E+21,1.01297E+16,5.25714E+16
21000,3,1,58,8,2018,9,18,3,2,6,4,0,0,1,1,0,0,0,0,6.07866E+20,5.7778E+21,1.05762E+16,5.21401E+16
21001,3,2,52,5,2018,9,15,1,3,7,7,0,0,0,0,1,0,1,0,5.30558E+20,5.76905E+21,9.44583E+15,5.20712E+16
21002,3,4,51,5,2018,9,16,6,2,3,6,0,0,1,0,0,0,0,0,4.42682E+20,5.90805E+21,8.13956E+15,5.33185E+16
21003,3,4,51,1,2018,9,16,6,3,2,6,0,0,1,0,0,0,0,0,4.17916E+20,5.89965E+21,7.77003E+15,5.32397E+16
21004,3,3,59,3,2018,9,16,2,2,2,6,0,0,1,0,1,0,0,0,5.42354E+20,5.92218E+21,9.63772E+15,5.34469E+16
21005,3,2,41,10,2018,9,20,4,3,5,2,2,0,1,0,0,0,0,0,5.49508E+20,5.81598E+21,9.72918E+15,5.24917E+16
21006,3,4,52,12,2018,9,16,3,3,8,1,0,0,0,0,1,0,0,0,3.95534E+20,5.92184E+21,7.42746E+15,5.34352E+16
21007,3,4,51,7,2018,9,10,6,3,5,3,0,0,1,0,0,0,0,0,4.29249E+20,5.90335E+21,7.93899E+15,5.32747E+16
21008,3,4,52,1,2018,9,9,1,3,5,3,0,1,1,0,0,0,0,0,4.03517E+20,5.92996E+21,7.54509E+15,5.35097E+16
21009,3,3,51,26,2018,9,13,3,2,2,6,0,0,1,0,1,0,0,0,5.73059E+20,5.85704E+21,1.00851E+16,5.28581E+16
21010,3,4,51,5,2018,9,5,6,2,5,3,2,0,1,0,1,0,0,0,4.4607E+20,5.90068E+21,8.19166E+15,5.32526E+16
21011,3,1,57,6,2018,9,17,1,3,3,6,0,0,1,0,0,0,0,0,5.79936E+20,5.80161E+21,1.01738E+16,5.2359E+16
21012,3,2,51,37,2018,9,18,6,3,2,6,0,0,1,0,0,0,0,0,4.84269E+20,5.87172E+21,8.76562E+15,5.29949E+16
21013,3,4,4,0,2018,9,6,2,3,2,6,0,0,1,0,0,1,0,0,4.34597E+20,5.79304E+21,8.04121E+15,5.22839E+16
21014,3,3,52,50,2018,9,15,4,3,2,6,0,0,1,0,0,0,0,0,4.77301E+20,5.93089E+21,8.65759E+15,5.35264E+16
21015,3,2,51,42,2018,9,12,6,2,8,1,0,0,0,0,1,0,0,0,4.72303E+20,5.84935E+21,8.58925E+15,5.27933E+16
21016,3,2,41,1,2018,9,20,2,2,5,3,2,1,1,0,0,0,0,0,5.48485E+20,5.806E+21,9.71266E+15,5.24021E+16
21017,3,2,55,30,2018,9,16,4,2,5,3,0,0,1,0,0,0,0,0,5.38849E+20,5.74817E+21,9.56443E+15,5.18829E+16
21018,3,2,51,37,2018,9,5,3,3,2,6,2,0,1,0,1,0,0,0,4.86583E+20,5.87449E+21,8.79998E+15,5.30198E+16
21019,3,2,51,41,2018,9,7,6,3,5,3,0,1,1,0,0,0,0,0,4.88226E+20,5.86225E+21,8.82492E+15,5.29098E+16
21020,3,3,52,11,2018,9,13,1,3,2,6,0,0,1,0,0,0,0,0,4.77214E+20,5.96947E+21,8.65344E+15,5.38732E+16
21021,3,2,51,5,2018,9,9,6,3,2,2,0,0,1,0,0,1,0,0,4.6634E+20,5.84011E+21,8.50177E+15,5.27098E+16
21022,3,2,41,17,2018,9,9,3,2,6,4,0,0,0,1,0,1,0,0,5.45386E+20,5.77849E+21,9.66341E+15,5.21551E+16
21023,3,2,41,1,2018,9,12,4,3,3,6,0,1,0,0,0,0,0,0,5.50987E+20,5.80237E+21,9.74889E+15,5.23692E+16
21024,3,3,61,13,2018,9,10,3,2,4,2,0,0,1,0,1,0,0,0,5.03284E+20,5.86854E+21,9.0489E+15,5.29665E+16
21025,3,4,60,6,2018,9,16,6,3,2,6,0,0,1,0,0,0,0,0,4.4307E+20,5.83368E+21,8.15847E+15,5.26501E+16
21026,3,3,61,13,2018,9,4,1,3,8,1,2,0,1,0,0,0,0,1,5.00946E+20,5.86991E+21,9.0141E+15,5.29788E+16
21027,3,4,58,14,2018,9,14,6,3,4,1,0,0,1,0,0,0,0,0,4.61551E+20,5.86037E+21,8.4285E+15,5.28917E+16
21028,3,2,41,19,2018,9,14,3,3,8,1,0,0,0,0,1,0,0,0,5.42853E+20,5.8175E+21,9.63137E+15,5.25059E+16
21029,3,3,52,32,2018,9,6,6,3,1,5,1,0,1,0,0,0,0,1,4.78972E+20,5.92609E+21,8.68311E+15,5.34834E+16
21030,3,3,52,11,2018,9,13,6,3,3,2,0,1,1,0,0,0,0,0,4.77882E+20,5.96341E+21,8.66404E+15,5.38188E+16
21031,3,4,57,21,2018,9,15,2,3,4,6,0,0,1,0,0,0,1,0,3.88323E+20,5.88922E+21,7.33042E+15,5.31406E+16
21032,3,3,59,10,2018,9,13,4,3,5,3,0,1,1,0,0,0,0,0,5.44993E+20,5.92386E+21,9.67769E+15,5.34619E+16
21033,3,3,53,5,2018,9,15,6,2,2,6,0,0,1,0,0,1,0,0,5.55434E+20,5.91398E+21,9.8332E+15,5.3372E+16
21034,3,2,57,28,2018,9,17,2,3,6,4,0,0,1,1,0,0,0,0,5.08876E+20,5.79121E+21,9.13007E+15,5.22712E+16
21035,3,1,58,37,2018,9,13,4,3,2,7,0,0,1,0,1,0,0,0,6.04728E+20,5.77975E+21,1.0531E+16,5.21583E+16
21036,3,3,52,59,2018,9,15,3,3,5,3,0,0,1,0,0,0,0,0,4.87053E+20,5.91998E+21,8.80514E+15,5.34287E+16
21037,3,3,53,35,2018,9,13,6,3,6,7,0,1,0,1,0,0,0,0,5.46895E+20,5.90374E+21,9.70335E+15,5.32808E+16
21038,3,3,60,30,2018,9,15,1,3,9,7,0,0,0,0,1,0,0,0,6.11963E+20,5.86028E+21,1.06638E+16,5.28806E+16
21039,3,4,54,20,2018,9,16,7,2,5,3,0,0,1,0,1,0,0,0,3.8589E+20,5.8715E+21,7.30035E+15,5.29809E+16
21040,3,3,58,22,2018,9,14,6,3,0,7,0,0,0,0,0,0,1,0,5.45188E+20,5.84803E+21,9.66994E+15,5.27802E+16
21041,3,2,41,19,2018,9,18,1,3,2,6,0,0,1,0,0,0,0,0,5.49765E+20,5.82642E+21,9.73452E+15,5.25855E+16
21042,3,2,54,5,2018,9,7,3,2,4,6,0,0,1,0,0,0,0,0,5.6894E+20,5.76602E+21,1.00051E+16,5.20405E+16
21043,3,3,58,2,2018,9,7,6,3,4,6,0,0,0,0,0,1,1,0,5.70875E+20,5.88454E+21,1.00587E+16,5.31056E+16
21044,3,3,58,17,2018,9,16,6,3,3,7,0,0,1,0,1,0,0,0,5.47138E+20,5.87619E+21,9.70293E+15,5.30332E+16
21045,3,4,53,3,2018,9,10,2,3,8,7,0,0,1,0,0,0,0,0,4.369E+20,5.85162E+21,8.06384E+15,5.28107E+16
21046,3,3,55,30,2018,9,15,4,3,2,2,0,0,1,0,0,0,0,0,6.00987E+20,5.90138E+21,1.05137E+16,5.32521E+16
21047,3,3,57,57,2018,9,7,6,3,2,2,0,0,1,0,0,0,0,0,5.18472E+20,5.90413E+21,9.27708E+15,5.32861E+16
21048,3,3,57,16,2018,9,12,6,3,0,1,0,1,0,0,0,0,0,0,5.00159E+20,5.91489E+21,9.00239E+15,5.33832E+16
21049,3,4,52,10,2018,9,7,2,3,0,3,1,1,1,0,0,0,0,0,3.87426E+20,5.93631E+21,7.30026E+15,5.35636E+16
21050,3,3,58,21,2018,9,12,4,3,5,3,0,1,1,0,0,0,0,0,5.54717E+20,5.87049E+21,9.81499E+15,5.29812E+16
21051,3,3,57,9,2018,9,14,6,2,5,3,0,0,1,0,0,0,0,0,5.36944E+20,5.88252E+21,9.55167E+15,5.30909E+16
21052,3,1,2,0,2018,9,13,2,3,5,3,0,0,1,0,0,0,0,0,5.9115E+20,5.77761E+21,1.0332E+16,5.21414E+16
21053,3,1,1,0,2018,9,5,4,3,5,3,2,0,1,0,1,0,0,0,5.98809E+20,5.79165E+21,1.04479E+16,5.22664E+16
21054,3,3,53,5,2018,9,15,3,3,5,3,0,0,1,0,0,0,0,0,5.56623E+20,5.91083E+21,9.8505E+15,5.33436E+16
21055,3,3,57,45,2018,9,12,6,3,5,3,0,0,1,0,0,0,0,0,5.15303E+20,5.88534E+21,9.22865E+15,5.31173E+16
21056,3,3,51,6,2018,9,14,1,3,5,3,0,1,1,0,0,0,0,0,5.75913E+20,5.8289E+21,1.0121E+16,5.26048E+16
21057,3,4,54,19,2018,9,15,7,3,5,3,0,0,1,0,0,0,0,0,3.92064E+20,5.83237E+21,7.40519E+15,5.26306E+16
21058,3,3,60,18,2018,9,7,6,3,8,6,0,0,1,0,0,0,1,0,6.24198E+20,5.87381E+21,1.08507E+16,5.29994E+16
21059,3,1,59,34,2018,9,17,3,2,4,1,0,0,1,0,1,0,0,0,5.44314E+20,5.68631E+21,9.636E+15,5.13264E+16
21060,3,3,60,25,2018,9,22,6,3,2,6,2,0,1,0,0,0,1,0,6.05352E+20,5.86666E+21,1.05677E+16,5.29392E+16
21061,3,4,59,13,2018,9,0,7,3,8,1,2,0,0,0,1,0,0,0,4.52878E+20,5.80137E+21,8.30802E+15,5.23605E+16
21062,3,3,55,4,2018,9,6,6,3,4,1,1,0,1,0,1,0,0,0,5.88614E+20,5.90673E+21,1.03298E+16,5.33023E+16
21063,3,3,52,22,2018,9,20,2,1,6,4,2,0,1,1,0,0,0,0,5.08201E+20,5.9471E+21,9.12415E+15,5.36726E+16
21064,3,2,41,12,2018,9,16,4,3,2,6,0,0,1,0,0,0,0,0,5.19984E+20,5.81569E+21,9.29432E+15,5.2491E+16
21065,3,4,54,25,2018,9,7,3,3,4,6,1,1,0,0,1,0,0,0,3.8905E+20,5.86465E+21,7.34974E+15,5.292E+16
21066,3,3,55,22,2018,9,12,6,3,0,2,0,1,1,0,0,0,0,0,5.95294E+20,5.90299E+21,1.04289E+16,5.32676E+16
21067,3,4,57,10,2018,9,15,1,3,2,6,0,0,1,0,1,0,0,0,4.07898E+20,5.90825E+21,7.61747E+15,5.33154E+16
21068,3,4,54,10,2018,9,15,7,2,8,1,0,0,1,0,0,0,0,0,3.81708E+20,5.80991E+21,7.26025E+15,5.24266E+16
21069,3,3,60,2,2018,9,9,3,3,5,3,0,0,1,0,0,0,0,0,6.06064E+20,5.88155E+21,1.05832E+16,5.30729E+16
21070,3,2,41,1,2018,9,14,6,3,5,2,0,1,1,0,0,0,0,0,5.54404E+20,5.80877E+21,9.80011E+15,5.24264E+16
21071,3,4,4,0,2018,9,19,3,3,2,6,2,0,1,0,0,0,0,0,4.344E+20,5.7922E+21,8.0385E+15,5.22762E+16
21072,3,2,41,7,2018,9,16,6,3,5,3,0,1,0,0,0,0,1,0,5.49783E+20,5.79675E+21,9.73037E+15,5.23188E+16
21073,3,4,59,16,2018,9,15,1,2,9,1,0,0,0,0,1,0,0,0,4.1774E+20,5.82514E+21,7.78625E+15,5.25701E+16
21074,3,3,58,21,2018,9,17,3,3,2,6,0,0,1,0,0,0,0,0,5.56063E+20,5.87069E+21,9.83506E+15,5.29828E+16
21075,3,2,41,2,2018,9,16,6,3,5,3,0,0,1,0,0,0,0,0,5.32694E+20,5.80311E+21,9.48029E+15,5.23773E+16
21076,3,4,54,10,2018,9,13,7,3,8,7,0,0,1,0,0,0,0,0,3.8117E+20,5.80308E+21,7.25476E+15,5.23651E+16
21077,3,2,41,10,2018,9,13,6,3,0,1,0,0,0,0,1,0,0,0,5.5237E+20,5.81184E+21,9.77068E+15,5.24542E+16
21078,3,1,58,37,2018,9,16,3,3,2,6,0,0,1,0,1,0,0,0,6.07409E+20,5.781E+21,1.05705E+16,5.2169E+16
21079,3,2,57,6,2018,9,16,6,3,2,6,0,0,1,0,0,0,0,0,5.26563E+20,5.79704E+21,9.38974E+15,5.2323E+16
21080,3,2,41,1,2018,9,15,6,3,5,2,0,1,1,0,0,0,0,0,5.49716E+20,5.80233E+21,9.73021E+15,5.2369E+16
21081,3,3,58,22,2018,9,16,2,3,2,6,0,0,1,0,0,0,1,0,5.4124E+20,5.85691E+21,9.61254E+15,5.28603E+16
21082,3,2,41,1,2018,9,20,4,3,6,4,2,0,0,1,0,0,1,0,5.52689E+20,5.80259E+21,9.77392E+15,5.2371E+16
21083,3,4,60,3,2018,9,18,3,3,5,2,0,0,1,0,0,0,0,0,4.40309E+20,5.83478E+21,8.11747E+15,5.26597E+16
21084,3,2,41,1,2018,9,15,6,3,2,6,0,0,1,0,0,0,0,0,5.53899E+20,5.80921E+21,9.79276E+15,5.24304E+16
21085,3,4,55,26,2018,9,11,1,3,2,6,0,0,1,0,0,0,0,0,4.42502E+20,5.91655E+21,8.13531E+15,5.33949E+16
21086,3,4,52,12,2018,9,13,7,3,2,6,0,0,1,0,1,0,0,0,3.93935E+20,5.92347E+21,7.40285E+15,5.34496E+16
21087,3,2,41,1,2018,9,6,3,3,0,7,2,1,0,0,0,0,1,0,5.49037E+20,5.80483E+21,9.72061E+15,5.23915E+16
21088,3,2,41,18,2018,9,8,6,1,4,6,0,0,1,0,0,0,0,0,5.77128E+20,5.81277E+21,1.01352E+16,5.24596E+16
21089,3,4,55,27,2018,9,8,7,3,5,3,0,0,1,0,1,0,0,0,4.31278E+20,5.91952E+21,7.9659E+15,5.34203E+16
21090,3,2,41,19,2018,9,10,6,3,2,6,0,0,1,0,1,0,0,0,5.5329E+20,5.82423E+21,9.7862E+15,5.25655E+16
21091,3,4,57,6,2018,9,20,2,3,3,6,2,1,0,0,0,0,0,0,4.12825E+20,5.89645E+21,7.69464E+15,5.32102E+16
21092,3,3,52,11,2018,9,17,4,3,9,7,0,0,1,0,0,0,0,0,4.80798E+20,5.96024E+21,8.70852E+15,5.37904E+16
21093,3,1,59,16,2018,9,15,6,3,4,2,0,0,1,0,0,0,0,0,5.62279E+20,5.70922E+21,9.89783E+15,5.15306E+16
21094,3,4,59,30,2018,9,16,2,3,5,3,0,1,1,0,0,0,0,0,4.27011E+20,5.83655E+21,7.9205E+15,5.26739E+16
21095,3,1,53,12,2018,9,19,6,3,2,6,0,0,1,0,1,0,0,0,5.81425E+20,5.7504E+21,1.01834E+16,5.18984E+16
21096,3,1,53,7,2018,9,9,6,2,9,6,0,0,1,0,1,0,0,0,5.86863E+20,5.74785E+21,1.02618E+16,5.18746E+16
21097,3,2,41,19,2018,9,16,2,3,2,6,0,0,1,0,0,0,0,0,5.49288E+20,5.81868E+21,9.72635E+15,5.2516E+16
21098,3,2,41,1,2018,9,6,4,2,5,2,1,1,1,0,0,0,0,0,5.58388E+20,5.80127E+21,9.85739E+15,5.23586E+16
21099,3,4,3,0,2018,9,15,3,3,2,6,0,0,1,0,0,0,0,0,4.46081E+20,5.88935E+21,8.19374E+15,5.31508E+16
21100,3,1,51,30,2018,9,10,6,3,1,1,0,0,1,0,0,1,0,0,6.18404E+20,5.81523E+21,1.07433E+16,5.24744E+16
21101,3,4,55,26,2018,9,13,1,3,9,1,0,0,0,0,1,0,0,0,4.4172E+20,5.91455E+21,8.12392E+15,5.33768E+16
21102,3,4,5,0,2018,9,17,7,3,2,6,0,0,1,0,0,0,0,1,4.41308E+20,5.93668E+21,8.1136E+15,5.35757E+16
21103,3,4,59,12,2018,9,18,5,3,0,1,0,0,0,0,1,0,0,0,4.44409E+20,5.78494E+21,8.18637E+15,5.22121E+16
21104,3,2,41,1,2018,9,15,3,2,2,6,0,0,1,0,0,0,0,0,5.47501E+20,5.79924E+21,9.69725E+15,5.23414E+16
21105,3,4,59,24,2018,9,18,5,3,2,2,0,0,1,0,0,0,0,0,4.50973E+20,5.78791E+21,8.282E+15,5.22394E+16