OBJECTID_1,ULAND,UREGBEZ,UKREIS,UGEMEINDE,UJAHR,UMONAT,USTUNDE,UWOCHENTAG,UKATEGORIE,UART,UTYP1,ULICHTVERH,IstRad,IstPKW,IstFuss,IstKrad,IstGkfz,IstSonstig,STRZUSTAND,LINREFX,LINREFY,XGCSWGS84,YGCSWGS84
21106,3,4,59,13,2018,9,15,5,2,4,6,0,0,1,0,0,1,0,0,4.52247E+20,5.80843E+21,8.29775E+15,5.2424E+16
21107,3,4,54,8,2018,9,21,2,2,4,2,2,0,1,0,0,0,0,0,3.89354E+20,5.87092E+21,7.35211E+15,5.29765E+16
21108,3,3,58,21,2018,9,15,4,2,2,6,0,0,0,0,0,1,0,0,5.60403E+20,5.86853E+21,9.89929E+15,5.2963E+16
21109,3,4,59,30,2018,9,12,5,3,5,3,0,1,0,0,0,1,0,0,4.27888E+20,5.83653E+21,7.93347E+15,5.26739E+16
21110,3,2,56,22,2018,9,13,2,3,2,6,0,0,1,0,0,1,0,0,5.17339E+20,5.82867E+21,9.25605E+15,5.26078E+16
21111,3,1,51,17,2018,9,15,4,3,9,1,0,0,1,0,0,0,0,0,5.8862E+20,5.81256E+21,1.03042E+16,5.2456E+16
21112,3,3,52,62,2018,9,14,3,3,2,6,0,0,1,0,0,0,0,0,4.73156E+20,5.93999E+21,8.59427E+15,5.36081E+16
21113,3,4,4,0,2018,9,18,5,3,2,6,0,0,1,0,1,0,0,0,4.35946E+20,5.78911E+21,8.06173E+15,5.22487E+16
21114,3,3,54,5,2018,9,16,1,2,8,7,0,0,1,0,0,0,0,0,6.60752E+20,5.87408E+21,1.13951E+16,5.29922E+16
21115,3,4,4,0,2018,9,8,5,3,2,6,0,0,1,0,0,0,1,0,4.39435E+20,5.79127E+21,8.11245E+15,5.22685E+16
21116,3,2,41,9,2018,9,17,2,3,5,2,0,0,1,0,0,0,0,0,5.55012E+20,5.79561E+21,9.80689E+15,5.23081E+16
21117,3,2,52,6,2018,9,7,4,3,6,4,0,0,1,1,0,0,0,0,5.2462E+20,5.77238E+21,9.35944E+15,5.21014E+16
21118,3,4,58,5,2018,9,14,3,3,4,1,0,0,0,0,1,1,0,0,4.6848E+20,5.88345E+21,8.52924E+15,5.30996E+16
21119,3,4,2,0,2018,9,7,5,3,2,6,0,0,1,0,0,0,0,0,3.80333E+20,5.91484E+21,7.2014E+15,5.33691E+16
21120,3,3,58,22,2018,9,18,1,2,5,3,0,1,1,0,0,0,0,0,5.39313E+20,5.85688E+21,9.58392E+15,5.28603E+16
21121,3,4,51,7,2018,9,11,7,2,4,2,0,0,1,0,1,0,0,0,4.26146E+20,5.8978E+21,7.89375E+15,5.32244E+16
21122,3,4,57,14,2018,9,17,5,3,5,3,0,0,1,0,1,0,0,0,3.96216E+20,5.90743E+21,7.44245E+15,5.33059E+16
21123,3,2,41,1,2018,9,7,3,3,4,6,0,1,0,0,0,0,0,0,5.50622E+20,5.80231E+21,9.74352E+15,5.23687E+16
21124,3,4,54,19,2018,9,14,5,3,2,2,0,0,1,0,0,0,1,0,3.99333E+20,5.83349E+21,7.51222E+15,5.26421E+16
21125,3,4,62,2,2018,9,13,5,2,8,7,0,0,1,0,0,0,0,0,4.09346E+20,5.9398E+21,7.6301E+15,5.35991E+16
21126,3,4,52,1,2018,9,7,2,3,4,6,0,1,0,0,0,0,0,0,3.98272E+20,5.92515E+21,7.46758E+15,5.34655E+16
21127,3,3,60,25,2018,9,13,4,3,5,3,0,1,1,0,0,0,0,0,6.04887E+20,5.87052E+21,1.0562E+16,5.2974E+16
21128,3,4,52,19,2018,9,17,5,2,5,3,0,0,1,0,0,0,0,0,3.7994E+20,5.94094E+21,7.18551E+15,5.36035E+16
21129,3,1,51,11,2018,9,10,2,2,8,7,0,0,1,0,0,0,0,0,6.09215E+20,5.8438E+21,1.06175E+16,5.27331E+16
21130,3,4,59,19,2018,9,7,3,3,5,3,0,0,1,0,0,0,0,0,4.36492E+20,5.7845E+21,8.07061E+15,5.22073E+16
21131,3,3,58,22,2018,9,14,3,2,2,6,0,0,1,0,0,0,0,0,5.40353E+20,5.85719E+21,9.5994E+15,5.28629E+16
21132,3,4,53,7,2018,9,7,5,3,5,2,0,1,1,0,0,0,0,0,4.24277E+20,5.87571E+21,7.87097E+15,5.30256E+16
21133,3,4,3,0,2018,9,19,7,3,0,7,0,1,0,0,0,0,0,0,4.4745E+20,5.88566E+21,8.21482E+15,5.31178E+16
21134,3,4,60,9,2018,9,21,5,2,5,3,2,1,1,0,0,0,0,0,4.51097E+20,5.84156E+21,8.27595E+15,5.27217E+16
21135,3,1,3,0,2018,9,17,3,3,4,6,0,0,1,0,0,0,0,0,6.25837E+20,5.80355E+21,1.08483E+16,5.23677E+16
21136,3,4,60,9,2018,9,20,5,3,6,6,2,1,0,1,0,0,0,0,4.51189E+20,5.84164E+21,8.27729E+15,5.27225E+16
21137,3,4,53,5,2018,9,13,5,3,4,6,0,0,1,0,0,0,1,0,4.42484E+20,5.85229E+21,8.14655E+15,5.28173E+16
21138,3,4,3,0,2018,9,10,7,3,2,6,0,0,1,0,0,0,0,0,4.49028E+20,5.88942E+21,8.23779E+15,5.31517E+16
21139,3,4,53,4,2018,9,15,5,3,5,2,0,1,1,0,0,0,0,0,4.37051E+20,5.85498E+21,8.06543E+15,5.28409E+16
21140,3,2,52,7,2018,9,16,3,2,5,3,0,1,1,0,0,0,0,0,5.16488E+20,5.77521E+21,9.24086E+15,5.21272E+16
21141,3,4,53,12,2018,9,6,5,3,9,1,0,0,1,0,0,0,0,0,4.19523E+20,5.85993E+21,7.80403E+15,5.28831E+16
21142,3,3,56,7,2018,9,14,5,3,0,3,0,1,1,0,0,0,0,0,4.79839E+20,5.89776E+21,8.69798E+15,5.32287E+16
21143,3,4,51,7,2018,9,9,2,3,4,2,0,0,1,0,0,0,0,0,4.27552E+20,5.90223E+21,7.9138E+15,5.32644E+16
21144,3,3,55,3,2018,9,16,4,3,2,6,0,0,1,0,0,0,0,0,5.9781E+20,5.91293E+21,1.04696E+16,5.33565E+16
21145,3,4,4,0,2018,9,17,3,3,3,6,0,1,1,0,0,0,0,0,4.34395E+20,5.79243E+21,8.03838E+15,5.22783E+16
21146,3,3,61,9,2018,9,7,5,3,5,3,0,1,1,0,0,0,0,0,5.01808E+20,5.87869E+21,9.02698E+15,5.30577E+16
21147,3,4,57,16,2018,9,21,1,3,0,1,2,0,0,0,1,0,0,0,4.03492E+20,5.90154E+21,7.5534E+15,5.32543E+16
21148,3,4,61,4,2018,9,17,7,3,2,6,0,0,1,0,0,0,0,0,4.64082E+20,5.90086E+21,8.46161E+15,5.32558E+16
21149,3,3,57,44,2018,9,7,3,3,5,3,0,1,1,0,0,0,0,0,5.33755E+20,5.9041E+21,9.50631E+15,5.32851E+16
21150,3,3,61,12,2018,9,17,5,3,2,6,0,0,1,0,0,0,0,0,5.12981E+20,5.86355E+21,9.19307E+15,5.29214E+16
21151,3,3,52,11,2018,9,18,7,3,0,1,0,0,0,0,1,0,0,1,4.80628E+20,5.96769E+21,8.70548E+15,5.38573E+16
21152,3,4,3,0,2018,9,7,5,3,2,6,0,0,1,0,1,0,0,0,4.46812E+20,5.8906E+21,8.20447E+15,5.31621E+16
21153,3,1,58,37,2018,9,17,3,3,2,6,0,0,1,0,0,0,0,0,6.03046E+20,5.7819E+21,1.0507E+16,5.21779E+16
21154,3,2,52,6,2018,9,11,1,3,2,6,0,0,1,0,0,0,0,0,5.25762E+20,5.77273E+21,9.37613E+15,5.21046E+16
21155,3,4,3,0,2018,9,18,5,3,5,2,0,1,1,0,0,0,0,0,4.46429E+20,5.89125E+21,8.19863E+15,5.31679E+16
21156,3,4,3,0,2018,9,10,5,3,5,3,0,0,1,0,0,0,0,0,4.49882E+20,5.89109E+21,8.25031E+15,5.31668E+16
21157,3,3,55,11,2018,9,17,2,3,2,6,0,0,1,0,0,0,0,0,5.96442E+20,5.91035E+21,1.04483E+16,5.33335E+16
21158,3,2,41,1,2018,9,13,4,2,2,6,0,0,0,0,0,1,1,0,5.58453E+20,5.80667E+21,9.85927E+15,5.24071E+16
21159,3,3,56,2,2018,9,22,3,3,8,5,2,1,0,0,0,0,0,0,5.00764E+20,5.88986E+21,9.01143E+15,5.31581E+16
21160,3,2,51,37,2018,9,17,5,3,2,6,0,0,1,0,0,0,0,0,4.81268E+20,5.87325E+21,8.72083E+15,5.30084E+16
21161,3,4,55,20,2018,9,20,1,3,8,1,2,0,1,0,0,0,0,0,4.28474E+20,5.94532E+21,7.91781E+15,5.36518E+16
21162,3,3,52,11,2018,9,17,7,3,0,1,0,0,0,0,1,0,0,1,4.80628E+20,5.96769E+21,8.70548E+15,5.38573E+16
21163,3,3,53,5,2018,9,15,2,3,5,3,0,1,1,0,0,0,0,0,5.55945E+20,5.90974E+21,9.84013E+15,5.33339E+16
21164,3,2,41,19,2018,9,15,4,3,4,7,0,0,1,0,0,0,0,0,5.49164E+20,5.824E+21,9.7253E+15,5.25638E+16
21165,3,4,52,26,2018,9,14,3,3,2,1,0,0,1,0,0,0,1,0,3.811E+20,5.92663E+21,7.20847E+15,5.34752E+16
21166,3,4,60,1,2018,9,10,5,3,2,6,0,0,1,0,0,1,0,0,4.44132E+20,5.84123E+21,8.17289E+15,5.27181E+16
21167,3,4,52,26,2018,9,18,1,3,2,2,0,0,1,0,1,0,0,0,3.80921E+20,5.92709E+21,7.2056E+15,5.34793E+16
21168,3,3,53,26,2018,9,5,7,3,2,6,2,0,1,0,0,0,0,0,5.53572E+20,5.91371E+21,9.80518E+15,5.33698E+16
21169,3,3,51,4,2018,9,17,3,2,5,2,0,0,1,0,0,0,0,0,5.61496E+20,5.85821E+21,9.91362E+15,5.28701E+16
21170,3,4,61,3,2018,9,12,5,3,5,2,0,0,0,0,0,0,1,0,4.55089E+20,5.9384E+21,8.32146E+15,5.35925E+16
21171,3,3,53,26,2018,9,12,7,3,4,6,0,1,0,0,0,0,0,0,5.52123E+20,5.92546E+21,9.78534E+15,5.34755E+16
21172,3,4,61,2,2018,9,7,5,3,9,1,0,0,1,0,0,0,0,0,4.63095E+20,5.91104E+21,8.44563E+15,5.33472E+16
21173,3,4,4,0,2018,9,15,2,3,4,7,0,0,1,0,0,0,0,0,4.38704E+20,5.79121E+21,8.10175E+15,5.22679E+16
21174,3,4,58,5,2018,9,16,5,3,5,3,0,1,1,0,0,0,0,0,4.69353E+20,5.87596E+21,8.54299E+15,5.30323E+16
21175,3,4,58,7,2018,9,7,5,3,8,7,0,0,1,0,0,0,0,0,4.49874E+20,5.85955E+21,8.25508E+15,5.28833E+16
21176,3,2,41,18,2018,9,8,2,3,2,6,0,0,1,0,0,1,0,0,5.85915E+20,5.81503E+21,1.0265E+16,5.24786E+16
21177,3,2,41,1,2018,9,20,1,3,6,4,2,0,1,1,0,0,0,0,5.47563E+20,5.7996E+21,9.69821E+15,5.23447E+16
21178,3,2,57,22,2018,9,6,4,3,3,6,0,0,1,0,0,1,0,0,5.05482E+20,5.78727E+21,9.08028E+15,5.22358E+16
21179,3,4,51,2,2018,9,11,3,3,5,3,0,0,1,0,0,0,1,0,4.4362E+20,5.89108E+21,8.15664E+15,5.31661E+16
21180,3,4,1,0,2018,9,18,5,3,5,3,0,0,1,0,1,0,0,0,4.7226E+20,5.87772E+21,8.58619E+15,5.30482E+16
21181,3,2,51,22,2018,9,15,1,3,5,3,0,0,1,0,0,0,0,0,4.57498E+20,5.81907E+21,8.37361E+15,5.25201E+16
21182,3,3,58,8,2018,9,2,7,3,2,6,2,0,0,0,0,1,1,0,5.55406E+20,5.86434E+21,9.82419E+15,5.29258E+16
21183,3,3,52,62,2018,9,15,5,2,6,4,0,0,1,1,0,0,0,0,4.73262E+20,5.93876E+21,8.59599E+15,5.3597E+16
21184,3,2,41,1,2018,9,16,3,3,7,7,0,0,0,0,0,1,1,0,5.49111E+20,5.81248E+21,9.72281E+15,5.24603E+16
21185,3,3,52,29,2018,9,16,5,2,2,5,0,0,1,0,1,0,0,0,5.05969E+20,5.94213E+21,9.09026E+15,5.36279E+16
21186,3,3,57,29,2018,9,14,7,3,2,6,0,0,1,0,0,1,0,1,5.38607E+20,5.90796E+21,9.57957E+15,5.33194E+16
21187,3,3,59,10,2018,9,15,5,3,2,6,0,0,1,0,0,0,0,0,5.47567E+20,5.92495E+21,9.71662E+15,5.34714E+16
21188,3,4,54,31,2018,9,13,2,2,9,1,0,0,1,0,0,0,0,0,4.01805E+20,5.82604E+21,7.55095E+15,5.25755E+16
21189,3,3,55,4,2018,9,15,5,3,2,6,0,0,1,0,0,0,0,0,5.91389E+20,5.90537E+21,1.0371E+16,5.32896E+16
21190,3,2,41,1,2018,9,17,3,3,5,2,0,0,1,0,1,0,0,0,5.48658E+20,5.80144E+21,9.71455E+15,5.23611E+16
21191,3,2,41,18,2018,9,7,5,3,5,2,0,0,1,0,0,1,0,1,5.8194E+20,5.8144E+21,1.02064E+16,5.24736E+16
21192,3,3,60,23,2018,9,10,7,2,5,2,0,0,1,0,0,0,0,0,6.00605E+20,5.85909E+21,1.04947E+16,5.28721E+16
21193,3,2,41,3,2018,9,17,5,3,0,3,0,1,1,0,0,0,0,0,5.6885E+20,5.81172E+21,1.00131E+16,5.24513E+16
21194,3,4,57,10,2018,9,16,2,3,2,6,0,0,1,0,0,0,0,0,4.06888E+20,5.90719E+21,7.60263E+15,5.33057E+16
21195,3,3,53,25,2018,9,1,4,3,8,1,2,0,1,0,0,0,0,0,5.46167E+20,5.91776E+21,9.69447E+15,5.34069E+16
21196,3,2,41,1,2018,9,15,5,3,5,3,0,1,1,0,0,0,0,0,5.58676E+20,5.80377E+21,9.86206E+15,5.2381E+16
21197,3,2,41,1,2018,9,10,2,3,1,5,0,1,1,0,0,0,0,0,5.54393E+20,5.8068E+21,9.79962E+15,5.24087E+16
21198,3,1,58,37,2018,9,15,4,2,2,6,0,1,1,0,0,0,0,0,6.0184E+20,5.78083E+21,1.04891E+16,5.21685E+16
21199,3,3,52,60,2018,9,18,3,3,5,3,0,1,1,0,0,0,0,0,4.76503E+20,5.91202E+21,8.64696E+15,5.33568E+16
21200,3,2,41,1,2018,9,16,5,3,2,6,0,0,1,0,0,0,0,0,5.53276E+20,5.8016E+21,9.78238E+15,5.23621E+16
21201,3,3,57,39,2018,9,17,1,3,5,3,0,1,1,0,0,0,0,0,5.19566E+20,5.89178E+21,9.29273E+15,5.3175E+16
21202,3,3,60,4,2018,9,19,7,3,2,6,2,0,1,0,0,0,0,0,5.93787E+20,5.88665E+21,1.04015E+16,5.3121E+16
21203,3,2,41,1,2018,9,14,5,2,6,4,0,0,1,1,0,0,0,0,5.57282E+20,5.80532E+21,9.84183E+15,5.23951E+16
21204,3,2,54,28,2018,9,10,3,3,0,7,0,1,0,0,0,0,0,0,5.57755E+20,5.78714E+21,9.84567E+15,5.22316E+16
21205,3,2,41,9,2018,9,10,5,3,5,2,0,0,1,0,0,0,1,1,5.56793E+20,5.79256E+21,9.8325E+15,5.22805E+16
21206,3,1,59,12,2018,9,8,5,3,2,2,0,0,1,0,0,0,0,0,5.88685E+20,5.72085E+21,1.02814E+16,5.16317E+16
21207,3,4,60,4,2018,9,12,2,3,0,1,0,0,0,0,1,0,0,0,4.60592E+20,5.84982E+21,8.41552E+15,5.27968E+16
21208,3,3,55,13,2018,9,15,4,3,5,7,0,1,1,0,0,0,0,0,6.1588E+20,5.89465E+21,1.07343E+16,5.31885E+16
21209,3,1,55,1,2018,9,12,5,2,4,6,0,0,1,0,1,0,0,0,5.7175E+20,5.74612E+21,1.00419E+16,5.18613E+16
21210,3,4,59,20,2018,9,20,1,3,4,1,2,0,1,0,0,0,0,0,4.30176E+20,5.78316E+21,7.97847E+15,5.21944E+16
21211,3,3,58,5,2018,9,13,4,3,5,3,0,1,1,0,0,0,0,0,5.47203E+20,5.83609E+21,9.6981E+15,5.26727E+16
21212,3,2,54,44,2018,9,16,5,3,8,1,0,0,0,0,0,0,1,1,5.72194E+20,5.75601E+21,1.00505E+16,5.19501E+16
21213,3,1,57,9,2018,9,15,2,3,5,3,0,1,1,0,0,0,0,0,5.83221E+20,5.7911E+21,1.02194E+16,5.2264E+16
21214,3,1,1,0,2018,9,16,4,2,2,6,0,0,1,0,1,0,0,0,6.01809E+20,5.79272E+21,1.04922E+16,5.22754E+16
21215,3,3,52,63,2018,9,8,3,3,4,2,0,0,1,0,0,0,0,0,5.03713E+20,5.95823E+21,9.05634E+15,5.37727E+16
21216,3,2,55,8,2018,9,14,5,3,4,1,0,0,1,0,0,0,0,1,5.52961E+20,5.75559E+21,9.77057E+15,5.19485E+16
21217,3,3,51,22,2018,9,12,1,3,4,6,0,1,0,0,0,0,0,0,5.82288E+20,5.82809E+21,1.02149E+16,5.25966E+16
21218,3,2,41,1,2018,9,11,7,3,6,4,0,0,1,1,1,0,0,0,5.48765E+20,5.80543E+21,9.7167E+15,5.23969E+16
21219,3,2,55,34,2018,9,5,5,3,8,1,2,0,1,0,0,0,0,1,5.42821E+20,5.74727E+21,9.62202E+15,5.18746E+16
21220,3,2,52,6,2018,9,16,3,3,2,6,0,0,0,0,1,0,1,0,5.24083E+20,5.7712E+21,9.35152E+15,5.20909E+16
21221,3,2,52,1,2018,9,12,5,2,8,1,0,0,1,0,0,0,0,1,5.14388E+20,5.76233E+21,9.20963E+15,5.20114E+16
21222,3,4,59,9,2018,9,15,7,3,8,7,0,0,1,0,0,0,0,0,4.11648E+20,5.83469E+21,7.69385E+15,5.26549E+16
21223,3,1,59,17,2018,9,13,5,2,5,3,0,0,1,0,0,0,0,0,5.44463E+20,5.6943E+21,9.63915E+15,5.13982E+16
21224,3,3,52,62,2018,9,10,2,3,5,2,0,0,1,0,0,0,0,0,4.7412E+20,5.94446E+21,8.60848E+15,5.36482E+16
21225,3,2,41,14,2018,9,14,4,3,2,6,0,0,1,0,0,0,0,0,5.45225E+20,5.79638E+21,9.66345E+15,5.23159E+16
21226,3,4,57,14,2018,9,15,3,3,8,1,0,0,0,0,1,0,0,0,3.98482E+20,5.90643E+21,7.47676E+15,5.32974E+16
21227,3,1,59,38,2018,9,12,5,3,9,1,0,0,1,0,0,0,0,0,5.86407E+20,5.71766E+21,1.02477E+16,5.16033E+16
21228,3,4,57,22,2018,9,14,1,2,4,7,0,0,1,0,0,0,0,0,3.95852E+20,5.88949E+21,7.44285E+15,5.31446E+16
21229,3,2,41,1,2018,9,13,7,3,5,3,0,1,1,0,0,0,0,0,5.495E+20,5.80369E+21,9.72725E+15,5.23812E+16
21230,3,3,60,10,2018,9,14,3,2,8,1,0,0,0,0,1,0,0,0,5.92632E+20,5.88107E+21,1.03826E+16,5.30711E+16
21231,3,1,59,16,2018,9,14,5,2,4,7,0,0,1,0,0,0,0,0,5.65127E+20,5.7066E+21,9.93841E+15,5.15068E+16
21232,3,2,41,21,2018,9,12,7,3,3,6,0,1,0,0,1,0,0,1,5.29413E+20,5.80974E+21,9.43267E+15,5.24371E+16
21233,3,1,55,10,2018,9,15,5,3,3,1,0,0,1,0,0,0,0,0,5.63606E+20,5.72029E+21,9.91897E+15,5.163E+16
21234,3,4,59,19,2018,9,17,2,3,3,6,0,1,0,0,0,0,0,0,4.31591E+20,5.78531E+21,7.99872E+15,5.2214E+16
21235,3,1,54,19,2018,9,14,5,3,2,6,0,0,1,0,0,0,0,1,6.34595E+20,5.77903E+21,1.09671E+16,5.21454E+16
21236,3,3,58,17,2018,9,7,3,3,5,3,0,1,1,0,0,0,0,0,5.44839E+20,5.87978E+21,9.66916E+15,5.30656E+16
21237,3,1,54,13,2018,9,7,5,3,2,6,0,0,1,0,0,0,0,1,6.24113E+20,5.79158E+21,1.08185E+16,5.22606E+16
21238,3,1,54,14,2018,9,0,5,2,6,6,2,0,1,1,0,0,0,0,6.14131E+20,5.79993E+21,1.06752E+16,5.23378E+16
21239,3,1,58,37,2018,9,18,3,3,0,3,0,1,1,0,0,0,0,0,6.06534E+20,5.7791E+21,1.05572E+16,5.21521E+16
21240,3,1,58,39,2018,9,16,5,3,2,2,0,0,1,0,0,0,1,0,6.09837E+20,5.7656E+21,1.06011E+16,5.20302E+16
21241,3,1,58,37,2018,9,23,5,3,5,3,2,0,1,0,0,0,0,1,6.05319E+20,5.77969E+21,1.05396E+16,5.21577E+16
21242,3,3,59,27,2018,9,7,2,3,3,6,0,0,1,0,0,0,0,0,5.39327E+20,5.92976E+21,9.5931E+15,5.35153E+16
21243,3,2,41,3,2018,9,16,4,3,2,2,0,0,1,0,0,0,0,0,5.67883E+20,5.81842E+21,1.00003E+16,5.25117E+16
21244,3,4,60,6,2018,9,18,3,3,5,2,0,1,1,0,0,0,0,0,4.47539E+20,5.83517E+21,8.22428E+15,5.2664E+16
21245,3,1,58,2,2018,9,18,5,3,0,1,0,0,0,0,1,0,0,1,5.80992E+20,5.77359E+21,1.01826E+16,5.21069E+16
21246,3,4,53,8,2018,9,18,1,3,2,6,0,0,1,0,0,0,0,0,4.33958E+20,5.86567E+21,8.01734E+15,5.29366E+16
21247,3,2,41,1,2018,9,16,3,3,2,6,0,0,1,0,0,0,0,0,5.49332E+20,5.80809E+21,9.72543E+15,5.24208E+16
21248,3,1,2,0,2018,9,17,5,3,5,3,1,0,1,0,0,0,0,1,5.9128E+20,5.78115E+21,1.03348E+16,5.21733E+16
21249,3,1,53,8,2018,9,12,5,3,4,2,0,0,1,0,0,0,1,1,5.94601E+20,5.76036E+21,1.03776E+16,5.19858E+16
21250,3,4,4,0,2018,9,7,2,3,3,6,0,0,1,0,0,0,0,0,4.3141E+20,5.79446E+21,7.99422E+15,5.22962E+16
21251,3,3,52,62,2018,9,7,4,3,3,6,0,1,0,0,0,0,0,0,4.73344E+20,5.94002E+21,8.59712E+15,5.36083E+16
21252,3,1,54,13,2018,9,17,5,3,8,1,0,0,1,0,0,0,0,1,6.17436E+20,5.79675E+21,1.07226E+16,5.23085E+16
21253,3,2,41,10,2018,9,20,2,3,2,6,2,0,1,0,0,1,0,0,5.49149E+20,5.81239E+21,9.72337E+15,5.24595E+16
21254,3,2,55,13,2018,9,13,4,3,8,1,0,0,0,0,1,0,0,0,5.42315E+20,5.75196E+21,9.61524E+15,5.19168E+16
21255,3,4,61,3,2018,9,12,3,3,1,5,0,0,1,0,0,0,0,0,4.51604E+20,5.93197E+21,8.26981E+15,5.35344E+16
21256,3,4,59,8,2018,9,13,4,3,4,7,0,0,1,0,0,0,0,1,4.4022E+20,5.79748E+21,8.12286E+15,5.23243E+16
21257,3,2,41,19,2018,9,13,2,3,5,3,0,0,1,0,0,0,1,0,5.50034E+20,5.81855E+21,9.73731E+15,5.25148E+16
21258,3,2,41,1,2018,9,11,4,2,2,6,0,0,1,0,0,0,0,0,5.44091E+20,5.80715E+21,9.64823E+15,5.24128E+16
21259,3,3,61,12,2018,9,14,3,3,3,3,0,0,1,0,0,0,1,0,5.15803E+20,5.86274E+21,9.23501E+15,5.29141E+16
21260,3,4,59,2,2018,9,16,4,3,5,3,0,0,1,0,0,0,1,1,4.23046E+20,5.8162E+21,7.8666E+15,5.24905E+16
21261,3,3,61,1,2018,9,15,1,3,2,6,0,0,1,0,0,0,0,0,4.97482E+20,5.87577E+21,8.96245E+15,5.30315E+16
21262,3,4,4,0,2018,9,7,4,2,2,6,0,0,1,0,0,0,0,0,4.38988E+20,5.7912E+21,8.10592E+15,5.22678E+16
21263,3,2,41,15,2018,9,16,3,3,8,7,0,0,1,0,0,0,0,0,5.42148E+20,5.80451E+21,9.61934E+15,5.23892E+16
21264,3,4,4,0,2018,9,15,4,3,2,6,0,0,1,0,0,0,0,1,4.38427E+20,5.78964E+21,8.09798E+15,5.22537E+16
21265,3,4,54,18,2018,9,8,4,3,2,6,0,0,1,0,0,0,0,1,3.72541E+20,5.85643E+21,7.10755E+15,5.28425E+16
21266,3,4,57,20,2018,9,8,2,3,8,1,0,0,0,0,0,1,0,0,4.18679E+20,5.90287E+21,7.78064E+15,5.32688E+16
21267,3,3,58,8,2018,9,13,4,3,5,3,0,1,1,0,0,0,0,0,5.46657E+20,5.85757E+21,9.69308E+15,5.28658E+16
21268,3,4,54,45,2018,9,13,4,2,8,1,0,0,0,0,1,0,0,1,3.92969E+20,5.79956E+21,7.4291E+15,5.23359E+16
21269,3,2,57,28,2018,9,14,2,3,2,6,0,0,1,0,0,0,0,0,5.08365E+20,5.79233E+21,9.12262E+15,5.22813E+16
21270,3,1,53,12,2018,9,12,4,3,4,6,0,0,1,0,0,0,0,0,5.79394E+20,5.75099E+21,1.0154E+16,5.1904E+16
21271,3,3,52,62,2018,9,16,3,3,5,1,0,0,1,0,0,0,1,0,4.73275E+20,5.93871E+21,8.59618E+15,5.35965E+16
21272,3,4,52,8,2018,9,13,4,3,5,3,0,1,1,0,0,0,0,1,3.86997E+20,5.94072E+21,7.29219E+15,5.36031E+16
21273,3,3,54,4,2018,9,14,1,2,2,7,0,0,0,0,1,0,0,0,6.41956E+20,5.88999E+21,1.11223E+16,5.31404E+16
21274,3,4,52,14,2018,9,8,4,3,5,3,0,0,1,0,0,0,0,0,3.80559E+20,5.92977E+21,7.19914E+15,5.35033E+16
21275,3,1,59,3,2018,9,15,1,3,4,6,0,0,1,0,0,0,0,0,6.06474E+20,5.72521E+21,1.05396E+16,5.16678E+16
21276,3,2,54,21,2018,9,22,3,3,2,6,2,0,1,0,0,1,0,0,5.65355E+20,5.77895E+21,9.95536E+15,5.21572E+16
21277,3,4,52,19,2018,9,13,4,3,8,1,0,0,1,0,0,0,0,1,3.7999E+20,5.9348E+21,7.18863E+15,5.35484E+16
21278,3,4,60,6,2018,9,6,4,3,2,6,1,0,1,0,0,0,1,1,4.48966E+20,5.83254E+21,8.24579E+15,5.26405E+16
21279,3,3,58,8,2018,9,15,1,3,2,6,0,0,1,0,0,0,0,0,5.49514E+20,5.85776E+21,9.73554E+15,5.28673E+16
21280,3,4,60,9,2018,9,7,4,3,5,3,0,0,1,0,0,0,0,1,4.50525E+20,5.84653E+21,8.26673E+15,5.27664E+16
21281,3,2,41,5,2018,9,8,3,3,2,6,0,0,1,0,0,0,0,0,5.40564E+20,5.80829E+21,9.59652E+15,5.24233E+16
21282,3,4,53,12,2018,9,7,4,2,5,3,0,1,0,0,0,1,0,1,4.278E+20,5.85698E+21,7.92766E+15,5.28577E+16
21283,3,4,5,0,2018,9,17,4,3,1,6,0,0,1,0,0,0,0,0,4.39794E+20,5.93098E+21,8.09184E+15,5.35243E+16
21284,3,4,52,1,2018,9,19,2,2,5,3,0,1,1,0,0,0,0,0,3.97553E+20,5.92653E+21,7.45631E+15,5.34778E+16
21285,3,3,57,1,2018,9,7,4,3,2,6,0,0,1,0,0,0,0,0,5.22974E+20,5.87885E+21,9.3428E+15,5.30587E+16
21286,3,3,61,8,2018,9,8,4,3,5,3,0,1,1,0,0,0,0,1,5.09511E+20,5.88428E+21,9.14207E+15,5.31079E+16
21287,3,1,51,40,2018,9,21,2,3,8,6,2,0,0,0,1,0,0,0,6.17001E+20,5.84538E+21,1.07333E+16,5.27456E+16
21288,3,4,4,0,2018,9,7,3,2,2,6,0,0,1,0,1,0,0,0,4.31143E+20,5.79136E+21,7.99093E+15,5.22683E+16
21289,3,3,58,21,2018,9,14,3,3,8,1,0,0,0,0,0,1,0,0,5.63613E+20,5.87712E+21,9.94878E+15,5.30398E+16
21290,3,3,61,8,2018,9,15,4,3,0,1,0,0,0,0,1,0,0,1,5.09511E+20,5.88428E+21,9.14207E+15,5.31079E+16
21291,3,3,61,1,2018,9,11,4,3,5,3,0,1,1,0,0,0,0,1,5.02606E+20,5.87341E+21,9.03883E+15,5.30103E+16
21292,3,1,59,15,2018,9,5,3,3,7,7,2,0,0,0,1,0,0,0,5.77959E+20,5.69904E+21,1.01216E+16,5.14372E+16
21293,3,3,61,6,2018,9,12,4,3,2,6,0,0,1,0,0,1,0,1,5.1327E+20,5.86926E+21,9.19761E+15,5.29728E+16
21294,3,4,4,0,2018,9,16,7,3,1,7,0,0,1,1,1,0,0,0,4.38642E+20,5.79123E+21,8.10084E+15,5.2268E+16