OBJECTID_1,ULAND,UREGBEZ,UKREIS,UGEMEINDE,UJAHR,UMONAT,USTUNDE,UWOCHENTAG,UKATEGORIE,UART,UTYP1,ULICHTVERH,IstRad,IstPKW,IstFuss,IstKrad,IstGkfz,IstSonstig,STRZUSTAND,LINREFX,LINREFY,XGCSWGS84,YGCSWGS84
21295,3,2,41,2,2018,9,10,7,3,0,1,0,0,0,0,1,0,0,1,5.33915E+20,5.79166E+21,9.49707E+15,5.22742E+16
21296,3,3,52,46,2018,9,12,2,3,4,6,0,0,0,0,0,1,1,0,4.92343E+20,5.96273E+21,8.8837E+15,5.3813E+16
21297,3,2,41,5,2018,9,18,4,3,2,6,0,0,1,0,0,0,0,0,5.40079E+20,5.81002E+21,9.5896E+15,5.24389E+16
21298,3,4,54,35,2018,9,17,3,3,5,3,0,1,1,0,0,0,0,0,3.84519E+20,5.83842E+21,7.29164E+15,5.26834E+16
21299,3,4,61,9,2018,9,20,7,3,6,6,2,1,0,1,0,0,0,0,4.6334E+20,5.91513E+21,8.44884E+15,5.3384E+16
21300,3,2,54,26,2018,9,14,4,3,2,6,0,0,1,0,0,0,0,0,5.57858E+20,5.77905E+21,9.8458E+15,5.21589E+16
21301,3,1,51,11,2018,9,10,2,3,1,5,0,0,1,0,0,0,1,0,6.06016E+20,5.84454E+21,1.05704E+16,5.27403E+16
21302,3,4,58,14,2018,9,14,7,3,5,3,0,1,1,0,0,0,0,0,4.63659E+20,5.8615E+21,8.45971E+15,5.29019E+16
21303,3,1,55,5,2018,9,17,3,2,5,3,0,0,1,0,0,0,0,0,5.57925E+20,5.72222E+21,9.83723E+15,5.1648E+16
21304,3,3,52,61,2018,9,13,7,3,9,1,0,0,1,0,0,0,0,1,4.68877E+20,5.94603E+21,8.529E+15,5.36621E+16
21305,3,3,52,11,2018,9,11,7,2,6,4,0,0,1,1,0,0,0,1,4.78008E+20,5.9638E+21,8.66592E+15,5.38223E+16
21306,3,4,58,7,2018,9,8,2,3,4,2,0,0,1,0,0,0,0,1,4.53831E+20,5.86913E+21,8.31251E+15,5.29697E+16
21307,3,3,58,19,2018,9,22,7,3,5,3,2,0,1,0,0,0,0,1,5.52705E+20,5.88578E+21,9.78752E+15,5.31188E+16
21308,3,4,51,4,2018,9,16,4,3,6,7,0,1,0,1,0,0,0,0,4.3654E+20,5.88636E+21,8.05169E+15,5.31229E+16
21309,3,2,54,28,2018,9,10,2,3,6,7,0,0,1,1,0,0,0,0,5.58642E+20,5.78746E+21,9.8587E+15,5.22344E+16
21310,3,2,51,40,2018,9,17,3,3,5,3,0,0,1,0,0,0,0,0,4.87098E+20,5.83566E+21,8.8092E+15,5.26707E+16
21311,3,3,57,21,2018,9,15,7,3,9,1,0,0,1,0,0,0,0,1,5.21881E+20,5.90512E+21,9.32829E+15,5.32948E+16
21312,3,1,2,0,2018,9,16,4,3,2,6,0,0,1,0,0,0,0,0,5.9193E+20,5.77582E+21,1.03429E+16,5.21252E+16
21313,3,4,60,2,2018,9,11,1,3,5,3,0,0,1,0,0,0,0,1,4.45749E+20,5.81931E+21,8.20043E+15,5.25212E+16
21314,3,3,57,13,2018,9,17,7,3,8,1,0,0,1,0,0,0,0,1,5.26401E+20,5.89914E+21,9.39561E+15,5.32409E+16
21315,3,1,51,17,2018,9,5,3,3,8,7,1,0,1,0,0,0,0,0,5.89648E+20,5.81131E+21,1.0319E+16,5.24446E+16
21316,3,3,55,31,2018,9,12,7,3,5,3,0,0,1,0,0,0,0,0,5.91014E+20,5.90071E+21,1.0364E+16,5.32479E+16
21317,3,3,55,22,2018,9,11,7,3,2,6,0,0,1,0,0,0,0,0,5.95294E+20,5.903E+21,1.04289E+16,5.32676E+16
21318,3,1,57,7,2018,9,17,5,3,4,2,0,0,1,0,0,0,0,0,5.97248E+20,5.79064E+21,1.04248E+16,5.22575E+16
21319,3,3,57,51,2018,9,15,2,3,5,3,0,0,1,0,0,0,0,1,5.36618E+20,5.87214E+21,9.5456E+15,5.29976E+16
21320,3,2,41,17,2018,9,12,7,3,2,2,0,0,1,0,0,0,0,0,5.38016E+20,5.78377E+21,9.55629E+15,5.22031E+16
21321,3,2,41,6,2018,9,4,7,2,0,7,2,0,0,0,1,0,0,1,5.39473E+20,5.79781E+21,9.57924E+15,5.23292E+16
21322,3,1,59,15,2018,9,4,5,3,8,1,2,0,1,0,0,0,0,0,5.70661E+20,5.70593E+21,1.0018E+16,5.15001E+16
21323,3,3,59,28,2018,9,15,2,3,0,1,0,0,0,0,1,0,0,1,5.43032E+20,5.93537E+21,9.64974E+15,5.35655E+16
21324,3,2,54,21,2018,9,15,1,3,0,1,0,0,0,0,1,0,0,1,5.6651E+20,5.77919E+21,9.97228E+15,5.21592E+16
21325,3,1,57,9,2018,9,15,1,3,9,1,0,0,1,0,0,0,0,1,5.84007E+20,5.78803E+21,1.02302E+16,5.22362E+16
21326,3,2,41,1,2018,9,11,7,3,3,6,0,0,1,0,0,0,0,0,5.50462E+20,5.80883E+21,9.74215E+15,5.24274E+16
21327,3,3,53,31,2018,9,8,4,3,4,2,0,1,1,0,0,0,0,0,5.66134E+20,5.9182E+21,9.99489E+15,5.34087E+16
21328,3,2,55,8,2018,9,4,2,3,8,1,2,0,1,0,0,0,0,1,5.54151E+20,5.75638E+21,9.78802E+15,5.19555E+16
21329,3,4,62,19,2018,9,11,3,3,5,3,0,0,1,0,0,0,0,0,4.22059E+20,5.93715E+21,7.82282E+15,5.35774E+16
21330,3,3,52,62,2018,9,6,3,3,4,6,2,0,1,0,0,0,0,1,4.79719E+20,5.9412E+21,8.69339E+15,5.36192E+16
21331,3,2,41,1,2018,9,17,7,2,0,1,0,0,0,0,1,0,0,1,5.46736E+20,5.80492E+21,9.68682E+15,5.23926E+16
21332,3,1,1,0,2018,9,16,4,3,2,6,0,0,1,0,0,0,0,0,6.06567E+20,5.79196E+21,1.05617E+16,5.22677E+16
21333,3,4,58,13,2018,9,16,1,3,5,3,0,0,1,0,0,0,0,1,4.45906E+20,5.88246E+21,8.19229E+15,5.30888E+16
21334,3,2,41,9,2018,9,14,7,3,9,1,0,0,1,0,0,0,0,0,5.55771E+20,5.79534E+21,9.81797E+15,5.23055E+16
21335,3,4,59,1,2018,9,9,2,3,4,2,0,0,1,0,0,0,0,0,4.29086E+20,5.81735E+21,7.95529E+15,5.25017E+16
21336,3,2,41,3,2018,9,8,7,3,5,3,0,1,1,0,0,0,0,0,5.63794E+20,5.81087E+21,9.93858E+15,5.24443E+16
21337,3,2,41,9,2018,9,1,7,3,8,1,2,0,1,0,0,0,0,1,5.59176E+20,5.79527E+21,9.8679E+15,5.23046E+16
21338,3,4,59,12,2018,9,17,4,2,5,3,0,0,1,0,0,0,0,0,4.44655E+20,5.7907E+21,8.18904E+15,5.22639E+16
21339,3,3,51,8,2018,9,16,2,3,8,1,0,0,1,0,0,0,0,1,5.89847E+20,5.83962E+21,1.03296E+16,5.2699E+16
21340,3,2,57,25,2018,9,4,7,3,8,1,2,0,1,0,0,0,0,1,5.09178E+20,5.80051E+21,9.13476E+15,5.23548E+16
21341,3,2,41,1,2018,9,11,4,3,2,6,0,0,0,0,0,1,0,0,5.5726E+20,5.80766E+21,9.84191E+15,5.24162E+16
21342,3,1,59,10,2018,9,7,2,3,2,6,0,0,1,0,0,0,1,1,5.86802E+20,5.7079E+21,1.0251E+16,5.15155E+16
21343,3,2,41,16,2018,9,17,3,3,0,7,0,0,1,0,1,0,0,0,5.61552E+20,5.80083E+21,9.90376E+15,5.23543E+16
21344,3,2,57,3,2018,9,17,7,3,8,1,0,0,1,0,0,0,0,1,5.14713E+20,5.78646E+21,9.21541E+15,5.22284E+16
21345,3,4,54,41,2018,9,12,3,3,4,7,0,0,1,0,0,0,1,0,3.92374E+20,5.88101E+21,7.39371E+15,5.30677E+16
21346,3,2,41,8,2018,9,22,1,3,9,1,2,0,1,0,0,0,0,1,5.60103E+20,5.80927E+21,9.884E+15,5.24303E+16
21347,3,2,57,28,2018,9,12,7,3,8,1,0,0,1,0,0,0,0,0,5.08372E+20,5.79234E+21,9.12272E+15,5.22813E+16
21348,3,3,57,13,2018,9,14,4,2,4,6,0,0,1,0,0,0,0,0,5.23799E+20,5.89944E+21,9.35663E+15,5.32437E+16
21349,3,2,52,6,2018,9,14,2,3,5,3,0,1,1,0,0,0,0,1,5.25177E+20,5.77268E+21,9.3676E+15,5.21041E+16
21350,3,3,51,4,2018,9,14,3,1,8,1,0,0,1,0,0,0,0,0,5.6551E+20,5.84961E+21,9.97151E+15,5.27923E+16
21351,3,2,57,9,2018,9,17,7,3,2,6,0,0,1,0,0,0,0,1,5.05689E+20,5.79102E+21,9.08337E+15,5.22695E+16
21352,3,4,59,3,2018,9,8,3,3,2,6,0,0,1,0,0,0,0,0,4.53184E+20,5.79823E+21,8.31295E+15,5.23323E+16
21353,3,2,41,1,2018,9,11,1,3,5,3,0,0,1,0,0,0,0,1,5.49083E+20,5.7989E+21,9.72041E+15,5.23382E+16
21354,3,2,52,3,2018,9,18,7,2,5,3,1,1,1,0,0,0,0,0,5.15847E+20,5.76004E+21,9.23079E+15,5.19908E+16
21355,3,4,62,5,2018,9,15,2,3,5,3,0,0,1,0,0,0,0,0,4.22803E+20,5.92363E+21,7.8374E+15,5.3456E+16
21356,3,2,52,6,2018,9,19,7,3,2,6,1,0,1,0,0,0,0,1,5.2435E+20,5.773E+21,9.35554E+15,5.2107E+16
21357,3,1,59,17,2018,9,15,7,2,2,6,0,0,1,0,0,0,0,0,5.4653E+20,5.69652E+21,9.66914E+15,5.14179E+16
21358,3,4,56,8,2018,9,12,4,3,2,2,0,0,1,0,0,0,0,0,3.5996E+20,5.81275E+21,6.93941E+15,5.24469E+16
21359,3,2,41,16,2018,9,8,2,3,8,1,0,0,0,0,0,1,0,1,5.60186E+20,5.80058E+21,9.88366E+15,5.23522E+16
21360,3,1,2,0,2018,9,23,7,3,8,7,2,0,1,0,0,0,0,1,5.89544E+20,5.77833E+21,1.03087E+16,5.21482E+16
21361,3,2,56,34,2018,9,20,4,1,5,3,2,0,1,0,1,0,0,0,4.92065E+20,5.81025E+21,8.88326E+15,5.24424E+16
21362,3,1,57,2,2018,9,6,2,3,9,7,2,0,1,0,0,0,0,1,5.77292E+20,5.78896E+21,1.01321E+16,5.22456E+16
21363,3,2,41,3,2018,9,6,3,3,2,2,0,0,1,0,0,0,1,1,5.63654E+20,5.81101E+21,9.93656E+15,5.24455E+16
21364,3,1,53,504,2018,9,12,7,3,9,1,0,0,0,0,1,0,0,0,6.06265E+20,5.73048E+21,1.05382E+16,5.17152E+16
21365,3,1,1,0,2018,9,21,7,3,4,1,2,0,1,0,0,0,0,0,6.10059E+20,5.79759E+21,1.06147E+16,5.23176E+16
21366,3,3,61,6,2018,9,7,2,3,2,6,0,0,1,0,0,0,0,1,5.097E+20,5.8709E+21,9.14449E+15,5.29876E+16
21367,3,4,59,25,2018,9,17,6,3,8,1,0,0,1,0,0,0,0,0,4.16969E+20,5.83652E+21,7.77202E+15,5.26723E+16
21368,3,4,55,25,2018,9,14,2,3,5,3,0,1,1,0,0,0,0,1,4.34401E+20,5.91654E+21,8.01351E+15,5.33938E+16
21369,3,4,4,0,2018,9,14,6,2,6,7,0,0,1,1,0,0,0,1,4.40915E+20,5.79114E+21,8.13416E+15,5.22674E+16
21370,3,4,54,41,2018,9,7,6,3,5,3,0,1,1,0,0,0,0,0,3.93666E+20,5.88259E+21,7.41246E+15,5.30822E+16
21371,3,4,53,6,2018,9,16,4,1,5,3,0,1,1,0,0,0,0,0,4.31477E+20,5.83848E+21,7.98613E+15,5.26919E+16
21372,3,2,41,1,2018,9,10,2,3,2,6,0,0,1,0,0,0,1,1,5.50907E+20,5.80236E+21,9.74772E+15,5.23692E+16
21373,3,1,2,0,2018,9,18,1,3,2,6,1,0,1,0,0,0,0,1,6.02354E+20,5.78243E+21,1.04971E+16,5.21828E+16
21374,3,4,56,23,2018,9,23,6,3,9,1,2,0,1,0,0,0,0,1,3.56607E+20,5.81808E+21,6.88782E+15,5.24939E+16
21375,3,2,54,8,2018,9,15,4,2,5,3,0,0,1,0,0,0,0,0,5.75381E+20,5.7634E+21,1.00984E+16,5.20161E+16
21376,3,1,58,14,2018,9,14,2,3,8,7,0,0,1,0,0,0,0,1,6.02107E+20,5.77347E+21,1.04908E+16,5.21024E+16
21377,3,4,56,17,2018,9,6,6,3,4,2,0,0,1,0,0,0,0,0,3.69213E+20,5.82491E+21,7.07069E+15,5.25586E+16
21378,3,2,56,22,2018,9,17,3,3,2,6,0,0,1,0,0,0,0,0,5.15138E+20,5.83534E+21,9.22386E+15,5.26678E+16
21379,3,4,54,35,2018,9,14,6,3,5,3,0,0,1,0,0,0,0,0,3.84763E+20,5.84185E+21,7.29405E+15,5.27143E+16
21380,3,4,54,35,2018,9,13,6,3,3,6,0,0,1,0,0,0,0,0,3.83852E+20,5.83936E+21,7.28145E+15,5.26917E+16
21381,3,3,52,8,2018,9,12,2,3,5,3,0,0,1,0,0,0,0,1,4.98783E+20,5.95809E+21,8.98153E+15,5.37714E+16
21382,3,1,55,10,2018,9,17,1,3,8,1,0,0,1,0,0,0,0,1,5.63313E+20,5.72347E+21,9.91532E+15,5.16587E+16
21383,3,1,53,12,2018,9,19,1,3,4,1,2,0,1,0,0,0,0,1,5.79046E+20,5.75227E+21,1.01493E+16,5.19155E+16
21384,3,4,54,2,2018,9,12,6,3,5,2,0,0,1,0,0,0,0,0,3.92615E+20,5.82942E+21,7.41428E+15,5.26042E+16
21385,3,2,51,44,2018,9,18,4,3,5,3,0,1,0,0,0,0,1,0,4.71729E+20,5.82245E+21,8.58305E+15,5.25514E+16
21386,3,2,54,32,2018,9,18,2,3,5,3,0,0,1,0,0,0,0,1,5.84055E+20,5.78294E+21,1.02296E+16,5.21905E+16
21387,3,4,61,8,2018,9,12,3,3,2,6,0,0,1,0,0,0,0,0,4.60222E+20,5.90556E+21,8.40316E+15,5.32977E+16
21388,3,4,62,5,2018,9,19,6,2,0,6,2,0,0,0,1,0,0,0,4.23671E+20,5.92283E+21,7.85066E+15,5.34489E+16
21389,3,1,51,9,2018,9,22,4,2,5,3,2,0,1,0,1,0,0,0,6.04552E+20,5.81172E+21,1.05383E+16,5.24457E+16
21390,3,2,51,32,2018,9,19,1,3,9,1,2,0,1,0,0,0,0,1,4.88177E+20,5.84422E+21,8.82484E+15,5.27477E+16
21391,3,4,52,19,2018,9,20,6,3,4,2,2,0,1,0,0,0,0,1,3.80508E+20,5.94048E+21,7.19428E+15,5.35995E+16
21392,3,2,57,2,2018,9,12,1,3,5,2,0,0,1,0,0,0,0,1,5.23771E+20,5.79262E+21,9.34846E+15,5.22834E+16
21393,3,4,51,2,2018,9,3,4,2,0,7,2,0,1,0,0,0,0,0,4.4059E+20,5.89269E+21,8.11103E+15,5.31802E+16
21394,3,2,57,9,2018,9,15,2,3,8,1,0,0,1,0,0,0,0,1,5.01552E+20,5.79043E+21,9.02274E+15,5.22643E+16
21395,3,3,61,1,2018,9,8,3,3,2,2,0,0,1,0,0,0,0,1,5.05402E+20,5.87208E+21,9.08049E+15,5.29983E+16
21396,3,4,52,1,2018,9,15,6,3,2,6,0,0,1,0,1,0,0,1,4.00956E+20,5.92267E+21,7.50878E+15,5.34438E+16
21397,3,1,54,28,2018,9,15,4,3,3,2,0,0,1,0,0,0,0,0,6.34888E+20,5.78818E+21,1.0975E+16,5.22275E+16
21398,3,4,57,20,2018,9,3,1,3,9,1,2,0,1,0,0,0,0,1,4.2053E+20,5.9114E+21,7.80625E+15,5.33457E+16
21399,3,4,60,3,2018,9,13,6,3,5,2,0,1,1,0,0,0,0,0,4.40797E+20,5.83566E+21,8.12452E+15,5.26676E+16
21400,3,1,54,28,2018,9,16,3,3,4,6,0,0,1,0,0,0,0,0,6.35404E+20,5.78588E+21,1.09816E+16,5.22067E+16
21401,3,4,60,10,2018,9,13,6,3,8,1,0,0,1,0,0,0,0,1,4.50535E+20,5.85783E+21,8.26517E+15,5.28679E+16
21402,3,4,60,1,2018,9,12,6,2,5,3,0,0,1,0,0,1,0,1,4.44038E+20,5.84202E+21,8.17137E+15,5.27252E+16
21403,3,1,58,8,2018,9,19,5,3,9,1,2,0,0,0,1,0,0,0,6.08424E+20,5.77655E+21,1.0584E+16,5.21288E+16
21404,3,3,57,44,2018,9,17,2,3,5,3,0,0,1,0,1,0,0,1,5.33828E+20,5.90539E+21,9.50755E+15,5.32967E+16
21405,3,1,2,0,2018,9,17,1,3,3,2,0,0,1,0,0,0,0,1,5.90069E+20,5.77985E+21,1.03168E+16,5.21618E+16
21406,3,3,61,9,2018,9,15,6,3,2,2,0,0,1,0,0,0,0,1,5.05336E+20,5.87905E+21,9.07962E+15,5.30609E+16
21407,3,3,59,10,2018,9,23,4,3,5,2,2,0,1,0,0,1,0,0,5.44013E+20,5.92495E+21,9.66308E+15,5.34717E+16
21408,3,2,54,21,2018,9,6,2,3,5,3,2,1,1,0,0,0,0,1,5.64003E+20,5.77843E+21,9.9355E+15,5.21526E+16
21409,3,2,41,19,2018,9,9,3,3,2,6,0,0,1,0,0,1,0,0,5.48047E+20,5.83301E+21,9.71013E+15,5.26449E+16
21410,3,2,51,47,2018,9,16,6,3,2,6,2,0,1,0,0,0,0,1,4.91792E+20,5.87341E+21,8.87767E+15,5.30102E+16
21411,3,4,59,8,2018,9,14,3,3,2,6,0,0,1,0,0,0,0,0,4.40176E+20,5.79531E+21,8.12259E+15,5.23049E+16
21412,3,3,58,7,2018,9,14,1,3,5,3,0,0,1,0,0,0,0,1,5.44816E+20,5.83909E+21,9.66322E+15,5.26999E+16
21413,3,2,51,47,2018,9,13,6,3,2,6,0,0,1,0,0,0,0,1,4.86852E+20,5.86767E+21,8.80428E+15,5.29584E+16
21414,3,4,4,0,2018,9,15,2,3,4,2,0,0,1,0,0,0,0,1,4.31299E+20,5.79003E+21,7.99349E+15,5.22563E+16
21415,3,2,51,37,2018,9,11,6,2,5,3,0,0,1,0,1,0,0,1,4.79606E+20,5.87025E+21,8.69624E+15,5.29815E+16
21416,3,4,1,0,2018,9,16,6,3,2,7,0,0,1,0,0,0,0,0,4.79998E+20,5.87745E+21,8.70163E+15,5.30462E+16
21417,3,4,57,16,2018,9,16,4,3,5,2,0,0,1,0,0,0,0,0,4.05267E+20,5.90029E+21,7.58037E+15,5.32435E+16
21418,3,2,41,1,2018,9,10,2,3,5,2,0,1,1,0,0,0,0,0,5.45667E+20,5.80111E+21,9.67059E+15,5.23583E+16
21419,3,4,61,8,2018,9,21,6,2,8,1,2,0,1,0,0,0,0,1,4.56116E+20,5.91094E+21,8.34081E+15,5.33458E+16
21420,3,1,1,0,2018,9,14,3,3,2,6,0,0,1,0,0,0,1,0,5.9844E+20,5.79077E+21,1.04423E+16,5.22585E+16
21421,3,4,61,2,2018,9,13,6,3,2,6,0,0,1,0,0,0,0,0,4.63784E+20,5.90862E+21,8.45625E+15,5.33255E+16
21422,3,3,52,8,2018,9,7,6,3,4,6,0,0,1,0,0,0,0,0,4.98072E+20,5.95097E+21,8.9708E+15,5.37074E+16
21423,3,1,51,8,2018,9,22,5,2,7,7,2,0,0,0,1,0,0,0,6.21511E+20,5.82819E+21,1.07937E+16,5.25901E+16
21424,3,3,60,18,2018,9,13,2,3,2,6,0,0,1,0,0,0,0,0,6.14681E+20,5.87144E+21,1.07081E+16,5.29802E+16
21425,3,3,59,10,2018,9,14,6,3,5,3,0,0,1,0,1,0,0,1,5.42231E+20,5.92589E+21,9.63637E+15,5.34803E+16
21426,3,2,41,15,2018,9,18,4,3,6,7,0,0,1,1,0,0,0,0,5.40337E+20,5.80526E+21,9.59281E+15,5.23961E+16
21427,3,2,52,6,2018,9,14,2,3,3,6,0,0,1,0,1,0,0,1,5.25797E+20,5.77268E+21,9.37664E+15,5.2104E+16
21428,3,2,41,1,2018,9,22,3,3,3,2,2,1,1,0,0,0,0,0,5.44329E+20,5.80758E+21,9.65179E+15,5.24166E+16
21429,3,3,59,38,2018,9,17,6,3,2,6,0,0,1,0,0,0,0,1,5.26244E+20,5.93844E+21,9.39652E+15,5.35942E+16
21430,3,4,4,0,2018,9,6,3,3,2,6,2,0,1,0,0,0,0,0,4.34511E+20,5.79318E+21,8.03994E+15,5.22851E+16
21431,3,2,41,11,2018,9,20,1,3,9,1,2,0,1,0,0,0,0,1,5.75957E+20,5.80121E+21,1.01153E+16,5.23559E+16
21432,3,3,58,22,2018,9,13,6,3,4,1,0,0,1,0,0,1,0,1,5.3996E+20,5.85447E+21,9.59323E+15,5.28385E+16
21433,3,4,52,23,2018,9,7,2,2,5,3,0,0,1,0,0,0,0,1,3.8807E+20,5.9259E+21,7.3137E+15,5.34702E+16
21434,3,3,58,22,2018,9,15,6,3,2,6,0,0,1,0,0,0,0,1,5.38776E+20,5.85938E+21,9.57623E+15,5.28827E+16
21435,3,4,59,20,2018,9,16,7,3,5,3,0,1,1,0,0,0,0,0,4.26238E+20,5.78485E+21,7.92049E+15,5.22092E+16
21436,3,2,54,32,2018,9,19,1,3,5,3,2,0,1,0,0,0,0,1,5.80295E+20,5.78493E+21,1.01751E+16,5.2209E+16
21437,3,3,57,23,2018,9,7,6,3,3,2,0,0,1,0,0,0,1,0,5.32617E+20,5.89376E+21,9.4882E+15,5.31922E+16
21438,3,4,54,14,2018,9,8,4,3,2,6,0,0,1,0,0,0,0,0,3.85342E+20,5.83105E+21,7.30637E+15,5.26173E+16
21439,3,2,41,1,2018,9,14,2,3,0,7,0,1,0,0,0,0,0,1,5.47297E+20,5.80292E+21,9.69478E+15,5.23745E+16
21440,3,3,57,9,2018,9,18,6,3,0,1,0,1,0,0,0,0,0,1,5.37322E+20,5.88017E+21,9.55703E+15,5.30697E+16
21441,3,2,56,2,2018,9,21,4,3,2,6,2,0,1,0,0,0,1,0,5.07802E+20,5.82977E+21,9.11525E+15,5.26179E+16
21442,3,1,53,17,2018,9,7,2,3,5,3,0,0,1,0,0,0,0,0,6.01965E+20,5.75113E+21,1.04821E+16,5.19015E+16
21443,3,3,60,4,2018,9,14,6,3,2,6,0,0,1,0,0,0,0,1,5.99038E+20,5.88894E+21,1.04806E+16,5.31407E+16
21444,3,2,41,11,2018,9,6,4,3,2,6,0,0,1,0,0,0,0,0,5.7543E+20,5.80209E+21,1.01078E+16,5.23639E+16
21445,3,1,58,37,2018,9,15,2,3,2,2,0,0,1,0,0,0,0,1,6.03464E+20,5.77987E+21,1.05125E+16,5.21597E+16
21446,3,2,41,7,2018,9,16,3,2,6,6,0,1,0,1,0,0,0,0,5.48768E+20,5.80113E+21,9.71612E+15,5.23583E+16
21447,3,3,55,30,2018,9,13,6,3,8,7,0,0,1,0,0,0,0,1,6.05363E+20,5.90273E+21,1.05797E+16,5.32634E+16
21448,3,4,54,18,2018,9,18,3,3,0,3,0,1,1,0,0,0,0,0,3.76116E+20,5.84692E+21,7.16419E+15,5.27579E+16
21449,3,2,41,5,2018,9,1,1,3,9,1,2,0,1,0,0,0,0,1,5.39232E+20,5.80828E+21,9.57693E+15,5.24233E+16
21450,3,3,55,2,2018,9,15,6,3,4,6,0,0,1,0,0,0,0,1,5.76E+20,5.88379E+21,1.01351E+16,5.30981E+16
21451,3,3,56,7,2018,9,9,2,3,2,6,0,0,1,0,0,0,0,1,4.84866E+20,5.89792E+21,8.77328E+15,5.32304E+16
21452,3,3,51,21,2018,9,13,6,3,2,6,0,0,1,0,0,0,1,1,5.76736E+20,5.82195E+21,1.01315E+16,5.25422E+16
21453,3,4,59,4,2018,9,8,7,3,4,7,0,0,1,0,0,0,0,0,4.3623E+20,5.7763E+21,8.0683E+15,5.21335E+16
21454,3,2,41,1,2018,9,15,6,3,3,2,0,0,1,0,0,0,0,1,5.4889E+20,5.79978E+21,9.71771E+15,5.23461E+16
21455,3,3,56,5,2018,9,13,4,3,2,6,0,0,1,0,0,0,0,0,4.87738E+20,5.89285E+21,8.8165E+15,5.31848E+16
21456,3,1,59,26,2018,9,14,2,3,8,1,0,0,1,0,0,0,0,1,5.88111E+20,5.72967E+21,1.02753E+16,5.17111E+16
21457,3,4,52,23,2018,9,17,3,3,5,3,0,1,1,0,0,0,0,0,3.88904E+20,5.92646E+21,7.32606E+15,5.34754E+16
21458,3,1,51,40,2018,9,15,1,3,8,1,0,0,1,0,0,0,0,1,6.22557E+20,5.833E+21,1.0811E+16,5.26331E+16
21459,3,2,41,1,2018,9,15,6,3,4,2,0,1,1,0,0,0,0,1,5.58775E+20,5.80298E+21,9.86337E+15,5.23739E+16
21460,3,1,53,12,2018,9,0,4,2,2,6,2,0,1,0,0,1,0,0,5.78156E+20,5.7525E+21,1.01364E+16,5.19177E+16
21461,3,1,1,0,2018,9,7,2,3,2,6,0,0,1,0,0,0,0,0,6.06258E+20,5.78944E+21,1.05564E+16,5.22451E+16
21462,3,2,41,1,2018,9,15,6,3,4,6,0,0,1,0,0,0,0,1,5.48556E+20,5.80825E+21,9.71403E+15,5.24223E+16
21463,3,2,52,7,2018,9,8,3,3,0,1,0,0,1,0,0,0,0,1,5.14241E+20,5.78111E+21,9.20828E+15,5.21802E+16
21464,3,2,41,6,2018,9,18,6,3,6,4,0,0,1,1,0,0,0,0,5.41341E+20,5.79603E+21,9.60643E+15,5.2313E+16
21465,3,4,59,2,2018,9,13,7,3,9,1,0,1,0,0,0,0,0,0,4.2301E+20,5.82195E+21,7.86474E+15,5.25422E+16
21466,3,2,41,7,2018,9,13,6,3,5,3,0,1,0,0,0,0,1,1,5.4908E+20,5.79733E+21,9.72014E+15,5.23241E+16
21467,3,2,54,28,2018,9,16,5,3,2,6,0,0,1,0,0,0,0,0,5.59384E+20,5.78751E+21,9.86958E+15,5.22348E+16
21468,3,3,53,5,2018,9,12,2,3,2,2,0,0,1,0,1,0,0,1,5.53211E+20,5.90609E+21,9.79847E+15,5.33013E+16
21469,3,2,41,12,2018,9,13,6,3,2,6,0,0,1,0,0,1,0,1,5.2632E+20,5.82106E+21,9.38806E+15,5.2539E+16
21470,3,1,55,6,2018,9,5,3,3,4,2,2,0,1,0,0,0,0,0,5.73576E+20,5.73817E+21,1.00668E+16,5.17896E+16
21471,3,2,41,16,2018,9,13,6,3,3,6,0,1,0,0,0,0,0,1,5.65573E+20,5.79668E+21,9.96198E+15,5.23166E+16
21472,3,2,41,1,2018,9,17,6,3,2,6,0,0,1,0,0,0,0,0,5.55534E+20,5.79686E+21,9.81475E+15,5.23192E+16
21473,3,4,51,1,2018,9,17,2,2,8,1,0,0,1,0,0,0,0,1,4.22631E+20,5.89768E+21,7.84114E+15,5.32227E+16
21474,3,4,59,2,2018,9,12,7,3,5,2,0,0,1,0,0,0,0,0,4.23003E+20,5.8214E+21,7.86476E+15,5.25372E+16
21475,3,2,41,1,2018,9,14,6,3,7,7,0,0,1,0,0,0,0,1,5.50079E+20,5.8058E+21,9.73607E+15,5.24002E+16
21476,3,4,51,4,2018,9,17,4,3,5,3,0,0,1,0,0,0,0,0,4.2747E+20,5.88677E+21,7.91609E+15,5.31254E+16
21477,3,2,57,6,2018,9,16,2,3,2,6,0,0,1,0,0,0,0,1,5.25216E+20,5.79747E+21,9.37002E+15,5.2327E+16
21478,3,2,51,37,2018,9,18,3,3,3,6,0,0,1,0,0,1,0,0,4.80471E+20,5.87433E+21,8.70888E+15,5.30182E+16
21479,3,2,41,1,2018,9,11,6,3,0,1,0,1,0,0,0,0,0,0,5.49504E+20,5.80301E+21,9.7272E+15,5.23751E+16
21480,3,1,58,37,2018,9,16,4,3,5,3,0,1,1,0,0,0,0,0,6.06461E+20,5.78195E+21,1.0557E+16,5.21778E+16
21481,3,4,52,6,2018,9,15,1,3,2,6,0,0,1,0,0,0,0,1,4.04855E+20,5.91739E+21,7.56906E+15,5.3397E+16
21482,3,2,41,1,2018,9,7,6,3,5,2,0,0,1,0,0,0,0,0,5.50396E+20,5.80226E+21,9.74018E+15,5.23683E+16
21483,3,1,3,0,2018,9,17,3,3,5,3,0,1,1,0,0,0,0,0,6.24059E+20,5.81148E+21,1.08251E+16,5.24394E+16
21484,3,1,55,10,2018,9,14,6,3,2,6,0,0,1,0,0,0,0,1,5.63421E+20,5.72027E+21,9.91629E+15,5.16298E+16