OBJECTID_1,ULAND,UREGBEZ,UKREIS,UGEMEINDE,UJAHR,UMONAT,USTUNDE,UWOCHENTAG,UKATEGORIE,UART,UTYP1,ULICHTVERH,IstRad,IstPKW,IstFuss,IstKrad,IstGkfz,IstSonstig,STRZUSTAND,LINREFX,LINREFY,XGCSWGS84,YGCSWGS84
21675,3,4,61,7,2018,9,14,1,3,8,1,0,0,1,0,0,0,0,0,4.61583E+20,5.92726E+21,8.42093E+15,5.34929E+16
21676,3,4,54,34,2018,9,7,4,2,5,3,0,0,1,0,1,0,0,0,3.93628E+20,5.80918E+21,7.43571E+15,5.24225E+16
21677,3,1,1,0,2018,9,12,3,3,2,6,0,0,1,0,0,0,0,0,6.05914E+20,5.78773E+21,1.05508E+16,5.22298E+16
21678,3,4,52,23,2018,9,15,4,3,5,3,0,0,1,0,0,0,0,0,3.86526E+20,5.92505E+21,7.29076E+15,5.34622E+16
21679,3,4,52,1,2018,9,16,4,3,1,5,0,0,1,0,0,1,0,0,3.99517E+20,5.92535E+21,7.48626E+15,5.34676E+16
21680,3,1,51,16,2018,9,14,5,3,2,6,0,0,1,0,0,0,0,0,6.04626E+20,5.80362E+21,1.05369E+16,5.23729E+16
21681,3,3,55,22,2018,9,11,2,3,8,1,0,0,1,0,0,0,0,0,5.999E+20,5.89926E+21,1.04967E+16,5.32332E+16
21682,3,4,53,7,2018,9,12,4,3,2,2,0,0,1,0,0,1,0,0,4.27744E+20,5.86854E+21,7.92427E+15,5.29616E+16
21683,3,2,41,14,2018,9,11,4,3,8,7,0,0,1,0,0,0,0,0,5.45168E+20,5.79936E+21,9.66301E+15,5.23427E+16
21684,3,1,59,14,2018,9,15,2,3,2,6,0,0,1,0,0,1,0,1,5.83863E+20,5.7183E+21,1.02111E+16,5.16095E+16
21685,3,2,41,20,2018,9,23,3,3,0,1,2,1,0,0,0,0,0,0,5.44242E+20,5.79132E+21,9.64837E+15,5.22705E+16
21686,3,4,60,9,2018,9,16,4,3,2,6,0,0,1,0,0,0,0,0,4.51166E+20,5.83961E+21,8.27726E+15,5.27042E+16
21687,3,4,54,41,2018,9,7,3,2,3,6,0,1,0,0,0,0,0,0,3.89088E+20,5.87982E+21,7.34509E+15,5.30563E+16
21688,3,2,41,11,2018,9,12,1,2,0,7,0,0,0,0,1,0,0,1,5.6458E+20,5.80282E+21,9.9486E+15,5.23719E+16
21689,3,4,53,5,2018,9,7,4,3,5,3,0,0,1,0,0,0,1,0,4.46896E+20,5.85168E+21,8.21212E+15,5.28122E+16
21690,3,4,53,7,2018,9,12,2,3,5,3,0,0,1,0,0,0,0,1,4.22635E+20,5.87441E+21,7.84681E+15,5.30136E+16
21691,3,4,53,4,2018,9,16,4,3,2,6,0,0,1,0,0,0,0,0,4.35724E+20,5.85495E+21,8.04573E+15,5.28405E+16
21692,3,2,54,8,2018,9,17,1,3,8,1,0,0,1,0,0,0,0,1,5.7891E+20,5.76233E+21,1.01496E+16,5.2006E+16
21693,3,4,55,14,2018,9,10,4,2,5,3,0,1,1,0,0,0,0,0,4.34556E+20,5.92874E+21,8.0133E+15,5.35035E+16
21694,3,4,53,7,2018,9,8,4,3,3,7,0,0,1,0,0,1,0,0,4.1882E+20,5.87571E+21,7.78963E+15,5.30247E+16
21695,3,2,41,3,2018,9,13,2,3,0,1,0,0,0,0,1,0,0,1,5.63669E+20,5.81088E+21,9.93675E+15,5.24444E+16
21696,3,3,56,8,2018,9,17,4,3,5,2,0,0,1,0,1,0,0,0,4.81998E+20,5.89541E+21,8.73047E+15,5.32077E+16
21697,3,3,61,12,2018,9,12,4,3,2,6,0,0,1,0,0,0,0,0,5.15607E+20,5.86378E+21,9.23215E+15,5.29235E+16
21698,3,4,54,41,2018,9,15,4,3,2,2,0,0,1,0,0,0,0,0,3.90543E+20,5.88037E+21,7.36662E+15,5.30616E+16
21699,3,2,41,21,2018,9,16,2,3,5,3,0,1,1,0,0,0,0,1,5.30662E+20,5.80959E+21,9.45103E+15,5.24356E+16
21700,3,4,51,8,2018,9,19,4,2,0,1,1,1,0,0,0,0,0,0,4.36699E+20,5.89753E+21,8.05185E+15,5.32233E+16
21701,3,2,41,1,2018,9,8,4,3,3,6,2,0,1,0,0,0,1,0,5.4911E+20,5.81248E+21,9.72281E+15,5.24603E+16
21702,3,1,57,8,2018,9,14,2,2,4,1,0,0,1,0,0,0,0,1,5.94947E+20,5.79934E+21,1.03935E+16,5.23361E+16
21703,3,2,41,1,2018,9,12,3,3,5,2,0,1,1,0,0,0,0,0,5.50393E+20,5.80225E+21,9.74014E+15,5.23682E+16
21704,3,4,51,4,2018,9,6,4,2,5,3,1,1,1,0,0,0,0,0,4.33291E+20,5.88655E+21,8.00311E+15,5.31242E+16
21705,3,4,54,32,2018,9,11,3,3,5,3,0,0,1,0,0,0,0,0,3.91354E+20,5.81633E+21,7.39996E+15,5.24863E+16
21706,3,1,59,19,2018,9,14,1,3,8,1,0,0,1,0,0,0,0,1,5.90654E+20,5.72562E+21,1.03111E+16,5.16742E+16
21707,3,2,51,49,2018,9,14,4,3,4,6,0,0,0,0,0,1,1,0,5.00723E+20,5.85436E+21,9.01074E+15,5.2839E+16
21708,3,3,61,8,2018,9,11,2,3,2,6,0,0,1,0,0,0,0,1,5.10731E+20,5.88097E+21,9.16019E+15,5.30781E+16
21709,3,4,61,4,2018,9,14,4,2,8,1,0,0,0,0,1,0,0,1,4.62844E+20,5.89469E+21,8.44377E+15,5.32002E+16
21710,3,3,61,12,2018,9,20,4,3,5,3,2,1,1,0,0,0,0,0,5.15988E+20,5.86379E+21,9.23782E+15,5.29235E+16
21711,3,1,59,26,2018,9,7,2,3,2,6,1,0,1,0,0,0,0,1,5.85083E+20,5.7324E+21,1.02321E+16,5.17361E+16
21712,3,4,53,6,2018,9,20,3,3,5,3,2,1,0,0,0,0,1,0,4.33065E+20,5.84246E+21,8.00882E+15,5.27279E+16
21713,3,4,59,8,2018,9,17,7,3,2,6,0,0,1,0,0,0,0,1,4.39657E+20,5.79489E+21,8.11505E+15,5.2301E+16
21714,3,4,61,6,2018,9,10,4,3,5,3,0,1,1,0,0,0,0,0,4.74452E+20,5.88821E+21,8.61806E+15,5.31426E+16
21715,3,2,52,7,2018,9,13,4,3,2,6,0,0,1,0,1,0,0,0,5.17196E+20,5.77933E+21,9.2514E+15,5.21642E+16
21716,3,1,1,0,2018,9,11,2,3,5,3,0,0,1,0,0,0,0,1,6.03317E+20,5.7963E+21,1.05154E+16,5.23073E+16
21717,3,2,52,6,2018,9,16,3,3,3,6,0,0,1,0,0,1,0,0,5.2405E+20,5.77204E+21,9.3511E+15,5.20984E+16
21718,3,1,54,1,2018,10,12,7,2,3,2,0,1,1,0,0,0,0,0,6.39448E+20,5.80283E+21,1.10478E+16,5.2358E+16
21719,3,1,59,16,2018,9,20,1,3,6,2,2,0,1,1,0,0,0,0,5.65223E+20,5.70846E+21,9.94013E+15,5.15235E+16
21720,3,2,51,41,2018,10,16,2,3,9,1,0,0,1,0,0,0,0,1,4.94815E+20,5.86181E+21,8.9229E+15,5.29059E+16
21721,3,1,59,17,2018,9,14,1,3,2,6,0,0,1,0,0,0,0,0,5.49132E+20,5.69472E+21,9.70631E+15,5.14016E+16
21722,3,2,41,12,2018,10,17,6,3,2,6,0,0,1,0,1,0,0,0,5.19666E+20,5.81552E+21,9.28964E+15,5.24894E+16
21723,3,4,54,15,2018,10,1,3,3,9,7,2,0,1,0,0,0,0,0,3.98063E+20,5.82854E+21,7.49498E+15,5.25973E+16
21724,3,4,53,7,2018,10,15,1,2,4,2,0,0,1,0,0,0,0,0,4.17538E+20,5.88198E+21,7.76893E+15,5.30809E+16
21725,3,1,59,7,2018,9,14,1,3,3,2,0,0,1,0,0,0,0,0,5.60893E+20,5.71383E+21,9.87866E+15,5.15722E+16
21726,3,3,59,10,2018,10,15,5,3,5,3,0,0,1,0,0,0,0,1,5.49168E+20,5.92289E+21,9.74042E+15,5.34528E+16
21727,3,2,41,12,2018,10,15,3,3,2,2,0,0,1,0,0,0,0,1,5.19678E+20,5.81552E+21,9.28981E+15,5.24895E+16
21728,3,3,56,5,2018,10,17,2,3,5,3,0,1,1,0,0,0,0,0,4.9724E+20,5.88952E+21,8.95873E+15,5.3155E+16
21729,3,4,53,5,2018,10,18,7,3,3,6,0,0,1,0,0,0,0,0,4.46775E+20,5.85158E+21,8.21034E+15,5.28114E+16
21730,3,1,59,17,2018,9,11,1,3,3,7,0,0,1,0,0,0,1,0,5.45901E+20,5.69261E+21,9.65959E+15,5.13829E+16
21731,3,4,56,14,2018,10,15,2,3,2,6,0,0,1,0,0,0,1,1,3.60678E+20,5.81818E+21,6.94769E+15,5.24959E+16
21732,3,1,55,6,2018,9,7,1,2,8,1,0,0,1,0,0,0,0,0,5.72957E+20,5.73831E+21,1.00578E+16,5.17909E+16
21733,3,4,54,35,2018,10,10,6,3,2,2,0,0,1,0,0,0,0,0,3.82998E+20,5.83933E+21,7.26883E+15,5.26912E+16
21734,3,1,54,19,2018,9,11,1,2,8,1,0,0,0,0,1,0,0,0,6.32541E+20,5.77933E+21,1.09372E+16,5.21485E+16
21735,3,4,62,19,2018,10,21,4,3,9,1,2,0,1,0,0,0,0,0,4.13436E+20,5.93278E+21,7.69383E+15,5.35368E+16
21736,3,2,41,1,2018,10,10,2,3,2,6,0,0,1,0,0,0,0,1,5.4704E+20,5.79983E+21,9.69057E+15,5.23468E+16
21737,3,1,57,7,2018,9,2,1,2,0,1,2,0,1,0,0,0,0,0,5.96546E+20,5.78828E+21,1.04138E+16,5.22364E+16
21738,3,2,54,21,2018,10,21,6,3,5,3,2,0,1,0,0,0,0,0,5.65348E+20,5.77484E+21,9.95446E+15,5.21203E+16
21739,3,3,56,9,2018,10,16,3,3,4,6,0,0,1,0,0,0,0,1,4.73439E+20,5.89834E+21,8.60207E+15,5.32336E+16
21740,3,2,57,31,2018,10,13,1,2,4,2,0,0,1,0,1,0,0,0,5.05937E+20,5.77907E+21,9.08679E+15,5.21621E+16
21741,3,1,53,9,2018,9,21,1,3,9,7,2,0,1,0,0,0,0,0,5.85754E+20,5.76153E+21,1.02491E+16,5.19978E+16
21742,3,2,41,1,2018,10,15,5,3,1,1,0,0,1,0,0,0,0,0,5.56129E+20,5.80167E+21,9.82428E+15,5.23624E+16
21743,3,1,55,11,2018,10,13,3,2,8,1,0,0,1,0,0,0,0,1,5.68451E+20,5.73267E+21,9.99138E+15,5.17408E+16
21744,3,4,60,8,2018,10,23,3,2,8,1,2,0,1,0,0,0,0,1,4.504E+20,5.8262E+21,8.26793E+15,5.25836E+16
21745,3,4,3,0,2018,10,18,1,3,2,6,0,0,1,0,0,0,0,0,4.4746E+20,5.88855E+21,8.2145E+15,5.31437E+16
21746,3,1,51,6,2018,9,18,1,3,2,2,0,0,1,0,0,0,0,0,6.10232E+20,5.80916E+21,1.0621E+16,5.24215E+16
21747,3,3,55,17,2018,10,13,5,3,2,6,0,0,1,0,0,0,0,1,5.88755E+20,5.91043E+21,1.03329E+16,5.33355E+16
21748,3,1,54,22,2018,10,16,2,2,9,1,0,0,1,0,0,0,0,1,6.31077E+20,5.79206E+21,1.09207E+16,5.22633E+16
21749,3,2,41,15,2018,10,12,3,2,5,2,0,1,1,0,0,0,0,1,5.43953E+20,5.80637E+21,9.6461E+15,5.24058E+16
21750,3,1,57,5,2018,10,18,2,2,8,1,0,0,1,0,0,0,0,1,5.88562E+20,5.78662E+21,1.02965E+16,5.22229E+16
21751,3,3,53,29,2018,10,20,2,2,8,1,2,0,1,0,0,0,0,0,5.59991E+20,5.92195E+21,9.9032E+15,5.34431E+16
21752,3,3,57,13,2018,10,12,7,3,3,6,0,0,1,0,0,1,0,0,5.22338E+20,5.89778E+21,9.33462E+15,5.32288E+16
21753,3,4,60,5,2018,9,4,7,2,8,1,2,0,1,0,0,0,0,0,4.39922E+20,5.82207E+21,8.11406E+15,5.25453E+16
21754,3,4,59,15,2018,9,0,7,3,8,7,2,0,1,0,0,0,0,0,4.45104E+20,5.77253E+21,8.19855E+15,5.21006E+16
21755,3,4,54,49,2018,10,16,2,3,5,3,0,0,1,0,0,0,0,1,3.96128E+20,5.80116E+21,7.47495E+15,5.23509E+16
21756,3,4,59,24,2018,9,15,7,3,9,7,0,0,0,0,1,0,0,0,4.52894E+20,5.78933E+21,8.30994E+15,5.22523E+16
21757,3,4,53,11,2018,10,14,6,3,5,3,0,0,1,0,1,0,0,0,4.15079E+20,5.84621E+21,7.74158E+15,5.27591E+16
21758,3,4,59,34,2018,9,1,7,3,0,1,2,1,0,0,0,0,0,0,4.29725E+20,5.76621E+21,7.97536E+15,5.20421E+16
21759,3,2,41,5,2018,10,20,4,3,2,6,2,0,1,0,0,1,1,1,5.40794E+20,5.80826E+21,9.5999E+15,5.2423E+16
21760,3,2,41,17,2018,10,4,2,3,4,6,2,0,0,0,0,1,0,0,5.4644E+20,5.78025E+21,9.67906E+15,5.21708E+16
21761,3,4,59,3,2018,9,16,7,3,9,1,0,0,0,0,1,0,0,0,4.54592E+20,5.7957E+21,8.33395E+15,5.23097E+16
21762,3,1,57,8,2018,10,1,6,3,3,7,2,0,1,0,0,1,0,0,5.9249E+20,5.7997E+21,1.03576E+16,5.23398E+16
21763,3,2,51,49,2018,10,16,3,3,9,1,0,0,1,0,0,0,0,1,4.94472E+20,5.85722E+21,8.91789E+15,5.28647E+16
21764,3,1,59,17,2018,10,16,1,3,2,6,0,0,1,0,0,0,0,0,5.49268E+20,5.69481E+21,9.70828E+15,5.14023E+16
21765,3,4,59,2,2018,9,11,7,2,0,7,0,0,0,0,1,0,0,0,4.23446E+20,5.82183E+21,7.87119E+15,5.25411E+16
21766,3,1,59,16,2018,10,15,5,3,3,6,0,0,1,0,0,0,1,0,5.6438E+20,5.7122E+21,9.92867E+15,5.15572E+16
21767,3,1,59,17,2018,10,21,3,3,5,3,2,0,1,0,0,0,0,1,5.46254E+20,5.69652E+21,9.66517E+15,5.1418E+16
21768,3,2,41,21,2018,10,13,2,3,8,6,0,0,1,0,0,1,0,0,5.32245E+20,5.80412E+21,9.47379E+15,5.23864E+16
21769,3,1,59,3,2018,10,13,7,3,8,7,0,0,1,0,0,0,0,0,6.02731E+20,5.72188E+21,1.04845E+16,5.16386E+16
21770,3,4,54,35,2018,9,11,7,2,5,2,0,0,1,0,0,1,0,0,3.84693E+20,5.84722E+21,7.29113E+15,5.27625E+16
21771,3,3,56,8,2018,10,15,2,3,2,6,0,0,1,0,0,0,0,1,4.83396E+20,5.89388E+21,8.75147E+15,5.3194E+16
21772,3,4,62,15,2018,9,14,7,3,1,6,0,0,1,0,1,0,1,0,4.10027E+20,5.94283E+21,7.63951E+15,5.36265E+16
21773,3,3,53,5,2018,10,7,6,3,2,6,0,0,1,0,0,0,0,0,5.5276E+20,5.90825E+21,9.79206E+15,5.33208E+16
21774,3,4,52,23,2018,9,15,7,3,5,3,0,1,1,0,0,0,0,0,3.93507E+20,5.92651E+21,7.39537E+15,5.34767E+16
21775,3,1,51,30,2018,10,10,4,3,2,6,0,0,1,0,0,0,1,1,6.18195E+20,5.81441E+21,1.07399E+16,5.2467E+16
21776,3,3,60,25,2018,10,10,2,3,8,7,0,0,1,0,0,0,0,0,6.03327E+20,5.86462E+21,1.05369E+16,5.29213E+16
21777,3,2,41,5,2018,10,16,7,2,3,6,0,0,1,0,0,0,0,0,5.35754E+20,5.81309E+21,9.5263E+15,5.24668E+16
21778,3,4,53,13,2018,9,8,7,3,5,3,0,0,1,0,1,0,0,0,4.11887E+20,5.88812E+21,7.68289E+15,5.31352E+16
21779,3,4,60,2,2018,10,19,2,3,8,1,2,0,1,0,0,0,0,1,4.41405E+20,5.81875E+21,8.13651E+15,5.25157E+16
21780,3,4,60,7,2018,9,14,7,3,5,3,0,1,1,0,0,0,0,0,4.38659E+20,5.81485E+21,8.09677E+15,5.24804E+16
21781,3,2,51,37,2018,10,16,6,2,4,2,0,0,1,0,1,0,0,0,4.80116E+20,5.87371E+21,8.70363E+15,5.30126E+16
21782,3,3,56,9,2018,9,17,7,2,0,3,0,1,1,0,0,0,0,0,4.72317E+20,5.89639E+21,8.58543E+15,5.32161E+16
21783,3,2,52,6,2018,10,0,4,2,8,1,2,0,1,0,0,0,0,1,5.2575E+20,5.77749E+21,9.37632E+15,5.21473E+16
21784,3,2,41,8,2018,10,16,2,3,2,6,0,0,1,0,1,0,0,1,5.6018E+20,5.81003E+21,9.88528E+15,5.24372E+16
21785,3,3,56,9,2018,9,6,7,3,8,7,2,0,1,0,0,0,0,1,4.75153E+20,5.89753E+21,8.62781E+15,5.32265E+16
21786,3,4,2,0,2018,10,7,5,3,5,3,1,0,1,0,0,0,0,1,3.81609E+20,5.91248E+21,7.22146E+15,5.33482E+16
21787,3,4,58,13,2018,10,10,3,3,2,2,0,0,1,0,0,0,0,1,4.45777E+20,5.88301E+21,8.19027E+15,5.30938E+16
21788,3,4,59,4,2018,10,17,2,1,5,3,0,1,1,0,0,0,0,0,4.32896E+20,5.77788E+21,8.01929E+15,5.21474E+16
21789,3,4,54,20,2018,10,16,7,3,2,2,0,0,1,0,0,0,0,0,3.83789E+20,5.87196E+21,7.2689E+15,5.29846E+16
21790,3,3,61,9,2018,9,12,7,2,2,6,0,0,1,0,0,0,0,0,5.06403E+20,5.87892E+21,9.09554E+15,5.30597E+16
21791,3,1,57,2,2018,10,16,5,2,9,1,0,0,1,0,0,0,0,0,5.7073E+20,5.78942E+21,1.00361E+16,5.22506E+16
21792,3,1,2,0,2018,10,20,3,3,8,6,2,0,1,0,0,0,0,1,5.94837E+20,5.78029E+21,1.03866E+16,5.21649E+16
21793,3,2,52,3,2018,10,18,7,2,8,1,1,0,0,0,1,0,0,0,5.20321E+20,5.75846E+21,9.29586E+15,5.19764E+16
21794,3,4,51,5,2018,9,5,7,2,3,6,2,0,1,0,0,0,0,0,4.42577E+20,5.90878E+21,8.13784E+15,5.33251E+16
21795,3,3,61,1,2018,10,15,2,3,2,6,0,0,1,0,0,0,0,1,4.99374E+20,5.87645E+21,8.99067E+15,5.30376E+16
21796,3,4,3,0,2018,9,14,7,3,2,6,0,0,1,0,0,0,1,0,4.4609E+20,5.8894E+21,8.19387E+15,5.31513E+16
21797,3,3,51,6,2018,10,16,6,3,2,6,0,0,1,0,0,0,0,0,5.73329E+20,5.83161E+21,1.00834E+16,5.26295E+16
21798,3,4,4,0,2018,10,22,3,2,5,3,2,0,1,0,0,0,0,0,4.35171E+20,5.79118E+21,8.05E+15,5.22672E+16
21799,3,1,51,9,2018,10,18,2,3,5,3,0,0,1,0,1,0,0,0,6.07098E+20,5.81424E+21,1.05766E+16,5.24679E+16
21800,3,4,51,5,2018,9,21,7,2,3,6,2,0,1,0,1,0,0,0,4.49262E+20,5.89718E+21,8.24006E+15,5.32215E+16
21801,3,2,51,6,2018,10,13,5,3,5,3,0,0,1,0,0,0,0,0,4.7202E+20,5.82887E+21,8.58679E+15,5.26091E+16
21802,3,2,41,1,2018,10,17,3,3,5,2,0,1,1,0,0,0,0,1,5.5699E+20,5.80445E+21,9.83739E+15,5.23873E+16
21803,3,4,52,1,2018,10,17,2,3,5,3,0,1,1,0,0,0,0,0,3.97347E+20,5.92665E+21,7.45317E+15,5.34788E+16
21804,3,4,3,0,2018,10,10,7,3,5,3,0,1,1,0,0,0,0,0,4.46368E+20,5.89136E+21,8.19769E+15,5.31689E+16
21805,3,2,54,8,2018,10,16,2,3,2,6,0,0,1,0,0,0,1,0,5.72033E+20,5.76499E+21,1.005E+16,5.20308E+16
21806,3,2,41,1,2018,10,8,2,3,0,7,0,0,1,0,0,0,1,0,5.48848E+20,5.80525E+21,9.71789E+15,5.23953E+16
21807,3,4,51,4,2018,9,18,7,3,5,3,0,1,1,0,0,0,0,0,4.28403E+20,5.88637E+21,7.93011E+15,5.31219E+16
21808,3,4,54,32,2018,10,16,5,3,5,3,0,0,1,0,0,0,0,0,3.86585E+20,5.81744E+21,7.32938E+15,5.24953E+16
21809,3,3,53,27,2018,10,21,3,3,8,7,2,0,1,0,0,0,0,1,5.49268E+20,5.90105E+21,9.73852E+15,5.32564E+16
21810,3,4,54,35,2018,10,13,2,2,3,1,0,1,1,0,0,0,0,0,3.84042E+20,5.84364E+21,7.28275E+15,5.27302E+16
21811,3,4,52,1,2018,10,12,7,3,5,3,0,0,1,0,1,0,0,0,4.04133E+20,5.92368E+21,7.55629E+15,5.34534E+16
21812,3,2,51,37,2018,9,14,7,3,0,1,0,0,1,0,0,0,0,0,4.8328E+20,5.87554E+21,8.7507E+15,5.30291E+16
21813,3,4,59,12,2018,10,17,2,2,8,1,0,0,0,0,1,0,0,1,4.47167E+20,5.78784E+21,8.22629E+15,5.22385E+16
21814,3,1,57,7,2018,10,17,2,3,5,3,0,0,1,0,0,0,0,1,5.89866E+20,5.79389E+21,1.03175E+16,5.2288E+16
21815,3,1,57,8,2018,10,13,7,3,2,2,0,0,1,0,0,0,0,0,5.95107E+20,5.79778E+21,1.03954E+16,5.23221E+16
21816,3,4,61,8,2018,9,12,7,3,2,2,0,0,1,0,0,0,1,0,4.53911E+20,5.90138E+21,8.30908E+15,5.32597E+16
21817,3,1,2,0,2018,10,20,5,3,6,1,2,0,1,1,0,0,0,0,5.90292E+20,5.7793E+21,1.03199E+16,5.21568E+16
21818,3,4,58,5,2018,10,8,2,3,8,1,0,0,1,0,0,0,0,0,4.62738E+20,5.87727E+21,8.4442E+15,5.30436E+16
21819,3,3,59,10,2018,9,13,7,3,5,2,0,1,1,0,0,0,0,0,5.47023E+20,5.92557E+21,9.70853E+15,5.3477E+16
21820,3,2,41,18,2018,10,12,6,2,5,3,0,0,1,0,0,1,0,0,5.80435E+20,5.81346E+21,1.0184E+16,5.24654E+16
21821,3,4,52,1,2018,10,18,3,2,4,6,1,0,1,0,0,0,0,1,4.00956E+20,5.92267E+21,7.50878E+15,5.34438E+16
21822,3,3,61,8,2018,10,18,1,3,5,3,0,1,1,0,0,0,0,0,5.10708E+20,5.88102E+21,9.15985E+15,5.30785E+16
21823,3,3,59,38,2018,9,22,7,2,2,6,2,0,1,0,0,0,1,0,5.30352E+20,5.9376E+21,9.45851E+15,5.35863E+16
21824,3,3,57,7,2018,10,13,5,3,8,1,0,0,1,0,0,0,0,0,5.0457E+20,5.9053E+21,9.06857E+15,5.32969E+16
21825,3,1,58,37,2018,10,10,2,3,8,1,0,0,1,0,0,0,0,1,6.09346E+20,5.78183E+21,1.05991E+16,5.21761E+16
21826,3,2,41,3,2018,10,16,3,3,2,6,1,0,1,0,0,0,0,1,5.68723E+20,5.8131E+21,1.00116E+16,5.24637E+16
21827,3,1,54,28,2018,10,13,2,3,2,6,0,0,1,0,0,0,0,0,6.40429E+20,5.78751E+21,1.10558E+16,5.22201E+16
21828,3,4,58,13,2018,10,9,2,2,8,6,0,0,1,0,0,0,0,0,4.47291E+20,5.8749E+21,8.21421E+15,5.3021E+16
21829,3,3,52,62,2018,10,14,7,3,5,3,0,0,1,0,1,0,0,0,4.89783E+20,5.94032E+21,8.84557E+15,5.36116E+16
21830,3,3,58,7,2018,9,12,7,3,2,6,0,0,1,0,0,0,0,0,5.45121E+20,5.8347E+21,9.66712E+15,5.26603E+16
21831,3,4,54,19,2018,10,13,2,2,9,7,0,0,0,0,0,1,0,0,3.97317E+20,5.83609E+21,7.48161E+15,5.2665E+16
21832,3,3,54,25,2018,9,19,7,2,8,1,2,0,1,0,0,0,0,0,6.47857E+20,5.86989E+21,1.12012E+16,5.29582E+16
21833,3,4,53,2,2018,10,16,6,3,9,1,0,0,1,0,0,0,0,0,4.29658E+20,5.8778E+21,7.95074E+15,5.30451E+16
21834,3,3,55,16,2018,9,15,7,3,5,5,0,0,1,0,0,0,1,0,5.91084E+20,5.89325E+21,1.0363E+16,5.31808E+16
21835,3,3,60,26,2018,10,3,4,2,8,7,2,0,1,0,0,0,0,1,6.12414E+20,5.87515E+21,1.06757E+16,5.30141E+16
21836,3,1,59,35,2018,10,12,2,3,8,7,0,0,1,0,0,0,0,0,5.73748E+20,5.71256E+21,1.00638E+16,5.15593E+16
21837,3,3,51,7,2018,9,18,7,2,8,1,0,0,1,0,0,0,0,0,5.83253E+20,5.82234E+21,1.02277E+16,5.25447E+16
21838,3,4,56,1,2018,10,17,2,3,2,2,0,0,1,0,0,0,0,0,3.7118E+20,5.79546E+21,7.11104E+15,5.22943E+16
21839,3,2,41,1,2018,9,20,7,3,5,3,2,0,1,0,0,0,1,0,5.47108E+20,5.79823E+21,9.69133E+15,5.23323E+16
21840,3,4,56,12,2018,10,17,6,3,5,3,0,0,1,0,0,0,0,0,3.48446E+20,5.8342E+21,6.76033E+15,5.26366E+16
21841,3,2,41,1,2018,9,14,7,3,5,2,0,0,1,0,1,0,0,0,5.4866E+20,5.80144E+21,9.71458E+15,5.23611E+16
21842,3,4,59,2,2018,10,18,4,2,8,1,0,0,0,0,1,0,0,0,4.23943E+20,5.82194E+21,7.87849E+15,5.25422E+16
21843,3,3,58,22,2018,10,16,2,3,1,7,0,0,1,0,1,0,0,0,5.40502E+20,5.85728E+21,9.60163E+15,5.28637E+16
21844,3,2,41,1,2018,9,14,7,3,3,6,0,0,1,0,1,0,0,0,5.50096E+20,5.80552E+21,9.73627E+15,5.23977E+16
21845,3,2,54,43,2018,10,16,6,1,5,3,0,0,0,0,1,1,0,0,5.52296E+20,5.76573E+21,9.76245E+15,5.20397E+16
21846,3,4,53,4,2018,10,7,3,3,5,3,2,1,0,0,0,0,0,1,4.35595E+20,5.85495E+21,8.04381E+15,5.28404E+16
21847,3,3,53,29,2018,10,15,1,3,2,6,0,0,1,0,0,1,0,0,5.6142E+20,5.91901E+21,9.92414E+15,5.34166E+16
21848,3,2,41,1,2018,9,15,7,3,3,5,0,1,1,0,0,0,0,0,5.497E+20,5.80398E+21,9.73022E+15,5.23838E+16
21849,3,2,41,1,2018,10,13,5,3,0,7,0,1,0,0,0,1,0,0,5.4916E+20,5.80337E+21,9.7222E+15,5.23784E+16
21850,3,1,58,37,2018,10,8,2,3,2,6,0,0,1,0,0,0,1,1,6.04131E+20,5.78021E+21,1.05224E+16,5.21625E+16
21851,3,1,55,13,2018,10,18,3,3,8,1,0,0,1,0,0,0,0,1,5.55575E+20,5.74584E+21,9.80704E+15,5.18605E+16
21852,3,3,59,38,2018,10,23,2,3,8,7,2,0,1,0,0,0,0,0,5.33566E+20,5.93671E+21,9.50697E+15,5.35782E+16
21853,3,3,55,49,2018,10,16,7,2,9,1,0,0,0,0,1,0,0,0,6.35794E+20,5.89465E+21,1.10322E+16,5.31838E+16
21854,3,2,41,21,2018,9,10,7,3,5,3,0,1,1,0,0,0,0,0,5.29372E+20,5.80811E+21,9.43193E+15,5.24224E+16
21855,3,4,5,0,2018,10,14,2,3,3,6,0,0,1,0,1,0,0,1,4.41024E+20,5.93145E+21,8.11029E+15,5.35286E+16
21856,3,2,41,5,2018,9,20,7,3,1,5,2,0,1,0,0,0,0,0,5.39761E+20,5.80754E+21,9.58462E+15,5.24167E+16
21857,3,3,61,13,2018,10,15,6,2,8,1,0,0,0,0,1,0,0,0,4.99716E+20,5.86931E+21,8.99577E+15,5.29734E+16
21858,3,2,41,18,2018,9,10,7,3,5,3,0,0,1,0,0,0,0,0,5.81923E+20,5.81439E+21,1.02061E+16,5.24736E+16
21859,3,1,55,12,2018,10,15,4,3,8,7,0,0,1,0,0,0,0,0,5.4798E+20,5.7228E+21,9.69357E+15,5.16542E+16
21860,3,2,41,2,2018,10,16,2,3,2,6,0,0,1,0,0,0,0,1,5.34351E+20,5.79895E+21,9.5042E+15,5.23397E+16
21861,3,2,41,1,2018,9,12,7,2,5,3,0,1,0,0,0,0,1,0,5.50031E+20,5.80503E+21,9.73524E+15,5.23932E+16
21862,3,4,59,24,2018,10,11,5,3,5,3,0,1,1,0,0,0,0,1,4.55369E+20,5.78429E+21,8.34685E+15,5.22072E+16