OBJECTID_1,ULAND,UREGBEZ,UKREIS,UGEMEINDE,UJAHR,UMONAT,USTUNDE,UWOCHENTAG,UKATEGORIE,UART,UTYP1,ULICHTVERH,IstRad,IstPKW,IstFuss,IstKrad,IstGkfz,IstSonstig,STRZUSTAND,LINREFX,LINREFY,XGCSWGS84,YGCSWGS84
21863,3,4,58,9,2018,10,21,3,2,5,3,2,0,1,0,0,0,1,1,4.52872E+20,5.8811E+21,8.29649E+15,5.30773E+16
21864,3,1,2,0,2018,10,15,1,3,0,1,0,0,0,0,1,0,0,1,5.88332E+20,5.77614E+21,1.02904E+16,5.21287E+16
21865,3,2,41,19,2018,9,11,7,3,3,6,0,0,1,0,0,0,0,0,5.53831E+20,5.82286E+21,9.79396E+15,5.25532E+16
21866,3,2,41,1,2018,10,15,2,3,0,1,0,0,0,0,1,0,0,1,5.49983E+20,5.8066E+21,9.73478E+15,5.24073E+16
21867,3,2,41,11,2018,9,10,7,2,5,3,0,0,1,0,1,0,0,0,5.77046E+20,5.80325E+21,1.01318E+16,5.23741E+16
21868,3,1,58,27,2018,10,6,6,3,5,3,2,0,1,0,0,0,0,0,6.22452E+20,5.77849E+21,1.07895E+16,5.21433E+16
21869,3,4,51,1,2018,10,15,3,3,8,1,0,0,1,0,0,0,0,1,4.18916E+20,5.89297E+21,7.78671E+15,5.31799E+16
21870,3,2,52,7,2018,10,16,1,3,9,1,0,0,0,0,1,0,0,0,5.19252E+20,5.78313E+21,9.28168E+15,5.21983E+16
21871,3,2,41,1,2018,9,8,7,3,5,2,0,0,1,0,0,0,0,0,5.4917E+20,5.80338E+21,9.72235E+15,5.23785E+16
21872,3,2,54,28,2018,10,16,5,3,4,2,0,0,1,0,0,0,0,0,5.58478E+20,5.7881E+21,9.85642E+15,5.22402E+16
21873,3,2,54,43,2018,10,19,3,1,6,6,1,0,1,1,0,0,0,1,5.57088E+20,5.76886E+21,9.83283E+15,5.20674E+16
21874,3,3,51,25,2018,10,18,2,3,5,3,1,1,0,0,1,0,0,0,5.83995E+20,5.84427E+21,1.02442E+16,5.27417E+16
21875,3,2,41,11,2018,10,15,7,3,2,6,0,0,1,0,0,1,0,0,5.69608E+20,5.80399E+21,1.00227E+16,5.23818E+16
21876,3,2,56,5,2018,9,12,7,2,4,2,0,0,1,0,1,0,0,0,5.15771E+20,5.83771E+21,9.23333E+15,5.26891E+16
21877,3,4,60,4,2018,10,12,2,2,5,3,0,0,1,0,0,1,0,0,4.56336E+20,5.84514E+21,8.35304E+15,5.27543E+16
21878,3,2,54,17,2018,9,11,7,3,0,1,0,0,0,0,1,0,0,0,5.60827E+20,5.78629E+21,9.89049E+15,5.22236E+16
21879,3,4,61,7,2018,10,13,6,3,2,6,0,0,1,0,1,0,0,0,4.63487E+20,5.92464E+21,8.44994E+15,5.34694E+16
21880,3,2,54,21,2018,9,16,7,3,2,6,0,0,1,0,0,0,0,0,5.66125E+20,5.78194E+21,9.96719E+15,5.21839E+16
21881,3,1,57,6,2018,10,21,4,3,5,3,2,0,1,0,0,0,0,0,5.84354E+20,5.79934E+21,1.02381E+16,5.23378E+16
21882,3,2,41,11,2018,10,1,2,3,0,7,2,0,0,0,0,0,1,0,5.68073E+20,5.80459E+21,1.00003E+16,5.23874E+16
21883,3,2,52,5,2018,9,13,7,3,3,2,0,0,1,0,0,0,0,0,5.27299E+20,5.7676E+21,9.39817E+15,5.20583E+16
21884,3,4,56,27,2018,10,15,5,3,5,3,0,0,1,0,0,0,0,0,3.79172E+20,5.79606E+21,7.22795E+15,5.23015E+16
21885,3,3,52,32,2018,10,8,3,3,8,7,0,0,1,0,0,0,0,1,4.73392E+20,5.92394E+21,8.59921E+15,5.34638E+16
21886,3,4,62,19,2018,9,17,1,3,5,3,0,0,1,0,0,0,0,0,4.22054E+20,5.93715E+21,7.82275E+15,5.35774E+16
21887,3,2,52,6,2018,10,15,2,3,9,1,0,0,1,0,0,0,0,1,5.26709E+20,5.76857E+21,9.38964E+15,5.20671E+16
21888,3,4,4,0,2018,10,8,2,3,6,2,0,0,1,1,0,0,0,0,4.35962E+20,5.79256E+21,8.06133E+15,5.22796E+16
21889,3,4,56,12,2018,10,14,7,2,8,1,0,0,1,0,0,0,0,0,3.48759E+20,5.83195E+21,6.76598E+15,5.26164E+16
21890,3,1,53,12,2018,9,10,7,3,2,6,0,0,1,0,0,0,0,0,5.77664E+20,5.74825E+21,1.01283E+16,5.18796E+16
21891,3,1,51,33,2018,10,18,3,3,9,1,0,0,1,0,0,0,0,1,5.95208E+20,5.82767E+21,1.04055E+16,5.25907E+16
21892,3,1,59,7,2018,10,17,7,2,4,7,0,0,1,0,1,0,0,0,5.64619E+20,5.71718E+21,9.93303E+15,5.1602E+16
21893,3,1,51,9,2018,9,15,7,3,5,2,0,0,1,0,0,0,0,0,6.03467E+20,5.81704E+21,1.0524E+16,5.24937E+16
21894,3,2,51,47,2018,10,7,2,3,2,6,0,0,1,0,0,0,0,0,4.91582E+20,5.87298E+21,8.87455E+15,5.30064E+16
21895,3,1,54,13,2018,10,0,5,3,7,7,2,0,1,0,0,0,0,0,6.24047E+20,5.79288E+21,1.08181E+16,5.22723E+16
21896,3,1,54,13,2018,10,16,3,3,8,1,0,0,1,0,0,0,0,1,6.25695E+20,5.79053E+21,1.08413E+16,5.22508E+16
21897,3,2,54,32,2018,10,17,7,2,9,1,0,0,0,0,1,0,0,0,5.78573E+20,5.77712E+21,1.01481E+16,5.2139E+16
21898,3,4,59,22,2018,9,16,6,3,8,1,0,0,0,0,1,0,0,0,4.44687E+20,5.78127E+21,8.19105E+15,5.21791E+16
21899,3,3,61,8,2018,10,15,2,2,1,5,0,1,0,0,0,0,1,0,5.08831E+20,5.88482E+21,9.13194E+15,5.31128E+16
21900,3,4,59,29,2018,9,5,6,2,7,7,2,0,1,0,0,0,0,0,4.47446E+20,5.80566E+21,8.22758E+15,5.23987E+16
21901,3,3,57,28,2018,10,16,6,3,8,6,0,0,1,0,0,0,0,0,5.16479E+20,5.89078E+21,9.2465E+15,5.31661E+16
21902,3,4,4,0,2018,9,6,6,3,5,3,1,1,0,0,0,0,1,1,4.35281E+20,5.79215E+21,8.05142E+15,5.22759E+16
21903,3,4,59,22,2018,10,16,3,2,8,1,0,0,1,0,0,0,0,1,4.40574E+20,5.78389E+21,8.13043E+15,5.22023E+16
21904,3,2,54,21,2018,10,7,2,3,5,3,1,0,1,0,0,0,0,1,5.61479E+20,5.77916E+21,9.89874E+15,5.21595E+16
21905,3,1,55,11,2018,10,13,2,2,2,6,0,0,0,0,1,0,0,0,5.68485E+20,5.72783E+21,9.99093E+15,5.16972E+16
21906,3,4,57,10,2018,9,14,6,2,2,6,0,0,1,0,0,0,1,0,4.05704E+20,5.90564E+21,7.58532E+15,5.32916E+16
21907,3,4,60,2,2018,10,17,5,3,2,2,0,0,1,0,0,0,0,0,4.44786E+20,5.81981E+21,8.18616E+15,5.25256E+16
21908,3,3,58,4,2018,10,15,3,3,5,3,0,0,0,0,1,1,0,1,5.43191E+20,5.86235E+21,9.64224E+15,5.29091E+16
21909,3,4,60,1,2018,9,14,1,3,1,2,0,0,1,0,0,0,0,0,4.46266E+20,5.84438E+21,8.20397E+15,5.27466E+16
21910,3,4,56,27,2018,10,11,2,3,2,6,0,0,1,0,0,1,0,0,3.79664E+20,5.80064E+21,7.23352E+15,5.23429E+16
21911,3,4,60,2,2018,10,17,7,3,9,1,0,0,0,0,1,0,0,0,4.41433E+20,5.8206E+21,8.13659E+15,5.25324E+16
21912,3,4,54,8,2018,9,15,6,3,9,1,0,0,1,0,0,0,0,0,3.89409E+20,5.86897E+21,7.3536E+15,5.29589E+16
21913,3,4,59,29,2018,10,12,2,3,4,2,0,1,1,0,0,0,0,0,4.46951E+20,5.80126E+21,8.22101E+15,5.2359E+16
21914,3,4,56,16,2018,9,17,6,2,9,1,0,0,0,0,1,0,0,0,3.829E+20,5.79185E+21,7.28407E+15,5.22646E+16
21915,3,1,58,39,2018,10,12,2,3,9,1,0,0,1,0,0,0,0,1,6.03542E+20,5.76727E+21,1.05098E+16,5.20463E+16
21916,3,4,59,33,2018,10,16,6,3,5,3,0,1,1,0,0,0,0,0,4.29936E+20,5.79996E+21,7.97146E+15,5.23454E+16
21917,3,4,54,32,2018,9,7,6,3,5,3,0,0,1,0,0,0,0,0,3.85281E+20,5.82152E+21,7.30877E+15,5.25317E+16
21918,3,1,1,0,2018,10,12,5,3,8,1,0,0,1,0,0,0,0,1,6.00431E+20,5.78864E+21,1.04708E+16,5.2239E+16
21919,3,3,53,7,2018,10,19,2,3,8,1,2,0,1,0,0,0,0,1,5.8393E+20,5.91781E+21,1.02624E+16,5.34027E+16
21920,3,4,62,19,2018,9,9,6,3,2,6,0,0,1,0,0,0,0,1,4.12967E+20,5.9326E+21,7.68682E+15,5.35351E+16
21921,3,2,57,6,2018,10,14,6,3,5,3,0,0,1,0,0,0,0,0,5.22641E+20,5.79828E+21,9.33228E+15,5.23344E+16
21922,3,4,52,12,2018,10,10,3,3,8,1,0,0,0,0,0,0,1,1,3.98049E+20,5.91721E+21,7.46679E+15,5.33941E+16
21923,3,3,61,8,2018,9,18,1,2,1,5,0,0,1,0,1,0,0,0,5.10045E+20,5.88431E+21,9.15005E+15,5.31081E+16
21924,3,4,51,2,2018,10,15,1,3,5,3,0,1,1,0,0,0,0,0,4.39955E+20,5.89372E+21,8.10133E+15,5.31895E+16
21925,3,4,52,23,2018,9,8,6,2,6,4,0,0,1,1,0,0,0,0,3.94056E+20,5.92651E+21,7.40364E+15,5.34769E+16
21926,3,3,57,39,2018,10,17,5,3,2,6,0,0,1,0,0,0,0,0,5.26605E+20,5.88402E+21,9.3974E+15,5.3105E+16
21927,3,4,60,8,2018,9,18,6,3,2,2,0,0,1,0,0,0,0,0,4.44632E+20,5.82758E+21,8.18258E+15,5.25954E+16
21928,3,2,41,21,2018,10,17,6,3,2,6,0,0,1,0,0,0,0,0,5.30474E+20,5.80823E+21,9.44814E+15,5.24234E+16
21929,3,4,57,13,2018,10,7,3,3,5,3,1,1,1,0,0,0,0,0,3.94025E+20,5.89842E+21,7.41258E+15,5.32245E+16
21930,3,4,54,18,2018,10,11,1,3,8,1,0,0,1,0,0,0,0,0,3.72471E+20,5.85187E+21,7.10828E+15,5.28015E+16
21931,3,4,5,0,2018,9,22,6,3,2,6,2,0,1,0,0,0,0,0,4.40243E+20,5.93146E+21,8.09851E+15,5.35287E+16
21932,3,3,53,2,2018,10,13,5,3,5,3,0,0,1,0,0,0,0,0,5.65289E+20,5.90499E+21,9.97946E+15,5.32901E+16
21933,3,2,41,1,2018,10,20,3,3,5,2,2,1,1,0,0,0,0,1,5.54526E+20,5.80949E+21,9.80201E+15,5.24329E+16
21934,3,3,61,2,2018,9,15,1,2,5,3,0,1,1,0,0,0,0,0,5.09216E+20,5.86763E+21,9.1372E+15,5.29582E+16
21935,3,4,5,0,2018,10,10,2,3,6,4,0,0,1,1,0,0,0,0,4.42045E+20,5.93137E+21,8.1257E+15,5.3528E+16
21936,3,2,51,20,2018,10,14,7,3,2,6,0,0,1,0,1,0,0,0,4.57678E+20,5.81806E+21,8.37639E+15,5.2511E+16
21937,3,4,5,0,2018,9,18,6,3,2,6,0,0,1,0,0,0,0,0,4.37478E+20,5.9312E+21,8.05685E+15,5.3526E+16
21938,3,4,56,16,2018,10,18,2,2,9,1,0,0,1,0,0,0,0,1,3.82901E+20,5.79184E+21,7.28408E+15,5.22644E+16
21939,3,3,61,1,2018,9,12,6,3,5,3,0,0,1,0,0,0,1,0,5.02108E+20,5.87439E+21,9.03143E+15,5.30191E+16
21940,3,4,54,35,2018,10,12,6,2,5,3,0,1,1,0,0,0,0,0,3.84536E+20,5.84445E+21,7.28977E+15,5.27376E+16
21941,3,4,51,2,2018,9,11,6,3,8,1,0,0,1,0,0,0,0,0,4.33737E+20,5.89314E+21,8.00841E+15,5.31835E+16
21942,3,4,54,34,2018,10,15,4,3,0,1,0,0,0,0,1,0,0,0,3.918E+20,5.8058E+21,7.40993E+15,5.23917E+16
21943,3,3,51,6,2018,10,15,2,3,3,6,0,1,0,0,0,0,1,0,5.73871E+20,5.83298E+21,1.00917E+16,5.26418E+16
21944,3,4,3,0,2018,9,15,6,3,2,2,0,0,1,0,0,0,1,0,4.47759E+20,5.88637E+21,8.21931E+15,5.31242E+16
21945,3,2,54,45,2018,10,15,6,3,2,6,0,0,1,0,0,0,0,0,5.62223E+20,5.76546E+21,9.90712E+15,5.20363E+16
21946,3,4,55,27,2018,10,12,3,2,8,1,0,0,1,0,0,0,0,1,4.28924E+20,5.91629E+21,7.93121E+15,5.33909E+16
21947,3,2,51,7,2018,9,6,1,3,8,1,1,0,1,0,0,0,0,0,4.79814E+20,5.8555E+21,8.70025E+15,5.28489E+16
21948,3,2,41,19,2018,10,10,1,3,2,6,0,0,1,0,0,0,0,0,5.53815E+20,5.82291E+21,9.79374E+15,5.25536E+16
21949,3,2,51,31,2018,9,0,6,2,9,1,2,0,1,0,0,0,0,0,4.8415E+20,5.84621E+21,8.76509E+15,5.27655E+16
21950,3,2,41,1,2018,10,18,5,3,6,4,0,0,1,1,0,0,0,1,5.56628E+20,5.80795E+21,9.83268E+15,5.24188E+16
21951,3,1,55,11,2018,10,16,3,3,8,1,0,0,1,0,0,0,0,1,5.68445E+20,5.73268E+21,9.99131E+15,5.17408E+16
21952,3,4,61,5,2018,9,9,1,3,5,3,0,0,1,0,0,0,0,0,4.5113E+20,5.90635E+21,8.26663E+15,5.33041E+16
21953,3,3,57,51,2018,10,19,2,3,4,6,1,0,1,0,0,0,0,0,5.41343E+20,5.87314E+21,9.61614E+15,5.30062E+16
21954,3,2,41,18,2018,10,9,7,3,4,2,0,0,1,0,0,0,0,0,5.81944E+20,5.8144E+21,1.02064E+16,5.24736E+16
21955,3,2,51,19,2018,9,15,6,3,5,3,0,0,1,0,0,0,0,0,4.65639E+20,5.82848E+21,8.4926E+15,5.26053E+16
21956,3,4,53,7,2018,10,19,2,2,5,3,1,0,1,0,0,0,0,1,4.25771E+20,5.86639E+21,7.89538E+15,5.2942E+16
21957,3,4,58,13,2018,9,12,6,3,3,6,0,0,1,0,0,0,0,0,4.47277E+20,5.8749E+21,8.21399E+15,5.3021E+16
21958,3,2,41,5,2018,10,20,3,2,5,3,2,0,1,0,0,0,0,1,5.4008E+20,5.81004E+21,9.58961E+15,5.24391E+16
21959,3,3,52,38,2018,10,16,2,3,5,3,0,1,1,0,0,0,0,0,4.92667E+20,5.95974E+21,8.8887E+15,5.37862E+16
21960,3,3,59,10,2018,10,10,7,3,2,6,0,0,1,0,0,0,0,0,5.49187E+20,5.92289E+21,9.7407E+15,5.34527E+16
21961,3,4,1,0,2018,9,15,6,3,2,6,0,0,1,0,0,0,0,0,4.75235E+20,5.87915E+21,8.63046E+15,5.30613E+16
21962,3,3,52,32,2018,9,21,6,3,5,3,2,0,1,0,0,0,0,0,4.76167E+20,5.92726E+21,8.64076E+15,5.34938E+16
21963,3,4,54,10,2018,10,17,2,3,2,6,0,0,1,0,0,0,0,1,3.83993E+20,5.80593E+21,7.29521E+15,5.23914E+16
21964,3,3,53,31,2018,9,16,6,3,5,2,0,0,1,0,0,0,0,0,5.676E+20,5.91585E+21,1.00164E+16,5.33874E+16
21965,3,4,60,10,2018,10,12,6,3,2,2,0,0,1,0,0,0,0,0,4.52598E+20,5.85224E+21,8.29662E+15,5.28178E+16
21966,3,3,59,28,2018,9,18,6,3,5,3,0,1,1,0,0,0,0,0,5.46585E+20,5.93117E+21,9.70276E+15,5.35274E+16
21967,3,2,41,5,2018,10,2,4,3,8,1,2,0,1,0,0,0,0,1,5.37466E+20,5.81022E+21,9.55118E+15,5.24409E+16
21968,3,2,41,21,2018,10,17,2,3,8,1,1,0,1,0,0,0,0,1,5.27658E+20,5.8069E+21,9.40662E+15,5.24116E+16
21969,3,3,59,10,2018,9,13,6,3,5,3,0,0,1,0,0,1,0,0,5.50652E+20,5.92168E+21,9.76257E+15,5.34417E+16
21970,3,1,53,17,2018,10,14,6,3,5,3,0,0,1,0,1,0,0,0,6.08373E+20,5.75761E+21,1.05772E+16,5.19586E+16
21971,3,2,51,33,2018,10,18,3,3,9,1,0,0,1,0,0,0,0,1,5.01821E+20,5.85975E+21,9.02706E+15,5.28874E+16
21972,3,3,52,60,2018,9,17,1,1,9,6,0,0,0,0,1,0,0,0,4.74598E+20,5.90626E+21,8.61879E+15,5.33049E+16
21973,3,1,59,17,2018,10,17,1,2,2,6,0,0,1,0,0,0,0,0,5.46508E+20,5.69401E+21,9.6685E+15,5.13954E+16
21974,3,3,57,47,2018,9,16,6,3,4,7,0,0,1,0,0,0,0,0,5.07299E+20,5.89796E+21,9.10934E+15,5.32309E+16
21975,3,2,52,6,2018,10,19,5,3,6,4,2,0,1,1,0,0,0,0,5.24183E+20,5.77039E+21,9.35292E+15,5.20836E+16
21976,3,2,52,4,2018,10,15,3,2,2,2,0,0,1,0,0,0,0,1,5.3387E+20,5.7759E+21,9.49483E+15,5.21326E+16
21977,3,2,41,12,2018,10,10,2,3,9,7,0,0,1,0,0,0,0,0,5.32961E+20,5.82296E+21,9.48617E+15,5.25557E+16
21978,3,2,41,19,2018,10,11,7,3,2,6,0,0,1,0,0,0,1,0,5.53601E+20,5.82342E+21,9.79066E+15,5.25582E+16
21979,3,3,57,57,2018,9,16,6,3,5,3,0,0,1,0,0,1,0,0,5.17539E+20,5.90605E+21,9.26319E+15,5.33034E+16
21980,3,4,5,0,2018,10,16,2,3,2,6,0,0,1,0,0,0,0,1,4.3776E+20,5.93123E+21,8.0611E+15,5.35263E+16
21981,3,3,60,4,2018,9,14,6,3,0,3,0,0,1,0,1,0,0,0,5.99794E+20,5.88907E+21,1.04919E+16,5.31417E+16
21982,3,3,52,61,2018,10,17,6,3,8,1,0,0,0,0,1,0,0,0,4.69172E+20,5.95186E+21,8.53289E+15,5.37145E+16
21983,3,3,60,25,2018,9,8,6,3,5,3,0,0,1,0,0,0,0,0,6.02967E+20,5.86405E+21,1.05314E+16,5.29162E+16
21984,3,1,53,17,2018,10,12,4,2,8,1,0,0,0,0,1,0,0,1,5.9497E+20,5.74689E+21,1.03793E+16,5.18647E+16
21985,3,1,55,11,2018,10,16,2,3,5,3,0,0,1,0,0,0,0,0,5.68565E+20,5.7283E+21,9.99218E+15,5.17015E+16
21986,3,3,51,6,2018,9,10,6,3,3,2,0,0,1,0,0,0,0,0,5.74148E+20,5.83139E+21,1.00955E+16,5.26274E+16
21987,3,4,54,32,2018,10,18,5,3,4,2,1,0,1,0,0,0,0,0,3.8669E+20,5.81721E+21,7.331E+15,5.24932E+16
21988,3,3,53,23,2018,10,9,3,3,0,3,0,0,0,0,1,1,0,1,5.90768E+20,5.91961E+21,1.03658E+16,5.34177E+16
21989,3,4,51,5,2018,10,12,6,3,5,3,0,0,1,0,0,0,0,0,4.43988E+20,5.90405E+21,8.15987E+15,5.32827E+16
21990,3,2,41,1,2018,9,17,6,3,3,6,0,0,1,0,0,1,0,0,5.4854E+20,5.80162E+21,9.71284E+15,5.23628E+16
21991,3,2,52,5,2018,10,12,4,2,0,1,0,0,0,0,1,0,0,0,5.34774E+20,5.76668E+21,9.5071E+15,5.20496E+16
21992,3,2,41,4,2018,10,15,2,3,5,3,0,0,1,0,0,0,1,1,5.58385E+20,5.81893E+21,9.86043E+15,5.25174E+16
21993,3,2,41,1,2018,9,12,6,3,3,6,0,0,1,0,1,0,0,0,5.50095E+20,5.80561E+21,9.73628E+15,5.23985E+16
21994,3,4,4,0,2018,10,7,5,2,0,1,0,1,0,0,0,0,0,0,4.34205E+20,5.79424E+21,8.03524E+15,5.22946E+16
21995,3,4,58,13,2018,10,12,3,3,8,1,0,0,1,0,0,0,0,1,4.42455E+20,5.88094E+21,8.14103E+15,5.30748E+16
21996,3,3,52,22,2018,9,17,1,3,9,1,0,0,1,1,0,0,0,0,5.08679E+20,5.95071E+21,9.13148E+15,5.3705E+16
21997,3,4,57,22,2018,10,12,7,3,4,6,0,0,1,0,0,0,1,0,3.91856E+20,5.88574E+21,7.38439E+15,5.31101E+16
21998,3,2,41,15,2018,9,18,6,3,9,7,0,1,0,0,0,0,0,0,5.43959E+20,5.80543E+21,9.64607E+15,5.23973E+16
21999,3,1,58,28,2018,10,18,5,3,3,2,1,0,1,0,0,0,0,0,5.83581E+20,5.76476E+21,1.02182E+16,5.20271E+16
22000,3,1,57,6,2018,10,15,3,2,8,1,0,0,1,0,0,0,0,1,5.79479E+20,5.79453E+21,1.01654E+16,5.22954E+16
22001,3,2,55,3,2018,10,13,7,2,8,1,0,0,0,0,1,0,0,0,5.35436E+20,5.75174E+21,9.51521E+15,5.19152E+16
22002,3,2,41,12,2018,9,17,6,3,4,6,0,1,0,0,0,0,0,0,5.31799E+20,5.81263E+21,9.46804E+15,5.24629E+16
22003,3,3,61,6,2018,10,17,2,3,2,6,0,0,1,0,0,0,0,1,5.1259E+20,5.86969E+21,9.1875E+15,5.29767E+16
22004,3,2,41,2,2018,9,14,6,3,5,3,0,0,1,0,0,0,0,0,5.31991E+20,5.79752E+21,9.46943E+15,5.23271E+16
22005,3,3,51,12,2018,10,10,6,2,2,2,0,0,1,0,1,0,0,0,5.63125E+20,5.83286E+21,9.93293E+15,5.2642E+16
22006,3,4,4,0,2018,10,23,3,3,2,6,2,0,1,0,0,0,0,0,4.37107E+20,5.79312E+21,8.07799E+15,5.22848E+16
22007,3,2,52,4,2018,10,15,2,3,5,2,0,0,1,0,0,0,1,1,5.33092E+20,5.76976E+21,9.48286E+15,5.20774E+16
22008,3,1,51,15,2018,10,19,2,3,5,3,2,0,1,0,1,0,0,0,5.9703E+20,5.81233E+21,1.04279E+16,5.24525E+16
22009,3,2,41,2,2018,9,8,6,3,4,6,0,0,1,0,0,0,0,1,5.35109E+20,5.79457E+21,9.51487E+15,5.23004E+16
22010,3,4,51,2,2018,10,17,5,3,3,6,0,0,1,0,0,0,0,0,4.33179E+20,5.89828E+21,7.99898E+15,5.32296E+16
22011,3,2,41,1,2018,10,21,3,3,4,1,2,0,1,0,0,0,0,1,5.48705E+20,5.80137E+21,9.71523E+15,5.23604E+16
22012,3,3,53,26,2018,9,12,1,3,3,6,0,0,1,0,0,0,0,0,5.53915E+20,5.91389E+21,9.81035E+15,5.33714E+16
22013,3,4,52,19,2018,10,11,2,2,5,3,0,0,1,0,0,0,0,0,3.83819E+20,5.93657E+21,7.24573E+15,5.35651E+16
22014,3,3,61,3,2018,10,13,7,2,2,2,0,0,1,0,0,0,0,0,5.14888E+20,5.85972E+21,9.22127E+15,5.2887E+16
22015,3,2,41,11,2018,9,6,6,3,2,6,1,0,1,0,0,0,0,1,5.75889E+20,5.79948E+21,1.01139E+16,5.23404E+16
22016,3,4,4,0,2018,10,16,2,3,2,6,0,0,1,0,0,0,1,1,4.3442E+20,5.79447E+21,8.03835E+15,5.22967E+16
22017,3,2,41,20,2018,9,15,6,2,2,6,0,0,1,0,1,0,0,0,5.41361E+20,5.7903E+21,9.60602E+15,5.22615E+16
22018,3,4,54,41,2018,10,15,6,3,2,2,0,0,1,0,0,0,0,0,3.89437E+20,5.87952E+21,7.35041E+15,5.30537E+16
22019,3,3,53,29,2018,9,14,1,3,3,2,0,0,1,0,1,0,0,0,5.56215E+20,5.9178E+21,9.84562E+15,5.34063E+16
22020,3,4,54,41,2018,10,16,2,3,2,2,0,0,1,0,0,0,0,0,3.94853E+20,5.88255E+21,7.4302E+15,5.30821E+16
22021,3,4,52,12,2018,10,17,7,2,8,1,0,0,0,0,1,0,0,0,3.9241E+20,5.91353E+21,7.38328E+15,5.336E+16
22022,3,2,41,11,2018,9,16,6,1,9,1,0,0,0,0,0,0,1,0,5.61211E+20,5.80447E+21,9.89942E+15,5.23871E+16
22023,3,1,1,0,2018,10,21,3,3,2,6,2,0,1,0,0,0,0,1,6.08332E+20,5.79688E+21,1.05891E+16,5.23115E+16
22024,3,1,58,6,2018,10,13,7,3,5,3,0,0,1,0,1,0,0,0,6.10747E+20,5.79049E+21,1.06224E+16,5.22537E+16
22025,3,2,41,9,2018,9,13,6,3,5,3,0,1,1,0,0,0,0,0,5.57053E+20,5.79228E+21,9.83626E+15,5.22779E+16
22026,3,1,57,7,2018,10,15,5,3,2,6,0,0,1,0,0,0,0,0,5.96956E+20,5.79062E+21,1.04205E+16,5.22574E+16
22027,3,2,51,40,2018,10,14,2,2,4,1,0,0,1,0,0,0,0,1,4.8699E+20,5.8355E+21,8.80761E+15,5.26693E+16
22028,3,1,59,3,2018,9,4,6,2,8,1,2,0,1,0,0,0,0,0,6.09826E+20,5.72493E+21,1.0588E+16,5.16646E+16
22029,3,2,41,18,2018,10,17,6,3,5,3,0,0,1,0,0,0,1,0,5.81936E+20,5.8144E+21,1.02063E+16,5.24736E+16
22030,3,4,62,5,2018,10,7,3,2,9,1,1,0,0,0,0,1,0,1,4.29469E+20,5.92113E+21,7.93833E+15,5.34345E+16
22031,3,3,59,10,2018,9,9,1,3,5,2,0,0,1,0,0,0,0,0,5.46225E+20,5.92464E+21,9.69636E+15,5.34687E+16
22032,3,3,56,10,2018,10,13,1,3,2,2,0,0,1,0,0,0,0,0,4.91777E+20,5.90774E+21,8.87655E+15,5.33188E+16
22033,3,1,55,1,2018,9,21,6,2,9,1,2,0,1,0,0,0,0,0,5.75679E+20,5.74725E+21,1.00992E+16,5.18709E+16
22034,3,3,59,37,2018,10,9,5,2,8,1,0,0,1,0,0,0,0,1,5.35851E+20,5.91667E+21,9.53918E+15,5.33979E+16
22035,3,2,41,10,2018,10,10,3,3,2,6,0,0,1,0,0,0,0,1,5.49132E+20,5.81179E+21,9.72302E+15,5.2454E+16
22036,3,3,55,8,2018,9,19,1,3,1,7,2,0,1,0,0,0,0,0,5.87159E+20,5.89142E+21,1.03038E+16,5.3165E+16
22037,3,4,3,0,2018,10,13,2,3,4,2,0,0,1,0,1,0,0,0,4.48389E+20,5.88762E+21,8.22853E+15,5.31355E+16
22038,3,3,52,32,2018,10,12,7,3,0,5,0,0,1,0,0,0,1,0,4.76805E+20,5.92451E+21,8.65058E+15,5.34691E+16
22039,3,1,59,7,2018,10,15,2,2,8,1,0,0,1,0,0,0,0,1,5.58603E+20,5.71581E+21,9.84595E+15,5.15903E+16
22040,3,2,54,13,2018,9,7,6,3,8,1,0,0,1,0,0,0,0,1,5.48895E+20,5.77033E+21,9.71353E+15,5.20814E+16
22041,3,4,56,14,2018,10,6,2,3,2,2,2,0,1,0,0,0,0,0,3.59525E+20,5.81808E+21,6.93076E+15,5.24948E+16
22042,3,2,54,5,2018,9,12,6,3,5,2,0,1,0,0,0,1,0,0,5.70238E+20,5.77213E+21,1.00253E+16,5.20952E+16
22043,3,4,54,35,2018,10,22,6,2,2,6,2,0,1,0,0,0,0,0,3.76056E+20,5.83868E+21,7.16641E+15,5.26839E+16
22044,3,2,54,21,2018,9,13,6,3,2,6,0,0,1,0,1,0,0,0,5.66166E+20,5.78217E+21,9.96783E+15,5.2186E+16
22045,3,4,53,1,2018,10,0,4,3,9,1,2,0,1,0,0,0,0,1,4.17985E+20,5.88713E+21,7.77427E+15,5.31273E+16
22046,3,2,41,1,2018,10,11,2,3,2,6,0,0,1,0,0,0,0,0,5.48993E+20,5.79973E+21,9.71921E+15,5.23457E+16
22047,3,2,52,2,2018,9,7,6,3,5,3,0,0,1,0,0,0,0,1,5.31552E+20,5.78423E+21,9.46175E+15,5.22076E+16
22048,3,2,52,1,2018,10,6,6,3,5,3,2,0,1,0,1,0,0,0,5.20803E+20,5.76828E+21,9.30346E+15,5.20647E+16
22049,3,3,56,8,2018,10,11,3,3,5,3,0,0,1,0,0,0,0,1,4.83815E+20,5.89313E+21,8.75777E+15,5.31872E+16
22050,3,2,41,1,2018,9,11,1,3,2,6,0,0,1,0,0,0,0,0,5.44121E+20,5.80713E+21,9.64868E+15,5.24126E+16