OBJECTID_1,ULAND,UREGBEZ,UKREIS,UGEMEINDE,UJAHR,UMONAT,USTUNDE,UWOCHENTAG,UKATEGORIE,UART,UTYP1,ULICHTVERH,IstRad,IstPKW,IstFuss,IstKrad,IstGkfz,IstSonstig,STRZUSTAND,LINREFX,LINREFY,XGCSWGS84,YGCSWGS84
22239,3,3,56,5,2018,10,12,6,3,3,2,0,1,1,0,0,0,0,0,4.95447E+20,5.88933E+21,8.93191E+15,5.31534E+16
22240,3,3,58,22,2018,10,17,3,3,4,1,1,0,1,0,0,0,1,1,5.39941E+20,5.85446E+21,9.59295E+15,5.28384E+16
22241,3,2,41,1,2018,10,8,3,3,5,3,0,1,0,0,0,0,0,0,5.51571E+20,5.80249E+21,9.75748E+15,5.23702E+16
22242,3,2,41,16,2018,10,19,5,2,8,7,2,0,1,0,0,0,0,0,5.67048E+20,5.79497E+21,9.98327E+15,5.23009E+16
22243,3,3,51,6,2018,10,13,1,3,6,6,0,1,0,1,0,0,0,0,5.7211E+20,5.83062E+21,1.00652E+16,5.26208E+16
22244,3,1,51,12,2018,10,6,5,1,4,6,2,0,1,0,1,0,0,1,5.96848E+20,5.80911E+21,1.04243E+16,5.24237E+16
22245,3,1,55,5,2018,10,8,6,2,5,3,0,0,1,0,0,1,0,0,5.60261E+20,5.72159E+21,9.87088E+15,5.16421E+16
22246,3,2,41,1,2018,10,20,5,3,2,6,2,0,1,0,0,0,1,0,5.43583E+20,5.80821E+21,9.6409E+15,5.24224E+16
22247,3,2,51,37,2018,10,10,7,3,2,6,0,0,1,0,0,0,0,0,4.79672E+20,5.87283E+21,8.69707E+15,5.30047E+16
22248,3,4,56,20,2018,10,13,2,3,2,6,0,0,1,0,0,0,1,0,3.79854E+20,5.79507E+21,7.2383E+15,5.22929E+16
22249,3,2,41,2,2018,10,15,5,2,2,6,0,0,1,0,1,0,0,0,5.30051E+20,5.7979E+21,9.441E+15,5.23306E+16
22250,3,3,55,30,2018,10,9,4,3,0,1,0,0,0,0,1,0,0,1,6.04646E+20,5.898E+21,1.05674E+16,5.3221E+16
22251,3,2,41,1,2018,10,9,5,3,3,6,0,0,1,0,0,0,0,0,5.49984E+20,5.80885E+21,9.73512E+15,5.24275E+16
22252,3,2,54,8,2018,10,8,7,3,3,6,0,0,1,0,0,1,0,0,5.8085E+20,5.76632E+21,1.01788E+16,5.20416E+16
22253,3,2,41,1,2018,10,10,2,3,3,6,0,0,1,0,0,1,0,0,5.49748E+20,5.80255E+21,9.73072E+15,5.23709E+16
22254,3,4,57,20,2018,10,13,3,3,8,6,0,0,1,0,0,0,0,0,4.2349E+20,5.905E+21,7.85225E+15,5.32887E+16
22255,3,1,59,2,2018,10,6,5,3,3,6,2,0,1,0,0,0,0,0,5.82315E+20,5.737E+21,1.01932E+16,5.17778E+16
22256,3,4,59,4,2018,10,1,1,2,0,7,2,0,1,0,0,0,0,0,4.3511E+20,5.7797E+21,8.0513E+15,5.2164E+16
22257,3,3,52,44,2018,10,22,5,2,2,6,2,0,1,0,1,0,0,0,5.14094E+20,5.95101E+21,9.21351E+15,5.37075E+16
22258,3,2,51,12,2018,10,5,6,3,9,6,2,0,1,0,0,1,0,0,4.54548E+20,5.83558E+21,8.32786E+15,5.26682E+16
22259,3,4,57,14,2018,10,13,7,2,8,1,0,0,0,0,1,0,0,0,3.89378E+20,5.90998E+21,7.33897E+15,5.33274E+16
22260,3,2,57,12,2018,10,6,3,3,2,6,2,0,1,0,0,0,0,0,5.07499E+20,5.78601E+21,9.10978E+15,5.22244E+16
22261,3,1,59,19,2018,10,14,5,3,5,1,0,1,1,0,0,0,0,0,5.92228E+20,5.72408E+21,1.03334E+16,5.16601E+16
22262,3,2,57,6,2018,10,14,1,3,2,6,0,0,1,0,0,0,0,0,5.2727E+20,5.7983E+21,9.40022E+15,5.23343E+16
22263,3,4,53,7,2018,10,12,4,3,2,6,0,0,1,0,0,0,0,0,4.22051E+20,5.88242E+21,7.83617E+15,5.30855E+16
22264,3,1,58,19,2018,10,11,6,1,4,1,0,0,1,0,1,0,0,0,6.06154E+20,5.77014E+21,1.05488E+16,5.20716E+16
22265,3,1,59,2,2018,10,6,5,3,3,1,2,0,1,0,0,0,0,0,5.82315E+20,5.737E+21,1.01932E+16,5.17778E+16
22266,3,3,59,11,2018,10,8,7,2,8,1,0,0,1,0,0,0,0,0,5.28497E+20,5.93111E+21,9.42989E+15,5.35282E+16
22267,3,3,56,8,2018,10,16,2,3,2,6,0,0,1,0,0,0,0,0,4.8379E+20,5.89316E+21,8.75741E+15,5.31876E+16
22268,3,1,55,13,2018,10,15,5,3,2,6,0,0,1,0,1,0,0,0,5.57471E+20,5.74269E+21,9.83405E+15,5.18321E+16
22269,3,2,41,1,2018,10,9,4,3,5,3,0,0,1,0,0,0,0,0,5.49374E+20,5.80321E+21,9.72532E+15,5.23769E+16
22270,3,1,55,12,2018,10,14,1,2,2,6,0,0,1,0,0,0,0,0,5.47174E+20,5.7227E+21,9.68191E+15,5.16533E+16
22271,3,4,4,0,2018,10,18,4,3,5,3,1,1,1,0,0,0,0,0,4.39396E+20,5.79015E+21,8.11208E+15,5.22584E+16
22272,3,1,59,31,2018,10,6,6,3,0,1,1,0,1,0,0,0,0,0,5.49663E+20,5.70096E+21,9.71482E+15,5.14577E+16
22273,3,2,56,17,2018,10,17,5,3,1,6,0,0,0,0,1,0,1,0,5.08406E+20,5.82355E+21,9.12401E+15,5.25619E+16
22274,3,3,53,9,2018,10,17,7,3,9,6,0,0,1,0,0,0,0,0,5.71246E+20,5.89087E+21,1.00656E+16,5.31625E+16
22275,3,4,60,6,2018,10,16,2,3,2,6,0,0,1,0,0,0,0,0,4.43906E+20,5.83159E+21,8.17119E+15,5.26314E+16
22276,3,2,54,22,2018,10,19,5,3,2,6,2,0,1,0,0,0,0,0,5.75072E+20,5.77504E+21,1.00965E+16,5.21208E+16
22277,3,4,52,10,2018,10,6,5,3,2,6,2,0,1,0,0,0,0,0,3.8534E+20,5.93686E+21,7.26859E+15,5.35681E+16
22278,3,2,41,5,2018,10,8,4,3,6,2,0,0,1,1,0,0,0,0,5.4165E+20,5.80632E+21,9.61224E+15,5.24055E+16
22279,3,4,53,8,2018,10,10,5,3,5,3,0,0,0,0,0,1,1,0,4.34522E+20,5.86863E+21,8.02514E+15,5.29633E+16
22280,3,2,54,21,2018,10,7,5,3,5,3,0,0,1,0,0,0,0,0,5.59631E+20,5.77792E+21,9.87151E+15,5.21485E+16
22281,3,1,59,34,2018,10,10,7,3,3,6,0,1,1,0,0,0,0,0,5.39676E+20,5.68933E+21,9.56978E+15,5.13538E+16
22282,3,2,41,10,2018,10,13,2,3,2,6,0,0,1,0,0,0,0,0,5.50598E+20,5.81173E+21,9.74458E+15,5.24534E+16
22283,3,4,54,32,2018,10,18,3,3,1,1,0,1,1,0,0,0,0,0,3.86984E+20,5.82041E+21,7.33424E+15,5.25221E+16
22284,3,1,59,17,2018,10,8,5,3,2,6,0,0,0,0,0,1,0,0,5.44701E+20,5.69121E+21,9.64217E+15,5.13704E+16
22285,3,4,54,35,2018,10,1,1,3,4,6,2,1,0,0,0,0,0,0,3.86074E+20,5.83587E+21,7.31552E+15,5.26608E+16
22286,3,3,60,4,2018,10,14,5,3,2,6,0,0,1,0,0,0,0,0,5.98694E+20,5.88918E+21,1.04755E+16,5.31429E+16
22287,3,3,58,21,2018,10,19,6,3,2,2,2,0,1,0,0,0,1,0,5.64458E+20,5.87394E+21,9.96074E+15,5.30111E+16
22288,3,4,56,24,2018,10,6,7,3,5,3,2,0,1,0,0,0,0,0,3.45896E+20,5.82214E+21,6.72829E+15,5.25275E+16
22289,3,2,54,21,2018,10,7,3,3,5,3,1,0,1,0,1,0,0,0,5.63959E+20,5.7805E+21,9.93525E+15,5.21713E+16
22290,3,1,59,16,2018,10,11,5,3,2,6,0,0,0,0,1,0,1,0,5.63664E+20,5.70977E+21,9.9179E+15,5.15355E+16
22291,3,2,55,25,2018,10,12,1,2,8,1,0,0,0,0,1,0,0,0,5.40732E+20,5.75572E+21,9.59268E+15,5.19507E+16
22292,3,3,56,4,2018,10,19,4,3,9,7,2,0,1,0,0,0,0,0,4.91816E+20,5.91098E+21,8.87706E+15,5.33479E+16
22293,3,1,53,504,2018,10,19,6,3,8,1,1,0,0,0,1,0,0,0,6.06475E+20,5.74554E+21,1.05459E+16,5.18505E+16
22294,3,1,58,37,2018,10,14,5,3,1,5,0,0,1,0,0,0,0,0,5.99113E+20,5.7778E+21,1.04483E+16,5.21418E+16
22295,3,3,55,37,2018,10,11,7,3,8,1,0,0,0,0,1,0,0,0,6.25235E+20,5.89696E+21,1.08752E+16,5.32072E+16
22296,3,4,61,3,2018,10,15,2,2,7,7,0,0,1,0,0,0,0,0,4.54594E+20,5.93956E+21,8.31381E+15,5.36029E+16
22297,3,1,53,12,2018,10,10,5,3,4,2,0,0,1,0,0,0,0,0,5.79415E+20,5.74747E+21,1.01535E+16,5.18723E+16
22298,3,1,55,6,2018,10,7,4,3,6,4,0,0,1,1,0,0,0,0,5.77322E+20,5.73577E+21,1.01205E+16,5.17675E+16
22299,3,1,53,17,2018,10,12,5,3,3,6,0,0,1,0,0,1,0,0,5.96576E+20,5.75309E+21,1.04043E+16,5.19201E+16
22300,3,1,51,6,2018,10,10,7,3,5,7,0,0,1,0,0,0,0,0,6.09968E+20,5.8088E+21,1.0617E+16,5.24183E+16
22301,3,1,59,4,2018,10,17,2,3,2,6,0,0,1,0,0,0,0,0,6.06937E+20,5.71654E+21,1.05437E+16,5.15898E+16
22302,3,2,51,47,2018,10,19,3,3,5,3,2,0,1,0,0,0,0,0,4.87771E+20,5.871E+21,8.81783E+15,5.29884E+16
22303,3,1,51,39,2018,10,8,5,3,2,6,0,0,1,0,0,0,0,0,6.16028E+20,5.81416E+21,1.0708E+16,5.24652E+16
22304,3,4,60,3,2018,10,14,1,3,2,6,0,0,1,0,0,0,0,0,4.40963E+20,5.82984E+21,8.12802E+15,5.26154E+16
22305,3,2,57,31,2018,10,17,5,3,2,6,0,0,1,0,0,0,0,1,5.05494E+20,5.78297E+21,9.08038E+15,5.21972E+16
22306,3,1,51,9,2018,10,4,5,3,4,6,2,0,1,0,0,0,1,0,6.02218E+20,5.82088E+21,1.05068E+16,5.25284E+16
22307,3,1,2,0,2018,10,16,7,3,0,7,0,1,0,0,0,0,0,0,5.94436E+20,5.76783E+21,1.03773E+16,5.20531E+16
22308,3,2,41,8,2018,10,17,2,3,3,6,0,0,1,0,0,1,0,0,5.6031E+20,5.80892E+21,9.88699E+15,5.24272E+16
22309,3,4,53,3,2018,10,15,3,3,5,3,0,0,1,0,0,0,0,0,4.36737E+20,5.84944E+21,8.06184E+15,5.2791E+16
22310,3,1,54,13,2018,10,16,5,3,2,6,0,0,0,0,0,1,0,0,6.22072E+20,5.79737E+21,1.07908E+16,5.23131E+16
22311,3,3,56,5,2018,10,14,1,3,3,6,0,0,1,0,1,0,0,0,4.88279E+20,5.89247E+21,8.82462E+15,5.31814E+16
22312,3,2,41,8,2018,10,13,5,3,2,6,0,0,1,0,0,0,0,0,5.53068E+20,5.81188E+21,9.78095E+15,5.24545E+16
22313,3,3,55,6,2018,10,20,6,2,1,5,2,0,1,0,1,0,0,0,5.91455E+20,5.88915E+21,1.03673E+16,5.31439E+16
22314,3,4,60,2,2018,10,16,7,3,5,3,0,1,1,0,0,0,0,0,4.51766E+20,5.82328E+21,8.28852E+15,5.25575E+16
22315,3,1,3,0,2018,10,16,3,3,5,3,0,0,1,0,1,0,0,0,6.20198E+20,5.81002E+21,1.07678E+16,5.24272E+16
22316,3,4,59,5,2018,10,10,4,3,5,3,0,0,1,0,1,0,0,0,4.38169E+20,5.77246E+21,8.09734E+15,5.20992E+16
22317,3,1,3,0,2018,10,9,1,3,8,1,0,0,1,0,0,0,0,0,6.22003E+20,5.81146E+21,1.07949E+16,5.24397E+16
22318,3,2,51,40,2018,10,8,4,3,4,2,0,0,1,0,0,0,0,0,4.89136E+20,5.83676E+21,8.8393E+15,5.26807E+16
22319,3,4,59,1,2018,10,16,5,3,5,2,0,0,1,0,0,1,0,0,4.28519E+20,5.81756E+21,7.9469E+15,5.25035E+16
22320,3,4,59,22,2018,10,6,4,3,8,1,2,0,1,0,0,0,0,1,4.4496E+20,5.78187E+21,8.19493E+15,5.21845E+16
22321,3,2,41,14,2018,10,17,7,3,5,2,0,0,1,0,0,0,0,0,5.45506E+20,5.79932E+21,9.66797E+15,5.23423E+16
22322,3,3,56,9,2018,10,15,2,3,9,6,0,0,1,0,0,1,0,0,4.78359E+20,5.8948E+21,8.67601E+15,5.32021E+16
22323,3,4,59,2,2018,10,14,4,3,2,1,0,0,1,0,0,1,0,0,4.21218E+20,5.82339E+21,7.83797E+15,5.25549E+16
22324,3,1,3,0,2018,10,9,4,3,2,6,0,0,1,0,1,0,0,0,6.23379E+20,5.81611E+21,1.08168E+16,5.24812E+16
22325,3,4,59,2,2018,10,10,4,2,6,4,0,0,1,1,0,0,0,0,4.23314E+20,5.82178E+21,7.86926E+15,5.25407E+16
22326,3,4,59,9,2018,10,19,6,2,9,7,2,0,1,0,0,0,0,0,4.17097E+20,5.8313E+21,7.77523E+15,5.26254E+16
22327,3,2,52,6,2018,10,11,2,2,5,2,0,1,1,0,0,0,0,0,5.24157E+20,5.77339E+21,9.35275E+15,5.21105E+16
22328,3,4,55,26,2018,10,17,5,3,4,6,0,1,0,0,1,0,0,0,4.40757E+20,5.91479E+21,8.1094E+15,5.33789E+16
22329,3,4,53,8,2018,10,11,6,2,3,6,0,0,1,0,0,1,0,0,4.30806E+20,5.86486E+21,7.97062E+15,5.29289E+16
22330,3,4,61,7,2018,10,14,3,3,0,1,0,0,0,0,1,0,0,0,4.64856E+20,5.92554E+21,8.47046E+15,5.34777E+16
22331,3,4,4,0,2018,10,20,4,3,8,7,2,0,1,0,1,0,0,0,4.35715E+20,5.79234E+21,8.05773E+15,5.22777E+16
22332,3,3,59,2,2018,10,19,1,2,9,1,2,0,0,0,1,0,0,1,5.30062E+20,5.91749E+21,9.4522E+15,5.34056E+16
22333,3,2,52,7,2018,10,16,5,3,5,1,0,0,1,0,0,0,0,0,5.18504E+20,5.77972E+21,9.27055E+15,5.21676E+16
22334,3,2,41,19,2018,10,11,6,1,8,1,0,0,0,0,1,0,0,0,5.41731E+20,5.82038E+21,9.6152E+15,5.25319E+16
22335,3,4,4,0,2018,10,11,4,3,3,6,0,0,1,0,1,0,0,0,4.35509E+20,5.79077E+21,8.05503E+15,5.22636E+16
22336,3,4,53,5,2018,10,16,7,3,9,7,0,0,1,0,0,0,0,0,4.47441E+20,5.85483E+21,8.2197E+15,5.28406E+16
22337,3,4,54,51,2018,10,12,2,2,5,2,0,0,1,0,0,0,0,0,3.9965E+20,5.86938E+21,7.50587E+15,5.29647E+16
22338,3,4,57,9,2018,10,15,4,3,2,6,0,0,1,0,0,0,1,0,4.10865E+20,5.9101E+21,7.66147E+15,5.33325E+16
22339,3,3,57,1,2018,10,15,4,3,4,2,0,0,1,0,0,0,0,0,5.21743E+20,5.87744E+21,9.32433E+15,5.3046E+16
22340,3,4,57,13,2018,10,16,4,3,2,2,0,0,1,0,0,0,0,0,4.01258E+20,5.90151E+21,7.51992E+15,5.32536E+16
22341,3,2,41,12,2018,10,10,6,3,5,3,0,1,0,0,0,0,1,0,5.30747E+20,5.81794E+21,9.45305E+15,5.25108E+16
22342,3,4,54,41,2018,10,9,4,2,4,2,0,0,1,0,0,0,0,0,3.9635E+20,5.87988E+21,7.45339E+15,5.30583E+16
22343,3,4,3,0,2018,10,9,7,3,5,3,0,0,1,0,1,0,0,0,4.45842E+20,5.88825E+21,8.19036E+15,5.31409E+16
22344,3,1,3,0,2018,10,13,3,3,2,6,0,0,1,0,0,0,0,0,6.17335E+20,5.80371E+21,1.07235E+16,5.23711E+16
22345,3,4,54,41,2018,10,5,4,3,5,3,2,1,1,0,0,0,0,0,3.89809E+20,5.88449E+21,7.35425E+15,5.30984E+16
22346,3,1,53,18,2018,10,18,1,3,6,7,1,0,1,1,0,0,0,0,5.91922E+20,5.74006E+21,1.03332E+16,5.18038E+16
22347,3,3,59,3,2018,10,19,4,3,5,2,2,0,1,0,0,0,0,0,5.39459E+20,5.9248E+21,9.59446E+15,5.34707E+16
22348,3,4,56,1,2018,10,12,4,2,5,3,0,1,1,0,0,0,0,0,3.7119E+20,5.79545E+21,7.11119E+15,5.22943E+16
22349,3,2,41,11,2018,10,12,7,3,9,1,0,0,0,0,1,0,0,0,5.61128E+20,5.80536E+21,9.89836E+15,5.23951E+16
22350,3,3,53,3,2018,10,20,2,3,1,5,2,0,1,0,0,0,1,0,5.63887E+20,5.91075E+21,9.95959E+15,5.3342E+16
22351,3,1,53,12,2018,10,8,4,3,1,5,0,0,1,0,0,1,0,0,5.82533E+20,5.7489E+21,1.01992E+16,5.18847E+16
22352,3,3,56,7,2018,10,15,5,3,2,6,0,0,1,0,0,0,0,0,4.84188E+20,5.89812E+21,8.76312E+15,5.32321E+16
22353,3,4,54,35,2018,10,15,4,3,2,6,0,0,1,0,0,0,0,0,3.84161E+20,5.83959E+21,7.28594E+15,5.26938E+16
22354,3,4,54,10,2018,10,13,6,2,5,3,0,1,1,0,0,0,0,0,3.83968E+20,5.80591E+21,7.29486E+15,5.23911E+16
22355,3,1,2,0,2018,10,6,2,3,2,2,2,0,1,0,1,0,0,0,5.9954E+20,5.78408E+21,1.04564E+16,5.21982E+16
22356,3,3,61,9,2018,10,5,5,2,8,7,2,0,0,0,0,1,0,0,5.06896E+20,5.87916E+21,9.10291E+15,5.30619E+16
22357,3,4,3,0,2018,10,16,6,3,2,6,0,0,1,0,0,0,0,0,4.46099E+20,5.88943E+21,8.19399E+15,5.31515E+16
22358,3,3,54,13,2018,10,14,3,3,5,2,0,0,1,0,0,0,0,0,6.39602E+20,5.87194E+21,1.10793E+16,5.29789E+16
22359,3,2,41,19,2018,10,14,3,3,5,3,0,1,1,0,0,0,0,0,5.50679E+20,5.8206E+21,9.74713E+15,5.25332E+16
22360,3,4,56,25,2018,10,5,4,3,8,1,2,0,1,0,0,0,0,0,3.77806E+20,5.82086E+21,7.19887E+15,5.25241E+16
22361,3,2,41,19,2018,10,12,1,3,2,6,0,0,1,0,1,0,1,0,5.49383E+20,5.82196E+21,9.72822E+15,5.25455E+16
22362,3,4,59,5,2018,10,16,4,3,5,3,0,0,1,0,0,0,0,0,4.39425E+20,5.77197E+21,8.11575E+15,5.2095E+16
22363,3,2,57,31,2018,10,7,6,3,2,6,0,0,1,0,0,0,0,0,5.08017E+20,5.78449E+21,9.11733E+15,5.22108E+16
22364,3,4,62,6,2018,10,15,4,3,4,2,0,0,1,0,0,0,0,0,4.06961E+20,5.94363E+21,7.59293E+15,5.36332E+16
22365,3,4,61,7,2018,10,10,7,3,5,2,0,0,1,0,0,0,0,0,4.68044E+20,5.93044E+21,8.518E+15,5.35219E+16
22366,3,4,52,24,2018,10,14,2,2,5,3,0,1,1,0,0,0,0,0,3.86239E+20,5.9319E+21,7.28396E+15,5.35237E+16
22367,3,4,52,21,2018,10,22,4,3,5,2,2,0,1,0,1,0,0,0,3.85188E+20,5.93277E+21,7.26779E+15,5.35313E+16
22368,3,4,53,7,2018,10,13,5,3,2,6,0,0,1,0,0,1,0,0,4.28999E+20,5.88253E+21,7.93987E+15,5.30875E+16
22369,3,3,51,6,2018,10,17,4,3,5,3,0,1,1,0,0,0,0,0,5.75908E+20,5.8289E+21,1.01209E+16,5.26048E+16
22370,3,3,56,7,2018,10,10,5,3,4,6,0,0,1,0,0,0,0,0,4.91985E+20,5.9005E+21,8.87987E+15,5.32537E+16
22371,3,4,53,1,2018,10,18,4,3,4,2,0,0,1,0,1,0,0,0,4.15447E+20,5.8916E+21,7.73517E+15,5.3167E+16
22372,3,2,55,2,2018,10,14,7,2,4,1,0,0,0,0,1,0,0,0,5.35328E+20,5.75109E+21,9.51357E+15,5.19094E+16
22373,3,2,41,1,2018,10,17,2,3,5,2,0,1,1,0,0,0,0,0,5.52012E+20,5.79955E+21,9.7635E+15,5.23438E+16
22374,3,4,54,26,2018,10,7,3,3,5,2,1,0,1,0,0,0,0,0,4.1179E+20,5.84918E+21,7.69204E+15,5.27853E+16
22375,3,4,53,11,2018,10,18,4,3,8,1,1,0,1,0,0,0,0,0,4.16437E+20,5.84649E+21,7.76163E+15,5.27618E+16
22376,3,4,59,32,2018,10,18,1,3,8,1,1,0,1,0,0,0,0,0,4.17225E+20,5.81283E+21,7.78172E+15,5.24594E+16
22377,3,3,52,11,2018,10,15,5,3,2,6,0,0,1,0,0,0,0,0,4.80557E+20,5.96798E+21,8.70437E+15,5.38599E+16
22378,3,3,53,40,2018,10,20,6,2,5,3,2,0,1,0,0,0,0,0,5.77732E+20,5.90755E+21,1.01667E+16,5.33115E+16
22379,3,1,55,9,2018,10,15,7,3,2,6,0,1,1,0,0,0,0,0,5.60114E+20,5.72396E+21,9.86915E+15,5.16634E+16
22380,3,3,51,26,2018,10,16,2,3,5,2,0,0,1,0,1,0,0,0,5.733E+20,5.85401E+21,1.0088E+16,5.28309E+16
22381,3,4,57,8,2018,10,13,5,2,2,6,0,0,0,0,0,1,0,0,4.0825E+20,5.90115E+21,7.6248E+15,5.32517E+16
22382,3,4,59,25,2018,10,7,3,2,3,6,1,0,1,0,1,0,0,0,4.24769E+20,5.83755E+21,7.88712E+15,5.26827E+16
22383,3,4,53,4,2018,10,12,4,3,5,3,0,1,1,0,0,0,0,0,4.36616E+20,5.85511E+21,8.05895E+15,5.2842E+16
22384,3,4,53,2,2018,10,12,6,3,5,3,0,0,1,0,0,0,0,0,4.29829E+20,5.87344E+21,7.95424E+15,5.3006E+16
22385,3,4,59,24,2018,10,14,1,3,0,7,0,0,0,0,1,0,0,0,4.58075E+20,5.77645E+21,8.38742E+15,5.21369E+16
22386,3,4,51,2,2018,10,15,5,3,5,3,0,0,1,0,0,0,0,0,4.30961E+20,5.89655E+21,7.96613E+15,5.32138E+16
22387,3,4,3,0,2018,10,10,6,3,5,3,0,0,1,0,0,0,0,0,4.44587E+20,5.88669E+21,8.17187E+15,5.31267E+16
22388,3,4,59,14,2018,10,16,7,2,5,3,0,0,0,0,1,0,1,0,4.30904E+20,5.80978E+21,7.98364E+15,5.24339E+16
22389,3,1,59,36,2018,10,19,3,3,8,6,2,0,1,0,0,0,1,0,6.10282E+20,5.71743E+21,1.05922E+16,5.15971E+16
22390,3,3,56,5,2018,10,22,4,3,2,6,2,0,0,0,1,0,0,0,4.95168E+20,5.89053E+21,8.92772E+15,5.31641E+16
22391,3,2,57,3,2018,10,16,1,3,2,2,0,0,1,0,1,0,0,0,5.1249E+20,5.78582E+21,9.18284E+15,5.22227E+16
22392,3,4,54,41,2018,10,7,4,2,2,6,1,0,1,0,0,0,0,0,3.9234E+20,5.88212E+21,7.39283E+15,5.30777E+16
22393,3,1,59,16,2018,10,13,6,3,6,6,0,1,0,1,0,0,0,0,5.65274E+20,5.70809E+21,9.94079E+15,5.15201E+16
22394,3,3,56,11,2018,10,18,4,3,2,7,0,0,1,0,0,0,0,0,4.9829E+20,5.90651E+21,8.97434E+15,5.33078E+16
22395,3,3,59,28,2018,10,10,7,3,5,2,0,0,1,0,0,0,0,0,5.42976E+20,5.93076E+21,9.64826E+15,5.3524E+16
22396,3,4,55,26,2018,10,16,2,3,5,2,0,1,1,0,0,0,0,0,4.42625E+20,5.91637E+21,8.13719E+15,5.33933E+16
22397,3,3,61,12,2018,10,18,4,1,9,1,0,0,0,0,1,0,0,0,5.19468E+20,5.86281E+21,9.28952E+15,5.29146E+16
22398,3,4,53,8,2018,10,14,5,2,0,2,0,0,1,0,1,0,0,0,4.34793E+20,5.8684E+21,8.02921E+15,5.29612E+16
22399,3,2,41,1,2018,10,19,4,2,0,1,2,0,0,0,1,0,0,0,5.46649E+20,5.80132E+21,9.68502E+15,5.23602E+16
22400,3,4,51,5,2018,10,17,4,2,2,6,0,0,1,0,0,1,0,0,4.4262E+20,5.90839E+21,8.13857E+15,5.33216E+16
22401,3,1,58,14,2018,10,23,7,2,9,1,2,0,0,0,0,0,1,0,6.01639E+20,5.77097E+21,1.04832E+16,5.208E+16
22402,3,2,41,11,2018,10,18,2,3,2,6,0,0,1,0,0,0,0,0,5.61091E+20,5.80565E+21,9.89787E+15,5.23976E+16
22403,3,4,53,1,2018,10,13,3,3,5,3,0,1,1,0,0,0,0,0,4.14708E+20,5.89075E+21,7.72435E+15,5.31593E+16
22404,3,4,51,7,2018,10,9,4,3,2,6,0,0,1,0,0,0,0,0,4.26752E+20,5.90412E+21,7.90138E+15,5.32813E+16
22405,3,4,54,31,2018,10,16,1,3,0,1,0,0,0,0,1,0,0,0,4.0035E+20,5.82392E+21,7.53012E+15,5.25562E+16
22406,3,2,41,1,2018,10,13,5,3,5,2,0,1,1,0,0,0,0,0,5.53956E+20,5.7986E+21,9.79189E+15,5.2335E+16
22407,3,3,57,48,2018,10,19,6,1,2,6,2,0,1,0,1,0,0,0,5.34941E+20,5.90535E+21,9.52424E+15,5.32962E+16
22408,3,4,54,56,2018,10,11,7,2,2,6,0,0,1,0,0,0,0,0,3.82387E+20,5.86367E+21,7.25104E+15,5.29099E+16
22409,3,2,52,6,2018,10,7,3,3,2,6,1,0,1,0,0,0,0,0,5.26961E+20,5.77227E+21,9.39361E+15,5.21003E+16
22410,3,4,51,2,2018,10,17,4,3,5,3,0,1,1,0,0,0,0,0,4.42006E+20,5.89181E+21,8.13237E+15,5.31725E+16
22411,3,2,52,5,2018,10,14,1,3,1,5,0,0,1,0,1,0,0,0,5.28783E+20,5.76329E+21,9.41945E+15,5.20195E+16
22412,3,3,61,3,2018,10,17,4,3,8,6,0,0,1,0,0,0,0,0,5.18636E+20,5.8552E+21,9.2767E+15,5.28463E+16
22413,3,1,51,24,2018,10,13,6,3,2,6,0,0,1,0,0,0,1,0,6.27888E+20,5.81734E+21,1.08837E+16,5.24912E+16
22414,3,4,3,0,2018,10,19,4,3,4,6,2,1,0,0,0,0,0,0,4.48941E+20,5.88936E+21,8.23651E+15,5.31512E+16
22415,3,3,55,14,2018,10,11,7,3,9,7,0,0,1,0,0,0,0,0,5.9622E+20,5.89692E+21,1.04409E+16,5.32129E+16
22416,3,4,1,0,2018,10,21,2,3,5,2,2,0,1,0,0,1,0,0,4.75605E+20,5.87694E+21,8.63615E+15,5.30414E+16
22417,3,4,57,20,2018,10,14,7,3,8,1,0,0,0,0,1,0,0,0,4.17298E+20,5.90204E+21,7.76015E+15,5.32611E+16
22418,3,2,54,43,2018,10,18,3,3,9,1,2,0,1,0,0,0,0,0,5.55119E+20,5.77559E+21,9.80519E+15,5.21281E+16
22419,3,2,51,47,2018,10,13,4,3,5,3,0,1,1,0,0,0,0,0,4.86852E+20,5.86767E+21,8.80428E+15,5.29584E+16
22420,3,2,54,45,2018,10,16,1,2,4,1,0,0,1,0,1,0,0,0,5.62091E+20,5.76997E+21,9.90601E+15,5.20768E+16
22421,3,3,56,5,2018,10,6,4,2,5,3,2,0,1,0,0,0,1,1,4.93776E+20,5.89149E+21,8.90688E+15,5.31727E+16
22422,3,1,2,0,2018,10,15,6,2,4,2,0,1,1,0,0,0,0,0,5.92455E+20,5.77888E+21,1.03514E+16,5.21527E+16
22423,3,2,51,43,2018,10,14,4,2,5,3,0,0,1,0,0,0,0,0,4.80916E+20,5.82713E+21,8.71827E+15,5.25939E+16
22424,3,3,60,4,2018,10,12,7,3,2,6,0,0,1,0,0,0,0,0,5.9763E+20,5.89021E+21,1.046E+16,5.31523E+16
22425,3,4,3,0,2018,10,17,2,3,2,7,0,1,0,0,0,0,1,0,4.48942E+20,5.88936E+21,8.23652E+15,5.31512E+16
22426,3,2,51,14,2018,10,6,4,3,8,1,2,0,0,0,1,0,0,0,4.71949E+20,5.8427E+21,8.58457E+15,5.27334E+16