OBJECTID_1,ULAND,UREGBEZ,UKREIS,UGEMEINDE,UJAHR,UMONAT,USTUNDE,UWOCHENTAG,UKATEGORIE,UART,UTYP1,ULICHTVERH,IstRad,IstPKW,IstFuss,IstKrad,IstGkfz,IstSonstig,STRZUSTAND,LINREFX,LINREFY,XGCSWGS84,YGCSWGS84
22427,3,2,41,4,2018,10,7,4,1,4,6,1,0,1,0,0,0,0,0,5.63108E+20,5.81457E+21,9.9292E+15,5.24776E+16
22428,3,4,58,7,2018,10,21,4,3,2,6,2,0,1,0,0,0,0,0,4.45272E+20,5.86921E+21,8.18507E+15,5.29697E+16
22429,3,1,53,2,2018,10,17,7,3,6,4,0,0,1,1,0,0,0,0,6.0653E+20,5.7499E+21,1.0548E+16,5.18897E+16
22430,3,2,41,1,2018,10,12,2,3,5,3,0,1,1,0,0,0,0,0,5.56722E+20,5.80435E+21,9.83344E+15,5.23864E+16
22431,3,3,61,8,2018,10,11,3,3,0,7,0,1,1,0,0,0,0,1,5.09457E+20,5.88504E+21,9.1413E+15,5.31147E+16
22432,3,2,51,37,2018,10,16,4,3,2,6,0,0,1,0,0,0,1,0,4.80026E+20,5.87292E+21,8.70233E+15,5.30055E+16
22433,3,2,51,41,2018,10,9,1,3,9,1,0,0,0,0,1,0,0,0,4.93697E+20,5.86189E+21,8.90628E+15,5.29066E+16
22434,3,2,41,1,2018,10,15,5,2,5,2,0,1,0,0,0,0,0,0,5.49953E+20,5.80414E+21,9.73397E+15,5.23853E+16
22435,3,3,51,6,2018,10,19,6,3,0,1,2,0,1,0,0,0,0,0,5.7475E+20,5.82865E+21,1.01037E+16,5.26027E+16
22436,3,4,5,0,2018,10,9,7,3,2,6,0,0,1,0,0,0,0,0,4.36943E+20,5.93981E+21,8.04705E+15,5.36033E+16
22437,3,1,57,7,2018,10,7,3,3,2,6,0,0,1,0,0,0,0,0,5.95344E+20,5.79088E+21,1.0397E+16,5.22601E+16
22438,3,4,61,9,2018,10,13,4,3,5,3,0,1,0,0,0,0,1,0,4.57206E+20,5.91689E+21,8.35638E+15,5.33994E+16
22439,3,1,57,6,2018,10,16,1,3,5,3,0,0,1,0,0,0,0,0,5.84267E+20,5.79885E+21,1.02367E+16,5.23335E+16
22440,3,4,58,8,2018,10,18,4,3,5,3,1,0,1,0,1,0,0,0,4.71673E+20,5.86085E+21,8.57891E+15,5.28966E+16
22441,3,3,61,12,2018,10,17,5,3,2,6,0,0,1,0,0,0,0,0,5.15471E+20,5.86496E+21,9.23019E+15,5.29341E+16
22442,3,4,57,3,2018,10,16,5,3,4,2,0,0,1,0,0,0,0,0,4.03735E+20,5.90336E+21,7.55648E+15,5.32707E+16
22443,3,4,61,4,2018,10,13,4,3,4,6,0,0,1,0,0,0,1,0,4.53737E+20,5.89115E+21,8.30796E+15,5.31677E+16
22444,3,2,41,10,2018,10,11,7,3,4,2,0,0,1,0,0,0,0,0,5.48298E+20,5.8093E+21,9.7104E+15,5.24318E+16
22445,3,3,53,31,2018,10,13,2,3,4,2,0,0,1,0,0,0,0,0,5.65235E+20,5.91854E+21,9.98143E+15,5.34119E+16
22446,3,1,58,39,2018,10,14,4,3,2,2,0,0,1,0,0,0,0,0,6.02985E+20,5.76438E+21,1.05009E+16,5.20204E+16
22447,3,4,58,7,2018,10,6,4,2,9,7,2,0,1,0,0,0,0,0,4.50656E+20,5.87139E+21,8.26489E+15,5.29898E+16
22448,3,4,2,0,2018,10,12,6,3,2,6,0,0,1,0,0,0,0,0,3.80806E+20,5.91699E+21,7.2077E+15,5.33886E+16
22449,3,1,3,0,2018,10,13,2,3,2,6,0,0,1,0,0,0,0,0,6.24453E+20,5.81291E+21,1.08314E+16,5.24521E+16
22450,3,4,5,0,2018,10,18,5,3,5,3,2,1,1,0,0,0,0,0,4.39819E+20,5.93108E+21,8.09218E+15,5.35252E+16
22451,3,4,55,7,2018,10,17,6,3,1,5,0,0,1,0,0,0,0,0,4.26485E+20,5.93618E+21,7.88988E+15,5.35693E+16
22452,3,3,53,32,2018,10,10,3,3,5,3,0,0,1,0,0,0,0,0,5.75643E+20,5.91333E+21,1.01367E+16,5.33637E+16
22453,3,4,58,14,2018,10,16,4,3,5,3,0,1,1,0,0,0,0,0,4.62243E+20,5.86035E+21,8.43879E+15,5.28915E+16
22454,3,2,56,22,2018,10,13,4,3,5,2,0,1,1,0,0,0,0,0,5.15052E+20,5.83381E+21,9.22251E+15,5.2654E+16
22455,3,4,1,0,2018,10,17,4,3,3,5,0,1,1,0,0,0,0,0,4.76707E+20,5.87798E+21,8.6525E+15,5.30508E+16
22456,3,4,59,24,2018,10,17,6,3,7,1,0,1,0,0,0,0,0,0,4.50832E+20,5.78753E+21,8.27999E+15,5.2236E+16
22457,3,2,54,21,2018,10,15,2,3,2,6,0,0,1,0,0,0,0,0,5.6651E+20,5.77919E+21,9.97228E+15,5.21592E+16
22458,3,2,51,12,2018,10,6,3,3,4,2,2,0,1,0,1,0,0,0,4.53272E+20,5.82955E+21,8.30984E+15,5.26139E+16
22459,3,3,53,31,2018,10,11,4,3,3,6,0,0,1,0,0,0,0,0,5.69127E+20,5.91143E+21,1.00384E+16,5.33475E+16
22460,3,3,53,31,2018,10,16,1,2,2,6,0,0,1,0,1,0,0,0,5.68026E+20,5.91638E+21,1.00229E+16,5.33921E+16
22461,3,2,54,21,2018,10,13,5,3,2,6,0,0,1,0,0,0,0,0,5.64119E+20,5.77858E+21,9.93722E+15,5.2154E+16
22462,3,2,41,16,2018,10,12,6,3,5,2,0,1,1,0,0,0,0,0,5.65725E+20,5.79599E+21,9.96408E+15,5.23103E+16
22463,3,3,53,4,2018,10,12,4,3,5,2,0,1,1,0,0,0,0,0,5.6975E+20,5.90597E+21,1.00466E+16,5.32983E+16
22464,3,2,51,49,2018,10,18,7,3,7,1,1,0,0,0,1,0,0,0,4.93315E+20,5.85489E+21,8.90075E+15,5.28437E+16
22465,3,4,59,4,2018,10,9,2,3,2,6,0,0,1,0,0,0,0,0,4.34856E+20,5.7792E+21,8.04768E+15,5.21594E+16
22466,3,3,59,10,2018,10,11,4,3,5,3,0,1,1,0,0,0,0,0,5.45774E+20,5.92477E+21,9.68958E+15,5.34699E+16
22467,3,4,59,13,2018,10,15,7,3,2,6,0,0,1,0,1,0,1,0,4.48535E+20,5.81413E+21,8.24229E+15,5.24749E+16
22468,3,3,59,13,2018,10,13,4,2,6,4,0,0,1,1,0,0,0,0,5.25718E+20,5.95496E+21,9.38994E+15,5.37427E+16
22469,3,4,51,8,2018,10,18,5,3,5,3,1,0,1,0,1,0,0,0,4.40881E+20,5.89556E+21,8.11484E+15,5.3206E+16
22470,3,3,58,7,2018,10,13,4,3,2,6,0,0,1,0,0,0,0,0,5.4667E+20,5.83708E+21,9.69036E+15,5.26816E+16
22471,3,2,41,19,2018,10,12,7,3,2,6,0,0,1,0,0,0,0,0,5.53896E+20,5.82268E+21,9.79489E+15,5.25515E+16
22472,3,3,59,28,2018,10,5,2,3,0,7,2,0,1,0,1,0,0,0,5.47668E+20,5.93243E+21,9.71929E+15,5.35386E+16
22473,3,1,1,0,2018,10,13,4,3,2,6,0,0,1,0,0,0,1,0,6.02022E+20,5.7903E+21,1.04946E+16,5.22536E+16
22474,3,3,61,9,2018,10,7,5,2,4,2,0,0,1,0,0,0,0,0,5.01999E+20,5.87825E+21,9.02982E+15,5.30537E+16
22475,3,3,58,22,2018,10,18,4,3,5,3,2,1,1,0,0,0,0,0,5.41094E+20,5.85757E+21,9.61045E+15,5.28663E+16
22476,3,4,52,1,2018,10,23,6,3,2,6,2,0,1,0,0,0,0,0,4.02797E+20,5.92101E+21,7.537E+15,5.34291E+16
22477,3,1,51,38,2018,10,19,2,2,5,3,2,0,1,0,0,0,0,0,6.01081E+20,5.82797E+21,1.04922E+16,5.25924E+16
22478,3,4,3,0,2018,10,10,5,3,2,6,0,0,1,0,1,0,0,1,4.45106E+20,5.88995E+21,8.17906E+15,5.31561E+16
22479,3,4,51,5,2018,10,17,6,3,6,4,0,0,1,1,0,0,1,0,4.46178E+20,5.90035E+21,8.19334E+15,5.32497E+16
22480,3,2,41,7,2018,10,18,3,2,6,4,1,0,1,1,0,0,0,0,5.51521E+20,5.79603E+21,9.75576E+15,5.23122E+16
22481,3,3,57,51,2018,10,7,4,3,2,2,0,0,1,0,0,0,0,0,5.41071E+20,5.86907E+21,9.61157E+15,5.29697E+16
22482,3,2,41,19,2018,10,11,1,3,2,6,0,0,1,0,0,0,0,0,5.52321E+20,5.8257E+21,9.77213E+15,5.25789E+16
22483,3,4,59,3,2018,10,9,4,3,4,6,0,0,1,0,0,0,0,0,4.59401E+20,5.796E+21,8.40446E+15,5.23128E+16
22484,3,2,55,34,2018,10,18,6,3,5,3,0,0,1,0,1,0,0,0,5.42864E+20,5.74813E+21,9.62276E+15,5.18823E+16
22485,3,4,61,4,2018,10,9,5,3,4,6,0,0,1,0,0,0,0,0,4.62822E+20,5.8952E+21,8.44337E+15,5.32048E+16
22486,3,3,55,49,2018,10,6,4,3,6,6,2,0,1,1,0,0,0,0,6.37107E+20,5.8954E+21,1.10522E+16,5.31902E+16
22487,3,3,52,32,2018,10,21,7,3,5,2,2,0,1,0,0,0,0,0,4.80348E+20,5.92548E+21,8.70389E+15,5.34779E+16
22488,3,4,53,7,2018,10,15,2,1,5,3,0,1,1,0,0,0,0,0,4.22195E+20,5.87559E+21,7.83997E+15,5.30242E+16
22489,3,3,55,30,2018,10,16,4,3,2,6,0,0,1,0,1,0,0,0,6.04492E+20,5.90286E+21,1.05667E+16,5.32647E+16
22490,3,3,51,6,2018,10,16,3,3,2,6,0,0,1,0,0,0,0,0,5.74374E+20,5.82961E+21,1.00984E+16,5.26114E+16
22491,3,3,55,3,2018,10,12,4,3,8,1,0,0,1,0,0,0,0,0,5.97857E+20,5.91303E+21,1.04704E+16,5.33574E+16
22492,3,3,51,6,2018,10,13,1,2,2,6,0,0,1,0,0,0,0,0,5.72262E+20,5.82662E+21,1.00666E+16,5.25848E+16
22493,3,1,59,16,2018,10,8,5,3,4,2,0,1,1,0,0,0,0,0,5.65191E+20,5.70867E+21,9.93971E+15,5.15254E+16
22494,3,1,59,4,2018,10,19,6,3,2,6,2,0,1,0,0,0,0,0,6.06948E+20,5.71655E+21,1.05438E+16,5.15898E+16
22495,3,3,51,10,2018,10,13,4,3,2,2,0,0,1,0,0,0,0,0,5.74565E+20,5.85907E+21,1.01079E+16,5.28762E+16
22496,3,4,58,9,2018,10,12,7,2,2,6,0,0,1,0,0,0,0,0,4.59544E+20,5.87888E+21,8.39636E+15,5.30579E+16
22497,3,4,54,35,2018,10,10,2,3,2,2,0,0,1,0,0,0,0,0,3.81982E+20,5.83854E+21,7.25409E+15,5.26839E+16
22498,3,2,41,1,2018,10,19,4,3,2,2,1,0,1,0,1,0,0,0,5.49235E+20,5.80113E+21,9.72297E+15,5.23582E+16
22499,3,3,55,24,2018,10,15,4,3,2,6,0,0,1,0,0,1,0,0,5.93911E+20,5.89364E+21,1.04054E+16,5.31838E+16
22500,3,4,61,4,2018,10,19,5,3,5,3,1,0,1,0,0,0,0,0,4.58862E+20,5.89543E+21,8.38406E+15,5.32066E+16
22501,3,2,41,1,2018,10,15,4,3,2,6,0,0,1,0,0,0,0,0,5.53017E+20,5.80264E+21,9.77875E+15,5.23715E+16
22502,3,2,54,8,2018,10,16,7,2,8,1,0,0,0,0,1,0,0,0,5.74495E+20,5.7667E+21,1.00863E+16,5.20459E+16
22503,3,3,51,4,2018,10,15,2,3,2,6,0,0,1,0,0,0,0,0,5.65345E+20,5.85038E+21,9.96922E+15,5.27992E+16
22504,3,4,2,0,2018,10,14,3,3,2,6,0,0,1,0,0,0,0,0,3.76991E+20,5.91411E+21,7.15149E+15,5.33618E+16
22505,3,2,41,1,2018,10,17,4,3,6,4,0,1,0,1,0,0,0,0,5.56356E+20,5.80144E+21,9.82757E+15,5.23603E+16
22506,3,4,59,22,2018,10,17,1,1,8,1,0,0,0,0,1,0,0,0,4.42096E+20,5.77842E+21,8.15364E+15,5.21533E+16
22507,3,4,1,0,2018,10,8,5,3,2,6,0,0,1,0,0,0,1,0,4.80102E+20,5.87747E+21,8.70319E+15,5.30463E+16
22508,3,2,51,49,2018,10,16,6,3,2,2,0,0,1,0,0,0,0,0,4.95062E+20,5.85624E+21,8.92667E+15,5.28559E+16
22509,3,4,4,0,2018,10,17,7,2,3,6,0,0,1,1,0,0,0,0,4.32656E+20,5.79437E+21,8.0125E+15,5.22956E+16
22510,3,1,55,11,2018,10,7,3,3,2,6,0,0,1,0,0,0,0,0,5.67566E+20,5.73094E+21,9.97823E+15,5.17253E+16
22511,3,2,41,21,2018,10,10,4,3,5,2,0,1,1,0,0,0,0,0,5.28604E+20,5.80887E+21,9.4207E+15,5.24293E+16
22512,3,2,57,28,2018,10,15,1,3,2,6,0,0,1,0,0,0,0,0,5.0671E+20,5.79148E+21,9.09834E+15,5.22737E+16
22513,3,4,52,1,2018,10,16,4,3,2,6,0,0,1,0,0,0,0,0,3.97932E+20,5.92583E+21,7.46225E+15,5.34715E+16
22514,3,1,3,0,2018,10,15,6,2,5,2,0,0,1,0,0,1,0,0,6.12957E+20,5.80696E+21,1.06603E+16,5.24012E+16
22515,3,4,58,13,2018,10,8,5,3,8,6,0,1,0,0,0,0,0,0,4.46114E+20,5.87916E+21,8.19595E+15,5.30592E+16
22516,3,2,41,14,2018,10,16,4,3,2,6,0,0,1,0,0,0,0,0,5.44583E+20,5.7915E+21,9.6534E+15,5.2272E+16
22517,3,3,59,9,2018,10,11,7,3,8,1,0,0,1,0,0,0,0,0,5.18505E+20,5.94074E+21,9.27973E+15,5.36151E+16
22518,3,4,55,20,2018,10,15,2,3,2,6,0,0,1,0,0,0,0,0,4.25002E+20,5.94137E+21,7.86625E+15,5.36158E+16
22519,3,2,41,14,2018,10,20,4,3,5,2,2,1,1,0,0,0,0,0,5.45187E+20,5.7964E+21,9.6629E+15,5.23161E+16
22520,3,2,41,21,2018,10,12,4,3,2,6,0,0,1,0,0,0,0,0,5.31393E+20,5.8032E+21,9.46118E+15,5.23782E+16
22521,3,4,1,0,2018,10,17,5,3,2,2,0,0,1,0,0,0,0,0,4.7851E+20,5.87662E+21,8.67949E+15,5.30386E+16
22522,3,2,41,2,2018,10,8,4,3,2,6,0,0,1,0,0,0,0,0,5.27907E+20,5.79827E+21,9.40956E+15,5.2334E+16
22523,3,1,2,0,2018,10,11,7,2,3,3,0,0,1,0,1,0,0,0,5.92904E+20,5.76703E+21,1.03547E+16,5.20461E+16
22524,3,2,41,1,2018,10,17,2,3,5,2,0,1,1,0,0,0,0,0,5.50012E+20,5.80486E+21,9.73494E+15,5.23917E+16
22525,3,4,53,3,2018,10,18,3,3,2,2,1,0,1,0,0,0,0,0,4.42397E+20,5.85133E+21,8.14544E+15,5.28087E+16
22526,3,2,41,1,2018,10,13,4,3,6,4,0,1,0,1,0,0,0,0,5.50019E+20,5.80614E+21,9.73524E+15,5.24032E+16
22527,3,2,41,5,2018,10,16,4,3,0,7,0,0,1,0,0,0,0,0,5.42227E+20,5.8129E+21,9.62155E+15,5.24646E+16
22528,3,2,52,7,2018,10,12,7,2,0,1,0,1,0,0,0,0,0,1,5.1349E+20,5.77595E+21,9.19709E+15,5.21339E+16
22529,3,2,41,5,2018,10,15,2,3,6,4,0,0,1,1,0,0,0,0,5.4158E+20,5.80982E+21,9.61165E+15,5.2437E+16
22530,3,4,54,14,2018,10,17,3,3,9,7,0,0,0,0,0,0,1,0,3.76806E+20,5.82882E+21,7.18117E+15,5.25955E+16
22531,3,2,41,11,2018,10,16,4,3,0,2,0,0,1,0,0,0,0,0,5.66324E+20,5.807E+21,9.97504E+15,5.24092E+16
22532,3,4,57,14,2018,10,17,1,2,9,1,0,0,1,0,0,0,0,0,3.8879E+20,5.91468E+21,7.3285E+15,5.33695E+16
22533,3,3,59,5,2018,10,6,5,2,8,1,2,0,1,0,0,0,0,0,5.26848E+20,5.92394E+21,9.4044E+15,5.34638E+16
22534,3,3,59,38,2018,10,19,6,3,2,6,2,0,1,0,0,0,1,0,5.30344E+20,5.9376E+21,9.45839E+15,5.35864E+16
22535,3,4,56,11,2018,10,10,7,2,5,3,0,0,1,0,0,0,0,0,3.45898E+20,5.82214E+21,6.72832E+15,5.25275E+16
22536,3,2,54,21,2018,10,15,3,3,2,6,0,0,1,0,0,0,1,0,5.63374E+20,5.78214E+21,9.927E+15,5.21861E+16
22537,3,2,41,16,2018,10,13,4,3,5,2,0,1,1,0,0,0,0,0,5.66047E+20,5.79654E+21,9.9689E+15,5.23152E+16
22538,3,2,55,13,2018,10,15,1,3,8,1,0,1,0,0,0,0,0,0,5.43902E+20,5.7575E+21,9.63902E+15,5.19665E+16
22539,3,3,56,7,2018,10,6,4,3,2,2,2,0,1,0,0,0,0,0,4.80663E+20,5.90235E+21,8.71005E+15,5.327E+16
22540,3,1,53,18,2018,10,15,6,3,2,6,0,0,0,0,1,0,0,0,5.90959E+20,5.7402E+21,1.03193E+16,5.18052E+16
22541,3,4,1,0,2018,10,17,5,2,5,3,0,0,1,0,0,0,0,0,4.77264E+20,5.87767E+21,8.66084E+15,5.3048E+16
22542,3,2,41,2,2018,10,22,4,2,0,7,2,0,0,0,1,0,0,0,5.34805E+20,5.79993E+21,9.51096E+15,5.23485E+16
22543,3,3,55,24,2018,10,11,7,2,4,2,0,0,1,0,1,0,0,0,5.93886E+20,5.89311E+21,1.04048E+16,5.31791E+16
22544,3,4,61,9,2018,10,12,2,3,2,6,0,0,1,0,0,0,1,0,4.53491E+20,5.91672E+21,8.30053E+15,5.33975E+16
22545,3,2,57,6,2018,10,20,4,3,8,1,2,0,1,0,0,0,0,0,5.27957E+20,5.79845E+21,9.41031E+15,5.23356E+16
22546,3,1,55,1,2018,10,16,4,3,9,6,0,0,1,0,1,0,0,0,5.7656E+20,5.7427E+21,1.0111E+16,5.18299E+16
22547,3,2,41,15,2018,10,17,4,3,2,6,0,0,1,0,0,1,0,0,5.34573E+20,5.80658E+21,9.50825E+15,5.24084E+16
22548,3,1,51,40,2018,10,7,7,3,1,5,2,0,1,0,0,0,0,0,6.17817E+20,5.84274E+21,1.07444E+16,5.27217E+16
22549,3,2,41,11,2018,10,1,2,3,7,7,2,0,1,0,0,0,0,0,5.6662E+20,5.80481E+21,9.97895E+15,5.23895E+16
22550,3,4,3,0,2018,10,16,3,3,2,6,0,0,1,0,0,0,0,0,4.46604E+20,5.88832E+21,8.20173E+15,5.31416E+16
22551,3,2,41,1,2018,10,16,4,2,2,6,0,0,1,0,0,0,0,0,5.44276E+20,5.80693E+21,9.65093E+15,5.24108E+16
22552,3,2,51,37,2018,10,18,1,3,2,6,2,0,1,0,0,0,0,0,4.86487E+20,5.87483E+21,8.79854E+15,5.30228E+16
22553,3,1,55,12,2018,10,7,5,3,9,1,2,0,1,0,0,0,0,0,5.37774E+20,5.72853E+21,9.54667E+15,5.17065E+16
22554,3,2,41,14,2018,10,14,6,3,5,3,0,1,1,0,0,0,0,0,5.4535E+20,5.79828E+21,9.66554E+15,5.23329E+16
22555,3,3,61,10,2018,10,17,7,3,5,3,0,0,1,0,1,0,0,0,4.95982E+20,5.86797E+21,8.94018E+15,5.29613E+16
22556,3,1,57,6,2018,10,22,3,3,5,3,2,1,1,0,0,0,0,0,5.86301E+20,5.79683E+21,1.0266E+16,5.2315E+16
22557,3,2,41,11,2018,10,13,4,3,0,7,0,0,1,0,0,0,0,0,5.66493E+20,5.80263E+21,9.97665E+15,5.23699E+16
22558,3,1,53,16,2018,10,13,1,2,2,2,0,0,1,0,1,0,0,0,6.11269E+20,5.73228E+21,1.06112E+16,5.17304E+16
22559,3,3,53,40,2018,10,20,4,3,4,2,2,1,1,0,0,0,0,0,5.76386E+20,5.91148E+21,1.01475E+16,5.33469E+16
22560,3,2,41,4,2018,10,8,4,2,2,6,0,0,1,0,0,1,0,0,5.57017E+20,5.81572E+21,9.83971E+15,5.24886E+16
22561,3,4,55,20,2018,10,9,1,2,5,3,0,1,1,0,0,0,0,0,4.25112E+20,5.93934E+21,7.86839E+15,5.35976E+16
22562,3,2,41,11,2018,10,7,5,3,2,6,1,0,1,0,0,0,0,0,5.62205E+20,5.80134E+21,9.91345E+15,5.23588E+16
22563,3,3,54,18,2018,10,13,6,3,6,2,0,0,1,1,0,0,0,0,6.45269E+20,5.87128E+21,1.11633E+16,5.29714E+16
22564,3,4,53,7,2018,10,14,7,1,4,6,0,0,1,0,1,0,0,0,4.22063E+20,5.87463E+21,7.83824E+15,5.30155E+16
22565,3,1,3,0,2018,10,19,3,3,2,6,2,0,1,0,1,0,0,0,6.24004E+20,5.81149E+21,1.08243E+16,5.24395E+16
22566,3,1,59,19,2018,10,9,4,3,2,6,0,0,1,0,0,0,0,0,5.92236E+20,5.72409E+21,1.03335E+16,5.16602E+16
22567,3,1,3,0,2018,10,16,1,3,4,6,0,1,0,0,0,0,0,0,6.23234E+20,5.80883E+21,1.0812E+16,5.24158E+16
22568,3,2,51,7,2018,10,15,4,3,9,1,0,0,0,0,1,0,0,0,4.89175E+20,5.85359E+21,8.83933E+15,5.2832E+16
22569,3,4,59,9,2018,10,20,5,3,2,2,2,0,1,0,0,0,0,0,4.16842E+20,5.83121E+21,7.77149E+15,5.26245E+16
22570,3,3,53,31,2018,10,9,5,3,1,5,0,0,1,0,0,0,0,0,5.69183E+20,5.91141E+21,1.00393E+16,5.33473E+16
22571,3,2,56,24,2018,10,9,4,3,5,3,0,0,1,0,0,0,0,0,4.98194E+20,5.8127E+21,8.97341E+15,5.24645E+16
22572,3,2,41,1,2018,10,10,7,3,2,6,0,0,1,0,0,0,0,0,5.46633E+20,5.79777E+21,9.68429E+15,5.23283E+16
22573,3,3,52,50,2018,10,6,2,2,8,7,2,0,1,0,0,0,0,0,4.79588E+20,5.93453E+21,8.69184E+15,5.35593E+16
22574,3,2,57,3,2018,10,14,4,3,2,6,0,0,1,0,0,0,0,0,5.09267E+20,5.78779E+21,9.13572E+15,5.22404E+16
22575,3,1,3,0,2018,10,13,4,3,2,6,0,0,1,0,0,0,1,0,6.25175E+20,5.79967E+21,1.08371E+16,5.2333E+16
22576,3,2,57,32,2018,10,14,4,2,6,4,0,0,1,1,0,0,0,0,5.23501E+20,5.79471E+21,9.34465E+15,5.23022E+16
22577,3,4,59,3,2018,10,15,6,3,2,6,0,0,1,0,0,0,0,0,4.57339E+20,5.79718E+21,8.37406E+15,5.23233E+16
22578,3,2,52,6,2018,10,16,2,3,2,6,0,0,1,0,0,0,0,0,5.22438E+20,5.76959E+21,9.3274E+15,5.20764E+16
22579,3,4,55,26,2018,10,18,5,3,4,5,0,0,1,0,0,0,1,0,4.41054E+20,5.91885E+21,8.1131E+15,5.34154E+16
22580,3,4,53,6,2018,10,13,6,3,2,6,0,0,1,0,0,0,0,0,4.28324E+20,5.84014E+21,7.93914E+15,5.27064E+16
22581,3,4,58,13,2018,10,15,3,3,8,7,0,0,0,0,0,1,1,0,4.47733E+20,5.87729E+21,8.22041E+15,5.30426E+16
22582,3,2,56,11,2018,10,21,4,3,4,6,2,0,1,0,0,0,1,0,5.1546E+20,5.84313E+21,9.22899E+15,5.27379E+16
22583,3,3,53,4,2018,10,16,1,3,2,2,0,0,1,0,1,0,0,0,5.66898E+20,5.90499E+21,1.00036E+16,5.32899E+16
22584,3,2,52,2,2018,10,17,5,3,5,3,0,0,1,0,1,0,0,1,5.31551E+20,5.78423E+21,9.46173E+15,5.22076E+16
22585,3,2,41,2,2018,10,15,6,2,8,1,0,0,0,0,1,0,0,0,5.35128E+20,5.79376E+21,9.51506E+15,5.2293E+16
22586,3,2,54,20,2018,10,10,4,3,1,7,0,0,1,0,0,0,1,0,5.6519E+20,5.78506E+21,9.95411E+15,5.22122E+16
22587,3,2,51,22,2018,10,15,7,3,2,2,0,0,1,0,1,0,0,0,4.57508E+20,5.81892E+21,8.37378E+15,5.25187E+16
22588,3,4,4,0,2018,10,13,2,3,2,6,0,0,1,0,1,0,0,0,4.3443E+20,5.79337E+21,8.03871E+15,5.22867E+16
22589,3,2,54,21,2018,10,12,4,3,2,6,0,0,0,0,1,0,0,0,5.6612E+20,5.78191E+21,9.96711E+15,5.21837E+16
22590,3,3,57,8,2018,10,11,4,3,5,3,0,0,1,0,0,0,0,0,5.10639E+20,5.92621E+21,9.16033E+15,5.34848E+16
22591,3,3,59,14,2018,10,15,5,3,2,6,0,0,1,0,0,0,0,0,5.23427E+20,5.93818E+21,9.35395E+15,5.35919E+16
22592,3,2,52,1,2018,10,12,4,1,4,6,0,0,1,0,1,1,0,0,5.14169E+20,5.76225E+21,9.20644E+15,5.20107E+16
22593,3,1,59,19,2018,10,19,7,3,0,6,2,0,1,0,0,0,0,0,5.86827E+20,5.71947E+21,1.02542E+16,5.16195E+16
22594,3,3,54,9,2018,10,17,2,2,0,7,0,1,1,0,0,0,0,0,6.36675E+20,5.8907E+21,1.10437E+16,5.31481E+16
22595,3,4,59,19,2018,10,17,3,2,5,3,0,1,0,0,0,0,0,0,4.364E+20,5.7845E+21,8.06925E+15,5.22073E+16
22596,3,2,52,6,2018,10,18,4,3,2,2,1,0,1,0,0,0,0,0,5.26245E+20,5.77289E+21,9.3832E+15,5.21059E+16
22597,3,3,58,5,2018,10,13,5,2,5,2,0,0,1,0,1,0,0,0,5.45493E+20,5.83668E+21,9.6729E+15,5.26782E+16
22598,3,1,59,34,2018,10,15,4,3,4,1,0,0,1,0,0,1,0,0,5.52951E+20,5.68473E+21,9.75971E+15,5.13114E+16
22599,3,2,41,1,2018,10,15,7,3,9,7,0,0,0,0,1,0,0,0,5.43161E+20,5.80778E+21,9.63465E+15,5.24185E+16
22600,3,3,53,40,2018,10,8,2,3,2,6,0,0,1,0,0,0,0,0,5.80363E+20,5.91179E+21,1.02073E+16,5.33491E+16
22601,3,1,57,6,2018,10,7,4,3,2,2,1,0,1,0,1,0,0,0,5.84457E+20,5.79978E+21,1.02397E+16,5.23418E+16
22602,3,1,59,15,2018,10,8,4,3,8,1,0,0,0,0,0,0,1,1,5.67799E+20,5.70423E+21,9.97644E+15,5.14851E+16
22603,3,4,56,15,2018,10,12,6,2,3,6,0,0,1,0,1,0,0,0,3.73001E+20,5.80759E+21,7.13315E+15,5.24038E+16
22604,3,1,57,6,2018,10,14,2,3,3,6,0,0,1,0,0,0,1,0,5.8676E+20,5.7944E+21,1.02721E+16,5.22931E+16
22605,3,3,61,9,2018,10,19,5,3,5,3,2,0,1,0,1,0,0,0,5.07423E+20,5.8814E+21,9.11083E+15,5.3082E+16
22606,3,3,61,5,2018,10,19,6,3,0,7,2,0,1,0,0,0,0,0,5.2333E+20,5.85883E+21,9.34667E+15,5.28787E+16
22607,3,3,57,13,2018,10,20,3,3,9,1,2,0,1,0,0,0,0,0,5.25074E+20,5.89878E+21,9.37568E+15,5.32377E+16
22608,3,2,41,7,2018,10,21,3,3,0,3,2,1,1,0,0,0,0,0,5.48272E+20,5.79237E+21,9.70758E+15,5.22796E+16
22609,3,1,3,0,2018,10,6,4,3,2,6,2,0,1,0,0,0,0,0,6.18135E+20,5.80563E+21,1.07359E+16,5.23882E+16
22610,3,2,41,1,2018,10,19,1,3,5,3,2,0,1,0,0,0,0,0,5.43681E+20,5.80735E+21,9.64223E+15,5.24146E+16
22611,3,4,4,0,2018,10,6,4,3,7,7,2,0,0,0,1,0,0,0,4.31249E+20,5.79134E+21,7.99249E+15,5.22681E+16
22612,3,2,57,3,2018,10,10,6,3,5,2,0,0,1,0,0,1,0,0,5.09191E+20,5.78798E+21,9.13461E+15,5.22421E+16
22613,3,3,57,51,2018,10,6,5,3,6,6,1,0,0,1,0,0,1,0,5.38914E+20,5.87079E+21,9.57966E+15,5.29852E+16