OBJECTID_1,ULAND,UREGBEZ,UKREIS,UGEMEINDE,UJAHR,UMONAT,USTUNDE,UWOCHENTAG,UKATEGORIE,UART,UTYP1,ULICHTVERH,IstRad,IstPKW,IstFuss,IstKrad,IstGkfz,IstSonstig,STRZUSTAND,LINREFX,LINREFY,XGCSWGS84,YGCSWGS84
22614,3,1,58,14,2018,10,13,4,1,8,1,0,0,0,0,1,0,0,0,6.00681E+20,5.77296E+21,1.04698E+16,5.2098E+16
22615,3,4,53,3,2018,10,1,7,2,9,1,2,0,1,0,0,0,0,0,4.45902E+20,5.84815E+21,8.19796E+15,5.27804E+16
22616,3,4,62,15,2018,10,20,2,2,7,7,2,0,1,0,0,0,1,0,4.10592E+20,5.94636E+21,7.64703E+15,5.36584E+16
22617,3,1,51,34,2018,10,14,4,3,2,6,0,0,1,0,0,0,1,0,6.04779E+20,5.80245E+21,1.05388E+16,5.23623E+16
22618,3,3,51,24,2018,10,6,4,3,1,5,2,0,1,0,0,0,0,0,5.57546E+20,5.84242E+21,9.85216E+15,5.27286E+16
22619,3,3,57,39,2018,10,20,5,3,2,6,2,0,1,0,0,0,0,0,5.28333E+20,5.88663E+21,9.42344E+15,5.31284E+16
22620,3,4,59,14,2018,10,7,3,2,8,1,2,0,1,0,0,0,0,0,4.23277E+20,5.81409E+21,7.87049E+15,5.24716E+16
22621,3,2,55,17,2018,10,10,7,3,8,1,0,1,0,0,0,0,0,0,5.31889E+20,5.75819E+21,9.46424E+15,5.19735E+16
22622,3,2,41,1,2018,10,7,2,3,3,6,0,0,1,0,1,0,0,0,5.47492E+20,5.80322E+21,9.69768E+15,5.23772E+16
22623,3,4,54,41,2018,10,19,5,3,4,6,2,1,0,0,0,0,0,0,3.90956E+20,5.8835E+21,7.37172E+15,5.30898E+16
22624,3,4,54,18,2018,10,13,3,3,5,3,0,1,1,0,0,0,0,0,3.80563E+20,5.85102E+21,7.22856E+15,5.27958E+16
22625,3,4,59,14,2018,10,12,3,3,5,3,0,1,1,0,0,0,0,0,4.3742E+20,5.80571E+21,8.08023E+15,5.2398E+16
22626,3,4,59,21,2018,10,11,1,3,2,2,0,0,1,0,1,0,0,0,4.28366E+20,5.7872E+21,7.95113E+15,5.22306E+16
22627,3,3,52,46,2018,10,16,5,3,8,7,0,0,1,0,0,0,0,0,4.93842E+20,5.96081E+21,8.90652E+15,5.37958E+16
22628,3,3,52,62,2018,10,21,6,2,5,3,2,0,1,0,0,0,0,0,4.7407E+20,5.9452E+21,8.60766E+15,5.36549E+16
22629,3,4,57,20,2018,10,16,7,2,8,1,0,0,1,0,0,0,0,0,4.20209E+20,5.90342E+21,7.80343E+15,5.3274E+16
22630,3,2,54,28,2018,10,13,3,3,4,7,0,0,1,0,0,0,0,0,5.57645E+20,5.78685E+21,9.84401E+15,5.22291E+16
22631,3,4,59,7,2018,10,18,3,2,4,7,0,0,1,0,0,0,0,0,4.29685E+20,5.83201E+21,7.96101E+15,5.26335E+16
22632,3,2,54,43,2018,10,5,1,3,8,1,2,0,1,0,0,0,0,0,5.53423E+20,5.76517E+21,9.77879E+15,5.20345E+16
22633,3,4,53,12,2018,10,17,4,3,5,3,0,0,1,0,0,0,0,0,4.27824E+20,5.85698E+21,7.92802E+15,5.28577E+16
22634,3,1,2,0,2018,10,21,6,3,8,6,2,0,1,0,1,0,0,0,5.92314E+20,5.77757E+21,1.0349E+16,5.21409E+16
22635,3,3,60,25,2018,10,18,5,3,2,6,1,0,1,0,0,0,0,0,6.00081E+20,5.87272E+21,1.04912E+16,5.29947E+16
22636,3,4,52,1,2018,10,16,6,2,5,2,0,0,1,0,0,0,0,0,4.07124E+20,5.93317E+21,7.59851E+15,5.35392E+16
22637,3,4,59,8,2018,10,20,1,3,2,6,2,0,1,0,0,0,0,0,4.4067E+20,5.79561E+21,8.12978E+15,5.23076E+16
22638,3,4,51,2,2018,10,17,5,3,2,6,0,0,1,0,0,0,0,0,4.32117E+20,5.89363E+21,7.98405E+15,5.31877E+16
22639,3,4,3,0,2018,10,11,6,3,5,2,0,0,1,1,0,0,0,0,4.47128E+20,5.88491E+21,8.21013E+15,5.3111E+16
22640,3,4,59,14,2018,10,15,7,2,8,1,0,0,0,0,1,0,0,0,4.37029E+20,5.80415E+21,8.07478E+15,5.2384E+16
22641,3,2,41,15,2018,10,7,3,2,5,7,0,0,1,0,1,0,0,0,5.39529E+20,5.80433E+21,9.58083E+15,5.23878E+16
22642,3,4,4,0,2018,10,15,3,3,5,2,0,1,1,0,0,0,0,0,4.34076E+20,5.7932E+21,8.03355E+15,5.22852E+16
22643,3,2,56,17,2018,10,20,1,3,7,7,2,0,1,0,0,0,0,0,5.0942E+20,5.82583E+21,9.13903E+15,5.25824E+16
22644,3,4,57,20,2018,10,19,4,3,5,2,2,1,1,0,0,0,0,0,4.17103E+20,5.90706E+21,7.75592E+15,5.33063E+16
22645,3,1,59,16,2018,10,12,6,3,5,3,0,1,1,0,0,0,0,0,5.6379E+20,5.70976E+21,9.91972E+15,5.15353E+16
22646,3,3,54,7,2018,10,17,5,1,8,7,0,0,1,0,0,0,0,0,6.59886E+20,5.87903E+21,1.13847E+16,5.30368E+16
22647,3,4,4,0,2018,10,12,3,3,0,2,0,0,1,1,0,0,0,0,4.42131E+20,5.79089E+21,8.15203E+15,5.22653E+16
22648,3,3,53,20,2018,10,16,7,3,9,6,0,0,1,0,0,0,0,0,5.6047E+20,5.90675E+21,9.9075E+15,5.33064E+16
22649,3,4,60,6,2018,10,15,2,3,2,6,0,0,1,0,0,1,0,0,4.4789E+20,5.83581E+21,8.22938E+15,5.26697E+16
22650,3,4,57,22,2018,10,16,3,3,2,6,0,0,1,0,0,0,0,0,3.94136E+20,5.88613E+21,7.41831E+15,5.3114E+16
22651,3,2,41,10,2018,10,6,4,3,3,6,2,0,1,0,0,0,0,0,5.49808E+20,5.80863E+21,9.7325E+15,5.24256E+16
22652,3,3,51,25,2018,10,19,5,3,0,3,1,1,1,0,0,0,0,0,5.82871E+20,5.84274E+21,1.02272E+16,5.27282E+16
22653,3,4,57,14,2018,10,13,3,3,2,6,0,0,1,0,0,0,1,0,3.87323E+20,5.90981E+21,7.3082E+15,5.33255E+16
22654,3,1,3,0,2018,10,15,7,3,4,2,0,0,1,0,0,0,0,0,6.25795E+20,5.8144E+21,1.08517E+16,5.24652E+16
22655,3,2,41,10,2018,10,12,2,3,2,6,0,0,1,0,0,0,0,0,5.50594E+20,5.8117E+21,9.74452E+15,5.24532E+16
22656,3,4,54,45,2018,10,7,3,3,4,2,2,0,1,0,0,0,0,0,3.86938E+20,5.80031E+21,7.34036E+15,5.23415E+16
22657,3,4,57,17,2018,10,13,3,3,2,6,0,0,1,0,0,0,0,0,4.09181E+20,5.89421E+21,7.64072E+15,5.31894E+16
22658,3,4,54,39,2018,10,12,1,3,2,6,0,0,1,0,0,0,0,0,3.80413E+20,5.85931E+21,7.2233E+15,5.28702E+16
22659,3,4,4,0,2018,10,10,5,3,4,2,0,1,1,0,0,0,0,0,4.34428E+20,5.79249E+21,8.03885E+15,5.22789E+16
22660,3,3,55,9,2018,10,15,5,2,8,1,0,0,1,0,0,0,0,1,6.16573E+20,5.90735E+21,1.07494E+16,5.33025E+16
22661,3,3,57,8,2018,10,11,6,3,5,2,0,0,1,0,0,0,0,0,5.12232E+20,5.91899E+21,9.18405E+15,5.34199E+16
22662,3,4,54,49,2018,10,13,7,3,8,1,0,0,0,0,1,0,0,0,3.94693E+20,5.8013E+21,7.45384E+15,5.23518E+16
22663,3,2,52,6,2018,10,14,3,3,2,6,0,0,1,0,0,0,0,1,5.27452E+20,5.77339E+21,9.40087E+15,5.21104E+16
22664,3,4,62,15,2018,10,19,3,3,4,6,1,1,0,0,0,0,0,0,4.11363E+20,5.9451E+21,7.65906E+15,5.36471E+16
22665,3,2,52,5,2018,10,13,1,2,8,1,0,0,0,0,1,0,0,0,5.34522E+20,5.76674E+21,9.50343E+15,5.20502E+16
22666,3,3,61,3,2018,10,17,4,3,5,3,0,0,1,0,0,0,0,0,5.15749E+20,5.8557E+21,9.23387E+15,5.28508E+16
22667,3,1,53,17,2018,10,15,6,3,8,1,0,0,0,0,1,0,0,0,5.9396E+20,5.74611E+21,1.03644E+16,5.18579E+16
22668,3,3,51,16,2018,10,16,5,3,2,6,0,0,1,0,0,1,0,0,5.81438E+20,5.83168E+21,1.02032E+16,5.2629E+16
22669,3,4,62,19,2018,10,7,3,3,5,2,0,0,1,0,0,0,0,0,4.19431E+20,5.93613E+21,7.78342E+15,5.35678E+16
22670,3,3,55,22,2018,10,15,7,3,8,7,0,0,1,0,0,0,0,0,5.95008E+20,5.90326E+21,1.04246E+16,5.327E+16
22671,3,4,58,5,2018,10,7,2,3,2,6,0,0,1,0,0,0,0,0,4.68284E+20,5.88201E+21,8.52645E+15,5.30866E+16
22672,3,4,52,1,2018,10,11,3,3,2,6,0,0,1,0,0,0,0,0,4.00867E+20,5.92284E+21,7.50739E+15,5.34452E+16
22673,3,2,56,3,2018,10,7,4,3,5,3,0,0,1,0,0,0,0,0,5.09036E+20,5.84847E+21,9.13399E+15,5.2786E+16
22674,3,2,41,1,2018,10,17,5,3,5,2,0,0,1,0,0,0,0,0,5.48437E+20,5.80634E+21,9.712E+15,5.24052E+16
22675,3,4,53,13,2018,10,16,3,3,4,2,0,0,1,0,0,0,0,0,4.14404E+20,5.88021E+21,7.72262E+15,5.30645E+16
22676,3,1,51,6,2018,10,0,7,3,5,2,2,0,1,0,0,0,0,0,6.10521E+20,5.8091E+21,1.06253E+16,5.24209E+16
22677,3,2,57,31,2018,10,15,2,3,2,6,0,0,1,0,0,0,0,0,5.06161E+20,5.78293E+21,9.09014E+15,5.21968E+16
22678,3,4,60,3,2018,10,7,3,3,5,3,1,1,1,0,0,0,0,0,4.40972E+20,5.83532E+21,8.12718E+15,5.26646E+16
22679,3,3,57,57,2018,10,8,7,3,0,1,1,1,0,0,0,0,0,0,5.21794E+20,5.90069E+21,9.32667E+15,5.32551E+16
22680,3,4,51,2,2018,10,7,2,3,2,6,2,0,1,0,0,0,0,0,4.36085E+20,5.89745E+21,8.04268E+15,5.32225E+16
22681,3,4,53,11,2018,10,6,3,3,5,3,2,0,1,0,0,0,0,0,4.16249E+20,5.84466E+21,7.7593E+15,5.27453E+16
22682,3,2,41,1,2018,10,8,4,3,5,3,0,1,1,0,0,0,0,0,5.50614E+20,5.80227E+21,9.7434E+15,5.23683E+16
22683,3,2,41,21,2018,10,12,5,3,4,6,0,0,1,0,0,0,0,0,5.29695E+20,5.81308E+21,9.43711E+15,5.24671E+16
22684,3,4,53,4,2018,10,11,3,3,5,3,0,1,1,0,0,0,0,0,4.36826E+20,5.85505E+21,8.06207E+15,5.28415E+16
22685,3,1,57,6,2018,10,2,7,3,7,7,2,0,1,0,0,0,1,0,5.83308E+20,5.79579E+21,1.02219E+16,5.23061E+16
22686,3,2,41,8,2018,10,10,2,2,2,6,0,0,1,0,0,1,1,0,5.58953E+20,5.81088E+21,9.86737E+15,5.2445E+16
22687,3,4,5,0,2018,10,21,3,2,3,5,2,0,1,0,1,0,0,0,4.40719E+20,5.93773E+21,8.1045E+15,5.35851E+16
22688,3,4,55,25,2018,10,18,3,3,4,2,0,0,1,0,1,0,0,0,4.34401E+20,5.91654E+21,8.01351E+15,5.33938E+16
22689,3,3,56,11,2018,10,15,1,3,5,3,0,0,1,0,1,0,0,0,4.96169E+20,5.89654E+21,8.94263E+15,5.32181E+16
22690,3,2,41,1,2018,10,23,5,2,0,1,2,1,0,0,0,0,0,0,5.47149E+20,5.80314E+21,9.69263E+15,5.23765E+16
22691,3,3,51,26,2018,10,10,6,2,9,7,0,0,1,1,0,0,0,0,5.7273E+20,5.85322E+21,1.00794E+16,5.28238E+16
22692,3,4,55,20,2018,10,13,7,2,4,6,0,0,1,0,1,0,0,0,4.27324E+20,5.95035E+21,7.89924E+15,5.36968E+16
22693,3,1,2,0,2018,10,10,3,2,5,3,0,0,1,0,0,0,0,0,5.91332E+20,5.76406E+21,1.0331E+16,5.20196E+16
22694,3,3,56,3,2018,10,23,3,2,9,1,2,0,1,0,0,0,0,0,4.87678E+20,5.90416E+21,8.81517E+15,5.32866E+16
22695,3,1,2,0,2018,10,12,1,2,5,3,0,0,1,0,1,0,0,0,5.9271E+20,5.77426E+21,1.03538E+16,5.21111E+16
22696,3,4,61,2,2018,10,9,4,3,2,6,0,0,1,0,0,1,0,0,4.64081E+20,5.90805E+21,8.46078E+15,5.33204E+16
22697,3,4,4,0,2018,10,14,5,2,2,6,0,0,1,0,1,0,0,0,4.34152E+20,5.79168E+21,8.03496E+15,5.22715E+16
22698,3,2,41,21,2018,10,12,5,3,5,3,0,1,1,0,0,0,0,0,5.29367E+20,5.80812E+21,9.43186E+15,5.24225E+16
22699,3,3,56,9,2018,10,16,3,3,5,3,0,0,1,0,0,0,0,0,4.7222E+20,5.89808E+21,8.58383E+15,5.32313E+16
22700,3,2,41,2,2018,10,13,7,3,0,6,0,0,1,0,1,0,0,0,5.32116E+20,5.7947E+21,9.47099E+15,5.23017E+16
22701,3,3,52,46,2018,10,14,2,3,8,1,0,0,1,0,0,0,0,0,4.93062E+20,5.96157E+21,8.89465E+15,5.38027E+16
22702,3,1,3,0,2018,10,7,4,3,5,2,0,0,1,0,1,0,0,0,6.19721E+20,5.8025E+21,1.07581E+16,5.23597E+16
22703,3,2,51,49,2018,10,15,3,3,8,1,0,0,0,0,1,0,0,0,5.00592E+20,5.85408E+21,9.00879E+15,5.28365E+16
22704,3,4,57,22,2018,10,11,6,3,5,3,0,0,1,0,0,0,0,0,3.97101E+20,5.88724E+21,7.46223E+15,5.31247E+16
22705,3,1,54,14,2018,10,12,2,3,2,6,0,0,1,0,0,0,0,0,6.12312E+20,5.79775E+21,1.06478E+16,5.23186E+16
22706,3,4,55,7,2018,10,21,5,3,0,1,2,1,0,0,0,0,0,0,4.26489E+20,5.93619E+21,7.88995E+15,5.35694E+16
22707,3,4,55,26,2018,10,13,6,2,5,2,0,1,0,0,0,1,0,0,4.41642E+20,5.91704E+21,8.1223E+15,5.33992E+16
22708,3,3,53,26,2018,10,14,3,3,4,1,0,0,1,0,0,0,0,0,5.53573E+20,5.91361E+21,9.80517E+15,5.33689E+16
22709,3,2,51,9,2018,10,14,3,2,4,2,0,0,1,0,1,0,0,0,4.6225E+20,5.81286E+21,8.44434E+15,5.24646E+16
22710,3,3,58,21,2018,10,21,1,2,5,3,2,0,1,0,1,0,0,0,5.48149E+20,5.86991E+21,9.71709E+15,5.29766E+16
22711,3,1,59,16,2018,10,19,5,3,5,3,2,1,1,0,0,0,0,0,5.6365E+20,5.70976E+21,9.9177E+15,5.15354E+16
22712,3,2,41,1,2018,10,12,6,3,5,2,0,1,1,0,0,0,0,0,5.50412E+20,5.80223E+21,9.74042E+15,5.23681E+16
22713,3,4,58,9,2018,10,9,3,3,2,6,0,0,1,0,0,0,0,0,4.57226E+20,5.87932E+21,8.36172E+15,5.30616E+16
22714,3,2,51,37,2018,10,19,3,3,5,2,2,0,1,0,0,0,0,0,4.82613E+20,5.87598E+21,8.74072E+15,5.30331E+16
22715,3,4,58,10,2018,10,18,3,3,5,3,1,0,1,0,0,0,1,0,4.55785E+20,5.88653E+21,8.33923E+15,5.31263E+16
22716,3,4,61,1,2018,10,12,1,3,5,3,0,0,1,0,1,0,0,0,4.63521E+20,5.89427E+21,8.45394E+15,5.31965E+16
22717,3,2,57,31,2018,10,17,5,3,2,6,1,0,1,0,0,0,0,1,5.05559E+20,5.7822E+21,9.08132E+15,5.21902E+16
22718,3,2,41,2,2018,10,10,6,3,2,6,0,0,1,0,0,0,0,0,5.28098E+20,5.79819E+21,9.41236E+15,5.23333E+16
22719,3,3,52,11,2018,10,16,3,3,5,3,0,0,1,0,0,0,0,0,4.74419E+20,5.96099E+21,8.61163E+15,5.37968E+16
22720,3,4,51,7,2018,10,15,7,3,2,6,0,0,0,0,1,0,0,0,4.28945E+20,5.90138E+21,7.93488E+15,5.32569E+16
22721,3,4,59,19,2018,10,19,2,2,2,6,2,0,1,0,0,0,0,0,4.38882E+20,5.78589E+21,8.10531E+15,5.222E+16
22722,3,3,53,29,2018,10,14,3,3,5,3,0,0,1,0,0,0,0,0,5.5842E+20,5.9175E+21,9.87873E+15,5.34033E+16
22723,3,1,51,8,2018,10,21,1,3,5,3,2,0,1,0,0,0,0,0,6.21144E+20,5.82581E+21,1.07875E+16,5.25688E+16
22724,3,3,59,13,2018,10,16,4,3,5,3,0,1,1,0,0,0,0,0,5.27169E+20,5.95015E+21,9.41152E+15,5.36993E+16
22725,3,2,41,14,2018,10,7,5,3,2,2,0,0,1,0,0,0,0,0,5.44988E+20,5.79667E+21,9.66001E+15,5.23185E+16
22726,3,3,53,16,2018,10,8,3,3,2,2,0,0,1,0,0,0,1,0,5.6723E+20,5.90329E+21,1.00082E+16,5.32746E+16
22727,3,2,41,1,2018,10,12,7,3,3,6,0,0,1,0,0,0,1,0,5.47832E+20,5.80733E+21,9.70326E+15,5.24141E+16
22728,3,3,53,5,2018,10,16,2,3,2,6,0,0,1,0,1,0,0,0,5.58658E+20,5.90995E+21,9.88091E+15,5.33354E+16
22729,3,1,53,504,2018,10,7,4,3,7,7,1,0,1,0,0,0,0,0,6.06492E+20,5.73903E+21,1.05441E+16,5.1792E+16
22730,3,3,61,1,2018,10,13,5,3,4,2,0,0,1,0,0,0,0,0,5.02155E+20,5.87602E+21,9.03214E+15,5.30337E+16
22731,3,3,53,35,2018,10,20,3,3,5,2,0,0,1,0,0,0,0,0,5.4758E+20,5.90385E+21,9.71363E+15,5.32817E+16
22732,3,4,52,11,2018,10,15,6,3,2,6,0,0,1,0,0,0,0,0,3.83114E+20,5.92123E+21,7.24081E+15,5.34272E+16
22733,3,1,53,504,2018,10,17,2,3,3,2,0,0,1,0,0,1,0,0,5.96987E+20,5.75335E+21,1.04104E+16,5.19224E+16
22734,3,4,3,0,2018,10,16,5,3,2,6,0,0,1,0,0,0,1,0,4.45457E+20,5.88975E+21,8.18434E+15,5.31544E+16
22735,3,4,51,7,2018,10,16,6,3,4,2,0,1,1,0,0,0,0,0,4.27619E+20,5.90086E+21,7.91512E+15,5.3252E+16
22736,3,2,41,19,2018,10,21,3,2,2,1,1,0,1,0,0,1,0,0,5.5391E+20,5.82259E+21,9.79508E+15,5.25507E+16
22737,3,3,53,35,2018,10,11,3,2,5,3,0,1,1,0,0,0,0,0,5.47904E+20,5.90405E+21,9.71853E+15,5.32835E+16
22738,3,2,41,16,2018,10,16,1,3,5,3,0,0,1,0,1,0,0,0,5.62429E+20,5.79939E+21,9.91637E+15,5.23413E+16
22739,3,4,59,19,2018,10,8,4,3,0,3,0,1,1,0,0,0,0,0,4.33876E+20,5.78621E+21,8.03199E+15,5.22224E+16
22740,3,2,54,26,2018,10,6,6,3,4,6,2,0,1,0,0,0,1,0,5.53607E+20,5.77622E+21,9.78321E+15,5.21339E+16
22741,3,2,41,12,2018,10,10,5,3,5,3,0,1,1,0,0,0,0,0,5.3102E+20,5.8174E+21,9.45703E+15,5.25058E+16
22742,3,3,53,14,2018,10,8,3,3,5,2,0,1,1,0,0,0,0,0,5.41782E+20,5.91271E+21,9.62785E+15,5.33619E+16
22743,3,4,1,0,2018,10,18,7,3,8,1,2,0,1,0,0,0,0,0,4.74921E+20,5.87634E+21,8.62599E+15,5.3036E+16
22744,3,4,52,25,2018,10,13,2,3,5,3,0,1,0,0,0,0,0,0,4.16428E+20,5.91962E+21,7.74248E+15,5.3419E+16
22745,3,3,58,21,2018,10,15,3,3,0,7,0,0,1,0,0,1,0,0,5.58939E+20,5.86694E+21,9.87722E+15,5.29489E+16
22746,3,2,41,1,2018,10,11,4,3,5,3,0,1,1,0,0,0,0,0,5.49421E+20,5.80311E+21,9.72599E+15,5.2376E+16
22747,3,2,41,4,2018,10,11,5,3,2,6,0,0,1,0,0,0,0,0,5.58208E+20,5.8161E+21,9.85732E+15,5.2492E+16
22748,3,3,54,6,2018,10,8,3,3,8,7,0,0,1,0,0,0,0,0,6.2989E+20,5.88835E+21,1.09414E+16,5.31287E+16
22749,3,2,52,3,2018,10,15,7,3,5,3,0,0,1,0,0,0,0,0,5.18343E+20,5.75903E+21,9.26709E+15,5.19816E+16
22750,3,2,41,1,2018,10,7,2,3,2,6,1,0,1,0,0,0,0,0,5.53968E+20,5.80753E+21,9.79349E+15,5.24153E+16
22751,3,2,51,37,2018,10,15,7,3,2,6,0,0,1,0,0,0,0,0,4.86402E+20,5.87482E+21,8.79728E+15,5.30227E+16
22752,3,4,54,41,2018,10,7,2,3,2,7,0,0,1,0,0,0,0,0,3.948E+20,5.88241E+21,7.42944E+15,5.30808E+16
22753,3,3,51,24,2018,10,19,3,2,2,6,2,0,1,0,0,0,1,0,5.61352E+20,5.83751E+21,9.9076E+15,5.2684E+16
22754,3,3,60,24,2018,10,6,4,2,9,7,2,0,1,0,0,0,0,0,6.18548E+20,5.86741E+21,1.07642E+16,5.29433E+16
22755,3,3,51,6,2018,10,10,3,3,8,7,0,0,1,0,0,0,0,0,5.7563E+20,5.82889E+21,1.01168E+16,5.26047E+16
22756,3,2,57,35,2018,10,22,7,3,0,5,2,1,0,0,0,0,0,0,5.11939E+20,5.79703E+21,9.17518E+15,5.23234E+16
22757,3,3,51,26,2018,10,11,2,3,2,6,0,0,1,0,0,0,0,0,5.73232E+20,5.8538E+21,1.00869E+16,5.2829E+16
22758,3,4,4,0,2018,10,19,3,3,5,2,2,0,1,0,1,0,0,0,4.34165E+20,5.79517E+21,8.03448E+15,5.23029E+16
22759,3,2,41,1,2018,10,15,3,3,2,6,0,0,1,0,0,0,0,0,5.46356E+20,5.80479E+21,9.68121E+15,5.23914E+16
22760,3,4,60,5,2018,10,17,6,3,5,3,0,1,0,0,0,1,0,0,4.4072E+20,5.82779E+21,8.1248E+15,5.25969E+16
22761,3,4,59,12,2018,10,15,1,3,4,6,0,1,0,0,0,0,0,0,4.45127E+20,5.78936E+21,8.19617E+15,5.22519E+16
22762,3,2,51,41,2018,10,5,5,3,8,6,2,0,0,0,1,0,0,1,4.899E+20,5.85584E+21,8.85001E+15,5.28522E+16
22763,3,2,51,47,2018,10,16,6,3,2,2,0,0,1,0,0,0,0,0,4.9102E+20,5.87019E+21,8.86624E+15,5.29812E+16
22764,3,4,59,17,2018,10,14,7,1,2,2,0,0,0,0,1,0,1,0,4.12713E+20,5.82134E+21,7.71311E+15,5.25352E+16
22765,3,1,59,36,2018,10,19,3,3,8,6,2,0,1,0,0,0,1,0,6.10274E+20,5.71743E+21,1.05921E+16,5.15971E+16
22766,3,2,41,1,2018,10,9,3,3,2,6,0,0,1,0,0,0,0,0,5.48932E+20,5.79977E+21,9.71833E+15,5.2346E+16
22767,3,2,57,12,2018,10,18,1,3,5,3,1,0,1,0,0,0,0,0,5.07757E+20,5.78579E+21,9.11356E+15,5.22225E+16
22768,3,4,62,10,2018,10,16,4,3,8,7,0,0,1,0,0,0,0,0,4.08325E+20,5.94925E+21,7.6119E+15,5.36839E+16
22769,3,1,59,16,2018,10,14,6,3,5,3,0,0,1,0,1,0,0,0,5.60477E+20,5.70835E+21,9.87171E+15,5.15231E+16
22770,3,2,41,1,2018,10,15,3,3,2,6,0,0,1,0,0,0,1,0,5.49121E+20,5.80338E+21,9.72164E+15,5.23785E+16
22771,3,3,59,37,2018,10,13,7,2,3,6,0,0,1,0,1,0,0,0,5.37946E+20,5.91948E+21,9.57103E+15,5.3423E+16
22772,3,4,55,26,2018,10,15,2,3,5,3,0,1,1,0,0,0,0,0,4.42688E+20,5.91647E+21,8.13813E+15,5.33942E+16
22773,3,2,41,1,2018,10,14,3,3,5,2,0,1,1,0,0,0,0,0,5.46319E+20,5.80262E+21,9.68037E+15,5.23719E+16
22774,3,2,41,15,2018,10,12,4,2,4,6,0,0,1,0,0,0,0,0,5.40112E+20,5.80451E+21,9.58942E+15,5.23894E+16
22775,3,2,41,1,2018,10,18,3,3,5,3,0,1,1,0,0,0,0,0,5.49881E+20,5.80771E+21,9.73344E+15,5.24174E+16
22776,3,1,58,37,2018,10,21,7,3,1,7,2,0,1,0,0,0,0,0,6.06169E+20,5.78051E+21,1.05523E+16,5.21648E+16
22777,3,2,41,11,2018,10,15,2,1,2,6,0,0,0,0,0,1,0,0,5.6083E+20,5.80566E+21,9.89403E+15,5.23978E+16
22778,3,4,60,1,2018,10,12,3,1,4,6,0,0,1,0,0,1,0,0,4.39504E+20,5.84278E+21,8.1041E+15,5.27315E+16
22779,3,2,41,1,2018,10,16,3,2,4,2,0,1,1,0,0,0,0,0,5.45975E+20,5.80321E+21,9.6754E+15,5.23773E+16
22780,3,4,53,11,2018,10,16,1,2,2,2,0,0,1,0,1,0,0,0,4.09797E+20,5.84204E+21,7.66448E+15,5.27207E+16
22781,3,2,41,14,2018,10,20,5,3,5,3,2,1,1,0,0,0,0,1,5.45321E+20,5.79875E+21,9.66519E+15,5.23372E+16
22782,3,3,60,25,2018,10,17,6,3,3,6,0,0,1,0,0,1,0,0,6.05807E+20,5.87062E+21,1.05757E+16,5.29747E+16
22783,3,4,54,10,2018,10,11,7,3,5,2,0,1,1,0,0,0,0,0,3.84459E+20,5.80673E+21,7.30178E+15,5.23986E+16
22784,3,1,59,7,2018,10,1,3,3,8,1,2,0,1,0,0,0,0,0,5.62878E+20,5.71827E+21,9.90809E+15,5.16119E+16
22785,3,4,54,29,2018,10,11,3,3,5,3,0,1,1,0,0,0,0,0,3.87442E+20,5.85809E+21,7.3281E+15,5.28608E+16
22786,3,2,41,1,2018,10,14,3,3,2,6,0,0,1,0,0,0,1,0,5.44616E+20,5.80646E+21,9.65586E+15,5.24066E+16
22787,3,4,59,30,2018,10,13,1,3,5,2,0,0,1,0,1,0,0,0,4.28496E+20,5.83769E+21,7.94221E+15,5.26845E+16
22788,3,3,53,40,2018,10,8,5,3,3,2,0,1,1,0,0,0,0,0,5.80325E+20,5.91164E+21,1.02067E+16,5.33478E+16
22789,3,3,59,3,2018,10,16,6,3,5,3,0,0,1,0,0,0,0,0,5.40788E+20,5.92063E+21,9.61394E+15,5.34332E+16
22790,3,4,54,11,2018,10,7,7,2,8,1,1,0,1,0,0,0,0,0,4.05824E+20,5.87491E+21,7.59616E+15,5.30155E+16
22791,3,2,54,42,2018,10,16,3,3,8,1,0,0,0,0,1,0,0,0,5.66929E+20,5.7547E+21,9.97361E+15,5.1939E+16
22792,3,2,41,19,2018,10,9,3,2,5,2,0,0,1,0,0,0,0,0,5.48844E+20,5.82872E+21,9.72128E+15,5.26063E+16
22793,3,2,54,2,2018,10,1,1,3,8,1,2,0,1,0,0,0,0,0,5.59084E+20,5.75666E+21,9.85985E+15,5.19575E+16
22794,3,3,56,7,2018,10,15,4,3,4,6,0,0,1,0,1,0,0,0,4.85019E+20,5.8981E+21,8.77557E+15,5.3232E+16
22795,3,1,2,0,2018,10,13,6,2,2,7,0,0,1,0,0,0,0,0,5.91026E+20,5.77778E+21,1.03302E+16,5.21431E+16
22796,3,2,54,17,2018,10,7,3,3,4,6,0,1,0,0,0,0,0,0,5.62559E+20,5.78395E+21,9.91541E+15,5.22024E+16
22797,3,3,54,16,2018,10,16,7,3,8,7,0,0,1,0,0,0,0,0,6.37071E+20,5.86726E+21,1.10396E+16,5.29375E+16
22798,3,2,51,41,2018,10,15,2,2,5,2,0,0,1,0,1,0,0,0,4.87835E+20,5.861E+21,8.81916E+15,5.28985E+16
22799,3,2,54,42,2018,10,17,3,3,5,3,0,0,1,0,0,0,0,1,5.64179E+20,5.75413E+21,9.9335E+15,5.19342E+16
22800,3,2,41,15,2018,10,6,4,2,8,6,2,1,0,0,0,0,1,1,5.40066E+20,5.80263E+21,9.58852E+15,5.23725E+16
22801,3,2,54,21,2018,10,7,3,3,0,6,0,0,1,0,0,0,0,0,5.66499E+20,5.77903E+21,9.97208E+15,5.21577E+16