OBJECTID_1,ULAND,UREGBEZ,UKREIS,UGEMEINDE,UJAHR,UMONAT,USTUNDE,UWOCHENTAG,UKATEGORIE,UART,UTYP1,ULICHTVERH,IstRad,IstPKW,IstFuss,IstKrad,IstGkfz,IstSonstig,STRZUSTAND,LINREFX,LINREFY,XGCSWGS84,YGCSWGS84
23365,3,4,52,23,2018,10,15,6,3,2,6,0,0,1,0,0,0,0,1,3.93562E+20,5.92662E+21,7.39616E+15,5.34778E+16
23366,3,4,59,10,2018,10,16,4,3,0,1,0,1,0,0,0,0,0,0,4.25666E+20,5.82281E+21,7.9037E+15,5.25502E+16
23367,3,3,58,19,2018,10,9,6,3,2,2,0,1,1,0,0,0,0,0,5.53457E+20,5.88507E+21,9.79864E+15,5.31124E+16
23368,3,4,3,0,2018,11,18,6,3,5,2,2,1,1,0,0,0,0,0,4.47465E+20,5.88872E+21,8.21454E+15,5.31453E+16
23369,3,2,41,10,2018,10,7,2,2,4,6,1,1,0,0,0,0,0,1,5.50425E+20,5.81242E+21,9.74214E+15,5.24596E+16
23370,3,4,54,35,2018,10,12,3,3,6,2,0,0,1,1,0,0,0,1,3.85172E+20,5.83874E+21,7.30119E+15,5.26864E+16
23371,3,3,57,9,2018,10,13,3,3,5,3,0,0,1,0,0,0,0,1,5.35917E+20,5.88267E+21,9.53634E+15,5.30923E+16
23372,3,3,58,19,2018,10,13,6,3,5,3,0,1,1,0,0,0,0,0,5.53159E+20,5.88593E+21,9.79433E+15,5.31201E+16
23373,3,3,60,23,2018,10,12,1,3,8,7,0,0,1,0,0,0,0,0,5.98692E+20,5.86407E+21,1.04678E+16,5.29172E+16
23374,3,2,41,9,2018,10,7,6,3,2,6,0,0,1,0,0,0,1,1,5.54691E+20,5.79665E+21,9.80235E+15,5.23175E+16
23375,3,4,54,35,2018,10,7,4,3,4,2,2,0,1,0,0,0,0,1,3.80045E+20,5.84319E+21,7.22375E+15,5.27253E+16
23376,3,1,57,6,2018,11,12,6,2,6,7,0,0,1,1,0,0,0,0,5.84048E+20,5.79831E+21,1.02334E+16,5.23287E+16
23377,3,2,57,10,2018,10,13,2,3,6,4,0,0,1,1,0,0,0,0,5.22288E+20,5.80941E+21,9.32785E+15,5.24344E+16
23378,3,3,57,45,2018,10,16,3,3,2,6,0,0,1,0,0,0,1,0,5.13796E+20,5.88453E+21,9.20609E+15,5.311E+16
23379,3,4,54,35,2018,10,9,2,3,0,2,0,1,1,0,0,0,0,0,3.85216E+20,5.83741E+21,7.30229E+15,5.26744E+16
23380,3,3,57,35,2018,10,19,6,3,2,6,0,0,1,0,1,0,0,0,5.06456E+20,5.92759E+21,9.09731E+15,5.34972E+16
23381,3,3,61,1,2018,10,17,5,3,2,6,0,0,1,0,0,0,0,0,4.98876E+20,5.87685E+21,8.98324E+15,5.30412E+16
23382,3,4,53,7,2018,10,12,7,3,8,1,0,0,1,0,0,0,0,1,4.25577E+20,5.87138E+21,7.89136E+15,5.29869E+16
23383,3,2,41,15,2018,10,13,4,3,4,1,0,0,1,0,0,0,0,1,5.39262E+20,5.80387E+21,9.57686E+15,5.23837E+16
23384,3,3,53,35,2018,11,8,5,3,5,3,0,0,1,0,0,0,0,0,5.47796E+20,5.90406E+21,9.71691E+15,5.32836E+16
23385,3,1,2,0,2018,10,5,3,3,4,2,2,0,1,0,0,0,0,1,5.91215E+20,5.77652E+21,1.03326E+16,5.21317E+16
23386,3,3,55,2,2018,10,16,7,3,5,3,0,0,1,0,0,0,0,0,5.79883E+20,5.88683E+21,1.01938E+16,5.31249E+16
23387,3,3,57,35,2018,10,15,6,3,9,1,0,0,1,0,0,0,0,0,5.04684E+20,5.92718E+21,9.07061E+15,5.34936E+16
23388,3,3,56,7,2018,10,22,2,3,5,3,2,0,1,0,0,0,0,0,4.86813E+20,5.89685E+21,8.8025E+15,5.32208E+16
23389,3,2,41,10,2018,10,20,5,3,3,6,2,0,1,0,0,0,0,0,5.49114E+20,5.81207E+21,9.7228E+15,5.24566E+16
23390,3,3,59,14,2018,11,12,7,3,2,6,0,0,1,0,0,0,0,0,5.2467E+20,5.93838E+21,9.37273E+15,5.35937E+16
23391,3,4,59,2,2018,10,10,3,2,2,6,0,0,1,0,0,0,0,0,4.25807E+20,5.81913E+21,7.90661E+15,5.25172E+16
23392,3,3,57,45,2018,10,14,6,3,2,6,0,0,1,0,0,0,0,0,5.13796E+20,5.88453E+21,9.20609E+15,5.311E+16
23393,3,2,56,16,2018,10,7,2,2,4,6,1,0,1,0,0,0,1,1,5.15692E+20,5.82031E+21,9.23133E+15,5.25327E+16
23394,3,4,58,5,2018,10,15,6,2,2,6,0,0,1,0,0,0,1,1,4.69497E+20,5.87814E+21,8.54493E+15,5.30519E+16
23395,3,3,55,33,2018,10,17,4,3,2,6,2,0,1,0,0,0,0,0,6.00084E+20,5.9074E+21,1.0502E+16,5.33063E+16
23396,3,3,51,24,2018,10,14,6,3,5,3,0,1,1,0,0,0,0,0,5.62202E+20,5.83667E+21,9.92001E+15,5.26764E+16
23397,3,3,55,22,2018,11,6,6,3,3,6,2,0,1,0,0,0,0,0,5.94038E+20,5.90378E+21,1.04103E+16,5.32749E+16
23398,3,2,56,22,2018,10,8,2,3,0,1,1,0,0,0,1,0,0,1,5.15273E+20,5.83591E+21,9.22587E+15,5.26729E+16
23399,3,4,51,5,2018,10,7,3,3,8,6,1,0,1,0,0,0,0,1,4.4504E+20,5.89954E+21,8.17642E+15,5.32423E+16
23400,3,2,41,2,2018,10,16,3,3,1,5,0,0,1,0,0,0,0,1,5.33584E+20,5.79395E+21,9.49245E+15,5.22948E+16
23401,3,3,51,24,2018,10,16,6,3,2,6,0,0,1,0,0,0,0,0,5.64082E+20,5.83657E+21,9.94778E+15,5.26753E+16
23402,3,4,56,15,2018,10,12,7,3,5,3,0,1,1,0,0,0,0,0,3.69693E+20,5.81179E+21,7.0829E+15,5.24408E+16
23403,3,1,59,11,2018,10,14,6,3,5,3,0,0,1,0,0,0,0,0,5.76055E+20,5.7134E+21,1.00973E+16,5.15665E+16
23404,3,3,61,12,2018,10,14,4,3,2,6,0,0,1,0,0,0,0,1,5.16509E+20,5.86774E+21,9.24577E+15,5.2959E+16
23405,3,4,4,0,2018,11,18,5,3,6,2,2,0,1,1,0,0,0,1,4.32854E+20,5.79433E+21,8.01541E+15,5.22952E+16
23406,3,2,54,44,2018,10,6,2,2,4,2,1,0,1,0,1,0,0,0,5.6605E+20,5.76173E+21,9.96217E+15,5.20023E+16
23407,3,2,41,1,2018,10,16,3,3,5,2,0,1,0,0,0,0,1,0,5.49269E+20,5.80478E+21,9.72401E+15,5.23911E+16
23408,3,2,41,1,2018,10,13,6,3,1,5,0,1,1,0,0,0,0,0,5.48907E+20,5.80213E+21,9.7183E+15,5.23672E+16
23409,3,4,61,4,2018,10,16,5,3,2,6,0,0,1,0,0,1,0,0,4.58998E+20,5.89384E+21,8.38631E+15,5.31923E+16
23410,3,3,55,24,2018,10,8,3,3,5,2,0,1,1,0,0,0,0,1,5.94478E+20,5.89294E+21,1.04136E+16,5.31775E+16
23411,3,2,41,9,2018,10,15,6,3,3,2,0,0,1,1,0,0,0,0,5.55573E+20,5.79514E+21,9.81504E+15,5.23038E+16
23412,3,1,51,15,2018,10,11,1,2,9,1,0,0,1,0,0,0,0,1,5.94785E+20,5.81037E+21,1.03943E+16,5.24353E+16
23413,3,2,57,10,2018,10,22,6,3,0,1,2,0,1,0,0,0,0,1,5.21805E+20,5.80676E+21,9.32056E+15,5.24106E+16
23414,3,4,53,3,2018,10,8,4,3,2,2,0,0,1,0,0,1,0,1,4.39318E+20,5.84689E+21,8.10059E+15,5.27684E+16
23415,3,1,51,25,2018,11,23,6,3,8,6,2,0,1,0,0,0,0,0,6.11978E+20,5.8156E+21,1.06489E+16,5.2479E+16
23416,3,2,54,5,2018,10,9,2,3,8,1,0,0,1,0,0,0,0,1,5.70516E+20,5.7728E+21,1.00295E+16,5.21013E+16
23417,3,3,51,22,2018,10,1,3,2,9,7,2,0,1,0,0,0,0,1,5.83052E+20,5.82605E+21,1.02257E+16,5.25782E+16
23418,3,4,53,6,2018,10,20,2,3,8,1,2,0,1,0,0,0,0,0,4.26844E+20,5.8435E+21,7.91649E+15,5.27365E+16
23419,3,2,41,20,2018,10,20,6,3,2,2,2,0,1,0,0,0,0,0,5.42605E+20,5.79239E+21,9.62451E+15,5.22802E+16
23420,3,4,51,5,2018,10,15,5,3,5,3,0,0,1,0,0,0,1,0,4.45156E+20,5.89967E+21,8.17814E+15,5.32434E+16
23421,3,2,41,16,2018,10,7,4,3,9,1,1,0,1,0,0,0,0,1,5.61235E+20,5.79517E+21,9.89808E+15,5.23035E+16
23422,3,3,51,6,2018,11,18,5,3,2,6,1,0,1,0,0,0,0,0,5.76549E+20,5.8352E+21,1.01318E+16,5.26614E+16
23423,3,4,59,30,2018,10,14,2,3,2,2,0,0,1,0,0,0,0,1,4.26549E+20,5.83573E+21,7.91386E+15,5.26666E+16
23424,3,1,55,12,2018,10,4,7,2,6,6,2,0,1,1,0,0,0,0,5.45238E+20,5.72358E+21,9.65404E+15,5.16614E+16
23425,3,2,41,20,2018,10,9,6,3,6,2,0,0,1,1,0,0,0,0,5.39158E+20,5.79263E+21,9.57402E+15,5.22826E+16
23426,3,2,41,1,2018,10,7,5,3,5,3,1,1,0,0,0,0,1,1,5.54291E+20,5.80809E+21,9.79834E+15,5.24204E+16
23427,3,2,41,1,2018,11,14,7,3,2,6,0,0,1,0,0,0,0,0,5.53253E+20,5.8027E+21,9.78222E+15,5.2372E+16
23428,3,4,54,46,2018,10,7,3,3,5,3,1,1,1,0,0,0,0,0,4.02614E+20,5.80667E+21,7.56854E+15,5.24016E+16
23429,3,2,41,5,2018,10,6,6,3,4,2,1,1,1,0,0,0,0,0,5.41924E+20,5.80901E+21,9.61661E+15,5.24297E+16
23430,3,1,1,0,2018,10,13,2,3,2,6,0,0,1,0,0,0,0,0,6.03534E+20,5.79342E+21,1.05177E+16,5.22814E+16
23431,3,4,1,0,2018,10,17,6,3,5,3,0,1,1,0,0,0,0,0,4.73715E+20,5.87808E+21,8.60786E+15,5.30515E+16
23432,3,2,54,8,2018,10,21,4,2,8,1,2,0,1,0,0,0,0,0,5.77995E+20,5.76685E+21,1.01373E+16,5.20467E+16
23433,3,2,41,19,2018,10,15,6,3,2,6,0,0,1,0,0,1,0,0,5.52613E+20,5.82287E+21,9.77599E+15,5.25534E+16
23434,3,1,58,2,2018,10,15,5,3,2,6,0,0,1,0,0,0,0,1,5.82867E+20,5.77228E+21,1.02097E+16,5.20949E+16
23435,3,2,41,15,2018,11,17,6,3,2,6,1,0,1,0,0,0,0,0,5.39622E+20,5.80456E+21,9.58222E+15,5.23899E+16
23436,3,2,54,2,2018,10,7,2,3,4,7,0,0,1,0,0,0,0,0,5.54741E+20,5.76159E+21,9.79744E+15,5.20023E+16
23437,3,4,3,0,2018,10,7,3,2,6,4,0,0,1,1,0,0,0,1,4.45903E+20,5.88835E+21,8.19125E+15,5.31418E+16
23438,3,2,41,21,2018,10,14,3,3,3,6,0,0,1,0,0,0,0,0,5.31555E+20,5.80337E+21,9.46359E+15,5.23797E+16
23439,3,2,41,18,2018,10,15,6,3,5,3,0,0,1,0,0,0,0,0,5.85649E+20,5.81225E+21,1.02604E+16,5.24537E+16
23440,3,1,58,37,2018,10,13,6,3,6,7,0,0,0,1,0,0,1,0,6.05352E+20,5.78038E+21,1.05403E+16,5.21638E+16
23441,3,3,52,32,2018,10,16,4,3,2,6,0,0,1,0,0,0,0,1,4.79794E+20,5.92572E+21,8.69553E+15,5.34801E+16
23442,3,4,52,23,2018,11,14,5,3,2,6,0,0,1,0,0,0,0,1,3.88295E+20,5.92608E+21,7.31702E+15,5.34718E+16
23443,3,2,41,12,2018,10,18,3,3,2,6,2,0,1,0,0,0,0,1,5.27083E+20,5.82079E+21,9.39929E+15,5.25365E+16
23444,3,2,41,1,2018,10,17,6,2,4,6,2,0,1,0,1,0,0,0,5.58682E+20,5.80375E+21,9.86214E+15,5.23809E+16
23445,3,3,58,7,2018,10,13,5,3,2,6,0,0,1,0,0,0,0,1,5.46245E+20,5.83995E+21,9.68448E+15,5.27075E+16
23446,3,2,54,22,2018,10,16,4,3,3,6,0,0,1,0,0,1,0,0,5.81426E+20,5.77065E+21,1.01882E+16,5.20804E+16
23447,3,2,41,14,2018,11,17,5,3,5,3,2,1,1,0,0,0,0,0,5.45321E+20,5.79875E+21,9.66519E+15,5.23372E+16
23448,3,4,51,2,2018,10,19,2,3,4,6,2,1,0,0,0,0,0,0,4.40232E+20,5.8882E+21,8.1065E+15,5.31398E+16
23449,3,4,59,10,2018,10,7,6,3,2,2,1,0,1,0,1,0,0,1,4.30373E+20,5.82431E+21,7.97279E+15,5.25644E+16
23450,3,2,41,19,2018,10,14,6,3,5,3,0,0,1,0,0,1,0,0,5.5355E+20,5.8236E+21,9.78993E+15,5.25598E+16
23451,3,4,59,24,2018,11,13,6,3,2,2,0,0,1,0,0,0,0,0,4.53238E+20,5.78329E+21,8.31582E+15,5.21981E+16
23452,3,4,4,0,2018,10,17,3,3,2,6,2,0,1,0,0,0,1,1,4.31576E+20,5.79116E+21,7.99732E+15,5.22666E+16
23453,3,2,51,23,2018,10,13,3,3,1,7,0,0,1,0,0,1,0,1,4.57631E+20,5.81259E+21,8.37639E+15,5.24618E+16
23454,3,2,57,3,2018,10,17,4,3,2,6,1,0,1,0,0,0,0,0,5.19976E+20,5.79127E+21,9.29276E+15,5.22715E+16
23455,3,2,41,21,2018,11,16,5,3,6,6,0,1,0,1,0,0,0,0,5.26956E+20,5.81187E+21,9.39671E+15,5.24563E+16
23456,3,4,62,13,2018,10,15,2,3,0,1,0,0,0,0,1,0,0,0,3.99096E+20,5.94023E+21,7.47513E+15,5.36012E+16
23457,3,2,52,6,2018,10,18,7,3,5,2,2,0,1,0,1,0,0,1,5.24208E+20,5.77238E+21,9.35342E+15,5.21014E+16
23458,3,2,41,1,2018,10,16,6,3,0,7,0,0,1,0,0,0,0,0,5.44109E+20,5.80861E+21,9.64869E+15,5.24259E+16
23459,3,2,52,1,2018,10,6,5,3,9,1,2,0,1,0,0,0,0,1,5.14953E+20,5.76974E+21,9.21819E+15,5.2078E+16
23460,3,1,58,8,2018,11,10,7,3,2,2,0,0,1,0,0,0,0,0,6.10042E+20,5.77828E+21,1.06082E+16,5.21441E+16
23461,3,1,59,17,2018,10,20,4,3,2,6,2,0,1,0,0,1,0,0,5.45378E+20,5.6916E+21,9.65194E+15,5.13739E+16
23462,3,4,51,7,2018,10,16,3,3,8,1,0,0,1,0,0,0,0,1,4.26207E+20,5.90025E+21,7.89409E+15,5.32463E+16
23463,3,2,41,1,2018,10,13,6,3,5,2,0,1,1,0,0,0,0,0,5.49177E+20,5.80339E+21,9.72246E+15,5.23786E+16
23464,3,4,4,0,2018,10,12,1,3,1,5,0,1,1,0,0,0,0,0,4.35834E+20,5.79245E+21,8.05946E+15,5.22786E+16
23465,3,3,52,11,2018,10,7,6,3,6,2,2,0,1,1,0,0,0,0,4.80429E+20,5.9681E+21,8.70243E+15,5.38611E+16
23466,3,2,41,1,2018,10,12,6,2,5,2,0,1,0,0,0,0,1,0,5.44064E+20,5.80871E+21,9.64804E+15,5.24268E+16
23467,3,1,51,16,2018,10,17,5,3,8,1,0,0,0,0,1,0,0,1,6.0477E+20,5.80283E+21,1.05388E+16,5.23657E+16
23468,3,2,41,1,2018,11,21,6,3,6,2,2,0,1,1,0,0,0,0,5.58129E+20,5.80481E+21,9.85419E+15,5.23904E+16
23469,3,2,54,21,2018,10,12,2,3,0,1,0,0,0,0,1,0,0,1,5.66414E+20,5.7791E+21,9.97086E+15,5.21584E+16
23470,3,3,52,22,2018,10,17,3,3,2,6,0,0,1,0,0,0,0,1,5.11686E+20,5.94827E+21,9.17694E+15,5.3683E+16
23471,3,2,54,5,2018,10,15,3,3,8,1,0,0,1,0,0,0,0,0,5.69209E+20,5.7623E+21,1.00083E+16,5.2007E+16
23472,3,2,57,31,2018,10,13,6,3,2,6,0,0,1,0,0,0,0,0,5.07953E+20,5.78552E+21,9.11642E+15,5.22201E+16
23473,3,4,4,0,2018,10,6,5,3,5,3,2,1,1,0,0,0,0,1,4.34184E+20,5.79507E+21,8.03477E+15,5.2302E+16
23474,3,3,59,38,2018,10,10,4,2,5,3,0,0,1,0,0,0,0,0,5.28614E+20,5.93856E+21,9.43234E+15,5.35951E+16
23475,3,3,61,1,2018,11,17,5,3,2,2,2,0,1,0,0,0,0,1,5.05632E+20,5.87426E+21,9.08396E+15,5.30178E+16
23476,3,2,57,34,2018,10,7,3,2,4,1,1,0,1,0,0,0,0,1,5.06428E+20,5.79587E+21,9.0943E+15,5.23131E+16
23477,3,3,59,23,2018,10,7,2,3,6,2,2,0,1,1,0,0,0,1,5.33443E+20,5.92573E+21,9.50393E+15,5.34795E+16
23478,3,2,41,1,2018,10,10,6,3,6,4,0,1,0,1,0,0,0,0,5.52367E+20,5.79891E+21,9.76861E+15,5.2338E+16
23479,3,3,57,39,2018,10,12,5,3,2,6,0,0,1,0,0,0,0,1,5.21266E+20,5.88576E+21,9.31777E+15,5.31209E+16
23480,3,1,59,10,2018,10,19,4,3,5,2,2,0,1,0,0,0,0,1,5.8402E+20,5.70782E+21,1.02109E+16,5.15153E+16
23481,3,2,41,1,2018,11,5,5,2,5,2,2,0,1,0,0,0,0,0,5.47594E+20,5.79991E+21,9.6987E+15,5.23474E+16
23482,3,1,55,13,2018,10,14,6,3,2,6,0,0,1,0,0,0,0,0,5.60197E+20,5.74966E+21,9.87482E+15,5.18944E+16
23483,3,3,53,13,2018,10,11,2,3,9,1,0,0,1,0,0,0,0,0,5.73592E+20,5.89479E+21,1.01016E+16,5.31974E+16
23484,3,4,56,15,2018,10,15,6,3,2,2,0,0,1,0,0,0,0,1,3.69021E+20,5.8161E+21,7.07133E+15,5.24793E+16
23485,3,1,58,27,2018,11,14,5,3,2,2,0,0,1,0,0,1,0,0,6.23758E+20,5.77656E+21,1.08079E+16,5.21257E+16
23486,3,2,56,18,2018,10,12,6,3,2,6,0,0,1,0,0,0,0,0,5.08053E+20,5.81819E+21,9.11867E+15,5.25137E+16
23487,3,4,55,26,2018,11,10,6,3,2,6,0,0,1,0,0,0,0,0,4.42481E+20,5.91592E+21,8.13512E+15,5.33892E+16
23488,3,1,59,34,2018,10,14,2,3,8,1,0,0,1,0,0,0,0,1,5.41356E+20,5.6897E+21,9.59394E+15,5.13571E+16
23489,3,4,57,18,2018,10,16,3,3,0,1,0,0,0,0,1,0,0,0,4.02985E+20,5.8881E+21,7.54988E+15,5.31335E+16
23490,3,3,52,11,2018,10,17,3,3,4,1,1,0,1,0,0,0,0,1,4.76626E+20,5.9659E+21,8.64476E+15,5.38411E+16
23491,3,2,57,31,2018,10,16,6,3,5,3,0,0,1,0,1,0,0,0,5.06437E+20,5.77978E+21,9.09412E+15,5.21685E+16
23492,3,3,61,1,2018,10,16,1,3,5,3,0,1,1,0,0,0,0,0,5.0334E+20,5.87227E+21,9.04976E+15,5.3E+16
23493,3,2,41,11,2018,10,8,6,3,2,6,0,0,1,0,1,0,0,1,5.64418E+20,5.80277E+21,9.9462E+15,5.23714E+16
23494,3,4,54,41,2018,10,11,4,3,5,2,0,0,1,0,0,0,0,1,3.92655E+20,5.88259E+21,7.39738E+15,5.3082E+16
23495,3,1,55,11,2018,11,18,6,3,2,6,2,0,1,0,0,0,0,0,5.66942E+20,5.73172E+21,9.96935E+15,5.17324E+16
23496,3,1,59,13,2018,10,17,2,3,7,7,0,0,1,0,0,0,0,1,5.60561E+20,5.69783E+21,9.87111E+15,5.14285E+16
23497,3,3,58,4,2018,10,11,3,3,9,1,0,0,1,0,0,0,0,1,5.41355E+20,5.86128E+21,9.61481E+15,5.28996E+16
23498,3,4,54,57,2018,10,17,2,3,2,2,0,0,1,0,0,0,1,0,4.0997E+20,5.85255E+21,7.66415E+15,5.28152E+16
23499,3,2,57,11,2018,10,16,6,3,2,6,0,0,1,0,1,0,0,0,5.26526E+20,5.80328E+21,9.3897E+15,5.23791E+16
23500,3,4,53,4,2018,10,7,5,3,2,6,0,0,1,0,0,0,0,1,4.37096E+20,5.85712E+21,8.06569E+15,5.28602E+16
23501,3,2,54,43,2018,10,6,6,2,5,3,2,0,1,0,0,0,0,0,5.52296E+20,5.76573E+21,9.76246E+15,5.20397E+16
23502,3,4,52,1,2018,10,12,1,3,1,5,0,0,1,0,0,0,0,0,3.98508E+20,5.92535E+21,7.47107E+15,5.34674E+16
23503,3,3,51,7,2018,10,10,6,3,8,1,0,0,1,0,0,0,0,1,5.80529E+20,5.82442E+21,1.0188E+16,5.25639E+16
23504,3,4,59,24,2018,10,16,4,3,2,6,0,0,1,0,0,0,0,1,4.58623E+20,5.77524E+21,8.39558E+15,5.21261E+16
23505,3,2,57,6,2018,11,15,6,3,8,6,0,0,1,0,1,0,0,1,5.23749E+20,5.79899E+21,9.34859E+15,5.23407E+16
23506,3,3,53,39,2018,10,7,3,2,2,6,1,0,1,0,0,0,1,1,5.5288E+20,5.91115E+21,9.79434E+15,5.33468E+16
23507,3,4,4,0,2018,10,23,2,2,9,1,2,0,1,0,0,0,0,1,4.37557E+20,5.7934E+21,8.08454E+15,5.22874E+16
23508,3,2,54,21,2018,10,15,6,3,2,6,0,0,1,0,0,0,0,0,5.65217E+20,5.77887E+21,9.95332E+15,5.21564E+16
23509,3,4,54,32,2018,10,7,5,2,5,3,2,1,1,0,0,0,0,0,3.89845E+20,5.81911E+21,7.37683E+15,5.25109E+16
23510,3,3,51,4,2018,10,6,4,3,5,2,2,1,1,0,0,0,0,1,5.64939E+20,5.85143E+21,9.9634E+15,5.28088E+16
23511,3,2,51,41,2018,11,7,5,3,5,3,0,0,1,0,1,0,0,0,4.84302E+20,5.86488E+21,8.76645E+15,5.29333E+16
23512,3,1,59,37,2018,10,19,3,3,8,1,2,0,1,0,0,0,0,0,5.79512E+20,5.71558E+21,1.01477E+16,5.15857E+16
23513,3,2,51,42,2018,10,17,7,3,6,4,0,0,1,1,0,0,0,0,4.7511E+20,5.85008E+21,8.63082E+15,5.27999E+16
23514,3,2,54,21,2018,10,13,6,3,2,6,0,0,1,0,0,0,0,0,5.66874E+20,5.77909E+21,9.97758E+15,5.21583E+16
23515,3,3,55,15,2018,10,0,5,2,9,1,2,0,1,0,0,0,0,1,6.00883E+20,5.91014E+21,1.05149E+16,5.33308E+16
23516,3,1,2,0,2018,10,15,4,2,5,3,0,0,1,0,1,0,0,1,5.94573E+20,5.7784E+21,1.03822E+16,5.2148E+16
23517,3,2,57,31,2018,11,10,5,3,2,6,0,0,1,0,0,0,0,0,5.06516E+20,5.78248E+21,9.09532E+15,5.21927E+16
23518,3,2,52,4,2018,10,17,6,3,5,3,0,0,1,0,0,0,0,0,5.34699E+20,5.77491E+21,9.50684E+15,5.21236E+16
23519,3,2,41,1,2018,10,6,2,3,2,6,1,0,1,0,0,0,0,0,5.50738E+20,5.80235E+21,9.74523E+15,5.2369E+16
23520,3,4,53,4,2018,10,18,6,3,5,3,2,0,1,0,0,0,0,1,4.35184E+20,5.85499E+21,8.03772E+15,5.28408E+16
23521,3,4,4,0,2018,10,21,4,3,3,6,2,1,0,0,0,0,1,0,4.37161E+20,5.79317E+21,8.07878E+15,5.22853E+16
23522,3,2,52,6,2018,10,13,6,2,5,3,0,0,1,0,0,0,0,0,5.29434E+20,5.77326E+21,9.4298E+15,5.21091E+16
23523,3,2,51,37,2018,11,12,6,3,5,2,0,0,1,0,0,0,0,0,4.83175E+20,5.87188E+21,8.74931E+15,5.29962E+16
23524,3,4,52,19,2018,10,7,3,3,2,6,1,0,1,0,0,0,0,1,3.82922E+20,5.93823E+21,7.23158E+15,5.35798E+16
23525,3,3,55,26,2018,10,19,3,3,7,7,2,0,1,0,0,0,0,1,6.09619E+20,5.90073E+21,1.06428E+16,5.32445E+16
23526,3,1,59,17,2018,10,16,6,3,6,4,0,0,1,1,0,0,0,0,5.46931E+20,5.69659E+21,9.67492E+15,5.14185E+16
23527,3,2,56,17,2018,10,19,1,2,4,6,2,0,1,0,0,0,1,0,5.07909E+20,5.82137E+21,9.11662E+15,5.25424E+16
23528,3,2,41,1,2018,10,6,6,3,2,6,2,0,1,0,0,0,0,1,5.55434E+20,5.79672E+21,9.81326E+15,5.2318E+16
23529,3,4,52,1,2018,10,16,4,3,2,6,0,0,1,0,0,0,0,0,3.98315E+20,5.9252E+21,7.46821E+15,5.3466E+16
23530,3,1,53,12,2018,11,8,6,3,5,3,0,0,1,0,0,1,0,0,5.77925E+20,5.7486E+21,1.01322E+16,5.18827E+16
23531,3,3,54,18,2018,10,8,3,2,0,3,0,0,1,0,0,1,0,1,6.44595E+20,5.87565E+21,1.11553E+16,5.30109E+16
23532,3,4,52,1,2018,10,8,2,3,5,3,0,1,1,0,0,0,0,1,4.00026E+20,5.92442E+21,7.49422E+15,5.34593E+16
23533,3,1,59,17,2018,10,12,6,3,5,3,0,0,1,0,0,0,0,0,5.45239E+20,5.6958E+21,9.65048E+15,5.14116E+16
23534,3,4,3,0,2018,10,12,5,3,9,1,0,0,1,0,0,0,0,1,4.47926E+20,5.88629E+21,8.22183E+15,5.31235E+16
23535,3,2,41,7,2018,10,6,4,3,5,3,2,0,1,0,0,0,0,1,5.49444E+20,5.79716E+21,9.72545E+15,5.23225E+16
23536,3,3,59,22,2018,11,19,5,2,4,2,2,0,1,0,0,0,0,0,5.24481E+20,5.93835E+21,9.36988E+15,5.35934E+16
23537,3,1,1,0,2018,10,17,3,3,2,6,2,0,1,0,0,0,1,1,6.04018E+20,5.78849E+21,1.05233E+16,5.2237E+16
23538,3,3,51,22,2018,10,9,7,3,5,3,0,0,1,0,1,0,0,1,5.80566E+20,5.82623E+21,1.0189E+16,5.25802E+16
23539,3,1,53,12,2018,10,14,6,2,4,6,0,0,1,0,0,0,0,0,5.77611E+20,5.7555E+21,1.01292E+16,5.19448E+16
23540,3,2,41,1,2018,10,15,5,3,5,2,0,1,1,0,0,0,0,1,5.50609E+20,5.80225E+21,9.74332E+15,5.23682E+16
23541,3,3,55,30,2018,11,5,7,3,9,1,2,0,1,0,0,0,0,1,6.06044E+20,5.90053E+21,1.05891E+16,5.32435E+16
23542,3,4,57,10,2018,10,14,3,3,9,1,0,0,1,0,0,0,0,1,4.06199E+20,5.90728E+21,7.59226E+15,5.33064E+16
23543,3,1,54,14,2018,10,14,6,3,5,3,0,0,1,0,0,1,0,0,6.17246E+20,5.79669E+21,1.07198E+16,5.2308E+16
23544,3,1,53,12,2018,10,7,2,3,2,6,1,0,1,0,0,0,0,1,5.78549E+20,5.75579E+21,1.01429E+16,5.19473E+16
23545,3,4,1,0,2018,10,14,6,2,8,7,0,0,1,0,0,0,0,1,4.72626E+20,5.87645E+21,8.59175E+15,5.30369E+16
23546,3,4,52,7,2018,10,8,7,3,5,3,0,0,1,0,0,0,0,1,3.88826E+20,5.93677E+21,7.32123E+15,5.3568E+16
23547,3,3,51,6,2018,10,8,4,3,6,4,0,0,1,1,0,0,0,1,5.72698E+20,5.83074E+21,1.00739E+16,5.26218E+16
23548,3,3,52,11,2018,11,8,5,3,2,6,0,0,1,0,0,0,0,0,4.78418E+20,5.97039E+21,8.67169E+15,5.38815E+16
23549,3,1,54,28,2018,10,6,3,3,5,2,1,0,1,0,0,0,1,1,6.35458E+20,5.79232E+21,1.0985E+16,5.22646E+16
23550,3,3,52,55,2018,10,2,7,3,8,1,2,0,1,0,0,0,0,1,4.85692E+20,5.95443E+21,8.78308E+15,5.37383E+16
23551,3,1,1,0,2018,10,10,6,3,3,6,0,0,1,0,0,1,0,0,6.02728E+20,5.79561E+21,1.05066E+16,5.23012E+16