OBJECTID_1,ULAND,UREGBEZ,UKREIS,UGEMEINDE,UJAHR,UMONAT,USTUNDE,UWOCHENTAG,UKATEGORIE,UART,UTYP1,ULICHTVERH,IstRad,IstPKW,IstFuss,IstKrad,IstGkfz,IstSonstig,STRZUSTAND,LINREFX,LINREFY,XGCSWGS84,YGCSWGS84
23552,3,2,41,17,2018,10,3,5,3,8,1,2,0,1,0,0,0,0,1,5.44524E+20,5.78786E+21,9.65205E+15,5.22393E+16
23553,3,1,1,0,2018,10,7,4,3,2,6,0,0,1,0,0,0,0,1,6.02459E+20,5.78704E+21,1.05E+16,5.22242E+16
23554,3,1,59,13,2018,11,7,5,3,6,6,0,1,0,1,0,0,0,0,5.6375E+20,5.697E+21,9.91684E+15,5.14206E+16
23555,3,1,1,0,2018,10,10,6,3,6,2,0,0,1,1,0,0,0,0,6.08962E+20,5.79454E+21,1.05976E+16,5.22904E+16
23556,3,1,59,18,2018,10,20,2,3,8,1,2,0,1,0,0,0,0,0,5.86971E+20,5.72186E+21,1.02569E+16,5.1641E+16
23557,3,2,51,38,2018,10,13,6,3,9,1,0,0,1,0,0,0,0,1,4.89274E+20,5.85151E+21,8.84086E+15,5.28132E+16
23558,3,4,60,10,2018,10,18,4,2,8,1,2,0,0,0,1,0,0,0,4.49258E+20,5.85182E+21,8.24713E+15,5.28138E+16
23559,3,4,59,24,2018,10,5,5,2,8,7,2,0,0,0,1,0,0,0,4.61032E+20,5.78143E+21,8.43006E+15,5.2182E+16
23560,3,3,58,8,2018,11,12,6,2,5,3,0,1,1,0,0,0,0,1,5.4658E+20,5.85756E+21,9.69194E+15,5.28657E+16
23561,3,4,5,0,2018,10,23,3,3,6,4,2,0,1,1,0,0,0,1,4.39757E+20,5.9308E+21,8.0913E+15,5.35226E+16
23562,3,3,51,12,2018,10,6,3,3,2,6,2,0,1,0,0,0,0,0,5.62982E+20,5.82741E+21,9.92977E+15,5.25931E+16
23563,3,4,59,15,2018,10,4,5,2,4,1,2,0,1,0,0,1,1,0,4.45506E+20,5.77655E+21,8.20378E+15,5.21367E+16
23564,3,4,4,0,2018,10,13,7,3,8,6,0,0,1,0,0,0,0,0,4.32E+20,5.79085E+21,8.00359E+15,5.22638E+16
23565,3,2,57,32,2018,10,10,6,3,5,3,0,1,1,0,0,0,0,1,5.24755E+20,5.79695E+21,9.36321E+15,5.23223E+16
23566,3,3,61,8,2018,10,19,4,3,2,6,2,1,1,0,0,0,0,1,5.11709E+20,5.88749E+21,9.17503E+15,5.31367E+16
23567,3,4,59,30,2018,11,16,5,3,5,3,1,1,1,0,0,0,0,1,4.26549E+20,5.83573E+21,7.91386E+15,5.26666E+16
23568,3,3,51,6,2018,10,17,3,3,3,2,2,1,1,0,0,0,0,0,5.73926E+20,5.83273E+21,1.00925E+16,5.26395E+16
23569,3,4,53,6,2018,10,7,2,3,2,2,2,0,1,0,0,0,0,1,4.30414E+20,5.84161E+21,7.96975E+15,5.27199E+16
23570,3,4,59,3,2018,10,8,5,3,2,6,0,0,1,0,0,0,0,0,4.52816E+20,5.79681E+21,8.30775E+15,5.23196E+16
23571,3,2,51,35,2018,10,11,5,2,9,1,0,0,1,0,0,0,0,0,4.99915E+20,5.83922E+21,8.99874E+15,5.27029E+16
23572,3,2,41,21,2018,10,9,4,3,0,7,0,0,1,0,0,1,0,1,5.32804E+20,5.8048E+21,9.48207E+15,5.23925E+16
23573,3,2,41,1,2018,11,18,5,3,5,3,2,0,1,0,0,0,0,1,5.57313E+20,5.80453E+21,9.84216E+15,5.2388E+16
23574,3,4,57,14,2018,10,17,2,3,2,6,1,0,1,0,0,0,0,0,3.99352E+20,5.90686E+21,7.48967E+15,5.33014E+16
23575,3,2,56,22,2018,10,18,7,3,4,2,2,0,1,0,0,0,0,0,5.14729E+20,5.83117E+21,9.21763E+15,5.26303E+16
23576,3,4,4,0,2018,10,23,5,2,3,6,2,0,1,0,0,1,0,0,4.34165E+20,5.7952E+21,8.03446E+15,5.23032E+16
23577,3,1,59,26,2018,10,7,5,3,2,6,1,0,1,0,0,0,0,1,5.86101E+20,5.72812E+21,1.02458E+16,5.16974E+16
23578,3,2,41,17,2018,11,14,7,1,5,3,0,1,1,0,0,0,0,0,5.46351E+20,5.78681E+21,9.67865E+15,5.22297E+16
23579,3,4,60,5,2018,10,15,3,3,5,3,0,0,1,0,0,1,0,1,4.42865E+20,5.82804E+21,8.15642E+15,5.25994E+16
23580,3,4,4,0,2018,10,22,5,3,3,6,2,0,1,0,0,0,0,0,4.35424E+20,5.79221E+21,8.0535E+15,5.22765E+16
23581,3,4,59,4,2018,10,13,1,3,2,6,0,0,1,0,0,0,0,0,4.34855E+20,5.7792E+21,8.04767E+15,5.21594E+16
23582,3,4,1,0,2018,10,18,6,3,2,6,2,0,1,0,0,0,0,1,4.74892E+20,5.87775E+21,8.62544E+15,5.30487E+16
23583,3,4,4,0,2018,10,16,5,3,2,6,0,0,1,0,0,1,0,1,4.34263E+20,5.794E+21,8.03614E+15,5.22924E+16
23584,3,1,51,34,2018,10,14,5,3,5,3,0,0,1,0,0,0,0,0,6.03668E+20,5.80261E+21,1.05225E+16,5.2364E+16
23585,3,2,41,12,2018,11,7,6,3,5,7,0,0,1,0,0,0,0,1,5.32667E+20,5.81215E+21,9.48078E+15,5.24585E+16
23586,3,4,61,8,2018,10,13,3,2,6,4,0,0,1,1,0,0,0,0,4.61828E+20,5.90436E+21,8.42739E+15,5.32871E+16
23587,3,3,61,6,2018,10,7,2,3,2,6,1,0,1,0,0,0,0,1,5.07569E+20,5.87184E+21,9.11277E+15,5.29961E+16
23588,3,2,41,8,2018,10,7,3,3,2,6,0,0,1,0,0,0,0,0,5.60428E+20,5.80867E+21,9.88868E+15,5.24249E+16
23589,3,4,54,18,2018,10,9,5,3,5,3,0,1,1,0,0,0,0,1,3.75131E+20,5.8554E+21,7.14636E+15,5.28339E+16
23590,3,1,53,17,2018,10,7,6,3,2,6,1,0,1,0,0,0,0,1,5.96931E+20,5.75329E+21,1.04095E+16,5.19219E+16
23591,3,3,53,40,2018,10,17,4,3,5,2,0,1,1,0,0,0,0,0,5.81397E+20,5.91413E+21,1.02234E+16,5.337E+16
23592,3,2,41,1,2018,10,14,4,3,2,6,0,0,1,0,0,0,0,0,5.47316E+20,5.80913E+21,9.69593E+15,5.24304E+16
23593,3,4,62,12,2018,10,21,5,2,2,6,2,0,1,0,1,0,0,0,4.0071E+20,5.94107E+21,7.49924E+15,5.3609E+16
23594,3,3,51,6,2018,11,20,6,3,6,6,2,1,0,1,0,0,0,0,5.72575E+20,5.83072E+21,1.00721E+16,5.26217E+16
23595,3,4,51,5,2018,10,16,3,3,2,6,0,0,1,0,0,0,0,0,4.47194E+20,5.89819E+21,8.20892E+15,5.32304E+16
23596,3,2,41,1,2018,10,20,3,3,8,1,2,0,1,0,0,0,0,1,5.42841E+20,5.80811E+21,9.62998E+15,5.24216E+16
23597,3,4,62,4,2018,10,16,5,3,0,6,0,0,1,0,0,0,0,0,3.98923E+20,5.93474E+21,7.47429E+15,5.35518E+16
23598,3,4,56,27,2018,10,14,7,2,8,1,0,0,1,0,0,0,0,0,3.81252E+20,5.7993E+21,7.2573E+15,5.23311E+16
23599,3,1,59,16,2018,10,1,6,1,8,1,2,0,1,0,0,0,0,1,5.61153E+20,5.7104E+21,9.88181E+15,5.15414E+16
23600,3,4,61,7,2018,10,16,4,3,5,3,0,0,1,0,0,1,0,1,4.6375E+20,5.92604E+21,8.45374E+15,5.34821E+16
23601,3,4,56,12,2018,11,9,5,2,5,3,0,0,1,0,0,0,0,0,3.50443E+20,5.82914E+21,6.7921E+15,5.25917E+16
23602,3,2,41,14,2018,10,8,3,3,2,6,0,0,1,0,0,0,0,1,5.44936E+20,5.79602E+21,9.65917E+15,5.23126E+16
23603,3,4,52,7,2018,10,9,5,3,5,3,0,0,1,0,0,0,1,0,3.89466E+20,5.93644E+21,7.33101E+15,5.35651E+16
23604,3,3,53,31,2018,10,8,5,3,2,6,0,0,1,0,0,1,0,1,5.67974E+20,5.9161E+21,1.00221E+16,5.33896E+16
23605,3,2,57,31,2018,10,5,4,3,4,2,2,0,1,0,0,0,0,1,5.06052E+20,5.78287E+21,9.08855E+15,5.21963E+16
23606,3,2,41,21,2018,11,14,5,2,5,3,0,0,1,0,1,0,0,0,5.31743E+20,5.808E+21,9.46679E+15,5.24213E+16
23607,3,4,60,6,2018,10,15,2,1,4,6,0,0,1,0,0,1,0,0,4.43966E+20,5.83153E+21,8.17208E+15,5.26309E+16
23608,3,1,51,38,2018,10,8,7,3,5,3,0,0,1,0,0,0,0,0,6.02494E+20,5.82385E+21,1.05118E+16,5.25551E+16
23609,3,4,53,13,2018,10,14,5,3,0,2,0,0,0,0,1,0,0,0,4.11177E+20,5.88456E+21,7.67326E+15,5.31031E+16
23610,3,1,59,16,2018,10,13,5,3,2,6,0,0,1,0,0,0,0,0,5.65188E+20,5.7121E+21,9.9403E+15,5.15562E+16
23611,3,1,58,39,2018,11,14,7,3,8,1,0,0,0,0,1,0,0,0,6.03702E+20,5.76779E+21,1.05123E+16,5.2051E+16
23612,3,1,53,2,2018,10,8,4,3,0,7,0,0,1,0,0,0,0,0,6.07177E+20,5.74959E+21,1.05573E+16,5.18867E+16
23613,3,4,51,5,2018,10,11,3,2,9,1,0,0,1,0,0,0,0,1,4.41519E+20,5.90759E+21,8.12219E+15,5.33142E+16
23614,3,4,53,1,2018,10,22,5,3,6,4,2,0,1,1,0,0,0,0,4.20924E+20,5.88636E+21,7.81838E+15,5.31208E+16
23615,3,4,4,0,2018,10,1,1,3,2,6,2,0,1,0,0,0,0,0,4.34513E+20,5.79185E+21,8.04021E+15,5.22732E+16
23616,3,3,58,20,2018,10,11,6,3,3,6,0,0,0,0,1,1,0,1,5.43825E+20,5.83725E+21,9.64831E+15,5.26834E+16
23617,3,1,1,0,2018,10,6,5,2,9,1,2,0,1,0,0,0,0,1,6.03492E+20,5.79711E+21,1.05182E+16,5.23146E+16
23618,3,2,41,1,2018,11,6,6,3,2,6,2,0,1,0,0,0,0,0,5.45675E+20,5.8089E+21,9.67176E+15,5.24284E+16
23619,3,3,53,31,2018,10,7,3,3,5,3,1,0,1,0,0,1,0,1,5.65127E+20,5.91782E+21,9.97966E+15,5.34054E+16
23620,3,1,59,29,2018,10,13,3,3,4,6,0,0,0,0,0,1,1,0,5.6226E+20,5.70765E+21,9.89728E+15,5.15166E+16
23621,3,4,53,1,2018,10,7,5,3,0,1,2,1,0,0,0,0,0,1,4.16166E+20,5.89166E+21,7.74591E+15,5.31677E+16
23622,3,4,54,41,2018,10,6,5,3,2,6,2,0,1,0,1,0,0,1,3.91489E+20,5.88211E+21,7.38014E+15,5.30774E+16
23623,3,3,57,16,2018,10,7,4,3,5,3,1,0,1,0,0,0,0,1,4.97992E+20,5.91572E+21,8.9698E+15,5.33906E+16
23624,3,3,61,12,2018,11,17,5,3,2,6,2,0,1,0,0,1,0,1,5.15548E+20,5.86532E+21,9.23135E+15,5.29373E+16
23625,3,2,56,22,2018,10,22,3,2,6,4,2,0,1,1,0,0,0,1,5.11983E+20,5.82852E+21,9.17695E+15,5.26065E+16
23626,3,3,56,11,2018,10,16,7,3,2,6,0,0,1,0,0,0,0,0,4.96497E+20,5.89836E+21,8.94752E+15,5.32345E+16
23627,3,3,58,21,2018,10,19,2,3,0,7,2,0,0,0,0,1,1,0,5.58078E+20,5.86605E+21,9.86424E+15,5.29409E+16
23628,3,4,53,11,2018,10,8,5,1,5,3,0,1,1,0,0,0,0,1,4.18785E+20,5.84674E+21,7.79634E+15,5.27644E+16
23629,3,3,57,39,2018,10,7,5,3,2,6,1,0,1,0,0,0,0,1,5.26358E+20,5.88374E+21,9.39369E+15,5.31025E+16
23630,3,1,59,16,2018,10,12,4,3,2,6,0,0,1,0,0,0,1,1,5.6621E+20,5.71197E+21,9.95502E+15,5.15549E+16
23631,3,1,55,10,2018,11,21,5,3,3,2,2,0,1,0,1,0,0,0,5.65827E+20,5.72018E+21,9.95103E+15,5.16288E+16
23632,3,3,60,23,2018,10,13,2,3,0,7,0,1,0,0,0,0,0,0,5.97108E+20,5.86134E+21,1.04435E+16,5.2893E+16
23633,3,4,54,32,2018,10,7,6,3,8,1,2,0,0,0,1,0,0,1,3.85435E+20,5.82697E+21,7.30915E+15,5.25807E+16
23634,3,1,54,28,2018,11,8,5,3,3,6,0,0,1,0,0,0,0,0,6.3111E+20,5.79408E+21,1.0922E+16,5.22814E+16
23635,3,2,52,1,2018,11,16,4,3,2,6,0,1,1,0,0,0,0,0,5.14189E+20,5.76215E+21,9.20672E+15,5.20098E+16
23636,3,3,57,11,2018,11,18,3,1,4,5,2,0,1,0,0,0,0,1,5.1788E+20,5.91987E+21,9.26909E+15,5.34276E+16
23637,3,3,53,17,2018,11,18,6,1,6,4,2,0,1,1,0,0,0,1,5.65677E+20,5.91127E+21,9.98657E+15,5.33465E+16
23638,3,1,53,17,2018,11,9,1,3,5,3,0,0,1,0,0,0,0,0,6.06901E+20,5.75699E+21,1.05556E+16,5.19534E+16
23639,3,1,55,12,2018,11,19,1,3,9,1,2,0,1,0,0,0,0,1,5.41816E+20,5.71993E+21,9.60413E+15,5.16288E+16
23640,3,4,54,35,2018,11,10,5,2,5,3,0,1,1,0,0,0,0,0,3.85167E+20,5.83874E+21,7.30112E+15,5.26864E+16
23641,3,3,52,11,2018,11,17,3,3,5,3,2,1,1,0,0,0,0,0,4.81317E+20,5.96699E+21,8.716E+15,5.38511E+16
23642,3,2,52,6,2018,11,20,4,2,9,1,2,0,1,0,0,0,0,0,5.19068E+20,5.77301E+21,9.27842E+15,5.21073E+16
23643,3,4,57,17,2018,11,18,2,3,5,2,2,0,1,0,1,0,0,1,4.07865E+20,5.89122E+21,7.62189E+15,5.31624E+16
23644,3,1,53,504,2018,11,20,6,3,7,7,2,0,1,0,0,0,0,0,6.0848E+20,5.73413E+21,1.05714E+16,5.17476E+16
23645,3,2,41,8,2018,11,0,7,3,2,7,2,0,1,0,0,0,0,0,5.59683E+20,5.8099E+21,9.87794E+15,5.24361E+16
23646,3,1,55,6,2018,11,15,5,2,3,6,0,0,0,0,0,0,1,0,5.71928E+20,5.73775E+21,1.00428E+16,5.1786E+16
23647,3,1,59,17,2018,11,21,4,3,0,1,2,0,0,0,1,0,0,0,5.46472E+20,5.69652E+21,9.66831E+15,5.1418E+16
23648,3,4,1,0,2018,11,22,2,3,5,3,2,0,1,0,0,0,0,0,4.75268E+20,5.87891E+21,8.63096E+15,5.30591E+16
23649,3,3,58,22,2018,11,18,2,3,4,6,2,0,1,0,0,0,0,1,5.36874E+20,5.85557E+21,9.54754E+15,5.28486E+16
23650,3,3,53,31,2018,11,14,5,3,5,3,0,1,1,0,0,0,0,0,5.63637E+20,5.92012E+21,9.95772E+15,5.34263E+16
23651,3,4,3,0,2018,11,10,6,2,2,6,0,0,1,0,0,0,0,0,4.45805E+20,5.89227E+21,8.18913E+15,5.3177E+16
23652,3,3,52,55,2018,11,15,4,2,4,7,0,0,1,0,0,0,0,1,4.85692E+20,5.95443E+21,8.78308E+15,5.37383E+16
23653,3,1,59,7,2018,11,15,4,3,2,2,0,0,1,0,0,0,0,0,5.6518E+20,5.71702E+21,9.9411E+15,5.16004E+16
23654,3,4,59,24,2018,11,23,6,3,0,1,2,0,1,0,0,0,0,0,4.57258E+20,5.78301E+21,8.37466E+15,5.21959E+16
23655,3,4,59,24,2018,11,19,1,3,2,2,2,0,1,0,0,0,0,0,4.5764E+20,5.78204E+21,8.38037E+15,5.21872E+16
23656,3,3,52,11,2018,11,16,3,3,2,6,2,0,1,0,0,0,0,0,4.81926E+20,5.96667E+21,8.72527E+15,5.38482E+16
23657,3,4,59,19,2018,11,20,1,3,5,3,2,0,1,0,1,0,0,1,4.3423E+20,5.78479E+21,8.03745E+15,5.22096E+16
23658,3,2,41,1,2018,11,15,6,3,6,4,0,0,1,1,0,0,0,0,5.54499E+20,5.80931E+21,9.8016E+15,5.24313E+16
23659,3,4,59,13,2018,11,6,4,3,2,2,2,0,1,0,0,0,0,0,4.49247E+20,5.79983E+21,8.25493E+15,5.23464E+16
23660,3,1,1,0,2018,11,18,4,2,5,3,2,0,1,0,0,1,0,0,6.02801E+20,5.78761E+21,1.05052E+16,5.22293E+16
23661,3,1,54,15,2018,11,10,4,3,1,5,0,0,1,0,0,0,0,0,6.36367E+20,5.79533E+21,1.09995E+16,5.22914E+16
23662,3,2,41,1,2018,11,20,3,3,5,2,2,1,1,0,0,0,0,0,5.49373E+20,5.80321E+21,9.72531E+15,5.23769E+16
23663,3,3,60,25,2018,11,15,6,3,2,6,0,0,1,0,0,0,0,0,6.04188E+20,5.86864E+21,1.0551E+16,5.29572E+16
23664,3,4,54,32,2018,11,10,7,3,2,6,0,0,1,0,0,0,0,1,3.87666E+20,5.81993E+21,7.34445E+15,5.25179E+16
23665,3,1,58,27,2018,11,10,1,3,9,1,0,0,1,0,0,0,0,1,6.21448E+20,5.77951E+21,1.07752E+16,5.21528E+16
23666,3,3,59,36,2018,11,13,5,3,5,3,0,0,1,0,0,0,0,0,5.16328E+20,5.93791E+21,9.24667E+15,5.35898E+16
23667,3,2,57,31,2018,11,14,4,3,2,6,0,0,1,0,1,0,0,0,5.04764E+20,5.78014E+21,9.06966E+15,5.21717E+16
23668,3,4,59,8,2018,11,14,3,3,0,2,0,0,1,0,0,0,0,0,4.39661E+20,5.79578E+21,8.11495E+15,5.23091E+16
23669,3,4,53,7,2018,11,14,2,3,9,6,0,0,1,0,0,0,1,1,4.2253E+20,5.88143E+21,7.84356E+15,5.30767E+16
23670,3,4,57,18,2018,11,16,5,3,5,3,1,1,1,0,0,0,0,0,4.0417E+20,5.88827E+21,7.56753E+15,5.31352E+16
23671,3,1,54,21,2018,11,23,7,3,8,1,2,0,1,0,0,0,0,0,6.32168E+20,5.78778E+21,1.0935E+16,5.22246E+16
23672,3,4,59,14,2018,11,19,3,3,5,2,2,0,1,0,0,0,0,0,4.252E+20,5.81264E+21,7.89911E+15,5.24588E+16
23673,3,1,1,0,2018,11,7,5,3,9,1,1,0,1,0,0,1,0,1,6.03947E+20,5.79892E+21,1.05255E+16,5.23308E+16
23674,3,4,54,47,2018,11,16,3,2,6,4,0,0,1,1,0,0,0,0,4.01832E+20,5.85143E+21,7.54377E+15,5.28037E+16
23675,3,3,51,22,2018,11,4,2,2,8,1,2,0,1,0,0,0,0,1,5.80548E+20,5.82505E+21,1.01885E+16,5.25695E+16
23676,3,2,41,1,2018,11,18,2,3,4,2,2,0,1,0,0,0,0,1,5.49845E+20,5.8081E+21,9.73297E+15,5.24208E+16
23677,3,3,51,6,2018,11,15,5,3,2,6,0,0,1,0,0,0,0,0,5.72283E+20,5.82659E+21,1.00669E+16,5.25845E+16
23678,3,3,59,37,2018,11,17,6,3,5,2,2,0,1,0,0,0,1,1,5.3622E+20,5.9177E+21,9.54484E+15,5.34071E+16
23679,3,2,41,3,2018,11,13,4,2,8,1,0,0,0,0,1,0,0,0,5.73341E+20,5.8192E+21,1.00809E+16,5.25179E+16
23680,3,4,54,41,2018,11,15,3,2,5,3,0,1,1,0,0,0,0,0,3.94942E+20,5.88266E+21,7.43148E+15,5.30831E+16
23681,3,1,57,6,2018,11,15,5,3,2,2,0,0,1,0,0,0,0,0,5.80797E+20,5.79976E+21,1.0186E+16,5.23422E+16
23682,3,4,54,25,2018,11,11,3,3,2,6,0,0,1,0,0,0,0,0,3.88864E+20,5.86677E+21,7.34624E+15,5.2939E+16
23683,3,3,59,28,2018,11,7,2,3,2,2,0,0,1,0,0,0,0,0,5.44538E+20,5.93197E+21,9.672E+15,5.35348E+16
23684,3,3,57,39,2018,11,6,2,3,6,2,2,0,1,1,0,0,0,1,5.26554E+20,5.88383E+21,9.39662E+15,5.31033E+16
23685,3,3,58,22,2018,11,11,5,3,5,3,0,1,1,0,0,0,0,0,5.39185E+20,5.85679E+21,9.582E+15,5.28594E+16
23686,3,4,1,0,2018,11,17,6,3,2,6,2,0,1,0,0,0,0,0,4.75327E+20,5.87852E+21,8.63188E+15,5.30556E+16
23687,3,4,53,7,2018,11,6,4,3,0,1,2,1,0,0,0,0,0,1,4.17376E+20,5.87312E+21,7.76877E+15,5.30013E+16
23688,3,3,57,16,2018,11,13,4,2,6,4,0,0,0,1,0,0,1,0,4.99355E+20,5.91833E+21,8.9903E+15,5.34141E+16
23689,3,4,54,19,2018,11,8,3,3,2,2,0,0,1,0,0,1,0,0,3.99572E+20,5.84172E+21,7.51322E+15,5.27161E+16
23690,3,3,56,11,2018,11,18,4,3,2,2,2,0,1,0,0,0,0,0,4.96588E+20,5.89635E+21,8.9489E+15,5.32164E+16
23691,3,4,56,11,2018,11,5,6,2,2,6,2,0,1,0,0,0,0,1,3.52716E+20,5.81885E+21,6.8302E+15,5.24998E+16
23692,3,4,53,2,2018,11,15,1,3,4,6,0,0,1,0,0,0,0,0,4.29506E+20,5.87347E+21,7.94941E+15,5.30062E+16
23693,3,3,55,2,2018,11,5,3,3,7,7,2,0,1,0,0,0,1,0,5.83865E+20,5.89265E+21,1.02548E+16,5.31766E+16
23694,3,4,60,1,2018,11,0,1,3,5,3,2,0,1,0,0,0,0,1,4.45675E+20,5.84369E+21,8.19532E+15,5.27404E+16
23695,3,2,52,6,2018,11,17,6,3,3,6,2,0,1,0,0,1,0,0,5.24131E+20,5.77152E+21,9.35224E+15,5.20937E+16
23696,3,4,56,27,2018,11,14,4,3,4,2,0,1,1,0,0,0,0,0,3.78131E+20,5.79717E+21,7.21229E+15,5.23113E+16
23697,3,1,59,16,2018,11,16,3,3,5,3,2,0,1,0,1,0,0,1,5.61786E+20,5.71199E+21,9.89122E+15,5.15556E+16
23698,3,4,57,22,2018,11,8,3,3,2,6,0,0,1,0,0,0,0,1,3.95244E+20,5.88808E+21,7.43422E+15,5.31318E+16
23699,3,4,54,35,2018,11,15,3,2,2,6,0,0,1,0,0,0,0,0,3.85276E+20,5.83394E+21,7.30439E+15,5.26433E+16
23700,3,2,52,6,2018,11,5,3,3,0,3,2,1,1,0,0,0,0,0,5.25062E+20,5.77269E+21,9.36591E+15,5.21042E+16
23701,3,3,51,16,2018,11,11,6,2,5,3,0,0,1,0,0,0,0,0,5.86399E+20,5.83161E+21,1.02765E+16,5.26276E+16
23702,3,3,61,1,2018,11,10,7,3,2,6,0,0,1,0,0,0,0,0,4.97571E+20,5.8757E+21,8.96378E+15,5.30308E+16
23703,3,4,59,12,2018,11,11,7,3,3,6,0,0,1,0,0,0,0,1,4.4783E+20,5.78552E+21,8.23636E+15,5.22176E+16
23704,3,3,54,10,2018,11,9,5,3,5,7,0,1,1,0,0,0,0,0,6.6388E+20,5.8799E+21,1.14446E+16,5.30434E+16
23705,3,4,54,45,2018,11,7,3,3,2,6,0,0,1,0,0,0,1,0,3.86719E+20,5.79815E+21,7.33788E+15,5.23219E+16
23706,3,4,51,2,2018,11,13,2,3,5,3,0,1,1,0,0,0,0,1,4.38532E+20,5.89319E+21,8.08013E+15,5.31845E+16
23707,3,4,53,7,2018,11,7,5,3,5,3,1,1,1,0,0,0,0,1,4.22188E+20,5.87559E+21,7.83986E+15,5.30242E+16
23708,3,4,59,3,2018,11,15,6,2,5,3,0,0,0,0,1,0,1,0,4.61542E+20,5.79971E+21,8.43544E+15,5.23464E+16
23709,3,4,54,45,2018,11,18,3,3,2,6,2,0,1,0,0,0,0,0,3.90291E+20,5.8005E+21,7.38951E+15,5.23438E+16
23710,3,4,4,0,2018,11,8,4,3,4,7,0,1,1,0,0,0,0,0,4.33701E+20,5.79161E+21,8.02836E+15,5.22709E+16
23711,3,4,52,12,2018,11,18,3,3,8,1,2,0,0,0,1,0,0,0,3.96354E+20,5.9186E+21,7.44086E+15,5.34063E+16
23712,3,3,57,25,2018,11,9,7,2,8,7,0,0,1,0,0,0,0,1,5.40936E+20,5.8799E+21,9.61093E+15,5.3067E+16
23713,3,2,41,12,2018,11,11,2,3,8,7,0,0,0,0,1,0,0,1,5.35879E+20,5.81819E+21,9.52869E+15,5.25127E+16
23714,3,2,41,8,2018,11,17,2,3,6,4,2,0,1,1,0,0,0,1,5.5759E+20,5.80966E+21,9.84711E+15,5.24341E+16
23715,3,2,41,12,2018,11,17,5,3,2,6,2,0,1,0,0,0,0,0,5.30845E+20,5.81503E+21,9.45422E+15,5.24846E+16
23716,3,3,58,21,2018,11,15,6,3,5,2,0,1,1,0,0,0,0,0,5.55868E+20,5.87053E+21,9.83212E+15,5.29814E+16
23717,3,2,41,15,2018,11,12,4,3,2,6,0,0,1,0,0,0,0,0,5.34544E+20,5.8071E+21,9.50787E+15,5.24131E+16
23718,3,4,52,1,2018,11,17,3,3,0,3,2,1,1,0,0,0,0,0,4.02223E+20,5.9265E+21,7.52665E+15,5.34784E+16
23719,3,4,51,5,2018,11,12,6,1,6,4,0,0,0,1,0,1,0,1,4.4617E+20,5.90057E+21,8.19318E+15,5.32517E+16
23720,3,3,57,31,2018,11,9,1,2,5,2,0,0,1,0,0,0,0,0,5.31787E+20,5.87767E+21,9.47418E+15,5.30476E+16
23721,3,4,1,0,2018,11,16,1,3,5,2,2,0,1,0,0,0,0,1,4.738E+20,5.87782E+21,8.60915E+15,5.30492E+16
23722,3,4,59,19,2018,11,5,5,3,8,1,2,1,0,0,0,0,0,1,4.39877E+20,5.78163E+21,8.12064E+15,5.21819E+16
23723,3,4,4,0,2018,11,17,2,3,1,5,2,0,1,0,0,0,0,1,4.34395E+20,5.78954E+21,8.03894E+15,5.22524E+16
23724,3,2,51,42,2018,11,9,3,3,5,3,0,0,1,0,0,0,1,1,4.75254E+20,5.84872E+21,8.63306E+15,5.27877E+16
23725,3,4,52,1,2018,11,13,3,3,5,3,0,1,1,0,0,0,0,0,3.99947E+20,5.92837E+21,7.49178E+15,5.34948E+16
23726,3,1,57,6,2018,11,8,3,3,2,2,0,0,1,0,0,0,0,1,5.84069E+20,5.79571E+21,1.0233E+16,5.23053E+16
23727,3,2,56,32,2018,11,12,6,3,2,2,0,0,1,0,0,0,0,1,5.05088E+20,5.81889E+21,9.07499E+15,5.25201E+16
23728,3,2,41,9,2018,11,15,7,3,2,6,0,0,1,0,0,0,0,0,5.57404E+20,5.79501E+21,9.84186E+15,5.23024E+16
23729,3,4,3,0,2018,11,20,7,3,8,1,2,0,1,0,0,0,0,1,4.51303E+20,5.8907E+21,8.27162E+15,5.31634E+16
23730,3,2,41,13,2018,11,9,5,3,4,7,0,0,1,0,0,0,1,0,5.52588E+20,5.78884E+21,9.77028E+15,5.22474E+16
23731,3,4,52,1,2018,11,12,6,3,0,7,0,1,0,0,0,0,0,1,3.98416E+20,5.92528E+21,7.46971E+15,5.34667E+16
23732,3,2,51,47,2018,11,17,1,3,5,3,2,0,1,0,0,0,0,1,4.89245E+20,5.87021E+21,8.8398E+15,5.29813E+16
23733,3,2,41,15,2018,11,7,3,3,5,3,1,1,0,0,0,0,0,0,5.43958E+20,5.80617E+21,9.64615E+15,5.2404E+16
23734,3,4,61,5,2018,11,9,1,3,2,6,0,0,1,0,0,0,0,0,4.48082E+20,5.91032E+21,8.22024E+15,5.33395E+16
23735,3,1,2,0,2018,11,15,6,3,2,6,0,0,1,0,0,0,0,0,5.92564E+20,5.77994E+21,1.03533E+16,5.21622E+16
23736,3,1,2,0,2018,11,16,3,3,5,3,2,0,1,0,0,0,0,1,5.91512E+20,5.77742E+21,1.03372E+16,5.21397E+16
23737,3,4,53,8,2018,11,12,3,3,2,2,0,0,1,0,0,0,0,0,4.33661E+20,5.86465E+21,8.01314E+15,5.29274E+16
23738,3,4,53,4,2018,11,16,3,3,5,2,0,1,1,0,0,0,0,0,4.35113E+20,5.85549E+21,8.03656E+15,5.28452E+16
23739,3,1,3,0,2018,11,14,3,3,5,3,0,0,1,0,0,1,0,0,6.18879E+20,5.80354E+21,1.07461E+16,5.23692E+16