OBJECTID_1,ULAND,UREGBEZ,UKREIS,UGEMEINDE,UJAHR,UMONAT,USTUNDE,UWOCHENTAG,UKATEGORIE,UART,UTYP1,ULICHTVERH,IstRad,IstPKW,IstFuss,IstKrad,IstGkfz,IstSonstig,STRZUSTAND,LINREFX,LINREFY,XGCSWGS84,YGCSWGS84
23928,3,2,51,40,2018,11,14,6,3,2,6,0,0,1,0,0,0,0,0,4.86924E+20,5.83375E+21,8.8067E+15,5.26536E+16
23929,3,3,51,26,2018,11,21,1,3,0,1,2,1,0,0,0,0,0,1,5.73048E+20,5.85353E+21,1.00842E+16,5.28266E+16
23930,3,3,56,9,2018,11,17,1,3,8,1,2,0,1,0,0,0,0,1,4.75689E+20,5.90004E+21,8.63564E+15,5.32491E+16
23931,3,4,4,0,2018,11,18,5,3,2,6,2,0,1,0,0,0,0,0,4.36102E+20,5.79264E+21,8.06335E+15,5.22804E+16
23932,3,4,57,11,2018,11,5,2,3,4,2,2,0,1,0,0,0,0,1,4.08934E+20,5.90087E+21,7.63513E+15,5.32492E+16
23933,3,2,51,13,2018,11,14,3,3,5,3,0,1,1,0,0,0,0,0,4.61411E+20,5.83368E+21,8.42957E+15,5.26517E+16
23934,3,2,41,1,2018,11,17,3,3,0,7,1,0,1,0,0,1,0,0,5.45545E+20,5.8095E+21,9.66993E+15,5.24338E+16
23935,3,4,59,24,2018,11,7,2,3,5,2,1,0,1,0,0,0,0,1,4.59669E+20,5.78334E+21,8.40989E+15,5.21991E+16
23936,3,2,52,6,2018,11,7,6,3,2,6,0,0,1,0,0,0,0,1,5.24824E+20,5.77269E+21,9.36244E+15,5.21042E+16
23937,3,2,41,2,2018,11,16,7,3,4,6,2,1,1,0,0,0,0,0,5.27796E+20,5.79829E+21,9.40794E+15,5.23342E+16
23938,3,4,51,2,2018,11,11,7,2,4,2,0,1,1,0,0,0,0,0,4.40931E+20,5.88813E+21,8.11697E+15,5.31393E+16
23939,3,2,41,12,2018,11,14,5,3,5,3,0,1,1,0,0,0,0,0,5.30926E+20,5.81446E+21,9.45537E+15,5.24794E+16
23940,3,2,41,12,2018,11,12,3,2,5,2,0,1,0,0,0,1,0,0,5.30933E+20,5.81755E+21,9.45576E+15,5.25072E+16
23941,3,3,61,12,2018,11,17,2,3,4,2,2,0,1,0,0,0,0,0,5.14572E+20,5.86333E+21,9.21673E+15,5.29195E+16
23942,3,3,53,40,2018,11,11,2,3,2,6,0,0,1,0,0,0,0,0,5.80341E+20,5.91171E+21,1.02069E+16,5.33484E+16
23943,3,2,51,47,2018,11,14,5,3,2,6,0,0,1,0,0,0,0,0,4.91705E+20,5.87354E+21,8.87636E+15,5.30113E+16
23944,3,4,54,10,2018,11,6,6,2,4,2,2,0,1,0,1,0,0,0,3.85117E+20,5.80472E+21,7.31214E+15,5.23807E+16
23945,3,4,51,4,2018,11,7,4,3,2,2,1,0,1,0,0,0,0,0,4.30003E+20,5.8823E+21,7.95491E+15,5.30856E+16
23946,3,2,41,18,2018,11,6,3,2,4,6,0,0,1,0,0,0,0,1,5.85629E+20,5.81155E+21,1.02599E+16,5.24475E+16
23947,3,3,52,11,2018,11,15,4,3,8,1,1,0,0,0,0,1,0,0,4.80731E+20,5.95933E+21,8.70757E+15,5.37822E+16
23948,3,2,52,2,2018,11,16,7,3,8,1,1,0,1,0,0,0,0,1,5.3348E+20,5.77852E+21,9.48939E+15,5.21561E+16
23949,3,2,54,41,2018,11,18,2,2,4,1,2,0,1,0,0,0,0,1,5.50228E+20,5.75986E+21,9.73145E+15,5.19871E+16
23950,3,3,61,3,2018,11,13,3,3,5,3,0,1,1,0,0,0,0,0,5.15476E+20,5.85514E+21,9.22978E+15,5.28457E+16
23951,3,1,59,17,2018,11,8,2,3,8,1,0,0,1,0,0,0,0,1,5.53762E+20,5.69614E+21,9.77308E+15,5.14139E+16
23952,3,1,59,16,2018,11,7,5,3,2,6,0,0,1,0,0,0,0,1,5.63803E+20,5.71231E+21,9.92037E+15,5.15583E+16
23953,3,1,59,9,2018,11,12,4,3,2,6,0,0,1,0,0,0,0,0,5.51819E+20,5.70562E+21,9.74654E+15,5.14994E+16
23954,3,2,41,19,2018,11,11,3,3,2,6,0,0,1,0,0,0,0,0,5.52978E+20,5.82478E+21,9.78169E+15,5.25705E+16
23955,3,2,41,12,2018,11,7,3,3,5,3,2,0,1,0,0,0,0,1,5.31433E+20,5.81311E+21,9.46271E+15,5.24673E+16
23956,3,4,51,5,2018,11,11,4,3,4,2,0,1,1,0,0,0,0,0,4.45987E+20,5.90022E+21,8.1905E+15,5.32485E+16
23957,3,3,59,38,2018,11,20,6,2,8,1,2,0,0,0,0,0,1,0,5.31441E+20,5.93474E+21,9.47467E+15,5.35606E+16
23958,3,4,59,17,2018,11,8,7,3,8,1,0,0,0,0,0,0,1,0,4.09231E+20,5.81841E+21,7.66257E+15,5.25083E+16
23959,3,2,52,6,2018,11,5,1,2,4,6,2,0,1,0,0,0,0,1,5.24035E+20,5.77336E+21,9.35097E+15,5.21103E+16
23960,3,3,61,12,2018,11,13,5,3,2,6,0,0,1,0,1,0,0,0,5.15655E+20,5.86634E+21,9.23298E+15,5.29464E+16
23961,3,1,55,9,2018,11,10,3,3,0,6,0,1,1,0,0,0,0,0,5.59659E+20,5.72561E+21,9.86286E+15,5.16783E+16
23962,3,4,62,3,2018,11,15,2,3,5,3,0,0,1,0,1,0,0,1,4.08322E+20,5.94342E+21,7.61357E+15,5.36316E+16
23963,3,1,51,9,2018,11,13,6,3,2,6,0,0,1,0,0,0,0,0,6.06575E+20,5.81742E+21,1.05699E+16,5.24965E+16
23964,3,2,57,26,2018,11,12,7,3,5,3,0,0,1,0,0,0,0,0,5.09696E+20,5.7929E+21,9.14214E+15,5.22864E+16
23965,3,2,55,9,2018,11,12,3,3,2,2,0,0,1,0,0,0,0,0,5.29622E+20,5.72791E+21,9.42864E+15,5.17013E+16
23966,3,1,58,21,2018,11,7,5,3,2,6,2,0,1,0,1,0,0,1,6.08394E+20,5.77441E+21,1.05828E+16,5.21096E+16
23967,3,2,52,8,2018,11,16,3,2,5,3,0,0,1,0,0,0,1,0,5.41178E+20,5.7706E+21,9.60095E+15,5.20844E+16
23968,3,3,53,40,2018,11,7,4,3,0,1,0,1,0,0,0,0,0,0,5.80364E+20,5.91199E+21,1.02073E+16,5.33509E+16
23969,3,3,53,41,2018,11,7,2,3,8,7,0,0,1,0,0,0,0,0,5.45878E+20,5.90301E+21,9.688E+15,5.32744E+16
23970,3,3,53,19,2018,11,12,2,3,8,6,0,0,1,0,0,1,0,1,5.49143E+20,5.9133E+21,9.73855E+15,5.33665E+16
23971,3,3,58,22,2018,11,15,5,3,9,1,0,0,1,0,0,0,0,0,5.31192E+20,5.8526E+21,9.46289E+15,5.28222E+16
23972,3,4,58,7,2018,11,5,6,3,8,1,2,0,1,0,0,0,0,0,4.48012E+20,5.86617E+21,8.22635E+15,5.29427E+16
23973,3,2,52,6,2018,11,14,3,3,1,5,0,0,1,0,0,0,1,0,5.25384E+20,5.77266E+21,9.37061E+15,5.21039E+16
23974,3,4,4,0,2018,11,8,2,3,2,6,0,0,1,0,0,0,1,1,4.35848E+20,5.7921E+21,8.05974E+15,5.22755E+16
23975,3,1,53,12,2018,11,17,6,3,2,2,2,0,1,0,0,0,0,0,5.79559E+20,5.75034E+21,1.01563E+16,5.18981E+16
23976,3,2,41,1,2018,11,16,7,2,4,6,1,0,1,0,0,0,0,0,5.46854E+20,5.79798E+21,9.68757E+15,5.23301E+16
23977,3,2,54,21,2018,11,14,5,3,5,3,0,0,1,0,0,0,0,0,5.6654E+20,5.7782E+21,9.97252E+15,5.21503E+16
23978,3,1,59,15,2018,11,18,3,3,1,5,2,0,1,0,1,0,0,0,5.68019E+20,5.70263E+21,9.97931E+15,5.14707E+16
23979,3,4,58,3,2018,11,13,2,3,5,7,0,0,1,0,0,1,0,0,4.60233E+20,5.86949E+21,8.4078E+15,5.29735E+16
23980,3,3,58,22,2018,11,14,2,2,4,1,0,0,1,0,0,0,0,1,5.39955E+20,5.85447E+21,9.59315E+15,5.28385E+16
23981,3,3,53,40,2018,11,8,5,3,8,1,0,0,0,0,0,1,0,0,5.76589E+20,5.91188E+21,1.01506E+16,5.33505E+16
23982,3,3,61,1,2018,11,16,6,3,2,6,0,0,1,0,0,0,0,0,4.99301E+20,5.87717E+21,8.98957E+15,5.3044E+16
23983,3,3,52,62,2018,11,13,4,3,3,6,0,0,1,0,0,0,0,0,4.77827E+20,5.94153E+21,8.66476E+15,5.36221E+16
23984,3,1,2,0,2018,11,14,3,3,4,2,0,0,1,0,0,1,0,0,5.92005E+20,5.76496E+21,1.0341E+16,5.20276E+16
23985,3,3,59,28,2018,11,14,4,3,2,6,0,0,1,0,1,0,0,0,5.44556E+20,5.93328E+21,9.67244E+15,5.35465E+16
23986,3,1,57,6,2018,11,18,7,2,3,6,2,0,1,0,0,0,1,1,5.82587E+20,5.80008E+21,1.02124E+16,5.23448E+16
23987,3,4,60,5,2018,11,17,1,3,3,6,2,0,1,0,0,0,0,0,4.3991E+20,5.82205E+21,8.11388E+15,5.25452E+16
23988,3,3,52,61,2018,11,10,3,3,5,3,0,0,1,0,0,0,0,0,4.71144E+20,5.94864E+21,8.56307E+15,5.36857E+16
23989,3,1,1,0,2018,11,11,2,2,4,6,0,0,1,0,0,0,0,1,5.99678E+20,5.79632E+21,1.04621E+16,5.23082E+16
23990,3,2,41,11,2018,11,19,6,3,5,3,2,1,1,0,0,0,0,0,5.66255E+20,5.80418E+21,9.97346E+15,5.23839E+16
23991,3,4,59,6,2018,11,16,4,3,5,3,1,1,1,0,0,0,0,0,4.42834E+20,5.77236E+21,8.16544E+15,5.20989E+16
23992,3,1,3,0,2018,11,14,4,3,5,3,0,0,1,0,0,0,0,0,6.24871E+20,5.80739E+21,1.08355E+16,5.24025E+16
23993,3,1,51,31,2018,11,19,3,3,3,2,2,0,1,0,0,0,1,0,6.22669E+20,5.81709E+21,1.08067E+16,5.24902E+16
23994,3,2,57,32,2018,11,10,3,3,2,6,0,0,0,0,0,1,0,0,5.2538E+20,5.79492E+21,9.37223E+15,5.23041E+16
23995,3,3,60,23,2018,11,18,6,3,9,7,2,0,1,0,0,0,0,1,5.96702E+20,5.85944E+21,1.04369E+16,5.28759E+16
23996,3,4,54,32,2018,11,13,7,3,2,6,0,0,1,0,0,0,0,0,3.89297E+20,5.82512E+21,7.36675E+15,5.25648E+16
23997,3,1,58,6,2018,11,17,1,2,4,2,2,0,1,0,1,0,0,0,6.16347E+20,5.78932E+21,1.0704E+16,5.2242E+16
23998,3,3,53,40,2018,11,17,5,3,4,2,2,0,1,0,0,0,0,0,5.80865E+20,5.91041E+21,1.02145E+16,5.33366E+16
23999,3,2,57,31,2018,11,18,4,3,9,7,2,0,1,0,0,0,0,1,5.01807E+20,5.77961E+21,9.02642E+15,5.21669E+16
24000,3,1,51,35,2018,11,11,3,3,5,3,0,0,1,0,0,0,0,0,6.02493E+20,5.82385E+21,1.05118E+16,5.25551E+16
24001,3,4,53,7,2018,11,14,2,3,2,6,0,0,1,0,0,0,0,1,4.22493E+20,5.88146E+21,7.843E+15,5.3077E+16
24002,3,4,4,0,2018,11,7,5,3,2,6,0,0,1,0,0,0,0,0,4.32217E+20,5.79166E+21,8.00662E+15,5.22711E+16
24003,3,1,59,16,2018,11,15,7,3,5,3,0,0,1,0,0,1,0,0,5.66865E+20,5.71185E+21,9.96444E+15,5.15538E+16
24004,3,1,51,17,2018,11,12,3,3,5,3,0,0,1,0,0,0,0,0,5.9258E+20,5.81529E+21,1.03632E+16,5.24799E+16
24005,3,1,51,16,2018,11,15,5,3,2,2,0,0,1,0,0,0,0,0,6.06428E+20,5.80488E+21,1.05637E+16,5.23838E+16
24006,3,4,4,0,2018,11,15,2,3,2,6,0,0,1,0,0,0,0,0,4.32273E+20,5.79105E+21,8.00755E+15,5.22657E+16
24007,3,3,58,22,2018,11,13,4,3,5,2,0,1,1,0,0,0,0,1,5.39892E+20,5.8569E+21,9.59251E+15,5.28604E+16
24008,3,3,55,40,2018,11,19,2,3,5,3,2,0,1,0,0,0,0,1,5.96795E+20,5.89874E+21,1.04501E+16,5.32292E+16
24009,3,2,41,1,2018,11,9,2,3,2,6,0,0,1,0,0,0,0,1,5.44336E+20,5.80743E+21,9.65188E+15,5.24153E+16
24010,3,3,51,4,2018,11,18,5,2,2,2,2,0,1,0,0,0,0,0,5.62694E+20,5.85365E+21,9.93053E+15,5.2829E+16
24011,3,3,59,3,2018,11,16,6,3,5,3,1,0,1,0,0,0,0,0,5.40785E+20,5.92063E+21,9.61389E+15,5.34331E+16
24012,3,3,60,6,2018,11,7,4,3,7,7,0,0,1,0,0,0,0,1,5.92991E+20,5.87548E+21,1.03863E+16,5.30208E+16
24013,3,4,57,22,2018,11,10,2,3,2,6,0,0,1,0,0,0,0,0,3.99026E+20,5.89293E+21,7.4892E+15,5.31761E+16
24014,3,3,57,45,2018,11,17,4,3,2,6,2,0,1,0,0,0,0,0,5.13934E+20,5.88456E+21,9.20816E+15,5.31103E+16
24015,3,4,52,23,2018,11,18,6,3,2,1,2,0,1,0,0,0,0,1,3.8989E+20,5.92651E+21,7.3409E+15,5.3476E+16
24016,3,4,51,7,2018,11,13,1,3,2,2,0,0,1,0,0,0,0,0,4.25605E+20,5.89545E+21,7.8862E+15,5.32032E+16
24017,3,2,41,17,2018,11,17,3,3,5,3,2,0,1,0,0,0,0,1,5.3797E+20,5.78396E+21,9.55564E+15,5.22048E+16
24018,3,2,51,41,2018,11,16,1,3,8,1,1,0,0,0,1,0,0,1,4.93697E+20,5.86189E+21,8.90628E+15,5.29066E+16
24019,3,1,57,6,2018,11,17,6,3,5,3,2,0,1,0,0,0,0,0,5.8408E+20,5.79848E+21,1.02339E+16,5.23302E+16
24020,3,1,2,0,2018,11,18,3,3,5,3,2,0,1,0,0,0,0,1,5.90212E+20,5.77955E+21,1.03188E+16,5.2159E+16
24021,3,4,53,7,2018,11,11,3,3,5,2,0,0,1,0,0,0,0,1,4.29185E+20,5.88288E+21,7.94256E+15,5.30907E+16
24022,3,4,54,35,2018,11,15,2,2,8,1,0,0,1,0,0,0,0,0,3.84881E+20,5.84307E+21,7.29536E+15,5.27252E+16
24023,3,1,59,16,2018,11,11,3,2,2,6,0,0,1,0,0,1,0,0,5.60975E+20,5.71073E+21,9.87931E+15,5.15443E+16
24024,3,3,57,57,2018,11,20,4,3,5,2,2,0,1,0,0,0,0,0,5.18323E+20,5.90497E+21,9.27489E+15,5.32936E+16
24025,3,4,54,2,2018,11,18,2,3,5,3,2,0,1,0,0,0,0,0,3.9355E+20,5.82563E+21,7.42931E+15,5.25703E+16
24026,3,4,56,14,2018,11,7,6,3,5,3,2,1,1,0,0,0,0,1,3.62817E+20,5.8196E+21,6.9786E+15,5.25092E+16
24027,3,4,53,13,2018,11,18,1,3,2,2,2,0,1,0,0,0,0,0,4.10968E+20,5.88559E+21,7.66986E+15,5.31123E+16
24028,3,3,54,2,2018,11,11,3,3,1,5,0,1,0,0,0,0,1,0,6.31339E+20,5.86675E+21,1.09542E+16,5.29343E+16
24029,3,4,52,1,2018,11,12,1,3,5,3,0,0,1,0,0,0,0,1,3.96529E+20,5.92823E+21,7.44033E+15,5.34928E+16
24030,3,2,52,3,2018,11,13,6,3,8,1,0,0,1,0,0,0,0,0,5.21049E+20,5.75933E+21,9.3065E+15,5.19843E+16
24031,3,4,57,18,2018,11,13,4,3,5,3,0,1,0,0,0,0,1,0,4.04238E+20,5.88828E+21,7.56854E+15,5.31353E+16
24032,3,2,52,6,2018,11,14,3,3,5,3,0,0,1,0,1,0,0,1,5.25328E+20,5.77266E+21,9.3698E+15,5.21039E+16
24033,3,4,57,10,2018,11,8,3,2,8,1,0,0,1,0,0,0,0,1,4.05907E+20,5.90753E+21,7.5878E+15,5.33086E+16
24034,3,4,56,25,2018,11,17,2,3,2,6,2,0,1,0,0,0,0,0,3.78544E+20,5.81609E+21,7.21149E+15,5.24814E+16
24035,3,2,52,2,2018,11,12,3,2,9,1,0,0,0,0,0,0,1,0,5.31988E+20,5.78253E+21,9.46796E+15,5.21923E+16
24036,3,3,51,4,2018,11,14,6,3,5,3,0,0,1,0,1,0,0,1,5.64932E+20,5.85144E+21,9.9633E+15,5.28089E+16
24037,3,4,52,23,2018,11,14,7,2,4,6,0,0,1,0,1,0,0,0,3.90266E+20,5.92606E+21,7.34672E+15,5.34721E+16
24038,3,1,51,39,2018,11,16,1,3,8,1,0,0,1,0,0,0,0,0,6.16645E+20,5.81538E+21,1.07175E+16,5.24761E+16
24039,3,3,60,6,2018,11,16,5,3,5,2,1,0,1,0,1,0,0,0,5.95043E+20,5.8764E+21,1.04172E+16,5.30286E+16
24040,3,4,54,32,2018,11,18,2,3,5,2,2,0,1,0,0,0,0,0,3.86409E+20,5.82049E+21,7.32574E+15,5.25227E+16
24041,3,4,60,3,2018,11,16,2,3,5,2,0,1,1,0,0,0,0,0,4.40577E+20,5.83382E+21,8.1216E+15,5.26511E+16
24042,3,3,61,9,2018,11,6,2,3,5,3,2,0,1,0,0,0,0,1,5.00865E+20,5.87886E+21,9.01291E+15,5.30592E+16
24043,3,4,52,23,2018,11,14,5,3,2,6,0,0,1,0,0,0,0,0,3.93689E+20,5.92666E+21,7.39806E+15,5.34782E+16
24044,3,1,53,17,2018,11,19,7,3,9,1,2,0,1,0,0,0,0,0,5.99309E+20,5.75298E+21,1.0444E+16,5.19186E+16
24045,3,4,55,26,2018,11,15,2,3,2,6,0,0,1,0,0,0,1,0,4.40423E+20,5.91445E+21,8.10444E+15,5.33758E+16
24046,3,4,4,0,2018,11,16,4,3,2,6,0,1,0,0,0,0,0,0,4.34514E+20,5.79185E+21,8.04023E+15,5.22731E+16
24047,3,3,61,8,2018,11,13,2,3,2,6,0,0,1,0,0,0,0,0,5.09511E+20,5.88428E+21,9.14207E+15,5.31079E+16
24048,3,3,57,39,2018,11,9,4,3,5,3,0,1,0,0,0,0,1,0,5.27561E+20,5.88488E+21,9.41175E+15,5.31127E+16
24049,3,3,57,41,2018,11,23,7,1,6,4,2,0,1,1,0,0,0,1,5.299E+20,5.89254E+21,9.44741E+15,5.31814E+16
24050,3,2,41,15,2018,11,17,2,3,5,3,2,1,1,0,0,0,0,1,5.38064E+20,5.80573E+21,9.55947E+15,5.24005E+16
24051,3,2,41,11,2018,11,8,2,3,2,6,0,0,1,0,0,0,0,1,5.66272E+20,5.80293E+21,9.97347E+15,5.23727E+16
24052,3,2,41,17,2018,11,11,5,3,5,2,0,1,1,0,0,0,0,0,5.37985E+20,5.78396E+21,9.55585E+15,5.22048E+16
24053,3,3,58,21,2018,11,14,6,3,2,6,0,0,1,0,0,0,0,0,5.60702E+20,5.86883E+21,9.90381E+15,5.29657E+16
24054,3,2,41,17,2018,11,8,4,3,5,3,0,0,1,0,0,0,0,0,5.4478E+20,5.78418E+21,9.65531E+15,5.22063E+16
24055,3,3,61,1,2018,11,16,2,3,2,6,0,0,1,0,0,0,0,0,4.9909E+20,5.87704E+21,8.98642E+15,5.30428E+16
24056,3,3,61,9,2018,11,5,6,3,2,6,2,0,1,0,0,0,0,1,5.01991E+20,5.87827E+21,9.02971E+15,5.30539E+16
24057,3,3,53,32,2018,11,0,1,3,0,1,2,1,0,0,0,0,0,2,5.73602E+20,5.91993E+21,1.01076E+16,5.34233E+16
24058,3,2,41,1,2018,11,17,3,3,6,4,2,0,1,1,0,0,0,1,5.50066E+20,5.80569E+21,9.73586E+15,5.23992E+16
24059,3,4,58,14,2018,11,19,1,1,9,6,2,0,1,0,0,0,0,1,4.61336E+20,5.85718E+21,8.42568E+15,5.2863E+16
24060,3,4,60,5,2018,11,13,5,2,9,1,0,0,0,0,0,1,1,0,4.39668E+20,5.82573E+21,8.10964E+15,5.25783E+16
24061,3,1,1,0,2018,11,17,3,3,5,3,2,1,1,0,0,0,0,1,6.04904E+20,5.79285E+21,1.05376E+16,5.2276E+16
24062,3,2,51,2,2018,11,13,3,2,9,1,0,0,0,0,0,0,1,1,4.95791E+20,5.84383E+21,8.93765E+15,5.27443E+16
24063,3,2,51,37,2018,11,15,2,3,5,3,0,0,1,0,0,0,0,0,4.80217E+20,5.87185E+21,8.70524E+15,5.29959E+16
24064,3,1,58,37,2018,11,7,3,3,2,6,0,0,1,0,0,0,0,1,6.03839E+20,5.78089E+21,1.05183E+16,5.21687E+16
24065,3,2,41,1,2018,11,10,6,3,5,2,0,1,1,0,0,0,0,1,5.48854E+20,5.80522E+21,9.71797E+15,5.23951E+16
24066,3,3,51,6,2018,11,16,7,3,4,6,0,1,0,0,0,0,0,0,5.71692E+20,5.83343E+21,1.00596E+16,5.26461E+16
24067,3,4,3,0,2018,11,20,7,3,8,1,2,0,1,0,0,0,0,1,4.51314E+20,5.89064E+21,8.27179E+15,5.31629E+16
24068,3,2,41,21,2018,11,8,5,3,3,5,1,0,1,0,0,0,0,0,5.25514E+20,5.80803E+21,9.3752E+15,5.24219E+16
24069,3,2,51,42,2018,11,19,2,3,4,2,2,1,1,0,0,0,0,0,4.75706E+20,5.85024E+21,8.63965E+15,5.28014E+16
24070,3,4,58,5,2018,11,16,2,2,4,1,1,0,1,0,1,0,0,1,4.66941E+20,5.87359E+21,8.50727E+15,5.30109E+16
24071,3,4,51,7,2018,11,17,5,3,4,2,2,0,1,0,0,0,0,0,4.28391E+20,5.9006E+21,7.92674E+15,5.32499E+16
24072,3,4,56,15,2018,11,13,6,3,2,2,0,0,1,0,0,0,1,0,3.68313E+20,5.81222E+21,7.06245E+15,5.24443E+16
24073,3,4,53,6,2018,11,7,4,3,5,3,1,0,1,0,0,0,1,1,4.2689E+20,5.84343E+21,7.91718E+15,5.27358E+16
24074,3,2,41,15,2018,11,6,6,3,4,6,2,1,0,0,0,0,0,1,5.44277E+20,5.80474E+21,9.65065E+15,5.23911E+16
24075,3,3,53,26,2018,11,22,7,1,8,1,2,0,1,0,0,0,0,0,5.53288E+20,5.92108E+21,9.80214E+15,5.34361E+16
24076,3,4,59,9,2018,11,18,7,3,2,2,2,0,1,0,0,0,0,1,4.15496E+20,5.83089E+21,7.75169E+15,5.26214E+16
24077,3,3,55,22,2018,11,14,5,3,2,6,0,0,1,0,0,0,1,0,5.95289E+20,5.90315E+21,1.04288E+16,5.3269E+16
24078,3,2,51,42,2018,11,0,2,3,9,1,2,0,1,0,0,0,0,0,4.72273E+20,5.84934E+21,8.5888E+15,5.27931E+16
24079,3,2,51,5,2018,11,8,2,2,5,3,0,1,1,0,0,0,0,1,4.66325E+20,5.8401E+21,8.50155E+15,5.27098E+16
24080,3,3,61,9,2018,11,17,5,3,2,6,2,0,1,0,0,0,0,0,5.04387E+20,5.87899E+21,9.06546E+15,5.30604E+16
24081,3,4,4,0,2018,11,19,6,3,2,6,2,0,1,0,0,0,0,0,4.32432E+20,5.79441E+21,8.00921E+15,5.22959E+16
24082,3,2,51,37,2018,11,21,2,3,7,7,2,0,1,0,0,1,0,0,4.84506E+20,5.8742E+21,8.76904E+15,5.30171E+16
24083,3,4,56,15,2018,11,7,4,2,8,1,1,0,1,0,0,0,0,0,3.66991E+20,5.81568E+21,7.04162E+15,5.2475E+16
24084,3,3,53,31,2018,11,7,2,2,5,3,0,0,1,0,0,0,0,1,5.71979E+20,5.92245E+21,1.00838E+16,5.34462E+16
24085,3,3,54,18,2018,11,7,4,3,2,6,1,0,1,0,0,0,1,1,6.45781E+20,5.87033E+21,1.11705E+16,5.29628E+16
24086,3,2,41,1,2018,11,18,7,3,5,3,2,1,1,0,0,0,0,1,5.49508E+20,5.80369E+21,9.72736E+15,5.23812E+16
24087,3,2,41,1,2018,11,16,2,2,2,6,2,0,1,0,0,0,0,1,5.43907E+20,5.80835E+21,9.64569E+15,5.24236E+16
24088,3,2,41,1,2018,11,15,2,1,5,2,0,0,1,0,1,0,0,0,5.48108E+20,5.80847E+21,9.70749E+15,5.24244E+16
24089,3,2,41,8,2018,11,11,5,3,8,7,0,0,0,0,0,1,0,0,5.58361E+20,5.81291E+21,9.85902E+15,5.24632E+16
24090,3,3,54,4,2018,11,13,6,3,2,7,0,0,1,0,0,0,0,0,6.39003E+20,5.88126E+21,1.10744E+16,5.30627E+16
24091,3,2,41,1,2018,11,19,4,2,5,2,2,0,1,0,0,0,0,0,5.49229E+20,5.80331E+21,9.72321E+15,5.23778E+16
24092,3,3,53,39,2018,11,6,2,2,5,3,1,0,1,0,0,0,0,1,5.53668E+20,5.91291E+21,9.80647E+15,5.33626E+16
24093,3,4,61,2,2018,11,16,6,3,2,6,2,0,1,0,0,0,0,0,4.6401E+20,5.90877E+21,8.45963E+15,5.33269E+16
24094,3,1,55,12,2018,11,5,1,3,9,1,2,0,1,0,0,0,0,2,5.4232E+20,5.7243E+21,9.61194E+15,5.1668E+16
24095,3,3,52,11,2018,11,18,1,3,2,6,2,0,1,0,0,0,0,1,4.79283E+20,5.96624E+21,8.68513E+15,5.38443E+16
24096,3,4,54,57,2018,11,18,5,3,2,1,2,0,0,0,1,0,1,0,4.11689E+20,5.85722E+21,7.68838E+15,5.28575E+16
24097,3,4,54,10,2018,11,14,2,3,5,2,0,0,1,0,0,1,0,1,3.815E+20,5.80241E+21,7.25985E+15,5.23592E+16
24098,3,4,61,7,2018,11,12,3,3,5,3,0,0,1,0,0,0,0,1,4.65705E+20,5.92741E+21,8.48305E+15,5.34946E+16
24099,3,3,59,10,2018,11,18,2,3,6,4,2,0,1,1,0,0,0,0,5.43598E+20,5.92346E+21,9.65663E+15,5.34584E+16
24100,3,4,59,7,2018,11,23,2,3,5,2,2,0,1,0,0,0,1,1,4.30327E+20,5.83216E+21,7.97045E+15,5.2635E+16
24101,3,1,55,11,2018,11,13,6,3,2,6,0,0,1,0,0,0,0,0,5.67175E+20,5.73186E+21,9.97275E+15,5.17336E+16
24102,3,2,41,11,2018,11,12,7,3,2,6,0,0,1,0,0,0,0,0,5.66529E+20,5.8032E+21,9.9773E+15,5.2375E+16
24103,3,2,41,6,2018,11,8,5,2,5,2,0,0,0,0,1,1,0,0,5.40097E+20,5.79691E+21,9.58829E+15,5.2321E+16
24104,3,3,59,10,2018,11,9,2,3,5,3,0,1,1,0,0,0,0,0,5.45605E+20,5.92468E+21,9.68702E+15,5.34691E+16
24105,3,4,51,8,2018,11,15,2,3,5,3,0,1,0,0,0,0,0,0,4.44562E+20,5.89327E+21,8.17035E+15,5.31859E+16
24106,3,3,59,10,2018,11,7,2,2,5,3,0,1,1,0,0,0,0,1,5.44077E+20,5.92493E+21,9.66405E+15,5.34716E+16
24107,3,3,53,40,2018,11,18,5,3,2,6,2,0,0,0,0,0,1,0,5.78429E+20,5.91109E+21,1.0178E+16,5.33431E+16
24108,3,4,60,2,2018,11,14,6,2,2,6,0,0,1,0,0,0,0,0,4.42642E+20,5.81739E+21,8.15496E+15,5.25037E+16
24109,3,2,51,37,2018,11,18,4,3,5,2,2,0,1,1,0,0,0,0,4.82933E+20,5.87513E+21,8.74554E+15,5.30254E+16
24110,3,3,58,5,2018,11,17,2,3,2,6,1,0,1,0,0,1,0,0,5.47088E+20,5.83552E+21,9.69631E+15,5.26676E+16
24111,3,3,54,18,2018,11,0,4,2,8,7,2,0,1,0,0,0,0,0,6.41433E+20,5.87421E+21,1.11075E+16,5.29988E+16
24112,3,1,53,14,2018,11,20,7,3,7,7,2,0,1,0,0,0,0,1,5.88788E+20,5.76422E+21,1.0294E+16,5.20215E+16
24113,3,2,55,23,2018,11,12,2,3,5,3,0,0,1,0,0,0,0,1,5.33801E+20,5.74072E+21,9.49035E+15,5.18163E+16
24114,3,4,51,5,2018,11,9,3,3,5,2,0,1,1,0,0,0,0,0,4.46532E+20,5.89984E+21,8.19873E+15,5.32451E+16