OBJECTID_1,ULAND,UREGBEZ,UKREIS,UGEMEINDE,UJAHR,UMONAT,USTUNDE,UWOCHENTAG,UKATEGORIE,UART,UTYP1,ULICHTVERH,IstRad,IstPKW,IstFuss,IstKrad,IstGkfz,IstSonstig,STRZUSTAND,LINREFX,LINREFY,XGCSWGS84,YGCSWGS84
24115,3,1,57,8,2018,11,14,2,3,5,3,0,0,1,0,0,0,0,0,5.89408E+20,5.80064E+21,1.03126E+16,5.23487E+16
24116,3,1,2,0,2018,11,6,5,3,2,6,2,0,1,0,0,0,0,0,5.93568E+20,5.77388E+21,1.03663E+16,5.21076E+16
24117,3,1,59,16,2018,11,7,4,3,2,6,1,0,1,0,0,0,0,1,5.67811E+20,5.71128E+21,9.97797E+15,5.15485E+16
24118,3,3,58,5,2018,11,17,2,3,2,6,2,0,1,0,0,0,0,0,5.46744E+20,5.83673E+21,9.69141E+15,5.26785E+16
24119,3,2,41,4,2018,11,18,3,3,4,2,2,1,1,0,0,0,0,0,5.54635E+20,5.8235E+21,9.80592E+15,5.25588E+16
24120,3,3,58,22,2018,11,7,6,3,5,2,1,0,1,0,0,0,0,1,5.40026E+20,5.85447E+21,9.59421E+15,5.28385E+16
24121,3,4,56,2,2018,11,7,7,3,8,1,1,0,1,0,0,0,0,2,3.57461E+20,5.83208E+21,6.89437E+15,5.262E+16
24122,3,2,41,19,2018,11,11,2,3,2,6,0,0,1,0,0,0,0,0,5.49568E+20,5.82995E+21,9.73215E+15,5.26173E+16
24123,3,2,41,1,2018,11,17,4,3,0,1,1,1,0,0,0,0,0,0,5.49932E+20,5.80233E+21,9.73339E+15,5.2369E+16
24124,3,2,41,7,2018,11,17,7,2,5,7,2,0,1,0,1,0,0,1,5.48452E+20,5.79624E+21,9.71077E+15,5.23144E+16
24125,3,1,55,10,2018,11,17,2,3,4,2,2,0,1,0,0,0,0,1,5.64743E+20,5.71988E+21,9.93532E+15,5.16262E+16
24126,3,2,54,21,2018,11,7,2,3,0,7,1,0,0,0,1,0,0,1,5.67401E+20,5.77935E+21,9.98534E+15,5.21605E+16
24127,3,1,53,12,2018,11,21,5,3,7,7,2,0,1,0,0,1,1,0,5.78647E+20,5.7554E+21,1.01442E+16,5.19438E+16
24128,3,2,54,28,2018,11,17,4,3,2,6,2,0,1,0,0,0,0,1,5.58598E+20,5.78997E+21,9.8585E+15,5.2257E+16
24129,3,3,57,1,2018,11,8,2,3,8,6,1,0,1,0,0,0,1,0,5.18735E+20,5.87943E+21,9.27958E+15,5.3064E+16
24130,3,3,57,45,2018,11,7,3,3,2,6,0,0,1,0,0,0,0,1,5.13796E+20,5.88453E+21,9.20609E+15,5.311E+16
24131,3,3,53,20,2018,11,15,6,3,9,1,0,0,1,0,0,0,0,1,5.62845E+20,5.90648E+21,9.94308E+15,5.33038E+16
24132,3,1,53,17,2018,11,1,1,2,8,1,2,0,1,0,0,0,0,0,6.08464E+20,5.75783E+21,1.05786E+16,5.19606E+16
24133,3,1,55,10,2018,11,18,1,3,4,2,2,0,1,0,0,0,0,1,5.6506E+20,5.72131E+21,9.94016E+15,5.16391E+16
24134,3,4,54,32,2018,11,12,5,3,2,6,0,0,1,0,0,0,0,0,3.86702E+20,5.81718E+21,7.33119E+15,5.2493E+16
24135,3,3,58,17,2018,11,7,3,2,4,5,1,0,1,0,0,1,1,1,5.44895E+20,5.8797E+21,9.66998E+15,5.30649E+16
24136,3,3,57,25,2018,11,6,2,2,9,1,2,0,1,0,0,0,0,1,5.4058E+20,5.88235E+21,9.60592E+15,5.3089E+16
24137,3,4,57,17,2018,11,17,2,3,2,6,2,0,1,0,0,0,0,1,4.07079E+20,5.88866E+21,7.6109E+15,5.31392E+16
24138,3,1,53,504,2018,11,8,6,1,4,6,0,0,1,0,0,1,0,1,6.10216E+20,5.73087E+21,1.05955E+16,5.17179E+16
24139,3,2,56,34,2018,11,8,7,3,9,1,0,0,1,0,0,0,0,2,4.92533E+20,5.81003E+21,8.89014E+15,5.24404E+16
24140,3,1,54,28,2018,11,15,5,3,4,2,1,0,1,0,0,1,0,0,6.40199E+20,5.78726E+21,1.10523E+16,5.22179E+16
24141,3,3,60,10,2018,11,9,2,3,4,7,0,0,1,0,0,0,0,1,5.92149E+20,5.87825E+21,1.03746E+16,5.30458E+16
24142,3,2,41,1,2018,11,16,4,3,3,2,0,1,1,0,0,0,0,0,5.49025E+20,5.80483E+21,9.72043E+15,5.23915E+16
24143,3,4,1,0,2018,11,17,2,3,5,2,2,0,1,0,0,0,0,0,4.74749E+20,5.87958E+21,8.62317E+15,5.30651E+16
24144,3,3,58,17,2018,11,13,2,3,8,1,0,0,1,1,0,0,1,1,5.47483E+20,5.87616E+21,9.70807E+15,5.30328E+16
24145,3,3,53,5,2018,11,15,5,3,2,3,0,0,1,0,0,0,0,0,5.58723E+20,5.90923E+21,9.88175E+15,5.3329E+16
24146,3,2,51,2,2018,11,10,6,3,3,6,0,0,1,0,0,0,0,0,5.01724E+20,5.84315E+21,9.02554E+15,5.27382E+16
24147,3,3,59,10,2018,11,7,4,3,5,3,0,1,1,0,0,0,0,0,5.46209E+20,5.92383E+21,9.696E+15,5.34614E+16
24148,3,3,55,27,2018,11,6,2,3,8,1,2,0,1,0,0,0,0,1,5.79399E+20,5.89237E+21,1.01879E+16,5.31747E+16
24149,3,2,41,21,2018,11,16,4,3,4,2,0,0,1,0,0,0,0,0,5.31367E+20,5.80595E+21,9.46106E+15,5.24029E+16
24150,3,4,2,0,2018,11,16,6,3,2,6,1,0,1,0,0,0,0,1,3.82156E+20,5.91157E+21,7.23001E+15,5.33401E+16
24151,3,4,59,33,2018,11,11,1,3,5,7,0,0,1,0,1,0,0,0,4.38326E+20,5.79923E+21,8.09474E+15,5.23399E+16
24152,3,3,59,10,2018,11,16,3,3,2,6,2,0,1,0,0,0,0,0,5.4928E+20,5.92285E+21,9.7421E+15,5.34524E+16
24153,3,4,52,8,2018,11,11,4,2,6,7,0,0,1,1,0,0,0,0,3.86556E+20,5.94016E+21,7.28573E+15,5.3598E+16
24154,3,4,59,22,2018,11,10,1,3,5,3,0,0,1,0,0,0,0,1,4.41748E+20,5.78376E+21,8.14764E+15,5.22012E+16
24155,3,1,55,11,2018,11,18,6,3,5,3,2,0,1,1,0,0,0,0,5.68522E+20,5.72795E+21,9.99148E+15,5.16983E+16
24156,3,4,59,2,2018,11,9,4,3,5,3,0,1,1,0,0,0,0,0,4.23379E+20,5.8218E+21,7.87022E+15,5.25409E+16
24157,3,4,59,20,2018,11,12,3,3,2,2,0,0,1,0,0,0,0,0,4.31615E+20,5.78413E+21,7.99932E+15,5.22033E+16
24158,3,3,55,22,2018,11,5,2,3,8,1,2,0,1,0,0,0,0,1,5.95468E+20,5.9031E+21,1.04315E+16,5.32685E+16
24159,3,2,41,19,2018,11,17,3,2,2,6,2,0,1,0,0,1,0,0,5.52752E+20,5.81918E+21,9.77746E+15,5.25201E+16
24160,3,3,54,22,2018,11,5,6,2,9,7,2,0,1,0,0,0,0,1,6.24999E+20,5.85838E+21,1.08567E+16,5.28606E+16
24161,3,4,54,32,2018,11,17,7,3,2,6,2,0,1,0,0,0,0,0,3.87175E+20,5.82034E+21,7.33708E+15,5.25214E+16
24162,3,1,58,37,2018,11,3,1,3,1,1,2,1,1,0,0,0,0,1,6.05974E+20,5.77988E+21,1.05492E+16,5.21593E+16
24163,3,3,58,22,2018,11,12,5,3,2,6,0,0,1,0,0,0,0,0,5.39659E+20,5.85696E+21,9.58906E+15,5.28609E+16
24164,3,2,54,17,2018,11,15,4,1,6,4,0,0,1,1,0,0,0,0,5.62316E+20,5.78445E+21,9.91195E+15,5.22069E+16
24165,3,3,55,22,2018,11,10,2,3,2,6,0,0,1,0,0,0,0,1,5.93846E+20,5.90136E+21,1.04067E+16,5.32532E+16
24166,3,4,53,7,2018,11,8,2,3,8,1,0,0,1,0,0,0,0,1,4.24481E+20,5.8755E+21,7.87407E+15,5.30237E+16
24167,3,4,54,35,2018,11,9,5,2,3,2,0,0,0,0,0,1,1,0,3.84163E+20,5.83959E+21,7.28597E+15,5.26938E+16
24168,3,1,58,37,2018,11,1,7,2,8,1,2,0,1,0,0,0,0,0,6.08316E+20,5.77608E+21,1.05822E+16,5.21246E+16
24169,3,2,41,1,2018,11,16,2,3,5,2,2,0,1,0,0,0,0,0,5.48598E+20,5.80148E+21,9.71367E+15,5.23615E+16
24170,3,4,59,34,2018,11,5,4,3,0,1,2,0,0,0,1,0,0,1,4.28892E+20,5.77205E+21,7.962E+15,5.20944E+16
24171,3,2,41,13,2018,11,8,2,3,2,6,0,0,1,0,0,0,0,0,5.5352E+20,5.79145E+21,9.78435E+15,5.22709E+16
24172,3,2,41,15,2018,11,16,4,3,2,6,0,0,1,0,0,0,0,0,5.43976E+20,5.80587E+21,9.64638E+15,5.24013E+16
24173,3,1,59,16,2018,11,17,1,2,4,6,2,1,1,0,0,0,0,0,5.6706E+20,5.71256E+21,9.9674E+15,5.15602E+16
24174,3,4,3,0,2018,11,9,5,3,5,2,0,1,1,0,0,0,0,0,4.47441E+20,5.88851E+21,8.21422E+15,5.31434E+16
24175,3,1,59,4,2018,11,14,4,3,8,1,0,0,0,0,1,0,0,0,6.10307E+20,5.71494E+21,1.05918E+16,5.15747E+16
24176,3,2,52,6,2018,11,15,2,3,0,1,0,0,0,0,1,0,0,0,5.25807E+20,5.77263E+21,9.37679E+15,5.21036E+16
24177,3,4,62,19,2018,11,17,2,3,2,6,2,0,1,0,0,0,0,1,4.18646E+20,5.93822E+21,7.77101E+15,5.35865E+16
24178,3,1,54,13,2018,11,9,6,3,9,1,0,0,1,0,0,0,0,1,6.17394E+20,5.79674E+21,1.07219E+16,5.23085E+16
24179,3,2,54,21,2018,11,4,7,2,8,1,2,0,1,0,0,0,0,0,5.63798E+20,5.78122E+21,9.93302E+15,5.21778E+16
24180,3,1,59,14,2018,11,19,2,3,5,3,2,0,1,0,0,0,0,0,5.82713E+20,5.71652E+21,1.01941E+16,5.15937E+16
24181,3,1,53,7,2018,11,15,5,3,9,1,0,0,1,0,0,0,0,0,5.90315E+20,5.75495E+21,1.03138E+16,5.19379E+16
24182,3,1,59,16,2018,11,9,2,3,8,7,0,0,1,0,0,0,0,0,5.59254E+20,5.71218E+21,9.85474E+15,5.15576E+16
24183,3,2,41,12,2018,11,16,4,3,2,6,1,1,1,0,0,0,0,0,5.37183E+20,5.81873E+21,9.54797E+15,5.25174E+16
24184,3,3,59,26,2018,11,22,2,3,5,2,2,0,1,0,1,0,0,0,5.37732E+20,5.93809E+21,9.57004E+15,5.35903E+16
24185,3,3,55,5,2018,11,7,2,3,5,3,0,0,1,0,0,0,0,1,6.02669E+20,5.8987E+21,1.0538E+16,5.32276E+16
24186,3,3,60,26,2018,11,14,5,3,5,3,0,0,1,0,0,0,1,0,6.10686E+20,5.87818E+21,1.0651E+16,5.30417E+16
24187,3,3,53,26,2018,11,14,6,3,2,6,0,0,1,0,1,0,0,0,5.53523E+20,5.91399E+21,9.80448E+15,5.33723E+16
24188,3,3,57,51,2018,11,21,4,3,5,3,2,0,1,0,0,0,0,0,5.39011E+20,5.87069E+21,9.58109E+15,5.29843E+16
24189,3,1,54,14,2018,11,9,2,2,5,3,0,0,1,0,0,0,0,1,6.15353E+20,5.80167E+21,1.06937E+16,5.23531E+16
24190,3,2,41,12,2018,11,15,4,3,5,3,0,1,1,0,0,0,0,0,5.30898E+20,5.81761E+21,9.45524E+15,5.25077E+16
24191,3,4,54,19,2018,11,8,6,3,8,1,1,0,1,0,0,0,0,1,3.92171E+20,5.83636E+21,7.40546E+15,5.26665E+16
24192,3,4,60,6,2018,11,16,1,3,5,3,1,0,1,0,0,0,0,0,4.49912E+20,5.8356E+21,8.25931E+15,5.26681E+16
24193,3,3,51,26,2018,11,15,3,2,5,3,0,1,1,0,0,0,0,0,5.86957E+20,5.85641E+21,1.02913E+16,5.28504E+16
24194,3,4,51,2,2018,11,18,1,3,4,2,2,0,1,0,0,0,0,1,4.35887E+20,5.89384E+21,8.04043E+15,5.319E+16
24195,3,1,58,17,2018,11,13,6,3,2,2,0,0,1,0,0,0,0,0,6.15396E+20,5.7697E+21,1.06834E+16,5.20658E+16
24196,3,4,54,10,2018,11,18,4,3,5,3,2,0,1,0,0,0,0,0,3.8484E+20,5.8068E+21,7.30736E+15,5.23993E+16
24197,3,1,59,16,2018,11,14,3,3,2,6,0,0,1,0,0,1,0,2,5.65099E+20,5.71212E+21,9.93903E+15,5.15564E+16
24198,3,4,62,19,2018,11,1,3,2,9,1,2,0,1,0,0,0,0,1,4.20126E+20,5.93703E+21,7.79366E+15,5.3576E+16
24199,3,1,2,0,2018,11,9,2,3,0,6,0,0,1,0,0,0,1,0,5.90255E+20,5.77941E+21,1.03194E+16,5.21578E+16
24200,3,1,59,13,2018,11,7,3,3,8,1,1,0,0,0,1,0,0,1,5.62416E+20,5.70042E+21,9.89825E+15,5.14515E+16
24201,3,2,41,1,2018,11,10,6,3,2,6,0,0,1,0,0,0,0,1,5.4771E+20,5.79991E+21,9.70041E+15,5.23474E+16
24202,3,2,51,47,2018,11,14,7,3,2,6,0,0,1,0,0,0,1,0,4.85697E+20,5.87086E+21,8.78694E+15,5.29871E+16
24203,3,4,54,32,2018,11,7,4,3,2,6,0,0,1,0,0,0,0,0,3.86973E+20,5.81692E+21,7.33526E+15,5.24907E+16
24204,3,4,59,8,2018,11,22,7,3,8,1,2,0,1,0,0,0,0,1,4.39946E+20,5.79799E+21,8.11874E+15,5.23289E+16
24205,3,3,55,36,2018,11,15,5,2,9,1,0,0,1,0,0,0,0,0,6.10335E+20,5.89501E+21,1.06515E+16,5.3193E+16
24206,3,1,1,0,2018,11,18,2,3,2,6,2,0,1,0,0,0,1,0,6.0411E+20,5.78385E+21,1.05232E+16,5.21952E+16
24207,3,4,51,4,2018,11,8,2,3,2,6,0,0,1,0,0,0,1,1,4.37587E+20,5.8827E+21,8.06805E+15,5.30901E+16
24208,3,4,60,1,2018,11,10,5,2,2,2,0,0,1,0,0,0,0,0,4.46333E+20,5.84194E+21,8.20536E+15,5.27247E+16
24209,3,4,59,28,2018,11,16,6,3,4,2,0,0,1,0,0,0,0,0,4.23391E+20,5.82752E+21,7.86907E+15,5.25923E+16
24210,3,4,59,12,2018,11,22,1,3,2,6,2,0,1,0,0,0,0,0,4.43873E+20,5.787E+21,8.17819E+15,5.22306E+16
24211,3,4,57,24,2018,11,12,4,2,1,7,0,0,0,0,0,1,0,0,3.82154E+20,5.89396E+21,7.23649E+15,5.31819E+16
24212,3,4,59,25,2018,11,19,1,3,8,1,2,0,0,0,1,0,0,0,4.18864E+20,5.83282E+21,7.80096E+15,5.26393E+16
24213,3,2,41,19,2018,11,10,4,3,5,3,0,0,1,0,0,0,0,0,5.50198E+20,5.82273E+21,9.74036E+15,5.25523E+16
24214,3,3,60,6,2018,11,0,7,2,8,1,2,0,1,0,0,0,0,0,5.96732E+20,5.87426E+21,1.04417E+16,5.30091E+16
24215,3,2,41,5,2018,11,10,2,3,1,5,0,0,1,0,0,0,0,0,5.39339E+20,5.81226E+21,9.57897E+15,5.24591E+16
24216,3,2,41,3,2018,11,12,2,3,2,6,0,0,1,0,0,0,0,1,5.69498E+20,5.81225E+21,1.00228E+16,5.2456E+16
24217,3,2,41,10,2018,11,18,5,3,5,3,2,0,1,0,0,0,1,0,5.43506E+20,5.81383E+21,9.64051E+15,5.24729E+16
24218,3,3,57,51,2018,11,11,6,3,1,6,0,0,1,0,0,0,0,0,5.38881E+20,5.87076E+21,9.57916E+15,5.2985E+16
24219,3,2,41,14,2018,11,16,4,3,2,6,0,0,1,0,0,0,0,0,5.44473E+20,5.7954E+21,9.65229E+15,5.23072E+16
24220,3,4,4,0,2018,11,17,1,3,2,6,2,0,1,0,0,0,0,0,4.36267E+20,5.79271E+21,8.06576E+15,5.22811E+16
24221,3,2,41,10,2018,11,21,4,3,1,5,2,0,1,0,0,0,0,0,5.4977E+20,5.8097E+21,9.7321E+15,5.24352E+16
24222,3,2,51,33,2018,11,5,6,3,4,6,2,0,1,0,0,1,0,1,5.01264E+20,5.86111E+21,9.0188E+15,5.28997E+16
24223,3,3,54,18,2018,11,19,1,2,8,1,2,0,1,0,0,0,0,1,6.45261E+20,5.87122E+21,1.11632E+16,5.29709E+16
24224,3,3,52,32,2018,11,16,1,3,4,2,1,0,1,0,0,0,0,1,4.74348E+20,5.92205E+21,8.61376E+15,5.34468E+16
24225,3,4,59,3,2018,11,10,5,2,6,4,0,0,1,1,0,0,0,0,4.55207E+20,5.79687E+21,8.34281E+15,5.23203E+16
24226,3,4,58,13,2018,11,12,7,3,4,2,0,0,1,0,0,0,0,0,4.46789E+20,5.8765E+21,8.20645E+15,5.30354E+16
24227,3,2,41,1,2018,11,7,2,3,2,6,2,0,1,0,0,0,1,1,5.47499E+20,5.80312E+21,9.69777E+15,5.23763E+16
24228,3,2,41,7,2018,11,7,2,3,2,6,1,0,1,0,0,0,0,1,5.49642E+20,5.79675E+21,9.7283E+15,5.23188E+16
24229,3,3,51,6,2018,11,13,5,3,5,3,0,1,1,0,0,0,0,0,5.71174E+20,5.8305E+21,1.00514E+16,5.26198E+16
24230,3,3,59,10,2018,11,14,6,3,5,3,0,1,1,0,0,0,0,0,5.49665E+20,5.9227E+21,9.74787E+15,5.3451E+16
24231,3,3,51,6,2018,11,16,4,3,5,2,2,1,1,0,0,0,0,0,5.7412E+20,5.83014E+21,1.00948E+16,5.26162E+16
24232,3,4,57,14,2018,11,10,1,3,5,3,0,1,1,0,0,0,0,0,3.98219E+20,5.90894E+21,7.47202E+15,5.33198E+16
24233,3,2,41,1,2018,11,18,4,3,5,2,2,1,1,0,0,0,0,0,5.49915E+20,5.80762E+21,9.73392E+15,5.24165E+16
24234,3,4,52,23,2018,11,7,6,3,0,3,1,1,1,0,0,0,0,1,3.92894E+20,5.92585E+21,7.38637E+15,5.34707E+16
24235,3,2,51,34,2018,11,4,1,2,8,1,2,0,1,0,0,0,0,1,4.9675E+20,5.837E+21,8.95193E+15,5.26829E+16
24236,3,2,41,20,2018,11,7,3,3,3,2,1,1,0,0,0,1,0,0,5.39297E+20,5.79212E+21,9.57599E+15,5.2278E+16
24237,3,4,61,8,2018,11,15,1,3,5,2,0,0,1,0,0,0,0,0,4.57016E+20,5.90268E+21,8.35544E+15,5.32716E+16
24238,3,1,53,8,2018,11,17,6,2,8,1,2,0,1,0,0,0,0,0,5.94561E+20,5.75937E+21,1.03768E+16,5.19769E+16
24239,3,1,51,38,2018,11,15,3,3,8,7,0,0,1,0,0,0,0,0,6.03647E+20,5.82717E+21,1.05298E+16,5.25847E+16
24240,3,3,56,5,2018,11,17,3,3,5,3,2,0,1,0,0,0,1,1,4.92089E+20,5.89217E+21,8.88164E+15,5.31788E+16
24241,3,4,54,32,2018,11,18,1,3,2,2,2,0,1,0,0,0,0,0,3.86419E+20,5.82051E+21,7.32589E+15,5.25229E+16
24242,3,1,58,39,2018,11,15,3,3,8,1,0,0,1,0,0,0,0,1,6.03864E+20,5.76494E+21,1.05138E+16,5.20253E+16
24243,3,2,41,1,2018,11,13,6,2,6,4,0,0,1,1,0,0,0,0,5.49112E+20,5.80151E+21,9.72122E+15,5.23617E+16
24244,3,3,59,28,2018,11,18,7,3,4,2,2,0,1,0,0,0,0,0,5.43842E+20,5.92829E+21,9.66097E+15,5.35017E+16
24245,3,4,57,22,2018,11,11,7,3,5,3,0,1,1,0,0,0,0,0,3.97182E+20,5.8874E+21,7.4634E+15,5.31261E+16
24246,3,2,41,1,2018,11,17,5,3,3,2,2,0,1,0,0,0,0,0,5.48835E+20,5.80092E+21,9.71706E+15,5.23564E+16
24247,3,4,60,6,2018,11,14,1,3,2,2,0,0,1,0,0,0,0,0,4.43946E+20,5.83863E+21,8.17058E+15,5.26947E+16
24248,3,4,61,2,2018,11,7,2,3,2,6,0,0,1,0,0,0,0,1,4.63707E+20,5.90955E+21,8.45499E+15,5.33338E+16
24249,3,3,61,12,2018,11,22,5,3,5,3,2,0,1,0,0,0,0,1,5.14764E+20,5.86319E+21,9.21958E+15,5.29182E+16
24250,3,4,54,51,2018,11,7,6,3,1,7,0,0,0,0,0,0,1,0,3.9954E+20,5.87433E+21,7.50271E+15,5.30091E+16
24251,3,4,53,5,2018,11,10,1,3,5,3,0,0,1,0,0,0,0,0,4.45756E+20,5.85254E+21,8.19506E+15,5.28199E+16
24252,3,4,52,1,2018,11,17,4,3,3,6,2,0,1,0,0,0,0,0,4.00593E+20,5.92364E+21,7.50301E+15,5.34524E+16
24253,3,4,5,0,2018,11,14,1,2,5,3,0,0,1,0,0,0,0,0,4.39791E+20,5.93096E+21,8.09179E+15,5.35241E+16
24254,3,2,41,1,2018,11,13,4,3,5,2,0,1,1,0,0,0,0,0,5.49434E+20,5.80448E+21,9.7264E+15,5.23884E+16
24255,3,2,41,2,2018,11,15,7,3,9,1,0,0,0,0,1,0,0,0,5.35582E+20,5.79482E+21,9.52183E+15,5.23026E+16
24256,3,2,41,1,2018,11,7,2,3,5,3,0,1,1,0,0,0,0,1,5.58739E+20,5.80363E+21,9.86295E+15,5.23797E+16
24257,3,2,41,5,2018,11,15,2,3,9,1,0,0,0,0,1,0,0,1,5.39318E+20,5.80829E+21,9.5782E+15,5.24234E+16
24258,3,2,56,5,2018,11,11,5,3,2,2,0,0,1,0,0,0,0,0,5.16018E+20,5.83867E+21,9.23703E+15,5.26977E+16
24259,3,1,59,2,2018,11,14,4,3,6,4,0,0,0,1,0,1,0,0,5.82824E+20,5.73747E+21,1.02006E+16,5.1782E+16
24260,3,4,51,5,2018,11,10,1,3,3,6,0,0,1,0,0,0,0,0,4.42984E+20,5.90687E+21,8.1443E+15,5.33079E+16
24261,3,4,58,14,2018,11,13,6,3,5,3,0,1,1,0,0,0,0,0,4.59874E+20,5.8593E+21,8.40371E+15,5.28819E+16
24262,3,2,54,22,2018,11,12,1,3,8,1,0,0,1,0,0,0,0,0,5.81683E+20,5.77011E+21,1.01919E+16,5.20755E+16
24263,3,3,60,18,2018,11,13,1,3,8,1,0,0,0,0,1,0,0,1,6.20904E+20,5.87043E+21,1.08004E+16,5.29699E+16
24264,3,4,56,14,2018,11,14,5,3,1,5,0,0,1,0,0,0,0,0,3.62677E+20,5.81945E+21,6.97659E+15,5.25078E+16
24265,3,4,53,4,2018,11,16,2,3,5,3,1,1,1,0,0,0,0,0,4.36614E+20,5.85511E+21,8.05891E+15,5.2842E+16
24266,3,4,58,1,2018,11,5,3,2,8,7,2,0,1,0,0,0,0,1,4.74538E+20,5.86008E+21,8.62156E+15,5.28898E+16
24267,3,4,60,6,2018,11,18,1,3,8,3,2,0,1,0,0,0,0,0,4.44132E+20,5.83843E+21,8.17337E+15,5.26929E+16
24268,3,4,4,0,2018,11,8,2,3,5,2,1,1,1,0,0,0,0,1,4.35663E+20,5.79214E+21,8.05702E+15,5.22758E+16
24269,3,1,53,6,2018,11,14,6,2,5,3,0,1,1,0,0,0,0,0,5.84788E+20,5.75698E+21,1.02339E+16,5.19571E+16
24270,3,2,41,1,2018,11,19,7,3,5,3,2,1,1,0,0,0,0,0,5.50582E+20,5.80228E+21,9.74292E+15,5.23684E+16
24271,3,2,54,32,2018,11,8,5,3,2,2,0,0,1,0,0,0,0,1,5.81546E+20,5.78544E+21,1.01935E+16,5.22133E+16
24272,3,3,52,22,2018,11,17,1,3,4,6,2,1,0,0,0,0,0,0,5.09064E+20,5.95028E+21,9.13729E+15,5.37011E+16
24273,3,4,61,4,2018,11,7,2,3,2,6,1,0,1,0,0,0,0,0,4.63634E+20,5.89842E+21,8.45517E+15,5.32338E+16
24274,3,4,57,18,2018,11,7,2,3,5,2,1,1,1,0,0,0,0,0,4.04721E+20,5.88832E+21,7.57575E+15,5.31357E+16
24275,3,2,51,40,2018,11,11,3,3,5,2,0,0,1,0,0,0,0,0,4.86839E+20,5.83293E+21,8.80548E+15,5.26462E+16
24276,3,3,52,11,2018,11,18,1,3,2,6,2,0,1,0,0,0,0,0,4.77298E+20,5.9606E+21,8.65537E+15,5.37935E+16
24277,3,1,51,39,2018,11,6,3,3,2,6,2,0,1,0,0,0,0,1,6.17978E+20,5.81381E+21,1.07365E+16,5.24617E+16
24278,3,2,55,16,2018,11,7,6,3,4,1,0,0,1,0,0,0,0,1,5.36996E+20,5.76115E+21,9.53891E+15,5.19998E+16
24279,3,2,41,1,2018,11,16,7,3,6,4,0,1,0,1,0,0,0,0,5.5407E+20,5.80265E+21,9.79422E+15,5.23714E+16
24280,3,4,51,5,2018,11,22,7,2,8,6,2,0,0,0,0,0,1,1,4.4519E+20,5.89772E+21,8.17898E+15,5.3226E+16
24281,3,2,41,6,2018,11,18,5,3,2,2,2,0,1,0,0,0,0,0,5.41674E+20,5.79445E+21,9.61113E+15,5.22988E+16
24282,3,3,53,12,2018,11,22,1,2,9,1,2,0,1,0,0,0,0,1,5.77019E+20,5.90586E+21,1.01556E+16,5.32963E+16
24283,3,3,61,5,2018,11,7,2,2,5,3,0,0,0,0,1,1,0,1,5.20937E+20,5.86687E+21,9.31162E+15,5.29511E+16
24284,3,3,53,40,2018,11,10,2,2,4,2,0,0,1,0,0,0,1,1,5.81411E+20,5.91413E+21,1.02236E+16,5.337E+16
24285,3,2,51,37,2018,11,15,5,3,4,2,0,1,1,0,0,0,0,0,4.8401E+20,5.87143E+21,8.76178E+15,5.29922E+16
24286,3,4,54,45,2018,11,7,6,3,5,3,1,1,0,0,0,0,1,1,3.87073E+20,5.79805E+21,7.3431E+15,5.23212E+16
24287,3,4,51,2,2018,11,17,4,3,4,2,2,1,1,0,0,0,0,0,4.3993E+20,5.89372E+21,8.10095E+15,5.31895E+16
24288,3,3,59,10,2018,11,10,1,3,5,2,0,0,1,0,0,0,0,0,5.46338E+20,5.92374E+21,9.69794E+15,5.34606E+16
24289,3,2,41,1,2018,11,10,4,3,5,2,0,1,0,0,0,1,0,0,5.53394E+20,5.79728E+21,9.78343E+15,5.23232E+16
24290,3,2,52,3,2018,11,10,7,3,5,3,0,1,1,0,0,0,0,1,5.16314E+20,5.75949E+21,9.23756E+15,5.19858E+16
24291,3,2,54,13,2018,11,7,2,3,2,6,0,0,1,0,0,0,0,1,5.50918E+20,5.77031E+21,9.74305E+15,5.2081E+16
24292,3,2,52,1,2018,11,15,2,3,1,6,0,0,1,0,0,0,0,0,5.21326E+20,5.76894E+21,9.31114E+15,5.20707E+16
24293,3,1,59,16,2018,11,10,5,3,2,6,0,0,1,0,0,0,1,1,5.65906E+20,5.70834E+21,9.94996E+15,5.15224E+16
24294,3,2,52,6,2018,11,13,4,3,2,6,0,0,1,0,0,0,0,0,5.2448E+20,5.7723E+21,9.35739E+15,5.21007E+16
24295,3,3,58,21,2018,11,11,1,3,2,6,0,0,1,0,0,0,0,0,5.62361E+20,5.87147E+21,9.92901E+15,5.29892E+16
24296,3,2,41,15,2018,11,15,3,3,2,6,0,0,1,0,0,0,1,0,5.41368E+20,5.8044E+21,9.60786E+15,5.23883E+16
24297,3,2,51,36,2018,11,16,4,3,3,6,1,0,1,0,0,0,0,0,4.56261E+20,5.8127E+21,8.35621E+15,5.24627E+16
24298,3,3,59,34,2018,11,18,6,3,4,2,2,0,1,0,0,0,0,0,5.37817E+20,5.92887E+21,9.57022E+15,5.35074E+16
24299,3,4,59,22,2018,11,13,7,3,9,1,0,0,1,0,1,0,0,0,4.4096E+20,5.78344E+21,8.13616E+15,5.21983E+16
24300,3,2,54,2,2018,11,12,1,3,4,1,0,0,1,0,0,0,1,1,5.54637E+20,5.7573E+21,9.79523E+15,5.19637E+16
24301,3,4,55,26,2018,11,7,5,3,4,6,0,0,1,0,0,1,0,0,4.36838E+20,5.91563E+21,8.05033E+15,5.3386E+16
24302,3,3,51,4,2018,11,18,1,3,2,6,2,0,1,0,0,0,0,0,5.66053E+20,5.84734E+21,9.9791E+15,5.27719E+16