OBJECTID_1,ULAND,UREGBEZ,UKREIS,UGEMEINDE,UJAHR,UMONAT,USTUNDE,UWOCHENTAG,UKATEGORIE,UART,UTYP1,ULICHTVERH,IstRad,IstPKW,IstFuss,IstKrad,IstGkfz,IstSonstig,STRZUSTAND,LINREFX,LINREFY,XGCSWGS84,YGCSWGS84
24303,3,4,54,18,2018,11,21,2,3,2,6,2,0,1,0,0,0,0,1,3.76169E+20,5.84889E+21,7.16423E+15,5.27757E+16
24304,3,1,51,5,2018,11,6,6,3,2,6,2,0,1,0,0,0,0,1,6.27744E+20,5.82857E+21,1.08859E+16,5.25921E+16
24305,3,2,57,35,2018,11,19,7,3,9,1,2,0,1,0,0,0,0,0,5.1395E+20,5.79619E+21,9.20464E+15,5.23159E+16
24306,3,3,51,6,2018,11,19,1,3,1,5,2,0,1,0,0,0,0,1,5.76066E+20,5.83095E+21,1.01237E+16,5.26232E+16
24307,3,1,58,40,2018,11,7,5,3,5,3,1,0,1,0,0,0,0,0,6.14124E+20,5.77532E+21,1.06668E+16,5.21167E+16
24308,3,2,41,19,2018,11,14,1,3,8,1,0,0,0,0,1,0,0,0,5.51672E+20,5.82101E+21,9.76183E+15,5.25367E+16
24309,3,2,41,1,2018,11,8,4,3,1,7,0,0,1,0,0,1,0,0,5.5391E+20,5.80923E+21,9.79292E+15,5.24306E+16
24310,3,3,52,62,2018,11,17,2,2,6,1,2,0,1,1,0,0,0,0,4.73198E+20,5.93978E+21,8.59493E+15,5.36062E+16
24311,3,3,57,41,2018,11,6,2,3,7,7,2,0,0,0,1,0,0,1,5.33271E+20,5.89229E+21,9.49783E+15,5.3179E+16
24312,3,3,58,7,2018,11,16,5,3,2,6,0,0,0,0,0,1,0,0,5.46418E+20,5.83865E+21,9.68685E+15,5.26957E+16
24313,3,4,61,7,2018,11,19,6,3,2,6,2,0,1,0,0,0,0,0,4.68176E+20,5.93053E+21,8.51997E+15,5.35228E+16
24314,3,3,57,55,2018,11,13,4,3,4,6,0,0,1,0,0,0,0,0,5.05657E+20,5.89451E+21,9.08469E+15,5.31999E+16
24315,3,2,41,21,2018,11,17,1,3,2,6,2,0,1,0,0,0,0,0,5.31909E+20,5.80372E+21,9.46882E+15,5.23828E+16
24316,3,1,59,2,2018,11,17,4,3,8,1,2,0,1,0,0,0,0,0,5.85097E+20,5.74182E+21,1.02347E+16,5.18207E+16
24317,3,4,56,14,2018,11,12,6,3,0,7,0,1,0,0,0,0,0,0,3.63353E+20,5.81984E+21,6.9864E+15,5.25115E+16
24318,3,4,52,1,2018,11,17,1,3,5,2,2,0,1,0,0,0,0,0,3.99511E+20,5.92549E+21,7.48614E+15,5.34688E+16
24319,3,3,60,6,2018,11,13,3,3,5,3,0,0,1,0,0,0,1,0,5.93879E+20,5.87529E+21,1.03995E+16,5.30189E+16
24320,3,4,56,10,2018,11,19,1,3,5,3,2,0,1,0,0,0,0,1,3.74005E+20,5.80017E+21,7.15068E+15,5.23374E+16
24321,3,2,54,5,2018,11,14,6,3,9,1,0,0,1,0,0,0,0,0,5.68486E+20,5.76442E+21,9.9982E+15,5.20262E+16
24322,3,4,4,0,2018,11,11,4,3,2,6,0,0,1,0,0,0,0,0,4.34376E+20,5.79351E+21,8.03789E+15,5.2288E+16
24323,3,2,55,28,2018,11,12,3,3,5,3,0,0,1,0,1,0,0,0,5.42753E+20,5.75555E+21,9.62205E+15,5.1949E+16
24324,3,3,58,8,2018,11,17,2,2,6,4,2,0,1,1,0,0,0,1,5.465E+20,5.85746E+21,9.69074E+15,5.28649E+16
24325,3,3,53,31,2018,11,8,5,3,2,6,1,0,1,0,0,0,0,1,5.67906E+20,5.91591E+21,1.0021E+16,5.33879E+16
24326,3,3,56,7,2018,11,18,6,3,3,2,2,0,1,0,1,0,0,0,4.82855E+20,5.90271E+21,8.7429E+15,5.32733E+16
24327,3,3,52,32,2018,11,7,4,2,5,3,0,1,1,0,0,0,0,1,4.76224E+20,5.92423E+21,8.64184E+15,5.34666E+16
24328,3,2,41,13,2018,11,16,1,2,0,3,1,1,1,0,0,0,0,0,5.5315E+20,5.78303E+21,9.77761E+15,5.21952E+16
24329,3,1,51,25,2018,11,14,7,3,4,1,0,0,1,0,0,0,0,1,6.13969E+20,5.82419E+21,1.06811E+16,5.25558E+16
24330,3,1,3,0,2018,11,17,2,3,2,6,2,0,1,0,0,1,0,1,6.18139E+20,5.80924E+21,1.07373E+16,5.24206E+16
24331,3,4,58,5,2018,11,15,3,3,2,6,1,0,1,0,0,1,0,0,4.69139E+20,5.88339E+21,8.53909E+15,5.30991E+16
24332,3,1,58,37,2018,11,7,2,3,2,6,0,0,1,0,0,0,0,1,6.03313E+20,5.78237E+21,1.05111E+16,5.21821E+16
24333,3,2,41,2,2018,11,9,6,3,6,2,0,0,1,1,0,0,0,1,5.31775E+20,5.79496E+21,9.46602E+15,5.2304E+16
24334,3,4,59,8,2018,11,14,4,3,2,6,0,0,1,0,0,0,0,0,4.39835E+20,5.79501E+21,8.11764E+15,5.23022E+16
24335,3,1,3,0,2018,11,16,4,3,2,6,2,0,1,0,0,0,0,0,6.17738E+20,5.80947E+21,1.07315E+16,5.24228E+16
24336,3,1,55,7,2018,11,15,1,1,8,1,0,0,0,0,1,0,0,0,5.75525E+20,5.72214E+21,1.00915E+16,5.16451E+16
24337,3,2,41,3,2018,11,12,3,3,2,6,0,0,1,0,0,1,1,0,5.70036E+20,5.81981E+21,1.00323E+16,5.25239E+16
24338,3,3,57,18,2018,11,6,6,3,5,3,2,0,1,0,1,0,0,1,5.19444E+20,5.8956E+21,9.29114E+15,5.32093E+16
24339,3,4,54,14,2018,11,8,7,3,9,1,0,0,1,0,0,0,0,2,3.82289E+20,5.83175E+21,7.26105E+15,5.2623E+16
24340,3,1,54,28,2018,11,11,1,1,8,1,0,0,1,0,0,0,0,1,6.36975E+20,5.78375E+21,1.10037E+16,5.21872E+16
24341,3,3,52,22,2018,11,22,5,3,8,7,2,0,1,0,0,0,0,0,5.08841E+20,5.95088E+21,9.13393E+15,5.37066E+16
24342,3,1,55,5,2018,11,12,4,3,8,1,0,0,1,0,0,0,0,0,5.60294E+20,5.72158E+21,9.87134E+15,5.1642E+16
24343,3,2,57,27,2018,11,21,1,3,8,1,2,0,0,0,1,0,0,0,5.12505E+20,5.80085E+21,9.18361E+15,5.23578E+16
24344,3,4,52,1,2018,11,20,2,2,5,3,2,1,1,0,0,0,0,1,3.98777E+20,5.92553E+21,7.47507E+15,5.3469E+16
24345,3,4,59,14,2018,11,17,5,2,1,5,2,0,1,0,0,0,0,0,4.3294E+20,5.80691E+21,8.01416E+15,5.24083E+16
24346,3,2,52,7,2018,11,11,7,3,3,6,0,0,1,0,0,0,1,0,5.17171E+20,5.77932E+21,9.25104E+15,5.21641E+16
24347,3,2,54,29,2018,11,11,1,3,8,7,0,0,1,0,0,0,0,0,5.75212E+20,5.7846E+21,1.01007E+16,5.22067E+16
24348,3,1,51,9,2018,11,15,5,3,5,3,0,0,1,0,0,0,0,0,6.02537E+20,5.81625E+21,1.05101E+16,5.24867E+16
24349,3,2,54,2,2018,11,13,1,3,4,6,0,0,1,0,0,0,0,0,5.60277E+20,5.7635E+21,9.8784E+15,5.20188E+16
24350,3,3,54,13,2018,11,17,2,3,5,3,2,0,1,0,0,0,0,1,6.4121E+20,5.87217E+21,1.11033E+16,5.29805E+16
24351,3,2,41,1,2018,11,18,2,3,2,6,1,0,1,0,0,0,0,0,5.44619E+20,5.80644E+21,9.6559E+15,5.24064E+16
24352,3,3,55,22,2018,11,8,5,2,8,1,0,0,1,0,0,0,0,1,5.90611E+20,5.89772E+21,1.03572E+16,5.32211E+16
24353,3,3,53,41,2018,11,13,6,3,5,3,0,1,1,1,0,0,0,0,5.4527E+20,5.90272E+21,9.67884E+15,5.32718E+16
24354,3,3,57,39,2018,11,17,4,3,5,2,2,1,1,0,0,0,0,1,5.26595E+20,5.8839E+21,9.39725E+15,5.31039E+16
24355,3,2,54,20,2018,11,11,1,2,1,7,0,0,1,0,0,1,1,0,5.6603E+20,5.78217E+21,9.96585E+15,5.2186E+16
24356,3,4,54,32,2018,11,7,6,3,2,6,0,0,1,0,0,0,0,1,3.86967E+20,5.81692E+21,7.33517E+15,5.24907E+16
24357,3,3,61,8,2018,11,12,1,3,4,2,0,0,1,0,0,0,0,0,5.11525E+20,5.87864E+21,9.17196E+15,5.30571E+16
24358,3,2,41,1,2018,11,16,3,3,0,5,0,1,1,0,0,0,0,0,5.56349E+20,5.79976E+21,9.8272E+15,5.23453E+16
24359,3,2,51,7,2018,11,11,1,3,9,1,0,0,1,0,0,0,0,1,4.892E+20,5.85363E+21,8.83969E+15,5.28323E+16
24360,3,1,58,37,2018,11,9,6,3,5,2,0,1,1,0,0,0,0,0,6.05998E+20,5.78053E+21,1.05498E+16,5.21651E+16
24361,3,1,2,0,2018,11,16,3,3,5,3,2,0,1,0,0,0,0,1,5.92795E+20,5.76445E+21,1.03524E+16,5.2023E+16
24362,3,4,52,23,2018,11,7,3,3,2,6,1,0,1,0,1,0,0,1,3.94448E+20,5.92635E+21,7.4096E+15,5.34755E+16
24363,3,2,52,6,2018,11,20,1,3,5,3,2,0,1,0,0,0,0,0,5.25602E+20,5.77264E+21,9.3738E+15,5.21037E+16
24364,3,1,59,1,2018,11,15,3,3,9,1,1,0,1,0,0,0,0,1,5.52705E+20,5.71294E+21,9.76039E+15,5.15651E+16
24365,3,2,41,21,2018,11,11,6,3,1,7,0,0,1,0,0,0,0,0,5.2446E+20,5.81161E+21,9.35995E+15,5.24542E+16
24366,3,4,58,9,2018,11,11,7,3,4,6,0,0,1,0,0,0,0,0,4.564E+20,5.87498E+21,8.34998E+15,5.30226E+16
24367,3,4,59,19,2018,11,22,7,3,9,3,2,1,1,0,0,0,0,0,4.3198E+20,5.78589E+21,8.0043E+15,5.22192E+16
24368,3,3,55,22,2018,11,14,5,3,5,2,0,0,1,0,0,0,0,0,5.95253E+20,5.90337E+21,1.04284E+16,5.3271E+16
24369,3,1,2,0,2018,11,1,1,3,8,1,2,0,1,0,0,0,0,0,5.94952E+20,5.77339E+21,1.03863E+16,5.21029E+16
24370,3,4,3,0,2018,11,6,2,3,3,6,2,1,1,0,0,0,0,1,4.46414E+20,5.88834E+21,8.19889E+15,5.31418E+16
24371,3,4,59,7,2018,11,1,3,1,4,6,2,0,1,0,0,1,0,1,4.29684E+20,5.82788E+21,7.96187E+15,5.25964E+16
24372,3,1,51,9,2018,11,21,1,2,8,1,2,0,1,0,0,0,0,1,6.01726E+20,5.81875E+21,1.04989E+16,5.25093E+16
24373,3,2,56,22,2018,11,15,3,3,2,6,0,0,1,0,0,1,0,0,5.14929E+20,5.83185E+21,9.22061E+15,5.26364E+16
24374,3,3,51,24,2018,11,13,6,3,0,3,0,0,1,0,0,0,0,0,5.59868E+20,5.83967E+21,9.88604E+15,5.27036E+16
24375,3,4,52,24,2018,11,19,7,2,4,6,2,0,1,0,0,0,0,0,3.84918E+20,5.93037E+21,7.26459E+15,5.35097E+16
24376,3,1,53,2,2018,11,21,1,3,7,7,2,1,0,0,0,0,0,1,6.10432E+20,5.75047E+21,1.06049E+16,5.1894E+16
24377,3,3,60,2,2018,11,20,5,3,7,7,2,0,0,0,1,0,0,0,6.09632E+20,5.87916E+21,1.06356E+16,5.30507E+16
24378,3,2,52,1,2018,11,17,4,3,2,6,2,0,1,0,0,0,0,0,5.17286E+20,5.76895E+21,9.25219E+15,5.20709E+16
24379,3,4,59,24,2018,11,17,7,3,2,6,2,0,1,0,0,0,0,0,4.58462E+20,5.78527E+21,8.392E+15,5.22163E+16
24380,3,3,56,8,2018,11,13,2,3,2,2,0,0,1,0,0,0,0,1,4.79997E+20,5.89408E+21,8.70059E+15,5.31957E+16
24381,3,4,52,6,2018,11,14,5,3,2,6,0,0,1,0,0,0,0,0,4.04883E+20,5.9173E+21,7.5695E+15,5.33962E+16
24382,3,1,2,0,2018,11,16,7,3,4,2,2,0,1,0,0,0,0,1,5.91657E+20,5.78067E+21,1.03402E+16,5.21689E+16
24383,3,4,59,21,2018,11,16,7,3,2,2,1,0,1,0,0,0,0,0,4.29128E+20,5.7911E+21,7.96147E+15,5.22658E+16
24384,3,4,59,14,2018,11,16,4,2,5,3,0,1,1,0,0,0,0,0,4.35981E+20,5.80507E+21,8.05921E+15,5.23921E+16
24385,3,4,57,21,2018,11,14,7,3,5,3,0,0,1,0,0,0,0,0,3.92077E+20,5.89442E+21,7.38476E+15,5.31882E+16
24386,3,3,59,38,2018,11,12,7,3,2,6,0,0,1,0,0,0,0,1,5.25185E+20,5.93847E+21,9.38052E+15,5.35944E+16
24387,3,2,41,21,2018,11,22,2,3,2,6,2,0,1,0,0,0,0,1,5.33449E+20,5.80742E+21,9.49182E+15,5.2416E+16
24388,3,2,41,5,2018,11,8,2,3,6,4,0,0,1,1,0,0,0,1,5.41351E+20,5.81069E+21,9.6084E+15,5.24448E+16
24389,3,2,41,1,2018,11,9,5,3,2,6,0,0,1,0,0,0,1,1,5.54465E+20,5.80656E+21,9.80065E+15,5.24065E+16
24390,3,3,59,38,2018,11,16,6,2,5,3,2,0,1,0,1,0,0,0,5.31245E+20,5.93703E+21,9.47194E+15,5.35812E+16
24391,3,2,41,1,2018,11,14,4,3,5,3,0,1,1,0,0,0,0,0,5.4995E+20,5.8043E+21,9.73395E+15,5.23867E+16
24392,3,4,54,41,2018,11,22,7,3,2,6,2,0,1,0,0,0,0,0,3.92655E+20,5.88259E+21,7.39738E+15,5.3082E+16
24393,3,3,56,11,2018,11,23,6,3,8,1,2,0,1,0,0,0,0,1,4.95603E+20,5.89675E+21,8.93415E+15,5.322E+16
24394,3,3,53,29,2018,11,17,1,3,5,2,2,0,1,0,0,0,0,1,5.62731E+20,5.91086E+21,9.94224E+15,5.33432E+16
24395,3,2,41,1,2018,11,14,3,3,2,6,0,0,1,0,0,0,0,0,5.46063E+20,5.79729E+21,9.67587E+15,5.2324E+16
24396,3,4,58,9,2018,11,18,1,3,0,7,2,0,1,0,0,0,0,1,4.56543E+20,5.87895E+21,8.35157E+15,5.30582E+16
24397,3,1,51,9,2018,11,8,6,3,2,6,0,0,1,0,0,0,0,0,6.03631E+20,5.81684E+21,1.05264E+16,5.24919E+16
24398,3,1,1,0,2018,11,13,3,3,2,6,0,0,0,0,0,1,1,0,6.03704E+20,5.79706E+21,1.05213E+16,5.2314E+16
24399,3,4,3,0,2018,11,17,3,3,5,3,2,0,1,0,0,0,0,1,4.4963E+20,5.89005E+21,8.2467E+15,5.31574E+16
24400,3,4,54,45,2018,11,11,7,3,5,3,0,0,1,0,0,0,0,0,3.89474E+20,5.79665E+21,7.37878E+15,5.2309E+16
24401,3,1,58,37,2018,11,9,3,3,8,7,0,0,1,0,0,1,0,1,6.01958E+20,5.77896E+21,1.04903E+16,5.21517E+16
24402,3,2,41,9,2018,11,10,6,2,2,6,0,0,1,0,0,0,1,1,5.56914E+20,5.79244E+21,9.83425E+15,5.22794E+16
24403,3,3,51,6,2018,11,13,7,2,5,3,0,0,1,0,1,0,0,0,5.67314E+20,5.83423E+21,9.99511E+15,5.26539E+16
24404,3,4,53,12,2018,11,13,7,2,5,3,0,0,1,0,0,0,0,1,4.30304E+20,5.85811E+21,7.96461E+15,5.28681E+16
24405,3,2,41,1,2018,11,9,5,3,2,6,0,0,1,0,0,1,0,0,5.49959E+20,5.80439E+21,9.73409E+15,5.23875E+16
24406,3,4,52,19,2018,11,14,7,3,5,3,0,1,1,0,0,0,0,0,3.81925E+20,5.94059E+21,7.21563E+15,5.36008E+16
24407,3,4,58,9,2018,11,7,2,3,5,3,1,1,1,0,0,0,0,1,4.50108E+20,5.87852E+21,8.25563E+15,5.30539E+16
24408,3,4,55,25,2018,11,15,5,3,2,2,0,0,1,0,0,0,0,0,4.35224E+20,5.9224E+21,8.02468E+15,5.34466E+16
24409,3,4,56,15,2018,11,18,6,2,5,3,2,0,1,0,0,1,0,0,3.71207E+20,5.81282E+21,7.10476E+15,5.24504E+16
24410,3,4,53,8,2018,11,18,4,3,4,2,2,0,1,0,0,0,0,0,4.34724E+20,5.86837E+21,8.0282E+15,5.29609E+16
24411,3,4,52,12,2018,11,16,7,3,5,3,0,1,1,0,0,0,0,0,3.95016E+20,5.92282E+21,7.41933E+15,5.3444E+16
24412,3,2,41,1,2018,11,15,7,3,0,1,0,0,0,0,1,0,0,0,5.48111E+20,5.80355E+21,9.70682E+15,5.23801E+16
24413,3,4,53,1,2018,11,16,4,3,5,3,0,1,1,0,0,0,0,0,4.16731E+20,5.89105E+21,7.75452E+15,5.31623E+16
24414,3,2,41,9,2018,11,7,2,3,0,1,0,0,1,0,0,0,0,1,5.59456E+20,5.79574E+21,9.87209E+15,5.23087E+16
24415,3,1,55,1,2018,11,8,2,3,9,1,0,0,1,0,0,0,0,1,5.67884E+20,5.74697E+21,9.98598E+15,5.18694E+16
24416,3,2,54,29,2018,11,13,5,3,8,1,0,0,1,0,0,0,0,0,5.73071E+20,5.77616E+21,1.00675E+16,5.21312E+16
24417,3,2,57,29,2018,11,9,4,2,8,1,0,0,0,0,0,0,1,1,5.22721E+20,5.78991E+21,9.3329E+15,5.22591E+16
24418,3,4,53,4,2018,11,11,5,3,4,2,0,0,1,0,0,0,0,0,4.36829E+20,5.85726E+21,8.06169E+15,5.28613E+16
24419,3,4,4,0,2018,11,19,6,2,6,4,2,0,0,1,0,0,1,0,4.36567E+20,5.79208E+21,8.07028E+15,5.22754E+16
24420,3,4,60,9,2018,11,12,7,3,2,6,0,0,1,0,0,0,0,0,4.50023E+20,5.84865E+21,8.25896E+15,5.27854E+16
24421,3,4,54,42,2018,11,17,4,2,2,6,1,0,1,0,0,0,1,0,4.12903E+20,5.86502E+21,7.70431E+15,5.29278E+16
24422,3,4,55,15,2018,11,23,7,3,9,1,2,0,1,0,0,0,0,1,4.32876E+20,5.93636E+21,7.98635E+15,5.35718E+16
24423,3,3,51,23,2018,11,19,7,3,2,6,2,0,1,0,0,0,0,1,5.59649E+20,5.83264E+21,9.88153E+15,5.26405E+16
24424,3,2,41,11,2018,11,16,2,3,2,6,1,0,1,0,0,0,0,1,5.666E+20,5.80322E+21,9.97835E+15,5.23752E+16
24425,3,2,57,3,2018,11,22,2,3,3,6,2,0,1,0,0,0,0,1,5.16813E+20,5.78692E+21,9.24619E+15,5.22324E+16
24426,3,2,41,1,2018,11,14,5,3,6,4,0,0,1,1,0,0,0,0,5.48646E+20,5.80559E+21,9.71498E+15,5.23984E+16
24427,3,3,57,39,2018,11,14,6,3,8,1,0,0,1,0,0,0,0,1,5.24299E+20,5.88726E+21,9.3632E+15,5.31342E+16
24428,3,2,41,4,2018,11,18,4,3,0,1,2,1,0,0,0,0,0,0,5.58385E+20,5.81588E+21,9.85989E+15,5.24899E+16
24429,3,3,61,8,2018,11,20,7,3,5,3,2,0,1,0,0,0,0,0,5.11166E+20,5.88019E+21,9.16666E+15,5.30711E+16
24430,3,4,60,3,2018,11,13,6,2,2,6,0,0,1,0,0,0,0,0,4.43347E+20,5.83438E+21,8.16244E+15,5.26565E+16
24431,3,2,41,5,2018,11,18,1,2,0,7,2,1,0,0,0,0,0,1,5.40399E+20,5.80697E+21,9.59393E+15,5.24114E+16
24432,3,3,52,11,2018,11,17,1,2,4,2,2,0,1,0,0,0,0,1,4.79041E+20,5.96522E+21,8.68151E+15,5.38351E+16
24433,3,4,57,13,2018,11,10,5,3,2,6,0,0,1,0,0,0,1,0,3.98427E+20,5.89882E+21,7.47837E+15,5.3229E+16
24434,3,4,54,14,2018,11,13,2,3,4,6,0,0,1,0,0,1,0,0,3.79687E+20,5.82745E+21,7.2242E+15,5.25837E+16
24435,3,4,61,9,2018,11,15,3,2,2,6,0,0,1,0,1,0,0,0,4.641E+20,5.91754E+21,8.45998E+15,5.34057E+16
24436,3,4,51,1,2018,11,18,7,3,5,3,2,1,1,0,0,0,0,0,4.17381E+20,5.89737E+21,7.76261E+15,5.32192E+16
24437,3,4,59,19,2018,11,6,2,3,0,3,2,1,1,0,0,0,0,1,4.33923E+20,5.78613E+21,8.03269E+15,5.22216E+16
24438,3,1,59,16,2018,11,23,6,3,3,6,2,0,1,0,0,1,1,0,5.63163E+20,5.71461E+21,9.91155E+15,5.1579E+16
24439,3,2,41,5,2018,11,9,7,3,5,3,0,0,1,0,0,0,0,0,5.41201E+20,5.81132E+21,9.60626E+15,5.24505E+16
24440,3,4,60,1,2018,11,19,7,3,2,6,2,0,1,0,0,0,0,1,4.44299E+20,5.84203E+21,8.17523E+15,5.27253E+16
24441,3,2,41,1,2018,11,17,5,3,5,3,2,1,1,0,0,0,0,0,5.49475E+20,5.80308E+21,9.72678E+15,5.23757E+16
24442,3,4,51,8,2018,11,18,7,3,4,6,2,0,1,0,0,0,0,0,4.45232E+20,5.89384E+21,8.18028E+15,5.31911E+16
24443,3,3,61,12,2018,11,16,2,3,2,6,1,0,1,0,0,0,0,0,5.14747E+20,5.86329E+21,9.21933E+15,5.2919E+16
24444,3,3,59,26,2018,11,16,2,2,4,7,1,0,1,0,0,0,0,1,5.37898E+20,5.938E+21,9.57254E+15,5.35895E+16
24445,3,4,61,4,2018,11,17,5,3,2,6,2,0,1,0,1,0,0,0,4.63601E+20,5.89834E+21,8.45468E+15,5.32331E+16
24446,3,4,53,7,2018,11,21,6,3,9,1,2,0,1,0,0,0,0,0,4.23358E+20,5.87808E+21,7.85671E+15,5.30468E+16
24447,3,2,51,47,2018,11,15,4,3,3,6,0,1,1,0,0,0,0,0,4.91119E+20,5.8703E+21,8.86772E+15,5.29822E+16
24448,3,4,3,0,2018,11,16,7,3,5,3,1,1,1,0,0,0,0,0,4.4211E+20,5.88674E+21,8.13484E+15,5.31269E+16
24449,3,2,52,6,2018,11,17,7,3,5,3,2,0,1,0,0,0,0,1,5.24436E+20,5.77044E+21,9.35661E+15,5.2084E+16
24450,3,1,53,12,2018,11,11,2,3,0,6,0,0,1,0,0,0,0,0,5.78604E+20,5.75563E+21,1.01436E+16,5.19458E+16
24451,3,3,61,12,2018,11,16,3,3,2,6,1,0,1,0,0,0,0,0,5.1546E+20,5.86452E+21,9.23E+15,5.29301E+16
24452,3,1,59,16,2018,11,10,2,3,2,2,0,0,1,0,0,0,0,0,5.65377E+20,5.71028E+21,9.9427E+15,5.15398E+16
24453,3,1,58,37,2018,11,17,5,3,0,2,2,1,1,0,0,0,0,0,6.04825E+20,5.77965E+21,1.05324E+16,5.21574E+16
24454,3,1,59,17,2018,11,13,4,3,2,6,0,0,1,0,0,1,0,0,5.45626E+20,5.69191E+21,9.65555E+15,5.13766E+16
24455,3,3,52,32,2018,11,12,7,3,2,6,0,0,1,0,0,1,0,0,4.79794E+20,5.92572E+21,8.69553E+15,5.34801E+16
24456,3,2,41,11,2018,11,16,3,3,0,4,1,0,1,1,0,0,0,0,5.72112E+20,5.80553E+21,1.00598E+16,5.23953E+16
24457,3,4,1,0,2018,11,11,4,3,5,2,0,1,1,0,0,0,0,0,4.7408E+20,5.87781E+21,8.61333E+15,5.30492E+16
24458,3,3,58,15,2018,11,16,6,2,8,1,0,0,1,0,0,0,0,0,5.45586E+20,5.82938E+21,9.67326E+15,5.26125E+16
24459,3,4,54,41,2018,11,4,7,3,9,1,2,0,1,0,0,0,0,2,3.92317E+20,5.87703E+21,7.39419E+15,5.30319E+16
24460,3,1,59,10,2018,11,9,1,3,5,3,0,1,1,0,0,0,0,1,5.85683E+20,5.70816E+21,1.02349E+16,5.15181E+16
24461,3,4,51,8,2018,11,8,5,2,5,3,0,1,1,0,0,0,0,1,4.36877E+20,5.89672E+21,8.05468E+15,5.3216E+16
24462,3,3,53,11,2018,11,6,7,3,2,6,2,0,1,0,0,0,0,0,5.71879E+20,5.8984E+21,1.00768E+16,5.323E+16
24463,3,4,62,5,2018,11,11,2,3,5,3,0,1,1,0,0,0,0,1,4.2406E+20,5.92118E+21,7.85691E+15,5.34342E+16
24464,3,1,58,39,2018,11,6,6,3,2,5,2,0,1,0,0,0,0,1,6.0454E+20,5.76503E+21,1.05237E+16,5.2026E+16
24465,3,2,41,16,2018,11,15,7,3,0,6,0,0,1,0,0,0,0,0,5.61194E+20,5.79373E+21,9.89722E+15,5.22905E+16
24466,3,3,58,21,2018,11,15,5,3,2,6,1,0,1,0,0,0,0,1,5.62609E+20,5.87276E+21,9.93295E+15,5.30008E+16
24467,3,2,51,47,2018,11,18,6,1,5,3,2,1,1,0,0,0,0,0,4.91818E+20,5.87337E+21,8.87805E+15,5.30098E+16
24468,3,4,54,35,2018,12,7,5,3,2,6,2,0,1,0,0,0,0,1,3.85261E+20,5.83764E+21,7.30288E+15,5.26765E+16
24469,3,2,55,23,2018,11,17,1,3,8,1,2,0,1,0,0,0,0,1,5.30365E+20,5.73745E+21,9.44022E+15,5.17871E+16
24470,3,2,41,1,2018,12,7,2,3,2,6,1,0,1,0,0,0,0,1,5.49845E+20,5.80394E+21,9.73234E+15,5.23834E+16
24471,3,2,51,42,2018,12,16,2,2,8,1,2,0,1,0,0,0,0,1,4.669E+20,5.84833E+21,8.50923E+15,5.27837E+16
24472,3,4,55,26,2018,12,3,1,3,8,1,2,0,1,0,0,0,0,1,4.40996E+20,5.91886E+21,8.11223E+15,5.34155E+16
24473,3,4,59,30,2018,12,14,7,3,2,6,0,0,1,0,0,0,0,1,4.29442E+20,5.83728E+21,7.95629E+15,5.26809E+16
24474,3,3,53,40,2018,11,17,4,3,0,3,2,0,1,0,0,0,0,0,5.80803E+20,5.91055E+21,1.02136E+16,5.33379E+16
24475,3,1,2,0,2018,11,20,6,3,5,3,2,1,1,0,0,0,0,0,5.9361E+20,5.77294E+21,1.03666E+16,5.20991E+16
24476,3,2,41,20,2018,12,17,5,3,2,2,2,0,1,0,0,0,0,1,5.39166E+20,5.79146E+21,9.574E+15,5.22721E+16
24477,3,1,1,0,2018,12,11,4,3,2,6,0,0,1,0,0,0,0,0,6.03158E+20,5.79627E+21,1.05131E+16,5.23071E+16
24478,3,2,52,6,2018,11,13,1,3,8,1,0,0,1,0,0,0,0,1,5.29082E+20,5.77442E+21,9.42475E+15,5.21195E+16
24479,3,2,51,37,2018,12,14,7,3,2,2,0,0,1,0,0,0,0,0,4.82891E+20,5.87013E+21,8.74517E+15,5.29805E+16
24480,3,3,53,21,2018,12,21,6,3,7,7,2,0,1,0,0,0,1,1,5.5129E+20,5.9075E+21,9.76988E+15,5.33142E+16
24481,3,1,59,30,2018,12,12,7,3,8,1,0,0,1,0,0,0,0,1,5.86988E+20,5.71609E+21,1.02557E+16,5.15892E+16
24482,3,1,58,39,2018,11,20,1,3,9,1,2,0,1,0,0,0,0,1,6.02712E+20,5.76553E+21,1.04972E+16,5.20308E+16
24483,3,4,56,23,2018,12,8,3,3,8,1,0,0,1,0,0,0,0,2,3.57179E+20,5.81984E+21,6.89547E+15,5.251E+16
24484,3,4,55,26,2018,11,9,3,3,5,2,0,1,1,0,0,0,0,0,4.43023E+20,5.91713E+21,8.14304E+15,5.34002E+16
24485,3,4,52,1,2018,12,15,4,3,2,6,0,0,1,0,0,0,0,0,4.00737E+20,5.92324E+21,7.50531E+15,5.34488E+16
24486,3,2,57,3,2018,12,19,3,2,3,6,2,0,1,0,0,0,0,0,5.20454E+20,5.78924E+21,9.29964E+15,5.22531E+16
24487,3,1,51,11,2018,11,7,1,3,9,1,2,0,1,0,0,0,0,1,6.07591E+20,5.84166E+21,1.05928E+16,5.27141E+16
24488,3,3,61,9,2018,12,21,3,3,2,6,2,0,1,0,0,0,1,1,5.0328E+20,5.87824E+21,9.04894E+15,5.30536E+16
24489,3,2,41,16,2018,12,15,2,3,2,6,0,0,1,0,0,0,0,1,5.63237E+20,5.79978E+21,9.9283E+15,5.23447E+16