OBJECTID_1,ULAND,UREGBEZ,UKREIS,UGEMEINDE,UJAHR,UMONAT,USTUNDE,UWOCHENTAG,UKATEGORIE,UART,UTYP1,ULICHTVERH,IstRad,IstPKW,IstFuss,IstKrad,IstGkfz,IstSonstig,STRZUSTAND,LINREFX,LINREFY,XGCSWGS84,YGCSWGS84
24678,3,3,59,23,2018,12,17,6,2,8,1,2,0,0,0,1,0,0,1,5.37931E+20,5.92305E+21,9.57123E+15,5.34551E+16
24679,3,1,59,10,2018,12,9,7,3,9,1,0,0,1,0,0,0,0,1,5.90434E+20,5.71208E+21,1.03044E+16,5.15525E+16
24680,3,1,51,17,2018,11,7,7,3,9,1,2,0,1,0,0,0,0,1,5.91133E+20,5.81527E+21,1.03419E+16,5.248E+16
24681,3,4,54,14,2018,12,7,3,3,2,6,0,0,1,0,0,0,0,1,3.81691E+20,5.82891E+21,7.25323E+15,5.25973E+16
24682,3,4,3,0,2018,11,7,3,3,5,3,2,1,1,0,0,0,0,0,4.46311E+20,5.88836E+21,8.19735E+15,5.31419E+16
24683,3,4,53,7,2018,12,17,4,3,2,6,2,0,1,0,0,0,0,1,4.27889E+20,5.86828E+21,7.92648E+15,5.29593E+16
24684,3,2,41,1,2018,12,9,3,3,2,6,0,0,1,0,0,0,0,1,5.55258E+20,5.79675E+21,9.81069E+15,5.23183E+16
24685,3,4,59,8,2018,11,13,6,3,5,3,0,0,1,0,0,0,0,0,4.41072E+20,5.79923E+21,8.13504E+15,5.23402E+16
24686,3,4,61,5,2018,12,16,3,2,4,1,2,0,1,0,0,1,0,0,4.51134E+20,5.91463E+21,8.26541E+15,5.33785E+16
24687,3,1,58,37,2018,11,15,2,3,5,3,0,1,1,0,0,0,0,0,6.03719E+20,5.78005E+21,1.05163E+16,5.21612E+16
24688,3,2,57,3,2018,12,20,2,3,8,1,2,0,1,0,0,0,0,1,5.15418E+20,5.78595E+21,9.22571E+15,5.22238E+16
24689,3,4,59,14,2018,11,11,6,2,2,6,0,0,1,0,0,0,0,0,4.34118E+20,5.80766E+21,8.03133E+15,5.24152E+16
24690,3,2,52,6,2018,12,9,6,3,5,3,0,1,1,0,0,0,0,1,5.26565E+20,5.77255E+21,9.38785E+15,5.21028E+16
24691,3,4,4,0,2018,11,9,1,3,2,6,0,0,1,0,0,0,0,1,4.34562E+20,5.79173E+21,8.04096E+15,5.2272E+16
24692,3,3,61,3,2018,12,21,6,3,8,1,2,0,1,0,0,0,0,1,5.19902E+20,5.85736E+21,9.29564E+15,5.28656E+16
24693,3,4,59,19,2018,11,13,6,2,3,7,0,0,1,0,0,0,1,0,4.38704E+20,5.78408E+21,8.10304E+15,5.22037E+16
24694,3,4,54,8,2018,11,16,2,3,2,2,2,0,1,0,0,0,0,0,3.92094E+20,5.8702E+21,7.39316E+15,5.29705E+16
24695,3,3,61,9,2018,12,7,2,3,2,6,2,0,1,0,0,0,0,1,5.0214E+20,5.87793E+21,9.03192E+15,5.30508E+16
24696,3,4,4,0,2018,12,16,2,2,3,6,1,0,1,0,0,0,0,1,4.32654E+20,5.79436E+21,8.01248E+15,5.22955E+16
24697,3,3,61,1,2018,11,7,2,3,2,6,2,0,1,0,0,0,0,0,4.99424E+20,5.87639E+21,8.9914E+15,5.30371E+16
24698,3,3,58,22,2018,12,9,1,2,9,1,0,0,1,0,0,0,0,1,5.422E+20,5.8468E+21,9.6255E+15,5.27694E+16
24699,3,1,55,10,2018,11,14,5,2,4,1,0,0,1,0,0,0,0,0,5.6464E+20,5.72102E+21,9.93405E+15,5.16364E+16
24700,3,2,41,1,2018,11,16,6,3,2,6,1,0,1,0,0,0,0,0,5.42439E+20,5.80851E+21,9.62413E+15,5.24251E+16
24701,3,4,51,5,2018,12,13,5,3,5,3,0,1,1,0,0,0,0,1,4.46401E+20,5.90038E+21,8.19668E+15,5.325E+16
24702,3,2,41,1,2018,12,11,4,3,2,6,0,0,1,0,0,0,1,0,5.59179E+20,5.80151E+21,9.86904E+15,5.23607E+16
24703,3,4,4,0,2018,11,9,6,2,2,2,0,0,1,0,0,0,0,0,4.39048E+20,5.78912E+21,8.10717E+15,5.22491E+16
24704,3,1,59,3,2018,12,10,2,3,1,5,0,0,1,0,0,0,0,0,6.01759E+20,5.72098E+21,1.04702E+16,5.16306E+16
24705,3,2,57,3,2018,12,6,1,3,7,7,2,0,1,0,0,0,0,0,5.14784E+20,5.78574E+21,9.21642E+15,5.22219E+16
24706,3,4,59,8,2018,11,1,2,3,1,5,2,0,1,0,0,0,0,0,4.40279E+20,5.79532E+21,8.1241E+15,5.2305E+16
24707,3,1,59,16,2018,11,7,2,3,2,6,0,0,1,0,0,0,0,0,5.61148E+20,5.71212E+21,9.88204E+15,5.15568E+16
24708,3,4,53,4,2018,12,7,2,3,5,3,1,0,1,0,1,0,0,1,4.38679E+20,5.85449E+21,8.08969E+15,5.28366E+16
24709,3,1,1,0,2018,12,7,3,3,2,6,2,0,1,0,0,1,0,0,6.01718E+20,5.79772E+21,1.04924E+16,5.23203E+16
24710,3,4,53,11,2018,12,20,1,2,5,2,2,0,1,0,0,0,0,1,4.17032E+20,5.84531E+21,7.77073E+15,5.27513E+16
24711,3,2,41,19,2018,11,17,5,3,0,2,2,0,1,1,0,0,0,1,5.49214E+20,5.82211E+21,9.72576E+15,5.25468E+16
24712,3,3,60,4,2018,11,18,6,3,5,3,2,0,1,0,0,0,0,0,5.97438E+20,5.89041E+21,1.04571E+16,5.31542E+16
24713,3,4,60,6,2018,12,12,5,2,4,6,0,0,1,0,0,1,0,1,4.475E+20,5.83721E+21,8.22339E+15,5.26822E+16
24714,3,3,58,21,2018,12,7,4,2,5,3,2,1,1,0,0,0,0,2,5.64668E+20,5.87405E+21,9.96389E+15,5.30121E+16
24715,3,4,60,3,2018,11,16,6,3,5,3,1,1,1,0,0,0,0,0,4.41172E+20,5.83348E+21,8.13046E+15,5.26481E+16
24716,3,2,41,8,2018,12,9,2,2,9,1,0,0,1,0,0,0,0,1,5.60441E+20,5.80877E+21,9.88888E+15,5.24258E+16
24717,3,3,59,17,2018,12,17,2,2,4,2,2,0,1,0,0,0,0,1,5.25453E+20,5.93561E+21,9.38434E+15,5.35687E+16
24718,3,4,58,5,2018,12,18,1,3,5,3,2,0,1,0,0,0,0,1,4.68538E+20,5.87577E+21,8.53086E+15,5.30306E+16
24719,3,4,62,19,2018,12,21,7,3,9,1,2,0,1,0,0,0,0,1,4.14855E+20,5.93125E+21,7.71566E+15,5.35233E+16
24720,3,3,55,5,2018,11,17,4,3,2,6,2,0,1,0,0,0,0,0,6.02257E+20,5.89882E+21,1.05319E+16,5.32288E+16
24721,3,4,59,19,2018,11,5,5,3,5,3,2,1,1,0,0,0,0,1,4.34319E+20,5.78509E+21,8.03869E+15,5.22124E+16
24722,3,2,41,1,2018,12,7,5,3,2,6,1,0,1,0,0,0,0,0,5.52388E+20,5.80882E+21,9.77047E+15,5.2427E+16
24723,3,4,54,33,2018,12,22,3,3,9,7,2,0,1,0,0,0,0,0,4.09091E+20,5.86296E+21,7.6482E+15,5.29086E+16
24724,3,4,60,2,2018,11,13,6,2,5,3,0,1,1,0,0,0,0,0,4.44791E+20,5.81859E+21,8.18642E+15,5.25146E+16
24725,3,3,59,22,2018,12,12,7,2,8,1,0,0,1,0,0,0,0,0,5.24378E+20,5.94243E+21,9.36865E+15,5.36301E+16
24726,3,3,57,17,2018,12,18,6,3,5,3,2,0,1,0,0,0,0,1,5.29361E+20,5.90453E+21,9.44045E+15,5.32892E+16
24727,3,4,59,24,2018,12,5,6,3,2,6,2,0,1,0,0,0,0,1,4.54925E+20,5.78161E+21,8.34072E+15,5.21831E+16
24728,3,4,55,7,2018,11,8,6,2,3,2,0,1,1,0,0,0,0,0,4.26796E+20,5.93652E+21,7.89451E+15,5.35724E+16
24729,3,3,53,40,2018,11,18,3,3,5,3,2,0,1,0,0,0,0,0,5.80766E+20,5.91376E+21,1.02138E+16,5.33668E+16
24730,3,4,51,2,2018,12,14,4,3,5,3,0,0,1,0,0,0,1,0,4.3096E+20,5.89655E+21,7.96612E+15,5.32138E+16
24731,3,2,57,24,2018,12,17,3,3,8,6,2,0,1,0,0,0,0,0,5.25599E+20,5.79024E+21,9.37508E+15,5.2262E+16
24732,3,3,61,8,2018,11,8,6,2,8,7,0,1,0,0,0,0,0,0,5.09754E+20,5.88432E+21,9.14571E+15,5.31082E+16
24733,3,3,59,10,2018,12,17,3,3,2,6,2,0,1,0,0,0,0,1,5.48678E+20,5.92305E+21,9.73307E+15,5.34542E+16
24734,3,1,2,0,2018,11,14,2,2,8,7,0,0,1,0,0,0,0,0,5.90661E+20,5.77837E+21,1.0325E+16,5.21483E+16
24735,3,1,55,3,2018,12,17,2,3,0,1,2,0,1,0,0,0,0,1,5.48985E+20,5.74107E+21,9.71067E+15,5.18183E+16
24736,3,3,56,8,2018,11,17,5,3,2,2,2,0,1,0,0,0,0,1,4.83066E+20,5.89326E+21,8.74656E+15,5.31884E+16
24737,3,4,59,3,2018,11,10,6,3,5,3,0,0,1,0,0,0,0,0,4.62349E+20,5.79568E+21,8.44773E+15,5.23101E+16
24738,3,1,53,7,2018,12,7,6,3,2,5,2,0,1,0,0,0,0,1,5.95152E+20,5.7532E+21,1.03836E+16,5.19214E+16
24739,3,4,51,8,2018,12,7,6,3,5,3,2,0,1,0,0,0,0,1,4.37232E+20,5.89703E+21,8.05993E+15,5.32188E+16
24740,3,3,61,5,2018,11,22,6,3,8,7,2,0,0,0,0,0,1,0,5.27136E+20,5.86632E+21,9.40385E+15,5.29458E+16
24741,3,4,62,19,2018,11,14,2,3,4,6,0,0,1,0,0,1,0,0,4.17309E+20,5.92789E+21,7.75356E+15,5.34935E+16
24742,3,4,51,2,2018,12,7,2,3,5,3,2,1,1,0,0,0,0,1,4.32927E+20,5.89268E+21,7.99638E+15,5.31792E+16
24743,3,4,54,41,2018,12,5,2,3,2,6,2,0,1,0,0,0,0,1,3.91379E+20,5.88248E+21,7.37837E+15,5.30808E+16
24744,3,3,58,8,2018,11,11,2,3,6,2,0,0,1,1,0,0,0,1,5.46581E+20,5.85756E+21,9.69195E+15,5.28658E+16
24745,3,2,41,1,2018,12,8,1,3,8,1,2,0,1,0,0,0,1,1,5.55245E+20,5.80583E+21,9.81199E+15,5.23999E+16
24746,3,1,57,6,2018,11,16,5,2,8,1,2,0,1,0,0,0,0,1,5.89064E+20,5.79863E+21,1.0307E+16,5.23307E+16
24747,3,2,41,1,2018,11,17,6,2,6,4,2,0,1,1,0,0,0,0,5.47321E+20,5.80293E+21,9.69513E+15,5.23746E+16
24748,3,3,53,34,2018,12,19,5,3,6,7,2,0,1,1,0,0,0,1,5.73351E+20,5.90074E+21,1.00994E+16,5.32509E+16
24749,3,2,41,9,2018,12,9,4,2,5,2,0,1,1,0,0,0,0,0,5.53747E+20,5.79671E+21,9.78852E+15,5.23181E+16
24750,3,4,51,4,2018,11,6,6,1,6,4,2,0,1,1,0,0,0,0,4.39446E+20,5.8865E+21,8.09508E+15,5.31245E+16
24751,3,1,53,12,2018,12,15,2,3,9,6,0,0,1,0,0,0,0,0,5.78494E+20,5.75604E+21,1.01421E+16,5.19495E+16
24752,3,2,55,30,2018,12,15,1,3,8,1,0,0,1,0,0,0,0,1,5.39537E+20,5.74923E+21,9.57455E+15,5.18924E+16
24753,3,3,53,40,2018,12,18,7,3,2,6,2,0,1,0,0,0,0,1,5.81225E+20,5.91132E+21,1.02201E+16,5.33447E+16
24754,3,1,53,17,2018,11,16,4,3,3,6,1,0,1,0,0,1,0,0,5.96625E+20,5.75312E+21,1.0405E+16,5.19204E+16
24755,3,4,54,12,2018,11,16,5,2,4,2,1,0,1,0,0,0,0,1,4.01985E+20,5.81463E+21,7.55697E+15,5.24731E+16
24756,3,1,53,8,2018,12,16,5,2,4,6,2,0,1,0,0,0,1,0,6.02012E+20,5.76432E+21,1.04867E+16,5.20202E+16
24757,3,4,51,5,2018,12,19,3,3,7,7,2,0,1,0,0,1,0,0,4.48677E+20,5.89517E+21,8.23162E+15,5.32034E+16
24758,3,4,61,6,2018,11,6,6,3,5,3,2,0,1,0,0,0,0,0,4.74378E+20,5.88715E+21,8.61703E+15,5.31332E+16
24759,3,3,51,6,2018,12,22,7,3,2,6,2,0,1,0,0,0,0,0,5.732E+20,5.83124E+21,1.00814E+16,5.26262E+16
24760,3,2,41,13,2018,12,17,6,3,2,6,1,0,1,0,0,0,0,1,5.54877E+20,5.79202E+21,9.80432E+15,5.22758E+16
24761,3,4,4,0,2018,12,11,6,3,5,3,0,0,1,0,0,0,0,1,4.37045E+20,5.79041E+21,8.0776E+15,5.22605E+16
24762,3,4,58,5,2018,11,7,6,3,5,7,1,0,1,0,0,0,0,0,4.68532E+20,5.87577E+21,8.53077E+15,5.30306E+16
24763,3,2,41,5,2018,11,21,3,3,5,2,2,1,1,0,0,0,0,0,5.41581E+20,5.80976E+21,9.61166E+15,5.24364E+16
24764,3,3,52,32,2018,12,14,4,3,2,6,0,0,1,0,0,0,0,1,4.75385E+20,5.92749E+21,8.62895E+15,5.34958E+16
24765,3,4,59,8,2018,12,6,2,3,2,6,2,0,1,0,0,0,0,1,4.38796E+20,5.79922E+21,8.10164E+15,5.23399E+16
24766,3,4,3,0,2018,12,11,7,2,3,6,0,0,1,0,0,0,0,1,4.45586E+20,5.8897E+21,8.18628E+15,5.31539E+16
24767,3,2,54,8,2018,11,15,4,3,5,3,0,0,1,0,0,0,0,0,5.75383E+20,5.76341E+21,1.00985E+16,5.20162E+16
24768,3,4,57,13,2018,11,9,5,3,3,2,0,1,1,0,0,0,0,1,3.98621E+20,5.89958E+21,7.48103E+15,5.32358E+16
24769,3,2,54,22,2018,12,3,5,2,2,6,2,0,0,0,0,0,1,1,5.80977E+20,5.77129E+21,1.01819E+16,5.20863E+16
24770,3,4,53,8,2018,12,17,3,3,2,6,2,0,1,0,0,0,0,0,4.33404E+20,5.86123E+21,8.01001E+15,5.28966E+16
24771,3,4,1,0,2018,11,13,6,3,2,6,0,0,1,0,0,0,0,0,4.74751E+20,5.87898E+21,8.62325E+15,5.30597E+16
24772,3,3,57,13,2018,12,22,7,3,3,6,2,0,1,0,0,0,0,0,5.22906E+20,5.89812E+21,9.34316E+15,5.32319E+16
24773,3,3,54,4,2018,12,14,6,3,8,1,0,0,1,0,0,0,0,1,6.41438E+20,5.88798E+21,1.11137E+16,5.31225E+16
24774,3,4,59,2,2018,12,17,6,3,5,3,2,0,1,0,0,0,0,1,4.21295E+20,5.82332E+21,7.83913E+15,5.25542E+16
24775,3,3,52,60,2018,11,15,6,3,2,6,0,0,1,0,0,0,0,0,4.75659E+20,5.91192E+21,8.63428E+15,5.33559E+16
24776,3,3,51,4,2018,11,8,3,3,9,6,0,0,1,0,0,0,0,0,5.69322E+20,5.8471E+21,1.00275E+16,5.27693E+16
24777,3,2,51,37,2018,12,11,4,2,5,3,0,0,1,0,0,0,0,0,4.86498E+20,5.87485E+21,8.79871E+15,5.3023E+16
24778,3,1,58,37,2018,12,17,3,3,4,2,2,0,1,0,0,0,0,0,6.02003E+20,5.77723E+21,1.04904E+16,5.21362E+16
24779,3,3,58,22,2018,11,12,6,3,2,2,0,0,1,0,0,0,0,0,5.40232E+20,5.85603E+21,9.59746E+15,5.28525E+16
24780,3,3,51,6,2018,12,17,3,3,5,2,2,0,1,0,0,0,0,0,5.76278E+20,5.8348E+21,1.01277E+16,5.26578E+16
24781,3,1,59,10,2018,12,14,2,3,9,1,0,0,1,0,0,0,0,1,5.90441E+20,5.71209E+21,1.03045E+16,5.15526E+16
24782,3,4,3,0,2018,11,16,5,2,5,3,2,0,1,0,1,0,0,1,4.43278E+20,5.88832E+21,8.15201E+15,5.31412E+16
24783,3,4,60,3,2018,11,23,6,3,8,1,2,0,1,0,0,0,0,1,4.40679E+20,5.83209E+21,8.12342E+15,5.26356E+16
24784,3,4,59,24,2018,12,13,5,2,2,2,0,0,1,0,0,0,0,1,4.48681E+20,5.783E+21,8.24919E+15,5.21951E+16
24785,3,2,51,5,2018,12,7,6,3,5,3,2,1,1,0,0,0,0,1,4.6633E+20,5.84011E+21,8.50163E+15,5.27099E+16
24786,3,3,55,24,2018,11,17,6,3,2,6,2,0,1,0,0,0,0,0,5.93946E+20,5.89347E+21,1.04058E+16,5.31823E+16
24787,3,3,61,9,2018,11,14,2,3,9,1,0,0,1,0,0,0,0,0,4.98104E+20,5.87877E+21,8.97171E+15,5.30584E+16
24788,3,4,58,10,2018,12,7,2,3,8,1,2,0,1,0,0,0,0,1,4.60327E+20,5.88552E+21,8.40723E+15,5.31176E+16
24789,3,4,60,6,2018,12,18,2,3,5,3,2,0,1,0,0,1,0,1,4.44482E+20,5.83475E+21,8.17917E+15,5.26598E+16
24790,3,3,55,19,2018,11,8,2,3,2,6,0,0,1,0,0,0,0,1,6.0391E+20,5.9135E+21,1.05614E+16,5.33604E+16
24791,3,2,54,41,2018,12,13,1,3,9,1,0,0,1,0,0,0,0,1,5.48734E+20,5.76127E+21,9.70989E+15,5.19999E+16
24792,3,4,54,8,2018,11,5,4,3,4,2,2,0,1,0,0,1,0,0,3.88976E+20,5.86959E+21,7.34694E+15,5.29644E+16
24793,3,1,55,1,2018,11,7,6,3,5,3,1,0,1,0,0,0,0,1,5.71147E+20,5.74987E+21,1.0034E+16,5.1895E+16
24794,3,3,58,23,2018,12,11,5,3,5,3,0,1,1,0,0,0,0,1,5.65522E+20,5.86369E+21,9.97452E+15,5.29189E+16
24795,3,2,57,31,2018,12,10,4,3,2,6,0,0,1,0,0,1,0,0,5.08842E+20,5.78374E+21,9.12938E+15,5.22041E+16
24796,3,3,55,16,2018,11,13,6,3,2,2,0,0,1,0,0,0,0,0,5.88931E+20,5.89395E+21,1.0331E+16,5.31874E+16
24797,3,1,58,4,2018,12,18,2,3,5,3,1,0,1,0,0,0,0,1,5.83202E+20,5.77989E+21,1.02164E+16,5.21633E+16
24798,3,4,4,0,2018,12,8,7,3,8,1,0,1,0,0,0,0,0,0,4.35352E+20,5.79217E+21,8.05245E+15,5.22761E+16
24799,3,3,57,49,2018,12,13,7,3,8,1,0,0,1,0,0,0,1,1,5.4412E+20,5.89623E+21,9.6607E+15,5.32135E+16
24800,3,4,59,14,2018,11,17,3,3,2,6,2,0,1,0,0,0,0,0,4.34788E+20,5.80441E+21,8.04181E+15,5.23861E+16
24801,3,4,59,2,2018,12,14,4,3,2,2,0,0,1,0,0,0,0,0,4.22242E+20,5.82168E+21,7.85348E+15,5.25397E+16
24802,3,2,51,44,2018,12,7,3,3,2,2,1,0,1,0,0,0,0,0,4.71692E+20,5.82248E+21,8.58249E+15,5.25517E+16
24803,3,2,41,1,2018,11,16,6,3,2,6,2,0,1,0,0,0,0,0,5.44315E+20,5.80745E+21,9.65157E+15,5.24155E+16
24804,3,3,60,25,2018,12,9,2,3,4,7,0,0,1,0,0,0,0,1,6.08719E+20,5.86851E+21,1.06184E+16,5.29552E+16
24805,3,2,41,2,2018,12,14,7,3,6,7,0,0,1,1,0,0,0,0,5.31697E+20,5.79499E+21,9.46487E+15,5.23044E+16
24806,3,4,51,2,2018,11,18,1,3,2,6,2,0,1,0,0,0,0,0,4.39948E+20,5.89372E+21,8.10123E+15,5.31894E+16
24807,3,2,41,1,2018,12,7,6,3,6,2,1,0,1,1,0,0,0,1,5.45662E+20,5.80381E+21,9.67088E+15,5.23827E+16
24808,3,2,55,36,2018,11,11,2,3,9,1,0,0,1,0,0,0,0,0,5.45816E+20,5.74758E+21,9.66556E+15,5.18771E+16
24809,3,4,54,39,2018,12,17,6,3,0,3,2,1,1,0,0,0,0,1,3.84507E+20,5.85774E+21,7.28465E+15,5.2857E+16
24810,3,2,41,1,2018,11,14,6,3,2,6,0,0,1,0,0,0,0,0,5.47591E+20,5.79993E+21,9.69867E+15,5.23476E+16
24811,3,2,55,2,2018,11,14,3,3,2,6,0,0,1,0,0,0,0,0,5.36654E+20,5.74636E+21,9.53234E+15,5.18668E+16
24812,3,4,54,51,2018,12,21,2,2,9,1,2,0,1,0,0,0,0,1,3.96975E+20,5.873E+21,7.4649E+15,5.29967E+16
24813,3,2,41,4,2018,12,11,3,2,6,4,0,0,1,1,0,0,0,1,5.58421E+20,5.81618E+21,9.86047E+15,5.24926E+16
24814,3,4,59,13,2018,12,18,1,3,5,2,2,0,1,0,0,0,0,1,4.53224E+20,5.80669E+21,8.31235E+15,5.24084E+16
24815,3,3,59,23,2018,11,7,5,3,2,6,1,0,1,0,0,0,0,1,5.33202E+20,5.92267E+21,9.49998E+15,5.3452E+16
24816,3,4,51,4,2018,11,10,6,3,2,6,0,0,1,0,0,0,1,1,4.38359E+20,5.88303E+21,8.0795E+15,5.30932E+16
24817,3,4,54,18,2018,12,17,5,3,2,6,2,0,1,0,1,0,0,1,3.80563E+20,5.85044E+21,7.22877E+15,5.27906E+16
24818,3,2,41,1,2018,11,5,6,3,2,6,2,0,1,0,0,0,0,0,5.4866E+20,5.79981E+21,9.71435E+15,5.23464E+16
24819,3,2,41,1,2018,12,16,2,3,4,6,2,1,0,0,0,0,0,0,5.53278E+20,5.79756E+21,9.78177E+15,5.23258E+16
24820,3,4,51,2,2018,12,19,2,3,7,7,2,0,1,0,0,0,0,1,4.31121E+20,5.89672E+21,7.9685E+15,5.32153E+16
24821,3,4,52,14,2018,12,4,1,3,9,1,2,0,1,0,0,0,0,1,3.76042E+20,5.92565E+21,7.1327E+15,5.34652E+16
24822,3,4,59,19,2018,12,20,7,3,2,6,2,0,1,0,0,0,0,1,4.36297E+20,5.78626E+21,8.06742E+15,5.2223E+16
24823,3,2,41,21,2018,11,16,6,2,8,1,1,0,1,0,0,0,0,0,5.33958E+20,5.80832E+21,9.49939E+15,5.2424E+16
24824,3,2,41,4,2018,12,17,3,3,6,4,2,0,1,1,0,0,0,0,5.58292E+20,5.81524E+21,9.85841E+15,5.24842E+16
24825,3,1,57,6,2018,12,5,2,3,5,2,2,0,1,0,0,0,0,0,5.84367E+20,5.79935E+21,1.02383E+16,5.23379E+16
24826,3,4,58,8,2018,11,8,5,3,2,6,0,0,1,0,0,0,0,1,4.76154E+20,5.87093E+21,8.64478E+15,5.29874E+16
24827,3,3,61,1,2018,11,5,6,3,5,3,2,0,1,0,0,0,0,0,5.04391E+20,5.87461E+21,9.06546E+15,5.3021E+16
24828,3,4,57,14,2018,12,20,5,2,0,2,2,1,0,0,0,0,0,1,4.00883E+20,5.91008E+21,7.51164E+15,5.33306E+16
24829,3,2,41,3,2018,11,7,6,1,5,2,1,1,0,0,0,1,0,0,5.6882E+20,5.81156E+21,1.00127E+16,5.24499E+16
24830,3,3,52,11,2018,12,15,2,3,8,1,1,0,1,0,0,0,0,1,4.84548E+20,5.96298E+21,8.76531E+15,5.38151E+16
24831,3,3,56,9,2018,12,7,2,3,8,1,2,0,1,0,0,0,0,1,4.76253E+20,5.89414E+21,8.64454E+15,5.3196E+16
24832,3,2,41,1,2018,11,4,2,3,9,1,2,0,1,0,0,0,0,1,5.57512E+20,5.80745E+21,9.84558E+15,5.24143E+16
24833,3,4,57,21,2018,12,18,1,3,7,7,2,1,0,0,0,0,1,1,3.88762E+20,5.89234E+21,7.3359E+15,5.31688E+16
24834,3,1,58,39,2018,12,13,1,3,9,1,0,0,1,0,0,0,0,1,6.08608E+20,5.76479E+21,1.05829E+16,5.20231E+16
24835,3,2,51,26,2018,11,16,4,3,5,3,1,1,1,0,0,0,0,0,5.0409E+20,5.85849E+21,9.06076E+15,5.28761E+16
24836,3,1,59,23,2018,11,13,6,3,9,1,0,0,1,0,0,0,0,1,5.75898E+20,5.7112E+21,1.00946E+16,5.15468E+16
24837,3,3,57,18,2018,12,7,5,3,2,6,2,0,1,0,0,0,1,1,5.19376E+20,5.8942E+21,9.29005E+15,5.31968E+16
24838,3,1,59,15,2018,12,20,4,3,9,1,2,0,1,0,0,0,0,1,5.70813E+20,5.7015E+21,1.00193E+16,5.14602E+16
24839,3,2,57,31,2018,11,16,6,3,2,6,2,0,1,0,0,0,0,0,5.05786E+20,5.78004E+21,9.08461E+15,5.21708E+16
24840,3,1,1,0,2018,12,17,2,3,2,6,2,0,1,0,0,0,0,0,6.03993E+20,5.78848E+21,1.05229E+16,5.22369E+16
24841,3,4,62,4,2018,12,19,7,3,2,2,2,0,1,0,0,0,0,1,3.96356E+20,5.9357E+21,7.43524E+15,5.35599E+16
24842,3,3,52,62,2018,12,16,6,3,8,1,2,0,1,0,0,0,0,1,4.77362E+20,5.94755E+21,8.65729E+15,5.36762E+16
24843,3,2,41,11,2018,12,11,7,3,2,6,0,0,1,0,0,0,0,0,5.65514E+20,5.80488E+21,9.96271E+15,5.23902E+16
24844,3,2,54,22,2018,11,9,6,3,9,1,0,0,1,0,0,0,0,1,5.77995E+20,5.76762E+21,1.01375E+16,5.20537E+16
24845,3,4,59,24,2018,12,11,3,3,8,1,0,0,1,0,0,0,0,0,4.55309E+20,5.77839E+21,8.34676E+15,5.21542E+16
24846,3,4,57,14,2018,11,8,3,3,5,3,0,0,1,0,0,0,1,0,4.00348E+20,5.90764E+21,7.50437E+15,5.33086E+16
24847,3,4,57,13,2018,12,15,4,3,8,1,0,0,1,0,0,0,0,1,3.9898E+20,5.89783E+21,7.48696E+15,5.32202E+16
24848,3,3,59,24,2018,12,1,3,3,9,1,2,0,1,0,0,0,0,1,5.21564E+20,5.93342E+21,9.32547E+15,5.35492E+16
24849,3,2,55,2,2018,11,17,6,3,9,1,2,0,0,0,0,0,1,1,5.32972E+20,5.74806E+21,9.47903E+15,5.18823E+16
24850,3,3,56,11,2018,12,16,3,3,5,3,2,0,1,1,0,0,0,0,4.95281E+20,5.89696E+21,8.92932E+15,5.32219E+16
24851,3,2,41,1,2018,12,16,2,3,2,6,2,0,1,0,0,0,0,1,5.48688E+20,5.80334E+21,9.71526E+15,5.23781E+16
24852,3,2,41,1,2018,12,11,7,3,3,6,0,0,1,0,0,1,0,0,5.44104E+20,5.80842E+21,9.64859E+15,5.24242E+16
24853,3,4,60,6,2018,11,13,1,3,3,6,0,0,1,0,0,0,0,0,4.44143E+20,5.83884E+21,8.17346E+15,5.26966E+16
24854,3,2,57,35,2018,12,13,6,3,2,6,0,0,1,0,0,0,0,1,5.12962E+20,5.79528E+21,9.19012E+15,5.23077E+16
24855,3,4,53,1,2018,12,7,6,3,5,2,2,1,1,0,0,0,0,1,4.16122E+20,5.89177E+21,7.74523E+15,5.31686E+16
24856,3,1,59,16,2018,11,19,6,3,3,6,2,0,1,0,0,1,0,0,5.60987E+20,5.70908E+21,9.87919E+15,5.15295E+16
24857,3,1,2,0,2018,11,10,3,3,0,7,0,0,1,0,0,0,0,1,5.914E+20,5.77956E+21,1.03361E+16,5.21589E+16
24858,3,4,53,1,2018,12,17,2,3,6,4,2,0,1,1,0,0,0,1,4.16135E+20,5.89174E+21,7.74543E+15,5.31684E+16
24859,3,1,58,37,2018,12,8,3,3,2,6,0,0,1,0,0,0,0,1,6.05722E+20,5.77853E+21,1.05451E+16,5.21471E+16
24860,3,4,54,14,2018,12,13,1,3,2,6,0,0,1,0,0,0,0,1,3.76659E+20,5.82736E+21,7.17955E+15,5.25823E+16
24861,3,2,41,1,2018,11,10,5,3,5,3,0,1,1,0,0,0,0,1,5.49472E+20,5.80308E+21,9.72674E+15,5.23758E+16
24862,3,4,58,14,2018,11,9,6,2,8,7,0,0,1,0,0,0,0,0,4.6087E+20,5.86001E+21,8.41843E+15,5.28883E+16
24863,3,4,52,8,2018,12,16,5,3,2,6,2,0,1,0,1,0,0,1,3.88946E+20,5.94006E+21,7.32186E+15,5.35976E+16
24864,3,3,59,13,2018,12,17,4,3,9,7,2,0,1,0,0,0,0,1,5.26064E+20,5.9543E+21,9.39513E+15,5.37367E+16
24865,3,4,4,0,2018,11,4,1,3,1,5,2,0,1,0,0,0,0,1,4.35753E+20,5.79237E+21,8.05828E+15,5.2278E+16