OBJECTID_1,ULAND,UREGBEZ,UKREIS,UGEMEINDE,UJAHR,UMONAT,USTUNDE,UWOCHENTAG,UKATEGORIE,UART,UTYP1,ULICHTVERH,IstRad,IstPKW,IstFuss,IstKrad,IstGkfz,IstSonstig,STRZUSTAND,LINREFX,LINREFY,XGCSWGS84,YGCSWGS84
24866,3,1,59,16,2018,11,16,6,2,5,3,1,0,1,0,1,0,0,0,5.64588E+20,5.71181E+21,9.9316E+15,5.15537E+16
24867,3,2,41,3,2018,12,6,2,3,2,6,2,0,1,0,1,0,0,1,5.70184E+20,5.80904E+21,1.00322E+16,5.2427E+16
24868,3,3,53,41,2018,12,22,2,2,9,1,2,0,1,0,0,0,0,1,5.44641E+20,5.90281E+21,9.66942E+15,5.32726E+16
24869,3,4,58,7,2018,12,13,1,3,9,7,0,0,1,0,0,0,0,1,4.43907E+20,5.86304E+21,8.16581E+15,5.29141E+16
24870,3,4,56,2,2018,12,19,7,3,4,2,2,0,1,0,0,0,0,1,3.54656E+20,5.83097E+21,6.85345E+15,5.26093E+16
24871,3,3,57,16,2018,11,6,4,3,7,7,2,0,1,0,0,0,0,0,5.04856E+20,5.91086E+21,9.07295E+15,5.33468E+16
24872,3,1,53,7,2018,11,13,6,3,5,3,0,0,1,0,0,0,0,0,5.92533E+20,5.75455E+21,1.03459E+16,5.19339E+16
24873,3,2,41,16,2018,12,16,5,3,3,6,2,0,1,0,0,0,0,1,5.59738E+20,5.80058E+21,9.87708E+15,5.23523E+16
24874,3,4,59,11,2018,12,17,3,2,9,7,2,0,1,0,0,0,0,0,4.14702E+20,5.82553E+21,7.74134E+15,5.25731E+16
24875,3,1,59,16,2018,11,12,6,3,6,4,0,0,1,1,0,0,0,0,5.6378E+20,5.70976E+21,9.91957E+15,5.15353E+16
24876,3,3,53,11,2018,12,16,7,3,5,1,2,0,1,0,0,0,0,0,5.72304E+20,5.8993E+21,1.00834E+16,5.32381E+16
24877,3,4,61,2,2018,11,22,1,3,5,2,2,0,1,0,0,0,0,0,4.64833E+20,5.90626E+21,8.47226E+15,5.33044E+16
24878,3,3,59,10,2018,12,12,6,2,0,7,0,0,1,0,0,0,0,1,5.47038E+20,5.92556E+21,9.70875E+15,5.34769E+16
24879,3,1,57,6,2018,12,16,7,3,3,6,2,0,1,0,0,0,0,0,5.81566E+20,5.80083E+21,1.01976E+16,5.23517E+16
24880,3,1,59,29,2018,11,12,6,2,8,1,0,0,1,0,0,0,0,0,5.60781E+20,5.70411E+21,9.87537E+15,5.14849E+16
24881,3,4,58,9,2018,11,13,3,3,9,6,0,0,1,0,0,0,0,0,4.50497E+20,5.88255E+21,8.26082E+15,5.30901E+16
24882,3,3,61,9,2018,12,12,4,3,5,3,0,0,1,0,0,0,0,0,5.00865E+20,5.87886E+21,9.01291E+15,5.30592E+16
24883,3,1,59,4,2018,12,12,3,3,5,3,0,0,1,0,0,0,0,0,6.0753E+20,5.7171E+21,1.05524E+16,5.15947E+16
24884,3,1,57,6,2018,11,18,6,3,2,6,2,0,1,0,0,0,0,0,5.84376E+20,5.79938E+21,1.02384E+16,5.23382E+16
24885,3,3,53,29,2018,12,7,3,3,1,5,2,0,1,0,0,1,0,1,5.622E+20,5.91353E+21,9.93479E+15,5.33672E+16
24886,3,4,1,0,2018,11,17,4,3,6,4,2,0,1,1,0,0,0,0,4.75419E+20,5.87812E+21,8.63328E+15,5.3052E+16
24887,3,1,58,37,2018,11,17,6,3,6,2,2,0,1,1,0,0,0,1,6.04355E+20,5.78005E+21,1.05256E+16,5.21611E+16
24888,3,2,41,20,2018,12,15,5,3,3,6,2,0,1,0,0,0,0,1,5.43009E+20,5.79052E+21,9.6302E+15,5.22634E+16
24889,3,1,51,9,2018,12,13,4,3,8,1,0,0,1,0,0,0,0,0,6.02216E+20,5.82088E+21,1.05068E+16,5.25284E+16
24890,3,1,51,28,2018,11,15,6,3,2,6,0,0,1,0,0,0,0,0,6.00426E+20,5.84437E+21,1.04875E+16,5.27398E+16
24891,3,3,61,1,2018,12,13,7,3,2,6,0,0,1,0,0,0,0,1,4.97836E+20,5.87611E+21,8.96773E+15,5.30345E+16
24892,3,3,53,32,2018,12,14,6,3,5,3,0,1,1,0,0,0,0,1,5.73879E+20,5.91509E+21,1.01106E+16,5.33797E+16
24893,3,1,59,17,2018,12,15,7,3,9,7,0,0,1,0,0,0,0,1,5.53938E+20,5.69398E+21,9.77528E+15,5.13945E+16
24894,3,1,51,34,2018,11,8,6,3,5,3,0,0,1,0,0,0,0,0,6.03668E+20,5.80261E+21,1.05225E+16,5.2364E+16
24895,3,4,57,20,2018,12,1,3,3,8,1,2,0,1,0,0,0,0,1,4.16862E+20,5.90609E+21,7.75255E+15,5.32975E+16
24896,3,4,53,8,2018,11,6,3,3,4,2,2,0,1,0,0,0,1,0,4.36264E+20,5.86721E+21,8.05135E+15,5.29507E+16
24897,3,4,52,6,2018,12,18,4,3,8,1,0,0,1,1,0,0,0,1,4.10137E+20,5.9178E+21,7.64836E+15,5.34017E+16
24898,3,3,55,4,2018,12,12,3,3,5,7,0,1,1,0,0,0,0,1,5.93835E+20,5.90683E+21,1.04081E+16,5.33023E+16
24899,3,4,59,19,2018,11,15,5,3,2,6,0,0,1,0,0,0,0,0,4.35672E+20,5.78433E+21,8.05864E+15,5.22056E+16
24900,3,3,61,8,2018,12,13,3,3,5,2,0,1,0,0,0,0,1,0,5.05289E+20,5.88704E+21,9.07906E+15,5.31328E+16
24901,3,2,41,5,2018,12,7,2,3,4,6,1,1,1,0,0,0,0,0,5.40729E+20,5.80673E+21,9.59875E+15,5.24093E+16
24902,3,1,58,14,2018,12,13,7,3,8,1,0,0,1,0,0,0,0,0,6.01053E+20,5.77142E+21,1.04748E+16,5.20841E+16
24903,3,4,58,7,2018,11,3,1,3,8,1,2,0,0,0,0,0,1,1,4.49699E+20,5.86777E+21,8.2512E+15,5.29571E+16
24904,3,2,52,7,2018,12,18,6,3,2,2,2,0,1,0,0,0,0,1,5.19758E+20,5.77916E+21,9.28885E+15,5.21626E+16
24905,3,4,55,26,2018,12,23,6,3,5,3,2,0,1,0,0,0,0,1,4.42494E+20,5.91655E+21,8.1352E+15,5.33949E+16
24906,3,4,59,29,2018,11,7,5,3,2,6,0,0,1,0,0,0,0,1,4.46383E+20,5.79898E+21,8.21302E+15,5.23385E+16
24907,3,4,59,15,2018,11,6,2,3,4,2,2,0,1,0,0,0,0,1,4.4387E+20,5.77402E+21,8.18029E+15,5.21139E+16
24908,3,3,56,5,2018,12,12,2,3,5,3,0,0,1,0,0,0,0,0,4.9411E+20,5.88922E+21,8.91192E+15,5.31524E+16
24909,3,4,59,7,2018,12,10,2,2,3,6,0,0,1,0,0,1,0,1,4.29792E+20,5.82937E+21,7.96315E+15,5.26098E+16
24910,3,2,51,42,2018,12,5,1,1,6,6,2,0,1,1,0,0,0,1,4.73127E+20,5.84643E+21,8.60171E+15,5.2767E+16
24911,3,2,41,17,2018,11,18,5,2,3,2,2,1,1,0,0,0,0,1,5.43109E+20,5.78423E+21,9.63087E+15,5.22069E+16
24912,3,3,55,9,2018,11,11,6,3,8,7,0,0,1,0,0,0,0,0,6.13464E+20,5.90469E+21,1.07018E+16,5.32793E+16
24913,3,4,60,6,2018,12,14,5,3,5,3,0,1,1,0,0,0,0,0,4.51231E+20,5.83498E+21,8.2789E+15,5.26626E+16
24914,3,3,54,16,2018,12,9,4,2,2,2,0,0,1,0,0,0,0,1,6.3606E+20,5.86711E+21,1.10245E+16,5.29364E+16
24915,3,4,2,0,2018,11,13,5,3,0,3,0,0,1,0,0,0,0,0,3.76991E+20,5.91411E+21,7.15149E+15,5.33618E+16
24916,3,2,41,1,2018,12,7,2,3,2,6,2,0,1,0,0,1,0,1,5.49728E+20,5.80896E+21,9.73137E+15,5.24285E+16
24917,3,3,57,16,2018,12,19,2,3,5,3,2,0,1,0,0,0,0,1,5.00708E+20,5.91353E+21,9.01065E+15,5.33709E+16
24918,3,3,58,19,2018,12,12,1,3,8,1,0,0,1,0,0,0,0,1,5.60861E+20,5.88249E+21,9.90874E+15,5.30884E+16
24919,3,4,60,9,2018,12,7,7,2,4,6,2,0,1,0,0,1,0,1,4.51769E+20,5.84746E+21,8.28503E+15,5.27748E+16
24920,3,2,41,12,2018,11,11,4,3,5,3,0,0,1,0,0,0,0,0,5.33235E+20,5.81572E+21,9.48949E+15,5.24906E+16
24921,3,4,57,22,2018,11,11,5,2,0,3,0,0,1,0,0,0,0,1,3.93974E+20,5.88529E+21,7.41617E+15,5.31065E+16
24922,3,2,57,31,2018,12,21,5,3,9,1,2,0,1,0,0,0,0,1,5.09701E+20,5.78056E+21,9.14187E+15,5.21755E+16
24923,3,4,52,24,2018,12,18,3,3,1,5,2,0,1,0,0,0,0,0,3.86059E+20,5.93127E+21,7.28147E+15,5.3518E+16
24924,3,4,57,15,2018,11,15,5,3,5,3,0,0,1,0,0,0,0,1,4.03E+20,5.91054E+21,7.54327E+15,5.33351E+16
24925,3,3,58,8,2018,12,9,7,2,0,6,0,0,1,0,1,0,0,1,5.52281E+20,5.86098E+21,9.77718E+15,5.2896E+16
24926,3,3,59,10,2018,11,18,1,3,2,6,2,0,1,0,0,0,0,0,5.45264E+20,5.92421E+21,9.68182E+15,5.3465E+16
24927,3,3,57,16,2018,12,14,6,3,0,3,0,0,1,0,1,0,0,1,5.06049E+20,5.92134E+21,9.09106E+15,5.3441E+16
24928,3,4,59,24,2018,12,7,6,3,5,3,2,0,1,0,0,0,0,1,4.56084E+20,5.78456E+21,8.35729E+15,5.22097E+16
24929,3,4,56,15,2018,11,16,5,3,2,2,2,0,1,0,0,0,1,0,3.69865E+20,5.80952E+21,7.08631E+15,5.24204E+16
24930,3,3,58,5,2018,11,5,3,2,2,6,2,0,1,0,0,1,0,0,5.47323E+20,5.83479E+21,9.6997E+15,5.2661E+16
24931,3,2,51,42,2018,12,12,4,3,0,3,0,0,1,0,0,0,0,0,4.74036E+20,5.85083E+21,8.61484E+15,5.28067E+16
24932,3,2,54,21,2018,12,17,3,3,2,6,2,0,1,0,0,0,0,0,5.64919E+20,5.77473E+21,9.94817E+15,5.21193E+16
24933,3,3,61,1,2018,11,16,5,3,5,3,0,0,1,0,0,0,1,0,5.06293E+20,5.87445E+21,9.09381E+15,5.30196E+16
24934,3,3,58,8,2018,12,14,3,3,3,6,0,1,1,0,0,0,0,0,5.46712E+20,5.85757E+21,9.69391E+15,5.28658E+16
24935,3,2,52,3,2018,12,12,2,3,8,1,0,0,1,0,0,0,0,1,5.14961E+20,5.75931E+21,9.21785E+15,5.19842E+16
24936,3,3,61,12,2018,11,17,5,3,5,3,2,1,1,0,0,0,0,1,5.1558E+20,5.86289E+21,9.2317E+15,5.29155E+16
24937,3,4,57,13,2018,11,14,6,3,5,2,0,0,1,0,0,0,1,1,4.00991E+20,5.90249E+21,7.51562E+15,5.32624E+16
24938,3,3,59,10,2018,11,14,1,3,2,6,0,0,1,0,0,0,0,0,5.45168E+20,5.92414E+21,9.68037E+15,5.34643E+16
24939,3,1,51,18,2018,12,17,6,3,4,1,2,0,1,0,1,0,0,1,5.95613E+20,5.81774E+21,1.04086E+16,5.25014E+16
24940,3,4,3,0,2018,12,12,6,3,2,6,0,0,1,0,0,0,0,1,4.47186E+20,5.88504E+21,8.21097E+15,5.31122E+16
24941,3,4,55,14,2018,11,14,5,2,2,6,0,0,1,0,0,1,0,0,4.35043E+20,5.93216E+21,8.01993E+15,5.35344E+16
24942,3,4,60,9,2018,11,21,2,3,5,2,2,0,1,0,0,0,0,0,4.50121E+20,5.84436E+21,8.26107E+15,5.27468E+16
24943,3,4,61,7,2018,12,13,2,2,4,6,0,0,1,0,0,0,0,0,4.63481E+20,5.9246E+21,8.44985E+15,5.34692E+16
24944,3,4,52,1,2018,12,16,2,3,2,6,1,0,1,0,0,0,0,1,3.99415E+20,5.92607E+21,7.4845E+15,5.3474E+16
24945,3,3,57,7,2018,11,16,2,3,9,1,2,0,1,0,0,0,0,0,5.0557E+20,5.90436E+21,9.08356E+15,5.32884E+16
24946,3,2,57,26,2018,12,12,1,3,2,6,0,0,1,0,0,0,0,1,5.11692E+20,5.79388E+21,9.17144E+15,5.22952E+16
24947,3,4,59,34,2018,11,7,4,3,4,6,2,0,1,0,0,0,0,2,4.25602E+20,5.77038E+21,7.91435E+15,5.2079E+16
24948,3,2,41,1,2018,11,13,6,3,5,2,0,1,0,0,0,1,0,0,5.54186E+20,5.80751E+21,9.7967E+15,5.24151E+16
24949,3,3,58,5,2018,12,12,5,3,2,6,0,0,1,0,0,0,0,1,5.48724E+20,5.83164E+21,9.71994E+15,5.26325E+16
24950,3,2,41,1,2018,12,14,4,3,5,2,0,0,1,0,1,0,0,0,5.50985E+20,5.80161E+21,9.74875E+15,5.23624E+16
24951,3,1,55,12,2018,12,14,2,2,5,2,0,1,1,0,0,0,0,1,5.43588E+20,5.72289E+21,9.6301E+15,5.16553E+16
24952,3,4,59,12,2018,11,12,6,3,0,7,0,1,0,0,0,0,0,0,4.42259E+20,5.79087E+21,8.1539E+15,5.22652E+16
24953,3,1,57,5,2018,12,18,6,2,6,4,2,0,1,1,0,0,0,1,5.89067E+20,5.78489E+21,1.03035E+16,5.22073E+16
24954,3,3,61,12,2018,12,22,6,3,5,3,2,0,1,0,0,0,1,1,5.18107E+20,5.86219E+21,9.26924E+15,5.2909E+16
24955,3,4,61,5,2018,11,18,5,3,2,6,2,0,1,0,0,0,0,0,4.50694E+20,5.91448E+21,8.25882E+15,5.33771E+16
24956,3,4,56,15,2018,11,7,2,3,2,6,2,0,1,0,0,0,0,1,3.75111E+20,5.81436E+21,7.1616E+15,5.24651E+16
24957,3,3,61,1,2018,12,9,2,3,4,1,0,1,1,0,0,0,0,0,5.02742E+20,5.87329E+21,9.04087E+15,5.30092E+16
24958,3,4,57,10,2018,12,18,2,3,2,6,2,0,1,0,0,1,0,1,4.06275E+20,5.90715E+21,7.59344E+15,5.33053E+16
24959,3,4,58,14,2018,11,11,2,2,8,1,0,0,0,0,0,1,0,0,4.61064E+20,5.85529E+21,8.42187E+15,5.28459E+16
24960,3,3,53,35,2018,12,15,4,3,5,3,0,1,1,0,0,0,0,0,5.47882E+20,5.90319E+21,9.71807E+15,5.32758E+16
24961,3,2,41,1,2018,12,11,1,3,2,6,0,0,1,0,0,0,0,1,5.49198E+20,5.80336E+21,9.72275E+15,5.23783E+16
24962,3,2,55,27,2018,11,18,5,2,4,2,2,0,1,0,0,0,0,0,5.47085E+20,5.75054E+21,9.6844E+15,5.19036E+16
24963,3,2,41,17,2018,11,17,6,3,2,6,2,0,1,0,0,0,0,0,5.5088E+20,5.78457E+21,9.74463E+15,5.22092E+16
24964,3,3,52,59,2018,12,15,5,3,8,1,0,0,1,0,0,0,0,1,4.9701E+20,5.9262E+21,8.95495E+15,5.34848E+16
24965,3,2,41,1,2018,12,12,4,3,2,6,0,0,1,0,0,0,0,0,5.49292E+20,5.80352E+21,9.72416E+15,5.23797E+16
24966,3,4,58,5,2018,11,12,5,3,5,2,0,0,1,0,0,1,0,1,4.70378E+20,5.87775E+21,8.55811E+15,5.30484E+16
24967,3,2,57,12,2018,12,8,2,3,2,2,0,0,1,0,0,0,0,1,5.06618E+20,5.78685E+21,9.0969E+15,5.2232E+16
24968,3,2,57,31,2018,12,18,1,3,6,4,2,0,1,1,0,0,0,1,5.055E+20,5.78318E+21,9.08047E+15,5.2199E+16
24969,3,4,51,7,2018,12,14,7,3,2,6,0,0,1,0,0,0,0,1,4.32084E+20,5.90423E+21,7.98131E+15,5.3283E+16
24970,3,2,55,8,2018,11,7,4,3,5,3,1,1,1,0,0,0,0,0,5.55831E+20,5.75464E+21,9.81218E+15,5.19396E+16
24971,3,4,54,18,2018,11,17,5,2,5,3,2,0,1,0,0,0,0,1,3.85162E+20,5.84855E+21,7.2976E+15,5.27745E+16
24972,3,1,59,16,2018,12,16,5,3,2,6,1,0,1,0,0,0,0,0,5.637E+20,5.70977E+21,9.91842E+15,5.15354E+16
24973,3,4,53,4,2018,12,18,3,3,2,6,2,0,1,0,0,0,0,0,4.37196E+20,5.85494E+21,8.06759E+15,5.28405E+16
24974,3,4,1,0,2018,11,11,5,3,6,7,0,1,0,1,0,0,0,0,4.75406E+20,5.87817E+21,8.63308E+15,5.30525E+16
24975,3,3,55,1,2018,12,17,7,3,5,3,2,0,1,0,0,0,0,0,5.95066E+20,5.90538E+21,1.04261E+16,5.32891E+16
24976,3,3,58,22,2018,11,17,1,2,2,6,2,0,1,0,0,0,0,0,5.45062E+20,5.84756E+21,9.66801E+15,5.27759E+16
24977,3,3,51,26,2018,12,17,6,3,6,4,2,0,1,1,0,0,0,1,5.73443E+20,5.8541E+21,1.00901E+16,5.28316E+16
24978,3,4,4,0,2018,12,22,6,3,3,7,2,0,1,0,0,0,0,1,4.34276E+20,5.79393E+21,8.03634E+15,5.22918E+16
24979,3,3,52,50,2018,11,7,5,3,2,6,2,0,1,0,0,0,0,1,4.76336E+20,5.93084E+21,8.64304E+15,5.3526E+16
24980,3,2,41,1,2018,11,14,3,3,4,2,0,0,1,0,0,0,1,0,5.45975E+20,5.80323E+21,9.6754E+15,5.23774E+16
24981,3,4,58,9,2018,12,11,4,3,5,3,0,1,1,0,0,0,0,0,4.56342E+20,5.8749E+21,8.34913E+15,5.30219E+16
24982,3,1,57,6,2018,12,12,3,3,5,2,0,0,1,0,0,0,0,0,5.84708E+20,5.80122E+21,1.02438E+16,5.23547E+16
24983,3,3,52,11,2018,11,16,5,3,2,6,2,0,1,0,0,0,1,0,4.82689E+20,5.96552E+21,8.73694E+15,5.38379E+16
24984,3,2,41,5,2018,12,19,3,3,4,2,2,0,1,0,0,0,0,0,5.39129E+20,5.80923E+21,9.57552E+15,5.24319E+16
24985,3,1,59,16,2018,12,15,2,3,5,3,0,0,1,0,0,0,0,1,5.61594E+20,5.71194E+21,9.88844E+15,5.15552E+16
24986,3,2,51,37,2018,11,7,5,3,6,4,0,0,1,1,0,0,0,1,4.79918E+20,5.87606E+21,8.70053E+15,5.30337E+16
24987,3,4,5,0,2018,11,9,6,3,0,4,0,0,1,1,0,0,0,0,4.39378E+20,5.93644E+21,8.0845E+15,5.35733E+16
24988,3,4,59,17,2018,12,16,5,3,5,3,2,0,1,0,0,0,0,1,4.13869E+20,5.81946E+21,7.73062E+15,5.25185E+16
24989,3,2,51,37,2018,12,17,6,3,2,6,2,0,1,0,0,0,1,1,4.79628E+20,5.87283E+21,8.69641E+15,5.30046E+16
24990,3,3,59,17,2018,11,8,5,3,0,3,0,1,1,0,0,0,0,1,5.23826E+20,5.92868E+21,9.35925E+15,5.35066E+16
24991,3,3,61,5,2018,11,6,2,3,7,7,2,0,1,0,0,0,0,0,5.23437E+20,5.85561E+21,9.34802E+15,5.28497E+16
24992,3,4,1,0,2018,12,14,2,3,9,7,0,1,0,0,0,0,0,1,4.74721E+20,5.87609E+21,8.62303E+15,5.30338E+16
24993,3,4,53,5,2018,12,10,2,3,5,3,0,0,1,0,0,0,0,1,4.48706E+20,5.85161E+21,8.23898E+15,5.28118E+16
24994,3,2,41,12,2018,11,6,2,3,6,2,2,0,1,1,0,0,0,0,5.3026E+20,5.81726E+21,9.44581E+15,5.25046E+16
24995,3,2,52,6,2018,12,13,1,2,5,3,0,0,1,0,0,0,0,1,5.25868E+20,5.77081E+21,9.37754E+15,5.20872E+16
24996,3,4,53,12,2018,11,13,4,3,2,6,0,0,1,0,0,0,0,0,4.27198E+20,5.85713E+21,7.91868E+15,5.2859E+16
24997,3,2,57,7,2018,11,16,6,3,8,1,2,0,1,0,0,0,0,0,5.21289E+20,5.79925E+21,9.31251E+15,5.23431E+16
24998,3,3,57,52,2018,12,20,5,3,8,1,2,0,1,0,0,0,0,1,5.06318E+20,5.88995E+21,9.09449E+15,5.31589E+16
24999,3,2,57,9,2018,12,20,4,2,5,3,2,0,1,0,0,0,0,1,5.02824E+20,5.79009E+21,9.04137E+15,5.22612E+16
25000,3,3,57,1,2018,11,9,5,3,8,6,0,0,1,0,0,0,0,1,5.21289E+20,5.8769E+21,9.31752E+15,5.30412E+16
25001,3,1,57,6,2018,12,19,2,3,5,3,2,0,1,0,0,0,0,0,5.89657E+20,5.79621E+21,1.03151E+16,5.23089E+16
25002,3,4,57,8,2018,12,10,7,3,5,3,0,0,1,0,0,0,1,1,4.08865E+20,5.90104E+21,7.63404E+15,5.32508E+16
25003,3,2,41,3,2018,12,12,7,3,2,6,0,0,1,0,0,0,0,1,5.66991E+20,5.81507E+21,9.98646E+15,5.24817E+16
25004,3,4,59,33,2018,11,18,3,2,5,3,2,1,1,0,0,0,0,0,4.35755E+20,5.79851E+21,8.05714E+15,5.23331E+16
25005,3,4,4,0,2018,12,19,4,2,5,3,2,0,1,0,1,0,0,1,4.36416E+20,5.79209E+21,8.06805E+15,5.22755E+16
25006,3,3,52,62,2018,12,18,3,3,8,7,2,0,1,0,0,0,0,1,4.79459E+20,5.9482E+21,8.689E+15,5.36821E+16
25007,3,3,60,29,2018,11,13,5,3,2,2,0,0,1,0,0,0,0,1,5.84951E+20,5.87354E+21,1.0266E+16,5.30046E+16
25008,3,4,52,23,2018,12,16,3,3,2,6,2,0,1,0,0,0,0,1,3.87771E+20,5.92567E+21,7.30928E+15,5.34681E+16
25009,3,3,55,40,2018,12,11,2,3,9,1,0,0,1,0,0,0,0,1,5.97281E+20,5.89824E+21,1.04572E+16,5.32246E+16
25010,3,3,60,7,2018,11,4,5,1,9,7,2,0,0,0,0,1,0,1,5.9107E+20,5.86431E+21,1.03546E+16,5.29207E+16
25011,3,1,59,17,2018,12,5,2,2,4,1,2,0,1,0,0,0,0,1,5.44353E+20,5.69988E+21,9.63826E+15,5.14484E+16
25012,3,1,59,29,2018,12,17,1,2,8,7,2,0,0,0,0,0,1,1,5.60486E+20,5.70198E+21,9.87075E+15,5.14658E+16
25013,3,3,58,22,2018,12,10,7,3,2,6,0,0,1,0,0,0,0,1,5.42327E+20,5.85777E+21,9.6288E+15,5.28679E+16
25014,3,1,51,8,2018,11,17,4,3,9,6,2,0,1,0,0,0,1,0,6.22358E+20,5.82649E+21,1.08056E+16,5.25746E+16
25015,3,4,60,2,2018,11,15,5,3,5,3,0,1,1,0,0,0,0,1,4.45244E+20,5.8185E+21,8.19311E+15,5.25138E+16
25016,3,1,51,9,2018,12,18,5,3,2,6,2,0,1,0,0,0,0,1,6.04727E+20,5.81707E+21,1.05426E+16,5.24937E+16
25017,3,4,51,4,2018,12,10,3,3,6,6,0,1,0,1,0,0,0,0,4.31312E+20,5.8861E+21,7.97363E+15,5.31199E+16
25018,3,2,41,1,2018,11,20,5,3,2,6,2,0,1,0,0,0,0,1,5.44531E+20,5.80658E+21,9.65463E+15,5.24076E+16
25019,3,2,41,1,2018,12,12,7,3,0,7,0,1,0,0,0,0,0,0,5.51053E+20,5.80238E+21,9.74986E+15,5.23693E+16
25020,3,3,57,8,2018,11,10,1,3,9,1,0,0,1,0,0,0,0,1,5.09609E+20,5.92181E+21,9.14467E+15,5.34452E+16
25021,3,2,41,16,2018,12,15,6,3,8,1,1,0,1,0,0,0,0,1,5.60626E+20,5.79619E+21,9.88933E+15,5.23127E+16
25022,3,4,4,0,2018,12,5,6,2,5,3,2,0,1,0,0,0,0,1,4.34175E+20,5.79517E+21,8.03462E+15,5.2303E+16
25023,3,2,41,7,2018,11,20,5,3,5,3,2,1,0,0,0,0,0,1,5.50033E+20,5.79573E+21,9.73389E+15,5.23096E+16
25024,3,2,41,5,2018,11,17,3,3,5,3,2,1,1,0,0,0,0,0,5.39038E+20,5.80809E+21,9.57406E+15,5.24217E+16
25025,3,3,52,11,2018,12,5,4,2,9,1,2,0,1,0,0,0,0,2,4.82669E+20,5.96419E+21,8.73671E+15,5.3826E+16
25026,3,4,59,1,2018,12,18,2,3,2,2,2,0,1,0,0,0,0,1,4.2919E+20,5.81714E+21,7.95687E+15,5.24998E+16
25027,3,2,41,12,2018,11,5,5,3,9,1,2,0,1,0,0,0,0,1,5.38814E+20,5.83411E+21,9.57381E+15,5.26555E+16
25028,3,2,41,5,2018,12,19,3,1,2,6,2,0,1,0,0,0,1,0,5.35442E+20,5.81337E+21,9.52174E+15,5.24693E+16
25029,3,1,51,33,2018,12,13,2,3,5,3,0,0,1,0,0,0,0,1,6.01081E+20,5.82797E+21,1.04922E+16,5.25924E+16
25030,3,3,52,32,2018,11,23,5,3,9,1,2,0,1,0,0,0,0,1,4.72286E+20,5.92132E+21,8.58278E+15,5.34402E+16
25031,3,4,51,5,2018,11,14,6,3,3,6,0,0,1,0,0,1,0,0,4.49356E+20,5.89452E+21,8.24189E+15,5.31976E+16
25032,3,4,57,20,2018,12,7,5,3,4,2,2,0,1,0,0,0,0,1,4.17022E+20,5.90726E+21,7.75464E+15,5.3308E+16
25033,3,2,41,11,2018,11,10,5,3,0,1,0,1,0,0,0,0,0,1,5.6613E+20,5.80444E+21,9.97168E+15,5.23862E+16
25034,3,3,53,38,2018,12,12,2,3,2,2,0,0,1,0,0,0,0,0,5.53581E+20,5.89892E+21,9.8028E+15,5.32368E+16
25035,3,3,61,3,2018,12,14,2,3,4,2,0,0,1,0,0,1,0,1,5.15097E+20,5.85512E+21,9.22416E+15,5.28456E+16
25036,3,2,54,22,2018,11,16,2,3,3,6,1,0,1,0,0,1,0,0,5.81264E+20,5.7709E+21,1.01859E+16,5.20827E+16
25037,3,4,54,11,2018,12,19,1,3,2,2,2,0,1,0,1,0,0,1,4.07818E+20,5.8703E+21,7.62719E+15,5.29743E+16
25038,3,1,1,0,2018,12,18,1,3,0,1,2,0,1,0,0,0,0,1,6.01838E+20,5.78543E+21,1.04905E+16,5.22099E+16
25039,3,4,58,10,2018,11,18,4,3,6,4,2,0,1,1,0,0,0,0,4.63656E+20,5.88497E+21,8.45703E+15,5.3113E+16
25040,3,1,58,6,2018,11,22,6,3,5,3,2,0,1,0,0,0,0,1,6.1319E+20,5.7906E+21,1.06582E+16,5.22541E+16
25041,3,3,51,6,2018,12,9,5,3,5,2,0,1,0,0,0,0,1,1,5.75086E+20,5.82817E+21,1.01086E+16,5.25983E+16
25042,3,1,59,16,2018,12,16,4,3,2,6,2,0,1,0,0,0,0,1,5.61096E+20,5.71213E+21,9.88129E+15,5.15569E+16
25043,3,2,41,1,2018,11,10,5,3,2,6,0,0,1,0,0,0,0,1,5.49888E+20,5.80898E+21,9.73373E+15,5.24288E+16
25044,3,4,53,13,2018,12,10,7,3,5,2,0,0,1,0,0,0,0,0,4.12928E+20,5.88697E+21,7.69876E+15,5.3125E+16
25045,3,3,52,46,2018,12,7,6,3,2,6,2,0,1,0,0,0,0,1,4.93173E+20,5.96079E+21,8.89635E+15,5.37957E+16
25046,3,2,54,20,2018,12,17,7,3,5,3,2,0,1,0,0,0,0,1,5.70799E+20,5.78435E+21,1.00361E+16,5.22051E+16
25047,3,2,41,1,2018,11,7,5,3,2,6,2,0,1,0,0,0,0,1,5.54043E+20,5.80043E+21,9.79345E+15,5.23515E+16
25048,3,4,59,18,2018,12,15,3,3,9,6,0,0,1,0,0,0,0,1,4.34775E+20,5.82793E+21,8.03701E+15,5.25975E+16
25049,3,4,52,7,2018,11,12,3,3,5,3,0,0,1,0,0,0,0,0,3.90224E+20,5.9396E+21,7.34134E+15,5.35937E+16
25050,3,4,54,53,2018,12,16,4,1,4,6,0,0,1,0,0,0,0,0,3.97057E+20,5.81826E+21,7.48331E+15,5.25047E+16
25051,3,3,58,17,2018,12,17,3,3,6,6,2,0,1,1,0,0,0,1,5.48374E+20,5.87806E+21,9.72166E+15,5.30498E+16
25052,3,2,41,1,2018,11,17,5,3,5,3,2,1,1,0,0,0,0,1,5.4884E+20,5.80528E+21,9.71778E+15,5.23956E+16