OBJECTID_1,ULAND,UREGBEZ,UKREIS,UGEMEINDE,UJAHR,UMONAT,USTUNDE,UWOCHENTAG,UKATEGORIE,UART,UTYP1,ULICHTVERH,IstRad,IstPKW,IstFuss,IstKrad,IstGkfz,IstSonstig,STRZUSTAND,LINREFX,LINREFY,XGCSWGS84,YGCSWGS84
25053,3,3,56,7,2018,12,20,3,3,8,1,2,0,1,0,0,0,0,0,4.89489E+20,5.90042E+21,8.84245E+15,5.3253E+16
25054,3,2,41,14,2018,12,18,2,3,2,6,2,0,1,0,0,0,0,1,5.42876E+20,5.79402E+21,9.6287E+15,5.22949E+16
25055,3,2,52,6,2018,12,17,7,2,6,4,2,0,1,1,0,0,0,0,5.27372E+20,5.77231E+21,9.39961E+15,5.21007E+16
25056,3,3,57,34,2018,11,22,1,3,0,6,2,0,1,0,0,1,0,0,5.35373E+20,5.90562E+21,9.53076E+15,5.32986E+16
25057,3,2,54,14,2018,12,17,6,2,4,6,1,0,1,0,0,0,0,1,5.47084E+20,5.77449E+21,9.68768E+15,5.21189E+16
25058,3,4,60,3,2018,12,15,6,1,4,6,0,0,1,0,0,0,1,1,4.40417E+20,5.82959E+21,8.12E+15,5.26131E+16
25059,3,1,55,10,2018,11,15,5,3,5,3,1,0,1,0,0,0,0,0,5.62443E+20,5.72059E+21,9.90223E+15,5.16329E+16
25060,3,1,1,0,2018,11,22,3,3,8,1,2,0,1,0,0,0,0,0,6.07476E+20,5.78561E+21,1.0573E+16,5.22105E+16
25061,3,4,53,3,2018,12,11,2,3,8,1,0,0,1,0,0,0,0,1,4.37748E+20,5.85157E+21,8.07643E+15,5.28103E+16
25062,3,1,51,18,2018,12,8,3,3,9,1,0,0,1,0,0,0,0,1,5.92718E+20,5.81954E+21,1.03664E+16,5.25181E+16
25063,3,4,52,1,2018,12,21,1,3,8,1,2,0,0,0,1,0,0,1,4.05748E+20,5.92957E+21,7.57883E+15,5.35066E+16
25064,3,2,41,5,2018,11,11,5,3,0,7,0,1,0,0,0,0,0,1,5.3768E+20,5.81254E+21,9.55459E+15,5.24617E+16
25065,3,3,58,22,2018,11,12,6,3,2,6,0,0,1,0,0,0,0,0,5.45773E+20,5.85113E+21,9.67905E+15,5.2808E+16
25066,3,4,52,1,2018,12,11,5,3,5,3,0,1,1,0,0,0,0,1,3.99517E+20,5.92525E+21,7.4863E+15,5.34666E+16
25067,3,3,58,21,2018,12,5,4,3,2,6,2,0,1,0,0,0,0,2,5.57028E+20,5.87561E+21,9.8503E+15,5.3027E+16
25068,3,2,57,31,2018,11,15,5,3,0,1,0,0,0,0,1,0,0,1,5.05407E+20,5.78217E+21,9.0791E+15,5.21899E+16
25069,3,2,41,1,2018,12,13,7,3,0,7,0,0,0,0,1,0,0,0,5.5332E+20,5.79745E+21,9.78237E+15,5.23248E+16
25070,3,3,57,39,2018,11,13,1,3,8,1,0,0,1,0,0,0,0,1,5.28693E+20,5.88117E+21,9.42833E+15,5.30792E+16
25071,3,2,41,1,2018,12,8,6,3,2,6,0,0,1,0,0,0,0,1,5.53544E+20,5.80471E+21,9.78681E+15,5.239E+16
25072,3,4,62,19,2018,12,9,6,3,4,2,0,0,1,0,0,0,0,1,4.19437E+20,5.93613E+21,7.7835E+15,5.35678E+16
25073,3,2,54,17,2018,11,7,5,3,2,6,0,0,1,0,0,0,0,1,5.62669E+20,5.7838E+21,9.91699E+15,5.22011E+16
25074,3,1,54,28,2018,11,8,3,3,5,2,0,0,1,0,0,0,0,0,6.35462E+20,5.79231E+21,1.0985E+16,5.22645E+16
25075,3,4,52,6,2018,12,22,2,3,5,3,2,1,1,0,0,0,0,1,4.04906E+20,5.91722E+21,7.56988E+15,5.33955E+16
25076,3,2,56,22,2018,12,19,3,3,3,6,2,0,1,0,0,0,0,1,5.1441E+20,5.83422E+21,9.21304E+15,5.26577E+16
25077,3,4,59,28,2018,12,7,1,3,8,1,2,0,1,0,0,0,0,1,4.23289E+20,5.82864E+21,7.86731E+15,5.26024E+16
25078,3,3,57,41,2018,11,20,5,2,8,1,2,0,1,0,0,0,0,1,5.30554E+20,5.88677E+21,9.45665E+15,5.31294E+16
25079,3,2,51,38,2018,11,4,6,3,8,1,2,0,0,0,1,0,0,1,4.89859E+20,5.8472E+21,8.84967E+15,5.27746E+16
25080,3,4,54,32,2018,12,16,5,3,2,2,2,0,1,0,0,0,0,1,3.82172E+20,5.82307E+21,7.26241E+15,5.25449E+16
25081,3,2,54,5,2018,11,9,5,3,1,5,0,0,1,0,0,0,0,1,5.70159E+20,5.77211E+21,1.00241E+16,5.20951E+16
25082,3,2,41,5,2018,12,9,2,3,5,3,1,1,1,0,0,0,0,1,5.40431E+20,5.80694E+21,9.5944E+15,5.24112E+16
25083,3,3,52,11,2018,12,13,2,3,2,1,0,0,1,0,0,0,0,2,4.808E+20,5.96E+21,8.70857E+15,5.37882E+16
25084,3,4,51,7,2018,12,10,1,3,3,6,0,0,1,0,0,0,0,1,4.30548E+20,5.90098E+21,7.95898E+15,5.32535E+16
25085,3,4,4,0,2018,12,3,7,3,9,1,2,0,1,0,0,0,0,1,4.3596E+20,5.78903E+21,8.06195E+15,5.2248E+16
25086,3,3,53,40,2018,11,17,4,3,2,6,2,0,1,0,0,0,0,0,5.80879E+20,5.91066E+21,1.02147E+16,5.33389E+16
25087,3,1,2,0,2018,11,14,6,3,2,6,0,0,1,0,0,0,0,1,5.98341E+20,5.78067E+21,1.04379E+16,5.21677E+16
25088,3,2,41,5,2018,12,16,5,3,2,6,1,0,1,0,0,0,0,1,5.39346E+20,5.81227E+21,9.57908E+15,5.24592E+16
25089,3,4,59,24,2018,12,11,3,2,8,1,0,0,1,0,0,0,0,0,4.52512E+20,5.78787E+21,8.30455E+15,5.22392E+16
25090,3,2,54,2,2018,11,8,5,2,5,3,0,0,1,0,1,0,0,1,5.57665E+20,5.76058E+21,9.83986E+15,5.19929E+16
25091,3,2,51,41,2018,12,15,7,2,2,2,0,0,1,0,0,0,0,0,4.89459E+20,5.86705E+21,8.8431E+15,5.2953E+16
25092,3,2,41,9,2018,11,20,1,3,2,6,2,0,1,0,0,0,0,1,5.54922E+20,5.79672E+21,9.80575E+15,5.23181E+16
25093,3,3,53,35,2018,12,19,6,3,6,2,2,0,1,1,0,0,0,1,5.47504E+20,5.90379E+21,9.71249E+15,5.32812E+16
25094,3,1,59,11,2018,12,10,7,3,9,1,0,0,1,0,0,0,0,1,5.76031E+20,5.71176E+21,1.00966E+16,5.15518E+16
25095,3,2,52,6,2018,11,3,5,3,8,1,2,0,1,0,0,0,0,1,5.30171E+20,5.77436E+21,9.44065E+15,5.2119E+16
25096,3,4,56,15,2018,12,8,3,2,5,3,0,1,1,0,0,0,0,1,3.67097E+20,5.81105E+21,7.04504E+15,5.24334E+16
25097,3,4,5,0,2018,11,21,3,3,2,6,2,0,1,0,0,0,0,0,4.38345E+20,5.9313E+21,8.06992E+15,5.3527E+16
25098,3,4,52,1,2018,12,14,4,3,2,6,0,0,1,0,1,0,0,0,4.01152E+20,5.92245E+21,7.5118E+15,5.34418E+16
25099,3,2,41,1,2018,12,9,3,3,5,3,0,1,1,0,0,0,0,0,5.49716E+20,5.80233E+21,9.73021E+15,5.2369E+16
25100,3,1,59,17,2018,11,7,5,2,2,6,0,0,1,0,0,1,0,1,5.46067E+20,5.69307E+21,9.66203E+15,5.1387E+16
25101,3,2,51,41,2018,12,13,3,3,3,6,0,0,1,0,0,0,1,1,4.83692E+20,5.86644E+21,8.75729E+15,5.29473E+16
25102,3,2,41,8,2018,12,6,2,3,5,3,2,0,1,0,1,0,0,1,5.54124E+20,5.81422E+21,9.79687E+15,5.24754E+16
25103,3,1,2,0,2018,12,20,7,3,5,3,2,0,1,0,0,0,0,0,5.90208E+20,5.77956E+21,1.03187E+16,5.21592E+16
25104,3,2,41,1,2018,11,17,1,3,2,6,2,0,1,0,0,0,0,1,5.52424E+20,5.80256E+21,9.77002E+15,5.23708E+16
25105,3,2,52,6,2018,12,9,6,3,3,6,0,0,1,0,0,0,0,1,5.25811E+20,5.77274E+21,9.37686E+15,5.21046E+16
25106,3,3,61,3,2018,12,21,6,3,7,7,2,0,1,0,0,0,1,1,5.15573E+20,5.85793E+21,9.23137E+15,5.28708E+16
25107,3,1,59,17,2018,11,17,5,3,2,6,2,0,1,0,0,0,0,0,5.49263E+20,5.6948E+21,9.7082E+15,5.14023E+16
25108,3,4,4,0,2018,11,9,2,3,5,2,0,1,1,0,0,0,0,0,4.35541E+20,5.79228E+21,8.0552E+15,5.22771E+16
25109,3,1,54,28,2018,11,17,2,3,5,3,2,0,1,0,0,0,0,0,6.37276E+20,5.78973E+21,1.10105E+16,5.22408E+16
25110,3,3,61,8,2018,12,6,2,3,5,3,2,1,1,0,0,0,0,0,5.0434E+20,5.88629E+21,9.06486E+15,5.3126E+16
25111,3,4,4,0,2018,12,21,2,3,6,2,2,0,1,1,0,0,0,1,4.34878E+20,5.79129E+21,8.04568E+15,5.22681E+16
25112,3,3,58,7,2018,12,13,1,3,2,6,0,0,1,0,0,0,0,1,5.46573E+20,5.83759E+21,9.68899E+15,5.26862E+16
25113,3,1,55,6,2018,11,15,5,2,4,6,0,0,1,0,0,0,0,0,5.71719E+20,5.73932E+21,1.00401E+16,5.18002E+16
25114,3,2,41,1,2018,11,19,6,3,6,6,2,1,0,1,0,0,0,0,5.42617E+20,5.80833E+21,9.62671E+15,5.24235E+16
25115,3,3,61,12,2018,12,17,5,2,6,2,2,0,1,1,0,0,0,1,5.15475E+20,5.86386E+21,9.23019E+15,5.29242E+16
25116,3,2,41,9,2018,12,20,4,3,2,6,2,0,1,0,0,0,0,0,5.56185E+20,5.79386E+21,9.8238E+15,5.22922E+16
25117,3,1,59,16,2018,11,16,5,3,5,3,2,1,1,0,0,0,0,0,5.64327E+20,5.70931E+21,9.92738E+15,5.15312E+16
25118,3,1,55,13,2018,12,8,2,3,9,1,0,0,1,0,0,0,0,1,5.59984E+20,5.737E+21,9.86952E+15,5.17807E+16
25119,3,3,54,9,2018,12,14,1,3,5,3,0,0,1,0,0,0,0,1,6.38951E+20,5.88962E+21,1.10772E+16,5.31378E+16
25120,3,3,56,7,2018,12,17,7,3,6,2,2,0,1,1,0,0,0,1,4.85131E+20,5.89792E+21,8.77725E+15,5.32304E+16
25121,3,2,56,22,2018,11,17,4,3,2,6,2,0,1,0,0,0,0,0,5.15381E+20,5.83295E+21,9.22734E+15,5.26463E+16
25122,3,4,57,13,2018,11,12,5,3,6,4,0,0,1,1,0,0,0,1,3.99709E+20,5.8996E+21,7.49731E+15,5.32362E+16
25123,3,2,54,21,2018,12,15,5,2,2,6,0,0,1,0,0,0,0,1,5.66137E+20,5.78203E+21,9.96739E+15,5.21848E+16
25124,3,4,60,3,2018,12,18,3,2,5,3,2,0,1,0,0,0,0,0,4.41523E+20,5.83318E+21,8.1357E+15,5.26455E+16
25125,3,1,59,16,2018,11,13,5,3,2,2,0,0,1,0,0,0,0,0,5.61487E+20,5.70884E+21,9.88635E+15,5.15273E+16
25126,3,3,57,35,2018,12,20,7,3,5,2,2,0,1,0,0,0,0,0,5.06244E+20,5.92754E+21,9.09413E+15,5.34968E+16
25127,3,2,41,1,2018,11,1,1,3,5,3,2,0,1,0,0,0,0,1,5.50033E+20,5.8052E+21,9.7353E+15,5.23947E+16
25128,3,3,57,22,2018,12,4,6,3,9,7,2,0,1,0,0,0,0,1,5.15176E+20,5.88048E+21,9.22652E+15,5.30736E+16
25129,3,2,41,1,2018,12,17,2,3,6,4,2,0,1,1,0,0,0,0,5.54456E+20,5.80655E+21,9.80051E+15,5.24065E+16
25130,3,3,59,10,2018,12,13,2,3,2,6,0,0,1,0,0,0,0,1,5.46316E+20,5.92591E+21,9.69792E+15,5.34802E+16
25131,3,4,61,6,2018,12,17,1,3,5,3,1,0,1,0,0,0,0,1,4.73934E+20,5.89005E+21,8.61016E+15,5.31592E+16
25132,3,4,54,35,2018,12,1,7,3,8,1,2,0,1,0,0,0,0,1,3.85765E+20,5.83687E+21,7.3106E+15,5.26697E+16
25133,3,3,57,39,2018,11,15,4,3,4,6,0,0,1,0,0,0,0,0,5.28505E+20,5.8868E+21,9.42602E+15,5.31299E+16
25134,3,1,58,14,2018,11,5,6,3,2,6,2,0,1,0,0,0,1,1,6.0273E+20,5.77071E+21,1.0499E+16,5.20774E+16
25135,3,2,41,1,2018,12,7,5,3,2,6,0,0,1,0,0,0,0,0,5.53016E+20,5.80894E+21,9.77972E+15,5.24281E+16
25136,3,4,4,0,2018,12,7,3,3,3,2,0,1,0,0,1,0,0,0,4.34373E+20,5.79352E+21,8.03785E+15,5.22881E+16
25137,3,1,2,0,2018,11,11,5,3,2,2,0,0,1,0,0,0,0,1,5.9134E+20,5.77748E+21,1.03347E+16,5.21403E+16
25138,3,3,59,2,2018,12,23,7,2,9,1,2,0,1,0,0,0,0,1,5.27797E+20,5.91582E+21,9.41798E+15,5.33908E+16
25139,3,2,41,21,2018,11,15,1,3,2,2,0,0,1,0,0,0,0,1,5.29545E+20,5.80802E+21,9.43446E+15,5.24216E+16
25140,3,3,58,19,2018,12,13,6,3,0,1,0,0,0,0,1,0,0,1,5.5381E+20,5.88944E+21,9.80465E+15,5.31516E+16
25141,3,4,59,24,2018,12,14,6,3,9,1,0,0,1,0,0,0,0,1,4.60017E+20,5.78057E+21,8.41531E+15,5.21741E+16
25142,3,1,51,27,2018,11,7,5,3,2,6,1,0,1,0,0,0,0,1,5.96184E+20,5.80034E+21,1.0412E+16,5.23449E+16
25143,3,3,53,9,2018,11,7,3,3,9,1,2,0,1,0,0,0,0,0,5.71244E+20,5.89099E+21,1.00656E+16,5.31635E+16
25144,3,3,61,6,2018,12,15,4,3,2,6,0,0,1,0,0,0,0,0,5.10914E+20,5.87298E+21,9.16265E+15,5.30063E+16
25145,3,2,56,16,2018,12,7,3,3,1,7,2,0,1,0,0,0,0,1,5.17072E+20,5.82824E+21,9.25209E+15,5.26039E+16
25146,3,1,57,6,2018,11,12,5,2,8,1,0,0,1,0,0,0,0,0,5.79262E+20,5.80169E+21,1.0164E+16,5.23597E+16
25147,3,3,59,10,2018,12,19,3,3,6,2,2,0,1,1,0,0,0,1,5.46681E+20,5.92554E+21,9.70336E+15,5.34768E+16
25148,3,1,59,26,2018,12,22,2,3,8,1,2,0,1,0,0,0,0,1,5.86224E+20,5.72817E+21,1.02476E+16,5.16978E+16
25149,3,4,53,4,2018,11,7,5,3,5,2,1,1,1,0,0,0,0,1,4.38683E+20,5.85449E+21,8.08974E+15,5.28366E+16
25150,3,4,59,29,2018,11,16,6,3,5,3,2,1,1,0,0,0,0,0,4.43794E+20,5.80376E+21,8.17424E+15,5.23812E+16
25151,3,2,41,19,2018,11,17,1,3,0,7,2,1,0,0,0,0,0,1,5.48703E+20,5.82515E+21,9.71867E+15,5.25742E+16
25152,3,1,2,0,2018,12,16,6,3,5,1,0,0,1,0,0,0,0,1,5.93175E+20,5.77926E+21,1.0362E+16,5.2156E+16
25153,3,4,51,8,2018,12,16,6,2,4,6,2,0,1,0,0,0,0,1,4.3996E+20,5.89372E+21,8.10141E+15,5.31895E+16
25154,3,4,59,22,2018,11,17,4,3,5,3,2,0,1,0,1,0,0,0,4.41025E+20,5.78218E+21,8.13733E+15,5.21869E+16
25155,3,4,54,49,2018,11,17,2,3,5,3,2,0,1,0,0,0,0,0,3.94499E+20,5.8013E+21,7.45099E+15,5.23518E+16
25156,3,4,51,2,2018,12,13,2,3,4,6,0,0,1,0,0,0,0,0,4.42851E+20,5.88912E+21,8.14549E+15,5.31484E+16
25157,3,4,54,20,2018,12,15,2,3,5,3,1,0,1,0,0,0,0,1,3.85881E+20,5.8715E+21,7.30021E+15,5.2981E+16
25158,3,3,59,7,2018,11,17,2,3,4,2,2,0,1,0,0,0,0,0,5.39062E+20,5.92811E+21,9.58889E+15,5.35005E+16
25159,3,3,59,10,2018,12,17,4,3,5,3,2,0,1,0,0,0,0,1,5.44632E+20,5.92477E+21,9.67239E+15,5.347E+16
25160,3,2,41,9,2018,12,18,1,3,2,6,2,0,1,0,0,0,0,1,5.55999E+20,5.79579E+21,9.82139E+15,5.23096E+16
25161,3,1,59,16,2018,11,14,5,3,4,7,0,0,1,0,0,0,0,0,5.66776E+20,5.70661E+21,9.96216E+15,5.15066E+16
25162,3,2,41,1,2018,11,18,6,3,6,2,2,0,1,1,0,0,0,0,5.56792E+20,5.80438E+21,9.83448E+15,5.23867E+16
25163,3,3,53,31,2018,12,22,5,2,9,1,2,0,1,0,0,0,0,1,5.65409E+20,5.9139E+21,9.9831E+15,5.33702E+16
25164,3,2,41,3,2018,12,18,4,3,2,6,2,0,1,0,0,0,0,0,5.69474E+20,5.81229E+21,1.00224E+16,5.24564E+16
25165,3,4,4,0,2018,11,14,4,2,0,1,0,1,0,0,0,0,0,0,4.28317E+20,5.79412E+21,7.94894E+15,5.22927E+16
25166,3,2,54,21,2018,11,16,2,3,5,2,2,0,1,0,0,0,0,0,5.65941E+20,5.77984E+21,9.9641E+15,5.21651E+16
25167,3,2,54,21,2018,12,11,2,3,8,7,0,0,1,0,0,0,0,0,5.69781E+20,5.77658E+21,1.00196E+16,5.21353E+16
25168,3,2,41,16,2018,12,22,1,3,8,1,2,0,1,0,0,0,0,1,5.61724E+20,5.79306E+21,9.90485E+15,5.22844E+16
25169,3,3,53,30,2018,12,23,7,3,6,6,2,0,1,1,0,0,0,1,5.78051E+20,5.89804E+21,1.01692E+16,5.32259E+16
25170,3,1,53,504,2018,11,8,4,2,8,1,0,0,1,0,0,0,0,2,5.96164E+20,5.73865E+21,1.03943E+16,5.17904E+16
25171,3,4,54,35,2018,11,7,5,3,2,6,1,0,1,0,0,0,0,1,3.85212E+20,5.83738E+21,7.30226E+15,5.26742E+16
25172,3,1,57,2,2018,12,11,5,3,9,1,0,0,1,0,0,0,0,1,5.69539E+20,5.78895E+21,1.00186E+16,5.22465E+16
25173,3,4,55,14,2018,12,13,3,3,8,7,0,0,1,0,0,0,0,1,4.33769E+20,5.92701E+21,8.0018E+15,5.34879E+16
25174,3,4,56,17,2018,11,17,4,2,2,6,2,0,1,0,0,0,1,0,3.69215E+20,5.82542E+21,7.07052E+15,5.25631E+16
25175,3,3,51,18,2018,12,22,7,3,8,1,2,0,1,0,0,0,0,0,5.7369E+20,5.82397E+21,1.00871E+16,5.25608E+16
25176,3,2,41,1,2018,11,17,1,3,2,6,2,0,1,0,0,0,0,1,5.58968E+20,5.79908E+21,9.86551E+15,5.23388E+16
25177,3,2,41,1,2018,12,19,6,3,5,2,2,1,1,0,0,0,0,1,5.52368E+20,5.79894E+21,9.76863E+15,5.23383E+16
25178,3,4,4,0,2018,12,10,6,3,8,1,0,0,0,0,0,0,1,1,4.30723E+20,5.78951E+21,7.98516E+15,5.22516E+16
25179,3,4,52,1,2018,11,7,4,3,2,6,0,0,1,0,0,0,0,0,4.01325E+20,5.92224E+21,7.51447E+15,5.344E+16
25180,3,2,41,1,2018,11,16,3,3,2,6,2,0,1,0,1,0,0,0,5.49645E+20,5.80411E+21,9.72943E+15,5.2385E+16
25181,3,3,52,60,2018,12,16,4,3,6,4,2,0,1,1,0,0,0,0,4.76264E+20,5.9119E+21,8.64338E+15,5.33557E+16
25182,3,4,59,12,2018,12,12,2,3,3,6,0,0,1,0,0,0,0,0,4.44626E+20,5.78675E+21,8.18925E+15,5.22284E+16
25183,3,4,60,8,2018,11,17,4,3,2,2,2,0,1,0,0,0,0,0,4.4407E+20,5.83077E+21,8.17375E+15,5.2624E+16
25184,3,2,41,11,2018,12,6,3,3,6,2,2,0,1,1,0,0,0,1,5.66143E+20,5.80255E+21,9.9715E+15,5.23692E+16
25185,3,1,59,16,2018,12,11,2,3,8,1,0,0,1,0,0,0,0,1,5.60044E+20,5.71157E+21,9.86602E+15,5.1552E+16
25186,3,2,51,41,2018,11,6,5,3,0,6,2,1,1,0,0,0,0,1,4.84155E+20,5.86559E+21,8.76423E+15,5.29397E+16
25187,3,3,61,8,2018,11,15,6,2,2,7,0,0,1,0,0,0,1,0,5.09754E+20,5.88432E+21,9.14571E+15,5.31082E+16
25188,3,2,41,18,2018,11,9,1,2,8,1,0,0,1,0,0,0,0,1,5.7503E+20,5.81195E+21,1.01041E+16,5.24526E+16
25189,3,4,4,0,2018,12,11,5,3,0,1,0,0,0,0,1,0,0,1,4.30124E+20,5.79123E+21,7.97604E+15,5.2267E+16
25190,3,4,60,2,2018,11,15,4,1,4,6,0,0,1,0,0,1,0,1,4.41868E+20,5.82786E+21,8.14173E+15,5.25976E+16
25191,3,3,52,61,2018,12,3,2,3,9,1,2,0,1,0,0,0,0,1,4.71118E+20,5.94989E+21,8.56255E+15,5.36969E+16
25192,3,4,59,14,2018,12,10,6,3,5,3,0,1,1,0,0,0,0,1,4.31461E+20,5.80627E+21,7.99255E+15,5.24023E+16
25193,3,4,55,26,2018,11,17,4,3,6,4,2,0,1,1,0,0,0,0,4.3631E+20,5.91592E+21,8.04233E+15,5.33885E+16
25194,3,3,54,11,2018,11,4,3,2,7,7,2,0,1,0,0,0,0,0,6.39278E+20,5.87843E+21,1.10773E+16,5.30372E+16
25195,3,4,53,5,2018,12,12,4,3,9,6,0,0,1,0,0,0,0,0,4.47702E+20,5.85553E+21,8.22345E+15,5.2847E+16
25196,3,1,59,17,2018,12,17,3,3,6,4,2,0,1,1,0,0,0,0,5.44736E+20,5.69573E+21,9.64324E+15,5.1411E+16
25197,3,4,55,26,2018,11,6,4,2,5,2,2,1,0,0,0,1,0,0,4.42688E+20,5.91647E+21,8.13813E+15,5.33942E+16
25198,3,3,54,18,2018,12,21,3,3,0,5,2,0,1,0,1,0,0,1,6.4423E+20,5.87044E+21,1.11475E+16,5.29642E+16
25199,3,1,59,17,2018,12,13,2,3,8,1,0,0,1,0,0,0,0,1,5.50797E+20,5.69386E+21,9.73011E+15,5.13937E+16
25200,3,4,3,0,2018,11,18,5,3,5,3,2,1,1,0,0,0,0,1,4.4407E+20,5.88835E+21,8.16385E+15,5.31416E+16
25201,3,4,53,13,2018,11,7,6,3,2,6,1,0,1,0,0,0,0,0,4.16927E+20,5.87652E+21,7.76121E+15,5.30317E+16
25202,3,2,56,14,2018,11,21,1,3,9,1,2,0,1,0,0,0,0,1,5.10891E+20,5.85068E+21,9.16157E+15,5.28058E+16
25203,3,1,51,9,2018,12,13,6,3,5,3,0,0,1,0,0,0,0,1,6.06585E+20,5.81742E+21,1.057E+16,5.24965E+16
25204,3,2,51,37,2018,12,13,6,2,5,3,0,0,1,0,0,0,1,1,4.8058E+20,5.8687E+21,8.71084E+15,5.29676E+16
25205,3,4,5,0,2018,11,6,4,3,2,2,2,0,1,0,0,0,0,0,4.41623E+20,5.93634E+21,8.11841E+15,5.35727E+16
25206,3,3,56,7,2018,11,9,2,3,2,6,0,0,1,0,0,0,0,0,4.80453E+20,5.89776E+21,8.70719E+15,5.32288E+16
25207,3,4,58,10,2018,12,7,2,3,4,6,0,1,0,0,0,0,0,1,4.65601E+20,5.88351E+21,8.48624E+15,5.30999E+16
25208,3,4,60,6,2018,12,12,2,3,2,6,0,0,1,0,0,0,0,1,4.47746E+20,5.83632E+21,8.22716E+15,5.26743E+16
25209,3,3,60,25,2018,11,0,2,3,8,7,2,0,1,0,0,0,0,0,6.06771E+20,5.8689E+21,1.05895E+16,5.29591E+16
25210,3,2,54,32,2018,12,3,1,3,9,1,2,0,1,0,0,0,0,1,5.79846E+20,5.78183E+21,1.01678E+16,5.21811E+16
25211,3,4,54,47,2018,11,18,4,3,8,6,2,0,1,0,0,1,0,1,4.01457E+20,5.85628E+21,7.53675E+15,5.28472E+16
25212,3,2,41,10,2018,11,8,6,3,8,7,0,0,1,0,0,0,0,0,5.50694E+20,5.80993E+21,9.74573E+15,5.24372E+16
25213,3,3,58,19,2018,12,18,5,2,9,1,2,0,1,0,0,0,0,1,5.54095E+20,5.88165E+21,9.80759E+15,5.30815E+16
25214,3,1,55,9,2018,12,10,4,3,4,2,0,0,1,0,0,0,0,0,5.62864E+20,5.72781E+21,9.9096E+15,5.16977E+16
25215,3,2,51,41,2018,11,17,4,3,4,2,2,0,1,0,0,0,1,1,4.88597E+20,5.86237E+21,8.83044E+15,5.29109E+16
25216,3,1,58,6,2018,12,8,2,3,4,2,0,0,1,0,0,0,0,1,6.16194E+20,5.78991E+21,1.0702E+16,5.22473E+16
25217,3,4,59,13,2018,12,7,7,2,6,4,2,0,1,1,0,0,0,1,4.50176E+20,5.79923E+21,8.26866E+15,5.23411E+16
25218,3,3,57,45,2018,12,17,7,3,0,2,2,0,1,0,1,0,0,1,5.13796E+20,5.88453E+21,9.20609E+15,5.311E+16
25219,3,4,4,0,2018,11,17,3,3,2,6,1,0,1,0,0,0,0,0,4.3032E+20,5.79144E+21,7.97886E+15,5.22689E+16
25220,3,4,53,4,2018,11,17,5,3,5,2,1,1,1,0,0,0,0,1,4.35731E+20,5.85486E+21,8.04585E+15,5.28397E+16
25221,3,4,4,0,2018,12,13,4,3,9,1,0,0,0,0,0,1,0,0,4.38269E+20,5.79004E+21,8.09559E+15,5.22573E+16
25222,3,2,51,47,2018,12,11,3,3,5,3,0,0,1,0,0,0,0,0,4.86919E+20,5.86879E+21,8.80522E+15,5.29686E+16
25223,3,2,51,15,2018,11,16,4,3,3,2,2,0,1,0,0,0,0,0,4.7833E+20,5.84507E+21,8.67891E+15,5.2755E+16
25224,3,3,60,25,2018,12,10,2,3,5,3,0,0,1,0,1,0,0,1,6.07068E+20,5.8703E+21,1.05944E+16,5.29716E+16
25225,3,2,41,21,2018,12,22,7,3,3,6,2,1,0,0,0,0,0,1,5.29215E+20,5.80861E+21,9.42967E+15,5.24269E+16
25226,3,2,57,3,2018,11,1,1,3,8,1,2,0,1,0,0,0,0,1,5.14004E+20,5.78635E+21,9.20502E+15,5.22274E+16
25227,3,2,41,11,2018,12,16,6,3,2,6,0,0,1,0,0,0,1,0,5.68382E+20,5.80447E+21,1.00048E+16,5.23862E+16
25228,3,4,56,27,2018,12,16,6,3,6,4,2,0,1,1,0,0,0,1,3.78953E+20,5.798E+21,7.22405E+15,5.2319E+16
25229,3,4,58,4,2018,11,17,4,3,2,6,2,0,1,0,0,0,0,0,4.74975E+20,5.86357E+21,8.62779E+15,5.29212E+16
25230,3,2,54,22,2018,11,8,3,2,4,2,0,0,1,0,0,0,0,0,5.78601E+20,5.77315E+21,1.01476E+16,5.21033E+16
25231,3,4,57,13,2018,12,9,2,3,5,3,0,1,1,0,0,0,0,1,3.98273E+20,5.89938E+21,7.47588E+15,5.32339E+16
25232,3,2,41,16,2018,12,12,3,3,2,6,0,0,1,0,0,0,0,0,5.59662E+20,5.79538E+21,9.87504E+15,5.23055E+16
25233,3,1,1,0,2018,12,8,2,2,9,1,0,0,1,0,0,0,0,0,6.06647E+20,5.78971E+21,1.05622E+16,5.22474E+16
25234,3,3,53,5,2018,11,7,5,3,2,6,2,0,1,0,0,0,0,1,5.56524E+20,5.91067E+21,9.84899E+15,5.33421E+16
25235,3,4,51,1,2018,11,7,6,3,9,1,1,0,1,0,0,0,0,1,4.17435E+20,5.89368E+21,7.76437E+15,5.31861E+16
25236,3,4,54,47,2018,12,18,5,2,6,4,2,0,0,1,1,0,0,1,4.00202E+20,5.857E+21,7.51789E+15,5.28535E+16
25237,3,4,1,0,2018,11,13,4,3,5,3,0,1,1,0,0,0,0,0,4.74828E+20,5.87624E+21,8.62462E+15,5.30351E+16
25238,3,2,41,1,2018,12,6,2,3,2,6,2,0,1,0,0,0,0,1,5.43169E+20,5.80777E+21,9.63476E+15,5.24184E+16
25239,3,4,51,1,2018,12,11,2,3,8,1,0,0,1,0,0,0,0,1,4.21298E+20,5.8923E+21,7.82251E+15,5.31742E+16
25240,3,2,54,22,2018,11,17,2,3,2,6,2,0,1,0,0,1,0,1,5.80981E+20,5.77236E+21,1.01822E+16,5.20959E+16