OBJECTID_1,ULAND,UREGBEZ,UKREIS,UGEMEINDE,UJAHR,UMONAT,USTUNDE,UWOCHENTAG,UKATEGORIE,UART,UTYP1,ULICHTVERH,IstRad,IstPKW,IstFuss,IstKrad,IstGkfz,IstSonstig,STRZUSTAND,LINREFX,LINREFY,XGCSWGS84,YGCSWGS84
25241,3,4,54,10,2018,12,20,1,3,2,2,2,0,1,0,1,0,0,1,3.82541E+20,5.80412E+21,7.27452E+15,5.23747E+16
25242,3,4,59,24,2018,12,11,7,3,5,3,0,0,1,0,0,0,0,1,4.55366E+20,5.78429E+21,8.34682E+15,5.22072E+16
25243,3,4,58,14,2018,11,15,4,3,2,6,0,0,1,0,0,0,0,0,4.56283E+20,5.86525E+21,8.34956E+15,5.29351E+16
25244,3,1,58,27,2018,11,6,6,3,9,1,2,0,1,0,0,0,0,1,6.21142E+20,5.7771E+21,1.07699E+16,5.21312E+16
25245,3,2,41,1,2018,12,18,5,3,5,3,2,1,1,0,0,0,0,1,5.50304E+20,5.80223E+21,9.73883E+15,5.2368E+16
25246,3,1,2,0,2018,12,9,4,3,3,1,0,0,1,0,0,1,0,2,5.93267E+20,5.78151E+21,1.0364E+16,5.21762E+16
25247,3,3,52,61,2018,11,19,4,2,1,5,2,0,1,0,1,0,0,1,4.75713E+20,5.95865E+21,8.63146E+15,5.37759E+16
25248,3,4,53,6,2018,12,11,7,3,2,2,0,0,1,0,0,0,0,0,4.28017E+20,5.83967E+21,7.93469E+15,5.27022E+16
25249,3,3,53,30,2018,12,8,6,3,5,3,0,0,1,0,0,0,0,1,5.77906E+20,5.89841E+21,1.01671E+16,5.32293E+16
25250,3,2,52,8,2018,12,19,7,2,4,1,2,0,1,0,0,0,0,1,5.44068E+20,5.76423E+21,9.64231E+15,5.20269E+16
25251,3,3,53,31,2018,11,6,4,3,2,6,2,0,1,0,0,0,1,0,5.69102E+20,5.91605E+21,1.00391E+16,5.3389E+16
25252,3,3,56,11,2018,12,10,2,3,5,3,0,0,1,0,0,0,0,1,4.98702E+20,5.90854E+21,8.98051E+15,5.3326E+16
25253,3,2,41,1,2018,11,13,2,3,5,3,0,1,0,0,0,0,0,0,5.50009E+20,5.80499E+21,9.73491E+15,5.23929E+16
25254,3,1,1,0,2018,12,8,2,3,5,2,0,1,1,0,0,0,0,1,6.0361E+20,5.7936E+21,1.05189E+16,5.2283E+16
25255,3,1,54,14,2018,12,12,1,3,9,1,0,0,1,0,0,0,0,1,6.11046E+20,5.79797E+21,1.06293E+16,5.23208E+16
25256,3,4,51,2,2018,11,20,4,3,5,3,2,1,1,0,0,0,0,1,4.43165E+20,5.89133E+21,8.14979E+15,5.31683E+16
25257,3,2,52,6,2018,11,15,6,3,2,6,0,0,1,0,0,0,0,0,5.26777E+20,5.77236E+21,9.39093E+15,5.21012E+16
25258,3,3,57,15,2018,12,18,5,3,5,3,2,1,1,0,0,0,0,1,5.44491E+20,5.89154E+21,9.6656E+15,5.31713E+16
25259,3,2,54,17,2018,12,6,4,1,6,4,2,0,1,1,0,0,0,1,5.61753E+20,5.78348E+21,9.90354E+15,5.21983E+16
25260,3,3,53,21,2018,11,15,4,3,9,7,0,0,1,0,0,0,0,0,5.503E+20,5.90652E+21,9.75485E+15,5.33055E+16
25261,3,1,53,8,2018,12,9,2,3,8,1,0,0,1,0,0,0,0,1,5.94559E+20,5.75945E+21,1.03768E+16,5.19777E+16
25262,3,4,56,15,2018,12,9,7,3,9,6,0,0,1,0,0,0,0,1,3.70032E+20,5.82016E+21,7.08463E+15,5.25161E+16
25263,3,4,58,14,2018,12,20,6,3,5,3,2,0,1,0,0,0,0,1,4.61554E+20,5.85812E+21,8.42881E+15,5.28714E+16
25264,3,2,41,1,2018,12,17,7,2,0,7,2,0,1,0,0,0,1,1,5.5596E+20,5.80657E+21,9.82262E+15,5.24065E+16
25265,3,3,59,23,2018,11,17,4,3,5,3,2,0,1,0,0,0,0,1,5.37759E+20,5.92313E+21,9.56865E+15,5.34558E+16
25266,3,4,59,2,2018,11,6,3,2,4,6,2,0,1,0,0,0,0,0,4.25069E+20,5.82155E+21,7.89519E+15,5.25389E+16
25267,3,4,57,18,2018,12,16,4,3,5,3,2,1,1,0,0,0,0,0,4.05299E+20,5.8884E+21,7.58436E+15,5.31366E+16
25268,3,3,53,26,2018,12,15,3,3,2,6,0,0,1,0,0,0,0,0,5.53269E+20,5.9243E+21,9.80241E+15,5.3465E+16
25269,3,3,59,10,2018,11,15,4,3,2,6,0,0,1,0,0,0,0,0,5.4928E+20,5.92285E+21,9.7421E+15,5.34524E+16
25270,3,4,53,3,2018,12,18,3,3,9,1,2,0,1,0,0,0,0,0,4.3757E+20,5.85162E+21,8.07378E+15,5.28107E+16
25271,3,2,41,1,2018,12,9,2,3,1,5,0,0,1,0,0,0,0,0,5.47029E+20,5.79984E+21,9.6904E+15,5.23469E+16
25272,3,2,41,14,2018,12,8,7,3,0,6,0,0,1,0,0,0,0,1,5.42989E+20,5.79349E+21,9.63029E+15,5.22901E+16
25273,3,2,56,22,2018,11,15,1,3,4,1,0,0,1,0,0,0,0,1,5.15353E+20,5.83335E+21,9.22694E+15,5.26499E+16
25274,3,2,56,4,2018,12,4,6,3,9,1,2,0,1,0,0,0,0,1,4.82506E+20,5.81369E+21,8.74245E+15,5.24731E+16
25275,3,4,52,27,2018,12,16,6,3,8,1,2,0,1,0,0,0,0,1,3.97425E+20,5.94564E+21,7.44811E+15,5.36494E+16
25276,3,3,59,38,2018,11,22,4,2,3,1,2,0,1,0,0,1,0,1,5.3575E+20,5.93628E+21,9.53989E+15,5.35741E+16
25277,3,1,57,7,2018,11,18,3,3,2,2,2,0,1,0,0,0,0,0,5.97243E+20,5.79064E+21,1.04247E+16,5.22575E+16
25278,3,4,53,7,2018,12,7,2,3,5,3,1,1,1,0,0,0,0,1,4.24948E+20,5.87682E+21,7.88073E+15,5.30356E+16
25279,3,1,54,28,2018,12,7,3,3,4,2,1,0,1,0,0,0,0,1,6.39549E+20,5.78702E+21,1.10427E+16,5.22159E+16
25280,3,4,54,33,2018,12,0,1,3,0,1,2,0,0,0,1,0,0,1,4.08522E+20,5.86482E+21,7.63922E+15,5.29252E+16
25281,3,3,51,24,2018,11,17,5,3,6,2,2,0,1,1,0,0,0,1,5.61424E+20,5.837E+21,9.90857E+15,5.26794E+16
25282,3,4,58,14,2018,11,14,6,3,9,7,0,0,1,0,0,0,0,0,4.60913E+20,5.85994E+21,8.41908E+15,5.28877E+16
25283,3,4,62,5,2018,12,14,5,3,5,3,0,0,1,0,0,0,0,1,4.15455E+20,5.9264E+21,7.72602E+15,5.34798E+16
25284,3,4,52,3,2018,11,10,1,3,1,5,0,0,1,0,0,0,0,0,3.87885E+20,5.94038E+21,7.30573E+15,5.36002E+16
25285,3,3,59,38,2018,11,6,4,3,5,3,2,0,1,1,0,0,0,0,5.33197E+20,5.93928E+21,9.50167E+15,5.36013E+16
25286,3,2,41,18,2018,12,14,2,3,8,1,0,0,1,0,0,0,0,0,5.75249E+20,5.81007E+21,1.01069E+16,5.24356E+16
25287,3,3,53,40,2018,12,17,2,3,5,3,2,0,1,0,0,0,1,1,5.81215E+20,5.9113E+21,1.02199E+16,5.33446E+16
25288,3,2,51,7,2018,12,13,1,3,5,3,0,0,1,0,0,0,1,1,4.83071E+20,5.8568E+21,8.74856E+15,5.28607E+16
25289,3,4,54,41,2018,12,13,7,3,2,2,0,0,1,0,0,0,0,1,3.90359E+20,5.88022E+21,7.36392E+15,5.30602E+16
25290,3,3,59,10,2018,11,17,4,3,5,2,2,1,1,0,0,0,0,0,5.4928E+20,5.92285E+21,9.7421E+15,5.34524E+16
25291,3,1,53,17,2018,11,8,6,3,4,2,1,0,1,0,0,0,0,0,6.02837E+20,5.75504E+21,1.04959E+16,5.19366E+16
25292,3,2,41,3,2018,12,10,5,3,8,1,0,0,1,0,0,0,0,1,5.68193E+20,5.81686E+21,1.00045E+16,5.24976E+16
25293,3,4,59,1,2018,12,16,3,3,2,6,0,0,1,0,0,0,0,0,4.28965E+20,5.81754E+21,7.95348E+15,5.25034E+16
25294,3,3,58,16,2018,11,10,4,2,5,2,0,0,1,0,0,0,0,0,5.74495E+20,5.86942E+21,1.01093E+16,5.29692E+16
25295,3,3,53,26,2018,12,13,7,3,2,6,0,0,1,0,0,0,0,0,5.52461E+20,5.91872E+21,9.78931E+15,5.3415E+16
25296,3,2,54,32,2018,11,20,1,3,8,1,2,0,1,0,0,0,0,1,5.85415E+20,5.78404E+21,1.02498E+16,5.22002E+16
25297,3,3,59,2,2018,12,14,6,2,8,7,0,0,1,0,0,0,0,1,5.27786E+20,5.92001E+21,9.41819E+15,5.34284E+16
25298,3,1,59,1,2018,12,19,7,3,5,3,2,0,1,0,0,0,0,1,5.52395E+20,5.71353E+21,9.756E+15,5.15704E+16
25299,3,3,55,49,2018,11,0,4,3,9,7,2,0,1,0,0,0,0,0,6.26277E+20,5.91021E+21,1.0896E+16,5.33259E+16
25300,3,4,3,0,2018,11,16,3,3,2,6,1,0,1,0,0,0,0,0,4.50466E+20,5.88558E+21,8.25989E+15,5.31174E+16
25301,3,3,56,5,2018,12,11,4,3,2,6,0,0,1,0,0,0,0,0,4.9411E+20,5.88922E+21,8.91192E+15,5.31524E+16
25302,3,2,41,1,2018,12,6,3,3,4,6,2,0,1,0,0,0,1,1,5.56483E+20,5.80422E+21,9.82991E+15,5.23853E+16
25303,3,3,51,4,2018,11,16,4,3,7,7,2,0,1,0,0,0,0,1,5.61726E+20,5.85522E+21,9.91647E+15,5.28432E+16
25304,3,4,1,0,2018,12,15,3,2,5,3,0,1,1,0,0,0,0,0,4.76176E+20,5.87767E+21,8.6446E+15,5.3048E+16
25305,3,2,57,3,2018,12,18,2,3,2,6,2,0,0,0,0,1,0,1,5.20851E+20,5.78957E+21,9.30547E+15,5.22561E+16
25306,3,4,59,12,2018,11,17,6,2,8,1,2,0,1,0,0,0,0,0,4.48127E+20,5.7925E+21,8.23962E+15,5.22804E+16
25307,3,2,55,3,2018,11,17,1,3,9,1,2,0,1,0,0,0,0,1,5.36594E+20,5.75923E+21,9.53284E+15,5.19825E+16
25308,3,1,57,5,2018,12,20,6,3,5,2,2,0,1,0,0,0,0,1,5.89896E+20,5.78306E+21,1.03151E+16,5.21907E+16
25309,3,3,61,6,2018,12,14,6,3,8,1,0,0,1,0,0,0,0,1,5.10747E+20,5.86861E+21,9.16002E+15,5.2967E+16
25310,3,2,41,5,2018,11,9,4,3,2,6,0,0,1,0,0,0,0,0,5.41565E+20,5.80919E+21,9.61135E+15,5.24313E+16
25311,3,4,56,14,2018,11,14,2,3,6,4,0,1,0,1,0,0,0,0,3.64029E+20,5.82025E+21,6.99618E+15,5.25154E+16
25312,3,3,61,1,2018,12,12,2,3,2,6,0,0,1,0,0,0,0,0,5.02282E+20,5.87358E+21,9.03401E+15,5.30118E+16
25313,3,4,57,18,2018,12,16,2,3,3,6,2,0,1,0,0,0,0,1,4.02152E+20,5.88798E+21,7.53747E+15,5.31323E+16
25314,3,4,61,4,2018,11,18,2,3,2,6,2,0,1,0,0,0,0,0,4.63337E+20,5.89767E+21,8.45081E+15,5.32271E+16
25315,3,4,57,18,2018,12,18,3,3,2,6,2,0,1,0,0,0,0,1,4.04467E+20,5.89211E+21,7.57082E+15,5.31697E+16
25316,3,4,53,12,2018,11,17,3,3,5,3,2,0,1,0,0,0,0,0,4.27595E+20,5.85703E+21,7.92462E+15,5.28581E+16
25317,3,4,62,19,2018,12,7,4,3,2,2,1,0,1,0,0,0,0,1,4.1172E+20,5.93458E+21,7.66744E+15,5.35527E+16
25318,3,3,54,24,2018,12,7,3,2,2,2,1,0,1,0,0,0,0,1,6.32638E+20,5.87221E+21,1.09757E+16,5.2983E+16
25319,3,2,41,14,2018,11,14,4,2,5,3,0,1,1,0,0,0,0,0,5.4548E+20,5.79918E+21,9.66757E+15,5.23411E+16
25320,3,3,61,8,2018,12,17,3,3,5,3,2,0,1,0,0,0,0,0,5.10708E+20,5.88102E+21,9.15985E+15,5.30785E+16
25321,3,2,41,12,2018,12,18,2,3,8,1,2,0,1,0,0,0,0,1,5.28214E+20,5.82034E+21,9.41594E+15,5.25324E+16
25322,3,1,59,16,2018,12,21,7,3,3,6,2,0,1,0,0,0,0,0,5.64704E+20,5.70908E+21,9.93277E+15,5.15291E+16
25323,3,2,54,21,2018,12,13,6,3,3,6,0,0,1,0,0,0,0,1,5.60942E+20,5.77915E+21,9.89089E+15,5.21594E+16
25324,3,4,60,9,2018,12,14,6,3,2,6,0,0,1,0,0,0,0,1,4.51331E+20,5.83947E+21,8.27972E+15,5.27029E+16
25325,3,2,41,1,2018,11,13,4,3,3,6,0,0,1,0,0,0,1,0,5.51096E+20,5.80882E+21,9.75147E+15,5.24272E+16
25326,3,4,59,12,2018,11,9,2,3,9,1,0,0,1,0,0,0,0,1,4.44696E+20,5.78673E+21,8.19028E+15,5.22282E+16
25327,3,4,55,25,2018,12,13,2,3,2,2,0,0,1,0,0,0,0,0,4.35708E+20,5.92172E+21,8.03209E+15,5.34406E+16
25328,3,4,59,10,2018,12,17,2,3,4,2,2,0,1,0,0,0,0,1,4.28E+20,5.82301E+21,7.93807E+15,5.25524E+16
25329,3,4,53,5,2018,12,18,1,3,5,2,2,0,1,0,0,0,0,1,4.48929E+20,5.85131E+21,8.24233E+15,5.28092E+16
25330,3,2,41,10,2018,11,6,5,3,4,2,2,0,1,0,0,0,0,1,5.49508E+20,5.81597E+21,9.72918E+15,5.24917E+16
25331,3,3,60,25,2018,11,14,6,3,2,6,0,0,1,0,0,0,0,0,6.05003E+20,5.87131E+21,1.0564E+16,5.29811E+16
25332,3,4,60,4,2018,12,7,5,2,2,6,2,0,1,0,0,0,0,1,4.59829E+20,5.85124E+21,8.40404E+15,5.28094E+16
25333,3,3,54,4,2018,12,12,4,1,6,4,0,0,0,1,0,1,0,1,6.38927E+20,5.88502E+21,1.10749E+16,5.30966E+16
25334,3,2,41,1,2018,11,0,4,3,9,1,2,0,1,0,0,0,0,1,5.43427E+20,5.80751E+21,9.63852E+15,5.24161E+16
25335,3,2,41,9,2018,12,7,2,3,2,6,0,0,1,0,0,0,0,1,5.55933E+20,5.79584E+21,9.82044E+15,5.231E+16
25336,3,3,59,36,2018,12,7,2,2,2,6,2,1,0,0,0,0,1,1,5.16565E+20,5.93798E+21,9.25026E+15,5.35904E+16
25337,3,3,52,62,2018,12,14,1,3,0,3,0,1,1,0,0,0,0,0,4.75034E+20,5.94073E+21,8.6226E+15,5.36148E+16
25338,3,4,60,2,2018,12,12,7,3,2,2,0,0,1,0,0,0,0,1,4.45244E+20,5.8185E+21,8.19311E+15,5.25138E+16
25339,3,2,41,1,2018,11,16,4,3,2,6,2,0,1,0,0,0,0,0,5.43297E+20,5.80764E+21,9.63663E+15,5.24173E+16
25340,3,4,4,0,2018,11,16,5,3,2,7,2,0,1,0,0,1,0,1,4.34401E+20,5.79345E+21,8.03826E+15,5.22875E+16
25341,3,2,56,15,2018,12,5,5,2,8,7,2,0,1,0,0,0,0,1,5.07316E+20,5.85073E+21,9.10853E+15,5.28063E+16
25342,3,4,54,55,2018,12,16,3,2,1,5,2,0,1,0,1,0,0,0,4.17376E+20,5.85928E+21,7.7723E+15,5.28769E+16
25343,3,2,56,21,2018,11,18,4,2,4,6,2,0,1,0,0,1,0,1,5.06956E+20,5.83486E+21,9.10286E+15,5.26636E+16
25344,3,3,58,8,2018,12,23,7,3,6,6,2,0,1,1,0,0,0,0,5.45303E+20,5.85726E+21,9.67293E+15,5.28631E+16
25345,3,3,57,36,2018,12,21,6,3,5,3,2,0,1,0,0,0,0,1,5.10884E+20,5.90928E+21,9.16344E+15,5.33326E+16
25346,3,4,59,24,2018,12,7,6,2,2,2,2,0,1,0,0,0,0,1,4.5537E+20,5.78429E+21,8.34688E+15,5.22072E+16
25347,3,2,56,31,2018,11,11,4,2,8,1,0,0,1,0,0,0,0,0,5.19763E+20,5.83229E+21,9.29207E+15,5.26402E+16
25348,3,3,59,38,2018,11,13,3,2,4,6,0,0,1,0,0,0,0,0,5.26361E+20,5.93642E+21,9.39811E+15,5.3576E+16
25349,3,2,51,47,2018,12,13,4,3,2,6,0,0,1,0,0,0,0,0,4.86252E+20,5.86886E+21,8.79529E+15,5.29692E+16
25350,3,2,54,29,2018,12,16,3,3,5,2,1,1,1,0,0,0,0,0,5.74756E+20,5.7823E+21,1.00935E+16,5.21861E+16
25351,3,2,57,30,2018,11,19,4,3,5,3,2,0,1,0,0,0,0,0,5.1364E+20,5.80411E+21,9.20041E+15,5.23871E+16
25352,3,3,59,10,2018,12,6,3,3,6,4,2,0,1,1,0,0,0,0,5.45708E+20,5.92473E+21,9.68858E+15,5.34696E+16
25353,3,2,54,2,2018,12,18,2,2,4,6,2,0,1,0,0,1,0,1,5.52698E+20,5.76469E+21,9.76816E+15,5.20304E+16
25354,3,3,61,1,2018,11,16,5,3,2,6,2,0,0,0,0,1,1,1,4.97557E+20,5.87586E+21,8.96357E+15,5.30323E+16
25355,3,4,4,0,2018,11,11,6,3,5,3,0,0,1,0,0,0,0,0,4.40966E+20,5.79114E+21,8.13491E+15,5.22674E+16
25356,3,1,53,7,2018,12,7,6,3,5,5,0,0,1,0,0,0,1,1,5.90709E+20,5.75184E+21,1.03187E+16,5.19099E+16
25357,3,4,3,0,2018,12,17,6,3,2,6,2,0,1,0,0,0,0,1,4.46344E+20,5.8914E+21,8.19733E+15,5.31692E+16
25358,3,2,54,17,2018,11,6,4,3,5,3,2,1,1,0,0,0,0,0,5.62913E+20,5.7833E+21,9.92047E+15,5.21966E+16
25359,3,4,52,1,2018,11,19,2,3,2,6,2,0,1,0,0,0,0,1,3.99599E+20,5.92499E+21,7.48762E+15,5.34643E+16
25360,3,2,51,40,2018,12,7,2,3,5,3,1,0,1,0,0,0,0,1,4.85051E+20,5.83811E+21,8.77882E+15,5.26927E+16
25361,3,4,54,32,2018,12,12,2,3,2,6,0,0,1,0,0,0,0,0,3.90505E+20,5.81893E+21,7.38661E+15,5.25095E+16
25362,3,3,58,19,2018,11,8,2,3,4,6,1,0,1,0,0,1,0,0,5.5464E+20,5.8924E+21,9.81756E+15,5.31781E+16
25363,3,2,56,24,2018,12,8,1,3,0,1,1,0,0,0,1,0,0,1,4.98181E+20,5.81266E+21,8.97323E+15,5.24641E+16
25364,3,4,4,0,2018,11,17,4,3,2,1,2,0,1,0,0,0,0,0,4.35696E+20,5.78865E+21,8.05817E+15,5.22445E+16
25365,3,2,41,19,2018,11,17,6,3,2,6,0,0,1,0,0,0,0,0,5.53057E+20,5.82468E+21,9.78284E+15,5.25696E+16
25366,3,3,53,35,2018,12,8,5,3,5,3,0,1,1,0,0,0,0,0,5.47932E+20,5.90308E+21,9.71881E+15,5.32748E+16
25367,3,2,41,9,2018,12,16,4,3,5,2,2,1,1,0,0,0,0,0,5.56286E+20,5.79307E+21,9.82516E+15,5.22851E+16
25368,3,2,54,28,2018,11,18,4,3,4,2,2,0,1,0,0,0,0,1,5.58482E+20,5.7881E+21,9.85648E+15,5.22402E+16
25369,3,2,55,3,2018,12,16,2,2,5,3,2,0,0,0,1,1,0,1,5.34696E+20,5.7593E+21,9.50521E+15,5.19833E+16
25370,3,2,52,6,2018,12,13,1,2,4,7,0,0,1,0,0,0,0,1,5.23921E+20,5.77274E+21,9.34926E+15,5.21047E+16
25371,3,3,53,35,2018,12,17,7,3,6,4,2,0,1,1,0,0,0,1,5.47932E+20,5.90308E+21,9.71881E+15,5.32748E+16
25372,3,1,51,8,2018,11,14,4,3,9,7,0,0,1,0,0,0,0,0,6.21495E+20,5.82815E+21,1.07935E+16,5.25898E+16
25373,3,4,52,1,2018,11,17,5,3,2,6,2,0,1,0,0,0,0,1,3.98872E+20,5.92564E+21,7.47646E+15,5.34701E+16
25374,3,1,51,13,2018,12,11,5,3,2,6,0,0,1,0,0,0,0,1,6.0467E+20,5.81188E+21,1.05401E+16,5.24471E+16
25375,3,4,51,4,2018,12,17,3,3,2,6,2,0,1,0,0,0,0,0,4.32788E+20,5.88664E+21,7.99557E+15,5.31249E+16
25376,3,3,53,19,2018,12,18,4,3,2,6,2,0,1,0,0,0,0,0,5.4777E+20,5.91292E+21,9.71785E+15,5.33633E+16
25377,3,3,55,24,2018,12,15,1,3,5,3,1,0,1,0,0,0,0,1,5.94287E+20,5.89312E+21,1.04108E+16,5.3179E+16
25378,3,1,58,2,2018,11,9,5,3,9,7,0,0,1,0,0,0,0,0,5.8111E+20,5.77338E+21,1.01843E+16,5.2105E+16
25379,3,2,41,13,2018,11,16,6,3,8,7,2,0,1,0,0,0,0,0,5.51676E+20,5.79272E+21,9.75752E+15,5.22825E+16
25380,3,4,3,0,2018,12,17,5,3,5,3,2,1,1,0,0,0,0,1,4.46814E+20,5.89065E+21,8.20449E+15,5.31625E+16
25381,3,2,41,1,2018,12,13,4,3,5,3,0,0,1,0,0,0,0,0,5.56455E+20,5.80776E+21,9.8301E+15,5.24171E+16
25382,3,2,54,22,2018,11,7,4,3,2,6,0,0,1,0,0,0,1,0,5.7299E+20,5.77519E+21,1.00661E+16,5.21224E+16
25383,3,1,55,5,2018,12,5,2,3,7,7,2,0,1,0,0,0,1,1,5.55623E+20,5.72424E+21,9.80428E+15,5.16664E+16
25384,3,1,59,19,2018,12,21,1,2,6,2,2,0,1,1,0,0,0,1,5.92416E+20,5.72329E+21,1.03359E+16,5.1653E+16
25385,3,4,3,0,2018,12,11,7,2,2,6,0,0,1,0,0,0,0,1,4.45737E+20,5.88965E+21,8.18855E+15,5.31535E+16
25386,3,2,54,29,2018,11,8,4,3,1,7,0,0,1,0,0,1,0,0,5.71688E+20,5.781E+21,1.00483E+16,5.21748E+16
25387,3,4,56,14,2018,11,7,5,3,2,6,2,0,0,0,0,1,1,1,3.63362E+20,5.81676E+21,6.98778E+15,5.24839E+16
25388,3,2,52,7,2018,12,12,5,2,9,1,0,0,1,0,0,0,0,1,5.17054E+20,5.77509E+21,9.24911E+15,5.21261E+16
25389,3,4,53,3,2018,12,12,3,3,5,3,0,1,1,0,0,0,0,0,4.36717E+20,5.85147E+21,8.06115E+15,5.28093E+16
25390,3,1,59,17,2018,11,10,4,3,2,6,0,0,1,0,0,0,1,0,5.45336E+20,5.69575E+21,9.65188E+15,5.14112E+16
25391,3,3,60,29,2018,12,14,7,3,8,1,0,0,1,0,0,0,0,1,5.82489E+20,5.88146E+21,1.02314E+16,5.30762E+16
25392,3,3,55,22,2018,12,14,6,3,2,6,0,0,1,0,0,0,0,1,5.93415E+20,5.90403E+21,1.0401E+16,5.32773E+16
25393,3,4,59,18,2018,12,7,6,3,5,3,2,0,1,0,0,0,0,1,4.33182E+20,5.82004E+21,8.01509E+15,5.25264E+16
25394,3,1,59,17,2018,11,7,4,3,3,6,0,0,1,0,0,1,0,1,5.46763E+20,5.69422E+21,9.67219E+15,5.13973E+16
25395,3,3,51,6,2018,11,13,3,3,4,2,0,0,1,0,0,0,0,0,5.70811E+20,5.83053E+21,1.0046E+16,5.26201E+16
25396,3,4,61,5,2018,12,16,4,3,2,6,1,0,1,0,0,0,0,0,4.48082E+20,5.91032E+21,8.22024E+15,5.33395E+16
25397,3,1,57,6,2018,12,13,3,2,6,2,0,0,1,1,0,0,0,0,5.83699E+20,5.79817E+21,1.02282E+16,5.23275E+16
25398,3,1,58,37,2018,11,14,4,3,5,3,0,0,1,0,0,0,0,0,6.01949E+20,5.77895E+21,1.04901E+16,5.21516E+16
25399,3,3,51,6,2018,12,15,3,3,4,2,0,1,1,0,0,0,0,0,5.74473E+20,5.82941E+21,1.00998E+16,5.26096E+16
25400,3,1,59,29,2018,12,8,2,2,8,1,0,0,1,0,0,0,0,1,5.61382E+20,5.70255E+21,9.88375E+15,5.14708E+16
25401,3,4,3,0,2018,11,12,5,3,5,3,0,1,1,0,0,0,0,1,4.48161E+20,5.88746E+21,8.22515E+15,5.3134E+16
25402,3,4,55,27,2018,11,14,6,3,5,3,0,1,1,0,0,0,0,0,4.30748E+20,5.91795E+21,7.95826E+15,5.34061E+16
25403,3,4,59,29,2018,12,18,5,3,9,1,2,0,1,0,0,0,0,1,4.48273E+20,5.79914E+21,8.24074E+15,5.23402E+16
25404,3,4,1,0,2018,12,7,6,2,5,3,2,0,1,0,0,0,0,1,4.7497E+20,5.87613E+21,8.62674E+15,5.30341E+16
25405,3,1,57,1,2018,11,15,4,3,5,2,0,0,1,0,0,0,0,0,5.8036E+20,5.80421E+21,1.01807E+16,5.23822E+16
25406,3,3,61,1,2018,11,7,2,3,2,6,1,0,1,0,0,0,0,0,4.99194E+20,5.87659E+21,8.98798E+15,5.30388E+16
25407,3,4,58,9,2018,12,17,2,3,8,1,2,0,1,0,0,0,0,0,4.59544E+20,5.87608E+21,8.39671E+15,5.30327E+16
25408,3,4,53,8,2018,12,14,2,3,5,3,0,0,1,0,0,0,0,1,4.33395E+20,5.86112E+21,8.00991E+15,5.28956E+16
25409,3,2,41,21,2018,11,14,2,3,5,2,0,1,1,0,0,0,0,0,5.29558E+20,5.808E+21,9.43466E+15,5.24214E+16
25410,3,2,54,21,2018,12,1,1,3,7,1,2,0,1,0,0,0,0,1,5.6525E+20,5.77632E+21,9.95332E+15,5.21336E+16
25411,3,4,52,6,2018,11,8,4,1,4,6,0,0,1,0,0,0,0,0,4.07203E+20,5.91849E+21,7.60403E+15,5.34073E+16
25412,3,1,55,10,2018,11,13,6,3,2,6,0,0,1,0,0,0,0,0,5.66112E+20,5.72312E+21,9.95571E+15,5.16552E+16
25413,3,3,58,21,2018,12,17,5,3,0,1,2,0,0,0,1,0,0,1,5.55576E+20,5.87167E+21,9.82797E+15,5.29917E+16
25414,3,2,57,31,2018,12,8,4,2,6,4,0,0,1,1,0,0,0,0,5.05592E+20,5.78243E+21,9.08181E+15,5.21923E+16
25415,3,1,1,0,2018,11,7,4,3,2,6,0,0,1,0,0,0,0,0,6.03608E+20,5.79709E+21,1.05199E+16,5.23143E+16
25416,3,1,57,7,2018,12,15,2,2,8,1,0,0,1,0,0,0,0,0,5.97326E+20,5.78918E+21,1.04255E+16,5.22444E+16
25417,3,4,4,0,2018,12,11,7,3,5,3,0,0,1,0,0,0,0,0,4.33196E+20,5.79154E+21,8.02099E+15,5.22701E+16
25418,3,2,41,1,2018,12,20,7,3,2,6,2,0,1,0,0,0,0,1,5.4973E+20,5.80254E+21,9.73044E+15,5.23708E+16
25419,3,4,59,13,2018,11,20,3,1,2,6,2,0,1,0,0,0,0,0,4.56768E+20,5.80295E+21,8.36493E+15,5.23751E+16
25420,3,4,4,0,2018,12,20,4,1,6,4,2,0,1,1,0,0,0,1,4.35311E+20,5.79104E+21,8.05207E+15,5.22659E+16
25421,3,3,52,32,2018,12,18,3,2,8,7,2,0,1,0,0,0,0,1,4.79036E+20,5.92606E+21,8.68408E+15,5.34831E+16
25422,3,4,59,8,2018,11,10,3,3,4,6,0,0,1,0,0,1,0,0,4.44704E+20,5.79335E+21,8.18932E+15,5.22878E+16
25423,3,4,52,14,2018,12,9,3,3,5,3,0,0,1,0,1,0,0,1,3.73531E+20,5.92138E+21,7.09661E+15,5.34263E+16
25424,3,3,55,12,2018,12,22,2,2,8,1,2,0,0,0,0,0,1,1,6.17031E+20,5.89553E+21,1.07519E+16,5.31962E+16
25425,3,2,41,19,2018,12,14,7,3,2,2,0,0,1,0,0,0,0,0,5.50985E+20,5.82011E+21,9.75157E+15,5.25287E+16
25426,3,2,57,3,2018,12,9,6,3,9,1,0,0,1,0,0,0,0,1,5.11435E+20,5.7851E+21,9.16738E+15,5.22162E+16
25427,3,1,59,16,2018,11,14,2,3,3,6,0,0,1,0,0,0,0,0,5.60983E+20,5.70864E+21,9.87905E+15,5.15256E+16