OBJECTID_1,ULAND,UREGBEZ,UKREIS,UGEMEINDE,UJAHR,UMONAT,USTUNDE,UWOCHENTAG,UKATEGORIE,UART,UTYP1,ULICHTVERH,IstRad,IstPKW,IstFuss,IstKrad,IstGkfz,IstSonstig,STRZUSTAND,LINREFX,LINREFY,XGCSWGS84,YGCSWGS84
25428,3,4,54,35,2018,12,7,6,2,5,2,2,1,1,0,0,0,0,1,3.83005E+20,5.83962E+21,7.26883E+15,5.26939E+16
25429,3,4,59,24,2018,11,21,3,3,0,7,2,1,0,0,0,0,0,1,4.54489E+20,5.78814E+21,8.33346E+15,5.22418E+16
25430,3,1,59,29,2018,11,13,3,3,2,6,0,0,1,0,1,0,0,0,5.63166E+20,5.70711E+21,9.91025E+15,5.15116E+16
25431,3,4,54,8,2018,12,17,2,2,5,2,2,0,1,0,0,0,0,1,3.8936E+20,5.87234E+21,7.35173E+15,5.29892E+16
25432,3,2,57,9,2018,12,22,3,1,3,6,2,1,0,0,0,0,1,0,5.04653E+20,5.79077E+21,9.06819E+15,5.22672E+16
25433,3,4,59,27,2018,12,5,1,3,9,1,2,0,1,0,0,0,0,1,4.2118E+20,5.80781E+21,7.8411E+15,5.24148E+16
25434,3,4,59,26,2018,11,22,3,3,8,1,2,0,1,0,0,0,0,1,4.13714E+20,5.81558E+21,7.72934E+15,5.24836E+16
25435,3,2,41,1,2018,12,17,7,3,2,6,2,0,1,0,0,0,0,1,5.47956E+20,5.80357E+21,9.70454E+15,5.23803E+16
25436,3,2,41,2,2018,12,7,6,3,6,2,2,0,1,1,0,0,0,1,5.31769E+20,5.79496E+21,9.46593E+15,5.23041E+16
25437,3,4,4,0,2018,12,7,6,3,6,4,1,0,1,1,0,0,0,1,4.301E+20,5.79123E+21,7.97567E+15,5.2267E+16
25438,3,4,4,0,2018,11,19,3,3,2,6,2,0,1,0,0,1,0,1,4.31114E+20,5.79444E+21,7.98988E+15,5.2296E+16
25439,3,2,41,5,2018,11,19,3,3,5,2,2,1,1,0,0,0,0,0,5.39968E+20,5.80736E+21,9.58765E+15,5.2415E+16
25440,3,3,52,11,2018,12,7,4,3,9,1,1,0,1,0,0,0,0,2,4.77784E+20,5.96509E+21,8.66242E+15,5.38338E+16
25441,3,4,59,3,2018,12,9,2,3,6,7,0,0,1,1,0,0,0,0,4.55368E+20,5.79676E+21,8.3452E+15,5.23193E+16
25442,3,4,54,8,2018,11,16,3,2,5,3,1,0,1,0,0,1,0,1,3.86369E+20,5.8712E+21,7.30758E+15,5.29783E+16
25443,3,2,41,5,2018,12,23,3,2,2,6,2,0,0,0,0,1,1,1,5.39392E+20,5.80829E+21,9.57929E+15,5.24234E+16
25444,3,1,2,0,2018,12,7,2,2,5,2,2,0,1,0,0,0,0,1,5.98364E+20,5.7807E+21,1.04382E+16,5.2168E+16
25445,3,4,61,7,2018,11,14,5,3,4,2,0,0,1,0,0,0,0,1,4.68572E+20,5.93089E+21,8.52591E+15,5.3526E+16
25446,3,3,61,3,2018,11,17,6,2,4,6,2,0,1,0,0,0,0,0,5.16724E+20,5.85513E+21,9.24832E+15,5.28456E+16
25447,3,4,57,18,2018,12,12,5,3,5,2,0,1,1,0,0,0,0,1,4.04721E+20,5.88832E+21,7.57575E+15,5.31357E+16
25448,3,4,56,1,2018,11,17,3,3,5,3,2,1,1,0,0,0,0,1,3.74147E+20,5.7967E+21,7.15406E+15,5.23062E+16
25449,3,3,53,40,2018,12,10,2,3,2,6,0,0,1,0,0,1,0,1,5.81054E+20,5.91052E+21,1.02173E+16,5.33377E+16
25450,3,3,61,8,2018,12,20,2,3,4,2,2,0,1,0,1,0,0,1,5.11502E+20,5.87939E+21,9.17165E+15,5.30639E+16
25451,3,2,57,28,2018,11,13,2,3,3,6,0,0,0,0,1,1,0,0,5.09075E+20,5.78823E+21,9.13292E+15,5.22444E+16
25452,3,4,57,13,2018,12,19,1,2,8,1,2,0,1,0,0,0,0,1,4.01516E+20,5.90092E+21,7.52397E+15,5.32484E+16
25453,3,1,57,6,2018,12,19,1,3,5,2,2,0,1,0,0,0,0,1,5.84272E+20,5.79888E+21,1.02368E+16,5.23337E+16
25454,3,2,51,41,2018,11,19,4,2,5,3,2,1,1,0,0,0,0,0,4.86679E+20,5.86293E+21,8.80189E+15,5.29159E+16
25455,3,1,59,35,2018,11,13,6,2,2,6,0,0,1,0,0,0,0,1,5.744E+20,5.71279E+21,1.00733E+16,5.15613E+16
25456,3,3,51,18,2018,12,7,5,3,6,4,2,0,1,1,0,0,0,1,5.73158E+20,5.82388E+21,1.00792E+16,5.25601E+16
25457,3,1,59,16,2018,12,9,4,3,5,3,0,0,1,0,0,0,0,1,5.64536E+20,5.70997E+21,9.93051E+15,5.15371E+16
25458,3,4,52,24,2018,11,16,3,3,5,3,1,0,1,0,0,0,0,0,3.84528E+20,5.93004E+21,7.25884E+15,5.35066E+16
25459,3,1,2,0,2018,12,15,2,3,2,6,0,0,1,0,0,0,0,0,5.97228E+20,5.78381E+21,1.04225E+16,5.21962E+16
25460,3,4,52,6,2018,12,18,7,3,4,2,2,0,1,0,1,0,0,1,4.04841E+20,5.91744E+21,7.56883E+15,5.33975E+16
25461,3,3,52,62,2018,12,13,6,3,5,3,0,0,1,0,0,0,0,1,4.7752E+20,5.94773E+21,8.65967E+15,5.36778E+16
25462,3,2,41,2,2018,12,8,7,2,0,7,0,0,1,0,1,0,0,0,5.34188E+20,5.79831E+21,9.50174E+15,5.2334E+16
25463,3,4,60,2,2018,11,20,3,3,8,1,2,0,0,0,0,1,0,1,4.45244E+20,5.8185E+21,8.19311E+15,5.25138E+16
25464,3,4,59,17,2018,12,13,3,3,9,1,0,0,1,0,0,0,0,0,4.0988E+20,5.81489E+21,7.67309E+15,5.24767E+16
25465,3,4,56,15,2018,11,17,3,3,2,6,2,0,1,0,0,0,0,0,3.71241E+20,5.8065E+21,7.1077E+15,5.23935E+16
25466,3,4,56,2,2018,12,7,4,3,2,2,2,0,1,0,0,0,1,0,3.55853E+20,5.83283E+21,6.8703E+15,5.26263E+16
25467,3,3,58,7,2018,12,10,3,2,3,6,0,0,1,0,0,1,0,0,5.46324E+20,5.83938E+21,9.68556E+15,5.27023E+16
25468,3,4,60,5,2018,11,17,3,3,5,3,2,0,1,0,0,0,1,1,4.4073E+20,5.82638E+21,8.1252E+15,5.25843E+16
25469,3,3,56,9,2018,12,15,3,3,2,2,0,0,1,0,0,0,0,0,4.72873E+20,5.89726E+21,8.59368E+15,5.32239E+16
25470,3,2,41,1,2018,12,13,2,3,0,7,0,1,0,0,0,0,0,1,5.49273E+20,5.80477E+21,9.72407E+15,5.2391E+16
25471,3,2,57,31,2018,12,10,7,3,5,3,0,0,1,0,0,0,0,0,5.05804E+20,5.78029E+21,9.08487E+15,5.21731E+16
25472,3,2,54,28,2018,12,15,6,3,2,6,1,0,1,0,0,0,0,1,5.58594E+20,5.78757E+21,9.85803E+15,5.22354E+16
25473,3,4,53,1,2018,12,18,6,3,5,2,2,0,1,0,0,0,0,1,4.13902E+20,5.88997E+21,7.7125E+15,5.31521E+16
25474,3,4,5,0,2018,11,13,3,3,2,6,0,0,1,0,0,0,0,0,4.42023E+20,5.93214E+21,8.12523E+15,5.3535E+16
25475,3,1,51,16,2018,11,13,3,2,4,1,0,0,1,0,0,0,0,0,6.04713E+20,5.80141E+21,1.05375E+16,5.23529E+16
25476,3,4,60,2,2018,12,7,2,3,5,2,2,1,1,0,0,0,0,1,4.44442E+20,5.82099E+21,8.18089E+15,5.25361E+16
25477,3,1,53,12,2018,12,6,3,3,5,2,2,0,1,0,0,0,0,1,5.78406E+20,5.75574E+21,1.01408E+16,5.19469E+16
25478,3,4,54,32,2018,12,15,1,3,5,3,0,0,1,0,0,0,0,1,3.89845E+20,5.81911E+21,7.37683E+15,5.25109E+16
25479,3,2,41,5,2018,11,16,5,3,2,6,1,0,1,0,0,0,0,1,5.41554E+20,5.80919E+21,9.61119E+15,5.24314E+16
25480,3,3,53,31,2018,11,7,6,3,6,4,1,0,1,1,0,0,0,0,5.67851E+20,5.91967E+21,1.0021E+16,5.34217E+16
25481,3,4,52,25,2018,12,21,5,3,5,3,2,0,1,0,0,0,0,1,4.15421E+20,5.91857E+21,7.7276E+15,5.34094E+16
25482,3,3,59,30,2018,12,5,4,3,8,1,2,0,0,0,0,0,1,2,5.12783E+20,5.96377E+21,9.19418E+15,5.38223E+16
25483,3,4,60,6,2018,11,0,1,2,2,2,2,0,1,0,0,0,0,1,4.47403E+20,5.84095E+21,8.22136E+15,5.27159E+16
25484,3,3,56,7,2018,11,19,3,3,5,3,2,1,1,0,0,0,0,1,4.86766E+20,5.89743E+21,8.80177E+15,5.3226E+16
25485,3,2,41,10,2018,12,22,2,3,3,1,2,0,1,0,0,0,0,1,5.48148E+20,5.81078E+21,9.7084E+15,5.24451E+16
25486,3,3,53,6,2018,12,17,2,3,4,6,2,0,1,0,0,0,0,1,5.46854E+20,5.90717E+21,9.70324E+15,5.33116E+16
25487,3,4,61,5,2018,12,12,1,2,8,1,0,0,1,0,0,0,0,1,4.47796E+20,5.9103E+21,8.21596E+15,5.33392E+16
25488,3,4,54,24,2018,12,22,7,2,8,1,2,0,1,0,0,0,0,1,3.95578E+20,5.84194E+21,7.45405E+15,5.27172E+16
25489,3,3,57,18,2018,11,23,4,3,9,6,2,0,1,0,0,0,0,1,5.20257E+20,5.89519E+21,9.30329E+15,5.32057E+16
25490,3,1,51,32,2018,11,14,6,3,5,3,0,0,1,0,1,0,0,1,6.27496E+20,5.82856E+21,1.08822E+16,5.25921E+16
25491,3,2,41,1,2018,12,15,5,3,5,7,0,0,1,0,0,0,0,1,5.51124E+20,5.80132E+21,9.75074E+15,5.23598E+16
25492,3,4,4,0,2018,12,19,3,3,2,6,2,0,1,0,0,0,0,0,4.34234E+20,5.79283E+21,8.03594E+15,5.22819E+16
25493,3,3,53,40,2018,12,18,7,3,8,6,2,0,1,0,0,0,0,0,5.78468E+20,5.91646E+21,1.018E+16,5.33914E+16
25494,3,3,51,22,2018,12,3,7,2,8,1,2,0,0,0,0,1,0,0,5.76402E+20,5.82552E+21,1.01274E+16,5.25743E+16
25495,3,4,59,24,2018,12,10,1,3,8,1,0,0,1,0,0,0,0,2,4.59264E+20,5.79116E+21,8.40303E+15,5.22693E+16
25496,3,2,41,9,2018,12,19,7,2,6,4,2,0,0,1,0,0,1,0,5.55374E+20,5.79534E+21,9.81216E+15,5.23056E+16
25497,3,2,54,20,2018,12,10,3,3,2,6,0,0,1,0,0,0,0,1,5.6748E+20,5.78446E+21,9.98751E+15,5.22065E+16
25498,3,2,41,2,2018,12,14,7,3,2,6,0,0,1,0,0,1,0,0,5.29306E+20,5.8008E+21,9.43032E+15,5.23567E+16
25499,3,3,52,22,2018,12,15,2,3,5,3,1,0,1,0,0,0,0,1,5.11002E+20,5.94878E+21,9.16659E+15,5.36876E+16
25500,3,2,54,21,2018,12,6,7,3,5,3,2,1,1,0,0,0,0,0,5.69414E+20,5.7794E+21,1.00148E+16,5.21607E+16
25501,3,2,54,21,2018,12,14,7,3,5,3,0,1,1,0,0,0,0,0,5.66794E+20,5.77996E+21,9.97659E+15,5.21661E+16
25502,3,1,55,10,2018,12,9,7,3,8,1,0,0,1,0,0,0,0,0,5.63769E+20,5.72165E+21,9.92157E+15,5.16422E+16
25503,3,1,3,0,2018,12,13,7,3,4,2,0,0,1,0,0,0,0,0,6.2444E+20,5.81292E+21,1.08313E+16,5.24522E+16
25504,3,4,54,8,2018,12,5,2,3,5,3,2,0,1,0,0,0,0,1,3.89102E+20,5.87004E+21,7.34867E+15,5.29685E+16
25505,3,1,51,25,2018,12,12,7,3,2,2,0,0,1,0,0,0,0,0,6.09764E+20,5.81814E+21,1.06171E+16,5.25023E+16
25506,3,1,54,13,2018,12,10,3,3,5,3,0,0,1,0,0,0,0,1,6.25662E+20,5.79079E+21,1.08409E+16,5.22532E+16
25507,3,4,53,5,2018,12,13,1,3,9,1,0,0,1,0,0,0,0,2,4.48339E+20,5.85683E+21,8.2327E+15,5.28587E+16
25508,3,3,58,10,2018,12,9,1,3,8,1,0,0,1,0,0,0,0,2,5.38211E+20,5.83897E+21,9.56546E+15,5.26993E+16
25509,3,1,51,39,2018,12,17,7,3,9,1,2,0,1,0,0,0,0,0,6.15428E+20,5.81436E+21,1.06992E+16,5.24672E+16
25510,3,4,59,29,2018,12,13,6,3,2,6,0,0,1,0,0,1,0,0,4.46592E+20,5.7991E+21,8.21608E+15,5.23396E+16
25511,3,3,57,41,2018,12,13,2,3,0,1,0,1,0,0,0,0,0,0,5.32433E+20,5.89115E+21,9.48517E+15,5.31688E+16
25512,3,4,57,17,2018,12,11,6,2,4,6,0,0,1,0,1,0,0,0,4.06883E+20,5.88862E+21,7.60798E+15,5.31388E+16
25513,3,4,54,41,2018,12,8,6,3,2,6,0,0,1,0,0,0,0,0,3.90264E+20,5.88381E+21,7.36128E+15,5.30924E+16
25514,3,4,54,19,2018,12,6,6,3,0,1,1,0,0,0,1,0,0,0,3.98727E+20,5.83676E+21,7.50225E+15,5.26713E+16
25515,3,4,62,11,2018,12,14,6,3,5,3,0,0,1,0,0,0,0,0,3.99588E+20,5.93745E+21,7.48345E+15,5.35763E+16
25516,3,4,60,6,2018,12,13,2,2,5,2,0,1,1,0,0,0,0,0,4.47263E+20,5.8351E+21,8.22023E+15,5.26633E+16
25517,3,4,52,21,2018,12,8,6,2,9,1,0,0,1,0,0,0,0,0,3.82727E+20,5.93481E+21,7.22992E+15,5.35491E+16
25518,3,2,41,6,2018,12,17,2,3,2,6,2,0,1,0,0,0,0,0,5.4147E+20,5.79661E+21,9.60839E+15,5.23182E+16
25519,3,4,52,1,2018,12,20,6,2,0,1,2,1,0,0,0,0,0,0,4.03943E+20,5.93341E+21,7.55045E+15,5.35408E+16
25520,3,2,52,2,2018,12,7,2,3,2,6,1,0,1,0,0,0,0,0,5.32249E+20,5.78082E+21,9.47162E+15,5.2177E+16
25521,3,4,52,1,2018,12,16,6,3,2,6,1,0,1,0,0,0,0,0,4.02964E+20,5.92991E+21,7.53677E+15,5.35092E+16
25522,3,4,52,23,2018,12,11,6,3,5,3,0,1,1,0,0,0,0,0,3.91911E+20,5.92901E+21,7.37047E+15,5.34989E+16
25523,3,2,41,1,2018,12,13,2,3,2,6,0,0,1,0,0,0,0,0,5.43663E+20,5.80735E+21,9.64197E+15,5.24147E+16
25524,3,4,52,1,2018,12,11,6,3,5,3,0,1,1,0,0,0,0,0,4.02376E+20,5.92664E+21,7.52893E+15,5.34796E+16
25525,3,2,41,17,2018,12,11,2,2,5,3,0,0,1,0,0,0,0,1,5.4384E+20,5.78051E+21,9.64108E+15,5.21734E+16
25526,3,4,60,1,2018,12,12,6,3,2,6,0,0,1,0,0,0,1,0,4.44692E+20,5.84199E+21,8.18105E+15,5.27249E+16
25527,3,4,53,9,2018,12,22,6,3,9,1,2,0,1,0,0,0,0,0,4.22762E+20,5.85099E+21,7.85427E+15,5.28031E+16
25528,3,4,53,11,2018,12,13,6,3,3,6,0,0,1,0,0,0,0,0,4.19364E+20,5.84721E+21,7.80481E+15,5.27687E+16
25529,3,4,55,14,2018,12,6,2,3,2,6,2,0,1,0,0,0,0,1,4.33852E+20,5.9308E+21,8.00226E+15,5.35219E+16
25530,3,4,3,0,2018,12,19,6,3,2,6,2,0,1,0,0,0,0,0,4.46106E+20,5.88958E+21,8.19407E+15,5.31529E+16
25531,3,2,41,1,2018,12,20,2,3,2,6,2,0,1,0,0,0,0,1,5.5431E+20,5.79993E+21,9.79729E+15,5.2347E+16
25532,3,4,58,14,2018,12,15,6,3,5,3,0,0,1,0,0,0,0,0,4.61803E+20,5.85924E+21,8.43239E+15,5.28815E+16
25533,3,1,57,6,2018,12,8,2,2,5,2,2,0,1,0,0,0,0,1,5.85904E+20,5.79909E+21,1.02608E+16,5.23354E+16
25534,3,4,58,8,2018,12,15,6,3,5,3,0,1,1,0,0,0,0,0,4.71906E+20,5.86213E+21,8.58226E+15,5.29081E+16
25535,3,1,55,2,2018,12,10,3,2,9,1,0,0,1,0,0,0,0,1,5.39851E+20,5.71963E+21,9.57571E+15,5.16263E+16
25536,3,3,53,29,2018,12,17,6,3,8,1,2,0,1,0,0,0,0,1,5.62463E+20,5.91316E+21,9.93867E+15,5.33639E+16
25537,3,2,41,12,2018,12,16,3,3,2,6,2,0,1,0,0,0,0,0,5.31014E+20,5.81673E+21,9.45688E+15,5.24998E+16
25538,3,3,53,13,2018,12,12,6,3,6,6,0,1,0,1,0,0,0,0,5.74868E+20,5.8983E+21,1.01215E+16,5.32287E+16
25539,3,2,51,47,2018,12,17,2,3,5,3,2,1,1,0,0,0,0,1,4.88009E+20,5.87095E+21,8.82137E+15,5.2988E+16
25540,3,3,51,1,2018,12,18,1,3,8,1,2,0,1,0,0,0,0,1,5.72739E+20,5.82408E+21,1.00731E+16,5.25619E+16
25541,3,3,53,30,2018,12,21,6,3,4,2,2,0,1,0,0,0,0,1,5.77882E+20,5.89807E+21,1.01666E+16,5.32262E+16
25542,3,3,53,5,2018,12,19,6,3,5,3,2,1,1,0,0,0,0,0,5.58699E+20,5.90852E+21,9.88125E+15,5.33226E+16
25543,3,4,4,0,2018,12,10,1,3,8,1,0,0,1,0,0,0,0,2,4.42778E+20,5.79288E+21,8.16115E+15,5.22833E+16
25544,3,3,59,38,2018,12,12,6,3,2,6,0,0,1,0,0,0,1,0,5.29751E+20,5.938E+21,9.44947E+15,5.359E+16
25545,3,2,54,22,2018,12,6,3,3,4,6,2,0,1,0,0,0,0,1,5.75334E+20,5.77472E+21,1.01003E+16,5.21179E+16
25546,3,3,52,55,2018,12,21,1,3,0,1,2,0,0,0,0,0,1,1,4.86892E+20,5.95485E+21,8.80126E+15,5.37421E+16
25547,3,2,57,3,2018,12,21,1,3,3,7,2,0,1,0,0,0,0,1,5.21216E+20,5.78995E+21,9.31085E+15,5.22595E+16
25548,3,3,58,22,2018,12,20,6,2,3,6,2,0,1,0,0,0,1,0,5.4304E+20,5.85052E+21,9.63844E+15,5.28028E+16
25549,3,3,53,40,2018,12,13,2,3,5,3,0,1,1,0,0,0,0,0,5.79846E+20,5.91383E+21,1.02E+16,5.33675E+16
25550,3,3,58,8,2018,12,15,6,3,2,6,0,0,1,0,0,0,0,0,5.54867E+20,5.864E+21,9.81611E+15,5.29229E+16
25551,3,3,58,22,2018,12,13,6,3,2,6,0,0,1,0,0,0,0,0,5.41753E+20,5.85707E+21,9.62017E+15,5.28617E+16
25552,3,4,55,25,2018,12,2,1,3,9,1,2,0,1,0,0,0,0,0,4.33877E+20,5.91598E+21,8.00575E+15,5.33888E+16
25553,3,3,57,41,2018,12,14,6,3,2,6,0,0,1,0,0,0,0,0,5.31497E+20,5.88782E+21,9.47085E+15,5.31389E+16
25554,3,2,51,44,2018,12,11,2,2,1,6,0,0,1,0,0,0,0,0,4.71979E+20,5.8223E+21,8.58674E+15,5.255E+16
25555,3,3,55,15,2018,12,16,6,3,6,6,2,0,1,1,0,0,0,0,6.02981E+20,5.91111E+21,1.05467E+16,5.33391E+16
25556,3,3,51,6,2018,12,7,6,3,3,6,2,1,0,0,0,0,0,0,5.73171E+20,5.83136E+21,1.0081E+16,5.26273E+16
25557,3,2,41,9,2018,12,13,6,3,2,6,0,0,1,0,0,0,0,0,5.5571E+20,5.79302E+21,9.8167E+15,5.22847E+16
25558,3,2,41,7,2018,12,19,6,3,5,2,2,0,1,0,0,0,0,0,5.50891E+20,5.79408E+21,9.74622E+15,5.22947E+16
25559,3,1,1,0,2018,12,18,3,3,5,2,2,1,1,0,0,0,0,1,6.07998E+20,5.79379E+21,1.05832E+16,5.22838E+16
25560,3,3,58,22,2018,12,21,1,3,8,1,2,0,1,0,0,0,0,0,5.44912E+20,5.8462E+21,9.6656E+15,5.27638E+16
25561,3,2,41,11,2018,12,13,6,3,6,4,0,0,1,1,0,0,0,0,5.67649E+20,5.80764E+21,9.99465E+15,5.24148E+16
25562,3,3,54,4,2018,12,21,2,2,5,3,2,0,1,0,0,0,0,1,6.39952E+20,5.88504E+21,1.10902E+16,5.30964E+16
25563,3,2,41,2,2018,12,21,6,3,8,7,2,0,1,0,0,0,0,0,5.30272E+20,5.7979E+21,9.44424E+15,5.23306E+16
25564,3,2,41,17,2018,12,14,6,2,9,7,0,0,1,0,0,0,0,0,5.4556E+20,5.78027E+21,9.66619E+15,5.2171E+16
25565,3,1,59,3,2018,12,12,6,3,8,1,0,0,1,0,0,0,0,1,6.03877E+20,5.72418E+21,1.05018E+16,5.1659E+16
25566,3,2,54,26,2018,12,9,6,1,9,7,0,0,1,0,0,0,0,1,5.5214E+20,5.78033E+21,9.76241E+15,5.2171E+16
25567,3,2,54,41,2018,12,17,6,3,6,4,2,0,1,1,0,0,0,0,5.47757E+20,5.76179E+21,9.69573E+15,5.20047E+16
25568,3,1,54,14,2018,12,6,6,3,2,6,2,0,1,0,0,0,0,1,6.11221E+20,5.79698E+21,1.06315E+16,5.23119E+16
25569,3,4,54,35,2018,12,17,2,3,2,6,2,0,1,0,0,0,0,1,3.83804E+20,5.83943E+21,7.28072E+15,5.26923E+16
25570,3,1,3,0,2018,12,17,6,3,5,2,2,1,1,0,0,0,0,0,6.24055E+20,5.81148E+21,1.0825E+16,5.24394E+16
25571,3,2,41,1,2018,12,7,2,3,2,6,0,0,1,0,0,0,0,0,5.48977E+20,5.80215E+21,9.71933E+15,5.23674E+16
25572,3,1,58,27,2018,12,15,6,3,5,3,0,0,1,0,0,0,0,0,6.21132E+20,5.77838E+21,1.07702E+16,5.21427E+16
25573,3,2,41,8,2018,12,5,2,3,9,1,2,0,1,0,0,1,0,0,5.58423E+20,5.81236E+21,9.85984E+15,5.24583E+16
25574,3,1,2,0,2018,12,7,6,3,2,6,0,0,1,0,0,0,0,1,5.91032E+20,5.77885E+21,1.03306E+16,5.21527E+16
25575,3,1,53,12,2018,12,5,6,3,9,1,2,0,1,0,0,0,0,1,5.77411E+20,5.75042E+21,1.01251E+16,5.18991E+16
25576,3,2,41,1,2018,12,16,3,3,3,2,2,1,1,0,0,0,0,1,5.53387E+20,5.79726E+21,9.78332E+15,5.23231E+16
25577,3,1,59,34,2018,12,18,1,3,4,1,2,0,1,0,0,0,0,1,5.41073E+20,5.68809E+21,9.58969E+15,5.13426E+16
25578,3,4,52,14,2018,12,14,1,3,9,1,0,0,1,0,0,0,0,2,3.73468E+20,5.92274E+21,7.09511E+15,5.34385E+16
25579,3,1,53,17,2018,12,13,6,3,2,6,0,0,1,0,0,0,0,0,5.97381E+20,5.75226E+21,1.04158E+16,5.19126E+16
25580,3,4,51,8,2018,12,17,2,3,5,2,2,1,1,0,0,0,0,1,4.4099E+20,5.90128E+21,8.11541E+15,5.32575E+16
25581,3,1,51,23,2018,12,17,6,3,2,6,2,0,1,0,0,0,0,0,6.04355E+20,5.80874E+21,1.05345E+16,5.2419E+16
25582,3,4,55,26,2018,12,13,2,3,5,2,0,1,1,0,0,0,0,0,4.42773E+20,5.91641E+21,8.13941E+15,5.33937E+16
25583,3,1,1,0,2018,12,14,6,3,2,6,0,0,1,0,0,0,0,0,6.01858E+20,5.79056E+21,1.04923E+16,5.2256E+16
25584,3,2,41,10,2018,12,18,2,3,2,6,2,0,1,0,1,0,0,1,5.50347E+20,5.81258E+21,9.74102E+15,5.24611E+16
25585,3,4,59,24,2018,12,7,5,3,5,3,2,1,1,0,0,0,0,2,4.53519E+20,5.78404E+21,8.31982E+15,5.22048E+16
25586,3,1,54,8,2018,12,6,2,3,8,6,2,0,1,0,1,0,0,1,6.38597E+20,5.79729E+21,1.1033E+16,5.23084E+16
25587,3,4,4,0,2018,12,19,5,2,4,6,2,0,1,0,0,0,0,0,4.40708E+20,5.79311E+21,8.13077E+15,5.22851E+16
25588,3,4,4,0,2018,12,13,5,2,9,1,0,1,0,0,0,0,0,0,4.28295E+20,5.79413E+21,7.94862E+15,5.22929E+16
25589,3,2,41,1,2018,12,16,3,2,5,3,2,1,1,0,0,0,0,0,5.50306E+20,5.80223E+21,9.73886E+15,5.2368E+16
25590,3,1,58,37,2018,12,18,1,3,2,6,2,0,1,0,0,0,0,1,6.05253E+20,5.78164E+21,1.05392E+16,5.21752E+16
25591,3,4,57,13,2018,12,17,5,3,4,6,2,1,0,0,0,0,0,0,3.94766E+20,5.89773E+21,7.4239E+15,5.32184E+16
25592,3,2,51,7,2018,12,15,2,3,9,1,0,0,1,0,0,0,0,1,4.85481E+20,5.85975E+21,8.78421E+15,5.28873E+16
25593,3,4,56,15,2018,12,20,5,3,5,2,2,1,1,0,0,0,0,0,3.67095E+20,5.81102E+21,7.04501E+15,5.24332E+16
25594,3,2,41,14,2018,12,18,1,3,6,2,2,0,1,1,0,0,0,0,5.4346E+20,5.79386E+21,9.63724E+15,5.22934E+16
25595,3,4,54,19,2018,12,18,5,3,2,2,2,0,1,0,0,0,0,0,3.96056E+20,5.83827E+21,7.46229E+15,5.26843E+16
25596,3,4,53,1,2018,12,6,5,3,5,3,2,1,1,0,0,0,0,0,4.15864E+20,5.89187E+21,7.74134E+15,5.31695E+16
25597,3,4,54,19,2018,12,12,1,2,9,1,0,0,1,0,0,0,0,2,3.99176E+20,5.83368E+21,7.50983E+15,5.26437E+16
25598,3,1,2,0,2018,12,17,1,3,5,3,2,0,1,0,0,0,0,1,5.92795E+20,5.76445E+21,1.03524E+16,5.2023E+16
25599,3,4,55,7,2018,12,7,5,3,5,3,2,1,1,0,0,0,0,0,4.26897E+20,5.9366E+21,7.896E+15,5.35732E+16
25600,3,3,56,11,2018,12,17,5,3,2,6,2,0,1,0,1,0,0,0,4.96624E+20,5.89632E+21,8.94944E+15,5.32162E+16
25601,3,4,59,24,2018,12,10,1,3,9,1,0,0,1,0,0,0,0,2,4.4971E+20,5.7853E+21,8.2639E+15,5.22159E+16
25602,3,4,3,0,2018,12,6,5,3,5,3,2,0,1,0,0,0,0,0,4.46284E+20,5.88697E+21,8.19718E+15,5.31294E+16
25603,3,2,54,26,2018,12,11,3,3,5,3,0,0,1,0,0,0,0,0,5.55251E+20,5.78148E+21,9.80809E+15,5.21811E+16
25604,3,1,53,18,2018,12,1,1,2,8,1,2,0,1,0,0,0,0,1,5.90042E+20,5.74032E+21,1.0306E+16,5.18065E+16
25605,3,4,51,7,2018,12,17,5,3,4,2,2,0,1,0,0,1,0,0,4.28957E+20,5.9014E+21,7.93504E+15,5.32571E+16
25606,3,3,52,61,2018,12,17,2,3,9,1,2,0,1,0,0,0,0,1,4.78288E+20,5.95546E+21,8.67076E+15,5.37473E+16
25607,3,4,61,2,2018,12,17,5,3,2,6,2,0,1,0,0,0,1,0,4.63907E+20,5.90906E+21,8.45805E+15,5.33295E+16
25608,3,4,1,0,2018,12,21,5,3,5,3,2,0,1,0,0,0,0,0,4.78022E+20,5.87718E+21,8.67218E+15,5.30437E+16
25609,3,3,53,12,2018,12,15,5,3,5,3,0,0,1,0,0,0,0,0,5.76311E+20,5.90545E+21,1.01449E+16,5.32928E+16
25610,3,1,53,17,2018,12,19,1,3,8,1,2,0,1,0,0,0,0,2,6.05762E+20,5.75784E+21,1.05393E+16,5.19612E+16
25611,3,3,53,19,2018,12,17,5,3,2,2,2,0,1,0,0,0,0,0,5.47401E+20,5.91319E+21,9.71235E+15,5.33657E+16
25612,3,4,57,13,2018,12,7,2,3,2,6,1,0,1,0,0,0,0,1,3.93525E+20,5.89676E+21,7.40564E+15,5.32095E+16
25613,3,4,59,12,2018,12,7,7,2,2,6,2,0,1,0,0,0,0,0,4.42681E+20,5.78742E+21,8.16066E+15,5.22342E+16
25614,3,3,59,25,2018,12,17,5,2,4,6,2,0,1,0,0,0,1,0,5.21176E+20,5.9394E+21,9.32001E+15,5.3603E+16
25615,3,2,41,1,2018,12,13,2,3,2,6,0,0,1,0,0,0,0,1,5.46753E+20,5.8049E+21,9.68706E+15,5.23924E+16