OBJECTID_1,ULAND,UREGBEZ,UKREIS,UGEMEINDE,UJAHR,UMONAT,USTUNDE,UWOCHENTAG,UKATEGORIE,UART,UTYP1,ULICHTVERH,IstRad,IstPKW,IstFuss,IstKrad,IstGkfz,IstSonstig,STRZUSTAND,LINREFX,LINREFY,XGCSWGS84,YGCSWGS84
25616,3,3,58,22,2018,12,11,5,3,3,6,0,0,1,0,0,1,0,0,5.40374E+20,5.8538E+21,9.59929E+15,5.28324E+16
25617,3,2,41,1,2018,12,13,2,2,5,2,0,1,1,0,0,0,0,1,5.5507E+20,5.80355E+21,9.80904E+15,5.23794E+16
25618,3,2,52,4,2018,12,6,3,2,3,6,2,0,1,0,0,0,0,1,5.3229E+20,5.77516E+21,9.47167E+15,5.21261E+16
25619,3,3,58,3,2018,12,14,5,3,8,1,0,0,1,0,0,0,0,0,5.28367E+20,5.85017E+21,9.42076E+15,5.28006E+16
25620,3,3,58,21,2018,12,9,5,3,5,3,0,1,1,0,0,0,0,0,5.57127E+20,5.87115E+21,9.85099E+15,5.29869E+16
25621,3,3,57,41,2018,12,7,2,3,7,7,1,0,1,0,0,0,0,0,5.2884E+20,5.89328E+21,9.43162E+15,5.31881E+16
25622,3,3,57,51,2018,12,18,5,3,4,2,2,0,1,0,0,0,0,0,5.36913E+20,5.86967E+21,9.54972E+15,5.29753E+16
25623,3,3,57,39,2018,12,15,5,3,5,3,0,1,1,0,0,0,0,0,5.2636E+20,5.88468E+21,9.3938E+15,5.31109E+16
25624,3,3,51,12,2018,12,16,5,2,4,6,1,0,1,0,0,0,0,1,5.64312E+20,5.83199E+21,9.9503E+15,5.26341E+16
25625,3,4,57,13,2018,12,14,7,2,5,3,0,0,1,0,0,0,0,0,3.97242E+20,5.90219E+21,7.45953E+15,5.3259E+16
25626,3,3,51,6,2018,12,16,5,2,4,2,2,0,1,0,0,0,0,0,5.6876E+20,5.82881E+21,1.00154E+16,5.26049E+16
25627,3,4,52,19,2018,12,18,2,3,5,3,2,0,1,0,0,0,0,1,3.81811E+20,5.94042E+21,7.21397E+15,5.35993E+16
25628,3,2,41,9,2018,12,17,5,3,4,2,2,0,1,0,0,0,0,0,5.55588E+20,5.79512E+21,9.81525E+15,5.23036E+16
25629,3,2,41,1,2018,12,22,2,3,5,7,2,0,1,0,0,0,0,1,5.54549E+20,5.80661E+21,9.80189E+15,5.2407E+16
25630,3,2,41,1,2018,12,17,5,3,5,3,2,1,1,0,0,0,0,0,5.49438E+20,5.80448E+21,9.72645E+15,5.23883E+16
25631,3,2,56,18,2018,12,14,2,3,8,1,0,0,1,0,0,0,0,1,5.09265E+20,5.81445E+21,9.13643E+15,5.24801E+16
25632,3,2,41,1,2018,12,13,5,3,5,3,0,0,1,0,0,0,0,0,5.47245E+20,5.80793E+21,9.69471E+15,5.24196E+16
25633,3,2,41,11,2018,12,17,5,3,2,6,2,0,1,0,0,0,0,0,5.66229E+20,5.80294E+21,9.97283E+15,5.23727E+16
25634,3,2,41,21,2018,12,11,3,3,0,3,0,1,1,0,0,0,0,0,5.29565E+20,5.80799E+21,9.43475E+15,5.24213E+16
25635,3,2,41,11,2018,12,15,5,3,2,6,0,0,1,0,0,0,0,0,5.66508E+20,5.80293E+21,9.97694E+15,5.23726E+16
25636,3,2,41,18,2018,12,13,5,3,0,1,0,0,0,0,1,0,0,1,5.77274E+20,5.80799E+21,1.01362E+16,5.24167E+16
25637,3,4,54,41,2018,12,20,7,3,5,3,2,0,1,0,0,0,0,0,3.91949E+20,5.88152E+21,7.3872E+15,5.30723E+16
25638,3,2,41,12,2018,12,17,5,2,5,2,2,1,1,0,0,0,0,0,5.3242E+20,5.81238E+21,9.47716E+15,5.24606E+16
25639,3,3,61,12,2018,12,15,2,3,5,3,1,0,1,0,0,1,0,1,5.16388E+20,5.86764E+21,9.24397E+15,5.29581E+16
25640,3,2,41,1,2018,12,14,5,3,2,6,0,0,1,0,0,0,1,0,5.49452E+20,5.79873E+21,9.7258E+15,5.23366E+16
25641,3,2,41,10,2018,12,17,2,2,5,2,2,0,1,0,0,0,0,1,5.49165E+20,5.81024E+21,9.72329E+15,5.24402E+16
25642,3,2,56,26,2018,12,8,5,3,4,2,0,0,1,0,0,0,0,1,5.30824E+20,5.83436E+21,9.45571E+15,5.26583E+16
25643,3,1,57,1,2018,12,16,2,3,5,3,2,0,1,0,0,0,0,1,5.85995E+20,5.80488E+21,1.02636E+16,5.23874E+16
25644,3,2,54,20,2018,12,9,5,3,8,1,0,0,1,0,0,0,0,1,5.70712E+20,5.78426E+21,1.00348E+16,5.22043E+16
25645,3,2,41,1,2018,12,8,3,3,8,1,0,0,1,0,0,0,0,1,5.56179E+20,5.79565E+21,9.82402E+15,5.23083E+16
25646,3,4,62,5,2018,12,9,7,3,5,2,0,0,1,0,0,0,0,0,4.2348E+20,5.92278E+21,7.84779E+15,5.34485E+16
25647,3,2,54,21,2018,12,10,5,3,9,1,0,0,1,0,0,1,0,2,5.71256E+20,5.77611E+21,1.0041E+16,5.2131E+16
25648,3,2,51,41,2018,12,20,2,3,5,3,2,0,1,0,0,0,0,1,4.91021E+20,5.85832E+21,8.86659E+15,5.28745E+16
25649,3,2,52,5,2018,12,17,5,2,9,1,2,0,1,0,0,0,0,1,5.33882E+20,5.76567E+21,9.494E+15,5.20406E+16
25650,3,4,52,6,2018,12,20,7,3,5,3,2,0,1,0,0,0,0,0,4.07178E+20,5.91783E+21,7.60385E+15,5.34014E+16
25651,3,2,52,6,2018,12,15,5,3,2,6,0,0,1,0,0,0,0,1,5.25036E+20,5.77269E+21,9.36554E+15,5.21042E+16
25652,3,4,3,0,2018,12,17,2,3,2,6,2,0,1,0,0,1,0,1,4.45872E+20,5.88708E+21,8.19099E+15,5.31304E+16
25653,3,1,59,16,2018,12,18,5,3,5,3,2,1,1,0,0,0,0,0,5.62983E+20,5.70956E+21,9.90804E+15,5.15336E+16
25654,3,1,59,29,2018,12,12,5,3,0,6,0,0,1,0,0,0,1,1,5.60798E+20,5.70424E+21,9.87564E+15,5.1486E+16
25655,3,4,59,27,2018,12,10,1,3,9,1,0,0,1,0,0,0,0,2,4.20916E+20,5.80621E+21,7.83761E+15,5.24004E+16
25656,3,4,53,7,2018,12,10,7,3,4,6,0,0,1,0,0,0,0,0,4.21482E+20,5.87562E+21,7.82933E+15,5.30244E+16
25657,3,1,59,16,2018,12,8,5,3,2,6,0,0,1,0,0,0,0,1,5.67139E+20,5.71166E+21,9.96836E+15,5.1552E+16
25658,3,2,54,29,2018,12,9,3,2,8,1,0,0,1,0,0,0,0,1,5.73553E+20,5.78032E+21,1.00755E+16,5.21684E+16
25659,3,4,53,4,2018,12,17,7,3,2,6,2,0,1,0,0,0,0,0,4.35998E+20,5.85499E+21,8.0498E+15,5.28408E+16
25660,3,4,55,26,2018,12,13,1,3,9,7,0,0,1,0,0,0,0,1,4.41888E+20,5.9127E+21,8.12679E+15,5.33602E+16
25661,3,1,59,16,2018,12,5,5,3,5,2,2,1,1,0,0,0,0,0,5.61791E+20,5.70898E+21,9.89076E+15,5.15285E+16
25662,3,3,53,31,2018,12,18,2,2,3,6,2,0,1,0,0,1,0,1,5.6857E+20,5.9138E+21,1.00306E+16,5.33688E+16
25663,3,1,59,16,2018,12,10,5,3,0,2,0,1,1,0,0,0,0,1,5.65934E+20,5.70985E+21,9.95065E+15,5.15359E+16
25664,3,1,58,39,2018,12,9,5,3,9,1,0,0,1,0,0,0,0,1,6.03104E+20,5.76014E+21,1.05013E+16,5.19824E+16
25665,3,1,58,37,2018,12,8,5,2,4,2,1,0,1,0,1,0,0,1,6.05182E+20,5.78087E+21,1.0538E+16,5.21683E+16
25666,3,3,56,8,2018,12,17,7,3,2,6,2,0,1,0,0,0,0,0,4.82345E+20,5.89265E+21,8.73581E+15,5.31829E+16
25667,3,1,57,5,2018,12,20,5,3,5,3,2,0,1,0,0,0,0,0,5.91609E+20,5.78262E+21,1.034E+16,5.21864E+16
25668,3,1,53,12,2018,12,10,5,2,6,4,0,0,1,1,0,0,0,1,5.8102E+20,5.74938E+21,1.01773E+16,5.18893E+16
25669,3,3,56,7,2018,12,8,7,2,8,1,0,0,1,0,0,0,0,0,4.80657E+20,5.90128E+21,8.71002E+15,5.32604E+16
25670,3,1,53,17,2018,12,10,5,2,6,7,0,0,0,1,0,0,1,0,5.98073E+20,5.75244E+21,1.04259E+16,5.1914E+16
25671,3,1,51,17,2018,12,14,3,3,8,1,0,0,1,0,0,0,0,1,5.93649E+20,5.81003E+21,1.03775E+16,5.24324E+16
25672,3,3,61,9,2018,12,21,7,3,4,2,2,0,1,0,0,0,0,0,5.0214E+20,5.87793E+21,9.03192E+15,5.30508E+16
25673,3,1,51,9,2018,12,15,5,3,2,6,0,0,1,0,0,0,0,0,6.06607E+20,5.81742E+21,1.05704E+16,5.24965E+16
25674,3,4,59,19,2018,12,9,4,3,2,6,0,0,1,0,0,0,0,1,4.38458E+20,5.7863E+21,8.09904E+15,5.22237E+16
25675,3,3,53,26,2018,12,1,2,3,8,6,2,0,1,0,0,0,0,1,5.53376E+20,5.91386E+21,9.80225E+15,5.33712E+16
25676,3,4,4,0,2018,12,7,4,3,2,6,1,0,1,0,0,0,1,0,4.37727E+20,5.78879E+21,8.08788E+15,5.2246E+16
25677,3,4,54,35,2018,12,8,1,2,9,1,0,0,1,0,0,0,0,2,3.76097E+20,5.8424E+21,7.16562E+15,5.27173E+16
25678,3,4,59,22,2018,12,9,4,3,5,3,1,0,1,0,0,0,0,1,4.41212E+20,5.77674E+21,8.14102E+15,5.2138E+16
25679,3,4,59,33,2018,12,8,4,2,6,4,1,0,1,1,0,0,0,1,4.30509E+20,5.80007E+21,7.97984E+15,5.23465E+16
25680,3,3,61,12,2018,12,15,7,3,2,6,2,0,1,0,0,0,0,0,5.16017E+20,5.86841E+21,9.23847E+15,5.29651E+16
25681,3,4,59,26,2018,12,10,4,2,5,3,0,0,1,0,0,0,0,1,4.19171E+20,5.81186E+21,7.8106E+15,5.24509E+16
25682,3,4,60,8,2018,12,15,2,2,5,3,0,1,1,0,0,0,0,1,4.4695E+20,5.82718E+21,8.21687E+15,5.2592E+16
25683,3,4,51,2,2018,12,14,7,3,2,6,0,0,1,0,0,0,0,0,4.40205E+20,5.89371E+21,8.10507E+15,5.31894E+16
25684,3,4,4,0,2018,12,17,4,3,2,6,2,0,1,0,0,0,0,0,4.33087E+20,5.79413E+21,8.01887E+15,5.22934E+16
25685,3,4,56,15,2018,12,7,4,3,2,2,1,0,1,0,0,0,0,1,3.71016E+20,5.80973E+21,7.10315E+15,5.24225E+16
25686,3,4,54,19,2018,12,16,2,3,5,2,2,0,1,0,0,1,0,1,3.98789E+20,5.83736E+21,7.50298E+15,5.26767E+16
25687,3,4,51,4,2018,12,11,7,3,8,1,0,0,1,0,0,1,0,0,4.38488E+20,5.88648E+21,8.08077E+15,5.31242E+16
25688,3,4,54,35,2018,12,17,4,2,2,6,2,0,1,0,0,0,0,0,3.85232E+20,5.83753E+21,7.30249E+15,5.26755E+16
25689,3,2,41,1,2018,12,17,2,3,2,6,2,0,1,0,0,1,0,1,5.47738E+20,5.80246E+21,9.70118E+15,5.23703E+16
25690,3,4,54,45,2018,12,7,4,3,2,6,1,0,1,0,0,0,0,1,3.93003E+20,5.79911E+21,7.42973E+15,5.23319E+16
25691,3,2,41,1,2018,12,6,2,2,0,2,2,0,1,0,1,0,0,1,5.51156E+20,5.80126E+21,9.75119E+15,5.23592E+16
25692,3,4,52,1,2018,12,20,4,3,5,3,2,0,1,0,0,0,0,1,4.06929E+20,5.93296E+21,7.59563E+15,5.35373E+16
25693,3,4,55,26,2018,12,7,4,3,4,6,1,1,0,0,0,0,0,0,4.42556E+20,5.9162E+21,8.13619E+15,5.33918E+16
25694,3,2,41,1,2018,12,19,3,3,5,3,2,1,1,0,0,0,0,0,5.56252E+20,5.80166E+21,9.8261E+15,5.23624E+16
25695,3,4,61,9,2018,12,7,7,3,2,6,1,0,1,0,0,0,0,0,4.6508E+20,5.92101E+21,8.47434E+15,5.3437E+16
25696,3,4,55,26,2018,12,16,4,3,5,3,2,1,1,0,0,0,0,0,4.40474E+20,5.91468E+21,8.10517E+15,5.33779E+16
25697,3,4,3,0,2018,12,7,2,3,2,6,2,0,1,0,0,0,0,1,4.45906E+20,5.88783E+21,8.19139E+15,5.31371E+16
25698,3,4,51,4,2018,12,7,4,3,5,3,1,1,1,0,0,0,0,1,4.33726E+20,5.88643E+21,8.00963E+15,5.31232E+16
25699,3,2,51,41,2018,12,10,4,3,5,3,0,1,1,0,0,0,0,0,4.88442E+20,5.86286E+21,8.82812E+15,5.29153E+16
25700,3,1,53,17,2018,12,16,2,3,1,5,1,0,1,0,0,0,0,1,6.02189E+20,5.75085E+21,1.04852E+16,5.1899E+16
25701,3,2,41,14,2018,12,16,2,3,2,6,2,0,1,0,0,0,0,0,5.43192E+20,5.79805E+21,9.63385E+15,5.23311E+16
25702,3,2,51,6,2018,12,21,4,3,9,1,2,0,0,0,0,1,0,0,4.72216E+20,5.82885E+21,8.58969E+15,5.2609E+16
25703,3,1,59,16,2018,12,8,2,3,2,2,0,0,1,0,0,0,0,1,5.64581E+20,5.71199E+21,9.93153E+15,5.15553E+16
25704,3,4,1,0,2018,12,0,4,3,9,7,2,0,1,0,0,0,0,0,4.77747E+20,5.87584E+21,8.66817E+15,5.30316E+16
25705,3,3,52,32,2018,12,10,4,3,2,6,0,0,1,0,0,0,0,0,4.75416E+20,5.92746E+21,8.62942E+15,5.34955E+16
25706,3,2,41,5,2018,12,18,3,3,5,3,2,0,1,0,0,0,0,1,5.42031E+20,5.8089E+21,9.61818E+15,5.24287E+16
25707,3,4,58,5,2018,12,16,7,2,0,1,2,0,0,0,1,0,0,0,4.68651E+20,5.88352E+21,8.53178E+15,5.31002E+16
25708,3,3,53,26,2018,12,15,4,2,4,1,0,0,1,0,0,0,0,1,5.52499E+20,5.92E+21,9.79009E+15,5.34264E+16
25709,3,2,51,37,2018,12,16,2,2,5,3,2,0,1,1,0,0,0,1,4.82538E+20,5.8744E+21,8.73969E+15,5.30188E+16
25710,3,2,41,1,2018,12,16,1,3,1,7,1,0,1,0,0,0,0,1,5.48583E+20,5.80335E+21,9.71371E+15,5.23782E+16
25711,3,3,53,35,2018,12,13,4,3,5,3,0,1,1,0,0,0,0,1,5.47771E+20,5.90342E+21,9.71645E+15,5.32779E+16
25712,3,3,58,22,2018,12,16,4,3,2,6,2,0,1,0,0,0,0,0,5.4564E+20,5.85044E+21,9.67699E+15,5.28018E+16
25713,3,4,57,24,2018,12,14,1,3,2,6,0,0,1,0,0,0,0,2,3.83545E+20,5.88682E+21,7.2599E+15,5.3118E+16
25714,3,3,52,62,2018,12,13,7,3,8,1,0,0,1,0,0,0,0,0,4.76385E+20,5.94128E+21,8.64298E+15,5.36198E+16
25715,3,3,58,21,2018,12,14,4,3,5,3,0,1,1,0,0,0,0,0,5.57107E+20,5.87115E+21,9.85069E+15,5.29869E+16
25716,3,2,54,5,2018,12,12,3,3,5,3,0,0,1,0,0,0,0,1,5.69461E+20,5.76458E+21,1.00124E+16,5.20275E+16
25717,3,3,52,42,2018,12,14,7,3,5,3,0,0,1,0,0,0,0,0,5.07371E+20,5.95564E+21,9.11178E+15,5.37494E+16
25718,3,3,57,44,2018,12,13,4,3,5,3,0,0,1,0,0,0,0,1,5.33862E+20,5.90388E+21,9.5079E+15,5.3283E+16
25719,3,3,57,1,2018,12,13,4,3,2,6,0,0,1,0,0,0,0,1,5.21657E+20,5.87759E+21,9.32306E+15,5.30474E+16
25720,3,2,56,4,2018,12,3,3,3,9,1,2,0,1,0,0,0,0,1,4.83086E+20,5.80809E+21,8.75128E+15,5.24228E+16
25721,3,3,55,42,2018,12,17,4,3,5,3,2,0,1,0,0,0,0,1,5.90838E+20,5.90975E+21,1.0364E+16,5.33291E+16
25722,3,3,52,32,2018,12,14,2,3,2,6,0,0,1,0,0,0,0,1,4.76652E+20,5.92524E+21,8.64822E+15,5.34756E+16
25723,3,3,51,6,2018,12,14,4,3,3,6,0,0,1,0,0,1,0,0,5.72385E+20,5.83218E+21,1.00696E+16,5.26347E+16
25724,3,2,41,1,2018,12,21,4,3,2,6,2,0,1,0,0,0,0,0,5.47733E+20,5.80254E+21,9.70112E+15,5.23711E+16
25725,3,2,41,3,2018,12,18,4,3,5,2,2,0,1,0,0,0,0,0,5.68819E+20,5.8113E+21,1.00126E+16,5.24475E+16
25726,3,2,41,3,2018,12,18,4,3,2,6,2,0,1,0,0,0,0,1,5.67661E+20,5.81089E+21,9.99547E+15,5.2444E+16
25727,3,4,4,0,2018,12,5,2,3,3,6,2,0,1,0,0,1,0,1,4.37916E+20,5.79001E+21,8.09042E+15,5.2257E+16
25728,3,2,41,5,2018,12,16,4,2,8,1,2,0,0,0,0,0,1,0,5.37245E+20,5.81186E+21,9.54811E+15,5.24556E+16
25729,3,3,54,18,2018,12,8,2,3,2,6,1,0,1,0,0,0,1,1,6.42651E+20,5.87178E+21,1.11246E+16,5.29766E+16
25730,3,1,55,11,2018,12,22,4,3,5,3,2,0,1,0,0,0,0,0,5.67567E+20,5.72866E+21,9.9778E+15,5.17048E+16
25731,3,2,41,1,2018,12,14,2,3,5,2,0,0,1,0,0,0,0,1,5.45651E+20,5.7999E+21,9.67019E+15,5.23475E+16
25732,3,1,55,11,2018,12,17,4,3,6,2,2,0,1,1,0,0,0,1,5.68561E+20,5.72826E+21,9.99211E+15,5.17011E+16
25733,3,2,56,26,2018,12,20,4,2,8,7,2,0,1,0,0,0,0,1,5.31165E+20,5.83446E+21,9.46077E+15,5.26592E+16
25734,3,2,56,19,2018,12,17,4,3,7,7,1,0,0,0,1,0,0,1,5.04099E+20,5.83015E+21,9.06056E+15,5.26213E+16
25735,3,3,53,5,2018,12,16,2,3,4,2,1,0,1,0,0,0,0,1,5.56632E+20,5.91084E+21,9.85064E+15,5.33437E+16
25736,3,2,57,9,2018,12,16,4,3,8,6,2,0,1,0,0,0,0,1,5.00596E+20,5.7899E+21,9.00874E+15,5.22595E+16
25737,3,2,56,20,2018,12,5,4,2,0,7,2,0,1,0,0,0,1,1,5.19451E+20,5.82585E+21,9.28708E+15,5.25823E+16
25738,3,2,54,8,2018,12,6,4,3,2,2,2,0,1,0,0,0,0,1,5.79231E+20,5.76165E+21,1.01541E+16,5.19998E+16
25739,3,2,54,2,2018,12,16,4,3,5,3,2,0,1,0,0,0,0,1,5.59201E+20,5.76147E+21,9.86238E+15,5.20007E+16
25740,3,4,54,14,2018,12,9,2,3,8,1,0,0,1,0,0,0,0,1,3.82852E+20,5.82927E+21,7.27024E+15,5.26008E+16
25741,3,2,52,4,2018,12,9,4,2,5,3,0,0,1,0,0,0,0,1,5.34005E+20,5.77569E+21,9.49679E+15,5.21307E+16
25742,3,2,41,1,2018,12,17,2,3,9,1,2,0,1,0,0,0,0,1,5.60089E+20,5.80134E+21,9.88237E+15,5.23591E+16
25743,3,2,52,6,2018,12,16,4,3,4,2,1,0,0,0,1,0,1,1,5.26775E+20,5.77236E+21,9.3909E+15,5.21012E+16
25744,3,1,55,11,2018,12,12,2,3,2,6,0,0,1,0,0,0,0,1,5.6752E+20,5.72866E+21,9.97713E+15,5.17048E+16
25745,3,1,59,22,2018,12,15,4,3,4,2,0,0,1,0,0,0,0,0,5.7909E+20,5.71531E+21,1.01415E+16,5.15833E+16
25746,3,1,59,7,2018,12,15,4,3,2,2,0,0,1,0,0,0,0,1,5.65058E+20,5.71708E+21,9.93934E+15,5.1601E+16
25747,3,2,41,21,2018,12,11,3,3,0,7,0,0,1,0,0,0,0,0,5.31848E+20,5.80805E+21,9.46833E+15,5.24218E+16
25748,3,4,60,9,2018,12,16,1,3,2,7,2,0,1,1,0,0,0,2,4.49743E+20,5.84137E+21,8.25593E+15,5.27199E+16
25749,3,1,54,5,2018,12,18,4,3,3,6,2,1,1,0,0,0,0,1,6.30456E+20,5.78615E+21,1.09093E+16,5.22103E+16
25750,3,4,3,0,2018,12,17,2,3,4,2,2,0,1,0,0,0,0,1,4.50477E+20,5.8858E+21,8.26002E+15,5.31193E+16
25751,3,1,3,0,2018,12,15,4,3,8,7,0,0,0,0,0,1,0,1,6.18315E+20,5.80349E+21,1.07378E+16,5.23689E+16
25752,3,3,61,1,2018,12,16,2,3,2,6,2,0,1,0,0,0,0,1,5.02282E+20,5.87358E+21,9.03401E+15,5.30118E+16
25753,3,1,58,27,2018,12,18,4,3,2,2,2,0,1,0,0,0,0,1,6.20974E+20,5.77858E+21,1.07679E+16,5.21445E+16
25754,3,2,41,1,2018,12,15,2,3,2,6,1,0,1,0,0,0,0,1,5.45737E+20,5.80893E+21,9.67267E+15,5.24287E+16
25755,3,1,58,37,2018,12,7,4,2,4,6,1,0,1,0,0,0,0,1,6.10468E+20,5.78219E+21,1.06156E+16,5.21791E+16
25756,3,1,58,37,2018,12,18,2,3,5,3,2,0,1,0,0,0,0,1,6.0445E+20,5.78041E+21,1.05271E+16,5.21643E+16
25757,3,1,57,8,2018,12,19,4,2,5,3,2,0,1,0,0,0,0,1,5.9457E+20,5.80285E+21,1.0389E+16,5.23678E+16
25758,3,1,57,2,2018,12,16,4,3,3,6,2,0,1,0,0,0,1,1,5.74681E+20,5.7916E+21,1.00944E+16,5.22697E+16
25759,3,2,41,11,2018,12,6,3,3,5,2,2,0,1,0,0,0,0,1,5.69399E+20,5.80425E+21,1.00197E+16,5.23841E+16
25760,3,1,2,0,2018,12,16,4,3,2,6,0,0,1,0,0,0,0,0,5.90466E+20,5.77982E+21,1.03226E+16,5.21614E+16
25761,3,2,51,42,2018,12,13,2,3,5,3,0,0,1,0,0,0,0,1,4.76671E+20,5.84987E+21,8.65399E+15,5.27981E+16
25762,3,1,53,8,2018,12,13,4,2,8,1,0,0,1,0,0,0,0,0,5.95747E+20,5.76285E+21,1.0395E+16,5.20081E+16
25763,3,2,54,21,2018,12,2,1,3,5,2,2,0,1,0,0,0,0,0,5.66522E+20,5.77888E+21,9.9724E+15,5.21564E+16
25764,3,1,1,0,2018,12,10,4,3,2,6,0,0,1,0,0,0,0,0,6.04722E+20,5.78495E+21,1.05325E+16,5.2205E+16
25765,3,4,54,41,2018,12,10,7,3,2,6,0,0,1,0,0,0,0,1,3.92525E+20,5.88086E+21,7.39602E+15,5.30664E+16
25766,3,4,59,3,2018,12,10,5,2,4,6,0,0,1,0,0,1,0,1,4.54526E+20,5.79764E+21,8.33273E+15,5.23272E+16
25767,3,2,52,6,2018,12,5,7,2,9,7,2,0,1,0,0,0,0,1,5.30071E+20,5.77276E+21,9.43905E+15,5.21046E+16
25768,3,4,59,30,2018,12,7,5,3,5,3,1,0,1,0,0,0,0,1,4.30616E+20,5.83678E+21,7.97376E+15,5.26765E+16
25769,3,3,61,5,2018,12,5,2,3,9,1,2,0,1,0,0,0,0,1,5.23674E+20,5.86648E+21,9.35234E+15,5.29474E+16
25770,3,4,5,0,2018,12,17,6,3,6,2,2,0,1,1,0,0,0,1,4.39776E+20,5.93088E+21,8.09157E+15,5.35234E+16
25771,3,4,4,0,2018,12,17,5,3,6,2,2,0,1,1,0,0,0,1,4.32263E+20,5.79104E+21,8.0074E+15,5.22656E+16
25772,3,3,53,5,2018,12,7,6,3,5,3,2,1,1,0,0,0,0,1,5.58646E+20,5.91064E+21,9.88086E+15,5.33416E+16
25773,3,2,41,8,2018,12,16,1,2,6,2,2,0,1,1,0,0,0,1,5.54191E+20,5.81196E+21,9.7975E+15,5.24552E+16
25774,3,4,4,0,2018,12,17,5,2,6,4,2,0,1,1,0,0,0,1,4.34629E+20,5.79274E+21,8.04174E+15,5.22811E+16
25775,3,3,53,5,2018,12,14,7,2,2,2,0,1,1,0,1,0,0,1,5.58657E+20,5.91095E+21,9.88107E+15,5.33444E+16
25776,3,4,57,18,2018,12,11,5,3,2,6,0,0,1,0,0,0,0,0,4.04782E+20,5.88835E+21,7.57665E+15,5.3136E+16
25777,3,4,54,57,2018,12,15,5,3,6,4,0,0,0,1,0,0,1,1,4.10383E+20,5.85505E+21,7.66958E+15,5.28378E+16
25778,3,1,53,12,2018,12,11,7,3,6,4,0,0,1,1,0,0,0,1,5.80702E+20,5.74967E+21,1.01727E+16,5.18919E+16
25779,3,4,56,15,2018,12,17,5,2,2,6,2,0,1,0,0,0,0,1,3.68816E+20,5.81183E+21,7.06999E+15,5.24409E+16
25780,3,2,41,21,2018,12,14,2,3,8,1,0,0,0,0,1,0,0,0,5.31599E+20,5.80595E+21,9.46447E+15,5.24029E+16
25781,3,4,56,25,2018,12,19,5,3,5,3,2,0,1,0,0,0,0,1,3.72498E+20,5.82016E+21,7.12095E+15,5.25166E+16
25782,3,2,41,15,2018,12,15,6,3,6,5,0,0,1,1,0,0,0,1,5.43765E+20,5.8054E+21,9.64321E+15,5.23971E+16
25783,3,2,55,16,2018,12,19,1,3,4,1,2,0,1,0,0,0,0,1,5.37983E+20,5.76126E+21,9.55329E+15,5.20007E+16
25784,3,3,59,12,2018,12,21,2,3,1,5,2,0,1,0,0,0,0,0,5.36461E+20,5.93289E+21,9.55024E+15,5.35436E+16
25785,3,4,54,28,2018,12,12,5,2,8,1,0,0,1,0,0,0,0,1,3.96484E+20,5.82327E+21,7.47332E+15,5.25496E+16
25786,3,3,57,39,2018,12,12,6,3,2,6,0,0,1,0,0,0,0,1,5.25972E+20,5.88357E+21,9.38791E+15,5.31009E+16
25787,3,2,57,29,2018,12,22,6,3,2,6,2,0,1,0,0,0,0,1,5.22366E+20,5.79132E+21,9.32779E+15,5.22718E+16
25788,3,2,56,17,2018,12,10,1,2,9,1,0,0,1,0,0,0,0,1,5.10312E+20,5.82338E+21,9.15212E+15,5.25604E+16
25789,3,3,58,20,2018,12,13,3,3,5,3,0,1,1,0,0,0,0,0,5.41949E+20,5.83711E+21,9.62053E+15,5.26823E+16
25790,3,4,54,32,2018,12,6,5,3,5,3,2,0,1,0,1,0,0,1,3.84376E+20,5.82239E+21,7.29513E+15,5.25393E+16
25791,3,4,62,16,2018,12,9,5,3,5,3,0,0,1,0,1,0,0,1,3.99694E+20,5.94077E+21,7.48399E+15,5.36062E+16
25792,3,3,55,22,2018,12,9,7,3,8,7,0,0,1,0,0,0,0,1,5.91729E+20,5.90066E+21,1.03747E+16,5.32473E+16
25793,3,4,52,24,2018,12,8,5,3,5,3,1,0,1,0,0,0,0,1,3.85826E+20,5.93088E+21,7.27811E+15,5.35144E+16
25794,3,4,52,7,2018,12,7,5,3,5,3,2,0,1,0,0,0,0,1,3.93206E+20,5.93633E+21,7.38749E+15,5.3565E+16
25795,3,4,59,2,2018,12,12,6,3,9,6,0,0,1,0,0,1,0,1,4.27207E+20,5.81816E+21,7.92745E+15,5.25087E+16
25796,3,4,52,23,2018,12,17,5,3,2,6,2,0,1,0,0,0,0,1,3.94447E+20,5.92635E+21,7.40958E+15,5.34755E+16
25797,3,2,54,32,2018,12,9,2,3,5,3,0,0,1,0,1,0,0,1,5.84069E+20,5.78292E+21,1.02298E+16,5.21904E+16
25798,3,4,53,7,2018,12,12,5,3,2,6,0,0,1,0,0,0,0,0,4.24277E+20,5.87571E+21,7.87097E+15,5.30256E+16
25799,3,1,58,37,2018,12,11,1,3,8,1,0,0,1,0,0,0,0,1,6.09348E+20,5.78182E+21,1.05992E+16,5.2176E+16
25800,3,4,55,7,2018,12,12,5,3,5,2,0,0,1,0,0,0,0,1,4.26437E+20,5.9338E+21,7.88973E+15,5.35479E+16
25801,3,2,41,10,2018,12,20,7,2,2,6,2,0,1,0,0,0,0,1,5.49508E+20,5.80885E+21,9.72812E+15,5.24276E+16
25802,3,4,55,20,2018,12,14,5,3,9,7,0,0,1,0,0,0,0,0,4.28445E+20,5.93907E+21,7.91882E+15,5.35956E+16
25803,3,3,56,8,2018,12,11,5,3,5,3,0,0,1,0,0,0,0,0,4.82959E+20,5.89313E+21,8.74496E+15,5.31872E+16