OBJECTID_1,ULAND,UREGBEZ,UKREIS,UGEMEINDE,UJAHR,UMONAT,USTUNDE,UWOCHENTAG,UKATEGORIE,UART,UTYP1,ULICHTVERH,IstRad,IstPKW,IstFuss,IstKrad,IstGkfz,IstSonstig,STRZUSTAND,LINREFX,LINREFY,XGCSWGS84,YGCSWGS84
25804,3,3,61,8,2018,12,6,5,3,4,2,2,0,1,0,0,1,0,1,5.1052E+20,5.88138E+21,9.15705E+15,5.30818E+16
25805,3,2,41,1,2018,12,11,7,3,2,6,0,0,1,0,0,0,0,1,5.49753E+20,5.80383E+21,9.73098E+15,5.23825E+16
25806,3,4,3,0,2018,12,12,5,1,2,6,0,0,1,0,0,1,0,1,4.46075E+20,5.88931E+21,8.19366E+15,5.31505E+16
25807,3,4,51,7,2018,12,10,5,3,2,6,0,0,1,0,0,1,0,0,4.33079E+20,5.90055E+21,7.997E+15,5.325E+16
25808,3,4,54,11,2018,12,11,6,3,8,1,0,0,1,0,0,0,0,1,4.05095E+20,5.87466E+21,7.58537E+15,5.30131E+16
25809,3,4,51,5,2018,12,17,5,3,2,6,2,0,1,0,0,0,0,1,4.44333E+20,5.90415E+21,8.16503E+15,5.32837E+16
25810,3,4,54,5,2018,12,8,1,2,9,1,0,0,1,0,0,0,0,1,4.03686E+20,5.86261E+21,7.56796E+15,5.29046E+16
25811,3,4,51,8,2018,12,16,5,3,4,2,2,0,1,0,0,0,0,1,4.43146E+20,5.89376E+21,8.14908E+15,5.31901E+16
25812,3,4,59,24,2018,12,17,7,3,5,3,2,0,1,0,0,0,0,1,4.53224E+20,5.78344E+21,8.31558E+15,5.21994E+16
25813,3,4,58,8,2018,12,23,5,2,8,7,2,0,1,0,0,0,0,1,4.63594E+20,5.86311E+21,8.45856E+15,5.29164E+16
25814,3,2,57,35,2018,12,18,7,2,4,2,2,0,1,0,1,0,0,1,5.13124E+20,5.79672E+21,9.19255E+15,5.23207E+16
25815,3,4,61,9,2018,12,10,5,3,6,4,0,0,1,1,0,0,0,1,4.63579E+20,5.91666E+21,8.45225E+15,5.33977E+16
25816,3,4,52,1,2018,12,7,6,3,0,3,2,1,1,0,0,0,0,1,3.98671E+20,5.92568E+21,7.47342E+15,5.34703E+16
25817,3,4,61,7,2018,12,14,5,2,5,3,0,0,1,0,0,0,0,1,4.63541E+20,5.92482E+21,8.45072E+15,5.34711E+16
25818,3,3,52,61,2018,12,18,6,3,6,2,2,0,1,1,0,0,0,1,4.716E+20,5.94882E+21,8.56995E+15,5.36874E+16
25819,3,3,53,19,2018,12,22,1,3,8,7,2,0,1,0,0,0,0,1,5.47132E+20,5.91049E+21,9.70791E+15,5.33415E+16
25820,3,4,54,32,2018,12,11,6,3,2,6,0,0,1,0,0,0,0,1,3.86474E+20,5.82078E+21,7.32661E+15,5.25253E+16
25821,3,4,58,10,2018,12,7,5,3,5,3,2,1,1,0,0,0,0,0,4.6517E+20,5.88365E+21,8.47979E+15,5.31011E+16
25822,3,4,3,0,2018,12,14,6,3,5,7,0,1,1,0,0,0,0,1,4.44545E+20,5.88834E+21,8.17095E+15,5.31416E+16
25823,3,3,61,1,2018,12,0,1,3,6,4,2,0,1,1,0,0,0,1,5.02185E+20,5.87386E+21,9.03257E+15,5.30143E+16
25824,3,3,52,11,2018,12,9,5,3,5,3,0,1,0,0,0,0,1,0,4.79352E+20,5.96937E+21,8.68596E+15,5.38724E+16
25825,3,4,53,6,2018,12,6,7,3,5,3,2,0,1,0,0,1,0,1,4.26892E+20,5.84343E+21,7.91721E+15,5.27358E+16
25826,3,3,58,22,2018,12,13,3,3,5,3,0,0,1,0,0,0,0,0,5.42385E+20,5.85774E+21,9.62966E+15,5.28677E+16
25827,3,3,53,26,2018,12,7,5,3,5,3,0,0,1,0,0,0,0,1,5.52676E+20,5.92019E+21,9.79278E+15,5.34282E+16
25828,3,1,59,16,2018,12,21,7,3,2,6,2,0,1,0,0,0,1,1,5.61363E+20,5.71332E+21,9.88534E+15,5.15676E+16
25829,3,3,53,19,2018,12,6,5,3,2,6,2,0,1,0,0,0,0,1,5.47297E+20,5.91258E+21,9.7107E+15,5.33602E+16
25830,3,4,58,7,2018,12,23,2,1,7,1,2,0,1,0,0,1,0,0,4.49864E+20,5.86633E+21,8.25388E+15,5.29442E+16
25831,3,4,51,7,2018,12,14,6,3,9,1,0,0,1,0,0,0,0,1,4.23383E+20,5.90558E+21,7.85049E+15,5.32939E+16
25832,3,3,53,5,2018,12,16,5,3,2,2,1,0,1,0,1,0,0,1,5.53647E+20,5.90748E+21,9.80524E+15,5.33138E+16
25833,3,3,58,22,2018,12,15,6,2,6,4,0,0,1,1,0,0,0,1,5.42443E+20,5.85402E+21,9.63002E+15,5.28342E+16
25834,3,2,41,1,2018,12,15,6,3,8,1,1,0,1,0,0,0,0,1,5.46718E+20,5.80463E+21,9.68651E+15,5.23899E+16
25835,3,2,41,1,2018,12,0,1,3,5,3,2,0,1,0,0,0,1,0,5.49432E+20,5.80449E+21,9.72637E+15,5.23884E+16
25836,3,3,55,22,2018,12,9,3,3,2,6,0,0,1,0,0,1,0,1,5.97518E+20,5.90009E+21,1.04613E+16,5.32411E+16
25837,3,3,57,25,2018,12,17,5,3,8,1,2,0,1,0,0,0,0,1,5.40069E+20,5.88426E+21,9.59853E+15,5.31063E+16
25838,3,3,57,48,2018,12,17,7,3,8,1,2,0,1,0,0,0,0,1,5.35337E+20,5.90559E+21,9.53022E+15,5.32983E+16
25839,3,3,57,39,2018,12,9,5,2,4,7,0,0,1,0,0,0,1,1,5.26849E+20,5.88624E+21,9.40123E+15,5.31249E+16
25840,3,3,55,4,2018,12,16,5,3,2,6,2,0,1,0,0,0,0,1,5.91466E+20,5.90539E+21,1.03722E+16,5.32898E+16
25841,3,2,41,11,2018,12,14,6,3,5,3,0,1,1,0,0,0,0,1,5.65316E+20,5.80193E+21,9.95924E+15,5.23637E+16
25842,3,2,41,1,2018,12,16,5,3,6,2,2,0,1,1,0,0,0,0,5.54292E+20,5.80724E+21,9.79822E+15,5.24127E+16
25843,3,4,51,8,2018,12,23,7,3,8,1,2,0,1,0,0,0,0,1,4.38548E+20,5.90486E+21,8.07812E+15,5.32894E+16
25844,3,2,57,31,2018,12,15,5,3,2,6,0,0,0,0,0,1,0,1,5.09708E+20,5.78548E+21,9.14211E+15,5.22197E+16
25845,3,2,41,8,2018,12,16,5,3,3,7,2,0,1,0,0,0,0,1,5.59764E+20,5.80977E+21,9.8791E+15,5.24348E+16
25846,3,1,57,2,2018,12,17,7,3,5,3,2,0,1,0,0,0,0,1,5.73588E+20,5.79091E+21,1.00783E+16,5.22637E+16
25847,3,2,41,11,2018,12,9,5,3,2,6,0,0,1,0,0,0,0,0,5.71954E+20,5.80296E+21,1.00569E+16,5.23722E+16
25848,3,3,57,1,2018,12,11,2,3,2,6,0,0,1,0,0,0,0,0,5.22881E+20,5.87894E+21,9.34141E+15,5.30594E+16
25849,3,2,56,24,2018,12,17,5,3,5,3,2,0,1,0,0,0,0,1,4.94795E+20,5.81149E+21,8.92341E+15,5.24535E+16
25850,3,3,51,6,2018,12,13,6,2,4,2,0,0,1,0,0,0,0,1,5.76287E+20,5.83481E+21,1.01279E+16,5.26579E+16
25851,3,1,55,2,2018,12,17,6,3,8,1,2,0,1,0,0,0,0,1,5.30584E+20,5.72533E+21,9.44234E+15,5.16781E+16
25852,3,2,57,26,2018,12,1,1,3,9,1,2,0,1,0,0,0,0,1,5.12306E+20,5.79296E+21,9.1804E+15,5.22868E+16
25853,3,2,57,35,2018,12,16,5,3,2,6,2,0,1,0,0,0,0,1,5.15397E+20,5.79764E+21,9.22594E+15,5.23289E+16
25854,3,3,51,6,2018,12,20,7,3,4,2,2,1,1,0,0,0,0,1,5.74122E+20,5.83013E+21,1.00948E+16,5.26161E+16
25855,3,2,54,5,2018,12,22,5,3,0,7,2,0,1,0,0,0,0,1,5.70472E+20,5.77207E+21,1.00287E+16,5.20947E+16
25856,3,2,54,41,2018,12,8,5,3,6,4,1,0,1,1,0,0,0,1,5.47986E+20,5.76192E+21,9.69909E+15,5.20059E+16
25857,3,4,4,0,2018,12,7,6,3,6,4,2,0,1,1,0,0,0,1,4.38411E+20,5.78981E+21,8.09771E+15,5.22552E+16
25858,3,2,54,8,2018,12,20,5,3,9,7,2,0,1,0,0,0,0,1,5.79356E+20,5.76116E+21,1.01558E+16,5.19954E+16
25859,3,1,1,0,2018,12,12,2,2,9,1,0,0,1,0,0,0,0,1,6.02463E+20,5.79335E+21,1.0502E+16,5.2281E+16
25860,3,2,52,2,2018,12,17,5,3,2,6,2,0,1,0,0,0,0,1,5.30723E+20,5.7774E+21,9.449E+15,5.21463E+16
25861,3,4,59,14,2018,12,16,6,3,3,6,2,0,1,0,0,1,0,1,4.33986E+20,5.80046E+21,8.0308E+15,5.23504E+16
25862,3,1,59,17,2018,12,18,5,3,2,6,2,0,1,0,0,0,1,1,5.53306E+20,5.6943E+21,9.76624E+15,5.13974E+16
25863,3,2,41,19,2018,12,15,2,3,9,1,0,0,1,0,0,0,0,1,5.50122E+20,5.82898E+21,9.74018E+15,5.26085E+16
25864,3,1,59,16,2018,12,17,5,3,2,6,2,0,1,0,0,0,0,0,5.65351E+20,5.71207E+21,9.94265E+15,5.15559E+16
25865,3,1,59,14,2018,12,10,1,3,4,2,0,0,1,0,0,0,0,1,5.83979E+20,5.71903E+21,1.0213E+16,5.16161E+16
25866,3,1,55,11,2018,12,12,5,3,8,1,0,0,1,0,0,0,0,1,5.67629E+20,5.73212E+21,9.97938E+15,5.17359E+16
25867,3,2,41,6,2018,12,11,7,3,5,2,0,1,1,0,0,0,0,1,5.41383E+20,5.79585E+21,9.60703E+15,5.23114E+16
25868,3,1,59,16,2018,12,6,5,2,2,6,2,0,1,0,0,0,0,1,5.60932E+20,5.70528E+21,9.87773E+15,5.14953E+16
25869,3,1,3,0,2018,12,4,5,3,9,1,2,0,1,0,0,0,0,1,6.2198E+20,5.81146E+21,1.07945E+16,5.24397E+16
25870,3,4,56,24,2018,12,19,6,3,2,2,2,0,1,0,0,0,1,1,3.46212E+20,5.82197E+21,6.73302E+15,5.25261E+16
25871,3,1,58,39,2018,12,10,5,2,4,2,0,0,1,0,0,0,0,1,6.05371E+20,5.76528E+21,1.05359E+16,5.20281E+16
25872,3,4,54,32,2018,12,13,1,3,8,1,0,0,1,0,0,0,0,1,3.82854E+20,5.81798E+21,7.27426E+15,5.24994E+16
25873,3,1,55,11,2018,12,5,6,3,5,3,2,0,0,0,0,1,0,1,5.67252E+20,5.73171E+21,9.97385E+15,5.17323E+16
25874,3,2,41,12,2018,12,11,6,3,4,2,0,0,1,0,0,0,0,1,5.38651E+20,5.82953E+21,9.57087E+15,5.26144E+16
25875,3,1,53,17,2018,12,17,5,2,4,6,2,0,1,0,0,0,0,1,6.00539E+20,5.75316E+21,1.04619E+16,5.19201E+16
25876,3,4,57,8,2018,12,18,7,3,8,1,2,0,1,0,0,0,0,1,4.09553E+20,5.90079E+21,7.64442E+15,5.32486E+16
25877,3,1,53,17,2018,12,7,5,3,2,6,2,0,1,0,0,0,0,0,5.96443E+20,5.75507E+21,1.04029E+16,5.1938E+16
25878,3,1,51,40,2018,12,0,1,3,5,3,2,0,1,0,0,0,0,1,6.17354E+20,5.84332E+21,1.07378E+16,5.2727E+16
25879,3,1,51,10,2018,12,15,5,2,4,6,0,0,1,0,0,0,0,1,5.99636E+20,5.8322E+21,1.04722E+16,5.26307E+16
25880,3,2,57,31,2018,12,11,7,3,2,6,0,0,1,0,0,0,0,1,5.10074E+20,5.78546E+21,9.14747E+15,5.22195E+16
25881,3,1,51,36,2018,12,15,5,3,5,3,0,0,1,0,0,0,0,1,6.07907E+20,5.82995E+21,1.05936E+16,5.26088E+16
25882,3,4,4,0,2018,12,17,4,3,2,6,2,0,1,0,0,0,0,0,4.30408E+20,5.79144E+21,7.98015E+15,5.2269E+16
25883,3,4,52,12,2018,12,17,6,3,4,1,2,0,1,0,0,0,0,1,4.0044E+20,5.9161E+21,7.50308E+15,5.33846E+16
25884,3,4,59,19,2018,12,12,4,3,5,3,0,1,1,0,0,0,0,0,4.34298E+20,5.78488E+21,8.03842E+15,5.22104E+16
25885,3,2,51,47,2018,12,19,6,3,5,2,2,0,1,0,0,0,0,1,4.86434E+20,5.86836E+21,8.79802E+15,5.29647E+16
25886,3,3,52,50,2018,12,2,1,3,8,1,2,0,1,0,0,0,0,1,4.86005E+20,5.92885E+21,8.78897E+15,5.35084E+16
25887,3,2,54,8,2018,12,17,6,3,5,3,2,0,1,0,1,0,0,1,5.75997E+20,5.76313E+21,1.01074E+16,5.20136E+16
25888,3,4,4,0,2018,12,20,4,3,3,6,2,0,1,0,0,0,0,1,4.35149E+20,5.79239E+21,8.04944E+15,5.2278E+16
25889,3,4,55,26,2018,12,17,7,2,5,3,2,0,1,0,1,0,0,1,4.42688E+20,5.91647E+21,8.13813E+15,5.33942E+16
25890,3,4,54,11,2018,12,8,4,3,4,6,0,0,0,0,0,1,1,1,4.05422E+20,5.87491E+21,7.59017E+15,5.30153E+16
25891,3,3,51,12,2018,12,12,3,3,4,6,0,0,1,0,0,0,0,0,5.66758E+20,5.83211E+21,9.98646E+15,5.26349E+16
25892,3,4,56,14,2018,12,7,4,3,2,6,2,0,1,0,0,0,0,1,3.60444E+20,5.8182E+21,6.94424E+15,5.24961E+16
25893,3,1,59,16,2018,12,13,7,2,8,7,0,0,1,0,0,0,0,1,5.56842E+20,5.70763E+21,9.81921E+15,5.15169E+16
25894,3,4,54,35,2018,12,14,4,2,8,1,0,0,1,0,0,0,0,1,3.81423E+20,5.84674E+21,7.24286E+15,5.27574E+16
25895,3,3,53,16,2018,12,12,2,2,3,2,0,0,1,0,1,0,0,1,5.67811E+20,5.90143E+21,1.00165E+16,5.32578E+16
25896,3,1,59,7,2018,12,21,6,3,9,1,2,0,1,0,0,0,0,1,5.5861E+20,5.71585E+21,9.84605E+15,5.15906E+16
25897,3,4,62,3,2018,12,7,4,2,5,3,2,1,1,0,0,0,0,1,4.07966E+20,5.94606E+21,7.6074E+15,5.36552E+16
25898,3,3,57,8,2018,12,17,6,3,4,2,2,0,1,0,0,0,1,1,5.12177E+20,5.92754E+21,9.18356E+15,5.34967E+16
25899,3,2,52,6,2018,12,11,7,3,4,1,0,0,1,0,0,0,0,1,5.28352E+20,5.76984E+21,9.41371E+15,5.20784E+16
25900,3,4,62,19,2018,12,18,4,2,4,6,2,0,1,0,0,0,0,1,4.19433E+20,5.93807E+21,7.78294E+15,5.35853E+16
25901,3,4,52,6,2018,12,19,2,2,6,4,2,0,1,1,0,0,0,0,4.0952E+20,5.91399E+21,7.64017E+15,5.33673E+16
25902,3,4,53,8,2018,12,17,6,3,6,2,2,0,1,1,0,0,0,1,4.34522E+20,5.86863E+21,8.02514E+15,5.29633E+16
25903,3,4,62,19,2018,12,17,4,3,5,3,2,0,1,0,0,0,0,1,4.19943E+20,5.93046E+21,7.79258E+15,5.3517E+16
25904,3,3,53,19,2018,12,12,6,3,5,3,0,0,1,0,0,0,0,1,5.44183E+20,5.91358E+21,9.66406E+15,5.33695E+16
25905,3,2,41,1,2018,12,23,1,3,5,3,2,0,1,0,0,0,0,1,5.46994E+20,5.80295E+21,9.69032E+15,5.23748E+16
25906,3,1,59,7,2018,12,16,6,3,8,1,2,0,1,0,0,0,0,1,5.60949E+20,5.71374E+21,9.87944E+15,5.15715E+16
25907,3,4,52,11,2018,12,18,4,3,5,3,2,0,1,0,0,0,0,1,3.79522E+20,5.91976E+21,7.18734E+15,5.34131E+16
25908,3,3,53,19,2018,12,14,7,3,9,1,0,0,1,0,0,0,0,1,5.45235E+20,5.91608E+21,9.68021E+15,5.33918E+16
25909,3,4,52,8,2018,12,11,4,3,2,6,0,0,1,0,0,0,0,0,3.85113E+20,5.94119E+21,7.26357E+15,5.36069E+16
25910,3,4,52,1,2018,12,14,4,2,4,6,0,1,0,0,0,0,0,0,3.99315E+20,5.92592E+21,7.48305E+15,5.34726E+16
25911,3,1,2,0,2018,12,16,7,2,3,7,2,0,1,0,0,0,0,1,5.9858E+20,5.77791E+21,1.04406E+16,5.21429E+16
25912,3,4,52,1,2018,12,7,4,3,6,6,2,0,0,1,1,0,0,1,3.95501E+20,5.92743E+21,7.4251E+15,5.34854E+16
25913,3,2,41,21,2018,12,23,2,3,9,1,2,0,1,0,0,0,0,1,5.27648E+20,5.80688E+21,9.40648E+15,5.24115E+16
25914,3,1,59,16,2018,12,9,6,2,5,3,0,1,1,0,0,0,0,1,5.62627E+20,5.70939E+21,9.90289E+15,5.15321E+16
25915,3,4,53,7,2018,12,16,4,3,2,2,2,0,1,0,0,0,0,0,4.27553E+20,5.86889E+21,7.92134E+15,5.29647E+16
25916,3,2,41,21,2018,12,11,6,3,6,4,0,0,1,1,0,0,0,1,5.29912E+20,5.80761E+21,9.43982E+15,5.24179E+16
25917,3,2,54,21,2018,12,9,1,3,8,1,0,0,1,0,0,0,0,1,5.61983E+20,5.77905E+21,9.90609E+15,5.21585E+16
25918,3,1,59,7,2018,12,8,6,3,4,2,0,0,1,0,0,0,0,1,5.68505E+20,5.71782E+21,9.98926E+15,5.16072E+16
25919,3,4,53,7,2018,12,16,4,2,5,3,2,0,1,0,0,0,0,1,4.19776E+20,5.87931E+21,7.80299E+15,5.30572E+16
25920,3,2,41,1,2018,12,18,7,3,8,1,2,0,1,0,0,0,0,1,5.48641E+20,5.80157E+21,9.71431E+15,5.23622E+16
25921,3,4,60,10,2018,12,15,4,3,5,2,1,0,1,0,0,0,0,1,4.5094E+20,5.85267E+21,8.27196E+15,5.28215E+16
25922,3,1,55,11,2018,12,23,1,1,6,4,2,0,1,1,0,0,0,1,5.66409E+20,5.73494E+21,9.96225E+15,5.17614E+16
25923,3,4,53,10,2018,12,16,4,2,5,3,1,0,1,0,0,0,0,0,4.18835E+20,5.85429E+21,7.79521E+15,5.28323E+16
25924,3,4,55,26,2018,12,14,4,3,2,6,0,0,1,0,0,0,0,1,4.41612E+20,5.91705E+21,8.12185E+15,5.33993E+16
25925,3,3,55,15,2018,12,6,7,2,8,1,2,0,1,0,0,0,0,1,6.03189E+20,5.9112E+21,1.05499E+16,5.33399E+16
25926,3,3,61,4,2018,12,7,4,3,5,3,2,1,1,0,0,0,0,1,4.98249E+20,5.86295E+21,8.97397E+15,5.29162E+16
25927,3,3,61,12,2018,12,19,4,3,5,3,2,0,1,0,0,0,0,1,5.15627E+20,5.86701E+21,9.2326E+15,5.29525E+16
25928,3,4,59,7,2018,12,15,6,3,2,6,0,0,1,0,0,1,1,1,4.30503E+20,5.83504E+21,7.97245E+15,5.26608E+16
25929,3,3,61,12,2018,12,11,4,3,5,3,0,0,1,0,0,1,0,1,5.16631E+20,5.86395E+21,9.24738E+15,5.2925E+16
25930,3,2,57,7,2018,12,5,2,3,8,7,2,0,0,0,0,1,0,1,5.22389E+20,5.79849E+21,9.3286E+15,5.23363E+16
25931,3,1,57,8,2018,12,22,6,3,5,3,2,0,1,0,0,0,0,1,5.95001E+20,5.79845E+21,1.03941E+16,5.23282E+16
25932,3,4,51,5,2018,12,14,4,3,2,6,0,0,1,0,0,0,0,1,4.4626E+20,5.90039E+21,8.19456E+15,5.32501E+16
25933,3,1,58,37,2018,12,19,1,3,8,1,2,0,1,0,0,0,0,1,6.04511E+20,5.78079E+21,1.05281E+16,5.21677E+16
25934,3,4,3,0,2018,12,18,4,3,5,3,2,1,1,0,0,0,0,1,4.48887E+20,5.88785E+21,8.23593E+15,5.31376E+16
25935,3,2,41,3,2018,12,13,7,3,8,1,0,0,1,0,0,0,0,1,5.65388E+20,5.81515E+21,9.96287E+15,5.24826E+16
25936,3,4,3,0,2018,12,18,4,3,4,2,2,0,1,0,0,0,0,1,4.46052E+20,5.88851E+21,8.19344E+15,5.31433E+16
25937,3,4,3,0,2018,12,9,4,3,4,2,0,1,1,0,0,0,0,1,4.46018E+20,5.88853E+21,8.19294E+15,5.31435E+16
25938,3,4,54,32,2018,12,11,6,3,2,6,0,0,1,0,0,0,0,1,3.85746E+20,5.82126E+21,7.31571E+15,5.25295E+16
25939,3,2,51,37,2018,12,7,4,2,5,2,1,1,1,0,0,0,0,1,4.81672E+20,5.87628E+21,8.72667E+15,5.30357E+16
25940,3,4,51,4,2018,12,13,6,3,5,3,0,0,1,0,0,0,0,1,4.34819E+20,5.88626E+21,8.02599E+15,5.31218E+16
25941,3,2,51,41,2018,12,12,4,3,2,6,0,0,1,0,0,0,0,0,4.91465E+20,5.85769E+21,8.87321E+15,5.28689E+16
25942,3,4,54,33,2018,12,19,6,3,8,1,2,0,1,0,0,0,0,1,4.0915E+20,5.86465E+21,7.6486E+15,5.29238E+16
25943,3,2,51,6,2018,12,10,4,3,5,3,0,0,1,0,0,1,0,1,4.72017E+20,5.82887E+21,8.58675E+15,5.26091E+16
25944,3,4,59,26,2018,12,8,1,2,8,1,1,0,1,0,0,0,0,1,4.17544E+20,5.81677E+21,7.78544E+15,5.24949E+16
25945,3,1,57,1,2018,12,8,6,2,2,6,0,0,1,0,0,0,1,1,5.83294E+20,5.8047E+21,1.02239E+16,5.23862E+16
25946,3,4,1,0,2018,12,18,4,3,2,6,2,0,1,0,0,0,0,0,4.72373E+20,5.87647E+21,8.58798E+15,5.3037E+16
25947,3,1,1,0,2018,12,8,1,3,9,1,0,0,1,0,0,0,0,1,6.03547E+20,5.7971E+21,1.0519E+16,5.23144E+16
25948,3,4,58,5,2018,12,16,4,3,5,3,1,1,1,0,0,0,0,0,4.68805E+20,5.8758E+21,8.53483E+15,5.30308E+16
25949,3,1,55,13,2018,12,17,7,3,5,3,2,0,1,0,0,0,1,1,5.55665E+20,5.7469E+21,9.80851E+15,5.18701E+16
25950,3,3,53,9,2018,12,6,4,3,6,4,2,0,1,1,0,0,0,1,5.71125E+20,5.88937E+21,1.00635E+16,5.3149E+16
25951,3,4,52,23,2018,12,11,6,3,0,7,0,0,0,0,0,0,1,1,3.93923E+20,5.92656E+21,7.40163E+15,5.34774E+16
25952,3,3,53,32,2018,12,15,4,3,5,3,0,0,1,0,0,0,0,0,5.74404E+20,5.91518E+21,1.01186E+16,5.33805E+16
25953,3,3,52,60,2018,12,12,6,3,2,2,0,0,1,0,0,0,0,1,4.79199E+20,5.90926E+21,8.68764E+15,5.33321E+16
25954,3,3,53,2,2018,12,5,1,3,8,7,2,0,1,0,0,0,0,1,5.64249E+20,5.90589E+21,9.96403E+15,5.32983E+16
25955,3,1,57,2,2018,12,5,6,1,9,1,2,0,1,0,0,0,0,1,5.76469E+20,5.79386E+21,1.01212E+16,5.22898E+16
25956,3,3,53,19,2018,12,18,4,3,2,6,2,0,0,0,0,0,1,0,5.46033E+20,5.91341E+21,9.69182E+15,5.33678E+16
25957,3,4,51,7,2018,12,17,7,3,5,3,0,0,1,0,1,0,0,1,4.27531E+20,5.90082E+21,7.91381E+15,5.32517E+16
25958,3,3,59,28,2018,12,1,4,2,5,3,2,0,1,0,0,0,0,0,5.48108E+20,5.93041E+21,9.7256E+15,5.35204E+16
25959,3,4,53,7,2018,12,19,1,3,6,4,2,0,0,1,1,0,0,1,4.24777E+20,5.87645E+21,7.87826E+15,5.30323E+16
25960,3,1,2,0,2018,12,12,6,3,5,3,0,0,1,0,0,0,0,1,5.90204E+20,5.77957E+21,1.03187E+16,5.21593E+16
25961,3,3,58,17,2018,12,18,4,3,5,3,2,0,1,0,1,0,0,1,5.47494E+20,5.87685E+21,9.70834E+15,5.30391E+16
25962,3,4,54,18,2018,12,16,7,3,9,1,2,0,1,0,0,0,0,1,3.77991E+20,5.85288E+21,7.18974E+15,5.28119E+16
25963,3,3,58,21,2018,12,20,4,3,2,6,2,0,1,0,0,0,0,0,5.57122E+20,5.87115E+21,9.85091E+15,5.29869E+16
25964,3,1,59,17,2018,12,14,7,3,5,3,0,0,1,0,0,0,0,1,5.49278E+20,5.69477E+21,9.70842E+15,5.1402E+16
25965,3,3,57,55,2018,12,7,4,3,0,5,1,0,1,0,0,1,0,1,5.06356E+20,5.89229E+21,9.0951E+15,5.31799E+16
25966,3,2,51,5,2018,12,10,2,3,2,6,0,0,1,0,0,0,0,0,4.66988E+20,5.84046E+21,8.51132E+15,5.2713E+16
25967,3,1,53,504,2018,12,20,6,3,9,1,2,0,1,0,0,0,0,1,6.04167E+20,5.73587E+21,1.05095E+16,5.1764E+16
25968,3,4,55,27,2018,12,13,6,3,2,6,0,0,1,0,0,0,0,1,4.35325E+20,5.92242E+21,8.02619E+15,5.34468E+16
25969,3,3,60,3,2018,12,13,4,3,4,6,0,0,1,0,0,0,0,1,6.03111E+20,5.87875E+21,1.05382E+16,5.30483E+16
25970,3,3,59,21,2018,12,0,6,2,8,1,2,0,1,0,0,0,0,1,5.38354E+20,5.93317E+21,9.57883E+15,5.3546E+16
25971,3,2,41,1,2018,12,9,1,3,2,6,0,0,1,0,0,0,0,1,5.4739E+20,5.80353E+21,9.69623E+15,5.238E+16
25972,3,1,51,27,2018,12,19,6,3,2,6,2,0,1,0,0,0,0,1,5.99434E+20,5.79856E+21,1.04591E+16,5.23283E+16
25973,3,2,41,10,2018,12,21,6,3,3,6,2,0,1,0,0,0,0,1,5.49342E+20,5.81568E+21,9.72669E+15,5.2489E+16
25974,3,3,54,26,2018,12,10,4,3,4,6,1,0,1,0,0,0,0,1,6.42807E+20,5.86808E+21,1.11253E+16,5.29433E+16
25975,3,3,58,5,2018,12,15,7,3,5,3,2,0,1,0,0,0,0,1,5.48288E+20,5.83581E+21,9.71411E+15,5.26701E+16
25976,3,3,55,9,2018,12,12,4,3,2,2,0,0,1,0,0,0,0,1,6.10879E+20,5.90864E+21,1.06644E+16,5.33153E+16
25977,3,3,51,6,2018,12,7,4,3,5,3,1,1,1,0,0,0,0,1,5.73622E+20,5.83094E+21,1.00876E+16,5.26235E+16
25978,3,1,57,8,2018,12,4,7,2,2,6,2,0,1,0,0,0,0,1,5.95453E+20,5.79946E+21,1.0401E+16,5.23372E+16
25979,3,3,51,6,2018,12,12,4,3,2,7,0,1,1,0,0,0,0,1,5.71745E+20,5.83058E+21,1.00598E+16,5.26205E+16
25980,3,2,41,17,2018,12,10,2,3,5,3,0,0,1,0,0,0,0,1,5.48515E+20,5.78007E+21,9.70938E+15,5.2169E+16
25981,3,1,1,0,2018,12,18,6,3,2,6,2,0,1,0,0,0,0,1,6.06622E+20,5.797E+21,1.05641E+16,5.2313E+16
25982,3,2,41,1,2018,12,18,4,3,2,6,2,0,1,0,0,0,0,2,5.47686E+20,5.79993E+21,9.70005E+15,5.23476E+16
25983,3,1,59,16,2018,12,13,7,3,4,1,0,0,1,0,0,0,0,1,5.61791E+20,5.71209E+21,9.89131E+15,5.15565E+16
25984,3,2,41,1,2018,12,21,4,3,8,1,2,0,1,0,0,0,0,1,5.48897E+20,5.80339E+21,9.71835E+15,5.23786E+16
25985,3,3,59,7,2018,12,1,2,3,8,1,2,0,1,0,0,0,0,1,5.38216E+20,5.93224E+21,9.57664E+15,5.35377E+16
25986,3,1,54,14,2018,12,7,6,3,3,6,2,0,1,0,0,1,0,1,6.17074E+20,5.79669E+21,1.07172E+16,5.23081E+16
25987,3,2,41,1,2018,12,12,4,3,5,2,0,1,1,0,0,0,0,0,5.49965E+20,5.80706E+21,9.73457E+15,5.24115E+16
25988,3,3,51,12,2018,12,7,6,2,4,6,2,0,1,0,0,0,0,1,5.62854E+20,5.82818E+21,9.92804E+15,5.26E+16
25989,3,2,56,25,2018,12,3,1,3,9,1,2,0,1,0,0,0,0,1,5.14924E+20,5.81108E+21,9.2196E+15,5.24497E+16
25990,3,1,51,27,2018,12,5,6,2,8,1,2,0,1,0,0,0,0,1,6.00651E+20,5.79813E+21,1.04769E+16,5.23242E+16