OBJECTID_1,ULAND,UREGBEZ,UKREIS,UGEMEINDE,UJAHR,UMONAT,USTUNDE,UWOCHENTAG,UKATEGORIE,UART,UTYP1,ULICHTVERH,IstRad,IstPKW,IstFuss,IstKrad,IstGkfz,IstSonstig,STRZUSTAND,LINREFX,LINREFY,XGCSWGS84,YGCSWGS84
25991,3,2,41,2,2018,12,16,4,3,2,6,2,0,1,0,0,0,0,0,5.29428E+20,5.80098E+21,9.43212E+15,5.23583E+16
25992,3,1,55,2,2018,12,16,4,2,9,1,2,0,1,0,0,0,0,1,5.314E+20,5.72637E+21,9.45424E+15,5.16874E+16
25993,3,3,51,6,2018,12,16,7,3,0,1,2,1,0,0,0,0,0,1,5.74127E+20,5.83012E+21,1.00949E+16,5.2616E+16
25994,3,1,55,11,2018,12,16,4,3,5,3,1,0,1,0,0,0,0,0,5.66872E+20,5.7243E+21,9.96692E+15,5.16657E+16
25995,3,2,41,14,2018,12,17,6,3,6,4,2,0,1,1,0,0,0,1,5.45192E+20,5.79944E+21,9.66338E+15,5.23434E+16
25996,3,2,54,28,2018,12,17,4,3,4,2,2,0,1,0,0,0,0,0,5.5848E+20,5.7881E+21,9.85644E+15,5.22402E+16
25997,3,4,4,0,2018,12,12,6,3,2,6,0,0,1,0,0,0,0,1,4.33895E+20,5.78827E+21,8.03187E+15,5.22409E+16
25998,3,2,54,26,2018,12,5,4,3,4,7,2,0,1,0,0,0,1,0,5.57748E+20,5.77902E+21,9.84418E+15,5.21587E+16
25999,3,1,59,34,2018,12,13,2,3,9,1,0,0,1,0,0,0,0,1,5.52393E+20,5.68476E+21,9.75172E+15,5.13117E+16
26000,3,4,4,0,2018,12,20,5,2,8,6,2,0,1,0,0,0,0,1,4.32382E+20,5.79048E+21,8.00926E+15,5.22606E+16
26001,3,2,54,21,2018,12,12,4,3,3,2,0,0,1,0,0,0,0,0,5.64119E+20,5.77858E+21,9.93722E+15,5.2154E+16
26002,3,1,53,17,2018,12,21,1,3,4,6,2,0,1,0,0,0,0,1,6.01167E+20,5.75203E+21,1.04707E+16,5.19098E+16
26003,3,4,4,0,2018,12,17,5,3,2,6,2,0,1,0,0,0,0,1,4.31746E+20,5.79105E+21,7.99984E+15,5.22656E+16
26004,3,1,53,12,2018,12,6,4,3,3,6,2,0,1,0,0,1,0,0,5.78531E+20,5.75362E+21,1.01421E+16,5.19278E+16
26005,3,2,52,5,2018,12,14,4,3,8,1,0,0,1,0,0,0,0,0,5.26608E+20,5.76735E+21,9.38807E+15,5.20561E+16
26006,3,2,52,1,2018,12,1,1,3,9,1,2,0,1,0,0,0,0,1,5.16478E+20,5.76459E+21,9.2402E+15,5.20317E+16
26007,3,4,59,24,2018,12,17,5,3,2,2,2,0,1,0,0,0,0,1,4.5394E+20,5.78346E+21,8.32606E+15,5.21997E+16
26008,3,2,52,6,2018,12,13,4,3,9,6,0,0,1,0,1,0,0,0,5.1999E+20,5.77482E+21,9.29199E+15,5.21235E+16
26009,3,2,41,15,2018,12,11,7,3,5,3,0,0,1,0,0,0,0,1,5.41838E+20,5.80485E+21,9.61483E+15,5.23923E+16
26010,3,2,52,6,2018,12,6,4,3,5,3,2,0,1,0,1,0,0,1,5.27196E+20,5.77234E+21,9.39704E+15,5.2101E+16
26011,3,1,59,15,2018,12,7,4,3,2,6,1,0,1,0,0,0,0,1,5.7104E+20,5.70505E+21,1.00233E+16,5.14921E+16
26012,3,4,54,41,2018,12,8,6,3,3,2,2,1,1,0,0,0,0,1,3.95118E+20,5.8823E+21,7.43423E+15,5.30799E+16
26013,3,1,59,16,2018,12,18,4,3,2,6,2,0,1,0,0,0,0,2,5.61881E+20,5.70902E+21,9.89206E+15,5.15289E+16
26014,3,4,54,13,2018,12,3,1,1,8,1,2,0,1,0,0,0,0,1,3.86396E+20,5.86085E+21,7.31162E+15,5.28853E+16
26015,3,4,59,24,2018,12,17,5,3,5,2,2,1,1,0,0,0,0,0,4.50495E+20,5.78635E+21,8.27523E+15,5.22253E+16
26016,3,1,59,16,2018,12,16,4,3,2,6,2,0,1,0,0,0,0,1,5.66845E+20,5.71186E+21,9.96415E+15,5.15539E+16
26017,3,4,4,0,2018,12,10,7,2,4,2,0,1,1,0,0,0,0,1,4.35051E+20,5.7948E+21,8.04753E+15,5.22997E+16
26018,3,1,58,6,2018,12,22,4,2,5,3,2,0,1,0,0,0,0,1,6.08984E+20,5.79011E+21,1.05965E+16,5.22505E+16
26019,3,2,52,5,2018,12,11,7,3,2,6,0,0,1,0,0,0,0,1,5.25225E+20,5.76714E+21,9.36788E+15,5.20543E+16
26020,3,1,58,2,2018,12,12,4,2,4,6,0,0,1,0,0,0,0,0,5.83188E+20,5.77127E+21,1.02141E+16,5.20857E+16
26021,3,2,41,1,2018,12,12,7,2,6,2,0,0,1,1,0,0,0,1,5.45034E+20,5.80317E+21,9.66156E+15,5.2377E+16
26022,3,1,2,0,2018,12,7,4,2,8,1,1,0,1,0,0,0,0,1,5.98703E+20,5.76886E+21,1.04398E+16,5.20615E+16
26023,3,1,57,6,2018,12,15,4,3,3,7,0,0,1,0,0,0,0,1,5.83781E+20,5.79823E+21,1.02294E+16,5.2328E+16
26024,3,4,62,11,2018,12,18,6,2,8,1,2,0,1,0,0,0,0,1,3.99423E+20,5.93504E+21,7.48174E+15,5.35546E+16
26025,3,1,2,0,2018,12,8,4,3,6,2,1,0,1,1,0,0,0,1,6.01469E+20,5.78287E+21,1.04843E+16,5.2187E+16
26026,3,4,3,0,2018,12,14,6,3,5,3,0,1,1,0,0,0,0,1,4.4344E+20,5.8883E+21,8.15444E+15,5.31411E+16
26027,3,4,58,8,2018,12,13,1,3,2,6,0,0,1,0,0,0,0,1,4.68047E+20,5.86624E+21,8.52447E+15,5.29448E+16
26028,3,4,59,24,2018,12,18,5,3,2,2,2,0,1,0,0,0,0,1,4.55709E+20,5.78433E+21,8.35183E+15,5.22076E+16
26029,3,4,59,31,2018,12,13,3,2,2,1,0,0,1,0,0,1,0,0,4.35667E+20,5.81361E+21,8.05296E+15,5.24689E+16
26030,3,4,53,4,2018,12,11,7,3,5,2,0,0,1,0,0,0,0,1,4.34811E+20,5.85653E+21,8.03186E+15,5.28546E+16
26031,3,3,51,6,2018,12,16,3,3,2,6,2,0,1,0,0,0,0,0,5.72986E+20,5.83268E+21,1.00786E+16,5.26392E+16
26032,3,4,4,0,2018,12,8,3,3,2,6,1,0,1,0,0,0,0,0,4.32816E+20,5.78991E+21,8.01573E+15,5.22555E+16
26033,3,1,59,16,2018,12,17,7,3,2,6,2,0,1,0,0,0,0,1,5.61742E+20,5.70896E+21,9.89006E+15,5.15284E+16
26034,3,4,59,12,2018,12,4,3,3,4,6,2,1,0,0,0,0,0,1,4.42918E+20,5.78769E+21,8.16409E+15,5.22367E+16
26035,3,4,1,0,2018,12,11,2,3,0,6,0,0,1,0,1,0,0,1,4.75367E+20,5.87832E+21,8.6325E+15,5.30538E+16
26036,3,4,59,12,2018,12,17,5,3,0,3,2,1,1,0,0,0,0,1,4.4314E+20,5.78757E+21,8.16736E+15,5.22356E+16
26037,3,4,51,7,2018,12,6,6,3,4,7,2,0,1,0,0,1,0,1,4.28357E+20,5.90421E+21,7.92543E+15,5.32822E+16
26038,3,4,59,13,2018,12,23,3,3,8,1,2,0,1,0,0,0,0,0,4.50479E+20,5.8003E+21,8.27294E+15,5.23508E+16
26039,3,3,58,19,2018,12,7,6,3,9,7,2,0,1,0,0,0,0,1,5.47948E+20,5.88505E+21,9.71633E+15,5.31128E+16
26040,3,1,55,3,2018,12,17,1,3,8,1,2,0,1,0,0,0,0,1,5.4636E+20,5.73811E+21,9.6722E+15,5.17919E+16
26041,3,4,59,24,2018,12,14,5,3,5,3,0,0,1,0,0,0,0,1,4.48698E+20,5.78302E+21,8.24943E+15,5.21952E+16
26042,3,4,4,0,2018,12,14,3,3,0,1,0,1,0,0,0,0,0,0,4.29622E+20,5.79108E+21,7.9687E+15,5.22656E+16
26043,3,4,53,13,2018,12,14,6,3,5,3,0,0,1,0,0,0,0,1,4.15991E+20,5.87602E+21,7.74738E+15,5.30271E+16
26044,3,4,4,0,2018,12,12,3,3,2,6,0,0,1,0,0,0,0,0,4.37772E+20,5.79591E+21,8.08722E+15,5.231E+16
26045,3,3,52,11,2018,12,15,6,3,4,6,0,0,1,0,0,0,0,1,4.78267E+20,5.96445E+21,8.6698E+15,5.38281E+16
26046,3,3,53,35,2018,12,15,1,3,3,2,1,0,1,0,0,0,0,1,5.53109E+20,5.90377E+21,9.79654E+15,5.32805E+16
26047,3,4,57,24,2018,12,17,3,3,2,6,2,0,1,0,0,0,0,1,3.84588E+20,5.88925E+21,7.2746E+15,5.31401E+16
26048,3,3,52,36,2018,12,12,7,1,8,1,0,0,1,0,0,0,0,1,5.0009E+20,5.94307E+21,9.00136E+15,5.36364E+16
26049,3,4,57,24,2018,12,17,3,3,2,6,2,0,1,0,0,0,1,1,3.84593E+20,5.88926E+21,7.27466E+15,5.31403E+16
26050,3,4,54,33,2018,12,14,3,3,5,3,0,0,1,0,0,1,0,1,4.09726E+20,5.86595E+21,7.65681E+15,5.29356E+16
26051,3,1,57,5,2018,12,13,7,3,9,1,0,0,1,0,0,0,0,1,5.88353E+20,5.78237E+21,1.02923E+16,5.21847E+16
26052,3,4,56,1,2018,12,7,3,3,2,2,1,0,1,0,0,0,0,1,3.68224E+20,5.79908E+21,7.06631E+15,5.23262E+16
26053,3,2,41,1,2018,12,13,2,3,3,6,0,0,1,0,0,0,1,0,5.49122E+20,5.79897E+21,9.721E+15,5.23389E+16
26054,3,4,54,35,2018,12,16,3,2,2,6,1,0,1,0,0,0,0,0,3.84722E+20,5.83847E+21,7.29462E+15,5.26839E+16
26055,3,2,41,1,2018,12,14,6,3,2,6,0,0,1,0,0,0,0,1,5.52048E+20,5.79953E+21,9.76403E+15,5.23436E+16
26056,3,2,56,22,2018,12,20,1,3,2,6,2,0,1,0,0,0,0,1,5.17345E+20,5.82866E+21,9.25614E+15,5.26077E+16
26057,3,4,62,3,2018,12,16,3,3,2,2,1,0,1,0,0,0,0,1,4.08598E+20,5.94358E+21,7.61769E+15,5.3633E+16
26058,3,2,41,1,2018,12,18,7,3,2,6,2,0,1,0,0,0,0,1,5.48596E+20,5.80153E+21,9.71364E+15,5.23619E+16
26059,3,4,52,24,2018,12,16,3,2,4,1,2,0,1,0,0,0,0,0,3.86518E+20,5.93045E+21,7.28869E+15,5.35108E+16
26060,3,4,53,7,2018,12,7,3,3,2,6,1,0,1,0,0,0,0,1,4.27724E+20,5.86858E+21,7.92395E+15,5.29619E+16
26061,3,4,57,20,2018,12,8,6,3,5,2,2,1,1,0,0,0,0,1,4.1629E+20,5.9075E+21,7.74361E+15,5.33101E+16
26062,3,3,56,8,2018,12,12,3,2,6,4,0,0,1,1,0,0,0,0,4.83734E+20,5.89256E+21,8.7566E+15,5.31821E+16
26063,3,3,56,5,2018,12,6,3,3,7,7,2,0,1,0,0,0,1,1,4.99511E+20,5.88687E+21,8.99269E+15,5.31312E+16
26064,3,3,57,29,2018,12,11,7,3,9,7,0,0,1,0,0,0,0,1,5.35762E+20,5.90591E+21,9.53663E+15,5.33012E+16
26065,3,3,61,10,2018,12,12,3,3,3,7,0,0,1,0,0,0,0,0,4.95987E+20,5.86883E+21,8.94025E+15,5.29691E+16
26066,3,3,61,1,2018,12,18,3,2,6,4,2,0,1,1,0,0,0,1,5.03554E+20,5.87277E+21,9.05297E+15,5.30045E+16
26067,3,4,59,31,2018,12,22,6,1,9,1,2,0,1,0,0,0,0,1,4.34034E+20,5.81908E+21,8.02783E+15,5.25179E+16
26068,3,3,61,6,2018,12,9,3,3,5,3,0,1,0,0,0,0,1,0,5.07791E+20,5.87174E+21,9.11608E+15,5.29951E+16
26069,3,1,55,5,2018,12,11,2,3,8,1,0,0,1,0,0,0,0,1,5.54796E+20,5.71802E+21,9.79135E+15,5.16105E+16
26070,3,3,61,12,2018,12,17,3,2,6,4,2,0,1,1,0,0,0,0,5.17163E+20,5.86961E+21,9.25559E+15,5.29758E+16
26071,3,1,59,7,2018,12,19,1,3,9,1,2,0,1,0,0,0,0,1,5.63194E+20,5.71519E+21,9.91209E+15,5.15842E+16
26072,3,4,51,4,2018,12,15,3,3,6,4,0,0,1,1,0,0,0,1,4.39168E+20,5.88647E+21,8.09094E+15,5.31242E+16
26073,3,2,41,11,2018,12,15,7,3,4,2,0,0,1,0,0,0,0,1,5.69392E+20,5.80425E+21,1.00196E+16,5.23841E+16
26074,3,4,3,0,2018,12,18,3,3,2,6,2,0,1,0,0,0,0,0,4.47095E+20,5.88833E+21,8.20908E+15,5.31417E+16
26075,3,4,3,0,2018,12,11,3,2,5,4,0,1,0,1,0,0,0,0,4.46389E+20,5.89132E+21,8.19802E+15,5.31685E+16
26076,3,4,54,18,2018,12,15,6,2,2,7,0,0,1,0,0,0,0,1,3.85003E+20,5.84822E+21,7.29537E+15,5.27716E+16
26077,3,4,61,5,2018,12,16,3,3,2,6,1,0,1,0,0,0,1,0,4.48844E+20,5.91545E+21,8.23085E+15,5.33857E+16
26078,3,4,62,19,2018,12,16,1,2,5,3,0,1,1,0,0,0,0,1,4.19879E+20,5.93068E+21,7.79156E+15,5.35189E+16
26079,3,2,41,2,2018,12,12,6,3,5,3,0,0,1,0,0,0,0,1,5.29421E+20,5.79661E+21,9.43163E+15,5.2319E+16
26080,3,4,61,3,2018,12,13,3,3,6,4,0,0,1,1,0,0,0,1,4.58082E+20,5.9361E+21,8.36699E+15,5.35721E+16
26081,3,2,41,11,2018,12,9,2,2,3,6,0,0,1,0,0,0,0,1,5.78423E+20,5.80182E+21,1.01517E+16,5.2361E+16
26082,3,4,58,10,2018,12,7,3,3,5,2,2,0,1,0,0,1,0,1,4.54031E+20,5.88324E+21,8.31349E+15,5.30966E+16
26083,3,1,1,0,2018,12,13,1,3,9,1,0,0,1,0,0,0,0,1,6.01966E+20,5.79365E+21,1.04948E+16,5.22837E+16
26084,3,4,58,14,2018,12,12,3,3,5,3,0,0,1,0,0,0,0,1,4.61201E+20,5.85411E+21,8.42404E+15,5.28353E+16
26085,3,2,41,9,2018,12,10,7,3,5,3,0,1,1,0,0,0,0,1,5.53535E+20,5.79694E+21,9.78544E+15,5.23201E+16
26086,3,4,1,0,2018,12,10,3,3,6,4,0,0,1,1,0,0,0,0,4.75229E+20,5.8775E+21,8.6305E+15,5.30465E+16
26087,3,3,53,31,2018,12,6,3,3,2,6,2,0,0,0,0,1,1,1,5.68201E+20,5.91978E+21,1.00263E+16,5.34227E+16
26088,3,4,52,1,2018,12,16,6,3,5,3,2,1,1,0,0,0,0,1,4.00208E+20,5.92774E+21,7.49591E+15,5.34892E+16
26089,3,3,53,4,2018,12,18,3,3,5,3,2,0,1,0,0,0,1,0,5.69715E+20,5.9063E+21,1.00461E+16,5.33013E+16
26090,3,4,61,6,2018,12,9,6,2,6,4,2,0,1,1,0,0,0,1,4.74072E+20,5.89024E+21,8.61221E+15,5.31609E+16
26091,3,3,53,26,2018,12,22,1,3,4,2,2,0,1,0,0,0,0,1,5.52317E+20,5.92375E+21,9.78798E+15,5.34602E+16
26092,3,3,59,3,2018,12,7,3,2,0,7,2,0,0,1,0,0,1,1,5.41002E+20,5.92079E+21,9.61718E+15,5.34346E+16
26093,3,3,61,8,2018,12,15,7,3,8,1,0,0,1,0,0,0,0,1,5.08467E+20,5.8826E+21,9.12643E+15,5.30928E+16
26094,3,3,59,10,2018,12,21,3,3,5,2,2,0,1,0,0,0,0,1,5.45664E+20,5.9247E+21,9.68792E+15,5.34694E+16
26095,3,2,41,1,2018,12,14,3,3,2,6,0,0,1,0,0,0,0,0,5.47499E+20,5.80321E+21,9.69778E+15,5.23771E+16
26096,3,1,59,29,2018,12,15,7,2,3,6,0,0,1,0,0,1,0,1,5.59984E+20,5.70043E+21,9.86326E+15,5.14519E+16
26097,3,4,59,24,2018,12,10,5,3,2,6,0,0,1,0,0,1,0,1,4.50803E+20,5.78744E+21,8.27959E+15,5.22352E+16
26098,4,0,11,0,2018,8,16,4,3,2,6,0,0,1,0,0,0,0,0,4.90651E+20,5.87561E+21,8.8606E+15,5.30299E+16
26099,3,2,41,1,2018,12,18,2,3,5,2,2,0,1,0,0,0,0,1,5.58819E+20,5.79559E+21,9.86273E+15,5.23075E+16
26100,4,0,11,0,2018,3,22,6,2,9,7,2,0,1,0,0,0,0,0,4.73927E+20,5.89249E+21,8.60985E+15,5.31811E+16
26101,4,0,11,0,2018,9,13,6,3,2,6,0,0,1,0,0,0,0,1,4.75339E+20,5.89215E+21,8.63101E+15,5.31782E+16
26102,4,0,11,0,2018,2,7,5,3,2,6,1,0,1,0,0,0,0,0,4.8107E+20,5.87792E+21,8.7176E+15,5.30504E+16
26103,3,2,56,16,2018,12,20,2,3,8,1,2,0,1,0,0,0,0,1,5.16599E+20,5.82749E+21,9.24507E+15,5.25972E+16
26104,4,0,11,0,2018,6,14,4,3,2,6,0,0,1,0,0,0,0,0,4.87538E+20,5.87492E+21,8.81421E+15,5.30237E+16
26105,4,0,11,0,2018,8,7,3,3,3,6,0,0,1,0,1,0,0,0,4.81035E+20,5.89157E+21,8.71627E+15,5.31732E+16
26106,3,2,52,6,2018,12,10,2,3,2,6,0,0,1,0,0,0,0,1,5.22702E+20,5.76976E+21,9.33126E+15,5.2078E+16
26107,4,0,11,0,2018,5,8,3,3,2,6,0,0,1,0,0,0,0,0,4.86061E+20,5.88142E+21,8.7919E+15,5.30821E+16
26108,4,0,12,0,2018,12,14,1,2,8,1,0,0,1,0,0,0,0,0,4.753E+20,5.92783E+21,8.62764E+15,5.34988E+16
26109,3,1,58,37,2018,12,15,2,3,8,1,0,0,1,0,0,0,0,1,6.04467E+20,5.78092E+21,1.05275E+16,5.21689E+16
26110,4,0,11,0,2018,4,15,6,2,2,6,0,0,1,0,1,1,0,0,4.94762E+20,5.87592E+21,8.9219E+15,5.30328E+16
26111,4,0,11,0,2018,10,14,6,2,2,6,0,0,1,0,0,0,0,0,4.91389E+20,5.87613E+21,8.87158E+15,5.30346E+16
26112,3,1,53,17,2018,12,17,2,3,2,6,2,0,1,0,0,0,0,1,6.02026E+20,5.75083E+21,1.04829E+16,5.18988E+16
26113,4,0,11,0,2018,7,12,2,3,5,2,0,1,1,0,0,0,0,0,4.86568E+20,5.87842E+21,8.79959E+15,5.30551E+16
26114,3,4,54,26,2018,12,17,1,2,8,1,2,0,1,0,0,0,0,0,4.01364E+20,5.84388E+21,7.5391E+15,5.27358E+16
26115,4,0,11,0,2018,9,18,6,3,2,6,0,0,1,0,0,0,0,0,4.87098E+20,5.87492E+21,8.80765E+15,5.30237E+16
26116,4,0,11,0,2018,2,7,5,3,2,6,1,0,1,0,0,0,1,0,4.85188E+20,5.88611E+21,8.77866E+15,5.31242E+16
26117,3,4,60,7,2018,12,17,1,2,7,7,2,0,0,0,0,1,0,0,4.36808E+20,5.81237E+21,8.06998E+15,5.24579E+16
26118,4,0,11,0,2018,6,18,1,3,8,1,0,0,1,0,0,0,0,0,4.77484E+20,5.89147E+21,8.66315E+15,5.31721E+16
26119,3,4,60,2,2018,12,10,1,2,8,1,0,0,1,0,0,0,0,1,4.43532E+20,5.81646E+21,8.16824E+15,5.24954E+16
26120,4,0,11,0,2018,5,15,5,3,2,6,0,0,1,0,0,0,0,0,4.82234E+20,5.88856E+21,8.73437E+15,5.31461E+16
26121,4,0,11,0,2018,11,18,4,3,2,6,1,0,1,0,0,0,0,0,4.86298E+20,5.88315E+21,8.79537E+15,5.30976E+16
26122,4,0,11,0,2018,8,16,4,3,2,6,0,0,1,0,0,0,0,0,4.84891E+20,5.87998E+21,8.7745E+15,5.30691E+16
26123,3,4,55,7,2018,12,17,1,3,1,7,2,0,1,0,0,0,0,0,4.26864E+20,5.93361E+21,7.89621E+15,5.35463E+16
26124,4,0,11,0,2018,5,18,7,2,9,1,0,0,1,0,0,0,0,0,4.84981E+20,5.87984E+21,8.77585E+15,5.30678E+16
26125,4,0,11,0,2018,1,14,5,3,2,6,0,0,1,0,0,0,0,1,4.91432E+20,5.87616E+21,8.87222E+15,5.30349E+16
26126,4,0,12,0,2018,11,16,6,2,2,6,0,0,1,0,0,0,0,0,4.74811E+20,5.93252E+21,8.6199E+15,5.35409E+16
26127,3,2,52,7,2018,12,19,3,3,5,2,2,0,1,0,0,0,0,0,5.15331E+20,5.7756E+21,9.22397E+15,5.21307E+16
26128,3,4,3,0,2018,12,18,1,3,5,3,2,0,1,0,0,0,0,1,4.43719E+20,5.88828E+21,8.15862E+15,5.31409E+16
26129,4,0,11,0,2018,3,14,7,2,2,6,0,0,1,0,0,0,0,0,4.9041E+20,5.87544E+21,8.85701E+15,5.30284E+16
26130,3,3,59,10,2018,12,17,1,3,5,2,2,0,1,0,0,0,0,1,5.46645E+20,5.92542E+21,9.7028E+15,5.34757E+16
26131,4,0,11,0,2018,10,18,4,2,2,6,1,0,1,0,0,0,0,0,4.88937E+20,5.87493E+21,8.83507E+15,5.30238E+16
26132,3,3,59,38,2018,12,5,1,2,4,2,2,0,1,0,0,0,0,1,5.30337E+20,5.93761E+21,9.45828E+15,5.35864E+16
26133,4,0,11,0,2018,7,17,7,3,0,1,0,0,0,0,1,0,0,1,4.82436E+20,5.88807E+21,8.73742E+15,5.31417E+16
26134,3,2,41,16,2018,12,13,1,3,5,3,0,1,1,0,0,0,0,0,5.69994E+20,5.79675E+21,1.00268E+16,5.23166E+16
26135,4,0,11,0,2018,8,7,2,3,0,7,0,1,0,0,0,0,0,0,4.83072E+20,5.87826E+21,8.74744E+15,5.30536E+16
26136,4,0,11,0,2018,1,9,2,3,2,6,0,0,1,0,0,0,0,0,4.80944E+20,5.89237E+21,8.71487E+15,5.31803E+16
26137,3,1,59,26,2018,12,20,1,2,9,1,2,0,0,0,1,0,0,0,5.80878E+20,5.73428E+21,1.01717E+16,5.17536E+16
26138,4,0,12,0,2018,6,13,6,3,3,6,0,0,1,0,1,0,0,0,4.74803E+20,5.93268E+21,8.61976E+15,5.35424E+16
26139,3,2,54,28,2018,12,18,1,3,2,6,2,0,1,0,0,0,0,0,5.63509E+20,5.78796E+21,9.93007E+15,5.22384E+16
26140,4,0,12,0,2018,4,14,5,3,8,1,0,0,1,0,0,0,0,0,4.75621E+20,5.93784E+21,8.63171E+15,5.35889E+16
26141,4,0,11,0,2018,11,9,4,3,2,6,0,0,1,0,0,0,0,0,4.76931E+20,5.89155E+21,8.65487E+15,5.31728E+16
26142,3,2,55,16,2018,12,16,1,3,8,1,1,0,1,0,0,0,0,0,5.40132E+20,5.7585E+21,9.58427E+15,5.19757E+16
26143,4,0,11,0,2018,3,19,4,2,2,6,2,0,1,0,0,1,1,0,4.9022E+20,5.87533E+21,8.85417E+15,5.30274E+16
26144,4,0,11,0,2018,9,17,7,3,2,6,0,0,1,0,0,0,0,0,4.90235E+20,5.87532E+21,8.85441E+15,5.30273E+16
26145,3,1,54,13,2018,12,1,1,1,8,1,2,0,1,0,0,0,0,1,6.24577E+20,5.79427E+21,1.08263E+16,5.22846E+16
26146,4,0,11,0,2018,7,19,1,2,8,1,0,0,0,0,1,0,0,0,4.84812E+20,5.87995E+21,8.77333E+15,5.30688E+16
26147,3,1,53,504,2018,12,16,1,3,7,7,1,0,1,0,0,0,0,0,6.16934E+20,5.72298E+21,1.06901E+16,5.16456E+16
26148,3,4,59,19,2018,12,19,7,3,5,3,2,0,1,0,0,0,0,0,4.35854E+20,5.78431E+21,8.0613E+15,5.22055E+16
26149,4,0,12,0,2018,3,11,4,3,3,6,0,0,1,0,0,0,1,1,4.71853E+20,5.93297E+21,8.57522E+15,5.35448E+16
26150,4,0,11,0,2018,10,11,3,3,0,7,0,0,0,0,1,0,1,1,4.85906E+20,5.87868E+21,8.78971E+15,5.30574E+16
26151,3,4,59,3,2018,12,16,7,3,2,6,2,0,1,0,0,0,1,1,4.57295E+20,5.79719E+21,8.37341E+15,5.23233E+16
26152,4,0,11,0,2018,7,12,4,3,5,3,0,0,1,0,0,0,0,0,4.80587E+20,5.89222E+21,8.70953E+15,5.3179E+16
26153,3,4,57,20,2018,12,12,7,3,2,2,0,0,1,0,0,0,0,1,4.17787E+20,5.91044E+21,7.76531E+15,5.33367E+16
26154,4,0,12,0,2018,8,17,2,3,2,6,0,0,1,0,0,0,0,0,4.74799E+20,5.93448E+21,8.61955E+15,5.35586E+16
26155,3,4,62,12,2018,12,2,7,2,9,7,2,0,1,0,0,0,0,1,4.0182E+20,5.94109E+21,7.516E+15,5.36094E+16
26156,4,0,11,0,2018,5,16,6,3,2,6,0,0,1,0,0,0,0,0,4.92005E+20,5.87645E+21,8.88077E+15,5.30375E+16
26157,4,0,12,0,2018,12,9,6,3,2,6,0,0,1,0,0,0,0,1,4.75297E+20,5.93746E+21,8.62683E+15,5.35854E+16
26158,3,4,52,7,2018,12,11,7,3,4,2,0,1,1,0,0,0,0,1,3.90224E+20,5.9396E+21,7.34134E+15,5.35937E+16
26159,4,0,11,0,2018,4,21,5,3,1,1,2,0,1,0,0,0,1,0,4.86603E+20,5.87839E+21,8.80012E+15,5.30548E+16
26160,4,0,12,0,2018,10,15,2,2,2,6,0,0,1,0,0,1,0,0,4.74947E+20,5.9314E+21,8.62204E+15,5.35309E+16
26161,3,4,52,9,2018,12,16,7,2,4,1,2,0,1,0,0,0,0,1,3.87444E+20,5.94299E+21,7.29812E+15,5.36236E+16
26162,4,0,11,0,2018,3,8,4,3,2,6,0,0,1,0,0,0,0,0,4.87787E+20,5.87772E+21,8.81782E+15,5.30489E+16
26163,4,0,11,0,2018,9,14,2,3,2,6,0,0,1,0,0,0,0,0,4.88411E+20,5.87492E+21,8.82722E+15,5.30237E+16
26164,4,0,11,0,2018,2,13,5,2,0,6,0,0,1,0,0,0,0,0,4.81422E+20,5.89007E+21,8.72214E+15,5.31597E+16
26165,3,4,53,10,2018,12,8,7,3,9,7,1,0,1,0,0,0,0,1,4.13545E+20,5.85618E+21,7.71621E+15,5.28484E+16
26166,4,0,11,0,2018,6,17,1,3,9,1,0,0,1,0,0,0,0,1,4.80803E+20,5.89232E+21,8.71275E+15,5.31799E+16
26167,4,0,11,0,2018,8,9,4,3,6,4,0,0,0,1,0,1,0,0,4.79385E+20,5.89162E+21,8.69158E+15,5.31735E+16
26168,3,4,53,12,2018,12,0,7,3,8,1,2,0,1,0,0,0,0,1,4.30748E+20,5.85623E+21,7.9716E+15,5.28513E+16
26169,4,0,11,0,2018,5,11,7,3,9,1,0,0,0,0,1,0,0,0,4.90974E+20,5.88442E+21,8.86517E+15,5.31092E+16
26170,4,0,11,0,2018,12,15,5,3,2,6,1,0,1,0,0,0,0,1,4.82436E+20,5.88829E+21,8.73741E+15,5.31437E+16
26171,4,0,11,0,2018,8,10,2,3,2,6,0,0,1,0,0,0,1,0,4.89501E+20,5.87499E+21,8.84347E+15,5.30244E+16
26172,3,4,53,5,2018,12,17,7,3,2,2,2,0,1,0,0,0,0,1,4.42926E+20,5.86069E+21,8.15165E+15,5.28929E+16
26173,4,0,12,0,2018,5,6,7,3,3,6,0,0,1,0,0,0,0,0,4.75183E+20,5.9304E+21,8.62567E+15,5.35219E+16
26174,4,0,12,0,2018,12,16,3,3,2,6,0,0,1,0,0,0,0,0,4.7498E+20,5.93131E+21,8.62254E+15,5.35301E+16
26175,3,4,51,5,2018,12,0,7,3,7,7,2,0,1,0,0,0,0,1,4.45013E+20,5.89982E+21,8.17597E+15,5.32448E+16
26176,4,0,11,0,2018,4,14,2,3,3,6,0,0,1,0,1,0,0,0,4.92096E+20,5.8765E+21,8.88212E+15,5.30379E+16
26177,4,0,12,0,2018,10,5,3,3,2,6,0,0,1,0,0,1,0,0,4.74915E+20,5.93157E+21,8.62153E+15,5.35325E+16
26178,3,1,59,15,2018,12,9,3,2,9,1,0,0,1,0,0,0,0,1,5.70839E+20,5.70149E+21,1.00197E+16,5.14601E+16