OBJECTID_1,ULAND,UREGBEZ,UKREIS,UGEMEINDE,UJAHR,UMONAT,USTUNDE,UWOCHENTAG,UKATEGORIE,UART,UTYP1,ULICHTVERH,IstRad,IstPKW,IstFuss,IstKrad,IstGkfz,IstSonstig,STRZUSTAND,LINREFX,LINREFY,XGCSWGS84,YGCSWGS84
26179,4,0,11,0,2018,7,7,2,3,5,3,0,1,0,0,1,0,0,0,4.85956E+20,5.87909E+21,8.79044E+15,5.30611E+16
26180,3,4,51,5,2018,12,1,7,3,9,1,2,0,1,0,0,0,0,1,4.45008E+20,5.89975E+21,8.17591E+15,5.32442E+16
26181,4,0,11,0,2018,3,14,2,3,3,6,0,0,1,0,0,1,0,0,4.85891E+20,5.88103E+21,8.78939E+15,5.30786E+16
26182,4,0,11,0,2018,9,13,4,3,3,6,0,0,1,0,0,0,0,0,4.9199E+20,5.87646E+21,8.88054E+15,5.30376E+16
26183,4,0,11,0,2018,2,13,3,2,2,6,0,0,0,0,0,1,0,0,4.90749E+20,5.87568E+21,8.86205E+15,5.30306E+16
26184,3,2,51,37,2018,12,15,7,3,2,6,0,0,1,0,0,0,0,1,4.82438E+20,5.87356E+21,8.73824E+15,5.30113E+16
26185,4,0,12,0,2018,6,9,3,3,8,1,0,0,0,0,0,1,0,0,4.75116E+20,5.92737E+21,8.6249E+15,5.34947E+16
26186,4,0,11,0,2018,8,16,6,3,2,6,0,0,1,0,0,0,1,0,4.91929E+20,5.8764E+21,8.87963E+15,5.3037E+16
26187,3,3,52,60,2018,12,20,7,3,1,5,2,0,1,0,0,0,1,1,4.7913E+20,5.90951E+21,8.6866E+15,5.33344E+16
26188,4,0,11,0,2018,5,13,2,2,9,7,0,0,0,0,0,1,0,0,4.90336E+20,5.87539E+21,8.8559E+15,5.30279E+16
26189,4,0,11,0,2018,1,22,4,3,8,1,2,0,1,0,0,0,0,2,4.90632E+20,5.88488E+21,8.86004E+15,5.31133E+16
26190,4,0,12,0,2018,12,17,7,3,2,6,0,0,1,0,0,0,0,0,4.74818E+20,5.93345E+21,8.61992E+15,5.35493E+16
26191,3,1,1,0,2018,12,11,3,2,8,1,0,0,1,0,0,0,0,1,6.08811E+20,5.79377E+21,1.05952E+16,5.22835E+16
26192,3,3,58,19,2018,12,16,7,3,8,7,2,0,1,0,0,0,0,1,5.53224E+20,5.87365E+21,9.79326E+15,5.30097E+16
26193,4,0,11,0,2018,4,17,5,3,2,6,0,0,1,0,0,0,0,1,4.82684E+20,5.88798E+21,8.74113E+15,5.3141E+16
26194,4,0,11,0,2018,10,17,6,3,2,6,0,0,1,0,0,0,0,0,4.68665E+20,5.89431E+21,8.53094E+15,5.31972E+16
26195,3,3,51,12,2018,12,16,7,3,2,6,2,0,1,0,0,0,0,1,5.63435E+20,5.83194E+21,9.93734E+15,5.26338E+16
26196,4,0,11,0,2018,7,20,6,2,5,3,0,0,1,0,0,0,0,0,4.80907E+20,5.89235E+21,8.71431E+15,5.31801E+16
26197,3,2,41,1,2018,12,17,7,3,0,7,2,1,1,0,0,0,0,1,5.49237E+20,5.8033E+21,9.72332E+15,5.23778E+16
26198,4,0,11,0,2018,1,7,2,3,2,6,1,0,1,0,0,0,1,1,4.8771E+20,5.88524E+21,8.81638E+15,5.31164E+16
26199,3,2,41,1,2018,12,12,7,3,2,2,0,0,1,0,0,0,0,1,5.58594E+20,5.80405E+21,9.8609E+15,5.23836E+16
26200,4,0,11,0,2018,4,7,3,3,2,6,0,0,1,0,0,0,0,0,4.89525E+20,5.875E+21,8.84383E+15,5.30244E+16
26201,4,0,11,0,2018,10,18,4,3,5,3,2,0,1,0,0,1,0,0,4.90083E+20,5.87522E+21,8.85214E+15,5.30264E+16
26202,3,2,41,13,2018,12,21,7,3,5,3,2,0,1,0,0,0,0,1,5.51015E+20,5.78181E+21,9.74619E+15,5.21844E+16
26203,4,0,11,0,2018,7,8,3,2,2,6,0,0,0,0,0,1,1,0,4.94492E+20,5.87611E+21,8.91786E+15,5.30345E+16
26204,3,2,41,1,2018,12,19,7,3,9,1,2,0,1,0,0,0,0,1,5.53093E+20,5.80335E+21,9.77997E+15,5.23778E+16
26205,4,0,11,0,2018,2,16,1,3,8,1,0,0,1,0,0,0,0,2,4.90679E+20,5.88482E+21,8.86074E+15,5.31128E+16
26206,4,0,11,0,2018,9,16,4,3,2,6,0,0,1,0,0,0,1,0,4.90179E+20,5.87526E+21,8.85357E+15,5.30268E+16
26207,4,0,11,0,2018,2,15,6,3,2,6,0,0,1,0,0,0,0,1,4.89162E+20,5.87494E+21,8.83842E+15,5.30239E+16
26208,3,2,41,19,2018,12,11,7,3,2,6,0,0,1,0,0,0,0,1,5.51336E+20,5.82686E+21,9.75779E+15,5.25893E+16
26209,4,0,11,0,2018,6,15,6,3,2,6,0,0,1,0,0,0,0,0,4.83459E+20,5.87852E+21,8.7532E+15,5.3056E+16
26210,3,1,55,10,2018,12,20,7,3,5,3,2,0,1,0,0,0,0,1,5.63689E+20,5.72016E+21,9.92015E+15,5.16288E+16
26211,4,0,11,0,2018,5,15,6,3,2,6,0,0,1,0,0,0,0,0,4.88028E+20,5.88522E+21,8.82112E+15,5.31163E+16
26212,4,0,11,0,2018,1,13,4,2,3,6,0,0,1,0,0,1,0,1,4.86371E+20,5.8819E+21,8.79651E+15,5.30864E+16
26213,4,0,11,0,2018,11,8,3,3,2,6,0,0,1,0,0,0,0,0,4.91225E+20,5.88448E+21,8.86892E+15,5.31097E+16
26214,3,2,56,17,2018,12,13,7,2,9,1,0,0,1,0,0,0,0,0,5.10285E+20,5.82338E+21,9.15172E+15,5.25604E+16
26215,4,0,11,0,2018,3,6,6,3,9,1,1,0,1,0,0,0,0,2,4.75894E+20,5.89178E+21,8.63934E+15,5.31749E+16
26216,4,0,11,0,2018,10,14,2,3,5,2,0,0,1,0,1,0,0,0,4.85292E+20,5.87986E+21,8.78049E+15,5.30681E+16
26217,3,2,52,6,2018,12,20,7,3,6,2,2,0,1,1,0,0,0,1,5.25094E+20,5.77268E+21,9.36638E+15,5.21041E+16
26218,4,0,11,0,2018,7,12,5,3,5,3,0,1,1,0,0,0,0,0,4.86806E+20,5.87822E+21,8.80316E+15,5.30533E+16
26219,3,1,59,17,2018,12,7,7,3,2,1,2,0,1,0,0,0,0,1,5.48682E+20,5.69437E+21,9.6998E+15,5.13985E+16
26220,4,0,11,0,2018,8,13,5,3,0,6,0,0,1,0,0,1,0,0,4.85999E+20,5.88129E+21,8.79098E+15,5.30809E+16
26221,3,1,59,16,2018,12,1,7,3,5,3,2,0,1,0,0,0,0,1,5.64588E+20,5.71221E+21,9.93168E+15,5.15573E+16
26222,4,0,11,0,2018,5,18,4,3,2,6,0,0,1,0,0,0,0,0,4.78853E+20,5.89158E+21,8.68362E+15,5.31732E+16
26223,3,1,58,37,2018,12,17,7,3,4,1,2,0,1,0,0,0,0,1,6.04871E+20,5.78295E+21,1.05341E+16,5.21871E+16
26224,4,0,11,0,2018,9,7,3,3,3,6,0,0,1,0,0,0,0,0,4.91813E+20,5.87637E+21,8.87791E+15,5.30368E+16
26225,4,0,11,0,2018,1,11,3,2,3,6,0,0,1,0,0,0,1,0,4.94339E+20,5.87621E+21,8.91558E+15,5.30354E+16
26226,3,1,2,0,2018,12,18,7,3,5,2,2,0,1,0,0,0,0,1,5.9011E+20,5.77981E+21,1.03174E+16,5.21614E+16
26227,4,0,11,0,2018,6,9,5,2,8,1,0,0,0,0,0,0,1,0,4.87772E+20,5.88525E+21,8.81729E+15,5.31166E+16
26228,3,1,2,0,2018,12,16,7,3,4,2,2,1,1,0,0,0,0,1,5.90347E+20,5.77911E+21,1.03206E+16,5.21551E+16
26229,4,0,11,0,2018,4,10,7,3,2,6,0,0,1,0,0,0,0,0,4.89669E+20,5.87503E+21,8.84596E+15,5.30247E+16
26230,4,0,11,0,2018,11,8,6,3,2,6,0,0,1,0,0,0,0,1,4.76162E+20,5.89177E+21,8.64335E+15,5.31747E+16
26231,3,1,51,22,2018,12,19,7,3,2,2,2,0,1,0,0,0,0,1,6.04563E+20,5.8117E+21,1.05385E+16,5.24454E+16
26232,4,0,12,0,2018,3,12,6,3,2,6,0,0,1,0,0,0,0,0,4.74803E+20,5.93378E+21,8.61967E+15,5.35523E+16
26233,4,0,11,0,2018,10,18,2,3,2,6,2,0,1,0,0,0,0,1,4.8067E+20,5.89227E+21,8.71076E+15,5.31794E+16
26234,3,1,54,13,2018,12,10,7,3,8,1,0,0,1,0,0,0,0,1,6.23605E+20,5.79719E+21,1.08132E+16,5.23111E+16
26235,4,0,11,0,2018,7,16,3,3,2,6,0,0,1,0,0,0,1,0,4.85207E+20,5.87988E+21,8.77922E+15,5.30682E+16
26236,3,4,57,20,2018,12,14,6,3,5,3,0,1,1,0,0,0,0,0,4.1662E+20,5.90696E+21,7.7487E+15,5.33052E+16
26237,4,0,11,0,2018,8,18,3,3,2,6,0,0,1,0,0,0,0,0,4.80771E+20,5.89217E+21,8.71229E+15,5.31786E+16
26238,3,4,57,13,2018,12,11,6,3,2,6,0,0,1,0,0,0,0,1,3.98474E+20,5.89957E+21,7.47883E+15,5.32357E+16
26239,4,0,11,0,2018,5,9,3,3,2,6,0,0,1,0,0,0,0,0,4.84308E+20,5.87904E+21,8.76585E+15,5.30607E+16
26240,4,0,11,0,2018,12,15,5,3,2,6,0,0,1,0,0,0,0,0,4.91839E+20,5.87638E+21,8.87829E+15,5.30369E+16
26241,4,0,11,0,2018,1,19,4,3,5,3,2,0,1,0,0,1,0,1,4.82361E+20,5.87822E+21,8.73684E+15,5.30532E+16
26242,4,0,11,0,2018,1,7,2,3,2,6,1,0,1,0,0,0,0,1,4.86223E+20,5.88563E+21,8.79414E+15,5.31199E+16
26243,3,4,56,14,2018,12,12,6,2,4,2,0,0,1,0,0,0,0,0,3.59248E+20,5.81799E+21,6.92672E+15,5.24938E+16
26244,4,0,11,0,2018,4,12,4,3,3,6,0,0,1,0,0,1,0,0,4.8631E+20,5.88183E+21,8.79561E+15,5.30857E+16
26245,4,0,11,0,2018,10,7,6,3,2,6,1,0,1,0,0,0,1,0,4.87361E+20,5.88493E+21,8.81117E+15,5.31137E+16
26246,3,4,56,15,2018,12,6,6,3,9,1,2,0,1,0,0,0,0,1,3.66907E+20,5.81576E+21,7.04035E+15,5.24758E+16
26247,4,0,11,0,2018,3,8,2,3,3,6,0,0,1,0,0,0,0,0,4.80604E+20,5.89222E+21,8.70979E+15,5.3179E+16
26248,4,0,11,0,2018,9,10,6,2,0,1,0,0,0,0,1,0,0,0,4.8355E+20,5.88074E+21,8.75446E+15,5.30758E+16
26249,4,0,11,0,2018,2,15,5,3,2,6,0,0,1,0,0,0,0,0,4.85911E+20,5.87914E+21,8.78976E+15,5.30616E+16
26250,4,0,11,0,2018,4,14,7,3,5,3,0,0,1,0,0,0,0,0,4.83718E+20,5.88072E+21,8.75696E+15,5.30758E+16
26251,4,0,11,0,2018,11,12,2,3,2,6,0,0,0,0,0,1,0,0,4.9083E+20,5.87574E+21,8.86326E+15,5.30311E+16
26252,3,4,54,18,2018,12,19,6,2,5,3,2,1,1,0,0,0,0,0,3.77451E+20,5.85465E+21,7.18107E+15,5.28277E+16
26253,4,0,12,0,2018,3,13,4,2,3,6,0,0,1,0,0,1,0,0,4.74801E+20,5.93271E+21,8.61973E+15,5.35427E+16
26254,4,0,11,0,2018,9,8,3,3,0,1,0,0,1,0,0,0,0,1,4.92366E+20,5.87675E+21,8.88615E+15,5.30402E+16
26255,3,4,54,2,2018,12,15,6,3,5,3,0,1,1,0,0,0,0,0,3.92187E+20,5.8287E+21,7.4082E+15,5.25976E+16
26256,4,0,11,0,2018,6,8,5,3,2,6,0,0,1,0,0,0,0,0,4.88094E+20,5.87492E+21,8.82249E+15,5.30237E+16
26257,3,4,53,7,2018,12,19,6,3,5,3,2,0,1,0,0,0,0,1,4.23033E+20,5.87473E+21,7.85267E+15,5.30166E+16
26258,4,0,11,0,2018,8,13,2,3,1,6,0,0,1,0,0,1,0,0,4.90512E+20,5.87549E+21,8.85853E+15,5.30289E+16
26259,3,4,53,1,2018,12,8,6,3,5,2,0,0,1,0,1,0,0,1,4.14843E+20,5.88843E+21,7.72699E+15,5.31385E+16
26260,4,0,11,0,2018,5,18,4,3,2,6,0,0,1,0,0,0,0,0,4.97529E+20,5.88003E+21,8.96312E+15,5.30697E+16
26261,4,0,11,0,2018,12,12,3,2,2,6,0,0,1,0,0,0,0,0,4.92107E+20,5.87648E+21,8.88228E+15,5.30378E+16
26262,4,0,11,0,2018,1,4,6,3,2,6,2,0,1,0,0,0,0,1,4.89276E+20,5.88517E+21,8.83977E+15,5.31158E+16
26263,3,4,3,0,2018,12,19,6,3,4,2,2,0,1,0,0,0,0,1,4.50476E+20,5.8858E+21,8.26E+15,5.31193E+16
26264,4,0,11,0,2018,4,13,6,3,2,6,0,0,1,0,0,0,0,0,4.90847E+20,5.87575E+21,8.86352E+15,5.30312E+16
26265,4,0,11,0,2018,10,16,3,3,2,6,0,0,0,0,0,1,0,1,4.90534E+20,5.87551E+21,8.85886E+15,5.3029E+16
26266,3,4,3,0,2018,12,8,6,2,4,2,0,0,1,0,0,0,0,1,4.4873E+20,5.88923E+21,8.23336E+15,5.315E+16
26267,3,4,57,21,2018,12,10,2,3,1,5,0,0,1,0,0,0,0,0,3.89251E+20,5.89161E+21,7.34347E+15,5.31623E+16
26268,4,0,11,0,2018,7,10,6,3,2,6,0,0,1,0,0,0,1,0,4.9025E+20,5.87533E+21,8.85462E+15,5.30274E+16
26269,3,4,58,10,2018,12,9,6,3,8,1,0,0,1,0,0,0,0,0,4.59788E+20,5.88203E+21,8.39961E+15,5.30862E+16
26270,4,0,11,0,2018,3,14,6,2,2,6,0,0,1,0,0,0,1,0,4.97664E+20,5.87954E+21,8.96514E+15,5.30654E+16
26271,4,0,11,0,2018,9,18,2,2,2,6,0,0,1,0,1,0,0,0,4.87387E+20,5.88514E+21,8.81156E+15,5.31155E+16
26272,4,0,11,0,2018,2,14,2,3,2,6,0,0,0,0,0,1,0,0,4.90695E+20,5.87564E+21,8.86125E+15,5.30302E+16
26273,3,3,52,62,2018,12,18,6,3,4,1,2,0,1,0,0,0,0,1,4.82761E+20,5.94101E+21,8.73938E+15,5.36176E+16
26274,4,0,11,0,2018,6,1,1,3,9,1,2,0,1,0,0,0,0,1,4.84828E+20,5.88005E+21,8.77356E+15,5.30698E+16
26275,4,0,11,0,2018,1,17,6,3,2,6,2,0,1,0,0,1,0,0,4.9285E+20,5.88245E+21,8.89323E+15,5.30914E+16
26276,4,0,11,0,2018,8,12,5,3,3,6,0,0,1,0,0,1,0,0,4.90085E+20,5.87522E+21,8.85217E+15,5.30264E+16
26277,3,3,52,62,2018,12,9,6,3,2,6,0,0,1,0,0,0,0,1,4.77309E+20,5.93978E+21,8.65707E+15,5.36063E+16
26278,4,0,11,0,2018,5,13,1,3,8,1,0,0,1,0,0,0,0,0,4.86028E+20,5.87856E+21,8.79154E+15,5.30564E+16
26279,3,3,59,38,2018,12,21,6,3,2,6,2,0,1,0,0,0,0,1,5.31259E+20,5.93719E+21,9.47217E+15,5.35826E+16
26280,4,0,11,0,2018,6,14,6,3,2,7,0,0,1,0,0,0,0,0,4.89491E+20,5.87498E+21,8.84331E+15,5.30243E+16
26281,4,0,11,0,2018,8,16,3,3,2,6,0,0,1,0,0,0,0,0,4.8103E+20,5.89159E+21,8.71619E+15,5.31733E+16
26282,3,3,57,16,2018,12,17,6,3,2,6,2,0,1,0,0,0,0,1,5.00482E+20,5.91404E+21,9.00725E+15,5.33754E+16
26283,4,0,12,0,2018,5,13,3,3,2,6,0,0,1,0,0,0,0,0,4.74798E+20,5.93438E+21,8.61954E+15,5.35577E+16
26284,4,0,12,0,2018,12,14,4,3,2,6,0,0,1,0,0,0,0,0,4.75406E+20,5.92772E+21,8.62925E+15,5.34978E+16
26285,4,0,11,0,2018,1,14,5,3,2,6,0,0,1,0,0,0,0,0,4.97817E+20,5.87901E+21,8.96742E+15,5.30606E+16
26286,3,3,60,30,2018,12,17,6,3,8,7,2,0,1,0,0,0,0,1,6.12384E+20,5.85948E+21,1.06698E+16,5.28733E+16
26287,4,0,11,0,2018,4,9,6,3,2,6,0,0,1,0,0,0,1,0,4.90768E+20,5.87569E+21,8.86234E+15,5.30307E+16
26288,4,0,11,0,2018,10,17,3,3,3,6,0,0,0,0,1,1,0,0,4.8624E+20,5.88277E+21,8.79452E+15,5.30942E+16
26289,3,3,60,30,2018,12,17,6,2,2,6,2,0,1,0,0,0,0,1,6.12212E+20,5.85981E+21,1.06674E+16,5.28762E+16
26290,4,0,11,0,2018,7,17,4,3,1,6,0,0,1,0,0,0,0,0,4.87323E+20,5.87613E+21,8.81095E+15,5.30346E+16
26291,3,2,41,12,2018,12,22,6,3,5,2,2,0,1,0,0,0,0,1,5.31014E+20,5.81672E+21,9.45687E+15,5.24997E+16
26292,4,0,11,0,2018,9,8,3,3,2,6,0,0,0,0,0,1,1,0,4.83022E+20,5.87824E+21,8.7467E+15,5.30534E+16
26293,4,0,11,0,2018,2,7,5,3,2,6,1,0,1,0,0,0,0,1,4.92794E+20,5.88248E+21,8.8924E+15,5.30917E+16
26294,3,2,41,1,2018,12,21,6,3,8,1,0,0,1,0,0,0,0,1,5.5654E+20,5.79912E+21,9.82989E+15,5.23395E+16
26295,4,0,11,0,2018,6,17,2,3,2,6,0,0,0,0,1,0,1,0,4.88982E+20,5.87491E+21,8.83573E+15,5.30237E+16
26296,4,0,11,0,2018,1,13,1,3,8,6,0,0,1,0,0,0,0,0,4.86988E+20,5.88535E+21,8.80558E+15,5.31175E+16
26297,3,2,41,1,2018,12,14,6,3,2,6,0,0,1,0,0,0,0,0,5.4872E+20,5.80334E+21,9.71573E+15,5.23782E+16
26298,4,0,11,0,2018,5,18,6,2,2,6,0,0,1,0,0,0,0,0,4.86296E+20,5.88305E+21,8.79534E+15,5.30967E+16
26299,4,0,12,0,2018,11,21,4,3,9,1,0,0,1,0,0,0,0,0,4.74948E+20,5.93147E+21,8.62204E+15,5.35315E+16
26300,4,0,11,0,2018,1,14,7,3,5,3,0,0,1,0,0,0,0,1,4.8598E+20,5.87906E+21,8.7908E+15,5.30608E+16
26301,3,2,41,1,2018,12,0,6,3,2,5,2,0,1,0,0,0,0,0,5.53156E+20,5.80345E+21,9.78091E+15,5.23787E+16
26302,4,0,11,0,2018,3,11,5,3,2,6,0,0,1,0,0,0,0,1,4.89064E+20,5.87493E+21,8.83696E+15,5.30238E+16
26303,4,0,11,0,2018,10,13,5,3,3,6,0,0,1,0,1,0,0,0,4.84553E+20,5.87911E+21,8.7695E+15,5.30613E+16
26304,3,2,52,6,2018,12,22,6,3,3,6,2,0,1,0,0,0,0,1,5.23579E+20,5.77058E+21,9.34412E+15,5.20853E+16
26305,4,0,11,0,2018,11,16,5,3,8,7,1,0,1,0,0,0,0,1,4.86819E+20,5.88541E+21,8.80306E+15,5.3118E+16
26306,3,1,59,16,2018,12,14,6,3,5,3,0,1,1,0,0,0,0,0,5.62989E+20,5.70956E+21,9.90813E+15,5.15337E+16
26307,4,0,11,0,2018,4,15,3,3,3,6,0,0,1,0,0,1,0,0,4.86391E+20,5.88217E+21,8.79679E+15,5.30888E+16
26308,3,1,54,7,2018,12,10,6,3,8,1,0,0,1,0,0,0,0,1,6.30977E+20,5.81405E+21,1.09278E+16,5.24609E+16
26309,4,0,12,0,2018,10,14,4,3,2,6,0,0,1,0,0,0,0,0,4.748E+20,5.93352E+21,8.61965E+15,5.355E+16
26310,3,4,59,19,2018,12,8,5,3,9,1,0,0,1,0,0,0,0,0,4.37038E+20,5.78752E+21,8.07803E+15,5.22345E+16
26311,4,0,11,0,2018,7,16,2,3,2,6,0,0,1,0,0,0,0,0,4.9789E+20,5.87868E+21,8.96852E+15,5.30577E+16
26312,3,4,59,7,2018,12,16,5,3,5,3,1,0,1,0,0,0,0,0,4.37111E+20,5.82853E+21,8.07138E+15,5.26032E+16
26313,4,0,11,0,2018,8,22,4,3,0,1,2,0,1,0,0,0,0,1,4.82891E+20,5.88078E+21,8.7446E+15,5.30762E+16
26314,4,0,11,0,2018,1,8,2,3,2,6,0,0,1,0,0,0,0,0,4.8096E+20,5.89237E+21,8.7151E+15,5.31804E+16
26315,3,4,59,18,2018,12,11,5,2,8,1,0,0,0,0,1,0,0,0,4.31788E+20,5.82822E+21,7.99286E+15,5.25997E+16
26316,4,0,12,0,2018,6,17,4,2,2,6,0,0,1,0,0,1,0,0,4.74944E+20,5.93149E+21,8.62199E+15,5.35317E+16
26317,3,4,59,13,2018,12,15,2,2,8,1,0,0,1,0,0,0,0,1,4.52983E+20,5.80541E+21,8.309E+15,5.23969E+16
26318,3,4,4,0,2018,12,11,5,3,3,2,0,1,1,0,0,0,0,0,4.34265E+20,5.78928E+21,8.03709E+15,5.225E+16
26319,4,0,11,0,2018,4,14,6,3,2,6,0,0,1,0,0,0,0,0,4.81866E+20,5.88848E+21,8.72887E+15,5.31454E+16
26320,4,0,12,0,2018,11,18,5,3,2,6,0,0,1,0,0,0,1,0,4.75166E+20,5.93047E+21,8.62542E+15,5.35226E+16
26321,3,4,57,13,2018,12,1,5,3,5,3,2,1,1,0,0,0,0,0,3.96964E+20,5.90001E+21,7.45607E+15,5.32394E+16
26322,4,0,11,0,2018,3,14,6,3,2,6,0,0,1,0,0,0,0,0,4.91076E+20,5.88457E+21,8.86669E+15,5.31105E+16
26323,4,0,12,0,2018,9,12,7,3,2,6,0,0,1,0,0,0,0,0,4.74807E+20,5.93258E+21,8.61984E+15,5.35416E+16
26324,3,4,56,3,2018,12,14,5,3,2,2,0,0,1,0,0,0,0,0,3.78414E+20,5.80379E+21,7.21405E+15,5.23709E+16
26325,4,0,11,0,2018,7,11,2,3,2,6,0,0,1,0,0,0,0,0,4.89792E+20,5.87507E+21,8.8478E+15,5.30251E+16
26326,3,4,56,25,2018,12,17,5,3,2,6,2,0,1,0,0,0,0,0,3.78584E+20,5.81601E+21,7.21211E+15,5.24807E+16
26327,4,0,11,0,2018,8,14,2,2,2,6,0,0,1,0,0,1,0,0,4.86003E+20,5.88128E+21,8.79105E+15,5.30808E+16
26328,3,4,54,39,2018,12,14,5,3,2,6,0,0,1,0,0,0,0,0,3.80016E+20,5.85799E+21,7.21789E+15,5.28582E+16
26329,4,0,11,0,2018,5,11,2,3,2,6,0,0,1,0,0,0,0,0,4.90058E+20,5.87521E+21,8.85177E+15,5.30263E+16
26330,4,0,11,0,2018,12,11,4,3,2,6,0,0,0,0,0,1,0,0,4.90307E+20,5.87537E+21,8.85548E+15,5.30278E+16
26331,4,0,11,0,2018,7,16,4,3,2,6,0,0,1,0,0,0,0,0,4.88312E+20,5.87492E+21,8.82574E+15,5.30237E+16
26332,3,4,60,4,2018,12,7,5,3,5,3,2,0,1,0,0,0,0,1,4.59596E+20,5.84993E+21,8.40075E+15,5.27976E+16
26333,4,0,11,0,2018,8,18,3,2,9,1,0,0,0,0,1,0,0,0,4.82415E+20,5.88101E+21,8.7375E+15,5.30782E+16
26334,3,4,53,5,2018,12,14,5,3,5,3,0,0,1,0,0,0,0,1,4.48092E+20,5.85664E+21,8.22907E+15,5.2857E+16
26335,4,0,11,0,2018,5,5,7,3,0,1,0,0,0,0,1,0,0,0,4.90105E+20,5.88507E+21,8.85216E+15,5.3115E+16
26336,4,0,11,0,2018,12,13,1,3,5,3,0,0,1,0,1,0,0,1,4.87705E+20,5.87721E+21,8.81661E+15,5.30442E+16
26337,3,4,4,0,2018,12,16,2,2,0,1,1,1,0,0,0,0,0,1,4.34478E+20,5.78969E+21,8.04012E+15,5.22537E+16
26338,3,3,56,9,2018,12,17,5,3,4,6,2,0,1,0,0,0,0,1,4.7274E+20,5.89913E+21,8.59153E+15,5.32407E+16
26339,4,0,11,0,2018,4,12,5,3,2,6,0,0,1,0,0,0,0,0,4.68462E+20,5.89448E+21,8.52788E+15,5.31987E+16
26340,4,0,11,0,2018,10,11,4,3,8,7,0,0,1,0,0,0,0,0,4.90162E+20,5.88507E+21,8.85301E+15,5.3115E+16
26341,3,3,56,7,2018,12,16,5,3,2,6,2,0,1,0,0,0,0,1,4.82298E+20,5.89804E+21,8.7348E+15,5.32313E+16
26342,4,0,12,0,2018,3,15,4,3,2,6,0,0,1,0,0,0,0,0,4.75225E+20,5.92756E+21,8.62654E+15,5.34964E+16
26343,4,0,11,0,2018,9,13,2,3,2,6,0,0,1,0,0,0,1,1,4.89824E+20,5.87509E+21,8.84828E+15,5.30252E+16
26344,4,0,11,0,2018,2,13,6,3,2,6,0,0,1,0,0,0,0,0,4.81044E+20,5.89155E+21,8.71641E+15,5.31729E+16
26345,3,3,61,8,2018,12,16,5,3,5,3,1,0,1,0,1,0,0,1,5.08127E+20,5.88259E+21,9.12137E+15,5.30927E+16
26346,4,0,12,0,2018,6,8,1,3,8,1,0,0,1,0,0,0,0,0,4.75211E+20,5.93072E+21,8.62607E+15,5.35248E+16
26347,4,0,11,0,2018,8,14,5,3,2,6,0,0,1,0,0,0,0,1,4.75077E+20,5.89233E+21,8.62707E+15,5.31798E+16
26348,3,4,3,0,2018,12,5,5,3,8,1,2,0,0,0,0,1,0,1,4.51145E+20,5.88428E+21,8.27023E+15,5.31058E+16
26349,4,0,11,0,2018,5,9,1,2,2,6,0,0,1,0,0,0,0,0,4.82958E+20,5.88766E+21,8.74524E+15,5.3138E+16
26350,4,0,11,0,2018,12,11,6,3,9,1,0,0,1,0,0,0,0,1,4.97475E+20,5.88019E+21,8.96232E+15,5.30712E+16
26351,3,4,57,20,2018,12,13,2,3,5,7,0,0,1,0,0,0,1,1,4.19699E+20,5.90777E+21,7.79469E+15,5.33131E+16
26352,3,4,51,1,2018,12,17,5,3,2,2,2,0,1,0,0,0,0,1,4.19528E+20,5.89807E+21,7.79457E+15,5.32258E+16
26353,4,0,11,0,2018,4,16,3,3,3,6,0,0,1,0,0,1,0,0,4.81847E+20,5.88908E+21,8.72856E+15,5.31508E+16
26354,4,0,11,0,2018,10,14,6,3,2,6,0,0,1,0,0,0,1,0,4.85228E+20,5.87992E+21,8.77954E+15,5.30686E+16
26355,3,4,61,3,2018,12,9,5,3,0,1,0,0,1,0,0,0,0,1,4.55903E+20,5.92964E+21,8.33499E+15,5.35138E+16
26356,4,0,11,0,2018,7,17,4,3,2,6,0,0,1,0,0,0,0,0,4.86159E+20,5.87885E+21,8.79347E+15,5.3059E+16
26357,3,4,54,41,2018,12,9,2,2,5,3,0,0,1,0,0,0,0,1,3.9366E+20,5.88044E+21,7.41309E+15,5.30629E+16
26358,3,4,1,0,2018,12,12,5,3,5,3,0,0,1,0,0,0,0,1,4.75426E+20,5.87805E+21,8.63339E+15,5.30514E+16
26359,4,0,11,0,2018,4,15,2,3,2,6,0,0,1,0,0,0,1,0,4.81506E+20,5.88974E+21,8.72342E+15,5.31567E+16
26360,4,0,11,0,2018,10,13,4,3,9,1,0,0,1,0,0,0,0,1,4.85011E+20,5.87978E+21,8.7763E+15,5.30673E+16
26361,4,0,11,0,2018,7,16,3,3,2,6,0,0,1,0,0,1,0,0,4.91115E+20,5.87591E+21,8.8675E+15,5.30327E+16
26362,3,3,52,24,2018,12,9,5,3,8,1,0,0,1,0,0,0,0,1,5.06956E+20,5.93486E+21,9.10502E+15,5.35625E+16
26363,4,0,11,0,2018,3,6,6,3,3,6,1,0,1,0,0,0,0,0,4.87156E+20,5.87802E+21,8.80839E+15,5.30515E+16
26364,4,0,11,0,2018,9,13,6,3,2,6,0,0,1,0,0,0,1,1,4.90216E+20,5.87531E+21,8.85412E+15,5.30272E+16
26365,4,0,11,0,2018,2,10,3,3,2,6,0,0,1,0,0,1,0,0,4.85946E+20,5.88115E+21,8.7902E+15,5.30797E+16
26366,3,3,53,26,2018,12,18,5,3,5,3,2,0,1,0,0,0,0,1,5.52332E+20,5.92376E+21,9.7882E+15,5.34602E+16
26367,4,0,11,0,2018,6,7,4,3,2,6,0,0,1,0,0,0,0,0,4.81117E+20,5.89122E+21,8.71751E+15,5.317E+16