OBJECTID_1,ULAND,UREGBEZ,UKREIS,UGEMEINDE,UJAHR,UMONAT,USTUNDE,UWOCHENTAG,UKATEGORIE,UART,UTYP1,ULICHTVERH,IstRad,IstPKW,IstFuss,IstKrad,IstGkfz,IstSonstig,STRZUSTAND,LINREFX,LINREFY,XGCSWGS84,YGCSWGS84
26368,3,4,56,25,2018,12,23,2,3,8,1,2,0,1,0,0,0,0,1,3.78792E+20,5.81608E+21,7.21514E+15,5.24814E+16
26369,4,0,11,0,2018,8,11,2,2,2,6,0,0,0,0,0,1,0,0,4.87765E+20,5.88526E+21,8.8172E+15,5.31167E+16
26370,3,3,53,31,2018,12,14,5,2,6,4,0,0,1,1,0,0,0,1,5.67885E+20,5.91954E+21,1.00215E+16,5.34205E+16
26371,4,0,11,0,2018,5,13,3,3,2,6,0,0,1,0,0,0,0,0,4.80665E+20,5.89224E+21,8.7107E+15,5.31792E+16
26372,4,0,11,0,2018,12,19,1,3,8,1,2,0,1,0,0,0,0,1,4.86469E+20,5.88201E+21,8.79797E+15,5.30874E+16
26373,3,4,54,35,2018,12,18,2,3,7,1,2,0,1,0,0,0,0,1,3.88516E+20,5.83715E+21,7.35117E+15,5.26728E+16
26374,4,0,11,0,2018,1,4,1,3,8,1,2,0,1,0,0,0,0,2,4.84808E+20,5.88636E+21,8.77296E+15,5.31265E+16
26375,3,3,58,21,2018,12,11,5,3,2,6,0,0,1,0,0,0,0,1,5.56249E+20,5.86486E+21,9.83683E+15,5.29304E+16
26376,4,0,11,0,2018,4,15,6,3,2,6,0,0,1,0,1,0,0,0,4.8431E+20,5.87904E+21,8.76587E+15,5.30607E+16
26377,4,0,11,0,2018,10,13,6,3,2,6,0,0,1,0,0,0,0,0,4.9346E+20,5.88176E+21,8.90235E+15,5.30853E+16
26378,3,3,58,21,2018,12,15,5,3,5,3,0,0,1,0,0,0,0,1,5.55804E+20,5.8691E+21,9.83093E+15,5.29686E+16
26379,4,0,11,0,2018,7,22,7,2,2,6,2,0,1,0,0,0,0,0,4.87398E+20,5.88508E+21,8.81173E+15,5.3115E+16
26380,3,3,57,45,2018,12,14,5,3,2,6,0,0,1,0,0,0,0,1,5.13208E+20,5.88417E+21,9.1973E+15,5.31068E+16
26381,4,0,11,0,2018,9,5,6,3,9,1,2,0,1,0,0,0,0,0,4.82361E+20,5.88821E+21,8.7363E+15,5.3143E+16
26382,4,0,11,0,2018,1,7,4,3,2,6,1,0,1,0,0,0,0,1,4.81863E+20,5.88903E+21,8.7288E+15,5.31504E+16
26383,3,3,57,44,2018,12,20,5,3,2,6,2,0,1,0,0,0,0,1,5.3112E+20,5.90325E+21,9.46671E+15,5.32776E+16
26384,4,0,11,0,2018,6,14,6,3,2,6,0,0,1,0,0,0,0,0,4.83778E+20,5.87878E+21,8.75795E+15,5.30583E+16
26385,3,4,62,15,2018,12,16,2,2,9,1,1,0,1,0,0,0,0,0,4.09701E+20,5.94304E+21,7.63452E+15,5.36284E+16
26386,3,3,57,44,2018,12,20,5,2,2,6,2,0,1,0,0,0,0,1,5.33565E+20,5.90478E+21,9.50355E+15,5.32912E+16
26387,4,0,11,0,2018,2,8,2,3,2,6,0,0,1,0,0,0,0,2,4.80917E+20,5.89198E+21,8.71448E+15,5.31768E+16
26388,4,0,11,0,2018,9,12,4,3,8,1,0,0,1,0,0,0,0,1,4.85904E+20,5.87866E+21,8.78967E+15,5.30573E+16
26389,4,0,11,0,2018,2,7,7,2,8,1,2,0,0,0,0,0,1,2,4.85718E+20,5.8858E+21,8.78658E+15,5.31215E+16
26390,3,3,57,41,2018,12,5,5,3,8,1,2,0,1,0,0,0,0,1,5.26539E+20,5.89388E+21,9.39723E+15,5.31936E+16
26391,4,0,11,0,2018,6,21,7,3,2,6,1,0,1,0,0,0,0,0,4.85095E+20,5.88617E+21,8.77726E+15,5.31247E+16
26392,3,4,62,19,2018,12,1,2,3,9,1,2,0,1,0,0,0,0,1,4.20145E+20,5.93703E+21,7.79396E+15,5.3576E+16
26393,3,3,60,5,2018,12,17,5,2,9,7,2,0,1,0,0,0,0,1,6.18653E+20,5.85467E+21,1.07611E+16,5.28287E+16
26394,4,0,12,0,2018,5,14,6,3,2,6,0,0,1,0,0,0,0,0,4.74803E+20,5.93267E+21,8.61976E+15,5.35423E+16
26395,4,0,11,0,2018,11,14,6,3,2,6,0,0,1,0,0,0,0,0,4.92985E+20,5.8766E+21,8.89537E+15,5.30389E+16
26396,3,4,60,7,2018,12,11,2,3,0,7,0,0,1,0,0,0,0,1,4.39665E+20,5.81844E+21,8.11092E+15,5.25128E+16
26397,3,3,55,33,2018,12,13,5,3,5,2,0,0,1,0,0,0,0,1,5.99383E+20,5.90467E+21,1.04907E+16,5.32819E+16
26398,4,0,11,0,2018,3,9,6,3,2,6,0,0,1,0,0,0,0,0,4.87795E+20,5.87492E+21,8.81803E+15,5.30237E+16
26399,3,3,51,6,2018,12,8,5,3,8,1,1,0,1,0,0,0,0,1,5.7273E+20,5.8266E+21,1.00735E+16,5.25845E+16
26400,4,0,11,0,2018,10,10,2,3,2,6,0,0,1,0,0,0,0,0,4.81812E+20,5.88913E+21,8.72804E+15,5.31512E+16
26401,3,2,41,1,2018,12,14,5,3,5,2,0,0,1,0,0,0,0,0,5.48593E+20,5.8015E+21,9.7136E+15,5.23616E+16
26402,4,0,11,0,2018,7,15,5,3,2,6,0,0,1,0,0,0,1,0,4.91659E+20,5.87629E+21,8.87561E+15,5.30361E+16
26403,4,0,11,0,2018,1,9,5,2,0,1,0,0,0,0,1,0,0,1,4.86429E+20,5.88202E+21,8.79737E+15,5.30875E+16
26404,3,1,59,3,2018,12,16,5,2,8,1,2,0,1,0,0,0,0,1,6.0653E+20,5.72526E+21,1.05405E+16,5.16682E+16
26405,4,0,11,0,2018,8,13,6,3,2,6,0,0,1,0,0,0,0,0,4.90253E+20,5.88505E+21,8.85437E+15,5.31147E+16
26406,3,2,57,6,2018,12,3,5,2,0,7,2,0,0,0,0,0,1,0,5.25675E+20,5.79755E+21,9.37676E+15,5.23277E+16
26407,4,0,11,0,2018,5,8,5,3,2,6,0,0,1,0,0,0,0,0,4.85902E+20,5.88106E+21,8.78954E+15,5.30788E+16
26408,3,4,53,6,2018,12,13,2,3,5,3,0,0,1,0,0,0,0,1,4.30413E+20,5.84161E+21,7.96974E+15,5.27199E+16
26409,3,2,54,2,2018,12,19,5,3,8,7,2,0,1,0,0,0,0,1,5.54856E+20,5.7637E+21,9.79944E+15,5.20213E+16
26410,4,0,12,0,2018,4,14,4,2,2,6,0,0,1,0,0,0,0,0,4.74808E+20,5.93258E+21,8.61984E+15,5.35415E+16
26411,4,0,11,0,2018,11,10,4,3,2,6,0,0,1,0,0,0,1,0,4.80683E+20,5.89227E+21,8.71096E+15,5.31795E+16
26412,3,4,5,0,2018,12,15,2,3,9,7,0,0,1,0,0,0,0,1,4.41758E+20,5.93384E+21,8.12091E+15,5.35502E+16
26413,3,1,3,0,2018,12,12,5,2,9,1,0,0,1,0,0,0,0,0,6.21049E+20,5.81423E+21,1.07818E+16,5.24648E+16
26414,3,1,3,0,2018,12,8,5,3,4,6,0,0,0,0,0,0,1,0,6.2506E+20,5.80693E+21,1.08381E+16,5.23983E+16
26415,4,0,11,0,2018,5,15,5,3,2,6,0,0,1,0,0,0,1,0,4.89669E+20,5.87501E+21,8.84597E+15,5.30245E+16
26416,4,0,11,0,2018,11,13,7,3,5,2,0,0,1,0,0,0,0,0,4.80902E+20,5.89235E+21,8.71424E+15,5.31801E+16
26417,3,3,56,7,2018,12,11,2,3,4,2,0,1,1,0,0,0,0,1,4.85556E+20,5.89793E+21,8.78363E+15,5.32305E+16
26418,3,1,53,17,2018,12,15,5,3,5,3,0,0,1,0,0,0,0,0,5.97567E+20,5.75107E+21,1.04182E+16,5.19018E+16
26419,4,0,12,0,2018,3,13,6,3,2,6,0,0,1,0,0,0,0,0,4.74972E+20,5.93689E+21,8.62198E+15,5.35803E+16
26420,4,0,11,0,2018,10,15,3,3,3,6,0,0,1,0,0,0,0,1,4.84263E+20,5.88044E+21,8.76511E+15,5.30732E+16
26421,3,4,54,57,2018,12,0,4,3,5,3,2,0,1,0,0,0,0,0,4.10703E+20,5.85702E+21,7.67379E+15,5.28555E+16
26422,4,0,11,0,2018,7,12,3,3,2,6,0,0,0,0,0,1,1,0,4.90195E+20,5.87527E+21,8.85381E+15,5.30269E+16
26423,3,4,62,2,2018,12,20,4,3,8,1,2,0,1,0,0,0,1,1,4.08495E+20,5.93964E+21,7.61729E+15,5.35976E+16
26424,4,0,11,0,2018,8,14,7,3,2,7,0,0,1,0,0,0,0,0,4.87399E+20,5.87633E+21,8.81208E+15,5.30363E+16
26425,3,4,52,19,2018,12,21,4,3,8,1,2,0,1,0,0,0,0,1,3.83845E+20,5.93665E+21,7.2461E+15,5.35658E+16
26426,4,0,11,0,2018,5,14,4,3,3,3,0,0,1,0,0,1,0,0,4.84534E+20,5.8791E+21,8.76922E+15,5.30612E+16
26427,4,0,11,0,2018,12,19,5,3,2,6,2,0,1,0,0,0,0,1,4.80599E+20,5.89224E+21,8.70971E+15,5.31791E+16
26428,3,2,51,42,2018,12,19,2,3,2,2,2,0,1,0,0,0,0,0,4.75199E+20,5.84935E+21,8.6322E+15,5.27934E+16
26429,3,4,5,0,2018,12,13,4,3,5,7,0,0,1,0,0,0,0,1,4.41238E+20,5.93364E+21,8.1131E+15,5.35484E+16
26430,4,0,11,0,2018,4,8,4,3,2,6,0,0,1,0,0,0,0,0,4.81145E+20,5.89111E+21,8.71794E+15,5.3169E+16
26431,4,0,11,0,2018,10,11,2,3,3,3,0,0,1,0,0,1,0,0,4.82371E+20,5.87822E+21,8.73698E+15,5.30532E+16
26432,3,3,61,1,2018,12,20,4,3,6,4,2,0,1,1,0,0,0,0,5.02181E+20,5.87387E+21,9.03252E+15,5.30144E+16
26433,4,0,11,0,2018,3,23,2,3,2,6,2,0,1,0,0,0,0,1,4.89732E+20,5.87505E+21,8.8469E+15,5.30249E+16
26434,4,0,12,0,2018,9,16,1,3,9,1,0,0,1,0,0,0,0,0,4.75322E+20,5.92781E+21,8.62797E+15,5.34987E+16
26435,4,0,11,0,2018,2,7,3,3,3,6,0,0,1,0,0,1,0,0,4.86035E+20,5.88136E+21,8.79152E+15,5.30816E+16
26436,3,4,51,5,2018,12,16,4,3,4,2,1,0,1,0,0,0,0,1,4.49274E+20,5.89719E+21,8.24024E+15,5.32215E+16
26437,4,0,12,0,2018,6,16,6,3,2,6,0,0,1,0,0,0,0,0,4.74797E+20,5.93311E+21,8.61963E+15,5.35463E+16
26438,4,0,11,0,2018,8,18,4,3,2,6,0,0,1,0,0,0,0,0,4.96232E+20,5.87531E+21,8.94382E+15,5.30273E+16
26439,4,0,12,0,2018,3,13,6,3,2,6,0,0,1,0,0,1,1,0,4.74819E+20,5.93241E+21,8.62002E+15,5.354E+16
26440,4,0,11,0,2018,9,13,4,3,2,6,0,0,0,0,0,0,1,0,4.85942E+20,5.88116E+21,8.79014E+15,5.30797E+16
26441,3,4,51,8,2018,12,6,4,3,8,7,2,0,1,0,0,0,0,1,4.42301E+20,5.89841E+21,8.13559E+15,5.32319E+16
26442,4,0,11,0,2018,6,12,7,3,2,6,0,0,1,0,0,0,0,0,4.93217E+20,5.87658E+21,8.89883E+15,5.30387E+16
26443,3,4,60,3,2018,12,19,4,3,9,7,2,0,1,0,0,0,0,0,4.4196E+20,5.83146E+21,8.14245E+15,5.263E+16
26444,4,0,11,0,2018,8,0,2,2,2,6,2,0,0,0,0,1,0,0,4.91014E+20,5.87587E+21,8.866E+15,5.30322E+16
26445,3,4,58,7,2018,12,17,4,3,7,7,2,0,1,0,0,0,0,1,4.44209E+20,5.86121E+21,8.17062E+15,5.28976E+16
26446,4,0,11,0,2018,5,15,6,3,2,6,0,0,1,0,0,0,1,0,4.86412E+20,5.88557E+21,8.79697E+15,5.31193E+16
26447,4,0,11,0,2018,12,18,3,3,3,6,2,0,1,0,0,1,0,0,4.91102E+20,5.8759E+21,8.86731E+15,5.30326E+16
26448,3,3,53,28,2018,12,21,2,1,9,1,2,0,1,0,0,0,0,1,5.44624E+20,5.91349E+21,9.67067E+15,5.33687E+16
26449,3,3,52,61,2018,12,18,4,3,9,1,2,0,1,0,0,0,0,1,4.7829E+20,5.95546E+21,8.67079E+15,5.37473E+16
26450,4,0,12,0,2018,4,13,6,2,2,6,0,0,0,0,0,1,0,0,4.74814E+20,5.93248E+21,8.61994E+15,5.35406E+16
26451,4,0,11,0,2018,10,18,3,3,3,6,2,0,1,0,0,0,1,1,4.91322E+20,5.87606E+21,8.87058E+15,5.3034E+16
26452,3,4,57,13,2018,12,8,2,3,8,1,2,0,1,0,0,0,0,1,3.9898E+20,5.89783E+21,7.48696E+15,5.32202E+16
26453,4,0,11,0,2018,7,17,7,3,5,2,0,0,1,0,0,0,0,0,4.80693E+20,5.89216E+21,8.71111E+15,5.31784E+16
26454,3,3,58,8,2018,12,15,4,2,2,6,0,0,1,0,0,0,0,1,5.49539E+20,5.85778E+21,9.73593E+15,5.28675E+16
26455,4,0,11,0,2018,3,6,2,3,2,6,0,0,1,0,0,0,1,1,4.81672E+20,5.88933E+21,8.72592E+15,5.3153E+16
26456,4,0,12,0,2018,9,12,3,3,2,6,0,0,1,0,0,1,0,0,4.7482E+20,5.93239E+21,8.62005E+15,5.35398E+16
26457,4,0,12,0,2018,2,16,2,3,2,6,0,0,1,0,0,0,0,1,4.75203E+20,5.92753E+21,8.62621E+15,5.34961E+16
26458,3,3,58,21,2018,12,11,4,3,2,6,0,0,1,0,0,0,0,1,5.60403E+20,5.86853E+21,9.8993E+15,5.2963E+16
26459,4,0,12,0,2018,6,18,2,3,2,6,0,0,1,0,0,0,0,0,4.74989E+20,5.93104E+21,8.62269E+15,5.35277E+16
26460,3,3,57,7,2018,12,12,2,3,5,3,0,0,1,0,0,0,0,1,5.05544E+20,5.90416E+21,9.08316E+15,5.32866E+16
26461,4,0,11,0,2018,8,4,5,3,7,1,1,0,0,0,0,1,0,0,4.9147E+20,5.87618E+21,8.87279E+15,5.30351E+16
26462,3,3,57,13,2018,12,17,4,3,9,1,2,0,1,0,0,0,0,1,5.24896E+20,5.8963E+21,9.37282E+15,5.32154E+16
26463,4,0,11,0,2018,5,23,2,3,0,7,2,0,0,0,1,0,0,0,4.68364E+20,5.89458E+21,8.5264E+15,5.31996E+16
26464,4,0,11,0,2018,11,14,5,3,8,1,0,0,0,0,0,0,1,1,4.85936E+20,5.87865E+21,8.79016E+15,5.30571E+16
26465,3,3,54,18,2018,12,3,2,2,9,7,2,0,1,0,0,0,0,0,6.46313E+20,5.87022E+21,1.11784E+16,5.29616E+16
26466,3,3,57,16,2018,12,4,4,2,8,1,2,0,1,0,0,0,0,1,4.98733E+20,5.91543E+21,8.98095E+15,5.33879E+16
26467,4,0,11,0,2018,4,11,4,3,2,6,0,0,1,0,0,0,0,0,4.89464E+20,5.87498E+21,8.84292E+15,5.30242E+16
26468,3,3,51,4,2018,12,22,4,3,0,1,2,0,0,0,1,0,0,1,5.65394E+20,5.85015E+21,9.9699E+15,5.27972E+16
26469,4,0,11,0,2018,5,13,4,3,2,6,0,0,1,0,0,1,0,0,4.91575E+20,5.87624E+21,8.87435E+15,5.30357E+16
26470,4,0,11,0,2018,12,16,5,3,3,6,2,0,1,0,0,0,0,1,4.80666E+20,5.89224E+21,8.7107E+15,5.31791E+16
26471,3,2,41,1,2018,12,15,4,3,5,3,0,0,1,0,1,0,0,0,5.54242E+20,5.80765E+21,9.79755E+15,5.24164E+16
26472,4,0,11,0,2018,4,15,2,3,2,6,0,0,1,0,0,0,0,0,4.8145E+20,5.88996E+21,8.72257E+15,5.31587E+16
26473,4,0,11,0,2018,10,7,4,3,2,6,0,0,1,0,0,0,0,0,4.93545E+20,5.88169E+21,8.90363E+15,5.30847E+16
26474,3,2,41,8,2018,12,21,4,2,2,6,2,0,1,0,0,0,0,1,5.54299E+20,5.81174E+21,9.79904E+15,5.24531E+16
26475,4,0,11,0,2018,7,2,1,2,6,4,2,0,1,1,0,0,0,0,4.76969E+20,5.89155E+21,8.65544E+15,5.31728E+16
26476,3,2,56,19,2018,12,12,4,3,9,1,0,0,1,0,0,0,0,0,5.0738E+20,5.8293E+21,9.109E+15,5.26137E+16
26477,4,0,11,0,2018,2,6,6,3,2,6,2,0,1,0,0,0,0,0,4.80277E+20,5.89188E+21,8.70491E+15,5.31759E+16
26478,4,0,11,0,2018,9,16,3,3,2,6,0,0,1,0,0,1,0,0,4.95461E+20,5.87545E+21,8.93232E+15,5.30285E+16
26479,4,0,11,0,2018,2,18,6,3,2,6,2,0,1,0,0,0,0,1,4.86354E+20,5.88333E+21,8.7962E+15,5.30993E+16
26480,3,2,54,32,2018,12,20,4,3,9,1,2,0,1,0,0,0,0,1,5.78566E+20,5.77728E+21,1.0148E+16,5.21405E+16
26481,4,0,11,0,2018,6,6,6,3,3,6,0,0,1,0,0,1,0,0,4.86295E+20,5.88234E+21,8.79536E+15,5.30904E+16
26482,3,1,58,6,2018,12,13,4,2,5,3,0,0,1,0,0,0,0,1,6.0897E+20,5.79011E+21,1.05963E+16,5.22505E+16
26483,4,0,11,0,2018,5,18,6,3,2,6,0,0,1,0,0,0,0,0,4.90221E+20,5.87533E+21,8.85419E+15,5.30274E+16
26484,4,0,11,0,2018,11,11,6,3,2,6,0,0,1,0,0,0,0,0,4.94985E+20,5.87571E+21,8.92522E+15,5.30309E+16
26485,3,1,58,13,2018,12,19,4,3,0,1,2,0,1,0,0,0,0,1,6.15137E+20,5.7849E+21,1.06848E+16,5.22025E+16
26486,4,0,11,0,2018,3,17,6,3,2,6,0,0,1,0,0,0,0,0,4.87186E+20,5.88531E+21,8.80854E+15,5.31171E+16
26487,4,0,11,0,2018,10,13,6,3,3,6,0,0,1,0,0,1,0,0,4.86756E+20,5.88398E+21,8.80217E+15,5.31051E+16
26488,3,1,57,2,2018,12,6,4,2,9,1,2,0,1,0,0,0,0,1,5.69093E+20,5.78871E+21,1.0012E+16,5.22445E+16
26489,4,0,11,0,2018,7,14,5,3,2,6,0,0,1,0,0,0,0,0,4.85911E+20,5.88109E+21,8.78967E+15,5.30791E+16
26490,3,1,53,12,2018,12,20,4,3,8,1,2,0,1,0,0,0,0,1,5.79358E+20,5.75197E+21,1.01537E+16,5.19128E+16
26491,4,0,11,0,2018,8,12,4,3,2,6,0,0,1,0,1,0,0,0,4.86419E+20,5.87856E+21,8.79737E+15,5.30564E+16
26492,3,1,51,40,2018,12,16,4,3,3,6,2,0,1,0,0,0,0,1,6.15533E+20,5.84838E+21,1.07126E+16,5.27728E+16
26493,3,4,59,14,2018,12,15,3,3,7,1,0,0,1,0,0,0,0,0,4.3031E+20,5.80834E+21,7.9752E+15,5.24209E+16
26494,4,0,11,0,2018,10,6,5,3,2,6,1,0,1,0,0,0,0,0,4.87875E+20,5.87764E+21,8.81912E+15,5.30482E+16
26495,3,4,54,10,2018,12,14,3,3,4,7,0,0,1,0,0,0,0,0,3.85358E+20,5.8083E+21,7.31446E+15,5.24129E+16
26496,4,0,11,0,2018,7,5,3,3,2,6,1,0,1,0,0,0,1,1,4.85428E+20,5.87971E+21,8.78253E+15,5.30667E+16
26497,3,4,52,26,2018,12,14,3,3,8,1,0,0,1,0,0,0,0,0,3.81729E+20,5.92539E+21,7.21841E+15,5.34642E+16
26498,4,0,12,0,2018,9,15,2,2,2,6,0,0,0,0,0,1,0,0,4.75054E+20,5.93098E+21,8.62369E+15,5.35271E+16
26499,4,0,11,0,2018,1,7,3,3,2,6,1,0,1,0,0,0,0,0,4.8179E+20,5.88916E+21,8.72771E+15,5.31515E+16
26500,3,4,52,25,2018,12,16,3,3,4,2,2,0,1,0,1,0,0,0,4.15863E+20,5.9189E+21,7.73416E+15,5.34125E+16
26501,4,0,12,0,2018,6,17,4,2,8,1,0,0,1,0,0,0,0,0,4.76617E+20,5.93877E+21,8.64667E+15,5.35972E+16
26502,3,4,3,0,2018,12,20,3,3,8,7,2,0,1,0,0,0,0,0,4.46367E+20,5.89136E+21,8.19768E+15,5.31689E+16
26503,4,0,11,0,2018,4,7,6,2,3,6,0,0,1,0,0,0,1,0,4.95388E+20,5.88107E+21,8.93115E+15,5.30791E+16
26504,4,0,11,0,2018,11,14,6,3,2,6,0,0,1,0,0,0,1,0,4.81116E+20,5.89128E+21,8.7175E+15,5.31705E+16
26505,3,2,51,44,2018,12,10,3,3,1,3,0,0,1,0,0,0,0,0,4.71095E+20,5.82157E+21,8.57377E+15,5.25434E+16
26506,4,0,11,0,2018,3,14,6,3,2,6,0,0,1,0,0,0,0,0,4.91157E+20,5.88451E+21,8.86789E+15,5.311E+16
26507,4,0,11,0,2018,10,14,2,3,8,1,0,0,0,0,0,1,0,1,4.85945E+20,5.87864E+21,8.7903E+15,5.30571E+16
26508,3,4,58,5,2018,12,14,3,3,2,6,1,0,1,0,0,0,0,0,4.68951E+20,5.87759E+21,8.53684E+15,5.30469E+16
26509,4,0,11,0,2018,7,17,2,3,2,6,0,0,1,0,0,0,0,0,4.86993E+20,5.88448E+21,8.8057E+15,5.31096E+16
26510,3,3,52,55,2018,12,11,3,3,8,1,0,0,1,0,0,0,0,1,4.82948E+20,5.95288E+21,8.74157E+15,5.37243E+16
26511,4,0,11,0,2018,8,14,2,3,2,6,0,0,0,0,0,1,1,0,4.9061E+20,5.87556E+21,8.85999E+15,5.30295E+16
26512,3,3,58,21,2018,12,7,3,3,8,1,0,0,1,0,0,0,0,1,5.56614E+20,5.8738E+21,9.84382E+15,5.30107E+16
26513,4,0,11,0,2018,5,5,3,3,3,6,0,0,1,0,0,1,0,0,4.86344E+20,5.88187E+21,8.7961E+15,5.30861E+16
26514,4,0,11,0,2018,12,11,5,3,2,6,0,0,0,0,0,1,0,0,4.82088E+20,5.88876E+21,8.73218E+15,5.31479E+16
26515,4,0,11,0,2018,1,14,2,3,2,6,0,0,1,0,0,0,0,1,4.82232E+20,5.89261E+21,8.73412E+15,5.31825E+16
26516,3,3,57,44,2018,12,16,3,3,2,6,2,0,1,0,0,0,0,0,5.33672E+20,5.90339E+21,9.50499E+15,5.32786E+16
26517,4,0,11,0,2018,4,10,4,2,2,6,0,0,1,0,0,1,0,0,4.82148E+20,5.88868E+21,8.73308E+15,5.31472E+16
26518,4,0,11,0,2018,10,8,4,2,2,6,0,0,1,0,0,0,1,1,4.95041E+20,5.88107E+21,8.92596E+15,5.3079E+16
26519,4,0,12,0,2018,5,8,3,3,2,6,0,0,1,0,0,0,0,0,4.74809E+20,5.93255E+21,8.61987E+15,5.35413E+16
26520,3,3,57,8,2018,12,14,3,3,5,3,0,0,1,0,0,0,0,0,5.08154E+20,5.92706E+21,9.1229E+15,5.34924E+16
26521,4,0,11,0,2018,4,16,5,3,3,6,0,0,1,0,1,0,0,0,4.84828E+20,5.87986E+21,8.77356E+15,5.3068E+16
26522,4,0,11,0,2018,11,15,5,3,2,6,0,0,1,0,0,0,0,0,4.75536E+20,5.89199E+21,8.63397E+15,5.31767E+16
26523,3,3,57,28,2018,12,5,3,3,8,1,2,0,1,0,0,0,0,1,5.17709E+20,5.89227E+21,9.26497E+15,5.31794E+16
26524,4,0,12,0,2018,3,13,4,3,2,6,0,0,1,0,0,1,0,0,4.75095E+20,5.93079E+21,8.62432E+15,5.35255E+16
26525,4,0,12,0,2018,9,15,2,3,9,1,0,0,1,0,0,0,0,0,4.75148E+20,5.93049E+21,8.62513E+15,5.35228E+16
26526,3,2,41,5,2018,12,17,3,3,6,4,2,0,1,1,0,0,0,0,5.38955E+20,5.81015E+21,9.57307E+15,5.24401E+16
26527,4,0,11,0,2018,6,15,2,2,2,6,0,0,1,0,0,0,0,0,4.89905E+20,5.8751E+21,8.84949E+15,5.30254E+16
26528,3,2,57,31,2018,12,21,3,1,8,1,2,0,1,0,0,0,0,0,5.09456E+20,5.78318E+21,9.13836E+15,5.2199E+16
26529,4,0,11,0,2018,8,7,6,3,2,6,0,0,1,0,0,0,0,0,4.86223E+20,5.8825E+21,8.79427E+15,5.30918E+16
26530,3,2,57,2,2018,12,16,3,2,8,7,2,0,1,0,0,0,0,0,5.21608E+20,5.79287E+21,9.31677E+15,5.22858E+16
26531,4,0,11,0,2018,5,12,3,3,0,7,0,1,0,0,0,0,0,0,4.87891E+20,5.87767E+21,8.81936E+15,5.30484E+16
26532,4,0,11,0,2018,12,16,3,2,1,6,0,0,1,0,0,1,0,0,4.87218E+20,5.88469E+21,8.80905E+15,5.31115E+16
26533,3,2,54,20,2018,12,17,3,3,6,7,2,0,1,1,0,0,0,0,5.64472E+20,5.7853E+21,9.94366E+15,5.22143E+16
26534,4,0,11,0,2018,4,12,4,3,2,6,0,0,1,0,0,0,0,0,4.89746E+20,5.87506E+21,8.84712E+15,5.3025E+16
26535,4,0,11,0,2018,10,14,2,3,2,6,0,0,1,0,0,1,0,0,4.9419E+20,5.88116E+21,8.91326E+15,5.30799E+16
26536,3,2,52,7,2018,12,8,3,3,9,1,0,0,1,0,0,0,0,1,5.25241E+20,5.77845E+21,9.36896E+15,5.2156E+16
26537,3,4,54,11,2018,12,19,2,2,5,2,2,0,1,0,0,0,0,0,4.07061E+20,5.87288E+21,7.61517E+15,5.29974E+16
26538,4,0,11,0,2018,7,8,6,3,3,6,0,0,1,0,0,0,0,0,4.80776E+20,5.89231E+21,8.71235E+15,5.31798E+16
26539,3,2,41,10,2018,12,15,2,3,2,2,1,0,1,0,1,0,0,1,5.46084E+20,5.80979E+21,9.6779E+15,5.24363E+16
26540,4,0,11,0,2018,3,13,6,3,2,6,0,0,1,0,0,0,0,0,4.81091E+20,5.89132E+21,8.71712E+15,5.31709E+16
26541,4,0,11,0,2018,9,10,4,2,2,6,0,0,0,0,0,1,0,1,4.90543E+20,5.87551E+21,8.85898E+15,5.30291E+16
26542,4,0,11,0,2018,2,1,2,3,7,7,2,0,1,0,0,1,1,1,4.91334E+20,5.87607E+21,8.87077E+15,5.30341E+16
26543,4,0,11,0,2018,6,16,1,3,2,6,0,0,1,0,0,0,0,0,4.89879E+20,5.87511E+21,8.84911E+15,5.30254E+16
26544,6,4,35,10,2018,1,8,4,2,6,4,1,0,1,1,0,0,0,1,5.14095E+20,5.56102E+21,9.1975E+15,5.02012E+16
26545,6,4,37,4,2018,1,21,3,3,5,3,2,0,1,0,1,0,0,1,5.00766E+20,5.51796E+21,9.01065E+15,4.98141E+16
26546,6,4,40,19,2018,1,9,6,2,1,5,0,0,1,0,0,0,0,1,5.10079E+20,5.57893E+21,9.1417E+15,5.03623E+16
26547,6,5,34,10,2018,1,15,5,3,8,1,0,0,1,0,0,0,0,1,4.69489E+20,5.62419E+21,8.56733E+15,5.07687E+16
26548,6,4,33,2,2018,1,20,4,3,2,6,2,0,1,0,0,0,0,0,4.55267E+20,5.53614E+21,8.37614E+15,4.99759E+16
26549,6,4,12,0,2018,1,17,2,3,6,2,2,0,1,1,0,0,0,1,4.7045E+20,5.54488E+21,8.58721E+15,5.00555E+16
26550,6,4,12,0,2018,1,17,6,3,8,1,2,0,1,0,0,0,0,1,4.67365E+20,5.54676E+21,8.54394E+15,5.00722E+16
26551,6,5,34,20,2018,1,13,3,2,8,1,0,0,1,0,0,0,0,1,4.76896E+20,5.61991E+21,8.67263E+15,5.07305E+16
26552,6,6,31,20,2018,1,15,6,2,8,1,0,0,1,0,0,0,0,1,5.51314E+20,5.6065E+21,9.7252E+15,5.06081E+16
26553,6,6,31,18,2018,1,10,5,3,9,1,0,0,1,0,0,0,0,1,5.38067E+20,5.59498E+21,9.53682E+15,5.05055E+16
26554,6,4,35,11,2018,1,17,4,3,5,3,2,0,1,0,0,0,0,1,4.99055E+20,5.54771E+21,8.98679E+15,5.00816E+16
26555,6,4,13,0,2018,1,18,2,2,4,6,2,0,1,0,0,0,0,1,4.84603E+20,5.54996E+21,8.7847E+15,5.01017E+16
26556,6,6,33,15,2018,1,14,5,3,2,6,0,0,1,0,0,0,0,1,5.432E+20,5.68148E+21,9.61943E+15,5.1283E+16