OBJECTID_1,ULAND,UREGBEZ,UKREIS,UGEMEINDE,UJAHR,UMONAT,USTUNDE,UWOCHENTAG,UKATEGORIE,UART,UTYP1,ULICHTVERH,IstRad,IstPKW,IstFuss,IstKrad,IstGkfz,IstSonstig,STRZUSTAND,LINREFX,LINREFY,XGCSWGS84,YGCSWGS84
26557,6,4,13,0,2018,1,13,4,3,3,6,0,0,1,0,0,0,0,0,4.81034E+20,5.54649E+21,8.73498E+15,5.00703E+16
26558,6,6,36,4,2018,1,15,3,3,1,3,0,0,1,0,0,0,1,1,5.55136E+20,5.67736E+21,9.78992E+15,5.12449E+16
26559,6,4,33,7,2018,1,18,5,3,2,6,2,0,1,0,0,1,0,1,4.64306E+20,5.54205E+21,8.50163E+15,5.00296E+16
26560,6,5,35,16,2018,1,9,3,3,8,1,0,0,1,0,0,0,0,1,5.10613E+20,5.59724E+21,9.14973E+15,5.0527E+16
26561,6,4,12,0,2018,1,16,6,3,2,6,2,0,1,0,0,0,0,1,4.7395E+20,5.54856E+21,8.63585E+15,5.00888E+16
26562,6,6,35,19,2018,1,6,2,3,8,1,2,0,1,0,0,0,0,1,4.91362E+20,5.66284E+21,8.87659E+15,5.1117E+16
26563,6,4,12,0,2018,1,13,5,3,8,1,0,0,0,0,0,0,1,1,4.67314E+20,5.54727E+21,8.54319E+15,5.00768E+16
26564,6,4,35,26,2018,1,18,4,3,5,2,2,0,1,0,0,0,0,1,4.87851E+20,5.56026E+21,8.82979E+15,5.01944E+16
26565,6,5,33,17,2018,1,14,3,3,6,4,0,0,1,1,0,0,0,1,4.48035E+20,5.59297E+21,8.26749E+15,5.04864E+16
26566,6,4,34,5,2018,1,19,6,3,8,1,2,0,1,0,0,0,0,1,4.62998E+20,5.55906E+21,8.48172E+15,5.01826E+16
26567,6,6,32,3,2018,1,18,6,3,5,3,2,0,1,0,0,0,0,1,5.57071E+20,5.6507E+21,9.81342E+15,5.1005E+16
26568,6,4,32,21,2018,1,16,2,3,7,7,2,0,1,0,0,0,0,1,5.00518E+20,5.5282E+21,9.00721E+15,4.99062E+16
26569,6,4,11,0,2018,1,15,5,3,5,3,0,1,1,0,0,0,0,1,4.74432E+20,5.52453E+21,8.64417E+15,4.98726E+16
26570,6,4,37,4,2018,1,17,4,2,5,3,1,0,1,0,0,0,0,1,5.0318E+20,5.51808E+21,9.0442E+15,4.98152E+16
26571,6,4,32,10,2018,1,13,3,2,5,3,0,1,1,0,0,0,0,1,4.95023E+20,5.52454E+21,8.93074E+15,4.98733E+16
26572,6,4,40,21,2018,1,16,6,3,5,2,1,0,1,0,0,0,0,1,4.88416E+20,5.57583E+21,8.83723E+15,5.03345E+16
26573,6,6,31,7,2018,1,18,5,3,8,1,2,0,1,0,0,0,0,1,5.53096E+20,5.62215E+21,9.75263E+15,5.07487E+16
26574,6,6,31,11,2018,1,18,4,3,2,6,2,0,1,0,0,0,0,1,5.35955E+20,5.60511E+21,9.50801E+15,5.05968E+16
26575,6,4,40,20,2018,1,17,5,3,4,6,2,0,1,0,0,0,0,1,4.98769E+20,5.57808E+21,8.9827E+15,5.03548E+16
26576,6,4,31,15,2018,1,6,4,3,7,7,2,0,1,0,0,0,0,1,4.8207E+20,5.50612E+21,8.75132E+15,4.97073E+16
26577,6,4,12,0,2018,1,1,3,3,2,6,2,0,1,0,0,0,0,1,4.72634E+20,5.55893E+21,8.61671E+15,5.01819E+16
26578,6,6,31,4,2018,1,13,6,1,9,1,0,0,0,0,1,0,0,1,5.56144E+20,5.58694E+21,9.79051E+15,5.04318E+16
26579,6,6,34,3,2018,1,1,5,3,2,6,2,0,1,0,0,0,1,1,5.33179E+20,5.66419E+21,9.47415E+15,5.11282E+16
26580,6,6,34,8,2018,1,16,4,3,7,7,1,0,1,0,0,0,1,1,5.3309E+20,5.6738E+21,9.47376E+15,5.12146E+16
26581,6,6,35,7,2018,1,18,6,2,6,4,2,0,0,1,0,0,1,0,4.86386E+20,5.69016E+21,8.80446E+15,5.13625E+16
26582,6,6,34,22,2018,1,11,2,3,9,1,0,0,1,0,0,0,0,1,5.15643E+20,5.64166E+21,9.22258E+15,5.09264E+16
26583,6,4,14,0,2018,1,15,5,3,2,6,0,0,1,0,0,0,0,1,4.45328E+20,5.54819E+21,8.23582E+15,5.00834E+16
26584,6,6,11,0,2018,1,0,2,2,6,4,2,0,0,1,0,0,1,1,5.36755E+20,5.68288E+21,9.52716E+15,5.12961E+16
26585,6,6,35,18,2018,1,21,5,2,4,6,2,0,1,0,0,1,0,1,4.95788E+20,5.68713E+21,8.93954E+15,5.13354E+16
26586,6,6,32,15,2018,1,15,4,3,0,7,0,0,1,0,0,1,0,1,5.41541E+20,5.62541E+21,9.58921E+15,5.0779E+16
26587,6,4,13,0,2018,1,11,3,3,2,6,0,0,1,0,0,0,0,1,4.8452E+20,5.55035E+21,8.78353E+15,5.01052E+16
26588,6,6,36,6,2018,1,17,6,1,4,1,2,0,1,0,0,0,0,1,5.50037E+20,5.67701E+21,9.71683E+15,5.12422E+16
26589,6,4,38,10,2018,1,14,2,3,8,7,0,0,1,0,0,0,0,1,4.90329E+20,5.54669E+21,8.86486E+15,5.00724E+16
26590,6,4,36,6,2018,1,23,2,2,3,6,2,0,1,0,0,1,0,1,4.58978E+20,5.54308E+21,8.42715E+15,5.00386E+16
26591,6,4,12,0,2018,1,15,5,3,3,3,0,0,1,0,0,0,1,1,4.7489E+20,5.55203E+21,8.64876E+15,5.012E+16
26592,6,4,31,7,2018,1,9,4,3,2,6,0,0,1,0,0,0,0,1,4.82761E+20,5.49856E+21,8.76124E+15,4.96393E+16
26593,6,6,35,2,2018,1,16,4,3,6,4,2,0,1,1,0,0,0,1,5.00951E+20,5.69179E+21,9.01366E+15,5.13774E+16
26594,6,6,11,0,2018,1,18,3,3,5,3,2,0,1,0,0,0,0,1,5.32935E+20,5.68373E+21,9.47246E+15,5.1304E+16
26595,6,4,38,8,2018,1,18,6,3,5,2,2,0,1,0,0,0,0,1,4.89894E+20,5.55233E+21,8.85863E+15,5.01231E+16
26596,6,6,34,2,2018,1,18,2,3,3,6,2,0,1,0,0,0,0,1,5.28891E+20,5.67329E+21,9.4136E+15,5.12103E+16
26597,6,6,35,10,2018,1,13,5,3,1,6,0,0,1,0,0,0,0,1,4.93411E+20,5.66572E+21,8.90581E+15,5.11429E+16
26598,6,5,32,12,2018,1,17,4,2,5,2,2,0,1,0,0,0,0,1,4.48748E+20,5.61406E+21,8.27464E+15,5.06761E+16
26599,6,4,33,8,2018,1,11,3,3,8,1,0,0,1,0,0,0,0,1,4.66253E+20,5.53585E+21,8.52937E+15,4.99741E+16
26600,6,5,34,11,2018,1,23,6,3,8,1,2,0,1,0,0,0,0,1,4.92273E+20,5.63072E+21,8.89028E+15,5.08281E+16
26601,6,4,40,3,2018,1,12,3,3,5,3,0,0,1,0,0,0,0,0,4.81787E+20,5.56002E+21,8.74485E+15,5.01921E+16
26602,6,4,40,19,2018,1,13,6,3,8,1,0,0,1,0,0,0,0,1,5.01456E+20,5.57628E+21,9.02046E+15,5.03386E+16
26603,6,4,38,12,2018,1,14,5,2,1,5,0,0,1,0,0,0,1,1,4.86698E+20,5.53889E+21,8.81438E+15,5.00022E+16
26604,6,4,33,5,2018,1,22,4,2,3,6,2,1,1,0,0,0,0,0,4.5215E+20,5.53831E+21,8.33239E+15,4.99952E+16
26605,6,5,35,13,2018,1,18,3,3,2,6,2,0,1,0,0,0,0,0,4.98574E+20,5.61001E+21,8.97984E+15,5.0642E+16
26606,6,5,31,14,2018,1,19,6,2,5,3,2,0,1,0,0,0,0,1,4.79207E+20,5.59795E+21,8.70661E+15,5.05331E+16
26607,6,4,36,4,2018,1,16,5,3,8,1,1,0,1,0,0,0,0,1,4.59408E+20,5.54494E+21,8.43294E+15,5.00554E+16
26608,6,6,31,18,2018,1,21,5,2,5,3,2,0,1,0,0,0,0,1,5.43222E+20,5.58815E+21,9.60872E+15,5.04438E+16
26609,6,5,31,4,2018,1,20,4,3,5,2,2,0,1,0,0,0,0,1,4.84429E+20,5.59928E+21,8.78023E+15,5.05453E+16
26610,6,4,14,0,2018,1,2,2,3,8,1,2,0,1,0,0,0,0,0,4.52354E+20,5.55187E+21,8.33356E+15,5.01172E+16
26611,6,5,33,9,2018,1,15,5,3,2,6,0,0,1,0,0,0,0,1,4.36981E+20,5.58064E+21,8.11377E+15,5.03745E+16
26612,6,4,14,0,2018,1,6,4,3,2,6,2,0,1,0,0,0,0,1,4.43505E+20,5.5514E+21,8.20986E+15,5.01121E+16
26613,6,4,12,0,2018,1,10,3,3,2,6,0,0,1,0,0,0,0,1,4.80735E+20,5.55187E+21,8.73052E+15,5.01187E+16
26614,6,6,11,0,2018,1,12,6,2,5,3,0,0,1,0,0,0,0,0,5.31593E+20,5.68159E+21,9.45302E+15,5.12848E+16
26615,6,4,35,9,2018,1,0,2,3,7,7,2,0,1,0,0,0,1,0,5.09742E+20,5.553E+21,9.13629E+15,5.01292E+16
26616,6,4,14,0,2018,1,6,4,3,3,6,2,0,1,0,0,1,0,1,4.50242E+20,5.54461E+21,8.30495E+15,5.00517E+16
26617,6,4,36,1,2018,1,4,6,3,1,5,2,0,1,0,0,0,0,0,4.64109E+20,5.55523E+21,8.49764E+15,5.01482E+16
26618,6,6,33,14,2018,1,14,2,3,8,1,0,0,1,0,0,0,0,0,5.3316E+20,5.69739E+21,9.47696E+15,5.14267E+16
26619,6,4,13,0,2018,1,15,5,3,3,2,0,0,1,0,0,0,0,1,4.84708E+20,5.54967E+21,8.78618E+15,5.00991E+16
26620,6,4,35,25,2018,1,12,4,3,5,3,0,0,1,0,0,1,0,1,5.36364E+20,5.57811E+21,9.51116E+15,5.0354E+16
26621,6,4,34,11,2018,1,17,3,1,5,3,1,0,1,0,0,0,0,1,4.6342E+20,5.57525E+21,8.48608E+15,5.03283E+16
26622,6,4,34,4,2018,1,19,6,3,7,7,2,0,1,0,0,0,0,1,4.62231E+20,5.58064E+21,8.46883E+15,5.03766E+16
26623,6,4,35,29,2018,1,19,5,3,2,6,2,0,1,0,0,0,0,1,5.21515E+20,5.5668E+21,9.30179E+15,5.02529E+16
26624,6,4,12,0,2018,1,10,5,3,5,3,0,1,1,0,0,0,0,1,4.76043E+20,5.55024E+21,8.66499E+15,5.01039E+16
26625,6,4,40,12,2018,1,13,4,3,2,6,0,0,1,0,0,0,0,0,4.82004E+20,5.56553E+21,8.74763E+15,5.02416E+16
26626,6,4,38,1,2018,1,18,3,2,5,3,2,0,1,0,0,0,0,0,4.85267E+20,5.54032E+21,8.79436E+15,5.0015E+16
26627,6,5,32,6,2018,1,13,6,2,9,1,0,0,1,0,0,0,0,1,4.55675E+20,5.62416E+21,8.37146E+15,5.07675E+16
26628,6,4,31,13,2018,1,19,5,3,2,6,2,1,0,0,0,0,0,1,4.61142E+20,5.49375E+21,8.46229E+15,4.95951E+16
26629,6,6,31,12,2018,1,16,4,2,5,3,2,0,1,0,0,0,0,1,5.66313E+20,5.6012E+21,9.9362E+15,5.0559E+16
26630,6,5,35,11,2018,1,1,2,3,6,6,2,0,1,1,0,0,0,1,5.26783E+20,5.60671E+21,9.37854E+15,5.06116E+16
26631,6,4,40,8,2018,1,18,4,2,4,1,2,0,1,0,0,0,1,0,4.7873E+20,5.57322E+21,8.70128E+15,5.03107E+16
26632,6,5,32,21,2018,1,19,3,3,2,2,2,0,1,0,0,0,0,1,4.58314E+20,5.59779E+21,8.41184E+15,5.05306E+16
26633,6,6,31,9,2018,1,10,6,3,2,6,0,0,1,0,0,0,0,1,5.49425E+20,5.60036E+21,9.69769E+15,5.0553E+16
26634,6,4,38,2,2018,1,16,5,3,9,7,2,0,1,0,0,0,0,1,4.78323E+20,5.5394E+21,8.69749E+15,5.00066E+16
26635,6,4,38,10,2018,1,17,4,3,2,6,2,0,1,0,0,0,0,0,4.9219E+20,5.54608E+21,8.89088E+15,5.0067E+16
26636,6,6,32,11,2018,1,16,2,3,2,6,1,0,1,0,0,0,0,0,5.41325E+20,5.63218E+21,9.58692E+15,5.08398E+16
26637,6,6,35,15,2018,1,10,6,3,2,6,0,0,1,0,0,0,0,1,4.94197E+20,5.67862E+21,8.91684E+15,5.12589E+16
26638,6,4,11,0,2018,1,1,2,1,5,3,2,0,1,0,1,0,0,0,4.71293E+20,5.52069E+21,8.60078E+15,4.9838E+16
26639,6,6,11,0,2018,1,15,5,3,2,6,0,0,1,0,0,0,1,1,5.37581E+20,5.68228E+21,9.53895E+15,5.12906E+16
26640,6,4,12,0,2018,1,7,4,3,5,3,0,0,1,0,0,0,0,0,4.76339E+20,5.55049E+21,8.66912E+15,5.01062E+16
26641,6,4,40,23,2018,1,10,6,3,9,1,0,0,1,0,0,0,0,0,4.7703E+20,5.57243E+21,8.67745E+15,5.03035E+16
26642,6,6,32,2,2018,1,6,4,3,5,3,2,0,1,0,0,0,0,1,5.51713E+20,5.63463E+21,9.73478E+15,5.0861E+16
26643,6,6,11,0,2018,1,16,3,3,3,6,2,0,1,0,0,0,1,0,5.34214E+20,5.68523E+21,9.49095E+15,5.13174E+16
26644,6,4,12,0,2018,1,6,6,3,5,3,1,0,1,0,0,0,1,1,4.76453E+20,5.54955E+21,8.67077E+15,5.00977E+16
26645,6,4,35,25,2018,1,2,2,3,8,1,2,0,1,0,0,0,0,1,5.42123E+20,5.58039E+21,9.59237E+15,5.03741E+16
26646,6,4,12,0,2018,1,17,5,3,2,2,2,0,1,0,0,0,0,1,4.71852E+20,5.55882E+21,8.60576E+15,5.01809E+16
26647,6,4,34,1,2018,1,18,4,1,3,6,2,0,1,0,1,0,0,1,4.71884E+20,5.56247E+21,8.60593E+15,5.02137E+16
26648,6,5,33,12,2018,1,14,3,2,9,1,0,0,1,0,0,0,0,1,4.44425E+20,5.59728E+21,8.21597E+15,5.05248E+16
26649,6,6,33,25,2018,1,9,3,3,6,4,0,0,0,1,0,0,1,1,5.2945E+20,5.71389E+21,9.42497E+15,5.15753E+16
26650,6,4,39,13,2018,1,18,6,1,6,4,2,0,1,1,0,0,1,1,4.2306E+20,5.53676E+21,7.9269E+15,4.99782E+16
26651,6,5,32,18,2018,1,11,2,2,8,6,0,0,1,0,0,0,0,1,4.6269E+20,5.59667E+21,8.47369E+15,5.05208E+16
26652,6,6,34,22,2018,1,17,5,3,9,1,2,0,1,0,0,0,0,1,5.14886E+20,5.64359E+21,9.21189E+15,5.09438E+16
26653,6,4,37,4,2018,1,6,4,3,7,7,2,0,0,0,1,0,0,0,5.02693E+20,5.52057E+21,9.03745E+15,4.98376E+16
26654,6,4,40,7,2018,1,4,3,3,7,7,2,0,1,0,0,0,0,1,4.91099E+20,5.57086E+21,8.87505E+15,5.02898E+16
26655,6,4,33,9,2018,1,8,6,3,3,6,0,1,1,0,0,0,0,0,4.61248E+20,5.53255E+21,8.4599E+15,4.99441E+16
26656,6,6,31,17,2018,1,10,5,3,5,3,0,0,1,0,0,0,0,1,5.50304E+20,5.59968E+21,9.71E+15,5.05469E+16
26657,6,4,36,7,2018,1,11,6,3,0,1,0,1,0,0,0,0,0,1,4.60831E+20,5.54861E+21,8.45245E+15,5.00884E+16
26658,6,4,40,9,2018,1,12,5,3,8,1,0,0,1,0,0,0,0,1,5.14135E+20,5.58669E+21,9.19902E+15,5.0432E+16
26659,6,4,33,12,2018,1,7,4,3,3,6,1,1,1,0,0,0,0,1,4.59187E+20,5.53754E+21,8.43066E+15,4.99888E+16
26660,6,4,32,18,2018,1,5,3,3,3,6,2,0,1,0,0,1,0,1,4.69278E+20,5.51699E+21,8.57306E+15,4.98046E+16
26661,6,5,31,10,2018,1,16,6,2,5,3,1,0,1,0,0,0,0,0,4.99148E+20,5.59903E+21,8.98798E+15,5.05432E+16
26662,6,4,33,7,2018,1,8,5,3,2,6,0,0,1,0,0,0,1,1,4.65241E+20,5.54262E+21,8.51464E+15,5.00348E+16
26663,6,6,33,20,2018,1,16,4,3,2,6,2,0,1,0,0,0,0,1,5.39167E+20,5.68507E+21,9.562E+15,5.13156E+16
26664,6,4,13,0,2018,1,15,6,3,2,6,0,0,1,0,0,0,0,1,4.82854E+20,5.54858E+21,8.76032E+15,5.00892E+16
26665,6,5,31,10,2018,1,20,4,3,8,1,2,0,1,0,0,0,0,1,4.98557E+20,5.60007E+21,8.97963E+15,5.05525E+16
26666,6,6,11,0,2018,1,21,2,2,6,4,2,0,1,1,0,0,0,1,5.35724E+20,5.68584E+21,9.51267E+15,5.13227E+16
26667,6,6,32,14,2018,1,3,5,3,4,1,2,0,1,0,0,0,0,1,5.43329E+20,5.63868E+21,9.61615E+15,5.08982E+16
26668,6,6,11,0,2018,1,21,4,3,5,3,2,1,1,0,0,0,0,1,5.35229E+20,5.68507E+21,9.5055E+15,5.13158E+16
26669,6,4,12,0,2018,1,14,3,3,6,2,0,0,1,1,0,0,0,0,4.66952E+20,5.55111E+21,8.53779E+15,5.01113E+16
26670,6,6,36,16,2018,1,9,6,3,8,1,0,0,1,0,0,0,0,1,5.57105E+20,5.6848E+21,9.81932E+15,5.13117E+16
26671,6,5,33,11,2018,1,4,2,2,8,1,2,0,1,0,0,0,0,1,4.40542E+20,5.60241E+21,8.16038E+15,5.05706E+16
26672,6,4,40,23,2018,1,12,2,3,2,6,0,0,1,0,0,0,0,0,4.76798E+20,5.57191E+21,8.67423E+15,5.02988E+16
26673,6,4,12,0,2018,1,21,5,2,5,3,2,0,1,0,0,0,1,1,4.76454E+20,5.55411E+21,8.67051E+15,5.01387E+16
26674,6,6,36,16,2018,1,1,2,2,7,7,2,0,1,0,0,0,1,1,5.59435E+20,5.68396E+21,9.85261E+15,5.13038E+16
26675,6,4,13,0,2018,1,17,5,3,6,7,2,0,0,1,0,0,1,1,4.83589E+20,5.54831E+21,8.7706E+15,5.00868E+16
26676,6,6,34,5,2018,1,17,4,3,5,3,2,0,1,0,0,0,0,1,5.20774E+20,5.66637E+21,9.29701E+15,5.11484E+16
26677,6,6,33,23,2018,1,3,3,2,8,1,2,0,1,0,0,0,0,1,5.18594E+20,5.68168E+21,9.26663E+15,5.12862E+16
26678,6,4,38,10,2018,1,11,6,3,6,7,0,0,1,1,0,0,0,1,4.90264E+20,5.54743E+21,8.86393E+15,5.00791E+16
26679,6,4,34,12,2018,1,16,5,3,6,7,2,0,1,1,0,0,0,1,4.69141E+20,5.57241E+21,8.56668E+15,5.0303E+16
26680,6,4,32,16,2018,1,7,4,3,0,7,2,0,1,0,0,0,0,1,4.85536E+20,5.51677E+21,8.799E+15,4.98032E+16
26681,6,4,31,22,2018,1,7,5,3,2,6,1,0,1,0,0,0,0,1,4.70665E+20,5.50829E+21,8.59298E+15,4.97264E+16
26682,6,6,11,0,2018,1,14,2,3,2,6,0,0,1,0,0,0,0,0,5.38256E+20,5.68426E+21,9.54883E+15,5.13083E+16
26683,6,5,35,14,2018,1,4,5,2,8,1,2,0,1,0,0,0,0,1,5.1671E+20,5.61969E+21,9.23675E+15,5.07288E+16
26684,6,4,34,1,2018,1,15,5,3,3,6,0,0,1,0,0,1,0,1,4.75967E+20,5.56381E+21,8.66307E+15,5.02259E+16
26685,6,4,38,10,2018,1,17,2,3,2,6,2,0,1,0,0,0,0,1,4.875E+20,5.54614E+21,8.82533E+15,5.00674E+16
26686,6,5,32,12,2018,1,11,5,3,2,6,0,0,1,0,0,0,0,0,4.51686E+20,5.61238E+21,8.31643E+15,5.06613E+16
26687,6,4,35,2,2018,1,19,7,3,3,2,2,0,1,0,1,0,0,0,5.27312E+20,5.56883E+21,9.38325E+15,5.0271E+16
26688,6,4,35,21,2018,1,17,4,3,5,2,2,0,1,0,0,0,0,1,4.89767E+20,5.56406E+21,8.85653E+15,5.02286E+16
26689,6,6,36,1,2018,1,6,4,3,2,6,2,0,1,0,0,0,0,1,5.67505E+20,5.68052E+21,9.96771E+15,5.1272E+16
26690,6,6,35,3,2018,1,17,2,3,5,2,2,0,1,0,0,0,0,1,5.10755E+20,5.66419E+21,9.1537E+15,5.11291E+16
26691,6,4,12,0,2018,1,18,5,3,2,6,2,0,1,0,0,0,0,1,4.72594E+20,5.55148E+21,8.61667E+15,5.01149E+16
26692,6,6,11,0,2018,1,12,4,3,2,6,0,0,1,0,0,0,0,0,5.35738E+20,5.68459E+21,9.51275E+15,5.13115E+16
26693,6,4,40,18,2018,1,7,2,3,2,6,1,0,1,0,0,0,1,1,4.78806E+20,5.58303E+21,8.70179E+15,5.03989E+16
26694,6,4,14,0,2018,1,14,4,3,5,2,0,0,0,0,0,0,1,0,4.47934E+20,5.54759E+21,8.27231E+15,5.00783E+16
26695,6,4,14,0,2018,1,18,4,3,1,5,2,0,1,0,0,0,0,1,4.44353E+20,5.54754E+21,8.22227E+15,5.00775E+16
26696,6,4,14,0,2018,1,6,2,3,2,6,2,0,1,0,0,0,0,0,4.4412E+20,5.54473E+21,8.21943E+15,5.00522E+16
26697,6,4,14,0,2018,1,13,4,3,2,6,0,0,1,0,0,0,0,1,4.4571E+20,5.54687E+21,8.24133E+15,5.00716E+16
26698,6,4,34,1,2018,1,9,6,3,9,6,0,0,1,0,0,0,0,0,4.75982E+20,5.56428E+21,8.66326E+15,5.02302E+16
26699,6,4,11,0,2018,1,13,7,3,8,1,0,0,1,0,0,0,0,1,4.7137E+20,5.52443E+21,8.60158E+15,4.98716E+16
26700,6,4,35,14,2018,1,4,7,3,8,1,2,0,0,0,0,0,1,0,4.93637E+20,5.54987E+21,8.91103E+15,5.0101E+16
26701,6,4,14,0,2018,1,18,4,3,5,2,2,0,1,0,1,0,0,0,4.45969E+20,5.54688E+21,8.24496E+15,5.00718E+16
26702,6,4,14,0,2018,1,15,6,3,2,6,0,0,1,0,0,0,0,0,4.46119E+20,5.54779E+21,8.24692E+15,5.00799E+16
26703,6,4,12,0,2018,1,5,4,3,5,2,1,0,1,0,1,0,0,1,4.76965E+20,5.5504E+21,8.67788E+15,5.01054E+16
26704,6,4,39,8,2018,1,6,2,2,5,2,2,0,1,0,0,0,0,0,4.46554E+20,5.56168E+21,8.25106E+15,5.02049E+16
26705,6,4,14,0,2018,1,17,5,3,2,6,1,0,1,0,0,0,0,1,4.53973E+20,5.54876E+21,8.35657E+15,5.00893E+16
26706,6,6,34,19,2018,1,15,4,2,2,6,0,0,1,0,0,0,1,1,5.34992E+20,5.63393E+21,9.49714E+15,5.0856E+16
26707,6,4,40,5,2018,1,15,1,3,5,3,0,0,1,0,0,0,0,0,4.77091E+20,5.58595E+21,8.67748E+15,5.04251E+16
26708,6,6,11,0,2018,1,14,4,3,2,6,0,0,1,0,0,0,0,0,5.33457E+20,5.68232E+21,9.47982E+15,5.12912E+16
26709,6,6,33,3,2018,1,7,4,2,8,1,0,0,1,0,0,0,0,1,5.25684E+20,5.67626E+21,9.36791E+15,5.12372E+16
26710,6,4,35,29,2018,1,16,6,3,8,1,0,0,1,0,0,0,0,0,5.22016E+20,5.56668E+21,9.30881E+15,5.02519E+16
26711,6,4,33,7,2018,1,14,3,3,2,6,0,0,1,0,0,1,0,0,4.64575E+20,5.54221E+21,8.50538E+15,5.00311E+16
26712,6,6,11,0,2018,1,7,4,3,2,6,2,0,1,0,0,0,0,1,5.32366E+20,5.68128E+21,9.46408E+15,5.12819E+16
26713,6,6,36,14,2018,1,17,6,3,2,2,1,0,1,0,0,0,0,0,5.6996E+20,5.66774E+21,1.00004E+16,5.11568E+16
26714,6,4,35,28,2018,1,17,4,3,8,1,1,0,1,0,0,0,0,1,5.33093E+20,5.578E+21,9.46518E+15,5.03531E+16
26715,6,4,39,10,2018,1,10,6,3,6,1,0,1,0,1,0,0,0,0,4.14309E+20,5.5443E+21,7.80319E+15,5.00449E+16
26716,6,6,31,8,2018,1,13,3,2,8,1,0,0,1,0,0,0,0,1,5.40532E+20,5.58427E+21,9.57042E+15,5.04091E+16
26717,6,5,33,17,2018,1,11,4,3,6,2,0,0,1,1,0,0,0,1,4.46652E+20,5.59407E+21,8.24784E+15,5.04962E+16
26718,6,5,33,1,2018,1,13,2,3,0,7,0,0,1,0,0,1,0,0,4.39436E+20,5.59183E+21,8.14648E+15,5.04753E+16
26719,6,4,36,7,2018,1,23,4,3,4,6,2,0,1,0,0,0,0,1,4.55857E+20,5.54588E+21,8.38323E+15,5.00636E+16
26720,6,4,36,10,2018,1,20,4,3,3,6,2,0,1,0,0,0,0,1,4.64375E+20,5.55287E+21,8.50159E+15,5.0127E+16
26721,6,6,32,17,2018,1,5,1,3,8,6,2,0,1,0,0,0,0,1,5.61915E+20,5.63996E+21,9.88063E+15,5.0908E+16
26722,6,4,31,6,2018,1,9,4,3,2,7,0,0,1,0,0,0,0,1,4.66562E+20,5.49987E+21,8.53677E+15,4.96505E+16
26723,6,5,32,6,2018,1,11,4,2,9,1,0,0,1,0,0,0,0,1,4.49119E+20,5.62078E+21,8.27896E+15,5.07365E+16
26724,6,6,31,15,2018,1,8,6,3,5,2,1,0,1,0,0,0,0,1,5.52994E+20,5.61549E+21,9.75023E+15,5.06888E+16
26725,6,5,35,16,2018,1,6,2,3,5,3,2,0,1,0,0,0,1,0,5.09974E+20,5.59519E+21,9.14067E+15,5.05086E+16
26726,6,4,38,12,2018,1,9,4,3,2,6,0,0,1,0,0,0,0,1,4.87197E+20,5.53372E+21,8.82152E+15,4.99557E+16
26727,6,5,32,1,2018,1,22,2,2,5,2,2,0,1,0,0,0,0,1,4.61645E+20,5.60469E+21,8.45812E+15,5.05928E+16
26728,6,4,32,14,2018,1,19,4,3,2,6,2,0,1,0,0,0,0,1,4.77693E+20,5.52065E+21,8.68978E+15,4.98379E+16
26729,6,4,31,2,2018,1,7,2,3,2,6,0,0,1,0,0,0,0,0,4.70696E+20,5.50206E+21,8.59388E+15,4.96704E+16
26730,6,4,11,0,2018,1,16,4,3,2,6,1,0,1,0,0,0,1,0,4.71505E+20,5.52384E+21,8.60349E+15,4.98663E+16
26731,6,4,40,23,2018,1,16,4,1,4,6,1,0,1,0,0,0,0,0,4.76718E+20,5.57077E+21,8.67318E+15,5.02886E+16
26732,6,5,35,11,2018,1,12,7,2,5,2,0,0,1,0,0,0,0,0,5.28762E+20,5.60978E+21,9.40675E+15,5.06392E+16
26733,6,4,31,14,2018,1,16,4,2,9,1,0,0,1,0,0,0,0,0,4.78282E+20,5.51082E+21,8.69852E+15,4.97495E+16
26734,6,4,40,8,2018,1,18,7,3,8,1,2,0,1,0,0,0,0,1,4.78138E+20,5.5744E+21,8.6929E+15,5.03213E+16
26735,6,4,31,2,2018,1,16,4,3,3,2,0,1,1,0,0,0,0,0,4.72485E+20,5.50595E+21,8.6184E+15,4.97054E+16
26736,6,6,11,0,2018,1,21,2,3,6,4,2,0,1,1,0,0,0,1,5.35048E+20,5.68564E+21,9.50296E+15,5.1321E+16
26737,6,6,31,9,2018,1,10,5,2,6,4,0,1,0,1,0,0,0,0,5.48114E+20,5.60104E+21,9.67928E+15,5.05593E+16
26738,6,5,35,5,2018,1,5,4,3,3,6,2,0,1,0,0,1,0,0,5.03584E+20,5.61685E+21,9.05076E+15,5.07035E+16
26739,6,4,12,0,2018,1,8,2,2,2,6,0,0,1,0,0,0,0,0,4.80942E+20,5.55142E+21,8.73343E+15,5.01147E+16
26740,6,4,33,9,2018,1,18,4,3,5,2,2,0,1,0,0,0,0,0,4.59838E+20,5.53257E+21,8.44025E+15,4.99442E+16
26741,6,4,35,21,2018,1,20,5,2,4,6,2,0,1,0,0,0,0,1,4.92806E+20,5.56364E+21,8.89915E+15,5.02249E+16
26742,6,4,40,8,2018,1,16,7,3,9,1,0,0,1,0,0,0,0,1,4.78167E+20,5.57459E+21,8.6933E+15,5.0323E+16
26743,6,4,40,4,2018,1,20,7,3,2,6,2,0,1,0,0,0,0,0,5.07931E+20,5.57057E+21,9.11133E+15,5.02872E+16
26744,6,5,34,22,2018,1,4,4,1,9,1,2,0,1,0,0,0,0,1,4.96336E+20,5.63946E+21,8.94789E+15,5.09067E+16
26745,6,6,11,0,2018,1,18,6,3,4,3,2,0,1,0,0,0,0,0,5.3577E+20,5.68672E+21,9.51342E+15,5.13306E+16
26746,6,5,34,8,2018,1,7,4,3,2,6,2,0,1,0,0,0,1,1,4.91676E+20,5.62406E+21,8.88197E+15,5.07682E+16