OBJECTID_1,ULAND,UREGBEZ,UKREIS,UGEMEINDE,UJAHR,UMONAT,USTUNDE,UWOCHENTAG,UKATEGORIE,UART,UTYP1,ULICHTVERH,IstRad,IstPKW,IstFuss,IstKrad,IstGkfz,IstSonstig,STRZUSTAND,LINREFX,LINREFY,XGCSWGS84,YGCSWGS84
26936,6,6,11,0,2018,1,13,6,3,2,6,0,0,1,0,0,0,0,1,5.32873E+20,5.68613E+21,9.47179E+15,5.13255E+16
26937,6,5,31,5,2018,1,7,2,3,2,6,2,0,1,0,0,0,0,0,4.81439E+20,5.60157E+21,8.73793E+15,5.05657E+16
26938,6,4,31,11,2018,1,16,7,3,9,1,2,0,1,0,0,0,0,1,4.73581E+20,5.50109E+21,8.63393E+15,4.96618E+16
26939,6,4,38,3,2018,1,15,7,3,5,3,0,0,1,0,0,0,0,0,4.74963E+20,5.53481E+21,8.6509E+15,4.99651E+16
26940,6,4,35,10,2018,1,1,7,3,2,6,2,0,1,0,0,0,0,1,5.1299E+20,5.55989E+21,9.18198E+15,5.01911E+16
26941,6,4,35,12,2018,1,12,7,3,4,1,0,0,1,0,0,0,0,1,5.08262E+20,5.5622E+21,9.1158E+15,5.02119E+16
26942,6,4,37,6,2018,1,12,2,3,2,6,0,0,1,0,0,0,0,0,4.99717E+20,5.50037E+21,8.99607E+15,4.96559E+16
26943,6,6,33,17,2018,1,8,5,2,2,6,1,0,1,0,0,1,0,1,5.36096E+20,5.67971E+21,9.51739E+15,5.12676E+16
26944,6,4,40,14,2018,1,19,7,3,8,7,2,0,1,0,0,0,0,1,4.99443E+20,5.56971E+21,8.99219E+15,5.02795E+16
26945,6,4,33,2,2018,1,7,2,3,2,6,0,0,1,0,0,0,0,0,4.55495E+20,5.53584E+21,8.37934E+15,4.99733E+16
26946,6,4,37,3,2018,1,13,7,3,2,6,0,0,1,0,0,0,0,1,4.91255E+20,5.5113E+21,8.8786E+15,4.97541E+16
26947,6,4,12,0,2018,1,0,7,2,2,6,2,0,1,0,0,1,0,0,4.64777E+20,5.55053E+21,8.50743E+15,5.0106E+16
26948,6,5,32,20,2018,1,2,7,3,8,1,2,0,1,0,0,0,0,1,4.51855E+20,5.60944E+21,8.3192E+15,5.06349E+16
26949,6,4,13,0,2018,1,1,6,3,8,1,2,0,1,0,0,0,0,1,4.84028E+20,5.54779E+21,8.77676E+15,5.00822E+16
26950,6,5,31,5,2018,1,16,3,3,2,6,0,0,1,0,0,0,0,1,4.80447E+20,5.60216E+21,8.72389E+15,5.05711E+16
26951,6,5,32,11,2018,1,20,7,2,1,7,2,0,1,0,0,0,0,1,4.42444E+20,5.61862E+21,8.18471E+15,5.07165E+16
26952,6,5,33,12,2018,1,19,2,3,8,7,2,0,1,0,0,0,0,1,4.43608E+20,5.59452E+21,8.20485E+15,5.04999E+16
26953,6,4,32,21,2018,1,14,7,3,8,1,0,0,1,0,0,0,0,1,5.00238E+20,5.52923E+21,9.00331E+15,4.99154E+16
26954,6,4,31,18,2018,1,14,7,3,0,1,0,0,0,0,1,0,0,1,4.88942E+20,5.47177E+21,8.8476E+15,4.93985E+16
26955,6,4,39,8,2018,1,13,2,3,5,2,0,0,1,0,0,0,0,0,4.46447E+20,5.56257E+21,8.24943E+15,5.02129E+16
26956,6,4,33,7,2018,1,9,5,3,8,1,0,0,1,0,0,0,0,1,4.67403E+20,5.54397E+21,8.54472E+15,5.00471E+16
26957,6,5,34,14,2018,1,16,7,3,2,7,2,0,1,0,0,0,0,1,4.83775E+20,5.63226E+21,8.76956E+15,5.08418E+16
26958,6,4,12,0,2018,1,19,1,3,3,7,2,0,1,0,0,0,0,0,4.77545E+20,5.54957E+21,8.68604E+15,5.00979E+16
26959,6,5,34,6,2018,1,2,7,3,8,7,2,0,0,0,0,1,0,0,4.89595E+20,5.63768E+21,8.85206E+15,5.08907E+16
26960,6,5,33,2,2018,1,21,6,3,9,1,2,0,1,0,0,0,0,1,4.44263E+20,5.57903E+21,8.2164E+15,5.03607E+16
26961,6,6,31,2,2018,1,11,7,3,2,6,0,0,1,0,0,0,0,1,5.51577E+20,5.61608E+21,9.73025E+15,5.06943E+16
26962,6,4,36,9,2018,1,12,6,3,7,1,0,0,1,0,0,0,0,0,4.62188E+20,5.54725E+21,8.47156E+15,5.00763E+16
26963,6,6,34,11,2018,1,8,3,2,2,7,0,0,1,0,0,0,0,0,5.3527E+20,5.64501E+21,9.50216E+15,5.09557E+16
26964,6,6,31,20,2018,1,15,7,3,5,2,0,0,1,0,0,0,0,1,5.50899E+20,5.60044E+21,9.71851E+15,5.05537E+16
26965,6,4,32,8,2018,1,7,2,3,2,6,1,0,1,0,0,0,0,0,4.67413E+20,5.52303E+21,8.54663E+15,4.98588E+16
26966,6,5,31,10,2018,1,4,7,3,9,7,2,0,1,0,0,0,0,1,5.02651E+20,5.603E+21,9.03744E+15,5.05789E+16
26967,6,5,31,10,2018,1,15,7,3,9,7,0,0,1,0,0,0,0,1,4.97947E+20,5.60125E+21,8.97101E+15,5.05632E+16
26968,6,6,32,11,2018,1,15,6,3,2,6,0,0,1,0,0,0,0,0,5.43146E+20,5.63233E+21,9.61279E+15,5.08411E+16
26969,6,4,33,8,2018,1,21,1,3,2,6,2,0,1,0,0,0,0,0,4.71308E+20,5.53764E+21,8.59973E+15,4.99904E+16
26970,6,4,38,10,2018,1,18,7,3,3,6,2,0,1,0,0,0,0,1,4.9205E+20,5.54695E+21,8.88889E+15,5.00748E+16
26971,6,4,12,0,2018,1,20,7,2,3,6,2,0,1,0,0,0,0,1,4.69867E+20,5.55267E+21,8.57844E+15,5.01255E+16
26972,6,4,35,14,2018,1,16,1,3,0,7,0,0,1,0,1,0,0,0,4.93432E+20,5.5541E+21,8.90808E+15,5.01391E+16
26973,6,4,12,0,2018,1,16,7,3,2,6,1,0,1,0,0,0,0,1,4.67084E+20,5.55183E+21,8.53959E+15,5.01178E+16
26974,6,4,12,0,2018,1,14,7,3,2,6,0,0,1,0,0,0,0,1,4.66925E+20,5.55174E+21,8.53737E+15,5.0117E+16
26975,6,4,32,19,2018,1,5,6,3,8,6,2,0,0,0,0,0,1,1,4.85733E+20,5.52199E+21,8.80155E+15,4.98501E+16
26976,6,4,35,21,2018,1,19,2,1,8,1,2,0,1,0,0,0,0,1,4.94396E+20,5.56347E+21,8.92145E+15,5.02234E+16
26977,6,4,12,0,2018,1,16,7,3,2,6,1,0,1,0,0,0,0,1,4.8168E+20,5.54926E+21,8.74386E+15,5.00953E+16
26978,6,6,31,2,2018,1,8,2,3,5,3,1,1,1,0,0,0,0,1,5.51667E+20,5.61588E+21,9.73149E+15,5.06924E+16
26979,6,4,31,20,2018,1,21,7,3,3,1,2,0,1,0,0,0,0,1,4.67925E+20,5.4893E+21,8.55652E+15,4.95555E+16
26980,6,4,11,0,2018,1,13,7,3,5,3,0,0,1,0,0,0,1,0,4.75973E+20,5.52553E+21,8.66555E+15,4.98817E+16
26981,6,4,33,8,2018,1,11,7,3,2,6,0,0,1,0,0,0,0,1,4.70964E+20,5.53996E+21,8.59476E+15,5.00113E+16
26982,6,5,31,5,2018,1,14,6,2,2,6,0,0,1,0,0,1,0,1,4.75434E+20,5.6044E+21,8.65294E+15,5.0591E+16
26983,6,4,14,0,2018,1,7,2,3,2,6,1,0,1,0,0,0,0,0,4.43216E+20,5.54996E+21,8.20604E+15,5.00992E+16
26984,6,6,32,15,2018,1,16,5,3,3,6,1,0,1,0,0,0,0,0,5.38005E+20,5.62765E+21,9.5393E+15,5.07993E+16
26985,6,4,34,8,2018,1,21,3,3,5,2,2,0,1,0,0,0,0,0,4.71266E+20,5.55984E+21,8.59747E+15,5.01901E+16
26986,6,5,31,10,2018,1,7,6,3,7,7,2,0,1,0,0,0,0,1,5.01506E+20,5.59662E+21,9.02125E+15,5.05216E+16
26987,6,5,31,5,2018,1,7,6,3,2,6,2,0,1,0,0,0,0,1,4.81042E+20,5.60367E+21,8.73221E+15,5.05846E+16
26988,6,4,34,8,2018,1,18,2,3,2,6,2,0,1,0,0,0,0,1,4.71114E+20,5.56121E+21,8.59523E+15,5.02024E+16
26989,6,6,34,11,2018,1,20,6,3,9,6,2,0,1,0,0,0,0,1,5.3399E+20,5.65321E+21,9.48471E+15,5.10295E+16
26990,6,6,32,2,2018,1,12,6,2,8,1,0,0,1,0,0,0,0,1,5.54309E+20,5.63453E+21,9.77165E+15,5.08599E+16
26991,6,4,12,0,2018,1,19,1,3,5,3,2,0,1,0,0,0,0,0,4.7219E+20,5.55496E+21,8.61077E+15,5.01462E+16
26992,6,4,35,14,2018,1,13,4,3,9,1,0,0,0,0,1,0,0,1,4.93691E+20,5.55399E+21,8.91172E+15,5.01381E+16
26993,6,4,12,0,2018,1,6,4,3,6,4,2,1,0,1,0,0,0,1,4.76316E+20,5.55453E+21,8.66855E+15,5.01425E+16
26994,6,4,12,0,2018,1,16,6,3,2,6,0,0,1,0,0,0,0,0,4.72132E+20,5.54457E+21,8.61073E+15,5.00528E+16
26995,6,4,34,5,2018,1,13,7,3,8,1,0,0,1,0,0,0,0,2,4.59966E+20,5.56132E+21,8.43902E+15,5.02027E+16
26996,6,4,14,0,2018,1,6,3,3,2,6,2,0,1,0,0,0,0,1,4.52314E+20,5.54504E+21,8.33385E+15,5.00557E+16
26997,6,4,33,12,2018,1,7,6,3,2,6,2,0,1,0,0,0,0,1,4.6168E+20,5.53688E+21,8.4655E+15,4.9983E+16
26998,6,4,32,18,2018,1,15,6,3,2,6,0,0,1,0,0,0,0,0,4.70792E+20,5.5206E+21,8.59382E+15,4.98371E+16
26999,6,5,34,14,2018,1,7,2,3,5,2,0,0,1,0,0,0,0,1,4.84016E+20,5.62988E+21,8.77308E+15,5.08204E+16
27000,6,4,35,14,2018,1,8,5,2,6,2,0,0,1,1,0,0,0,1,4.9526E+20,5.55444E+21,8.93367E+15,5.01422E+16
27001,6,5,31,13,2018,1,12,5,3,0,7,0,0,0,0,0,0,1,1,4.79441E+20,5.61132E+21,8.70917E+15,5.06534E+16
27002,6,6,31,21,2018,1,1,1,3,9,1,2,0,1,0,0,0,0,2,5.62055E+20,5.59478E+21,9.87502E+15,5.05017E+16
27003,6,5,31,12,2018,1,7,4,3,2,6,1,0,1,0,0,0,0,1,4.75674E+20,5.59645E+21,8.65686E+15,5.05195E+16
27004,6,6,35,22,2018,1,8,5,3,5,3,0,0,1,0,0,0,1,1,4.73831E+20,5.68432E+21,8.62456E+15,5.13096E+16
27005,6,6,35,7,2018,1,7,5,2,4,1,1,0,1,0,0,0,1,1,4.94967E+20,5.6931E+21,8.92767E+15,5.13891E+16
27006,6,6,34,7,2018,1,4,1,3,8,1,2,0,1,0,0,0,0,0,5.2594E+20,5.67097E+21,9.37119E+15,5.11896E+16
27007,6,4,14,0,2018,1,6,6,3,9,1,2,0,1,0,0,0,0,2,4.50919E+20,5.55309E+21,8.31333E+15,5.0128E+16
27008,6,4,36,6,2018,1,19,4,3,2,6,2,0,1,0,0,0,0,0,4.57112E+20,5.54393E+21,8.40099E+15,5.00461E+16
27009,6,4,33,8,2018,1,4,3,3,5,2,2,0,1,0,0,0,0,1,4.69973E+20,5.53636E+21,8.58121E+15,4.99788E+16
27010,6,5,33,7,2018,1,13,5,2,8,7,0,0,0,0,1,0,0,1,4.31829E+20,5.5868E+21,8.0402E+15,5.04293E+16
27011,6,4,33,8,2018,1,21,7,3,5,3,2,0,1,0,0,0,0,1,4.69598E+20,5.53745E+21,8.57589E+15,4.99886E+16
27012,6,5,31,12,2018,1,18,3,3,2,6,2,0,1,0,0,0,0,0,4.76553E+20,5.59598E+21,8.66929E+15,5.05153E+16
27013,6,6,11,0,2018,1,9,5,3,2,6,0,0,1,0,0,0,0,1,5.36026E+20,5.6837E+21,9.51679E+15,5.13035E+16
27014,6,4,14,0,2018,1,13,5,3,2,3,0,0,1,0,0,0,1,0,4.48485E+20,5.54902E+21,8.27982E+15,5.00912E+16
27015,6,5,32,21,2018,1,8,2,3,2,6,0,0,1,0,0,0,0,1,4.58947E+20,5.60007E+21,8.42052E+15,5.05511E+16
27016,6,4,14,0,2018,1,12,5,3,5,2,0,1,1,0,0,0,0,0,4.45326E+20,5.54817E+21,8.23578E+15,5.00832E+16
27017,6,6,35,20,2018,1,7,5,2,6,4,2,0,1,1,0,0,0,1,5.08227E+20,5.69536E+21,9.11829E+15,5.14094E+16
27018,6,6,34,13,2018,1,23,1,3,2,6,2,0,1,0,0,0,0,1,5.34588E+20,5.65707E+21,9.4936E+15,5.10641E+16
27019,6,4,14,0,2018,1,16,3,3,3,6,0,0,1,0,0,0,0,0,4.4584E+20,5.54496E+21,8.24342E+15,5.00545E+16
27020,6,6,33,11,2018,1,2,5,3,9,1,2,0,1,0,0,0,0,2,5.25304E+20,5.68814E+21,9.36331E+15,5.1344E+16
27021,6,4,11,0,2018,1,18,2,3,3,6,2,0,1,0,0,0,0,0,4.7256E+20,5.52404E+21,8.61815E+15,4.98681E+16
27022,6,6,33,16,2018,1,8,5,2,4,6,0,0,1,0,0,0,0,2,5.17675E+20,5.70401E+21,9.25456E+15,5.1487E+16
27023,6,6,33,3,2018,1,18,5,3,5,2,2,0,1,0,0,0,0,1,5.27151E+20,5.67952E+21,9.38917E+15,5.12664E+16
27024,6,4,39,8,2018,1,15,7,2,3,6,0,0,1,0,0,0,0,2,4.46293E+20,5.56653E+21,8.24671E+15,5.02485E+16
27025,6,4,14,0,2018,1,16,2,3,2,2,1,0,1,0,0,0,0,0,4.45859E+20,5.54507E+21,8.24367E+15,5.00554E+16
27026,6,4,38,2,2018,1,18,5,3,3,6,2,1,0,0,0,0,1,1,4.79343E+20,5.54307E+21,8.71153E+15,5.00396E+16
27027,6,4,38,10,2018,1,15,5,3,2,6,0,0,1,0,0,0,0,0,4.89917E+20,5.54696E+21,8.85909E+15,5.00748E+16
27028,6,4,33,6,2018,1,17,2,3,8,1,2,0,1,0,0,0,0,1,4.63063E+20,5.53115E+21,8.48533E+15,4.99316E+16
27029,6,4,34,4,2018,1,15,5,3,0,6,0,0,1,0,0,0,0,1,4.62102E+20,5.57894E+21,8.46718E+15,5.03613E+16
27030,6,4,36,7,2018,1,17,4,3,9,1,2,0,1,0,0,0,0,1,4.61271E+20,5.54927E+21,8.45854E+15,5.00944E+16
27031,6,5,32,16,2018,1,10,5,3,5,2,0,0,1,0,0,0,0,1,4.50514E+20,5.59784E+21,8.30178E+15,5.05304E+16
27032,6,4,36,10,2018,1,7,5,2,6,2,1,0,1,1,0,0,0,1,4.63453E+20,5.55195E+21,8.48878E+15,5.01187E+16
27033,6,6,34,4,2018,1,15,7,3,9,1,0,0,1,0,0,0,0,1,5.20763E+20,5.64922E+21,9.29586E+15,5.09942E+16
27034,6,4,12,0,2018,1,13,3,3,5,3,0,0,1,0,0,0,1,0,4.79771E+20,5.55126E+21,8.71707E+15,5.01132E+16
27035,6,4,35,16,2018,1,8,5,3,8,1,0,0,0,0,0,0,1,1,5.30213E+20,5.55936E+21,9.42321E+15,5.01857E+16
27036,6,4,39,3,2018,1,6,2,3,5,3,2,0,1,0,0,0,0,1,4.33487E+20,5.54089E+21,8.07159E+15,5.00166E+16
27037,6,4,40,12,2018,1,7,5,3,5,3,1,1,1,0,0,0,0,1,4.82719E+20,5.56467E+21,8.7577E+15,5.02339E+16
27038,6,4,40,4,2018,1,15,5,3,9,1,0,0,1,0,0,0,0,0,5.09316E+20,5.57118E+21,9.13079E+15,5.02926E+16
27039,6,4,14,0,2018,1,13,1,3,2,6,0,0,1,0,0,0,0,1,4.48422E+20,5.53986E+21,8.28018E+15,5.00088E+16
27040,6,5,34,14,2018,1,20,4,3,5,2,2,0,1,0,0,0,0,0,4.83238E+20,5.62738E+21,8.76215E+15,5.07979E+16
27041,6,6,32,2,2018,1,6,4,3,4,6,2,0,1,0,0,0,0,1,5.45541E+20,5.63562E+21,9.64722E+15,5.08705E+16
27042,6,5,32,12,2018,1,6,5,3,3,6,2,0,1,0,0,0,1,2,4.51067E+20,5.61608E+21,8.30718E+15,5.06945E+16
27043,6,6,32,6,2018,1,13,1,3,5,2,0,0,1,0,0,0,0,1,5.6117E+20,5.63709E+21,9.86955E+15,5.08822E+16
27044,6,4,38,1,2018,1,15,5,3,2,6,0,0,1,0,0,0,0,0,4.8419E+20,5.54035E+21,8.77932E+15,5.00152E+16
27045,6,5,32,8,2018,1,16,4,3,8,7,1,0,1,0,0,0,0,0,4.56747E+20,5.60537E+21,8.38885E+15,5.05986E+16
27046,6,4,14,0,2018,1,0,5,3,2,6,2,0,1,0,0,0,0,0,4.43971E+20,5.54478E+21,8.21734E+15,5.00527E+16
27047,6,4,38,1,2018,1,7,5,3,2,6,1,0,1,0,0,0,0,1,4.85416E+20,5.53908E+21,8.79648E+15,5.00038E+16
27048,6,4,12,0,2018,1,13,7,3,6,4,0,0,1,1,0,0,0,1,4.78706E+20,5.5545E+21,8.702E+15,5.01423E+16
27049,6,4,36,8,2018,1,14,3,3,2,6,0,0,1,0,0,0,0,0,4.6218E+20,5.5524E+21,8.47094E+15,5.01226E+16
27050,6,5,34,18,2018,1,18,3,3,9,1,2,0,1,0,0,0,0,1,5.02582E+20,5.63463E+21,9.03669E+15,5.08633E+16
27051,6,4,32,9,2018,1,17,5,3,5,3,2,0,1,0,0,0,0,0,4.86347E+20,5.51433E+21,8.81035E+15,4.97813E+16
27052,6,4,32,16,2018,1,7,5,3,2,6,1,0,1,0,0,0,0,1,4.79677E+20,5.51945E+21,8.71743E+15,4.98272E+16
27053,6,4,36,6,2018,1,20,2,3,2,6,0,0,1,0,0,0,0,0,4.52719E+20,5.54005E+21,8.34012E+15,5.00109E+16
27054,6,4,32,16,2018,1,7,5,3,5,3,1,0,1,0,0,0,0,1,4.81901E+20,5.51866E+21,8.7484E+15,4.98201E+16
27055,6,4,40,17,2018,1,7,5,1,6,4,2,0,1,1,0,0,0,1,4.88399E+20,5.567E+21,8.83726E+15,5.0255E+16
27056,6,4,11,0,2018,1,15,1,3,5,3,0,1,1,0,0,0,0,0,4.7337E+20,5.53096E+21,8.62895E+15,4.99304E+16
27057,6,4,12,0,2018,1,12,6,3,5,2,0,0,1,0,0,0,0,0,4.77876E+20,5.55507E+21,8.69035E+15,5.01475E+16
27058,6,4,35,14,2018,1,19,4,3,2,6,2,0,1,0,0,0,0,0,4.94242E+20,5.55044E+21,8.91948E+15,5.01062E+16
27059,6,6,31,13,2018,1,17,3,3,1,5,2,1,1,0,0,0,0,1,5.59071E+20,5.6027E+21,9.8342E+15,5.05732E+16
27060,6,4,11,0,2018,1,7,4,3,8,1,2,0,1,0,0,0,0,0,4.71926E+20,5.52393E+21,8.60934E+15,4.98671E+16
27061,6,5,34,10,2018,1,13,5,3,2,3,0,0,1,0,0,0,0,0,4.6896E+20,5.6272E+21,8.55957E+15,5.07957E+16
27062,6,4,36,7,2018,1,18,7,2,4,1,2,0,1,0,0,0,0,1,4.59091E+20,5.55037E+21,8.42795E+15,5.01042E+16
27063,6,4,14,0,2018,1,7,3,3,2,6,0,0,1,0,0,0,0,0,4.53274E+20,5.54505E+21,8.34726E+15,5.00559E+16
27064,6,5,34,7,2018,1,7,5,3,8,1,2,0,1,0,0,0,0,2,4.70507E+20,5.63392E+21,8.58099E+15,5.08562E+16
27065,6,4,31,2,2018,1,10,5,3,0,1,0,0,0,0,1,0,0,1,4.72563E+20,5.50342E+21,8.61966E+15,4.96826E+16
27066,6,4,39,7,2018,1,11,7,3,5,2,0,0,1,0,0,0,0,1,4.45434E+20,5.56656E+21,8.23466E+15,5.02487E+16
27067,6,5,35,15,2018,1,13,6,3,4,1,0,0,1,0,0,1,0,0,5.3959E+20,5.61387E+21,9.56031E+15,5.06753E+16
27068,6,6,31,16,2018,1,13,3,2,8,1,0,0,0,0,0,1,0,0,5.52131E+20,5.57954E+21,9.73298E+15,5.03656E+16
27069,6,4,31,2,2018,1,7,5,2,6,4,2,0,1,1,0,0,0,1,4.72302E+20,5.50318E+21,8.61606E+15,4.96805E+16
27070,6,5,35,13,2018,1,15,5,3,2,6,0,0,1,0,0,0,0,0,5.01896E+20,5.6081E+21,9.02681E+15,5.06247E+16
27071,6,4,33,10,2018,1,18,2,3,3,6,2,0,1,0,0,1,0,1,4.61708E+20,5.541E+21,8.46547E+15,5.00201E+16
27072,6,5,35,5,2018,1,10,5,3,9,1,0,0,1,0,0,0,0,2,5.04993E+20,5.61218E+21,9.07064E+15,5.06614E+16
27073,6,5,35,14,2018,1,7,5,3,8,1,1,0,1,0,0,0,0,2,5.14328E+20,5.61963E+21,9.203E+15,5.07283E+16
27074,6,5,33,17,2018,1,10,1,2,4,6,0,0,1,0,0,0,0,1,4.46955E+20,5.59149E+21,8.25248E+15,5.0473E+16
27075,6,4,12,0,2018,1,23,6,1,3,7,2,0,1,0,1,0,0,0,4.84049E+20,5.55395E+21,8.77679E+15,5.01376E+16
27076,6,4,11,0,2018,1,8,4,3,2,6,0,0,1,0,0,0,0,0,4.71756E+20,5.5241E+21,8.60698E+15,4.98686E+16
27077,6,4,33,12,2018,1,0,5,2,5,2,2,0,1,0,0,0,0,0,4.61729E+20,5.53763E+21,8.4661E+15,4.99898E+16
27078,6,5,31,6,2018,1,12,7,3,3,2,0,1,0,0,0,0,1,1,4.97415E+20,5.6046E+21,8.96347E+15,5.05933E+16
27079,6,6,36,14,2018,1,7,2,3,5,3,1,0,1,0,0,1,0,1,5.68876E+20,5.66622E+21,9.9846E+15,5.11433E+16
27080,6,5,34,18,2018,1,15,5,3,3,6,0,0,1,0,0,1,0,0,5.0018E+20,5.63079E+21,9.00256E+15,5.08288E+16
27081,6,5,34,11,2018,1,14,5,2,4,6,0,0,1,0,0,0,0,0,4.91122E+20,5.63177E+21,8.87392E+15,5.08376E+16
27082,6,4,35,14,2018,1,6,2,3,2,6,2,0,1,0,0,0,0,1,4.92111E+20,5.54744E+21,8.88973E+15,5.00792E+16
27083,6,6,31,9,2018,1,16,5,3,5,3,0,0,1,0,0,0,0,0,5.49258E+20,5.6022E+21,9.69558E+15,5.05696E+16
27084,6,6,31,17,2018,1,10,5,3,2,2,0,0,1,0,0,0,0,1,5.50866E+20,5.59825E+21,9.71774E+15,5.0534E+16
27085,6,4,12,0,2018,1,23,1,3,3,6,2,0,1,0,0,0,0,1,4.71956E+20,5.54552E+21,8.6082E+15,5.00613E+16
27086,6,5,31,10,2018,1,13,5,3,0,7,0,0,1,0,0,0,0,1,5.07361E+20,5.6005E+21,9.10392E+15,5.05563E+16
27087,6,6,31,6,2018,1,9,2,2,4,1,0,0,1,0,0,0,0,2,5.48621E+20,5.59356E+21,9.68546E+15,5.0492E+16
27088,6,4,35,14,2018,1,18,5,3,2,6,2,0,1,0,0,0,0,0,4.9306E+20,5.55195E+21,8.90293E+15,5.01197E+16
27089,6,4,38,6,2018,1,17,5,3,2,6,1,0,1,0,0,0,0,0,4.77676E+20,5.53805E+21,8.68854E+15,4.99943E+16
27090,6,4,38,13,2018,1,16,1,3,8,7,0,0,1,0,0,0,0,0,4.9748E+20,5.54027E+21,8.96482E+15,5.00147E+16
27091,6,6,11,0,2018,1,10,3,3,2,6,0,0,1,0,0,1,0,1,5.38148E+20,5.6843E+21,9.54729E+15,5.13087E+16
27092,6,4,38,6,2018,1,17,5,3,3,6,2,0,1,0,0,0,0,0,4.77703E+20,5.53788E+21,8.68893E+15,4.99928E+16
27093,6,4,31,20,2018,1,22,7,3,2,6,2,0,1,0,0,0,0,1,4.68137E+20,5.49099E+21,8.55931E+15,4.95706E+16
27094,6,4,12,0,2018,1,12,2,2,6,4,0,0,1,1,0,0,0,1,4.76042E+20,5.55029E+21,8.66498E+15,5.01043E+16
27095,6,4,38,10,2018,1,8,5,3,2,6,0,0,1,0,0,0,0,1,4.87658E+20,5.54612E+21,8.82754E+15,5.00672E+16
27096,6,4,33,7,2018,1,17,5,3,2,6,2,0,1,0,0,0,0,0,4.64842E+20,5.5424E+21,8.50909E+15,5.00329E+16
27097,6,4,40,6,2018,1,15,2,3,8,7,0,0,1,0,0,0,0,1,4.94449E+20,5.58341E+21,8.9219E+15,5.04027E+16
27098,6,5,31,5,2018,1,7,4,3,2,6,0,0,1,0,0,0,0,2,4.7942E+20,5.60465E+21,8.70924E+15,5.05934E+16
27099,6,4,35,3,2018,1,6,4,3,5,3,2,0,1,0,0,0,0,1,5.1843E+20,5.56406E+21,9.25839E+15,5.02284E+16
27100,6,4,12,0,2018,1,14,6,3,5,3,0,0,1,0,0,0,0,0,4.76036E+20,5.55014E+21,8.66491E+15,5.0103E+16
27101,6,6,35,16,2018,1,7,6,2,4,1,0,0,1,0,0,0,0,2,4.87443E+20,5.67432E+21,8.82019E+15,5.12201E+16
27102,6,5,31,9,2018,1,11,5,3,5,3,0,0,1,0,0,0,0,1,4.72895E+20,5.59189E+21,8.61799E+15,5.04784E+16
27103,6,5,31,18,2018,1,8,4,3,8,1,0,0,1,0,0,0,0,2,4.73933E+20,5.60807E+21,8.63149E+15,5.06239E+16
27104,6,6,11,0,2018,1,20,7,3,5,3,2,1,1,0,0,0,0,1,5.33647E+20,5.686E+21,9.48289E+15,5.13243E+16
27105,6,6,32,3,2018,1,17,3,2,9,1,1,0,1,0,0,0,0,0,5.579E+20,5.64488E+21,9.82432E+15,5.09526E+16
27106,6,6,36,14,2018,1,8,4,3,4,1,1,0,1,0,0,0,1,2,5.72639E+20,5.66602E+21,1.00384E+16,5.1141E+16
27107,6,4,13,0,2018,1,9,3,3,5,3,0,1,1,0,0,0,0,0,4.83349E+20,5.54865E+21,8.76723E+15,5.00899E+16
27108,6,6,32,16,2018,1,20,4,3,6,2,2,0,1,1,0,0,0,2,5.70428E+20,5.63238E+21,1.00002E+16,5.08389E+16
27109,6,6,34,14,2018,1,14,2,3,1,7,0,0,1,0,0,0,0,0,5.38427E+20,5.6646E+21,9.54919E+15,5.11316E+16
27110,6,5,35,16,2018,1,8,4,3,4,1,0,0,1,0,0,1,0,1,5.08628E+20,5.59383E+21,9.12164E+15,5.04964E+16
27111,6,5,35,11,2018,1,17,4,2,0,1,2,0,0,0,0,1,0,2,5.2762E+20,5.60512E+21,9.39025E+15,5.05973E+16
27112,6,5,33,9,2018,1,22,1,2,5,3,2,0,1,0,0,0,0,1,4.35263E+20,5.58135E+21,8.08948E+15,5.03806E+16
27113,6,5,35,18,2018,1,7,4,3,9,1,0,0,1,0,0,0,0,2,5.10614E+20,5.60321E+21,9.14991E+15,5.05807E+16
27114,6,5,34,10,2018,1,16,4,3,6,4,1,0,1,1,0,0,0,1,4.68508E+20,5.62225E+21,8.55358E+15,5.07512E+16
27115,6,6,34,6,2018,1,21,6,3,9,1,2,0,1,0,0,0,0,2,5.09335E+20,5.64112E+21,9.13281E+15,5.09216E+16
27116,6,4,32,23,2018,1,16,5,3,3,6,2,0,1,0,0,0,0,1,4.72231E+20,5.53057E+21,8.61311E+15,4.99268E+16
27117,6,5,33,6,2018,1,8,4,3,5,3,0,0,1,0,0,0,0,2,4.30234E+20,5.58648E+21,8.0178E+15,5.04262E+16
27118,6,6,35,9,2018,1,7,7,2,9,1,1,0,1,0,0,0,0,2,5.11352E+20,5.66632E+21,9.1623E+15,5.11482E+16
27119,6,5,34,20,2018,1,18,3,2,2,7,2,0,1,0,0,0,0,0,4.76793E+20,5.62418E+21,8.6709E+15,5.07689E+16
27120,6,4,35,14,2018,1,19,3,3,6,4,2,0,1,1,0,0,0,1,4.9364E+20,5.55447E+21,8.911E+15,5.01424E+16
27121,6,5,33,2,2018,1,8,4,3,9,1,0,0,1,0,0,0,0,2,4.41277E+20,5.58029E+21,8.17422E+15,5.03717E+16
27122,6,6,33,14,2018,1,20,4,3,8,1,2,0,1,0,0,0,0,2,5.36178E+20,5.69504E+21,9.52012E+15,5.14055E+16
27123,6,4,40,5,2018,1,13,2,3,2,6,0,0,1,0,0,0,0,1,4.75945E+20,5.58836E+21,8.6612E+15,5.04467E+16
27124,6,6,33,1,2018,1,9,4,3,8,1,0,0,1,0,0,0,0,2,5.28968E+20,5.6915E+21,9.41618E+15,5.1374E+16
27125,6,6,36,16,2018,1,8,6,3,4,1,0,0,1,0,0,0,0,2,5.56001E+20,5.6873E+21,9.80387E+15,5.13342E+16