OBJECTID_1,ULAND,UREGBEZ,UKREIS,UGEMEINDE,UJAHR,UMONAT,USTUNDE,UWOCHENTAG,UKATEGORIE,UART,UTYP1,ULICHTVERH,IstRad,IstPKW,IstFuss,IstKrad,IstGkfz,IstSonstig,STRZUSTAND,LINREFX,LINREFY,XGCSWGS84,YGCSWGS84
27316,6,6,32,19,2018,1,3,1,3,6,1,2,0,1,1,0,0,0,2,5.59365E+20,5.63007E+21,9.84276E+15,5.08193E+16
27317,6,4,40,3,2018,1,6,3,2,4,7,2,0,1,0,0,0,0,1,4.81163E+20,5.56104E+21,8.73606E+15,5.02012E+16
27318,6,4,40,9,2018,1,14,4,3,5,3,0,0,1,0,0,0,0,1,5.13491E+20,5.58506E+21,9.18989E+15,5.04174E+16
27319,6,5,35,11,2018,1,11,6,3,1,6,0,0,1,0,0,0,0,1,5.27781E+20,5.60556E+21,9.39256E+15,5.06013E+16
27320,6,4,35,14,2018,1,9,5,2,2,6,0,0,1,0,0,0,0,1,4.98792E+20,5.55384E+21,8.98309E+15,5.01368E+16
27321,6,5,32,20,2018,1,9,3,3,5,3,0,0,1,0,0,0,0,1,4.52257E+20,5.60945E+21,8.32489E+15,5.0635E+16
27322,6,6,11,0,2018,1,17,7,1,6,2,2,0,1,1,0,0,0,1,5.34874E+20,5.68485E+21,9.50038E+15,5.13139E+16
27323,6,5,32,12,2018,1,7,3,3,2,6,1,0,1,0,0,0,0,1,4.51179E+20,5.61528E+21,8.30888E+15,5.06873E+16
27324,6,4,32,13,2018,1,11,3,3,0,7,0,0,0,0,0,0,1,0,4.83288E+20,5.5138E+21,8.76788E+15,4.97765E+16
27325,6,5,32,23,2018,1,17,1,3,2,6,2,0,1,0,0,0,0,1,4.69309E+20,5.59973E+21,8.56681E+15,5.05487E+16
27326,6,4,12,0,2018,1,15,3,3,6,2,0,0,1,1,0,0,0,0,4.67488E+20,5.55037E+21,8.54536E+15,5.01047E+16
27327,6,4,40,23,2018,1,8,3,3,2,6,0,0,1,0,0,1,0,0,4.77421E+20,5.57114E+21,8.68303E+15,5.0292E+16
27328,6,6,11,0,2018,1,7,2,2,2,6,0,0,1,0,0,0,0,1,5.30534E+20,5.68401E+21,9.43804E+15,5.13066E+16
27329,6,4,40,8,2018,1,9,3,3,2,6,0,0,1,0,0,0,0,1,4.81143E+20,5.57543E+21,8.73505E+15,5.03307E+16
27330,6,5,34,7,2018,1,22,3,2,8,1,2,0,1,0,0,0,0,2,4.66151E+20,5.63383E+21,8.5191E+15,5.08552E+16
27331,6,6,33,7,2018,1,12,1,3,4,1,0,0,1,0,0,0,0,2,5.33021E+20,5.69513E+21,9.47476E+15,5.14064E+16
27332,6,5,34,4,2018,1,17,4,3,2,6,2,0,1,0,0,0,0,1,4.6269E+20,5.6407E+21,8.46924E+15,5.09167E+16
27333,6,5,31,13,2018,1,14,4,3,3,6,0,0,1,0,0,0,0,0,4.78404E+20,5.61523E+21,8.69427E+15,5.06885E+16
27334,6,5,34,4,2018,1,7,3,3,9,7,2,0,1,0,0,0,0,1,4.67799E+20,5.63674E+21,8.54227E+15,5.08815E+16
27335,6,6,32,3,2018,1,15,7,2,8,1,0,0,1,0,0,0,0,1,5.57313E+20,5.64772E+21,9.8164E+15,5.09783E+16
27336,6,5,31,5,2018,1,8,3,3,2,6,0,0,1,0,0,0,0,1,4.76274E+20,5.60378E+21,8.66486E+15,5.05855E+16
27337,6,5,31,5,2018,1,15,3,3,2,6,0,0,1,0,0,0,0,1,4.79159E+20,5.60294E+21,8.70565E+15,5.0578E+16
27338,6,5,32,23,2018,1,19,6,3,2,6,2,0,1,0,0,0,0,0,4.64344E+20,5.60059E+21,8.49664E+15,5.05561E+16
27339,6,5,32,6,2018,1,15,2,3,5,3,0,0,1,0,0,0,1,0,4.50749E+20,5.61876E+21,8.30232E+15,5.07185E+16
27340,6,4,31,20,2018,2,7,6,3,8,1,2,0,1,0,0,0,0,2,4.70053E+20,5.48582E+21,8.5862E+15,4.95242E+16
27341,6,5,34,13,2018,2,8,3,3,5,3,0,0,1,0,0,0,0,0,4.72727E+20,5.61669E+21,8.6138E+15,5.07014E+16
27342,6,6,35,1,2018,1,21,3,3,8,1,2,0,1,0,0,0,0,0,4.76331E+20,5.65375E+21,8.66243E+15,5.10348E+16
27343,6,4,40,3,2018,2,7,5,3,3,6,1,0,1,0,0,1,0,0,4.80759E+20,5.55996E+21,8.73045E+15,5.01916E+16
27344,6,5,31,16,2018,2,11,2,3,5,2,0,0,1,0,0,0,0,1,4.8699E+20,5.60493E+21,8.81618E+15,5.05961E+16
27345,6,4,40,18,2018,1,20,3,3,5,2,2,0,1,0,0,0,0,0,4.77028E+20,5.57937E+21,8.677E+15,5.03659E+16
27346,6,4,38,9,2018,2,13,5,3,2,6,0,0,1,0,0,0,0,0,4.79949E+20,5.54421E+21,8.71993E+15,5.00498E+16
27347,6,4,32,19,2018,2,10,1,3,2,6,0,0,1,0,0,0,0,2,4.86894E+20,5.51863E+21,8.81781E+15,4.982E+16
27348,6,5,32,8,2018,1,15,3,3,4,6,0,0,1,0,0,0,0,0,4.55248E+20,5.60647E+21,8.36753E+15,5.06084E+16
27349,6,4,32,8,2018,1,19,4,3,6,4,2,0,1,1,0,0,0,1,4.68557E+20,5.52322E+21,8.56252E+15,4.98606E+16
27350,6,6,35,22,2018,2,7,6,3,4,1,1,0,1,0,0,0,1,1,4.73224E+20,5.68249E+21,8.61598E+15,5.12931E+16
27351,6,4,12,0,2018,2,9,4,3,3,6,0,0,1,0,0,0,0,0,4.64569E+20,5.55039E+21,8.50454E+15,5.01047E+16
27352,6,4,38,12,2018,1,15,3,3,3,6,0,1,1,0,0,0,0,0,4.85822E+20,5.53598E+21,8.80226E+15,4.99759E+16
27353,6,4,40,21,2018,1,6,3,3,2,6,2,0,1,0,0,0,0,0,4.90581E+20,5.57851E+21,8.86758E+15,5.03586E+16
27354,6,6,32,20,2018,2,18,6,3,2,6,2,0,1,0,0,0,0,1,5.67015E+20,5.64415E+21,9.95393E+15,5.0945E+16
27355,6,5,33,3,2018,2,6,2,3,2,1,2,0,1,0,0,0,0,2,4.51115E+20,5.57417E+21,8.31335E+15,5.03176E+16
27356,6,4,31,18,2018,1,17,3,3,2,6,2,0,1,0,0,0,0,0,4.88246E+20,5.47282E+21,8.83797E+15,4.9408E+16
27357,6,6,33,26,2018,2,14,1,3,9,1,0,0,1,0,0,0,0,1,5.31169E+20,5.69041E+21,9.44771E+15,5.13641E+16
27358,6,4,31,13,2018,1,9,3,3,5,3,0,0,1,0,0,0,0,0,4.6285E+20,5.49292E+21,8.48601E+15,4.95877E+16
27359,6,5,33,9,2018,1,18,4,3,0,7,2,1,0,0,0,0,0,1,4.33653E+20,5.58192E+21,8.06673E+15,5.03856E+16
27360,6,4,31,6,2018,2,18,1,3,8,1,2,0,1,0,0,0,0,1,4.67835E+20,5.50309E+21,8.55415E+15,4.96794E+16
27361,6,4,31,20,2018,1,19,3,2,6,4,2,0,1,1,0,0,0,0,4.68541E+20,5.48628E+21,8.56528E+15,4.95283E+16
27362,6,5,31,8,2018,1,19,4,3,8,1,2,0,1,0,0,0,0,1,4.93636E+20,5.59304E+21,8.91028E+15,5.04893E+16
27363,6,6,34,24,2018,2,15,6,3,5,3,0,0,1,0,0,0,0,1,5.46128E+20,5.66299E+21,9.65904E+15,5.11166E+16
27364,6,4,12,0,2018,2,13,3,3,2,6,0,0,1,0,0,0,0,0,4.80272E+20,5.5564E+21,8.72381E+15,5.01595E+16
27365,6,4,33,14,2018,1,16,3,3,2,6,0,0,1,0,0,0,0,0,4.57686E+20,5.53201E+21,8.41033E+15,4.99389E+16
27366,6,4,33,12,2018,2,10,1,3,9,1,0,0,1,0,0,0,0,1,4.64081E+20,5.53643E+21,8.49903E+15,4.99791E+16
27367,6,6,31,9,2018,1,7,3,2,8,1,0,0,1,0,0,0,0,2,5.4331E+20,5.59691E+21,9.61098E+15,5.05225E+16
27368,6,5,34,14,2018,1,17,4,3,4,1,2,0,1,0,0,0,0,1,4.8284E+20,5.63249E+21,8.75626E+15,5.08438E+16
27369,6,4,31,20,2018,1,10,4,3,2,6,0,0,1,0,0,1,0,0,4.68156E+20,5.4859E+21,8.55999E+15,4.95249E+16
27370,6,6,11,0,2018,2,21,6,3,6,4,2,0,1,1,0,0,0,0,5.35498E+20,5.68479E+21,9.50933E+15,5.13133E+16
27371,6,6,34,9,2018,2,7,3,3,5,3,1,0,1,0,0,0,0,0,5.29346E+20,5.65313E+21,9.41848E+15,5.10289E+16
27372,6,5,32,1,2018,1,8,3,2,8,1,0,0,1,0,0,0,0,2,4.61852E+20,5.60722E+21,8.46079E+15,5.06156E+16
27373,6,4,40,24,2018,1,17,5,2,5,3,2,0,1,0,0,0,0,1,4.92396E+20,5.58496E+21,8.89297E+15,5.04166E+16
27374,6,5,32,16,2018,1,7,3,3,9,1,0,0,1,0,0,0,0,2,4.5472E+20,5.60058E+21,8.36079E+15,5.05554E+16
27375,6,6,36,12,2018,2,18,5,3,5,3,2,0,1,0,1,0,0,1,5.6171E+20,5.66664E+21,9.88226E+15,5.11479E+16
27376,6,4,12,0,2018,2,10,2,3,2,6,0,0,1,0,0,0,0,0,4.67419E+20,5.55046E+21,8.54439E+15,5.01055E+16
27377,6,5,31,14,2018,1,7,3,3,2,6,0,0,1,0,0,0,0,1,4.82643E+20,5.59891E+21,8.75504E+15,5.05419E+16
27378,6,4,37,12,2018,2,11,1,2,1,1,0,0,1,0,0,0,0,2,4.96071E+20,5.4965E+21,8.9456E+15,4.9621E+16
27379,6,5,31,9,2018,1,8,3,3,9,1,0,0,1,0,0,0,0,2,4.69241E+20,5.5898E+21,8.56666E+15,5.04594E+16
27380,6,4,12,0,2018,1,17,4,3,2,6,2,0,1,0,0,0,0,1,4.69267E+20,5.55241E+21,8.57007E+15,5.01232E+16
27381,6,5,33,2,2018,2,22,7,2,5,3,2,0,1,0,0,0,0,0,4.40169E+20,5.57765E+21,8.15907E+15,5.03479E+16
27382,6,6,33,10,2018,2,10,4,2,5,3,0,0,1,0,0,0,0,0,5.25559E+20,5.6969E+21,9.36759E+15,5.14227E+16
27383,6,4,12,0,2018,1,16,3,3,2,6,0,0,1,0,0,0,0,0,4.72335E+20,5.5496E+21,8.61319E+15,5.0098E+16
27384,6,4,39,15,2018,2,8,6,2,8,1,0,0,1,0,0,0,0,2,4.37631E+20,5.55352E+21,8.12737E+15,5.01307E+16
27385,6,4,34,12,2018,2,10,3,3,5,3,0,0,1,0,0,0,0,1,4.68223E+20,5.57394E+21,8.55366E+15,5.03167E+16
27386,6,4,12,0,2018,1,18,3,3,2,6,2,0,1,0,0,0,0,0,4.72378E+20,5.55817E+21,8.61317E+15,5.01751E+16
27387,6,4,37,13,2018,2,14,5,3,5,3,0,0,1,0,0,1,0,0,4.85316E+20,5.50368E+21,8.79644E+15,4.96855E+16
27388,6,4,38,5,2018,2,12,2,2,0,7,0,0,0,0,0,0,1,0,4.84722E+20,5.5452E+21,8.78656E+15,5.00589E+16
27389,6,4,12,0,2018,1,16,3,3,3,6,1,0,1,0,0,0,0,0,4.7158E+20,5.55082E+21,8.60254E+15,5.01089E+16
27390,6,4,32,11,2018,2,6,5,3,4,2,2,0,1,0,0,0,0,1,4.8793E+20,5.52594E+21,8.83198E+15,4.98857E+16
27391,6,4,13,0,2018,1,18,3,3,2,6,2,0,1,0,0,0,0,0,4.81139E+20,5.54754E+21,8.73639E+15,5.00798E+16
27392,6,4,14,0,2018,2,6,5,3,2,6,2,0,1,0,0,0,0,1,4.40506E+20,5.5498E+21,8.16816E+15,5.00974E+16
27393,6,6,34,2,2018,2,5,2,2,9,1,2,0,1,0,0,0,0,1,5.28083E+20,5.67389E+21,9.40208E+15,5.12157E+16
27394,6,4,12,0,2018,1,21,3,3,3,6,2,0,1,0,0,1,0,0,4.71295E+20,5.54344E+21,8.59912E+15,5.00426E+16
27395,6,6,35,10,2018,2,13,1,2,4,6,0,0,1,0,0,0,0,2,4.95049E+20,5.65669E+21,8.92935E+15,5.10617E+16
27396,6,4,14,0,2018,1,18,3,3,2,6,2,0,1,0,0,0,0,0,4.43616E+20,5.54334E+21,8.2126E+15,5.00397E+16
27397,6,4,12,0,2018,1,18,4,3,2,6,2,0,1,0,0,0,0,1,4.79439E+20,5.55383E+21,8.71229E+15,5.01364E+16
27398,6,6,35,2,2018,2,4,7,2,9,1,2,0,1,0,0,0,0,2,5.06664E+20,5.68783E+21,9.09567E+15,5.13417E+16
27399,6,4,35,19,2018,2,16,4,3,2,6,0,0,1,0,0,0,0,0,4.85755E+20,5.55394E+21,8.80067E+15,5.01375E+16
27400,6,4,39,11,2018,1,4,3,2,2,6,2,0,0,0,0,1,1,1,4.5042E+20,5.55633E+21,8.30593E+15,5.01571E+16
27401,6,4,33,8,2018,1,12,3,3,3,6,0,0,1,0,0,0,0,0,4.71552E+20,5.53586E+21,8.60326E+15,4.99744E+16
27402,6,4,35,10,2018,2,14,6,3,2,2,0,0,1,0,0,0,0,1,5.1133E+20,5.56161E+21,9.15877E+15,5.02066E+16
27403,6,4,32,8,2018,2,15,3,3,3,6,0,1,1,0,0,0,0,0,4.6986E+20,5.52349E+21,8.58063E+15,4.98631E+16
27404,6,5,31,14,2018,1,14,3,3,3,6,0,0,1,0,0,1,0,0,4.81705E+20,5.59459E+21,8.74203E+15,5.0503E+16
27405,6,5,33,18,2018,2,9,5,3,8,1,0,0,1,0,0,0,0,1,4.57061E+20,5.58652E+21,8.39545E+15,5.04291E+16
27406,6,4,40,8,2018,2,7,2,3,6,3,1,0,1,1,0,0,0,1,4.82173E+20,5.57526E+21,8.74954E+15,5.03292E+16
27407,6,4,35,6,2018,1,18,2,3,2,6,2,0,1,0,0,0,0,1,4.93793E+20,5.55943E+21,8.91306E+15,5.01871E+16
27408,6,5,32,1,2018,2,13,5,3,5,2,0,0,1,0,1,0,0,0,4.58903E+20,5.60536E+21,8.41932E+15,5.05987E+16
27409,6,4,35,14,2018,1,7,2,3,5,3,0,0,1,0,0,0,0,0,4.96029E+20,5.55453E+21,8.94442E+15,5.01429E+16
27410,6,5,32,12,2018,1,7,4,3,2,6,0,0,1,0,0,0,0,1,4.51576E+20,5.61648E+21,8.31434E+15,5.06981E+16
27411,6,4,13,0,2018,2,15,7,3,2,6,0,0,1,0,0,0,0,1,4.80508E+20,5.54583E+21,8.72766E+15,5.00644E+16
27412,6,4,35,14,2018,2,11,4,3,5,2,0,0,1,0,0,0,1,0,4.93434E+20,5.55194E+21,8.90815E+15,5.01197E+16
27413,6,4,14,0,2018,1,19,2,3,5,3,1,0,1,0,0,0,0,0,4.45766E+20,5.5457E+21,8.24228E+15,5.00611E+16
27414,6,4,40,18,2018,2,17,1,3,8,1,2,0,1,0,0,0,0,2,4.77001E+20,5.57935E+21,8.67662E+15,5.03658E+16
27415,6,4,14,0,2018,1,15,2,3,2,6,0,0,1,0,0,0,0,0,4.46952E+20,5.54708E+21,8.25866E+15,5.00736E+16
27416,6,4,11,0,2018,1,10,4,3,2,6,0,0,1,0,0,0,0,0,4.74016E+20,5.52325E+21,8.63847E+15,4.98611E+16
27417,6,5,34,14,2018,2,18,7,3,3,6,2,0,1,0,0,0,0,1,4.85496E+20,5.63317E+21,8.79396E+15,5.08501E+16
27418,6,5,32,12,2018,2,20,4,3,5,3,2,0,1,0,0,0,0,0,4.51155E+20,5.61532E+21,8.30852E+15,5.06876E+16
27419,6,4,14,0,2018,1,14,2,3,8,1,0,0,1,0,0,0,0,1,4.38878E+20,5.55008E+21,8.14537E+15,5.00998E+16
27420,6,4,13,0,2018,1,14,2,3,6,7,0,0,1,1,0,0,0,0,4.82745E+20,5.55036E+21,8.75871E+15,5.01053E+16
27421,6,4,33,4,2018,2,19,6,3,4,1,2,0,1,0,0,0,0,1,4.63124E+20,5.50997E+21,8.4882E+15,4.97411E+16
27422,6,4,35,14,2018,2,14,3,3,5,2,0,1,1,0,0,0,0,0,4.9267E+20,5.55412E+21,8.89742E+15,5.01393E+16
27423,6,4,12,0,2018,1,15,2,3,6,4,0,0,1,1,0,0,0,0,4.76203E+20,5.55985E+21,8.66663E+15,5.01903E+16
27424,6,5,34,4,2018,1,18,5,3,2,2,2,0,1,0,0,0,0,1,4.67697E+20,5.63893E+21,8.54062E+15,5.09011E+16
27425,6,4,12,0,2018,2,10,2,3,3,6,0,0,1,0,0,1,0,1,4.74077E+20,5.56051E+21,8.63681E+15,5.01962E+16
27426,6,4,32,23,2018,1,10,2,3,2,6,0,0,1,0,0,0,0,0,4.72722E+20,5.52719E+21,8.62019E+15,4.98965E+16
27427,6,6,33,17,2018,2,11,5,2,2,6,0,0,1,0,0,1,0,0,5.36827E+20,5.68056E+21,9.52796E+15,5.12752E+16
27428,6,5,35,13,2018,2,16,1,2,9,1,0,0,1,0,0,0,0,1,5.04835E+20,5.60741E+21,9.06834E+15,5.06186E+16
27429,6,4,37,1,2018,1,7,2,2,9,6,0,0,1,0,0,0,0,1,4.99571E+20,5.50996E+21,8.99404E+15,4.97422E+16
27430,6,4,31,2,2018,1,20,4,3,5,3,2,0,1,0,0,0,0,1,4.71021E+20,5.50224E+21,8.59837E+15,4.9672E+16
27431,6,5,31,5,2018,1,12,3,3,2,6,0,0,1,0,0,0,0,0,4.79083E+20,5.60721E+21,8.70433E+15,5.06164E+16
27432,6,6,32,2,2018,2,8,6,3,2,6,1,0,1,0,0,0,0,1,5.49643E+20,5.63567E+21,9.70552E+15,5.08706E+16
27433,6,4,36,6,2018,2,6,4,3,2,6,0,0,1,0,0,0,1,0,4.5553E+20,5.54621E+21,8.37863E+15,5.00665E+16
27434,6,6,36,6,2018,1,6,2,3,2,6,2,0,1,0,0,0,0,1,5.48893E+20,5.67362E+21,9.69998E+15,5.12119E+16
27435,6,4,31,2,2018,1,17,5,3,5,3,2,0,1,0,0,0,0,0,4.71269E+20,5.50238E+21,8.6018E+15,4.96732E+16
27436,6,6,34,24,2018,1,12,2,2,8,1,0,0,1,0,0,0,0,0,5.48873E+20,5.66707E+21,9.6988E+15,5.1153E+16
27437,6,4,14,0,2018,2,18,6,3,2,6,2,0,1,0,0,0,0,1,4.51622E+20,5.54507E+21,8.32417E+15,5.00559E+16
27438,6,4,14,0,2018,2,13,2,3,3,6,0,0,1,0,0,0,0,0,4.48976E+20,5.54105E+21,8.28774E+15,5.00196E+16
27439,6,6,11,0,2018,1,11,2,2,3,2,0,0,1,0,0,0,1,0,5.32614E+20,5.6814E+21,9.46764E+15,5.1283E+16
27440,6,4,39,14,2018,1,16,2,2,4,1,0,0,1,0,0,0,1,0,4.33221E+20,5.55172E+21,8.06598E+15,5.0114E+16
27441,6,4,14,0,2018,1,18,4,3,3,6,2,0,1,0,0,0,0,1,4.46316E+20,5.5447E+21,8.2501E+15,5.00522E+16
27442,6,5,31,15,2018,2,9,6,3,8,1,0,0,1,0,0,0,0,2,4.90524E+20,5.60946E+21,8.866E+15,5.0637E+16
27443,6,4,14,0,2018,2,17,3,3,2,6,1,0,1,0,0,0,0,0,4.45228E+20,5.54472E+21,8.2349E+15,5.00522E+16
27444,6,4,34,1,2018,1,18,2,3,2,6,1,0,1,0,0,0,0,0,4.77891E+20,5.56302E+21,8.6901E+15,5.02189E+16
27445,6,4,34,1,2018,2,11,2,3,2,6,0,0,1,0,0,0,1,1,4.75712E+20,5.56211E+21,8.65961E+15,5.02107E+16
27446,6,4,34,1,2018,1,17,2,2,5,3,1,0,1,0,0,0,0,0,4.77823E+20,5.56288E+21,8.68914E+15,5.02177E+16
27447,6,4,12,0,2018,1,16,4,3,2,6,1,0,1,0,0,0,0,1,4.68655E+20,5.54424E+21,8.56218E+15,5.00496E+16
27448,6,6,33,28,2018,2,0,1,2,2,6,2,0,1,0,0,0,1,2,5.13691E+20,5.69422E+21,9.19681E+15,5.1399E+16
27449,6,4,31,11,2018,1,17,2,3,4,6,1,0,1,0,0,0,0,0,4.79869E+20,5.49969E+21,8.72112E+15,4.96494E+16
27450,6,4,35,14,2018,1,10,4,3,3,6,0,0,1,0,0,1,0,0,4.93772E+20,5.55392E+21,8.91285E+15,5.01375E+16
27451,6,6,32,2,2018,1,8,3,3,3,6,0,0,1,0,0,0,0,0,5.50893E+20,5.63485E+21,9.72317E+15,5.08631E+16
27452,6,4,13,0,2018,2,17,6,3,6,2,2,0,1,1,0,0,0,1,4.84534E+20,5.54947E+21,8.78376E+15,5.00973E+16
27453,6,5,33,9,2018,2,7,3,3,8,1,0,0,1,0,0,0,0,2,4.36963E+20,5.57956E+21,8.11369E+15,5.03647E+16
27454,6,4,40,3,2018,1,7,2,3,2,6,0,0,1,0,0,0,0,0,4.81002E+20,5.56059E+21,8.73382E+15,5.01972E+16
27455,6,5,32,11,2018,1,21,2,3,9,1,2,0,1,0,0,0,0,1,4.47364E+20,5.62336E+21,8.25371E+15,5.07596E+16
27456,6,5,33,4,2018,2,7,5,3,9,1,1,0,1,0,0,0,0,2,4.30526E+20,5.59693E+21,8.01997E+15,5.05202E+16
27457,6,4,12,0,2018,2,18,2,3,2,6,2,0,1,0,0,0,0,1,4.77069E+20,5.55338E+21,8.67916E+15,5.01322E+16
27458,6,4,32,10,2018,1,14,2,3,8,1,0,0,1,0,0,0,0,0,4.973E+20,5.52847E+21,8.96239E+15,4.99086E+16
27459,6,6,35,3,2018,2,17,1,2,4,6,1,0,1,0,0,0,0,2,5.09962E+20,5.65763E+21,9.14219E+15,5.10701E+16
27460,6,4,33,12,2018,1,5,2,3,5,3,2,1,1,0,0,0,0,0,4.58825E+20,5.53894E+21,8.42545E+15,5.00013E+16
27461,6,4,12,0,2018,1,21,4,3,2,2,2,0,1,0,0,0,0,1,4.71618E+20,5.55463E+21,8.60279E+15,5.01432E+16
27462,6,6,11,0,2018,2,9,7,3,6,4,0,0,0,1,0,0,1,0,5.34893E+20,5.68602E+21,9.50077E+15,5.13244E+16
27463,6,6,35,12,2018,2,16,4,3,0,7,0,1,1,0,0,0,0,0,4.9785E+20,5.64686E+21,8.96937E+15,5.09734E+16
27464,6,6,31,9,2018,1,16,2,3,2,6,0,0,1,0,0,0,0,0,5.47247E+20,5.60071E+21,9.667E+15,5.05564E+16
27465,6,6,11,0,2018,2,16,1,3,2,6,0,0,1,0,0,0,0,1,5.32673E+20,5.68416E+21,9.46873E+15,5.13078E+16
27466,6,5,32,15,2018,1,19,2,3,1,5,2,0,1,0,0,0,0,1,4.69015E+20,5.60273E+21,8.56241E+15,5.05756E+16
27467,6,4,14,0,2018,1,7,4,3,5,2,0,0,1,0,0,1,0,1,4.4794E+20,5.54761E+21,8.2724E+15,5.00784E+16
27468,6,5,31,18,2018,2,20,7,3,5,3,2,0,1,0,0,0,0,1,4.7433E+20,5.6085E+21,8.63706E+15,5.06278E+16
27469,6,5,31,4,2018,1,14,2,2,5,3,0,0,1,0,0,0,0,0,4.81682E+20,5.60366E+21,8.74125E+15,5.05846E+16
27470,6,4,35,14,2018,1,11,4,3,5,3,0,0,1,0,0,1,0,0,4.93812E+20,5.55003E+21,8.91347E+15,5.01025E+16
27471,6,4,39,7,2018,2,22,6,3,7,7,2,0,1,0,0,0,0,0,4.42283E+20,5.56955E+21,8.19001E+15,5.02753E+16
27472,6,4,35,4,2018,2,15,3,2,4,6,0,0,1,0,0,1,0,0,5.21906E+20,5.57811E+21,9.30793E+15,5.03547E+16
27473,6,4,12,0,2018,1,7,2,3,2,6,1,0,1,0,0,0,1,0,4.7512E+20,5.56144E+21,8.65136E+15,5.02046E+16
27474,6,4,14,0,2018,1,7,2,3,2,6,1,0,1,0,0,0,1,0,4.54923E+20,5.547E+21,8.37006E+15,5.00736E+16
27475,6,4,13,0,2018,2,7,5,3,5,3,0,0,1,0,0,0,0,1,4.81206E+20,5.55054E+21,8.73718E+15,5.01069E+16
27476,6,4,39,10,2018,2,17,2,2,4,1,0,0,1,0,0,0,0,0,4.15718E+20,5.54648E+21,7.82238E+15,5.00647E+16
27477,6,4,33,12,2018,1,14,2,3,2,6,0,0,1,0,0,1,0,0,4.61854E+20,5.5376E+21,8.46785E+15,4.99895E+16
27478,6,4,40,4,2018,2,17,5,3,5,3,2,0,1,0,0,0,0,1,5.07748E+20,5.56872E+21,9.10872E+15,5.02706E+16
27479,6,4,34,10,2018,2,13,1,3,5,3,0,0,1,0,0,0,0,1,4.69334E+20,5.55706E+21,8.57064E+15,5.01649E+16
27480,6,6,32,14,2018,1,13,1,3,9,1,0,0,1,0,0,0,0,1,5.43191E+20,5.63873E+21,9.61419E+15,5.08986E+16
27481,6,4,12,0,2018,1,7,4,3,0,2,0,0,1,0,1,0,0,1,4.7478E+20,5.55027E+21,8.64734E+15,5.01042E+16
27482,6,6,32,18,2018,2,3,7,3,9,1,2,0,1,0,0,0,0,1,5.48441E+20,5.65046E+21,9.6904E+15,5.10036E+16
27483,6,4,40,3,2018,2,15,4,3,5,3,0,0,1,0,0,0,0,0,4.85008E+20,5.55954E+21,8.78999E+15,5.01878E+16
27484,6,5,35,4,2018,1,18,1,3,9,1,2,0,1,0,0,0,0,2,5.30256E+20,5.59158E+21,9.42639E+15,5.04754E+16
27485,6,6,11,0,2018,1,17,3,3,6,4,2,0,0,1,0,0,1,1,5.37316E+20,5.68336E+21,9.53526E+15,5.13003E+16
27486,6,4,12,0,2018,1,10,4,3,2,6,0,0,1,0,0,1,0,1,4.78964E+20,5.55484E+21,8.70559E+15,5.01454E+16
27487,6,5,33,3,2018,1,15,1,3,3,2,0,1,1,0,0,0,0,0,4.47725E+20,5.57205E+21,8.26603E+15,5.02982E+16
27488,6,4,31,13,2018,2,6,6,3,9,1,2,0,1,0,0,0,0,2,4.70003E+20,5.49335E+21,8.58494E+15,4.9592E+16
27489,6,5,35,10,2018,2,18,3,2,4,6,2,0,1,0,0,0,0,0,5.08673E+20,5.62337E+21,9.12297E+15,5.0762E+16
27490,6,4,12,0,2018,1,18,1,3,3,6,1,0,1,0,0,0,0,0,4.77197E+20,5.55055E+21,8.68111E+15,5.01067E+16
27491,6,4,34,4,2018,2,7,6,3,4,1,0,0,1,0,0,0,0,2,4.58137E+20,5.58081E+21,8.41124E+15,5.03779E+16
27492,6,4,36,4,2018,2,7,3,3,5,3,2,0,1,0,0,0,0,1,4.58013E+20,5.53979E+21,8.41403E+15,5.00089E+16
27493,6,4,12,0,2018,1,9,1,3,1,5,0,0,1,0,0,0,0,0,4.77306E+20,5.54932E+21,8.68271E+15,5.00957E+16
27494,6,6,11,0,2018,2,20,5,3,5,3,2,0,1,0,0,0,0,1,5.32709E+20,5.68172E+21,9.46903E+15,5.12859E+16
27495,6,4,40,19,2018,2,19,2,3,4,3,2,0,1,0,0,0,0,0,5.02211E+20,5.57656E+21,9.03107E+15,5.03411E+16
27496,6,6,36,4,2018,1,14,1,2,9,1,0,0,1,0,0,0,0,1,5.58846E+20,5.68054E+21,9.8436E+15,5.12732E+16
27497,6,6,31,11,2018,2,21,5,2,4,6,2,0,1,0,0,0,0,2,5.42873E+20,5.60215E+21,9.60541E+15,5.05697E+16
27498,6,6,35,3,2018,1,13,1,3,8,1,0,0,1,0,0,0,0,0,5.04566E+20,5.66273E+21,9.06523E+15,5.1116E+16
27499,6,4,39,15,2018,1,17,4,3,6,2,2,0,1,1,0,0,0,1,4.43692E+20,5.55793E+21,8.2115E+15,5.01709E+16
27500,6,4,35,14,2018,2,0,7,2,8,1,2,0,1,0,0,0,0,1,4.92198E+20,5.55845E+21,8.89074E+15,5.01782E+16
27501,6,4,33,7,2018,2,13,4,3,8,1,0,0,1,0,0,0,0,0,4.67586E+20,5.54642E+21,8.54707E+15,5.00691E+16
27502,6,6,35,20,2018,1,11,1,3,5,3,0,0,1,0,1,0,0,0,5.08364E+20,5.69562E+21,9.12026E+15,5.14117E+16
27503,6,6,11,0,2018,1,15,3,3,0,6,0,0,1,0,1,0,0,0,5.36023E+20,5.68369E+21,9.51675E+15,5.13034E+16
27504,6,6,33,28,2018,1,6,1,3,8,1,2,0,1,0,0,0,0,0,5.1296E+20,5.68533E+21,9.18598E+15,5.13191E+16