OBJECTID_1,ULAND,UREGBEZ,UKREIS,UGEMEINDE,UJAHR,UMONAT,USTUNDE,UWOCHENTAG,UKATEGORIE,UART,UTYP1,ULICHTVERH,IstRad,IstPKW,IstFuss,IstKrad,IstGkfz,IstSonstig,STRZUSTAND,LINREFX,LINREFY,XGCSWGS84,YGCSWGS84
27505,6,6,31,3,2018,2,19,6,3,5,3,2,0,1,0,0,0,0,0,5.55693E+20,5.59902E+21,9.78596E+15,5.05405E+16
27506,6,5,31,5,2018,2,18,3,3,5,2,2,0,1,0,0,0,0,1,4.78004E+20,5.60229E+21,8.68938E+15,5.05721E+16
27507,6,6,11,0,2018,1,4,1,3,8,1,2,0,1,0,0,0,0,0,5.28934E+20,5.68097E+21,9.41484E+15,5.12793E+16
27508,6,4,35,14,2018,1,18,5,3,0,3,2,0,1,0,1,0,0,1,4.91739E+20,5.55817E+21,8.88431E+15,5.01757E+16
27509,6,4,32,18,2018,2,6,2,2,2,6,1,0,1,0,0,0,0,0,4.69448E+20,5.51737E+21,8.57538E+15,4.9808E+16
27510,6,6,34,5,2018,1,17,1,3,5,3,2,0,1,0,0,0,0,0,5.18943E+20,5.66171E+21,9.27057E+15,5.11066E+16
27511,6,4,14,0,2018,2,9,5,3,2,6,0,0,1,0,0,0,1,0,4.54923E+20,5.547E+21,8.37005E+15,5.00736E+16
27512,6,5,35,17,2018,2,20,1,2,9,1,2,0,1,0,0,0,0,2,5.20353E+20,5.61232E+21,9.28797E+15,5.06624E+16
27513,6,6,11,0,2018,1,13,3,3,6,4,0,0,1,1,0,0,0,0,5.33902E+20,5.68517E+21,9.48647E+15,5.13168E+16
27514,6,4,39,12,2018,1,21,1,3,2,6,2,0,1,0,0,0,0,0,4.27312E+20,5.53782E+21,7.98599E+15,4.99883E+16
27515,6,5,34,14,2018,1,18,4,3,5,3,2,1,1,0,0,0,0,1,4.83948E+20,5.6287E+21,8.77216E+15,5.08098E+16
27516,6,4,31,11,2018,2,19,5,3,6,7,2,0,1,1,0,0,0,0,4.73999E+20,5.49932E+21,8.63984E+15,4.96459E+16
27517,6,5,32,15,2018,2,15,2,3,2,2,0,0,1,0,0,0,0,0,4.69292E+20,5.60196E+21,8.56638E+15,5.05688E+16
27518,6,4,35,16,2018,1,18,1,3,8,1,2,0,1,0,0,0,0,0,5.3489E+20,5.56296E+21,9.48905E+15,5.02178E+16
27519,6,5,31,4,2018,2,7,5,3,5,3,2,0,1,0,0,0,0,1,4.84663E+20,5.59917E+21,8.78354E+15,5.05443E+16
27520,6,4,40,4,2018,2,10,1,3,8,1,0,0,1,0,0,0,0,1,5.14356E+20,5.57599E+21,9.20173E+15,5.03358E+16
27521,6,4,40,19,2018,1,12,1,2,5,2,0,0,1,0,0,0,0,1,5.02798E+20,5.57671E+21,9.03933E+15,5.03425E+16
27522,6,4,32,20,2018,1,18,4,2,6,4,2,0,1,1,0,0,0,1,4.81599E+20,5.52335E+21,8.74398E+15,4.98623E+16
27523,6,4,35,23,2018,2,15,6,3,2,6,0,0,1,0,0,0,0,0,5.01499E+20,5.55478E+21,9.02098E+15,5.01452E+16
27524,6,5,35,14,2018,2,5,4,3,3,6,2,0,1,0,0,1,0,0,5.1197E+20,5.61782E+21,9.16954E+15,5.07121E+16
27525,6,4,37,3,2018,1,18,1,2,4,6,2,0,1,0,0,0,0,1,4.89553E+20,5.51513E+21,8.85486E+15,4.97885E+16
27526,6,4,14,0,2018,1,18,3,3,5,3,2,0,0,0,0,0,1,0,4.4757E+20,5.54156E+21,8.26805E+15,5.00241E+16
27527,6,4,32,11,2018,1,13,1,3,2,6,0,0,1,0,0,0,0,0,4.87078E+20,5.52593E+21,8.82011E+15,4.98856E+16
27528,6,4,35,14,2018,2,13,6,2,2,6,0,0,1,0,0,1,0,1,4.98075E+20,5.55321E+21,8.97307E+15,5.01311E+16
27529,6,4,35,14,2018,2,16,2,3,2,6,0,0,1,0,0,0,0,0,4.9538E+20,5.55446E+21,8.93535E+15,5.01424E+16
27530,6,4,31,2,2018,1,14,1,3,5,3,0,0,1,0,0,0,0,0,4.71448E+20,5.50753E+21,8.6039E+15,4.97196E+16
27531,6,6,33,15,2018,2,15,1,2,4,6,0,0,1,0,0,0,0,1,5.42272E+20,5.68096E+21,9.60607E+15,5.12784E+16
27532,6,4,33,4,2018,1,9,1,2,4,1,0,0,1,0,0,0,0,1,4.65663E+20,5.51124E+21,8.52332E+15,4.97526E+16
27533,6,6,32,2,2018,1,9,4,3,2,6,0,0,1,0,0,0,0,1,5.51374E+20,5.63492E+21,9.73E+15,5.08637E+16
27534,6,4,39,11,2018,2,7,1,3,8,1,0,0,1,0,0,0,0,2,4.50261E+20,5.5566E+21,8.30366E+15,5.01595E+16
27535,6,4,14,0,2018,1,8,3,3,2,6,0,0,1,0,1,0,0,1,4.48378E+20,5.53997E+21,8.27955E+15,5.00098E+16
27536,6,4,40,14,2018,1,18,1,3,8,6,2,0,1,0,0,1,0,0,4.99328E+20,5.56687E+21,8.99058E+15,5.0254E+16
27537,6,5,31,15,2018,1,7,4,3,9,1,0,0,1,0,0,0,0,1,4.89648E+20,5.61262E+21,8.85353E+15,5.06654E+16
27538,6,4,11,0,2018,2,8,6,3,5,3,0,0,1,0,0,0,0,0,4.7427E+20,5.52455E+21,8.64192E+15,4.98728E+16
27539,6,4,36,3,2018,2,9,3,3,5,3,0,0,1,0,0,0,0,0,4.68958E+20,5.55398E+21,8.56561E+15,5.01372E+16
27540,6,4,35,3,2018,1,18,1,3,3,6,2,0,1,0,0,0,0,0,5.2005E+20,5.56417E+21,9.28111E+15,5.02294E+16
27541,6,4,14,0,2018,1,18,3,3,5,3,2,0,1,0,1,0,0,0,4.42503E+20,5.54443E+21,8.19689E+15,5.00494E+16
27542,6,4,31,16,2018,1,11,1,3,3,6,0,0,1,0,0,0,0,1,4.67727E+20,5.49901E+21,8.55298E+15,4.96428E+16
27543,6,6,11,0,2018,2,21,5,3,5,3,2,1,1,0,0,0,0,1,5.35653E+20,5.68052E+21,9.51113E+15,5.12749E+16
27544,6,6,34,22,2018,2,18,2,3,2,6,1,0,1,0,0,0,0,0,5.16128E+20,5.6412E+21,9.22946E+15,5.09222E+16
27545,6,4,35,17,2018,1,18,7,3,5,1,2,0,1,0,0,0,0,0,5.03166E+20,5.5582E+21,9.04433E+15,5.0176E+16
27546,6,5,33,9,2018,2,15,6,3,2,6,0,0,1,0,0,0,0,1,4.33152E+20,5.58201E+21,8.05967E+15,5.03863E+16
27547,6,5,31,5,2018,2,20,4,3,9,1,2,0,1,0,0,0,0,1,4.78754E+20,5.60167E+21,8.70001E+15,5.05666E+16
27548,6,6,36,12,2018,1,10,7,3,8,1,0,0,1,0,0,0,0,1,5.59928E+20,5.66401E+21,9.85634E+15,5.11244E+16
27549,6,6,35,15,2018,1,13,7,3,9,1,0,0,1,0,0,0,0,0,4.89001E+20,5.67499E+21,8.84249E+15,5.12262E+16
27550,6,5,31,3,2018,2,15,5,3,2,6,0,0,1,0,0,0,0,0,4.82895E+20,5.60738E+21,8.75821E+15,5.0618E+16
27551,6,4,14,0,2018,2,11,2,3,3,6,0,0,1,0,0,0,0,0,4.45377E+20,5.54755E+21,8.23659E+15,5.00777E+16
27552,6,6,11,0,2018,1,12,7,3,2,6,0,0,1,0,0,0,1,1,5.34986E+20,5.68207E+21,9.50171E+15,5.12889E+16
27553,6,4,12,0,2018,2,5,1,3,6,3,2,0,1,1,0,0,0,1,4.79326E+20,5.55232E+21,8.71079E+15,5.01228E+16
27554,6,6,11,0,2018,1,19,7,3,5,2,2,0,1,0,0,0,0,0,5.3314E+20,5.68834E+21,9.47583E+15,5.13454E+16
27555,6,4,36,1,2018,1,9,4,3,1,3,0,1,1,0,0,0,0,1,4.64729E+20,5.55424E+21,8.50642E+15,5.01393E+16
27556,6,6,35,18,2018,2,17,7,3,2,6,2,0,1,0,0,0,0,1,4.97266E+20,5.68735E+21,8.96076E+15,5.13375E+16
27557,6,6,33,29,2018,2,13,4,3,8,1,0,0,1,0,0,0,0,0,5.19468E+20,5.69506E+21,9.2799E+15,5.14064E+16
27558,6,4,14,0,2018,1,7,3,3,6,4,1,1,0,1,0,0,0,0,4.46967E+20,5.5495E+21,8.25854E+15,5.00954E+16
27559,6,4,13,0,2018,1,19,7,3,2,6,2,0,1,0,0,0,0,0,4.86206E+20,5.55131E+21,8.80707E+15,5.01138E+16
27560,6,6,31,8,2018,1,7,4,3,3,7,0,0,1,0,0,0,0,1,5.40919E+20,5.58547E+21,9.57599E+15,5.04198E+16
27561,6,4,39,1,2018,2,7,6,3,4,6,0,0,1,0,0,0,0,2,4.3476E+20,5.56603E+21,8.08506E+15,5.02428E+16
27562,6,4,38,2,2018,2,7,3,3,6,4,0,0,1,1,0,0,0,0,4.78444E+20,5.53963E+21,8.69917E+15,5.00086E+16
27563,6,4,11,0,2018,1,18,7,3,4,3,2,0,1,0,0,0,0,0,4.7445E+20,5.52445E+21,8.64443E+15,4.98719E+16
27564,6,4,11,0,2018,1,2,7,3,0,1,2,1,0,0,0,0,0,0,4.75359E+20,5.52443E+21,8.65708E+15,4.98718E+16
27565,6,4,12,0,2018,2,14,5,3,2,6,0,0,1,0,0,0,0,0,4.82966E+20,5.55156E+21,8.76175E+15,5.0116E+16
27566,6,4,38,2,2018,2,13,2,3,2,6,0,0,1,0,0,0,0,0,4.8113E+20,5.5393E+21,8.73667E+15,5.00057E+16
27567,6,6,35,2,2018,1,6,7,2,8,1,2,0,1,0,0,0,0,1,4.98704E+20,5.69288E+21,8.98137E+15,5.13871E+16
27568,6,4,32,5,2018,2,15,5,3,9,1,0,0,0,0,0,0,1,0,4.87997E+20,5.53274E+21,8.8327E+15,4.99469E+16
27569,6,4,40,5,2018,2,17,1,3,8,1,0,0,0,0,0,0,1,2,4.75221E+20,5.58486E+21,8.65123E+15,5.04152E+16
27570,6,4,39,5,2018,1,13,7,3,2,6,0,0,1,0,0,0,0,0,4.23959E+20,5.56233E+21,7.93435E+15,5.02082E+16
27571,6,4,32,23,2018,1,22,4,3,8,1,2,0,1,0,0,0,0,1,4.72249E+20,5.52873E+21,8.6135E+15,4.99103E+16
27572,6,6,35,13,2018,2,15,1,2,9,1,0,0,1,0,0,0,0,2,4.90657E+20,5.6546E+21,8.86673E+15,5.10429E+16
27573,6,4,35,19,2018,1,15,7,3,5,3,0,1,1,0,0,0,0,0,4.89632E+20,5.55719E+21,8.85483E+15,5.01668E+16
27574,6,4,12,0,2018,1,12,4,3,6,1,0,0,0,1,1,0,0,1,4.76331E+20,5.54973E+21,8.66905E+15,5.00993E+16
27575,6,4,11,0,2018,2,12,7,3,2,6,0,0,1,0,0,0,0,0,4.7461E+20,5.5227E+21,8.64678E+15,4.98562E+16
27576,6,4,39,5,2018,2,14,4,3,1,3,0,0,1,0,0,0,0,0,4.2639E+20,5.55984E+21,7.9689E+15,5.01861E+16
27577,6,4,34,3,2018,1,12,7,3,1,5,0,0,1,0,0,0,0,0,4.57445E+20,5.56261E+21,8.40355E+15,5.02142E+16
27578,6,4,14,0,2018,1,15,3,2,4,6,0,0,1,0,0,0,0,0,4.40588E+20,5.5526E+21,8.16888E+15,5.01227E+16
27579,6,5,33,12,2018,1,8,7,3,9,1,0,0,1,0,0,0,0,2,4.44001E+20,5.59449E+21,8.21041E+15,5.04997E+16
27580,6,4,36,2,2018,2,17,6,3,8,1,2,0,1,0,0,0,0,1,4.55384E+20,5.55612E+21,8.37544E+15,5.01556E+16
27581,6,4,31,7,2018,2,14,3,3,0,4,0,0,1,1,0,0,0,0,4.83194E+20,5.50167E+21,8.7671E+15,4.96673E+16
27582,6,4,36,7,2018,1,16,7,2,2,6,1,1,1,0,0,0,0,0,4.57591E+20,5.54958E+21,8.40705E+15,5.0097E+16
27583,6,4,34,1,2018,2,8,5,3,2,6,0,0,1,0,0,0,1,1,4.70884E+20,5.56559E+21,8.59168E+15,5.02418E+16
27584,6,4,32,18,2018,2,7,2,3,2,6,1,0,1,0,0,0,0,1,4.68136E+20,5.51659E+21,8.55721E+15,4.98009E+16
27585,6,4,31,17,2018,1,12,7,3,5,7,0,1,1,0,0,0,0,1,4.80987E+20,5.49393E+21,8.73689E+15,4.95977E+16
27586,6,5,32,23,2018,2,16,5,3,5,3,0,0,1,0,0,0,0,0,4.64273E+20,5.60072E+21,8.49563E+15,5.05573E+16
27587,6,4,31,4,2018,1,15,7,2,2,6,0,0,1,0,0,0,0,0,4.78755E+20,5.49143E+21,8.70614E+15,4.9575E+16
27588,6,4,40,3,2018,1,10,4,2,4,6,0,0,1,0,0,1,0,1,4.81159E+20,5.56171E+21,8.73597E+15,5.02072E+16
27589,6,6,31,8,2018,2,7,7,3,8,1,1,0,1,0,0,0,0,1,5.41521E+20,5.58611E+21,9.58454E+15,5.04256E+16
27590,6,5,31,5,2018,2,13,4,3,2,6,0,0,1,0,0,0,0,0,4.79278E+20,5.60286E+21,8.70733E+15,5.05772E+16
27591,6,4,35,10,2018,1,0,7,3,5,2,2,0,1,0,0,0,0,1,5.13002E+20,5.55988E+21,9.18215E+15,5.0191E+16
27592,6,4,36,3,2018,1,15,3,3,2,6,0,0,1,0,0,0,0,0,4.67669E+20,5.55578E+21,8.54743E+15,5.01533E+16
27593,6,4,32,15,2018,1,14,7,3,2,6,0,0,1,0,0,0,0,1,4.88818E+20,5.53126E+21,8.84419E+15,4.99336E+16
27594,6,4,12,0,2018,2,9,6,2,5,2,0,0,1,0,0,0,0,1,4.825E+20,5.55456E+21,8.75509E+15,5.01431E+16
27595,6,4,12,0,2018,2,17,3,3,2,6,2,0,1,0,0,0,0,0,4.67731E+20,5.55218E+21,8.5486E+15,5.0121E+16
27596,6,4,32,2,2018,1,9,7,3,9,1,0,0,1,0,0,0,0,1,4.97081E+20,5.53199E+21,8.95932E+15,4.99403E+16
27597,6,4,38,1,2018,2,18,7,3,4,6,2,0,1,0,0,0,0,1,4.858E+20,5.54008E+21,8.80181E+15,5.00129E+16
27598,6,4,40,16,2018,2,18,4,3,2,6,1,0,1,0,0,0,0,0,5.00332E+20,5.58308E+21,9.00468E+15,5.03997E+16
27599,6,4,32,20,2018,1,19,7,3,3,6,2,0,1,0,0,0,0,0,4.84785E+20,5.52477E+21,8.78825E+15,4.98752E+16
27600,6,4,12,0,2018,1,20,3,3,8,1,2,0,1,0,0,0,0,0,4.65787E+20,5.54957E+21,8.52164E+15,5.00974E+16
27601,6,5,32,23,2018,1,13,7,2,8,7,0,0,1,0,0,0,0,0,4.64077E+20,5.60008E+21,8.49293E+15,5.05515E+16
27602,6,4,33,11,2018,2,5,6,3,8,1,2,0,1,0,0,0,0,2,4.65272E+20,5.52275E+21,8.51687E+15,4.98562E+16
27603,6,6,31,8,2018,2,5,3,2,4,7,2,0,1,0,1,0,0,1,5.40748E+20,5.58534E+21,9.57357E+15,5.04186E+16
27604,6,4,35,14,2018,1,18,7,2,2,6,2,0,1,0,1,0,0,0,4.95809E+20,5.55111E+21,8.94139E+15,5.01122E+16
27605,6,4,40,15,2018,2,7,5,3,3,1,0,0,1,0,1,0,0,0,4.81134E+20,5.58954E+21,8.73423E+15,5.04576E+16
27606,6,4,35,14,2018,2,14,2,3,5,3,0,0,1,0,0,0,0,0,4.93818E+20,5.55009E+21,8.91356E+15,5.0103E+16
27607,6,4,38,11,2018,1,21,7,3,2,6,2,0,1,0,0,0,0,0,4.9241E+20,5.54099E+21,8.89405E+15,5.00212E+16
27608,6,4,38,10,2018,2,7,5,3,2,6,1,0,1,0,0,0,1,0,4.92181E+20,5.54605E+21,8.89075E+15,5.00667E+16
27609,6,4,31,5,2018,2,4,1,3,9,1,2,0,1,0,0,0,0,0,4.60772E+20,5.50088E+21,8.45646E+15,4.96592E+16
27610,6,4,12,0,2018,1,13,3,2,2,6,0,0,1,0,0,0,0,0,4.77329E+20,5.55691E+21,8.68259E+15,5.0164E+16
27611,6,4,38,11,2018,1,21,7,3,8,1,2,0,1,0,0,0,0,0,4.92449E+20,5.54077E+21,8.89459E+15,5.00192E+16
27612,6,4,40,17,2018,1,13,4,2,4,6,0,0,1,0,0,0,0,0,4.91037E+20,5.57083E+21,8.87418E+15,5.02895E+16
27613,6,6,35,16,2018,2,7,6,3,8,1,1,0,1,0,0,0,0,2,4.85583E+20,5.66975E+21,8.79374E+15,5.1179E+16
27614,6,4,36,7,2018,2,16,4,3,3,6,1,0,1,0,0,1,0,0,4.55799E+20,5.54575E+21,8.38244E+15,5.00624E+16
27615,6,4,14,0,2018,1,19,7,3,3,6,2,0,1,0,0,1,0,1,4.53344E+20,5.55055E+21,8.34756E+15,5.01054E+16
27616,6,4,12,0,2018,1,16,3,3,5,3,0,0,1,0,0,0,0,0,4.7564E+20,5.55589E+21,8.659E+15,5.01547E+16
27617,6,4,31,20,2018,1,20,7,2,3,6,2,0,1,0,0,0,0,0,4.68108E+20,5.48722E+21,8.55921E+15,4.95368E+16
27618,6,4,14,0,2018,1,7,4,3,2,6,1,0,1,0,0,0,0,0,4.43689E+20,5.54478E+21,8.2134E+15,5.00527E+16
27619,6,4,13,0,2018,2,14,6,3,2,6,0,0,1,0,0,0,0,1,4.80287E+20,5.54584E+21,8.72457E+15,5.00645E+16
27620,6,6,11,0,2018,2,11,2,3,6,4,0,0,1,1,0,0,0,0,5.34196E+20,5.68739E+21,9.4909E+15,5.13367E+16
27621,6,5,31,13,2018,1,11,6,2,5,3,0,0,1,0,0,0,1,1,4.8002E+20,5.61214E+21,8.71732E+15,5.06608E+16
27622,6,6,11,0,2018,2,14,1,3,2,6,0,0,1,0,0,0,0,1,5.35842E+20,5.68565E+21,9.51436E+15,5.1321E+16
27623,6,6,36,14,2018,1,23,6,2,6,4,2,0,1,1,0,0,0,0,5.69728E+20,5.66696E+21,9.99693E+15,5.11499E+16
27624,6,4,14,0,2018,1,17,4,3,5,2,2,0,1,0,1,0,0,1,4.47568E+20,5.54157E+21,8.26802E+15,5.00241E+16
27625,6,5,31,14,2018,2,5,1,2,8,1,2,0,1,0,0,0,0,1,4.78051E+20,5.5927E+21,8.6906E+15,5.04859E+16
27626,6,4,12,0,2018,1,22,3,3,0,6,2,0,1,0,1,0,0,0,4.71664E+20,5.54837E+21,8.6039E+15,5.00869E+16
27627,6,5,31,12,2018,2,13,2,3,2,6,0,0,1,0,0,0,0,0,4.76604E+20,5.59596E+21,8.67E+15,5.05151E+16
27628,6,6,32,2,2018,1,16,6,3,3,6,0,0,1,0,0,1,0,1,5.50778E+20,5.635E+21,9.72155E+15,5.08644E+16
27629,6,5,31,14,2018,2,9,5,3,2,6,0,0,1,0,0,0,0,0,4.79607E+20,5.59189E+21,8.71259E+15,5.04786E+16
27630,6,4,35,14,2018,2,20,1,3,5,2,2,0,1,0,0,0,0,1,4.93207E+20,5.55866E+21,8.90485E+15,5.01801E+16
27631,6,4,12,0,2018,1,16,3,3,3,2,0,1,1,0,0,0,0,0,4.77398E+20,5.55332E+21,8.68376E+15,5.01317E+16
27632,6,6,11,0,2018,1,9,6,3,2,6,0,0,1,0,0,0,0,1,5.36649E+20,5.68446E+21,9.5258E+15,5.13103E+16
27633,6,5,34,21,2018,1,9,4,2,4,6,0,0,1,0,0,0,0,1,4.82078E+20,5.6402E+21,8.74506E+15,5.09132E+16
27634,6,6,11,0,2018,2,12,6,3,2,6,0,0,1,0,0,0,0,1,5.3473E+20,5.68672E+21,9.49849E+15,5.13307E+16
27635,6,5,35,4,2018,2,19,3,2,8,1,2,0,1,0,0,0,0,0,5.27333E+20,5.59061E+21,9.38513E+15,5.04669E+16
27636,6,4,14,0,2018,1,23,6,3,5,3,2,0,1,0,0,0,1,1,4.45825E+20,5.5449E+21,8.24322E+15,5.0054E+16
27637,6,4,12,0,2018,1,11,3,3,5,2,0,1,1,0,0,0,0,0,4.7743E+20,5.55331E+21,8.68421E+15,5.01316E+16
27638,6,4,14,0,2018,1,18,6,3,5,2,2,1,1,0,0,0,0,0,4.42861E+20,5.54424E+21,8.20193E+15,5.00477E+16
27639,6,5,33,6,2018,2,6,5,3,8,1,2,0,1,0,0,0,0,2,4.29265E+20,5.58371E+21,8.00469E+15,5.04011E+16
27640,6,4,12,0,2018,2,16,2,2,6,4,0,0,1,1,0,0,0,0,4.78004E+20,5.55469E+21,8.69216E+15,5.0144E+16
27641,6,4,14,0,2018,1,18,6,2,2,6,2,0,1,0,0,0,0,0,4.46716E+20,5.54708E+21,8.25537E+15,5.00736E+16
27642,6,6,31,8,2018,1,6,4,2,2,6,2,0,1,0,0,1,0,1,5.41054E+20,5.58562E+21,9.57791E+15,5.04211E+16
27643,6,4,11,0,2018,2,10,1,3,8,1,0,0,1,0,0,0,0,1,4.77776E+20,5.5238E+21,8.69076E+15,4.98662E+16
27644,6,4,36,3,2018,1,11,6,3,2,6,0,0,1,0,0,0,0,1,4.6847E+20,5.55389E+21,8.5588E+15,5.01364E+16
27645,6,4,12,0,2018,1,15,4,3,0,7,0,1,0,0,0,0,0,1,4.6792E+20,5.55045E+21,8.5514E+15,5.01054E+16
27646,6,6,11,0,2018,2,11,7,3,2,6,0,0,1,0,0,0,0,0,5.38198E+20,5.68429E+21,9.54801E+15,5.13086E+16
27647,6,6,34,7,2018,2,19,4,3,5,3,2,0,1,0,0,0,0,0,5.25835E+20,5.67033E+21,9.36964E+15,5.11838E+16
27648,6,4,11,0,2018,1,11,3,3,5,3,0,0,1,0,0,0,0,0,4.73624E+20,5.52627E+21,8.63282E+15,4.98883E+16
27649,6,4,12,0,2018,1,17,6,3,5,3,2,0,1,0,1,0,0,1,4.68956E+20,5.55249E+21,8.56572E+15,5.01238E+16
27650,6,4,38,2,2018,2,1,6,2,8,1,2,0,0,0,0,1,0,2,4.80978E+20,5.53659E+21,8.73467E+15,4.99814E+16
27651,6,5,33,13,2018,2,7,3,3,4,6,1,0,1,0,0,0,1,1,4.43528E+20,5.58884E+21,8.20459E+15,5.04489E+16
27652,6,4,11,0,2018,1,8,6,3,5,3,0,1,1,0,0,0,0,1,4.75563E+20,5.52484E+21,8.6599E+15,4.98755E+16
27653,6,4,37,6,2018,1,19,3,3,2,6,2,0,1,0,0,0,0,0,4.99518E+20,5.49977E+21,8.99332E+15,4.96504E+16
27654,6,6,34,21,2018,1,12,6,3,8,1,0,0,1,0,0,0,0,0,5.19277E+20,5.62993E+21,9.27366E+15,5.08207E+16
27655,6,4,35,17,2018,1,6,4,3,2,6,2,0,1,0,0,0,0,1,5.04323E+20,5.55848E+21,9.06055E+15,5.01785E+16
27656,6,6,33,4,2018,2,8,6,2,5,2,0,0,1,0,0,0,0,1,5.16931E+20,5.69987E+21,9.24365E+15,5.14497E+16
27657,6,4,11,0,2018,2,8,3,3,0,7,0,1,0,0,0,0,0,1,4.75252E+20,5.52384E+21,8.65563E+15,4.98665E+16
27658,6,6,34,22,2018,1,17,6,2,5,3,0,1,1,0,0,0,0,0,5.14045E+20,5.64089E+21,9.19982E+15,5.09195E+16
27659,6,4,37,13,2018,1,15,3,3,9,1,0,0,1,0,0,0,0,1,4.89762E+20,5.50595E+21,8.858E+15,4.9706E+16
27660,6,6,33,28,2018,1,12,6,3,4,6,0,0,1,0,0,0,0,0,5.10596E+20,5.68443E+21,9.15202E+15,5.1311E+16
27661,6,4,14,0,2018,2,7,5,3,6,3,1,0,1,1,0,0,0,1,4.45442E+20,5.54687E+21,8.2376E+15,5.00716E+16
27662,6,4,39,3,2018,2,14,2,3,5,3,0,0,1,0,0,0,0,0,4.36131E+20,5.54223E+21,8.10827E+15,5.0029E+16
27663,6,6,11,0,2018,1,18,6,2,5,3,2,1,1,0,0,0,0,0,5.31531E+20,5.68287E+21,9.45224E+15,5.12963E+16
27664,6,4,34,12,2018,2,8,1,3,9,7,0,0,1,0,0,0,0,2,4.69178E+20,5.57028E+21,8.56737E+15,5.02838E+16
27665,6,6,32,18,2018,1,12,6,3,5,3,0,1,1,0,0,0,0,0,5.50486E+20,5.6501E+21,9.7195E+15,5.10002E+16
27666,6,4,12,0,2018,1,17,4,3,2,6,2,0,1,0,0,0,0,1,4.79419E+20,5.55107E+21,8.71216E+15,5.01116E+16
27667,6,6,33,200,2018,2,16,7,3,4,6,0,0,1,0,0,0,0,0,5.37476E+20,5.69764E+21,9.53906E+15,5.14288E+16
27668,6,4,34,8,2018,2,15,4,3,2,6,0,0,1,0,0,0,0,0,4.7156E+20,5.55945E+21,8.60163E+15,5.01866E+16
27669,6,4,38,2,2018,1,10,6,3,2,6,0,0,1,0,0,0,1,1,4.83222E+20,5.54256E+21,8.76572E+15,5.00351E+16
27670,6,6,34,14,2018,1,10,3,2,8,1,0,0,1,0,0,0,0,0,5.34924E+20,5.66396E+21,9.49906E+15,5.1126E+16
27671,6,4,38,6,2018,1,7,6,3,2,6,1,0,1,0,0,0,0,1,4.75101E+20,5.53866E+21,8.65258E+15,4.99998E+16
27672,6,4,40,12,2018,2,14,6,3,1,2,0,0,1,0,0,0,0,1,4.80615E+20,5.56421E+21,8.72822E+15,5.02297E+16
27673,6,5,34,7,2018,2,6,3,3,8,1,2,0,1,0,0,0,0,0,4.65513E+20,5.63295E+21,8.51013E+15,5.08472E+16
27674,6,4,38,5,2018,1,19,6,3,4,6,2,0,1,0,0,0,0,1,4.84977E+20,5.54293E+21,8.79021E+15,5.00385E+16
27675,6,5,33,18,2018,2,7,5,3,9,1,1,0,1,0,0,0,0,2,4.55091E+20,5.58571E+21,8.36781E+15,5.04217E+16
27676,6,5,34,14,2018,2,23,2,3,6,7,2,0,1,1,0,0,0,0,4.84157E+20,5.62893E+21,8.77513E+15,5.08119E+16
27677,6,4,40,19,2018,1,11,6,2,1,5,0,0,1,0,0,0,1,1,5.01772E+20,5.57676E+21,9.02491E+15,5.03429E+16
27678,6,5,31,11,2018,2,17,5,2,5,2,2,0,1,0,0,0,0,1,4.87124E+20,5.59757E+21,8.81833E+15,5.05299E+16
27679,6,6,33,13,2018,2,15,5,3,2,2,0,0,1,0,0,0,0,0,5.27133E+20,5.70333E+21,9.39072E+15,5.14805E+16
27680,6,4,35,12,2018,2,19,2,3,5,3,2,0,1,0,1,0,0,0,5.10156E+20,5.56168E+21,9.14232E+15,5.02072E+16
27681,6,4,40,11,2018,1,23,6,3,7,7,2,0,1,0,0,0,0,1,5.12589E+20,5.58454E+21,9.17718E+15,5.04128E+16
27682,6,4,31,2,2018,2,19,5,3,6,7,2,0,1,1,0,0,0,1,4.72619E+20,5.50559E+21,8.62029E+15,4.97022E+16
27683,6,5,32,7,2018,1,11,6,3,5,3,0,0,1,0,0,0,0,1,4.42376E+20,5.60953E+21,8.18516E+15,5.06348E+16
27684,6,4,11,0,2018,1,7,4,3,6,4,2,0,1,1,0,0,0,1,4.75449E+20,5.52479E+21,8.65832E+15,4.9875E+16
27685,6,5,34,21,2018,2,10,7,2,4,6,0,0,1,0,0,0,0,1,4.75013E+20,5.63692E+21,8.6448E+15,5.08834E+16
27686,6,4,32,8,2018,2,7,4,3,9,6,1,0,1,0,0,0,0,1,4.67458E+20,5.52304E+21,8.54725E+15,4.98589E+16
27687,6,5,32,20,2018,1,10,6,3,5,3,0,1,1,0,0,0,0,1,4.52736E+20,5.61073E+21,8.3315E+15,5.06465E+16
27688,6,6,34,14,2018,1,12,3,3,2,6,0,0,1,0,0,0,0,0,5.38402E+20,5.66248E+21,9.5486E+15,5.11125E+16
27689,6,5,34,19,2018,1,19,6,2,8,6,2,0,1,0,0,0,0,0,4.62193E+20,5.63164E+21,8.4631E+15,5.08352E+16
27690,6,5,34,20,2018,2,13,6,3,3,6,0,1,1,0,0,0,0,0,4.79742E+20,5.61949E+21,8.71297E+15,5.07269E+16
27691,6,5,32,3,2018,2,18,3,3,4,6,2,0,1,0,0,0,0,1,4.55764E+20,5.59735E+21,8.37591E+15,5.05265E+16
27692,6,5,35,1,2018,1,9,6,2,9,1,0,0,1,0,0,0,0,1,5.19925E+20,5.62224E+21,9.28245E+15,5.07516E+16
27693,6,4,35,14,2018,1,13,5,3,5,3,0,0,1,0,0,0,0,1,4.93839E+20,5.55301E+21,8.91381E+15,5.01293E+16
27694,6,4,32,18,2018,2,6,2,2,2,6,2,0,1,0,0,0,1,0,4.69564E+20,5.51764E+21,8.57698E+15,4.98104E+16