OBJECTID_1,ULAND,UREGBEZ,UKREIS,UGEMEINDE,UJAHR,UMONAT,USTUNDE,UWOCHENTAG,UKATEGORIE,UART,UTYP1,ULICHTVERH,IstRad,IstPKW,IstFuss,IstKrad,IstGkfz,IstSonstig,STRZUSTAND,LINREFX,LINREFY,XGCSWGS84,YGCSWGS84
27695,6,4,33,2,2018,1,12,6,3,2,6,0,0,1,0,0,0,0,1,4.55378E+20,5.53606E+21,8.37769E+15,4.99752E+16
27696,6,4,12,0,2018,2,18,5,3,2,6,2,0,1,0,0,0,0,1,4.73602E+20,5.54486E+21,8.63124E+15,5.00554E+16
27697,6,5,35,14,2018,2,16,1,3,9,1,1,0,1,0,0,0,0,1,5.13378E+20,5.61593E+21,9.18941E+15,5.06951E+16
27698,6,6,11,0,2018,1,7,3,3,5,2,2,0,1,0,0,0,0,0,5.30583E+20,5.67987E+21,9.43838E+15,5.12694E+16
27699,6,6,31,23,2018,1,15,6,2,2,2,0,1,1,0,0,0,0,0,5.7191E+20,5.61157E+21,1.00172E+16,5.06515E+16
27700,6,5,34,6,2018,1,19,4,2,6,2,2,0,1,1,0,0,0,1,4.84328E+20,5.63285E+21,8.77739E+15,5.08471E+16
27701,6,5,35,16,2018,2,15,6,3,2,6,0,0,1,0,0,0,0,1,5.08636E+20,5.5942E+21,9.12178E+15,5.04997E+16
27702,6,4,36,6,2018,2,19,4,3,8,1,2,0,1,0,0,0,0,0,4.52774E+20,5.54011E+21,8.34087E+15,5.00114E+16
27703,6,6,31,13,2018,1,11,6,2,9,1,0,0,1,0,0,0,0,1,5.61781E+20,5.60524E+21,9.8729E+15,5.05958E+16
27704,6,6,11,0,2018,1,16,3,3,3,6,0,0,1,0,0,0,0,0,5.33036E+20,5.68224E+21,9.47376E+15,5.12905E+16
27705,6,4,35,14,2018,1,7,6,3,5,3,0,0,1,0,0,0,0,0,4.93171E+20,5.55314E+21,8.90445E+15,5.01305E+16
27706,6,5,32,23,2018,1,13,6,3,2,6,0,0,1,0,0,0,0,0,4.64547E+20,5.60197E+21,8.49938E+15,5.05686E+16
27707,6,4,38,12,2018,1,13,4,3,2,6,0,0,1,0,0,0,0,0,4.867E+20,5.5362E+21,8.8145E+15,4.9978E+16
27708,6,4,40,5,2018,2,10,7,3,2,6,0,0,1,0,0,0,1,0,4.78389E+20,5.58692E+21,8.6957E+15,5.04339E+16
27709,6,4,38,11,2018,2,11,4,3,3,6,0,0,1,0,0,0,0,0,4.9209E+20,5.54516E+21,8.8895E+15,5.00587E+16
27710,6,5,35,5,2018,1,12,6,3,2,6,0,0,1,0,0,0,0,0,5.0426E+20,5.61729E+21,9.06033E+15,5.07074E+16
27711,6,4,34,8,2018,1,12,6,2,9,1,0,0,1,0,0,0,0,0,4.71761E+20,5.56208E+21,8.60424E+15,5.02102E+16
27712,6,5,31,9,2018,2,8,6,3,4,1,0,0,1,0,0,0,0,2,4.79083E+20,5.59357E+21,8.70511E+15,5.04937E+16
27713,6,5,31,14,2018,2,15,3,1,3,6,0,0,1,0,0,1,0,0,4.79516E+20,5.59194E+21,8.7113E+15,5.04791E+16
27714,6,4,12,0,2018,1,12,6,3,2,6,0,0,1,0,0,0,0,0,4.71747E+20,5.55641E+21,8.60446E+15,5.01592E+16
27715,6,6,34,4,2018,2,18,1,3,5,3,2,0,1,0,0,0,0,2,5.21781E+20,5.6465E+21,9.3102E+15,5.09697E+16
27716,6,4,14,0,2018,1,16,6,3,2,6,1,0,1,0,0,0,0,0,4.50305E+20,5.54468E+21,8.30583E+15,5.00524E+16
27717,6,6,34,4,2018,1,18,4,3,9,1,2,0,0,0,1,0,0,1,5.22701E+20,5.64918E+21,9.32348E+15,5.09937E+16
27718,6,4,12,0,2018,2,17,1,3,2,6,2,0,1,0,0,0,0,1,4.80384E+20,5.54585E+21,8.72593E+15,5.00646E+16
27719,6,4,14,0,2018,1,15,6,3,2,6,0,0,1,0,0,0,0,0,4.54307E+20,5.54804E+21,8.36133E+15,5.00828E+16
27720,6,5,32,23,2018,1,12,4,3,5,3,0,0,1,0,0,0,0,1,4.64683E+20,5.59866E+21,8.50162E+15,5.05389E+16
27721,6,4,13,0,2018,2,9,6,3,2,6,0,0,0,0,1,1,0,0,4.83516E+20,5.54867E+21,8.76956E+15,5.00901E+16
27722,6,4,13,0,2018,2,8,3,3,5,2,0,0,1,0,0,0,0,0,4.8218E+20,5.5488E+21,8.75087E+15,5.00912E+16
27723,6,4,31,16,2018,1,20,6,3,2,6,2,0,1,0,0,0,0,1,4.67956E+20,5.50207E+21,8.55591E+15,4.96703E+16
27724,6,5,31,5,2018,1,23,5,3,8,1,2,0,1,0,0,0,0,1,4.79207E+20,5.60936E+21,8.70597E+15,5.06358E+16
27725,6,6,33,20,2018,2,6,5,3,5,3,2,0,1,0,0,0,0,1,5.37941E+20,5.68532E+21,9.54444E+15,5.13179E+16
27726,6,4,32,23,2018,2,17,2,3,2,6,1,0,1,0,0,0,0,0,4.69653E+20,5.52916E+21,8.57731E+15,4.9914E+16
27727,6,6,32,2,2018,1,19,5,3,5,3,2,0,1,0,0,0,0,1,5.49262E+20,5.6353E+21,9.70005E+15,5.08673E+16
27728,6,6,33,3,2018,2,15,1,3,5,3,0,0,1,0,0,0,0,1,5.27109E+20,5.67708E+21,9.38838E+15,5.12444E+16
27729,6,6,32,2,2018,1,14,5,3,2,6,0,0,1,0,0,0,0,1,5.49319E+20,5.63547E+21,9.70088E+15,5.08688E+16
27730,6,4,40,23,2018,2,6,6,3,3,6,2,0,1,0,0,1,0,1,4.76022E+20,5.56835E+21,8.66356E+15,5.02668E+16
27731,6,4,14,0,2018,2,7,2,3,5,1,0,0,1,0,0,0,0,1,4.49279E+20,5.54452E+21,8.29152E+15,5.00508E+16
27732,6,6,33,20,2018,1,17,5,3,2,6,2,0,1,0,0,0,0,1,5.39243E+20,5.68427E+21,9.563E+15,5.13083E+16
27733,6,4,14,0,2018,2,23,1,3,9,1,2,0,1,0,0,0,0,1,4.44443E+20,5.54646E+21,8.22369E+15,5.00678E+16
27734,6,4,14,0,2018,1,18,5,1,3,6,2,0,1,0,0,0,1,1,4.49771E+20,5.54349E+21,8.29853E+15,5.00416E+16
27735,6,4,13,0,2018,1,13,4,3,2,6,0,0,1,0,0,0,1,1,4.82334E+20,5.54872E+21,8.75304E+15,5.00905E+16
27736,6,6,35,16,2018,2,2,7,2,9,1,2,0,1,0,0,0,0,2,4.87061E+20,5.6731E+21,8.81477E+15,5.12092E+16
27737,6,6,36,16,2018,1,2,5,3,9,1,2,0,1,0,0,0,0,1,5.59448E+20,5.68425E+21,9.85284E+15,5.13064E+16
27738,6,4,35,14,2018,1,18,4,3,2,6,2,0,1,0,0,0,0,1,4.96024E+20,5.55168E+21,8.94438E+15,5.01173E+16
27739,6,4,39,15,2018,2,11,6,3,1,6,0,0,1,0,0,0,0,1,4.40093E+20,5.55491E+21,8.16159E+15,5.01434E+16
27740,6,4,38,7,2018,2,17,3,2,5,3,1,0,1,0,0,0,0,1,5.01658E+20,5.54014E+21,9.02314E+15,5.00136E+16
27741,6,6,34,13,2018,1,7,5,3,7,7,1,0,1,0,0,0,0,0,5.329E+20,5.66079E+21,9.46985E+15,5.10977E+16
27742,6,6,33,5,2018,1,8,5,3,7,7,0,0,1,0,0,0,0,1,5.2488E+20,5.69731E+21,9.35786E+15,5.14264E+16
27743,6,4,12,0,2018,2,6,5,3,5,3,2,0,1,0,0,0,0,1,4.77225E+20,5.55644E+21,8.68116E+15,5.01598E+16
27744,6,4,38,13,2018,2,23,2,3,9,7,2,0,1,0,0,0,0,0,4.95219E+20,5.54129E+21,8.93325E+15,5.00239E+16
27745,6,6,33,23,2018,1,12,5,3,2,6,0,0,1,0,0,0,0,1,5.21748E+20,5.68133E+21,9.31183E+15,5.12829E+16
27746,6,4,32,4,2018,2,18,5,2,2,6,2,0,1,0,0,0,0,1,4.90122E+20,5.52836E+21,8.86243E+15,4.99075E+16
27747,6,4,35,15,2018,2,23,1,3,2,6,2,0,1,0,1,0,0,0,5.09111E+20,5.55816E+21,9.12759E+15,5.01756E+16
27748,6,4,39,8,2018,1,6,5,3,8,1,2,0,1,0,0,0,0,0,4.48552E+20,5.56189E+21,8.27902E+15,5.0207E+16
27749,6,4,32,12,2018,1,20,4,3,5,2,2,1,1,0,0,0,0,1,4.81616E+20,5.53008E+21,8.74389E+15,4.99228E+16
27750,6,4,34,1,2018,2,16,7,3,8,7,1,0,0,0,1,0,0,0,4.74981E+20,5.56206E+21,8.64937E+15,5.02102E+16
27751,6,4,40,3,2018,2,13,4,3,5,3,0,0,1,0,0,0,0,0,4.85156E+20,5.55961E+21,8.79206E+15,5.01885E+16
27752,6,4,39,8,2018,1,7,5,3,2,1,2,0,1,0,0,0,0,0,4.46134E+20,5.56263E+21,8.24503E+15,5.02134E+16
27753,6,4,12,0,2018,1,7,4,3,2,6,0,0,1,0,0,0,1,1,4.72451E+20,5.55842E+21,8.61417E+15,5.01773E+16
27754,6,4,39,15,2018,1,11,5,3,5,2,0,0,1,0,0,0,0,1,4.38793E+20,5.55456E+21,8.14345E+15,5.01401E+16
27755,6,4,12,0,2018,1,17,4,3,5,3,1,1,1,0,0,0,0,1,4.73844E+20,5.54743E+21,8.63444E+15,5.00785E+16
27756,6,4,14,0,2018,2,23,7,3,0,1,2,0,0,0,1,0,0,0,4.45664E+20,5.54389E+21,8.24112E+15,5.00448E+16
27757,6,4,39,7,2018,2,17,4,3,5,3,0,0,1,0,0,0,0,0,4.411E+20,5.56617E+21,8.17394E+15,5.02447E+16
27758,6,4,35,28,2018,1,15,5,3,5,2,0,0,1,0,0,0,0,1,5.33368E+20,5.57342E+21,9.46864E+15,5.0312E+16
27759,6,4,34,8,2018,2,23,6,3,5,2,2,0,1,0,0,0,0,1,4.70334E+20,5.56351E+21,8.58413E+15,5.02231E+16
27760,6,4,36,8,2018,2,19,3,3,2,7,2,0,1,0,0,0,0,0,4.60034E+20,5.55436E+21,8.44071E+15,5.01401E+16
27761,6,4,38,13,2018,1,6,5,3,6,4,2,0,1,1,0,0,0,0,4.98165E+20,5.54477E+21,8.97437E+15,5.00552E+16
27762,6,6,11,0,2018,2,19,5,3,5,3,2,0,1,0,0,0,0,1,5.31375E+20,5.68476E+21,9.45017E+15,5.13133E+16
27763,6,4,32,10,2018,2,10,2,1,5,3,0,0,0,0,0,1,1,1,4.9585E+20,5.5204E+21,8.94228E+15,4.9836E+16
27764,6,4,35,2,2018,1,18,5,3,6,4,1,0,1,1,0,0,0,1,5.26201E+20,5.57086E+21,9.3678E+15,5.02893E+16
27765,6,6,31,9,2018,2,14,5,3,2,6,0,0,1,0,0,0,0,0,5.48992E+20,5.59961E+21,9.69148E+15,5.05463E+16
27766,6,5,32,13,2018,1,19,5,2,5,3,2,0,1,0,0,0,1,1,4.63305E+20,5.61624E+21,8.48043E+15,5.06968E+16
27767,6,4,39,4,2018,1,22,4,3,5,2,2,0,1,0,0,0,0,1,4.25059E+20,5.53714E+21,7.9547E+15,4.99819E+16
27768,6,5,32,1,2018,2,14,7,3,6,7,0,0,1,1,0,0,0,0,4.62808E+20,5.60382E+21,8.47464E+15,5.05851E+16
27769,6,6,31,13,2018,2,11,4,3,4,6,0,0,1,0,0,0,1,0,5.59268E+20,5.60416E+21,9.83722E+15,5.05863E+16
27770,6,5,32,6,2018,1,1,5,3,8,1,2,0,1,0,0,0,0,1,4.52201E+20,5.61999E+21,8.32273E+15,5.07297E+16
27771,6,4,38,1,2018,1,9,5,3,2,6,0,0,1,0,0,0,0,1,4.8428E+20,5.54061E+21,8.78057E+15,5.00176E+16
27772,6,4,35,14,2018,2,10,6,3,6,4,0,0,1,1,0,0,0,1,4.93566E+20,5.55469E+21,8.90995E+15,5.01444E+16
27773,6,4,12,0,2018,2,13,3,2,3,6,0,0,1,0,0,1,0,0,4.71467E+20,5.54396E+21,8.60147E+15,5.00473E+16
27774,6,4,32,18,2018,1,5,5,2,9,1,2,0,1,0,0,0,0,1,4.70076E+20,5.51707E+21,8.58414E+15,4.98053E+16
27775,6,4,12,0,2018,1,20,5,3,2,2,2,0,1,0,0,0,0,1,4.81936E+20,5.55417E+21,8.74721E+15,5.01395E+16
27776,6,4,32,18,2018,2,6,2,3,2,6,2,0,1,0,0,0,0,0,4.69116E+20,5.51662E+21,8.57083E+15,4.98012E+16
27777,6,5,31,14,2018,2,9,5,3,2,6,0,0,1,0,0,0,0,0,4.79181E+20,5.59203E+21,8.70657E+15,5.04799E+16
27778,6,5,33,9,2018,2,7,2,3,5,3,0,0,1,0,0,0,0,1,4.35262E+20,5.58135E+21,8.08946E+15,5.03806E+16
27779,6,4,35,6,2018,2,10,3,3,2,6,0,0,1,0,0,0,0,0,4.94282E+20,5.55852E+21,8.91992E+15,5.01789E+16
27780,6,6,33,24,2018,2,6,2,3,4,1,2,0,1,0,0,0,1,2,5.40772E+20,5.67501E+21,9.58388E+15,5.1225E+16
27781,6,6,33,15,2018,2,18,2,2,4,1,1,0,1,0,0,0,0,2,5.41231E+20,5.68046E+21,9.59108E+15,5.1274E+16
27782,6,5,32,10,2018,2,9,6,3,8,1,0,0,1,0,0,0,0,2,4.4756E+20,5.60523E+21,8.25907E+15,5.05966E+16
27783,6,6,33,20,2018,2,18,2,3,8,1,2,0,1,0,0,0,0,2,5.41807E+20,5.68415E+21,9.59977E+15,5.13071E+16
27784,6,6,11,0,2018,2,9,2,3,1,5,0,0,1,0,0,0,0,1,5.35151E+20,5.68673E+21,9.50454E+15,5.13308E+16
27785,6,4,39,5,2018,2,5,5,3,8,1,2,0,1,0,0,0,0,1,4.2935E+20,5.5601E+21,8.0103E+15,5.01888E+16
27786,6,6,11,0,2018,2,18,2,2,5,3,2,1,1,0,0,0,0,2,5.32327E+20,5.68533E+21,9.46388E+15,5.13184E+16
27787,6,5,33,13,2018,2,8,4,2,8,1,0,0,1,0,0,0,0,2,4.45522E+20,5.58854E+21,8.23272E+15,5.04463E+16
27788,6,4,14,0,2018,2,8,2,3,5,2,0,0,1,0,0,0,0,1,4.52899E+20,5.54494E+21,8.34203E+15,5.00549E+16
27789,6,4,14,0,2018,2,14,2,3,6,7,0,0,0,1,0,0,1,0,4.40421E+20,5.54641E+21,8.16751E+15,5.0067E+16
27790,6,6,34,3,2018,2,12,6,3,8,1,0,0,0,0,0,0,1,1,5.33242E+20,5.66521E+21,9.47514E+15,5.11374E+16
27791,6,4,13,0,2018,2,9,2,3,5,3,0,0,1,0,0,0,0,1,4.8121E+20,5.55055E+21,8.73724E+15,5.01069E+16
27792,6,4,13,0,2018,2,1,2,3,9,1,2,0,1,0,0,0,0,2,4.84037E+20,5.54779E+21,8.77688E+15,5.00821E+16
27793,6,6,31,9,2018,2,18,5,3,5,2,2,0,1,0,0,1,0,1,5.43759E+20,5.59903E+21,9.61755E+15,5.05415E+16
27794,6,4,36,3,2018,2,17,2,3,5,3,1,0,1,0,0,0,0,0,4.68914E+20,5.55301E+21,8.56509E+15,5.01285E+16
27795,6,6,31,20,2018,2,14,6,2,2,2,0,0,1,0,0,0,0,0,5.54441E+20,5.60235E+21,9.76878E+15,5.05706E+16
27796,6,4,12,0,2018,2,12,2,3,5,3,0,0,1,0,0,0,0,1,4.67233E+20,5.54984E+21,8.54184E+15,5.00999E+16
27797,6,4,11,0,2018,2,13,2,3,2,6,0,0,1,0,0,0,0,0,4.73683E+20,5.52293E+21,8.63387E+15,4.98582E+16
27798,6,4,38,12,2018,2,10,5,3,2,6,0,0,1,0,0,0,1,1,4.83205E+20,5.53619E+21,8.76576E+15,4.99778E+16
27799,6,6,36,16,2018,2,16,3,2,6,4,0,0,1,1,0,0,0,0,5.59652E+20,5.6884E+21,9.85647E+15,5.13438E+16
27800,6,4,11,0,2018,2,16,2,3,6,7,0,0,1,1,0,0,0,0,4.74471E+20,5.52437E+21,8.64474E+15,4.98712E+16
27801,6,5,33,9,2018,2,7,4,3,2,6,1,0,1,0,0,0,0,1,4.34029E+20,5.58367E+21,8.07173E+15,5.04014E+16
27802,6,4,31,13,2018,2,11,4,3,5,2,0,0,1,0,0,0,0,0,4.61526E+20,5.49362E+21,8.46763E+15,4.9594E+16
27803,6,4,11,0,2018,2,17,2,3,6,4,0,1,0,1,0,0,0,0,4.75335E+20,5.52431E+21,8.65676E+15,4.98707E+16
27804,6,6,35,2,2018,2,16,2,2,4,1,0,0,1,0,0,1,0,2,5.05688E+20,5.68841E+21,9.08167E+15,5.13469E+16
27805,6,5,33,9,2018,2,21,5,3,1,6,2,0,1,0,0,0,0,1,4.32112E+20,5.5838E+21,8.04473E+15,5.04023E+16
27806,6,6,34,3,2018,2,9,2,3,5,3,0,0,1,0,0,0,0,1,5.3046E+20,5.66405E+21,9.43528E+15,5.11271E+16
27807,6,4,12,0,2018,2,15,5,3,9,1,0,0,1,0,0,0,0,1,4.66407E+20,5.55145E+21,8.53015E+15,5.01144E+16
27808,6,6,33,18,2018,2,22,2,1,6,7,2,0,1,1,0,0,0,1,5.11703E+20,5.67735E+21,9.16767E+15,5.12474E+16
27809,6,4,33,7,2018,2,12,4,3,2,6,0,0,0,0,0,1,0,0,4.66871E+20,5.54364E+21,8.53732E+15,5.00441E+16
27810,6,6,33,11,2018,2,7,2,3,8,1,1,0,1,0,0,0,0,2,5.24688E+20,5.68804E+21,9.35446E+15,5.13431E+16
27811,6,6,11,0,2018,2,20,2,3,2,6,2,0,1,0,0,0,0,2,5.31721E+20,5.68577E+21,9.45522E+15,5.13223E+16
27812,6,4,35,14,2018,2,14,4,3,2,6,0,0,1,0,0,0,0,0,4.92175E+20,5.55451E+21,8.89049E+15,5.01427E+16
27813,6,6,32,3,2018,2,8,2,3,9,1,0,0,1,0,0,0,0,2,5.58694E+20,5.64605E+21,9.8358E+15,5.09631E+16
27814,6,6,34,25,2018,2,8,2,2,5,3,0,0,1,0,0,1,0,1,5.25961E+20,5.66031E+21,9.37073E+15,5.10937E+16
27815,6,6,11,0,2018,2,15,5,3,5,3,0,0,1,0,0,0,0,1,5.36842E+20,5.6828E+21,9.5284E+15,5.12953E+16
27816,6,6,35,5,2018,2,21,2,3,9,1,2,0,1,0,0,0,0,2,4.76731E+20,5.65884E+21,8.66781E+15,5.10806E+16
27817,6,6,32,12,2018,2,11,4,3,4,7,0,0,1,0,0,1,0,0,5.52339E+20,5.63875E+21,9.74427E+15,5.0898E+16
27818,6,4,39,15,2018,2,8,2,3,2,6,0,0,1,0,0,0,1,1,4.44115E+20,5.55821E+21,8.21739E+15,5.01734E+16
27819,6,4,32,18,2018,2,14,4,3,2,6,0,0,1,0,0,0,0,0,4.70083E+20,5.51881E+21,8.5841E+15,4.9821E+16
27820,6,4,35,12,2018,2,16,2,3,5,3,0,0,1,0,0,0,0,0,5.10169E+20,5.56168E+21,9.1425E+15,5.02072E+16
27821,6,5,32,9,2018,2,13,2,3,7,7,0,0,1,0,0,0,1,1,4.5293E+20,5.62739E+21,8.33211E+15,5.07964E+16
27822,6,4,39,15,2018,2,6,6,3,8,1,2,0,1,0,0,0,0,1,4.35873E+20,5.5538E+21,8.10273E+15,5.0133E+16
27823,6,4,32,9,2018,2,2,2,3,9,1,2,0,1,0,0,0,0,1,4.89238E+20,5.51525E+21,8.85049E+15,4.97896E+16
27824,6,6,33,28,2018,2,12,5,3,3,6,0,0,1,0,0,0,1,1,5.1284E+20,5.69458E+21,9.18458E+15,5.14023E+16
27825,6,4,32,20,2018,2,12,2,3,5,3,0,0,1,0,0,0,0,0,4.84304E+20,5.52409E+21,8.78158E+15,4.9869E+16
27826,6,4,40,8,2018,2,12,2,3,2,6,0,0,1,0,0,0,0,0,4.81148E+20,5.57451E+21,8.73517E+15,5.03224E+16
27827,6,4,12,0,2018,2,19,5,3,3,6,2,0,1,0,0,0,0,1,4.78216E+20,5.55128E+21,8.69532E+15,5.01134E+16
27828,6,4,33,3,2018,2,14,2,3,5,3,0,0,1,0,0,0,0,0,4.6498E+20,5.52839E+21,8.51229E+15,4.99069E+16
27829,6,4,32,12,2018,2,17,4,3,5,2,1,0,1,0,0,0,0,0,4.81541E+20,5.53229E+21,8.74275E+15,4.99427E+16
27830,6,5,34,14,2018,2,7,2,2,9,1,1,0,1,0,0,0,0,2,4.83088E+20,5.62403E+21,8.76019E+15,5.07678E+16
27831,6,6,11,0,2018,2,15,4,3,5,3,0,1,1,0,0,0,0,0,5.35349E+20,5.68549E+21,9.50727E+15,5.13196E+16
27832,6,5,35,4,2018,2,19,3,3,8,1,2,0,1,0,0,0,0,1,5.28055E+20,5.58839E+21,9.39514E+15,5.04468E+16
27833,6,6,31,9,2018,2,10,2,2,5,3,0,0,1,0,0,0,0,0,5.46749E+20,5.60154E+21,9.66007E+15,5.05639E+16
27834,6,5,34,14,2018,2,13,6,3,3,6,0,0,1,0,1,0,0,0,4.84008E+20,5.62965E+21,8.77298E+15,5.08184E+16
27835,6,5,31,16,2018,2,6,2,3,8,1,2,0,1,0,0,0,0,2,4.85685E+20,5.60227E+21,8.79785E+15,5.05721E+16
27836,6,5,31,14,2018,2,9,2,2,8,1,0,0,1,0,0,0,0,1,4.78931E+20,5.59962E+21,8.70262E+15,5.05482E+16
27837,6,4,31,7,2018,2,13,5,3,8,1,0,0,1,0,0,0,0,1,4.91561E+20,5.49991E+21,8.88309E+15,4.96516E+16
27838,6,6,34,7,2018,2,22,3,3,8,1,2,0,1,0,0,0,0,2,5.29591E+20,5.66989E+21,9.42334E+15,5.11797E+16
27839,6,6,33,3,2018,2,19,2,3,8,1,2,0,1,0,0,0,0,2,5.28511E+20,5.68063E+21,9.40875E+15,5.12763E+16
27840,6,6,11,0,2018,2,13,4,3,2,6,0,0,1,0,0,0,0,0,5.34607E+20,5.68468E+21,9.49654E+15,5.13123E+16
27841,6,4,35,29,2018,2,7,4,2,5,2,1,0,1,0,0,0,0,1,5.2034E+20,5.56652E+21,9.2853E+15,5.02505E+16
27842,6,6,34,11,2018,2,21,2,3,8,1,2,0,1,0,0,0,0,2,5.36407E+20,5.64407E+21,9.51825E+15,5.09471E+16
27843,6,4,14,0,2018,2,9,3,3,2,6,0,0,1,0,0,0,0,1,4.45327E+20,5.54814E+21,8.2358E+15,5.0083E+16
27844,6,4,38,9,2018,2,11,4,3,2,6,0,0,1,0,0,0,0,0,4.78349E+20,5.54402E+21,8.69759E+15,5.00481E+16
27845,6,4,40,23,2018,2,3,2,3,8,1,2,0,1,0,0,0,0,2,4.76743E+20,5.5716E+21,8.67348E+15,5.0296E+16
27846,6,4,35,14,2018,2,14,1,3,9,1,0,0,0,0,0,0,1,1,4.96472E+20,5.55445E+21,8.95063E+15,5.01423E+16
27847,6,4,35,14,2018,2,17,6,3,5,3,0,1,1,0,0,0,0,0,4.93558E+20,5.55349E+21,8.90987E+15,5.01336E+16
27848,6,5,33,2,2018,2,19,1,2,4,6,2,0,1,0,0,0,0,1,4.40534E+20,5.57681E+21,8.16433E+15,5.03404E+16
27849,6,5,33,6,2018,2,9,1,3,9,1,0,0,1,0,0,0,0,2,4.28318E+20,5.58595E+21,7.99094E+15,5.04212E+16
27850,6,4,32,20,2018,2,11,5,3,8,6,0,0,1,0,0,0,1,1,4.81215E+20,5.52413E+21,8.73859E+15,4.98693E+16
27851,6,4,35,25,2018,2,14,3,3,0,7,0,0,1,0,0,0,0,0,5.3787E+20,5.5784E+21,9.53237E+15,5.03564E+16
27852,6,6,11,0,2018,2,22,1,3,5,3,2,0,1,0,0,0,0,1,5.35688E+20,5.68581E+21,9.51215E+15,5.13225E+16
27853,6,4,33,2,2018,2,15,4,3,2,6,0,0,1,0,0,0,0,0,4.55414E+20,5.53604E+21,8.37819E+15,4.9975E+16
27854,6,4,12,0,2018,2,4,1,3,9,1,2,0,1,0,0,0,0,0,4.75269E+20,5.54742E+21,8.65435E+15,5.00786E+16
27855,6,4,12,0,2018,2,18,1,2,6,2,2,0,1,1,0,0,0,1,4.77432E+20,5.55333E+21,8.68423E+15,5.01318E+16
27856,6,5,33,7,2018,2,9,5,3,4,1,0,0,1,0,0,0,0,1,4.35626E+20,5.58937E+21,8.09321E+15,5.04528E+16
27857,6,6,34,21,2018,2,21,1,3,8,1,2,0,1,0,0,0,0,1,5.19057E+20,5.6292E+21,9.2705E+15,5.08142E+16
27858,6,6,35,3,2018,2,16,1,2,9,1,1,0,1,0,0,0,0,1,5.14161E+20,5.66379E+21,9.20235E+15,5.11254E+16
27859,6,4,33,7,2018,2,15,6,3,2,6,0,0,1,0,0,0,0,0,4.64741E+20,5.54231E+21,8.50769E+15,5.00321E+16
27860,6,6,33,3,2018,2,23,1,2,9,1,2,0,1,0,0,0,0,2,5.29984E+20,5.67939E+21,9.42976E+15,5.12651E+16
27861,6,4,39,4,2018,2,2,1,3,9,1,2,0,1,0,0,0,0,0,4.27014E+20,5.53862E+21,7.98168E+15,4.99954E+16
27862,6,6,33,20,2018,2,17,5,2,2,6,2,0,0,0,0,1,0,1,5.39943E+20,5.68623E+21,9.57326E+15,5.1326E+16
27863,6,4,34,9,2018,2,8,1,3,2,6,0,0,1,0,0,0,0,2,4.59461E+20,5.56564E+21,8.43149E+15,5.02415E+16
27864,6,5,31,14,2018,2,12,4,3,5,2,0,0,1,0,0,0,0,0,4.80072E+20,5.59816E+21,8.71881E+15,5.0535E+16
27865,6,4,36,8,2018,2,13,1,3,5,2,0,0,1,0,0,0,0,1,4.619E+20,5.55384E+21,8.46687E+15,5.01356E+16
27866,6,4,40,2,2018,2,8,1,3,8,1,0,0,1,0,0,0,0,2,4.81964E+20,5.58253E+21,8.74625E+15,5.03945E+16
27867,6,5,35,10,2018,2,1,1,3,8,1,2,0,1,0,0,0,0,1,5.04686E+20,5.62452E+21,9.06645E+15,5.07724E+16
27868,6,4,14,0,2018,2,17,5,3,2,6,1,0,1,0,0,0,0,1,4.48481E+20,5.53988E+21,8.281E+15,5.0009E+16
27869,6,4,33,8,2018,2,11,1,2,2,6,0,0,1,0,0,0,0,1,4.70534E+20,5.53655E+21,8.58902E+15,4.99806E+16
27870,6,4,38,8,2018,2,21,3,3,1,5,2,1,1,0,0,0,0,0,4.89125E+20,5.54839E+21,8.84798E+15,5.00877E+16
27871,6,5,33,2,2018,2,12,3,3,0,7,0,0,1,0,1,0,0,0,4.39608E+20,5.57928E+21,8.15093E+15,5.03625E+16
27872,6,6,33,9,2018,2,19,4,3,2,6,2,0,0,0,0,1,1,0,5.36206E+20,5.68815E+21,9.51983E+15,5.13435E+16
27873,6,5,34,18,2018,2,18,1,3,2,6,2,0,1,0,0,0,0,1,5.00954E+20,5.62979E+21,9.01354E+15,5.08198E+16
27874,6,4,40,7,2018,2,7,4,3,3,6,0,0,1,0,0,0,0,0,4.94694E+20,5.57631E+21,8.92544E+15,5.03388E+16
27875,6,4,40,15,2018,2,13,5,3,3,6,0,0,1,0,0,1,0,1,4.80048E+20,5.58982E+21,8.71891E+15,5.046E+16
27876,6,4,35,14,2018,2,21,1,2,5,3,2,1,1,0,0,0,0,1,4.96127E+20,5.55079E+21,8.94583E+15,5.01093E+16
27877,6,4,12,0,2018,2,14,4,3,2,6,0,0,1,0,0,0,0,0,4.68171E+20,5.54442E+21,8.5554E+15,5.00512E+16
27878,6,4,35,28,2018,2,11,1,2,3,6,0,0,1,0,0,0,1,2,5.34874E+20,5.5765E+21,9.49008E+15,5.03396E+16
27879,6,6,32,8,2018,2,18,1,3,3,6,2,0,1,0,0,0,1,1,5.44582E+20,5.62191E+21,9.63193E+15,5.07473E+16
27880,6,6,35,3,2018,2,17,6,3,5,2,1,0,1,0,0,0,0,0,5.093E+20,5.66451E+21,9.13291E+15,5.11319E+16
27881,6,5,35,13,2018,2,10,1,3,9,1,0,0,1,0,0,0,0,2,5.00244E+20,5.61083E+21,9.00345E+15,5.06493E+16
27882,6,4,32,12,2018,2,18,5,3,5,2,2,0,1,0,0,0,0,1,4.80739E+20,5.53125E+21,8.73162E+15,4.99333E+16
27883,6,5,35,5,2018,2,23,1,3,9,1,2,0,1,0,0,0,0,2,5.02528E+20,5.61468E+21,9.03579E+15,5.06839E+16
27884,6,4,34,11,2018,2,3,3,3,9,7,2,0,1,0,0,0,0,2,4.62994E+20,5.57507E+21,8.48011E+15,5.03266E+16