OBJECTID_1,ULAND,UREGBEZ,UKREIS,UGEMEINDE,UJAHR,UMONAT,USTUNDE,UWOCHENTAG,UKATEGORIE,UART,UTYP1,ULICHTVERH,IstRad,IstPKW,IstFuss,IstKrad,IstGkfz,IstSonstig,STRZUSTAND,LINREFX,LINREFY,XGCSWGS84,YGCSWGS84
27885,6,6,34,19,2018,2,8,4,2,1,5,0,0,1,0,0,1,0,1,5.33827E+20,5.63155E+21,9.48037E+15,5.08346E+16
27886,6,4,36,4,2018,2,8,1,3,8,1,0,0,1,0,0,0,0,2,4.58101E+20,5.54346E+21,8.41486E+15,5.0042E+16
27887,6,4,12,0,2018,2,16,4,3,2,6,0,0,1,0,0,0,0,0,4.77646E+20,5.55648E+21,8.68704E+15,5.01601E+16
27888,6,4,31,13,2018,2,8,1,3,2,6,0,0,1,0,0,0,1,1,4.68129E+20,5.49458E+21,8.55891E+15,4.9603E+16
27889,6,6,31,9,2018,2,19,6,3,5,3,2,0,1,0,0,0,0,0,5.4851E+20,5.60018E+21,9.68475E+15,5.05515E+16
27890,6,4,35,21,2018,2,19,7,3,3,6,2,1,0,0,0,0,1,0,4.9187E+20,5.56352E+21,8.88603E+15,5.02238E+16
27891,6,4,34,8,2018,2,8,3,3,5,2,1,0,1,0,0,0,0,1,4.69522E+20,5.56237E+21,8.57283E+15,5.02127E+16
27892,6,6,11,0,2018,2,21,7,3,5,2,2,0,1,0,0,0,0,0,5.35755E+20,5.68606E+21,9.51314E+15,5.13247E+16
27893,6,6,11,0,2018,2,19,7,3,3,6,2,0,1,0,0,0,0,0,5.34761E+20,5.68659E+21,9.49892E+15,5.13295E+16
27894,6,6,11,0,2018,2,23,7,3,3,6,2,0,1,0,0,0,0,0,5.34461E+20,5.68453E+21,9.49443E+15,5.1311E+16
27895,6,4,40,18,2018,2,9,6,3,3,6,0,1,1,0,0,0,0,1,4.79586E+20,5.58196E+21,8.71283E+15,5.03894E+16
27896,6,4,14,0,2018,2,17,7,1,6,2,0,0,0,1,0,1,0,0,4.44108E+20,5.54797E+21,8.2188E+15,5.00813E+16
27897,6,4,14,0,2018,2,16,7,3,5,3,1,0,1,0,0,0,0,0,4.42954E+20,5.55053E+21,8.20228E+15,5.01043E+16
27898,6,4,39,11,2018,2,10,5,3,2,6,0,0,1,0,0,0,0,2,4.51586E+20,5.55615E+21,8.32227E+15,5.01556E+16
27899,6,4,14,0,2018,2,5,7,3,5,3,2,0,1,0,0,0,0,0,4.44885E+20,5.54787E+21,8.22967E+15,5.00805E+16
27900,6,5,33,17,2018,2,7,3,3,6,4,1,0,0,1,0,0,1,0,4.48718E+20,5.59231E+21,8.27721E+15,5.04805E+16
27901,6,4,34,4,2018,2,8,4,3,2,6,0,0,1,0,0,0,0,1,4.61652E+20,5.58114E+21,8.46064E+15,5.03811E+16
27902,6,4,14,0,2018,2,23,7,2,5,3,2,0,1,0,0,0,0,1,4.46631E+20,5.54717E+21,8.25416E+15,5.00744E+16
27903,6,4,12,0,2018,2,21,7,3,3,6,2,0,1,0,0,0,0,0,4.80799E+20,5.55189E+21,8.73141E+15,5.0119E+16
27904,6,6,34,3,2018,2,12,6,3,2,6,0,0,1,0,0,0,1,0,5.3315E+20,5.66468E+21,9.47378E+15,5.11326E+16
27905,6,4,37,16,2018,2,4,7,2,8,1,2,0,1,0,0,0,0,1,4.97555E+20,5.48417E+21,8.96623E+15,4.95101E+16
27906,6,5,33,13,2018,2,22,3,2,8,1,2,0,1,0,0,0,0,0,4.4383E+20,5.58877E+21,8.20886E+15,5.04483E+16
27907,6,6,34,26,2018,2,21,7,3,4,6,2,0,1,0,0,0,0,0,5.12373E+20,5.63511E+21,9.17583E+15,5.08675E+16
27908,6,5,34,9,2018,2,6,5,3,2,6,2,0,1,0,0,0,0,0,4.80967E+20,5.61617E+21,8.7305E+15,5.06971E+16
27909,6,6,33,29,2018,2,17,7,2,5,3,2,0,1,0,0,0,0,1,5.1991E+20,5.68563E+21,9.28573E+15,5.13216E+16
27910,6,4,35,29,2018,2,15,3,3,5,2,0,0,1,0,0,0,0,0,5.22316E+20,5.56662E+21,9.31302E+15,5.02513E+16
27911,6,4,33,11,2018,2,15,4,2,2,3,0,0,1,0,1,0,0,0,4.64209E+20,5.52174E+21,8.50216E+15,4.9847E+16
27912,6,6,33,29,2018,2,18,7,3,2,6,2,0,1,0,0,0,0,1,5.19497E+20,5.68532E+21,9.27977E+15,5.13189E+16
27913,6,5,32,6,2018,2,10,5,3,8,1,0,0,1,0,0,0,0,2,4.50908E+20,5.61841E+21,8.30462E+15,5.07154E+16
27914,6,6,11,0,2018,2,14,7,3,2,6,0,0,1,0,0,0,0,0,5.31134E+20,5.68479E+21,9.44672E+15,5.13135E+16
27915,6,4,31,13,2018,2,12,4,3,2,6,0,0,1,0,0,0,0,0,4.57857E+20,5.50083E+21,8.41608E+15,4.96586E+16
27916,6,6,32,3,2018,2,13,7,3,0,1,0,0,0,0,1,0,0,2,5.55628E+20,5.64591E+21,9.79213E+15,5.09621E+16
27917,6,6,35,10,2018,2,14,7,3,8,1,0,0,1,0,0,0,0,1,4.95148E+20,5.6566E+21,8.93076E+15,5.10609E+16
27918,6,6,34,9,2018,2,18,5,3,4,7,2,0,1,0,0,0,1,0,5.26307E+20,5.65117E+21,9.375E+15,5.10115E+16
27919,6,4,38,8,2018,2,12,7,3,5,3,0,0,1,0,0,0,0,0,4.87761E+20,5.55198E+21,8.8288E+15,5.01199E+16
27920,6,4,40,16,2018,2,18,3,3,6,2,2,0,1,1,0,0,0,0,5.00135E+20,5.58435E+21,9.00189E+15,5.04112E+16
27921,6,4,38,3,2018,2,20,7,3,2,6,2,0,1,0,0,0,0,0,4.76449E+20,5.53454E+21,8.67164E+15,4.99628E+16
27922,6,4,12,0,2018,2,17,5,3,2,6,2,0,1,0,0,0,0,1,4.71513E+20,5.55106E+21,8.60159E+15,5.01111E+16
27923,6,4,34,4,2018,2,4,7,3,9,7,2,0,1,0,0,0,0,1,4.62063E+20,5.5792E+21,8.46662E+15,5.03637E+16
27924,6,6,32,20,2018,2,16,4,3,2,7,0,0,1,0,0,1,0,0,5.6554E+20,5.64365E+21,9.93284E+15,5.09408E+16
27925,6,4,34,1,2018,2,16,7,3,8,7,0,0,1,0,0,0,0,0,4.69915E+20,5.5679E+21,8.57791E+15,5.02625E+16
27926,6,4,36,7,2018,2,12,7,2,6,4,0,0,1,1,0,0,0,0,4.58963E+20,5.55129E+21,8.42605E+15,5.01124E+16
27927,6,4,40,3,2018,2,20,7,2,5,3,2,0,1,0,0,0,0,0,4.80739E+20,5.56024E+21,8.73016E+15,5.0194E+16
27928,6,4,13,0,2018,2,18,5,2,6,4,2,0,1,1,0,0,0,1,4.85507E+20,5.55305E+21,8.79722E+15,5.01295E+16
27929,6,4,38,1,2018,2,16,7,3,2,6,1,0,1,0,0,0,0,0,4.84782E+20,5.54209E+21,8.78752E+15,5.00309E+16
27930,6,5,33,9,2018,2,10,5,3,9,1,0,0,1,0,0,0,0,2,4.32994E+20,5.58528E+21,8.05687E+15,5.04157E+16
27931,6,4,32,10,2018,2,12,7,3,8,1,0,0,1,0,0,0,0,1,4.91125E+20,5.52546E+21,8.87647E+15,4.98815E+16
27932,6,5,32,10,2018,2,11,3,3,5,3,0,0,1,0,0,0,0,1,4.4154E+20,5.60406E+21,8.1742E+15,5.05855E+16
27933,6,6,32,19,2018,2,13,4,3,2,6,0,0,1,0,0,0,0,0,5.5813E+20,5.63284E+21,9.82566E+15,5.08443E+16
27934,6,4,32,3,2018,2,1,7,3,8,1,2,0,1,0,0,0,0,0,4.71877E+20,5.51329E+21,8.60944E+15,4.97714E+16
27935,6,4,12,0,2018,2,6,4,3,9,1,2,0,1,0,0,0,0,0,4.71634E+20,5.54507E+21,8.60373E+15,5.00573E+16
27936,6,4,32,19,2018,2,10,7,3,5,3,0,0,1,0,0,0,0,1,4.85295E+20,5.52243E+21,8.79544E+15,4.98541E+16
27937,6,4,33,6,2018,2,4,7,3,5,3,2,0,1,0,0,0,0,0,4.63374E+20,5.53123E+21,8.48966E+15,4.99323E+16
27938,6,6,35,11,2018,2,9,6,2,5,3,0,0,1,0,0,1,0,1,4.87459E+20,5.65844E+21,8.82097E+15,5.10774E+16
27939,6,5,34,14,2018,2,17,7,3,2,6,1,0,1,0,0,0,0,0,4.83995E+20,5.63078E+21,8.77275E+15,5.08285E+16
27940,6,6,34,15,2018,2,7,5,3,2,6,0,0,1,0,0,0,0,0,5.42199E+20,5.65767E+21,9.60228E+15,5.1069E+16
27941,6,6,31,2,2018,2,5,7,2,4,6,2,0,1,0,0,0,0,0,5.50824E+20,5.61842E+21,9.7199E+15,5.07153E+16
27942,6,4,40,8,2018,2,10,3,3,4,6,0,0,1,0,0,0,0,0,4.85462E+20,5.57894E+21,8.79561E+15,5.03623E+16
27943,6,6,32,18,2018,2,23,4,2,6,4,2,0,0,1,0,0,1,1,5.52238E+20,5.64951E+21,9.74437E+15,5.09948E+16
27944,6,4,12,0,2018,2,18,7,2,6,4,2,0,1,1,0,0,0,0,4.75329E+20,5.55339E+21,8.65481E+15,5.01323E+16
27945,6,5,31,3,2018,2,8,6,3,9,1,1,0,1,0,0,0,0,1,4.87888E+20,5.60997E+21,8.82871E+15,5.06415E+16
27946,6,5,34,1,2018,2,9,3,3,2,2,0,0,1,0,0,0,0,1,4.95429E+20,5.62784E+21,8.93513E+15,5.08022E+16
27947,6,4,12,0,2018,2,9,4,3,5,3,0,0,1,0,0,0,0,0,4.77233E+20,5.55645E+21,8.68126E+15,5.01598E+16
27948,6,6,36,3,2018,2,18,6,3,5,3,2,0,1,0,0,0,0,0,5.73392E+20,5.67088E+21,1.00501E+16,5.11846E+16
27949,6,6,36,1,2018,2,8,3,2,2,6,0,0,1,0,0,1,1,1,5.64302E+20,5.68498E+21,9.9226E+15,5.13125E+16
27950,6,5,35,19,2018,2,15,6,3,2,6,0,0,1,0,0,0,0,1,5.33372E+20,5.60657E+21,9.47165E+15,5.06101E+16
27951,6,6,11,0,2018,2,12,6,2,5,2,0,0,1,1,0,0,0,0,5.34385E+20,5.68515E+21,9.4934E+15,5.13167E+16
27952,6,4,32,20,2018,2,15,6,3,5,2,0,0,1,0,0,0,0,0,4.83065E+20,5.52454E+21,8.76432E+15,4.98731E+16
27953,6,4,14,0,2018,2,22,6,2,6,4,2,0,1,1,0,0,0,0,4.42803E+20,5.54413E+21,8.20113E+15,5.00467E+16
27954,6,5,34,15,2018,2,11,3,3,2,2,0,0,1,0,0,0,0,0,4.79372E+20,5.64345E+21,8.70639E+15,5.09423E+16
27955,6,4,12,0,2018,2,1,6,3,5,3,2,0,1,0,0,1,1,0,4.8244E+20,5.55201E+21,8.75437E+15,5.01201E+16
27956,6,4,39,15,2018,2,8,5,3,3,6,0,0,1,0,1,0,0,2,4.40367E+20,5.55499E+21,8.16542E+15,5.01441E+16
27957,6,6,34,14,2018,2,12,6,3,1,1,0,0,1,0,0,0,0,0,5.38334E+20,5.6647E+21,9.54787E+15,5.11325E+16
27958,6,6,31,6,2018,2,14,3,2,5,3,0,0,1,0,0,0,1,0,5.4985E+20,5.59346E+21,9.70277E+15,5.0491E+16
27959,6,4,12,0,2018,2,6,3,3,5,2,2,1,1,0,0,0,0,0,4.81496E+20,5.55231E+21,8.74114E+15,5.01228E+16
27960,6,4,36,2,2018,2,15,4,3,5,3,0,0,1,0,0,0,0,0,4.5331E+20,5.55431E+21,8.34662E+15,5.01392E+16
27961,6,6,32,1,2018,2,18,6,2,5,3,2,0,1,0,0,0,0,0,5.46289E+20,5.65575E+21,9.66041E+15,5.10515E+16
27962,6,4,31,22,2018,2,16,6,3,8,1,0,0,1,0,0,0,0,1,4.69507E+20,5.50784E+21,8.57695E+15,4.97223E+16
27963,6,4,14,0,2018,2,14,6,3,2,6,0,0,1,0,0,0,0,0,4.54276E+20,5.54806E+21,8.3609E+15,5.00831E+16
27964,6,5,34,14,2018,2,16,6,3,6,7,0,0,1,1,0,0,0,0,4.83785E+20,5.62841E+21,8.76987E+15,5.08072E+16
27965,6,5,32,22,2018,2,14,3,3,5,3,0,0,1,0,0,0,0,0,4.61591E+20,5.58942E+21,8.45894E+15,5.04555E+16
27966,6,6,31,9,2018,2,6,6,3,5,3,2,0,1,0,0,0,0,1,5.48295E+20,5.59848E+21,9.6815E+15,5.05363E+16
27967,6,6,31,6,2018,2,19,6,2,1,5,2,0,1,0,1,0,0,1,5.51363E+20,5.5922E+21,9.72392E+15,5.04795E+16
27968,6,5,31,6,2018,2,0,6,3,9,1,2,0,1,0,0,0,0,2,4.98363E+20,5.60437E+21,8.97688E+15,5.05913E+16
27969,6,4,35,14,2018,2,13,3,3,0,7,0,0,0,1,0,0,1,0,4.96793E+20,5.55035E+21,8.95516E+15,5.01054E+16
27970,6,5,31,4,2018,2,6,6,3,5,2,2,0,1,0,0,0,0,1,4.84423E+20,5.59928E+21,8.78015E+15,5.05453E+16
27971,6,4,32,14,2018,2,16,5,3,8,1,1,0,1,0,0,0,0,1,4.78366E+20,5.51836E+21,8.69927E+15,4.98173E+16
27972,6,4,38,10,2018,2,17,6,3,3,6,2,0,1,0,0,0,0,0,4.92087E+20,5.54734E+21,8.88941E+15,5.00783E+16
27973,6,6,33,3,2018,2,14,3,3,2,6,0,0,1,0,0,0,0,0,5.3012E+20,5.67965E+21,9.43174E+15,5.12674E+16
27974,6,4,31,22,2018,2,15,4,3,3,6,0,1,1,0,0,0,0,0,4.71864E+20,5.50867E+21,8.60959E+15,4.97298E+16
27975,6,4,38,11,2018,2,15,6,3,2,6,0,0,1,0,0,1,0,0,4.92207E+20,5.54546E+21,8.89113E+15,5.00614E+16
27976,6,5,33,9,2018,2,16,3,3,2,6,0,0,1,0,0,1,0,0,4.36272E+20,5.57883E+21,8.1041E+15,5.03581E+16
27977,6,6,32,15,2018,2,20,6,3,9,1,2,0,1,0,0,0,0,1,5.42358E+20,5.62342E+21,9.60058E+15,5.0761E+16
27978,6,5,33,9,2018,2,9,5,3,2,1,0,0,1,0,0,0,0,2,4.34049E+20,5.58114E+21,8.07245E+15,5.03787E+16
27979,6,6,34,8,2018,2,15,6,3,2,6,0,0,1,0,0,0,0,0,5.33118E+20,5.67049E+21,9.47386E+15,5.11849E+16
27980,6,4,36,2,2018,2,7,3,3,2,6,1,0,1,0,0,0,0,0,4.52137E+20,5.55452E+21,8.33018E+15,5.0141E+16
27981,6,4,31,22,2018,2,7,5,3,2,6,1,0,1,0,0,0,0,0,4.70627E+20,5.50862E+21,8.59243E+15,4.97293E+16
27982,6,6,33,17,2018,2,0,6,3,8,1,2,0,1,0,0,0,0,0,5.36062E+20,5.67966E+21,9.5169E+15,5.12671E+16
27983,6,4,39,8,2018,2,13,3,1,2,6,0,0,1,0,0,1,0,0,4.46882E+20,5.56101E+21,8.25574E+15,5.01989E+16
27984,6,5,35,1,2018,2,18,6,3,2,6,2,0,1,0,0,0,0,0,5.28329E+20,5.62536E+21,9.40182E+15,5.07793E+16
27985,6,6,31,9,2018,2,14,5,3,8,1,0,0,1,0,0,0,0,0,5.50725E+20,5.60554E+21,9.71674E+15,5.05996E+16
27986,6,5,35,13,2018,2,16,6,3,2,6,0,0,0,0,0,0,1,0,5.0166E+20,5.61307E+21,9.0235E+15,5.06695E+16
27987,6,4,14,0,2018,2,12,3,3,2,6,0,0,1,0,0,0,0,1,4.4341E+20,5.54491E+21,8.20949E+15,5.00538E+16
27988,6,5,32,23,2018,2,12,4,3,6,7,0,0,1,1,0,0,0,0,4.64201E+20,5.60079E+21,8.4946E+15,5.05579E+16
27989,6,5,35,13,2018,2,14,6,3,2,6,0,0,1,0,0,0,0,0,5.01596E+20,5.61288E+21,9.02258E+15,5.06678E+16
27990,6,4,12,0,2018,2,19,6,3,2,6,2,0,1,0,0,0,0,0,4.72768E+20,5.54847E+21,8.61933E+15,5.00879E+16
27991,6,6,11,0,2018,2,15,5,3,5,3,0,0,1,0,0,0,0,1,5.33191E+20,5.68616E+21,9.47635E+15,5.13257E+16
27992,6,4,12,0,2018,2,19,6,3,2,6,2,0,1,0,0,0,0,1,4.67764E+20,5.5522E+21,8.54906E+15,5.01211E+16
27993,6,5,33,2,2018,2,9,3,1,2,6,0,0,0,0,0,1,1,0,4.40605E+20,5.5779E+21,8.16516E+15,5.03502E+16
27994,6,6,11,0,2018,2,15,4,3,0,6,0,0,1,0,0,0,1,0,5.34159E+20,5.68588E+21,9.49022E+15,5.13232E+16
27995,6,4,39,8,2018,2,18,6,3,2,6,2,0,1,0,0,0,0,0,4.48223E+20,5.55857E+21,8.27486E+15,5.01771E+16
27996,6,5,32,12,2018,2,7,4,3,3,6,1,0,1,0,0,1,0,1,4.519E+20,5.61204E+21,8.3195E+15,5.06582E+16
27997,6,4,11,0,2018,2,17,6,3,2,6,2,0,1,0,0,0,0,0,4.71388E+20,5.52498E+21,8.60179E+15,4.98766E+16
27998,6,6,36,7,2018,2,9,5,3,2,6,0,0,1,0,0,0,1,0,5.73971E+20,5.6724E+21,1.00587E+16,5.11982E+16
27999,6,4,40,3,2018,2,14,6,3,0,7,0,0,0,0,0,0,1,0,4.82399E+20,5.55984E+21,8.75343E+15,5.01905E+16
28000,6,4,12,0,2018,2,17,4,3,2,6,0,0,1,0,0,0,0,0,4.66128E+20,5.55129E+21,8.52626E+15,5.01129E+16
28001,6,5,33,2,2018,2,10,5,3,5,2,0,0,1,0,0,0,0,0,4.39881E+20,5.57931E+21,8.15475E+15,5.03628E+16
28002,6,5,33,3,2018,2,10,5,3,5,3,0,0,1,0,0,0,0,1,4.45442E+20,5.57232E+21,8.23394E+15,5.03005E+16
28003,6,6,35,9,2018,2,18,6,2,9,1,2,0,1,0,0,0,0,0,5.10555E+20,5.66741E+21,9.15093E+15,5.1158E+16
28004,6,4,14,0,2018,2,22,5,3,3,7,2,0,1,0,0,0,0,0,4.48E+20,5.54605E+21,8.27345E+15,5.00644E+16
28005,6,4,12,0,2018,2,15,5,2,6,4,0,0,1,1,0,0,0,1,4.80361E+20,5.55155E+21,8.7253E+15,5.01159E+16
28006,6,4,14,0,2018,2,16,5,3,5,2,1,0,1,0,0,0,0,1,4.44961E+20,5.54732E+21,8.23081E+15,5.00756E+16
28007,6,4,31,6,2018,2,6,3,3,3,6,2,0,1,0,0,0,0,0,4.67949E+20,5.50237E+21,8.55578E+15,4.9673E+16
28008,6,4,11,0,2018,2,7,4,3,2,6,0,0,1,0,0,0,1,2,4.77231E+20,5.52406E+21,8.68316E+15,4.98685E+16
28009,6,4,12,0,2018,2,18,5,3,5,2,2,0,1,0,0,0,1,0,4.76168E+20,5.55514E+21,8.66643E+15,5.0148E+16
28010,6,4,12,0,2018,2,16,4,2,5,2,0,1,1,0,0,0,0,1,4.74014E+20,5.5525E+21,8.63647E+15,5.01242E+16
28011,6,4,12,0,2018,2,18,5,3,3,2,2,0,1,0,0,0,1,0,4.77941E+20,5.54985E+21,8.69156E+15,5.01005E+16
28012,6,5,34,14,2018,2,11,6,2,6,4,0,0,1,1,0,0,0,0,4.84207E+20,5.62909E+21,8.77583E+15,5.08133E+16
28013,6,4,12,0,2018,2,8,5,2,0,1,0,1,0,0,0,0,0,1,4.78789E+20,5.54977E+21,8.70342E+15,5.00998E+16
28014,6,4,40,23,2018,2,6,3,3,2,6,2,0,1,0,0,0,1,0,4.76581E+20,5.57096E+21,8.67124E+15,5.02903E+16
28015,6,4,12,0,2018,2,23,5,3,3,2,2,0,1,0,0,0,0,0,4.77681E+20,5.55119E+21,8.68785E+15,5.01125E+16
28016,6,5,32,8,2018,2,10,5,3,9,1,0,0,1,0,0,0,0,2,4.58385E+20,5.61042E+21,8.41142E+15,5.06441E+16
28017,6,4,11,0,2018,2,18,5,3,5,3,2,0,1,0,0,0,0,0,4.7682E+20,5.52711E+21,8.67726E+15,4.98959E+16
28018,6,6,36,3,2018,2,18,2,3,8,1,2,0,1,0,0,0,0,2,5.76669E+20,5.67017E+21,1.00968E+16,5.11778E+16
28019,6,6,36,16,2018,2,15,5,3,5,2,0,0,1,0,0,0,0,0,5.59452E+20,5.6881E+21,9.85354E+15,5.13411E+16
28020,6,6,32,17,2018,2,14,5,3,5,3,0,0,1,0,0,0,0,1,5.60775E+20,5.64438E+21,9.86515E+15,5.09478E+16
28021,6,4,39,15,2018,2,11,5,3,2,2,0,0,1,0,0,0,0,0,4.4431E+20,5.55832E+21,8.2201E+15,5.01745E+16
28022,6,4,34,11,2018,2,17,4,3,2,6,0,0,1,0,0,0,0,0,4.67047E+20,5.57586E+21,8.53697E+15,5.03339E+16
28023,6,4,38,5,2018,2,20,5,3,5,2,2,0,1,0,0,0,0,0,4.84616E+20,5.5439E+21,8.78513E+15,5.00472E+16
28024,6,4,38,5,2018,2,17,5,3,5,2,0,0,1,0,0,0,0,1,4.84617E+20,5.5439E+21,8.78514E+15,5.00472E+16
28025,6,6,34,3,2018,2,12,6,3,2,6,0,0,1,0,0,0,0,0,5.3318E+20,5.66483E+21,9.47423E+15,5.1134E+16
28026,6,4,38,10,2018,2,16,5,2,0,7,0,0,0,0,0,0,1,0,4.90248E+20,5.5473E+21,8.8637E+15,5.00779E+16
28027,6,4,34,6,2018,2,20,5,2,5,3,2,0,1,0,0,0,0,1,4.68621E+20,5.55794E+21,8.56058E+15,5.01728E+16
28028,6,4,33,12,2018,2,6,5,2,5,3,2,0,0,0,1,1,0,1,4.57634E+20,5.53722E+21,8.40902E+15,4.99858E+16
28029,6,4,34,8,2018,2,10,5,3,3,6,0,0,1,0,0,0,0,1,4.63723E+20,5.56437E+21,8.49137E+15,5.02304E+16
28030,6,4,33,5,2018,2,9,4,3,6,2,0,0,1,1,0,0,0,1,4.53038E+20,5.5357E+21,8.3451E+15,4.99718E+16
28031,6,5,33,18,2018,2,15,5,3,3,1,0,0,1,0,0,1,0,0,4.55306E+20,5.59057E+21,8.37027E+15,5.04654E+16
28032,6,4,40,25,2018,2,20,4,3,5,2,0,0,1,0,0,0,0,0,4.8194E+20,5.5733E+21,8.74635E+15,5.03115E+16
28033,6,4,35,12,2018,2,18,5,2,2,6,2,0,1,0,0,0,1,0,5.12418E+20,5.56712E+21,9.1742E+15,5.02561E+16
28034,6,4,40,5,2018,2,13,5,3,5,2,0,1,1,0,0,0,0,0,4.78121E+20,5.5873E+21,8.69192E+15,5.04373E+16
28035,6,6,36,1,2018,2,16,5,2,5,3,1,0,1,0,0,0,0,1,5.69559E+20,5.67856E+21,9.99677E+15,5.12541E+16
28036,6,4,32,4,2018,2,8,5,3,5,3,0,0,0,0,1,1,0,0,4.89239E+20,5.52876E+21,8.85013E+15,4.99112E+16
28037,6,4,32,13,2018,2,18,5,3,5,3,2,0,1,0,0,0,0,1,4.81485E+20,5.5094E+21,8.74306E+15,4.97368E+16
28038,6,6,32,20,2018,2,10,5,3,9,7,0,0,1,0,0,0,0,0,5.63899E+20,5.64143E+21,9.9091E+15,5.0921E+16
28039,6,4,40,24,2018,2,18,5,3,5,2,2,0,1,0,0,0,0,0,4.86351E+20,5.58144E+21,8.80801E+15,5.03849E+16
28040,6,4,35,29,2018,2,7,4,2,2,6,0,0,1,0,0,0,0,0,5.2379E+20,5.56655E+21,9.33369E+15,5.02506E+16
28041,6,4,40,24,2018,2,6,5,3,2,3,1,0,1,0,0,1,0,1,4.89462E+20,5.58525E+21,8.85166E+15,5.04192E+16
28042,6,4,31,21,2018,2,13,5,2,4,6,0,0,1,0,0,0,0,0,4.88603E+20,5.49058E+21,8.84239E+15,4.95677E+16
28043,6,4,31,2,2018,2,9,5,3,2,6,0,0,1,0,0,0,0,0,4.72189E+20,5.50279E+21,8.61452E+15,4.9677E+16
28044,6,4,14,0,2018,2,9,5,3,2,6,0,0,1,0,0,0,0,2,4.45846E+20,5.54271E+21,8.24383E+15,5.00342E+16
28045,6,4,33,8,2018,2,23,5,3,8,1,2,0,1,0,0,0,0,0,4.66437E+20,5.53587E+21,8.53193E+15,4.99742E+16
28046,6,6,33,26,2018,2,10,3,3,1,5,0,0,1,0,0,0,0,1,5.31564E+20,5.69002E+21,9.45334E+15,5.13606E+16
28047,6,4,14,0,2018,2,8,4,3,5,3,0,0,1,0,0,0,0,1,4.46209E+20,5.54841E+21,8.24809E+15,5.00855E+16
28048,6,5,34,1,2018,2,15,5,2,5,3,0,0,1,0,0,0,0,0,4.91785E+20,5.62433E+21,8.88349E+15,5.07707E+16
28049,6,5,33,4,2018,2,5,5,3,5,3,1,0,1,0,0,0,0,2,4.30829E+20,5.5939E+21,8.02481E+15,5.0493E+16
28050,6,6,31,21,2018,2,13,5,2,5,3,0,0,1,0,0,1,0,0,5.6172E+20,5.5959E+21,9.87049E+15,5.05118E+16
28051,6,4,35,6,2018,2,11,4,3,5,3,0,0,1,0,0,0,0,0,4.94544E+20,5.56E+21,8.92357E+15,5.01922E+16
28052,6,6,31,18,2018,2,16,5,3,2,6,0,0,1,0,0,0,0,0,5.43768E+20,5.58978E+21,9.6166E+15,5.04584E+16
28053,6,4,12,0,2018,2,9,4,3,2,6,0,0,1,0,0,0,0,0,4.80928E+20,5.55146E+21,8.73324E+15,5.01151E+16
28054,6,5,31,7,2018,2,14,5,3,3,6,0,0,1,0,0,1,0,0,4.75348E+20,5.60386E+21,8.65177E+15,5.05862E+16
28055,6,6,31,6,2018,2,8,5,3,5,3,0,0,1,0,0,1,0,0,5.4844E+20,5.59289E+21,9.68282E+15,5.0486E+16
28056,6,6,34,2,2018,2,15,6,3,5,3,0,0,1,0,0,0,0,0,5.29491E+20,5.67515E+21,9.42235E+15,5.1227E+16
28057,6,4,14,0,2018,2,10,5,3,2,6,0,0,1,0,0,0,0,0,4.45316E+20,5.54472E+21,8.23613E+15,5.00522E+16
28058,6,4,11,0,2018,2,14,5,3,5,2,0,0,1,0,0,0,0,1,4.74561E+20,5.52407E+21,8.646E+15,4.98685E+16
28059,6,4,35,7,2018,2,9,4,3,6,4,0,0,1,1,0,0,0,0,4.9847E+20,5.55579E+21,8.97859E+15,5.01543E+16
28060,6,6,35,2,2018,2,13,4,3,5,3,0,0,1,0,0,0,0,0,5.01075E+20,5.69195E+21,9.01544E+15,5.13788E+16
28061,6,5,33,3,2018,2,14,4,2,8,7,0,0,1,0,0,0,0,0,4.51067E+20,5.57173E+21,8.31299E+15,5.02957E+16
28062,6,4,11,0,2018,2,17,4,3,2,6,2,0,1,0,0,0,0,0,4.73553E+20,5.52427E+21,8.63197E+15,4.98703E+16
28063,6,5,35,12,2018,2,18,5,3,5,2,2,0,1,0,1,0,0,0,5.18824E+20,5.60303E+21,9.26587E+15,5.05789E+16
28064,6,4,31,13,2018,3,5,5,3,2,6,2,0,1,0,0,0,1,0,4.68157E+20,5.49428E+21,8.55933E+15,4.96002E+16
28065,6,4,14,0,2018,2,21,1,2,9,1,2,0,1,0,0,0,0,1,4.52492E+20,5.55244E+21,8.33541E+15,5.01223E+16
28066,6,5,31,5,2018,2,7,5,3,2,6,0,0,1,0,0,0,0,0,4.78541E+20,5.60136E+21,8.69702E+15,5.05637E+16
28067,6,4,12,0,2018,2,13,3,3,0,7,0,1,0,0,0,0,0,2,4.79224E+20,5.55105E+21,8.70944E+15,5.01113E+16
28068,6,4,12,0,2018,3,15,6,3,5,3,0,0,1,0,0,0,1,0,4.67981E+20,5.55106E+21,8.55219E+15,5.01109E+16
28069,6,4,13,0,2018,2,18,4,2,3,6,2,0,1,0,0,0,0,0,4.83362E+20,5.5461E+21,8.76752E+15,5.0067E+16
28070,6,6,35,1,2018,2,11,2,3,4,6,0,0,1,0,0,1,0,1,4.75236E+20,5.65583E+21,8.64668E+15,5.10535E+16
28071,6,6,36,9,2018,2,10,6,3,8,1,0,0,1,0,0,0,0,0,5.6287E+20,5.69031E+21,9.90299E+15,5.13606E+16
28072,6,6,11,0,2018,3,22,5,3,2,6,2,0,1,0,0,0,0,0,5.3337E+20,5.685E+21,9.47881E+15,5.13154E+16
28073,6,6,34,11,2018,2,15,2,3,2,1,0,0,1,0,0,0,1,0,5.33576E+20,5.64614E+21,9.47815E+15,5.09659E+16
28074,6,4,11,0,2018,2,10,7,3,1,5,0,0,1,0,0,0,0,0,4.75081E+20,5.52381E+21,8.65326E+15,4.98662E+16