OBJECTID_1,ULAND,UREGBEZ,UKREIS,UGEMEINDE,UJAHR,UMONAT,USTUNDE,UWOCHENTAG,UKATEGORIE,UART,UTYP1,ULICHTVERH,IstRad,IstPKW,IstFuss,IstKrad,IstGkfz,IstSonstig,STRZUSTAND,LINREFX,LINREFY,XGCSWGS84,YGCSWGS84
28075,6,4,39,2,2018,2,7,5,3,5,3,0,0,1,0,0,0,0,1,4.34884E+20,5.55485E+21,8.08871E+15,5.01423E+16
28076,6,4,37,11,2018,2,22,4,3,2,6,2,0,1,0,0,0,0,0,4.99933E+20,5.50208E+21,8.99907E+15,4.96713E+16
28077,6,4,40,12,2018,3,2,7,3,1,5,2,0,1,0,0,0,0,2,4.81035E+20,5.56432E+21,8.7341E+15,5.02307E+16
28078,6,4,13,0,2018,2,20,4,2,6,2,2,0,1,1,0,0,0,0,4.85352E+20,5.55285E+21,8.79507E+15,5.01277E+16
28079,6,4,34,6,2018,2,15,3,3,2,6,0,0,1,0,0,0,1,0,4.66166E+20,5.56057E+21,8.52596E+15,5.01964E+16
28080,6,4,12,0,2018,2,23,3,3,0,7,2,0,1,0,0,0,0,0,4.73043E+20,5.55585E+21,8.62264E+15,5.01543E+16
28081,6,4,33,10,2018,2,18,2,3,2,6,2,0,1,0,0,0,0,0,4.63048E+20,5.53928E+21,8.48434E+15,5.00047E+16
28082,6,6,34,4,2018,2,11,4,2,5,3,0,0,1,0,0,0,0,0,5.21777E+20,5.64649E+21,9.31014E+15,5.09696E+16
28083,6,6,35,9,2018,2,5,3,3,4,6,2,0,1,0,0,0,0,2,5.15509E+20,5.66423E+21,9.22164E+15,5.11293E+16
28084,6,4,11,0,2018,3,14,6,3,3,6,0,0,1,0,0,0,1,0,4.74229E+20,5.52345E+21,8.64143E+15,4.98629E+16
28085,6,4,36,4,2018,2,8,4,3,2,6,0,0,1,0,0,0,0,0,4.59319E+20,5.54506E+21,8.4317E+15,5.00565E+16
28086,6,6,31,16,2018,2,21,1,2,9,1,2,0,1,0,0,0,0,0,5.5069E+20,5.58069E+21,9.71287E+15,5.03761E+16
28087,6,4,37,9,2018,2,13,2,3,8,1,0,0,1,0,0,0,0,0,4.98074E+20,5.51814E+21,8.97323E+15,4.98157E+16
28088,6,5,31,5,2018,2,11,1,3,2,6,0,0,1,0,0,1,0,0,4.80964E+20,5.60369E+21,8.73111E+15,5.05848E+16
28089,6,4,34,12,2018,2,20,6,3,5,3,2,0,1,0,0,0,0,0,4.67843E+20,5.57198E+21,8.54849E+15,5.02991E+16
28090,6,6,11,0,2018,3,18,5,3,5,3,1,0,1,0,0,0,0,0,5.33153E+20,5.6825E+21,9.47547E+15,5.12929E+16
28091,6,4,12,0,2018,2,16,2,3,5,3,0,0,1,0,0,0,0,0,4.76056E+20,5.55055E+21,8.66516E+15,5.01067E+16
28092,6,5,33,17,2018,2,18,7,3,4,6,2,0,1,0,0,0,0,0,4.48014E+20,5.59439E+21,8.267E+15,5.04992E+16
28093,6,4,35,12,2018,2,17,5,3,4,6,0,0,1,0,0,0,0,0,5.13967E+20,5.56751E+21,9.19595E+15,5.02596E+16
28094,6,4,36,7,2018,2,13,4,3,6,6,0,0,1,1,0,0,0,0,4.58629E+20,5.55177E+21,8.42132E+15,5.01168E+16
28095,6,4,31,2,2018,3,5,7,3,4,6,2,0,1,0,0,0,1,2,4.72747E+20,5.50433E+21,8.62214E+15,4.96908E+16
28096,6,6,33,11,2018,2,13,4,3,9,1,0,0,1,1,0,0,0,0,5.22058E+20,5.68656E+21,9.3166E+15,5.13299E+16
28097,6,5,34,6,2018,2,9,3,2,4,6,0,0,1,0,0,1,0,2,4.8749E+20,5.63305E+21,8.82229E+15,5.08491E+16
28098,6,6,11,0,2018,2,17,3,3,5,3,0,0,1,0,0,0,0,0,5.33117E+20,5.68244E+21,9.47494E+15,5.12923E+16
28099,6,6,33,13,2018,2,19,1,3,8,7,2,0,1,0,0,0,0,0,5.35148E+20,5.70196E+21,9.50601E+15,5.14677E+16
28100,6,6,34,11,2018,2,20,6,3,9,1,2,0,1,0,0,0,0,0,5.36782E+20,5.64383E+21,9.52358E+15,5.09449E+16
28101,6,4,40,8,2018,3,15,5,3,1,6,0,0,1,0,0,0,1,0,4.85825E+20,5.57499E+21,8.80086E+15,5.03268E+16
28102,6,5,32,23,2018,2,17,2,3,2,6,1,0,1,0,0,0,0,0,4.67095E+20,5.59863E+21,8.53565E+15,5.05387E+16
28103,6,4,32,23,2018,2,15,7,3,2,6,0,0,1,0,0,0,0,0,4.72114E+20,5.53222E+21,8.61136E+15,4.99417E+16
28104,6,6,34,3,2018,2,18,5,3,0,7,2,0,1,0,0,1,0,0,5.33242E+20,5.66522E+21,9.47515E+15,5.11374E+16
28105,6,4,12,0,2018,2,13,4,3,2,6,0,0,1,0,0,0,0,0,4.71706E+20,5.55635E+21,8.6039E+15,5.01587E+16
28106,6,4,40,2,2018,2,20,6,3,8,7,2,0,1,0,0,0,0,0,4.83146E+20,5.57729E+21,8.76312E+15,5.03475E+16
28107,6,4,36,7,2018,3,11,5,3,2,6,0,0,1,0,0,0,0,0,4.60947E+20,5.54899E+21,8.45404E+15,5.00919E+16
28108,6,4,32,3,2018,2,18,2,3,5,3,2,1,1,0,0,0,0,0,4.7194E+20,5.5111E+21,8.61047E+15,4.97517E+16
28109,6,4,33,1,2018,2,15,7,3,5,3,0,0,1,0,0,0,0,0,4.63332E+20,5.51459E+21,8.49065E+15,4.97827E+16
28110,6,4,35,14,2018,2,7,5,3,5,3,0,0,1,0,0,0,0,0,4.94608E+20,5.55425E+21,8.92455E+15,5.01404E+16
28111,6,6,31,11,2018,2,21,4,3,9,1,2,0,1,0,0,0,0,0,5.37585E+20,5.5994E+21,9.53047E+15,5.05454E+16
28112,6,4,35,10,2018,3,9,7,3,3,6,0,0,1,0,0,0,0,1,5.10226E+20,5.56083E+21,9.14328E+15,5.01996E+16
28113,6,4,40,16,2018,2,14,4,3,2,6,0,0,1,0,0,0,0,0,4.99549E+20,5.58655E+21,8.99366E+15,5.0431E+16
28114,6,6,33,3,2018,2,18,3,2,2,6,2,0,0,0,0,1,0,1,5.33143E+20,5.67896E+21,9.475E+15,5.12611E+16
28115,6,4,36,5,2018,2,16,3,3,2,2,0,0,1,0,1,0,0,0,4.6315E+20,5.54403E+21,8.48531E+15,5.00474E+16
28116,6,5,32,8,2018,2,18,1,2,2,6,2,0,1,0,1,0,0,0,4.54689E+20,5.60714E+21,8.35956E+15,5.06144E+16
28117,6,5,31,5,2018,2,15,5,3,2,6,0,0,1,0,0,0,0,0,4.80776E+20,5.60681E+21,8.72829E+15,5.06129E+16
28118,6,5,32,23,2018,3,13,5,3,5,3,0,0,1,0,0,0,0,0,4.66508E+20,5.59953E+21,8.52729E+15,5.05468E+16
28119,6,4,40,5,2018,2,7,2,3,2,6,0,0,1,0,0,0,0,1,4.7866E+20,5.58457E+21,8.69966E+15,5.04127E+16
28120,6,4,14,0,2018,2,16,6,3,2,6,0,0,1,0,0,0,0,0,4.41141E+20,5.54676E+21,8.17752E+15,5.00702E+16
28121,6,4,33,7,2018,2,13,5,3,2,6,0,0,1,0,0,0,0,0,4.64858E+20,5.54238E+21,8.50931E+15,5.00327E+16
28122,6,4,13,0,2018,2,7,3,2,8,1,0,0,1,0,0,0,0,2,4.87712E+20,5.54841E+21,8.82822E+15,5.00878E+16
28123,6,5,31,5,2018,3,13,6,2,0,6,0,0,1,1,0,0,0,0,4.76591E+20,5.60349E+21,8.66935E+15,5.05829E+16
28124,6,5,31,5,2018,2,8,4,3,5,2,0,1,1,0,0,0,0,0,4.78168E+20,5.60373E+21,8.69161E+15,5.0585E+16
28125,6,4,14,0,2018,2,18,2,3,5,3,2,0,1,0,0,0,0,0,4.44609E+20,5.54757E+21,8.22586E+15,5.00779E+16
28126,6,4,14,0,2018,3,14,7,3,3,6,0,0,1,0,0,0,0,0,4.4945E+20,5.54234E+21,8.2942E+15,5.00312E+16
28127,6,5,35,17,2018,2,7,4,3,5,3,0,0,1,0,0,0,0,0,5.2198E+20,5.61683E+21,9.31126E+15,5.07029E+16
28128,6,4,14,0,2018,2,18,3,3,2,6,2,0,1,0,0,0,0,0,4.49345E+20,5.54442E+21,8.29245E+15,5.005E+16
28129,6,4,38,12,2018,3,20,6,3,2,6,2,0,1,0,0,0,0,0,4.87394E+20,5.53665E+21,8.82416E+15,4.99821E+16
28130,6,6,34,13,2018,2,7,3,2,3,1,0,0,1,0,0,1,0,1,5.33899E+20,5.65979E+21,9.48402E+15,5.10886E+16
28131,6,5,31,5,2018,2,14,1,3,2,6,0,0,1,0,0,0,0,0,4.76358E+20,5.60304E+21,8.66608E+15,5.05788E+16
28132,6,6,32,15,2018,2,12,1,2,8,1,0,0,1,0,0,0,0,0,5.39569E+20,5.62976E+21,9.56171E+15,5.08182E+16
28133,6,6,11,0,2018,2,11,5,3,2,6,0,0,1,0,0,0,0,0,5.32301E+20,5.68613E+21,9.46359E+15,5.13255E+16
28134,6,6,32,12,2018,2,16,4,3,2,6,0,0,1,0,0,0,0,0,5.51791E+20,5.63823E+21,9.7364E+15,5.08934E+16
28135,6,4,35,19,2018,2,17,1,3,2,6,0,0,1,0,0,0,0,0,4.85892E+20,5.5539E+21,8.80258E+15,5.01372E+16
28136,6,4,34,2,2018,2,13,5,3,2,6,0,0,1,0,0,0,0,0,4.75977E+20,5.56565E+21,8.66309E+15,5.02426E+16
28137,6,4,11,0,2018,2,16,3,3,3,2,0,1,1,0,0,0,0,0,4.74376E+20,5.52481E+21,8.64337E+15,4.98751E+16
28138,6,4,12,0,2018,3,6,6,3,6,2,1,0,1,1,0,0,0,0,4.66951E+20,5.55111E+21,8.53779E+15,5.01114E+16
28139,6,4,12,0,2018,2,14,4,3,2,6,0,0,1,0,0,0,0,0,4.80843E+20,5.55185E+21,8.73203E+15,5.01186E+16
28140,6,5,32,23,2018,2,19,1,3,9,7,2,0,1,0,0,0,0,0,4.62761E+20,5.59995E+21,8.47436E+15,5.05503E+16
28141,6,4,34,6,2018,2,6,2,3,7,7,1,0,1,0,0,0,0,0,4.65764E+20,5.56031E+21,8.52036E+15,5.0194E+16
28142,6,5,33,9,2018,2,18,1,3,8,1,2,0,1,0,0,0,0,0,4.34386E+20,5.58309E+21,8.07685E+15,5.03962E+16
28143,6,6,33,13,2018,2,15,6,3,9,1,0,0,1,0,0,0,0,0,5.28171E+20,5.70571E+21,9.40587E+15,5.15018E+16
28144,6,4,14,0,2018,3,13,5,3,0,6,0,0,0,0,0,0,1,0,4.44234E+20,5.54752E+21,8.22061E+15,5.00774E+16
28145,6,4,14,0,2018,2,11,2,3,5,3,0,0,1,0,0,0,0,0,4.44121E+20,5.54797E+21,8.21898E+15,5.00814E+16
28146,6,6,33,28,2018,2,6,7,3,8,1,2,0,0,0,0,1,0,0,5.09667E+20,5.68753E+21,9.13878E+15,5.1339E+16
28147,6,4,38,10,2018,2,13,5,3,5,3,0,0,1,0,0,0,0,0,4.90836E+20,5.54652E+21,8.87194E+15,5.00709E+16
28148,6,6,32,3,2018,2,7,4,3,2,6,0,0,1,0,0,0,0,0,5.55629E+20,5.64595E+21,9.79215E+15,5.09625E+16
28149,6,4,32,11,2018,3,6,7,3,8,1,0,0,1,0,0,0,0,2,4.86066E+20,5.52437E+21,8.80609E+15,4.98715E+16
28150,6,5,33,18,2018,2,14,1,3,2,6,0,1,1,0,0,0,0,0,4.56465E+20,5.58183E+21,8.38761E+15,5.03869E+16
28151,6,4,14,0,2018,2,14,6,3,2,6,0,0,1,0,0,0,0,0,4.45717E+20,5.54687E+21,8.24144E+15,5.00716E+16
28152,6,4,35,14,2018,3,14,5,3,2,6,0,0,1,0,1,0,0,0,4.95715E+20,5.55453E+21,8.94003E+15,5.0143E+16
28153,6,4,40,15,2018,2,12,3,3,2,6,0,0,1,0,0,0,0,0,4.80228E+20,5.59023E+21,8.72142E+15,5.04637E+16
28154,6,6,34,1,2018,2,17,7,3,5,3,1,0,1,0,0,0,1,0,5.20825E+20,5.65578E+21,9.29712E+15,5.10531E+16
28155,6,4,32,23,2018,2,18,5,3,2,6,2,0,1,0,0,0,0,0,4.70305E+20,5.52757E+21,8.58652E+15,4.98998E+16
28156,6,4,36,1,2018,2,7,4,3,8,1,0,0,1,0,0,0,0,1,4.61472E+20,5.55564E+21,8.4607E+15,5.01517E+16
28157,6,4,38,10,2018,3,12,7,3,2,6,0,0,1,0,0,0,0,1,4.92172E+20,5.5463E+21,8.89062E+15,5.00689E+16
28158,6,5,35,11,2018,2,15,4,3,2,6,0,0,1,0,0,0,0,0,5.26949E+20,5.6117E+21,9.38125E+15,5.06565E+16
28159,6,4,38,7,2018,2,22,3,3,5,2,2,0,1,0,0,0,0,0,5.0081E+20,5.54104E+21,9.01131E+15,5.00217E+16
28160,6,4,38,3,2018,3,21,6,3,5,3,2,0,1,0,0,0,0,1,4.76431E+20,5.53454E+21,8.67138E+15,4.99627E+16
28161,6,5,35,16,2018,2,18,3,2,2,6,2,0,1,0,0,0,0,0,5.06779E+20,5.59231E+21,9.09555E+15,5.04828E+16
28162,6,5,31,5,2018,2,11,1,3,2,6,0,0,1,0,0,0,0,1,4.80954E+20,5.60369E+21,8.73097E+15,5.05848E+16
28163,6,6,31,9,2018,2,7,2,3,2,6,0,0,1,0,0,0,0,1,5.49339E+20,5.59814E+21,9.69619E+15,5.05332E+16
28164,6,4,35,9,2018,2,13,6,3,5,2,0,0,1,0,0,0,0,0,5.07996E+20,5.555E+21,9.11192E+15,5.01472E+16
28165,6,6,36,11,2018,3,5,5,2,8,1,2,0,1,0,0,0,0,2,5.70264E+20,5.65676E+21,1.00026E+16,5.1058E+16
28166,6,4,36,6,2018,2,17,2,3,2,6,0,0,1,0,0,0,0,0,4.528E+20,5.54006E+21,8.34125E+15,5.0011E+16
28167,6,4,35,10,2018,2,11,7,3,5,2,0,0,1,0,0,0,0,0,5.15686E+20,5.56069E+21,9.21977E+15,5.01982E+16
28168,6,4,31,18,2018,2,16,5,3,5,3,1,1,1,0,0,0,0,0,4.88046E+20,5.47311E+21,8.8352E+15,4.94106E+16
28169,6,4,40,8,2018,2,13,4,3,2,6,0,0,1,0,0,0,0,0,4.84291E+20,5.57603E+21,8.77926E+15,5.03361E+16
28170,6,6,31,9,2018,3,8,7,3,0,7,0,0,0,0,1,0,0,2,5.50175E+20,5.59993E+21,9.70821E+15,5.05492E+16
28171,6,4,38,8,2018,2,12,4,3,5,3,0,1,1,0,0,0,0,0,4.86764E+20,5.55181E+21,8.81486E+15,5.01184E+16
28172,6,5,32,15,2018,2,8,3,3,2,6,0,0,1,0,0,0,1,2,4.69163E+20,5.60207E+21,8.56455E+15,5.05697E+16
28173,6,4,37,13,2018,2,19,4,3,9,1,2,0,1,0,0,0,0,0,4.91414E+20,5.50768E+21,8.88088E+15,4.97215E+16
28174,6,4,32,11,2018,2,13,3,3,5,3,0,0,1,0,0,0,0,0,4.87793E+20,5.5251E+21,8.8301E+15,4.98782E+16
28175,6,4,37,12,2018,2,3,3,2,8,1,2,0,0,0,1,0,0,0,4.93963E+20,5.49599E+21,8.91643E+15,4.96164E+16
28176,6,6,11,0,2018,2,13,1,2,1,5,0,1,1,0,0,0,0,0,5.3705E+20,5.68365E+21,9.53148E+15,5.13029E+16
28177,6,5,35,1,2018,2,13,6,3,2,6,0,0,1,0,0,0,0,0,5.20132E+20,5.6223E+21,9.28538E+15,5.07521E+16
28178,6,5,32,9,2018,3,5,5,2,9,1,0,0,1,0,0,0,0,2,4.57231E+20,5.62885E+21,8.39296E+15,5.08098E+16
28179,6,5,34,18,2018,2,6,2,3,8,1,1,0,1,0,0,0,0,0,5.00898E+20,5.63109E+21,9.01275E+15,5.08315E+16
28180,6,5,31,11,2018,2,14,7,3,5,2,0,0,1,0,0,0,0,0,4.87967E+20,5.59697E+21,8.83025E+15,5.05245E+16
28181,6,5,31,16,2018,2,8,5,3,2,6,0,0,1,0,0,0,0,0,4.93519E+20,5.59928E+21,8.90853E+15,5.05454E+16
28182,6,6,31,9,2018,2,8,4,3,2,6,0,0,1,0,0,0,0,0,5.47969E+20,5.59986E+21,9.67707E+15,5.05487E+16
28183,6,4,12,0,2018,3,19,7,3,5,3,2,0,1,0,0,0,0,0,4.74968E+20,5.54589E+21,8.65024E+15,5.00647E+16
28184,6,4,40,8,2018,2,16,4,3,2,6,0,0,1,0,0,0,0,0,4.81143E+20,5.57532E+21,8.73507E+15,5.03297E+16
28185,6,6,34,11,2018,2,11,3,3,9,1,0,0,1,0,0,0,1,1,5.34147E+20,5.64559E+21,9.48622E+15,5.09609E+16
28186,6,6,33,3,2018,2,10,7,3,5,3,0,0,1,0,0,0,0,0,5.29979E+20,5.67509E+21,9.42933E+15,5.12264E+16
28187,6,5,32,8,2018,2,21,1,3,8,1,2,0,1,0,0,0,0,0,4.53199E+20,5.60816E+21,8.33836E+15,5.06235E+16
28188,6,4,12,0,2018,2,8,3,3,2,6,0,0,1,0,0,0,1,0,4.81814E+20,5.55567E+21,8.74544E+15,5.0153E+16
28189,6,4,31,15,2018,2,18,1,3,9,1,2,0,1,0,0,0,0,0,4.8244E+20,5.50609E+21,8.75645E+15,4.9707E+16
28190,6,6,32,2,2018,2,9,5,2,6,4,0,0,1,1,0,0,0,0,5.49208E+20,5.63559E+21,9.69932E+15,5.08699E+16
28191,6,5,35,5,2018,3,12,5,2,8,1,0,0,1,0,0,0,0,0,5.03123E+20,5.61626E+21,9.04423E+15,5.06981E+16
28192,6,5,33,9,2018,2,11,1,3,2,6,0,0,1,0,0,0,0,0,4.33933E+20,5.58164E+21,8.07073E+15,5.03831E+16
28193,6,4,35,26,2018,2,7,3,3,6,4,1,0,1,1,0,0,0,0,4.88045E+20,5.56242E+21,8.83244E+15,5.02138E+16
28194,6,4,34,8,2018,2,2,1,3,8,1,2,0,1,0,0,0,0,0,4.71018E+20,5.56308E+21,8.59376E+15,5.02192E+16
28195,6,4,32,18,2018,2,14,6,3,2,6,0,0,1,0,0,0,0,0,4.68727E+20,5.51574E+21,8.5655E+15,4.97933E+16
28196,6,4,33,12,2018,3,5,5,3,3,6,1,0,1,0,0,0,0,2,4.55105E+20,5.53801E+21,8.37366E+15,4.99927E+16
28197,6,5,31,5,2018,2,18,2,3,2,6,2,0,1,0,0,0,0,0,4.73589E+20,5.6015E+21,8.62709E+15,5.05648E+16
28198,6,6,32,14,2018,2,10,6,3,2,6,0,0,1,0,0,0,0,0,5.37286E+20,5.64064E+21,9.53042E+15,5.09162E+16
28199,6,6,34,11,2018,2,15,5,2,2,6,0,0,1,0,0,1,0,0,5.33644E+20,5.64632E+21,9.47913E+15,5.09675E+16
28200,6,5,33,7,2018,2,8,3,3,2,6,0,0,1,0,0,0,1,2,4.3366E+20,5.59021E+21,8.06538E+15,5.04601E+16
28201,6,4,34,1,2018,3,17,7,3,3,6,0,0,1,0,0,0,0,0,4.75964E+20,5.56435E+21,8.66299E+15,5.02308E+16
28202,6,6,31,15,2018,2,18,4,3,4,6,2,0,1,0,0,1,0,0,5.57266E+20,5.61641E+21,9.81084E+15,5.06967E+16
28203,6,5,31,18,2018,2,10,2,2,4,1,0,0,1,0,0,0,0,0,4.76412E+20,5.60956E+21,8.66644E+15,5.06374E+16
28204,6,4,32,4,2018,2,23,7,3,4,7,2,0,1,0,0,0,0,0,4.89965E+20,5.52748E+21,8.86026E+15,4.98996E+16
28205,6,4,38,6,2018,3,10,6,2,2,6,0,0,1,0,0,0,0,0,4.77845E+20,5.53776E+21,8.69091E+15,4.99918E+16
28206,6,4,14,0,2018,2,7,3,3,2,6,0,0,1,0,0,0,0,0,4.4976E+20,5.54442E+21,8.29825E+15,5.005E+16
28207,6,6,33,28,2018,2,21,1,3,2,6,2,0,1,0,0,0,0,0,5.13842E+20,5.6942E+21,9.19898E+15,5.13988E+16
28208,6,4,32,18,2018,2,4,1,3,8,1,2,0,1,0,0,0,0,0,4.67326E+20,5.5132E+21,8.54625E+15,4.97703E+16
28209,6,6,11,0,2018,2,9,5,3,2,6,0,0,1,0,0,0,1,0,5.34092E+20,5.68485E+21,9.48916E+15,5.13139E+16
28210,6,6,33,26,2018,2,7,4,3,5,3,0,0,1,0,0,0,0,0,5.31575E+20,5.69006E+21,9.45351E+15,5.13609E+16
28211,6,4,12,0,2018,3,19,7,2,3,6,2,0,1,0,0,0,1,0,4.74439E+20,5.55013E+21,8.64257E+15,5.01029E+16
28212,6,6,35,15,2018,2,9,4,3,8,1,0,0,1,0,0,0,0,0,4.85427E+20,5.67737E+21,8.79121E+15,5.12475E+16
28213,6,6,11,0,2018,2,11,3,3,5,2,0,0,1,0,0,0,0,1,5.31483E+20,5.68295E+21,9.45156E+15,5.1297E+16
28214,6,4,12,0,2018,3,22,6,2,6,6,2,0,1,1,0,0,0,2,4.78658E+20,5.55234E+21,8.70144E+15,5.0123E+16
28215,6,4,32,14,2018,2,17,7,3,2,6,1,0,1,0,0,0,0,0,4.77225E+20,5.5186E+21,8.6834E+15,4.98194E+16
28216,6,4,34,2,2018,2,12,5,3,2,6,0,0,1,0,0,1,0,0,4.75958E+20,5.56569E+21,8.66283E+15,5.02429E+16
28217,6,4,12,0,2018,2,2,3,3,9,1,2,0,1,0,0,0,0,0,4.79232E+20,5.54969E+21,8.70962E+15,5.00991E+16
28218,6,5,33,9,2018,3,8,6,2,6,7,0,0,1,1,0,0,0,2,4.3292E+20,5.5824E+21,8.05634E+15,5.03899E+16
28219,6,4,35,14,2018,2,12,4,2,5,3,0,0,1,0,0,0,0,0,4.96104E+20,5.5508E+21,8.94551E+15,5.01094E+16
28220,6,6,11,0,2018,2,16,2,3,6,4,0,0,1,1,0,0,0,0,5.32449E+20,5.68468E+21,9.46557E+15,5.13125E+16
28221,6,5,34,10,2018,2,19,7,3,2,3,2,0,1,0,0,0,0,0,4.66864E+20,5.62339E+21,8.53018E+15,5.07613E+16
28222,6,4,12,0,2018,2,6,6,3,5,2,1,0,1,0,0,0,1,0,4.6958E+20,5.54921E+21,8.5747E+15,5.00944E+16
28223,6,6,35,18,2018,3,19,5,3,9,1,2,0,1,0,0,0,0,0,4.93207E+20,5.68992E+21,8.90243E+15,5.13605E+16
28224,6,6,36,3,2018,2,14,2,3,6,4,0,0,1,1,0,0,0,0,5.73948E+20,5.67056E+21,1.0058E+16,5.11817E+16
28225,6,5,33,6,2018,2,5,7,3,9,1,2,0,1,0,0,0,0,0,4.31523E+20,5.58437E+21,8.03634E+15,5.04074E+16
28226,6,6,32,3,2018,2,16,5,3,4,7,0,1,1,0,0,0,0,0,5.55417E+20,5.64561E+21,9.78908E+15,5.09594E+16
28227,6,4,37,5,2018,2,15,4,3,2,6,0,0,1,0,0,0,0,0,4.98962E+20,5.50817E+21,8.9856E+15,4.97261E+16
28228,6,4,35,29,2018,3,5,7,3,9,1,2,0,1,0,0,0,0,2,5.21863E+20,5.56937E+21,9.30682E+15,5.0276E+16
28229,6,4,14,0,2018,2,18,4,3,5,3,2,0,1,0,0,0,0,0,4.49313E+20,5.54529E+21,8.29189E+15,5.00577E+16
28230,6,4,34,6,2018,2,15,3,3,2,6,0,0,1,0,0,0,0,0,4.65327E+20,5.5602E+21,8.51424E+15,5.0193E+16
28231,6,5,32,11,2018,3,14,6,2,5,2,0,0,1,0,0,0,0,0,4.40613E+20,5.62392E+21,8.15793E+15,5.0764E+16
28232,6,5,35,10,2018,2,15,7,3,8,1,0,0,1,0,0,0,0,1,5.09631E+20,5.62865E+21,9.1367E+15,5.08095E+16
28233,6,4,14,0,2018,2,7,3,2,6,4,0,0,1,1,0,0,0,0,4.4422E+20,5.54752E+21,8.22042E+15,5.00774E+16
28234,6,4,12,0,2018,2,8,2,3,2,6,0,0,1,0,0,0,0,0,4.71261E+20,5.55357E+21,8.59787E+15,5.01337E+16
28235,6,4,33,6,2018,2,2,7,3,8,1,2,0,1,0,0,0,0,1,4.61174E+20,5.52858E+21,8.45927E+15,4.99083E+16
28236,6,4,32,4,2018,2,11,6,3,5,3,0,0,1,0,0,0,1,0,4.87661E+20,5.52607E+21,8.82823E+15,4.98869E+16
28237,6,4,34,1,2018,3,15,5,3,2,6,0,0,1,0,0,0,0,0,4.75933E+20,5.5631E+21,8.66265E+15,5.02196E+16
28238,6,4,31,17,2018,2,8,2,3,9,1,0,0,1,0,0,0,0,0,4.83167E+20,5.49342E+21,8.76708E+15,4.95931E+16
28239,6,4,32,9,2018,2,13,7,3,2,2,0,0,1,0,0,0,0,0,4.87446E+20,5.51704E+21,8.82553E+15,4.98056E+16
28240,6,4,12,0,2018,2,7,4,3,2,6,0,0,1,0,0,1,0,0,4.70917E+20,5.55248E+21,8.59315E+15,5.01238E+16
28241,6,4,31,17,2018,2,6,2,3,6,2,2,0,1,1,0,0,0,0,4.8099E+20,5.49394E+21,8.73693E+15,4.95977E+16
28242,6,6,34,5,2018,2,16,6,2,5,3,0,0,1,0,0,0,0,0,5.21479E+20,5.66729E+21,9.30714E+15,5.11566E+16
28243,6,4,11,0,2018,3,16,5,3,5,2,0,1,1,0,0,0,0,0,4.75371E+20,5.52387E+21,8.65729E+15,4.98667E+16
28244,6,4,12,0,2018,2,20,2,3,5,2,2,1,0,0,0,0,0,0,4.7281E+20,5.5499E+21,8.61981E+15,5.01007E+16
28245,6,4,34,2,2018,2,12,7,3,5,2,0,0,1,0,0,0,0,0,4.7369E+20,5.56995E+21,8.63073E+15,5.02811E+16
28246,6,4,34,7,2018,2,7,5,3,8,1,0,0,1,0,0,0,0,1,4.63806E+20,5.57044E+21,8.49196E+15,5.02849E+16
28247,6,5,33,17,2018,2,7,4,3,8,1,0,0,1,0,0,0,0,2,4.54387E+20,5.59311E+21,8.357E+15,5.04882E+16
28248,6,5,34,7,2018,3,19,7,2,9,1,2,0,1,0,0,0,0,1,4.71073E+20,5.63509E+21,8.58893E+15,5.08668E+16
28249,6,4,11,0,2018,2,17,4,3,2,6,1,0,1,0,0,0,0,2,4.78247E+20,5.52655E+21,8.69715E+15,4.9891E+16
28250,6,4,33,14,2018,2,10,3,3,5,3,0,0,1,0,0,0,0,0,4.56933E+20,5.52704E+21,8.40038E+15,4.98942E+16
28251,6,5,32,21,2018,2,0,7,3,8,1,2,0,1,0,0,0,0,0,4.56273E+20,5.59974E+21,8.38282E+15,5.0548E+16
28252,6,6,35,3,2018,2,12,3,3,5,3,0,0,1,0,0,0,0,0,5.10734E+20,5.66305E+21,9.15336E+15,5.11188E+16
28253,6,4,11,0,2018,2,13,1,3,2,6,0,0,1,0,0,0,0,0,4.7424E+20,5.5244E+21,8.64151E+15,4.98714E+16
28254,6,6,33,29,2018,2,10,6,3,8,1,0,0,0,0,0,1,0,0,5.19904E+20,5.68566E+21,9.28563E+15,5.13219E+16
28255,6,4,32,22,2018,3,9,5,3,5,3,0,0,1,0,0,0,0,0,4.72903E+20,5.51293E+21,8.62371E+15,4.97683E+16
28256,6,6,31,3,2018,2,21,2,3,8,1,2,0,1,0,0,0,0,1,5.56022E+20,5.59624E+21,9.79018E+15,5.05154E+16
28257,6,4,14,0,2018,2,11,7,2,2,6,0,0,1,0,0,0,0,0,4.5348E+20,5.55016E+21,8.34951E+15,5.01019E+16
28258,6,6,33,17,2018,2,22,5,2,1,6,2,0,1,0,0,0,0,1,5.38561E+20,5.68215E+21,9.55298E+15,5.12893E+16
28259,6,4,38,11,2018,2,17,4,3,3,6,0,0,1,0,0,0,0,0,4.91621E+20,5.54523E+21,8.88294E+15,5.00593E+16
28260,6,4,12,0,2018,3,6,7,3,3,6,0,0,1,0,0,0,1,2,4.71579E+20,5.55082E+21,8.60253E+15,5.01089E+16
28261,6,5,34,4,2018,2,9,4,3,2,6,0,0,1,0,0,0,0,0,4.679E+20,5.63857E+21,8.54353E+15,5.08979E+16
28262,6,4,12,0,2018,2,19,3,3,2,6,2,0,1,0,0,0,0,0,4.74696E+20,5.54492E+21,8.64651E+15,5.00561E+16
28263,6,5,34,16,2018,2,15,5,3,5,3,0,0,1,0,0,0,0,0,5.06743E+20,5.63284E+21,9.09578E+15,5.08472E+16