OBJECTID_1,ULAND,UREGBEZ,UKREIS,UGEMEINDE,UJAHR,UMONAT,USTUNDE,UWOCHENTAG,UKATEGORIE,UART,UTYP1,ULICHTVERH,IstRad,IstPKW,IstFuss,IstKrad,IstGkfz,IstSonstig,STRZUSTAND,LINREFX,LINREFY,XGCSWGS84,YGCSWGS84
28264,6,5,34,14,2018,2,19,4,1,6,4,2,0,1,1,0,0,0,0,4.84084E+20,5.62872E+21,8.77411E+15,5.081E+16
28265,6,5,31,6,2018,3,8,7,3,9,1,0,0,1,0,0,0,0,1,4.93948E+20,5.60386E+21,8.91451E+15,5.05866E+16
28266,6,4,35,10,2018,2,13,4,3,3,6,0,1,1,0,0,0,0,0,5.17277E+20,5.56288E+21,9.24216E+15,5.02179E+16
28267,6,6,33,29,2018,2,7,3,3,2,6,0,0,1,0,0,0,0,1,5.16239E+20,5.6924E+21,9.23334E+15,5.13826E+16
28268,6,5,32,23,2018,2,14,7,3,5,3,0,0,1,0,0,0,1,0,4.64288E+20,5.6007E+21,8.49585E+15,5.05572E+16
28269,6,4,36,4,2018,2,14,3,2,5,2,0,0,1,0,0,0,0,0,4.56874E+20,5.53929E+21,8.39818E+15,5.00044E+16
28270,6,4,40,16,2018,2,7,1,3,8,1,1,0,1,0,0,0,0,0,4.9996E+20,5.58238E+21,8.99944E+15,5.03935E+16
28271,6,4,32,18,2018,2,12,6,3,2,6,0,0,1,0,0,0,0,0,4.71938E+20,5.51341E+21,8.61028E+15,4.97725E+16
28272,6,6,31,9,2018,3,19,5,3,3,6,2,0,1,0,0,0,0,0,5.47915E+20,5.59966E+21,9.67629E+15,5.05469E+16
28273,6,6,32,4,2018,2,17,2,3,3,6,0,0,0,0,0,1,0,0,5.32892E+20,5.62656E+21,9.46665E+15,5.07899E+16
28274,6,4,14,0,2018,2,9,6,3,5,5,0,1,1,0,0,0,0,0,4.49965E+20,5.53972E+21,8.30173E+15,5.00077E+16
28275,6,4,33,7,2018,2,6,5,3,2,6,2,0,1,0,0,0,0,0,4.64701E+20,5.54229E+21,8.50713E+15,5.00318E+16
28276,6,4,13,0,2018,2,8,3,3,2,6,0,0,1,0,0,0,1,1,4.87654E+20,5.54844E+21,8.82741E+15,5.00881E+16
28277,6,5,32,11,2018,3,8,7,2,1,1,0,0,1,0,0,1,0,2,4.421E+20,5.62307E+21,8.17914E+15,5.07565E+16
28278,6,5,31,4,2018,2,7,4,2,5,2,0,0,1,0,0,0,0,0,4.84424E+20,5.59928E+21,8.78017E+15,5.05453E+16
28279,6,5,33,4,2018,2,19,2,3,8,1,2,0,1,0,0,0,0,0,4.30426E+20,5.59711E+21,8.01853E+15,5.05218E+16
28280,6,4,35,14,2018,2,1,7,2,2,6,2,0,1,0,0,0,0,0,4.96074E+20,5.55168E+21,8.94508E+15,5.01174E+16
28281,6,5,32,12,2018,3,10,6,3,2,6,0,0,1,0,0,0,0,0,4.51686E+20,5.61238E+21,8.31643E+15,5.06613E+16
28282,6,4,31,6,2018,2,16,3,2,3,1,0,0,1,0,0,1,0,0,4.677E+20,5.5039E+21,8.55221E+15,4.96868E+16
28283,6,4,33,4,2018,2,13,1,3,2,6,0,0,1,0,0,0,0,0,4.67262E+20,5.51299E+21,8.54538E+15,4.97685E+16
28284,6,5,33,3,2018,2,6,7,2,2,6,2,0,0,0,0,1,1,0,4.45648E+20,5.57208E+21,8.23687E+15,5.02983E+16
28285,6,4,35,10,2018,2,5,3,2,5,3,2,0,1,0,0,0,0,0,5.13286E+20,5.56011E+21,9.18613E+15,5.0193E+16
28286,6,4,35,14,2018,2,14,1,3,5,3,0,0,1,0,0,0,0,0,4.94894E+20,5.55292E+21,8.92857E+15,5.01285E+16
28287,6,6,11,0,2018,2,13,5,3,5,3,0,0,1,0,0,0,0,0,5.37175E+20,5.68375E+21,9.53328E+15,5.13039E+16
28288,6,4,12,0,2018,2,17,4,2,5,3,0,0,1,0,0,0,0,0,4.68096E+20,5.54404E+21,8.55439E+15,5.00478E+16
28289,6,4,14,0,2018,2,12,1,3,5,2,0,0,1,0,0,0,1,0,4.4471E+20,5.54677E+21,8.22738E+15,5.00706E+16
28290,6,5,31,5,2018,2,15,5,3,3,6,0,0,1,0,0,1,0,0,4.79759E+20,5.60791E+21,8.71386E+15,5.06227E+16
28291,6,4,12,0,2018,2,8,3,3,2,6,0,0,1,0,0,0,0,0,4.79097E+20,5.55105E+21,8.70766E+15,5.01114E+16
28292,6,4,12,0,2018,3,12,6,3,3,2,0,1,1,0,0,0,0,0,4.68017E+20,5.55111E+21,8.55269E+15,5.01114E+16
28293,6,5,33,3,2018,2,15,7,3,2,6,0,0,1,0,0,0,0,0,4.45492E+20,5.57255E+21,8.2346E+15,5.03026E+16
28294,6,4,35,19,2018,2,8,4,3,2,6,0,0,1,0,0,1,0,0,4.86118E+20,5.55469E+21,8.80572E+15,5.01443E+16
28295,6,4,39,15,2018,2,15,2,3,2,6,0,0,1,0,0,0,0,0,4.41516E+20,5.556E+21,8.18134E+15,5.01534E+16
28296,6,5,31,14,2018,2,18,7,3,8,1,2,0,1,0,0,0,0,0,4.83072E+20,5.59703E+21,8.76119E+15,5.0525E+16
28297,6,4,40,16,2018,2,10,1,3,2,6,0,0,1,0,0,0,1,0,5.04966E+20,5.58563E+21,9.06991E+15,5.04227E+16
28298,6,6,36,9,2018,2,11,6,3,2,6,0,0,1,0,0,0,0,0,5.62888E+20,5.69037E+21,9.90326E+15,5.13611E+16
28299,6,6,11,0,2018,3,7,5,3,2,6,0,0,1,0,0,0,0,0,5.33766E+20,5.68375E+21,9.48438E+15,5.13041E+16
28300,6,6,11,0,2018,2,12,2,3,5,3,0,1,0,0,0,0,0,0,5.35007E+20,5.68564E+21,9.50237E+15,5.1321E+16
28301,6,6,33,28,2018,2,21,7,3,1,5,2,0,1,0,0,0,1,0,5.12235E+20,5.68661E+21,9.17561E+15,5.13306E+16
28302,6,4,38,2,2018,2,12,5,3,3,6,0,0,1,0,0,0,1,0,4.7929E+20,5.54297E+21,8.71079E+15,5.00386E+16
28303,6,6,33,21,2018,2,12,4,2,4,7,0,0,1,0,0,0,0,0,5.38266E+20,5.7169E+21,9.55252E+15,5.16019E+16
28304,6,4,38,1,2018,3,6,7,3,5,2,0,0,1,0,0,0,0,2,4.84862E+20,5.54232E+21,8.78862E+15,5.0033E+16
28305,6,4,36,3,2018,2,17,4,3,2,6,0,0,1,0,0,0,0,0,4.68893E+20,5.55363E+21,8.56474E+15,5.01341E+16
28306,6,4,40,4,2018,2,19,3,3,2,6,2,0,1,0,0,0,0,0,5.10435E+20,5.57645E+21,9.14665E+15,5.03401E+16
28307,6,6,32,2,2018,2,13,6,3,6,4,0,0,1,1,0,0,0,0,5.50237E+20,5.63564E+21,9.71395E+15,5.08703E+16
28308,6,4,12,0,2018,2,18,5,2,5,3,2,0,1,0,1,0,0,0,4.75325E+20,5.54751E+21,8.65514E+15,5.00793E+16
28309,6,4,13,0,2018,2,9,4,3,6,2,0,0,0,1,0,0,1,0,4.82486E+20,5.54865E+21,8.75517E+15,5.00898E+16
28310,6,4,38,8,2018,3,2,7,2,9,1,2,0,1,0,0,0,0,2,4.87994E+20,5.5525E+21,8.83204E+15,5.01246E+16
28311,6,6,32,2,2018,2,7,4,3,5,2,0,0,1,0,0,0,0,0,5.52345E+20,5.63541E+21,9.74387E+15,5.0868E+16
28312,6,4,39,2,2018,2,8,3,3,2,6,0,0,1,0,0,0,0,0,4.36316E+20,5.552E+21,8.10923E+15,5.01169E+16
28313,6,6,35,4,2018,3,15,6,2,8,1,0,0,1,0,0,0,0,0,4.7407E+20,5.65012E+21,8.63045E+15,5.10021E+16
28314,6,5,35,11,2018,2,7,6,2,9,1,1,0,1,0,0,0,0,2,5.28749E+20,5.6033E+21,9.40606E+15,5.05809E+16
28315,6,4,32,18,2018,2,14,4,3,2,6,0,0,0,0,0,1,1,0,4.68624E+20,5.51552E+21,8.56409E+15,4.97913E+16
28316,6,4,33,12,2018,2,18,2,3,2,6,2,0,1,0,0,0,0,0,4.57915E+20,5.53688E+21,8.41297E+15,4.99827E+16
28317,6,4,14,0,2018,2,7,6,3,0,1,1,0,0,0,1,0,0,2,4.49845E+20,5.53902E+21,8.30014E+15,5.00014E+16
28318,6,4,31,11,2018,2,17,6,3,2,6,0,0,1,0,0,0,0,0,4.74235E+20,5.49693E+21,8.64326E+15,4.96243E+16
28319,6,6,11,0,2018,3,14,5,3,2,6,0,0,1,0,0,0,0,0,5.3362E+20,5.68285E+21,9.48221E+15,5.1296E+16
28320,6,4,11,0,2018,2,8,2,3,3,2,0,1,1,0,0,0,0,0,4.75693E+20,5.52493E+21,8.6617E+15,4.98763E+16
28321,6,4,35,5,2018,2,20,7,3,8,6,2,0,0,0,0,0,1,0,5.20565E+20,5.57469E+21,9.2889E+15,5.03239E+16
28322,6,4,13,0,2018,2,19,1,2,8,1,2,0,1,0,0,0,0,0,4.84037E+20,5.54522E+21,8.77699E+15,5.00591E+16
28323,6,4,35,10,2018,2,6,5,3,5,2,2,0,1,0,0,0,0,0,5.15595E+20,5.56076E+21,9.2185E+15,5.01988E+16
28324,6,4,40,16,2018,2,16,4,1,5,3,0,0,1,0,0,0,0,0,5.04961E+20,5.58563E+21,9.06984E+15,5.04227E+16
28325,6,5,34,22,2018,3,10,7,2,4,7,0,0,1,0,0,0,0,1,4.96417E+20,5.64128E+21,8.94902E+15,5.09231E+16
28326,6,6,11,0,2018,2,16,4,3,5,3,0,0,1,0,0,0,0,0,5.33118E+20,5.68245E+21,9.47497E+15,5.12924E+16
28327,6,6,31,9,2018,2,8,3,3,5,3,0,0,1,0,1,0,0,0,5.46666E+20,5.60045E+21,9.65876E+15,5.05541E+16
28328,6,4,14,0,2018,2,19,6,3,5,2,2,0,1,0,1,0,0,1,4.48067E+20,5.54077E+21,8.2751E+15,5.0017E+16
28329,6,6,35,14,2018,2,12,3,3,5,3,0,0,1,0,0,0,0,0,4.72739E+20,5.6471E+21,8.61171E+15,5.09748E+16
28330,6,4,38,2,2018,2,15,1,3,5,3,0,0,1,0,0,0,0,0,4.79542E+20,5.53884E+21,8.71453E+15,5.00016E+16
28331,6,4,14,0,2018,2,14,6,2,3,6,0,0,1,0,0,0,0,0,4.45687E+20,5.54441E+21,8.24137E+15,5.00495E+16
28332,6,4,12,0,2018,2,15,6,3,2,6,0,0,1,0,0,0,0,0,4.73873E+20,5.56033E+21,8.63396E+15,5.01946E+16
28333,6,5,34,10,2018,3,15,5,3,4,7,0,0,1,0,0,0,0,0,4.70145E+20,5.62315E+21,8.57671E+15,5.07594E+16
28334,6,4,12,0,2018,2,8,3,3,4,3,0,0,1,0,1,0,0,0,4.74866E+20,5.55032E+21,8.64853E+15,5.01046E+16
28335,6,4,33,12,2018,2,8,2,3,2,6,0,0,1,0,0,0,0,0,4.62317E+20,5.53851E+21,8.47422E+15,4.99977E+16
28336,6,4,13,0,2018,2,20,6,3,2,6,2,0,1,0,0,0,0,1,4.83377E+20,5.54864E+21,8.76761E+15,5.00898E+16
28337,6,5,35,1,2018,2,18,6,3,5,3,1,0,1,0,0,0,0,0,5.19614E+20,5.62231E+21,9.27804E+15,5.07523E+16
28338,6,4,31,11,2018,3,10,5,3,5,3,0,0,1,0,0,0,0,0,4.73842E+20,5.49994E+21,8.63762E+15,4.96514E+16
28339,6,5,35,10,2018,2,5,2,2,4,1,2,0,1,0,0,1,0,0,5.09681E+20,5.62242E+21,9.13724E+15,5.07535E+16
28340,6,6,31,9,2018,2,18,7,3,5,2,2,1,1,0,0,0,0,0,5.48898E+20,5.60192E+21,9.69045E+15,5.05671E+16
28341,6,4,12,0,2018,2,17,5,3,0,7,0,1,0,0,0,0,0,0,4.81526E+20,5.55356E+21,8.7415E+15,5.0134E+16
28342,6,6,31,11,2018,2,13,4,3,4,7,0,0,1,0,0,0,0,0,5.38267E+20,5.59917E+21,9.54006E+15,5.05432E+16
28343,6,6,33,3,2018,3,16,7,3,2,6,0,0,1,0,0,0,0,0,5.31477E+20,5.67931E+21,9.45115E+15,5.12643E+16
28344,6,4,38,1,2018,2,8,4,3,6,2,0,0,1,1,0,0,0,0,4.83657E+20,5.54094E+21,8.77187E+15,5.00205E+16
28345,6,6,32,14,2018,2,12,3,3,2,6,0,0,1,0,0,0,0,0,5.37527E+20,5.64378E+21,9.53417E+15,5.09444E+16
28346,6,4,13,0,2018,2,6,6,2,8,7,0,0,1,0,0,0,0,1,4.84519E+20,5.54699E+21,8.78366E+15,5.0075E+16
28347,6,5,34,11,2018,2,17,3,3,5,3,1,0,1,0,0,0,0,0,4.97108E+20,5.63035E+21,8.95894E+15,5.08249E+16
28348,6,5,32,6,2018,2,13,1,3,9,7,0,0,1,0,0,0,0,0,4.48054E+20,5.62166E+21,8.26374E+15,5.07444E+16
28349,6,5,31,18,2018,2,14,5,3,8,1,0,0,1,0,0,0,0,0,4.75982E+20,5.60823E+21,8.66044E+15,5.06255E+16
28350,6,5,31,11,2018,3,7,5,3,5,3,0,0,1,0,0,0,0,0,4.82893E+20,5.59127E+21,8.75892E+15,5.04732E+16
28351,6,5,31,5,2018,2,17,1,3,8,1,1,0,1,0,0,0,0,0,4.79848E+20,5.60874E+21,8.71508E+15,5.06302E+16
28352,6,4,36,7,2018,2,16,5,3,2,6,0,0,1,0,0,0,0,0,4.57111E+20,5.54499E+21,8.40086E+15,5.00557E+16
28353,6,4,12,0,2018,2,20,3,3,5,3,2,0,1,0,0,0,1,0,4.69289E+20,5.54971E+21,8.57059E+15,5.00988E+16
28354,6,6,32,2,2018,3,14,6,3,4,6,0,0,1,0,0,0,0,0,5.52564E+20,5.63543E+21,9.74698E+15,5.08682E+16
28355,6,5,32,16,2018,2,16,2,2,4,1,0,0,1,0,0,0,1,0,4.51744E+20,5.59952E+21,8.31893E+15,5.05457E+16
28356,6,6,32,6,2018,2,5,6,3,5,3,2,0,1,0,0,0,0,0,5.60458E+20,5.63803E+21,9.85958E+15,5.08907E+16
28357,6,6,35,20,2018,2,15,5,3,3,6,0,0,1,0,0,0,0,0,5.10582E+20,5.69844E+21,9.15224E+15,5.14371E+16
28358,6,4,12,0,2018,2,11,4,3,2,6,0,0,1,0,0,1,0,0,4.70719E+20,5.553E+21,8.59033E+15,5.01285E+16
28359,6,4,33,10,2018,3,23,7,2,2,6,2,0,1,0,0,0,0,1,4.63694E+20,5.53997E+21,8.49329E+15,5.00109E+16
28360,6,4,33,7,2018,2,9,4,3,2,6,0,0,1,0,0,0,0,0,4.67787E+20,5.54477E+21,8.55E+15,5.00543E+16
28361,6,4,11,0,2018,2,15,3,3,3,1,0,0,1,0,0,1,0,0,4.71459E+20,5.52244E+21,8.60296E+15,4.98537E+16
28362,6,4,12,0,2018,2,15,6,3,5,3,0,1,1,0,0,0,0,0,4.73307E+20,5.54997E+21,8.62675E+15,5.01014E+16
28363,6,5,31,1,2018,3,21,6,2,8,1,2,0,1,0,0,0,0,0,4.88535E+20,5.61417E+21,8.83773E+15,5.06792E+16
28364,6,4,12,0,2018,2,5,3,3,2,7,2,0,1,0,0,0,0,0,4.75629E+20,5.55335E+21,8.65901E+15,5.01319E+16
28365,6,4,38,7,2018,2,8,1,3,8,1,0,0,1,0,0,0,0,0,5.00913E+20,5.53794E+21,9.01274E+15,4.99938E+16
28366,6,6,11,0,2018,2,15,7,3,5,3,0,0,1,0,0,0,0,0,5.35891E+20,5.68603E+21,9.5151E+15,5.13244E+16
28367,6,6,11,0,2018,2,8,5,3,1,7,0,0,1,0,1,0,0,0,5.3442E+20,5.68715E+21,9.49408E+15,5.13346E+16
28368,6,5,33,9,2018,2,5,4,2,8,1,2,0,1,0,0,0,0,0,4.36046E+20,5.58359E+21,8.10011E+15,5.04009E+16
28369,6,4,12,0,2018,3,4,7,2,1,1,2,0,1,0,0,0,1,2,4.80527E+20,5.55054E+21,8.72768E+15,5.01068E+16
28370,6,4,35,21,2018,2,17,4,2,5,2,0,1,1,0,0,0,0,0,4.93628E+20,5.56368E+21,8.91067E+15,5.02253E+16
28371,6,4,11,0,2018,2,13,3,3,5,3,0,0,1,0,0,0,1,0,4.75844E+20,5.52397E+21,8.66387E+15,4.98676E+16
28372,6,4,12,0,2018,3,10,6,3,6,3,0,0,1,1,0,0,0,0,4.75434E+20,5.55067E+21,8.65646E+15,5.01078E+16
28373,6,4,11,0,2018,2,18,6,3,3,6,2,0,1,0,0,0,0,0,4.7449E+20,5.52545E+21,8.64493E+15,4.98809E+16
28374,6,4,12,0,2018,2,8,4,3,2,6,0,0,1,0,0,0,0,0,4.72136E+20,5.54991E+21,8.61039E+15,5.01008E+16
28375,6,4,36,4,2018,2,16,2,2,5,2,0,0,1,0,0,0,1,0,4.55674E+20,5.54126E+21,8.38121E+15,5.0022E+16
28376,6,6,34,22,2018,2,6,6,3,8,1,2,0,1,0,0,0,0,1,5.19487E+20,5.64038E+21,9.2772E+15,5.09148E+16
28377,6,6,32,17,2018,2,11,6,2,6,4,0,0,1,1,0,0,0,0,5.60604E+20,5.64439E+21,9.86272E+15,5.09479E+16
28378,6,4,12,0,2018,3,7,5,2,3,6,0,0,1,0,0,1,0,0,4.75084E+20,5.56043E+21,8.65092E+15,5.01956E+16
28379,6,5,31,5,2018,2,18,4,3,3,6,2,0,1,0,0,0,1,0,4.75328E+20,5.60387E+21,8.65149E+15,5.05862E+16
28380,6,4,12,0,2018,2,7,2,3,3,7,0,0,1,0,0,0,0,0,4.66921E+20,5.55E+21,8.53746E+15,5.01014E+16
28381,6,4,36,5,2018,2,13,6,2,5,2,0,0,1,0,0,0,0,0,4.61995E+20,5.54652E+21,8.46893E+15,5.00697E+16
28382,6,4,35,23,2018,3,10,5,3,5,3,0,1,1,0,0,0,0,0,5.01846E+20,5.55507E+21,9.02583E+15,5.01478E+16
28383,6,5,31,5,2018,2,7,3,3,2,6,1,0,1,0,0,0,0,0,4.78925E+20,5.60202E+21,8.7024E+15,5.05697E+16
28384,6,5,33,9,2018,2,23,7,3,5,7,2,0,1,0,0,0,0,0,4.33287E+20,5.58191E+21,8.0616E+15,5.03854E+16
28385,6,6,11,0,2018,2,15,5,3,2,6,0,0,1,0,0,0,0,0,5.33528E+20,5.68308E+21,9.4809E+15,5.12981E+16
28386,6,4,12,0,2018,2,8,4,3,5,3,0,1,1,0,0,0,0,0,4.78164E+20,5.55327E+21,8.69448E+15,5.01312E+16
28387,6,4,34,1,2018,3,9,7,3,5,3,0,0,1,0,0,0,0,2,4.7864E+20,5.5639E+21,8.70054E+15,5.02269E+16
28388,6,6,11,0,2018,2,19,4,3,2,6,2,0,1,0,0,0,0,0,5.34544E+20,5.68542E+21,9.4957E+15,5.1319E+16
28389,6,4,38,2,2018,2,13,3,3,0,2,0,0,1,0,0,0,0,0,4.77952E+20,5.54013E+21,8.69228E+15,5.00131E+16
28390,6,4,35,19,2018,3,19,6,2,5,3,2,0,1,0,0,0,0,0,4.88803E+20,5.55544E+21,8.84327E+15,5.0151E+16
28391,6,4,14,0,2018,2,15,3,3,5,3,0,1,1,0,0,0,0,0,4.45754E+20,5.54466E+21,8.24227E+15,5.00518E+16
28392,6,4,38,7,2018,2,23,2,3,9,6,2,0,1,0,0,1,0,0,4.98058E+20,5.53988E+21,8.9729E+15,5.00112E+16
28393,6,4,40,4,2018,2,13,6,2,8,1,0,0,0,0,1,0,0,0,5.02398E+20,5.56596E+21,9.03363E+15,5.02457E+16
28394,6,4,39,6,2018,3,13,5,2,8,1,0,0,1,0,0,0,0,0,4.35902E+20,5.55571E+21,8.10281E+15,5.01501E+16
28395,6,4,31,16,2018,2,11,2,3,4,6,0,0,1,0,0,0,0,0,4.69204E+20,5.49718E+21,8.57358E+15,4.96264E+16
28396,6,4,32,10,2018,2,19,7,2,5,2,1,0,1,0,0,0,0,0,4.92853E+20,5.5253E+21,8.90052E+15,4.98801E+16
28397,6,4,31,13,2018,2,19,5,3,2,6,2,0,1,0,0,0,0,0,4.63459E+20,5.49149E+21,8.49457E+15,4.95749E+16
28398,6,4,33,3,2018,2,11,4,3,5,2,0,0,1,0,0,0,0,0,4.66179E+20,5.52991E+21,8.52886E+15,4.99206E+16
28399,6,4,12,0,2018,3,15,7,3,5,3,0,0,1,0,0,0,0,1,4.81942E+20,5.55417E+21,8.74729E+15,5.01395E+16
28400,6,4,12,0,2018,2,16,2,3,6,2,0,0,1,1,0,0,0,0,4.67484E+20,5.55037E+21,8.5453E+15,5.01047E+16
28401,6,4,34,3,2018,2,15,7,3,5,3,0,0,1,0,0,0,0,0,4.59622E+20,5.56168E+21,8.43417E+15,5.02059E+16
28402,6,4,34,7,2018,2,20,5,3,5,3,2,0,1,0,0,0,0,0,4.65608E+20,5.57423E+21,8.51691E+15,5.03191E+16
28403,6,4,34,13,2018,2,8,4,3,2,6,0,0,1,0,0,0,0,0,4.59683E+20,5.57296E+21,8.43382E+15,5.03073E+16
28404,6,5,34,10,2018,3,4,7,3,8,1,2,0,1,0,0,0,0,2,4.70723E+20,5.62455E+21,8.5848E+15,5.0772E+16
28405,6,4,37,11,2018,2,1,4,2,6,4,2,0,1,1,0,0,0,0,5.00014E+20,5.5028E+21,9.00019E+15,4.96778E+16
28406,6,4,11,0,2018,2,6,3,3,9,1,1,0,1,0,0,0,0,0,4.75651E+20,5.51728E+21,8.66159E+15,4.98074E+16
28407,6,4,11,0,2018,2,17,3,3,5,3,2,1,0,0,0,0,0,0,4.74123E+20,5.52567E+21,8.6398E+15,4.98829E+16
28408,6,4,32,23,2018,2,15,1,3,2,6,0,0,1,0,0,0,0,0,4.71241E+20,5.52754E+21,8.59955E+15,4.98996E+16
28409,6,4,38,7,2018,2,4,6,3,0,7,2,0,0,0,0,1,0,0,5.00959E+20,5.53791E+21,9.01338E+15,4.99935E+16
28410,6,4,32,4,2018,3,16,5,3,2,6,0,0,1,0,0,0,0,0,4.90546E+20,5.52806E+21,8.86834E+15,4.99048E+16
28411,6,6,31,6,2018,2,20,2,2,2,6,2,0,1,0,0,0,0,0,5.48613E+20,5.59468E+21,9.68549E+15,5.05021E+16
28412,6,5,31,4,2018,2,12,7,2,5,3,0,0,1,0,0,0,0,0,4.83729E+20,5.59991E+21,8.77032E+15,5.05509E+16
28413,6,6,32,15,2018,2,15,5,3,2,6,0,0,1,0,0,0,0,0,5.43259E+20,5.62299E+21,9.6133E+15,5.0757E+16
28414,6,5,32,14,2018,2,18,4,3,8,1,1,0,1,0,0,0,0,0,4.72269E+20,5.59662E+21,8.60881E+15,5.05209E+16
28415,6,4,12,0,2018,3,8,7,3,3,6,0,0,1,0,0,1,0,2,4.71433E+20,5.55115E+21,8.60046E+15,5.01119E+16
28416,6,5,34,7,2018,2,8,4,3,5,3,0,0,1,0,0,0,0,0,4.69635E+20,5.63425E+21,8.56856E+15,5.08591E+16
28417,6,4,12,0,2018,2,9,3,3,3,6,0,0,1,0,0,1,0,2,4.7426E+20,5.56068E+21,8.63936E+15,5.01977E+16
28418,6,6,31,19,2018,2,12,1,3,8,1,0,0,1,0,0,0,0,0,5.60054E+20,5.61286E+21,9.84974E+15,5.06645E+16
28419,6,5,32,23,2018,2,11,3,3,2,6,0,0,1,0,0,0,0,0,4.65723E+20,5.60011E+21,8.51615E+15,5.05519E+16
28420,6,4,33,11,2018,2,18,1,3,5,3,2,0,1,0,1,0,0,0,4.62768E+20,5.52044E+21,8.48225E+15,4.98352E+16
28421,6,5,33,17,2018,2,10,4,3,2,6,0,0,1,0,0,0,0,0,4.47797E+20,5.59304E+21,8.26412E+15,5.0487E+16
28422,6,4,35,7,2018,2,18,3,2,5,3,2,0,1,0,0,0,0,0,4.97345E+20,5.55451E+21,8.96284E+15,5.01428E+16
28423,6,4,34,13,2018,2,7,3,3,8,1,0,0,1,0,0,0,0,2,4.5768E+20,5.57321E+21,8.40567E+15,5.03095E+16
28424,6,4,34,8,2018,2,20,1,3,9,7,2,0,1,0,0,0,0,0,4.71027E+20,5.56015E+21,8.59411E+15,5.01928E+16
28425,6,4,32,18,2018,2,13,6,2,2,6,0,0,1,0,0,0,1,0,4.72734E+20,5.51611E+21,8.62115E+15,4.97968E+16
28426,6,5,34,14,2018,3,13,5,3,2,6,0,0,1,0,0,0,0,0,4.836E+20,5.62624E+21,8.76734E+15,5.07877E+16
28427,6,6,33,3,2018,2,10,2,3,2,6,0,0,1,0,0,0,1,0,5.29254E+20,5.67997E+21,9.41935E+15,5.12703E+16
28428,6,6,11,0,2018,2,15,6,3,2,6,0,0,1,0,0,0,0,0,5.34773E+20,5.6866E+21,9.4991E+15,5.13296E+16
28429,6,6,32,15,2018,2,8,5,3,2,6,0,0,0,0,0,1,0,0,5.40183E+20,5.63025E+21,9.57048E+15,5.08226E+16
28430,6,6,11,0,2018,2,15,3,3,6,7,0,0,0,1,0,0,1,0,5.33983E+20,5.68491E+21,9.48761E+15,5.13145E+16
28431,6,5,31,9,2018,3,0,7,3,9,1,2,0,1,0,0,0,0,2,4.75467E+20,5.59333E+21,8.65414E+15,5.04915E+16
28432,6,6,31,23,2018,2,6,4,2,4,1,2,0,1,0,0,0,0,0,5.74496E+20,5.61332E+21,1.00541E+16,5.0667E+16
28433,6,6,32,4,2018,2,21,2,3,8,1,2,0,0,0,1,0,0,2,5.33692E+20,5.62538E+21,9.47788E+15,5.07792E+16
28434,6,4,36,9,2018,3,22,6,3,8,6,2,0,1,0,0,0,1,2,4.5623E+20,5.545E+21,8.38855E+15,5.00557E+16
28435,6,4,14,0,2018,2,7,3,3,2,6,0,0,1,0,0,0,0,0,4.50471E+20,5.5448E+21,8.30814E+15,5.00534E+16
28436,6,4,32,18,2018,2,18,1,3,2,6,2,0,1,0,0,0,0,0,4.68736E+20,5.51576E+21,8.56562E+15,4.97935E+16
28437,6,4,12,0,2018,2,11,5,3,0,1,0,1,0,0,0,0,0,0,4.67629E+20,5.55014E+21,8.54734E+15,5.01027E+16
28438,6,4,14,0,2018,2,20,4,3,5,3,2,0,1,0,0,0,0,0,4.47027E+20,5.5467E+21,8.25977E+15,5.00702E+16
28439,6,6,35,2,2018,3,20,7,3,4,1,2,0,1,0,0,0,0,1,5.06595E+20,5.68784E+21,9.09468E+15,5.13418E+16
28440,6,4,35,12,2018,3,8,2,3,9,1,0,0,1,0,0,0,0,1,5.08345E+20,5.56219E+21,9.11695E+15,5.02118E+16
28441,6,5,35,1,2018,3,23,2,2,5,3,2,0,0,0,0,1,1,1,5.16925E+20,5.62036E+21,9.23983E+15,5.07348E+16
28442,6,6,31,9,2018,3,15,2,2,2,6,0,0,1,0,0,0,0,0,5.48078E+20,5.59757E+21,9.67831E+15,5.05281E+16
28443,6,6,31,9,2018,3,17,5,3,5,3,0,0,1,0,0,0,0,1,5.48168E+20,5.60059E+21,9.67997E+15,5.05552E+16
28444,6,4,39,15,2018,3,7,6,3,4,6,0,0,1,0,0,0,0,1,4.39417E+20,5.55807E+21,8.15163E+15,5.01718E+16
28445,6,4,12,0,2018,3,16,2,3,2,6,0,0,1,0,0,0,0,0,4.71511E+20,5.55576E+21,8.60122E+15,5.01533E+16
28446,6,6,36,6,2018,3,15,7,3,5,3,0,0,1,0,1,0,0,0,5.53628E+20,5.67241E+21,9.76759E+15,5.12006E+16
28447,6,5,32,1,2018,3,10,4,3,2,6,0,0,1,0,0,0,0,1,4.62741E+20,5.60386E+21,8.47368E+15,5.05855E+16
28448,6,4,39,15,2018,3,15,4,2,2,2,0,0,1,0,1,0,0,0,4.38667E+20,5.55455E+21,8.1417E+15,5.014E+16
28449,6,4,12,0,2018,3,16,5,3,0,7,0,0,1,0,0,0,0,0,4.73259E+20,5.55553E+21,8.62569E+15,5.01514E+16
28450,6,5,31,5,2018,3,7,2,3,2,6,0,0,1,0,0,0,0,1,4.80382E+20,5.60662E+21,8.72273E+15,5.06112E+16
28451,6,6,31,9,2018,3,21,3,3,5,2,2,0,1,0,0,0,0,1,5.50172E+20,5.59993E+21,9.70817E+15,5.05492E+16
28452,6,4,14,0,2018,3,18,2,3,2,6,1,0,1,0,0,0,0,0,4.4612E+20,5.54689E+21,8.24706E+15,5.00719E+16
28453,6,5,32,1,2018,3,5,1,3,8,1,1,0,1,0,0,0,0,2,4.61697E+20,5.60595E+21,8.45872E+15,5.06042E+16