OBJECTID_1,ULAND,UREGBEZ,UKREIS,UGEMEINDE,UJAHR,UMONAT,USTUNDE,UWOCHENTAG,UKATEGORIE,UART,UTYP1,ULICHTVERH,IstRad,IstPKW,IstFuss,IstKrad,IstGkfz,IstSonstig,STRZUSTAND,LINREFX,LINREFY,XGCSWGS84,YGCSWGS84
28454,6,4,35,19,2018,3,19,7,3,1,6,2,0,1,0,0,0,0,0,4.87553E+20,5.55369E+21,8.82583E+15,5.01353E+16
28455,6,4,36,7,2018,3,8,2,3,2,6,0,0,1,0,0,0,0,0,4.55594E+20,5.545E+21,8.37967E+15,5.00556E+16
28456,6,4,14,0,2018,3,14,2,3,2,6,0,0,1,0,0,1,0,0,4.55202E+20,5.54666E+21,8.37399E+15,5.00705E+16
28457,6,6,33,8,2018,3,19,4,3,1,5,2,0,1,0,0,0,0,0,5.3461E+20,5.67517E+21,9.49565E+15,5.12268E+16
28458,6,4,14,0,2018,3,20,5,3,2,6,2,0,1,0,0,0,1,1,4.48074E+20,5.54466E+21,8.27467E+15,5.0052E+16
28459,6,4,33,5,2018,3,18,6,3,5,2,1,0,1,0,0,0,0,1,4.52857E+20,5.53596E+21,8.34254E+15,4.99741E+16
28460,6,5,34,11,2018,3,12,7,3,5,3,0,0,1,0,0,0,0,0,4.98934E+20,5.63498E+21,8.98486E+15,5.08665E+16
28461,6,4,11,0,2018,3,16,3,3,5,2,0,0,1,0,0,0,1,0,4.76247E+20,5.5247E+21,8.66942E+15,4.98742E+16
28462,6,4,35,14,2018,3,7,4,3,5,3,0,1,1,0,0,0,0,0,4.93124E+20,5.55418E+21,8.90378E+15,5.01398E+16
28463,6,4,40,1,2018,3,12,5,3,0,7,0,0,0,0,0,0,1,0,4.97177E+20,5.57078E+21,8.96037E+15,5.02891E+16
28464,6,4,14,0,2018,3,21,1,3,5,7,2,0,1,0,0,0,0,0,4.4566E+20,5.54417E+21,8.24103E+15,5.00473E+16
28465,6,4,31,22,2018,3,9,2,3,2,6,0,0,1,0,0,0,0,1,4.70748E+20,5.50776E+21,8.59418E+15,4.97216E+16
28466,6,4,40,3,2018,3,11,7,3,5,3,0,0,1,0,0,1,0,0,4.85154E+20,5.55961E+21,8.79203E+15,5.01885E+16
28467,6,4,12,0,2018,3,17,3,3,2,6,0,0,1,0,0,0,0,0,4.78463E+20,5.55421E+21,8.69861E+15,5.01397E+16
28468,6,4,37,9,2018,3,14,4,3,0,1,0,0,0,0,1,0,0,0,4.99698E+20,5.51455E+21,8.99581E+15,4.97834E+16
28469,6,6,33,13,2018,3,7,5,3,2,2,0,0,1,0,0,0,0,0,5.27867E+20,5.70233E+21,9.40122E+15,5.14715E+16
28470,6,6,34,9,2018,3,15,1,3,8,1,0,0,1,0,0,0,0,0,5.30675E+20,5.65787E+21,9.43783E+15,5.10716E+16
28471,6,4,12,0,2018,3,19,6,3,3,6,2,0,1,0,0,0,1,1,4.76437E+20,5.5541E+21,8.67026E+15,5.01387E+16
28472,6,4,39,5,2018,3,14,6,2,8,1,0,0,1,0,0,0,1,1,4.22712E+20,5.55978E+21,7.91739E+15,5.01851E+16
28473,6,4,13,0,2018,3,14,3,2,2,6,0,0,1,0,0,1,0,1,4.79945E+20,5.54584E+21,8.71979E+15,5.00645E+16
28474,6,4,11,0,2018,3,13,2,3,6,2,0,0,1,1,0,0,0,0,4.74339E+20,5.52355E+21,8.64294E+15,4.98638E+16
28475,6,6,33,12,2018,3,20,7,3,7,7,2,0,1,0,0,0,0,2,5.44244E+20,5.67477E+21,9.63357E+15,5.12226E+16
28476,6,4,14,0,2018,3,16,7,3,2,6,0,0,1,0,0,0,0,0,4.54935E+20,5.545E+21,8.37047E+15,5.00556E+16
28477,6,4,31,2,2018,3,7,2,3,2,6,1,0,1,0,0,0,0,1,4.71165E+20,5.5058E+21,8.6001E+15,4.9704E+16
28478,6,5,35,16,2018,3,18,1,3,4,6,1,0,1,0,0,0,0,0,5.05266E+20,5.59088E+21,9.07421E+15,5.04699E+16
28479,6,6,33,10,2018,3,7,4,3,0,1,0,0,1,0,1,0,0,1,5.28451E+20,5.69897E+21,9.40936E+15,5.14412E+16
28480,6,6,32,2,2018,3,9,4,3,2,6,0,0,1,0,0,1,0,1,5.49578E+20,5.63608E+21,9.70465E+15,5.08743E+16
28481,6,5,32,23,2018,3,13,6,3,2,6,0,0,1,0,0,0,0,0,4.63869E+20,5.60291E+21,8.48972E+15,5.0577E+16
28482,6,5,31,4,2018,3,1,7,3,8,1,2,0,1,0,0,0,0,1,4.83888E+20,5.59971E+21,8.77259E+15,5.05491E+16
28483,6,5,33,18,2018,3,18,3,3,0,7,2,0,0,0,1,0,0,0,4.55528E+20,5.58359E+21,8.37423E+15,5.04026E+16
28484,6,4,34,2,2018,3,8,4,3,2,6,0,0,0,0,0,1,0,0,4.75961E+20,5.56501E+21,8.66291E+15,5.02367E+16
28485,6,5,34,12,2018,3,18,5,3,2,6,0,0,1,0,0,0,0,0,4.85161E+20,5.63537E+21,8.78911E+15,5.08699E+16
28486,6,6,34,25,2018,3,16,1,2,5,2,0,0,1,0,0,0,0,0,5.21295E+20,5.66055E+21,9.30411E+15,5.1096E+16
28487,6,4,11,0,2018,3,18,2,3,2,6,2,0,1,0,0,0,0,1,4.73649E+20,5.52429E+21,8.6333E+15,4.98705E+16
28488,6,4,31,2,2018,3,15,2,3,2,6,0,0,1,0,0,0,0,0,4.72685E+20,5.50408E+21,8.6213E+15,4.96886E+16
28489,6,4,12,0,2018,3,16,6,3,2,6,0,0,1,0,0,0,0,1,4.76941E+20,5.55039E+21,8.67754E+15,5.01053E+16
28490,6,4,14,0,2018,3,19,2,3,2,6,2,0,1,0,0,0,0,0,4.48873E+20,5.54085E+21,8.28634E+15,5.00178E+16
28491,6,4,38,2,2018,3,17,2,2,5,2,0,1,0,0,0,0,1,0,4.76443E+20,5.54084E+21,8.67117E+15,5.00194E+16
28492,6,6,11,0,2018,3,11,6,2,5,3,0,1,1,0,0,0,0,1,5.3405E+20,5.68591E+21,9.48866E+15,5.13235E+16
28493,6,4,31,20,2018,3,7,2,3,2,6,0,0,1,0,0,0,0,0,4.66882E+20,5.48936E+21,8.54209E+15,4.95559E+16
28494,6,4,32,15,2018,3,7,1,3,8,1,0,0,1,0,0,0,0,1,4.9067E+20,5.53048E+21,8.87001E+15,4.99266E+16
28495,6,5,32,7,2018,3,7,4,3,4,7,0,0,1,0,0,0,0,1,4.45066E+20,5.61164E+21,8.22289E+15,5.0654E+16
28496,6,4,14,0,2018,3,22,4,2,5,3,2,1,1,0,0,0,0,0,4.54058E+20,5.54389E+21,8.35834E+15,5.00455E+16
28497,6,6,34,7,2018,3,6,6,3,8,1,1,0,1,0,0,0,0,2,5.26948E+20,5.67076E+21,9.38559E+15,5.11876E+16
28498,6,6,34,9,2018,3,6,6,3,5,3,0,0,1,0,0,1,0,1,5.27067E+20,5.65583E+21,9.38619E+15,5.10534E+16
28499,6,4,40,2,2018,3,12,3,3,5,3,0,0,1,0,0,0,0,0,4.82864E+20,5.57918E+21,8.75906E+15,5.03645E+16
28500,6,4,14,0,2018,3,14,3,3,2,6,0,0,1,0,0,0,0,1,4.48469E+20,5.5398E+21,8.28083E+15,5.00083E+16
28501,6,4,33,12,2018,3,8,1,3,8,1,2,0,1,0,0,0,0,2,4.60987E+20,5.53733E+21,8.45578E+15,4.9987E+16
28502,6,4,35,19,2018,3,16,2,3,5,2,0,0,1,0,0,0,0,0,4.87863E+20,5.55432E+21,8.83015E+15,5.0141E+16
28503,6,4,38,11,2018,3,11,2,3,8,1,0,0,1,0,0,0,0,1,4.89426E+20,5.53433E+21,8.85257E+15,4.99613E+16
28504,6,4,31,13,2018,3,9,2,3,3,2,0,0,0,0,1,0,1,1,4.57394E+20,5.49756E+21,8.41002E+15,4.96291E+16
28505,6,4,40,8,2018,3,15,5,3,6,4,0,0,1,1,0,0,0,0,4.85354E+20,5.57493E+21,8.79424E+15,5.03263E+16
28506,6,6,32,1,2018,3,16,6,2,5,3,0,0,1,0,0,0,0,1,5.47989E+20,5.65321E+21,9.68432E+15,5.10284E+16
28507,6,4,31,6,2018,3,6,2,3,3,6,1,0,1,0,0,0,1,0,4.6791E+20,5.50273E+21,8.55521E+15,4.96762E+16
28508,6,4,12,0,2018,3,9,7,3,9,1,0,0,1,0,0,0,0,1,4.75487E+20,5.54799E+21,8.65736E+15,5.00836E+16
28509,6,6,31,9,2018,3,19,4,3,5,2,2,0,1,0,1,0,0,1,5.48441E+20,5.60026E+21,9.68378E+15,5.05523E+16
28510,6,6,34,13,2018,3,6,4,3,5,3,0,0,1,0,0,0,0,1,5.38579E+20,5.65855E+21,9.55072E+15,5.10771E+16
28511,6,4,14,0,2018,3,19,5,3,4,6,2,0,1,0,0,0,0,0,4.44752E+20,5.5451E+21,8.2282E+15,5.00556E+16
28512,6,4,31,20,2018,3,5,2,3,3,6,2,0,1,0,0,1,0,0,4.68179E+20,5.49165E+21,8.55984E+15,4.95766E+16
28513,6,5,32,23,2018,3,17,1,3,8,1,0,0,1,0,0,0,0,0,4.61261E+20,5.59978E+21,8.45321E+15,5.05487E+16
28514,6,4,31,2,2018,3,17,4,3,5,3,0,0,1,0,0,0,0,1,4.73072E+20,5.5034E+21,8.62672E+15,4.96825E+16
28515,6,4,12,0,2018,3,18,4,3,2,6,0,0,1,0,0,0,0,1,4.70274E+20,5.55376E+21,8.58405E+15,5.01353E+16
28516,6,4,32,18,2018,3,17,6,3,2,6,0,0,1,0,0,0,0,1,4.67718E+20,5.51388E+21,8.55164E+15,4.97765E+16
28517,6,6,31,18,2018,3,6,3,3,2,6,1,0,1,0,0,0,0,1,5.42255E+20,5.58726E+21,9.595E+15,5.04358E+16
28518,6,6,34,3,2018,3,15,3,3,8,1,0,0,1,0,0,0,0,1,5.3467E+20,5.66382E+21,9.49542E+15,5.11248E+16
28519,6,6,32,2,2018,3,10,2,3,5,3,0,0,1,0,0,1,0,0,5.50862E+20,5.63367E+21,9.72256E+15,5.08525E+16
28520,6,6,35,20,2018,3,20,1,2,9,1,2,0,1,0,0,0,0,0,5.10321E+20,5.69875E+21,9.1485E+15,5.14398E+16
28521,6,4,34,8,2018,3,14,6,3,4,6,0,0,1,0,0,0,1,1,4.70848E+20,5.56079E+21,8.59155E+15,5.01986E+16
28522,6,4,40,3,2018,3,15,2,3,2,6,0,0,1,0,0,0,0,1,4.82716E+20,5.55993E+21,8.75786E+15,5.01913E+16
28523,6,4,12,0,2018,3,7,2,3,3,6,0,0,1,0,0,1,0,0,4.74306E+20,5.56072E+21,8.64E+15,5.01981E+16
28524,6,4,12,0,2018,3,16,2,3,4,1,0,0,1,0,0,0,0,0,4.81678E+20,5.5562E+21,8.7435E+15,5.01577E+16
28525,6,4,12,0,2018,3,15,5,3,2,6,0,0,1,0,0,0,0,0,4.82058E+20,5.5549E+21,8.74889E+15,5.01461E+16
28526,6,4,39,3,2018,3,7,6,3,9,1,0,0,1,0,0,0,0,1,4.36508E+20,5.5454E+21,8.113E+15,5.00575E+16
28527,6,4,33,3,2018,3,0,2,3,8,1,2,0,1,0,0,0,0,1,4.6602E+20,5.52764E+21,8.52684E+15,4.99002E+16
28528,6,4,35,19,2018,3,22,7,2,5,3,2,0,1,0,0,0,0,0,4.86195E+20,5.55459E+21,8.8068E+15,5.01434E+16
28529,6,5,33,9,2018,3,17,3,3,2,6,0,0,1,0,0,0,0,0,4.3562E+20,5.58115E+21,8.09453E+15,5.03789E+16
28530,6,4,34,3,2018,3,2,4,3,9,1,2,0,1,0,0,0,0,1,4.56347E+20,5.56037E+21,8.38843E+15,5.01939E+16
28531,6,4,11,0,2018,3,11,5,3,0,1,0,0,0,0,1,0,0,0,4.75337E+20,5.52434E+21,8.65679E+15,4.98709E+16
28532,6,4,12,0,2018,3,9,6,3,3,6,0,0,1,0,0,0,0,1,4.75266E+20,5.54735E+21,8.65432E+15,5.00779E+16
28533,6,4,31,19,2018,3,19,6,3,2,6,2,0,1,0,0,0,0,1,4.824E+20,5.49686E+21,8.75632E+15,4.96241E+16
28534,6,5,32,23,2018,3,11,3,3,9,1,0,0,1,1,0,0,0,1,4.64425E+20,5.60095E+21,8.49776E+15,5.05594E+16
28535,6,4,12,0,2018,3,10,2,3,5,3,0,0,1,0,0,0,0,0,4.64996E+20,5.54785E+21,8.51075E+15,5.00819E+16
28536,6,6,35,15,2018,3,22,7,2,8,1,2,0,1,0,0,0,0,1,4.9552E+20,5.68129E+21,8.93576E+15,5.12829E+16
28537,6,5,35,9,2018,3,19,7,3,7,7,2,0,1,0,0,0,0,0,5.01188E+20,5.62344E+21,9.01684E+15,5.07627E+16
28538,6,4,12,0,2018,3,11,1,3,2,2,0,0,1,0,0,0,0,0,4.66626E+20,5.54137E+21,8.53409E+15,5.00237E+16
28539,6,5,32,11,2018,3,11,2,3,2,6,0,0,1,0,0,0,1,1,4.47291E+20,5.62176E+21,8.25291E+15,5.07453E+16
28540,6,4,33,12,2018,3,7,3,3,2,6,0,0,1,0,0,0,1,0,4.57445E+20,5.53596E+21,8.40652E+15,4.99745E+16
28541,6,4,33,5,2018,3,11,3,3,5,3,0,0,0,0,0,0,1,0,4.52147E+20,5.53695E+21,8.33252E+15,4.9983E+16
28542,6,4,14,0,2018,3,19,6,3,2,6,2,0,1,0,0,0,0,1,4.45814E+20,5.54688E+21,8.24279E+15,5.00717E+16
28543,6,6,11,0,2018,3,6,2,2,0,1,2,1,0,0,0,0,0,1,5.36005E+20,5.68612E+21,9.51674E+15,5.13252E+16
28544,6,4,12,0,2018,3,6,1,3,9,1,1,0,1,0,0,0,0,2,4.71996E+20,5.54564E+21,8.60873E+15,5.00624E+16
28545,6,4,11,0,2018,3,22,7,3,6,7,2,0,1,1,0,0,0,0,4.76189E+20,5.52277E+21,8.66874E+15,4.98569E+16
28546,6,4,40,8,2018,3,16,2,3,2,6,0,0,1,0,0,0,0,0,4.81143E+20,5.57537E+21,8.73506E+15,5.03301E+16
28547,6,6,36,12,2018,3,16,1,2,4,6,0,0,1,0,0,0,0,0,5.62455E+20,5.66682E+21,9.89293E+15,5.11495E+16
28548,6,6,33,3,2018,3,8,2,3,3,1,0,0,1,0,0,0,1,1,5.31941E+20,5.6791E+21,9.45778E+15,5.12623E+16
28549,6,5,33,2,2018,3,11,5,3,7,7,0,0,1,0,0,0,1,0,4.39627E+20,5.57868E+21,8.15129E+15,5.03571E+16
28550,6,5,31,6,2018,3,7,5,2,6,4,0,0,1,1,0,0,0,0,4.97074E+20,5.60453E+21,8.95866E+15,5.05926E+16
28551,6,4,32,10,2018,3,16,6,3,0,1,0,0,1,0,1,0,0,1,4.90963E+20,5.52615E+21,8.8742E+15,4.98877E+16
28552,6,6,32,2,2018,3,5,1,3,9,1,2,0,1,0,0,0,0,2,5.4908E+20,5.63642E+21,9.69761E+15,5.08773E+16
28553,6,4,32,20,2018,3,11,7,3,4,6,0,0,0,0,1,0,0,1,4.81701E+20,5.52195E+21,8.74546E+15,4.98497E+16
28554,6,4,12,0,2018,3,16,3,3,3,6,0,0,1,0,0,1,0,0,4.77345E+20,5.55334E+21,8.68302E+15,5.01319E+16
28555,6,4,40,8,2018,3,20,4,3,5,3,2,0,1,0,0,0,0,1,4.81309E+20,5.57475E+21,8.73742E+15,5.03246E+16
28556,6,4,35,28,2018,3,23,5,3,8,1,2,0,1,0,0,0,0,1,5.36781E+20,5.56891E+21,9.51612E+15,5.02712E+16
28557,6,5,33,7,2018,3,7,1,3,9,1,0,0,1,0,0,0,0,1,4.31638E+20,5.59133E+21,8.03668E+15,5.047E+16
28558,6,4,12,0,2018,3,19,6,3,6,2,2,0,1,1,0,0,0,1,4.82664E+20,5.55251E+21,8.75747E+15,5.01246E+16
28559,6,4,14,0,2018,3,17,3,3,2,6,0,0,1,0,0,0,0,1,4.43692E+20,5.5448E+21,8.21344E+15,5.00528E+16
28560,6,6,33,14,2018,3,10,2,3,2,2,0,0,1,0,0,0,0,0,5.32654E+20,5.69763E+21,9.4697E+15,5.14289E+16
28561,6,4,12,0,2018,3,6,7,3,0,7,0,0,1,0,0,0,0,1,4.64589E+20,5.54955E+21,8.50489E+15,5.00972E+16
28562,6,6,35,7,2018,3,7,6,3,4,1,0,0,1,0,0,0,0,2,4.86517E+20,5.68677E+21,8.80647E+15,5.13321E+16
28563,6,5,35,11,2018,3,13,1,3,5,3,0,0,1,0,0,0,0,1,5.28E+20,5.60914E+21,9.39592E+15,5.06335E+16
28564,6,4,13,0,2018,3,17,1,3,5,3,0,0,1,0,0,0,0,0,4.81211E+20,5.55055E+21,8.73725E+15,5.01069E+16
28565,6,4,31,7,2018,3,10,4,3,5,3,0,0,1,0,0,0,0,0,4.84273E+20,5.49981E+21,8.78213E+15,4.96506E+16
28566,6,6,33,9,2018,3,9,4,2,9,1,0,0,1,0,0,0,0,1,5.35607E+20,5.6914E+21,9.51155E+15,5.13728E+16
28567,6,5,31,10,2018,3,14,6,3,4,6,0,0,1,0,0,0,0,1,4.98544E+20,5.6001E+21,8.97945E+15,5.05528E+16
28568,6,4,12,0,2018,3,12,7,2,1,6,0,0,1,0,0,0,0,0,4.80849E+20,5.55177E+21,8.73212E+15,5.01179E+16
28569,6,5,32,6,2018,3,20,3,3,8,6,2,0,1,0,0,0,0,0,4.50373E+20,5.61917E+21,8.29694E+15,5.07222E+16
28570,6,6,32,16,2018,3,16,3,3,5,2,0,0,1,0,0,0,1,1,5.7018E+20,5.63244E+21,9.99672E+15,5.08394E+16
28571,6,4,14,0,2018,3,7,4,3,6,4,1,0,1,1,0,0,0,0,4.48181E+20,5.54794E+21,8.27572E+15,5.00815E+16
28572,6,4,11,0,2018,3,15,5,3,3,6,0,0,1,0,0,0,0,0,4.73475E+20,5.5191E+21,8.63123E+15,4.98238E+16
28573,6,5,34,6,2018,3,12,6,3,5,3,0,0,1,0,0,0,1,0,4.84233E+20,5.63282E+21,8.77604E+15,5.08469E+16
28574,6,5,34,20,2018,3,9,7,3,5,3,0,0,1,0,0,0,0,0,4.80423E+20,5.62233E+21,8.72249E+15,5.07524E+16
28575,6,4,35,27,2018,3,17,3,3,4,6,0,0,1,0,0,0,0,0,5.4767E+20,5.57379E+21,9.66954E+15,5.03143E+16
28576,6,4,38,11,2018,3,6,4,3,2,6,0,0,1,0,0,0,1,0,4.90025E+20,5.5454E+21,8.86063E+15,5.00608E+16
28577,6,4,32,17,2018,3,17,5,2,9,1,0,0,0,0,1,0,0,0,4.97475E+20,5.51658E+21,8.96492E+15,4.98017E+16
28578,6,4,37,6,2018,3,0,1,3,4,6,2,0,1,0,0,0,0,2,4.99804E+20,5.49841E+21,8.99729E+15,4.96382E+16
28579,6,4,12,0,2018,3,15,2,1,6,4,0,0,0,1,0,1,0,1,4.67408E+20,5.55067E+21,8.54421E+15,5.01074E+16
28580,6,4,40,12,2018,3,9,2,3,2,6,0,0,1,0,0,0,0,0,4.82391E+20,5.56689E+21,8.75299E+15,5.02539E+16
28581,6,4,14,0,2018,3,9,6,3,8,7,0,0,1,0,0,0,0,1,4.5512E+20,5.54688E+21,8.37283E+15,5.00725E+16
28582,6,5,33,9,2018,3,1,1,3,9,1,2,0,1,0,0,0,0,1,4.36962E+20,5.57956E+21,8.11368E+15,5.03647E+16
28583,6,5,35,1,2018,3,3,1,3,6,4,2,0,1,1,0,0,0,0,5.19226E+20,5.62035E+21,9.27244E+15,5.07346E+16
28584,6,4,32,19,2018,3,14,4,3,3,6,0,1,0,0,0,0,1,0,4.88247E+20,5.51972E+21,8.83658E+15,4.98298E+16
28585,6,4,36,1,2018,3,20,4,3,5,3,2,0,1,0,0,0,0,0,4.65188E+20,5.55359E+21,8.5129E+15,5.01335E+16
28586,6,4,14,0,2018,3,14,6,3,2,6,0,0,1,0,0,0,0,1,4.51675E+20,5.54507E+21,8.32492E+15,5.00559E+16
28587,6,4,31,21,2018,3,15,6,3,9,1,0,0,1,0,0,0,0,1,4.85241E+20,5.49085E+21,8.79588E+15,4.957E+16
28588,6,4,14,0,2018,3,5,6,3,8,5,2,0,1,0,0,0,0,1,4.45863E+20,5.54346E+21,8.24396E+15,5.00409E+16
28589,6,6,31,7,2018,3,23,3,3,8,7,2,0,1,0,0,0,0,0,5.55039E+20,5.62101E+21,9.78E+15,5.07383E+16
28590,6,4,12,0,2018,3,11,3,3,2,6,0,0,1,0,0,0,0,1,4.7945E+20,5.55109E+21,8.71259E+15,5.01117E+16
28591,6,6,34,11,2018,3,14,2,3,1,6,0,0,1,0,0,0,0,0,5.33071E+20,5.65076E+21,9.47138E+15,5.10074E+16
28592,6,5,34,1,2018,3,0,1,3,4,1,2,0,1,0,0,0,0,0,4.95969E+20,5.6266E+21,8.94282E+15,5.07911E+16
28593,6,4,31,17,2018,3,6,2,3,8,1,1,0,1,0,0,0,0,1,4.80441E+20,5.49325E+21,8.72937E+15,4.95915E+16
28594,6,6,34,7,2018,3,9,2,3,2,6,0,0,1,0,0,0,0,1,5.23443E+20,5.66903E+21,9.33533E+15,5.11722E+16
28595,6,4,33,11,2018,3,13,2,3,9,1,0,0,1,0,0,0,0,1,4.6529E+20,5.52275E+21,8.51712E+15,4.98562E+16
28596,6,4,34,12,2018,3,6,1,3,4,6,0,0,1,0,0,0,0,2,4.68223E+20,5.57394E+21,8.55366E+15,5.03167E+16
28597,6,6,32,20,2018,3,19,2,3,2,6,2,0,1,0,0,0,0,1,5.71775E+20,5.64661E+21,1.00222E+16,5.09666E+16
28598,6,6,31,20,2018,3,19,2,3,5,3,2,0,1,0,0,0,0,0,5.51403E+20,5.60661E+21,9.72647E+15,5.06091E+16
28599,6,4,34,1,2018,3,9,5,3,2,6,0,0,1,0,0,0,0,0,4.70881E+20,5.56558E+21,8.59163E+15,5.02417E+16
28600,6,6,35,3,2018,3,23,6,3,9,1,2,0,1,0,0,0,0,1,5.09362E+20,5.66217E+21,9.13374E+15,5.11109E+16
28601,6,4,14,0,2018,3,17,1,3,2,6,1,0,1,0,0,0,1,0,4.48424E+20,5.53987E+21,8.28021E+15,5.00089E+16
28602,6,4,36,6,2018,3,2,1,3,8,1,2,0,1,0,0,0,0,0,4.5705E+20,5.54497E+21,8.40001E+15,5.00555E+16
28603,6,4,33,5,2018,3,11,4,3,0,1,0,1,0,0,0,0,0,0,4.53062E+20,5.53534E+21,8.34548E+15,4.99686E+16
28604,6,4,12,0,2018,3,15,4,3,5,3,0,1,1,0,0,0,0,0,4.80975E+20,5.55198E+21,8.73387E+15,5.01198E+16
28605,6,5,31,5,2018,3,13,5,3,3,2,0,1,1,0,0,0,0,0,4.77555E+20,5.60496E+21,8.68288E+15,5.05961E+16
28606,6,4,31,13,2018,3,22,6,3,5,2,2,0,1,0,0,0,0,1,4.56407E+20,5.49989E+21,8.3961E+15,4.965E+16
28607,6,5,33,6,2018,3,15,3,3,2,6,0,0,1,0,0,1,0,0,4.28972E+20,5.58452E+21,8.00041E+15,5.04084E+16
28608,6,4,40,14,2018,3,21,3,3,9,1,2,0,1,0,0,0,0,1,4.99184E+20,5.56704E+21,8.98855E+15,5.02555E+16
28609,6,5,35,18,2018,3,4,2,2,5,3,2,0,1,0,0,0,1,1,5.14836E+20,5.60178E+21,9.20949E+15,5.05677E+16
28610,6,6,34,11,2018,3,0,1,2,0,7,2,0,1,0,0,0,0,0,5.33634E+20,5.64667E+21,9.47903E+15,5.09706E+16
28611,6,5,32,11,2018,3,7,6,2,8,1,0,0,1,0,0,0,0,2,4.41457E+20,5.62386E+21,8.16991E+15,5.07636E+16
28612,6,5,32,8,2018,3,7,2,3,2,2,1,0,1,0,0,0,0,1,4.56295E+20,5.60606E+21,8.38238E+15,5.06048E+16
28613,6,4,14,0,2018,3,13,1,2,6,4,0,0,1,1,0,0,0,0,4.48077E+20,5.54076E+21,8.27524E+15,5.00168E+16
28614,6,4,35,14,2018,3,6,2,3,2,6,0,0,1,0,0,0,1,1,4.92111E+20,5.54745E+21,8.88974E+15,5.00792E+16
28615,6,5,31,11,2018,3,18,5,2,2,6,1,0,1,0,0,0,1,1,4.84918E+20,5.59396E+21,8.78735E+15,5.04975E+16
28616,6,4,35,12,2018,3,16,6,3,5,2,0,0,1,0,0,0,0,1,5.07665E+20,5.56021E+21,9.10738E+15,5.0194E+16
28617,6,4,13,0,2018,3,16,1,3,5,3,0,0,1,0,0,0,0,0,4.81959E+20,5.54837E+21,8.74781E+15,5.00873E+16
28618,6,4,31,11,2018,3,20,7,3,5,3,2,0,1,0,0,0,0,1,4.71667E+20,5.4995E+21,8.60752E+15,4.96474E+16
28619,6,5,34,14,2018,3,18,6,2,4,1,2,0,1,0,0,0,0,1,4.83442E+20,5.63205E+21,8.76484E+15,5.08399E+16
28620,6,4,14,0,2018,3,8,3,3,2,6,0,0,1,0,0,0,0,0,4.46623E+20,5.54553E+21,8.25429E+15,5.00596E+16
28621,6,4,37,9,2018,3,16,4,3,2,6,0,0,1,0,0,0,0,0,4.99125E+20,5.51572E+21,8.98784E+15,4.97939E+16
28622,6,6,33,11,2018,3,8,5,3,9,1,0,0,1,0,0,0,0,2,5.24039E+20,5.68443E+21,9.3449E+15,5.13107E+16
28623,6,6,31,2,2018,3,7,5,3,8,1,0,0,1,0,0,0,0,1,5.50481E+20,5.61646E+21,9.71478E+15,5.06978E+16
28624,6,4,39,7,2018,3,11,6,3,8,6,0,0,1,0,0,0,0,0,4.44895E+20,5.56656E+21,8.22709E+15,5.02486E+16
28625,6,4,37,16,2018,3,19,1,3,9,1,2,0,1,0,0,0,0,0,4.99293E+20,5.49392E+21,8.99021E+15,4.95979E+16
28626,6,4,12,0,2018,3,15,7,3,3,2,0,0,1,0,0,0,1,0,4.73777E+20,5.55004E+21,8.63332E+15,5.0102E+16
28627,6,6,31,18,2018,3,11,4,3,0,7,0,0,1,0,0,0,0,0,5.43454E+20,5.58958E+21,9.61215E+15,5.04566E+16
28628,6,6,34,5,2018,3,12,4,3,2,6,0,0,1,0,0,0,0,0,5.18907E+20,5.66184E+21,9.27007E+15,5.11077E+16
28629,6,4,12,0,2018,3,5,5,2,6,4,1,0,0,1,0,0,1,1,4.71799E+20,5.54984E+21,8.60568E+15,5.01002E+16
28630,6,4,35,14,2018,3,12,6,2,2,6,0,0,1,0,0,0,0,1,4.94059E+20,5.55254E+21,8.91688E+15,5.01251E+16
28631,6,4,35,6,2018,3,8,2,3,5,3,0,0,1,0,1,0,0,1,4.93439E+20,5.55854E+21,8.90812E+15,5.0179E+16
28632,6,4,33,3,2018,3,15,3,2,9,1,0,0,0,0,0,0,1,1,4.65813E+20,5.52918E+21,8.52383E+15,4.9914E+16
28633,6,6,11,0,2018,3,17,2,3,9,6,0,0,1,0,0,0,0,0,5.34281E+20,5.68429E+21,9.49182E+15,5.13089E+16
28634,6,4,11,0,2018,3,1,1,3,2,6,2,0,1,0,0,0,0,2,4.7284E+20,5.52131E+21,8.62226E+15,4.98436E+16
28635,6,6,34,14,2018,3,17,7,2,4,6,0,0,1,0,0,0,0,0,5.38303E+20,5.66593E+21,9.54756E+15,5.11435E+16
28636,6,6,34,19,2018,3,18,1,3,5,3,2,0,1,0,0,0,0,0,5.3478E+20,5.6305E+21,9.4938E+15,5.08252E+16
28637,6,4,12,0,2018,3,7,2,3,3,6,0,0,1,0,0,0,0,1,4.71489E+20,5.55114E+21,8.60124E+15,5.01118E+16
28638,6,5,33,9,2018,3,10,4,3,5,3,0,0,1,0,1,0,0,1,4.33345E+20,5.58167E+21,8.06245E+15,5.03833E+16
28639,6,4,35,25,2018,3,17,5,3,2,6,0,0,1,0,0,1,0,0,5.37107E+20,5.58114E+21,9.52191E+15,5.03812E+16
28640,6,4,40,8,2018,3,8,6,3,4,1,0,0,1,0,0,0,1,1,4.85814E+20,5.57499E+21,8.8007E+15,5.03268E+16
28641,6,6,34,10,2018,3,3,1,3,8,1,2,0,1,0,0,0,0,2,5.09468E+20,5.6489E+21,9.13491E+15,5.09916E+16
28642,6,4,31,21,2018,3,17,7,3,8,1,0,0,1,0,0,0,0,1,4.86524E+20,5.49048E+21,8.81363E+15,4.95667E+16
28643,6,4,35,14,2018,3,7,6,3,3,2,0,0,1,0,0,1,0,0,4.93556E+20,5.55326E+21,8.90984E+15,5.01316E+16