OBJECTID_1,ULAND,UREGBEZ,UKREIS,UGEMEINDE,UJAHR,UMONAT,USTUNDE,UWOCHENTAG,UKATEGORIE,UART,UTYP1,ULICHTVERH,IstRad,IstPKW,IstFuss,IstKrad,IstGkfz,IstSonstig,STRZUSTAND,LINREFX,LINREFY,XGCSWGS84,YGCSWGS84
29213,6,4,40,4,2018,3,5,7,3,8,1,2,0,1,0,0,0,0,2,5.0877E+20,5.5744E+21,9.12319E+15,5.03216E+16
29214,6,4,35,9,2018,4,15,6,3,5,2,0,0,1,0,1,0,0,0,5.08125E+20,5.55443E+21,9.11371E+15,5.0142E+16
29215,6,6,31,12,2018,4,15,1,3,4,1,0,0,1,0,0,0,0,2,5.7438E+20,5.60015E+21,1.00499E+16,5.05486E+16
29216,6,4,39,15,2018,3,9,3,3,5,3,0,0,1,0,0,0,0,1,4.38394E+20,5.55428E+21,8.13791E+15,5.01376E+16
29217,6,4,11,0,2018,3,15,2,3,0,1,0,0,0,0,1,0,0,0,4.73933E+20,5.52317E+21,8.63732E+15,4.98604E+16
29218,6,6,36,11,2018,4,13,4,2,2,6,0,0,1,0,0,1,0,0,5.7232E+20,5.65292E+21,1.00312E+16,5.10233E+16
29219,6,4,40,20,2018,3,13,5,3,2,6,0,0,1,0,0,0,0,0,4.98839E+20,5.57826E+21,8.98368E+15,5.03564E+16
29220,6,4,32,10,2018,3,16,1,3,8,1,0,0,0,0,1,0,0,0,4.97299E+20,5.52847E+21,8.96238E+15,4.99086E+16
29221,6,4,38,13,2018,4,10,3,3,2,6,0,0,1,0,0,0,0,0,4.97846E+20,5.54356E+21,8.96991E+15,5.00444E+16
29222,6,4,38,2,2018,3,19,3,3,5,3,2,0,1,0,0,0,0,0,4.77741E+20,5.5397E+21,8.68935E+15,5.00092E+16
29223,6,6,34,16,2018,3,6,6,3,2,6,0,0,1,0,0,0,0,1,5.14366E+20,5.64808E+21,9.20466E+15,5.09841E+16
29224,6,6,34,22,2018,3,9,4,3,5,3,0,0,1,0,0,0,0,1,5.14219E+20,5.64087E+21,9.20228E+15,5.09193E+16
29225,6,4,40,4,2018,3,5,7,2,8,1,2,0,1,0,0,0,0,2,5.08768E+20,5.57442E+21,9.12317E+15,5.03218E+16
29226,6,4,31,20,2018,4,4,7,3,3,6,2,0,1,0,0,0,0,0,4.6824E+20,5.49233E+21,8.56063E+15,4.95827E+16
29227,6,4,36,7,2018,4,17,2,2,0,1,0,0,0,0,1,0,0,0,4.59052E+20,5.55115E+21,8.42731E+15,5.01111E+16
29228,6,4,38,10,2018,3,7,3,3,2,3,0,0,1,0,0,1,0,1,4.92083E+20,5.54644E+21,8.88937E+15,5.00702E+16
29229,6,4,38,11,2018,3,7,5,3,2,6,0,0,1,0,0,1,1,0,4.92382E+20,5.54042E+21,8.89366E+15,5.0016E+16
29230,6,5,35,10,2018,3,16,3,2,5,2,0,0,1,0,0,0,0,0,5.11336E+20,5.62267E+21,9.16072E+15,5.07557E+16
29231,6,5,35,13,2018,3,16,7,2,5,3,0,0,1,0,1,0,0,0,5.08046E+20,5.60729E+21,9.11373E+15,5.06174E+16
29232,6,4,12,0,2018,4,18,6,3,2,6,0,0,1,0,0,0,0,0,4.66224E+20,5.55134E+21,8.52759E+15,5.01134E+16
29233,6,4,32,18,2018,3,4,1,3,9,1,2,0,1,0,0,0,0,0,4.68073E+20,5.51454E+21,8.5565E+15,4.97825E+16
29234,6,5,32,11,2018,3,14,6,3,4,6,0,0,1,0,0,0,0,0,4.47851E+20,5.6278E+21,8.25999E+15,5.07996E+16
29235,6,6,35,9,2018,3,17,7,2,2,6,0,0,0,0,1,0,0,0,5.13247E+20,5.66545E+21,9.18936E+15,5.11404E+16
29236,6,4,38,10,2018,3,14,3,3,5,3,0,0,1,0,0,0,0,1,4.90199E+20,5.54819E+21,8.863E+15,5.00859E+16
29237,6,5,32,23,2018,3,13,2,3,2,6,0,0,1,0,0,0,0,1,4.6549E+20,5.60153E+21,8.51274E+15,5.05647E+16
29238,6,5,31,16,2018,4,16,4,3,2,6,0,0,1,0,0,0,0,1,4.87733E+20,5.60519E+21,8.82667E+15,5.05985E+16
29239,6,5,33,12,2018,3,12,3,3,8,1,0,0,1,0,0,0,0,1,4.44131E+20,5.59442E+21,8.21224E+15,5.0499E+16
29240,6,6,33,20,2018,3,14,5,3,2,6,0,0,1,0,0,0,0,0,5.4071E+20,5.68708E+21,9.58437E+15,5.13336E+16
29241,6,4,35,14,2018,4,18,3,3,5,2,1,0,1,0,0,0,0,0,4.93555E+20,5.55348E+21,8.90981E+15,5.01335E+16
29242,6,4,40,16,2018,3,15,3,3,5,3,0,0,1,0,0,0,0,0,5.00136E+20,5.58436E+21,9.00191E+15,5.04112E+16
29243,6,6,33,29,2018,3,20,6,2,5,2,2,0,1,0,0,0,0,1,5.19671E+20,5.68548E+21,9.28228E+15,5.13203E+16
29244,6,4,31,6,2018,3,0,4,3,3,6,2,0,1,0,0,0,1,1,4.67172E+20,5.50719E+21,8.54461E+15,4.97163E+16
29245,6,5,34,12,2018,3,18,7,3,0,7,0,0,0,0,1,0,0,0,4.81046E+20,5.63669E+21,8.73056E+15,5.08816E+16
29246,6,4,33,12,2018,3,11,5,2,5,2,0,1,1,0,0,0,0,0,4.5814E+20,5.53415E+21,8.41642E+15,4.99583E+16
29247,6,4,33,7,2018,4,7,3,3,3,6,0,0,1,0,0,1,0,0,4.67065E+20,5.54721E+21,8.53972E+15,5.00762E+16
29248,6,5,32,6,2018,3,19,3,3,5,3,2,0,1,0,0,0,0,0,4.49898E+20,5.62429E+21,8.28951E+15,5.07682E+16
29249,6,4,14,0,2018,3,16,6,3,4,7,0,0,1,0,0,0,0,0,4.44528E+20,5.54534E+21,8.22505E+15,5.00578E+16
29250,6,4,38,9,2018,3,9,4,3,3,6,0,0,1,0,0,1,0,0,4.76819E+20,5.54403E+21,8.67622E+15,5.00481E+16
29251,6,6,31,11,2018,3,6,7,3,8,1,0,0,1,0,0,0,0,1,5.42804E+20,5.60504E+21,9.60477E+15,5.05957E+16
29252,6,5,31,5,2018,4,10,6,3,5,3,0,0,1,0,0,0,0,0,4.80512E+20,5.60663E+21,8.72457E+15,5.06113E+16
29253,6,4,12,0,2018,4,17,2,3,3,6,0,0,1,0,0,0,1,0,4.74611E+20,5.56094E+21,8.64426E+15,5.02001E+16
29254,6,4,38,12,2018,3,11,3,3,5,3,0,0,1,0,0,0,0,0,4.8754E+20,5.53503E+21,8.82626E+15,4.99675E+16
29255,6,5,32,20,2018,4,17,5,3,5,3,0,0,1,0,0,0,0,0,4.5231E+20,5.60932E+21,8.32566E+15,5.06338E+16
29256,6,4,32,20,2018,3,12,3,2,6,4,0,0,1,1,0,0,0,0,4.82241E+20,5.52316E+21,8.75291E+15,4.98606E+16
29257,6,4,12,0,2018,3,20,3,2,3,6,2,0,1,0,0,0,0,1,4.76358E+20,5.54547E+21,8.66969E+15,5.00611E+16
29258,6,5,32,23,2018,3,9,7,1,8,1,0,0,0,0,1,0,0,0,4.67056E+20,5.60377E+21,8.53465E+15,5.05849E+16
29259,6,4,38,9,2018,4,12,5,3,2,6,0,0,1,0,0,0,0,0,4.74762E+20,5.54503E+21,8.64743E+15,5.0057E+16
29260,6,4,31,16,2018,4,15,6,2,2,6,0,0,0,0,0,1,1,0,4.67717E+20,5.49912E+21,8.55284E+15,4.96438E+16
29261,6,5,31,16,2018,3,22,6,3,1,1,2,0,1,0,0,0,0,0,4.89885E+20,5.6045E+21,8.8571E+15,5.05923E+16
29262,6,4,32,9,2018,3,14,7,3,9,1,0,0,1,0,0,0,0,0,4.87159E+20,5.51559E+21,8.82159E+15,4.97926E+16
29263,6,5,34,10,2018,3,10,3,3,2,2,0,0,1,0,0,0,1,0,4.72353E+20,5.62407E+21,8.60795E+15,5.07677E+16
29264,6,4,11,0,2018,3,15,2,2,2,6,0,0,1,0,1,0,0,0,4.71276E+20,5.5241E+21,8.60029E+15,4.98686E+16
29265,6,6,32,2,2018,4,17,4,3,2,6,0,0,0,0,0,1,0,0,5.44887E+20,5.63319E+21,9.63763E+15,5.08486E+16
29266,6,4,33,12,2018,3,16,3,3,5,3,0,0,1,0,0,0,0,0,4.61726E+20,5.53763E+21,8.46606E+15,4.99898E+16
29267,6,6,31,2,2018,3,12,1,3,8,1,0,0,1,0,0,0,0,0,5.48191E+20,5.61454E+21,9.68211E+15,5.06807E+16
29268,6,4,12,0,2018,3,8,5,3,2,6,0,0,1,0,0,0,0,0,4.65945E+20,5.55111E+21,8.52372E+15,5.01113E+16
29269,6,6,33,28,2018,4,9,3,3,0,6,0,0,1,0,0,1,0,0,5.13424E+20,5.69428E+21,9.19297E+15,5.13996E+16
29270,6,5,34,18,2018,3,8,3,3,2,2,0,0,1,0,0,0,0,0,5.0103E+20,5.63031E+21,9.01462E+15,5.08245E+16
29271,6,4,34,5,2018,3,10,6,3,5,3,0,0,1,0,1,0,0,0,4.61752E+20,5.56004E+21,8.46418E+15,5.01914E+16
29272,6,6,34,4,2018,3,18,3,3,8,1,0,0,1,0,0,0,0,0,5.24099E+20,5.6448E+21,9.3431E+15,5.09543E+16
29273,6,5,31,8,2018,3,14,7,3,2,6,0,0,1,0,0,0,0,0,4.93614E+20,5.59077E+21,8.91001E+15,5.04689E+16
29274,6,6,35,8,2018,4,17,6,3,8,1,0,0,0,0,1,0,0,0,5.0554E+20,5.70433E+21,9.07979E+15,5.14901E+16
29275,6,4,39,5,2018,4,13,1,3,9,1,0,0,0,0,1,0,0,1,4.3078E+20,5.56224E+21,8.02994E+15,5.02083E+16
29276,6,5,32,14,2018,4,14,5,2,5,3,0,0,1,0,0,0,0,0,4.74074E+20,5.59667E+21,8.63428E+15,5.05215E+16
29277,6,4,33,7,2018,3,10,3,3,2,6,0,0,1,0,0,1,1,1,4.6734E+20,5.54392E+21,8.54384E+15,5.00467E+16
29278,6,6,11,0,2018,3,23,2,3,5,3,2,0,1,0,0,0,0,0,5.35465E+20,5.68542E+21,9.50892E+15,5.13189E+16
29279,6,4,12,0,2018,3,19,7,3,2,6,2,0,1,0,0,0,0,0,4.66531E+20,5.55168E+21,8.53187E+15,5.01164E+16
29280,6,4,14,0,2018,4,14,4,3,2,6,0,0,1,0,0,0,0,1,4.48964E+20,5.54103E+21,8.28758E+15,5.00194E+16
29281,6,6,34,21,2018,4,12,5,3,9,1,0,0,1,0,0,0,0,1,5.20339E+20,5.63426E+21,9.28898E+15,5.08597E+16
29282,6,4,11,0,2018,3,17,5,3,5,3,0,0,1,0,1,0,0,0,4.76192E+20,5.52275E+21,8.66878E+15,4.98567E+16
29283,6,4,39,14,2018,3,14,6,3,5,3,0,1,1,0,0,0,0,0,4.37435E+20,5.54872E+21,8.12542E+15,5.00875E+16
29284,6,4,13,0,2018,4,19,6,3,6,7,0,1,0,1,0,0,0,0,4.82634E+20,5.55085E+21,8.75714E+15,5.01096E+16
29285,6,4,31,22,2018,4,12,2,3,2,6,0,0,1,0,0,0,0,0,4.70619E+20,5.5087E+21,8.59232E+15,4.97301E+16
29286,6,4,12,0,2018,3,7,3,3,8,1,0,0,1,0,0,0,0,0,4.71612E+20,5.54509E+21,8.60341E+15,5.00574E+16
29287,6,4,33,12,2018,4,13,5,3,5,2,0,1,1,0,0,0,0,0,4.57908E+20,5.53712E+21,8.41286E+15,4.99849E+16
29288,6,4,14,0,2018,3,6,3,3,2,6,1,0,0,0,0,1,1,0,4.53778E+20,5.54931E+21,8.35377E+15,5.00942E+16
29289,6,4,40,6,2018,3,6,3,3,8,1,2,0,1,0,0,1,0,0,4.9329E+20,5.58372E+21,8.90558E+15,5.04055E+16
29290,6,4,36,4,2018,3,16,7,3,3,6,0,0,1,0,0,0,0,0,4.59072E+20,5.54301E+21,8.42847E+15,5.0038E+16
29291,6,6,36,3,2018,4,16,4,3,0,7,0,1,1,0,0,0,0,0,5.73612E+20,5.67104E+21,1.00533E+16,5.11861E+16
29292,6,6,11,0,2018,4,15,5,3,5,3,0,0,1,0,0,0,0,0,5.36008E+20,5.68511E+21,9.51668E+15,5.13162E+16
29293,6,4,14,0,2018,3,16,5,3,2,6,0,0,1,0,0,0,0,0,4.45027E+20,5.54719E+21,8.23175E+15,5.00744E+16
29294,6,6,31,11,2018,3,16,7,3,9,1,0,0,1,0,1,0,0,0,5.34352E+20,5.60322E+21,9.48519E+15,5.05798E+16
29295,6,4,12,0,2018,3,14,1,3,5,3,0,0,1,0,0,0,0,0,4.75752E+20,5.55908E+21,8.66036E+15,5.01834E+16
29296,6,4,40,5,2018,4,8,4,3,2,6,0,0,1,0,0,0,0,0,4.78615E+20,5.58394E+21,8.69905E+15,5.04071E+16
29297,6,4,33,2,2018,3,7,3,3,2,6,0,0,1,0,0,0,0,0,4.52558E+20,5.53686E+21,8.33827E+15,4.99822E+16
29298,6,4,40,18,2018,3,21,5,3,2,6,2,0,1,0,0,1,0,0,4.78624E+20,5.57904E+21,8.69946E+15,5.03631E+16
29299,6,6,11,0,2018,4,18,2,3,0,1,0,0,0,0,1,0,0,0,5.34762E+20,5.68573E+21,9.49886E+15,5.13218E+16
29300,6,4,14,0,2018,3,10,2,3,6,4,0,0,1,1,0,0,0,0,4.45936E+20,5.54758E+21,8.2444E+15,5.00781E+16
29301,6,5,34,11,2018,3,6,6,3,4,7,0,0,1,0,0,1,0,1,4.93638E+20,5.6291E+21,8.9097E+15,5.08136E+16
29302,6,4,12,0,2018,3,16,3,3,2,6,0,0,1,0,0,0,0,0,4.71567E+20,5.54985E+21,8.60243E+15,5.01002E+16
29303,6,4,33,8,2018,3,16,7,3,2,6,0,0,1,0,0,0,0,0,4.7104E+20,5.53945E+21,8.59585E+15,5.00067E+16
29304,6,4,34,9,2018,4,18,6,3,8,1,0,0,0,0,1,0,0,0,4.627E+20,5.56712E+21,8.47676E+15,5.02551E+16
29305,6,4,40,24,2018,4,12,1,3,5,3,0,0,1,0,0,0,0,0,4.86112E+20,5.58252E+21,8.80461E+15,5.03945E+16
29306,6,4,12,0,2018,3,14,2,3,3,2,0,0,1,0,0,1,0,0,4.75498E+20,5.55106E+21,8.65732E+15,5.01113E+16
29307,6,4,12,0,2018,3,17,2,3,2,6,0,0,1,0,0,0,0,0,4.81387E+20,5.55224E+21,8.73962E+15,5.01222E+16
29308,6,4,12,0,2018,4,16,4,3,5,3,0,1,1,0,0,0,0,1,4.77915E+20,5.5531E+21,8.69101E+15,5.01297E+16
29309,6,4,34,8,2018,3,5,5,3,8,1,2,0,1,0,0,0,0,1,4.6877E+20,5.56285E+21,8.56226E+15,5.0217E+16
29310,6,4,40,12,2018,3,11,1,3,5,2,0,1,1,0,0,0,0,0,4.79647E+20,5.56393E+21,8.71466E+15,5.02272E+16
29311,6,6,33,10,2018,4,7,3,3,8,1,0,0,1,0,0,0,0,0,5.30047E+20,5.70041E+21,9.43244E+15,5.14541E+16
29312,6,4,12,0,2018,3,23,2,3,0,1,2,1,0,0,0,0,0,0,4.72222E+20,5.55261E+21,8.61139E+15,5.01251E+16
29313,6,4,12,0,2018,3,16,4,3,3,6,0,0,1,0,0,1,0,1,4.78606E+20,5.55029E+21,8.70083E+15,5.01044E+16
29314,6,4,38,13,2018,3,16,1,3,5,3,0,1,1,0,0,0,0,0,4.97001E+20,5.54375E+21,8.95811E+15,5.0046E+16
29315,6,4,13,0,2018,4,19,3,3,5,3,0,0,1,0,0,0,0,0,4.84536E+20,5.54947E+21,8.78379E+15,5.00973E+16
29316,6,4,11,0,2018,3,11,2,3,2,6,0,0,1,0,0,0,0,0,4.74445E+20,5.52447E+21,8.64436E+15,4.9872E+16
29317,6,6,11,0,2018,3,21,4,2,6,4,2,0,1,1,0,0,0,1,5.34943E+20,5.68589E+21,9.50148E+15,5.13233E+16
29318,6,4,12,0,2018,4,9,2,3,5,3,0,0,1,0,0,0,0,0,4.76295E+20,5.5485E+21,8.66863E+15,5.00883E+16
29319,6,6,34,26,2018,3,14,2,3,5,3,0,0,1,0,0,0,0,0,5.13794E+20,5.63317E+21,9.19596E+15,5.085E+16
29320,6,5,31,5,2018,3,18,6,3,5,3,0,0,0,0,0,0,1,0,4.77229E+20,5.60334E+21,8.67837E+15,5.05816E+16
29321,6,6,34,13,2018,3,21,3,3,9,1,2,0,1,0,0,0,0,1,5.38217E+20,5.66084E+21,9.54579E+15,5.10978E+16
29322,6,4,32,6,2018,3,13,7,3,2,6,0,0,1,0,0,0,0,0,4.71883E+20,5.53362E+21,8.60804E+15,4.99543E+16
29323,6,4,31,2,2018,4,15,6,3,2,6,0,0,1,0,0,0,0,0,4.73257E+20,5.50167E+21,8.6294E+15,4.9667E+16
29324,6,5,31,11,2018,4,14,1,2,5,2,0,0,1,0,0,0,0,0,4.87969E+20,5.59697E+21,8.83028E+15,5.05246E+16
29325,6,6,34,3,2018,3,16,2,2,5,3,0,1,1,0,0,0,0,0,5.26873E+20,5.66659E+21,9.38422E+15,5.11501E+16
29326,6,4,38,2,2018,3,14,2,3,2,6,0,0,1,0,0,0,0,0,4.82593E+20,5.54379E+21,8.75689E+15,5.00461E+16
29327,6,4,39,11,2018,4,15,4,2,5,3,0,0,1,0,0,0,0,1,4.51896E+20,5.55556E+21,8.32668E+15,5.01503E+16
29328,6,4,12,0,2018,3,3,7,2,3,6,2,1,1,0,0,0,0,1,4.75945E+20,5.54888E+21,8.66371E+15,5.00917E+16
29329,6,5,34,7,2018,3,16,5,3,9,6,0,0,1,0,0,0,1,1,4.7266E+20,5.63517E+21,8.61148E+15,5.08676E+16
29330,6,4,36,4,2018,4,10,3,3,5,3,0,0,0,0,1,0,1,0,4.59891E+20,5.54429E+21,8.43976E+15,5.00495E+16
29331,6,6,11,0,2018,3,8,2,2,5,3,0,0,0,0,0,1,1,0,5.31672E+20,5.68102E+21,9.4541E+15,5.12796E+16
29332,6,6,32,4,2018,3,15,6,3,9,1,0,0,0,0,0,1,0,0,5.37786E+20,5.62475E+21,9.53589E+15,5.07733E+16
29333,6,6,36,6,2018,3,17,4,3,2,6,0,0,1,0,0,0,0,1,5.48229E+20,5.67381E+21,9.69049E+15,5.12136E+16
29334,6,4,33,5,2018,3,16,7,2,8,1,0,0,0,0,1,0,0,0,4.52172E+20,5.53655E+21,8.33293E+15,4.99793E+16
29335,6,4,35,17,2018,4,23,6,2,2,6,2,0,1,0,0,0,0,0,5.02695E+20,5.5581E+21,9.03774E+15,5.01751E+16
29336,6,5,34,14,2018,4,13,2,3,0,2,0,0,1,0,0,0,0,0,4.83527E+20,5.62722E+21,8.76626E+15,5.07965E+16
29337,6,4,35,25,2018,3,16,2,3,5,2,0,0,1,0,0,0,0,0,5.37309E+20,5.57846E+21,9.52449E+15,5.0357E+16
29338,6,4,40,13,2018,3,10,5,3,5,3,0,0,1,0,0,0,1,1,5.1797E+20,5.57701E+21,9.25255E+15,5.03449E+16
29339,6,5,32,21,2018,3,19,3,3,8,1,2,0,1,0,0,0,0,1,4.58437E+20,5.60023E+21,8.4133E+15,5.05526E+16
29340,6,5,32,23,2018,3,9,7,1,8,1,0,0,1,0,0,1,0,0,4.69215E+20,5.59992E+21,8.56547E+15,5.05504E+16
29341,6,4,31,20,2018,4,18,6,2,2,6,1,0,1,0,0,0,0,0,4.68123E+20,5.48735E+21,8.55941E+15,4.95379E+16
29342,6,4,31,15,2018,3,13,6,3,8,1,0,0,0,0,1,0,0,0,4.84268E+20,5.50832E+21,8.78171E+15,4.97272E+16
29343,6,4,39,15,2018,3,19,7,3,8,1,0,1,0,0,0,0,0,0,4.39784E+20,5.55482E+21,8.15729E+15,5.01425E+16
29344,6,5,32,16,2018,4,10,7,3,5,3,0,1,1,0,0,0,0,0,4.54566E+20,5.59982E+21,8.35871E+15,5.05485E+16
29345,6,6,33,13,2018,4,9,2,3,4,6,0,0,1,0,0,0,1,0,5.29499E+20,5.70418E+21,9.42488E+15,5.1488E+16
29346,6,4,35,25,2018,3,16,2,3,2,6,0,0,1,0,0,0,0,0,5.36437E+20,5.576E+21,9.51199E+15,5.0335E+16
29347,6,4,14,0,2018,3,18,5,3,6,4,1,0,1,1,0,0,0,0,4.45396E+20,5.54753E+21,8.23686E+15,5.00775E+16
29348,6,4,36,8,2018,3,11,3,3,1,7,0,0,1,0,0,0,0,0,4.60805E+20,5.55377E+21,8.45155E+15,5.01349E+16
29349,6,4,13,0,2018,4,17,6,3,2,6,0,0,1,0,0,0,1,0,4.82871E+20,5.54601E+21,8.76066E+15,5.00661E+16
29350,6,4,40,5,2018,3,6,6,3,1,5,1,0,1,0,0,0,0,0,4.76804E+20,5.58632E+21,8.67342E+15,5.04285E+16
29351,6,4,14,0,2018,3,15,7,3,2,6,0,0,1,0,1,0,0,0,4.44705E+20,5.54678E+21,8.22731E+15,5.00707E+16
29352,6,4,35,19,2018,3,10,2,3,5,3,0,0,1,0,0,0,0,0,4.88803E+20,5.55544E+21,8.84327E+15,5.0151E+16
29353,6,4,32,11,2018,3,18,2,2,5,2,0,0,1,0,1,0,0,0,4.87376E+20,5.52448E+21,8.82432E+15,4.98725E+16
29354,6,4,31,8,2018,4,17,4,3,4,1,0,0,1,0,0,0,0,0,4.8042E+20,5.48772E+21,8.72936E+15,4.95418E+16
29355,6,4,35,19,2018,3,7,2,3,3,6,0,0,1,0,0,0,0,2,4.86076E+20,5.55629E+21,8.80507E+15,5.01587E+16
29356,6,5,31,4,2018,3,13,5,3,5,3,0,0,1,0,0,0,0,0,4.85622E+20,5.60058E+21,8.79702E+15,5.05569E+16
29357,6,5,34,18,2018,4,5,3,3,5,3,2,1,1,0,0,0,0,1,5.00868E+20,5.6293E+21,9.01233E+15,5.08154E+16
29358,6,4,38,11,2018,3,13,2,3,5,2,0,0,1,0,0,0,0,1,4.92328E+20,5.53834E+21,8.89296E+15,4.99973E+16
29359,6,4,12,0,2018,3,10,6,3,3,6,0,0,1,0,0,0,0,1,4.79249E+20,5.55327E+21,8.70966E+15,5.01313E+16
29360,6,5,32,23,2018,3,18,4,3,3,6,1,0,1,0,0,0,0,1,4.69308E+20,5.6006E+21,8.56672E+15,5.05565E+16
29361,6,6,32,8,2018,4,15,6,2,0,1,0,0,0,0,1,0,0,0,5.48285E+20,5.62374E+21,9.68464E+15,5.07634E+16
29362,6,4,36,7,2018,4,14,2,2,2,6,0,0,1,0,0,0,0,0,4.5492E+20,5.54701E+21,8.37001E+15,5.00736E+16
29363,6,4,34,13,2018,3,17,2,2,4,6,0,0,1,0,0,0,0,0,4.56402E+20,5.57621E+21,8.38737E+15,5.03363E+16
29364,6,4,32,18,2018,4,11,5,2,5,3,0,0,1,0,0,1,0,0,4.74054E+20,5.51667E+21,8.63945E+15,4.98019E+16
29365,6,4,35,29,2018,3,22,2,3,5,3,2,0,1,0,1,0,0,0,5.22734E+20,5.56667E+21,9.31888E+15,5.02518E+16
29366,6,4,12,0,2018,3,15,3,3,3,6,0,0,1,0,0,1,0,0,4.7479E+20,5.54521E+21,8.6478E+15,5.00587E+16
29367,6,4,31,20,2018,4,6,5,3,2,6,1,0,0,0,0,1,1,0,4.68127E+20,5.48639E+21,8.55954E+15,4.95293E+16
29368,6,4,31,16,2018,4,14,6,2,2,6,0,0,1,0,0,0,0,0,4.67733E+20,5.49895E+21,8.55307E+15,4.96422E+16
29369,6,6,36,3,2018,3,13,5,3,2,2,0,0,1,0,0,0,1,0,5.7249E+20,5.67179E+21,1.00374E+16,5.1193E+16
29370,6,4,40,8,2018,3,12,7,3,2,6,0,0,1,0,0,0,0,0,4.81142E+20,5.57547E+21,8.73505E+15,5.03311E+16
29371,6,5,33,6,2018,3,22,1,3,1,2,2,0,1,0,0,0,0,0,4.31527E+20,5.58519E+21,8.03625E+15,5.04147E+16
29372,6,4,31,20,2018,4,14,4,2,8,1,0,0,0,0,0,1,0,0,4.68122E+20,5.4874E+21,8.55939E+15,4.95384E+16
29373,6,4,35,18,2018,3,14,2,3,5,3,0,0,1,0,0,0,0,0,5.16346E+20,5.55871E+21,9.22894E+15,5.01804E+16
29374,6,4,36,6,2018,3,8,5,3,3,6,0,0,1,0,0,1,0,0,4.57247E+20,5.54384E+21,8.40289E+15,5.00453E+16
29375,6,4,39,11,2018,4,9,3,3,2,6,0,0,1,0,0,1,0,0,4.48535E+20,5.55837E+21,8.27927E+15,5.01753E+16
29376,6,4,38,12,2018,3,16,2,3,5,2,0,0,1,0,0,0,0,1,4.86737E+20,5.53707E+21,8.81498E+15,4.99858E+16
29377,6,4,32,4,2018,3,16,2,3,5,3,0,0,1,0,0,0,0,0,4.88703E+20,5.52621E+21,8.84273E+15,4.98882E+16
29378,6,5,31,4,2018,3,12,2,3,2,6,0,0,1,0,0,0,0,0,4.85337E+20,5.59902E+21,8.79306E+15,5.0543E+16
29379,6,4,38,4,2018,4,19,4,3,2,1,0,0,1,0,0,1,0,0,4.9346E+20,5.5448E+21,8.90864E+15,5.00555E+16
29380,6,4,31,3,2018,3,6,2,3,5,3,0,0,1,0,0,0,0,0,4.5885E+20,5.50417E+21,8.4295E+15,4.96886E+16
29381,6,6,32,15,2018,3,1,5,3,9,1,2,0,0,0,0,1,0,1,5.39465E+20,5.62975E+21,9.56023E+15,5.08182E+16
29382,6,5,31,6,2018,4,17,3,3,7,7,0,0,1,0,0,0,0,0,4.95919E+20,5.60268E+21,8.94237E+15,5.05761E+16
29383,6,5,35,2,2018,3,13,2,2,4,7,0,0,1,0,0,0,1,0,5.10834E+20,5.62957E+21,9.1538E+15,5.08178E+16
29384,6,4,38,9,2018,3,21,6,3,2,6,2,0,1,0,0,0,0,1,4.81585E+20,5.5453E+21,8.74273E+15,5.00597E+16
29385,6,4,34,1,2018,3,19,4,3,2,6,0,0,1,0,0,0,1,1,4.75966E+20,5.56385E+21,8.66306E+15,5.02264E+16
29386,6,4,12,0,2018,4,19,6,3,2,6,0,0,1,0,0,0,0,0,4.74995E+20,5.55658E+21,8.64992E+15,5.01609E+16
29387,6,4,11,0,2018,4,18,1,3,9,1,0,0,1,0,0,0,0,1,4.7451E+20,5.52916E+21,8.64496E+15,4.99143E+16
29388,6,5,34,18,2018,3,16,2,2,6,4,0,0,1,1,0,0,0,0,5.0092E+20,5.63109E+21,9.01306E+15,5.08315E+16
29389,6,4,33,14,2018,4,9,5,2,5,2,0,0,1,0,0,0,0,0,4.56788E+20,5.5267E+21,8.3984E+15,4.98911E+16
29390,6,5,34,18,2018,3,5,2,3,2,6,1,0,1,0,0,0,0,0,5.03313E+20,5.63139E+21,9.04705E+15,5.08342E+16
29391,6,5,31,18,2018,3,9,2,3,3,6,0,0,1,0,0,1,0,0,4.75653E+20,5.60678E+21,8.65588E+15,5.06124E+16
29392,6,5,33,3,2018,4,0,4,2,8,1,2,0,0,0,1,0,0,0,4.45796E+20,5.57281E+21,8.23883E+15,5.03049E+16
29393,6,4,12,0,2018,4,21,5,3,0,6,2,0,0,0,1,0,1,0,4.75031E+20,5.54614E+21,8.65112E+15,5.0067E+16
29394,6,4,13,0,2018,3,14,5,3,2,6,0,0,1,0,0,0,0,0,4.80935E+20,5.54625E+21,8.7336E+15,5.00682E+16
29395,6,4,14,0,2018,3,22,6,3,5,3,2,0,1,0,0,0,0,0,4.48983E+20,5.54106E+21,8.28784E+15,5.00197E+16
29396,6,4,39,14,2018,3,12,1,3,9,1,0,0,1,0,0,0,0,0,4.32513E+20,5.54885E+21,8.0566E+15,5.00881E+16
29397,6,5,33,9,2018,4,16,3,3,5,3,0,0,1,0,0,0,0,0,4.32833E+20,5.58244E+21,8.05511E+15,5.03902E+16
29398,6,6,31,20,2018,3,19,2,3,5,3,2,0,1,0,0,0,0,0,5.49879E+20,5.60303E+21,9.70445E+15,5.05771E+16
29399,6,5,35,15,2018,3,11,4,2,2,6,0,0,1,0,0,0,0,1,5.39345E+20,5.61335E+21,9.55678E+15,5.06707E+16
29400,6,4,14,0,2018,4,3,2,1,8,1,2,0,1,0,0,0,0,0,4.42799E+20,5.5439E+21,8.20111E+15,5.00446E+16
29401,6,6,31,17,2018,3,15,2,3,8,1,0,0,0,0,1,0,0,0,5.52575E+20,5.59729E+21,9.74172E+15,5.05252E+16