OBJECTID_1,ULAND,UREGBEZ,UKREIS,UGEMEINDE,UJAHR,UMONAT,USTUNDE,UWOCHENTAG,UKATEGORIE,UART,UTYP1,ULICHTVERH,IstRad,IstPKW,IstFuss,IstKrad,IstGkfz,IstSonstig,STRZUSTAND,LINREFX,LINREFY,XGCSWGS84,YGCSWGS84
29402,6,6,31,20,2018,3,16,6,3,2,6,0,0,1,0,0,0,0,1,5.51659E+20,5.60764E+21,9.73023E+15,5.06183E+16
29403,6,4,12,0,2018,3,9,3,3,2,6,0,0,1,0,1,0,0,0,4.76306E+20,5.55331E+21,8.66848E+15,5.01316E+16
29404,6,4,12,0,2018,3,16,1,3,3,6,0,0,1,0,0,0,0,0,4.81323E+20,5.55017E+21,8.73883E+15,5.01035E+16
29405,6,5,33,17,2018,4,15,6,3,2,6,0,0,1,0,0,0,0,0,4.48914E+20,5.59236E+21,8.27996E+15,5.0481E+16
29406,6,5,34,13,2018,4,14,1,3,9,1,0,0,1,0,0,0,0,1,4.74443E+20,5.61999E+21,8.63787E+15,5.07311E+16
29407,6,6,31,9,2018,3,17,2,3,5,3,0,0,1,0,0,0,0,0,5.47706E+20,5.60077E+21,9.67348E+15,5.05569E+16
29408,6,4,32,23,2018,3,17,2,3,2,6,0,0,1,0,0,0,0,1,4.71849E+20,5.52739E+21,8.60802E+15,4.98983E+16
29409,6,5,32,6,2018,3,15,6,3,0,3,0,0,1,0,0,0,0,0,4.49352E+20,5.62124E+21,8.28219E+15,5.07407E+16
29410,6,6,33,26,2018,3,18,3,3,5,2,0,0,1,0,0,0,0,0,5.3272E+20,5.69056E+21,9.47E+15,5.13653E+16
29411,6,4,38,4,2018,4,9,6,3,1,7,0,0,1,0,0,0,1,0,4.95163E+20,5.54707E+21,8.93241E+15,5.00759E+16
29412,6,5,33,10,2018,4,11,1,1,4,1,0,0,1,0,0,0,0,1,4.47973E+20,5.59484E+21,8.26635E+15,5.05032E+16
29413,6,4,12,0,2018,3,5,2,3,2,6,1,0,1,0,0,0,0,2,4.83141E+20,5.55648E+21,8.76397E+15,5.01603E+16
29414,6,4,14,0,2018,3,11,2,2,1,7,0,1,1,0,0,0,0,0,4.49685E+20,5.53972E+21,8.29782E+15,5.00077E+16
29415,6,4,14,0,2018,4,15,4,3,0,1,0,0,0,0,1,0,0,1,4.45556E+20,5.54833E+21,8.23898E+15,5.00847E+16
29416,6,6,11,0,2018,4,14,5,3,2,6,0,0,1,0,0,0,0,0,5.33373E+20,5.68209E+21,9.47859E+15,5.12891E+16
29417,6,6,35,11,2018,3,10,5,3,4,6,0,0,1,0,0,0,0,1,4.81892E+20,5.65632E+21,8.74162E+15,5.10582E+16
29418,6,4,35,4,2018,3,21,6,2,8,1,2,0,1,0,0,0,0,0,5.1928E+20,5.57761E+21,9.27099E+15,5.03503E+16
29419,6,4,34,11,2018,3,15,1,3,3,2,0,0,0,0,1,0,0,0,4.67421E+20,5.57577E+21,8.54224E+15,5.03332E+16
29420,6,4,37,13,2018,4,14,3,3,8,1,0,0,0,0,1,0,0,0,4.92058E+20,5.50721E+21,8.88983E+15,4.97173E+16
29421,6,5,31,6,2018,3,17,2,3,5,3,0,0,1,0,0,0,0,0,4.92021E+20,5.60265E+21,8.88731E+15,5.05757E+16
29422,6,4,14,0,2018,3,6,4,3,5,2,2,0,1,0,0,0,0,1,4.43416E+20,5.54369E+21,8.20976E+15,5.00428E+16
29423,6,6,34,13,2018,4,20,2,3,2,6,2,0,1,0,0,0,0,0,5.37611E+20,5.66197E+21,9.53726E+15,5.1108E+16
29424,6,5,31,10,2018,3,10,2,3,5,2,0,0,1,0,0,0,1,0,4.99759E+20,5.59887E+21,8.9966E+15,5.05418E+16
29425,6,4,40,5,2018,3,5,6,2,3,6,2,0,1,0,0,1,0,0,4.78344E+20,5.58752E+21,8.69504E+15,5.04393E+16
29426,6,4,35,25,2018,3,22,3,3,5,3,2,0,1,0,0,0,0,1,5.37172E+20,5.57789E+21,9.5225E+15,5.0352E+16
29427,6,5,35,13,2018,4,19,6,2,5,3,0,0,1,0,1,0,0,0,5.0535E+20,5.60357E+21,9.07557E+15,5.0584E+16
29428,6,5,33,9,2018,3,19,7,3,3,6,0,0,1,0,1,0,0,0,4.35298E+20,5.58139E+21,8.08997E+15,5.0381E+16
29429,6,5,31,4,2018,3,9,2,3,2,6,0,0,1,0,0,0,0,2,4.81685E+20,5.60366E+21,8.7413E+15,5.05846E+16
29430,6,4,13,0,2018,3,17,2,1,0,6,0,0,1,0,0,1,0,0,4.83029E+20,5.54495E+21,8.76292E+15,5.00566E+16
29431,6,4,38,2,2018,4,12,4,2,5,7,0,0,1,0,0,0,0,0,4.81548E+20,5.53589E+21,8.74267E+15,4.99751E+16
29432,6,4,32,18,2018,3,7,2,3,2,6,0,0,1,0,0,0,0,0,4.68206E+20,5.51475E+21,8.55833E+15,4.97843E+16
29433,6,4,32,23,2018,3,14,7,3,5,3,0,0,1,0,0,0,0,0,4.71259E+20,5.5303E+21,8.59959E+15,4.99243E+16
29434,6,5,35,13,2018,3,12,5,2,4,6,0,0,1,0,0,0,1,0,5.09244E+20,5.61039E+21,9.13074E+15,5.06453E+16
29435,6,4,40,16,2018,4,14,3,3,1,7,0,0,1,0,0,0,0,0,5.00658E+20,5.58509E+21,9.00926E+15,5.04178E+16
29436,6,4,33,8,2018,4,13,7,3,3,6,0,0,1,0,0,0,0,0,4.70989E+20,5.53979E+21,8.59512E+15,5.00097E+16
29437,6,4,34,6,2018,4,17,4,3,2,6,0,0,1,0,0,0,0,0,4.65834E+20,5.55826E+21,8.52152E+15,5.01755E+16
29438,6,4,12,0,2018,4,1,6,3,3,6,2,0,1,0,1,0,0,0,4.78586E+20,5.54997E+21,8.70057E+15,5.01016E+16
29439,6,4,35,14,2018,4,17,2,3,2,6,0,0,1,0,0,0,0,0,4.95029E+20,5.5544E+21,8.93043E+15,5.01418E+16
29440,6,5,32,11,2018,4,16,6,3,5,2,0,0,1,0,0,0,0,1,4.40612E+20,5.62392E+21,8.15791E+15,5.0764E+16
29441,6,6,31,9,2018,4,14,5,2,5,3,0,1,0,0,0,1,0,0,5.47928E+20,5.59843E+21,9.67632E+15,5.05359E+16
29442,6,4,35,10,2018,4,6,4,3,6,2,0,0,1,1,0,0,0,1,5.16489E+20,5.56166E+21,9.23107E+15,5.02069E+16
29443,6,5,34,1,2018,4,15,6,2,9,1,0,0,0,0,1,0,0,0,4.93555E+20,5.62378E+21,8.90862E+15,5.07658E+16
29444,6,5,31,8,2018,4,16,6,2,9,1,0,0,1,0,0,0,0,1,4.94586E+20,5.5941E+21,8.92367E+15,5.04988E+16
29445,6,4,11,0,2018,4,6,2,3,8,1,1,0,1,0,0,0,0,1,4.70872E+20,5.52119E+21,8.59489E+15,4.98424E+16
29446,6,4,32,9,2018,4,12,2,3,2,2,0,0,0,0,1,0,1,0,4.86485E+20,5.5148E+21,8.81225E+15,4.97855E+16
29447,6,4,34,1,2018,4,13,4,3,1,5,0,1,0,0,0,0,1,0,4.70442E+20,5.5647E+21,8.58555E+15,5.02337E+16
29448,6,4,40,5,2018,4,19,4,3,5,3,0,0,1,0,0,0,0,0,4.74667E+20,5.59026E+21,8.64307E+15,5.04638E+16
29449,6,4,39,4,2018,4,13,5,3,5,3,0,0,1,0,0,0,0,0,4.27208E+20,5.53778E+21,7.98456E+15,4.99879E+16
29450,6,4,14,0,2018,4,13,7,3,5,3,0,0,1,0,0,0,0,0,4.43807E+20,5.54598E+21,8.21488E+15,5.00634E+16
29451,6,6,34,14,2018,4,20,3,3,2,6,0,0,1,0,1,0,0,0,5.37836E+20,5.6649E+21,9.54077E+15,5.11343E+16
29452,6,5,32,12,2018,4,16,4,3,2,6,0,0,1,0,0,0,0,0,4.51276E+20,5.61651E+21,8.31008E+15,5.06984E+16
29453,6,4,32,8,2018,4,12,3,3,2,6,0,0,1,0,0,0,0,0,4.69775E+20,5.52347E+21,8.57945E+15,4.98629E+16
29454,6,4,14,0,2018,4,16,6,3,2,6,0,0,1,0,0,0,0,1,4.48644E+20,5.54051E+21,8.28319E+15,5.00147E+16
29455,6,5,32,6,2018,4,17,4,3,2,6,0,0,1,0,0,0,0,0,4.50009E+20,5.62434E+21,8.29109E+15,5.07686E+16
29456,6,6,36,10,2018,4,16,6,2,5,3,0,0,1,0,0,0,0,0,5.73722E+20,5.66228E+21,1.00531E+16,5.11072E+16
29457,6,4,12,0,2018,4,9,2,3,2,6,0,0,1,0,0,0,0,0,4.73453E+20,5.55153E+21,8.62869E+15,5.01154E+16
29458,6,4,14,0,2018,4,16,5,3,2,6,0,0,1,0,0,0,0,0,4.5378E+20,5.54502E+21,8.35432E+15,5.00557E+16
29459,6,4,31,21,2018,4,14,4,2,0,1,0,0,0,0,1,0,0,0,4.88529E+20,5.49102E+21,8.84135E+15,4.95717E+16
29460,6,4,31,11,2018,4,5,6,3,2,6,2,0,1,0,0,0,0,0,4.7181E+20,5.49942E+21,8.6095E+15,4.96467E+16
29461,6,4,31,2,2018,4,17,6,3,3,1,0,0,1,0,0,0,0,1,4.70752E+20,5.50765E+21,8.59424E+15,4.97207E+16
29462,6,4,36,7,2018,4,6,1,3,9,1,1,0,1,0,0,0,0,0,4.59839E+20,5.54773E+21,8.43868E+15,5.00805E+16
29463,6,6,31,9,2018,4,16,4,3,6,4,0,0,1,1,0,0,0,0,5.48138E+20,5.59992E+21,9.67946E+15,5.05492E+16
29464,6,4,31,13,2018,4,17,4,3,5,3,0,0,1,0,0,0,0,0,4.63159E+20,5.49424E+21,8.49016E+15,4.95996E+16
29465,6,4,31,17,2018,4,10,5,3,2,6,0,0,1,0,0,0,0,0,4.83117E+20,5.49276E+21,8.76642E+15,4.95872E+16
29466,6,4,31,14,2018,4,14,4,3,2,6,0,0,1,0,0,0,0,0,4.75989E+20,5.5054E+21,8.66703E+15,4.97007E+16
29467,6,4,35,8,2018,4,12,7,2,8,1,0,0,0,0,1,0,0,0,5.27921E+20,5.55276E+21,9.39062E+15,5.01264E+16
29468,6,4,33,4,2018,4,11,4,3,5,3,0,0,1,0,0,0,0,0,4.62641E+20,5.51142E+21,8.48135E+15,4.97541E+16
29469,6,6,34,6,2018,4,14,1,3,0,1,0,0,0,0,1,0,0,0,5.04314E+20,5.64459E+21,9.06142E+15,5.09529E+16
29470,6,6,31,17,2018,4,10,2,2,5,3,0,1,1,0,0,0,0,0,5.52226E+20,5.60043E+21,9.73724E+15,5.05534E+16
29471,6,5,34,10,2018,4,19,4,3,3,6,0,0,0,0,1,0,1,0,4.71142E+20,5.62545E+21,8.59067E+15,5.07801E+16
29472,6,6,31,9,2018,4,6,4,3,5,3,1,0,1,0,0,0,0,1,5.50174E+20,5.59993E+21,9.7082E+15,5.05492E+16
29473,6,4,34,1,2018,4,11,5,3,8,1,0,0,0,0,1,0,0,0,4.70303E+20,5.5676E+21,8.58337E+15,5.02598E+16
29474,6,6,31,9,2018,4,16,4,2,2,2,0,0,1,0,1,0,0,0,5.45626E+20,5.60133E+21,9.64419E+15,5.05621E+16
29475,6,5,34,14,2018,4,14,5,2,0,7,0,0,0,0,0,1,0,0,4.83669E+20,5.63034E+21,8.76813E+15,5.08245E+16
29476,6,4,38,9,2018,4,11,7,3,5,3,0,0,1,0,0,0,0,0,4.76235E+20,5.54407E+21,8.66806E+15,5.00484E+16
29477,6,5,31,16,2018,4,14,4,2,8,7,0,0,1,0,0,0,1,0,4.86578E+20,5.60481E+21,8.81037E+15,5.0595E+16
29478,6,4,31,11,2018,4,13,7,3,2,6,0,0,1,0,0,0,0,0,4.72957E+20,5.49906E+21,8.62541E+15,4.96434E+16
29479,6,5,31,6,2018,4,7,4,3,5,2,0,0,1,0,0,0,1,1,4.98372E+20,5.60438E+21,8.97699E+15,5.05913E+16
29480,6,4,31,2,2018,4,21,3,3,5,3,2,0,1,0,0,0,0,0,4.7246E+20,5.50276E+21,8.61827E+15,4.96767E+16
29481,6,4,12,0,2018,4,9,6,3,3,2,0,1,0,0,0,0,1,1,4.77417E+20,5.55343E+21,8.68401E+15,5.01327E+16
29482,6,4,38,2,2018,4,21,4,3,2,6,2,0,1,0,0,0,0,0,4.78323E+20,5.5394E+21,8.69749E+15,5.00066E+16
29483,6,4,38,2,2018,4,18,6,3,5,3,0,0,1,0,0,0,0,0,4.82626E+20,5.5362E+21,8.75769E+15,4.99779E+16
29484,6,4,11,0,2018,4,16,2,3,5,3,0,0,1,0,1,0,0,0,4.75338E+20,5.52435E+21,8.6568E+15,4.9871E+16
29485,6,6,32,2,2018,4,10,4,3,3,6,0,0,1,0,0,0,0,0,5.51787E+20,5.63535E+21,9.73594E+15,5.08675E+16
29486,6,4,38,11,2018,4,14,4,3,3,6,0,0,1,0,0,0,1,0,4.92229E+20,5.54542E+21,8.89143E+15,5.0061E+16
29487,6,6,34,9,2018,4,21,5,3,2,6,2,0,1,0,0,0,1,0,5.26346E+20,5.65122E+21,9.37556E+15,5.10119E+16
29488,6,6,36,1,2018,4,15,5,2,8,7,0,1,0,0,0,0,0,0,5.66662E+20,5.68031E+21,9.95559E+15,5.12702E+16
29489,6,4,40,4,2018,4,17,1,2,8,1,0,0,0,0,1,0,0,0,5.02405E+20,5.56595E+21,9.03373E+15,5.02457E+16
29490,6,6,36,7,2018,4,17,3,3,5,2,0,0,1,0,0,0,0,0,5.78365E+20,5.67161E+21,1.01214E+16,5.11906E+16
29491,6,4,38,2,2018,4,14,4,3,2,6,0,0,1,0,0,0,1,0,4.79936E+20,5.54376E+21,8.71977E+15,5.00458E+16
29492,6,4,32,14,2018,4,9,5,3,5,3,0,0,1,0,0,0,0,0,4.77711E+20,5.52063E+21,8.69003E+15,4.98377E+16
29493,6,6,32,15,2018,4,1,4,3,3,6,2,0,0,0,0,1,1,0,5.38705E+20,5.62966E+21,9.54945E+15,5.08173E+16
29494,6,4,37,9,2018,4,13,7,3,2,2,0,0,1,0,0,0,0,0,5.00018E+20,5.51694E+21,9.00025E+15,4.98049E+16
29495,6,6,36,5,2018,4,14,4,2,3,7,0,0,1,0,0,1,0,0,5.78204E+20,5.65215E+21,1.01149E+16,5.10156E+16
29496,6,6,35,21,2018,4,14,6,2,2,1,0,0,1,0,1,0,0,0,4.99117E+20,5.67835E+21,8.98735E+15,5.12565E+16
29497,6,4,12,0,2018,4,16,4,3,2,6,0,0,1,0,0,0,0,0,4.66562E+20,5.55151E+21,8.53231E+15,5.01149E+16
29498,6,6,11,0,2018,4,7,3,3,2,6,0,0,1,0,0,0,0,0,5.33443E+20,5.68141E+21,9.47952E+15,5.1283E+16
29499,6,4,38,8,2018,4,7,6,3,5,3,1,1,1,0,0,0,0,1,4.87833E+20,5.55198E+21,8.8298E+15,5.01199E+16
29500,6,4,33,12,2018,4,16,4,3,2,6,0,0,1,0,0,0,1,0,4.57947E+20,5.53601E+21,8.41352E+15,4.99749E+16
29501,6,4,38,12,2018,4,18,6,3,5,3,0,1,1,0,0,0,0,0,4.85909E+20,5.5361E+21,8.80348E+15,4.9977E+16
29502,6,5,31,13,2018,4,5,4,3,8,1,2,0,1,0,0,0,1,1,4.79728E+20,5.60883E+21,8.71336E+15,5.0631E+16
29503,6,5,32,23,2018,4,19,3,2,5,3,0,1,1,0,0,0,0,0,4.64786E+20,5.60146E+21,8.50281E+15,5.0564E+16
29504,6,6,35,2,2018,4,12,6,2,4,1,0,0,1,0,0,1,0,1,5.0112E+20,5.69469E+21,9.01611E+15,5.14034E+16
29505,6,5,31,13,2018,4,22,3,3,8,1,2,0,1,0,0,0,0,1,4.79184E+20,5.60951E+21,8.70564E+15,5.06371E+16
29506,6,4,40,12,2018,4,13,6,3,2,6,0,0,1,0,0,0,0,0,4.82544E+20,5.56478E+21,8.75524E+15,5.02349E+16
29507,6,5,31,5,2018,4,8,2,2,2,6,0,0,1,0,0,0,1,0,4.74784E+20,5.60224E+21,8.64391E+15,5.05715E+16
29508,6,4,39,14,2018,4,15,2,3,8,7,0,0,0,0,0,0,1,0,4.3254E+20,5.54889E+21,8.05696E+15,5.00885E+16
29509,6,4,13,0,2018,4,10,4,3,5,3,0,0,1,0,0,0,0,0,4.84698E+20,5.55043E+21,8.78601E+15,5.01059E+16
29510,6,5,31,18,2018,4,4,3,2,8,1,2,0,1,0,0,0,0,0,4.75356E+20,5.60631E+21,8.65172E+15,5.06081E+16
29511,6,4,13,0,2018,4,16,5,3,5,3,0,1,1,0,0,0,0,0,4.82729E+20,5.54857E+21,8.75857E+15,5.00891E+16
29512,6,4,12,0,2018,4,10,5,3,5,2,0,1,0,0,0,0,1,0,4.77677E+20,5.5506E+21,8.68782E+15,5.01072E+16
29513,6,5,34,20,2018,4,16,1,2,5,2,0,1,1,0,0,0,0,0,4.80312E+20,5.62213E+21,8.72092E+15,5.07506E+16
29514,6,6,11,0,2018,4,21,3,3,2,6,2,0,1,0,0,0,0,0,5.34847E+20,5.68531E+21,9.50004E+15,5.13181E+16
29515,6,6,36,7,2018,4,17,3,3,5,2,0,0,1,0,0,0,0,0,5.74354E+20,5.67317E+21,1.00643E+16,5.12051E+16
29516,6,4,33,12,2018,4,11,5,3,5,3,0,0,1,0,0,0,0,0,4.58581E+20,5.53756E+21,8.4222E+15,4.9989E+16
29517,6,6,34,7,2018,4,18,7,3,3,6,0,0,1,0,0,0,0,0,5.25951E+20,5.67045E+21,9.37131E+15,5.11849E+16
29518,6,6,35,15,2018,4,10,3,3,2,6,0,0,1,0,0,0,0,0,4.9209E+20,5.67858E+21,8.88664E+15,5.12585E+16
29519,6,4,13,0,2018,4,15,6,3,2,2,0,0,1,0,0,0,0,0,4.85044E+20,5.54947E+21,8.79089E+15,5.00973E+16
29520,6,4,33,10,2018,4,9,3,3,2,6,0,0,1,0,0,0,0,0,4.62617E+20,5.54169E+21,8.47809E+15,5.00263E+16
29521,6,4,40,15,2018,4,14,6,3,5,2,0,0,1,0,0,0,0,1,4.82854E+20,5.59074E+21,8.7584E+15,5.04684E+16
29522,6,5,34,14,2018,4,15,5,3,5,3,0,0,1,0,1,0,0,0,4.82492E+20,5.62663E+21,8.7516E+15,5.07911E+16
29523,6,6,34,11,2018,4,7,3,3,4,6,0,0,0,0,1,1,0,0,5.36185E+20,5.65531E+21,9.51621E+15,5.10482E+16
29524,6,5,34,2,2018,4,8,6,1,4,6,0,0,1,0,0,0,1,0,4.6069E+20,5.62917E+21,8.44202E+15,5.0813E+16
29525,6,6,31,9,2018,4,8,6,3,8,1,0,0,1,0,0,0,0,1,5.46875E+20,5.59697E+21,9.66126E+15,5.05228E+16
29526,6,4,39,8,2018,4,6,2,3,2,6,0,0,1,0,0,0,0,0,4.46504E+20,5.56411E+21,8.25001E+15,5.02268E+16
29527,6,5,32,8,2018,4,9,2,3,5,2,0,0,1,0,0,0,0,0,4.56293E+20,5.60605E+21,8.38236E+15,5.06047E+16
29528,6,6,11,0,2018,4,18,4,3,5,3,0,1,1,0,0,0,0,0,5.33132E+20,5.68218E+21,9.47515E+15,5.129E+16
29529,6,6,11,0,2018,4,9,3,3,5,3,0,1,1,0,0,0,0,0,5.36725E+20,5.68399E+21,9.52685E+15,5.1306E+16
29530,6,6,11,0,2018,4,9,5,3,5,2,0,1,1,0,0,0,0,0,5.31472E+20,5.68417E+21,9.45152E+15,5.1308E+16
29531,6,4,31,7,2018,4,11,5,3,5,3,0,0,1,0,0,0,0,0,4.83947E+20,5.49976E+21,8.77762E+15,4.96501E+16
29532,6,5,33,9,2018,4,19,7,3,2,6,0,0,1,0,0,0,0,0,4.33848E+20,5.58462E+21,8.06901E+15,5.04099E+16
29533,6,4,35,17,2018,4,10,2,3,8,7,0,0,0,0,0,1,0,0,5.01296E+20,5.55701E+21,9.01814E+15,5.01653E+16
29534,6,4,36,9,2018,4,17,2,3,2,6,0,0,1,0,0,0,0,0,4.62629E+20,5.5493E+21,8.47752E+15,5.00948E+16
29535,6,4,12,0,2018,4,23,4,3,2,6,2,0,1,0,0,0,0,0,4.77932E+20,5.54989E+21,8.69144E+15,5.01009E+16
29536,6,6,33,17,2018,4,16,3,3,2,6,0,0,1,0,0,0,0,0,5.36865E+20,5.68121E+21,9.52857E+15,5.1281E+16
29537,6,4,37,1,2018,4,16,5,3,2,6,0,0,1,0,0,0,0,0,5.00238E+20,5.51054E+21,9.0033E+15,4.97473E+16
29538,6,4,39,16,2018,4,19,5,2,0,1,0,0,0,0,1,0,0,0,4.53778E+20,5.56692E+21,8.35164E+15,5.02526E+16
29539,6,5,31,11,2018,4,15,1,3,5,3,0,0,1,0,0,0,0,0,4.83845E+20,5.59307E+21,8.77226E+15,5.04894E+16
29540,6,4,36,5,2018,4,16,3,2,3,6,0,1,0,0,0,0,0,0,4.63668E+20,5.54602E+21,8.49236E+15,5.00653E+16
29541,6,4,14,0,2018,4,14,3,2,2,6,0,1,1,0,0,0,0,0,4.405E+20,5.5527E+21,8.16764E+15,5.01236E+16
29542,6,4,39,4,2018,4,16,3,3,5,2,0,0,1,0,1,0,0,0,4.26585E+20,5.53802E+21,7.97581E+15,4.999E+16
29543,6,4,35,17,2018,4,16,6,3,2,6,0,0,1,0,0,0,0,1,5.02961E+20,5.5582E+21,9.04147E+15,5.0176E+16
29544,6,4,14,0,2018,4,12,3,3,5,3,0,0,1,0,1,0,0,0,4.4369E+20,5.54745E+21,8.21302E+15,5.00767E+16
29545,6,4,40,5,2018,4,11,7,3,2,6,0,0,1,0,0,0,0,0,4.76249E+20,5.58776E+21,8.66551E+15,5.04413E+16
29546,6,4,32,23,2018,4,10,6,3,5,3,0,0,1,0,0,1,0,0,4.71081E+20,5.52756E+21,8.59731E+15,4.98998E+16
29547,6,6,34,1,2018,4,16,2,3,4,6,0,0,1,0,0,0,1,0,5.15961E+20,5.6571E+21,9.22778E+15,5.10652E+16
29548,6,4,32,4,2018,4,18,6,3,5,2,0,0,1,0,0,0,0,1,4.88446E+20,5.52772E+21,8.83911E+15,4.99018E+16
29549,6,5,32,23,2018,4,14,5,3,5,3,0,0,1,0,0,0,0,0,4.63895E+20,5.60093E+21,8.49028E+15,5.05592E+16
29550,6,4,14,0,2018,4,6,3,3,3,6,0,0,1,0,1,0,0,0,4.43814E+20,5.54814E+21,8.21465E+15,5.00829E+16
29551,6,6,31,21,2018,4,19,6,2,9,1,0,0,0,0,1,0,0,0,5.6576E+20,5.59572E+21,9.92743E+15,5.05097E+16
29552,6,4,35,14,2018,4,13,6,3,2,6,0,0,1,0,0,0,0,1,4.92529E+20,5.54838E+21,8.89556E+15,5.00877E+16
29553,6,6,11,0,2018,4,13,1,3,5,2,0,1,1,0,0,0,0,0,5.33511E+20,5.68779E+21,9.48111E+15,5.13404E+16
29554,6,4,33,14,2018,4,20,2,1,0,1,0,1,0,0,0,0,0,0,4.5594E+20,5.53138E+21,8.38606E+15,4.99332E+16
29555,6,4,31,17,2018,4,17,4,3,2,2,0,0,1,0,0,1,0,0,4.78904E+20,5.49626E+21,8.70794E+15,4.96186E+16
29556,6,4,12,0,2018,4,10,3,3,3,6,0,0,1,0,1,0,0,0,4.71964E+20,5.55472E+21,8.60762E+15,5.0144E+16
29557,6,4,38,5,2018,4,7,5,3,6,4,0,0,1,1,0,0,0,0,4.84603E+20,5.54391E+21,8.78495E+15,5.00473E+16
29558,6,4,35,14,2018,4,9,5,3,5,2,0,0,1,0,0,0,1,0,4.93558E+20,5.55348E+21,8.90986E+15,5.01335E+16
29559,6,6,34,22,2018,4,14,7,3,5,3,0,0,1,0,0,0,0,0,5.12758E+20,5.64001E+21,9.18148E+15,5.09116E+16
29560,6,5,32,8,2018,4,19,7,3,5,3,0,1,1,0,0,0,0,0,4.53403E+20,5.60799E+21,8.34128E+15,5.06219E+16
29561,6,4,12,0,2018,4,12,3,3,6,7,0,0,1,1,0,0,0,0,4.77922E+20,5.54993E+21,8.69128E+15,5.01012E+16
29562,6,4,40,8,2018,4,10,3,3,5,3,0,0,1,0,0,0,0,0,4.8747E+20,5.57473E+21,8.82397E+15,5.03245E+16
29563,6,4,12,0,2018,4,21,6,2,6,3,2,0,0,1,0,0,1,0,4.74522E+20,5.55678E+21,8.64328E+15,5.01627E+16
29564,6,6,33,16,2018,4,16,3,3,4,6,0,0,1,0,0,0,0,0,5.22988E+20,5.70952E+21,9.33144E+15,5.15363E+16
29565,6,4,35,28,2018,4,13,6,3,2,2,0,0,1,0,0,0,0,0,5.32989E+20,5.57385E+21,9.46336E+15,5.03158E+16
29566,6,4,12,0,2018,4,8,2,2,3,2,0,1,0,0,0,1,0,0,4.76337E+20,5.55049E+21,8.6691E+15,5.01062E+16
29567,6,4,12,0,2018,4,16,3,3,2,6,0,0,1,0,1,0,0,0,4.77753E+20,5.5512E+21,8.68885E+15,5.01126E+16
29568,6,4,11,0,2018,4,8,5,3,5,3,0,1,1,0,0,0,0,0,4.71505E+20,5.52384E+21,8.60349E+15,4.98663E+16
29569,6,6,11,0,2018,4,11,3,3,2,6,0,0,1,0,0,0,0,0,5.31245E+20,5.6859E+21,9.4484E+15,5.13235E+16
29570,6,4,32,18,2018,4,8,3,3,2,6,0,0,1,0,0,0,0,0,4.67827E+20,5.51775E+21,8.55282E+15,4.98113E+16
29571,6,6,11,0,2018,4,13,6,3,1,3,0,0,1,0,1,0,0,1,5.33079E+20,5.68521E+21,9.47467E+15,5.13173E+16
29572,6,6,11,0,2018,4,15,3,3,5,3,0,0,1,0,0,0,0,0,5.29063E+20,5.68346E+21,9.41689E+15,5.13017E+16
29573,6,6,33,5,2018,4,12,6,3,2,6,0,0,1,0,0,0,0,0,5.28353E+20,5.69535E+21,9.40766E+15,5.14086E+16
29574,6,4,14,0,2018,4,13,2,3,0,3,0,0,1,0,0,0,1,0,4.44526E+20,5.54657E+21,8.22484E+15,5.00688E+16
29575,6,5,34,14,2018,4,12,6,3,5,2,0,1,1,0,0,0,0,1,4.83105E+20,5.6277E+21,8.76025E+15,5.08008E+16
29576,6,4,12,0,2018,4,14,5,3,2,6,0,0,1,0,0,0,0,0,4.71567E+20,5.55591E+21,8.60198E+15,5.01547E+16
29577,6,6,33,23,2018,4,7,3,3,2,6,0,0,1,0,0,0,1,0,5.21182E+20,5.68055E+21,9.30367E+15,5.12759E+16
29578,6,5,35,1,2018,4,15,6,3,2,6,0,0,1,0,0,0,0,0,5.26069E+20,5.62344E+21,9.36963E+15,5.07622E+16
29579,6,6,32,6,2018,4,15,6,3,9,1,0,0,1,0,0,0,0,1,5.58492E+20,5.63757E+21,9.83157E+15,5.08869E+16
29580,6,4,35,28,2018,4,15,1,3,8,1,0,0,0,0,1,0,0,0,5.32244E+20,5.57021E+21,9.45257E+15,5.02832E+16
29581,6,5,32,23,2018,4,16,2,2,4,6,0,0,1,0,0,0,0,0,4.68725E+20,5.6004E+21,8.55851E+15,5.05547E+16
29582,6,4,33,9,2018,4,16,4,3,2,6,0,0,1,0,1,0,0,0,4.59837E+20,5.53258E+21,8.44023E+15,4.99442E+16
29583,6,4,39,3,2018,4,8,3,3,5,3,0,0,1,0,0,0,0,0,4.33487E+20,5.54089E+21,8.07159E+15,5.00166E+16
29584,6,4,36,6,2018,4,1,5,3,2,6,2,0,1,0,0,0,0,0,4.55293E+20,5.5425E+21,8.37575E+15,5.00331E+16
29585,6,4,38,2,2018,4,10,3,3,3,2,0,0,1,0,0,1,0,0,4.80796E+20,5.53943E+21,8.732E+15,5.00069E+16
29586,6,5,32,23,2018,4,16,5,3,5,2,0,0,1,0,0,0,0,0,4.65115E+20,5.60002E+21,8.50758E+15,5.05511E+16
29587,6,4,34,11,2018,4,4,7,3,1,5,2,0,1,0,0,0,0,0,4.67104E+20,5.57632E+21,8.53774E+15,5.0338E+16
29588,6,4,36,4,2018,4,19,3,3,5,3,0,1,1,0,0,0,0,0,4.58339E+20,5.5411E+21,8.41843E+15,5.00208E+16
29589,6,4,31,11,2018,4,13,3,3,5,3,0,0,1,0,0,0,0,0,4.73954E+20,5.49907E+21,8.63922E+15,4.96436E+16
29590,6,5,34,6,2018,4,16,3,2,5,2,0,0,1,0,0,0,0,0,4.87975E+20,5.63635E+21,8.82908E+15,5.08787E+16
29591,6,4,12,0,2018,4,17,6,2,6,4,0,0,1,1,0,0,0,1,4.76022E+20,5.55064E+21,8.66467E+15,5.01075E+16