OBJECTID_1,ULAND,UREGBEZ,UKREIS,UGEMEINDE,UJAHR,UMONAT,USTUNDE,UWOCHENTAG,UKATEGORIE,UART,UTYP1,ULICHTVERH,IstRad,IstPKW,IstFuss,IstKrad,IstGkfz,IstSonstig,STRZUSTAND,LINREFX,LINREFY,XGCSWGS84,YGCSWGS84
29971,6,6,32,1,2018,4,12,7,2,5,3,0,0,1,0,1,0,0,0,5.46535E+20,5.65538E+21,9.66387E+15,5.10481E+16
29972,6,4,35,14,2018,4,17,3,3,3,2,0,0,1,0,1,0,0,0,4.93884E+20,5.55037E+21,8.91448E+15,5.01055E+16
29973,6,4,35,4,2018,4,8,6,3,9,6,0,0,1,0,0,1,0,1,5.20736E+20,5.5775E+21,9.29145E+15,5.03492E+16
29974,6,6,35,11,2018,4,16,7,2,8,1,0,0,0,0,1,0,0,0,4.91147E+20,5.66372E+21,8.87349E+15,5.11249E+16
29975,6,5,32,12,2018,4,14,6,3,2,3,0,0,1,0,1,1,0,0,4.51423E+20,5.61227E+21,8.31273E+15,5.06603E+16
29976,6,4,35,19,2018,4,14,2,2,9,1,0,0,1,0,0,0,0,0,4.87542E+20,5.55512E+21,8.82564E+15,5.01481E+16
29977,6,4,38,10,2018,4,21,2,3,5,3,0,0,1,0,0,1,0,0,4.88209E+20,5.54586E+21,8.83525E+15,5.00649E+16
29978,6,4,12,0,2018,4,10,4,3,2,6,0,0,1,0,0,0,1,0,4.75749E+20,5.54863E+21,8.66099E+15,5.00894E+16
29979,6,6,35,1,2018,4,14,7,3,8,1,0,0,0,0,1,0,0,0,4.74546E+20,5.65686E+21,8.63677E+15,5.10627E+16
29980,6,4,12,0,2018,4,11,5,3,5,3,0,1,1,0,0,0,0,0,4.75124E+20,5.55048E+21,8.65213E+15,5.01061E+16
29981,6,6,35,14,2018,4,13,5,3,0,7,0,0,0,0,1,0,0,1,4.73474E+20,5.64905E+21,8.62203E+15,5.09924E+16
29982,6,6,31,11,2018,4,17,1,3,8,1,0,0,1,1,0,0,0,0,5.38088E+20,5.60455E+21,9.53809E+15,5.05916E+16
29983,6,5,34,4,2018,4,8,5,3,2,6,0,0,1,0,0,0,0,0,4.62609E+20,5.64088E+21,8.46807E+15,5.09184E+16
29984,6,4,14,0,2018,4,7,3,3,4,6,0,0,1,0,0,0,0,0,4.44547E+20,5.54846E+21,8.22486E+15,5.00858E+16
29985,6,4,35,28,2018,4,13,7,3,5,3,0,0,1,0,0,0,0,0,5.33123E+20,5.58472E+21,9.46619E+15,5.04135E+16
29986,6,6,33,5,2018,4,15,3,3,5,3,0,0,1,0,0,0,0,0,5.27876E+20,5.69546E+21,9.4008E+15,5.14097E+16
29987,6,6,33,17,2018,4,15,5,2,6,4,0,0,0,1,0,1,0,0,5.39277E+20,5.67901E+21,9.5629E+15,5.1261E+16
29988,6,4,14,0,2018,4,16,5,3,5,3,0,1,1,0,0,0,0,0,4.45863E+20,5.54415E+21,8.24386E+15,5.00471E+16
29989,6,4,33,12,2018,4,10,1,2,5,2,0,1,1,0,0,0,0,0,4.58612E+20,5.53755E+21,8.42262E+15,4.99888E+16
29990,6,5,33,9,2018,4,15,3,3,2,6,0,0,1,0,0,0,0,0,4.34261E+20,5.58421E+21,8.0749E+15,5.04062E+16
29991,6,4,39,12,2018,4,15,7,3,5,3,0,0,1,0,0,0,0,0,4.31766E+20,5.54028E+21,8.04768E+15,5.00109E+16
29992,6,5,35,10,2018,4,17,5,2,4,6,0,1,1,0,0,0,0,0,5.11263E+20,5.6212E+21,9.15963E+15,5.07425E+16
29993,6,4,31,13,2018,4,13,7,3,3,2,0,1,0,0,0,0,1,0,4.61155E+20,5.49415E+21,8.46244E+15,4.95987E+16
29994,6,4,38,2,2018,4,14,7,3,2,6,0,0,1,0,0,0,0,0,4.8161E+20,5.53479E+21,8.74359E+15,4.99652E+16
29995,6,6,11,0,2018,4,17,6,3,5,2,0,0,1,0,0,0,0,0,5.34824E+20,5.68677E+21,9.49986E+15,5.13312E+16
29996,6,4,34,11,2018,4,14,7,3,8,1,0,0,1,0,0,0,0,0,4.70454E+20,5.57828E+21,8.58466E+15,5.03558E+16
29997,6,5,33,9,2018,4,11,3,3,3,6,0,0,1,0,0,1,0,0,4.34585E+20,5.58236E+21,8.07977E+15,5.03897E+16
29998,6,4,35,10,2018,4,13,6,3,2,6,0,0,1,0,0,0,0,1,5.12606E+20,5.56141E+21,9.17665E+15,5.02048E+16
29999,6,4,33,13,2018,4,8,5,3,5,3,0,0,1,0,0,0,0,0,4.62821E+20,5.51803E+21,8.48322E+15,4.98136E+16
30000,6,4,34,13,2018,4,10,7,3,8,1,0,0,0,0,1,0,0,0,4.53591E+20,5.5757E+21,8.34794E+15,5.03316E+16
30001,6,4,40,17,2018,4,14,6,2,2,2,0,0,1,0,0,0,0,0,4.85635E+20,5.56989E+21,8.79838E+15,5.0281E+16
30002,6,6,31,9,2018,4,18,6,3,2,6,1,0,1,0,0,0,0,1,5.49368E+20,5.59819E+21,9.6966E+15,5.05336E+16
30003,6,4,12,0,2018,4,6,2,3,2,6,0,0,1,0,0,0,0,0,4.71499E+20,5.5511E+21,8.6014E+15,5.01115E+16
30004,6,4,40,1,2018,4,11,2,3,5,3,0,0,1,0,0,0,0,0,4.99216E+20,5.57075E+21,8.98899E+15,5.02888E+16
30005,6,6,11,0,2018,4,8,4,3,6,4,0,0,1,1,0,0,0,0,5.31387E+20,5.68232E+21,9.45013E+15,5.12913E+16
30006,6,4,34,8,2018,4,16,7,3,0,1,0,0,0,0,1,0,0,0,4.62801E+20,5.56397E+21,8.4785E+15,5.02267E+16
30007,6,6,33,13,2018,4,7,5,2,8,1,0,0,1,0,0,0,0,0,5.27039E+20,5.70348E+21,9.38938E+15,5.14818E+16
30008,6,4,34,8,2018,4,8,5,3,5,3,0,1,0,0,0,0,1,0,4.70114E+20,5.56098E+21,8.58125E+15,5.02003E+16
30009,6,5,31,5,2018,4,13,7,3,2,6,0,0,1,0,0,0,0,0,4.76757E+20,5.60337E+21,8.6717E+15,5.05818E+16
30010,6,4,12,0,2018,4,17,3,3,2,6,0,0,1,0,0,1,0,0,4.80315E+20,5.55153E+21,8.72467E+15,5.01157E+16
30011,6,4,34,6,2018,4,15,7,3,2,6,0,0,1,0,0,0,0,0,4.63379E+20,5.55939E+21,8.48703E+15,5.01856E+16
30012,6,4,37,4,2018,4,15,3,3,2,6,0,0,1,0,0,0,0,0,5.03448E+20,5.51859E+21,9.04794E+15,4.98197E+16
30013,6,6,11,0,2018,4,13,6,3,3,6,0,0,1,0,0,0,0,1,5.35983E+20,5.68378E+21,9.51619E+15,5.13042E+16
30014,6,4,31,19,2018,4,13,7,3,1,5,0,0,1,0,1,0,0,0,4.82353E+20,5.49699E+21,8.75566E+15,4.96252E+16
30015,6,5,35,1,2018,4,20,7,3,5,3,2,0,1,0,0,0,1,0,5.20322E+20,5.62234E+21,9.28809E+15,5.07524E+16
30016,6,6,34,3,2018,4,18,6,3,5,3,0,0,1,0,1,0,0,0,5.31234E+20,5.6707E+21,9.44692E+15,5.11868E+16
30017,6,6,11,0,2018,4,11,2,3,1,5,0,0,1,0,0,1,0,0,5.35244E+20,5.6851E+21,9.50572E+15,5.13161E+16
30018,6,4,40,7,2018,4,13,6,3,5,2,0,0,1,0,0,0,0,1,4.94575E+20,5.57536E+21,8.92378E+15,5.03303E+16
30019,6,4,38,5,2018,4,17,5,2,0,1,0,0,0,0,1,0,0,0,4.87355E+20,5.54616E+21,8.82331E+15,5.00676E+16
30020,6,5,31,5,2018,4,8,6,3,2,2,0,0,1,0,0,0,0,0,4.72766E+20,5.60103E+21,8.61551E+15,5.05606E+16
30021,6,6,34,3,2018,4,16,6,3,8,1,0,0,1,0,0,0,0,1,5.33576E+20,5.66709E+21,9.48009E+15,5.11543E+16
30022,6,5,31,3,2018,4,14,3,3,5,2,0,0,1,0,0,0,0,0,4.85677E+20,5.60654E+21,8.79757E+15,5.06106E+16
30023,6,4,12,0,2018,5,15,3,3,3,6,0,0,1,0,0,0,0,0,4.70064E+20,5.55238E+21,8.58123E+15,5.01229E+16
30024,6,4,36,12,2018,4,11,7,3,2,6,0,0,1,0,0,0,0,0,4.65528E+20,5.55309E+21,8.51771E+15,5.0129E+16
30025,6,4,31,6,2018,5,16,1,3,8,1,0,0,1,0,0,0,0,0,4.6734E+20,5.50617E+21,8.54702E+15,4.97072E+16
30026,6,4,38,6,2018,5,11,5,2,0,7,0,0,1,0,0,0,0,0,4.75017E+20,5.53859E+21,8.65141E+15,4.99991E+16
30027,6,5,33,9,2018,4,8,3,3,2,6,0,0,1,0,0,0,0,0,4.34055E+20,5.58113E+21,8.07253E+15,5.03786E+16
30028,6,5,35,16,2018,4,17,1,2,0,1,0,0,0,0,1,0,0,0,5.10948E+20,5.59206E+21,9.1543E+15,5.04804E+16
30029,6,6,11,0,2018,4,11,3,3,3,6,0,0,1,0,0,1,0,0,5.36033E+20,5.68501E+21,9.51703E+15,5.13152E+16
30030,6,6,33,28,2018,4,8,6,3,2,6,0,0,1,0,0,0,0,0,5.17043E+20,5.68379E+21,9.24448E+15,5.13051E+16
30031,6,5,31,6,2018,5,11,7,2,2,6,0,0,1,0,0,0,0,0,4.96815E+20,5.60193E+21,8.95502E+15,5.05693E+16
30032,6,6,33,17,2018,4,11,3,3,1,5,0,0,0,0,1,0,1,0,5.38565E+20,5.67938E+21,9.55275E+15,5.12645E+16
30033,6,6,11,0,2018,5,16,4,3,2,6,0,0,1,0,0,1,0,0,5.30277E+20,5.68483E+21,9.43442E+15,5.1314E+16
30034,6,6,31,9,2018,5,10,3,3,4,6,0,0,1,0,0,0,0,0,5.47801E+20,5.60155E+21,9.67492E+15,5.05639E+16
30035,6,4,37,4,2018,5,14,2,1,2,6,0,0,1,0,1,0,0,0,5.03239E+20,5.51909E+21,9.04503E+15,4.98242E+16
30036,6,5,31,12,2018,5,7,3,3,2,6,0,0,1,0,0,0,0,0,4.77179E+20,5.60073E+21,8.67782E+15,5.0558E+16
30037,6,4,12,0,2018,4,7,6,3,3,6,0,0,1,0,1,0,0,0,4.80936E+20,5.55144E+21,8.73335E+15,5.01149E+16
30038,6,5,32,11,2018,5,16,6,3,8,1,0,0,0,0,1,0,0,0,4.42691E+20,5.61922E+21,8.18812E+15,5.0722E+16
30039,6,6,33,9,2018,4,10,3,3,2,7,0,0,1,0,0,0,1,0,5.39951E+20,5.69391E+21,9.57424E+15,5.1395E+16
30040,6,4,12,0,2018,5,17,3,3,3,6,0,0,1,0,0,0,0,0,4.74721E+20,5.55671E+21,8.64609E+15,5.0162E+16
30041,6,5,34,5,2018,4,1,1,3,8,1,2,0,1,0,0,0,0,1,4.58523E+20,5.63334E+21,8.41079E+15,5.08502E+16
30042,6,4,11,0,2018,5,13,1,3,0,7,0,0,0,0,1,0,1,1,4.73355E+20,5.53096E+21,8.62875E+15,4.99305E+16
30043,6,5,32,23,2018,5,8,6,3,2,6,0,0,1,0,0,0,0,0,4.64609E+20,5.60145E+21,8.5003E+15,5.05639E+16
30044,6,5,34,19,2018,4,9,5,3,0,7,0,0,1,0,1,0,0,1,4.57782E+20,5.63038E+21,8.40061E+15,5.08236E+16
30045,6,6,11,0,2018,4,15,3,3,5,3,0,1,1,0,0,0,0,0,5.36914E+20,5.68647E+21,9.52982E+15,5.13283E+16
30046,6,4,37,1,2018,4,15,2,3,2,6,0,0,1,0,0,0,0,0,5.00138E+20,5.5106E+21,9.00192E+15,4.97479E+16
30047,6,5,35,9,2018,4,16,7,2,8,1,0,0,0,0,1,0,0,0,4.98802E+20,5.61575E+21,8.98303E+15,5.06936E+16
30048,6,4,12,0,2018,5,19,7,3,5,3,0,0,1,0,0,0,0,0,4.75499E+20,5.55106E+21,8.65733E+15,5.01112E+16
30049,6,5,34,14,2018,5,6,5,3,9,7,0,0,1,0,0,0,0,0,4.8407E+20,5.62957E+21,8.77386E+15,5.08176E+16
30050,6,6,11,0,2018,4,11,3,3,2,6,0,0,1,0,0,0,0,0,5.34842E+20,5.68631E+21,9.50006E+15,5.1327E+16
30051,6,5,32,12,2018,4,18,6,3,6,4,0,0,1,1,0,0,0,0,4.50934E+20,5.61343E+21,8.30565E+15,5.06706E+16
30052,6,5,33,2,2018,5,15,6,3,5,2,0,0,1,0,0,0,0,0,4.40373E+20,5.57894E+21,8.16173E+15,5.03595E+16
30053,6,4,14,0,2018,4,16,3,3,2,7,0,0,1,0,0,0,0,0,4.43675E+20,5.54745E+21,8.21281E+15,5.00766E+16
30054,6,4,40,3,2018,5,14,4,3,5,3,0,1,1,0,0,0,0,0,4.82385E+20,5.55984E+21,8.75324E+15,5.01905E+16
30055,6,5,34,14,2018,5,11,2,3,2,6,0,0,1,0,0,0,0,0,4.79901E+20,5.63048E+21,8.71463E+15,5.08257E+16
30056,6,4,12,0,2018,5,12,2,3,9,7,0,0,1,0,0,0,0,0,4.72595E+20,5.5485E+21,8.61691E+15,5.00881E+16
30057,6,5,31,5,2018,4,7,6,3,8,1,0,0,1,0,0,0,0,0,4.78833E+20,5.60174E+21,8.70112E+15,5.05672E+16
30058,6,4,14,0,2018,4,7,3,3,2,6,0,0,1,0,0,0,0,0,4.43618E+20,5.54615E+21,8.21221E+15,5.0065E+16
30059,6,4,34,11,2018,5,9,3,3,8,1,0,0,0,0,1,0,0,0,4.70629E+20,5.57823E+21,8.58713E+15,5.03554E+16
30060,6,4,38,9,2018,4,12,6,3,3,2,0,0,1,0,1,0,0,0,4.77711E+20,5.54402E+21,8.68868E+15,5.00481E+16
30061,6,5,32,23,2018,5,14,7,2,5,3,0,0,1,0,0,0,0,0,4.69238E+20,5.59983E+21,8.56579E+15,5.05496E+16
30062,6,4,12,0,2018,4,20,3,2,5,3,2,0,1,0,0,0,0,0,4.72918E+20,5.55655E+21,8.62085E+15,5.01606E+16
30063,6,4,35,4,2018,5,18,4,3,8,1,0,0,0,0,1,0,0,0,5.20286E+20,5.58927E+21,9.28577E+15,5.04551E+16
30064,6,4,31,13,2018,5,16,2,2,5,3,0,0,1,0,1,0,0,0,4.6966E+20,5.49409E+21,8.58013E+15,4.95986E+16
30065,6,6,33,9,2018,5,11,2,3,2,6,0,0,1,0,0,0,0,0,5.36495E+20,5.6911E+21,9.52427E+15,5.13699E+16
30066,6,4,12,0,2018,4,19,4,3,2,6,0,0,1,0,0,0,0,0,4.69122E+20,5.55219E+21,8.56805E+15,5.01212E+16
30067,6,4,39,11,2018,4,19,6,3,2,6,0,0,1,0,0,0,0,0,4.50403E+20,5.55636E+21,8.30569E+15,5.01574E+16
30068,6,5,35,1,2018,5,21,6,3,2,6,1,0,1,0,0,0,0,0,5.18811E+20,5.62218E+21,9.26665E+15,5.07511E+16
30069,6,4,12,0,2018,4,17,3,3,2,6,0,0,1,0,0,0,0,0,4.76832E+20,5.55535E+21,8.67572E+15,5.01499E+16
30070,6,4,39,8,2018,5,14,3,2,4,1,0,0,1,0,1,0,0,0,4.45148E+20,5.56E+21,8.23159E+15,5.01896E+16
30071,6,4,12,0,2018,4,8,4,3,2,6,0,0,1,0,0,0,0,0,4.7972E+20,5.55579E+21,8.71612E+15,5.0154E+16
30072,6,5,32,16,2018,4,18,1,2,8,1,0,0,1,0,0,0,0,0,4.54762E+20,5.60263E+21,8.36113E+15,5.05738E+16
30073,6,4,34,3,2018,5,17,1,3,0,3,0,1,1,0,0,0,0,0,4.60981E+20,5.56394E+21,8.45298E+15,5.02264E+16
30074,6,4,38,11,2018,5,20,6,2,3,6,1,0,1,0,0,0,0,0,4.9223E+20,5.54538E+21,8.89144E+15,5.00607E+16
30075,6,6,31,9,2018,4,16,5,2,0,7,0,1,0,0,0,0,1,0,5.48914E+20,5.60015E+21,9.69045E+15,5.05512E+16
30076,6,4,12,0,2018,4,17,3,3,2,6,0,0,1,0,0,0,0,0,4.7294E+20,5.55223E+21,8.62146E+15,5.01217E+16
30077,6,4,34,2,2018,4,22,2,2,5,3,2,0,1,0,0,0,0,0,4.75755E+20,5.56732E+21,8.65988E+15,5.02576E+16
30078,6,4,36,4,2018,4,10,7,3,2,6,0,0,1,0,0,0,0,0,4.59529E+20,5.54283E+21,8.43487E+15,5.00364E+16
30079,6,6,35,11,2018,5,11,7,2,9,7,0,0,1,0,0,0,0,0,4.81851E+20,5.65446E+21,8.74113E+15,5.10414E+16
30080,6,5,31,5,2018,5,14,5,3,5,3,0,1,0,0,0,0,0,0,4.77091E+20,5.60179E+21,8.67652E+15,5.05676E+16
30081,6,4,12,0,2018,5,9,2,3,6,2,0,0,1,1,0,0,0,0,4.74309E+20,5.55011E+21,8.64075E+15,5.01027E+16
30082,6,4,12,0,2018,4,15,3,3,3,6,0,0,1,0,0,0,0,0,4.76624E+20,5.54977E+21,8.67314E+15,5.00997E+16
30083,6,5,34,7,2018,4,16,6,3,2,6,0,1,1,0,0,0,0,0,4.69251E+20,5.63411E+21,8.56313E+15,5.08578E+16
30084,6,4,12,0,2018,5,18,6,3,0,6,0,0,1,0,1,0,0,0,4.77665E+20,5.5506E+21,8.68766E+15,5.01072E+16
30085,6,4,12,0,2018,4,14,3,3,2,6,0,0,1,0,0,0,0,0,4.78192E+20,5.55335E+21,8.69487E+15,5.0132E+16
30086,6,4,31,5,2018,5,14,4,3,1,7,0,0,1,0,0,0,0,0,4.59987E+20,5.50126E+21,8.44555E+15,4.96625E+16
30087,6,5,32,23,2018,5,16,2,3,4,6,0,0,1,0,0,0,0,0,4.65921E+20,5.60768E+21,8.51825E+15,5.062E+16
30088,6,6,33,20,2018,4,11,5,3,2,6,0,0,1,0,0,0,0,0,5.38072E+20,5.68559E+21,9.54634E+15,5.13203E+16
30089,6,6,33,22,2018,4,15,3,2,9,1,0,0,1,0,0,0,0,0,5.40798E+20,5.70821E+21,9.58807E+15,5.15235E+16
30090,6,4,31,21,2018,5,14,3,3,8,1,0,0,1,0,0,0,0,0,4.86442E+20,5.49002E+21,8.81251E+15,4.95626E+16
30091,6,5,35,18,2018,4,0,7,2,8,1,2,0,1,0,0,0,0,1,5.1132E+20,5.60329E+21,9.15988E+15,5.05814E+16
30092,6,4,40,23,2018,5,12,1,3,8,3,0,1,0,0,1,0,0,0,4.74537E+20,5.57026E+21,8.64259E+15,5.02839E+16
30093,6,6,11,0,2018,5,7,5,2,5,3,0,1,0,0,0,0,1,0,5.37418E+20,5.68328E+21,9.53672E+15,5.12996E+16
30094,6,4,12,0,2018,4,22,5,3,8,1,2,0,1,0,0,0,0,0,4.78916E+20,5.55462E+21,8.70493E+15,5.01434E+16
30095,6,4,39,2,2018,4,18,3,3,8,1,0,0,0,0,1,0,0,0,4.339E+20,5.55366E+21,8.07515E+15,5.01314E+16
30096,6,4,35,14,2018,4,19,2,3,1,6,0,0,1,0,0,0,0,0,4.94057E+20,5.55257E+21,8.91686E+15,5.01253E+16
30097,6,4,13,0,2018,4,11,6,3,5,2,0,0,1,0,0,0,1,0,4.83506E+20,5.54853E+21,8.76943E+15,5.00888E+16
30098,6,5,32,6,2018,5,12,7,3,2,6,0,0,1,0,1,0,0,0,4.49985E+20,5.62045E+21,8.29127E+15,5.07337E+16
30099,6,4,35,23,2018,4,12,7,3,1,5,0,0,1,0,0,0,0,0,5.01088E+20,5.55459E+21,9.01523E+15,5.01435E+16
30100,6,4,36,8,2018,5,16,1,2,3,6,0,0,1,0,1,0,1,0,4.62326E+20,5.55296E+21,8.47292E+15,5.01276E+16
30101,6,4,33,8,2018,5,14,6,3,3,6,0,0,1,0,0,0,0,0,4.7138E+20,5.53689E+21,8.60079E+15,4.99837E+16
30102,6,4,38,7,2018,4,9,5,3,2,6,0,0,1,0,0,0,0,0,5.014E+20,5.53889E+21,9.01954E+15,5.00023E+16
30103,6,4,38,9,2018,4,5,3,3,5,2,0,0,1,0,0,0,0,0,4.81999E+20,5.54468E+21,8.74854E+15,5.00541E+16
30104,6,4,40,8,2018,4,16,2,3,5,3,0,0,1,0,0,0,0,0,4.83033E+20,5.57541E+21,8.76161E+15,5.03305E+16
30105,6,6,35,15,2018,4,20,6,2,4,1,1,0,1,0,0,0,0,0,4.86441E+20,5.67776E+21,8.80572E+15,5.12511E+16
30106,6,4,39,13,2018,5,12,7,2,2,2,0,0,1,0,1,0,0,0,4.19072E+20,5.53684E+21,7.87128E+15,4.99784E+16
30107,6,4,38,6,2018,4,16,3,3,0,7,0,1,0,0,0,0,0,0,4.78872E+20,5.53727E+21,8.70527E+15,4.99874E+16
30108,6,4,12,0,2018,5,18,5,3,2,6,0,0,1,0,0,0,0,0,4.67775E+20,5.55218E+21,8.54922E+15,5.0121E+16
30109,6,6,34,15,2018,5,18,2,3,8,1,0,0,1,0,0,0,0,0,5.42059E+20,5.65812E+21,9.60034E+15,5.10731E+16
30110,6,4,38,5,2018,4,15,3,3,2,6,0,0,1,0,0,0,0,0,4.84768E+20,5.54349E+21,8.78727E+15,5.00435E+16
30111,6,5,34,14,2018,4,15,6,3,0,7,0,0,1,0,0,0,0,0,4.82936E+20,5.62704E+21,8.75788E+15,5.07948E+16
30112,6,4,11,0,2018,5,4,6,3,6,4,2,0,1,1,0,0,0,0,4.74882E+20,5.52468E+21,8.65043E+15,4.9874E+16
30113,6,4,36,6,2018,4,12,3,3,5,3,0,0,1,0,0,0,0,0,4.56595E+20,5.54168E+21,8.39403E+15,5.00258E+16
30114,6,4,38,13,2018,5,8,4,3,2,6,0,0,0,0,0,1,0,0,4.95504E+20,5.54251E+21,8.93722E+15,5.00349E+16
30115,6,4,35,14,2018,5,7,2,3,6,4,0,0,1,1,0,0,0,0,4.93504E+20,5.55187E+21,8.90913E+15,5.01191E+16
30116,6,4,12,0,2018,4,15,5,3,5,3,0,1,1,0,0,0,0,0,4.81082E+20,5.55206E+21,8.73536E+15,5.01205E+16
30117,6,4,36,7,2018,4,18,3,2,8,1,0,0,0,0,1,0,0,0,4.55778E+20,5.54604E+21,8.38212E+15,5.0065E+16
30118,6,4,38,12,2018,5,15,3,3,9,1,0,0,0,0,1,0,0,0,4.88496E+20,5.53387E+21,8.83962E+15,4.99571E+16
30119,6,4,14,0,2018,4,20,7,3,5,3,1,0,1,0,0,0,0,0,4.47903E+20,5.54833E+21,8.27178E+15,5.00849E+16
30120,6,5,31,8,2018,5,11,1,3,0,3,0,0,1,0,1,0,0,0,4.93104E+20,5.59167E+21,8.90281E+15,5.0477E+16
30121,6,6,34,14,2018,5,8,5,3,2,6,0,0,1,1,0,0,0,0,5.37912E+20,5.66486E+21,9.54185E+15,5.11339E+16
30122,6,6,11,0,2018,4,17,4,2,6,4,0,0,1,1,0,0,0,0,5.32792E+20,5.68454E+21,9.47048E+15,5.13112E+16
30123,6,4,31,4,2018,4,10,3,3,1,5,0,0,1,0,1,0,0,0,4.78606E+20,5.48997E+21,8.70416E+15,4.9562E+16
30124,6,4,12,0,2018,4,14,2,3,2,6,0,0,1,0,0,0,0,0,4.66682E+20,5.55158E+21,8.53398E+15,5.01155E+16
30125,6,4,40,24,2018,4,7,3,3,5,2,0,0,1,0,0,0,0,0,4.89462E+20,5.58525E+21,8.85166E+15,5.04192E+16
30126,6,4,11,0,2018,4,11,6,3,3,7,0,0,1,0,0,0,1,0,4.75549E+20,5.52458E+21,8.65972E+15,4.98731E+16
30127,6,6,31,9,2018,5,16,7,3,2,6,0,0,1,0,0,0,0,0,5.47023E+20,5.60033E+21,9.66378E+15,5.0553E+16
30128,6,5,34,4,2018,4,17,3,3,5,3,0,0,1,0,0,0,0,0,4.67349E+20,5.63956E+21,8.53561E+15,5.09068E+16
30129,6,4,12,0,2018,5,8,4,3,6,4,0,0,0,1,0,0,1,0,4.78438E+20,5.5542E+21,8.69826E+15,5.01397E+16
30130,6,4,31,11,2018,5,18,2,2,9,1,0,0,1,0,0,0,0,0,4.79707E+20,5.49969E+21,8.71888E+15,4.96494E+16
30131,6,4,31,2,2018,4,15,3,3,6,4,0,0,1,1,0,0,0,0,4.7632E+20,5.50349E+21,8.67174E+15,4.96835E+16
30132,6,4,11,0,2018,5,17,3,3,3,6,0,0,1,0,0,1,0,0,4.72817E+20,5.52133E+21,8.62193E+15,4.98438E+16
30133,6,5,35,1,2018,4,15,6,3,2,6,0,0,1,0,0,0,0,0,5.24871E+20,5.62295E+21,9.3526E+15,5.07578E+16
30134,6,4,40,4,2018,5,13,6,3,6,2,0,0,0,1,0,0,1,0,5.07673E+20,5.57011E+21,9.1077E+15,5.02831E+16
30135,6,5,34,11,2018,4,12,3,3,5,3,0,0,1,0,1,0,0,0,4.95154E+20,5.63118E+21,8.93118E+15,5.08323E+16
30136,6,4,14,0,2018,5,15,3,3,0,6,0,0,1,0,1,0,0,0,4.45764E+20,5.54571E+21,8.24226E+15,5.00612E+16
30137,6,6,31,9,2018,4,11,3,3,5,3,0,0,1,0,0,0,0,0,5.48612E+20,5.6E+21,9.68617E+15,5.05499E+16
30138,6,6,11,0,2018,5,15,4,3,6,7,0,0,0,1,0,0,1,0,5.35141E+20,5.68514E+21,9.50424E+15,5.13165E+16
30139,6,4,38,13,2018,5,19,2,3,5,3,0,0,1,0,1,0,0,0,4.98158E+20,5.54388E+21,8.97428E+15,5.00472E+16
30140,6,6,31,9,2018,4,14,3,3,5,3,0,0,1,0,0,0,0,0,5.48081E+20,5.59756E+21,9.67835E+15,5.0528E+16
30141,6,4,38,5,2018,5,8,3,3,3,6,0,0,1,0,0,1,0,0,4.85866E+20,5.54619E+21,8.8025E+15,5.00678E+16
30142,6,5,32,3,2018,4,16,6,3,5,3,0,0,1,0,0,0,0,0,4.57099E+20,5.59579E+21,8.39493E+15,5.05125E+16
30143,6,4,38,8,2018,5,11,6,2,0,2,0,0,0,0,0,0,1,0,4.86563E+20,5.55163E+21,8.81205E+15,5.01168E+16
30144,6,5,32,23,2018,4,12,3,3,5,2,0,0,1,0,0,0,0,0,4.64502E+20,5.60018E+21,8.49891E+15,5.05525E+16
30145,6,5,31,12,2018,5,14,4,2,2,6,0,0,1,0,0,0,0,0,4.75272E+20,5.59898E+21,8.65102E+15,5.05423E+16
30146,6,6,34,5,2018,4,13,1,3,5,3,0,0,1,0,1,0,0,0,5.19052E+20,5.66496E+21,9.27231E+15,5.11358E+16
30147,6,4,31,20,2018,5,8,2,3,2,6,0,0,1,0,0,0,1,0,4.68115E+20,5.4869E+21,8.55934E+15,4.95339E+16
30148,6,4,39,13,2018,4,13,5,2,8,1,0,0,1,0,0,0,0,0,4.24503E+20,5.53697E+21,7.94698E+15,4.99803E+16
30149,6,6,31,9,2018,4,17,3,2,9,1,0,0,1,0,0,0,0,0,5.48146E+20,5.60582E+21,9.68033E+15,5.06023E+16
30150,6,5,35,11,2018,4,18,2,2,6,7,0,0,1,1,0,0,0,0,5.28636E+20,5.61007E+21,9.40499E+15,5.06418E+16
30151,6,4,12,0,2018,4,13,4,3,4,6,0,0,1,0,0,0,0,0,4.78043E+20,5.55302E+21,8.6928E+15,5.0129E+16
30152,6,6,36,6,2018,4,1,7,3,7,7,2,0,0,0,1,0,0,0,5.55271E+20,5.6749E+21,9.79148E+15,5.12228E+16
30153,6,5,31,12,2018,5,11,1,2,0,1,0,0,1,0,0,0,0,0,4.75864E+20,5.59638E+21,8.65954E+15,5.05189E+16
30154,6,5,33,17,2018,5,12,5,2,0,6,0,0,1,0,1,0,0,0,4.47741E+20,5.5934E+21,8.26329E+15,5.04902E+16
30155,6,6,33,3,2018,4,15,3,3,2,6,0,0,0,0,0,1,0,0,5.32281E+20,5.67902E+21,9.46265E+15,5.12616E+16
30156,6,4,12,0,2018,4,10,1,3,2,6,0,0,1,0,0,0,0,1,4.76546E+20,5.55332E+21,8.67184E+15,5.01317E+16
30157,6,6,33,24,2018,4,9,3,3,2,6,0,0,0,0,0,1,0,0,5.35367E+20,5.67699E+21,9.50668E+15,5.12432E+16
30158,6,6,34,5,2018,4,18,6,3,2,1,0,0,1,0,0,0,0,0,5.20707E+20,5.66477E+21,9.29596E+15,5.1134E+16
30159,6,4,36,9,2018,5,15,7,2,9,1,0,0,0,0,1,0,0,0,4.62544E+20,5.54708E+21,8.47655E+15,5.00748E+16