OBJECTID_1,ULAND,UREGBEZ,UKREIS,UGEMEINDE,UJAHR,UMONAT,USTUNDE,UWOCHENTAG,UKATEGORIE,UART,UTYP1,ULICHTVERH,IstRad,IstPKW,IstFuss,IstKrad,IstGkfz,IstSonstig,STRZUSTAND,LINREFX,LINREFY,XGCSWGS84,YGCSWGS84
30350,6,4,12,0,2018,5,12,2,3,3,2,0,0,1,0,0,0,1,0,4.79386E+20,5.55106E+21,8.71169E+15,5.01115E+16
30351,6,4,14,0,2018,4,20,1,2,8,1,0,0,1,0,0,0,0,0,4.50984E+20,5.5458E+21,8.31518E+15,5.00625E+16
30352,6,5,34,4,2018,4,15,6,3,2,6,0,0,1,0,0,0,0,0,4.66725E+20,5.63963E+21,8.52674E+15,5.09074E+16
30353,6,4,12,0,2018,5,14,6,3,3,6,0,1,1,0,0,0,0,0,4.72772E+20,5.55534E+21,8.6189E+15,5.01496E+16
30354,6,4,37,16,2018,4,17,1,2,2,6,0,0,1,0,1,0,0,0,4.98889E+20,5.4922E+21,8.98464E+15,4.95824E+16
30355,6,4,32,19,2018,5,23,4,3,8,1,2,0,1,0,0,0,0,0,4.88605E+20,5.519E+21,8.84158E+15,4.98233E+16
30356,6,5,32,10,2018,4,11,4,3,4,6,0,0,1,0,0,0,0,0,4.40943E+20,5.60336E+21,8.16589E+15,5.05791E+16
30357,6,6,31,20,2018,5,17,2,3,2,6,0,0,1,0,0,0,0,0,5.51666E+20,5.60824E+21,9.73041E+15,5.06237E+16
30358,6,5,33,5,2018,4,16,5,3,4,6,0,0,1,0,0,0,1,0,4.33692E+20,5.59518E+21,8.06494E+15,5.05049E+16
30359,6,4,11,0,2018,4,13,1,3,2,6,0,0,1,0,0,0,0,0,4.74762E+20,5.52466E+21,8.64876E+15,4.98738E+16
30360,6,4,40,8,2018,5,16,3,2,0,7,0,1,0,0,0,0,0,0,4.8222E+20,5.57529E+21,8.75019E+15,5.03294E+16
30361,6,6,35,16,2018,4,14,7,3,8,1,0,1,0,0,0,0,0,0,4.83135E+20,5.67417E+21,8.75851E+15,5.12187E+16
30362,6,4,40,8,2018,5,15,1,2,5,3,0,0,1,0,1,0,0,0,4.79836E+20,5.57428E+21,8.71676E+15,5.03203E+16
30363,6,5,33,13,2018,5,6,5,3,0,3,1,0,1,0,0,0,1,0,4.35708E+20,5.58654E+21,8.09485E+15,5.04273E+16
30364,6,4,12,0,2018,4,18,5,3,2,6,0,0,1,0,0,0,0,0,4.75067E+20,5.5588E+21,8.65079E+15,5.01809E+16
30365,6,6,11,0,2018,4,15,1,3,2,6,0,0,1,0,0,0,0,0,5.28525E+20,5.68175E+21,9.40904E+15,5.12864E+16
30366,6,6,31,17,2018,4,18,2,3,5,3,0,0,1,0,1,0,0,0,5.50749E+20,5.59937E+21,9.71623E+15,5.05441E+16
30367,6,4,14,0,2018,4,17,6,3,2,6,0,0,1,0,0,0,0,0,4.46588E+20,5.54693E+21,8.2536E+15,5.00723E+16
30368,6,4,36,8,2018,5,13,7,2,5,3,0,0,1,0,1,0,0,0,4.58012E+20,5.55563E+21,8.41227E+15,5.01514E+16
30369,6,6,32,17,2018,4,14,1,3,5,2,0,0,1,0,0,0,0,0,5.60146E+20,5.64446E+21,9.85621E+15,5.09486E+16
30370,6,6,33,26,2018,5,17,4,3,5,3,0,0,1,0,0,0,0,0,5.33164E+20,5.68988E+21,9.47631E+15,5.13592E+16
30371,6,4,35,28,2018,5,16,2,2,5,3,0,0,1,0,0,0,0,0,5.30947E+20,5.57395E+21,9.43468E+15,5.03168E+16
30372,6,6,34,18,2018,4,16,1,2,8,1,0,0,0,0,1,0,0,0,5.21852E+20,5.67235E+21,9.31278E+15,5.12021E+16
30373,6,4,38,7,2018,5,10,3,3,3,6,0,0,1,0,0,1,0,0,5.00128E+20,5.53848E+21,9.00179E+15,4.99986E+16
30374,6,5,32,1,2018,4,17,6,3,6,7,0,1,0,1,0,0,0,0,4.62048E+20,5.60438E+21,8.46385E+15,5.05901E+16
30375,6,4,38,13,2018,5,18,6,3,5,3,0,0,1,0,0,0,0,0,4.95889E+20,5.54462E+21,8.94257E+15,5.00538E+16
30376,6,6,36,3,2018,4,19,6,3,6,4,0,0,1,1,0,0,0,0,5.73947E+20,5.67056E+21,1.0058E+16,5.11817E+16
30377,6,4,39,12,2018,5,11,7,3,2,2,0,0,1,0,1,0,0,0,4.28313E+20,5.53839E+21,7.99985E+15,4.99935E+16
30378,6,6,35,10,2018,4,14,1,3,0,1,0,0,0,0,1,0,0,0,4.95316E+20,5.66183E+21,8.93309E+15,5.1108E+16
30379,6,4,12,0,2018,5,17,5,3,2,6,0,0,1,0,0,0,0,0,4.70915E+20,5.55415E+21,8.59299E+15,5.01389E+16
30380,6,6,36,16,2018,5,15,2,3,0,1,0,1,0,0,0,0,0,0,5.57241E+20,5.6897E+21,9.82206E+15,5.13557E+16
30381,6,4,39,8,2018,4,10,1,3,0,3,0,0,1,0,1,0,0,0,4.47723E+20,5.56334E+21,8.26721E+15,5.02199E+16
30382,6,5,34,11,2018,4,14,6,2,5,2,0,0,1,0,0,0,0,0,4.92721E+20,5.62669E+21,8.89672E+15,5.07919E+16
30383,6,4,12,0,2018,5,23,6,3,3,6,2,0,1,0,1,0,0,0,4.7752E+20,5.55117E+21,8.6856E+15,5.01124E+16
30384,6,4,39,7,2018,4,10,1,3,0,7,0,0,0,0,1,0,0,0,4.43149E+20,5.56067E+21,8.2035E+15,5.01955E+16
30385,6,5,31,12,2018,5,12,4,3,5,2,0,0,1,0,0,0,0,0,4.77007E+20,5.59742E+21,8.67561E+15,5.05283E+16
30386,6,4,32,18,2018,4,20,4,3,2,6,1,0,1,0,0,0,0,1,4.72315E+20,5.51818E+21,8.61517E+15,4.98154E+16
30387,6,5,31,5,2018,5,11,2,3,5,6,0,1,1,0,0,0,0,0,4.75859E+20,5.60239E+21,8.65908E+15,5.05729E+16
30388,6,4,12,0,2018,4,13,5,3,2,6,0,0,1,0,0,0,0,0,4.79002E+20,5.55489E+21,8.70612E+15,5.01459E+16
30389,6,4,39,5,2018,4,16,1,2,0,1,0,0,0,0,1,0,0,0,4.25147E+20,5.55226E+21,7.95297E+15,5.01179E+16
30390,6,4,13,0,2018,5,1,3,2,9,1,2,0,1,0,0,0,0,0,4.83361E+20,5.5461E+21,8.7675E+15,5.0067E+16
30391,6,6,11,0,2018,4,19,7,3,6,4,0,0,1,1,0,0,0,0,5.34714E+20,5.68671E+21,9.49827E+15,5.13306E+16
30392,6,6,31,13,2018,5,18,1,2,5,3,0,0,1,0,1,0,0,0,5.66531E+20,5.60755E+21,9.94042E+15,5.06161E+16
30393,6,6,34,14,2018,5,8,5,3,3,7,0,0,1,0,0,0,0,0,5.37975E+20,5.66488E+21,9.54275E+15,5.11341E+16
30394,6,6,34,9,2018,4,15,4,3,5,3,0,0,1,0,0,0,0,0,5.25926E+20,5.65072E+21,9.36954E+15,5.10075E+16
30395,6,4,35,28,2018,4,11,1,1,4,1,0,0,1,0,1,0,0,0,5.38707E+20,5.5677E+21,9.54304E+15,5.02602E+16
30396,6,4,12,0,2018,4,11,2,2,3,6,0,0,1,0,0,1,0,0,4.80957E+20,5.55136E+21,8.73366E+15,5.01142E+16
30397,6,4,38,9,2018,4,17,1,3,1,7,0,1,1,0,0,0,0,0,4.78183E+20,5.54416E+21,8.69527E+15,5.00493E+16
30398,6,4,11,0,2018,4,11,6,1,3,2,0,1,1,0,0,0,0,0,4.72234E+20,5.52158E+21,8.6138E+15,4.9846E+16
30399,6,5,35,13,2018,5,13,7,3,4,1,0,0,1,0,0,0,0,0,5.0091E+20,5.61369E+21,9.01288E+15,5.0675E+16
30400,6,4,38,9,2018,4,14,1,3,5,2,0,1,1,0,0,0,0,0,4.80529E+20,5.54549E+21,8.72797E+15,5.00614E+16
30401,6,4,12,0,2018,5,22,4,3,5,3,2,0,1,0,0,0,0,0,4.79812E+20,5.55034E+21,8.71769E+15,5.0105E+16
30402,6,4,31,11,2018,5,10,2,3,9,1,0,0,1,0,1,0,0,0,4.77295E+20,5.49692E+21,8.68563E+15,4.96244E+16
30403,6,4,34,9,2018,4,18,1,3,8,1,0,0,0,0,1,0,0,0,4.60285E+20,5.57254E+21,8.44232E+15,5.03036E+16
30404,6,4,12,0,2018,5,10,3,3,2,6,0,0,1,0,0,0,1,0,4.73584E+20,5.56007E+21,8.62993E+15,5.01923E+16
30405,6,6,34,8,2018,4,14,6,2,4,1,0,0,1,0,0,0,1,0,5.32811E+20,5.6728E+21,9.46968E+15,5.12057E+16
30406,6,4,35,9,2018,5,13,6,3,6,7,0,0,0,1,0,0,1,0,5.10217E+20,5.55445E+21,9.14298E+15,5.01421E+16
30407,6,4,34,8,2018,4,14,1,3,2,6,0,1,1,0,0,0,0,0,4.62828E+20,5.5639E+21,8.47887E+15,5.02261E+16
30408,6,6,11,0,2018,5,19,3,3,2,6,0,1,1,0,0,0,0,0,5.34347E+20,5.6855E+21,9.49288E+15,5.13198E+16
30409,6,4,32,20,2018,4,17,4,3,2,6,0,0,1,0,0,0,0,1,4.83781E+20,5.523E+21,8.77435E+15,4.98592E+16
30410,6,4,34,5,2018,4,17,1,2,0,6,0,0,1,0,1,0,0,0,4.59471E+20,5.56277E+21,8.43194E+15,5.02157E+16
30411,6,6,32,2,2018,5,10,1,3,5,3,0,0,1,0,1,0,0,0,5.49682E+20,5.63507E+21,9.70598E+15,5.08652E+16
30412,6,4,37,10,2018,4,22,5,2,0,1,2,1,0,0,0,0,0,0,5.09223E+20,5.51558E+21,9.12814E+15,4.97926E+16
30413,6,4,34,8,2018,4,13,1,3,5,2,0,0,1,0,0,0,0,0,4.69933E+20,5.56087E+21,8.57871E+15,5.01993E+16
30414,6,6,11,0,2018,4,15,2,3,2,6,0,0,1,0,0,1,0,0,5.35763E+20,5.68686E+21,9.51333E+15,5.13319E+16
30415,6,5,33,1,2018,4,11,1,2,8,1,0,0,0,0,1,0,0,0,4.38828E+20,5.58767E+21,8.13859E+15,5.04378E+16
30416,6,5,31,4,2018,5,16,4,3,2,6,0,0,1,0,0,0,1,0,4.85422E+20,5.60131E+21,8.79417E+15,5.05635E+16
30417,6,4,32,14,2018,4,9,4,3,2,6,0,0,1,0,0,0,0,0,4.78561E+20,5.51999E+21,8.70188E+15,4.98319E+16
30418,6,4,12,0,2018,5,8,2,3,2,6,0,0,1,0,0,0,0,0,4.7347E+20,5.55373E+21,8.62877E+15,5.01352E+16
30419,6,4,39,2,2018,4,0,5,3,9,1,2,0,1,0,0,0,0,0,4.34105E+20,5.55678E+21,8.07748E+15,5.01595E+16
30420,6,4,36,7,2018,4,21,1,3,4,6,2,0,1,0,0,0,0,0,4.61509E+20,5.55086E+21,8.46171E+15,5.01087E+16
30421,6,4,31,20,2018,5,19,3,3,9,1,0,0,1,0,0,0,0,0,4.68122E+20,5.48738E+21,8.5594E+15,4.95382E+16
30422,6,4,12,0,2018,4,15,7,2,0,7,0,1,0,0,0,0,0,0,4.7708E+20,5.55017E+21,8.6795E+15,5.01034E+16
30423,6,5,31,12,2018,5,14,1,3,2,6,0,0,1,0,0,0,0,0,4.74486E+20,5.59696E+21,8.64007E+15,5.0524E+16
30424,6,4,34,11,2018,5,14,5,2,5,3,0,0,1,0,0,0,0,0,4.70053E+20,5.57832E+21,8.57902E+15,5.03562E+16
30425,6,4,31,7,2018,4,18,1,3,5,3,0,1,1,0,0,0,0,0,4.85392E+20,5.50126E+21,8.79757E+15,4.96637E+16
30426,6,6,33,7,2018,4,12,1,3,2,2,0,0,1,0,1,0,0,0,5.33245E+20,5.69251E+21,9.47773E+15,5.13828E+16
30427,6,4,35,2,2018,4,14,1,2,2,6,0,0,1,0,0,0,0,0,5.25975E+20,5.56853E+21,9.36447E+15,5.02683E+16
30428,6,6,33,2,2018,4,17,6,2,8,1,0,0,1,0,0,0,0,0,5.30937E+20,5.72021E+21,9.447E+15,5.16321E+16
30429,6,4,12,0,2018,5,15,7,3,0,1,0,0,1,0,1,0,0,0,4.73754E+20,5.56135E+21,8.63222E+15,5.02037E+16
30430,6,4,35,3,2018,4,12,1,2,9,1,0,0,0,0,1,0,0,0,5.19962E+20,5.56398E+21,9.27987E+15,5.02276E+16
30431,6,6,32,18,2018,5,17,4,3,4,6,0,0,1,0,0,0,0,0,5.5277E+20,5.64943E+21,9.75194E+15,5.0994E+16
30432,6,5,34,7,2018,4,13,4,2,8,1,0,0,1,0,0,0,0,0,4.71115E+20,5.63136E+21,8.58982E+15,5.08332E+16
30433,6,6,31,9,2018,5,7,3,3,2,6,0,0,1,0,0,0,0,0,5.45792E+20,5.60122E+21,9.64652E+15,5.05611E+16
30434,6,5,32,4,2018,5,13,2,3,5,2,0,0,1,0,0,0,0,0,4.42295E+20,5.61439E+21,8.18326E+15,5.06784E+16
30435,6,4,40,23,2018,5,7,3,3,2,6,0,0,1,0,0,0,0,0,4.76437E+20,5.57031E+21,8.66927E+15,5.02844E+16
30436,6,4,39,8,2018,4,19,6,3,2,6,0,0,1,0,0,0,0,0,4.48218E+20,5.55857E+21,8.27479E+15,5.01771E+16
30437,6,4,31,2,2018,5,10,6,3,0,4,0,0,1,1,0,0,0,0,4.72148E+20,5.50321E+21,8.61393E+15,4.96808E+16
30438,6,4,40,4,2018,4,15,1,3,2,6,0,0,1,0,0,0,0,0,5.07256E+20,5.5699E+21,9.10185E+15,5.02812E+16
30439,6,4,12,0,2018,5,13,3,2,5,2,0,1,1,0,0,0,0,0,4.80285E+20,5.55436E+21,8.72409E+15,5.01412E+16
30440,6,4,31,13,2018,4,16,4,3,2,6,0,0,1,0,0,1,0,0,4.55943E+20,5.49809E+21,8.38987E+15,4.96337E+16
30441,6,4,36,3,2018,4,9,4,3,3,6,0,0,1,0,1,0,0,0,4.68858E+20,5.55336E+21,8.56427E+15,5.01316E+16
30442,6,4,31,9,2018,4,0,1,3,1,5,2,0,1,0,0,0,0,1,4.88203E+20,5.49791E+21,8.83663E+15,4.96336E+16
30443,6,4,37,13,2018,5,12,1,2,3,6,0,0,0,0,1,0,0,0,4.92512E+20,5.50674E+21,8.89613E+15,4.97131E+16
30444,6,5,31,11,2018,5,9,6,2,6,2,0,0,0,1,0,0,1,0,4.86989E+20,5.59648E+21,8.81647E+15,5.05202E+16
30445,6,4,31,2,2018,4,12,5,3,2,6,0,0,1,0,0,0,0,0,4.74344E+20,5.50403E+21,8.64431E+15,4.96883E+16
30446,6,5,32,8,2018,4,3,1,2,0,7,2,0,0,0,1,0,0,0,4.56247E+20,5.60587E+21,8.38173E+15,5.06031E+16
30447,6,6,33,10,2018,4,21,2,2,8,1,2,0,1,0,0,0,0,0,5.26686E+20,5.69975E+21,9.38402E+15,5.14483E+16
30448,6,5,35,1,2018,4,17,7,2,8,1,0,0,0,0,1,0,0,0,5.30695E+20,5.62557E+21,9.4354E+15,5.0781E+16
30449,6,6,34,21,2018,5,15,7,2,9,1,0,0,1,0,0,0,0,0,5.1886E+20,5.63611E+21,9.26807E+15,5.08764E+16
30450,6,6,31,9,2018,5,16,5,3,5,3,0,0,1,0,0,0,0,0,5.48831E+20,5.59963E+21,9.6892E+15,5.05466E+16
30451,6,4,32,17,2018,4,14,1,3,4,6,0,0,1,0,1,0,0,0,4.95208E+20,5.51801E+21,8.93339E+15,4.98145E+16
30452,6,4,38,1,2018,4,10,6,3,2,6,0,0,1,0,0,1,0,0,4.83673E+20,5.54092E+21,8.77208E+15,5.00204E+16
30453,6,5,33,3,2018,5,13,6,3,1,5,0,0,1,0,0,0,1,0,4.47849E+20,5.57193E+21,8.26778E+15,5.02972E+16
30454,6,4,32,17,2018,4,13,1,3,0,6,0,0,1,0,1,0,0,0,4.94282E+20,5.51917E+21,8.9205E+15,4.98249E+16
30455,6,4,40,3,2018,5,17,4,3,0,2,0,1,1,0,0,0,0,0,4.80696E+20,5.55705E+21,8.72971E+15,5.01654E+16
30456,6,6,31,9,2018,4,17,4,2,5,2,0,1,1,0,0,0,0,1,5.47921E+20,5.59911E+21,9.67629E+15,5.0542E+16
30457,6,4,34,6,2018,4,8,7,3,2,6,0,0,1,0,0,0,0,0,4.65712E+20,5.55842E+21,8.5198E+15,5.0177E+16
30458,6,4,14,0,2018,5,21,7,2,0,1,2,1,0,0,0,0,0,0,4.47192E+20,5.54655E+21,8.26209E+15,5.00689E+16
30459,6,5,32,5,2018,5,7,5,3,6,4,0,0,1,1,0,0,0,0,4.53049E+20,5.63116E+21,8.33332E+15,5.08303E+16
30460,6,4,31,21,2018,4,20,1,3,0,1,0,1,0,0,0,0,0,0,4.90127E+20,5.48739E+21,8.86354E+15,4.9539E+16
30461,6,5,35,5,2018,4,11,1,3,9,1,0,0,0,0,1,0,0,0,5.05522E+20,5.61403E+21,9.07816E+15,5.06781E+16
30462,6,4,34,8,2018,4,7,6,3,2,6,0,0,1,0,1,0,0,0,4.6995E+20,5.56154E+21,8.57891E+15,5.02053E+16
30463,6,5,31,4,2018,5,15,7,3,2,6,0,0,1,0,0,0,0,0,4.84632E+20,5.59939E+21,8.7831E+15,5.05463E+16
30464,6,4,33,8,2018,4,11,1,2,2,6,0,0,1,0,1,0,0,0,4.72145E+20,5.5371E+21,8.61144E+15,4.99856E+16
30465,6,4,34,1,2018,5,16,4,2,5,2,0,0,1,0,0,0,0,0,4.69279E+20,5.56846E+21,8.56894E+15,5.02675E+16
30466,6,4,38,11,2018,4,12,4,3,3,6,0,0,1,0,0,0,0,0,4.92358E+20,5.5386E+21,8.89336E+15,4.99996E+16
30467,6,4,31,14,2018,5,14,2,3,5,3,0,0,1,0,0,0,0,0,4.81076E+20,5.50738E+21,8.73747E+15,4.97186E+16
30468,6,4,14,0,2018,5,10,2,3,5,2,0,0,0,0,1,0,1,0,4.44405E+20,5.54863E+21,8.22284E+15,5.00873E+16
30469,6,4,33,4,2018,4,15,6,3,2,6,0,0,1,0,0,0,0,0,4.67112E+20,5.511E+21,8.54346E+15,4.97505E+16
30470,6,5,34,14,2018,5,14,6,2,5,2,0,1,1,0,0,0,0,0,4.83198E+20,5.62827E+21,8.76155E+15,5.08059E+16
30471,6,6,31,11,2018,4,21,1,2,9,1,2,1,0,0,0,0,0,0,5.41598E+20,5.60461E+21,9.58768E+15,5.05919E+16
30472,6,4,39,8,2018,5,20,3,3,8,1,0,0,0,0,1,0,0,0,4.45209E+20,5.55997E+21,8.23245E+15,5.01894E+16
30473,6,6,32,14,2018,4,8,4,3,8,1,0,0,1,0,0,0,0,0,5.4142E+20,5.6374E+21,9.58885E+15,5.08868E+16
30474,6,5,32,23,2018,4,13,1,3,5,3,0,0,1,0,0,0,0,0,4.63474E+20,5.6014E+21,8.48428E+15,5.05634E+16
30475,6,5,33,19,2018,5,10,1,2,2,6,0,0,1,0,1,0,0,0,4.53394E+20,5.59206E+21,8.34314E+15,5.04787E+16
30476,6,4,38,11,2018,5,15,6,3,3,6,0,0,1,0,0,0,1,0,4.92227E+20,5.54572E+21,8.89139E+15,5.00637E+16
30477,6,5,32,23,2018,4,9,5,3,5,3,0,0,1,0,0,0,0,0,4.69006E+20,5.60054E+21,8.56246E+15,5.0556E+16
30478,6,6,31,20,2018,4,13,1,2,5,3,0,0,0,0,1,0,0,0,5.52117E+20,5.60227E+21,9.73596E+15,5.057E+16
30479,6,4,31,11,2018,4,14,2,3,2,2,0,0,1,0,0,1,0,0,4.7398E+20,5.49873E+21,8.63961E+15,4.96405E+16
30480,6,6,11,0,2018,4,6,4,2,6,2,0,0,1,1,0,0,0,0,5.35014E+20,5.68564E+21,9.50247E+15,5.1321E+16
30481,6,4,31,6,2018,4,14,7,3,9,1,0,0,1,0,0,0,0,0,4.67777E+20,5.50353E+21,8.55331E+15,4.96834E+16
30482,6,4,39,15,2018,5,11,7,2,9,6,0,0,1,0,0,0,0,0,4.43028E+20,5.56037E+21,8.20185E+15,5.01928E+16
30483,6,5,31,5,2018,5,11,5,2,5,3,0,0,1,0,0,0,0,0,4.77637E+20,5.60262E+21,8.68417E+15,5.05751E+16
30484,6,4,37,13,2018,5,15,2,3,5,3,0,0,1,0,1,0,0,0,4.9436E+20,5.50662E+21,8.92177E+15,4.97121E+16
30485,6,6,31,9,2018,4,18,1,3,5,3,0,1,1,0,0,0,0,0,5.49609E+20,5.59908E+21,9.70011E+15,5.05416E+16
30486,6,4,31,13,2018,4,18,6,3,2,6,0,0,1,0,0,0,0,0,4.63945E+20,5.49407E+21,8.50105E+15,4.95981E+16
30487,6,4,12,0,2018,5,16,6,3,2,6,0,0,1,0,0,0,0,0,4.77932E+20,5.54989E+21,8.69144E+15,5.01009E+16
30488,6,5,32,18,2018,4,16,1,3,5,2,0,0,1,0,1,0,0,0,4.64985E+20,5.59049E+21,8.50664E+15,5.04653E+16
30489,6,6,31,20,2018,5,15,4,2,5,3,0,0,1,0,0,0,0,0,5.53091E+20,5.60167E+21,9.74962E+15,5.05645E+16
30490,6,4,12,0,2018,4,21,4,3,2,6,2,0,1,0,0,0,0,0,4.65078E+20,5.54696E+21,8.51197E+15,5.00739E+16
30491,6,5,31,6,2018,5,20,2,3,7,7,0,0,0,0,1,0,0,0,4.96176E+20,5.6027E+21,8.946E+15,5.05762E+16
30492,6,4,14,0,2018,4,16,5,2,6,4,0,0,1,1,0,0,0,0,4.44917E+20,5.54707E+21,8.23023E+15,5.00733E+16
30493,6,6,34,11,2018,4,17,1,3,9,6,0,0,1,0,0,0,1,0,5.33247E+20,5.64939E+21,9.47376E+15,5.09951E+16
30494,6,4,31,13,2018,5,2,3,3,2,6,2,0,1,0,0,0,0,0,4.60973E+20,5.49339E+21,8.45999E+15,4.95918E+16
30495,6,4,13,0,2018,4,15,4,3,3,6,0,0,1,0,0,0,1,0,4.80028E+20,5.54584E+21,8.72095E+15,5.00645E+16
30496,6,5,33,3,2018,4,9,7,3,2,6,0,0,1,0,1,0,0,0,4.4643E+20,5.57164E+21,8.2479E+15,5.02944E+16
30497,6,4,31,5,2018,5,11,1,3,2,6,0,0,1,0,0,0,0,0,4.61468E+20,5.49828E+21,8.46636E+15,4.96358E+16
30498,6,5,34,14,2018,5,12,2,2,3,2,0,0,1,0,1,0,0,0,4.84435E+20,5.62785E+21,8.77912E+15,5.08022E+16
30499,6,5,31,5,2018,4,9,5,3,2,6,0,0,1,0,0,0,0,0,4.76661E+20,5.60338E+21,8.67034E+15,5.05818E+16
30500,6,5,32,8,2018,4,16,1,2,8,1,0,0,0,0,1,0,0,1,4.55982E+20,5.6076E+21,8.37778E+15,5.06186E+16
30501,6,5,33,15,2018,5,19,3,3,9,1,0,0,1,0,0,0,0,0,4.44812E+20,5.58303E+21,8.22353E+15,5.03967E+16
30502,6,4,12,0,2018,4,12,4,3,2,6,0,0,1,0,0,0,0,0,4.74733E+20,5.56096E+21,8.64597E+15,5.02003E+16
30503,6,4,35,14,2018,4,10,7,3,2,2,0,0,1,0,0,0,0,0,4.95544E+20,5.5545E+21,8.93764E+15,5.01427E+16
30504,6,4,31,7,2018,5,17,1,3,4,6,0,0,1,0,1,0,0,0,4.90114E+20,5.49995E+21,8.86304E+15,4.9652E+16
30505,6,6,35,18,2018,5,16,5,3,4,6,0,0,1,0,0,0,0,0,4.93579E+20,5.68436E+21,8.90788E+15,5.13105E+16
30506,6,6,33,15,2018,4,21,5,3,2,6,2,0,0,0,0,1,1,0,5.38921E+20,5.6825E+21,9.55818E+15,5.12925E+16
30507,6,5,31,14,2018,4,15,1,3,8,7,0,0,1,0,0,0,0,0,4.82384E+20,5.59592E+21,8.75153E+15,5.05149E+16
30508,6,4,40,7,2018,4,15,2,3,2,2,0,0,1,0,0,0,1,0,4.92409E+20,5.57178E+21,8.89342E+15,5.02981E+16
30509,6,5,35,7,2018,4,19,6,2,0,1,0,0,0,0,1,0,0,0,5.23229E+20,5.59266E+21,9.32743E+15,5.04855E+16
30510,6,4,38,7,2018,5,14,7,3,5,3,0,0,1,0,0,0,0,0,5.01848E+20,5.54173E+21,9.0258E+15,5.00279E+16
30511,6,4,12,0,2018,4,13,7,3,4,6,0,0,1,0,1,0,0,0,4.65865E+20,5.54294E+21,8.52333E+15,5.00378E+16
30512,6,4,35,17,2018,5,17,4,3,2,6,0,0,1,0,0,0,0,0,5.01024E+20,5.55874E+21,9.01434E+15,5.01809E+16
30513,6,6,33,3,2018,5,22,2,3,3,6,2,1,0,0,0,0,1,0,5.30204E+20,5.67956E+21,9.43292E+15,5.12666E+16
30514,6,4,35,7,2018,4,5,7,2,9,1,2,0,1,0,0,0,0,0,4.98281E+20,5.55569E+21,8.97594E+15,5.01534E+16
30515,6,6,31,9,2018,4,12,6,3,5,2,0,0,1,0,0,0,0,0,5.49652E+20,5.59761E+21,9.70053E+15,5.05283E+16
30516,6,6,33,16,2018,5,12,6,3,5,3,0,0,1,0,0,0,0,0,5.20692E+20,5.70559E+21,9.2981E+15,5.1501E+16
30517,6,4,35,21,2018,4,5,7,3,4,6,0,0,1,0,0,0,0,0,4.93343E+20,5.56295E+21,8.90669E+15,5.02187E+16
30518,6,4,12,0,2018,5,23,4,2,9,1,2,0,0,0,0,0,1,0,4.72069E+20,5.54587E+21,8.60975E+15,5.00645E+16
30519,6,4,12,0,2018,4,16,4,3,2,6,0,0,1,0,0,0,0,0,4.70298E+20,5.55358E+21,8.58441E+15,5.01337E+16
30520,6,4,12,0,2018,5,16,2,3,2,6,0,0,1,0,0,0,0,0,4.71581E+20,5.55345E+21,8.60237E+15,5.01326E+16
30521,6,4,32,23,2018,4,8,5,3,2,6,0,0,1,0,0,0,0,0,4.72703E+20,5.52721E+21,8.61993E+15,4.98967E+16
30522,6,5,33,4,2018,4,13,7,3,2,6,0,0,1,0,1,0,0,0,4.31148E+20,5.5952E+21,8.02907E+15,5.05047E+16
30523,6,4,35,28,2018,5,3,3,3,8,1,2,0,1,0,0,0,0,0,5.34865E+20,5.57651E+21,9.48994E+15,5.03396E+16
30524,6,4,14,0,2018,4,15,7,3,2,6,0,0,1,0,0,0,0,0,4.44596E+20,5.54665E+21,8.22581E+15,5.00695E+16
30525,6,4,38,2,2018,5,14,1,3,3,6,0,0,1,0,1,0,0,0,4.79742E+20,5.54336E+21,8.71708E+15,5.00422E+16
30526,6,6,11,0,2018,5,17,5,3,5,3,0,1,1,0,0,0,0,0,5.3149E+20,5.68057E+21,9.45144E+15,5.12756E+16
30527,6,5,33,2,2018,4,15,7,3,5,3,0,0,1,0,0,0,0,0,4.40548E+20,5.57961E+21,8.16409E+15,5.03656E+16
30528,6,5,32,1,2018,4,7,2,3,9,1,0,0,1,0,0,0,0,0,4.60867E+20,5.60627E+21,8.44696E+15,5.0607E+16
30529,6,6,33,26,2018,4,10,7,2,5,3,0,0,1,0,0,0,0,0,5.32172E+20,5.68976E+21,9.46206E+15,5.13581E+16
30530,6,6,34,22,2018,4,21,6,3,4,6,1,0,1,0,0,0,0,0,5.1411E+20,5.6398E+21,9.2007E+15,5.09097E+16
30531,6,6,31,14,2018,5,14,7,2,4,6,0,0,1,0,1,0,1,0,5.34184E+20,5.59932E+21,9.48246E+15,5.05448E+16
30532,6,6,11,0,2018,4,15,7,3,2,6,0,0,1,0,0,0,0,0,5.34946E+20,5.68584E+21,9.50151E+15,5.13228E+16
30533,6,4,12,0,2018,5,9,4,3,5,2,0,0,1,0,1,0,0,0,4.8008E+20,5.55141E+21,8.72139E+15,5.01146E+16
30534,6,6,11,0,2018,5,11,5,3,5,3,0,0,1,0,0,0,0,0,5.34558E+20,5.68543E+21,9.49591E+15,5.13191E+16
30535,6,4,33,4,2018,4,4,5,3,9,7,2,0,1,0,0,0,0,0,4.6706E+20,5.508E+21,8.54299E+15,4.97236E+16
30536,6,4,14,0,2018,4,11,7,3,1,1,0,0,1,0,0,0,1,0,4.44999E+20,5.54723E+21,8.23135E+15,5.00748E+16
30537,6,5,32,21,2018,4,19,2,3,5,2,0,0,1,0,0,0,1,0,4.58262E+20,5.60021E+21,8.41084E+15,5.05524E+16
30538,6,4,12,0,2018,4,14,6,3,2,6,0,0,1,0,1,0,0,0,4.76145E+20,5.56075E+21,8.66576E+15,5.01985E+16