OBJECTID_1,ULAND,UREGBEZ,UKREIS,UGEMEINDE,UJAHR,UMONAT,USTUNDE,UWOCHENTAG,UKATEGORIE,UART,UTYP1,ULICHTVERH,IstRad,IstPKW,IstFuss,IstKrad,IstGkfz,IstSonstig,STRZUSTAND,LINREFX,LINREFY,XGCSWGS84,YGCSWGS84
30539,6,4,32,16,2018,5,13,7,3,2,6,0,0,1,0,0,0,0,0,4.84707E+20,5.51747E+21,8.78745E+15,4.98095E+16
30540,6,4,13,0,2018,4,12,7,3,0,7,0,1,0,0,0,0,0,0,4.8472E+20,5.54966E+21,8.78635E+15,5.0099E+16
30541,6,4,14,0,2018,5,13,4,3,5,7,0,0,1,0,1,0,0,0,4.47197E+20,5.54722E+21,8.26206E+15,5.00749E+16
30542,6,4,38,10,2018,5,22,2,2,8,1,2,0,0,0,1,0,0,0,4.88166E+20,5.54576E+21,8.83465E+15,5.0064E+16
30543,6,4,37,16,2018,4,15,7,2,8,1,0,0,0,0,1,0,0,0,4.95594E+20,5.48736E+21,8.93911E+15,4.95388E+16
30544,6,4,38,6,2018,5,9,3,2,3,6,0,0,1,0,0,0,0,0,4.7947E+20,5.54256E+21,8.71333E+15,5.0035E+16
30545,6,5,32,1,2018,4,10,6,3,2,6,0,0,1,0,0,0,0,0,4.61943E+20,5.60446E+21,8.46236E+15,5.05908E+16
30546,6,4,35,19,2018,5,18,6,3,5,3,0,1,1,0,0,0,0,0,4.88384E+20,5.55334E+21,8.83747E+15,5.01322E+16
30547,6,4,37,5,2018,4,15,7,3,5,3,0,0,1,0,1,0,0,0,4.9573E+20,5.50716E+21,8.94077E+15,4.97169E+16
30548,6,6,35,21,2018,5,16,3,3,8,1,0,0,0,0,1,0,0,0,5.00226E+20,5.67259E+21,9.00324E+15,5.12047E+16
30549,6,4,33,10,2018,4,15,4,2,2,6,0,0,1,0,0,1,0,0,4.63244E+20,5.5416E+21,8.48685E+15,5.00256E+16
30550,6,4,39,7,2018,4,15,1,2,8,1,0,0,0,0,1,0,0,0,4.41805E+20,5.56208E+21,8.18445E+15,5.0208E+16
30551,6,5,31,9,2018,5,6,2,3,9,1,0,0,1,0,0,0,0,0,4.75263E+20,5.59381E+21,8.65123E+15,5.04958E+16
30552,6,4,34,12,2018,4,19,5,2,5,2,0,0,1,0,0,0,0,0,4.68222E+20,5.57394E+21,8.55365E+15,5.03167E+16
30553,6,6,35,9,2018,4,10,7,2,3,6,0,1,1,0,0,0,0,0,5.0787E+20,5.66673E+21,9.11253E+15,5.1152E+16
30554,6,5,33,9,2018,4,22,2,1,5,3,2,0,1,0,0,0,0,0,4.36261E+20,5.57884E+21,8.10394E+15,5.03582E+16
30555,6,6,34,3,2018,4,12,4,3,2,6,0,0,1,0,0,0,0,0,5.34144E+20,5.66383E+21,9.4879E+15,5.11249E+16
30556,6,6,35,13,2018,4,14,7,2,8,1,0,0,1,0,0,0,0,0,5.03206E+20,5.65892E+21,9.04577E+15,5.10818E+16
30557,6,4,35,14,2018,5,14,7,3,9,1,0,0,0,0,0,0,1,0,4.95901E+20,5.55375E+21,8.94265E+15,5.01359E+16
30558,6,5,33,13,2018,5,13,5,3,5,3,0,0,1,0,0,0,0,0,4.42164E+20,5.58701E+21,8.18567E+15,5.04323E+16
30559,6,6,34,3,2018,4,14,7,3,4,1,0,0,0,0,1,1,0,0,5.306E+20,5.66333E+21,9.43723E+15,5.11206E+16
30560,6,4,11,0,2018,4,16,1,3,8,1,0,1,0,0,0,0,0,1,4.77867E+20,5.52624E+21,8.69189E+15,4.98882E+16
30561,6,6,11,0,2018,4,10,7,3,5,3,0,1,1,0,0,0,0,0,5.31196E+20,5.68478E+21,9.4476E+15,5.13135E+16
30562,6,6,35,13,2018,4,10,6,3,5,3,0,0,1,0,0,0,0,0,4.9532E+20,5.6566E+21,8.93322E+15,5.10609E+16
30563,6,4,12,0,2018,5,13,7,3,3,6,0,0,1,0,0,0,0,0,4.73322E+20,5.55981E+21,8.62628E+15,5.01899E+16
30564,6,6,34,27,2018,4,15,7,3,6,4,0,0,1,1,0,0,0,0,5.12278E+20,5.65564E+21,9.17518E+15,5.10522E+16
30565,6,4,39,11,2018,5,16,4,2,2,1,0,0,0,0,1,0,0,0,4.49715E+20,5.55938E+21,8.29565E+15,5.01845E+16
30566,6,4,31,20,2018,4,14,4,3,0,7,0,0,1,0,0,1,0,0,4.66355E+20,5.48935E+21,8.53481E+15,4.95558E+16
30567,6,4,13,0,2018,5,15,3,3,3,6,0,0,1,0,0,1,0,0,4.82477E+20,5.54594E+21,8.75516E+15,5.00655E+16
30568,6,4,32,14,2018,5,7,2,3,5,3,0,0,1,0,1,0,0,0,4.78858E+20,5.51976E+21,8.70604E+15,4.98299E+16
30569,6,6,35,15,2018,5,7,2,3,5,3,0,0,1,0,1,0,0,0,4.90002E+20,5.68E+21,8.85668E+15,5.12712E+16
30570,6,4,39,11,2018,4,9,6,3,2,6,0,0,0,0,0,1,0,0,4.50832E+20,5.55569E+21,8.31177E+15,5.01514E+16
30571,6,5,35,1,2018,5,20,6,3,9,7,0,0,1,0,0,0,0,0,5.21857E+20,5.62179E+21,9.30981E+15,5.07475E+16
30572,6,6,35,19,2018,4,12,7,2,5,3,0,1,1,0,0,0,0,0,4.96822E+20,5.67011E+21,8.95453E+15,5.11824E+16
30573,6,4,37,12,2018,5,17,3,2,8,1,0,0,0,0,1,0,0,0,4.9414E+20,5.49729E+21,8.91885E+15,4.96281E+16
30574,6,4,12,0,2018,4,5,3,3,0,7,1,1,0,0,0,0,0,0,4.70436E+20,5.54485E+21,8.58701E+15,5.00552E+16
30575,6,5,34,14,2018,4,13,1,3,2,7,0,0,1,0,0,0,1,0,4.86591E+20,5.6291E+21,8.80967E+15,5.08134E+16
30576,6,4,39,11,2018,5,10,1,3,5,2,0,1,1,0,0,0,0,0,4.51239E+20,5.5568E+21,8.31733E+15,5.01614E+16
30577,6,4,35,14,2018,5,13,6,3,2,6,0,0,1,0,0,0,0,0,4.94201E+20,5.54957E+21,8.91892E+15,5.00984E+16
30578,6,6,31,10,2018,5,13,3,2,5,3,0,0,1,0,1,0,0,0,5.65083E+20,5.58898E+21,9.91671E+15,5.04492E+16
30579,6,4,40,12,2018,5,16,2,3,2,6,0,0,1,0,0,0,0,0,4.82387E+20,5.56688E+21,8.75294E+15,5.02538E+16
30580,6,4,39,8,2018,4,11,7,2,0,2,0,1,0,0,0,1,0,0,4.51964E+20,5.56102E+21,8.32694E+15,5.01994E+16
30581,6,4,32,23,2018,5,6,3,2,8,1,0,0,0,0,1,0,0,0,4.72244E+20,5.53078E+21,8.61328E+15,4.99287E+16
30582,6,4,33,7,2018,4,14,6,3,3,6,0,0,1,0,0,1,0,0,4.65143E+20,5.54256E+21,8.51328E+15,5.00343E+16
30583,6,4,40,4,2018,5,21,6,3,5,2,2,0,1,0,0,0,0,0,5.04375E+20,5.57302E+21,9.06144E+15,5.03093E+16
30584,6,4,39,5,2018,4,17,7,3,8,1,0,0,0,0,1,0,0,0,4.2451E+20,5.55129E+21,7.94426E+15,5.0109E+16
30585,6,4,13,0,2018,5,22,3,3,5,3,2,0,1,0,0,0,0,0,4.83688E+20,5.5481E+21,8.772E+15,5.0085E+16
30586,6,4,32,20,2018,4,21,1,3,7,7,2,0,0,0,1,0,0,0,4.83046E+20,5.52464E+21,8.76405E+15,4.9874E+16
30587,6,6,11,0,2018,5,6,1,3,3,6,0,0,1,0,0,0,0,0,5.35737E+20,5.68593E+21,9.51287E+15,5.13235E+16
30588,6,4,40,7,2018,4,7,5,3,5,3,0,0,1,0,0,0,0,0,4.94644E+20,5.57536E+21,8.92475E+15,5.03304E+16
30589,6,4,39,12,2018,4,18,7,3,5,3,0,1,1,0,0,0,0,0,4.29176E+20,5.53911E+21,8.01175E+15,5.00001E+16
30590,6,4,12,0,2018,4,14,2,3,5,2,0,0,1,0,0,0,1,0,4.79602E+20,5.55116E+21,8.71471E+15,5.01123E+16
30591,6,4,40,9,2018,4,14,7,2,8,1,0,0,1,0,0,0,0,0,5.18076E+20,5.58929E+21,9.25464E+15,5.04553E+16
30592,6,4,14,0,2018,5,0,7,3,5,3,2,0,1,0,0,0,0,0,4.45097E+20,5.54751E+21,8.23268E+15,5.00773E+16
30593,6,5,34,7,2018,5,7,5,3,2,6,0,0,1,0,0,0,0,0,4.68146E+20,5.63406E+21,8.54742E+15,5.08574E+16
30594,6,4,39,10,2018,4,12,7,3,8,1,0,0,0,0,1,0,0,0,4.16713E+20,5.54912E+21,7.83571E+15,5.00885E+16
30595,6,4,36,7,2018,4,9,6,3,2,6,0,0,1,0,0,0,0,0,4.60182E+20,5.54832E+21,8.44341E+15,5.00858E+16
30596,6,4,40,15,2018,5,10,7,3,2,6,0,0,1,0,0,0,0,0,4.80196E+20,5.59023E+21,8.72098E+15,5.04637E+16
30597,6,4,34,7,2018,4,15,7,3,5,3,0,0,1,0,0,0,1,0,4.64514E+20,5.57334E+21,8.50163E+15,5.03111E+16
30598,6,4,31,7,2018,5,10,4,2,8,6,0,0,1,0,0,0,0,0,4.85831E+20,5.50279E+21,8.80361E+15,4.96774E+16
30599,6,4,33,4,2018,5,7,2,3,5,3,0,0,1,0,0,1,0,0,4.6369E+20,5.51304E+21,8.49577E+15,4.97688E+16
30600,6,4,13,0,2018,5,18,2,3,5,2,0,1,1,0,0,0,0,0,4.84211E+20,5.54888E+21,8.77927E+15,5.0092E+16
30601,6,5,31,9,2018,4,16,6,3,2,6,0,0,1,0,0,0,1,0,4.77565E+20,5.59376E+21,8.6837E+15,5.04954E+16
30602,6,4,34,12,2018,4,16,7,2,2,6,0,0,1,0,0,0,0,0,4.67842E+20,5.57199E+21,8.54848E+15,5.02991E+16
30603,6,4,38,5,2018,5,15,3,3,5,3,0,1,1,0,0,0,0,0,4.85188E+20,5.54511E+21,8.79308E+15,5.00581E+16
30604,6,4,12,0,2018,4,8,1,3,2,6,0,0,1,0,0,0,0,1,4.74746E+20,5.545E+21,8.6472E+15,5.00568E+16
30605,6,4,36,7,2018,5,15,1,3,2,6,0,1,1,0,0,0,0,0,4.61089E+20,5.54858E+21,8.45607E+15,5.00882E+16
30606,6,4,14,0,2018,5,16,6,3,2,6,0,0,1,0,0,0,0,0,4.51873E+20,5.55498E+21,8.32643E+15,5.01451E+16
30607,6,4,35,17,2018,4,18,5,3,3,6,0,0,1,0,0,1,0,0,5.03334E+20,5.55768E+21,9.04669E+15,5.01713E+16
30608,6,4,34,2,2018,4,14,7,2,8,7,0,0,0,0,0,0,1,0,4.7349E+20,5.56997E+21,8.62792E+15,5.02812E+16
30609,6,4,32,10,2018,4,14,2,3,2,6,0,0,1,0,0,0,1,0,4.9397E+20,5.52344E+21,8.9161E+15,4.98634E+16
30610,6,4,35,14,2018,4,12,6,3,2,6,0,0,1,0,0,0,0,0,4.96022E+20,5.55453E+21,8.94433E+15,5.0143E+16
30611,6,4,39,5,2018,5,18,7,3,8,1,0,0,0,0,1,0,0,0,4.2442E+20,5.5516E+21,7.94293E+15,5.01118E+16
30612,6,4,36,4,2018,4,18,7,3,8,1,0,0,1,0,0,0,0,0,4.55889E+20,5.53932E+21,8.38445E+15,5.00046E+16
30613,6,4,35,17,2018,5,14,5,3,2,6,0,0,1,0,0,0,0,0,5.03285E+20,5.55788E+21,9.046E+15,5.01731E+16
30614,6,4,11,0,2018,5,12,2,3,2,6,0,1,1,0,0,0,0,0,4.75358E+20,5.52452E+21,8.65706E+15,4.98726E+16
30615,6,5,34,15,2018,4,14,5,3,2,6,0,0,1,0,0,0,1,0,4.79655E+20,5.6439E+21,8.7104E+15,5.09464E+16
30616,6,4,31,17,2018,4,15,7,2,0,1,0,0,0,0,1,0,0,0,4.80832E+20,5.49389E+21,8.73475E+15,4.95973E+16
30617,6,4,39,8,2018,4,15,2,3,2,6,0,0,1,0,0,0,0,0,4.46723E+20,5.56211E+21,8.25336E+15,5.02088E+16
30618,6,5,32,23,2018,4,5,7,3,2,6,1,0,1,0,0,0,0,0,4.625E+20,5.60091E+21,8.47058E+15,5.05589E+16
30619,6,6,33,10,2018,5,11,7,2,4,6,0,0,1,0,1,0,0,0,5.31374E+20,5.6977E+21,9.4513E+15,5.14296E+16
30620,6,5,32,21,2018,5,16,5,2,4,6,0,0,1,0,0,0,0,0,4.60511E+20,5.6006E+21,8.44253E+15,5.0556E+16
30621,6,4,12,0,2018,5,15,2,3,2,6,0,0,1,0,0,1,0,0,4.80604E+20,5.55216E+21,8.72868E+15,5.01214E+16
30622,6,4,31,11,2018,4,18,7,3,2,6,0,0,1,0,0,0,0,0,4.73958E+20,5.49902E+21,8.63928E+15,4.96432E+16
30623,6,4,40,2,2018,4,14,6,2,9,7,0,0,0,0,0,1,0,0,4.81891E+20,5.58107E+21,8.74529E+15,5.03814E+16
30624,6,4,14,0,2018,5,10,6,3,2,6,0,0,1,0,1,0,0,0,4.46833E+20,5.54697E+21,8.25702E+15,5.00726E+16
30625,6,4,40,1,2018,4,12,7,3,3,6,0,1,1,0,0,0,0,0,4.96076E+20,5.5704E+21,8.94493E+15,5.02857E+16
30626,6,4,37,3,2018,5,10,4,3,4,1,0,0,1,0,0,1,0,0,4.93101E+20,5.51173E+21,8.90421E+15,4.9758E+16
30627,6,6,31,9,2018,5,16,2,3,8,1,0,0,1,0,0,0,0,0,5.45752E+20,5.60124E+21,9.64596E+15,5.05613E+16
30628,6,5,35,15,2018,4,7,5,3,2,2,0,0,1,0,1,0,0,0,5.39913E+20,5.61454E+21,9.56495E+15,5.06813E+16
30629,6,4,37,10,2018,4,9,7,3,3,7,0,0,1,0,1,0,0,0,5.03565E+20,5.51457E+21,9.04952E+15,4.97836E+16
30630,6,5,32,2,2018,5,3,3,3,6,7,2,0,1,1,0,0,0,0,4.60983E+20,5.61727E+21,8.44744E+15,5.07059E+16
30631,6,6,35,16,2018,4,14,7,3,8,1,0,1,0,0,0,0,0,0,4.83314E+20,5.67404E+21,8.76108E+15,5.12175E+16
30632,6,4,32,20,2018,5,2,1,3,3,6,2,0,1,0,0,0,0,0,4.84338E+20,5.52488E+21,8.78202E+15,4.98761E+16
30633,6,5,35,19,2018,5,15,5,3,5,3,0,0,1,0,0,0,0,0,5.33364E+20,5.60658E+21,9.47153E+15,5.06102E+16
30634,6,6,32,6,2018,4,0,5,2,3,1,2,0,1,0,0,0,1,0,5.57942E+20,5.63753E+21,9.82374E+15,5.08865E+16
30635,6,5,32,11,2018,4,12,7,2,4,1,0,0,1,0,0,0,0,0,4.43796E+20,5.62207E+21,8.20334E+15,5.07477E+16
30636,6,5,34,11,2018,4,18,2,3,5,3,0,0,1,0,0,0,0,0,4.96881E+20,5.63585E+21,8.95566E+15,5.08743E+16
30637,6,4,14,0,2018,4,15,6,3,2,6,0,0,1,0,0,0,0,0,4.48185E+20,5.54647E+21,8.27598E+15,5.00683E+16
30638,6,4,34,7,2018,5,18,7,3,0,7,0,0,1,0,0,0,0,0,4.65877E+20,5.57448E+21,8.52067E+15,5.03214E+16
30639,6,4,32,21,2018,4,13,7,2,5,2,0,1,1,0,0,0,0,0,4.99893E+20,5.53077E+21,8.99851E+15,4.99293E+16
30640,6,5,33,9,2018,5,16,4,3,4,6,0,0,1,0,0,0,0,0,4.33732E+20,5.58038E+21,8.06813E+15,5.03718E+16
30641,6,6,35,4,2018,5,15,2,2,8,1,0,0,0,0,1,0,0,0,4.72248E+20,5.65364E+21,8.60422E+15,5.10336E+16
30642,6,4,11,0,2018,4,12,7,3,5,3,0,0,1,0,1,0,0,0,4.74448E+20,5.51655E+21,8.64492E+15,4.98009E+16
30643,6,4,35,14,2018,4,17,6,3,2,6,0,0,1,0,0,0,0,0,4.91619E+20,5.55414E+21,8.88272E+15,5.01394E+16
30644,6,4,39,3,2018,5,16,6,2,0,1,0,0,0,0,1,0,0,1,4.33534E+20,5.54091E+21,8.07225E+15,5.00168E+16
30645,6,4,32,16,2018,4,11,7,3,0,1,0,0,0,0,1,0,0,0,4.80534E+20,5.51944E+21,8.72935E+15,4.98271E+16
30646,6,5,33,3,2018,5,12,4,3,8,1,0,0,1,0,0,0,0,0,4.45494E+20,5.57252E+21,8.23464E+15,5.03023E+16
30647,6,4,14,0,2018,4,18,4,3,5,3,0,0,1,0,0,0,0,0,4.48022E+20,5.54593E+21,8.27377E+15,5.00634E+16
30648,6,4,33,7,2018,5,9,2,3,3,6,0,0,1,0,0,1,0,0,4.67938E+20,5.54417E+21,8.55217E+15,5.0049E+16
30649,6,4,39,2,2018,4,23,5,3,7,7,2,0,0,0,1,0,0,0,4.34439E+20,5.55278E+21,8.08284E+15,5.01236E+16
30650,6,4,32,16,2018,4,20,7,1,8,1,1,0,1,0,0,0,0,0,4.85324E+20,5.51688E+21,8.79605E+15,4.98042E+16
30651,6,4,33,10,2018,4,12,6,2,9,1,0,0,0,0,1,0,0,0,4.61964E+20,5.54116E+21,8.46903E+15,5.00216E+16
30652,6,4,12,0,2018,5,19,6,3,5,7,0,0,1,0,0,0,1,0,4.74246E+20,5.5501E+21,8.63988E+15,5.01026E+16
30653,6,6,31,20,2018,4,12,7,2,3,6,0,0,1,0,1,0,0,0,5.5092E+20,5.60044E+21,9.7188E+15,5.05537E+16
30654,6,5,31,16,2018,5,12,4,3,2,6,0,0,1,0,0,0,1,0,4.88039E+20,5.60525E+21,8.831E+15,5.05991E+16
30655,6,5,31,9,2018,5,15,2,2,6,7,0,0,1,1,0,0,1,0,4.69281E+20,5.58833E+21,8.56735E+15,5.04462E+16
30656,6,4,12,0,2018,4,17,5,3,2,6,0,0,1,0,0,0,0,0,4.78229E+20,5.55346E+21,8.69538E+15,5.0133E+16
30657,6,5,32,23,2018,4,18,7,3,2,6,0,0,1,0,0,0,0,0,4.66242E+20,5.60334E+21,8.52319E+15,5.0581E+16
30658,6,5,31,4,2018,5,4,3,3,7,7,2,0,1,0,0,0,0,0,4.83102E+20,5.60407E+21,8.76129E+15,5.05883E+16
30659,6,5,33,14,2018,4,22,7,3,8,1,2,0,1,0,0,0,0,0,4.46905E+20,5.58139E+21,8.2532E+15,5.03822E+16
30660,6,5,35,1,2018,5,17,1,3,5,3,0,0,1,0,1,0,0,0,5.18791E+20,5.62346E+21,9.26643E+15,5.07626E+16
30661,6,4,14,0,2018,5,17,5,3,2,6,0,0,1,0,0,0,0,0,4.42757E+20,5.54405E+21,8.2005E+15,5.0046E+16
30662,6,5,31,5,2018,4,16,4,2,5,3,0,0,1,0,1,0,0,0,4.80103E+20,5.60666E+21,8.71879E+15,5.06115E+16
30663,6,5,31,8,2018,4,13,7,3,9,1,0,0,0,0,0,0,1,0,4.95529E+20,5.59532E+21,8.93695E+15,5.05099E+16
30664,6,4,12,0,2018,4,0,2,3,9,1,2,0,1,0,0,0,0,0,4.73946E+20,5.56129E+21,8.63492E+15,5.02032E+16
30665,6,4,13,0,2018,4,7,7,3,9,1,0,0,1,0,0,1,0,0,4.82968E+20,5.54601E+21,8.76202E+15,5.00662E+16
30666,6,4,37,6,2018,4,7,6,3,8,1,0,0,1,0,0,0,0,0,4.99387E+20,5.49516E+21,8.99152E+15,4.9609E+16
30667,6,5,34,5,2018,5,5,7,3,7,1,1,0,1,0,0,0,0,0,4.58876E+20,5.63422E+21,8.41571E+15,5.08582E+16
30668,6,6,32,20,2018,4,11,7,3,2,6,0,0,1,0,0,0,0,0,5.69662E+20,5.64544E+21,9.99184E+15,5.09563E+16
30669,6,4,12,0,2018,5,17,4,3,2,6,0,0,1,0,0,0,0,0,4.72726E+20,5.55221E+21,8.61847E+15,5.01215E+16
30670,6,4,36,4,2018,5,10,2,3,2,3,0,0,1,0,0,0,1,0,4.5884E+20,5.54055E+21,8.42549E+15,5.00158E+16
30671,6,4,34,8,2018,4,22,7,3,8,1,2,0,1,0,0,0,0,0,4.6966E+20,5.56269E+21,8.57474E+15,5.02156E+16
30672,6,6,33,3,2018,5,6,3,3,2,6,0,0,1,0,0,0,0,0,5.31485E+20,5.6793E+21,9.45126E+15,5.12642E+16
30673,6,6,34,8,2018,4,15,6,3,2,6,0,0,1,0,0,1,0,0,5.32716E+20,5.67276E+21,9.46832E+15,5.12053E+16
30674,6,4,31,11,2018,5,11,6,3,6,4,0,0,1,1,0,0,0,0,4.73994E+20,5.49934E+21,8.63977E+15,4.9646E+16
30675,6,4,12,0,2018,4,13,7,3,2,6,0,0,1,0,0,0,0,0,4.71435E+20,5.55554E+21,8.60016E+15,5.01514E+16
30676,6,6,33,17,2018,5,1,3,2,0,1,2,0,0,0,1,0,0,0,5.38195E+20,5.67978E+21,9.54748E+15,5.1268E+16
30677,6,4,34,12,2018,4,16,1,2,5,3,0,0,1,0,1,0,0,0,4.6771E+20,5.57035E+21,8.54677E+15,5.02844E+16
30678,6,6,32,2,2018,5,11,1,2,5,2,0,0,1,0,0,0,0,0,5.49683E+20,5.63507E+21,9.706E+15,5.08652E+16
30679,6,4,40,12,2018,4,22,5,3,1,5,2,0,1,0,0,0,0,0,4.84242E+20,5.56301E+21,8.77912E+15,5.02191E+16
30680,6,4,31,2,2018,4,18,7,3,4,6,0,0,1,0,0,0,1,0,4.713E+20,5.50401E+21,8.6021E+15,4.96879E+16
30681,6,5,33,8,2018,4,18,2,3,4,6,0,0,1,0,0,0,0,0,4.40654E+20,5.5703E+21,8.16703E+15,5.02818E+16
30682,6,6,33,23,2018,4,9,4,3,8,1,0,0,1,0,0,0,0,0,5.2047E+20,5.68138E+21,9.29352E+15,5.12834E+16
30683,6,4,38,2,2018,4,16,7,2,6,4,0,0,1,1,0,0,0,0,4.79083E+20,5.53897E+21,8.70812E+15,5.00027E+16
30684,6,6,35,7,2018,5,10,7,2,0,6,0,0,0,0,1,0,0,0,4.84187E+20,5.68956E+21,8.77289E+15,5.13571E+16
30685,6,4,31,17,2018,5,13,5,3,1,5,0,0,0,0,0,1,0,0,4.78835E+20,5.49635E+21,8.70698E+15,4.96194E+16
30686,6,4,31,6,2018,4,0,7,3,2,6,2,0,1,0,0,1,0,0,4.67393E+20,5.50576E+21,8.5478E+15,4.97035E+16
30687,6,4,14,0,2018,5,17,4,3,2,6,0,0,1,0,0,0,0,0,4.49047E+20,5.54489E+21,8.28823E+15,5.00541E+16
30688,6,5,31,5,2018,5,16,6,3,3,6,0,0,1,0,0,0,1,0,4.79773E+20,5.60887E+21,8.714E+15,5.06314E+16
30689,6,5,34,18,2018,5,15,3,3,3,2,0,0,1,0,1,0,0,0,5.02636E+20,5.63046E+21,9.03743E+15,5.08258E+16
30690,6,4,32,2,2018,5,15,5,3,2,6,0,0,1,0,0,0,0,0,4.96629E+20,5.53523E+21,8.953E+15,4.99694E+16
30691,6,6,36,5,2018,5,16,1,3,9,1,0,0,1,0,0,0,0,1,5.82043E+20,5.65146E+21,1.01695E+16,5.10089E+16
30692,6,4,35,14,2018,5,22,7,3,8,1,2,0,1,0,0,0,0,0,4.96915E+20,5.55471E+21,8.95683E+15,5.01446E+16
30693,6,4,12,0,2018,5,17,7,3,5,3,0,1,1,0,0,0,0,0,4.7892E+20,5.55206E+21,8.70512E+15,5.01204E+16
30694,6,6,35,7,2018,5,19,5,3,8,1,0,0,1,0,0,0,0,0,4.76041E+20,5.68843E+21,8.65599E+15,5.13467E+16
30695,6,5,34,10,2018,5,19,2,3,5,3,0,0,1,0,1,0,0,0,4.66774E+20,5.62637E+21,8.52864E+15,5.07881E+16
30696,6,6,31,13,2018,5,18,4,3,8,1,0,0,1,0,0,0,0,1,5.62375E+20,5.60612E+21,9.88143E+15,5.06036E+16
30697,6,5,35,16,2018,5,15,5,2,2,5,0,0,0,0,1,0,0,0,5.06783E+20,5.59567E+21,9.09567E+15,5.0513E+16
30698,6,6,32,15,2018,5,17,6,3,2,7,0,0,1,0,0,0,0,0,5.39272E+20,5.62978E+21,9.55751E+15,5.08184E+16
30699,6,6,33,15,2018,5,17,5,2,9,1,0,0,0,0,1,0,0,1,5.39414E+20,5.68253E+21,9.56526E+15,5.12927E+16
30700,6,4,12,0,2018,5,11,6,2,3,6,0,0,1,0,1,0,0,0,4.78769E+20,5.55219E+21,8.703E+15,5.01216E+16
30701,6,4,39,14,2018,5,16,2,3,5,3,0,0,1,0,0,0,0,0,4.37437E+20,5.54872E+21,8.12544E+15,5.00875E+16
30702,6,6,31,9,2018,5,20,1,3,8,1,1,0,1,0,0,0,0,0,5.50663E+20,5.60563E+21,9.71588E+15,5.06004E+16
30703,6,5,35,2,2018,5,16,3,3,4,6,0,0,1,0,0,0,0,0,5.16273E+20,5.62492E+21,9.23079E+15,5.07758E+16
30704,6,4,13,0,2018,5,20,4,3,5,3,0,0,1,0,0,1,0,0,4.82012E+20,5.54586E+21,8.74867E+15,5.00647E+16
30705,6,4,36,7,2018,5,7,5,2,5,2,0,0,1,0,1,0,0,0,4.593E+20,5.54634E+21,8.43129E+15,5.0068E+16
30706,6,4,14,0,2018,5,10,5,3,4,1,0,0,1,0,0,0,1,1,4.41743E+20,5.55132E+21,8.18522E+15,5.01113E+16
30707,6,6,11,0,2018,5,21,3,2,6,4,2,0,1,1,0,0,0,1,5.34714E+20,5.68671E+21,9.49827E+15,5.13306E+16
30708,6,4,37,13,2018,5,17,1,3,8,1,0,0,0,0,1,0,0,1,4.86303E+20,5.50353E+21,8.81012E+15,4.96841E+16
30709,6,4,32,21,2018,5,19,7,3,2,6,0,0,1,0,0,0,0,0,4.99615E+20,5.53083E+21,8.99463E+15,4.99298E+16
30710,6,4,39,12,2018,5,17,2,2,2,6,0,0,1,0,0,0,0,0,4.2773E+20,5.53793E+21,7.9918E+15,4.99893E+16
30711,6,4,32,10,2018,5,14,3,3,5,2,0,0,1,0,1,0,0,0,4.93518E+20,5.52468E+21,8.90978E+15,4.98745E+16
30712,6,6,31,5,2018,5,12,1,2,8,1,0,1,0,0,0,0,0,0,5.72581E+20,5.59759E+21,1.0024E+16,5.05257E+16
30713,6,6,35,11,2018,5,18,4,2,5,3,0,0,0,0,1,0,1,0,4.9105E+20,5.65515E+21,8.87232E+15,5.10478E+16
30714,6,6,36,9,2018,5,16,5,3,9,1,0,0,0,0,1,0,0,1,5.63302E+20,5.69071E+21,9.90927E+15,5.13641E+16
30715,6,5,33,9,2018,5,17,3,2,9,1,0,0,0,0,1,0,0,0,4.34437E+20,5.58284E+21,8.07761E+15,5.0394E+16
30716,6,4,35,19,2018,5,9,5,3,9,1,0,0,1,0,0,0,0,1,4.9048E+20,5.55534E+21,8.86675E+15,5.01502E+16
30717,6,4,14,0,2018,5,11,6,2,6,4,0,0,1,1,0,0,0,0,4.45385E+20,5.54764E+21,8.23669E+15,5.00785E+16
30718,6,4,35,26,2018,5,11,7,3,2,2,0,0,1,0,1,0,0,0,4.87922E+20,5.56237E+21,8.83072E+15,5.02134E+16
30719,6,5,31,14,2018,5,21,3,3,5,3,2,0,1,0,0,0,0,1,4.79361E+20,5.59795E+21,8.70878E+15,5.05331E+16
30720,6,4,33,2,2018,5,19,2,3,9,1,0,0,0,0,0,0,1,0,4.53084E+20,5.53853E+21,8.34539E+15,4.99973E+16
30721,6,4,40,5,2018,5,12,4,3,2,6,0,0,0,0,0,1,0,0,4.78447E+20,5.58637E+21,8.69656E+15,5.0429E+16
30722,6,6,11,0,2018,5,14,5,3,5,3,0,1,1,0,0,0,0,1,5.31548E+20,5.68418E+21,9.4526E+15,5.1308E+16
30723,6,5,33,6,2018,5,17,5,3,5,3,0,0,1,0,1,0,0,0,4.31519E+20,5.58439E+21,8.03628E+15,5.04076E+16
30724,6,6,34,5,2018,5,14,5,3,5,3,0,0,1,0,0,0,0,1,5.21478E+20,5.66729E+21,9.30712E+15,5.11566E+16
30725,6,4,40,5,2018,5,18,6,3,5,2,0,0,1,0,0,0,0,0,4.78497E+20,5.58731E+21,8.6972E+15,5.04374E+16
30726,6,4,31,1,2018,5,7,2,3,6,4,0,1,0,1,0,0,0,0,4.84587E+20,5.4872E+21,8.78698E+15,4.95372E+16
30727,6,6,32,16,2018,5,12,7,2,5,3,0,0,1,0,1,0,0,0,5.69766E+20,5.63249E+21,9.99086E+15,5.08399E+16
30728,6,6,31,15,2018,5,13,3,3,3,1,0,0,1,0,0,0,0,1,5.48005E+20,5.61171E+21,9.67911E+15,5.06553E+16