OBJECTID_1,ULAND,UREGBEZ,UKREIS,UGEMEINDE,UJAHR,UMONAT,USTUNDE,UWOCHENTAG,UKATEGORIE,UART,UTYP1,ULICHTVERH,IstRad,IstPKW,IstFuss,IstKrad,IstGkfz,IstSonstig,STRZUSTAND,LINREFX,LINREFY,XGCSWGS84,YGCSWGS84
31107,6,4,31,20,2018,5,17,5,3,2,6,0,0,1,0,0,0,0,0,4.67013E+20,5.48936E+21,8.54391E+15,4.95559E+16
31108,6,5,34,7,2018,5,8,4,2,0,7,0,0,1,0,0,0,1,0,4.71684E+20,5.63572E+21,8.59756E+15,5.08725E+16
31109,6,4,36,10,2018,5,12,3,2,9,1,0,0,1,0,0,0,0,0,4.63263E+20,5.55207E+21,8.48611E+15,5.01197E+16
31110,6,6,34,17,2018,5,12,5,2,9,1,0,0,1,0,0,0,0,0,5.24998E+20,5.63422E+21,9.35517E+15,5.08591E+16
31111,6,5,34,14,2018,5,0,1,3,5,3,2,0,1,0,0,0,0,0,4.84171E+20,5.62897E+21,8.77532E+15,5.08122E+16
31112,6,6,32,2,2018,5,10,6,3,2,6,0,0,1,0,0,0,1,0,5.50874E+20,5.63485E+21,9.72289E+15,5.08631E+16
31113,6,5,31,6,2018,5,19,2,2,2,6,0,0,1,0,0,0,0,0,4.9518E+20,5.60923E+21,8.93184E+15,5.06349E+16
31114,6,4,14,0,2018,5,10,7,3,2,6,0,0,1,0,0,0,0,0,4.49627E+20,5.5437E+21,8.29649E+15,5.00435E+16
31115,6,4,31,21,2018,5,19,4,2,2,6,0,0,1,0,1,0,0,0,4.85512E+20,5.49133E+21,8.79961E+15,4.95744E+16
31116,6,4,38,13,2018,5,20,2,3,5,3,0,1,0,0,0,0,0,0,4.98158E+20,5.54486E+21,8.97426E+15,5.0056E+16
31117,6,6,11,0,2018,5,7,4,3,0,1,0,0,0,0,1,0,0,1,5.32259E+20,5.68009E+21,9.46243E+15,5.12712E+16
31118,6,4,32,10,2018,5,13,6,2,2,6,0,0,1,0,0,0,0,0,4.95153E+20,5.52215E+21,8.93257E+15,4.98517E+16
31119,6,4,31,2,2018,5,7,4,3,2,6,0,0,1,0,0,0,0,0,4.71461E+20,5.50753E+21,8.60408E+15,4.97196E+16
31120,6,4,35,29,2018,5,17,7,2,2,6,0,0,1,0,0,0,0,0,5.21501E+20,5.5655E+21,9.30153E+15,5.02412E+16
31121,6,4,12,0,2018,5,17,2,3,8,7,0,0,1,0,0,0,0,0,4.7537E+20,5.54734E+21,8.65577E+15,5.00778E+16
31122,6,4,40,18,2018,5,11,1,2,1,5,0,1,1,0,0,0,0,0,4.73889E+20,5.57922E+21,8.63288E+15,5.03645E+16
31123,6,4,11,0,2018,5,17,3,3,2,6,0,0,1,0,0,0,0,0,4.72891E+20,5.52412E+21,8.62277E+15,4.98689E+16
31124,6,4,33,6,2018,5,8,4,2,5,3,0,1,1,0,0,0,0,0,4.62637E+20,5.52564E+21,8.47993E+15,4.9882E+16
31125,6,4,34,10,2018,5,14,6,3,5,3,0,0,1,0,1,0,0,0,4.69217E+20,5.55735E+21,8.56897E+15,5.01675E+16
31126,6,5,34,14,2018,5,17,4,3,6,4,0,0,0,1,1,0,0,0,4.83942E+20,5.62958E+21,8.77205E+15,5.08178E+16
31127,6,4,33,12,2018,5,10,7,3,5,3,0,1,0,0,0,0,1,0,4.592E+20,5.53697E+21,8.4309E+15,4.99837E+16
31128,6,6,34,11,2018,5,18,2,3,8,1,0,0,1,0,0,0,0,0,5.33049E+20,5.64826E+21,9.47083E+15,5.0985E+16
31129,6,4,39,7,2018,5,18,1,2,4,1,0,0,1,0,0,0,0,0,4.41171E+20,5.56881E+21,8.17452E+15,5.02685E+16
31130,6,4,14,0,2018,5,18,3,3,2,5,0,0,1,0,1,0,0,1,4.45769E+20,5.54687E+21,8.24216E+15,5.00716E+16
31131,6,6,31,9,2018,5,16,4,3,2,6,0,0,1,0,0,0,0,0,5.49266E+20,5.59944E+21,9.69532E+15,5.05448E+16
31132,6,4,12,0,2018,5,17,5,3,1,7,0,1,1,0,0,0,0,0,4.74435E+20,5.552E+21,8.64239E+15,5.01197E+16
31133,6,6,31,16,2018,5,10,4,3,8,1,0,1,0,0,0,0,0,0,5.45477E+20,5.58642E+21,9.64027E+15,5.0428E+16
31134,6,4,31,13,2018,5,19,6,3,5,3,0,1,1,0,0,0,0,0,4.57611E+20,5.50086E+21,8.41267E+15,4.96588E+16
31135,6,4,34,12,2018,5,13,6,3,2,6,0,0,1,0,0,0,0,0,4.70004E+20,5.57359E+21,8.57871E+15,5.03137E+16
31136,6,4,35,11,2018,5,16,2,3,0,1,0,1,0,0,0,0,0,0,4.97495E+20,5.54811E+21,8.96498E+15,5.00853E+16
31137,6,6,34,5,2018,5,4,7,3,0,1,2,0,1,0,0,0,0,0,5.19447E+20,5.66323E+21,9.27787E+15,5.11202E+16
31138,6,5,33,9,2018,5,17,2,3,6,3,0,0,0,1,0,0,1,0,4.33656E+20,5.58192E+21,8.06678E+15,5.03856E+16
31139,6,4,12,0,2018,5,17,3,3,2,6,0,0,1,0,0,0,0,0,4.73954E+20,5.55006E+21,8.6358E+15,5.01022E+16
31140,6,4,37,11,2018,5,0,1,2,4,1,2,0,1,0,0,0,0,0,4.98843E+20,5.50405E+21,8.98396E+15,4.9689E+16
31141,6,6,35,21,2018,5,16,4,2,8,1,0,0,1,0,0,0,0,1,5.0033E+20,5.68326E+21,9.00474E+15,5.13007E+16
31142,6,4,35,14,2018,5,22,4,3,2,6,2,0,1,0,0,0,0,0,4.94001E+20,5.55291E+21,8.91608E+15,5.01284E+16
31143,6,4,31,21,2018,5,17,3,3,8,1,0,0,1,0,0,0,0,1,4.86532E+20,5.49051E+21,8.81374E+15,4.9567E+16
31144,6,6,34,25,2018,5,16,5,3,5,3,0,0,0,0,1,0,1,1,5.21295E+20,5.66055E+21,9.30411E+15,5.1096E+16
31145,6,4,38,2,2018,5,22,1,3,1,7,2,0,1,0,0,0,0,0,4.79498E+20,5.5428E+21,8.71371E+15,5.00371E+16
31146,6,4,12,0,2018,5,13,6,3,4,7,0,1,0,0,0,0,0,0,4.72835E+20,5.5499E+21,8.62017E+15,5.01007E+16
31147,6,4,12,0,2018,5,14,1,3,2,2,0,0,1,0,0,0,0,0,4.7862E+20,5.55097E+21,8.70099E+15,5.01106E+16
31148,6,6,11,0,2018,5,11,7,3,3,2,0,0,0,0,1,0,1,0,5.3145E+20,5.68562E+21,9.45133E+15,5.1321E+16
31149,6,6,33,9,2018,5,9,7,2,8,1,0,0,1,0,0,0,0,0,5.42244E+20,5.69509E+21,9.60734E+15,5.14055E+16
31150,6,4,35,14,2018,5,18,4,2,5,3,0,1,1,0,0,0,0,0,4.94836E+20,5.55274E+21,8.92775E+15,5.01268E+16
31151,6,4,37,9,2018,5,21,2,2,4,1,1,0,1,0,0,0,0,1,4.99626E+20,5.51263E+21,8.99481E+15,4.97661E+16
31152,6,4,31,13,2018,5,17,4,3,2,6,0,0,1,0,0,0,0,0,4.63617E+20,5.49398E+21,8.49653E+15,4.95973E+16
31153,6,5,32,15,2018,5,9,4,3,5,3,0,0,1,0,1,0,0,0,4.69112E+20,5.60299E+21,8.56376E+15,5.0578E+16
31154,6,4,33,11,2018,5,21,6,2,8,1,2,0,1,0,0,0,0,0,4.5954E+20,5.52179E+21,8.43723E+15,4.98472E+16
31155,6,5,31,8,2018,5,20,4,3,5,3,0,0,1,0,0,0,0,0,4.9361E+20,5.59077E+21,8.90997E+15,5.04689E+16
31156,6,4,14,0,2018,5,20,6,3,2,2,1,0,1,0,1,0,0,0,4.48139E+20,5.54065E+21,8.27613E+15,5.00159E+16
31157,6,6,36,4,2018,5,21,2,2,8,1,1,0,0,0,1,0,0,0,5.59429E+20,5.67913E+21,9.85172E+15,5.12604E+16
31158,6,5,34,18,2018,5,17,1,3,9,7,0,0,1,0,0,0,0,1,5.02586E+20,5.63463E+21,9.03674E+15,5.08633E+16
31159,6,4,36,7,2018,5,22,3,3,5,3,2,0,1,0,0,0,0,1,4.59867E+20,5.54833E+21,8.43901E+15,5.00859E+16
31160,6,5,31,15,2018,5,14,4,3,8,1,0,0,0,0,1,0,0,0,4.90527E+20,5.60947E+21,8.86604E+15,5.0637E+16
31161,6,4,34,9,2018,5,19,5,2,8,1,0,0,0,0,1,0,0,0,4.60394E+20,5.57248E+21,8.44386E+15,5.03031E+16
31162,6,6,31,17,2018,5,19,4,2,3,1,0,0,1,0,0,0,0,1,5.51816E+20,5.60042E+21,9.73144E+15,5.05534E+16
31163,6,4,35,13,2018,5,21,3,3,5,3,1,0,1,0,0,0,0,1,4.99911E+20,5.56564E+21,8.99875E+15,5.02429E+16
31164,6,4,34,8,2018,5,18,6,3,3,2,0,0,1,0,1,0,0,0,4.69041E+20,5.55985E+21,8.5663E+15,5.019E+16
31165,6,5,33,9,2018,5,18,1,3,5,3,0,0,1,0,1,0,0,1,4.34672E+20,5.58052E+21,8.08132E+15,5.03731E+16
31166,6,4,40,10,2018,5,13,7,3,0,6,0,0,0,0,1,0,0,0,5.00143E+20,5.57389E+21,9.00201E+15,5.03171E+16
31167,6,6,34,25,2018,5,15,2,2,5,2,0,0,1,0,1,0,0,0,5.25934E+20,5.65998E+21,9.37031E+15,5.10907E+16
31168,6,4,31,11,2018,5,13,3,3,0,3,0,0,1,0,1,0,0,0,4.73506E+20,5.49807E+21,8.63309E+15,4.96346E+16
31169,6,4,32,16,2018,5,19,1,3,9,1,0,0,1,0,0,0,0,0,4.84646E+20,5.51769E+21,8.78659E+15,4.98114E+16
31170,6,4,12,0,2018,5,15,4,3,6,4,0,0,1,1,0,0,0,0,4.73449E+20,5.54999E+21,8.62874E+15,5.01016E+16
31171,6,6,33,17,2018,5,13,4,3,2,6,0,0,1,0,0,0,0,0,5.36865E+20,5.6806E+21,9.5285E+15,5.12755E+16
31172,6,5,31,9,2018,5,7,3,3,5,3,0,0,1,0,1,0,0,0,4.72897E+20,5.59189E+21,8.61802E+15,5.04784E+16
31173,6,6,31,6,2018,5,12,5,2,2,2,0,0,1,0,0,0,0,1,5.50367E+20,5.59056E+21,9.70966E+15,5.04649E+16
31174,6,6,11,0,2018,5,13,5,3,2,6,0,0,1,0,0,0,0,0,5.28685E+20,5.68211E+21,9.41136E+15,5.12895E+16
31175,6,6,32,17,2018,5,13,4,3,2,6,0,0,1,0,0,1,0,0,5.53875E+20,5.63424E+21,9.76545E+15,5.08573E+16
31176,6,4,35,14,2018,5,7,4,2,6,4,0,0,1,1,0,0,0,0,4.97114E+20,5.55189E+21,8.95964E+15,5.01192E+16
31177,6,4,34,8,2018,5,10,6,2,2,6,0,0,1,0,1,0,0,0,4.6326E+20,5.56526E+21,8.48479E+15,5.02384E+16
31178,6,4,33,4,2018,5,21,2,3,2,6,1,0,1,0,0,0,1,0,4.6706E+20,5.50799E+21,8.54299E+15,4.97235E+16
31179,6,4,34,7,2018,5,13,7,2,5,3,0,0,1,0,0,0,0,0,4.65454E+20,5.5725E+21,8.5149E+15,5.03036E+16
31180,6,6,34,19,2018,5,13,2,2,2,1,0,0,0,0,1,0,0,0,5.29999E+20,5.63351E+21,9.42617E+15,5.08525E+16
31181,6,6,33,3,2018,5,9,3,2,5,3,0,1,1,0,0,0,0,0,5.28743E+20,5.67868E+21,9.41192E+15,5.12587E+16
31182,6,6,11,0,2018,5,19,1,2,5,3,0,0,1,0,1,0,0,0,5.27212E+20,5.68426E+21,9.3904E+15,5.1309E+16
31183,6,4,14,0,2018,5,20,4,3,1,3,0,0,1,0,0,0,0,0,4.42775E+20,5.54673E+21,8.20034E+15,5.00701E+16
31184,6,4,36,9,2018,5,19,4,2,9,1,2,0,0,0,1,0,0,0,4.63164E+20,5.54769E+21,8.48515E+15,5.00804E+16
31185,6,6,31,9,2018,5,16,3,3,2,6,0,0,1,0,0,0,0,0,5.47917E+20,5.59923E+21,9.67626E+15,5.0543E+16
31186,6,4,32,11,2018,5,9,5,3,5,3,0,1,1,0,0,0,0,0,4.87928E+20,5.52596E+21,8.83196E+15,4.98859E+16
31187,6,4,36,5,2018,5,13,1,2,2,6,0,0,1,0,0,0,0,0,4.61163E+20,5.54218E+21,8.45775E+15,5.00307E+16
31188,6,4,35,14,2018,5,14,7,3,5,3,0,0,1,0,0,0,1,0,4.99133E+20,5.55403E+21,8.98787E+15,5.01385E+16
31189,6,4,32,12,2018,5,20,7,3,5,3,0,0,1,0,1,0,0,0,4.80734E+20,5.53124E+21,8.73155E+15,4.99332E+16
31190,6,4,36,5,2018,5,18,4,3,2,6,0,0,1,0,0,0,0,0,4.64018E+20,5.54778E+21,8.49708E+15,5.00812E+16
31191,6,4,33,12,2018,5,14,2,3,2,6,0,0,1,0,0,0,0,0,4.58905E+20,5.53754E+21,8.42672E+15,4.99888E+16
31192,6,5,32,21,2018,5,16,4,3,6,7,0,0,1,1,0,0,0,0,4.59685E+20,5.60018E+21,8.43092E+15,5.05521E+16
31193,6,4,12,0,2018,5,15,4,3,2,6,0,0,1,0,0,0,0,0,4.69454E+20,5.54474E+21,8.5733E+15,5.00541E+16
31194,6,4,12,0,2018,5,17,6,3,2,6,0,0,1,0,0,0,0,0,4.69378E+20,5.54458E+21,8.57224E+15,5.00527E+16
31195,6,4,12,0,2018,5,15,4,3,3,6,0,0,1,0,0,0,0,0,4.70769E+20,5.55287E+21,8.59105E+15,5.01273E+16
31196,6,4,37,13,2018,5,16,6,2,2,6,0,0,1,0,1,0,0,0,4.9054E+20,5.50763E+21,8.86876E+15,4.97211E+16
31197,6,4,31,11,2018,5,11,6,3,2,6,0,0,1,0,0,0,0,0,4.72271E+20,5.49928E+21,8.6159E+15,4.96455E+16
31198,6,4,38,10,2018,5,21,2,3,7,7,2,0,1,0,0,0,0,0,4.91885E+20,5.54638E+21,8.8866E+15,5.00696E+16
31199,6,5,32,14,2018,5,18,1,3,9,1,1,0,0,0,0,0,1,1,4.68033E+20,5.59249E+21,8.54942E+15,5.04835E+16
31200,6,4,33,3,2018,5,17,3,3,5,3,0,1,1,0,0,0,0,0,4.64316E+20,5.52807E+21,8.50308E+15,4.99039E+16
31201,6,4,12,0,2018,5,17,4,3,2,6,0,0,1,0,0,1,0,0,4.74507E+20,5.54506E+21,8.64386E+15,5.00573E+16
31202,6,4,35,12,2018,5,18,5,3,5,2,0,0,1,0,0,0,0,0,5.07812E+20,5.55989E+21,9.10944E+15,5.01912E+16
31203,6,4,34,8,2018,5,13,4,3,0,7,0,0,1,0,0,0,0,0,4.71422E+20,5.56222E+21,8.59948E+15,5.02115E+16
31204,6,6,11,0,2018,5,17,3,3,2,6,0,0,1,0,0,0,0,0,5.36038E+20,5.68614E+21,9.51721E+15,5.13254E+16
31205,6,4,31,11,2018,5,22,6,3,7,7,2,0,0,0,1,0,0,0,4.79697E+20,5.49942E+21,8.71876E+15,4.9647E+16
31206,6,4,11,0,2018,5,3,1,2,5,3,2,1,1,0,0,0,0,0,4.75989E+20,5.52557E+21,8.66578E+15,4.98821E+16
31207,6,4,32,4,2018,5,10,7,2,5,2,0,1,1,0,0,0,0,0,4.88703E+20,5.52621E+21,8.84273E+15,4.98882E+16
31208,6,4,11,0,2018,5,10,6,3,5,3,0,0,1,0,0,0,0,0,4.7442E+20,5.52459E+21,8.644E+15,4.98732E+16
31209,6,4,39,13,2018,5,16,2,2,2,6,0,0,0,0,1,0,0,0,4.19763E+20,5.53639E+21,7.881E+15,4.99745E+16
31210,6,4,32,2,2018,5,14,3,3,8,1,0,1,0,0,0,0,0,0,4.96297E+20,5.5303E+21,8.94841E+15,4.99251E+16
31211,6,5,32,3,2018,5,14,1,3,5,3,0,0,1,0,0,0,0,0,4.56286E+20,5.59631E+21,8.3834E+15,5.05171E+16
31212,6,6,35,11,2018,5,13,4,1,9,7,0,0,1,0,0,0,0,0,4.86181E+20,5.65872E+21,8.80272E+15,5.10798E+16
31213,6,4,36,9,2018,5,17,4,3,2,6,0,0,1,0,0,0,0,0,4.62415E+20,5.54687E+21,8.47476E+15,5.00729E+16
31214,6,5,31,13,2018,5,5,2,2,8,1,0,0,1,0,0,0,0,1,4.79828E+20,5.60867E+21,8.71479E+15,5.06295E+16
31215,6,6,32,15,2018,5,8,5,2,8,1,0,0,0,0,0,1,0,0,5.43608E+20,5.62274E+21,9.61822E+15,5.07548E+16
31216,6,4,36,1,2018,5,17,6,3,2,6,0,0,1,0,0,0,0,0,4.61451E+20,5.55572E+21,8.4604E+15,5.01525E+16
31217,6,4,34,8,2018,5,23,7,2,5,3,2,1,1,0,0,0,0,0,4.70882E+20,5.56082E+21,8.59203E+15,5.01989E+16
31218,6,4,35,14,2018,5,11,3,3,5,3,0,0,1,0,0,0,0,0,4.97824E+20,5.55261E+21,8.96956E+15,5.01257E+16
31219,6,5,31,13,2018,5,17,1,3,5,3,0,1,1,0,0,0,0,0,4.79226E+20,5.61204E+21,8.70608E+15,5.06598E+16
31220,6,4,40,18,2018,5,11,4,3,2,6,0,0,1,0,0,1,1,0,4.79035E+20,5.58106E+21,8.70513E+15,5.03813E+16
31221,6,4,12,0,2018,5,13,4,3,2,6,0,0,1,0,0,0,0,0,4.70689E+20,5.55348E+21,8.58989E+15,5.01328E+16
31222,6,5,33,9,2018,5,16,5,3,6,7,0,0,0,1,1,0,0,0,4.36379E+20,5.58244E+21,8.105E+15,5.03905E+16
31223,6,4,11,0,2018,5,12,4,3,3,6,0,0,1,0,0,1,0,0,4.71468E+20,5.52247E+21,8.60308E+15,4.9854E+16
31224,6,4,40,16,2018,5,19,6,3,0,1,0,0,1,0,1,0,0,0,5.02279E+20,5.58816E+21,9.0321E+15,5.04454E+16
31225,6,4,40,16,2018,5,9,6,3,5,3,0,1,0,0,0,0,1,0,4.98775E+20,5.58667E+21,8.98275E+15,5.04321E+16
31226,6,5,35,16,2018,5,19,7,2,0,7,0,1,1,0,0,0,0,0,5.05021E+20,5.59452E+21,9.07079E+15,5.05026E+16
31227,6,4,31,2,2018,5,10,7,3,2,6,0,0,1,0,0,0,0,0,4.71165E+20,5.5058E+21,8.6001E+15,4.9704E+16
31228,6,4,39,1,2018,5,14,7,3,5,3,0,0,1,0,1,0,0,0,4.32814E+20,5.56507E+21,8.05793E+15,5.0234E+16
31229,6,4,11,0,2018,5,13,4,3,2,6,0,0,1,0,0,0,0,0,4.71336E+20,5.52437E+21,8.60111E+15,4.98711E+16
31230,6,6,31,13,2018,5,15,3,3,5,3,0,0,1,0,0,0,1,0,5.60654E+20,5.60262E+21,9.85655E+15,5.05724E+16
31231,6,5,32,16,2018,5,14,2,3,5,3,0,0,1,0,0,0,0,0,4.54592E+20,5.59979E+21,8.35908E+15,5.05483E+16
31232,6,4,35,7,2018,5,7,4,3,3,6,0,0,1,0,0,1,0,0,4.99991E+20,5.55497E+21,8.99987E+15,5.01469E+16
31233,6,4,40,18,2018,5,14,4,3,2,6,0,0,1,0,0,0,0,0,4.79007E+20,5.58116E+21,8.70472E+15,5.03821E+16
31234,6,6,32,12,2018,5,16,5,3,2,7,0,0,1,0,0,0,0,0,5.51828E+20,5.63826E+21,9.73694E+15,5.08937E+16
31235,6,5,35,13,2018,5,19,4,3,2,6,0,0,1,0,0,0,0,0,4.97604E+20,5.60982E+21,8.96612E+15,5.06402E+16
31236,6,4,34,3,2018,5,17,6,3,8,7,0,0,1,0,0,0,0,0,4.58542E+20,5.56199E+21,8.419E+15,5.02087E+16
31237,6,4,38,1,2018,5,17,6,3,5,2,0,0,1,0,0,0,0,0,4.83856E+20,5.53962E+21,8.77469E+15,5.00086E+16
31238,6,5,32,9,2018,5,17,2,3,2,6,0,0,1,0,0,0,0,0,4.52515E+20,5.62674E+21,8.3263E+15,5.07904E+16
31239,6,4,34,8,2018,5,12,1,3,8,1,0,0,1,0,0,0,0,1,4.69541E+20,5.56269E+21,8.57308E+15,5.02156E+16
31240,6,5,32,23,2018,5,12,3,3,2,6,0,0,1,0,0,0,0,0,4.64656E+20,5.60125E+21,8.50098E+15,5.05621E+16
31241,6,4,36,7,2018,5,18,4,3,2,6,0,0,1,0,0,1,0,0,4.54615E+20,5.54501E+21,8.36599E+15,5.00556E+16
31242,6,5,31,10,2018,5,17,6,3,4,6,0,0,1,0,0,1,0,0,4.99136E+20,5.59922E+21,8.9878E+15,5.05449E+16
31243,6,4,32,19,2018,5,12,5,3,5,2,0,0,1,0,1,0,0,0,4.88357E+20,5.5194E+21,8.83813E+15,4.98269E+16
31244,6,4,35,21,2018,5,7,3,2,2,6,0,0,1,0,1,0,0,0,4.89758E+20,5.56405E+21,8.85641E+15,5.02285E+16
31245,6,4,14,0,2018,5,9,3,3,5,2,0,0,1,0,1,0,0,0,4.43304E+20,5.5474E+21,8.20764E+15,5.00762E+16
31246,6,4,32,21,2018,5,17,6,3,2,6,0,0,1,0,0,0,0,0,5.00902E+20,5.53011E+21,9.01256E+15,4.99233E+16
31247,6,5,33,9,2018,5,14,5,3,5,3,0,0,1,0,1,0,0,0,4.34758E+20,5.58351E+21,8.08201E+15,5.04E+16
31248,6,4,34,8,2018,5,1,1,3,1,7,2,1,1,0,0,0,0,0,4.70747E+20,5.56048E+21,8.59016E+15,5.01958E+16
31249,6,4,35,14,2018,5,22,7,3,2,6,1,0,1,0,0,0,0,0,4.92806E+20,5.5517E+21,8.89937E+15,5.01175E+16
31250,6,5,35,10,2018,5,11,2,2,8,1,0,0,0,0,1,0,0,0,5.07899E+20,5.6264E+21,9.11207E+15,5.07893E+16
31251,6,5,34,14,2018,5,14,3,3,2,6,0,0,1,0,1,0,0,0,4.8331E+20,5.63051E+21,8.76304E+15,5.0826E+16
31252,6,4,39,8,2018,5,14,1,2,2,6,0,0,1,0,0,0,0,0,4.47626E+20,5.55946E+21,8.26638E+15,5.0185E+16
31253,6,4,35,12,2018,5,5,4,3,5,2,1,0,1,0,0,0,0,1,5.07664E+20,5.56022E+21,9.10737E+15,5.01941E+16
31254,6,6,34,9,2018,5,10,3,3,8,2,0,0,0,0,0,1,0,0,5.29345E+20,5.65313E+21,9.41846E+15,5.10289E+16
31255,6,4,14,0,2018,5,13,2,3,5,3,0,0,1,0,1,0,0,0,4.46957E+20,5.54707E+21,8.25873E+15,5.00736E+16
31256,6,4,34,1,2018,5,13,5,3,2,6,0,0,0,0,0,1,0,1,4.75984E+20,5.56386E+21,8.66332E+15,5.02264E+16
31257,6,4,12,0,2018,5,15,6,3,2,2,0,0,1,0,0,0,0,0,4.82946E+20,5.55317E+21,8.76139E+15,5.01305E+16
31258,6,6,34,26,2018,5,17,6,2,4,6,0,0,1,0,1,0,0,0,5.19441E+20,5.63645E+21,9.27634E+15,5.08794E+16
31259,6,4,31,9,2018,5,20,7,3,8,6,0,0,1,0,0,0,0,0,4.88288E+20,5.49949E+21,8.83776E+15,4.96478E+16
31260,6,4,14,0,2018,5,8,3,3,2,6,0,0,1,0,0,0,0,0,4.5131E+20,5.54509E+21,8.31981E+15,5.00561E+16
31261,6,6,33,2,2018,5,5,1,3,9,1,0,0,1,0,0,0,0,0,5.31223E+20,5.72013E+21,9.45111E+15,5.16313E+16
31262,6,5,33,13,2018,5,3,3,3,5,3,2,0,0,0,1,0,1,0,4.39497E+20,5.584E+21,8.14861E+15,5.0405E+16
31263,6,5,35,11,2018,5,9,3,3,2,6,0,0,1,0,0,0,0,0,5.30001E+20,5.60975E+21,9.42426E+15,5.06388E+16
31264,6,4,14,0,2018,5,8,5,3,6,2,0,0,1,1,0,0,0,0,4.49168E+20,5.54537E+21,8.28985E+15,5.00584E+16
31265,6,5,33,9,2018,5,15,3,3,2,6,0,0,1,0,0,0,1,0,4.33827E+20,5.58313E+21,8.06898E+15,5.03965E+16
31266,6,4,32,17,2018,5,14,6,3,5,2,0,1,1,0,0,0,0,0,4.91913E+20,5.51721E+21,8.88761E+15,4.98073E+16
31267,6,4,40,2,2018,5,16,6,3,5,3,0,0,1,0,0,0,0,0,4.82863E+20,5.57918E+21,8.75905E+15,5.03644E+16
31268,6,4,35,14,2018,5,7,2,3,2,6,0,0,1,0,0,0,1,0,4.9393E+20,5.55297E+21,8.91507E+15,5.0129E+16
31269,6,6,33,28,2018,5,1,7,3,8,1,2,0,1,0,0,0,0,0,5.11133E+20,5.68349E+21,9.1597E+15,5.13026E+16
31270,6,6,35,21,2018,5,16,2,2,5,3,0,0,1,0,0,0,0,0,5.04902E+20,5.6759E+21,9.07021E+15,5.12345E+16
31271,6,4,14,0,2018,5,14,3,3,3,6,0,0,1,0,0,0,0,0,4.45313E+20,5.54752E+21,8.2357E+15,5.00775E+16
31272,6,6,35,21,2018,5,14,5,3,8,1,0,0,0,0,0,0,1,0,4.98115E+20,5.67589E+21,8.973E+15,5.12344E+16
31273,6,4,31,16,2018,5,12,5,3,3,6,0,0,1,0,0,1,0,0,4.67753E+20,5.49873E+21,8.55337E+15,4.96403E+16
31274,6,5,33,9,2018,5,7,3,3,2,6,0,0,1,0,0,0,0,0,4.36709E+20,5.58071E+21,8.10993E+15,5.0375E+16
31275,6,4,37,9,2018,5,23,3,3,8,1,2,0,1,0,0,0,0,1,4.99721E+20,5.51459E+21,8.99613E+15,4.97838E+16
31276,6,4,31,12,2018,5,11,6,3,6,7,0,0,1,1,0,0,0,0,4.92482E+20,5.47719E+21,8.89629E+15,4.94473E+16
31277,6,6,34,8,2018,5,14,5,3,5,3,0,0,1,0,0,1,0,1,5.32949E+20,5.67249E+21,9.47162E+15,5.12029E+16
31278,6,5,32,1,2018,5,10,1,3,5,3,0,0,1,0,0,0,0,0,4.62912E+20,5.60378E+21,8.47612E+15,5.05847E+16
31279,6,6,11,0,2018,5,11,6,3,1,7,0,0,1,0,0,0,1,0,5.33668E+20,5.68812E+21,9.48339E+15,5.13434E+16
31280,6,6,33,12,2018,5,12,1,3,8,6,0,0,1,0,0,0,0,0,5.44016E+20,5.67462E+21,9.63029E+15,5.12213E+16
31281,6,4,33,3,2018,5,19,2,3,4,6,0,0,1,0,0,0,0,0,4.66082E+20,5.52958E+21,8.52754E+15,4.99176E+16
31282,6,5,33,5,2018,5,12,7,3,5,2,0,0,1,0,0,0,0,0,4.3335E+20,5.59615E+21,8.05995E+15,5.05135E+16
31283,6,6,31,8,2018,5,12,3,2,8,7,0,0,1,0,0,0,1,0,5.42055E+20,5.58698E+21,9.59215E+15,5.04333E+16
31284,6,6,34,11,2018,5,15,3,3,9,1,0,0,0,0,1,0,0,0,5.37484E+20,5.64423E+21,9.5336E+15,5.09485E+16
31285,6,4,12,0,2018,5,22,6,3,2,6,2,0,1,0,0,0,0,0,4.6776E+20,5.5522E+21,8.54901E+15,5.01211E+16
31286,6,6,31,9,2018,5,13,5,3,2,6,0,0,1,0,0,0,0,0,5.47604E+20,5.59965E+21,9.67189E+15,5.05468E+16
31287,6,6,11,0,2018,5,17,3,3,3,6,0,0,0,0,1,1,0,0,5.35715E+20,5.68438E+21,9.5124E+15,5.13096E+16
31288,6,4,35,28,2018,5,16,3,3,5,3,0,0,1,0,1,0,0,0,5.33076E+20,5.57364E+21,9.46456E+15,5.0314E+16
31289,6,4,31,9,2018,5,13,6,3,8,1,0,0,1,0,0,0,0,0,4.90104E+20,5.49884E+21,8.86293E+15,4.96421E+16
31290,6,4,12,0,2018,5,17,5,2,1,7,0,0,0,0,0,1,1,0,4.79375E+20,5.55239E+21,8.71147E+15,5.01234E+16
31291,6,5,34,4,2018,5,11,1,2,8,1,0,0,0,0,1,0,0,0,4.68899E+20,5.64358E+21,8.55731E+15,5.0943E+16
31292,6,4,31,2,2018,5,14,7,3,0,3,0,0,1,0,0,0,0,0,4.7125E+20,5.5019E+21,8.60157E+15,4.9669E+16
31293,6,6,31,9,2018,5,2,2,3,4,6,2,0,1,0,0,0,0,0,5.48099E+20,5.603E+21,9.67931E+15,5.05769E+16
31294,6,5,33,7,2018,5,10,7,2,9,1,0,1,0,0,0,0,0,0,4.32062E+20,5.58894E+21,8.04309E+15,5.04485E+16
31295,6,5,34,19,2018,5,12,4,3,3,6,0,0,1,0,0,0,0,0,4.63006E+20,5.63201E+21,8.47462E+15,5.08386E+16
31296,6,6,33,15,2018,5,16,3,3,2,6,0,1,1,0,0,0,0,0,5.42118E+20,5.68163E+21,9.60394E+15,5.12844E+16