OBJECTID_1,ULAND,UREGBEZ,UKREIS,UGEMEINDE,UJAHR,UMONAT,USTUNDE,UWOCHENTAG,UKATEGORIE,UART,UTYP1,ULICHTVERH,IstRad,IstPKW,IstFuss,IstKrad,IstGkfz,IstSonstig,STRZUSTAND,LINREFX,LINREFY,XGCSWGS84,YGCSWGS84
31297,6,6,11,0,2018,5,19,2,3,5,3,0,1,1,0,0,0,0,0,5.31018E+20,5.68414E+21,9.44499E+15,5.13077E+16
31298,6,4,13,0,2018,5,19,4,3,0,3,0,0,1,0,1,0,0,1,4.83593E+20,5.5483E+21,8.77065E+15,5.00867E+16
31299,6,4,36,10,2018,5,17,6,2,3,6,0,0,1,0,0,0,0,0,4.64349E+20,5.55288E+21,8.50124E+15,5.01271E+16
31300,6,6,33,8,2018,5,15,3,3,2,6,0,0,1,0,0,0,0,0,5.35314E+20,5.68033E+21,9.50625E+15,5.12733E+16
31301,6,6,31,9,2018,5,13,7,3,2,2,0,0,1,0,0,0,0,0,5.4905E+20,5.59907E+21,9.69222E+15,5.05415E+16
31302,6,6,11,0,2018,5,9,2,2,6,4,0,0,1,1,0,0,1,0,5.34912E+20,5.686E+21,9.50104E+15,5.13242E+16
31303,6,4,31,11,2018,5,12,1,3,3,2,0,1,1,0,0,0,0,0,4.73899E+20,5.49965E+21,8.63843E+15,4.96488E+16
31304,6,4,13,0,2018,5,19,3,3,5,2,0,1,0,0,0,0,1,0,4.84658E+20,5.55041E+21,8.78546E+15,5.01057E+16
31305,6,6,11,0,2018,5,9,3,3,1,5,0,1,1,0,0,0,0,0,5.36616E+20,5.68403E+21,9.52529E+15,5.13064E+16
31306,6,6,34,22,2018,5,19,5,3,2,6,0,0,1,0,0,0,0,0,5.16132E+20,5.6412E+21,9.22952E+15,5.09222E+16
31307,6,6,33,9,2018,5,17,3,3,9,1,0,0,1,0,0,0,0,0,5.40261E+20,5.69479E+21,9.5788E+15,5.14029E+16
31308,6,4,31,13,2018,5,11,6,3,2,6,0,0,1,0,1,0,0,0,4.61515E+20,5.49364E+21,8.46747E+15,4.95941E+16
31309,6,4,31,15,2018,5,11,6,3,2,6,0,0,1,0,0,0,1,0,4.81993E+20,5.50612E+21,8.75026E+15,4.97073E+16
31310,6,4,35,19,2018,5,13,2,3,9,1,0,0,1,0,0,0,0,0,4.85358E+20,5.55448E+21,8.79509E+15,5.01424E+16
31311,6,4,38,9,2018,5,13,7,2,5,2,0,1,1,0,0,0,0,0,4.74722E+20,5.54414E+21,8.64692E+15,5.0049E+16
31312,6,4,12,0,2018,5,15,2,3,8,6,0,1,0,0,0,0,1,0,4.75393E+20,5.54772E+21,8.65607E+15,5.00812E+16
31313,6,4,11,0,2018,5,9,3,3,5,2,0,0,1,0,0,0,0,0,4.74643E+20,5.52331E+21,8.64719E+15,4.98617E+16
31314,6,6,35,3,2018,5,13,1,2,2,6,0,0,0,0,1,0,0,0,4.99513E+20,5.66338E+21,8.99304E+15,5.11219E+16
31315,6,5,33,9,2018,5,12,4,3,2,6,0,0,1,0,0,0,0,0,4.33039E+20,5.58333E+21,8.05785E+15,5.03982E+16
31316,6,6,11,0,2018,5,10,3,3,5,3,0,1,1,0,0,0,0,0,5.34586E+20,5.6855E+21,9.49631E+15,5.13197E+16
31317,6,5,35,13,2018,5,16,3,3,5,3,0,0,1,0,1,0,0,0,5.02339E+20,5.61048E+21,9.03309E+15,5.06462E+16
31318,6,4,36,9,2018,5,16,5,3,3,2,0,0,1,0,0,0,0,0,4.62194E+20,5.54724E+21,8.47163E+15,5.00762E+16
31319,6,6,32,11,2018,5,8,1,3,8,1,0,0,1,0,0,0,0,0,5.41023E+20,5.63248E+21,9.58266E+15,5.08426E+16
31320,6,4,40,23,2018,5,12,7,3,8,7,0,0,0,0,1,0,0,0,4.77547E+20,5.57148E+21,8.68477E+15,5.0295E+16
31321,6,4,14,0,2018,5,11,7,3,3,6,0,0,1,0,0,0,0,0,4.45818E+20,5.54486E+21,8.24314E+15,5.00535E+16
31322,6,4,14,0,2018,5,6,3,2,5,3,0,1,0,0,1,0,0,0,4.49799E+20,5.54795E+21,8.29833E+15,5.00817E+16
31323,6,5,32,11,2018,5,17,2,2,8,1,0,0,1,0,0,0,0,0,4.47357E+20,5.62335E+21,8.25362E+15,5.07595E+16
31324,6,4,31,22,2018,5,12,4,2,0,1,0,0,0,0,1,0,0,0,4.72057E+20,5.50813E+21,8.6123E+15,4.9725E+16
31325,6,4,14,0,2018,5,15,3,3,5,3,0,1,1,0,0,0,0,0,4.48114E+20,5.54784E+21,8.27479E+15,5.00805E+16
31326,6,6,31,6,2018,5,6,6,2,8,1,0,0,0,0,1,0,0,0,5.51289E+20,5.59157E+21,9.72279E+15,5.04739E+16
31327,6,4,14,0,2018,5,12,3,2,1,6,0,0,1,0,1,0,0,0,4.46646E+20,5.548E+21,8.25426E+15,5.00819E+16
31328,6,4,14,0,2018,5,18,6,3,2,1,0,0,1,0,0,0,0,0,4.44702E+20,5.54678E+21,8.22727E+15,5.00707E+16
31329,6,4,12,0,2018,5,21,7,3,0,6,0,0,1,0,0,0,0,0,4.81969E+20,5.55261E+21,8.74775E+15,5.01255E+16
31330,6,4,14,0,2018,5,8,3,2,6,4,0,0,1,1,0,0,0,0,4.45369E+20,5.5476E+21,8.23647E+15,5.00782E+16
31331,6,4,35,19,2018,5,15,2,3,4,6,0,0,1,0,0,0,0,1,4.90745E+20,5.55302E+21,8.87052E+15,5.01293E+16
31332,6,5,33,19,2018,5,17,4,2,5,3,0,0,1,0,0,0,0,0,4.48763E+20,5.58793E+21,8.27844E+15,5.04411E+16
31333,6,4,40,23,2018,5,13,6,3,2,6,0,0,1,0,0,0,0,0,4.77545E+20,5.57148E+21,8.68474E+15,5.0295E+16
31334,6,4,12,0,2018,5,17,3,3,2,6,0,0,1,0,0,0,0,0,4.7512E+20,5.5543E+21,8.65183E+15,5.01404E+16
31335,6,4,31,16,2018,5,13,7,2,9,1,0,0,1,0,0,0,0,0,4.67683E+20,5.50034E+21,8.55227E+15,4.96547E+16
31336,6,4,32,23,2018,5,6,2,3,2,6,0,0,1,0,0,0,0,0,4.7267E+20,5.52721E+21,8.61947E+15,4.98966E+16
31337,6,4,40,7,2018,5,5,1,3,8,7,1,0,1,0,0,0,0,0,4.92115E+20,5.57185E+21,8.8893E+15,5.02987E+16
31338,6,4,35,27,2018,5,7,3,2,0,6,0,0,0,0,1,0,1,0,5.42365E+20,5.57417E+21,9.59508E+15,5.03181E+16
31339,6,4,12,0,2018,5,18,3,3,2,6,0,0,1,0,0,0,0,0,4.75339E+20,5.54756E+21,8.65533E+15,5.00798E+16
31340,6,4,38,9,2018,5,20,5,3,1,5,0,1,1,0,0,0,0,0,4.7818E+20,5.54482E+21,8.69518E+15,5.00552E+16
31341,6,4,12,0,2018,5,16,3,3,5,3,0,1,1,0,0,0,0,0,4.83017E+20,5.55321E+21,8.76238E+15,5.01309E+16
31342,6,4,12,0,2018,5,9,4,3,3,6,0,0,1,0,0,0,1,0,4.71366E+20,5.55141E+21,8.59951E+15,5.01142E+16
31343,6,6,31,12,2018,5,13,6,3,0,1,0,0,0,0,1,0,1,0,5.66047E+20,5.59711E+21,9.93173E+15,5.05222E+16
31344,6,6,36,15,2018,5,12,1,3,0,1,0,0,0,0,1,0,0,0,5.76684E+20,5.66367E+21,1.00957E+16,5.11194E+16
31345,6,4,31,7,2018,5,14,7,3,2,6,0,0,1,0,0,0,0,0,4.83103E+20,5.49901E+21,8.76595E+15,4.96434E+16
31346,6,6,33,200,2018,5,12,2,2,4,6,0,0,1,0,1,0,0,0,5.36692E+20,5.71645E+21,9.52974E+15,5.15979E+16
31347,6,6,34,5,2018,5,15,3,3,0,1,0,0,0,0,1,0,0,0,5.15597E+20,5.66367E+21,9.22288E+15,5.11243E+16
31348,6,6,35,1,2018,5,14,1,3,2,6,0,0,1,0,0,0,0,0,4.79192E+20,5.65313E+21,8.70328E+15,5.10293E+16
31349,6,4,12,0,2018,5,19,4,3,5,3,0,0,1,0,0,0,0,1,4.71776E+20,5.54898E+21,8.60543E+15,5.00924E+16
31350,6,4,12,0,2018,5,9,3,3,2,6,0,0,1,0,0,1,0,0,4.80274E+20,5.5564E+21,8.72384E+15,5.01595E+16
31351,6,4,35,14,2018,5,15,3,3,6,1,0,1,0,1,0,0,0,0,4.94809E+20,5.55203E+21,8.92739E+15,5.01205E+16
31352,6,5,34,11,2018,5,18,5,3,4,1,0,0,1,0,0,0,0,1,4.96438E+20,5.63631E+21,8.94937E+15,5.08784E+16
31353,6,6,31,2,2018,5,14,3,3,6,2,0,0,1,1,0,0,0,0,5.51292E+20,5.61657E+21,9.72628E+15,5.06986E+16
31354,6,4,40,8,2018,5,11,1,2,2,6,0,0,1,0,0,0,0,0,4.78059E+20,5.574E+21,8.69181E+15,5.03177E+16
31355,6,6,34,5,2018,5,16,7,3,2,6,0,0,1,0,0,0,0,0,5.20947E+20,5.66728E+21,9.29953E+15,5.11566E+16
31356,6,6,34,26,2018,5,17,7,2,4,6,0,0,1,0,0,0,0,0,5.13391E+20,5.63659E+21,9.19035E+15,5.08808E+16
31357,6,4,12,0,2018,5,13,3,2,0,1,0,1,0,0,0,1,0,0,4.78987E+20,5.55108E+21,8.70612E+15,5.01116E+16
31358,6,5,34,15,2018,5,21,2,2,9,1,1,0,1,0,0,0,0,0,4.79971E+20,5.64486E+21,8.71483E+15,5.0955E+16
31359,6,5,31,6,2018,5,0,4,2,9,7,2,0,1,0,0,0,0,1,4.99418E+20,5.60591E+21,8.99177E+15,5.06051E+16
31360,6,4,12,0,2018,5,17,3,3,2,7,0,1,1,0,0,0,0,0,4.73713E+20,5.55003E+21,8.63243E+15,5.01019E+16
31361,6,4,36,4,2018,5,15,6,3,2,6,0,0,1,0,0,0,1,0,4.5992E+20,5.54494E+21,8.44011E+15,5.00554E+16
31362,6,4,32,23,2018,5,18,3,3,2,6,0,0,1,0,0,0,0,0,4.72118E+20,5.5273E+21,8.61177E+15,4.98974E+16
31363,6,4,39,2,2018,5,18,6,3,2,2,0,0,1,0,1,0,0,0,4.34447E+20,5.55561E+21,8.08246E+15,5.01491E+16
31364,6,4,12,0,2018,5,17,6,3,2,6,0,0,1,0,0,0,0,0,4.68911E+20,5.55281E+21,8.56506E+15,5.01267E+16
31365,6,4,35,10,2018,5,13,2,2,5,3,0,0,1,0,0,0,1,0,5.15685E+20,5.56069E+21,9.21976E+15,5.01982E+16
31366,6,6,33,24,2018,5,15,1,3,8,1,0,0,1,0,0,0,0,0,5.35378E+20,5.67697E+21,9.50684E+15,5.1243E+16
31367,6,6,31,4,2018,5,11,3,2,5,2,0,1,1,0,0,0,0,0,5.57479E+20,5.59264E+21,9.81018E+15,5.04829E+16
31368,6,4,12,0,2018,5,17,4,3,2,6,0,0,1,0,0,0,0,0,4.73964E+20,5.56038E+21,8.63523E+15,5.01951E+16
31369,6,5,32,8,2018,5,18,5,3,2,6,0,0,1,0,0,0,0,0,4.56251E+20,5.60573E+21,8.38181E+15,5.06018E+16
31370,6,4,11,0,2018,5,8,3,3,2,6,0,0,1,0,0,0,0,0,4.74414E+20,5.5256E+21,8.64386E+15,4.98822E+16
31371,6,4,14,0,2018,5,14,3,2,5,3,0,0,1,0,1,0,0,0,4.48628E+20,5.54844E+21,8.2819E+15,5.0086E+16
31372,6,4,12,0,2018,5,10,6,3,3,6,0,0,1,0,0,1,0,0,4.81129E+20,5.55096E+21,8.73608E+15,5.01106E+16
31373,6,6,36,16,2018,5,14,1,3,9,7,0,0,1,0,0,0,0,0,5.60829E+20,5.68675E+21,9.87308E+15,5.13288E+16
31374,6,6,31,21,2018,5,15,7,3,5,3,0,0,1,0,0,0,0,0,5.67629E+20,5.5949E+21,9.95363E+15,5.05022E+16
31375,6,4,40,9,2018,5,11,2,3,0,1,0,0,0,0,1,0,0,0,5.1729E+20,5.58888E+21,9.24354E+15,5.04517E+16
31376,6,4,31,14,2018,5,12,3,2,0,6,0,1,0,0,0,1,0,0,4.80826E+20,5.50749E+21,8.734E+15,4.97196E+16
31377,6,5,32,15,2018,5,11,1,3,0,7,0,1,0,0,0,0,1,1,4.69217E+20,5.60279E+21,8.56525E+15,5.05762E+16
31378,6,6,35,3,2018,5,16,2,3,8,7,0,0,1,0,1,0,1,0,5.11056E+20,5.66372E+21,9.15798E+15,5.11248E+16
31379,6,5,34,9,2018,5,15,1,3,9,1,0,0,1,0,0,0,0,1,4.80942E+20,5.61649E+21,8.73013E+15,5.06999E+16
31380,6,4,40,5,2018,5,13,3,3,2,6,0,0,1,0,0,0,0,0,4.77078E+20,5.58717E+21,8.67723E+15,5.04361E+16
31381,6,4,38,9,2018,5,18,4,3,2,6,0,0,1,0,0,0,0,0,4.72703E+20,5.54453E+21,8.61869E+15,5.00524E+16
31382,6,6,35,3,2018,5,18,3,2,2,6,0,0,1,0,0,0,1,0,5.0635E+20,5.66398E+21,9.09075E+15,5.11272E+16
31383,6,4,36,7,2018,5,16,5,3,1,6,0,0,1,0,1,0,0,0,4.60181E+20,5.54822E+21,8.4434E+15,5.00849E+16
31384,6,6,34,13,2018,5,7,3,3,5,3,0,0,1,0,0,0,0,0,5.34818E+20,5.66017E+21,9.49719E+15,5.1092E+16
31385,6,5,33,13,2018,5,19,3,3,4,6,0,0,1,0,0,0,1,0,4.40224E+20,5.58409E+21,8.15881E+15,5.04058E+16
31386,6,6,11,0,2018,5,3,1,3,5,3,2,0,1,0,0,0,0,0,5.35755E+20,5.68607E+21,9.51314E+15,5.13248E+16
31387,6,5,32,9,2018,5,9,7,3,8,1,0,0,1,0,0,0,0,0,4.57366E+20,5.62615E+21,8.3952E+15,5.07856E+16
31388,6,6,36,5,2018,5,16,2,2,0,1,0,0,0,0,1,0,0,0,5.78649E+20,5.65198E+21,1.01212E+16,5.1014E+16
31389,6,5,32,13,2018,5,19,3,3,9,1,0,0,1,0,0,0,0,1,4.63782E+20,5.61405E+21,8.4874E+15,5.06772E+16
31390,6,4,33,12,2018,5,12,1,3,0,6,0,0,1,0,0,0,1,0,4.57905E+20,5.53725E+21,8.4128E+15,4.99861E+16
31391,6,4,37,13,2018,5,5,4,3,5,3,0,0,1,0,0,0,0,1,4.88545E+20,5.50667E+21,8.84111E+15,4.97125E+16
31392,6,6,33,28,2018,5,11,3,3,0,3,0,0,1,0,1,0,0,0,5.17149E+20,5.68712E+21,9.24617E+15,5.13351E+16
31393,6,6,32,6,2018,5,16,3,3,0,7,0,0,1,0,0,0,0,0,5.57456E+20,5.63746E+21,9.81681E+15,5.08859E+16
31394,6,5,31,5,2018,5,13,5,3,3,2,0,1,1,0,0,0,0,0,4.76311E+20,5.60298E+21,8.66543E+15,5.05782E+16
31395,6,5,33,9,2018,5,23,7,3,5,3,2,0,1,0,0,0,0,0,4.33129E+20,5.58204E+21,8.05935E+15,5.03866E+16
31396,6,6,34,11,2018,5,17,6,3,5,7,0,0,1,0,0,0,0,0,5.36455E+20,5.65445E+21,9.51999E+15,5.10405E+16
31397,6,4,38,4,2018,5,18,7,2,5,3,0,0,1,0,1,0,0,0,4.95945E+20,5.54764E+21,8.94332E+15,5.0081E+16
31398,6,5,31,8,2018,5,0,3,2,7,7,2,0,1,0,0,0,0,0,4.9453E+20,5.59404E+21,8.92287E+15,5.04983E+16
31399,6,4,39,8,2018,5,6,2,3,0,7,0,0,1,0,0,1,0,0,4.46623E+20,5.56808E+21,8.25112E+15,5.02625E+16
31400,6,4,31,11,2018,5,11,4,3,8,1,0,0,0,0,1,0,0,0,4.71858E+20,5.49956E+21,8.61017E+15,4.96479E+16
31401,6,6,33,10,2018,5,12,3,2,8,1,0,0,1,0,0,0,0,0,5.28787E+20,5.69854E+21,9.41415E+15,5.14373E+16
31402,6,5,35,16,2018,5,16,5,3,8,7,0,0,1,0,0,0,0,0,5.15003E+20,5.59424E+21,9.21154E+15,5.05E+16
31403,6,6,35,17,2018,5,14,3,3,9,1,0,0,1,0,0,0,0,0,4.92046E+20,5.64585E+21,8.88674E+15,5.09642E+16
31404,6,5,33,12,2018,5,16,6,2,8,7,0,0,0,0,1,0,0,0,4.39525E+20,5.59737E+21,8.14683E+15,5.05251E+16
31405,6,4,32,11,2018,5,20,2,3,2,6,0,0,1,0,1,0,0,0,4.87691E+20,5.52327E+21,8.82874E+15,4.98617E+16
31406,6,5,31,12,2018,5,15,1,3,2,6,0,0,1,0,0,0,0,1,4.73891E+20,5.59707E+21,8.63166E+15,5.0525E+16
31407,6,4,35,19,2018,5,11,3,2,2,6,0,0,1,0,0,0,0,0,4.8761E+20,5.55512E+21,8.82658E+15,5.01481E+16
31408,6,4,35,6,2018,5,0,3,2,5,3,2,0,1,0,1,0,0,0,4.94743E+20,5.55863E+21,8.92637E+15,5.01798E+16
31409,6,4,38,5,2018,5,15,6,3,2,6,0,0,1,0,0,0,1,0,4.86449E+20,5.54618E+21,8.81065E+15,5.00677E+16
31410,6,4,31,5,2018,5,12,5,2,2,6,0,0,1,0,0,1,0,0,4.60686E+20,5.49811E+21,8.45556E+15,4.96343E+16
31411,6,4,39,14,2018,5,11,3,2,0,1,0,1,0,0,0,0,0,0,4.30659E+20,5.55072E+21,8.03034E+15,5.01047E+16
31412,6,4,12,0,2018,5,19,3,2,0,1,0,0,1,0,1,0,0,0,4.78518E+20,5.55436E+21,8.69938E+15,5.0141E+16
31413,6,4,14,0,2018,5,16,5,3,3,6,0,0,1,0,1,0,0,0,4.43563E+20,5.54743E+21,8.21126E+15,5.00765E+16
31414,6,5,33,12,2018,5,16,1,2,0,1,0,1,0,0,0,0,0,0,4.41873E+20,5.59766E+21,8.17991E+15,5.0528E+16
31415,6,5,35,5,2018,5,17,7,3,8,1,0,0,1,0,0,0,0,0,5.08038E+20,5.61817E+21,9.11385E+15,5.07153E+16
31416,6,5,34,6,2018,5,6,2,3,9,1,0,0,1,0,0,0,0,0,4.86641E+20,5.63396E+21,8.81021E+15,5.08572E+16
31417,6,6,35,15,2018,5,15,7,3,5,2,0,0,1,0,0,0,0,0,4.8897E+20,5.67658E+21,8.84199E+15,5.12405E+16
31418,6,5,32,8,2018,5,5,4,3,5,3,1,0,1,0,1,0,0,1,4.56231E+20,5.60575E+21,8.38151E+15,5.0602E+16
31419,6,4,39,2,2018,5,10,3,2,4,1,0,0,1,0,1,0,0,0,4.32372E+20,5.55436E+21,8.05364E+15,5.01376E+16
31420,6,4,13,0,2018,5,16,2,3,2,6,0,0,1,0,0,0,0,1,4.8482E+20,5.54962E+21,8.78775E+15,5.00986E+16
31421,6,5,31,17,2018,5,16,4,3,2,6,0,0,1,0,0,0,0,0,4.8093E+20,5.61693E+21,8.72994E+15,5.07039E+16
31422,6,4,34,9,2018,5,0,6,2,8,1,2,0,1,0,0,0,0,0,4.62683E+20,5.56714E+21,8.47652E+15,5.02552E+16
31423,6,4,35,4,2018,5,18,3,3,5,2,0,1,1,0,0,0,0,0,5.23099E+20,5.57983E+21,9.32482E+15,5.03701E+16
31424,6,4,31,13,2018,5,5,7,2,4,3,1,0,1,0,0,0,0,0,4.60489E+20,5.49505E+21,8.45313E+15,4.96067E+16
31425,6,6,34,1,2018,5,16,2,3,5,3,0,0,1,0,0,0,1,0,5.1798E+20,5.6572E+21,9.2566E+15,5.1066E+16
31426,6,4,39,2,2018,5,15,1,3,7,7,0,0,1,0,0,0,0,1,4.34611E+20,5.55509E+21,8.08485E+15,5.01444E+16
31427,6,4,14,0,2018,5,8,3,3,5,3,0,0,1,0,1,0,0,0,4.52362E+20,5.55213E+21,8.33364E+15,5.01195E+16
31428,6,4,35,19,2018,5,10,4,2,5,3,0,0,1,0,0,0,0,0,4.87154E+20,5.55566E+21,8.82019E+15,5.0153E+16
31429,6,4,38,2,2018,5,15,3,3,2,6,0,0,1,0,0,0,0,0,4.80982E+20,5.53658E+21,8.73474E+15,4.99813E+16
31430,6,5,33,7,2018,5,16,2,3,8,1,0,0,1,0,0,0,0,0,4.35273E+20,5.59097E+21,8.08796E+15,5.04671E+16
31431,6,6,32,6,2018,5,18,5,3,2,6,0,0,1,0,0,1,0,0,5.61671E+20,5.63952E+21,9.87708E+15,5.0904E+16
31432,6,4,12,0,2018,5,13,6,3,2,6,0,0,1,0,0,0,1,0,4.724E+20,5.55399E+21,8.61378E+15,5.01375E+16
31433,6,5,33,11,2018,5,19,7,3,5,3,0,0,1,0,0,0,0,0,4.47309E+20,5.59655E+21,8.25675E+15,5.05185E+16
31434,6,6,36,5,2018,5,19,3,3,8,1,1,0,1,0,0,0,0,1,5.81449E+20,5.65163E+21,1.0161E+16,5.10105E+16
31435,6,4,36,5,2018,5,16,1,3,2,6,0,0,1,0,0,0,0,0,4.6345E+20,5.54647E+21,8.48927E+15,5.00693E+16
31436,6,4,40,5,2018,5,11,4,3,2,6,0,0,0,0,0,1,0,0,4.78312E+20,5.58794E+21,8.69456E+15,5.04431E+16
31437,6,4,35,22,2018,5,13,3,3,2,6,0,0,1,0,0,0,0,0,4.85345E+20,5.55952E+21,8.79472E+15,5.01877E+16
31438,6,6,11,0,2018,5,8,5,3,5,3,0,1,1,0,0,0,0,0,5.32795E+20,5.68433E+21,9.4705E+15,5.13093E+16
31439,6,4,34,11,2018,5,15,3,2,5,2,0,0,1,0,1,0,0,0,4.6173E+20,5.57329E+21,8.46254E+15,5.03105E+16
31440,6,5,32,8,2018,5,16,6,3,5,2,0,0,1,0,0,0,0,0,4.56485E+20,5.60677E+21,8.38499E+15,5.06112E+16
31441,6,4,33,6,2018,5,15,2,2,2,6,0,0,1,0,1,0,0,0,4.62645E+20,5.52614E+21,8.47999E+15,4.98865E+16
31442,6,4,37,13,2018,5,14,7,2,9,1,0,0,0,0,1,0,0,0,4.85584E+20,5.50356E+21,8.80015E+15,4.96844E+16
31443,6,4,12,0,2018,5,8,3,3,2,6,0,0,1,0,0,0,0,0,4.72618E+20,5.55888E+21,8.61648E+15,5.01815E+16
31444,6,5,33,9,2018,5,11,3,3,2,6,0,0,1,0,0,0,0,0,4.33992E+20,5.58129E+21,8.07161E+15,5.038E+16
31445,6,4,32,18,2018,5,13,6,3,2,6,0,0,1,0,0,0,1,0,4.72786E+20,5.5162E+21,8.62185E+15,4.97976E+16
31446,6,4,38,9,2018,5,18,5,3,2,6,0,0,1,0,0,0,0,0,4.74804E+20,5.54486E+21,8.64803E+15,5.00555E+16
31447,6,4,34,8,2018,5,17,3,2,4,1,0,0,1,0,1,0,0,0,4.62772E+20,5.5639E+21,8.47809E+15,5.02261E+16
31448,6,5,33,17,2018,5,9,3,3,2,6,0,0,1,0,0,0,0,0,4.49044E+20,5.59239E+21,8.28179E+15,5.04813E+16
31449,6,4,11,0,2018,5,12,5,3,2,6,0,0,1,0,1,0,0,0,4.8014E+20,5.52369E+21,8.72366E+15,4.98653E+16
31450,6,5,35,14,2018,5,20,1,3,8,1,0,0,1,0,0,0,0,0,5.14731E+20,5.61933E+21,9.2087E+15,5.07256E+16
31451,6,4,35,17,2018,5,10,6,3,5,3,0,0,1,0,0,0,0,0,5.02007E+20,5.55857E+21,9.02811E+15,5.01793E+16
31452,6,4,38,11,2018,5,7,2,3,8,7,0,0,0,0,1,0,0,0,4.92398E+20,5.54512E+21,8.8938E+15,5.00583E+16
31453,6,6,11,0,2018,5,21,7,3,5,3,1,0,1,0,0,0,0,0,5.3363E+20,5.68345E+21,9.4824E+15,5.13013E+16
31454,6,4,34,6,2018,5,16,3,3,5,1,0,0,1,0,0,0,0,0,4.64941E+20,5.5591E+21,8.50893E+15,5.01831E+16
31455,6,4,38,13,2018,5,0,2,3,8,7,2,0,1,0,0,0,0,1,4.98156E+20,5.54482E+21,8.97425E+15,5.00557E+16
31456,6,4,32,23,2018,5,17,4,3,2,6,0,0,1,0,0,0,0,1,4.69612E+20,5.5278E+21,8.57685E+15,4.99019E+16
31457,6,4,40,9,2018,5,15,6,3,8,1,0,0,1,0,0,0,0,0,5.1396E+20,5.58493E+21,9.1965E+15,5.04163E+16
31458,6,4,34,6,2018,5,15,3,3,2,6,0,0,1,0,0,0,0,0,4.6617E+20,5.56058E+21,8.52603E+15,5.01964E+16
31459,6,4,35,14,2018,5,15,7,3,2,6,0,0,1,0,0,0,0,0,4.92337E+20,5.54816E+21,8.89288E+15,5.00856E+16
31460,6,4,13,0,2018,5,16,2,3,3,7,0,0,1,0,1,0,0,0,4.84638E+20,5.5504E+21,8.78518E+15,5.01057E+16
31461,6,4,40,3,2018,5,16,1,3,4,6,0,0,1,0,0,0,1,1,4.81218E+20,5.56299E+21,8.73673E+15,5.02188E+16
31462,6,4,37,12,2018,5,0,3,3,1,1,2,0,1,0,0,0,0,0,4.96108E+20,5.49651E+21,8.94612E+15,4.96211E+16
31463,6,4,36,8,2018,5,12,3,3,2,6,0,0,1,0,0,0,0,0,4.61405E+20,5.55546E+21,8.45978E+15,5.01501E+16
31464,6,6,33,6,2018,5,19,5,3,8,1,0,0,1,0,0,0,0,0,5.19272E+20,5.67875E+21,9.2762E+15,5.12598E+16
31465,6,4,31,11,2018,5,14,3,3,2,6,0,0,1,0,0,0,0,0,4.77857E+20,5.49958E+21,8.69326E+15,4.96484E+16
31466,6,4,37,11,2018,5,6,6,3,8,1,0,0,1,0,0,0,0,0,5.06102E+20,5.50871E+21,9.08467E+15,4.97309E+16
31467,6,4,36,6,2018,5,19,2,3,2,6,0,0,1,0,0,0,0,0,4.52644E+20,5.54048E+21,8.33902E+15,5.00147E+16
31468,6,4,34,13,2018,5,18,7,2,8,1,0,0,0,0,1,0,0,0,4.53563E+20,5.57568E+21,8.34755E+15,5.03313E+16
31469,6,4,37,13,2018,5,11,2,3,3,6,0,0,1,0,0,0,1,0,4.88529E+20,5.50667E+21,8.84088E+15,4.97125E+16
31470,6,6,34,19,2018,5,19,3,3,9,1,0,0,1,0,0,0,0,1,5.29657E+20,5.63445E+21,9.42138E+15,5.0861E+16
31471,6,6,11,0,2018,5,11,1,3,0,3,0,1,1,0,0,0,0,0,5.31102E+20,5.68414E+21,9.4462E+15,5.13077E+16
31472,6,4,35,15,2018,5,16,3,3,2,6,0,1,1,0,0,0,0,0,5.07758E+20,5.55923E+21,9.10866E+15,5.01853E+16
31473,6,4,13,0,2018,5,13,5,3,6,3,0,1,0,1,0,0,0,0,4.83686E+20,5.54812E+21,8.77195E+15,5.00851E+16
31474,6,4,40,5,2018,5,7,3,3,2,6,0,0,1,0,0,0,1,0,4.78417E+20,5.58763E+21,8.69606E+15,5.04403E+16
31475,6,4,40,17,2018,5,17,6,2,4,6,1,0,1,0,1,0,1,0,4.90061E+20,5.57025E+21,8.8605E+15,5.02843E+16
31476,6,5,31,16,2018,5,15,2,2,1,2,0,0,0,0,1,0,1,0,4.88446E+20,5.60482E+21,8.83675E+15,5.05952E+16
31477,6,6,11,0,2018,5,9,7,3,5,3,0,0,1,0,0,0,0,0,5.32889E+20,5.6823E+21,9.47167E+15,5.1291E+16
31478,6,5,35,16,2018,5,16,2,2,8,1,0,0,0,0,1,0,0,0,5.1069E+20,5.59713E+21,9.15082E+15,5.0526E+16
31479,6,4,12,0,2018,5,13,3,3,2,2,0,0,1,0,1,0,0,0,4.80355E+20,5.55155E+21,8.72523E+15,5.01159E+16
31480,6,4,12,0,2018,5,0,1,3,5,3,2,0,1,0,0,0,0,0,4.77429E+20,5.55331E+21,8.68419E+15,5.01316E+16
31481,6,6,36,3,2018,5,18,4,3,3,2,0,1,1,0,0,0,0,0,5.72885E+20,5.67169E+21,1.0043E+16,5.1192E+16
31482,6,4,40,19,2018,5,12,3,2,5,2,0,1,1,0,0,0,0,0,5.03757E+20,5.57806E+21,9.05282E+15,5.03546E+16
31483,6,4,40,8,2018,5,23,3,2,5,3,2,1,1,0,0,0,0,1,4.80743E+20,5.57446E+21,8.72949E+15,5.03219E+16
31484,6,6,34,7,2018,5,8,5,3,5,3,0,0,1,0,0,0,0,0,5.25551E+20,5.66972E+21,9.36554E+15,5.11783E+16
31485,6,5,31,5,2018,5,15,1,3,0,1,0,0,0,0,1,0,0,0,4.7357E+20,5.60141E+21,8.62683E+15,5.0564E+16