OBJECTID_1,ULAND,UREGBEZ,UKREIS,UGEMEINDE,UJAHR,UMONAT,USTUNDE,UWOCHENTAG,UKATEGORIE,UART,UTYP1,ULICHTVERH,IstRad,IstPKW,IstFuss,IstKrad,IstGkfz,IstSonstig,STRZUSTAND,LINREFX,LINREFY,XGCSWGS84,YGCSWGS84
31676,6,4,35,14,2018,6,19,7,3,3,3,0,0,1,0,0,0,1,0,4.95288E+20,5.5514E+21,8.93409E+15,5.01148E+16
31677,6,4,35,14,2018,6,7,2,3,5,3,0,0,1,0,0,0,1,0,4.93433E+20,5.55194E+21,8.90814E+15,5.01197E+16
31678,6,4,31,5,2018,6,1,4,2,2,6,2,0,1,0,1,0,0,0,4.60929E+20,5.49669E+21,8.45906E+15,4.96215E+16
31679,6,5,32,12,2018,6,10,4,2,8,7,0,0,1,0,0,0,0,0,4.50915E+20,5.61752E+21,8.30484E+15,5.07074E+16
31680,6,4,12,0,2018,6,17,1,3,5,3,0,1,1,0,0,0,0,0,4.68217E+20,5.5501E+21,8.55557E+15,5.01023E+16
31681,6,4,35,10,2018,6,16,7,3,2,6,0,0,1,0,0,0,1,0,5.14765E+20,5.56035E+21,9.20687E+15,5.01952E+16
31682,6,4,14,0,2018,6,23,1,2,5,3,2,0,1,0,0,0,0,0,4.4391E+20,5.54588E+21,8.21633E+15,5.00625E+16
31683,6,4,12,0,2018,6,14,4,3,2,6,0,0,1,0,0,0,0,0,4.66685E+20,5.55161E+21,8.53402E+15,5.01158E+16
31684,6,6,36,9,2018,6,11,5,3,5,3,0,0,1,0,0,0,0,0,5.63191E+20,5.6908E+21,9.90769E+15,5.13649E+16
31685,6,6,34,25,2018,6,20,7,3,8,1,1,0,1,0,0,0,0,1,5.16635E+20,5.65761E+21,9.23743E+15,5.10698E+16
31686,6,4,39,3,2018,6,16,3,3,5,3,0,1,1,0,0,0,0,0,4.36132E+20,5.54223E+21,8.10828E+15,5.00289E+16
31687,6,4,32,23,2018,6,15,6,3,2,6,0,0,1,0,0,0,0,0,4.72481E+20,5.52723E+21,8.61683E+15,4.98968E+16
31688,6,6,33,3,2018,6,12,7,3,2,6,0,0,1,0,0,0,1,0,5.27657E+20,5.67871E+21,9.39636E+15,5.1259E+16
31689,6,5,31,9,2018,6,13,6,3,2,6,0,0,1,0,0,0,0,0,4.75361E+20,5.5934E+21,8.65264E+15,5.04921E+16
31690,6,6,33,2,2018,6,14,7,3,6,2,0,0,1,1,0,0,0,0,5.31301E+20,5.72149E+21,9.45236E+15,5.16436E+16
31691,6,5,31,5,2018,6,8,2,3,2,2,0,0,1,0,0,0,0,0,4.78524E+20,5.6061E+21,8.6965E+15,5.06064E+16
31692,6,5,35,14,2018,6,17,7,3,9,1,0,0,1,0,0,0,1,1,5.13003E+20,5.61777E+21,9.18416E+15,5.07116E+16
31693,6,5,31,6,2018,6,7,2,3,2,6,0,0,1,0,0,0,0,0,4.92864E+20,5.60805E+21,8.89911E+15,5.06243E+16
31694,6,4,33,10,2018,6,18,3,2,2,6,0,0,1,0,0,1,0,0,4.64059E+20,5.54181E+21,8.49821E+15,5.00275E+16
31695,6,6,31,20,2018,6,16,3,2,5,3,0,0,1,0,1,0,0,0,5.51435E+20,5.60124E+21,9.72618E+15,5.05608E+16
31696,6,6,32,16,2018,6,13,5,3,5,3,0,0,1,0,0,1,0,0,5.6736E+20,5.63353E+21,9.95688E+15,5.08495E+16
31697,6,6,11,0,2018,6,13,6,3,4,1,0,0,1,0,0,0,0,0,5.33632E+20,5.6842E+21,9.4825E+15,5.13082E+16
31698,6,4,12,0,2018,6,17,6,3,0,6,0,0,1,0,1,0,0,0,4.80639E+20,5.55674E+21,8.72893E+15,5.01625E+16
31699,6,4,31,20,2018,6,0,7,2,8,1,2,0,1,0,0,0,0,0,4.68241E+20,5.49235E+21,8.56065E+15,4.95829E+16
31700,6,4,14,0,2018,6,14,4,3,5,2,0,1,1,0,0,0,0,0,4.45233E+20,5.54301E+21,8.23522E+15,5.00369E+16
31701,6,6,11,0,2018,6,13,4,3,0,6,0,0,1,0,1,0,0,0,5.35659E+20,5.68277E+21,9.51144E+15,5.12952E+16
31702,6,4,40,1,2018,6,2,7,3,2,6,2,0,1,0,0,0,0,0,4.97372E+20,5.57162E+21,8.9631E+15,5.02967E+16
31703,6,4,40,8,2018,6,15,2,3,5,3,0,0,1,0,0,0,0,0,4.82192E+20,5.57527E+21,8.7498E+15,5.03293E+16
31704,6,5,33,7,2018,6,10,4,3,5,3,0,0,1,0,0,0,0,0,4.3416E+20,5.58886E+21,8.07266E+15,5.0448E+16
31705,6,4,12,0,2018,6,17,6,3,9,7,0,0,1,0,0,0,0,0,4.71699E+20,5.54467E+21,8.60466E+15,5.00537E+16
31706,6,5,31,3,2018,6,18,6,3,2,6,0,0,1,0,0,0,0,0,4.84596E+20,5.60441E+21,8.78238E+15,5.05914E+16
31707,6,6,32,2,2018,6,15,3,3,2,1,0,0,1,0,0,1,0,0,5.5234E+20,5.63541E+21,9.74381E+15,5.0868E+16
31708,6,5,32,3,2018,6,11,4,3,2,6,0,0,1,0,0,0,0,0,4.52671E+20,5.59901E+21,8.33207E+15,5.05411E+16
31709,6,4,35,28,2018,6,16,1,2,5,2,0,0,1,0,1,0,0,0,5.32054E+20,5.57357E+21,9.4502E+15,5.03134E+16
31710,6,6,35,13,2018,6,3,6,2,8,1,2,0,1,0,0,0,0,1,4.95222E+20,5.65658E+21,8.93182E+15,5.10608E+16
31711,6,4,40,15,2018,6,23,1,3,5,3,2,0,1,0,0,0,0,0,4.80399E+20,5.59033E+21,8.72383E+15,5.04646E+16
31712,6,5,31,14,2018,6,15,2,3,6,7,0,0,1,0,0,0,1,0,4.78489E+20,5.59238E+21,8.6968E+15,5.0483E+16
31713,6,6,36,11,2018,6,16,3,2,5,2,0,0,1,0,0,0,0,0,5.64875E+20,5.65829E+21,9.92599E+15,5.10724E+16
31714,6,4,32,5,2018,6,7,5,3,0,1,0,1,0,0,0,0,0,0,4.89208E+20,5.53251E+21,8.84959E+15,4.99448E+16
31715,6,5,33,2,2018,6,17,6,3,5,3,0,1,1,0,0,0,0,0,4.42534E+20,5.57809E+21,8.19223E+15,5.03521E+16
31716,6,5,35,18,2018,6,10,1,3,0,7,0,1,0,0,0,0,1,0,5.09922E+20,5.60303E+21,9.14013E+15,5.05791E+16
31717,6,4,32,5,2018,6,18,3,3,2,6,0,0,1,1,0,0,0,0,4.8873E+20,5.53276E+21,8.84291E+15,4.99471E+16
31718,6,6,33,25,2018,6,10,3,3,3,6,0,0,1,0,0,0,1,0,5.29097E+20,5.71384E+21,9.41988E+15,5.15749E+16
31719,6,4,31,4,2018,6,8,6,3,5,3,0,0,1,0,1,0,0,0,4.7901E+20,5.4899E+21,8.70975E+15,4.95613E+16
31720,6,4,31,21,2018,6,16,7,1,8,1,0,0,1,0,0,0,0,1,4.85026E+20,5.49106E+21,8.79289E+15,4.95719E+16
31721,6,4,12,0,2018,6,8,5,3,2,6,0,0,0,0,1,0,1,0,4.75763E+20,5.55085E+21,8.66104E+15,5.01094E+16
31722,6,4,38,12,2018,6,23,7,3,5,2,2,0,1,0,0,0,0,0,4.84668E+20,5.53584E+21,8.78618E+15,4.99747E+16
31723,6,4,12,0,2018,6,8,2,3,4,7,0,0,1,0,0,0,1,0,4.66387E+20,5.55002E+21,8.52999E+15,5.01015E+16
31724,6,6,11,0,2018,6,14,6,2,8,7,0,0,0,0,1,0,0,0,5.37902E+20,5.68288E+21,9.54362E+15,5.1296E+16
31725,6,5,33,17,2018,6,16,5,2,2,6,0,0,1,0,1,0,0,0,4.47652E+20,5.5934E+21,8.26203E+15,5.04902E+16
31726,6,4,12,0,2018,6,17,2,3,2,6,0,1,1,0,0,0,0,0,4.76144E+20,5.55942E+21,8.66584E+15,5.01865E+16
31727,6,5,31,5,2018,6,20,2,3,3,6,0,0,1,0,0,0,0,0,4.76595E+20,5.60348E+21,8.66941E+15,5.05828E+16
31728,6,4,11,0,2018,6,15,5,3,2,6,0,0,1,0,0,0,0,0,4.77513E+20,5.52402E+21,8.68708E+15,4.98682E+16
31729,6,6,11,0,2018,6,13,6,3,2,6,0,0,1,0,0,0,0,0,5.3302E+20,5.68225E+21,9.47354E+15,5.12906E+16
31730,6,4,35,2,2018,6,16,2,3,6,4,0,0,1,1,0,0,0,0,5.2648E+20,5.56938E+21,9.37162E+15,5.0276E+16
31731,6,4,34,5,2018,6,9,3,3,2,6,0,0,1,0,0,0,0,0,4.61585E+20,5.56039E+21,8.4618E+15,5.01944E+16
31732,6,4,12,0,2018,6,7,2,2,3,6,0,0,1,0,1,0,0,0,4.78324E+20,5.5455E+21,8.69716E+15,5.00614E+16
31733,6,6,33,8,2018,6,12,3,3,5,3,0,0,1,0,0,0,0,0,5.34874E+20,5.67553E+21,9.49947E+15,5.12301E+16
31734,6,6,34,12,2018,6,9,6,3,4,6,0,0,1,0,0,0,0,1,5.34923E+20,5.6704E+21,9.49968E+15,5.1184E+16
31735,6,4,35,12,2018,6,19,7,3,5,3,0,0,1,0,0,0,1,0,5.09102E+20,5.56494E+21,9.12764E+15,5.02366E+16
31736,6,4,12,0,2018,6,12,5,3,1,5,0,0,1,0,0,0,0,0,4.68379E+20,5.5501E+21,8.55784E+15,5.01023E+16
31737,6,4,35,19,2018,6,18,7,3,5,3,0,0,1,0,0,0,0,0,4.89364E+20,5.55336E+21,8.85119E+15,5.01324E+16
31738,6,4,14,0,2018,6,15,2,3,6,4,0,0,1,1,0,0,0,1,4.44598E+20,5.54663E+21,8.22584E+15,5.00694E+16
31739,6,6,11,0,2018,6,19,6,3,5,3,0,0,1,0,1,0,0,0,5.35684E+20,5.68581E+21,9.5121E+15,5.13224E+16
31740,6,4,39,17,2018,6,21,5,3,2,2,0,0,1,0,0,0,0,0,4.38789E+20,5.54403E+21,8.14509E+15,5.00454E+16
31741,6,6,11,0,2018,6,16,2,3,2,6,0,0,1,0,0,0,0,0,5.37108E+20,5.6836E+21,9.5323E+15,5.13025E+16
31742,6,4,35,10,2018,6,8,3,1,2,6,0,0,1,0,0,1,0,0,5.17176E+20,5.56279E+21,9.24075E+15,5.02171E+16
31743,6,4,14,0,2018,6,12,5,3,5,3,0,0,1,0,0,0,0,0,4.50167E+20,5.53888E+21,8.30466E+15,5.00002E+16
31744,6,4,11,0,2018,6,10,6,3,5,3,0,0,1,0,0,0,0,0,4.73662E+20,5.52291E+21,8.63357E+15,4.98581E+16
31745,6,6,11,0,2018,6,18,6,3,2,6,0,0,1,0,0,0,0,0,5.32761E+20,5.68448E+21,9.47003E+15,5.13107E+16
31746,6,4,12,0,2018,6,18,4,3,2,6,0,0,1,0,0,0,0,0,4.77258E+20,5.55701E+21,8.68158E+15,5.01649E+16
31747,6,4,14,0,2018,6,9,4,3,2,6,0,0,1,0,0,0,0,0,4.44995E+20,5.54717E+21,8.23131E+15,5.00743E+16
31748,6,4,14,0,2018,6,18,6,3,3,6,0,0,1,0,1,0,0,0,4.49761E+20,5.54334E+21,8.2984E+15,5.00403E+16
31749,6,6,31,9,2018,6,10,2,2,5,2,0,1,1,0,0,0,0,0,5.49201E+20,5.60027E+21,9.69451E+15,5.05523E+16
31750,6,4,12,0,2018,6,22,4,2,6,4,2,0,1,1,0,0,0,0,4.76564E+20,5.54871E+21,8.67238E+15,5.00901E+16
31751,6,4,40,5,2018,6,13,6,3,2,6,0,0,1,0,0,0,0,0,4.78751E+20,5.58372E+21,8.70098E+15,5.04052E+16
31752,6,4,14,0,2018,6,21,6,3,0,3,1,0,0,0,1,0,1,0,4.47571E+20,5.54156E+21,8.26807E+15,5.0024E+16
31753,6,6,11,0,2018,6,14,3,3,3,6,0,0,1,0,0,0,0,0,5.35538E+20,5.68556E+21,9.50998E+15,5.13202E+16
31754,6,4,13,0,2018,6,7,4,3,2,6,0,0,1,0,0,0,1,0,4.82339E+20,5.54593E+21,8.75324E+15,5.00654E+16
31755,6,6,31,15,2018,6,10,1,3,8,1,0,0,0,0,1,0,0,1,5.47573E+20,5.60971E+21,9.67274E+15,5.06373E+16
31756,6,4,36,2,2018,6,13,6,3,3,6,0,1,1,0,0,0,0,0,4.56954E+20,5.55437E+21,8.39761E+15,5.014E+16
31757,6,4,40,6,2018,6,13,1,2,9,1,0,0,0,0,1,0,0,0,4.9202E+20,5.57875E+21,8.88781E+15,5.03608E+16
31758,6,5,31,12,2018,6,7,2,2,2,6,0,0,1,0,0,0,1,0,4.76895E+20,5.60061E+21,8.67383E+15,5.0557E+16
31759,6,5,33,17,2018,6,10,3,2,5,3,0,0,1,0,0,0,0,1,4.50059E+20,5.5925E+21,8.29608E+15,5.04823E+16
31760,6,4,31,15,2018,6,21,5,3,2,6,0,0,1,0,1,0,0,1,4.84422E+20,5.50341E+21,8.78405E+15,4.9683E+16
31761,6,4,12,0,2018,6,14,6,3,2,6,0,0,1,0,0,1,0,0,4.80959E+20,5.55197E+21,8.73364E+15,5.01197E+16
31762,6,5,35,9,2018,6,15,3,3,8,1,0,0,1,0,0,0,0,0,5.00242E+20,5.61793E+21,9.00343E+15,5.07132E+16
31763,6,4,31,19,2018,6,18,3,3,2,6,0,0,1,0,0,0,0,0,4.82559E+20,5.4964E+21,8.75854E+15,4.962E+16
31764,6,4,31,21,2018,6,15,6,3,2,6,0,0,1,0,1,0,0,0,4.89514E+20,5.49379E+21,8.8549E+15,4.95966E+16
31765,6,5,32,18,2018,6,20,7,3,0,7,0,0,1,0,0,0,0,0,4.6312E+20,5.59063E+21,8.48035E+15,5.04665E+16
31766,6,6,33,14,2018,6,6,5,2,8,1,0,0,1,0,0,0,0,0,5.36121E+20,5.6953E+21,9.51934E+15,5.14078E+16
31767,6,4,31,2,2018,6,23,7,3,1,5,2,1,1,0,0,0,0,0,4.71597E+20,5.5033E+21,8.60628E+15,4.96815E+16
31768,6,6,34,8,2018,6,6,2,3,3,2,0,0,0,0,1,0,1,0,5.33105E+20,5.67231E+21,9.47384E+15,5.12012E+16
31769,6,4,12,0,2018,6,3,6,3,5,3,2,1,1,0,0,0,0,1,4.80471E+20,5.55233E+21,8.72681E+15,5.01229E+16
31770,6,6,31,9,2018,6,14,5,3,2,6,0,0,1,0,0,0,0,0,5.48446E+20,5.60026E+21,9.68385E+15,5.05522E+16
31771,6,4,33,7,2018,6,10,5,3,2,6,0,0,1,0,0,1,0,0,4.67784E+20,5.5457E+21,8.54989E+15,5.00627E+16
31772,6,4,11,0,2018,6,12,2,3,2,6,0,1,1,0,0,0,0,0,4.75338E+20,5.52435E+21,8.6568E+15,4.9871E+16
31773,6,4,14,0,2018,6,21,2,2,9,1,0,0,1,0,0,0,0,0,4.48524E+20,5.55277E+21,8.27986E+15,5.01249E+16
31774,6,5,32,6,2018,6,11,5,3,5,3,0,0,1,0,0,0,0,0,4.50684E+20,5.62492E+21,8.30058E+15,5.0774E+16
31775,6,4,35,2,2018,6,15,6,3,8,1,0,0,0,0,1,0,0,0,5.25952E+20,5.56846E+21,9.36415E+15,5.02677E+16
31776,6,4,12,0,2018,6,15,6,3,2,6,0,0,1,0,0,0,0,0,4.7567E+20,5.55082E+21,8.65974E+15,5.01091E+16
31777,6,4,40,23,2018,6,12,2,3,2,6,0,0,1,0,0,0,0,0,4.76519E+20,5.57063E+21,8.6704E+15,5.02873E+16
31778,6,4,38,3,2018,6,15,4,3,2,2,0,0,1,0,0,0,0,0,4.74215E+20,5.53723E+21,8.64032E+15,4.99868E+16
31779,6,4,38,9,2018,6,17,4,3,5,2,0,0,1,0,1,0,0,0,4.78179E+20,5.54507E+21,8.69515E+15,5.00575E+16
31780,6,6,31,9,2018,6,10,2,3,2,6,0,0,1,0,1,0,0,0,5.49049E+20,5.6002E+21,9.69236E+15,5.05516E+16
31781,6,6,36,16,2018,6,18,6,3,5,3,0,0,1,0,0,0,0,0,5.56891E+20,5.68999E+21,9.81707E+15,5.13584E+16
31782,6,4,12,0,2018,6,13,2,3,2,6,0,0,1,0,0,0,0,0,4.66683E+20,5.55161E+21,8.534E+15,5.01158E+16
31783,6,4,31,13,2018,6,15,4,2,8,1,0,0,1,0,0,0,0,0,4.65253E+20,5.49442E+21,8.51912E+15,4.96013E+16
31784,6,4,14,0,2018,6,7,5,3,9,1,0,0,1,0,0,0,0,0,4.46587E+20,5.54693E+21,8.25359E+15,5.00723E+16
31785,6,6,34,15,2018,6,17,6,2,8,1,0,0,1,0,0,0,0,0,5.41249E+20,5.65778E+21,9.58873E+15,5.10701E+16
31786,6,4,12,0,2018,6,17,3,3,0,6,0,0,1,0,1,0,0,0,4.75752E+20,5.55006E+21,8.66094E+15,5.01023E+16
31787,6,6,35,21,2018,6,23,7,3,4,1,2,0,1,0,0,0,0,1,5.05766E+20,5.6772E+21,9.0826E+15,5.12461E+16
31788,6,6,33,28,2018,6,14,4,3,8,1,0,0,0,0,0,1,0,0,5.16662E+20,5.68318E+21,9.23899E+15,5.12997E+16
31789,6,4,11,0,2018,6,14,4,3,3,6,0,0,1,0,0,0,0,0,4.75254E+20,5.52384E+21,8.65565E+15,4.98665E+16
31790,6,4,33,12,2018,6,16,2,3,5,3,0,1,1,0,0,0,0,1,4.59598E+20,5.53629E+21,8.43651E+15,4.99776E+16
31791,6,6,33,6,2018,6,7,6,3,8,1,0,0,1,0,0,0,0,1,5.17176E+20,5.6766E+21,9.24606E+15,5.12405E+16
31792,6,4,35,10,2018,6,8,2,3,2,6,0,0,1,0,0,0,0,0,5.12967E+20,5.56002E+21,9.18166E+15,5.01923E+16
31793,6,5,33,18,2018,6,16,4,3,2,6,0,0,1,0,0,0,0,0,4.56819E+20,5.58917E+21,8.39174E+15,5.0453E+16
31794,6,4,14,0,2018,6,13,5,3,5,3,0,0,1,0,0,0,0,0,4.486E+20,5.55107E+21,8.28116E+15,5.01096E+16
31795,6,6,33,10,2018,6,8,6,3,8,1,0,0,1,0,0,0,0,0,5.30127E+20,5.70047E+21,9.4336E+15,5.14546E+16
31796,6,4,36,1,2018,6,9,3,3,0,1,0,1,0,0,0,0,0,0,4.64949E+20,5.55393E+21,8.50953E+15,5.01365E+16
31797,6,4,35,6,2018,6,16,3,3,6,6,0,0,0,1,1,0,0,0,4.93809E+20,5.55911E+21,8.91328E+15,5.01842E+16
31798,6,5,31,5,2018,6,12,1,3,2,6,0,0,1,0,0,0,0,0,4.73637E+20,5.59908E+21,8.62794E+15,5.05431E+16
31799,6,4,40,8,2018,6,21,6,2,4,6,1,0,1,0,0,0,0,0,4.84714E+20,5.57683E+21,8.78517E+15,5.03434E+16
31800,6,5,35,1,2018,6,13,1,3,2,6,0,0,1,0,0,0,0,0,5.29269E+20,5.62571E+21,9.41519E+15,5.07824E+16
31801,6,4,40,7,2018,6,6,3,3,9,1,0,0,1,0,0,0,0,1,4.90934E+20,5.57077E+21,8.87273E+15,5.0289E+16
31802,6,6,33,3,2018,6,18,6,3,2,6,0,0,1,0,0,0,0,0,5.27663E+20,5.67838E+21,9.39642E+15,5.12561E+16
31803,6,6,31,9,2018,6,6,3,2,5,3,0,1,1,0,0,0,0,0,5.46151E+20,5.60106E+21,9.65156E+15,5.05597E+16
31804,6,5,32,6,2018,6,14,3,3,2,6,0,0,1,0,0,0,0,0,4.49999E+20,5.62038E+21,8.29147E+15,5.07331E+16
31805,6,6,31,2,2018,6,20,6,3,2,6,0,0,1,0,0,0,0,0,5.52327E+20,5.61564E+21,9.74081E+15,5.06902E+16
31806,6,4,12,0,2018,6,18,7,3,2,6,0,0,1,0,0,0,0,0,4.7085E+20,5.54463E+21,8.59281E+15,5.00532E+16
31807,6,6,31,17,2018,6,12,7,2,4,6,0,0,1,0,0,0,0,0,5.49746E+20,5.59901E+21,9.70203E+15,5.05409E+16
31808,6,4,38,9,2018,6,17,2,3,1,5,0,1,1,0,0,0,0,0,4.78181E+20,5.54449E+21,8.69522E+15,5.00523E+16
31809,6,6,32,18,2018,6,20,6,2,1,7,1,0,1,0,0,0,1,0,5.54087E+20,5.64936E+21,9.7707E+15,5.09933E+16
31810,6,6,31,8,2018,6,0,5,3,2,6,2,0,0,0,0,1,1,0,5.39392E+20,5.58333E+21,9.55427E+15,5.04007E+16
31811,6,6,31,9,2018,6,15,5,3,5,2,0,1,1,0,0,0,0,0,5.49111E+20,5.60023E+21,9.69324E+15,5.05519E+16
31812,6,5,33,10,2018,6,15,2,3,5,3,0,0,1,0,0,1,0,0,4.48487E+20,5.59551E+21,8.27351E+15,5.05093E+16
31813,6,4,12,0,2018,6,9,2,3,5,3,0,1,1,0,0,0,0,0,4.78563E+20,5.55124E+21,8.70018E+15,5.0113E+16
31814,6,4,33,12,2018,6,17,5,3,5,2,0,0,1,0,0,0,0,0,4.54936E+20,5.5342E+21,8.37174E+15,4.99584E+16
31815,6,4,40,23,2018,6,1,6,2,8,1,2,0,1,0,0,0,0,0,4.79319E+20,5.57108E+21,8.70968E+15,5.02915E+16
31816,6,4,39,17,2018,6,13,6,3,8,1,0,0,1,0,0,0,0,1,4.38239E+20,5.54394E+21,8.13742E+15,5.00446E+16
31817,6,5,34,11,2018,6,7,2,3,0,7,0,0,0,0,1,0,0,0,4.90005E+20,5.62853E+21,8.85814E+15,5.08084E+16
31818,6,4,32,10,2018,6,7,4,3,2,6,0,0,1,0,0,0,0,0,4.9374E+20,5.52194E+21,8.91292E+15,4.98498E+16
31819,6,5,33,18,2018,6,9,4,3,2,2,0,1,1,0,0,0,0,0,4.55559E+20,5.58703E+21,8.37425E+15,5.04336E+16
31820,6,4,14,0,2018,6,10,1,3,2,6,0,1,1,0,0,0,0,0,4.42447E+20,5.5439E+21,8.19619E+15,5.00447E+16
31821,6,4,39,13,2018,6,1,6,3,9,1,2,0,1,0,0,0,0,0,4.24356E+20,5.53695E+21,7.94493E+15,4.99801E+16
31822,6,4,14,0,2018,6,16,1,3,5,3,0,1,1,0,0,0,0,0,4.45667E+20,5.54367E+21,8.2412E+15,5.00428E+16
31823,6,5,32,21,2018,6,20,4,3,7,7,1,0,0,0,1,0,0,0,4.58402E+20,5.59972E+21,8.41286E+15,5.0548E+16
31824,6,4,11,0,2018,6,14,5,3,2,6,0,0,1,0,0,0,0,0,4.73871E+20,5.52311E+21,8.63647E+15,4.98599E+16
31825,6,4,31,17,2018,6,11,6,2,6,4,0,0,1,1,0,1,0,0,4.81009E+20,5.49404E+21,8.73719E+15,4.95987E+16
31826,6,6,34,17,2018,6,11,1,3,5,3,0,1,1,0,0,0,0,0,5.29036E+20,5.6332E+21,9.41246E+15,5.08498E+16
31827,6,4,12,0,2018,6,10,2,3,2,6,0,0,1,0,0,0,0,0,4.81639E+20,5.5493E+21,8.74329E+15,5.00957E+16
31828,6,6,34,8,2018,6,17,3,3,2,2,0,0,1,0,0,0,0,0,5.34996E+20,5.67371E+21,9.50104E+15,5.12137E+16
31829,6,4,12,0,2018,6,10,7,3,3,6,0,0,1,0,1,0,0,0,4.76409E+20,5.54948E+21,8.67016E+15,5.00971E+16
31830,6,4,12,0,2018,6,14,6,3,2,6,0,0,1,0,0,0,0,0,4.70856E+20,5.55402E+21,8.59217E+15,5.01377E+16
31831,6,4,12,0,2018,6,10,7,2,3,6,0,0,1,0,1,0,0,0,4.76318E+20,5.54936E+21,8.6689E+15,5.0096E+16
31832,6,4,14,0,2018,6,5,3,3,9,1,1,0,1,0,0,0,0,1,4.53096E+20,5.55121E+21,8.34402E+15,5.01113E+16
31833,6,4,31,7,2018,6,17,6,3,2,6,0,0,1,0,0,0,0,0,4.84615E+20,5.50041E+21,8.78684E+15,4.9656E+16
31834,6,4,12,0,2018,6,13,3,3,5,3,0,0,1,0,0,0,1,0,4.66392E+20,5.55144E+21,8.52993E+15,5.01142E+16
31835,6,5,34,14,2018,6,19,3,3,5,3,1,0,1,0,0,0,0,0,4.82938E+20,5.62632E+21,8.75795E+15,5.07884E+16
31836,6,5,33,6,2018,6,13,6,3,2,6,0,0,1,0,0,0,0,0,4.29236E+20,5.58434E+21,8.00416E+15,5.04068E+16
31837,6,5,35,7,2018,6,7,6,3,5,3,0,0,1,0,1,0,0,0,5.23507E+20,5.59282E+21,9.33136E+15,5.04869E+16
31838,6,4,14,0,2018,6,20,6,3,5,2,0,0,1,0,1,0,0,0,4.44938E+20,5.54827E+21,8.23035E+15,5.00841E+16
31839,6,5,34,21,2018,6,14,6,3,5,3,0,0,1,0,0,0,0,0,4.81014E+20,5.6392E+21,8.72998E+15,5.09041E+16
31840,6,6,34,4,2018,6,11,7,3,8,1,0,0,0,0,1,0,0,0,5.3017E+20,5.64668E+21,9.42968E+15,5.09709E+16
31841,6,4,35,14,2018,6,7,3,3,5,2,0,0,1,0,0,0,0,1,4.95358E+20,5.55287E+21,8.93506E+15,5.01281E+16
31842,6,4,35,5,2018,6,10,6,3,5,3,0,1,1,0,0,0,0,0,5.20812E+20,5.5737E+21,9.29231E+15,5.0315E+16
31843,6,4,38,11,2018,6,18,3,3,2,6,0,0,1,0,0,0,0,0,4.91809E+20,5.54519E+21,8.88557E+15,5.00589E+16
31844,6,4,40,6,2018,6,14,3,3,2,6,0,0,1,0,0,0,0,0,4.91621E+20,5.58109E+21,8.88215E+15,5.03818E+16
31845,6,6,33,23,2018,6,18,6,3,8,1,0,0,1,0,0,0,0,0,5.25572E+20,5.68169E+21,9.36669E+15,5.12859E+16
31846,6,4,33,4,2018,6,22,7,1,9,1,2,0,1,0,0,0,0,1,4.67108E+20,5.51081E+21,8.54342E+15,4.97489E+16
31847,6,5,31,2,2018,6,12,6,3,0,7,0,0,0,0,1,0,0,0,4.69153E+20,5.61387E+21,8.56343E+15,5.06758E+16
31848,6,4,32,20,2018,6,19,2,3,8,1,0,0,1,0,0,0,0,1,4.82819E+20,5.52457E+21,8.76089E+15,4.98733E+16
31849,6,4,37,9,2018,6,10,6,2,5,3,0,0,1,0,0,0,0,0,4.98998E+20,5.51679E+21,8.98607E+15,4.98036E+16
31850,6,4,33,12,2018,6,0,5,3,9,1,2,0,1,0,0,0,0,0,4.61557E+20,5.53625E+21,8.46384E+15,4.99774E+16
31851,6,6,32,14,2018,6,17,5,3,2,6,0,0,1,0,0,0,1,0,5.3894E+20,5.64137E+21,9.55403E+15,5.09227E+16
31852,6,4,34,8,2018,6,17,2,3,5,2,0,1,1,0,0,0,0,0,4.6995E+20,5.56154E+21,8.5789E+15,5.02053E+16
31853,6,5,32,23,2018,6,10,5,3,2,6,0,0,1,0,0,0,0,0,4.6376E+20,5.59994E+21,8.48847E+15,5.05503E+16
31854,6,5,34,13,2018,6,9,6,1,4,1,0,0,1,0,0,0,0,0,4.76373E+20,5.61908E+21,8.66528E+15,5.0723E+16
31855,6,5,35,1,2018,6,23,6,3,2,6,2,0,1,0,0,0,0,0,5.23752E+20,5.62205E+21,9.33669E+15,5.07497E+16
31856,6,6,31,6,2018,6,16,2,3,3,6,0,0,1,0,0,1,0,0,5.46875E+20,5.59157E+21,9.66059E+15,5.04743E+16
31857,6,5,31,6,2018,6,12,4,3,5,3,0,0,1,0,0,0,0,0,4.97431E+20,5.60367E+21,8.96371E+15,5.05849E+16
31858,6,4,32,3,2018,6,16,4,3,5,2,0,0,0,0,1,0,1,0,4.72067E+20,5.5117E+21,8.61219E+15,4.97572E+16
31859,6,4,12,0,2018,6,23,1,3,2,6,2,0,1,0,0,0,0,0,4.78156E+20,5.55039E+21,8.69454E+15,5.01054E+16
31860,6,6,31,23,2018,6,9,6,3,2,2,0,0,1,0,0,0,1,0,5.71897E+20,5.60917E+21,1.00166E+16,5.063E+16
31861,6,4,12,0,2018,6,15,1,3,2,6,0,0,1,0,0,0,1,0,4.7786E+20,5.55316E+21,8.69024E+15,5.01303E+16
31862,6,6,32,12,2018,6,11,3,2,8,7,0,0,0,0,0,1,0,0,5.54261E+20,5.64267E+21,9.77218E+15,5.09332E+16
31863,6,4,38,5,2018,6,16,5,3,2,6,0,0,1,0,0,0,0,1,4.84733E+20,5.54358E+21,8.78678E+15,5.00443E+16
31864,6,6,31,20,2018,6,16,6,3,4,6,0,0,1,0,0,0,0,0,5.50239E+20,5.60107E+21,9.70928E+15,5.05594E+16