OBJECTID_1,ULAND,UREGBEZ,UKREIS,UGEMEINDE,UJAHR,UMONAT,USTUNDE,UWOCHENTAG,UKATEGORIE,UART,UTYP1,ULICHTVERH,IstRad,IstPKW,IstFuss,IstKrad,IstGkfz,IstSonstig,STRZUSTAND,LINREFX,LINREFY,XGCSWGS84,YGCSWGS84
31865,6,6,33,10,2018,6,14,1,2,3,7,0,0,1,0,0,0,0,0,5.28337E+20,5.70091E+21,9.40787E+15,5.14587E+16
31866,6,4,38,9,2018,6,0,3,3,3,6,2,0,1,0,0,0,0,0,4.78586E+20,5.54405E+21,8.7009E+15,5.00483E+16
31867,6,6,36,6,2018,6,13,6,2,3,7,0,0,1,0,1,0,0,0,5.49252E+20,5.67358E+21,9.70511E+15,5.12115E+16
31868,6,4,39,5,2018,6,7,7,3,3,6,0,1,1,0,0,0,0,0,4.29363E+20,5.55896E+21,8.0107E+15,5.01786E+16
31869,6,6,33,1,2018,6,11,5,3,8,1,0,0,1,0,0,0,0,1,5.29118E+20,5.69202E+21,9.41838E+15,5.13787E+16
31870,6,4,39,15,2018,6,13,7,3,5,2,0,0,1,0,0,0,0,0,4.4326E+20,5.55745E+21,8.20553E+15,5.01666E+16
31871,6,6,36,13,2018,6,10,2,3,5,2,0,0,1,0,0,0,0,0,5.81619E+20,5.67136E+21,1.01679E+16,5.11878E+16
31872,6,5,32,1,2018,6,20,6,2,5,2,0,0,1,0,0,0,0,0,4.59382E+20,5.60532E+21,8.42608E+15,5.05983E+16
31873,6,4,12,0,2018,6,14,1,2,0,1,0,1,0,0,0,0,0,0,4.655E+20,5.54897E+21,8.51768E+15,5.0092E+16
31874,6,6,32,9,2018,6,17,2,3,2,6,0,0,1,0,0,0,0,0,5.72234E+20,5.63919E+21,1.00272E+16,5.08998E+16
31875,6,4,35,14,2018,6,18,3,3,5,3,0,1,1,0,0,0,0,0,4.94513E+20,5.55311E+21,8.92323E+15,5.01302E+16
31876,6,6,33,26,2018,6,16,5,3,3,6,0,1,0,0,0,1,0,0,5.33223E+20,5.6898E+21,9.47716E+15,5.13585E+16
31877,6,4,36,5,2018,6,9,6,3,2,1,0,0,1,0,0,0,0,0,4.63737E+20,5.54589E+21,8.49333E+15,5.00642E+16
31878,6,5,31,6,2018,6,17,6,3,2,6,0,0,1,0,0,0,0,0,4.98536E+20,5.60473E+21,8.97932E+15,5.05944E+16
31879,6,4,14,0,2018,6,10,4,2,6,4,0,0,0,1,0,0,1,0,4.53339E+20,5.54593E+21,8.34806E+15,5.00638E+16
31880,6,4,14,0,2018,6,15,4,3,3,3,0,1,1,0,0,0,0,0,4.464E+20,5.54373E+21,8.25142E+15,5.00435E+16
31881,6,5,31,5,2018,6,10,6,3,5,2,0,0,1,0,0,0,0,0,4.79418E+20,5.60279E+21,8.70932E+15,5.05766E+16
31882,6,4,33,7,2018,6,21,2,3,0,1,2,1,0,0,0,0,0,0,4.66264E+20,5.54629E+21,8.5286E+15,5.0068E+16
31883,6,4,14,0,2018,6,15,4,3,3,2,0,0,0,0,0,0,1,0,4.44708E+20,5.54676E+21,8.22735E+15,5.00706E+16
31884,6,4,32,18,2018,6,14,6,3,2,6,0,0,1,0,0,0,0,0,4.69468E+20,5.51746E+21,8.57566E+15,4.98088E+16
31885,6,4,38,11,2018,6,14,6,3,2,6,0,0,1,0,0,0,0,0,4.91605E+20,5.54521E+21,8.88272E+15,5.00592E+16
31886,6,6,34,25,2018,6,1,1,3,4,6,2,0,1,0,0,0,0,1,5.22931E+20,5.66041E+21,9.32746E+15,5.10947E+16
31887,6,5,35,16,2018,6,20,3,2,8,1,0,0,0,0,1,0,0,0,5.09206E+20,5.59407E+21,9.1298E+15,5.04985E+16
31888,6,6,11,0,2018,6,10,4,3,2,6,0,0,1,0,0,0,1,0,5.33372E+20,5.68208E+21,9.47857E+15,5.12891E+16
31889,6,5,33,18,2018,6,16,1,2,3,6,0,0,0,0,1,0,1,0,4.56929E+20,5.58513E+21,8.39376E+15,5.04167E+16
31890,6,6,31,16,2018,6,15,6,3,8,7,0,0,0,0,0,1,0,0,5.52116E+20,5.58232E+21,9.73316E+15,5.03906E+16
31891,6,6,35,21,2018,6,16,4,2,8,1,0,0,0,0,1,0,0,0,5.04001E+20,5.67304E+21,9.05728E+15,5.12088E+16
31892,6,5,31,5,2018,6,16,4,3,5,2,0,0,1,0,1,0,0,0,4.77335E+20,5.6048E+21,8.67978E+15,5.05946E+16
31893,6,6,33,3,2018,6,13,6,3,2,1,0,0,1,0,0,0,0,0,5.30273E+20,5.67705E+21,9.4337E+15,5.1244E+16
31894,6,4,32,15,2018,6,8,2,3,2,6,0,0,1,0,0,1,0,0,4.90855E+20,5.52858E+21,8.87264E+15,4.99095E+16
31895,6,6,35,7,2018,6,13,4,3,4,6,0,0,1,0,0,0,1,0,4.86612E+20,5.68672E+21,8.80784E+15,5.13316E+16
31896,6,5,31,7,2018,6,16,6,3,2,6,0,0,1,0,0,0,0,0,4.74902E+20,5.60392E+21,8.64547E+15,5.05867E+16
31897,6,6,34,13,2018,6,6,6,3,8,1,0,0,1,0,0,0,0,1,5.34693E+20,5.6566E+21,9.49506E+15,5.10599E+16
31898,6,4,35,14,2018,6,18,3,3,3,6,0,0,1,0,0,0,0,0,4.94715E+20,5.55428E+21,8.92603E+15,5.01407E+16
31899,6,4,33,12,2018,6,16,4,3,4,1,0,0,1,0,0,0,0,0,4.58941E+20,5.53914E+21,8.42705E+15,5.00032E+16
31900,6,6,34,18,2018,6,15,1,2,8,1,0,0,1,0,0,0,0,1,5.22691E+20,5.67453E+21,9.32493E+15,5.12217E+16
31901,6,6,33,3,2018,6,13,6,3,2,6,0,0,1,0,0,0,0,0,5.31492E+20,5.67932E+21,9.45137E+15,5.12643E+16
31902,6,6,34,10,2018,6,10,6,3,0,1,0,0,0,0,1,0,0,1,5.11298E+20,5.6506E+21,9.16103E+15,5.10069E+16
31903,6,4,39,6,2018,6,10,1,2,8,1,0,1,0,0,0,0,0,0,4.3573E+20,5.56104E+21,8.0995E+15,5.01981E+16
31904,6,6,36,6,2018,6,17,3,3,8,6,0,0,1,0,0,0,0,0,5.50645E+20,5.673E+21,9.72498E+15,5.12062E+16
31905,6,4,31,17,2018,6,14,5,3,9,1,0,0,0,0,1,0,0,0,4.78273E+20,5.49671E+21,8.69919E+15,4.96226E+16
31906,6,4,12,0,2018,6,15,6,3,2,6,0,0,1,0,0,0,0,0,4.66879E+20,5.55171E+21,8.53672E+15,5.01167E+16
31907,6,6,36,10,2018,6,14,1,2,0,1,0,0,0,0,1,0,0,0,5.72599E+20,5.65939E+21,1.00364E+16,5.10814E+16
31908,6,4,31,6,2018,6,9,3,3,5,3,0,0,1,0,0,0,0,0,4.67663E+20,5.50264E+21,8.5518E+15,4.96754E+16
31909,6,4,12,0,2018,6,20,3,3,0,1,0,0,1,0,1,0,0,0,4.78702E+20,5.55228E+21,8.70206E+15,5.01224E+16
31910,6,6,34,18,2018,6,6,6,3,9,1,0,0,0,0,1,0,0,1,5.24448E+20,5.67363E+21,9.35002E+15,5.12135E+16
31911,6,4,40,20,2018,6,16,7,3,4,6,0,0,1,0,0,0,0,0,4.97273E+20,5.57885E+21,8.96167E+15,5.03617E+16
31912,6,4,12,0,2018,6,22,5,3,1,5,2,0,1,0,1,0,0,0,4.77446E+20,5.55424E+21,8.68438E+15,5.01399E+16
31913,6,4,31,7,2018,6,18,7,3,0,1,0,0,0,0,1,0,0,0,4.854E+20,5.50126E+21,8.79769E+15,4.96637E+16
31914,6,4,13,0,2018,6,5,2,3,5,3,0,1,1,0,0,0,0,1,4.84024E+20,5.54779E+21,8.7767E+15,5.00822E+16
31915,6,4,32,23,2018,6,6,6,3,7,7,0,0,1,0,0,0,1,0,4.71641E+20,5.52704E+21,8.60515E+15,4.98951E+16
31916,6,4,38,2,2018,6,15,5,2,1,5,0,1,1,0,0,0,0,0,4.79216E+20,5.5386E+21,8.71E+15,4.99993E+16
31917,6,4,14,0,2018,6,16,2,3,5,3,0,1,1,0,0,0,0,0,4.46126E+20,5.54361E+21,8.24761E+15,5.00424E+16
31918,6,4,40,5,2018,6,8,3,2,2,6,0,0,1,0,0,0,0,0,4.78764E+20,5.58342E+21,8.70118E+15,5.04025E+16
31919,6,4,14,0,2018,6,18,5,3,2,6,0,1,0,0,0,0,1,0,4.44594E+20,5.54664E+21,8.22577E+15,5.00695E+16
31920,6,6,33,29,2018,6,16,6,2,4,6,0,0,1,0,0,0,0,0,5.20179E+20,5.68687E+21,9.28966E+15,5.13328E+16
31921,6,4,12,0,2018,6,21,4,3,5,3,0,1,1,0,0,0,0,0,4.75127E+20,5.55048E+21,8.65217E+15,5.01061E+16
31922,6,4,13,0,2018,6,9,4,2,5,2,0,1,1,0,0,0,0,0,4.82508E+20,5.54863E+21,8.75547E+15,5.00897E+16
31923,6,5,31,9,2018,6,17,6,2,3,6,0,0,1,0,0,0,0,0,4.75196E+20,5.59393E+21,8.65029E+15,5.04968E+16
31924,6,5,31,12,2018,6,10,2,3,9,7,0,0,1,0,0,0,0,0,4.77092E+20,5.5994E+21,8.67668E+15,5.05461E+16
31925,6,6,11,0,2018,6,14,4,3,2,6,0,0,1,0,0,0,0,0,5.30883E+20,5.68029E+21,9.44272E+15,5.12731E+16
31926,6,6,35,9,2018,6,14,5,3,0,7,0,0,0,0,1,0,0,0,5.04192E+20,5.67213E+21,9.06E+15,5.12005E+16
31927,6,6,35,15,2018,5,19,5,3,5,3,0,0,1,0,0,0,0,0,4.8915E+20,5.67757E+21,8.84454E+15,5.12494E+16
31928,6,4,39,15,2018,6,23,1,3,8,1,2,0,0,0,1,0,0,0,4.41346E+20,5.5558E+21,8.17899E+15,5.01516E+16
31929,6,6,11,0,2018,6,15,3,3,3,2,0,1,1,0,0,0,0,0,5.34509E+20,5.68458E+21,9.49512E+15,5.13115E+16
31930,6,4,33,8,2018,6,6,4,2,9,1,0,0,0,0,1,0,0,0,4.7128E+20,5.53672E+21,8.59941E+15,4.99822E+16
31931,6,4,35,14,2018,6,12,1,2,5,2,0,1,1,0,0,0,0,0,4.91144E+20,5.55487E+21,8.87605E+15,5.0146E+16
31932,6,4,40,12,2018,6,22,6,2,5,2,1,0,1,0,0,0,0,0,4.81883E+20,5.5648E+21,8.74597E+15,5.02351E+16
31933,6,4,12,0,2018,6,1,1,3,5,3,2,0,1,0,0,0,1,0,4.80355E+20,5.55259E+21,8.72517E+15,5.01252E+16
31934,6,4,40,19,2018,6,15,3,2,8,1,0,0,0,0,0,0,1,0,5.09718E+20,5.57727E+21,9.13658E+15,5.03474E+16
31935,6,6,35,15,2018,5,13,5,3,4,6,0,0,1,0,0,0,1,0,4.92182E+20,5.68123E+21,8.8879E+15,5.12824E+16
31936,6,4,39,4,2018,6,13,1,3,5,3,0,0,1,0,1,0,0,0,4.27215E+20,5.53778E+21,7.98464E+15,4.99879E+16
31937,6,5,34,13,2018,6,6,3,3,5,3,0,0,1,0,0,0,0,0,4.72329E+20,5.61545E+21,8.60826E+15,5.06902E+16
31938,6,4,40,1,2018,6,16,3,3,8,1,0,0,1,0,0,0,0,0,4.93272E+20,5.57156E+21,8.90554E+15,5.02961E+16
31939,6,4,33,4,2018,6,14,6,3,2,6,0,0,1,0,0,1,0,0,4.63687E+20,5.51304E+21,8.49572E+15,4.97687E+16
31940,6,4,35,10,2018,6,19,7,2,2,6,0,0,1,0,0,0,0,1,5.12379E+20,5.55984E+21,9.17341E+15,5.01906E+16
31941,6,5,34,1,2018,6,12,7,2,5,3,0,0,1,0,1,0,0,0,4.93043E+20,5.62536E+21,8.90132E+15,5.07799E+16
31942,6,6,11,0,2018,6,19,2,2,5,3,0,0,1,0,1,0,0,0,5.32559E+20,5.68231E+21,9.46693E+15,5.12912E+16
31943,6,6,32,19,2018,5,19,5,2,4,1,0,0,1,0,0,0,1,0,5.60357E+20,5.63264E+21,9.85726E+15,5.08423E+16
31944,6,5,31,9,2018,6,15,5,2,5,3,0,0,1,0,0,0,0,1,4.73503E+20,5.5914E+21,8.62659E+15,5.0474E+16
31945,6,5,34,6,2018,6,0,5,2,8,1,2,0,1,0,0,0,0,0,4.87867E+20,5.63847E+21,8.82747E+15,5.08978E+16
31946,6,4,38,2,2018,6,6,6,3,2,6,0,0,1,0,0,0,0,0,4.81002E+20,5.5365E+21,8.73502E+15,4.99805E+16
31947,6,4,32,2,2018,6,16,1,2,5,3,0,0,1,0,0,0,0,0,4.96562E+20,5.53512E+21,8.95207E+15,4.99684E+16
31948,6,4,39,10,2018,6,9,3,3,4,6,0,0,1,0,0,0,1,1,4.1588E+20,5.54762E+21,7.8244E+15,5.00749E+16
31949,6,4,11,0,2018,6,11,5,3,2,6,0,0,1,0,0,0,0,0,4.73397E+20,5.51818E+21,8.63021E+15,4.98155E+16
31950,6,6,11,0,2018,5,10,5,2,0,7,0,1,0,0,0,0,0,0,5.37771E+20,5.68646E+21,9.54212E+15,5.13282E+16
31951,6,5,34,5,2018,6,18,3,3,2,6,0,0,1,0,0,0,1,0,4.6205E+20,5.63679E+21,8.46054E+15,5.08815E+16
31952,6,4,35,26,2018,6,16,3,3,5,3,0,0,1,0,1,0,0,0,4.90114E+20,5.56068E+21,8.86149E+15,5.01983E+16
31953,6,5,32,12,2018,6,7,6,3,2,6,0,0,1,0,0,0,0,1,4.50867E+20,5.61385E+21,8.30465E+15,5.06744E+16
31954,6,6,31,15,2018,6,14,7,2,9,1,0,0,1,0,0,0,0,0,5.53025E+20,5.61111E+21,9.75004E+15,5.06494E+16
31955,6,6,36,4,2018,6,20,5,3,9,1,0,0,1,0,0,0,0,0,5.54733E+20,5.67866E+21,9.78435E+15,5.12566E+16
31956,6,4,40,8,2018,6,14,7,3,4,6,0,0,1,0,0,0,0,0,4.80852E+20,5.5745E+21,8.73102E+15,5.03223E+16
31957,6,4,11,0,2018,6,16,2,2,5,3,0,1,1,0,0,0,0,1,4.75654E+20,5.52456E+21,8.66118E+15,4.9873E+16
31958,6,4,14,0,2018,5,19,5,3,3,2,0,0,1,0,0,0,1,0,4.44223E+20,5.54752E+21,8.22047E+15,5.00774E+16
31959,6,4,32,9,2018,6,11,5,3,4,6,0,0,1,0,0,0,0,0,4.87189E+20,5.51565E+21,8.822E+15,4.97932E+16
31960,6,4,12,0,2018,6,11,2,2,2,6,0,0,1,0,0,1,0,0,4.74646E+20,5.55021E+21,8.64546E+15,5.01036E+16
31961,6,6,33,17,2018,6,8,2,3,5,3,0,0,1,0,0,0,0,0,5.37375E+20,5.68019E+21,9.53578E+15,5.12718E+16
31962,6,6,35,13,2018,6,13,5,3,8,1,0,0,0,0,1,0,0,0,4.96883E+20,5.65833E+21,8.9555E+15,5.10765E+16
31963,6,4,39,4,2018,6,18,6,3,1,5,0,0,1,0,0,0,0,0,4.24915E+20,5.53689E+21,7.95274E+15,4.99796E+16
31964,6,4,37,9,2018,6,8,2,3,9,1,0,0,1,0,0,0,0,0,4.99478E+20,5.51372E+21,8.99275E+15,4.9776E+16
31965,6,4,35,27,2018,6,10,4,2,6,4,0,0,1,1,0,0,0,0,5.44372E+20,5.57358E+21,9.6232E+15,5.03127E+16
31966,6,6,36,16,2018,6,19,4,3,4,6,0,0,1,0,0,0,1,0,5.6054E+20,5.68729E+21,9.86903E+15,5.13337E+16
31967,6,6,31,9,2018,6,23,2,3,5,2,2,1,1,0,0,0,0,1,5.50172E+20,5.59993E+21,9.70818E+15,5.05492E+16
31968,6,4,12,0,2018,5,15,5,3,6,2,0,0,1,1,0,0,0,0,4.76121E+20,5.5593E+21,8.66551E+15,5.01854E+16
31969,6,6,34,2,2018,6,21,2,2,3,6,0,0,1,0,0,0,0,0,5.2966E+20,5.6752E+21,9.42477E+15,5.12274E+16
31970,6,4,31,11,2018,6,16,4,3,6,4,0,0,1,1,0,0,0,0,4.737E+20,5.49896E+21,8.63572E+15,4.96426E+16
31971,6,4,14,0,2018,6,23,5,3,5,3,2,0,1,0,0,0,0,0,4.49402E+20,5.54645E+21,8.29299E+15,5.00682E+16
31972,6,6,32,5,2018,5,9,5,3,0,7,0,0,1,0,0,0,1,0,5.60307E+20,5.65426E+21,9.86014E+15,5.10367E+16
31973,6,4,38,2,2018,6,11,1,3,3,6,0,0,1,0,1,0,0,0,4.8215E+20,5.53891E+21,8.75092E+15,5.00022E+16
31974,6,4,12,0,2018,6,13,3,2,0,7,0,1,0,0,0,0,0,0,4.68031E+20,5.55001E+21,8.55299E+15,5.01015E+16
31975,6,5,31,5,2018,6,11,3,3,5,3,0,1,1,0,0,0,0,0,4.75757E+20,5.6054E+21,8.65744E+15,5.06E+16
31976,6,4,32,18,2018,6,0,1,3,9,1,2,0,1,0,0,0,0,1,4.7069E+20,5.5202E+21,8.59243E+15,4.98335E+16
31977,6,4,31,2,2018,6,11,6,3,2,6,0,0,1,0,0,0,0,0,4.72026E+20,5.50269E+21,8.61226E+15,4.96761E+16
31978,6,5,32,20,2018,6,3,1,3,8,7,2,0,1,0,0,0,0,0,4.52027E+20,5.61123E+21,8.3214E+15,5.0651E+16
31979,6,5,34,15,2018,6,16,3,3,2,6,0,0,1,0,0,0,0,0,4.79988E+20,5.64507E+21,8.71507E+15,5.09569E+16
31980,6,4,39,8,2018,5,13,5,3,2,6,0,0,1,0,0,0,0,0,4.46736E+20,5.56345E+21,8.25336E+15,5.02208E+16
31981,6,4,35,14,2018,6,19,3,3,0,3,0,1,0,0,1,0,0,0,4.93068E+20,5.55419E+21,8.90299E+15,5.01399E+16
31982,6,4,32,14,2018,6,23,3,3,0,1,2,1,0,0,0,0,0,0,4.77896E+20,5.52049E+21,8.69262E+15,4.98364E+16
31983,6,5,32,23,2018,6,7,6,3,0,1,0,0,0,0,1,0,0,1,4.6547E+20,5.60159E+21,8.51244E+15,5.05652E+16
31984,6,4,36,6,2018,6,11,7,3,2,6,0,0,1,0,0,0,0,0,4.56767E+20,5.54498E+21,8.39605E+15,5.00555E+16
31985,6,4,33,12,2018,6,19,7,3,9,6,0,0,1,0,0,0,1,0,4.599E+20,5.53606E+21,8.44075E+15,4.99756E+16
31986,6,4,35,16,2018,6,18,2,3,8,1,0,0,1,0,0,0,0,1,5.26999E+20,5.56194E+21,9.37837E+15,5.0209E+16
31987,6,4,39,7,2018,5,13,5,3,8,1,0,0,0,0,1,0,0,0,4.41768E+20,5.56209E+21,8.18393E+15,5.02081E+16
31988,6,4,12,0,2018,6,17,5,3,2,6,0,0,1,0,0,0,0,0,4.74771E+20,5.54504E+21,8.64756E+15,5.00571E+16
31989,6,4,35,14,2018,6,20,5,3,3,6,0,0,1,0,0,0,0,0,4.92129E+20,5.55819E+21,8.88977E+15,5.01759E+16
31990,6,4,35,16,2018,6,17,2,3,4,6,0,0,1,0,1,0,0,0,5.36805E+20,5.56046E+21,9.51564E+15,5.01952E+16
31991,6,4,11,0,2018,6,9,2,3,4,6,0,1,1,0,0,0,0,0,4.7441E+20,5.52362E+21,8.64393E+15,4.98645E+16
31992,6,6,31,9,2018,6,14,5,2,3,6,0,0,1,0,0,0,0,0,5.48535E+20,5.60015E+21,9.6851E+15,5.05512E+16
31993,6,5,34,1,2018,6,16,6,3,2,2,0,0,1,0,0,0,0,0,4.92966E+20,5.6259E+21,8.90022E+15,5.07848E+16
31994,6,4,39,13,2018,5,15,5,3,0,1,0,0,0,0,0,0,1,0,4.23572E+20,5.53701E+21,7.93399E+15,4.99805E+16
31995,6,5,31,6,2018,6,6,2,2,5,3,0,0,1,0,0,0,0,0,4.93427E+20,5.60425E+21,8.90714E+15,5.05901E+16
31996,6,5,34,10,2018,6,17,4,3,2,6,0,0,1,0,0,1,0,0,4.70954E+20,5.62475E+21,8.58806E+15,5.07738E+16
31997,6,4,40,4,2018,6,18,4,2,2,6,0,0,1,0,0,0,1,0,5.1281E+20,5.5752E+21,9.17997E+15,5.03288E+16
31998,6,4,14,0,2018,6,15,1,3,2,6,0,0,1,0,0,0,0,0,4.48742E+20,5.54561E+21,8.28388E+15,5.00606E+16
31999,6,4,39,13,2018,5,14,5,3,0,6,0,0,1,0,1,0,0,0,4.22022E+20,5.53657E+21,7.91247E+15,4.99764E+16
32000,6,4,14,0,2018,6,14,1,3,6,4,0,0,1,1,0,0,0,0,4.48385E+20,5.54824E+21,8.27853E+15,5.00842E+16
32001,6,5,31,9,2018,6,12,4,3,5,3,0,0,1,0,0,0,0,0,4.74824E+20,5.59489E+21,8.64497E+15,5.05055E+16
32002,6,4,11,0,2018,6,16,5,3,6,2,0,0,1,1,0,0,0,0,4.75973E+20,5.52553E+21,8.66557E+15,4.98817E+16
32003,6,4,39,9,2018,6,14,2,3,6,4,0,1,1,1,0,0,0,0,4.34366E+20,5.54367E+21,8.08339E+15,5.00417E+16
32004,6,4,36,11,2018,6,16,2,3,2,6,0,0,1,0,0,0,0,0,4.66806E+20,5.55692E+21,8.53526E+15,5.01635E+16
32005,6,4,40,24,2018,6,17,5,3,2,6,0,0,1,0,0,0,0,0,4.90992E+20,5.58609E+21,8.87318E+15,5.04267E+16
32006,6,4,40,3,2018,6,13,6,3,2,6,0,0,1,0,0,0,0,0,4.81044E+20,5.5569E+21,8.7346E+15,5.01641E+16
32007,6,4,12,0,2018,5,7,5,2,5,3,0,0,1,0,0,0,0,0,4.80707E+20,5.55706E+21,8.72987E+15,5.01655E+16
32008,6,4,33,12,2018,6,16,2,3,5,3,0,0,1,0,0,0,0,0,4.58204E+20,5.53735E+21,8.41695E+15,4.9987E+16
32009,6,4,40,3,2018,6,12,4,3,2,6,0,0,1,0,0,0,0,0,4.81033E+20,5.55692E+21,8.73444E+15,5.01642E+16
32010,6,4,38,2,2018,6,9,4,3,0,7,0,0,1,0,1,0,0,0,4.75753E+20,5.54105E+21,8.66152E+15,5.00213E+16
32011,6,4,39,8,2018,6,18,2,3,2,6,0,0,1,0,0,0,0,1,4.46929E+20,5.56089E+21,8.25642E+15,5.01978E+16
32012,6,4,38,12,2018,5,0,5,2,0,7,2,0,0,0,1,0,0,0,4.8727E+20,5.53745E+21,8.82241E+15,4.99892E+16
32013,6,4,36,7,2018,6,16,2,3,2,6,0,0,1,0,0,0,0,0,4.57506E+20,5.54507E+21,8.40637E+15,5.00564E+16
32014,6,6,31,9,2018,6,12,4,3,2,6,0,0,1,0,0,0,0,0,5.49351E+20,5.59936E+21,9.69651E+15,5.05441E+16
32015,6,4,12,0,2018,6,20,5,3,0,7,0,1,0,0,0,0,0,1,4.80288E+20,5.55152E+21,8.72429E+15,5.01156E+16
32016,6,4,32,1,2018,5,14,5,2,2,6,0,1,1,0,0,0,0,0,4.7255E+20,5.50996E+21,8.61902E+15,4.97415E+16
32017,6,4,34,2,2018,6,12,1,3,2,6,0,0,1,0,0,0,0,0,4.75987E+20,5.57026E+21,8.66295E+15,5.0284E+16
32018,6,6,36,16,2018,6,11,3,3,5,2,0,0,1,0,0,0,0,0,5.59451E+20,5.68811E+21,9.85353E+15,5.13411E+16
32019,6,4,14,0,2018,6,13,7,3,5,3,0,0,1,0,0,0,0,0,4.45828E+20,5.54529E+21,8.2432E+15,5.00574E+16
32020,6,6,31,9,2018,6,10,6,2,5,3,0,1,1,0,0,0,0,0,5.47738E+20,5.59842E+21,9.67363E+15,5.05357E+16
32021,6,5,35,11,2018,6,16,7,3,2,6,0,0,1,0,1,0,0,0,5.2796E+20,5.60854E+21,9.39531E+15,5.0628E+16
32022,6,4,38,11,2018,6,21,3,3,9,1,2,0,1,0,0,0,0,0,4.92113E+20,5.54337E+21,8.88985E+15,5.00426E+16
32023,6,5,34,14,2018,5,5,5,3,9,1,0,0,1,0,0,0,0,0,4.82952E+20,5.62893E+21,8.75802E+15,5.08119E+16
32024,6,4,35,17,2018,6,16,3,3,2,6,0,0,1,0,0,0,0,0,5.05151E+20,5.5587E+21,9.07214E+15,5.01805E+16
32025,6,4,33,12,2018,6,8,3,3,2,6,0,0,1,0,0,0,0,0,4.60595E+20,5.53736E+21,8.45032E+15,4.99873E+16
32026,6,4,12,0,2018,6,12,6,3,3,6,0,0,1,0,0,0,0,0,4.74825E+20,5.54498E+21,8.64832E+15,5.00566E+16
32027,6,5,31,4,2018,6,18,7,1,8,1,0,0,1,0,0,0,0,1,4.84609E+20,5.59934E+21,8.78278E+15,5.05458E+16
32028,6,6,11,0,2018,6,7,6,2,5,3,0,1,1,0,0,0,0,1,5.38142E+20,5.68279E+21,9.54705E+15,5.12952E+16
32029,6,4,31,5,2018,6,17,2,3,4,6,0,0,1,0,0,0,0,1,4.61183E+20,5.49818E+21,8.46243E+15,4.96349E+16
32030,6,5,34,14,2018,5,20,5,3,9,1,0,0,1,0,0,0,0,0,4.75856E+20,5.63041E+21,8.6572E+15,5.08249E+16
32031,6,6,36,14,2018,6,17,4,3,5,3,0,0,1,0,0,0,0,0,5.6961E+20,5.66716E+21,9.99528E+15,5.11516E+16
32032,6,4,14,0,2018,6,8,5,3,3,1,0,0,1,0,0,1,0,0,4.53788E+20,5.54922E+21,8.35393E+15,5.00935E+16
32033,6,6,31,3,2018,5,11,5,2,5,3,0,0,1,0,0,0,0,0,5.55692E+20,5.59902E+21,9.78594E+15,5.05405E+16
32034,6,4,40,5,2018,6,19,2,3,5,3,0,0,1,0,1,0,0,0,4.7737E+20,5.5872E+21,8.68134E+15,5.04364E+16
32035,6,6,34,8,2018,6,11,5,3,2,6,0,0,1,0,0,0,0,0,5.33093E+20,5.67381E+21,9.47381E+15,5.12147E+16
32036,6,6,31,5,2018,6,16,6,3,9,1,0,0,1,0,0,0,0,0,5.72196E+20,5.59679E+21,1.00184E+16,5.05186E+16
32037,6,4,38,11,2018,5,13,5,3,2,6,0,0,1,0,0,0,0,0,4.9112E+20,5.54527E+21,8.87594E+15,5.00596E+16
32038,6,6,33,28,2018,6,10,2,2,8,1,0,0,0,0,0,1,0,0,5.13495E+20,5.69427E+21,9.19398E+15,5.13995E+16
32039,6,4,36,7,2018,6,16,4,3,2,6,0,0,1,0,0,0,0,0,4.56715E+20,5.545E+21,8.39533E+15,5.00557E+16
32040,6,4,31,13,2018,6,12,4,3,5,3,0,1,1,0,0,0,0,0,4.61673E+20,5.49352E+21,8.46967E+15,4.95931E+16
32041,6,4,37,12,2018,6,12,1,3,0,1,0,0,0,0,1,0,0,0,4.93899E+20,5.50482E+21,8.9154E+15,4.96959E+16
32042,6,6,32,15,2018,5,10,5,2,3,6,0,0,1,0,0,0,0,0,5.40202E+20,5.63029E+21,9.57076E+15,5.0823E+16
32043,6,4,12,0,2018,6,12,6,3,5,3,0,1,1,0,0,0,0,0,4.67629E+20,5.55014E+21,8.54734E+15,5.01027E+16
32044,6,6,11,0,2018,6,16,1,3,2,6,0,0,1,0,0,0,0,0,5.32718E+20,5.68154E+21,9.46914E+15,5.12842E+16
32045,6,4,14,0,2018,6,7,3,3,2,6,0,0,1,0,0,0,1,1,4.46515E+20,5.54692E+21,8.25258E+15,5.00721E+16
32046,6,4,34,4,2018,6,17,5,2,5,3,0,0,1,0,0,0,0,1,4.6029E+20,5.57964E+21,8.44165E+15,5.03675E+16
32047,6,6,36,5,2018,5,1,5,2,7,7,2,0,0,0,0,1,0,0,5.78043E+20,5.65203E+21,1.01126E+16,5.10145E+16
32048,6,4,31,17,2018,6,16,1,2,8,1,0,0,0,0,1,0,0,0,4.78708E+20,5.49634E+21,8.70523E+15,4.96192E+16
32049,6,4,34,8,2018,6,15,3,3,9,1,0,0,0,0,1,0,0,0,4.62773E+20,5.5639E+21,8.4781E+15,5.02261E+16
32050,6,6,36,16,2018,6,10,6,3,9,1,0,0,1,0,0,0,0,1,5.58855E+20,5.68081E+21,9.84377E+15,5.12756E+16
32051,6,4,36,4,2018,6,15,7,3,8,1,0,0,0,0,1,0,0,0,4.59891E+20,5.54429E+21,8.43976E+15,5.00495E+16
32052,6,4,12,0,2018,6,12,5,3,5,2,0,1,1,0,0,0,0,0,4.6821E+20,5.5514E+21,8.55537E+15,5.0114E+16
32053,6,4,39,12,2018,6,13,7,3,5,3,0,0,1,0,0,0,0,0,4.29779E+20,5.53922E+21,8.02014E+15,5.00011E+16
32054,6,6,11,0,2018,6,14,2,2,7,7,0,0,1,0,0,0,0,0,5.35671E+20,5.68288E+21,9.51161E+15,5.12961E+16