OBJECTID_1,ULAND,UREGBEZ,UKREIS,UGEMEINDE,UJAHR,UMONAT,USTUNDE,UWOCHENTAG,UKATEGORIE,UART,UTYP1,ULICHTVERH,IstRad,IstPKW,IstFuss,IstKrad,IstGkfz,IstSonstig,STRZUSTAND,LINREFX,LINREFY,XGCSWGS84,YGCSWGS84
32055,6,4,12,0,2018,5,17,5,3,9,1,0,0,1,0,0,0,0,1,4.72039E+20,5.55004E+21,8.60902E+15,5.0102E+16
32056,6,4,35,28,2018,6,16,5,2,5,3,0,0,1,0,0,0,0,0,5.30945E+20,5.57395E+21,9.43466E+15,5.03168E+16
32057,6,6,36,14,2018,5,20,4,3,8,6,0,0,1,0,0,0,0,0,5.68082E+20,5.66824E+21,9.97364E+15,5.11616E+16
32058,6,5,34,3,2018,6,16,1,3,2,2,0,0,1,0,0,0,0,0,4.64248E+20,5.62228E+21,8.49319E+15,5.07512E+16
32059,6,6,33,10,2018,6,21,3,3,2,6,1,0,1,0,0,0,0,0,5.32106E+20,5.70251E+21,9.46226E+15,5.14728E+16
32060,6,4,37,1,2018,6,17,7,2,0,1,0,0,0,0,1,0,0,1,4.99334E+20,5.50812E+21,8.99076E+15,4.97255E+16
32061,6,4,32,23,2018,6,11,6,3,3,1,0,0,1,0,0,1,0,0,4.71716E+20,5.52745E+21,8.60616E+15,4.98988E+16
32062,6,4,12,0,2018,6,20,7,2,3,2,0,0,1,0,0,0,1,0,4.76019E+20,5.55014E+21,8.66467E+15,5.0103E+16
32063,6,4,12,0,2018,6,18,2,3,5,2,0,0,1,0,0,0,0,1,4.66516E+20,5.54326E+21,8.53239E+15,5.00407E+16
32064,6,6,35,15,2018,5,20,4,3,1,7,0,0,1,0,0,0,0,0,4.90735E+20,5.68066E+21,8.86717E+15,5.12772E+16
32065,6,4,14,0,2018,6,17,3,3,2,6,0,0,1,0,0,0,1,0,4.50062E+20,5.54451E+21,8.30246E+15,5.00508E+16
32066,6,6,31,3,2018,6,12,3,2,5,3,0,0,1,0,0,0,0,0,5.55693E+20,5.59902E+21,9.78596E+15,5.05405E+16
32067,6,6,32,11,2018,6,7,5,3,5,3,0,0,1,0,1,0,0,0,5.40419E+20,5.63233E+21,9.57407E+15,5.08413E+16
32068,6,6,11,0,2018,6,22,6,3,0,7,2,1,0,0,0,0,0,0,5.33353E+20,5.68501E+21,9.47857E+15,5.13154E+16
32069,6,4,12,0,2018,6,6,6,3,2,7,0,1,1,0,0,0,0,0,4.69075E+20,5.54966E+21,8.5676E+15,5.00984E+16
32070,6,6,32,19,2018,5,18,4,3,5,3,0,0,1,0,0,0,0,0,5.58741E+20,5.62783E+21,9.83354E+15,5.07992E+16
32071,6,6,11,0,2018,6,16,4,3,2,6,0,0,1,0,1,0,0,0,5.37998E+20,5.68261E+21,9.54496E+15,5.12935E+16
32072,6,6,36,14,2018,6,6,4,3,5,3,0,0,1,0,0,0,0,0,5.68997E+20,5.66754E+21,9.9866E+15,5.11551E+16
32073,6,6,32,2,2018,5,16,4,3,0,7,0,1,1,0,0,0,0,0,5.49553E+20,5.63506E+21,9.70415E+15,5.08651E+16
32074,6,4,32,22,2018,6,16,2,3,5,3,0,0,1,0,0,0,0,0,4.7451E+20,5.51325E+21,8.646E+15,4.97712E+16
32075,6,6,32,9,2018,6,5,4,3,2,6,0,1,1,0,0,0,0,0,5.69953E+20,5.63486E+21,9.99397E+15,5.08612E+16
32076,6,5,35,1,2018,6,15,6,3,2,6,0,0,1,0,0,0,1,0,5.18989E+20,5.62101E+21,9.26912E+15,5.07406E+16
32077,6,6,32,15,2018,5,14,4,3,2,6,0,0,1,0,0,0,0,0,5.43374E+20,5.62835E+21,9.61556E+15,5.08053E+16
32078,6,4,31,3,2018,6,3,1,3,9,1,2,0,1,0,0,0,0,0,4.6082E+20,5.50373E+21,8.45685E+15,4.96848E+16
32079,6,6,34,9,2018,6,17,3,2,2,1,0,0,1,0,0,0,0,0,5.30465E+20,5.65268E+21,9.4344E+15,5.10249E+16
32080,6,4,35,14,2018,6,15,4,3,2,6,0,0,1,0,0,0,0,0,4.93521E+20,5.55483E+21,8.90932E+15,5.01457E+16
32081,6,4,39,6,2018,6,9,1,3,7,7,0,1,0,0,0,0,0,0,4.35221E+20,5.55476E+21,8.09344E+15,5.01416E+16
32082,6,6,33,23,2018,6,15,6,3,8,1,0,0,1,0,0,0,0,1,5.21379E+20,5.68222E+21,9.30659E+15,5.12909E+16
32083,6,4,38,4,2018,6,21,1,3,2,6,0,0,1,0,0,0,0,0,4.9704E+20,5.54691E+21,8.95863E+15,5.00745E+16
32084,6,6,11,0,2018,6,17,3,3,1,5,0,1,1,0,0,0,0,0,5.31458E+20,5.68565E+21,9.45144E+15,5.13212E+16
32085,6,5,32,10,2018,6,6,5,3,1,5,0,0,1,0,0,0,1,0,4.43589E+20,5.60387E+21,8.20318E+15,5.0584E+16
32086,6,6,32,16,2018,5,10,4,3,5,3,0,1,1,0,0,0,0,0,5.68923E+20,5.63268E+21,9.97892E+15,5.08417E+16
32087,6,4,33,5,2018,6,0,1,3,0,1,2,1,0,0,0,0,0,0,4.53062E+20,5.53564E+21,8.34544E+15,4.99712E+16
32088,6,4,38,12,2018,6,18,3,2,5,3,0,1,1,0,0,0,0,0,4.88054E+20,5.53488E+21,8.83343E+15,4.99661E+16
32089,6,4,36,4,2018,6,9,2,3,8,7,0,0,0,0,0,0,1,0,4.58751E+20,5.54317E+21,8.42397E+15,5.00394E+16
32090,6,4,11,0,2018,6,11,3,3,5,2,0,1,1,0,0,0,0,0,4.74652E+20,5.52346E+21,8.64731E+15,4.9863E+16
32091,6,4,34,9,2018,6,7,6,3,5,3,0,0,1,0,0,0,1,0,4.61585E+20,5.57064E+21,8.46077E+15,5.02866E+16
32092,6,4,32,8,2018,6,17,7,2,5,3,0,1,0,0,0,0,1,0,4.6817E+20,5.52315E+21,8.55715E+15,4.98599E+16
32093,6,4,12,0,2018,6,14,5,3,2,6,0,0,1,0,0,0,1,0,4.74414E+20,5.55013E+21,8.64222E+15,5.01028E+16
32094,6,5,32,10,2018,6,19,7,2,9,1,0,0,1,0,0,0,0,0,4.47344E+20,5.60657E+21,8.25583E+15,5.06087E+16
32095,6,4,12,0,2018,6,15,2,3,1,7,0,0,1,0,0,0,0,0,4.70385E+20,5.55245E+21,8.58571E+15,5.01236E+16
32096,6,5,35,16,2018,5,19,4,3,8,1,0,0,0,0,1,0,0,0,5.11903E+20,5.58972E+21,9.16769E+15,5.04593E+16
32097,6,4,34,7,2018,6,10,5,1,4,6,0,0,1,0,0,1,0,0,4.65546E+20,5.57109E+21,8.51632E+15,5.0291E+16
32098,6,4,12,0,2018,6,11,2,3,5,3,0,1,1,0,0,0,0,0,4.73236E+20,5.54996E+21,8.62576E+15,5.01013E+16
32099,6,4,40,23,2018,6,15,3,3,2,6,0,0,1,0,0,0,0,0,4.76391E+20,5.57001E+21,8.66863E+15,5.02818E+16
32100,6,4,12,0,2018,6,15,5,2,0,6,0,0,0,0,0,0,1,0,4.79421E+20,5.55368E+21,8.71204E+15,5.0135E+16
32101,6,6,11,0,2018,6,14,6,3,5,3,0,0,1,0,0,0,0,0,5.31549E+20,5.68418E+21,9.45262E+15,5.1308E+16
32102,6,6,36,16,2018,6,9,4,3,5,3,0,0,1,0,0,0,0,0,5.59543E+20,5.68864E+21,9.85494E+15,5.13459E+16
32103,6,4,12,0,2018,6,18,4,3,5,3,0,1,1,0,0,0,0,0,4.80405E+20,5.55234E+21,8.72588E+15,5.01229E+16
32104,6,5,33,5,2018,5,17,4,2,5,3,0,0,1,0,0,1,0,0,4.33683E+20,5.59526E+21,8.0648E+15,5.05055E+16
32105,6,4,35,7,2018,6,14,2,2,9,1,0,0,1,0,0,0,0,0,4.99529E+20,5.55458E+21,8.99341E+15,5.01435E+16
32106,6,4,39,8,2018,6,14,4,3,5,3,0,0,1,0,0,0,0,0,4.4986E+20,5.56857E+21,8.29647E+15,5.02672E+16
32107,6,6,11,0,2018,6,7,5,3,2,6,0,0,1,0,0,0,1,0,5.35766E+20,5.68709E+21,9.51341E+15,5.1334E+16
32108,6,6,33,9,2018,5,18,4,2,4,6,0,0,0,0,1,0,1,0,5.42212E+20,5.69509E+21,9.60688E+15,5.14054E+16
32109,6,5,34,20,2018,6,19,1,3,5,2,0,0,1,0,1,0,0,0,4.78989E+20,5.62018E+21,8.70227E+15,5.07331E+16
32110,6,6,11,0,2018,6,19,2,3,5,3,0,1,1,0,0,0,0,0,5.37027E+20,5.68346E+21,9.53112E+15,5.13012E+16
32111,6,5,31,10,2018,6,13,3,2,8,1,0,0,0,0,1,0,0,0,5.02541E+20,5.59814E+21,9.03585E+15,5.05352E+16
32112,6,6,11,0,2018,6,12,5,3,2,6,0,0,1,0,0,0,0,0,5.34335E+20,5.6851E+21,9.49267E+15,5.13162E+16
32113,6,4,12,0,2018,6,14,6,3,5,3,0,1,1,0,0,0,0,0,4.76396E+20,5.55042E+21,8.66992E+15,5.01056E+16
32114,6,4,14,0,2018,5,15,4,3,5,2,0,0,1,0,0,0,0,0,4.48985E+20,5.54107E+21,8.28787E+15,5.00197E+16
32115,6,4,13,0,2018,6,7,4,3,6,7,0,1,0,1,0,0,0,0,4.83643E+20,5.54808E+21,8.77136E+15,5.00848E+16
32116,6,4,14,0,2018,6,13,4,3,5,2,0,0,1,0,0,0,0,0,4.44399E+20,5.54755E+21,8.22292E+15,5.00776E+16
32117,6,4,14,0,2018,5,22,4,3,2,6,2,0,1,0,1,0,0,0,4.45347E+20,5.54817E+21,8.23608E+15,5.00833E+16
32118,6,6,31,9,2018,6,16,2,3,0,6,0,0,1,0,1,0,0,0,5.48002E+20,5.59845E+21,9.67735E+15,5.0536E+16
32119,6,4,13,0,2018,6,21,4,3,5,3,1,1,1,0,0,0,0,0,4.82724E+20,5.54991E+21,8.75843E+15,5.01012E+16
32120,6,5,32,14,2018,6,22,6,3,9,1,2,0,1,0,0,0,0,0,4.74802E+20,5.59603E+21,8.64459E+15,5.05157E+16
32121,6,4,14,0,2018,5,15,4,3,6,4,0,0,0,1,0,0,1,0,4.45382E+20,5.54769E+21,8.23663E+15,5.0079E+16
32122,6,6,31,7,2018,6,10,1,3,8,1,0,0,1,0,0,0,0,0,5.60326E+20,5.62017E+21,9.85478E+15,5.07302E+16
32123,6,6,11,0,2018,6,15,3,3,3,6,0,0,1,1,0,0,0,0,5.3389E+20,5.68595E+21,9.48637E+15,5.13239E+16
32124,6,6,32,14,2018,6,12,4,2,3,6,0,0,1,0,0,1,0,0,5.40853E+20,5.63764E+21,9.58082E+15,5.0889E+16
32125,6,4,11,0,2018,6,13,1,3,2,6,0,0,1,0,0,0,0,0,4.71505E+20,5.52384E+21,8.60349E+15,4.98663E+16
32126,6,5,33,17,2018,6,19,6,3,8,1,0,0,1,0,0,0,0,0,4.4416E+20,5.5899E+21,8.21334E+15,5.04584E+16
32127,6,4,32,19,2018,6,15,1,2,5,3,0,0,1,0,1,0,0,0,4.88139E+20,5.52178E+21,8.83501E+15,4.98483E+16
32128,6,5,33,10,2018,6,20,3,2,5,3,0,0,1,0,0,0,0,0,4.47185E+20,5.60014E+21,8.2545E+15,5.05508E+16
32129,6,4,31,21,2018,6,19,5,2,5,3,0,0,1,0,0,0,1,0,4.89424E+20,5.49397E+21,8.85365E+15,4.95982E+16
32130,6,4,36,3,2018,5,16,4,3,3,6,0,0,1,0,0,0,0,0,4.68857E+20,5.55332E+21,8.56427E+15,5.01313E+16
32131,6,6,31,9,2018,6,14,1,3,5,3,0,1,1,0,0,0,0,0,5.48281E+20,5.59998E+21,9.68149E+15,5.05498E+16
32132,6,4,31,2,2018,6,8,3,3,2,6,0,0,1,0,0,0,0,0,4.73074E+20,5.50192E+21,8.62684E+15,4.96692E+16
32133,6,4,36,8,2018,6,16,3,3,6,2,0,0,1,1,0,0,0,0,4.60295E+20,5.55427E+21,8.44438E+15,5.01393E+16
32134,6,4,32,10,2018,6,14,6,3,2,6,0,0,1,0,0,1,0,0,4.93445E+20,5.52476E+21,8.90878E+15,4.98752E+16
32135,6,4,35,14,2018,6,23,7,3,4,6,2,0,1,0,0,0,0,1,4.94825E+20,5.55261E+21,8.9276E+15,5.01257E+16
32136,6,6,33,21,2018,6,12,5,3,9,1,0,0,1,0,0,0,0,1,5.45686E+20,5.71526E+21,9.65943E+15,5.15866E+16
32137,6,4,31,2,2018,6,12,7,3,1,5,0,1,1,0,0,0,0,0,4.72666E+20,5.50343E+21,8.62109E+15,4.96828E+16
32138,6,6,35,9,2018,6,11,2,3,4,6,0,0,0,0,0,1,1,0,5.04196E+20,5.66899E+21,9.06002E+15,5.11723E+16
32139,6,4,12,0,2018,5,15,4,3,2,6,0,0,1,0,0,0,0,0,4.68579E+20,5.55002E+21,8.56065E+15,5.01016E+16
32140,6,4,33,2,2018,6,8,5,2,5,3,0,0,1,0,0,0,1,0,4.53206E+20,5.5363E+21,8.34737E+15,4.99772E+16
32141,6,4,33,12,2018,6,17,5,3,0,6,0,0,1,0,1,0,0,0,4.59323E+20,5.53666E+21,8.43265E+15,4.99809E+16
32142,6,4,11,0,2018,6,8,2,3,5,2,0,1,1,0,0,0,0,0,4.74243E+20,5.52442E+21,8.64155E+15,4.98716E+16
32143,6,4,12,0,2018,6,21,2,3,0,6,0,0,1,0,0,0,0,0,4.72618E+20,5.54756E+21,8.61729E+15,5.00797E+16
32144,6,4,14,0,2018,6,12,2,3,2,6,0,0,1,0,0,0,0,0,4.4929E+20,5.54189E+21,8.29202E+15,5.00272E+16
32145,6,4,39,2,2018,6,10,5,2,6,2,0,0,0,1,0,0,1,0,4.33416E+20,5.55456E+21,8.06822E+15,5.01395E+16
32146,6,4,36,2,2018,6,12,6,2,4,1,0,0,1,0,0,0,0,0,4.55886E+20,5.55465E+21,8.38263E+15,5.01424E+16
32147,6,4,32,20,2018,6,15,2,3,0,7,0,0,1,0,0,0,0,0,4.83944E+20,5.52494E+21,8.77653E+15,4.98767E+16
32148,6,4,38,8,2018,6,14,4,2,3,3,0,1,0,0,1,0,0,0,4.8961E+20,5.5512E+21,8.85468E+15,5.0113E+16
32149,6,6,33,5,2018,6,15,4,1,2,1,0,0,1,0,0,0,0,0,5.2873E+20,5.69519E+21,9.41307E+15,5.14072E+16
32150,6,6,31,9,2018,6,13,2,3,2,6,0,0,1,0,0,1,0,0,5.49829E+20,5.60305E+21,9.70375E+15,5.05772E+16
32151,6,4,12,0,2018,5,17,4,3,2,6,0,0,1,0,1,0,0,0,4.80643E+20,5.55675E+21,8.72898E+15,5.01626E+16
32152,6,4,12,0,2018,6,17,2,3,3,6,0,0,1,0,0,1,0,0,4.79887E+20,5.54583E+21,8.71898E+15,5.00644E+16
32153,6,5,32,11,2018,6,13,4,3,1,5,0,0,1,0,0,0,1,0,4.42335E+20,5.62395E+21,8.18233E+15,5.07644E+16
32154,6,4,14,0,2018,6,17,5,3,4,1,0,0,1,0,0,0,0,0,4.43509E+20,5.55137E+21,8.20992E+15,5.01119E+16
32155,6,4,12,0,2018,5,10,4,3,2,6,0,0,1,0,0,0,0,0,4.7842E+20,5.55414E+21,8.69802E+15,5.01391E+16
32156,6,4,35,14,2018,6,17,1,3,8,1,0,0,0,0,1,0,0,0,4.92246E+20,5.5579E+21,8.89141E+15,5.01733E+16
32157,6,4,12,0,2018,6,17,3,3,6,4,0,0,1,1,0,0,0,0,4.80499E+20,5.54984E+21,8.72732E+15,5.01005E+16
32158,6,6,36,3,2018,6,12,7,3,8,1,0,0,0,0,1,0,0,0,5.73599E+20,5.67114E+21,1.00531E+16,5.11869E+16
32159,6,4,33,8,2018,6,7,6,3,2,6,0,0,1,0,1,0,0,0,4.68493E+20,5.53571E+21,8.56062E+15,4.99729E+16
32160,6,6,35,7,2018,6,14,7,3,8,1,0,0,0,0,1,0,0,0,4.80063E+20,5.68808E+21,8.71375E+15,5.13437E+16
32161,6,6,31,18,2018,6,12,3,3,6,7,0,0,1,1,0,0,0,0,5.48059E+20,5.59048E+21,9.67714E+15,5.04644E+16
32162,6,4,12,0,2018,5,8,4,3,2,6,0,1,0,0,0,0,0,0,4.78239E+20,5.55349E+21,8.69552E+15,5.01333E+16
32163,6,5,32,14,2018,6,16,1,2,5,3,0,0,1,0,1,0,0,0,4.71061E+20,5.5951E+21,8.5919E+15,5.05071E+16
32164,6,5,31,5,2018,6,19,3,3,2,6,0,0,1,0,0,0,0,0,4.7647E+20,5.60318E+21,8.66765E+15,5.058E+16
32165,6,4,32,9,2018,6,13,3,3,5,3,0,1,1,0,0,0,0,0,4.87553E+20,5.51655E+21,8.82703E+15,4.98013E+16
32166,6,5,31,5,2018,6,5,6,3,5,3,1,0,1,0,0,0,0,1,4.74966E+20,5.6001E+21,8.64663E+15,5.05523E+16
32167,6,4,14,0,2018,6,10,7,2,2,6,0,0,1,0,0,0,0,0,4.53213E+20,5.55093E+21,8.34568E+15,5.01088E+16
32168,6,4,13,0,2018,6,11,3,3,5,3,0,0,1,0,0,0,0,0,4.81805E+20,5.54805E+21,8.74567E+15,5.00845E+16
32169,6,5,31,12,2018,6,17,4,3,2,6,0,0,1,0,0,1,1,0,4.74551E+20,5.59688E+21,8.64098E+15,5.05233E+16
32170,6,5,31,5,2018,6,22,1,3,5,2,2,0,1,0,0,0,0,0,4.79237E+20,5.60288E+21,8.70676E+15,5.05775E+16
32171,6,4,32,5,2018,6,15,6,2,5,2,0,1,1,0,0,0,0,0,4.90186E+20,5.53286E+21,8.86321E+15,4.9948E+16
32172,6,6,35,8,2018,6,0,1,3,2,6,2,0,1,0,0,0,1,0,5.05308E+20,5.70282E+21,9.07643E+15,5.14766E+16
32173,6,5,32,6,2018,6,15,3,3,3,6,0,0,1,0,0,0,0,0,4.51049E+20,5.62105E+21,8.30627E+15,5.07392E+16
32174,6,4,12,0,2018,5,10,4,3,5,3,0,0,1,0,0,0,0,0,4.79471E+20,5.5511E+21,8.71288E+15,5.01118E+16
32175,6,4,38,12,2018,6,18,1,2,9,6,0,0,1,0,1,0,0,0,4.89228E+20,5.53419E+21,8.84982E+15,4.996E+16
32176,6,6,31,11,2018,6,19,3,2,8,1,0,0,0,0,1,0,0,0,5.3756E+20,5.60472E+21,9.53065E+15,5.05932E+16
32177,6,5,32,12,2018,6,7,3,3,0,7,0,0,1,0,0,0,0,0,4.51366E+20,5.61666E+21,8.31133E+15,5.06997E+16
32178,6,5,34,14,2018,6,8,6,3,5,2,0,0,1,0,0,0,0,1,4.86604E+20,5.62956E+21,8.80983E+15,5.08176E+16
32179,6,4,12,0,2018,6,18,7,3,9,1,0,0,1,0,0,0,0,1,4.6624E+20,5.55133E+21,8.52782E+15,5.01133E+16
32180,6,6,31,6,2018,6,16,7,2,0,7,0,0,1,0,0,0,0,0,5.48964E+20,5.59239E+21,9.69014E+15,5.04814E+16
32181,6,4,39,3,2018,6,19,2,3,2,6,0,0,1,0,0,0,0,1,4.36118E+20,5.54225E+21,8.10808E+15,5.00291E+16
32182,6,4,32,23,2018,5,19,4,3,2,6,0,0,1,0,0,0,0,0,4.72502E+20,5.52724E+21,8.61712E+15,4.98969E+16
32183,6,4,35,14,2018,6,18,5,3,8,1,0,0,1,0,0,0,0,0,4.96704E+20,5.55503E+21,8.95387E+15,5.01475E+16
32184,6,6,31,6,2018,6,8,5,3,4,7,0,0,1,0,0,0,0,0,5.49216E+20,5.59398E+21,9.6939E+15,5.04957E+16
32185,6,4,34,8,2018,6,17,2,2,2,6,0,0,1,0,1,0,0,0,4.71797E+20,5.56221E+21,8.60473E+15,5.02114E+16
32186,6,4,12,0,2018,6,8,2,3,6,4,0,0,1,1,0,0,0,0,4.79834E+20,5.55412E+21,8.7178E+15,5.0139E+16
32187,6,4,31,15,2018,6,16,5,2,8,1,0,0,0,0,1,0,0,0,4.84975E+20,5.50385E+21,8.7917E+15,4.9687E+16
32188,6,5,32,6,2018,6,18,6,3,1,1,0,0,1,0,0,0,0,1,4.53679E+20,5.6205E+21,8.3436E+15,5.07345E+16
32189,6,4,11,0,2018,5,23,4,3,5,3,2,0,1,0,1,0,0,0,4.74252E+20,5.5244E+21,8.64168E+15,4.98714E+16
32190,6,4,33,12,2018,6,12,2,3,5,3,0,1,1,0,0,0,0,0,4.59173E+20,5.53702E+21,8.43051E+15,4.99841E+16
32191,6,4,38,12,2018,6,18,4,3,5,3,0,0,1,0,0,0,0,0,4.84668E+20,5.53584E+21,8.78618E+15,4.99747E+16
32192,6,5,33,18,2018,6,17,4,3,8,6,0,0,1,0,0,0,1,0,4.53482E+20,5.58689E+21,8.34503E+15,5.04322E+16
32193,6,6,11,0,2018,6,10,1,2,5,2,0,0,1,0,0,0,0,1,5.35913E+20,5.68752E+21,9.51555E+15,5.13378E+16
32194,6,4,11,0,2018,5,7,4,3,5,3,0,1,1,0,0,0,0,0,4.74242E+20,5.5244E+21,8.64154E+15,4.98714E+16
32195,6,6,11,0,2018,6,0,1,3,5,3,2,0,1,0,0,0,0,0,5.38927E+20,5.68427E+21,9.55846E+15,5.13084E+16
32196,6,5,32,23,2018,6,7,4,3,3,2,0,1,1,0,0,0,0,0,4.65668E+20,5.60014E+21,8.51538E+15,5.05522E+16
32197,6,4,11,0,2018,6,13,5,2,5,3,0,1,1,0,0,0,0,0,4.74085E+20,5.52438E+21,8.63936E+15,4.98713E+16
32198,6,6,34,19,2018,5,22,4,2,8,1,1,0,1,0,0,0,0,0,5.31799E+20,5.63128E+21,9.45154E+15,5.08323E+16
32199,6,4,38,11,2018,6,19,1,3,2,6,0,0,1,0,0,0,0,0,4.92207E+20,5.54563E+21,8.89112E+15,5.00629E+16
32200,6,6,35,3,2018,6,16,3,2,8,1,0,0,0,0,1,0,0,0,5.10536E+20,5.65681E+21,9.15036E+15,5.10627E+16
32201,6,4,12,0,2018,6,22,7,3,6,4,2,0,1,1,0,0,0,1,4.77291E+20,5.55058E+21,8.68242E+15,5.0107E+16
32202,6,4,12,0,2018,6,6,6,3,3,6,0,0,1,0,0,1,0,0,4.71944E+20,5.54542E+21,8.60803E+15,5.00604E+16
32203,6,4,13,0,2018,6,18,7,3,2,6,0,0,1,0,0,0,0,0,4.86206E+20,5.55131E+21,8.80708E+15,5.01138E+16
32204,6,4,12,0,2018,6,7,3,3,2,6,0,0,1,0,0,0,0,1,4.80392E+20,5.55268E+21,8.72569E+15,5.01261E+16
32205,6,6,11,0,2018,5,9,4,2,5,3,0,0,1,0,0,0,0,0,5.31594E+20,5.68158E+21,9.45303E+15,5.12847E+16
32206,6,6,36,5,2018,6,9,3,2,0,7,0,0,0,0,0,1,0,0,5.77251E+20,5.65129E+21,1.01011E+16,5.1008E+16
32207,6,5,34,14,2018,6,17,3,3,6,4,0,0,1,1,0,0,0,0,4.84282E+20,5.62844E+21,8.77692E+15,5.08075E+16
32208,6,4,12,0,2018,6,18,6,3,2,6,0,0,1,0,0,0,0,0,4.70989E+20,5.55431E+21,8.59402E+15,5.01403E+16
32209,6,6,32,2,2018,6,20,6,3,5,3,0,0,1,0,1,0,0,0,5.48818E+20,5.63555E+21,9.69377E+15,5.08695E+16
32210,6,4,14,0,2018,6,16,6,3,3,6,0,0,1,0,0,0,0,0,4.43844E+20,5.5458E+21,8.21542E+15,5.00618E+16
32211,6,6,11,0,2018,5,7,4,3,5,3,0,1,1,0,0,0,0,0,5.28829E+20,5.68309E+21,9.41351E+15,5.12984E+16
32212,6,6,35,22,2018,6,22,4,3,8,7,1,0,1,0,0,0,0,0,4.75575E+20,5.68094E+21,8.6498E+15,5.12793E+16
32213,6,5,31,5,2018,6,15,5,3,2,6,0,0,1,0,0,0,0,0,4.79164E+20,5.60257E+21,8.70575E+15,5.05747E+16
32214,6,6,32,18,2018,5,14,4,3,2,2,0,0,1,0,0,0,0,0,5.54548E+20,5.64885E+21,9.77719E+15,5.09887E+16
32215,6,5,32,6,2018,6,12,2,3,2,2,0,0,1,0,0,0,1,0,4.508E+20,5.61876E+21,8.30305E+15,5.07186E+16
32216,6,4,12,0,2018,6,16,5,3,0,1,0,0,0,0,1,0,0,0,4.68811E+20,5.55286E+21,8.56366E+15,5.01271E+16
32217,6,6,31,14,2018,6,19,6,3,5,3,0,0,1,0,0,0,1,0,5.33581E+20,5.59412E+21,9.47348E+15,5.04981E+16
32218,6,4,35,4,2018,5,12,4,3,9,1,0,0,0,0,1,0,0,0,5.23362E+20,5.57604E+21,9.32827E+15,5.0336E+16
32219,6,5,35,5,2018,6,18,2,3,9,6,0,0,1,0,0,0,1,0,5.02717E+20,5.61508E+21,9.03846E+15,5.06876E+16
32220,6,5,31,18,2018,6,22,6,3,7,7,2,0,1,0,0,0,0,0,4.73478E+20,5.60617E+21,8.62519E+15,5.06068E+16
32221,6,4,40,4,2018,6,23,2,3,8,1,2,0,1,0,0,0,0,0,5.04399E+20,5.57E+21,9.06175E+15,5.02821E+16
32222,6,4,38,13,2018,5,6,4,3,2,6,0,0,1,0,0,0,0,0,4.95431E+20,5.54152E+21,8.93621E+15,5.0026E+16
32223,6,4,39,11,2018,6,18,5,3,3,6,0,0,1,0,0,1,0,1,4.48731E+20,5.55827E+21,8.28202E+15,5.01744E+16
32224,6,6,33,3,2018,6,5,5,2,2,6,0,0,1,0,0,1,0,0,5.29862E+20,5.67647E+21,9.42776E+15,5.12388E+16
32225,6,4,34,9,2018,6,16,2,2,5,2,0,0,1,0,1,0,0,0,4.6313E+20,5.56658E+21,8.48285E+15,5.02502E+16
32226,6,6,31,11,2018,6,19,5,2,0,7,0,1,0,0,0,0,0,0,5.37655E+20,5.60471E+21,9.532E+15,5.05931E+16
32227,6,5,34,14,2018,6,11,6,3,3,6,0,1,1,0,0,0,0,0,4.84205E+20,5.62907E+21,8.7758E+15,5.08132E+16
32228,6,4,38,8,2018,5,10,4,3,0,7,0,1,0,0,0,0,0,0,4.8944E+20,5.54886E+21,8.85237E+15,5.00919E+16
32229,6,4,38,11,2018,6,16,2,3,2,6,0,0,1,0,0,0,0,0,4.91992E+20,5.54516E+21,8.88813E+15,5.00587E+16
32230,6,5,34,16,2018,6,19,4,3,8,1,0,0,1,0,0,0,0,0,5.08923E+20,5.63481E+21,9.1268E+15,5.08649E+16
32231,6,5,32,9,2018,6,20,4,2,8,1,0,0,0,0,1,0,0,0,4.53245E+20,5.62811E+21,8.33649E+15,5.08029E+16
32232,6,4,12,0,2018,6,8,1,3,0,6,0,0,0,0,1,0,1,1,4.71457E+20,5.55329E+21,8.60064E+15,5.01312E+16
32233,6,4,38,2,2018,5,15,4,3,2,6,0,0,1,0,0,0,0,0,4.78603E+20,5.53946E+21,8.7014E+15,5.00071E+16
32234,6,4,14,0,2018,6,14,1,3,5,2,0,0,1,0,1,0,0,0,4.45329E+20,5.54817E+21,8.23582E+15,5.00832E+16
32235,6,4,14,0,2018,6,20,4,3,3,6,0,0,1,0,0,1,0,0,4.55805E+20,5.54573E+21,8.38253E+15,5.00622E+16
32236,6,6,33,3,2018,6,22,5,2,6,6,2,0,0,1,0,0,1,0,5.30188E+20,5.67955E+21,9.4327E+15,5.12665E+16
32237,6,4,38,3,2018,5,10,4,3,5,2,0,0,1,0,0,0,0,0,4.7475E+20,5.53546E+21,8.64789E+15,4.99709E+16
32238,6,6,36,5,2018,6,17,1,2,2,6,0,0,1,0,0,0,0,0,5.79559E+20,5.65228E+21,1.01342E+16,5.10166E+16
32239,6,4,38,7,2018,6,15,3,3,5,3,0,1,1,0,0,0,0,0,4.99913E+20,5.54054E+21,8.99879E+15,5.00172E+16
32240,6,4,37,11,2018,6,20,6,2,8,1,0,0,1,0,0,0,0,0,5.05595E+20,5.50714E+21,9.07762E+15,4.97168E+16
32241,6,6,11,0,2018,6,8,7,3,5,2,0,0,1,0,1,0,0,0,5.30561E+20,5.68736E+21,9.43872E+15,5.13367E+16
32242,6,4,34,1,2018,6,14,6,3,3,6,0,0,1,0,0,0,1,0,4.75958E+20,5.56286E+21,8.66301E+15,5.02174E+16
32243,6,6,11,0,2018,6,17,7,3,5,3,0,0,1,0,0,0,0,0,5.31597E+20,5.68062E+21,9.45299E+15,5.12761E+16
32244,6,5,31,3,2018,6,19,2,3,2,6,1,0,1,0,0,0,0,1,4.86124E+20,5.60469E+21,8.80396E+15,5.0594E+16