OBJECTID_1,ULAND,UREGBEZ,UKREIS,UGEMEINDE,UJAHR,UMONAT,USTUNDE,UWOCHENTAG,UKATEGORIE,UART,UTYP1,ULICHTVERH,IstRad,IstPKW,IstFuss,IstKrad,IstGkfz,IstSonstig,STRZUSTAND,LINREFX,LINREFY,XGCSWGS84,YGCSWGS84
32434,6,4,34,9,2018,6,8,6,3,2,6,0,0,1,0,0,0,0,0,4.61855E+20,5.5705E+21,8.46456E+15,5.02854E+16
32435,6,6,31,6,2018,7,14,2,3,2,6,0,0,1,0,0,0,1,0,5.48591E+20,5.594E+21,9.68508E+15,5.0496E+16
32436,6,6,34,15,2018,7,20,1,3,5,2,0,0,1,0,1,0,0,0,5.4258E+20,5.65724E+21,9.60768E+15,5.10651E+16
32437,6,4,12,0,2018,7,18,6,3,3,6,0,0,1,0,0,0,1,0,4.79365E+20,5.55238E+21,8.71133E+15,5.01233E+16
32438,6,6,35,6,2018,7,20,1,3,4,6,0,0,1,0,0,0,0,0,4.80997E+20,5.65302E+21,8.72902E+15,5.10285E+16
32439,6,4,40,7,2018,7,7,3,3,2,6,0,0,1,0,0,0,1,0,4.94015E+20,5.57532E+21,8.91591E+15,5.03299E+16
32440,6,4,37,9,2018,7,1,1,2,5,3,2,0,1,0,1,0,0,0,5.00042E+20,5.51643E+21,9.00058E+15,4.98003E+16
32441,6,4,39,3,2018,7,21,5,2,8,1,0,0,0,0,1,0,0,0,4.36271E+20,5.54758E+21,8.10933E+15,5.0077E+16
32442,6,5,31,16,2018,7,19,5,1,8,1,0,0,1,0,0,0,0,1,4.86885E+20,5.60514E+21,8.8147E+15,5.0598E+16
32443,6,4,40,5,2018,6,11,5,3,2,2,0,0,1,0,0,0,1,0,4.77689E+20,5.58455E+21,8.68598E+15,5.04126E+16
32444,6,5,31,11,2018,7,17,1,3,8,1,0,1,0,0,0,0,0,0,4.93407E+20,5.59996E+21,8.90694E+15,5.05516E+16
32445,6,4,12,0,2018,6,9,4,3,2,6,0,0,1,0,0,0,0,0,4.72259E+20,5.55784E+21,8.61153E+15,5.01721E+16
32446,6,4,14,0,2018,6,18,4,2,0,1,0,1,1,0,0,0,0,0,4.45124E+20,5.54851E+21,8.23291E+15,5.00863E+16
32447,6,6,11,0,2018,7,15,5,3,2,6,0,0,1,0,1,0,0,0,5.33199E+20,5.68463E+21,9.47632E+15,5.1312E+16
32448,6,6,11,0,2018,6,21,7,3,3,6,0,0,1,0,1,0,0,0,5.30302E+20,5.68484E+21,9.43478E+15,5.1314E+16
32449,6,4,36,2,2018,7,11,2,3,2,6,0,0,1,0,0,0,1,0,4.51757E+20,5.55442E+21,8.32488E+15,5.014E+16
32450,6,4,32,9,2018,7,0,7,2,8,1,2,0,0,0,1,0,0,0,4.87102E+20,5.51546E+21,8.8208E+15,4.97915E+16
32451,6,4,14,0,2018,7,10,4,3,5,3,0,1,1,0,0,0,0,0,4.45758E+20,5.54575E+21,8.24217E+15,5.00615E+16
32452,6,5,31,5,2018,7,11,3,3,5,2,0,1,1,0,0,0,0,0,4.76414E+20,5.60311E+21,8.66688E+15,5.05794E+16
32453,6,5,31,5,2018,7,18,4,3,5,2,0,0,1,0,0,0,0,1,4.73579E+20,5.60141E+21,8.62695E+15,5.0564E+16
32454,6,5,31,5,2018,7,19,7,3,2,6,0,0,1,0,0,0,0,0,4.75851E+20,5.60237E+21,8.65898E+15,5.05727E+16
32455,6,4,14,0,2018,6,21,4,3,3,6,0,0,1,0,0,0,0,0,4.5189E+20,5.54146E+21,8.32837E+15,5.00235E+16
32456,6,4,12,0,2018,6,8,3,2,5,3,0,0,1,0,0,0,1,0,4.68317E+20,5.54411E+21,8.55746E+15,5.00484E+16
32457,6,4,14,0,2018,7,21,4,3,4,6,1,0,1,0,0,0,1,0,4.5032E+20,5.55436E+21,8.30478E+15,5.01394E+16
32458,6,4,32,4,2018,7,17,6,3,2,6,0,0,1,0,0,0,0,0,4.89114E+20,5.52849E+21,8.84839E+15,4.99087E+16
32459,6,4,12,0,2018,6,12,7,3,3,6,0,0,1,0,0,0,0,0,4.74978E+20,5.56069E+21,8.64942E+15,5.01979E+16
32460,6,4,32,18,2018,7,8,4,3,2,6,0,0,1,0,0,0,0,0,4.69643E+20,5.51782E+21,8.57806E+15,4.9812E+16
32461,6,4,33,11,2018,7,10,2,3,9,1,0,0,1,0,0,0,0,0,4.61354E+20,5.52287E+21,8.46235E+15,4.9857E+16
32462,6,5,34,14,2018,7,14,3,3,0,1,0,1,0,0,0,0,0,1,4.83831E+20,5.62726E+21,8.77057E+15,5.07969E+16
32463,6,5,34,4,2018,7,14,6,3,2,6,0,0,1,0,0,0,0,0,4.62693E+20,5.64069E+21,8.46927E+15,5.09167E+16
32464,6,4,12,0,2018,7,13,7,3,0,1,0,0,0,0,1,0,0,1,4.82222E+20,5.55476E+21,8.75119E+15,5.01448E+16
32465,6,5,32,3,2018,7,17,2,3,5,3,0,0,1,0,0,0,0,0,4.56316E+20,5.59575E+21,8.38389E+15,5.05121E+16
32466,6,4,14,0,2018,7,14,3,3,5,3,0,0,1,0,0,0,0,0,4.43446E+20,5.5517E+21,8.20899E+15,5.01149E+16
32467,6,6,36,14,2018,6,14,3,3,8,1,0,0,0,0,1,0,1,0,5.7428E+20,5.66481E+21,1.00616E+16,5.11299E+16
32468,6,4,33,12,2018,7,19,4,3,2,6,0,0,1,0,0,0,1,0,4.58655E+20,5.53756E+21,8.42322E+15,4.99889E+16
32469,6,6,36,16,2018,7,9,5,3,0,1,0,1,0,0,0,0,0,0,5.59841E+20,5.68781E+21,9.85907E+15,5.13384E+16
32470,6,4,12,0,2018,6,15,6,3,2,6,0,0,1,0,0,0,0,0,4.74515E+20,5.5609E+21,8.64292E+15,5.01998E+16
32471,6,6,11,0,2018,7,17,1,3,8,1,0,0,1,0,0,0,0,0,5.37988E+20,5.68282E+21,9.54485E+15,5.12954E+16
32472,6,6,35,21,2018,6,21,3,2,8,1,0,0,0,0,1,0,0,0,4.97717E+20,5.67824E+21,8.96729E+15,5.12555E+16
32473,6,5,33,10,2018,7,14,6,3,2,1,0,0,1,0,0,0,0,0,4.48296E+20,5.59663E+21,8.27066E+15,5.05193E+16
32474,6,4,40,14,2018,7,18,1,2,8,1,0,0,1,0,0,0,0,0,4.98857E+20,5.56768E+21,8.98397E+15,5.02613E+16
32475,6,4,35,21,2018,7,10,2,3,0,3,0,0,1,0,1,0,0,0,4.91119E+20,5.56317E+21,8.8755E+15,5.02206E+16
32476,6,5,31,10,2018,7,10,1,2,9,1,0,0,0,0,1,0,0,0,5.02315E+20,5.60019E+21,9.03268E+15,5.05537E+16
32477,6,5,34,7,2018,7,13,5,3,4,6,0,0,1,0,0,0,0,0,4.71982E+20,5.63573E+21,8.6018E+15,5.08726E+16
32478,6,4,12,0,2018,7,17,3,3,0,7,0,0,0,0,1,0,0,0,4.77375E+20,5.55452E+21,8.68337E+15,5.01425E+16
32479,6,6,11,0,2018,7,15,4,3,5,2,0,1,1,0,0,0,0,0,5.3407E+20,5.68515E+21,9.48887E+15,5.13167E+16
32480,6,4,12,0,2018,7,19,7,3,2,6,0,0,1,0,1,0,0,0,4.80807E+20,5.55188E+21,8.73153E+15,5.01188E+16
32481,6,6,35,7,2018,6,8,3,3,8,7,0,0,1,0,0,0,0,0,4.8191E+20,5.68742E+21,8.7403E+15,5.13378E+16
32482,6,4,35,19,2018,6,15,4,3,2,6,0,0,1,0,0,0,0,0,4.86411E+20,5.55606E+21,8.80976E+15,5.01566E+16
32483,6,4,39,3,2018,7,20,5,2,9,1,0,1,0,0,0,0,0,0,4.3678E+20,5.54313E+21,8.11717E+15,5.00371E+16
32484,6,4,34,13,2018,6,20,7,3,2,6,0,0,1,0,0,0,0,0,4.53309E+20,5.57716E+21,8.34379E+15,5.03447E+16
32485,6,5,33,8,2018,7,2,6,3,9,1,2,0,1,0,0,0,0,0,4.42017E+20,5.57497E+21,8.18544E+15,5.0324E+16
32486,6,4,39,3,2018,7,12,4,3,5,3,0,0,1,0,0,0,0,0,4.35411E+20,5.54148E+21,8.09834E+15,5.00221E+16
32487,6,6,11,0,2018,7,17,2,3,3,6,0,0,1,0,1,0,0,0,5.35787E+20,5.68455E+21,9.51345E+15,5.13112E+16
32488,6,5,31,2,2018,7,10,3,3,5,3,0,0,1,0,1,0,0,0,4.73374E+20,5.6058E+21,8.62375E+15,5.06035E+16
32489,6,5,33,9,2018,7,22,6,2,6,4,1,0,1,1,0,0,0,0,4.32112E+20,5.58333E+21,8.04482E+15,5.03981E+16
32490,6,6,32,11,2018,6,21,3,3,0,7,1,0,0,0,1,0,0,0,5.35776E+20,5.63623E+21,9.5085E+15,5.08767E+16
32491,6,5,31,5,2018,7,13,1,3,3,6,0,0,1,0,0,0,0,0,4.75847E+20,5.60122E+21,8.65898E+15,5.05624E+16
32492,6,6,11,0,2018,7,16,2,3,6,4,0,0,1,1,0,0,0,0,5.32436E+20,5.68468E+21,9.46539E+15,5.13125E+16
32493,6,6,33,17,2018,6,10,3,3,5,3,0,0,1,0,0,0,0,0,5.38115E+20,5.68156E+21,9.54653E+15,5.12841E+16
32494,6,6,34,4,2018,7,20,4,3,9,1,0,0,1,0,0,0,0,0,5.20341E+20,5.64063E+21,9.28937E+15,5.09169E+16
32495,6,6,31,9,2018,7,12,6,3,5,2,0,0,1,0,0,0,0,0,5.48356E+20,5.60019E+21,9.68258E+15,5.05516E+16
32496,6,4,13,0,2018,6,8,6,3,2,2,0,0,1,0,0,0,0,0,4.84514E+20,5.547E+21,8.78358E+15,5.00751E+16
32497,6,5,32,11,2018,7,9,2,3,5,2,0,0,1,0,0,1,0,0,4.41933E+20,5.62234E+21,8.17688E+15,5.075E+16
32498,6,4,11,0,2018,6,18,4,1,5,7,0,0,1,0,1,0,0,0,4.75691E+20,5.53152E+21,8.66126E+15,4.99356E+16
32499,6,6,36,6,2018,7,14,5,3,1,6,0,0,1,0,0,1,0,0,5.48739E+20,5.67364E+21,9.69778E+15,5.12121E+16
32500,6,4,39,5,2018,6,15,7,3,0,1,0,0,0,0,1,0,0,0,4.27268E+20,5.55261E+21,7.98258E+15,5.01213E+16
32501,6,5,34,10,2018,7,10,2,3,5,3,0,0,1,0,0,0,0,0,4.72653E+20,5.62376E+21,8.61223E+15,5.0765E+16
32502,6,5,33,2,2018,7,10,7,3,2,6,0,0,1,0,0,1,0,0,4.39096E+20,5.57886E+21,8.14379E+15,5.03587E+16
32503,6,4,12,0,2018,7,14,4,3,3,7,0,0,1,0,0,0,1,0,4.76037E+20,5.55014E+21,8.66491E+15,5.0103E+16
32504,6,4,31,20,2018,7,16,3,3,3,6,0,0,1,0,0,1,0,0,4.68131E+20,5.48619E+21,8.55962E+15,4.95275E+16
32505,6,4,36,6,2018,7,15,4,3,3,6,0,0,1,0,0,1,0,0,4.56188E+20,5.54499E+21,8.38797E+15,5.00556E+16
32506,6,6,35,19,2018,7,1,6,3,8,1,2,0,1,0,0,0,0,0,4.92274E+20,5.67138E+21,8.88944E+15,5.11937E+16
32507,6,4,14,0,2018,6,13,3,3,5,2,0,0,1,0,0,0,0,0,4.4542E+20,5.54291E+21,8.23785E+15,5.0036E+16
32508,6,4,12,0,2018,7,8,2,3,5,3,0,0,1,0,0,0,0,0,4.77169E+20,5.55639E+21,8.68037E+15,5.01593E+16
32509,6,4,14,0,2018,6,16,3,3,0,7,0,1,1,0,0,0,0,0,4.46416E+20,5.54691E+21,8.25119E+15,5.00721E+16
32510,6,6,33,28,2018,6,5,5,2,0,1,0,0,0,0,0,0,1,0,5.14435E+20,5.69395E+21,9.2075E+15,5.13966E+16
32511,6,4,12,0,2018,7,12,4,3,5,3,0,0,1,0,0,0,0,0,4.73932E+20,5.55653E+21,8.63505E+15,5.01604E+16
32512,6,4,40,8,2018,7,17,6,3,5,3,0,1,1,0,0,0,0,0,4.82576E+20,5.57547E+21,8.75519E+15,5.03311E+16
32513,6,6,32,15,2018,6,15,6,3,2,3,0,0,1,0,0,0,0,0,5.4154E+20,5.62541E+21,9.58921E+15,5.0779E+16
32514,6,4,34,1,2018,7,7,2,3,5,3,0,0,1,0,0,0,0,0,4.73216E+20,5.56238E+21,8.62462E+15,5.02129E+16
32515,6,4,35,21,2018,6,15,4,3,2,6,0,0,1,0,0,0,0,0,4.93784E+20,5.56428E+21,8.91284E+15,5.02307E+16
32516,6,6,33,29,2018,7,15,2,3,2,6,0,0,1,0,1,0,0,0,5.15433E+20,5.69284E+21,9.22178E+15,5.13866E+16
32517,6,6,31,15,2018,7,21,3,3,8,1,2,0,1,0,0,0,0,1,5.47893E+20,5.61358E+21,9.67777E+15,5.06721E+16
32518,6,4,33,12,2018,7,4,6,3,5,2,1,0,1,0,0,0,0,0,4.59833E+20,5.5358E+21,8.43985E+15,4.99732E+16
32519,6,5,35,5,2018,7,18,7,3,3,1,0,0,1,0,0,1,0,0,5.04801E+20,5.61774E+21,9.068E+15,5.07115E+16
32520,6,4,33,7,2018,7,16,2,1,3,6,0,0,1,0,1,1,0,0,4.63171E+20,5.54166E+21,8.48583E+15,5.00261E+16
32521,6,4,12,0,2018,7,17,3,3,3,6,0,0,1,0,0,0,0,0,4.78649E+20,5.55238E+21,8.70131E+15,5.01233E+16
32522,6,4,13,0,2018,6,14,3,3,2,6,0,0,1,0,0,0,0,0,4.83497E+20,5.54863E+21,8.76929E+15,5.00897E+16
32523,6,4,35,14,2018,7,17,4,2,9,1,0,0,1,0,0,0,0,0,4.95242E+20,5.55135E+21,8.93345E+15,5.01144E+16
32524,6,4,40,1,2018,7,19,5,2,4,1,0,0,1,0,0,0,0,0,4.93305E+20,5.57153E+21,8.90601E+15,5.02958E+16
32525,6,6,11,0,2018,6,7,5,3,5,3,0,0,1,0,1,0,0,0,5.37164E+20,5.68292E+21,9.53303E+15,5.12964E+16
32526,6,4,36,11,2018,7,5,1,2,8,1,1,0,1,0,0,0,0,0,4.68286E+20,5.55644E+21,8.55601E+15,5.01593E+16
32527,6,4,36,3,2018,6,14,3,2,5,3,0,1,1,0,0,0,0,0,4.67782E+20,5.5561E+21,8.54898E+15,5.01563E+16
32528,6,4,32,10,2018,7,12,6,3,7,7,0,0,1,0,0,0,0,0,5.00351E+20,5.52421E+21,9.00489E+15,4.98703E+16
32529,6,5,34,8,2018,7,5,1,2,4,6,0,0,1,0,0,0,1,0,4.89329E+20,5.62061E+21,8.84878E+15,5.07372E+16
32530,6,6,11,0,2018,7,16,2,2,3,6,0,0,1,0,1,0,0,0,5.3505E+20,5.68212E+21,9.50264E+15,5.12893E+16
32531,6,4,33,12,2018,7,17,1,3,9,1,0,0,1,0,0,0,0,0,4.6197E+20,5.53788E+21,8.46944E+15,4.9992E+16
32532,6,4,33,12,2018,7,8,5,3,2,6,0,0,1,0,0,0,1,0,4.59998E+20,5.53524E+21,8.44221E+15,4.99681E+16
32533,6,4,38,8,2018,7,17,3,3,5,3,0,0,1,0,0,0,0,1,4.88538E+20,5.55209E+21,8.83966E+15,5.0121E+16
32534,6,4,12,0,2018,7,18,4,3,5,2,0,0,1,0,0,0,0,1,4.7556E+20,5.55075E+21,8.65821E+15,5.01085E+16
32535,6,6,33,18,2018,7,9,7,3,3,2,0,0,1,0,0,0,0,0,5.11357E+20,5.67783E+21,9.16273E+15,5.12517E+16
32536,6,4,36,3,2018,6,18,3,3,2,6,0,0,1,0,0,0,0,0,4.68715E+20,5.55392E+21,8.56222E+15,5.01367E+16
32537,6,4,40,12,2018,6,8,4,3,0,7,0,1,1,0,0,0,0,0,4.84063E+20,5.56331E+21,8.7766E+15,5.02218E+16
32538,6,4,36,7,2018,7,17,5,3,2,6,0,1,1,0,0,0,0,0,4.54305E+20,5.55193E+21,8.36083E+15,5.01179E+16
32539,6,4,35,18,2018,6,7,7,3,5,3,0,0,1,0,0,0,0,0,5.13098E+20,5.55545E+21,9.18334E+15,5.01511E+16
32540,6,4,12,0,2018,7,15,6,3,2,6,0,0,1,0,0,0,0,0,4.75224E+20,5.56006E+21,8.6529E+15,5.01922E+16
32541,6,5,33,15,2018,7,17,4,3,9,1,0,0,0,0,1,0,0,0,4.47844E+20,5.58389E+21,8.26606E+15,5.04048E+16
32542,6,4,14,0,2018,7,0,2,3,0,1,2,0,1,0,1,0,0,0,4.47565E+20,5.54156E+21,8.26799E+15,5.00241E+16
32543,6,6,11,0,2018,7,14,3,3,1,5,0,0,1,0,1,0,0,1,5.33491E+20,5.68498E+21,9.48055E+15,5.13152E+16
32544,6,4,12,0,2018,7,15,6,2,1,7,0,1,1,0,0,0,0,0,4.77373E+20,5.55453E+21,8.68334E+15,5.01426E+16
32545,6,4,12,0,2018,6,14,3,3,0,4,0,0,0,1,1,0,0,0,4.71525E+20,5.54885E+21,8.60192E+15,5.00912E+16
32546,6,4,39,7,2018,7,22,2,2,8,1,2,0,0,0,1,0,0,0,4.40427E+20,5.56863E+21,8.16412E+15,5.02668E+16
32547,6,4,12,0,2018,6,23,3,3,5,3,2,0,1,0,0,0,0,0,4.7899E+20,5.55487E+21,8.70595E+15,5.01457E+16
32548,6,4,39,8,2018,7,22,4,3,2,6,2,0,1,0,0,0,1,0,4.55823E+20,5.56564E+21,8.38047E+15,5.02413E+16
32549,6,4,12,0,2018,7,21,6,3,8,1,2,0,1,0,0,0,0,0,4.71653E+20,5.54453E+21,8.60403E+15,5.00524E+16
32550,6,4,12,0,2018,6,7,6,3,5,3,0,1,1,0,0,0,0,0,4.78049E+20,5.55305E+21,8.69289E+15,5.01293E+16
32551,6,4,32,13,2018,7,20,2,3,7,7,1,0,0,0,1,0,0,0,4.83869E+20,5.51263E+21,8.776E+15,4.97659E+16
32552,6,6,35,15,2018,7,17,1,2,8,1,0,0,1,0,0,0,0,0,4.95714E+20,5.67955E+21,8.93856E+15,5.12672E+16
32553,6,6,32,2,2018,7,6,2,3,5,3,1,0,1,0,1,0,0,0,5.49325E+20,5.63557E+21,9.70098E+15,5.08697E+16
32554,6,5,31,5,2018,7,4,6,2,2,6,2,0,0,0,0,1,0,0,4.71567E+20,5.59746E+21,8.59885E+15,5.05284E+16
32555,6,4,14,0,2018,7,21,6,3,2,6,1,0,1,0,0,0,0,0,4.48502E+20,5.53985E+21,8.28129E+15,5.00087E+16
32556,6,4,12,0,2018,7,1,1,3,2,6,2,0,1,0,0,0,0,0,4.78307E+20,5.55081E+21,8.69662E+15,5.01092E+16
32557,6,4,40,1,2018,7,17,3,3,0,1,0,0,1,0,0,0,0,0,4.96049E+20,5.57039E+21,8.94454E+15,5.02856E+16
32558,6,5,32,21,2018,7,10,5,3,2,6,0,0,1,0,0,0,0,0,4.58209E+20,5.59976E+21,8.41014E+15,5.05483E+16
32559,6,4,37,6,2018,6,15,5,3,2,6,0,0,1,0,0,0,0,0,4.99683E+20,5.50147E+21,8.99561E+15,4.96658E+16
32560,6,4,31,7,2018,7,15,1,2,8,1,0,0,0,0,1,0,0,0,4.85874E+20,5.50315E+21,8.80419E+15,4.96807E+16
32561,6,4,12,0,2018,6,14,3,3,3,6,0,0,1,0,1,0,0,0,4.76019E+20,5.55024E+21,8.66465E+15,5.0104E+16
32562,6,4,35,17,2018,7,14,1,2,9,1,0,0,0,0,1,0,0,0,5.03909E+20,5.55646E+21,9.05472E+15,5.01604E+16
32563,6,4,36,6,2018,7,16,3,3,2,6,0,0,1,0,0,0,0,0,4.56747E+20,5.545E+21,8.39577E+15,5.00557E+16
32564,6,5,31,5,2018,7,7,6,3,5,2,0,1,1,0,0,0,0,0,4.78436E+20,5.60182E+21,8.69551E+15,5.05679E+16
32565,6,4,32,23,2018,7,11,7,3,3,6,0,0,1,0,0,0,0,0,4.71641E+20,5.52704E+21,8.60516E+15,4.98951E+16
32566,6,4,14,0,2018,7,9,1,3,6,4,0,0,1,1,0,0,0,0,4.45402E+20,5.54425E+21,8.2374E+15,5.00481E+16
32567,6,6,33,5,2018,7,15,3,2,9,1,0,0,1,0,0,0,0,0,5.2475E+20,5.69348E+21,9.35572E+15,5.1392E+16
32568,6,4,35,21,2018,7,14,3,3,5,2,0,0,1,0,0,0,0,0,4.89564E+20,5.56476E+21,8.85367E+15,5.02349E+16
32569,6,4,32,13,2018,7,7,5,3,9,1,0,0,0,0,1,0,0,1,4.80284E+20,5.51174E+21,8.72626E+15,4.97578E+16
32570,6,4,12,0,2018,6,17,5,3,2,6,0,0,1,0,0,0,0,0,4.70383E+20,5.55364E+21,8.58559E+15,5.01342E+16
32571,6,4,38,8,2018,7,5,1,3,4,6,1,1,1,0,0,0,1,0,4.89449E+20,5.54964E+21,8.85247E+15,5.0099E+16
32572,6,4,12,0,2018,6,12,3,3,3,6,0,0,1,0,1,0,0,0,4.75712E+20,5.55003E+21,8.66038E+15,5.01021E+16
32573,6,4,33,11,2018,7,23,6,2,8,1,2,0,1,0,0,0,0,0,4.62668E+20,5.52265E+21,8.48064E+15,4.98551E+16
32574,6,4,35,6,2018,6,12,7,3,2,6,0,0,1,0,0,0,0,0,4.93333E+20,5.55873E+21,8.90663E+15,5.01807E+16
32575,6,4,12,0,2018,7,13,2,3,2,6,0,0,1,0,0,0,0,0,4.77874E+20,5.55508E+21,8.69032E+15,5.01475E+16
32576,6,4,14,0,2018,7,3,7,2,8,1,2,0,1,0,0,0,0,0,4.49751E+20,5.54373E+21,8.29822E+15,5.00438E+16
32577,6,5,35,1,2018,7,18,5,3,2,6,0,0,1,0,0,0,0,0,5.28325E+20,5.62537E+21,9.40176E+15,5.07794E+16
32578,6,4,32,22,2018,7,18,3,3,5,3,0,1,1,0,0,0,0,0,4.73843E+20,5.5118E+21,8.63684E+15,4.97581E+16
32579,6,4,34,8,2018,7,8,4,3,5,2,0,0,1,0,0,0,0,0,4.69658E+20,5.56112E+21,8.57485E+15,5.02015E+16
32580,6,4,39,6,2018,7,18,7,3,8,1,0,0,0,0,1,0,0,0,4.31002E+20,5.56259E+21,8.03299E+15,5.02115E+16
32581,6,4,12,0,2018,6,9,3,3,3,2,0,1,1,0,0,0,0,0,4.75019E+20,5.55042E+21,8.65066E+15,5.01055E+16
32582,6,6,31,20,2018,6,19,4,3,0,1,0,1,0,0,0,0,0,0,5.50032E+20,5.60276E+21,9.70658E+15,5.05746E+16
32583,6,4,38,1,2018,7,17,5,3,0,3,0,0,1,0,1,0,0,0,4.82935E+20,5.53813E+21,8.76191E+15,4.99953E+16
32584,6,5,34,3,2018,6,15,7,3,5,3,0,0,1,0,1,0,0,0,4.63361E+20,5.62284E+21,8.48057E+15,5.07562E+16
32585,6,4,11,0,2018,7,17,6,3,2,6,0,0,1,0,0,0,0,0,4.74584E+20,5.52395E+21,8.64634E+15,4.98675E+16
32586,6,4,35,9,2018,7,5,4,3,3,2,0,0,1,0,0,0,1,0,5.09358E+20,5.55447E+21,9.13097E+15,5.01424E+16
32587,6,4,12,0,2018,7,15,2,3,3,6,0,0,1,0,0,0,1,0,4.77721E+20,5.55119E+21,8.6884E+15,5.01126E+16
32588,6,6,33,13,2018,7,14,3,3,5,3,0,1,0,0,0,0,1,1,5.27098E+20,5.70553E+21,9.39039E+15,5.15003E+16
32589,6,6,35,17,2018,7,15,6,2,8,1,0,0,0,0,1,0,0,0,4.88877E+20,5.64798E+21,8.84154E+15,5.09833E+16
32590,6,4,14,0,2018,7,0,7,3,5,3,2,0,1,0,0,0,0,0,4.45993E+20,5.54759E+21,8.24519E+15,5.00781E+16
32591,6,4,11,0,2018,6,8,3,3,6,4,0,0,1,1,0,0,0,0,4.75438E+20,5.52479E+21,8.65816E+15,4.9875E+16
32592,6,4,36,2,2018,7,15,4,3,4,1,0,0,1,0,0,0,0,0,4.53576E+20,5.55555E+21,8.35019E+15,5.01503E+16
32593,6,4,31,20,2018,7,8,6,2,9,1,0,0,1,0,0,1,0,0,4.68099E+20,5.49012E+21,8.55886E+15,4.95629E+16
32594,6,6,32,17,2018,6,22,6,2,4,1,2,0,1,0,0,0,0,0,5.60374E+20,5.64437E+21,9.85944E+15,5.09478E+16
32595,6,5,34,14,2018,7,18,2,3,0,3,0,1,1,0,0,0,0,0,4.83146E+20,5.62823E+21,8.76081E+15,5.08056E+16
32596,6,4,37,16,2018,7,9,1,2,8,1,0,0,0,0,1,0,0,0,4.94405E+20,5.48162E+21,8.92274E+15,4.94872E+16
32597,6,4,14,0,2018,7,14,6,3,2,6,0,0,1,0,0,0,0,0,4.45768E+20,5.54687E+21,8.24214E+15,5.00716E+16
32598,6,6,35,9,2018,7,15,1,2,7,7,0,0,0,0,1,0,0,0,5.02535E+20,5.66518E+21,9.03624E+15,5.11381E+16
32599,6,4,38,1,2018,7,9,3,3,5,2,0,0,1,0,0,0,0,0,4.82938E+20,5.53814E+21,8.76195E+15,4.99954E+16
32600,6,4,40,3,2018,7,17,1,3,2,6,0,0,1,0,0,0,0,0,4.80697E+20,5.55698E+21,8.72974E+15,5.01647E+16
32601,6,4,11,0,2018,7,16,5,3,9,1,0,0,1,0,0,0,0,0,4.72615E+20,5.52193E+21,8.61907E+15,4.98492E+16
32602,6,4,12,0,2018,7,20,5,3,2,6,0,0,1,0,0,0,0,0,4.63025E+20,5.54949E+21,8.48303E+15,5.00965E+16
32603,6,5,33,1,2018,6,17,5,3,2,6,0,0,1,0,0,0,0,0,4.3691E+20,5.59062E+21,8.11108E+15,5.04642E+16
32604,6,5,32,22,2018,7,19,1,2,8,1,0,0,0,0,1,0,0,0,4.65056E+20,5.58712E+21,8.50796E+15,5.04351E+16
32605,6,6,33,10,2018,6,19,3,3,1,5,0,0,1,0,1,0,0,0,5.26605E+20,5.69828E+21,9.38274E+15,5.14351E+16
32606,6,6,36,3,2018,7,17,5,2,4,7,0,0,1,0,0,0,0,0,5.69167E+20,5.6756E+21,9.99057E+15,5.12276E+16
32607,6,4,12,0,2018,6,19,7,3,5,3,0,0,1,0,0,0,0,0,4.75494E+20,5.55106E+21,8.65727E+15,5.01113E+16
32608,6,4,39,3,2018,7,20,2,3,0,1,0,1,0,0,0,0,0,0,4.36404E+20,5.54158E+21,8.11219E+15,5.00231E+16
32609,6,4,35,12,2018,7,4,7,3,8,1,2,0,1,0,0,0,0,0,5.09979E+20,5.56322E+21,9.13988E+15,5.02211E+16
32610,6,5,33,4,2018,7,17,4,3,2,6,0,0,1,0,0,0,0,0,4.3062E+20,5.59464E+21,8.02172E+15,5.04996E+16
32611,6,6,31,15,2018,7,12,3,3,9,1,0,0,0,0,1,0,0,0,5.52039E+20,5.6138E+21,9.73647E+15,5.06737E+16
32612,6,4,33,9,2018,7,17,4,2,4,6,0,0,1,0,0,0,0,1,4.61249E+20,5.53295E+21,8.45987E+15,4.99476E+16
32613,6,6,31,13,2018,7,13,7,2,0,1,0,0,0,0,1,0,0,0,5.5928E+20,5.60484E+21,9.8375E+15,5.05925E+16
32614,6,6,34,25,2018,6,9,3,3,5,3,0,0,1,0,0,1,0,0,5.22082E+20,5.66237E+21,9.31546E+15,5.11124E+16
32615,6,6,35,4,2018,6,16,3,3,8,1,0,0,1,0,0,0,0,0,4.78634E+20,5.64926E+21,8.69555E+15,5.09945E+16
32616,6,5,35,12,2018,7,6,4,3,7,7,0,0,1,0,0,0,0,0,5.20646E+20,5.60598E+21,9.29176E+15,5.06054E+16
32617,6,5,33,17,2018,7,7,6,3,6,3,0,0,1,1,0,0,0,0,4.47827E+20,5.59313E+21,8.26453E+15,5.04878E+16
32618,6,5,35,1,2018,6,13,7,2,9,1,0,0,1,0,0,0,0,0,5.21169E+20,5.62209E+21,9.30008E+15,5.07502E+16
32619,6,5,32,21,2018,7,9,6,3,2,6,0,0,1,0,0,0,0,0,4.56553E+20,5.59988E+21,8.38675E+15,5.05492E+16
32620,6,5,35,8,2018,6,6,7,3,9,1,0,0,1,0,0,0,0,0,5.27032E+20,5.60306E+21,9.38179E+15,5.05789E+16
32621,6,4,37,16,2018,7,19,2,1,5,2,0,0,0,0,1,0,1,0,4.98309E+20,5.48991E+21,8.97662E+15,4.95618E+16
32622,6,6,33,14,2018,7,13,7,2,8,1,0,0,0,0,1,0,0,0,5.37715E+20,5.69625E+21,9.54236E+15,5.14162E+16
32623,6,4,34,2,2018,7,7,5,3,2,6,0,0,1,0,0,1,1,0,4.7596E+20,5.56516E+21,8.6629E+15,5.02381E+16