OBJECTID_1,ULAND,UREGBEZ,UKREIS,UGEMEINDE,UJAHR,UMONAT,USTUNDE,UWOCHENTAG,UKATEGORIE,UART,UTYP1,ULICHTVERH,IstRad,IstPKW,IstFuss,IstKrad,IstGkfz,IstSonstig,STRZUSTAND,LINREFX,LINREFY,XGCSWGS84,YGCSWGS84
32624,6,4,31,21,2018,7,12,3,3,0,3,0,1,1,0,0,0,0,0,4.87299E+20,5.4911E+21,8.82433E+15,4.95723E+16
32625,6,5,32,6,2018,7,16,4,3,3,6,0,0,1,0,0,1,0,1,4.48925E+20,5.62177E+21,8.27606E+15,5.07455E+16
32626,6,4,32,2,2018,7,23,7,3,8,1,2,1,0,0,0,0,0,0,4.92814E+20,5.53249E+21,8.89985E+15,4.99448E+16
32627,6,6,35,4,2018,6,16,3,3,8,1,0,0,1,0,0,0,0,0,4.70655E+20,5.65321E+21,8.58154E+15,5.10297E+16
32628,6,4,38,11,2018,6,15,4,2,3,6,0,0,1,0,0,0,0,0,4.92226E+20,5.54574E+21,8.89138E+15,5.00639E+16
32629,6,4,12,0,2018,7,17,5,3,5,3,0,0,1,0,0,1,0,0,4.748E+20,5.54551E+21,8.64793E+15,5.00614E+16
32630,6,6,11,0,2018,7,9,6,2,5,2,0,0,1,0,0,0,0,0,5.30712E+20,5.68698E+21,9.44084E+15,5.13333E+16
32631,6,5,34,20,2018,6,10,7,3,5,3,0,1,1,0,0,0,0,0,4.80685E+20,5.61995E+21,8.72632E+15,5.0731E+16
32632,6,5,32,3,2018,7,16,4,3,2,6,0,0,1,0,0,0,0,0,4.56814E+20,5.59637E+21,8.39084E+15,5.05177E+16
32633,6,6,35,14,2018,7,22,2,2,7,1,2,0,0,0,1,0,0,0,4.66399E+20,5.64914E+21,8.52121E+15,5.09928E+16
32634,6,5,32,17,2018,7,5,3,3,5,2,0,0,1,0,0,0,0,0,4.58029E+20,5.61649E+21,8.4057E+15,5.06987E+16
32635,6,4,35,19,2018,7,13,6,2,5,3,0,0,1,0,0,0,0,0,4.89843E+20,5.55604E+21,8.85781E+15,5.01565E+16
32636,6,5,32,6,2018,7,10,7,3,8,1,0,0,0,0,0,0,1,1,4.55694E+20,5.62418E+21,8.37171E+15,5.07677E+16
32637,6,5,35,7,2018,7,15,3,2,2,2,0,0,1,0,1,0,0,0,5.25462E+20,5.59268E+21,9.35891E+15,5.04856E+16
32638,6,4,35,25,2018,6,4,3,3,5,3,1,0,1,0,0,0,0,0,5.37543E+20,5.58145E+21,9.52808E+15,5.03839E+16
32639,6,5,32,12,2018,7,7,4,3,0,1,0,0,0,0,0,1,0,0,4.51291E+20,5.6165E+21,8.31029E+15,5.06983E+16
32640,6,5,33,6,2018,7,23,5,3,5,3,2,0,1,0,1,0,0,0,4.31605E+20,5.58546E+21,8.0373E+15,5.04172E+16
32641,6,4,35,12,2018,6,10,6,3,5,2,0,0,1,0,0,0,1,0,5.0718E+20,5.56249E+21,9.10063E+15,5.02146E+16
32642,6,5,32,16,2018,7,14,2,3,2,6,0,0,1,0,0,1,0,0,4.54841E+20,5.59897E+21,8.3627E+15,5.0541E+16
32643,6,4,35,7,2018,6,8,4,3,2,6,0,0,1,0,0,0,0,0,4.98566E+20,5.55587E+21,8.97992E+15,5.01551E+16
32644,6,6,11,0,2018,7,9,1,2,2,6,0,0,1,0,0,0,0,0,5.28717E+20,5.68665E+21,9.41218E+15,5.13304E+16
32645,6,4,37,6,2018,7,21,6,3,6,7,1,0,0,1,0,0,1,0,4.99628E+20,5.5011E+21,8.99485E+15,4.96624E+16
32646,6,4,38,13,2018,7,12,1,2,5,3,0,0,1,0,1,0,0,0,4.98209E+20,5.54433E+21,8.97499E+15,5.00512E+16
32647,6,4,33,12,2018,7,14,3,3,0,6,0,0,1,0,0,0,1,0,4.59043E+20,5.53727E+21,8.42867E+15,4.99863E+16
32648,6,5,34,4,2018,7,17,1,2,5,3,0,0,1,0,1,0,0,0,4.68549E+20,5.64335E+21,8.55235E+15,5.09409E+16
32649,6,4,34,11,2018,7,17,5,3,4,1,0,0,1,0,0,0,0,1,4.67219E+20,5.57549E+21,8.53942E+15,5.03306E+16
32650,6,5,31,17,2018,7,14,4,2,8,1,0,0,1,0,0,0,0,0,4.80472E+20,5.60919E+21,8.72387E+15,5.06343E+16
32651,6,5,32,8,2018,6,6,5,3,5,3,0,1,1,0,0,0,0,0,4.56231E+20,5.60575E+21,8.38151E+15,5.0602E+16
32652,6,4,32,23,2018,7,23,1,3,2,6,2,0,1,0,0,0,0,0,4.7194E+20,5.53338E+21,8.60885E+15,4.99521E+16
32653,6,4,39,10,2018,6,20,3,3,9,7,0,0,1,0,1,0,0,0,4.197E+20,5.54827E+21,7.87763E+15,5.00813E+16
32654,6,4,36,1,2018,6,19,4,3,1,6,0,0,1,0,0,0,0,0,4.65153E+20,5.55357E+21,8.51241E+15,5.01333E+16
32655,6,4,14,0,2018,7,12,5,3,0,7,0,0,0,1,0,0,1,0,4.44869E+20,5.54786E+21,8.22945E+15,5.00804E+16
32656,6,4,39,1,2018,6,21,7,2,1,1,1,0,1,0,0,0,1,0,4.3284E+20,5.56488E+21,8.05833E+15,5.02322E+16
32657,6,4,40,9,2018,7,1,2,3,0,1,2,1,0,0,0,0,0,0,5.11345E+20,5.58355E+21,9.15964E+15,5.04039E+16
32658,6,4,38,13,2018,7,22,7,3,8,1,2,0,1,0,0,0,0,0,4.99556E+20,5.53889E+21,8.9938E+15,5.00023E+16
32659,6,4,12,0,2018,7,21,4,3,0,7,0,0,1,0,0,0,0,0,4.66336E+20,5.54999E+21,8.52928E+15,5.01012E+16
32660,6,4,35,14,2018,7,13,3,3,1,5,0,0,0,0,0,1,0,0,5.00785E+20,5.5504E+21,9.01097E+15,5.01058E+16
32661,6,6,33,17,2018,7,8,4,3,2,6,0,0,0,0,0,1,0,0,5.37109E+20,5.68082E+21,9.53203E+15,5.12775E+16
32662,6,6,36,5,2018,7,10,7,3,8,1,0,0,1,0,0,0,0,0,5.78967E+20,5.65232E+21,1.01258E+16,5.10171E+16
32663,6,4,38,13,2018,6,14,3,3,0,7,0,0,0,0,1,0,0,0,4.95217E+20,5.54129E+21,8.93323E+15,5.00239E+16
32664,6,4,38,7,2018,6,15,3,2,8,7,0,1,0,0,0,0,0,0,5.00472E+20,5.54084E+21,9.00659E+15,5.00198E+16
32665,6,4,12,0,2018,6,10,5,3,2,6,0,0,1,0,0,0,0,0,4.72026E+20,5.55719E+21,8.60832E+15,5.01662E+16
32666,6,4,14,0,2018,7,11,4,3,0,7,0,0,0,1,0,0,1,0,4.46284E+20,5.54758E+21,8.24927E+15,5.0078E+16
32667,6,4,32,15,2018,7,14,6,3,2,6,0,0,1,0,0,0,0,0,4.90665E+20,5.5284E+21,8.87E+15,4.99079E+16
32668,6,4,31,16,2018,6,23,7,3,3,7,2,0,1,0,0,0,0,0,4.67778E+20,5.49847E+21,8.55373E+15,4.96379E+16
32669,6,4,35,20,2018,6,13,4,3,5,3,0,0,1,0,0,0,0,0,4.98036E+20,5.56128E+21,8.97247E+15,5.02037E+16
32670,6,5,34,14,2018,7,10,2,2,4,6,0,0,1,0,0,0,0,0,4.84529E+20,5.63026E+21,8.78035E+15,5.08238E+16
32671,6,5,34,20,2018,7,10,3,3,2,6,0,0,1,0,0,1,0,0,4.81895E+20,5.62286E+21,8.74333E+15,5.07572E+16
32672,6,5,34,3,2018,7,6,6,3,1,7,0,0,1,0,0,0,0,0,4.62102E+20,5.62358E+21,8.46264E+15,5.07628E+16
32673,6,5,31,10,2018,7,12,7,2,8,1,0,0,0,0,1,0,0,0,5.05371E+20,5.60136E+21,9.07583E+15,5.05641E+16
32674,6,4,38,5,2018,7,2,2,2,2,6,2,0,1,0,0,1,0,0,4.85856E+20,5.54619E+21,8.80236E+15,5.00678E+16
32675,6,4,12,0,2018,7,12,3,3,2,6,0,0,1,0,0,0,0,0,4.76519E+20,5.55332E+21,8.67147E+15,5.01317E+16
32676,6,4,38,8,2018,6,20,3,3,5,3,1,1,1,0,0,0,0,0,4.87679E+20,5.55197E+21,8.82765E+15,5.01199E+16
32677,6,6,31,6,2018,7,16,4,3,2,6,0,0,1,0,0,0,0,0,5.49902E+20,5.59095E+21,9.70317E+15,5.04684E+16
32678,6,6,11,0,2018,7,17,5,3,5,2,0,0,1,0,0,0,1,0,5.33119E+20,5.68245E+21,9.47498E+15,5.12924E+16
32679,6,4,32,8,2018,6,22,6,3,2,6,1,0,1,0,0,0,0,0,4.70224E+20,5.52416E+21,8.58565E+15,4.98691E+16
32680,6,4,14,0,2018,7,11,1,3,3,3,0,1,1,0,0,0,0,0,4.42051E+20,5.54396E+21,8.19065E+15,5.00451E+16
32681,6,4,34,8,2018,6,15,3,3,4,6,0,0,1,0,1,0,0,0,4.61916E+20,5.56472E+21,8.46601E+15,5.02334E+16
32682,6,4,40,5,2018,7,15,6,3,2,6,0,0,1,0,0,0,1,0,4.76225E+20,5.58782E+21,8.66518E+15,5.04419E+16
32683,6,4,32,9,2018,7,13,1,3,6,4,0,0,1,1,0,0,0,0,4.87489E+20,5.51677E+21,8.82614E+15,4.98032E+16
32684,6,6,36,8,2018,7,9,2,3,3,2,0,0,1,0,0,1,0,0,5.6228E+20,5.67147E+21,9.89124E+15,5.11913E+16
32685,6,6,34,3,2018,7,17,1,3,2,6,0,0,1,0,0,0,0,0,5.33133E+20,5.66899E+21,9.47393E+15,5.11713E+16
32686,6,5,31,4,2018,7,15,4,2,4,6,0,0,1,0,0,1,0,0,4.81283E+20,5.60166E+21,8.73572E+15,5.05666E+16
32687,6,4,37,3,2018,7,21,2,2,8,1,0,0,0,0,1,0,0,0,4.93321E+20,5.51186E+21,8.90727E+15,4.97592E+16
32688,6,4,31,21,2018,7,16,3,3,5,7,0,1,1,0,0,0,0,0,4.86584E+20,5.49275E+21,8.81439E+15,4.95872E+16
32689,6,4,35,14,2018,6,17,5,2,9,1,0,1,0,0,0,0,0,0,4.93575E+20,5.55335E+21,8.9101E+15,5.01323E+16
32690,6,5,32,2,2018,7,12,6,2,4,6,0,0,1,0,0,0,0,0,4.61331E+20,5.61845E+21,8.45225E+15,5.07165E+16
32691,6,5,34,16,2018,7,12,7,3,9,1,0,0,1,0,0,0,0,1,5.09644E+20,5.63314E+21,9.137E+15,5.08499E+16
32692,6,6,11,0,2018,7,17,3,3,5,3,0,0,1,0,0,0,0,0,5.37008E+20,5.68456E+21,9.53097E+15,5.13112E+16
32693,6,4,34,1,2018,6,16,3,3,2,6,0,0,1,0,0,0,0,0,4.71796E+20,5.56221E+21,8.60472E+15,5.02114E+16
32694,6,4,32,20,2018,7,16,4,2,2,6,0,0,1,0,1,0,0,0,4.82203E+20,5.52222E+21,8.75243E+15,4.98521E+16
32695,6,4,12,0,2018,7,16,5,3,5,2,0,1,1,0,0,0,0,0,4.77305E+20,5.55335E+21,8.68246E+15,5.0132E+16
32696,6,5,34,9,2018,6,9,6,3,2,6,0,0,1,0,0,0,1,0,4.80711E+20,5.61743E+21,8.72682E+15,5.07083E+16
32697,6,4,40,5,2018,7,10,2,3,2,6,0,0,1,0,0,0,0,0,4.78359E+20,5.5872E+21,8.69526E+15,5.04365E+16
32698,6,4,38,1,2018,6,15,3,3,5,2,0,1,1,0,0,0,0,0,4.83405E+20,5.53855E+21,8.76844E+15,4.9999E+16
32699,6,5,33,15,2018,7,10,1,2,7,7,0,0,0,0,1,0,0,0,4.46768E+20,5.58321E+21,8.25103E+15,5.03985E+16
32700,6,4,38,2,2018,7,12,6,3,2,6,0,0,1,0,0,0,0,0,4.79487E+20,5.53714E+21,8.71386E+15,4.99863E+16
32701,6,4,35,12,2018,7,16,1,3,5,3,0,0,1,0,0,0,0,0,5.09469E+20,5.56122E+21,9.13268E+15,5.02031E+16
32702,6,4,12,0,2018,7,16,3,3,2,6,0,0,1,0,0,0,0,0,4.63843E+20,5.54999E+21,8.49442E+15,5.01011E+16
32703,6,6,31,13,2018,7,11,1,3,5,3,0,0,1,0,1,0,0,0,5.66095E+20,5.60663E+21,9.93409E+15,5.06078E+16
32704,6,4,32,10,2018,7,17,5,3,2,6,0,0,1,0,0,0,0,0,4.92487E+20,5.5255E+21,8.89542E+15,4.98818E+16
32705,6,6,32,11,2018,7,22,3,3,7,7,2,0,0,0,1,0,0,0,5.35552E+20,5.6353E+21,9.50523E+15,5.08682E+16
32706,6,6,32,11,2018,7,15,4,3,5,3,0,0,1,0,0,0,0,0,5.40223E+20,5.63144E+21,9.57118E+15,5.08333E+16
32707,6,4,14,0,2018,7,11,7,3,0,7,0,1,0,1,0,0,0,0,4.45643E+20,5.54382E+21,8.24083E+15,5.00442E+16
32708,6,5,34,7,2018,6,13,3,2,4,6,0,0,1,0,0,0,0,0,4.67516E+20,5.6341E+21,8.53847E+15,5.08577E+16
32709,6,4,37,6,2018,6,9,4,2,5,2,0,0,1,0,1,0,0,0,4.99715E+20,5.50036E+21,8.99605E+15,4.96558E+16
32710,6,6,33,18,2018,7,11,5,2,5,2,0,0,1,0,0,0,0,0,5.14398E+20,5.68053E+21,9.20641E+15,5.1276E+16
32711,6,4,39,10,2018,6,12,7,3,2,6,0,0,1,0,0,0,0,0,4.15173E+20,5.54357E+21,7.81541E+15,5.00384E+16
32712,6,4,33,8,2018,7,17,2,3,5,3,0,0,1,0,1,0,0,0,4.69034E+20,5.53517E+21,8.56821E+15,4.99681E+16
32713,6,6,35,19,2018,7,20,6,3,8,1,0,0,0,0,1,0,0,0,4.96605E+20,5.67476E+21,8.95139E+15,5.12242E+16
32714,6,6,35,20,2018,7,12,4,2,0,7,0,0,0,0,0,0,1,0,5.05181E+20,5.69348E+21,9.07447E+15,5.13925E+16
32715,6,5,32,6,2018,7,17,3,3,3,6,0,0,1,0,0,1,0,0,4.48796E+20,5.62089E+21,8.27436E+15,5.07375E+16
32716,6,4,40,8,2018,7,8,4,3,2,6,0,0,1,0,0,0,0,0,4.78118E+20,5.5744E+21,8.69262E+15,5.03213E+16
32717,6,6,32,10,2018,7,15,6,2,9,6,0,0,1,0,1,0,0,0,5.62726E+20,5.62774E+21,9.89007E+15,5.0798E+16
32718,6,4,31,18,2018,6,14,3,3,6,4,0,0,0,1,1,0,0,0,4.8834E+20,5.47277E+21,8.83927E+15,4.94075E+16
32719,6,4,12,0,2018,7,15,2,3,2,6,0,0,1,0,0,0,0,0,4.79052E+20,5.5521E+21,8.70697E+15,5.01208E+16
32720,6,4,33,12,2018,6,8,3,3,5,3,0,0,1,0,0,0,0,0,4.58136E+20,5.53415E+21,8.41636E+15,4.99583E+16
32721,6,4,11,0,2018,6,15,5,3,5,3,0,0,1,0,1,0,0,0,4.71517E+20,5.52239E+21,8.60377E+15,4.98532E+16
32722,6,4,12,0,2018,7,11,4,3,1,5,0,1,1,0,0,0,0,0,4.79174E+20,5.55269E+21,8.70864E+15,5.01261E+16
32723,6,5,35,13,2018,7,9,6,3,3,2,0,0,1,0,0,1,0,0,4.99798E+20,5.61561E+21,8.99713E+15,5.06923E+16
32724,6,6,33,17,2018,6,18,6,3,2,6,0,0,1,0,0,0,0,0,5.36902E+20,5.68117E+21,9.5291E+15,5.12807E+16
32725,6,4,40,20,2018,7,17,2,3,3,6,0,1,1,0,0,0,0,0,4.95616E+20,5.5786E+21,8.93837E+15,5.03594E+16
32726,6,6,32,6,2018,7,8,2,3,2,6,0,0,1,0,0,0,1,0,5.60408E+20,5.6381E+21,9.85889E+15,5.08914E+16
32727,6,6,33,17,2018,7,16,3,3,2,6,0,0,1,0,0,1,0,1,5.36344E+20,5.68147E+21,9.52112E+15,5.12834E+16
32728,6,5,34,11,2018,7,5,6,3,0,7,1,0,1,0,0,0,0,0,4.91381E+20,5.63171E+21,8.87759E+15,5.0837E+16
32729,6,4,12,0,2018,7,14,7,3,2,6,0,0,1,0,0,0,0,0,4.63803E+20,5.54997E+21,8.49387E+15,5.01009E+16
32730,6,4,35,6,2018,7,17,1,3,5,3,0,1,1,0,0,0,0,0,4.93878E+20,5.55841E+21,8.91426E+15,5.01779E+16
32731,6,4,11,0,2018,7,15,3,3,0,4,0,0,0,1,0,0,1,0,4.75443E+20,5.52459E+21,8.65824E+15,4.98732E+16
32732,6,4,33,4,2018,6,13,3,3,5,3,0,1,1,0,0,0,0,0,4.63474E+20,5.51222E+21,8.49284E+15,4.97613E+16
32733,6,4,13,0,2018,7,17,4,3,2,6,0,0,1,0,0,0,0,0,4.80384E+20,5.54583E+21,8.72593E+15,5.00645E+16
32734,6,5,32,9,2018,7,6,5,3,3,6,0,0,1,0,0,0,0,0,4.58025E+20,5.62546E+21,8.40463E+15,5.07794E+16
32735,6,4,12,0,2018,6,22,5,3,1,7,2,1,0,0,0,0,1,0,4.81541E+20,5.54986E+21,8.7419E+15,5.01007E+16
32736,6,4,12,0,2018,7,14,1,2,0,3,0,1,0,0,0,0,0,0,4.78203E+20,5.5534E+21,8.69502E+15,5.01324E+16
32737,6,6,31,9,2018,6,10,3,3,5,2,0,1,1,0,0,0,0,0,5.48538E+20,5.6014E+21,9.68531E+15,5.05625E+16
32738,6,4,31,18,2018,7,14,6,3,4,6,0,0,1,0,0,0,0,0,4.88217E+20,5.47303E+21,8.83757E+15,4.94099E+16
32739,6,4,12,0,2018,7,16,1,3,2,6,0,0,1,0,0,0,0,0,4.707E+20,5.55345E+21,8.59004E+15,5.01325E+16
32740,6,6,11,0,2018,7,14,2,3,2,6,0,0,1,0,0,0,0,0,5.33812E+20,5.68492E+21,9.48515E+15,5.13146E+16
32741,6,5,31,2,2018,7,19,7,2,5,3,0,0,1,0,1,0,0,0,4.71772E+20,5.61071E+21,8.60074E+15,5.06476E+16
32742,6,4,12,0,2018,7,8,5,3,8,7,0,0,1,0,0,0,0,0,4.81594E+20,5.55547E+21,8.74237E+15,5.01512E+16
32743,6,4,31,4,2018,7,12,3,2,5,3,0,0,1,0,0,0,0,0,4.78709E+20,5.49135E+21,8.70551E+15,4.95744E+16
32744,6,6,35,6,2018,7,12,4,2,1,7,0,1,1,0,0,0,0,0,4.83154E+20,5.64913E+21,8.75996E+15,5.09935E+16
32745,6,6,32,18,2018,7,11,7,3,0,7,0,0,1,0,1,0,0,0,5.54053E+20,5.64937E+21,9.77021E+15,5.09934E+16
32746,6,5,32,1,2018,6,19,3,3,8,1,0,0,0,0,1,0,0,0,4.61714E+20,5.60687E+21,8.45887E+15,5.06125E+16
32747,6,5,32,11,2018,6,21,4,1,5,2,0,0,1,0,1,0,0,0,4.42191E+20,5.62022E+21,8.18088E+15,5.07309E+16
32748,6,4,40,3,2018,7,22,5,3,5,3,2,0,1,0,1,0,0,0,4.819E+20,5.5621E+21,8.74634E+15,5.02108E+16
32749,6,5,32,12,2018,6,17,7,2,8,7,0,0,0,0,1,0,0,0,4.48859E+20,5.60998E+21,8.27677E+15,5.06394E+16
32750,6,4,12,0,2018,7,18,6,3,2,6,0,0,1,0,0,0,0,0,4.77971E+20,5.55306E+21,8.69179E+15,5.01294E+16
32751,6,4,36,10,2018,7,9,4,3,5,2,0,1,1,0,0,0,0,0,4.63926E+20,5.55175E+21,8.49542E+15,5.01169E+16
32752,6,4,14,0,2018,7,11,2,3,2,6,0,0,1,0,0,0,1,0,4.44893E+20,5.54879E+21,8.22965E+15,5.00888E+16
32753,6,6,34,14,2018,7,7,3,3,5,2,0,1,1,0,0,0,0,0,5.37573E+20,5.66333E+21,9.53685E+15,5.11202E+16
32754,6,4,12,0,2018,7,15,6,3,5,2,0,0,1,0,1,0,0,0,4.77668E+20,5.55059E+21,8.6877E+15,5.01072E+16
32755,6,5,34,10,2018,7,14,5,3,1,2,0,0,1,0,0,1,0,0,4.70723E+20,5.62455E+21,8.5848E+15,5.0772E+16
32756,6,4,11,0,2018,7,8,3,3,2,6,0,0,1,0,0,0,0,0,4.73204E+20,5.52418E+21,8.62711E+15,4.98695E+16
32757,6,4,14,0,2018,7,11,4,3,0,7,0,0,1,0,0,0,1,0,4.48696E+20,5.54847E+21,8.28285E+15,5.00862E+16
32758,6,6,35,8,2018,7,20,7,3,9,7,0,0,1,0,0,0,0,0,5.0371E+20,5.70398E+21,9.05343E+15,5.1487E+16
32759,6,5,31,11,2018,6,17,3,3,2,6,0,0,1,0,1,0,0,0,4.86625E+20,5.59654E+21,8.81133E+15,5.05207E+16
32760,6,4,34,8,2018,6,8,4,3,5,3,0,1,1,0,0,0,0,0,4.70015E+20,5.56148E+21,8.57982E+15,5.02048E+16
32761,6,4,35,26,2018,7,12,5,3,2,2,0,0,1,0,0,0,1,0,4.88545E+20,5.56115E+21,8.83948E+15,5.02024E+16
32762,6,4,34,1,2018,6,12,7,3,2,6,0,0,1,0,0,0,0,0,4.7782E+20,5.56288E+21,8.6891E+15,5.02177E+16
32763,6,4,14,0,2018,7,13,6,3,5,3,0,1,1,0,0,0,0,0,4.43761E+20,5.54357E+21,8.21458E+15,5.00418E+16
32764,6,4,38,9,2018,7,21,4,3,5,2,1,0,1,0,0,0,0,0,4.81996E+20,5.54467E+21,8.74851E+15,5.00541E+16
32765,6,6,11,0,2018,7,10,2,3,5,3,0,0,1,0,0,0,0,0,5.35755E+20,5.68606E+21,9.51314E+15,5.13248E+16
32766,6,6,36,13,2018,7,19,3,3,8,3,0,0,1,0,0,0,0,0,5.83679E+20,5.66663E+21,1.01963E+16,5.1145E+16
32767,6,6,11,0,2018,7,12,6,3,5,3,0,1,1,0,0,0,0,0,5.34154E+20,5.68495E+21,9.49006E+15,5.13148E+16
32768,6,5,32,23,2018,6,23,3,3,3,6,2,0,1,0,0,1,0,0,4.70403E+20,5.60184E+21,8.58208E+15,5.05677E+16
32769,6,5,35,13,2018,7,15,1,2,2,6,0,0,1,0,0,0,0,1,5.0002E+20,5.61063E+21,9.00028E+15,5.06475E+16
32770,6,6,11,0,2018,7,10,2,3,2,6,0,0,1,0,0,0,0,0,5.30731E+20,5.68728E+21,9.44115E+15,5.13359E+16
32771,6,4,35,14,2018,6,9,3,3,5,3,0,0,1,0,0,0,0,0,4.94514E+20,5.54978E+21,8.92329E+15,5.01002E+16
32772,6,6,11,0,2018,7,18,4,3,5,2,0,0,1,0,0,0,0,0,5.29734E+20,5.6837E+21,9.42654E+15,5.13038E+16
32773,6,5,32,23,2018,7,13,6,3,5,3,0,0,1,0,0,0,0,0,4.7168E+20,5.60093E+21,8.60018E+15,5.05596E+16
32774,6,4,12,0,2018,6,7,6,3,5,3,0,1,1,0,0,0,0,0,4.81524E+20,5.55233E+21,8.74154E+15,5.01229E+16
32775,6,4,32,5,2018,7,16,2,3,2,6,0,0,1,0,0,0,0,0,4.85476E+20,5.53236E+21,8.79758E+15,4.99435E+16
32776,6,6,36,3,2018,7,13,1,3,1,5,0,0,1,0,1,0,0,0,5.68746E+20,5.67559E+21,9.98455E+15,5.12275E+16
32777,6,5,32,6,2018,7,8,3,3,2,6,0,0,1,0,0,0,1,0,4.4922E+20,5.61958E+21,8.28055E+15,5.07258E+16
32778,6,4,33,4,2018,7,17,6,3,2,6,0,0,1,0,0,0,0,0,4.67101E+20,5.51051E+21,8.54334E+15,4.97462E+16
32779,6,4,35,20,2018,7,10,6,2,5,3,0,0,1,0,1,0,0,0,4.99448E+20,5.55982E+21,8.99227E+15,5.01905E+16
32780,6,4,14,0,2018,7,0,1,3,0,7,2,0,0,1,0,0,1,0,4.46886E+20,5.54691E+21,8.25776E+15,5.00721E+16
32781,6,4,38,6,2018,7,10,3,2,2,6,0,0,1,0,1,0,0,0,4.74019E+20,5.53775E+21,8.63754E+15,4.99915E+16
32782,6,6,35,15,2018,7,12,3,2,0,3,0,0,1,0,0,0,0,0,4.84539E+20,5.6769E+21,8.7785E+15,5.12432E+16
32783,6,4,40,8,2018,7,7,5,3,5,3,0,0,1,0,0,1,0,0,4.8114E+20,5.57446E+21,8.73507E+15,5.0322E+16
32784,6,4,12,0,2018,6,9,5,3,2,6,0,0,1,0,0,0,0,0,4.81421E+20,5.55229E+21,8.7401E+15,5.01226E+16
32785,6,4,34,12,2018,7,22,1,2,0,1,2,1,0,0,0,0,0,0,4.70109E+20,5.57383E+21,8.58016E+15,5.03159E+16
32786,6,4,38,11,2018,6,19,3,3,9,1,0,0,1,0,0,0,0,0,4.92229E+20,5.5453E+21,8.89144E+15,5.00599E+16
32787,6,4,33,11,2018,7,20,6,3,2,6,1,0,1,0,0,0,0,0,4.58797E+20,5.52362E+21,8.4267E+15,4.98635E+16
32788,6,6,35,22,2018,6,14,7,1,8,1,0,0,0,0,1,0,0,0,4.74228E+20,5.68376E+21,8.63029E+15,5.13045E+16
32789,6,4,12,0,2018,7,18,2,3,6,3,0,0,0,1,1,0,0,0,4.76042E+20,5.55027E+21,8.66498E+15,5.01042E+16
32790,6,4,12,0,2018,7,17,7,3,2,6,0,0,1,0,0,0,0,0,4.73457E+20,5.54848E+21,8.62895E+15,5.0088E+16
32791,6,4,31,20,2018,7,16,5,2,2,6,0,0,1,0,0,0,0,0,4.68092E+20,5.4879E+21,8.55895E+15,4.95428E+16
32792,6,4,32,18,2018,7,16,3,3,4,6,0,0,1,0,0,1,0,0,4.68812E+20,5.51779E+21,8.56652E+15,4.98117E+16
32793,6,4,35,8,2018,7,16,4,2,9,6,0,0,1,0,0,0,0,0,5.3404E+20,5.55324E+21,9.47626E+15,5.01304E+16
32794,6,4,40,16,2018,7,0,7,3,0,1,2,0,0,0,1,0,0,0,4.97715E+20,5.58348E+21,8.96785E+15,5.04034E+16
32795,6,4,12,0,2018,6,17,3,3,2,6,0,0,1,0,0,0,0,0,4.69539E+20,5.54463E+21,8.57449E+15,5.00531E+16
32796,6,5,31,16,2018,6,15,4,2,4,1,0,0,1,0,0,0,0,0,4.89434E+20,5.60587E+21,8.85069E+15,5.06046E+16
32797,6,6,31,9,2018,7,13,5,3,0,1,0,1,0,0,0,0,0,0,5.47776E+20,5.59842E+21,9.67416E+15,5.05358E+16
32798,6,5,35,17,2018,6,14,7,3,2,6,0,0,1,0,1,0,0,0,5.21034E+20,5.61825E+21,9.29795E+15,5.07157E+16
32799,6,4,34,9,2018,6,11,7,3,5,3,0,0,1,0,1,0,0,0,4.61598E+20,5.57097E+21,8.46092E+15,5.02896E+16
32800,6,4,33,6,2018,6,12,5,2,0,1,0,1,0,0,0,0,0,0,4.62651E+20,5.52646E+21,8.48005E+15,4.98894E+16
32801,6,4,40,8,2018,7,13,4,3,2,2,0,0,1,0,0,0,0,0,4.837E+20,5.57524E+21,8.77099E+15,5.0329E+16
32802,6,6,33,5,2018,7,8,2,3,4,1,0,0,1,0,0,0,0,0,5.28587E+20,5.69401E+21,9.41091E+15,5.13966E+16
32803,6,4,31,16,2018,7,12,3,3,2,6,0,0,1,0,0,0,1,0,4.7002E+20,5.50015E+21,8.58466E+15,4.96532E+16
32804,6,4,35,28,2018,7,10,6,2,8,1,0,0,0,0,1,0,0,0,5.3151E+20,5.5826E+21,9.44331E+15,5.03946E+16
32805,6,6,11,0,2018,7,22,7,2,3,6,2,0,1,0,0,0,0,0,5.33057E+20,5.68235E+21,9.47408E+15,5.12915E+16
32806,6,6,35,19,2018,7,13,3,3,8,1,0,0,0,0,1,0,0,0,4.95097E+20,5.67243E+21,8.92982E+15,5.12033E+16
32807,6,4,36,6,2018,6,9,3,3,3,6,0,0,1,0,0,1,0,0,4.56567E+20,5.545E+21,8.39326E+15,5.00557E+16
32808,6,4,35,1,2018,7,17,4,3,5,3,0,1,0,0,1,0,0,0,5.24301E+20,5.56429E+21,9.34071E+15,5.02302E+16
32809,6,4,35,17,2018,7,20,5,2,5,3,0,0,1,0,1,0,0,0,5.0076E+20,5.55886E+21,9.01064E+15,5.0182E+16
32810,6,4,39,3,2018,6,12,6,3,5,3,0,1,1,0,0,0,0,0,4.37282E+20,5.54201E+21,8.12437E+15,5.00271E+16
32811,6,6,31,13,2018,7,13,2,3,9,7,0,0,1,0,0,0,0,0,5.59765E+20,5.60667E+21,9.84465E+15,5.06088E+16
32812,6,6,35,3,2018,7,12,1,3,9,1,0,0,1,0,0,0,0,0,5.08244E+20,5.6655E+21,9.11784E+15,5.11409E+16