OBJECTID_1,ULAND,UREGBEZ,UKREIS,UGEMEINDE,UJAHR,UMONAT,USTUNDE,UWOCHENTAG,UKATEGORIE,UART,UTYP1,ULICHTVERH,IstRad,IstPKW,IstFuss,IstKrad,IstGkfz,IstSonstig,STRZUSTAND,LINREFX,LINREFY,XGCSWGS84,YGCSWGS84
32813,6,4,12,0,2018,7,10,6,3,2,6,0,0,1,0,0,0,0,0,4.78223E+20,5.55349E+21,8.69529E+15,5.01332E+16
32814,6,6,11,0,2018,7,0,1,2,9,1,2,0,0,0,1,0,0,0,5.32149E+20,5.68116E+21,9.46095E+15,5.12809E+16
32815,6,4,32,1,2018,7,12,3,3,5,3,0,0,1,0,1,0,0,0,4.71209E+20,5.50983E+21,8.60041E+15,4.97402E+16
32816,6,4,40,16,2018,7,12,1,2,3,2,0,1,0,0,1,0,0,0,5.08705E+20,5.58475E+21,9.12253E+15,5.04147E+16
32817,6,6,35,22,2018,7,22,7,3,6,4,2,0,1,1,0,0,0,0,4.725E+20,5.68263E+21,8.60559E+15,5.12943E+16
32818,6,4,38,9,2018,7,18,2,3,2,6,0,0,1,0,0,0,0,0,4.78178E+20,5.54513E+21,8.69514E+15,5.0058E+16
32819,6,4,14,0,2018,6,17,3,3,8,1,0,0,1,0,0,0,0,0,4.52038E+20,5.54135E+21,8.33045E+15,5.00226E+16
32820,6,4,39,12,2018,7,16,4,3,5,3,0,0,1,0,0,0,0,0,4.29777E+20,5.53922E+21,8.02013E+15,5.00011E+16
32821,6,4,13,0,2018,7,16,6,3,2,6,0,0,1,0,0,0,0,0,4.80955E+20,5.54691E+21,8.73385E+15,5.00742E+16
32822,6,4,11,0,2018,6,13,6,3,5,3,0,1,1,0,0,0,0,0,4.74242E+20,5.52443E+21,8.64154E+15,4.98717E+16
32823,6,5,34,10,2018,7,17,2,2,5,3,0,0,1,0,0,0,0,0,4.72654E+20,5.62376E+21,8.61224E+15,5.0765E+16
32824,6,5,33,8,2018,7,21,1,3,4,6,2,0,1,0,0,0,0,0,4.41313E+20,5.57588E+21,8.17541E+15,5.03321E+16
32825,6,6,11,0,2018,7,15,2,3,5,2,0,0,1,0,0,0,0,0,5.36673E+20,5.68447E+21,9.52616E+15,5.13103E+16
32826,6,5,31,13,2018,7,15,5,3,5,2,0,0,1,0,1,0,0,1,4.79094E+20,5.61007E+21,8.70434E+15,5.06421E+16
32827,6,4,14,0,2018,7,18,6,2,4,6,0,0,1,0,0,0,1,0,4.55064E+20,5.54695E+21,8.37203E+15,5.00732E+16
32828,6,4,37,13,2018,7,16,1,3,8,1,0,0,0,0,1,0,0,0,4.94318E+20,5.50693E+21,8.92117E+15,4.97149E+16
32829,6,5,32,5,2018,7,18,3,3,5,2,0,0,1,0,1,0,0,0,4.51983E+20,5.63134E+21,8.31817E+15,5.08318E+16
32830,6,4,14,0,2018,7,15,5,3,3,6,0,0,1,0,0,0,0,0,4.45449E+20,5.54687E+21,8.23769E+15,5.00716E+16
32831,6,4,38,11,2018,7,9,5,3,9,6,0,0,1,0,0,0,0,0,4.92359E+20,5.53862E+21,8.89338E+15,4.99998E+16
32832,6,6,35,2,2018,6,6,5,2,6,2,0,0,0,1,0,0,1,0,4.99677E+20,5.69155E+21,8.99537E+15,5.13752E+16
32833,6,4,31,13,2018,7,9,1,3,0,1,0,0,0,0,1,0,0,0,4.69663E+20,5.49408E+21,8.58017E+15,4.95985E+16
32834,6,4,33,10,2018,6,16,3,3,2,6,0,0,1,0,1,0,0,0,4.63438E+20,5.53966E+21,8.48975E+15,5.00081E+16
32835,6,4,35,14,2018,7,6,6,2,2,6,0,0,0,0,0,1,0,0,4.93767E+20,5.54999E+21,8.91285E+15,5.01021E+16
32836,6,4,14,0,2018,6,13,7,3,5,2,0,0,1,0,0,0,0,0,4.48983E+20,5.54106E+21,8.28784E+15,5.00197E+16
32837,6,6,34,25,2018,7,11,2,3,5,3,0,0,0,0,0,0,1,0,5.22081E+20,5.66237E+21,9.31544E+15,5.11124E+16
32838,6,4,39,7,2018,7,17,7,1,4,6,0,0,0,0,1,0,1,1,4.40509E+20,5.56867E+21,8.16526E+15,5.02672E+16
32839,6,6,32,8,2018,7,21,4,3,7,7,2,0,0,0,1,0,0,0,5.47912E+20,5.62537E+21,9.67957E+15,5.07781E+16
32840,6,4,31,13,2018,7,5,3,2,5,2,0,0,1,0,1,0,0,0,4.56469E+20,5.49824E+21,8.39714E+15,4.96352E+16
32841,6,5,34,4,2018,7,17,4,3,8,1,0,0,1,0,0,0,0,1,4.6489E+20,5.64168E+21,8.50043E+15,5.09257E+16
32842,6,5,34,11,2018,7,15,7,3,7,7,0,0,1,0,0,0,0,0,5.00627E+20,5.63286E+21,9.00891E+15,5.08475E+16
32843,6,4,40,18,2018,6,15,3,3,2,6,0,0,0,0,0,1,1,0,4.78626E+20,5.57905E+21,8.69949E+15,5.03631E+16
32844,6,4,12,0,2018,6,12,4,3,3,7,0,0,1,0,0,1,1,0,4.81182E+20,5.54786E+21,8.73697E+15,5.00827E+16
32845,6,4,14,0,2018,7,12,5,3,2,6,0,0,1,0,0,0,0,0,4.55013E+20,5.54689E+21,8.37133E+15,5.00726E+16
32846,6,6,35,11,2018,7,10,6,2,8,1,0,0,0,0,1,0,0,0,4.80242E+20,5.66141E+21,8.71779E+15,5.11038E+16
32847,6,6,31,20,2018,6,12,7,3,0,3,0,0,0,0,0,0,1,0,5.50595E+20,5.60099E+21,9.71429E+15,5.05586E+16
32848,6,4,34,8,2018,6,15,7,3,2,6,0,0,1,0,0,0,1,0,4.7033E+20,5.56352E+21,8.58408E+15,5.02231E+16
32849,6,5,32,23,2018,7,7,4,3,0,7,0,1,0,0,0,0,0,0,4.64376E+20,5.6007E+21,8.49708E+15,5.05572E+16
32850,6,4,36,8,2018,7,2,2,3,8,1,2,0,1,0,0,0,0,0,4.61175E+20,5.55311E+21,8.45681E+15,5.0129E+16
32851,6,5,32,9,2018,7,21,3,3,8,1,1,0,1,0,0,0,0,0,4.55278E+20,5.62736E+21,8.36544E+15,5.07963E+16
32852,6,4,35,8,2018,7,16,6,2,8,1,0,0,0,0,1,0,0,0,5.2794E+20,5.55278E+21,9.39089E+15,5.01266E+16
32853,6,5,34,5,2018,7,10,7,3,2,2,0,0,1,0,0,0,0,0,4.62044E+20,5.63679E+21,8.46045E+15,5.08815E+16
32854,6,5,33,3,2018,7,10,3,3,6,2,0,0,1,1,0,0,0,0,4.47603E+20,5.57217E+21,8.26431E+15,5.02993E+16
32855,6,4,35,6,2018,6,15,2,3,5,3,0,0,1,0,0,1,0,0,4.93764E+20,5.55841E+21,8.91266E+15,5.01779E+16
32856,6,4,32,4,2018,7,9,4,3,2,6,0,0,1,0,0,0,0,0,4.88804E+20,5.52784E+21,8.84409E+15,4.99029E+16
32857,6,6,11,0,2018,7,16,5,3,2,6,0,1,0,0,0,0,0,0,5.36096E+20,5.68141E+21,9.51756E+15,5.12829E+16
32858,6,4,32,4,2018,6,7,6,3,0,6,0,0,1,0,1,0,0,0,4.88783E+20,5.52772E+21,8.84381E+15,4.99017E+16
32859,6,4,12,0,2018,7,18,2,2,9,1,0,0,1,0,1,0,0,0,4.8035E+20,5.55324E+21,8.72507E+15,5.01311E+16
32860,6,5,31,5,2018,6,19,4,3,5,2,0,1,1,0,0,0,0,0,4.77397E+20,5.60467E+21,8.68066E+15,5.05935E+16
32861,6,4,34,11,2018,7,16,1,3,5,2,0,0,1,0,0,0,0,0,4.65237E+20,5.57821E+21,8.51132E+15,5.0355E+16
32862,6,4,11,0,2018,7,12,6,2,3,6,0,0,0,0,1,1,0,0,4.76274E+20,5.52472E+21,8.6698E+15,4.98744E+16
32863,6,4,34,11,2018,7,14,1,2,5,3,0,0,1,0,1,0,0,0,4.68867E+20,5.5767E+21,8.56248E+15,5.03415E+16
32864,6,5,31,11,2018,7,9,3,3,6,4,0,0,1,1,0,0,0,0,4.86991E+20,5.59649E+21,8.81649E+15,5.05203E+16
32865,6,4,31,14,2018,7,11,1,2,8,1,0,0,0,0,1,0,0,0,4.81709E+20,5.50626E+21,8.74631E+15,4.97086E+16
32866,6,4,40,3,2018,7,16,5,3,3,6,0,0,1,0,1,0,0,0,4.807E+20,5.55706E+21,8.72977E+15,5.01655E+16
32867,6,6,34,9,2018,7,13,4,2,2,6,0,0,1,0,0,0,1,0,5.27102E+20,5.65605E+21,9.3867E+15,5.10553E+16
32868,6,4,32,7,2018,6,14,5,3,5,2,0,1,1,0,0,0,0,0,4.86774E+20,5.51366E+21,8.8163E+15,4.97753E+16
32869,6,6,36,3,2018,7,13,7,3,9,7,0,0,1,0,0,0,0,0,5.69724E+20,5.67279E+21,9.99801E+15,5.12023E+16
32870,6,6,35,15,2018,6,21,2,2,5,3,1,0,1,0,0,0,0,0,4.87931E+20,5.67893E+21,8.82703E+15,5.12616E+16
32871,6,4,12,0,2018,6,11,4,3,2,6,0,0,1,0,0,0,0,0,4.80602E+20,5.55219E+21,8.72865E+15,5.01217E+16
32872,6,4,12,0,2018,7,16,5,3,6,4,0,0,1,1,0,0,0,0,4.77914E+20,5.54888E+21,8.69123E+15,5.00918E+16
32873,6,4,39,5,2018,6,17,7,2,9,7,0,0,1,0,1,0,0,0,4.25808E+20,5.56127E+21,7.96046E+15,5.0199E+16
32874,6,4,32,17,2018,7,21,2,3,0,3,0,1,1,0,0,0,0,0,4.90041E+20,5.52206E+21,8.86147E+15,4.98509E+16
32875,6,4,12,0,2018,7,0,7,2,9,1,2,0,0,0,1,0,0,0,4.6307E+20,5.54926E+21,8.48369E+15,5.00945E+16
32876,6,4,40,4,2018,6,19,7,3,0,7,0,1,1,0,0,0,0,0,5.07736E+20,5.57188E+21,9.10862E+15,5.0299E+16
32877,6,4,12,0,2018,7,14,4,3,0,1,0,1,0,0,0,0,0,0,4.8096E+20,5.54982E+21,8.73378E+15,5.01004E+16
32878,6,4,12,0,2018,7,14,3,2,2,6,0,0,0,0,0,1,1,0,4.796E+20,5.54578E+21,8.71497E+15,5.00639E+16
32879,6,4,14,0,2018,7,17,4,3,2,6,0,0,1,0,0,0,0,0,4.52096E+20,5.54506E+21,8.3308E+15,5.00559E+16
32880,6,6,35,18,2018,7,8,6,3,0,1,0,0,0,0,1,0,0,0,4.98683E+20,5.68727E+21,8.98109E+15,5.13367E+16
32881,6,6,32,2,2018,6,12,2,3,2,6,0,1,1,0,0,0,0,0,5.51073E+20,5.63744E+21,9.72608E+15,5.08864E+16
32882,6,6,35,12,2018,7,6,5,3,2,6,0,0,1,0,0,0,1,0,4.9759E+20,5.64526E+21,8.96569E+15,5.0959E+16
32883,6,4,14,0,2018,7,8,5,3,3,6,0,0,1,0,0,0,0,0,4.43648E+20,5.5436E+21,8.21301E+15,5.0042E+16
32884,6,4,40,5,2018,6,16,5,3,4,6,0,0,1,0,0,0,1,0,4.72571E+20,5.58228E+21,8.61413E+15,5.0392E+16
32885,6,5,31,10,2018,7,10,1,2,8,1,0,0,0,0,1,0,0,0,5.04738E+20,5.59719E+21,9.06685E+15,5.05266E+16
32886,6,5,35,15,2018,6,5,2,3,4,6,1,0,1,0,0,0,0,1,5.37068E+20,5.6142E+21,9.52465E+15,5.06785E+16
32887,6,6,11,0,2018,7,21,5,2,6,3,1,1,0,1,0,0,0,0,5.34185E+20,5.68471E+21,9.49049E+15,5.13126E+16
32888,6,6,36,4,2018,6,3,7,3,8,1,2,0,1,0,0,0,0,0,5.54999E+20,5.6771E+21,9.78793E+15,5.12427E+16
32889,6,4,34,13,2018,7,12,2,2,2,6,0,0,1,0,0,0,0,0,4.59598E+20,5.57298E+21,8.43263E+15,5.03075E+16
32890,6,4,32,11,2018,7,20,7,3,8,1,0,1,0,0,0,0,0,0,4.87937E+20,5.52584E+21,8.83208E+15,4.98848E+16
32891,6,6,11,0,2018,7,12,4,3,2,6,0,0,1,0,0,0,0,0,5.34337E+20,5.68704E+21,9.49288E+15,5.13336E+16
32892,6,6,31,6,2018,7,3,3,3,8,1,2,1,0,0,0,0,0,0,5.48317E+20,5.59329E+21,9.68113E+15,5.04896E+16
32893,6,5,31,8,2018,7,8,4,3,5,3,0,1,1,0,0,0,0,0,4.88153E+20,5.58759E+21,8.83317E+15,5.04402E+16
32894,6,5,31,8,2018,7,1,7,3,9,1,2,0,1,0,0,0,0,0,4.93902E+20,5.59339E+21,8.91403E+15,5.04925E+16
32895,6,6,11,0,2018,6,10,2,3,3,6,0,0,1,0,0,1,0,0,5.36037E+20,5.68499E+21,9.51708E+15,5.13151E+16
32896,6,6,33,20,2018,6,9,2,3,8,1,0,0,1,0,0,0,0,0,5.42288E+20,5.68605E+21,9.60689E+15,5.13241E+16
32897,6,6,11,0,2018,7,13,4,3,2,6,0,0,1,1,0,0,0,0,5.33201E+20,5.68463E+21,9.47636E+15,5.1312E+16
32898,6,5,32,6,2018,7,17,6,3,2,6,0,0,1,0,0,1,0,0,4.49044E+20,5.62278E+21,8.27762E+15,5.07546E+16
32899,6,4,12,0,2018,6,5,7,3,8,1,0,0,0,0,1,0,0,0,4.6884E+20,5.55286E+21,8.56406E+15,5.01272E+16
32900,6,5,32,7,2018,6,21,7,3,8,7,2,0,1,0,0,0,0,0,4.3853E+20,5.61012E+21,8.13069E+15,5.06397E+16
32901,6,4,12,0,2018,7,13,4,3,2,6,0,0,1,0,0,0,0,0,4.8025E+20,5.54589E+21,8.72405E+15,5.0065E+16
32902,6,4,40,17,2018,7,19,2,3,5,3,0,0,1,0,0,0,0,0,4.87803E+20,5.56776E+21,8.82888E+15,5.02619E+16
32903,6,4,33,6,2018,7,14,3,3,4,6,0,0,1,0,0,0,0,0,4.66338E+20,5.53322E+21,8.53078E+15,4.99504E+16
32904,6,4,40,25,2018,7,6,6,3,5,3,0,1,1,0,0,0,0,0,4.82669E+20,5.56873E+21,8.7568E+15,5.02704E+16
32905,6,6,31,8,2018,7,19,7,3,2,2,0,0,1,0,0,0,1,0,5.37583E+20,5.58353E+21,9.52884E+15,5.04026E+16
32906,6,6,31,9,2018,7,12,2,3,5,3,0,0,1,0,0,1,0,0,5.49007E+20,5.5996E+21,9.69169E+15,5.05463E+16
32907,6,4,14,0,2018,7,15,3,3,6,2,0,0,0,1,0,0,1,0,4.44996E+20,5.54717E+21,8.23131E+15,5.00743E+16
32908,6,6,11,0,2018,6,7,2,3,5,2,0,1,1,0,0,0,0,0,5.34888E+20,5.68484E+21,9.50057E+15,5.13138E+16
32909,6,5,35,9,2018,7,0,4,3,7,7,2,0,0,0,1,0,0,0,4.96055E+20,5.61742E+21,8.94413E+15,5.07086E+16
32910,6,6,36,4,2018,7,19,5,3,2,6,0,0,1,0,0,0,0,0,5.58379E+20,5.68017E+21,9.83684E+15,5.12699E+16
32911,6,4,33,7,2018,6,15,6,2,3,6,0,0,1,0,0,0,0,0,4.64472E+20,5.54217E+21,8.50394E+15,5.00308E+16
32912,6,5,35,15,2018,7,14,1,3,2,5,0,0,1,0,0,0,0,0,5.40021E+20,5.61465E+21,9.56649E+15,5.06823E+16
32913,6,4,14,0,2018,6,17,2,3,0,1,0,0,0,0,1,0,0,0,4.44405E+20,5.54642E+21,8.22317E+15,5.00675E+16
32914,6,4,34,5,2018,7,11,6,3,2,6,0,0,1,0,0,0,0,0,4.65568E+20,5.55733E+21,8.51788E+15,5.01672E+16
32915,6,4,40,1,2018,7,21,1,2,8,1,0,0,1,0,1,0,0,0,4.94984E+20,5.56988E+21,8.92959E+15,5.0281E+16
32916,6,4,33,5,2018,7,9,3,3,2,6,0,0,1,0,0,0,1,0,4.51698E+20,5.5363E+21,8.32634E+15,4.99771E+16
32917,6,5,31,6,2018,7,21,1,2,5,3,1,0,1,0,1,0,0,0,4.97431E+20,5.60367E+21,8.96371E+15,5.05849E+16
32918,6,4,40,23,2018,7,13,5,3,2,6,0,0,1,0,0,0,0,0,4.79562E+20,5.57408E+21,8.71291E+15,5.03185E+16
32919,6,4,13,0,2018,7,17,3,3,0,7,0,0,1,0,0,0,0,0,4.86273E+20,5.55138E+21,8.80801E+15,5.01145E+16
32920,6,6,33,9,2018,7,14,4,2,5,3,0,0,1,0,0,0,0,0,5.403E+20,5.6948E+21,9.57936E+15,5.1403E+16
32921,6,4,12,0,2018,7,12,7,3,2,6,0,0,1,0,0,0,0,0,4.66694E+20,5.55147E+21,8.53417E+15,5.01146E+16
32922,6,4,12,0,2018,6,17,2,3,2,6,0,0,1,0,0,0,0,0,4.68963E+20,5.55195E+21,8.56586E+15,5.0119E+16
32923,6,6,34,18,2018,6,15,4,3,5,3,0,0,1,0,0,0,0,0,5.22206E+20,5.67391E+21,9.31794E+15,5.12162E+16
32924,6,4,35,28,2018,7,18,5,3,5,2,0,0,1,0,0,0,0,0,5.31043E+20,5.57385E+21,9.43602E+15,5.03159E+16
32925,6,4,38,8,2018,6,15,7,3,5,3,0,0,1,0,0,0,0,0,4.88342E+20,5.55207E+21,8.83693E+15,5.01208E+16
32926,6,6,31,9,2018,7,13,2,3,2,6,0,0,1,0,0,1,0,0,5.4753E+20,5.59966E+21,9.67084E+15,5.05469E+16
32927,6,5,33,14,2018,7,18,6,3,8,7,0,0,1,0,0,0,0,0,4.43982E+20,5.57706E+21,8.21273E+15,5.03429E+16
32928,6,4,11,0,2018,6,19,7,2,2,6,0,0,1,0,1,0,0,0,4.74461E+20,5.51656E+21,8.64511E+15,4.98009E+16
32929,6,4,39,1,2018,7,17,4,3,2,7,0,0,1,0,0,0,0,0,4.32846E+20,5.56483E+21,8.05843E+15,5.02318E+16
32930,6,5,35,16,2018,7,18,2,2,8,1,0,0,0,0,1,0,0,0,5.10616E+20,5.59737E+21,9.14978E+15,5.05282E+16
32931,6,4,35,21,2018,7,18,3,3,5,2,0,0,1,0,0,0,0,0,4.89766E+20,5.56406E+21,8.85653E+15,5.02286E+16
32932,6,5,35,16,2018,7,14,6,3,9,1,0,0,0,0,1,0,0,0,5.21418E+20,5.59697E+21,9.30216E+15,5.05243E+16
32933,6,4,12,0,2018,6,15,2,3,0,2,0,0,1,0,0,0,1,0,4.8312E+20,5.55377E+21,8.76379E+15,5.01359E+16
32934,6,6,11,0,2018,7,11,2,3,2,6,0,0,1,0,0,0,0,0,5.31636E+20,5.68234E+21,9.4537E+15,5.12915E+16
32935,6,4,32,23,2018,6,15,2,3,5,3,0,0,1,0,0,0,0,0,4.70843E+20,5.53198E+21,8.59367E+15,4.99394E+16
32936,6,4,37,12,2018,7,10,4,3,4,6,0,0,1,0,0,0,0,0,4.95925E+20,5.49983E+21,8.94355E+15,4.9651E+16
32937,6,6,31,10,2018,7,22,6,2,8,1,2,0,1,0,0,0,0,0,5.58605E+20,5.58913E+21,9.8255E+15,5.04513E+16
32938,6,4,14,0,2018,6,19,6,3,2,6,0,0,1,0,0,0,0,0,4.48688E+20,5.54058E+21,8.2838E+15,5.00153E+16
32939,6,4,31,21,2018,6,17,7,2,4,1,0,0,1,0,0,0,1,0,4.89123E+20,5.49268E+21,8.84952E+15,4.95866E+16
32940,6,5,32,11,2018,7,11,2,3,2,6,0,0,1,0,0,0,0,1,4.44253E+20,5.62476E+21,8.2094E+15,5.07719E+16
32941,6,5,31,3,2018,7,9,2,3,3,6,0,0,1,0,0,1,0,0,4.8642E+20,5.60372E+21,8.80818E+15,5.05852E+16
32942,6,4,12,0,2018,7,7,3,3,2,6,0,0,1,0,0,0,0,0,4.72328E+20,5.5466E+21,8.61332E+15,5.0071E+16
32943,6,5,31,6,2018,7,20,6,2,5,2,0,0,1,0,1,0,0,0,4.96226E+20,5.60473E+21,8.94668E+15,5.05945E+16
32944,6,4,12,0,2018,7,12,7,3,2,6,0,0,1,0,0,0,0,1,4.64717E+20,5.54728E+21,8.50689E+15,5.00767E+16
32945,6,4,14,0,2018,7,9,1,3,2,2,0,0,1,0,0,0,0,0,4.49098E+20,5.54144E+21,8.2894E+15,5.00231E+16
32946,6,6,34,24,2018,7,7,3,2,8,1,0,1,0,0,0,0,0,0,5.49825E+20,5.66433E+21,9.71204E+15,5.11283E+16
32947,6,5,32,11,2018,7,10,4,2,2,6,0,0,1,0,0,1,0,0,4.41989E+20,5.62319E+21,8.17755E+15,5.07576E+16
32948,6,4,32,4,2018,7,15,5,3,5,2,0,1,1,0,0,0,0,0,4.86194E+20,5.52795E+21,8.80774E+15,4.99038E+16
32949,6,4,36,3,2018,6,19,5,3,3,6,0,0,1,0,1,0,0,0,4.69858E+20,5.55412E+21,8.5782E+15,5.01386E+16
32950,6,6,11,0,2018,7,17,1,3,2,6,0,0,1,0,0,0,0,0,5.30299E+20,5.68389E+21,9.43465E+15,5.13055E+16
32951,6,4,37,12,2018,6,21,2,2,8,1,0,1,0,0,0,0,0,0,4.93985E+20,5.49605E+21,8.91672E+15,4.9617E+16
32952,6,4,12,0,2018,7,20,2,2,6,4,0,0,1,1,0,0,0,0,4.74258E+20,5.55667E+21,8.6396E+15,5.01617E+16
32953,6,6,34,24,2018,6,6,2,3,8,1,0,0,0,0,0,0,1,1,5.49161E+20,5.66256E+21,9.7023E+15,5.11124E+16
32954,6,4,12,0,2018,7,14,4,3,5,3,0,0,1,0,0,0,0,0,4.76432E+20,5.55815E+21,8.66995E+15,5.01751E+16
32955,6,4,32,1,2018,7,14,6,3,0,7,0,0,1,0,1,0,0,1,4.69261E+20,5.50875E+21,8.57346E+15,4.97304E+16
32956,6,6,36,7,2018,6,16,6,3,2,2,0,0,1,0,0,0,0,0,5.77103E+20,5.67214E+21,1.01035E+16,5.11954E+16
32957,6,4,38,10,2018,7,18,2,3,8,7,0,0,0,0,0,0,1,0,4.88532E+20,5.54577E+21,8.83977E+15,5.00641E+16
32958,6,6,31,9,2018,7,8,3,3,0,3,0,0,1,0,1,0,0,0,5.48546E+20,5.601E+21,9.68536E+15,5.05589E+16
32959,6,5,35,1,2018,7,11,6,3,2,6,0,0,1,0,0,0,0,0,5.19012E+20,5.6227E+21,9.26953E+15,5.07558E+16
32960,6,6,34,13,2018,7,16,7,3,8,1,0,0,1,0,0,0,0,0,5.3401E+20,5.659E+21,9.48553E+15,5.10815E+16
32961,6,4,33,12,2018,7,18,2,3,2,6,0,0,1,0,0,0,0,0,4.61706E+20,5.53705E+21,8.46584E+15,4.99845E+16
32962,6,4,12,0,2018,7,15,3,3,6,4,0,1,0,1,0,0,0,0,4.78351E+20,5.55084E+21,8.69723E+15,5.01094E+16
32963,6,6,11,0,2018,6,7,2,3,5,2,0,0,1,0,0,0,0,1,5.30304E+20,5.68389E+21,9.43473E+15,5.13055E+16
32964,6,5,31,4,2018,7,19,4,2,2,6,0,0,1,0,0,0,0,0,4.82625E+20,5.60086E+21,8.7547E+15,5.05594E+16
32965,6,4,36,7,2018,7,8,5,2,1,1,0,0,1,1,0,0,0,0,4.60244E+20,5.54828E+21,8.44428E+15,5.00855E+16
32966,6,4,40,8,2018,6,13,6,2,2,6,0,0,1,0,0,1,0,0,4.7827E+20,5.57537E+21,8.6947E+15,5.033E+16
32967,6,4,13,0,2018,7,10,1,3,2,6,0,0,1,0,0,0,1,0,4.83265E+20,5.54733E+21,8.76611E+15,5.0078E+16
32968,6,6,11,0,2018,6,12,2,3,1,5,0,0,1,0,0,0,0,0,5.32235E+20,5.6805E+21,9.46212E+15,5.12749E+16
32969,6,4,32,10,2018,7,20,6,2,5,3,0,0,1,0,1,0,0,0,4.9623E+20,5.5279E+21,8.9475E+15,4.99034E+16
32970,6,5,34,7,2018,7,14,1,2,4,1,0,0,1,0,0,0,0,0,4.67671E+20,5.62829E+21,8.54119E+15,5.08055E+16
32971,6,5,33,9,2018,7,10,2,3,2,6,0,0,1,0,0,0,0,0,4.33946E+20,5.58159E+21,8.07092E+15,5.03827E+16
32972,6,5,33,3,2018,7,14,1,3,2,6,0,0,1,0,0,0,1,0,4.46563E+20,5.56863E+21,8.2502E+15,5.02674E+16
32973,6,5,35,5,2018,7,8,5,3,0,1,0,1,0,0,0,0,0,0,5.07414E+20,5.61729E+21,9.105E+15,5.07074E+16
32974,6,6,11,0,2018,7,20,3,3,1,5,0,1,1,0,0,0,0,0,5.32184E+20,5.68471E+21,9.46178E+15,5.13128E+16
32975,6,4,12,0,2018,7,18,4,3,5,3,0,1,1,0,0,0,0,0,4.81082E+20,5.55206E+21,8.73536E+15,5.01205E+16
32976,6,6,34,14,2018,7,14,7,3,3,2,0,1,1,0,0,0,0,0,5.37811E+20,5.6654E+21,9.54047E+15,5.11388E+16
32977,6,4,39,2,2018,6,13,2,3,5,3,0,0,1,0,0,0,0,0,4.34438E+20,5.5556E+21,8.08233E+15,5.0149E+16
32978,6,4,31,7,2018,6,20,4,3,8,1,0,0,1,0,0,0,0,0,4.85753E+20,5.50267E+21,8.80252E+15,4.96764E+16
32979,6,5,33,17,2018,7,11,5,3,5,3,0,0,1,0,0,0,0,0,4.48219E+20,5.59394E+21,8.26995E+15,5.04951E+16
32980,6,4,36,4,2018,6,21,7,2,9,1,0,0,0,0,1,0,0,0,4.60526E+20,5.54152E+21,8.44892E+15,5.00247E+16
32981,6,4,12,0,2018,7,17,6,3,5,3,0,0,1,0,1,0,0,0,4.64378E+20,5.54901E+21,8.502E+15,5.00923E+16
32982,6,4,31,2,2018,6,18,7,2,5,3,0,1,1,0,0,0,0,0,4.69092E+20,5.50488E+21,8.57142E+15,4.96957E+16
32983,6,5,33,13,2018,7,13,4,2,2,6,0,0,1,0,1,0,0,0,4.42437E+20,5.58497E+21,8.18982E+15,5.04139E+16
32984,6,4,14,0,2018,7,20,2,3,2,6,1,0,1,0,0,0,0,0,4.49904E+20,5.53971E+21,8.30087E+15,5.00076E+16
32985,6,6,11,0,2018,7,19,3,3,6,2,0,0,1,1,0,0,0,1,5.33511E+20,5.68779E+21,9.4811E+15,5.13404E+16
32986,6,4,36,11,2018,7,8,6,3,2,6,0,0,1,0,0,0,0,0,4.67176E+20,5.55629E+21,8.54048E+15,5.01579E+16
32987,6,4,35,27,2018,6,19,2,3,5,3,0,0,0,0,1,0,1,0,5.42098E+20,5.57502E+21,9.59142E+15,5.03258E+16
32988,6,4,35,17,2018,7,15,7,2,4,6,0,0,1,0,0,0,0,0,5.04644E+20,5.55859E+21,9.06505E+15,5.01795E+16
32989,6,6,35,13,2018,7,13,2,2,4,7,0,0,1,0,0,0,0,0,5.00741E+20,5.65806E+21,9.01058E+15,5.10741E+16
32990,6,4,38,13,2018,6,10,2,3,5,3,0,0,1,0,0,0,1,0,4.9787E+20,5.54348E+21,8.97025E+15,5.00436E+16
32991,6,4,39,16,2018,7,16,4,3,5,3,0,0,1,0,0,0,1,0,4.49859E+20,5.56857E+21,8.29645E+15,5.02672E+16
32992,6,6,35,8,2018,7,20,6,3,2,6,0,0,1,0,0,0,0,0,5.05058E+20,5.70285E+21,9.07284E+15,5.14768E+16
32993,6,4,12,0,2018,6,23,6,3,2,6,2,0,1,0,1,0,0,0,4.73774E+20,5.55004E+21,8.63328E+15,5.0102E+16
32994,6,4,32,20,2018,7,18,2,3,5,3,0,0,1,0,1,0,0,0,4.80878E+20,5.52357E+21,8.73393E+15,4.98642E+16
32995,6,6,35,19,2018,7,19,1,2,9,1,0,0,0,0,1,0,0,0,4.96541E+20,5.67378E+21,8.95048E+15,5.12154E+16
32996,6,6,32,10,2018,7,5,2,3,9,1,0,0,1,0,0,0,0,0,5.65788E+20,5.63201E+21,9.93428E+15,5.08361E+16
32997,6,4,40,23,2018,7,9,6,3,3,6,0,0,1,0,0,1,0,0,4.77198E+20,5.57266E+21,8.67979E+15,5.03056E+16
32998,6,6,33,20,2018,7,17,6,3,0,1,0,0,0,0,1,0,0,0,5.39096E+20,5.68461E+21,9.56093E+15,5.13115E+16
32999,6,4,12,0,2018,7,8,1,3,8,1,0,0,1,0,0,0,0,0,4.77939E+20,5.54987E+21,8.69153E+15,5.01006E+16
33000,6,4,36,4,2018,7,7,3,2,4,1,0,0,1,0,0,1,0,0,4.55973E+20,5.53925E+21,8.38562E+15,5.00039E+16
33001,6,4,33,9,2018,7,13,5,3,2,7,0,0,1,0,0,0,0,0,4.60257E+20,5.53217E+21,8.44614E+15,4.99406E+16
33002,6,4,37,11,2018,6,20,5,3,0,1,1,0,0,0,1,0,0,0,4.98192E+20,5.50501E+21,8.97493E+15,4.96976E+16