OBJECTID_1,ULAND,UREGBEZ,UKREIS,UGEMEINDE,UJAHR,UMONAT,USTUNDE,UWOCHENTAG,UKATEGORIE,UART,UTYP1,ULICHTVERH,IstRad,IstPKW,IstFuss,IstKrad,IstGkfz,IstSonstig,STRZUSTAND,LINREFX,LINREFY,XGCSWGS84,YGCSWGS84
33382,6,5,32,23,2018,6,11,1,3,8,1,0,0,1,0,0,0,0,0,4.67237E+20,5.60237E+21,8.53732E+15,5.05723E+16
33383,6,4,12,0,2018,7,6,2,3,5,2,0,1,1,0,0,0,0,0,4.78345E+20,5.55083E+21,8.69714E+15,5.01093E+16
33384,6,6,34,11,2018,6,8,1,2,9,1,0,0,0,0,1,0,0,0,5.33896E+20,5.65053E+21,9.48311E+15,5.10053E+16
33385,6,4,32,23,2018,7,16,4,3,5,3,0,0,1,0,0,0,0,0,4.72206E+20,5.52888E+21,8.61288E+15,4.99117E+16
33386,6,6,31,23,2018,7,23,6,3,8,1,2,0,1,0,0,0,0,0,5.71929E+20,5.60946E+21,1.00171E+16,5.06325E+16
33387,6,6,11,0,2018,6,16,6,3,6,4,0,0,0,1,1,0,0,0,5.35231E+20,5.6851E+21,9.50552E+15,5.13161E+16
33388,6,4,40,4,2018,7,17,2,3,9,1,0,0,0,0,1,0,0,0,5.09071E+20,5.57104E+21,9.12735E+15,5.02914E+16
33389,6,4,12,0,2018,7,13,2,3,2,6,0,0,1,0,0,0,0,0,4.70694E+20,5.55347E+21,8.58995E+15,5.01328E+16
33390,6,6,34,11,2018,7,16,3,2,0,7,0,0,0,0,1,0,0,1,5.35057E+20,5.64522E+21,9.49915E+15,5.09575E+16
33391,6,6,31,10,2018,7,18,6,3,0,1,0,0,0,0,1,0,0,0,5.64648E+20,5.58875E+21,9.91053E+15,5.04472E+16
33392,6,4,36,9,2018,7,8,7,2,2,6,0,0,1,0,0,0,1,0,4.62987E+20,5.54751E+21,8.4827E+15,5.00787E+16
33393,6,6,32,6,2018,7,9,1,2,5,2,0,0,1,0,0,0,0,0,5.6117E+20,5.63709E+21,9.86955E+15,5.08822E+16
33394,6,6,34,14,2018,7,8,3,3,2,6,0,0,1,0,0,0,0,0,5.38416E+20,5.66433E+21,9.54899E+15,5.11291E+16
33395,6,4,40,23,2018,7,11,4,2,2,6,0,0,1,0,0,1,0,0,4.76455E+20,5.5703E+21,8.66951E+15,5.02844E+16
33396,6,4,38,12,2018,7,21,5,3,8,1,1,0,1,0,0,0,0,0,4.88049E+20,5.53501E+21,8.83335E+15,4.99674E+16
33397,6,4,13,0,2018,6,14,5,3,2,2,0,0,1,0,0,0,0,0,4.85144E+20,5.5494E+21,8.7923E+15,5.00967E+16
33398,6,4,11,0,2018,7,13,1,3,5,2,0,0,0,0,1,0,1,0,4.7418E+20,5.5234E+21,8.64075E+15,4.98625E+16
33399,6,4,33,4,2018,6,18,1,3,0,1,0,0,0,0,1,0,0,0,4.67075E+20,5.50945E+21,8.54308E+15,4.97366E+16
33400,6,4,31,12,2018,7,7,6,3,5,3,0,1,1,0,0,0,0,0,4.92548E+20,5.47712E+21,8.8972E+15,4.94467E+16
33401,6,4,36,7,2018,7,23,1,3,2,6,2,0,1,0,0,1,0,0,4.57319E+20,5.54499E+21,8.40376E+15,5.00556E+16
33402,6,4,14,0,2018,7,15,2,3,5,3,0,0,1,0,0,0,0,0,4.48485E+20,5.54836E+21,8.27991E+15,5.00853E+16
33403,6,6,34,4,2018,7,16,7,3,4,6,0,0,1,0,0,0,0,0,5.22973E+20,5.64769E+21,9.32725E+15,5.09804E+16
33404,6,5,32,23,2018,7,14,5,3,5,3,0,0,1,0,0,0,0,0,4.65284E+20,5.60268E+21,8.50972E+15,5.0575E+16
33405,6,4,40,1,2018,7,19,3,3,3,2,0,0,1,0,0,0,0,0,4.99448E+20,5.57241E+21,8.99225E+15,5.03038E+16
33406,6,4,38,4,2018,7,15,4,3,0,7,0,0,1,0,0,0,1,0,4.95823E+20,5.54771E+21,8.94162E+15,5.00817E+16
33407,6,6,35,11,2018,7,16,7,3,0,1,0,0,0,0,1,0,0,1,4.904E+20,5.65803E+21,8.86298E+15,5.10737E+16
33408,6,4,35,7,2018,6,4,7,3,9,1,1,0,1,0,0,0,0,0,4.98289E+20,5.55568E+21,8.97605E+15,5.01534E+16
33409,6,5,31,2,2018,6,14,7,1,5,3,0,0,1,0,0,0,1,0,4.7093E+20,5.61325E+21,8.58863E+15,5.06704E+16
33410,6,4,12,0,2018,7,19,4,3,0,7,0,0,1,1,0,0,0,0,4.81514E+20,5.55356E+21,8.74134E+15,5.0134E+16
33411,6,4,35,19,2018,7,16,5,3,2,6,0,0,1,0,0,0,0,0,4.88718E+20,5.55335E+21,8.84215E+15,5.01323E+16
33412,6,4,33,8,2018,6,7,6,3,2,6,0,0,1,0,0,1,0,0,4.71696E+20,5.53502E+21,8.60533E+15,4.99669E+16
33413,6,4,14,0,2018,7,18,1,3,2,6,0,0,1,0,0,0,0,0,4.46899E+20,5.54731E+21,8.25789E+15,5.00757E+16
33414,6,5,35,16,2018,6,15,7,3,8,1,0,0,0,0,1,0,0,0,5.07588E+20,5.59561E+21,9.10701E+15,5.05124E+16
33415,6,5,32,7,2018,7,17,6,3,5,3,0,1,1,0,0,0,0,0,4.40694E+20,5.6082E+21,8.16159E+15,5.06226E+16
33416,6,4,32,8,2018,7,14,1,2,0,1,0,1,0,0,0,0,0,0,4.686E+20,5.52017E+21,8.56337E+15,4.98332E+16
33417,6,5,35,15,2018,7,15,2,3,1,1,0,0,1,0,0,0,0,0,5.39822E+20,5.61438E+21,9.56365E+15,5.06799E+16
33418,6,6,33,8,2018,7,15,1,2,2,6,0,0,1,0,0,0,0,0,5.33722E+20,5.67519E+21,9.48295E+15,5.12271E+16
33419,6,4,31,2,2018,7,17,5,3,5,2,0,0,1,0,1,0,0,0,4.72688E+20,5.50411E+21,8.62134E+15,4.96889E+16
33420,6,6,34,14,2018,7,17,3,2,8,1,0,0,0,0,1,0,0,0,5.37074E+20,5.66376E+21,9.52976E+15,5.11241E+16
33421,6,4,36,1,2018,7,22,4,3,4,6,2,0,1,0,0,0,0,1,4.63285E+20,5.5566E+21,8.48599E+15,5.01604E+16
33422,6,6,34,14,2018,7,15,7,3,9,1,0,0,1,0,0,0,0,0,5.40043E+20,5.66424E+21,9.57224E+15,5.11282E+16
33423,6,5,33,9,2018,6,23,7,3,5,3,2,0,1,0,0,0,0,0,4.33202E+20,5.58244E+21,8.06031E+15,5.03902E+16
33424,6,4,34,10,2018,6,18,4,2,5,2,0,0,1,0,1,0,0,0,4.69219E+20,5.55735E+21,8.569E+15,5.01676E+16
33425,6,4,34,9,2018,7,20,5,3,0,1,0,0,0,0,1,0,0,0,4.6295E+20,5.56658E+21,8.48032E+15,5.02502E+16
33426,6,5,33,18,2018,6,23,7,2,9,1,2,0,0,0,1,0,0,0,4.53745E+20,5.58942E+21,8.34841E+15,5.0455E+16
33427,6,4,13,0,2018,7,13,6,3,9,7,0,0,1,0,0,0,0,0,4.81212E+20,5.55056E+21,8.73726E+15,5.0107E+16
33428,6,4,34,8,2018,7,19,4,3,2,6,0,0,1,0,1,0,0,0,4.71502E+20,5.55954E+21,8.60081E+15,5.01873E+16
33429,6,6,11,0,2018,7,18,2,2,6,4,0,0,1,1,0,0,0,0,5.34282E+20,5.68505E+21,9.4919E+15,5.13157E+16
33430,6,6,32,16,2018,7,8,3,3,0,7,0,0,0,0,1,0,1,0,5.70229E+20,5.63244E+21,9.99742E+15,5.08394E+16
33431,6,6,11,0,2018,7,13,6,3,5,2,0,1,1,0,0,0,0,0,5.33476E+20,5.68499E+21,9.48034E+15,5.13152E+16
33432,6,5,33,3,2018,6,10,7,3,2,1,0,0,1,0,0,0,0,0,4.46792E+20,5.57342E+21,8.25273E+15,5.03105E+16
33433,6,4,12,0,2018,7,18,1,3,9,1,0,0,1,0,0,0,0,0,4.7529E+20,5.56008E+21,8.65382E+15,5.01924E+16
33434,6,6,34,5,2018,7,12,2,3,6,4,0,0,1,1,0,0,0,0,5.19468E+20,5.66466E+21,9.27824E+15,5.11331E+16
33435,6,4,14,0,2018,6,10,7,3,3,2,0,0,1,0,0,0,0,0,4.46853E+20,5.54691E+21,8.25731E+15,5.00721E+16
33436,6,6,32,5,2018,7,22,4,3,3,2,2,0,1,0,0,0,0,0,5.59636E+20,5.65332E+21,9.8504E+15,5.10284E+16
33437,6,6,33,20,2018,7,14,6,3,2,6,0,0,1,0,0,0,0,0,5.39094E+20,5.68388E+21,9.56081E+15,5.13049E+16
33438,6,4,12,0,2018,6,6,6,3,2,2,0,0,1,0,1,0,0,0,4.79687E+20,5.55121E+21,8.71589E+15,5.01128E+16
33439,6,4,32,15,2018,7,7,2,3,0,1,0,1,0,0,0,0,0,0,4.92337E+20,5.52958E+21,8.89325E+15,4.99185E+16
33440,6,6,35,21,2018,7,13,1,3,4,6,0,0,1,0,1,0,0,0,5.0009E+20,5.6719E+21,9.00129E+15,5.11985E+16
33441,6,5,31,5,2018,7,11,2,1,8,1,0,0,1,0,0,0,0,0,4.81535E+20,5.60514E+21,8.7391E+15,5.05979E+16
33442,6,4,33,12,2018,7,13,6,3,2,6,0,0,1,0,0,0,0,0,4.61707E+20,5.53678E+21,8.46588E+15,4.99821E+16
33443,6,6,32,2,2018,7,14,6,3,5,3,0,0,1,0,1,0,0,0,5.49325E+20,5.63557E+21,9.70098E+15,5.08697E+16
33444,6,4,13,0,2018,7,13,1,3,5,2,0,0,1,0,0,0,0,0,4.82809E+20,5.54857E+21,8.75969E+15,5.00892E+16
33445,6,4,38,11,2018,7,17,3,3,0,7,0,0,1,0,0,1,0,0,4.92965E+20,5.54042E+21,8.90181E+15,5.00161E+16
33446,6,4,33,11,2018,7,16,5,2,0,7,0,0,0,0,0,0,1,0,4.63756E+20,5.52018E+21,8.49601E+15,4.9833E+16
33447,6,4,12,0,2018,6,14,5,3,6,4,0,0,1,1,0,0,0,0,4.77704E+20,5.5532E+21,8.68805E+15,5.01306E+16
33448,6,5,33,17,2018,7,1,1,3,2,6,2,0,1,0,0,0,0,0,4.48576E+20,5.59235E+21,8.2752E+15,5.04808E+16
33449,6,4,36,5,2018,6,13,7,3,2,6,0,0,1,0,0,0,0,0,4.62659E+20,5.54682E+21,8.47818E+15,5.00724E+16
33450,6,5,34,14,2018,7,13,6,3,6,7,0,0,0,1,0,0,1,0,4.83368E+20,5.62998E+21,8.76388E+15,5.08213E+16
33451,6,6,34,23,2018,6,17,7,2,8,1,0,0,0,0,1,0,0,0,5.34434E+20,5.63975E+21,9.48976E+15,5.09083E+16
33452,6,4,12,0,2018,7,15,2,3,5,3,0,0,1,0,0,0,0,0,4.73411E+20,5.54998E+21,8.62821E+15,5.01015E+16
33453,6,4,37,11,2018,7,17,7,2,5,3,0,1,1,0,0,0,0,0,5.06205E+20,5.50748E+21,9.08609E+15,4.97198E+16
33454,6,4,32,18,2018,7,18,5,3,2,6,0,0,1,0,0,1,0,0,4.72997E+20,5.51668E+21,8.62475E+15,4.98019E+16
33455,6,4,32,16,2018,7,16,3,3,0,1,0,1,0,0,0,0,0,1,4.80796E+20,5.51957E+21,8.73299E+15,4.98283E+16
33456,6,4,35,10,2018,7,14,4,3,2,6,0,0,1,0,0,1,0,1,5.12757E+20,5.56014E+21,9.17872E+15,5.01933E+16
33457,6,5,32,13,2018,7,14,7,2,8,6,0,0,1,0,1,0,0,0,4.65245E+20,5.61332E+21,8.50817E+15,5.06707E+16
33458,6,4,12,0,2018,6,19,7,3,2,6,0,0,1,0,0,0,0,0,4.65043E+20,5.54953E+21,8.51125E+15,5.0097E+16
33459,6,4,35,10,2018,6,15,4,3,2,6,0,0,1,0,0,0,0,0,5.12906E+20,5.56E+21,9.1808E+15,5.01921E+16
33460,6,5,31,6,2018,7,14,5,2,5,2,0,0,1,0,0,0,0,0,4.92314E+20,5.60394E+21,8.89142E+15,5.05873E+16
33461,6,5,35,13,2018,6,0,7,3,0,7,2,0,0,0,1,0,0,0,4.99026E+20,5.60901E+21,8.98622E+15,5.0633E+16
33462,6,5,34,20,2018,6,17,5,3,5,3,0,0,1,0,1,0,0,0,4.79048E+20,5.62033E+21,8.7031E+15,5.07344E+16
33463,6,4,33,14,2018,7,11,4,2,5,3,0,1,1,0,0,0,0,0,4.57342E+20,5.53081E+21,8.40566E+15,4.99281E+16
33464,6,6,32,18,2018,7,18,2,3,2,6,0,0,1,0,0,0,0,0,5.51168E+20,5.6499E+21,9.72919E+15,5.09984E+16
33465,6,4,35,5,2018,7,15,3,2,5,3,0,0,1,0,0,0,0,0,5.18125E+20,5.57475E+21,9.25462E+15,5.03245E+16
33466,6,4,35,4,2018,7,16,6,3,2,6,0,0,1,0,1,0,0,0,5.20833E+20,5.58347E+21,9.29315E+15,5.04029E+16
33467,6,4,38,3,2018,7,13,7,3,2,6,0,0,1,0,0,0,0,1,4.76544E+20,5.53346E+21,8.67303E+15,4.99531E+16
33468,6,6,35,21,2018,7,15,3,3,4,6,0,0,1,0,0,1,1,0,5.01259E+20,5.67823E+21,9.01803E+15,5.12554E+16
33469,6,4,37,16,2018,6,14,7,2,8,1,0,0,0,0,1,0,0,0,4.95542E+20,5.48747E+21,8.93838E+15,4.95398E+16
33470,6,5,35,1,2018,6,14,4,3,4,6,0,0,1,0,0,0,0,0,5.25116E+20,5.62534E+21,9.35625E+15,5.07792E+16
33471,6,4,40,5,2018,7,1,5,2,9,1,2,0,1,0,0,0,0,0,4.74457E+20,5.59049E+21,8.6401E+15,5.04658E+16
33472,6,4,32,10,2018,6,16,7,3,8,1,0,0,0,0,1,0,0,0,4.98014E+20,5.52471E+21,8.97237E+15,4.98748E+16
33473,6,4,37,13,2018,7,15,6,2,8,1,0,0,1,0,0,0,0,0,4.85881E+20,5.50347E+21,8.80428E+15,4.96836E+16
33474,6,4,31,4,2018,7,10,4,3,5,7,0,0,1,0,1,0,0,0,4.78135E+20,5.48997E+21,8.69765E+15,4.95619E+16
33475,6,4,14,0,2018,7,22,2,3,2,4,2,0,1,1,0,0,0,0,4.46532E+20,5.5458E+21,8.25298E+15,5.00621E+16
33476,6,6,33,4,2018,7,15,3,2,4,6,0,0,1,0,0,1,0,1,5.11643E+20,5.69593E+21,9.16743E+15,5.14145E+16
33477,6,6,33,13,2018,7,11,6,3,5,2,0,1,1,0,0,0,0,0,5.27104E+20,5.70551E+21,9.39047E+15,5.15001E+16
33478,6,6,11,0,2018,7,18,7,3,5,2,0,1,1,0,0,0,0,0,5.35244E+20,5.68556E+21,9.50575E+15,5.13202E+16
33479,6,4,37,16,2018,6,14,7,3,5,3,0,0,1,0,0,0,0,0,4.97536E+20,5.4861E+21,8.96596E+15,4.95275E+16
33480,6,4,38,9,2018,7,16,4,3,5,2,0,1,1,0,0,0,0,0,4.7818E+20,5.54474E+21,8.69519E+15,5.00546E+16
33481,6,4,12,0,2018,7,13,6,3,2,6,0,0,1,0,0,0,0,0,4.71604E+20,5.55601E+21,8.6025E+15,5.01557E+16
33482,6,6,33,11,2018,6,15,6,3,4,6,0,0,1,0,0,0,1,0,5.2491E+20,5.68807E+21,9.35765E+15,5.13434E+16
33483,6,4,31,15,2018,7,12,2,3,5,3,0,0,1,0,1,0,0,0,4.82023E+20,5.50612E+21,8.75068E+15,4.97073E+16
33484,6,4,14,0,2018,7,1,1,3,1,7,2,0,1,0,0,0,0,0,4.48844E+20,5.54556E+21,8.2853E+15,5.00601E+16
33485,6,4,12,0,2018,7,12,2,3,1,5,0,1,1,0,0,0,0,0,4.68001E+20,5.55059E+21,8.55251E+15,5.01067E+16
33486,6,5,33,9,2018,7,16,5,3,5,3,0,0,1,0,0,0,0,1,4.33752E+20,5.58184E+21,8.06814E+15,5.03849E+16
33487,6,4,14,0,2018,7,10,6,3,2,6,0,0,1,0,0,0,0,0,4.47885E+20,5.54747E+21,8.27165E+15,5.00772E+16
33488,6,4,37,16,2018,7,18,1,2,8,1,0,0,0,0,1,0,0,0,4.97014E+20,5.48961E+21,8.95871E+15,4.9559E+16
33489,6,4,38,12,2018,7,21,3,2,5,2,0,0,1,0,1,0,0,0,4.86436E+20,5.53465E+21,8.81088E+15,4.9964E+16
33490,6,4,12,0,2018,7,10,5,3,3,6,0,0,1,0,1,0,0,0,4.81708E+20,5.55244E+21,8.74411E+15,5.0124E+16
33491,6,6,34,5,2018,7,14,5,3,8,1,0,0,1,0,0,0,0,0,5.20863E+20,5.66711E+21,9.29832E+15,5.1155E+16
33492,6,6,35,11,2018,6,8,5,3,2,6,0,0,1,0,0,0,0,0,4.8228E+20,5.65475E+21,8.74723E+15,5.1044E+16
33493,6,4,31,2,2018,7,6,1,3,1,5,0,0,1,0,0,0,0,0,4.73232E+20,5.50344E+21,8.62893E+15,4.96829E+16
33494,6,4,11,0,2018,6,22,7,3,2,6,2,0,1,0,1,0,0,0,4.74438E+20,5.52444E+21,8.64427E+15,4.98718E+16
33495,6,4,12,0,2018,7,0,6,2,1,6,2,0,1,0,0,0,1,0,4.70834E+20,5.55161E+21,8.59205E+15,5.0116E+16
33496,6,4,14,0,2018,6,14,7,3,2,6,0,0,1,0,1,0,0,0,4.45371E+20,5.54783E+21,8.23647E+15,5.00802E+16
33497,6,4,39,16,2018,7,10,2,3,1,5,0,0,1,0,0,0,0,0,4.50781E+20,5.56531E+21,8.30981E+15,5.02379E+16
33498,6,4,34,1,2018,7,17,7,2,4,6,0,0,1,0,0,0,1,0,4.70472E+20,5.56476E+21,8.58597E+15,5.02343E+16
33499,6,5,33,3,2018,7,17,4,3,0,6,0,0,1,0,1,0,1,0,4.47919E+20,5.57188E+21,8.26878E+15,5.02967E+16
33500,6,4,31,2,2018,7,9,3,3,2,6,0,0,1,0,0,0,0,0,4.71533E+20,5.50249E+21,8.60545E+15,4.96743E+16
33501,6,5,35,13,2018,7,13,4,3,8,1,0,0,1,0,0,0,0,0,5.04935E+20,5.60812E+21,9.06977E+15,5.06249E+16
33502,6,5,34,8,2018,7,4,7,2,8,1,2,0,1,0,0,0,0,0,4.86732E+20,5.62367E+21,8.81186E+15,5.07646E+16
33503,6,6,34,12,2018,6,4,7,3,9,7,1,0,1,0,0,0,0,0,5.34859E+20,5.67074E+21,9.49879E+15,5.1187E+16
33504,6,4,39,3,2018,6,0,7,2,5,3,2,0,1,0,1,0,0,0,4.37335E+20,5.54199E+21,8.12511E+15,5.00269E+16
33505,6,6,36,7,2018,7,17,4,3,5,2,0,0,1,0,1,0,0,0,5.74259E+20,5.67284E+21,1.00629E+16,5.12021E+16
33506,6,4,39,5,2018,7,12,6,3,2,6,0,0,1,0,0,0,0,0,4.30245E+20,5.55258E+21,8.02421E+15,5.01213E+16
33507,6,5,31,10,2018,6,5,7,3,0,6,1,0,0,0,1,0,1,0,4.99839E+20,5.59885E+21,8.99772E+15,5.05416E+16
33508,6,5,31,10,2018,7,16,4,3,8,1,0,0,0,0,1,0,0,0,5.02273E+20,5.59812E+21,9.03207E+15,5.0535E+16
33509,6,4,35,10,2018,7,10,2,2,3,2,0,1,1,0,0,0,0,0,5.09346E+20,5.55848E+21,9.1309E+15,5.01784E+16
33510,6,5,34,10,2018,7,22,3,3,8,1,2,0,1,0,0,0,0,1,4.74535E+20,5.62871E+21,8.63857E+15,5.08096E+16
33511,6,4,35,12,2018,7,13,6,3,5,2,0,0,1,0,0,0,1,0,5.07665E+20,5.56021E+21,9.10738E+15,5.0194E+16
33512,6,4,31,5,2018,7,7,7,3,9,1,0,0,1,0,0,0,0,0,4.6054E+20,5.50178E+21,8.45316E+15,4.96672E+16
33513,6,5,33,16,2018,7,14,3,3,2,1,0,0,1,0,0,0,1,0,4.35508E+20,5.59601E+21,8.0904E+15,5.05125E+16
33514,6,4,38,4,2018,6,18,7,1,4,6,0,0,1,0,0,0,0,0,4.94612E+20,5.54641E+21,8.92471E+15,5.007E+16
33515,6,4,32,22,2018,7,21,4,3,8,1,1,0,0,0,1,0,0,0,4.77974E+20,5.51179E+21,8.6942E+15,4.97582E+16
33516,6,6,11,0,2018,7,18,5,3,5,3,0,1,1,0,0,0,0,0,5.32772E+20,5.68607E+21,9.47034E+15,5.1325E+16
33517,6,4,32,9,2018,6,9,6,3,9,1,0,0,1,0,0,0,0,0,4.86384E+20,5.51461E+21,8.81086E+15,4.97838E+16
33518,6,4,12,0,2018,7,8,2,3,2,6,0,0,1,0,0,0,0,0,4.79695E+20,5.5458E+21,8.7163E+15,5.00641E+16
33519,6,4,38,10,2018,6,0,7,2,6,4,2,0,1,1,0,0,0,0,4.89885E+20,5.54699E+21,8.85864E+15,5.00751E+16
33520,6,4,14,0,2018,6,6,4,3,5,3,0,0,1,0,0,0,0,0,4.43914E+20,5.54588E+21,8.21638E+15,5.00626E+16
33521,6,4,34,8,2018,7,18,1,3,4,1,0,0,0,0,1,0,0,0,4.6291E+20,5.56516E+21,8.4799E+15,5.02374E+16
33522,6,6,32,18,2018,7,12,6,3,2,6,0,0,1,0,0,0,0,0,5.54358E+20,5.64916E+21,9.77453E+15,5.09915E+16
33523,6,4,34,8,2018,7,15,1,2,4,1,0,0,1,0,1,0,0,0,4.62769E+20,5.56391E+21,8.47804E+15,5.02261E+16
33524,6,4,35,14,2018,7,10,3,2,8,1,0,0,0,0,1,0,0,0,4.96829E+20,5.54921E+21,8.95566E+15,5.00951E+16
33525,6,5,34,20,2018,7,14,1,3,3,6,0,0,1,0,0,0,0,0,4.81677E+20,5.62148E+21,8.74029E+15,5.07448E+16
33526,6,4,40,4,2018,7,13,5,3,6,4,0,0,0,0,1,0,1,0,5.07893E+20,5.57051E+21,9.11079E+15,5.02867E+16
33527,6,6,34,9,2018,7,13,4,3,2,6,0,0,1,0,0,0,0,0,5.2707E+20,5.65591E+21,9.38623E+15,5.10541E+16
33528,6,6,33,24,2018,7,3,7,3,1,5,2,0,1,0,0,0,0,0,5.39552E+20,5.6766E+21,9.56658E+15,5.12394E+16
33529,6,6,31,23,2018,7,17,5,2,8,1,0,0,1,0,1,0,0,0,5.73319E+20,5.6075E+21,1.00363E+16,5.06148E+16
33530,6,5,32,14,2018,7,14,2,3,2,2,0,0,1,0,0,0,0,0,4.7076E+20,5.59632E+21,8.58756E+15,5.05181E+16
33531,6,4,12,0,2018,7,6,5,3,0,3,0,1,1,0,0,0,0,0,4.80332E+20,5.55282E+21,8.72484E+15,5.01273E+16
33532,6,6,31,12,2018,7,8,1,2,5,3,0,0,1,0,1,0,0,0,5.67801E+20,5.5984E+21,9.95669E+15,5.05336E+16
33533,6,5,32,23,2018,7,19,5,3,2,6,0,0,1,0,0,0,0,0,4.71305E+20,5.60131E+21,8.59486E+15,5.0563E+16
33534,6,5,31,3,2018,7,9,7,3,2,6,0,0,1,0,0,0,0,0,4.86013E+20,5.60267E+21,8.80247E+15,5.05757E+16
33535,6,5,32,23,2018,7,11,5,3,5,3,0,0,1,0,1,0,0,0,4.66608E+20,5.59842E+21,8.5288E+15,5.05367E+16
33536,6,5,31,5,2018,7,18,5,2,4,6,0,0,1,0,0,0,0,0,4.72766E+20,5.60093E+21,8.61552E+15,5.05597E+16
33537,6,6,33,17,2018,7,16,1,3,4,6,0,0,1,0,0,0,0,0,5.39152E+20,5.68117E+21,9.56135E+15,5.12805E+16
33538,6,5,31,14,2018,7,12,5,2,0,1,0,1,0,0,0,0,0,0,4.81036E+20,5.59858E+21,8.73239E+15,5.05388E+16
33539,6,5,33,9,2018,7,16,7,3,2,6,0,0,1,0,0,0,0,1,4.34179E+20,5.58404E+21,8.07377E+15,5.04047E+16
33540,6,5,31,14,2018,7,8,5,3,3,6,0,1,1,0,0,0,0,0,4.83006E+20,5.59598E+21,8.7603E+15,5.05155E+16
33541,6,4,38,11,2018,7,16,5,3,2,6,0,0,1,0,0,0,0,0,4.91958E+20,5.5384E+21,8.88779E+15,4.99979E+16
33542,6,4,38,2,2018,7,22,5,2,8,7,2,0,1,0,0,0,0,0,4.79187E+20,5.54112E+21,8.70946E+15,5.00221E+16
33543,6,6,36,7,2018,7,8,7,2,5,2,0,0,1,0,1,0,0,0,5.79339E+20,5.67178E+21,1.01354E+16,5.11919E+16
33544,6,6,35,20,2018,7,22,5,3,9,7,2,0,1,0,0,0,0,0,5.09318E+20,5.69973E+21,9.13409E+15,5.14486E+16
33545,6,6,33,24,2018,7,8,5,3,3,6,0,0,1,0,0,1,0,0,5.36052E+20,5.67772E+21,9.51656E+15,5.12497E+16
33546,6,4,12,0,2018,7,16,6,3,2,6,0,0,1,0,0,0,0,0,4.65203E+20,5.55075E+21,8.51337E+15,5.0108E+16
33547,6,6,33,3,2018,7,19,5,3,3,6,0,0,1,0,0,1,0,0,5.30907E+20,5.67954E+21,9.44301E+15,5.12664E+16
33548,6,5,31,13,2018,7,21,5,2,2,6,1,0,1,0,0,0,0,0,4.80349E+20,5.61305E+21,8.72193E+15,5.0669E+16
33549,6,5,33,7,2018,7,3,6,3,4,6,2,0,1,0,0,0,0,0,4.32609E+20,5.58967E+21,8.05067E+15,5.04551E+16
33550,6,5,33,6,2018,7,18,5,3,2,6,0,0,1,0,0,0,0,0,4.28916E+20,5.58456E+21,7.99962E+15,5.04087E+16
33551,6,4,31,11,2018,7,16,5,3,2,6,0,0,1,0,0,0,0,0,4.71678E+20,5.49951E+21,8.60767E+15,4.96475E+16
33552,6,6,34,2,2018,7,9,1,2,8,7,0,0,0,0,1,0,0,0,5.26517E+20,5.67389E+21,9.37967E+15,5.12158E+16
33553,6,4,35,21,2018,7,15,4,3,2,6,0,0,1,0,0,0,0,0,4.897E+20,5.56563E+21,8.85555E+15,5.02427E+16
33554,6,6,34,25,2018,7,3,7,3,8,1,2,0,1,0,0,0,0,0,5.20528E+20,5.66101E+21,9.29319E+15,5.11003E+16
33555,6,5,35,16,2018,7,15,4,3,2,6,0,0,1,0,0,0,0,0,5.08432E+20,5.59404E+21,9.11889E+15,5.04983E+16
33556,6,5,33,9,2018,7,10,4,3,0,2,0,0,1,0,0,0,0,0,4.35208E+20,5.58688E+21,8.08775E+15,5.04303E+16
33557,6,5,33,4,2018,7,16,4,3,5,2,0,0,1,0,0,0,1,0,4.28728E+20,5.59166E+21,7.99562E+15,5.04726E+16
33558,6,4,32,10,2018,7,18,6,3,8,1,0,0,1,0,0,0,0,0,4.93922E+20,5.52229E+21,8.91545E+15,4.9853E+16
33559,6,6,11,0,2018,7,17,4,3,2,6,0,0,1,0,0,0,0,0,5.36037E+20,5.68485E+21,9.51707E+15,5.13138E+16
33560,6,5,35,1,2018,7,12,2,2,4,6,0,0,1,0,1,0,0,0,5.2692E+20,5.62286E+21,9.38165E+15,5.07569E+16
33561,6,6,11,0,2018,7,12,4,3,5,3,0,0,1,0,0,0,0,0,5.34844E+20,5.68568E+21,9.50003E+15,5.13213E+16
33562,6,4,38,3,2018,7,22,6,3,4,6,2,0,1,0,0,0,0,0,4.72711E+20,5.5373E+21,8.61932E+15,4.99874E+16
33563,6,4,14,0,2018,7,14,4,3,2,6,0,0,1,0,0,0,0,0,4.44347E+20,5.54638E+21,8.22236E+15,5.00671E+16
33564,6,4,12,0,2018,7,8,4,2,0,1,0,0,0,0,1,0,0,0,4.75459E+20,5.55364E+21,8.65661E+15,5.01345E+16
33565,6,5,33,18,2018,7,13,1,2,5,3,0,0,1,0,1,0,0,0,4.55573E+20,5.58704E+21,8.37444E+15,5.04337E+16
33566,6,4,12,0,2018,7,13,4,3,3,6,0,0,1,0,0,0,0,0,4.7749E+20,5.54952E+21,8.68527E+15,5.00975E+16
33567,6,4,34,1,2018,7,13,7,3,4,6,0,0,1,0,0,0,0,0,4.70697E+20,5.56508E+21,8.5891E+15,5.02372E+16
33568,6,4,12,0,2018,7,16,4,3,3,2,0,1,0,0,0,1,0,0,4.79946E+20,5.55235E+21,8.71946E+15,5.01231E+16
33569,6,4,12,0,2018,7,8,4,3,5,3,0,0,1,0,0,0,0,0,4.79514E+20,5.55111E+21,8.71349E+15,5.01119E+16
33570,6,4,31,2,2018,7,21,6,3,2,6,0,1,1,0,0,0,0,0,4.72704E+20,5.50346E+21,8.62161E+15,4.9683E+16