OBJECTID_1,ULAND,UREGBEZ,UKREIS,UGEMEINDE,UJAHR,UMONAT,USTUNDE,UWOCHENTAG,UKATEGORIE,UART,UTYP1,ULICHTVERH,IstRad,IstPKW,IstFuss,IstKrad,IstGkfz,IstSonstig,STRZUSTAND,LINREFX,LINREFY,XGCSWGS84,YGCSWGS84
33761,6,6,34,11,2018,7,9,2,3,2,6,0,0,0,0,0,1,1,0,5.34608E+20,5.65466E+21,9.49365E+15,5.10425E+16
33762,6,4,31,22,2018,7,17,5,3,2,6,0,0,1,0,0,0,0,0,4.71257E+20,5.50782E+21,8.60123E+15,4.97222E+16
33763,6,4,35,14,2018,7,16,7,3,5,3,0,1,1,0,0,0,0,1,4.95146E+20,5.55442E+21,8.93207E+15,5.0142E+16
33764,6,6,32,14,2018,7,16,2,3,2,6,0,0,1,0,0,0,1,0,5.40049E+20,5.64037E+21,9.5697E+15,5.09136E+16
33765,6,4,33,2,2018,7,12,5,3,2,6,0,0,1,0,0,0,0,0,4.53094E+20,5.53834E+21,8.34556E+15,4.99955E+16
33766,6,4,35,17,2018,7,17,6,3,2,2,0,0,1,0,1,0,0,0,5.0291E+20,5.55924E+21,9.04076E+15,5.01853E+16
33767,6,4,12,0,2018,7,18,2,3,2,6,0,0,1,0,0,0,0,0,4.74423E+20,5.56078E+21,8.64163E+15,5.01987E+16
33768,6,4,33,11,2018,7,17,1,3,5,3,0,0,1,0,0,0,0,0,4.5876E+20,5.52364E+21,8.42619E+15,4.98638E+16
33769,6,4,12,0,2018,7,18,2,3,3,6,0,0,1,0,0,0,0,0,4.63947E+20,5.55005E+21,8.49587E+15,5.01016E+16
33770,6,6,32,14,2018,7,17,7,2,3,1,0,0,1,0,0,1,0,0,5.38094E+20,5.64302E+21,9.54215E+15,5.09376E+16
33771,6,4,14,0,2018,7,12,2,2,2,6,0,0,1,0,0,0,0,0,4.53825E+20,5.54917E+21,8.35445E+15,5.0093E+16
33772,6,6,35,15,2018,7,0,1,2,8,1,2,0,1,0,0,0,0,0,4.9408E+20,5.67878E+21,8.91515E+15,5.12603E+16
33773,6,5,31,16,2018,7,13,2,2,8,7,0,0,1,0,0,0,0,0,4.91477E+20,5.60724E+21,8.87953E+15,5.0617E+16
33774,6,6,35,21,2018,7,11,1,3,9,7,0,0,0,0,1,0,0,0,5.0745E+20,5.68088E+21,9.10681E+15,5.12792E+16
33775,6,6,32,19,2018,7,15,7,2,8,1,0,0,0,0,1,0,0,0,5.61471E+20,5.6295E+21,9.87255E+15,5.0814E+16
33776,6,4,12,0,2018,7,9,1,3,5,3,0,0,1,0,0,0,1,0,4.78141E+20,5.55081E+21,8.6943E+15,5.01092E+16
33777,6,4,11,0,2018,7,18,1,3,0,1,0,0,0,0,1,0,0,1,4.74546E+20,5.52406E+21,8.6458E+15,4.98684E+16
33778,6,6,34,22,2018,7,13,1,3,5,2,0,0,1,0,0,0,0,0,5.16359E+20,5.63844E+21,9.23263E+15,5.08974E+16
33779,6,4,12,0,2018,7,21,6,2,8,1,1,0,0,0,1,0,0,0,4.80548E+20,5.55484E+21,8.72775E+15,5.01454E+16
33780,6,4,39,8,2018,7,9,1,3,6,7,0,1,0,1,0,0,0,0,4.47109E+20,5.56517E+21,8.25835E+15,5.02363E+16
33781,6,4,39,2,2018,7,14,1,2,9,1,0,0,0,0,1,0,0,0,4.31608E+20,5.55374E+21,8.04308E+15,5.0132E+16
33782,6,4,38,9,2018,7,23,1,3,8,7,2,0,1,0,0,0,0,0,4.80847E+20,5.54553E+21,8.73241E+15,5.00617E+16
33783,6,4,35,28,2018,7,12,1,3,8,1,0,0,0,0,1,0,0,1,5.3687E+20,5.56936E+21,9.51742E+15,5.02753E+16
33784,6,4,38,9,2018,7,17,1,3,5,3,0,1,1,0,0,0,0,1,4.78179E+20,5.54507E+21,8.69515E+15,5.00575E+16
33785,6,4,12,0,2018,7,18,1,3,0,2,0,0,1,0,1,0,0,0,4.77673E+20,5.5506E+21,8.68777E+15,5.01072E+16
33786,6,4,38,10,2018,7,17,1,3,2,6,0,0,1,0,0,0,0,1,4.90827E+20,5.5465E+21,8.87182E+15,5.00707E+16
33787,6,6,33,11,2018,7,9,7,3,5,3,0,1,1,0,0,0,0,0,5.21937E+20,5.68648E+21,9.31487E+15,5.13292E+16
33788,6,4,38,10,2018,7,18,1,3,0,1,0,0,0,0,1,0,0,1,4.9081E+20,5.54645E+21,8.87157E+15,5.00702E+16
33789,6,4,34,11,2018,7,20,1,2,4,6,0,0,1,0,0,0,0,0,4.67943E+20,5.57828E+21,8.54936E+15,5.03557E+16
33790,6,4,34,3,2018,7,13,1,3,0,7,0,0,0,0,1,1,0,1,4.58194E+20,5.56213E+21,8.4141E+15,5.02098E+16
33791,6,4,40,20,2018,7,6,6,2,9,1,0,0,1,0,0,0,0,0,4.95513E+20,5.57857E+21,8.93692E+15,5.03592E+16
33792,6,4,34,1,2018,7,15,1,3,3,2,0,0,1,0,0,0,0,0,4.75883E+20,5.56449E+21,8.66186E+15,5.02321E+16
33793,6,4,35,5,2018,7,19,1,3,8,1,0,0,1,0,0,0,0,1,5.21242E+20,5.57243E+21,9.29829E+15,5.03036E+16
33794,6,4,37,9,2018,7,20,1,3,8,1,0,0,0,0,0,0,1,0,4.98054E+20,5.51831E+21,8.97294E+15,4.98173E+16
33795,6,4,40,3,2018,7,0,1,3,5,2,2,0,1,0,0,0,0,0,4.85011E+20,5.55953E+21,8.79003E+15,5.01878E+16
33796,6,4,35,17,2018,7,10,6,2,9,1,0,0,0,0,1,0,0,0,5.00786E+20,5.5594E+21,9.01101E+15,5.01868E+16
33797,6,5,32,9,2018,7,6,7,2,8,1,0,0,1,0,0,0,0,0,4.54194E+20,5.63169E+21,8.34951E+15,5.08351E+16
33798,6,4,40,1,2018,7,17,1,3,0,1,0,0,0,0,1,0,0,1,4.96608E+20,5.57066E+21,8.95238E+15,5.0288E+16
33799,6,4,38,13,2018,7,10,7,2,2,6,0,0,1,0,0,0,0,0,4.97873E+20,5.54349E+21,8.9703E+15,5.00437E+16
33800,6,4,37,10,2018,7,16,1,3,8,7,0,0,1,0,0,0,0,0,5.06068E+20,5.51204E+21,9.08426E+15,4.97608E+16
33801,6,4,11,0,2018,7,12,1,3,8,1,0,0,0,0,1,0,0,0,4.76227E+20,5.51779E+21,8.66957E+15,4.98121E+16
33802,6,4,32,14,2018,7,9,6,3,2,7,0,0,1,0,0,1,0,0,4.79164E+20,5.51958E+21,8.7103E+15,4.98283E+16
33803,6,4,40,7,2018,7,12,1,2,0,1,0,1,0,0,0,0,0,0,4.92452E+20,5.57518E+21,8.89396E+15,5.03287E+16
33804,6,6,31,12,2018,7,10,2,2,2,6,0,1,0,0,0,0,0,0,5.73943E+20,5.60046E+21,1.00438E+16,5.05514E+16
33805,6,5,34,4,2018,7,19,1,3,5,3,0,0,1,0,0,0,0,0,4.6132E+20,5.63882E+21,8.44994E+15,5.08998E+16
33806,6,4,31,12,2018,7,13,1,3,5,3,0,0,1,0,0,0,0,0,4.92356E+20,5.47583E+21,8.89458E+15,4.94351E+16
33807,6,4,31,13,2018,7,12,1,2,0,1,0,1,0,0,0,0,0,0,4.68234E+20,5.49418E+21,8.56039E+15,4.95994E+16
33808,6,5,32,21,2018,7,8,7,3,5,3,0,0,1,0,0,0,0,0,4.57413E+20,5.60035E+21,8.39884E+15,5.05535E+16
33809,6,6,31,20,2018,7,13,1,3,5,3,0,0,1,0,0,0,0,0,5.52877E+20,5.60181E+21,9.74661E+15,5.05658E+16
33810,6,5,31,12,2018,7,13,1,3,4,6,0,0,1,0,0,0,0,0,4.77429E+20,5.59754E+21,8.68155E+15,5.05293E+16
33811,6,6,32,8,2018,7,8,5,3,5,2,0,0,1,0,0,0,0,0,5.48755E+20,5.62103E+21,9.69095E+15,5.0739E+16
33812,6,4,11,0,2018,7,15,2,3,8,1,0,0,1,0,0,0,0,0,4.71471E+20,5.52552E+21,8.6029E+15,4.98814E+16
33813,6,4,34,11,2018,8,20,7,3,5,3,1,0,1,0,1,0,0,0,4.67039E+20,5.5759E+21,8.53686E+15,5.03343E+16
33814,6,4,12,0,2018,8,8,6,3,0,6,0,0,1,0,0,0,0,0,4.71798E+20,5.54491E+21,8.60604E+15,5.00558E+16
33815,6,5,33,8,2018,8,14,2,2,5,2,0,0,1,0,0,0,0,0,4.39977E+20,5.5739E+21,8.15697E+15,5.03141E+16
33816,6,4,12,0,2018,8,21,5,3,0,2,2,1,0,0,1,0,0,0,4.7877E+20,5.55124E+21,8.70307E+15,5.0113E+16
33817,6,5,34,14,2018,8,12,2,3,8,1,0,0,1,0,0,0,0,0,4.8528E+20,5.62721E+21,8.79114E+15,5.07964E+16
33818,6,4,12,0,2018,8,14,5,3,5,7,0,0,1,0,1,0,0,0,4.73525E+20,5.55E+21,8.62981E+15,5.01017E+16
33819,6,5,32,11,2018,8,5,4,2,5,2,2,0,1,0,1,0,0,0,4.40613E+20,5.62392E+21,8.15792E+15,5.0764E+16
33820,6,5,34,4,2018,8,10,1,3,5,3,0,0,1,0,1,0,0,0,4.62666E+20,5.64041E+21,8.46893E+15,5.09141E+16
33821,6,4,31,7,2018,8,21,6,1,4,1,1,0,1,0,1,0,0,0,4.85618E+20,5.5025E+21,8.80066E+15,4.96748E+16
33822,6,4,37,16,2018,8,18,5,2,8,6,0,0,1,0,1,0,0,0,4.94417E+20,5.4816E+21,8.92292E+15,4.94871E+16
33823,6,4,12,0,2018,8,19,3,3,5,2,0,1,1,0,0,0,0,0,4.7741E+20,5.55332E+21,8.68393E+15,5.01317E+16
33824,6,5,33,3,2018,8,15,5,3,2,1,0,0,1,0,0,0,0,0,4.48079E+20,5.57156E+21,8.27106E+15,5.02939E+16
33825,6,6,34,15,2018,8,4,2,3,7,7,2,0,1,0,0,0,0,0,5.43592E+20,5.65707E+21,9.62209E+15,5.10635E+16
33826,6,4,11,0,2018,8,10,5,2,3,1,0,1,1,0,0,0,0,0,4.75302E+20,5.52465E+21,8.65628E+15,4.98738E+16
33827,6,4,38,13,2018,8,12,2,3,0,1,0,0,0,0,1,0,0,1,4.92224E+20,5.54552E+21,8.89136E+15,5.00619E+16
33828,6,6,35,3,2018,8,12,5,3,4,7,0,0,1,0,0,0,0,0,5.03318E+20,5.66222E+21,9.0474E+15,5.11115E+16
33829,6,6,31,7,2018,8,14,4,3,5,3,0,0,1,0,0,0,0,0,5.56225E+20,5.62362E+21,9.7972E+15,5.07616E+16
33830,6,6,33,15,2018,8,21,7,3,0,2,0,0,1,0,1,0,0,0,5.4422E+20,5.68144E+21,9.63405E+15,5.12826E+16
33831,6,5,35,1,2018,8,20,6,3,5,3,0,0,1,0,0,0,0,0,5.18811E+20,5.62218E+21,9.26665E+15,5.07511E+16
33832,6,5,32,23,2018,8,11,2,3,1,7,0,0,1,0,0,0,0,0,4.65793E+20,5.60162E+21,8.51701E+15,5.05655E+16
33833,6,6,35,8,2018,8,12,5,3,4,6,0,0,1,0,1,0,0,0,4.99794E+20,5.7067E+21,8.99703E+15,5.15114E+16
33834,6,5,34,10,2018,8,9,4,3,9,1,0,0,1,0,0,0,0,1,4.70141E+20,5.62628E+21,8.57641E+15,5.07875E+16
33835,6,6,31,15,2018,8,21,7,3,5,2,1,0,1,0,0,0,0,0,5.52829E+20,5.61191E+21,9.74737E+15,5.06567E+16
33836,6,4,33,8,2018,8,16,1,3,2,6,0,0,1,0,0,0,0,0,4.70878E+20,5.54055E+21,8.59351E+15,5.00165E+16
33837,6,5,32,11,2018,8,22,6,3,8,1,2,0,1,0,0,0,0,0,4.49825E+20,5.62958E+21,8.28776E+15,5.08158E+16
33838,6,6,34,15,2018,7,0,2,2,9,1,2,0,1,0,0,0,0,0,5.43898E+20,5.65865E+21,9.62665E+15,5.10777E+16
33839,6,6,33,200,2018,8,11,5,2,8,1,0,0,1,0,0,0,0,0,5.42853E+20,5.71003E+21,9.61791E+15,5.15397E+16
33840,6,4,34,1,2018,8,13,3,3,3,6,0,0,1,0,0,1,0,0,4.70779E+20,5.56523E+21,8.59023E+15,5.02385E+16
33841,6,6,11,0,2018,8,9,5,3,3,2,0,0,1,0,0,0,1,0,5.34173E+20,5.68495E+21,9.49033E+15,5.13148E+16
33842,6,4,39,16,2018,8,12,2,3,8,1,0,0,0,0,1,0,0,0,4.51711E+20,5.56711E+21,8.32262E+15,5.02542E+16
33843,6,6,11,0,2018,8,16,5,3,5,2,0,0,1,0,0,0,0,0,5.31702E+20,5.681E+21,9.45452E+15,5.12794E+16
33844,6,5,33,9,2018,8,21,1,3,2,6,1,0,1,0,1,0,0,0,4.33405E+20,5.58069E+21,8.06347E+15,5.03745E+16
33845,6,4,35,25,2018,8,12,5,2,9,1,0,0,1,0,0,0,0,0,5.42798E+20,5.57858E+21,9.60165E+15,5.03578E+16
33846,6,4,35,14,2018,8,15,4,3,2,6,0,0,1,0,1,0,0,0,4.97336E+20,5.55204E+21,8.96273E+15,5.01206E+16
33847,6,4,37,6,2018,8,17,7,3,4,6,0,0,1,0,0,0,0,0,5.01089E+20,5.49897E+21,9.01508E+15,4.96433E+16
33848,6,4,35,14,2018,8,14,6,3,2,6,0,0,1,0,1,0,0,0,4.96106E+20,5.55081E+21,8.94554E+15,5.01095E+16
33849,6,4,35,25,2018,8,10,5,2,3,6,0,1,1,0,0,0,0,0,5.3725E+20,5.57626E+21,9.52344E+15,5.03372E+16
33850,6,6,31,9,2018,8,4,3,2,0,1,1,1,0,0,0,0,0,0,5.47216E+20,5.60058E+21,9.66654E+15,5.05552E+16
33851,6,4,39,13,2018,8,8,5,3,2,6,0,0,1,0,0,0,0,0,4.22085E+20,5.53658E+21,7.91334E+15,4.99765E+16
33852,6,4,38,10,2018,8,22,5,3,0,6,2,0,1,0,0,0,1,0,4.90878E+20,5.54636E+21,8.87254E+15,5.00695E+16
33853,6,4,33,12,2018,8,13,3,3,2,6,0,0,1,0,0,1,0,0,4.59829E+20,5.53582E+21,8.43978E+15,4.99734E+16
33854,6,4,14,0,2018,8,15,5,3,2,6,0,0,1,0,0,0,0,0,4.45022E+20,5.54825E+21,8.23152E+15,5.0084E+16
33855,6,4,34,10,2018,8,8,2,3,2,6,0,0,1,0,0,0,0,0,4.69335E+20,5.55706E+21,8.57064E+15,5.0165E+16
33856,6,4,34,13,2018,8,11,5,3,8,1,0,0,0,0,1,0,0,0,4.59822E+20,5.57784E+21,8.43526E+15,5.03513E+16
33857,6,4,37,11,2018,8,8,1,2,0,1,0,1,0,0,0,0,0,0,5.00486E+20,5.50388E+21,9.00674E+15,4.96874E+16
33858,6,4,35,12,2018,8,8,5,2,5,3,0,0,1,0,1,0,0,0,5.08924E+20,5.56134E+21,9.12505E+15,5.02042E+16
33859,6,5,31,18,2018,8,7,4,2,9,1,0,0,1,0,0,0,0,1,4.7543E+20,5.60614E+21,8.65277E+15,5.06066E+16
33860,6,6,32,18,2018,8,22,7,2,5,2,2,0,1,0,0,0,0,0,5.54329E+20,5.6492E+21,9.77412E+15,5.09918E+16
33861,6,6,33,3,2018,8,14,6,3,3,6,0,0,1,0,0,1,0,0,5.31619E+20,5.67958E+21,9.45322E+15,5.12666E+16
33862,6,5,32,6,2018,8,13,5,3,0,6,0,0,0,0,1,0,0,0,4.50192E+20,5.61935E+21,8.29435E+15,5.07238E+16
33863,6,5,31,12,2018,8,14,3,3,3,6,0,0,1,0,0,0,0,0,4.77156E+20,5.6007E+21,8.6775E+15,5.05578E+16
33864,6,4,32,16,2018,8,18,5,2,9,1,0,0,0,0,0,0,1,0,4.82183E+20,5.51972E+21,8.75227E+15,4.98296E+16
33865,6,5,35,17,2018,8,15,2,2,4,6,0,0,1,0,0,0,1,0,5.21363E+20,5.61753E+21,9.30257E+15,5.07092E+16
33866,6,4,32,8,2018,8,15,5,3,5,3,0,0,1,0,0,0,1,0,4.70633E+20,5.52365E+21,8.59137E+15,4.98646E+16
33867,6,4,35,12,2018,8,12,1,3,4,6,0,0,1,0,0,0,0,0,5.08288E+20,5.5622E+21,9.11616E+15,5.0212E+16
33868,6,4,39,16,2018,8,9,6,2,5,2,0,0,1,0,0,0,0,0,4.54912E+20,5.57016E+21,8.36716E+15,5.02819E+16
33869,6,4,36,2,2018,8,12,2,3,5,3,0,0,1,0,0,0,0,0,4.55562E+20,5.55527E+21,8.37802E+15,5.0148E+16
33870,6,4,31,2,2018,8,15,5,3,5,3,0,0,1,0,1,0,0,0,4.72768E+20,5.50288E+21,8.62253E+15,4.96778E+16
33871,6,4,39,5,2018,8,6,1,3,7,7,0,0,1,0,0,0,0,0,4.24335E+20,5.56219E+21,7.93965E+15,5.0207E+16
33872,6,5,34,21,2018,8,23,5,3,6,6,2,0,0,1,0,0,1,0,4.77969E+20,5.63966E+21,8.68665E+15,5.09082E+16
33873,6,6,11,0,2018,8,17,3,3,3,6,0,0,1,0,1,0,0,0,5.32847E+20,5.68508E+21,9.47132E+15,5.13161E+16
33874,6,5,33,19,2018,8,14,7,3,0,3,0,0,1,0,1,0,0,0,4.48649E+20,5.585E+21,8.27724E+15,5.04148E+16
33875,6,4,12,0,2018,8,19,6,3,3,6,0,0,1,0,0,1,0,0,4.72664E+20,5.54855E+21,8.61787E+15,5.00886E+16
33876,6,6,34,24,2018,7,7,2,3,9,1,0,0,1,0,0,0,0,0,5.43591E+20,5.66252E+21,9.62273E+15,5.11125E+16
33877,6,4,14,0,2018,8,10,2,3,5,3,0,1,1,0,0,0,0,0,4.45765E+20,5.54465E+21,8.24241E+15,5.00517E+16
33878,6,5,32,16,2018,8,8,5,3,4,1,0,0,1,0,0,0,0,0,4.54901E+20,5.60329E+21,8.36303E+15,5.05798E+16
33879,6,6,31,9,2018,8,7,2,2,2,6,0,0,1,0,0,0,0,0,5.4934E+20,5.59815E+21,9.69619E+15,5.05332E+16
33880,6,4,38,11,2018,8,8,5,3,3,6,0,0,1,0,0,1,0,0,4.91718E+20,5.54522E+21,8.8843E+15,5.00592E+16
33881,6,4,32,4,2018,8,8,4,3,5,2,0,0,1,0,0,0,0,0,4.89253E+20,5.52879E+21,8.85032E+15,4.99114E+16
33882,6,6,31,22,2018,8,17,7,2,3,2,0,0,0,0,1,0,1,0,5.61674E+20,5.61866E+21,9.87362E+15,5.07165E+16
33883,6,5,32,23,2018,8,9,1,2,0,4,0,0,1,1,0,0,0,0,4.71746E+20,5.60093E+21,8.60111E+15,5.05596E+16
33884,6,4,35,9,2018,8,20,6,3,5,3,0,0,1,0,0,0,0,0,5.08959E+20,5.55443E+21,9.12538E+15,5.0142E+16
33885,6,4,31,11,2018,7,6,2,3,4,6,0,0,1,0,0,0,1,0,4.75758E+20,5.49916E+21,8.66421E+15,4.96445E+16
33886,6,6,11,0,2018,8,14,5,3,9,1,0,0,1,0,0,0,0,0,5.36221E+20,5.68157E+21,9.51937E+15,5.12843E+16
33887,6,6,34,25,2018,8,22,3,3,8,1,2,0,1,0,0,0,0,0,5.20558E+20,5.65937E+21,9.29351E+15,5.10854E+16
33888,6,6,11,0,2018,8,16,5,2,6,4,0,0,0,1,0,1,0,0,5.34714E+20,5.68671E+21,9.49826E+15,5.13306E+16
33889,6,6,34,5,2018,8,19,2,2,6,4,0,0,1,1,0,0,0,0,5.19206E+20,5.66474E+21,9.2745E+15,5.11338E+16
33890,6,4,33,11,2018,8,14,7,2,8,1,0,0,0,0,1,0,0,1,4.58716E+20,5.52368E+21,8.42557E+15,4.98641E+16
33891,6,6,32,11,2018,8,18,5,2,3,1,0,0,1,0,0,1,0,0,5.41522E+20,5.63468E+21,9.59E+15,5.08623E+16
33892,6,4,12,0,2018,8,19,3,3,5,3,0,0,1,0,0,0,0,0,4.80798E+20,5.55189E+21,8.73141E+15,5.0119E+16
33893,6,6,34,4,2018,8,9,5,3,8,1,0,0,1,0,0,0,0,0,5.21103E+20,5.64498E+21,9.30046E+15,5.09561E+16
33894,6,6,36,16,2018,8,15,2,3,2,2,0,0,1,0,1,0,0,0,5.59108E+20,5.68277E+21,9.84771E+15,5.12932E+16
33895,6,6,32,2,2018,8,18,5,2,2,6,0,0,1,0,0,0,1,0,5.5145E+20,5.63391E+21,9.73094E+15,5.08546E+16
33896,6,5,31,16,2018,8,11,2,3,5,2,0,0,1,0,0,0,0,0,4.88131E+20,5.60457E+21,8.83232E+15,5.05929E+16
33897,6,4,12,0,2018,8,18,5,3,2,6,0,0,1,0,0,0,0,0,4.72449E+20,5.54452E+21,8.61515E+15,5.00523E+16
33898,6,4,33,2,2018,8,17,4,3,2,6,0,0,1,0,0,0,1,0,4.55403E+20,5.53605E+21,8.37804E+15,4.99751E+16
33899,6,5,35,15,2018,8,5,7,3,8,1,2,0,1,0,0,0,0,0,5.41705E+20,5.6082E+21,9.5896E+15,5.06242E+16
33900,6,6,36,14,2018,8,19,7,3,2,2,0,0,1,0,1,0,0,0,5.69915E+20,5.66687E+21,9.99959E+15,5.1149E+16
33901,6,4,38,1,2018,8,22,6,2,5,2,2,1,1,0,0,0,0,0,4.83608E+20,5.53867E+21,8.77128E+15,5.00002E+16
33902,6,4,31,22,2018,8,9,5,3,2,6,0,0,1,0,0,0,0,0,4.70713E+20,5.50797E+21,8.59366E+15,4.97235E+16
33903,6,4,40,5,2018,8,16,3,3,2,6,0,0,1,0,0,0,0,0,4.79318E+20,5.58868E+21,8.70868E+15,5.04498E+16
33904,6,4,14,0,2018,8,21,5,3,0,1,2,0,0,0,1,0,0,0,4.46553E+20,5.54356E+21,8.25357E+15,5.00419E+16
33905,6,4,38,6,2018,8,8,2,3,2,6,0,0,1,0,0,0,0,0,4.78464E+20,5.53726E+21,8.69958E+15,4.99873E+16
33906,6,4,33,2,2018,8,8,5,3,2,6,0,0,1,0,0,0,0,0,4.56972E+20,5.5359E+21,8.39994E+15,4.99739E+16
33907,6,6,11,0,2018,8,17,1,3,5,3,0,1,1,0,0,0,0,0,5.36009E+20,5.68511E+21,9.51669E+15,5.13162E+16
33908,6,6,11,0,2018,8,6,4,3,2,6,0,0,1,0,0,0,1,0,5.36156E+20,5.6843E+21,9.51872E+15,5.13089E+16
33909,6,4,14,0,2018,8,12,4,3,6,4,0,0,1,1,0,0,0,0,4.44007E+20,5.5458E+21,8.2177E+15,5.00619E+16
33910,6,5,35,1,2018,8,10,2,3,2,6,0,0,1,0,0,0,0,0,5.28518E+20,5.62543E+21,9.40451E+15,5.078E+16
33911,6,4,13,0,2018,8,17,4,3,4,6,0,0,1,0,0,0,0,0,4.86681E+20,5.553E+21,8.81365E+15,5.01291E+16
33912,6,4,35,14,2018,8,16,4,3,6,4,0,0,1,1,0,0,0,0,4.93706E+20,5.55378E+21,8.91193E+15,5.01362E+16
33913,6,4,13,0,2018,8,17,7,3,2,6,0,0,1,0,0,0,0,0,4.8609E+20,5.55123E+21,8.80545E+15,5.01132E+16
33914,6,4,33,6,2018,8,18,6,3,2,6,0,0,1,0,0,0,0,0,4.63127E+20,5.52906E+21,8.48642E+15,4.99127E+16
33915,6,4,13,0,2018,8,16,4,3,5,3,0,0,1,0,0,0,0,0,4.84535E+20,5.55029E+21,8.78374E+15,5.01047E+16
33916,6,5,34,12,2018,8,7,3,2,4,6,0,0,1,0,0,0,0,0,4.84701E+20,5.63571E+21,8.78257E+15,5.08728E+16
33917,6,4,13,0,2018,8,9,5,3,3,6,0,0,1,0,1,0,0,0,4.85074E+20,5.55065E+21,8.79126E+15,5.01079E+16
33918,6,4,34,5,2018,8,14,2,3,5,2,0,0,1,0,0,0,0,0,4.61029E+20,5.56065E+21,8.45399E+15,5.01968E+16
33919,6,4,36,1,2018,8,19,4,3,1,6,0,0,1,0,0,0,0,0,4.64569E+20,5.55447E+21,8.50416E+15,5.01414E+16
33920,6,4,11,0,2018,8,21,1,3,2,6,1,0,1,0,0,0,0,0,4.76348E+20,5.52474E+21,8.67083E+15,4.98746E+16
33921,6,4,12,0,2018,8,11,7,2,4,1,0,0,1,0,0,0,0,0,4.81331E+20,5.55651E+21,8.73864E+15,5.01605E+16
33922,6,4,31,2,2018,8,12,7,3,5,3,0,0,1,0,0,0,0,0,4.71976E+20,5.50267E+21,8.61157E+15,4.96759E+16
33923,6,4,12,0,2018,8,12,4,3,3,2,0,1,1,0,0,0,0,0,4.76348E+20,5.54965E+21,8.66929E+15,5.00986E+16
33924,6,5,31,13,2018,8,17,3,3,5,3,0,1,1,0,0,0,0,0,4.79551E+20,5.61345E+21,8.71061E+15,5.06725E+16
33925,6,4,38,9,2018,8,0,7,3,8,7,2,0,1,0,0,0,0,0,4.81747E+20,5.54513E+21,8.74499E+15,5.00582E+16
33926,6,4,12,0,2018,8,17,6,3,2,6,0,0,1,0,0,0,0,0,4.6732E+20,5.55196E+21,8.54288E+15,5.0119E+16
33927,6,4,12,0,2018,8,17,4,3,3,6,0,0,1,0,0,1,0,0,4.79091E+20,5.55105E+21,8.70758E+15,5.01114E+16
33928,6,6,36,1,2018,8,14,2,3,0,6,0,0,1,0,0,0,0,0,5.69047E+20,5.6791E+21,9.98954E+15,5.12591E+16
33929,6,6,33,3,2018,8,11,4,3,2,6,0,0,0,0,0,1,0,0,5.30953E+20,5.67848E+21,9.44357E+15,5.12568E+16
33930,6,4,11,0,2018,8,22,7,3,5,3,2,0,1,0,1,0,0,0,4.7543E+20,5.52479E+21,8.65806E+15,4.9875E+16
33931,6,4,35,14,2018,8,16,6,3,8,1,0,0,0,0,1,0,0,0,4.92203E+20,5.54553E+21,8.89106E+15,5.0062E+16
33932,6,4,37,16,2018,8,17,4,3,9,1,0,0,0,0,1,0,0,0,4.94367E+20,5.48163E+21,8.92222E+15,4.94873E+16
33933,6,5,32,21,2018,8,11,3,3,2,6,0,0,1,0,0,0,0,0,4.57918E+20,5.59874E+21,8.40615E+15,5.05391E+16
33934,6,4,11,0,2018,8,14,4,3,2,6,0,0,1,0,0,0,0,0,4.74663E+20,5.52372E+21,8.64745E+15,4.98654E+16
33935,6,4,32,5,2018,8,18,2,3,4,6,0,1,0,0,0,0,0,0,4.89663E+20,5.53283E+21,8.85592E+15,4.99478E+16
33936,6,6,35,3,2018,8,5,4,2,7,7,0,0,0,0,1,0,0,0,5.08619E+20,5.65599E+21,9.12297E+15,5.10554E+16
33937,6,4,39,10,2018,8,13,1,3,8,1,0,0,1,0,0,0,0,0,4.1819E+20,5.5464E+21,7.85693E+15,5.00643E+16
33938,6,4,32,8,2018,8,15,7,3,9,1,0,0,1,0,0,0,0,1,4.71255E+20,5.52421E+21,8.59999E+15,4.98696E+16
33939,6,4,12,0,2018,8,8,6,3,3,6,0,1,0,0,0,0,1,0,4.76323E+20,5.55047E+21,8.66889E+15,5.0106E+16
33940,6,6,36,5,2018,8,6,4,2,5,3,0,0,1,0,1,0,0,0,5.83184E+20,5.65077E+21,1.01856E+16,5.10024E+16
33941,6,4,13,0,2018,8,14,3,3,5,2,0,1,1,0,0,0,0,0,4.83042E+20,5.5486E+21,8.76294E+15,5.00894E+16
33942,6,4,38,1,2018,8,6,7,3,0,1,0,0,0,0,1,0,0,0,4.83705E+20,5.53876E+21,8.77263E+15,5.0001E+16
33943,6,4,33,2,2018,8,22,6,3,9,1,2,0,1,0,0,0,0,0,4.52874E+20,5.53669E+21,8.34269E+15,4.99807E+16
33944,6,4,35,3,2018,7,11,2,3,9,1,0,0,1,0,0,0,0,0,5.2229E+20,5.55682E+21,9.31208E+15,5.01632E+16
33945,6,4,12,0,2018,8,9,2,3,2,6,0,0,1,0,0,0,0,0,4.68339E+20,5.55012E+21,8.55728E+15,5.01025E+16
33946,6,4,35,27,2018,8,0,4,3,8,1,2,0,1,0,0,0,0,0,5.44618E+20,5.57374E+21,9.62666E+15,5.03141E+16
33947,6,5,32,13,2018,8,18,4,3,8,1,0,0,0,0,1,0,0,0,4.64442E+20,5.61315E+21,8.49682E+15,5.06691E+16
33948,6,5,32,22,2018,8,16,2,2,0,7,0,0,1,0,0,0,0,0,4.62653E+20,5.58827E+21,8.47401E+15,5.04452E+16
33949,6,5,31,12,2018,8,10,7,2,3,6,0,0,1,0,1,0,0,0,4.74565E+20,5.59689E+21,8.64118E+15,5.05234E+16