OBJECTID_1,ULAND,UREGBEZ,UKREIS,UGEMEINDE,UJAHR,UMONAT,USTUNDE,UWOCHENTAG,UKATEGORIE,UART,UTYP1,ULICHTVERH,IstRad,IstPKW,IstFuss,IstKrad,IstGkfz,IstSonstig,STRZUSTAND,LINREFX,LINREFY,XGCSWGS84,YGCSWGS84
33950,6,4,31,6,2018,8,13,4,3,1,7,0,0,1,0,1,0,0,0,4.65705E+20,5.50615E+21,8.52435E+15,4.97069E+16
33951,6,5,34,2,2018,8,8,4,3,8,1,0,0,1,0,0,0,0,1,4.58706E+20,5.62718E+21,8.41409E+15,5.07949E+16
33952,6,4,40,12,2018,8,13,4,3,5,3,0,0,1,0,0,0,1,0,4.81032E+20,5.56431E+21,8.73406E+15,5.02307E+16
33953,6,4,33,12,2018,8,7,2,3,2,6,0,0,1,0,0,0,0,0,4.59668E+20,5.53622E+21,8.4375E+15,4.99769E+16
33954,6,5,32,9,2018,8,6,4,3,8,1,0,0,1,0,0,0,0,1,4.58346E+20,5.6266E+21,8.40905E+15,5.07896E+16
33955,6,4,40,8,2018,8,20,1,3,5,3,0,0,1,0,0,0,1,0,4.82375E+20,5.57544E+21,8.75236E+15,5.03308E+16
33956,6,4,35,7,2018,8,1,6,3,8,1,2,0,1,0,0,0,0,0,4.9793E+20,5.55798E+21,8.97101E+15,5.01741E+16
33957,6,4,38,8,2018,8,8,6,3,0,3,0,0,1,0,1,0,0,0,4.87542E+20,5.55279E+21,8.82571E+15,5.01273E+16
33958,6,4,31,2,2018,8,12,4,3,1,5,0,0,1,0,0,0,0,0,4.7512E+20,5.50462E+21,8.65503E+15,4.96936E+16
33959,6,4,12,0,2018,8,13,3,3,5,3,0,1,1,0,0,0,0,0,4.75953E+20,5.5502E+21,8.66373E+15,5.01036E+16
33960,6,5,33,13,2018,8,17,5,2,9,1,0,0,0,0,1,0,0,0,4.40846E+20,5.58427E+21,8.16753E+15,5.04075E+16
33961,6,6,35,8,2018,8,19,2,2,5,2,0,1,1,0,0,0,0,0,5.06068E+20,5.70346E+21,9.08739E+15,5.14823E+16
33962,6,5,34,15,2018,8,9,4,3,2,6,0,0,1,0,0,0,1,1,4.80104E+20,5.64559E+21,8.71669E+15,5.09616E+16
33963,6,4,35,14,2018,8,9,2,3,0,3,0,0,1,0,1,0,0,0,4.93858E+20,5.55045E+21,8.91411E+15,5.01062E+16
33964,6,6,34,9,2018,8,12,6,3,5,2,0,0,1,0,1,0,0,0,5.27784E+20,5.65448E+21,9.3963E+15,5.10412E+16
33965,6,5,31,6,2018,8,17,4,2,4,3,0,0,1,0,1,0,0,0,4.99458E+20,5.60548E+21,8.99234E+15,5.06013E+16
33966,6,5,34,14,2018,8,18,4,2,5,3,0,0,1,0,1,0,0,0,4.83124E+20,5.63173E+21,8.76034E+15,5.0837E+16
33967,6,5,33,9,2018,8,9,7,3,6,4,0,0,1,1,0,0,0,0,4.35227E+20,5.58E+21,8.08921E+15,5.03685E+16
33968,6,6,32,2,2018,8,16,6,3,5,3,0,0,1,0,0,0,0,0,5.49424E+20,5.63504E+21,9.70232E+15,5.08649E+16
33969,6,5,34,19,2018,8,12,6,2,3,6,0,1,1,0,0,1,0,0,4.64557E+20,5.63212E+21,8.49663E+15,5.08397E+16
33970,6,5,31,6,2018,8,12,4,3,0,3,0,1,1,0,0,0,0,0,4.96871E+20,5.6027E+21,8.9558E+15,5.05762E+16
33971,6,4,31,2,2018,8,14,3,2,0,1,0,1,0,0,0,0,0,0,4.72661E+20,5.50215E+21,8.6211E+15,4.96712E+16
33972,6,4,14,0,2018,8,14,5,3,2,6,0,0,1,0,0,0,0,0,4.42414E+20,5.54692E+21,8.19528E+15,5.00717E+16
33973,6,4,39,8,2018,8,13,1,3,9,1,0,0,1,0,0,0,0,0,4.48551E+20,5.55836E+21,8.27949E+15,5.01752E+16
33974,6,5,32,20,2018,8,12,6,2,2,3,0,0,1,0,1,0,0,0,4.52304E+20,5.60934E+21,8.32557E+15,5.06339E+16
33975,6,5,31,12,2018,8,7,4,3,2,3,0,0,1,0,0,0,1,0,4.77101E+20,5.59768E+21,8.67691E+15,5.05306E+16
33976,6,4,34,8,2018,8,19,3,3,0,1,0,0,0,0,1,0,0,0,4.6281E+20,5.56389E+21,8.47863E+15,5.0226E+16
33977,6,6,11,0,2018,8,12,5,3,0,6,0,0,1,1,0,0,0,0,5.34268E+20,5.68464E+21,9.49166E+15,5.1312E+16
33978,6,6,36,5,2018,8,4,2,3,9,1,2,0,1,0,0,0,0,0,5.72319E+20,5.65292E+21,1.00312E+16,5.10233E+16
33979,6,6,32,2,2018,7,0,3,2,3,6,2,0,1,0,1,0,0,0,5.52438E+20,5.63545E+21,9.74521E+15,5.08684E+16
33980,6,5,31,5,2018,8,0,1,3,2,7,2,0,1,0,0,0,0,0,4.80443E+20,5.60663E+21,8.72359E+15,5.06112E+16
33981,6,5,35,16,2018,8,19,6,3,8,1,0,0,0,0,1,0,0,0,5.1123E+20,5.5984E+21,9.15848E+15,5.05374E+16
33982,6,6,11,0,2018,7,17,3,2,6,4,0,0,1,1,0,0,0,0,5.345E+20,5.68707E+21,9.49523E+15,5.13338E+16
33983,6,5,31,5,2018,8,8,4,3,8,7,0,0,1,0,0,0,0,1,4.75885E+20,5.6013E+21,8.65953E+15,5.05631E+16
33984,6,4,37,6,2018,8,18,7,2,5,2,0,0,1,0,1,0,0,0,5.00734E+20,5.49925E+21,9.01017E+15,4.96458E+16
33985,6,5,31,4,2018,8,17,6,2,5,2,0,0,1,0,0,0,0,0,4.84663E+20,5.59917E+21,8.78355E+15,5.05443E+16
33986,6,6,11,0,2018,7,16,3,3,3,7,0,0,1,0,0,0,1,0,5.34174E+20,5.68495E+21,9.49035E+15,5.13148E+16
33987,6,6,31,17,2018,8,19,3,3,3,6,0,1,0,0,0,0,1,0,5.50117E+20,5.59872E+21,9.70724E+15,5.05383E+16
33988,6,4,14,0,2018,7,16,3,3,5,3,0,0,1,0,1,0,0,0,4.4403E+20,5.54578E+21,8.21803E+15,5.00617E+16
33989,6,5,33,17,2018,8,20,2,3,5,3,0,0,1,0,1,0,0,0,4.51547E+20,5.59288E+21,8.31701E+15,5.04859E+16
33990,6,4,14,0,2018,7,22,3,3,3,6,2,0,1,0,0,0,0,0,4.44588E+20,5.54842E+21,8.22543E+15,5.00854E+16
33991,6,4,34,7,2018,8,14,2,3,4,6,0,0,1,0,0,0,0,0,4.65883E+20,5.57108E+21,8.52105E+15,5.02909E+16
33992,6,4,14,0,2018,7,11,3,3,6,4,0,1,0,1,0,0,0,0,4.45191E+20,5.54701E+21,8.23406E+15,5.00728E+16
33993,6,4,14,0,2018,8,2,1,2,0,1,2,0,0,0,1,0,0,0,4.47048E+20,5.54891E+21,8.25975E+15,5.00901E+16
33994,6,5,35,16,2018,8,8,6,2,9,1,0,0,0,0,1,0,0,0,5.12815E+20,5.58927E+21,9.18052E+15,5.04553E+16
33995,6,4,12,0,2018,7,16,3,3,5,2,0,0,1,0,1,0,0,0,4.76964E+20,5.5504E+21,8.67787E+15,5.01054E+16
33996,6,4,33,7,2018,8,9,4,3,2,6,0,0,1,0,0,1,0,0,4.65556E+20,5.54283E+21,8.51902E+15,5.00368E+16
33997,6,6,33,13,2018,8,8,7,3,5,3,0,1,0,0,1,0,0,0,5.28229E+20,5.71035E+21,9.40707E+15,5.15436E+16
33998,6,4,35,12,2018,8,17,6,3,2,6,0,0,1,0,0,0,0,0,5.0648E+20,5.55973E+21,9.09078E+15,5.01897E+16
33999,6,4,12,0,2018,7,20,3,3,5,3,0,1,1,0,0,0,0,0,4.733E+20,5.54997E+21,8.62665E+15,5.01014E+16
34000,6,5,31,7,2018,8,6,3,2,5,3,0,0,1,0,1,0,0,0,4.73376E+20,5.6058E+21,8.62377E+15,5.06035E+16
34001,6,6,34,24,2018,7,19,3,2,9,7,0,0,0,0,0,0,1,0,5.54525E+20,5.65922E+21,9.77842E+15,5.10819E+16
34002,6,4,31,13,2018,8,10,2,2,3,6,0,0,1,0,0,1,0,0,4.61004E+20,5.49342E+21,8.46042E+15,4.95921E+16
34003,6,6,32,13,2018,7,14,3,3,8,1,0,0,1,0,0,0,0,0,5.6857E+20,5.64876E+21,9.97693E+15,5.09863E+16
34004,6,4,31,11,2018,8,11,1,3,2,6,0,0,1,0,0,0,0,0,4.73286E+20,5.49897E+21,8.62998E+15,4.96427E+16
34005,6,6,11,0,2018,8,11,6,3,6,4,0,0,1,1,0,0,0,0,5.3703E+20,5.68368E+21,9.53119E+15,5.13032E+16
34006,6,6,33,5,2018,8,13,6,2,8,6,0,0,0,0,1,0,0,0,5.29084E+20,5.6949E+21,9.41812E+15,5.14046E+16
34007,6,4,34,13,2018,7,15,3,2,8,1,0,0,1,0,0,0,0,0,4.57722E+20,5.57464E+21,8.4061E+15,5.03223E+16
34008,6,4,12,0,2018,8,9,3,3,1,5,0,1,1,0,0,0,0,0,4.75469E+20,5.55608E+21,8.65659E+15,5.01564E+16
34009,6,5,31,17,2018,8,18,5,3,8,6,0,0,0,0,1,0,1,0,4.81252E+20,5.6116E+21,8.73478E+15,5.0656E+16
34010,6,6,35,9,2018,8,18,1,3,8,1,0,0,0,0,1,0,0,0,5.04379E+20,5.67021E+21,9.06266E+15,5.11833E+16
34011,6,6,11,0,2018,8,15,6,3,5,3,0,1,1,0,0,0,0,0,5.37902E+20,5.68407E+21,9.54374E+15,5.13067E+16
34012,6,4,34,9,2018,7,17,3,3,8,1,0,0,0,0,1,0,0,0,4.63575E+20,5.56608E+21,8.48913E+15,5.02458E+16
34013,6,6,33,8,2018,8,7,3,2,5,2,0,0,1,0,1,0,0,0,5.35059E+20,5.68018E+21,9.50258E+15,5.12718E+16
34014,6,4,34,5,2018,8,4,7,3,9,1,2,0,1,0,0,0,0,0,4.64889E+20,5.55761E+21,8.50835E+15,5.01697E+16
34015,6,4,33,7,2018,8,15,6,3,2,6,0,0,1,0,0,0,0,0,4.65727E+20,5.54294E+21,8.52139E+15,5.00377E+16
34016,6,5,33,15,2018,8,12,2,3,8,1,0,0,0,0,1,0,0,0,4.41393E+20,5.58258E+21,8.1755E+15,5.03923E+16
34017,6,4,36,9,2018,7,8,3,3,2,6,0,0,1,0,1,0,0,0,4.61601E+20,5.54872E+21,8.4632E+15,5.00895E+16
34018,6,6,31,15,2018,8,8,2,3,5,7,0,0,1,0,0,0,0,0,5.54381E+20,5.61371E+21,9.76959E+15,5.06727E+16
34019,6,6,11,0,2018,8,14,6,3,5,3,0,0,1,0,0,0,0,0,5.36336E+20,5.68419E+21,9.52129E+15,5.13078E+16
34020,6,4,40,3,2018,7,18,3,3,2,6,0,0,1,0,0,0,0,0,4.81719E+20,5.56002E+21,8.7439E+15,5.01921E+16
34021,6,4,32,10,2018,8,15,4,3,4,1,0,0,1,0,1,0,0,0,4.96937E+20,5.52441E+21,8.95738E+15,4.98721E+16
34022,6,4,31,1,2018,8,15,1,3,4,1,0,0,1,0,0,0,0,0,4.84611E+20,5.48642E+21,8.78733E+15,4.95302E+16
34023,6,6,11,0,2018,8,16,6,2,5,3,0,0,1,0,0,0,1,0,5.35213E+20,5.68507E+21,9.50526E+15,5.13158E+16
34024,6,4,31,11,2018,8,12,6,3,5,2,0,0,1,0,1,0,0,0,4.73978E+20,5.49873E+21,8.63958E+15,4.96406E+16
34025,6,5,34,21,2018,8,16,7,2,8,7,0,0,1,0,0,0,0,0,4.81799E+20,5.64013E+21,8.7411E+15,5.09126E+16
34026,6,4,40,1,2018,7,16,3,3,1,5,0,0,1,0,0,0,0,0,4.96029E+20,5.57038E+21,8.94426E+15,5.02855E+16
34027,6,6,34,3,2018,8,15,3,2,9,1,0,0,1,0,0,0,0,0,5.28764E+20,5.66653E+21,9.41124E+15,5.11495E+16
34028,6,6,33,15,2018,8,16,5,3,3,2,0,0,1,0,0,1,0,0,5.39396E+20,5.68251E+21,9.565E+15,5.12926E+16
34029,6,6,11,0,2018,8,7,2,3,5,2,0,1,1,0,0,0,0,0,5.28996E+20,5.68319E+21,9.4159E+15,5.12993E+16
34030,6,4,32,5,2018,7,17,3,3,2,6,0,0,1,0,0,0,0,0,4.88141E+20,5.53329E+21,8.8347E+15,4.99519E+16
34031,6,6,33,29,2018,8,3,2,3,8,1,2,0,0,0,0,0,1,0,5.1953E+20,5.69079E+21,9.28056E+15,5.1368E+16
34032,6,4,14,0,2018,8,21,6,3,2,6,2,0,1,0,0,0,0,0,4.4883E+20,5.54077E+21,8.28575E+15,5.0017E+16
34033,6,4,11,0,2018,8,8,2,3,3,6,0,1,1,0,0,0,0,0,4.75387E+20,5.52477E+21,8.65745E+15,4.98748E+16
34034,6,4,32,21,2018,7,20,3,3,8,1,0,0,1,0,0,0,0,0,5.00381E+20,5.52959E+21,9.0053E+15,4.99187E+16
34035,6,5,31,11,2018,8,17,2,3,5,3,0,0,1,0,1,0,0,0,4.84801E+20,5.5937E+21,8.78572E+15,5.04951E+16
34036,6,4,14,0,2018,8,7,6,3,0,7,0,1,1,0,0,0,0,0,4.44733E+20,5.54512E+21,8.22794E+15,5.00558E+16
34037,6,4,11,0,2018,7,16,3,3,5,3,0,0,1,0,0,0,0,0,4.75414E+20,5.51686E+21,8.65834E+15,4.98036E+16
34038,6,4,33,12,2018,8,7,4,3,5,3,0,1,0,0,0,0,1,0,4.59394E+20,5.53753E+21,8.43353E+15,4.99887E+16
34039,6,4,35,14,2018,8,20,7,3,5,3,0,1,1,0,0,0,0,0,4.95014E+20,5.55439E+21,8.93022E+15,5.01418E+16
34040,6,4,13,0,2018,8,14,6,3,1,5,0,1,1,0,0,0,0,0,4.82744E+20,5.55037E+21,8.75869E+15,5.01053E+16
34041,6,5,32,9,2018,8,17,6,3,0,7,0,0,1,0,0,0,0,0,4.5229E+20,5.62651E+21,8.32314E+15,5.07884E+16
34042,6,4,32,7,2018,7,6,3,2,5,3,0,1,1,0,0,0,0,0,4.8676E+20,5.51332E+21,8.81613E+15,4.97722E+16
34043,6,4,31,7,2018,8,8,3,3,2,6,0,0,1,0,0,0,0,0,4.86486E+20,5.50155E+21,8.81273E+15,4.96664E+16
34044,6,4,14,0,2018,8,8,5,3,0,7,0,0,1,0,1,0,0,0,4.48095E+20,5.54072E+21,8.2755E+15,5.00166E+16
34045,6,4,31,20,2018,8,13,7,3,7,7,0,0,1,0,1,0,0,0,4.69919E+20,5.48933E+21,8.58409E+15,4.95558E+16
34046,6,4,39,15,2018,8,9,2,3,7,7,0,0,1,0,0,0,0,0,4.42443E+20,5.55689E+21,8.19418E+15,5.01614E+16
34047,6,4,12,0,2018,7,17,3,3,2,6,0,0,1,0,1,0,0,0,4.81774E+20,5.55405E+21,8.74495E+15,5.01384E+16
34048,6,5,33,3,2018,8,7,1,2,5,3,0,0,1,0,1,0,0,0,4.45405E+20,5.57276E+21,8.23335E+15,5.03044E+16
34049,6,4,13,0,2018,8,15,6,3,0,6,0,0,1,0,1,0,0,0,4.84534E+20,5.55029E+21,8.78373E+15,5.01047E+16
34050,6,4,12,0,2018,7,15,3,3,2,6,0,0,1,0,0,0,0,0,4.81931E+20,5.55416E+21,8.74714E+15,5.01394E+16
34051,6,4,38,10,2018,8,18,4,2,2,6,0,0,1,0,0,0,0,0,4.89732E+20,5.54542E+21,8.85654E+15,5.0061E+16
34052,6,4,11,0,2018,8,10,7,2,0,1,0,0,0,0,1,0,0,0,4.74456E+20,5.52445E+21,8.64452E+15,4.98719E+16
34053,6,4,12,0,2018,8,16,6,3,2,6,0,0,1,0,0,0,0,0,4.70752E+20,5.54983E+21,8.59104E+15,5.01E+16
34054,6,4,35,25,2018,8,16,6,3,2,6,0,0,1,0,0,0,1,0,5.3573E+20,5.5781E+21,9.50225E+15,5.03539E+16
34055,6,5,32,22,2018,7,6,3,3,4,6,0,0,1,0,0,0,0,0,4.65928E+20,5.58893E+21,8.52007E+15,5.04514E+16
34056,6,5,32,23,2018,7,14,3,3,2,6,0,0,1,0,0,1,0,0,4.67097E+20,5.60232E+21,8.53535E+15,5.05719E+16
34057,6,6,31,23,2018,8,10,4,3,5,3,0,0,0,0,1,0,1,0,5.70828E+20,5.6129E+21,1.00022E+16,5.06636E+16
34058,6,6,11,0,2018,8,23,7,3,2,6,2,0,1,0,0,0,0,0,5.34394E+20,5.68452E+21,9.49347E+15,5.1311E+16
34059,6,4,12,0,2018,8,23,6,3,3,2,2,1,1,0,0,0,0,0,4.80242E+20,5.54987E+21,8.72373E+15,5.01007E+16
34060,6,4,33,5,2018,8,20,6,3,0,3,1,0,1,0,1,0,0,0,4.50826E+20,5.53854E+21,8.3139E+15,4.99971E+16
34061,6,5,32,23,2018,7,5,3,2,5,3,1,1,1,0,0,0,0,0,4.64375E+20,5.60037E+21,8.4971E+15,5.05541E+16
34062,6,5,34,15,2018,8,11,3,2,4,6,0,0,1,0,0,0,1,0,4.77216E+20,5.64644E+21,8.67551E+15,5.09691E+16
34063,6,4,13,0,2018,8,10,5,2,2,6,0,0,1,0,1,0,0,0,4.84956E+20,5.55058E+21,8.78962E+15,5.01073E+16
34064,6,4,34,8,2018,8,17,2,3,2,6,0,0,1,0,0,0,0,0,4.70552E+20,5.56088E+21,8.58739E+15,5.01994E+16
34065,6,5,31,10,2018,7,17,3,3,9,1,0,0,1,0,0,0,0,0,5.01893E+20,5.59539E+21,9.02669E+15,5.05105E+16
34066,6,4,37,6,2018,8,0,1,3,8,1,2,0,1,0,0,0,0,0,4.9967E+20,5.50058E+21,8.99543E+15,4.96578E+16
34067,6,4,12,0,2018,8,16,6,3,2,6,0,0,1,0,0,0,0,0,4.76163E+20,5.54916E+21,8.66674E+15,5.00942E+16
34068,6,5,31,5,2018,7,20,3,3,5,3,0,1,1,0,0,0,0,0,4.77638E+20,5.60262E+21,8.68419E+15,5.0575E+16
34069,6,5,31,5,2018,8,11,3,2,5,3,0,1,1,0,0,0,0,0,4.82587E+20,5.60617E+21,8.75391E+15,5.06072E+16
34070,6,4,35,27,2018,8,12,7,2,4,1,0,0,1,0,1,0,0,0,5.47163E+20,5.57624E+21,9.66272E+15,5.03364E+16
34071,6,4,34,8,2018,8,19,6,3,3,6,0,0,1,0,0,0,0,0,4.69971E+20,5.5626E+21,8.57911E+15,5.02148E+16
34072,6,4,35,17,2018,7,19,3,2,3,6,0,0,1,0,0,1,0,0,5.01221E+20,5.55639E+21,9.01709E+15,5.01597E+16
34073,6,5,31,5,2018,8,18,2,2,2,6,0,0,1,0,0,0,0,0,4.78208E+20,5.60579E+21,8.69205E+15,5.06036E+16
34074,6,4,35,12,2018,7,16,3,3,2,6,0,0,1,0,0,0,0,0,5.06479E+20,5.55973E+21,9.09077E+15,5.01897E+16
34075,6,4,33,12,2018,8,17,2,3,2,6,0,0,1,0,0,0,0,0,4.56033E+20,5.5356E+21,8.38687E+15,4.99711E+16
34076,6,5,32,21,2018,8,10,3,3,8,7,0,0,1,0,0,0,0,0,4.60389E+20,5.60046E+21,8.44083E+15,5.05547E+16
34077,6,4,35,14,2018,7,15,3,3,0,1,0,0,0,0,1,0,0,0,4.95906E+20,5.55167E+21,8.94273E+15,5.01173E+16
34078,6,4,40,22,2018,8,20,2,2,8,1,0,0,1,0,0,0,0,0,4.82618E+20,5.58798E+21,8.7552E+15,5.04436E+16
34079,6,6,34,3,2018,7,21,3,3,2,6,1,0,1,0,0,1,0,0,5.33185E+20,5.66885E+21,9.47466E+15,5.11701E+16
34080,6,4,39,3,2018,8,10,1,3,5,3,0,1,1,0,0,0,0,0,4.37279E+20,5.54201E+21,8.12432E+15,5.00271E+16
34081,6,4,12,0,2018,8,6,6,3,2,2,0,0,1,0,0,1,0,0,4.82629E+20,5.55188E+21,8.75701E+15,5.01189E+16
34082,6,4,12,0,2018,7,21,3,3,2,6,2,0,1,0,0,0,0,0,4.66531E+20,5.55152E+21,8.53187E+15,5.0115E+16
34083,6,4,14,0,2018,8,8,3,3,1,6,0,0,1,0,0,0,0,0,4.45837E+20,5.54688E+21,8.24311E+15,5.00717E+16
34084,6,5,32,8,2018,8,8,7,2,5,2,0,0,1,0,1,0,0,0,4.56488E+20,5.60678E+21,8.38502E+15,5.06112E+16
34085,6,4,36,6,2018,8,17,6,2,9,1,0,0,0,0,1,0,0,0,4.56121E+20,5.54498E+21,8.38702E+15,5.00555E+16
34086,6,5,32,11,2018,7,6,2,3,8,1,0,0,1,0,0,0,0,0,4.4376E+20,5.62182E+21,8.20287E+15,5.07454E+16
34087,6,4,14,0,2018,8,19,2,3,5,2,0,0,1,0,0,0,1,0,4.48247E+20,5.54835E+21,8.27659E+15,5.00851E+16
34088,6,4,12,0,2018,7,17,3,3,2,6,0,0,1,0,0,0,0,0,4.71613E+20,5.55604E+21,8.60262E+15,5.01559E+16
34089,6,4,37,9,2018,8,15,4,3,2,6,0,0,1,0,0,0,1,0,4.98385E+20,5.51442E+21,8.97757E+15,4.97822E+16
34090,6,5,32,23,2018,8,16,2,3,8,1,0,0,1,0,0,0,0,0,4.67814E+20,5.60034E+21,8.54565E+15,5.05541E+16
34091,6,4,12,0,2018,8,11,6,3,6,7,0,0,1,1,0,0,0,0,4.76051E+20,5.55026E+21,8.6651E+15,5.01041E+16
34092,6,4,14,0,2018,7,17,3,2,2,6,0,0,1,0,0,0,0,0,4.5276E+20,5.54502E+21,8.34007E+15,5.00556E+16
34093,6,4,11,0,2018,8,17,4,3,2,6,0,0,1,0,0,0,0,0,4.75717E+20,5.51742E+21,8.66251E+15,4.98088E+16
34094,6,4,39,8,2018,8,5,1,3,8,1,1,0,1,0,0,0,0,0,4.46574E+20,5.56342E+21,8.25109E+15,5.02206E+16
34095,6,4,12,0,2018,8,10,6,3,2,6,0,0,1,0,0,0,0,0,4.75572E+20,5.54993E+21,8.65843E+15,5.01011E+16
34096,6,5,32,12,2018,8,23,6,1,5,1,2,0,1,0,0,0,0,0,4.51998E+20,5.61289E+21,8.32077E+15,5.06658E+16
34097,6,4,14,0,2018,7,17,3,3,2,6,0,0,1,0,0,0,1,0,4.52979E+20,5.54503E+21,8.34314E+15,5.00557E+16
34098,6,4,34,11,2018,8,16,3,2,2,6,0,0,1,0,0,0,0,0,4.67104E+20,5.57644E+21,8.53773E+15,5.03391E+16
34099,6,5,31,16,2018,7,16,3,3,9,1,0,0,0,0,0,0,1,0,4.91574E+20,5.60729E+21,8.88089E+15,5.06175E+16
34100,6,4,32,10,2018,8,10,1,3,0,5,0,0,1,0,0,0,0,0,4.97109E+20,5.52436E+21,8.95977E+15,4.98717E+16
34101,6,4,39,3,2018,8,16,6,3,5,3,0,0,1,0,0,0,0,0,4.37292E+20,5.5441E+21,8.12417E+15,5.00459E+16
34102,6,4,34,1,2018,7,12,3,2,3,6,0,0,1,0,0,1,1,0,4.75966E+20,5.5639E+21,8.66306E+15,5.02268E+16
34103,6,4,12,0,2018,8,19,3,3,3,6,0,1,1,0,0,0,0,0,4.76038E+20,5.55014E+21,8.66493E+15,5.0103E+16
34104,6,5,35,11,2018,8,10,5,3,4,1,0,0,1,0,0,0,0,0,5.2627E+20,5.61075E+21,9.37158E+15,5.0648E+16
34105,6,6,36,16,2018,8,17,2,2,5,3,0,0,1,0,1,0,0,0,5.59222E+20,5.68819E+21,9.85025E+15,5.13419E+16
34106,6,4,40,5,2018,7,18,3,3,2,6,0,0,1,0,0,0,0,0,4.7867E+20,5.5843E+21,8.69981E+15,5.04104E+16
34107,6,5,31,8,2018,8,7,2,3,5,3,0,0,1,0,1,0,0,0,4.93612E+20,5.59077E+21,8.90999E+15,5.04689E+16
34108,6,6,36,13,2018,7,23,2,3,7,7,2,0,0,0,1,0,0,0,5.84799E+20,5.6703E+21,1.02132E+16,5.11778E+16
34109,6,5,34,14,2018,8,7,4,3,1,7,0,1,1,0,0,0,0,0,4.83168E+20,5.62835E+21,8.76111E+15,5.08066E+16
34110,6,5,33,8,2018,8,20,7,3,3,6,1,0,0,0,1,0,1,0,4.38591E+20,5.57592E+21,8.13717E+15,5.03322E+16
34111,6,4,32,20,2018,8,13,6,2,5,3,0,1,1,0,0,0,0,0,4.83814E+20,5.52297E+21,8.7748E+15,4.98589E+16
34112,6,6,32,2,2018,7,12,2,3,0,7,0,1,0,0,0,0,0,0,5.51069E+20,5.63743E+21,9.72602E+15,5.08863E+16
34113,6,5,32,9,2018,8,22,3,3,2,6,2,0,1,0,0,0,0,0,4.53235E+20,5.62805E+21,8.33636E+15,5.08023E+16
34114,6,4,14,0,2018,8,9,5,3,0,7,0,0,0,0,1,0,1,1,4.45851E+20,5.545E+21,8.24358E+15,5.00548E+16
34115,6,4,35,19,2018,8,12,2,3,5,7,0,1,1,0,0,0,0,0,4.8622E+20,5.55485E+21,8.80714E+15,5.01457E+16
34116,6,5,33,6,2018,7,12,2,3,2,6,0,0,1,0,0,0,0,0,4.31661E+20,5.58415E+21,8.03832E+15,5.04054E+16
34117,6,6,11,0,2018,8,23,5,3,5,2,2,1,1,0,0,0,0,0,5.33282E+20,5.68523E+21,9.47757E+15,5.13174E+16
34118,6,6,36,11,2018,8,17,2,3,8,1,0,0,1,0,0,0,0,0,5.64084E+20,5.65885E+21,9.9148E+15,5.10776E+16
34119,6,6,11,0,2018,7,9,2,3,5,3,0,1,1,0,0,0,0,0,5.37073E+20,5.68278E+21,9.53171E+15,5.12951E+16
34120,6,4,40,5,2018,8,6,2,3,2,6,0,0,1,0,0,1,0,0,4.78396E+20,5.58685E+21,8.6958E+15,5.04333E+16
34121,6,6,11,0,2018,7,19,2,3,5,2,0,0,1,0,0,0,0,0,5.34337E+20,5.68512E+21,9.4927E+15,5.13164E+16
34122,6,4,35,14,2018,8,0,4,3,5,3,2,1,1,0,0,0,0,0,4.93525E+20,5.55481E+21,8.90938E+15,5.01455E+16
34123,6,4,12,0,2018,8,17,7,2,6,4,0,1,0,1,0,0,0,0,4.78628E+20,5.55124E+21,8.70108E+15,5.0113E+16
34124,6,5,34,16,2018,8,12,6,3,5,2,0,0,1,0,0,0,0,0,5.03539E+20,5.63504E+21,9.0503E+15,5.0867E+16
34125,6,4,14,0,2018,7,20,2,3,1,7,1,0,1,0,1,0,0,0,4.44999E+20,5.54718E+21,8.23135E+15,5.00743E+16
34126,6,6,31,10,2018,8,14,3,2,0,7,0,1,0,0,0,0,0,0,5.66502E+20,5.5904E+21,9.93694E+15,5.04618E+16
34127,6,4,12,0,2018,8,14,5,3,2,6,0,0,1,0,0,0,0,0,4.75507E+20,5.54743E+21,8.65768E+15,5.00786E+16
34128,6,4,34,6,2018,8,14,2,3,2,6,0,0,1,0,0,0,0,0,4.66647E+20,5.55727E+21,8.53299E+15,5.01667E+16
34129,6,4,13,0,2018,7,15,2,3,5,2,0,0,1,0,1,0,0,0,4.82743E+20,5.55032E+21,8.75868E+15,5.01049E+16
34130,6,6,35,3,2018,8,3,1,2,9,1,2,0,1,0,0,0,0,0,5.14199E+20,5.66379E+21,9.2029E+15,5.11254E+16
34131,6,4,33,6,2018,8,15,7,2,2,6,0,1,1,0,0,0,0,0,4.65039E+20,5.5328E+21,8.51271E+15,4.99466E+16
34132,6,4,13,0,2018,7,23,2,3,2,6,2,0,1,0,0,0,0,0,4.84605E+20,5.54994E+21,8.78474E+15,5.01016E+16
34133,6,5,33,13,2018,8,14,3,3,5,3,0,0,1,0,1,0,0,0,4.35874E+20,5.5857E+21,8.09733E+15,5.04198E+16
34134,6,6,11,0,2018,8,14,1,3,0,7,0,0,0,0,0,1,0,0,5.35086E+20,5.68497E+21,9.50344E+15,5.13149E+16
34135,6,4,36,1,2018,7,9,2,3,0,1,0,1,0,0,0,0,0,0,4.64059E+20,5.55531E+21,8.49695E+15,5.01489E+16
34136,6,4,12,0,2018,8,8,4,3,2,6,0,0,1,0,0,1,0,0,4.75288E+20,5.56157E+21,8.6537E+15,5.02058E+16
34137,6,6,33,18,2018,8,11,7,2,3,2,0,0,1,0,1,0,0,0,5.1153E+20,5.67709E+21,9.16519E+15,5.1245E+16
34138,6,4,35,17,2018,8,22,6,3,3,6,2,0,1,0,0,0,0,0,5.00907E+20,5.55876E+21,9.01271E+15,5.0181E+16
34139,6,4,12,0,2018,7,13,2,3,5,3,0,1,0,0,0,0,1,0,4.77416E+20,5.55346E+21,8.68401E+15,5.01329E+16