OBJECTID_1,ULAND,UREGBEZ,UKREIS,UGEMEINDE,UJAHR,UMONAT,USTUNDE,UWOCHENTAG,UKATEGORIE,UART,UTYP1,ULICHTVERH,IstRad,IstPKW,IstFuss,IstKrad,IstGkfz,IstSonstig,STRZUSTAND,LINREFX,LINREFY,XGCSWGS84,YGCSWGS84
34329,6,6,36,11,2018,8,18,1,3,2,6,0,0,1,0,0,0,1,0,5.70907E+20,5.65341E+21,1.00111E+16,5.10278E+16
34330,6,4,37,1,2018,8,19,3,3,2,6,0,0,1,0,0,0,0,0,5.00896E+20,5.51006E+21,9.01244E+15,4.9743E+16
34331,6,4,12,0,2018,8,11,5,3,0,7,0,1,1,1,0,0,1,0,4.76055E+20,5.55063E+21,8.66513E+15,5.01074E+16
34332,6,4,31,19,2018,8,7,6,3,0,2,1,0,0,0,1,0,1,0,4.82482E+20,5.49679E+21,8.75746E+15,4.96234E+16
34333,6,4,14,0,2018,8,9,2,3,5,3,0,0,1,0,0,1,0,1,4.4922E+20,5.54534E+21,8.29059E+15,5.00582E+16
34334,6,4,35,29,2018,8,7,6,2,5,3,0,0,0,0,1,1,0,0,5.21918E+20,5.56871E+21,9.30756E+15,5.02701E+16
34335,6,6,32,10,2018,8,19,6,2,9,1,0,0,0,0,1,0,0,0,5.64828E+20,5.63207E+21,9.92065E+15,5.08367E+16
34336,6,5,32,11,2018,8,7,2,3,9,1,0,0,1,0,0,0,0,1,4.41679E+20,5.61763E+21,8.17404E+15,5.07075E+16
34337,6,4,37,10,2018,8,15,6,2,5,2,0,1,1,0,0,0,0,0,5.04833E+20,5.51512E+21,9.06715E+15,4.97885E+16
34338,6,4,39,16,2018,8,11,1,3,5,2,0,0,1,0,1,0,0,0,4.54213E+20,5.56594E+21,8.35786E+15,5.02439E+16
34339,6,4,12,0,2018,8,17,4,3,0,7,0,1,1,0,0,0,0,0,4.78085E+20,5.54531E+21,8.69384E+15,5.00596E+16
34340,6,4,38,11,2018,8,7,6,3,3,6,0,0,1,0,0,1,1,0,4.91517E+20,5.54524E+21,8.88148E+15,5.00594E+16
34341,6,4,38,12,2018,8,18,6,3,2,2,0,1,1,0,0,0,0,0,4.84233E+20,5.53424E+21,8.78017E+15,4.99603E+16
34342,6,4,32,4,2018,8,17,6,3,5,3,0,1,1,0,0,0,0,0,4.86149E+20,5.52795E+21,8.80711E+15,4.99037E+16
34343,6,4,39,15,2018,8,9,1,3,2,6,0,0,0,0,1,0,0,0,4.39655E+20,5.55478E+21,8.15548E+15,5.01422E+16
34344,6,4,34,11,2018,8,10,3,2,5,2,0,0,1,0,0,0,0,0,4.65542E+20,5.57612E+21,8.51581E+15,5.03362E+16
34345,6,4,38,2,2018,8,20,5,2,5,2,0,0,1,0,0,0,0,0,4.77556E+20,5.53939E+21,8.68678E+15,5.00064E+16
34346,6,4,32,20,2018,8,14,6,3,5,3,0,0,1,0,0,0,0,0,4.85526E+20,5.52492E+21,8.79856E+15,4.98765E+16
34347,6,4,32,16,2018,8,7,6,3,2,6,0,0,1,0,0,0,0,0,4.79922E+20,5.5195E+21,8.72084E+15,4.98276E+16
34348,6,4,39,2,2018,8,20,3,3,9,1,1,0,1,0,0,0,0,1,4.34716E+20,5.55545E+21,8.08626E+15,5.01477E+16
34349,6,6,11,0,2018,8,13,5,3,6,7,0,0,1,1,0,0,0,0,5.32385E+20,5.68468E+21,9.46466E+15,5.13125E+16
34350,6,4,31,8,2018,8,14,6,2,4,6,0,0,1,0,1,0,0,0,4.83035E+20,5.4864E+21,8.76555E+15,4.953E+16
34351,6,4,12,0,2018,8,11,2,3,5,3,0,0,0,0,1,0,1,1,4.68379E+20,5.55011E+21,8.55785E+15,5.01024E+16
34352,6,4,31,12,2018,8,17,6,2,5,3,0,0,1,0,1,0,0,0,4.92669E+20,5.47704E+21,8.89886E+15,4.9446E+16
34353,6,6,31,23,2018,8,10,5,2,2,2,0,0,1,0,1,0,0,0,5.72849E+20,5.61039E+21,1.00303E+16,5.06408E+16
34354,6,4,14,0,2018,8,15,6,3,2,6,0,0,1,0,0,0,0,0,4.53745E+20,5.54485E+21,8.35385E+15,5.00541E+16
34355,6,4,31,3,2018,8,14,2,3,0,1,0,0,0,0,1,0,0,1,4.61374E+20,5.50502E+21,8.4644E+15,4.96965E+16
34356,6,4,31,2,2018,8,16,6,3,5,3,0,0,1,0,0,0,0,0,4.71015E+20,5.50224E+21,8.59828E+15,4.9672E+16
34357,6,4,35,25,2018,8,17,1,2,2,2,0,0,1,0,0,0,0,0,5.39564E+20,5.57742E+21,9.55608E+15,5.03476E+16
34358,6,4,40,4,2018,8,13,4,3,5,3,0,0,1,0,0,0,0,0,5.07747E+20,5.56873E+21,9.10871E+15,5.02706E+16
34359,6,5,35,14,2018,8,11,6,3,2,6,0,0,1,0,0,0,0,0,5.15666E+20,5.6195E+21,9.22195E+15,5.07271E+16
34360,6,5,35,1,2018,8,13,6,3,2,6,0,0,1,0,0,0,0,0,5.18612E+20,5.62174E+21,9.26382E+15,5.07472E+16
34361,6,6,31,14,2018,8,16,6,2,6,4,0,0,1,1,0,0,0,0,5.33861E+20,5.59457E+21,9.47747E+15,5.05021E+16
34362,6,4,40,24,2018,8,13,3,3,5,3,0,0,1,0,0,0,0,0,4.88993E+20,5.58617E+21,8.84504E+15,5.04275E+16
34363,6,4,35,1,2018,8,17,5,3,5,3,0,0,1,0,1,0,0,0,5.24739E+20,5.56402E+21,9.34683E+15,5.02279E+16
34364,6,4,12,0,2018,8,13,6,3,6,4,0,0,0,1,0,0,1,0,4.82445E+20,5.55454E+21,8.75431E+15,5.01428E+16
34365,6,4,35,25,2018,8,14,2,3,2,6,0,0,1,0,0,0,1,1,5.38137E+20,5.57757E+21,9.53603E+15,5.0349E+16
34366,6,5,32,23,2018,8,14,6,3,4,6,0,0,0,0,0,1,1,0,4.65409E+20,5.60582E+21,8.51119E+15,5.06032E+16
34367,6,6,35,15,2018,8,15,4,2,5,2,0,1,1,0,0,0,0,0,4.88966E+20,5.67657E+21,8.84193E+15,5.12404E+16
34368,6,4,34,8,2018,8,15,6,3,1,5,0,0,1,0,1,0,0,0,4.70666E+20,5.56326E+21,8.5888E+15,5.02208E+16
34369,6,6,31,9,2018,8,7,2,2,5,2,0,1,1,0,0,0,0,0,5.49938E+20,5.59742E+21,9.70453E+15,5.05266E+16
34370,6,4,11,0,2018,8,11,2,2,0,1,0,0,0,0,1,0,0,1,4.75366E+20,5.52446E+21,8.65718E+15,4.9872E+16
34371,6,5,32,23,2018,8,12,6,3,5,2,0,0,1,0,0,0,0,0,4.65984E+20,5.60153E+21,8.51971E+15,5.05647E+16
34372,6,4,36,6,2018,8,7,5,3,3,6,0,0,1,0,0,1,0,0,4.56475E+20,5.54445E+21,8.39203E+15,5.00507E+16
34373,6,4,11,0,2018,8,14,6,3,4,6,0,0,0,0,0,1,0,0,4.78302E+20,5.52771E+21,8.69785E+15,4.99014E+16
34374,6,5,34,14,2018,8,21,2,3,0,1,2,0,0,0,1,0,0,1,4.82903E+20,5.62618E+21,8.75745E+15,5.07871E+16
34375,6,5,32,23,2018,8,14,6,3,2,6,0,0,1,0,1,0,0,0,4.64615E+20,5.60138E+21,8.5004E+15,5.05633E+16
34376,6,4,35,27,2018,8,19,1,2,8,1,0,0,0,0,1,0,0,0,5.48181E+20,5.57776E+21,9.67722E+15,5.035E+16
34377,6,6,33,20,2018,8,12,4,2,2,6,0,0,0,0,0,1,0,0,5.40352E+20,5.68671E+21,9.57919E+15,5.13303E+16
34378,6,4,32,18,2018,8,17,6,3,2,6,0,0,1,0,0,0,1,0,4.69281E+20,5.517E+21,8.57309E+15,4.98046E+16
34379,6,5,31,5,2018,8,17,6,3,5,3,0,0,1,0,0,0,0,0,4.7941E+20,5.60278E+21,8.7092E+15,5.05765E+16
34380,6,4,35,14,2018,8,17,6,3,5,3,0,0,1,0,0,0,0,0,4.93365E+20,5.55201E+21,8.90718E+15,5.01203E+16
34381,6,5,32,16,2018,8,11,3,3,5,2,0,0,1,0,0,0,0,0,4.51181E+20,5.59816E+21,8.31116E+15,5.05334E+16
34382,6,4,32,4,2018,8,14,5,3,2,6,0,0,1,0,0,1,0,0,4.87679E+20,5.5279E+21,8.82842E+15,4.99034E+16
34383,6,4,35,14,2018,8,15,6,3,4,6,0,1,0,0,0,0,0,0,4.93529E+20,5.55224E+21,8.90947E+15,5.01224E+16
34384,6,4,35,19,2018,8,22,2,3,5,3,2,0,1,0,0,0,0,0,4.88802E+20,5.55543E+21,8.84325E+15,5.0151E+16
34385,6,4,38,11,2018,8,17,6,3,2,6,0,0,1,0,0,0,0,0,4.90225E+20,5.54538E+21,8.86344E+15,5.00606E+16
34386,6,4,13,0,2018,8,11,4,3,3,6,0,0,1,0,1,0,0,0,4.82578E+20,5.55026E+21,8.75638E+15,5.01043E+16
34387,6,4,38,12,2018,8,15,6,3,5,3,0,0,1,0,0,0,0,0,4.86982E+20,5.53526E+21,8.81847E+15,4.99696E+16
34388,6,6,33,23,2018,8,18,2,3,3,6,0,0,1,0,0,0,0,1,5.24917E+20,5.68225E+21,9.35734E+15,5.1291E+16
34389,6,6,34,3,2018,8,13,6,3,2,6,0,0,1,0,0,0,0,0,5.33086E+20,5.6698E+21,9.47333E+15,5.11787E+16
34390,6,4,38,9,2018,8,13,1,3,5,2,0,1,1,0,0,0,0,0,4.78178E+20,5.54514E+21,8.69514E+15,5.00582E+16
34391,6,4,14,0,2018,8,12,3,3,0,7,0,0,1,0,0,0,1,0,4.48425E+20,5.54822E+21,8.27909E+15,5.0084E+16
34392,6,4,14,0,2018,8,5,5,3,5,3,1,0,1,0,0,1,0,0,4.4423E+20,5.54971E+21,8.22025E+15,5.0097E+16
34393,6,6,34,3,2018,8,13,6,3,2,6,0,0,1,0,0,0,0,0,5.33068E+20,5.66981E+21,9.47308E+15,5.11788E+16
34394,6,6,33,1,2018,8,20,2,2,8,1,1,0,1,0,0,0,0,1,5.26408E+20,5.68938E+21,9.37925E+15,5.1355E+16
34395,6,6,34,3,2018,8,13,6,3,3,6,0,0,1,0,0,0,0,0,5.33106E+20,5.66996E+21,9.47363E+15,5.11801E+16
34396,6,4,38,9,2018,8,15,1,3,2,6,0,0,1,0,0,0,0,0,4.79298E+20,5.54407E+21,8.71085E+15,5.00486E+16
34397,6,4,40,5,2018,8,17,4,3,2,6,0,0,1,0,0,0,0,0,4.78341E+20,5.58737E+21,8.69501E+15,5.04379E+16
34398,6,6,11,0,2018,8,15,5,3,2,6,0,0,1,0,0,0,0,0,5.32673E+20,5.68413E+21,9.46874E+15,5.13075E+16
34399,6,6,11,0,2018,8,13,6,3,2,6,0,0,0,0,0,1,1,0,5.36679E+20,5.68108E+21,9.52589E+15,5.12799E+16
34400,6,4,12,0,2018,8,10,6,3,9,1,0,0,0,0,0,1,0,0,4.7484E+20,5.56121E+21,8.64745E+15,5.02025E+16
34401,6,6,32,2,2018,8,7,2,2,5,2,0,0,1,0,0,0,0,0,5.52344E+20,5.63541E+21,9.74386E+15,5.0868E+16
34402,6,4,36,2,2018,8,13,6,3,2,6,0,0,1,0,0,0,0,0,4.52465E+20,5.55382E+21,8.33486E+15,5.01347E+16
34403,6,4,35,9,2018,8,12,2,3,4,6,0,0,0,0,1,1,0,1,5.10217E+20,5.55444E+21,9.14298E+15,5.01421E+16
34404,6,4,32,18,2018,8,7,6,3,2,6,0,0,1,0,0,0,0,0,4.69444E+20,5.51737E+21,8.57533E+15,4.9808E+16
34405,6,4,38,10,2018,8,21,1,3,5,3,2,0,1,0,0,0,0,0,4.92174E+20,5.54631E+21,8.89065E+15,5.0069E+16
34406,6,4,12,0,2018,8,16,4,3,0,6,0,0,1,0,1,0,1,0,4.74601E+20,5.55016E+21,8.64484E+15,5.01031E+16
34407,6,6,31,9,2018,8,14,6,3,4,7,0,1,0,0,0,0,1,0,5.49047E+20,5.59896E+21,9.69217E+15,5.05406E+16
34408,6,4,31,20,2018,8,12,2,3,3,6,0,0,1,0,0,1,0,1,4.68134E+20,5.48609E+21,8.55967E+15,4.95266E+16
34409,6,5,31,9,2018,8,14,6,3,2,6,0,0,1,0,0,0,0,0,4.77406E+20,5.59478E+21,8.6814E+15,5.05045E+16
34410,6,4,40,18,2018,8,18,6,3,2,6,0,0,1,0,0,0,0,0,4.79041E+20,5.57998E+21,8.70528E+15,5.03715E+16
34411,6,4,34,9,2018,8,19,1,3,8,7,0,0,1,0,0,0,0,0,4.59641E+20,5.56497E+21,8.43409E+15,5.02355E+16
34412,6,6,36,9,2018,8,8,3,2,8,1,0,0,1,0,0,0,0,0,5.62864E+20,5.69028E+21,9.90291E+15,5.13603E+16
34413,6,4,12,0,2018,8,10,1,3,5,3,0,1,1,0,0,0,0,0,4.79305E+20,5.5553E+21,8.71033E+15,5.01496E+16
34414,6,4,11,0,2018,8,17,5,2,0,3,0,1,0,0,0,0,1,0,4.76145E+20,5.52587E+21,8.66793E+15,4.98847E+16
34415,6,6,36,8,2018,8,18,5,3,8,6,0,0,1,0,1,0,0,1,5.67733E+20,5.67541E+21,9.97001E+15,5.1226E+16
34416,6,4,14,0,2018,8,19,2,3,5,2,0,1,1,0,0,0,0,1,4.45326E+20,5.54816E+21,8.23579E+15,5.00832E+16
34417,6,6,35,7,2018,8,11,5,2,9,1,0,0,1,0,0,0,0,0,4.85096E+20,5.68986E+21,8.78594E+15,5.13598E+16
34418,6,5,35,11,2018,8,16,6,3,2,6,0,0,1,0,0,0,0,0,5.2911E+20,5.60988E+21,9.41168E+15,5.06401E+16
34419,6,4,32,16,2018,8,17,2,3,3,6,0,0,1,0,1,0,0,1,4.80495E+20,5.51947E+21,8.72881E+15,4.98274E+16
34420,6,6,11,0,2018,8,11,5,3,1,5,0,0,1,0,0,0,0,0,5.34963E+20,5.68583E+21,9.50176E+15,5.13227E+16
34421,6,4,34,13,2018,8,18,1,2,8,1,0,0,0,0,1,0,0,0,4.58544E+20,5.57373E+21,8.41774E+15,5.03143E+16
34422,6,4,14,0,2018,8,15,5,3,0,7,0,1,0,1,0,0,0,1,4.44886E+20,5.54764E+21,8.22971E+15,5.00785E+16
34423,6,4,40,20,2018,8,14,2,2,9,1,0,0,1,0,0,0,0,1,4.99119E+20,5.57978E+21,8.98761E+15,5.03701E+16
34424,6,4,14,0,2018,8,16,5,3,5,3,0,0,1,0,0,0,0,1,4.44959E+20,5.54732E+21,8.23077E+15,5.00756E+16
34425,6,4,34,8,2018,8,18,1,3,0,1,0,0,0,0,1,0,0,0,4.62763E+20,5.56392E+21,8.47796E+15,5.02263E+16
34426,6,6,11,0,2018,8,16,4,3,2,6,0,0,1,0,0,0,1,0,5.30007E+20,5.68486E+21,9.43055E+15,5.13142E+16
34427,6,5,32,23,2018,8,12,6,3,5,3,0,0,1,0,0,0,1,0,4.69406E+20,5.60025E+21,8.56813E+15,5.05533E+16
34428,6,6,11,0,2018,8,16,1,3,2,6,0,0,1,0,1,0,0,0,5.32811E+20,5.68609E+21,9.4709E+15,5.13252E+16
34429,6,4,13,0,2018,8,17,5,3,4,1,0,0,1,0,0,0,0,1,4.81418E+20,5.54727E+21,8.7403E+15,5.00774E+16
34430,6,4,13,0,2018,8,17,5,3,5,2,0,1,1,0,0,0,0,1,4.83027E+20,5.5486E+21,8.76273E+15,5.00894E+16
34431,6,4,31,7,2018,8,17,1,3,9,1,0,0,0,0,1,0,0,0,4.85862E+20,5.50314E+21,8.80402E+15,4.96806E+16
34432,6,4,38,4,2018,8,11,3,3,5,2,0,1,0,0,0,1,0,0,4.95186E+20,5.54711E+21,8.93272E+15,5.00762E+16
34433,6,6,35,11,2018,8,9,5,3,4,3,0,0,1,0,0,1,0,0,4.87058E+20,5.65554E+21,8.81535E+15,5.10513E+16
34434,6,4,12,0,2018,8,7,5,2,6,7,0,1,0,1,0,0,0,0,4.73011E+20,5.55619E+21,8.62217E+15,5.01573E+16
34435,6,4,12,0,2018,8,19,2,3,5,7,0,1,0,0,0,0,1,0,4.744E+20,5.54936E+21,8.64207E+15,5.0096E+16
34436,6,4,14,0,2018,8,14,1,3,5,3,0,1,1,0,0,0,0,0,4.42433E+20,5.54694E+21,8.19555E+15,5.00719E+16
34437,6,4,12,0,2018,8,17,5,3,2,6,0,0,1,0,0,0,0,0,4.76977E+20,5.55903E+21,8.67752E+15,5.0183E+16
34438,6,6,31,1,2018,8,15,5,2,5,2,0,0,1,0,1,0,0,0,5.36008E+20,5.60802E+21,9.50905E+15,5.06229E+16
34439,6,4,14,0,2018,8,15,6,3,5,3,0,1,1,0,0,0,0,0,4.44605E+20,5.54757E+21,8.2258E+15,5.00778E+16
34440,6,4,33,3,2018,8,14,2,3,9,1,0,0,1,0,0,0,0,1,4.6733E+20,5.53193E+21,8.54472E+15,4.99388E+16
34441,6,4,12,0,2018,8,16,5,3,2,6,0,0,1,0,0,0,0,0,4.77914E+20,5.5487E+21,8.69125E+15,5.00901E+16
34442,6,4,31,11,2018,8,14,1,3,2,6,0,0,1,0,0,0,0,0,4.73977E+20,5.49874E+21,8.63957E+15,4.96406E+16
34443,6,5,32,8,2018,8,18,4,2,2,2,0,0,1,0,1,0,0,0,4.546E+20,5.6072E+21,8.35829E+15,5.06149E+16
34444,6,4,12,0,2018,8,9,6,3,2,6,0,0,0,0,0,1,0,0,4.75135E+20,5.54535E+21,8.65262E+15,5.006E+16
34445,6,4,12,0,2018,8,19,5,3,5,3,0,1,1,0,0,0,0,0,4.78396E+20,5.55405E+21,8.69768E+15,5.01382E+16
34446,6,4,12,0,2018,8,9,5,3,3,2,0,1,1,0,0,0,0,0,4.79326E+20,5.55535E+21,8.71062E+15,5.015E+16
34447,6,5,32,17,2018,8,16,1,2,0,6,0,0,1,0,1,0,0,0,4.59194E+20,5.61627E+21,8.42221E+15,5.06969E+16
34448,6,5,34,12,2018,8,8,3,2,9,1,0,0,1,0,1,0,0,1,4.77611E+20,5.6327E+21,8.68198E+15,5.08456E+16
34449,6,5,32,12,2018,8,17,5,3,8,1,0,0,1,0,0,0,0,0,4.5203E+20,5.61302E+21,8.32121E+15,5.06671E+16
34450,6,4,34,9,2018,8,17,4,3,5,3,0,1,1,0,0,0,0,0,4.61584E+20,5.57064E+21,8.46076E+15,5.02866E+16
34451,6,6,33,8,2018,8,15,6,3,2,6,0,0,1,0,0,0,0,0,5.34701E+20,5.67632E+21,9.49708E+15,5.12372E+16
34452,6,4,12,0,2018,8,7,5,3,1,5,0,0,0,0,1,0,1,0,4.75628E+20,5.55079E+21,8.65915E+15,5.01089E+16
34453,6,6,35,3,2018,8,14,5,2,2,7,0,0,1,0,1,0,0,1,5.11328E+20,5.66382E+21,9.16187E+15,5.11257E+16
34454,6,5,32,6,2018,8,19,1,3,5,3,0,0,1,0,1,0,0,0,4.49351E+20,5.62124E+21,8.28219E+15,5.07407E+16
34455,6,4,36,9,2018,8,18,3,3,0,1,0,0,0,0,1,0,0,0,4.6174E+20,5.54751E+21,8.46527E+15,5.00786E+16
34456,6,4,34,8,2018,8,13,5,3,2,6,0,0,1,0,0,0,0,0,4.70568E+20,5.5609E+21,8.58762E+15,5.01996E+16
34457,6,6,34,14,2018,8,20,5,3,1,6,2,0,1,0,0,0,0,1,5.3806E+20,5.66571E+21,9.54406E+15,5.11416E+16
34458,6,6,34,3,2018,8,10,2,3,8,1,0,0,1,0,0,0,0,1,5.27717E+20,5.66582E+21,9.39623E+15,5.11431E+16
34459,6,6,33,25,2018,8,14,5,2,4,6,0,0,1,0,0,0,0,0,5.28713E+20,5.71521E+21,9.41445E+15,5.15872E+16
34460,6,5,32,23,2018,8,13,5,3,3,2,0,0,1,0,0,0,0,0,4.67834E+20,5.60223E+21,8.54578E+15,5.05711E+16
34461,6,6,11,0,2018,8,16,6,2,4,6,0,1,0,1,0,0,0,0,5.3151E+20,5.68418E+21,9.45206E+15,5.1308E+16
34462,6,6,31,9,2018,8,16,2,3,0,3,0,0,1,0,1,0,0,0,5.48436E+20,5.59686E+21,9.68328E+15,5.05217E+16
34463,6,6,32,18,2018,8,15,5,3,2,2,0,0,1,0,0,0,0,0,5.52858E+20,5.64939E+21,9.75319E+15,5.09937E+16
34464,6,4,32,2,2018,8,17,1,2,5,3,0,0,1,0,0,0,0,0,4.9504E+20,5.53287E+21,8.93086E+15,4.99482E+16
34465,6,5,35,14,2018,8,16,4,2,7,7,0,0,1,0,0,1,0,0,5.14196E+20,5.61849E+21,9.2011E+15,5.07181E+16
34466,6,4,35,13,2018,8,16,5,3,5,3,0,0,1,0,0,0,0,0,4.99694E+20,5.56559E+21,8.99572E+15,5.02424E+16
34467,6,6,35,16,2018,8,18,5,2,8,6,0,0,1,0,1,0,0,0,4.81908E+20,5.66743E+21,8.74129E+15,5.1158E+16
34468,6,4,38,4,2018,8,9,5,3,6,4,0,0,1,1,0,0,0,0,4.95577E+20,5.54759E+21,8.93819E+15,5.00805E+16
34469,6,6,11,0,2018,8,12,3,3,2,6,0,0,1,0,0,0,0,1,5.33424E+20,5.6814E+21,9.47925E+15,5.12829E+16
34470,6,4,34,3,2018,8,22,5,3,2,6,2,0,1,0,0,0,0,0,4.57405E+20,5.56291E+21,8.40296E+15,5.02169E+16
34471,6,4,38,11,2018,8,19,2,3,5,2,0,1,1,0,0,0,0,0,4.92175E+20,5.54041E+21,8.89078E+15,5.0016E+16
34472,6,4,36,4,2018,8,16,5,2,5,2,0,0,1,0,0,0,0,1,4.6023E+20,5.54331E+21,8.4446E+15,5.00408E+16
34473,6,4,12,0,2018,8,11,4,3,3,6,0,0,1,0,0,0,0,0,4.78208E+20,5.55022E+21,8.69526E+15,5.01038E+16
34474,6,4,36,4,2018,8,17,5,3,5,3,0,0,1,0,0,0,0,0,4.59894E+20,5.54429E+21,8.43981E+15,5.00496E+16
34475,6,4,38,8,2018,8,15,2,3,0,2,0,0,1,0,1,0,0,1,4.89326E+20,5.54986E+21,8.85075E+15,5.01009E+16
34476,6,4,36,9,2018,8,13,5,2,2,6,0,0,1,0,0,0,0,0,4.62187E+20,5.54725E+21,8.47155E+15,5.00763E+16
34477,6,4,14,0,2018,8,17,4,3,3,6,0,0,1,0,0,0,0,0,4.46747E+20,5.54514E+21,8.25607E+15,5.00561E+16
34478,6,4,36,4,2018,8,8,6,3,5,3,0,0,1,0,0,0,0,0,4.59419E+20,5.54481E+21,8.43311E+15,5.00542E+16
34479,6,5,31,14,2018,8,18,2,3,2,2,0,0,1,0,0,0,0,0,4.79765E+20,5.59736E+21,8.71452E+15,5.05278E+16
34480,6,4,36,2,2018,8,14,5,2,9,1,0,0,1,0,0,0,0,0,4.52704E+20,5.55361E+21,8.33823E+15,5.01328E+16
34481,6,4,31,15,2018,8,12,1,2,5,2,0,0,1,0,1,0,0,0,4.82668E+20,5.50555E+21,8.75964E+15,4.97022E+16
34482,6,6,36,13,2018,8,13,3,3,5,3,0,0,1,0,0,0,0,0,5.83977E+20,5.66614E+21,1.02004E+16,5.11405E+16
34483,6,6,11,0,2018,8,13,5,2,3,6,0,0,1,0,0,0,0,0,5.32748E+20,5.68466E+21,9.46986E+15,5.13123E+16
34484,6,4,35,3,2018,8,0,5,3,2,6,2,0,1,0,0,0,0,0,5.19426E+20,5.5637E+21,9.27233E+15,5.02251E+16
34485,6,4,35,9,2018,8,16,5,3,5,3,0,1,1,0,0,0,0,0,5.08199E+20,5.5542E+21,9.11474E+15,5.01399E+16
34486,6,4,35,3,2018,8,20,4,3,9,1,0,0,1,0,0,0,0,0,5.19876E+20,5.56394E+21,9.27865E+15,5.02273E+16
34487,6,5,33,4,2018,8,23,2,2,0,1,2,0,1,0,0,0,0,1,4.31838E+20,5.59742E+21,8.03839E+15,5.05247E+16
34488,6,5,32,6,2018,8,5,5,3,2,6,1,0,1,0,1,0,0,0,4.51759E+20,5.62063E+21,8.31638E+15,5.07354E+16
34489,6,4,40,14,2018,8,15,2,3,2,2,0,0,1,0,1,0,0,0,4.9834E+20,5.56751E+21,8.97671E+15,5.02597E+16
34490,6,4,32,5,2018,8,17,5,1,8,1,0,0,0,0,1,0,0,1,4.8915E+20,5.53247E+21,8.84877E+15,4.99445E+16
34491,6,5,34,18,2018,8,7,1,2,8,1,0,0,1,0,0,0,0,0,5.01933E+20,5.63144E+21,9.02744E+15,5.08347E+16
34492,6,4,11,0,2018,8,13,4,3,5,3,0,1,1,0,0,0,0,0,4.74556E+20,5.52556E+21,8.64583E+15,4.98819E+16
34493,6,6,31,4,2018,8,13,6,3,0,7,0,1,0,0,0,0,0,0,5.56691E+20,5.59296E+21,9.79912E+15,5.04859E+16
34494,6,6,35,21,2018,8,11,1,3,8,1,0,1,0,0,0,0,0,0,5.02524E+20,5.67172E+21,9.03613E+15,5.11969E+16
34495,6,4,32,16,2018,8,17,5,3,2,6,0,0,1,0,0,0,0,1,4.84706E+20,5.51748E+21,8.78744E+15,4.98095E+16
34496,6,4,32,19,2018,8,16,5,2,5,3,0,0,1,0,0,0,1,1,4.86368E+20,5.52181E+21,8.81038E+15,4.98486E+16
34497,6,6,31,19,2018,8,16,1,2,0,7,0,0,0,0,1,0,0,0,5.56904E+20,5.61039E+21,9.80478E+15,5.06426E+16
34498,6,6,34,12,2018,8,16,3,3,2,6,0,0,1,0,0,0,0,0,5.36433E+20,5.66861E+21,9.5211E+15,5.11678E+16
34499,6,6,34,22,2018,8,9,5,1,9,1,0,0,1,0,0,0,0,0,5.14188E+20,5.64342E+21,9.20195E+15,5.09422E+16
34500,6,4,31,21,2018,8,17,5,2,4,1,0,0,1,0,0,0,0,0,4.86578E+20,5.49055E+21,8.81438E+15,4.95674E+16
34501,6,4,31,2,2018,8,12,6,3,2,6,0,0,1,0,1,0,0,0,4.72708E+20,5.50355E+21,8.62166E+15,4.96839E+16
34502,6,4,12,0,2018,8,19,2,3,2,6,1,0,1,0,0,0,0,1,4.65299E+20,5.55082E+21,8.51471E+15,5.01086E+16
34503,6,5,34,22,2018,8,15,5,3,2,6,0,0,1,0,0,0,0,0,4.96694E+20,5.64201E+21,8.95296E+15,5.09298E+16
34504,6,4,12,0,2018,8,6,3,3,5,2,0,1,1,0,0,0,0,0,4.7478E+20,5.55027E+21,8.64733E+15,5.01042E+16
34505,6,4,12,0,2018,8,12,5,2,8,6,0,0,1,0,1,0,0,0,4.80608E+20,5.5517E+21,8.72875E+15,5.01172E+16
34506,6,6,31,17,2018,8,20,5,2,8,1,0,0,1,0,0,0,0,0,5.50495E+20,5.5984E+21,9.71253E+15,5.05354E+16
34507,6,4,14,0,2018,8,4,2,3,5,2,2,0,1,0,0,0,0,0,4.43423E+20,5.54369E+21,8.20986E+15,5.00428E+16
34508,6,6,31,9,2018,8,18,5,3,5,2,0,0,1,0,0,0,1,1,5.48421E+20,5.6013E+21,9.68363E+15,5.05617E+16
34509,6,6,36,14,2018,8,11,6,3,5,2,0,0,1,0,0,0,0,0,5.6961E+20,5.66716E+21,9.99529E+15,5.11516E+16
34510,6,5,32,8,2018,8,17,2,2,0,3,0,0,1,0,1,0,0,0,4.56333E+20,5.60634E+21,8.38289E+15,5.06073E+16
34511,6,4,35,14,2018,8,15,5,3,0,7,0,0,1,0,0,0,0,1,4.96615E+20,5.55228E+21,8.95265E+15,5.01228E+16
34512,6,6,35,13,2018,8,10,4,3,3,6,0,0,0,0,1,0,1,0,4.90828E+20,5.65433E+21,8.86918E+15,5.10404E+16
34513,6,4,35,14,2018,8,18,6,3,8,1,0,0,1,0,0,0,0,0,4.98493E+20,5.55362E+21,8.97892E+15,5.01349E+16
34514,6,5,32,23,2018,8,13,5,3,5,2,0,0,1,0,1,0,0,0,4.71357E+20,5.60093E+21,8.59562E+15,5.05596E+16
34515,6,5,32,3,2018,8,7,5,3,5,3,0,0,1,0,0,0,0,0,4.56944E+20,5.59638E+21,8.39267E+15,5.05178E+16
34516,6,4,34,11,2018,8,15,3,3,2,6,0,0,1,0,0,0,0,0,4.66268E+20,5.57697E+21,8.52593E+15,5.03439E+16
34517,6,4,38,6,2018,8,7,5,2,5,2,0,0,1,0,1,0,0,0,4.77081E+20,5.53832E+21,8.68022E+15,4.99968E+16
34518,6,5,31,5,2018,8,17,5,3,8,1,0,0,1,0,0,0,0,1,4.74607E+20,5.60186E+21,8.64144E+15,5.05681E+16