OBJECTID_1,ULAND,UREGBEZ,UKREIS,UGEMEINDE,UJAHR,UMONAT,USTUNDE,UWOCHENTAG,UKATEGORIE,UART,UTYP1,ULICHTVERH,IstRad,IstPKW,IstFuss,IstKrad,IstGkfz,IstSonstig,STRZUSTAND,LINREFX,LINREFY,XGCSWGS84,YGCSWGS84
34519,6,4,37,13,2018,8,13,2,3,9,1,0,0,1,0,0,0,0,1,4.94394E+20,5.507E+21,8.92224E+15,4.97155E+16
34520,6,6,33,20,2018,8,12,5,3,2,6,0,0,1,0,0,1,0,0,5.40665E+20,5.68703E+21,9.58372E+15,5.13331E+16
34521,6,4,35,23,2018,8,17,5,2,3,6,0,0,1,0,0,1,0,0,5.00966E+20,5.55594E+21,9.01352E+15,5.01556E+16
34522,6,4,12,0,2018,8,16,6,3,3,7,0,0,1,0,1,0,0,0,4.7504E+20,5.55043E+21,8.65096E+15,5.01056E+16
34523,6,4,13,0,2018,8,10,2,3,5,2,0,0,1,0,0,1,0,1,4.85891E+20,5.55112E+21,8.80267E+15,5.01121E+16
34524,6,6,34,11,2018,8,10,5,3,2,6,0,0,0,0,0,1,1,0,5.33597E+20,5.64671E+21,9.4785E+15,5.0971E+16
34525,6,5,34,14,2018,8,9,5,3,3,2,0,1,1,0,0,0,0,0,4.8335E+20,5.62833E+21,8.7637E+15,5.08065E+16
34526,6,6,11,0,2018,8,8,6,3,0,2,0,1,0,0,0,1,0,0,5.36012E+20,5.68437E+21,9.51666E+15,5.13095E+16
34527,6,4,40,23,2018,8,6,2,3,7,7,0,0,1,0,0,0,0,0,4.81447E+20,5.56831E+21,8.73967E+15,5.02667E+16
34528,6,4,12,0,2018,8,19,5,3,3,3,0,0,1,0,0,1,0,0,4.66405E+20,5.55145E+21,8.53012E+15,5.01143E+16
34529,6,4,31,11,2018,8,19,4,3,5,3,0,1,1,0,0,0,0,0,4.7413E+20,5.49826E+21,8.64171E+15,4.96363E+16
34530,6,6,33,28,2018,8,0,6,3,8,1,2,0,1,0,0,0,0,0,5.13684E+20,5.69422E+21,9.19671E+15,5.1399E+16
34531,6,4,40,5,2018,8,12,5,3,3,6,0,0,1,0,0,0,0,0,4.78496E+20,5.5861E+21,8.69726E+15,5.04265E+16
34532,6,4,35,6,2018,8,20,4,2,5,3,0,1,1,0,0,0,0,0,4.95401E+20,5.55879E+21,8.93559E+15,5.01813E+16
34533,6,4,32,11,2018,8,17,3,3,5,3,0,1,1,0,0,0,0,0,4.8793E+20,5.52594E+21,8.83197E+15,4.98858E+16
34534,6,4,36,7,2018,8,8,5,3,5,3,0,0,1,0,0,1,0,0,4.61331E+20,5.54932E+21,8.45937E+15,5.00949E+16
34535,6,4,35,14,2018,8,17,4,3,2,6,0,0,1,0,0,0,0,0,4.9547E+20,5.55448E+21,8.93661E+15,5.01425E+16
34536,6,6,34,25,2018,8,19,2,2,9,1,0,0,1,0,0,0,0,1,5.23535E+20,5.6602E+21,9.33607E+15,5.10928E+16
34537,6,6,36,14,2018,8,17,4,3,5,2,0,0,1,0,1,0,0,0,5.72844E+20,5.66742E+21,1.00416E+16,5.11536E+16
34538,6,6,35,19,2018,8,16,4,2,4,1,0,0,0,0,1,1,0,0,4.93473E+20,5.67177E+21,8.90659E+15,5.11973E+16
34539,6,6,34,8,2018,8,19,6,3,5,2,0,0,1,0,0,0,1,0,5.26383E+20,5.67344E+21,9.37771E+15,5.12118E+16
34540,6,6,31,11,2018,8,20,2,2,9,1,0,0,1,0,0,0,0,0,5.42515E+20,5.60232E+21,9.60038E+15,5.05713E+16
34541,6,6,36,14,2018,8,14,4,3,2,6,0,0,1,0,0,1,0,0,5.68341E+20,5.66597E+21,9.97692E+15,5.11411E+16
34542,6,4,12,0,2018,8,19,1,2,2,6,0,0,1,0,1,0,0,0,4.75727E+20,5.5486E+21,8.66069E+15,5.00892E+16
34543,6,4,11,0,2018,8,8,4,3,2,6,0,0,1,0,0,0,0,0,4.71404E+20,5.52494E+21,8.60201E+15,4.98762E+16
34544,6,6,11,0,2018,8,8,5,3,5,2,0,0,1,0,1,0,0,0,5.33857E+20,5.68493E+21,9.48579E+15,5.13146E+16
34545,6,5,33,9,2018,8,5,4,3,5,2,2,1,1,0,0,0,0,0,4.3339E+20,5.58085E+21,8.06323E+15,5.03759E+16
34546,6,5,34,14,2018,8,11,2,3,3,6,0,0,1,0,0,0,0,1,4.83912E+20,5.62981E+21,8.77162E+15,5.08198E+16
34547,6,4,14,0,2018,8,19,4,3,5,3,0,0,1,0,0,0,0,0,4.4828E+20,5.54041E+21,8.27812E+15,5.00138E+16
34548,6,5,34,11,2018,8,18,4,3,5,3,0,0,1,0,0,0,1,0,4.94839E+20,5.63016E+21,8.92673E+15,5.08231E+16
34549,6,4,11,0,2018,8,19,6,3,8,1,0,0,0,0,0,0,1,0,4.73275E+20,5.51822E+21,8.62851E+15,4.98158E+16
34550,6,4,36,11,2018,8,18,4,3,2,6,0,0,1,0,0,0,0,0,4.66799E+20,5.55694E+21,8.53515E+15,5.01638E+16
34551,6,4,12,0,2018,8,18,4,2,5,7,0,0,1,0,0,0,0,0,4.74704E+20,5.55368E+21,8.64604E+15,5.01349E+16
34552,6,4,35,14,2018,8,18,3,3,6,2,0,0,1,1,0,0,0,0,4.94979E+20,5.55281E+21,8.92975E+15,5.01275E+16
34553,6,4,38,12,2018,8,10,5,2,5,3,0,0,1,0,0,0,1,0,4.86972E+20,5.53527E+21,8.81832E+15,4.99696E+16
34554,6,4,12,0,2018,8,10,4,3,2,6,0,0,1,0,0,0,0,0,4.75312E+20,5.54729E+21,8.65496E+15,5.00773E+16
34555,6,4,38,3,2018,8,9,2,3,5,3,0,0,1,0,1,0,0,1,4.76676E+20,5.53456E+21,8.6748E+15,4.9963E+16
34556,6,4,12,0,2018,8,7,4,3,2,7,0,0,1,0,1,0,0,0,4.73958E+20,5.54857E+21,8.63596E+15,5.00888E+16
34557,6,4,14,0,2018,8,10,4,3,2,6,0,0,1,0,1,0,0,0,4.44479E+20,5.5465E+21,8.2242E+15,5.00682E+16
34558,6,5,32,2,2018,8,7,6,3,8,6,0,0,1,0,0,0,0,0,4.61358E+20,5.61877E+21,8.4526E+15,5.07195E+16
34559,6,4,38,11,2018,8,16,2,2,2,6,0,0,1,0,0,0,1,0,4.91916E+20,5.54517E+21,8.88706E+15,5.00588E+16
34560,6,4,12,0,2018,8,6,4,2,0,1,1,1,0,0,0,0,0,1,4.77138E+20,5.54922E+21,8.68037E+15,5.00948E+16
34561,6,6,11,0,2018,8,12,3,2,3,6,0,0,1,0,1,0,0,0,5.36046E+20,5.68436E+21,9.51715E+15,5.13094E+16
34562,6,4,14,0,2018,8,16,5,3,2,6,0,0,1,0,0,0,0,0,4.54946E+20,5.54709E+21,8.37037E+15,5.00744E+16
34563,6,4,12,0,2018,8,13,4,3,2,6,0,0,1,0,0,0,0,0,4.78435E+20,5.55413E+21,8.69823E+15,5.0139E+16
34564,6,4,12,0,2018,8,15,4,3,5,3,0,0,1,0,1,0,0,0,4.78895E+20,5.55202E+21,8.70477E+15,5.012E+16
34565,6,4,35,12,2018,8,12,4,3,5,3,0,0,1,0,0,0,0,0,5.09095E+20,5.56494E+21,9.12754E+15,5.02366E+16
34566,6,6,11,0,2018,8,7,2,3,3,6,0,0,1,0,1,0,0,0,5.37376E+20,5.6848E+21,9.53628E+15,5.13133E+16
34567,6,4,40,9,2018,8,10,2,3,9,1,0,0,1,0,0,0,0,1,5.13862E+20,5.58399E+21,9.19508E+15,5.04078E+16
34568,6,6,32,2,2018,8,11,3,3,2,2,0,0,1,0,0,0,0,0,5.50874E+20,5.63483E+21,9.72289E+15,5.0863E+16
34569,6,4,37,16,2018,8,15,1,3,0,1,0,0,1,0,1,0,0,0,4.97817E+20,5.48994E+21,8.96981E+15,4.95621E+16
34570,6,4,33,5,2018,8,14,6,3,6,4,0,0,1,1,0,0,0,0,4.51174E+20,5.53853E+21,8.31875E+15,4.99971E+16
34571,6,4,33,2,2018,8,8,4,2,0,1,0,0,0,0,1,0,0,0,4.52595E+20,5.53688E+21,8.33878E+15,4.99824E+16
34572,6,5,35,11,2018,8,7,3,2,0,7,0,0,0,0,0,1,0,0,5.29074E+20,5.61031E+21,9.41121E+15,5.06439E+16
34573,6,6,32,18,2018,8,16,5,2,5,3,0,0,1,0,1,0,0,0,5.49252E+20,5.65106E+21,9.70204E+15,5.1009E+16
34574,6,5,33,8,2018,8,17,3,3,5,3,0,0,1,0,1,0,0,0,4.40388E+20,5.57294E+21,8.16288E+15,5.03056E+16
34575,6,4,31,21,2018,8,15,3,3,2,6,0,0,1,0,0,0,0,0,4.84565E+20,5.49138E+21,8.78651E+15,4.95748E+16
34576,6,5,33,9,2018,8,12,3,3,2,6,0,0,1,0,0,1,0,0,4.33827E+20,5.58313E+21,8.06898E+15,5.03965E+16
34577,6,6,34,9,2018,8,17,7,3,5,3,0,0,1,0,0,0,0,0,5.30455E+20,5.65267E+21,9.43425E+15,5.10248E+16
34578,6,5,31,5,2018,8,7,5,3,2,6,0,0,0,0,1,0,1,0,4.79495E+20,5.60307E+21,8.71039E+15,5.05792E+16
34579,6,6,11,0,2018,8,21,3,2,5,3,2,0,1,0,0,0,0,0,5.3704E+20,5.68366E+21,9.53133E+15,5.13031E+16
34580,6,4,38,8,2018,8,6,2,2,6,4,0,0,0,1,0,0,1,0,4.89399E+20,5.54974E+21,8.85178E+15,5.00998E+16
34581,6,4,12,0,2018,8,16,6,3,0,3,0,0,1,0,1,0,0,1,4.65024E+20,5.54857E+21,8.51106E+15,5.00884E+16
34582,6,4,14,0,2018,8,11,3,3,5,2,0,1,1,0,0,0,0,0,4.46949E+20,5.5429E+21,8.25919E+15,5.00361E+16
34583,6,4,40,15,2018,8,9,1,3,3,2,0,1,0,0,0,0,0,0,4.81253E+20,5.58957E+21,8.7359E+15,5.04578E+16
34584,6,6,31,9,2018,8,16,6,3,5,2,0,1,1,0,0,0,0,0,5.47749E+20,5.60178E+21,9.67421E+15,5.0566E+16
34585,6,6,33,26,2018,8,12,3,3,9,1,0,0,1,0,0,0,0,0,5.32281E+20,5.68983E+21,9.46363E+15,5.13588E+16
34586,6,4,14,0,2018,8,16,3,3,2,6,0,0,1,0,0,0,0,0,4.45965E+20,5.54688E+21,8.2449E+15,5.00718E+16
34587,6,4,32,17,2018,8,20,5,3,8,1,1,0,0,0,1,0,0,0,4.97522E+20,5.51642E+21,8.96556E+15,4.98002E+16
34588,6,4,13,0,2018,8,9,3,3,6,6,0,1,0,1,0,0,0,0,4.82794E+20,5.55011E+21,8.7594E+15,5.0103E+16
34589,6,6,35,8,2018,8,7,3,2,2,6,0,0,1,0,0,1,0,0,5.03282E+20,5.70314E+21,9.04726E+15,5.14794E+16
34590,6,4,34,8,2018,8,17,7,3,5,2,0,0,1,0,0,0,0,0,4.70783E+20,5.56021E+21,8.59067E+15,5.01933E+16
34591,6,4,12,0,2018,8,19,4,3,2,6,0,0,1,0,0,0,1,0,4.7609E+20,5.55001E+21,8.66566E+15,5.01019E+16
34592,6,4,35,1,2018,8,16,5,2,5,3,0,0,1,0,0,0,0,0,5.23365E+20,5.56555E+21,9.32766E+15,5.02417E+16
34593,6,4,13,0,2018,8,19,3,3,5,2,0,0,1,0,1,0,0,0,4.84584E+20,5.55005E+21,8.78443E+15,5.01025E+16
34594,6,6,31,15,2018,8,15,3,3,0,3,0,1,1,0,0,0,0,0,5.52714E+20,5.61055E+21,9.74556E+15,5.06444E+16
34595,6,4,12,0,2018,8,21,3,3,2,6,2,0,1,0,0,0,0,0,4.78209E+20,5.55034E+21,8.69528E+15,5.01049E+16
34596,6,4,12,0,2018,8,2,7,3,3,2,2,0,0,0,0,0,1,0,4.79812E+20,5.55128E+21,8.71765E+15,5.01134E+16
34597,6,5,32,12,2018,8,15,4,3,2,6,0,0,1,0,1,0,0,0,4.50906E+20,5.61637E+21,8.30487E+15,5.06971E+16
34598,6,4,14,0,2018,8,13,4,3,6,4,0,0,1,1,0,0,0,0,4.4535E+20,5.54812E+21,8.23613E+15,5.00828E+16
34599,6,4,40,7,2018,8,20,4,3,5,3,0,0,1,0,0,0,1,0,4.94812E+20,5.57538E+21,8.92711E+15,5.03305E+16
34600,6,4,12,0,2018,8,13,3,3,2,6,0,0,1,0,0,0,0,0,4.79271E+20,5.5533E+21,8.70997E+15,5.01315E+16
34601,6,4,40,20,2018,8,11,2,3,4,1,0,0,1,0,0,0,0,1,4.99872E+20,5.57745E+21,8.9982E+15,5.03491E+16
34602,6,4,12,0,2018,8,13,6,3,0,7,0,0,1,0,0,0,1,0,4.76454E+20,5.54955E+21,8.67079E+15,5.00977E+16
34603,6,4,32,18,2018,8,14,4,3,2,7,0,0,1,0,0,1,0,0,4.70378E+20,5.51799E+21,8.58826E+15,4.98136E+16
34604,6,4,12,0,2018,8,8,3,3,3,6,0,0,1,0,0,0,1,0,4.74735E+20,5.55024E+21,8.64671E+15,5.01039E+16
34605,6,6,31,11,2018,8,13,1,1,9,1,0,0,0,0,1,0,0,0,5.37832E+20,5.60464E+21,9.53448E+15,5.05925E+16
34606,6,5,35,1,2018,8,14,6,3,2,6,0,0,1,0,0,0,0,0,5.24683E+20,5.62288E+21,9.34994E+15,5.07572E+16
34607,6,4,11,0,2018,8,13,3,3,2,6,0,0,1,0,0,0,0,0,4.75783E+20,5.52406E+21,8.66301E+15,4.98684E+16
34608,6,4,12,0,2018,8,16,3,3,2,6,0,0,1,0,0,0,0,0,4.78589E+20,5.55441E+21,8.70037E+15,5.01415E+16
34609,6,6,33,28,2018,8,19,3,3,5,3,0,0,1,0,0,0,0,0,5.12254E+20,5.68664E+21,9.17589E+15,5.13309E+16
34610,6,4,31,13,2018,8,14,5,3,5,3,0,0,1,0,1,0,0,0,4.55856E+20,5.49804E+21,8.38867E+15,4.96333E+16
34611,6,6,33,23,2018,8,16,3,2,2,2,0,0,1,0,0,0,0,0,5.18594E+20,5.68168E+21,9.26663E+15,5.12862E+16
34612,6,4,40,23,2018,8,13,3,3,2,6,0,0,1,0,0,1,0,0,4.76365E+20,5.5699E+21,8.66827E+15,5.02807E+16
34613,6,6,31,13,2018,8,14,7,3,8,1,0,0,1,0,0,0,0,1,5.59785E+20,5.60677E+21,9.84495E+15,5.06098E+16
34614,6,6,34,3,2018,8,13,4,3,0,7,0,0,0,0,1,0,1,1,5.30079E+20,5.66468E+21,9.42988E+15,5.11328E+16
34615,6,6,11,0,2018,8,13,3,3,5,2,0,0,1,0,0,0,0,0,5.31494E+20,5.68057E+21,9.4515E+15,5.12756E+16
34616,6,4,33,8,2018,8,19,2,3,3,6,0,0,1,0,0,0,0,0,4.70857E+20,5.54055E+21,8.59322E+15,5.00165E+16
34617,6,4,35,10,2018,8,13,6,3,0,1,0,0,0,0,1,0,0,1,5.14095E+20,5.56048E+21,9.19747E+15,5.01963E+16
34618,6,5,32,22,2018,8,16,4,3,4,6,0,0,1,0,0,0,0,0,4.61694E+20,5.59011E+21,8.46031E+15,5.04618E+16
34619,6,6,35,4,2018,8,13,3,3,5,3,0,0,1,0,0,0,0,0,4.75782E+20,5.65093E+21,8.65479E+15,5.10095E+16
34620,6,4,39,11,2018,8,20,3,3,4,3,1,0,1,0,0,0,0,0,4.51825E+20,5.55583E+21,8.32566E+15,5.01527E+16
34621,6,5,34,6,2018,8,8,2,3,8,1,0,0,1,0,0,0,0,1,4.88005E+20,5.63862E+21,8.82942E+15,5.08991E+16
34622,6,4,34,11,2018,8,11,6,3,0,6,0,0,1,0,0,0,1,0,4.67268E+20,5.57734E+21,8.53996E+15,5.03473E+16
34623,6,4,33,4,2018,8,16,4,2,5,3,0,1,1,0,0,0,0,0,4.63473E+20,5.51224E+21,8.49282E+15,4.97615E+16
34624,6,4,38,3,2018,8,21,3,3,3,6,2,0,1,0,0,0,0,0,4.76573E+20,5.53455E+21,8.67336E+15,4.99629E+16
34625,6,4,31,20,2018,8,7,6,2,8,6,0,0,1,0,0,0,1,0,4.68146E+20,5.48636E+21,8.55981E+15,4.9529E+16
34626,6,4,34,5,2018,8,16,3,3,2,6,0,0,1,0,0,0,0,0,4.63385E+20,5.5594E+21,8.48712E+15,5.01856E+16
34627,6,6,33,29,2018,8,12,3,3,5,3,0,0,1,0,0,0,0,0,5.21242E+20,5.69085E+21,9.30515E+15,5.13685E+16
34628,6,4,31,7,2018,8,14,3,3,0,6,0,0,0,0,1,1,0,0,4.86642E+20,5.50164E+21,8.81488E+15,4.96671E+16
34629,6,5,34,12,2018,8,11,5,3,2,6,0,0,1,0,0,0,0,0,4.75682E+20,5.63385E+21,8.65451E+15,5.08558E+16
34630,6,4,31,4,2018,8,12,3,3,5,2,0,1,1,0,0,0,0,0,4.78848E+20,5.4903E+21,8.70749E+15,4.95649E+16
34631,6,6,33,17,2018,8,11,2,3,5,2,0,0,1,0,0,0,0,0,5.38114E+20,5.68156E+21,9.54651E+15,5.12841E+16
34632,6,6,33,24,2018,8,10,7,3,8,1,0,0,1,0,0,0,0,1,5.35925E+20,5.67747E+21,9.51472E+15,5.12475E+16
34633,6,4,40,13,2018,8,18,3,3,3,2,0,0,1,0,0,0,1,0,5.11424E+20,5.57744E+21,9.16057E+15,5.0349E+16
34634,6,5,35,16,2018,8,17,1,1,8,1,0,0,0,0,1,0,0,0,5.10548E+20,5.59219E+21,9.14867E+15,5.04816E+16
34635,6,4,38,12,2018,8,13,6,3,6,4,0,0,1,1,0,0,0,0,4.852E+20,5.53498E+21,8.79363E+15,4.9967E+16
34636,6,4,12,0,2018,8,16,4,3,2,6,0,0,1,0,0,0,0,1,4.67323E+20,5.55196E+21,8.54291E+15,5.0119E+16
34637,6,5,32,8,2018,8,13,3,3,5,3,0,0,1,0,1,0,0,0,4.56235E+20,5.60508E+21,8.38165E+15,5.0596E+16
34638,6,4,37,13,2018,8,14,5,3,4,1,0,0,1,0,0,0,0,0,4.89781E+20,5.50593E+21,8.85828E+15,4.97058E+16
34639,6,4,32,10,2018,8,21,3,2,9,1,2,0,0,0,1,0,0,0,4.98116E+20,5.5254E+21,8.97377E+15,4.9881E+16
34640,6,4,32,10,2018,8,18,3,3,3,2,0,0,1,0,0,0,1,0,4.90992E+20,5.52422E+21,8.87464E+15,4.98703E+16
34641,6,4,32,3,2018,8,17,3,3,2,6,0,0,1,0,0,0,0,0,4.71982E+20,5.51139E+21,8.61104E+15,4.97543E+16
34642,6,4,33,5,2018,8,15,1,3,2,6,0,0,1,0,0,0,0,0,4.52464E+20,5.5365E+21,8.337E+15,4.99789E+16
34643,6,5,32,23,2018,8,5,5,3,9,6,2,0,1,0,0,0,0,0,4.67943E+20,5.6021E+21,8.54732E+15,5.05699E+16
34644,6,4,31,22,2018,8,22,3,3,5,2,2,0,1,0,1,0,0,0,4.71273E+20,5.5078E+21,8.60146E+15,4.97221E+16
34645,6,4,14,0,2018,8,8,5,3,2,6,0,0,1,0,0,0,1,0,4.48531E+20,5.54015E+21,8.28166E+15,5.00115E+16
34646,6,5,34,11,2018,8,6,3,2,4,6,0,0,1,0,0,0,1,0,4.92448E+20,5.63116E+21,8.89276E+15,5.08321E+16
34647,6,5,33,17,2018,8,16,3,3,5,3,0,0,1,0,0,0,0,0,4.49182E+20,5.59243E+21,8.28373E+15,5.04816E+16
34648,6,6,31,20,2018,8,16,3,3,2,6,0,0,1,0,0,0,0,0,5.51929E+20,5.60052E+21,9.73305E+15,5.05543E+16
34649,6,6,32,11,2018,8,0,1,3,2,7,2,0,1,0,0,0,0,0,5.4124E+20,5.63327E+21,9.58583E+15,5.08497E+16
34650,6,4,38,13,2018,8,15,5,2,2,6,0,0,1,0,0,0,1,0,4.92224E+20,5.5458E+21,8.89135E+15,5.00644E+16
34651,6,6,31,9,2018,8,7,3,3,5,2,0,1,0,0,0,0,0,0,5.49507E+20,5.60093E+21,9.69892E+15,5.05582E+16
34652,6,4,13,0,2018,8,8,2,3,2,6,0,0,1,0,0,0,0,1,4.8456E+20,5.55039E+21,8.78409E+15,5.01056E+16
34653,6,6,35,21,2018,8,15,6,2,4,2,0,0,1,0,1,0,0,0,5.00687E+20,5.67689E+21,9.00985E+15,5.12434E+16
34654,6,4,40,7,2018,8,16,4,3,2,6,0,0,1,0,0,0,0,0,4.89684E+20,5.57452E+21,8.85509E+15,5.03227E+16
34655,6,4,35,14,2018,8,11,3,2,4,6,0,0,1,0,0,0,1,0,4.96583E+20,5.54916E+21,8.95223E+15,5.00947E+16
34656,6,6,35,1,2018,8,7,1,2,8,1,1,0,1,0,0,0,0,1,4.79661E+20,5.65335E+21,8.70994E+15,5.10314E+16
34657,6,5,34,18,2018,8,11,6,3,4,1,0,0,1,0,0,1,0,0,5.00002E+20,5.62946E+21,9.00003E+15,5.08169E+16
34658,6,5,32,23,2018,8,18,4,3,8,6,0,0,1,0,0,0,0,1,4.64469E+20,5.60494E+21,8.49799E+15,5.05953E+16
34659,6,4,35,17,2018,8,8,3,3,2,6,0,0,1,0,0,0,0,0,5.01077E+20,5.5587E+21,9.01509E+15,5.01805E+16
34660,6,4,38,2,2018,8,8,5,3,2,6,0,0,1,0,1,0,0,0,4.80253E+20,5.5443E+21,8.72417E+15,5.00506E+16
34661,6,6,34,8,2018,8,15,3,3,2,6,0,0,0,0,0,1,0,0,5.32929E+20,5.67332E+21,9.47141E+15,5.12103E+16
34662,6,5,35,1,2018,8,19,3,3,5,3,0,0,1,0,0,0,0,0,5.17167E+20,5.62062E+21,9.24328E+15,5.07371E+16
34663,6,4,33,7,2018,8,4,3,3,9,1,2,0,1,0,0,0,0,0,4.66356E+20,5.54729E+21,8.5298E+15,5.00769E+16
34664,6,4,36,12,2018,8,9,7,3,5,1,0,0,0,0,0,1,1,1,4.65536E+20,5.55411E+21,8.51773E+15,5.01382E+16
34665,6,4,32,4,2018,8,12,4,3,4,6,0,1,0,0,0,0,0,0,4.84569E+20,5.5282E+21,8.7851E+15,4.9906E+16
34666,6,6,11,0,2018,8,13,4,3,2,6,0,0,1,0,0,0,1,0,5.37308E+20,5.68471E+21,9.53529E+15,5.13125E+16
34667,6,4,40,8,2018,8,16,4,2,3,6,0,0,1,0,1,0,0,0,4.81148E+20,5.57449E+21,8.73518E+15,5.03222E+16
34668,6,4,38,9,2018,8,18,3,3,2,6,0,0,1,0,0,0,0,0,4.74796E+20,5.54485E+21,8.64791E+15,5.00554E+16
34669,6,4,35,19,2018,8,16,2,3,2,6,0,0,1,0,0,0,0,0,4.87488E+20,5.55532E+21,8.82487E+15,5.015E+16
34670,6,4,12,0,2018,8,8,6,3,5,3,0,1,1,0,0,0,0,0,4.69129E+20,5.55222E+21,8.56816E+15,5.01214E+16
34671,6,5,33,9,2018,8,20,3,2,8,7,0,0,1,0,0,0,0,0,4.35452E+20,5.58102E+21,8.09219E+15,5.03777E+16
34672,6,5,35,14,2018,8,13,1,3,8,6,0,0,1,0,0,0,0,0,5.11622E+20,5.61426E+21,9.16449E+15,5.068E+16
34673,6,5,31,4,2018,8,22,6,3,4,2,2,0,1,0,0,0,0,0,4.84421E+20,5.59929E+21,8.78012E+15,5.05453E+16
34674,6,4,34,3,2018,8,15,4,3,5,2,0,0,1,0,1,0,0,0,4.58191E+20,5.56213E+21,8.41407E+15,5.02098E+16
34675,6,6,33,5,2018,8,12,2,3,0,1,0,0,0,0,0,1,1,0,5.27875E+20,5.69545E+21,9.4008E+15,5.14096E+16
34676,6,6,11,0,2018,8,19,6,3,3,2,0,1,1,0,0,0,0,0,5.3533E+20,5.68522E+21,9.50695E+15,5.13172E+16
34677,6,4,14,0,2018,8,16,3,3,3,6,0,0,1,0,0,0,0,0,4.42889E+20,5.54478E+21,8.20223E+15,5.00526E+16
34678,6,4,34,8,2018,8,15,1,3,2,6,0,1,1,0,0,0,0,0,4.69799E+20,5.56274E+21,8.5767E+15,5.02161E+16
34679,6,6,31,13,2018,8,14,6,3,8,1,0,0,1,0,0,0,0,1,5.59605E+20,5.60566E+21,9.84222E+15,5.05998E+16
34680,6,6,32,16,2018,8,12,3,2,0,2,0,1,1,0,0,0,0,0,5.69381E+20,5.63251E+21,9.98539E+15,5.08401E+16
34681,6,5,35,13,2018,8,12,3,3,2,6,0,0,1,0,0,0,0,0,4.98095E+20,5.60991E+21,8.97306E+15,5.0641E+16
34682,6,5,32,17,2018,8,15,5,2,5,3,0,1,1,0,0,0,0,0,4.553E+20,5.61539E+21,8.36719E+15,5.06886E+16
34683,6,4,35,14,2018,8,21,2,3,2,2,2,0,1,0,0,0,0,0,4.95443E+20,5.55448E+21,8.93622E+15,5.01425E+16
34684,6,6,31,15,2018,8,8,3,3,0,7,0,0,0,0,0,1,1,0,5.52908E+20,5.61073E+21,9.74833E+15,5.0646E+16
34685,6,6,32,14,2018,8,15,2,2,5,3,0,0,1,0,0,0,0,0,5.34743E+20,5.63898E+21,9.49408E+15,5.09015E+16
34686,6,6,11,0,2018,8,21,7,3,8,1,2,0,1,0,0,0,0,0,5.288E+20,5.68526E+21,9.41326E+15,5.13179E+16
34687,6,4,32,9,2018,8,11,4,3,2,6,0,0,1,0,1,0,0,0,4.87565E+20,5.51653E+21,8.8272E+15,4.98011E+16
34688,6,4,12,0,2018,8,18,4,3,5,3,0,1,1,0,0,0,0,0,4.76989E+20,5.55738E+21,8.67779E+15,5.01682E+16
34689,6,5,33,16,2018,8,21,2,2,4,1,1,0,1,0,0,0,0,0,4.36058E+20,5.59528E+21,8.09828E+15,5.0506E+16
34690,6,5,32,6,2018,8,7,2,3,9,1,0,0,0,0,0,1,0,1,4.55671E+20,5.62414E+21,8.37139E+15,5.07673E+16
34691,6,6,36,16,2018,8,16,6,2,5,3,0,1,1,0,0,0,0,0,5.55203E+20,5.69252E+21,9.79323E+15,5.13812E+16
34692,6,4,32,20,2018,8,7,4,3,2,6,0,0,1,0,0,0,1,0,4.85867E+20,5.52505E+21,8.80329E+15,4.98777E+16
34693,6,6,11,0,2018,8,15,2,3,5,2,0,1,1,0,0,0,0,0,5.34184E+20,5.68773E+21,9.49075E+15,5.13398E+16
34694,6,4,12,0,2018,8,12,6,3,2,6,0,0,1,0,0,1,0,0,4.707E+20,5.55345E+21,8.59004E+15,5.01326E+16
34695,6,6,11,0,2018,8,14,2,3,0,6,0,0,0,0,1,0,0,0,5.34933E+20,5.68588E+21,9.50133E+15,5.13232E+16
34696,6,4,12,0,2018,8,8,3,3,1,5,0,1,1,0,0,0,1,0,4.74406E+20,5.55013E+21,8.64211E+15,5.01028E+16
34697,6,4,14,0,2018,8,5,2,3,5,2,2,0,1,0,0,0,0,0,4.43441E+20,5.54378E+21,8.21009E+15,5.00436E+16
34698,6,4,33,12,2018,8,17,5,3,8,1,0,0,0,0,1,0,0,0,4.59597E+20,5.53629E+21,8.43651E+15,4.99776E+16
34699,6,4,12,0,2018,8,15,2,3,5,3,0,1,1,0,0,0,0,0,4.66299E+20,5.55072E+21,8.5287E+15,5.01077E+16
34700,6,4,12,0,2018,8,21,2,3,1,5,2,0,1,0,0,0,1,0,4.73052E+20,5.54883E+21,8.62326E+15,5.00911E+16
34701,6,4,13,0,2018,8,7,3,3,0,3,0,0,0,0,1,0,1,0,4.81816E+20,5.54808E+21,8.74582E+15,5.00847E+16
34702,6,4,12,0,2018,8,18,2,2,1,5,0,0,1,0,0,0,1,0,4.73066E+20,5.54883E+21,8.62347E+15,5.00912E+16
34703,6,4,32,22,2018,8,12,5,3,2,6,0,0,1,0,1,0,0,0,4.7539E+20,5.509E+21,8.65849E+15,4.9733E+16
34704,6,4,12,0,2018,8,17,2,3,3,6,0,0,1,0,1,0,0,0,4.80728E+20,5.5519E+21,8.73043E+15,5.0119E+16
34705,6,4,12,0,2018,8,15,3,3,2,6,0,0,1,0,0,0,0,0,4.80938E+20,5.55143E+21,8.73338E+15,5.01148E+16
34706,6,4,31,17,2018,8,8,7,2,0,1,0,0,0,0,1,0,0,1,4.78742E+20,5.49631E+21,8.70569E+15,4.9619E+16
34707,6,4,37,16,2018,8,19,4,2,8,1,0,0,0,0,1,0,0,0,4.94383E+20,5.48404E+21,8.92241E+15,4.9509E+16