OBJECTID_1,ULAND,UREGBEZ,UKREIS,UGEMEINDE,UJAHR,UMONAT,USTUNDE,UWOCHENTAG,UKATEGORIE,UART,UTYP1,ULICHTVERH,IstRad,IstPKW,IstFuss,IstKrad,IstGkfz,IstSonstig,STRZUSTAND,LINREFX,LINREFY,XGCSWGS84,YGCSWGS84
34708,6,4,12,0,2018,8,14,2,3,5,3,0,1,1,0,0,0,0,0,4.79174E+20,5.55106E+21,8.70873E+15,5.01114E+16
34709,6,5,32,23,2018,8,17,2,3,5,3,0,0,1,0,0,0,0,0,4.69995E+20,5.59984E+21,8.57648E+15,5.05497E+16
34710,6,4,36,4,2018,8,16,6,2,0,3,0,0,1,0,0,0,0,0,4.57442E+20,5.54186E+21,8.40583E+15,5.00275E+16
34711,6,5,34,18,2018,8,22,4,3,0,7,2,0,1,0,0,0,0,1,5.00599E+20,5.63604E+21,9.00851E+15,5.0876E+16
34712,6,4,12,0,2018,8,14,2,3,2,6,0,0,0,0,1,0,1,0,4.80777E+20,5.55191E+21,8.73111E+15,5.01192E+16
34713,6,5,31,2,2018,8,10,5,3,2,6,0,0,1,0,0,0,0,0,4.71887E+20,5.60725E+21,8.60263E+15,5.06165E+16
34714,6,4,11,0,2018,8,14,2,3,2,6,0,0,1,0,0,0,0,0,4.74413E+20,5.52445E+21,8.64392E+15,4.98719E+16
34715,6,6,36,11,2018,8,18,3,2,5,3,0,0,1,0,0,0,0,0,5.63616E+20,5.65691E+21,9.90779E+15,5.10602E+16
34716,6,4,11,0,2018,8,7,2,3,5,3,0,0,1,0,0,0,0,0,4.73665E+20,5.52292E+21,8.63362E+15,4.98581E+16
34717,6,5,31,10,2018,8,16,1,2,9,1,0,0,0,0,1,0,0,0,5.05702E+20,5.59659E+21,9.08044E+15,5.05213E+16
34718,6,6,31,4,2018,8,7,5,2,5,3,0,0,1,0,1,0,0,0,5.56353E+20,5.58948E+21,9.79383E+15,5.04546E+16
34719,6,5,32,15,2018,8,16,4,3,2,6,0,0,1,0,1,0,0,0,4.68255E+20,5.60379E+21,8.55159E+15,5.05851E+16
34720,6,4,39,13,2018,8,21,4,3,6,4,2,0,1,1,0,0,0,0,4.22822E+20,5.53671E+21,7.92359E+15,4.99777E+16
34721,6,6,32,18,2018,8,10,2,2,5,3,0,0,1,0,1,0,0,0,5.5427E+20,5.64926E+21,9.77329E+15,5.09923E+16
34722,6,6,11,0,2018,8,14,2,3,3,6,0,1,1,0,0,0,0,0,5.3377E+20,5.68494E+21,9.48455E+15,5.13147E+16
34723,6,6,32,14,2018,8,10,7,2,0,1,0,0,0,0,1,0,0,1,5.42124E+20,5.63695E+21,9.59881E+15,5.08826E+16
34724,6,4,34,2,2018,8,12,2,3,2,6,0,0,1,0,0,0,0,0,4.75774E+20,5.56993E+21,8.65997E+15,5.0281E+16
34725,6,4,12,0,2018,8,6,1,3,2,6,1,0,1,0,0,0,0,0,4.73681E+20,5.54851E+21,8.63209E+15,5.00883E+16
34726,6,4,33,8,2018,8,6,6,3,5,2,0,0,1,0,0,1,0,0,4.67769E+20,5.53489E+21,8.55059E+15,4.99655E+16
34727,6,6,35,15,2018,8,13,2,3,9,1,0,0,1,0,0,0,0,0,4.95703E+20,5.68246E+21,8.93837E+15,5.12934E+16
34728,6,6,31,9,2018,8,11,7,3,2,6,0,0,1,0,0,0,0,1,5.49921E+20,5.59742E+21,9.7043E+15,5.05266E+16
34729,6,6,33,13,2018,8,22,4,3,5,3,2,0,1,0,0,0,0,0,5.27034E+20,5.70575E+21,9.38948E+15,5.15022E+16
34730,6,5,33,17,2018,8,10,2,3,5,3,0,0,1,0,0,0,0,0,4.50063E+20,5.59249E+21,8.29614E+15,5.04823E+16
34731,6,4,33,12,2018,8,14,2,3,2,6,0,0,1,0,1,0,0,0,4.55939E+20,5.53565E+21,8.38556E+15,4.99716E+16
34732,6,4,40,19,2018,8,12,6,3,5,3,0,0,1,0,0,0,0,0,5.03775E+20,5.57808E+21,9.05307E+15,5.03547E+16
34733,6,6,31,18,2018,8,14,4,1,8,1,0,0,1,0,0,0,0,0,5.42109E+20,5.58706E+21,9.59293E+15,5.04341E+16
34734,6,4,31,7,2018,8,16,2,2,8,1,0,0,0,0,1,0,0,0,4.85844E+20,5.503E+21,8.80377E+15,4.96794E+16
34735,6,4,14,0,2018,8,20,5,3,5,3,1,0,1,0,0,0,0,0,4.44888E+20,5.54762E+21,8.22974E+15,5.00783E+16
34736,6,4,40,3,2018,8,16,2,3,3,2,0,0,1,0,1,0,0,0,4.81961E+20,5.55997E+21,8.7473E+15,5.01916E+16
34737,6,4,36,8,2018,8,22,3,2,5,2,2,0,1,0,1,0,0,0,4.60549E+20,5.55415E+21,8.44794E+15,5.01383E+16
34738,6,4,31,22,2018,8,20,2,3,5,2,2,0,1,0,1,0,0,0,4.71269E+20,5.50781E+21,8.6014E+15,4.97221E+16
34739,6,4,12,0,2018,8,2,1,3,9,1,2,0,1,0,0,0,0,0,4.71511E+20,5.55146E+21,8.60153E+15,5.01147E+16
34740,6,6,31,17,2018,8,6,5,2,2,6,0,0,1,0,0,1,0,0,5.52248E+20,5.59752E+21,9.73714E+15,5.05273E+16
34741,6,5,32,1,2018,8,5,4,3,7,7,2,0,1,0,0,0,0,0,4.61433E+20,5.61156E+21,8.45441E+15,5.06546E+16
34742,6,4,33,12,2018,8,8,2,3,5,2,0,0,1,0,0,0,0,0,4.58622E+20,5.53756E+21,8.42276E+15,4.99889E+16
34743,6,4,12,0,2018,8,13,2,3,2,6,0,0,1,0,0,0,0,0,4.76723E+20,5.5499E+21,8.67453E+15,5.01009E+16
34744,6,6,32,2,2018,8,15,6,3,3,6,0,0,1,0,0,0,0,0,5.5078E+20,5.63479E+21,9.72155E+15,5.08626E+16
34745,6,5,34,3,2018,8,14,4,3,5,3,0,0,1,0,0,0,0,0,4.64151E+20,5.62256E+21,8.49179E+15,5.07537E+16
34746,6,5,34,14,2018,8,10,2,3,0,7,0,1,1,0,0,0,0,0,4.83892E+20,5.62954E+21,8.77133E+15,5.08174E+16
34747,6,4,39,4,2018,8,18,1,3,5,3,0,1,1,0,0,0,0,0,4.26701E+20,5.53781E+21,7.97747E+15,4.99882E+16
34748,6,5,34,6,2018,8,10,6,2,2,6,0,1,1,0,0,0,0,1,4.87764E+20,5.63665E+21,8.82607E+15,5.08814E+16
34749,6,4,12,0,2018,8,18,3,3,5,7,0,0,1,0,0,0,0,0,4.7015E+20,5.54463E+21,8.58303E+15,5.00532E+16
34750,6,6,31,11,2018,8,6,2,3,3,6,0,1,1,0,0,0,0,0,5.37888E+20,5.60565E+21,9.53538E+15,5.06015E+16
34751,6,4,36,7,2018,8,16,5,3,2,6,0,0,1,0,1,0,0,0,4.57743E+20,5.54521E+21,8.40967E+15,5.00577E+16
34752,6,5,31,10,2018,8,20,4,2,8,1,1,0,0,0,1,0,0,0,5.00409E+20,5.59858E+21,9.00577E+15,5.05391E+16
34753,6,5,32,23,2018,8,19,2,3,5,3,0,1,1,0,0,0,0,0,4.6437E+20,5.60038E+21,8.49703E+15,5.05543E+16
34754,6,4,33,4,2018,8,18,3,3,5,3,0,1,0,0,0,0,1,0,4.67282E+20,5.51014E+21,8.54588E+15,4.97428E+16
34755,6,5,31,9,2018,8,18,2,2,5,3,0,0,1,0,0,0,0,0,4.75232E+20,5.59336E+21,8.65082E+15,5.04917E+16
34756,6,4,12,0,2018,8,19,7,3,5,3,1,0,1,0,0,0,0,0,4.79007E+20,5.55487E+21,8.70619E+15,5.01456E+16
34757,6,4,33,12,2018,8,22,4,3,8,7,2,0,1,0,0,0,0,0,4.6165E+20,5.53654E+21,8.46511E+15,4.998E+16
34758,6,5,31,5,2018,8,10,2,3,2,6,0,0,1,0,0,0,0,0,4.75135E+20,5.601E+21,8.64896E+15,5.05604E+16
34759,6,6,33,2,2018,8,17,5,3,8,1,0,0,1,0,0,0,0,0,5.3059E+20,5.71941E+21,9.4419E+15,5.16249E+16
34760,6,4,12,0,2018,8,5,2,3,2,6,1,0,1,0,0,1,0,0,4.71478E+20,5.54461E+21,8.60158E+15,5.00531E+16
34761,6,4,32,16,2018,8,16,3,3,5,3,0,0,1,0,0,0,0,0,4.81291E+20,5.52027E+21,8.73984E+15,4.98346E+16
34762,6,4,12,0,2018,8,5,2,3,3,6,1,0,1,0,0,0,0,0,4.71576E+20,5.5451E+21,8.60291E+15,5.00575E+16
34763,6,5,31,2,2018,8,21,7,3,0,7,2,0,1,0,0,0,0,0,4.71844E+20,5.60729E+21,8.60201E+15,5.06168E+16
34764,6,5,32,8,2018,8,3,5,3,7,1,2,0,0,0,0,1,1,0,4.53365E+20,5.60849E+21,8.34068E+15,5.06264E+16
34765,6,5,31,11,2018,8,8,4,3,5,3,0,0,1,0,0,0,0,0,4.84221E+20,5.59324E+21,8.77755E+15,5.04909E+16
34766,6,4,14,0,2018,8,11,2,3,9,7,0,0,1,0,0,0,1,0,4.53622E+20,5.5497E+21,8.35155E+15,5.00978E+16
34767,6,4,39,2,2018,8,8,2,3,6,2,0,0,1,1,0,0,0,1,4.33417E+20,5.55456E+21,8.06824E+15,5.01395E+16
34768,6,4,36,3,2018,8,8,6,3,2,6,0,0,1,0,0,0,0,0,4.67245E+20,5.55621E+21,8.54145E+15,5.01572E+16
34769,6,4,14,0,2018,8,0,2,3,9,1,2,0,1,0,0,0,0,0,4.52652E+20,5.54501E+21,8.33857E+15,5.00555E+16
34770,6,4,35,29,2018,8,13,1,2,2,7,0,0,1,0,1,0,0,0,5.207E+20,5.56532E+21,9.29028E+15,5.02397E+16
34771,6,6,31,9,2018,8,12,6,2,6,2,0,0,1,1,0,0,0,1,5.47993E+20,5.59987E+21,9.67741E+15,5.05488E+16
34772,6,5,33,9,2018,8,7,3,3,2,6,0,0,1,0,0,0,0,0,4.33149E+20,5.58231E+21,8.05957E+15,5.03891E+16
34773,6,5,31,6,2018,8,22,2,2,3,6,2,0,1,0,0,0,1,0,4.92525E+20,5.60784E+21,8.89432E+15,5.06224E+16
34774,6,5,32,11,2018,8,17,5,3,2,6,0,0,1,0,1,0,0,0,4.42973E+20,5.62041E+21,8.19193E+15,5.07327E+16
34775,6,5,31,6,2018,8,14,4,3,5,3,0,0,1,0,0,0,0,0,4.96587E+20,5.60475E+21,8.95179E+15,5.05947E+16
34776,6,5,31,5,2018,8,23,2,3,0,7,2,0,1,0,0,0,0,0,4.77881E+20,5.60102E+21,8.68771E+15,5.05606E+16
34777,6,6,31,17,2018,8,9,3,2,2,6,0,0,0,0,0,1,0,0,5.51793E+20,5.59971E+21,9.73102E+15,5.0547E+16
34778,6,4,39,8,2018,8,11,7,3,0,1,0,0,1,0,1,0,0,1,4.48603E+20,5.5642E+21,8.27942E+15,5.02277E+16
34779,6,4,12,0,2018,8,21,4,3,6,7,2,0,1,1,0,0,0,0,4.79827E+20,5.55127E+21,8.71785E+15,5.01134E+16
34780,6,5,31,5,2018,8,17,4,3,5,3,0,0,1,0,0,0,0,0,4.71878E+20,5.59764E+21,8.60322E+15,5.053E+16
34781,6,5,31,5,2018,8,18,1,3,5,3,0,0,1,0,0,0,0,0,4.79856E+20,5.60677E+21,8.71529E+15,5.06125E+16
34782,6,4,31,20,2018,8,16,2,2,0,7,0,0,0,0,0,0,1,0,4.68477E+20,5.48625E+21,8.5644E+15,4.95281E+16
34783,6,4,38,3,2018,8,21,6,3,5,3,2,0,1,0,0,0,0,0,4.74751E+20,5.53546E+21,8.64791E+15,4.9971E+16
34784,6,4,14,0,2018,8,18,4,3,2,6,0,0,1,0,0,0,0,0,4.455E+20,5.54755E+21,8.23831E+15,5.00777E+16
34785,6,5,35,11,2018,8,9,1,3,8,2,0,0,0,0,1,0,0,0,5.27591E+20,5.61024E+21,9.39023E+15,5.06434E+16
34786,6,4,34,7,2018,8,13,2,3,5,3,0,0,1,0,0,0,0,0,4.6771E+20,5.57035E+21,8.54677E+15,5.02844E+16
34787,6,4,12,0,2018,8,14,6,3,2,6,0,0,1,0,0,0,0,0,4.73971E+20,5.54857E+21,8.63613E+15,5.00888E+16
34788,6,4,32,15,2018,8,10,4,2,4,6,0,1,0,0,0,0,0,0,4.91716E+20,5.52919E+21,8.88461E+15,4.9915E+16
34789,6,6,33,15,2018,8,12,1,3,5,3,0,0,1,0,0,0,0,0,5.42327E+20,5.68165E+21,9.60694E+15,5.12846E+16
34790,6,5,35,17,2018,8,16,1,3,0,1,0,1,0,0,0,0,0,0,5.21243E+20,5.61655E+21,9.30081E+15,5.07004E+16
34791,6,5,35,9,2018,8,11,6,3,2,6,0,0,1,0,0,0,0,1,5.04431E+20,5.6174E+21,9.06275E+15,5.07084E+16
34792,6,6,11,0,2018,8,11,1,2,0,7,0,0,0,0,1,0,0,0,5.34978E+20,5.68572E+21,9.50196E+15,5.13217E+16
34793,6,4,12,0,2018,8,10,3,3,0,7,0,0,1,1,0,1,0,0,4.7168E+20,5.55466E+21,8.60366E+15,5.01435E+16
34794,6,6,11,0,2018,8,1,1,3,1,5,2,1,1,0,0,0,0,0,5.32891E+20,5.68434E+21,9.47188E+15,5.13094E+16
34795,6,4,40,17,2018,8,9,5,3,5,2,0,1,1,0,0,0,0,0,4.8577E+20,5.56969E+21,8.80029E+15,5.02792E+16
34796,6,5,31,5,2018,8,10,4,2,4,6,0,0,1,0,0,0,0,0,4.727E+20,5.60023E+21,8.61463E+15,5.05534E+16
34797,6,4,14,0,2018,8,10,1,3,5,2,0,0,1,0,0,0,0,0,4.52898E+20,5.54494E+21,8.34201E+15,5.00549E+16
34798,6,4,14,0,2018,8,21,3,2,2,6,2,0,1,0,0,0,0,0,4.5132E+20,5.54166E+21,8.32039E+15,5.00253E+16
34799,6,5,34,17,2018,8,11,7,2,4,1,0,0,1,0,0,0,1,1,4.92806E+20,5.63791E+21,8.89772E+15,5.08928E+16
34800,6,4,11,0,2018,8,19,4,3,5,3,0,0,1,0,1,0,0,0,4.77541E+20,5.524E+21,8.68748E+15,4.9868E+16
34801,6,4,14,0,2018,8,17,1,3,2,6,0,0,1,0,0,0,0,0,4.43314E+20,5.54642E+21,8.20793E+15,5.00674E+16
34802,6,4,12,0,2018,8,16,2,3,2,6,0,0,1,0,0,0,0,0,4.70451E+20,5.55363E+21,8.58654E+15,5.01342E+16
34803,6,4,35,29,2018,8,5,6,2,7,7,0,0,0,0,1,0,0,0,5.16891E+20,5.57145E+21,9.23714E+15,5.0295E+16
34804,6,4,35,14,2018,8,16,4,3,2,6,0,0,1,0,0,0,0,0,4.93608E+20,5.55321E+21,8.91057E+15,5.01311E+16
34805,6,4,14,0,2018,8,13,1,2,2,6,0,0,1,0,1,0,0,0,4.4526E+20,5.54754E+21,8.23495E+15,5.00776E+16
34806,6,5,33,8,2018,8,16,5,3,8,1,0,0,1,0,0,0,0,0,4.38291E+20,5.57618E+21,8.13292E+15,5.03345E+16
34807,6,4,12,0,2018,8,19,1,3,1,7,0,0,1,0,0,0,0,0,4.75382E+20,5.55117E+21,8.6557E+15,5.01122E+16
34808,6,4,34,7,2018,8,17,3,3,5,2,0,0,1,0,0,0,0,0,4.6771E+20,5.57035E+21,8.54676E+15,5.02844E+16
34809,6,4,32,12,2018,8,14,1,3,5,3,0,0,1,0,0,0,0,0,4.80738E+20,5.53125E+21,8.73161E+15,4.99333E+16
34810,6,6,32,4,2018,8,18,1,3,2,6,0,0,1,0,0,0,0,0,5.34503E+20,5.62744E+21,9.48959E+15,5.07976E+16
34811,6,5,34,5,2018,8,16,4,3,2,6,0,0,1,0,0,0,1,0,4.63102E+20,5.63555E+21,8.47562E+15,5.08705E+16
34812,6,4,37,1,2018,8,1,1,3,8,1,2,0,1,0,0,0,0,0,4.99318E+20,5.50712E+21,8.99054E+15,4.97166E+16
34813,6,4,32,18,2018,8,14,6,3,2,6,0,0,1,0,0,0,0,0,4.68447E+20,5.51518E+21,8.56165E+15,4.97882E+16
34814,6,6,35,3,2018,8,2,1,2,8,7,2,0,1,0,0,0,0,0,5.03609E+20,5.65931E+21,9.05153E+15,5.10853E+16
34815,6,6,34,12,2018,8,12,3,3,2,6,0,0,1,0,0,0,0,0,5.36465E+20,5.66857E+21,9.52155E+15,5.11674E+16
34816,6,6,35,12,2018,8,6,1,3,9,1,0,0,1,0,0,0,0,0,5.02892E+20,5.65081E+21,9.04122E+15,5.10088E+16
34817,6,5,34,6,2018,8,13,5,3,5,3,0,0,0,0,1,0,1,0,4.85304E+20,5.6335E+21,8.79123E+15,5.0853E+16
34818,6,4,38,10,2018,8,8,4,3,3,3,0,0,1,0,0,1,0,0,4.8719E+20,5.54619E+21,8.821E+15,5.00679E+16
34819,6,4,39,5,2018,8,13,1,3,7,1,0,1,1,0,0,0,0,0,4.24225E+20,5.55124E+21,7.94028E+15,5.01086E+16
34820,6,6,33,8,2018,8,7,2,3,2,6,0,0,1,0,0,0,1,1,5.35564E+20,5.67706E+21,9.5095E+15,5.12438E+16
34821,6,5,31,5,2018,8,10,7,2,0,1,0,0,0,0,1,0,0,1,4.74609E+20,5.60192E+21,8.64146E+15,5.05686E+16
34822,6,4,39,10,2018,8,18,1,2,4,6,0,0,1,0,1,0,0,0,4.19692E+20,5.54827E+21,7.87753E+15,5.00813E+16
34823,6,6,35,21,2018,8,11,1,3,4,6,0,0,1,0,0,0,0,0,5.00955E+20,5.67491E+21,9.01367E+15,5.12256E+16
34824,6,5,32,9,2018,8,5,6,2,4,6,1,0,1,0,1,0,0,0,4.57942E+20,5.6254E+21,8.40346E+15,5.07789E+16
34825,6,6,32,15,2018,8,8,4,3,2,6,0,0,0,0,0,1,0,0,5.40128E+20,5.63016E+21,9.56969E+15,5.08218E+16
34826,6,4,38,8,2018,8,19,1,3,5,3,0,1,1,0,0,0,0,0,4.8753E+20,5.55197E+21,8.82557E+15,5.01199E+16
34827,6,4,12,0,2018,8,13,5,3,2,2,0,1,1,0,0,0,0,0,4.74428E+20,5.55013E+21,8.64241E+15,5.01029E+16
34828,6,4,38,12,2018,8,7,1,3,5,3,0,0,1,0,0,0,0,0,4.87269E+20,5.53399E+21,8.82251E+15,4.99581E+16
34829,6,4,32,17,2018,8,22,3,3,9,1,2,0,1,0,0,0,0,0,4.92882E+20,5.52076E+21,8.90101E+15,4.98392E+16
34830,6,4,36,2,2018,8,11,1,3,3,6,0,1,1,0,0,0,0,0,4.53484E+20,5.55594E+21,8.34886E+15,5.01539E+16
34831,6,4,14,0,2018,8,9,1,3,2,6,0,0,1,0,0,0,0,0,4.52452E+20,5.54506E+21,8.33577E+15,5.00559E+16
34832,6,4,13,0,2018,8,9,5,3,8,1,0,0,1,0,0,0,0,0,4.80683E+20,5.54591E+21,8.7301E+15,5.00651E+16
34833,6,4,38,11,2018,8,10,4,3,3,3,0,0,1,0,0,1,0,0,4.92202E+20,5.54515E+21,8.89106E+15,5.00585E+16
34834,6,4,36,8,2018,8,15,1,3,2,6,0,0,1,0,0,0,0,0,4.61508E+20,5.55304E+21,8.46147E+15,5.01283E+16
34835,6,4,11,0,2018,8,17,2,3,5,2,0,1,1,0,0,0,0,0,4.73729E+20,5.52431E+21,8.63441E+15,4.98706E+16
34836,6,6,11,0,2018,8,20,6,3,5,2,1,0,1,0,0,0,1,0,5.35213E+20,5.68507E+21,9.50526E+15,5.13158E+16
34837,6,4,35,10,2018,8,15,1,3,2,6,0,0,1,0,0,0,0,0,5.15576E+20,5.56079E+21,9.21824E+15,5.01991E+16
34838,6,4,35,14,2018,8,9,5,3,5,3,0,0,1,0,1,0,0,0,4.93909E+20,5.55025E+21,8.91483E+15,5.01044E+16
34839,6,6,32,15,2018,8,13,4,3,9,1,0,0,0,0,1,1,0,0,5.40061E+20,5.63009E+21,9.56874E+15,5.08211E+16
34840,6,5,32,8,2018,8,13,1,3,7,7,0,0,0,0,1,0,0,0,4.58297E+20,5.61036E+21,8.41019E+15,5.06436E+16
34841,6,4,14,0,2018,8,20,2,3,5,3,2,0,1,0,0,0,0,0,4.43668E+20,5.54745E+21,8.21272E+15,5.00766E+16
34842,6,6,35,19,2018,8,18,6,2,9,1,0,0,0,0,1,0,0,0,4.99939E+20,5.67341E+21,8.99913E+15,5.1212E+16
34843,6,4,32,10,2018,8,21,1,3,5,3,2,0,1,0,1,0,0,0,4.95649E+20,5.52442E+21,8.93945E+15,4.98722E+16
34844,6,6,34,25,2018,8,14,1,2,8,1,0,0,0,0,1,0,0,0,5.28276E+20,5.66191E+21,9.40391E+15,5.1108E+16
34845,6,4,33,3,2018,8,12,6,3,9,1,0,0,1,0,0,0,0,1,4.67331E+20,5.53195E+21,8.54472E+15,4.9939E+16
34846,6,4,33,5,2018,8,5,4,3,7,7,2,0,0,0,1,0,0,0,4.51985E+20,5.53674E+21,8.33029E+15,4.99811E+16
34847,6,4,11,0,2018,8,7,1,3,8,1,0,0,1,0,0,0,0,0,4.7335E+20,5.51836E+21,8.62954E+15,4.98171E+16
34848,6,4,38,13,2018,8,21,5,2,5,3,2,0,1,0,0,0,0,1,4.99054E+20,5.5419E+21,8.98679E+15,5.00294E+16
34849,6,4,33,7,2018,8,7,4,3,3,6,0,0,1,0,0,1,0,0,4.6479E+20,5.54234E+21,8.50837E+15,5.00323E+16
34850,6,4,31,21,2018,8,12,1,3,4,1,0,1,1,0,0,0,0,0,4.88868E+20,5.49161E+21,8.84601E+15,4.9577E+16
34851,6,4,31,2,2018,8,17,3,2,8,6,0,1,0,0,0,0,1,0,4.72126E+20,5.50274E+21,8.61365E+15,4.96766E+16
34852,6,4,31,21,2018,8,12,1,3,5,2,0,1,0,0,0,0,1,0,4.9016E+20,5.48743E+21,8.86399E+15,4.95394E+16
34853,6,5,35,7,2018,8,16,7,3,8,1,0,0,0,0,0,0,1,0,5.22908E+20,5.59092E+21,9.3228E+15,5.04698E+16
34854,6,6,36,3,2018,8,19,4,3,5,3,1,0,1,0,0,0,0,0,5.73196E+20,5.67111E+21,1.00474E+16,5.11867E+16
34855,6,4,12,0,2018,8,23,4,3,2,6,2,0,1,0,0,0,0,0,4.80839E+20,5.55183E+21,8.73198E+15,5.01184E+16
34856,6,5,35,10,2018,8,11,1,2,9,1,0,0,0,0,1,0,0,0,5.10516E+20,5.62736E+21,9.14922E+15,5.07979E+16
34857,6,4,40,4,2018,8,16,4,3,4,6,0,0,0,0,1,0,1,0,5.08418E+20,5.57099E+21,9.11818E+15,5.0291E+16
34858,6,4,38,3,2018,8,19,2,3,5,2,0,0,1,0,0,0,0,0,4.75235E+20,5.53461E+21,8.6547E+15,4.99633E+16
34859,6,4,12,0,2018,8,13,6,3,2,6,0,0,1,0,0,0,0,1,4.67558E+20,5.55026E+21,8.54635E+15,5.01037E+16
34860,6,4,33,5,2018,8,10,1,3,6,4,0,0,1,1,0,0,0,0,4.51002E+20,5.53856E+21,8.31635E+15,4.99973E+16
34861,6,4,32,10,2018,8,1,1,2,6,4,2,0,1,1,0,0,0,0,4.95465E+20,5.52156E+21,8.93692E+15,4.98464E+16
34862,6,5,31,10,2018,8,6,6,3,6,4,0,0,1,1,1,0,0,0,4.99458E+20,5.59882E+21,8.99236E+15,5.05413E+16
34863,6,4,13,0,2018,8,15,3,3,5,2,0,1,1,0,0,0,0,0,4.82708E+20,5.55052E+21,8.75818E+15,5.01067E+16
34864,6,6,31,9,2018,8,18,1,3,0,1,0,1,0,0,0,0,0,0,5.46722E+20,5.60168E+21,9.6597E+15,5.05651E+16
34865,6,4,32,17,2018,8,12,5,3,8,1,0,0,0,0,1,0,0,0,4.97526E+20,5.51639E+21,8.96562E+15,4.98E+16
34866,6,4,12,0,2018,8,16,4,3,2,6,0,0,1,0,0,0,0,0,4.70883E+20,5.55407E+21,8.59255E+15,5.01382E+16
34867,6,4,34,9,2018,8,17,1,3,0,7,0,0,0,0,1,0,0,0,4.61658E+20,5.56569E+21,8.4623E+15,5.02422E+16
34868,6,6,31,12,2018,8,12,6,3,2,6,0,0,1,0,0,0,0,0,5.65945E+20,5.59814E+21,9.93046E+15,5.05315E+16
34869,6,6,32,14,2018,8,22,3,2,4,1,2,0,1,0,0,1,0,0,5.42356E+20,5.63907E+21,9.60235E+15,5.09017E+16
34870,6,4,35,14,2018,8,14,1,3,0,1,0,0,0,0,1,0,0,0,4.94889E+20,5.55265E+21,8.9285E+15,5.01261E+16
34871,6,4,37,4,2018,8,15,5,3,8,1,0,0,0,0,1,0,0,0,5.03448E+20,5.51859E+21,9.04793E+15,4.98198E+16
34872,6,4,12,0,2018,8,16,4,3,2,6,0,0,1,0,0,0,0,0,4.66882E+20,5.55171E+21,8.53677E+15,5.01167E+16
34873,6,4,35,14,2018,8,15,1,2,5,3,0,1,1,0,0,0,0,0,4.94841E+20,5.55269E+21,8.92783E+15,5.01264E+16
34874,6,6,31,15,2018,8,14,3,3,8,6,0,1,0,0,0,0,1,0,5.54073E+20,5.61387E+21,9.76527E+15,5.06742E+16
34875,6,5,31,10,2018,8,18,1,2,9,1,0,0,0,0,1,0,0,0,5.02212E+20,5.59804E+21,9.03121E+15,5.05343E+16
34876,6,6,34,3,2018,8,11,7,2,4,1,0,0,1,0,0,0,0,0,5.27472E+20,5.6635E+21,9.39254E+15,5.11223E+16
34877,6,4,12,0,2018,8,14,4,3,2,2,0,0,1,0,0,1,0,0,4.71211E+20,5.54986E+21,8.59745E+15,5.01003E+16
34878,6,4,13,0,2018,8,10,4,3,3,6,0,0,1,0,0,1,0,0,4.81162E+20,5.54782E+21,8.73669E+15,5.00823E+16
34879,6,5,31,10,2018,8,17,1,2,8,1,0,0,0,0,1,0,0,0,5.06798E+20,5.59638E+21,9.0959E+15,5.05193E+16
34880,6,5,32,8,2018,8,7,2,3,0,1,0,0,0,0,1,0,0,1,4.57025E+20,5.60509E+21,8.39281E+15,5.05962E+16
34881,6,4,12,0,2018,8,10,6,3,3,6,0,0,1,0,0,0,0,0,4.75762E+20,5.55007E+21,8.66108E+15,5.01024E+16
34882,6,4,32,16,2018,8,16,4,3,5,3,0,0,1,0,1,0,0,0,4.79936E+20,5.51951E+21,8.72103E+15,4.98276E+16
34883,6,5,31,4,2018,8,18,1,3,5,3,0,0,1,0,0,0,0,0,4.8169E+20,5.60366E+21,8.74136E+15,5.05846E+16
34884,6,4,39,3,2018,8,22,4,1,5,3,2,0,1,0,1,0,0,0,4.33482E+20,5.54089E+21,8.07152E+15,5.00166E+16
34885,6,4,36,9,2018,8,16,6,3,2,6,0,0,1,0,0,0,0,0,4.62361E+20,5.54681E+21,8.47401E+15,5.00724E+16
34886,6,5,31,4,2018,8,0,1,2,2,6,2,0,1,0,0,0,0,0,4.81945E+20,5.60127E+21,8.74508E+15,5.0563E+16
34887,6,4,12,0,2018,8,14,3,3,5,3,0,1,1,0,0,0,0,0,4.79047E+20,5.55207E+21,8.7069E+15,5.01205E+16
34888,6,5,33,6,2018,8,11,1,3,2,6,0,0,1,0,0,0,0,0,4.31422E+20,5.58399E+21,8.03499E+15,5.0404E+16
34889,6,5,35,1,2018,8,16,5,3,2,6,0,0,1,0,0,0,0,0,5.19185E+20,5.62237E+21,9.27196E+15,5.07528E+16
34890,6,4,14,0,2018,8,11,4,3,2,6,0,0,1,0,0,1,0,0,4.54868E+20,5.5471E+21,8.36928E+15,5.00744E+16
34891,6,4,33,2,2018,8,8,1,3,8,1,0,0,1,0,0,0,0,0,4.5696E+20,5.53592E+21,8.39977E+15,4.9974E+16
34892,6,5,31,17,2018,8,17,2,3,2,6,0,0,1,0,0,0,0,0,4.80558E+20,5.61109E+21,8.72499E+15,5.06514E+16
34893,6,6,31,9,2018,8,12,7,3,3,6,0,0,1,0,0,0,0,1,5.48483E+20,5.60002E+21,9.68435E+15,5.05501E+16
34894,6,6,33,14,2018,8,15,4,2,9,1,0,0,1,0,0,0,0,0,5.33285E+20,5.69728E+21,9.47875E+15,5.14257E+16
34895,6,4,36,7,2018,8,15,4,2,2,6,0,0,1,0,1,0,0,0,4.58963E+20,5.54497E+21,8.42673E+15,5.00556E+16
34896,6,4,32,18,2018,8,0,1,3,2,6,2,0,1,0,0,0,0,0,4.6976E+20,5.51811E+21,8.57966E+15,4.98147E+16
34897,6,4,32,18,2018,8,15,1,3,8,1,0,0,1,0,0,0,0,0,4.69575E+20,5.51761E+21,8.57712E+15,4.98102E+16