OBJECTID_1,ULAND,UREGBEZ,UKREIS,UGEMEINDE,UJAHR,UMONAT,USTUNDE,UWOCHENTAG,UKATEGORIE,UART,UTYP1,ULICHTVERH,IstRad,IstPKW,IstFuss,IstKrad,IstGkfz,IstSonstig,STRZUSTAND,LINREFX,LINREFY,XGCSWGS84,YGCSWGS84
34898,6,6,32,14,2018,8,23,3,3,8,1,2,0,1,0,0,0,0,0,5.42278E+20,5.63658E+21,9.60096E+15,5.08793E+16
34899,6,4,34,6,2018,8,23,7,2,0,7,2,1,0,0,0,0,0,0,4.65889E+20,5.55819E+21,8.5223E+15,5.0175E+16
34900,6,4,12,0,2018,8,16,4,3,5,3,0,1,1,0,0,0,0,0,4.74745E+20,5.54953E+21,8.64689E+15,5.00975E+16
34901,6,5,33,6,2018,8,12,4,3,2,6,0,0,0,0,0,1,0,0,4.31373E+20,5.58399E+21,8.0343E+15,5.0404E+16
34902,6,5,31,6,2018,8,9,1,2,6,6,0,0,1,1,0,0,0,0,4.92714E+20,5.60791E+21,8.897E+15,5.0623E+16
34903,6,5,32,23,2018,8,11,2,3,4,6,0,0,0,0,0,1,0,0,4.64995E+20,5.60589E+21,8.50533E+15,5.06038E+16
34904,6,4,34,6,2018,8,8,6,2,4,1,0,0,1,0,0,0,1,0,4.67015E+20,5.55874E+21,8.53802E+15,5.018E+16
34905,6,5,34,11,2018,8,5,4,3,4,6,2,1,1,0,0,0,0,0,4.91169E+20,5.62873E+21,8.87466E+15,5.08102E+16
34906,6,6,35,18,2018,8,11,7,3,3,6,0,1,1,0,0,0,0,0,4.93711E+20,5.6862E+21,8.90973E+15,5.13271E+16
34907,6,4,40,5,2018,8,16,6,3,2,6,0,0,1,0,0,0,0,0,4.78568E+20,5.58526E+21,8.69832E+15,5.0419E+16
34908,6,6,32,2,2018,8,11,7,3,2,6,0,0,1,0,0,0,0,0,5.50254E+20,5.63468E+21,9.71406E+15,5.08616E+16
34909,6,6,35,6,2018,8,16,3,2,5,3,0,0,1,0,0,0,1,0,4.834E+20,5.6511E+21,8.76338E+15,5.10113E+16
34910,6,6,32,12,2018,8,11,7,3,8,1,0,0,1,0,0,0,0,0,5.51176E+20,5.63768E+21,9.72758E+15,5.08885E+16
34911,6,6,31,9,2018,8,15,5,2,6,7,0,0,1,1,0,0,0,0,5.48828E+20,5.60009E+21,9.68922E+15,5.05507E+16
34912,6,4,11,0,2018,8,8,4,3,2,6,0,0,1,0,0,0,0,0,4.71175E+20,5.5233E+21,8.59895E+15,4.98614E+16
34913,6,5,35,16,2018,8,17,7,3,9,1,0,0,0,0,1,0,0,0,5.06525E+20,5.59625E+21,9.09204E+15,5.05182E+16
34914,6,6,11,0,2018,8,11,2,3,6,7,0,0,1,1,0,0,0,0,5.33353E+20,5.68501E+21,9.47857E+15,5.13154E+16
34915,6,6,35,8,2018,8,13,7,3,2,6,0,0,1,0,0,0,0,0,5.03097E+20,5.7032E+21,9.04459E+15,5.148E+16
34916,6,5,33,7,2018,8,22,7,3,8,1,2,0,1,0,0,0,0,0,4.36578E+20,5.59126E+21,8.1063E+15,5.04699E+16
34917,6,4,12,0,2018,8,12,1,3,3,2,0,1,1,0,0,0,0,0,4.75521E+20,5.55607E+21,8.65732E+15,5.01564E+16
34918,6,4,38,12,2018,8,12,6,3,5,3,0,1,1,0,0,0,0,1,4.85819E+20,5.53597E+21,8.80223E+15,4.99759E+16
34919,6,4,36,7,2018,8,16,4,3,2,6,0,0,1,0,0,0,0,0,4.57248E+20,5.54499E+21,8.40277E+15,5.00556E+16
34920,6,5,33,4,2018,8,15,7,3,8,1,0,0,1,0,0,0,0,0,4.31593E+20,5.59659E+21,8.03508E+15,5.05173E+16
34921,6,6,35,2,2018,8,17,5,3,3,2,0,0,1,0,0,0,0,0,4.99422E+20,5.69237E+21,8.9917E+15,5.13826E+16
34922,6,5,33,7,2018,8,4,7,2,8,1,2,0,1,0,0,0,0,0,4.29755E+20,5.58958E+21,8.01049E+15,5.0454E+16
34923,6,4,33,6,2018,8,16,2,2,3,6,0,0,1,0,0,0,0,0,4.62656E+20,5.53197E+21,8.47959E+15,4.99389E+16
34924,6,4,40,18,2018,8,18,6,3,3,2,0,0,1,0,0,0,1,0,4.76611E+20,5.57909E+21,8.67116E+15,5.03634E+16
34925,6,4,38,11,2018,8,14,4,3,3,6,0,0,1,0,0,1,0,0,4.9003E+20,5.54539E+21,8.8607E+15,5.00607E+16
34926,6,6,11,0,2018,8,18,7,3,3,2,0,0,1,0,0,0,0,0,5.37784E+20,5.68449E+21,9.54209E+15,5.13104E+16
34927,6,4,14,0,2018,8,20,5,2,5,3,1,0,1,0,1,0,0,0,4.44524E+20,5.54535E+21,8.22499E+15,5.00578E+16
34928,6,6,33,15,2018,8,13,7,3,9,1,0,0,1,0,0,0,0,0,5.44957E+20,5.68071E+21,9.64453E+15,5.1276E+16
34929,6,4,36,6,2018,8,5,3,3,4,3,2,0,1,0,0,0,1,0,4.53549E+20,5.54185E+21,8.35149E+15,5.00271E+16
34930,6,6,11,0,2018,8,21,7,3,5,2,1,0,1,0,0,0,0,0,5.36009E+20,5.68511E+21,9.51669E+15,5.13162E+16
34931,6,4,12,0,2018,8,21,1,3,2,6,2,0,1,0,0,0,0,0,4.72549E+20,5.54493E+21,8.61652E+15,5.0056E+16
34932,6,4,38,10,2018,8,16,5,3,2,6,0,0,1,0,0,1,0,0,4.89733E+20,5.54542E+21,8.85656E+15,5.0061E+16
34933,6,4,40,5,2018,8,11,4,2,2,6,0,0,1,0,0,1,1,0,4.78602E+20,5.58511E+21,8.69881E+15,5.04176E+16
34934,6,6,11,0,2018,8,23,7,2,0,1,2,1,0,0,0,0,0,0,5.34556E+20,5.68292E+21,9.49564E+15,5.12966E+16
34935,6,4,36,3,2018,8,7,2,3,8,1,1,0,1,0,0,0,0,1,4.6791E+20,5.5547E+21,8.55089E+15,5.01436E+16
34936,6,6,34,1,2018,8,11,6,3,4,1,0,0,1,0,0,1,0,1,5.20041E+20,5.64966E+21,9.2856E+15,5.09982E+16
34937,6,4,33,3,2018,8,10,4,1,4,6,0,0,1,0,1,0,0,0,4.66981E+20,5.53034E+21,8.53999E+15,4.99245E+16
34938,6,4,14,0,2018,8,4,7,3,9,1,2,0,1,0,0,0,0,0,4.44646E+20,5.54919E+21,8.22613E+15,5.00924E+16
34939,6,4,39,11,2018,8,16,1,2,5,3,0,0,1,0,1,0,0,0,4.51878E+20,5.55736E+21,8.3262E+15,5.01665E+16
34940,6,5,34,21,2018,8,1,6,2,9,1,2,0,1,0,0,0,0,0,4.79299E+20,5.6412E+21,8.70548E+15,5.0922E+16
34941,6,5,31,5,2018,8,13,4,3,2,6,0,0,1,0,0,0,1,0,4.78925E+20,5.60197E+21,8.70241E+15,5.05693E+16
34942,6,4,13,0,2018,8,17,7,3,0,7,0,0,0,0,1,0,0,0,4.81812E+20,5.55001E+21,8.74567E+15,5.0102E+16
34943,6,4,34,1,2018,8,15,5,3,2,6,0,0,1,0,0,0,0,0,4.71982E+20,5.56272E+21,8.60729E+15,5.0216E+16
34944,6,4,35,13,2018,8,17,3,3,9,1,0,0,1,0,0,0,0,0,4.97881E+20,5.56167E+21,8.97031E+15,5.02072E+16
34945,6,4,12,0,2018,8,16,7,3,2,6,0,0,1,0,0,0,0,0,4.75236E+20,5.54711E+21,8.65392E+15,5.00758E+16
34946,6,4,33,5,2018,8,8,3,3,5,3,0,0,1,0,0,0,1,0,4.52149E+20,5.53695E+21,8.33255E+15,4.99829E+16
34947,6,4,12,0,2018,8,14,7,3,2,6,0,0,1,0,0,0,0,0,4.75253E+20,5.54719E+21,8.65415E+15,5.00765E+16
34948,6,4,12,0,2018,8,16,7,3,2,6,0,0,1,0,0,0,0,0,4.76566E+20,5.54873E+21,8.6724E+15,5.00904E+16
34949,6,6,11,0,2018,8,6,4,3,5,2,1,1,1,0,0,0,0,0,5.34118E+20,5.68744E+21,9.48978E+15,5.13372E+16
34950,6,6,32,2,2018,8,14,3,3,5,3,0,0,1,0,0,0,0,0,5.50888E+20,5.63484E+21,9.72309E+15,5.0863E+16
34951,6,4,12,0,2018,8,22,7,3,3,6,2,0,1,0,1,0,0,0,4.77871E+20,5.55058E+21,8.69053E+15,5.01071E+16
34952,6,4,38,10,2018,8,22,2,3,5,2,2,0,1,0,0,0,0,0,4.88166E+20,5.54576E+21,8.83466E+15,5.0064E+16
34953,6,4,12,0,2018,8,15,6,3,5,3,0,0,1,0,0,0,0,0,4.75148E+20,5.55969E+21,8.65186E+15,5.01889E+16
34954,6,4,32,4,2018,8,18,3,3,1,5,0,1,1,0,0,0,0,0,4.90029E+20,5.5278E+21,8.86115E+15,4.99025E+16
34955,6,4,12,0,2018,8,1,7,3,3,2,2,0,1,0,1,0,0,0,4.78204E+20,5.55336E+21,8.69504E+15,5.01321E+16
34956,6,4,40,23,2018,8,16,1,3,2,6,0,0,1,0,0,0,0,0,4.76449E+20,5.57036E+21,8.66942E+15,5.02849E+16
34957,6,5,31,6,2018,8,19,5,2,9,6,0,0,1,0,0,1,0,0,4.92784E+20,5.60799E+21,8.89798E+15,5.06237E+16
34958,6,4,12,0,2018,8,22,7,3,2,6,2,0,1,0,0,0,0,0,4.79948E+20,5.55135E+21,8.71955E+15,5.01141E+16
34959,6,6,35,4,2018,8,6,2,2,0,7,1,0,1,0,0,0,1,0,4.75786E+20,5.65097E+21,8.65485E+15,5.10098E+16
34960,6,4,13,0,2018,8,15,6,3,6,7,0,0,1,1,0,0,0,0,4.83767E+20,5.54804E+21,8.7731E+15,5.00844E+16
34961,6,4,12,0,2018,8,17,7,3,2,6,0,0,1,0,1,0,0,0,4.7655E+20,5.55332E+21,8.6719E+15,5.01317E+16
34962,6,4,31,11,2018,8,8,1,2,2,6,0,0,1,0,1,0,0,0,4.70837E+20,5.49981E+21,8.59601E+15,4.96501E+16
34963,6,6,31,10,2018,8,14,6,3,7,7,0,0,0,0,1,0,0,0,5.65461E+20,5.58737E+21,9.92175E+15,5.04347E+16
34964,6,5,33,9,2018,8,8,3,3,8,1,0,0,1,0,0,0,0,0,4.27753E+20,5.58466E+21,7.98324E+15,5.04095E+16
34965,6,4,37,16,2018,8,18,7,1,9,1,0,0,1,0,1,0,0,0,4.97539E+20,5.48412E+21,8.966E+15,4.95097E+16
34966,6,5,32,12,2018,8,11,5,3,0,7,0,0,0,0,1,0,1,0,4.50727E+20,5.61437E+21,8.3026E+15,5.06791E+16
34967,6,6,34,6,2018,8,11,7,3,4,6,0,0,1,0,1,0,0,0,5.04895E+20,5.64458E+21,9.06968E+15,5.09528E+16
34968,6,5,32,18,2018,8,18,3,3,4,1,0,0,1,0,0,0,0,0,4.65634E+20,5.59181E+21,8.51566E+15,5.04773E+16
34969,6,4,39,8,2018,8,20,7,3,5,3,2,0,1,0,0,0,0,0,4.46711E+20,5.5628E+21,8.2531E+15,5.0215E+16
34970,6,4,12,0,2018,8,6,4,3,5,3,0,1,1,0,0,0,0,0,4.78472E+20,5.55424E+21,8.69873E+15,5.014E+16
34971,6,6,34,3,2018,8,22,7,3,8,1,2,0,1,0,0,0,0,0,5.27297E+20,5.66618E+21,9.39024E+15,5.11464E+16
34972,6,4,40,7,2018,8,10,2,3,5,3,0,0,1,0,0,0,0,1,4.89977E+20,5.57018E+21,8.85932E+15,5.02836E+16
34973,6,4,38,13,2018,8,13,6,3,5,2,0,0,1,0,0,0,0,0,4.97854E+20,5.54393E+21,8.97003E+15,5.00477E+16
34974,6,4,40,17,2018,8,19,4,3,9,1,0,0,0,0,1,0,0,0,4.85585E+20,5.56946E+21,8.7977E+15,5.02771E+16
34975,6,6,33,200,2018,8,15,7,2,4,6,0,0,1,0,0,0,1,0,5.3688E+20,5.71951E+21,9.53279E+15,5.16254E+16
34976,6,4,12,0,2018,8,8,6,3,2,6,0,0,1,0,0,0,0,0,4.80827E+20,5.55183E+21,8.73182E+15,5.01184E+16
34977,6,6,33,13,2018,8,8,7,3,5,3,0,0,1,0,0,0,0,0,5.28167E+20,5.7057E+21,9.4058E+15,5.15018E+16
34978,6,4,39,5,2018,8,8,7,2,8,1,0,0,1,0,0,0,0,0,4.21155E+20,5.55792E+21,7.89597E+15,5.01682E+16
34979,6,5,35,10,2018,8,3,1,3,8,1,2,0,1,0,0,0,0,0,5.07544E+20,5.62423E+21,9.10699E+15,5.07698E+16
34980,6,6,31,9,2018,8,14,6,1,2,6,0,0,1,0,0,1,0,0,5.47974E+20,5.60804E+21,9.6782E+15,5.06223E+16
34981,6,4,38,2,2018,8,9,7,2,5,2,0,0,1,0,1,0,0,0,4.77557E+20,5.53939E+21,8.6868E+15,5.00064E+16
34982,6,4,12,0,2018,8,17,3,3,4,6,0,0,1,0,0,0,0,0,4.70202E+20,5.54878E+21,8.58343E+15,5.00905E+16
34983,6,4,34,9,2018,8,12,7,3,2,6,0,1,0,0,1,0,0,0,4.60262E+20,5.5687E+21,8.4424E+15,5.02691E+16
34984,6,4,32,9,2018,8,7,5,3,0,7,0,0,1,0,1,0,0,0,4.8764E+20,5.51644E+21,8.82825E+15,4.98003E+16
34985,6,4,31,7,2018,8,17,7,3,5,3,0,0,1,0,1,0,0,0,4.87373E+20,5.50132E+21,8.82502E+15,4.96643E+16
34986,6,4,12,0,2018,8,7,3,3,2,6,0,0,1,0,0,0,0,0,4.74886E+20,5.55856E+21,8.64827E+15,5.01787E+16
34987,6,4,31,2,2018,8,13,7,1,8,1,0,0,0,0,1,0,0,0,4.73828E+20,5.50594E+21,8.63703E+15,4.97054E+16
34988,6,4,37,16,2018,8,19,4,1,8,1,0,0,0,0,1,0,0,0,4.94402E+20,5.48162E+21,8.9227E+15,4.94872E+16
34989,6,4,31,4,2018,8,16,7,3,5,3,0,0,1,0,0,0,0,0,4.78724E+20,5.49001E+21,8.7058E+15,4.95623E+16
34990,6,4,38,13,2018,8,7,2,3,2,6,1,0,1,0,0,0,0,1,4.96198E+20,5.5412E+21,8.94693E+15,5.00231E+16
34991,6,4,35,29,2018,8,23,6,3,9,1,2,0,1,0,0,0,0,0,5.24837E+20,5.56755E+21,9.34844E+15,5.02595E+16
34992,6,5,34,20,2018,8,8,4,3,2,6,0,0,1,0,1,0,0,0,4.80337E+20,5.62214E+21,8.72126E+15,5.07507E+16
34993,6,4,40,12,2018,8,0,7,3,5,2,2,0,1,0,0,0,0,0,4.81883E+20,5.5648E+21,8.74597E+15,5.02351E+16
34994,6,6,35,15,2018,8,23,5,3,7,7,2,0,1,0,0,0,0,0,4.97713E+20,5.68065E+21,8.96722E+15,5.12772E+16
34995,6,5,32,17,2018,8,16,7,3,8,1,0,0,0,0,1,0,0,0,4.59648E+20,5.61655E+21,8.42862E+15,5.06994E+16
34996,6,4,39,3,2018,8,8,3,3,7,7,0,0,1,0,0,0,0,0,4.38018E+20,5.54426E+21,8.13428E+15,5.00474E+16
34997,6,4,32,10,2018,8,10,7,3,9,1,0,0,1,0,0,0,0,0,4.95174E+20,5.52218E+21,8.93287E+15,4.9852E+16
34998,6,6,34,11,2018,8,12,1,3,9,7,0,0,1,0,0,0,0,0,5.3485E+20,5.65549E+21,9.49719E+15,5.10499E+16
34999,6,4,12,0,2018,8,9,5,3,2,6,0,0,1,0,1,0,0,0,4.83161E+20,5.55647E+21,8.76425E+15,5.01602E+16
35000,6,4,34,9,2018,8,16,4,3,5,3,0,0,1,0,0,1,0,0,4.61598E+20,5.57096E+21,8.46092E+15,5.02895E+16
35001,6,4,32,22,2018,8,11,7,2,5,3,0,1,0,0,1,0,0,0,4.74716E+20,5.51538E+21,8.64873E+15,4.97903E+16
35002,6,4,14,0,2018,8,2,2,3,9,1,2,0,1,0,0,0,0,0,4.48147E+20,5.54667E+21,8.27541E+15,5.007E+16
35003,6,4,32,18,2018,8,10,7,2,3,1,0,0,1,0,0,0,0,1,4.69194E+20,5.51679E+21,8.5719E+15,4.98027E+16
35004,6,4,37,1,2018,8,15,3,3,2,6,0,0,1,0,0,0,0,0,4.99285E+20,5.50791E+21,8.99007E+15,4.97237E+16
35005,6,5,34,5,2018,8,20,7,2,4,3,1,0,1,0,1,0,0,0,4.61672E+20,5.63693E+21,8.45516E+15,5.08828E+16
35006,6,4,33,5,2018,8,8,5,3,5,3,0,0,1,0,1,0,0,0,4.50828E+20,5.53854E+21,8.31392E+15,4.99971E+16
35007,6,6,31,17,2018,8,16,7,3,2,2,0,0,1,0,0,0,0,0,5.50254E+20,5.59856E+21,9.70914E+15,5.05369E+16
35008,6,6,34,9,2018,8,17,2,3,5,6,0,0,0,0,0,1,1,0,5.25926E+20,5.65072E+21,9.36954E+15,5.10075E+16
35009,6,5,32,23,2018,8,11,7,3,0,1,0,0,0,0,1,0,0,1,4.63956E+20,5.60116E+21,8.49111E+15,5.05612E+16
35010,6,5,32,18,2018,8,11,7,3,1,7,0,0,1,0,0,0,1,0,4.61751E+20,5.59624E+21,8.46048E+15,5.05169E+16
35011,6,4,35,21,2018,8,5,1,3,9,1,1,0,1,0,0,0,0,0,4.91071E+20,5.56263E+21,8.87484E+15,5.02158E+16
35012,6,4,40,4,2018,8,13,6,3,2,2,0,0,1,0,0,0,0,1,5.06536E+20,5.57078E+21,9.09175E+15,5.02891E+16
35013,6,6,31,8,2018,8,14,4,3,2,6,0,0,1,0,0,0,0,0,5.41688E+20,5.58638E+21,9.58692E+15,5.0428E+16
35014,6,5,31,12,2018,8,18,7,3,0,2,0,0,0,1,1,0,0,0,4.76472E+20,5.59727E+21,8.66807E+15,5.05269E+16
35015,6,4,12,0,2018,8,11,5,2,5,7,0,1,1,0,0,0,0,0,4.77908E+20,5.54958E+21,8.69111E+15,5.00981E+16
35016,6,4,38,2,2018,8,1,7,3,2,6,2,0,1,0,0,0,1,0,4.78999E+20,5.54051E+21,8.70687E+15,5.00165E+16
35017,6,4,40,12,2018,8,7,3,3,5,3,0,0,1,0,0,0,0,0,4.81034E+20,5.56432E+21,8.73409E+15,5.02307E+16
35018,6,4,13,0,2018,8,23,7,3,2,6,2,0,1,0,0,0,0,0,4.81019E+20,5.54706E+21,8.73473E+15,5.00755E+16
35019,6,4,36,6,2018,8,11,1,3,2,6,0,0,1,0,0,0,0,0,4.56349E+20,5.54473E+21,8.39024E+15,5.00533E+16
35020,6,4,34,1,2018,8,17,5,3,5,3,0,0,1,0,0,0,0,0,4.74239E+20,5.56127E+21,8.63903E+15,5.0203E+16
35021,6,4,14,0,2018,8,7,7,3,3,6,0,0,1,0,0,0,0,0,4.54191E+20,5.54828E+21,8.35968E+15,5.0085E+16
35022,6,4,12,0,2018,8,16,2,3,2,6,0,0,1,0,0,0,0,0,4.80824E+20,5.55184E+21,8.73177E+15,5.01185E+16
35023,6,5,33,7,2018,8,8,6,2,5,3,0,0,1,0,0,0,1,0,4.35213E+20,5.58947E+21,8.08737E+15,5.04536E+16
35024,6,6,31,10,2018,8,11,4,2,9,7,0,0,1,0,0,0,0,0,5.66039E+20,5.58665E+21,9.92976E+15,5.04282E+16
35025,6,4,33,10,2018,8,20,7,3,8,1,0,0,1,0,0,0,1,0,4.62987E+20,5.54162E+21,8.48327E+15,5.00258E+16
35026,6,4,34,13,2018,8,18,1,2,9,7,0,0,0,0,1,0,0,0,4.57374E+20,5.57493E+21,8.40118E+15,5.03249E+16
35027,6,5,34,14,2018,8,11,6,3,8,1,0,0,1,0,0,0,0,0,4.82475E+20,5.63356E+21,8.75103E+15,5.08534E+16
35028,6,5,31,5,2018,8,7,3,3,2,6,0,0,1,0,1,0,0,0,4.79246E+20,5.60791E+21,8.7066E+15,5.06227E+16
35029,6,6,33,13,2018,9,18,5,3,8,1,0,0,1,0,0,0,0,1,5.3191E+20,5.70376E+21,9.45956E+15,5.14841E+16
35030,6,4,36,5,2018,9,7,7,2,8,1,0,0,0,0,1,0,0,0,4.64844E+20,5.54546E+21,8.50883E+15,5.00604E+16
35031,6,4,12,0,2018,9,9,3,3,5,3,0,1,1,0,0,0,0,0,4.80908E+20,5.55324E+21,8.73288E+15,5.01311E+16
35032,6,4,32,5,2018,9,19,7,3,2,6,0,0,1,0,0,0,0,0,4.85183E+20,5.53224E+21,8.7935E+15,4.99423E+16
35033,6,4,32,23,2018,9,18,4,3,2,6,0,0,1,0,0,0,0,0,4.70658E+20,5.52758E+21,8.59142E+15,4.98999E+16
35034,6,4,31,14,2018,9,16,6,3,9,6,0,0,0,0,1,0,1,0,4.7875E+20,5.5104E+21,8.70504E+15,4.97457E+16
35035,6,4,32,1,2018,9,21,7,3,0,1,2,1,0,0,0,0,0,0,4.7184E+20,5.50986E+21,8.60917E+15,4.97406E+16
35036,6,4,40,18,2018,9,14,2,3,2,6,0,0,1,0,0,1,0,0,4.78236E+20,5.58015E+21,8.69395E+15,5.03731E+16
35037,6,6,11,0,2018,9,18,3,3,2,6,0,0,1,0,0,0,0,0,5.34947E+20,5.68583E+21,9.50153E+15,5.13227E+16
35038,6,4,31,13,2018,9,15,7,3,5,3,0,1,1,0,0,0,0,0,4.63486E+20,5.49394E+21,8.49471E+15,4.95969E+16
35039,6,5,31,16,2018,9,5,1,3,3,6,2,0,1,0,0,0,0,0,4.87046E+20,5.60495E+21,8.81697E+15,5.05963E+16
35040,6,4,35,14,2018,9,14,6,3,5,3,0,0,1,0,0,0,0,0,4.97822E+20,5.5526E+21,8.96953E+15,5.01257E+16
35041,6,5,31,5,2018,9,17,2,3,8,1,0,0,0,0,0,0,1,1,4.79883E+20,5.60853E+21,8.71557E+15,5.06283E+16
35042,6,4,31,15,2018,9,16,7,3,2,6,0,1,1,0,0,0,0,0,4.83108E+20,5.50346E+21,8.76583E+15,4.96834E+16
35043,6,5,31,5,2018,9,21,7,3,8,1,2,0,1,0,0,0,0,0,4.78181E+20,5.60373E+21,8.69179E+15,5.05851E+16
35044,6,4,31,22,2018,9,17,5,3,0,1,0,0,0,0,1,0,0,1,4.72078E+20,5.50792E+21,8.61262E+15,4.97231E+16
35045,6,4,39,7,2018,9,1,7,3,9,1,2,0,1,0,0,0,0,0,4.44587E+20,5.56459E+21,8.22307E+15,5.02309E+16
35046,6,4,35,21,2018,9,14,2,2,0,5,0,1,1,0,0,0,0,0,4.93709E+20,5.56702E+21,8.91175E+15,5.02553E+16
35047,6,4,33,12,2018,9,16,7,2,8,1,0,0,1,0,0,0,0,0,4.57229E+20,5.53714E+21,8.40338E+15,4.99851E+16
35048,6,4,35,15,2018,9,14,4,2,2,5,0,0,1,0,1,0,0,0,5.06991E+20,5.55692E+21,9.09788E+15,5.01645E+16
35049,6,5,34,6,2018,9,17,7,3,2,6,0,0,1,0,0,0,0,0,4.86582E+20,5.63405E+21,8.80936E+15,5.0858E+16
35050,6,4,31,16,2018,9,0,2,3,9,6,2,0,1,0,0,0,1,0,4.67842E+20,5.50122E+21,8.5544E+15,4.96627E+16
35051,6,4,35,8,2018,9,12,3,2,5,2,0,0,0,0,1,0,1,0,5.28907E+20,5.5538E+21,9.40449E+15,5.01358E+16
35052,6,4,35,14,2018,9,8,7,3,2,6,0,0,1,0,0,0,0,0,4.93678E+20,5.55432E+21,8.91153E+15,5.01411E+16
35053,6,4,12,0,2018,9,19,7,3,3,6,1,0,1,0,0,0,0,0,4.72765E+20,5.55341E+21,8.61893E+15,5.01323E+16
35054,6,5,33,8,2018,9,6,5,3,5,3,0,0,1,0,0,0,0,0,4.39887E+20,5.5736E+21,8.15575E+15,5.03114E+16
35055,6,4,33,4,2018,9,22,2,2,5,3,2,0,1,0,1,0,0,0,4.6369E+20,5.51304E+21,8.49576E+15,4.97688E+16
35056,6,4,37,11,2018,9,11,3,2,4,6,0,0,1,0,0,1,0,0,5.05608E+20,5.50715E+21,9.0778E+15,4.97168E+16
35057,6,5,32,14,2018,9,20,7,3,2,6,2,0,1,0,0,0,0,0,4.71011E+20,5.59662E+21,8.59108E+15,5.05208E+16
35058,6,6,36,7,2018,9,14,7,3,5,3,0,1,1,0,0,0,0,0,5.72519E+20,5.67651E+21,1.00388E+16,5.12353E+16
35059,6,5,34,14,2018,9,14,2,3,2,6,0,0,1,0,0,0,0,1,4.84567E+20,5.62825E+21,8.78097E+15,5.08058E+16
35060,6,4,14,0,2018,9,17,6,3,2,6,0,0,1,0,0,0,0,0,4.54938E+20,5.54701E+21,8.37027E+15,5.00737E+16
35061,6,4,12,0,2018,9,17,2,3,2,6,0,0,1,0,0,0,0,0,4.82199E+20,5.5566E+21,8.75078E+15,5.01613E+16
35062,6,6,11,0,2018,9,7,2,3,2,6,0,0,1,0,0,0,0,0,5.32854E+20,5.68466E+21,9.47139E+15,5.13123E+16
35063,6,5,32,23,2018,9,14,7,3,2,6,0,0,1,0,0,0,0,0,4.6425E+20,5.60352E+21,8.49504E+15,5.05825E+16
35064,6,4,11,0,2018,9,19,3,3,2,6,1,0,1,0,0,0,0,0,4.75147E+20,5.52419E+21,8.65415E+15,4.98696E+16
35065,6,6,35,8,2018,9,7,7,3,8,1,0,0,1,0,0,0,0,0,5.01618E+20,5.70418E+21,9.0233E+15,5.14888E+16
35066,6,5,32,14,2018,9,5,5,3,5,2,0,0,1,0,0,0,0,0,4.71012E+20,5.59662E+21,8.59108E+15,5.05208E+16
35067,6,5,31,6,2018,9,21,7,3,2,2,2,0,1,0,0,0,1,0,4.98788E+20,5.60805E+21,8.98286E+15,5.06244E+16
35068,6,5,33,13,2018,9,21,2,3,0,1,2,0,1,0,0,0,0,0,4.40208E+20,5.58409E+21,8.15858E+15,5.04058E+16
35069,6,5,31,10,2018,9,15,7,3,9,1,0,0,1,0,0,0,1,0,4.98512E+20,5.60013E+21,8.97899E+15,5.05531E+16
35070,6,4,33,8,2018,9,7,4,3,2,6,0,0,1,0,0,0,0,0,4.70678E+20,5.5366E+21,8.59102E+15,4.9981E+16
35071,6,5,31,6,2018,9,1,7,3,7,7,2,0,1,0,0,0,0,0,4.98915E+20,5.60699E+21,8.98467E+15,5.06148E+16
35072,6,4,12,0,2018,9,10,1,3,3,6,0,0,1,0,1,0,0,0,4.76018E+20,5.55064E+21,8.66461E+15,5.01076E+16
35073,6,4,32,18,2018,9,15,3,3,7,7,0,0,1,0,0,0,1,0,4.66836E+20,5.51571E+21,8.53923E+15,4.97929E+16
35074,6,5,31,5,2018,9,21,7,3,3,6,2,0,1,0,0,0,0,0,4.76004E+20,5.601E+21,8.66122E+15,5.05604E+16
35075,6,6,35,9,2018,9,9,7,2,0,1,0,0,0,0,1,0,0,0,5.09613E+20,5.6689E+21,9.13751E+15,5.11714E+16
35076,6,4,13,0,2018,9,17,5,3,5,2,0,0,1,0,0,0,0,0,4.81816E+20,5.54808E+21,8.74582E+15,5.00847E+16
35077,6,4,35,7,2018,9,13,7,3,5,3,0,1,1,0,0,0,0,0,4.9793E+20,5.55801E+21,8.97101E+15,5.01743E+16
35078,6,4,37,9,2018,9,14,3,3,2,6,0,0,1,0,0,0,0,0,4.99836E+20,5.51673E+21,8.99772E+15,4.9803E+16
35079,6,6,34,22,2018,9,14,2,3,8,1,0,0,1,0,0,1,0,1,5.09034E+20,5.63562E+21,9.12839E+15,5.08722E+16
35080,6,5,31,12,2018,9,15,7,3,5,3,0,0,1,0,0,0,0,0,4.75016E+20,5.59758E+21,8.6475E+15,5.05296E+16
35081,6,4,34,12,2018,9,7,3,3,8,7,0,0,1,0,0,0,0,0,4.67913E+20,5.5717E+21,8.54951E+15,5.02965E+16
35082,6,4,13,0,2018,9,16,6,2,5,2,0,0,1,0,0,0,0,0,4.80539E+20,5.55055E+21,8.72784E+15,5.01069E+16
35083,6,6,11,0,2018,9,15,4,2,5,3,0,0,1,0,1,0,0,0,5.36055E+20,5.68495E+21,9.51734E+15,5.13147E+16
35084,6,4,40,6,2018,9,9,6,3,2,2,0,1,0,0,0,1,0,0,4.93543E+20,5.58537E+21,8.90911E+15,5.04203E+16
35085,6,4,35,14,2018,9,12,7,3,1,2,0,0,1,0,0,0,0,0,4.96678E+20,5.54885E+21,8.95356E+15,5.00919E+16
35086,6,6,34,18,2018,9,13,2,3,5,3,0,0,1,0,0,0,0,0,5.21068E+20,5.67499E+21,9.30171E+15,5.12259E+16
35087,6,6,31,18,2018,9,19,1,3,2,6,1,0,1,0,0,0,0,0,5.42462E+20,5.58747E+21,9.59794E+15,5.04377E+16