OBJECTID_1,ULAND,UREGBEZ,UKREIS,UGEMEINDE,UJAHR,UMONAT,USTUNDE,UWOCHENTAG,UKATEGORIE,UART,UTYP1,ULICHTVERH,IstRad,IstPKW,IstFuss,IstKrad,IstGkfz,IstSonstig,STRZUSTAND,LINREFX,LINREFY,XGCSWGS84,YGCSWGS84
35088,6,4,12,0,2018,9,21,2,3,5,3,2,0,1,0,0,0,0,1,4.76562E+20,5.54968E+21,8.67229E+15,5.00989E+16
35089,6,5,35,1,2018,9,11,7,3,2,6,0,0,1,0,0,0,0,0,5.1935E+20,5.62116E+21,9.27424E+15,5.07419E+16
35090,6,4,39,12,2018,9,7,3,2,5,3,0,0,1,0,0,0,0,0,4.29781E+20,5.53922E+21,8.02018E+15,5.00011E+16
35091,6,6,32,4,2018,9,19,6,3,8,1,0,0,0,0,1,0,0,0,5.37664E+20,5.62468E+21,9.53415E+15,5.07727E+16
35092,6,4,12,0,2018,9,9,5,3,2,6,0,0,1,0,0,0,0,0,4.8084E+20,5.55181E+21,8.73199E+15,5.01182E+16
35093,6,4,39,2,2018,9,12,6,3,2,6,0,0,1,0,0,0,0,0,4.32835E+20,5.55474E+21,8.06005E+15,5.01411E+16
35094,6,4,13,0,2018,9,18,7,3,3,6,0,0,1,0,0,0,0,0,4.80879E+20,5.54672E+21,8.73279E+15,5.00725E+16
35095,6,4,12,0,2018,9,17,2,3,5,3,0,0,1,0,0,0,0,0,4.73931E+20,5.55653E+21,8.63503E+15,5.01604E+16
35096,6,4,35,19,2018,9,8,4,3,3,6,0,0,1,0,0,0,0,0,4.92572E+20,5.55594E+21,8.89602E+15,5.01557E+16
35097,6,5,33,9,2018,9,1,7,3,2,6,2,0,1,0,0,0,0,0,4.37654E+20,5.57963E+21,8.12339E+15,5.03654E+16
35098,6,4,38,8,2018,9,19,1,3,5,3,0,0,1,0,0,0,0,0,4.88624E+20,5.55209E+21,8.84087E+15,5.01209E+16
35099,6,5,34,9,2018,9,17,3,3,5,3,0,0,1,0,0,0,0,0,4.80221E+20,5.61672E+21,8.71991E+15,5.0702E+16
35100,6,4,33,10,2018,9,23,7,3,1,5,2,0,1,0,0,0,0,0,4.63402E+20,5.54164E+21,8.48905E+15,5.00259E+16
35101,6,4,34,8,2018,9,14,7,2,2,2,0,0,1,0,1,0,0,0,4.62828E+20,5.5639E+21,8.47888E+15,5.02261E+16
35102,6,4,11,0,2018,9,17,5,3,5,2,0,1,1,0,0,0,0,0,4.77125E+20,5.52399E+21,8.68169E+15,4.98679E+16
35103,6,4,14,0,2018,9,20,7,3,6,3,2,0,0,1,0,0,1,0,4.38603E+20,5.54941E+21,8.14163E+15,5.00938E+16
35104,6,5,34,20,2018,9,9,3,2,3,6,0,0,1,0,0,0,0,0,4.81701E+20,5.62221E+21,8.7406E+15,5.07514E+16
35105,6,5,33,13,2018,9,21,2,2,9,1,2,0,1,0,0,0,0,0,4.42348E+20,5.5871E+21,8.18824E+15,5.04331E+16
35106,6,4,31,2,2018,9,11,7,3,8,1,0,0,1,0,0,0,0,0,4.71309E+20,5.50404E+21,8.60223E+15,4.96882E+16
35107,6,4,36,8,2018,9,9,3,3,0,6,0,0,1,0,1,0,0,0,4.60036E+20,5.55436E+21,8.44074E+15,5.01401E+16
35108,6,6,11,0,2018,9,8,6,3,5,2,0,1,1,0,0,0,0,0,5.32215E+20,5.68619E+21,9.46235E+15,5.13261E+16
35109,6,4,12,0,2018,9,18,4,3,2,6,0,0,1,0,0,0,0,0,4.78823E+20,5.55459E+21,8.70363E+15,5.01431E+16
35110,6,4,32,8,2018,9,15,6,3,0,1,0,0,0,0,1,0,0,0,4.6839E+20,5.52113E+21,8.56037E+15,4.98418E+16
35111,6,6,36,1,2018,8,2,6,1,6,4,2,0,1,1,0,0,0,0,5.68485E+20,5.67933E+21,9.98153E+15,5.12612E+16
35112,6,4,34,5,2018,9,18,2,3,0,7,0,1,1,0,0,0,0,0,4.62545E+20,5.55879E+21,8.47541E+15,5.01801E+16
35113,6,6,32,12,2018,9,17,3,3,2,6,0,0,1,0,0,0,0,0,5.52256E+20,5.63866E+21,9.74307E+15,5.08973E+16
35114,6,6,36,3,2018,8,18,6,3,8,1,0,1,0,0,0,0,0,0,5.73331E+20,5.67195E+21,1.00495E+16,5.11943E+16
35115,6,4,31,15,2018,9,17,1,2,8,1,0,0,0,0,1,0,0,0,4.82985E+20,5.5056E+21,8.76403E+15,4.97027E+16
35116,6,5,32,23,2018,9,12,6,3,5,2,0,0,1,0,1,0,0,0,4.65985E+20,5.60153E+21,8.51972E+15,5.05647E+16
35117,6,4,12,0,2018,9,8,4,3,2,6,0,0,1,0,0,0,0,0,4.74747E+20,5.545E+21,8.64722E+15,5.00568E+16
35118,6,6,32,11,2018,8,22,6,3,8,1,2,0,1,0,0,0,0,0,5.39566E+20,5.63145E+21,9.56186E+15,5.08334E+16
35119,6,4,35,12,2018,9,14,1,2,4,6,0,1,0,0,0,0,1,0,5.08774E+20,5.56124E+21,9.12295E+15,5.02033E+16
35120,6,5,31,10,2018,9,19,3,3,7,7,0,0,0,0,1,0,0,0,5.04509E+20,5.60131E+21,9.06366E+15,5.05637E+16
35121,6,6,32,2,2018,8,19,6,2,9,1,1,0,0,0,1,0,0,0,5.45543E+20,5.63562E+21,9.64724E+15,5.08705E+16
35122,6,4,32,18,2018,9,19,7,3,2,7,0,0,1,0,0,0,0,0,4.70289E+20,5.51826E+21,8.587E+15,4.9816E+16
35123,6,6,34,18,2018,9,18,5,3,4,6,0,0,1,0,0,0,0,1,5.24917E+20,5.67365E+21,9.35674E+15,5.12137E+16
35124,6,5,32,14,2018,9,14,2,2,4,6,0,0,1,0,0,0,0,0,4.69772E+20,5.59671E+21,8.57359E+15,5.05216E+16
35125,6,4,12,0,2018,9,15,7,3,2,6,0,0,1,0,0,0,0,0,4.66678E+20,5.5515E+21,8.53393E+15,5.01148E+16
35126,6,5,32,3,2018,9,21,3,2,8,7,2,0,0,0,1,0,0,0,4.59868E+20,5.59416E+21,8.43416E+15,5.0498E+16
35127,6,5,35,11,2018,8,17,6,3,2,6,0,0,1,0,1,0,0,0,5.2749E+20,5.61051E+21,9.38881E+15,5.06458E+16
35128,6,6,35,3,2018,9,17,4,2,8,1,0,0,0,0,1,0,0,0,5.01644E+20,5.66218E+21,9.02349E+15,5.11111E+16
35129,6,4,33,12,2018,9,16,6,3,6,3,0,0,1,1,0,0,0,0,4.59123E+20,5.53712E+21,8.4298E+15,4.9985E+16
35130,6,5,33,9,2018,8,9,6,3,0,6,0,0,1,0,0,0,0,0,4.3499E+20,5.58607E+21,8.08483E+15,5.04231E+16
35131,6,4,32,9,2018,9,7,2,3,1,7,0,1,1,0,0,0,0,0,4.87444E+20,5.51709E+21,8.8255E+15,4.98061E+16
35132,6,4,14,0,2018,9,8,3,3,6,3,0,0,1,1,0,0,0,0,4.45442E+20,5.54687E+21,8.23759E+15,5.00716E+16
35133,6,5,33,7,2018,8,13,6,3,3,7,0,0,1,0,1,0,0,0,4.32212E+20,5.58901E+21,8.0452E+15,5.04492E+16
35134,6,4,14,0,2018,9,12,1,3,2,6,0,0,1,0,0,0,0,0,4.54961E+20,5.54696E+21,8.3706E+15,5.00732E+16
35135,6,6,31,7,2018,9,16,2,3,1,7,0,0,1,0,0,0,0,0,5.56279E+20,5.62367E+21,9.79797E+15,5.07621E+16
35136,6,6,34,25,2018,9,11,6,3,3,6,0,0,1,0,0,0,0,0,5.20657E+20,5.66129E+21,9.29503E+15,5.11027E+16
35137,6,4,38,11,2018,9,12,2,3,2,6,0,0,1,0,0,0,1,0,4.90226E+20,5.54538E+21,8.86345E+15,5.00606E+16
35138,6,6,33,17,2018,9,13,2,3,0,1,0,0,0,0,1,0,0,1,5.39133E+20,5.67869E+21,9.56082E+15,5.12582E+16
35139,6,6,33,9,2018,8,8,6,3,9,1,0,0,1,0,0,0,0,0,5.42248E+20,5.69509E+21,9.60739E+15,5.14055E+16
35140,6,4,14,0,2018,9,12,3,3,6,3,0,0,1,1,0,0,0,0,4.45403E+20,5.54753E+21,8.23695E+15,5.00775E+16
35141,6,4,35,19,2018,9,2,7,3,9,1,2,0,1,0,0,0,0,0,4.8767E+20,5.55511E+21,8.82743E+15,5.01481E+16
35142,6,6,31,5,2018,9,6,5,3,8,7,0,0,1,0,0,0,0,0,5.70243E+20,5.59143E+21,9.98983E+15,5.04706E+16
35143,6,4,34,12,2018,9,13,7,3,2,6,0,0,1,0,0,0,0,0,4.70743E+20,5.57E+21,8.58936E+15,5.02814E+16
35144,6,6,32,6,2018,9,7,2,3,8,6,0,0,0,0,1,1,0,0,5.60388E+20,5.63333E+21,9.85782E+15,5.08485E+16
35145,6,4,14,0,2018,8,21,6,3,5,3,2,0,1,0,0,0,0,0,4.43963E+20,5.54584E+21,8.21707E+15,5.00622E+16
35146,6,4,32,1,2018,9,18,2,2,5,3,0,1,0,0,0,0,1,0,4.71645E+20,5.50977E+21,8.60646E+15,4.97398E+16
35147,6,5,32,11,2018,9,18,3,3,8,1,0,0,1,0,0,0,0,1,4.42944E+20,5.62284E+21,8.19113E+15,5.07546E+16
35148,6,4,14,0,2018,8,17,6,3,3,6,0,0,1,0,0,0,1,0,4.4433E+20,5.54634E+21,8.22213E+15,5.00667E+16
35149,6,6,31,12,2018,9,13,7,2,2,6,0,0,1,0,0,0,0,0,5.70818E+20,5.60264E+21,1.00001E+16,5.05714E+16
35150,6,4,32,16,2018,9,7,5,3,4,6,0,0,1,0,1,0,0,0,4.82835E+20,5.52043E+21,8.76129E+15,4.9836E+16
35151,6,6,33,28,2018,9,22,7,3,4,6,2,0,1,0,0,0,0,0,5.14071E+20,5.6845E+21,9.20188E+15,5.13116E+16
35152,6,4,33,12,2018,9,7,3,3,3,6,0,0,1,0,0,0,1,0,4.602E+20,5.53615E+21,8.44493E+15,4.99763E+16
35153,6,4,14,0,2018,8,15,6,3,2,6,0,0,1,0,0,0,0,0,4.46734E+20,5.54694E+21,8.25563E+15,5.00723E+16
35154,6,4,39,2,2018,9,9,4,1,0,7,0,0,0,1,0,1,0,0,4.31912E+20,5.55622E+21,8.04688E+15,5.01543E+16
35155,6,4,12,0,2018,8,21,6,3,3,2,2,1,0,0,0,0,1,0,4.65231E+20,5.54816E+21,8.514E+15,5.00847E+16
35156,6,6,32,14,2018,9,2,2,3,9,7,2,0,0,0,0,1,0,0,5.41134E+20,5.63897E+21,9.58496E+15,5.09009E+16
35157,6,6,34,5,2018,9,12,3,3,1,1,0,0,1,0,0,0,0,0,5.19405E+20,5.66315E+21,9.27726E+15,5.11195E+16
35158,6,4,12,0,2018,8,5,6,3,8,1,2,0,0,0,1,0,0,0,4.8044E+20,5.5545E+21,8.72626E+15,5.01424E+16
35159,6,6,32,4,2018,9,20,7,3,7,7,2,0,0,0,1,0,0,0,5.37749E+20,5.62473E+21,9.53536E+15,5.07731E+16
35160,6,6,31,20,2018,9,16,2,3,2,6,0,0,1,0,0,0,0,1,5.50029E+20,5.60267E+21,9.70652E+15,5.05738E+16
35161,6,4,31,6,2018,9,10,6,3,2,6,0,0,1,0,0,0,0,0,4.67465E+20,5.50533E+21,8.54883E+15,4.96996E+16
35162,6,4,14,0,2018,9,15,2,3,8,6,0,0,1,0,0,0,0,0,4.46449E+20,5.54837E+21,8.25145E+15,5.00852E+16
35163,6,4,12,0,2018,8,8,6,3,6,4,0,0,0,1,0,0,1,0,4.79448E+20,5.55108E+21,8.71256E+15,5.01116E+16
35164,6,6,11,0,2018,9,8,3,3,3,6,0,0,1,0,1,0,0,0,5.31473E+20,5.68579E+21,9.45167E+15,5.13225E+16
35165,6,4,32,23,2018,9,4,7,3,3,6,2,0,1,0,0,1,0,0,4.72224E+20,5.53115E+21,8.61298E+15,4.99321E+16
35166,6,4,12,0,2018,9,17,5,3,3,6,0,0,1,0,0,1,0,0,4.70889E+20,5.55408E+21,8.59263E+15,5.01383E+16
35167,6,4,12,0,2018,8,11,6,3,5,2,0,0,1,0,1,0,0,0,4.7554E+20,5.54991E+21,8.65799E+15,5.01009E+16
35168,6,4,14,0,2018,9,12,2,3,5,3,0,0,1,0,0,0,0,0,4.47936E+20,5.5476E+21,8.27234E+15,5.00784E+16
35169,6,5,34,21,2018,9,6,4,3,8,1,0,0,0,0,0,0,1,0,4.82964E+20,5.63703E+21,8.75782E+15,5.08847E+16
35170,6,6,34,17,2018,8,10,6,3,9,1,0,0,0,0,0,0,1,0,5.30316E+20,5.63894E+21,9.43113E+15,5.09013E+16
35171,6,6,35,11,2018,9,14,1,3,5,3,0,1,1,0,0,0,0,0,4.84226E+20,5.65645E+21,8.77491E+15,5.10594E+16
35172,6,4,32,14,2018,9,8,3,3,2,6,0,0,1,0,0,1,0,0,4.79471E+20,5.51932E+21,8.71457E+15,4.9826E+16
35173,6,4,40,24,2018,9,19,4,3,8,1,0,0,1,0,0,0,0,0,4.86303E+20,5.58158E+21,8.80733E+15,5.03861E+16
35174,6,6,35,9,2018,8,13,6,3,1,7,0,0,1,0,0,0,0,0,5.08675E+20,5.66749E+21,9.12405E+15,5.11588E+16
35175,6,6,11,0,2018,9,16,1,3,0,7,0,0,0,0,1,0,0,0,5.34601E+20,5.68467E+21,9.49645E+15,5.13123E+16
35176,6,4,35,12,2018,9,19,3,3,5,7,0,0,1,0,0,0,0,0,5.09675E+20,5.56125E+21,9.13557E+15,5.02034E+16
35177,6,6,35,8,2018,8,20,6,3,4,6,2,0,1,0,0,0,1,0,5.05322E+20,5.70449E+21,9.07666E+15,5.14915E+16
35178,6,4,37,16,2018,9,17,7,2,3,6,0,0,1,0,0,0,0,0,4.9808E+20,5.48851E+21,8.97346E+15,4.95492E+16
35179,6,4,14,0,2018,9,19,5,3,5,3,0,1,1,0,0,0,0,1,4.45488E+20,5.54425E+21,8.2386E+15,5.0048E+16
35180,6,4,12,0,2018,9,13,1,3,8,1,0,0,1,0,0,0,0,0,4.72552E+20,5.55149E+21,8.6161E+15,5.0115E+16
35181,6,4,14,0,2018,9,16,3,3,0,7,0,0,1,0,1,0,0,0,4.43768E+20,5.54601E+21,8.21433E+15,5.00638E+16
35182,6,4,35,5,2018,9,13,3,3,2,6,0,0,1,0,0,0,0,0,5.21192E+20,5.57262E+21,9.29759E+15,5.03054E+16
35183,6,4,12,0,2018,9,5,2,3,5,3,2,1,1,0,0,0,0,1,4.7341E+20,5.54998E+21,8.6282E+15,5.01015E+16
35184,6,6,35,2,2018,8,13,6,3,2,6,0,0,1,0,1,0,0,0,5.0102E+20,5.69192E+21,9.01466E+15,5.13786E+16
35185,6,4,39,13,2018,9,11,3,3,2,1,0,0,1,0,0,0,0,0,4.23408E+20,5.53694E+21,7.93172E+15,4.99799E+16
35186,6,4,14,0,2018,9,8,6,3,5,2,0,1,0,0,0,0,1,0,4.45353E+20,5.54782E+21,8.23621E+15,5.00801E+16
35187,6,5,31,5,2018,9,13,5,2,2,6,0,0,1,0,0,0,0,0,4.79009E+20,5.6022E+21,8.70357E+15,5.05714E+16
35188,6,4,38,2,2018,9,13,6,3,5,2,0,0,1,0,1,0,0,1,4.76143E+20,5.54094E+21,8.66698E+15,5.00203E+16
35189,6,6,34,13,2018,8,19,6,3,2,6,0,0,1,0,1,0,0,0,5.34439E+20,5.65952E+21,9.49171E+15,5.10862E+16
35190,6,4,37,12,2018,9,19,2,3,2,6,0,0,1,0,0,0,0,0,4.94945E+20,5.50021E+21,8.92997E+15,4.96544E+16
35191,6,6,33,3,2018,9,13,4,3,3,6,0,0,1,0,0,1,0,0,5.29742E+20,5.6754E+21,9.42596E+15,5.12292E+16
35192,6,6,32,3,2018,8,9,6,2,8,1,0,0,0,0,0,0,1,0,5.54929E+20,5.64649E+21,9.78225E+15,5.09673E+16
35193,6,4,34,6,2018,9,17,1,2,5,2,0,1,1,0,0,0,0,0,4.67337E+20,5.55898E+21,8.54252E+15,5.01821E+16
35194,6,6,33,3,2018,9,12,2,3,7,1,0,0,0,0,1,0,0,1,5.2804E+20,5.68101E+21,9.40203E+15,5.12798E+16
35195,6,4,33,6,2018,9,8,2,2,5,3,0,1,1,0,0,0,0,0,4.62675E+20,5.5277E+21,8.48026E+15,4.99005E+16
35196,6,4,35,14,2018,9,6,3,2,2,1,1,0,1,0,0,0,0,0,4.94979E+20,5.55281E+21,8.92975E+15,5.01275E+16
35197,6,4,35,25,2018,8,15,6,3,2,6,0,0,1,0,0,0,0,0,5.37205E+20,5.57796E+21,9.52297E+15,5.03525E+16
35198,6,4,35,8,2018,9,16,7,2,2,6,0,0,0,0,1,0,0,0,5.35576E+20,5.55258E+21,9.4977E+15,5.01244E+16
35199,6,6,34,13,2018,9,18,5,3,9,1,1,0,1,0,0,0,0,1,5.38272E+20,5.6608E+21,9.54656E+15,5.10974E+16
35200,6,4,13,0,2018,9,10,7,3,5,2,0,0,1,0,0,0,0,0,4.81958E+20,5.54837E+21,8.7478E+15,5.00873E+16
35201,6,6,31,8,2018,9,9,3,2,5,3,0,1,1,0,0,0,0,0,5.40694E+20,5.58602E+21,9.57289E+15,5.04248E+16
35202,6,5,32,7,2018,9,18,2,3,8,1,0,0,0,0,1,0,0,1,4.39642E+20,5.60846E+21,8.14669E+15,5.06249E+16
35203,6,4,39,4,2018,8,15,6,3,5,3,0,0,1,0,0,0,0,0,4.26663E+20,5.5378E+21,7.97694E+15,4.9988E+16
35204,6,4,39,12,2018,8,12,6,2,5,3,0,0,0,0,1,0,1,0,4.28471E+20,5.53832E+21,8.00207E+15,4.9993E+16
35205,6,4,39,15,2018,9,13,7,2,0,2,0,1,1,0,0,0,0,0,4.39199E+20,5.55765E+21,8.14864E+15,5.0168E+16
35206,6,4,12,0,2018,9,20,5,3,2,6,2,0,1,0,0,0,1,0,4.79056E+20,5.55496E+21,8.70687E+15,5.01465E+16
35207,6,6,35,15,2018,9,11,7,3,5,2,0,0,1,0,0,0,0,0,4.90811E+20,5.68223E+21,8.86822E+15,5.12913E+16
35208,6,4,32,10,2018,9,8,3,3,2,6,0,0,1,0,0,0,0,0,4.88927E+20,5.52604E+21,8.84586E+15,4.98867E+16
35209,6,6,35,20,2018,9,8,2,3,9,1,0,0,1,0,0,0,0,1,5.09403E+20,5.69549E+21,9.1352E+15,5.14105E+16
35210,6,4,34,6,2018,8,15,6,3,2,6,0,0,1,0,0,0,0,0,4.66354E+20,5.56069E+21,8.52859E+15,5.01974E+16
35211,6,4,34,9,2018,9,14,3,3,5,2,0,0,1,0,1,0,0,0,4.61709E+20,5.57058E+21,8.46251E+15,5.02861E+16
35212,6,4,37,13,2018,9,11,6,3,8,1,0,0,0,0,0,1,0,0,4.93837E+20,5.50697E+21,8.91451E+15,4.97152E+16
35213,6,4,14,0,2018,9,13,4,3,2,6,0,0,1,0,0,0,0,0,4.48157E+20,5.5462E+21,8.27562E+15,5.00658E+16
35214,6,4,37,9,2018,9,0,6,2,8,1,2,0,1,0,0,0,0,1,4.99583E+20,5.51634E+21,8.9942E+15,4.97996E+16
35215,6,4,31,17,2018,8,18,6,3,5,2,0,0,1,0,0,0,0,0,4.83429E+20,5.49208E+21,8.77077E+15,4.95811E+16
35216,6,4,34,7,2018,9,22,2,2,8,1,2,0,1,0,0,0,0,0,4.66056E+20,5.57397E+21,8.52322E+15,5.03168E+16
35217,6,4,12,0,2018,9,15,4,3,2,6,0,0,1,0,0,0,0,0,4.71744E+20,5.5564E+21,8.60442E+15,5.01592E+16
35218,6,4,35,12,2018,8,16,6,3,2,2,0,0,1,0,0,0,0,0,5.05828E+20,5.56172E+21,9.08167E+15,5.02076E+16
35219,6,4,35,9,2018,9,16,1,2,9,1,0,0,0,0,1,0,0,0,5.10597E+20,5.55398E+21,9.14829E+15,5.01379E+16
35220,6,4,12,0,2018,9,15,2,3,2,6,0,0,1,0,0,0,0,0,4.79862E+20,5.54583E+21,8.71863E+15,5.00644E+16
35221,6,6,31,23,2018,9,17,6,3,8,1,0,0,1,0,0,0,0,1,5.69401E+20,5.6136E+21,9.9821E+15,5.06701E+16
35222,6,4,38,9,2018,9,22,3,3,9,6,2,0,1,0,0,0,1,0,4.73531E+20,5.54464E+21,8.63025E+15,5.00534E+16
35223,6,4,40,9,2018,8,1,6,3,8,1,2,0,1,0,0,0,0,0,5.13295E+20,5.58479E+21,9.18713E+15,5.0415E+16
35224,6,4,33,12,2018,9,3,7,3,5,3,2,0,1,0,0,0,0,0,4.58624E+20,5.53756E+21,8.42279E+15,4.99889E+16
35225,6,4,39,2,2018,9,7,5,3,2,6,0,0,1,0,0,0,0,1,4.33625E+20,5.55192E+21,8.07161E+15,5.01158E+16
35226,6,6,31,6,2018,9,13,2,2,2,6,0,0,1,0,0,0,1,0,5.50733E+20,5.59307E+21,9.71516E+15,5.04874E+16
35227,6,4,37,13,2018,9,17,7,3,0,1,0,0,0,0,1,0,0,0,4.9036E+20,5.50096E+21,8.86642E+15,4.96611E+16
35228,6,5,32,23,2018,9,15,3,2,2,6,0,0,1,0,0,1,0,0,4.68001E+20,5.60219E+21,8.54813E+15,5.05707E+16
35229,6,4,32,2,2018,8,8,6,3,8,1,0,0,1,0,0,0,0,0,4.97564E+20,5.53246E+21,8.96605E+15,4.99445E+16
35230,6,6,32,18,2018,9,11,4,3,2,2,0,0,1,0,1,0,0,0,5.50441E+20,5.65013E+21,9.71886E+15,5.10005E+16
35231,6,5,34,15,2018,9,7,6,3,2,6,0,0,1,0,1,0,0,0,4.79348E+20,5.6434E+21,8.70606E+15,5.09418E+16
35232,6,4,32,19,2018,8,11,6,3,3,2,0,1,1,0,0,0,0,0,4.85486E+20,5.52128E+21,8.79814E+15,4.98438E+16
35233,6,4,33,12,2018,9,16,2,2,3,2,0,1,0,0,0,0,0,0,4.59824E+20,5.53579E+21,8.43972E+15,4.99731E+16
35234,6,4,12,0,2018,9,11,2,3,5,3,0,0,1,0,0,1,0,0,4.6667E+20,5.55159E+21,8.53381E+15,5.01157E+16
35235,6,4,12,0,2018,9,6,3,2,5,3,1,0,1,0,1,0,0,0,4.77545E+20,5.55331E+21,8.68582E+15,5.01316E+16
35236,6,4,32,16,2018,8,10,6,3,2,6,0,0,1,0,0,1,0,0,4.80385E+20,5.51952E+21,8.72727E+15,4.98278E+16
35237,6,4,12,0,2018,9,9,4,3,3,6,0,0,1,0,0,0,1,0,4.80324E+20,5.55153E+21,8.72479E+15,5.01157E+16
35238,6,4,31,5,2018,9,13,6,3,4,7,0,0,1,0,0,0,0,0,4.60238E+20,5.50002E+21,8.44916E+15,4.96514E+16
35239,6,4,33,6,2018,8,13,6,3,2,6,0,0,1,0,1,0,0,0,4.63592E+20,5.52922E+21,8.49289E+15,4.99142E+16
35240,6,4,31,17,2018,9,18,2,3,8,7,0,0,0,0,1,0,0,0,4.82924E+20,5.4937E+21,8.76371E+15,4.95956E+16
35241,6,6,11,0,2018,9,12,3,3,2,6,0,0,1,0,0,0,0,0,5.36066E+20,5.68494E+21,9.51749E+15,5.13146E+16
35242,6,6,31,15,2018,8,13,6,3,2,2,0,0,1,0,0,0,0,0,5.49097E+20,5.61215E+21,9.69461E+15,5.06592E+16
35243,6,5,34,14,2018,9,16,1,3,4,6,0,0,1,0,0,0,0,0,4.80956E+20,5.62956E+21,8.72966E+15,5.08174E+16
35244,6,4,12,0,2018,9,17,2,3,2,6,0,0,1,0,0,0,0,0,4.66261E+20,5.55136E+21,8.52811E+15,5.01136E+16
35245,6,5,31,9,2018,9,15,6,3,7,7,0,0,0,0,1,0,0,0,4.72633E+20,5.59394E+21,8.61414E+15,5.04968E+16
35246,6,5,31,3,2018,9,16,2,2,5,3,0,0,0,0,1,0,1,0,4.85744E+20,5.60531E+21,8.79856E+15,5.05995E+16
35247,6,6,31,2,2018,8,16,6,3,9,1,0,0,0,0,0,0,1,0,5.4746E+20,5.6167E+21,9.67204E+15,5.07002E+16
35248,6,5,31,6,2018,9,19,7,3,4,6,1,0,1,0,0,0,0,0,4.9405E+20,5.60377E+21,8.91595E+15,5.05858E+16
35249,6,5,34,7,2018,9,16,5,2,4,1,0,0,1,0,0,0,0,1,4.67424E+20,5.63285E+21,8.53728E+15,5.08465E+16
35250,6,6,32,3,2018,9,12,7,3,5,3,0,0,1,0,1,0,0,0,5.5642E+20,5.6484E+21,9.80379E+15,5.09844E+16
35251,6,4,40,23,2018,9,17,3,3,2,6,0,0,1,0,0,0,0,0,4.77753E+20,5.57337E+21,8.68755E+15,5.0312E+16
35252,6,6,31,9,2018,8,14,6,3,5,2,0,1,1,0,0,0,0,0,5.49201E+20,5.60027E+21,9.69452E+15,5.05523E+16
35253,6,4,34,4,2018,9,18,4,2,6,4,0,0,1,1,0,0,0,0,4.61548E+20,5.58154E+21,8.45913E+15,5.03847E+16
35254,6,6,31,9,2018,8,9,6,3,0,1,0,0,0,0,1,0,0,0,5.48487E+20,5.59681E+21,9.68398E+15,5.05213E+16
35255,6,4,12,0,2018,9,22,2,3,0,7,2,0,1,0,0,1,0,0,4.71756E+20,5.55649E+21,8.60459E+15,5.01599E+16
35256,6,5,31,16,2018,9,20,2,3,9,1,1,0,1,0,0,0,0,1,4.86827E+20,5.60496E+21,8.81388E+15,5.05964E+16
35257,6,5,33,17,2018,9,16,3,3,5,2,0,0,1,0,0,0,0,0,4.53681E+20,5.59272E+21,8.3471E+15,5.04847E+16
35258,6,5,32,22,2018,8,18,6,3,9,1,0,0,0,0,1,0,0,0,4.63164E+20,5.58378E+21,8.48165E+15,5.04049E+16
35259,6,6,11,0,2018,9,11,7,3,2,6,0,0,1,0,1,0,0,0,5.32675E+20,5.68408E+21,9.46876E+15,5.13071E+16
35260,6,4,40,15,2018,9,6,2,2,3,6,0,0,1,0,0,1,0,0,4.80102E+20,5.58994E+21,8.71967E+15,5.04612E+16
35261,6,5,31,16,2018,9,10,6,3,2,6,0,0,1,0,0,0,0,0,4.86871E+20,5.60505E+21,8.8145E+15,5.05972E+16
35262,6,4,12,0,2018,9,20,2,3,0,6,2,0,1,0,0,0,1,0,4.75488E+20,5.55354E+21,8.65702E+15,5.01336E+16
35263,6,6,31,9,2018,8,16,6,3,2,6,0,0,1,0,0,0,0,0,5.49072E+20,5.60445E+21,9.69324E+15,5.05899E+16
35264,6,4,39,2,2018,9,19,3,2,9,1,0,0,0,0,1,0,0,0,4.32609E+20,5.55438E+21,8.05695E+15,5.01378E+16
35265,6,6,36,3,2018,9,7,6,3,0,1,0,0,0,0,1,0,0,1,5.72964E+20,5.67163E+21,1.00441E+16,5.11914E+16
35266,6,4,12,0,2018,9,8,5,3,2,6,0,0,1,0,0,0,0,0,4.71245E+20,5.55143E+21,8.59781E+15,5.01144E+16
35267,6,6,36,10,2018,9,17,6,3,2,2,0,0,1,0,0,0,0,0,5.73721E+20,5.66228E+21,1.00531E+16,5.11072E+16
35268,6,4,40,6,2018,9,20,1,2,2,6,1,0,1,0,0,1,0,0,4.92071E+20,5.58394E+21,8.88841E+15,5.04074E+16
35269,6,6,34,11,2018,9,21,6,3,2,6,2,0,1,0,0,0,1,0,5.33818E+20,5.64596E+21,9.48158E+15,5.09643E+16
35270,6,6,11,0,2018,9,13,2,3,5,3,0,0,1,0,0,0,1,1,5.33847E+20,5.6839E+21,9.48555E+15,5.13054E+16
35271,6,5,35,13,2018,8,15,6,3,2,6,0,0,1,0,0,0,0,0,5.01426E+20,5.6124E+21,9.02018E+15,5.06635E+16
35272,6,4,12,0,2018,9,17,3,3,3,6,0,0,1,0,0,0,0,0,4.80711E+20,5.55196E+21,8.73019E+15,5.01196E+16
35273,6,6,31,16,2018,9,7,7,3,3,7,0,0,1,0,0,1,0,0,5.52203E+20,5.58133E+21,9.73424E+15,5.03817E+16
35274,6,5,32,1,2018,9,14,5,1,6,7,0,0,0,0,0,0,1,0,4.59183E+20,5.60541E+21,8.42326E+15,5.05992E+16
35275,6,4,38,9,2018,8,15,6,3,2,6,0,0,1,0,0,0,0,0,4.74901E+20,5.54546E+21,8.64934E+15,5.00609E+16
35276,6,5,35,16,2018,9,8,2,3,8,1,0,0,1,0,0,0,0,0,5.10639E+20,5.59742E+21,9.15011E+15,5.05286E+16