OBJECTID_1,ULAND,UREGBEZ,UKREIS,UGEMEINDE,UJAHR,UMONAT,USTUNDE,UWOCHENTAG,UKATEGORIE,UART,UTYP1,ULICHTVERH,IstRad,IstPKW,IstFuss,IstKrad,IstGkfz,IstSonstig,STRZUSTAND,LINREFX,LINREFY,XGCSWGS84,YGCSWGS84
35277,6,4,12,0,2018,8,14,6,2,3,6,0,0,1,0,1,0,0,0,4.69091E+20,5.553E+21,8.56756E+15,5.01284E+16
35278,6,5,35,9,2018,9,14,4,3,8,1,0,0,0,0,1,0,0,0,5.01308E+20,5.62066E+21,9.01853E+15,5.07377E+16
35279,6,4,39,11,2018,8,5,6,3,3,6,1,0,1,0,0,0,0,0,4.50432E+20,5.55628E+21,8.3061E+15,5.01566E+16
35280,6,4,12,0,2018,9,9,1,3,5,3,0,1,1,0,0,0,0,0,4.78039E+20,5.55055E+21,8.69289E+15,5.01068E+16
35281,6,5,31,12,2018,9,21,2,3,2,6,2,0,1,0,0,0,0,0,4.74911E+20,5.5968E+21,8.64607E+15,5.05226E+16
35282,6,4,32,11,2018,9,19,3,2,3,6,0,1,0,0,1,0,0,0,4.87944E+20,5.52573E+21,8.83219E+15,4.98839E+16
35283,6,5,31,5,2018,8,12,6,3,2,6,0,0,1,0,0,0,0,0,4.79189E+20,5.60261E+21,8.70609E+15,5.0575E+16
35284,6,4,37,13,2018,9,18,7,2,9,1,0,0,0,0,1,0,0,0,4.92208E+20,5.50692E+21,8.89191E+15,4.97147E+16
35285,6,4,14,0,2018,9,23,5,3,2,6,2,0,1,0,0,0,0,0,4.46438E+20,5.54602E+21,8.25164E+15,5.0064E+16
35286,6,4,32,3,2018,9,13,1,1,8,1,0,0,0,0,1,0,0,0,4.71054E+20,5.51222E+21,8.59808E+15,4.97618E+16
35287,6,4,14,0,2018,9,17,3,3,2,6,0,0,1,0,0,0,1,0,4.4636E+20,5.54625E+21,8.2505E+15,5.00661E+16
35288,6,4,40,19,2018,9,16,3,2,8,7,0,0,1,0,0,0,0,0,5.0321E+20,5.57565E+21,9.0451E+15,5.03329E+16
35289,6,6,34,10,2018,9,13,2,3,4,6,0,0,1,0,0,0,0,1,5.11889E+20,5.64497E+21,9.16927E+15,5.09562E+16
35290,6,6,36,14,2018,8,9,5,3,5,3,0,0,1,0,0,0,0,0,5.68995E+20,5.66753E+21,9.98656E+15,5.11551E+16
35291,6,4,34,13,2018,9,17,3,3,5,2,0,0,1,0,0,0,1,0,4.59397E+20,5.57297E+21,8.42981E+15,5.03074E+16
35292,6,4,12,0,2018,9,16,6,3,2,6,0,0,1,0,0,0,0,0,4.75798E+20,5.54869E+21,8.66166E+15,5.009E+16
35293,6,5,33,4,2018,9,7,4,3,5,3,0,0,1,0,0,0,0,1,4.3083E+20,5.5939E+21,8.02483E+15,5.0493E+16
35294,6,5,33,18,2018,9,23,6,2,9,1,2,0,1,0,0,0,0,0,4.55911E+20,5.58691E+21,8.37921E+15,5.04325E+16
35295,6,6,35,21,2018,8,7,5,3,5,2,0,0,1,0,0,0,1,0,4.99873E+20,5.67795E+21,8.99817E+15,5.12529E+16
35296,6,6,11,0,2018,9,19,2,3,5,2,1,0,1,0,0,0,0,0,5.32805E+20,5.68193E+21,9.47043E+15,5.12878E+16
35297,6,4,12,0,2018,9,11,4,3,9,1,0,0,1,0,0,0,0,0,4.79156E+20,5.55417E+21,8.70831E+15,5.01394E+16
35298,6,6,32,2,2018,8,0,5,2,9,1,2,0,1,0,0,0,0,1,5.50034E+20,5.63564E+21,9.71107E+15,5.08703E+16
35299,6,4,31,16,2018,9,13,1,2,5,2,0,0,1,0,1,0,0,0,4.70016E+20,5.50016E+21,8.5846E+15,4.96532E+16
35300,6,5,33,9,2018,8,9,5,3,3,6,0,0,1,0,0,0,0,0,4.36029E+20,5.58396E+21,8.09981E+15,5.04042E+16
35301,6,4,13,0,2018,9,18,2,3,5,3,0,1,1,0,0,0,0,0,4.85121E+20,5.55067E+21,8.79192E+15,5.01081E+16
35302,6,4,35,17,2018,9,7,4,2,3,7,0,0,1,0,0,0,1,0,5.00831E+20,5.55913E+21,9.01164E+15,5.01844E+16
35303,6,6,33,15,2018,8,19,5,2,5,3,0,1,1,0,0,0,0,0,5.41077E+20,5.68165E+21,9.58902E+15,5.12847E+16
35304,6,4,39,5,2018,9,17,1,3,2,6,0,0,1,0,1,0,0,0,4.31114E+20,5.5626E+21,8.03455E+15,5.02116E+16
35305,6,4,35,7,2018,9,2,1,3,0,1,2,1,0,0,0,0,0,0,4.97955E+20,5.55798E+21,8.97136E+15,5.0174E+16
35306,6,4,33,12,2018,9,17,3,3,2,6,0,0,1,0,0,0,0,0,4.58759E+20,5.53362E+21,8.4251E+15,4.99535E+16
35307,6,6,11,0,2018,8,10,5,3,2,6,0,0,1,0,0,0,0,0,5.32365E+20,5.6851E+21,9.46441E+15,5.13163E+16
35308,6,4,38,8,2018,9,11,7,3,0,7,0,0,1,0,0,0,0,0,4.86558E+20,5.55163E+21,8.81198E+15,5.01168E+16
35309,6,4,37,13,2018,9,13,5,3,0,1,0,0,0,0,1,0,0,1,4.88503E+20,5.50667E+21,8.84053E+15,4.97125E+16
35310,6,4,14,0,2018,9,17,7,3,2,6,0,0,1,0,0,0,0,0,4.43069E+20,5.54459E+21,8.20478E+15,5.00509E+16
35311,6,5,34,20,2018,9,9,3,3,2,6,0,0,1,0,0,0,1,0,4.81713E+20,5.62228E+21,8.74077E+15,5.0752E+16
35312,6,4,38,7,2018,9,22,2,3,2,6,2,0,1,0,0,0,0,1,5.02531E+20,5.53921E+21,9.03533E+15,5.00052E+16
35313,6,4,14,0,2018,8,16,5,3,6,4,0,0,1,1,0,0,0,0,4.4556E+20,5.54756E+21,8.23915E+15,5.00778E+16
35314,6,4,34,8,2018,9,6,3,3,2,6,1,0,1,0,0,0,0,0,4.70213E+20,5.56361E+21,8.58242E+15,5.02239E+16
35315,6,6,11,0,2018,9,19,6,3,8,1,1,0,0,0,1,0,0,0,5.26173E+20,5.6886E+21,9.37582E+15,5.13481E+16
35316,6,4,12,0,2018,9,11,4,3,6,2,0,0,1,1,0,0,0,0,4.77444E+20,5.55035E+21,8.68458E+15,5.0105E+16
35317,6,4,32,15,2018,9,17,6,3,2,6,0,0,1,0,0,0,0,0,4.91852E+20,5.52939E+21,8.8865E+15,4.99169E+16
35318,6,4,14,0,2018,8,16,5,3,5,3,0,1,1,0,0,0,0,0,4.45347E+20,5.5479E+21,8.23612E+15,5.00808E+16
35319,6,4,34,8,2018,9,7,2,3,5,3,0,0,0,0,1,1,0,0,4.71148E+20,5.5598E+21,8.59582E+15,5.01897E+16
35320,6,4,35,6,2018,9,20,3,3,9,1,2,0,1,0,0,0,0,1,4.93491E+20,5.56149E+21,8.90879E+15,5.02056E+16
35321,6,4,13,0,2018,8,16,5,3,2,6,0,0,1,0,0,0,0,0,4.84846E+20,5.55051E+21,8.78808E+15,5.01067E+16
35322,6,4,32,9,2018,9,11,1,2,1,5,0,0,1,0,0,0,0,0,4.87162E+20,5.51559E+21,8.82163E+15,4.97927E+16
35323,6,6,36,3,2018,9,6,1,3,9,1,2,0,1,0,0,0,0,0,5.71016E+20,5.67237E+21,1.00164E+16,5.11983E+16
35324,6,6,31,9,2018,9,14,6,3,5,3,0,0,1,0,1,0,0,1,5.48154E+20,5.60043E+21,9.67975E+15,5.05539E+16
35325,6,4,32,18,2018,9,16,3,3,8,1,0,0,0,0,1,0,0,0,4.68452E+20,5.51519E+21,8.56172E+15,4.97883E+16
35326,6,4,12,0,2018,8,13,5,3,5,3,0,0,0,0,0,0,1,0,4.67119E+20,5.5498E+21,8.54025E+15,5.00995E+16
35327,6,5,34,12,2018,9,10,7,3,8,1,0,0,0,0,1,0,0,0,4.75016E+20,5.63692E+21,8.64484E+15,5.08834E+16
35328,6,4,35,16,2018,9,18,5,3,8,1,0,0,1,0,0,0,0,1,5.31686E+20,5.56138E+21,9.444E+15,5.02038E+16
35329,6,6,36,6,2018,9,3,7,3,8,1,2,0,1,0,0,0,0,0,5.53632E+20,5.67093E+21,9.76741E+15,5.11872E+16
35330,6,6,32,19,2018,9,16,1,3,8,1,0,0,1,0,0,0,0,1,5.58138E+20,5.63272E+21,9.82577E+15,5.08433E+16
35331,6,5,31,11,2018,9,14,3,3,2,6,0,0,1,0,1,0,0,0,4.86289E+20,5.59845E+21,8.80651E+15,5.05379E+16
35332,6,4,12,0,2018,8,10,5,3,4,6,0,0,0,0,1,0,1,0,4.7467E+20,5.55137E+21,8.64573E+15,5.0114E+16
35333,6,5,32,19,2018,9,2,7,2,0,1,2,0,0,0,1,0,0,0,4.59134E+20,5.61854E+21,8.42112E+15,5.07173E+16
35334,6,6,33,13,2018,9,18,5,3,8,1,1,1,0,0,0,0,0,0,5.25713E+20,5.70494E+21,9.3704E+15,5.1495E+16
35335,6,4,12,0,2018,9,21,7,2,5,3,2,0,1,0,1,0,0,0,4.69205E+20,5.55239E+21,8.56921E+15,5.01229E+16
35336,6,4,12,0,2018,9,16,3,3,6,6,0,0,0,1,0,0,1,0,4.82014E+20,5.55425E+21,8.74831E+15,5.01402E+16
35337,6,4,12,0,2018,8,0,5,3,2,6,2,0,1,0,0,0,0,1,4.76847E+20,5.55003E+21,8.67625E+15,5.01021E+16
35338,6,6,34,26,2018,9,15,4,2,4,6,0,0,1,0,0,0,1,0,5.13189E+20,5.63255E+21,9.18734E+15,5.08445E+16
35339,6,5,35,5,2018,9,16,6,2,0,1,0,0,0,0,1,0,0,0,5.04789E+20,5.61504E+21,9.0678E+15,5.06872E+16
35340,6,4,37,5,2018,8,18,5,2,4,6,0,0,1,0,1,0,0,0,4.95374E+20,5.5069E+21,8.93583E+15,4.97146E+16
35341,6,5,32,11,2018,9,11,2,3,6,4,0,0,1,1,0,0,0,0,4.43695E+20,5.62142E+21,8.202E+15,5.07418E+16
35342,6,5,35,11,2018,9,11,1,2,0,7,0,0,0,0,1,0,0,0,5.28721E+20,5.61006E+21,9.40619E+15,5.06417E+16
35343,6,4,14,0,2018,9,8,3,3,5,3,0,1,1,0,0,0,0,0,4.48502E+20,5.53984E+21,8.2813E+15,5.00087E+16
35344,6,6,34,3,2018,8,10,5,2,0,7,0,1,1,0,0,0,0,0,5.29611E+20,5.66374E+21,9.42313E+15,5.11244E+16
35345,6,4,14,0,2018,9,14,1,3,3,6,0,0,1,0,1,0,0,0,4.49526E+20,5.54437E+21,8.29499E+15,5.00495E+16
35346,6,4,36,12,2018,9,20,1,3,0,1,0,0,0,0,1,0,0,0,4.66E+20,5.55245E+21,8.52437E+15,5.01233E+16
35347,6,4,35,10,2018,9,23,6,3,9,1,2,0,1,0,0,0,0,0,5.13006E+20,5.56004E+21,9.1822E+15,5.01924E+16
35348,6,4,31,21,2018,9,12,2,3,5,3,0,0,1,0,0,0,0,0,4.85571E+20,5.49025E+21,8.80046E+15,4.95647E+16
35349,6,6,35,21,2018,9,17,2,2,2,1,0,0,1,0,0,0,0,1,5.0029E+20,5.67713E+21,9.00416E+15,5.12455E+16
35350,6,4,39,15,2018,8,16,5,3,5,3,0,0,1,0,0,0,0,0,4.41674E+20,5.55628E+21,8.1835E+15,5.01559E+16
35351,6,4,38,11,2018,9,19,7,2,9,1,1,0,0,0,1,0,0,0,4.92682E+20,5.53939E+21,8.89787E+15,5.00068E+16
35352,6,5,34,11,2018,9,6,5,3,9,1,0,0,1,0,0,0,0,0,4.95378E+20,5.63374E+21,8.93434E+15,5.08553E+16
35353,6,4,38,11,2018,9,16,7,3,2,6,0,0,1,0,0,0,0,0,4.92403E+20,5.54042E+21,8.89396E+15,5.0016E+16
35354,6,4,35,6,2018,9,14,2,3,5,3,0,0,1,0,0,0,0,0,4.96566E+20,5.56047E+21,8.95189E+15,5.01964E+16
35355,6,4,39,15,2018,8,17,5,3,1,6,0,0,1,0,0,0,0,0,4.41307E+20,5.55576E+21,8.17845E+15,5.01511E+16
35356,6,5,32,12,2018,9,17,4,3,2,2,0,0,1,0,0,0,0,0,4.50963E+20,5.61311E+21,8.3061E+15,5.06678E+16
35357,6,4,39,15,2018,8,16,5,3,2,2,0,0,1,0,0,0,0,0,4.43981E+20,5.55812E+21,8.21552E+15,5.01727E+16
35358,6,5,35,12,2018,9,12,1,2,5,3,0,0,1,0,0,0,0,0,5.2395E+20,5.60791E+21,9.33858E+15,5.06226E+16
35359,6,4,12,0,2018,9,13,1,3,2,6,0,0,1,0,0,0,0,0,4.69274E+20,5.54883E+21,8.57046E+15,5.00909E+16
35360,6,4,36,6,2018,9,9,3,3,2,6,0,0,1,0,0,0,1,0,4.57929E+20,5.54352E+21,8.41245E+15,5.00425E+16
35361,6,5,33,12,2018,8,20,5,3,8,1,1,0,0,0,1,0,0,0,4.41905E+20,5.59754E+21,8.18038E+15,5.05269E+16
35362,6,6,35,10,2018,9,10,4,3,4,1,0,0,1,0,0,0,0,0,4.95445E+20,5.66227E+21,8.93493E+15,5.11119E+16
35363,6,5,33,10,2018,8,17,5,3,8,6,0,0,0,0,1,0,0,0,4.4642E+20,5.60085E+21,8.2436E+15,5.05571E+16
35364,6,4,35,14,2018,9,15,2,3,3,6,0,0,1,0,0,1,0,0,4.93638E+20,5.55404E+21,8.91097E+15,5.01385E+16
35365,6,6,34,25,2018,9,12,1,3,5,2,0,0,1,0,1,0,0,0,5.22083E+20,5.66238E+21,9.31547E+15,5.11124E+16
35366,6,4,11,0,2018,9,17,3,3,2,6,0,0,1,0,0,0,0,0,4.77912E+20,5.52732E+21,8.69244E+15,4.98978E+16
35367,6,4,31,16,2018,8,20,5,3,7,7,2,0,0,0,1,0,0,0,4.68958E+20,5.49821E+21,8.5701E+15,4.96356E+16
35368,6,6,36,1,2018,9,14,7,3,0,7,0,0,0,0,1,0,1,1,5.67556E+20,5.68052E+21,9.96844E+15,5.1272E+16
35369,6,4,38,2,2018,9,15,1,2,5,3,0,0,1,0,0,0,1,0,4.79514E+20,5.54228E+21,8.71396E+15,5.00325E+16
35370,6,4,31,16,2018,9,18,6,3,9,1,0,0,0,0,0,0,1,0,4.67941E+20,5.50096E+21,8.55578E+15,4.96603E+16
35371,6,4,14,0,2018,9,17,2,3,5,3,0,1,1,0,0,0,0,0,4.4604E+20,5.54687E+21,8.24596E+15,5.00717E+16
35372,6,4,31,7,2018,8,15,5,2,8,1,0,0,0,0,1,0,0,0,4.82951E+20,5.49909E+21,8.76385E+15,4.96441E+16
35373,6,4,11,0,2018,9,18,3,2,6,4,0,0,1,1,0,0,0,0,4.7453E+20,5.52372E+21,8.6456E+15,4.98654E+16
35374,6,4,12,0,2018,9,19,7,1,8,1,0,0,0,0,1,0,0,0,4.72071E+20,5.55731E+21,8.60893E+15,5.01674E+16
35375,6,6,32,4,2018,9,22,5,1,7,7,2,0,1,0,0,1,0,0,5.32816E+20,5.62657E+21,9.46557E+15,5.07899E+16
35376,6,4,40,20,2018,8,12,5,2,4,6,0,0,0,0,1,1,0,0,5.02123E+20,5.58115E+21,9.02987E+15,5.03824E+16
35377,6,5,32,6,2018,9,12,2,3,2,6,0,0,1,0,0,0,0,0,4.49934E+20,5.62072E+21,8.29051E+15,5.07361E+16
35378,6,4,14,0,2018,9,19,2,3,5,3,0,1,1,0,0,0,0,0,4.48636E+20,5.54049E+21,8.28307E+15,5.00145E+16
35379,6,5,34,8,2018,9,18,4,3,0,3,0,0,1,0,1,0,0,0,4.88156E+20,5.62171E+21,8.83212E+15,5.07471E+16
35380,6,4,32,10,2018,8,20,5,2,2,6,2,0,1,0,0,0,1,0,4.95466E+20,5.52156E+21,8.93693E+15,4.98464E+16
35381,6,6,33,28,2018,9,12,1,2,9,1,0,0,1,0,0,0,0,0,5.14276E+20,5.688E+21,9.20496E+15,5.13431E+16
35382,6,4,31,7,2018,9,4,1,2,8,1,2,0,0,0,1,0,0,0,4.82842E+20,5.49931E+21,8.76233E+15,4.96461E+16
35383,6,4,32,14,2018,9,6,3,3,9,1,0,0,1,0,0,0,0,1,4.78424E+20,5.51577E+21,8.70023E+15,4.9794E+16
35384,6,4,40,7,2018,8,16,5,2,5,2,0,0,1,0,0,0,0,0,4.894E+20,5.57454E+21,8.85109E+15,5.03228E+16
35385,6,6,33,5,2018,9,6,7,2,8,1,0,0,1,0,0,0,0,0,5.25083E+20,5.69402E+21,9.36055E+15,5.13968E+16
35386,6,4,40,22,2018,9,15,1,3,5,6,0,1,1,0,0,0,0,0,4.81546E+20,5.58494E+21,8.74026E+15,5.04162E+16
35387,6,4,12,0,2018,9,7,5,3,5,3,1,0,1,0,0,0,0,0,4.64711E+20,5.54725E+21,8.50681E+15,5.00764E+16
35388,6,4,35,20,2018,9,13,7,3,8,1,0,0,0,0,1,0,0,0,4.9793E+20,5.56097E+21,8.971E+15,5.02009E+16
35389,6,5,32,11,2018,9,7,3,2,5,3,0,0,0,0,0,1,0,0,4.40614E+20,5.62392E+21,8.15793E+15,5.0764E+16
35390,6,6,35,3,2018,9,6,2,2,5,2,1,0,1,0,0,0,0,1,5.08584E+20,5.66471E+21,9.12268E+15,5.11338E+16
35391,6,4,35,12,2018,9,19,3,3,8,6,0,0,1,0,0,1,0,1,5.07891E+20,5.56345E+21,9.11062E+15,5.02232E+16
35392,6,5,34,10,2018,8,15,5,3,4,1,0,0,1,0,1,0,0,0,4.68277E+20,5.62786E+21,8.54983E+15,5.08016E+16
35393,6,4,12,0,2018,9,10,7,3,2,6,0,0,1,0,0,0,0,0,4.7791E+20,5.55018E+21,8.6911E+15,5.01035E+16
35394,6,4,31,21,2018,9,16,1,3,2,6,0,0,1,0,0,0,0,0,4.84573E+20,5.49137E+21,8.78662E+15,4.95747E+16
35395,6,6,33,7,2018,9,12,5,3,2,6,0,0,1,0,0,0,0,0,5.31885E+20,5.69305E+21,9.45823E+15,5.13878E+16
35396,6,6,11,0,2018,9,4,1,3,8,1,2,0,1,0,0,0,0,0,5.33811E+20,5.68176E+21,9.48484E+15,5.12861E+16
35397,6,6,11,0,2018,9,12,3,3,3,2,0,0,1,0,0,0,0,0,5.34253E+20,5.68558E+21,9.49154E+15,5.13205E+16
35398,6,4,12,0,2018,9,9,2,3,3,2,0,1,1,0,0,0,0,0,4.78409E+20,5.55088E+21,8.69805E+15,5.01098E+16
35399,6,5,34,4,2018,8,5,5,3,7,7,1,0,1,0,0,0,0,0,4.65362E+20,5.64119E+21,8.5072E+15,5.09214E+16
35400,6,4,39,4,2018,9,19,3,3,1,5,0,0,1,0,0,0,0,0,4.25376E+20,5.53717E+21,7.95911E+15,4.99822E+16
35401,6,5,33,2,2018,9,21,6,3,5,3,2,0,1,0,0,0,0,0,4.39634E+20,5.57881E+21,8.15136E+15,5.03583E+16
35402,6,4,36,7,2018,9,17,5,2,3,6,0,0,1,0,0,0,0,0,4.54795E+20,5.54501E+21,8.36851E+15,5.00556E+16
35403,6,4,39,2,2018,9,11,6,3,5,2,0,0,1,0,0,0,0,0,4.34326E+20,5.55549E+21,8.08079E+15,5.0148E+16
35404,6,4,31,12,2018,8,17,5,3,4,7,0,0,1,0,0,0,1,0,4.961E+20,5.47784E+21,8.94619E+15,4.94532E+16
35405,6,4,12,0,2018,9,16,2,2,5,3,0,1,0,0,0,0,1,0,4.75569E+20,5.55491E+21,8.65807E+15,5.01459E+16
35406,6,6,31,6,2018,9,22,4,2,2,6,2,0,1,0,0,0,0,0,5.48327E+20,5.59284E+21,9.68122E+15,5.04856E+16
35407,6,4,33,12,2018,8,21,5,3,2,6,2,0,1,0,0,0,0,0,4.57905E+20,5.53729E+21,8.4128E+15,4.99865E+16
35408,6,4,38,5,2018,9,12,1,3,0,2,0,1,1,0,0,0,0,0,4.86129E+20,5.54465E+21,8.80623E+15,5.0054E+16
35409,6,6,31,19,2018,9,14,1,2,4,1,0,0,1,0,1,0,0,1,5.58585E+20,5.60922E+21,9.82837E+15,5.06319E+16
35410,6,6,31,13,2018,9,14,3,3,5,3,0,0,1,0,0,0,1,0,5.60671E+20,5.60418E+21,9.85704E+15,5.05864E+16
35411,6,5,34,17,2018,8,5,5,3,2,6,2,0,1,0,0,0,1,1,4.89805E+20,5.64443E+21,8.85486E+15,5.09514E+16
35412,6,4,34,6,2018,9,12,7,3,5,2,0,0,1,0,0,0,0,0,4.63851E+20,5.55957E+21,8.49363E+15,5.01872E+16
35413,6,6,35,2,2018,9,17,5,3,2,2,0,0,1,0,0,0,0,1,4.99712E+20,5.69232E+21,8.99585E+15,5.13821E+16
35414,6,4,14,0,2018,9,14,7,2,5,3,0,0,1,0,0,0,0,0,4.43536E+20,5.55122E+21,8.21032E+15,5.01105E+16
35415,6,5,34,20,2018,9,13,3,3,5,3,0,0,1,0,1,0,0,0,4.79718E+20,5.62138E+21,8.71254E+15,5.07439E+16
35416,6,4,31,7,2018,9,5,2,2,7,7,2,0,0,0,1,0,0,0,4.86705E+20,5.50168E+21,8.81576E+15,4.96675E+16
35417,6,5,34,14,2018,8,17,5,3,2,6,0,0,1,0,0,0,0,0,4.83382E+20,5.62765E+21,8.76419E+15,5.08004E+16
35418,6,4,35,1,2018,9,16,3,3,5,2,0,0,1,0,1,0,0,0,5.24274E+20,5.56429E+21,9.34034E+15,5.02303E+16
35419,6,4,12,0,2018,9,15,4,3,2,6,0,0,1,1,0,0,0,0,4.78131E+20,5.5531E+21,8.69403E+15,5.01298E+16
35420,6,5,34,4,2018,9,14,6,3,5,3,0,0,1,0,0,0,0,0,4.674E+20,5.63948E+21,8.53634E+15,5.09061E+16
35421,6,6,31,23,2018,8,19,5,3,8,7,0,0,1,0,0,0,0,0,5.73391E+20,5.61359E+21,1.00386E+16,5.06695E+16
35422,6,5,33,12,2018,9,11,2,3,9,1,0,0,1,0,0,0,0,0,4.41595E+20,5.59589E+21,8.17626E+15,5.0512E+16
35423,6,5,31,6,2018,8,17,5,3,9,1,0,0,1,0,0,0,0,0,4.94507E+20,5.60223E+21,8.92243E+15,5.0572E+16
35424,6,4,34,11,2018,9,11,3,3,3,6,0,1,0,0,0,1,0,0,4.66003E+20,5.57715E+21,8.52219E+15,5.03454E+16
35425,6,4,37,11,2018,9,23,6,3,8,1,2,0,0,0,0,0,1,1,5.06227E+20,5.50484E+21,9.08635E+15,4.96961E+16
35426,6,4,14,0,2018,9,16,4,3,3,6,0,0,1,0,0,0,0,0,4.44637E+20,5.54409E+21,8.22675E+15,5.00465E+16
35427,6,4,40,16,2018,9,18,6,2,8,1,0,0,1,0,0,0,0,0,5.06837E+20,5.58453E+21,9.09622E+15,5.04128E+16
35428,6,6,34,1,2018,8,6,5,2,8,1,1,0,1,0,0,0,0,1,5.16833E+20,5.65811E+21,9.24028E+15,5.10743E+16
35429,6,4,39,11,2018,9,12,2,3,8,1,0,0,0,0,1,0,0,0,4.53044E+20,5.5579E+21,8.34247E+15,5.01714E+16
35430,6,4,12,0,2018,9,16,4,3,2,6,0,0,1,0,0,1,0,0,4.72604E+20,5.54898E+21,8.617E+15,5.00924E+16
35431,6,4,12,0,2018,8,22,5,3,9,1,2,0,1,0,0,0,0,0,4.64882E+20,5.55057E+21,8.5089E+15,5.01063E+16
35432,6,4,35,3,2018,9,13,1,2,2,6,0,1,0,0,0,0,0,0,5.1683E+20,5.56316E+21,9.23592E+15,5.02204E+16
35433,6,6,31,9,2018,9,12,1,3,4,1,0,0,1,0,0,0,0,0,5.49532E+20,5.59852E+21,9.69896E+15,5.05365E+16
35434,6,4,38,11,2018,9,6,3,3,3,6,2,0,1,0,0,1,0,0,4.92144E+20,5.5384E+21,8.89038E+15,4.99979E+16
35435,6,4,12,0,2018,8,17,5,3,2,6,0,0,1,0,0,0,0,0,4.62481E+20,5.54694E+21,8.47568E+15,5.00736E+16
35436,6,4,31,14,2018,9,14,7,3,2,6,0,0,1,0,1,0,0,0,4.76935E+20,5.50603E+21,8.68011E+15,4.97063E+16
35437,6,6,36,5,2018,9,8,5,3,8,1,0,0,1,0,0,0,0,0,5.83802E+20,5.65418E+21,1.01952E+16,5.10331E+16
35438,6,6,32,15,2018,9,7,2,3,8,1,0,0,1,0,0,0,0,1,5.37726E+20,5.6284E+21,9.53541E+15,5.08061E+16
35439,6,4,12,0,2018,9,23,7,2,9,1,2,1,0,0,0,0,0,0,4.79994E+20,5.5498E+21,8.72027E+15,5.01001E+16
35440,6,5,32,14,2018,9,18,3,3,8,1,0,0,1,0,0,0,0,0,4.67556E+20,5.59603E+21,8.54238E+15,5.05153E+16
35441,6,5,31,2,2018,8,16,4,2,4,6,0,0,1,0,0,0,0,0,4.71067E+20,5.61159E+21,8.59069E+15,5.06555E+16
35442,6,6,11,0,2018,9,11,4,3,1,1,0,1,1,0,0,0,0,0,5.32262E+20,5.68508E+21,9.46293E+15,5.13161E+16
35443,6,5,34,9,2018,9,17,6,2,9,1,0,0,0,0,1,0,0,1,4.78143E+20,5.61763E+21,8.69043E+15,5.07101E+16
35444,6,5,31,5,2018,8,7,4,3,2,6,0,0,1,0,0,0,0,0,4.77254E+20,5.60436E+21,8.67866E+15,5.05907E+16
35445,6,5,35,3,2018,9,16,2,3,5,3,0,0,1,0,0,0,1,0,5.1328E+20,5.60908E+21,9.18778E+15,5.06334E+16
35446,6,4,12,0,2018,9,0,1,3,0,7,2,0,0,0,1,0,0,0,4.81902E+20,5.55414E+21,8.74674E+15,5.01393E+16
35447,6,4,14,0,2018,9,21,3,3,0,7,1,0,0,0,0,0,1,0,4.52449E+20,5.54556E+21,8.33567E+15,5.00604E+16
35448,6,6,36,13,2018,8,15,4,2,0,5,0,1,1,0,0,0,0,0,5.82337E+20,5.66744E+21,1.01773E+16,5.11525E+16
35449,6,4,31,6,2018,9,16,1,3,2,6,0,0,1,0,0,0,0,0,4.67685E+20,5.50399E+21,8.55199E+15,4.96876E+16
35450,6,5,32,3,2018,9,10,1,3,0,1,0,0,0,0,1,0,0,0,4.56133E+20,5.59621E+21,8.38125E+15,5.05162E+16
35451,6,6,34,11,2018,9,18,6,3,0,7,0,0,1,0,0,0,1,0,5.33132E+20,5.64836E+21,9.47202E+15,5.09858E+16
35452,6,6,11,0,2018,9,8,2,2,1,7,0,0,1,0,0,0,0,0,5.35738E+20,5.68587E+21,9.51288E+15,5.1323E+16
35453,6,6,32,2,2018,8,7,4,3,5,2,0,1,1,0,0,0,0,0,5.50151E+20,5.63561E+21,9.71273E+15,5.087E+16
35454,6,4,12,0,2018,9,18,3,3,2,6,0,0,1,0,0,0,0,0,4.79371E+20,5.5526E+21,8.7114E+15,5.01253E+16
35455,6,5,35,7,2018,9,16,3,1,4,1,0,0,1,0,0,0,0,1,5.24788E+20,5.59801E+21,9.34976E+15,5.05335E+16
35456,6,6,32,2,2018,8,7,4,3,8,7,0,0,1,0,0,0,0,0,5.53695E+20,5.63374E+21,9.76281E+15,5.08529E+16
35457,6,5,34,14,2018,9,18,1,3,5,3,0,0,1,0,0,0,0,0,4.83915E+20,5.62843E+21,8.77171E+15,5.08074E+16
35458,6,5,31,5,2018,9,14,6,3,2,6,0,0,1,0,0,0,0,0,4.76543E+20,5.60327E+21,8.66868E+15,5.05808E+16
35459,6,4,35,6,2018,9,23,2,3,8,1,2,0,1,0,0,0,0,1,4.93396E+20,5.56222E+21,8.90744E+15,5.02121E+16
35460,6,6,33,8,2018,8,16,4,3,5,3,0,0,1,0,1,0,0,0,5.34875E+20,5.67552E+21,9.49948E+15,5.123E+16
35461,6,4,35,14,2018,9,17,7,3,3,6,0,0,1,0,1,0,0,0,4.94398E+20,5.55306E+21,8.92162E+15,5.01298E+16
35462,6,4,40,6,2018,9,15,5,3,8,1,0,0,1,0,0,0,0,0,4.90548E+20,5.58128E+21,8.86706E+15,5.03835E+16
35463,6,6,33,25,2018,9,15,7,1,4,6,0,0,1,0,1,0,0,0,5.28489E+20,5.71348E+21,9.41107E+15,5.15717E+16
35464,6,4,11,0,2018,9,11,3,3,2,6,0,0,0,0,0,1,0,0,4.71419E+20,5.52507E+21,8.60221E+15,4.98773E+16
35465,6,6,11,0,2018,8,14,4,3,3,6,0,0,1,0,0,0,0,0,5.3316E+20,5.68831E+21,9.47611E+15,5.13451E+16
35466,6,4,39,13,2018,9,9,4,2,2,6,0,0,0,0,1,0,1,0,4.24463E+20,5.53696E+21,7.94643E+15,4.99802E+16