OBJECTID_1,ULAND,UREGBEZ,UKREIS,UGEMEINDE,UJAHR,UMONAT,USTUNDE,UWOCHENTAG,UKATEGORIE,UART,UTYP1,ULICHTVERH,IstRad,IstPKW,IstFuss,IstKrad,IstGkfz,IstSonstig,STRZUSTAND,LINREFX,LINREFY,XGCSWGS84,YGCSWGS84
35467,6,4,14,0,2018,8,17,4,3,5,3,0,0,1,0,0,0,0,1,4.48442E+20,5.53987E+21,8.28045E+15,5.00089E+16
35468,6,4,33,7,2018,9,7,2,2,2,6,0,0,1,0,0,0,0,0,4.65507E+20,5.54278E+21,8.51834E+15,5.00363E+16
35469,6,4,35,28,2018,9,14,3,2,8,1,0,0,1,0,0,0,0,0,5.32212E+20,5.58037E+21,9.45299E+15,5.03745E+16
35470,6,4,14,0,2018,8,15,4,2,0,1,0,0,0,0,1,0,0,0,4.52751E+20,5.54507E+21,8.33994E+15,5.00561E+16
35471,6,6,32,2,2018,9,16,7,2,3,7,0,0,1,0,1,0,0,0,5.4776E+20,5.63554E+21,9.67873E+15,5.08695E+16
35472,6,5,31,12,2018,9,14,6,3,3,6,0,0,1,0,0,0,0,0,4.74494E+20,5.59701E+21,8.64017E+15,5.05244E+16
35473,6,4,12,0,2018,9,11,2,3,5,3,0,1,1,0,0,0,0,1,4.67135E+20,5.55105E+21,8.54037E+15,5.01108E+16
35474,6,4,14,0,2018,8,9,4,3,3,6,0,0,1,0,0,0,0,0,4.46247E+20,5.54662E+21,8.24888E+15,5.00694E+16
35475,6,4,39,2,2018,9,15,3,3,5,3,0,1,1,0,0,0,0,0,4.3428E+20,5.55544E+21,8.08016E+15,5.01475E+16
35476,6,4,31,20,2018,9,22,7,3,2,6,2,0,1,0,0,0,0,0,4.68104E+20,5.4874E+21,8.55914E+15,4.95384E+16
35477,6,4,12,0,2018,9,10,5,2,8,1,0,0,0,0,1,0,0,0,4.6309E+20,5.54958E+21,8.48393E+15,5.00973E+16
35478,6,6,35,11,2018,9,18,6,3,8,7,0,0,1,0,0,0,0,0,4.7993E+20,5.65765E+21,8.71354E+15,5.107E+16
35479,6,4,14,0,2018,8,18,4,3,2,6,0,0,1,0,0,0,0,1,4.46189E+20,5.54782E+21,8.2479E+15,5.00802E+16
35480,6,4,13,0,2018,9,21,2,3,3,7,2,0,1,0,1,0,0,0,4.84682E+20,5.54968E+21,8.78582E+15,5.00992E+16
35481,6,4,35,14,2018,9,8,4,3,0,3,0,1,1,0,0,0,0,0,4.92405E+20,5.55289E+21,8.89374E+15,5.01282E+16
35482,6,4,38,11,2018,9,20,7,3,2,6,2,0,1,0,0,0,0,0,4.92297E+20,5.54163E+21,8.89246E+15,5.0027E+16
35483,6,6,31,9,2018,9,15,5,3,0,3,0,1,0,0,1,0,0,0,5.46864E+20,5.60137E+21,9.66166E+15,5.05624E+16
35484,6,5,32,11,2018,9,17,7,2,5,3,0,1,1,0,0,0,0,0,4.43981E+20,5.62659E+21,8.20527E+15,5.07883E+16
35485,6,5,35,15,2018,9,13,2,3,5,2,0,0,1,0,0,0,0,0,5.37502E+20,5.61207E+21,9.53058E+15,5.06593E+16
35486,6,4,12,0,2018,8,17,4,3,2,6,0,0,1,0,0,0,0,1,4.71327E+20,5.55327E+21,8.59882E+15,5.0131E+16
35487,6,4,31,5,2018,9,7,4,2,8,1,0,0,1,0,0,0,0,0,4.60957E+20,5.4966E+21,8.45945E+15,4.96207E+16
35488,6,4,12,0,2018,8,17,4,3,1,6,0,0,1,0,1,0,0,0,4.78316E+20,5.55379E+21,8.69658E+15,5.01359E+16
35489,6,4,14,0,2018,9,21,1,3,5,7,2,0,1,0,1,0,0,0,4.44561E+20,5.54531E+21,8.22551E+15,5.00574E+16
35490,6,4,35,9,2018,9,16,3,3,5,2,0,1,1,0,0,0,0,0,5.13098E+20,5.55545E+21,9.18333E+15,5.01511E+16
35491,6,4,12,0,2018,8,7,4,3,3,6,0,0,1,0,0,1,0,0,4.80605E+20,5.55216E+21,8.72868E+15,5.01214E+16
35492,6,4,37,11,2018,9,16,7,2,8,1,0,0,0,0,1,0,0,0,4.95693E+20,5.50645E+21,8.94026E+15,4.97105E+16
35493,6,4,14,0,2018,9,17,5,3,1,5,0,1,1,0,0,0,0,0,4.44921E+20,5.54746E+21,8.23022E+15,5.00769E+16
35494,6,4,39,8,2018,9,2,1,2,2,6,2,0,1,0,0,0,0,0,4.46487E+20,5.56291E+21,8.24995E+15,5.0216E+16
35495,6,4,14,0,2018,9,17,3,3,5,7,0,0,1,0,1,0,0,0,4.44511E+20,5.54756E+21,8.22448E+15,5.00777E+16
35496,6,4,35,29,2018,9,19,3,3,8,1,0,0,1,0,0,0,0,0,5.21379E+20,5.56631E+21,9.29986E+15,5.02486E+16
35497,6,4,11,0,2018,9,22,2,3,5,3,2,1,1,0,0,0,0,0,4.74596E+20,5.52239E+21,8.6466E+15,4.98534E+16
35498,6,4,12,0,2018,8,7,4,3,3,2,0,1,1,0,0,0,0,0,4.81431E+20,5.5523E+21,8.74023E+15,5.01226E+16
35499,6,4,38,7,2018,9,16,3,3,5,2,0,0,1,0,0,0,0,0,5.02034E+20,5.53952E+21,9.02838E+15,5.0008E+16
35500,6,4,12,0,2018,9,14,6,3,2,6,0,0,1,0,0,0,0,0,4.7726E+20,5.55701E+21,8.6816E+15,5.01649E+16
35501,6,6,36,3,2018,9,18,4,2,2,6,0,1,1,0,0,0,0,0,5.73957E+20,5.67056E+21,1.00581E+16,5.11817E+16
35502,6,4,38,10,2018,9,7,6,3,9,1,0,0,1,0,0,0,0,0,4.90524E+20,5.54644E+21,8.86759E+15,5.00701E+16
35503,6,6,34,17,2018,8,21,4,3,8,1,2,0,1,0,0,0,0,1,5.23874E+20,5.63445E+21,9.33922E+15,5.08613E+16
35504,6,6,34,8,2018,9,23,2,3,7,7,2,0,1,0,0,0,0,0,5.32276E+20,5.67302E+21,9.46204E+15,5.12077E+16
35505,6,5,35,1,2018,9,14,4,2,2,6,0,0,1,0,0,0,1,0,5.30383E+20,5.62614E+21,9.43101E+15,5.07862E+16
35506,6,6,34,24,2018,8,10,4,3,1,7,0,1,1,0,0,0,0,0,5.46152E+20,5.663E+21,9.65938E+15,5.11166E+16
35507,6,4,31,11,2018,9,18,1,3,2,6,0,0,1,0,0,0,0,0,4.71712E+20,5.49949E+21,8.60815E+15,4.96473E+16
35508,6,5,34,8,2018,9,15,2,3,5,3,0,0,1,0,0,0,0,0,4.86941E+20,5.62348E+21,8.81483E+15,5.0763E+16
35509,6,5,32,23,2018,9,18,3,3,2,6,0,0,1,0,0,0,0,0,4.64535E+20,5.60014E+21,8.49939E+15,5.05521E+16
35510,6,6,34,24,2018,8,20,4,3,0,3,2,0,1,0,1,0,0,1,5.48376E+20,5.66269E+21,9.6911E+15,5.11137E+16
35511,6,5,32,12,2018,9,7,7,3,2,6,0,0,1,0,0,0,0,0,4.51267E+20,5.61648E+21,8.30996E+15,5.06981E+16
35512,6,6,11,0,2018,8,15,4,3,2,6,0,0,1,0,0,0,0,0,5.30732E+20,5.68147E+21,9.44066E+15,5.12837E+16
35513,6,6,35,13,2018,9,13,1,2,8,1,0,0,0,0,1,0,0,0,5.0495E+20,5.65329E+21,9.07059E+15,5.10311E+16
35514,6,4,32,14,2018,9,7,3,3,9,1,0,0,1,0,0,0,0,1,4.78433E+20,5.51622E+21,8.70033E+15,4.9798E+16
35515,6,6,32,13,2018,8,15,4,2,7,7,0,0,0,0,1,0,0,0,5.62921E+20,5.65393E+21,9.89735E+15,5.10334E+16
35516,6,4,35,27,2018,9,11,7,2,8,1,0,0,0,0,1,0,0,0,5.50698E+20,5.57332E+21,9.712E+15,5.03098E+16
35517,6,4,12,0,2018,9,7,5,3,5,3,0,1,0,0,0,0,0,0,4.75228E+20,5.55055E+21,8.65358E+15,5.01066E+16
35518,6,6,32,10,2018,9,10,7,3,1,5,0,0,1,0,1,0,0,0,5.6461E+20,5.62653E+21,9.91659E+15,5.0787E+16
35519,6,4,32,1,2018,9,21,3,3,2,6,2,0,1,0,0,0,0,0,4.71864E+20,5.51016E+21,8.60948E+15,4.97433E+16
35520,6,6,11,0,2018,9,7,2,3,0,2,0,0,1,0,1,0,0,1,5.31174E+20,5.68043E+21,9.44691E+15,5.12743E+16
35521,6,6,34,7,2018,8,7,4,2,4,6,0,0,1,0,1,0,0,0,5.26161E+20,5.67284E+21,9.37449E+15,5.12064E+16
35522,6,4,34,8,2018,9,14,3,3,5,3,0,0,1,0,0,0,1,0,4.70682E+20,5.56101E+21,8.5892E+15,5.02005E+16
35523,6,4,37,1,2018,9,11,6,3,5,2,0,0,1,0,1,0,0,0,5.00239E+20,5.51054E+21,9.00332E+15,4.97473E+16
35524,6,4,12,0,2018,9,19,4,3,2,6,1,0,0,0,1,0,1,0,4.74515E+20,5.55138E+21,8.64356E+15,5.01141E+16
35525,6,4,32,21,2018,9,19,6,3,9,1,1,0,1,0,0,0,0,1,5.00232E+20,5.52919E+21,9.00323E+15,4.99151E+16
35526,6,4,39,7,2018,8,7,4,3,4,6,0,0,1,0,0,0,0,0,4.4604E+20,5.5689E+21,8.24283E+15,5.02697E+16
35527,6,4,34,8,2018,9,12,2,3,5,3,0,0,1,0,0,0,1,0,4.69627E+20,5.56187E+21,8.57434E+15,5.02082E+16
35528,6,4,12,0,2018,9,13,4,3,8,1,0,0,1,0,0,0,0,0,4.71129E+20,5.54516E+21,8.59666E+15,5.00581E+16
35529,6,4,39,2,2018,8,18,4,2,0,1,0,0,0,0,1,0,0,1,4.34464E+20,5.55269E+21,8.08321E+15,5.01228E+16
35530,6,5,32,2,2018,9,19,1,3,9,1,1,0,0,0,1,0,0,0,4.65655E+20,5.62038E+21,8.51332E+15,5.07342E+16
35531,6,6,31,17,2018,9,13,6,3,5,3,0,0,0,0,1,0,1,0,5.56405E+20,5.59512E+21,9.79542E+15,5.05054E+16
35532,6,4,31,16,2018,9,5,3,3,3,3,2,0,1,0,0,1,0,1,4.67725E+20,5.50059E+21,8.55283E+15,4.9657E+16
35533,6,4,38,2,2018,8,8,4,3,5,3,0,1,1,0,0,0,0,0,4.75929E+20,5.541E+21,8.66398E+15,5.00208E+16
35534,6,5,34,1,2018,9,14,7,2,5,3,0,0,1,0,1,0,0,0,4.92187E+20,5.62413E+21,8.8892E+15,5.07689E+16
35535,6,4,35,1,2018,9,9,5,3,6,4,0,0,1,1,0,0,0,0,5.24895E+20,5.56413E+21,9.34902E+15,5.02288E+16
35536,6,6,33,17,2018,9,12,2,3,8,1,0,0,1,0,0,0,0,1,5.36939E+20,5.68054E+21,9.52956E+15,5.1275E+16
35537,6,4,37,16,2018,9,13,7,3,8,1,0,0,0,0,1,0,0,0,4.96284E+20,5.49125E+21,8.9486E+15,4.95738E+16
35538,6,4,12,0,2018,9,7,3,3,2,6,0,0,1,0,0,0,0,0,4.78551E+20,5.5455E+21,8.70033E+15,5.00614E+16
35539,6,4,40,4,2018,8,14,4,3,9,3,0,0,1,0,0,0,1,0,5.04385E+20,5.57301E+21,9.06159E+15,5.03091E+16
35540,6,6,35,11,2018,9,11,4,3,2,1,0,0,1,0,0,0,0,0,4.83654E+20,5.65586E+21,8.76678E+15,5.10541E+16
35541,6,4,40,24,2018,9,11,7,2,5,2,0,0,1,0,0,0,0,0,4.89467E+20,5.58525E+21,8.85173E+15,5.04192E+16
35542,6,6,34,9,2018,9,15,3,3,2,6,0,0,1,0,0,0,0,0,5.27861E+20,5.65425E+21,9.39738E+15,5.10391E+16
35543,6,5,33,9,2018,9,11,2,3,0,2,0,1,1,0,0,0,0,0,4.327E+20,5.58249E+21,8.05324E+15,5.03906E+16
35544,6,4,31,8,2018,9,19,5,3,0,1,1,1,1,0,0,0,0,0,4.78863E+20,5.4879E+21,8.70783E+15,4.95433E+16
35545,6,6,34,22,2018,9,15,6,3,9,1,0,0,1,0,0,0,0,1,5.2054E+20,5.64392E+21,9.29238E+15,5.09466E+16
35546,6,4,33,5,2018,9,1,7,2,5,3,2,0,1,0,0,0,1,0,4.52166E+20,5.53692E+21,8.3328E+15,4.99827E+16
35547,6,4,33,10,2018,9,7,3,3,3,6,0,0,1,0,0,0,0,0,4.61846E+20,5.54113E+21,8.46739E+15,5.00213E+16
35548,6,6,33,3,2018,9,9,2,3,3,6,0,0,1,0,0,1,0,0,5.30031E+20,5.6767E+21,9.43021E+15,5.12409E+16
35549,6,6,11,0,2018,9,10,5,3,6,4,0,0,1,1,0,0,0,0,5.34186E+20,5.6847E+21,9.4905E+15,5.13126E+16
35550,6,4,34,9,2018,9,8,4,3,5,3,0,0,1,0,0,0,0,0,4.62018E+20,5.57207E+21,8.4667E+15,5.02995E+16
35551,6,5,32,23,2018,9,20,7,3,2,6,1,0,1,0,0,0,0,0,4.64865E+20,5.60578E+21,8.50351E+15,5.06028E+16
35552,6,6,35,2,2018,9,8,2,2,0,1,0,0,0,0,1,0,0,0,4.99701E+20,5.69158E+21,8.99571E+15,5.13755E+16
35553,6,4,32,21,2018,9,17,1,2,0,7,0,0,1,0,0,0,0,1,4.99718E+20,5.5308E+21,8.99607E+15,4.99296E+16
35554,6,6,36,5,2018,9,15,1,2,8,1,0,0,1,0,0,0,0,1,5.81717E+20,5.65154E+21,1.01648E+16,5.10096E+16
35555,6,5,32,14,2018,9,15,5,3,2,6,0,0,1,0,0,0,0,0,4.71191E+20,5.59687E+21,8.59359E+15,5.0523E+16
35556,6,5,31,5,2018,9,23,7,3,8,6,2,0,1,0,0,0,0,0,4.74875E+20,5.60252E+21,8.64518E+15,5.05741E+16
35557,6,4,39,7,2018,9,13,3,3,2,2,0,0,1,0,0,0,0,0,4.41226E+20,5.56911E+21,8.17525E+15,5.02712E+16
35558,6,4,35,17,2018,9,19,7,3,2,3,2,0,1,0,0,0,0,0,5.01266E+20,5.55735E+21,9.01772E+15,5.01684E+16
35559,6,4,12,0,2018,9,11,1,2,0,7,0,1,0,0,0,0,0,0,4.69411E+20,5.54878E+21,8.57237E+15,5.00905E+16
35560,6,4,39,8,2018,9,12,7,3,8,1,0,0,1,0,0,0,0,0,4.46666E+20,5.56175E+21,8.25262E+15,5.02055E+16
35561,6,6,34,2,2018,9,20,7,3,5,6,2,0,1,0,0,0,0,0,5.29017E+20,5.67394E+21,9.41546E+15,5.12161E+16
35562,6,4,12,0,2018,9,12,3,2,2,6,0,0,1,0,1,0,0,0,4.78181E+20,5.5504E+21,8.69488E+15,5.01055E+16
35563,6,6,35,11,2018,9,22,2,2,9,6,2,0,1,0,0,0,0,1,4.82854E+20,5.6545E+21,8.75542E+15,5.10418E+16
35564,6,4,32,18,2018,9,16,5,3,2,6,0,0,1,0,0,0,0,0,4.69625E+20,5.51781E+21,8.57781E+15,4.98119E+16
35565,6,4,31,13,2018,9,21,6,3,5,3,2,0,1,0,0,0,0,0,4.62237E+20,5.49522E+21,8.47731E+15,4.96083E+16
35566,6,4,33,2,2018,9,15,7,2,9,1,0,0,1,0,0,0,0,0,4.52877E+20,5.5369E+21,8.34271E+15,4.99826E+16
35567,6,4,34,8,2018,9,19,3,2,5,3,1,0,1,0,0,0,0,0,4.71844E+20,5.5621E+21,8.6054E+15,5.02104E+16
35568,6,6,34,4,2018,9,18,1,3,9,1,1,0,1,0,0,0,0,1,5.25625E+20,5.64803E+21,9.36506E+15,5.09833E+16
35569,6,6,33,10,2018,9,22,5,3,8,1,2,0,0,0,0,0,1,0,5.32806E+20,5.70104E+21,9.4722E+15,5.14595E+16
35570,6,4,38,7,2018,9,5,4,3,8,1,2,0,1,0,0,0,0,0,5.01608E+20,5.53923E+21,9.02243E+15,5.00054E+16
35571,6,4,35,21,2018,9,16,6,2,8,1,0,0,1,0,0,0,0,0,4.92358E+20,5.56764E+21,8.89279E+15,5.02608E+16
35572,6,4,32,20,2018,9,16,2,3,5,3,0,1,1,0,0,0,0,0,4.81362E+20,5.52343E+21,8.74068E+15,4.9863E+16
35573,6,6,35,7,2018,9,14,7,2,8,1,0,0,0,0,1,0,0,0,4.85718E+20,5.68755E+21,8.79496E+15,5.1339E+16
35574,6,6,11,0,2018,9,13,4,2,5,2,0,0,1,0,1,0,0,0,5.28889E+20,5.68721E+21,9.4147E+15,5.13355E+16
35575,6,6,11,0,2018,9,17,4,3,2,6,0,0,1,0,0,0,0,0,5.3463E+20,5.68557E+21,9.49696E+15,5.13204E+16
35576,6,6,36,8,2018,9,23,6,3,8,1,2,0,1,0,0,0,0,0,5.63093E+20,5.67305E+21,9.90315E+15,5.12053E+16
35577,6,4,33,8,2018,9,22,4,1,6,4,2,0,1,1,0,0,0,0,4.70873E+20,5.53667E+21,8.59373E+15,4.99816E+16
35578,6,4,14,0,2018,9,18,5,3,3,6,0,0,1,0,0,0,1,0,4.44873E+20,5.5478E+21,8.22951E+15,5.00799E+16
35579,6,5,34,12,2018,9,20,4,1,0,7,2,1,1,0,0,0,0,0,4.78042E+20,5.63231E+21,8.68813E+15,5.08421E+16
35580,6,6,35,15,2018,9,13,6,3,5,3,0,0,1,0,0,0,0,0,4.91351E+20,5.68023E+21,8.87601E+15,5.12733E+16
35581,6,4,36,10,2018,9,13,2,2,4,3,0,0,1,0,1,0,0,0,4.63447E+20,5.55195E+21,8.48871E+15,5.01187E+16
35582,6,5,35,1,2018,9,13,1,2,8,1,0,0,1,0,0,0,0,1,5.25593E+20,5.62241E+21,9.36281E+15,5.07529E+16
35583,6,4,32,18,2018,9,6,1,3,9,1,2,0,1,0,0,0,0,1,4.70704E+20,5.52024E+21,8.59263E+15,4.98338E+16
35584,6,4,12,0,2018,9,16,4,3,5,3,0,1,0,0,0,0,1,0,4.80155E+20,5.55145E+21,8.72243E+15,5.01149E+16
35585,6,5,35,1,2018,9,11,1,3,2,6,0,0,1,0,0,0,0,0,5.28798E+20,5.62554E+21,9.40848E+15,5.07809E+16
35586,6,4,36,6,2018,9,12,5,3,3,6,0,0,1,0,0,1,0,0,4.56122E+20,5.54498E+21,8.38704E+15,5.00555E+16
35587,6,6,34,1,2018,9,16,6,2,5,3,0,0,1,0,1,0,0,0,5.17936E+20,5.65238E+21,9.25573E+15,5.10227E+16
35588,6,4,31,4,2018,9,17,4,3,5,2,0,0,1,0,0,0,0,0,4.786E+20,5.4914E+21,8.704E+15,4.95748E+16
35589,6,4,35,17,2018,9,12,7,3,0,5,0,1,1,0,0,0,0,0,5.03452E+20,5.55823E+21,9.04835E+15,5.01763E+16
35590,6,5,32,12,2018,9,5,3,3,5,2,2,0,1,0,0,0,0,1,4.51244E+20,5.61431E+21,8.30993E+15,5.06786E+16
35591,6,6,32,9,2018,9,11,6,3,9,7,0,0,1,0,0,0,0,0,5.68642E+20,5.6424E+21,9.97676E+15,5.09292E+16
35592,6,6,33,28,2018,9,13,1,3,8,1,0,0,0,0,1,0,0,0,5.11136E+20,5.6835E+21,9.15974E+15,5.13027E+16
35593,6,6,11,0,2018,9,14,5,3,4,6,0,1,0,0,0,0,0,0,5.35684E+20,5.68451E+21,9.51197E+15,5.13107E+16
35594,6,6,32,14,2018,9,15,6,3,4,1,0,0,1,0,0,0,0,1,5.42354E+20,5.63907E+21,9.60233E+15,5.09017E+16
35595,6,6,33,1,2018,9,12,6,3,5,3,0,1,1,0,0,0,0,0,5.30334E+20,5.69054E+21,9.43572E+15,5.13653E+16
35596,6,6,33,23,2018,9,6,3,2,8,1,0,0,1,0,0,0,0,0,5.21361E+20,5.68385E+21,9.30643E+15,5.13055E+16
35597,6,4,38,11,2018,9,13,2,3,5,3,0,0,1,0,1,0,0,0,4.93118E+20,5.53812E+21,8.90399E+15,4.99953E+16
35598,6,4,14,0,2018,9,8,4,2,0,7,0,1,0,1,0,0,0,0,4.48707E+20,5.53961E+21,8.28418E+15,5.00066E+16
35599,6,5,34,6,2018,9,15,6,3,8,1,0,0,1,0,0,0,0,0,4.90362E+20,5.63822E+21,8.86295E+15,5.08956E+16
35600,6,4,12,0,2018,9,17,4,3,2,6,0,0,1,0,1,0,0,0,4.76965E+20,5.54905E+21,8.67797E+15,5.00933E+16
35601,6,4,14,0,2018,9,13,6,3,5,3,0,0,1,0,1,0,0,0,4.46651E+20,5.54801E+21,8.25433E+15,5.00819E+16
35602,6,5,32,1,2018,9,11,3,3,2,6,0,0,1,0,0,1,0,0,4.6052E+20,5.60631E+21,8.44205E+15,5.06073E+16
35603,6,4,13,0,2018,9,0,1,3,0,7,2,0,1,0,0,0,0,1,4.82838E+20,5.54858E+21,8.76009E+15,5.00892E+16
35604,6,4,38,2,2018,9,22,5,3,0,6,2,0,0,0,1,0,0,0,4.80391E+20,5.53808E+21,8.72641E+15,4.99947E+16
35605,6,4,12,0,2018,9,8,4,3,2,6,0,0,1,0,0,0,0,0,4.79013E+20,5.55569E+21,8.70623E+15,5.0153E+16
35606,6,4,14,0,2018,9,9,6,3,5,3,0,0,1,0,1,0,0,0,4.46508E+20,5.54795E+21,8.25234E+15,5.00814E+16
35607,6,4,33,6,2018,9,7,2,3,2,6,0,0,1,0,1,0,0,0,4.61827E+20,5.53065E+21,8.46816E+15,4.9927E+16
35608,6,4,36,12,2018,9,18,7,3,1,7,2,0,1,0,0,0,0,1,4.65209E+20,5.5536E+21,8.51319E+15,5.01336E+16
35609,6,4,34,9,2018,9,15,4,3,3,6,0,1,1,0,0,0,0,0,4.59767E+20,5.56366E+21,8.43599E+15,5.02237E+16
35610,6,4,12,0,2018,9,20,4,3,3,2,2,1,1,0,0,0,0,0,4.77415E+20,5.55338E+21,8.684E+15,5.01322E+16
35611,6,4,12,0,2018,9,19,6,3,5,3,1,0,1,0,1,0,0,0,4.73948E+20,5.55654E+21,8.63527E+15,5.01605E+16
35612,6,6,32,11,2018,9,5,4,3,2,6,2,0,0,0,0,1,1,0,5.41026E+20,5.63249E+21,9.5827E+15,5.08426E+16
35613,6,5,31,16,2018,9,20,3,3,5,2,2,0,0,0,1,0,1,0,4.93348E+20,5.60051E+21,8.90609E+15,5.05565E+16
35614,6,4,12,0,2018,9,17,6,2,0,6,0,0,1,0,1,0,0,0,4.76418E+20,5.55056E+21,8.67021E+15,5.01068E+16
35615,6,4,40,9,2018,9,11,1,3,5,3,0,1,1,0,0,0,0,0,5.16597E+20,5.58856E+21,9.23377E+15,5.04488E+16
35616,6,6,33,200,2018,9,16,5,3,5,2,0,0,1,0,0,1,0,0,5.37601E+20,5.69902E+21,9.541E+15,5.14412E+16
35617,6,4,36,1,2018,9,14,6,3,5,2,0,0,1,0,1,0,0,1,4.64242E+20,5.55501E+21,8.49954E+15,5.01462E+16
35618,6,4,32,23,2018,9,9,6,3,2,6,0,0,1,0,0,1,0,0,4.71083E+20,5.52756E+21,8.59735E+15,4.98997E+16
35619,6,4,40,3,2018,9,13,3,3,5,3,0,0,1,0,0,0,0,0,4.80863E+20,5.56018E+21,8.7319E+15,5.01935E+16
35620,6,5,34,11,2018,9,16,2,3,2,1,0,0,1,0,0,0,0,0,4.96463E+20,5.62908E+21,8.94979E+15,5.08134E+16
35621,6,5,35,10,2018,9,14,3,3,0,7,0,0,0,0,1,0,1,1,5.02385E+20,5.62562E+21,9.03384E+15,5.07823E+16
35622,6,4,11,0,2018,9,7,6,3,4,6,0,0,0,0,1,0,1,1,4.77355E+20,5.52404E+21,8.68489E+15,4.98683E+16
35623,6,4,39,4,2018,9,19,1,2,2,6,1,0,1,0,1,0,0,0,4.26729E+20,5.53994E+21,7.97746E+15,5.00073E+16
35624,6,4,12,0,2018,9,16,5,3,2,6,0,0,1,0,0,0,0,0,4.8074E+20,5.55186E+21,8.7306E+15,5.01186E+16
35625,6,6,11,0,2018,9,17,6,3,0,1,0,0,0,0,1,0,0,1,5.33234E+20,5.68819E+21,9.47717E+15,5.1344E+16
35626,6,6,35,3,2018,9,15,6,3,8,1,0,1,0,0,0,0,0,0,5.08545E+20,5.65823E+21,9.12198E+15,5.10755E+16
35627,6,5,33,17,2018,9,17,3,2,8,1,0,0,0,0,1,0,0,0,4.51431E+20,5.59292E+21,8.31536E+15,5.04863E+16
35628,6,4,32,16,2018,9,9,2,3,4,6,0,0,1,0,0,1,0,0,4.80167E+20,5.51954E+21,8.72424E+15,4.9828E+16
35629,6,5,31,5,2018,9,7,6,2,0,1,0,1,0,0,0,0,0,0,4.75112E+20,5.60084E+21,8.64863E+15,5.0559E+16
35630,6,6,11,0,2018,9,15,4,3,5,3,0,0,1,0,0,0,0,0,5.30711E+20,5.68698E+21,9.44083E+15,5.13333E+16
35631,6,6,35,2,2018,9,18,6,3,2,6,0,0,1,0,1,0,0,0,5.02025E+20,5.69198E+21,9.0291E+15,5.13791E+16
35632,6,5,33,9,2018,9,10,2,3,2,6,0,0,1,0,0,0,0,0,4.35269E+20,5.58134E+21,8.08956E+15,5.03806E+16
35633,6,4,12,0,2018,9,11,1,2,8,1,0,0,1,0,0,0,0,1,4.79147E+20,5.55317E+21,8.70824E+15,5.01304E+16
35634,6,4,35,5,2018,9,17,5,3,5,2,0,0,1,0,0,0,0,0,5.21216E+20,5.57259E+21,9.29792E+15,5.03051E+16
35635,6,5,33,2,2018,9,16,3,3,5,3,0,0,1,0,0,0,0,0,4.40806E+20,5.57918E+21,8.16777E+15,5.03617E+16
35636,6,6,11,0,2018,9,20,6,2,3,6,1,0,1,0,1,0,0,0,5.3289E+20,5.68209E+21,9.47165E+15,5.12892E+16
35637,6,5,32,14,2018,9,5,2,3,0,7,1,0,0,0,1,0,0,0,4.7303E+20,5.59576E+21,8.61961E+15,5.05132E+16
35638,6,6,32,3,2018,9,11,7,3,2,6,0,0,1,0,0,0,0,0,5.54808E+20,5.64695E+21,9.78061E+15,5.09715E+16
35639,6,6,32,18,2018,9,0,6,3,8,7,2,0,1,0,0,0,0,0,5.54658E+20,5.6487E+21,9.77874E+15,5.09873E+16
35640,6,4,40,7,2018,9,21,4,2,2,6,2,0,1,0,0,0,0,0,4.95092E+20,5.57442E+21,8.93105E+15,5.03219E+16
35641,6,4,35,21,2018,9,8,2,3,5,2,0,0,1,0,0,0,0,0,4.9014E+20,5.56458E+21,8.86175E+15,5.02333E+16
35642,6,6,34,5,2018,9,11,6,3,1,1,0,0,1,0,0,0,0,0,5.19934E+20,5.66546E+21,9.28495E+15,5.11402E+16
35643,6,4,35,15,2018,9,20,5,2,1,1,2,0,1,0,1,0,0,0,5.07483E+20,5.55575E+21,9.10474E+15,5.01539E+16
35644,6,4,12,0,2018,9,17,6,3,5,3,0,0,1,0,0,0,0,0,4.77441E+20,5.55035E+21,8.68454E+15,5.0105E+16
35645,6,4,35,28,2018,9,13,6,3,5,3,0,0,1,0,0,0,0,0,5.31267E+20,5.57373E+21,9.43916E+15,5.03149E+16
35646,6,4,40,8,2018,9,17,3,3,2,6,0,0,1,0,0,0,0,0,4.81144E+20,5.57514E+21,8.73509E+15,5.03281E+16
35647,6,5,32,23,2018,9,15,2,3,5,3,0,0,1,0,0,0,1,0,4.64602E+20,5.60138E+21,8.50021E+15,5.05632E+16
35648,6,6,11,0,2018,9,22,5,3,5,3,2,0,1,0,0,0,0,0,5.35685E+20,5.68451E+21,9.51199E+15,5.13108E+16
35649,6,4,38,13,2018,9,17,4,3,5,2,0,1,1,0,0,0,0,0,4.95989E+20,5.54455E+21,8.94397E+15,5.00532E+16
35650,6,4,39,4,2018,9,11,6,2,5,2,0,0,1,0,0,0,0,0,4.26372E+20,5.53734E+21,7.97298E+15,4.99838E+16
35651,6,4,11,0,2018,9,14,2,3,3,2,0,0,1,0,0,0,1,0,4.74536E+20,5.52418E+21,8.64565E+15,4.98695E+16
35652,6,4,40,4,2018,9,18,1,3,8,1,0,0,1,0,0,0,0,1,5.08142E+20,5.56665E+21,9.1142E+15,5.0252E+16
35653,6,6,33,3,2018,9,15,1,3,8,1,0,0,1,0,0,0,0,1,5.31503E+20,5.67927E+21,9.45152E+15,5.12639E+16
35654,6,6,31,9,2018,9,16,5,3,2,6,0,0,1,0,0,0,0,0,5.50093E+20,5.60361E+21,9.70755E+15,5.05823E+16
35655,6,4,39,13,2018,9,6,6,3,1,5,1,0,1,0,0,0,1,0,4.22064E+20,5.53658E+21,7.91304E+15,4.99765E+16