OBJECTID_1,ULAND,UREGBEZ,UKREIS,UGEMEINDE,UJAHR,UMONAT,USTUNDE,UWOCHENTAG,UKATEGORIE,UART,UTYP1,ULICHTVERH,IstRad,IstPKW,IstFuss,IstKrad,IstGkfz,IstSonstig,STRZUSTAND,LINREFX,LINREFY,XGCSWGS84,YGCSWGS84
35846,6,4,32,11,2018,9,10,2,3,2,6,0,0,1,0,0,0,0,0,4.87931E+20,5.52592E+21,8.83199E+15,4.98856E+16
35847,6,4,40,8,2018,9,6,1,2,2,1,2,0,1,0,0,0,0,1,4.78142E+20,5.57442E+21,8.69295E+15,5.03215E+16
35848,6,4,11,0,2018,9,15,4,3,5,2,0,0,1,0,0,0,0,0,4.74251E+20,5.5244E+21,8.64167E+15,4.98714E+16
35849,6,5,33,9,2018,9,12,4,3,5,2,0,0,1,0,0,0,0,0,4.35204E+20,5.58688E+21,8.0877E+15,5.04304E+16
35850,6,6,34,17,2018,9,7,7,3,8,1,0,0,1,0,0,0,0,0,5.25185E+20,5.63331E+21,9.35777E+15,5.08509E+16
35851,6,4,39,4,2018,9,6,5,2,5,2,2,0,1,0,0,0,0,0,4.26373E+20,5.53735E+21,7.97299E+15,4.99839E+16
35852,6,4,33,12,2018,9,18,4,3,5,3,0,0,1,0,0,0,0,0,4.59956E+20,5.53739E+21,8.4414E+15,4.99875E+16
35853,6,5,34,7,2018,9,21,3,3,9,7,2,0,1,0,0,0,0,0,4.727E+20,5.63516E+21,8.61205E+15,5.08674E+16
35854,6,4,34,8,2018,9,7,5,3,1,5,0,0,1,0,0,0,0,0,4.66879E+20,5.56275E+21,8.53577E+15,5.0216E+16
35855,6,4,39,2,2018,9,14,1,3,8,1,0,0,0,0,1,0,0,0,4.26987E+20,5.55232E+21,7.97869E+15,5.01187E+16
35856,6,4,13,0,2018,9,18,5,3,2,6,0,0,1,0,0,0,0,0,4.82736E+20,5.55118E+21,8.75855E+15,5.01126E+16
35857,6,6,33,20,2018,9,17,6,3,3,6,0,0,1,0,0,0,0,1,5.40255E+20,5.68688E+21,9.57782E+15,5.13318E+16
35858,6,4,34,6,2018,9,22,5,3,5,2,2,0,1,0,0,0,0,1,4.67031E+20,5.55873E+21,8.53824E+15,5.01798E+16
35859,6,4,38,5,2018,9,12,3,3,5,3,0,0,1,0,0,0,0,0,4.85169E+20,5.54519E+21,8.7928E+15,5.00588E+16
35860,6,4,12,0,2018,9,18,4,3,5,3,0,1,1,0,0,0,0,0,4.80975E+20,5.55198E+21,8.73388E+15,5.01198E+16
35861,6,4,12,0,2018,9,16,5,3,2,6,0,0,1,0,0,0,0,0,4.80625E+20,5.55218E+21,8.72897E+15,5.01215E+16
35862,6,5,33,18,2018,9,18,5,2,9,7,1,0,0,0,1,0,0,0,4.56399E+20,5.58344E+21,8.38649E+15,5.04014E+16
35863,6,4,35,12,2018,9,15,3,2,5,2,0,0,1,0,0,0,0,0,5.08791E+20,5.56504E+21,9.12328E+15,5.02375E+16
35864,6,4,31,11,2018,9,22,5,3,0,3,2,1,0,0,0,0,1,1,4.72988E+20,5.49776E+21,8.62594E+15,4.96318E+16
35865,6,6,36,4,2018,9,16,1,3,5,3,0,0,1,0,0,0,0,0,5.54287E+20,5.67885E+21,9.77799E+15,5.12584E+16
35866,6,6,34,11,2018,9,18,5,3,1,5,0,0,1,0,0,1,0,0,5.33769E+20,5.65021E+21,9.48127E+15,5.10025E+16
35867,6,6,36,14,2018,9,14,6,3,5,3,0,0,1,0,0,0,0,0,5.68995E+20,5.66753E+21,9.98657E+15,5.11551E+16
35868,6,4,40,3,2018,9,8,5,3,2,6,0,0,1,0,0,0,0,0,4.80386E+20,5.56027E+21,8.72521E+15,5.01943E+16
35869,6,6,33,3,2018,9,13,3,3,5,2,0,0,1,0,0,0,0,0,5.3034E+20,5.67693E+21,9.43466E+15,5.12429E+16
35870,6,4,38,5,2018,9,8,2,3,2,6,0,0,1,0,0,0,0,0,4.86152E+20,5.54466E+21,8.80655E+15,5.0054E+16
35871,6,6,11,0,2018,9,12,4,3,2,2,0,0,1,0,0,0,0,0,5.32843E+20,5.68465E+21,9.47122E+15,5.13122E+16
35872,6,5,34,9,2018,9,16,6,3,8,1,0,0,1,0,0,0,0,1,4.76772E+20,5.61752E+21,8.67102E+15,5.0709E+16
35873,6,4,14,0,2018,9,14,4,3,2,6,0,0,1,0,0,0,0,0,4.46198E+20,5.5469E+21,8.24815E+15,5.00719E+16
35874,6,5,32,17,2018,9,12,5,3,2,6,0,0,1,0,0,0,0,0,4.55745E+20,5.6156E+21,8.37346E+15,5.06905E+16
35875,6,4,38,9,2018,9,17,3,3,2,6,0,0,1,0,0,1,0,0,4.70825E+20,5.54118E+21,8.59273E+15,5.00222E+16
35876,6,4,14,0,2018,9,11,1,2,8,1,0,0,1,0,0,0,0,1,4.46823E+20,5.54488E+21,8.25716E+15,5.00538E+16
35877,6,4,38,6,2018,9,15,5,3,2,6,0,0,1,0,0,0,0,0,4.77823E+20,5.53774E+21,8.69061E+15,4.99916E+16
35878,6,6,35,3,2018,9,15,7,2,9,1,0,0,0,0,1,0,0,0,5.02199E+20,5.66004E+21,9.03141E+15,5.10919E+16
35879,6,4,12,0,2018,9,13,4,3,3,6,0,0,1,0,0,1,0,0,4.71974E+20,5.54558E+21,8.60844E+15,5.00618E+16
35880,6,4,40,8,2018,9,8,5,3,5,3,0,0,1,0,0,0,0,0,4.83911E+20,5.57513E+21,8.77396E+15,5.0328E+16
35881,6,5,35,3,2018,9,6,2,3,8,1,0,0,0,0,1,0,0,0,5.09109E+20,5.61182E+21,9.12887E+15,5.06582E+16
35882,6,4,13,0,2018,9,20,7,1,4,6,2,0,1,0,0,0,0,1,4.81176E+20,5.54678E+21,8.73694E+15,5.0073E+16
35883,6,4,34,9,2018,9,21,4,3,2,6,2,0,1,0,0,0,0,0,4.61589E+20,5.57064E+21,8.46083E+15,5.02866E+16
35884,6,4,13,0,2018,9,8,4,3,6,2,0,0,1,1,0,0,0,0,4.8183E+20,5.54903E+21,8.74598E+15,5.00933E+16
35885,6,4,31,12,2018,9,9,5,3,1,7,0,0,1,0,0,0,0,0,4.91843E+20,5.47749E+21,8.88746E+15,4.945E+16
35886,6,4,13,0,2018,9,1,4,3,2,6,2,0,1,0,0,0,0,0,4.83809E+20,5.54612E+21,8.77377E+15,5.00672E+16
35887,6,5,32,14,2018,9,7,3,3,5,2,0,0,1,0,0,0,0,0,4.71333E+20,5.59718E+21,8.59556E+15,5.05258E+16
35888,6,4,31,13,2018,9,16,5,3,2,6,0,0,1,0,0,1,0,1,4.565E+20,5.49825E+21,8.39757E+15,4.96352E+16
35889,6,4,31,8,2018,9,14,1,3,9,1,0,0,0,0,1,0,0,0,4.79313E+20,5.48772E+21,8.71405E+15,4.95417E+16
35890,6,6,34,21,2018,9,13,5,3,3,6,0,0,0,0,1,0,1,0,5.21896E+20,5.63264E+21,9.311E+15,5.08451E+16
35891,6,4,13,0,2018,9,16,6,3,0,7,0,0,1,0,0,0,0,1,4.83528E+20,5.54843E+21,8.76974E+15,5.00879E+16
35892,6,4,31,22,2018,9,10,5,3,5,3,0,0,1,0,0,0,0,0,4.71986E+20,5.50843E+21,8.6113E+15,4.97277E+16
35893,6,4,40,3,2018,9,11,3,3,2,6,0,0,1,0,0,0,0,0,4.80702E+20,5.55705E+21,8.7298E+15,5.01653E+16
35894,6,4,33,14,2018,9,17,2,2,5,3,0,1,1,0,0,0,0,0,4.57679E+20,5.5331E+21,8.41011E+15,4.99488E+16
35895,6,4,12,0,2018,9,12,6,3,2,6,0,0,1,0,0,0,0,0,4.707E+20,5.55342E+21,8.59004E+15,5.01323E+16
35896,6,4,39,6,2018,9,17,4,3,4,1,0,0,1,0,0,0,0,0,4.37558E+20,5.56435E+21,8.12457E+15,5.0228E+16
35897,6,4,33,9,2018,9,7,5,3,2,6,0,0,1,0,0,0,0,0,4.60774E+20,5.53369E+21,8.45318E+15,4.99543E+16
35898,6,4,12,0,2018,9,23,2,3,2,6,2,0,1,0,0,0,1,0,4.68333E+20,5.55156E+21,8.55707E+15,5.01155E+16
35899,6,4,37,5,2018,9,15,1,3,9,1,0,0,1,0,0,0,0,1,4.94783E+20,5.50627E+21,8.92764E+15,4.97089E+16
35900,6,6,31,9,2018,9,17,1,2,8,1,0,0,1,0,0,0,0,1,5.48972E+20,5.60017E+21,9.69126E+15,5.05514E+16
35901,6,4,32,16,2018,9,17,2,2,4,2,0,0,1,0,0,0,0,0,4.80492E+20,5.51947E+21,8.72877E+15,4.98274E+16
35902,6,5,32,18,2018,9,5,6,3,5,3,2,0,1,0,0,0,0,0,4.62597E+20,5.59662E+21,8.47238E+15,5.05204E+16
35903,6,6,11,0,2018,9,16,4,3,2,2,0,0,1,0,0,0,0,0,5.25966E+20,5.68793E+21,9.3728E+15,5.13421E+16
35904,6,4,33,3,2018,9,13,5,3,5,3,0,1,1,0,0,0,0,0,4.65537E+20,5.52751E+21,8.52012E+15,4.9899E+16
35905,6,5,35,12,2018,9,5,2,2,5,3,2,0,1,0,0,0,1,0,5.2022E+20,5.60408E+21,9.28563E+15,5.05883E+16
35906,6,4,12,0,2018,9,18,1,3,2,6,1,0,1,0,0,0,0,1,4.79276E+20,5.5533E+21,8.71004E+15,5.01316E+16
35907,6,4,31,6,2018,9,6,5,3,9,7,0,0,1,0,0,0,0,0,4.66764E+20,5.50271E+21,8.53934E+15,4.9676E+16
35908,6,6,33,4,2018,9,1,7,3,1,5,2,0,1,0,1,0,0,0,5.1737E+20,5.69971E+21,9.24997E+15,5.14483E+16
35909,6,5,31,3,2018,9,19,3,2,4,6,2,0,1,0,1,0,1,0,4.86603E+20,5.60776E+21,8.81061E+15,5.06216E+16
35910,6,6,31,15,2018,9,7,5,2,0,2,0,0,1,0,1,0,0,0,5.46764E+20,5.61254E+21,9.66167E+15,5.06628E+16
35911,6,5,32,23,2018,9,22,2,3,1,7,2,0,1,0,0,0,0,0,4.62298E+20,5.60087E+21,8.46773E+15,5.05585E+16
35912,6,6,11,0,2018,9,14,7,3,5,2,0,0,1,0,0,0,0,1,5.30731E+20,5.68728E+21,9.44115E+15,5.13359E+16
35913,6,6,31,23,2018,9,19,5,3,5,3,1,0,1,0,0,0,0,0,5.73175E+20,5.6075E+21,1.00343E+16,5.06148E+16
35914,6,4,11,0,2018,9,14,4,3,2,6,0,0,1,0,0,0,0,0,4.71005E+20,5.5223E+21,8.59665E+15,4.98524E+16
35915,6,4,14,0,2018,9,7,3,2,2,6,0,0,1,0,0,1,0,0,4.44107E+20,5.54474E+21,8.21924E+15,5.00524E+16
35916,6,6,31,9,2018,9,17,5,3,5,2,0,1,1,0,0,0,0,0,5.48421E+20,5.6013E+21,9.68364E+15,5.05617E+16
35917,6,4,31,20,2018,9,17,1,3,5,2,0,0,1,0,0,0,0,0,4.68024E+20,5.48603E+21,8.55816E+15,4.9526E+16
35918,6,4,35,2,2018,9,11,5,3,5,3,0,0,1,0,0,0,0,0,5.26492E+20,5.56937E+21,9.37179E+15,5.02759E+16
35919,6,4,12,0,2018,9,17,6,3,0,7,0,0,1,0,1,0,0,1,4.78012E+20,5.54991E+21,8.69254E+15,5.0101E+16
35920,6,4,35,14,2018,9,13,5,2,5,2,0,0,1,0,0,0,0,0,4.93216E+20,5.55866E+21,8.90499E+15,5.01801E+16
35921,6,4,32,20,2018,9,19,3,3,8,1,1,0,1,0,0,0,0,0,4.81771E+20,5.52421E+21,8.74632E+15,4.987E+16
35922,6,4,35,14,2018,9,8,2,3,2,6,0,0,1,0,0,0,1,0,4.94896E+20,5.55272E+21,8.92859E+15,5.01267E+16
35923,6,5,33,7,2018,9,17,5,3,1,6,0,0,1,0,0,0,0,0,4.32817E+20,5.59045E+21,8.05345E+15,5.04622E+16
35924,6,4,39,13,2018,9,12,4,2,2,6,0,0,1,0,1,0,0,0,4.20635E+20,5.53634E+21,7.89317E+15,4.99742E+16
35925,6,4,12,0,2018,9,8,5,2,6,4,0,0,0,1,0,0,1,0,4.81511E+20,5.55355E+21,8.74129E+15,5.01339E+16
35926,6,4,11,0,2018,9,6,2,3,5,3,1,1,1,0,0,0,0,0,4.75274E+20,5.52385E+21,8.65593E+15,4.98665E+16
35927,6,4,40,3,2018,9,10,1,3,8,1,0,0,1,0,0,0,0,1,4.79248E+20,5.55861E+21,8.70935E+15,5.01793E+16
35928,6,6,33,3,2018,9,17,1,2,8,1,0,0,1,0,0,0,0,1,5.31511E+20,5.67927E+21,9.45163E+15,5.12639E+16
35929,6,5,34,14,2018,9,12,5,3,5,2,0,0,1,0,1,0,0,0,4.84179E+20,5.62899E+21,8.77543E+15,5.08125E+16
35930,6,6,33,16,2018,9,14,7,3,5,3,0,0,1,0,0,0,0,0,5.20501E+20,5.70514E+21,9.29534E+15,5.1497E+16
35931,6,5,32,1,2018,9,17,5,2,5,3,0,0,1,0,0,0,0,0,4.59384E+20,5.60531E+21,8.42611E+15,5.05983E+16
35932,6,4,12,0,2018,9,10,3,3,5,3,0,1,0,0,0,0,1,0,4.82934E+20,5.55316E+21,8.76123E+15,5.01304E+16
35933,6,4,12,0,2018,9,12,5,3,2,6,0,0,1,0,0,0,0,0,4.71883E+20,5.54506E+21,8.60721E+15,5.00572E+16
35934,6,6,35,19,2018,9,14,1,3,2,6,0,0,0,0,1,0,0,0,4.97823E+20,5.67286E+21,8.96883E+15,5.12071E+16
35935,6,5,34,15,2018,9,1,7,2,6,4,2,0,0,1,0,0,1,0,4.80073E+20,5.64555E+21,8.71625E+15,5.09612E+16
35936,6,4,12,0,2018,9,9,5,3,5,3,0,1,1,0,0,0,0,0,4.78932E+20,5.5547E+21,8.70514E+15,5.01441E+16
35937,6,4,14,0,2018,9,17,3,3,2,6,0,0,1,0,1,0,0,0,4.4523E+20,5.54696E+21,8.23462E+15,5.00724E+16
35938,6,6,34,3,2018,9,16,2,3,4,6,0,0,1,0,0,0,1,1,5.32952E+20,5.66629E+21,9.4711E+15,5.11471E+16
35939,6,4,38,12,2018,9,19,5,3,3,6,1,0,1,0,1,0,0,0,4.87238E+20,5.53739E+21,8.82197E+15,4.99887E+16
35940,6,4,39,8,2018,9,12,7,3,7,1,0,0,0,0,1,0,1,1,4.46794E+20,5.56382E+21,8.25411E+15,5.02241E+16
35941,6,6,11,0,2018,9,12,3,3,6,4,0,0,1,1,0,0,0,0,5.3218E+20,5.68471E+21,9.46172E+15,5.13128E+16
35942,6,4,12,0,2018,9,8,5,3,3,6,0,0,1,0,0,1,0,0,4.71432E+20,5.55349E+21,8.60027E+15,5.0133E+16
35943,6,4,12,0,2018,9,19,2,2,7,7,1,0,1,0,0,1,1,0,4.71459E+20,5.55109E+21,8.60084E+15,5.01114E+16
35944,6,4,35,2,2018,9,17,7,2,2,6,0,0,1,0,0,0,0,0,5.26478E+20,5.56939E+21,9.3716E+15,5.0276E+16
35945,6,5,33,2,2018,9,11,5,3,2,6,0,0,1,0,0,0,0,0,4.37893E+20,5.57947E+21,8.12677E+15,5.03641E+16
35946,6,6,34,1,2018,9,11,3,2,2,6,0,0,1,0,0,0,0,0,5.19767E+20,5.65577E+21,9.28202E+15,5.10531E+16
35947,6,6,11,0,2018,9,10,2,3,3,6,0,0,1,0,1,0,0,0,5.36249E+20,5.68425E+21,9.52005E+15,5.13084E+16
35948,6,6,31,7,2018,9,11,5,3,1,5,0,0,1,0,0,1,0,0,5.56251E+20,5.62359E+21,9.79756E+15,5.07614E+16
35949,6,6,33,2,2018,9,17,6,3,8,1,0,0,1,0,0,0,1,1,5.29989E+20,5.71927E+21,9.43322E+15,5.16237E+16
35950,6,6,36,12,2018,9,11,4,3,4,6,0,0,1,0,0,0,0,0,5.63507E+20,5.66337E+21,9.90736E+15,5.11183E+16
35951,6,5,34,9,2018,9,16,3,3,8,1,0,0,1,0,0,0,0,0,4.75828E+20,5.61765E+21,8.65765E+15,5.07102E+16
35952,6,6,32,14,2018,9,14,2,3,9,1,0,0,1,0,0,0,0,0,5.4107E+20,5.63967E+21,9.58414E+15,5.09072E+16
35953,6,6,11,0,2018,9,15,5,3,5,2,0,0,1,0,0,0,0,0,5.34833E+20,5.68568E+21,9.49987E+15,5.13214E+16
35954,6,4,39,15,2018,9,9,7,3,5,2,0,0,1,0,1,0,0,0,4.42873E+20,5.55914E+21,8.19986E+15,5.01817E+16
35955,6,4,36,4,2018,9,17,4,3,5,3,0,1,1,0,0,0,0,0,4.5795E+20,5.54175E+21,8.41293E+15,5.00266E+16
35956,6,6,32,19,2018,9,13,4,2,5,2,0,1,1,0,0,0,0,0,5.60036E+20,5.63088E+21,9.85242E+15,5.08265E+16
35957,6,4,39,15,2018,9,9,2,3,2,6,0,0,1,0,0,0,0,0,4.44141E+20,5.55833E+21,8.21774E+15,5.01746E+16
35958,6,4,11,0,2018,9,17,1,3,5,3,0,0,1,0,0,0,1,1,4.73391E+20,5.51818E+21,8.63013E+15,4.98155E+16
35959,6,6,32,15,2018,9,12,1,2,2,6,0,0,1,0,0,0,0,1,5.40255E+20,5.63044E+21,9.57152E+15,5.08242E+16
35960,6,5,32,22,2018,9,17,5,3,5,2,0,0,1,0,0,0,0,0,4.64221E+20,5.58747E+21,8.49617E+15,5.04382E+16
35961,6,4,39,15,2018,9,14,7,2,2,6,0,0,1,0,1,0,0,0,4.39116E+20,5.55462E+21,8.14797E+15,5.01407E+16
35962,6,6,32,2,2018,9,7,4,2,3,6,0,0,1,0,0,1,0,0,5.51334E+20,5.63787E+21,9.72986E+15,5.08902E+16
35963,6,4,34,12,2018,9,17,3,2,9,7,0,0,1,0,0,0,0,0,4.68866E+20,5.57051E+21,8.56298E+15,5.02859E+16
35964,6,5,35,13,2018,9,15,1,3,2,6,0,0,1,0,0,0,0,0,5.01976E+20,5.6138E+21,9.02797E+15,5.06761E+16
35965,6,5,33,2,2018,9,7,4,3,8,6,0,0,1,0,0,0,0,0,4.43943E+20,5.57707E+21,8.2122E+15,5.03431E+16
35966,6,4,12,0,2018,9,15,1,3,2,6,0,0,1,0,1,0,0,0,4.76848E+20,5.55033E+21,8.67625E+15,5.01048E+16
35967,6,4,33,5,2018,9,20,7,3,8,1,2,0,1,0,0,0,0,1,4.52144E+20,5.53657E+21,8.33252E+15,4.99796E+16
35968,6,6,11,0,2018,9,17,4,3,2,6,0,0,1,0,0,0,0,0,5.35281E+20,5.68225E+21,9.50596E+15,5.12905E+16
35969,6,4,11,0,2018,9,17,3,3,2,6,0,0,1,0,0,0,0,0,4.74848E+20,5.52991E+21,8.64961E+15,4.9921E+16
35970,6,4,39,8,2018,9,17,2,3,2,6,0,0,1,0,0,0,0,0,4.46767E+20,5.56366E+21,8.25377E+15,5.02227E+16
35971,6,4,40,23,2018,9,23,5,2,2,6,2,0,0,0,0,1,1,0,4.7732E+20,5.57279E+21,8.6815E+15,5.03068E+16
35972,6,4,33,8,2018,9,15,6,1,4,6,0,0,1,0,0,0,0,1,4.67649E+20,5.5347E+21,8.54893E+15,4.99637E+16
35973,6,6,11,0,2018,9,14,4,3,5,2,0,1,1,0,0,0,0,0,5.35864E+20,5.68447E+21,9.51455E+15,5.13104E+16
35974,6,4,12,0,2018,9,19,3,3,9,1,1,0,1,0,0,0,0,0,4.75807E+20,5.5574E+21,8.66124E+15,5.01683E+16
35975,6,6,32,2,2018,9,14,1,3,5,3,0,0,1,0,0,0,0,1,5.49255E+20,5.63517E+21,9.69993E+15,5.08661E+16
35976,6,6,11,0,2018,9,15,5,2,2,2,0,0,1,0,0,1,0,0,5.32807E+20,5.68193E+21,9.47045E+15,5.12878E+16
35977,6,4,39,6,2018,9,17,7,2,9,1,0,0,0,0,1,0,0,0,4.31948E+20,5.56156E+21,8.04642E+15,5.02023E+16
35978,6,6,33,3,2018,9,12,5,3,0,7,0,0,1,0,0,0,0,0,5.31952E+20,5.67911E+21,9.45794E+15,5.12624E+16
35979,6,4,40,5,2018,9,14,6,3,2,6,0,0,1,0,0,0,0,1,4.77007E+20,5.58719E+21,8.67623E+15,5.04363E+16
35980,6,6,11,0,2018,9,14,4,3,5,2,0,0,0,0,0,1,1,0,5.38122E+20,5.68279E+21,9.54676E+15,5.12951E+16
35981,6,5,31,1,2018,9,16,3,1,8,1,0,0,0,0,1,0,0,0,4.87915E+20,5.61658E+21,8.82887E+15,5.07009E+16
35982,6,5,31,12,2018,9,15,2,2,3,2,0,0,1,0,1,0,0,0,4.74491E+20,5.59689E+21,8.64014E+15,5.05234E+16
35983,6,4,12,0,2018,9,6,5,3,0,1,0,1,0,0,0,0,0,0,4.80542E+20,5.54985E+21,8.72793E+15,5.01006E+16
35984,6,4,39,13,2018,9,13,7,3,2,1,0,0,1,0,0,0,0,0,4.23595E+20,5.53702E+21,7.93431E+15,4.99806E+16
35985,6,5,31,4,2018,9,17,4,2,4,2,0,0,1,0,0,0,0,0,4.83729E+20,5.59991E+21,8.77033E+15,5.05509E+16
35986,6,4,14,0,2018,9,17,4,3,5,3,0,1,1,0,0,0,0,0,4.43881E+20,5.54353E+21,8.21628E+15,5.00414E+16
35987,6,4,31,19,2018,9,16,2,3,2,6,0,0,1,0,0,0,0,0,4.82448E+20,5.49607E+21,8.75701E+15,4.96169E+16
35988,6,4,33,12,2018,9,13,1,3,4,1,0,0,1,0,0,0,0,1,4.58914E+20,5.53911E+21,8.42668E+15,5.00029E+16
35989,6,4,40,5,2018,9,19,1,3,2,6,2,0,1,0,0,0,0,1,4.78395E+20,5.58686E+21,8.6958E+15,5.04333E+16
35990,6,4,12,0,2018,9,15,4,2,5,3,0,0,1,1,0,0,1,0,4.75391E+20,5.55064E+21,8.65585E+15,5.01075E+16
35991,6,4,40,23,2018,9,15,5,3,2,6,0,0,1,0,0,0,0,0,4.77663E+20,5.57325E+21,8.68629E+15,5.03109E+16
35992,6,4,34,8,2018,9,0,7,3,1,5,2,1,1,0,0,0,0,0,4.703E+20,5.56096E+21,8.58386E+15,5.02E+16
35993,6,4,14,0,2018,9,13,4,3,2,6,0,0,1,0,0,0,0,0,4.46188E+20,5.54688E+21,8.24802E+15,5.00718E+16
35994,6,4,40,3,2018,9,11,4,3,5,3,0,0,1,0,0,0,1,0,4.80869E+20,5.56018E+21,8.73197E+15,5.01935E+16
35995,6,5,32,5,2018,9,6,3,2,2,6,0,0,1,0,0,0,0,0,4.51469E+20,5.63158E+21,8.31083E+15,5.08339E+16
35996,6,4,12,0,2018,9,15,4,3,2,6,0,0,1,0,0,0,0,0,4.6522E+20,5.54953E+21,8.51372E+15,5.0097E+16
35997,6,6,11,0,2018,9,11,1,3,8,2,0,0,1,0,0,0,0,0,5.31657E+20,5.68234E+21,9.454E+15,5.12915E+16
35998,6,4,14,0,2018,9,16,5,3,2,6,0,0,1,0,1,0,0,0,4.45947E+20,5.54688E+21,8.24464E+15,5.00718E+16
35999,6,5,35,16,2018,9,20,6,3,2,6,2,1,1,0,0,0,0,1,5.09697E+20,5.59574E+21,9.13676E+15,5.05136E+16
36000,6,4,12,0,2018,9,8,4,3,5,3,0,0,1,0,0,0,0,0,4.72674E+20,5.55793E+21,8.61733E+15,5.01729E+16
36001,6,6,35,14,2018,9,5,3,3,7,1,2,0,1,0,0,0,0,0,4.70301E+20,5.6455E+21,8.57711E+15,5.09604E+16
36002,6,4,34,9,2018,9,8,2,2,5,2,0,0,1,0,0,0,0,0,4.61585E+20,5.57064E+21,8.46077E+15,5.02866E+16
36003,6,5,34,14,2018,9,16,1,2,4,6,0,0,1,0,0,0,0,0,4.87715E+20,5.62514E+21,8.82576E+15,5.07779E+16
36004,6,6,31,15,2018,9,17,6,3,5,3,0,0,0,0,1,1,0,1,5.47528E+20,5.61227E+21,9.67243E+15,5.06604E+16
36005,6,4,12,0,2018,9,11,4,3,2,6,0,0,1,0,0,0,0,0,4.78698E+20,5.55228E+21,8.70201E+15,5.01224E+16
36006,6,4,12,0,2018,9,8,4,3,3,2,0,0,1,0,0,0,1,0,4.79947E+20,5.55235E+21,8.71948E+15,5.01231E+16
36007,6,4,35,17,2018,9,5,2,3,5,2,2,0,1,0,0,0,0,0,5.00755E+20,5.55886E+21,9.01058E+15,5.0182E+16
36008,6,4,12,0,2018,9,16,1,3,6,4,0,0,1,1,0,0,0,1,4.68028E+20,5.55049E+21,8.5529E+15,5.01058E+16
36009,6,4,34,11,2018,9,16,5,2,8,7,0,0,0,0,1,0,0,0,4.69392E+20,5.57761E+21,8.56978E+15,5.03498E+16
36010,6,4,34,1,2018,9,14,7,3,5,2,0,0,1,0,0,0,0,0,4.75901E+20,5.56272E+21,8.66222E+15,5.02162E+16
36011,6,5,31,12,2018,9,17,4,3,2,6,0,0,1,0,0,0,0,0,4.74182E+20,5.59699E+21,8.63578E+15,5.05243E+16
36012,6,4,12,0,2018,9,15,4,2,6,4,0,0,0,1,0,0,1,0,4.76019E+20,5.55033E+21,8.66465E+15,5.01048E+16
36013,6,6,31,15,2018,9,16,2,3,2,6,0,0,1,0,0,0,0,0,5.52967E+20,5.61087E+21,9.74918E+15,5.06473E+16
36014,6,4,12,0,2018,9,17,7,3,2,6,0,0,1,0,0,0,0,0,4.65852E+20,5.54934E+21,8.52257E+15,5.00953E+16
36015,6,4,34,8,2018,9,7,4,3,2,2,0,0,1,0,1,0,0,0,4.63894E+20,5.56461E+21,8.49374E+15,5.02326E+16
36016,6,4,12,0,2018,9,3,4,3,9,1,2,0,1,0,0,0,0,0,4.80248E+20,5.54985E+21,8.72381E+15,5.01006E+16
36017,6,4,36,9,2018,9,14,7,2,0,1,0,1,0,0,0,0,0,0,4.62908E+20,5.54898E+21,8.48145E+15,5.0092E+16
36018,6,4,12,0,2018,9,17,4,3,5,2,0,1,1,0,0,0,0,0,4.77431E+20,5.55332E+21,8.68422E+15,5.01317E+16
36019,6,4,12,0,2018,9,18,4,3,2,6,0,0,1,0,0,0,0,0,4.67762E+20,5.5522E+21,8.54903E+15,5.01211E+16
36020,6,4,35,10,2018,9,13,3,2,9,1,0,0,0,0,1,0,0,0,5.09912E+20,5.56076E+21,9.13888E+15,5.01989E+16
36021,6,4,32,23,2018,9,22,4,3,5,3,2,0,1,0,0,0,1,0,4.72661E+20,5.52741E+21,8.61933E+15,4.98985E+16
36022,6,5,32,8,2018,9,19,1,3,7,7,0,0,0,0,1,0,0,0,4.56388E+20,5.60662E+21,8.38363E+15,5.06099E+16
36023,6,6,33,3,2018,9,12,4,2,2,6,0,0,0,0,0,1,1,0,5.29125E+20,5.68008E+21,9.4175E+15,5.12713E+16
36024,6,6,34,21,2018,9,18,4,3,2,6,0,0,1,0,0,0,0,0,5.20514E+20,5.63304E+21,9.2914E+15,5.08487E+16
36025,6,4,32,14,2018,9,14,2,3,4,6,0,0,1,0,0,0,0,0,4.79185E+20,5.5188E+21,8.71064E+15,4.98213E+16
36026,6,6,32,2,2018,9,19,7,3,3,6,0,1,1,0,0,0,0,0,5.47084E+20,5.63204E+21,9.66868E+15,5.08382E+16
36027,6,6,35,5,2018,9,11,4,3,4,6,0,0,1,0,0,0,0,0,4.74187E+20,5.65909E+21,8.63147E+15,5.10827E+16
36028,6,4,14,0,2018,9,19,4,3,0,7,0,1,0,1,0,0,0,0,4.44952E+20,5.54417E+21,8.23114E+15,5.00473E+16
36029,6,4,40,20,2018,9,23,7,3,5,3,2,0,1,0,0,0,0,0,4.98756E+20,5.57807E+21,8.98252E+15,5.03547E+16
36030,6,6,36,4,2018,9,12,4,2,5,3,0,0,1,0,1,0,0,0,5.53939E+20,5.67646E+21,9.77264E+15,5.1237E+16
36031,6,6,31,9,2018,9,17,4,3,5,2,0,1,1,0,0,0,0,0,5.4905E+20,5.59907E+21,9.69222E+15,5.05415E+16
36032,6,4,33,12,2018,9,7,3,3,5,2,0,0,1,0,0,0,0,0,4.58632E+20,5.53757E+21,8.42291E+15,4.9989E+16
36033,6,6,35,9,2018,9,11,4,2,5,3,0,1,1,0,0,0,0,0,5.04322E+20,5.66559E+21,9.06179E+15,5.11417E+16
36034,6,4,35,19,2018,9,21,1,3,5,2,2,0,1,0,0,0,0,0,4.85902E+20,5.55391E+21,8.80273E+15,5.01372E+16