OBJECTID_1,ULAND,UREGBEZ,UKREIS,UGEMEINDE,UJAHR,UMONAT,USTUNDE,UWOCHENTAG,UKATEGORIE,UART,UTYP1,ULICHTVERH,IstRad,IstPKW,IstFuss,IstKrad,IstGkfz,IstSonstig,STRZUSTAND,LINREFX,LINREFY,XGCSWGS84,YGCSWGS84
36035,6,4,12,0,2018,9,15,5,3,5,2,0,1,1,0,0,0,0,0,4.78912E+20,5.55206E+21,8.70501E+15,5.01204E+16
36036,6,6,11,0,2018,9,17,6,3,2,2,0,0,1,0,0,0,0,1,5.34987E+20,5.68566E+21,9.50208E+15,5.13211E+16
36037,6,6,33,14,2018,9,11,4,3,8,6,0,0,1,0,0,0,1,0,5.36743E+20,5.69601E+21,9.52836E+15,5.14141E+16
36038,6,4,35,2,2018,9,8,3,3,6,4,0,0,1,1,0,0,0,0,5.26214E+20,5.57084E+21,9.36799E+15,5.02891E+16
36039,6,4,40,17,2018,9,16,2,3,1,5,0,1,1,0,0,0,0,0,4.85703E+20,5.56977E+21,8.79934E+15,5.02799E+16
36040,6,6,31,8,2018,9,19,6,3,8,1,1,0,1,0,0,0,0,1,5.40234E+20,5.58378E+21,9.56616E+15,5.04046E+16
36041,6,6,32,3,2018,9,7,4,3,5,3,0,1,1,0,0,0,0,0,5.55119E+20,5.64788E+21,9.78518E+15,5.09799E+16
36042,6,6,36,5,2018,9,18,4,3,0,7,0,0,1,0,0,1,0,0,5.74138E+20,5.65245E+21,1.0057E+16,5.10188E+16
36043,6,6,11,0,2018,9,20,2,3,1,5,2,0,1,0,1,0,0,0,5.36301E+20,5.68343E+21,9.5207E+15,5.1301E+16
36044,6,4,12,0,2018,9,14,1,3,3,6,0,0,1,0,0,0,0,1,4.78721E+20,5.55229E+21,8.70232E+15,5.01224E+16
36045,6,4,35,18,2018,9,5,5,3,5,3,2,0,1,0,0,0,0,0,5.13716E+20,5.55999E+21,9.19214E+15,5.0192E+16
36046,6,4,40,9,2018,9,21,7,3,1,5,2,0,1,0,1,0,0,0,5.14146E+20,5.58594E+21,9.19915E+15,5.04253E+16
36047,6,6,11,0,2018,9,5,3,3,5,3,2,0,1,0,0,0,1,1,5.35821E+20,5.68467E+21,9.51396E+15,5.13122E+16
36048,6,4,39,3,2018,9,8,4,3,2,6,0,0,1,0,0,0,0,0,4.3713E+20,5.54487E+21,8.12178E+15,5.00528E+16
36049,6,6,31,18,2018,9,16,2,3,5,3,0,0,1,0,0,0,0,0,5.45754E+20,5.59074E+21,9.64469E+15,5.04669E+16
36050,6,4,39,14,2018,9,20,7,3,7,7,2,0,1,0,0,0,0,1,4.30565E+20,5.54803E+21,8.02951E+15,5.00805E+16
36051,6,4,39,13,2018,9,19,4,3,8,1,0,0,1,0,0,0,0,0,4.22538E+20,5.53669E+21,7.91963E+15,4.99775E+16
36052,6,5,31,5,2018,9,11,3,2,2,6,0,0,1,0,0,0,0,0,4.75945E+20,5.60495E+21,8.66013E+15,5.0596E+16
36053,6,6,32,2,2018,9,13,2,3,0,7,0,1,1,0,0,0,0,0,5.49413E+20,5.63504E+21,9.70216E+15,5.08649E+16
36054,6,4,38,9,2018,9,8,4,3,2,6,0,0,1,0,0,0,0,0,4.79167E+20,5.54408E+21,8.70901E+15,5.00486E+16
36055,6,5,32,8,2018,9,17,5,3,5,2,0,0,1,0,1,0,0,0,4.56149E+20,5.6058E+21,8.38035E+15,5.06024E+16
36056,6,4,32,23,2018,9,18,6,3,0,1,0,0,0,0,1,0,0,1,4.7244E+20,5.52898E+21,8.61614E+15,4.99125E+16
36057,6,4,34,13,2018,9,18,4,3,0,2,0,1,1,0,0,0,0,0,4.59398E+20,5.57297E+21,8.42982E+15,5.03074E+16
36058,6,4,31,21,2018,9,19,3,3,5,3,0,1,1,0,0,0,0,0,4.88378E+20,5.49083E+21,8.83926E+15,4.957E+16
36059,6,5,32,23,2018,9,12,2,3,5,3,0,0,1,0,0,0,0,0,4.63458E+20,5.60349E+21,8.48386E+15,5.05822E+16
36060,6,6,33,8,2018,9,20,5,2,5,3,2,0,1,0,0,0,0,0,5.35813E+20,5.6786E+21,9.51323E+15,5.12576E+16
36061,6,4,38,9,2018,9,13,4,3,3,7,0,0,1,0,0,0,0,0,4.7818E+20,5.54482E+21,8.69518E+15,5.00553E+16
36062,6,6,34,5,2018,9,8,5,3,1,5,0,0,1,0,0,0,0,0,5.18638E+20,5.66525E+21,9.26641E+15,5.11384E+16
36063,6,4,12,0,2018,9,8,6,3,3,2,0,0,1,0,0,0,1,0,4.67113E+20,5.55089E+21,8.54007E+15,5.01093E+16
36064,6,5,33,13,2018,9,11,4,2,5,3,0,0,1,0,0,0,0,0,4.44269E+20,5.5886E+21,8.21507E+15,5.04468E+16
36065,6,4,40,14,2018,9,11,3,2,0,1,0,0,0,0,1,0,0,0,4.98062E+20,5.56765E+21,8.97281E+15,5.0261E+16
36066,6,5,34,14,2018,9,8,2,2,5,3,0,1,1,0,0,0,0,0,4.82801E+20,5.63273E+21,8.7557E+15,5.08461E+16
36067,6,4,35,21,2018,9,0,5,2,5,2,2,0,1,0,0,0,0,0,4.90274E+20,5.56603E+21,8.86359E+15,5.02463E+16
36068,6,4,35,28,2018,9,16,4,3,5,3,0,0,1,0,1,0,0,0,5.30943E+20,5.57395E+21,9.43462E+15,5.03169E+16
36069,6,5,33,17,2018,9,15,4,3,2,6,0,0,1,0,0,0,0,0,4.47831E+20,5.59314E+21,8.2646E+15,5.04879E+16
36070,6,4,12,0,2018,9,22,2,2,0,1,2,1,0,0,0,0,0,0,4.75604E+20,5.55094E+21,8.65881E+15,5.01102E+16
36071,6,4,36,7,2018,9,12,1,3,0,1,0,0,0,0,1,0,0,1,4.59636E+20,5.54626E+21,8.436E+15,5.00672E+16
36072,6,5,32,23,2018,9,20,1,3,5,3,2,0,1,0,0,0,0,1,4.64602E+20,5.60138E+21,8.50021E+15,5.05633E+16
36073,6,5,34,10,2018,9,6,5,3,5,2,1,0,1,0,0,0,0,0,4.67577E+20,5.62624E+21,8.54004E+15,5.0787E+16
36074,6,5,32,20,2018,9,12,7,2,6,4,0,0,1,1,0,0,0,0,4.52431E+20,5.61169E+21,8.32706E+15,5.06551E+16
36075,6,4,12,0,2018,9,11,3,3,5,2,0,0,0,0,1,0,1,0,4.77137E+20,5.55718E+21,8.67988E+15,5.01664E+16
36076,6,4,40,18,2018,9,12,4,3,5,3,0,0,1,0,0,0,0,0,4.7893E+20,5.58104E+21,8.70365E+15,5.0381E+16
36077,6,4,33,4,2018,9,10,2,3,2,6,0,0,1,0,0,1,0,0,4.67097E+20,5.51037E+21,8.54331E+15,4.97449E+16
36078,6,4,40,17,2018,9,14,7,3,5,2,0,0,1,0,0,0,0,0,4.864E+20,5.56895E+21,8.80915E+15,5.02725E+16
36079,6,4,37,9,2018,9,17,4,3,9,1,0,0,0,0,1,0,0,0,4.98739E+20,5.51547E+21,8.98248E+15,4.97917E+16
36080,6,5,33,9,2018,9,13,3,3,9,6,0,0,1,0,0,0,0,0,4.34344E+20,5.58445E+21,8.07601E+15,5.04084E+16
36081,6,4,14,0,2018,9,11,7,3,5,2,0,0,1,0,1,0,0,0,4.45635E+20,5.54683E+21,8.24029E+15,5.00713E+16
36082,6,4,12,0,2018,9,11,2,3,2,6,0,0,0,0,1,0,1,0,4.7613E+20,5.55516E+21,8.6659E+15,5.01481E+16
36083,6,5,32,23,2018,9,17,5,3,6,4,0,0,1,1,0,0,0,0,4.64656E+20,5.60125E+21,8.50098E+15,5.05621E+16
36084,6,6,11,0,2018,9,15,6,3,5,2,0,0,1,0,0,0,0,1,5.32672E+20,5.68171E+21,9.4685E+15,5.12858E+16
36085,6,5,32,7,2018,9,11,4,3,5,3,0,1,1,0,0,0,0,0,4.41226E+20,5.6081E+21,8.16913E+15,5.06218E+16
36086,6,6,31,9,2018,9,15,3,3,6,6,0,1,0,1,0,0,0,0,5.49277E+20,5.6007E+21,9.69564E+15,5.05561E+16
36087,6,4,39,8,2018,9,6,2,3,2,6,0,0,1,0,0,0,0,0,4.47395E+20,5.55995E+21,8.26308E+15,5.01894E+16
36088,6,6,11,0,2018,9,16,5,2,6,4,0,0,1,1,0,0,0,0,5.34175E+20,5.68497E+21,9.49037E+15,5.1315E+16
36089,6,4,32,17,2018,9,17,7,2,9,1,0,0,0,0,1,0,0,0,4.94926E+20,5.52002E+21,8.92945E+15,4.98326E+16
36090,6,4,32,10,2018,9,16,4,3,8,1,0,0,0,0,1,0,0,0,4.91164E+20,5.5254E+21,8.87701E+15,4.98809E+16
36091,6,4,40,25,2018,9,16,4,2,5,3,0,0,1,0,1,0,0,0,4.82728E+20,5.56874E+21,8.75763E+15,5.02706E+16
36092,6,4,36,7,2018,9,8,2,3,2,6,0,0,1,0,0,0,0,0,4.60718E+20,5.54805E+21,8.45094E+15,5.00834E+16
36093,6,4,40,24,2018,9,3,1,3,8,1,2,0,0,0,1,0,0,1,4.85324E+20,5.58279E+21,8.79352E+15,5.0397E+16
36094,6,4,12,0,2018,9,10,1,3,5,3,0,0,1,0,0,0,1,1,4.71857E+20,5.55147E+21,8.60637E+15,5.01148E+16
36095,6,4,38,11,2018,9,22,5,3,7,7,2,0,1,0,0,1,0,0,4.91494E+20,5.54523E+21,8.88116E+15,5.00593E+16
36096,6,4,32,8,2018,9,17,7,2,5,3,0,1,1,0,0,0,0,0,4.68464E+20,5.52081E+21,8.56143E+15,4.98389E+16
36097,6,4,40,23,2018,9,13,4,3,2,6,0,0,1,0,0,0,0,0,4.77516E+20,5.5714E+21,8.68434E+15,5.02943E+16
36098,6,4,35,12,2018,9,6,3,3,5,2,2,0,1,0,0,0,0,0,5.07665E+20,5.56021E+21,9.10739E+15,5.0194E+16
36099,6,5,34,5,2018,9,17,4,3,2,6,0,0,1,0,0,0,0,0,4.61681E+20,5.63693E+21,8.45527E+15,5.08828E+16
36100,6,4,11,0,2018,9,14,1,3,5,2,0,0,1,0,0,0,1,0,4.76117E+20,5.52324E+21,8.66771E+15,4.98611E+16
36101,6,4,35,6,2018,9,17,6,2,0,1,0,0,0,0,1,0,0,1,4.93292E+20,5.56131E+21,8.906E+15,5.02039E+16
36102,6,5,34,7,2018,9,17,4,3,8,7,0,0,1,0,0,0,0,0,4.71139E+20,5.6353E+21,8.58985E+15,5.08686E+16
36103,6,4,11,0,2018,9,20,2,3,7,7,2,0,1,0,0,0,0,0,4.75897E+20,5.52538E+21,8.66452E+15,4.98803E+16
36104,6,4,38,12,2018,9,3,1,3,1,1,2,0,1,0,1,0,0,1,4.87453E+20,5.53669E+21,8.82499E+15,4.99824E+16
36105,6,6,33,17,2018,9,3,1,3,3,6,2,0,1,0,0,0,0,1,5.36133E+20,5.67981E+21,9.51794E+15,5.12684E+16
36106,6,6,31,18,2018,9,5,5,3,7,7,2,0,1,0,0,0,0,0,5.33655E+20,5.59113E+21,9.47425E+15,5.04712E+16
36107,6,4,31,1,2018,9,21,4,3,4,1,2,0,1,0,1,0,0,0,4.84575E+20,5.48663E+21,8.78683E+15,4.95321E+16
36108,6,6,32,18,2018,9,20,3,2,9,1,2,0,0,0,1,0,0,0,5.49314E+20,5.64896E+21,9.70263E+15,5.09901E+16
36109,6,4,31,12,2018,9,17,4,1,4,6,0,0,0,0,1,1,0,0,4.93951E+20,5.48086E+21,8.91649E+15,4.94803E+16
36110,6,4,14,0,2018,9,13,1,3,5,3,0,1,0,0,0,0,0,0,4.44952E+20,5.54309E+21,8.23129E+15,5.00376E+16
36111,6,5,31,4,2018,9,10,7,2,5,2,0,0,1,0,0,0,0,0,4.84423E+20,5.59928E+21,8.78015E+15,5.05453E+16
36112,6,4,31,13,2018,9,17,4,3,2,6,0,0,1,0,0,0,0,0,4.56181E+20,5.49819E+21,8.39316E+15,4.96347E+16
36113,6,4,12,0,2018,9,16,3,2,2,6,0,0,1,0,0,0,0,0,4.73058E+20,5.55517E+21,8.62291E+15,5.01481E+16
36114,6,6,33,13,2018,9,20,2,2,9,1,2,0,1,0,0,0,0,1,5.30643E+20,5.70445E+21,9.44137E+15,5.14904E+16
36115,6,4,36,9,2018,9,0,5,3,9,1,2,0,1,0,0,0,0,0,4.63027E+20,5.54755E+21,8.48325E+15,5.00791E+16
36116,6,4,32,18,2018,9,14,6,3,5,3,0,0,1,0,0,1,0,0,4.69293E+20,5.51681E+21,8.57328E+15,4.98029E+16
36117,6,5,35,1,2018,9,15,4,3,5,2,0,0,1,0,1,0,0,0,5.18104E+20,5.62125E+21,9.25658E+15,5.07427E+16
36118,6,6,34,25,2018,9,17,3,2,2,6,0,0,1,0,0,1,0,0,5.20781E+20,5.66144E+21,9.29682E+15,5.11041E+16
36119,6,4,40,15,2018,9,15,2,3,2,6,0,0,1,0,0,0,0,0,4.82886E+20,5.59101E+21,8.75884E+15,5.04708E+16
36120,6,4,11,0,2018,9,15,5,3,5,2,0,0,1,0,0,0,1,0,4.75918E+20,5.52457E+21,8.66485E+15,4.98731E+16
36121,6,4,35,14,2018,9,13,4,3,1,5,0,0,1,0,0,0,0,0,4.95195E+20,5.54909E+21,8.93282E+15,5.00941E+16
36122,6,5,34,18,2018,9,9,4,3,5,3,0,0,0,0,0,1,1,0,5.03751E+20,5.63128E+21,9.05326E+15,5.08332E+16
36123,6,4,38,12,2018,9,7,2,1,8,1,0,0,0,0,1,0,0,0,4.88072E+20,5.53501E+21,8.83368E+15,4.99673E+16
36124,6,5,32,20,2018,9,13,1,3,8,1,0,0,1,0,0,0,0,1,4.51977E+20,5.61153E+21,8.32065E+15,5.06536E+16
36125,6,4,37,16,2018,9,18,4,3,5,3,0,0,0,0,1,0,1,0,4.95492E+20,5.48528E+21,8.93772E+15,4.95201E+16
36126,6,5,31,5,2018,9,6,4,2,2,6,0,0,1,0,0,0,0,0,4.80572E+20,5.61108E+21,8.72518E+15,5.06512E+16
36127,6,6,31,8,2018,9,20,4,3,0,2,1,0,1,0,1,0,0,0,5.40368E+20,5.58617E+21,9.56831E+15,5.04262E+16
36128,6,5,35,13,2018,9,15,4,2,6,6,0,0,1,1,0,0,0,0,5.00501E+20,5.6085E+21,9.00708E+15,5.06284E+16
36129,6,4,32,1,2018,9,16,3,3,5,3,0,1,1,0,0,0,0,0,4.71621E+20,5.50978E+21,8.60614E+15,4.97398E+16
36130,6,5,32,23,2018,9,16,4,3,5,2,0,1,1,0,0,0,0,0,4.64693E+20,5.59884E+21,8.50174E+15,5.05405E+16
36131,6,4,39,6,2018,9,15,1,2,8,1,0,0,0,0,1,0,0,0,4.32978E+20,5.56067E+21,8.06101E+15,5.01945E+16
36132,6,4,12,0,2018,9,21,5,3,2,6,2,0,1,0,0,0,1,0,4.76409E+20,5.54957E+21,8.67015E+15,5.00979E+16
36133,6,5,33,7,2018,9,13,6,3,5,2,0,0,1,0,0,0,0,1,4.34166E+20,5.58885E+21,8.07274E+15,5.0448E+16
36134,6,5,32,23,2018,9,6,4,3,5,3,1,1,1,0,0,0,0,0,4.66437E+20,5.59959E+21,8.52628E+15,5.05473E+16
36135,6,4,39,1,2018,9,21,3,2,9,1,2,1,0,0,0,0,0,0,4.30589E+20,5.56751E+21,8.0263E+15,5.02556E+16
36136,6,5,32,4,2018,9,12,2,3,5,3,0,0,1,0,0,0,0,1,4.42715E+20,5.61515E+21,8.18908E+15,5.06853E+16
36137,6,5,32,23,2018,9,7,6,3,2,6,0,0,1,0,0,0,0,0,4.63768E+20,5.59995E+21,8.48857E+15,5.05503E+16
36138,6,6,35,2,2018,9,16,4,3,1,6,0,0,1,0,0,0,0,0,5.04879E+20,5.69335E+21,9.07012E+15,5.13914E+16
36139,6,4,38,2,2018,9,10,4,3,2,6,0,0,1,0,1,0,0,0,4.79613E+20,5.54312E+21,8.7153E+15,5.00401E+16
36140,6,6,32,12,2018,9,7,2,3,2,6,0,0,1,0,0,0,0,0,5.53031E+20,5.6414E+21,9.75449E+15,5.09218E+16
36141,6,4,13,0,2018,9,7,4,3,2,6,1,0,0,0,0,1,0,0,4.82973E+20,5.54603E+21,8.76209E+15,5.00663E+16
36142,6,6,33,5,2018,9,12,3,3,5,3,0,0,1,0,0,0,0,0,5.2898E+20,5.6934E+21,9.41652E+15,5.13911E+16
36143,6,4,38,6,2018,9,12,2,3,2,6,0,0,1,0,0,0,0,0,4.76647E+20,5.53456E+21,8.6744E+15,4.99629E+16
36144,6,6,34,1,2018,9,7,4,3,8,1,1,0,1,0,0,0,0,0,5.19156E+20,5.65089E+21,9.27306E+15,5.10093E+16
36145,6,5,34,14,2018,9,16,6,3,8,1,0,0,1,0,0,0,0,1,4.83068E+20,5.62648E+21,8.75978E+15,5.07899E+16
36146,6,4,14,0,2018,9,18,4,3,0,4,0,0,0,1,0,0,1,0,4.44476E+20,5.54652E+21,8.22415E+15,5.00683E+16
36147,6,4,12,0,2018,9,15,4,3,2,6,0,0,1,0,0,1,0,0,4.69726E+20,5.55317E+21,8.57643E+15,5.013E+16
36148,6,4,12,0,2018,9,13,3,3,3,6,0,0,1,0,0,0,0,0,4.71447E+20,5.55119E+21,8.60066E+15,5.01123E+16
36149,6,6,33,17,2018,9,12,1,3,4,1,0,0,1,0,0,0,0,1,5.39131E+20,5.67869E+21,9.56078E+15,5.12582E+16
36150,6,4,39,8,2018,9,12,5,3,5,3,0,0,1,0,0,0,0,0,4.56909E+20,5.56485E+21,8.39579E+15,5.02342E+16
36151,6,4,12,0,2018,9,17,4,2,2,6,0,0,1,0,0,1,0,0,4.79399E+20,5.54572E+21,8.71216E+15,5.00634E+16
36152,6,4,12,0,2018,9,8,4,3,2,6,0,0,1,0,0,0,0,0,4.74401E+20,5.56121E+21,8.6413E+15,5.02025E+16
36153,6,4,31,2,2018,9,19,2,3,5,3,0,1,1,0,0,0,0,0,4.72419E+20,5.50315E+21,8.61769E+15,4.96803E+16
36154,6,4,14,0,2018,9,12,7,3,2,6,0,0,1,0,1,0,0,0,4.44679E+20,5.54757E+21,8.22684E+15,5.00778E+16
36155,6,4,39,5,2018,9,19,4,3,5,3,1,0,1,0,0,0,0,0,4.30461E+20,5.55635E+21,8.02655E+15,5.01553E+16
36156,6,4,13,0,2018,9,10,4,3,5,3,0,0,1,0,0,0,0,0,4.82172E+20,5.5488E+21,8.75077E+15,5.00912E+16
36157,6,4,14,0,2018,9,9,4,3,2,6,0,0,1,0,0,0,0,0,4.52919E+20,5.54503E+21,8.3423E+15,5.00557E+16
36158,6,5,31,12,2018,9,9,4,3,2,6,0,0,1,0,0,0,0,0,4.7518E+20,5.59872E+21,8.64974E+15,5.05399E+16
36159,6,4,33,1,2018,9,15,3,2,2,6,0,0,1,0,0,0,0,0,4.63741E+20,5.51477E+21,8.49631E+15,4.97843E+16
36160,6,4,36,7,2018,9,7,4,3,2,6,0,0,0,0,0,1,1,0,4.54756E+20,5.54501E+21,8.36795E+15,5.00556E+16
36161,6,5,33,1,2018,9,16,1,3,8,1,0,0,0,0,1,0,0,0,4.40402E+20,5.5895E+21,8.16046E+15,5.04545E+16
36162,6,4,11,0,2018,9,7,5,3,3,2,0,1,1,0,0,0,0,0,4.72736E+20,5.52408E+21,8.62061E+15,4.98686E+16
36163,6,4,14,0,2018,9,16,6,3,5,3,0,0,1,0,0,0,0,1,4.44941E+20,5.54732E+21,8.23053E+15,5.00756E+16
36164,6,4,36,7,2018,9,8,4,3,2,6,0,0,1,0,0,0,0,0,4.54903E+20,5.545E+21,8.37001E+15,5.00556E+16
36165,6,4,35,10,2018,9,17,3,3,5,3,0,1,1,0,0,0,0,0,5.11155E+20,5.56164E+21,9.15632E+15,5.02069E+16
36166,6,5,35,17,2018,9,8,2,3,4,6,0,0,1,0,0,0,0,0,5.24353E+20,5.61939E+21,9.34502E+15,5.07258E+16
36167,6,6,32,15,2018,9,8,6,3,3,6,0,0,1,0,0,1,0,0,5.38422E+20,5.62938E+21,9.54539E+15,5.08149E+16
36168,6,4,39,15,2018,9,20,4,2,2,6,1,1,1,0,0,0,0,0,4.42812E+20,5.55707E+21,8.19932E+15,5.01631E+16
36169,6,4,32,1,2018,9,16,4,3,2,6,0,0,1,0,0,0,0,0,4.70636E+20,5.51047E+21,8.59241E+15,4.9746E+16
36170,6,4,13,0,2018,9,11,2,3,2,6,0,0,1,0,0,0,0,0,4.80952E+20,5.54627E+21,8.73383E+15,5.00684E+16
36171,6,4,37,1,2018,9,0,1,3,9,1,2,0,1,0,0,0,0,1,4.99801E+20,5.50595E+21,8.99723E+15,4.9706E+16
36172,6,5,34,20,2018,9,18,1,3,9,1,0,0,1,0,0,0,0,1,4.81403E+20,5.61908E+21,8.73654E+15,5.07232E+16
36173,6,5,32,12,2018,9,16,5,3,5,3,0,0,1,0,1,0,0,0,4.50842E+20,5.61399E+21,8.30427E+15,5.06757E+16
36174,6,5,31,10,2018,9,16,1,2,4,1,0,0,1,0,1,0,0,0,5.068E+20,5.59638E+21,9.09593E+15,5.05193E+16
36175,6,6,11,0,2018,9,10,3,3,5,2,0,1,1,0,0,0,0,0,5.32762E+20,5.68489E+21,9.47008E+15,5.13144E+16
36176,6,4,31,20,2018,9,8,4,2,2,6,0,0,0,0,0,1,0,0,4.6693E+20,5.48936E+21,8.54276E+15,4.95559E+16
36177,6,6,33,20,2018,9,15,2,3,2,6,0,0,1,0,0,0,0,0,5.39863E+20,5.68614E+21,9.5721E+15,5.13252E+16
36178,6,4,38,2,2018,9,16,7,3,5,2,0,0,1,0,0,0,1,0,4.77558E+20,5.5394E+21,8.68681E+15,5.00065E+16
36179,6,4,12,0,2018,9,14,1,3,1,1,0,0,1,0,0,1,0,0,4.82542E+20,5.55244E+21,8.75577E+15,5.01239E+16
36180,6,4,34,8,2018,9,16,5,2,4,7,0,0,1,0,0,0,0,0,4.66306E+20,5.56305E+21,8.52771E+15,5.02187E+16
36181,6,4,35,7,2018,9,8,3,3,2,6,0,0,1,0,0,0,0,0,5.00528E+20,5.55897E+21,9.0074E+15,5.01829E+16
36182,6,4,33,3,2018,9,23,4,2,8,7,2,0,1,0,0,0,0,1,4.65591E+20,5.52791E+21,8.52085E+15,4.99026E+16
36183,6,4,12,0,2018,9,14,2,3,3,6,0,0,0,0,1,1,0,0,4.81517E+20,5.55357E+21,8.74138E+15,5.0134E+16
36184,6,4,12,0,2018,9,21,7,3,3,2,0,0,1,0,0,0,1,1,4.76021E+20,5.55014E+21,8.66469E+15,5.0103E+16
36185,6,5,32,23,2018,9,20,4,3,2,6,2,0,1,0,0,0,0,0,4.69141E+20,5.60049E+21,8.56437E+15,5.05556E+16
36186,6,5,33,3,2018,9,12,4,3,2,6,0,0,1,0,1,0,0,0,4.45585E+20,5.57234E+21,8.23595E+15,5.03007E+16
36187,6,4,12,0,2018,9,17,3,3,3,6,0,0,1,0,0,1,0,0,4.78047E+20,5.5455E+21,8.69329E+15,5.00613E+16
36188,6,4,35,6,2018,9,15,3,3,5,3,0,0,1,0,1,0,0,0,4.93764E+20,5.55841E+21,8.91266E+15,5.01779E+16
36189,6,4,31,1,2018,9,1,1,3,9,1,2,0,1,0,0,0,0,0,4.85108E+20,5.48793E+21,8.79415E+15,4.95438E+16
36190,6,4,38,2,2018,9,11,5,3,4,6,0,1,0,0,0,0,0,0,4.78523E+20,5.53955E+21,8.70027E+15,5.00078E+16
36191,6,4,12,0,2018,9,20,6,3,2,6,2,0,1,0,0,0,0,1,4.7696E+20,5.5504E+21,8.67781E+15,5.01054E+16
36192,6,5,31,17,2018,9,14,3,3,5,3,0,0,1,0,0,0,0,0,4.81089E+20,5.61148E+21,8.73248E+15,5.06549E+16
36193,6,4,11,0,2018,9,16,3,2,3,6,0,1,0,0,0,1,0,0,4.73393E+20,5.51817E+21,8.63016E+15,4.98153E+16
36194,6,4,35,14,2018,9,15,2,3,5,2,0,1,1,0,0,0,0,0,4.93889E+20,5.55248E+21,8.91451E+15,5.01245E+16
36195,6,6,34,1,2018,9,11,5,3,2,6,0,0,1,0,0,0,0,0,5.22636E+20,5.65645E+21,9.32301E+15,5.10591E+16
36196,6,4,35,25,2018,9,7,4,3,9,1,1,0,1,0,0,0,0,0,5.35927E+20,5.57851E+21,9.50506E+15,5.03575E+16
36197,6,6,35,21,2018,9,15,3,2,4,6,0,0,1,0,1,0,0,0,4.99651E+20,5.67796E+21,8.99499E+15,5.1253E+16
36198,6,4,12,0,2018,9,9,2,3,3,2,0,0,1,0,1,0,0,0,4.78202E+20,5.55011E+21,8.69519E+15,5.01029E+16
36199,6,4,35,5,2018,9,8,1,2,9,1,0,0,1,0,0,0,0,1,5.22817E+20,5.57366E+21,9.32048E+15,5.03146E+16
36200,6,6,34,1,2018,9,13,1,3,8,1,0,0,1,0,0,0,0,1,5.16785E+20,5.6574E+21,9.23955E+15,5.10679E+16
36201,6,4,33,7,2018,9,4,5,1,6,4,2,0,0,1,1,0,0,0,4.6637E+20,5.54729E+21,8.52999E+15,5.00769E+16
36202,6,6,32,16,2018,9,7,3,3,2,6,0,0,1,0,0,0,0,0,5.67983E+20,5.63299E+21,9.96562E+15,5.08447E+16
36203,6,4,12,0,2018,9,23,3,3,8,1,2,1,0,0,0,0,0,1,4.76776E+20,5.5463E+21,8.67548E+15,5.00685E+16
36204,6,5,33,7,2018,9,21,3,3,1,5,2,0,0,0,1,0,1,0,4.317E+20,5.58718E+21,8.03831E+15,5.04327E+16
36205,6,5,31,5,2018,9,11,1,2,3,6,0,0,1,0,1,0,0,0,4.81783E+20,5.60716E+21,8.74251E+15,5.0616E+16
36206,6,4,33,12,2018,9,11,7,3,5,2,0,1,1,0,0,0,0,0,4.5821E+20,5.53734E+21,8.41704E+15,4.9987E+16
36207,6,6,33,20,2018,9,14,3,2,4,6,0,0,1,0,0,0,0,0,5.37596E+20,5.68496E+21,9.53945E+15,5.13147E+16
36208,6,4,14,0,2018,9,10,3,3,0,6,0,0,1,0,0,0,1,0,4.48619E+20,5.53968E+21,8.28295E+15,5.00072E+16
36209,6,4,14,0,2018,9,21,7,3,5,3,2,0,1,0,0,0,0,0,4.48245E+20,5.54835E+21,8.27656E+15,5.00851E+16
36210,6,4,37,16,2018,9,13,2,3,8,1,0,0,1,0,0,0,0,0,4.9727E+20,5.49111E+21,8.96224E+15,4.95726E+16
36211,6,4,38,5,2018,9,16,5,3,3,6,0,0,1,0,0,1,0,0,4.87155E+20,5.54618E+21,8.82051E+15,5.00677E+16
36212,6,4,35,12,2018,9,17,6,2,9,1,0,0,1,0,0,0,0,1,5.15402E+20,5.56814E+21,9.21609E+15,5.02652E+16
36213,6,4,35,14,2018,9,10,3,3,5,7,0,0,1,0,0,0,0,0,4.93657E+20,5.55442E+21,8.91123E+15,5.01419E+16
36214,6,4,33,3,2018,9,19,2,3,2,6,0,0,1,0,0,0,0,0,4.68371E+20,5.52583E+21,8.55973E+15,4.9884E+16
36215,6,5,35,7,2018,10,17,1,3,8,1,0,0,0,0,1,0,0,0,5.29244E+20,5.59614E+21,9.4125E+15,5.05165E+16
36216,6,4,33,10,2018,10,15,3,3,2,6,0,0,1,0,0,0,1,1,4.63678E+20,5.5412E+21,8.49295E+15,5.0022E+16
36217,6,4,36,8,2018,10,13,1,3,2,6,0,0,1,0,0,0,0,0,4.62325E+20,5.55296E+21,8.4729E+15,5.01277E+16
36218,6,4,35,19,2018,10,14,5,3,2,6,0,0,1,0,0,0,0,0,4.85208E+20,5.55409E+21,8.79301E+15,5.01388E+16
36219,6,4,33,5,2018,10,8,6,3,2,6,0,0,1,0,0,1,1,0,4.51847E+20,5.53642E+21,8.3284E+15,4.99781E+16
36220,6,5,31,6,2018,10,17,6,2,4,6,0,1,1,0,0,0,0,0,4.94453E+20,5.60312E+21,8.92166E+15,5.05799E+16
36221,6,4,38,5,2018,10,7,5,3,3,6,1,0,1,0,0,1,0,0,4.86248E+20,5.5462E+21,8.80784E+15,5.00679E+16
36222,6,5,33,9,2018,10,3,3,2,8,1,2,0,0,0,1,0,0,1,4.31205E+20,5.58263E+21,8.03219E+15,5.03917E+16
36223,6,4,39,5,2018,10,11,1,3,8,1,0,0,1,0,0,0,0,0,4.26216E+20,5.5595E+21,7.96653E+15,5.01831E+16
36224,6,4,33,10,2018,10,16,3,2,9,1,0,0,1,0,0,0,0,1,4.62594E+20,5.54169E+21,8.47778E+15,5.00264E+16