OBJECTID_1,ULAND,UREGBEZ,UKREIS,UGEMEINDE,UJAHR,UMONAT,USTUNDE,UWOCHENTAG,UKATEGORIE,UART,UTYP1,ULICHTVERH,IstRad,IstPKW,IstFuss,IstKrad,IstGkfz,IstSonstig,STRZUSTAND,LINREFX,LINREFY,XGCSWGS84,YGCSWGS84
36225,6,4,36,5,2018,10,13,7,3,2,6,0,0,1,0,1,0,0,0,4.64011E+20,5.54511E+21,8.49724E+15,5.00572E+16
36226,6,6,34,9,2018,10,10,4,3,2,6,0,0,1,0,0,0,1,0,5.31095E+20,5.65239E+21,9.44336E+15,5.10223E+16
36227,6,4,12,0,2018,10,14,5,3,2,6,0,0,1,0,0,0,0,0,4.78098E+20,5.54548E+21,8.694E+15,5.00612E+16
36228,6,4,33,12,2018,10,12,3,3,5,3,0,1,1,0,0,0,0,0,4.59147E+20,5.53707E+21,8.43014E+15,4.99846E+16
36229,6,5,31,16,2018,10,12,3,2,3,6,0,0,1,0,0,1,0,1,4.86857E+20,5.605E+21,8.8143E+15,5.05968E+16
36230,6,4,34,2,2018,10,5,3,3,2,6,2,0,1,0,0,0,1,0,4.75955E+20,5.56641E+21,8.66275E+15,5.02493E+16
36231,6,4,39,11,2018,10,13,7,2,0,1,0,0,0,0,1,0,0,0,4.50708E+20,5.55725E+21,8.30983E+15,5.01654E+16
36232,6,6,31,9,2018,10,13,7,3,5,2,0,0,1,0,0,0,0,0,5.47926E+20,5.59875E+21,9.67632E+15,5.05387E+16
36233,6,5,31,4,2018,10,11,4,2,5,3,0,0,1,0,1,0,0,0,4.8168E+20,5.60366E+21,8.74123E+15,5.05846E+16
36234,6,4,12,0,2018,10,7,5,3,2,6,1,0,1,0,0,0,0,0,4.69256E+20,5.54469E+21,8.57054E+15,5.00537E+16
36235,6,4,12,0,2018,10,20,3,3,5,3,2,0,1,0,0,0,0,0,4.71908E+20,5.54929E+21,8.60724E+15,5.00952E+16
36236,6,4,33,5,2018,10,6,2,2,5,2,2,0,1,0,0,0,0,0,4.52449E+20,5.53652E+21,8.33679E+15,4.99792E+16
36237,6,4,35,21,2018,10,14,2,1,4,1,0,0,1,0,0,0,0,0,4.90045E+20,5.56597E+21,8.86039E+15,5.02458E+16
36238,6,4,39,15,2018,10,13,6,3,2,6,0,0,1,0,0,0,0,0,4.44304E+20,5.55832E+21,8.22002E+15,5.01745E+16
36239,6,6,35,8,2018,10,20,6,2,2,6,2,1,1,0,0,0,0,0,5.0042E+20,5.70489E+21,9.00606E+15,5.14952E+16
36240,6,4,38,9,2018,10,14,3,3,2,6,0,0,1,0,0,1,0,0,4.74798E+20,5.54485E+21,8.64794E+15,5.00554E+16
36241,6,5,34,9,2018,10,8,4,3,0,6,0,0,1,0,0,1,0,0,4.80842E+20,5.61685E+21,8.7287E+15,5.07032E+16
36242,6,6,32,2,2018,10,10,2,3,8,1,0,0,0,0,1,0,0,0,5.50693E+20,5.63628E+21,9.72052E+15,5.0876E+16
36243,6,5,34,20,2018,10,16,1,2,5,2,0,0,1,0,1,0,0,0,4.79046E+20,5.62033E+21,8.70307E+15,5.07344E+16
36244,6,4,32,10,2018,10,17,5,3,4,6,0,0,1,0,0,0,0,0,4.93398E+20,5.52306E+21,8.90815E+15,4.98599E+16
36245,6,4,36,3,2018,10,7,5,2,0,7,0,0,1,0,0,0,0,0,4.68893E+20,5.55363E+21,8.56474E+15,5.01341E+16
36246,6,5,35,13,2018,10,14,6,3,2,6,0,0,1,0,0,0,1,0,4.98098E+20,5.60989E+21,8.9731E+15,5.06409E+16
36247,6,4,12,0,2018,10,15,3,3,0,7,0,0,1,0,0,0,1,0,4.75148E+20,5.5505E+21,8.65246E+15,5.01062E+16
36248,6,6,32,2,2018,10,16,2,3,9,1,0,0,1,0,0,0,0,1,5.50821E+20,5.6343E+21,9.72206E+15,5.08581E+16
36249,6,4,11,0,2018,10,13,7,3,5,3,0,0,1,0,0,0,0,0,4.76835E+20,5.52696E+21,8.67747E+15,4.98946E+16
36250,6,4,12,0,2018,10,20,4,3,4,7,2,1,1,0,0,0,0,0,4.76577E+20,5.55338E+21,8.67227E+15,5.01322E+16
36251,6,6,33,21,2018,10,15,4,2,8,1,0,0,1,0,0,0,0,0,5.44531E+20,5.71561E+21,9.64281E+15,5.15898E+16
36252,6,6,33,15,2018,10,18,2,3,5,2,1,0,1,0,0,0,0,0,5.41022E+20,5.68136E+21,9.58819E+15,5.12821E+16
36253,6,6,11,0,2018,10,12,2,1,6,4,0,1,0,1,0,0,0,0,5.34185E+20,5.68471E+21,9.49049E+15,5.13126E+16
36254,6,4,40,8,2018,10,11,7,3,3,6,0,0,1,0,0,0,0,0,4.81012E+20,5.57459E+21,8.73326E+15,5.03231E+16
36255,6,5,31,3,2018,10,23,7,1,4,1,2,0,1,0,0,0,0,0,4.86138E+20,5.60315E+21,8.80421E+15,5.05801E+16
36256,6,4,32,6,2018,10,15,3,3,2,6,0,0,1,0,0,0,1,0,4.76466E+20,5.53327E+21,8.67195E+15,4.99513E+16
36257,6,6,11,0,2018,10,16,4,3,2,6,0,0,1,0,0,0,0,0,5.35135E+20,5.685E+21,9.50414E+15,5.13152E+16
36258,6,6,33,17,2018,10,7,4,2,8,1,1,0,1,0,0,0,0,1,5.41134E+20,5.68023E+21,9.58966E+15,5.12719E+16
36259,6,4,35,21,2018,10,10,4,3,8,1,0,0,1,0,0,0,0,1,4.95323E+20,5.56501E+21,8.93442E+15,5.02373E+16
36260,6,4,35,14,2018,10,7,3,3,8,1,0,0,0,0,1,0,0,0,4.93632E+20,5.5516E+21,8.91092E+15,5.01166E+16
36261,6,4,14,0,2018,10,15,2,3,5,3,0,0,1,0,1,0,0,0,4.46558E+20,5.54726E+21,8.25313E+15,5.00752E+16
36262,6,4,37,6,2018,10,13,2,3,5,2,0,0,1,0,1,0,0,0,4.99919E+20,5.50179E+21,8.99887E+15,4.96686E+16
36263,6,4,31,11,2018,10,1,7,3,2,6,2,0,1,0,0,0,0,0,4.73252E+20,5.49898E+21,8.62952E+15,4.96428E+16
36264,6,4,35,14,2018,10,8,7,3,2,6,0,0,1,0,0,0,0,0,4.94194E+20,5.55026E+21,8.9188E+15,5.01046E+16
36265,6,6,32,6,2018,10,0,3,3,1,5,2,0,1,0,0,0,0,0,5.62181E+20,5.6358E+21,9.8837E+15,5.08705E+16
36266,6,4,34,11,2018,10,15,3,3,9,1,0,0,1,0,0,0,0,1,4.69377E+20,5.57728E+21,8.5696E+15,5.03468E+16
36267,6,6,36,13,2018,10,8,4,3,8,1,1,0,1,0,0,0,0,1,5.81512E+20,5.67164E+21,1.01664E+16,5.11904E+16
36268,6,6,33,29,2018,10,14,3,3,8,1,0,0,1,0,0,0,0,1,5.14898E+20,5.69704E+21,9.21428E+15,5.14244E+16
36269,6,4,40,5,2018,10,15,3,3,2,6,0,0,1,0,0,0,0,1,4.76044E+20,5.58819E+21,8.66261E+15,5.04452E+16
36270,6,6,31,9,2018,10,9,2,3,5,3,0,1,1,0,0,0,0,0,5.48241E+20,5.59996E+21,9.68093E+15,5.05496E+16
36271,6,6,32,18,2018,10,13,2,3,2,6,0,0,1,0,0,0,0,0,5.51163E+20,5.64947E+21,9.72905E+15,5.09946E+16
36272,6,4,40,12,2018,10,17,6,3,0,4,0,0,0,1,1,0,0,0,4.83365E+20,5.56446E+21,8.76677E+15,5.0232E+16
36273,6,4,35,19,2018,10,8,6,3,5,3,0,0,1,0,0,0,0,0,4.88342E+20,5.55335E+21,8.83689E+15,5.01323E+16
36274,6,4,12,0,2018,10,17,2,3,5,7,0,0,1,0,0,0,1,0,4.7016E+20,5.54462E+21,8.58316E+15,5.00532E+16
36275,6,5,32,23,2018,10,13,4,3,2,6,0,0,1,0,0,0,0,0,4.64687E+20,5.60116E+21,8.50144E+15,5.05613E+16
36276,6,6,32,3,2018,10,9,2,3,8,1,0,0,1,0,0,0,0,1,5.57444E+20,5.64783E+21,9.81828E+15,5.09792E+16
36277,6,6,33,3,2018,10,7,1,2,0,1,0,0,1,0,0,0,0,0,5.29137E+20,5.67446E+21,9.41722E+15,5.12208E+16
36278,6,4,35,14,2018,10,17,5,3,3,2,0,1,1,0,0,0,0,0,4.92414E+20,5.55456E+21,8.89384E+15,5.01432E+16
36279,6,6,11,0,2018,10,12,5,2,9,1,0,0,1,0,0,0,0,0,5.33326E+20,5.68209E+21,9.47792E+15,5.12892E+16
36280,6,4,36,1,2018,10,14,5,3,5,2,0,1,1,0,0,0,0,0,4.64339E+20,5.55485E+21,8.5009E+15,5.01448E+16
36281,6,6,35,3,2018,10,13,3,3,2,6,0,0,1,0,0,0,0,1,5.11553E+20,5.66392E+21,9.1651E+15,5.11267E+16
36282,6,4,34,4,2018,10,13,2,3,4,6,0,0,1,0,0,0,0,0,4.61246E+20,5.58027E+21,8.45502E+15,5.03732E+16
36283,6,4,38,12,2018,10,13,2,3,4,6,0,0,1,0,0,0,0,0,4.87246E+20,5.53795E+21,8.82206E+15,4.99938E+16
36284,6,4,31,21,2018,10,14,1,3,8,1,0,0,0,0,1,0,0,0,4.86379E+20,5.49004E+21,8.81164E+15,4.95628E+16
36285,6,4,38,4,2018,10,18,7,3,2,6,0,0,1,0,0,0,0,0,4.97351E+20,5.5467E+21,8.96299E+15,5.00726E+16
36286,6,4,38,7,2018,10,6,4,3,5,2,2,0,1,0,0,0,1,0,5.02035E+20,5.53952E+21,9.0284E+15,5.0008E+16
36287,6,5,33,18,2018,10,13,4,2,5,3,0,0,1,0,0,0,0,0,4.58176E+20,5.58632E+21,8.41118E+15,5.04274E+16
36288,6,4,14,0,2018,10,15,2,3,5,3,0,1,1,0,0,0,0,0,4.45552E+20,5.54684E+21,8.23913E+15,5.00714E+16
36289,6,4,32,15,2018,10,17,2,3,3,6,0,0,1,0,0,0,1,0,4.93424E+20,5.52902E+21,8.9084E+15,4.99135E+16
36290,6,5,31,5,2018,10,3,7,3,8,1,2,0,1,0,0,0,0,0,4.76164E+20,5.60279E+21,8.66336E+15,5.05765E+16
36291,6,5,33,9,2018,10,17,6,3,2,6,0,0,1,0,0,0,0,0,4.32723E+20,5.58248E+21,8.05356E+15,5.03905E+16
36292,6,6,35,1,2018,10,5,3,3,5,2,2,0,1,0,0,0,1,0,4.78727E+20,5.65302E+21,8.69665E+15,5.10283E+16
36293,6,4,12,0,2018,10,20,4,3,5,2,2,0,1,0,0,0,0,0,4.74185E+20,5.54777E+21,8.63918E+15,5.00816E+16
36294,6,4,12,0,2018,10,7,2,3,2,6,1,0,1,0,0,0,0,0,4.75025E+20,5.56136E+21,8.65003E+15,5.02039E+16
36295,6,4,32,1,2018,10,18,2,3,5,3,0,0,1,0,0,0,0,1,4.72631E+20,5.51015E+21,8.62013E+15,4.97432E+16
36296,6,6,32,20,2018,10,17,1,3,8,1,0,0,0,0,1,0,0,0,5.67464E+20,5.64416E+21,9.96033E+15,5.09451E+16
36297,6,4,12,0,2018,10,15,5,3,1,1,0,0,1,0,1,0,0,0,4.79417E+20,5.55365E+21,8.71199E+15,5.01348E+16
36298,6,5,32,1,2018,10,9,6,2,4,1,0,0,1,0,0,0,0,0,4.61154E+20,5.60587E+21,8.45106E+15,5.06035E+16
36299,6,4,31,13,2018,10,15,6,3,5,2,0,1,1,0,0,0,0,0,4.69654E+20,5.4941E+21,8.58005E+15,4.95987E+16
36300,6,4,38,10,2018,10,13,2,3,2,6,0,0,1,0,0,0,0,0,4.90704E+20,5.54622E+21,8.87011E+15,5.00682E+16
36301,6,5,34,20,2018,10,14,5,3,5,3,0,1,1,0,0,0,0,0,4.79586E+20,5.62126E+21,8.71068E+15,5.07428E+16
36302,6,4,33,6,2018,10,15,4,3,2,6,0,0,1,0,0,0,1,0,4.63419E+20,5.5312E+21,8.49029E+15,4.9932E+16
36303,6,6,32,20,2018,10,12,2,2,2,6,0,0,0,0,0,0,1,0,5.65572E+20,5.6437E+21,9.93331E+15,5.09412E+16
36304,6,4,40,23,2018,10,17,2,3,2,6,0,0,1,0,0,1,0,1,4.7812E+20,5.57211E+21,8.69278E+15,5.03007E+16
36305,6,6,32,19,2018,10,1,7,3,8,1,2,0,1,0,0,0,0,0,5.56878E+20,5.63414E+21,9.80808E+15,5.08562E+16
36306,6,6,32,14,2018,10,10,5,3,9,7,0,0,1,0,0,0,0,0,5.40894E+20,5.63762E+21,9.58141E+15,5.08888E+16
36307,6,4,38,11,2018,10,16,2,3,2,6,0,0,1,0,0,0,0,0,4.91854E+20,5.54518E+21,8.88619E+15,5.00589E+16
36308,6,5,34,10,2018,10,3,2,3,7,7,2,0,0,0,1,0,0,0,4.69725E+20,5.62258E+21,8.57081E+15,5.07542E+16
36309,6,4,12,0,2018,10,11,1,3,6,7,0,0,1,1,0,0,0,0,4.75925E+20,5.55507E+21,8.66304E+15,5.01474E+16
36310,6,6,31,15,2018,10,7,6,3,5,2,1,0,1,0,0,0,0,0,5.52996E+20,5.61548E+21,9.75025E+15,5.06888E+16
36311,6,4,35,18,2018,10,17,6,3,0,2,0,0,1,0,1,0,0,0,5.16355E+20,5.5587E+21,9.22907E+15,5.01803E+16
36312,6,4,13,0,2018,10,15,2,3,1,5,0,0,1,0,1,0,0,0,4.82239E+20,5.54893E+21,8.7517E+15,5.00924E+16
36313,6,4,32,2,2018,10,7,5,3,2,6,0,0,1,0,0,0,0,0,4.94797E+20,5.53194E+21,8.92749E+15,4.99398E+16
36314,6,6,34,11,2018,10,9,4,3,3,6,0,0,0,0,0,1,0,0,5.37232E+20,5.64382E+21,9.52998E+15,5.09448E+16
36315,6,6,31,9,2018,10,14,2,3,5,3,0,1,1,0,0,0,0,0,5.47927E+20,5.59864E+21,9.67632E+15,5.05377E+16
36316,6,4,33,6,2018,10,17,2,3,2,6,0,0,1,0,0,0,0,1,4.63233E+20,5.53094E+21,8.48771E+15,4.99297E+16
36317,6,5,31,5,2018,10,15,1,3,9,7,0,0,1,0,0,0,0,0,4.70386E+20,5.59848E+21,8.5821E+15,5.05375E+16
36318,6,6,35,8,2018,10,13,5,3,3,6,0,0,1,0,0,1,0,0,5.01781E+20,5.70408E+21,9.02565E+15,5.14878E+16
36319,6,4,34,9,2018,10,9,5,2,1,5,0,0,1,0,0,1,0,1,4.6175E+20,5.5657E+21,8.46358E+15,5.02422E+16
36320,6,4,39,12,2018,10,10,3,2,8,7,0,0,0,0,1,0,0,0,4.30181E+20,5.53952E+21,8.0257E+15,5.00039E+16
36321,6,5,34,18,2018,10,16,2,3,5,3,0,0,1,0,0,1,0,1,5.00977E+20,5.62993E+21,9.01387E+15,5.08211E+16
36322,6,5,34,12,2018,10,16,2,3,6,2,0,0,0,1,0,0,1,1,4.81686E+20,5.63532E+21,8.73973E+15,5.08693E+16
36323,6,4,13,0,2018,10,21,1,3,2,6,2,0,1,0,0,0,0,0,4.80929E+20,5.54686E+21,8.73349E+15,5.00737E+16
36324,6,4,34,3,2018,10,15,7,2,5,2,0,0,1,0,1,0,0,0,4.60847E+20,5.56377E+21,8.45112E+15,5.02248E+16
36325,6,4,36,9,2018,10,10,4,3,2,7,0,0,1,0,0,0,0,0,4.62271E+20,5.54675E+21,8.47277E+15,5.00718E+16
36326,6,5,31,10,2018,10,0,4,3,8,1,2,0,1,0,0,0,0,1,4.9856E+20,5.60006E+21,8.97968E+15,5.05524E+16
36327,6,6,36,16,2018,10,14,2,2,3,2,0,1,1,0,0,0,0,0,5.59919E+20,5.68877E+21,9.86035E+15,5.13471E+16
36328,6,5,32,23,2018,10,13,2,3,2,6,0,0,1,0,0,0,0,0,4.64175E+20,5.60243E+21,8.49409E+15,5.05727E+16
36329,6,4,35,6,2018,10,10,6,3,0,7,0,0,0,0,1,1,0,1,4.93764E+20,5.55841E+21,8.91266E+15,5.01779E+16
36330,6,4,14,0,2018,10,18,6,2,5,3,0,1,1,0,0,0,0,0,4.45358E+20,5.54425E+21,8.2368E+15,5.00481E+16
36331,6,4,40,5,2018,10,17,3,3,5,3,0,0,1,0,1,0,0,0,4.78143E+20,5.58731E+21,8.69222E+15,5.04374E+16
36332,6,6,34,14,2018,10,17,4,3,2,6,0,0,1,0,0,0,0,0,5.38104E+20,5.66393E+21,9.5445E+15,5.11255E+16
36333,6,5,31,3,2018,10,9,2,2,2,6,0,0,1,0,0,1,0,0,4.85727E+20,5.60827E+21,8.79821E+15,5.06261E+16
36334,6,5,32,23,2018,10,15,2,3,2,6,0,0,1,0,0,0,0,0,4.64703E+20,5.60169E+21,8.5016E+15,5.05661E+16
36335,6,4,13,0,2018,10,6,1,2,9,7,1,0,1,0,0,0,0,0,4.83345E+20,5.54503E+21,8.76733E+15,5.00573E+16
36336,6,6,33,21,2018,10,15,5,3,2,2,0,0,1,0,0,0,0,0,5.38242E+20,5.7169E+21,9.55217E+15,5.16019E+16
36337,6,4,13,0,2018,10,8,6,2,9,1,0,0,0,0,0,1,0,0,4.8032E+20,5.54583E+21,8.72503E+15,5.00644E+16
36338,6,6,31,6,2018,10,19,6,3,9,6,2,0,1,0,0,0,0,0,5.48602E+20,5.5942E+21,9.68527E+15,5.04978E+16
36339,6,5,35,1,2018,10,13,2,3,1,3,0,0,1,0,1,0,0,0,5.18753E+20,5.62211E+21,9.26583E+15,5.07505E+16
36340,6,5,31,9,2018,10,17,5,3,5,3,0,0,1,0,0,0,0,0,4.72892E+20,5.59189E+21,8.61795E+15,5.04784E+16
36341,6,6,35,19,2018,10,15,3,3,4,6,0,0,0,0,1,0,1,0,4.93871E+20,5.67484E+21,8.91223E+15,5.12249E+16
36342,6,4,12,0,2018,10,16,1,3,3,6,0,1,1,0,0,0,0,0,4.74631E+20,5.54803E+21,8.6454E+15,5.0084E+16
36343,6,5,31,10,2018,10,16,2,2,8,1,0,0,1,0,0,0,0,0,5.00738E+20,5.59809E+21,9.01042E+15,5.05347E+16
36344,6,6,11,0,2018,10,13,7,2,0,6,0,0,1,0,1,0,0,0,5.35609E+20,5.68465E+21,9.51091E+15,5.1312E+16
36345,6,4,40,18,2018,10,14,5,3,3,6,0,0,1,0,0,0,0,0,4.78719E+20,5.57922E+21,8.70078E+15,5.03647E+16
36346,6,5,32,23,2018,10,6,5,3,2,6,2,0,1,0,0,0,0,0,4.64674E+20,5.6012E+21,8.50125E+15,5.05617E+16
36347,6,4,11,0,2018,10,16,3,3,3,6,0,1,1,0,0,0,0,0,4.76744E+20,5.51731E+21,8.67679E+15,4.98078E+16
36348,6,5,31,12,2018,10,15,2,2,5,3,0,1,1,0,0,0,0,0,4.77607E+20,5.59756E+21,8.68405E+15,5.05295E+16
36349,6,6,32,6,2018,10,19,2,3,3,6,1,0,1,0,0,1,0,0,5.58953E+20,5.63766E+21,9.83813E+15,5.08876E+16
36350,6,4,12,0,2018,10,5,7,3,6,7,2,0,1,1,0,0,0,0,4.72816E+20,5.55335E+21,8.61965E+15,5.01318E+16
36351,6,5,34,18,2018,10,17,7,3,2,6,0,0,1,0,0,0,0,0,5.04904E+20,5.63205E+21,9.06965E+15,5.08401E+16
36352,6,4,33,4,2018,10,15,4,3,1,5,0,1,1,0,0,0,0,0,4.62659E+20,5.51147E+21,8.48159E+15,4.97545E+16
36353,6,6,11,0,2018,10,18,3,3,3,6,2,0,1,0,0,0,0,1,5.3561E+20,5.68537E+21,9.511E+15,5.13185E+16
36354,6,5,32,7,2018,10,8,2,3,4,6,0,0,1,0,0,1,0,0,4.39152E+20,5.61086E+21,8.13937E+15,5.06464E+16
36355,6,4,12,0,2018,10,14,2,3,2,6,0,0,1,0,0,0,0,0,4.77963E+20,5.55642E+21,8.69149E+15,5.01596E+16
36356,6,4,32,15,2018,10,18,5,3,2,6,2,0,1,0,0,0,0,0,4.92235E+20,5.52989E+21,8.89182E+15,4.99214E+16
36357,6,5,33,17,2018,10,15,3,2,5,3,0,0,1,0,0,0,0,0,4.45816E+20,5.59362E+21,8.23612E+15,5.0492E+16
36358,6,4,14,0,2018,10,4,2,3,3,6,2,0,1,0,0,1,0,0,4.52334E+20,5.54103E+21,8.33462E+15,5.00197E+16
36359,6,4,31,20,2018,10,5,2,3,2,6,2,0,1,0,0,0,0,0,4.65478E+20,5.48932E+21,8.52268E+15,4.95555E+16
36360,6,4,12,0,2018,10,19,7,3,3,6,1,0,1,0,0,0,1,0,4.70375E+20,5.54476E+21,8.58616E+15,5.00544E+16
36361,6,4,32,20,2018,10,12,7,2,2,2,0,0,1,0,1,0,0,0,4.84892E+20,5.52302E+21,8.78981E+15,4.98594E+16
36362,6,4,32,2,2018,10,14,4,3,2,6,0,0,1,0,1,0,0,0,4.97794E+20,5.53713E+21,8.96923E+15,4.99865E+16
36363,6,5,35,15,2018,10,11,3,3,8,1,0,0,1,0,0,0,0,1,5.42815E+20,5.61685E+21,9.60628E+15,5.07019E+16
36364,6,4,36,2,2018,10,6,2,3,2,6,1,0,1,0,0,0,0,0,4.52198E+20,5.5546E+21,8.33102E+15,5.01417E+16
36365,6,4,40,7,2018,10,12,2,2,2,3,0,0,1,0,0,0,0,0,4.94676E+20,5.57536E+21,8.9252E+15,5.03303E+16
36366,6,4,14,0,2018,10,13,6,3,3,6,0,1,1,0,0,0,0,0,4.46863E+20,5.54923E+21,8.25712E+15,5.0093E+16
36367,6,4,12,0,2018,10,16,6,3,5,3,0,1,1,0,0,0,0,0,4.82345E+20,5.55284E+21,8.753E+15,5.01275E+16
36368,6,6,31,17,2018,10,10,3,2,0,7,0,1,0,0,0,0,0,0,5.56402E+20,5.59513E+21,9.79537E+15,5.05054E+16
36369,6,4,34,8,2018,10,15,4,3,2,6,0,0,1,0,0,0,0,0,4.70683E+20,5.56065E+21,8.58925E+15,5.01973E+16
36370,6,4,40,20,2018,10,17,3,3,2,6,1,0,1,0,1,0,0,1,4.99104E+20,5.57869E+21,8.9874E+15,5.03603E+16
36371,6,4,14,0,2018,10,12,1,3,5,3,0,0,1,0,0,0,0,0,4.44531E+20,5.54847E+21,8.22463E+15,5.00859E+16
36372,6,4,40,15,2018,10,11,2,3,3,6,0,0,1,0,0,1,0,0,4.80243E+20,5.59034E+21,8.72163E+15,5.04647E+16
36373,6,4,35,1,2018,10,22,1,3,6,4,2,0,1,1,0,0,0,0,5.24878E+20,5.56408E+21,9.34878E+15,5.02284E+16
36374,6,5,33,11,2018,10,17,5,2,5,3,0,0,1,0,0,0,0,0,4.44793E+20,5.59892E+21,8.22091E+15,5.05396E+16
36375,6,4,32,18,2018,10,16,6,3,2,6,0,0,1,0,0,0,0,0,4.6948E+20,5.51745E+21,8.57582E+15,4.98087E+16
36376,6,6,31,2,2018,10,18,6,3,1,7,2,0,1,0,0,0,0,0,5.46566E+20,5.61818E+21,9.65957E+15,5.07135E+16
36377,6,4,12,0,2018,10,15,5,3,2,6,0,0,1,0,0,0,0,0,4.70932E+20,5.55414E+21,8.59322E+15,5.01388E+16
36378,6,6,11,0,2018,10,7,3,2,6,4,0,0,1,1,0,0,0,1,5.35502E+20,5.6848E+21,9.50939E+15,5.13134E+16
36379,6,4,38,2,2018,10,16,1,3,5,2,0,0,1,0,0,0,0,0,4.79315E+20,5.54302E+21,8.71114E+15,5.00391E+16
36380,6,6,36,15,2018,9,14,1,3,4,1,0,0,1,0,1,0,0,0,5.76715E+20,5.66368E+21,1.00961E+16,5.11195E+16
36381,6,4,12,0,2018,10,15,7,3,6,4,0,0,1,1,0,0,0,0,4.72752E+20,5.55528E+21,8.61861E+15,5.01492E+16
36382,6,5,35,16,2018,10,10,4,2,8,1,0,0,1,0,0,0,0,0,5.16599E+20,5.59561E+21,9.23411E+15,5.05122E+16
36383,6,4,12,0,2018,10,16,5,3,2,6,0,0,1,0,0,0,0,0,4.72305E+20,5.55797E+21,8.61217E+15,5.01733E+16
36384,6,5,34,14,2018,10,11,3,3,8,6,0,0,1,0,0,0,1,0,4.78544E+20,5.62737E+21,8.69555E+15,5.07977E+16
36385,6,6,36,1,2018,9,14,1,3,2,7,0,0,1,0,0,0,0,0,5.67802E+20,5.67995E+21,9.97185E+15,5.12669E+16
36386,6,6,32,2,2018,9,19,1,3,5,2,2,0,1,0,1,0,0,0,5.50862E+20,5.63367E+21,9.72257E+15,5.08524E+16
36387,6,4,34,1,2018,10,13,7,2,5,3,0,0,1,0,0,0,0,0,4.75901E+20,5.56272E+21,8.66222E+15,5.02162E+16
36388,6,5,32,23,2018,10,1,7,3,5,3,2,0,1,0,0,0,0,0,4.64335E+20,5.60012E+21,8.49656E+15,5.0552E+16
36389,6,5,35,13,2018,10,21,4,3,2,6,2,0,1,0,0,0,0,0,4.99441E+20,5.61024E+21,8.9921E+15,5.0644E+16
36390,6,4,34,6,2018,10,4,3,3,8,7,2,0,0,0,1,0,0,0,4.67093E+20,5.55878E+21,8.53911E+15,5.01803E+16
36391,6,4,12,0,2018,10,7,5,3,2,6,1,0,1,0,0,0,0,0,4.68874E+20,5.5446E+21,8.5652E+15,5.00528E+16
36392,6,6,34,6,2018,10,6,3,3,2,6,0,0,1,0,0,0,1,0,5.05592E+20,5.6449E+21,9.07961E+15,5.09557E+16
36393,6,4,40,16,2018,10,18,3,3,9,1,1,0,1,0,0,0,0,1,4.99942E+20,5.58922E+21,8.99918E+15,5.0455E+16
36394,6,5,34,14,2018,10,9,2,3,5,3,0,0,1,0,0,0,1,0,4.84099E+20,5.63215E+21,8.77416E+15,5.08408E+16
36395,6,5,33,3,2018,9,16,1,3,2,6,0,0,0,0,1,0,0,0,4.48605E+20,5.57058E+21,8.27859E+15,5.02851E+16
36396,6,4,38,10,2018,10,17,6,3,2,6,0,0,1,0,0,1,0,0,4.92201E+20,5.54641E+21,8.89101E+15,5.00699E+16
36397,6,6,33,11,2018,10,12,6,2,2,6,0,0,1,0,1,0,0,0,5.2177E+20,5.68631E+21,9.31246E+15,5.13277E+16
36398,6,4,33,2,2018,10,15,3,3,2,6,0,0,1,0,0,0,0,0,4.54159E+20,5.53609E+21,8.36069E+15,4.99754E+16
36399,6,6,31,20,2018,10,16,4,3,5,2,0,0,1,0,0,0,0,0,5.56536E+20,5.60117E+21,9.79818E+15,5.05597E+16
36400,6,6,11,0,2018,9,16,1,3,2,6,0,0,1,0,0,0,0,0,5.35901E+20,5.68539E+21,9.51517E+15,5.13187E+16
36401,6,4,12,0,2018,10,15,1,3,2,6,0,0,1,0,0,0,0,0,4.81224E+20,5.55666E+21,8.73713E+15,5.01619E+16
36402,6,4,33,12,2018,10,6,5,3,5,3,1,0,1,0,0,0,0,0,4.58148E+20,5.53415E+21,8.41653E+15,4.99582E+16
36403,6,4,12,0,2018,10,21,5,3,5,3,2,0,1,0,0,0,0,0,4.71649E+20,5.54986E+21,8.60358E+15,5.01004E+16
36404,6,4,14,0,2018,10,15,5,3,5,3,0,0,1,0,0,1,0,0,4.46728E+20,5.54388E+21,8.25598E+15,5.00448E+16
36405,6,4,38,9,2018,10,19,3,3,2,6,0,0,1,0,0,0,0,0,4.78178E+20,5.5451E+21,8.69515E+15,5.00578E+16
36406,6,4,37,16,2018,10,16,6,2,5,3,0,0,1,0,0,0,0,0,4.98882E+20,5.49013E+21,8.98454E+15,4.95637E+16
36407,6,4,11,0,2018,10,11,6,3,5,2,0,1,1,0,0,0,0,0,4.76202E+20,5.52593E+21,8.66872E+15,4.98853E+16
36408,6,4,38,2,2018,10,21,3,3,2,6,2,0,1,0,0,0,0,0,4.8024E+20,5.54427E+21,8.72399E+15,5.00504E+16
36409,6,4,40,2,2018,10,15,4,3,2,6,0,0,1,0,0,0,0,0,4.82321E+20,5.57824E+21,8.75148E+15,5.0356E+16
36410,6,6,33,9,2018,9,14,1,1,9,1,0,0,0,0,1,0,0,0,5.36612E+20,5.69055E+21,9.5259E+15,5.1365E+16
36411,6,4,32,18,2018,10,14,1,3,2,6,0,0,1,0,0,0,0,0,4.69893E+20,5.51695E+21,8.5816E+15,4.98042E+16