OBJECTID_1,ULAND,UREGBEZ,UKREIS,UGEMEINDE,UJAHR,UMONAT,USTUNDE,UWOCHENTAG,UKATEGORIE,UART,UTYP1,ULICHTVERH,IstRad,IstPKW,IstFuss,IstKrad,IstGkfz,IstSonstig,STRZUSTAND,LINREFX,LINREFY,XGCSWGS84,YGCSWGS84
36976,6,5,34,1,2018,10,4,3,3,9,1,2,0,1,0,0,0,0,1,4.94024E+20,5.62863E+21,8.91518E+15,5.08094E+16
36977,6,6,35,4,2018,10,12,4,3,2,6,0,0,1,0,0,0,0,0,4.73844E+20,5.64645E+21,8.6275E+15,5.0969E+16
36978,6,4,12,0,2018,9,17,6,3,2,6,0,0,1,0,0,0,0,0,4.7144E+20,5.55351E+21,8.60039E+15,5.01331E+16
36979,6,5,31,6,2018,10,3,1,3,8,1,2,0,0,0,0,0,1,0,4.94897E+20,5.60446E+21,8.9279E+15,5.05921E+16
36980,6,4,13,0,2018,10,12,7,2,2,6,0,0,1,0,1,0,0,0,4.84042E+20,5.54519E+21,8.77706E+15,5.00588E+16
36981,6,4,34,1,2018,10,6,4,3,5,3,1,0,1,0,0,0,0,0,4.7077E+20,5.5652E+21,8.59011E+15,5.02383E+16
36982,6,4,33,11,2018,10,18,4,3,0,1,0,0,0,0,1,0,0,0,4.63689E+20,5.52049E+21,8.49505E+15,4.98358E+16
36983,6,4,12,0,2018,10,17,2,3,1,7,0,0,1,0,0,0,0,0,4.69227E+20,5.54969E+21,8.56973E+15,5.00987E+16
36984,6,4,12,0,2018,9,15,6,3,2,6,0,0,0,0,0,1,1,0,4.68571E+20,5.54453E+21,8.56098E+15,5.00523E+16
36985,6,4,12,0,2018,10,12,7,3,2,6,0,0,1,0,0,0,0,0,4.74289E+20,5.56068E+21,8.63977E+15,5.01977E+16
36986,6,6,11,0,2018,10,11,6,3,2,6,0,0,1,0,1,0,0,0,5.32738E+20,5.68394E+21,9.46965E+15,5.13058E+16
36987,6,4,34,11,2018,10,12,3,3,5,3,0,0,1,0,0,0,0,0,4.6555E+20,5.57612E+21,8.51592E+15,5.03362E+16
36988,6,6,36,16,2018,10,18,4,3,6,4,0,0,1,1,0,0,0,0,5.59658E+20,5.68864E+21,9.85659E+15,5.13459E+16
36989,6,4,32,18,2018,10,11,2,3,2,6,0,0,1,0,0,0,0,0,4.72276E+20,5.5137E+21,8.61495E+15,4.97751E+16
36990,6,4,12,0,2018,9,14,6,2,2,6,0,0,1,0,0,1,0,0,4.7191E+20,5.55686E+21,8.60671E+15,5.01633E+16
36991,6,4,39,16,2018,10,11,1,2,9,2,0,0,1,0,1,0,0,0,4.51777E+20,5.56517E+21,8.3238E+15,5.02367E+16
36992,6,6,35,8,2018,10,7,5,2,9,1,1,0,1,0,0,0,0,0,5.02103E+20,5.70314E+21,9.03029E+15,5.14794E+16
36993,6,4,38,10,2018,10,17,6,3,2,6,0,0,1,0,0,0,0,0,4.88484E+20,5.54578E+21,8.8391E+15,5.00641E+16
36994,6,5,35,18,2018,10,23,6,2,8,1,2,0,1,0,0,0,0,0,5.09444E+20,5.60702E+21,9.13349E+15,5.06149E+16
36995,6,4,40,8,2018,10,14,2,3,2,6,0,0,1,0,0,0,0,0,4.81142E+20,5.57547E+21,8.73505E+15,5.0331E+16
36996,6,5,32,23,2018,10,21,5,3,0,6,2,0,0,0,1,0,1,0,4.64524E+20,5.602E+21,8.49906E+15,5.05689E+16
36997,6,4,40,5,2018,10,19,4,3,2,6,2,0,0,0,0,1,0,0,4.78501E+20,5.58605E+21,8.69733E+15,5.04261E+16
36998,6,4,14,0,2018,10,19,1,3,3,6,2,0,1,0,0,0,0,0,4.44859E+20,5.54799E+21,8.22929E+15,5.00816E+16
36999,6,4,33,12,2018,9,6,6,3,3,6,2,0,1,0,0,1,0,0,4.57737E+20,5.536E+21,8.41059E+15,4.99749E+16
37000,6,5,33,4,2018,10,17,7,2,9,1,0,0,1,0,0,0,0,0,4.3061E+20,5.59585E+21,8.02136E+15,5.05105E+16
37001,6,4,39,8,2018,10,12,5,3,3,6,0,0,1,0,0,1,0,0,4.46223E+20,5.56616E+21,8.24579E+15,5.02452E+16
37002,6,4,32,8,2018,10,1,5,3,8,1,2,0,1,0,0,0,0,0,4.6841E+20,5.52104E+21,8.56066E+15,4.9841E+16
37003,6,5,32,6,2018,10,7,3,3,5,2,0,0,1,0,0,1,0,0,4.49982E+20,5.62047E+21,8.29123E+15,5.07338E+16
37004,6,4,33,4,2018,9,13,6,3,2,6,0,0,1,0,0,0,0,0,4.67123E+20,5.51142E+21,8.54357E+15,4.97544E+16
37005,6,5,31,12,2018,9,15,6,3,3,6,0,0,1,0,0,0,0,0,4.75364E+20,5.59922E+21,8.6523E+15,5.05444E+16
37006,6,4,12,0,2018,10,18,7,3,2,6,1,0,1,0,0,0,0,0,4.78745E+20,5.56127E+21,8.70216E+15,5.02033E+16
37007,6,5,35,14,2018,10,19,7,2,3,2,2,0,1,0,1,0,0,0,5.14483E+20,5.61682E+21,9.2051E+15,5.0703E+16
37008,6,4,31,5,2018,10,19,4,2,2,6,1,0,1,0,1,0,0,0,4.63303E+20,5.49948E+21,8.49166E+15,4.96467E+16
37009,6,6,33,1,2018,10,16,3,3,5,3,0,0,1,0,0,0,0,1,5.27803E+20,5.6908E+21,9.39939E+15,5.13678E+16
37010,6,4,40,3,2018,10,17,2,3,2,6,0,0,1,0,0,0,0,0,4.81673E+20,5.56002E+21,8.74325E+15,5.01921E+16
37011,6,4,35,6,2018,9,7,5,3,5,2,0,1,1,0,0,0,0,0,4.93804E+20,5.55884E+21,8.91322E+15,5.01817E+16
37012,6,4,12,0,2018,10,20,6,3,2,6,2,0,1,0,0,0,0,0,4.78201E+20,5.55339E+21,8.69499E+15,5.01323E+16
37013,6,4,37,11,2018,10,10,6,2,5,3,0,0,1,0,1,0,0,0,5.00954E+20,5.50356E+21,9.01322E+15,4.96846E+16
37014,6,5,31,4,2018,10,15,3,3,2,6,0,0,1,0,0,0,0,0,4.80654E+20,5.60204E+21,8.72682E+15,5.05699E+16
37015,6,4,36,4,2018,10,18,4,2,5,2,0,0,1,0,1,0,0,0,4.60223E+20,5.54332E+21,8.44451E+15,5.00408E+16
37016,6,5,35,1,2018,10,15,3,3,5,3,0,0,1,0,1,0,0,1,5.1875E+20,5.6221E+21,9.26579E+15,5.07504E+16
37017,6,5,31,17,2018,9,20,5,3,6,4,2,0,1,1,0,0,0,0,4.81089E+20,5.61148E+21,8.73247E+15,5.06549E+16
37018,6,5,32,10,2018,10,12,1,2,9,1,0,0,0,0,1,0,0,0,4.43371E+20,5.60542E+21,8.19986E+15,5.05979E+16
37019,6,4,40,5,2018,10,11,5,3,2,6,0,0,1,0,0,0,1,0,4.76002E+20,5.58826E+21,8.66202E+15,5.04459E+16
37020,6,5,35,16,2018,10,16,5,2,9,1,0,0,0,0,1,0,0,0,5.10926E+20,5.59215E+21,9.15399E+15,5.04812E+16
37021,6,4,12,0,2018,10,22,6,2,3,6,2,0,1,0,1,0,0,0,4.81408E+20,5.54981E+21,8.74004E+15,5.01002E+16
37022,6,4,12,0,2018,10,16,3,3,0,1,0,0,1,0,1,0,0,0,4.68451E+20,5.55008E+21,8.55885E+15,5.01022E+16
37023,6,4,12,0,2018,10,14,7,2,4,6,0,1,1,0,0,0,0,0,4.68875E+20,5.5483E+21,8.56493E+15,5.00862E+16
37024,6,5,31,10,2018,11,12,2,1,8,7,0,0,1,0,0,0,0,0,4.96255E+20,5.60133E+21,8.94712E+15,5.05639E+16
37025,6,4,12,0,2018,10,7,3,3,5,2,0,1,0,0,1,0,0,1,4.78524E+20,5.55436E+21,8.69945E+15,5.01411E+16
37026,6,4,40,16,2018,11,8,5,3,9,1,0,0,1,0,0,0,0,1,5.03866E+20,5.58554E+21,9.05443E+15,5.04219E+16
37027,6,4,39,14,2018,10,16,6,3,8,7,0,0,1,0,0,0,0,0,4.36015E+20,5.55011E+21,8.10533E+15,5.00998E+16
37028,6,4,34,11,2018,10,7,2,3,5,3,1,0,1,0,0,0,0,0,4.70052E+20,5.57832E+21,8.57901E+15,5.03562E+16
37029,6,5,34,10,2018,11,16,2,3,2,2,1,0,1,0,0,0,0,0,4.70627E+20,5.62512E+21,8.58339E+15,5.07771E+16
37030,6,6,33,20,2018,10,17,3,3,8,6,0,0,1,0,0,0,0,1,5.37727E+20,5.68505E+21,9.54134E+15,5.13155E+16
37031,6,4,34,7,2018,11,22,6,3,4,6,2,1,1,0,0,0,0,0,4.64895E+20,5.57081E+21,8.50721E+15,5.02883E+16
37032,6,4,35,29,2018,10,13,2,3,5,2,0,0,1,0,0,0,0,0,5.21492E+20,5.56696E+21,9.30148E+15,5.02544E+16
37033,6,6,11,0,2018,11,12,7,3,2,6,0,0,1,0,0,0,0,0,5.35003E+20,5.6821E+21,9.50196E+15,5.12891E+16
37034,6,4,33,8,2018,10,9,3,2,8,1,0,0,1,0,0,0,0,1,4.71325E+20,5.53739E+21,8.59998E+15,4.99881E+16
37035,6,4,31,16,2018,11,18,4,3,2,6,2,0,1,0,0,0,0,0,4.6944E+20,5.50112E+21,8.57655E+15,4.96619E+16
37036,6,4,38,8,2018,10,14,5,3,5,3,0,1,1,0,0,0,0,0,4.87493E+20,5.55198E+21,8.82504E+15,5.01199E+16
37037,6,4,37,9,2018,10,15,2,3,1,7,0,0,1,0,0,0,0,0,4.99982E+20,5.51577E+21,8.99975E+15,4.97944E+16
37038,6,4,12,0,2018,11,22,5,3,1,1,2,0,1,0,0,0,0,0,4.75492E+20,5.54988E+21,8.65731E+15,5.01007E+16
37039,6,4,32,23,2018,11,22,7,3,8,1,2,0,1,0,0,0,0,1,4.7222E+20,5.53046E+21,8.61296E+15,4.99259E+16
37040,6,4,40,23,2018,10,19,2,3,3,6,2,1,1,0,0,0,0,0,4.78318E+20,5.5666E+21,8.69587E+15,5.02511E+16
37041,6,6,11,0,2018,11,18,3,3,4,6,2,0,1,0,0,0,0,0,5.28793E+20,5.68597E+21,9.41323E+15,5.13243E+16
37042,6,6,11,0,2018,10,13,4,3,2,6,0,0,1,0,0,0,0,1,5.36049E+20,5.68494E+21,9.51725E+15,5.13147E+16
37043,6,5,31,8,2018,11,11,1,3,2,6,0,1,1,0,0,0,0,0,4.93569E+20,5.59541E+21,8.9093E+15,5.05106E+16
37044,6,5,32,12,2018,10,15,2,3,0,7,0,0,0,0,1,0,0,1,4.5107E+20,5.61236E+21,8.30772E+15,5.0661E+16
37045,6,4,12,0,2018,10,7,4,3,2,6,0,0,1,0,0,0,0,0,4.75156E+20,5.5605E+21,8.65193E+15,5.01962E+16
37046,6,4,33,13,2018,11,8,6,3,2,6,0,0,1,0,0,0,0,0,4.62934E+20,5.51658E+21,8.48493E+15,4.98006E+16
37047,6,6,33,29,2018,10,13,7,3,8,6,0,0,1,0,1,0,0,0,5.22617E+20,5.69131E+21,9.32492E+15,5.13726E+16
37048,6,4,14,0,2018,11,16,2,3,2,6,0,0,1,0,0,0,0,0,4.49737E+20,5.54322E+21,8.29809E+15,5.00391E+16
37049,6,5,34,7,2018,10,16,4,3,9,1,0,0,1,0,0,0,0,1,4.69695E+20,5.63422E+21,8.56942E+15,5.08589E+16
37050,6,5,32,23,2018,11,14,7,3,5,2,0,1,1,0,0,0,0,0,4.63702E+20,5.59723E+21,8.48791E+15,5.05259E+16
37051,6,4,32,3,2018,10,15,2,3,5,2,0,1,1,0,0,0,0,0,4.71992E+20,5.5114E+21,8.61117E+15,4.97544E+16
37052,6,4,14,0,2018,11,18,1,3,2,6,2,0,1,0,0,0,0,0,4.48642E+20,5.5405E+21,8.28316E+15,5.00146E+16
37053,6,4,38,10,2018,10,9,3,3,2,6,0,0,1,0,0,1,0,1,4.90824E+20,5.54649E+21,8.87178E+15,5.00706E+16
37054,6,5,31,16,2018,11,18,5,3,2,6,2,1,1,0,0,0,0,1,4.92734E+20,5.60152E+21,8.89741E+15,5.05655E+16
37055,6,4,35,14,2018,10,6,6,3,2,6,2,1,1,0,0,0,0,0,4.9389E+20,5.55035E+21,8.91455E+15,5.01054E+16
37056,6,4,40,24,2018,10,6,2,3,5,3,2,0,1,0,0,0,0,0,4.86102E+20,5.58059E+21,8.80455E+15,5.03772E+16
37057,6,4,12,0,2018,11,17,2,2,2,6,2,0,1,0,0,0,0,0,4.71611E+20,5.55079E+21,8.60298E+15,5.01087E+16
37058,6,4,34,6,2018,10,22,3,3,9,7,2,0,1,0,0,0,0,0,4.67955E+20,5.55917E+21,8.55115E+15,5.01839E+16
37059,6,4,32,13,2018,11,11,6,2,9,1,0,0,0,0,1,0,0,1,4.80396E+20,5.50924E+21,8.72794E+15,4.97354E+16
37060,6,4,31,2,2018,10,12,2,3,2,6,0,0,1,0,0,0,0,0,4.71839E+20,5.50326E+21,8.60963E+15,4.96812E+16
37061,6,4,36,2,2018,11,18,7,2,5,3,2,0,1,0,0,0,0,1,4.57154E+20,5.55378E+21,8.40047E+15,5.01347E+16
37062,6,6,11,0,2018,10,15,2,3,2,6,0,0,1,1,0,0,0,0,5.33932E+20,5.68458E+21,9.48684E+15,5.13115E+16
37063,6,6,34,13,2018,11,9,4,2,2,6,0,0,0,0,0,1,0,0,5.33969E+20,5.65923E+21,9.48497E+15,5.10836E+16
37064,6,6,31,9,2018,10,15,5,3,2,6,0,0,1,0,0,0,0,0,5.49527E+20,5.60036E+21,9.69912E+15,5.05531E+16
37065,6,5,34,14,2018,10,9,2,3,2,6,0,0,1,0,0,0,0,0,4.8394E+20,5.63031E+21,8.77198E+15,5.08243E+16
37066,6,4,40,3,2018,11,12,5,3,2,6,0,0,1,0,0,0,0,0,4.81186E+20,5.56149E+21,8.73635E+15,5.02053E+16
37067,6,6,11,0,2018,11,12,6,3,1,5,0,1,1,0,0,0,0,0,5.33749E+20,5.68494E+21,9.48425E+15,5.13148E+16
37068,6,4,40,23,2018,10,7,2,3,2,6,0,0,1,0,0,0,0,0,4.76221E+20,5.56933E+21,8.66629E+15,5.02757E+16
37069,6,5,34,10,2018,11,16,3,3,2,2,0,0,1,0,0,0,0,0,4.67855E+20,5.62265E+21,8.54429E+15,5.07548E+16
37070,6,4,12,0,2018,10,11,4,3,0,2,0,0,0,0,1,0,0,1,4.68021E+20,5.5505E+21,8.55281E+15,5.01059E+16
37071,6,6,11,0,2018,11,16,7,2,0,7,0,0,0,0,0,0,1,0,5.34217E+20,5.68524E+21,9.49098E+15,5.13174E+16
37072,6,5,34,15,2018,10,14,2,3,9,1,0,0,1,0,0,0,0,1,4.80578E+20,5.64621E+21,8.72341E+15,5.09672E+16
37073,6,5,32,23,2018,10,16,4,3,5,3,1,0,1,0,0,0,0,0,4.6607E+20,5.60675E+21,8.52045E+15,5.06117E+16
37074,6,5,33,10,2018,10,23,4,3,8,1,2,0,0,0,0,0,1,0,4.48901E+20,5.5973E+21,8.2791E+15,5.05255E+16
37075,6,4,39,15,2018,11,17,2,2,6,4,2,0,1,1,0,0,0,1,4.38875E+20,5.55457E+21,8.14461E+15,5.01402E+16
37076,6,6,35,19,2018,10,14,3,3,9,1,0,0,1,0,0,0,0,1,4.97327E+20,5.67557E+21,8.96172E+15,5.12315E+16
37077,6,4,35,27,2018,11,17,5,2,4,6,1,0,1,0,0,0,0,0,5.4561E+20,5.56786E+21,9.63989E+15,5.02611E+16
37078,6,6,34,1,2018,11,11,6,3,0,1,0,0,0,0,1,0,0,1,5.16632E+20,5.65733E+21,9.23736E+15,5.10672E+16
37079,6,4,38,2,2018,10,12,2,2,2,6,0,0,1,0,0,1,0,0,4.80137E+20,5.54421E+21,8.72256E+15,5.00498E+16
37080,6,4,34,6,2018,11,15,3,3,2,6,0,0,1,0,0,0,0,0,4.63935E+20,5.55959E+21,8.4948E+15,5.01874E+16
37081,6,4,14,0,2018,10,6,4,3,5,3,2,1,1,0,0,0,0,0,4.43383E+20,5.5437E+21,8.20929E+15,5.00429E+16
37082,6,4,40,23,2018,11,7,1,2,2,6,1,0,1,0,0,0,0,0,4.76781E+20,5.57177E+21,8.674E+15,5.02976E+16
37083,6,6,31,20,2018,10,14,2,3,0,6,0,0,0,0,1,0,1,1,5.49856E+20,5.60026E+21,9.70376E+15,5.05522E+16
37084,6,5,34,14,2018,10,15,4,3,5,3,0,0,1,0,0,1,0,0,4.84108E+20,5.63216E+21,8.7743E+15,5.08409E+16
37085,6,4,33,13,2018,10,6,3,3,5,2,1,0,1,0,0,0,0,0,4.6255E+20,5.51801E+21,8.47946E+15,4.98133E+16
37086,6,4,11,0,2018,10,18,4,3,6,4,2,0,1,1,0,0,0,0,4.73684E+20,5.52293E+21,8.63387E+15,4.98582E+16
37087,6,5,33,2,2018,10,5,4,3,3,6,2,0,1,0,0,1,1,0,4.38496E+20,5.5791E+21,8.13531E+15,5.03608E+16
37088,6,6,31,9,2018,10,18,3,3,5,2,0,0,1,0,0,0,0,0,5.46687E+20,5.60167E+21,9.6592E+15,5.05651E+16
37089,6,5,32,16,2018,11,14,6,2,5,3,0,0,1,0,0,0,0,0,4.50516E+20,5.59784E+21,8.30182E+15,5.05304E+16
37090,6,5,33,10,2018,10,18,7,3,2,1,1,0,1,0,0,0,0,0,4.48301E+20,5.59664E+21,8.27073E+15,5.05194E+16
37091,6,4,12,0,2018,11,14,2,3,0,2,0,0,1,0,0,0,0,0,4.77423E+20,5.55679E+21,8.6839E+15,5.01629E+16
37092,6,4,33,12,2018,10,13,4,2,2,6,0,0,1,0,0,0,1,1,4.57955E+20,5.53552E+21,8.41369E+15,4.99705E+16
37093,6,4,14,0,2018,11,14,7,3,2,6,0,0,1,0,0,0,1,0,4.43889E+20,5.54581E+21,8.21605E+15,5.00619E+16
37094,6,6,31,9,2018,10,15,2,3,2,6,0,0,1,0,0,0,0,1,5.49658E+20,5.59905E+21,9.70081E+15,5.05412E+16
37095,6,6,32,2,2018,11,18,5,3,2,6,2,0,1,0,0,0,0,0,5.50184E+20,5.63551E+21,9.71318E+15,5.08691E+16
37096,6,6,34,5,2018,11,18,1,2,5,3,2,0,1,0,0,0,0,1,5.21482E+20,5.66729E+21,9.30717E+15,5.11567E+16
37097,6,4,35,10,2018,10,14,3,3,6,2,0,0,1,1,0,0,0,1,5.12673E+20,5.56096E+21,9.17758E+15,5.02007E+16
37098,6,4,14,0,2018,11,14,4,3,5,2,0,0,1,0,0,0,0,0,4.4792E+20,5.54759E+21,8.27212E+15,5.00783E+16
37099,6,4,12,0,2018,10,13,6,3,2,6,0,0,1,0,0,0,0,0,4.65973E+20,5.5512E+21,8.52409E+15,5.01121E+16
37100,6,6,31,9,2018,10,6,2,3,8,7,2,0,1,0,0,0,0,0,5.49195E+20,5.60071E+21,9.69448E+15,5.05563E+16
37101,6,4,14,0,2018,11,17,2,3,2,6,2,0,1,0,0,0,0,0,4.54619E+20,5.54743E+21,8.36576E+15,5.00774E+16
37102,6,4,40,8,2018,10,6,3,2,5,3,2,0,1,0,0,0,0,1,4.85276E+20,5.57486E+21,8.79315E+15,5.03256E+16
37103,6,4,33,12,2018,11,11,6,3,2,6,0,0,1,0,0,0,0,0,4.58778E+20,5.53923E+21,8.42477E+15,5.00039E+16
37104,6,4,35,14,2018,10,9,2,3,5,3,0,1,1,0,0,0,0,0,4.92458E+20,5.55456E+21,8.89445E+15,5.01432E+16
37105,6,4,32,23,2018,11,14,3,3,2,6,0,0,1,0,0,1,0,0,4.71766E+20,5.52783E+21,8.60684E+15,4.99022E+16
37106,6,5,34,7,2018,11,17,7,2,8,1,2,0,1,0,0,0,0,1,4.66749E+20,5.63303E+21,8.52768E+15,5.0848E+16
37107,6,4,13,0,2018,10,7,2,3,2,6,0,0,1,0,0,0,0,0,4.81014E+20,5.54629E+21,8.7347E+15,5.00686E+16
37108,6,4,13,0,2018,11,5,4,3,9,1,2,0,1,0,0,0,0,0,4.81328E+20,5.55013E+21,8.7389E+15,5.01032E+16
37109,6,5,32,22,2018,10,12,5,2,9,7,0,0,1,0,0,0,0,0,4.63679E+20,5.58419E+21,8.48885E+15,5.04086E+16
37110,6,5,31,9,2018,10,9,2,3,8,7,0,0,1,0,0,0,0,0,4.69297E+20,5.58983E+21,8.56745E+15,5.04597E+16
37111,6,5,34,14,2018,11,13,5,3,6,4,0,0,1,1,0,0,0,0,4.83808E+20,5.62923E+21,8.77016E+15,5.08146E+16
37112,6,4,12,0,2018,11,13,6,3,3,6,0,1,0,0,0,0,1,0,4.74904E+20,5.55134E+21,8.649E+15,5.01138E+16
37113,6,4,12,0,2018,10,16,1,3,5,3,1,0,1,0,0,0,0,1,4.77913E+20,5.54966E+21,8.69117E+15,5.00988E+16
37114,6,5,34,18,2018,11,7,3,3,8,6,2,0,0,0,0,1,1,1,4.97862E+20,5.62305E+21,8.96968E+15,5.07593E+16
37115,6,4,37,5,2018,10,17,4,3,9,1,1,0,1,0,0,0,0,1,4.95046E+20,5.50644E+21,8.93129E+15,4.97105E+16
37116,6,4,12,0,2018,11,10,7,3,6,7,0,1,0,1,0,0,1,0,4.82904E+20,5.55314E+21,8.7608E+15,5.01302E+16
37117,6,4,35,23,2018,10,9,2,2,9,1,0,0,1,0,0,0,0,0,4.98642E+20,5.55253E+21,8.981E+15,5.0125E+16
37118,6,4,36,7,2018,10,19,4,3,3,6,2,0,1,0,0,1,0,0,4.55889E+20,5.54558E+21,8.38372E+15,5.00608E+16
37119,6,4,32,22,2018,10,14,4,3,1,5,0,0,1,0,0,0,0,0,4.73469E+20,5.51112E+21,8.6317E+15,4.97519E+16
37120,6,4,34,11,2018,11,8,2,3,5,3,0,0,1,0,0,0,0,1,4.64262E+20,5.57552E+21,8.49787E+15,5.03307E+16
37121,6,6,11,0,2018,10,18,3,3,6,4,2,0,0,1,0,0,1,1,5.34905E+20,5.68602E+21,9.50094E+15,5.13244E+16
37122,6,4,35,25,2018,11,9,5,3,5,3,0,0,1,0,1,0,0,0,5.38124E+20,5.57764E+21,9.53586E+15,5.03496E+16
37123,6,4,12,0,2018,10,13,6,2,5,3,0,1,1,0,0,0,0,0,4.67727E+20,5.55016E+21,8.54872E+15,5.01028E+16
37124,6,6,33,28,2018,10,14,2,3,2,6,0,0,0,0,0,1,0,1,5.13237E+20,5.69435E+21,9.19028E+15,5.14002E+16
37125,6,4,13,0,2018,10,15,7,3,8,6,0,0,1,0,0,0,1,0,4.81339E+20,5.55008E+21,8.73906E+15,5.01027E+16
37126,6,4,34,11,2018,11,14,2,3,6,2,0,0,1,1,0,0,0,0,4.67197E+20,5.57554E+21,8.53911E+15,5.0331E+16
37127,6,6,34,11,2018,10,22,4,3,9,1,2,0,0,0,0,1,0,1,5.33816E+20,5.64596E+21,9.48156E+15,5.09643E+16
37128,6,4,12,0,2018,11,18,6,3,3,6,2,0,1,0,0,0,0,0,4.82161E+20,5.55215E+21,8.75045E+15,5.01213E+16
37129,6,5,33,3,2018,10,7,2,3,2,6,1,0,1,0,0,0,0,0,4.45669E+20,5.57202E+21,8.23717E+15,5.02978E+16
37130,6,4,13,0,2018,11,15,5,3,2,6,0,0,1,0,0,0,1,0,4.84632E+20,5.54967E+21,8.78513E+15,5.0099E+16
37131,6,4,12,0,2018,11,1,1,3,5,3,2,0,1,0,0,0,0,1,4.66667E+20,5.55159E+21,8.53378E+15,5.01156E+16
37132,6,6,31,9,2018,10,15,3,3,5,3,0,1,0,0,0,0,1,1,5.48727E+20,5.60004E+21,9.6878E+15,5.05503E+16
37133,6,6,35,10,2018,11,0,4,3,8,1,2,0,1,0,0,0,0,1,4.93021E+20,5.65734E+21,8.9004E+15,5.10675E+16
37134,6,4,32,23,2018,10,6,5,3,4,6,2,0,1,0,0,0,0,1,4.69631E+20,5.52876E+21,8.57703E+15,4.99105E+16
37135,6,4,31,16,2018,10,9,2,3,5,3,0,0,1,0,0,1,0,0,4.67687E+20,5.50036E+21,8.55232E+15,4.96549E+16
37136,6,6,11,0,2018,11,8,5,3,2,6,0,0,1,0,0,0,0,0,5.28785E+20,5.68342E+21,9.41291E+15,5.13014E+16
37137,6,6,33,8,2018,10,6,6,3,5,3,2,1,1,0,0,0,0,0,5.34369E+20,5.67481E+21,9.49217E+15,5.12236E+16
37138,6,4,33,2,2018,10,8,2,3,2,6,0,0,1,0,0,0,0,0,4.56961E+20,5.53592E+21,8.39978E+15,4.9974E+16
37139,6,6,11,0,2018,11,6,6,3,4,1,2,0,1,0,0,1,0,1,5.36243E+20,5.68135E+21,9.51966E+15,5.12824E+16
37140,6,4,31,2,2018,10,18,7,2,5,2,2,0,1,0,1,0,0,0,4.72311E+20,5.50318E+21,8.61619E+15,4.96805E+16
37141,6,4,11,0,2018,11,13,2,3,5,3,0,0,1,0,0,0,0,0,4.73626E+20,5.52627E+21,8.63285E+15,4.98882E+16
37142,6,6,31,9,2018,10,17,4,3,0,1,0,1,0,0,0,0,0,1,5.49091E+20,5.59829E+21,9.69271E+15,5.05345E+16
37143,6,6,34,11,2018,11,14,6,3,6,4,0,0,0,1,1,0,0,0,5.36805E+20,5.6545E+21,9.52498E+15,5.10409E+16
37144,6,4,31,6,2018,10,7,2,3,2,6,1,0,1,0,0,0,0,0,4.67406E+20,5.50569E+21,8.54798E+15,4.97028E+16
37145,6,6,11,0,2018,11,6,5,3,5,3,1,0,1,0,0,0,0,0,5.32652E+20,5.68508E+21,9.46851E+15,5.13161E+16
37146,6,4,31,12,2018,11,15,1,2,0,1,0,0,0,0,1,0,0,1,4.93934E+20,5.48086E+21,8.91626E+15,4.94803E+16
37147,6,4,40,8,2018,10,14,3,3,2,6,0,0,1,0,0,0,0,1,4.81144E+20,5.57525E+21,8.73508E+15,5.0329E+16
37148,6,4,12,0,2018,11,17,4,3,5,2,2,1,1,0,0,0,0,0,4.76299E+20,5.55331E+21,8.66839E+15,5.01316E+16
37149,6,6,32,16,2018,10,10,5,2,5,2,0,1,1,0,0,0,0,0,5.69765E+20,5.63249E+21,9.99084E+15,5.08399E+16
37150,6,4,31,2,2018,10,13,2,3,2,6,0,0,1,0,0,0,1,0,4.71165E+20,5.5058E+21,8.6001E+15,4.9704E+16
37151,6,4,38,11,2018,11,13,6,2,2,6,0,0,1,0,0,1,0,0,4.90475E+20,5.54534E+21,8.86693E+15,5.00602E+16
37152,6,6,32,2,2018,11,6,2,2,8,1,1,0,1,0,0,0,0,1,5.45196E+20,5.62966E+21,9.64158E+15,5.08169E+16
37153,6,5,34,18,2018,11,10,7,3,8,1,0,0,1,0,0,0,0,1,5.01339E+20,5.63242E+21,9.01902E+15,5.08435E+16
37154,6,4,37,13,2018,10,14,2,3,4,6,0,0,1,0,0,0,1,0,4.89954E+20,5.50381E+21,8.86072E+15,4.96867E+16
37155,6,4,33,7,2018,11,8,4,3,2,6,0,0,1,0,0,0,0,0,4.63527E+20,5.54177E+21,8.4908E+15,5.00271E+16
37156,6,4,35,12,2018,10,7,5,3,8,1,2,0,1,0,0,0,0,1,5.07423E+20,5.56007E+21,9.10399E+15,5.01928E+16
37157,6,4,40,24,2018,10,15,2,3,3,6,0,0,1,0,0,1,1,0,4.86505E+20,5.58537E+21,8.81003E+15,5.04202E+16
37158,6,4,12,0,2018,11,13,5,3,2,6,0,0,1,0,0,0,0,0,4.72266E+20,5.55791E+21,8.61162E+15,5.01728E+16
37159,6,6,34,14,2018,11,13,6,3,0,7,0,0,0,0,1,0,1,1,5.37932E+20,5.66136E+21,9.54177E+15,5.11024E+16
37160,6,4,11,0,2018,10,18,1,3,0,1,2,0,0,0,1,0,0,1,4.73395E+20,5.51816E+21,8.63019E+15,4.98153E+16
37161,6,5,32,3,2018,11,18,3,3,8,1,2,0,0,0,1,0,0,0,4.6088E+20,5.59386E+21,8.44845E+15,5.04954E+16
37162,6,6,11,0,2018,10,9,4,3,5,2,0,0,1,0,0,0,0,1,5.31703E+20,5.681E+21,9.45454E+15,5.12795E+16
37163,6,6,33,6,2018,11,16,7,3,2,2,0,0,1,0,0,0,0,0,5.16485E+20,5.68179E+21,9.23639E+15,5.12872E+16