OBJECTID_1,ULAND,UREGBEZ,UKREIS,UGEMEINDE,UJAHR,UMONAT,USTUNDE,UWOCHENTAG,UKATEGORIE,UART,UTYP1,ULICHTVERH,IstRad,IstPKW,IstFuss,IstKrad,IstGkfz,IstSonstig,STRZUSTAND,LINREFX,LINREFY,XGCSWGS84,YGCSWGS84
37164,6,5,31,12,2018,10,6,2,3,2,6,2,0,1,0,0,0,1,0,4.75024E+20,5.59671E+21,8.64767E+15,5.05219E+16
37165,6,5,34,14,2018,11,12,2,2,2,6,0,0,1,0,0,0,1,0,4.83967E+20,5.63208E+21,8.7723E+15,5.08402E+16
37166,6,4,13,0,2018,10,0,3,3,3,6,2,0,1,0,0,0,1,0,4.80879E+20,5.54618E+21,8.73283E+15,5.00676E+16
37167,6,5,33,13,2018,11,7,5,3,9,1,0,0,0,0,1,0,0,1,4.43922E+20,5.59028E+21,8.20992E+15,5.04618E+16
37168,6,6,34,13,2018,10,8,6,2,0,3,0,0,1,0,0,0,0,0,5.3483E+20,5.66019E+21,9.49735E+15,5.10921E+16
37169,6,4,35,21,2018,10,10,1,3,2,2,0,0,1,0,1,0,0,0,4.89684E+20,5.56554E+21,8.85533E+15,5.02419E+16
37170,6,4,35,18,2018,11,12,2,3,5,2,0,0,1,0,0,0,0,0,5.1344E+20,5.55825E+21,9.18822E+15,5.01763E+16
37171,6,5,33,9,2018,10,7,3,3,2,6,1,0,1,0,0,0,0,0,4.33957E+20,5.58349E+21,8.07074E+15,5.03998E+16
37172,6,4,39,8,2018,11,17,6,3,2,6,2,0,1,0,0,0,0,1,4.46711E+20,5.5629E+21,8.25308E+15,5.02159E+16
37173,6,4,35,14,2018,10,22,1,3,8,1,2,0,0,0,1,0,0,0,4.95859E+20,5.55344E+21,8.94205E+15,5.01332E+16
37174,6,6,33,28,2018,11,11,5,2,2,6,0,0,1,0,0,0,1,0,5.116E+20,5.68684E+21,9.16651E+15,5.13328E+16
37175,6,5,31,3,2018,11,13,7,3,5,3,0,0,1,0,0,0,0,1,4.8571E+20,5.60447E+21,8.79812E+15,5.05919E+16
37176,6,4,12,0,2018,10,19,3,2,9,1,2,0,1,0,0,0,1,1,4.66404E+20,5.55145E+21,8.5301E+15,5.01144E+16
37177,6,4,34,12,2018,11,12,4,2,3,6,0,0,1,0,1,0,0,0,4.71363E+20,5.57494E+21,8.59769E+15,5.03259E+16
37178,6,4,39,16,2018,10,16,5,3,4,6,0,0,1,0,0,0,0,0,4.5482E+20,5.56574E+21,8.36639E+15,5.02421E+16
37179,6,6,32,2,2018,10,15,1,3,2,6,0,0,1,0,0,0,0,0,5.5091E+20,5.63472E+21,9.72338E+15,5.08619E+16
37180,6,4,12,0,2018,11,16,5,3,5,2,0,0,1,0,0,0,0,0,4.69449E+20,5.55251E+21,8.57261E+15,5.0124E+16
37181,6,4,11,0,2018,11,8,2,3,5,2,1,1,1,0,0,0,0,0,4.73614E+20,5.52426E+21,8.63281E+15,4.98702E+16
37182,6,4,12,0,2018,11,21,7,2,8,1,2,0,1,0,0,0,0,1,4.73239E+20,5.55976E+21,8.62512E+15,5.01895E+16
37183,6,5,32,6,2018,10,18,2,3,5,2,2,0,1,0,0,0,0,0,4.49982E+20,5.62047E+21,8.29122E+15,5.07339E+16
37184,6,4,12,0,2018,11,14,3,3,0,7,0,0,0,0,1,0,0,0,4.7135E+20,5.55354E+21,8.59912E+15,5.01334E+16
37185,6,5,33,9,2018,10,13,4,3,4,6,0,0,1,0,0,0,0,1,4.37026E+20,5.5798E+21,8.11453E+15,5.03669E+16
37186,6,5,33,17,2018,11,21,1,2,8,1,2,0,1,0,0,0,0,0,4.54795E+20,5.59356E+21,8.3627E+15,5.04922E+16
37187,6,6,32,10,2018,10,20,1,3,6,6,2,0,1,1,0,0,0,0,5.6598E+20,5.63219E+21,9.93704E+15,5.08377E+16
37188,6,6,32,9,2018,10,10,4,3,2,6,0,0,1,0,0,0,1,0,5.70557E+20,5.63753E+21,1.00031E+16,5.08851E+16
37189,6,5,33,8,2018,11,8,5,3,2,6,0,0,1,0,0,0,0,0,4.37818E+20,5.57659E+21,8.1262E+15,5.03381E+16
37190,6,4,14,0,2018,11,17,2,2,6,4,2,0,1,1,0,0,0,0,4.45638E+20,5.54687E+21,8.24033E+15,5.00716E+16
37191,6,5,32,23,2018,11,19,7,3,5,3,2,0,1,0,0,0,0,1,4.63551E+20,5.59993E+21,8.48552E+15,5.05501E+16
37192,6,4,38,5,2018,10,18,2,3,5,3,2,0,1,0,0,0,1,0,4.84845E+20,5.5452E+21,8.78827E+15,5.00589E+16
37193,6,6,32,14,2018,11,13,3,2,8,1,0,0,1,0,0,0,0,0,5.348E+20,5.63783E+21,9.49478E+15,5.08911E+16
37194,6,4,12,0,2018,10,19,5,3,2,6,2,0,1,0,0,0,0,0,4.71669E+20,5.55145E+21,8.60374E+15,5.01146E+16
37195,6,6,11,0,2018,11,13,1,3,2,6,0,0,1,0,0,0,0,0,5.35714E+20,5.68579E+21,9.51252E+15,5.13223E+16
37196,6,5,33,7,2018,10,18,1,3,3,6,1,0,1,0,0,0,0,0,4.3346E+20,5.59032E+21,8.06254E+15,5.04611E+16
37197,6,4,35,21,2018,10,20,4,2,5,2,2,0,1,0,0,0,0,0,4.89564E+20,5.56476E+21,8.85367E+15,5.02349E+16
37198,6,4,38,12,2018,11,16,6,3,5,2,1,0,1,0,1,0,0,0,4.85737E+20,5.53589E+21,8.80108E+15,4.99752E+16
37199,6,4,35,21,2018,10,16,7,3,2,6,0,0,1,0,0,0,1,0,4.89707E+20,5.56562E+21,8.85565E+15,5.02426E+16
37200,6,6,33,8,2018,11,22,3,2,2,6,2,0,0,0,0,1,1,0,5.35361E+20,5.67895E+21,9.50678E+15,5.12608E+16
37201,6,4,39,15,2018,10,8,4,3,1,2,0,0,1,0,0,0,0,1,4.44306E+20,5.55831E+21,8.22005E+15,5.01744E+16
37202,6,4,35,2,2018,11,14,7,3,5,3,0,0,1,0,1,0,0,0,5.26463E+20,5.56921E+21,9.37137E+15,5.02745E+16
37203,6,5,33,9,2018,10,2,1,3,2,6,2,0,1,0,0,0,0,0,4.34477E+20,5.58479E+21,8.07783E+15,5.04115E+16
37204,6,6,34,11,2018,11,10,2,3,9,1,0,0,1,0,0,0,0,0,5.35925E+20,5.6444E+21,9.51143E+15,5.09501E+16
37205,6,6,35,3,2018,10,6,3,3,8,1,2,0,1,0,0,0,0,1,5.05656E+20,5.66136E+21,9.08078E+15,5.11037E+16
37206,6,5,32,23,2018,10,10,3,3,5,3,0,0,1,0,0,0,0,0,4.64122E+20,5.59779E+21,8.49378E+15,5.0531E+16
37207,6,4,32,8,2018,11,9,5,3,5,3,0,0,1,0,1,0,0,0,4.68801E+20,5.52327E+21,8.56592E+15,4.98611E+16
37208,6,4,31,11,2018,10,16,6,3,2,6,0,0,1,0,0,0,0,0,4.75943E+20,5.49924E+21,8.66677E+15,4.96452E+16
37209,6,5,33,16,2018,10,1,1,3,8,1,2,0,1,0,0,0,0,1,4.35178E+20,5.5975E+21,8.08549E+15,5.05259E+16
37210,6,4,33,14,2018,11,7,2,3,6,4,0,0,1,1,0,0,0,0,4.57361E+20,5.53087E+21,8.40592E+15,4.99287E+16
37211,6,6,11,0,2018,10,17,3,3,2,2,0,0,1,0,0,0,0,1,5.34377E+20,5.68448E+21,9.49322E+15,5.13106E+16
37212,6,4,35,16,2018,11,18,6,3,2,6,2,0,1,0,0,0,0,0,5.31961E+20,5.56164E+21,9.44788E+15,5.02061E+16
37213,6,6,33,26,2018,10,15,1,3,5,3,0,0,1,0,0,0,0,0,5.32538E+20,5.68959E+21,9.4673E+15,5.13567E+16
37214,6,4,12,0,2018,11,4,7,3,5,3,2,0,0,0,1,0,1,1,4.67493E+20,5.55055E+21,8.54541E+15,5.01063E+16
37215,6,5,31,5,2018,10,6,2,3,9,1,2,0,1,0,0,0,0,1,4.79833E+20,5.60866E+21,8.71486E+15,5.06294E+16
37216,6,4,38,1,2018,11,20,4,2,6,4,2,0,1,1,0,0,0,0,4.8448E+20,5.5412E+21,8.78334E+15,5.00229E+16
37217,6,4,34,11,2018,10,17,5,3,5,3,0,1,1,0,0,0,0,0,4.67195E+20,5.57555E+21,8.53908E+15,5.03311E+16
37218,6,6,33,26,2018,10,13,1,3,2,6,0,0,1,0,0,0,0,0,5.33386E+20,5.68973E+21,9.47948E+15,5.13578E+16
37219,6,6,34,25,2018,11,21,5,3,6,7,2,0,1,1,0,0,0,0,5.26399E+20,5.65813E+21,9.37681E+15,5.1074E+16
37220,6,4,40,15,2018,11,20,7,2,2,6,2,0,1,0,0,0,0,1,4.80516E+20,5.59113E+21,8.72543E+15,5.04719E+16
37221,6,5,35,1,2018,10,15,2,2,5,3,0,1,1,0,0,0,0,0,5.19185E+20,5.62144E+21,9.27192E+15,5.07444E+16
37222,6,6,34,5,2018,11,9,3,2,8,1,0,0,1,0,0,0,1,0,5.18457E+20,5.67039E+21,9.26408E+15,5.11846E+16
37223,6,6,11,0,2018,10,6,4,3,6,4,2,0,1,1,0,0,0,1,5.33763E+20,5.68377E+21,9.48434E+15,5.13043E+16
37224,6,5,35,5,2018,11,21,1,3,2,6,2,0,1,0,0,0,0,0,5.02843E+20,5.61562E+21,9.04025E+15,5.06924E+16
37225,6,6,11,0,2018,10,14,1,3,2,6,0,0,1,0,0,0,0,0,5.35905E+20,5.68542E+21,9.51522E+15,5.13189E+16
37226,6,6,31,23,2018,10,17,3,3,5,2,1,0,1,0,0,0,0,1,5.69973E+20,5.60813E+21,9.98916E+15,5.06209E+16
37227,6,4,12,0,2018,10,7,4,2,6,4,0,0,1,1,0,0,0,0,4.74816E+20,5.55441E+21,8.64756E+15,5.01414E+16
37228,6,5,32,23,2018,10,16,3,3,2,6,0,0,1,0,0,1,0,0,4.67444E+20,5.60238E+21,8.54025E+15,5.05724E+16
37229,6,5,34,14,2018,11,13,6,3,6,4,0,0,1,1,0,0,0,0,4.83635E+20,5.62654E+21,8.76782E+15,5.07904E+16
37230,6,4,39,1,2018,10,13,7,3,8,1,0,0,1,0,0,0,0,0,4.36696E+20,5.56891E+21,8.11172E+15,5.02689E+16
37231,6,4,13,0,2018,11,6,2,3,2,6,1,0,1,0,0,0,0,0,4.85851E+20,5.54927E+21,8.80218E+15,5.00955E+16
37232,6,4,31,13,2018,10,7,4,3,6,4,0,0,1,1,0,0,0,0,4.61491E+20,5.49366E+21,8.46714E+15,4.95943E+16
37233,6,5,32,23,2018,11,19,7,3,3,6,2,0,1,0,0,0,1,0,4.64519E+20,5.60092E+21,8.49909E+15,5.05591E+16
37234,6,4,12,0,2018,10,12,1,3,2,6,0,0,1,0,0,0,0,0,4.7728E+20,5.55649E+21,8.68192E+15,5.01602E+16
37235,6,4,35,7,2018,11,18,5,3,8,1,2,0,1,0,0,0,0,0,4.97926E+20,5.558E+21,8.97096E+15,5.01742E+16
37236,6,4,12,0,2018,11,9,1,3,0,1,0,1,0,0,0,0,0,0,4.78699E+20,5.55228E+21,8.70203E+15,5.01224E+16
37237,6,4,36,4,2018,10,7,3,3,1,1,0,0,1,0,0,0,0,1,4.59195E+20,5.5435E+21,8.43013E+15,5.00424E+16
37238,6,4,34,8,2018,11,16,5,3,3,6,0,0,1,0,0,0,0,0,4.71974E+20,5.56207E+21,8.60722E+15,5.02101E+16
37239,6,5,35,5,2018,10,17,6,3,2,6,0,0,1,0,0,0,0,0,5.09037E+20,5.61817E+21,9.12801E+15,5.07153E+16
37240,6,6,32,18,2018,10,3,1,3,8,1,2,0,1,0,0,0,0,0,5.50116E+20,5.65092E+21,9.71434E+15,5.10077E+16
37241,6,4,12,0,2018,11,18,2,3,2,6,1,0,1,0,0,0,0,0,4.81121E+20,5.55093E+21,8.73597E+15,5.01103E+16
37242,6,5,32,12,2018,10,19,3,3,5,3,2,0,1,0,0,0,0,0,4.49288E+20,5.6137E+21,8.28232E+15,5.06729E+16
37243,6,5,34,7,2018,11,8,6,2,9,1,0,0,1,0,0,0,0,1,4.66902E+20,5.63307E+21,8.52985E+15,5.08484E+16
37244,6,4,39,2,2018,10,12,1,3,0,1,0,0,0,0,1,0,0,0,4.31235E+20,5.55338E+21,8.03792E+15,5.01287E+16
37245,6,4,31,2,2018,11,14,6,3,2,6,0,0,1,0,0,0,0,0,4.71037E+20,5.50225E+21,8.59859E+15,4.96721E+16
37246,6,4,33,12,2018,10,19,3,3,2,6,2,0,0,0,1,0,1,0,4.58777E+20,5.53871E+21,8.4248E+15,4.99992E+16
37247,6,4,11,0,2018,10,21,7,3,5,2,2,0,1,0,1,0,0,0,4.74621E+20,5.52294E+21,8.64692E+15,4.98584E+16
37248,6,4,32,8,2018,11,12,3,1,9,1,0,0,1,0,0,0,0,0,4.70236E+20,5.52414E+21,8.58582E+15,4.98689E+16
37249,6,5,32,8,2018,10,7,4,3,2,6,2,0,1,0,0,0,1,1,4.57469E+20,5.60925E+21,8.39861E+15,5.06335E+16
37250,6,4,40,7,2018,11,13,7,3,4,6,0,0,1,0,0,0,0,0,4.89752E+20,5.57449E+21,8.85603E+15,5.03225E+16
37251,6,4,34,12,2018,10,19,1,3,5,2,2,0,1,0,0,0,0,0,4.69121E+20,5.57022E+21,8.56658E+15,5.02833E+16
37252,6,5,32,12,2018,11,6,2,2,3,1,2,0,1,0,0,1,0,1,4.5186E+20,5.61211E+21,8.31893E+15,5.06588E+16
37253,6,4,35,25,2018,10,19,3,3,5,2,2,0,1,0,0,0,0,1,5.37288E+20,5.57801E+21,9.52414E+15,5.0353E+16
37254,6,4,35,14,2018,11,18,5,3,3,6,2,1,0,0,0,0,0,0,4.93548E+20,5.55333E+21,8.90973E+15,5.01322E+16
37255,6,6,31,9,2018,10,8,6,3,5,2,0,0,1,0,0,0,0,0,5.47586E+20,5.59965E+21,9.67164E+15,5.05469E+16
37256,6,4,36,4,2018,10,16,1,3,2,6,0,0,1,0,0,0,0,0,4.57711E+20,5.54221E+21,8.40954E+15,5.00307E+16
37257,6,6,31,9,2018,11,14,2,3,2,2,0,0,1,0,0,0,0,0,5.47923E+20,5.59844E+21,9.67624E+15,5.0536E+16
37258,6,6,35,3,2018,10,17,3,3,9,1,0,0,1,0,0,0,0,1,5.11302E+20,5.66381E+21,9.1615E+15,5.11256E+16
37259,6,4,32,10,2018,11,16,6,3,8,1,1,0,0,0,1,0,0,0,4.95569E+20,5.52651E+21,8.93831E+15,4.9891E+16
37260,6,4,36,6,2018,10,12,1,2,1,5,0,0,1,0,0,0,0,0,4.56346E+20,5.54153E+21,8.39056E+15,5.00244E+16
37261,6,4,39,8,2018,11,17,7,3,5,3,2,0,1,0,0,0,0,1,4.46575E+20,5.56265E+21,8.25121E+15,5.02136E+16
37262,6,6,32,12,2018,10,6,2,2,6,4,2,0,1,1,0,0,0,1,5.52249E+20,5.63866E+21,9.74297E+15,5.08972E+16
37263,6,6,31,9,2018,11,9,4,3,9,1,0,0,0,0,0,1,0,1,5.49487E+20,5.60048E+21,9.69857E+15,5.05541E+16
37264,6,4,33,4,2018,10,13,5,3,2,6,0,0,1,0,0,0,0,0,4.63178E+20,5.50877E+21,8.48906E+15,4.97303E+16
37265,6,4,35,3,2018,10,15,1,3,0,1,0,0,0,0,1,0,0,0,5.20764E+20,5.56499E+21,9.29115E+15,5.02367E+16
37266,6,4,35,19,2018,11,18,5,3,2,6,2,0,1,0,0,0,0,0,4.86447E+20,5.55605E+21,8.81028E+15,5.01565E+16
37267,6,5,33,14,2018,11,17,6,3,2,6,2,0,1,0,0,0,0,0,4.47133E+20,5.57841E+21,8.25682E+15,5.03554E+16
37268,6,6,33,28,2018,10,8,2,2,0,1,0,0,1,0,0,0,0,1,5.12964E+20,5.69452E+21,9.18637E+15,5.14018E+16
37269,6,4,31,11,2018,11,23,3,3,5,2,2,0,1,0,0,0,1,0,4.72423E+20,5.49923E+21,8.61801E+15,4.9645E+16
37270,6,4,14,0,2018,10,13,4,3,0,1,0,0,0,0,1,0,0,1,4.46834E+20,5.54697E+21,8.25702E+15,5.00726E+16
37271,6,5,35,18,2018,11,9,7,2,5,6,0,0,1,0,0,0,0,0,5.1369E+20,5.6033E+21,9.19337E+15,5.05814E+16
37272,6,4,35,3,2018,10,15,1,2,2,6,0,0,1,0,0,0,0,0,5.21219E+20,5.56501E+21,9.29755E+15,5.02369E+16
37273,6,6,31,11,2018,10,7,4,3,2,6,1,0,1,0,0,0,0,1,5.38222E+20,5.60372E+21,9.5399E+15,5.05841E+16
37274,6,6,31,12,2018,10,8,3,3,7,7,0,0,0,0,1,0,0,1,5.69558E+20,5.60345E+21,9.98243E+15,5.05788E+16
37275,6,4,39,14,2018,10,18,4,1,4,6,2,0,1,0,0,0,0,0,4.35123E+20,5.55212E+21,8.09251E+15,5.01178E+16
37276,6,6,32,18,2018,11,16,2,3,5,3,0,1,1,0,0,0,0,0,5.51596E+20,5.64903E+21,9.73515E+15,5.09905E+16
37277,6,5,32,11,2018,10,18,4,3,8,3,2,0,1,0,0,1,0,1,4.46147E+20,5.62168E+21,8.23672E+15,5.07444E+16
37278,6,5,31,5,2018,11,15,6,3,2,6,0,0,1,0,0,0,0,1,4.75462E+20,5.60168E+21,8.65353E+15,5.05665E+16
37279,6,4,40,15,2018,10,7,7,3,9,1,0,0,1,0,0,0,0,0,4.829E+20,5.58853E+21,8.75915E+15,5.04485E+16
37280,6,4,12,0,2018,11,8,2,3,5,3,0,1,1,0,0,0,0,0,4.76043E+20,5.5503E+21,8.66499E+15,5.01045E+16
37281,6,6,31,13,2018,10,11,4,3,8,1,0,0,1,0,0,0,0,1,5.61978E+20,5.60581E+21,9.87578E+15,5.06009E+16
37282,6,5,31,12,2018,11,13,7,3,2,6,0,0,1,0,0,0,1,0,4.74531E+20,5.59687E+21,8.6407E+15,5.05233E+16
37283,6,4,37,9,2018,10,15,1,3,8,1,0,0,0,0,1,0,0,0,4.95178E+20,5.51411E+21,8.93302E+15,4.97794E+16
37284,6,6,11,0,2018,11,14,5,3,5,3,0,1,1,0,0,0,0,0,5.37626E+20,5.68219E+21,9.53959E+15,5.12898E+16
37285,6,4,11,0,2018,11,3,1,3,9,1,2,0,1,0,0,0,0,1,4.73376E+20,5.51821E+21,8.62992E+15,4.98157E+16
37286,6,4,32,4,2018,10,21,3,3,8,1,2,1,0,0,0,0,0,1,4.87068E+20,5.52791E+21,8.81992E+15,4.99034E+16
37287,6,4,12,0,2018,11,15,4,3,2,6,0,0,1,0,0,0,0,0,4.72435E+20,5.55393E+21,8.61428E+15,5.01369E+16
37288,6,4,36,7,2018,10,15,6,3,2,6,0,0,1,0,0,0,0,0,4.55585E+20,5.545E+21,8.37954E+15,5.00556E+16
37289,6,4,32,10,2018,10,11,1,3,9,1,0,0,0,0,1,0,0,0,4.98763E+20,5.52568E+21,8.98278E+15,4.98835E+16
37290,6,4,12,0,2018,11,10,6,3,0,3,0,0,1,0,0,0,1,0,4.80365E+20,5.55283E+21,8.7253E+15,5.01274E+16
37291,6,4,35,14,2018,11,17,2,2,2,6,2,0,1,0,1,0,0,0,4.9655E+20,5.55455E+21,8.95171E+15,5.01432E+16
37292,6,5,35,1,2018,11,13,7,3,5,3,0,1,1,0,0,0,0,0,5.18733E+20,5.62207E+21,9.26554E+15,5.07501E+16
37293,6,4,12,0,2018,10,18,2,3,2,6,1,0,1,0,0,0,0,0,4.76204E+20,5.54986E+21,8.66728E+15,5.01005E+16
37294,6,4,36,4,2018,11,17,4,3,2,6,1,0,1,0,0,0,0,0,4.59741E+20,5.54276E+21,8.43783E+15,5.00358E+16
37295,6,5,31,11,2018,10,17,5,3,2,6,0,0,1,0,0,0,0,0,4.88234E+20,5.59723E+21,8.834E+15,5.05269E+16
37296,6,4,31,21,2018,10,16,1,2,5,3,0,0,1,0,1,0,0,0,4.85908E+20,5.48842E+21,8.80518E+15,4.95482E+16
37297,6,5,31,11,2018,11,16,5,3,2,6,0,0,1,0,0,0,0,1,4.87024E+20,5.59673E+21,8.81695E+15,5.05224E+16
37298,6,4,11,0,2018,11,7,6,3,0,3,1,0,0,0,0,0,1,0,4.7591E+20,5.52457E+21,8.66474E+15,4.9873E+16
37299,6,6,34,7,2018,10,17,1,3,4,1,2,0,1,0,0,0,0,1,5.26157E+20,5.67283E+21,9.37443E+15,5.12063E+16
37300,6,5,32,8,2018,11,16,7,3,2,7,0,0,1,0,0,0,0,1,4.5368E+20,5.60775E+21,8.34522E+15,5.06198E+16
37301,6,4,14,0,2018,10,19,2,3,5,3,2,0,1,0,0,0,0,0,4.48984E+20,5.54107E+21,8.28786E+15,5.00197E+16
37302,6,6,33,3,2018,11,6,4,3,2,6,1,0,1,0,0,0,0,0,5.31536E+20,5.6794E+21,9.45201E+15,5.12651E+16
37303,6,6,31,1,2018,10,10,5,3,5,3,0,0,1,0,0,0,0,0,5.36E+20,5.60802E+21,9.50893E+15,5.0623E+16
37304,6,5,35,13,2018,10,20,1,3,2,6,2,0,1,0,0,0,0,0,5.02234E+20,5.60692E+21,9.03157E+15,5.06142E+16
37305,6,4,40,5,2018,11,18,5,3,6,3,2,0,0,1,0,0,1,1,4.77362E+20,5.5872E+21,8.68123E+15,5.04364E+16
37306,6,4,14,0,2018,11,13,6,3,3,2,0,1,1,0,0,0,0,0,4.49034E+20,5.53961E+21,8.28876E+15,5.00066E+16
37307,6,6,11,0,2018,10,20,1,2,8,1,2,0,1,0,0,0,0,1,5.35986E+20,5.6848E+21,9.51633E+15,5.13134E+16
37308,6,4,33,12,2018,11,17,3,3,2,6,2,0,1,0,0,0,1,0,4.60214E+20,5.53424E+21,8.44532E+15,4.99592E+16
37309,6,4,12,0,2018,10,19,4,3,0,3,2,1,0,0,0,0,0,0,4.78002E+20,5.55056E+21,8.69237E+15,5.01069E+16
37310,6,4,14,0,2018,11,12,7,3,9,7,0,0,1,0,0,0,0,0,4.42534E+20,5.54403E+21,8.19739E+15,5.00458E+16
37311,6,4,33,11,2018,10,0,1,3,7,7,2,0,1,0,0,0,0,0,4.65997E+20,5.51546E+21,8.52759E+15,4.97906E+16
37312,6,4,12,0,2018,10,19,4,3,2,6,2,0,1,0,0,0,0,0,4.72153E+20,5.54606E+21,8.61091E+15,5.00662E+16
37313,6,4,40,16,2018,10,6,4,1,4,6,2,0,1,0,0,0,1,1,4.9989E+20,5.58201E+21,8.99845E+15,5.03902E+16
37314,6,4,38,2,2018,11,10,2,3,5,2,0,0,1,0,0,0,0,0,4.76986E+20,5.54068E+21,8.67875E+15,5.0018E+16
37315,6,5,35,8,2018,10,17,3,3,4,6,1,0,1,0,0,0,0,1,5.25568E+20,5.60307E+21,9.36111E+15,5.0579E+16
37316,6,6,34,25,2018,11,15,5,3,5,3,0,0,1,0,0,0,0,0,5.2596E+20,5.6603E+21,9.37071E+15,5.10936E+16
37317,6,4,14,0,2018,10,8,6,3,6,4,2,0,1,1,0,0,0,0,4.44905E+20,5.54761E+21,8.22999E+15,5.00782E+16
37318,6,5,34,18,2018,10,23,1,2,8,1,2,0,0,0,0,0,1,0,5.00765E+20,5.63085E+21,9.01086E+15,5.08294E+16
37319,6,4,33,7,2018,11,17,6,3,2,6,1,0,1,0,0,0,0,0,4.66207E+20,5.54323E+21,8.52807E+15,5.00404E+16
37320,6,4,33,4,2018,10,6,7,3,9,1,2,0,1,0,0,0,0,1,4.65677E+20,5.51123E+21,8.52352E+15,4.97526E+16
37321,6,4,11,0,2018,11,23,2,3,5,2,2,1,1,0,0,0,0,0,4.75696E+20,5.52494E+21,8.66174E+15,4.98763E+16
37322,6,5,32,23,2018,10,8,4,3,0,4,0,0,0,1,1,0,0,1,4.63832E+20,5.59997E+21,8.48948E+15,5.05505E+16
37323,6,6,11,0,2018,11,20,6,3,2,6,2,0,1,0,0,0,0,0,5.35769E+20,5.68666E+21,9.5134E+15,5.13301E+16
37324,6,5,32,23,2018,10,16,1,2,9,1,0,0,1,0,0,0,0,0,4.63616E+20,5.59719E+21,8.4867E+15,5.05255E+16
37325,6,4,14,0,2018,11,17,5,3,1,5,2,0,1,0,0,0,0,0,4.45485E+20,5.54331E+21,8.2387E+15,5.00396E+16
37326,6,4,38,13,2018,11,15,1,1,9,1,0,0,0,0,1,0,0,0,5.01056E+20,5.53781E+21,9.01473E+15,4.99927E+16
37327,6,5,34,22,2018,10,17,3,2,4,6,1,0,1,0,0,1,0,1,4.96377E+20,5.63933E+21,8.94847E+15,5.09056E+16
37328,6,4,11,0,2018,11,10,4,3,3,6,0,0,1,0,0,0,1,0,4.77446E+20,5.5271E+21,8.68598E+15,4.98959E+16
37329,6,4,14,0,2018,10,18,5,3,5,3,1,0,1,0,0,0,1,1,4.48424E+20,5.53987E+21,8.28021E+15,5.00089E+16
37330,6,5,32,23,2018,10,14,1,3,2,6,0,0,1,0,0,0,0,0,4.67937E+20,5.6022E+21,8.54722E+15,5.05709E+16
37331,6,4,12,0,2018,11,13,6,3,2,6,0,0,1,0,0,0,0,0,4.72265E+20,5.55786E+21,8.61161E+15,5.01723E+16
37332,6,6,11,0,2018,11,14,2,3,2,6,0,0,1,0,0,0,1,0,5.36044E+20,5.68615E+21,9.51729E+15,5.13255E+16
37333,6,6,31,12,2018,11,12,7,3,5,3,0,0,1,0,0,0,0,0,5.67222E+20,5.60208E+21,9.94919E+15,5.05667E+16
37334,6,6,35,3,2018,10,16,2,2,0,1,0,0,0,0,1,0,0,1,5.07505E+20,5.65953E+21,9.10716E+15,5.10872E+16
37335,6,4,31,2,2018,11,21,4,3,9,1,2,0,1,0,0,0,0,1,4.71354E+20,5.50426E+21,8.60283E+15,4.96902E+16
37336,6,6,31,8,2018,10,10,5,1,9,7,0,0,1,0,0,0,0,1,5.40708E+20,5.58519E+21,9.573E+15,5.04174E+16
37337,6,5,31,5,2018,11,17,1,3,5,3,2,0,1,0,0,0,0,0,4.77762E+20,5.6073E+21,8.68566E+15,5.06171E+16
37338,6,5,32,22,2018,10,20,1,3,8,1,2,0,1,0,0,0,0,0,4.63357E+20,5.58565E+21,8.48417E+15,5.04218E+16
37339,6,4,14,0,2018,11,18,5,3,2,6,2,0,1,0,0,0,0,0,4.43679E+20,5.5448E+21,8.21326E+15,5.00528E+16
37340,6,4,35,14,2018,10,6,3,3,2,6,2,0,1,0,0,0,0,0,4.9232E+20,5.54808E+21,8.89265E+15,5.00849E+16
37341,6,4,31,18,2018,10,16,3,3,2,6,0,0,1,0,0,0,0,0,4.88338E+20,5.47278E+21,8.83924E+15,4.94076E+16
37342,6,4,39,7,2018,11,14,6,3,2,6,0,0,1,0,0,0,0,0,4.42102E+20,5.56635E+21,8.18796E+15,5.02465E+16
37343,6,6,31,9,2018,10,12,1,2,6,4,0,0,0,1,0,0,1,0,5.47754E+20,5.60041E+21,9.6741E+15,5.05537E+16
37344,6,5,31,16,2018,11,7,3,2,9,1,0,0,1,0,0,0,0,0,4.8724E+20,5.60275E+21,8.81979E+15,5.05765E+16
37345,6,6,35,16,2018,10,11,4,3,4,6,0,0,0,0,0,1,0,1,4.85146E+20,5.66501E+21,8.78769E+15,5.11363E+16
37346,6,4,38,11,2018,11,15,7,3,2,6,0,0,1,0,0,0,0,0,4.92673E+20,5.54042E+21,8.89772E+15,5.00161E+16
37347,6,5,31,16,2018,10,15,1,1,9,1,0,0,0,0,1,0,0,0,4.90769E+20,5.60389E+21,8.8696E+15,5.05869E+16
37348,6,5,31,6,2018,11,17,2,3,8,3,2,0,1,0,0,0,0,1,4.93399E+20,5.60425E+21,8.90675E+15,5.05901E+16
37349,6,4,12,0,2018,10,15,3,3,2,2,0,0,1,0,0,0,0,1,4.65229E+20,5.54816E+21,8.51397E+15,5.00847E+16
37350,6,4,40,1,2018,11,8,5,3,2,2,0,0,1,0,0,0,0,1,4.9686E+20,5.56849E+21,8.95595E+15,5.02685E+16