OBJECTID_1,ULAND,UREGBEZ,UKREIS,UGEMEINDE,UJAHR,UMONAT,USTUNDE,UWOCHENTAG,UKATEGORIE,UART,UTYP1,ULICHTVERH,IstRad,IstPKW,IstFuss,IstKrad,IstGkfz,IstSonstig,STRZUSTAND,LINREFX,LINREFY,XGCSWGS84,YGCSWGS84
37351,6,6,34,2,2018,10,10,6,3,5,3,0,0,1,0,0,0,0,0,5.31696E+20,5.67334E+21,9.45376E+15,5.12105E+16
37352,6,5,35,13,2018,10,19,1,3,2,6,2,0,1,0,0,0,1,0,5.0152E+20,5.61269E+21,9.0215E+15,5.06661E+16
37353,6,4,40,24,2018,11,8,2,2,5,3,0,0,1,0,0,1,0,0,4.89834E+20,5.58548E+21,8.8569E+15,5.04212E+16
37354,6,6,11,0,2018,10,9,3,3,0,4,0,0,1,1,0,0,0,0,5.37253E+20,5.68264E+21,9.53428E+15,5.12938E+16
37355,6,4,38,13,2018,11,20,6,2,2,6,2,0,1,0,1,0,0,0,4.97874E+20,5.54349E+21,8.9703E+15,5.00437E+16
37356,6,4,33,7,2018,10,17,1,3,9,1,1,0,1,0,0,1,0,0,4.65439E+20,5.54274E+21,8.5174E+15,5.00359E+16
37357,6,6,31,9,2018,11,7,3,3,2,6,0,0,1,0,0,0,0,0,5.4793E+20,5.59831E+21,9.67632E+15,5.05347E+16
37358,6,6,34,22,2018,10,12,4,3,9,1,0,0,1,0,0,0,0,1,5.14618E+20,5.64383E+21,9.20808E+15,5.09459E+16
37359,6,4,11,0,2018,11,14,7,3,5,3,0,0,1,0,0,0,0,0,4.74246E+20,5.52442E+21,8.6416E+15,4.98716E+16
37360,6,4,13,0,2018,10,3,1,2,9,1,2,0,1,0,0,0,0,0,4.81335E+20,5.55015E+21,8.73899E+15,5.01033E+16
37361,6,4,36,6,2018,10,15,4,3,3,6,0,0,1,0,0,1,0,0,4.56828E+20,5.54407E+21,8.39702E+15,5.00474E+16
37362,6,4,33,7,2018,10,17,4,3,2,6,0,0,1,0,0,0,0,0,4.67812E+20,5.54557E+21,8.5503E+15,5.00616E+16
37363,6,4,31,11,2018,11,10,2,3,5,3,0,0,1,0,0,0,0,0,4.72422E+20,5.49923E+21,8.618E+15,4.9645E+16
37364,6,4,14,0,2018,10,16,3,3,6,4,0,0,1,1,0,0,0,1,4.45401E+20,5.54753E+21,8.23693E+15,5.00775E+16
37365,6,4,35,26,2018,11,17,5,3,5,3,1,0,1,0,0,0,0,0,4.87846E+20,5.56026E+21,8.82973E+15,5.01944E+16
37366,6,4,12,0,2018,10,20,6,3,2,6,2,0,1,0,0,0,0,0,4.78035E+20,5.55083E+21,8.69281E+15,5.01093E+16
37367,6,4,39,11,2018,10,8,1,3,8,1,0,0,1,0,0,0,0,0,4.48464E+20,5.55841E+21,8.27826E+15,5.01756E+16
37368,6,4,33,6,2018,10,15,7,2,2,6,0,0,1,0,0,0,0,0,4.62721E+20,5.53181E+21,8.48051E+15,4.99375E+16
37369,6,5,33,17,2018,11,8,2,3,2,6,0,0,1,0,0,0,1,0,4.4584E+20,5.59361E+21,8.23646E+15,5.0492E+16
37370,6,4,12,0,2018,10,6,4,3,2,6,2,0,1,0,0,1,0,1,4.66606E+20,5.55164E+21,8.53291E+15,5.0116E+16
37371,6,4,11,0,2018,11,10,6,3,0,2,0,0,1,0,0,0,1,0,4.75916E+20,5.52457E+21,8.66482E+15,4.98731E+16
37372,6,4,32,18,2018,10,6,1,3,2,1,2,0,1,0,0,0,0,0,4.70258E+20,5.51924E+21,8.58649E+15,4.98249E+16
37373,6,4,37,13,2018,11,20,5,3,8,7,2,0,1,0,0,0,0,0,4.90725E+20,5.50891E+21,8.87129E+15,4.97326E+16
37374,6,4,34,1,2018,11,18,1,3,2,6,2,0,1,0,0,0,0,0,4.73691E+20,5.56135E+21,8.63134E+15,5.02038E+16
37375,6,4,35,19,2018,10,15,3,2,9,1,0,0,1,0,0,0,0,1,4.90369E+20,5.55524E+21,8.8652E+15,5.01493E+16
37376,6,4,39,14,2018,11,15,4,3,4,6,0,0,1,0,0,0,0,0,4.35991E+20,5.5498E+21,8.10504E+15,5.0097E+16
37377,6,6,36,6,2018,10,7,5,3,5,3,0,0,1,0,0,0,0,1,5.55525E+20,5.67388E+21,9.79496E+15,5.12136E+16
37378,6,6,32,2,2018,10,22,7,3,5,2,2,0,1,0,0,0,0,0,5.49821E+20,5.63567E+21,9.70805E+15,5.08705E+16
37379,6,6,11,0,2018,11,19,5,3,5,3,2,0,1,0,0,0,0,0,5.37262E+20,5.68263E+21,9.53441E+15,5.12938E+16
37380,6,4,12,0,2018,11,7,2,3,2,6,0,0,1,0,0,0,0,0,4.73826E+20,5.54854E+21,8.63411E+15,5.00885E+16
37381,6,5,32,3,2018,11,15,7,3,8,1,0,0,1,0,0,0,0,1,4.57355E+20,5.59564E+21,8.39855E+15,5.05112E+16
37382,6,4,36,7,2018,10,14,2,3,5,3,0,0,1,0,0,1,0,0,4.55975E+20,5.54582E+21,8.38489E+15,5.0063E+16
37383,6,5,35,8,2018,11,16,3,3,0,2,0,1,1,0,0,0,0,0,5.24701E+20,5.60065E+21,9.34871E+15,5.05573E+16
37384,6,4,35,17,2018,10,17,4,3,2,6,0,0,1,0,0,0,0,1,5.01107E+20,5.55873E+21,9.01551E+15,5.01808E+16
37385,6,4,39,7,2018,11,1,1,3,8,1,2,0,1,0,0,0,0,0,4.43985E+20,5.56433E+21,8.21466E+15,5.02285E+16
37386,6,6,32,2,2018,10,12,7,3,2,2,0,0,1,0,0,0,0,0,5.50892E+20,5.63484E+21,9.72315E+15,5.0863E+16
37387,6,6,35,21,2018,10,19,4,2,5,2,2,0,1,0,0,0,0,0,5.0245E+20,5.67646E+21,9.0351E+15,5.12395E+16
37388,6,4,12,0,2018,10,7,3,3,2,6,1,0,1,0,0,0,0,0,4.7147E+20,5.54397E+21,8.60152E+15,5.00474E+16
37389,6,4,38,1,2018,11,11,6,3,6,7,0,0,1,1,0,0,0,0,4.84747E+20,5.54199E+21,8.78703E+15,5.003E+16
37390,6,4,14,0,2018,10,14,7,3,5,3,0,0,1,0,0,0,0,0,4.45661E+20,5.54412E+21,8.24104E+15,5.00469E+16
37391,6,4,12,0,2018,11,16,3,3,2,6,1,0,1,0,0,0,0,0,4.75323E+20,5.55339E+21,8.65473E+15,5.01323E+16
37392,6,4,35,2,2018,10,17,4,3,9,1,1,0,1,0,0,0,0,1,5.27427E+20,5.57387E+21,9.38524E+15,5.03163E+16
37393,6,4,40,19,2018,11,16,7,3,2,6,0,0,1,0,1,0,0,0,5.06038E+20,5.58041E+21,9.08492E+15,5.03757E+16
37394,6,5,33,7,2018,10,15,7,2,5,3,0,0,1,0,1,0,0,0,4.32824E+20,5.59047E+21,8.05355E+15,5.04624E+16
37395,6,4,12,0,2018,11,17,2,3,2,6,1,0,1,0,0,0,0,0,4.74146E+20,5.55357E+21,8.63824E+15,5.01338E+16
37396,6,6,34,14,2018,10,5,3,3,4,3,2,0,1,0,1,0,0,1,5.38904E+20,5.6645E+21,9.556E+15,5.11307E+16
37397,6,5,32,23,2018,10,14,3,3,5,2,0,0,1,0,0,0,0,0,4.65987E+20,5.60153E+21,8.51975E+15,5.05647E+16
37398,6,4,40,8,2018,11,15,5,3,5,3,0,0,1,0,0,0,1,0,4.81215E+20,5.57693E+21,8.73599E+15,5.03442E+16
37399,6,5,34,18,2018,10,7,6,3,2,7,0,0,1,0,0,0,0,0,4.98995E+20,5.63033E+21,8.98573E+15,5.08247E+16
37400,6,6,11,0,2018,10,18,7,2,5,3,0,0,1,0,1,0,0,0,5.37445E+20,5.68216E+21,9.53699E+15,5.12895E+16
37401,6,5,34,18,2018,11,12,2,3,5,3,0,1,1,0,0,0,0,0,5.01129E+20,5.63077E+21,9.01603E+15,5.08286E+16
37402,6,4,12,0,2018,10,19,3,3,2,6,2,0,1,0,0,0,0,0,4.76459E+20,5.54956E+21,8.67086E+15,5.00978E+16
37403,6,5,32,7,2018,11,4,6,3,4,6,2,0,1,0,0,0,1,1,4.3908E+20,5.60639E+21,8.13907E+15,5.06063E+16
37404,6,4,14,0,2018,10,16,7,2,5,3,0,0,1,0,1,0,0,0,4.48971E+20,5.54549E+21,8.28709E+15,5.00595E+16
37405,6,4,32,23,2018,11,17,7,3,2,6,2,0,1,0,0,0,0,0,4.69493E+20,5.52797E+21,8.57517E+15,4.99033E+16
37406,6,6,36,13,2018,10,10,2,2,8,1,0,0,1,0,0,0,0,0,5.79189E+20,5.67061E+21,1.0133E+16,5.11814E+16
37407,6,5,34,18,2018,11,17,4,2,2,6,1,0,1,0,1,0,0,1,5.00942E+20,5.62972E+21,9.01338E+15,5.08192E+16
37408,6,5,32,2,2018,10,9,5,2,8,1,0,0,0,0,1,0,0,0,4.65655E+20,5.62038E+21,8.51332E+15,5.07342E+16
37409,6,4,13,0,2018,10,11,7,3,5,3,0,1,1,0,0,0,0,0,4.84224E+20,5.54888E+21,8.77944E+15,5.0092E+16
37410,6,4,39,2,2018,11,18,5,2,8,1,2,0,1,0,0,0,0,1,4.34988E+20,5.55236E+21,8.09058E+15,5.01199E+16
37411,6,4,32,23,2018,10,15,3,3,5,3,0,0,1,0,0,1,0,0,4.71628E+20,5.52694E+21,8.60498E+15,4.98942E+16
37412,6,6,36,14,2018,11,8,6,2,4,1,0,0,1,0,0,0,0,1,5.72519E+20,5.66645E+21,1.00367E+16,5.11449E+16
37413,6,5,31,10,2018,10,18,2,2,0,1,2,0,1,0,0,0,0,0,5.03776E+20,5.60122E+21,9.05332E+15,5.05629E+16
37414,6,4,34,12,2018,11,7,3,3,2,6,0,0,1,0,0,0,0,1,4.67829E+20,5.57204E+21,8.54829E+15,5.02996E+16
37415,6,4,14,0,2018,10,20,4,3,5,3,2,0,1,0,0,0,0,1,4.45747E+20,5.54464E+21,8.24217E+15,5.00515E+16
37416,6,4,31,20,2018,11,15,1,3,0,6,0,0,1,0,1,0,0,0,4.65161E+20,5.48931E+21,8.51831E+15,4.95554E+16
37417,6,4,12,0,2018,10,18,7,3,0,6,1,0,0,0,0,0,1,0,4.72898E+20,5.55219E+21,8.62088E+15,5.01213E+16
37418,6,5,33,9,2018,11,18,7,3,2,6,2,0,1,0,0,0,0,1,4.33835E+20,5.58315E+21,8.06909E+15,5.03966E+16
37419,6,4,38,9,2018,10,14,3,3,1,6,0,0,1,0,0,0,0,1,4.74795E+20,5.54485E+21,8.64789E+15,5.00554E+16
37420,6,5,33,17,2018,11,10,4,2,5,3,0,0,1,0,0,0,0,0,4.47194E+20,5.59339E+21,8.25558E+15,5.04901E+16
37421,6,4,39,14,2018,10,13,5,3,5,3,0,0,1,0,0,0,0,0,4.35465E+20,5.55113E+21,8.09747E+15,5.01089E+16
37422,6,4,12,0,2018,10,17,7,3,6,2,0,0,0,1,0,0,1,0,4.77664E+20,5.5506E+21,8.68764E+15,5.01072E+16
37423,6,4,12,0,2018,11,10,5,3,2,6,0,0,1,0,0,0,1,0,4.80723E+20,5.55186E+21,8.73035E+15,5.01187E+16
37424,6,4,12,0,2018,11,19,7,3,9,1,2,0,1,0,0,0,0,0,4.72234E+20,5.55346E+21,8.61149E+15,5.01328E+16
37425,6,4,32,4,2018,10,17,2,2,2,6,2,0,1,0,0,0,0,0,4.90584E+20,5.52821E+21,8.86887E+15,4.99062E+16
37426,6,4,37,16,2018,11,11,3,2,8,1,0,0,0,0,1,0,0,0,4.92846E+20,5.48141E+21,8.90122E+15,4.94853E+16
37427,6,6,11,0,2018,10,12,4,3,5,3,0,0,1,0,0,0,0,1,5.37625E+20,5.68219E+21,9.53958E+15,5.12898E+16
37428,6,4,33,6,2018,11,2,1,2,8,1,2,0,1,0,0,0,0,0,4.59647E+20,5.52747E+21,8.43812E+15,4.98982E+16
37429,6,4,12,0,2018,10,10,7,3,0,1,0,0,0,0,1,0,0,0,4.83273E+20,5.5534E+21,8.76596E+15,5.01326E+16
37430,6,4,12,0,2018,10,16,4,3,0,3,1,1,1,0,0,0,0,0,4.72235E+20,5.55499E+21,8.61141E+15,5.01465E+16
37431,6,5,31,12,2018,10,13,3,3,2,6,0,0,1,0,0,1,0,0,4.74182E+20,5.59699E+21,8.63577E+15,5.05243E+16
37432,6,4,33,7,2018,11,5,6,3,3,6,2,0,1,0,1,0,0,1,4.68002E+20,5.54434E+21,8.55304E+15,5.00505E+16
37433,6,4,11,0,2018,10,15,7,3,2,6,0,0,1,0,0,0,0,0,4.76411E+20,5.52475E+21,8.67171E+15,4.98747E+16
37434,6,6,32,2,2018,11,10,2,3,2,6,0,0,1,0,0,0,0,0,5.5081E+20,5.63426E+21,9.7219E+15,5.08578E+16
37435,6,4,32,18,2018,10,19,4,1,6,7,2,0,1,1,0,0,1,1,4.74639E+20,5.5161E+21,8.64762E+15,4.97968E+16
37436,6,4,35,14,2018,11,9,7,2,5,2,0,0,1,0,1,0,0,1,4.91832E+20,5.55428E+21,8.88569E+15,5.01407E+16
37437,6,6,11,0,2018,10,4,7,3,1,1,2,0,1,0,0,0,0,0,5.30207E+20,5.68484E+21,9.43341E+15,5.13141E+16
37438,6,6,11,0,2018,11,11,1,3,3,6,0,0,1,0,0,0,0,0,5.35693E+20,5.6845E+21,9.5121E+15,5.13106E+16
37439,6,4,35,19,2018,10,17,3,3,5,2,1,0,1,0,0,0,0,1,4.87633E+20,5.55384E+21,8.82695E+15,5.01367E+16
37440,6,5,32,23,2018,11,14,5,2,5,2,0,0,1,0,0,0,0,0,4.65336E+20,5.60286E+21,8.51044E+15,5.05766E+16
37441,6,5,31,5,2018,10,7,6,3,2,6,0,0,1,0,0,0,0,0,4.7724E+20,5.6013E+21,8.67865E+15,5.05632E+16
37442,6,4,38,9,2018,10,14,7,2,5,2,0,0,1,0,0,0,0,0,4.79718E+20,5.54383E+21,8.71673E+15,5.00464E+16
37443,6,5,35,5,2018,11,9,2,2,2,6,0,0,1,0,0,1,0,0,5.07645E+20,5.61811E+21,9.10828E+15,5.07147E+16
37444,6,4,39,12,2018,10,12,3,2,4,6,0,0,1,0,0,0,1,0,4.29379E+20,5.53903E+21,8.0146E+15,4.99994E+16
37445,6,4,32,16,2018,11,1,6,3,4,6,2,0,1,0,0,1,0,1,4.8374E+20,5.51822E+21,8.77398E+15,4.98162E+16
37446,6,4,38,2,2018,10,18,7,3,2,6,1,0,1,0,0,0,0,0,4.77731E+20,5.53968E+21,8.68921E+15,5.0009E+16
37447,6,4,34,5,2018,11,13,7,3,2,6,0,0,1,0,0,0,0,0,4.62532E+20,5.55869E+21,8.47523E+15,5.01793E+16
37448,6,6,11,0,2018,10,13,2,3,5,2,0,0,0,0,0,0,1,0,5.34094E+20,5.68456E+21,9.48917E+15,5.13113E+16
37449,6,4,35,14,2018,11,6,4,3,2,6,0,0,1,0,0,0,0,0,4.9227E+20,5.5479E+21,8.89196E+15,5.00834E+16
37450,6,5,34,6,2018,10,8,5,3,8,1,1,0,1,0,0,0,0,1,4.87951E+20,5.63857E+21,8.82866E+15,5.08987E+16
37451,6,4,34,8,2018,10,17,7,3,8,1,0,0,0,0,1,0,0,0,4.62782E+20,5.56389E+21,8.47823E+15,5.0226E+16
37452,6,4,35,12,2018,11,17,5,3,2,6,2,0,1,0,0,0,0,0,5.09086E+20,5.56495E+21,9.12741E+15,5.02366E+16
37453,6,4,12,0,2018,10,20,2,3,2,6,2,0,1,0,0,0,0,0,4.70449E+20,5.54488E+21,8.58719E+15,5.00555E+16
37454,6,6,11,0,2018,11,19,6,2,6,7,2,0,1,1,0,0,0,0,5.34976E+20,5.68573E+21,9.50193E+15,5.13218E+16
37455,6,5,33,8,2018,10,15,2,3,2,6,0,0,1,0,0,1,1,0,4.42921E+20,5.57593E+21,8.198E+15,5.03327E+16
37456,6,4,32,10,2018,11,18,3,3,2,6,2,0,1,0,0,0,0,0,4.96027E+20,5.52742E+21,8.94467E+15,4.98991E+16
37457,6,4,14,0,2018,10,16,4,3,2,6,0,0,1,0,0,0,0,0,4.44985E+20,5.54722E+21,8.23115E+15,5.00747E+16
37458,6,6,11,0,2018,11,13,7,3,2,6,0,0,1,0,0,0,0,0,5.32773E+20,5.68607E+21,9.47035E+15,5.1325E+16
37459,6,4,34,2,2018,10,13,7,3,8,7,0,0,0,0,1,0,0,0,4.75899E+20,5.56595E+21,8.66198E+15,5.02452E+16
37460,6,4,35,14,2018,10,10,4,2,6,7,0,1,0,1,0,0,0,0,4.94511E+20,5.55424E+21,8.92319E+15,5.01404E+16
37461,6,4,34,6,2018,10,18,4,3,5,2,2,0,1,0,0,0,0,0,4.63847E+20,5.55956E+21,8.49357E+15,5.01872E+16
37462,6,6,35,5,2018,11,12,2,3,8,1,0,0,1,0,0,0,0,0,4.76736E+20,5.6588E+21,8.66789E+15,5.10802E+16
37463,6,6,34,4,2018,10,12,2,3,4,6,0,0,1,0,0,1,0,1,5.24298E+20,5.6489E+21,9.34621E+15,5.09911E+16
37464,6,6,36,14,2018,10,12,3,3,8,1,0,0,1,1,0,0,0,0,5.69798E+20,5.66731E+21,9.99801E+15,5.1153E+16
37465,6,6,34,5,2018,11,18,6,2,3,6,2,0,1,0,0,0,1,0,5.20728E+20,5.66653E+21,9.29635E+15,5.11498E+16
37466,6,4,31,20,2018,10,11,7,3,5,3,0,0,1,0,0,0,0,0,4.68331E+20,5.48619E+21,8.56238E+15,4.95275E+16
37467,6,4,11,0,2018,11,9,2,3,2,6,0,0,1,0,0,0,1,0,4.75555E+20,5.5311E+21,8.65939E+15,4.99317E+16
37468,6,6,31,16,2018,10,7,4,3,8,1,2,0,1,0,0,0,0,1,5.50501E+20,5.58477E+21,9.71077E+15,5.04128E+16
37469,6,4,35,17,2018,11,6,6,3,9,1,1,0,1,0,0,0,0,1,5.03722E+20,5.5568E+21,9.05212E+15,5.01634E+16
37470,6,4,36,7,2018,10,12,7,2,5,2,0,0,1,0,0,0,0,0,4.5924E+20,5.54891E+21,8.43018E+15,5.0091E+16
37471,6,6,11,0,2018,11,7,5,3,5,3,1,0,1,0,0,0,0,0,5.32762E+20,5.68489E+21,9.47009E+15,5.13144E+16
37472,6,4,40,23,2018,11,16,1,2,4,6,1,0,1,0,0,0,0,0,4.7738E+20,5.56729E+21,8.68268E+15,5.02573E+16
37473,6,4,40,8,2018,10,14,3,3,2,6,0,0,1,0,0,0,1,1,4.81143E+20,5.57533E+21,8.73507E+15,5.03298E+16
37474,6,5,34,14,2018,10,16,4,3,2,6,1,0,1,0,0,0,0,1,4.84524E+20,5.62836E+21,8.78036E+15,5.08067E+16
37475,6,4,12,0,2018,10,18,4,3,5,3,2,0,1,0,0,0,1,0,4.75443E+20,5.54986E+21,8.65663E+15,5.01005E+16
37476,6,6,31,18,2018,11,7,6,3,9,1,0,0,1,0,0,0,0,1,5.46114E+20,5.59012E+21,9.64968E+15,5.04612E+16
37477,6,4,39,7,2018,10,1,7,2,2,2,2,0,1,0,0,0,0,1,4.42679E+20,5.56521E+21,8.19622E+15,5.02363E+16
37478,6,4,12,0,2018,11,13,2,3,2,6,0,0,1,0,0,0,0,0,4.72735E+20,5.54988E+21,8.61876E+15,5.01006E+16
37479,6,5,35,1,2018,10,14,4,3,8,1,0,0,1,0,0,0,0,1,5.25593E+20,5.62241E+21,9.3628E+15,5.07529E+16
37480,6,4,12,0,2018,11,13,7,3,2,6,0,0,1,0,0,0,0,0,4.6707E+20,5.5518E+21,8.53939E+15,5.01175E+16
37481,6,4,36,5,2018,10,9,7,3,5,2,0,0,1,0,1,0,0,0,4.61257E+20,5.54318E+21,8.45896E+15,5.00397E+16
37482,6,6,35,7,2018,11,8,5,3,5,3,0,0,1,0,0,0,1,0,4.84621E+20,5.68976E+21,8.77912E+15,5.13589E+16
37483,6,4,37,11,2018,11,15,1,3,2,6,0,0,1,0,0,0,0,0,4.99933E+20,5.50209E+21,8.99907E+15,4.96714E+16
37484,6,4,36,7,2018,10,12,3,3,2,6,0,0,1,0,0,0,1,1,4.60473E+20,5.54833E+21,8.44747E+15,5.00859E+16
37485,6,5,31,12,2018,11,15,5,3,5,3,0,0,1,0,0,0,0,0,4.75246E+20,5.59896E+21,8.65066E+15,5.05421E+16
37486,6,5,35,5,2018,10,19,6,3,2,6,2,0,1,0,0,0,0,0,5.02302E+20,5.61441E+21,9.03259E+15,5.06815E+16
37487,6,4,36,7,2018,10,5,7,3,9,1,2,0,0,0,0,0,1,0,4.54456E+20,5.54575E+21,8.36368E+15,5.00623E+16
37488,6,4,14,0,2018,11,4,2,3,0,7,2,0,0,0,0,0,1,0,4.41862E+20,5.54445E+21,8.18793E+15,5.00495E+16
37489,6,4,32,22,2018,10,16,3,3,5,3,0,0,1,0,0,0,0,0,4.74412E+20,5.51277E+21,8.64467E+15,4.97668E+16
37490,6,4,31,2,2018,11,17,6,3,2,6,2,0,1,0,0,0,0,0,4.72603E+20,5.50228E+21,8.6203E+15,4.96724E+16
37491,6,4,36,8,2018,10,14,7,3,5,1,0,0,1,0,1,0,0,0,4.60549E+20,5.55415E+21,8.44794E+15,5.01383E+16
37492,6,4,31,16,2018,11,23,3,3,3,6,2,0,1,0,0,1,0,0,4.67676E+20,5.49962E+21,8.55223E+15,4.96482E+16
37493,6,4,32,19,2018,11,10,7,3,5,3,0,0,1,0,0,0,0,1,4.84867E+20,5.52215E+21,8.78949E+15,4.98516E+16
37494,6,4,14,0,2018,10,10,2,3,4,3,0,0,1,0,1,0,0,0,4.44916E+20,5.54749E+21,8.23015E+15,5.00771E+16
37495,6,4,12,0,2018,11,7,4,3,3,6,1,0,1,0,0,1,0,0,4.73451E+20,5.55995E+21,8.62807E+15,5.01912E+16
37496,6,6,31,8,2018,10,13,5,1,5,3,0,0,1,0,0,0,1,0,5.3839E+20,5.58595E+21,9.54045E+15,5.04243E+16
37497,6,4,40,3,2018,10,15,7,3,2,6,0,0,1,0,0,0,0,0,4.82375E+20,5.55983E+21,8.75309E+15,5.01904E+16
37498,6,5,35,6,2018,11,0,5,3,8,1,2,0,1,0,0,0,0,0,5.32145E+20,5.61883E+21,9.45538E+15,5.07203E+16
37499,6,6,32,15,2018,10,7,2,3,2,2,0,0,1,0,0,0,0,0,5.40926E+20,5.62502E+21,9.58044E+15,5.07755E+16
37500,6,4,36,1,2018,11,15,6,3,5,2,0,0,1,0,0,0,0,0,4.65177E+20,5.55358E+21,8.51274E+15,5.01334E+16
37501,6,4,12,0,2018,10,15,1,2,5,2,0,0,1,0,1,0,0,0,4.6756E+20,5.55026E+21,8.54638E+15,5.01037E+16
37502,6,5,34,17,2018,11,21,3,1,4,6,2,0,1,0,0,0,0,0,4.96693E+20,5.63828E+21,8.95298E+15,5.08962E+16
37503,6,4,12,0,2018,10,8,4,3,5,7,0,0,1,0,0,0,1,0,4.79808E+20,5.55128E+21,8.71759E+15,5.01134E+16
37504,6,4,12,0,2018,11,13,7,2,3,6,0,0,1,0,1,0,0,0,4.7734E+20,5.55471E+21,8.68286E+15,5.01442E+16
37505,6,4,40,12,2018,10,7,7,2,4,6,0,0,1,0,0,0,0,0,4.81963E+20,5.56485E+21,8.74708E+15,5.02355E+16
37506,6,4,12,0,2018,10,16,4,3,2,6,1,0,1,0,0,0,0,0,4.78962E+20,5.55488E+21,8.70556E+15,5.01458E+16
37507,6,4,32,4,2018,10,6,4,3,5,3,2,1,1,0,0,0,0,0,4.87685E+20,5.5279E+21,8.82851E+15,4.99034E+16
37508,6,4,35,19,2018,11,20,2,3,8,1,2,0,1,0,0,0,0,1,4.88886E+20,5.55596E+21,8.84442E+15,5.01558E+16
37509,6,6,11,0,2018,10,17,3,3,6,4,2,0,1,1,0,0,0,1,5.345E+20,5.68707E+21,9.49523E+15,5.13338E+16
37510,6,6,36,5,2018,11,13,5,3,8,1,0,0,1,0,0,0,0,0,5.78018E+20,5.65775E+21,1.01134E+16,5.10659E+16
37511,6,4,36,12,2018,10,12,6,3,3,6,0,1,1,0,0,0,0,0,4.65218E+20,5.55422E+21,8.51327E+15,5.01392E+16
37512,6,4,40,5,2018,10,23,7,3,2,6,2,0,1,0,0,0,0,0,4.79145E+20,5.58333E+21,8.70654E+15,5.04017E+16
37513,6,4,33,4,2018,11,14,6,3,2,6,0,0,1,0,0,0,0,0,4.67097E+20,5.51035E+21,8.5433E+15,4.97448E+16
37514,6,5,34,6,2018,10,15,7,3,5,3,0,0,1,0,0,0,0,0,4.84901E+20,5.63292E+21,8.78552E+15,5.08478E+16
37515,6,4,35,25,2018,11,22,2,2,4,6,2,0,1,0,0,0,0,0,5.37748E+20,5.58158E+21,9.53097E+15,5.03851E+16
37516,6,5,31,8,2018,10,6,4,3,4,6,2,0,1,0,0,0,1,1,4.9406E+20,5.59352E+21,8.91626E+15,5.04936E+16
37517,6,4,12,0,2018,11,16,6,3,5,3,0,1,1,0,0,0,0,1,4.6815E+20,5.55007E+21,8.55464E+15,5.0102E+16
37518,6,4,40,19,2018,10,15,7,3,5,3,0,0,1,0,0,0,0,0,5.04326E+20,5.57906E+21,9.06083E+15,5.03636E+16
37519,6,4,14,0,2018,11,18,5,2,0,7,2,0,0,1,0,0,1,0,4.501E+20,5.55388E+21,8.30176E+15,5.0135E+16
37520,6,4,38,13,2018,11,8,1,3,9,1,0,0,1,0,0,0,0,1,4.9503E+20,5.54359E+21,8.93058E+15,5.00446E+16
37521,6,6,31,18,2018,10,13,3,3,9,1,0,0,1,0,0,0,0,1,5.42098E+20,5.59319E+21,9.59346E+15,5.04892E+16
37522,6,6,32,20,2018,11,15,4,3,5,2,0,0,1,0,0,0,0,0,5.65147E+20,5.64329E+21,9.92718E+15,5.09375E+16
37523,6,4,13,0,2018,10,18,5,2,0,3,1,1,0,0,0,0,1,0,4.82192E+20,5.5488E+21,8.75104E+15,5.00912E+16
37524,6,4,40,1,2018,10,5,7,2,8,1,2,0,0,0,1,0,0,0,4.94935E+20,5.56977E+21,8.92891E+15,5.028E+16
37525,6,5,35,16,2018,11,9,5,3,2,6,0,0,1,0,0,0,0,0,5.09211E+20,5.59485E+21,9.12989E+15,5.05056E+16
37526,6,4,14,0,2018,11,16,2,3,5,3,1,0,1,0,0,0,0,0,4.47605E+20,5.5415E+21,8.26855E+15,5.00235E+16
37527,6,6,31,9,2018,11,13,7,3,2,2,0,0,1,0,0,0,0,0,5.47798E+20,5.59958E+21,9.67462E+15,5.05462E+16
37528,6,4,38,4,2018,10,17,2,2,6,4,1,0,1,1,0,0,0,0,4.96073E+20,5.54753E+21,8.94511E+15,5.008E+16
37529,6,6,35,15,2018,11,14,3,3,5,3,0,0,1,0,0,0,0,0,4.89523E+20,5.68512E+21,8.84966E+15,5.13173E+16
37530,6,6,32,14,2018,10,13,5,2,2,7,0,0,1,0,0,1,0,0,5.38292E+20,5.64194E+21,9.54486E+15,5.09278E+16
37531,6,6,33,26,2018,11,16,1,3,5,2,2,1,1,0,0,0,0,0,5.31737E+20,5.69024E+21,9.45585E+15,5.13625E+16
37532,6,5,32,12,2018,10,23,7,3,8,1,2,0,1,0,0,0,0,0,4.51032E+20,5.61449E+21,8.3069E+15,5.06802E+16
37533,6,4,12,0,2018,11,15,4,3,2,6,0,0,1,0,0,0,0,0,4.74506E+20,5.54942E+21,8.64356E+15,5.00965E+16
37534,6,6,35,15,2018,10,17,5,3,0,6,0,0,1,0,0,0,0,0,4.91922E+20,5.67889E+21,8.88423E+15,5.12613E+16
37535,6,5,32,12,2018,10,9,7,3,2,6,0,0,1,0,0,0,0,0,4.50104E+20,5.61107E+21,8.29423E+15,5.06494E+16
37536,6,5,31,9,2018,11,18,6,3,5,3,2,0,1,0,0,0,0,0,4.76937E+20,5.5944E+21,8.6748E+15,5.05011E+16
37537,6,6,32,8,2018,11,8,2,3,8,1,0,0,1,0,0,0,0,1,5.48254E+20,5.62222E+21,9.684E+15,5.07497E+16
37538,6,4,33,14,2018,11,10,7,3,8,1,0,0,1,0,0,0,0,1,4.57118E+20,5.52752E+21,8.4029E+15,4.98985E+16