OBJECTID_1,ULAND,UREGBEZ,UKREIS,UGEMEINDE,UJAHR,UMONAT,USTUNDE,UWOCHENTAG,UKATEGORIE,UART,UTYP1,ULICHTVERH,IstRad,IstPKW,IstFuss,IstKrad,IstGkfz,IstSonstig,STRZUSTAND,LINREFX,LINREFY,XGCSWGS84,YGCSWGS84
37914,6,4,14,0,2018,11,18,2,3,2,6,2,0,1,0,0,0,0,1,4.48418E+20,5.53981E+21,8.28012E+15,5.00084E+16
37915,6,6,31,13,2018,11,11,7,3,5,3,0,0,1,0,0,0,0,0,5.5926E+20,5.60484E+21,9.83722E+15,5.05924E+16
37916,6,6,33,13,2018,10,17,2,3,2,6,2,0,1,0,0,0,1,0,5.27332E+20,5.70515E+21,9.39374E+15,5.14969E+16
37917,6,5,31,5,2018,11,17,3,2,5,2,2,0,1,0,1,0,0,0,4.78275E+20,5.60586E+21,8.693E+15,5.06042E+16
37918,6,6,34,7,2018,10,15,5,3,9,1,0,0,1,0,0,0,0,0,5.23238E+20,5.66895E+21,9.3324E+15,5.11715E+16
37919,6,6,33,15,2018,11,14,1,3,2,6,0,0,1,0,0,0,0,0,5.42117E+20,5.68163E+21,9.60392E+15,5.12844E+16
37920,6,4,14,0,2018,10,22,5,3,1,6,2,0,1,0,0,0,0,0,4.46875E+20,5.54873E+21,8.25735E+15,5.00884E+16
37921,6,4,32,18,2018,11,11,5,3,2,6,0,0,1,0,0,0,0,0,4.69128E+20,5.51668E+21,8.57099E+15,4.98018E+16
37922,6,4,31,20,2018,10,22,3,3,8,7,2,0,1,0,0,0,0,0,4.70165E+20,5.49082E+21,8.58738E+15,4.95692E+16
37923,6,4,35,29,2018,11,5,6,3,9,1,2,0,1,0,0,0,0,1,5.15564E+20,5.57469E+21,9.21865E+15,5.03241E+16
37924,6,6,32,2,2018,10,18,1,3,9,1,2,0,1,0,0,0,1,1,5.45515E+20,5.63313E+21,9.64654E+15,5.08481E+16
37925,6,4,35,11,2018,11,6,3,2,4,6,2,0,1,0,0,0,0,0,4.97226E+20,5.54824E+21,8.96122E+15,5.00864E+16
37926,6,6,35,1,2018,10,22,4,3,7,1,2,0,1,0,0,0,0,1,4.74343E+20,5.65836E+21,8.63376E+15,5.10762E+16
37927,6,4,34,6,2018,11,10,7,3,2,6,0,0,1,0,0,0,0,0,4.65069E+20,5.55871E+21,8.51077E+15,5.01795E+16
37928,6,4,14,0,2018,10,18,5,3,0,6,1,0,1,0,0,0,1,0,4.45375E+20,5.54778E+21,8.23653E+15,5.00798E+16
37929,6,4,14,0,2018,11,18,4,3,2,6,2,0,1,0,0,0,0,1,4.46171E+20,5.5447E+21,8.24808E+15,5.00521E+16
37930,6,5,31,11,2018,10,14,5,2,9,1,0,0,1,0,0,0,0,0,4.89236E+20,5.59382E+21,8.84824E+15,5.04963E+16
37931,6,4,12,0,2018,10,9,5,2,0,2,0,0,1,0,0,1,0,0,4.74258E+20,5.55667E+21,8.63961E+15,5.01617E+16
37932,6,4,35,17,2018,11,16,5,3,2,6,0,0,1,0,0,0,0,0,5.05152E+20,5.5587E+21,9.07215E+15,5.01805E+16
37933,6,6,34,26,2018,11,20,6,3,9,1,2,0,1,0,0,0,0,0,5.16168E+20,5.63529E+21,9.22977E+15,5.0869E+16
37934,6,4,38,6,2018,10,11,1,2,4,7,0,0,1,0,0,0,0,0,4.75176E+20,5.53871E+21,8.65363E+15,5.00002E+16
37935,6,6,31,20,2018,11,14,3,2,2,6,0,0,1,0,0,1,0,0,5.51677E+20,5.6005E+21,9.72949E+15,5.05541E+16
37936,6,6,34,3,2018,10,14,4,3,2,2,0,0,1,0,0,0,0,1,5.28174E+20,5.66388E+21,9.4026E+15,5.11257E+16
37937,6,6,36,9,2018,11,12,7,3,0,7,0,0,0,0,1,0,1,1,5.63058E+20,5.69574E+21,9.90666E+15,5.14094E+16
37938,6,4,12,0,2018,10,15,5,3,2,6,0,0,1,0,0,0,0,0,4.73878E+20,5.54855E+21,8.63483E+15,5.00886E+16
37939,6,5,34,4,2018,11,11,2,3,2,6,0,0,1,0,0,0,0,1,4.66719E+20,5.63963E+21,8.52665E+15,5.09074E+16
37940,6,4,13,0,2018,10,18,3,3,2,6,2,0,1,0,0,0,1,1,4.82801E+20,5.54857E+21,8.75957E+15,5.00892E+16
37941,6,4,35,19,2018,11,6,5,3,5,3,2,1,1,0,0,0,0,0,4.86285E+20,5.55519E+21,8.80803E+15,5.01488E+16
37942,6,4,11,0,2018,10,17,6,3,0,1,0,0,0,0,1,0,0,0,4.78585E+20,5.52798E+21,8.70179E+15,4.99038E+16
37943,6,4,12,0,2018,10,16,5,3,5,2,0,0,1,0,1,0,0,0,4.73989E+20,5.55007E+21,8.63628E+15,5.01023E+16
37944,6,5,31,5,2018,10,13,6,3,3,6,0,1,1,0,0,0,0,0,4.76913E+20,5.60344E+21,8.67391E+15,5.05824E+16
37945,6,5,33,13,2018,11,18,2,3,2,1,2,0,1,0,0,0,0,0,4.42708E+20,5.58727E+21,8.19329E+15,5.04347E+16
37946,6,4,12,0,2018,10,20,4,3,3,6,2,0,1,0,0,0,0,0,4.71565E+20,5.5442E+21,8.60283E+15,5.00494E+16
37947,6,6,11,0,2018,11,15,6,3,1,5,0,1,1,0,0,0,0,0,5.32959E+20,5.68217E+21,9.47266E+15,5.12899E+16
37948,6,6,34,3,2018,10,16,5,2,2,6,0,0,1,0,0,0,0,0,5.29167E+20,5.66314E+21,9.41673E+15,5.1119E+16
37949,6,6,34,22,2018,11,6,5,3,5,3,0,0,1,0,1,0,0,0,5.16369E+20,5.63934E+21,9.23281E+15,5.09055E+16
37950,6,4,31,2,2018,11,2,1,3,9,1,2,0,1,0,0,0,0,1,4.71227E+20,5.50198E+21,8.60124E+15,4.96696E+16
37951,6,6,33,3,2018,10,6,3,3,2,6,1,0,1,0,0,0,0,0,5.29742E+20,5.6754E+21,9.42596E+15,5.12292E+16
37952,6,4,39,2,2018,11,13,4,3,2,6,0,0,1,0,0,0,1,0,4.34627E+20,5.55563E+21,8.08499E+15,5.01493E+16
37953,6,6,34,14,2018,10,7,5,3,9,1,2,0,0,0,1,0,0,1,5.36304E+20,5.66224E+21,9.51861E+15,5.11105E+16
37954,6,6,11,0,2018,10,16,5,3,2,6,0,0,1,0,0,0,0,0,5.31035E+20,5.68413E+21,9.44524E+15,5.13076E+16
37955,6,6,11,0,2018,11,18,5,3,6,2,2,0,0,1,0,0,1,0,5.35676E+20,5.68579E+21,9.51199E+15,5.13223E+16
37956,6,4,12,0,2018,11,21,2,2,8,1,2,1,1,0,0,0,0,1,4.79661E+20,5.55244E+21,8.71546E+15,5.01239E+16
37957,6,5,32,1,2018,11,9,7,3,2,2,0,0,0,0,0,1,1,1,4.58804E+20,5.60531E+21,8.41792E+15,5.05983E+16
37958,6,4,40,20,2018,10,18,2,2,4,6,2,0,1,0,0,0,0,0,4.99495E+20,5.5773E+21,8.9929E+15,5.03478E+16
37959,6,6,11,0,2018,11,21,3,3,2,2,2,0,1,0,0,0,0,0,5.35704E+20,5.6858E+21,9.51238E+15,5.13224E+16
37960,6,5,31,17,2018,10,6,4,3,2,6,2,0,1,0,0,0,0,1,4.8057E+20,5.61108E+21,8.72515E+15,5.06513E+16
37961,6,4,35,25,2018,11,5,1,2,9,1,2,0,1,0,0,0,0,0,5.3885E+20,5.57753E+21,9.54605E+15,5.03486E+16
37962,6,4,39,5,2018,10,8,5,3,2,6,0,0,1,0,0,0,0,0,4.30428E+20,5.5564E+21,8.02607E+15,5.01557E+16
37963,6,6,35,21,2018,10,14,4,2,5,2,0,0,1,0,1,0,0,0,5.00878E+20,5.67628E+21,9.01258E+15,5.12379E+16
37964,6,4,31,13,2018,11,14,6,3,5,2,0,1,1,0,0,0,0,0,4.61119E+20,5.49445E+21,8.46191E+15,4.96014E+16
37965,6,4,13,0,2018,10,19,7,3,0,2,1,0,1,0,0,0,0,0,4.85729E+20,5.54901E+21,8.80049E+15,5.00932E+16
37966,6,4,14,0,2018,11,13,3,3,2,6,0,0,1,0,1,0,0,0,4.54851E+20,5.54712E+21,8.36903E+15,5.00746E+16
37967,6,4,40,11,2018,10,11,4,3,8,1,0,0,1,0,0,0,0,1,5.09578E+20,5.58634E+21,9.13485E+15,5.0429E+16
37968,6,4,40,4,2018,11,14,7,3,5,2,0,0,1,0,0,0,0,0,5.07747E+20,5.56872E+21,9.10871E+15,5.02706E+16
37969,6,4,35,27,2018,10,18,5,2,5,2,1,0,1,0,0,0,1,0,5.51197E+20,5.57679E+21,9.71948E+15,5.0341E+16
37970,6,4,33,7,2018,11,21,2,3,8,1,2,0,1,0,0,0,0,1,4.6739E+20,5.54396E+21,8.54453E+15,5.00471E+16
37971,6,6,11,0,2018,10,17,3,3,6,4,2,0,1,1,0,0,0,1,5.30963E+20,5.68035E+21,9.44388E+15,5.12737E+16
37972,6,4,35,14,2018,10,13,3,3,2,6,0,0,1,0,0,0,1,0,4.92762E+20,5.55162E+21,8.89876E+15,5.01167E+16
37973,6,4,31,20,2018,11,9,5,3,2,6,0,0,1,0,0,0,0,0,4.70652E+20,5.48765E+21,8.59435E+15,4.95407E+16
37974,6,5,34,6,2018,10,18,6,3,2,2,1,0,1,0,1,0,0,0,4.84997E+20,5.63304E+21,8.78688E+15,5.08488E+16
37975,6,4,39,10,2018,10,14,5,2,8,2,0,0,0,0,1,0,0,0,4.14164E+20,5.54412E+21,7.8012E+15,5.00432E+16
37976,6,5,34,12,2018,11,6,2,3,5,3,2,1,1,0,0,0,0,0,4.76554E+20,5.63288E+21,8.66696E+15,5.08471E+16
37977,6,4,12,0,2018,10,8,3,3,5,2,0,1,0,0,0,0,1,0,4.79306E+20,5.55226E+21,8.71051E+15,5.01222E+16
37978,6,5,32,10,2018,11,7,6,3,8,1,1,0,1,0,0,0,0,1,4.50336E+20,5.60395E+21,8.29847E+15,5.05853E+16
37979,6,4,36,7,2018,10,15,5,2,4,1,0,0,1,0,0,0,0,0,4.61526E+20,5.55059E+21,8.46196E+15,5.01064E+16
37980,6,6,33,16,2018,11,1,7,3,9,1,2,0,1,0,0,0,0,0,5.20694E+20,5.70559E+21,9.29814E+15,5.15011E+16
37981,6,6,35,22,2018,10,15,2,3,4,6,0,0,1,0,0,0,0,1,4.79885E+20,5.68184E+21,8.71155E+15,5.12876E+16
37982,6,5,34,1,2018,11,7,4,3,2,6,0,0,1,0,0,0,0,1,4.91782E+20,5.62432E+21,8.88345E+15,5.07706E+16
37983,6,4,40,7,2018,10,10,5,3,8,1,0,0,1,0,0,0,0,1,4.92419E+20,5.57178E+21,8.89356E+15,5.02981E+16
37984,6,4,14,0,2018,11,11,7,3,0,1,0,0,0,0,1,0,0,0,4.47338E+20,5.54823E+21,8.2639E+15,5.0084E+16
37985,6,6,32,1,2018,11,14,1,2,5,3,0,0,1,0,1,0,0,1,5.4589E+20,5.65459E+21,9.65457E+15,5.1041E+16
37986,6,6,36,14,2018,11,20,2,3,1,5,2,0,1,0,1,0,0,1,5.69801E+20,5.66732E+21,9.99804E+15,5.11531E+16
37987,6,4,12,0,2018,11,9,6,1,0,1,0,0,0,0,1,0,0,0,4.66884E+20,5.55121E+21,8.53684E+15,5.01122E+16
37988,6,4,11,0,2018,12,6,1,3,5,2,2,0,1,0,0,0,0,1,4.73337E+20,5.52423E+21,8.62896E+15,4.98699E+16
37989,6,5,32,7,2018,12,8,6,3,5,3,0,0,1,0,0,0,0,1,4.42746E+20,5.60798E+21,8.19064E+15,5.06209E+16
37990,6,4,12,0,2018,11,6,6,3,5,2,2,0,1,0,0,1,0,0,4.68937E+20,5.55281E+21,8.56542E+15,5.01267E+16
37991,6,4,14,0,2018,12,15,2,3,8,1,0,0,1,0,0,0,0,1,4.40682E+20,5.54451E+21,8.17144E+15,5.00499E+16
37992,6,4,33,12,2018,11,6,3,2,3,2,2,0,0,0,1,0,1,0,4.58128E+20,5.53416E+21,8.41625E+15,4.99583E+16
37993,6,4,37,10,2018,11,18,5,3,0,1,2,0,0,0,1,0,0,0,5.03645E+20,5.51598E+21,9.05064E+15,4.97963E+16
37994,6,4,34,12,2018,11,12,7,3,5,3,0,0,1,0,0,0,0,1,4.67844E+20,5.57198E+21,8.54851E+15,5.0299E+16
37995,6,5,33,11,2018,12,7,3,2,6,4,0,0,1,1,0,0,0,1,4.39343E+20,5.59866E+21,8.14406E+15,5.05368E+16
37996,6,4,12,0,2018,11,12,6,3,5,3,0,1,1,0,0,0,0,0,4.78215E+20,5.55082E+21,8.69533E+15,5.01092E+16
37997,6,4,39,3,2018,12,11,7,3,5,3,0,1,1,0,0,0,0,1,4.36815E+20,5.54229E+21,8.11781E+15,5.00296E+16
37998,6,5,31,13,2018,12,15,5,3,8,1,0,0,1,0,0,0,0,1,4.80343E+20,5.61311E+21,8.72184E+15,5.06695E+16
37999,6,4,34,8,2018,12,16,1,3,9,1,1,0,1,0,0,0,0,1,4.74521E+20,5.56119E+21,8.64298E+15,5.02024E+16
38000,6,6,11,0,2018,11,7,2,3,5,3,0,0,1,0,0,0,0,1,5.29666E+20,5.68396E+21,9.42559E+15,5.13061E+16
38001,6,4,37,4,2018,11,6,4,2,2,6,2,0,1,0,0,0,0,2,5.03406E+20,5.51878E+21,9.04735E+15,4.98214E+16
38002,6,4,12,0,2018,12,14,2,3,5,2,0,0,1,0,0,0,0,1,4.75857E+20,5.54877E+21,8.66249E+15,5.00907E+16
38003,6,4,34,1,2018,11,9,6,3,2,6,0,0,1,0,0,0,0,0,4.70572E+20,5.5649E+21,8.58735E+15,5.02356E+16
38004,6,4,39,8,2018,11,18,6,2,4,6,2,0,1,0,0,0,0,0,4.50022E+20,5.56807E+21,8.29881E+15,5.02627E+16
38005,6,4,37,16,2018,12,10,6,2,4,1,0,0,1,0,0,0,1,1,4.99351E+20,5.49441E+21,8.99102E+15,4.96022E+16
38006,6,6,32,15,2018,12,13,2,3,5,3,0,0,1,0,0,1,0,1,5.40419E+20,5.6305E+21,9.57386E+15,5.08248E+16
38007,6,6,11,0,2018,12,18,3,2,6,4,2,0,1,1,0,0,0,1,5.32763E+20,5.68448E+21,9.47005E+15,5.13107E+16
38008,6,5,34,4,2018,11,22,5,3,0,7,2,0,1,0,0,0,0,1,4.62103E+20,5.64021E+21,8.46093E+15,5.09123E+16
38009,6,4,33,12,2018,12,7,5,3,5,2,1,0,1,0,0,0,1,1,4.59833E+20,5.5358E+21,8.43984E+15,4.99732E+16
38010,6,4,14,0,2018,11,18,6,3,2,6,2,0,1,0,0,0,0,1,4.49019E+20,5.54113E+21,8.28834E+15,5.00203E+16
38011,6,4,14,0,2018,12,15,7,2,2,6,0,0,1,0,0,0,0,0,4.48515E+20,5.54457E+21,8.28085E+15,5.00512E+16
38012,6,4,38,5,2018,11,18,1,3,5,2,2,1,1,0,0,0,0,0,4.84883E+20,5.5452E+21,8.78881E+15,5.00589E+16
38013,6,4,31,7,2018,11,6,2,3,1,7,0,0,1,0,0,0,1,0,4.85443E+20,5.50142E+21,8.79828E+15,4.96651E+16
38014,6,4,35,2,2018,11,10,3,3,5,2,0,0,1,0,0,0,0,0,5.26682E+20,5.56918E+21,9.37444E+15,5.02742E+16
38015,6,6,31,9,2018,12,16,2,3,5,3,2,1,1,0,0,0,0,1,5.48463E+20,5.6009E+21,9.68418E+15,5.0558E+16
38016,6,5,33,3,2018,11,5,6,3,2,6,2,0,1,0,0,1,0,0,4.45067E+20,5.57376E+21,8.22847E+15,5.03134E+16
38017,6,4,39,15,2018,11,11,6,3,5,3,0,0,1,0,0,0,0,0,4.42253E+20,5.55592E+21,8.19167E+15,5.01527E+16
38018,6,5,32,17,2018,12,14,2,2,5,3,0,1,1,0,0,0,0,1,4.553E+20,5.61539E+21,8.36719E+15,5.06886E+16
38019,6,5,31,6,2018,11,16,4,2,5,3,1,0,1,0,0,0,0,0,4.97085E+20,5.609E+21,8.95879E+15,5.06328E+16
38020,6,4,38,9,2018,12,16,4,3,0,7,2,0,1,0,0,0,0,0,4.78753E+20,5.54405E+21,8.70323E+15,5.00484E+16
38021,6,6,34,20,2018,11,17,6,3,2,6,2,0,1,0,0,0,0,0,5.27561E+20,5.62474E+21,9.39088E+15,5.07737E+16
38022,6,6,32,14,2018,11,13,1,3,3,6,0,0,1,0,0,0,0,1,5.38094E+20,5.64302E+21,9.54216E+15,5.09376E+16
38023,6,4,35,25,2018,11,11,6,3,6,2,0,0,1,1,0,0,0,0,5.37203E+20,5.57795E+21,9.52294E+15,5.03525E+16
38024,6,6,31,13,2018,12,17,1,3,9,1,2,0,1,0,0,0,0,1,5.62452E+20,5.60643E+21,9.88258E+15,5.06064E+16
38025,6,6,31,17,2018,12,17,6,3,5,3,2,1,1,0,0,0,0,1,5.51669E+20,5.59728E+21,9.72893E+15,5.05252E+16
38026,6,5,33,18,2018,11,11,6,3,8,1,0,0,0,0,0,0,1,0,4.55737E+20,5.58157E+21,8.3774E+15,5.03845E+16
38027,6,6,11,0,2018,12,20,1,3,4,1,2,0,1,0,0,0,0,1,5.35715E+20,5.68438E+21,9.5124E+15,5.13096E+16
38028,6,4,12,0,2018,11,8,3,3,8,1,0,0,1,0,0,0,0,0,4.70788E+20,5.55353E+21,8.59126E+15,5.01333E+16
38029,6,4,35,19,2018,11,17,5,3,2,6,2,0,1,0,0,0,0,0,4.8753E+20,5.5551E+21,8.82546E+15,5.0148E+16
38030,6,4,38,11,2018,11,16,7,3,4,1,2,0,1,0,0,0,0,1,4.92155E+20,5.54564E+21,8.89039E+15,5.0063E+16
38031,6,4,36,9,2018,11,11,6,3,6,2,0,0,1,1,0,0,0,0,4.62226E+20,5.54828E+21,8.47198E+15,5.00856E+16
38032,6,4,31,20,2018,12,18,7,3,5,3,2,0,1,0,0,0,0,1,4.70673E+20,5.48753E+21,8.59464E+15,4.95397E+16
38033,6,4,11,0,2018,12,8,5,3,0,7,0,1,0,0,0,0,0,1,4.75335E+20,5.52429E+21,8.65676E+15,4.98705E+16
38034,6,6,11,0,2018,12,9,7,3,5,2,0,0,1,0,0,0,0,0,5.35684E+20,5.6858E+21,9.51209E+15,5.13224E+16
38035,6,4,35,9,2018,11,18,2,3,2,6,2,0,1,0,0,0,0,0,5.0999E+20,5.55471E+21,9.13981E+15,5.01446E+16
38036,6,6,35,8,2018,11,17,4,3,2,6,2,0,1,0,0,0,0,0,5.01024E+20,5.70453E+21,9.01474E+15,5.14919E+16
38037,6,4,39,15,2018,12,20,2,3,1,6,2,0,1,0,0,0,0,1,4.41456E+20,5.55593E+21,8.18051E+15,5.01527E+16
38038,6,4,33,10,2018,11,18,6,3,5,3,2,0,1,0,0,1,0,0,4.62376E+20,5.54155E+21,8.47475E+15,5.00251E+16
38039,6,4,35,15,2018,11,7,6,3,8,7,0,0,1,0,0,0,0,1,5.09073E+20,5.55715E+21,9.12704E+15,5.01665E+16
38040,6,4,12,0,2018,12,19,2,2,5,2,2,1,0,0,0,0,1,1,4.71931E+20,5.55294E+21,8.6073E+15,5.0128E+16
38041,6,4,36,2,2018,12,13,3,3,6,3,0,0,1,1,0,0,0,1,4.53558E+20,5.55587E+21,8.3499E+15,5.01533E+16
38042,6,6,11,0,2018,11,12,4,3,5,3,0,0,1,0,0,0,1,0,5.36747E+20,5.68398E+21,9.52717E+15,5.1306E+16
38043,6,4,38,10,2018,12,14,5,3,3,6,0,0,1,0,0,0,0,0,4.92069E+20,5.54688E+21,8.88917E+15,5.00742E+16
38044,6,6,34,17,2018,11,7,6,3,9,1,0,0,1,0,0,0,0,0,5.23254E+20,5.64022E+21,9.33078E+15,5.09131E+16
38045,6,5,31,11,2018,11,16,1,2,8,1,0,0,1,0,0,0,0,0,4.86062E+20,5.59588E+21,8.8034E+15,5.05147E+16
38046,6,4,33,6,2018,11,17,2,3,2,6,2,0,1,0,0,0,0,1,4.64214E+20,5.52854E+21,8.50161E+15,4.99082E+16
38047,6,4,12,0,2018,12,18,5,3,6,3,2,0,1,1,0,0,0,1,4.75648E+20,5.54999E+21,8.65948E+15,5.01016E+16
38048,6,5,32,1,2018,12,5,1,2,8,1,2,0,1,0,0,0,0,1,4.62374E+20,5.60593E+21,8.4683E+15,5.0604E+16
38049,6,4,38,5,2018,11,22,2,3,6,2,2,0,1,1,0,0,0,0,4.84583E+20,5.54519E+21,8.78461E+15,5.00588E+16
38050,6,4,33,2,2018,11,17,4,3,5,2,2,0,1,0,0,0,0,1,4.54105E+20,5.53699E+21,8.35983E+15,4.99835E+16
38051,6,6,34,22,2018,12,8,2,3,8,1,0,0,1,0,0,0,0,1,5.15651E+20,5.6417E+21,9.22269E+15,5.09267E+16
38052,6,4,40,16,2018,11,5,6,3,4,6,2,0,1,0,0,0,0,1,5.0371E+20,5.58937E+21,9.05227E+15,5.04563E+16
38053,6,4,35,12,2018,11,12,6,3,5,2,0,1,1,0,0,0,0,0,5.08238E+20,5.56099E+21,9.11542E+15,5.0201E+16
38054,6,4,39,15,2018,12,12,6,3,4,1,0,0,1,0,0,1,0,1,4.41982E+20,5.55837E+21,8.1875E+15,5.01747E+16
38055,6,4,14,0,2018,12,7,2,1,4,6,2,0,1,0,0,0,0,1,4.53467E+20,5.54826E+21,8.34956E+15,5.00848E+16
38056,6,6,34,2,2018,12,17,3,3,5,3,2,0,1,0,0,0,0,1,5.26575E+20,5.67418E+21,9.38051E+15,5.12184E+16
38057,6,6,34,1,2018,11,15,5,2,3,6,0,0,1,0,0,0,0,1,5.16597E+20,5.65743E+21,9.23687E+15,5.10681E+16
38058,6,4,35,14,2018,12,8,5,3,2,6,0,0,1,0,0,0,0,1,4.91879E+20,5.55431E+21,8.88635E+15,5.0141E+16
38059,6,5,33,18,2018,11,4,7,3,9,1,2,0,1,0,0,0,0,0,4.56262E+20,5.58995E+21,8.3838E+15,5.04599E+16
38060,6,4,12,0,2018,11,16,6,3,2,6,2,0,1,0,0,0,0,1,4.75405E+20,5.54775E+21,8.65624E+15,5.00816E+16
38061,6,4,40,18,2018,12,7,7,3,3,1,1,0,1,0,0,0,0,1,4.78228E+20,5.57706E+21,8.69401E+15,5.03452E+16
38062,6,4,32,18,2018,11,15,1,2,5,3,0,0,1,0,0,0,0,0,4.69906E+20,5.51695E+21,8.58178E+15,4.98043E+16
38063,6,5,34,10,2018,11,15,2,3,4,6,0,0,1,0,0,1,0,0,4.68275E+20,5.62786E+21,8.5498E+15,5.08016E+16
38064,6,5,32,9,2018,11,7,7,3,9,1,0,0,1,0,0,0,0,2,4.57445E+20,5.63069E+21,8.39579E+15,5.08264E+16
38065,6,4,40,21,2018,11,14,3,3,2,2,0,0,1,0,0,0,0,0,4.92754E+20,5.57866E+21,8.89814E+15,5.036E+16
38066,6,4,35,14,2018,12,16,2,3,2,6,1,0,1,0,0,0,1,1,4.9786E+20,5.55303E+21,8.97006E+15,5.01295E+16
38067,6,4,12,0,2018,11,6,5,3,2,6,2,0,1,0,0,0,0,0,4.68724E+20,5.54429E+21,8.56313E+15,5.00501E+16
38068,6,4,35,18,2018,11,11,6,1,4,6,0,0,1,0,0,0,0,0,5.14794E+20,5.55952E+21,9.20724E+15,5.01877E+16
38069,6,4,31,13,2018,12,14,2,2,5,2,0,0,1,0,0,0,0,1,4.61314E+20,5.49522E+21,8.46454E+15,4.96083E+16
38070,6,6,33,1,2018,11,14,3,2,9,1,0,0,1,0,0,0,0,2,5.2623E+20,5.6919E+21,9.37688E+15,5.13777E+16
38071,6,4,32,15,2018,12,12,4,1,4,6,0,0,1,0,0,1,0,0,4.91681E+20,5.52914E+21,8.88413E+15,4.99146E+16
38072,6,6,36,5,2018,11,19,6,3,2,6,2,0,1,0,0,0,0,0,5.83177E+20,5.65122E+21,1.01856E+16,5.10066E+16
38073,6,5,33,3,2018,11,2,7,2,8,1,2,0,1,1,0,0,0,1,4.47618E+20,5.57197E+21,8.26453E+15,5.02975E+16
38074,6,5,35,16,2018,11,15,6,2,8,1,0,0,0,0,1,0,0,0,5.01743E+20,5.59209E+21,9.02457E+15,5.04808E+16
38075,6,4,40,8,2018,12,17,1,2,3,1,2,0,1,0,0,0,1,1,4.7819E+20,5.57473E+21,8.69361E+15,5.03243E+16
38076,6,5,31,10,2018,12,14,6,3,8,1,0,0,1,0,0,0,0,1,4.98472E+20,5.60014E+21,8.97844E+15,5.05532E+16
38077,6,4,40,1,2018,11,12,6,2,5,2,0,0,1,0,0,0,0,0,4.97749E+20,5.57093E+21,8.9684E+15,5.02905E+16
38078,6,4,12,0,2018,12,21,1,3,9,1,2,0,1,0,0,0,0,1,4.70451E+20,5.55354E+21,8.58655E+15,5.01334E+16
38079,6,5,33,7,2018,11,6,2,3,5,2,2,0,1,0,0,0,0,1,4.33061E+20,5.59052E+21,8.05688E+15,5.04629E+16
38080,6,4,33,7,2018,11,9,5,3,2,6,0,0,1,0,0,1,0,0,4.6619E+20,5.54322E+21,8.52784E+15,5.00403E+16
38081,6,4,32,15,2018,12,16,3,3,2,6,2,0,1,0,0,1,0,1,4.92012E+20,5.52964E+21,8.88872E+15,4.9919E+16
38082,6,4,33,3,2018,11,17,7,3,9,1,1,0,1,0,0,0,0,1,4.65079E+20,5.52851E+21,8.51365E+15,4.9908E+16
38083,6,4,32,22,2018,11,12,6,3,5,3,0,0,1,0,0,0,0,0,4.74475E+20,5.51313E+21,8.64552E+15,4.97701E+16
38084,6,5,34,14,2018,12,17,7,3,8,1,2,0,1,0,0,0,0,1,4.82933E+20,5.62615E+21,8.75789E+15,5.07868E+16
38085,6,6,31,9,2018,12,17,3,3,5,3,1,1,1,0,0,0,0,0,5.46518E+20,5.60158E+21,9.6568E+15,5.05643E+16
38086,6,5,32,23,2018,12,16,4,3,5,3,1,0,1,0,0,1,1,1,4.67856E+20,5.60222E+21,8.54608E+15,5.0571E+16
38087,6,4,39,11,2018,12,11,5,3,4,6,0,0,1,0,0,0,0,1,4.51663E+20,5.5559E+21,8.32337E+15,5.01534E+16
38088,6,4,37,6,2018,12,6,7,3,8,1,2,0,1,0,0,0,0,1,5.03477E+20,5.5018E+21,9.04819E+15,4.96687E+16
38089,6,4,33,5,2018,11,16,2,3,5,3,2,1,1,0,0,0,0,0,4.53056E+20,5.53566E+21,8.34535E+15,4.99714E+16
38090,6,4,14,0,2018,11,17,4,3,2,6,2,0,1,0,0,0,0,0,4.55277E+20,5.54659E+21,8.37505E+15,5.00699E+16
38091,6,5,33,17,2018,12,7,2,3,4,6,0,0,1,0,0,0,0,1,4.48207E+20,5.59248E+21,8.26998E+15,5.0482E+16
38092,6,5,34,20,2018,11,13,6,3,9,1,0,0,1,0,0,0,0,0,4.79976E+20,5.6243E+21,8.71604E+15,5.07701E+16
38093,6,4,32,14,2018,11,8,6,3,2,6,0,0,1,0,0,0,0,0,4.78471E+20,5.52005E+21,8.70063E+15,4.98325E+16
38094,6,4,11,0,2018,12,17,2,3,6,4,2,0,1,1,0,0,0,1,4.73801E+20,5.52431E+21,8.63541E+15,4.98706E+16
38095,6,4,12,0,2018,11,13,4,3,3,7,0,0,1,0,0,0,1,0,4.7389E+20,5.54752E+21,8.63508E+15,5.00793E+16
38096,6,4,12,0,2018,12,13,5,3,3,6,0,0,1,0,0,1,0,1,4.81378E+20,5.54985E+21,8.73962E+15,5.01006E+16
38097,6,4,40,16,2018,11,23,6,3,4,1,2,0,1,0,0,0,0,1,4.99758E+20,5.58907E+21,8.99659E+15,5.04536E+16
38098,6,4,35,13,2018,11,7,7,2,9,1,0,0,1,0,0,0,0,0,5.01455E+20,5.56401E+21,9.02041E+15,5.02283E+16
38099,6,4,31,6,2018,11,6,2,3,2,6,2,0,1,0,0,0,0,0,4.67884E+20,5.50289E+21,8.55484E+15,4.96777E+16
38100,6,6,34,11,2018,11,15,3,3,3,6,0,0,1,0,0,1,0,0,5.33516E+20,5.65012E+21,9.47767E+15,5.10017E+16
38101,6,4,40,23,2018,11,16,6,3,2,6,0,0,1,0,0,0,0,0,4.79317E+20,5.57089E+21,8.70966E+15,5.02898E+16