OBJECTID_1,ULAND,UREGBEZ,UKREIS,UGEMEINDE,UJAHR,UMONAT,USTUNDE,UWOCHENTAG,UKATEGORIE,UART,UTYP1,ULICHTVERH,IstRad,IstPKW,IstFuss,IstKrad,IstGkfz,IstSonstig,STRZUSTAND,LINREFX,LINREFY,XGCSWGS84,YGCSWGS84
38102,6,4,35,20,2018,12,17,1,3,8,1,2,0,1,0,0,0,0,1,4.97677E+20,5.56232E+21,8.96744E+15,5.0213E+16
38103,6,4,35,26,2018,12,11,6,3,5,3,0,0,1,0,0,0,0,1,4.90192E+20,5.56057E+21,8.86259E+15,5.01973E+16
38104,6,4,36,11,2018,11,18,5,3,5,3,2,0,1,0,0,0,0,0,4.66436E+20,5.55506E+21,8.53024E+15,5.01468E+16
38105,6,4,40,24,2018,11,15,6,3,5,2,0,0,1,0,0,0,0,0,4.89467E+20,5.58525E+21,8.85173E+15,5.04192E+16
38106,6,4,38,11,2018,12,7,2,3,9,1,1,0,0,0,1,0,0,1,4.9216E+20,5.54274E+21,8.89053E+15,5.00369E+16
38107,6,6,35,14,2018,11,14,3,3,4,1,0,0,1,0,0,1,0,2,4.70072E+20,5.64521E+21,8.57388E+15,5.09577E+16
38108,6,5,32,23,2018,12,8,4,3,2,6,0,0,1,0,0,0,0,0,4.63495E+20,5.60128E+21,8.48459E+15,5.05623E+16
38109,6,4,12,0,2018,11,17,5,2,5,3,2,0,1,0,1,0,0,0,4.64638E+20,5.54955E+21,8.50558E+15,5.00972E+16
38110,6,4,12,0,2018,11,11,7,3,5,3,0,1,1,0,0,0,0,1,4.75689E+20,5.55083E+21,8.66001E+15,5.01092E+16
38111,6,6,34,22,2018,12,10,3,3,2,6,0,0,1,0,0,0,0,1,5.15154E+20,5.64478E+21,9.21575E+15,5.09545E+16
38112,6,5,35,6,2018,11,7,6,3,2,6,0,0,1,0,1,0,0,1,5.31972E+20,5.62055E+21,9.45308E+15,5.07359E+16
38113,6,6,33,9,2018,12,15,7,3,9,1,0,0,1,0,0,0,0,1,5.4223E+20,5.69509E+21,9.60713E+15,5.14055E+16
38114,6,4,36,6,2018,12,13,6,2,8,1,0,0,1,0,0,0,0,1,4.57774E+20,5.54361E+21,8.41027E+15,5.00433E+16
38115,6,5,34,11,2018,11,20,3,3,1,7,2,0,1,0,0,0,0,0,4.94992E+20,5.63028E+21,8.9289E+15,5.08242E+16
38116,6,5,34,13,2018,11,23,6,3,2,7,2,0,1,0,0,0,0,0,4.74704E+20,5.62306E+21,8.64136E+15,5.07588E+16
38117,6,4,12,0,2018,12,8,2,3,2,6,0,0,1,0,0,0,0,1,4.72438E+20,5.55346E+21,8.61435E+15,5.01327E+16
38118,6,5,33,9,2018,11,7,5,3,2,6,1,0,1,0,0,0,0,1,4.34046E+20,5.58371E+21,8.07195E+15,5.04018E+16
38119,6,5,34,14,2018,11,15,6,3,6,2,0,0,1,1,0,0,0,0,4.83616E+20,5.62643E+21,8.76756E+15,5.07894E+16
38120,6,6,31,16,2018,12,13,2,3,9,1,0,0,1,0,0,0,0,1,5.4561E+20,5.5849E+21,9.64195E+15,5.04144E+16
38121,6,4,32,12,2018,11,7,3,3,0,6,1,0,0,0,1,0,1,0,4.81538E+20,5.53253E+21,8.74268E+15,4.99448E+16
38122,6,5,34,12,2018,12,21,4,3,5,3,2,0,1,0,0,0,0,0,4.76918E+20,5.63362E+21,8.67209E+15,5.08538E+16
38123,6,4,35,6,2018,11,18,5,3,5,3,1,1,1,0,0,0,0,0,4.93771E+20,5.55841E+21,8.91277E+15,5.01778E+16
38124,6,4,14,0,2018,11,22,7,2,5,2,2,0,1,0,0,0,0,1,4.44223E+20,5.54752E+21,8.22047E+15,5.00774E+16
38125,6,4,14,0,2018,12,19,3,3,5,3,2,0,1,0,0,0,0,0,4.43958E+20,5.54585E+21,8.217E+15,5.00623E+16
38126,6,6,31,21,2018,11,10,6,3,9,1,0,0,1,0,0,0,0,2,5.63327E+20,5.59433E+21,9.89288E+15,5.04975E+16
38127,6,6,35,7,2018,12,19,7,3,8,1,2,0,1,0,0,0,0,1,4.85424E+20,5.68828E+21,8.79072E+15,5.13456E+16
38128,6,4,35,17,2018,12,16,6,3,2,6,1,0,1,0,0,0,1,1,5.0572E+20,5.55899E+21,9.08011E+15,5.01831E+16
38129,6,6,11,0,2018,12,13,1,3,5,2,0,1,1,0,0,0,0,1,5.31605E+20,5.68475E+21,9.45347E+15,5.13131E+16
38130,6,4,14,0,2018,11,13,2,3,6,4,0,0,1,1,0,0,0,0,4.45704E+20,5.54757E+21,8.24116E+15,5.00779E+16
38131,6,6,32,19,2018,11,6,4,2,5,2,1,0,1,0,0,1,0,1,5.59784E+20,5.62942E+21,9.8486E+15,5.08135E+16
38132,6,6,31,9,2018,12,15,3,2,5,2,0,0,1,0,0,0,0,1,5.47749E+20,5.60178E+21,9.67421E+15,5.0566E+16
38133,6,6,32,2,2018,11,8,6,3,5,3,0,0,1,0,0,0,0,1,5.51339E+20,5.63522E+21,9.72955E+15,5.08664E+16
38134,6,6,31,13,2018,11,6,6,3,9,1,2,0,1,0,0,0,0,2,5.65395E+20,5.60712E+21,9.92428E+15,5.06123E+16
38135,6,5,33,6,2018,12,17,7,3,3,6,2,0,1,0,0,0,0,1,4.27625E+20,5.58499E+21,7.98137E+15,5.04125E+16
38136,6,4,33,7,2018,12,9,3,2,2,6,0,0,0,0,0,1,0,0,4.65516E+20,5.54281E+21,8.51847E+15,5.00366E+16
38137,6,4,35,10,2018,12,16,4,3,2,6,2,0,1,0,0,0,1,0,5.16277E+20,5.5615E+21,9.22809E+15,5.02055E+16
38138,6,4,34,1,2018,12,9,5,3,5,2,0,0,1,0,0,0,0,1,4.75233E+20,5.56201E+21,8.65291E+15,5.02097E+16
38139,6,4,34,7,2018,12,11,7,3,2,6,0,0,1,0,0,0,0,1,4.64207E+20,5.57298E+21,8.49735E+15,5.03079E+16
38140,6,4,35,17,2018,11,17,2,3,2,6,2,0,1,0,0,0,0,0,5.01079E+20,5.55873E+21,9.01511E+15,5.01807E+16
38141,6,6,32,10,2018,11,21,3,3,8,7,2,0,1,0,0,0,0,0,5.64745E+20,5.62941E+21,9.91901E+15,5.08128E+16
38142,6,4,40,4,2018,12,17,2,2,1,7,2,0,1,0,0,0,0,1,5.01749E+20,5.57124E+21,9.02456E+15,5.02933E+16
38143,6,5,32,21,2018,11,14,6,2,4,6,0,0,1,0,0,0,0,1,4.57573E+20,5.59883E+21,8.40127E+15,5.05399E+16
38144,6,6,31,6,2018,11,6,6,2,5,3,0,0,1,0,0,0,0,1,5.49851E+20,5.59346E+21,9.70277E+15,5.0491E+16
38145,6,6,34,7,2018,12,22,2,3,5,3,2,0,1,0,0,0,0,1,5.28848E+20,5.67169E+21,9.41287E+15,5.11959E+16
38146,6,6,33,3,2018,11,19,4,3,5,3,2,0,1,0,0,0,0,1,5.27669E+20,5.67836E+21,9.39651E+15,5.12559E+16
38147,6,5,31,5,2018,12,11,5,3,2,6,0,0,1,0,0,0,0,1,4.79512E+20,5.60384E+21,8.71058E+15,5.05861E+16
38148,6,4,32,10,2018,11,7,6,2,5,2,1,0,1,0,0,0,0,1,4.94268E+20,5.52279E+21,8.92025E+15,4.98575E+16
38149,6,5,35,11,2018,11,12,7,3,5,3,0,0,1,0,0,0,0,0,5.27832E+20,5.60935E+21,9.39356E+15,5.06354E+16
38150,6,4,36,12,2018,11,9,1,2,1,6,0,0,1,0,0,0,0,1,4.65541E+20,5.55307E+21,8.51789E+15,5.01289E+16
38151,6,4,40,18,2018,11,20,3,3,2,6,2,0,1,0,0,0,0,0,4.78902E+20,5.58214E+21,8.7032E+15,5.03909E+16
38152,6,6,31,9,2018,11,13,6,2,2,6,0,0,1,0,0,0,0,0,5.48002E+20,5.59776E+21,9.67727E+15,5.05298E+16
38153,6,6,11,0,2018,12,17,1,3,6,4,2,0,1,1,0,0,0,1,5.33867E+20,5.68517E+21,9.48596E+15,5.13169E+16
38154,6,4,35,12,2018,12,15,6,3,8,1,0,0,1,0,0,0,0,1,5.08364E+20,5.56218E+21,9.11722E+15,5.02117E+16
38155,6,5,33,19,2018,11,21,5,2,9,7,2,0,1,0,0,0,0,0,4.50569E+20,5.58998E+21,8.3036E+15,5.04597E+16
38156,6,5,32,14,2018,11,7,6,2,5,3,0,0,1,0,0,0,0,1,4.65402E+20,5.59448E+21,8.51214E+15,5.05013E+16
38157,6,4,12,0,2018,12,19,2,3,9,1,2,0,1,0,0,0,0,1,4.78739E+20,5.55654E+21,8.70234E+15,5.01607E+16
38158,6,4,38,1,2018,11,10,3,3,6,4,0,0,1,1,0,0,0,0,4.8448E+20,5.5412E+21,8.78334E+15,5.00229E+16
38159,6,4,35,14,2018,12,8,3,3,2,6,1,0,1,0,0,0,0,1,4.93573E+20,5.55626E+21,8.91002E+15,5.01585E+16
38160,6,4,38,5,2018,11,14,5,3,2,6,0,0,1,0,1,0,0,0,4.85627E+20,5.5446E+21,8.79922E+15,5.00535E+16
38161,6,4,38,13,2018,11,13,7,3,4,1,0,0,1,0,0,0,0,1,5.01156E+20,5.54296E+21,9.01615E+15,5.0039E+16
38162,6,4,38,2,2018,12,18,3,2,6,2,2,0,1,1,0,0,0,0,4.79297E+20,5.53877E+21,8.71112E+15,5.00009E+16
38163,6,5,31,16,2018,11,20,6,3,5,2,2,0,1,0,0,1,0,0,4.86985E+20,5.60493E+21,8.81611E+15,5.05961E+16
38164,6,4,12,0,2018,12,18,7,3,4,3,2,0,1,0,0,0,0,1,4.83134E+20,5.55376E+21,8.764E+15,5.01358E+16
38165,6,4,40,24,2018,12,14,6,2,2,6,0,0,1,0,0,1,0,1,4.86765E+20,5.5852E+21,8.81371E+15,5.04187E+16
38166,6,6,31,20,2018,12,20,1,3,5,3,2,0,1,0,0,0,0,1,5.51055E+20,5.60044E+21,9.72071E+15,5.05536E+16
38167,6,6,34,15,2018,11,14,2,2,4,1,0,0,1,0,0,0,0,1,5.44767E+20,5.65608E+21,9.63873E+15,5.10545E+16
38168,6,4,36,7,2018,11,12,4,3,5,3,0,0,1,0,0,0,0,0,4.54889E+20,5.54511E+21,8.36981E+15,5.00566E+16
38169,6,4,14,0,2018,12,7,2,3,2,6,0,1,1,0,0,0,0,1,4.46227E+20,5.5476E+21,8.24846E+15,5.00783E+16
38170,6,6,11,0,2018,11,17,6,3,2,6,2,0,1,0,0,0,0,0,5.32079E+20,5.68536E+21,9.46032E+15,5.13186E+16
38171,6,5,31,8,2018,11,14,6,3,5,3,0,0,1,0,0,0,0,0,4.936E+20,5.59078E+21,8.90982E+15,5.04689E+16
38172,6,4,14,0,2018,12,9,6,2,3,2,0,1,1,0,0,0,0,0,4.45987E+20,5.54757E+21,8.2451E+15,5.00779E+16
38173,6,4,35,17,2018,12,16,2,3,9,1,1,0,1,0,0,0,0,1,5.01466E+20,5.56074E+21,9.02054E+15,5.01988E+16
38174,6,5,33,8,2018,12,15,3,2,5,3,0,0,1,0,0,0,0,0,4.36798E+20,5.57821E+21,8.1116E+15,5.03526E+16
38175,6,5,35,13,2018,12,18,5,2,6,4,2,0,1,1,0,0,0,1,5.01887E+20,5.60696E+21,9.02668E+15,5.06145E+16
38176,6,6,31,9,2018,12,17,7,3,5,2,2,0,1,0,0,0,0,1,5.48419E+20,5.6013E+21,9.6836E+15,5.05616E+16
38177,6,4,35,27,2018,11,20,1,3,8,1,2,0,1,0,0,0,0,0,5.42671E+20,5.57444E+21,9.59941E+15,5.03205E+16
38178,6,4,11,0,2018,11,19,2,3,5,3,2,1,1,0,0,0,0,1,4.76816E+20,5.52695E+21,8.67721E+15,4.98945E+16
38179,6,4,38,9,2018,11,18,3,3,2,6,2,0,1,0,0,0,0,1,4.79808E+20,5.54404E+21,8.71798E+15,5.00483E+16
38180,6,5,34,1,2018,12,15,2,2,4,1,0,0,1,0,0,0,0,1,4.96687E+20,5.623E+21,8.95303E+15,5.07588E+16
38181,6,4,32,22,2018,12,16,1,3,0,3,2,1,0,0,1,0,0,1,4.74006E+20,5.51126E+21,8.63914E+15,4.97532E+16
38182,6,4,37,13,2018,11,14,2,3,2,6,0,0,1,0,0,0,0,1,4.89761E+20,5.50595E+21,8.85799E+15,4.9706E+16
38183,6,4,14,0,2018,11,6,4,3,2,6,2,0,1,0,0,0,0,0,4.48963E+20,5.54508E+21,8.28703E+15,5.00558E+16
38184,6,4,14,0,2018,12,8,3,2,2,6,1,0,1,0,0,0,0,1,4.52926E+20,5.5518E+21,8.34157E+15,5.01165E+16
38185,6,4,12,0,2018,11,18,6,2,6,6,2,1,0,1,0,0,0,0,4.75254E+20,5.55056E+21,8.65394E+15,5.01068E+16
38186,6,5,31,5,2018,11,18,6,3,2,6,2,0,1,0,0,0,0,0,4.77585E+20,5.60269E+21,8.68344E+15,5.05757E+16
38187,6,6,32,16,2018,12,14,6,3,4,7,0,0,1,0,0,0,1,1,5.67335E+20,5.63366E+21,9.95655E+15,5.08507E+16
38188,6,4,31,22,2018,12,9,3,3,2,6,0,0,1,0,0,0,0,1,4.70722E+20,5.50791E+21,8.59381E+15,4.9723E+16
38189,6,4,34,1,2018,12,15,4,3,2,6,0,0,1,0,0,0,0,0,4.75962E+20,5.56471E+21,8.66295E+15,5.0234E+16
38190,6,5,32,9,2018,12,14,5,3,2,6,0,0,1,0,0,0,0,0,4.5285E+20,5.62725E+21,8.33099E+15,5.07951E+16
38191,6,4,37,9,2018,12,21,7,2,5,2,2,0,1,0,0,0,0,1,4.99815E+20,5.51616E+21,8.99743E+15,4.97979E+16
38192,6,4,40,5,2018,11,17,2,3,3,6,1,0,1,0,0,0,0,0,4.78441E+20,5.5866E+21,8.69645E+15,5.04311E+16
38193,6,4,32,23,2018,11,8,3,3,2,6,0,0,1,0,0,0,0,0,4.71895E+20,5.52736E+21,8.60867E+15,4.9898E+16
38194,6,4,32,22,2018,12,7,2,3,5,3,1,1,1,0,0,0,0,1,4.73665E+20,5.5117E+21,8.63438E+15,4.97572E+16
38195,6,6,33,3,2018,11,17,6,3,3,6,2,0,1,0,0,1,0,0,5.31348E+20,5.67907E+21,9.44929E+15,5.12621E+16
38196,6,4,38,11,2018,11,18,6,3,2,6,2,0,1,0,0,0,0,0,4.91856E+20,5.54518E+21,8.88622E+15,5.00589E+16
38197,6,4,38,11,2018,12,14,2,2,5,2,0,0,1,0,0,0,0,1,4.92331E+20,5.53834E+21,8.893E+15,4.99973E+16
38198,6,5,34,10,2018,11,8,4,3,2,2,0,0,1,0,0,0,0,1,4.69812E+20,5.62266E+21,8.57204E+15,5.07549E+16
38199,6,4,12,0,2018,12,23,4,2,6,7,2,0,0,1,0,0,1,0,4.67958E+20,5.55102E+21,8.55187E+15,5.01105E+16
38200,6,6,31,17,2018,11,18,6,2,6,7,2,0,1,1,0,0,0,1,5.50677E+20,5.59833E+21,9.71509E+15,5.05347E+16
38201,6,4,12,0,2018,11,17,7,3,2,6,2,0,1,0,0,0,0,0,4.73942E+20,5.55651E+21,8.63518E+15,5.01602E+16
38202,6,4,38,8,2018,11,1,1,3,9,1,2,0,1,0,0,0,0,1,4.87538E+20,5.5528E+21,8.82565E+15,5.01273E+16
38203,6,5,32,4,2018,11,12,7,2,8,1,0,0,1,0,0,0,0,2,4.40423E+20,5.61429E+21,8.15679E+15,5.06774E+16
38204,6,5,33,3,2018,11,14,2,3,2,6,0,0,1,0,0,0,0,0,4.47943E+20,5.57177E+21,8.26913E+15,5.02958E+16
38205,6,6,33,23,2018,11,8,6,3,2,6,0,0,1,0,0,0,0,0,5.22772E+20,5.68324E+21,9.32663E+15,5.13E+16
38206,6,6,34,22,2018,12,18,1,3,9,1,2,0,1,0,0,0,0,1,5.08979E+20,5.63583E+21,9.12762E+15,5.08741E+16
38207,6,4,32,8,2018,12,13,6,2,5,3,0,0,1,0,0,0,1,1,4.70057E+20,5.52353E+21,8.58337E+15,4.98635E+16
38208,6,6,32,15,2018,11,17,6,3,2,6,2,0,1,0,0,0,0,0,5.39568E+20,5.62979E+21,9.5617E+15,5.08184E+16
38209,6,4,39,8,2018,12,8,2,3,2,6,0,0,1,0,0,0,0,1,4.46476E+20,5.5643E+21,8.24959E+15,5.02284E+16
38210,6,6,31,21,2018,11,12,3,3,4,1,0,0,1,0,0,0,0,2,5.63446E+20,5.59617E+21,9.89488E+15,5.05141E+16
38211,6,5,34,10,2018,11,16,5,2,4,6,1,0,1,0,0,0,0,1,4.67315E+20,5.62563E+21,8.53638E+15,5.07815E+16
38212,6,4,35,9,2018,11,20,7,3,4,6,2,0,1,0,0,0,0,1,5.10411E+20,5.55582E+21,9.14574E+15,5.01545E+16
38213,6,4,40,5,2018,12,13,3,3,3,3,0,0,1,0,0,1,0,0,4.75436E+20,5.58911E+21,8.65398E+15,5.04535E+16
38214,6,5,35,5,2018,11,13,6,3,2,6,0,0,1,0,0,0,0,0,5.01976E+20,5.6138E+21,9.02797E+15,5.06761E+16
38215,6,5,33,17,2018,12,16,7,3,4,1,2,0,1,0,0,0,0,1,4.47901E+20,5.59259E+21,8.26566E+15,5.04829E+16
38216,6,6,33,15,2018,12,13,5,3,8,1,0,0,1,0,0,0,0,1,5.45857E+20,5.68064E+21,9.65741E+15,5.12753E+16
38217,6,4,12,0,2018,12,9,1,3,8,1,0,0,1,0,0,0,0,1,4.72831E+20,5.55931E+21,8.61943E+15,5.01853E+16
38218,6,6,34,5,2018,11,8,2,2,2,6,0,0,1,0,0,1,0,0,5.22214E+20,5.66413E+21,9.31745E+15,5.11282E+16
38219,6,5,34,3,2018,11,20,4,2,6,3,2,0,1,1,0,0,0,1,4.64148E+20,5.62256E+21,8.49175E+15,5.07537E+16
38220,6,4,12,0,2018,12,6,2,3,8,1,2,0,1,0,0,0,0,1,4.7834E+20,5.55083E+21,8.69708E+15,5.01093E+16
38221,6,4,36,4,2018,11,11,6,3,0,3,0,0,1,0,1,0,0,0,4.57516E+20,5.54201E+21,8.40684E+15,5.00289E+16
38222,6,6,32,11,2018,11,18,6,3,2,6,2,0,1,0,0,0,0,0,5.40488E+20,5.63109E+21,9.57491E+15,5.08302E+16
38223,6,6,36,4,2018,12,16,6,3,9,1,1,0,1,0,0,0,0,1,5.53489E+20,5.67883E+21,9.76655E+15,5.12583E+16
38224,6,5,33,2,2018,12,18,2,3,8,1,2,0,1,0,0,0,0,1,4.43312E+20,5.57767E+21,8.20323E+15,5.03484E+16
38225,6,6,34,14,2018,12,17,3,3,5,3,2,1,1,0,0,0,0,1,5.38015E+20,5.66385E+21,9.54322E+15,5.11249E+16
38226,6,5,34,6,2018,11,13,5,3,4,1,0,0,1,0,0,0,0,1,4.87985E+20,5.63282E+21,8.82933E+15,5.0847E+16
38227,6,5,34,17,2018,12,15,5,3,4,7,0,0,1,0,0,0,1,1,4.9848E+20,5.63996E+21,8.97838E+15,5.09113E+16
38228,6,4,35,12,2018,11,19,7,3,2,6,2,0,1,0,0,0,0,0,5.08564E+20,5.5658E+21,9.1201E+15,5.02443E+16
38229,6,4,14,0,2018,11,8,6,2,5,3,1,1,1,0,0,0,0,1,4.44899E+20,5.54748E+21,8.22992E+15,5.0077E+16
38230,6,4,33,3,2018,12,9,7,3,2,6,0,0,1,0,0,0,0,0,4.65926E+20,5.52769E+21,8.52552E+15,4.99007E+16
38231,6,4,40,4,2018,11,9,1,2,8,1,0,0,1,0,0,0,0,0,5.12432E+20,5.57277E+21,9.17458E+15,5.03069E+16
38232,6,4,40,23,2018,11,12,2,3,3,6,0,0,1,0,0,1,0,0,4.76519E+20,5.57063E+21,8.6704E+15,5.02873E+16
38233,6,5,32,4,2018,11,20,7,3,8,1,2,0,1,0,0,0,0,0,4.42529E+20,5.61219E+21,8.18692E+15,5.06587E+16
38234,6,4,40,4,2018,11,17,3,2,5,3,1,0,0,0,1,0,1,0,5.07721E+20,5.57172E+21,9.10841E+15,5.02976E+16
38235,6,4,35,14,2018,12,10,2,3,6,4,0,0,1,1,0,0,0,1,4.93524E+20,5.55482E+21,8.90936E+15,5.01456E+16
38236,6,4,32,18,2018,11,12,6,3,2,6,0,0,1,0,0,0,0,0,4.68448E+20,5.51518E+21,8.56166E+15,4.97883E+16
38237,6,5,35,5,2018,11,13,6,3,2,6,0,0,1,0,0,0,0,0,5.01976E+20,5.6138E+21,9.02797E+15,5.06761E+16
38238,6,4,32,2,2018,12,9,2,3,2,6,0,0,1,0,0,0,0,1,4.9353E+20,5.53081E+21,8.90985E+15,4.99297E+16
38239,6,4,33,12,2018,11,6,4,2,3,6,2,0,1,0,0,1,0,0,4.61859E+20,5.53519E+21,8.46815E+15,4.99678E+16
38240,6,4,35,8,2018,12,19,4,3,5,3,2,0,1,0,0,0,0,0,5.29184E+20,5.55344E+21,9.40834E+15,5.01325E+16
38241,6,6,32,15,2018,11,21,6,3,2,6,0,0,1,0,0,0,0,1,5.39571E+20,5.62976E+21,9.56174E+15,5.08182E+16
38242,6,4,40,15,2018,11,15,1,3,2,6,0,0,1,0,0,0,0,0,4.80521E+20,5.5911E+21,8.72551E+15,5.04716E+16
38243,6,4,12,0,2018,11,23,6,3,2,6,2,0,1,0,0,0,0,0,4.68465E+20,5.55262E+21,8.55883E+15,5.0125E+16
38244,6,4,33,7,2018,12,5,1,2,2,6,2,0,1,0,0,1,0,1,4.67953E+20,5.54418E+21,8.55237E+15,5.0049E+16
38245,6,4,12,0,2018,12,7,6,3,2,6,1,0,1,0,0,0,0,1,4.84147E+20,5.55638E+21,8.77806E+15,5.01594E+16
38246,6,4,12,0,2018,11,12,6,3,2,6,0,0,1,0,0,0,0,0,4.71525E+20,5.55579E+21,8.6014E+15,5.01537E+16
38247,6,4,14,0,2018,12,13,1,2,8,1,0,0,1,0,0,0,0,1,4.50678E+20,5.55509E+21,8.30969E+15,5.0146E+16
38248,6,4,40,18,2018,11,21,3,3,9,1,2,0,1,0,0,0,0,0,4.78164E+20,5.57785E+21,8.69307E+15,5.03523E+16
38249,6,4,39,12,2018,11,17,7,3,1,5,2,0,1,0,0,0,0,0,4.30261E+20,5.53956E+21,8.02681E+15,5.00042E+16
38250,6,4,12,0,2018,11,14,6,3,2,6,0,0,1,0,0,0,0,0,4.7236E+20,5.54669E+21,8.61375E+15,5.00719E+16
38251,6,4,12,0,2018,11,17,6,3,2,6,2,0,1,0,0,0,0,0,4.74307E+20,5.545E+21,8.64107E+15,5.00567E+16
38252,6,4,35,18,2018,12,9,2,2,6,2,0,0,1,1,0,0,0,1,5.13755E+20,5.56027E+21,9.19271E+15,5.01944E+16
38253,6,6,31,4,2018,11,16,4,3,5,3,2,0,1,0,0,0,1,0,5.56948E+20,5.58749E+21,9.80191E+15,5.04366E+16
38254,6,6,33,28,2018,12,9,4,3,9,1,0,0,1,0,0,0,0,2,5.15145E+20,5.68853E+21,9.21747E+15,5.13479E+16
38255,6,5,31,5,2018,11,10,6,3,2,6,0,0,1,0,0,0,0,1,4.76489E+20,5.6032E+21,8.66793E+15,5.05802E+16
38256,6,4,31,8,2018,11,11,1,3,8,1,0,0,1,0,0,0,0,1,4.78753E+20,5.48782E+21,8.7063E+15,4.95426E+16
38257,6,4,12,0,2018,11,15,6,3,3,6,0,0,1,0,0,1,0,0,4.75476E+20,5.56175E+21,8.65632E+15,5.02074E+16
38258,6,4,40,4,2018,12,9,1,3,9,7,0,0,1,0,0,0,0,1,5.09611E+20,5.57569E+21,9.13504E+15,5.03332E+16
38259,6,5,35,1,2018,12,11,6,3,5,3,0,0,1,0,0,0,0,1,5.19013E+20,5.62269E+21,9.26955E+15,5.07557E+16
38260,6,4,14,0,2018,11,13,6,2,2,6,0,0,1,0,0,0,0,0,4.53508E+20,5.55008E+21,8.34991E+15,5.01012E+16
38261,6,5,32,11,2018,12,8,2,3,9,1,0,0,1,0,0,0,0,1,4.47788E+20,5.62152E+21,8.25999E+15,5.07431E+16
38262,6,5,31,5,2018,11,16,3,3,2,6,1,0,1,0,0,0,1,1,4.78811E+20,5.60176E+21,8.7008E+15,5.05674E+16
38263,6,6,31,4,2018,11,20,5,3,5,3,2,0,1,0,0,0,1,0,5.56098E+20,5.58942E+21,9.79023E+15,5.04541E+16
38264,6,4,33,3,2018,11,19,7,3,2,6,2,0,1,0,0,0,0,1,4.65892E+20,5.52799E+21,8.52502E+15,4.99034E+16
38265,6,4,39,8,2018,11,15,6,3,2,6,0,0,1,0,0,0,0,0,4.46518E+20,5.56269E+21,8.25041E+15,5.0214E+16
38266,6,4,32,20,2018,12,17,7,3,8,1,2,0,1,0,0,0,0,1,4.83692E+20,5.52493E+21,8.77303E+15,4.98766E+16
38267,6,4,11,0,2018,12,15,5,3,5,3,0,0,1,0,0,0,1,1,4.73661E+20,5.52291E+21,8.63355E+15,4.9858E+16
38268,6,6,34,9,2018,12,8,7,3,8,1,0,0,1,0,0,0,0,1,5.33457E+20,5.65346E+21,9.47713E+15,5.10317E+16
38269,6,5,33,17,2018,11,9,2,3,4,6,0,0,1,0,0,1,1,1,4.48895E+20,5.59394E+21,8.27947E+15,5.04952E+16
38270,6,4,35,14,2018,11,16,4,3,6,4,0,0,1,1,0,0,0,0,4.94777E+20,5.55281E+21,8.92693E+15,5.01275E+16
38271,6,6,11,0,2018,12,16,2,3,5,2,2,1,0,0,0,0,1,1,5.31396E+20,5.68476E+21,9.45047E+15,5.13133E+16
38272,6,4,11,0,2018,11,12,6,3,2,6,0,0,1,0,1,0,0,0,4.736E+20,5.51783E+21,8.63305E+15,4.98123E+16
38273,6,4,14,0,2018,11,13,6,3,2,6,0,0,1,0,0,0,0,0,4.52814E+20,5.55299E+21,8.33985E+15,5.01273E+16
38274,6,4,38,2,2018,12,17,6,3,2,6,2,0,1,0,0,0,0,1,4.8297E+20,5.54323E+21,8.76217E+15,5.00411E+16
38275,6,4,14,0,2018,12,15,2,3,2,6,0,0,1,0,0,0,0,1,4.44708E+20,5.54676E+21,8.22736E+15,5.00706E+16
38276,6,4,38,10,2018,12,12,3,3,2,6,0,0,1,0,0,0,0,0,4.92061E+20,5.54636E+21,8.88906E+15,5.00695E+16
38277,6,4,11,0,2018,11,6,5,3,2,6,2,0,1,0,0,0,0,0,4.73417E+20,5.51896E+21,8.63044E+15,4.98225E+16
38278,6,5,31,10,2018,12,13,5,3,8,1,0,0,1,0,0,0,0,1,4.99787E+20,5.58909E+21,8.99701E+15,5.04538E+16
38279,6,4,35,12,2018,11,11,7,3,2,6,0,0,1,0,0,0,0,0,5.09564E+20,5.56115E+21,9.13402E+15,5.02025E+16
38280,6,4,11,0,2018,11,9,6,3,8,1,0,0,1,0,0,0,0,1,4.74621E+20,5.52378E+21,8.64685E+15,4.98659E+16
38281,6,5,33,8,2018,11,16,6,3,5,2,1,0,1,0,0,0,0,0,4.40216E+20,5.57339E+21,8.16039E+15,5.03096E+16
38282,6,5,34,17,2018,11,13,1,2,4,6,0,0,1,0,0,0,0,0,4.89773E+20,5.64438E+21,8.85441E+15,5.09509E+16
38283,6,4,31,13,2018,11,18,2,3,5,7,2,0,1,0,0,0,0,1,4.61105E+20,5.49476E+21,8.46169E+15,4.96042E+16
38284,6,4,31,2,2018,11,6,3,3,9,3,2,0,1,0,0,0,0,1,4.69883E+20,5.50169E+21,8.58264E+15,4.9667E+16
38285,6,6,32,15,2018,12,15,2,3,2,6,0,0,1,0,0,1,0,1,5.36193E+20,5.62859E+21,9.51367E+15,5.08079E+16
38286,6,5,31,2,2018,11,15,5,3,4,1,0,0,1,0,0,0,1,1,4.70465E+20,5.61221E+21,8.58212E+15,5.0661E+16
38287,6,4,33,4,2018,11,13,6,3,2,6,0,0,1,0,0,0,0,0,4.67139E+20,5.51211E+21,8.54374E+15,4.97605E+16
38288,6,4,31,13,2018,12,10,2,3,2,6,0,0,1,0,0,0,0,1,4.56512E+20,5.49825E+21,8.39774E+15,4.96352E+16