OBJECTID_1,ULAND,UREGBEZ,UKREIS,UGEMEINDE,UJAHR,UMONAT,USTUNDE,UWOCHENTAG,UKATEGORIE,UART,UTYP1,ULICHTVERH,IstRad,IstPKW,IstFuss,IstKrad,IstGkfz,IstSonstig,STRZUSTAND,LINREFX,LINREFY,XGCSWGS84,YGCSWGS84
38477,6,6,31,15,2018,11,14,6,2,2,6,0,0,1,0,0,0,0,1,5.48058E+20,5.61156E+21,9.67984E+15,5.06539E+16
38478,6,5,32,21,2018,11,22,1,2,6,4,2,0,1,1,0,0,0,0,4.58123E+20,5.59919E+21,8.40899E+15,5.05432E+16
38479,6,4,12,0,2018,11,18,5,3,2,6,2,0,1,0,0,0,1,0,4.75144E+20,5.56039E+21,8.65176E+15,5.01951E+16
38480,6,5,34,14,2018,12,21,1,2,9,1,2,0,1,0,0,0,0,1,4.8223E+20,5.62388E+21,8.74802E+15,5.07665E+16
38481,6,5,34,12,2018,12,6,6,2,4,6,2,0,1,0,0,1,0,1,4.76505E+20,5.63366E+21,8.66621E+15,5.08542E+16
38482,6,5,32,8,2018,11,0,5,3,7,7,2,0,1,0,0,0,0,0,4.56551E+20,5.6071E+21,8.38588E+15,5.06142E+16
38483,6,5,33,9,2018,12,5,1,3,5,3,2,0,1,0,0,0,0,1,4.35329E+20,5.5799E+21,8.09066E+15,5.03676E+16
38484,6,6,33,20,2018,11,13,3,3,2,6,0,0,0,0,0,1,1,1,5.40514E+20,5.68689E+21,9.58153E+15,5.13319E+16
38485,6,4,38,2,2018,11,18,5,3,2,6,2,0,1,0,0,0,1,0,4.7927E+20,5.54146E+21,8.7106E+15,5.00251E+16
38486,6,5,31,11,2018,11,22,7,3,5,3,2,0,1,0,0,0,0,1,4.86469E+20,5.59653E+21,8.80913E+15,5.05205E+16
38487,6,5,33,3,2018,11,11,4,3,5,2,0,0,1,0,0,0,0,0,4.47602E+20,5.57217E+21,8.26429E+15,5.02993E+16
38488,6,5,34,10,2018,12,20,7,3,2,6,2,0,1,0,0,0,0,1,4.68949E+20,5.6272E+21,8.55942E+15,5.07957E+16
38489,6,4,11,0,2018,12,11,5,2,5,3,0,0,1,0,1,0,0,1,4.75745E+20,5.52446E+21,8.66246E+15,4.98721E+16
38490,6,6,11,0,2018,12,17,7,3,5,2,1,0,1,0,0,0,0,0,5.37284E+20,5.68473E+21,9.53495E+15,5.13127E+16
38491,6,5,33,17,2018,11,9,2,2,8,1,0,0,1,0,0,0,0,1,4.49098E+20,5.59421E+21,8.28231E+15,5.04977E+16
38492,6,4,35,14,2018,11,16,7,2,5,2,0,0,1,0,1,0,0,0,4.91874E+20,5.55284E+21,8.88631E+15,5.01277E+16
38493,6,5,31,5,2018,11,16,4,2,5,3,0,1,1,0,0,0,0,0,4.76414E+20,5.60311E+21,8.66688E+15,5.05794E+16
38494,6,6,35,11,2018,12,6,2,2,9,1,2,0,1,0,0,0,0,1,4.76727E+20,5.65885E+21,8.66776E+15,5.10807E+16
38495,6,4,31,13,2018,11,10,6,3,2,6,0,0,1,0,0,0,1,0,4.55711E+20,5.49911E+21,8.38654E+15,4.96429E+16
38496,6,5,33,9,2018,11,7,4,3,3,6,2,0,1,0,0,1,0,0,4.33163E+20,5.58235E+21,8.05977E+15,5.03894E+16
38497,6,4,13,0,2018,12,13,2,2,0,1,0,0,0,0,1,0,0,1,4.84367E+20,5.54913E+21,8.78143E+15,5.00943E+16
38498,6,5,33,15,2018,12,18,3,3,3,2,2,0,1,0,0,0,1,1,4.45997E+20,5.58596E+21,8.23978E+15,5.04232E+16
38499,6,4,40,15,2018,11,7,5,3,3,6,0,0,1,0,0,1,0,0,4.80092E+20,5.58992E+21,8.71952E+15,5.04609E+16
38500,6,5,31,9,2018,12,14,5,3,5,3,0,0,1,0,0,0,0,0,4.72895E+20,5.59189E+21,8.61799E+15,5.04784E+16
38501,6,4,11,0,2018,11,8,6,3,5,2,1,1,0,0,0,0,1,1,4.7574E+20,5.52439E+21,8.66239E+15,4.98714E+16
38502,6,5,32,16,2018,11,13,1,3,2,6,0,0,1,0,0,0,0,0,4.5434E+20,5.59931E+21,8.35558E+15,5.05439E+16
38503,6,5,32,22,2018,11,11,7,3,9,1,0,0,1,0,0,0,0,2,4.677E+20,5.58517E+21,8.54535E+15,5.04177E+16
38504,6,5,35,9,2018,11,15,2,3,5,3,0,0,1,0,0,0,0,0,5.00436E+20,5.61872E+21,9.00618E+15,5.07203E+16
38505,6,4,33,2,2018,11,18,3,3,4,6,2,0,1,0,0,0,1,1,4.54225E+20,5.53795E+21,8.36139E+15,4.99921E+16
38506,6,4,12,0,2018,12,8,2,2,2,7,0,0,1,0,0,0,0,0,4.70506E+20,5.55365E+21,8.58731E+15,5.01344E+16
38507,6,6,32,15,2018,11,18,5,3,5,3,2,1,1,0,0,0,0,0,5.4199E+20,5.62679E+21,9.59574E+15,5.07914E+16
38508,6,6,11,0,2018,11,11,4,3,5,3,0,0,1,0,0,0,0,0,5.37604E+20,5.68305E+21,9.53937E+15,5.12975E+16
38509,6,6,31,16,2018,12,19,2,2,8,1,2,0,1,0,0,0,0,1,5.45616E+20,5.58482E+21,9.64202E+15,5.04137E+16
38510,6,4,12,0,2018,11,9,3,3,3,7,0,0,1,0,0,0,1,0,4.79329E+20,5.55104E+21,8.7109E+15,5.01113E+16
38511,6,4,33,8,2018,12,17,4,2,2,6,2,0,1,0,0,0,0,0,4.69658E+20,5.53625E+21,8.57681E+15,4.99778E+16
38512,6,5,31,16,2018,11,13,6,3,2,6,0,0,1,0,0,0,0,0,4.91018E+20,5.60697E+21,8.87304E+15,5.06145E+16
38513,6,4,14,0,2018,11,21,7,3,4,1,2,0,1,0,0,0,0,1,4.51112E+20,5.54598E+21,8.31694E+15,5.00641E+16
38514,6,4,14,0,2018,12,13,3,2,4,6,0,0,1,0,0,0,0,0,4.47252E+20,5.54723E+21,8.26284E+15,5.0075E+16
38515,6,6,31,9,2018,12,7,5,3,5,3,1,0,1,0,1,0,0,1,5.50017E+20,5.60284E+21,9.70637E+15,5.05753E+16
38516,6,4,12,0,2018,11,18,6,3,2,6,2,0,1,0,1,0,0,1,4.76237E+20,5.55497E+21,8.66741E+15,5.01465E+16
38517,6,4,40,24,2018,12,16,7,3,0,6,1,0,1,0,0,0,1,0,4.90824E+20,5.58479E+21,8.87085E+15,5.0415E+16
38518,6,5,32,6,2018,11,15,1,3,8,1,0,0,1,0,0,0,0,0,4.51045E+20,5.62196E+21,8.30609E+15,5.07474E+16
38519,6,4,40,6,2018,11,8,2,3,8,7,0,0,1,0,0,0,0,0,4.92213E+20,5.57892E+21,8.89052E+15,5.03623E+16
38520,6,4,32,16,2018,11,20,3,3,5,3,2,0,1,0,0,0,0,0,4.79607E+20,5.51943E+21,8.71646E+15,4.9827E+16
38521,6,4,35,14,2018,12,7,2,3,6,4,1,0,1,1,0,0,0,1,4.93685E+20,5.55149E+21,8.91167E+15,5.01156E+16
38522,6,5,31,12,2018,11,16,6,3,9,1,2,0,1,0,0,0,0,0,4.74993E+20,5.59852E+21,8.64712E+15,5.05381E+16
38523,6,4,14,0,2018,11,16,4,3,2,6,1,0,1,0,0,0,0,0,4.46478E+20,5.54591E+21,8.2522E+15,5.00631E+16
38524,6,4,32,19,2018,12,15,2,3,5,2,0,0,1,0,0,0,0,1,4.88062E+20,5.51962E+21,8.83401E+15,4.98289E+16
38525,6,6,34,9,2018,11,5,3,3,8,6,2,0,1,0,0,0,0,1,5.30236E+20,5.65376E+21,9.43123E+15,5.10346E+16
38526,6,4,40,1,2018,12,0,4,3,8,1,2,0,1,0,0,0,0,0,4.95901E+20,5.57035E+21,8.94246E+15,5.02852E+16
38527,6,6,32,15,2018,11,19,6,3,2,6,2,0,1,0,0,0,0,0,5.39073E+20,5.62979E+21,9.55468E+15,5.08185E+16
38528,6,6,35,7,2018,11,21,7,2,9,1,2,0,1,0,0,0,0,1,4.85162E+20,5.68897E+21,8.78692E+15,5.13518E+16
38529,6,4,12,0,2018,11,11,4,3,0,1,0,1,0,0,0,0,0,1,4.76777E+20,5.55768E+21,8.67481E+15,5.01708E+16
38530,6,5,31,5,2018,12,18,1,3,3,6,2,0,1,0,0,0,0,1,4.71516E+20,5.59745E+21,8.59813E+15,5.05283E+16
38531,6,5,32,16,2018,12,7,6,3,5,3,0,0,1,0,0,0,0,1,4.54244E+20,5.59927E+21,8.35423E+15,5.05436E+16
38532,6,4,11,0,2018,11,17,4,3,2,6,1,0,1,0,0,0,0,0,4.77698E+20,5.52386E+21,8.68967E+15,4.98667E+16
38533,6,4,13,0,2018,12,11,1,3,6,4,0,0,1,1,0,0,0,1,4.85443E+20,5.54918E+21,8.79649E+15,5.00947E+16
38534,6,6,32,12,2018,11,11,2,3,5,2,0,0,1,0,0,0,0,1,5.52664E+20,5.63957E+21,9.749E+15,5.09053E+16
38535,6,4,13,0,2018,11,15,5,2,2,6,0,0,1,0,0,0,0,0,4.81322E+20,5.55037E+21,8.73881E+15,5.01053E+16
38536,6,4,32,10,2018,12,18,3,3,2,6,2,0,1,0,0,0,0,1,4.92259E+20,5.52562E+21,8.89225E+15,4.9883E+16
38537,6,4,12,0,2018,11,13,7,3,3,6,0,0,1,0,0,1,0,1,4.63036E+20,5.54919E+21,8.48322E+15,5.00938E+16
38538,6,6,34,2,2018,11,17,4,3,5,3,2,0,1,0,0,0,0,0,5.2949E+20,5.67515E+21,9.42233E+15,5.1227E+16
38539,6,5,34,16,2018,12,14,7,2,8,1,0,0,1,0,0,0,0,1,5.09847E+20,5.63317E+21,9.13987E+15,5.08501E+16
38540,6,6,31,3,2018,12,6,3,3,5,3,2,0,1,0,0,0,0,0,5.58513E+20,5.59724E+21,9.82547E+15,5.05242E+16
38541,6,6,31,14,2018,12,12,4,3,6,4,0,0,1,1,0,0,1,1,5.3363E+20,5.59928E+21,9.47464E+15,5.05445E+16
38542,6,6,11,0,2018,12,21,5,2,0,3,2,1,1,0,0,0,0,1,5.31607E+20,5.68485E+21,9.45351E+15,5.1314E+16
38543,6,4,12,0,2018,12,8,7,3,1,1,0,0,1,0,0,0,0,1,4.75941E+20,5.55544E+21,8.66324E+15,5.01507E+16
38544,6,5,34,10,2018,11,12,2,3,9,1,0,0,1,0,0,0,0,1,4.69499E+20,5.62675E+21,8.56725E+15,5.07917E+16
38545,6,4,38,13,2018,11,23,7,3,0,7,2,0,1,0,0,0,0,0,4.95153E+20,5.54343E+21,8.93231E+15,5.00431E+16
38546,6,4,12,0,2018,11,16,4,3,5,3,1,0,1,0,0,0,0,1,4.64709E+20,5.54729E+21,8.50679E+15,5.00768E+16
38547,6,4,38,9,2018,12,8,2,3,0,1,0,0,0,0,1,0,0,1,4.78043E+20,5.54402E+21,8.69331E+15,5.00481E+16
38548,6,5,34,14,2018,11,14,6,3,4,6,0,0,1,0,0,0,0,1,4.82892E+20,5.62896E+21,8.75717E+15,5.08121E+16
38549,6,6,35,11,2018,11,18,4,3,5,3,2,0,1,0,0,0,0,1,4.84228E+20,5.65645E+21,8.77494E+15,5.10594E+16
38550,6,4,12,0,2018,12,16,2,3,3,2,2,1,1,0,0,0,0,1,4.75126E+20,5.55048E+21,8.65216E+15,5.01061E+16
38551,6,4,37,9,2018,12,18,3,3,8,6,2,0,1,0,0,0,0,0,4.94801E+20,5.51422E+21,8.92778E+15,4.97804E+16
38552,6,4,14,0,2018,11,16,4,3,3,6,1,0,1,0,0,0,0,0,4.43629E+20,5.55333E+21,8.2113E+15,5.01296E+16
38553,6,4,12,0,2018,12,8,5,2,8,1,0,0,1,0,0,0,0,1,4.70239E+20,5.54477E+21,8.58426E+15,5.00545E+16
38554,6,5,33,17,2018,11,13,6,2,8,1,0,0,1,0,0,0,0,1,4.4914E+20,5.59429E+21,8.28289E+15,5.04983E+16
38555,6,5,31,12,2018,11,18,1,3,2,6,2,0,1,0,0,0,0,0,4.74036E+20,5.59703E+21,8.63371E+15,5.05247E+16
38556,6,4,12,0,2018,11,1,2,3,8,1,2,0,1,0,0,0,0,0,4.72627E+20,5.54867E+21,8.61734E+15,5.00897E+16
38557,6,6,34,16,2018,11,21,3,3,9,1,2,0,1,0,0,0,0,0,5.14393E+20,5.65062E+21,9.20515E+15,5.10069E+16
38558,6,4,39,15,2018,11,7,4,3,6,4,0,0,1,1,0,0,0,0,4.39956E+20,5.55482E+21,8.15969E+15,5.01426E+16
38559,6,4,11,0,2018,12,5,2,3,8,1,2,0,1,0,0,0,0,1,4.72045E+20,5.52393E+21,8.61101E+15,4.98671E+16
38560,6,4,35,19,2018,12,14,6,3,5,3,0,0,1,0,0,0,0,1,4.88806E+20,5.55544E+21,8.84331E+15,5.01511E+16
38561,6,4,14,0,2018,11,20,5,3,5,3,2,0,1,0,0,0,0,0,4.45405E+20,5.54753E+21,8.23698E+15,5.00775E+16
38562,6,4,35,4,2018,11,7,4,3,8,1,1,0,1,0,0,0,0,1,5.21399E+20,5.58207E+21,9.30103E+15,5.03903E+16
38563,6,4,35,12,2018,12,9,2,3,9,1,0,0,1,0,0,1,0,1,5.0742E+20,5.56007E+21,9.10395E+15,5.01928E+16
38564,6,6,32,20,2018,11,19,3,3,9,1,2,0,1,0,0,0,0,2,5.66256E+20,5.64292E+21,9.9429E+15,5.09341E+16
38565,6,4,12,0,2018,12,9,4,3,2,6,0,0,1,0,0,0,0,0,4.83152E+20,5.55648E+21,8.76413E+15,5.01603E+16
38566,6,6,11,0,2018,11,16,5,3,2,6,2,0,1,0,0,0,0,0,5.3756E+20,5.6846E+21,9.53889E+15,5.13115E+16
38567,6,4,12,0,2018,11,16,7,3,8,1,2,0,1,0,0,0,0,1,4.75143E+20,5.56051E+21,8.65174E+15,5.01962E+16
38568,6,6,34,22,2018,12,0,3,3,9,1,2,0,1,0,0,0,0,1,5.09037E+20,5.63554E+21,9.12843E+15,5.08715E+16
38569,6,4,39,12,2018,11,14,4,3,2,6,0,0,1,0,0,0,0,0,4.31242E+20,5.53997E+21,8.04043E+15,5.00081E+16
38570,6,6,33,26,2018,12,17,7,2,5,3,2,0,1,0,0,0,0,1,5.33108E+20,5.68997E+21,9.47551E+15,5.13601E+16
38571,6,4,12,0,2018,12,6,6,3,3,6,1,0,1,0,0,1,0,1,4.81011E+20,5.55121E+21,8.73442E+15,5.01128E+16
38572,6,4,11,0,2018,12,21,1,1,4,6,2,0,1,0,0,0,0,1,4.74802E+20,5.51672E+21,8.64984E+15,4.98024E+16
38573,6,4,12,0,2018,11,16,2,3,2,6,2,0,1,0,0,0,0,0,4.74221E+20,5.5501E+21,8.63952E+15,5.01026E+16
38574,6,6,33,15,2018,11,17,4,3,9,1,2,0,1,0,0,0,0,0,5.45038E+20,5.68073E+21,9.64569E+15,5.12761E+16
38575,6,4,38,9,2018,12,12,3,3,2,6,0,0,1,0,0,0,0,0,4.80312E+20,5.54527E+21,8.72495E+15,5.00594E+16
38576,6,4,12,0,2018,11,7,6,2,8,1,2,0,1,0,0,0,0,0,4.78336E+20,5.55083E+21,8.69703E+15,5.01093E+16
38577,6,4,35,19,2018,11,17,4,3,5,3,2,0,1,0,0,0,0,0,4.86288E+20,5.5552E+21,8.80808E+15,5.01489E+16
38578,6,5,31,13,2018,12,17,6,2,5,3,2,0,0,0,1,0,1,1,4.79692E+20,5.61151E+21,8.71271E+15,5.06551E+16
38579,6,4,33,5,2018,12,15,3,2,2,6,0,0,1,0,0,0,0,0,4.52133E+20,5.53692E+21,8.33233E+15,4.99827E+16
38580,6,4,34,1,2018,12,15,4,3,9,1,0,0,1,0,0,0,0,0,4.75962E+20,5.56471E+21,8.66295E+15,5.0234E+16
38581,6,4,40,18,2018,12,18,5,3,5,3,2,0,1,0,0,0,0,1,4.74027E+20,5.57918E+21,8.63482E+15,5.03641E+16
38582,6,4,35,19,2018,11,15,4,3,2,6,0,0,1,0,0,0,0,0,4.86041E+20,5.55411E+21,8.80465E+15,5.0139E+16
38583,6,5,31,17,2018,12,14,7,3,8,1,0,0,1,0,0,0,0,1,4.82826E+20,5.61264E+21,8.75699E+15,5.06654E+16
38584,6,4,35,17,2018,12,5,6,3,0,7,2,0,1,0,0,1,0,1,5.00541E+20,5.55545E+21,9.00758E+15,5.01512E+16
38585,6,6,33,13,2018,12,5,1,3,1,1,2,0,1,0,0,0,0,1,5.29836E+20,5.70419E+21,9.42973E+15,5.1488E+16
38586,6,4,14,0,2018,11,7,2,3,1,7,0,0,1,0,0,0,0,0,4.45598E+20,5.54325E+21,8.24028E+15,5.00391E+16
38587,6,6,35,19,2018,11,16,4,3,4,6,0,0,1,0,0,1,0,0,4.9269E+20,5.6729E+21,8.89536E+15,5.12074E+16
38588,6,5,34,18,2018,12,20,3,3,7,7,2,0,1,0,0,0,0,1,4.96896E+20,5.62462E+21,8.95597E+15,5.07733E+16
38589,6,4,35,6,2018,11,9,6,3,2,6,0,0,1,0,0,0,0,0,4.93153E+20,5.56129E+21,8.90405E+15,5.02038E+16
38590,6,5,33,15,2018,11,13,4,3,8,1,0,0,1,0,0,0,0,0,4.45132E+20,5.58068E+21,8.22837E+15,5.03756E+16
38591,6,4,38,5,2018,12,1,7,3,2,6,2,0,1,0,0,0,0,0,4.87355E+20,5.54616E+21,8.82331E+15,5.00676E+16
38592,6,6,34,13,2018,12,20,3,3,3,6,2,0,1,0,0,1,0,0,5.34171E+20,5.65853E+21,9.48779E+15,5.10773E+16
38593,6,5,31,5,2018,12,14,4,2,5,2,0,1,1,0,0,0,0,0,4.76311E+20,5.60298E+21,8.66542E+15,5.05782E+16
38594,6,4,38,9,2018,12,17,5,2,2,6,2,0,1,0,0,0,0,1,4.75779E+20,5.54422E+21,8.66169E+15,5.00498E+16
38595,6,6,35,19,2018,12,7,7,2,8,1,2,0,0,0,1,0,0,1,4.91315E+20,5.6642E+21,8.87588E+15,5.11292E+16
38596,6,6,31,15,2018,11,22,2,3,5,3,2,0,1,0,0,0,0,0,5.53309E+20,5.61544E+21,9.75468E+15,5.06883E+16
38597,6,4,12,0,2018,11,15,7,3,2,6,0,0,1,0,0,0,0,0,4.66832E+20,5.55169E+21,8.53607E+15,5.01165E+16
38598,6,6,32,2,2018,11,10,3,3,0,7,0,0,0,0,0,0,1,0,5.50873E+20,5.63485E+21,9.72289E+15,5.08631E+16
38599,6,4,40,5,2018,12,17,2,3,4,6,2,0,1,0,0,0,1,1,4.74701E+20,5.58981E+21,8.64358E+15,5.04598E+16
38600,6,4,35,14,2018,11,7,6,3,6,4,2,0,1,1,0,0,0,1,4.92091E+20,5.5583E+21,8.88924E+15,5.01768E+16
38601,6,5,33,1,2018,11,4,4,2,2,6,2,0,1,0,0,1,0,0,4.37018E+20,5.58917E+21,8.11284E+15,5.04511E+16
38602,6,6,32,5,2018,12,10,2,2,5,3,0,0,1,0,0,0,1,1,5.60552E+20,5.65507E+21,9.86375E+15,5.10439E+16
38603,6,6,33,3,2018,11,22,4,2,9,1,2,0,0,0,0,0,1,0,5.28578E+20,5.67571E+21,9.40932E+15,5.12321E+16
38604,6,5,31,16,2018,12,14,5,2,2,6,0,0,1,0,0,0,0,0,4.8676E+20,5.60469E+21,8.81295E+15,5.0594E+16
38605,6,4,32,17,2018,11,18,6,1,4,6,2,0,1,0,0,0,0,1,4.9178E+20,5.51689E+21,8.88577E+15,4.98044E+16
38606,6,5,35,7,2018,11,8,7,3,8,1,0,0,1,0,0,0,0,2,5.19271E+20,5.59045E+21,9.27152E+15,5.04658E+16
38607,6,4,14,0,2018,11,19,1,3,2,6,2,0,1,0,0,0,0,0,4.49223E+20,5.54175E+21,8.2911E+15,5.00258E+16
38608,6,4,33,2,2018,11,19,3,2,2,6,2,0,1,0,0,0,0,0,4.52661E+20,5.53765E+21,8.3396E+15,4.99893E+16
38609,6,4,35,3,2018,11,15,4,2,4,6,0,0,1,0,0,0,0,0,5.1912E+20,5.56391E+21,9.26805E+15,5.02271E+16
38610,6,6,11,0,2018,12,17,1,3,2,6,2,0,1,0,0,0,0,1,5.32679E+20,5.68424E+21,9.46883E+15,5.13086E+16
38611,6,4,35,12,2018,12,14,6,3,5,2,0,0,1,0,0,0,0,1,5.10313E+20,5.56125E+21,9.14451E+15,5.02034E+16
38612,6,6,36,10,2018,11,6,5,3,2,6,2,0,1,0,0,0,0,1,5.76315E+20,5.66107E+21,1.00898E+16,5.10961E+16
38613,6,4,37,9,2018,11,9,4,3,5,2,0,0,1,0,0,0,0,0,4.95618E+20,5.51369E+21,8.93914E+15,4.97756E+16
38614,6,4,13,0,2018,12,11,2,3,9,1,0,0,1,0,0,1,0,1,4.80394E+20,5.54577E+21,8.72607E+15,5.00639E+16
38615,6,5,32,9,2018,11,15,3,3,4,1,0,0,1,0,0,0,0,2,4.56813E+20,5.62833E+21,8.3871E+15,5.08051E+16
38616,6,5,31,12,2018,12,9,4,2,9,1,0,0,1,0,0,0,0,1,4.7436E+20,5.59706E+21,8.63828E+15,5.0525E+16
38617,6,4,37,13,2018,11,15,5,3,8,1,0,0,0,0,1,0,0,0,4.92005E+20,5.50761E+21,8.88909E+15,4.97209E+16
38618,6,6,35,13,2018,11,1,7,2,8,1,2,0,1,0,0,0,0,1,4.97769E+20,5.65732E+21,8.96816E+15,5.10674E+16
38619,6,4,39,13,2018,12,17,3,2,5,3,2,0,1,0,1,0,0,0,4.24079E+20,5.53713E+21,7.94104E+15,4.99817E+16
38620,6,4,40,21,2018,11,3,4,2,9,1,2,0,1,0,0,0,0,1,4.88692E+20,5.57619E+21,8.8411E+15,5.03377E+16
38621,6,4,12,0,2018,12,2,7,3,6,4,2,0,0,1,0,0,1,1,4.77879E+20,5.55012E+21,8.69068E+15,5.0103E+16
38622,6,4,40,8,2018,12,23,6,2,2,1,2,0,1,0,0,1,0,1,4.78043E+20,5.57395E+21,8.6916E+15,5.03172E+16
38623,6,6,31,9,2018,12,17,1,3,5,3,2,0,1,0,1,0,0,1,5.47775E+20,5.60265E+21,9.67469E+15,5.05738E+16
38624,6,6,36,16,2018,11,16,2,2,4,1,1,0,1,0,0,0,0,2,5.58758E+20,5.68111E+21,9.84243E+15,5.12783E+16
38625,6,4,38,6,2018,11,15,4,2,4,6,0,0,1,0,0,0,0,0,4.73013E+20,5.5374E+21,8.62353E+15,4.99883E+16
38626,6,4,14,0,2018,12,15,2,3,5,3,0,0,1,0,1,0,0,1,4.45875E+20,5.54758E+21,8.24354E+15,5.0078E+16
38627,6,6,11,0,2018,11,16,6,3,3,6,0,0,1,0,0,0,1,0,5.32105E+20,5.68629E+21,9.46078E+15,5.1327E+16
38628,6,4,31,10,2018,11,18,4,3,5,3,2,0,1,0,0,0,0,0,4.63373E+20,5.50712E+21,8.49192E+15,4.97154E+16
38629,6,4,14,0,2018,12,15,6,3,5,3,0,0,1,0,0,0,0,0,4.4987E+20,5.53971E+21,8.30041E+15,5.00076E+16
38630,6,5,31,12,2018,12,9,3,3,2,6,0,0,1,0,0,0,0,0,4.73006E+20,5.59727E+21,8.61916E+15,5.05268E+16
38631,6,6,34,4,2018,12,7,3,3,5,3,1,0,1,0,0,0,0,1,5.24238E+20,5.6488E+21,9.34534E+15,5.09902E+16
38632,6,4,31,2,2018,12,15,5,3,2,6,0,0,1,0,0,0,0,0,4.71997E+20,5.50268E+21,8.61187E+15,4.9676E+16
38633,6,6,31,23,2018,12,11,7,3,5,3,0,0,1,0,0,0,0,1,5.739E+20,5.61302E+21,1.00456E+16,5.06643E+16
38634,6,6,35,11,2018,11,9,1,3,8,1,0,0,1,0,0,0,0,0,4.89214E+20,5.65806E+21,8.84604E+15,5.1074E+16
38635,6,4,14,0,2018,11,17,7,3,2,6,2,0,1,0,0,0,0,0,4.46315E+20,5.54469E+21,8.25009E+15,5.0052E+16
38636,6,4,12,0,2018,11,17,2,3,6,7,2,0,1,1,0,0,0,0,4.73366E+20,5.54998E+21,8.62758E+15,5.01015E+16
38637,6,4,39,3,2018,11,17,3,3,5,3,2,0,1,0,0,0,0,0,4.36129E+20,5.54223E+21,8.10825E+15,5.0029E+16
38638,6,4,33,12,2018,12,9,2,3,5,2,0,0,1,0,0,0,0,1,4.59833E+20,5.5358E+21,8.43985E+15,4.99732E+16
38639,6,4,12,0,2018,11,13,6,3,2,6,0,0,1,0,0,0,0,0,4.81416E+20,5.54899E+21,8.74019E+15,5.00929E+16
38640,6,4,33,12,2018,11,12,4,3,2,6,0,0,1,0,0,0,0,0,4.59602E+20,5.53631E+21,8.43656E+15,4.99777E+16
38641,6,4,35,2,2018,12,6,2,3,1,7,2,0,1,0,0,0,0,1,5.34207E+20,5.56533E+21,9.47969E+15,5.02392E+16
38642,6,6,31,6,2018,11,17,4,3,5,3,2,0,1,0,0,0,0,1,5.49051E+20,5.59222E+21,9.69134E+15,5.04799E+16
38643,6,4,37,1,2018,12,8,4,3,2,6,0,0,1,0,0,0,0,0,5.00257E+20,5.51026E+21,9.00357E+15,4.97448E+16
38644,6,5,31,8,2018,11,18,6,3,5,2,2,0,1,0,0,0,0,1,4.95243E+20,5.59493E+21,8.93292E+15,5.05063E+16
38645,6,4,32,20,2018,11,1,1,3,9,1,2,0,1,0,0,0,0,1,4.834E+20,5.52343E+21,8.76904E+15,4.9863E+16
38646,6,4,35,14,2018,11,10,4,3,5,2,0,0,1,0,0,0,0,0,4.93559E+20,5.55348E+21,8.90988E+15,5.01335E+16
38647,6,4,40,20,2018,12,8,1,2,8,1,0,0,1,0,0,0,0,1,5.01793E+20,5.57951E+21,9.02521E+15,5.03677E+16
38648,6,4,31,17,2018,12,0,7,3,1,7,2,0,1,0,0,0,0,1,4.8041E+20,5.4932E+21,8.72895E+15,4.9591E+16
38649,6,5,32,8,2018,11,22,2,3,2,6,2,0,0,0,0,1,0,0,4.54846E+20,5.60796E+21,8.36168E+15,5.06217E+16
38650,6,5,33,9,2018,11,0,7,3,9,1,2,0,1,0,0,0,0,0,4.33901E+20,5.58364E+21,8.06993E+15,5.04011E+16
38651,6,4,14,0,2018,11,12,3,3,0,6,0,0,0,0,0,1,1,0,4.47047E+20,5.54267E+21,8.26059E+15,5.0034E+16
38652,6,4,32,10,2018,12,10,2,3,9,1,0,0,1,0,0,0,0,1,4.98044E+20,5.52542E+21,8.97277E+15,4.98812E+16
38653,6,4,35,17,2018,11,13,6,3,2,6,0,0,1,0,0,0,0,0,5.00535E+20,5.55546E+21,9.00748E+15,5.01514E+16
38654,6,5,32,21,2018,11,7,4,3,1,6,0,0,1,0,0,1,0,0,4.58526E+20,5.60022E+21,8.41456E+15,5.05524E+16
38655,6,4,38,3,2018,12,18,2,3,2,6,2,0,1,0,0,0,0,1,4.76594E+20,5.53387E+21,8.6737E+15,4.99567E+16
38656,6,5,32,12,2018,11,13,4,2,9,1,0,0,1,0,0,0,0,1,4.47502E+20,5.6145E+21,8.25693E+15,5.068E+16
38657,6,4,36,3,2018,12,15,4,3,2,6,0,0,1,0,0,0,0,0,4.70198E+20,5.55386E+21,8.58298E+15,5.01362E+16
38658,6,4,33,12,2018,11,22,6,3,5,2,2,1,1,0,0,0,0,1,4.58198E+20,5.53735E+21,8.41688E+15,4.9987E+16
38659,6,4,36,1,2018,11,6,7,2,1,5,2,0,1,0,0,0,0,0,4.63956E+20,5.55548E+21,8.49549E+15,5.01504E+16
38660,6,4,38,8,2018,11,2,1,3,8,1,2,0,1,0,0,0,0,1,4.87712E+20,5.55239E+21,8.82809E+15,5.01237E+16
38661,6,6,32,15,2018,11,6,2,3,9,6,2,0,1,0,0,0,1,1,5.41273E+20,5.62511E+21,9.58539E+15,5.07763E+16
38662,6,4,35,14,2018,11,10,4,3,1,5,0,0,1,0,0,0,0,0,4.9489E+20,5.54946E+21,8.92856E+15,5.00974E+16
38663,6,6,34,26,2018,12,16,1,3,8,1,2,0,1,0,0,0,0,1,5.1334E+20,5.63544E+21,9.18959E+15,5.08705E+16
38664,6,4,38,1,2018,12,17,6,3,2,6,2,0,1,0,0,0,0,1,4.8341E+20,5.54175E+21,8.76838E+15,5.00278E+16