OBJECTID_1,ULAND,UREGBEZ,UKREIS,UGEMEINDE,UJAHR,UMONAT,USTUNDE,UWOCHENTAG,UKATEGORIE,UART,UTYP1,ULICHTVERH,IstRad,IstPKW,IstFuss,IstKrad,IstGkfz,IstSonstig,STRZUSTAND,LINREFX,LINREFY,XGCSWGS84,YGCSWGS84
38665,6,4,35,11,2018,11,17,4,2,5,3,1,1,1,0,0,0,0,1,4.9863E+20,5.5478E+21,8.98085E+15,5.00824E+16
38666,6,4,14,0,2018,12,3,2,3,9,1,2,0,1,0,0,0,0,1,4.45917E+20,5.54472E+21,8.24453E+15,5.00523E+16
38667,6,5,34,13,2018,11,5,3,3,4,6,2,0,1,0,0,0,0,0,4.74707E+20,5.62306E+21,8.6414E+15,5.07588E+16
38668,6,4,40,23,2018,11,18,5,3,2,6,1,0,1,0,0,0,1,1,4.7586E+20,5.57012E+21,8.66118E+15,5.02827E+16
38669,6,4,34,6,2018,11,19,7,3,2,6,2,0,1,0,0,0,0,1,4.66028E+20,5.55803E+21,8.52426E+15,5.01735E+16
38670,6,4,35,3,2018,12,13,3,3,1,2,0,0,1,0,0,1,1,0,5.19464E+20,5.56226E+21,9.27279E+15,5.02122E+16
38671,6,4,12,0,2018,11,18,4,3,2,6,2,0,1,0,0,0,0,0,4.68124E+20,5.55242E+21,8.55408E+15,5.01231E+16
38672,6,4,34,1,2018,12,10,7,3,5,2,0,0,1,0,0,0,0,1,4.759E+20,5.56271E+21,8.66221E+15,5.02161E+16
38673,6,5,33,2,2018,12,23,5,3,9,1,2,0,1,0,0,0,0,1,4.39848E+20,5.57818E+21,8.15447E+15,5.03526E+16
38674,6,4,13,0,2018,12,4,1,3,9,1,2,0,1,0,0,0,0,1,4.81336E+20,5.55013E+21,8.73901E+15,5.01032E+16
38675,6,6,32,3,2018,11,7,2,3,2,6,2,0,1,0,0,0,0,1,5.55033E+20,5.64783E+21,9.78394E+15,5.09795E+16
38676,6,4,14,0,2018,11,18,7,3,2,6,2,0,1,0,0,0,0,0,4.48074E+20,5.54466E+21,8.27468E+15,5.0052E+16
38677,6,4,37,4,2018,11,6,4,3,8,7,2,0,1,0,0,0,0,0,5.02579E+20,5.52057E+21,9.03587E+15,4.98376E+16
38678,6,4,12,0,2018,12,10,2,3,5,3,0,0,1,0,0,0,1,1,4.78308E+20,5.55376E+21,8.69647E+15,5.01357E+16
38679,6,5,33,18,2018,11,15,6,3,1,2,0,0,1,0,0,0,1,1,4.53607E+20,5.58454E+21,8.34707E+15,5.0411E+16
38680,6,4,36,4,2018,11,7,4,3,2,6,1,0,1,0,0,0,0,1,4.60119E+20,5.54489E+21,8.44288E+15,5.0055E+16
38681,6,4,37,6,2018,12,7,6,3,8,1,0,0,1,0,0,0,0,1,5.0351E+20,5.50182E+21,9.04864E+15,4.96689E+16
38682,6,5,35,11,2018,12,6,2,2,6,2,2,0,1,1,0,0,0,1,5.28814E+20,5.61019E+21,9.40752E+15,5.06429E+16
38683,6,4,12,0,2018,12,15,3,3,2,6,0,0,1,0,0,0,0,0,4.6622E+20,5.5496E+21,8.52769E+15,5.00977E+16
38684,6,5,34,7,2018,11,17,5,3,6,4,2,0,1,1,0,0,0,0,4.68127E+20,5.6342E+21,8.54715E+15,5.08586E+16
38685,6,4,33,3,2018,12,17,5,3,5,3,2,1,1,0,0,0,0,1,4.65541E+20,5.52752E+21,8.52018E+15,4.9899E+16
38686,6,4,14,0,2018,11,10,6,3,2,6,0,0,1,0,0,0,0,1,4.44708E+20,5.54676E+21,8.22735E+15,5.00706E+16
38687,6,4,14,0,2018,12,2,7,3,2,6,2,0,1,0,0,0,0,1,4.53014E+20,5.55151E+21,8.34283E+15,5.01139E+16
38688,6,5,33,17,2018,11,14,1,2,8,1,0,0,0,0,1,0,0,1,4.48063E+20,5.59137E+21,8.2681E+15,5.0472E+16
38689,6,5,33,3,2018,11,18,7,3,2,6,2,0,1,0,0,0,1,0,4.46209E+20,5.56933E+21,8.24513E+15,5.02737E+16
38690,6,4,35,2,2018,11,9,2,1,8,1,0,0,1,0,0,0,0,1,5.32581E+20,5.56566E+21,9.45692E+15,5.02422E+16
38691,6,4,35,18,2018,11,7,3,3,5,2,0,0,1,0,0,0,0,0,5.13899E+20,5.55952E+21,9.1947E+15,5.01877E+16
38692,6,4,35,14,2018,12,14,2,2,2,6,0,0,1,0,0,0,0,1,4.9322E+20,5.55869E+21,8.90505E+15,5.01804E+16
38693,6,5,33,10,2018,11,21,7,3,2,6,2,0,1,0,0,0,0,0,4.46362E+20,5.59545E+21,8.24355E+15,5.05086E+16
38694,6,4,11,0,2018,11,18,6,3,2,6,2,0,1,0,0,0,0,0,4.71369E+20,5.52456E+21,8.60155E+15,4.98728E+16
38695,6,5,33,3,2018,11,18,4,3,3,6,2,0,1,0,0,0,0,1,4.45851E+20,5.5714E+21,8.23982E+15,5.02922E+16
38696,6,4,32,2,2018,12,11,2,2,9,1,0,0,1,0,0,0,0,1,4.97487E+20,5.53663E+21,8.96495E+15,4.9982E+16
38697,6,4,12,0,2018,11,6,4,3,2,6,2,0,1,0,0,0,0,0,4.71622E+20,5.55138E+21,8.60309E+15,5.0114E+16
38698,6,4,38,10,2018,12,17,4,3,0,7,2,0,1,0,0,0,0,0,4.88209E+20,5.54586E+21,8.83526E+15,5.00649E+16
38699,6,5,35,1,2018,11,17,6,3,2,6,1,0,1,0,0,0,1,0,5.19173E+20,5.62109E+21,9.27173E+15,5.07413E+16
38700,6,4,14,0,2018,11,4,1,3,8,1,2,0,1,0,0,0,0,1,4.43941E+20,5.54475E+21,8.21693E+15,5.00524E+16
38701,6,4,14,0,2018,11,8,4,3,2,6,0,0,1,0,0,0,0,0,4.54005E+20,5.54503E+21,8.35747E+15,5.00558E+16
38702,6,5,31,14,2018,12,17,1,2,6,4,2,0,1,1,0,0,0,1,4.80063E+20,5.59815E+21,8.71868E+15,5.0535E+16
38703,6,6,31,9,2018,12,16,6,2,6,4,1,0,1,1,0,0,0,1,5.48135E+20,5.59992E+21,9.67942E+15,5.05492E+16
38704,6,4,35,6,2018,11,18,3,3,5,3,2,0,1,0,0,0,0,1,4.93727E+20,5.55841E+21,8.91215E+15,5.01778E+16
38705,6,6,11,0,2018,12,17,1,2,2,6,2,0,1,0,0,0,0,1,5.34416E+20,5.68448E+21,9.49377E+15,5.13106E+16
38706,6,4,12,0,2018,11,7,3,3,2,6,1,0,1,0,0,0,0,0,4.81441E+20,5.54968E+21,8.74051E+15,5.00991E+16
38707,6,4,35,19,2018,11,17,5,2,2,6,2,0,1,0,0,0,0,0,4.86869E+20,5.55491E+21,8.81622E+15,5.01462E+16
38708,6,4,35,10,2018,11,0,7,3,8,1,2,0,1,0,0,0,0,0,5.12643E+20,5.55999E+21,9.17711E+15,5.0192E+16
38709,6,6,35,15,2018,11,14,3,3,3,1,0,1,1,0,0,0,0,1,4.90052E+20,5.68055E+21,8.85738E+15,5.12762E+16
38710,6,4,33,2,2018,12,3,7,2,6,7,2,0,0,0,0,0,1,1,4.54317E+20,5.53792E+21,8.36268E+15,4.99918E+16
38711,6,4,31,21,2018,12,7,4,3,2,6,2,0,1,0,0,0,0,1,4.8644E+20,5.49006E+21,8.81249E+15,4.9563E+16
38712,6,6,36,4,2018,12,17,5,3,8,1,2,0,1,1,0,0,0,1,5.53642E+20,5.6759E+21,9.76831E+15,5.1232E+16
38713,6,4,14,0,2018,12,11,7,3,2,6,0,0,1,0,0,0,0,1,4.45807E+20,5.54542E+21,8.2429E+15,5.00586E+16
38714,6,4,40,4,2018,11,15,2,3,5,3,0,0,1,0,0,0,0,1,5.07086E+20,5.57026E+21,9.09947E+15,5.02845E+16
38715,6,4,14,0,2018,11,14,7,3,3,6,0,0,1,0,0,0,0,0,4.48643E+20,5.54454E+21,8.28264E+15,5.0051E+16
38716,6,4,31,13,2018,12,14,6,3,5,3,0,1,1,0,0,0,0,1,4.63339E+20,5.4939E+21,8.49268E+15,4.95966E+16
38717,6,6,32,8,2018,11,11,3,3,8,1,0,0,1,0,0,0,0,1,5.49696E+20,5.6243E+21,9.70472E+15,5.07683E+16
38718,6,5,31,6,2018,12,8,2,2,2,6,0,0,1,0,0,0,1,1,4.93589E+20,5.60843E+21,8.90935E+15,5.06277E+16
38719,6,5,31,6,2018,11,17,3,3,2,6,1,0,1,0,0,0,0,1,4.96874E+20,5.60264E+21,8.95585E+15,5.05757E+16
38720,6,5,34,20,2018,11,16,5,3,2,6,1,0,1,0,0,0,0,1,4.81763E+20,5.62255E+21,8.74146E+15,5.07544E+16
38721,6,4,32,16,2018,11,9,7,3,2,6,0,0,1,0,0,0,1,1,4.79934E+20,5.5195E+21,8.721E+15,4.98276E+16
38722,6,6,33,12,2018,11,19,3,3,5,3,2,0,1,0,0,0,0,0,5.46886E+20,5.67526E+21,9.67147E+15,5.12268E+16
38723,6,4,32,2,2018,12,20,7,3,5,3,2,0,1,0,1,0,0,1,4.96951E+20,5.53329E+21,8.9575E+15,4.99519E+16
38724,6,4,37,11,2018,12,16,5,3,8,1,2,0,0,0,0,0,1,1,5.08397E+20,5.51064E+21,9.11656E+15,4.97482E+16
38725,6,5,31,5,2018,12,15,7,3,2,6,0,0,1,0,0,0,0,1,4.78409E+20,5.60204E+21,8.69511E+15,5.05699E+16
38726,6,5,33,19,2018,11,17,2,3,5,3,2,0,1,0,0,0,0,1,4.50086E+20,5.5898E+21,8.29682E+15,5.04581E+16
38727,6,4,31,20,2018,11,21,7,3,3,6,2,0,1,0,0,0,0,0,4.68064E+20,5.4893E+21,8.55844E+15,4.95554E+16
38728,6,5,34,14,2018,11,7,4,2,5,3,2,0,1,0,0,0,0,0,4.86496E+20,5.62745E+21,8.80838E+15,5.07986E+16
38729,6,6,35,3,2018,12,17,2,3,8,1,2,0,1,0,0,0,0,2,5.04638E+20,5.66008E+21,9.06623E+15,5.10922E+16
38730,6,5,32,7,2018,11,12,6,3,2,6,0,0,1,0,0,0,0,1,4.38561E+20,5.61227E+21,8.13077E+15,5.0659E+16
38731,6,6,11,0,2018,11,10,3,3,2,6,0,0,1,0,0,1,0,1,5.35352E+20,5.68549E+21,9.5073E+15,5.13196E+16
38732,6,4,39,3,2018,12,20,6,2,0,1,2,1,0,0,0,0,0,0,4.35688E+20,5.54158E+21,8.10219E+15,5.00231E+16
38733,6,4,14,0,2018,12,9,2,3,5,2,0,0,1,0,0,0,0,1,4.48022E+20,5.54593E+21,8.27377E+15,5.00634E+16
38734,6,6,35,5,2018,12,11,3,3,4,1,0,0,1,0,0,0,0,1,4.76805E+20,5.66057E+21,8.66876E+15,5.10962E+16
38735,6,4,12,0,2018,11,8,5,3,9,1,0,0,0,0,1,0,0,0,4.70755E+20,5.5535E+21,8.5908E+15,5.01331E+16
38736,6,5,32,23,2018,12,18,5,3,2,6,2,0,1,0,0,0,0,1,4.6661E+20,5.59942E+21,8.52874E+15,5.05458E+16
38737,6,4,37,11,2018,11,17,6,3,8,1,2,0,1,0,0,0,0,1,4.96752E+20,5.50682E+21,8.95494E+15,4.97139E+16
38738,6,5,31,12,2018,12,16,7,3,2,6,1,0,1,0,0,0,0,0,4.75863E+20,5.59637E+21,8.65953E+15,5.05188E+16
38739,6,4,31,21,2018,11,11,1,2,4,6,0,1,1,0,0,0,0,0,4.89379E+20,5.48409E+21,8.85329E+15,4.95093E+16
38740,6,4,12,0,2018,11,15,6,3,3,6,0,0,1,0,0,0,0,0,4.68049E+20,5.54412E+21,8.55372E+15,5.00485E+16
38741,6,4,31,21,2018,11,18,2,3,9,1,2,0,1,0,0,0,0,1,4.88963E+20,5.48958E+21,8.84738E+15,4.95588E+16
38742,6,4,31,9,2018,11,5,3,3,4,6,2,0,1,0,0,0,0,1,4.89969E+20,5.49758E+21,8.86109E+15,4.96307E+16
38743,6,4,38,10,2018,12,5,2,3,2,6,2,0,1,0,0,0,0,1,4.92174E+20,5.54609E+21,8.89066E+15,5.0067E+16
38744,6,4,12,0,2018,11,10,5,3,3,6,0,0,1,0,0,0,0,0,4.70392E+20,5.54481E+21,8.5864E+15,5.00548E+16
38745,6,6,11,0,2018,11,12,3,3,2,6,0,0,1,0,0,0,0,1,5.34163E+20,5.68474E+21,9.49016E+15,5.1313E+16
38746,6,4,31,13,2018,12,7,2,3,2,6,0,0,1,0,0,0,0,1,4.5618E+20,5.49819E+21,8.39315E+15,4.96347E+16
38747,6,6,11,0,2018,11,14,3,3,2,6,0,0,1,0,0,0,1,1,5.34479E+20,5.68709E+21,9.49493E+15,5.1334E+16
38748,6,4,32,11,2018,12,9,4,3,9,1,0,0,1,0,0,0,0,0,4.87072E+20,5.52593E+21,8.82004E+15,4.98856E+16
38749,6,4,33,4,2018,11,17,6,3,2,6,2,0,1,0,0,0,0,1,4.67131E+20,5.51118E+21,8.54371E+15,4.97522E+16
38750,6,5,33,7,2018,11,3,7,3,8,1,2,0,1,0,0,0,0,1,4.31815E+20,5.58817E+21,8.03975E+15,5.04416E+16
38751,6,4,14,0,2018,11,17,3,3,0,7,0,1,0,0,0,0,0,0,4.49194E+20,5.53939E+21,8.29101E+15,5.00047E+16
38752,6,5,32,20,2018,12,0,1,3,9,1,2,0,1,0,0,0,0,1,4.52272E+20,5.60998E+21,8.32503E+15,5.06397E+16
38753,6,4,11,0,2018,11,14,7,3,2,6,0,0,1,0,0,0,0,0,4.75097E+20,5.52418E+21,8.65345E+15,4.98695E+16
38754,6,5,31,16,2018,12,7,6,1,8,1,2,0,1,0,0,0,0,1,4.9078E+20,5.60389E+21,8.86975E+15,5.05869E+16
38755,6,4,37,5,2018,12,14,1,3,8,1,0,0,1,0,0,0,0,1,4.95067E+20,5.50644E+21,8.93157E+15,4.97104E+16
38756,6,6,11,0,2018,11,11,2,2,2,6,0,0,1,0,0,0,0,1,5.33438E+20,5.68608E+21,9.47989E+15,5.1325E+16
38757,6,4,35,14,2018,11,8,4,3,2,6,0,0,1,0,0,0,0,0,4.96224E+20,5.55425E+21,8.94716E+15,5.01405E+16
38758,6,4,40,7,2018,12,12,3,3,5,2,0,0,1,0,0,0,0,0,4.95594E+20,5.57543E+21,8.93809E+15,5.0331E+16
38759,6,4,11,0,2018,11,18,7,2,2,6,2,0,1,0,0,0,0,1,4.71337E+20,5.52454E+21,8.6011E+15,4.98726E+16
38760,6,4,14,0,2018,11,5,3,2,4,1,2,0,1,0,0,0,0,1,4.48484E+20,5.54906E+21,8.2798E+15,5.00916E+16
38761,6,6,31,9,2018,12,19,7,3,6,4,2,0,1,1,0,0,0,1,5.47898E+20,5.60086E+21,9.6762E+15,5.05577E+16
38762,6,5,32,23,2018,12,12,3,3,2,6,0,0,1,0,0,1,0,0,4.64391E+20,5.60076E+21,8.49729E+15,5.05577E+16
38763,6,5,32,23,2018,12,14,4,3,1,5,0,0,0,0,0,0,1,0,4.64839E+20,5.59944E+21,8.50374E+15,5.05458E+16
38764,6,4,39,5,2018,12,19,5,2,9,1,2,0,1,0,0,0,0,1,4.24939E+20,5.55794E+21,7.94894E+15,5.01689E+16
38765,6,4,11,0,2018,12,9,7,3,5,3,0,0,1,0,0,0,0,1,4.74257E+20,5.5244E+21,8.64176E+15,4.98714E+16
38766,6,4,33,2,2018,11,21,2,3,5,3,2,0,1,0,0,0,0,0,4.53313E+20,5.53833E+21,8.34861E+15,4.99954E+16
38767,6,4,35,13,2018,11,13,6,2,5,2,0,0,1,0,0,0,0,0,4.99909E+20,5.56564E+21,8.99872E+15,5.02429E+16
38768,6,4,14,0,2018,11,20,4,3,2,6,2,0,1,0,1,0,0,1,4.49987E+20,5.54206E+21,8.30173E+15,5.00287E+16
38769,6,5,33,18,2018,12,21,2,2,5,3,2,0,1,0,0,0,0,1,4.55608E+20,5.58688E+21,8.37496E+15,5.04322E+16
38770,6,5,34,20,2018,11,15,6,3,4,1,0,0,1,0,0,0,0,1,4.77716E+20,5.62288E+21,8.68407E+15,5.07573E+16
38771,6,4,14,0,2018,11,17,3,3,3,3,2,0,1,0,0,0,1,0,4.4654E+20,5.54575E+21,8.25309E+15,5.00616E+16
38772,6,4,11,0,2018,12,11,2,3,6,4,0,0,1,1,0,0,0,1,4.74521E+20,5.52419E+21,8.64544E+15,4.98696E+16
38773,6,6,33,22,2018,11,7,4,3,5,2,0,0,1,0,0,0,0,1,5.40536E+20,5.70773E+21,9.58423E+15,5.15192E+16
38774,6,4,12,0,2018,12,17,5,3,2,6,1,0,1,0,0,0,0,0,4.71886E+20,5.54506E+21,8.60725E+15,5.00572E+16
38775,6,4,40,4,2018,11,15,6,1,5,3,0,0,1,0,0,0,0,1,5.07747E+20,5.56873E+21,9.1087E+15,5.02706E+16
38776,6,6,32,12,2018,11,16,7,3,0,1,0,0,0,0,1,0,0,0,5.54639E+20,5.64102E+21,9.77731E+15,5.09182E+16
38777,6,6,11,0,2018,11,19,6,2,2,6,2,0,1,0,1,0,0,0,5.3589E+20,5.68603E+21,9.51507E+15,5.13244E+16
38778,6,6,36,3,2018,11,11,1,3,5,3,0,0,1,0,0,0,0,0,5.69308E+20,5.67097E+21,9.99171E+15,5.11859E+16
38779,6,4,12,0,2018,11,21,3,3,8,1,2,0,0,0,1,0,0,1,4.74782E+20,5.54554E+21,8.64767E+15,5.00616E+16
38780,6,4,13,0,2018,11,7,3,3,2,6,0,0,1,0,0,0,0,1,4.8495E+20,5.55057E+21,8.78953E+15,5.01072E+16
38781,6,6,35,21,2018,12,16,1,3,8,1,2,0,1,0,0,0,0,1,5.05445E+20,5.6733E+21,9.07795E+15,5.1211E+16
38782,6,4,38,11,2018,12,16,6,3,5,2,2,0,1,0,0,0,0,0,4.92176E+20,5.54041E+21,8.8908E+15,5.0016E+16
38783,6,4,12,0,2018,11,17,5,3,5,2,2,0,1,0,0,0,0,0,4.70307E+20,5.55247E+21,8.58461E+15,5.01237E+16
38784,6,6,34,11,2018,11,9,4,3,9,7,0,0,0,0,0,1,0,0,5.33157E+20,5.64876E+21,9.47242E+15,5.09894E+16
38785,6,4,35,28,2018,12,15,2,2,5,2,0,0,1,0,0,0,0,1,5.30835E+20,5.57428E+21,9.43314E+15,5.03198E+16
38786,6,4,33,12,2018,11,7,6,3,5,3,0,0,1,0,0,0,0,0,4.57938E+20,5.5359E+21,8.41341E+15,4.9974E+16
38787,6,4,36,5,2018,11,7,3,3,2,6,2,0,1,0,0,0,0,1,4.63085E+20,5.54666E+21,8.48415E+15,5.0071E+16
38788,6,4,12,0,2018,12,23,2,3,5,3,2,0,1,0,0,1,0,1,4.80976E+20,5.55198E+21,8.73388E+15,5.01198E+16
38789,6,4,31,17,2018,12,17,3,3,6,2,2,0,1,1,0,0,0,0,4.80782E+20,5.4939E+21,8.73406E+15,4.95974E+16
38790,6,6,11,0,2018,11,21,4,2,5,3,2,1,1,0,0,0,0,0,5.3371E+20,5.68599E+21,9.48379E+15,5.13242E+16
38791,6,4,12,0,2018,12,22,5,3,3,6,2,0,1,0,0,0,0,0,4.76866E+20,5.5455E+21,8.67679E+15,5.00613E+16
38792,6,6,33,29,2018,11,12,6,3,8,1,0,0,1,0,0,0,0,0,5.17585E+20,5.68452E+21,9.2523E+15,5.13118E+16
38793,6,5,31,6,2018,11,19,1,3,4,1,2,0,1,0,0,0,0,0,4.96915E+20,5.60939E+21,8.95637E+15,5.06364E+16
38794,6,4,14,0,2018,11,18,6,3,2,6,2,0,1,0,0,0,0,0,4.48316E+20,5.5397E+21,8.27871E+15,5.00074E+16
38795,6,5,34,14,2018,11,20,2,3,6,4,2,0,1,1,0,0,0,0,4.83497E+20,5.62606E+21,8.76589E+15,5.07861E+16
38796,6,5,34,14,2018,11,13,3,3,3,6,0,1,1,0,0,0,0,0,4.83851E+20,5.62842E+21,8.77081E+15,5.08073E+16
38797,6,4,12,0,2018,11,10,3,3,4,1,0,0,1,0,0,0,0,1,4.7045E+20,5.55354E+21,8.58653E+15,5.01334E+16
38798,6,5,33,9,2018,12,6,2,3,2,6,2,0,1,0,0,0,0,1,4.37199E+20,5.57992E+21,8.11695E+15,5.0368E+16
38799,6,4,14,0,2018,11,17,5,3,6,4,2,0,1,1,0,0,0,0,4.50126E+20,5.55385E+21,8.30213E+15,5.01348E+16
38800,6,4,12,0,2018,11,6,3,3,6,4,2,0,0,1,0,0,1,1,4.79519E+20,5.55111E+21,8.71355E+15,5.01119E+16
38801,6,4,35,14,2018,12,7,2,3,5,3,1,1,1,0,0,0,0,1,4.94693E+20,5.55215E+21,8.92576E+15,5.01216E+16
38802,6,6,34,6,2018,11,14,3,3,4,1,0,0,1,0,0,0,0,2,5.03428E+20,5.64601E+21,9.04881E+15,5.09657E+16
38803,6,5,34,14,2018,12,16,4,2,8,7,1,0,0,0,1,0,0,0,4.8363E+20,5.62623E+21,8.76776E+15,5.07876E+16
38804,6,6,34,9,2018,11,6,5,3,5,3,2,0,1,0,0,0,0,1,5.25014E+20,5.64966E+21,9.35647E+15,5.0998E+16
38805,6,4,14,0,2018,11,15,7,3,3,2,0,0,1,0,0,0,1,1,4.46442E+20,5.54601E+21,8.25169E+15,5.00639E+16
38806,6,4,13,0,2018,12,17,3,3,5,2,2,0,1,0,0,0,0,1,4.82353E+20,5.54871E+21,8.7533E+15,5.00904E+16
38807,6,4,37,13,2018,11,9,3,3,5,2,0,0,1,0,0,0,0,1,4.87063E+20,5.50494E+21,8.82061E+15,4.96969E+16
38808,6,6,35,15,2018,12,15,7,2,9,1,0,0,1,0,0,0,0,1,4.88358E+20,5.67884E+21,8.83316E+15,5.12608E+16
38809,6,6,11,0,2018,12,7,6,3,2,6,2,0,1,0,0,0,0,1,5.33413E+20,5.68132E+21,9.4791E+15,5.12823E+16
38810,6,6,32,3,2018,12,8,1,3,8,1,0,0,1,0,0,0,0,1,5.55639E+20,5.64565E+21,9.79225E+15,5.09598E+16
38811,6,4,12,0,2018,11,7,2,3,2,6,1,0,1,0,0,0,1,0,4.8038E+20,5.55158E+21,8.72557E+15,5.01161E+16
38812,6,5,33,9,2018,11,18,4,3,3,6,2,0,1,0,0,0,0,1,4.3373E+20,5.58186E+21,8.06783E+15,5.0385E+16
38813,6,5,31,11,2018,12,4,3,2,8,1,2,0,1,0,0,0,0,2,4.89017E+20,5.5974E+21,8.84505E+15,5.05284E+16
38814,6,4,14,0,2018,11,18,6,1,5,3,2,0,1,0,1,0,0,0,4.49169E+20,5.54163E+21,8.29037E+15,5.00248E+16
38815,6,4,37,13,2018,11,10,3,3,5,3,0,0,1,0,0,0,0,1,4.9022E+20,5.50038E+21,8.86449E+15,4.96559E+16
38816,6,4,14,0,2018,12,13,7,2,8,1,0,0,0,0,1,0,0,1,4.41236E+20,5.54449E+21,8.17918E+15,5.00498E+16
38817,6,5,33,6,2018,12,13,3,1,8,1,0,0,1,0,0,0,0,1,4.26587E+20,5.58502E+21,7.96676E+15,5.04126E+16
38818,6,6,31,6,2018,12,8,4,3,9,7,0,0,1,0,0,0,0,1,5.50853E+20,5.59309E+21,9.71685E+15,5.04875E+16
38819,6,4,36,4,2018,12,18,5,3,2,6,2,0,1,0,0,0,1,1,4.56801E+20,5.54248E+21,8.39681E+15,5.0033E+16
38820,6,4,36,7,2018,12,17,7,3,9,1,2,0,1,0,0,0,0,1,4.58947E+20,5.5486E+21,8.42612E+15,5.00882E+16
38821,6,6,33,3,2018,11,6,2,3,8,1,0,0,0,0,0,1,0,1,5.30291E+20,5.67706E+21,9.43396E+15,5.12441E+16
38822,6,4,14,0,2018,11,21,6,3,5,2,2,0,1,0,0,0,0,0,4.47938E+20,5.5476E+21,8.27237E+15,5.00784E+16
38823,6,5,33,7,2018,11,18,3,3,4,6,1,0,1,0,0,0,1,0,4.31682E+20,5.58787E+21,8.03793E+15,5.04389E+16
38824,6,4,37,9,2018,12,6,2,3,2,6,2,1,0,0,0,0,1,1,4.95576E+20,5.51538E+21,8.93854E+15,4.97908E+16
38825,6,5,32,23,2018,11,17,6,3,2,6,1,0,1,0,0,0,0,1,4.63987E+20,5.60265E+21,8.4914E+15,5.05747E+16
38826,6,4,11,0,2018,11,7,3,3,5,2,0,0,1,0,0,0,0,1,4.74498E+20,5.5237E+21,8.64515E+15,4.98652E+16
38827,6,4,39,6,2018,12,13,2,3,9,1,0,0,1,0,0,0,0,1,4.34675E+20,5.55886E+21,8.08509E+15,5.01783E+16
38828,6,4,39,1,2018,11,10,4,3,2,1,0,0,1,0,0,0,0,0,4.33526E+20,5.56621E+21,8.06771E+15,5.02443E+16
38829,6,6,32,7,2018,12,20,4,3,9,1,2,0,1,0,0,0,0,1,5.54454E+20,5.62926E+21,9.77293E+15,5.08125E+16
38830,6,4,31,13,2018,11,12,6,3,3,2,0,0,1,0,0,1,0,1,4.56476E+20,5.49822E+21,8.39724E+15,4.96349E+16
38831,6,5,33,9,2018,11,17,7,2,0,1,1,0,0,0,1,0,0,0,4.32737E+20,5.58248E+21,8.05376E+15,5.03905E+16
38832,6,4,12,0,2018,11,2,1,3,1,1,2,0,1,0,0,0,0,1,4.6951E+20,5.54976E+21,8.57369E+15,5.00993E+16
38833,6,5,31,4,2018,11,14,3,3,8,7,0,0,1,0,0,0,0,0,4.85786E+20,5.60206E+21,8.79929E+15,5.05703E+16
38834,6,6,33,3,2018,11,16,3,3,5,3,0,0,1,0,0,0,1,0,5.31119E+20,5.67861E+21,9.44596E+15,5.1258E+16
38835,6,4,14,0,2018,12,21,1,2,5,3,2,0,1,0,0,0,0,1,4.4986E+20,5.53971E+21,8.30027E+15,5.00076E+16
38836,6,4,40,4,2018,12,22,6,3,4,6,2,0,1,0,0,0,0,1,5.03605E+20,5.57289E+21,9.05063E+15,5.03081E+16
38837,6,4,32,18,2018,11,7,5,3,2,6,0,0,1,0,0,0,0,0,4.72393E+20,5.51355E+21,8.61659E+15,4.97738E+16
38838,6,4,39,1,2018,11,10,3,3,0,3,0,1,1,0,0,0,0,1,4.3295E+20,5.56453E+21,8.05995E+15,5.02291E+16
38839,6,4,14,0,2018,12,9,2,3,2,6,0,0,1,0,0,0,1,1,4.49447E+20,5.54234E+21,8.29415E+15,5.00312E+16
38840,6,4,40,2,2018,11,19,3,2,5,3,2,0,1,0,0,0,0,1,4.82941E+20,5.57906E+21,8.76016E+15,5.03633E+16
38841,6,4,34,8,2018,11,16,5,3,5,3,2,0,1,0,0,0,0,1,4.70227E+20,5.56103E+21,8.58282E+15,5.02007E+16
38842,6,4,38,9,2018,11,10,7,2,0,2,0,0,1,0,1,0,0,1,4.78322E+20,5.54402E+21,8.69722E+15,5.00481E+16
38843,6,4,38,5,2018,12,8,3,3,2,6,0,0,1,0,0,0,0,1,4.85476E+20,5.54475E+21,8.7971E+15,5.00548E+16
38844,6,4,35,19,2018,11,17,3,3,2,2,2,0,1,0,0,0,0,0,4.8637E+20,5.55548E+21,8.80922E+15,5.01514E+16
38845,6,4,11,0,2018,12,23,7,3,5,3,2,0,1,0,0,0,0,1,4.74934E+20,5.52469E+21,8.65116E+15,4.98741E+16
38846,6,4,12,0,2018,12,17,5,3,5,2,2,0,1,0,0,0,1,0,4.68089E+20,5.54404E+21,8.55429E+15,5.00478E+16
38847,6,5,31,10,2018,12,16,1,3,8,1,1,0,1,0,0,0,0,1,4.99322E+20,5.59867E+21,8.99044E+15,5.05399E+16
38848,6,6,33,13,2018,11,7,2,3,2,6,0,0,1,0,0,0,0,0,5.27142E+20,5.70302E+21,9.39084E+15,5.14777E+16
38849,6,4,31,11,2018,11,14,4,3,0,1,0,1,0,0,0,0,0,0,4.74433E+20,5.49837E+21,8.64592E+15,4.96373E+16
38850,6,4,13,0,2018,12,10,2,3,3,7,0,0,1,0,0,0,1,1,4.84917E+20,5.55056E+21,8.78908E+15,5.01071E+16
38851,6,4,38,10,2018,11,5,3,3,0,6,2,0,1,0,0,0,1,1,4.92077E+20,5.54643E+21,8.88928E+15,5.00701E+16
38852,6,4,35,14,2018,12,9,2,3,8,1,0,0,1,0,0,0,0,1,4.90445E+20,5.55531E+21,8.86626E+15,5.01499E+16