OBJECTID_1,ULAND,UREGBEZ,UKREIS,UGEMEINDE,UJAHR,UMONAT,USTUNDE,UWOCHENTAG,UKATEGORIE,UART,UTYP1,ULICHTVERH,IstRad,IstPKW,IstFuss,IstKrad,IstGkfz,IstSonstig,STRZUSTAND,LINREFX,LINREFY,XGCSWGS84,YGCSWGS84
38853,6,6,35,13,2018,11,14,3,3,8,1,0,0,1,0,0,0,0,2,5.00193E+20,5.65494E+21,9.00275E+15,5.1046E+16
38854,6,5,32,23,2018,12,6,4,2,6,4,2,0,1,1,0,0,0,0,4.64471E+20,5.60212E+21,8.49829E+15,5.057E+16
38855,6,4,12,0,2018,11,16,5,2,6,4,1,0,0,1,0,0,1,0,4.70738E+20,5.54985E+21,8.59084E+15,5.01002E+16
38856,6,4,12,0,2018,11,7,7,3,3,7,1,0,1,0,0,0,0,1,4.76676E+20,5.5553E+21,8.67354E+15,5.01495E+16
38857,6,6,36,16,2018,12,9,3,3,5,2,0,0,1,0,0,0,0,1,5.59452E+20,5.6881E+21,9.85354E+15,5.13411E+16
38858,6,4,34,11,2018,11,15,3,3,5,3,0,0,1,0,0,0,0,0,4.64262E+20,5.57552E+21,8.49788E+15,5.03307E+16
38859,6,4,12,0,2018,12,17,7,3,6,4,2,0,0,1,0,0,1,1,4.64344E+20,5.54903E+21,8.50151E+15,5.00925E+16
38860,6,4,14,0,2018,12,7,6,2,2,6,2,0,0,0,0,1,1,1,4.48507E+20,5.54458E+21,8.28073E+15,5.00512E+16
38861,6,4,40,18,2018,12,17,1,3,4,1,2,0,1,0,0,0,0,1,4.79573E+20,5.58239E+21,8.71262E+15,5.03932E+16
38862,6,4,11,0,2018,11,15,2,3,0,6,0,0,0,0,1,0,1,1,4.74531E+20,5.52372E+21,8.64561E+15,4.98654E+16
38863,6,4,14,0,2018,11,15,4,3,8,1,0,0,1,0,0,0,0,0,4.49095E+20,5.54482E+21,8.28891E+15,5.00535E+16
38864,6,4,35,21,2018,12,11,2,3,2,2,0,0,1,0,0,1,0,1,4.92329E+20,5.56695E+21,8.8924E+15,5.02547E+16
38865,6,4,12,0,2018,11,23,6,3,4,7,2,0,1,0,0,0,0,0,4.77257E+20,5.5511E+21,8.68192E+15,5.01118E+16
38866,6,4,34,1,2018,11,17,3,3,2,6,1,0,1,0,0,0,0,1,4.75927E+20,5.56293E+21,8.66257E+15,5.0218E+16
38867,6,6,11,0,2018,12,23,6,3,6,4,2,0,1,1,0,0,0,1,5.33568E+20,5.68497E+21,9.48166E+15,5.1315E+16
38868,6,5,31,12,2018,12,13,3,3,2,6,0,0,1,0,0,1,0,0,4.73118E+20,5.59725E+21,8.62074E+15,5.05266E+16
38869,6,5,31,18,2018,12,15,3,3,8,1,0,0,1,0,0,0,0,1,4.73039E+20,5.6089E+21,8.61879E+15,5.06314E+16
38870,6,4,32,11,2018,12,17,5,3,5,2,2,0,1,0,0,0,0,1,4.86497E+20,5.52567E+21,8.81204E+15,4.98832E+16
38871,6,4,32,20,2018,12,17,7,2,2,6,2,0,1,0,0,1,0,0,4.86101E+20,5.52527E+21,8.80654E+15,4.98797E+16
38872,6,5,31,17,2018,11,6,1,3,5,3,2,0,1,0,0,0,0,2,4.81089E+20,5.61148E+21,8.73247E+15,5.06549E+16
38873,6,4,14,0,2018,11,13,6,3,1,7,0,0,1,0,0,0,0,0,4.41921E+20,5.54643E+21,8.18846E+15,5.00673E+16
38874,6,6,35,3,2018,11,6,3,3,9,1,1,0,1,0,0,0,0,0,5.06205E+20,5.66208E+21,9.08864E+15,5.11102E+16
38875,6,5,34,3,2018,12,18,2,3,9,1,2,0,1,0,0,0,0,2,4.64556E+20,5.62835E+21,8.49698E+15,5.08058E+16
38876,6,6,33,23,2018,11,14,6,3,2,6,0,0,1,0,0,0,1,0,5.27285E+20,5.68094E+21,9.39119E+15,5.12792E+16
38877,6,5,33,18,2018,11,15,3,3,2,6,0,0,1,0,0,0,0,0,4.5329E+20,5.58435E+21,8.34263E+15,5.04093E+16
38878,6,4,38,10,2018,12,7,2,3,6,2,1,0,1,1,0,0,0,1,4.89895E+20,5.54697E+21,8.85878E+15,5.00749E+16
38879,6,5,34,14,2018,11,7,4,3,6,4,0,0,1,1,0,0,0,1,4.83618E+20,5.62644E+21,8.76759E+15,5.07895E+16
38880,6,4,12,0,2018,12,13,4,3,5,3,0,0,1,0,1,0,0,0,4.7801E+20,5.55056E+21,8.69248E+15,5.01069E+16
38881,6,6,31,20,2018,11,13,6,3,2,2,0,0,1,0,0,0,0,1,5.53453E+20,5.60017E+21,9.75452E+15,5.0551E+16
38882,6,4,12,0,2018,11,15,7,3,3,6,0,0,1,0,1,0,0,0,4.80774E+20,5.55182E+21,8.73107E+15,5.01183E+16
38883,6,4,40,5,2018,11,8,1,3,9,1,0,0,1,0,0,0,0,1,4.76248E+20,5.58776E+21,8.6655E+15,5.04414E+16
38884,6,4,40,6,2018,11,10,7,3,4,1,0,0,1,0,0,0,0,0,4.91639E+20,5.58125E+21,8.8824E+15,5.03833E+16
38885,6,6,33,12,2018,11,14,2,3,2,6,0,0,1,0,0,0,0,0,5.47699E+20,5.67755E+21,9.68341E+15,5.12474E+16
38886,6,4,31,19,2018,11,12,3,3,2,6,0,0,1,0,0,0,0,1,4.82563E+20,5.49725E+21,8.75855E+15,4.96275E+16
38887,6,6,34,5,2018,12,17,1,2,6,4,2,0,1,1,0,0,0,1,5.19518E+20,5.6646E+21,9.27896E+15,5.11326E+16
38888,6,4,40,8,2018,12,21,6,3,4,1,2,0,1,0,0,0,0,1,4.85533E+20,5.57911E+21,8.7966E+15,5.03639E+16
38889,6,4,31,7,2018,11,10,3,3,2,6,0,0,1,0,0,1,0,1,4.84696E+20,5.50056E+21,8.78795E+15,4.96573E+16
38890,6,4,33,12,2018,12,16,2,3,2,6,2,0,1,0,0,0,1,1,4.62007E+20,5.53799E+21,8.46994E+15,4.99931E+16
38891,6,6,31,9,2018,11,7,3,3,2,6,1,0,1,0,0,0,0,0,5.48591E+20,5.59707E+21,9.68549E+15,5.05236E+16
38892,6,4,31,5,2018,11,5,5,3,8,1,2,0,1,0,0,0,0,1,4.63057E+20,5.49937E+21,8.48826E+15,4.96457E+16
38893,6,4,35,29,2018,11,15,7,3,8,1,0,0,1,0,0,0,0,1,5.19267E+20,5.56847E+21,9.27035E+15,5.02681E+16
38894,6,5,32,17,2018,12,15,3,3,8,7,0,0,1,0,0,1,0,0,4.5963E+20,5.61651E+21,8.42837E+15,5.0699E+16
38895,6,4,31,19,2018,11,7,3,3,5,3,0,0,1,0,1,0,0,0,4.82549E+20,5.49672E+21,8.75838E+15,4.96228E+16
38896,6,5,33,1,2018,12,16,7,2,5,3,2,0,1,0,0,0,0,1,4.4086E+20,5.58955E+21,8.1669E+15,5.0455E+16
38897,6,6,11,0,2018,12,10,5,3,0,7,0,0,0,0,1,0,0,1,5.34807E+20,5.68681E+21,9.49961E+15,5.13315E+16
38898,6,4,12,0,2018,12,17,1,3,9,1,2,0,1,0,0,0,0,1,4.70784E+20,5.55353E+21,8.59121E+15,5.01333E+16
38899,6,4,39,3,2018,11,16,2,3,1,5,2,0,1,0,0,0,0,0,4.37737E+20,5.54213E+21,8.1307E+15,5.00282E+16
38900,6,4,13,0,2018,11,14,6,3,6,2,0,0,1,1,0,0,0,0,4.82444E+20,5.54951E+21,8.75453E+15,5.00976E+16
38901,6,4,31,13,2018,11,18,4,3,2,6,2,0,1,0,0,0,0,1,4.60852E+20,5.49329E+21,8.45833E+15,4.95909E+16
38902,6,4,12,0,2018,12,17,2,3,6,4,1,0,1,1,0,0,0,1,4.73688E+20,5.55002E+21,8.63208E+15,5.01019E+16
38903,6,4,36,4,2018,11,12,6,3,5,3,0,0,1,0,0,0,0,0,4.59877E+20,5.54363E+21,8.43963E+15,5.00436E+16
38904,6,4,35,9,2018,11,12,3,1,4,1,0,0,1,0,0,0,0,1,5.09204E+20,5.55514E+21,9.12883E+15,5.01484E+16
38905,6,6,34,14,2018,12,11,6,3,9,1,0,0,1,0,0,0,0,1,5.3905E+20,5.66679E+21,9.55833E+15,5.11512E+16
38906,6,6,11,0,2018,12,13,2,3,8,1,0,0,1,0,0,0,0,0,5.3348E+20,5.68498E+21,9.48039E+15,5.13152E+16
38907,6,6,11,0,2018,12,6,3,3,5,2,2,0,1,0,0,0,0,1,5.31591E+20,5.68164E+21,9.45299E+15,5.12852E+16
38908,6,5,34,14,2018,11,7,5,3,6,4,1,0,1,1,0,0,0,1,4.83707E+20,5.62621E+21,8.76887E+15,5.07874E+16
38909,6,6,31,6,2018,12,19,5,2,5,2,2,0,1,0,0,0,0,1,5.48756E+20,5.59393E+21,9.6874E+15,5.04953E+16
38910,6,4,12,0,2018,11,20,6,3,9,1,2,0,1,0,0,0,0,1,4.74192E+20,5.55593E+21,8.63873E+15,5.0155E+16
38911,6,4,11,0,2018,12,3,7,3,9,1,2,0,1,0,0,0,0,1,4.71287E+20,5.52431E+21,8.60043E+15,4.98705E+16
38912,6,4,37,10,2018,11,16,1,3,4,6,0,0,1,0,0,0,0,0,5.08241E+20,5.51559E+21,9.1145E+15,4.97927E+16
38913,6,4,36,3,2018,11,18,6,3,2,6,2,0,1,0,0,0,0,0,4.67116E+20,5.55636E+21,8.53964E+15,5.01585E+16
38914,6,4,40,2,2018,11,17,2,3,1,6,2,0,1,0,0,0,0,0,4.8193E+20,5.58108E+21,8.74585E+15,5.03815E+16
38915,6,5,32,20,2018,11,13,3,3,6,6,0,0,1,1,0,0,0,0,4.52399E+20,5.61126E+21,8.32666E+15,5.06512E+16
38916,6,4,35,14,2018,12,8,2,3,5,2,0,0,1,0,0,0,0,1,4.93215E+20,5.55866E+21,8.90497E+15,5.01801E+16
38917,6,4,33,2,2018,11,14,6,3,2,6,0,0,1,0,0,0,0,0,4.54015E+20,5.53614E+21,8.35867E+15,4.99758E+16
38918,6,4,35,18,2018,11,9,3,3,4,6,0,0,1,0,0,0,1,1,5.13761E+20,5.55749E+21,9.19269E+15,5.01695E+16
38919,6,4,11,0,2018,12,8,2,3,2,6,0,0,1,0,0,0,0,1,4.75937E+20,5.51784E+21,8.66554E+15,4.98126E+16
38920,6,6,35,21,2018,11,13,3,3,4,1,0,0,1,0,0,0,1,1,5.00595E+20,5.67694E+21,9.00852E+15,5.12438E+16
38921,6,4,35,27,2018,11,5,6,2,2,6,2,0,1,0,0,0,1,1,5.41569E+20,5.57552E+21,9.58405E+15,5.03303E+16
38922,6,4,40,5,2018,11,9,3,3,5,3,0,0,1,0,0,0,0,1,4.7733E+20,5.58719E+21,8.68078E+15,5.04363E+16
38923,6,4,12,0,2018,12,17,6,3,3,6,2,0,1,0,0,0,1,1,4.7654E+20,5.55358E+21,8.67174E+15,5.01339E+16
38924,6,5,31,5,2018,12,15,2,3,8,1,0,0,1,0,0,0,0,1,4.7985E+20,5.60875E+21,8.7151E+15,5.06302E+16
38925,6,6,11,0,2018,12,12,3,3,5,3,0,0,1,0,0,0,0,0,5.35909E+20,5.68126E+21,9.51487E+15,5.12815E+16
38926,6,4,33,12,2018,12,16,5,3,5,3,2,0,1,0,0,0,0,1,4.59833E+20,5.5358E+21,8.43984E+15,4.99732E+16
38927,6,4,35,14,2018,12,21,7,3,5,2,2,0,1,0,0,0,0,1,4.92402E+20,5.55401E+21,8.89368E+15,5.01382E+16
38928,6,4,39,3,2018,11,4,1,2,8,6,2,0,1,0,0,0,0,0,4.32814E+20,5.5405E+21,8.06227E+15,5.0013E+16
38929,6,4,34,9,2018,11,6,2,3,2,6,2,0,1,0,0,0,0,1,4.62551E+20,5.56714E+21,8.47467E+15,5.02552E+16
38930,6,4,34,2,2018,11,8,3,3,2,6,0,0,1,0,0,0,0,0,4.76195E+20,5.57041E+21,8.66586E+15,5.02853E+16
38931,6,6,31,9,2018,12,8,2,3,2,2,0,0,1,0,0,0,0,0,5.43795E+20,5.59719E+21,9.61784E+15,5.0525E+16
38932,6,4,12,0,2018,11,12,6,3,2,6,0,0,1,0,0,0,0,0,4.71437E+20,5.55555E+21,8.60019E+15,5.01515E+16
38933,6,4,37,9,2018,11,21,3,3,5,3,2,0,1,0,0,0,0,0,5.00042E+20,5.51643E+21,9.00059E+15,4.98004E+16
38934,6,4,35,9,2018,12,20,2,3,9,1,2,0,1,0,0,0,0,1,5.09279E+20,5.55522E+21,9.12988E+15,5.01492E+16
38935,6,4,12,0,2018,11,17,4,3,2,6,1,0,1,0,0,0,0,0,4.81598E+20,5.55374E+21,8.7425E+15,5.01356E+16
38936,6,4,39,8,2018,12,15,4,3,2,6,0,0,1,0,0,0,0,0,4.46112E+20,5.56126E+21,8.24491E+15,5.02011E+16
38937,6,4,35,3,2018,11,1,6,3,0,7,2,0,1,0,0,0,1,0,5.2037E+20,5.56451E+21,9.28562E+15,5.02324E+16
38938,6,4,33,12,2018,11,22,1,2,5,3,2,0,1,0,0,0,1,0,4.591E+20,5.53716E+21,8.42948E+15,4.99853E+16
38939,6,4,37,9,2018,11,9,3,3,9,1,0,0,1,0,0,0,0,1,4.97879E+20,5.51785E+21,8.97052E+15,4.98131E+16
38940,6,4,40,4,2018,12,15,1,3,9,1,0,0,1,0,0,0,0,1,5.11247E+20,5.57214E+21,9.15792E+15,5.03012E+16
38941,6,4,33,12,2018,12,20,6,3,5,2,2,0,1,0,0,0,0,1,4.58585E+20,5.53757E+21,8.42224E+15,4.9989E+16
38942,6,4,32,15,2018,11,17,3,3,6,3,2,0,1,1,0,0,0,0,4.92214E+20,5.52988E+21,8.89153E+15,4.99213E+16
38943,6,6,36,1,2018,12,15,1,3,5,2,0,0,1,0,0,0,0,1,5.6771E+20,5.68093E+21,9.97072E+15,5.12756E+16
38944,6,4,13,0,2018,11,15,3,3,2,6,0,0,1,0,0,0,0,0,4.85095E+20,5.54616E+21,8.79173E+15,5.00675E+16
38945,6,5,32,23,2018,11,1,5,2,6,6,2,0,1,1,0,0,0,1,4.63874E+20,5.59758E+21,8.49031E+15,5.0529E+16
38946,6,6,31,23,2018,11,15,7,3,0,7,0,0,1,0,0,0,0,1,5.72307E+20,5.61048E+21,1.00226E+16,5.06417E+16
38947,6,4,32,2,2018,11,7,3,3,2,6,0,0,1,0,0,0,1,1,4.9536E+20,5.53244E+21,8.93533E+15,4.99443E+16
38948,6,4,40,8,2018,12,12,7,3,2,7,0,0,1,0,0,0,0,1,4.81314E+20,5.57476E+21,8.7375E+15,5.03246E+16
38949,6,4,11,0,2018,12,7,5,3,5,3,1,1,0,0,0,1,0,1,4.74397E+20,5.5247E+21,8.64368E+15,4.98742E+16
38950,6,5,33,9,2018,12,15,7,3,4,6,0,0,1,0,0,0,0,0,4.30409E+20,5.58331E+21,8.02086E+15,5.03977E+16
38951,6,5,33,11,2018,11,6,2,2,5,3,2,0,1,0,0,0,0,1,4.40104E+20,5.60175E+21,8.15429E+15,5.05646E+16
38952,6,4,35,14,2018,11,15,4,3,5,2,0,0,1,0,0,0,0,0,4.93206E+20,5.55866E+21,8.90484E+15,5.01801E+16
38953,6,6,35,12,2018,12,13,2,3,2,6,0,0,1,0,0,0,0,0,4.96491E+20,5.65067E+21,8.94999E+15,5.10075E+16
38954,6,4,40,23,2018,11,14,6,2,4,6,0,0,1,0,0,0,1,0,4.78771E+20,5.56678E+21,8.70222E+15,5.02528E+16
38955,6,4,11,0,2018,11,22,3,2,8,1,2,0,1,0,0,0,0,0,4.73711E+20,5.51953E+21,8.63448E+15,4.98276E+16
38956,6,4,13,0,2018,12,12,2,3,2,6,0,0,1,0,0,0,0,1,4.83467E+20,5.54866E+21,8.76887E+15,5.009E+16
38957,6,4,34,6,2018,12,12,3,2,3,6,0,0,1,0,0,0,0,0,4.65962E+20,5.56045E+21,8.52312E+15,5.01953E+16
38958,6,5,31,12,2018,11,16,5,2,2,6,0,0,1,0,0,0,1,0,4.74874E+20,5.5984E+21,8.64544E+15,5.0537E+16
38959,6,5,31,8,2018,12,16,5,3,8,1,1,0,1,0,0,0,0,1,4.95483E+20,5.59526E+21,8.9363E+15,5.05093E+16
38960,6,4,11,0,2018,11,12,6,3,2,6,0,1,1,0,0,0,1,1,4.74647E+20,5.52463E+21,8.64717E+15,4.98736E+16
38961,6,5,33,8,2018,11,14,6,2,8,1,0,0,1,0,0,0,0,1,4.39933E+20,5.57429E+21,8.15628E+15,5.03176E+16
38962,6,5,34,16,2018,11,9,1,2,9,1,0,0,1,0,0,0,0,1,5.04412E+20,5.6353E+21,9.0627E+15,5.08693E+16
38963,6,4,31,2,2018,11,8,2,3,2,6,0,0,1,0,1,0,0,0,4.71236E+20,5.50235E+21,8.60134E+15,4.9673E+16
38964,6,4,33,8,2018,11,9,3,3,2,6,0,0,1,0,0,1,0,0,4.71683E+20,5.53695E+21,8.60501E+15,4.99842E+16
38965,6,4,12,0,2018,12,15,2,3,2,6,0,0,1,0,0,0,0,1,4.78802E+20,5.55466E+21,8.70332E+15,5.01438E+16
38966,6,6,34,4,2018,11,17,5,3,5,3,1,0,1,0,0,0,0,1,5.23848E+20,5.64835E+21,9.33976E+15,5.09862E+16
38967,6,4,32,9,2018,11,10,3,3,8,1,0,0,1,0,0,0,0,1,4.86541E+20,5.51656E+21,8.81296E+15,4.98013E+16
38968,6,6,31,7,2018,12,13,2,2,8,1,0,0,1,0,0,0,0,1,5.54417E+20,5.62497E+21,9.77177E+15,5.07739E+16
38969,6,4,13,0,2018,11,16,3,3,2,6,2,0,1,0,0,0,1,0,4.83498E+20,5.54862E+21,8.76931E+15,5.00896E+16
38970,6,4,31,2,2018,12,13,4,3,5,2,0,1,1,0,0,0,0,0,4.72336E+20,5.5029E+21,8.61655E+15,4.9678E+16
38971,6,5,32,11,2018,11,17,6,3,2,6,2,0,1,0,0,0,0,0,4.4358E+20,5.62294E+21,8.20013E+15,5.07555E+16
38972,6,4,14,0,2018,11,14,7,3,4,1,0,0,1,0,0,0,0,1,4.50008E+20,5.54433E+21,8.30172E+15,5.00491E+16
38973,6,4,14,0,2018,12,12,3,3,4,1,0,0,1,0,0,0,0,1,4.50634E+20,5.55499E+21,8.30908E+15,5.01451E+16
38974,6,4,31,2,2018,11,10,3,3,4,6,0,0,1,0,0,0,0,1,4.71633E+20,5.50253E+21,8.60682E+15,4.96746E+16
38975,6,4,40,18,2018,12,20,1,3,3,6,2,0,1,0,0,0,0,1,4.78839E+20,5.57949E+21,8.70246E+15,5.03671E+16
38976,6,4,35,19,2018,12,8,6,3,8,1,0,0,1,0,0,0,0,1,4.90445E+20,5.55531E+21,8.86626E+15,5.01499E+16
38977,6,6,33,25,2018,12,16,1,2,8,1,1,0,1,0,0,0,0,1,5.30769E+20,5.71369E+21,9.44399E+15,5.15734E+16
38978,6,6,11,0,2018,11,10,2,3,0,3,0,0,1,0,0,0,1,1,5.34378E+20,5.68515E+21,9.49329E+15,5.13166E+16
38979,6,6,36,14,2018,11,21,4,3,4,1,2,0,1,0,0,0,0,1,5.7254E+20,5.66654E+21,1.0037E+16,5.11457E+16
38980,6,4,33,5,2018,12,18,3,3,5,2,2,0,1,0,0,0,0,0,4.51492E+20,5.53844E+21,8.3232E+15,4.99963E+16
38981,6,4,40,5,2018,11,19,7,2,9,1,2,0,0,0,0,0,1,1,4.78742E+20,5.58362E+21,8.70087E+15,5.04043E+16
38982,6,4,40,19,2018,12,15,4,1,4,1,0,0,1,0,0,0,0,0,5.07751E+20,5.58127E+21,9.10902E+15,5.03834E+16
38983,6,5,35,1,2018,11,10,6,3,2,6,0,0,1,0,0,0,0,0,5.1497E+20,5.61912E+21,9.21208E+15,5.07237E+16
38984,6,6,36,3,2018,11,2,7,2,8,1,2,0,1,0,0,0,0,1,5.7628E+20,5.67027E+21,1.00913E+16,5.11788E+16
38985,6,5,35,9,2018,11,19,3,3,6,4,2,0,1,1,0,0,0,1,4.9664E+20,5.62089E+21,8.95239E+15,5.07398E+16
38986,6,4,14,0,2018,12,21,1,3,8,1,2,0,1,0,0,0,0,1,4.54744E+20,5.54725E+21,8.36753E+15,5.00758E+16
38987,6,5,32,23,2018,12,22,6,3,5,2,2,0,1,0,0,0,0,1,4.66442E+20,5.59959E+21,8.52635E+15,5.05473E+16
38988,6,4,33,12,2018,11,17,3,3,0,7,2,0,0,0,1,0,1,1,4.60021E+20,5.53518E+21,8.44253E+15,4.99676E+16
38989,6,4,14,0,2018,12,20,1,3,2,6,2,0,1,0,0,0,0,1,4.4434E+20,5.54637E+21,8.22226E+15,5.0067E+16
38990,6,4,35,21,2018,11,18,2,2,5,2,0,0,1,0,0,0,0,0,4.89564E+20,5.56476E+21,8.85367E+15,5.02349E+16
38991,6,4,38,9,2018,11,17,5,3,2,6,2,0,1,0,0,0,1,0,4.80242E+20,5.54483E+21,8.724E+15,5.00555E+16
38992,6,5,32,8,2018,12,15,3,3,0,1,0,0,0,0,1,0,0,1,4.55668E+20,5.60611E+21,8.37352E+15,5.06052E+16
38993,6,4,12,0,2018,11,20,7,3,8,1,2,0,1,0,0,0,0,1,4.75121E+20,5.54535E+21,8.65242E+15,5.00599E+16
38994,6,4,33,4,2018,11,11,3,3,0,3,0,1,1,0,0,0,0,0,4.64624E+20,5.51377E+21,8.50866E+15,4.97754E+16
38995,6,5,34,16,2018,12,12,7,3,4,6,0,0,1,0,0,0,0,1,5.09832E+20,5.63316E+21,9.13967E+15,5.08501E+16
38996,6,4,33,1,2018,12,7,3,2,2,6,1,1,0,0,0,0,1,1,4.62489E+20,5.51371E+21,8.47902E+15,4.97747E+16
38997,6,5,34,6,2018,12,19,4,2,4,1,2,0,1,0,0,0,0,0,4.8636E+20,5.63403E+21,8.8062E+15,5.08578E+16
38998,6,6,34,14,2018,12,17,5,3,1,1,2,0,1,0,0,0,0,1,5.37994E+20,5.66385E+21,9.54292E+15,5.11249E+16
38999,6,4,13,0,2018,12,17,7,3,5,2,2,0,1,0,0,0,0,0,4.82177E+20,5.5488E+21,8.75083E+15,5.00912E+16
39000,6,4,37,10,2018,11,12,2,3,8,1,0,0,1,0,0,0,0,1,5.05799E+20,5.51029E+21,9.0805E+15,4.97451E+16
39001,6,4,12,0,2018,11,9,4,3,2,6,0,0,1,0,0,0,0,0,4.72186E+20,5.55155E+21,8.61096E+15,5.01156E+16
39002,6,4,38,2,2018,12,18,2,3,5,3,2,0,1,0,0,0,0,1,4.77908E+20,5.54018E+21,8.69166E+15,5.00135E+16
39003,6,5,34,18,2018,11,18,6,2,5,3,2,0,1,0,0,0,0,1,5.00444E+20,5.63093E+21,9.0063E+15,5.08301E+16
39004,6,5,34,14,2018,11,20,3,3,5,3,2,0,1,0,0,0,0,1,4.84033E+20,5.63193E+21,8.77324E+15,5.08389E+16
39005,6,4,12,0,2018,12,9,2,3,0,6,0,0,1,0,0,0,1,1,4.73765E+20,5.55004E+21,8.63315E+15,5.0102E+16
39006,6,4,37,4,2018,12,16,3,3,5,2,1,0,1,0,0,0,0,0,5.0083E+20,5.51806E+21,9.01153E+15,4.9815E+16
39007,6,4,14,0,2018,11,8,4,3,3,6,0,0,1,0,0,0,0,0,4.44233E+20,5.54789E+21,8.22055E+15,5.00807E+16
39008,6,4,33,7,2018,12,17,5,2,2,6,2,0,1,0,0,0,0,0,4.66357E+20,5.54332E+21,8.53016E+15,5.00413E+16
39009,6,4,38,13,2018,11,16,6,3,5,2,0,0,1,0,0,0,0,0,4.97816E+20,5.54386E+21,8.9695E+15,5.0047E+16
39010,6,4,31,6,2018,11,16,1,3,2,6,1,0,1,0,0,0,0,0,4.67466E+20,5.50541E+21,8.54883E+15,4.97004E+16
39011,6,6,32,15,2018,11,3,2,2,8,1,2,0,0,0,0,1,0,0,5.38501E+20,5.62945E+21,9.54653E+15,5.08155E+16
39012,6,5,31,6,2018,11,17,3,3,5,3,2,0,1,0,0,1,0,0,4.96825E+20,5.60604E+21,8.95513E+15,5.06063E+16
39013,6,5,34,8,2018,11,20,3,2,4,6,2,0,1,0,0,1,0,0,4.89262E+20,5.62094E+21,8.84782E+15,5.07401E+16
39014,6,4,32,23,2018,12,8,2,3,2,6,0,0,1,0,0,0,0,1,4.7154E+20,5.52627E+21,8.6038E+15,4.98882E+16
39015,6,4,35,19,2018,12,10,6,3,5,3,0,0,1,0,1,0,0,1,4.89521E+20,5.55316E+21,8.85338E+15,5.01306E+16
39016,6,4,14,0,2018,11,16,5,3,5,3,2,0,1,0,0,0,0,0,4.48022E+20,5.54593E+21,8.27377E+15,5.00634E+16
39017,6,5,34,14,2018,11,7,3,3,0,1,0,0,0,0,1,0,0,1,4.81785E+20,5.62861E+21,8.74148E+15,5.08089E+16
39018,6,5,32,16,2018,12,8,2,3,0,7,0,0,1,0,0,0,0,1,4.54238E+20,5.59927E+21,8.35415E+15,5.05436E+16
39019,6,6,34,12,2018,11,16,3,3,5,3,1,0,1,0,0,0,0,1,5.36207E+20,5.66878E+21,9.51788E+15,5.11693E+16
39020,6,4,12,0,2018,12,20,4,3,2,6,2,0,1,0,0,0,0,0,4.81924E+20,5.55416E+21,8.74705E+15,5.01394E+16
39021,6,5,33,8,2018,11,10,5,2,9,1,0,0,1,0,0,0,0,0,4.43441E+20,5.57581E+21,8.20532E+15,5.03317E+16
39022,6,4,12,0,2018,11,15,7,3,2,6,0,0,1,0,0,0,0,1,4.75093E+20,5.56033E+21,8.65105E+15,5.01946E+16
39023,6,4,12,0,2018,12,15,3,2,2,6,0,1,1,0,0,0,0,0,4.78336E+20,5.55765E+21,8.69664E+15,5.01706E+16
39024,6,6,31,13,2018,11,10,3,2,9,1,0,0,1,0,0,0,0,1,5.62913E+20,5.60653E+21,9.88911E+15,5.06073E+16
39025,6,6,11,0,2018,12,2,7,3,5,3,2,0,1,0,0,0,0,1,5.37055E+20,5.68367E+21,9.53156E+15,5.13031E+16
39026,6,4,12,0,2018,12,14,6,2,8,1,0,0,1,0,0,0,0,1,4.7997E+20,5.54586E+21,8.72014E+15,5.00647E+16
39027,6,4,31,16,2018,12,23,1,2,8,1,2,0,1,0,0,0,0,1,4.68061E+20,5.50112E+21,8.55744E+15,4.96618E+16
39028,6,4,12,0,2018,11,17,2,3,3,2,2,1,1,0,0,0,0,0,4.74676E+20,5.55021E+21,8.64589E+15,5.01036E+16
39029,6,5,33,9,2018,11,6,4,3,3,6,2,0,0,0,0,1,0,0,4.34649E+20,5.58518E+21,8.08018E+15,5.0415E+16
39030,6,4,35,14,2018,12,17,3,3,0,7,2,0,1,0,0,0,1,0,4.98991E+20,5.55391E+21,8.98588E+15,5.01374E+16
39031,6,4,12,0,2018,11,15,6,3,3,6,0,0,1,0,0,0,1,0,4.79249E+20,5.55327E+21,8.70967E+15,5.01313E+16
39032,6,6,31,20,2018,11,11,3,3,3,6,0,0,1,0,0,1,0,0,5.50353E+20,5.60038E+21,9.71078E+15,5.05532E+16
39033,6,4,40,18,2018,12,18,7,3,8,7,2,0,1,0,0,0,0,0,4.78339E+20,5.57667E+21,8.69559E+15,5.03418E+16
39034,6,4,33,2,2018,12,17,3,3,2,6,0,0,1,0,0,0,1,0,4.56468E+20,5.53586E+21,8.39291E+15,4.99735E+16
39035,6,5,31,9,2018,12,7,4,3,2,6,0,0,1,0,0,0,0,1,4.7789E+20,5.59292E+21,8.68832E+15,5.04878E+16
39036,6,4,35,9,2018,12,17,5,3,9,1,2,0,1,0,0,0,0,1,5.13174E+20,5.55364E+21,9.18433E+15,5.01348E+16
39037,6,4,36,8,2018,12,8,7,3,9,1,0,0,0,0,0,0,1,1,4.58183E+20,5.55691E+21,8.41453E+15,5.01629E+16
39038,6,4,11,0,2018,11,21,2,3,2,6,2,0,1,0,0,0,0,0,4.71942E+20,5.52197E+21,8.60971E+15,4.98495E+16
39039,6,4,14,0,2018,11,16,3,3,0,6,1,0,0,0,0,0,1,0,4.44326E+20,5.54337E+21,8.22251E+15,5.004E+16