OBJECTID_1,ULAND,UREGBEZ,UKREIS,UGEMEINDE,UJAHR,UMONAT,USTUNDE,UWOCHENTAG,UKATEGORIE,UART,UTYP1,ULICHTVERH,IstRad,IstPKW,IstFuss,IstKrad,IstGkfz,IstSonstig,STRZUSTAND,LINREFX,LINREFY,XGCSWGS84,YGCSWGS84
39040,6,6,35,11,2018,11,20,7,3,8,1,2,0,1,0,0,0,0,0,4.90616E+20,5.65763E+21,8.86606E+15,5.10701E+16
39041,6,5,32,9,2018,12,17,2,1,6,4,2,0,1,1,0,0,0,1,4.53446E+20,5.62934E+21,8.33919E+15,5.08139E+16
39042,6,4,35,14,2018,11,13,6,3,2,6,0,0,1,0,0,0,0,0,4.9715E+20,5.55467E+21,8.96012E+15,5.01443E+16
39043,6,6,31,9,2018,11,8,3,3,2,6,0,0,1,0,0,0,0,1,5.49526E+20,5.6004E+21,9.69912E+15,5.05534E+16
39044,6,4,35,28,2018,12,5,2,1,8,1,2,0,1,0,0,0,0,1,5.3399E+20,5.57454E+21,9.47747E+15,5.03219E+16
39045,6,4,38,10,2018,11,10,4,3,2,6,0,0,1,0,0,0,0,0,4.88164E+20,5.54575E+21,8.83462E+15,5.00639E+16
39046,6,4,14,0,2018,12,16,4,3,1,5,1,0,1,0,0,0,0,0,4.41595E+20,5.54642E+21,8.18391E+15,5.00672E+16
39047,6,5,35,1,2018,11,12,6,3,5,3,0,0,1,0,0,0,0,0,5.19377E+20,5.62232E+21,9.27469E+15,5.07523E+16
39048,6,5,32,23,2018,11,7,3,3,9,1,1,0,1,0,0,0,0,1,4.67104E+20,5.60011E+21,8.53565E+15,5.0552E+16
39049,6,4,38,13,2018,12,20,7,3,2,6,2,0,1,0,0,0,0,1,4.96187E+20,5.54121E+21,8.94678E+15,5.00232E+16
39050,6,5,31,5,2018,12,17,3,3,3,2,2,1,1,0,0,0,0,0,4.77954E+20,5.60233E+21,8.68867E+15,5.05725E+16
39051,6,5,31,5,2018,12,17,4,3,3,6,2,0,1,0,0,0,0,1,4.78415E+20,5.60205E+21,8.6952E+15,5.057E+16
39052,6,4,39,7,2018,12,22,5,3,8,1,2,0,1,0,0,0,0,1,4.44764E+20,5.56434E+21,8.22559E+15,5.02287E+16
39053,6,6,32,18,2018,12,18,7,3,2,6,2,0,1,0,0,0,0,1,5.5118E+20,5.64992E+21,9.72936E+15,5.09985E+16
39054,6,5,34,14,2018,11,17,2,3,2,6,2,0,1,0,0,0,0,1,4.84E+20,5.62925E+21,8.77288E+15,5.08148E+16
39055,6,6,36,14,2018,11,12,3,3,5,3,0,0,1,0,0,0,0,0,5.68994E+20,5.66753E+21,9.98655E+15,5.11551E+16
39056,6,4,35,29,2018,12,16,2,2,8,1,1,0,1,0,0,0,0,1,5.19694E+20,5.56483E+21,9.27615E+15,5.02353E+16
39057,6,6,31,12,2018,11,14,6,3,8,1,0,0,1,0,0,0,0,0,5.67303E+20,5.60366E+21,9.95061E+15,5.05809E+16
39058,6,5,31,11,2018,11,13,3,3,8,1,0,0,1,0,0,0,0,1,4.87843E+20,5.59731E+21,8.82848E+15,5.05276E+16
39059,6,6,35,8,2018,12,18,2,2,5,2,2,0,1,0,0,0,0,1,5.00767E+20,5.70428E+21,9.01104E+15,5.14897E+16
39060,6,6,11,0,2018,11,14,4,2,9,1,0,0,1,0,0,0,0,0,5.29352E+20,5.68364E+21,9.42106E+15,5.13033E+16
39061,6,4,31,20,2018,12,7,5,3,3,6,1,0,1,0,0,0,0,0,4.68082E+20,5.4884E+21,8.55876E+15,4.95473E+16
39062,6,4,38,12,2018,11,12,6,3,2,6,0,0,1,0,0,0,0,1,4.88068E+20,5.53501E+21,8.83363E+15,4.99673E+16
39063,6,5,35,4,2018,11,10,7,3,9,1,0,0,1,0,0,0,0,2,5.26688E+20,5.591E+21,9.37607E+15,5.04704E+16
39064,6,6,11,0,2018,11,9,1,3,2,6,0,0,1,0,0,0,1,1,5.34414E+20,5.68448E+21,9.49374E+15,5.13106E+16
39065,6,4,36,4,2018,11,7,3,3,2,6,1,0,1,0,0,0,0,0,4.59224E+20,5.54295E+21,8.43058E+15,5.00375E+16
39066,6,6,11,0,2018,11,6,3,3,2,6,2,0,1,0,0,0,0,1,5.34277E+20,5.68182E+21,9.49152E+15,5.12866E+16
39067,6,6,11,0,2018,12,5,1,3,5,2,2,0,1,0,0,0,0,1,5.36067E+20,5.68481E+21,9.5175E+15,5.13135E+16
39068,6,4,36,8,2018,12,7,6,3,5,3,1,0,1,0,0,0,0,1,4.61145E+20,5.55316E+21,8.45638E+15,5.01294E+16
39069,6,6,35,8,2018,11,11,5,3,9,1,0,0,0,0,0,0,1,1,4.98835E+20,5.70167E+21,8.98323E+15,5.14662E+16
39070,6,5,35,1,2018,11,6,3,2,2,6,2,0,1,0,0,0,1,1,5.20147E+20,5.62128E+21,9.28554E+15,5.07429E+16
39071,6,6,32,2,2018,12,14,2,3,2,6,0,0,1,0,0,0,0,1,5.52568E+20,5.634E+21,9.74683E+15,5.08553E+16
39072,6,4,40,15,2018,11,7,3,3,5,3,0,0,1,0,0,0,0,0,4.82879E+20,5.59101E+21,8.75874E+15,5.04708E+16
39073,6,4,12,0,2018,12,0,4,2,2,6,2,0,0,0,0,1,0,0,4.71576E+20,5.55599E+21,8.60211E+15,5.01554E+16
39074,6,4,32,23,2018,11,16,5,3,7,7,2,0,1,0,0,1,0,0,4.72667E+20,5.5274E+21,8.61941E+15,4.98984E+16
39075,6,6,11,0,2018,11,5,7,3,5,3,2,0,1,0,0,1,0,1,5.3124E+20,5.68536E+21,9.44828E+15,5.13187E+16
39076,6,4,39,15,2018,12,10,3,3,6,4,0,0,1,1,0,0,0,1,4.39733E+20,5.5548E+21,8.15658E+15,5.01424E+16
39077,6,4,12,0,2018,11,14,3,3,5,3,0,0,1,0,0,0,1,0,4.74798E+20,5.54552E+21,8.6479E+15,5.00614E+16
39078,6,4,12,0,2018,12,14,7,3,2,6,0,0,1,0,0,0,0,1,4.7192E+20,5.55295E+21,8.60714E+15,5.01281E+16
39079,6,4,31,6,2018,12,15,6,3,2,6,0,0,1,0,0,0,0,0,4.67447E+20,5.50553E+21,8.54856E+15,4.97014E+16
39080,6,6,31,7,2018,12,17,1,3,5,3,2,0,1,0,0,0,0,1,5.56225E+20,5.62362E+21,9.7972E+15,5.07616E+16
39081,6,6,36,4,2018,11,14,2,3,5,3,0,0,1,0,0,0,1,1,5.54562E+20,5.67855E+21,9.78188E+15,5.12557E+16
39082,6,6,32,17,2018,11,20,4,2,9,1,2,0,1,0,0,0,0,1,5.61605E+20,5.64414E+21,9.87693E+15,5.09456E+16
39083,6,4,14,0,2018,12,19,2,3,2,6,1,0,1,0,0,0,0,1,4.4427E+20,5.54629E+21,8.2213E+15,5.00663E+16
39084,6,6,33,10,2018,11,17,6,3,5,3,2,0,1,0,0,0,0,1,5.2902E+20,5.69964E+21,9.4176E+15,5.14472E+16
39085,6,4,12,0,2018,11,0,3,3,2,6,2,0,1,0,0,0,0,1,4.72329E+20,5.5466E+21,8.61333E+15,5.0071E+16
39086,6,4,14,0,2018,12,18,6,3,5,3,2,0,1,0,0,0,0,1,4.48795E+20,5.54071E+21,8.28527E+15,5.00165E+16
39087,6,5,31,12,2018,12,18,3,3,2,6,2,0,1,0,0,0,0,0,4.74046E+20,5.59706E+21,8.63386E+15,5.05249E+16
39088,6,6,34,1,2018,12,11,3,3,2,6,0,0,1,0,0,0,0,1,5.17935E+20,5.65238E+21,9.25572E+15,5.10227E+16
39089,6,4,31,5,2018,12,21,5,3,8,1,0,0,1,0,0,0,0,1,4.63276E+20,5.49947E+21,8.49129E+15,4.96467E+16
39090,6,4,31,14,2018,12,9,7,3,9,1,0,0,0,0,0,0,1,1,4.78151E+20,5.51008E+21,8.69674E+15,4.97428E+16
39091,6,4,14,0,2018,11,3,1,3,8,1,2,0,1,0,0,0,0,0,4.44086E+20,5.54799E+21,8.21849E+15,5.00815E+16
39092,6,4,14,0,2018,11,12,2,3,5,3,0,0,1,0,0,0,0,0,4.43454E+20,5.55169E+21,8.2091E+15,5.01148E+16
39093,6,6,34,18,2018,11,18,3,3,5,3,2,0,1,0,0,0,0,0,5.22206E+20,5.67391E+21,9.31795E+15,5.12162E+16
39094,6,4,31,2,2018,12,17,2,3,3,6,2,1,1,0,0,0,0,1,4.72309E+20,5.50289E+21,8.61618E+15,4.96779E+16
39095,6,4,12,0,2018,11,13,6,3,9,1,0,0,1,0,0,0,0,1,4.71519E+20,5.55137E+21,8.60166E+15,5.01139E+16
39096,6,4,36,4,2018,11,15,3,3,2,6,0,0,1,0,0,0,0,0,4.59515E+20,5.54496E+21,8.43444E+15,5.00555E+16
39097,6,4,36,7,2018,12,17,2,3,6,4,2,0,1,1,0,0,0,1,4.60417E+20,5.54822E+21,8.44671E+15,5.00849E+16
39098,6,6,31,9,2018,11,16,4,3,4,1,2,0,1,0,0,0,0,0,5.48331E+20,5.59829E+21,9.68197E+15,5.05345E+16
39099,6,4,12,0,2018,12,17,4,3,2,6,2,0,1,0,0,0,1,0,4.80736E+20,5.55185E+21,8.73054E+15,5.01186E+16
39100,6,5,32,16,2018,11,21,6,3,4,1,2,0,1,0,0,0,0,1,4.54725E+20,5.60282E+21,8.36059E+15,5.05756E+16
39101,6,4,37,16,2018,11,18,7,3,3,6,2,0,1,0,0,0,0,0,4.98853E+20,5.49161E+21,8.98414E+15,4.9577E+16
39102,6,4,40,4,2018,11,9,1,3,8,1,0,0,1,0,0,0,0,0,5.04225E+20,5.5699E+21,9.0593E+15,5.02812E+16
39103,6,5,34,4,2018,11,14,7,3,8,1,0,0,1,0,0,0,0,0,4.62722E+20,5.64053E+21,8.46971E+15,5.09152E+16
39104,6,4,36,6,2018,11,13,3,3,3,6,0,0,1,0,0,1,0,0,4.5657E+20,5.54498E+21,8.3933E+15,5.00556E+16
39105,6,4,40,18,2018,12,19,1,3,5,2,2,0,1,0,0,0,0,1,4.79628E+20,5.58242E+21,8.7134E+15,5.03935E+16
39106,6,5,34,10,2018,12,20,6,2,8,1,2,0,1,0,0,0,1,1,4.72216E+20,5.62435E+21,8.60598E+15,5.07702E+16
39107,6,4,14,0,2018,11,12,3,3,2,6,0,0,0,0,0,1,0,0,4.55547E+20,5.54622E+21,8.37887E+15,5.00666E+16
39108,6,4,31,22,2018,12,7,2,3,2,6,2,0,1,0,0,0,0,1,4.70735E+20,5.50775E+21,8.59399E+15,4.97215E+16
39109,6,5,31,6,2018,11,17,3,3,0,6,1,0,1,0,0,0,0,1,4.96874E+20,5.60262E+21,8.95585E+15,5.05755E+16
39110,6,5,34,20,2018,11,23,5,3,0,7,2,0,1,0,0,0,0,1,4.81656E+20,5.62238E+21,8.73995E+15,5.07529E+16
39111,6,5,32,11,2018,11,0,7,3,8,7,2,0,1,0,0,0,0,0,4.44215E+20,5.62198E+21,8.20928E+15,5.07469E+16
39112,6,5,32,6,2018,12,17,7,3,2,6,2,0,1,0,0,0,0,1,4.50466E+20,5.62464E+21,8.29752E+15,5.07714E+16
39113,6,4,31,11,2018,12,10,4,3,2,6,0,0,1,0,0,0,0,0,4.73915E+20,5.4982E+21,8.63875E+15,4.96358E+16
39114,6,4,38,11,2018,12,15,2,3,3,6,0,0,1,0,0,0,1,1,4.9167E+20,5.54521E+21,8.88362E+15,5.00591E+16
39115,6,4,38,7,2018,12,18,3,3,6,4,2,0,1,1,0,0,0,0,4.99617E+20,5.54028E+21,8.99465E+15,5.00148E+16
39116,6,4,35,17,2018,12,20,2,3,8,1,1,0,1,0,0,0,0,1,5.0388E+20,5.55827E+21,9.05434E+15,5.01766E+16
39117,6,4,38,11,2018,12,16,2,3,8,1,1,0,1,0,0,0,0,1,4.92654E+20,5.53912E+21,8.89749E+15,5.00043E+16
39118,6,4,36,5,2018,12,17,2,3,5,3,2,0,1,0,0,0,1,1,4.64713E+20,5.54725E+21,8.50684E+15,5.00765E+16
39119,6,5,33,9,2018,12,6,5,2,3,6,2,0,1,0,0,1,0,1,4.34971E+20,5.58142E+21,8.08536E+15,5.03812E+16
39120,6,4,13,0,2018,12,18,2,3,2,6,2,0,1,0,0,0,0,1,4.80076E+20,5.54584E+21,8.72162E+15,5.00645E+16
39121,6,4,12,0,2018,12,13,4,2,1,2,0,1,1,0,0,0,0,0,4.82491E+20,5.55457E+21,8.75497E+15,5.01431E+16
39122,6,4,12,0,2018,12,17,2,3,2,6,2,0,1,0,0,0,0,0,4.7965E+20,5.54579E+21,8.71567E+15,5.0064E+16
39123,6,4,40,16,2018,12,12,3,3,8,1,0,0,1,0,0,0,0,1,4.9975E+20,5.58906E+21,8.99647E+15,5.04535E+16
39124,6,4,31,20,2018,12,14,2,3,3,1,0,0,1,0,0,0,0,1,4.65594E+20,5.48931E+21,8.52429E+15,4.95554E+16
39125,6,6,32,4,2018,12,15,1,2,8,1,0,0,1,0,0,0,0,2,5.37249E+20,5.62457E+21,9.52826E+15,5.07717E+16
39126,6,4,14,0,2018,12,0,4,3,5,3,2,0,1,0,0,0,0,0,4.46944E+20,5.54809E+21,8.25842E+15,5.00827E+16
39127,6,5,33,2,2018,12,20,1,3,5,3,2,0,1,0,0,0,0,1,4.39378E+20,5.57933E+21,8.14768E+15,5.03629E+16
39128,6,5,33,9,2018,12,19,1,3,8,1,2,0,1,0,0,0,0,1,4.33425E+20,5.58319E+21,8.06331E+15,5.0397E+16
39129,6,4,31,11,2018,12,21,3,3,2,6,2,0,1,0,0,0,1,0,4.71985E+20,5.4978E+21,8.61205E+15,4.96321E+16
39130,6,6,32,12,2018,12,17,4,3,4,7,0,0,1,0,0,0,0,1,5.52104E+20,5.63853E+21,9.7409E+15,5.08961E+16
39131,6,5,32,15,2018,12,3,3,3,8,7,2,0,0,0,0,1,0,1,4.67751E+20,5.60265E+21,8.54456E+15,5.05749E+16
39132,6,4,13,0,2018,12,18,1,2,6,2,2,0,1,1,0,0,0,1,4.83566E+20,5.54835E+21,8.77028E+15,5.00872E+16
39133,6,4,12,0,2018,12,14,4,3,2,6,0,0,1,0,0,0,0,1,4.79497E+20,5.54575E+21,8.71354E+15,5.00637E+16
39134,6,4,37,6,2018,12,20,1,3,9,1,2,0,1,0,0,0,0,1,4.9941E+20,5.49522E+21,8.99183E+15,4.96096E+16
39135,6,6,33,22,2018,12,3,1,2,8,1,2,0,1,0,0,0,0,0,5.43702E+20,5.70038E+21,9.62895E+15,5.14529E+16
39136,6,4,40,7,2018,12,7,3,3,5,2,1,0,1,0,0,0,0,1,4.94577E+20,5.57536E+21,8.92381E+15,5.03303E+16
39137,6,6,32,5,2018,12,12,1,3,4,1,0,0,1,0,0,0,1,2,5.60617E+20,5.65522E+21,9.86471E+15,5.10453E+16
39138,6,6,35,10,2018,12,8,1,3,8,1,0,0,1,0,0,0,0,2,4.94495E+20,5.65731E+21,8.92144E+15,5.10673E+16
39139,6,4,12,0,2018,12,16,4,3,5,3,1,0,1,0,1,0,0,0,4.7119E+20,5.55256E+21,8.59696E+15,5.01246E+16
39140,6,6,35,14,2018,12,13,1,3,8,1,0,0,1,0,0,0,0,2,4.70531E+20,5.64768E+21,8.58021E+15,5.098E+16
39141,6,4,14,0,2018,12,18,3,3,2,6,2,0,1,0,0,0,1,0,4.45661E+20,5.54412E+21,8.24104E+15,5.00469E+16
39142,6,5,33,18,2018,12,9,1,3,9,1,0,0,1,0,0,0,0,2,4.59023E+20,5.58944E+21,8.42276E+15,5.04555E+16
39143,6,4,35,15,2018,12,10,1,2,5,3,0,0,1,0,0,0,0,1,5.0647E+20,5.55654E+21,9.09058E+15,5.0161E+16
39144,6,6,32,2,2018,12,10,3,3,2,6,0,0,1,0,0,0,0,1,5.49416E+20,5.63504E+21,9.70221E+15,5.08649E+16
39145,6,4,35,10,2018,12,0,1,3,5,3,2,0,1,0,0,0,0,0,5.13264E+20,5.55967E+21,9.18581E+15,5.01891E+16
39146,6,4,37,4,2018,12,10,1,2,9,1,0,0,1,0,0,0,0,2,5.03491E+20,5.51763E+21,9.04853E+15,4.98111E+16
39147,6,5,32,23,2018,12,18,3,3,2,6,2,0,1,0,0,0,0,0,4.65994E+20,5.6016E+21,8.51984E+15,5.05654E+16
39148,6,4,32,16,2018,12,8,1,3,5,1,0,0,1,0,0,0,0,2,4.80484E+20,5.51948E+21,8.72865E+15,4.98274E+16
39149,6,4,31,3,2018,12,10,5,3,5,3,0,0,1,0,0,0,0,1,4.61423E+20,5.50492E+21,8.46509E+15,4.96955E+16
39150,6,4,40,7,2018,12,15,1,3,9,1,0,0,1,0,0,0,0,1,4.93497E+20,5.57433E+21,8.90865E+15,5.0321E+16
39151,6,6,11,0,2018,12,15,4,2,1,5,0,0,1,0,0,0,1,0,5.30112E+20,5.68457E+21,9.43203E+15,5.13116E+16
39152,6,5,35,1,2018,12,10,1,3,9,1,0,0,1,0,0,0,0,2,5.22983E+20,5.62541E+21,9.326E+15,5.078E+16
39153,6,4,39,7,2018,12,8,3,2,8,1,0,0,1,0,0,0,0,1,4.40279E+20,5.56566E+21,8.16251E+15,5.024E+16
39154,6,4,33,7,2018,12,7,1,3,8,1,2,0,1,0,0,0,0,2,4.67391E+20,5.54668E+21,8.54431E+15,5.00715E+16
39155,6,5,34,14,2018,12,16,1,3,2,6,1,0,1,0,0,0,0,2,4.85782E+20,5.63378E+21,8.798E+15,5.08556E+16
39156,6,6,31,7,2018,12,20,1,3,7,7,2,0,1,0,0,0,0,0,5.54835E+20,5.6208E+21,9.77708E+15,5.07364E+16
39157,6,6,33,17,2018,12,7,5,3,3,6,2,0,1,0,0,1,0,0,5.37611E+20,5.68131E+21,9.53928E+15,5.12819E+16
39158,6,6,31,10,2018,12,14,1,3,8,1,0,0,1,0,0,0,0,1,5.62747E+20,5.59006E+21,9.88399E+15,5.04591E+16
39159,6,6,31,20,2018,12,21,1,3,5,3,2,0,1,0,0,0,0,1,5.51683E+20,5.6005E+21,9.72958E+15,5.05541E+16
39160,6,4,38,2,2018,12,19,3,3,2,6,2,0,1,0,0,0,0,0,4.79614E+20,5.54313E+21,8.71531E+15,5.00401E+16
39161,6,6,31,9,2018,12,17,1,3,5,2,2,0,1,0,0,0,0,2,5.49103E+20,5.60074E+21,9.69319E+15,5.05565E+16
39162,6,6,31,9,2018,12,15,5,3,8,1,0,0,1,0,0,0,0,1,5.49043E+20,5.60204E+21,9.69252E+15,5.05682E+16
39163,6,5,32,1,2018,12,8,1,3,8,1,0,0,1,0,0,0,0,2,4.62794E+20,5.60352E+21,8.47447E+15,5.05824E+16
39164,6,4,35,10,2018,12,7,4,3,5,3,2,0,1,0,0,0,0,1,5.15594E+20,5.56076E+21,9.21849E+15,5.01988E+16
39165,6,6,36,14,2018,12,12,2,3,1,5,0,1,1,0,0,0,0,0,5.69811E+20,5.66734E+21,9.99819E+15,5.11533E+16
39166,6,5,32,23,2018,12,3,1,3,8,1,2,0,1,0,0,0,0,1,4.63104E+20,5.60293E+21,8.47891E+15,5.05771E+16
39167,6,4,34,9,2018,12,17,3,2,4,6,1,0,1,0,0,0,0,1,4.59048E+20,5.56665E+21,8.42559E+15,5.02506E+16
39168,6,4,35,19,2018,12,11,1,3,3,6,0,0,1,0,0,0,0,2,4.87701E+20,5.55512E+21,8.82786E+15,5.01481E+16
39169,6,4,38,12,2018,12,9,1,3,8,1,0,0,1,0,0,0,0,2,4.87967E+20,5.5335E+21,8.83226E+15,4.99537E+16
39170,6,4,38,6,2018,12,10,1,3,8,1,0,0,1,0,0,0,0,2,4.77779E+20,5.53806E+21,8.68997E+15,4.99944E+16
39171,6,4,40,18,2018,12,11,3,2,9,7,0,0,1,0,0,1,0,0,4.78856E+20,5.58274E+21,8.70251E+15,5.03963E+16
39172,6,5,31,16,2018,12,11,5,2,2,6,0,0,1,0,0,0,0,1,4.86857E+20,5.605E+21,8.81429E+15,5.05968E+16
39173,6,6,32,2,2018,12,22,2,3,3,6,2,0,1,0,0,1,0,1,5.50151E+20,5.63561E+21,9.71272E+15,5.087E+16
39174,6,5,35,1,2018,12,13,1,3,8,1,0,0,1,0,0,0,0,1,5.25376E+20,5.62317E+21,9.35979E+15,5.07598E+16
39175,6,6,31,16,2018,12,20,4,3,8,7,2,0,1,0,0,0,0,1,5.52068E+20,5.58256E+21,9.73252E+15,5.03928E+16
39176,6,4,14,0,2018,12,7,1,2,8,1,2,0,1,0,0,0,0,2,4.52891E+20,5.5525E+21,8.34099E+15,5.01229E+16
39177,6,6,33,17,2018,12,0,3,3,2,6,2,0,1,0,0,1,0,1,5.36068E+20,5.67863E+21,9.51689E+15,5.12579E+16
39178,6,4,33,12,2018,12,11,4,3,2,6,0,0,1,0,0,0,0,1,4.58755E+20,5.53833E+21,8.42453E+15,4.99958E+16
39179,6,4,31,20,2018,12,8,1,2,3,1,0,0,1,0,0,0,0,2,4.68115E+20,5.49065E+21,8.55904E+15,4.95676E+16
39180,6,4,35,1,2018,12,17,3,3,2,1,2,0,1,0,0,0,0,0,5.25158E+20,5.56358E+21,9.35269E+15,5.02238E+16
39181,6,4,33,8,2018,12,9,1,3,2,6,0,0,1,0,0,0,0,2,4.7157E+20,5.53573E+21,8.60353E+15,4.99733E+16
39182,6,4,33,2,2018,12,9,1,3,3,6,0,0,1,0,0,1,0,2,4.53632E+20,5.5363E+21,8.35331E+15,4.99772E+16
39183,6,5,32,11,2018,12,16,1,3,8,1,2,0,1,0,0,0,0,2,4.44172E+20,5.62286E+21,8.20855E+15,5.07548E+16
39184,6,5,31,18,2018,12,8,3,3,2,6,0,0,1,0,0,1,0,0,4.76043E+20,5.60664E+21,8.66141E+15,5.06111E+16
39185,6,5,33,9,2018,12,7,4,3,5,3,1,0,1,0,0,0,1,1,4.33995E+20,5.58129E+21,8.07166E+15,5.03799E+16
39186,6,4,40,5,2018,12,9,1,3,3,6,0,0,1,0,0,1,0,1,4.78383E+20,5.58715E+21,8.6956E+15,5.0436E+16
39187,6,5,32,6,2018,12,15,4,3,2,6,0,0,0,0,0,1,1,0,4.49753E+20,5.61872E+21,8.28821E+15,5.07181E+16
39188,6,6,33,9,2018,12,23,7,2,9,1,2,0,1,0,0,0,0,0,5.3939E+20,5.69493E+21,9.56629E+15,5.14042E+16
39189,6,6,11,0,2018,12,0,7,3,2,6,2,0,1,0,0,0,0,0,5.35452E+20,5.68541E+21,9.50872E+15,5.13188E+16
39190,6,5,35,13,2018,12,7,3,3,2,6,1,0,1,0,0,0,0,1,5.01625E+20,5.60669E+21,9.02296E+15,5.06121E+16
39191,6,4,14,0,2018,12,5,7,3,1,6,2,0,1,0,0,0,0,0,4.39448E+20,5.54618E+21,8.15395E+15,5.00648E+16
39192,6,4,14,0,2018,12,17,7,3,2,6,2,0,1,0,0,0,0,0,4.4535E+20,5.54812E+21,8.23613E+15,5.00829E+16
39193,6,4,11,0,2018,12,1,7,3,4,6,2,0,1,0,0,0,0,0,4.75254E+20,5.52384E+21,8.65566E+15,4.98665E+16
39194,6,4,37,9,2018,12,6,3,3,1,6,2,0,1,0,0,0,0,2,4.9551E+20,5.51583E+21,8.93762E+15,4.97949E+16
39195,6,6,11,0,2018,12,11,7,3,2,6,0,0,1,0,0,0,0,0,5.33576E+20,5.68251E+21,9.48154E+15,5.1293E+16
39196,6,4,38,6,2018,12,15,7,3,8,7,0,0,1,0,0,0,0,0,4.7441E+20,5.53791E+21,8.64298E+15,4.9993E+16
39197,6,4,14,0,2018,12,17,4,2,1,6,2,0,1,0,0,0,1,0,4.42943E+20,5.55057E+21,8.20212E+15,5.01046E+16
39198,6,4,32,2,2018,12,18,7,3,5,3,2,0,1,0,0,0,0,0,4.96296E+20,5.53536E+21,8.94835E+15,4.99705E+16
39199,6,5,35,12,2018,12,6,3,3,9,1,2,0,1,0,0,0,0,2,5.2437E+20,5.60515E+21,9.34434E+15,5.05978E+16
39200,6,5,32,15,2018,12,1,7,2,4,1,2,0,1,0,0,0,0,0,4.71044E+20,5.60284E+21,8.59105E+15,5.05768E+16
39201,6,6,31,20,2018,12,16,7,2,3,6,0,0,1,0,0,0,1,0,5.50897E+20,5.60276E+21,9.71879E+15,5.05745E+16
39202,6,5,32,23,2018,12,17,3,3,5,2,2,0,1,0,0,0,0,1,4.66442E+20,5.59959E+21,8.52635E+15,5.05473E+16
39203,6,6,31,16,2018,12,0,7,3,8,7,2,0,0,0,0,1,0,0,5.52333E+20,5.58566E+21,9.73668E+15,5.04206E+16
39204,6,4,33,11,2018,12,15,5,3,2,6,0,0,1,0,0,0,0,0,4.62796E+20,5.52044E+21,8.48265E+15,4.98352E+16
39205,6,6,11,0,2018,12,16,2,3,6,4,1,0,0,1,0,0,1,0,5.3659E+20,5.68308E+21,9.52482E+15,5.12979E+16
39206,6,4,13,0,2018,12,18,3,3,2,6,2,0,1,0,0,0,0,0,4.80123E+20,5.54584E+21,8.72227E+15,5.00645E+16
39207,6,6,32,2,2018,12,10,7,3,8,1,0,0,1,0,0,0,0,0,5.54005E+20,5.63428E+21,9.7673E+15,5.08577E+16
39208,6,4,34,4,2018,12,17,4,3,9,1,1,0,0,0,0,0,1,1,4.60301E+20,5.57965E+21,8.44179E+15,5.03676E+16
39209,6,5,35,14,2018,12,8,7,2,8,1,0,0,1,0,0,0,0,0,5.12512E+20,5.61787E+21,9.17722E+15,5.07125E+16
39210,6,4,11,0,2018,12,17,4,2,6,4,2,0,1,1,0,0,0,0,4.76152E+20,5.5252E+21,8.66808E+15,4.98788E+16
39211,6,4,14,0,2018,12,18,7,3,2,6,2,0,1,0,0,0,0,0,4.46327E+20,5.5447E+21,8.25027E+15,5.00522E+16
39212,6,4,12,0,2018,12,17,3,3,6,4,2,0,1,1,0,0,0,0,4.68056E+20,5.55117E+21,8.55323E+15,5.01119E+16
39213,6,4,35,6,2018,12,15,6,3,3,6,0,1,1,0,0,0,0,0,4.94286E+20,5.55852E+21,8.91998E+15,5.01789E+16
39214,6,6,35,7,2018,12,21,6,2,8,1,2,0,1,0,0,0,0,0,4.88149E+20,5.68819E+21,8.82984E+15,5.13449E+16
39215,6,4,14,0,2018,12,6,6,3,1,5,2,0,1,0,0,0,0,0,4.45118E+20,5.54705E+21,8.23304E+15,5.00732E+16
39216,6,5,32,1,2018,12,7,5,3,2,2,1,0,1,0,0,0,0,0,4.62542E+20,5.60399E+21,8.47087E+15,5.05866E+16
39217,6,6,11,0,2018,12,11,2,3,1,5,0,1,1,0,0,0,0,1,5.32741E+20,5.68605E+21,9.46989E+15,5.13248E+16
39218,6,4,14,0,2018,12,16,6,3,3,6,1,0,0,0,0,0,1,0,4.46217E+20,5.54686E+21,8.24843E+15,5.00716E+16
39219,6,4,40,24,2018,12,7,4,2,9,1,1,0,1,0,0,0,0,1,4.92116E+20,5.58515E+21,8.88903E+15,5.04183E+16
39220,6,6,32,2,2018,12,14,2,3,2,6,0,0,1,0,0,0,0,1,5.50814E+20,5.63428E+21,9.72196E+15,5.0858E+16
39221,6,4,13,0,2018,12,14,6,2,5,3,0,1,1,0,0,0,0,0,4.83347E+20,5.54865E+21,8.76719E+15,5.00899E+16
39222,6,5,33,18,2018,12,15,3,2,9,1,0,0,1,0,0,0,0,1,4.53173E+20,5.58431E+21,8.341E+15,5.04089E+16
39223,6,4,12,0,2018,12,15,6,3,5,3,0,1,1,0,0,0,0,0,4.75087E+20,5.55649E+21,8.65122E+15,5.01601E+16
39224,6,4,14,0,2018,12,6,2,3,2,6,2,0,1,0,0,0,0,1,4.45103E+20,5.54753E+21,8.23276E+15,5.00775E+16
39225,6,4,12,0,2018,12,21,6,2,6,7,2,0,0,1,0,0,1,0,4.7335E+20,5.55363E+21,8.6271E+15,5.01343E+16
39226,6,4,12,0,2018,12,11,6,3,1,7,0,0,1,0,0,0,1,0,4.72876E+20,5.55219E+21,8.62057E+15,5.01213E+16
39227,6,4,35,25,2018,12,17,3,3,5,2,2,0,1,0,0,0,0,0,5.37544E+20,5.58145E+21,9.52809E+15,5.03839E+16