OBJECTID_1,ULAND,UREGBEZ,UKREIS,UGEMEINDE,UJAHR,UMONAT,USTUNDE,UWOCHENTAG,UKATEGORIE,UART,UTYP1,ULICHTVERH,IstRad,IstPKW,IstFuss,IstKrad,IstGkfz,IstSonstig,STRZUSTAND,LINREFX,LINREFY,XGCSWGS84,YGCSWGS84
39228,6,4,12,0,2018,12,22,6,3,2,6,2,0,1,0,0,0,0,0,4.74049E+20,5.55008E+21,8.63712E+15,5.01024E+16
39229,6,4,11,0,2018,12,6,6,3,2,6,2,0,1,0,0,0,0,0,4.79763E+20,5.52973E+21,8.7181E+15,4.99196E+16
39230,6,4,37,12,2018,12,1,6,3,8,1,2,0,1,0,0,0,0,0,4.94748E+20,5.50092E+21,8.92723E+15,4.96608E+16
39231,6,4,36,4,2018,12,19,5,3,3,6,2,0,1,0,0,1,0,0,4.59419E+20,5.54494E+21,8.4331E+15,5.00554E+16
39232,6,4,12,0,2018,12,9,2,3,2,6,0,0,1,0,0,0,0,1,4.76394E+20,5.55042E+21,8.66989E+15,5.01056E+16
39233,6,6,34,13,2018,12,16,6,3,5,3,0,0,1,0,0,0,0,0,5.34816E+20,5.66018E+21,9.49715E+15,5.1092E+16
39234,6,5,34,14,2018,12,21,4,3,5,3,2,0,1,0,0,0,0,0,4.83398E+20,5.62912E+21,8.76434E+15,5.08136E+16
39235,6,6,11,0,2018,12,16,6,3,5,2,1,0,1,0,0,0,0,0,5.29093E+20,5.68354E+21,9.41733E+15,5.13024E+16
39236,6,4,40,12,2018,12,21,3,3,5,3,2,0,1,0,0,0,0,0,4.82521E+20,5.56479E+21,8.75491E+15,5.0235E+16
39237,6,6,11,0,2018,12,16,6,3,2,6,2,0,1,0,0,0,0,0,5.32009E+20,5.68472E+21,9.45926E+15,5.13129E+16
39238,6,6,35,9,2018,12,7,2,3,5,3,2,0,1,0,0,0,1,1,5.12407E+20,5.66577E+21,9.17737E+15,5.11433E+16
39239,6,4,39,8,2018,12,17,6,3,5,2,2,0,1,0,0,0,0,0,4.46706E+20,5.56281E+21,8.25302E+15,5.0215E+16
39240,6,4,14,0,2018,12,17,4,3,3,6,2,0,0,0,0,0,1,1,4.46967E+20,5.54677E+21,8.25892E+15,5.00709E+16
39241,6,6,33,29,2018,12,13,2,3,2,6,0,0,1,0,0,0,0,1,5.19879E+20,5.68561E+21,9.28527E+15,5.13215E+16
39242,6,4,39,15,2018,12,22,6,2,8,1,2,0,1,0,0,0,0,0,4.41937E+20,5.55874E+21,8.18681E+15,5.0178E+16
39243,6,6,36,3,2018,12,11,3,3,5,3,0,0,1,0,0,0,0,0,5.74501E+20,5.67052E+21,1.00659E+16,5.11812E+16
39244,6,5,31,5,2018,12,16,4,3,5,3,1,0,1,0,0,0,0,1,4.75516E+20,5.60657E+21,8.65396E+15,5.06105E+16
39245,6,4,38,9,2018,12,16,6,3,7,7,2,0,1,0,0,0,0,0,4.71494E+20,5.54232E+21,8.60198E+15,5.00325E+16
39246,6,4,13,0,2018,12,17,4,2,2,6,2,0,1,0,0,0,0,1,4.80758E+20,5.54655E+21,8.73111E+15,5.00709E+16
39247,6,4,34,6,2018,12,14,6,3,2,6,0,0,1,0,0,0,0,0,4.66424E+20,5.55816E+21,8.5298E+15,5.01747E+16
39248,6,5,33,13,2018,12,16,6,3,5,3,2,0,1,0,0,0,1,0,4.44269E+20,5.5886E+21,8.21506E+15,5.04468E+16
39249,6,4,32,8,2018,12,11,3,3,5,3,0,0,1,0,0,0,0,1,4.67463E+20,5.52304E+21,8.54732E+15,4.98589E+16
39250,6,4,31,11,2018,12,16,6,3,2,6,1,0,1,0,0,0,0,0,4.74103E+20,5.49834E+21,8.64133E+15,4.96371E+16
39251,6,6,33,3,2018,12,18,2,1,6,4,2,0,1,1,0,0,0,1,5.2854E+20,5.67873E+21,9.40902E+15,5.12592E+16
39252,6,4,31,11,2018,12,11,6,2,4,1,0,0,1,0,0,0,0,0,4.75941E+20,5.49924E+21,8.66674E+15,4.96452E+16
39253,6,4,13,0,2018,12,16,4,3,5,3,2,1,1,0,0,0,0,1,4.83347E+20,5.54865E+21,8.7672E+15,5.00899E+16
39254,6,4,35,10,2018,12,18,6,3,5,2,2,0,1,0,0,0,0,0,5.15689E+20,5.56069E+21,9.21982E+15,5.01982E+16
39255,6,4,14,0,2018,12,17,3,3,2,6,2,0,1,0,0,0,0,0,4.45666E+20,5.54373E+21,8.24117E+15,5.00434E+16
39256,6,4,35,10,2018,12,10,6,3,5,2,0,0,1,0,0,0,1,0,5.15683E+20,5.56069E+21,9.21974E+15,5.01982E+16
39257,6,4,40,24,2018,12,13,6,2,5,3,0,0,1,0,0,1,0,0,4.89837E+20,5.58548E+21,8.85694E+15,5.04212E+16
39258,6,4,35,14,2018,12,14,3,3,2,6,0,0,1,0,0,0,0,0,4.97128E+20,5.55188E+21,8.95983E+15,5.01191E+16
39259,6,4,34,2,2018,12,11,6,2,3,6,0,1,0,0,0,0,1,0,4.76807E+20,5.57083E+21,8.67443E+15,5.02891E+16
39260,6,4,33,4,2018,12,21,6,3,5,3,2,0,1,0,0,0,0,0,4.64421E+20,5.51137E+21,8.50606E+15,4.97538E+16
39261,6,5,34,12,2018,12,19,6,3,9,1,2,0,0,0,0,0,1,0,4.82307E+20,5.63361E+21,8.74864E+15,5.08539E+16
39262,6,5,34,13,2018,12,15,3,3,8,1,0,0,1,0,0,0,0,1,4.72403E+20,5.61575E+21,8.60929E+15,5.06929E+16
39263,6,6,31,9,2018,12,7,6,3,6,4,0,0,1,1,0,0,0,0,5.47927E+20,5.59866E+21,9.67632E+15,5.0538E+16
39264,6,5,34,2,2018,12,16,5,3,0,7,2,0,1,0,0,0,0,1,4.5844E+20,5.62827E+21,8.41019E+15,5.08046E+16
39265,6,6,11,0,2018,12,15,2,3,2,6,0,0,1,0,0,0,0,0,5.31352E+20,5.68477E+21,9.44984E+15,5.13133E+16
39266,6,4,35,14,2018,12,7,6,3,5,2,1,0,1,0,0,0,0,0,4.93214E+20,5.55866E+21,8.90496E+15,5.01801E+16
39267,6,6,33,10,2018,12,22,4,2,3,6,2,0,1,0,0,0,0,0,5.29807E+20,5.69776E+21,9.42876E+15,5.14302E+16
39268,6,4,12,0,2018,12,19,6,3,2,6,2,0,1,0,0,0,0,1,4.82253E+20,5.5566E+21,8.75153E+15,5.01614E+16
39269,6,6,34,5,2018,12,16,3,2,2,6,0,0,1,0,0,0,0,0,5.18641E+20,5.66113E+21,9.26624E+15,5.11014E+16
39270,6,5,31,6,2018,12,16,6,2,2,6,1,0,1,0,0,0,1,1,4.92893E+20,5.60411E+21,8.8996E+15,5.05889E+16
39271,6,5,31,4,2018,12,17,6,3,8,1,2,0,1,0,0,0,0,0,4.8454E+20,5.6044E+21,8.78159E+15,5.05913E+16
39272,6,4,35,12,2018,12,6,6,3,7,7,2,0,1,0,0,0,0,0,5.09911E+20,5.56087E+21,9.13887E+15,5.01999E+16
39273,6,6,34,25,2018,12,17,5,2,2,6,2,0,1,0,0,0,0,1,5.20057E+20,5.66074E+21,9.28644E+15,5.10978E+16
39274,6,4,36,7,2018,12,16,2,3,2,1,1,0,1,0,0,0,0,1,4.54919E+20,5.54496E+21,8.37024E+15,5.00552E+16
39275,6,4,12,0,2018,12,9,6,3,2,6,0,0,1,0,0,1,0,0,4.77791E+20,5.54547E+21,8.68972E+15,5.00611E+16
39276,6,4,31,20,2018,12,21,4,3,5,2,2,0,1,0,0,0,0,1,4.70664E+20,5.48752E+21,8.59453E+15,4.95396E+16
39277,6,4,12,0,2018,12,8,6,3,2,6,0,0,1,0,0,0,0,0,4.78827E+20,5.55497E+21,8.70367E+15,5.01466E+16
39278,6,6,31,13,2018,12,16,5,2,8,1,1,0,1,0,0,0,0,1,5.59738E+20,5.60705E+21,9.84433E+15,5.06123E+16
39279,6,4,36,7,2018,12,10,2,3,2,6,0,0,1,0,0,0,0,1,4.60297E+20,5.54817E+21,8.44503E+15,5.00845E+16
39280,6,4,33,12,2018,12,17,6,3,3,6,2,0,1,0,0,0,0,0,4.6168E+20,5.53687E+21,8.46549E+15,4.9983E+16
39281,6,4,31,16,2018,12,9,4,3,2,6,0,0,1,0,0,0,0,1,4.70032E+20,5.50014E+21,8.58482E+15,4.96531E+16
39282,6,4,31,16,2018,12,19,6,3,2,6,2,0,1,0,0,0,0,0,4.67697E+20,5.49934E+21,8.55254E+15,4.96458E+16
39283,6,4,35,19,2018,12,11,3,2,8,1,0,0,1,0,0,0,0,1,4.86587E+20,5.55377E+21,8.81232E+15,5.0136E+16
39284,6,5,33,9,2018,12,13,5,3,5,3,0,0,1,0,0,0,0,0,4.33823E+20,5.5818E+21,8.06915E+15,5.03845E+16
39285,6,4,36,8,2018,12,12,2,3,5,3,0,0,1,0,0,0,0,1,4.59441E+20,5.5548E+21,8.43237E+15,5.0144E+16
39286,6,6,33,15,2018,12,9,5,3,6,2,0,0,1,1,0,0,0,1,5.41912E+20,5.68163E+21,9.60097E+15,5.12845E+16
39287,6,4,14,0,2018,12,16,5,3,2,6,1,0,1,0,0,0,0,0,4.45033E+20,5.54718E+21,8.23184E+15,5.00743E+16
39288,6,4,14,0,2018,12,10,5,3,8,1,0,0,1,0,0,1,0,1,4.52156E+20,5.54506E+21,8.33164E+15,5.00559E+16
39289,6,4,31,4,2018,12,17,2,3,5,3,2,0,1,0,0,0,0,0,4.7964E+20,5.49185E+21,8.71836E+15,4.95789E+16
39290,6,4,12,0,2018,12,18,5,3,5,3,2,0,1,0,0,0,0,0,4.72573E+20,5.55519E+21,8.61612E+15,5.01483E+16
39291,6,4,12,0,2018,12,18,3,3,2,6,2,0,1,0,0,0,0,0,4.78817E+20,5.54557E+21,8.70404E+15,5.00621E+16
39292,6,4,38,11,2018,12,17,4,3,2,6,2,0,1,0,0,0,0,1,4.92189E+20,5.54439E+21,8.89089E+15,5.00517E+16
39293,6,4,32,23,2018,12,5,5,3,2,6,2,0,1,0,0,0,0,1,4.70805E+20,5.53096E+21,8.59322E+15,4.99303E+16
39294,6,4,37,9,2018,12,15,3,2,2,6,0,0,1,0,0,1,0,0,5.00905E+20,5.51755E+21,9.01258E+15,4.98104E+16
39295,6,4,11,0,2018,12,14,5,3,3,2,0,1,1,0,0,0,0,0,4.7522E+20,5.52474E+21,8.65513E+15,4.98745E+16
39296,6,4,33,10,2018,12,20,2,3,5,3,2,0,1,0,0,0,0,1,4.6258E+20,5.54181E+21,8.47756E+15,5.00274E+16
39297,6,4,31,11,2018,12,23,3,3,8,1,2,0,1,0,0,0,0,1,4.75056E+20,5.49924E+21,8.65449E+15,4.96452E+16
39298,6,6,33,6,2018,12,18,5,2,5,2,2,0,1,0,0,0,0,0,5.17788E+20,5.67522E+21,9.25475E+15,5.1228E+16
39299,6,4,33,2,2018,12,18,2,3,5,2,2,1,1,0,0,0,0,1,4.52783E+20,5.53815E+21,8.34125E+15,4.99938E+16
39300,6,6,34,5,2018,12,17,5,2,4,6,2,0,1,0,0,0,0,0,5.16994E+20,5.66366E+21,9.24284E+15,5.11241E+16
39301,6,4,35,4,2018,12,10,5,3,1,5,0,0,1,0,1,0,0,0,5.22078E+20,5.57781E+21,9.31034E+15,5.03519E+16
39302,6,5,33,8,2018,12,8,4,3,2,6,0,0,1,0,0,0,1,1,4.36626E+20,5.57843E+21,8.10914E+15,5.03545E+16
39303,6,5,34,14,2018,12,19,2,3,5,2,2,1,1,0,0,0,0,1,4.83737E+20,5.62923E+21,8.76915E+15,5.08145E+16
39304,6,4,34,8,2018,12,21,5,3,2,6,2,0,1,0,0,0,0,0,4.70767E+20,5.56046E+21,8.59043E+15,5.01956E+16
39305,6,4,12,0,2018,12,17,4,3,2,6,1,0,1,0,0,0,0,1,4.74522E+20,5.54507E+21,8.64408E+15,5.00573E+16
39306,6,4,36,7,2018,12,10,5,3,5,3,0,0,1,0,0,0,0,0,4.5974E+20,5.54689E+21,8.43739E+15,5.00729E+16
39307,6,6,33,8,2018,12,16,3,2,7,7,2,0,1,0,0,0,0,0,5.34367E+20,5.67594E+21,9.49225E+15,5.12338E+16
39308,6,4,36,2,2018,12,20,5,2,6,4,2,0,0,1,0,0,1,0,4.56553E+20,5.55428E+21,8.39201E+15,5.01392E+16
39309,6,5,34,10,2018,12,16,3,3,5,3,1,0,1,0,0,0,0,0,4.72657E+20,5.62376E+21,8.61228E+15,5.0765E+16
39310,6,4,38,1,2018,12,19,5,3,2,6,2,0,1,0,0,0,1,0,4.83439E+20,5.54162E+21,8.76879E+15,5.00267E+16
39311,6,6,31,18,2018,12,17,2,3,2,6,2,0,1,0,0,0,0,1,5.34058E+20,5.58993E+21,9.47982E+15,5.04604E+16
39312,6,4,32,15,2018,12,9,5,3,2,6,0,0,1,0,0,0,0,0,4.92091E+20,5.52975E+21,8.88982E+15,4.99201E+16
39313,6,4,12,0,2018,12,12,4,3,5,3,0,0,1,0,0,0,1,1,4.76014E+20,5.55025E+21,8.66459E+15,5.0104E+16
39314,6,6,31,20,2018,12,17,2,3,8,1,2,0,1,0,0,0,0,1,5.50995E+20,5.60284E+21,9.72018E+15,5.05753E+16
39315,6,4,32,10,2018,12,12,5,3,2,6,0,0,1,0,0,0,0,0,4.93977E+20,5.52341E+21,8.91619E+15,4.9863E+16
39316,6,4,32,8,2018,12,20,5,3,5,3,2,1,1,0,0,0,0,0,4.68256E+20,5.52316E+21,8.55834E+15,4.986E+16
39317,6,4,14,0,2018,12,21,4,3,5,3,2,0,1,0,0,0,0,0,4.44709E+20,5.54676E+21,8.22737E+15,5.00706E+16
39318,6,6,31,9,2018,12,17,2,2,6,4,2,0,1,1,0,0,0,1,5.48039E+20,5.60098E+21,9.6782E+15,5.05587E+16
39319,6,4,40,6,2018,12,20,5,3,1,5,2,0,1,0,0,0,0,0,4.92461E+20,5.57944E+21,8.89399E+15,5.0367E+16
39320,6,6,32,15,2018,12,13,3,3,2,2,0,0,1,0,0,0,0,0,5.41239E+20,5.62508E+21,9.5849E+15,5.0776E+16
39321,6,4,40,24,2018,12,7,5,3,5,3,0,0,1,0,0,0,0,0,4.85902E+20,5.58259E+21,8.80166E+15,5.03952E+16
39322,6,4,33,2,2018,12,18,5,3,5,3,2,0,1,0,0,1,0,0,4.55398E+20,5.53605E+21,8.37797E+15,4.99751E+16
39323,6,5,32,23,2018,12,17,3,3,5,2,2,1,1,0,0,0,0,0,4.64419E+20,5.60029E+21,8.49773E+15,5.05535E+16
39324,6,4,33,6,2018,12,15,5,3,2,6,0,0,1,0,0,0,0,0,4.64198E+20,5.52856E+21,8.50139E+15,4.99084E+16
39325,6,4,33,12,2018,12,14,5,3,5,2,0,0,1,0,0,0,0,0,4.58634E+20,5.53756E+21,8.42293E+15,4.9989E+16
39326,6,4,35,14,2018,12,15,2,3,5,3,0,1,1,0,0,0,0,1,4.94419E+20,5.55307E+21,8.92191E+15,5.01298E+16
39327,6,5,34,16,2018,12,16,5,3,5,3,0,0,1,0,0,0,0,0,5.06731E+20,5.63284E+21,9.09561E+15,5.08472E+16
39328,6,4,35,28,2018,12,11,4,3,9,1,0,0,1,0,0,0,0,1,5.30458E+20,5.57472E+21,9.42787E+15,5.03238E+16
39329,6,5,34,12,2018,12,14,5,3,4,1,0,0,1,0,0,0,0,1,4.77717E+20,5.6325E+21,8.68351E+15,5.08438E+16
39330,6,4,39,8,2018,12,17,3,3,2,6,2,0,1,0,0,0,0,1,4.46774E+20,5.5637E+21,8.25385E+15,5.02231E+16
39331,6,6,31,2,2018,12,16,5,3,5,3,1,0,1,0,0,0,0,0,5.50738E+20,5.61818E+21,9.71866E+15,5.07132E+16
39332,6,6,31,10,2018,12,9,5,3,4,6,0,0,1,0,0,1,0,1,5.62168E+20,5.59082E+21,9.87596E+15,5.04661E+16
39333,6,4,14,0,2018,12,17,3,3,5,3,2,0,0,0,0,0,1,0,4.45346E+20,5.54791E+21,8.2361E+15,5.00809E+16
39334,6,6,31,9,2018,12,16,5,2,2,6,1,0,1,0,0,0,0,0,5.49462E+20,5.60069E+21,9.69826E+15,5.0556E+16
39335,6,6,31,6,2018,12,12,5,2,5,2,0,0,1,0,0,0,0,0,5.48553E+20,5.59375E+21,9.68451E+15,5.04937E+16
39336,6,5,32,23,2018,12,9,5,3,2,6,0,0,1,0,0,0,0,0,4.64273E+20,5.60012E+21,8.49568E+15,5.05519E+16
39337,6,5,32,23,2018,12,22,5,3,4,6,2,0,1,0,0,0,0,1,4.63725E+20,5.60318E+21,8.48766E+15,5.05794E+16
39338,6,4,35,14,2018,12,19,2,2,6,2,2,0,1,1,0,0,0,0,4.94512E+20,5.55424E+21,8.92321E+15,5.01404E+16
39339,6,5,31,5,2018,12,7,5,2,5,2,2,0,1,1,0,0,0,0,4.76937E+20,5.60312E+21,8.67426E+15,5.05796E+16
39340,6,5,32,6,2018,12,17,4,3,2,6,2,0,1,0,0,0,0,1,4.48897E+20,5.62147E+21,8.27572E+15,5.07428E+16
39341,6,5,35,11,2018,12,14,2,3,8,1,0,0,1,0,0,0,0,1,5.25216E+20,5.60994E+21,9.35661E+15,5.06408E+16
39342,6,4,35,14,2018,12,18,5,3,2,6,2,0,1,0,0,0,0,0,4.9775E+20,5.55297E+21,8.96852E+15,5.0129E+16
39343,6,4,34,1,2018,12,17,3,3,5,2,2,0,1,0,0,0,0,0,4.73673E+20,5.56233E+21,8.63102E+15,5.02125E+16
39344,6,4,12,0,2018,12,17,5,3,2,6,2,0,1,0,0,0,0,0,4.74131E+20,5.55357E+21,8.63804E+15,5.01338E+16
39345,6,5,32,21,2018,12,15,2,2,3,6,0,0,1,0,0,1,0,0,4.58748E+20,5.60015E+21,8.4177E+15,5.05518E+16
39346,6,4,12,0,2018,12,14,5,2,2,6,0,0,0,0,0,1,0,0,4.72701E+20,5.55904E+21,8.61764E+15,5.01829E+16
39347,6,4,12,0,2018,12,9,5,3,2,6,0,0,1,0,0,0,0,0,4.75029E+20,5.56057E+21,8.65013E+15,5.01968E+16
39348,6,5,32,1,2018,12,18,5,3,9,7,2,0,1,0,0,0,0,1,4.62604E+20,5.60584E+21,8.47155E+15,5.06033E+16
39349,6,5,32,23,2018,12,12,2,3,5,3,0,0,1,0,0,0,0,1,4.65511E+20,5.60023E+21,8.51315E+15,5.0553E+16
39350,6,4,12,0,2018,12,19,5,3,2,6,2,0,1,0,0,0,0,0,4.6776E+20,5.5522E+21,8.54901E+15,5.01211E+16
39351,6,4,14,0,2018,12,18,5,3,2,6,2,0,1,0,0,0,0,0,4.47919E+20,5.54469E+21,8.2725E+15,5.00522E+16
39352,6,4,12,0,2018,12,11,5,1,9,1,0,0,1,0,0,0,0,1,4.66401E+20,5.55145E+21,8.53007E+15,5.01143E+16
39353,6,4,36,6,2018,12,14,5,3,2,6,0,0,1,0,0,0,0,0,4.52675E+20,5.54036E+21,8.33946E+15,5.00137E+16
39354,6,4,33,12,2018,12,22,4,3,9,1,2,0,1,0,0,0,0,1,4.5554E+20,5.53744E+21,8.37979E+15,4.99876E+16
39355,6,4,33,9,2018,12,9,5,1,9,1,0,0,1,0,0,1,0,0,4.62424E+20,5.53378E+21,8.47617E+15,4.99552E+16
39356,6,4,35,29,2018,12,21,3,2,8,1,2,0,1,0,0,0,0,1,5.17581E+20,5.571E+21,9.24681E+15,5.02909E+16
39357,6,4,40,23,2018,12,13,5,2,2,6,0,0,1,0,0,1,0,0,4.76585E+20,5.57089E+21,8.6713E+15,5.02897E+16
39358,6,4,35,13,2018,12,7,4,3,5,2,1,0,1,0,0,0,0,1,4.99911E+20,5.56564E+21,8.99875E+15,5.02429E+16
39359,6,4,14,0,2018,12,15,4,3,6,2,0,0,0,1,0,0,1,1,4.42677E+20,5.5439E+21,8.19941E+15,5.00446E+16
39360,6,6,32,15,2018,12,10,4,2,9,1,0,0,1,0,0,0,0,1,5.43364E+20,5.62722E+21,9.61529E+15,5.07951E+16
39361,6,5,31,5,2018,12,16,3,3,0,7,0,1,1,0,0,0,0,0,4.77542E+20,5.60355E+21,8.68278E+15,5.05834E+16
39362,6,5,35,4,2018,12,12,4,1,5,3,0,1,1,0,0,0,0,0,5.29247E+20,5.58563E+21,9.41171E+15,5.0422E+16
39363,6,5,33,9,2018,12,15,4,3,2,6,0,0,1,0,0,0,0,0,4.33181E+20,5.58199E+21,8.06009E+15,5.03862E+16
39364,6,4,33,6,2018,12,17,3,3,3,6,2,0,1,0,0,0,0,0,4.62133E+20,5.53008E+21,8.47248E+15,4.99219E+16
39365,6,6,34,11,2018,12,22,4,3,2,7,2,0,0,0,0,1,1,0,5.3332E+20,5.64973E+21,9.47483E+15,5.09982E+16
39366,6,6,11,0,2018,12,7,4,3,5,2,2,1,1,0,0,0,0,1,5.36607E+20,5.68445E+21,9.52521E+15,5.13102E+16
39367,6,6,33,9,2018,12,13,4,3,9,1,0,0,1,0,0,0,0,1,5.35303E+20,5.69366E+21,9.50741E+15,5.1393E+16
39368,6,4,37,9,2018,12,6,3,3,9,1,2,0,1,0,0,0,0,2,4.95509E+20,5.51578E+21,8.9376E+15,4.97945E+16
39369,6,6,11,0,2018,12,7,4,3,6,2,0,0,1,1,0,0,0,0,5.35447E+20,5.68543E+21,9.50866E+15,5.1319E+16
39370,6,4,36,1,2018,12,16,4,3,4,1,1,0,1,0,0,0,0,1,4.64534E+20,5.55338E+21,8.50377E+15,5.01316E+16
39371,6,4,14,0,2018,12,7,4,3,2,6,0,0,1,0,0,0,0,1,4.45989E+20,5.54688E+21,8.24523E+15,5.00718E+16
39372,6,4,12,0,2018,12,18,4,3,0,2,2,0,1,0,0,0,1,0,4.73705E+20,5.55003E+21,8.63232E+15,5.01019E+16
39373,6,6,11,0,2018,12,13,3,3,6,4,0,1,0,1,0,0,0,0,5.35746E+20,5.68588E+21,9.513E+15,5.13231E+16
39374,6,4,11,0,2018,12,18,4,2,6,4,2,0,1,1,0,0,0,0,4.74588E+20,5.52239E+21,8.64649E+15,4.98534E+16
39375,6,4,11,0,2018,12,19,4,3,2,2,2,0,1,0,0,0,0,0,4.75375E+20,5.52387E+21,8.65735E+15,4.98667E+16
39376,6,5,32,1,2018,12,5,3,2,6,4,2,0,1,1,0,0,0,1,4.6201E+20,5.60442E+21,8.4633E+15,5.05904E+16
39377,6,6,34,4,2018,12,17,4,3,3,6,2,1,1,0,0,0,0,0,5.21405E+20,5.64912E+21,9.305E+15,5.09933E+16
39378,6,5,34,18,2018,12,8,5,3,2,6,0,0,1,0,0,0,0,1,5.00869E+20,5.6293E+21,9.01234E+15,5.08155E+16
39379,6,4,36,6,2018,12,6,3,3,8,1,2,0,1,0,0,0,0,0,4.57164E+20,5.54388E+21,8.40172E+15,5.00457E+16
39380,6,6,11,0,2018,12,14,4,3,6,4,0,0,1,1,0,0,0,0,5.32393E+20,5.68102E+21,9.46444E+15,5.12796E+16
39381,6,4,38,8,2018,12,16,4,2,6,4,0,0,1,1,0,0,0,0,4.89671E+20,5.54914E+21,8.85559E+15,5.00944E+16
39382,6,4,38,6,2018,12,18,4,3,2,6,2,0,1,0,0,0,1,0,4.77878E+20,5.53761E+21,8.69138E+15,4.99904E+16
39383,6,6,34,22,2018,12,18,4,2,8,1,2,0,1,0,0,0,0,1,5.09043E+20,5.63558E+21,9.12851E+15,5.08718E+16
39384,6,4,35,19,2018,12,17,4,3,3,6,0,0,1,0,0,0,0,0,4.85599E+20,5.55398E+21,8.79848E+15,5.01378E+16
39385,6,6,11,0,2018,12,12,3,3,5,3,0,0,1,0,0,0,0,0,5.31599E+20,5.68062E+21,9.45302E+15,5.12761E+16
39386,6,4,36,2,2018,12,7,4,3,2,6,1,0,1,0,0,0,0,0,4.51999E+20,5.55464E+21,8.32824E+15,5.0142E+16
39387,6,4,40,12,2018,12,16,4,3,9,7,1,0,1,0,0,0,0,0,4.84606E+20,5.56116E+21,8.7843E+15,5.02024E+16
39388,6,4,40,5,2018,12,16,4,3,6,7,1,0,1,1,0,0,0,1,4.77436E+20,5.58491E+21,8.6824E+15,5.04158E+16
39389,6,6,34,25,2018,12,18,5,3,2,6,2,0,1,0,0,0,0,0,5.20604E+20,5.66125E+21,9.29428E+15,5.11024E+16
39390,6,5,32,6,2018,12,1,4,3,8,1,2,0,1,0,0,0,0,1,4.4866E+20,5.62145E+21,8.27236E+15,5.07426E+16
39391,6,4,40,8,2018,12,7,4,3,2,6,1,0,1,0,0,0,0,1,4.81418E+20,5.57391E+21,8.739E+15,5.0317E+16
39392,6,5,35,16,2018,12,13,2,3,4,6,0,0,1,0,0,0,0,2,5.11438E+20,5.59764E+21,9.16139E+15,5.05306E+16
39393,6,4,40,24,2018,12,13,4,3,2,6,0,0,1,0,0,0,0,0,4.86917E+20,5.5829E+21,8.81592E+15,5.0398E+16
39394,6,5,33,17,2018,12,16,3,3,2,6,2,0,1,0,0,0,0,0,4.48392E+20,5.59241E+21,8.27261E+15,5.04814E+16
39395,6,4,11,0,2018,12,6,1,3,8,1,2,0,1,0,0,0,0,0,4.73289E+20,5.52095E+21,8.62852E+15,4.98404E+16
39396,8,2,11,0,2018,1,1,2,2,6,4,2,0,1,1,0,0,0,1,4.46818E+20,5.40262E+21,8.27616E+15,4.87743E+16
39397,6,4,12,0,2018,12,21,3,3,5,2,2,0,1,0,0,0,0,0,4.68937E+20,5.55281E+21,8.56542E+15,5.01267E+16
39398,6,4,40,15,2018,12,19,1,3,8,7,2,0,1,0,0,0,0,1,4.80257E+20,5.59033E+21,8.72183E+15,5.04647E+16
39399,6,4,35,4,2018,12,17,1,3,8,1,2,0,1,0,0,0,0,1,5.22685E+20,5.58764E+21,9.31946E+15,5.04403E+16
39400,6,6,11,0,2018,12,17,1,3,5,3,2,0,1,0,0,0,0,1,5.32368E+20,5.68128E+21,9.4641E+15,5.12819E+16
39401,6,4,12,0,2018,12,15,7,3,2,6,0,0,1,0,0,0,0,1,4.71744E+20,5.54488E+21,8.60528E+15,5.00555E+16
39402,6,5,35,16,2018,12,13,7,3,9,1,0,0,1,0,0,0,0,1,5.17831E+20,5.5965E+21,9.25153E+15,5.05202E+16
39403,6,4,39,2,2018,12,10,6,3,9,1,0,0,1,0,0,0,0,0,4.3119E+20,5.55579E+21,8.03685E+15,5.01504E+16
39404,8,1,27,23,2018,1,7,3,3,5,3,2,1,1,0,0,0,0,1,5.5255E+20,5.4261E+21,9.71826E+15,4.89855E+16
39405,6,5,33,16,2018,12,22,7,2,6,1,2,0,1,1,0,0,0,1,4.37189E+20,5.59432E+21,8.11439E+15,5.04975E+16
39406,6,6,34,15,2018,12,22,2,3,9,1,2,0,1,0,0,0,0,1,5.44209E+20,5.65662E+21,9.63084E+15,5.10594E+16
39407,6,6,33,18,2018,12,11,2,3,8,1,0,0,1,0,0,0,0,1,5.15807E+20,5.67515E+21,9.22638E+15,5.12275E+16
39408,6,4,14,0,2018,12,16,7,3,5,3,1,0,1,0,0,0,0,0,4.45007E+20,5.54718E+21,8.23147E+15,5.00744E+16
39409,6,6,11,0,2018,12,20,7,3,5,2,2,0,1,0,0,0,0,1,5.34718E+20,5.68575E+21,9.49823E+15,5.1322E+16
39410,6,6,31,9,2018,12,10,1,3,9,1,0,0,1,0,0,0,0,1,5.48424E+20,5.59656E+21,9.68306E+15,5.0519E+16
39411,8,1,16,15,2018,1,0,4,2,8,7,2,0,0,0,0,1,0,1,5.22057E+20,5.39337E+21,9.29972E+15,4.8693E+16
39412,6,4,13,0,2018,12,11,7,3,2,6,0,0,1,0,0,0,0,1,4.82433E+20,5.54954E+21,8.75438E+15,5.00979E+16
39413,6,5,31,16,2018,12,15,1,2,2,6,0,0,1,0,0,0,0,0,4.90609E+20,5.60677E+21,8.86727E+15,5.06128E+16
39414,6,4,35,18,2018,12,19,1,3,5,2,2,0,1,0,0,0,0,1,5.139E+20,5.55952E+21,9.19471E+15,5.01877E+16
39415,8,2,31,0,2018,1,7,4,3,2,6,2,0,1,0,0,0,0,1,4.84717E+20,5.41377E+21,8.79157E+15,4.88767E+16