OBJECTID_1,ULAND,UREGBEZ,UKREIS,UGEMEINDE,UJAHR,UMONAT,USTUNDE,UWOCHENTAG,UKATEGORIE,UART,UTYP1,ULICHTVERH,IstRad,IstPKW,IstFuss,IstKrad,IstGkfz,IstSonstig,STRZUSTAND,LINREFX,LINREFY,XGCSWGS84,YGCSWGS84
39416,6,5,34,5,2018,12,20,5,3,9,1,2,0,1,0,0,0,0,1,4.59922E+20,5.63525E+21,8.43047E+15,5.08676E+16
39417,6,4,14,0,2018,12,22,6,2,5,3,2,0,1,0,0,0,0,0,4.44663E+20,5.54758E+21,8.22661E+15,5.00779E+16
39418,6,6,33,27,2018,12,18,7,3,2,2,2,0,1,0,0,0,0,1,5.39252E+20,5.71936E+21,9.56703E+15,5.16239E+16
39419,6,4,32,2,2018,12,13,5,3,2,6,0,0,1,0,0,0,0,1,4.93966E+20,5.53164E+21,8.91592E+15,4.99371E+16
39420,6,6,33,29,2018,12,12,6,2,2,6,0,0,1,0,0,0,0,0,5.17528E+20,5.69225E+21,9.25186E+15,5.13813E+16
39421,8,1,18,48,2018,1,12,3,3,5,3,0,0,1,0,0,0,0,1,5.12993E+20,5.41529E+21,9.17725E+15,4.88904E+16
39422,6,6,33,13,2018,12,15,7,3,9,1,0,0,1,0,0,0,0,1,5.24407E+20,5.70267E+21,9.35143E+15,5.14747E+16
39423,6,4,32,10,2018,12,20,2,3,5,3,2,0,1,0,0,0,0,1,4.95375E+20,5.52628E+21,8.93561E+15,4.98889E+16
39424,6,4,34,7,2018,12,9,2,3,5,3,0,0,1,0,0,0,0,0,4.64809E+20,5.5708E+21,8.50601E+15,5.02882E+16
39425,6,6,11,0,2018,12,11,7,3,5,3,0,1,0,0,0,0,1,1,5.28826E+20,5.68309E+21,9.41346E+15,5.12984E+16
39426,6,4,12,0,2018,12,17,7,3,2,6,2,0,1,0,0,0,0,1,4.7494E+20,5.55434E+21,8.64931E+15,5.01408E+16
39427,6,5,35,13,2018,12,15,1,3,2,6,0,0,1,0,0,0,0,1,5.01595E+20,5.61288E+21,9.02258E+15,5.06678E+16
39428,8,1,18,46,2018,1,9,4,3,5,3,0,1,1,0,0,0,0,1,5.13414E+20,5.4124E+21,9.1829E+15,4.88645E+16
39429,6,6,34,5,2018,12,2,7,2,9,1,2,0,1,0,0,0,0,0,5.19973E+20,5.66353E+21,9.2854E+15,5.11229E+16
39430,8,3,15,43,2018,1,21,2,3,1,1,2,0,1,0,0,0,0,0,4.05485E+20,5.32272E+21,7.73171E+15,4.80507E+16
39431,6,6,35,4,2018,12,18,7,1,6,1,2,0,1,1,0,0,0,1,4.70892E+20,5.65305E+21,8.58492E+15,5.10283E+16
39432,6,5,31,3,2018,12,20,5,3,6,4,1,0,1,1,0,0,0,0,4.87816E+20,5.60895E+21,8.82772E+15,5.06323E+16
39433,8,4,16,41,2018,1,2,2,2,6,4,2,0,1,1,0,0,0,0,5.04509E+20,5.37366E+21,9.06106E+15,4.85161E+16
39434,6,4,39,8,2018,12,21,7,3,5,3,2,0,1,0,0,0,0,1,4.46765E+20,5.56295E+21,8.25384E+15,5.02163E+16
39435,6,6,31,9,2018,12,12,2,3,5,2,0,0,1,0,0,0,0,1,5.50172E+20,5.59993E+21,9.70818E+15,5.05492E+16
39436,6,5,34,5,2018,12,9,2,3,5,3,0,1,1,0,0,0,0,1,4.61544E+20,5.6379E+21,8.45323E+15,5.08915E+16
39437,6,4,39,15,2018,12,9,7,3,2,6,0,0,1,0,0,0,0,1,4.41294E+20,5.55574E+21,8.17826E+15,5.0151E+16
39438,6,4,39,3,2018,12,10,7,3,8,1,0,0,1,0,0,0,0,1,4.38495E+20,5.54412E+21,8.14097E+15,5.00462E+16
39439,6,4,39,13,2018,12,12,7,3,5,3,0,0,1,0,0,0,0,0,4.22695E+20,5.5367E+21,7.92182E+15,4.99777E+16
39440,8,4,15,58,2018,1,11,3,3,5,3,0,0,1,0,0,0,0,1,5.28576E+20,5.34481E+21,9.38499E+15,4.82559E+16
39441,6,4,34,3,2018,12,10,7,3,6,4,0,0,1,1,0,0,0,1,4.57435E+20,5.56302E+21,8.40337E+15,5.02178E+16
39442,8,2,15,59,2018,1,2,2,3,2,6,2,0,1,0,0,0,0,1,4.83749E+20,5.43693E+21,8.77744E+15,4.9085E+16
39443,6,4,31,6,2018,12,14,4,2,2,6,0,0,1,0,0,0,0,0,4.67239E+20,5.50678E+21,8.54557E+15,4.97127E+16
39444,6,4,35,12,2018,12,20,7,3,4,1,2,0,1,0,0,0,0,1,5.083E+20,5.5622E+21,9.11633E+15,5.02119E+16
39445,6,6,34,14,2018,12,9,1,3,8,1,0,0,1,0,0,0,0,1,5.41001E+20,5.66237E+21,9.58572E+15,5.11113E+16
39446,6,6,34,26,2018,12,2,1,3,8,1,2,0,1,0,0,0,0,1,5.18071E+20,5.63687E+21,9.25689E+15,5.08832E+16
39447,6,5,32,15,2018,12,13,7,3,2,2,0,0,1,0,0,0,0,1,4.69281E+20,5.60196E+21,8.56622E+15,5.05688E+16
39448,6,4,35,9,2018,12,16,7,2,2,2,1,0,1,0,1,0,0,1,5.08837E+20,5.5549E+21,9.12368E+15,5.01463E+16
39449,6,6,11,0,2018,12,14,6,3,5,2,0,0,1,0,0,0,0,0,5.31479E+20,5.68417E+21,9.45161E+15,5.1308E+16
39450,6,6,33,3,2018,12,14,2,3,9,1,0,0,1,0,0,0,0,1,5.31557E+20,5.67947E+21,9.45232E+15,5.12657E+16
39451,6,5,32,22,2018,12,2,2,3,8,1,2,0,1,0,0,0,0,1,4.61081E+20,5.59007E+21,8.45168E+15,5.04613E+16
39452,6,5,32,8,2018,12,5,7,2,6,6,2,0,1,1,0,0,0,1,4.546E+20,5.6072E+21,8.35829E+15,5.06149E+16
39453,6,5,35,17,2018,12,20,7,3,3,6,2,0,1,0,0,0,0,1,5.20268E+20,5.61901E+21,9.28714E+15,5.07225E+16
39454,6,4,40,23,2018,12,12,7,3,2,6,0,0,1,0,0,0,0,1,4.78103E+20,5.5721E+21,8.69254E+15,5.03006E+16
39455,8,2,26,103,2018,1,11,3,3,1,6,0,0,1,0,0,0,0,0,4.71933E+20,5.45908E+21,8.61407E+15,4.92838E+16
39456,6,4,31,13,2018,12,16,7,3,2,6,1,0,1,0,0,0,0,0,4.55621E+20,5.49902E+21,8.38531E+15,4.96421E+16
39457,6,4,32,10,2018,12,6,5,3,5,3,2,0,1,0,0,0,1,1,4.96023E+20,5.52741E+21,8.94463E+15,4.98991E+16
39458,8,1,26,20,2018,1,13,2,3,8,1,0,0,1,0,0,0,0,0,5.52105E+20,5.46865E+21,9.71769E+15,4.93683E+16
39459,6,4,35,25,2018,12,14,3,3,2,2,0,0,1,0,0,0,0,0,5.35441E+20,5.57541E+21,9.49793E+15,5.03297E+16
39460,6,4,33,6,2018,12,10,7,2,5,3,0,1,1,0,0,0,0,0,4.63086E+20,5.5289E+21,8.48587E+15,4.99113E+16
39461,6,4,35,14,2018,12,22,1,3,5,3,2,0,1,0,0,0,0,1,4.93825E+20,5.55325E+21,8.9136E+15,5.01315E+16
39462,6,6,35,12,2018,12,18,1,3,9,1,2,0,1,0,0,0,0,1,4.99042E+20,5.64805E+21,8.98635E+15,5.0984E+16
39463,8,2,37,19,2018,1,17,4,3,6,4,2,0,0,1,0,0,1,1,4.63385E+20,5.36837E+21,8.50466E+15,4.84674E+16
39464,6,4,31,20,2018,12,16,5,3,5,3,1,0,1,0,0,0,0,1,4.69645E+20,5.48651E+21,8.58052E+15,4.95304E+16
39465,6,4,34,2,2018,12,6,7,2,2,6,2,0,1,0,0,1,1,1,4.75954E+20,5.56671E+21,8.66272E+15,5.0252E+16
39466,6,5,34,14,2018,12,22,7,3,8,1,2,0,1,0,0,0,0,1,4.83094E+20,5.62646E+21,8.76015E+15,5.07896E+16
39467,6,4,32,11,2018,12,7,5,3,5,3,2,0,1,0,1,0,0,1,4.87816E+20,5.52405E+21,8.83045E+15,4.98687E+16
39468,6,5,32,9,2018,12,21,6,3,9,1,2,0,1,0,0,0,0,2,4.58285E+20,5.62563E+21,8.40829E+15,5.07809E+16
39469,8,1,25,111,2018,1,12,3,2,8,7,0,0,1,0,0,0,0,0,5.2571E+20,5.45628E+21,9.35334E+15,4.92588E+16
39470,6,5,32,23,2018,12,15,7,3,2,6,0,0,1,0,0,0,1,1,4.62869E+20,5.59995E+21,8.47588E+15,5.05503E+16
39471,6,4,39,15,2018,12,1,2,3,9,1,2,0,1,0,0,0,0,1,4.41978E+20,5.55831E+21,8.18746E+15,5.01741E+16
39472,6,6,33,3,2018,12,14,2,3,9,1,0,0,1,0,0,0,0,1,5.29614E+20,5.67917E+21,9.42444E+15,5.12631E+16
39473,6,4,31,17,2018,12,14,5,3,2,6,0,0,1,0,0,0,0,0,4.83558E+20,5.49202E+21,8.77255E+15,4.95806E+16
39474,8,1,11,0,2018,1,13,3,3,2,6,0,0,1,0,0,0,0,0,5.12974E+20,5.39449E+21,9.17633E+15,4.87033E+16
39475,6,5,31,12,2018,12,11,7,2,2,6,0,0,1,0,0,0,0,1,4.75173E+20,5.59828E+21,8.64966E+15,5.05359E+16
39476,6,5,33,8,2018,12,10,2,3,2,6,0,1,1,0,0,0,0,1,4.4068E+20,5.57E+21,8.16745E+15,5.02791E+16
39477,6,6,32,14,2018,12,13,3,3,2,7,0,0,1,0,0,0,0,0,5.40409E+20,5.6401E+21,9.57478E+15,5.09111E+16
39478,6,5,31,12,2018,12,11,7,1,4,6,0,0,1,0,0,0,0,1,4.74994E+20,5.59983E+21,8.64703E+15,5.05499E+16
39479,6,6,32,2,2018,12,15,7,3,0,1,0,0,0,0,1,0,0,1,5.50697E+20,5.63507E+21,9.72041E+15,5.08651E+16
39480,6,4,33,12,2018,12,4,1,3,5,3,2,0,1,0,0,0,0,1,4.58629E+20,5.53756E+21,8.42287E+15,4.9989E+16
39481,8,2,26,102,2018,1,20,4,3,0,1,2,0,1,0,0,0,0,1,4.83353E+20,5.45394E+21,8.77132E+15,4.9238E+16
39482,6,4,31,2,2018,12,14,5,3,5,3,0,0,1,0,0,0,0,0,4.71527E+20,5.50249E+21,8.60536E+15,4.96742E+16
39483,6,4,38,11,2018,12,12,7,3,2,6,0,0,1,0,0,0,0,1,4.91383E+20,5.54524E+21,8.87962E+15,5.00594E+16
39484,6,6,32,14,2018,12,1,6,3,9,1,2,0,1,0,0,0,0,0,5.40834E+20,5.6377E+21,9.58055E+15,5.08895E+16
39485,8,1,11,0,2018,1,22,3,3,5,3,2,0,1,0,0,0,0,1,5.12811E+20,5.40184E+21,9.17435E+15,4.87694E+16
39486,6,6,33,23,2018,12,23,7,2,9,1,2,0,1,0,0,0,0,1,5.21423E+20,5.68391E+21,9.30733E+15,5.13061E+16
39487,6,4,11,0,2018,12,9,2,3,5,3,0,1,1,0,0,0,0,0,4.72944E+20,5.51809E+21,8.62392E+15,4.98147E+16
39488,6,4,35,2,2018,12,10,2,3,5,3,0,0,1,0,0,0,0,1,5.26394E+20,5.57026E+21,9.37047E+15,5.02839E+16
39489,6,6,33,28,2018,12,13,7,3,2,6,0,0,1,0,0,0,1,0,5.1397E+20,5.69414E+21,9.20081E+15,5.13983E+16
39490,6,4,12,0,2018,12,12,7,3,5,2,0,1,1,0,0,0,0,0,4.76037E+20,5.55014E+21,8.66491E+15,5.0103E+16
39491,6,5,35,13,2018,12,15,1,3,2,6,0,0,1,0,0,0,0,1,5.01501E+20,5.61259E+21,9.02123E+15,5.06652E+16
39492,6,5,35,1,2018,12,15,7,2,2,6,0,0,1,0,0,0,0,1,5.19081E+20,5.62105E+21,9.27043E+15,5.07409E+16
39493,6,6,11,0,2018,12,22,7,3,5,2,2,0,1,0,0,0,0,1,5.3472E+20,5.68577E+21,9.49825E+15,5.13221E+16
39494,6,4,38,2,2018,12,0,1,3,2,6,2,0,1,0,0,0,0,1,4.79099E+20,5.54074E+21,8.70825E+15,5.00186E+16
39495,8,1,25,110,2018,1,16,4,3,5,3,1,0,1,0,1,0,0,1,5.27243E+20,5.4427E+21,9.37349E+15,4.91365E+16
39496,6,5,33,2,2018,12,11,7,3,2,6,0,0,1,0,0,0,0,1,4.39137E+20,5.57884E+21,8.14437E+15,5.03585E+16
39497,6,6,11,0,2018,12,8,5,2,5,3,0,1,1,0,0,0,0,0,5.36389E+20,5.68645E+21,9.52229E+15,5.13282E+16
39498,8,3,16,43,2018,1,18,2,3,3,6,2,0,1,0,0,0,0,1,4.10421E+20,5.327E+21,7.79704E+15,4.809E+16
39499,6,4,33,10,2018,12,6,7,3,6,6,2,0,1,1,0,0,0,0,4.63679E+20,5.54177E+21,8.49292E+15,5.00272E+16
39500,6,5,32,23,2018,12,18,2,3,5,2,2,0,1,0,0,0,0,1,4.71453E+20,5.60092E+21,8.59697E+15,5.05595E+16
39501,6,6,31,9,2018,12,11,2,3,5,3,0,0,1,0,0,0,0,1,5.46311E+20,5.59776E+21,9.65341E+15,5.053E+16
39502,6,4,40,5,2018,12,12,7,3,2,6,0,0,1,0,0,0,0,0,4.78354E+20,5.58725E+21,8.69519E+15,5.04369E+16
39503,6,4,38,6,2018,12,8,7,3,2,6,1,0,1,0,0,0,0,2,4.75474E+20,5.53884E+21,8.65777E+15,5.00013E+16
39504,6,4,40,23,2018,12,13,7,3,2,6,0,0,1,0,0,0,0,1,4.76222E+20,5.56925E+21,8.66631E+15,5.02749E+16
39505,6,4,33,12,2018,12,18,5,3,5,3,2,0,1,0,0,0,0,0,4.59145E+20,5.53707E+21,8.43011E+15,4.99846E+16
39506,6,6,33,2,2018,12,21,5,3,8,1,2,0,1,0,0,0,0,0,5.30585E+20,5.71941E+21,9.44183E+15,5.16248E+16
39507,8,3,16,43,2018,1,12,3,3,2,6,0,0,1,0,0,0,0,0,4.10044E+20,5.32844E+21,7.79168E+15,4.81029E+16
39508,6,4,35,21,2018,12,23,6,3,5,3,2,0,1,0,0,0,0,0,4.89564E+20,5.56476E+21,8.85367E+15,5.02349E+16
39509,8,2,11,0,2018,1,2,2,3,1,1,2,0,1,0,0,0,0,1,4.40362E+20,5.40361E+21,8.18816E+15,4.87826E+16
39510,6,5,35,19,2018,12,16,3,2,4,6,1,0,1,0,0,0,0,0,5.29625E+20,5.60988E+21,9.41896E+15,5.064E+16
39511,8,1,11,0,2018,1,13,4,3,2,6,0,0,1,0,0,1,0,1,5.1655E+20,5.40964E+21,9.22555E+15,4.88396E+16
39512,6,5,33,9,2018,12,17,6,3,2,1,2,0,1,0,0,0,0,0,4.3346E+20,5.58319E+21,8.0638E+15,5.0397E+16
39513,8,2,31,0,2018,1,13,2,3,2,6,0,0,1,0,0,0,0,0,4.84496E+20,5.414E+21,8.78855E+15,4.88788E+16
39514,6,6,11,0,2018,12,17,6,3,2,6,2,0,1,0,0,0,0,1,5.36033E+20,5.68501E+21,9.51703E+15,5.13152E+16
39515,6,6,11,0,2018,12,17,1,3,2,6,2,0,1,0,0,0,0,0,5.34524E+20,5.68461E+21,9.49533E+15,5.13117E+16
39516,6,4,32,18,2018,12,14,2,2,2,6,0,0,1,0,0,0,0,0,4.69799E+20,5.5182E+21,8.5802E+15,4.98155E+16
39517,6,5,34,21,2018,12,20,7,3,5,2,2,0,1,0,0,0,0,1,4.83645E+20,5.63643E+21,8.76752E+15,5.08793E+16
39518,6,6,11,0,2018,12,12,6,3,5,2,0,1,1,0,0,0,0,1,5.35404E+20,5.68545E+21,9.50804E+15,5.13193E+16
39519,6,6,31,11,2018,12,15,5,2,8,1,0,0,1,0,0,0,0,0,5.37141E+20,5.59899E+21,9.52415E+15,5.05417E+16
39520,6,4,12,0,2018,12,16,6,3,2,6,2,0,1,0,0,0,0,1,4.77493E+20,5.55663E+21,8.68489E+15,5.01615E+16
39521,8,2,26,41,2018,1,16,3,3,0,7,1,0,0,0,1,0,0,1,4.76627E+20,5.46555E+21,8.67823E+15,4.93422E+16
39522,6,6,11,0,2018,12,19,6,3,3,6,2,0,1,0,0,0,0,1,5.34552E+20,5.68537E+21,9.4958E+15,5.13186E+16
39523,6,4,32,22,2018,12,10,5,3,2,6,0,0,1,0,0,0,0,1,4.73201E+20,5.5125E+21,8.62788E+15,4.97643E+16
39524,8,1,35,19,2018,1,13,2,1,2,6,0,0,1,0,0,0,1,0,5.88632E+20,5.40176E+21,1.02061E+16,4.87625E+16
39525,6,4,40,16,2018,12,13,3,3,9,1,0,0,1,0,0,0,0,0,4.97986E+20,5.5881E+21,8.97164E+15,5.04449E+16
39526,6,4,13,0,2018,12,10,6,3,6,2,0,0,0,1,0,0,1,1,4.84651E+20,5.54971E+21,8.78538E+15,5.00995E+16
39527,6,5,31,6,2018,12,15,1,3,2,6,0,0,1,0,0,0,0,0,4.93748E+20,5.60851E+21,8.91161E+15,5.06284E+16
39528,6,4,38,8,2018,12,0,1,2,6,4,2,0,1,1,0,0,0,0,4.88337E+20,5.55207E+21,8.83685E+15,5.01208E+16
39529,6,5,31,6,2018,12,13,5,3,3,6,0,0,1,0,0,0,0,0,4.95473E+20,5.60431E+21,8.93604E+15,5.05907E+16
39530,8,2,35,33,2018,1,7,4,3,7,7,1,0,1,0,0,0,0,1,4.57973E+20,5.40733E+21,8.42749E+15,4.88175E+16
39531,6,4,36,5,2018,12,9,6,3,2,6,0,0,1,0,0,0,0,1,4.63242E+20,5.54679E+21,8.48632E+15,5.00722E+16
39532,6,6,34,5,2018,12,23,1,3,4,6,2,0,1,0,0,0,0,1,5.1945E+20,5.66327E+21,9.2779E+15,5.11205E+16
39533,6,6,35,3,2018,12,0,1,3,8,1,2,0,1,0,0,0,0,1,5.05335E+20,5.65893E+21,9.07617E+15,5.10819E+16
39534,6,6,11,0,2018,12,12,7,3,2,6,0,0,1,0,0,0,0,0,5.32408E+20,5.68047E+21,9.46461E+15,5.12747E+16
39535,6,4,12,0,2018,12,0,6,3,9,1,2,0,1,1,0,0,0,1,4.74293E+20,5.55011E+21,8.64053E+15,5.01027E+16
39536,6,5,31,6,2018,12,13,5,3,5,3,0,0,1,0,0,0,0,1,4.98369E+20,5.60438E+21,8.97695E+15,5.05913E+16
39537,6,6,36,11,2018,12,12,6,2,4,6,0,0,1,0,0,1,0,0,5.7044E+20,5.65001E+21,1.00038E+16,5.09973E+16
39538,8,2,25,109,2018,1,23,3,1,9,1,2,0,1,0,0,0,0,1,5.2238E+20,5.49644E+21,9.30984E+15,4.96201E+16
39539,6,4,32,23,2018,12,16,6,3,8,1,1,0,1,0,0,0,0,1,4.7259E+20,5.52758E+21,8.61833E+15,4.98999E+16
39540,6,4,12,0,2018,12,13,2,3,4,3,0,0,1,0,0,0,0,1,4.83128E+20,5.55376E+21,8.76391E+15,5.01358E+16
39541,6,6,34,13,2018,12,9,2,3,5,3,0,0,1,0,0,0,0,1,5.34818E+20,5.66017E+21,9.49719E+15,5.1092E+16
39542,6,4,37,6,2018,12,18,6,3,5,2,2,0,1,0,0,0,0,1,4.99687E+20,5.50148E+21,8.99566E+15,4.96658E+16
39543,6,6,33,9,2018,12,13,7,2,8,1,0,0,1,0,0,0,0,0,5.39928E+20,5.69385E+21,9.5739E+15,5.13945E+16
39544,6,6,31,9,2018,12,5,1,3,0,7,2,0,1,0,0,0,0,1,5.47811E+20,5.59957E+21,9.6748E+15,5.05461E+16
39545,6,4,35,12,2018,12,20,5,3,7,7,2,0,1,0,0,0,0,0,5.10503E+20,5.56073E+21,9.14717E+15,5.01986E+16
39546,8,1,11,0,2018,1,4,4,3,0,7,2,0,1,0,0,0,0,1,5.14311E+20,5.39356E+21,9.19447E+15,4.86949E+16
39547,6,4,37,5,2018,12,14,6,3,8,1,0,0,1,0,0,0,0,1,4.95019E+20,5.50644E+21,8.93091E+15,4.97105E+16
39548,6,6,34,3,2018,12,16,5,2,2,6,1,0,1,0,0,0,0,0,5.33086E+20,5.66981E+21,9.47334E+15,5.11787E+16
39549,6,4,12,0,2018,12,17,6,3,2,6,2,0,1,0,0,0,0,0,4.7176E+20,5.54508E+21,8.60549E+15,5.00574E+16
39550,8,4,25,33,2018,1,23,2,3,4,6,2,0,1,0,0,0,0,1,5.51574E+20,5.3473E+21,9.69511E+15,4.82768E+16
39551,6,6,11,0,2018,12,13,6,3,3,6,0,0,1,0,0,0,1,1,5.32001E+20,5.68643E+21,9.4593E+15,5.13283E+16
39552,6,4,14,0,2018,12,16,6,3,3,6,0,0,1,0,0,0,0,0,4.45403E+20,5.54425E+21,8.23742E+15,5.00481E+16
39553,6,6,32,3,2018,12,16,6,3,4,3,2,0,1,0,0,0,0,1,5.54759E+20,5.64859E+21,9.78015E+15,5.09863E+16
39554,6,6,31,18,2018,12,13,6,3,2,6,0,0,1,0,0,0,1,0,5.4064E+20,5.58901E+21,9.57246E+15,5.04517E+16
39555,8,1,18,54,2018,1,17,3,3,2,6,2,0,1,0,0,0,0,0,5.1763E+20,5.42269E+21,9.24082E+15,4.89569E+16
39556,6,4,35,19,2018,12,20,6,3,2,2,2,0,1,0,0,0,0,1,4.87549E+20,5.5537E+21,8.82578E+15,5.01354E+16
39557,6,5,33,11,2018,12,13,2,3,8,1,0,0,1,0,0,0,0,1,4.39724E+20,5.60184E+21,8.14892E+15,5.05654E+16
39558,6,4,39,16,2018,12,12,2,3,9,1,0,0,1,0,0,0,0,1,4.53456E+20,5.5659E+21,8.34725E+15,5.02435E+16
39559,6,4,34,11,2018,12,7,6,3,0,6,2,0,0,0,1,0,1,1,4.66472E+20,5.57517E+21,8.52897E+15,5.03277E+16
39560,6,4,13,0,2018,12,14,7,3,2,6,0,0,1,0,0,0,0,1,4.80864E+20,5.54638E+21,8.73261E+15,5.00694E+16
39561,6,6,11,0,2018,12,11,1,3,9,1,0,0,1,0,0,0,0,1,5.33586E+20,5.68165E+21,9.48161E+15,5.12852E+16
39562,6,6,34,3,2018,12,16,5,3,3,6,1,0,1,0,0,0,0,0,5.33087E+20,5.66981E+21,9.47335E+15,5.11788E+16
39563,8,1,18,48,2018,1,17,4,3,2,6,2,0,1,0,0,0,0,1,5.11351E+20,5.41887E+21,9.15495E+15,4.89227E+16
39564,6,4,36,7,2018,12,7,6,2,0,2,2,1,1,0,0,0,0,1,4.60639E+20,5.54867E+21,8.44977E+15,5.0089E+16
39565,8,3,35,43,2018,1,6,2,3,5,3,2,1,0,0,1,0,0,1,5.11132E+20,5.28166E+21,9.14833E+15,4.76882E+16
39566,6,4,36,2,2018,12,7,6,3,4,6,2,0,1,0,0,0,1,1,4.55418E+20,5.55438E+21,8.37611E+15,5.014E+16
39567,6,5,31,11,2018,12,16,2,3,8,1,0,0,1,0,0,0,0,1,4.88408E+20,5.59134E+21,8.83664E+15,5.04739E+16
39568,6,5,32,23,2018,12,16,2,3,2,6,0,0,1,0,0,0,0,0,4.63275E+20,5.60196E+21,8.48143E+15,5.05684E+16
39569,6,4,31,4,2018,12,7,6,3,6,6,2,0,1,1,0,0,0,1,4.78713E+20,5.49002E+21,8.70564E+15,4.95624E+16
39570,6,5,34,5,2018,12,16,2,2,5,2,0,1,1,0,0,0,0,1,4.61152E+20,5.63742E+21,8.44771E+15,5.08871E+16
39571,6,4,40,8,2018,12,10,2,1,4,6,0,0,1,0,0,0,0,1,4.85588E+20,5.5764E+21,8.79747E+15,5.03395E+16
39572,6,4,12,0,2018,12,20,6,3,9,1,2,0,1,0,0,0,0,1,4.85008E+20,5.559E+21,8.79001E+15,5.0183E+16
39573,6,6,11,0,2018,12,12,7,3,3,6,0,0,1,0,0,0,0,0,5.31668E+20,5.68421E+21,9.45433E+15,5.13083E+16
39574,6,4,40,1,2018,12,14,6,3,5,2,0,0,1,0,0,0,0,1,4.97755E+20,5.57093E+21,8.96848E+15,5.02905E+16
39575,6,6,33,3,2018,12,12,5,3,2,6,0,0,1,0,0,0,0,0,5.3054E+20,5.6796E+21,9.43774E+15,5.12669E+16
39576,8,4,35,16,2018,1,17,3,2,3,2,2,1,1,0,0,0,0,0,5.34505E+20,5.27795E+21,9.4595E+15,4.7654E+16
39577,6,4,37,9,2018,12,13,6,3,8,1,0,0,1,0,0,0,0,1,4.99056E+20,5.51661E+21,8.98688E+15,4.98019E+16
39578,8,2,22,0,2018,1,15,2,3,5,2,0,0,1,0,0,0,0,0,4.64446E+20,5.47714E+21,8.50951E+15,4.94459E+16
39579,6,4,38,1,2018,12,14,6,3,2,6,0,0,1,0,0,1,0,1,4.84247E+20,5.54064E+21,8.78012E+15,5.00179E+16
39580,6,6,35,3,2018,12,12,1,2,5,2,0,0,1,0,0,0,0,0,5.09002E+20,5.66159E+21,9.12859E+15,5.11057E+16
39581,6,5,31,18,2018,12,14,1,3,9,1,0,0,1,0,0,0,0,1,4.72643E+20,5.60942E+21,8.61315E+15,5.0636E+16
39582,6,4,35,14,2018,12,14,7,2,5,2,0,1,1,0,0,0,1,0,4.94501E+20,5.55424E+21,8.92305E+15,5.01404E+16
39583,6,4,32,17,2018,12,5,6,2,8,1,0,0,1,0,0,0,0,1,4.94281E+20,5.5192E+21,8.92049E+15,4.98252E+16
39584,6,4,14,0,2018,12,13,5,2,2,6,0,0,1,0,0,0,0,0,4.55395E+20,5.54642E+21,8.37673E+15,5.00684E+16
39585,6,4,12,0,2018,12,21,6,3,2,7,2,0,1,0,0,0,0,0,4.75401E+20,5.55065E+21,8.65599E+15,5.01076E+16
39586,8,4,16,48,2018,1,12,3,3,2,6,0,0,1,0,0,0,0,1,4.91897E+20,5.37665E+21,8.89021E+15,4.85429E+16
39587,6,4,32,20,2018,12,11,6,2,6,4,0,0,1,1,0,0,0,1,4.82424E+20,5.52271E+21,8.75548E+15,4.98566E+16
39588,6,4,32,18,2018,12,9,7,3,2,6,0,0,1,0,0,0,0,1,4.73402E+20,5.51817E+21,8.63028E+15,4.98154E+16
39589,6,5,35,13,2018,12,14,6,3,8,1,0,0,1,0,0,0,0,1,5.04319E+20,5.60623E+21,9.06104E+15,5.0608E+16
39590,6,4,40,7,2018,12,13,5,3,2,6,0,0,1,0,0,0,0,0,4.96197E+20,5.57357E+21,8.94658E+15,5.03142E+16
39591,8,3,27,50,2018,1,20,3,3,5,3,2,0,1,0,0,0,0,1,4.8721E+20,5.31322E+21,8.82863E+15,4.79722E+16
39592,6,5,35,10,2018,12,4,6,3,9,1,2,0,1,0,0,0,0,1,5.1305E+20,5.62032E+21,9.18492E+15,5.07345E+16
39593,8,1,25,46,2018,1,14,2,3,2,6,0,0,1,0,0,0,0,0,5.19234E+20,5.43238E+21,9.2632E+15,4.9044E+16
39594,6,6,11,0,2018,12,18,3,3,5,3,2,0,1,0,0,0,0,0,5.28889E+20,5.68721E+21,9.4147E+15,5.13355E+16
39595,6,4,33,4,2018,12,8,6,3,6,2,2,0,1,1,0,0,0,1,4.63484E+20,5.51223E+21,8.49298E+15,4.97615E+16
39596,6,4,31,11,2018,12,17,1,1,1,1,2,0,1,0,0,0,0,1,4.72527E+20,5.49667E+21,8.61963E+15,4.9622E+16
39597,6,6,11,0,2018,12,1,1,3,5,3,2,0,1,0,0,0,0,1,5.32709E+20,5.68172E+21,9.46904E+15,5.12859E+16
39598,6,4,40,15,2018,12,12,5,3,0,7,0,0,1,0,0,1,0,0,4.79873E+20,5.59177E+21,8.71633E+15,5.04775E+16
39599,8,3,15,130,2018,1,17,4,3,5,3,2,0,1,0,0,0,1,1,4.08092E+20,5.30104E+21,7.77132E+15,4.78561E+16
39600,6,4,32,6,2018,12,20,7,3,9,1,2,0,1,0,0,0,0,1,4.71904E+20,5.53362E+21,8.60834E+15,4.99543E+16
39601,6,6,31,9,2018,12,21,6,3,5,3,2,0,1,0,0,0,0,1,5.49107E+20,5.60023E+21,9.69317E+15,5.05519E+16
39602,6,5,31,16,2018,12,14,5,3,2,6,0,0,1,0,0,0,0,0,4.86648E+20,5.60434E+21,8.81137E+15,5.05908E+16