OBJECTID_1,ULAND,UREGBEZ,UKREIS,UGEMEINDE,UJAHR,UMONAT,USTUNDE,UWOCHENTAG,UKATEGORIE,UART,UTYP1,ULICHTVERH,IstRad,IstPKW,IstFuss,IstKrad,IstGkfz,IstSonstig,STRZUSTAND,LINREFX,LINREFY,XGCSWGS84,YGCSWGS84
39603,6,4,35,28,2018,12,9,6,3,8,1,0,0,1,0,0,0,0,0,5.32128E+20,5.5805E+21,9.45182E+15,5.03757E+16
39604,6,4,40,18,2018,12,13,5,2,4,6,0,0,1,0,0,0,0,1,4.75014E+20,5.57875E+21,8.64873E+15,5.03603E+16
39605,8,1,25,27,2018,1,17,3,2,5,2,2,0,1,0,0,0,0,0,5.19363E+20,5.44542E+21,9.26559E+15,4.91613E+16
39606,6,6,31,20,2018,12,12,6,3,2,6,0,0,1,0,0,0,0,1,5.50411E+20,5.6004E+21,9.71161E+15,5.05534E+16
39607,6,4,39,8,2018,12,19,2,2,6,4,0,0,1,1,0,0,0,1,4.47219E+20,5.56309E+21,8.26018E+15,5.02176E+16
39608,6,6,33,27,2018,12,11,2,3,8,1,0,0,1,0,0,0,0,1,5.4235E+20,5.71948E+21,9.61179E+15,5.16248E+16
39609,6,5,31,10,2018,12,11,6,3,8,1,0,0,1,0,0,0,0,1,4.97154E+20,5.59928E+21,8.95983E+15,5.05455E+16
39610,6,6,11,0,2018,12,18,7,3,6,4,2,0,0,1,0,0,1,1,5.33567E+20,5.68321E+21,9.48148E+15,5.12993E+16
39611,6,5,31,12,2018,12,15,1,3,5,2,0,0,1,0,0,0,0,1,4.77125E+20,5.59949E+21,8.67713E+15,5.05469E+16
39612,6,5,33,9,2018,12,16,4,3,9,6,1,0,1,0,0,0,1,0,4.34633E+20,5.58062E+21,8.08075E+15,5.0374E+16
39613,6,6,34,16,2018,12,14,2,2,4,6,0,0,1,0,0,0,1,1,5.14225E+20,5.64716E+21,9.20262E+15,5.09759E+16
39614,6,6,32,11,2018,12,16,3,3,4,6,1,0,1,0,0,0,0,0,5.40796E+20,5.63193E+21,9.57938E+15,5.08377E+16
39615,6,4,40,14,2018,12,14,6,3,2,6,0,0,1,0,0,0,0,1,4.98482E+20,5.56911E+21,8.97869E+15,5.02741E+16
39616,6,4,35,7,2018,12,12,7,2,2,2,0,0,1,0,1,0,0,0,4.98246E+20,5.5563E+21,8.97545E+15,5.01589E+16
39617,6,4,38,12,2018,12,4,1,3,5,3,2,0,1,0,0,0,0,1,4.86678E+20,5.53629E+21,8.8142E+15,4.99788E+16
39618,6,4,12,0,2018,12,1,4,3,5,3,2,0,1,0,0,0,0,0,4.67399E+20,5.55048E+21,8.5441E+15,5.01057E+16
39619,8,2,26,98,2018,1,14,4,3,5,3,0,0,1,0,0,0,0,0,4.77111E+20,5.45895E+21,8.68528E+15,4.92829E+16
39620,6,4,14,0,2018,12,14,6,3,6,4,0,0,1,1,0,0,0,0,4.44718E+20,5.54841E+21,8.22725E+15,5.00854E+16
39621,6,6,33,29,2018,12,17,6,2,2,6,2,0,1,0,0,1,1,1,5.15229E+20,5.69302E+21,9.21887E+15,5.13882E+16
39622,6,4,12,0,2018,12,4,4,3,9,1,2,0,1,0,0,0,0,1,4.78491E+20,5.55433E+21,8.699E+15,5.01408E+16
39623,6,5,35,1,2018,12,13,6,3,2,6,0,0,1,0,0,1,0,0,5.22909E+20,5.62271E+21,9.32477E+15,5.07557E+16
39624,8,1,17,30,2018,1,11,3,2,9,1,0,0,1,0,0,0,0,1,5.4797E+20,5.39082E+21,9.65154E+15,4.86685E+16
39625,6,6,11,0,2018,12,2,6,3,9,1,2,0,1,0,0,0,0,1,5.33397E+20,5.68132E+21,9.47885E+15,5.12822E+16
39626,6,6,34,8,2018,12,12,5,3,5,2,0,0,1,0,0,0,0,0,5.32615E+20,5.67279E+21,9.46688E+15,5.12056E+16
39627,6,4,32,10,2018,12,19,2,3,9,1,2,0,1,0,0,0,0,1,4.90983E+20,5.52561E+21,8.87449E+15,4.98828E+16
39628,6,5,33,18,2018,12,17,2,3,3,6,1,1,1,0,0,0,0,1,4.59359E+20,5.58511E+21,8.42796E+15,5.04166E+16
39629,6,6,32,14,2018,12,16,6,2,2,6,2,0,1,0,0,0,0,1,5.38599E+20,5.64157E+21,9.54919E+15,5.09244E+16
39630,6,4,12,0,2018,12,14,7,3,2,6,0,0,1,0,0,0,0,1,4.80267E+20,5.55234E+21,8.72395E+15,5.0123E+16
39631,6,6,34,11,2018,12,20,1,3,9,1,2,0,1,0,0,0,0,1,5.36143E+20,5.64421E+21,9.51452E+15,5.09484E+16
39632,6,4,37,16,2018,12,12,4,3,2,6,0,0,1,0,0,0,0,0,4.98882E+20,5.49001E+21,8.98453E+15,4.95627E+16
39633,8,1,18,10,2018,1,15,4,3,5,3,0,0,1,0,0,0,0,1,5.06883E+20,5.43177E+21,9.09418E+15,4.90388E+16
39634,6,5,35,14,2018,12,13,6,3,8,1,0,0,1,0,0,0,0,1,5.15929E+20,5.61965E+21,9.22569E+15,5.07284E+16
39635,6,4,32,11,2018,12,13,4,3,8,1,0,0,1,0,0,0,0,0,4.87814E+20,5.5238E+21,8.83043E+15,4.98665E+16
39636,8,1,11,0,2018,1,8,4,3,0,1,0,0,0,0,0,0,1,1,5.06685E+20,5.40903E+21,9.0911E+15,4.88342E+16
39637,6,6,34,11,2018,12,8,6,3,3,1,0,0,1,0,0,0,0,1,5.36688E+20,5.64386E+21,9.52224E+15,5.09451E+16
39638,6,4,40,2,2018,12,5,4,3,9,1,2,0,1,0,0,0,0,2,4.79609E+20,5.58246E+21,8.71312E+15,5.03938E+16
39639,6,6,11,0,2018,12,22,5,2,6,4,2,0,1,1,0,0,0,0,5.35368E+20,5.68494E+21,9.50747E+15,5.13147E+16
39640,8,2,37,27,2018,1,19,2,3,2,6,2,0,1,0,0,0,0,1,4.83508E+20,5.36719E+21,8.77694E+15,4.84576E+16
39641,6,6,32,14,2018,12,19,6,2,7,7,2,0,1,0,0,0,0,1,5.41213E+20,5.63935E+21,9.58614E+15,5.09043E+16
39642,6,4,12,0,2018,12,13,2,3,0,1,0,0,0,0,1,0,0,1,4.81591E+20,5.55629E+21,8.74228E+15,5.01585E+16
39643,6,5,35,1,2018,12,12,2,2,5,3,0,0,1,0,0,0,0,1,5.17168E+20,5.62062E+21,9.24329E+15,5.07371E+16
39644,6,6,32,14,2018,12,19,6,3,2,6,2,0,1,0,0,0,0,1,5.41213E+20,5.63935E+21,9.58613E+15,5.09044E+16
39645,6,4,38,2,2018,12,14,7,2,4,1,0,0,1,0,0,0,0,1,4.82557E+20,5.53903E+21,8.7566E+15,5.00033E+16
39646,6,4,12,0,2018,12,6,6,3,3,6,2,0,1,0,0,1,0,1,4.71624E+20,5.55071E+21,8.60317E+15,5.0108E+16
39647,6,5,35,3,2018,12,20,4,3,5,2,2,0,1,0,0,0,0,1,5.147E+20,5.61173E+21,9.20797E+15,5.06572E+16
39648,8,3,36,8,2018,1,16,3,3,8,1,0,0,1,0,0,0,0,0,3.97204E+20,5.27607E+21,7.6317E+15,4.76299E+16
39649,6,4,36,7,2018,12,20,6,3,2,6,2,0,1,0,0,0,0,0,4.55694E+20,5.5459E+21,8.38096E+15,5.00638E+16
39650,8,2,12,0,2018,1,17,2,3,5,2,2,0,1,0,0,0,0,0,4.55205E+20,5.4288E+21,8.38743E+15,4.90105E+16
39651,6,5,31,2,2018,12,22,3,2,5,3,2,0,1,0,0,0,0,0,4.72572E+20,5.60676E+21,8.61235E+15,5.06121E+16
39652,6,5,31,5,2018,12,17,6,3,2,6,2,0,1,0,0,0,0,1,4.79431E+20,5.60423E+21,8.70942E+15,5.05896E+16
39653,6,6,11,0,2018,12,18,1,3,3,6,2,0,1,0,0,0,0,1,5.31452E+20,5.68562E+21,9.45136E+15,5.1321E+16
39654,6,6,36,4,2018,12,2,1,3,9,6,2,0,1,0,0,0,1,1,5.53569E+20,5.67877E+21,9.76769E+15,5.12577E+16
39655,8,3,15,76,2018,1,19,2,2,3,1,2,0,1,0,0,0,0,1,3.90519E+20,5.294E+21,7.53825E+15,4.779E+16
39656,6,4,35,17,2018,12,16,5,3,2,2,2,0,1,0,0,0,0,1,5.03526E+20,5.55727E+21,9.04937E+15,5.01676E+16
39657,6,6,32,2,2018,12,13,1,3,5,3,0,0,1,0,0,0,1,0,5.49599E+20,5.6357E+21,9.7049E+15,5.08708E+16
39658,6,6,11,0,2018,12,13,2,3,8,1,0,0,1,0,0,0,0,1,5.33416E+20,5.68141E+21,9.47914E+15,5.1283E+16
39659,6,5,34,8,2018,12,4,7,3,8,1,2,0,1,0,0,0,0,1,4.91688E+20,5.61778E+21,8.88227E+15,5.07117E+16
39660,6,6,35,15,2018,12,0,5,3,4,6,2,0,1,0,0,0,0,1,4.85565E+20,5.68193E+21,8.793E+15,5.12885E+16
39661,6,5,34,14,2018,12,20,4,3,8,1,2,0,1,0,0,0,0,0,4.8476E+20,5.62633E+21,8.78379E+15,5.07885E+16
39662,8,2,35,57,2018,1,21,3,3,8,1,2,0,1,0,0,0,0,0,4.89252E+20,5.39363E+21,8.85394E+15,4.86956E+16
39663,6,6,35,22,2018,12,4,5,2,8,1,2,0,1,0,0,0,0,1,4.73941E+20,5.68615E+21,8.62601E+15,5.1326E+16
39664,6,4,40,7,2018,12,9,5,3,5,7,0,0,1,0,0,0,0,1,4.92243E+20,5.57178E+21,8.89108E+15,5.02981E+16
39665,8,1,19,20,2018,1,12,2,3,5,3,0,0,1,0,1,0,0,0,5.19691E+20,5.40513E+21,9.26814E+15,4.87989E+16
39666,6,4,38,8,2018,12,18,3,2,6,4,2,0,1,1,0,0,0,0,4.86765E+20,5.55181E+21,8.81487E+15,5.01184E+16
39667,6,6,11,0,2018,12,22,5,2,6,4,2,0,1,1,0,0,0,1,5.3295E+20,5.68492E+21,9.47278E+15,5.13146E+16
39668,6,4,38,10,2018,12,21,1,3,2,6,2,0,1,0,0,0,0,0,4.89744E+20,5.54543E+21,8.85671E+15,5.00611E+16
39669,6,4,39,5,2018,12,0,1,3,6,4,2,0,1,1,0,0,0,0,4.29502E+20,5.55804E+21,8.01281E+15,5.01703E+16
39670,6,4,35,28,2018,12,12,4,3,8,1,0,0,1,0,0,0,0,1,5.33796E+20,5.57522E+21,9.4748E+15,5.03281E+16
39671,8,2,37,27,2018,1,10,4,3,6,4,0,0,1,1,0,0,0,1,4.81353E+20,5.36933E+21,8.74768E+15,4.84769E+16
39672,6,4,35,7,2018,12,0,6,3,9,1,2,0,1,0,0,0,0,1,4.98291E+20,5.55568E+21,8.97607E+15,5.01534E+16
39673,6,6,11,0,2018,12,11,5,2,6,4,0,0,1,1,0,0,0,1,5.32446E+20,5.68468E+21,9.46553E+15,5.13125E+16
39674,6,4,12,0,2018,12,4,4,3,8,1,2,0,1,0,0,0,0,1,4.71582E+20,5.55595E+21,8.60219E+15,5.01551E+16
39675,6,6,31,23,2018,12,9,6,1,6,4,0,0,1,1,0,0,0,1,5.72347E+20,5.61068E+21,1.00232E+16,5.06435E+16
39676,8,1,19,86,2018,1,13,3,3,2,6,0,0,1,0,0,0,0,0,5.34914E+20,5.40628E+21,9.47552E+15,4.88085E+16
39677,6,4,38,6,2018,12,7,7,3,8,1,2,0,1,0,0,0,0,2,4.77862E+20,5.53752E+21,8.69117E+15,4.99896E+16
39678,6,6,11,0,2018,12,10,5,3,1,5,0,0,1,0,1,0,0,1,5.32851E+20,5.68491E+21,9.47137E+15,5.13145E+16
39679,6,6,34,7,2018,12,6,6,3,8,7,2,0,1,0,0,0,0,1,5.26077E+20,5.67265E+21,9.37327E+15,5.12047E+16
39680,8,1,36,10,2018,1,18,3,2,9,1,2,0,1,0,0,0,0,1,5.99468E+20,5.41208E+21,1.0356E+16,4.88537E+16
39681,6,4,14,0,2018,12,14,5,2,6,4,0,0,1,1,0,0,0,1,4.48068E+20,5.54602E+21,8.2744E+15,5.00642E+16
39682,6,5,33,9,2018,12,10,2,3,2,6,0,0,1,0,0,0,0,1,4.3531E+20,5.58132E+21,8.09015E+15,5.03804E+16
39683,6,5,33,2,2018,12,12,2,3,5,2,0,0,1,0,0,0,0,1,4.40026E+20,5.57932E+21,8.15678E+15,5.03629E+16
39684,6,4,36,11,2018,12,8,5,3,6,4,2,0,0,1,0,0,1,1,4.66051E+20,5.55543E+21,8.52482E+15,5.01501E+16
39685,6,6,11,0,2018,12,17,7,3,5,3,2,0,1,0,1,0,0,1,5.38078E+20,5.68416E+21,9.54628E+15,5.13075E+16
39686,6,5,34,14,2018,12,15,1,2,8,7,0,0,1,0,0,0,0,1,4.85674E+20,5.63378E+21,8.79647E+15,5.08555E+16
39687,8,2,15,59,2018,1,10,4,2,8,1,0,0,1,0,0,0,0,1,4.88243E+20,5.4334E+21,8.83908E+15,4.90533E+16
39688,6,4,32,23,2018,12,8,5,3,2,6,0,0,1,0,0,0,1,1,4.71082E+20,5.52758E+21,8.59733E+15,4.98999E+16
39689,6,4,12,0,2018,12,22,6,3,2,6,2,0,1,0,0,0,0,0,4.6777E+20,5.55218E+21,8.54915E+15,5.0121E+16
39690,8,4,36,82,2018,1,20,2,3,2,6,2,0,1,0,0,0,0,1,5.47235E+20,5.29538E+21,9.6309E+15,4.781E+16
39691,6,4,11,0,2018,12,7,5,3,2,6,2,0,1,0,0,0,0,1,4.73754E+20,5.52605E+21,8.63464E+15,4.98862E+16
39692,6,4,40,8,2018,12,15,2,2,1,5,0,0,1,0,0,0,0,0,4.85725E+20,5.57499E+21,8.79946E+15,5.03269E+16
39693,6,4,40,1,2018,12,10,2,3,5,3,0,0,1,0,0,0,0,0,4.98185E+20,5.57265E+21,8.97451E+15,5.03059E+16
39694,6,4,37,13,2018,12,23,5,3,8,1,2,0,1,0,0,0,0,1,4.90524E+20,5.50711E+21,8.86855E+15,4.97164E+16
39695,6,4,11,0,2018,12,6,5,3,5,2,2,0,1,0,0,0,1,1,4.74561E+20,5.52556E+21,8.64591E+15,4.98819E+16
39696,6,4,34,11,2018,12,14,2,3,4,1,0,0,1,0,0,0,0,1,4.6072E+20,5.57369E+21,8.44831E+15,5.0314E+16
39697,6,6,35,11,2018,12,3,2,2,8,1,2,0,1,0,0,0,0,1,4.90695E+20,5.6626E+21,8.86706E+15,5.11148E+16
39698,6,6,36,16,2018,12,6,5,3,5,3,2,0,1,0,0,0,0,1,5.59835E+20,5.68781E+21,9.85899E+15,5.13384E+16
39699,6,4,14,0,2018,12,19,7,2,6,1,1,0,1,1,0,0,0,1,4.46893E+20,5.5474E+21,8.25779E+15,5.00765E+16
39700,6,6,33,20,2018,12,22,1,3,8,1,2,0,1,0,0,0,0,1,5.39096E+20,5.68476E+21,9.56095E+15,5.13128E+16
39701,8,1,25,13,2018,1,10,4,3,5,3,0,1,1,0,0,0,0,1,5.04948E+20,5.43616E+21,9.06776E+15,4.90783E+16
39702,6,6,33,14,2018,12,14,5,3,4,1,0,0,1,0,0,0,0,1,5.36405E+20,5.69584E+21,9.52347E+15,5.14126E+16
39703,6,6,34,19,2018,12,11,5,3,1,5,0,0,1,0,0,0,0,0,5.32785E+20,5.63405E+21,9.46579E+15,5.08572E+16
39704,8,3,37,51,2018,1,9,2,3,9,1,0,0,1,0,0,0,0,1,4.37719E+20,5.28793E+21,8.16922E+15,4.77418E+16
39705,6,6,34,7,2018,12,20,5,3,8,7,2,0,1,0,0,0,1,1,5.27383E+20,5.67028E+21,9.39178E+15,5.11833E+16
39706,6,5,32,21,2018,12,12,2,2,4,6,0,0,1,0,0,0,0,1,4.58774E+20,5.59966E+21,8.41813E+15,5.05474E+16
39707,6,4,35,14,2018,12,12,2,3,5,3,0,0,1,0,0,0,0,1,4.92661E+20,5.55451E+21,8.8973E+15,5.01428E+16
39708,6,6,35,1,2018,12,17,5,3,2,6,2,0,1,0,0,0,0,1,4.78497E+20,5.653E+21,8.69337E+15,5.10281E+16
39709,6,4,31,19,2018,12,17,7,3,5,7,2,0,1,0,1,0,0,0,4.82649E+20,5.49477E+21,8.75985E+15,4.96052E+16
39710,6,4,39,5,2018,12,17,5,3,9,1,2,0,0,0,0,0,1,1,4.29468E+20,5.55707E+21,8.01251E+15,5.01616E+16
39711,6,4,38,4,2018,12,17,5,3,1,5,2,0,1,0,0,0,1,0,4.9561E+20,5.54762E+21,8.93864E+15,5.00808E+16
39712,8,3,37,124,2018,1,10,3,3,4,6,0,0,1,0,0,1,0,1,4.53007E+20,5.28315E+21,8.37365E+15,4.77E+16
39713,6,6,34,26,2018,12,3,7,2,7,1,2,0,1,0,0,0,0,1,5.19317E+20,5.63878E+21,9.27471E+15,5.09003E+16
39714,6,4,31,20,2018,12,14,1,3,3,1,0,0,1,0,0,0,1,1,4.68083E+20,5.48831E+21,8.55879E+15,4.95465E+16
39715,8,4,37,86,2018,1,9,3,3,8,1,0,0,1,0,0,0,0,2,5.2482E+20,5.3106E+21,9.33239E+15,4.79482E+16
39716,6,4,38,2,2018,12,17,5,3,5,2,2,1,1,0,0,0,0,1,4.77549E+20,5.53938E+21,8.68669E+15,5.00064E+16
39717,8,2,15,90,2018,1,13,2,2,2,6,0,0,1,0,0,0,1,0,4.63249E+20,5.43356E+21,8.497E+15,4.90538E+16
39718,6,4,35,19,2018,12,15,5,3,8,1,0,0,1,0,0,0,0,1,4.86884E+20,5.55373E+21,8.81647E+15,5.01357E+16
39719,6,4,37,16,2018,12,15,1,2,9,1,0,0,1,0,0,0,0,1,4.91835E+20,5.49351E+21,8.88702E+15,4.95941E+16
39720,6,4,35,20,2018,12,19,1,2,4,1,2,0,1,0,0,0,0,1,4.97886E+20,5.56164E+21,8.97038E+15,5.02069E+16
39721,6,6,31,9,2018,12,18,7,2,5,3,2,1,1,0,0,0,0,1,5.4861E+20,5.6E+21,9.68614E+15,5.05499E+16
39722,6,4,35,29,2018,12,14,5,3,8,1,0,0,1,0,0,0,0,1,5.21818E+20,5.56952E+21,9.3062E+15,5.02774E+16
39723,6,4,12,0,2018,12,20,6,3,3,6,2,0,1,0,0,0,0,0,4.77904E+20,5.54952E+21,8.69107E+15,5.00975E+16
39724,8,2,16,52,2018,1,18,3,3,5,3,2,0,1,0,0,0,0,0,4.41258E+20,5.41744E+21,8.19837E+15,4.89071E+16
39725,6,4,37,3,2018,12,20,5,3,9,1,2,0,1,0,0,0,0,1,4.93601E+20,5.51109E+21,8.91117E+15,4.97522E+16
39726,6,4,40,8,2018,12,7,5,3,2,6,1,0,1,0,0,0,0,1,4.83527E+20,5.57539E+21,8.76856E+15,5.03303E+16
39727,8,1,11,0,2018,1,23,2,2,4,6,2,0,1,0,0,0,0,1,5.18069E+20,5.40358E+21,9.24598E+15,4.8785E+16
39728,6,6,31,20,2018,12,5,3,1,6,6,2,0,1,1,0,0,0,0,5.5064E+20,5.60525E+21,9.7155E+15,5.05969E+16
39729,8,2,26,107,2018,1,17,2,3,2,6,2,0,1,0,0,0,0,0,4.74698E+20,5.48404E+21,8.6505E+15,4.95085E+16
39730,8,4,16,25,2018,1,12,4,3,5,3,0,0,1,0,0,0,0,0,5.08167E+20,5.36254E+21,9.11038E+15,4.8416E+16
39731,8,2,22,0,2018,1,14,2,3,2,6,0,0,1,0,0,0,0,0,4.62067E+20,5.48034E+21,8.47638E+15,4.94745E+16
39732,8,2,22,0,2018,1,6,2,3,2,6,2,0,1,0,0,0,0,0,4.64742E+20,5.47695E+21,8.51361E+15,4.94442E+16
39733,8,1,21,0,2018,1,9,4,2,3,6,0,1,1,0,0,0,0,1,5.14088E+20,5.44317E+21,9.19315E+15,4.91412E+16
39734,8,2,22,0,2018,1,14,2,3,3,6,0,0,1,0,0,1,0,0,4.62132E+20,5.4803E+21,8.47728E+15,4.94742E+16
39735,8,3,11,0,2018,1,7,3,3,1,6,2,0,1,0,0,0,0,0,4.05432E+20,5.31488E+21,7.73273E+15,4.79803E+16
39736,8,2,26,85,2018,1,8,2,2,6,4,1,0,1,1,0,0,0,0,4.88574E+20,5.45734E+21,8.84293E+15,4.92687E+16
39737,8,2,15,90,2018,1,16,5,3,4,1,0,0,1,0,0,0,0,0,4.64598E+20,5.43429E+21,8.5154E+15,4.90605E+16
39738,8,2,15,9,2018,1,6,2,3,0,3,2,0,1,0,0,0,1,0,4.69767E+20,5.44168E+21,8.5856E+15,4.91272E+16
39739,8,3,17,121,2018,1,7,4,2,5,3,2,0,1,0,1,0,0,1,4.20625E+20,5.34103E+21,7.93142E+15,4.82175E+16
39740,8,2,11,0,2018,1,22,2,2,8,1,2,0,1,0,0,0,0,0,4.41321E+20,5.40369E+21,8.2012E+15,4.87834E+16
39741,8,2,16,49,2018,1,16,2,3,9,1,0,0,0,0,1,0,0,0,4.3413E+20,5.40199E+21,8.10359E+15,4.87674E+16
39742,8,1,11,0,2018,1,17,4,3,2,6,2,0,1,0,0,0,0,0,5.16598E+20,5.40453E+21,9.226E+15,4.87936E+16
39743,8,2,16,15,2018,1,17,2,2,5,2,1,0,1,0,1,0,0,0,4.50885E+20,5.40476E+21,8.33125E+15,4.87939E+16
39744,8,1,15,45,2018,1,6,2,3,2,6,2,0,1,0,0,0,0,0,4.99291E+20,5.39317E+21,8.99037E+15,4.86916E+16
39745,8,1,19,44,2018,1,10,2,3,9,7,0,0,0,0,0,0,1,0,5.41188E+20,5.43005E+21,9.56336E+15,4.9022E+16
39746,8,2,21,0,2018,1,12,3,2,0,3,0,1,1,0,0,0,0,0,4.73821E+20,5.47284E+21,8.63913E+15,4.94077E+16
39747,8,1,26,11,2018,1,15,3,2,1,1,0,0,0,0,0,1,0,0,5.29097E+20,5.44705E+21,9.39922E+15,4.91756E+16
39748,8,1,19,69,2018,1,7,2,3,8,1,2,0,1,0,0,0,0,1,5.30065E+20,5.43005E+21,9.41123E+15,4.90226E+16
39749,8,3,17,150,2018,1,22,4,3,0,6,2,0,1,0,0,0,1,0,4.10539E+20,5.35637E+21,7.79242E+15,4.83541E+16
39750,8,1,35,19,2018,1,15,5,2,1,6,0,0,1,0,0,0,0,0,5.85411E+20,5.39132E+21,1.01601E+16,4.86691E+16
39751,8,1,18,48,2018,1,7,2,3,2,6,2,0,1,0,0,0,0,0,5.14214E+20,5.4163E+21,9.19394E+15,4.88994E+16
39752,8,3,15,115,2018,1,16,4,2,4,1,1,0,1,0,0,1,0,0,4.08143E+20,5.32198E+21,7.76753E+15,4.80445E+16
39753,8,1,18,80,2018,1,7,2,3,2,6,1,0,1,0,0,0,0,0,5.06847E+20,5.40923E+21,9.09331E+15,4.8836E+16
39754,8,1,17,51,2018,1,16,2,3,1,6,0,0,1,0,0,0,0,0,5.42158E+20,5.3944E+21,9.57296E+15,4.87012E+16
39755,8,4,36,49,2018,1,11,3,3,2,6,0,0,1,0,0,0,0,1,5.81846E+20,5.28082E+21,1.00904E+16,4.76756E+16
39756,8,1,17,26,2018,1,16,2,3,1,6,1,0,1,0,0,0,0,0,5.49166E+20,5.39329E+21,9.66808E+15,4.86907E+16
39757,8,1,15,15,2018,1,7,2,3,2,6,2,0,1,0,0,0,0,1,4.93853E+20,5.38705E+21,8.91656E+15,4.86365E+16
39758,8,1,17,24,2018,1,10,5,3,5,3,0,0,1,0,0,0,0,0,5.61633E+20,5.38602E+21,9.83638E+15,4.86242E+16
39759,8,1,15,3,2018,1,0,2,3,5,2,2,0,1,0,0,0,0,0,4.98886E+20,5.39159E+21,8.98487E+15,4.86774E+16
39760,8,2,15,39,2018,1,7,4,3,2,6,2,0,1,0,0,0,0,1,4.7111E+20,5.45276E+21,8.60321E+15,4.92269E+16
39761,8,1,19,20,2018,1,13,5,3,8,1,0,0,1,0,0,0,0,0,5.20968E+20,5.40707E+21,9.28562E+15,4.88163E+16
39762,8,1,11,0,2018,1,17,2,3,2,6,2,0,1,0,0,0,0,0,5.18785E+20,5.4011E+21,9.25561E+15,4.87626E+16
39763,8,2,12,0,2018,1,16,4,3,0,1,0,1,0,0,0,0,0,0,4.52614E+20,5.42845E+21,8.35204E+15,4.90071E+16
39764,8,1,11,0,2018,1,18,2,3,5,3,0,1,0,0,0,0,1,0,5.12713E+20,5.39652E+21,9.17285E+15,4.87216E+16
39765,8,4,36,52,2018,1,10,1,3,2,6,0,0,1,0,0,0,0,1,5.65991E+20,5.28689E+21,9.8801E+15,4.7732E+16
39766,8,4,15,62,2018,1,13,3,3,5,3,0,1,1,0,0,0,0,0,5.19461E+20,5.37862E+21,9.26376E+15,4.85603E+16
39767,8,4,35,29,2018,1,9,1,3,8,1,0,0,1,0,0,0,0,0,5.47364E+20,5.27191E+21,9.63008E+15,4.75989E+16
39768,8,4,35,16,2018,1,16,1,3,5,3,0,1,1,0,0,0,0,0,5.36812E+20,5.27779E+21,9.4902E+15,4.76525E+16
39769,8,4,36,64,2018,1,18,4,3,2,6,2,0,1,0,0,0,0,0,5.43532E+20,5.2922E+21,9.58112E+15,4.77817E+16
39770,8,4,15,61,2018,1,17,1,3,2,6,2,0,1,0,0,0,0,0,5.14143E+20,5.37095E+21,9.19142E+15,4.84916E+16
39771,8,4,15,50,2018,1,16,1,3,0,1,0,1,0,0,0,0,0,1,5.20633E+20,5.37636E+21,9.27953E+15,4.854E+16
39772,8,1,11,0,2018,1,17,4,2,2,6,1,0,1,0,0,1,0,0,5.14325E+20,5.39357E+21,9.19466E+15,4.8695E+16
39773,8,3,25,72,2018,1,9,1,3,2,6,0,0,1,0,0,0,0,0,4.69684E+20,5.32623E+21,8.5929E+15,4.80886E+16
39774,8,3,17,65,2018,1,8,3,3,5,3,0,0,1,0,0,1,0,0,4.15063E+20,5.3512E+21,7.85452E+15,4.83083E+16
39775,8,3,36,14,2018,1,18,1,3,4,3,2,0,1,0,0,0,0,0,3.89444E+20,5.28158E+21,7.52706E+15,4.76782E+16
39776,8,2,21,0,2018,1,12,5,2,5,3,0,0,0,0,1,0,1,1,4.72538E+20,5.47377E+21,8.62138E+15,4.9416E+16
39777,8,3,35,75,2018,1,11,1,2,9,1,0,0,1,0,0,0,0,0,4.89026E+20,5.2954E+21,8.85342E+15,4.78119E+16
39778,8,3,17,59,2018,1,20,1,3,8,6,2,0,1,0,0,0,0,0,4.13478E+20,5.35115E+21,7.83315E+15,4.83076E+16
39779,8,3,26,74,2018,1,7,3,3,5,3,2,0,1,0,0,0,1,0,4.6574E+20,5.3252E+21,8.54001E+15,4.80792E+16
39780,8,3,16,37,2018,1,15,1,2,2,1,0,0,1,0,1,0,0,0,4.08475E+20,5.33246E+21,7.76973E+15,4.81388E+16
39781,8,2,26,65,2018,1,19,1,3,2,6,2,0,1,0,0,0,0,0,4.78192E+20,5.45825E+21,8.70018E+15,4.92767E+16
39782,8,3,36,8,2018,1,10,4,3,2,6,0,0,1,0,0,0,0,1,3.95953E+20,5.27572E+21,7.61513E+15,4.76266E+16
39783,8,3,15,76,2018,1,18,4,3,2,6,2,0,1,0,0,0,0,0,3.93123E+20,5.30352E+21,7.57065E+15,4.78761E+16
39784,8,2,12,0,2018,1,20,1,3,3,6,2,0,1,0,0,0,0,0,4.59106E+20,5.42961E+21,8.4407E+15,4.9018E+16
39785,8,2,22,0,2018,1,12,1,2,2,2,0,0,1,0,0,0,1,0,4.61423E+20,5.48412E+21,8.46713E+15,4.95085E+16
39786,8,1,21,0,2018,1,17,4,3,1,6,2,0,1,0,0,0,0,0,5.17395E+20,5.44399E+21,9.23853E+15,4.91485E+16
39787,8,1,16,15,2018,1,12,1,3,2,6,0,0,1,0,0,0,0,0,5.24238E+20,5.39223E+21,9.32929E+15,4.86826E+16
39788,8,2,31,0,2018,1,11,3,2,3,6,0,0,1,0,0,1,0,0,4.84523E+20,5.41369E+21,8.78893E+15,4.8876E+16
39789,8,1,25,5,2018,1,7,3,3,0,6,2,0,1,0,0,0,1,0,5.16775E+20,5.45259E+21,9.23039E+15,4.92259E+16
39790,8,1,18,48,2018,1,2,1,3,5,2,2,0,1,0,0,0,0,0,5.14455E+20,5.41664E+21,9.19724E+15,4.89025E+16
39791,8,3,35,22,2018,1,9,4,3,9,1,0,0,1,0,0,0,0,1,4.79003E+20,5.30434E+21,8.7191E+15,4.78921E+16