OBJECTID_1,ULAND,UREGBEZ,UKREIS,UGEMEINDE,UJAHR,UMONAT,USTUNDE,UWOCHENTAG,UKATEGORIE,UART,UTYP1,ULICHTVERH,IstRad,IstPKW,IstFuss,IstKrad,IstGkfz,IstSonstig,STRZUSTAND,LINREFX,LINREFY,XGCSWGS84,YGCSWGS84
39792,8,1,15,45,2018,1,17,5,3,2,6,1,0,1,0,0,0,0,0,5.01215E+20,5.39368E+21,9.01651E+15,4.86962E+16
39793,8,1,25,66,2018,1,1,1,3,8,1,2,0,1,0,0,0,0,1,5.15608E+20,5.43207E+21,9.21357E+15,4.90413E+16
39794,8,3,15,48,2018,1,20,4,3,5,3,2,0,1,0,0,0,0,0,3.98709E+20,5.31005E+21,7.64381E+15,4.79357E+16
39795,8,1,19,83,2018,1,17,1,3,0,1,2,1,0,0,0,0,0,0,5.34538E+20,5.41985E+21,9.47155E+15,4.89307E+16
39796,8,1,27,25,2018,1,12,3,3,8,1,0,0,0,0,1,0,0,0,5.57806E+20,5.4249E+21,9.78992E+15,4.89743E+16
39797,8,1,19,8,2018,1,21,1,3,5,3,2,0,1,0,0,0,0,1,5.32051E+20,5.42015E+21,9.43762E+15,4.89335E+16
39798,8,3,17,1,2018,1,21,4,3,5,3,2,1,1,0,0,0,0,1,4.31916E+20,5.38471E+21,8.07631E+15,4.86118E+16
39799,8,1,16,56,2018,1,1,1,3,5,3,2,0,1,0,0,0,0,1,5.31811E+20,5.39517E+21,9.4324E+15,4.87087E+16
39800,8,1,11,0,2018,1,21,1,3,5,3,2,0,1,0,0,0,0,0,5.12477E+20,5.40136E+21,9.16979E+15,4.87651E+16
39801,8,1,17,18,2018,1,14,4,3,8,1,0,0,1,0,0,0,0,0,5.38548E+20,5.39561E+21,9.52402E+15,4.87123E+16
39802,8,4,36,55,2018,1,10,7,3,9,1,0,0,1,0,0,0,0,0,5.77346E+20,5.30315E+21,1.00344E+16,4.7877E+16
39803,8,2,12,0,2018,1,16,3,3,1,5,0,1,1,0,0,0,0,0,4.55657E+20,5.42824E+21,8.39368E+15,4.90054E+16
39804,8,1,25,5,2018,1,15,3,3,1,6,0,0,1,0,1,0,0,0,5.15773E+20,5.45299E+21,9.21664E+15,4.92295E+16
39805,8,4,17,22,2018,1,17,7,3,1,5,2,0,1,0,1,0,0,1,4.86415E+20,5.3483E+21,8.81687E+15,4.82878E+16
39806,8,1,25,110,2018,1,6,5,3,5,3,2,0,1,0,0,0,0,0,5.28536E+20,5.44144E+21,9.39113E+15,4.91251E+16
39807,8,4,17,79,2018,1,18,7,3,5,3,2,0,1,0,0,0,0,0,4.99721E+20,5.33999E+21,8.99624E+15,4.82132E+16
39808,8,2,26,85,2018,1,14,4,3,2,6,0,0,1,0,0,0,0,0,4.85505E+20,5.45681E+21,8.80077E+15,4.92639E+16
39809,8,3,16,36,2018,1,11,7,3,2,6,0,0,1,0,0,0,0,0,4.10693E+20,5.32635E+21,7.80082E+15,4.80841E+16
39810,8,3,11,0,2018,1,11,7,3,0,7,0,0,1,0,0,1,0,0,4.11458E+20,5.32447E+21,7.81149E+15,4.80674E+16
39811,8,4,25,66,2018,1,14,3,2,2,6,0,0,1,0,0,0,0,0,5.7892E+20,5.34728E+21,1.00636E+16,4.82738E+16
39812,8,3,26,60,2018,1,16,7,3,9,1,0,0,1,0,0,0,0,0,4.46305E+20,5.33155E+21,8.27829E+15,4.81349E+16
39813,8,3,17,65,2018,1,0,7,3,5,3,2,0,1,0,0,0,0,1,4.13635E+20,5.35526E+21,7.83443E+15,4.83446E+16
39814,8,1,11,0,2018,1,12,4,3,0,6,0,0,0,0,1,0,1,0,5.1349E+20,5.40151E+21,9.18358E+15,4.87664E+16
39815,8,3,17,5,2018,1,18,7,2,5,3,2,0,1,0,0,0,0,0,4.22917E+20,5.37602E+21,7.95586E+15,4.85326E+16
39816,8,3,17,96,2018,1,18,7,3,3,6,2,0,1,0,0,0,0,0,4.18875E+20,5.37021E+21,7.90225E+15,4.84797E+16
39817,8,1,18,48,2018,1,18,5,3,2,6,2,0,1,0,0,0,0,1,5.1421E+20,5.4164E+21,9.19389E+15,4.89004E+16
39818,8,3,15,50,2018,1,1,7,3,9,1,2,0,1,0,0,0,0,1,4.01321E+20,5.30206E+21,7.68058E+15,4.78643E+16
39819,8,2,35,57,2018,1,15,4,3,4,1,0,0,1,0,0,0,0,0,4.87691E+20,5.39751E+21,8.83262E+15,4.87305E+16
39820,8,2,12,0,2018,1,15,7,3,8,1,0,0,1,0,0,0,0,1,4.58553E+20,5.4329E+21,8.43279E+15,4.90476E+16
39821,8,2,15,39,2018,1,6,7,2,2,6,2,0,1,0,0,1,0,1,4.71088E+20,5.45156E+21,8.603E+15,4.92162E+16
39822,8,4,37,76,2018,1,22,3,3,2,2,2,0,1,0,0,0,0,0,5.24834E+20,5.31517E+21,9.33285E+15,4.79893E+16
39823,8,2,16,7,2018,1,22,7,3,2,6,2,0,1,0,0,0,0,0,4.34502E+20,5.39805E+21,8.10927E+15,4.8732E+16
39824,8,1,19,68,2018,1,7,3,3,5,3,2,0,1,0,1,0,0,0,5.26533E+20,5.41216E+21,9.36176E+15,4.88619E+16
39825,8,1,36,88,2018,1,7,3,2,5,3,2,0,1,0,0,0,0,0,5.75114E+20,5.41138E+21,1.00239E+16,4.88509E+16
39826,8,2,36,70,2018,1,15,7,2,8,1,0,0,0,0,1,0,0,1,4.66463E+20,5.417E+21,8.54235E+15,4.89051E+16
39827,8,4,26,36,2018,1,8,4,3,8,1,0,0,1,0,0,0,0,0,5.40649E+20,5.32296E+21,9.54554E+15,4.80586E+16
39828,8,2,26,96,2018,1,13,7,3,5,3,0,1,1,0,0,0,0,1,4.77623E+20,5.4899E+21,8.69057E+15,4.95613E+16
39829,8,2,22,0,2018,1,17,7,3,9,1,2,0,1,0,0,0,0,1,4.65201E+20,5.47659E+21,8.51997E+15,4.9441E+16
39830,8,1,15,50,2018,1,13,5,3,2,6,0,0,1,0,0,0,0,0,4.90102E+20,5.39944E+21,8.86536E+15,4.87479E+16
39831,8,2,15,99,2018,1,3,7,2,8,1,2,0,1,0,0,0,0,0,4.63684E+20,5.44794E+21,8.50167E+15,4.91832E+16
39832,8,2,12,0,2018,1,22,4,3,2,6,2,0,1,0,0,0,0,1,4.6094E+20,5.42513E+21,8.46622E+15,4.89778E+16
39833,8,2,15,89,2018,1,1,7,3,4,6,2,0,1,0,0,0,0,1,4.69128E+20,5.43084E+21,8.57767E+15,4.90296E+16
39834,8,3,26,3,2018,1,17,3,3,2,6,1,0,1,0,0,0,0,0,4.65264E+20,5.32084E+21,8.53398E+15,4.80399E+16
39835,8,2,15,7,2018,1,2,7,2,8,1,2,0,1,0,0,0,0,1,4.82333E+20,5.43489E+21,8.75813E+15,4.90666E+16
39836,8,1,18,73,2018,1,17,3,3,5,3,2,0,1,0,0,0,0,0,4.96644E+20,5.4237E+21,8.95415E+15,4.89662E+16
39837,8,2,15,17,2018,1,20,7,3,9,1,2,0,1,0,0,0,0,1,4.56317E+20,5.41775E+21,8.40383E+15,4.89112E+16
39838,8,3,35,43,2018,1,0,4,2,4,1,2,0,1,0,0,0,0,1,5.14544E+20,5.28142E+21,9.1938E+15,4.7686E+16
39839,8,3,35,77,2018,1,7,4,3,4,5,1,0,1,0,0,1,0,0,4.94485E+20,5.29359E+21,8.92636E+15,4.77956E+16
39840,8,1,26,66,2018,1,18,7,3,2,1,2,0,1,0,0,0,0,1,5.35866E+20,5.45077E+21,9.49242E+15,4.92087E+16
39841,8,1,28,7,2018,1,17,7,3,2,6,2,0,1,0,0,0,0,1,5.56778E+20,5.4809E+21,9.7838E+15,4.94781E+16
39842,8,1,19,79,2018,1,20,4,3,5,3,2,0,0,0,1,0,0,0,5.23735E+20,5.40893E+21,9.32342E+15,4.88329E+16
39843,8,2,25,14,2018,1,16,7,2,8,1,2,0,1,0,0,0,0,1,5.22631E+20,5.48298E+21,9.31255E+15,4.94991E+16
39844,8,1,18,70,2018,1,17,3,3,2,7,2,0,1,0,0,0,0,0,5.23836E+20,5.42556E+21,9.32577E+15,4.89825E+16
39845,8,2,22,0,2018,1,13,3,3,5,2,0,0,1,0,0,0,0,0,4.66583E+20,5.47791E+21,8.53893E+15,4.9453E+16
39846,8,1,27,86,2018,1,17,7,3,2,6,2,0,1,0,0,0,0,1,5.53322E+20,5.44494E+21,9.73129E+15,4.9155E+16
39847,8,1,26,66,2018,1,14,4,3,4,2,0,0,1,0,0,0,0,0,5.38306E+20,5.44981E+21,9.52583E+15,4.91999E+16
39848,8,1,25,63,2018,1,14,7,2,9,1,0,0,1,0,0,0,0,1,5.24022E+20,5.45994E+21,9.33036E+15,4.92917E+16
39849,8,3,15,94,2018,1,18,3,3,8,1,2,0,1,0,0,0,0,0,4.34686E+20,5.31415E+21,8.1248E+15,4.79774E+16
39850,8,1,21,0,2018,1,0,7,3,8,7,2,0,1,0,0,0,0,1,5.10291E+20,5.44122E+21,9.14105E+15,4.91237E+16
39851,8,1,15,28,2018,1,7,3,3,3,6,2,0,1,0,0,0,0,0,4.99029E+20,5.40372E+21,8.98678E+15,4.87865E+16
39852,8,2,16,43,2018,1,7,5,3,2,6,1,0,1,0,0,1,0,0,4.43512E+20,5.41226E+21,8.22984E+15,4.88607E+16
39853,8,1,19,91,2018,1,23,7,3,8,1,2,0,1,0,0,0,0,0,5.25738E+20,5.40683E+21,9.35059E+15,4.88139E+16
39854,8,3,17,1,2018,1,22,4,1,5,3,2,1,1,0,0,0,0,1,4.31823E+20,5.38454E+21,8.07508E+15,4.86102E+16
39855,8,1,11,0,2018,1,3,7,3,4,1,2,0,1,0,0,0,0,1,5.13403E+20,5.40152E+21,9.1824E+15,4.87665E+16
39856,8,1,11,0,2018,1,9,7,3,8,1,0,0,1,0,0,0,0,1,5.09438E+20,5.40057E+21,9.12841E+15,4.8758E+16
39857,8,1,15,45,2018,1,13,4,3,3,6,0,0,1,0,0,0,1,0,4.98569E+20,5.39711E+21,8.98055E+15,4.8727E+16
39858,8,4,37,100,2018,1,9,6,3,5,3,0,1,0,0,0,0,1,1,5.37316E+20,5.31773E+21,9.50035E+15,4.80118E+16
39859,8,1,18,6,2018,1,14,3,2,6,4,0,0,1,1,0,0,0,0,5.17708E+20,5.42154E+21,9.24185E+15,4.89465E+16
39860,8,4,36,55,2018,1,15,6,2,4,2,0,0,1,0,0,0,0,1,5.80603E+20,5.29123E+21,1.00758E+16,4.77694E+16
39861,8,1,17,51,2018,1,17,3,3,2,6,2,0,1,0,0,0,0,0,5.41698E+20,5.39586E+21,9.56687E+15,4.87144E+16
39862,8,1,19,67,2018,1,7,5,2,5,2,2,0,1,0,0,0,1,0,5.40787E+20,5.40345E+21,9.55523E+15,4.87827E+16
39863,8,4,36,9,2018,1,16,6,3,6,3,2,0,1,1,0,0,0,1,5.5647E+20,5.30755E+21,9.75583E+15,4.79188E+16
39864,8,4,36,49,2018,1,6,6,3,5,3,2,1,1,0,0,0,0,1,5.81452E+20,5.28129E+21,1.00852E+16,4.76799E+16
39865,8,1,36,28,2018,1,7,5,1,9,1,2,0,0,0,0,1,0,2,5.7098E+20,5.40125E+21,9.96581E+15,4.87602E+16
39866,8,4,36,81,2018,1,19,6,3,5,3,2,0,1,0,0,0,0,1,5.62163E+20,5.28266E+21,9.82845E+15,4.76944E+16
39867,8,3,11,0,2018,1,13,4,3,6,3,0,0,1,1,0,0,0,0,4.14614E+20,5.31776E+21,7.85517E+15,4.80075E+16
39868,8,4,36,79,2018,1,10,6,3,5,3,0,0,1,0,0,0,0,1,5.53262E+20,5.29167E+21,9.71095E+15,4.77762E+16
39869,8,4,35,16,2018,1,19,6,3,5,3,2,1,1,0,0,0,0,0,5.37787E+20,5.27878E+21,9.50327E+15,4.76613E+16
39870,8,4,35,35,2018,1,19,3,2,2,2,2,1,0,0,0,1,0,0,5.41374E+20,5.2833E+21,9.55148E+15,4.77017E+16
39871,8,4,26,67,2018,1,21,6,3,2,6,2,0,1,0,0,0,0,1,5.26719E+20,5.33178E+21,9.35915E+15,4.81387E+16
39872,8,1,16,49,2018,1,17,3,3,2,6,2,0,1,0,0,0,0,0,5.24516E+20,5.38822E+21,9.33283E+15,4.86466E+16
39873,8,4,26,100,2018,1,15,6,2,5,3,0,0,1,0,0,1,0,0,5.70075E+20,5.31352E+21,9.93888E+15,4.79712E+16
39874,8,1,18,81,2018,1,16,5,3,2,2,0,0,1,0,0,0,0,0,5.21881E+20,5.41358E+21,9.29841E+15,4.88748E+16
39875,8,4,26,21,2018,1,19,6,3,8,1,2,0,1,0,0,0,0,1,5.55483E+20,5.32942E+21,9.74546E+15,4.81157E+16
39876,8,2,21,0,2018,1,7,4,3,5,2,2,1,1,0,0,0,0,0,4.76921E+20,5.47589E+21,8.68168E+15,4.94353E+16
39877,8,4,26,70,2018,1,7,6,3,6,4,1,0,1,1,0,0,0,1,5.61477E+20,5.3411E+21,9.82766E+15,4.82201E+16
39878,8,4,16,41,2018,1,17,6,3,1,7,2,0,1,0,0,0,0,1,5.05277E+20,5.3734E+21,9.07146E+15,4.85137E+16
39879,8,3,26,74,2018,1,11,3,3,5,3,0,0,1,0,0,1,0,0,4.58466E+20,5.32388E+21,8.44248E+15,4.80669E+16
39880,8,2,12,0,2018,1,8,4,3,4,6,2,1,0,0,0,0,0,0,4.55768E+20,5.43142E+21,8.39485E+15,4.90341E+16
39881,8,4,15,59,2018,1,21,6,3,6,7,2,0,1,1,0,0,0,1,5.16635E+20,5.37011E+21,9.22511E+15,4.84839E+16
39882,8,4,15,61,2018,1,10,6,3,5,3,0,0,1,0,0,0,1,0,5.17154E+20,5.3763E+21,9.2324E+15,4.85396E+16
39883,8,4,16,25,2018,1,17,3,3,2,6,1,0,1,0,0,0,0,0,5.01806E+20,5.36144E+21,9.0244E+15,4.84061E+16
39884,8,4,15,61,2018,1,19,6,3,5,3,2,1,1,0,0,0,0,1,5.15599E+20,5.37205E+21,9.21117E+15,4.85014E+16
39885,8,1,16,19,2018,1,4,3,3,5,3,2,0,1,0,1,0,0,0,5.27716E+20,5.39885E+21,9.37699E+15,4.87421E+16
39886,8,4,15,73,2018,1,10,6,3,5,3,0,0,1,0,0,0,0,1,5.19382E+20,5.35036E+21,9.26138E+15,4.83062E+16
39887,8,4,36,6,2018,1,12,4,2,4,6,0,0,1,0,0,0,0,0,5.59647E+20,5.2834E+21,9.79503E+15,4.77012E+16
39888,8,3,15,48,2018,1,12,6,3,2,6,0,0,1,0,0,0,0,0,3.98317E+20,5.31109E+21,7.63831E+15,4.79451E+16
39889,8,1,21,0,2018,1,15,4,3,3,6,0,0,1,0,0,0,0,0,5.14514E+20,5.44818E+21,9.19918E+15,4.91862E+16
39890,8,3,25,57,2018,1,12,6,3,0,6,0,0,1,0,0,0,0,1,4.7059E+20,5.35585E+21,8.603E+15,4.83551E+16
39891,8,4,17,75,2018,1,6,3,2,4,2,2,0,1,0,0,0,0,0,5.09526E+20,5.33505E+21,9.12812E+15,4.81686E+16
39892,8,3,17,141,2018,1,6,6,3,8,1,2,0,1,0,0,0,0,0,4.1979E+20,5.3805E+21,7.91265E+15,4.85725E+16
39893,8,1,15,3,2018,1,7,3,2,0,7,2,1,0,0,0,0,0,0,4.96263E+20,5.39315E+21,8.94922E+15,4.86914E+16
39894,8,3,36,69,2018,1,17,6,2,6,4,2,0,1,1,0,0,0,1,4.07104E+20,5.26898E+21,7.76495E+15,4.75676E+16
39895,8,3,17,57,2018,1,7,4,3,2,6,2,0,1,0,0,0,0,1,4.13774E+20,5.38093E+21,7.83102E+15,4.85755E+16
39896,8,2,36,46,2018,1,18,6,2,2,6,2,0,1,0,0,0,0,1,4.83128E+20,5.41751E+21,8.76975E+15,4.89103E+16
39897,8,1,11,0,2018,1,0,3,3,5,3,2,0,1,0,0,0,0,0,5.14397E+20,5.40187E+21,9.19593E+15,4.87697E+16
39898,8,2,37,4,2018,1,7,6,3,4,1,0,0,1,0,0,0,0,1,4.55685E+20,5.37611E+21,8.39968E+15,4.85365E+16
39899,8,4,16,36,2018,1,6,4,2,5,3,2,0,1,0,0,0,0,1,4.83433E+20,5.37421E+21,8.77563E+15,4.85208E+16
39900,8,2,37,45,2018,1,10,6,3,8,7,0,0,1,0,0,0,0,0,4.6251E+20,5.3562E+21,8.49391E+15,4.83579E+16
39901,8,2,35,7,2018,1,23,6,3,5,3,2,0,1,0,0,0,0,1,4.84866E+20,5.39727E+21,8.79421E+15,4.87283E+16
39902,8,1,25,49,2018,1,22,4,1,1,1,2,0,1,0,0,1,1,0,4.98329E+20,5.4521E+21,8.97706E+15,4.92217E+16
39903,8,2,36,73,2018,1,13,6,3,5,2,0,0,1,0,0,0,0,1,4.79481E+20,5.42063E+21,8.71981E+15,4.89383E+16
39904,8,4,37,107,2018,1,19,2,3,2,5,2,0,1,0,0,0,0,1,5.05784E+20,5.33001E+21,9.07772E+15,4.81233E+16
39905,8,2,35,6,2018,1,19,3,2,2,6,2,0,1,0,0,0,0,0,4.7235E+20,5.38264E+21,8.625E+15,4.85962E+16
39906,8,2,31,0,2018,1,17,6,3,2,6,2,0,1,0,0,0,0,0,4.79308E+20,5.41748E+21,8.71761E+15,4.89099E+16
39907,8,4,35,57,2018,1,4,2,3,5,3,2,0,1,0,0,0,0,1,5.44554E+20,5.27787E+21,9.5933E+15,4.76527E+16
39908,8,2,16,15,2018,1,10,5,3,5,3,0,1,1,0,0,0,0,0,4.51371E+20,5.40449E+21,8.33791E+15,4.87915E+16
39909,8,1,27,91,2018,1,7,3,2,5,2,0,0,1,0,0,0,0,0,5.76231E+20,5.45357E+21,1.00471E+16,4.92302E+16
39910,8,2,22,0,2018,1,15,6,3,5,2,0,0,1,0,0,0,1,1,4.63796E+20,5.4803E+21,8.50025E+15,4.94743E+16
39911,8,3,15,68,2018,1,14,4,3,9,1,0,0,1,0,0,0,0,2,4.43147E+20,5.30572E+21,8.23928E+15,4.79022E+16
39912,8,2,21,0,2018,1,13,6,3,1,6,0,0,1,0,0,0,0,1,4.76596E+20,5.47242E+21,8.67741E+15,4.9404E+16
39913,8,3,17,1,2018,1,17,6,2,6,4,2,0,1,1,0,0,0,1,4.30952E+20,5.38569E+21,8.06308E+15,4.86205E+16
39914,8,1,11,0,2018,1,5,4,3,2,6,2,0,1,0,0,0,0,0,5.10635E+20,5.40016E+21,9.14468E+15,4.87544E+16
39915,8,1,15,45,2018,1,19,6,3,2,6,2,0,1,0,0,0,0,1,5.04372E+20,5.39653E+21,9.05944E+15,4.87218E+16
39916,8,4,17,13,2018,1,12,2,3,9,1,0,0,1,0,0,0,0,1,5.07113E+20,5.34777E+21,9.09587E+15,4.82831E+16
39917,8,1,36,43,2018,1,11,6,3,2,6,0,0,1,0,0,0,0,0,5.67552E+20,5.40789E+21,9.92027E+15,4.88203E+16
39918,8,1,28,64,2018,1,17,6,3,1,1,2,0,1,0,0,0,0,1,5.3824E+20,5.5018E+21,9.52993E+15,4.96675E+16
39919,8,1,18,79,2018,1,7,4,3,3,6,2,1,1,0,0,0,0,1,5.09768E+20,5.42293E+21,9.13344E+15,4.89592E+16
39920,8,1,27,14,2018,1,14,6,3,5,2,0,1,1,0,0,0,0,0,5.75426E+20,5.4441E+21,1.00342E+16,4.91451E+16
39921,8,4,17,22,2018,1,17,2,3,9,1,2,0,1,0,0,0,0,1,4.84557E+20,5.34889E+21,8.7918E+15,4.8293E+16
39922,8,2,15,100,2018,1,19,3,3,5,3,2,0,1,0,0,0,0,0,4.73789E+20,5.45008E+21,8.64018E+15,4.9203E+16
39923,8,1,27,43,2018,1,22,6,3,5,3,2,0,1,0,0,0,0,1,5.67667E+20,5.44686E+21,9.92832E+15,4.91708E+16
39924,8,3,36,79,2018,1,11,2,3,1,6,0,0,1,0,0,0,0,0,4.17209E+20,5.29318E+21,7.89467E+15,4.77867E+16
39925,8,1,27,79,2018,1,17,5,2,2,6,2,0,1,0,1,0,0,0,5.61881E+20,5.42391E+21,9.84545E+15,4.8965E+16
39926,8,1,19,68,2018,1,20,6,3,6,4,2,0,1,1,0,0,0,1,5.25796E+20,5.41359E+21,9.3518E+15,4.88747E+16
39927,8,3,36,91,2018,1,17,4,3,5,3,2,0,1,0,1,0,0,0,3.95222E+20,5.27132E+21,7.60647E+15,4.75868E+16
39928,8,1,18,11,2018,1,17,3,2,2,6,2,0,1,0,0,0,0,0,5.06016E+20,5.40817E+21,9.08197E+15,4.88265E+16
39929,8,1,18,79,2018,1,20,6,3,2,2,2,0,1,0,0,0,0,1,5.06858E+20,5.42259E+21,9.09369E+15,4.89562E+16
39930,8,1,18,76,2018,1,7,6,3,8,7,1,0,1,0,0,0,0,1,5.08024E+20,5.42251E+21,9.1096E+15,4.89555E+16
39931,8,4,35,16,2018,1,16,3,3,6,4,0,0,1,1,0,0,0,0,5.36143E+20,5.27907E+21,9.4814E+15,4.7664E+16
39932,8,1,15,41,2018,1,4,6,2,4,7,2,0,1,0,0,1,0,1,4.95972E+20,5.4007E+21,8.9452E+15,4.87593E+16
39933,8,3,26,12,2018,1,18,2,3,2,6,2,0,1,0,0,0,0,0,4.6209E+20,5.3116E+21,8.49222E+15,4.79565E+16
39934,8,1,17,12,2018,1,9,6,3,8,1,0,0,1,0,0,0,0,0,5.45216E+20,5.38938E+21,9.61398E+15,4.86559E+16
39935,8,4,17,54,2018,1,17,2,2,4,1,0,0,1,0,0,0,0,0,4.81373E+20,5.34901E+21,8.74886E+15,4.8294E+16
39936,8,1,16,16,2018,1,17,5,3,2,6,2,0,1,0,0,0,0,0,5.33565E+20,5.38596E+21,9.4555E+15,4.86258E+16
39937,8,4,25,84,2018,1,17,6,3,2,6,2,0,1,0,0,0,0,1,5.59498E+20,5.37442E+21,9.80575E+15,4.852E+16
39938,8,3,17,26,2018,1,14,2,3,2,6,0,0,1,0,0,0,0,0,4.11825E+20,5.34562E+21,7.81203E+15,4.82577E+16
39939,8,1,18,73,2018,1,19,5,3,5,3,2,0,1,0,1,0,0,0,4.95817E+20,5.42053E+21,8.94288E+15,4.89377E+16
39940,8,4,25,84,2018,1,10,6,2,4,1,0,0,1,0,0,1,0,1,5.59611E+20,5.37558E+21,9.80744E+15,4.85305E+16
39941,8,2,11,0,2018,1,13,4,3,3,6,0,0,1,0,0,1,0,0,4.38727E+20,5.40515E+21,8.16567E+15,4.87963E+16
39942,8,1,16,80,2018,1,18,6,3,5,3,2,0,1,0,0,0,0,1,5.22385E+20,5.39503E+21,9.30427E+15,4.87079E+16
39943,8,1,15,2,2018,1,17,6,3,5,3,2,0,1,0,0,0,0,1,4.99565E+20,5.3863E+21,8.99409E+15,4.86297E+16
39944,8,3,37,90,2018,1,12,3,2,0,6,0,0,0,0,1,1,0,1,4.2336E+20,5.27455E+21,7.98005E+15,4.76198E+16
39945,8,1,17,26,2018,1,23,5,2,9,1,2,0,1,0,0,0,0,1,5.48031E+20,5.39663E+21,9.65304E+15,4.87209E+16
39946,8,3,17,65,2018,1,15,2,2,5,3,0,1,0,0,1,0,0,0,4.1116E+20,5.35231E+21,7.80165E+15,4.83177E+16
39947,8,4,21,0,2018,1,18,5,3,5,2,2,0,1,0,0,0,0,1,5.69634E+20,5.35748E+21,9.94018E+15,4.83667E+16
39948,8,4,35,35,2018,1,21,4,3,8,1,2,0,1,0,0,0,0,0,5.38551E+20,5.28106E+21,9.51366E+15,4.76817E+16
39949,8,4,16,31,2018,1,11,5,3,3,6,0,0,1,0,0,0,0,1,5.02342E+20,5.36216E+21,9.03164E+15,4.84126E+16
39950,8,3,35,43,2018,1,19,5,3,5,3,2,0,1,0,0,0,0,1,5.12499E+20,5.27983E+21,9.1665E+15,4.76717E+16
39951,8,1,11,0,2018,1,7,4,3,2,6,0,0,1,0,0,0,0,0,5.09565E+20,5.39513E+21,9.13002E+15,4.87091E+16
39952,8,3,35,43,2018,1,11,5,3,2,6,0,0,1,0,0,0,1,1,5.12681E+20,5.27981E+21,9.16893E+15,4.76716E+16
39953,8,3,26,74,2018,1,17,5,3,5,3,2,0,1,0,0,0,0,1,4.67033E+20,5.32348E+21,8.55751E+15,4.80637E+16
39954,8,2,12,0,2018,1,19,4,3,5,3,2,1,1,0,0,0,0,1,4.59893E+20,5.43146E+21,8.45128E+15,4.90347E+16
39955,8,3,25,69,2018,1,22,5,2,8,1,2,0,1,0,0,0,0,1,4.68389E+20,5.33614E+21,8.57478E+15,4.81777E+16
39956,8,3,26,3,2018,1,7,3,3,2,6,0,0,1,0,0,0,0,0,4.64336E+20,5.31923E+21,8.52167E+15,4.80254E+16
39957,8,3,17,89,2018,1,13,5,2,5,3,0,0,1,0,0,1,0,1,4.27709E+20,5.37682E+21,8.02061E+15,4.85403E+16
39958,8,3,17,9,2018,1,18,2,2,4,6,2,0,1,0,0,0,0,0,4.2535E+20,5.36273E+21,7.99118E+15,4.84133E+16
39959,8,3,15,16,2018,1,14,5,3,1,6,0,0,1,0,0,0,0,1,4.32617E+20,5.30879E+21,8.09793E+15,4.79288E+16
39960,8,3,17,51,2018,1,7,4,3,7,7,1,0,1,0,0,0,0,1,4.47898E+20,5.33711E+21,8.29902E+15,4.81851E+16
39961,8,3,37,96,2018,1,15,4,3,4,2,0,0,1,0,0,0,0,0,4.20705E+20,5.26764E+21,7.94598E+15,4.75574E+16
39962,8,2,26,84,2018,1,7,5,2,2,6,0,0,1,0,0,0,0,1,4.66954E+20,5.47187E+21,8.54455E+15,4.93986E+16
39963,8,2,37,2,2018,1,14,5,3,5,3,0,0,1,0,0,0,0,1,4.56026E+20,5.35498E+21,8.40652E+15,4.83465E+16
39964,8,1,19,67,2018,1,6,4,3,2,6,2,0,1,0,0,0,0,0,5.4079E+20,5.40345E+21,9.55527E+15,4.87827E+16
39965,8,2,35,6,2018,1,22,5,3,7,7,2,0,1,0,0,0,0,1,4.71873E+20,5.38628E+21,8.61828E+15,4.86289E+16
39966,8,2,26,98,2018,1,18,2,3,2,6,2,0,1,0,0,0,0,0,4.78775E+20,5.45849E+21,8.70818E+15,4.92788E+16
39967,8,2,36,67,2018,1,16,3,3,4,7,0,0,1,0,0,0,0,0,4.87109E+20,5.41053E+21,8.82429E+15,4.88476E+16
39968,8,2,35,57,2018,1,22,5,3,4,6,2,0,1,0,0,0,0,1,4.90959E+20,5.39673E+21,8.87707E+15,4.87236E+16
39969,8,2,36,70,2018,1,14,2,3,1,5,0,0,0,0,0,1,1,0,4.70966E+20,5.41588E+21,8.60388E+15,4.88952E+16
39970,8,1,36,70,2018,1,6,5,3,5,3,2,0,1,0,0,0,0,1,5.62863E+20,5.4101E+21,9.85673E+15,4.88407E+16
39971,8,3,17,96,2018,1,17,3,2,5,2,2,0,1,0,1,0,0,0,4.22502E+20,5.36873E+21,7.95159E+15,4.84669E+16
39972,8,2,25,14,2018,1,10,5,2,4,2,0,0,1,0,0,0,0,1,5.22343E+20,5.48367E+21,9.3086E+15,4.95052E+16
39973,8,2,11,0,2018,1,16,5,3,2,6,0,0,1,0,0,0,0,0,4.36778E+20,5.3973E+21,8.14035E+15,4.87255E+16
39974,8,2,21,0,2018,1,17,5,3,1,6,2,0,1,0,0,0,0,1,4.80065E+20,5.47389E+21,8.72515E+15,4.94173E+16
39975,8,3,17,96,2018,1,13,4,3,2,6,0,0,1,0,0,0,1,0,4.19717E+20,5.37401E+21,7.91291E+15,4.85141E+16
39976,8,1,15,45,2018,1,9,5,3,3,6,0,0,1,0,0,1,0,1,5.03708E+20,5.39758E+21,9.05043E+15,4.87312E+16
39977,8,1,36,88,2018,1,17,5,3,5,3,2,0,1,0,0,0,0,1,5.80505E+20,5.40926E+21,1.0097E+16,4.88311E+16
39978,8,1,16,78,2018,1,14,4,3,2,6,0,0,1,0,0,0,0,0,5.09214E+20,5.39339E+21,9.12521E+15,4.86935E+16
39979,8,1,35,15,2018,1,11,5,2,8,1,0,0,1,0,0,0,0,1,5.75449E+20,5.38686E+21,1.0024E+16,4.86303E+16
39980,8,1,27,89,2018,1,14,5,3,2,6,0,0,1,0,0,0,0,1,5.63317E+20,5.4371E+21,9.86713E+15,4.90835E+16