OBJECTID_1,ULAND,UREGBEZ,UKREIS,UGEMEINDE,UJAHR,UMONAT,USTUNDE,UWOCHENTAG,UKATEGORIE,UART,UTYP1,ULICHTVERH,IstRad,IstPKW,IstFuss,IstKrad,IstGkfz,IstSonstig,STRZUSTAND,LINREFX,LINREFY,XGCSWGS84,YGCSWGS84
39981,8,1,25,69,2018,1,5,5,3,0,6,2,0,1,0,0,0,0,0,5.23489E+20,5.45201E+21,9.32257E+15,4.92204E+16
39982,8,1,25,79,2018,1,17,5,3,2,6,0,0,1,0,0,0,0,1,5.13092E+20,5.4537E+21,9.17984E+15,4.92359E+16
39983,8,2,36,46,2018,1,15,4,3,2,6,0,0,1,0,0,0,0,0,4.83052E+20,5.41761E+21,8.7687E+15,4.89112E+16
39984,8,1,21,0,2018,1,18,5,3,2,6,2,0,1,0,0,0,0,1,5.11644E+20,5.44306E+21,9.15965E+15,4.91403E+16
39985,8,1,19,79,2018,1,18,5,3,5,2,2,0,1,0,0,0,0,1,5.24324E+20,5.40851E+21,9.33142E+15,4.88291E+16
39986,8,1,19,61,2018,1,9,5,3,6,4,0,0,1,1,0,0,0,1,5.38802E+20,5.41472E+21,9.52927E+15,4.88842E+16
39987,8,3,11,0,2018,1,11,4,3,2,3,0,0,1,0,0,0,0,0,4.10163E+20,5.31545E+21,7.796E+15,4.7986E+16
39988,8,1,19,20,2018,1,17,5,3,6,4,2,0,1,1,0,0,0,1,5.2051E+20,5.40581E+21,9.27932E+15,4.88049E+16
39989,8,1,18,81,2018,1,17,5,3,5,2,2,0,1,0,0,0,0,1,5.19527E+20,5.4149E+21,9.26636E+15,4.88868E+16
39990,8,1,11,0,2018,1,19,4,3,3,2,2,1,1,0,0,0,0,0,5.13433E+20,5.40256E+21,9.18284E+15,4.87759E+16
39991,8,1,16,49,2018,1,17,5,3,2,6,2,0,1,0,0,0,0,1,5.24319E+20,5.38738E+21,9.33011E+15,4.8639E+16
39992,8,1,16,56,2018,1,22,5,3,2,6,2,0,1,0,0,0,0,1,5.32516E+20,5.39447E+21,9.44193E+15,4.87024E+16
39993,8,1,18,48,2018,1,17,5,3,2,6,2,0,1,0,0,0,0,0,5.12283E+20,5.41695E+21,9.16762E+15,4.89054E+16
39994,8,1,16,19,2018,1,11,5,3,2,6,0,0,1,0,0,0,0,1,5.2251E+20,5.39825E+21,9.30615E+15,4.87368E+16
39995,8,2,31,0,2018,1,12,4,3,6,4,0,0,1,1,0,0,0,0,4.75096E+20,5.41175E+21,8.66047E+15,4.88582E+16
39996,8,1,11,0,2018,1,13,5,3,6,2,0,0,1,1,0,0,0,1,5.15664E+20,5.40352E+21,9.21324E+15,4.87845E+16
39997,8,1,11,0,2018,1,16,5,3,0,7,2,0,0,1,0,0,1,1,5.15879E+20,5.40561E+21,9.21624E+15,4.88033E+16
39998,8,3,27,49,2018,1,19,3,3,2,6,2,0,1,0,0,0,0,0,4.7188E+20,5.32491E+21,8.62248E+15,4.80768E+16
39999,8,1,11,0,2018,1,19,5,3,2,6,2,0,1,0,0,0,0,1,5.14247E+20,5.40014E+21,9.19383E+15,4.87541E+16
40000,8,1,28,115,2018,1,14,3,3,6,4,0,0,1,1,0,0,0,0,5.48305E+20,5.49671E+21,9.66878E+15,4.9621E+16
40001,8,4,15,90,2018,1,16,3,2,4,6,0,0,1,0,0,0,0,0,5.24224E+20,5.35268E+21,9.32681E+15,4.83268E+16
40002,8,4,36,69,2018,1,9,4,3,4,6,0,0,1,0,0,0,0,1,5.52466E+20,5.29338E+21,9.70052E+15,4.77916E+16
40003,8,4,26,70,2018,1,7,4,2,4,6,1,0,1,0,0,1,0,1,5.65563E+20,5.34319E+21,9.883E+15,4.82385E+16
40004,8,1,11,0,2018,1,12,5,3,4,7,0,0,1,0,0,0,0,0,5.13012E+20,5.40607E+21,9.17721E+15,4.88075E+16
40005,8,4,21,0,2018,1,10,4,2,5,3,0,0,1,0,0,0,0,1,5.68751E+20,5.36204E+21,9.929E+15,4.84078E+16
40006,8,2,12,0,2018,1,12,4,3,5,3,0,0,1,0,0,0,0,0,4.61309E+20,5.43043E+21,8.47075E+15,4.90255E+16
40007,8,4,25,108,2018,1,7,4,3,9,1,0,0,1,0,0,0,0,1,5.54474E+20,5.358E+21,9.73558E+15,4.83728E+16
40008,8,3,26,37,2018,1,5,3,2,2,6,2,0,1,0,0,0,0,0,4.57566E+20,5.32655E+21,8.43014E+15,4.80908E+16
40009,8,4,16,15,2018,1,14,4,3,2,6,0,0,1,0,0,0,0,1,5.07085E+20,5.36694E+21,9.09583E+15,4.84556E+16
40010,8,4,15,29,2018,1,19,4,3,7,1,2,0,1,0,0,0,0,1,5.2346E+20,5.37994E+21,9.31803E+15,4.85721E+16
40011,8,3,17,57,2018,1,16,4,2,5,3,0,0,1,0,1,0,0,0,4.14114E+20,5.37806E+21,7.83621E+15,4.85498E+16
40012,8,3,17,26,2018,1,22,4,2,6,6,2,0,1,1,0,0,0,1,4.10577E+20,5.34712E+21,7.7949E+15,4.82709E+16
40013,8,2,26,10,2018,1,19,2,3,8,1,2,0,1,0,0,0,0,0,4.84867E+20,5.45884E+21,8.79192E+15,4.92821E+16
40014,8,1,19,61,2018,1,7,4,2,5,3,0,0,1,0,1,0,0,0,5.40274E+20,5.41187E+21,9.54907E+15,4.88585E+16
40015,8,3,15,6,2018,1,13,7,3,4,6,0,0,1,0,0,0,0,0,4.01469E+20,5.31059E+21,7.68062E+15,4.79411E+16
40016,8,4,37,53,2018,1,6,3,2,6,6,2,0,1,1,0,0,0,1,5.29505E+20,5.32099E+21,9.39585E+15,4.80415E+16
40017,8,3,15,94,2018,1,16,7,2,2,6,0,1,1,0,0,0,0,0,4.29807E+20,5.31902E+21,8.05864E+15,4.80207E+16
40018,8,4,36,55,2018,1,5,4,3,9,1,2,0,1,0,0,0,0,2,5.79962E+20,5.29021E+21,1.0067E+16,4.77603E+16
40019,8,1,26,11,2018,1,8,3,3,9,1,0,0,1,0,0,0,0,1,5.32695E+20,5.44942E+21,9.44878E+15,4.91967E+16
40020,8,1,18,48,2018,1,18,2,3,2,2,2,0,1,0,0,0,0,0,5.13699E+20,5.41664E+21,9.18693E+15,4.89026E+16
40021,8,2,35,79,2018,1,14,7,3,5,3,0,1,1,0,0,0,0,0,4.67348E+20,5.40134E+21,8.55567E+15,4.87643E+16
40022,8,3,26,60,2018,1,7,4,3,4,2,1,0,1,0,0,0,0,2,4.41677E+20,5.33167E+21,8.21609E+15,4.81356E+16
40023,8,2,35,7,2018,1,12,7,2,2,6,0,0,1,0,0,0,0,0,4.85075E+20,5.39858E+21,8.797E+15,4.874E+16
40024,8,1,15,28,2018,1,17,4,3,2,6,0,0,1,0,0,0,0,0,5.0156E+20,5.4043E+21,9.02124E+15,4.87917E+16
40025,8,2,36,70,2018,1,10,7,3,4,6,0,0,1,0,0,0,0,0,4.69537E+20,5.41635E+21,8.58435E+15,4.88993E+16
40026,8,1,25,7,2018,1,7,5,3,6,4,2,0,1,1,0,0,0,1,5.1129E+20,5.45305E+21,9.15507E+15,4.92301E+16
40027,8,3,35,75,2018,1,14,3,3,5,3,0,0,1,0,0,0,1,1,4.88175E+20,5.28869E+21,8.84224E+15,4.77515E+16
40028,8,2,36,46,2018,1,17,7,3,6,4,2,0,1,1,0,0,0,0,4.84305E+20,5.41807E+21,8.78578E+15,4.89154E+16
40029,8,4,26,19,2018,1,12,4,3,4,6,0,0,1,0,0,1,0,2,5.82419E+20,5.32136E+21,1.01057E+16,4.80402E+16
40030,8,3,17,59,2018,1,11,1,3,2,6,0,0,1,0,0,0,0,0,4.12722E+20,5.34946E+21,7.82331E+15,4.82923E+16
40031,8,3,17,1,2018,1,10,4,2,2,6,0,0,1,0,0,0,1,1,4.31215E+20,5.38367E+21,8.06698E+15,4.86023E+16
40032,8,4,36,83,2018,1,11,4,3,4,1,0,0,1,0,0,0,0,2,5.29285E+20,5.30225E+21,9.39162E+15,4.78729E+16
40033,8,4,15,61,2018,1,2,1,3,9,1,2,0,1,0,0,0,0,0,5.13967E+20,5.37096E+21,9.18904E+15,4.84916E+16
40034,8,2,22,0,2018,1,17,7,3,3,6,2,0,1,0,0,0,0,0,4.62598E+20,5.47976E+21,8.48377E+15,4.94694E+16
40035,8,3,25,1,2018,1,17,4,3,4,1,0,0,1,0,0,0,0,2,4.56471E+20,5.34445E+21,8.41361E+15,4.82517E+16
40036,8,1,25,27,2018,1,7,3,3,5,2,2,0,1,0,0,0,0,1,5.19364E+20,5.44542E+21,9.2656E+15,4.91613E+16
40037,8,1,25,13,2018,1,7,3,3,2,6,2,0,1,0,0,0,0,1,5.08432E+20,5.43489E+21,9.11544E+15,4.90668E+16
40038,8,2,16,15,2018,1,16,7,3,8,1,0,0,1,0,0,0,0,0,4.48786E+20,5.41213E+21,8.30176E+15,4.886E+16
40039,8,1,35,20,2018,1,19,4,2,8,1,2,0,1,0,0,0,0,2,5.87451E+20,5.38329E+21,1.01861E+16,4.85966E+16
40040,8,1,36,10,2018,1,20,7,3,5,3,2,0,1,0,0,0,0,0,5.9987E+20,5.41232E+21,1.03615E+16,4.88558E+16
40041,8,1,18,46,2018,1,17,5,3,5,3,2,1,0,0,1,0,0,1,5.14869E+20,5.41268E+21,9.20275E+15,4.88669E+16
40042,8,3,17,145,2018,1,14,3,3,2,6,0,0,1,0,0,0,0,1,4.41838E+20,5.3488E+21,8.2159E+15,4.82897E+16
40043,8,2,37,19,2018,1,8,2,3,9,7,0,0,1,0,0,0,0,0,4.62684E+20,5.36988E+21,8.49505E+15,4.8481E+16
40044,8,1,36,75,2018,1,2,7,3,9,1,2,0,1,0,0,0,0,1,5.99786E+20,5.42054E+21,1.03624E+16,4.89297E+16
40045,8,4,25,72,2018,1,6,4,2,4,6,2,0,1,0,0,0,0,2,5.77066E+20,5.36903E+21,1.00426E+16,4.84697E+16
40046,8,1,15,45,2018,1,15,1,3,0,7,0,0,1,0,0,0,0,0,5.02322E+20,5.39438E+21,9.03155E+15,4.87025E+16
40047,8,2,15,101,2018,1,16,4,3,6,4,0,0,1,1,0,0,0,0,4.65478E+20,5.4281E+21,8.52797E+15,4.90048E+16
40048,8,1,27,14,2018,1,3,7,3,9,1,2,0,1,0,0,0,0,0,5.79038E+20,5.44196E+21,1.00833E+16,4.91254E+16
40049,8,1,18,68,2018,1,6,4,2,5,3,2,0,1,0,1,0,0,1,5.04172E+20,5.42203E+21,9.05698E+15,4.89512E+16
40050,8,1,27,14,2018,1,18,7,3,5,3,2,0,1,0,0,0,0,0,5.76795E+20,5.44382E+21,1.0053E+16,4.91424E+16
40051,8,1,11,0,2018,1,17,5,3,2,7,2,0,1,0,0,0,1,1,5.15124E+20,5.40491E+21,9.20593E+15,4.8797E+16
40052,8,1,26,11,2018,1,10,7,3,5,3,0,0,1,0,0,0,0,0,5.31023E+20,5.44848E+21,9.42575E+15,4.91883E+16
40053,8,1,26,47,2018,1,10,4,3,9,1,0,0,1,0,0,0,0,2,5.52148E+20,5.45665E+21,9.71671E+15,4.92604E+16
40054,8,1,26,47,2018,1,12,7,3,5,3,0,0,1,0,0,0,0,0,5.49752E+20,5.45059E+21,9.68304E+15,4.92061E+16
40055,8,1,11,0,2018,1,7,5,3,0,7,1,0,0,0,0,1,0,1,5.12333E+20,5.41071E+21,9.16811E+15,4.88492E+16
40056,8,2,15,9,2018,1,12,3,3,8,1,0,0,1,0,0,0,0,1,4.67289E+20,5.44095E+21,8.55169E+15,4.91205E+16
40057,8,2,15,109,2018,1,18,2,3,4,2,2,0,1,0,0,0,0,1,4.61713E+20,5.4403E+21,8.47534E+15,4.91143E+16
40058,8,1,26,46,2018,1,9,7,2,5,3,0,0,1,0,1,0,0,0,5.50196E+20,5.46189E+21,9.69054E+15,4.93077E+16
40059,8,4,16,25,2018,1,11,4,3,2,6,0,0,1,0,0,0,1,2,5.00321E+20,5.36028E+21,9.00434E+15,4.83956E+16
40060,8,4,25,71,2018,1,15,1,3,2,6,0,0,1,0,0,0,0,0,5.51281E+20,5.37558E+21,9.69461E+15,4.85312E+16
40061,8,2,35,50,2018,1,15,4,3,4,1,0,0,1,0,0,0,0,2,4.70372E+20,5.38947E+21,8.59767E+15,4.86576E+16
40062,8,1,19,79,2018,1,14,7,3,2,6,0,0,1,0,0,0,0,0,5.23032E+20,5.41008E+21,9.31391E+15,4.88433E+16
40063,8,4,36,3,2018,1,22,3,3,8,1,2,0,1,0,0,0,0,1,5.78442E+20,5.30519E+21,1.00494E+16,4.78952E+16
40064,8,1,19,84,2018,1,19,7,3,9,6,2,0,1,0,0,0,0,0,5.45051E+20,5.41413E+21,9.61444E+15,4.88785E+16
40065,8,4,36,8,2018,1,7,4,3,2,6,0,0,1,0,0,1,0,1,5.47775E+20,5.31163E+21,9.63992E+15,4.79562E+16
40066,8,2,21,0,2018,1,15,3,3,0,7,0,1,1,0,0,0,0,1,4.72043E+20,5.47299E+21,8.6146E+15,4.94089E+16
40067,8,1,19,42,2018,1,10,2,3,2,6,0,0,1,0,0,1,0,0,5.2878E+20,5.415E+21,9.39259E+15,4.88873E+16
40068,8,1,18,79,2018,1,6,7,3,5,3,2,0,1,0,0,0,0,0,5.08482E+20,5.42181E+21,9.11585E+15,4.89492E+16
40069,8,3,27,55,2018,1,9,4,3,4,1,0,0,1,0,0,0,1,2,4.80208E+20,5.31677E+21,8.73466E+15,4.80039E+16
40070,8,1,17,31,2018,1,17,7,3,2,6,2,0,1,0,0,0,0,0,5.55567E+20,5.37424E+21,9.7525E+15,4.85188E+16
40071,8,2,36,73,2018,1,6,3,3,4,2,2,0,1,0,0,0,0,1,4.80112E+20,5.42422E+21,8.72826E+15,4.89706E+16
40072,8,1,28,131,2018,1,15,2,3,5,2,0,0,1,0,1,0,0,0,5.36291E+20,5.51445E+21,9.5041E+15,4.97814E+16
40073,8,1,17,31,2018,1,17,7,3,1,6,2,0,1,0,0,0,0,0,5.55556E+20,5.37424E+21,9.75235E+15,4.85188E+16
40074,8,3,35,96,2018,1,17,4,3,9,1,1,0,1,0,0,0,0,2,5.10847E+20,5.30322E+21,9.14508E+15,4.78823E+16
40075,8,3,11,0,2018,1,18,7,3,2,6,2,0,1,0,0,0,0,0,4.09031E+20,5.31943E+21,7.77998E+15,4.80216E+16
40076,8,2,26,31,2018,1,7,4,3,5,3,1,1,1,0,0,0,0,1,4.75023E+20,5.49339E+21,8.65439E+15,4.95926E+16
40077,8,1,19,89,2018,1,6,3,3,5,2,2,0,1,0,0,0,1,1,5.33275E+20,5.41051E+21,9.45355E+15,4.88467E+16
40078,8,1,16,46,2018,1,16,7,3,0,1,0,0,1,0,0,0,0,0,5.28166E+20,5.3776E+21,9.38167E+15,4.85509E+16
40079,8,4,17,13,2018,1,18,3,3,8,1,2,0,1,0,0,0,0,2,5.06721E+20,5.35406E+21,9.0907E+15,4.83397E+16
40080,8,1,16,80,2018,1,2,7,3,5,3,2,0,1,0,0,0,0,0,5.19269E+20,5.395E+21,9.26191E+15,4.87077E+16
40081,8,4,35,16,2018,1,10,4,3,2,6,0,0,1,0,0,1,0,2,5.30097E+20,5.28212E+21,9.40108E+15,4.76918E+16
40082,8,1,16,81,2018,1,20,2,1,2,6,2,0,1,0,1,0,0,1,5.16629E+20,5.3854E+21,9.22565E+15,4.86215E+16
40083,8,1,16,47,2018,1,18,7,3,2,6,2,0,1,0,0,0,0,0,5.20911E+20,5.39385E+21,9.28417E+15,4.86974E+16
40084,8,3,26,74,2018,1,8,4,3,2,6,0,0,1,0,0,0,0,2,4.65566E+20,5.32347E+21,8.53782E+15,4.80636E+16
40085,8,1,25,7,2018,1,18,3,3,2,6,2,0,1,0,0,0,0,0,5.11709E+20,5.45269E+21,9.16081E+15,4.92269E+16
40086,8,1,19,38,2018,1,16,3,3,1,2,0,0,1,0,0,0,0,1,5.27436E+20,5.42346E+21,9.37483E+15,4.89635E+16
40087,8,1,16,33,2018,1,19,7,3,3,2,2,0,1,0,0,0,0,0,5.35098E+20,5.38952E+21,9.4766E+15,4.86578E+16
40088,8,1,36,45,2018,1,20,4,3,8,1,2,0,1,0,0,0,0,2,5.93292E+20,5.40431E+21,1.027E+16,4.87848E+16
40089,8,1,11,0,2018,1,12,7,3,2,6,0,0,1,0,0,0,0,0,5.13486E+20,5.40264E+21,9.18355E+15,4.87767E+16
40090,8,1,21,0,2018,1,7,5,3,6,2,1,0,1,1,0,0,0,1,5.16736E+20,5.44291E+21,9.22945E+15,4.91388E+16
40091,8,1,27,76,2018,1,8,3,3,2,6,0,0,1,0,0,0,0,1,5.54217E+20,5.44011E+21,9.74291E+15,4.91114E+16
40092,8,1,21,0,2018,1,6,4,3,2,1,1,0,1,0,0,0,0,1,5.13054E+20,5.4485E+21,9.17915E+15,4.91892E+16
40093,8,1,11,0,2018,1,21,7,2,3,6,2,0,1,0,0,1,0,0,5.1656E+20,5.40386E+21,9.22544E+15,4.87875E+16
40094,8,3,15,6,2018,1,12,3,3,8,1,0,0,1,0,0,0,0,1,4.00435E+20,5.31175E+21,7.66651E+15,4.79514E+16
40095,8,4,36,82,2018,1,12,6,3,2,6,0,0,1,0,0,0,0,0,5.47224E+20,5.29415E+21,9.63063E+15,4.7799E+16
40096,8,4,26,71,2018,1,14,4,3,9,1,0,0,1,0,0,0,0,2,5.65305E+20,5.33994E+21,9.87902E+15,4.82093E+16
40097,8,3,15,76,2018,1,22,1,2,2,6,2,0,1,0,0,0,0,0,3.95008E+20,5.3082E+21,7.59471E+15,4.79185E+16
40098,8,4,26,45,2018,1,12,6,3,4,2,0,0,1,0,0,0,0,1,5.3432E+20,5.32853E+21,9.46106E+15,4.81091E+16
40099,8,3,17,73,2018,1,6,4,3,5,3,2,1,1,0,0,0,0,1,4.10669E+20,5.34771E+21,7.79601E+15,4.82763E+16
40100,8,1,25,58,2018,1,8,3,3,8,1,0,0,1,0,0,0,0,1,5.10721E+20,5.44317E+21,9.14699E+15,4.91413E+16
40101,8,4,26,62,2018,1,13,6,2,2,6,0,0,1,0,0,0,0,1,5.52269E+20,5.3235E+21,9.70155E+15,4.80626E+16
40102,8,1,28,14,2018,1,9,4,2,9,1,0,0,1,0,0,0,0,2,5.45845E+20,5.48606E+21,9.63348E+15,4.95255E+16
40103,8,4,21,0,2018,1,9,6,3,5,7,0,0,1,0,0,0,0,0,5.71108E+20,5.35643E+21,9.95989E+15,4.8357E+16
40104,8,1,18,73,2018,1,7,5,3,5,3,1,0,1,0,0,0,0,1,4.9757E+20,5.41953E+21,8.96682E+15,4.89287E+16
40105,8,2,26,32,2018,1,18,3,2,3,6,2,0,1,0,0,1,0,0,4.68282E+20,5.46387E+21,8.56349E+15,4.93268E+16
40106,8,2,36,43,2018,1,7,2,3,8,1,1,0,1,0,0,0,0,2,4.67494E+20,5.40806E+21,8.55713E+15,4.88247E+16
40107,8,4,17,2,2018,1,7,6,3,5,3,2,0,1,0,1,0,0,0,4.89824E+20,5.34822E+21,8.86282E+15,4.82871E+16
40108,8,4,17,8,2018,1,11,4,3,2,6,0,0,1,0,0,0,0,2,4.93684E+20,5.35216E+21,8.9148E+15,4.83226E+16
40109,8,1,26,66,2018,1,18,1,3,4,2,2,0,1,0,0,0,0,0,5.35786E+20,5.45011E+21,9.49126E+15,4.92027E+16
40110,8,3,27,38,2018,1,6,3,3,4,2,2,0,1,0,1,0,0,1,4.94957E+20,5.3122E+21,8.93245E+15,4.79631E+16
40111,8,3,17,59,2018,1,18,2,2,2,7,2,0,1,0,0,0,0,1,4.1371E+20,5.35306E+21,7.8359E+15,4.83249E+16
40112,8,3,16,17,2018,1,13,6,3,2,6,0,0,1,0,0,0,0,0,4.06824E+20,5.34003E+21,7.74589E+15,4.82067E+16
40113,8,4,26,11,2018,1,15,4,3,5,3,0,0,0,0,0,1,1,2,5.51501E+20,5.32946E+21,9.69196E+15,4.81163E+16
40114,8,2,35,46,2018,1,17,1,3,8,1,2,0,1,0,0,0,0,0,4.82367E+20,5.3731E+21,8.76125E+15,4.85107E+16
40115,8,2,26,85,2018,1,7,4,3,2,6,0,0,1,0,0,0,1,0,4.85606E+20,5.45674E+21,8.80216E+15,4.92632E+16
40116,8,3,37,62,2018,1,17,6,2,5,3,2,0,1,0,0,0,1,0,4.54469E+20,5.27517E+21,8.39397E+15,4.76283E+16
40117,8,1,25,6,2018,1,9,4,3,5,3,0,0,1,0,0,0,0,1,5.10915E+20,5.45639E+21,9.15001E+15,4.92602E+16
40118,8,3,35,22,2018,1,18,6,3,6,4,1,0,1,1,0,0,0,0,4.83013E+20,5.30052E+21,8.7729E+15,4.78578E+16
40119,8,1,11,0,2018,1,23,5,3,5,3,2,0,1,0,0,0,0,1,5.18012E+20,5.40759E+21,9.24538E+15,4.8821E+16
40120,8,2,15,84,2018,1,6,3,3,8,1,2,0,0,0,0,0,1,1,4.70124E+20,5.44932E+21,8.58993E+15,4.9196E+16
40121,8,1,11,0,2018,1,7,2,3,2,6,2,0,1,0,0,1,0,0,5.06188E+20,5.39601E+21,9.08413E+15,4.87171E+16
40122,8,4,35,45,2018,1,8,6,3,0,7,1,1,0,0,0,0,0,0,5.36026E+20,5.28688E+21,9.48049E+15,4.77343E+16
40123,8,4,16,41,2018,1,10,4,3,2,7,0,0,1,0,0,0,0,2,5.04311E+20,5.37175E+21,9.05836E+15,4.84989E+16
40124,8,1,15,29,2018,1,17,3,3,4,7,0,0,1,0,0,0,0,1,4.95949E+20,5.39963E+21,8.94488E+15,4.87497E+16
40125,8,1,28,82,2018,1,12,3,2,8,1,0,0,1,0,0,0,0,1,5.63385E+20,5.47064E+21,9.87336E+15,4.93852E+16
40126,8,4,26,28,2018,1,19,7,3,6,4,2,0,1,1,0,0,0,0,5.6937E+20,5.34321E+21,9.93426E+15,4.82383E+16
40127,8,2,31,0,2018,1,17,4,3,2,6,2,1,1,0,0,0,0,1,4.77937E+20,5.41406E+21,8.69909E+15,4.88791E+16
40128,8,3,27,49,2018,1,20,6,3,4,6,2,0,1,0,0,1,0,0,4.70539E+20,5.32569E+21,8.60442E+15,4.80838E+16
40129,8,4,36,69,2018,1,6,3,3,5,3,2,0,1,0,0,0,1,1,5.52639E+20,5.29268E+21,9.70275E+15,4.77853E+16
40130,8,2,15,90,2018,1,16,4,3,2,2,0,0,1,0,0,0,0,0,4.64637E+20,5.43121E+21,8.51621E+15,4.90328E+16
40131,8,3,27,50,2018,1,9,6,3,4,6,0,0,1,0,0,0,0,0,4.90359E+20,5.31446E+21,8.87079E+15,4.79834E+16
40132,8,1,11,0,2018,1,16,4,3,2,6,0,0,1,0,0,0,0,1,5.12472E+20,5.40121E+21,9.16971E+15,4.87638E+16
40133,8,3,27,50,2018,1,6,6,3,1,6,0,0,1,0,0,0,0,0,4.85905E+20,5.31486E+21,8.8111E+15,4.79869E+16
40134,8,4,37,65,2018,1,7,4,3,7,7,2,0,1,0,0,1,0,2,5.19492E+20,5.31849E+21,9.2614E+15,4.80194E+16
40135,8,2,26,41,2018,1,8,3,3,2,6,0,0,1,0,0,0,0,1,4.76643E+20,5.46532E+21,8.67847E+15,4.93401E+16
40136,8,1,27,9,2018,1,23,2,3,9,1,2,0,0,0,0,1,0,1,5.58084E+20,5.4472E+21,9.79692E+15,4.91748E+16
40137,8,3,26,74,2018,1,15,6,3,4,2,0,0,1,0,0,0,0,0,4.60809E+20,5.32465E+21,8.47387E+15,4.80739E+16
40138,8,4,35,34,2018,1,10,4,2,4,1,0,0,0,0,0,1,1,2,5.25263E+20,5.28299E+21,9.33671E+15,4.76998E+16
40139,8,1,15,50,2018,1,6,3,3,0,6,2,0,1,0,0,0,1,1,4.93939E+20,5.39759E+21,8.91758E+15,4.87313E+16
40140,8,3,17,65,2018,1,12,7,3,5,3,0,0,1,0,1,0,0,0,4.16947E+20,5.35479E+21,7.87921E+15,4.83408E+16
40141,8,2,16,49,2018,1,17,4,2,2,6,1,0,1,0,0,0,1,1,4.38785E+20,5.40068E+21,8.16713E+15,4.87561E+16
40142,8,1,18,54,2018,1,18,3,3,2,6,2,0,1,0,0,0,0,1,5.1811E+20,5.4227E+21,9.24738E+15,4.8957E+16
40143,8,2,37,4,2018,1,1,6,1,6,4,2,0,1,1,0,0,0,1,4.55323E+20,5.38071E+21,8.39428E+15,4.85779E+16
40144,8,4,17,44,2018,1,16,3,3,8,1,2,0,1,0,0,0,0,1,4.9053E+20,5.33849E+21,8.87256E+15,4.81996E+16
40145,8,3,17,96,2018,1,16,6,3,3,6,0,1,0,0,0,0,1,0,4.21543E+20,5.36882E+21,7.9386E+15,4.84676E+16
40146,8,4,37,78,2018,1,7,4,3,9,1,0,0,0,0,0,1,0,2,5.06879E+20,5.31607E+21,9.09222E+15,4.79979E+16
40147,8,1,15,24,2018,1,13,3,3,5,2,0,0,1,0,0,1,0,1,5.01433E+20,5.38605E+21,9.01945E+15,4.86275E+16
40148,8,4,25,79,2018,1,19,1,3,1,6,2,0,1,0,0,0,0,0,5.55943E+20,5.37405E+21,9.75756E+15,4.85171E+16
40149,8,3,16,56,2018,1,16,6,3,2,6,1,0,1,0,0,0,0,0,4.23712E+20,5.32765E+21,7.97537E+15,4.80975E+16
40150,8,2,26,95,2018,1,12,6,3,2,6,0,0,1,0,0,0,0,0,4.72449E+20,5.4588E+21,8.62118E+15,4.92813E+16
40151,8,4,36,64,2018,1,11,4,3,3,6,0,0,1,0,0,1,0,2,5.45493E+20,5.29414E+21,9.60751E+15,4.7799E+16
40152,8,1,25,65,2018,1,17,3,3,2,1,2,0,1,0,0,0,0,0,5.16272E+20,5.44776E+21,9.22329E+15,4.91825E+16
40153,8,1,19,8,2018,1,7,2,3,5,3,0,0,1,0,0,0,1,0,5.31862E+20,5.42125E+21,9.43512E+15,4.89434E+16
40154,8,2,26,103,2018,1,18,6,2,2,6,2,0,1,0,0,0,0,0,4.70986E+20,5.45585E+21,8.60129E+15,4.92547E+16
40155,8,3,26,74,2018,1,9,4,3,4,1,0,0,1,0,0,0,0,2,4.59734E+20,5.32356E+21,8.45954E+15,4.8064E+16
40156,8,1,11,0,2018,1,11,3,3,9,6,0,0,1,0,0,0,0,1,5.10641E+20,5.40016E+21,9.14478E+15,4.87544E+16
40157,8,2,26,10,2018,1,18,6,3,2,6,2,0,1,0,0,0,0,0,4.81568E+20,5.45805E+21,8.7466E+15,4.9275E+16
40158,8,1,15,42,2018,1,18,4,3,3,6,2,0,1,0,0,0,0,1,4.94815E+20,5.40598E+21,8.92938E+15,4.88068E+16
40159,8,2,31,0,2018,1,18,6,3,2,6,2,0,1,0,0,0,0,0,4.82122E+20,5.41878E+21,8.75595E+15,4.89217E+16
40160,8,3,35,75,2018,1,17,3,3,6,2,0,0,1,1,0,0,0,0,4.88179E+20,5.28868E+21,8.84229E+15,4.77514E+16
40161,8,2,15,39,2018,1,20,6,3,2,6,2,0,1,0,0,0,0,0,4.71152E+20,5.4524E+21,8.60381E+15,4.92237E+16
40162,8,4,26,87,2018,1,8,4,3,2,6,0,0,1,0,0,0,0,2,5.71997E+20,5.32393E+21,9.96638E+15,4.80645E+16
40163,8,1,11,0,2018,1,18,3,3,5,2,2,0,1,0,0,0,0,1,5.16116E+20,5.40566E+21,9.21948E+15,4.88038E+16
40164,8,3,27,38,2018,1,12,1,2,4,6,0,0,1,0,0,0,0,0,4.95775E+20,5.31244E+21,8.94339E+15,4.79652E+16
40165,8,3,17,96,2018,1,10,4,3,9,1,0,0,1,0,0,0,0,2,4.19096E+20,5.37259E+21,7.90478E+15,4.85012E+16
40166,8,1,11,0,2018,1,11,3,3,2,6,0,0,1,0,0,0,0,1,5.1535E+20,5.40575E+21,9.20905E+15,4.88046E+16
40167,8,2,15,46,2018,1,9,6,2,4,2,0,0,0,0,1,1,0,0,4.50817E+20,5.4151E+21,8.32909E+15,4.88869E+16
40168,8,1,26,66,2018,1,15,4,3,5,3,0,0,1,0,0,0,0,1,5.36169E+20,5.45E+21,9.49651E+15,4.92017E+16
40169,8,3,26,68,2018,1,6,4,3,2,1,1,0,1,0,0,0,0,2,4.48459E+20,5.32116E+21,8.3085E+15,4.80416E+16