OBJECTID_1,ULAND,UREGBEZ,UKREIS,UGEMEINDE,UJAHR,UMONAT,USTUNDE,UWOCHENTAG,UKATEGORIE,UART,UTYP1,ULICHTVERH,IstRad,IstPKW,IstFuss,IstKrad,IstGkfz,IstSonstig,STRZUSTAND,LINREFX,LINREFY,XGCSWGS84,YGCSWGS84
40359,8,2,26,68,2018,1,15,7,2,8,1,0,0,1,0,0,0,0,1,4.6652E+20,5.46164E+21,8.53943E+15,4.93066E+16
40360,8,2,22,0,2018,1,16,7,3,5,3,0,0,1,0,0,0,0,1,4.61238E+20,5.48392E+21,8.46459E+15,4.95067E+16
40361,8,2,16,49,2018,1,7,3,3,1,3,2,0,1,0,0,0,0,0,4.38903E+20,5.40119E+21,8.16865E+15,4.87607E+16
40362,8,2,15,17,2018,1,21,7,3,8,1,2,0,1,0,0,0,0,1,4.57102E+20,5.41518E+21,8.41481E+15,4.88881E+16
40363,8,2,12,0,2018,1,19,7,3,8,7,2,0,1,0,0,0,0,1,4.51826E+20,5.4311E+21,8.34095E+15,4.90309E+16
40364,8,3,15,74,2018,1,10,2,3,2,6,0,0,1,0,0,0,0,1,3.95774E+20,5.29598E+21,7.60791E+15,4.78087E+16
40365,8,2,22,0,2018,1,18,4,3,2,6,0,0,1,0,0,0,0,1,4.61125E+20,5.48144E+21,8.46327E+15,4.94844E+16
40366,8,1,18,3,2018,1,4,7,3,8,1,2,0,1,0,0,0,0,1,5.11122E+20,5.41597E+21,9.15175E+15,4.88966E+16
40367,8,1,36,65,2018,1,10,7,3,2,6,0,0,1,0,0,0,0,1,5.58977E+20,5.40581E+21,9.80317E+15,4.88024E+16
40368,8,3,26,74,2018,1,19,2,3,6,4,2,0,1,1,0,0,0,1,4.59861E+20,5.32211E+21,8.46137E+15,4.8051E+16
40369,8,3,17,57,2018,1,7,4,3,2,6,0,0,1,0,0,0,0,0,4.1299E+20,5.38156E+21,7.82025E+15,4.85811E+16
40370,8,1,35,25,2018,1,19,7,3,4,6,2,0,1,0,0,0,0,2,5.82364E+20,5.39892E+21,1.01202E+16,4.87378E+16
40371,8,1,21,0,2018,1,1,1,3,9,1,2,0,1,0,0,0,0,1,5.14581E+20,5.44286E+21,9.19991E+15,4.91384E+16
40372,8,1,11,0,2018,1,19,2,3,5,3,2,0,1,0,0,0,0,1,5.14825E+20,5.40374E+21,9.20183E+15,4.87864E+16
40373,8,1,35,10,2018,1,19,5,3,3,6,2,0,1,0,0,1,0,0,6.01142E+20,5.39261E+21,1.0374E+16,4.86783E+16
40374,8,3,35,22,2018,1,4,1,3,8,1,2,0,1,0,0,0,0,2,4.85602E+20,5.30289E+21,8.80743E+15,4.78792E+16
40375,8,4,15,62,2018,1,17,3,3,2,6,2,0,1,0,0,0,0,1,5.19191E+20,5.37848E+21,9.26009E+15,4.85591E+16
40376,8,1,27,14,2018,1,9,7,3,2,6,0,0,1,0,0,0,1,1,5.74971E+20,5.44349E+21,1.00279E+16,4.91397E+16
40377,8,1,27,103,2018,1,19,7,2,8,1,2,0,1,0,0,0,0,2,5.75299E+20,5.43793E+21,1.00313E+16,4.90896E+16
40378,8,1,25,13,2018,1,13,3,2,9,1,0,0,1,0,0,0,0,0,5.0491E+20,5.43828E+21,9.06727E+15,4.90974E+16
40379,8,1,27,63,2018,1,5,7,2,4,1,2,0,1,0,0,0,0,2,5.63619E+20,5.43504E+21,9.87093E+15,4.90649E+16
40380,8,1,21,0,2018,1,11,7,3,6,2,0,0,1,1,0,0,0,1,5.15248E+20,5.44286E+21,9.20904E+15,4.91384E+16
40381,8,2,35,7,2018,1,7,2,3,5,3,0,0,1,0,0,0,0,1,4.84585E+20,5.39809E+21,8.79035E+15,4.87357E+16
40382,8,1,36,40,2018,1,5,4,2,6,4,2,0,1,1,0,0,0,0,5.64414E+20,5.41111E+21,9.87803E+15,4.88496E+16
40383,8,1,19,42,2018,1,8,7,3,8,1,0,0,1,0,0,0,0,2,5.30624E+20,5.41643E+21,9.41785E+15,4.89E+16
40384,8,3,15,73,2018,1,17,3,3,2,6,2,0,1,0,0,0,0,0,4.12566E+20,5.31322E+21,7.82865E+15,4.79663E+16
40385,8,1,18,79,2018,1,17,7,3,2,6,2,0,1,0,0,0,0,1,5.09056E+20,5.42247E+21,9.1237E+15,4.89551E+16
40386,8,1,16,49,2018,1,18,5,3,2,6,2,0,1,0,0,0,0,0,5.25377E+20,5.38685E+21,9.34444E+15,4.86342E+16
40387,8,1,35,19,2018,1,16,7,1,1,1,0,0,1,0,0,1,0,2,5.89962E+20,5.39194E+21,1.0222E+16,4.8674E+16
40388,8,3,17,1,2018,1,14,1,3,5,2,0,0,1,0,0,0,0,0,4.30458E+20,5.38628E+21,8.05627E+15,4.86257E+16
40389,8,3,27,46,2018,1,21,3,3,0,1,2,1,0,0,0,0,0,0,4.80094E+20,5.32524E+21,8.73273E+15,4.80801E+16
40390,8,1,16,20,2018,1,23,7,3,8,1,2,0,1,0,0,0,0,1,5.26948E+20,5.38149E+21,9.36542E+15,4.85859E+16
40391,8,1,16,33,2018,1,21,7,3,5,3,2,0,1,0,0,0,0,1,5.3164E+20,5.38761E+21,9.4295E+15,4.86408E+16
40392,8,1,18,48,2018,1,18,3,3,5,2,2,0,1,0,1,0,0,0,5.1398E+20,5.4148E+21,9.19069E+15,4.8886E+16
40393,8,1,16,19,2018,1,7,7,3,8,1,0,0,1,0,0,0,0,1,5.20812E+20,5.39866E+21,9.28307E+15,4.87406E+16
40394,8,1,15,16,2018,1,18,7,3,2,6,2,0,1,0,0,0,0,2,4.8782E+20,5.37755E+21,8.83495E+15,4.85509E+16
40395,8,2,15,90,2018,1,7,2,3,5,3,2,0,1,0,0,0,0,1,4.64692E+20,5.43428E+21,8.51668E+15,4.90604E+16
40396,8,1,25,39,2018,1,14,4,2,5,3,0,0,0,0,1,0,0,0,5.15511E+20,5.45568E+21,9.21315E+15,4.92537E+16
40397,8,1,11,0,2018,1,10,7,3,4,1,0,0,1,0,0,0,0,1,5.06801E+20,5.40382E+21,9.0926E+15,4.87873E+16
40398,8,2,31,0,2018,1,6,3,2,6,4,2,0,0,1,0,0,1,1,4.78064E+20,5.41566E+21,8.70073E+15,4.88935E+16
40399,8,1,11,0,2018,1,9,7,3,5,2,0,0,1,0,0,0,0,1,5.0721E+20,5.40737E+21,9.09822E+15,4.88193E+16
40400,8,4,37,104,2018,1,11,4,3,5,3,0,0,1,0,0,0,0,0,5.17683E+20,5.32136E+21,9.23726E+15,4.80453E+16
40401,8,1,11,0,2018,1,10,7,3,1,7,0,0,1,0,0,0,0,1,5.15455E+20,5.39427E+21,9.21005E+15,4.87013E+16
40402,8,4,15,14,2018,1,12,2,3,1,3,0,0,1,0,0,0,0,0,5.24457E+20,5.37536E+21,9.33128E+15,4.85309E+16
40403,8,1,11,0,2018,1,14,7,3,5,2,0,1,1,0,0,0,0,1,5.15967E+20,5.40561E+21,9.21744E+15,4.88032E+16
40404,8,4,37,88,2018,1,13,6,3,2,6,0,0,1,0,0,0,1,0,5.19042E+20,5.30779E+21,9.25489E+15,4.79232E+16
40405,8,1,18,48,2018,1,6,2,3,5,3,2,1,1,0,0,0,0,1,5.15188E+20,5.4147E+21,9.20718E+15,4.8885E+16
40406,8,1,11,0,2018,1,8,2,3,2,6,0,0,1,0,0,1,0,1,5.13894E+20,5.40308E+21,9.18913E+15,4.87806E+16
40407,8,4,36,82,2018,1,16,2,3,2,6,1,0,1,0,0,0,0,0,5.47002E+20,5.29667E+21,9.62793E+15,4.78217E+16
40408,8,4,36,64,2018,1,20,6,3,5,2,2,1,1,0,0,0,0,1,5.45719E+20,5.29285E+21,9.6104E+15,4.77874E+16
40409,8,4,26,13,2018,1,16,6,3,5,3,0,0,1,0,0,0,0,0,5.43893E+20,5.32322E+21,9.58911E+15,4.80607E+16
40410,8,1,19,1,2018,1,17,2,3,6,4,1,0,1,1,0,0,0,0,5.51992E+20,5.41012E+21,9.70859E+15,4.88419E+16
40411,8,1,18,48,2018,1,17,4,3,5,3,1,1,1,0,0,0,0,0,5.15647E+20,5.41759E+21,9.21355E+15,4.89111E+16
40412,8,4,26,70,2018,1,13,6,3,2,6,0,0,1,0,0,0,0,0,5.65248E+20,5.34146E+21,9.87848E+15,4.8223E+16
40413,8,1,28,7,2018,1,7,5,3,9,7,2,0,1,0,0,0,0,1,5.57767E+20,5.48038E+21,9.79737E+15,4.94733E+16
40414,8,2,26,107,2018,1,19,3,3,5,3,2,0,1,0,0,1,0,0,4.73687E+20,5.48414E+21,8.63653E+15,4.95093E+16
40415,8,4,21,0,2018,1,14,6,3,5,3,0,0,1,0,0,0,1,0,5.70787E+20,5.36427E+21,9.95689E+15,4.84276E+16
40416,8,4,35,16,2018,1,6,4,3,8,1,2,0,1,0,0,0,0,0,5.3472E+20,5.28341E+21,9.4628E+15,4.77032E+16
40417,8,4,16,22,2018,1,21,6,3,8,1,2,0,1,0,0,0,1,1,5.12592E+20,5.37567E+21,9.17057E+15,4.8534E+16
40418,8,4,36,82,2018,1,16,2,3,6,2,1,0,1,1,0,0,0,1,5.48167E+20,5.29559E+21,9.64338E+15,4.78119E+16
40419,8,3,26,31,2018,1,17,4,3,0,1,0,1,0,0,0,0,0,1,4.56649E+20,5.33396E+21,8.41707E+15,4.81574E+16
40420,8,4,16,41,2018,1,14,6,3,1,6,0,0,1,0,0,0,0,1,5.04415E+20,5.37221E+21,9.05977E+15,4.8503E+16
40421,8,1,19,91,2018,1,12,1,3,5,3,0,0,1,0,1,0,0,1,5.30422E+20,5.40236E+21,9.41405E+15,4.87735E+16
40422,8,1,17,26,2018,1,10,2,2,4,6,0,0,1,0,0,0,0,1,5.47649E+20,5.39436E+21,9.64758E+15,4.87005E+16
40423,8,1,28,7,2018,1,15,5,3,8,1,0,0,1,0,0,0,0,1,5.55554E+20,5.47881E+21,9.76661E+15,4.94594E+16
40424,8,4,16,36,2018,1,21,1,3,9,1,2,0,1,0,0,0,0,0,4.97266E+20,5.37175E+21,8.96299E+15,4.84989E+16
40425,8,4,26,21,2018,1,7,3,2,6,4,2,0,1,1,0,0,0,1,5.57727E+20,5.3271E+21,9.77529E+15,4.80945E+16
40426,8,4,15,61,2018,1,20,6,3,2,6,2,0,1,0,0,0,0,1,5.13994E+20,5.37569E+21,9.18957E+15,4.85342E+16
40427,8,4,15,50,2018,1,18,6,3,0,1,2,1,0,0,0,0,0,1,5.21454E+20,5.37622E+21,9.29065E+15,4.85387E+16
40428,8,1,18,53,2018,1,5,3,3,3,6,2,0,1,0,0,1,1,0,5.17333E+20,5.42797E+21,9.23699E+15,4.90044E+16
40429,8,2,15,97,2018,1,4,1,3,9,1,2,0,1,0,0,0,0,1,4.79075E+20,5.43935E+21,8.7133E+15,4.91066E+16
40430,8,1,15,3,2018,1,16,4,3,5,3,0,1,1,0,0,0,0,0,5.00086E+20,5.39231E+21,9.00117E+15,4.86839E+16
40431,8,3,16,17,2018,1,14,6,3,2,6,0,0,1,0,0,0,0,0,4.0686E+20,5.34055E+21,7.74626E+15,4.82113E+16
40432,8,2,35,7,2018,1,14,7,2,0,6,0,0,1,0,0,0,0,2,4.84191E+20,5.39895E+21,8.78496E+15,4.87434E+16
40433,8,2,15,103,2018,1,8,3,3,3,6,0,1,1,0,0,0,0,1,4.66502E+20,5.44273E+21,8.54076E+15,4.91364E+16
40434,8,3,15,76,2018,1,17,6,3,2,6,2,0,1,0,0,0,0,1,3.93013E+20,5.30316E+21,7.56927E+15,4.78729E+16
40435,8,3,37,22,2018,1,7,6,3,9,1,0,0,1,0,0,0,0,2,4.50857E+20,5.29586E+21,8.34356E+15,4.78142E+16
40436,8,3,17,110,2018,1,7,2,3,2,6,1,0,1,0,0,0,0,1,4.27915E+20,5.38302E+21,8.02234E+15,4.85961E+16
40437,8,3,15,15,2018,1,9,4,2,4,1,0,0,1,0,1,0,0,1,3.95597E+20,5.32648E+21,7.59814E+15,4.80831E+16
40438,8,3,37,96,2018,1,14,6,3,4,1,0,0,1,0,0,1,0,1,4.2115E+20,5.26828E+21,7.95178E+15,4.75631E+16
40439,8,1,18,79,2018,1,15,1,3,2,6,0,0,1,0,0,0,0,1,5.09882E+20,5.42231E+21,9.13498E+15,4.89537E+16
40440,8,3,26,74,2018,1,2,1,3,8,1,2,0,1,0,0,0,0,2,4.52542E+20,5.31947E+21,8.36347E+15,4.80267E+16
40441,8,3,35,98,2018,1,10,3,3,5,2,0,0,1,0,0,0,1,1,4.99424E+20,5.2944E+21,8.9923E+15,4.78029E+16
40442,8,3,27,25,2018,1,8,6,2,8,1,0,0,1,0,0,0,0,1,4.8208E+20,5.30437E+21,8.76027E+15,4.78924E+16
40443,8,3,26,3,2018,1,8,6,3,9,1,0,0,1,0,0,0,0,2,4.65203E+20,5.32068E+21,8.53318E+15,4.80385E+16
40444,8,1,19,85,2018,1,8,3,3,5,3,0,0,1,0,0,0,0,1,5.29636E+20,5.41419E+21,9.40422E+15,4.88799E+16
40445,8,3,27,10,2018,1,16,6,2,2,2,0,0,1,0,0,0,1,1,4.79934E+20,5.32991E+21,8.73037E+15,4.81221E+16
40446,8,3,17,39,2018,1,19,6,3,4,1,2,0,1,0,0,0,0,2,4.38966E+20,5.34278E+21,8.17805E+15,4.82353E+16
40447,8,2,22,0,2018,1,13,2,3,1,6,0,0,1,0,0,1,0,1,4.65444E+20,5.48019E+21,8.52302E+15,4.94734E+16
40448,8,3,17,75,2018,1,18,6,2,8,6,2,0,1,0,0,0,0,1,4.12548E+20,5.3592E+21,7.81894E+15,4.83799E+16
40449,8,3,15,131,2018,1,19,6,2,5,2,2,0,1,0,0,0,0,1,4.04149E+20,5.30935E+21,7.71678E+15,4.79303E+16
40450,8,2,36,46,2018,1,9,2,3,2,6,0,0,1,0,0,0,0,1,4.83839E+20,5.41658E+21,8.77948E+15,4.89019E+16
40451,8,2,16,43,2018,1,7,4,3,5,2,1,1,1,0,0,0,0,0,4.40691E+20,5.41269E+21,8.19133E+15,4.88643E+16
40452,8,2,36,46,2018,1,9,6,2,2,6,0,0,1,0,0,1,0,0,4.82659E+20,5.41811E+21,8.76331E+15,4.89157E+16
40453,8,2,12,0,2018,1,6,1,2,0,7,2,0,1,0,0,0,0,1,4.57152E+20,5.42822E+21,8.41411E+15,4.90054E+16
40454,8,3,25,53,2018,1,20,3,3,9,1,2,0,1,0,0,0,0,2,4.54637E+20,5.33601E+21,8.3898E+15,4.81757E+16
40455,8,2,12,0,2018,1,6,6,3,3,6,2,0,1,0,0,0,0,0,4.59329E+20,5.42747E+21,8.44396E+15,4.89988E+16
40456,8,2,15,90,2018,1,12,6,3,2,6,0,0,0,0,0,1,1,0,4.6381E+20,5.43473E+21,8.50457E+15,4.90644E+16
40457,8,1,15,3,2018,1,19,3,3,5,3,2,0,1,0,0,0,0,0,5.01517E+20,5.39171E+21,9.02061E+15,4.86784E+16
40458,8,2,15,9,2018,1,14,6,3,2,6,0,0,1,0,0,0,0,0,4.6654E+20,5.43905E+21,8.54158E+15,4.91034E+16
40459,8,2,12,0,2018,1,21,6,2,4,2,2,1,1,0,0,0,0,1,4.56333E+20,5.42824E+21,8.40292E+15,4.90055E+16
40460,8,1,15,52,2018,1,5,2,3,0,1,2,0,1,0,0,1,0,2,4.9336E+20,5.40719E+21,8.90954E+15,4.88176E+16
40461,8,1,17,26,2018,1,18,1,3,0,3,2,0,1,0,0,0,1,0,5.47779E+20,5.39538E+21,9.64947E+15,4.87096E+16
40462,8,2,22,0,2018,1,7,1,2,8,1,2,0,0,0,0,0,1,1,4.66521E+20,5.4745E+21,8.53836E+15,4.94223E+16
40463,8,1,21,0,2018,1,7,4,3,5,3,1,1,1,0,0,0,0,0,5.16444E+20,5.44505E+21,9.22553E+15,4.9158E+16
40464,8,2,12,0,2018,1,16,6,3,5,3,0,1,1,0,0,0,0,1,4.5514E+20,5.42825E+21,8.3866E+15,4.90055E+16
40465,8,2,36,43,2018,1,11,3,3,2,2,0,0,1,0,0,0,0,1,4.70453E+20,5.40943E+21,8.59735E+15,4.88371E+16
40466,8,2,37,4,2018,1,13,6,3,9,1,0,0,1,0,0,0,0,2,4.4259E+20,5.37897E+21,8.2219E+15,4.85612E+16
40467,8,1,25,46,2018,1,13,4,2,2,6,0,0,1,0,0,1,1,0,5.19532E+20,5.43302E+21,9.26731E+15,4.90497E+16
40468,8,2,35,35,2018,1,19,6,2,9,1,2,0,1,0,0,0,0,1,4.69278E+20,5.40478E+21,8.58168E+15,4.87953E+16
40469,8,2,26,103,2018,1,6,3,3,7,1,2,0,1,0,0,0,1,0,4.70921E+20,5.45522E+21,8.60044E+15,4.9249E+16
40470,8,2,35,8,2018,1,12,6,3,2,6,0,0,1,0,1,0,0,1,4.80262E+20,5.40315E+21,8.73131E+15,4.87811E+16
40471,8,1,11,0,2018,1,19,5,3,5,3,2,0,1,0,0,0,0,0,5.14249E+20,5.40013E+21,9.19385E+15,4.8754E+16
40472,8,2,31,0,2018,1,16,6,3,1,6,0,0,1,0,0,0,0,1,4.77142E+20,5.41593E+21,8.68813E+15,4.88959E+16
40473,8,4,35,34,2018,1,15,2,3,9,7,0,0,1,0,0,0,0,1,5.27646E+20,5.2859E+21,9.36866E+15,4.77259E+16
40474,8,2,36,74,2018,1,7,6,3,2,6,2,0,1,0,0,0,0,0,4.73972E+20,5.41973E+21,8.64464E+15,4.893E+16
40475,8,2,26,98,2018,1,16,6,3,4,2,0,0,1,0,0,0,0,1,4.77307E+20,5.459E+21,8.68796E+15,4.92833E+16
40476,8,1,19,8,2018,1,19,2,3,6,4,2,0,1,1,0,0,0,1,5.32049E+20,5.42111E+21,9.43767E+15,4.89421E+16
40477,8,1,15,28,2018,1,0,1,3,5,3,2,0,1,0,0,0,1,1,5.0106E+20,5.40384E+21,9.01443E+15,4.87875E+16
40478,8,1,11,0,2018,1,6,2,3,5,2,2,0,1,0,0,0,1,1,5.14071E+20,5.3939E+21,9.19122E+15,4.86979E+16
40479,8,1,17,6,2018,1,6,4,3,8,1,1,0,1,0,0,0,0,1,5.51277E+20,5.38174E+21,9.69533E+15,4.85866E+16
40480,8,2,16,43,2018,1,16,6,3,5,3,0,1,1,0,0,0,0,1,4.42409E+20,5.41195E+21,8.21485E+15,4.88579E+16
40481,8,2,25,14,2018,1,16,5,1,4,1,0,0,1,0,0,0,0,1,5.24441E+20,5.48651E+21,9.33776E+15,4.95307E+16
40482,8,2,25,74,2018,1,7,3,3,4,6,1,0,1,0,0,0,0,1,5.04809E+20,5.46462E+21,9.06619E+15,4.93342E+16
40483,8,2,15,106,2018,1,14,6,3,1,6,0,0,1,0,0,0,0,0,4.64198E+20,5.45599E+21,8.508E+15,4.92557E+16
40484,8,4,25,75,2018,1,10,4,3,1,7,0,0,1,0,0,0,0,0,5.67122E+20,5.37979E+21,9.90985E+15,4.85676E+16
40485,8,2,15,7,2018,1,17,6,3,5,3,2,0,1,0,0,0,0,1,4.78378E+20,5.43005E+21,8.70424E+15,4.9023E+16
40486,8,4,36,13,2018,1,9,2,3,4,2,0,1,1,0,0,0,0,1,5.44819E+20,5.29691E+21,9.5988E+15,4.78239E+16
40487,8,1,11,0,2018,1,0,1,2,8,1,2,0,1,0,0,0,0,1,5.14615E+20,5.40603E+21,9.19905E+15,4.88071E+16
40488,8,3,17,96,2018,1,17,4,3,5,3,1,1,1,0,0,0,0,0,4.21412E+20,5.36965E+21,7.93667E+15,4.8475E+16
40489,8,4,36,9,2018,1,6,4,3,6,4,2,0,1,1,0,0,0,0,5.60584E+20,5.30901E+21,9.8111E+15,4.79316E+16
40490,8,2,15,109,2018,1,10,6,3,5,3,0,0,1,0,0,0,0,0,4.60588E+20,5.43645E+21,8.4603E+15,4.90796E+16
40491,8,3,36,69,2018,1,7,2,3,2,6,1,0,1,0,0,0,0,1,4.10318E+20,5.27008E+21,7.80744E+15,4.75779E+16
40492,8,2,15,96,2018,1,9,6,3,2,6,0,0,1,0,0,0,0,0,4.59888E+20,5.41444E+21,8.45288E+15,4.88816E+16
40493,8,4,17,25,2018,1,8,4,3,2,6,0,0,1,0,0,0,0,1,4.86649E+20,5.35508E+21,8.8198E+15,4.83488E+16
40494,8,2,15,110,2018,1,12,6,3,5,3,0,0,1,0,0,0,0,0,4.61926E+20,5.41883E+21,8.48027E+15,4.89212E+16
40495,8,1,18,46,2018,1,17,2,3,2,6,2,0,1,0,0,0,0,1,5.14377E+20,5.41199E+21,9.19602E+15,4.88607E+16
40496,8,1,11,0,2018,1,23,1,3,2,2,2,0,1,0,0,0,0,1,5.15605E+20,5.40531E+21,9.21251E+15,4.88006E+16
40497,8,4,37,105,2018,1,5,1,3,8,1,2,0,1,0,0,0,0,2,5.21151E+20,5.3243E+21,9.28394E+15,4.80716E+16
40498,8,4,36,55,2018,1,5,3,3,4,2,2,1,1,0,0,0,0,1,5.76064E+20,5.29717E+21,1.00162E+16,4.78234E+16
40499,8,1,15,21,2018,1,13,6,3,2,6,0,0,1,0,0,1,0,0,4.92463E+20,5.38178E+21,8.89779E+15,4.85891E+16
40500,8,2,36,76,2018,1,7,7,2,9,1,1,0,1,0,0,0,1,2,4.73516E+20,5.42623E+21,8.638E+15,4.89884E+16
40501,8,2,15,102,2018,1,15,3,3,2,6,0,0,1,0,0,1,0,1,4.57001E+20,5.4378E+21,8.41103E+15,4.90916E+16
40502,8,1,16,15,2018,1,20,6,3,2,6,2,0,1,0,0,0,0,1,5.24227E+20,5.39222E+21,9.32914E+15,4.86825E+16
40503,8,1,15,37,2018,1,14,6,3,2,6,0,0,1,0,0,0,0,0,4.93378E+20,5.38524E+21,8.91015E+15,4.86202E+16
40504,8,3,16,9,2018,1,17,2,3,5,3,2,0,1,0,0,0,0,1,4.18717E+20,5.32657E+21,7.9085E+15,4.80872E+16
40505,8,1,11,0,2018,1,6,1,3,3,6,2,0,1,0,0,0,0,1,5.15862E+20,5.4046E+21,9.21598E+15,4.87942E+16
40506,8,2,26,95,2018,1,13,4,3,2,6,0,0,1,0,1,0,0,0,4.73276E+20,5.46074E+21,8.63242E+15,4.92988E+16
40507,8,1,36,79,2018,1,19,6,3,4,1,2,0,1,0,0,0,0,2,5.59411E+20,5.39922E+21,9.80811E+15,4.87431E+16
40508,8,4,36,82,2018,1,22,7,2,6,2,2,0,1,1,0,0,0,1,5.47716E+20,5.29567E+21,9.63736E+15,4.78126E+16
40509,8,3,17,65,2018,1,0,1,2,5,3,2,0,1,0,0,0,0,1,4.10921E+20,5.35678E+21,7.79748E+15,4.83579E+16
40510,8,3,35,43,2018,1,19,3,3,0,6,2,0,1,0,0,0,1,0,5.13784E+20,5.28006E+21,9.18363E+15,4.76738E+16
40511,8,1,36,79,2018,1,19,6,3,8,1,2,0,1,0,0,0,0,2,5.59828E+20,5.39799E+21,9.81361E+15,4.8732E+16
40512,8,1,36,88,2018,1,16,6,3,2,6,1,0,1,0,0,0,0,2,5.86785E+20,5.4064E+21,1.01819E+16,4.88045E+16
40513,8,1,11,0,2018,1,13,2,3,2,6,0,0,1,0,0,0,0,0,5.13781E+20,5.40314E+21,9.18759E+15,4.87811E+16
40514,8,3,15,76,2018,1,2,1,3,9,1,2,0,1,0,0,0,0,0,3.91719E+20,5.29681E+21,7.55356E+15,4.78155E+16
40515,8,4,15,61,2018,1,9,3,3,2,6,0,0,1,0,0,0,0,1,5.15101E+20,5.37093E+21,9.20438E+15,4.84913E+16
40516,8,1,35,20,2018,1,13,6,2,2,1,0,0,1,0,0,0,0,0,5.85937E+20,5.38855E+21,1.01666E+16,4.86441E+16
40517,8,1,28,115,2018,1,8,6,3,4,1,0,0,1,0,0,0,0,2,5.45069E+20,5.49805E+21,9.62414E+15,4.96333E+16
40518,8,1,27,23,2018,1,19,3,2,5,3,2,0,1,0,0,0,0,1,5.50838E+20,5.42616E+21,9.69486E+15,4.89863E+16
40519,8,1,28,7,2018,1,13,6,3,9,1,0,0,1,0,0,0,0,1,5.53266E+20,5.47353E+21,9.73433E+15,4.94122E+16
40520,8,1,27,8,2018,1,16,6,3,2,2,0,0,1,0,0,0,0,0,5.79297E+20,5.46394E+21,1.00912E+16,4.9323E+16
40521,8,2,12,0,2018,1,7,2,3,5,2,2,1,1,0,0,0,0,1,4.56394E+20,5.42657E+21,8.40394E+15,4.89905E+16
40522,8,4,36,79,2018,1,18,7,2,4,6,2,0,1,0,0,0,0,2,5.53745E+20,5.29166E+21,9.71739E+15,4.77761E+16
40523,8,1,36,10,2018,1,5,4,3,5,3,2,0,1,0,0,0,0,1,5.99871E+20,5.41232E+21,1.03615E+16,4.88558E+16
40524,8,1,27,76,2018,1,14,6,3,2,2,0,0,1,0,0,0,0,0,5.5581E+20,5.43749E+21,9.76438E+15,4.90877E+16
40525,8,3,15,74,2018,1,8,3,3,5,2,0,1,1,0,0,0,0,0,3.97217E+20,5.29533E+21,7.62733E+15,4.78031E+16
40526,8,1,27,103,2018,1,18,6,2,9,1,2,0,1,0,0,0,0,2,5.70103E+20,5.43727E+21,9.96007E+15,4.90843E+16
40527,8,1,16,49,2018,1,15,5,3,2,6,0,0,1,0,0,0,0,0,5.25139E+20,5.38579E+21,9.34115E+15,4.86247E+16
40528,8,1,36,88,2018,1,8,6,3,8,1,0,0,1,0,0,0,0,2,5.8806E+20,5.41033E+21,1.02001E+16,4.88397E+16
40529,8,4,36,82,2018,1,7,2,3,6,2,1,0,1,1,0,0,0,1,5.4735E+20,5.29598E+21,9.63251E+15,4.78155E+16
40530,8,1,26,66,2018,1,7,6,3,5,3,0,0,1,0,0,0,0,1,5.38699E+20,5.44942E+21,9.53118E+15,4.91964E+16
40531,8,1,26,46,2018,1,13,6,3,8,1,0,0,1,0,0,0,0,1,5.49569E+20,5.46151E+21,9.68187E+15,4.93044E+16
40532,8,1,25,98,2018,1,21,6,3,9,1,2,0,0,0,1,0,0,1,5.22707E+20,5.43622E+21,9.31094E+15,4.90784E+16
40533,8,1,18,48,2018,1,11,3,3,2,6,0,0,1,0,0,1,0,0,5.15694E+20,5.41512E+21,9.21409E+15,4.88888E+16
40534,8,1,25,113,2018,1,6,6,2,4,1,2,0,1,0,0,0,1,1,5.2978E+20,5.44925E+21,9.40876E+15,4.91953E+16
40535,8,1,21,0,2018,1,16,6,3,2,6,1,0,1,0,0,0,0,1,5.13495E+20,5.43949E+21,9.1849E+15,4.91081E+16
40536,8,2,15,90,2018,1,14,2,3,2,6,0,0,1,0,1,0,0,1,4.64821E+20,5.43145E+21,8.5187E+15,4.90349E+16
40537,8,4,36,55,2018,1,14,7,3,5,3,0,0,1,0,0,0,0,1,5.80605E+20,5.29123E+21,1.00758E+16,4.77694E+16
40538,8,1,25,98,2018,1,17,4,3,4,2,2,1,1,0,0,0,0,0,5.19682E+20,5.4368E+21,9.26955E+15,4.90838E+16
40539,8,1,19,42,2018,1,1,6,1,8,1,2,0,1,0,0,0,0,1,5.29343E+20,5.41499E+21,9.40027E+15,4.88872E+16
40540,8,2,35,85,2018,1,17,3,2,6,4,2,0,1,1,0,0,0,0,4.82968E+20,5.39344E+21,8.76856E+15,4.86937E+16
40541,8,1,19,79,2018,1,18,6,2,4,1,2,0,1,0,0,0,0,1,5.24015E+20,5.40952E+21,9.32728E+15,4.88382E+16
40542,8,4,37,59,2018,1,7,4,3,7,7,0,0,1,0,0,0,0,0,5.1134E+20,5.32521E+21,9.15225E+15,4.80801E+16
40543,8,1,18,51,2018,1,19,6,3,2,6,2,0,1,0,0,0,0,1,5.10107E+20,5.41499E+21,9.13787E+15,4.88878E+16
40544,8,4,15,78,2018,1,7,2,3,4,1,1,0,1,0,0,0,0,2,5.31471E+20,5.36691E+21,9.42564E+15,4.84545E+16
40545,8,1,18,19,2018,1,18,6,3,5,3,0,0,1,0,0,0,0,1,5.04838E+20,5.40378E+21,9.06587E+15,4.8787E+16
40546,8,1,17,3,2018,1,12,6,3,2,6,0,0,1,0,0,0,0,1,5.417E+20,5.39347E+21,9.56665E+15,4.86928E+16