OBJECTID_1,ULAND,UREGBEZ,UKREIS,UGEMEINDE,UJAHR,UMONAT,USTUNDE,UWOCHENTAG,UKATEGORIE,UART,UTYP1,ULICHTVERH,IstRad,IstPKW,IstFuss,IstKrad,IstGkfz,IstSonstig,STRZUSTAND,LINREFX,LINREFY,XGCSWGS84,YGCSWGS84
40736,8,3,15,52,2018,1,15,1,3,1,6,0,0,1,0,0,0,0,0,4.33353E+20,5.30692E+21,8.10807E+15,4.79121E+16
40737,8,3,15,72,2018,1,11,1,2,8,1,0,0,1,0,0,0,1,0,4.02812E+20,5.32093E+21,7.69625E+15,4.80342E+16
40738,8,4,17,44,2018,1,13,3,3,4,2,0,0,1,0,0,0,0,1,4.93193E+20,5.33446E+21,8.90846E+15,4.81633E+16
40739,8,3,25,53,2018,2,21,5,3,8,1,2,0,1,0,0,0,0,2,4.51909E+20,5.33767E+21,8.35292E+15,4.81904E+16
40740,8,2,37,54,2018,1,20,1,3,5,3,2,0,1,0,0,0,0,0,4.6796E+20,5.37583E+21,8.56598E+15,4.85347E+16
40741,8,1,25,94,2018,2,19,5,2,4,2,2,0,1,0,0,0,0,1,5.13338E+20,5.43738E+21,9.18268E+15,4.90892E+16
40742,8,4,35,52,2018,2,16,6,3,5,3,0,0,1,0,0,0,1,0,5.20698E+20,5.29164E+21,9.27629E+15,4.77778E+16
40743,8,1,16,78,2018,2,7,5,3,5,3,1,0,1,0,0,0,0,1,5.11672E+20,5.3931E+21,9.15861E+15,4.86908E+16
40744,8,2,16,24,2018,1,21,1,3,8,1,2,0,0,0,1,0,0,0,4.44732E+20,5.40865E+21,8.24696E+15,4.88283E+16
40745,8,2,16,7,2018,1,22,1,3,5,3,2,0,1,0,0,0,0,0,4.38963E+20,5.39419E+21,8.17051E+15,4.86978E+16
40746,8,1,36,19,2018,2,17,5,3,2,1,0,0,1,0,0,0,0,0,5.87124E+20,5.4223E+21,1.01899E+16,4.89474E+16
40747,8,1,11,0,2018,2,15,7,3,3,6,0,0,1,0,0,0,0,0,5.16978E+20,5.40366E+21,9.23113E+15,4.87857E+16
40748,8,2,15,97,2018,1,17,1,3,5,3,2,0,1,0,0,0,0,0,4.76772E+20,5.44267E+21,8.68156E+15,4.91364E+16
40749,8,2,25,58,2018,1,17,4,3,0,7,2,0,1,0,0,0,0,1,5.11217E+20,5.46852E+21,9.1545E+15,4.93692E+16
40750,8,2,25,117,2018,2,14,6,1,9,1,0,0,1,0,0,0,0,1,5.13508E+20,5.47235E+21,9.18619E+15,4.94037E+16
40751,8,1,15,21,2018,1,17,1,3,2,6,2,0,1,0,0,0,0,0,4.92378E+20,5.38256E+21,8.89663E+15,4.8596E+16
40752,8,1,25,102,2018,2,19,6,3,4,2,2,0,1,0,0,0,0,1,5.19363E+20,5.44542E+21,9.26559E+15,4.91613E+16
40753,8,1,15,21,2018,1,17,1,3,2,6,2,0,1,0,0,0,0,0,4.92377E+20,5.38257E+21,8.89662E+15,4.85962E+16
40754,8,3,17,96,2018,1,10,3,3,5,3,0,0,1,0,0,0,0,1,4.21242E+20,5.36919E+21,7.93445E+15,4.84709E+16
40755,8,3,36,50,2018,2,11,5,3,5,2,0,0,1,0,0,0,0,0,4.02722E+20,5.27733E+21,7.70485E+15,4.76421E+16
40756,8,1,16,33,2018,1,1,1,1,8,1,2,0,1,0,0,0,0,0,5.3506E+20,5.38644E+21,9.47582E+15,4.863E+16
40757,8,1,18,48,2018,2,17,5,3,1,7,2,0,1,0,0,0,0,0,5.11749E+20,5.41526E+21,9.16028E+15,4.88901E+16
40758,8,4,15,61,2018,2,5,6,3,5,3,2,0,1,0,0,0,0,0,5.13291E+20,5.37198E+21,9.17993E+15,4.85008E+16
40759,8,1,15,3,2018,2,11,5,3,2,6,0,0,1,0,0,0,0,0,4.97097E+20,5.39288E+21,8.96056E+15,4.8689E+16
40760,8,1,16,16,2018,1,20,1,3,5,2,2,0,1,0,0,0,0,0,5.33555E+20,5.38522E+21,9.4553E+15,4.86191E+16
40761,8,1,28,7,2018,1,18,4,3,4,6,2,0,1,0,0,0,0,1,5.59572E+20,5.47778E+21,9.8219E+15,4.94498E+16
40762,8,1,15,28,2018,1,14,1,3,0,6,0,0,1,0,1,0,0,0,4.97238E+20,5.40089E+21,8.96241E+15,4.8761E+16
40763,8,1,15,28,2018,2,17,6,3,2,6,1,0,1,0,0,0,0,0,5.01984E+20,5.40266E+21,9.02701E+15,4.8777E+16
40764,8,4,35,16,2018,1,8,7,3,4,7,0,0,1,0,0,0,0,0,5.32867E+20,5.27852E+21,9.43773E+15,4.76592E+16
40765,8,4,36,81,2018,1,12,7,3,2,6,0,0,1,0,0,0,0,0,5.63009E+20,5.2816E+21,9.83958E+15,4.76847E+16
40766,8,2,36,40,2018,1,10,4,2,6,4,0,0,0,1,0,0,1,0,4.87962E+20,5.42177E+21,8.83559E+15,4.89488E+16
40767,8,4,36,64,2018,1,13,7,3,6,6,0,0,1,1,0,0,0,0,5.4302E+20,5.28885E+21,9.57396E+15,4.77516E+16
40768,8,1,15,29,2018,2,18,6,2,5,7,2,0,1,0,0,0,0,0,5.02535E+20,5.3994E+21,9.03448E+15,4.87476E+16
40769,8,4,35,16,2018,1,15,7,3,4,1,0,0,1,0,1,0,0,0,5.31455E+20,5.27959E+21,9.41899E+15,4.76689E+16
40770,8,2,36,46,2018,1,7,3,3,2,6,0,0,1,0,0,0,0,1,4.84409E+20,5.41504E+21,8.78731E+15,4.88881E+16
40771,8,2,36,46,2018,2,12,5,3,2,6,0,0,1,0,0,0,1,1,4.83094E+20,5.41755E+21,8.76928E+15,4.89107E+16
40772,8,1,26,46,2018,1,8,5,3,0,7,0,0,0,0,0,0,1,1,5.49841E+20,5.45923E+21,9.68533E+15,4.92838E+16
40773,8,4,36,69,2018,1,10,7,3,5,3,0,1,1,0,0,0,0,0,5.52868E+20,5.29384E+21,9.70595E+15,4.77958E+16
40774,8,1,17,51,2018,2,16,5,3,1,6,0,0,1,0,0,0,0,0,5.42325E+20,5.39533E+21,9.57533E+15,4.87095E+16
40775,8,3,35,75,2018,2,15,6,3,2,6,0,0,1,0,0,0,0,0,4.87976E+20,5.28902E+21,8.83957E+15,4.77544E+16
40776,8,1,11,0,2018,2,10,5,3,2,6,0,0,1,0,0,0,0,0,5.13352E+20,5.40006E+21,9.18165E+15,4.87535E+16
40777,8,2,26,98,2018,2,17,6,3,1,6,2,0,1,0,0,0,0,0,4.79333E+20,5.4587E+21,8.71584E+15,4.92807E+16
40778,8,4,25,28,2018,1,10,7,3,2,6,0,0,1,0,0,0,0,0,5.79689E+20,5.33953E+21,1.00725E+16,4.8204E+16
40779,8,4,21,0,2018,1,14,7,3,1,6,0,0,1,0,0,0,0,0,5.72342E+20,5.36114E+21,9.97736E+15,4.83993E+16
40780,8,1,18,81,2018,1,6,4,3,5,3,0,0,1,0,0,0,0,0,5.17654E+20,5.41247E+21,9.24071E+15,4.8865E+16
40781,8,1,25,6,2018,1,15,3,3,2,2,0,0,1,0,1,0,0,0,5.07136E+20,5.45531E+21,9.09806E+15,4.92505E+16
40782,8,3,37,96,2018,1,3,7,3,2,1,2,0,1,0,0,0,0,1,4.22102E+20,5.26804E+21,7.96447E+15,4.75611E+16
40783,8,4,37,88,2018,2,7,5,2,2,6,2,0,1,0,0,0,1,1,5.15998E+20,5.30736E+21,9.21413E+15,4.79193E+16
40784,8,1,25,69,2018,1,20,5,3,5,3,2,0,1,0,0,0,0,0,5.21753E+20,5.4573E+21,9.29902E+15,4.92681E+16
40785,8,3,36,81,2018,1,18,7,2,5,3,2,0,1,0,0,0,0,0,4.12959E+20,5.28E+21,7.84058E+15,4.76676E+16
40786,8,3,35,43,2018,1,16,7,3,0,7,0,0,0,0,0,0,1,0,5.13195E+20,5.27963E+21,9.17576E+15,4.76699E+16
40787,8,2,15,103,2018,2,16,5,3,2,6,0,0,1,0,0,0,0,1,4.69041E+20,5.44352E+21,8.57551E+15,4.91437E+16
40788,8,1,27,101,2018,2,21,7,2,4,1,2,0,1,0,0,0,0,2,5.8683E+20,5.4403E+21,1.01898E+16,4.91094E+16
40789,8,3,25,14,2018,1,16,7,2,4,6,0,0,1,0,0,0,0,0,4.62954E+20,5.34101E+21,8.50124E+15,4.82212E+16
40790,8,1,28,14,2018,1,7,3,3,5,3,2,0,1,0,0,0,1,1,5.44363E+20,5.47892E+21,9.6122E+15,4.94613E+16
40791,8,3,17,57,2018,1,11,7,3,0,6,0,1,1,0,0,0,0,0,4.16794E+20,5.38361E+21,7.87142E+15,4.86E+16
40792,8,2,26,3,2018,1,17,3,3,0,7,1,0,1,0,1,0,0,0,4.63894E+20,5.46086E+21,8.50338E+15,4.92994E+16
40793,8,2,12,0,2018,2,7,5,3,5,3,2,0,1,0,0,0,0,1,4.59208E+20,5.4285E+21,8.44221E+15,4.9008E+16
40794,8,3,17,73,2018,1,16,7,3,8,1,0,0,1,0,0,0,0,0,4.10144E+20,5.3498E+21,7.7885E+15,4.8295E+16
40795,8,3,17,47,2018,2,7,6,3,2,6,0,0,1,0,0,0,1,0,4.17635E+20,5.36249E+21,7.88698E+15,4.84102E+16
40796,8,3,37,96,2018,1,13,4,3,2,6,0,0,1,0,0,0,1,0,4.20733E+20,5.26766E+21,7.94635E+15,4.75575E+16
40797,8,2,31,0,2018,2,18,6,3,2,6,2,0,1,0,0,0,0,1,4.81624E+20,5.41908E+21,8.74915E+15,4.89243E+16
40798,8,3,17,51,2018,1,10,7,2,3,2,0,0,1,0,0,0,0,1,4.47978E+20,5.33777E+21,8.30002E+15,4.8191E+16
40799,8,2,26,98,2018,1,15,7,3,1,6,0,0,1,0,0,0,0,0,4.78645E+20,5.45843E+21,8.70639E+15,4.92782E+16
40800,8,1,15,48,2018,1,15,4,3,4,1,0,0,1,0,0,1,0,0,5.1E+20,5.38799E+21,9.13576E+15,4.86449E+16
40801,8,1,19,85,2018,1,12,3,3,2,6,0,0,1,0,0,0,0,0,5.28334E+20,5.41318E+21,9.38638E+15,4.8871E+16
40802,8,4,35,16,2018,2,18,5,3,5,3,2,1,1,0,0,0,0,0,5.36081E+20,5.27915E+21,9.48058E+15,4.76647E+16
40803,8,2,12,0,2018,1,9,7,2,2,6,0,0,1,0,0,0,0,0,4.60798E+20,5.42396E+21,8.46438E+15,4.89673E+16
40804,8,2,35,8,2018,1,13,7,3,5,3,0,0,1,0,0,0,0,0,4.85201E+20,5.40118E+21,8.79863E+15,4.87635E+16
40805,8,1,15,28,2018,2,5,5,3,3,6,2,0,1,0,0,1,0,1,5.02148E+20,5.40188E+21,9.02924E+15,4.87699E+16
40806,8,1,18,27,2018,2,1,7,3,8,1,2,0,1,0,0,0,0,1,5.04102E+20,5.41331E+21,9.05595E+15,4.88727E+16
40807,8,2,36,46,2018,1,11,7,3,6,2,0,0,1,1,0,0,0,0,4.83545E+20,5.41859E+21,8.77538E+15,4.89201E+16
40808,8,2,31,0,2018,1,18,4,3,4,2,2,0,1,0,0,0,0,1,4.77648E+20,5.41517E+21,8.69508E+15,4.88891E+16
40809,8,1,15,28,2018,2,13,6,3,2,6,0,0,1,0,0,0,0,0,4.976E+20,5.40444E+21,8.96732E+15,4.87929E+16
40810,8,2,15,97,2018,1,11,7,3,9,1,0,0,1,0,0,0,0,1,4.8754E+20,5.44361E+21,8.82915E+15,4.91452E+16
40811,8,3,15,132,2018,2,6,6,3,9,1,2,0,1,0,0,0,0,2,4.06998E+20,5.32276E+21,7.75201E+15,4.80514E+16
40812,8,2,22,0,2018,1,7,4,3,2,1,0,0,1,0,0,0,0,0,4.6662E+20,5.479E+21,8.53934E+15,4.94628E+16
40813,8,2,15,96,2018,2,7,6,2,8,1,0,0,1,0,0,0,0,2,4.61007E+20,5.41614E+21,8.46799E+15,4.8897E+16
40814,8,2,16,13,2018,1,9,7,3,4,7,0,0,1,0,0,0,0,1,4.52849E+20,5.39326E+21,8.35931E+15,4.86906E+16
40815,8,1,36,10,2018,1,0,7,2,4,6,2,0,1,0,0,0,0,0,6.04502E+20,5.41143E+21,1.04244E+16,4.8847E+16
40816,8,4,26,45,2018,1,16,3,1,5,3,0,0,1,0,0,0,0,0,5.35342E+20,5.32802E+21,9.47474E+15,4.81045E+16
40817,8,3,37,106,2018,2,14,5,3,5,3,0,1,1,0,0,0,0,0,4.58859E+20,5.28824E+21,8.45116E+15,4.77462E+16
40818,8,1,28,131,2018,1,4,7,3,9,1,2,0,1,0,0,0,0,0,5.36611E+20,5.51303E+21,9.50841E+15,4.97686E+16
40819,8,2,25,32,2018,1,20,7,3,9,1,2,0,1,0,0,0,0,1,5.35437E+20,5.49877E+21,9.49081E+15,4.96405E+16
40820,8,1,28,115,2018,2,6,5,1,9,1,2,0,1,0,0,0,0,1,5.43188E+20,5.49976E+21,9.59828E+15,4.96488E+16
40821,8,4,37,44,2018,2,12,6,3,2,6,0,0,1,0,0,0,0,0,5.32679E+20,5.32306E+21,9.4386E+15,4.806E+16
40822,8,1,19,79,2018,1,16,7,3,5,3,0,0,1,0,0,0,0,0,5.25769E+20,5.40695E+21,9.35102E+15,4.8815E+16
40823,8,2,16,7,2018,1,21,4,3,5,3,2,0,1,0,1,0,0,1,4.36281E+20,5.39365E+21,8.13415E+15,4.86926E+16
40824,8,1,19,79,2018,1,18,7,3,6,2,2,0,1,1,0,0,0,0,5.23676E+20,5.40882E+21,9.32261E+15,4.88319E+16
40825,8,1,18,73,2018,2,10,6,3,1,1,0,0,1,0,0,0,0,1,4.98022E+20,5.41881E+21,8.973E+15,4.89222E+16
40826,8,1,19,67,2018,1,18,3,3,2,6,2,0,1,0,0,0,0,1,5.37156E+20,5.40604E+21,9.50603E+15,4.88062E+16
40827,8,1,35,32,2018,1,12,3,3,5,3,0,1,1,0,0,0,0,1,5.78453E+20,5.39382E+21,1.00661E+16,4.86925E+16
40828,8,1,18,63,2018,1,13,7,3,5,3,0,1,1,0,0,0,0,0,5.15001E+20,5.42294E+21,9.20493E+15,4.89592E+16
40829,8,3,17,26,2018,1,11,3,1,4,6,0,0,1,0,0,1,0,0,4.11112E+20,5.34606E+21,7.80232E+15,4.82615E+16
40830,8,3,36,34,2018,2,14,5,3,8,6,0,0,0,0,0,1,1,0,4.16704E+20,5.27743E+21,7.89095E+15,4.76449E+16
40831,8,1,18,79,2018,1,18,7,3,2,3,2,0,1,0,0,0,1,0,5.09779E+20,5.42295E+21,9.13359E+15,4.89594E+16
40832,8,1,17,24,2018,1,10,7,3,3,6,0,0,1,0,0,0,0,0,5.60802E+20,5.38613E+21,9.82511E+15,4.86252E+16
40833,8,3,36,69,2018,1,21,3,3,5,3,2,0,1,0,1,0,0,0,4.09549E+20,5.27E+21,7.79724E+15,4.75771E+16
40834,8,3,17,96,2018,2,15,5,3,5,3,0,1,1,0,0,0,0,0,4.21413E+20,5.36965E+21,7.93669E+15,4.8475E+16
40835,8,4,25,84,2018,1,11,7,3,2,6,0,0,1,0,0,0,0,0,5.59933E+20,5.37431E+21,9.81161E+15,4.8519E+16
40836,8,1,21,0,2018,2,14,5,3,6,2,0,0,1,1,0,0,0,0,5.15266E+20,5.44631E+21,9.20943E+15,4.91694E+16
40837,8,4,26,97,2018,2,13,6,3,8,1,0,0,1,0,0,0,0,0,5.35681E+20,5.33388E+21,9.47978E+15,4.81572E+16
40838,8,1,16,77,2018,2,18,5,3,5,3,2,1,1,0,0,0,0,0,5.15954E+20,5.39155E+21,9.21672E+15,4.86768E+16
40839,8,1,16,77,2018,1,13,7,3,2,6,0,0,1,0,0,1,0,0,5.15969E+20,5.3915E+21,9.21692E+15,4.86763E+16
40840,8,1,36,28,2018,1,8,4,3,2,6,0,0,1,0,0,0,0,0,5.68816E+20,5.40423E+21,9.93687E+15,4.87873E+16
40841,8,1,16,47,2018,1,18,7,3,2,6,2,0,1,0,0,0,0,0,5.20958E+20,5.39397E+21,9.28481E+15,4.86984E+16
40842,8,1,17,25,2018,2,19,6,3,2,6,2,0,1,0,0,0,0,0,5.56329E+20,5.39105E+21,9.76509E+15,4.86699E+16
40843,8,1,19,20,2018,1,16,3,3,2,6,1,0,1,0,0,0,0,0,5.19621E+20,5.40512E+21,9.26718E+15,4.87987E+16
40844,8,1,16,19,2018,1,15,7,3,2,6,0,0,1,0,0,0,0,0,5.23476E+20,5.39707E+21,9.31922E+15,4.87262E+16
40845,8,1,16,19,2018,1,22,7,2,0,7,2,1,0,0,0,0,0,0,5.23489E+20,5.39711E+21,9.3194E+15,4.87265E+16
40846,8,2,31,0,2018,1,19,3,3,6,7,2,0,1,1,0,0,0,1,4.7777E+20,5.41567E+21,8.69672E+15,4.88936E+16
40847,8,2,21,0,2018,2,15,5,3,2,6,0,0,1,0,0,0,0,0,4.73731E+20,5.47555E+21,8.6377E+15,4.94321E+16
40848,8,1,19,75,2018,1,18,5,3,2,6,1,0,1,0,0,0,0,0,5.3599E+20,5.42796E+21,9.49208E+15,4.90035E+16
40849,8,1,15,41,2018,1,15,7,3,0,6,0,0,1,0,0,0,0,0,4.96216E+20,5.40169E+21,8.9485E+15,4.87682E+16
40850,8,3,27,2,2018,2,14,6,3,5,3,0,0,1,0,1,0,0,0,4.7731E+20,5.32874E+21,8.69517E+15,4.81115E+16
40851,8,4,36,64,2018,1,6,4,3,2,6,1,0,1,0,0,0,0,0,5.45766E+20,5.29384E+21,9.61112E+15,4.77963E+16
40852,8,2,31,0,2018,2,13,6,3,1,6,0,0,1,0,0,0,0,0,4.78614E+20,5.41788E+21,8.70812E+15,4.89135E+16
40853,8,1,15,50,2018,1,15,7,3,5,3,0,1,1,0,0,0,0,0,4.87802E+20,5.40402E+21,8.83393E+15,4.87891E+16
40854,8,1,18,46,2018,1,8,3,3,2,6,0,0,1,0,0,0,0,1,5.14435E+20,5.41246E+21,9.19682E+15,4.88649E+16
40855,8,1,11,0,2018,1,18,7,3,2,6,2,0,1,0,0,0,0,0,5.16998E+20,5.40368E+21,9.2314E+15,4.87859E+16
40856,8,1,18,7,2018,1,14,4,2,6,4,0,0,1,1,0,0,0,1,5.10851E+20,5.42726E+21,9.14835E+15,4.89981E+16
40857,8,1,18,40,2018,2,18,5,1,6,4,2,0,0,1,0,0,1,0,5.10638E+20,5.43152E+21,9.14554E+15,4.90365E+16
40858,8,4,15,61,2018,2,12,6,3,6,4,0,0,1,1,0,0,0,0,5.10992E+20,5.36468E+21,9.1486E+15,4.84352E+16
40859,8,1,11,0,2018,2,9,5,3,5,3,0,1,1,0,0,0,0,1,5.15309E+20,5.39943E+21,9.20825E+15,4.87477E+16
40860,8,1,11,0,2018,1,17,7,3,2,6,2,0,1,0,0,0,0,0,5.17474E+20,5.40404E+21,9.2379E+15,4.87891E+16
40861,8,1,11,0,2018,1,12,7,3,2,6,0,0,1,0,0,0,0,0,5.12305E+20,5.39952E+21,9.1674E+15,4.87485E+16
40862,8,1,26,66,2018,1,17,4,2,4,6,1,0,1,0,0,0,0,0,5.33525E+20,5.45133E+21,9.46032E+15,4.92138E+16
40863,8,4,36,9,2018,1,18,6,3,8,1,2,0,1,0,0,0,0,0,5.58696E+20,5.30376E+21,9.78511E+15,4.78845E+16
40864,8,1,11,0,2018,2,16,6,3,5,3,0,0,1,0,0,1,0,0,5.13031E+20,5.41024E+21,9.17761E+15,4.8845E+16
40865,8,1,16,78,2018,1,17,3,3,2,6,2,0,1,0,0,0,0,1,5.13747E+20,5.39127E+21,9.18673E+15,4.86743E+16
40866,8,4,35,36,2018,1,10,6,3,2,6,0,0,1,0,0,0,0,0,5.19506E+20,5.28399E+21,9.26004E+15,4.7709E+16
40867,8,4,35,35,2018,1,12,6,3,5,3,0,0,1,0,0,0,0,0,5.42833E+20,5.28341E+21,9.57093E+15,4.77026E+16
40868,8,2,15,102,2018,1,7,3,3,5,2,1,0,1,0,1,0,0,1,4.55943E+20,5.43725E+21,8.3966E+15,4.90866E+16
40869,8,2,26,55,2018,2,17,5,3,5,3,0,0,1,0,0,0,0,1,4.97257E+20,5.46025E+21,8.96228E+15,4.9295E+16
40870,8,4,35,52,2018,1,23,6,2,5,3,2,1,1,0,0,0,0,0,5.22497E+20,5.29297E+21,9.30037E+15,4.77897E+16
40871,8,3,17,141,2018,2,8,6,3,2,1,0,0,1,0,0,0,0,2,4.21317E+20,5.3763E+21,7.93413E+15,4.85349E+16
40872,8,3,17,88,2018,1,14,4,2,9,7,0,0,1,0,0,0,0,0,4.35053E+20,5.35813E+21,8.12299E+15,4.8373E+16
40873,8,2,37,61,2018,2,22,6,3,8,1,2,0,1,0,0,0,0,1,4.67529E+20,5.36932E+21,8.56064E+15,4.84761E+16
40874,8,4,37,76,2018,1,18,6,3,5,2,2,0,1,0,1,0,0,0,5.25131E+20,5.32226E+21,9.33724E+15,4.80531E+16
40875,8,1,16,77,2018,1,12,3,3,6,4,0,0,1,1,0,0,0,0,5.15902E+20,5.38907E+21,9.21592E+15,4.86545E+16
40876,8,4,26,21,2018,1,8,6,3,6,4,1,0,1,1,0,0,0,0,5.59059E+20,5.32704E+21,9.79317E+15,4.80939E+16
40877,8,1,11,0,2018,1,16,4,3,3,6,0,0,1,0,0,1,0,0,5.15628E+20,5.40494E+21,9.2128E+15,4.87972E+16
40878,8,4,17,51,2018,2,17,5,3,4,6,0,0,1,0,0,0,0,0,4.93561E+20,5.35812E+21,8.91304E+15,4.83762E+16
40879,8,1,15,45,2018,1,9,3,3,2,6,0,0,1,0,0,0,0,0,5.00951E+20,5.39466E+21,9.01293E+15,4.8705E+16
40880,8,4,26,117,2018,1,14,6,3,8,1,0,0,1,0,0,0,0,0,5.82945E+20,5.31823E+21,1.01122E+16,4.8012E+16
40881,8,3,37,125,2018,1,19,6,3,8,6,2,0,1,0,0,0,0,1,4.48841E+20,5.2697E+21,8.3197E+15,4.75787E+16
40882,8,1,36,27,2018,2,18,5,3,2,6,2,0,1,0,0,0,0,1,5.54422E+20,5.42054E+21,9.74309E+15,4.89354E+16
40883,8,1,15,3,2018,2,23,7,3,5,3,2,0,1,0,0,0,0,0,5.00234E+20,5.39225E+21,9.00318E+15,4.86833E+16
40884,8,3,37,116,2018,1,18,6,3,9,1,2,0,1,0,0,0,0,1,4.16952E+20,5.27648E+21,7.89444E+15,4.76364E+16
40885,8,4,36,49,2018,2,17,5,3,5,3,2,0,1,0,0,0,0,1,5.78894E+20,5.28513E+21,1.00518E+16,4.77147E+16
40886,8,3,35,28,2018,1,12,6,3,2,2,0,0,1,0,0,0,0,0,4.82896E+20,5.28702E+21,8.77187E+15,4.77363E+16
40887,8,4,37,72,2018,1,23,6,2,6,4,2,0,0,1,0,0,1,1,5.0423E+20,5.32238E+21,9.05677E+15,4.80547E+16
40888,8,2,15,108,2018,2,20,5,3,6,2,2,0,1,1,0,0,0,1,4.48611E+20,5.42304E+21,8.298E+15,4.89582E+16
40889,8,1,21,0,2018,2,15,7,2,3,6,0,0,1,0,0,0,0,0,5.15961E+20,5.44374E+21,9.21886E+15,4.91463E+16
40890,8,3,27,46,2018,1,7,6,3,1,5,0,0,1,0,0,0,1,0,4.80476E+20,5.32498E+21,8.73788E+15,4.80778E+16
40891,8,2,26,65,2018,2,17,6,3,2,6,1,0,1,0,0,0,0,0,4.78311E+20,5.45829E+21,8.70181E+15,4.9277E+16
40892,8,2,37,40,2018,1,17,4,3,5,3,2,0,1,0,0,0,0,1,4.77496E+20,5.3659E+21,8.69569E+15,4.84458E+16
40893,8,1,25,27,2018,2,18,6,3,2,6,2,0,1,0,0,1,0,0,5.17873E+20,5.44677E+21,9.24521E+15,4.91735E+16
40894,8,3,27,50,2018,1,11,6,3,6,4,0,0,1,1,0,0,0,0,4.87849E+20,5.31419E+21,8.83717E+15,4.79809E+16
40895,8,1,15,3,2018,1,18,3,3,2,6,2,0,1,0,0,0,0,0,4.98823E+20,5.39057E+21,8.98402E+15,4.86682E+16
40896,8,3,25,49,2018,1,13,6,3,6,4,0,0,0,1,0,0,1,0,4.72286E+20,5.33468E+21,8.62729E+15,4.81647E+16
40897,8,4,25,72,2018,1,6,3,3,4,6,2,0,1,0,0,0,0,1,5.77545E+20,5.36987E+21,1.00493E+16,4.84772E+16
40898,8,3,26,17,2018,2,23,5,3,8,1,2,0,1,0,0,0,0,2,4.41039E+20,5.32203E+21,8.20884E+15,4.80489E+16
40899,8,3,17,96,2018,1,15,6,3,2,6,0,0,1,0,0,0,0,1,4.23196E+20,5.37327E+21,7.96014E+15,4.85078E+16
40900,8,1,26,28,2018,2,16,5,3,2,3,0,0,1,0,0,0,0,0,5.408E+20,5.46003E+21,9.5611E+15,4.92916E+16
40901,8,4,36,93,2018,2,12,6,3,4,2,0,0,1,0,0,0,0,0,5.43087E+20,5.31132E+21,9.57709E+15,4.79538E+16
40902,8,1,16,80,2018,2,20,5,3,5,3,2,0,1,0,1,0,0,1,5.19244E+20,5.39499E+21,9.26157E+15,4.87076E+16
40903,8,3,17,57,2018,1,2,6,3,3,6,2,0,0,0,1,0,1,0,4.12362E+20,5.38107E+21,7.81184E+15,4.85766E+16
40904,8,2,16,7,2018,1,2,4,2,3,7,2,0,1,0,0,1,0,0,4.34086E+20,5.39753E+21,8.10371E+15,4.87273E+16
40905,8,3,17,5,2018,1,3,6,2,5,3,2,0,1,0,0,1,0,1,4.24743E+20,5.37688E+21,7.98043E+15,4.85405E+16
40906,8,2,31,0,2018,1,7,4,3,5,3,0,0,1,0,0,0,0,0,4.77783E+20,5.41724E+21,8.69681E+15,4.89077E+16
40907,8,1,28,139,2018,2,2,6,3,9,1,2,0,1,0,0,0,0,2,5.52221E+20,5.49004E+21,9.7221E+15,4.95607E+16
40908,8,3,17,65,2018,1,13,6,3,2,6,0,0,1,0,0,0,1,1,4.11894E+20,5.35846E+21,7.81027E+15,4.83731E+16
40909,8,1,28,82,2018,2,16,6,2,5,3,0,0,1,0,0,0,0,1,5.62599E+20,5.47039E+21,9.86248E+15,4.9383E+16
40910,8,1,11,0,2018,1,12,3,3,2,6,0,0,1,0,0,0,0,1,5.15072E+20,5.40615E+21,9.20528E+15,4.88081E+16
40911,8,3,16,20,2018,1,12,6,3,5,3,0,0,1,0,0,0,0,1,4.09318E+20,5.33944E+21,7.77957E+15,4.82017E+16
40912,8,2,37,27,2018,1,4,3,1,8,1,2,0,1,0,0,0,0,1,4.79917E+20,5.36911E+21,8.72827E+15,4.84748E+16
40913,8,3,16,9,2018,2,8,5,3,2,6,1,0,1,0,0,0,0,1,4.1685E+20,5.32349E+21,7.88404E+15,4.80593E+16
40914,8,3,11,0,2018,1,17,6,3,0,2,2,0,1,0,0,0,0,1,4.11668E+20,5.3238E+21,7.81444E+15,4.80614E+16
40915,8,1,19,44,2018,2,7,5,3,6,4,2,0,1,1,0,0,0,1,5.42516E+20,5.42561E+21,9.58106E+15,4.8982E+16
40916,8,4,16,25,2018,2,13,6,2,2,6,0,0,1,0,0,1,0,0,5.02E+20,5.36167E+21,9.02702E+15,4.84082E+16
40917,8,1,15,48,2018,2,14,5,3,4,7,0,0,1,0,0,0,0,0,5.07848E+20,5.38821E+21,9.10654E+15,4.86469E+16
40918,8,3,11,0,2018,1,15,6,3,2,6,0,0,1,0,0,1,0,1,4.13494E+20,5.31641E+21,7.84043E+15,4.79952E+16
40919,8,1,35,20,2018,1,13,4,3,9,1,0,0,1,0,0,0,0,1,5.85711E+20,5.38088E+21,1.0162E+16,4.85751E+16
40920,8,3,15,125,2018,1,13,6,2,4,6,0,0,1,0,0,0,0,1,4.11669E+20,5.31045E+21,7.8172E+15,4.79413E+16
40921,8,1,16,33,2018,2,6,6,3,5,3,2,0,1,0,0,0,0,1,5.31645E+20,5.38761E+21,9.42957E+15,4.86408E+16
40922,8,4,35,16,2018,1,14,2,3,5,3,0,0,1,0,0,0,0,0,5.37811E+20,5.27879E+21,9.5036E+15,4.76614E+16
40923,8,3,15,109,2018,1,6,6,2,5,3,2,0,1,0,0,0,1,1,4.21502E+20,5.31506E+21,7.94801E+15,4.7984E+16
40924,8,2,26,98,2018,1,17,6,3,2,6,2,0,1,0,0,0,0,1,4.78751E+20,5.45848E+21,8.70785E+15,4.92787E+16