OBJECTID_1,ULAND,UREGBEZ,UKREIS,UGEMEINDE,UJAHR,UMONAT,USTUNDE,UWOCHENTAG,UKATEGORIE,UART,UTYP1,ULICHTVERH,IstRad,IstPKW,IstFuss,IstKrad,IstGkfz,IstSonstig,STRZUSTAND,LINREFX,LINREFY,XGCSWGS84,YGCSWGS84
40925,8,2,26,102,2018,1,7,3,3,2,6,1,0,1,0,1,0,0,0,4.8415E+20,5.45279E+21,8.78231E+15,4.92277E+16
40926,8,2,15,9,2018,2,11,5,3,2,6,0,0,1,0,0,0,0,0,4.65617E+20,5.43735E+21,8.52909E+15,4.9088E+16
40927,8,2,26,10,2018,1,15,6,3,2,6,0,0,1,0,0,0,0,1,4.85123E+20,5.457E+21,8.79551E+15,4.92656E+16
40928,8,1,18,79,2018,2,13,6,3,2,6,0,0,1,0,0,1,0,0,5.09069E+20,5.42001E+21,9.12383E+15,4.89329E+16
40929,8,4,35,16,2018,1,7,2,3,6,4,2,0,1,1,0,0,0,0,5.36813E+20,5.27779E+21,9.49023E+15,4.76525E+16
40930,8,2,12,0,2018,1,17,6,3,2,6,2,0,1,0,0,0,0,1,4.61033E+20,5.4294E+21,8.46707E+15,4.90163E+16
40931,8,2,36,71,2018,1,14,3,3,2,6,0,0,1,0,0,0,0,1,4.67701E+20,5.42025E+21,8.55899E+15,4.89344E+16
40932,8,2,26,10,2018,2,7,5,2,2,6,0,0,1,0,0,0,0,0,4.80618E+20,5.45826E+21,8.73353E+15,4.92768E+16
40933,8,2,15,103,2018,1,22,6,3,3,6,2,0,1,0,0,1,0,1,4.6786E+20,5.4439E+21,8.55929E+15,4.9147E+16
40934,8,1,17,23,2018,2,7,5,2,6,4,2,0,1,1,0,0,0,1,5.47906E+20,5.38751E+21,9.65028E+15,4.86389E+16
40935,8,3,35,75,2018,2,16,6,3,5,2,0,0,1,0,0,0,0,0,4.87638E+20,5.29456E+21,8.8349E+15,4.78043E+16
40936,8,1,11,0,2018,2,7,5,3,6,2,2,0,1,1,0,0,0,1,5.11856E+20,5.40666E+21,9.16149E+15,4.88128E+16
40937,8,3,17,1,2018,1,8,6,3,3,6,0,0,1,0,0,1,0,0,4.30359E+20,5.39168E+21,8.05402E+15,4.86742E+16
40938,8,4,25,88,2018,1,16,2,3,2,6,0,0,1,0,0,1,0,0,5.71108E+20,5.35868E+21,9.96028E+15,4.83773E+16
40939,8,2,31,0,2018,1,14,6,2,6,4,0,0,1,1,0,0,0,1,4.78507E+20,5.41581E+21,8.70677E+15,4.88949E+16
40940,8,1,25,46,2018,1,16,4,3,1,6,0,0,1,0,0,0,0,0,5.19832E+20,5.4339E+21,9.27146E+15,4.90576E+16
40941,8,2,26,98,2018,1,15,6,3,5,3,0,0,1,0,0,0,1,1,4.77127E+20,5.45896E+21,8.68549E+15,4.92829E+16
40942,8,1,11,0,2018,2,8,6,3,3,6,0,0,1,0,0,0,0,0,5.15121E+20,5.40611E+21,9.20595E+15,4.88078E+16
40943,8,4,17,23,2018,1,7,2,3,2,6,0,0,1,0,0,0,0,0,4.93281E+20,5.35205E+21,8.90937E+15,4.83216E+16
40944,8,2,26,49,2018,1,11,6,2,9,7,0,0,1,0,0,0,0,1,4.89377E+20,5.46486E+21,8.85377E+15,4.93363E+16
40945,8,1,27,43,2018,1,16,3,3,5,3,0,0,1,0,0,0,0,0,5.70065E+20,5.44562E+21,9.961E+15,4.91594E+16
40946,8,2,26,65,2018,1,18,6,2,2,6,2,0,1,0,0,0,0,1,4.77885E+20,5.45743E+21,8.696E+15,4.92693E+16
40947,8,1,18,80,2018,1,9,3,3,2,6,0,0,1,0,0,0,0,1,5.0923E+20,5.4118E+21,9.12583E+15,4.88591E+16
40948,8,2,26,55,2018,2,6,5,2,4,6,2,0,1,0,0,0,1,1,5.00277E+20,5.45775E+21,9.00381E+15,4.92725E+16
40949,8,1,36,88,2018,2,19,7,3,5,3,2,0,1,0,0,0,0,1,5.87677E+20,5.4068E+21,1.01941E+16,4.8808E+16
40950,8,2,16,43,2018,1,22,6,3,5,3,2,0,1,0,0,0,0,1,4.41868E+20,5.41111E+21,8.20759E+15,4.88503E+16
40951,8,3,17,96,2018,2,10,6,2,1,6,0,0,1,0,0,1,0,0,4.16462E+20,5.37066E+21,7.86951E+15,4.84835E+16
40952,8,3,11,0,2018,1,17,4,3,3,6,0,0,1,0,0,0,0,0,4.12971E+20,5.31533E+21,7.83364E+15,4.79853E+16
40953,8,2,26,22,2018,2,21,6,3,4,6,2,0,1,0,0,0,0,1,4.80792E+20,5.46708E+21,8.7355E+15,4.93561E+16
40954,8,2,15,106,2018,1,11,6,3,2,6,0,0,1,0,0,0,1,0,4.64463E+20,5.45599E+21,8.51163E+15,4.92556E+16
40955,8,3,35,43,2018,1,3,2,2,5,3,2,0,1,0,0,0,1,0,5.11455E+20,5.28019E+21,9.1526E+15,4.7675E+16
40956,8,2,15,103,2018,1,9,6,3,1,6,0,0,1,0,0,0,0,1,4.64865E+20,5.44412E+21,8.5182E+15,4.91489E+16
40957,8,3,26,27,2018,2,14,6,3,2,2,0,0,1,0,0,0,0,0,4.60122E+20,5.30286E+21,8.46667E+15,4.78779E+16
40958,8,4,35,66,2018,1,14,4,3,0,1,0,1,0,0,0,0,0,0,5.19679E+20,5.28739E+21,9.26249E+15,4.77396E+16
40959,8,2,31,0,2018,2,13,6,3,1,6,0,0,1,0,0,0,0,0,4.81159E+20,5.41901E+21,8.7428E+15,4.89237E+16
40960,8,2,12,0,2018,1,6,6,3,2,6,2,0,1,0,0,0,1,1,4.54736E+20,5.42692E+21,8.38123E+15,4.89935E+16
40961,8,3,11,0,2018,1,13,2,2,0,7,0,1,0,0,0,0,0,0,4.09342E+20,5.31425E+21,7.78525E+15,4.79751E+16
40962,8,1,18,63,2018,1,14,6,3,2,6,0,0,1,0,0,0,0,1,5.16356E+20,5.42364E+21,9.22347E+15,4.89654E+16
40963,8,1,15,42,2018,1,16,4,3,8,1,0,0,1,0,0,0,0,0,4.93725E+20,5.40804E+21,8.91451E+15,4.88253E+16
40964,8,1,36,2,2018,1,16,6,2,5,3,0,0,1,0,0,0,0,0,5.70618E+20,5.41304E+21,9.96292E+15,4.88663E+16
40965,8,4,36,64,2018,2,17,5,3,2,6,1,0,0,0,0,0,1,0,5.44149E+20,5.29061E+21,9.58921E+15,4.77674E+16
40966,8,2,15,96,2018,1,7,2,2,2,2,2,0,1,0,1,0,0,0,4.64815E+20,5.42059E+21,8.51956E+15,4.89373E+16
40967,8,1,36,21,2018,1,13,6,3,1,6,0,0,1,0,0,0,0,0,5.76641E+20,5.40823E+21,1.00441E+16,4.88223E+16
40968,8,1,35,20,2018,1,13,6,3,2,6,0,0,1,0,0,0,0,0,5.84931E+20,5.38026E+21,1.01513E+16,4.85697E+16
40969,8,1,15,28,2018,2,18,5,3,3,6,2,0,1,0,0,1,0,1,5.02117E+20,5.40196E+21,9.02881E+15,4.87706E+16
40970,8,1,21,0,2018,2,9,7,3,2,6,0,0,1,0,0,0,0,0,5.16399E+20,5.44181E+21,9.22478E+15,4.91289E+16
40971,8,1,36,21,2018,1,7,3,2,4,1,2,0,1,0,0,1,0,1,5.73568E+20,5.405E+21,1.00017E+16,4.87936E+16
40972,8,1,27,9,2018,1,6,6,3,5,3,2,0,1,0,0,0,1,1,5.56492E+20,5.45225E+21,9.77579E+15,4.92205E+16
40973,8,2,31,0,2018,1,0,4,3,0,1,2,0,1,0,0,0,0,0,4.77876E+20,5.41379E+21,8.69826E+15,4.88767E+16
40974,8,1,18,80,2018,2,10,6,3,3,6,0,0,1,0,0,1,0,0,5.08609E+20,5.41045E+21,9.11735E+15,4.8847E+16
40975,8,1,21,0,2018,1,23,6,3,2,6,2,0,1,0,0,0,0,1,5.15424E+20,5.44334E+21,9.21148E+15,4.91427E+16
40976,8,2,12,0,2018,1,16,2,3,5,3,0,1,1,0,0,0,0,0,4.55226E+20,5.42903E+21,8.3877E+15,4.90125E+16
40977,8,1,19,85,2018,1,13,6,3,5,3,0,0,1,0,0,0,0,0,5.29476E+20,5.41261E+21,9.40191E+15,4.88658E+16
40978,8,4,15,73,2018,1,14,3,3,9,7,0,0,1,0,0,0,0,0,5.16168E+20,5.34765E+21,9.21793E+15,4.82818E+16
40979,8,3,27,25,2018,2,7,5,2,6,4,0,0,1,1,0,0,0,1,4.79918E+20,5.30938E+21,8.73111E+15,4.79374E+16
40980,8,2,37,28,2018,1,12,2,3,2,6,0,0,1,0,0,0,0,1,4.58633E+20,5.36761E+21,8.44045E+15,4.84603E+16
40981,8,1,19,79,2018,1,7,6,3,5,3,1,0,1,0,0,0,0,1,5.23111E+20,5.41482E+21,9.31525E+15,4.88859E+16
40982,8,1,11,0,2018,1,10,4,3,3,6,0,0,1,0,0,1,0,0,5.17367E+20,5.40325E+21,9.23641E+15,4.8782E+16
40983,8,4,17,2,2018,2,18,5,3,5,3,2,0,1,0,1,0,0,0,4.90055E+20,5.34913E+21,8.86591E+15,4.82953E+16
40984,8,2,36,72,2018,1,6,2,3,5,3,2,0,1,0,0,0,0,0,4.65704E+20,5.41078E+21,8.53252E+15,4.8849E+16
40985,8,1,19,20,2018,1,18,6,3,6,4,2,0,1,1,0,0,0,1,5.19788E+20,5.40659E+21,9.26952E+15,4.88119E+16
40986,8,1,19,20,2018,1,10,6,3,8,1,0,0,1,0,0,0,0,0,5.20732E+20,5.40583E+21,9.28235E+15,4.88051E+16
40987,8,1,35,19,2018,2,12,5,3,2,6,0,0,1,0,0,0,0,1,5.8511E+20,5.39131E+21,1.0156E+16,4.86691E+16
40988,8,1,11,0,2018,2,21,7,3,2,6,2,0,1,0,0,0,0,0,5.13039E+20,5.40333E+21,9.1775E+15,4.87829E+16
40989,8,1,18,12,2018,1,12,6,3,0,3,0,0,1,0,0,0,1,0,4.99543E+20,5.41466E+21,8.99376E+15,4.88849E+16
40990,8,2,16,15,2018,1,5,4,3,5,2,2,0,1,0,1,0,0,0,4.50324E+20,5.40534E+21,8.32355E+15,4.87991E+16
40991,8,1,27,101,2018,2,23,6,2,9,1,2,0,1,0,0,0,0,1,5.84798E+20,5.44104E+21,1.01621E+16,4.91163E+16
40992,8,1,15,28,2018,1,7,6,1,6,4,2,0,1,1,0,0,0,1,5.00986E+20,5.40498E+21,9.01343E+15,4.87978E+16
40993,8,1,25,65,2018,2,8,6,3,6,4,0,0,1,1,0,0,0,0,5.16325E+20,5.44745E+21,9.224E+15,4.91796E+16
40994,8,2,26,107,2018,1,12,2,3,0,6,0,0,1,0,0,0,0,0,4.74398E+20,5.48406E+21,8.64636E+15,4.95086E+16
40995,8,1,18,11,2018,1,11,6,3,5,2,0,0,1,0,0,0,0,0,5.06146E+20,5.40768E+21,9.08373E+15,4.88221E+16
40996,8,3,17,56,2018,1,9,3,3,8,1,0,0,1,0,0,0,0,1,4.34224E+20,5.38295E+21,8.1079E+15,4.85962E+16
40997,8,3,11,0,2018,2,6,5,3,0,1,2,0,0,0,1,0,0,1,4.16464E+20,5.31567E+21,7.88039E+15,4.79889E+16
40998,8,1,16,79,2018,1,13,6,3,8,1,0,0,1,0,0,0,0,0,5.36542E+20,5.37545E+21,9.49497E+15,4.85311E+16
40999,8,1,18,79,2018,2,5,5,3,5,3,2,0,1,0,1,0,0,1,5.08015E+20,5.42141E+21,9.10947E+15,4.89455E+16
41000,8,4,15,61,2018,2,15,6,3,2,6,0,0,1,0,0,0,0,0,5.17601E+20,5.37298E+21,9.2383E+15,4.85097E+16
41001,8,1,15,3,2018,2,19,5,3,2,2,2,0,1,0,0,0,0,0,5.00802E+20,5.39272E+21,9.0109E+15,4.86875E+16
41002,8,1,15,28,2018,1,21,6,3,4,6,2,0,1,0,0,0,0,1,5.03666E+20,5.39969E+21,9.04987E+15,4.87502E+16
41003,8,1,11,0,2018,1,19,6,3,2,6,2,0,1,0,0,0,0,1,5.15363E+20,5.40575E+21,9.20923E+15,4.88045E+16
41004,8,1,25,65,2018,2,6,5,3,2,6,2,0,1,0,0,0,0,0,5.16337E+20,5.44921E+21,9.22424E+15,4.91955E+16
41005,8,4,35,16,2018,2,15,6,3,2,6,0,0,1,0,0,0,0,0,5.36812E+20,5.28169E+21,9.49053E+15,4.76875E+16
41006,8,1,16,76,2018,2,7,5,2,9,1,0,0,1,0,0,0,0,1,5.28111E+20,5.4003E+21,9.38246E+15,4.87551E+16
41007,8,1,11,0,2018,1,18,6,3,2,6,2,0,1,0,0,0,0,1,5.11355E+20,5.40434E+21,9.1546E+15,4.8792E+16
41008,8,1,21,0,2018,1,7,4,3,2,6,0,0,1,0,0,0,0,0,5.13612E+20,5.44842E+21,9.18681E+15,4.91884E+16
41009,8,1,11,0,2018,1,12,6,3,6,7,0,0,1,0,0,0,1,0,5.15623E+20,5.39424E+21,9.21233E+15,4.8701E+16
41010,8,1,17,29,2018,2,6,6,3,8,1,2,0,1,0,0,0,0,2,5.40866E+20,5.39155E+21,9.55512E+15,4.86757E+16
41011,8,2,25,117,2018,1,7,2,3,2,1,2,0,1,0,0,0,0,1,5.13462E+20,5.46976E+21,9.18547E+15,4.93804E+16
41012,8,1,11,0,2018,1,13,6,3,2,6,0,0,1,0,0,0,0,0,5.0845E+20,5.39767E+21,9.11492E+15,4.8732E+16
41013,8,2,31,0,2018,1,16,3,3,1,6,0,0,1,0,0,0,0,1,4.77647E+20,5.41529E+21,8.69506E+15,4.88902E+16
41014,8,2,22,0,2018,2,16,5,3,3,6,1,0,1,0,0,1,0,0,4.66808E+20,5.48E+21,8.54186E+15,4.94717E+16
41015,8,1,18,81,2018,1,9,5,3,0,2,0,0,0,0,1,0,0,1,5.20028E+20,5.41327E+21,9.27313E+15,4.8872E+16
41016,8,4,37,100,2018,1,19,5,3,5,3,2,0,1,0,0,0,0,0,5.37408E+20,5.31847E+21,9.50166E+15,4.80184E+16
41017,8,1,16,48,2018,2,7,5,3,2,6,1,0,1,0,0,0,0,1,5.33712E+20,5.39057E+21,9.45787E+15,4.86672E+16
41018,8,3,35,66,2018,2,18,6,3,0,7,1,1,0,0,0,0,0,0,5.06739E+20,5.28152E+21,9.0898E+15,4.7687E+16
41019,8,1,11,0,2018,2,17,5,3,0,1,1,0,0,0,1,0,0,0,5.13017E+20,5.4033E+21,9.17719E+15,4.87826E+16
41020,8,2,26,85,2018,2,20,6,3,2,6,2,0,1,0,0,0,1,0,4.87129E+20,5.45616E+21,8.82311E+15,4.92581E+16
41021,8,4,35,16,2018,1,7,5,3,0,7,1,1,0,0,0,0,0,0,5.36804E+20,5.28137E+21,9.4904E+15,4.76847E+16
41022,8,2,26,98,2018,1,7,2,2,2,6,0,0,1,0,0,0,0,0,4.76252E+20,5.45802E+21,8.67352E+15,4.92745E+16
41023,8,4,35,59,2018,1,16,5,2,0,1,1,0,0,0,0,1,0,0,5.10785E+20,5.29342E+21,9.144E+15,4.77941E+16
41024,8,1,18,15,2018,1,7,4,3,5,3,0,0,1,0,1,0,0,0,5.07211E+20,5.42971E+21,9.09863E+15,4.90203E+16
41025,8,4,26,38,2018,1,9,5,2,9,1,0,0,1,0,0,0,0,0,5.57759E+20,5.31474E+21,9.77405E+15,4.79833E+16
41026,8,4,37,53,2018,2,6,5,3,5,3,2,0,1,0,0,0,0,1,5.28138E+20,5.31931E+21,9.3774E+15,4.80265E+16
41027,8,2,15,84,2018,1,7,2,3,2,6,2,0,1,0,0,0,0,0,4.72157E+20,5.44554E+21,8.61809E+15,4.91621E+16
41028,8,4,21,0,2018,1,7,5,3,2,6,1,1,0,0,0,0,0,0,5.72274E+20,5.35947E+21,9.97615E+15,4.83843E+16
41029,8,3,36,78,2018,1,13,5,3,4,6,0,0,1,0,0,0,0,0,3.94974E+20,5.28853E+21,7.59903E+15,4.77416E+16
41030,8,3,35,75,2018,1,14,5,3,0,3,0,0,1,0,0,0,0,0,4.91636E+20,5.28578E+21,8.88847E+15,4.77253E+16
41031,8,1,26,28,2018,1,13,4,3,5,3,0,0,1,0,0,0,0,0,5.41679E+20,5.46016E+21,9.5732E+15,4.92927E+16
41032,8,3,35,43,2018,1,7,5,2,5,2,1,1,1,0,0,0,0,0,5.08408E+20,5.28723E+21,9.11215E+15,4.77384E+16
41033,8,1,15,28,2018,2,7,6,3,6,7,2,0,1,1,0,0,0,0,5.01276E+20,5.40549E+21,9.01738E+15,4.88024E+16
41034,8,3,35,63,2018,1,7,5,3,2,6,2,0,1,0,0,0,0,0,4.98824E+20,5.29001E+21,8.98431E+15,4.77634E+16
41035,8,3,27,49,2018,1,10,5,3,0,2,0,1,1,0,0,0,0,0,4.72821E+20,5.32432E+21,8.63514E+15,4.80716E+16
41036,8,2,15,39,2018,1,17,3,3,2,6,0,0,1,0,0,0,0,0,4.70684E+20,5.45294E+21,8.59734E+15,4.92286E+16
41037,8,2,35,50,2018,2,21,5,3,2,6,2,0,1,0,0,1,0,2,4.70773E+20,5.38711E+21,8.60329E+15,4.86364E+16
41038,8,3,26,54,2018,1,15,5,3,2,2,0,0,1,0,0,0,1,1,4.40567E+20,5.32777E+21,8.20171E+15,4.81005E+16
41039,8,3,17,96,2018,2,17,6,3,2,6,2,0,1,0,0,0,0,0,4.20744E+20,5.3658E+21,7.92837E+15,4.84403E+16
41040,8,3,17,152,2018,1,0,4,3,2,6,2,0,1,0,0,0,1,0,4.08601E+20,5.34621E+21,7.76847E+15,4.82625E+16
41041,8,2,26,12,2018,2,2,6,3,9,1,2,0,1,0,0,0,0,0,4.7416E+20,5.47652E+21,8.64355E+15,4.94408E+16
41042,8,3,26,12,2018,1,7,5,3,5,3,0,1,1,0,0,0,0,0,4.62439E+20,5.3117E+21,8.49689E+15,4.79575E+16
41043,8,4,16,36,2018,1,15,5,2,3,6,0,0,1,0,0,1,0,0,4.88035E+20,5.37178E+21,8.83803E+15,4.8499E+16
41044,8,1,11,0,2018,1,10,4,2,2,2,0,0,1,0,0,0,0,0,5.12507E+20,5.39945E+21,9.17014E+15,4.87479E+16
41045,8,4,21,0,2018,2,16,5,3,4,2,0,0,1,0,0,0,0,0,5.72662E+20,5.36386E+21,9.98215E+15,4.84237E+16
41046,8,2,26,85,2018,1,18,5,3,2,6,2,0,1,0,0,0,0,0,4.8983E+20,5.45499E+21,8.86027E+15,4.92476E+16
41047,8,2,26,84,2018,1,9,5,3,2,6,0,0,1,0,0,1,0,0,4.67769E+20,5.4655E+21,8.5563E+15,4.93414E+16
41048,8,1,16,80,2018,2,7,5,3,2,6,0,0,1,0,0,0,0,1,5.18579E+20,5.39387E+21,9.25249E+15,4.86976E+16
41049,8,1,17,42,2018,2,19,7,3,6,7,2,0,1,1,0,0,0,0,5.54498E+20,5.39327E+21,9.74051E+15,4.86901E+16
41050,8,2,12,0,2018,1,14,5,3,2,6,0,0,1,0,0,0,1,0,4.61537E+20,5.42323E+21,8.47455E+15,4.89608E+16
41051,8,2,15,108,2018,2,16,5,3,2,6,0,0,0,0,1,0,1,0,4.50044E+20,5.42272E+21,8.31761E+15,4.89554E+16
41052,8,1,27,25,2018,2,17,7,2,2,2,2,0,1,0,0,0,0,1,5.56636E+20,5.4258E+21,9.77406E+15,4.89825E+16
41053,8,2,31,0,2018,1,16,5,3,2,6,0,0,1,0,0,0,0,1,4.75598E+20,5.41429E+21,8.66717E+15,4.88811E+16
41054,8,3,11,0,2018,2,13,6,3,3,1,0,0,1,0,1,0,0,0,4.13314E+20,5.31605E+21,7.83809E+15,4.79919E+16
41055,8,2,12,0,2018,1,8,4,3,2,6,0,0,1,0,0,0,0,0,4.53428E+20,5.42835E+21,8.36319E+15,4.90063E+16
41056,8,2,16,49,2018,2,17,6,3,5,2,1,0,1,0,0,0,0,0,4.38843E+20,5.40081E+21,8.16789E+15,4.87573E+16
41057,8,2,26,3,2018,1,17,5,3,2,6,1,0,1,0,0,0,0,0,4.60253E+20,5.46281E+21,8.45311E+15,4.93167E+16
41058,8,2,25,1,2018,1,21,5,3,5,3,2,0,1,0,0,0,0,0,5.2816E+20,5.47426E+21,9.38828E+15,4.94204E+16
41059,8,4,21,0,2018,1,18,3,3,0,6,2,0,1,0,0,0,0,0,5.70626E+20,5.35534E+21,9.9532E+15,4.83473E+16
41060,8,3,35,63,2018,2,17,5,3,5,3,1,1,1,0,0,0,0,0,4.96901E+20,5.28795E+21,8.95866E+15,4.77449E+16
41061,8,2,25,58,2018,1,14,5,2,5,3,0,0,1,0,0,0,0,0,5.10417E+20,5.46667E+21,9.14344E+15,4.93527E+16
41062,8,2,25,117,2018,1,18,5,2,8,1,2,0,1,0,0,0,0,0,5.141E+20,5.4689E+21,9.19422E+15,4.93726E+16
41063,8,1,27,23,2018,2,11,5,3,8,1,0,0,1,0,0,0,0,1,5.50531E+20,5.42681E+21,9.69075E+15,4.89921E+16
41064,8,4,36,81,2018,2,7,6,3,2,6,1,0,1,0,0,0,0,0,5.6214E+20,5.28155E+21,9.82799E+15,4.76844E+16
41065,8,2,16,43,2018,1,13,5,3,2,2,0,0,1,0,0,0,0,0,4.44923E+20,5.4123E+21,8.24907E+15,4.88612E+16
41066,8,2,16,39,2018,1,19,4,3,5,2,2,0,1,0,0,1,0,1,4.44624E+20,5.41385E+21,8.24479E+15,4.88751E+16
41067,8,2,15,90,2018,1,14,5,3,5,3,0,0,1,0,0,0,0,0,4.65805E+20,5.43368E+21,8.53197E+15,4.9055E+16
41068,8,1,18,63,2018,2,6,6,3,2,6,0,0,1,0,0,0,0,0,5.17105E+20,5.4228E+21,9.23366E+15,4.89579E+16
41069,8,4,25,31,2018,1,7,3,3,2,6,0,0,1,0,0,0,0,1,5.7153E+20,5.36692E+21,9.96738E+15,4.84513E+16
41070,8,2,12,0,2018,1,8,5,3,2,6,0,0,1,0,0,0,0,0,4.56377E+20,5.42596E+21,8.40377E+15,4.8985E+16
41071,8,3,36,91,2018,1,8,3,3,5,3,0,0,1,0,0,0,0,0,3.96027E+20,5.27338E+21,7.61667E+15,4.76055E+16
41072,8,2,31,0,2018,1,7,4,3,1,6,1,0,1,0,0,0,0,0,4.79317E+20,5.41822E+21,8.7177E+15,4.89165E+16
41073,8,1,35,19,2018,2,22,6,3,8,1,2,0,1,0,0,0,0,1,5.80485E+20,5.396E+21,1.00941E+16,4.87118E+16
41074,8,1,15,45,2018,1,18,5,3,2,6,2,0,1,0,0,0,0,0,5.0281E+20,5.39448E+21,9.03819E+15,4.87033E+16
41075,8,1,36,21,2018,1,17,5,3,4,6,2,0,1,0,0,0,0,0,5.74359E+20,5.40794E+21,1.0013E+16,4.882E+16
41076,8,3,35,98,2018,1,17,3,2,8,1,1,0,0,0,1,0,0,0,5.04865E+20,5.29682E+21,9.065E+15,4.78247E+16
41077,8,3,17,96,2018,2,17,5,3,2,6,0,0,1,0,0,0,0,0,4.20728E+20,5.36576E+21,7.92815E+15,4.84399E+16
41078,8,1,36,79,2018,1,13,5,3,6,4,0,0,1,1,0,0,0,0,5.60307E+20,5.4018E+21,9.82068E+15,4.87662E+16
41079,8,1,19,67,2018,2,7,5,3,5,2,1,0,1,0,0,0,0,1,5.39093E+20,5.40711E+21,9.53252E+15,4.88157E+16
41080,8,4,16,36,2018,2,13,6,3,2,6,0,0,1,0,0,0,0,0,4.95258E+20,5.36799E+21,8.93585E+15,4.8465E+16
41081,8,1,15,54,2018,2,18,5,3,5,3,2,0,1,0,0,0,1,0,4.96307E+20,5.39657E+21,8.94979E+15,4.87221E+16
41082,8,1,35,10,2018,1,21,5,3,3,6,2,0,1,0,0,0,0,0,6.01064E+20,5.3928E+21,1.0373E+16,4.868E+16
41083,8,1,36,38,2018,1,5,4,2,5,2,2,0,1,0,0,1,0,0,5.91565E+20,5.41461E+21,1.02488E+16,4.88777E+16
41084,8,1,35,25,2018,1,10,5,2,2,6,0,0,1,0,0,0,0,0,5.81742E+20,5.39952E+21,1.01119E+16,4.87433E+16
41085,8,1,17,29,2018,2,6,6,2,4,1,2,0,1,0,0,0,0,2,5.44E+20,5.39082E+21,9.59762E+15,4.86689E+16
41086,8,4,25,22,2018,1,16,5,3,5,3,2,0,1,0,0,0,1,0,5.78334E+20,5.37737E+21,1.00613E+16,4.85445E+16
41087,8,1,28,131,2018,1,15,5,3,9,1,0,0,1,0,0,0,0,0,5.39271E+20,5.50541E+21,9.54458E+15,4.97E+16
41088,8,2,26,85,2018,1,16,3,3,5,3,0,0,1,0,0,0,0,0,4.89239E+20,5.45073E+21,8.85226E+15,4.92093E+16
41089,8,2,12,0,2018,2,16,5,3,2,6,0,0,1,0,0,0,0,0,4.60778E+20,5.42398E+21,8.46411E+15,4.89675E+16
41090,8,1,15,45,2018,1,14,5,2,2,2,0,0,1,0,0,0,0,0,4.98066E+20,5.3957E+21,8.97371E+15,4.87144E+16
41091,8,3,26,74,2018,2,22,6,3,9,1,2,0,1,0,0,0,0,2,4.62478E+20,5.32771E+21,8.49601E+15,4.81016E+16
41092,8,4,35,52,2018,1,5,4,3,2,6,2,0,1,0,0,0,0,0,5.19906E+20,5.29302E+21,9.26577E+15,4.77902E+16
41093,8,2,31,0,2018,2,20,6,2,3,6,2,0,1,0,0,0,0,0,4.8067E+20,5.4187E+21,8.73614E+15,4.89209E+16
41094,8,1,17,38,2018,2,11,2,3,1,6,0,0,1,0,0,0,0,0,5.47286E+20,5.39777E+21,9.64305E+15,4.87312E+16
41095,8,1,16,77,2018,2,15,1,1,8,7,0,0,1,0,0,0,0,0,5.17304E+20,5.39115E+21,9.23504E+15,4.86731E+16
41096,8,1,11,0,2018,2,12,2,3,5,3,0,0,1,0,0,0,0,0,5.07982E+20,5.39705E+21,9.10854E+15,4.87264E+16
41097,8,1,36,10,2018,2,10,3,3,5,3,0,0,1,0,0,0,0,0,5.99869E+20,5.41232E+21,1.03615E+16,4.88558E+16
41098,8,2,31,0,2018,2,13,6,3,2,6,0,0,1,0,0,0,0,0,4.84506E+20,5.41394E+21,8.78869E+15,4.88782E+16
41099,8,1,15,2,2018,2,11,3,2,5,3,0,0,1,0,0,0,1,0,4.99681E+20,5.38643E+21,8.99567E+15,4.8631E+16
41100,8,4,15,61,2018,2,16,2,3,2,6,0,0,1,0,0,0,0,1,5.16982E+20,5.3726E+21,9.22992E+15,4.85063E+16
41101,8,4,26,134,2018,2,8,5,2,4,6,0,0,1,0,0,0,0,2,5.5739E+20,5.33454E+21,9.77177E+15,4.81615E+16
41102,8,2,36,46,2018,2,15,2,3,2,6,0,0,1,0,0,0,0,0,4.8365E+20,5.41853E+21,8.77682E+15,4.89195E+16
41103,8,2,16,33,2018,2,16,2,3,2,2,0,0,1,0,0,0,0,0,4.47614E+20,5.41267E+21,8.2857E+15,4.88648E+16
41104,8,4,36,81,2018,2,14,1,3,5,3,0,0,1,0,0,0,0,1,5.62955E+20,5.28136E+21,9.83883E+15,4.76825E+16
41105,8,1,35,16,2018,2,7,5,3,1,6,0,0,1,0,0,0,0,0,5.94254E+20,5.38692E+21,1.02792E+16,4.86283E+16
41106,8,1,15,22,2018,2,15,2,3,6,7,0,0,1,1,0,0,0,0,4.97865E+20,5.3858E+21,8.97102E+15,4.86253E+16
41107,8,2,22,0,2018,2,14,7,3,1,6,0,0,1,0,0,0,0,0,4.68771E+20,5.47673E+21,8.56921E+15,4.94425E+16
41108,8,2,12,0,2018,2,15,3,3,6,7,0,0,0,1,0,0,1,0,4.51827E+20,5.4311E+21,8.34097E+15,4.90309E+16
41109,8,1,11,0,2018,2,5,2,3,2,6,1,0,1,0,0,0,0,0,5.15395E+20,5.40517E+21,9.20964E+15,4.87993E+16
41110,8,1,26,46,2018,2,6,3,3,5,3,2,0,1,0,0,0,0,1,5.4924E+20,5.46086E+21,9.67726E+15,4.92985E+16
41111,8,4,26,19,2018,2,16,1,1,4,1,0,0,1,0,0,0,0,0,5.78527E+20,5.32242E+21,1.00537E+16,4.80502E+16
41112,8,2,15,64,2018,2,14,6,3,8,1,0,0,1,0,0,0,0,0,4.79093E+20,5.45188E+21,8.7129E+15,4.92194E+16
41113,8,3,37,106,2018,2,17,2,2,4,1,0,0,1,0,0,0,0,0,4.59659E+20,5.28912E+21,8.46176E+15,4.77542E+16