OBJECTID_1,ULAND,UREGBEZ,UKREIS,UGEMEINDE,UJAHR,UMONAT,USTUNDE,UWOCHENTAG,UKATEGORIE,UART,UTYP1,ULICHTVERH,IstRad,IstPKW,IstFuss,IstKrad,IstGkfz,IstSonstig,STRZUSTAND,LINREFX,LINREFY,XGCSWGS84,YGCSWGS84
41114,8,4,35,66,2018,2,18,2,3,8,1,2,0,1,0,0,0,0,2,5.19667E+20,5.28745E+21,9.26233E+15,4.77401E+16
41115,8,4,36,64,2018,2,18,5,3,5,3,2,0,1,0,0,0,0,1,5.47731E+20,5.2852E+21,9.63641E+15,4.77184E+16
41116,8,1,21,0,2018,2,15,2,3,2,6,0,0,1,0,0,0,1,0,5.09357E+20,5.44817E+21,9.12841E+15,4.91862E+16
41117,8,2,31,0,2018,2,17,6,3,1,6,1,0,1,0,0,0,1,0,4.77766E+20,5.41495E+21,8.6967E+15,4.88871E+16
41118,8,4,26,71,2018,2,15,2,2,9,1,0,0,1,0,0,0,0,0,5.66473E+20,5.32999E+21,9.89318E+15,4.81197E+16
41119,8,3,37,118,2018,2,15,2,3,4,1,0,0,1,0,0,0,0,2,4.39897E+20,5.27979E+21,8.19939E+15,4.76687E+16
41120,8,3,11,0,2018,2,6,4,2,1,6,2,0,1,0,0,0,0,1,4.154E+20,5.31565E+21,7.86613E+15,4.79886E+16
41121,8,4,16,36,2018,2,22,5,3,5,3,2,0,1,0,0,0,0,0,4.83434E+20,5.37421E+21,8.77565E+15,4.85208E+16
41122,8,2,21,0,2018,2,7,2,3,0,7,0,1,0,0,0,0,0,0,4.79014E+20,5.47347E+21,8.71068E+15,4.94136E+16
41123,8,2,31,0,2018,2,13,4,2,9,1,0,0,1,0,0,0,0,0,4.79215E+20,5.41264E+21,8.71659E+15,4.88664E+16
41124,8,1,28,7,2018,2,6,2,2,4,1,2,0,1,0,0,0,0,2,5.5361E+20,5.48244E+21,9.74027E+15,4.94922E+16
41125,8,4,37,88,2018,2,19,1,2,8,1,2,0,1,0,0,0,0,2,5.22711E+20,5.30382E+21,9.30379E+15,4.78873E+16
41126,8,1,25,65,2018,2,14,5,3,2,6,0,0,1,0,0,0,0,0,5.16985E+20,5.4497E+21,9.23315E+15,4.91998E+16
41127,8,4,25,91,2018,2,11,1,3,8,1,0,0,1,0,0,0,0,0,5.52946E+20,5.3367E+21,9.71227E+15,4.81813E+16
41128,8,1,26,11,2018,2,16,7,1,4,6,0,0,1,0,0,0,0,0,5.34635E+20,5.44427E+21,9.47496E+15,4.91503E+16
41129,8,2,26,98,2018,2,5,3,2,5,2,2,0,1,0,0,0,0,0,4.7604E+20,5.45954E+21,8.67051E+15,4.92881E+16
41130,8,1,18,79,2018,2,5,3,3,5,3,2,0,1,0,0,0,0,2,5.08947E+20,5.41994E+21,9.12216E+15,4.89323E+16
41131,8,4,25,110,2018,2,20,1,3,8,1,2,0,1,0,0,0,0,1,5.71983E+20,5.3462E+21,9.96996E+15,4.82649E+16
41132,8,1,19,8,2018,2,5,6,3,8,1,2,0,1,0,0,0,0,0,5.32699E+20,5.42524E+21,9.44688E+15,4.89792E+16
41133,8,4,35,54,2018,2,8,2,2,5,3,0,0,1,0,0,0,1,0,5.22082E+20,5.28181E+21,9.29426E+15,4.76893E+16
41134,8,3,26,74,2018,2,12,2,3,0,3,0,0,1,0,0,0,0,2,4.61937E+20,5.32103E+21,8.48934E+15,4.80414E+16
41135,8,2,12,0,2018,2,10,5,3,2,3,0,0,1,0,1,0,0,0,4.55073E+20,5.4275E+21,8.38577E+15,4.89987E+16
41136,8,1,26,11,2018,2,14,2,3,2,6,0,0,1,0,0,0,0,0,5.30809E+20,5.44842E+21,9.42281E+15,4.91878E+16
41137,8,1,19,84,2018,2,15,2,3,5,3,0,0,1,0,0,0,0,1,5.50582E+20,5.41718E+21,9.69025E+15,4.89055E+16
41138,8,2,15,40,2018,2,22,1,3,9,1,2,0,1,0,0,0,0,0,4.88414E+20,5.43625E+21,8.84135E+15,4.9079E+16
41139,8,4,15,50,2018,2,17,4,2,9,1,1,0,1,0,0,0,0,0,5.20135E+20,5.37705E+21,9.27282E+15,4.85462E+16
41140,8,4,16,41,2018,2,2,1,3,6,7,2,0,1,1,0,0,0,0,5.04709E+20,5.37171E+21,9.06374E+15,4.84985E+16
41141,8,2,36,38,2018,2,19,3,3,5,3,2,0,1,0,0,0,0,0,4.85641E+20,5.42722E+21,8.8037E+15,4.89977E+16
41142,8,3,25,60,2018,2,19,6,3,8,7,2,0,1,0,0,0,0,0,4.70822E+20,5.34056E+21,8.60719E+15,4.82176E+16
41143,8,1,27,59,2018,2,13,2,3,2,2,0,0,1,0,0,0,0,1,5.4935E+20,5.43836E+21,9.67602E+15,4.90961E+16
41144,8,3,15,94,2018,2,10,1,3,8,1,0,0,1,0,0,0,0,1,4.32077E+20,5.31695E+21,8.08941E+15,4.80023E+16
41145,8,1,16,78,2018,2,15,5,3,4,1,0,0,1,0,0,0,0,0,5.09326E+20,5.3916E+21,9.12669E+15,4.86774E+16
41146,8,4,15,78,2018,2,15,1,3,2,6,0,0,1,0,0,0,0,0,5.27074E+20,5.3729E+21,9.36656E+15,4.85086E+16
41147,8,4,37,86,2018,2,11,6,2,5,3,0,0,1,0,0,0,1,1,5.22341E+20,5.31619E+21,9.29948E+15,4.79986E+16
41148,8,1,15,45,2018,2,7,3,3,2,6,1,0,1,0,0,0,0,0,5.03064E+20,5.39452E+21,9.04164E+15,4.87037E+16
41149,8,1,16,19,2018,2,8,3,3,5,3,0,0,1,0,0,0,0,0,5.239E+20,5.39868E+21,9.32508E+15,4.87406E+16
41150,8,3,36,69,2018,2,4,1,3,8,1,2,0,1,0,0,0,0,1,4.07843E+20,5.26865E+21,7.77483E+15,4.75647E+16
41151,8,1,18,27,2018,2,18,6,2,6,4,2,0,1,1,0,0,0,0,5.03699E+20,5.41211E+21,9.05043E+15,4.8862E+16
41152,8,3,16,11,2018,2,15,2,3,5,3,0,1,1,0,0,0,0,0,4.13292E+20,5.33201E+21,7.83456E+15,4.81354E+16
41153,8,3,25,45,2018,2,16,2,3,4,6,0,0,1,0,0,0,0,2,4.66417E+20,5.34838E+21,8.54727E+15,4.82878E+16
41154,8,2,26,49,2018,2,16,5,3,6,4,0,0,1,1,0,0,0,0,4.86571E+20,5.46273E+21,8.81522E+15,4.93172E+16
41155,8,1,21,0,2018,2,10,2,3,3,6,0,0,1,0,0,0,0,1,5.16771E+20,5.44335E+21,9.22995E+15,4.91427E+16
41156,8,1,26,69,2018,2,5,1,3,2,6,2,0,1,0,0,0,0,0,5.36369E+20,5.44865E+21,9.49913E+15,4.91896E+16
41157,8,3,36,78,2018,2,17,4,3,9,1,2,0,1,0,0,0,0,0,3.96382E+20,5.28704E+21,7.61816E+15,4.77284E+16
41158,8,3,26,74,2018,2,12,1,3,2,2,0,0,1,0,0,0,0,0,4.59896E+20,5.32005E+21,8.46205E+15,4.80325E+16
41159,8,1,11,0,2018,2,22,3,3,9,7,2,0,1,0,0,0,0,0,5.07418E+20,5.39542E+21,9.10084E+15,4.87118E+16
41160,8,3,11,0,2018,2,16,6,3,2,6,1,0,1,0,0,0,0,0,4.14637E+20,5.31585E+21,7.85587E+15,4.79903E+16
41161,8,4,25,31,2018,2,15,3,2,2,6,0,0,1,0,0,1,0,0,5.7051E+20,5.36746E+21,9.95368E+15,4.84563E+16
41162,8,4,15,14,2018,2,4,2,2,5,3,2,0,1,0,0,0,0,1,5.27014E+20,5.37295E+21,9.36575E+15,4.85091E+16
41163,8,4,36,55,2018,2,18,5,3,8,1,2,0,1,0,0,0,0,1,5.76951E+20,5.29659E+21,1.0028E+16,4.7818E+16
41164,8,2,35,65,2018,2,6,2,3,8,1,1,0,1,0,0,0,0,2,4.75068E+20,5.40305E+21,8.66063E+15,4.878E+16
41165,8,1,25,102,2018,2,16,3,3,2,6,0,0,1,0,0,0,0,1,5.21136E+20,5.44507E+21,9.28989E+15,4.91581E+16
41166,8,4,35,24,2018,2,20,2,3,9,1,2,0,1,0,0,0,0,2,5.28699E+20,5.28021E+21,9.38234E+15,4.76747E+16
41167,8,1,11,0,2018,2,18,6,3,2,6,2,0,1,0,0,0,0,0,5.19199E+20,5.4002E+21,9.2612E+15,4.87545E+16
41168,8,2,11,0,2018,2,7,2,3,3,1,1,0,1,0,0,1,0,2,4.41779E+20,5.4082E+21,8.2068E+15,4.8824E+16
41169,8,2,26,103,2018,2,14,2,1,2,6,0,0,1,0,0,1,0,0,4.71556E+20,5.457E+21,8.60903E+15,4.92651E+16
41170,8,1,18,7,2018,2,14,2,3,5,2,0,0,1,0,0,0,1,0,5.09627E+20,5.42697E+21,9.13161E+15,4.89956E+16
41171,8,2,15,29,2018,2,14,5,3,5,3,0,0,1,0,0,0,0,0,4.67227E+20,5.44824E+21,8.55026E+15,4.91861E+16
41172,8,1,17,19,2018,2,21,2,3,4,2,2,0,1,0,0,0,0,0,5.5352E+20,5.39302E+21,9.72719E+15,4.86879E+16
41173,8,2,31,0,2018,2,6,4,3,9,1,1,0,1,0,0,0,0,1,4.81322E+20,5.41697E+21,8.74511E+15,4.89054E+16
41174,8,4,36,64,2018,2,3,7,3,6,4,2,0,1,1,0,0,0,0,5.45411E+20,5.29221E+21,9.60621E+15,4.77817E+16
41175,8,3,17,150,2018,2,20,1,3,4,6,2,0,1,0,0,0,1,1,4.08528E+20,5.35641E+21,7.76528E+15,4.83542E+16
41176,8,1,27,14,2018,2,16,3,2,2,6,0,0,1,0,0,0,0,0,5.75522E+20,5.44307E+21,1.00354E+16,4.91359E+16
41177,8,3,17,57,2018,2,3,1,3,5,3,2,0,1,0,0,0,0,0,4.14191E+20,5.37957E+21,7.83695E+15,4.85633E+16
41178,8,2,36,46,2018,2,18,6,3,2,6,2,0,1,0,0,0,0,0,4.83701E+20,5.41675E+21,8.77759E+15,4.89035E+16
41179,8,4,35,57,2018,2,7,2,3,5,3,2,1,0,0,1,0,0,1,5.43605E+20,5.27949E+21,9.58084E+15,4.76673E+16
41180,8,3,36,14,2018,2,6,2,2,2,6,1,0,1,0,0,1,0,1,3.91602E+20,5.27755E+21,7.55679E+15,4.76423E+16
41181,8,2,26,103,2018,2,14,4,3,2,6,0,0,1,0,0,0,1,0,4.72068E+20,5.45798E+21,8.616E+15,4.92739E+16
41182,8,4,17,8,2018,2,20,5,3,2,6,2,0,1,0,0,0,0,0,4.90693E+20,5.35126E+21,8.87447E+15,4.83145E+16
41183,8,2,26,68,2018,2,12,2,2,5,3,0,0,1,0,0,0,0,0,4.70125E+20,5.46043E+21,8.58911E+15,4.92958E+16
41184,8,2,15,17,2018,2,14,4,3,2,2,0,0,1,0,0,0,0,0,4.54058E+20,5.41784E+21,8.37299E+15,4.89118E+16
41185,8,2,12,0,2018,2,19,2,3,5,3,2,0,1,0,0,0,0,0,4.53391E+20,5.432E+21,8.36226E+15,4.90391E+16
41186,8,3,37,13,2018,2,12,1,2,4,1,0,0,1,0,0,0,0,1,4.30576E+20,5.29385E+21,8.073E+15,4.77943E+16
41187,8,1,28,139,2018,2,17,5,3,2,6,2,0,1,0,0,0,0,0,5.51121E+20,5.49259E+21,9.70723E+15,4.95838E+16
41188,8,3,15,74,2018,2,12,1,3,8,1,0,0,1,0,0,0,0,0,3.99209E+20,5.29519E+21,7.65396E+15,4.78022E+16
41189,8,2,16,7,2018,2,19,7,3,5,2,2,0,1,0,1,0,0,0,4.36258E+20,5.39438E+21,8.13372E+15,4.86992E+16
41190,8,2,31,0,2018,2,18,3,3,4,2,2,0,1,0,0,0,0,0,4.77796E+20,5.41567E+21,8.69707E+15,4.88936E+16
41191,8,2,26,96,2018,2,12,2,3,6,4,0,1,0,1,0,0,0,0,4.75657E+20,5.48825E+21,8.66349E+15,4.95464E+16
41192,8,3,17,57,2018,2,19,4,1,5,3,2,0,1,0,1,0,0,0,4.14114E+20,5.37806E+21,7.83621E+15,4.85498E+16
41193,8,1,16,47,2018,2,16,2,3,2,6,0,0,1,0,0,0,0,0,5.20537E+20,5.39305E+21,9.27905E+15,4.86901E+16
41194,8,1,36,88,2018,2,19,5,2,8,1,2,0,1,1,0,0,0,0,5.8045E+20,5.4102E+21,1.00964E+16,4.88396E+16
41195,8,1,11,0,2018,2,19,2,3,2,6,2,0,1,0,0,0,0,0,5.14175E+20,5.39383E+21,9.19263E+15,4.86974E+16
41196,8,3,37,123,2018,2,1,7,3,8,1,2,0,1,0,0,0,0,0,4.54477E+20,5.27933E+21,8.39364E+15,4.76657E+16
41197,8,3,36,82,2018,2,15,3,2,4,6,0,0,1,0,0,0,1,0,4.11132E+20,5.27127E+21,7.81803E+15,4.75887E+16
41198,8,2,31,0,2018,2,4,1,3,4,1,2,0,1,0,0,0,0,1,4.73944E+20,5.41609E+21,8.6445E+15,4.88972E+16
41199,8,1,27,46,2018,2,4,3,3,8,7,2,0,1,0,0,0,0,1,5.68418E+20,5.44758E+21,9.93875E+15,4.91772E+16
41200,8,2,25,2,2018,2,5,1,3,8,1,2,0,1,0,0,0,0,1,4.98157E+20,5.46762E+21,8.97462E+15,4.93613E+16
41201,8,2,25,1,2018,2,12,6,3,8,1,0,0,1,0,0,0,0,1,5.28409E+20,5.47054E+21,9.39145E+15,4.93869E+16
41202,8,4,17,8,2018,2,21,2,2,4,1,2,0,1,0,0,0,0,0,4.95644E+20,5.3526E+21,8.94124E+15,4.83266E+16
41203,8,3,35,79,2018,2,18,2,2,0,2,2,0,0,0,0,0,1,1,5.01016E+20,5.29969E+21,9.01358E+15,4.78505E+16
41204,8,2,26,105,2018,2,8,4,2,2,6,0,0,1,0,0,0,0,1,4.71138E+20,5.47605E+21,8.60191E+15,4.94364E+16
41205,8,3,37,126,2018,2,13,5,3,1,6,0,0,1,0,0,0,0,0,4.44059E+20,5.2744E+21,8.25552E+15,4.76205E+16
41206,8,2,15,102,2018,2,19,2,3,5,2,2,0,1,0,0,0,0,0,4.56372E+20,5.43507E+21,8.40271E+15,4.9067E+16
41207,8,1,27,14,2018,2,18,2,3,2,1,2,0,1,0,0,0,0,2,5.72866E+20,5.44355E+21,9.99903E+15,4.91405E+16
41208,8,3,26,74,2018,2,22,1,2,8,1,2,0,1,0,0,0,0,1,4.62307E+20,5.32062E+21,8.49433E+15,4.80378E+16
41209,8,1,19,85,2018,2,22,5,3,5,3,2,0,1,0,0,0,0,1,5.28822E+20,5.41244E+21,9.39299E+15,4.88642E+16
41210,8,2,15,21,2018,2,21,1,3,1,6,2,0,1,0,0,0,0,1,4.69238E+20,5.44356E+21,8.5782E+15,4.91441E+16
41211,8,1,17,18,2018,2,13,7,3,2,6,0,0,1,0,0,0,0,0,5.36772E+20,5.3957E+21,9.49988E+15,4.87132E+16
41212,8,2,26,98,2018,2,5,3,2,5,2,2,0,1,0,0,0,0,0,4.75309E+20,5.45975E+21,8.66044E+15,4.929E+16
41213,8,1,17,19,2018,2,16,3,3,2,6,0,0,1,0,0,0,0,0,5.5043E+20,5.39365E+21,9.68529E+15,4.86939E+16
41214,8,1,26,11,2018,2,0,1,3,8,1,2,0,1,0,0,0,0,2,5.30382E+20,5.44841E+21,9.41695E+15,4.91878E+16
41215,8,1,18,7,2018,2,12,6,3,5,3,0,1,1,0,0,0,0,0,5.101E+20,5.42699E+21,9.13807E+15,4.89957E+16
41216,8,3,25,72,2018,2,20,2,3,8,6,2,0,1,0,0,0,1,0,4.69902E+20,5.32522E+21,8.59589E+15,4.80796E+16
41217,8,3,26,12,2018,2,9,2,3,4,1,0,0,1,0,0,0,0,2,4.60745E+20,5.31165E+21,8.47421E+15,4.7957E+16
41218,8,1,15,13,2018,2,1,1,3,9,7,2,0,1,0,0,0,0,0,4.97295E+20,5.3907E+21,8.96326E+15,4.86693E+16
41219,8,1,25,108,2018,2,13,3,3,8,1,0,0,1,0,0,0,0,0,4.94642E+20,5.43288E+21,8.92667E+15,4.90488E+16
41220,8,1,18,80,2018,2,11,1,3,3,6,0,0,1,0,0,1,0,1,5.09074E+20,5.41142E+21,9.1237E+15,4.88557E+16
41221,8,1,27,43,2018,2,7,6,3,6,6,2,0,1,1,0,0,0,1,5.68934E+20,5.44517E+21,9.94541E+15,4.91555E+16
41222,8,3,36,69,2018,2,10,2,3,5,3,0,1,1,0,0,0,0,0,4.08715E+20,5.26777E+21,7.78662E+15,4.7557E+16
41223,8,4,35,57,2018,2,14,2,2,4,1,0,0,1,0,0,0,1,2,5.47916E+20,5.27638E+21,9.63791E+15,4.76391E+16
41224,8,3,26,31,2018,2,8,5,3,8,1,0,0,1,0,0,0,0,2,4.59163E+20,5.33357E+21,8.45092E+15,4.8154E+16
41225,8,1,25,102,2018,2,10,2,3,2,1,0,0,0,0,0,1,0,0,5.24814E+20,5.44546E+21,9.34036E+15,4.91614E+16
41226,8,1,27,76,2018,2,7,2,3,4,1,0,0,0,0,0,0,1,2,5.49635E+20,5.43617E+21,9.67965E+15,4.90764E+16
41227,8,2,15,21,2018,2,13,1,2,4,6,0,0,1,0,0,0,0,0,4.69313E+20,5.44749E+21,8.57894E+15,4.91794E+16
41228,8,4,37,65,2018,2,20,4,3,8,1,2,0,1,0,0,0,0,2,5.15819E+20,5.31615E+21,9.21206E+15,4.79985E+16
41229,8,1,15,28,2018,2,14,1,3,2,6,0,0,1,0,0,0,0,1,5.01735E+20,5.40254E+21,9.02361E+15,4.87759E+16
41230,8,4,15,78,2018,2,16,6,3,2,6,0,0,1,0,0,0,0,0,5.27119E+20,5.37285E+21,9.36717E+15,4.85082E+16
41231,8,1,28,115,2018,2,18,3,3,4,6,2,0,1,0,0,0,0,0,5.44432E+20,5.49886E+21,9.61541E+15,4.96406E+16
41232,8,1,11,0,2018,2,15,3,3,9,7,0,0,1,0,0,0,0,0,5.11527E+20,5.40646E+21,9.157E+15,4.8811E+16
41233,8,1,17,43,2018,2,19,6,3,5,3,2,0,1,0,1,0,0,0,5.51935E+20,5.38977E+21,9.70525E+15,4.86588E+16
41234,8,3,15,64,2018,2,10,2,2,5,2,0,0,1,0,0,0,1,0,4.21327E+20,5.3137E+21,7.94591E+15,4.79718E+16
41235,8,1,16,15,2018,2,8,4,3,2,6,0,0,1,0,0,0,0,1,5.2381E+20,5.39251E+21,9.32349E+15,4.86852E+16
41236,8,3,26,74,2018,2,11,4,3,2,6,0,0,1,0,0,0,0,0,4.65566E+20,5.32353E+21,8.53781E+15,4.80641E+16
41237,8,3,15,113,2018,2,15,2,3,8,1,0,0,0,0,0,0,1,2,4.44732E+20,5.30571E+21,8.26049E+15,4.79023E+16
41238,8,2,22,0,2018,2,16,5,3,2,6,0,0,1,0,0,0,0,0,4.62014E+20,5.48491E+21,8.47522E+15,4.95156E+16
41239,8,1,18,79,2018,2,9,2,3,6,4,0,0,1,1,0,0,0,0,5.10692E+20,5.42169E+21,9.14603E+15,4.89481E+16
41240,8,1,16,19,2018,2,20,1,3,2,6,1,0,1,0,0,0,0,0,5.22423E+20,5.39811E+21,9.30495E+15,4.87356E+16
41241,8,2,35,6,2018,2,12,5,2,4,2,0,0,1,0,0,0,0,0,4.69284E+20,5.38019E+21,8.58359E+15,4.85741E+16
41242,8,1,25,5,2018,2,3,2,3,9,1,2,0,1,0,0,0,0,2,5.14096E+20,5.45521E+21,9.19369E+15,4.92495E+16
41243,8,1,19,8,2018,2,8,2,3,6,4,0,0,0,1,0,0,1,1,5.3267E+20,5.42056E+21,9.4461E+15,4.89371E+16
41244,8,1,25,49,2018,2,6,1,3,8,1,2,0,1,0,0,0,0,0,5.02555E+20,5.4512E+21,9.03508E+15,4.92136E+16
41245,8,4,15,62,2018,2,13,4,3,2,6,0,0,1,0,1,0,0,0,5.192E+20,5.37847E+21,9.26022E+15,4.8559E+16
41246,8,1,35,16,2018,2,5,1,3,8,1,2,0,1,0,0,0,0,2,5.89693E+20,5.38768E+21,1.02174E+16,4.86357E+16
41247,8,2,12,0,2018,2,19,3,3,5,3,2,0,1,0,0,0,0,0,4.56986E+20,5.42831E+21,8.41184E+15,4.90062E+16
41248,8,3,17,65,2018,2,1,6,2,9,1,2,0,1,0,0,0,0,0,4.15532E+20,5.35132E+21,7.86081E+15,4.83094E+16
41249,8,1,19,8,2018,2,14,3,2,4,1,0,0,1,0,0,0,0,0,5.30166E+20,5.42145E+21,9.41197E+15,4.89452E+16
41250,8,1,17,24,2018,2,21,2,3,0,1,2,0,1,0,0,0,0,2,5.66185E+20,5.38902E+21,9.89862E+15,4.86507E+16
41251,8,4,35,16,2018,2,4,5,2,9,1,2,0,1,0,0,0,0,2,5.3264E+20,5.28352E+21,9.43508E+15,4.77043E+16
41252,8,2,37,40,2018,2,13,2,3,8,1,0,0,1,0,0,0,0,0,4.79138E+20,5.36364E+21,8.71801E+15,4.84256E+16
41253,8,1,15,37,2018,2,15,4,3,0,2,0,1,1,0,0,0,0,0,4.92214E+20,5.38568E+21,8.89435E+15,4.86242E+16
41254,8,2,37,28,2018,2,17,2,3,4,1,2,0,1,0,0,0,0,2,4.57879E+20,5.37221E+21,8.42979E+15,4.85016E+16
41255,8,1,17,2,2018,2,8,2,3,2,6,0,0,1,0,0,0,0,0,5.39466E+20,5.38663E+21,9.53563E+15,4.86315E+16
41256,8,2,15,46,2018,2,14,5,3,4,2,0,0,1,0,0,0,0,0,4.49216E+20,5.41663E+21,8.30706E+15,4.89005E+16
41257,8,1,17,24,2018,2,15,2,3,6,4,0,0,1,1,0,0,0,1,5.60424E+20,5.38638E+21,9.82002E+15,4.86275E+16
41258,8,2,12,0,2018,2,6,4,3,2,6,2,0,1,0,0,0,0,0,4.59404E+20,5.42622E+21,8.44511E+15,4.89876E+16
41259,8,4,25,39,2018,2,0,7,3,8,1,2,0,1,0,0,0,0,0,5.66294E+20,5.35054E+21,9.89399E+15,4.83046E+16
41260,8,4,25,33,2018,2,17,1,3,5,7,1,0,1,0,0,0,0,0,5.53107E+20,5.34805E+21,9.71587E+15,4.82835E+16
41261,8,1,27,32,2018,2,10,3,3,8,1,0,0,1,0,0,0,0,2,5.69287E+20,5.45574E+21,9.95208E+15,4.92505E+16
41262,8,1,27,73,2018,2,23,1,3,8,1,2,0,1,0,0,0,0,2,5.78498E+20,5.44553E+21,1.00766E+16,4.91576E+16
41263,8,2,35,57,2018,2,4,6,2,9,1,2,0,1,0,0,0,0,1,4.87629E+20,5.39755E+21,8.83178E+15,4.87308E+16
41264,8,4,37,65,2018,2,16,2,2,2,6,0,0,1,0,0,0,0,0,5.18543E+20,5.31881E+21,9.24868E+15,4.80223E+16
41265,8,1,17,25,2018,2,17,4,2,9,1,2,0,0,0,1,0,0,0,5.55854E+20,5.38923E+21,9.75839E+15,4.86536E+16
41266,8,3,37,45,2018,2,10,2,2,2,6,0,0,1,0,0,0,0,1,4.38241E+20,5.28925E+21,8.17599E+15,4.77536E+16
41267,8,1,27,73,2018,2,19,1,2,8,1,2,0,1,0,0,0,0,2,5.80847E+20,5.44922E+21,1.01096E+16,4.91904E+16
41268,8,1,15,45,2018,2,15,3,3,2,6,0,0,1,0,0,0,1,0,4.99977E+20,5.39339E+21,8.99969E+15,4.86935E+16
41269,8,3,36,14,2018,2,18,6,3,5,3,2,0,1,0,1,0,0,0,3.92597E+20,5.27837E+21,7.56984E+15,4.76499E+16
41270,8,1,15,3,2018,2,7,3,3,5,3,0,0,1,0,0,0,1,0,4.98456E+20,5.3928E+21,8.97902E+15,4.86882E+16
41271,8,4,15,78,2018,2,6,2,3,4,6,2,0,1,0,0,1,0,1,5.31742E+20,5.36672E+21,9.42929E+15,4.84528E+16
41272,8,4,37,31,2018,2,8,5,2,4,1,0,0,1,0,0,1,0,2,5.16066E+20,5.34624E+21,9.2165E+15,4.82692E+16
41273,8,2,31,0,2018,2,8,2,1,2,6,0,0,0,0,0,1,1,1,4.84792E+20,5.41246E+21,8.79264E+15,4.88649E+16
41274,8,1,16,81,2018,2,14,4,3,6,6,0,1,0,1,0,0,0,0,5.21184E+20,5.38691E+21,9.28753E+15,4.86349E+16
41275,8,2,26,6,2018,2,6,2,3,0,7,2,0,0,0,0,1,0,1,4.84205E+20,5.46728E+21,8.78249E+15,4.9358E+16
41276,8,4,36,9,2018,2,14,1,3,4,1,0,0,1,0,0,0,0,1,5.5841E+20,5.30799E+21,9.78185E+15,4.79226E+16
41277,8,1,35,19,2018,2,9,5,3,5,3,0,0,1,0,0,0,0,0,5.84441E+20,5.39243E+21,1.01471E+16,4.86792E+16
41278,8,1,16,77,2018,2,15,2,2,5,2,0,0,1,0,0,0,0,0,5.15124E+20,5.39037E+21,9.20541E+15,4.86662E+16
41279,8,2,26,103,2018,2,22,7,3,9,6,2,0,1,0,0,0,1,0,4.73765E+20,5.45807E+21,8.63933E+15,4.92748E+16
41280,8,2,12,0,2018,2,14,3,3,0,3,0,1,1,0,0,0,0,0,4.58808E+20,5.42925E+21,8.43666E+15,4.90148E+16
41281,8,1,27,73,2018,2,15,1,2,9,1,0,0,1,0,0,0,0,2,5.82071E+20,5.45013E+21,1.01266E+16,4.91985E+16
41282,8,1,26,58,2018,2,8,3,3,8,1,0,0,1,0,0,0,0,2,5.43784E+20,5.45548E+21,9.60163E+15,4.92505E+16
41283,8,1,27,14,2018,2,14,1,3,2,1,0,0,1,0,0,0,0,2,5.73069E+20,5.44716E+21,1.00025E+16,4.91729E+16
41284,8,2,15,7,2018,2,20,6,3,8,1,2,0,1,0,0,0,0,0,4.79156E+20,5.43867E+21,8.71445E+15,4.91005E+16
41285,8,3,36,69,2018,2,8,2,3,1,6,0,0,1,0,0,0,0,0,4.06768E+20,5.26922E+21,7.76043E+15,4.75697E+16
41286,8,1,15,3,2018,2,18,4,3,2,6,2,0,1,0,0,0,0,0,5.02333E+20,5.39401E+21,9.03171E+15,4.86991E+16
41287,8,4,35,66,2018,2,18,2,3,0,1,2,0,0,0,1,0,0,2,5.18521E+20,5.28701E+21,9.24703E+15,4.77362E+16
41288,8,4,36,81,2018,2,6,5,2,8,1,2,0,1,0,0,0,0,2,5.61773E+20,5.28811E+21,9.82403E+15,4.77434E+16
41289,8,1,26,85,2018,2,5,2,3,8,1,2,0,0,0,0,1,0,2,5.47321E+20,5.45044E+21,9.64964E+15,4.92049E+16
41290,8,1,11,0,2018,2,6,4,3,2,6,2,0,1,0,0,0,0,0,5.15814E+20,5.40467E+21,9.21532E+15,4.87948E+16
41291,8,1,27,9,2018,2,17,2,2,4,1,1,0,1,0,0,0,0,2,5.56931E+20,5.44972E+21,9.78146E+15,4.91977E+16
41292,8,3,16,38,2018,2,18,1,3,4,6,2,0,1,0,0,0,1,1,3.96726E+20,5.33221E+21,7.61192E+15,4.81347E+16
41293,8,1,17,25,2018,2,16,5,3,2,6,0,0,1,0,0,1,0,0,5.57408E+20,5.38959E+21,9.77954E+15,4.86567E+16
41294,8,1,26,46,2018,2,14,1,3,4,1,0,0,1,0,0,0,0,2,5.49598E+20,5.4572E+21,9.68174E+15,4.92655E+16
41295,8,4,17,75,2018,2,7,5,3,5,3,2,0,1,0,0,0,0,2,5.0952E+20,5.33505E+21,9.12804E+15,4.81686E+16
41296,8,2,26,18,2018,2,7,2,3,0,7,2,0,0,0,1,0,0,1,4.72751E+20,5.47239E+21,8.62441E+15,4.94036E+16
41297,8,4,26,21,2018,2,6,2,2,5,3,2,1,1,0,0,0,0,1,5.58267E+20,5.32727E+21,9.78256E+15,4.80961E+16
41298,8,3,36,84,2018,2,11,1,2,5,2,0,0,1,0,0,0,0,1,4.07632E+20,5.27771E+21,7.77012E+15,4.76462E+16
41299,8,1,36,18,2018,2,22,5,2,2,1,2,0,1,0,0,0,1,0,5.86822E+20,5.43206E+21,1.01879E+16,4.90353E+16
41300,8,1,25,56,2018,2,14,1,3,2,6,0,0,1,0,0,0,0,1,5.13273E+20,5.43709E+21,9.18178E+15,4.90865E+16
41301,8,1,15,21,2018,2,12,7,3,2,7,0,0,1,0,0,0,0,0,4.92331E+20,5.38285E+21,8.89598E+15,4.85987E+16
41302,8,2,26,31,2018,2,12,3,3,5,3,0,0,1,0,0,0,0,0,4.75268E+20,5.49291E+21,8.65782E+15,4.95883E+16