OBJECTID_1,ULAND,UREGBEZ,UKREIS,UGEMEINDE,UJAHR,UMONAT,USTUNDE,UWOCHENTAG,UKATEGORIE,UART,UTYP1,ULICHTVERH,IstRad,IstPKW,IstFuss,IstKrad,IstGkfz,IstSonstig,STRZUSTAND,LINREFX,LINREFY,XGCSWGS84,YGCSWGS84
41303,8,1,25,94,2018,2,13,1,3,2,2,0,0,1,0,0,0,0,1,5.13271E+20,5.43673E+21,9.18175E+15,4.90833E+16
41304,8,1,18,46,2018,2,17,3,3,0,7,0,0,0,0,0,0,1,0,5.15066E+20,5.41268E+21,9.20543E+15,4.88669E+16
41305,8,1,25,6,2018,2,4,1,3,9,1,2,0,1,0,0,0,0,1,5.03474E+20,5.45326E+21,9.04771E+15,4.92321E+16
41306,8,1,19,85,2018,2,20,6,3,5,3,2,0,1,0,0,0,0,0,5.28689E+20,5.41394E+21,9.39128E+15,4.88777E+16
41307,8,3,35,75,2018,2,13,2,3,5,2,0,1,1,0,0,0,0,0,4.87619E+20,5.28975E+21,8.83478E+15,4.7761E+16
41308,8,1,11,0,2018,2,11,4,3,2,6,0,0,1,0,0,1,0,0,5.14269E+20,5.40602E+21,9.19433E+15,4.8807E+16
41309,8,3,26,74,2018,2,12,2,3,2,6,0,0,1,0,0,0,0,2,4.61954E+20,5.321E+21,8.48956E+15,4.80411E+16
41310,8,2,26,28,2018,2,21,5,3,2,6,2,0,1,0,0,0,0,0,4.7383E+20,5.48498E+21,8.63845E+15,4.95169E+16
41311,8,1,15,28,2018,2,16,2,3,2,6,0,0,1,0,0,0,0,0,5.0129E+20,5.4039E+21,9.01756E+15,4.87881E+16
41312,8,1,25,66,2018,2,15,2,3,8,1,0,0,1,0,0,0,0,1,5.14345E+20,5.43387E+21,9.19635E+15,4.90575E+16
41313,8,2,31,0,2018,2,13,1,3,4,2,0,0,1,0,0,0,0,0,4.7777E+20,5.41494E+21,8.69676E+15,4.8887E+16
41314,8,4,35,59,2018,2,17,4,3,3,6,1,0,1,0,0,0,0,0,5.09435E+20,5.2949E+21,9.12602E+15,4.78073E+16
41315,8,1,19,79,2018,2,21,1,3,9,1,2,0,1,0,0,0,0,1,5.2145E+20,5.40929E+21,9.29231E+15,4.88362E+16
41316,8,2,31,0,2018,2,19,3,3,8,1,2,0,1,1,0,0,0,0,4.81774E+20,5.41796E+21,8.75124E+15,4.89143E+16
41317,8,4,36,64,2018,2,6,6,3,6,2,2,0,0,1,0,0,1,0,5.45679E+20,5.29251E+21,9.60982E+15,4.77843E+16
41318,8,1,25,81,2018,2,18,3,3,5,3,2,0,1,0,0,0,0,0,4.96617E+20,5.434E+21,8.95369E+15,4.90588E+16
41319,8,4,35,35,2018,2,8,2,3,8,1,0,0,1,0,0,0,0,2,5.4453E+20,5.28363E+21,9.59357E+15,4.77045E+16
41320,8,1,16,12,2018,2,16,6,3,5,3,0,0,1,0,1,0,0,0,5.36014E+20,5.38397E+21,9.48856E+15,4.86078E+16
41321,8,4,37,100,2018,2,13,6,3,2,2,0,0,1,0,0,1,0,0,5.36847E+20,5.31862E+21,9.49415E+15,4.80198E+16
41322,8,2,12,0,2018,2,20,3,2,8,6,2,0,1,0,0,0,0,0,4.49975E+20,5.43187E+21,8.31554E+15,4.90377E+16
41323,8,1,17,2,2018,2,9,3,3,0,6,0,0,1,0,0,0,0,0,5.43865E+20,5.38516E+21,9.59518E+15,4.8618E+16
41324,8,1,19,8,2018,2,18,1,3,2,1,2,0,1,0,0,0,0,2,5.30565E+20,5.41638E+21,9.41704E+15,4.88996E+16
41325,8,1,18,78,2018,2,15,6,2,6,4,0,0,1,1,0,0,0,0,5.1377E+20,5.42003E+21,9.18801E+15,4.8933E+16
41326,8,3,17,89,2018,2,16,2,3,6,4,0,0,1,1,0,0,0,0,4.31934E+20,5.37595E+21,8.078E+15,4.85329E+16
41327,8,4,35,34,2018,2,2,3,3,0,1,2,0,1,0,0,0,0,0,5.28891E+20,5.28526E+21,9.38522E+15,4.772E+16
41328,8,4,17,54,2018,2,12,2,2,1,1,0,0,1,0,0,0,0,2,4.79778E+20,5.35181E+21,8.72723E+15,4.83191E+16
41329,8,2,31,0,2018,2,15,5,3,5,3,0,0,1,0,0,0,0,0,4.78031E+20,5.41606E+21,8.70026E+15,4.88971E+16
41330,8,1,21,0,2018,2,9,2,3,5,3,0,0,1,0,0,0,0,1,5.11265E+20,5.44074E+21,9.15438E+15,4.91194E+16
41331,8,1,18,11,2018,2,13,2,3,2,6,0,0,1,0,0,0,0,0,5.02214E+20,5.40939E+21,9.03018E+15,4.88375E+16
41332,8,1,27,75,2018,2,12,1,3,5,3,0,1,1,0,0,0,0,1,5.72985E+20,5.46809E+21,1.00051E+16,4.93612E+16
41333,8,3,15,6,2018,2,20,4,3,2,6,2,0,1,0,0,0,0,0,4.00522E+20,5.31184E+21,7.66765E+15,4.79521E+16
41334,8,1,19,41,2018,2,14,1,2,8,1,0,0,1,0,0,0,0,2,5.25744E+20,5.41113E+21,9.35094E+15,4.88526E+16
41335,8,1,15,45,2018,2,3,3,2,9,7,2,0,1,0,0,0,0,0,5.04233E+20,5.39569E+21,9.05754E+15,4.87143E+16
41336,8,3,15,33,2018,2,13,6,3,5,3,0,0,1,0,0,1,0,0,3.97662E+20,5.30437E+21,7.63114E+15,4.78845E+16
41337,8,1,17,33,2018,2,19,3,3,5,3,2,0,1,0,0,0,0,0,5.58165E+20,5.38817E+21,9.78961E+15,4.86439E+16
41338,8,4,17,79,2018,2,16,2,3,5,3,0,1,1,0,0,0,0,1,4.99998E+20,5.34689E+21,8.99997E+15,4.82752E+16
41339,8,4,36,10,2018,2,6,5,3,8,1,2,0,1,0,0,0,0,2,5.71447E+20,5.30805E+21,9.95635E+15,4.79218E+16
41340,8,2,35,65,2018,2,21,2,3,9,7,2,0,1,0,0,0,0,2,4.76818E+20,5.40456E+21,8.68436E+15,4.87936E+16
41341,8,4,37,59,2018,2,18,3,3,5,2,2,0,1,0,0,0,0,1,5.14134E+20,5.32424E+21,9.18973E+15,4.80713E+16
41342,8,2,36,46,2018,2,15,2,3,2,6,0,0,1,0,0,0,0,1,4.82724E+20,5.41785E+21,8.76422E+15,4.89133E+16
41343,8,1,16,29,2018,2,16,2,3,2,6,0,0,1,0,0,0,0,0,5.3881E+20,5.38746E+21,9.52681E+15,4.8639E+16
41344,8,1,11,0,2018,2,18,5,3,2,6,2,0,1,0,0,0,0,0,5.12508E+20,5.39472E+21,9.17001E+15,4.87054E+16
41345,8,1,16,19,2018,2,10,2,3,4,6,0,0,1,0,0,0,0,1,5.22217E+20,5.39685E+21,9.30209E+15,4.87243E+16
41346,8,2,12,0,2018,2,6,2,3,2,6,2,0,1,0,0,0,1,1,4.60068E+20,5.42444E+21,8.45436E+15,4.89715E+16
41347,8,4,26,70,2018,2,17,3,3,2,6,2,0,1,0,0,0,0,0,5.65221E+20,5.34161E+21,9.87814E+15,4.82244E+16
41348,8,3,11,0,2018,2,7,2,3,2,6,0,0,1,0,0,1,0,1,4.14307E+20,5.3226E+21,7.8501E+15,4.80509E+16
41349,8,2,16,22,2018,2,15,5,3,2,6,0,0,1,0,0,0,0,0,4.34787E+20,5.40534E+21,8.112E+15,4.87976E+16
41350,8,1,17,26,2018,2,10,2,3,6,4,0,0,1,1,0,0,0,0,5.48805E+20,5.39473E+21,9.66334E+15,4.87037E+16
41351,8,4,37,65,2018,2,16,7,3,9,1,0,0,1,0,0,0,0,0,5.19115E+20,5.31888E+21,9.25636E+15,4.8023E+16
41352,8,1,18,77,2018,2,17,1,3,5,2,1,0,1,0,0,0,0,1,5.12889E+20,5.4231E+21,9.17608E+15,4.89607E+16
41353,8,1,35,16,2018,2,10,3,3,0,7,0,0,1,0,0,1,0,0,5.8902E+20,5.38644E+21,1.0208E+16,4.86247E+16
41354,8,2,36,71,2018,2,17,6,3,2,6,1,0,1,0,0,0,0,0,4.70466E+20,5.41919E+21,8.59682E+15,4.89249E+16
41355,8,1,11,0,2018,2,15,3,3,2,6,0,0,1,0,0,0,1,0,5.16655E+20,5.40448E+21,9.22676E+15,4.87931E+16
41356,8,4,17,79,2018,2,9,3,3,2,6,0,0,1,0,0,0,1,0,4.97046E+20,5.3403E+21,8.96023E+15,4.8216E+16
41357,8,3,26,3,2018,2,9,2,3,2,1,0,0,1,0,0,1,0,2,4.70583E+20,5.31615E+21,8.60566E+15,4.7998E+16
41358,8,4,25,110,2018,2,13,5,2,5,3,0,0,1,0,0,0,0,1,5.71378E+20,5.34831E+21,9.96216E+15,4.8284E+16
41359,8,2,36,28,2018,2,18,2,3,6,6,2,0,1,1,0,0,0,0,4.93186E+20,5.42677E+21,8.90686E+15,4.89938E+16
41360,8,4,17,79,2018,2,11,3,3,2,2,0,0,1,0,0,0,0,0,5.03921E+20,5.34038E+21,9.05278E+15,4.82167E+16
41361,8,2,16,43,2018,2,12,2,3,5,3,0,0,1,0,0,1,0,0,4.43782E+20,5.41223E+21,8.23353E+15,4.88605E+16
41362,8,3,16,11,2018,2,9,4,3,5,3,0,1,1,0,0,0,0,0,4.15701E+20,5.32913E+21,7.86751E+15,4.81098E+16
41363,8,4,15,61,2018,2,18,1,2,5,3,2,0,1,0,0,0,0,1,5.17242E+20,5.37289E+21,9.23344E+15,4.85088E+16
41364,8,1,35,19,2018,2,7,5,3,8,1,0,0,1,0,0,0,0,1,5.91722E+20,5.39209E+21,1.02459E+16,4.86751E+16
41365,8,1,17,31,2018,2,1,1,3,9,1,2,0,1,0,0,0,0,2,5.48808E+20,5.3758E+21,9.66115E+15,4.85334E+16
41366,8,2,16,7,2018,2,11,7,3,2,6,0,0,1,0,0,0,0,0,4.38068E+20,5.39435E+21,8.15832E+15,4.86991E+16
41367,8,2,35,8,2018,2,16,3,2,9,7,0,0,0,0,1,0,0,1,4.84146E+20,5.40126E+21,8.78427E+15,4.87641E+16
41368,8,1,16,42,2018,2,15,1,3,2,6,0,0,1,0,0,0,0,0,5.17595E+20,5.38239E+21,9.23862E+15,4.85943E+16
41369,8,1,25,1,2018,2,9,3,3,5,3,0,0,1,0,0,0,0,0,5.2131E+20,5.43695E+21,9.29184E+15,4.9085E+16
41370,8,1,15,50,2018,2,15,1,3,1,1,0,0,1,0,0,0,0,2,4.93506E+20,5.39959E+21,8.91166E+15,4.87493E+16
41371,8,1,25,65,2018,2,18,6,3,2,1,2,0,1,0,0,0,0,0,5.16272E+20,5.44776E+21,9.22329E+15,4.91825E+16
41372,8,3,36,103,2018,2,17,2,3,2,6,0,0,1,0,0,0,0,0,4.13252E+20,5.28255E+21,7.84398E+15,4.76905E+16
41373,8,4,16,36,2018,2,7,3,3,5,3,1,0,1,0,0,0,0,0,4.94017E+20,5.3662E+21,8.91909E+15,4.84489E+16
41374,8,3,16,17,2018,2,17,7,3,2,6,0,0,1,0,0,0,1,0,4.07501E+20,5.33493E+21,7.75611E+15,4.81609E+16
41375,8,3,15,84,2018,2,14,3,2,4,6,0,0,1,0,0,0,0,0,4.1921E+20,5.3045E+21,7.91928E+15,4.78887E+16
41376,8,1,11,0,2018,2,11,1,2,4,6,0,0,1,0,0,0,0,1,5.13382E+20,5.4015E+21,9.18211E+15,4.87664E+16
41377,8,1,27,43,2018,2,7,3,2,8,1,0,0,1,0,0,0,0,1,5.68568E+20,5.44759E+21,9.94081E+15,4.91773E+16
41378,8,4,37,105,2018,2,20,7,3,9,1,2,0,1,0,0,0,0,0,5.19696E+20,5.3237E+21,9.26437E+15,4.80662E+16
41379,8,2,31,0,2018,2,18,6,3,0,2,2,0,1,0,0,0,1,0,4.78507E+20,5.41581E+21,8.70677E+15,4.88949E+16
41380,8,4,25,2,2018,2,19,2,3,7,7,2,0,1,0,0,0,0,0,5.53011E+20,5.35516E+21,9.71547E+15,4.83474E+16
41381,8,4,15,61,2018,2,19,3,3,5,3,2,0,1,0,0,0,0,0,5.14348E+20,5.37135E+21,9.19421E+15,4.84951E+16
41382,8,3,36,14,2018,2,6,2,3,8,1,2,0,1,0,0,0,0,2,3.92967E+20,5.28404E+21,7.57336E+15,4.77009E+16
41383,8,4,16,41,2018,2,17,5,3,0,1,0,0,0,0,1,0,0,0,5.02205E+20,5.37459E+21,9.02986E+15,4.85244E+16
41384,8,2,15,99,2018,2,19,2,3,1,6,2,0,1,0,0,0,0,0,4.62975E+20,5.44615E+21,8.4921E+15,4.91671E+16
41385,8,3,36,82,2018,2,15,3,3,2,6,0,0,1,0,0,0,0,0,4.15321E+20,5.27161E+21,7.87367E+15,4.75923E+16
41386,8,1,27,103,2018,2,17,2,2,9,1,2,0,1,0,0,0,0,2,5.7026E+20,5.43579E+21,9.96197E+15,4.9071E+16
41387,8,3,26,17,2018,2,12,1,3,1,7,0,0,1,0,0,0,1,2,4.39232E+20,5.32091E+21,8.18475E+15,4.80386E+16
41388,8,1,25,74,2018,2,21,5,3,5,3,2,0,1,0,0,0,0,0,5.0884E+20,5.43925E+21,9.12112E+15,4.9106E+16
41389,8,4,37,86,2018,2,20,7,2,4,1,2,0,1,0,0,0,0,2,5.29056E+20,5.3104E+21,9.38912E+15,4.79462E+16
41390,8,3,35,43,2018,2,6,4,3,5,2,2,1,1,0,0,0,0,0,5.15157E+20,5.28085E+21,9.20195E+15,4.76809E+16
41391,8,1,19,20,2018,2,0,7,3,3,6,2,0,1,0,0,0,0,0,5.20935E+20,5.40707E+21,9.28517E+15,4.88162E+16
41392,8,2,21,0,2018,2,10,3,3,2,7,0,0,1,0,0,0,0,0,4.76645E+20,5.47306E+21,8.67804E+15,4.94098E+16
41393,8,1,17,37,2018,2,8,3,3,5,3,0,0,1,0,0,0,0,0,5.5427E+20,5.40008E+21,9.73832E+15,4.87513E+16
41394,8,4,26,38,2018,2,18,7,3,8,1,2,0,1,0,0,0,0,2,5.58258E+20,5.31489E+21,9.78075E+15,4.79847E+16
41395,8,1,18,71,2018,2,17,6,3,5,2,2,0,1,0,0,0,0,0,5.09468E+20,5.4184E+21,9.12924E+15,4.89185E+16
41396,8,3,27,36,2018,2,17,2,3,4,2,1,0,1,0,0,0,0,0,4.91117E+20,5.31845E+21,8.88088E+15,4.80193E+16
41397,8,3,37,60,2018,2,15,3,3,3,6,0,0,1,0,0,0,0,0,4.66989E+20,5.277E+21,8.56047E+15,4.76456E+16
41398,8,3,26,74,2018,2,15,2,3,2,6,0,0,1,0,0,0,0,2,4.62596E+20,5.32046E+21,8.49822E+15,4.80363E+16
41399,8,2,12,0,2018,2,12,5,2,5,3,0,0,1,0,0,0,0,0,4.59881E+20,5.43147E+21,8.45111E+15,4.90348E+16
41400,8,1,25,1,2018,2,7,2,3,3,2,2,0,1,0,0,0,0,1,5.21302E+20,5.43695E+21,9.29173E+15,4.9085E+16
41401,8,3,26,74,2018,2,16,3,3,2,6,0,0,1,0,0,0,0,0,4.63031E+20,5.32024E+21,8.50408E+15,4.80344E+16
41402,8,1,19,4,2018,2,14,2,3,4,1,0,0,1,0,0,0,1,2,5.40196E+20,5.41803E+21,9.54861E+15,4.89139E+16
41403,8,2,12,0,2018,2,21,1,3,5,2,2,0,1,0,0,0,0,0,4.55777E+20,5.43133E+21,8.39498E+15,4.90333E+16
41404,8,4,35,16,2018,2,18,2,2,6,4,2,0,1,1,0,0,0,1,5.36441E+20,5.27907E+21,9.48538E+15,4.7664E+16
41405,8,3,27,49,2018,2,7,5,3,8,1,1,0,1,0,0,0,0,2,4.74757E+20,5.32725E+21,8.66096E+15,4.8098E+16
41406,8,1,18,21,2018,2,19,2,3,2,6,2,0,1,0,0,0,0,0,5.18236E+20,5.43001E+21,9.24943E+15,4.90227E+16
41407,8,2,37,19,2018,2,18,3,3,5,3,2,0,1,0,1,0,0,0,4.60649E+20,5.36823E+21,8.46767E+15,4.8466E+16
41408,8,1,27,43,2018,2,21,2,3,8,1,2,0,1,0,0,0,0,2,5.65788E+20,5.44332E+21,9.90197E+15,4.91392E+16
41409,8,2,15,64,2018,2,6,1,3,6,4,2,0,1,1,0,0,0,0,4.80499E+20,5.45258E+21,8.73217E+15,4.92257E+16
41410,8,1,11,0,2018,2,21,5,3,1,5,2,0,1,0,0,0,0,0,5.13569E+20,5.40177E+21,9.18466E+15,4.87688E+16
41411,8,4,25,71,2018,2,16,7,3,5,3,0,0,1,0,0,0,0,1,5.54117E+20,5.37125E+21,9.73246E+15,4.8492E+16
41412,8,4,17,79,2018,2,16,6,3,5,3,0,0,1,0,0,0,1,0,4.97907E+20,5.34774E+21,8.97178E+15,4.82829E+16
41413,8,1,15,37,2018,2,16,3,3,2,6,0,0,1,0,0,0,0,0,4.9342E+20,5.38533E+21,8.91071E+15,4.8621E+16
41414,8,1,15,4,2018,2,15,3,3,2,6,0,0,1,0,0,0,1,0,4.86064E+20,5.37485E+21,8.81124E+15,4.85266E+16
41415,8,4,17,13,2018,2,19,7,3,2,6,2,0,1,0,0,0,0,0,5.10072E+20,5.3485E+21,9.13578E+15,4.82896E+16
41416,8,1,18,53,2018,2,8,6,2,4,6,0,0,1,0,0,1,0,0,5.18507E+20,5.42831E+21,9.25307E+15,4.90074E+16
41417,8,3,15,74,2018,2,18,2,3,5,2,2,0,1,0,0,0,0,0,3.95152E+20,5.29556E+21,7.59971E+15,4.78049E+16
41418,8,4,17,79,2018,2,18,3,2,6,6,2,1,0,1,0,0,0,0,5.02469E+20,5.34504E+21,9.03326E+15,4.82586E+16
41419,8,3,16,9,2018,2,23,2,2,8,1,2,0,1,0,0,0,0,0,4.16157E+20,5.32346E+21,7.87474E+15,4.80589E+16
41420,8,2,26,68,2018,2,19,5,3,2,6,2,0,1,0,0,0,0,0,4.66046E+20,5.46175E+21,8.5329E+15,4.93075E+16
41421,8,1,19,8,2018,2,16,2,2,4,1,0,0,1,0,0,0,0,0,5.32949E+20,5.42203E+21,9.45003E+15,4.89503E+16
41422,8,1,19,53,2018,2,0,1,2,4,6,2,0,1,0,0,0,0,0,5.34481E+20,5.4293E+21,9.47157E+15,4.90156E+16
41423,8,4,15,61,2018,2,14,7,3,2,6,0,0,1,0,0,0,1,0,5.15879E+20,5.37203E+21,9.21495E+15,4.85012E+16
41424,8,1,18,70,2018,2,15,3,2,2,6,0,0,0,0,0,1,0,0,5.16844E+20,5.42574E+21,9.23022E+15,4.89843E+16
41425,8,3,11,0,2018,2,14,6,3,3,6,0,0,1,0,0,1,0,0,4.14154E+20,5.31588E+21,7.84938E+15,4.79905E+16
41426,8,1,16,72,2018,2,11,3,3,8,1,0,0,0,0,1,0,0,0,5.30601E+20,5.39475E+21,9.41592E+15,4.8705E+16
41427,8,4,15,19,2018,2,5,4,3,5,3,2,0,1,0,0,0,0,1,5.17802E+20,5.36955E+21,9.24088E+15,4.84789E+16
41428,8,3,37,49,2018,2,21,7,3,9,1,2,0,1,0,0,0,0,0,4.25447E+20,5.28128E+21,8.00668E+15,4.76806E+16
41429,8,2,25,109,2018,2,11,3,2,8,1,0,0,1,0,0,0,0,2,5.28017E+20,5.48802E+21,9.38728E+15,4.95441E+16
41430,8,3,17,100,2018,2,6,6,3,1,5,2,0,1,0,0,0,1,0,4.24213E+20,5.3679E+21,7.97488E+15,4.84597E+16
41431,8,1,19,79,2018,2,7,3,3,2,6,1,0,1,0,0,1,0,0,5.25374E+20,5.40683E+21,9.34562E+15,4.88139E+16
41432,8,4,21,0,2018,2,5,2,3,8,1,2,0,1,0,0,0,0,1,5.68199E+20,5.35593E+21,9.92055E+15,4.83528E+16
41433,8,4,37,114,2018,2,6,5,3,9,1,2,0,1,0,0,0,0,2,5.16276E+20,5.33688E+21,9.21897E+15,4.8185E+16
41434,8,2,37,40,2018,2,15,2,3,4,2,0,0,1,0,0,0,0,0,4.7787E+20,5.36684E+21,8.70069E+15,4.84543E+16
41435,8,3,17,127,2018,2,13,3,2,4,6,0,0,1,0,0,0,0,0,4.21848E+20,5.35276E+21,7.94571E+15,4.83232E+16
41436,8,2,26,103,2018,2,14,2,3,2,6,0,0,1,0,0,0,0,0,4.71785E+20,5.45745E+21,8.61215E+15,4.92692E+16
41437,8,2,35,67,2018,2,16,2,3,5,2,0,0,1,0,0,0,1,0,4.87145E+20,5.40091E+21,8.82508E+15,4.8761E+16
41438,8,2,15,9,2018,2,14,5,3,5,3,0,0,1,0,0,1,0,0,4.70099E+20,5.44339E+21,8.59002E+15,4.91427E+16
41439,8,1,17,31,2018,2,6,2,3,3,6,2,0,1,0,0,1,0,1,5.49789E+20,5.37564E+21,9.67441E+15,4.85319E+16
41440,8,1,28,139,2018,2,7,4,3,2,6,1,0,1,0,0,0,0,0,5.53623E+20,5.48718E+21,9.7411E+15,4.95349E+16
41441,8,4,26,97,2018,2,18,7,3,4,6,2,0,1,0,0,0,0,0,5.35825E+20,5.33566E+21,9.48187E+15,4.81732E+16
41442,8,3,35,96,2018,2,16,7,2,9,1,1,0,1,0,0,0,0,2,5.04477E+20,5.30412E+21,9.05989E+15,4.78904E+16
41443,8,1,27,14,2018,2,8,3,3,9,1,0,0,1,0,0,0,0,1,5.78484E+20,5.44571E+21,1.00765E+16,4.91592E+16
41444,8,3,17,153,2018,2,10,7,3,5,3,0,0,1,0,0,0,0,0,4.20795E+20,5.38936E+21,7.92458E+15,4.86522E+16
41445,8,2,15,102,2018,2,9,6,2,9,7,0,0,1,0,0,0,0,0,4.56569E+20,5.4354E+21,8.40539E+15,4.90699E+16
41446,8,4,35,16,2018,2,8,2,3,2,2,0,0,1,0,0,0,0,0,5.33984E+20,5.27829E+21,9.45259E+15,4.76571E+16
41447,8,3,15,115,2018,2,19,3,3,5,3,2,0,1,0,0,0,0,0,4.08194E+20,5.32193E+21,7.76823E+15,4.80441E+16
41448,8,3,37,108,2018,2,15,2,3,4,6,0,0,1,0,0,1,0,2,4.24519E+20,5.28468E+21,7.99373E+15,4.77111E+16
41449,8,4,17,2,2018,2,15,5,3,5,3,0,0,1,0,0,0,0,1,4.86395E+20,5.34409E+21,8.81672E+15,4.82498E+16
41450,8,2,25,14,2018,2,16,2,2,4,2,0,0,1,0,0,0,0,0,5.18434E+20,5.4814E+21,9.25451E+15,4.9485E+16
41451,8,3,15,98,2018,2,0,3,3,8,1,2,0,1,0,0,0,0,0,4.0818E+20,5.31277E+21,7.76999E+15,4.79617E+16
41452,8,1,18,3,2018,2,17,2,3,5,3,1,0,1,0,1,0,0,1,5.09122E+20,5.41702E+21,9.12449E+15,4.8906E+16
41453,8,3,37,38,2018,2,14,1,3,0,7,0,0,1,0,0,0,0,2,4.28731E+20,5.27484E+21,8.05148E+15,4.7623E+16
41454,8,4,15,89,2018,2,9,2,2,5,3,0,0,1,0,0,0,0,1,5.20915E+20,5.36024E+21,9.28255E+15,4.8395E+16
41455,8,4,35,16,2018,2,15,5,3,3,2,0,1,1,0,0,0,0,0,5.37508E+20,5.27863E+21,9.49955E+15,4.76599E+16
41456,8,2,36,25,2018,2,10,2,2,2,7,0,0,1,0,0,0,1,0,4.90394E+20,5.40845E+21,8.86912E+15,4.8829E+16
41457,8,2,22,0,2018,2,20,2,3,5,3,2,0,1,0,0,0,0,1,4.68776E+20,5.47643E+21,8.5693E+15,4.94398E+16
41458,8,1,16,77,2018,2,10,2,3,5,3,0,0,1,0,0,0,0,1,5.17487E+20,5.39136E+21,9.23754E+15,4.86751E+16
41459,8,1,35,19,2018,2,7,5,3,6,4,1,0,1,1,0,0,0,0,5.84979E+20,5.39242E+21,1.01544E+16,4.8679E+16
41460,8,1,16,56,2018,2,20,2,2,5,3,2,0,1,0,0,0,0,0,5.31282E+20,5.39483E+21,9.42519E+15,4.87057E+16
41461,8,2,26,103,2018,2,7,7,3,2,1,0,0,1,0,0,0,1,0,4.71958E+20,5.45907E+21,8.61441E+15,4.92837E+16
41462,8,2,22,0,2018,2,13,3,3,3,6,0,0,1,0,0,0,0,0,4.66144E+20,5.47906E+21,8.53278E+15,4.94633E+16
41463,8,3,17,98,2018,2,13,7,3,5,3,0,0,1,0,0,0,0,1,4.37974E+20,5.36912E+21,8.16081E+15,4.84721E+16
41464,8,1,27,79,2018,2,12,3,2,5,3,0,0,1,0,0,1,0,0,5.62217E+20,5.42343E+21,9.84997E+15,4.89607E+16
41465,8,3,15,108,2018,2,13,7,3,1,6,0,0,1,0,0,0,0,0,4.04662E+20,5.30462E+21,7.72468E+15,4.78878E+16
41466,8,2,21,0,2018,2,2,6,3,9,1,2,0,1,0,0,0,0,0,4.78095E+20,5.47333E+21,8.69802E+15,4.94123E+16
41467,8,4,15,61,2018,2,7,2,3,2,6,1,0,1,0,0,0,0,0,5.14594E+20,5.37181E+21,9.19755E+15,4.84992E+16
41468,8,3,35,43,2018,2,2,2,2,8,1,2,0,1,0,0,0,0,1,5.1168E+20,5.28723E+21,9.15579E+15,4.77384E+16
41469,8,3,27,57,2018,2,1,5,3,8,1,2,0,1,0,0,0,0,2,4.93344E+20,5.30758E+21,8.9109E+15,4.79215E+16
41470,8,2,16,43,2018,2,5,2,3,5,3,2,0,1,0,0,0,0,2,4.42485E+20,5.41254E+21,8.2158E+15,4.88631E+16
41471,8,1,27,103,2018,2,6,2,3,8,1,2,0,1,0,0,0,0,2,5.68884E+20,5.43756E+21,9.94343E+15,4.9087E+16
41472,8,3,17,121,2018,2,3,1,3,8,1,2,0,1,0,0,0,0,0,4.21773E+20,5.34281E+21,7.94655E+15,4.82337E+16
41473,8,1,18,12,2018,2,20,5,3,8,7,2,0,1,0,0,0,0,0,4.97655E+20,5.41278E+21,8.96802E+15,4.8868E+16
41474,8,2,15,17,2018,2,20,7,2,9,1,2,0,1,0,0,0,0,1,4.56558E+20,5.41431E+21,8.40748E+15,4.88802E+16
41475,8,1,11,0,2018,2,19,7,3,2,6,2,0,1,0,0,0,0,0,5.12805E+20,5.40755E+21,9.17445E+15,4.88208E+16
41476,8,2,15,9,2018,2,5,3,3,5,3,2,0,1,0,1,0,0,0,4.68994E+20,5.44131E+21,8.57504E+15,4.91238E+16
41477,8,4,25,31,2018,2,13,3,3,2,6,0,0,0,0,0,1,0,0,5.62372E+20,5.37191E+21,9.84429E+15,4.84972E+16
41478,8,1,27,76,2018,2,7,5,2,2,6,0,0,1,0,0,0,0,0,5.60472E+20,5.43862E+21,9.82839E+15,4.90974E+16
41479,8,2,12,0,2018,2,12,7,3,8,1,0,0,0,0,1,0,0,1,4.52061E+20,5.42774E+21,8.34458E+15,4.90007E+16
41480,8,2,15,111,2018,2,10,7,2,0,1,0,1,0,0,0,0,0,0,4.57491E+20,5.44551E+21,8.41693E+15,4.9161E+16
41481,8,2,36,61,2018,2,16,3,2,4,2,0,0,1,0,1,0,0,0,4.89078E+20,5.43341E+21,8.85051E+15,4.90535E+16
41482,8,2,36,46,2018,2,23,7,3,5,3,2,0,1,0,0,0,0,1,4.83457E+20,5.41866E+21,8.77419E+15,4.89207E+16
41483,8,1,19,20,2018,2,15,3,3,5,3,0,0,1,0,0,0,0,0,5.19763E+20,5.41055E+21,9.26938E+15,4.88476E+16
41484,8,2,22,0,2018,2,8,7,2,3,6,0,0,1,0,0,0,1,1,4.67434E+20,5.48533E+21,8.55006E+15,4.95197E+16
41485,8,1,25,69,2018,2,23,6,3,9,1,2,0,1,0,0,0,0,0,5.23679E+20,5.45393E+21,9.32529E+15,4.92377E+16
41486,8,3,36,84,2018,2,21,2,3,2,6,2,0,1,0,0,0,0,0,4.05603E+20,5.27705E+21,7.74325E+15,4.764E+16
41487,8,3,27,57,2018,2,9,2,3,8,1,0,0,1,0,0,0,0,2,4.91754E+20,5.31295E+21,8.88953E+15,4.79698E+16
41488,8,3,16,53,2018,2,8,5,3,5,3,0,0,1,0,0,1,0,0,4.04423E+20,5.34332E+21,7.71285E+15,4.82359E+16
41489,8,1,15,15,2018,2,6,2,3,3,6,2,0,1,0,0,1,0,1,4.95378E+20,5.388E+21,8.93725E+15,4.86451E+16
41490,8,1,27,8,2018,2,18,2,2,4,1,2,0,1,0,0,1,0,2,5.71322E+20,5.46507E+21,9.98171E+15,4.93342E+16
41491,8,2,35,47,2018,2,23,1,3,9,1,2,0,1,0,0,0,0,2,4.73331E+20,5.3877E+21,8.63797E+15,4.86418E+16