OBJECTID_1,ULAND,UREGBEZ,UKREIS,UGEMEINDE,UJAHR,UMONAT,USTUNDE,UWOCHENTAG,UKATEGORIE,UART,UTYP1,ULICHTVERH,IstRad,IstPKW,IstFuss,IstKrad,IstGkfz,IstSonstig,STRZUSTAND,LINREFX,LINREFY,XGCSWGS84,YGCSWGS84
41681,8,1,18,68,2018,2,7,3,3,2,6,0,0,1,0,0,0,0,0,5.0102E+20,5.42324E+21,9.01393E+15,4.8962E+16
41682,8,4,36,49,2018,2,21,6,2,5,3,2,0,1,0,0,0,0,1,5.78118E+20,5.28136E+21,1.00408E+16,4.76809E+16
41683,8,1,16,56,2018,2,16,7,3,5,7,0,0,1,0,0,0,0,1,5.30608E+20,5.39523E+21,9.41605E+15,4.87094E+16
41684,8,2,15,100,2018,2,14,6,3,2,6,0,0,1,0,0,0,0,0,4.7097E+20,5.45125E+21,8.6014E+15,4.92133E+16
41685,8,4,15,78,2018,2,9,4,3,8,1,0,0,1,0,0,0,0,0,5.29643E+20,5.36999E+21,9.40113E+15,4.84823E+16
41686,8,1,35,26,2018,2,10,2,3,2,6,0,0,1,0,0,0,0,0,5.88314E+20,5.39424E+21,1.02001E+16,4.8695E+16
41687,8,4,36,55,2018,2,21,5,3,5,3,2,0,1,0,0,0,0,0,5.76084E+20,5.29897E+21,1.00168E+16,4.78396E+16
41688,8,2,15,39,2018,2,13,5,3,2,6,0,0,1,0,0,0,0,0,4.71221E+20,5.45255E+21,8.60475E+15,4.9225E+16
41689,8,2,26,106,2018,2,16,2,2,2,6,1,0,1,0,0,0,1,1,4.96466E+20,5.46252E+21,8.95137E+15,4.93154E+16
41690,8,4,37,104,2018,2,9,5,3,4,1,0,0,1,0,0,0,0,2,5.1571E+20,5.32904E+21,9.21106E+15,4.81144E+16
41691,8,4,15,92,2018,2,7,5,3,4,1,1,0,1,0,0,0,0,2,5.20075E+20,5.36475E+21,9.27141E+15,4.84356E+16
41692,8,4,15,78,2018,2,7,4,3,8,1,1,0,1,0,0,0,0,2,5.29649E+20,5.37E+21,9.40122E+15,4.84824E+16
41693,8,4,15,50,2018,2,12,4,3,2,6,0,0,1,0,0,0,0,0,5.20345E+20,5.37654E+21,9.27564E+15,4.85417E+16
41694,8,1,11,0,2018,2,19,1,3,2,6,2,0,1,0,0,0,0,0,5.15362E+20,5.40521E+21,9.20919E+15,4.87997E+16
41695,8,3,26,6,2018,2,7,4,3,4,6,0,0,1,0,0,0,0,0,4.60549E+20,5.30828E+21,8.47188E+15,4.79267E+16
41696,8,1,27,9,2018,2,17,7,3,9,1,1,0,1,0,0,0,0,0,5.58154E+20,5.44719E+21,9.79787E+15,4.91748E+16
41697,8,3,36,91,2018,2,20,4,2,1,6,2,0,1,0,0,1,0,0,3.93448E+20,5.2749E+21,7.582E+15,4.76187E+16
41698,8,2,37,73,2018,2,13,7,3,4,1,0,0,1,0,0,0,0,2,4.64974E+20,5.38093E+21,8.5251E+15,4.85804E+16
41699,8,1,16,70,2018,2,5,4,2,8,1,2,0,1,0,0,0,0,0,5.37218E+20,5.38677E+21,9.50514E+15,4.86328E+16
41700,8,1,16,80,2018,2,18,3,3,2,6,2,0,1,0,0,0,0,0,5.18661E+20,5.39486E+21,9.25364E+15,4.87065E+16
41701,8,2,15,111,2018,2,14,6,2,2,2,0,0,1,0,0,0,0,0,4.58107E+20,5.44746E+21,8.42518E+15,4.91785E+16
41702,8,4,35,35,2018,2,17,6,3,2,6,1,0,1,0,0,0,0,0,5.3992E+20,5.28006E+21,9.53179E+15,4.76727E+16
41703,8,2,15,66,2018,2,7,6,3,1,7,1,0,1,0,0,0,1,0,4.60753E+20,5.44918E+21,8.46132E+15,4.91942E+16
41704,8,3,37,97,2018,2,8,4,2,4,1,0,0,1,0,0,1,0,0,4.36241E+20,5.28967E+21,8.14925E+15,4.77573E+16
41705,8,1,18,54,2018,2,6,2,3,5,2,1,0,1,0,0,0,0,0,5.19396E+20,5.42418E+21,9.26502E+15,4.89702E+16
41706,8,4,26,21,2018,2,15,5,2,8,1,0,0,1,0,0,0,0,1,5.62371E+20,5.32713E+21,9.83766E+15,4.80944E+16
41707,8,2,35,29,2018,2,16,3,2,8,1,0,0,1,0,0,0,0,0,4.87054E+20,5.39406E+21,8.82407E+15,4.86995E+16
41708,8,2,36,38,2018,2,6,5,2,0,1,2,1,0,0,0,0,0,0,4.84973E+20,5.42699E+21,8.79457E+15,4.89957E+16
41709,8,3,37,45,2018,2,14,4,3,4,2,0,0,1,0,0,0,0,0,4.37445E+20,5.28926E+21,8.16538E+15,4.77536E+16
41710,8,4,26,117,2018,2,18,7,2,4,6,2,0,1,0,0,0,0,2,5.82987E+20,5.31831E+21,1.01128E+16,4.80127E+16
41711,8,2,31,0,2018,2,8,4,3,5,3,0,0,1,0,0,0,0,0,4.77584E+20,5.41568E+21,8.69418E+15,4.88937E+16
41712,8,2,26,68,2018,2,15,3,3,2,6,0,0,1,0,0,1,0,0,4.66083E+20,5.46175E+21,8.53341E+15,4.93076E+16
41713,8,4,36,53,2018,2,6,6,2,4,6,1,0,1,0,0,0,0,1,5.30667E+20,5.30901E+21,9.41058E+15,4.79337E+16
41714,8,4,36,11,2018,2,12,6,3,4,6,0,0,1,0,0,0,0,0,5.50492E+20,5.29501E+21,9.67436E+15,4.78065E+16
41715,8,4,36,64,2018,2,9,4,3,2,6,0,0,1,0,0,1,0,0,5.41454E+20,5.29073E+21,9.55324E+15,4.77686E+16
41716,8,1,36,10,2018,2,17,7,3,8,1,2,0,1,0,0,0,0,2,5.95132E+20,5.41352E+21,1.02972E+16,4.88673E+16
41717,8,3,27,50,2018,2,10,3,3,4,1,0,0,1,0,0,1,0,0,4.85211E+20,5.31427E+21,8.80181E+15,4.79815E+16
41718,8,3,26,52,2018,2,10,4,3,8,1,0,0,1,0,0,0,0,2,4.50117E+20,5.33348E+21,8.3293E+15,4.81526E+16
41719,8,4,37,100,2018,2,13,7,3,9,1,0,0,1,0,0,0,0,2,5.3726E+20,5.32156E+21,9.49995E+15,4.80463E+16
41720,8,2,12,0,2018,2,14,4,3,5,3,0,1,0,0,1,0,0,0,4.54781E+20,5.42826E+21,8.3817E+15,4.90055E+16
41721,8,1,16,42,2018,2,19,7,3,1,6,2,0,1,0,0,0,0,0,5.16901E+20,5.38147E+21,9.22917E+15,4.85861E+16
41722,8,3,17,59,2018,2,13,4,3,2,6,0,0,1,0,0,0,0,0,4.11953E+20,5.35108E+21,7.81261E+15,4.83068E+16
41723,8,2,15,107,2018,2,10,7,3,2,3,0,0,1,0,0,0,1,2,4.63853E+20,5.45553E+21,8.5033E+15,4.92515E+16
41724,8,4,36,12,2018,2,7,3,3,5,3,1,0,1,0,0,0,0,0,5.47851E+20,5.29983E+21,9.63963E+15,4.785E+16
41725,8,4,16,15,2018,2,12,2,3,8,7,0,0,1,1,0,0,0,1,5.09123E+20,5.36857E+21,9.12342E+15,4.84702E+16
41726,8,2,16,8,2018,2,10,6,3,5,3,0,0,1,0,0,0,1,0,4.39789E+20,5.39097E+21,8.18221E+15,4.86689E+16
41727,8,1,17,26,2018,2,0,6,2,8,1,2,0,1,0,0,0,0,2,5.50734E+20,5.39679E+21,9.68981E+15,4.87221E+16
41728,8,1,27,25,2018,2,9,6,2,6,4,0,0,1,1,0,0,0,0,5.56254E+20,5.42763E+21,9.76909E+15,4.8999E+16
41729,8,3,17,57,2018,2,16,4,3,2,6,0,0,1,0,0,0,0,0,4.12025E+20,5.38099E+21,7.8073E+15,4.85758E+16
41730,8,1,16,77,2018,2,8,2,3,2,6,0,0,1,0,0,0,0,1,5.14923E+20,5.38995E+21,9.20265E+15,4.86625E+16
41731,8,3,25,61,2018,2,19,5,3,3,6,2,0,1,0,0,1,0,1,4.74616E+20,5.35469E+21,8.65742E+15,4.83449E+16
41732,8,2,25,14,2018,2,20,1,3,8,1,2,0,1,0,0,0,0,1,5.21608E+20,5.48365E+21,9.29845E+15,4.95051E+16
41733,8,2,15,9,2018,2,18,5,3,1,7,2,0,1,0,0,0,0,0,4.73861E+20,5.43891E+21,8.6419E+15,4.91025E+16
41734,8,3,17,65,2018,2,13,4,2,4,7,0,0,1,0,0,0,0,0,4.14583E+20,5.35611E+21,7.84705E+15,4.83524E+16
41735,8,4,17,13,2018,2,9,7,2,4,1,0,0,1,0,0,0,1,2,5.10044E+20,5.34981E+21,9.13544E+15,4.83015E+16
41736,8,2,16,43,2018,2,18,4,3,3,3,1,0,1,0,0,0,0,0,4.44434E+20,5.41257E+21,8.24236E+15,4.88636E+16
41737,8,2,15,17,2018,2,16,3,3,1,6,0,0,1,0,0,0,0,0,4.56165E+20,5.42302E+21,8.40118E+15,4.89585E+16
41738,8,4,26,71,2018,2,18,6,3,5,3,2,0,1,0,0,0,1,0,5.62962E+20,5.33357E+21,9.84654E+15,4.81522E+16
41739,8,4,25,33,2018,2,21,6,3,9,1,2,0,1,0,0,0,0,2,5.55651E+20,5.34302E+21,9.74949E+15,4.82379E+16
41740,8,3,36,84,2018,2,13,4,1,4,6,0,0,1,0,0,1,0,0,4.0614E+20,5.27732E+21,7.75035E+15,4.76425E+16
41741,8,1,19,67,2018,2,20,7,3,8,1,2,0,1,0,0,0,0,2,5.40829E+20,5.40479E+21,9.55593E+15,4.87948E+16
41742,8,2,12,0,2018,2,19,2,3,3,6,2,0,1,0,0,0,0,0,4.52651E+20,5.42907E+21,8.35248E+15,4.90127E+16
41743,8,1,18,46,2018,2,11,6,3,2,6,0,0,1,0,0,1,0,0,5.14435E+20,5.41246E+21,9.19682E+15,4.88649E+16
41744,8,4,25,39,2018,2,5,6,2,8,1,2,0,1,0,0,0,0,2,5.57612E+20,5.35553E+21,9.77761E+15,4.83503E+16
41745,8,4,36,3,2018,2,12,5,3,8,1,0,0,1,0,0,0,0,2,5.81592E+20,5.30691E+21,1.00919E+16,4.79103E+16
41746,8,2,26,103,2018,2,12,4,3,2,6,0,0,1,0,0,0,0,0,4.71016E+20,5.45595E+21,8.60169E+15,4.92556E+16
41747,8,3,17,150,2018,2,7,5,3,5,3,0,0,1,0,0,0,0,1,4.07874E+20,5.35981E+21,7.7557E+15,4.83847E+16
41748,8,1,18,50,2018,2,13,1,2,8,7,0,0,1,0,0,0,0,1,5.06813E+20,5.41724E+21,9.09298E+15,4.89081E+16
41749,8,3,26,10,2018,2,15,2,3,0,6,0,0,1,0,0,1,0,1,4.6448E+20,5.32594E+21,8.52304E+15,4.80858E+16
41750,8,1,27,14,2018,2,18,6,3,0,1,1,0,1,0,0,0,1,0,5.75071E+20,5.44354E+21,1.00293E+16,4.91401E+16
41751,8,1,15,42,2018,2,20,6,3,8,7,2,0,1,0,0,0,0,0,4.97278E+20,5.40801E+21,8.96292E+15,4.88251E+16
41752,8,2,36,46,2018,2,20,4,2,0,7,2,0,0,0,0,1,1,0,4.83384E+20,5.4172E+21,8.77325E+15,4.89075E+16
41753,8,4,35,16,2018,2,9,1,3,2,6,0,0,1,0,0,0,0,1,5.37267E+20,5.27966E+21,9.49642E+15,4.76693E+16
41754,8,3,36,50,2018,2,7,5,3,1,6,1,0,1,0,0,0,0,2,3.99335E+20,5.27566E+21,7.66016E+15,4.76265E+16
41755,8,1,27,86,2018,2,13,1,3,2,2,0,0,1,0,0,0,0,0,5.53431E+20,5.44347E+21,9.7326E+15,4.91418E+16
41756,8,1,25,79,2018,2,17,5,3,1,6,2,0,1,0,0,0,0,0,5.12228E+20,5.45393E+21,9.16798E+15,4.9238E+16
41757,8,2,22,0,2018,2,11,4,3,2,6,0,0,1,0,0,0,0,0,4.65016E+20,5.47956E+21,8.51716E+15,4.94677E+16
41758,8,3,37,76,2018,2,20,7,2,6,4,2,0,1,1,0,0,0,1,4.26695E+20,5.26718E+21,8.02567E+15,4.75539E+16
41759,8,1,36,87,2018,2,21,4,3,5,3,2,0,1,0,0,1,0,1,6.05245E+20,5.41179E+21,1.04346E+16,4.88502E+16
41760,8,1,35,20,2018,2,6,3,3,5,3,2,1,1,0,0,0,0,0,5.84772E+20,5.38748E+21,1.01506E+16,4.86346E+16
41761,8,4,25,79,2018,2,9,6,3,2,1,0,0,1,0,0,0,0,1,5.55117E+20,5.37361E+21,9.74631E+15,4.85132E+16
41762,8,3,35,21,2018,2,2,6,3,8,1,2,0,1,0,0,0,0,2,4.97044E+20,5.30692E+21,8.96044E+15,4.79156E+16
41763,8,2,26,105,2018,2,15,4,3,2,6,0,0,1,0,0,0,1,0,4.71818E+20,5.47545E+21,8.61134E+15,4.9431E+16
41764,8,1,17,18,2018,2,15,7,2,9,1,0,0,1,0,0,0,0,1,5.41451E+20,5.39557E+21,9.56348E+15,4.87118E+16
41765,8,2,36,73,2018,2,11,2,3,1,6,0,0,1,0,0,0,1,1,4.79475E+20,5.42062E+21,8.71973E+15,4.89382E+16
41766,8,1,16,78,2018,2,15,6,3,9,1,0,0,1,0,0,0,0,0,5.13357E+20,5.39198E+21,9.18146E+15,4.86807E+16
41767,8,4,25,135,2018,2,8,5,3,4,6,0,0,1,0,0,0,0,1,5.68672E+20,5.37241E+21,9.92964E+15,4.8501E+16
41768,8,2,22,0,2018,2,11,4,2,3,6,0,0,1,0,0,1,0,0,4.66616E+20,5.47884E+21,8.53931E+15,4.94613E+16
41769,8,2,12,0,2018,2,14,4,3,1,5,0,0,1,0,1,0,0,0,4.55178E+20,5.42843E+21,8.38711E+15,4.90071E+16
41770,8,1,11,0,2018,2,2,1,2,8,7,2,0,1,0,0,0,0,2,5.17798E+20,5.40406E+21,9.24232E+15,4.87893E+16
41771,8,4,25,20,2018,2,12,4,3,9,1,0,0,1,0,0,0,0,0,5.61249E+20,5.36125E+21,9.82752E+15,4.84015E+16
41772,8,2,15,101,2018,2,9,4,3,3,6,0,0,1,0,0,0,0,0,4.64767E+20,5.4281E+21,8.51824E+15,4.90048E+16
41773,8,2,37,61,2018,2,9,7,3,8,1,0,0,1,0,0,0,0,2,4.66798E+20,5.36764E+21,8.55089E+15,4.84611E+16
41774,8,1,18,11,2018,2,17,4,3,2,6,0,0,1,0,0,0,0,0,5.05042E+20,5.40777E+21,9.0687E+15,4.88228E+16
41775,8,1,18,81,2018,2,6,3,3,2,6,0,0,1,0,0,0,0,0,5.19558E+20,5.41461E+21,9.26678E+15,4.88841E+16
41776,8,1,16,80,2018,2,18,5,3,2,6,2,0,1,0,0,0,0,0,5.22319E+20,5.39513E+21,9.30337E+15,4.87088E+16
41777,8,2,31,0,2018,2,12,4,3,6,4,0,0,0,1,1,0,0,0,4.78507E+20,5.41581E+21,8.70677E+15,4.88949E+16
41778,8,3,25,49,2018,2,14,7,3,4,1,0,0,1,0,0,0,0,2,4.70735E+20,5.33487E+21,8.60642E+15,4.81664E+16
41779,8,1,25,65,2018,2,8,4,3,9,1,0,0,1,0,0,0,0,0,5.20999E+20,5.45123E+21,9.28834E+15,4.92135E+16
41780,8,1,25,94,2018,2,6,3,3,4,6,2,1,1,0,0,0,0,0,5.13304E+20,5.43795E+21,9.18224E+15,4.90942E+16
41781,8,4,17,2,2018,2,11,6,3,5,3,0,0,1,0,0,0,0,1,4.89056E+20,5.34279E+21,8.8526E+15,4.82382E+16
41782,8,3,17,1,2018,2,15,6,3,5,3,0,0,1,0,0,0,0,0,4.31984E+20,5.38663E+21,8.07692E+15,4.8629E+16
41783,8,2,35,46,2018,2,6,4,2,5,3,2,0,1,0,0,0,0,0,4.81889E+20,5.37666E+21,8.75463E+15,4.85427E+16
41784,8,1,36,65,2018,2,6,2,3,6,4,2,0,1,1,0,0,0,0,5.58837E+20,5.40593E+21,9.80128E+15,4.88035E+16
41785,8,4,36,55,2018,2,7,5,3,9,1,0,0,1,0,0,0,0,2,5.7413E+20,5.29963E+21,9.99082E+15,4.78457E+16
41786,8,4,37,114,2018,2,20,5,2,8,1,2,0,0,0,1,0,0,0,5.15678E+20,5.32869E+21,9.21062E+15,4.81113E+16
41787,8,2,31,0,2018,2,14,4,3,1,6,0,0,1,0,0,0,0,0,4.77612E+20,5.41148E+21,8.69479E+15,4.88559E+16
41788,8,2,31,0,2018,2,18,4,3,4,2,2,0,1,0,0,0,0,0,4.77803E+20,5.41567E+21,8.69716E+15,4.88936E+16
41789,8,4,37,123,2018,2,9,7,3,9,1,0,0,1,0,0,0,0,2,5.10467E+20,5.30922E+21,9.14014E+15,4.79362E+16
41790,8,2,26,103,2018,2,12,4,2,2,7,0,0,0,0,0,1,0,0,4.72259E+20,5.45843E+21,8.6186E+15,4.9278E+16
41791,8,1,19,91,2018,2,12,7,3,6,4,0,0,1,1,0,0,0,0,5.28225E+20,5.40574E+21,9.38438E+15,4.8804E+16
41792,8,2,36,40,2018,2,17,4,3,2,6,0,0,1,0,0,0,0,0,4.89231E+20,5.42161E+21,8.85292E+15,4.89474E+16
41793,8,2,35,85,2018,2,11,7,3,4,1,0,0,1,0,0,0,0,2,4.80497E+20,5.39548E+21,8.73488E+15,4.8712E+16
41794,8,1,15,21,2018,2,5,4,3,2,2,2,0,1,0,0,0,0,0,4.93504E+20,5.38041E+21,8.91193E+15,4.85768E+16
41795,8,4,36,52,2018,2,13,2,2,8,1,0,0,1,0,0,0,0,0,5.65619E+20,5.29024E+21,9.87565E+15,4.77621E+16
41796,8,2,31,0,2018,2,11,6,3,6,4,0,0,1,1,0,0,0,1,4.78507E+20,5.41581E+21,8.70677E+15,4.88949E+16
41797,8,4,17,79,2018,2,8,6,3,5,3,0,0,1,0,0,0,0,1,5.00804E+20,5.34454E+21,9.01083E+15,4.82541E+16
41798,8,1,18,78,2018,2,14,6,3,3,6,0,0,1,0,0,0,0,0,5.14023E+20,5.42054E+21,9.19148E+15,4.89376E+16
41799,8,2,36,19,2018,2,8,4,3,4,6,0,0,1,0,0,0,0,0,4.87808E+20,5.40768E+21,8.8339E+15,4.8822E+16
41800,8,1,17,51,2018,2,8,2,3,2,6,0,0,1,0,0,0,0,0,5.42649E+20,5.39416E+21,9.57961E+15,4.86991E+16
41801,8,4,25,139,2018,2,23,5,3,8,6,2,0,1,0,0,0,0,2,5.47324E+20,5.36301E+21,9.63959E+15,4.84185E+16
41802,8,2,26,103,2018,2,17,1,3,2,6,1,0,1,0,0,0,0,0,4.71618E+20,5.45711E+21,8.60989E+15,4.92661E+16
41803,8,2,26,84,2018,2,13,5,2,5,3,0,1,1,0,0,0,0,0,4.67411E+20,5.47144E+21,8.55088E+15,4.93947E+16
41804,8,3,11,0,2018,2,16,6,3,5,3,0,1,0,0,0,0,1,0,4.13366E+20,5.31614E+21,7.83877E+15,4.79927E+16
41805,8,4,15,50,2018,2,6,6,3,2,6,1,0,1,0,0,0,0,2,5.19421E+20,5.37742E+21,9.26316E+15,4.85495E+16
41806,8,2,26,56,2018,2,6,6,2,6,4,2,0,1,1,0,0,0,0,4.84591E+20,5.47129E+21,8.78765E+15,4.93941E+16
41807,8,2,26,96,2018,2,12,4,2,3,3,0,1,1,0,0,0,0,0,4.75709E+20,5.48838E+21,8.6642E+15,4.95476E+16
41808,8,1,28,14,2018,2,16,2,3,5,3,0,0,1,0,0,0,0,0,5.46303E+20,5.48089E+21,9.6392E+15,4.94789E+16
41809,8,4,35,35,2018,2,20,5,3,0,7,2,1,0,0,0,0,0,1,5.41504E+20,5.28324E+21,9.5532E+15,4.77012E+16
41810,8,2,15,96,2018,2,11,5,3,2,6,0,0,1,0,0,1,0,0,4.64537E+20,5.41815E+21,8.51597E+15,4.89153E+16
41811,8,2,26,3,2018,2,11,4,3,1,6,0,0,1,0,0,0,0,0,4.60464E+20,5.46295E+21,8.45599E+15,4.9318E+16
41812,8,4,36,8,2018,2,12,7,3,4,1,0,0,1,0,0,0,0,2,5.45005E+20,5.31036E+21,9.60268E+15,4.79449E+16
41813,8,2,35,79,2018,2,18,4,3,2,6,2,0,1,0,0,1,0,0,4.69106E+20,5.40353E+21,8.57943E+15,4.8784E+16
41814,8,2,15,110,2018,2,18,3,2,5,3,2,0,1,0,0,1,0,0,4.61927E+20,5.42049E+21,8.48013E+15,4.89362E+16
41815,8,3,36,91,2018,2,8,6,3,9,1,0,0,0,0,1,0,0,1,3.93304E+20,5.275E+21,7.58007E+15,4.76196E+16
41816,8,1,11,0,2018,2,16,7,3,2,6,0,0,1,0,0,0,0,0,5.14953E+20,5.40478E+21,9.2036E+15,4.87958E+16
41817,8,2,26,3,2018,2,12,4,3,2,6,0,0,1,0,0,0,0,0,4.60699E+20,5.4631E+21,8.45921E+15,4.93194E+16
41818,8,2,12,0,2018,2,18,7,3,5,2,2,1,1,0,0,0,0,1,4.5286E+20,5.4298E+21,8.35526E+15,4.90193E+16
41819,8,4,35,45,2018,2,7,3,3,5,3,1,1,1,0,0,0,0,0,5.36216E+20,5.28764E+21,9.48308E+15,4.77411E+16
41820,8,3,26,61,2018,2,6,2,3,5,3,1,0,1,0,0,0,0,0,4.71706E+20,5.32023E+21,8.62045E+15,4.80348E+16
41821,8,1,36,70,2018,2,22,6,2,8,1,2,0,1,0,0,0,0,2,5.61184E+20,5.41392E+21,9.83442E+15,4.88752E+16
41822,8,3,36,14,2018,2,1,6,3,9,1,2,0,1,0,0,0,0,1,3.89086E+20,5.28233E+21,7.52209E+15,4.76849E+16
41823,8,1,18,48,2018,2,11,6,3,5,3,0,0,1,0,0,0,0,0,5.14778E+20,5.41518E+21,9.2016E+15,4.88894E+16
41824,8,2,16,15,2018,2,16,4,3,5,3,0,0,1,0,0,0,0,0,4.50164E+20,5.40535E+21,8.32137E+15,4.87991E+16
41825,8,1,15,13,2018,2,12,7,3,4,1,0,0,1,0,0,0,0,2,4.94613E+20,5.38904E+21,8.92685E+15,4.86544E+16
41826,8,1,16,58,2018,2,13,2,3,3,6,0,0,1,0,0,0,0,0,5.32725E+20,5.39456E+21,9.44477E+15,4.87032E+16
41827,8,3,37,22,2018,2,18,5,2,8,1,2,0,1,0,0,0,0,1,4.49813E+20,5.29169E+21,8.3301E+15,4.77766E+16
41828,8,2,15,111,2018,2,9,1,2,0,1,0,1,0,0,0,0,0,2,4.58171E+20,5.4484E+21,8.42597E+15,4.91869E+16
41829,8,1,35,15,2018,2,15,5,3,2,6,0,0,1,0,0,0,0,2,5.75598E+20,5.38481E+21,1.00256E+16,4.86118E+16
41830,8,1,11,0,2018,2,16,4,2,2,6,0,0,1,0,0,0,0,0,5.0662E+20,5.40896E+21,9.09021E+15,4.88336E+16
41831,8,4,15,19,2018,2,7,7,3,9,1,0,0,1,0,0,0,0,0,5.18926E+20,5.37014E+21,9.25612E+15,4.84841E+16
41832,8,2,12,0,2018,2,16,4,3,2,6,0,0,1,0,0,0,0,0,4.63019E+20,5.42154E+21,8.49494E+15,4.89457E+16
41833,8,2,16,7,2018,2,19,3,2,3,6,2,0,1,0,0,1,0,0,4.34068E+20,5.39748E+21,8.10347E+15,4.87269E+16
41834,8,3,11,0,2018,2,8,6,3,8,1,0,0,1,0,0,0,0,1,4.05459E+20,5.31475E+21,7.73312E+15,4.7979E+16
41835,8,1,15,21,2018,2,11,4,3,2,6,0,0,1,0,0,1,0,0,4.92463E+20,5.38178E+21,8.8978E+15,4.8589E+16
41836,8,4,21,0,2018,2,12,7,3,0,3,0,0,1,0,0,0,0,2,5.71956E+20,5.36371E+21,9.97258E+15,4.84224E+16
41837,8,2,26,103,2018,2,13,4,2,5,3,0,0,1,0,0,0,0,0,4.74391E+20,5.45489E+21,8.64813E+15,4.92463E+16
41838,8,2,22,0,2018,2,14,3,3,3,2,0,0,1,0,0,0,1,0,4.61904E+20,5.48136E+21,8.47405E+15,4.94837E+16
41839,8,3,37,60,2018,2,14,6,3,1,1,0,0,1,0,0,0,0,0,4.67903E+20,5.27768E+21,8.57258E+15,4.76517E+16
41840,8,4,35,16,2018,2,7,6,3,2,6,0,0,1,0,0,0,0,0,5.35664E+20,5.27948E+21,9.47505E+15,4.76677E+16
41841,8,1,18,51,2018,2,8,4,3,2,6,0,0,1,0,0,1,0,0,5.1021E+20,5.41366E+21,9.13924E+15,4.88758E+16
41842,8,1,26,58,2018,2,13,7,3,8,1,0,0,1,0,0,0,0,2,5.46067E+20,5.4531E+21,9.63273E+15,4.92289E+16
41843,8,3,16,11,2018,2,12,3,3,5,2,0,0,1,0,0,0,0,0,4.12685E+20,5.33131E+21,7.82655E+15,4.81291E+16
41844,8,3,16,2,2018,2,9,2,3,5,3,0,0,1,0,0,0,0,0,4.06661E+20,5.33041E+21,7.74581E+15,4.81201E+16
41845,8,1,25,98,2018,2,17,6,3,4,1,0,0,1,0,1,0,0,0,5.25193E+20,5.4371E+21,9.34503E+15,4.90863E+16
41846,8,3,35,99,2018,2,11,6,3,9,1,0,0,0,0,0,0,1,0,4.97316E+20,5.29764E+21,8.96413E+15,4.78321E+16
41847,8,4,37,123,2018,2,22,5,3,9,1,2,0,1,0,0,0,0,2,5.03326E+20,5.31133E+21,9.04455E+15,4.79552E+16
41848,8,1,36,28,2018,2,7,4,3,4,1,1,0,1,0,0,0,0,1,5.7196E+20,5.40614E+21,9.98E+15,4.88041E+16
41849,8,4,17,44,2018,2,11,1,3,4,2,0,0,1,0,0,0,0,1,4.96264E+20,5.33542E+21,8.94975E+15,4.8172E+16
41850,8,3,27,50,2018,2,15,5,3,3,6,0,0,1,0,0,1,0,1,4.85236E+20,5.31436E+21,8.80215E+15,4.79824E+16
41851,8,1,27,23,2018,2,0,1,2,9,1,2,0,1,0,0,0,0,2,5.49694E+20,5.42553E+21,9.67916E+15,4.89807E+16
41852,8,1,18,70,2018,2,13,5,3,5,3,0,0,1,0,0,0,0,0,5.19981E+20,5.42418E+21,9.27301E+15,4.89702E+16
41853,8,1,16,19,2018,2,9,7,3,5,3,0,0,1,0,0,0,0,0,5.22149E+20,5.39807E+21,9.30122E+15,4.87353E+16
41854,8,1,36,65,2018,2,11,4,3,9,7,0,0,1,0,0,0,0,0,5.59106E+20,5.40467E+21,9.80476E+15,4.87922E+16
41855,8,3,35,96,2018,2,11,7,3,8,1,0,0,1,0,0,0,0,2,5.10346E+20,5.30223E+21,9.13835E+15,4.78733E+16
41856,8,1,27,59,2018,2,8,4,3,2,6,0,0,1,0,0,0,0,0,5.50387E+20,5.43908E+21,9.69031E+15,4.91025E+16
41857,8,1,27,73,2018,2,8,3,3,2,6,0,0,1,0,0,0,0,1,5.78086E+20,5.44827E+21,1.00715E+16,4.91823E+16
41858,8,4,36,9,2018,2,5,6,2,4,2,2,0,1,0,0,0,0,1,5.56002E+20,5.30815E+21,9.74965E+15,4.79242E+16
41859,8,3,26,68,2018,2,11,6,2,4,1,0,0,1,0,0,0,0,2,4.49817E+20,5.31711E+21,8.3272E+15,4.80053E+16
41860,8,1,35,16,2018,2,17,4,3,5,3,0,0,1,0,0,0,0,0,5.91256E+20,5.38654E+21,1.02384E+16,4.86253E+16
41861,8,2,36,40,2018,2,6,2,3,2,6,2,0,1,0,0,0,0,0,4.89019E+20,5.42157E+21,8.85002E+15,4.89469E+16
41862,8,1,11,0,2018,2,8,6,3,5,3,0,0,1,0,0,0,0,1,5.13208E+20,5.41012E+21,9.18002E+15,4.88439E+16
41863,8,3,26,5,2018,2,9,6,3,5,3,0,0,1,0,0,0,0,1,4.66716E+20,5.29918E+21,8.55514E+15,4.78451E+16
41864,8,4,15,60,2018,2,11,5,2,5,3,0,0,1,0,0,0,0,0,5.1426E+20,5.38208E+21,9.19339E+15,4.85916E+16
41865,8,1,27,99,2018,2,4,4,3,5,2,2,0,1,0,0,0,0,0,5.63054E+20,5.44727E+21,9.86511E+15,4.9175E+16
41866,8,4,16,49,2018,2,15,6,2,2,6,0,0,1,0,0,0,0,0,4.8874E+20,5.37206E+21,8.84757E+15,4.85016E+16
41867,8,1,27,25,2018,2,12,4,2,2,2,0,0,1,0,0,0,1,0,5.54376E+20,5.42347E+21,9.74287E+15,4.89618E+16
41868,8,1,19,67,2018,2,15,7,2,9,1,0,0,1,0,0,0,0,2,5.41371E+20,5.40113E+21,9.56294E+15,4.87618E+16