OBJECTID_1,ULAND,UREGBEZ,UKREIS,UGEMEINDE,UJAHR,UMONAT,USTUNDE,UWOCHENTAG,UKATEGORIE,UART,UTYP1,ULICHTVERH,IstRad,IstPKW,IstFuss,IstKrad,IstGkfz,IstSonstig,STRZUSTAND,LINREFX,LINREFY,XGCSWGS84,YGCSWGS84
41869,8,2,37,28,2018,2,15,2,3,5,3,0,0,1,0,0,0,0,1,4.58312E+20,5.3677E+21,8.4361E+15,4.8461E+16
41870,8,4,25,31,2018,2,6,6,3,8,1,2,0,0,0,0,1,0,0,5.62962E+20,5.37109E+21,9.85215E+15,4.84898E+16
41871,8,3,26,6,2018,2,16,6,3,5,3,0,0,1,0,0,0,1,1,4.52427E+20,5.30977E+21,8.363E+15,4.79394E+16
41872,8,4,26,97,2018,2,17,5,3,8,1,2,0,1,0,0,0,0,2,5.32123E+20,5.33524E+21,9.43205E+15,4.81696E+16
41873,8,1,19,79,2018,2,16,4,3,2,6,0,0,1,0,0,0,0,0,5.213E+20,5.41204E+21,9.29041E+15,4.8861E+16
41874,8,3,17,96,2018,2,5,5,2,8,1,2,0,1,0,0,0,0,1,4.22557E+20,5.3761E+21,7.95096E+15,4.85333E+16
41875,8,1,17,10,2018,2,11,1,3,6,7,0,0,1,1,0,0,0,2,5.6665E+20,5.39447E+21,9.90581E+15,4.86997E+16
41876,8,1,15,28,2018,2,8,5,3,5,3,0,1,1,0,0,0,0,0,5.00753E+20,5.40456E+21,9.01026E+15,4.8794E+16
41877,8,1,19,76,2018,2,6,4,3,1,1,2,0,1,0,0,0,0,2,5.41937E+20,5.40684E+21,9.57123E+15,4.88132E+16
41878,8,3,17,96,2018,2,3,7,3,8,1,2,0,1,0,0,0,0,0,4.2235E+20,5.36412E+21,7.95039E+15,4.84254E+16
41879,8,1,19,67,2018,2,14,4,3,2,6,0,0,1,0,0,0,0,0,5.38746E+20,5.40534E+21,9.52762E+15,4.87998E+16
41880,8,1,19,79,2018,2,10,3,3,2,1,0,0,1,0,0,0,0,0,5.24137E+20,5.40852E+21,9.32887E+15,4.88292E+16
41881,8,3,17,151,2018,2,23,6,3,9,7,2,0,1,0,0,0,0,0,4.09963E+20,5.37201E+21,7.78129E+15,4.84947E+16
41882,8,3,11,0,2018,2,6,6,3,2,6,1,0,1,0,0,0,0,0,4.13412E+20,5.31625E+21,7.83936E+15,4.79937E+16
41883,8,1,18,48,2018,2,19,4,3,2,6,2,0,1,0,0,0,0,0,5.12903E+20,5.41529E+21,9.17603E+15,4.88904E+16
41884,8,1,36,19,2018,2,14,2,3,5,2,0,0,1,0,0,0,0,0,5.82675E+20,5.42458E+21,1.01296E+16,4.89686E+16
41885,8,4,36,10,2018,2,18,5,3,8,1,2,0,1,0,0,0,0,2,5.64759E+20,5.29911E+21,9.8655E+15,4.78421E+16
41886,8,2,26,95,2018,2,20,5,3,2,6,2,0,1,0,0,0,0,0,4.70742E+20,5.46033E+21,8.5976E+15,4.9295E+16
41887,8,1,18,48,2018,2,6,4,3,6,2,2,0,1,1,0,0,0,0,5.14248E+20,5.41498E+21,9.19436E+15,4.88876E+16
41888,8,4,37,123,2018,2,11,7,3,9,1,0,0,1,0,0,0,0,2,5.03497E+20,5.30943E+21,9.04683E+15,4.79382E+16
41889,8,2,26,96,2018,2,11,4,3,2,6,0,0,1,0,0,0,0,0,4.73084E+20,5.48834E+21,8.62791E+15,4.95471E+16
41890,8,1,17,28,2018,2,6,7,3,2,6,2,0,1,0,0,0,0,0,5.47411E+20,5.38311E+21,9.64306E+15,4.85993E+16
41891,8,4,25,84,2018,2,14,4,3,2,6,0,0,1,0,0,0,0,0,5.59941E+20,5.37431E+21,9.81172E+15,4.8519E+16
41892,8,1,11,0,2018,2,15,1,3,2,2,0,0,1,0,0,0,0,1,5.13027E+20,5.407E+21,9.17746E+15,4.88158E+16
41893,8,3,35,77,2018,2,15,4,2,3,6,0,0,1,0,0,0,0,0,4.93881E+20,5.29068E+21,8.91834E+15,4.77695E+16
41894,8,1,27,14,2018,2,18,7,3,8,1,1,0,1,0,0,0,0,0,5.77209E+20,5.44383E+21,1.00586E+16,4.91424E+16
41895,8,1,16,36,2018,2,10,4,3,5,2,0,0,1,0,0,0,0,0,5.24487E+20,5.37836E+21,9.33185E+15,4.85578E+16
41896,8,2,37,2,2018,2,9,7,3,4,1,0,0,1,0,0,0,0,2,4.56398E+20,5.35775E+21,8.41125E+15,4.83714E+16
41897,8,4,25,134,2018,2,7,4,3,4,6,0,0,1,0,0,0,0,1,5.45589E+20,5.37077E+21,9.617E+15,4.84884E+16
41898,8,1,17,24,2018,2,11,3,2,1,6,0,0,0,0,0,1,0,0,5.59555E+20,5.38674E+21,9.80828E+15,4.86309E+16
41899,8,2,12,0,2018,2,22,6,2,5,2,2,1,1,0,0,0,0,0,4.55205E+20,5.4288E+21,8.38743E+15,4.90105E+16
41900,8,3,17,153,2018,2,14,6,3,1,3,0,0,1,0,1,0,0,0,4.20587E+20,5.39259E+21,7.92113E+15,4.86813E+16
41901,8,2,16,17,2018,2,7,6,3,8,1,0,0,1,0,0,0,0,0,4.47786E+20,5.40233E+21,8.28937E+15,4.87718E+16
41902,8,1,16,14,2018,2,15,4,3,2,6,0,0,1,0,0,0,0,0,5.27651E+20,5.39591E+21,9.37591E+15,4.87156E+16
41903,8,1,18,76,2018,2,19,2,3,2,6,2,0,1,0,0,0,0,0,5.04628E+20,5.42295E+21,9.06322E+15,4.89594E+16
41904,8,4,37,31,2018,2,18,5,3,9,7,2,0,1,0,0,0,0,1,5.14531E+20,5.34338E+21,9.19572E+15,4.82435E+16
41905,8,2,36,40,2018,2,16,3,3,4,2,0,1,1,1,0,0,0,0,4.92376E+20,5.41776E+21,8.89595E+15,4.89128E+16
41906,8,2,31,0,2018,2,11,5,3,2,6,0,0,1,0,0,0,0,0,4.79312E+20,5.41748E+21,8.71767E+15,4.89099E+16
41907,8,1,15,45,2018,2,15,4,3,5,7,0,1,1,0,0,0,0,0,4.9871E+20,5.39716E+21,8.98245E+15,4.87274E+16
41908,8,4,26,58,2018,2,8,7,2,4,6,0,0,1,0,0,0,0,2,5.58202E+20,5.31898E+21,9.78056E+15,4.80215E+16
41909,8,2,36,39,2018,2,15,4,1,4,1,0,0,1,0,0,1,0,0,4.9193E+20,5.41158E+21,8.88998E+15,4.88571E+16
41910,8,2,31,0,2018,2,6,3,3,5,2,2,0,1,0,0,0,0,0,4.77801E+20,5.41567E+21,8.69714E+15,4.88936E+16
41911,8,3,17,96,2018,2,7,6,3,3,7,0,0,1,0,0,0,0,0,4.20575E+20,5.3753E+21,7.92428E+15,4.85258E+16
41912,8,4,37,56,2018,2,16,6,3,5,3,0,0,1,0,0,0,0,1,5.2655E+20,5.30066E+21,9.35495E+15,4.78587E+16
41913,8,1,15,28,2018,2,9,4,3,2,6,0,0,1,0,0,0,0,0,4.99798E+20,5.40487E+21,8.99725E+15,4.87968E+16
41914,8,1,36,35,2018,2,14,7,3,5,7,0,0,1,0,0,0,0,2,5.82326E+20,5.43229E+21,1.01264E+16,4.9038E+16
41915,8,4,25,20,2018,2,16,3,3,2,6,0,0,1,0,0,0,0,1,5.59599E+20,5.36101E+21,9.8052E+15,4.83994E+16
41916,8,3,26,61,2018,2,16,2,3,4,2,0,0,1,0,0,0,0,1,4.72711E+20,5.31933E+21,8.63399E+15,4.80267E+16
41917,8,1,36,65,2018,2,23,6,3,4,1,2,0,1,0,0,0,0,1,5.58784E+20,5.40607E+21,9.80057E+15,4.88049E+16
41918,8,3,11,0,2018,2,9,6,3,2,6,0,0,1,0,0,1,0,0,4.1214E+20,5.31878E+21,7.8218E+15,4.80163E+16
41919,8,1,16,33,2018,2,20,6,3,3,1,2,0,1,0,0,1,0,0,5.35614E+20,5.3864E+21,9.48334E+15,4.86297E+16
41920,8,1,11,0,2018,2,15,4,2,8,1,0,0,1,0,0,0,0,0,5.13204E+20,5.40057E+21,9.17966E+15,4.8758E+16
41921,8,4,35,16,2018,2,5,3,2,6,4,2,0,1,1,0,0,0,1,5.37513E+20,5.27845E+21,9.4996E+15,4.76584E+16
41922,8,2,26,68,2018,2,10,7,3,1,3,0,0,1,0,0,0,0,1,4.661E+20,5.46175E+21,8.53364E+15,4.93076E+16
41923,8,1,11,0,2018,2,20,4,3,3,7,2,0,1,0,0,0,0,0,5.08244E+20,5.39743E+21,9.11211E+15,4.87298E+16
41924,8,4,15,61,2018,2,16,2,3,8,7,0,0,1,0,0,0,0,0,5.11217E+20,5.37176E+21,9.15184E+15,4.84988E+16
41925,8,2,36,38,2018,2,21,6,3,5,3,2,0,1,0,0,0,0,0,4.84781E+20,5.427E+21,8.79194E+15,4.89958E+16
41926,8,1,28,115,2018,2,7,6,3,2,6,0,0,1,0,0,0,0,0,5.48424E+20,5.49659E+21,9.67042E+15,4.962E+16
41927,8,4,35,35,2018,2,18,3,2,0,1,2,0,0,0,1,0,0,0,5.40369E+20,5.28014E+21,9.53779E+15,4.76734E+16
41928,8,1,16,16,2018,2,18,2,3,2,6,1,0,1,0,0,0,0,1,5.33552E+20,5.3854E+21,9.45527E+15,4.86208E+16
41929,8,4,15,53,2018,2,13,5,3,8,1,0,0,1,0,0,0,0,2,5.35871E+20,5.35799E+21,9.48438E+15,4.83741E+16
41930,8,2,37,2,2018,2,20,1,3,9,1,2,0,1,0,0,0,0,1,4.58336E+20,5.35999E+21,8.4372E+15,4.83917E+16
41931,8,2,16,43,2018,2,12,5,2,4,6,0,0,1,0,0,0,0,0,4.43758E+20,5.41333E+21,8.23305E+15,4.88704E+16
41932,8,4,35,16,2018,2,12,3,3,5,3,0,0,1,0,0,0,0,0,5.38918E+20,5.27956E+21,9.5184E+15,4.76682E+16
41933,8,4,25,2,2018,2,16,7,3,4,6,0,0,1,0,0,0,0,2,5.49822E+20,5.35512E+21,9.67242E+15,4.83472E+16
41934,8,2,16,17,2018,2,16,4,3,4,2,0,1,1,0,0,0,0,0,4.51425E+20,5.40084E+21,8.33907E+15,4.87587E+16
41935,8,2,15,64,2018,2,7,3,3,2,6,0,0,1,0,0,1,0,0,4.79299E+20,5.45205E+21,8.71571E+15,4.92208E+16
41936,8,4,26,1,2018,2,4,6,3,8,1,2,0,1,0,0,0,0,2,5.67763E+20,5.34761E+21,9.91333E+15,4.82781E+16
41937,8,4,16,11,2018,2,8,3,2,1,6,0,0,1,0,0,1,0,0,5.04818E+20,5.36881E+21,9.06519E+15,4.84724E+16
41938,8,1,25,65,2018,2,15,7,3,8,1,0,0,1,0,0,0,0,1,5.17064E+20,5.45001E+21,9.23424E+15,4.92027E+16
41939,8,2,26,103,2018,2,7,2,3,3,6,0,0,1,0,0,0,0,0,4.71758E+20,5.45925E+21,8.61165E+15,4.92854E+16
41940,8,1,21,0,2018,2,22,6,3,4,2,2,0,1,0,0,0,0,0,5.13496E+20,5.43948E+21,9.18492E+15,4.9108E+16
41941,8,4,36,64,2018,2,11,5,3,5,3,0,0,1,0,0,0,0,0,5.43893E+20,5.292E+21,9.58593E+15,4.77799E+16
41942,8,4,15,53,2018,2,13,3,3,9,1,0,0,1,0,0,0,0,0,5.39792E+20,5.35696E+21,9.53723E+15,4.83646E+16
41943,8,3,17,78,2018,2,9,5,3,8,1,0,0,1,0,0,0,0,2,4.33215E+20,5.3414E+21,8.10083E+15,4.82223E+16
41944,8,1,19,20,2018,2,11,1,3,2,6,0,0,1,0,0,0,0,0,5.18593E+20,5.40826E+21,9.25332E+15,4.8827E+16
41945,8,1,16,79,2018,2,22,5,3,9,1,2,0,1,0,0,0,0,0,5.38892E+20,5.3793E+21,9.52716E+15,4.85656E+16
41946,8,3,36,69,2018,2,17,3,3,2,6,1,0,1,0,0,0,0,0,4.06824E+20,5.26937E+21,7.76115E+15,4.75711E+16
41947,8,3,26,12,2018,2,18,7,2,4,1,2,0,1,0,0,0,0,2,4.60417E+20,5.31181E+21,8.46979E+15,4.79583E+16
41948,8,4,37,118,2018,2,8,1,3,5,2,0,0,1,0,0,0,0,1,5.1224E+20,5.3107E+21,9.16393E+15,4.79495E+16
41949,8,3,36,84,2018,2,8,5,3,4,1,0,0,1,0,0,1,0,2,4.05616E+20,5.27761E+21,7.74331E+15,4.7645E+16
41950,8,1,18,3,2018,2,14,1,2,6,4,0,0,1,1,0,0,0,1,5.10469E+20,5.41684E+21,9.14286E+15,4.89045E+16
41951,8,1,27,73,2018,2,14,5,2,2,6,0,0,0,0,0,1,0,0,5.81653E+20,5.44981E+21,1.01208E+16,4.91956E+16
41952,8,3,37,51,2018,2,12,3,3,2,6,0,0,1,0,0,0,0,1,4.37479E+20,5.28745E+21,8.16609E+15,4.77374E+16
41953,8,3,37,38,2018,2,18,7,3,4,6,2,0,1,0,0,0,0,1,4.30549E+20,5.27677E+21,8.07536E+15,4.76406E+16
41954,8,1,18,19,2018,2,15,4,3,2,6,0,0,1,0,0,0,0,0,5.02286E+20,5.40498E+21,9.03113E+15,4.87978E+16
41955,8,1,35,15,2018,2,1,3,3,4,6,2,0,1,0,0,0,0,0,5.75502E+20,5.38386E+21,1.00242E+16,4.86033E+16
41956,8,3,36,105,2018,2,18,6,3,4,2,2,0,1,0,0,0,1,0,3.99281E+20,5.26746E+21,7.66132E+15,4.75528E+16
41957,8,3,36,81,2018,2,15,3,3,1,6,0,0,1,0,0,0,0,0,4.11085E+20,5.2772E+21,7.81619E+15,4.76421E+16
41958,8,1,18,19,2018,2,13,7,3,4,1,0,0,1,0,0,0,0,2,5.04247E+20,5.40102E+21,9.05779E+15,4.87622E+16
41959,8,2,31,0,2018,2,8,2,3,2,6,0,0,1,0,0,0,0,0,4.79643E+20,5.4177E+21,8.72217E+15,4.89119E+16
41960,8,1,16,80,2018,2,19,6,3,2,6,2,0,1,0,0,0,0,0,5.22624E+20,5.39581E+21,9.30757E+15,4.8715E+16
41961,8,4,21,0,2018,2,13,5,3,4,6,0,0,1,0,0,0,0,2,5.69417E+20,5.35496E+21,9.93683E+15,4.8344E+16
41962,8,3,35,63,2018,2,18,3,3,5,3,2,1,1,0,0,0,0,0,4.97705E+20,5.28794E+21,8.96938E+15,4.77448E+16
41963,8,3,16,9,2018,2,7,5,3,8,1,2,0,1,0,0,0,0,2,4.20694E+20,5.32572E+21,7.9352E+15,4.80798E+16
41964,8,1,11,0,2018,2,9,1,2,6,4,0,0,1,1,0,0,0,1,5.14918E+20,5.40308E+21,9.20306E+15,4.87806E+16
41965,8,4,26,120,2018,2,12,4,3,0,6,0,1,0,0,0,1,0,0,5.61734E+20,5.3238E+21,9.82861E+15,4.80645E+16
41966,8,3,35,15,2018,2,10,3,3,7,7,0,1,0,1,0,0,0,0,4.76109E+20,5.28201E+21,8.68162E+15,4.7691E+16
41967,8,2,26,103,2018,2,13,7,3,2,6,0,0,1,0,0,0,1,1,4.71945E+20,5.45908E+21,8.61424E+15,4.92838E+16
41968,8,1,18,11,2018,2,15,4,3,3,2,0,0,1,0,0,1,0,0,5.06152E+20,5.40769E+21,9.08382E+15,4.88221E+16
41969,8,1,18,71,2018,2,8,3,3,5,3,0,0,1,0,1,0,0,0,5.08757E+20,5.41954E+21,9.11955E+15,4.89287E+16
41970,8,1,15,28,2018,2,12,7,3,8,7,0,0,0,0,0,0,1,2,4.98092E+20,5.40248E+21,8.97403E+15,4.87753E+16
41971,8,2,37,40,2018,2,7,6,3,6,2,0,0,0,1,0,0,1,0,4.77311E+20,5.36578E+21,8.69319E+15,4.84448E+16
41972,8,3,35,22,2018,2,6,3,3,2,6,2,0,0,0,0,1,0,0,4.83258E+20,5.30327E+21,8.77607E+15,4.78825E+16
41973,8,1,35,19,2018,2,16,2,3,6,4,0,0,1,1,0,0,0,1,5.84544E+20,5.39255E+21,1.01486E+16,4.86803E+16
41974,8,1,21,0,2018,2,6,4,2,4,2,1,0,1,0,0,0,0,0,5.13685E+20,5.44432E+21,9.18767E+15,4.91515E+16
41975,8,1,21,0,2018,2,10,3,2,5,3,0,0,1,0,0,0,0,0,5.14692E+20,5.44778E+21,9.2016E+15,4.91826E+16
41976,8,3,17,65,2018,2,12,6,3,0,1,0,0,0,0,1,0,0,0,4.16357E+20,5.35442E+21,7.87133E+15,4.83374E+16
41977,8,3,27,50,2018,2,16,3,3,2,6,0,0,1,0,0,0,0,0,4.87003E+20,5.31454E+21,8.82582E+15,4.7984E+16
41978,8,2,15,99,2018,2,9,2,3,2,6,0,0,1,0,0,0,1,0,4.60391E+20,5.44367E+21,8.45689E+15,4.91446E+16
41979,8,4,36,55,2018,2,8,5,2,9,1,0,0,1,0,0,0,0,0,5.75295E+20,5.30224E+21,1.00068E+16,4.78691E+16
41980,8,3,37,106,2018,2,14,5,2,4,2,0,0,1,0,0,0,0,0,4.60764E+20,5.29067E+21,8.47635E+15,4.77682E+16
41981,8,3,26,74,2018,2,9,3,3,6,4,0,0,0,1,0,1,0,2,4.66693E+20,5.32357E+21,8.55293E+15,4.80646E+16
41982,8,3,15,113,2018,2,13,3,3,2,6,0,0,1,0,0,0,0,0,4.363E+20,5.30435E+21,8.14788E+15,4.78893E+16
41983,8,1,11,0,2018,2,18,1,3,1,7,0,0,1,0,0,0,0,0,5.13576E+20,5.40288E+21,9.18479E+15,4.87788E+16
41984,8,2,26,85,2018,2,10,4,2,1,6,0,0,1,0,0,0,0,0,4.85658E+20,5.45672E+21,8.80287E+15,4.9263E+16
41985,8,1,25,26,2018,2,15,7,3,1,1,0,0,1,0,0,0,0,0,4.94067E+20,5.44391E+21,8.91865E+15,4.9148E+16
41986,8,2,26,103,2018,2,13,3,3,2,6,0,0,0,0,0,1,0,0,4.71745E+20,5.45738E+21,8.61161E+15,4.92686E+16
41987,8,2,35,80,2018,2,12,7,2,4,1,0,0,1,0,0,0,0,2,4.82593E+20,5.38689E+21,8.76373E+15,4.86349E+16
41988,8,1,16,56,2018,2,14,4,2,6,4,0,0,1,1,0,0,0,0,5.31545E+20,5.39618E+21,9.42886E+15,4.87178E+16
41989,8,1,16,54,2018,2,14,3,3,2,6,0,0,1,0,0,1,0,0,5.33111E+20,5.38204E+21,9.44902E+15,4.85905E+16
41990,8,2,37,74,2018,2,16,6,3,4,6,0,0,1,0,0,0,0,0,4.67191E+20,5.37323E+21,8.55577E+15,4.85113E+16
41991,8,1,15,45,2018,2,16,6,3,2,6,0,0,1,0,0,0,1,0,5.04947E+20,5.39708E+21,9.06726E+15,4.87267E+16
41992,8,2,15,84,2018,2,14,3,2,2,6,0,0,1,0,0,0,1,0,4.69604E+20,5.44818E+21,8.58288E+15,4.91857E+16
41993,8,1,15,45,2018,2,10,2,2,0,7,0,0,1,0,0,1,0,0,5.03936E+20,5.39528E+21,9.05351E+15,4.87105E+16
41994,8,4,25,2,2018,2,17,5,3,9,1,1,0,1,0,0,0,0,2,5.50011E+20,5.35509E+21,9.67497E+15,4.8347E+16
41995,8,3,35,99,2018,2,0,1,3,8,1,2,0,1,0,0,0,0,2,4.9666E+20,5.2974E+21,8.95537E+15,4.78299E+16
41996,8,2,36,46,2018,2,10,3,2,2,6,0,0,1,0,0,0,0,0,4.79602E+20,5.41831E+21,8.72158E+15,4.89174E+16
41997,8,2,26,98,2018,2,9,5,3,2,6,0,0,1,0,0,0,0,0,4.75949E+20,5.45955E+21,8.66926E+15,4.92882E+16
41998,8,4,26,21,2018,2,17,7,3,4,6,2,0,1,0,0,0,0,2,5.64764E+20,5.32482E+21,9.86944E+15,4.80734E+16
41999,8,2,36,13,2018,2,12,4,3,5,3,0,0,1,0,0,0,0,0,4.7384E+20,5.40883E+21,8.64354E+15,4.88319E+16
42000,8,3,16,9,2018,3,21,7,3,9,1,2,0,1,0,0,0,0,1,4.158E+20,5.32326E+21,7.87E+15,4.80571E+16
42001,8,1,11,0,2018,3,15,3,3,2,6,0,0,1,0,0,0,0,0,5.1493E+20,5.40459E+21,9.20329E+15,4.87941E+16
42002,8,4,15,59,2018,2,7,3,3,3,6,1,0,1,0,0,0,1,0,5.16558E+20,5.37016E+21,9.22407E+15,4.84843E+16
42003,8,1,16,33,2018,3,20,7,3,4,1,2,0,1,0,0,0,0,1,5.3377E+20,5.3901E+21,9.45862E+15,4.8663E+16
42004,8,2,31,0,2018,3,16,2,3,1,3,0,0,1,0,1,0,0,0,4.80523E+20,5.41904E+21,8.73412E+15,4.8924E+16
42005,8,3,37,108,2018,2,7,3,3,8,1,0,0,1,0,0,0,0,0,4.24584E+20,5.28502E+21,7.99453E+15,4.77141E+16
42006,8,4,25,139,2018,3,4,6,3,8,1,2,0,1,0,0,0,0,2,5.48248E+20,5.36498E+21,9.65231E+15,4.84361E+16
42007,8,1,26,47,2018,3,18,4,3,2,6,2,0,1,0,0,0,0,0,5.49289E+20,5.45155E+21,9.6768E+15,4.92148E+16
42008,8,4,35,30,2018,2,13,3,1,4,6,0,0,1,0,0,1,0,0,5.41282E+20,5.27489E+21,9.54945E+15,4.76261E+16
42009,8,3,27,19,2018,2,17,3,3,4,6,1,0,1,0,0,0,0,0,4.81744E+20,5.33143E+21,8.75463E+15,4.81359E+16
42010,8,1,17,58,2018,3,5,6,3,2,6,2,0,1,0,0,0,1,0,5.47251E+20,5.3774E+21,9.64024E+15,4.8548E+16
42011,8,1,25,27,2018,3,15,1,3,2,6,0,0,1,0,0,0,0,0,5.20159E+20,5.44563E+21,9.27651E+15,4.91631E+16
42012,8,3,26,60,2018,3,15,3,3,4,2,0,0,1,0,1,0,0,1,4.43195E+20,5.33171E+21,8.23648E+15,4.81361E+16
42013,8,3,27,38,2018,2,19,3,3,8,1,2,0,1,0,0,0,0,2,4.94511E+20,5.31333E+21,8.92646E+15,4.79733E+16
42014,8,1,18,21,2018,3,19,5,3,0,6,2,0,1,0,0,0,0,0,5.20166E+20,5.4262E+21,9.27565E+15,4.89884E+16
42015,8,4,17,79,2018,3,13,4,3,4,2,0,0,1,0,0,0,0,1,4.96534E+20,5.34475E+21,8.95331E+15,4.8256E+16
42016,8,2,36,28,2018,3,21,7,3,1,6,2,0,1,0,0,0,0,1,4.93588E+20,5.42226E+21,8.91242E+15,4.89532E+16
42017,8,4,16,25,2018,3,7,2,3,4,6,0,0,1,0,0,0,1,0,5.00758E+20,5.36062E+21,9.01024E+15,4.83987E+16
42018,8,3,26,52,2018,2,8,3,3,4,1,0,0,1,0,0,0,0,2,4.50087E+20,5.33372E+21,8.32887E+15,4.81548E+16
42019,8,2,16,43,2018,3,19,4,3,2,6,1,0,1,0,0,0,0,0,4.44356E+20,5.41183E+21,8.24141E+15,4.88569E+16
42020,8,1,36,44,2018,3,6,2,3,5,3,2,1,1,0,0,0,0,0,5.57405E+20,5.40757E+21,9.782E+15,4.88185E+16
42021,8,3,25,57,2018,2,11,3,3,5,3,0,0,1,0,0,0,0,0,4.72446E+20,5.35638E+21,8.62802E+15,4.836E+16
42022,8,3,27,50,2018,3,0,6,2,9,1,2,0,1,0,0,0,0,0,4.86787E+20,5.31509E+21,8.82291E+15,4.7989E+16
42023,8,1,11,0,2018,3,16,2,3,2,6,0,0,1,0,0,0,0,0,5.15569E+20,5.40524E+21,9.21201E+15,4.88E+16
42024,8,1,18,79,2018,3,10,4,3,2,6,0,0,1,0,0,0,0,0,5.07628E+20,5.42323E+21,9.1042E+15,4.89619E+16
42025,8,3,17,1,2018,2,6,3,2,6,4,2,0,1,1,0,0,0,0,4.30386E+20,5.38637E+21,8.05528E+15,4.86265E+16
42026,8,4,37,78,2018,3,16,5,2,5,2,0,0,1,0,0,0,0,0,5.08006E+20,5.31861E+21,9.10737E+15,4.80207E+16
42027,8,1,18,47,2018,3,19,1,3,6,4,2,0,1,1,0,0,0,0,5.06027E+20,5.42707E+21,9.0824E+15,4.89965E+16
42028,8,1,36,43,2018,3,16,3,3,4,5,0,0,1,0,0,1,0,0,5.6636E+20,5.40811E+21,9.90407E+15,4.88224E+16
42029,8,1,25,30,2018,3,6,4,3,2,6,1,0,1,0,0,0,0,1,5.16046E+20,5.43724E+21,9.21977E+15,4.90878E+16
42030,8,2,26,85,2018,2,18,3,3,3,3,2,0,1,0,0,1,0,0,4.94222E+20,5.45273E+21,8.92064E+15,4.92274E+16
42031,8,2,26,85,2018,2,7,3,3,2,6,0,0,1,0,0,0,0,0,4.86865E+20,5.45623E+21,8.81948E+15,4.92587E+16
42032,8,4,37,104,2018,3,12,5,2,2,2,0,0,1,0,0,0,0,0,5.17115E+20,5.32614E+21,9.22983E+15,4.80883E+16
42033,8,1,11,0,2018,3,18,5,2,0,2,2,0,1,0,1,0,0,0,5.10651E+20,5.40205E+21,9.14496E+15,4.87714E+16
42034,8,1,25,69,2018,3,11,1,3,8,1,0,0,1,0,0,0,0,0,5.24982E+20,5.45574E+21,9.3433E+15,4.9254E+16
42035,8,3,15,15,2018,3,9,3,2,5,3,0,0,0,0,1,0,1,0,3.99417E+20,5.31423E+21,7.65229E+15,4.79735E+16
42036,8,1,11,0,2018,3,15,5,3,2,6,0,0,1,0,0,0,0,0,5.13213E+20,5.40669E+21,9.17998E+15,4.8813E+16
42037,8,2,31,0,2018,2,19,3,3,2,6,2,0,1,0,0,0,0,0,4.84649E+20,5.41298E+21,8.79067E+15,4.88696E+16
42038,8,3,17,146,2018,3,14,4,3,2,6,0,0,1,0,0,0,0,0,4.30418E+20,5.35513E+21,8.06091E+15,4.83455E+16
42039,8,1,25,27,2018,3,9,7,3,3,1,0,0,1,0,0,1,0,0,5.17366E+20,5.44715E+21,9.23827E+15,4.9177E+16
42040,8,3,25,69,2018,3,7,2,3,4,6,0,0,1,0,0,0,0,1,4.67221E+20,5.33651E+21,8.55903E+15,4.8181E+16
42041,8,2,31,0,2018,2,11,3,3,3,6,0,0,1,0,0,1,0,0,4.79622E+20,5.4183E+21,8.72185E+15,4.89173E+16
42042,8,2,26,82,2018,3,16,4,3,4,6,0,0,1,0,0,0,0,1,4.80991E+20,5.47936E+21,8.73765E+15,4.94665E+16
42043,8,1,11,0,2018,2,10,4,3,2,6,0,0,1,0,0,0,0,0,5.19004E+20,5.40214E+21,9.25864E+15,4.8772E+16
42044,8,2,12,0,2018,2,15,3,3,9,1,0,0,0,0,0,1,0,0,4.51959E+20,5.42728E+21,8.34323E+15,4.89966E+16
42045,8,2,11,0,2018,3,16,6,3,2,6,0,0,1,0,0,0,0,0,4.38245E+20,5.4046E+21,8.1592E+15,4.87913E+16
42046,8,3,37,96,2018,3,13,1,3,8,1,0,0,1,0,0,0,0,0,4.21267E+20,5.26888E+21,7.95322E+15,4.75686E+16
42047,8,1,16,79,2018,3,16,4,3,8,7,0,1,0,0,0,0,0,1,5.39073E+20,5.37549E+21,9.52925E+15,4.85313E+16
42048,8,3,17,1,2018,2,9,3,3,2,6,0,0,1,0,0,1,0,0,4.26584E+20,5.38497E+21,8.00394E+15,4.86135E+16
42049,8,3,35,79,2018,3,14,5,3,9,1,0,0,1,0,0,0,0,2,4.97724E+20,5.2955E+21,8.9696E+15,4.78128E+16
42050,8,4,35,18,2018,3,11,7,3,2,6,0,0,1,0,0,0,1,1,5.23811E+20,5.28043E+21,9.31723E+15,4.76768E+16
42051,8,1,25,68,2018,3,19,3,3,5,3,2,0,0,0,1,0,1,0,5.19618E+20,5.46017E+21,9.2698E+15,4.9294E+16
42052,8,2,31,0,2018,2,13,3,3,1,6,0,0,1,0,0,0,0,0,4.75627E+20,5.4152E+21,8.66751E+15,4.88893E+16
42053,8,1,18,81,2018,3,14,7,3,0,7,0,1,0,0,0,0,0,0,5.20553E+20,5.41247E+21,9.28024E+15,4.88649E+16
42054,8,3,17,150,2018,3,18,2,2,4,6,1,0,1,0,1,0,0,0,4.08668E+20,5.361E+21,7.76617E+15,4.83956E+16
42055,8,2,31,0,2018,2,12,3,3,5,3,0,0,1,0,0,0,0,0,4.75784E+20,5.41501E+21,8.66966E+15,4.88875E+16
42056,8,4,37,78,2018,3,14,6,3,9,1,0,0,1,0,0,0,0,1,5.04897E+20,5.31982E+21,9.06569E+15,4.80317E+16
42057,8,2,26,32,2018,2,16,3,3,1,6,0,0,1,0,0,0,0,0,4.68488E+20,5.46134E+21,8.56652E+15,4.9304E+16