OBJECTID_1,ULAND,UREGBEZ,UKREIS,UGEMEINDE,UJAHR,UMONAT,USTUNDE,UWOCHENTAG,UKATEGORIE,UART,UTYP1,ULICHTVERH,IstRad,IstPKW,IstFuss,IstKrad,IstGkfz,IstSonstig,STRZUSTAND,LINREFX,LINREFY,XGCSWGS84,YGCSWGS84
42058,8,1,35,16,2018,3,22,7,3,6,7,2,0,1,1,0,0,0,1,5.88691E+20,5.38337E+21,1.02029E+16,4.85972E+16
42059,8,3,17,96,2018,3,11,2,3,2,6,0,0,1,0,0,0,1,0,4.22218E+20,5.3688E+21,7.94774E+15,4.84675E+16
42060,8,2,25,14,2018,2,10,3,3,5,3,0,0,1,0,0,0,0,0,5.22944E+20,5.48108E+21,9.31676E+15,4.94819E+16
42061,8,2,22,0,2018,3,13,4,2,2,2,0,0,1,0,0,0,0,0,4.69037E+20,5.47634E+21,8.57292E+15,4.94389E+16
42062,8,4,35,59,2018,2,12,3,3,8,1,0,0,0,0,1,0,0,0,5.09517E+20,5.29478E+21,9.1271E+15,4.78063E+16
42063,8,2,25,1,2018,2,7,3,3,6,4,0,0,1,1,0,0,0,0,5.28517E+20,5.47258E+21,9.39308E+15,4.94053E+16
42064,8,2,21,0,2018,3,15,6,3,2,6,0,0,1,0,0,0,0,0,4.77332E+20,5.46907E+21,8.68775E+15,4.93739E+16
42065,8,3,26,74,2018,3,15,1,3,5,3,0,0,1,0,0,0,0,0,4.58372E+20,5.32359E+21,8.44126E+15,4.80642E+16
42066,8,3,26,74,2018,3,13,1,2,5,3,0,0,1,0,0,0,0,0,4.61748E+20,5.32739E+21,8.48623E+15,4.80986E+16
42067,8,1,11,0,2018,3,19,4,3,5,2,2,0,1,0,0,0,0,0,5.12266E+20,5.39676E+21,9.16678E+15,4.87238E+16
42068,8,2,22,0,2018,2,16,3,3,2,6,0,0,1,0,0,0,0,0,4.63619E+20,5.48349E+21,8.49752E+15,4.95029E+16
42069,8,3,11,0,2018,3,9,5,3,1,6,0,0,1,0,0,0,0,0,4.16139E+20,5.31557E+21,7.87605E+15,4.7988E+16
42070,8,3,17,75,2018,3,18,7,2,5,3,1,0,1,0,0,0,0,1,4.12742E+20,5.36034E+21,7.82133E+15,4.83902E+16
42071,8,1,15,45,2018,3,7,3,2,8,7,0,0,1,0,0,0,0,1,4.97524E+20,5.39697E+21,8.96633E+15,4.87257E+16
42072,8,2,22,0,2018,2,9,3,2,5,3,0,1,1,0,0,0,0,0,4.61833E+20,5.48268E+21,8.47294E+15,4.94956E+16
42073,8,1,17,2,2018,3,10,7,3,5,3,0,0,1,0,0,0,0,0,5.41054E+20,5.38671E+21,9.55719E+15,4.86321E+16
42074,8,2,12,0,2018,3,16,2,3,2,6,0,0,1,0,0,0,1,0,4.55811E+20,5.43098E+21,8.39548E+15,4.90301E+16
42075,8,1,26,66,2018,2,22,3,3,8,7,2,0,1,0,0,0,0,0,5.34394E+20,5.45025E+21,9.47217E+15,4.92041E+16
42076,8,4,35,57,2018,3,17,6,3,5,3,1,0,1,0,0,0,0,2,5.4762E+20,5.27998E+21,9.63436E+15,4.76715E+16
42077,8,1,15,42,2018,3,13,4,3,2,7,0,0,1,0,0,0,1,0,4.95725E+20,5.4062E+21,8.94178E+15,4.88088E+16
42078,8,1,36,65,2018,2,12,3,3,4,6,0,0,1,0,0,1,0,0,5.61041E+20,5.40594E+21,9.83128E+15,4.88034E+16
42079,8,1,36,3,2018,2,16,3,3,9,1,0,0,1,0,0,0,0,0,5.69327E+20,5.42438E+21,9.94724E+15,4.89685E+16
42080,8,1,19,20,2018,3,13,6,3,3,6,0,0,1,0,0,0,1,0,5.21328E+20,5.4063E+21,9.29049E+15,4.88093E+16
42081,8,2,36,43,2018,3,5,1,2,9,1,2,0,0,0,0,0,1,2,4.68643E+20,5.41175E+21,8.57251E+15,4.88579E+16
42082,8,4,17,25,2018,3,6,3,3,0,6,1,0,1,0,0,0,0,0,4.81667E+20,5.35822E+21,8.75242E+15,4.83769E+16
42083,8,1,28,131,2018,2,14,3,3,5,3,0,0,1,0,0,0,0,0,5.3617E+20,5.51449E+21,9.50243E+15,4.97818E+16
42084,8,2,12,0,2018,3,16,4,3,0,1,0,1,0,0,0,0,0,1,4.55145E+20,5.42812E+21,8.38669E+15,4.90044E+16
42085,8,4,15,89,2018,2,14,3,3,5,3,0,0,1,0,0,0,0,0,5.21602E+20,5.35969E+21,9.29179E+15,4.839E+16
42086,8,2,26,85,2018,2,12,3,2,1,1,0,0,0,0,0,1,1,0,4.94449E+20,5.4527E+21,8.92376E+15,4.92271E+16
42087,8,1,27,25,2018,3,23,6,3,4,1,2,0,1,0,0,0,0,1,5.55137E+20,5.43098E+21,9.75428E+15,4.90292E+16
42088,8,2,36,46,2018,3,16,1,3,2,6,0,0,1,0,0,0,0,0,4.84409E+20,5.41504E+21,8.78731E+15,4.88881E+16
42089,8,4,36,64,2018,3,5,3,3,5,3,2,1,1,0,0,0,0,0,5.45444E+20,5.2922E+21,9.60665E+15,4.77816E+16
42090,8,1,19,86,2018,2,10,3,3,1,2,0,0,1,0,0,0,0,0,5.34916E+20,5.40629E+21,9.47555E+15,4.88086E+16
42091,8,1,36,19,2018,3,8,5,2,8,1,0,0,1,0,0,0,0,0,5.86402E+20,5.42514E+21,1.01807E+16,4.89731E+16
42092,8,1,15,10,2018,3,4,5,3,9,1,2,0,1,0,0,0,0,2,4.89742E+20,5.3882E+21,8.86073E+15,4.86468E+16
42093,8,2,26,85,2018,3,16,7,3,1,6,0,0,1,0,0,0,0,0,4.91236E+20,5.45452E+21,8.87959E+15,4.92434E+16
42094,8,1,11,0,2018,3,8,3,3,2,6,0,0,1,0,0,0,0,1,5.09475E+20,5.40122E+21,9.12894E+15,4.87639E+16
42095,8,1,11,0,2018,3,7,5,3,5,3,0,0,1,0,0,0,0,0,5.15398E+20,5.40325E+21,9.20961E+15,4.87821E+16
42096,8,1,18,81,2018,2,23,3,2,8,7,2,0,1,0,0,0,0,0,5.17656E+20,5.41243E+21,9.24074E+15,4.88646E+16
42097,8,1,15,4,2018,3,22,7,3,5,3,2,0,1,0,0,0,0,1,4.87336E+20,5.37398E+21,8.82851E+15,4.85188E+16
42098,8,2,26,6,2018,3,13,2,2,2,6,0,0,1,0,0,0,1,0,4.84511E+20,5.46808E+21,8.78667E+15,4.93652E+16
42099,8,1,18,47,2018,2,7,3,3,4,7,0,0,1,0,0,0,0,0,5.07656E+20,5.42805E+21,9.10468E+15,4.90053E+16
42100,8,4,15,89,2018,3,11,6,3,2,6,0,0,1,0,0,0,0,0,5.2098E+20,5.35896E+21,9.28335E+15,4.83835E+16
42101,8,1,25,59,2018,3,14,2,2,2,6,0,0,1,0,1,0,0,0,5.3134E+20,5.43873E+21,9.42934E+15,4.91006E+16
42102,8,1,26,11,2018,3,19,4,2,6,4,2,0,1,1,0,0,0,0,5.32143E+20,5.44865E+21,9.44113E+15,4.91898E+16
42103,8,1,18,63,2018,2,10,3,2,8,7,0,0,0,0,0,1,0,0,5.25673E+20,5.42571E+21,9.35089E+15,4.89838E+16
42104,8,1,17,33,2018,2,18,3,3,2,6,0,0,1,0,0,0,0,0,5.58454E+20,5.38765E+21,9.79347E+15,4.86392E+16
42105,8,1,16,11,2018,3,16,6,2,5,3,0,0,1,0,0,1,0,0,5.29618E+20,5.38291E+21,9.40172E+15,4.85985E+16
42106,8,1,11,0,2018,3,13,5,3,2,6,0,0,1,0,0,0,0,0,5.14262E+20,5.40012E+21,9.19403E+15,4.8754E+16
42107,8,1,36,61,2018,3,9,1,3,8,1,0,0,1,0,0,0,0,1,5.57917E+20,5.41617E+21,9.79019E+15,4.88958E+16
42108,8,3,17,29,2018,3,2,3,3,8,7,2,0,1,0,0,0,0,0,4.33809E+20,5.34836E+21,8.10773E+15,4.82849E+16
42109,8,1,11,0,2018,3,7,5,3,5,3,0,0,1,0,0,0,0,1,5.16299E+20,5.39355E+21,9.22149E+15,4.86948E+16
42110,8,1,15,3,2018,2,6,3,3,5,3,0,0,1,0,0,0,1,0,4.9616E+20,5.39313E+21,8.94782E+15,4.86912E+16
42111,8,3,35,77,2018,3,15,4,3,2,6,0,0,1,0,0,0,0,1,4.94333E+20,5.29573E+21,8.92429E+15,4.78149E+16
42112,8,2,15,89,2018,3,6,7,2,5,3,2,0,1,0,0,0,0,1,4.68752E+20,5.43136E+21,8.57248E+15,4.90343E+16
42113,8,3,37,65,2018,3,15,2,3,2,1,0,0,1,0,1,0,0,0,4.47504E+20,5.27562E+21,8.30122E+15,4.76319E+16
42114,8,1,11,0,2018,2,11,3,3,2,6,0,0,1,0,0,0,0,0,5.08034E+20,5.39743E+21,9.10925E+15,4.87299E+16
42115,8,2,37,19,2018,3,8,4,3,5,3,0,0,1,0,0,0,0,1,4.63183E+20,5.36867E+21,8.5019E+15,4.84701E+16
42116,8,1,15,3,2018,3,18,5,3,4,1,1,0,1,0,0,0,0,0,4.96473E+20,5.39321E+21,8.95207E+15,4.86919E+16
42117,8,1,27,99,2018,3,0,5,3,8,7,2,0,0,0,0,1,0,0,5.6165E+20,5.44719E+21,9.84583E+15,4.91744E+16
42118,8,4,36,55,2018,3,14,4,3,5,3,0,0,1,0,0,0,0,0,5.79949E+20,5.2902E+21,1.00668E+16,4.77603E+16
42119,8,2,36,72,2018,3,8,7,3,3,2,0,0,1,0,0,0,1,1,4.61286E+20,5.41014E+21,8.47236E+15,4.8843E+16
42120,8,4,25,20,2018,3,16,2,3,4,6,1,0,1,0,0,0,0,0,5.61178E+20,5.36759E+21,9.8275E+15,4.84585E+16
42121,8,1,11,0,2018,2,12,3,3,5,2,0,1,1,0,0,0,0,0,5.13371E+20,5.40454E+21,9.18205E+15,4.87937E+16
42122,8,2,15,46,2018,3,16,4,3,2,6,0,0,1,0,0,0,0,1,4.52626E+20,5.41854E+21,8.35337E+15,4.8918E+16
42123,8,2,15,25,2018,3,16,2,3,2,6,0,0,1,0,0,0,0,0,4.74921E+20,5.43497E+21,8.65665E+15,4.90671E+16
42124,8,4,37,104,2018,2,11,2,3,2,2,0,0,1,0,0,0,0,0,5.15379E+20,5.3258E+21,9.20651E+15,4.80853E+16
42125,8,4,35,16,2018,3,17,6,2,4,1,0,0,1,0,0,1,0,2,5.36721E+20,5.28425E+21,9.48954E+15,4.77106E+16
42126,8,1,16,78,2018,3,13,2,3,5,3,0,0,1,0,0,0,0,0,5.10613E+20,5.39335E+21,9.14422E+15,4.86931E+16
42127,8,1,25,17,2018,3,5,4,3,5,3,1,0,1,0,0,1,1,0,5.04001E+20,5.43192E+21,9.05474E+15,4.90402E+16
42128,8,4,36,81,2018,2,8,2,3,9,1,0,0,1,0,0,0,0,2,5.56086E+20,5.28267E+21,9.74748E+15,4.7695E+16
42129,8,4,35,30,2018,2,7,2,3,2,6,0,0,1,0,0,0,0,0,5.42537E+20,5.27388E+21,9.56605E+15,4.7617E+16
42130,8,4,36,64,2018,3,14,5,3,5,3,0,0,1,0,0,1,0,0,5.46281E+20,5.29208E+21,9.6178E+15,4.77804E+16
42131,8,1,11,0,2018,3,17,5,3,2,2,0,0,1,0,0,0,0,0,5.07033E+20,5.40804E+21,9.09583E+15,4.88253E+16
42132,8,1,25,56,2018,3,13,1,3,2,2,0,0,1,0,0,0,0,0,5.14388E+20,5.43508E+21,9.19698E+15,4.90684E+16
42133,8,2,26,106,2018,3,15,3,2,5,3,0,0,1,0,0,0,0,0,4.97959E+20,5.4637E+21,8.97191E+15,4.93261E+16
42134,8,4,26,1,2018,2,15,2,2,1,6,0,0,1,0,0,0,0,0,5.69173E+20,5.34624E+21,9.93211E+15,4.82656E+16
42135,8,3,36,50,2018,3,17,4,3,1,6,0,0,1,0,0,0,0,1,4.00515E+20,5.27631E+21,7.6757E+15,4.76325E+16
42136,8,1,16,47,2018,3,19,7,3,0,7,2,0,1,0,0,0,0,1,5.20062E+20,5.3936E+21,9.27262E+15,4.86951E+16
42137,8,3,17,151,2018,3,6,2,2,5,3,1,0,1,0,0,0,0,1,4.12645E+20,5.36787E+21,7.81845E+15,4.84579E+16
42138,8,4,17,63,2018,2,6,2,3,2,6,2,0,1,0,0,0,0,0,5.07594E+20,5.33648E+21,9.10216E+15,4.81815E+16
42139,8,2,22,0,2018,3,17,4,3,8,1,0,0,1,0,0,0,0,1,4.66142E+20,5.4761E+21,8.533E+15,4.94366E+16
42140,8,1,11,0,2018,2,15,4,3,5,3,0,0,1,0,0,0,0,0,5.18117E+20,5.40405E+21,9.24666E+15,4.87891E+16
42141,8,3,37,66,2018,2,21,2,3,5,2,2,0,1,0,0,0,0,0,4.33011E+20,5.27036E+21,8.10912E+15,4.75832E+16
42142,8,2,35,7,2018,3,15,6,3,5,3,0,0,1,0,0,0,0,0,4.81641E+20,5.39911E+21,8.75027E+15,4.87448E+16
42143,8,3,36,69,2018,3,12,1,3,2,6,0,0,1,0,0,0,0,0,4.06893E+20,5.26908E+21,7.76212E+15,4.75685E+16
42144,8,1,16,19,2018,3,16,4,3,5,3,0,0,1,0,0,0,0,0,5.22302E+20,5.39641E+21,9.30322E+15,4.87203E+16
42145,8,3,36,25,2018,2,11,2,3,4,6,0,0,1,0,0,0,0,0,4.1675E+20,5.28959E+21,7.88924E+15,4.77543E+16
42146,8,1,15,37,2018,2,7,4,2,2,6,0,0,1,0,0,1,0,0,4.95381E+20,5.38798E+21,8.9373E+15,4.86449E+16
42147,8,1,35,19,2018,3,17,2,3,1,6,0,0,1,0,0,0,0,0,5.83518E+20,5.39247E+21,1.01346E+16,4.86797E+16
42148,8,3,36,84,2018,2,7,2,3,2,6,0,0,1,0,0,0,0,0,4.05339E+20,5.27692E+21,7.73977E+15,4.76388E+16
42149,8,3,17,89,2018,3,18,6,3,4,1,1,0,1,0,0,0,1,2,4.27114E+20,5.37637E+21,8.01264E+15,4.85362E+16
42150,8,1,11,0,2018,3,8,2,3,3,6,0,0,1,0,0,0,0,0,5.08095E+20,5.39743E+21,9.11009E+15,4.87298E+16
42151,8,1,18,47,2018,3,5,4,1,5,7,2,0,1,0,0,1,0,1,5.06362E+20,5.42677E+21,9.08697E+15,4.89938E+16
42152,8,3,35,75,2018,2,16,2,3,3,6,0,0,1,0,0,0,1,0,4.90308E+20,5.29552E+21,8.87054E+15,4.7813E+16
42153,8,4,15,89,2018,3,17,5,3,2,2,0,0,1,0,0,0,0,0,5.22051E+20,5.35918E+21,9.29783E+15,4.83854E+16
42154,8,4,35,20,2018,3,13,7,3,5,3,0,0,1,0,0,0,0,0,5.24442E+20,5.29625E+21,9.32652E+15,4.78191E+16
42155,8,1,26,66,2018,3,17,3,3,2,6,1,0,1,0,0,0,0,0,5.36714E+20,5.44949E+21,9.50395E+15,4.91971E+16
42156,8,3,26,74,2018,2,12,2,3,3,6,0,0,1,0,0,0,0,0,4.59561E+20,5.32408E+21,8.45717E+15,4.80687E+16
42157,8,1,25,107,2018,3,13,7,3,2,6,0,0,1,0,0,0,0,0,5.35304E+20,5.43873E+21,9.48364E+15,4.91004E+16
42158,8,3,17,113,2018,3,11,2,3,8,1,0,0,1,0,0,0,0,0,4.08148E+20,5.34525E+21,7.76258E+15,4.82538E+16
42159,8,4,17,2,2018,2,14,2,2,0,1,0,0,0,0,0,1,0,0,4.89626E+20,5.35152E+21,8.86007E+15,4.83168E+16
42160,8,2,16,9,2018,3,10,4,3,5,3,0,0,1,0,0,0,1,0,4.45708E+20,5.42046E+21,8.25868E+15,4.89346E+16
42161,8,4,26,66,2018,2,15,3,3,1,6,0,0,1,0,0,0,1,0,5.83833E+20,5.32401E+21,1.01252E+16,4.80639E+16
42162,8,3,17,65,2018,2,6,2,3,6,4,2,0,1,1,0,0,0,0,4.14296E+20,5.35415E+21,7.84357E+15,4.83347E+16
42163,8,1,35,19,2018,3,21,6,3,4,3,2,0,1,0,0,0,0,1,5.85717E+20,5.39503E+21,1.0165E+16,4.87024E+16
42164,8,3,16,55,2018,3,21,1,3,0,7,2,0,1,0,0,0,0,1,4.27076E+20,5.33249E+21,8.01971E+15,4.81415E+16
42165,8,1,11,0,2018,3,17,4,3,2,6,0,0,1,0,0,0,0,0,5.16863E+20,5.4036E+21,9.22957E+15,4.87852E+16
42166,8,3,36,84,2018,2,15,4,3,2,6,0,0,1,0,0,0,0,0,4.05263E+20,5.27687E+21,7.73878E+15,4.76383E+16
42167,8,4,25,31,2018,3,16,5,2,3,6,0,0,1,0,0,1,0,0,5.70355E+20,5.36748E+21,9.95159E+15,4.84566E+16
42168,8,3,17,1,2018,2,12,2,2,2,2,0,0,1,0,0,0,0,0,4.29518E+20,5.38524E+21,8.0437E+15,4.86163E+16
42169,8,2,26,98,2018,3,21,5,3,4,1,2,0,1,0,0,0,0,0,4.77314E+20,5.45902E+21,8.68807E+15,4.92835E+16
42170,8,3,16,11,2018,3,22,7,2,4,1,2,0,1,0,0,0,0,2,4.17206E+20,5.32758E+21,7.88802E+15,4.80961E+16
42171,8,1,11,0,2018,3,12,3,3,1,5,0,0,1,0,0,0,0,0,5.10802E+20,5.40348E+21,9.14705E+15,4.87842E+16
42172,8,3,11,0,2018,2,7,2,3,2,1,0,0,1,0,0,0,0,0,4.11535E+20,5.3238E+21,7.81265E+15,4.80614E+16
42173,8,4,36,39,2018,3,15,5,3,4,1,0,0,1,0,0,1,0,2,5.51306E+20,5.28763E+21,9.68436E+15,4.774E+16
42174,8,4,16,36,2018,3,11,7,2,4,6,0,0,1,0,0,0,0,0,4.96468E+20,5.37072E+21,8.9522E+15,4.84896E+16
42175,8,1,16,33,2018,3,16,3,3,4,6,0,0,1,0,0,0,0,0,5.372E+20,5.39088E+21,9.50526E+15,4.86699E+16
42176,8,2,26,65,2018,2,19,2,3,2,6,2,0,1,0,0,0,1,0,4.78468E+20,5.45835E+21,8.70396E+15,4.92775E+16
42177,8,1,19,76,2018,3,8,7,3,2,6,0,0,1,0,0,0,0,0,5.42459E+20,5.40543E+21,9.57819E+15,4.88004E+16
42178,8,2,26,32,2018,3,11,2,3,2,6,0,0,1,0,0,0,0,0,4.65421E+20,5.46436E+21,8.52408E+15,4.9331E+16
42179,8,2,26,98,2018,2,10,2,3,2,6,0,0,1,0,0,0,1,0,4.78766E+20,5.45849E+21,8.70806E+15,4.92788E+16
42180,8,4,36,4,2018,3,15,6,3,2,6,0,0,1,0,0,0,0,1,5.80567E+20,5.30812E+21,1.00784E+16,4.79213E+16
42181,8,2,15,101,2018,3,7,4,3,5,3,0,0,1,0,1,0,0,0,4.67348E+20,5.42383E+21,8.55389E+15,4.89665E+16
42182,8,2,26,32,2018,2,5,2,3,3,6,2,0,1,0,0,0,1,0,4.62402E+20,5.46486E+21,8.48248E+15,4.93353E+16
42183,8,2,12,0,2018,2,6,2,3,2,6,2,0,1,0,0,0,0,0,4.6045E+20,5.42427E+21,8.45959E+15,4.89701E+16
42184,8,1,26,66,2018,3,7,6,2,2,6,1,0,0,0,0,1,1,0,5.38941E+20,5.45111E+21,9.53466E+15,4.92116E+16
42185,8,2,15,7,2018,3,3,1,2,8,1,2,0,1,0,0,0,0,1,4.81622E+20,5.43506E+21,8.74839E+15,4.90681E+16
42186,8,4,35,52,2018,3,6,3,2,8,6,1,0,1,0,0,0,0,1,5.22537E+20,5.29222E+21,9.30086E+15,4.77829E+16
42187,8,3,36,50,2018,2,19,4,3,2,6,2,0,1,0,0,0,0,0,3.98927E+20,5.27517E+21,7.65484E+15,4.76221E+16
42188,8,2,31,0,2018,2,12,2,3,6,7,0,0,0,1,0,0,1,0,4.79732E+20,5.4161E+21,8.72346E+15,4.88975E+16
42189,8,1,35,25,2018,3,15,5,2,2,6,0,0,1,0,0,1,0,0,5.81102E+20,5.40125E+21,1.01035E+16,4.8759E+16
42190,8,1,11,0,2018,3,19,5,2,0,7,0,0,1,0,1,0,0,0,5.1547E+20,5.40583E+21,9.21069E+15,4.88053E+16
42191,8,2,26,85,2018,3,13,7,3,2,6,0,0,1,0,0,0,0,0,4.92562E+20,5.45379E+21,8.89783E+15,4.92368E+16
42192,8,1,11,0,2018,3,10,3,3,2,6,0,0,1,0,0,0,0,0,5.13029E+20,5.40608E+21,9.17744E+15,4.88076E+16
42193,8,4,36,11,2018,2,9,4,3,2,2,0,0,0,0,0,0,1,0,5.51267E+20,5.29828E+21,9.68509E+15,4.78358E+16
42194,8,2,25,109,2018,2,15,2,3,2,6,0,0,1,0,0,0,0,0,5.27107E+20,5.49222E+21,9.37499E+15,4.9582E+16
42195,8,2,16,7,2018,3,21,2,3,3,6,2,0,1,0,0,0,0,0,4.35526E+20,5.39681E+21,8.12339E+15,4.8721E+16
42196,8,2,25,117,2018,2,18,2,3,4,1,2,0,1,0,0,0,0,0,5.15146E+20,5.47277E+21,9.20878E+15,4.94075E+16
42197,8,3,36,69,2018,3,14,6,3,4,1,0,0,1,0,0,0,0,2,4.04511E+20,5.27028E+21,7.7302E+15,4.75789E+16
42198,8,1,15,37,2018,3,10,2,3,3,6,0,0,1,0,0,1,0,0,4.93757E+20,5.38666E+21,8.91527E+15,4.8633E+16
42199,8,1,25,27,2018,3,13,4,3,2,6,0,0,1,0,0,0,0,0,5.19292E+20,5.44592E+21,9.26464E+15,4.91658E+16
42200,8,3,35,63,2018,2,16,4,2,5,2,0,0,1,0,0,0,0,0,4.97223E+20,5.29133E+21,8.96294E+15,4.77753E+16
42201,8,2,22,0,2018,2,10,2,3,5,2,0,1,0,0,0,1,0,0,4.60581E+20,5.48174E+21,8.45574E+15,4.9487E+16
42202,8,2,21,0,2018,2,13,2,3,5,2,0,0,1,0,1,0,0,0,4.77661E+20,5.47321E+21,8.69205E+15,4.94111E+16
42203,8,1,11,0,2018,3,13,6,3,2,6,0,0,1,0,0,0,0,0,5.07844E+20,5.40621E+21,9.10684E+15,4.88088E+16
42204,8,1,17,28,2018,3,16,7,3,2,6,0,0,1,0,0,0,0,0,5.48132E+20,5.38184E+21,9.65269E+15,4.85878E+16
42205,8,2,12,0,2018,3,9,2,3,2,6,0,0,1,0,0,0,0,0,4.58326E+20,5.4269E+21,8.43031E+15,4.89936E+16
42206,8,2,16,15,2018,2,10,2,3,2,6,0,0,1,0,0,0,0,0,4.50455E+20,5.40418E+21,8.32547E+15,4.87886E+16
42207,8,4,35,16,2018,3,18,6,3,2,6,2,0,1,0,0,0,0,2,5.3674E+20,5.28381E+21,9.48975E+15,4.77066E+16
42208,8,1,28,131,2018,3,16,4,3,5,3,0,0,1,0,0,0,0,0,5.36001E+20,5.51107E+21,9.49976E+15,4.97511E+16
42209,8,2,15,89,2018,2,6,2,3,5,3,1,0,1,0,0,1,0,0,4.7269E+20,5.42997E+21,8.62646E+15,4.9022E+16
42210,8,2,12,0,2018,2,21,2,3,2,6,2,0,1,0,0,0,0,0,4.52989E+20,5.42894E+21,8.35712E+15,4.90115E+16
42211,8,1,17,15,2018,3,13,6,3,2,6,0,0,1,0,0,0,0,0,5.62242E+20,5.39487E+21,9.84596E+15,4.87037E+16
42212,8,2,15,39,2018,3,22,1,3,2,2,2,0,1,0,0,0,0,1,4.72563E+20,5.45208E+21,8.62321E+15,4.92209E+16
42213,8,3,35,75,2018,3,9,3,3,5,2,0,0,1,0,0,0,0,0,4.88176E+20,5.28869E+21,8.84225E+15,4.77515E+16
42214,8,3,35,43,2018,2,8,4,3,2,6,0,0,1,0,0,0,0,0,5.12108E+20,5.28003E+21,9.1613E+15,4.76735E+16
42215,8,2,12,0,2018,2,11,2,3,8,7,0,0,1,0,0,0,0,0,4.58869E+20,5.4282E+21,8.4376E+15,4.90053E+16
42216,8,1,18,73,2018,3,10,5,3,2,2,0,0,1,0,0,0,0,0,4.97398E+20,5.42082E+21,8.96447E+15,4.89403E+16
42217,8,4,26,113,2018,3,7,4,2,5,3,0,0,1,0,0,0,1,1,5.68243E+20,5.31841E+21,9.91511E+15,4.80154E+16
42218,8,2,31,0,2018,3,19,7,3,2,6,2,0,1,0,0,0,0,1,4.76193E+20,5.41557E+21,8.67522E+15,4.88926E+16
42219,8,4,15,61,2018,3,16,2,3,6,4,0,0,1,1,0,0,0,0,5.12795E+20,5.37171E+21,9.1732E+15,4.84984E+16
42220,8,2,16,63,2018,2,16,2,3,5,3,0,0,1,0,0,0,1,0,4.27945E+20,5.40028E+21,8.01973E+15,4.87514E+16
42221,8,2,12,0,2018,3,9,4,3,0,1,0,1,0,0,0,0,0,0,4.56392E+20,5.42824E+21,8.40372E+15,4.90055E+16
42222,8,2,16,43,2018,3,18,2,2,2,6,0,0,1,0,0,0,0,0,4.44053E+20,5.41133E+21,8.23735E+15,4.88524E+16
42223,8,1,28,82,2018,2,17,2,3,8,1,1,0,1,0,0,0,0,0,5.74589E+20,5.47079E+21,1.00277E+16,4.93852E+16
42224,8,3,27,2,2018,3,12,6,3,5,3,0,0,1,0,0,0,0,0,4.77101E+20,5.3291E+21,8.69234E+15,4.81147E+16
42225,8,1,15,13,2018,3,18,2,3,5,3,1,0,1,0,0,0,0,0,4.97113E+20,5.39026E+21,8.96079E+15,4.86654E+16
42226,8,1,19,44,2018,3,5,4,3,9,1,2,0,1,0,0,0,0,1,5.40219E+20,5.42643E+21,9.54975E+15,4.89895E+16
42227,8,3,35,28,2018,2,18,4,2,2,6,2,0,1,0,0,1,0,0,4.81099E+20,5.2878E+21,8.74786E+15,4.77433E+16
42228,8,2,25,60,2018,2,6,2,2,4,6,1,0,1,0,0,0,1,0,5.16766E+20,5.48379E+21,9.23159E+15,4.95065E+16
42229,8,4,37,107,2018,3,8,5,3,5,3,0,0,1,0,0,0,0,2,5.05776E+20,5.32986E+21,9.07761E+15,4.8122E+16
42230,8,1,19,37,2018,3,13,1,3,8,1,0,0,0,0,1,0,0,0,5.44947E+20,5.4189E+21,9.61355E+15,4.89214E+16
42231,8,1,16,47,2018,3,9,3,3,2,6,0,0,1,0,0,0,1,0,5.20976E+20,5.39357E+21,9.28505E+15,4.86949E+16
42232,8,4,35,59,2018,2,7,4,3,3,6,0,0,1,0,0,0,0,0,5.08477E+20,5.29553E+21,9.11323E+15,4.7813E+16
42233,8,1,26,39,2018,2,13,2,3,4,2,0,0,1,0,0,0,0,0,5.51135E+20,5.4641E+21,9.70374E+15,4.93275E+16
42234,8,2,26,103,2018,3,15,4,3,2,6,0,0,1,0,0,0,1,0,4.71613E+20,5.4571E+21,8.60981E+15,4.9266E+16
42235,8,1,36,88,2018,3,11,7,3,2,6,0,0,1,0,0,0,0,0,5.808E+20,5.41221E+21,1.01016E+16,4.88576E+16
42236,8,3,17,21,2018,3,7,2,3,8,1,1,0,0,0,1,0,0,2,4.25634E+20,5.37154E+21,7.99345E+15,4.84925E+16
42237,8,1,27,73,2018,3,16,1,2,9,1,0,0,1,0,0,0,0,0,5.7973E+20,5.44867E+21,1.00941E+16,4.91857E+16
42238,8,3,17,122,2018,3,15,3,2,4,6,0,0,1,0,0,1,0,0,4.17336E+20,5.37023E+21,7.88142E+15,4.84797E+16
42239,8,1,25,102,2018,2,15,2,2,8,1,0,0,1,0,0,0,0,0,5.21909E+20,5.44497E+21,9.30048E+15,4.91572E+16
42240,8,2,37,45,2018,3,16,4,2,4,6,0,0,1,0,0,0,0,0,4.60695E+20,5.35575E+21,8.46946E+15,4.83537E+16
42241,8,1,25,6,2018,3,7,7,3,2,6,0,0,1,0,0,0,0,1,5.05049E+20,5.45111E+21,9.06932E+15,4.92127E+16
42242,8,3,26,5,2018,3,13,2,3,9,1,0,0,1,0,0,1,0,0,4.69061E+20,5.29985E+21,8.58643E+15,4.78513E+16
42243,8,1,19,8,2018,2,14,2,3,1,6,0,0,1,0,0,0,0,0,5.31934E+20,5.42158E+21,9.43613E+15,4.89463E+16
42244,8,2,31,0,2018,3,7,4,3,2,6,0,0,1,0,0,0,0,1,4.80428E+20,5.4086E+21,8.73332E+15,4.88301E+16
42245,8,1,15,3,2018,2,13,4,2,5,2,0,0,1,0,0,0,0,0,5.03295E+20,5.39269E+21,9.04477E+15,4.86873E+16
42246,8,1,25,87,2018,3,14,2,2,4,1,0,0,1,0,0,0,1,0,5.08329E+20,5.45549E+21,9.11445E+15,4.92521E+16