OBJECTID_1,ULAND,UREGBEZ,UKREIS,UGEMEINDE,UJAHR,UMONAT,USTUNDE,UWOCHENTAG,UKATEGORIE,UART,UTYP1,ULICHTVERH,IstRad,IstPKW,IstFuss,IstKrad,IstGkfz,IstSonstig,STRZUSTAND,LINREFX,LINREFY,XGCSWGS84,YGCSWGS84
42247,8,1,18,1,2018,2,9,2,3,2,2,0,0,1,0,0,0,1,0,5.2466E+20,5.41783E+21,9.33656E+15,4.8913E+16
42248,8,3,15,113,2018,3,17,6,3,7,1,2,0,1,1,0,0,0,1,4.43428E+20,5.31051E+21,8.24242E+15,4.79454E+16
42249,8,3,15,76,2018,3,15,1,3,8,1,0,0,1,0,0,0,0,0,3.92763E+20,5.30157E+21,7.56633E+15,4.78585E+16
42250,8,1,16,35,2018,3,9,4,2,1,6,0,0,0,0,0,1,0,0,5.26208E+20,5.39094E+21,9.35598E+15,4.8671E+16
42251,8,3,26,37,2018,2,9,4,3,5,3,0,0,1,0,0,0,0,0,4.56462E+20,5.32832E+21,8.41514E+15,4.81066E+16
42252,8,1,15,16,2018,2,7,2,2,2,6,0,1,1,0,0,0,0,0,4.88851E+20,5.37721E+21,8.84894E+15,4.85479E+16
42253,8,3,35,21,2018,3,15,5,3,5,2,0,0,1,0,0,0,0,1,4.91302E+20,5.30419E+21,8.88364E+15,4.78909E+16
42254,8,4,35,52,2018,3,11,7,3,5,3,0,0,1,0,0,0,0,1,5.21555E+20,5.28981E+21,9.28764E+15,4.77613E+16
42255,8,1,25,30,2018,3,7,3,3,4,2,0,0,1,0,0,0,0,0,5.16507E+20,5.43692E+21,9.22607E+15,4.90849E+16
42256,8,1,17,24,2018,2,7,2,3,1,6,0,0,1,0,0,0,0,0,5.59596E+20,5.38672E+21,9.80884E+15,4.86307E+16
42257,8,1,21,0,2018,3,6,7,3,8,1,0,0,1,0,0,0,0,2,5.12869E+20,5.44842E+21,9.17661E+15,4.91884E+16
42258,8,3,17,151,2018,3,19,2,2,2,6,2,0,1,0,0,0,0,0,4.13848E+20,5.36863E+21,7.83456E+15,4.84649E+16
42259,8,1,16,49,2018,2,13,2,3,2,6,0,0,1,0,0,0,0,0,5.24152E+20,5.38565E+21,9.32774E+15,4.86234E+16
42260,8,1,11,0,2018,3,16,7,3,2,6,0,0,1,0,0,0,0,0,5.12613E+20,5.40249E+21,9.17167E+15,4.87753E+16
42261,8,2,15,108,2018,3,18,4,3,8,7,0,1,0,1,0,0,0,1,4.48026E+20,5.42236E+21,8.29009E+15,4.8952E+16
42262,8,4,16,41,2018,2,7,3,3,2,6,0,0,1,0,0,0,0,0,5.04609E+20,5.37187E+21,9.06239E+15,4.84999E+16
42263,8,1,16,77,2018,2,12,2,3,0,4,0,0,1,1,0,0,0,0,5.17255E+20,5.39109E+21,9.23437E+15,4.86727E+16
42264,8,1,27,14,2018,3,14,6,3,2,6,0,0,1,0,0,0,0,0,5.7539E+20,5.44366E+21,1.00337E+16,4.91411E+16
42265,8,1,16,56,2018,2,9,2,2,1,6,0,0,1,0,0,1,0,0,5.32215E+20,5.39443E+21,9.43783E+15,4.87021E+16
42266,8,2,22,0,2018,3,18,4,3,8,1,1,0,1,0,0,0,0,1,4.65233E+20,5.48401E+21,8.51977E+15,4.95077E+16
42267,8,4,36,64,2018,2,18,3,3,2,6,2,0,1,0,0,0,1,0,5.44454E+20,5.29068E+21,9.59327E+15,4.77679E+16
42268,8,1,15,42,2018,2,13,2,3,0,6,0,0,1,0,0,0,0,0,4.9533E+20,5.40471E+21,8.93641E+15,4.87953E+16
42269,8,2,22,0,2018,3,13,6,3,0,2,0,0,1,0,0,0,1,0,4.63604E+20,5.48347E+21,8.49732E+15,4.95028E+16
42270,8,3,35,79,2018,3,17,1,2,5,3,0,0,1,0,0,0,0,0,4.9916E+20,5.29819E+21,8.98877E+15,4.7837E+16
42271,8,3,25,61,2018,3,7,1,2,8,1,0,0,1,0,0,0,0,2,4.73051E+20,5.35041E+21,8.63657E+15,4.83063E+16
42272,8,1,16,48,2018,3,5,4,3,5,3,2,0,1,0,0,0,0,1,5.33693E+20,5.3909E+21,9.45764E+15,4.86703E+16
42273,8,3,26,27,2018,2,14,4,3,5,2,0,0,1,0,0,0,0,0,4.61314E+20,5.30712E+21,8.48223E+15,4.79163E+16
42274,8,1,15,21,2018,2,17,2,3,2,6,0,0,1,0,0,0,0,0,4.90317E+20,5.3827E+21,8.86868E+15,4.85973E+16
42275,8,3,17,26,2018,3,19,5,2,6,4,2,0,1,1,0,0,0,0,4.12151E+20,5.34537E+21,7.81647E+15,4.82555E+16
42276,8,3,26,68,2018,3,21,7,3,8,6,2,0,1,0,0,0,1,2,4.51039E+20,5.32031E+21,8.34321E+15,4.80342E+16
42277,8,1,16,56,2018,3,11,3,3,2,6,0,0,1,0,0,0,0,0,5.30473E+20,5.39506E+21,9.41421E+15,4.87079E+16
42278,8,1,11,0,2018,2,7,2,3,2,6,0,0,1,0,0,0,0,0,5.1252E+20,5.39967E+21,9.17032E+15,4.87499E+16
42279,8,1,18,12,2018,3,14,7,3,5,2,0,0,1,0,0,0,1,0,5.00602E+20,5.41553E+21,9.00821E+15,4.88927E+16
42280,8,2,12,0,2018,3,19,2,3,3,6,2,0,1,0,0,1,0,0,4.58759E+20,5.42597E+21,8.43631E+15,4.89853E+16
42281,8,4,37,47,2018,2,15,1,3,8,1,0,0,1,0,0,0,0,2,5.19885E+20,5.33614E+21,9.26749E+15,4.81782E+16
42282,8,4,35,5,2018,3,21,6,3,8,1,2,0,1,0,0,0,0,2,5.26369E+20,5.28656E+21,9.35168E+15,4.77319E+16
42283,8,1,25,102,2018,3,17,4,3,2,1,0,0,1,0,0,1,0,0,5.21995E+20,5.442E+21,9.3015E+15,4.91304E+16
42284,8,4,21,0,2018,2,9,1,2,0,1,0,0,1,0,0,0,0,0,5.65178E+20,5.35678E+21,9.87991E+15,4.83608E+16
42285,8,4,25,71,2018,2,8,1,3,9,1,0,0,1,0,0,0,0,2,5.54249E+20,5.37109E+21,9.73423E+15,4.84906E+16
42286,8,1,25,102,2018,3,12,6,3,8,1,0,0,1,0,0,0,0,0,5.20879E+20,5.44519E+21,9.28637E+15,4.91592E+16
42287,8,2,36,67,2018,3,11,1,1,2,6,0,0,1,0,0,0,0,0,4.86046E+20,5.41037E+21,8.80981E+15,4.88461E+16
42288,8,4,25,108,2018,3,16,3,3,4,2,0,0,1,0,0,0,0,0,5.54131E+20,5.35764E+21,9.73089E+15,4.83696E+16
42289,8,3,25,57,2018,2,8,4,3,9,1,0,0,1,0,0,0,0,0,4.69959E+20,5.35814E+21,8.59433E+15,4.83757E+16
42290,8,4,25,20,2018,2,1,1,3,8,1,2,0,1,0,0,0,0,0,5.62815E+20,5.35602E+21,9.84789E+15,4.83542E+16
42291,8,1,28,20,2018,3,7,5,2,5,3,0,0,1,0,0,0,0,0,5.7989E+20,5.47622E+21,1.01019E+16,4.94334E+16
42292,8,1,11,0,2018,3,10,5,3,3,6,0,1,0,0,0,0,1,0,5.08231E+20,5.39743E+21,9.11194E+15,4.87298E+16
42293,8,2,37,19,2018,3,0,7,3,4,6,2,0,1,0,0,0,0,2,4.61736E+20,5.36964E+21,8.48224E+15,4.84788E+16
42294,8,4,26,134,2018,3,8,2,3,4,1,0,0,1,0,0,0,1,1,5.57692E+20,5.33683E+21,9.77613E+15,4.81821E+16
42295,8,4,15,91,2018,2,1,1,3,9,1,2,0,1,0,0,0,0,0,5.15275E+20,5.36358E+21,9.20648E+15,4.84252E+16
42296,8,3,15,84,2018,3,15,1,3,8,1,0,0,1,0,0,0,0,0,4.21741E+20,5.31189E+21,7.95178E+15,4.79556E+16
42297,8,1,11,0,2018,3,13,4,3,2,6,0,0,1,0,0,0,0,0,5.15511E+20,5.40337E+21,9.21115E+15,4.87831E+16
42298,8,3,26,74,2018,2,11,4,2,9,1,0,0,0,0,0,0,1,0,4.61479E+20,5.3233E+21,8.48299E+15,4.80619E+16
42299,8,3,35,80,2018,2,13,1,2,8,1,0,0,0,0,1,0,0,0,4.75101E+20,5.29375E+21,8.66752E+15,4.77966E+16
42300,8,2,11,0,2018,3,20,5,3,0,1,2,0,0,0,1,0,0,0,4.39976E+20,5.40309E+21,8.18298E+15,4.87779E+16
42301,8,1,15,28,2018,3,14,5,3,5,2,0,0,1,0,1,0,0,0,5.04376E+20,5.3994E+21,9.05952E+15,4.87476E+16
42302,8,3,11,0,2018,3,4,7,3,1,6,2,0,1,0,0,0,0,2,4.12571E+20,5.31415E+21,7.82852E+15,4.79746E+16
42303,8,1,11,0,2018,3,15,3,3,3,6,0,0,1,0,0,0,0,0,5.13363E+20,5.40456E+21,9.18195E+15,4.87939E+16
42304,8,3,15,41,2018,2,13,1,3,2,6,0,0,1,0,0,0,0,0,4.2233E+20,5.32221E+21,7.9578E+15,4.80485E+16
42305,8,1,16,42,2018,3,13,7,1,4,6,0,0,1,0,0,0,1,0,5.18766E+20,5.38258E+21,9.25451E+15,4.8596E+16
42306,8,2,36,76,2018,3,16,2,2,4,1,0,0,0,0,1,1,0,0,4.70758E+20,5.42459E+21,8.60042E+15,4.89735E+16
42307,8,2,36,46,2018,2,11,1,3,2,6,0,0,1,0,0,0,1,0,4.83857E+20,5.41656E+21,8.77973E+15,4.89017E+16
42308,8,4,17,2,2018,3,11,6,3,4,6,0,0,1,0,0,1,0,0,4.88552E+20,5.34519E+21,8.84576E+15,4.82598E+16
42309,8,1,25,58,2018,3,5,4,2,8,1,2,0,1,0,0,0,0,1,5.09485E+20,5.44177E+21,9.13002E+15,4.91287E+16
42310,8,3,17,39,2018,2,13,4,3,2,2,0,0,1,0,0,0,0,0,4.40831E+20,5.34648E+21,8.20265E+15,4.82687E+16
42311,8,2,31,0,2018,2,12,1,3,2,6,0,0,1,0,0,0,0,0,4.82685E+20,5.41807E+21,8.76366E+15,4.89154E+16
42312,8,2,37,28,2018,2,15,1,3,8,7,0,0,1,0,0,0,0,0,4.59456E+20,5.36784E+21,8.45156E+15,4.84624E+16
42313,8,1,16,80,2018,3,16,6,3,1,6,0,0,1,0,0,0,0,0,5.22502E+20,5.39477E+21,9.30585E+15,4.87056E+16
42314,8,1,15,21,2018,3,11,1,3,2,6,0,0,1,0,0,0,0,0,4.9253E+20,5.38119E+21,8.89872E+15,4.85837E+16
42315,8,3,26,31,2018,3,13,3,3,3,6,0,0,0,0,1,1,0,0,4.5551E+20,5.33251E+21,8.40191E+15,4.81443E+16
42316,8,3,11,0,2018,2,18,4,3,5,3,2,0,1,0,0,0,0,0,4.1371E+20,5.3168E+21,7.84326E+15,4.79987E+16
42317,8,2,16,63,2018,2,8,1,3,9,1,0,0,1,0,0,0,0,0,4.26244E+20,5.39998E+21,7.99664E+15,4.87485E+16
42318,8,1,11,0,2018,3,15,5,3,5,3,0,1,1,0,0,0,0,0,5.18185E+20,5.40336E+21,9.24755E+15,4.8783E+16
42319,8,1,18,48,2018,3,13,5,3,5,3,0,0,1,0,0,0,1,0,5.19418E+20,5.41798E+21,9.26502E+15,4.89145E+16
42320,8,3,36,69,2018,3,17,4,3,2,7,1,0,1,0,0,0,0,1,4.06874E+20,5.26903E+21,7.76188E+15,4.7568E+16
42321,8,2,22,0,2018,3,14,7,3,2,6,0,0,1,0,0,0,0,0,4.65909E+20,5.47538E+21,8.52985E+15,4.94302E+16
42322,8,4,15,88,2018,3,15,2,2,8,1,0,0,1,0,0,0,0,0,5.43423E+20,5.37059E+21,9.58767E+15,4.84869E+16
42323,8,2,16,43,2018,2,12,1,3,5,2,0,1,1,0,0,0,0,0,4.44823E+20,5.41179E+21,8.24777E+15,4.88566E+16
42324,8,2,37,54,2018,3,17,4,3,5,3,1,0,1,0,0,0,0,1,4.66238E+20,5.3744E+21,8.54277E+15,4.85218E+16
42325,8,1,36,24,2018,3,7,2,3,8,1,0,0,1,0,0,0,0,1,5.65064E+20,5.41272E+21,9.88715E+15,4.8864E+16
42326,8,2,15,29,2018,2,6,1,3,5,3,2,1,1,0,0,0,0,0,4.67257E+20,5.44651E+21,8.55081E+15,4.91706E+16
42327,8,3,17,141,2018,3,22,6,3,9,1,2,0,1,0,0,0,0,1,4.20145E+20,5.37658E+21,7.91821E+15,4.85373E+16
42328,8,1,11,0,2018,3,7,2,3,5,3,0,1,1,0,0,0,0,0,5.17052E+20,5.40568E+21,9.23223E+15,4.88039E+16
42329,8,1,18,79,2018,3,10,4,3,0,3,0,0,0,0,1,0,1,0,5.08026E+20,5.42141E+21,9.10961E+15,4.89455E+16
42330,8,2,31,0,2018,2,17,4,3,9,1,0,0,1,0,0,0,0,0,4.8436E+20,5.41405E+21,8.78668E+15,4.88792E+16
42331,8,2,12,0,2018,3,22,4,2,5,2,2,0,1,0,0,0,0,1,4.61541E+20,5.42876E+21,8.47409E+15,4.90105E+16
42332,8,2,15,7,2018,3,9,2,3,2,6,0,0,1,0,0,0,0,0,4.79121E+20,5.43201E+21,8.71432E+15,4.90406E+16
42333,8,2,12,0,2018,2,19,1,3,2,6,2,0,1,0,0,0,0,0,4.52697E+20,5.42917E+21,8.3531E+15,4.90136E+16
42334,8,4,35,34,2018,3,16,6,3,4,1,0,0,1,0,0,0,0,2,5.31798E+20,5.2834E+21,9.42385E+15,4.77032E+16
42335,8,1,17,26,2018,3,6,2,2,4,6,1,0,1,0,0,0,0,1,5.50306E+20,5.39088E+21,9.68327E+15,4.8669E+16
42336,8,1,25,13,2018,3,21,4,3,5,3,2,0,1,0,0,0,0,0,5.03045E+20,5.4354E+21,9.04169E+15,4.90715E+16
42337,8,2,16,43,2018,2,15,4,3,2,6,0,0,1,0,0,0,1,0,4.44616E+20,5.41257E+21,8.24485E+15,4.88637E+16
42338,8,2,16,7,2018,2,19,1,2,2,6,2,0,1,0,0,1,1,0,4.35948E+20,5.40021E+21,8.1286E+15,4.87516E+16
42339,8,1,18,81,2018,2,18,1,1,5,3,2,0,1,0,0,0,1,0,5.17713E+20,5.4106E+21,9.24143E+15,4.88481E+16
42340,8,4,36,12,2018,3,9,5,3,9,1,0,0,1,0,0,0,0,2,5.52476E+20,5.2984E+21,9.70126E+15,4.78368E+16
42341,8,1,25,38,2018,3,22,1,3,8,7,2,0,1,0,0,0,0,1,5.01116E+20,5.43325E+21,9.01527E+15,4.90521E+16
42342,8,2,26,84,2018,3,15,3,2,2,7,0,0,1,0,0,0,0,0,4.67236E+20,5.4675E+21,8.5488E+15,4.93593E+16
42343,8,2,37,28,2018,2,21,4,3,4,6,2,0,1,0,0,0,0,0,4.60621E+20,5.36649E+21,8.46745E+15,4.84503E+16
42344,8,1,15,28,2018,2,8,1,2,6,4,0,0,1,1,0,0,0,0,5.01381E+20,5.40709E+21,9.01881E+15,4.88168E+16
42345,8,3,36,14,2018,3,14,4,3,0,4,0,0,0,1,0,1,0,0,3.90976E+20,5.28092E+21,7.54761E+15,4.76725E+16
42346,8,1,11,0,2018,3,14,7,3,2,3,0,0,1,0,0,0,0,0,5.0509E+20,5.39707E+21,9.06921E+15,4.87266E+16
42347,8,3,25,53,2018,3,15,2,3,6,4,0,0,1,1,0,0,0,0,4.5477E+20,5.34196E+21,8.39096E+15,4.82293E+16
42348,8,1,18,19,2018,2,3,1,3,9,7,2,0,1,0,0,0,0,0,5.0212E+20,5.40481E+21,9.02886E+15,4.87963E+16
42349,8,1,18,14,2018,3,10,5,2,4,5,0,0,1,0,0,0,1,0,5.21496E+20,5.42095E+21,9.29354E+15,4.89411E+16
42350,8,2,25,117,2018,3,16,4,3,5,3,0,0,1,0,0,0,0,1,5.11916E+20,5.46931E+21,9.16415E+15,4.93764E+16
42351,8,1,11,0,2018,2,15,4,3,5,3,0,0,1,0,0,0,0,0,5.16708E+20,5.39862E+21,9.22725E+15,4.87403E+16
42352,8,1,28,14,2018,2,2,1,3,4,6,2,0,1,0,0,0,0,0,5.44725E+20,5.47966E+21,9.61728E+15,4.94679E+16
42353,8,2,16,43,2018,3,14,6,3,2,6,0,0,1,0,0,0,0,0,4.44675E+20,5.41239E+21,8.24568E+15,4.8862E+16
42354,8,3,37,90,2018,3,1,1,3,8,1,2,0,1,0,0,0,0,1,4.2486E+20,5.2761E+21,7.99975E+15,4.7634E+16
42355,8,1,16,78,2018,3,17,4,3,2,6,1,0,1,0,0,0,0,0,5.12487E+20,5.39381E+21,9.1697E+15,4.86972E+16
42356,8,2,35,85,2018,2,23,4,3,9,1,2,0,1,0,0,0,0,1,4.78994E+20,5.39597E+21,8.71443E+15,4.87164E+16
42357,8,1,25,111,2018,2,15,1,3,4,6,0,0,1,0,0,0,0,0,5.26573E+20,5.45341E+21,9.365E+15,4.92329E+16
42358,8,3,35,43,2018,3,22,5,3,5,3,2,0,1,0,0,0,0,0,5.11458E+20,5.28019E+21,9.15265E+15,4.7675E+16
42359,8,4,26,74,2018,3,21,7,3,9,1,2,0,1,0,0,0,0,2,5.56748E+20,5.32682E+21,9.7621E+15,4.80921E+16
42360,8,1,18,79,2018,3,18,3,3,2,2,0,0,1,0,0,0,0,0,5.09151E+20,5.42137E+21,9.12498E+15,4.89452E+16
42361,8,2,22,0,2018,2,10,4,2,2,6,0,0,1,0,0,1,0,0,4.65419E+20,5.48021E+21,8.52267E+15,4.94736E+16
42362,8,1,19,93,2018,2,16,1,3,5,3,0,0,1,0,0,0,0,0,5.21263E+20,5.40587E+21,9.28958E+15,4.88055E+16
42363,8,1,16,4,2018,2,14,1,3,5,3,0,0,1,0,0,0,0,0,5.28004E+20,5.39663E+21,9.38076E+15,4.87221E+16
42364,8,4,21,0,2018,3,14,5,2,8,7,0,0,1,0,0,0,0,0,5.73554E+20,5.36249E+21,9.99397E+15,4.84112E+16
42365,8,4,36,6,2018,3,0,7,3,9,1,2,0,1,0,0,0,0,2,5.53744E+20,5.28171E+21,9.71614E+15,4.76865E+16
42366,8,1,27,76,2018,3,21,3,3,5,3,2,0,1,0,0,0,0,0,5.51724E+20,5.43977E+21,9.70872E+15,4.91086E+16
42367,8,1,15,42,2018,2,4,4,3,2,7,2,0,1,0,0,1,0,0,4.91621E+20,5.40794E+21,8.88584E+15,4.88244E+16
42368,8,1,16,77,2018,2,18,1,3,2,6,2,0,1,0,0,0,0,1,5.16686E+20,5.39005E+21,9.2266E+15,4.86632E+16
42369,8,1,28,7,2018,3,1,7,3,8,1,2,0,1,0,0,0,0,2,5.53471E+20,5.47392E+21,9.73721E+15,4.94156E+16
42370,8,3,17,1,2018,3,7,2,3,9,1,0,0,1,0,0,0,0,2,4.33058E+20,5.38299E+21,8.09208E+15,4.85964E+16
42371,8,4,26,14,2018,2,19,7,2,4,1,1,0,1,0,0,0,0,2,5.49957E+20,5.31678E+21,9.66973E+15,4.80024E+16
42372,8,2,16,33,2018,3,19,4,3,5,2,2,0,1,0,0,0,0,1,4.47617E+20,5.41268E+21,8.28575E+15,4.88648E+16
42373,8,4,35,16,2018,2,8,3,3,2,6,0,0,1,0,0,0,1,0,5.36823E+20,5.28102E+21,9.49062E+15,4.76816E+16
42374,8,1,17,33,2018,2,14,7,2,2,6,0,0,1,0,0,0,0,0,5.58105E+20,5.38835E+21,9.78882E+15,4.86455E+16
42375,8,2,21,0,2018,3,14,6,3,0,7,0,1,0,0,0,0,0,0,4.76974E+20,5.47566E+21,8.68243E+15,4.94331E+16
42376,8,3,25,72,2018,3,5,1,3,9,1,2,0,1,0,0,0,0,2,4.68577E+20,5.32635E+21,8.57802E+15,4.80896E+16
42377,8,3,17,96,2018,3,13,1,3,9,6,0,0,1,0,0,0,0,0,4.20516E+20,5.37522E+21,7.92349E+15,4.8525E+16
42378,8,1,11,0,2018,3,10,4,2,5,3,0,0,1,0,0,0,0,0,5.13949E+20,5.4037E+21,9.1899E+15,4.87861E+16
42379,8,1,36,65,2018,2,12,4,3,3,2,0,1,1,0,0,0,0,0,5.592E+20,5.40462E+21,9.80602E+15,4.87918E+16
42380,8,4,25,31,2018,2,16,7,2,4,6,0,0,1,0,0,0,0,2,5.69312E+20,5.36963E+21,9.93784E+15,4.8476E+16
42381,8,2,15,9,2018,3,0,5,2,8,1,2,0,1,0,0,0,0,0,4.68631E+20,5.43924E+21,8.57022E+15,4.91052E+16
42382,8,3,16,56,2018,3,21,7,3,4,1,2,0,1,0,0,0,0,1,4.21217E+20,5.32592E+21,7.94218E+15,4.80817E+16
42383,8,1,15,50,2018,3,8,3,3,0,6,0,0,1,0,0,0,0,0,4.88765E+20,5.40333E+21,8.84705E+15,4.87829E+16
42384,8,4,21,0,2018,2,13,7,3,4,1,0,0,1,0,0,0,0,2,5.72375E+20,5.36531E+21,9.97853E+15,4.84368E+16
42385,8,1,17,24,2018,3,9,7,3,5,3,0,0,1,0,0,0,0,1,5.60809E+20,5.38593E+21,9.82518E+15,4.86235E+16
42386,8,2,15,100,2018,3,10,2,2,1,5,0,0,1,0,0,0,1,1,4.74777E+20,5.45231E+21,8.65361E+15,4.92231E+16
42387,8,4,25,71,2018,2,17,7,3,8,1,0,0,1,0,0,0,0,2,5.55044E+20,5.3703E+21,9.74489E+15,4.84834E+16
42388,8,4,35,30,2018,3,16,6,3,8,7,0,0,1,0,0,0,0,2,5.42418E+20,5.27401E+21,9.56448E+15,4.76181E+16
42389,8,1,17,30,2018,3,13,4,3,6,4,0,0,1,1,0,0,0,0,5.47687E+20,5.38988E+21,9.64757E+15,4.86602E+16
42390,8,4,15,90,2018,2,23,7,3,9,1,2,0,1,0,0,0,0,2,5.2425E+20,5.35678E+21,9.32739E+15,4.83637E+16
42391,8,1,19,91,2018,3,7,7,3,5,2,0,0,1,0,0,0,0,0,5.28133E+20,5.40582E+21,9.38314E+15,4.88047E+16
42392,8,3,15,15,2018,3,19,2,3,5,3,2,0,1,0,0,0,0,0,3.98997E+20,5.31507E+21,7.64648E+15,4.7981E+16
42393,8,4,16,31,2018,2,12,7,3,2,6,0,0,1,0,0,0,0,0,5.02504E+20,5.362E+21,9.03384E+15,4.84112E+16
42394,8,4,37,118,2018,3,8,6,3,5,7,0,0,1,0,0,0,0,1,5.12888E+20,5.30864E+21,9.17254E+15,4.7931E+16
42395,8,2,12,0,2018,3,16,4,3,2,6,0,0,1,0,0,0,0,1,4.5878E+20,5.42602E+21,8.4366E+15,4.89857E+16
42396,8,4,15,19,2018,2,14,7,3,2,5,0,0,1,0,0,0,0,0,5.18498E+20,5.36953E+21,9.2503E+15,4.84786E+16
42397,8,3,26,61,2018,2,18,7,3,2,6,2,0,1,0,0,0,0,1,4.71554E+20,5.31993E+21,8.61842E+15,4.80321E+16
42398,8,1,27,14,2018,3,13,6,2,5,3,0,0,1,0,0,1,0,0,5.72352E+20,5.44654E+21,9.99253E+15,4.91674E+16
42399,8,2,15,59,2018,3,17,1,1,8,1,0,0,1,0,0,0,0,0,4.87429E+20,5.43601E+21,8.82787E+15,4.90768E+16
42400,8,4,35,35,2018,3,17,3,3,2,6,0,0,1,0,0,0,0,0,5.45036E+20,5.2846E+21,9.60041E+15,4.77132E+16
42401,8,1,19,1,2018,2,15,4,3,5,3,0,0,1,0,0,0,0,0,5.5445E+20,5.41012E+21,9.74209E+15,4.88417E+16
42402,8,3,16,43,2018,2,10,7,3,2,6,0,0,1,0,0,0,0,0,4.09662E+20,5.33019E+21,7.78617E+15,4.81186E+16
42403,8,1,35,19,2018,3,7,5,3,1,6,0,0,1,0,0,0,0,0,5.85212E+20,5.39162E+21,1.01574E+16,4.86718E+16
42404,8,1,11,0,2018,3,5,5,3,9,1,2,0,1,0,0,0,0,0,5.13469E+20,5.40575E+21,9.18344E+15,4.88046E+16
42405,8,2,15,39,2018,3,12,7,3,2,6,0,0,1,0,0,0,0,0,4.71069E+20,5.4532E+21,8.60262E+15,4.92309E+16
42406,8,1,11,0,2018,3,20,3,3,5,2,2,0,1,0,0,0,0,0,5.12027E+20,5.41093E+21,9.16395E+15,4.88512E+16
42407,8,4,36,5,2018,2,14,4,3,2,2,0,0,1,0,0,0,0,1,5.40181E+20,5.3079E+21,9.53785E+15,4.79232E+16
42408,8,3,37,39,2018,2,13,7,3,5,3,0,0,1,0,0,0,0,0,4.46189E+20,5.29083E+21,8.28184E+15,4.77686E+16
42409,8,1,11,0,2018,3,18,7,3,2,6,1,0,1,0,0,0,0,1,5.14513E+20,5.406E+21,9.19766E+15,4.88069E+16
42410,8,2,22,0,2018,3,9,2,3,2,6,0,0,1,0,0,0,0,0,4.65052E+20,5.48188E+21,8.51746E+15,4.94885E+16
42411,8,3,36,69,2018,2,14,7,3,8,7,0,0,1,0,0,0,0,0,4.07443E+20,5.27441E+21,7.7683E+15,4.76164E+16
42412,8,3,37,126,2018,3,17,6,3,8,1,0,0,1,0,0,0,0,1,4.47583E+20,5.27631E+21,8.30219E+15,4.7638E+16
42413,8,1,18,49,2018,3,6,2,3,2,6,1,0,1,0,0,1,0,0,5.19151E+20,5.42104E+21,9.26152E+15,4.8942E+16
42414,8,1,25,102,2018,3,21,4,3,4,6,2,0,1,0,0,0,0,0,5.22537E+20,5.44653E+21,9.30919E+15,4.91712E+16
42415,8,1,19,87,2018,2,7,4,3,2,6,0,0,1,0,0,0,0,0,5.28215E+20,5.42443E+21,9.38554E+15,4.89721E+16
42416,8,3,35,21,2018,2,0,7,3,8,1,2,0,1,0,0,0,0,2,4.97018E+20,5.30695E+21,8.9601E+15,4.79158E+16
42417,8,3,35,22,2018,2,1,7,1,9,1,2,0,1,0,0,0,0,2,4.83227E+20,5.30339E+21,8.77565E+15,4.78836E+16
42418,8,1,15,21,2018,3,20,6,3,0,7,2,0,1,0,0,0,0,1,4.89702E+20,5.38486E+21,8.86028E+15,4.86167E+16
42419,8,1,28,131,2018,3,13,1,2,2,6,0,0,0,0,1,0,0,0,5.39303E+20,5.51245E+21,9.54574E+15,4.97632E+16
42420,8,3,17,96,2018,3,10,3,3,2,6,0,0,1,0,0,0,0,0,4.19744E+20,5.37402E+21,7.91327E+15,4.85142E+16
42421,8,1,18,48,2018,2,14,4,3,5,7,0,1,1,0,0,0,0,0,5.14248E+20,5.41498E+21,9.19436E+15,4.88876E+16
42422,8,3,35,63,2018,2,10,7,2,6,4,0,0,1,1,0,0,0,0,5.02152E+20,5.2912E+21,9.02873E+15,4.77742E+16
42423,8,3,35,28,2018,3,13,4,3,2,6,0,0,1,0,0,0,0,0,4.84773E+20,5.28717E+21,8.79689E+15,4.77377E+16
42424,8,3,27,38,2018,2,19,7,3,8,1,2,0,1,0,0,0,0,2,5.00695E+20,5.31498E+21,9.00931E+15,4.79881E+16
42425,8,1,18,49,2018,3,10,6,3,4,6,0,0,1,0,0,0,0,0,5.18551E+20,5.42042E+21,9.25331E+15,4.89364E+16
42426,8,2,16,15,2018,3,5,1,3,9,1,2,0,1,0,0,0,0,2,4.55392E+20,5.41089E+21,8.39195E+15,4.88494E+16
42427,8,3,37,125,2018,3,7,3,2,8,1,0,0,1,0,0,0,0,1,4.50368E+20,5.269E+21,8.34009E+15,4.75725E+16
42428,8,3,25,49,2018,2,20,7,3,2,6,2,0,1,0,0,0,0,0,4.72373E+20,5.33473E+21,8.62845E+15,4.81653E+16
42429,8,1,27,46,2018,3,11,5,2,2,6,0,0,0,0,0,1,0,0,5.71637E+20,5.44739E+21,9.98287E+15,4.91752E+16
42430,8,4,35,5,2018,3,8,4,3,2,2,0,0,1,0,0,0,0,1,5.27087E+20,5.28628E+21,9.36123E+15,4.77293E+16
42431,8,2,31,0,2018,3,12,7,3,1,6,0,0,1,0,0,0,1,0,4.79324E+20,5.4182E+21,8.71779E+15,4.89164E+16
42432,8,4,25,33,2018,3,16,2,3,2,6,0,0,1,0,0,0,0,0,5.54264E+20,5.34893E+21,9.73157E+15,4.82912E+16
42433,8,3,17,151,2018,2,20,7,3,2,6,2,0,1,0,0,0,1,0,4.12624E+20,5.36759E+21,7.81822E+15,4.84554E+16
42434,8,2,15,46,2018,3,16,4,3,2,6,0,0,1,0,0,0,0,1,4.51898E+20,5.41697E+21,8.34361E+15,4.89038E+16
42435,8,2,12,0,2018,3,19,2,3,5,3,2,0,1,0,0,0,0,0,4.54354E+20,5.42828E+21,8.37586E+15,4.90057E+16