OBJECTID_1,ULAND,UREGBEZ,UKREIS,UGEMEINDE,UJAHR,UMONAT,USTUNDE,UWOCHENTAG,UKATEGORIE,UART,UTYP1,ULICHTVERH,IstRad,IstPKW,IstFuss,IstKrad,IstGkfz,IstSonstig,STRZUSTAND,LINREFX,LINREFY,XGCSWGS84,YGCSWGS84
42436,8,3,17,39,2018,2,20,7,2,5,2,2,0,1,0,0,0,0,0,4.39908E+20,5.34834E+21,8.18995E+15,4.82854E+16
42437,8,3,27,49,2018,3,12,6,3,4,6,0,0,1,0,0,0,0,1,4.73001E+20,5.32489E+21,8.63752E+15,4.80767E+16
42438,8,1,16,56,2018,3,14,2,3,3,3,0,0,1,0,0,0,0,0,5.30499E+20,5.3956E+21,9.4146E+15,4.87126E+16
42439,8,1,19,67,2018,3,6,4,3,1,6,1,0,1,0,0,0,0,0,5.40802E+20,5.40345E+21,9.55543E+15,4.87827E+16
42440,8,3,16,37,2018,2,11,7,3,8,1,0,0,1,0,0,0,0,0,4.05507E+20,5.33638E+21,7.72898E+15,4.81737E+16
42441,8,4,36,64,2018,3,8,5,3,2,6,0,0,1,0,0,0,0,2,5.442E+20,5.29083E+21,9.5899E+15,4.77693E+16
42442,8,1,21,0,2018,3,10,1,3,5,3,0,0,1,0,0,0,0,0,5.1435E+20,5.4444E+21,9.19679E+15,4.91523E+16
42443,8,2,16,43,2018,3,11,3,2,5,3,0,0,1,0,0,0,0,0,4.43979E+20,5.40714E+21,8.23691E+15,4.88147E+16
42444,8,2,26,95,2018,2,10,7,2,2,6,0,0,1,0,0,0,0,0,4.73104E+20,5.46333E+21,8.62988E+15,4.93221E+16
42445,8,3,36,50,2018,3,10,4,3,2,6,0,0,1,0,0,0,0,0,3.99558E+20,5.27585E+21,7.66307E+15,4.76283E+16
42446,8,1,36,66,2018,3,10,7,3,5,3,0,0,1,0,0,0,0,0,5.55827E+20,5.41433E+21,9.76143E+15,4.88794E+16
42447,8,3,17,34,2018,3,18,2,3,2,2,1,0,1,0,0,0,1,0,4.27293E+20,5.35732E+21,8.01837E+15,4.83648E+16
42448,8,2,26,103,2018,2,18,7,2,1,1,2,0,1,0,0,0,1,0,4.7386E+20,5.45803E+21,8.64064E+15,4.92745E+16
42449,8,2,22,0,2018,3,15,4,3,3,6,0,0,1,0,0,1,0,0,4.61814E+20,5.48055E+21,8.47287E+15,4.94764E+16
42450,8,4,36,5,2018,2,8,3,3,5,3,0,0,1,0,0,0,0,0,5.41602E+20,5.30845E+21,9.55692E+15,4.7928E+16
42451,8,2,12,0,2018,3,13,7,2,2,6,0,0,1,0,0,0,0,0,4.55171E+20,5.42833E+21,8.38702E+15,4.90063E+16
42452,8,3,37,96,2018,3,15,2,3,5,2,0,0,1,0,1,0,0,0,4.24266E+20,5.26776E+21,7.99329E+15,4.75589E+16
42453,8,2,26,95,2018,2,14,7,2,2,6,0,0,1,0,0,1,1,0,4.70722E+20,5.46036E+21,8.59733E+15,4.92952E+16
42454,8,2,37,28,2018,3,10,4,3,2,6,0,0,1,0,0,0,0,0,4.56613E+20,5.36808E+21,8.41308E+15,4.84644E+16
42455,8,1,15,28,2018,2,7,4,3,2,6,0,0,1,0,0,0,0,0,5.03074E+20,5.40172E+21,9.04184E+15,4.87685E+16
42456,8,1,26,28,2018,3,14,2,3,5,3,0,0,0,0,1,0,1,0,5.40797E+20,5.46011E+21,9.56107E+15,4.92924E+16
42457,8,2,26,103,2018,2,12,7,2,2,6,0,0,1,0,0,0,0,0,4.70974E+20,5.45435E+21,8.60123E+15,4.92412E+16
42458,8,3,17,96,2018,3,12,6,3,3,6,0,0,1,0,0,0,0,0,4.18856E+20,5.36945E+21,7.90213E+15,4.8473E+16
42459,8,4,17,8,2018,3,7,1,3,9,1,1,0,1,0,0,0,0,2,4.9313E+20,5.35178E+21,8.90733E+15,4.83192E+16
42460,8,1,17,26,2018,3,18,4,1,5,3,2,0,1,0,0,0,1,0,5.48174E+20,5.39413E+21,9.65468E+15,4.86984E+16
42461,8,2,31,0,2018,2,19,7,3,2,6,2,0,1,0,0,0,0,0,4.85136E+20,5.41152E+21,8.79736E+15,4.88565E+16
42462,8,3,37,65,2018,3,16,5,2,5,2,0,0,1,0,0,0,0,1,4.49885E+20,5.2754E+21,8.33294E+15,4.76301E+16
42463,8,4,35,47,2018,3,20,7,3,8,1,2,0,1,0,0,0,0,2,5.13122E+20,5.29679E+21,9.17531E+15,4.78243E+16
42464,8,1,21,0,2018,3,8,3,2,4,2,0,1,1,0,0,0,0,0,5.13918E+20,5.44332E+21,9.19083E+15,4.91426E+16
42465,8,2,15,103,2018,2,15,7,3,3,6,0,0,1,0,0,0,1,0,4.67722E+20,5.44358E+21,8.55742E+15,4.91442E+16
42466,8,1,21,0,2018,3,11,7,3,2,6,0,0,1,0,0,0,0,0,5.16301E+20,5.44156E+21,9.22343E+15,4.91267E+16
42467,8,3,17,96,2018,3,15,2,2,2,6,0,0,1,0,0,0,0,0,4.18937E+20,5.36953E+21,7.90321E+15,4.84737E+16
42468,8,2,37,40,2018,2,10,7,3,2,6,0,0,1,0,0,0,0,0,4.77991E+20,5.36721E+21,8.70231E+15,4.84576E+16
42469,8,2,15,105,2018,3,21,4,3,2,6,2,0,1,0,0,0,0,0,4.58304E+20,5.44038E+21,8.42862E+15,4.91148E+16
42470,8,4,17,8,2018,2,21,3,3,2,6,2,0,1,0,0,0,0,0,4.93405E+20,5.35193E+21,8.91104E+15,4.83205E+16
42471,8,2,35,7,2018,2,15,7,3,2,6,0,0,1,0,0,0,0,0,4.84193E+20,5.39899E+21,8.78498E+15,4.87437E+16
42472,8,4,21,0,2018,3,15,6,2,5,3,0,0,1,0,0,0,0,0,5.67668E+20,5.3559E+21,9.91338E+15,4.83527E+16
42473,8,3,15,39,2018,3,16,1,3,8,1,0,0,1,0,0,0,0,1,4.45914E+20,5.30566E+21,8.27631E+15,4.7902E+16
42474,8,1,11,0,2018,3,12,4,3,3,6,0,0,1,0,0,1,0,0,5.15738E+20,5.40479E+21,9.2143E+15,4.87959E+16
42475,8,1,16,19,2018,3,11,5,3,3,6,0,0,1,0,0,0,1,0,5.23088E+20,5.39868E+21,9.31403E+15,4.87408E+16
42476,8,2,31,0,2018,2,19,7,2,5,2,2,0,1,0,0,0,0,0,4.75393E+20,5.41503E+21,8.66433E+15,4.88877E+16
42477,8,2,21,0,2018,3,7,5,3,0,3,0,1,1,0,0,0,0,0,4.77523E+20,5.47416E+21,8.69008E+15,4.94197E+16
42478,8,1,16,37,2018,3,15,5,3,0,1,0,0,0,0,1,0,0,0,5.34253E+20,5.39712E+21,9.46575E+15,4.87262E+16
42479,8,2,15,66,2018,2,14,7,3,2,6,0,0,1,0,0,0,0,0,4.63572E+20,5.44813E+21,8.5001E+15,4.91849E+16
42480,8,2,36,4,2018,3,7,6,3,2,6,0,0,1,0,0,0,0,0,4.73484E+20,5.41615E+21,8.63821E+15,4.88978E+16
42481,8,4,36,9,2018,3,13,1,2,2,2,0,0,1,0,0,0,0,0,5.56583E+20,5.31073E+21,9.75776E+15,4.79474E+16
42482,8,1,16,16,2018,3,8,4,3,5,3,0,0,1,0,0,0,1,1,5.33555E+20,5.38522E+21,9.45531E+15,4.86192E+16
42483,8,1,36,65,2018,2,15,7,3,8,1,0,0,1,0,0,0,0,0,5.52148E+20,5.40483E+21,9.71005E+15,4.87942E+16
42484,8,3,17,34,2018,3,7,5,3,2,6,0,0,1,0,0,0,0,0,4.27201E+20,5.36145E+21,8.01641E+15,4.8402E+16
42485,8,3,36,103,2018,3,1,7,3,8,1,2,0,1,0,0,0,0,2,4.15948E+20,5.28431E+21,7.87956E+15,4.77067E+16
42486,8,1,17,49,2018,3,6,3,3,8,6,2,1,0,0,0,0,1,0,5.55557E+20,5.39212E+21,9.75475E+15,4.86796E+16
42487,8,1,35,20,2018,2,14,7,3,4,6,0,0,1,0,0,0,0,2,5.8371E+20,5.38033E+21,1.01348E+16,4.85704E+16
42488,8,1,19,8,2018,3,11,7,3,5,3,0,0,1,0,0,0,0,0,5.34203E+20,5.42284E+21,9.46723E+15,4.89576E+16
42489,8,2,26,28,2018,3,12,2,2,2,7,0,0,1,0,0,0,0,0,4.73802E+20,5.48517E+21,8.63805E+15,4.95186E+16
42490,8,4,26,134,2018,2,16,7,1,8,1,0,0,1,0,0,0,0,2,5.58148E+20,5.33635E+21,9.78221E+15,4.81777E+16
42491,8,4,36,1,2018,3,18,6,3,5,3,2,0,1,0,0,0,0,2,5.53657E+20,5.27394E+21,9.71403E+15,4.76166E+16
42492,8,1,26,11,2018,3,8,4,3,1,6,0,0,1,0,0,0,0,0,5.30017E+20,5.44751E+21,9.41188E+15,4.91797E+16
42493,8,1,35,15,2018,2,14,7,3,5,3,0,0,1,0,0,0,0,0,5.74856E+20,5.38674E+21,1.00159E+16,4.86292E+16
42494,8,4,25,72,2018,2,20,7,3,3,6,2,0,1,0,0,0,0,0,5.80342E+20,5.3718E+21,1.00875E+16,4.84942E+16
42495,8,1,25,110,2018,3,11,6,3,0,7,0,0,1,0,0,0,0,0,5.30254E+20,5.44327E+21,9.41481E+15,4.91415E+16
42496,8,2,35,55,2018,3,15,1,3,4,1,0,0,1,0,0,0,0,0,4.75716E+20,5.40079E+21,8.66957E+15,4.87596E+16
42497,8,4,26,108,2018,3,6,3,3,5,3,0,0,1,0,0,0,0,1,5.71278E+20,5.33905E+21,9.95926E+15,4.82006E+16
42498,8,1,28,131,2018,2,13,7,2,5,3,0,0,1,0,0,0,0,0,5.40818E+20,5.51389E+21,9.56693E+15,4.97761E+16
42499,8,1,35,26,2018,3,17,5,3,1,6,1,0,1,0,0,0,0,0,5.89515E+20,5.39373E+21,1.02163E+16,4.86902E+16
42500,8,1,11,0,2018,3,8,5,3,2,6,0,0,1,0,0,0,0,0,5.12457E+20,5.39656E+21,9.16937E+15,4.87219E+16
42501,8,2,15,90,2018,3,4,7,2,8,1,2,0,1,0,0,1,0,1,4.64352E+20,5.4358E+21,8.5119E+15,4.9074E+16
42502,8,4,35,29,2018,3,19,2,3,5,3,2,1,1,0,0,0,0,0,5.45216E+20,5.27223E+21,9.60154E+15,4.76019E+16
42503,8,3,36,91,2018,2,11,4,3,5,2,0,0,1,0,0,0,0,0,3.95035E+20,5.27302E+21,7.60357E+15,4.76021E+16
42504,8,1,28,139,2018,2,14,7,2,8,1,0,0,1,0,0,0,0,0,5.52101E+20,5.4902E+21,9.72047E+15,4.95622E+16
42505,8,2,11,0,2018,3,13,2,3,0,7,0,0,0,0,0,0,1,0,4.38122E+20,5.39728E+21,8.15861E+15,4.87255E+16
42506,8,3,35,75,2018,3,17,6,3,9,1,0,0,1,0,0,0,0,2,4.90647E+20,5.29336E+21,8.87511E+15,4.77936E+16
42507,8,1,17,49,2018,3,12,2,3,2,2,0,0,1,0,1,0,0,0,5.5615E+20,5.39256E+21,9.76286E+15,4.86835E+16
42508,8,2,16,7,2018,3,19,1,3,8,1,2,0,1,0,0,0,0,0,4.34867E+20,5.39624E+21,8.11452E+15,4.87158E+16
42509,8,2,15,109,2018,3,6,2,2,5,3,1,0,1,0,0,0,0,1,4.61689E+20,5.43556E+21,8.47546E+15,4.90717E+16
42510,8,2,16,23,2018,3,12,1,3,5,3,0,0,1,0,0,0,1,0,4.37048E+20,5.40683E+21,8.14255E+15,4.88113E+16
42511,8,2,26,98,2018,3,16,4,2,5,6,0,0,1,0,1,0,0,0,4.79206E+20,5.46064E+21,8.71399E+15,4.92982E+16
42512,8,1,18,80,2018,3,19,1,3,2,6,2,0,1,0,0,0,1,1,5.08548E+20,5.41037E+21,9.11651E+15,4.88462E+16
42513,8,3,26,12,2018,3,12,3,3,2,6,0,0,1,0,0,0,0,1,4.62696E+20,5.30975E+21,8.5005E+15,4.794E+16
42514,8,1,36,42,2018,3,20,1,3,5,3,2,0,1,0,0,0,0,1,5.51612E+20,5.40497E+21,9.70277E+15,4.87955E+16
42515,8,4,26,70,2018,3,19,2,3,5,3,1,0,1,0,1,0,0,0,5.65176E+20,5.34217E+21,9.87763E+15,4.82294E+16
42516,8,1,36,19,2018,3,19,1,1,6,4,2,0,1,1,0,0,0,0,5.86601E+20,5.42317E+21,1.0183E+16,4.89554E+16
42517,8,1,35,19,2018,3,2,1,2,0,1,2,0,1,0,0,0,0,1,5.85852E+20,5.38917E+21,1.01656E+16,4.86497E+16
42518,8,1,26,66,2018,3,19,1,3,5,3,2,0,1,0,0,0,0,1,5.36865E+20,5.45E+21,9.50606E+15,4.92017E+16
42519,8,1,26,60,2018,3,10,1,3,9,1,0,0,0,0,1,0,0,1,5.44921E+20,5.45998E+21,9.61776E+15,4.92909E+16
42520,8,2,25,60,2018,3,7,4,2,0,1,0,0,1,0,0,0,0,1,5.14838E+20,5.48583E+21,9.20503E+15,4.95249E+16
42521,8,1,25,63,2018,3,18,1,2,8,1,2,0,1,0,0,0,0,1,5.28558E+20,5.46229E+21,9.39291E+15,4.93127E+16
42522,8,3,17,110,2018,3,6,3,3,2,6,2,0,1,0,0,0,0,0,4.24936E+20,5.38286E+21,7.98197E+15,4.85943E+16
42523,8,1,25,102,2018,3,19,1,3,9,1,2,0,1,0,0,0,0,1,5.22594E+20,5.44289E+21,9.30977E+15,4.91384E+16
42524,8,2,15,84,2018,3,11,4,2,9,1,0,0,1,0,0,0,0,0,4.74162E+20,5.44779E+21,8.64544E+15,4.91824E+16
42525,8,1,25,78,2018,3,19,1,3,5,2,2,0,1,0,0,0,0,1,5.19506E+20,5.45394E+21,9.26796E+15,4.92379E+16
42526,8,3,11,0,2018,3,3,3,3,5,3,2,0,1,0,1,0,0,1,4.11254E+20,5.32012E+21,7.80965E+15,4.80282E+16
42527,8,1,25,26,2018,3,11,2,3,0,7,0,0,0,0,1,0,0,1,4.94408E+20,5.44061E+21,8.92337E+15,4.91183E+16
42528,8,1,18,73,2018,3,0,1,3,5,3,2,0,1,0,0,0,0,1,4.98027E+20,5.41881E+21,8.97306E+15,4.89222E+16
42529,8,1,19,55,2018,3,21,2,2,9,7,2,0,0,0,0,0,1,0,5.43352E+20,5.40576E+21,9.59039E+15,4.88033E+16
42530,8,3,35,43,2018,3,18,2,3,5,2,2,0,1,0,0,0,0,1,5.15157E+20,5.28085E+21,9.20195E+15,4.76809E+16
42531,8,1,18,11,2018,3,13,1,3,2,2,0,0,1,0,0,0,0,0,5.05333E+20,5.40779E+21,9.07266E+15,4.88231E+16
42532,8,1,17,26,2018,3,14,1,3,1,6,0,0,1,0,0,0,0,0,5.46891E+20,5.39405E+21,9.63724E+15,4.86977E+16
42533,8,1,17,26,2018,3,23,1,3,8,1,2,0,1,0,0,0,0,1,5.47781E+20,5.39544E+21,9.64951E+15,4.87101E+16
42534,8,1,18,54,2018,3,20,4,3,5,2,2,0,1,0,0,0,0,0,5.19559E+20,5.42351E+21,9.26722E+15,4.89642E+16
42535,8,1,17,30,2018,3,4,1,3,0,7,2,0,1,0,0,0,1,1,5.49223E+20,5.39274E+21,9.66878E+15,4.86858E+16
42536,8,2,15,40,2018,3,15,3,2,3,6,0,0,0,0,1,0,1,0,4.8749E+20,5.43601E+21,8.82869E+15,4.90768E+16
42537,8,1,16,35,2018,3,2,1,3,8,1,2,0,0,0,1,0,0,0,5.26323E+20,5.39107E+21,9.35754E+15,4.86721E+16
42538,8,2,15,39,2018,3,12,2,2,2,6,0,0,1,0,0,0,0,0,4.71147E+20,5.4522E+21,8.60376E+15,4.92219E+16
42539,8,1,16,19,2018,3,21,1,3,5,3,2,0,1,0,0,0,0,1,5.22301E+20,5.39641E+21,9.30321E+15,4.87203E+16
42540,8,3,15,4,2018,3,9,2,3,1,6,0,0,1,0,0,0,1,0,3.9199E+20,5.29481E+21,7.55768E+15,4.77976E+16
42541,8,1,16,72,2018,3,14,1,2,0,7,0,1,0,0,0,0,0,0,5.30599E+20,5.39455E+21,9.41589E+15,4.87033E+16
42542,8,1,15,28,2018,3,16,1,3,5,3,0,0,1,0,0,0,0,0,5.00368E+20,5.40454E+21,9.00502E+15,4.87938E+16
42543,8,1,15,21,2018,3,12,1,3,5,3,0,0,1,0,0,0,0,0,4.89755E+20,5.38254E+21,8.86105E+15,4.85959E+16
42544,8,1,16,33,2018,3,13,4,3,3,6,0,0,1,0,0,0,0,0,5.35272E+20,5.38642E+21,9.47871E+15,4.86299E+16
42545,8,1,15,48,2018,3,12,1,3,2,6,0,0,1,0,0,0,0,0,5.09796E+20,5.38826E+21,9.133E+15,4.86473E+16
42546,8,1,27,99,2018,3,16,3,3,2,6,0,0,0,0,0,1,1,1,5.62804E+20,5.44718E+21,9.86166E+15,4.91742E+16
42547,8,1,11,0,2018,3,9,1,3,5,3,0,0,1,0,0,0,0,1,5.12725E+20,5.40773E+21,9.17336E+15,4.88224E+16
42548,8,2,26,98,2018,3,7,2,3,4,2,1,0,1,0,0,0,0,1,4.77127E+20,5.45897E+21,8.6855E+15,4.92831E+16
42549,8,1,11,0,2018,3,17,1,3,0,1,0,0,0,0,1,0,0,1,5.09858E+20,5.40125E+21,9.13415E+15,4.87642E+16
42550,8,4,36,64,2018,3,16,7,3,9,1,0,0,0,0,0,0,1,1,5.45497E+20,5.29416E+21,9.60756E+15,4.77991E+16
42551,8,4,16,41,2018,3,12,3,3,5,3,0,1,0,0,0,0,1,0,5.05311E+20,5.37338E+21,9.07192E+15,4.85135E+16
42552,8,4,36,81,2018,3,14,7,3,5,3,0,0,1,0,0,0,0,1,5.62903E+20,5.28187E+21,9.83821E+15,4.76872E+16
42553,8,3,26,75,2018,3,13,7,3,2,6,0,0,1,0,0,0,0,1,4.60458E+20,5.31775E+21,8.46979E+15,4.80118E+16
42554,8,4,36,82,2018,3,21,3,3,4,6,2,1,1,0,0,0,0,1,5.4747E+20,5.29531E+21,9.63404E+15,4.78094E+16
42555,8,3,17,31,2018,3,13,7,2,4,6,0,0,1,0,0,0,0,1,4.15335E+20,5.35725E+21,7.85697E+15,4.83627E+16
42556,8,1,18,51,2018,3,15,3,3,0,3,0,0,1,0,1,0,0,1,5.09258E+20,5.41493E+21,9.12629E+15,4.88872E+16
42557,8,3,17,96,2018,3,4,7,2,5,3,2,1,1,0,0,0,0,0,4.22348E+20,5.36885E+21,7.94948E+15,4.8468E+16
42558,8,1,18,73,2018,3,17,2,2,2,6,0,0,1,0,0,0,0,0,4.97551E+20,5.41927E+21,8.96657E+15,4.89264E+16
42559,8,1,25,102,2018,3,14,2,3,2,1,0,0,1,0,0,1,0,0,5.22112E+20,5.44398E+21,9.30322E+15,4.91483E+16
42560,8,3,17,57,2018,3,10,7,2,5,3,0,0,1,0,0,0,0,1,4.15817E+20,5.37995E+21,7.8589E+15,4.8567E+16
42561,8,2,26,85,2018,3,12,7,3,1,6,0,0,1,0,0,0,0,1,4.89846E+20,5.45498E+21,8.86048E+15,4.92475E+16
42562,8,2,16,15,2018,3,13,4,3,2,6,0,0,1,0,0,0,0,0,4.48623E+20,5.40719E+21,8.30015E+15,4.88156E+16
42563,8,2,26,85,2018,3,12,7,3,2,6,0,0,1,0,0,0,0,0,4.85516E+20,5.45679E+21,8.80093E+15,4.92637E+16
42564,8,3,17,150,2018,3,17,3,2,9,1,0,0,0,0,1,0,0,0,4.08303E+20,5.35304E+21,7.76297E+15,4.83238E+16
42565,8,1,19,41,2018,3,18,2,2,9,7,1,1,0,0,0,0,0,0,5.267E+20,5.41197E+21,9.36402E+15,4.88601E+16
42566,8,2,36,46,2018,3,10,7,3,2,6,0,0,1,0,0,0,0,0,4.82973E+20,5.41771E+21,8.76761E+15,4.89121E+16
42567,8,1,18,12,2018,3,16,2,3,2,6,0,0,1,0,0,0,1,0,4.9764E+20,5.41281E+21,8.96781E+15,4.88682E+16
42568,8,4,16,36,2018,3,7,2,3,8,1,0,0,1,0,0,0,0,1,4.9986E+20,5.36314E+21,8.99811E+15,4.84214E+16
42569,8,2,15,84,2018,3,5,7,2,2,6,2,0,0,0,0,1,1,0,4.70055E+20,5.44917E+21,8.58899E+15,4.91946E+16
42570,8,2,15,25,2018,3,18,7,2,5,3,1,0,1,0,0,0,0,1,4.75279E+20,5.43327E+21,8.66166E+15,4.90518E+16
42571,8,1,27,14,2018,3,16,2,3,6,4,0,0,1,1,0,0,0,0,5.78053E+20,5.44349E+21,1.00701E+16,4.91393E+16
42572,8,1,11,0,2018,3,19,3,3,2,6,2,0,1,0,0,0,0,1,5.13949E+20,5.40368E+21,9.18989E+15,4.8786E+16
42573,8,2,37,54,2018,3,18,7,2,8,1,2,0,1,0,0,0,0,1,4.60943E+20,5.3754E+21,8.47097E+15,4.85305E+16
42574,8,2,31,0,2018,3,12,7,2,6,4,0,0,0,1,0,0,1,0,4.77646E+20,5.41528E+21,8.69505E+15,4.889E+16
42575,8,2,26,82,2018,3,16,7,3,5,3,0,0,1,0,0,0,0,1,4.76955E+20,5.48043E+21,8.68189E+15,4.94761E+16
42576,8,2,22,0,2018,3,22,7,3,5,2,2,0,1,0,0,0,0,1,4.62514E+20,5.48027E+21,8.48257E+15,4.94739E+16
42577,8,4,16,36,2018,3,15,4,3,2,6,0,0,1,0,0,0,0,0,4.91427E+20,5.37443E+21,8.8839E+15,4.85229E+16
42578,8,2,16,24,2018,3,18,7,3,9,1,0,0,1,0,0,0,0,1,4.46638E+20,5.40867E+21,8.27292E+15,4.88287E+16
42579,8,2,36,71,2018,3,23,3,3,8,1,2,0,1,0,0,0,0,1,4.7116E+20,5.41879E+21,8.60631E+15,4.89214E+16
42580,8,1,19,44,2018,3,1,2,3,8,6,2,0,1,0,0,0,1,1,5.45012E+20,5.42458E+21,9.61507E+15,4.89725E+16
42581,8,2,16,39,2018,3,10,7,3,5,2,0,0,1,0,0,0,0,1,4.44395E+20,5.41436E+21,8.24159E+15,4.88797E+16
42582,8,3,17,89,2018,3,15,2,3,0,7,0,1,0,0,0,0,0,1,4.27581E+20,5.37695E+21,8.01887E+15,4.85414E+16
42583,8,2,16,43,2018,3,11,7,3,2,5,0,0,1,0,0,0,0,1,4.41878E+20,5.4142E+21,8.20729E+15,4.8878E+16
42584,8,2,15,66,2018,3,13,7,3,5,3,0,0,1,0,0,0,0,1,4.59832E+20,5.45004E+21,8.44859E+15,4.92018E+16
42585,8,2,15,89,2018,3,19,7,3,5,3,2,0,1,0,0,0,0,1,4.69147E+20,5.43065E+21,8.57795E+15,4.90279E+16
42586,8,1,18,53,2018,3,14,4,3,3,6,0,0,1,0,0,0,0,0,5.17471E+20,5.4281E+21,9.23889E+15,4.90056E+16
42587,8,2,16,49,2018,3,12,7,3,2,5,0,0,1,0,0,0,1,1,4.38977E+20,5.40167E+21,8.16959E+15,4.87651E+16
42588,8,2,11,0,2018,3,15,7,3,1,5,0,0,1,0,0,0,0,0,4.4633E+20,5.40332E+21,8.26942E+15,4.87806E+16
42589,8,4,16,36,2018,3,10,7,3,2,6,0,0,1,0,0,0,0,1,4.9138E+20,5.37435E+21,8.88326E+15,4.85222E+16
42590,8,1,21,0,2018,3,8,4,2,6,3,0,0,1,1,0,0,0,0,5.15252E+20,5.44285E+21,9.2091E+15,4.91382E+16
42591,8,1,15,3,2018,3,20,7,2,5,3,2,0,1,0,0,0,0,0,5.02322E+20,5.39355E+21,9.03155E+15,4.8695E+16
42592,8,2,26,95,2018,3,9,3,3,2,6,0,0,1,0,0,0,0,0,4.73455E+20,5.46065E+21,8.63489E+15,4.9298E+16
42593,8,1,36,66,2018,3,18,7,3,9,1,1,0,1,0,0,0,0,1,5.55366E+20,5.41662E+21,9.75545E+15,4.89E+16
42594,8,3,36,50,2018,3,17,2,3,4,2,0,0,1,0,1,0,0,0,3.98298E+20,5.27612E+21,7.64625E+15,4.76305E+16
42595,8,1,28,115,2018,3,1,7,3,8,7,2,0,1,0,0,0,0,1,5.48164E+20,5.49721E+21,9.66689E+15,4.96255E+16
42596,8,1,27,52,2018,3,11,7,2,5,3,0,1,1,0,0,0,0,1,5.40705E+20,5.43649E+21,9.55741E+15,4.90799E+16
42597,8,1,11,0,2018,3,5,4,3,5,3,2,1,1,0,0,0,0,0,5.19534E+20,5.40104E+21,9.26581E+15,4.87621E+16
42598,8,1,26,47,2018,3,7,7,3,1,6,0,0,1,0,0,0,1,0,5.49374E+20,5.45231E+21,9.67805E+15,4.92216E+16
42599,8,1,15,21,2018,3,16,2,3,5,3,0,0,1,0,0,0,0,0,4.90215E+20,5.38251E+21,8.86729E+15,4.85956E+16
42600,8,1,11,0,2018,3,14,2,3,3,6,0,0,1,0,0,1,0,0,5.11539E+20,5.39492E+21,9.15684E+15,4.87072E+16
42601,8,1,19,67,2018,3,18,3,3,5,3,2,1,1,0,0,0,0,1,5.39944E+20,5.40605E+21,9.544E+15,4.88062E+16
42602,8,1,25,57,2018,3,22,7,3,9,1,2,0,1,0,0,0,0,0,5.24232E+20,5.44228E+21,9.33218E+15,4.91329E+16
42603,8,2,16,23,2018,3,15,2,2,8,1,0,1,0,0,0,0,0,0,4.38559E+20,5.40818E+21,8.16294E+15,4.88236E+16
42604,8,1,15,13,2018,3,22,3,2,9,1,2,0,1,0,0,0,0,1,4.9562E+20,5.38818E+21,8.94053E+15,4.86466E+16
42605,8,1,21,0,2018,3,16,7,3,5,3,0,1,1,0,0,0,0,1,5.16175E+20,5.44426E+21,9.22181E+15,4.9151E+16
42606,8,2,36,28,2018,3,14,2,2,5,7,0,0,1,0,0,1,0,0,4.93627E+20,5.42226E+21,8.91295E+15,4.89532E+16
42607,8,1,19,67,2018,3,14,7,3,2,6,0,0,1,0,0,0,0,1,5.39645E+20,5.41021E+21,9.54033E+15,4.88436E+16
42608,8,1,19,87,2018,3,0,7,2,6,4,2,0,1,1,0,0,0,1,5.26133E+20,5.42681E+21,9.35725E+15,4.89937E+16
42609,8,4,35,35,2018,3,15,3,3,5,3,0,0,1,0,0,0,0,0,5.41602E+20,5.28119E+21,9.55431E+15,4.76828E+16
42610,8,1,18,48,2018,3,11,7,3,2,6,0,0,1,0,0,0,0,0,5.13498E+20,5.41526E+21,9.18413E+15,4.88902E+16
42611,8,1,11,0,2018,3,13,2,3,2,6,0,0,1,0,0,0,0,0,5.13246E+20,5.4037E+21,9.18033E+15,4.87861E+16
42612,8,1,15,28,2018,3,18,3,3,2,6,2,0,1,0,0,0,0,1,4.97773E+20,5.40302E+21,8.96968E+15,4.87801E+16
42613,8,4,25,84,2018,3,11,7,3,2,6,0,0,1,0,0,0,0,1,5.60027E+20,5.37427E+21,9.81288E+15,4.85187E+16
42614,8,1,18,79,2018,3,7,2,3,9,7,0,0,0,0,1,0,0,1,5.10219E+20,5.42174E+21,9.13957E+15,4.89485E+16
42615,8,1,16,33,2018,3,23,7,3,5,3,2,0,1,0,0,0,0,1,5.30502E+20,5.38809E+21,9.41408E+15,4.86451E+16
42616,8,1,11,0,2018,3,10,7,3,8,1,0,0,1,0,0,0,0,1,5.11232E+20,5.40632E+21,9.15298E+15,4.88097E+16
42617,8,2,16,43,2018,3,6,4,3,0,6,0,0,1,0,1,0,0,1,4.41984E+20,5.41204E+21,8.20904E+15,4.88586E+16
42618,8,1,11,0,2018,3,19,7,3,3,2,2,0,1,0,0,0,0,0,5.1629E+20,5.40404E+21,9.22178E+15,4.87891E+16
42619,8,1,11,0,2018,3,6,2,3,5,3,1,1,0,0,0,1,0,0,5.19336E+20,5.40113E+21,9.26312E+15,4.87629E+16
42620,8,1,11,0,2018,3,10,7,3,2,6,0,0,1,0,0,0,0,1,5.14289E+20,5.4005E+21,9.19441E+15,4.87574E+16
42621,8,2,31,0,2018,3,16,4,3,5,3,0,0,1,0,0,0,0,0,4.78883E+20,5.41569E+21,8.7119E+15,4.88938E+16
42622,8,4,36,9,2018,3,16,6,3,5,3,0,0,1,0,0,0,0,0,5.59646E+20,5.30781E+21,9.79838E+15,4.79208E+16
42623,8,3,37,76,2018,3,13,3,3,9,1,0,0,0,0,0,0,1,1,4.27366E+20,5.26724E+21,8.03457E+15,4.75546E+16