OBJECTID_1,ULAND,UREGBEZ,UKREIS,UGEMEINDE,UJAHR,UMONAT,USTUNDE,UWOCHENTAG,UKATEGORIE,UART,UTYP1,ULICHTVERH,IstRad,IstPKW,IstFuss,IstKrad,IstGkfz,IstSonstig,STRZUSTAND,LINREFX,LINREFY,XGCSWGS84,YGCSWGS84
43191,8,4,36,9,2018,3,19,5,2,2,6,2,1,1,0,0,0,0,1,5.55077E+20,5.30868E+21,9.73733E+15,4.79291E+16
43192,8,4,35,16,2018,3,7,5,3,3,2,0,1,1,0,0,0,0,0,5.35701E+20,5.27795E+21,9.47542E+15,4.76539E+16
43193,8,4,16,11,2018,3,18,5,3,3,6,2,0,1,0,0,0,0,1,5.0483E+20,5.36883E+21,9.06534E+15,4.84726E+16
43194,8,1,19,20,2018,3,12,1,3,2,6,0,0,1,0,0,0,0,0,5.20135E+20,5.40684E+21,9.27427E+15,4.88142E+16
43195,8,4,15,92,2018,3,14,5,3,5,3,0,0,1,0,0,0,0,0,5.21198E+20,5.36116E+21,9.28641E+15,4.84032E+16
43196,8,4,16,25,2018,3,12,4,3,2,6,0,0,1,0,0,0,0,0,5.07653E+20,5.35905E+21,9.10336E+15,4.83845E+16
43197,8,1,25,46,2018,3,17,4,3,8,1,0,0,1,0,0,0,0,1,5.22673E+20,5.43319E+21,9.3103E+15,4.90512E+16
43198,8,1,21,0,2018,3,10,7,3,0,2,0,0,0,0,1,1,0,0,5.15272E+20,5.44631E+21,9.20951E+15,4.91694E+16
43199,8,2,35,80,2018,3,11,7,3,2,6,0,0,1,0,0,0,0,0,4.80418E+20,5.38552E+21,8.73428E+15,4.86224E+16
43200,8,4,15,89,2018,3,8,5,3,5,3,0,0,1,0,0,0,0,0,5.21388E+20,5.36096E+21,9.28897E+15,4.84015E+16
43201,8,2,31,0,2018,3,15,3,3,2,6,0,0,1,0,0,1,0,0,4.75454E+20,5.41649E+21,8.66508E+15,4.89009E+16
43202,8,3,35,43,2018,3,8,5,3,6,2,0,0,1,1,0,0,0,0,5.13851E+20,5.27956E+21,9.18451E+15,4.76693E+16
43203,8,1,16,49,2018,3,18,2,3,2,6,0,0,1,0,0,0,0,0,5.24618E+20,5.38849E+21,9.33423E+15,4.86489E+16
43204,8,2,37,61,2018,3,8,5,2,8,1,0,0,0,0,0,1,0,0,4.66308E+20,5.36431E+21,8.54453E+15,4.84311E+16
43205,8,3,11,0,2018,3,16,5,3,5,3,0,0,1,0,0,0,0,0,4.04104E+20,5.31455E+21,7.71501E+15,4.79771E+16
43206,8,4,37,86,2018,3,10,7,3,0,6,0,0,1,0,0,0,0,0,5.25929E+20,5.31326E+21,9.3474E+15,4.79721E+16
43207,8,3,36,69,2018,3,16,5,3,1,5,0,0,1,0,1,0,0,0,4.09339E+20,5.26858E+21,7.79474E+15,4.75643E+16
43208,8,2,26,103,2018,3,13,4,3,1,6,0,0,1,0,0,1,1,0,4.71909E+20,5.45909E+21,8.61374E+15,4.9284E+16
43209,8,2,26,95,2018,3,6,5,2,2,1,0,0,0,0,0,1,1,0,4.72904E+20,5.46137E+21,8.62727E+15,4.93045E+16
43210,8,2,35,33,2018,3,19,5,2,5,3,2,0,1,0,1,0,0,1,4.58809E+20,5.40534E+21,8.43908E+15,4.87997E+16
43211,8,1,16,20,2018,3,20,1,2,5,3,2,0,1,0,1,0,0,0,5.24682E+20,5.38072E+21,9.33465E+15,4.85791E+16
43212,8,2,31,0,2018,3,6,5,3,5,3,1,0,1,0,0,1,0,0,4.75457E+20,5.41649E+21,8.66512E+15,4.89009E+16
43213,8,3,27,50,2018,3,15,4,2,4,6,0,0,1,0,0,0,0,1,4.8393E+20,5.31264E+21,8.78471E+15,4.79669E+16
43214,8,1,18,48,2018,3,12,4,3,2,6,0,0,1,0,0,0,0,0,5.12552E+20,5.41527E+21,9.17124E+15,4.88903E+16
43215,8,2,16,43,2018,3,22,7,3,5,3,2,0,1,0,0,0,0,0,4.4188E+20,5.41111E+21,8.20775E+15,4.88503E+16
43216,8,2,31,0,2018,3,15,5,3,2,6,0,0,1,0,0,0,0,0,4.7711E+20,5.41593E+21,8.6877E+15,4.88959E+16
43217,8,1,36,50,2018,3,21,3,3,5,3,2,0,1,0,0,0,0,0,5.81808E+20,5.40429E+21,1.01137E+16,4.87862E+16
43218,8,2,36,28,2018,3,13,5,3,4,1,0,0,1,0,0,0,0,1,4.92817E+20,5.4258E+21,8.90182E+15,4.8985E+16
43219,8,4,35,13,2018,3,11,1,2,4,6,0,0,1,0,0,0,0,0,5.40528E+20,5.27576E+21,9.5395E+15,4.7634E+16
43220,8,2,22,0,2018,3,20,5,3,0,7,2,1,1,0,0,0,0,1,4.62733E+20,5.47944E+21,8.48567E+15,4.94665E+16
43221,8,2,35,85,2018,3,7,4,3,2,6,0,0,1,0,0,0,0,1,4.83132E+20,5.39229E+21,8.77083E+15,4.86834E+16
43222,8,4,26,21,2018,3,13,7,3,5,3,0,0,1,0,0,0,0,0,5.58536E+20,5.32777E+21,9.78624E+15,4.81005E+16
43223,8,2,22,0,2018,3,13,5,2,5,3,0,0,1,0,0,0,0,1,4.62111E+20,5.48504E+21,8.47654E+15,4.95168E+16
43224,8,1,19,85,2018,3,12,7,3,2,6,0,0,1,0,1,0,0,0,5.29908E+20,5.41145E+21,9.40771E+15,4.88553E+16
43225,8,2,25,24,2018,3,13,7,1,4,6,0,0,1,0,0,0,0,0,5.11221E+20,5.47633E+21,9.15478E+15,4.94396E+16
43226,8,4,16,36,2018,3,11,3,3,2,6,0,0,1,0,0,0,0,0,4.96189E+20,5.37052E+21,8.94843E+15,4.84878E+16
43227,8,2,26,3,2018,3,9,5,2,5,3,0,0,1,0,1,0,0,0,4.63789E+20,5.46093E+21,8.50192E+15,4.93E+16
43228,8,1,11,0,2018,3,15,3,3,0,7,0,0,0,0,1,0,0,1,5.16647E+20,5.39874E+21,9.22643E+15,4.87415E+16
43229,8,1,16,58,2018,3,7,4,3,1,6,2,0,1,0,0,0,1,1,5.3475E+20,5.3952E+21,9.47235E+15,4.87088E+16
43230,8,1,36,65,2018,3,11,7,2,9,1,0,0,1,0,0,0,0,0,5.54823E+20,5.40424E+21,9.74639E+15,4.87887E+16
43231,8,2,16,43,2018,3,16,5,3,2,6,0,0,1,0,0,0,0,1,4.44396E+20,5.41191E+21,8.24194E+15,4.88577E+16
43232,8,1,25,107,2018,3,18,3,3,9,1,0,0,0,0,1,0,0,0,5.33874E+20,5.43607E+21,9.46384E+15,4.90765E+16
43233,8,2,15,9,2018,3,14,5,3,2,6,0,0,1,0,0,0,1,1,4.69828E+20,5.44098E+21,8.58649E+15,4.91209E+16
43234,8,3,17,96,2018,3,15,1,3,6,4,0,0,1,1,0,0,0,0,4.23123E+20,5.3682E+21,7.96009E+15,4.84622E+16
43235,8,2,15,25,2018,3,11,5,3,1,6,0,0,1,0,0,0,0,0,4.75107E+20,5.43406E+21,8.65926E+15,4.90589E+16
43236,8,2,26,41,2018,3,16,4,3,5,2,0,0,1,0,0,0,0,0,4.77026E+20,5.46607E+21,8.6837E+15,4.93469E+16
43237,8,3,36,91,2018,3,13,7,3,2,6,0,0,1,0,1,0,0,0,3.96092E+20,5.27318E+21,7.61759E+15,4.76037E+16
43238,8,2,15,109,2018,3,15,5,3,4,7,0,0,1,0,0,0,0,1,4.62487E+20,5.43796E+21,8.48616E+15,4.90934E+16
43239,8,1,19,76,2018,3,10,7,3,2,6,0,0,1,0,0,0,0,0,5.41455E+20,5.40642E+21,9.56462E+15,4.88094E+16
43240,8,3,35,35,2018,3,13,3,3,2,6,0,0,1,0,0,0,0,0,4.83235E+20,5.28991E+21,8.77628E+15,4.77624E+16
43241,8,2,15,96,2018,3,9,5,3,2,6,0,0,1,0,0,0,0,0,4.6011E+20,5.41775E+21,8.45559E+15,4.89114E+16
43242,8,3,35,80,2018,3,15,3,3,9,6,0,0,1,0,0,0,0,0,4.7659E+20,5.29874E+21,8.68713E+15,4.78416E+16
43243,8,2,22,0,2018,3,12,2,3,5,3,0,0,1,0,0,0,0,0,4.65194E+20,5.47953E+21,8.51963E+15,4.94674E+16
43244,8,4,16,48,2018,3,7,5,3,3,6,0,0,1,0,0,1,0,0,4.92116E+20,5.37867E+21,8.89315E+15,4.85611E+16
43245,8,1,36,65,2018,3,14,5,2,5,3,0,0,1,0,0,0,0,0,5.6163E+20,5.40589E+21,9.83929E+15,4.88029E+16
43246,8,1,25,46,2018,3,12,1,3,0,1,0,0,0,0,1,0,0,0,5.17656E+20,5.43359E+21,9.24165E+15,4.9055E+16
43247,8,1,36,2,2018,3,17,5,3,2,6,0,0,1,0,0,0,1,1,5.73308E+20,5.41624E+21,1.00002E+16,4.88948E+16
43248,8,1,19,61,2018,3,13,7,3,5,3,0,0,1,0,0,0,0,0,5.38847E+20,5.41438E+21,9.52985E+15,4.88812E+16
43249,8,1,28,7,2018,3,7,4,2,9,7,1,0,1,0,0,0,0,1,5.53591E+20,5.48169E+21,9.73991E+15,4.94855E+16
43250,8,1,36,88,2018,3,18,5,3,5,2,2,0,1,0,0,0,0,1,5.80679E+20,5.40946E+21,1.00994E+16,4.88329E+16
43251,8,1,26,66,2018,3,0,1,2,8,1,2,0,1,0,0,0,0,0,5.36387E+20,5.451E+21,9.49959E+15,4.92107E+16
43252,8,4,25,130,2018,3,16,5,2,6,4,0,0,0,1,0,0,1,0,5.73589E+20,5.37814E+21,9.99721E+15,4.85521E+16
43253,8,2,15,84,2018,3,17,4,3,2,6,0,0,1,0,0,0,0,1,4.72704E+20,5.44533E+21,8.62561E+15,4.91602E+16
43254,8,3,17,5,2018,3,16,7,3,2,6,0,0,1,0,0,0,0,0,4.24715E+20,5.3784E+21,7.97977E+15,4.85542E+16
43255,8,1,27,43,2018,3,16,5,2,8,1,0,0,1,0,0,0,0,1,5.63551E+20,5.44906E+21,9.8722E+15,4.91911E+16
43256,8,1,19,6,2018,3,15,7,3,0,1,0,0,0,0,1,0,0,0,5.38669E+20,5.42141E+21,9.52809E+15,4.89444E+16
43257,8,3,17,96,2018,3,10,3,3,2,6,0,0,1,0,0,0,1,0,4.19981E+20,5.3679E+21,7.91765E+15,4.84592E+16
43258,8,1,19,85,2018,3,17,5,3,0,1,0,0,0,0,1,0,0,1,5.29228E+20,5.41406E+21,9.39863E+15,4.88788E+16
43259,8,2,26,56,2018,3,23,2,2,3,1,2,0,1,0,1,0,0,1,4.85961E+20,5.47145E+21,8.80653E+15,4.93956E+16
43260,8,1,19,85,2018,3,14,5,2,8,1,0,0,1,0,0,0,0,0,5.30871E+20,5.41289E+21,9.42095E+15,4.88682E+16
43261,8,1,18,73,2018,3,14,5,3,0,4,0,0,1,1,0,0,0,0,4.97017E+20,5.41973E+21,8.95928E+15,4.89305E+16
43262,8,1,18,14,2018,3,11,5,1,4,6,0,0,1,0,0,0,1,0,5.22023E+20,5.41955E+21,9.30067E+15,4.89285E+16
43263,8,1,18,73,2018,3,17,1,2,2,2,0,0,0,0,1,0,0,0,4.98528E+20,5.42478E+21,8.97988E+15,4.89759E+16
43264,8,1,17,18,2018,3,16,5,3,6,4,0,0,1,1,0,0,0,1,5.37263E+20,5.39783E+21,9.50674E+15,4.87324E+16
43265,8,3,11,0,2018,3,15,4,3,1,6,0,0,1,0,0,0,0,0,4.11421E+20,5.32383E+21,7.81112E+15,4.80616E+16
43266,8,1,19,75,2018,3,6,7,3,5,3,0,0,1,0,0,0,0,0,5.36439E+20,5.42824E+21,9.49825E+15,4.90059E+16
43267,8,1,21,0,2018,3,17,4,3,1,6,0,0,1,0,0,0,0,1,5.16514E+20,5.44206E+21,9.22637E+15,4.91312E+16
43268,8,2,26,56,2018,3,9,7,2,2,6,0,1,0,0,0,1,0,0,4.84433E+20,5.47154E+21,8.78546E+15,4.93963E+16
43269,8,4,25,71,2018,3,20,5,2,0,1,2,1,0,0,0,0,0,1,5.50114E+20,5.37147E+21,9.67831E+15,4.84944E+16
43270,8,1,19,79,2018,3,15,7,1,5,2,0,0,1,0,1,0,0,0,5.23948E+20,5.41143E+21,9.32647E+15,4.88553E+16
43271,8,2,15,109,2018,3,7,3,3,4,6,0,0,1,0,0,0,0,1,4.63635E+20,5.43926E+21,8.50176E+15,4.91051E+16
43272,8,1,17,18,2018,3,20,5,3,6,4,2,0,1,1,0,0,0,1,5.38564E+20,5.39549E+21,9.52422E+15,4.87112E+16
43273,8,3,15,131,2018,3,13,7,3,5,3,0,0,1,0,0,0,0,0,4.04745E+20,5.30806E+21,7.72504E+15,4.79188E+16
43274,8,1,16,77,2018,3,2,5,3,5,3,2,0,0,0,0,1,1,0,5.16991E+20,5.39071E+21,9.23078E+15,4.86692E+16
43275,8,2,12,0,2018,3,20,3,3,6,2,2,0,1,1,0,0,0,1,4.55005E+20,5.42824E+21,8.38477E+15,4.90054E+16
43276,8,1,16,49,2018,3,9,5,3,2,6,0,0,1,0,0,0,0,0,5.24096E+20,5.38582E+21,9.32699E+15,4.8625E+16
43277,8,1,26,72,2018,3,16,2,3,9,7,0,0,1,0,0,0,0,0,5.43684E+20,5.4675E+21,9.60158E+15,4.93586E+16
43278,8,1,16,19,2018,3,17,5,3,2,6,1,0,1,0,0,0,0,1,5.24775E+20,5.3966E+21,9.33685E+15,4.87219E+16
43279,8,1,16,37,2018,3,20,5,2,9,7,2,0,1,0,0,0,0,1,5.36611E+20,5.40041E+21,9.49812E+15,4.87556E+16
43280,8,1,15,28,2018,3,9,5,3,2,6,0,0,1,0,0,1,0,0,4.98576E+20,5.40383E+21,8.98062E+15,4.87875E+16
43281,8,1,11,0,2018,3,17,1,3,2,6,0,0,1,0,0,0,0,0,5.06977E+20,5.40031E+21,9.09493E+15,4.87558E+16
43282,8,1,15,15,2018,3,6,5,3,2,6,0,0,1,0,0,0,0,0,4.90101E+20,5.38805E+21,8.86562E+15,4.86454E+16
43283,8,3,17,96,2018,3,14,4,3,2,6,0,0,1,0,0,0,1,0,4.2102E+20,5.37585E+21,7.9302E+15,4.85308E+16
43284,8,1,18,50,2018,3,16,7,2,0,7,0,0,0,0,1,0,0,0,5.06988E+20,5.41613E+21,9.09535E+15,4.88981E+16
43285,8,1,18,67,2018,3,4,4,2,5,3,2,0,1,0,0,0,1,1,5.07162E+20,5.41427E+21,9.09768E+15,4.88814E+16
43286,8,3,17,96,2018,3,15,7,2,8,7,0,0,0,0,1,0,0,0,4.18581E+20,5.36951E+21,7.8984E+15,4.84735E+16
43287,8,4,36,78,2018,3,17,4,2,3,6,0,1,1,0,0,0,0,0,5.60269E+20,5.28939E+21,9.80414E+15,4.7755E+16
43288,8,1,28,131,2018,3,10,3,3,5,2,0,1,1,0,0,0,0,0,5.3585E+20,5.51451E+21,9.49798E+15,4.9782E+16
43289,8,4,35,30,2018,3,5,4,3,1,5,2,0,1,0,0,0,0,0,5.4057E+20,5.272E+21,9.53971E+15,4.76001E+16
43290,8,4,17,78,2018,3,2,1,3,8,1,2,0,1,0,0,0,0,0,4.80205E+20,5.34057E+21,8.7335E+15,4.82181E+16
43291,8,4,26,128,2018,3,6,4,3,2,1,1,0,1,0,0,0,0,1,5.5996E+20,5.33122E+21,9.80585E+15,4.81314E+16
43292,8,2,31,0,2018,3,18,4,3,2,6,0,0,1,0,0,0,0,1,4.77507E+20,5.4159E+21,8.69312E+15,4.88956E+16
43293,8,1,11,0,2018,3,23,2,3,2,6,2,0,1,0,0,0,0,1,5.15604E+20,5.40347E+21,9.21241E+15,4.8784E+16
43294,8,4,21,0,2018,3,8,4,3,5,3,0,0,1,0,0,0,1,0,5.69976E+20,5.35839E+21,9.94494E+15,4.83748E+16
43295,8,4,25,72,2018,3,10,4,2,6,4,0,0,1,1,0,0,0,0,5.82761E+20,5.37223E+21,1.01203E+16,4.84978E+16
43296,8,4,36,10,2018,3,9,7,3,4,2,0,0,1,0,0,0,0,0,5.63131E+20,5.30481E+21,9.84458E+15,4.78935E+16
43297,8,4,21,0,2018,3,5,4,3,9,1,1,0,1,0,0,0,0,2,5.69371E+20,5.36492E+21,9.93785E+15,4.84336E+16
43298,8,2,15,9,2018,3,22,4,3,6,7,2,0,0,1,0,0,1,0,4.66589E+20,5.43915E+21,8.54225E+15,4.91042E+16
43299,8,1,18,79,2018,3,10,7,3,2,2,0,0,1,0,0,0,0,0,5.09282E+20,5.4228E+21,9.12679E+15,4.89581E+16
43300,8,4,25,66,2018,3,16,3,2,2,6,0,0,1,0,1,0,0,0,5.76296E+20,5.35114E+21,1.0029E+16,4.83088E+16
43301,8,4,15,61,2018,3,20,4,3,8,1,2,0,1,0,0,0,0,0,5.10985E+20,5.37176E+21,9.1487E+15,4.84989E+16
43302,8,1,17,26,2018,3,10,3,3,0,3,0,0,1,0,0,0,0,0,5.47955E+20,5.39423E+21,9.65172E+15,4.86993E+16
43303,8,4,15,61,2018,3,7,4,3,2,6,0,0,1,0,0,0,0,1,5.12135E+20,5.37144E+21,9.16426E+15,4.8496E+16
43304,8,2,26,84,2018,3,14,1,3,2,6,0,0,1,0,1,0,0,0,4.68162E+20,5.46949E+21,8.56139E+15,4.93773E+16
43305,8,3,37,123,2018,3,19,4,3,5,3,2,0,1,0,0,1,0,0,4.53039E+20,5.27927E+21,8.3745E+15,4.76651E+16
43306,8,2,26,32,2018,3,11,4,3,2,6,0,0,1,0,0,0,1,0,4.66512E+20,5.46379E+21,8.53914E+15,4.93259E+16
43307,8,3,27,20,2018,3,12,7,3,0,1,0,0,0,0,1,0,0,1,4.77211E+20,5.32145E+21,8.69423E+15,4.8046E+16
43308,8,4,35,30,2018,3,6,4,2,5,3,0,1,1,0,0,0,0,1,5.41273E+20,5.27172E+21,9.54904E+15,4.75975E+16
43309,8,1,17,18,2018,3,23,7,3,2,6,2,0,1,0,0,0,0,0,5.37015E+20,5.39571E+21,9.50318E+15,4.87133E+16
43310,8,3,26,52,2018,3,9,3,3,4,1,0,0,1,0,0,0,0,0,4.5396E+20,5.33073E+21,8.38127E+15,4.81282E+16
43311,8,3,35,22,2018,3,5,4,3,2,6,2,0,1,0,0,0,0,0,4.83809E+20,5.3013E+21,8.78351E+15,4.78648E+16
43312,8,4,26,44,2018,3,20,7,2,2,1,2,0,1,0,0,0,0,0,5.80965E+20,5.32632E+21,1.00872E+16,4.8085E+16
43313,8,4,36,69,2018,3,7,4,3,8,1,0,0,1,0,0,0,0,2,5.52706E+20,5.29259E+21,9.70364E+15,4.77845E+16
43314,8,1,16,6,2018,3,18,7,2,0,1,0,1,0,0,0,0,0,0,5.16818E+20,5.38253E+21,9.2281E+15,4.85957E+16
43315,8,3,15,76,2018,3,10,3,3,9,1,0,0,1,0,0,0,0,0,3.92789E+20,5.30048E+21,7.56694E+15,4.78487E+16
43316,8,3,26,60,2018,3,6,4,3,3,1,0,0,1,0,0,0,0,1,4.46532E+20,5.33149E+21,8.28136E+15,4.81344E+16
43317,8,4,36,81,2018,3,16,2,2,1,7,0,0,0,0,0,1,0,0,5.58933E+20,5.28131E+21,9.78524E+15,4.76825E+16
43318,8,3,26,74,2018,3,7,4,3,1,6,1,0,1,0,0,0,0,0,4.68011E+20,5.32319E+21,8.57065E+15,4.80612E+16
43319,8,1,27,25,2018,3,14,1,2,4,1,0,0,1,0,1,0,0,0,5.57779E+20,5.42489E+21,9.78955E+15,4.89742E+16
43320,8,3,17,41,2018,3,12,4,3,6,7,0,0,0,1,0,0,1,0,4.38763E+20,5.34829E+21,8.17452E+15,4.82849E+16
43321,8,1,16,19,2018,3,17,7,3,2,6,0,0,1,0,0,0,0,0,5.2333E+20,5.39882E+21,9.31732E+15,4.87419E+16
43322,8,2,16,43,2018,3,19,4,3,8,1,0,0,1,0,0,0,0,1,4.39037E+20,5.40956E+21,8.16924E+15,4.8836E+16
43323,8,3,15,3,2018,3,8,7,3,1,5,0,0,1,0,0,0,0,0,4.12759E+20,5.31241E+21,7.8314E+15,4.7959E+16
43324,8,3,17,1,2018,3,7,4,3,4,6,0,0,1,0,0,1,0,0,4.26229E+20,5.3855E+21,7.99903E+15,4.86182E+16
43325,8,1,11,0,2018,3,12,7,3,2,6,0,0,1,0,0,0,0,0,5.13299E+20,5.4024E+21,9.181E+15,4.87745E+16
43326,8,1,25,110,2018,3,19,7,3,8,7,2,0,1,0,0,0,0,0,5.28859E+20,5.44152E+21,9.39556E+15,4.91259E+16
43327,8,3,17,65,2018,3,11,3,3,3,2,0,1,0,0,0,0,1,0,4.14192E+20,5.35463E+21,7.84208E+15,4.8339E+16
43328,8,3,17,126,2018,3,11,4,3,2,6,0,0,1,0,0,0,0,1,4.4254E+20,5.37901E+21,8.22122E+15,4.85615E+16
43329,8,2,15,17,2018,3,17,2,3,2,2,0,0,1,0,1,0,0,0,4.55075E+20,5.41887E+21,8.38675E+15,4.89211E+16
43330,8,3,17,73,2018,3,23,4,3,2,6,2,0,1,0,0,0,0,0,4.0966E+20,5.34787E+21,7.78238E+15,4.82776E+16
43331,8,3,17,151,2018,3,7,4,3,3,7,0,0,1,0,0,1,0,0,4.14826E+20,5.36131E+21,7.84928E+15,4.83992E+16
43332,8,3,17,59,2018,3,11,4,2,2,2,0,1,1,0,0,1,0,0,4.12645E+20,5.34929E+21,7.82231E+15,4.82907E+16
43333,8,1,16,42,2018,3,15,1,3,2,6,0,0,1,0,0,0,0,0,5.17572E+20,5.38242E+21,9.23831E+15,4.85946E+16
43334,8,3,16,56,2018,3,7,4,3,2,6,0,0,1,0,0,0,0,0,4.22392E+20,5.32644E+21,7.95787E+15,4.80865E+16
43335,8,3,26,27,2018,3,23,4,3,5,3,2,0,1,0,0,1,0,1,4.63645E+20,5.30905E+21,8.51326E+15,4.79337E+16
43336,8,4,26,43,2018,3,10,6,3,5,3,0,0,1,0,0,1,0,0,5.7264E+20,5.3238E+21,9.97498E+15,4.80633E+16
43337,8,2,12,0,2018,3,14,2,3,6,4,0,0,0,1,1,0,0,0,4.55189E+20,5.42855E+21,8.38724E+15,4.90082E+16
43338,8,3,15,31,2018,3,15,4,3,5,2,0,0,1,0,0,0,0,0,4.47303E+20,5.31357E+21,8.29393E+15,4.79733E+16
43339,8,2,26,103,2018,3,7,4,3,2,6,0,0,1,0,0,0,0,0,4.71615E+20,5.45711E+21,8.60984E+15,4.92661E+16
43340,8,2,36,46,2018,3,8,4,3,1,6,0,0,1,0,0,0,0,0,4.83174E+20,5.41745E+21,8.77036E+15,4.89098E+16
43341,8,1,19,67,2018,3,16,1,2,8,1,0,0,0,0,1,0,0,0,5.38581E+20,5.40418E+21,9.52527E+15,4.87894E+16
43342,8,2,22,0,2018,3,7,4,3,2,6,0,0,1,0,0,0,1,0,4.6854E+20,5.47772E+21,8.56594E+15,4.94513E+16
43343,8,4,17,2,2018,3,15,4,3,2,6,0,0,1,0,0,0,0,1,4.8877E+20,5.34542E+21,8.84868E+15,4.82619E+16
43344,8,4,15,14,2018,3,16,6,3,2,6,0,0,1,0,0,0,0,1,5.23999E+20,5.37532E+21,9.32507E+15,4.85305E+16
43345,8,1,26,11,2018,3,8,4,2,0,1,0,0,0,0,1,0,0,1,5.32175E+20,5.44865E+21,9.44157E+15,4.91898E+16
43346,8,2,12,0,2018,3,9,7,3,1,6,0,0,1,0,0,0,0,0,4.51656E+20,5.43136E+21,8.33861E+15,4.90332E+16
43347,8,2,12,0,2018,3,12,4,2,4,2,0,0,1,0,0,0,0,0,4.55862E+20,5.42696E+21,8.39662E+15,4.89939E+16
43348,8,4,15,61,2018,3,15,6,3,3,2,0,0,1,0,1,0,0,0,5.14577E+20,5.37171E+21,9.19733E+15,4.84983E+16
43349,8,2,31,0,2018,3,17,3,3,2,6,0,0,1,0,0,0,0,0,4.78507E+20,5.41579E+21,8.70677E+15,4.88946E+16
43350,8,2,15,17,2018,3,7,4,3,2,6,0,0,1,0,0,0,0,1,4.5727E+20,5.4223E+21,8.41635E+15,4.89521E+16
43351,8,1,36,42,2018,3,0,7,3,8,7,2,0,1,0,0,0,0,0,5.53037E+20,5.40438E+21,9.72209E+15,4.87902E+16
43352,8,1,17,19,2018,3,13,2,3,4,3,0,0,1,0,0,0,0,0,5.53522E+20,5.39302E+21,9.72722E+15,4.86879E+16
43353,8,2,12,0,2018,3,7,4,3,2,6,0,0,1,0,0,0,1,0,4.59845E+20,5.42447E+21,8.45131E+15,4.89718E+16
43354,8,2,37,19,2018,3,18,4,3,8,1,2,0,1,0,0,0,0,0,4.63152E+20,5.37014E+21,8.50135E+15,4.84833E+16
43355,8,1,11,0,2018,3,4,1,3,6,4,2,0,1,1,0,0,0,0,5.12789E+20,5.4027E+21,9.17408E+15,4.87772E+16
43356,8,2,37,4,2018,3,6,4,3,8,1,0,0,1,0,0,0,0,2,4.57544E+20,5.37465E+21,8.42501E+15,4.85235E+16
43357,8,3,11,0,2018,3,7,4,3,2,6,0,0,1,0,0,0,0,0,4.13136E+20,5.31544E+21,7.83583E+15,4.79864E+16
43358,8,3,15,132,2018,3,10,6,3,3,6,0,0,1,0,0,0,1,0,4.1134E+20,5.32488E+21,7.80982E+15,4.8071E+16
43359,8,1,16,77,2018,3,9,4,3,2,6,0,0,1,0,0,0,0,1,5.16736E+20,5.39183E+21,9.22736E+15,4.86793E+16
43360,8,1,15,50,2018,3,13,7,2,4,6,0,0,1,0,0,0,0,0,4.87841E+20,5.4037E+21,8.83448E+15,4.87862E+16
43361,8,2,35,65,2018,3,17,4,3,2,1,0,0,1,0,0,0,0,0,4.74007E+20,5.40386E+21,8.64613E+15,4.87872E+16
43362,8,3,37,2,2018,3,10,6,3,5,3,0,0,1,0,0,0,0,0,4.36651E+20,5.27217E+21,8.15726E+15,4.75999E+16
43363,8,1,19,1,2018,3,17,4,3,2,2,0,0,1,0,0,0,0,1,5.51879E+20,5.4101E+21,9.70704E+15,4.88417E+16
43364,8,2,16,63,2018,3,15,7,3,4,1,0,0,1,0,1,0,0,0,4.27082E+20,5.40045E+21,8.00797E+15,4.87528E+16
43365,8,2,31,0,2018,3,9,4,3,2,6,0,0,1,0,0,0,0,0,4.81085E+20,5.41483E+21,8.74199E+15,4.88861E+16
43366,8,3,35,75,2018,3,12,6,3,0,3,0,0,1,0,1,0,0,0,4.87742E+20,5.28933E+21,8.83644E+15,4.77572E+16
43367,8,1,26,66,2018,3,11,3,3,1,1,0,0,1,0,0,0,1,0,5.38126E+20,5.4511E+21,9.52348E+15,4.92115E+16
43368,8,2,36,11,2018,3,7,4,3,4,6,0,0,1,0,0,0,1,0,4.74527E+20,5.42257E+21,8.65205E+15,4.89556E+16
43369,8,4,36,94,2018,3,14,1,3,2,6,0,0,0,0,1,0,0,0,5.67314E+20,5.28393E+21,9.8973E+15,4.77052E+16
43370,8,2,36,43,2018,3,7,4,3,9,1,0,0,1,0,0,0,0,2,4.67837E+20,5.41046E+21,8.56161E+15,4.88463E+16
43371,8,2,25,14,2018,3,14,4,3,2,1,0,0,1,0,0,0,0,0,5.2632E+20,5.48104E+21,9.36336E+15,4.94814E+16
43372,8,4,37,104,2018,3,13,7,3,8,1,0,0,1,0,0,0,0,0,5.15398E+20,5.32841E+21,9.20686E+15,4.81088E+16
43373,8,2,21,0,2018,3,12,4,3,1,6,0,0,1,0,0,0,0,0,4.75004E+20,5.47018E+21,8.6556E+15,4.93838E+16
43374,8,2,15,46,2018,3,13,4,2,2,6,0,0,1,0,0,1,0,1,4.48381E+20,5.41612E+21,8.29574E+15,4.88959E+16
43375,8,3,35,22,2018,3,13,6,2,5,2,0,0,1,0,0,0,0,0,4.82519E+20,5.30313E+21,8.76619E+15,4.78812E+16
43376,8,4,17,13,2018,3,11,3,3,6,4,0,0,1,1,0,0,0,0,5.08305E+20,5.34842E+21,9.11196E+15,4.82889E+16
43377,8,2,26,60,2018,3,16,4,2,5,3,0,0,1,0,1,0,0,0,4.76521E+20,5.46395E+21,8.67686E+15,4.93278E+16
43378,8,1,11,0,2018,3,15,3,3,5,3,0,0,1,0,1,0,0,0,5.13456E+20,5.40163E+21,9.18312E+15,4.87675E+16