OBJECTID_1,ULAND,UREGBEZ,UKREIS,UGEMEINDE,UJAHR,UMONAT,USTUNDE,UWOCHENTAG,UKATEGORIE,UART,UTYP1,ULICHTVERH,IstRad,IstPKW,IstFuss,IstKrad,IstGkfz,IstSonstig,STRZUSTAND,LINREFX,LINREFY,XGCSWGS84,YGCSWGS84
43379,8,2,15,66,2018,3,15,4,3,5,3,0,0,1,0,0,1,0,0,4.5596E+20,5.45269E+21,8.39515E+15,4.92254E+16
43380,8,2,16,23,2018,3,12,1,2,5,3,0,0,1,0,1,0,0,0,4.36105E+20,5.40884E+21,8.1294E+15,4.88293E+16
43381,8,2,15,99,2018,3,13,4,3,2,6,0,0,1,0,0,0,0,0,4.63949E+20,5.44435E+21,8.50562E+15,4.91509E+16
43382,8,1,26,58,2018,3,13,3,2,5,3,0,1,1,0,0,0,0,0,5.45758E+20,5.45024E+21,9.62816E+15,4.92032E+16
43383,8,2,15,7,2018,3,10,4,3,2,6,0,0,1,0,0,1,1,0,4.77486E+20,5.43194E+21,8.69194E+15,4.90399E+16
43384,8,3,35,98,2018,3,15,1,2,4,7,0,0,1,0,0,0,0,0,5.05211E+20,5.29506E+21,9.06959E+15,4.78089E+16
43385,8,2,15,47,2018,3,15,4,3,4,2,0,0,1,0,0,0,0,0,4.58373E+20,5.41474E+21,8.43219E+15,4.88842E+16
43386,8,2,26,76,2018,3,15,4,3,6,4,0,0,1,1,0,0,0,1,4.75192E+20,5.46559E+21,8.65848E+15,4.93426E+16
43387,8,3,37,123,2018,3,17,7,2,3,2,0,0,1,0,0,0,0,0,4.52218E+20,5.27895E+21,8.3636E+15,4.76622E+16
43388,8,2,15,17,2018,3,14,4,3,0,1,0,0,0,0,1,0,0,0,4.57916E+20,5.42004E+21,8.42541E+15,4.89319E+16
43389,8,3,35,98,2018,3,15,6,2,9,1,0,0,0,0,1,0,0,0,5.04793E+20,5.29684E+21,9.06404E+15,4.78249E+16
43390,8,3,35,77,2018,3,15,3,3,5,3,0,1,1,0,0,0,0,0,4.94116E+20,5.29375E+21,8.92143E+15,4.77971E+16
43391,8,1,15,3,2018,3,16,4,3,2,6,0,0,1,0,0,0,0,0,4.98817E+20,5.39273E+21,8.98393E+15,4.86876E+16
43392,8,4,35,16,2018,3,9,3,2,5,3,0,0,1,0,0,0,1,0,5.36226E+20,5.27874E+21,9.48248E+15,4.7661E+16
43393,8,3,26,3,2018,3,6,2,3,9,1,2,0,1,0,0,0,0,0,4.64291E+20,5.31877E+21,8.5211E+15,4.80212E+16
43394,8,1,15,42,2018,3,6,4,3,2,6,0,0,1,0,0,0,0,1,4.95177E+20,5.40565E+21,8.93432E+15,4.88038E+16
43395,8,1,15,13,2018,3,23,4,3,8,1,2,0,1,0,0,0,0,1,4.97304E+20,5.39043E+21,8.96339E+15,4.86669E+16
43396,8,1,25,86,2018,3,16,1,2,9,1,0,0,0,0,1,0,0,0,5.00251E+20,5.43866E+21,9.00344E+15,4.91008E+16
43397,8,1,18,53,2018,3,1,4,2,6,6,2,0,1,1,0,0,0,1,5.17486E+20,5.42811E+21,9.2391E+15,4.90056E+16
43398,8,3,27,19,2018,3,22,6,3,8,1,2,0,1,0,0,0,0,0,4.83868E+20,5.33066E+21,8.7832E+15,4.8129E+16
43399,8,1,15,50,2018,3,11,4,2,5,3,0,1,1,0,0,0,0,0,4.89271E+20,5.40118E+21,8.854E+15,4.87636E+16
43400,8,3,15,98,2018,3,14,7,3,5,3,0,1,1,0,0,0,0,0,4.07695E+20,5.31243E+21,7.76358E+15,4.79586E+16
43401,8,1,36,21,2018,3,14,4,3,9,7,0,0,1,0,0,0,0,0,5.76812E+20,5.40829E+21,1.00465E+16,4.88229E+16
43402,8,3,25,9,2018,3,15,6,3,2,2,0,0,1,0,0,0,0,0,4.69074E+20,5.34055E+21,8.58366E+15,4.82174E+16
43403,8,2,26,85,2018,3,9,3,3,2,6,0,0,1,0,0,0,0,0,4.86466E+20,5.45634E+21,8.814E+15,4.92597E+16
43404,8,2,15,9,2018,3,18,4,3,0,7,0,0,1,0,0,0,0,1,4.67638E+20,5.43761E+21,8.55674E+15,4.90905E+16
43405,8,3,17,96,2018,3,6,7,3,4,1,0,0,1,0,0,0,0,0,4.22912E+20,5.37275E+21,7.9564E+15,4.85031E+16
43406,8,1,36,7,2018,3,7,4,2,8,1,0,0,1,0,0,0,0,2,5.74864E+20,5.39816E+21,1.00181E+16,4.87319E+16
43407,8,3,17,96,2018,3,21,3,3,5,3,2,0,1,0,0,0,0,1,4.21242E+20,5.36919E+21,7.93445E+15,4.84709E+16
43408,8,1,25,98,2018,3,8,4,2,2,6,0,0,1,0,0,0,0,0,5.18445E+20,5.43939E+21,9.25273E+15,4.91071E+16
43409,8,2,26,22,2018,3,19,2,3,2,7,0,0,1,0,0,0,0,0,4.81341E+20,5.46797E+21,8.74302E+15,4.93641E+16
43410,8,1,25,98,2018,3,9,4,2,6,4,0,0,1,1,0,0,0,1,5.1924E+20,5.43826E+21,9.26356E+15,4.90968E+16
43411,8,1,21,0,2018,3,13,4,3,3,3,0,0,1,0,0,0,0,0,5.15593E+20,5.44392E+21,9.21383E+15,4.91479E+16
43412,8,1,19,90,2018,3,7,4,3,5,3,0,0,1,0,0,0,1,0,5.34692E+20,5.40625E+21,9.4725E+15,4.88082E+16
43413,8,1,18,12,2018,3,0,1,2,1,1,2,0,1,0,0,0,0,0,4.95548E+20,5.41579E+21,8.93926E+15,4.8895E+16
43414,8,1,18,48,2018,3,10,4,3,2,6,0,0,1,0,0,0,0,0,5.12977E+20,5.41529E+21,9.17704E+15,4.88904E+16
43415,8,4,15,27,2018,3,20,4,3,9,1,2,0,1,0,0,0,0,1,5.28247E+20,5.36133E+21,9.38166E+15,4.84045E+16
43416,8,1,25,66,2018,3,7,4,3,9,1,0,0,1,0,0,0,0,0,5.15654E+20,5.43204E+21,9.21419E+15,4.9041E+16
43417,8,2,25,109,2018,3,5,7,3,9,1,1,0,1,0,0,0,0,1,5.27605E+20,5.49232E+21,9.38189E+15,4.95828E+16
43418,8,1,17,26,2018,3,9,4,3,2,6,0,0,1,0,0,1,0,0,5.47589E+20,5.39687E+21,9.64705E+15,4.8723E+16
43419,8,2,15,109,2018,3,16,3,3,5,2,0,0,1,0,0,0,0,0,4.63686E+20,5.43927E+21,8.50247E+15,4.91052E+16
43420,8,1,17,28,2018,3,15,4,3,5,3,0,0,1,0,0,0,0,0,5.46467E+20,5.38388E+21,9.63035E+15,4.86063E+16
43421,8,1,11,0,2018,3,11,2,3,3,6,0,0,1,0,0,1,0,0,5.17542E+20,5.40311E+21,9.23878E+15,4.87808E+16
43422,8,1,17,19,2018,3,12,4,3,1,6,0,0,1,0,0,0,0,0,5.50428E+20,5.39366E+21,9.68526E+15,4.86939E+16
43423,8,1,17,31,2018,3,3,4,3,9,1,2,0,1,0,0,0,0,1,5.47735E+20,5.37696E+21,9.64675E+15,4.85439E+16
43424,8,4,25,71,2018,3,22,2,2,8,1,2,0,1,0,1,0,0,1,5.46103E+20,5.36935E+21,9.62379E+15,4.84756E+16
43425,8,1,16,71,2018,3,8,4,2,2,6,0,0,1,0,0,1,0,0,5.29573E+20,5.3889E+21,9.40153E+15,4.86524E+16
43426,8,1,11,0,2018,3,10,4,3,3,2,0,0,1,0,0,0,0,0,5.14727E+20,5.39355E+21,9.20012E+15,4.86948E+16
43427,8,1,16,80,2018,3,7,4,3,2,6,0,0,1,0,0,1,0,0,5.17522E+20,5.39814E+21,9.23831E+15,4.8736E+16
43428,8,1,15,51,2018,3,23,1,3,8,1,2,0,0,0,0,0,1,0,5.04771E+20,5.38255E+21,9.06471E+15,4.8596E+16
43429,8,1,11,0,2018,3,7,4,3,5,3,0,0,1,0,0,0,0,0,5.1588E+20,5.39332E+21,9.21578E+15,4.86927E+16
43430,8,3,17,1,2018,3,18,4,3,2,6,0,0,1,0,0,0,0,1,4.30204E+20,5.3862E+21,8.05284E+15,4.8625E+16
43431,8,1,18,10,2018,3,8,4,3,2,6,0,0,1,0,0,0,0,0,5.048E+20,5.42971E+21,9.06566E+15,4.90202E+16
43432,8,2,15,7,2018,3,23,7,3,2,6,2,0,1,0,0,0,0,0,4.82891E+20,5.43566E+21,8.76574E+15,4.90736E+16
43433,8,1,15,37,2018,3,8,4,3,5,3,0,0,1,0,0,0,0,0,4.92177E+20,5.38595E+21,8.89384E+15,4.86266E+16
43434,8,1,35,19,2018,3,6,3,2,8,1,0,0,1,0,0,0,0,0,5.85534E+20,5.39551E+21,1.01626E+16,4.87067E+16
43435,8,1,11,0,2018,3,7,4,3,5,3,0,1,1,0,0,0,0,1,5.16234E+20,5.39844E+21,9.2208E+15,4.87387E+16
43436,8,4,26,38,2018,3,17,1,2,4,2,0,0,1,0,0,0,0,0,5.60744E+20,5.31271E+21,9.81376E+15,4.79648E+16
43437,8,1,11,0,2018,3,14,4,2,6,4,0,0,0,1,0,0,1,1,5.13529E+20,5.40172E+21,9.18411E+15,4.87684E+16
43438,8,2,36,38,2018,3,16,4,2,2,4,0,0,1,1,0,0,0,1,4.85746E+20,5.42726E+21,8.80512E+15,4.89981E+16
43439,8,1,16,35,2018,3,3,7,2,2,6,2,0,1,0,0,1,0,0,5.27518E+20,5.39003E+21,9.37371E+15,4.86627E+16
43440,8,1,11,0,2018,3,16,4,3,2,6,0,0,1,0,0,0,0,0,5.10297E+20,5.40014E+21,9.14009E+15,4.87542E+16
43441,8,1,26,66,2018,3,11,7,3,5,3,0,0,1,0,1,0,0,0,5.36349E+20,5.45001E+21,9.49899E+15,4.92018E+16
43442,8,4,15,61,2018,3,19,3,3,8,1,1,1,0,0,0,0,0,0,5.12843E+20,5.37202E+21,9.17386E+15,4.85011E+16
43443,8,4,36,9,2018,3,17,3,3,6,4,0,0,1,1,0,0,0,1,5.56575E+20,5.30837E+21,9.75734E+15,4.79261E+16
43444,8,4,36,64,2018,3,11,7,3,9,1,0,0,1,0,0,0,0,0,5.45441E+20,5.29404E+21,9.6068E+15,4.77981E+16
43445,8,4,36,64,2018,3,20,3,3,6,2,2,0,1,1,0,0,0,1,5.45099E+20,5.2923E+21,9.60205E+15,4.77825E+16
43446,8,2,26,95,2018,3,10,4,2,2,6,0,0,1,0,0,0,1,0,4.70818E+20,5.46025E+21,8.59866E+15,4.92943E+16
43447,8,1,15,3,2018,3,6,4,3,5,3,2,0,1,0,0,0,0,0,4.98452E+20,5.3928E+21,8.97897E+15,4.86882E+16
43448,8,4,36,64,2018,3,7,3,3,2,2,0,0,1,0,0,0,0,0,5.40361E+20,5.28971E+21,9.53856E+15,4.77595E+16
43449,8,1,19,79,2018,3,6,3,3,2,6,1,0,1,0,0,0,0,1,5.24463E+20,5.40829E+21,9.33331E+15,4.88271E+16
43450,8,4,35,16,2018,3,10,3,3,2,6,0,0,1,0,0,0,0,0,5.36939E+20,5.27832E+21,9.49194E+15,4.76572E+16
43451,8,2,36,40,2018,3,20,1,3,4,2,2,0,1,0,0,0,0,0,4.89027E+20,5.42157E+21,8.85013E+15,4.8947E+16
43452,8,4,26,87,2018,3,22,3,3,8,1,2,0,1,0,0,0,0,2,5.70242E+20,5.32696E+21,9.94333E+15,4.80921E+16
43453,8,2,26,85,2018,3,17,4,3,5,3,0,0,1,0,0,0,0,1,4.94121E+20,5.45264E+21,8.91925E+15,4.92265E+16
43454,8,3,36,34,2018,3,7,7,3,8,1,0,0,1,0,0,0,1,0,4.12913E+20,5.2779E+21,7.84039E+15,4.76486E+16
43455,8,4,26,58,2018,3,19,3,2,8,1,2,0,1,0,0,0,0,1,5.59644E+20,5.3207E+21,9.80013E+15,4.80368E+16
43456,8,4,35,16,2018,3,9,3,2,0,7,0,1,0,0,0,0,0,0,5.33063E+20,5.27849E+21,9.44033E+15,4.76589E+16
43457,8,4,21,0,2018,3,15,3,2,5,2,0,0,1,0,0,0,0,0,5.71069E+20,5.35757E+21,9.95957E+15,4.83673E+16
43458,8,3,27,46,2018,3,7,3,3,5,3,0,0,1,0,0,0,0,0,4.80922E+20,5.32451E+21,8.74389E+15,4.80736E+16
43459,8,2,21,0,2018,3,10,2,3,2,6,0,0,1,0,0,1,0,0,4.73976E+20,5.47607E+21,8.64106E+15,4.94367E+16
43460,8,3,25,12,2018,3,12,6,3,7,6,0,0,1,0,0,0,1,0,4.66298E+20,5.36145E+21,8.54462E+15,4.84053E+16
43461,8,4,15,61,2018,4,11,1,3,2,6,0,0,1,0,0,0,0,1,5.14296E+20,5.37118E+21,9.1935E+15,4.84936E+16
43462,8,1,25,65,2018,4,8,4,3,3,6,0,0,1,0,0,1,0,0,5.16404E+20,5.44663E+21,9.22505E+15,4.91723E+16
43463,8,3,17,31,2018,4,16,1,3,5,2,0,0,1,0,0,0,0,1,4.17004E+20,5.35837E+21,7.87928E+15,4.8373E+16
43464,8,3,17,57,2018,4,20,1,3,5,3,2,0,1,0,1,0,0,0,4.14121E+20,5.384E+21,7.83508E+15,4.86032E+16
43465,8,2,36,39,2018,4,21,3,2,5,3,2,0,1,0,0,0,0,0,4.90362E+20,5.41178E+21,8.8686E+15,4.88589E+16
43466,8,1,25,6,2018,4,12,5,3,1,1,0,0,1,0,0,0,0,1,5.06316E+20,5.44993E+21,9.0867E+15,4.92021E+16
43467,8,3,15,8,2018,4,14,1,3,5,3,0,0,1,0,0,0,0,1,4.02462E+20,5.30091E+21,7.6961E+15,4.78542E+16
43468,8,1,11,0,2018,4,16,3,3,2,6,0,0,1,0,0,0,0,0,5.15691E+20,5.40536E+21,9.21368E+15,4.8801E+16
43469,8,1,11,0,2018,4,16,6,3,2,6,0,0,1,0,1,0,0,0,5.14675E+20,5.39558E+21,9.19949E+15,4.87131E+16
43470,8,3,35,77,2018,4,17,4,3,5,3,0,0,1,0,0,0,0,1,4.94624E+20,5.29227E+21,8.92823E+15,4.77837E+16
43471,8,2,15,90,2018,4,14,1,3,2,6,0,0,1,0,0,0,0,1,4.64214E+20,5.43558E+21,8.51003E+15,4.9072E+16
43472,8,2,15,90,2018,4,14,1,3,2,6,0,0,1,0,0,0,0,0,4.64197E+20,5.43554E+21,8.5098E+15,4.90717E+16
43473,8,4,36,81,2018,4,12,3,1,8,1,0,0,1,0,0,1,0,0,5.6162E+20,5.28524E+21,9.82159E+15,4.77176E+16
43474,8,2,15,90,2018,4,14,1,3,2,6,0,0,1,0,0,0,0,1,4.65522E+20,5.43721E+21,8.5278E+15,4.90868E+16
43475,8,2,15,90,2018,4,14,1,2,2,6,0,0,1,0,0,0,0,1,4.65522E+20,5.43721E+21,8.5278E+15,4.90868E+16
43476,8,2,16,5,2018,4,13,1,3,3,6,0,0,1,0,0,0,0,0,4.47077E+20,5.41495E+21,8.2781E+15,4.88852E+16
43477,8,1,35,16,2018,4,15,3,3,1,6,0,0,1,0,1,0,0,0,5.91797E+20,5.38624E+21,1.02457E+16,4.86225E+16
43478,8,1,21,0,2018,4,13,6,3,1,1,0,0,1,0,0,0,0,0,5.12011E+20,5.44844E+21,9.16484E+15,4.91887E+16
43479,8,1,19,83,2018,4,18,5,3,2,2,0,0,1,0,1,0,0,0,5.34955E+20,5.41954E+21,9.47722E+15,4.89278E+16
43480,8,2,26,104,2018,4,7,1,2,5,3,0,0,1,0,0,0,0,1,4.89912E+20,5.46718E+21,8.86108E+15,4.93572E+16
43481,8,2,16,24,2018,4,22,1,3,4,1,2,0,1,0,0,0,0,1,4.46738E+20,5.40891E+21,8.27426E+15,4.88309E+16
43482,8,2,16,43,2018,4,16,3,3,3,6,0,0,1,0,1,0,0,0,4.4194E+20,5.41202E+21,8.20845E+15,4.88584E+16
43483,8,2,15,106,2018,4,7,2,3,8,1,0,0,1,0,0,0,0,1,4.65007E+20,5.45542E+21,8.51916E+15,4.92505E+16
43484,8,1,25,6,2018,4,14,5,2,3,6,0,0,1,0,0,1,0,0,5.01817E+20,5.45125E+21,9.02495E+15,4.9214E+16
43485,8,2,16,17,2018,4,19,1,2,4,1,1,0,1,0,0,0,0,2,4.5933E+20,5.3947E+21,8.44723E+15,4.8704E+16
43486,8,1,15,16,2018,3,17,5,2,9,7,0,0,1,0,0,0,0,0,4.88565E+20,5.37787E+21,8.84504E+15,4.85539E+16
43487,8,4,36,79,2018,4,13,2,2,8,1,0,0,0,0,1,0,0,0,5.54264E+20,5.29069E+21,9.72419E+15,4.77673E+16
43488,8,4,35,34,2018,4,22,5,3,4,2,2,0,1,0,0,0,0,0,5.29775E+20,5.28467E+21,9.39697E+15,4.77147E+16
43489,8,2,31,0,2018,4,15,4,2,2,6,0,0,1,0,0,1,1,0,4.78435E+20,5.4178E+21,8.70568E+15,4.89127E+16
43490,8,1,18,48,2018,4,14,1,3,5,3,0,0,1,0,0,0,0,0,5.11445E+20,5.41872E+21,9.15623E+15,4.89213E+16
43491,8,1,15,21,2018,4,15,1,2,8,1,0,0,1,0,0,0,0,1,4.92606E+20,5.3805E+21,8.89976E+15,4.85775E+16
43492,8,4,15,50,2018,4,14,3,3,4,1,0,0,1,0,1,0,0,0,5.21933E+20,5.37674E+21,9.29717E+15,4.85434E+16
43493,8,1,36,82,2018,4,20,1,3,5,3,2,0,1,0,0,0,0,1,5.85334E+20,5.41536E+21,1.0164E+16,4.88853E+16
43494,8,1,28,138,2018,4,10,1,3,5,3,0,0,1,0,0,0,0,1,5.38437E+20,5.48271E+21,9.53079E+15,4.94958E+16
43495,8,1,27,14,2018,4,10,3,3,5,3,0,1,1,0,0,0,0,0,5.77373E+20,5.44372E+21,1.00609E+16,4.91414E+16
43496,8,1,28,115,2018,4,19,6,3,2,6,0,0,1,0,0,0,0,0,5.47606E+20,5.49964E+21,9.65945E+15,4.96475E+16
43497,8,1,11,0,2018,4,11,5,3,2,6,0,0,1,0,0,0,0,0,5.12156E+20,5.40218E+21,9.16544E+15,4.87725E+16
43498,8,1,27,101,2018,4,21,1,3,8,1,2,0,1,0,0,0,0,1,5.82668E+20,5.44167E+21,1.0133E+16,4.91223E+16
43499,8,3,26,12,2018,4,12,2,3,0,1,0,0,0,0,1,0,0,0,4.6192E+20,5.31156E+21,8.48995E+15,4.79562E+16
43500,8,2,11,0,2018,4,10,4,3,4,2,0,1,1,0,0,0,0,0,4.41708E+20,5.4036E+21,8.20648E+15,4.87827E+16
43501,8,1,25,108,2018,4,4,1,2,1,1,2,0,1,0,1,0,0,1,4.94832E+20,5.43379E+21,8.92927E+15,4.9057E+16
43502,8,4,15,61,2018,4,17,2,3,3,2,0,1,1,0,0,0,0,0,5.15207E+20,5.37212E+21,9.20587E+15,4.8502E+16
43503,8,4,17,15,2018,4,15,5,3,4,6,0,0,1,0,0,0,1,1,4.82476E+20,5.34333E+21,8.76397E+15,4.82429E+16
43504,8,2,15,9,2018,4,18,4,3,2,6,0,0,1,0,0,0,0,0,4.67724E+20,5.43777E+21,8.55791E+15,4.90919E+16
43505,8,1,25,24,2018,4,21,1,3,5,3,2,0,1,0,0,0,0,1,5.22492E+20,5.44388E+21,9.30842E+15,4.91474E+16
43506,8,1,21,0,2018,4,20,1,3,4,6,2,0,1,0,0,0,1,1,5.14795E+20,5.44438E+21,9.2029E+15,4.9152E+16
43507,8,3,36,79,2018,4,16,3,3,8,1,0,0,1,0,0,0,0,0,4.18924E+20,5.29449E+21,7.91732E+15,4.77986E+16
43508,8,1,18,48,2018,4,19,1,3,1,7,1,1,1,0,0,0,0,1,5.15627E+20,5.41513E+21,9.21318E+15,4.88889E+16
43509,8,1,11,0,2018,4,11,1,3,2,6,0,0,1,0,0,0,0,1,5.13105E+20,5.40686E+21,9.17851E+15,4.88146E+16
43510,8,1,19,38,2018,4,18,3,3,8,1,0,0,0,0,1,0,0,0,5.24405E+20,5.42032E+21,9.33323E+15,4.89353E+16
43511,8,1,19,8,2018,4,16,6,3,3,6,0,0,1,0,1,0,0,0,5.32024E+20,5.42021E+21,9.43725E+15,4.8934E+16
43512,8,4,36,55,2018,4,8,4,3,5,3,0,0,1,0,0,0,0,0,5.78576E+20,5.29172E+21,1.00488E+16,4.77741E+16
43513,8,4,37,118,2018,3,21,7,3,8,1,2,0,1,0,0,0,0,0,5.15012E+20,5.30819E+21,9.20097E+15,4.79269E+16
43514,8,1,25,57,2018,4,15,4,3,5,3,0,1,1,0,0,0,0,1,5.23731E+20,5.44308E+21,9.32537E+15,4.91401E+16
43515,8,4,36,82,2018,3,12,7,3,2,6,0,0,1,0,0,0,0,0,5.47919E+20,5.29603E+21,9.64012E+15,4.78158E+16
43516,8,4,36,64,2018,3,16,7,3,2,6,0,0,1,0,0,0,0,0,5.45602E+20,5.29222E+21,9.60877E+15,4.77817E+16
43517,8,2,37,2,2018,4,15,3,3,8,1,0,0,1,0,0,0,0,0,4.57739E+20,5.35502E+21,8.42963E+15,4.8347E+16
43518,8,2,15,110,2018,4,11,5,3,2,3,0,0,1,0,0,0,0,1,4.61559E+20,5.41888E+21,8.47526E+15,4.89217E+16
43519,8,4,26,62,2018,3,22,7,2,5,3,2,0,1,0,0,0,0,0,5.52111E+20,5.31935E+21,9.69893E+15,4.80253E+16
43520,8,1,16,49,2018,4,10,3,3,2,6,0,0,1,0,0,0,0,0,5.25249E+20,5.38577E+21,9.34264E+15,4.86245E+16
43521,8,4,25,39,2018,3,19,7,3,8,1,0,0,1,0,0,0,0,0,5.63572E+20,5.35242E+21,9.85757E+15,4.83218E+16
43522,8,3,17,141,2018,4,13,3,3,1,1,0,0,0,0,0,1,0,0,4.19867E+20,5.37651E+21,7.91445E+15,4.85366E+16
43523,8,2,37,28,2018,4,17,5,3,5,3,0,0,1,0,0,0,0,0,4.48975E+20,5.36891E+21,8.30967E+15,4.84712E+16
43524,8,4,17,79,2018,3,16,7,3,5,3,0,0,1,0,0,0,0,0,4.99889E+20,5.34793E+21,8.9985E+15,4.82846E+16
43525,8,1,18,48,2018,4,18,3,2,5,3,0,1,0,0,1,0,0,0,5.15183E+20,5.4147E+21,9.2071E+15,4.88851E+16
43526,8,1,15,10,2018,4,12,6,2,4,6,0,0,1,0,1,0,0,0,4.86048E+20,5.38898E+21,8.81056E+15,4.86537E+16
43527,8,4,21,0,2018,4,17,4,3,5,3,0,0,1,0,0,0,0,0,5.69903E+20,5.35971E+21,9.94418E+15,4.83867E+16
43528,8,4,15,89,2018,3,14,7,3,4,2,0,0,1,0,0,1,0,0,5.18818E+20,5.35659E+21,9.25404E+15,4.83622E+16
43529,8,1,15,16,2018,3,15,5,3,0,7,0,1,0,0,0,0,0,0,4.87419E+20,5.37785E+21,8.82952E+15,4.85536E+16
43530,8,1,19,20,2018,4,13,4,3,5,2,0,0,1,0,1,0,0,0,5.20677E+20,5.40582E+21,9.2816E+15,4.88051E+16
43531,8,1,15,4,2018,3,15,7,3,2,6,0,0,1,0,0,0,1,0,4.88117E+20,5.37189E+21,8.83914E+15,4.85E+16
43532,8,3,16,17,2018,3,13,7,3,1,6,0,0,1,0,0,0,0,0,4.0686E+20,5.34054E+21,7.74625E+15,4.82112E+16
43533,8,3,37,96,2018,3,13,7,3,2,6,0,0,1,0,0,0,0,1,4.22051E+20,5.26802E+21,7.9638E+15,4.7561E+16
43534,8,2,31,0,2018,4,13,3,3,1,6,0,0,1,0,0,0,0,0,4.79297E+20,5.41828E+21,8.71742E+15,4.89171E+16
43535,8,2,12,0,2018,4,11,2,3,2,6,0,0,1,0,0,0,0,0,4.6282E+20,5.43265E+21,8.49121E+15,4.90456E+16
43536,8,1,36,88,2018,4,9,5,3,5,3,0,0,1,0,0,0,0,0,5.84868E+20,5.40931E+21,1.01564E+16,4.8831E+16
43537,8,3,35,75,2018,3,19,7,3,2,6,1,0,1,0,0,0,0,0,4.87665E+20,5.28946E+21,8.8354E+15,4.77584E+16
43538,8,1,11,0,2018,3,7,5,3,5,3,0,1,1,0,0,0,0,0,5.15524E+20,5.40578E+21,9.21142E+15,4.88048E+16
43539,8,1,11,0,2018,4,16,3,3,2,6,0,0,1,0,0,0,0,0,5.16156E+20,5.40915E+21,9.22016E+15,4.88351E+16
43540,8,4,36,64,2018,4,17,5,3,6,4,0,0,1,1,0,0,0,0,5.45377E+20,5.29223E+21,9.60576E+15,4.77818E+16
43541,8,3,17,96,2018,4,12,4,2,3,6,0,0,1,0,0,1,0,0,4.22736E+20,5.36609E+21,7.95524E+15,4.84432E+16
43542,8,3,35,43,2018,3,13,7,3,2,6,0,0,1,0,0,0,0,1,5.12051E+20,5.28002E+21,9.16054E+15,4.76735E+16
43543,8,3,25,69,2018,3,11,7,3,4,1,0,0,1,0,0,0,1,0,4.64957E+20,5.33547E+21,8.52866E+15,4.81715E+16
43544,8,1,16,46,2018,4,17,6,3,2,6,0,0,1,0,0,0,0,0,5.26199E+20,5.37832E+21,9.35506E+15,4.85574E+16
43545,8,3,17,34,2018,4,13,2,3,2,6,0,0,1,0,0,0,0,0,4.2658E+20,5.36234E+21,8.00786E+15,4.841E+16
43546,8,4,15,59,2018,4,12,4,3,5,3,0,0,1,0,0,0,0,0,5.16326E+20,5.36868E+21,9.22087E+15,4.8471E+16
43547,8,3,25,49,2018,3,14,7,3,2,6,0,0,1,0,0,0,0,0,4.73193E+20,5.33374E+21,8.63955E+15,4.81563E+16
43548,8,3,17,65,2018,3,12,7,3,2,2,0,0,1,0,0,0,0,0,4.13705E+20,5.35239E+21,7.83597E+15,4.83188E+16
43549,8,1,16,33,2018,4,8,4,2,2,6,0,0,1,0,0,0,0,0,5.36266E+20,5.38635E+21,9.49218E+15,4.86292E+16
43550,8,3,16,42,2018,3,14,7,3,9,1,0,1,0,0,0,0,0,0,4.2939E+20,5.32801E+21,8.05156E+15,4.81014E+16
43551,8,2,26,85,2018,3,11,7,3,2,6,0,0,1,0,0,0,0,0,4.87129E+20,5.45616E+21,8.82312E+15,4.92581E+16
43552,8,2,36,46,2018,3,15,7,3,1,6,0,0,1,0,0,0,0,0,4.83286E+20,5.41731E+21,8.77191E+15,4.89085E+16
43553,8,1,11,0,2018,4,14,3,3,2,6,0,0,1,0,0,0,0,0,5.15375E+20,5.39333E+21,9.20893E+15,4.86928E+16
43554,8,2,15,7,2018,4,23,6,3,9,1,2,0,1,0,0,0,0,0,4.7485E+20,5.43061E+21,8.65596E+15,4.90279E+16
43555,8,2,15,103,2018,4,14,2,3,2,6,0,0,1,0,0,0,0,0,4.67699E+20,5.44346E+21,8.55712E+15,4.91431E+16
43556,8,1,21,0,2018,4,13,5,3,0,1,0,1,0,0,0,0,0,0,5.14843E+20,5.44154E+21,9.20344E+15,4.91265E+16
43557,8,2,15,84,2018,3,11,7,2,5,2,0,0,1,0,1,0,0,0,4.73365E+20,5.44576E+21,8.63464E+15,4.91641E+16
43558,8,4,35,52,2018,4,14,2,3,4,2,0,0,1,0,1,0,0,0,5.2294E+20,5.28768E+21,9.306E+15,4.77421E+16
43559,8,4,35,16,2018,4,12,5,2,0,1,0,1,0,0,0,0,0,0,5.3736E+20,5.27883E+21,9.49759E+15,4.76618E+16
43560,8,2,26,96,2018,4,16,4,3,2,6,0,0,1,0,0,0,1,0,4.74757E+20,5.49014E+21,8.65092E+15,4.95633E+16
43561,8,2,12,0,2018,3,15,7,3,2,6,0,0,1,0,0,0,0,0,4.6273E+20,5.43245E+21,8.48999E+15,4.90438E+16
43562,8,3,17,96,2018,3,17,7,3,2,6,0,0,1,0,0,0,0,0,4.21946E+20,5.37701E+21,7.94252E+15,4.85414E+16
43563,8,4,15,78,2018,4,5,3,3,5,3,2,0,1,0,0,0,0,0,5.28115E+20,5.37173E+21,9.38058E+15,4.84981E+16
43564,8,2,16,7,2018,3,4,7,3,9,1,2,0,1,0,0,0,0,0,4.34114E+20,5.39752E+21,8.10409E+15,4.87272E+16
43565,8,2,37,24,2018,3,18,7,3,2,6,0,0,1,0,0,0,0,0,4.79712E+20,5.35901E+21,8.72599E+15,4.8384E+16
43566,8,1,25,98,2018,4,15,3,2,9,1,0,0,0,0,1,0,0,0,5.25197E+20,5.43708E+21,9.34509E+15,4.90861E+16
43567,8,1,27,25,2018,4,20,6,3,5,2,1,0,1,0,0,0,0,0,5.56439E+20,5.42828E+21,9.77171E+15,4.90048E+16