OBJECTID_1,ULAND,UREGBEZ,UKREIS,UGEMEINDE,UJAHR,UMONAT,USTUNDE,UWOCHENTAG,UKATEGORIE,UART,UTYP1,ULICHTVERH,IstRad,IstPKW,IstFuss,IstKrad,IstGkfz,IstSonstig,STRZUSTAND,LINREFX,LINREFY,XGCSWGS84,YGCSWGS84
43757,8,3,17,1,2018,4,18,3,3,8,1,0,0,1,0,0,0,0,0,4.27622E+20,5.38555E+21,8.01792E+15,4.86188E+16
43758,8,2,26,106,2018,4,0,5,3,9,1,2,0,1,0,0,0,0,0,4.98098E+20,5.46512E+21,8.97382E+15,4.93388E+16
43759,8,3,17,150,2018,3,22,5,3,5,3,2,0,1,0,0,0,0,0,4.10642E+20,5.35705E+21,7.79366E+15,4.83603E+16
43760,8,1,18,63,2018,4,16,2,3,2,6,0,0,1,0,0,0,0,0,5.16146E+20,5.42293E+21,9.22057E+15,4.89591E+16
43761,8,1,17,26,2018,4,12,3,3,5,3,0,0,1,0,0,0,0,0,5.50948E+20,5.39089E+21,9.69199E+15,4.8669E+16
43762,8,1,17,55,2018,4,18,6,2,8,1,0,0,1,0,0,0,0,0,5.45512E+20,5.3978E+21,9.61892E+15,4.87316E+16
43763,8,4,25,33,2018,4,16,4,3,5,3,0,0,1,0,0,0,0,0,5.56579E+20,5.34743E+21,9.76257E+15,4.82775E+16
43764,8,3,17,116,2018,3,16,5,3,2,6,0,0,1,0,0,0,0,0,4.32808E+20,5.38734E+21,8.08798E+15,4.86355E+16
43765,8,4,37,100,2018,3,16,4,3,2,2,0,0,1,0,0,0,0,1,5.36683E+20,5.3187E+21,9.49195E+15,4.80205E+16
43766,8,1,18,73,2018,4,16,4,3,2,6,0,0,1,0,0,0,0,0,4.97741E+20,5.41572E+21,8.96918E+15,4.88945E+16
43767,8,3,17,5,2018,3,16,5,2,5,2,0,0,1,0,0,0,0,0,4.24233E+20,5.37582E+21,7.97371E+15,4.85309E+16
43768,8,3,16,37,2018,3,17,5,3,5,3,0,0,1,0,0,0,0,0,4.07458E+20,5.33362E+21,7.75582E+15,4.81491E+16
43769,8,3,15,76,2018,3,10,5,2,4,6,0,0,1,0,0,0,0,0,3.94659E+20,5.3042E+21,7.59102E+15,4.78824E+16
43770,8,1,16,71,2018,4,10,2,2,3,6,0,0,1,0,0,0,0,0,5.27196E+20,5.39029E+21,9.36935E+15,4.86651E+16
43771,8,2,26,58,2018,4,12,3,3,5,3,0,0,1,0,0,0,0,0,4.93754E+20,5.46329E+21,8.91404E+15,4.93223E+16
43772,8,1,36,88,2018,4,17,5,3,4,1,0,0,1,0,1,0,0,0,5.85228E+20,5.40923E+21,1.01613E+16,4.88302E+16
43773,8,3,11,0,2018,3,8,5,3,2,6,0,0,1,0,0,0,0,0,4.14738E+20,5.31966E+21,7.85646E+15,4.80245E+16
43774,8,1,16,33,2018,4,13,2,2,3,2,0,0,1,0,1,0,0,0,5.33967E+20,5.38873E+21,9.46118E+15,4.86507E+16
43775,8,4,37,114,2018,4,17,2,3,9,1,0,0,0,0,1,0,0,0,5.13836E+20,5.3367E+21,9.18614E+15,4.81834E+16
43776,8,4,36,55,2018,4,12,5,3,2,6,0,0,1,0,0,0,0,0,5.76294E+20,5.29826E+21,1.00195E+16,4.78331E+16
43777,8,2,16,49,2018,4,17,5,2,8,1,0,0,1,0,0,0,0,0,4.3944E+20,5.40248E+21,8.17577E+15,4.87724E+16
43778,8,2,26,103,2018,3,9,5,3,2,6,0,0,1,0,0,0,0,0,4.71763E+20,5.45738E+21,8.61186E+15,4.92685E+16
43779,8,1,16,20,2018,4,18,3,2,5,3,0,1,0,0,0,1,0,0,5.26996E+20,5.38134E+21,9.36605E+15,4.85845E+16
43780,8,1,15,3,2018,4,14,6,3,2,6,0,0,1,0,0,0,0,0,5.00057E+20,5.39233E+21,9.00078E+15,4.8684E+16
43781,8,4,35,57,2018,4,13,4,1,8,1,0,0,1,0,0,0,0,0,5.44168E+20,5.28198E+21,9.58859E+15,4.76897E+16
43782,8,2,15,84,2018,3,15,5,3,4,6,0,0,1,0,0,0,0,0,4.72295E+20,5.44632E+21,8.61993E+15,4.91691E+16
43783,8,2,37,40,2018,3,16,5,3,4,6,0,0,1,0,0,0,0,0,4.7479E+20,5.36751E+21,8.659E+15,4.84602E+16
43784,8,1,16,4,2018,4,16,4,2,3,7,0,0,1,0,1,0,0,0,5.28038E+20,5.39663E+21,9.38122E+15,4.87221E+16
43785,8,2,25,109,2018,3,13,5,3,2,6,0,0,1,0,0,0,0,0,5.26735E+20,5.4914E+21,9.36979E+15,4.95746E+16
43786,8,2,16,43,2018,3,22,5,3,4,7,2,0,1,0,0,0,1,0,4.43822E+20,5.41323E+21,8.23394E+15,4.88695E+16
43787,8,2,15,17,2018,3,20,5,3,2,6,2,0,1,0,0,0,0,0,4.54591E+20,5.42316E+21,8.37967E+15,4.89597E+16
43788,8,1,36,79,2018,4,20,3,3,0,7,2,1,0,0,0,0,0,0,5.60206E+20,5.40178E+21,9.81931E+15,4.87661E+16
43789,8,2,15,102,2018,4,15,6,3,5,3,0,1,1,0,0,0,0,0,4.57915E+20,5.43768E+21,8.42356E+15,4.90905E+16
43790,8,1,19,85,2018,4,17,5,3,2,2,0,0,1,0,0,0,0,0,5.28276E+20,5.41328E+21,9.3856E+15,4.88718E+16
43791,8,2,12,0,2018,3,16,5,3,5,3,0,1,1,0,0,0,0,0,4.56439E+20,5.42456E+21,8.40476E+15,4.89724E+16
43792,8,4,37,104,2018,4,14,2,3,4,6,0,0,1,0,1,0,0,0,5.18032E+20,5.32161E+21,9.24196E+15,4.80476E+16
43793,8,4,17,2,2018,4,7,5,3,5,3,1,0,1,0,1,0,0,0,4.88808E+20,5.34891E+21,8.8491E+15,4.82933E+16
43794,8,2,26,85,2018,4,17,4,3,1,6,0,0,1,0,0,0,0,1,4.91344E+20,5.45555E+21,8.88106E+15,4.92526E+16
43795,8,2,11,0,2018,3,15,5,3,2,6,0,0,1,0,0,0,0,0,4.4277E+20,5.40264E+21,8.22107E+15,4.87741E+16
43796,8,1,25,102,2018,3,5,5,3,3,6,2,0,1,0,0,1,0,0,5.22185E+20,5.44377E+21,9.3042E+15,4.91464E+16
43797,8,4,15,62,2018,4,11,3,3,2,6,0,0,1,0,0,0,0,0,5.19196E+20,5.37845E+21,9.26015E+15,4.85589E+16
43798,8,3,17,96,2018,4,9,4,3,2,6,0,0,1,0,0,0,0,0,4.21536E+20,5.36882E+21,7.93851E+15,4.84676E+16
43799,8,1,18,19,2018,3,15,5,3,2,6,0,0,1,0,0,0,0,0,5.02608E+20,5.40537E+21,9.03551E+15,4.88013E+16
43800,8,1,15,28,2018,3,12,5,3,2,6,0,0,1,0,0,0,0,0,4.97428E+20,5.40454E+21,8.96499E+15,4.87938E+16
43801,8,4,26,64,2018,4,12,3,3,8,1,0,0,1,0,0,0,0,0,5.37548E+20,5.32468E+21,9.50408E+15,4.80743E+16
43802,8,1,36,19,2018,3,19,5,3,0,6,1,0,0,0,1,0,0,0,5.93748E+20,5.4255E+21,1.02811E+16,4.89753E+16
43803,8,1,36,88,2018,3,14,5,3,1,6,0,0,1,0,0,0,0,0,5.8225E+20,5.40854E+21,1.01206E+16,4.88244E+16
43804,8,4,25,112,2018,3,15,5,3,1,6,0,0,1,0,0,0,1,0,5.82033E+20,5.37815E+21,1.01116E+16,4.85511E+16
43805,8,2,25,14,2018,4,20,3,2,9,1,2,0,0,0,1,0,0,0,5.20338E+20,5.48885E+21,9.28118E+15,4.9552E+16
43806,8,1,36,2,2018,4,17,6,2,8,1,0,0,0,0,1,0,0,0,5.73085E+20,5.4184E+21,9.99751E+15,4.89142E+16
43807,8,1,16,71,2018,4,21,5,3,2,6,2,0,1,0,0,0,0,0,5.27132E+20,5.39131E+21,9.36855E+15,4.86742E+16
43808,8,1,28,115,2018,3,16,5,3,2,6,0,0,1,0,0,0,0,0,5.49797E+20,5.49505E+21,9.68923E+15,4.9606E+16
43809,8,3,35,80,2018,4,23,2,2,9,7,2,0,1,0,0,0,0,0,4.7309E+20,5.29656E+21,8.64048E+15,4.78219E+16
43810,8,4,35,42,2018,4,15,5,2,8,1,0,0,1,0,0,0,0,0,5.51442E+20,5.27837E+21,9.68508E+15,4.76567E+16
43811,8,2,15,17,2018,4,20,4,3,4,2,2,0,1,0,0,0,0,0,4.5745E+20,5.42229E+21,8.41881E+15,4.8952E+16
43812,8,1,28,126,2018,3,13,5,3,1,1,0,0,1,0,0,0,0,0,5.65453E+20,5.4832E+21,9.90391E+15,4.94979E+16
43813,8,1,27,76,2018,3,13,5,3,5,2,0,1,1,0,0,0,0,0,5.52462E+20,5.4396E+21,9.7188E+15,4.9107E+16
43814,8,3,26,12,2018,4,7,3,3,2,6,0,0,1,0,0,0,0,0,4.61276E+20,5.31161E+21,8.48132E+15,4.79567E+16
43815,8,3,36,19,2018,4,15,5,3,6,4,0,0,1,1,0,0,0,0,3.94459E+20,5.2762E+21,7.59514E+15,4.76306E+16
43816,8,1,21,0,2018,3,13,5,3,2,2,0,0,1,0,0,0,0,0,5.15962E+20,5.44626E+21,9.21898E+15,4.91689E+16
43817,8,3,15,37,2018,4,9,2,3,2,6,0,0,1,0,0,0,0,0,4.28023E+20,5.3008E+21,8.03776E+15,4.78566E+16
43818,8,1,18,49,2018,4,10,3,2,6,2,0,0,0,1,0,1,0,0,5.18984E+20,5.42071E+21,9.25923E+15,4.8939E+16
43819,8,1,18,48,2018,4,17,6,3,5,3,0,0,1,0,0,0,0,0,5.13064E+20,5.41529E+21,9.17823E+15,4.88905E+16
43820,8,4,26,21,2018,4,21,4,3,5,3,2,0,1,0,0,0,0,0,5.59589E+20,5.32998E+21,9.8007E+15,4.81203E+16
43821,8,1,25,6,2018,3,14,5,3,2,6,0,0,1,0,0,0,0,0,5.05192E+20,5.4508E+21,9.07129E+15,4.92099E+16
43822,8,1,19,91,2018,3,0,5,3,4,6,2,0,1,0,0,0,0,1,5.27104E+20,5.40307E+21,9.36894E+15,4.87801E+16
43823,8,1,25,98,2018,4,16,3,3,4,1,0,0,1,0,1,0,0,0,5.25228E+20,5.43706E+21,9.34551E+15,4.90859E+16
43824,8,2,25,67,2018,4,16,6,2,4,6,0,0,1,0,1,0,0,0,5.08451E+20,5.4635E+21,9.1163E+15,4.93242E+16
43825,8,4,36,9,2018,4,12,4,3,4,2,0,0,1,0,0,0,0,0,5.57036E+20,5.30896E+21,9.76359E+15,4.79314E+16
43826,8,1,18,67,2018,3,8,5,3,2,6,0,0,1,0,0,1,0,0,5.07151E+20,5.41427E+21,9.09753E+15,4.88813E+16
43827,8,1,28,58,2018,4,7,4,3,5,3,0,0,1,0,0,0,0,0,5.60535E+20,5.48754E+21,9.83667E+15,4.95374E+16
43828,8,1,17,6,2018,3,15,5,3,4,6,0,0,1,0,0,0,1,0,5.50401E+20,5.38308E+21,9.6836E+15,4.85988E+16
43829,8,1,17,12,2018,3,12,5,2,5,3,0,1,1,0,0,0,0,0,5.44942E+20,5.38824E+21,9.61013E+15,4.86456E+16
43830,8,2,15,103,2018,4,16,3,3,4,6,0,0,1,0,0,0,0,0,4.66486E+20,5.44418E+21,8.54041E+15,4.91495E+16
43831,8,2,16,22,2018,4,6,5,3,4,2,0,0,1,0,0,0,0,0,4.32915E+20,5.4051E+21,8.08655E+15,4.87953E+16
43832,8,1,16,80,2018,3,15,5,3,2,6,0,0,1,0,0,0,0,0,5.22848E+20,5.39539E+21,9.31059E+15,4.87111E+16
43833,8,1,17,2,2018,4,19,3,3,2,6,1,0,1,0,0,0,0,0,5.42333E+20,5.38632E+21,9.57452E+15,4.86286E+16
43834,8,1,16,56,2018,4,11,6,3,3,6,0,0,1,0,0,0,0,0,5.30017E+20,5.39555E+21,9.40804E+15,4.87122E+16
43835,8,4,16,36,2018,4,17,4,3,2,6,0,0,1,0,1,0,0,0,4.96788E+20,5.37209E+21,8.95652E+15,4.85019E+16
43836,8,1,15,1,2018,3,19,5,3,2,2,0,0,1,0,0,0,0,0,4.92284E+20,5.3917E+21,8.89518E+15,4.86783E+16
43837,8,4,26,108,2018,3,16,4,3,8,7,0,0,1,0,0,0,0,0,5.70421E+20,5.33406E+21,9.9469E+15,4.81559E+16
43838,8,1,16,33,2018,4,10,4,3,3,6,0,0,1,0,0,0,0,0,5.31924E+20,5.3875E+21,9.43335E+15,4.86398E+16
43839,8,4,15,60,2018,4,13,1,3,4,1,0,0,1,0,0,0,0,0,5.16359E+20,5.37926E+21,9.22174E+15,4.85662E+16
43840,8,1,36,88,2018,4,17,1,3,8,1,0,0,1,0,0,0,0,0,5.83866E+20,5.40992E+21,1.01429E+16,4.88366E+16
43841,8,1,36,42,2018,4,20,3,3,8,1,2,0,1,0,0,0,0,1,5.49032E+20,5.40508E+21,9.66765E+15,4.87968E+16
43842,8,3,35,75,2018,4,7,4,2,4,6,0,1,0,0,0,0,0,0,4.87723E+20,5.28936E+21,8.83618E+15,4.77575E+16
43843,8,1,36,38,2018,4,15,1,2,5,3,0,0,1,0,1,0,0,0,5.89584E+20,5.41401E+21,1.02217E+16,4.88726E+16
43844,8,3,26,74,2018,4,15,2,2,4,6,0,0,1,0,0,0,0,0,4.67996E+20,5.32301E+21,8.57048E+15,4.80595E+16
43845,8,1,28,131,2018,4,19,1,2,2,2,0,0,1,0,1,0,0,0,5.39224E+20,5.51256E+21,9.54465E+15,4.97642E+16
43846,8,1,21,0,2018,4,11,4,3,3,6,0,0,1,0,1,0,0,0,5.1641E+20,5.44618E+21,9.22511E+15,4.91682E+16
43847,8,2,12,0,2018,4,7,4,3,4,2,0,1,0,0,0,0,0,0,4.5522E+20,5.42895E+21,8.38762E+15,4.90119E+16
43848,8,1,11,0,2018,4,9,2,3,2,6,0,0,1,0,0,0,0,0,5.09854E+20,5.39727E+21,9.134E+15,4.87284E+16
43849,8,4,17,79,2018,4,15,1,3,8,1,0,0,0,0,1,0,0,0,5.03579E+20,5.34312E+21,9.0482E+15,4.82413E+16
43850,8,1,28,45,2018,4,3,1,2,9,1,2,0,1,0,0,0,0,0,5.57553E+20,5.50274E+21,9.79769E+15,4.96744E+16
43851,8,4,17,31,2018,4,11,3,3,5,3,0,1,1,0,0,0,0,0,4.972E+20,5.35634E+21,8.96219E+15,4.83602E+16
43852,8,1,28,131,2018,4,18,1,1,4,1,0,0,1,0,1,0,0,0,5.38266E+20,5.50732E+21,9.53084E+15,4.97172E+16
43853,8,1,16,77,2018,4,15,3,3,2,6,0,0,1,0,0,0,0,0,5.16014E+20,5.39137E+21,9.21753E+15,4.86751E+16
43854,8,1,27,99,2018,4,16,1,3,5,3,0,0,1,0,0,0,0,0,5.64291E+20,5.44764E+21,9.88214E+15,4.91782E+16
43855,8,3,17,31,2018,4,17,4,3,2,6,0,0,1,0,0,0,1,0,4.16897E+20,5.35964E+21,7.87758E+15,4.83844E+16
43856,8,1,25,65,2018,4,11,1,3,1,6,0,0,1,0,1,0,0,0,5.16918E+20,5.44743E+21,9.23214E+15,4.91794E+16
43857,8,2,21,0,2018,4,12,2,3,5,3,0,0,1,0,0,0,0,0,4.75355E+20,5.46859E+21,8.66054E+15,4.93695E+16
43858,8,1,25,107,2018,4,15,1,3,9,7,0,0,1,0,0,0,0,0,5.31638E+20,5.43405E+21,9.43306E+15,4.90585E+16
43859,8,1,25,59,2018,4,19,1,3,9,1,1,0,0,0,1,0,0,0,5.30042E+20,5.43849E+21,9.41155E+15,4.90985E+16
43860,8,1,16,35,2018,4,9,4,3,3,7,0,1,0,0,0,1,0,0,5.26553E+20,5.39221E+21,9.36074E+15,4.86823E+16
43861,8,3,36,91,2018,4,16,1,3,9,1,0,0,0,0,1,0,0,0,3.95857E+20,5.27522E+21,7.61398E+15,4.7622E+16
43862,8,1,25,102,2018,4,14,1,3,5,3,0,0,1,0,1,0,0,0,5.19264E+20,5.44516E+21,9.26422E+15,4.9159E+16
43863,8,3,17,31,2018,4,14,3,2,4,1,0,0,1,0,0,0,0,1,4.17576E+20,5.36072E+21,7.88653E+15,4.83943E+16
43864,8,1,25,8,2018,4,9,1,3,8,7,0,0,0,0,1,0,0,0,5.26336E+20,5.432E+21,9.36036E+15,4.90403E+16
43865,8,1,18,51,2018,4,6,4,3,5,3,1,0,1,0,1,0,0,0,5.09592E+20,5.41442E+21,9.13083E+15,4.88827E+16
43866,8,1,28,115,2018,4,4,4,2,5,2,2,0,1,0,0,0,0,1,5.48052E+20,5.49788E+21,9.66542E+15,4.96315E+16
43867,8,3,16,17,2018,4,11,1,3,2,6,0,0,1,0,0,0,0,0,4.07422E+20,5.33522E+21,7.75498E+15,4.81635E+16
43868,8,3,26,68,2018,4,13,1,3,0,1,0,0,0,0,1,0,0,0,4.48525E+20,5.32108E+21,8.3094E+15,4.8041E+16
43869,8,1,25,5,2018,4,9,1,2,4,6,0,0,1,0,0,0,0,0,5.12956E+20,5.45367E+21,9.17798E+15,4.92357E+16
43870,8,3,35,43,2018,4,12,3,3,5,7,0,0,1,0,1,0,0,0,5.1378E+20,5.2799E+21,9.18357E+15,4.76724E+16
43871,8,2,35,55,2018,4,19,6,3,8,1,1,0,1,0,0,0,0,0,4.74731E+20,5.39721E+21,8.6564E+15,4.87274E+16
43872,8,1,25,13,2018,4,16,1,3,2,6,0,0,1,0,1,0,0,0,5.04851E+20,5.43473E+21,9.06641E+15,4.90654E+16
43873,8,4,37,104,2018,4,13,2,3,8,1,0,0,0,0,1,0,1,1,5.15869E+20,5.32895E+21,9.2132E+15,4.81136E+16
43874,8,1,25,86,2018,4,14,1,3,0,1,0,0,0,0,1,0,0,0,5.00298E+20,5.44159E+21,9.00409E+15,4.91271E+16
43875,8,2,12,0,2018,4,23,4,2,3,6,2,0,1,0,0,1,0,0,4.60792E+20,5.42394E+21,8.4643E+15,4.89671E+16
43876,8,1,11,0,2018,4,17,2,3,3,6,0,0,1,0,0,1,0,0,5.09952E+20,5.39519E+21,9.13527E+15,4.87097E+16
43877,8,1,19,67,2018,4,15,1,3,5,3,0,1,0,0,1,0,0,0,5.38718E+20,5.40544E+21,9.52725E+15,4.88007E+16
43878,8,1,19,53,2018,4,11,1,3,2,2,0,0,1,0,0,0,0,0,5.33451E+20,5.42994E+21,9.45754E+15,4.90214E+16
43879,8,1,11,0,2018,4,22,4,3,2,6,2,0,1,0,0,0,0,0,5.12301E+20,5.40225E+21,9.16742E+15,4.87731E+16
43880,8,1,18,63,2018,4,23,1,3,5,3,2,0,1,0,0,0,0,0,5.16148E+20,5.42293E+21,9.22059E+15,4.89591E+16
43881,8,2,12,0,2018,4,16,3,3,2,6,0,0,1,0,0,1,0,0,4.52822E+20,5.4297E+21,8.35474E+15,4.90184E+16
43882,8,1,18,48,2018,4,15,1,3,2,6,0,0,1,0,0,0,0,0,5.13693E+20,5.41664E+21,9.18685E+15,4.89026E+16
43883,8,4,15,59,2018,4,19,2,3,8,1,0,0,0,0,1,0,0,0,5.15867E+20,5.36388E+21,9.21449E+15,4.84279E+16
43884,8,4,25,139,2018,4,17,1,2,5,2,0,0,1,0,1,0,0,0,5.48204E+20,5.36405E+21,9.65162E+15,4.84277E+16
43885,8,4,26,21,2018,4,13,2,3,3,6,0,0,1,0,0,1,0,0,5.60749E+20,5.32563E+21,9.81566E+15,4.8081E+16
43886,8,1,17,58,2018,4,13,1,2,2,6,0,0,1,0,1,0,0,0,5.43614E+20,5.38001E+21,9.59123E+15,4.85717E+16
43887,8,2,37,40,2018,4,20,4,3,2,6,2,0,1,0,0,0,0,0,4.73169E+20,5.36271E+21,8.63738E+15,4.8417E+16
43888,8,1,19,20,2018,4,18,2,3,2,6,0,0,1,0,0,0,0,0,5.18583E+20,5.40636E+21,9.2531E+15,4.88099E+16
43889,8,1,16,18,2018,4,18,1,3,4,6,0,0,1,0,1,0,0,0,5.32103E+20,5.37868E+21,9.4351E+15,4.85604E+16
43890,8,1,16,70,2018,4,15,1,3,2,6,0,0,0,0,1,0,0,0,5.39838E+20,5.38488E+21,9.54052E+15,4.86157E+16
43891,8,1,11,0,2018,4,12,4,2,1,5,0,0,1,0,0,0,0,0,5.08801E+20,5.39745E+21,9.11967E+15,4.873E+16
43892,8,1,16,15,2018,4,5,1,3,5,3,1,0,1,0,0,0,0,0,5.22503E+20,5.39477E+21,9.30586E+15,4.87056E+16
43893,8,2,12,0,2018,4,8,3,3,5,3,0,1,1,0,0,0,0,0,4.58389E+20,5.43301E+21,8.43054E+15,4.90486E+16
43894,8,4,15,78,2018,4,10,4,3,4,6,0,1,0,0,0,0,0,0,5.29857E+20,5.37122E+21,9.40412E+15,4.84934E+16
43895,8,1,16,46,2018,4,17,1,2,0,1,0,1,0,0,0,0,0,0,5.27031E+20,5.37813E+21,9.36632E+15,4.85557E+16
43896,8,3,26,74,2018,4,16,2,3,4,6,0,0,1,0,0,0,0,0,4.60552E+20,5.32307E+21,8.47056E+15,4.80597E+16
43897,8,1,16,46,2018,4,18,1,2,2,6,0,0,1,0,1,0,0,0,5.27396E+20,5.37806E+21,9.37127E+15,4.8555E+16
43898,8,1,21,0,2018,4,17,4,3,2,6,0,0,1,0,0,0,0,0,5.14517E+20,5.44818E+21,9.19922E+15,4.91862E+16
43899,8,2,15,100,2018,4,17,4,3,5,3,0,0,1,0,0,0,0,0,4.74361E+20,5.45032E+21,8.64802E+15,4.92051E+16
43900,8,1,15,45,2018,4,16,2,3,5,3,0,1,1,0,0,0,0,0,5.0052E+20,5.39454E+21,9.00707E+15,4.87039E+16
43901,8,4,25,90,2018,4,13,1,2,4,6,0,0,1,0,1,0,0,0,5.41947E+20,5.33808E+21,9.56445E+15,4.81945E+16
43902,8,1,15,51,2018,4,15,1,3,8,1,0,0,1,0,0,0,0,0,5.04754E+20,5.38556E+21,9.06451E+15,4.86231E+16
43903,8,4,35,16,2018,4,6,3,2,4,2,0,0,1,0,1,0,0,0,5.35696E+20,5.27916E+21,9.47546E+15,4.76649E+16
43904,8,1,11,0,2018,4,18,1,3,2,6,0,0,0,0,1,0,0,0,5.16005E+20,5.40377E+21,9.21789E+15,4.87867E+16
43905,8,2,36,38,2018,4,19,4,3,5,3,0,0,1,0,0,0,1,0,4.85516E+20,5.42717E+21,8.80199E+15,4.89972E+16
43906,8,1,16,81,2018,4,11,2,3,1,7,0,0,1,0,0,0,0,0,5.17565E+20,5.38552E+21,9.23835E+15,4.86225E+16
43907,8,1,11,0,2018,4,15,2,3,3,3,0,0,1,0,1,0,0,0,5.07727E+20,5.39744E+21,9.10508E+15,4.87299E+16
43908,8,1,11,0,2018,4,11,1,3,2,6,0,0,1,0,0,0,0,0,5.13506E+20,5.4025E+21,9.18382E+15,4.87753E+16
43909,8,4,36,9,2018,4,11,3,3,0,2,0,0,1,0,1,0,0,0,5.56365E+20,5.30755E+21,9.75442E+15,4.79188E+16
43910,8,4,36,19,2018,4,19,7,1,9,1,1,0,1,0,1,0,0,0,5.38479E+20,5.31531E+21,9.51573E+15,4.79899E+16
43911,8,1,28,115,2018,4,23,3,3,8,1,2,0,1,0,0,0,0,1,5.51009E+20,5.49559E+21,9.70607E+15,4.96107E+16
43912,8,2,31,0,2018,4,10,6,2,6,2,0,0,1,1,0,0,0,0,4.75784E+20,5.41501E+21,8.66966E+15,4.88875E+16
43913,8,4,35,16,2018,4,12,4,2,5,3,0,1,1,0,0,0,0,0,5.38595E+20,5.28418E+21,9.51451E+15,4.77099E+16
43914,8,4,36,49,2018,4,18,7,2,5,3,0,1,1,0,0,0,0,0,5.78679E+20,5.28367E+21,1.00487E+16,4.77016E+16
43915,8,3,16,43,2018,4,15,2,3,2,6,0,0,1,0,0,0,1,0,4.10116E+20,5.33012E+21,7.79228E+15,4.8118E+16
43916,8,4,36,13,2018,4,16,7,3,2,6,0,0,1,0,0,0,0,0,5.45551E+20,5.29867E+21,9.60876E+15,4.78398E+16
43917,8,4,35,59,2018,4,19,7,3,0,1,0,0,0,0,1,0,0,0,5.0697E+20,5.29672E+21,9.09312E+15,4.78238E+16
43918,8,1,19,20,2018,4,16,4,3,2,2,0,0,1,0,0,0,0,0,5.1955E+20,5.41119E+21,9.2665E+15,4.88534E+16
43919,8,1,25,1,2018,4,20,4,3,2,6,2,0,1,0,0,0,0,0,5.20548E+20,5.4354E+21,9.28133E+15,4.90711E+16
43920,8,1,11,0,2018,4,16,2,3,5,2,0,0,1,0,1,0,0,0,5.11402E+20,5.40895E+21,9.15537E+15,4.88334E+16
43921,8,4,16,15,2018,4,11,1,2,5,3,0,0,1,0,1,0,0,0,5.075E+20,5.36646E+21,9.10143E+15,4.84513E+16
43922,8,3,25,45,2018,4,15,1,3,4,6,0,0,1,0,0,0,0,0,4.65196E+20,5.35035E+21,8.53065E+15,4.83054E+16
43923,8,4,35,16,2018,4,11,7,3,2,2,0,0,1,0,1,0,0,0,5.36038E+20,5.27978E+21,9.48007E+15,4.76704E+16
43924,8,4,15,61,2018,4,18,3,3,2,6,0,0,1,0,0,0,0,1,5.16106E+20,5.37219E+21,9.21803E+15,4.85026E+16
43925,8,2,36,73,2018,4,19,6,2,0,7,0,0,0,0,1,0,0,0,4.79736E+20,5.42108E+21,8.72328E+15,4.89423E+16
43926,8,4,35,57,2018,4,1,7,3,1,5,2,0,1,0,0,0,0,0,5.42049E+20,5.2796E+21,9.56012E+15,4.76684E+16
43927,8,1,11,0,2018,4,19,3,3,2,6,1,0,1,0,0,0,0,1,5.1084E+20,5.40935E+21,9.14772E+15,4.8837E+16
43928,8,4,37,88,2018,4,12,7,2,5,3,0,0,1,0,1,0,0,0,5.18063E+20,5.30895E+21,9.24183E+15,4.79336E+16
43929,8,3,15,39,2018,4,16,4,2,5,3,0,0,1,0,0,0,0,0,4.44055E+20,5.30992E+21,8.25088E+15,4.79401E+16
43930,8,3,35,43,2018,4,3,1,2,8,1,2,0,1,0,0,0,0,0,5.10292E+20,5.28198E+21,9.13715E+15,4.76911E+16
43931,8,4,26,44,2018,4,12,7,3,5,3,0,0,1,0,1,0,0,0,5.79875E+20,5.32648E+21,1.00726E+16,4.80866E+16
43932,8,1,18,11,2018,4,12,3,2,8,7,0,0,1,0,0,0,0,0,5.02788E+20,5.40899E+21,9.03799E+15,4.88339E+16
43933,8,4,25,20,2018,4,14,7,3,5,2,0,0,1,0,0,0,0,0,5.58788E+20,5.36146E+21,9.79431E+15,4.84036E+16
43934,8,3,17,96,2018,4,7,4,3,5,2,0,1,1,0,0,0,0,0,4.22581E+20,5.37022E+21,7.95238E+15,4.84803E+16
43935,8,4,25,2,2018,4,13,7,2,4,1,0,0,1,0,1,0,0,0,5.53991E+20,5.35216E+21,9.72831E+15,4.83204E+16
43936,8,2,15,101,2018,4,11,2,3,2,6,0,0,1,0,0,1,0,0,4.64802E+20,5.42809E+21,8.51873E+15,4.90047E+16
43937,8,4,25,17,2018,4,20,7,3,5,3,2,0,1,0,0,0,0,0,5.55461E+20,5.36809E+21,9.75023E+15,4.84635E+16
43938,8,4,17,51,2018,4,16,7,3,2,6,0,0,1,0,0,0,0,0,4.91192E+20,5.35875E+21,8.88104E+15,4.83819E+16
43939,8,1,11,0,2018,4,17,4,2,2,6,0,0,1,0,0,0,1,0,5.06583E+20,5.40893E+21,9.08971E+15,4.88333E+16
43940,8,1,28,139,2018,4,12,4,3,2,6,0,0,1,0,1,0,0,0,5.5101E+20,5.49017E+21,9.70538E+15,4.9562E+16
43941,8,3,37,22,2018,4,13,1,2,0,1,0,0,0,0,1,0,0,0,4.49921E+20,5.29633E+21,8.331E+15,4.78184E+16
43942,8,3,26,17,2018,4,16,1,2,4,6,0,0,1,0,1,0,0,0,4.4303E+20,5.31926E+21,8.23592E+15,4.80241E+16
43943,8,4,15,91,2018,4,18,7,2,5,3,0,0,1,0,0,0,0,0,5.10563E+20,5.35791E+21,9.14264E+15,4.83742E+16
43944,8,4,36,9,2018,4,14,3,2,4,7,0,0,1,0,0,0,0,0,5.54764E+20,5.30598E+21,9.7328E+15,4.79048E+16