OBJECTID_1,ULAND,UREGBEZ,UKREIS,UGEMEINDE,UJAHR,UMONAT,USTUNDE,UWOCHENTAG,UKATEGORIE,UART,UTYP1,ULICHTVERH,IstRad,IstPKW,IstFuss,IstKrad,IstGkfz,IstSonstig,STRZUSTAND,LINREFX,LINREFY,XGCSWGS84,YGCSWGS84
44133,8,3,36,103,2018,4,7,4,2,9,1,0,0,1,0,0,0,0,0,4.15953E+20,5.28443E+21,7.8796E+15,4.77078E+16
44134,8,4,26,124,2018,4,16,6,3,2,6,0,0,1,0,1,0,0,0,5.44632E+20,5.33653E+21,9.60042E+15,4.81805E+16
44135,8,3,26,3,2018,4,14,2,3,8,1,0,0,1,0,0,0,0,0,4.65301E+20,5.31736E+21,8.53477E+15,4.80086E+16
44136,8,4,21,0,2018,4,18,6,3,0,1,0,0,0,0,1,0,0,0,5.70789E+20,5.36427E+21,9.95691E+15,4.84276E+16
44137,8,1,25,98,2018,4,1,4,3,8,6,2,0,1,0,0,0,1,0,5.19297E+20,5.43711E+21,9.26429E+15,4.90865E+16
44138,8,2,15,102,2018,4,17,4,3,8,1,0,0,0,0,1,0,0,0,4.55045E+20,5.43986E+21,8.38402E+15,4.91099E+16
44139,8,4,25,72,2018,4,16,6,3,2,1,0,0,1,0,0,0,0,0,5.78118E+20,5.37039E+21,1.00571E+16,4.84817E+16
44140,8,4,15,53,2018,4,18,2,2,8,1,0,0,0,0,1,0,0,0,5.3408E+20,5.36492E+21,9.46077E+15,4.84365E+16
44141,8,4,17,54,2018,4,8,6,3,2,6,0,0,1,0,0,0,0,0,4.81485E+20,5.3467E+21,8.75048E+15,4.82733E+16
44142,8,2,22,0,2018,4,21,4,3,5,3,2,1,1,0,0,0,0,0,4.61777E+20,5.48103E+21,8.47233E+15,4.94807E+16
44143,8,1,16,46,2018,4,17,2,3,3,6,0,0,1,0,1,0,0,0,5.24412E+20,5.37649E+21,9.33074E+15,4.85411E+16
44144,8,4,37,104,2018,4,15,1,3,5,2,0,0,1,0,1,0,0,0,5.09498E+20,5.32522E+21,9.12753E+15,4.80802E+16
44145,8,4,15,90,2018,4,10,6,3,8,1,0,0,0,0,1,0,0,0,5.24411E+20,5.3512E+21,9.32925E+15,4.83135E+16
44146,8,4,36,55,2018,4,10,3,3,5,3,0,0,0,0,1,1,0,0,5.74329E+20,5.29844E+21,9.99327E+15,4.7835E+16
44147,8,1,16,35,2018,4,11,1,2,3,6,0,0,1,0,0,0,0,0,5.25674E+20,5.39129E+21,9.34874E+15,4.86741E+16
44148,8,4,15,59,2018,4,17,6,3,2,2,0,0,1,0,1,0,0,0,5.16504E+20,5.36954E+21,9.22333E+15,4.84788E+16
44149,8,1,19,85,2018,4,16,3,3,2,6,0,0,1,0,0,0,0,0,5.28285E+20,5.41326E+21,9.38573E+15,4.88717E+16
44150,8,2,25,58,2018,4,16,6,3,0,1,0,0,1,0,1,0,0,0,5.10707E+20,5.46711E+21,9.14744E+15,4.93566E+16
44151,8,3,25,60,2018,4,7,4,3,0,1,0,0,0,0,1,0,0,0,4.69378E+20,5.33957E+21,8.58782E+15,4.82086E+16
44152,8,4,15,62,2018,4,10,6,3,2,6,0,0,1,0,0,0,0,0,5.19191E+20,5.37848E+21,9.26009E+15,4.85591E+16
44153,8,3,15,108,2018,4,20,2,3,5,3,2,0,1,0,0,0,0,1,4.038E+20,5.30281E+21,7.71356E+15,4.78714E+16
44154,8,3,25,57,2018,4,17,6,3,2,6,0,0,1,0,0,0,0,0,4.75497E+20,5.35531E+21,8.66927E+15,4.83505E+16
44155,8,3,15,6,2018,4,17,6,3,2,6,0,0,1,0,0,0,1,0,4.00494E+20,5.31171E+21,7.66732E+15,4.7951E+16
44156,8,1,19,20,2018,4,17,4,3,2,6,0,0,1,0,0,0,0,0,5.19108E+20,5.40683E+21,9.26028E+15,4.88142E+16
44157,8,1,36,10,2018,4,9,4,2,0,3,0,0,1,0,0,0,1,0,6.00153E+20,5.4117E+21,1.03652E+16,4.88502E+16
44158,8,1,18,47,2018,4,13,1,2,6,4,0,0,0,1,1,0,0,0,5.07314E+20,5.42569E+21,9.09997E+15,4.89841E+16
44159,8,1,11,0,2018,4,21,2,3,2,6,2,0,1,0,0,0,0,0,5.13031E+20,5.40699E+21,9.17751E+15,4.88158E+16
44160,8,4,15,28,2018,4,14,1,3,9,1,0,0,0,0,1,0,0,0,5.32989E+20,5.37455E+21,9.44677E+15,4.85232E+16
44161,8,3,16,17,2018,4,16,6,3,2,6,0,0,1,0,0,1,0,0,4.07153E+20,5.34243E+21,7.74979E+15,4.82283E+16
44162,8,3,37,53,2018,4,15,3,2,0,1,0,0,0,0,1,0,0,0,4.57717E+20,5.27191E+21,8.43751E+15,4.75992E+16
44163,8,1,18,7,2018,4,18,1,2,0,7,0,0,1,0,1,0,0,0,5.10437E+20,5.42699E+21,9.14269E+15,4.89957E+16
44164,8,1,15,28,2018,4,17,2,3,2,6,0,0,1,0,0,0,0,0,5.0126E+20,5.40525E+21,9.01716E+15,4.88002E+16
44165,8,4,25,135,2018,4,15,1,3,2,2,0,0,1,0,0,0,0,0,5.67927E+20,5.37324E+21,9.91969E+15,4.85086E+16
44166,8,3,37,116,2018,4,20,6,3,4,6,2,0,1,0,0,0,0,0,4.1785E+20,5.27073E+21,7.90746E+15,4.75848E+16
44167,8,4,26,87,2018,4,14,3,3,5,2,0,0,0,0,1,0,1,0,5.71072E+20,5.32385E+21,9.95395E+15,4.8064E+16
44168,8,3,37,22,2018,4,13,6,2,8,1,0,0,0,0,1,0,0,0,4.4891E+20,5.29719E+21,8.31739E+15,4.78261E+16
44169,8,1,17,24,2018,4,19,3,3,6,4,2,0,1,1,0,0,0,0,5.60682E+20,5.38583E+21,9.82344E+15,4.86226E+16
44170,8,3,36,90,2018,4,14,6,2,3,6,0,0,1,0,1,0,0,0,4.18639E+20,5.29515E+21,7.9134E+15,4.78046E+16
44171,8,3,17,114,2018,4,7,4,3,8,7,0,0,1,0,0,0,0,0,4.07107E+20,5.34581E+21,7.74843E+15,4.82587E+16
44172,8,3,35,1,2018,4,12,6,3,5,3,0,0,1,0,1,0,0,0,4.88582E+20,5.29913E+21,8.84739E+15,4.78454E+16
44173,8,2,12,0,2018,4,15,2,2,5,3,0,1,1,0,0,0,0,0,4.52883E+20,5.42907E+21,8.35565E+15,4.90127E+16
44174,8,3,35,75,2018,4,19,6,2,4,1,0,0,1,0,1,0,0,0,4.9386E+20,5.28297E+21,8.91816E+15,4.77E+16
44175,8,4,36,39,2018,4,13,6,2,5,3,0,0,1,0,0,0,0,0,5.516E+20,5.28735E+21,9.68824E+15,4.77375E+16
44176,8,1,17,19,2018,4,11,4,3,1,6,0,0,1,0,0,1,0,0,5.50347E+20,5.39405E+21,9.68422E+15,4.86975E+16
44177,8,1,28,82,2018,4,19,4,3,8,7,0,0,1,0,0,0,0,0,5.67737E+20,5.47058E+21,9.93331E+15,4.93842E+16
44178,8,3,37,97,2018,4,15,1,3,8,1,0,0,1,0,0,0,0,0,4.37294E+20,5.28908E+21,8.16339E+15,4.7752E+16
44179,8,3,35,43,2018,4,12,6,3,5,2,0,0,1,0,1,0,0,0,5.12574E+20,5.28071E+21,9.16753E+15,4.76796E+16
44180,8,3,27,10,2018,4,18,3,3,8,7,0,0,1,0,0,0,0,0,4.79847E+20,5.32997E+21,8.7292E+15,4.81226E+16
44181,8,3,27,46,2018,4,21,6,3,5,3,2,0,1,0,0,0,0,0,4.80859E+20,5.32444E+21,8.74304E+15,4.80729E+16
44182,8,4,35,35,2018,4,17,2,3,2,6,0,0,0,0,1,0,0,0,5.45033E+20,5.2841E+21,9.60033E+15,4.77087E+16
44183,8,3,26,52,2018,4,12,6,3,5,3,0,0,1,0,0,0,0,0,4.50945E+20,5.33041E+21,8.34079E+15,4.81251E+16
44184,8,2,37,40,2018,4,20,4,3,2,6,1,0,1,0,0,0,0,0,4.73393E+20,5.36206E+21,8.64045E+15,4.84111E+16
44185,8,1,25,26,2018,4,16,2,3,5,3,0,0,1,0,0,1,0,0,4.95669E+20,5.44655E+21,8.94059E+15,4.91717E+16
44186,8,3,26,10,2018,4,18,6,3,2,6,0,0,1,0,1,0,0,0,4.68117E+20,5.32622E+21,8.57185E+15,4.80884E+16
44187,8,1,11,0,2018,4,16,3,2,2,6,0,0,1,0,0,0,0,0,5.16628E+20,5.40378E+21,9.22638E+15,4.87868E+16
44188,8,3,26,74,2018,4,22,6,3,2,6,2,0,1,0,0,0,0,0,4.65779E+20,5.32147E+21,8.54084E+15,4.80456E+16
44189,8,3,15,6,2018,4,15,4,3,4,6,0,0,1,0,0,0,0,0,4.0154E+20,5.30906E+21,7.68192E+15,4.79273E+16
44190,8,3,25,53,2018,4,6,6,3,0,1,1,0,0,0,1,0,0,0,4.56739E+20,5.34276E+21,8.41739E+15,4.82365E+16
44191,8,2,15,96,2018,4,15,2,3,2,2,0,0,1,0,0,0,1,0,4.62904E+20,5.42042E+21,8.49348E+15,4.89356E+16
44192,8,3,25,14,2018,4,16,6,3,8,1,0,0,1,0,0,0,0,0,4.59519E+20,5.34123E+21,8.45497E+15,4.8223E+16
44193,8,3,17,65,2018,4,15,6,3,5,2,0,1,1,0,0,0,0,0,4.15536E+20,5.35133E+21,7.86086E+15,4.83095E+16
44194,8,1,15,51,2018,4,16,4,3,0,7,0,0,0,0,1,0,0,0,5.03461E+20,5.38686E+21,9.04698E+15,4.86348E+16
44195,8,3,17,127,2018,4,17,6,2,5,3,0,0,1,0,1,0,0,0,4.22442E+20,5.35282E+21,7.95372E+15,4.83238E+16
44196,8,3,15,76,2018,4,21,3,1,2,6,2,0,1,0,0,0,0,0,3.914E+20,5.2961E+21,7.54947E+15,4.78091E+16
44197,8,3,17,31,2018,4,20,6,3,2,6,2,0,1,0,0,0,0,0,4.16266E+20,5.36251E+21,7.86849E+15,4.84102E+16
44198,8,4,16,41,2018,4,15,2,3,3,6,0,0,1,0,0,1,0,0,5.0342E+20,5.37355E+21,9.04631E+15,4.85151E+16
44199,8,3,15,52,2018,4,12,6,2,3,1,0,0,1,0,1,0,0,0,4.32501E+20,5.30727E+21,8.09661E+15,4.79152E+16
44200,8,2,36,30,2018,4,14,4,2,8,1,0,0,1,0,0,0,0,0,4.7699E+20,5.41962E+21,8.68585E+15,4.89291E+16
44201,8,1,18,48,2018,4,9,2,2,0,3,0,0,1,0,0,0,1,0,5.13064E+20,5.41529E+21,9.17823E+15,4.88905E+16
44202,8,3,36,91,2018,4,15,6,3,3,6,0,0,1,0,0,0,0,0,3.94791E+20,5.27332E+21,7.60025E+15,4.76048E+16
44203,8,4,36,81,2018,4,5,3,2,8,1,2,0,1,0,0,0,0,0,5.59523E+20,5.27946E+21,9.79284E+15,4.76658E+16
44204,8,3,35,63,2018,4,14,1,2,0,1,0,1,0,0,0,0,0,0,4.98662E+20,5.29127E+21,8.98214E+15,4.77748E+16
44205,8,2,26,85,2018,4,14,6,3,2,6,0,0,1,0,0,0,0,0,4.85305E+20,5.45692E+21,8.79802E+15,4.92649E+16
44206,8,2,36,46,2018,4,12,6,3,2,6,0,0,1,0,0,0,0,0,4.83351E+20,5.41722E+21,8.77279E+15,4.89077E+16
44207,8,1,11,0,2018,4,13,4,3,4,6,0,0,1,0,0,0,1,0,5.06799E+20,5.40353E+21,9.09255E+15,4.87848E+16
44208,8,2,31,0,2018,4,14,6,3,2,6,0,0,1,0,0,0,0,0,4.82351E+20,5.41849E+21,8.75909E+15,4.89191E+16
44209,8,2,26,49,2018,4,15,3,3,2,6,0,0,1,0,0,0,0,0,4.86667E+20,5.46232E+21,8.81656E+15,4.93135E+16
44210,8,4,17,16,2018,4,13,4,3,0,1,0,1,0,0,0,0,0,0,4.8397E+20,5.34164E+21,8.78416E+15,4.82278E+16
44211,8,2,15,17,2018,4,7,6,2,5,3,0,0,1,0,1,0,0,0,4.55465E+20,5.42283E+21,8.39165E+15,4.89568E+16
44212,8,3,37,116,2018,4,19,2,3,2,6,2,0,1,0,0,0,0,0,4.18266E+20,5.27222E+21,7.91272E+15,4.75982E+16
44213,8,3,17,1,2018,4,9,6,2,2,6,0,0,1,0,0,0,0,0,4.27366E+20,5.38595E+21,8.01437E+15,4.86224E+16
44214,8,1,27,76,2018,4,16,4,3,2,6,0,0,1,0,0,0,1,0,5.53388E+20,5.44037E+21,9.73158E+15,4.91138E+16
44215,8,2,15,9,2018,4,17,4,3,2,2,0,0,1,0,1,0,0,0,4.717E+20,5.44069E+21,8.61217E+15,4.91184E+16
44216,8,1,16,80,2018,4,5,2,3,4,6,2,0,1,0,1,0,0,0,5.21058E+20,5.3942E+21,9.28619E+15,4.87005E+16
44217,8,4,35,29,2018,4,15,1,2,0,1,0,0,1,0,1,0,0,0,5.45476E+20,5.27492E+21,9.60528E+15,4.76261E+16
44218,8,2,37,28,2018,4,6,6,3,3,3,1,0,1,0,0,0,0,0,4.58452E+20,5.36756E+21,8.43801E+15,4.84598E+16
44219,8,4,36,55,2018,4,6,3,3,4,3,0,0,1,0,0,0,0,0,5.7828E+20,5.29268E+21,1.0045E+16,4.77827E+16
44220,8,2,35,80,2018,4,18,6,3,5,3,0,0,1,0,0,0,1,0,4.75631E+20,5.38782E+21,8.66919E+15,4.86429E+16
44221,8,1,18,73,2018,4,16,3,3,5,2,0,0,1,0,0,0,0,0,4.97975E+20,5.42566E+21,8.97232E+15,4.89838E+16
44222,8,2,16,41,2018,4,15,6,3,5,3,0,1,1,0,0,0,0,0,4.34491E+20,5.39094E+21,8.11026E+15,4.86681E+16
44223,8,4,16,36,2018,4,17,4,2,3,6,0,0,1,0,0,1,0,0,4.8558E+20,5.36989E+21,8.80486E+15,4.84819E+16
44224,8,1,36,65,2018,4,12,1,3,0,1,0,0,0,0,1,0,1,0,5.54808E+20,5.40424E+21,9.74619E+15,4.87888E+16
44225,8,2,26,32,2018,4,17,2,3,3,3,0,0,0,0,1,1,0,0,4.65167E+20,5.46435E+21,8.52058E+15,4.93309E+16
44226,8,2,31,0,2018,4,12,7,2,5,3,0,0,1,0,0,1,0,0,4.79373E+20,5.41823E+21,8.71845E+15,4.89167E+16
44227,8,2,16,43,2018,4,8,3,3,5,3,0,0,1,0,1,0,0,0,4.43772E+20,5.41223E+21,8.23339E+15,4.88605E+16
44228,8,1,15,3,2018,4,8,3,3,5,2,0,1,0,0,0,1,0,0,5.00351E+20,5.3932E+21,9.00477E+15,4.86918E+16
44229,8,1,16,42,2018,4,12,1,3,5,3,0,1,1,0,0,0,0,0,5.17044E+20,5.38204E+21,9.23114E+15,4.85912E+16
44230,8,2,12,0,2018,4,14,7,3,5,3,0,1,1,0,0,0,0,0,4.52978E+20,5.42893E+21,8.35696E+15,4.90115E+16
44231,8,2,31,0,2018,4,7,2,3,2,6,0,0,1,0,0,0,0,0,4.78261E+20,5.41495E+21,8.70345E+15,4.88871E+16
44232,8,2,35,46,2018,4,0,7,3,9,1,2,0,1,0,0,0,0,0,4.80407E+20,5.3755E+21,8.73461E+15,4.85323E+16
44233,8,1,17,19,2018,4,19,4,3,0,6,0,0,1,0,1,0,0,0,5.53435E+20,5.39309E+21,9.72605E+15,4.86886E+16
44234,8,2,35,79,2018,4,16,7,2,8,1,0,0,0,0,1,0,0,0,4.65746E+20,5.39277E+21,8.53459E+15,4.8687E+16
44235,8,2,31,0,2018,4,8,7,2,6,4,0,0,1,1,0,0,0,0,4.80993E+20,5.41708E+21,8.74063E+15,4.89064E+16
44236,8,1,17,18,2018,4,7,2,3,9,1,0,0,1,0,0,0,0,1,5.36835E+20,5.39549E+21,9.50072E+15,4.87114E+16
44237,8,2,31,0,2018,4,19,7,2,3,6,0,0,1,0,1,0,0,0,4.75618E+20,5.41521E+21,8.66738E+15,4.88894E+16
44238,8,4,36,87,2018,4,18,3,2,9,1,0,0,1,0,0,0,0,0,5.46383E+20,5.30321E+21,9.62037E+15,4.78805E+16
44239,8,1,27,32,2018,4,18,3,3,2,1,0,0,1,0,0,0,0,0,5.64307E+20,5.45224E+21,9.8831E+15,4.92195E+16
44240,8,2,26,10,2018,4,16,1,3,1,6,0,0,1,0,0,0,0,0,4.83662E+20,5.45748E+21,8.77541E+15,4.92698E+16
44241,8,2,35,7,2018,4,12,7,2,8,1,0,0,0,0,1,0,0,0,4.85623E+20,5.39624E+21,8.80453E+15,4.8719E+16
44242,8,4,25,64,2018,4,7,2,3,1,1,0,0,1,0,0,0,0,1,5.6818E+20,5.34864E+21,9.91912E+15,4.82873E+16
44243,8,2,26,85,2018,4,14,7,2,2,6,0,0,1,0,1,0,0,0,4.94088E+20,5.45254E+21,8.91881E+15,4.92256E+16
44244,8,2,12,0,2018,4,18,2,2,2,6,0,0,1,0,0,0,1,0,4.58948E+20,5.42891E+21,8.43861E+15,4.90117E+16
44245,8,2,26,32,2018,4,22,7,2,8,1,2,0,1,0,0,0,0,0,4.62825E+20,5.46396E+21,8.48838E+15,4.93273E+16
44246,8,1,16,77,2018,4,12,4,3,5,3,0,0,1,0,0,0,0,0,5.16305E+20,5.39176E+21,9.22149E+15,4.86787E+16
44247,8,2,25,109,2018,4,15,7,3,7,7,0,0,0,0,1,0,0,0,5.27919E+20,5.48802E+21,9.38593E+15,4.95441E+16
44248,8,4,25,33,2018,4,15,1,2,5,3,0,0,1,0,0,0,0,0,5.44471E+20,5.35299E+21,9.59998E+15,4.83285E+16
44249,8,2,21,0,2018,4,2,7,2,6,4,2,0,1,1,0,0,0,0,4.76423E+20,5.47299E+21,8.67498E+15,4.94092E+16
44250,8,2,22,0,2018,4,16,2,3,0,1,0,0,0,0,1,0,0,0,4.63101E+20,5.48232E+21,8.49048E+15,4.94924E+16
44251,8,2,16,7,2018,4,13,7,3,8,1,0,0,0,0,1,0,0,0,4.4387E+20,5.39041E+21,8.2377E+15,4.86642E+16
44252,8,1,16,42,2018,4,18,4,3,0,1,0,0,0,0,1,0,0,0,5.16929E+20,5.38183E+21,9.22958E+15,4.85894E+16
44253,8,1,25,6,2018,4,11,7,3,2,1,0,0,1,0,0,1,0,0,5.06342E+20,5.44989E+21,9.08706E+15,4.92017E+16
44254,8,1,11,0,2018,4,7,2,3,5,7,0,0,1,0,0,0,0,0,5.12809E+20,5.40184E+21,9.17432E+15,4.87694E+16
44255,8,4,35,16,2018,4,9,7,2,0,1,0,0,0,0,1,0,0,0,5.32592E+20,5.27876E+21,9.43408E+15,4.76615E+16
44256,8,1,28,6,2018,4,23,7,3,8,1,2,0,1,0,0,0,0,0,5.47935E+20,5.47518E+21,9.66104E+15,4.94274E+16
44257,8,4,36,3,2018,4,14,4,2,0,7,0,1,0,0,0,0,0,0,5.82016E+20,5.30569E+21,1.00973E+16,4.78993E+16
44258,8,3,17,121,2018,4,16,3,3,2,2,0,0,1,0,0,0,0,0,4.22511E+20,5.34566E+21,7.95596E+15,4.82594E+16
44259,8,1,21,0,2018,4,8,3,3,1,6,0,0,1,0,0,0,0,0,5.14603E+20,5.44626E+21,9.20033E+15,4.9169E+16
44260,8,2,26,27,2018,4,13,1,3,1,6,0,0,0,0,1,0,0,0,4.8845E+20,5.48228E+21,8.84051E+15,4.9493E+16
44261,8,2,25,14,2018,4,16,7,2,9,1,0,0,0,0,1,0,0,0,5.25169E+20,5.48013E+21,9.34741E+15,4.94733E+16
44262,8,2,37,24,2018,4,14,2,3,2,6,0,0,1,0,0,1,0,0,4.78979E+20,5.35851E+21,8.71612E+15,4.83794E+16
44263,8,1,19,79,2018,4,17,7,2,0,7,0,0,0,0,0,0,1,0,5.23671E+20,5.4088E+21,9.32255E+15,4.88318E+16
44264,8,1,28,61,2018,4,13,2,3,4,6,0,0,1,0,0,0,0,0,5.39414E+20,5.49571E+21,9.54559E+15,4.96126E+16
44265,8,1,18,48,2018,4,8,7,3,0,7,0,0,1,0,0,0,0,0,5.14437E+20,5.41663E+21,9.197E+15,4.89025E+16
44266,8,1,11,0,2018,4,20,4,2,5,3,0,0,1,0,1,0,0,0,5.18684E+20,5.40071E+21,9.25423E+15,4.87591E+16
44267,8,3,35,79,2018,4,18,1,3,5,3,0,0,1,0,0,0,0,0,5.00326E+20,5.30077E+21,9.00435E+15,4.78602E+16
44268,8,1,18,81,2018,4,16,7,3,0,7,0,0,0,0,1,0,0,0,5.19496E+20,5.41322E+21,9.26586E+15,4.88717E+16
44269,8,2,12,0,2018,4,16,3,3,3,6,0,0,1,0,0,1,0,0,4.49884E+20,5.43186E+21,8.31429E+15,4.90376E+16
44270,8,1,16,14,2018,4,1,3,3,9,1,2,0,1,0,0,0,0,0,5.28437E+20,5.39559E+21,9.38657E+15,4.87127E+16
44271,8,1,17,10,2018,4,18,1,1,5,3,0,0,1,0,1,0,0,0,5.70438E+20,5.39242E+21,9.95693E+15,4.86808E+16
44272,8,1,35,32,2018,4,14,7,2,8,1,0,0,0,0,0,0,1,0,5.79566E+20,5.3935E+21,1.00811E+16,4.86894E+16
44273,8,3,26,60,2018,4,16,2,2,6,4,0,0,1,1,0,0,0,0,4.43002E+20,5.33134E+21,8.23393E+15,4.81328E+16
44274,8,3,15,33,2018,4,19,3,3,4,6,0,0,1,0,0,0,1,0,4.0039E+20,5.30464E+21,7.66755E+15,4.78874E+16
44275,8,1,15,41,2018,4,7,3,2,5,2,0,0,1,0,0,0,0,0,4.94973E+20,5.40071E+21,8.9316E+15,4.87594E+16
44276,8,3,17,126,2018,4,14,1,2,8,1,0,0,0,0,1,0,0,0,4.40532E+20,5.38462E+21,8.1932E+15,4.86118E+16
44277,8,1,16,19,2018,4,13,7,3,2,6,0,0,1,0,1,0,0,0,5.23729E+20,5.39761E+21,9.32269E+15,4.87311E+16
44278,8,3,35,43,2018,4,17,2,3,2,6,0,0,1,0,0,0,0,0,5.11473E+20,5.2802E+21,9.15285E+15,4.76751E+16
44279,8,1,28,131,2018,4,10,4,3,2,6,0,0,1,0,0,0,1,0,5.42204E+20,5.51092E+21,9.58585E+15,4.97493E+16
44280,8,1,16,20,2018,4,15,7,2,4,6,0,0,1,0,1,0,0,0,5.24618E+20,5.3801E+21,9.33374E+15,4.85735E+16
44281,8,1,26,58,2018,4,17,2,2,3,2,0,0,1,0,1,0,0,0,5.46371E+20,5.45093E+21,9.63666E+15,4.92094E+16
44282,8,1,16,36,2018,4,19,7,3,5,2,0,0,1,0,0,0,0,0,5.24412E+20,5.37898E+21,9.33088E+15,4.85635E+16
44283,8,4,26,38,2018,4,17,3,3,9,1,0,0,1,0,0,0,0,0,5.63477E+20,5.3163E+21,9.8509E+15,4.79968E+16
44284,8,3,25,49,2018,4,11,1,2,2,2,0,1,0,0,1,0,0,0,4.80649E+20,5.33774E+21,8.73961E+15,4.81926E+16
44285,8,1,15,3,2018,4,11,7,3,5,2,0,0,1,0,0,0,0,0,4.98536E+20,5.39144E+21,8.98011E+15,4.8676E+16
44286,8,2,21,0,2018,4,15,3,3,0,1,0,0,0,0,1,0,0,0,4.74894E+20,5.47004E+21,8.65409E+15,4.93826E+16
44287,8,1,16,78,2018,4,14,3,2,8,7,0,0,1,0,0,0,0,0,5.09401E+20,5.39227E+21,9.12772E+15,4.86834E+16
44288,8,1,19,87,2018,4,9,1,3,3,2,0,1,1,0,0,0,0,0,5.25143E+20,5.42803E+21,9.34379E+15,4.90046E+16
44289,8,1,15,46,2018,4,18,7,3,0,3,0,0,1,0,1,0,0,0,5.08796E+20,5.38966E+21,9.11945E+15,4.86599E+16
44290,8,2,37,28,2018,4,6,2,3,2,6,1,0,1,0,0,0,0,1,4.57832E+20,5.37531E+21,8.42884E+15,4.85294E+16
44291,8,4,36,4,2018,4,14,6,3,2,6,0,0,1,0,0,1,0,0,5.8214E+20,5.31029E+21,1.00999E+16,4.79407E+16
44292,8,1,15,3,2018,4,16,4,2,5,3,0,0,1,0,1,0,0,0,4.97269E+20,5.39367E+21,8.96289E+15,4.86961E+16
44293,8,4,26,120,2018,4,5,6,3,0,7,2,0,1,0,0,0,0,0,5.64051E+20,5.32052E+21,9.85922E+15,4.80348E+16
44294,8,4,25,141,2018,4,0,6,2,8,1,2,0,0,0,1,0,0,0,5.66487E+20,5.36329E+21,9.89861E+15,4.84192E+16
44295,8,1,19,67,2018,4,16,2,2,3,6,0,0,1,0,0,0,1,0,5.36901E+20,5.40619E+21,9.50258E+15,4.88076E+16
44296,8,4,26,70,2018,4,14,6,3,5,3,0,1,1,0,0,0,0,1,5.65233E+20,5.34176E+21,9.87833E+15,4.82257E+16
44297,8,3,35,75,2018,4,20,3,3,5,3,1,1,1,0,0,0,0,0,4.8798E+20,5.28901E+21,8.83963E+15,4.77544E+16
44298,8,1,25,24,2018,4,17,4,3,5,2,0,0,1,0,0,0,0,0,5.23336E+20,5.44406E+21,9.32E+15,4.91489E+16
44299,8,4,17,79,2018,4,10,6,3,5,3,0,1,1,0,0,0,0,0,5.02638E+20,5.3392E+21,9.03551E+15,4.82061E+16
44300,8,4,16,48,2018,4,23,6,2,6,7,2,0,1,1,0,0,0,0,4.96812E+20,5.37861E+21,8.95679E+15,4.85606E+16
44301,8,1,19,20,2018,4,17,2,3,2,6,0,0,1,0,0,0,0,0,5.20806E+20,5.40585E+21,9.28335E+15,4.88053E+16
44302,8,4,15,78,2018,4,19,6,3,5,7,0,0,1,0,1,0,0,0,5.30121E+20,5.3673E+21,9.40741E+15,4.84581E+16
44303,8,4,16,48,2018,4,10,3,3,5,3,0,0,1,0,0,0,0,0,4.96642E+20,5.3788E+21,8.95449E+15,4.85623E+16
44304,8,3,17,98,2018,4,11,1,3,8,1,0,0,1,0,1,0,0,0,4.38391E+20,5.36429E+21,8.16717E+15,4.84287E+16
44305,8,4,15,87,2018,4,6,6,3,2,7,0,0,1,0,0,0,0,0,5.12968E+20,5.38038E+21,9.17581E+15,4.85764E+16
44306,8,4,36,81,2018,4,9,4,3,3,6,0,1,0,0,0,0,1,0,5.6212E+20,5.28154E+21,9.82773E+15,4.76843E+16
44307,8,2,15,64,2018,4,7,3,3,5,3,0,0,1,0,0,1,0,0,4.8078E+20,5.4478E+21,8.73626E+15,4.91827E+16
44308,8,1,11,0,2018,4,17,3,2,2,6,0,0,1,0,0,1,0,0,5.1406E+20,5.40398E+21,9.19142E+15,4.87886E+16
44309,8,1,16,77,2018,4,16,1,2,5,3,0,0,1,0,1,0,0,0,5.16622E+20,5.38978E+21,9.22573E+15,4.86608E+16
44310,8,4,15,29,2018,4,17,6,3,2,2,0,0,1,0,0,0,0,0,5.22774E+20,5.37934E+21,9.3087E+15,4.85668E+16
44311,8,2,36,40,2018,4,13,2,3,2,6,0,0,1,0,1,0,0,0,4.90115E+20,5.42186E+21,8.86499E+15,4.89496E+16
44312,8,3,37,126,2018,4,15,6,3,2,6,0,0,1,0,0,0,0,0,4.4373E+20,5.27411E+21,8.25118E+15,4.76179E+16
44313,8,4,26,113,2018,4,0,4,2,8,1,2,0,1,0,0,0,0,0,5.65959E+20,5.32187E+21,9.88503E+15,4.80467E+16
44314,8,3,36,91,2018,4,18,6,3,2,2,0,0,1,0,1,0,0,0,3.96027E+20,5.27338E+21,7.61667E+15,4.76055E+16
44315,8,3,36,81,2018,4,20,6,3,5,3,1,0,1,0,0,0,0,0,4.12959E+20,5.28E+21,7.84058E+15,4.76676E+16
44316,8,1,16,48,2018,4,18,2,3,5,3,0,0,1,0,0,0,0,0,5.33321E+20,5.39083E+21,9.45258E+15,4.86697E+16
44317,8,4,35,67,2018,4,15,7,2,4,2,0,0,1,0,1,0,0,0,5.30372E+20,5.29123E+21,9.40539E+15,4.77737E+16
44318,8,3,36,69,2018,4,12,6,3,2,6,0,0,1,0,0,0,0,0,4.06786E+20,5.26913E+21,7.76069E+15,4.75689E+16
44319,8,4,36,83,2018,4,14,4,3,2,2,0,0,1,0,0,0,0,0,5.31715E+20,5.30078E+21,9.42401E+15,4.78596E+16
44320,8,3,25,49,2018,4,8,3,3,4,2,0,0,1,0,0,0,1,0,4.71189E+20,5.3346E+21,8.61254E+15,4.8164E+16
44321,8,1,27,32,2018,4,15,3,2,9,1,0,0,0,0,0,0,1,0,5.66196E+20,5.45381E+21,9.90928E+15,4.92335E+16