OBJECTID_1,ULAND,UREGBEZ,UKREIS,UGEMEINDE,UJAHR,UMONAT,USTUNDE,UWOCHENTAG,UKATEGORIE,UART,UTYP1,ULICHTVERH,IstRad,IstPKW,IstFuss,IstKrad,IstGkfz,IstSonstig,STRZUSTAND,LINREFX,LINREFY,XGCSWGS84,YGCSWGS84
44322,8,2,35,6,2018,4,21,1,3,4,6,2,0,1,0,0,0,0,0,4.73056E+20,5.38269E+21,8.63457E+15,4.85967E+16
44323,8,3,35,63,2018,4,12,6,3,5,3,0,0,1,0,1,0,0,0,4.96875E+20,5.2879E+21,8.95831E+15,4.77445E+16
44324,8,4,17,2,2018,4,7,2,3,2,6,0,0,1,0,0,1,0,1,4.8901E+20,5.3458E+21,8.85191E+15,4.82653E+16
44325,8,4,35,42,2018,4,15,7,3,8,1,0,0,0,0,1,0,0,0,5.53102E+20,5.28139E+21,9.70756E+15,4.76838E+16
44326,8,1,36,65,2018,4,17,3,3,2,6,0,0,1,0,0,0,0,0,5.58439E+20,5.40648E+21,9.79593E+15,4.88085E+16
44327,8,3,15,108,2018,4,12,1,3,5,3,0,0,1,0,0,0,0,0,4.04279E+20,5.30327E+21,7.71986E+15,4.78756E+16
44328,8,4,36,64,2018,4,16,6,3,4,2,0,1,1,0,0,0,0,0,5.46533E+20,5.29105E+21,9.62107E+15,4.77711E+16
44329,8,4,36,64,2018,4,10,2,3,5,3,0,0,1,0,0,0,0,1,5.40567E+20,5.28993E+21,9.54134E+15,4.77615E+16
44330,8,3,25,61,2018,4,5,6,3,5,3,2,1,1,0,0,0,0,0,4.75642E+20,5.35412E+21,8.6713E+15,4.83398E+16
44331,8,2,21,0,2018,4,19,2,3,5,3,0,0,1,0,0,0,0,0,4.76422E+20,5.47299E+21,8.67498E+15,4.94092E+16
44332,8,3,17,39,2018,4,22,6,3,9,1,2,0,1,0,0,0,0,1,4.41332E+20,5.34501E+21,8.20961E+15,4.82556E+16
44333,8,1,16,33,2018,4,7,4,3,2,6,0,0,1,0,0,0,0,0,5.35628E+20,5.38751E+21,9.48363E+15,4.86396E+16
44334,8,3,17,121,2018,4,16,6,3,5,2,0,0,1,0,0,0,0,0,4.22529E+20,5.34689E+21,7.95597E+15,4.82705E+16
44335,8,4,36,5,2018,4,18,1,3,2,2,0,0,1,0,0,0,0,0,5.39831E+20,5.30927E+21,9.53329E+15,4.79355E+16
44336,8,4,26,38,2018,4,14,7,3,9,1,0,0,1,0,0,0,0,0,5.57712E+20,5.31482E+21,9.77342E+15,4.79841E+16
44337,8,3,17,96,2018,4,3,6,3,0,1,2,0,0,0,1,0,0,0,4.22836E+20,5.36852E+21,7.95615E+15,4.8465E+16
44338,8,3,17,96,2018,4,12,3,3,3,6,0,0,1,0,0,0,1,0,4.19796E+20,5.37411E+21,7.91395E+15,4.8515E+16
44339,8,1,19,83,2018,4,17,3,3,3,2,0,1,1,0,0,0,0,0,5.34877E+20,5.41951E+21,9.47615E+15,4.89275E+16
44340,8,2,15,64,2018,4,17,1,3,8,1,0,0,1,0,0,0,0,0,4.79891E+20,5.44795E+21,8.72405E+15,4.9184E+16
44341,8,3,16,42,2018,4,22,6,2,4,1,2,0,1,0,0,0,0,0,4.28018E+20,5.32918E+21,8.03294E+15,4.81118E+16
44342,8,3,15,76,2018,4,16,2,3,2,6,0,0,1,0,0,0,1,0,3.93266E+20,5.30378E+21,7.5725E+15,4.78785E+16
44343,8,1,36,88,2018,4,9,4,3,1,3,0,1,1,0,0,0,0,0,5.80766E+20,5.41201E+21,1.01011E+16,4.88558E+16
44344,8,3,16,56,2018,4,22,6,3,3,1,2,0,1,0,0,0,0,0,4.21537E+20,5.32618E+21,7.94644E+15,4.80841E+16
44345,8,1,27,14,2018,4,15,2,3,5,3,0,0,1,0,0,0,0,0,5.75396E+20,5.44383E+21,1.00338E+16,4.91427E+16
44346,8,3,16,39,2018,4,7,6,3,2,7,0,0,1,0,0,1,0,0,4.18763E+20,5.32907E+21,7.90864E+15,4.81097E+16
44347,8,4,36,55,2018,4,16,3,2,5,3,0,0,0,0,1,1,0,0,5.74326E+20,5.29844E+21,9.99323E+15,4.7835E+16
44348,8,3,15,6,2018,4,9,6,3,5,3,0,0,1,0,1,0,0,0,4.00493E+20,5.3119E+21,7.66725E+15,4.79527E+16
44349,8,2,16,24,2018,4,21,2,2,8,1,2,0,0,0,1,0,0,0,4.47897E+20,5.40788E+21,8.29018E+15,4.88218E+16
44350,8,3,36,50,2018,4,16,6,3,2,6,0,0,1,0,0,1,0,0,4.00779E+20,5.27638E+21,7.67921E+15,4.76332E+16
44351,8,1,11,0,2018,4,13,4,3,2,6,0,0,1,0,0,0,0,0,5.15456E+20,5.40498E+21,9.21046E+15,4.87976E+16
44352,8,4,17,54,2018,4,0,1,3,9,1,2,0,1,0,0,0,0,0,4.79632E+20,5.34802E+21,8.72543E+15,4.82851E+16
44353,8,3,11,0,2018,4,15,6,2,0,7,0,1,0,0,0,0,0,0,4.12684E+20,5.3178E+21,7.82929E+15,4.80076E+16
44354,8,2,22,0,2018,4,20,3,3,0,1,1,0,1,0,0,0,0,0,4.68183E+20,5.48413E+21,8.56051E+15,4.95089E+16
44355,8,1,15,45,2018,4,17,3,1,5,2,0,0,0,0,1,1,0,0,4.96455E+20,5.39546E+21,8.95181E+15,4.87122E+16
44356,8,1,15,21,2018,4,17,1,3,9,7,0,0,1,0,0,0,0,0,4.9237E+20,5.38333E+21,8.8965E+15,4.8603E+16
44357,8,2,26,103,2018,4,11,6,3,2,6,0,0,1,0,0,0,0,1,4.71844E+20,5.45915E+21,8.61285E+15,4.92845E+16
44358,8,4,36,64,2018,4,5,2,2,8,1,1,0,1,0,0,0,0,1,5.39653E+20,5.29356E+21,9.52947E+15,4.77941E+16
44359,8,1,27,46,2018,4,16,4,3,2,2,0,0,1,0,0,0,0,0,5.74285E+20,5.45366E+21,1.00204E+16,4.92312E+16
44360,8,2,21,0,2018,4,15,6,3,5,3,0,0,1,0,1,0,0,1,4.73469E+20,5.4745E+21,8.63416E+15,4.94226E+16
44361,8,1,25,56,2018,4,18,2,3,2,6,0,0,1,0,1,0,0,0,5.10999E+20,5.43623E+21,9.15062E+15,4.90788E+16
44362,8,2,12,0,2018,4,12,6,2,8,7,0,0,1,0,0,0,0,1,4.60906E+20,5.42918E+21,8.46536E+15,4.90142E+16
44363,8,4,26,21,2018,4,14,7,3,2,6,0,0,1,0,0,0,0,0,5.59318E+20,5.32612E+21,9.79651E+15,4.80856E+16
44364,8,4,26,134,2018,4,4,3,3,8,1,2,0,1,0,0,0,0,0,5.55235E+20,5.33278E+21,9.74256E+15,4.81459E+16
44365,8,1,11,0,2018,4,21,1,3,2,6,2,0,1,0,0,0,0,0,5.13303E+20,5.40413E+21,9.18112E+15,4.87901E+16
44366,8,3,17,96,2018,4,9,1,3,0,7,0,0,0,0,1,0,0,0,4.21793E+20,5.36884E+21,7.94198E+15,4.84678E+16
44367,8,2,12,0,2018,4,8,6,3,0,2,0,1,1,0,0,0,0,0,4.53058E+20,5.42876E+21,8.35808E+15,4.901E+16
44368,8,2,16,24,2018,4,17,3,3,3,2,0,0,1,0,0,0,0,0,4.43842E+20,5.40743E+21,8.23501E+15,4.88173E+16
44369,8,1,15,4,2018,4,17,3,3,5,7,0,1,1,0,0,0,0,0,4.87959E+20,5.37417E+21,8.83694E+15,4.85205E+16
44370,8,1,18,11,2018,4,9,1,3,2,6,0,0,1,0,0,0,0,0,5.05883E+20,5.40776E+21,9.08015E+15,4.88228E+16
44371,8,4,36,18,2018,4,11,1,2,4,6,0,0,1,0,0,0,0,0,5.53346E+20,5.28618E+21,9.7114E+15,4.77268E+16
44372,8,2,15,84,2018,4,11,6,3,2,6,0,0,1,0,0,1,0,1,4.70233E+20,5.44957E+21,8.59141E+15,4.91982E+16
44373,8,2,12,0,2018,4,9,3,3,8,1,0,0,0,0,0,1,1,0,4.63061E+20,5.4332E+21,8.49445E+15,4.90506E+16
44374,8,1,16,19,2018,4,21,3,3,5,3,2,0,1,0,0,0,0,0,5.20261E+20,5.39867E+21,9.27557E+15,4.87407E+16
44375,8,1,27,76,2018,4,16,1,3,5,3,0,0,1,0,0,0,0,0,5.55535E+20,5.43797E+21,9.76067E+15,4.90921E+16
44376,8,2,16,49,2018,4,4,6,3,2,6,2,0,1,0,0,1,0,0,4.36417E+20,5.40107E+21,8.13485E+15,4.87594E+16
44377,8,3,15,6,2018,4,8,2,3,2,6,0,0,1,0,0,0,0,0,4.00524E+20,5.31184E+21,7.66768E+15,4.79521E+16
44378,8,1,19,8,2018,4,19,4,3,5,3,0,1,0,0,0,0,1,0,5.31903E+20,5.42158E+21,9.43571E+15,4.89463E+16
44379,8,2,37,19,2018,4,13,6,3,0,1,0,0,0,0,1,0,0,0,4.61715E+20,5.36974E+21,8.48194E+15,4.84796E+16
44380,8,2,35,18,2018,4,21,6,3,6,4,2,1,0,1,0,0,0,0,4.63088E+20,5.40522E+21,8.49736E+15,4.87989E+16
44381,8,1,19,20,2018,4,17,2,3,0,1,0,1,0,0,0,0,0,0,5.19757E+20,5.40562E+21,9.26906E+15,4.88032E+16
44382,8,2,36,31,2018,4,16,6,3,4,1,0,0,1,0,0,0,0,1,4.80929E+20,5.42021E+21,8.7396E+15,4.89345E+16
44383,8,4,25,2,2018,4,16,7,2,8,6,0,0,0,0,1,0,1,0,5.51092E+20,5.35521E+21,9.68957E+15,4.8348E+16
44384,8,4,15,61,2018,4,16,3,3,2,6,0,0,1,0,0,0,0,0,5.15388E+20,5.37084E+21,9.20827E+15,4.84905E+16
44385,8,3,16,53,2018,4,21,1,3,8,1,2,1,0,0,0,0,0,0,4.04617E+20,5.34419E+21,7.71525E+15,4.82437E+16
44386,8,2,36,28,2018,4,6,6,3,2,7,0,0,1,0,0,0,1,0,4.936E+20,5.42227E+21,8.91258E+15,4.89534E+16
44387,8,4,35,57,2018,4,8,4,3,5,3,0,1,1,0,0,0,0,0,5.44085E+20,5.28028E+21,9.5873E+15,4.76744E+16
44388,8,1,16,35,2018,4,10,3,2,2,6,0,0,0,0,0,1,0,0,5.24665E+20,5.39195E+21,9.33507E+15,4.86801E+16
44389,8,1,11,0,2018,4,8,3,3,2,6,0,0,1,0,0,0,0,0,5.13125E+20,5.40347E+21,9.17868E+15,4.87841E+16
44390,8,2,26,107,2018,4,15,6,3,9,1,0,0,1,0,0,0,0,1,4.74037E+20,5.48409E+21,8.64137E+15,4.95089E+16
44391,8,2,25,9,2018,4,18,2,3,5,3,0,0,1,0,0,0,0,0,5.18152E+20,5.46624E+21,9.24992E+15,4.93486E+16
44392,8,2,26,13,2018,4,12,6,3,1,6,0,0,1,0,1,0,0,1,4.99569E+20,5.48049E+21,8.99405E+15,4.9477E+16
44393,8,4,21,0,2018,4,15,7,2,4,2,0,0,1,0,0,0,0,0,5.70458E+20,5.35828E+21,9.95143E+15,4.83737E+16
44394,8,1,17,26,2018,4,18,4,2,5,3,0,0,1,0,1,0,0,0,5.54405E+20,5.40079E+21,9.74024E+15,4.87578E+16
44395,8,2,25,32,2018,4,9,6,3,5,3,0,0,1,0,0,0,0,1,5.34114E+20,5.49542E+21,9.4722E+15,4.96104E+16
44396,8,2,26,13,2018,4,15,6,2,1,5,0,0,1,0,0,0,0,1,5.03383E+20,5.47702E+21,9.04667E+15,4.94459E+16
44397,8,2,31,0,2018,4,17,2,2,6,4,0,0,1,1,0,0,0,0,4.77513E+20,5.41173E+21,8.69343E+15,4.88581E+16
44398,8,2,16,43,2018,4,12,6,3,6,6,0,1,0,1,0,0,0,0,4.4158E+20,5.41148E+21,8.20361E+15,4.88536E+16
44399,8,1,17,19,2018,4,14,4,3,5,3,0,1,1,0,0,0,0,0,5.52871E+20,5.39338E+21,9.71843E+15,4.86913E+16
44400,8,2,15,46,2018,4,15,6,3,2,6,0,0,1,0,0,0,0,1,4.5084E+20,5.41762E+21,8.3291E+15,4.89096E+16
44401,8,2,15,96,2018,4,14,6,3,2,2,0,0,1,0,0,0,0,1,4.62906E+20,5.42042E+21,8.49351E+15,4.89356E+16
44402,8,1,18,79,2018,4,16,2,3,2,6,0,0,1,0,0,0,0,0,5.09009E+20,5.42246E+21,9.12307E+15,4.8955E+16
44403,8,2,15,17,2018,4,11,6,3,5,3,0,1,1,0,0,0,0,0,4.57902E+20,5.41835E+21,8.4254E+15,4.89166E+16
44404,8,4,15,61,2018,4,14,7,3,2,6,0,0,1,0,0,1,0,0,5.14347E+20,5.37135E+21,9.1942E+15,4.84951E+16
44405,8,3,35,43,2018,4,20,3,3,6,7,1,0,1,1,0,0,0,0,5.13312E+20,5.27941E+21,9.17732E+15,4.76679E+16
44406,8,1,25,63,2018,4,16,3,2,2,1,0,0,1,0,0,0,1,0,5.29708E+20,5.46636E+21,9.40904E+15,4.93492E+16
44407,8,3,11,0,2018,4,13,1,3,2,6,0,0,1,0,0,0,0,0,4.14681E+20,5.3188E+21,7.85587E+15,4.80168E+16
44408,8,1,15,13,2018,4,16,6,3,2,6,0,0,1,0,0,0,1,0,4.97202E+20,5.39019E+21,8.962E+15,4.86648E+16
44409,8,4,35,57,2018,4,12,2,3,2,2,0,0,1,0,0,0,0,0,5.43602E+20,5.27949E+21,9.5808E+15,4.76673E+16
44410,8,1,15,13,2018,4,16,6,3,2,6,0,0,1,0,0,0,0,0,4.95085E+20,5.38771E+21,8.93327E+15,4.86425E+16
44411,8,2,16,12,2018,4,15,2,3,5,3,0,1,1,0,0,0,0,0,4.42569E+20,5.42002E+21,8.21589E+15,4.89305E+16
44412,8,1,36,66,2018,4,17,6,3,5,2,0,0,1,0,0,0,1,0,5.56461E+20,5.41444E+21,9.77009E+15,4.88804E+16
44413,8,4,15,61,2018,4,2,7,3,9,1,2,0,1,0,0,0,0,0,5.14066E+20,5.37093E+21,9.19038E+15,4.84913E+16
44414,8,1,16,78,2018,4,18,4,3,2,6,0,0,1,0,1,0,0,0,5.12229E+20,5.39246E+21,9.16615E+15,4.86851E+16
44415,8,1,36,44,2018,4,13,6,1,4,6,0,0,1,0,0,1,0,0,5.58067E+20,5.4094E+21,9.79127E+15,4.88348E+16
44416,8,4,37,88,2018,4,16,1,2,6,4,0,0,1,1,0,0,0,0,5.17236E+20,5.314E+21,9.23096E+15,4.7979E+16
44417,8,1,28,115,2018,4,12,6,3,2,6,0,0,1,0,0,0,1,1,5.48437E+20,5.49657E+21,9.67059E+15,4.96197E+16
44418,8,4,15,53,2018,4,14,7,2,8,1,0,0,0,0,1,0,0,0,5.35928E+20,5.35917E+21,9.48526E+15,4.83846E+16
44419,8,3,15,102,2018,4,13,3,3,4,6,0,0,1,0,0,0,1,0,4.36235E+20,5.29742E+21,8.14804E+15,4.7827E+16
44420,8,1,18,48,2018,4,15,3,3,5,2,0,1,1,0,0,0,0,0,5.14792E+20,5.41494E+21,9.20178E+15,4.88872E+16
44421,8,2,15,110,2018,4,17,1,3,3,6,0,0,1,0,1,0,0,0,4.62143E+20,5.42063E+21,8.48307E+15,4.89374E+16
44422,8,1,27,14,2018,4,14,6,3,5,3,0,0,1,0,1,0,0,1,5.78598E+20,5.44256E+21,1.00774E+16,4.91309E+16
44423,8,1,11,0,2018,4,16,2,3,0,6,0,0,1,0,1,0,0,0,5.13304E+20,5.40415E+21,9.18113E+15,4.87902E+16
44424,8,1,21,0,2018,4,16,6,2,3,6,0,0,1,0,0,0,1,1,5.17744E+20,5.43946E+21,9.24311E+15,4.91077E+16
44425,8,3,17,65,2018,4,18,3,3,0,7,0,0,0,0,1,0,0,0,4.18224E+20,5.35473E+21,7.89646E+15,4.83405E+16
44426,8,1,25,48,2018,4,12,3,3,1,5,0,1,0,0,0,0,1,0,5.33938E+20,5.46185E+21,9.46689E+15,4.93085E+16
44427,8,2,26,96,2018,4,18,1,3,5,3,0,0,1,0,1,0,0,0,4.75832E+20,5.49003E+21,8.66579E+15,4.95624E+16
44428,8,1,21,0,2018,4,10,6,3,2,6,0,0,1,0,0,0,1,0,5.10229E+20,5.44734E+21,9.14036E+15,4.91788E+16
44429,8,4,15,61,2018,4,7,2,3,2,6,0,0,1,0,0,0,0,1,5.14085E+20,5.37089E+21,9.19064E+15,4.8491E+16
44430,8,1,19,67,2018,4,5,6,3,4,6,2,0,1,0,0,0,0,0,5.39643E+20,5.41038E+21,9.54032E+15,4.88451E+16
44431,8,1,36,70,2018,4,10,2,2,0,6,0,0,0,0,1,0,0,0,5.63299E+20,5.41037E+21,9.86272E+15,4.88431E+16
44432,8,1,19,20,2018,4,12,6,3,2,2,0,0,1,0,0,0,0,1,5.18598E+20,5.40825E+21,9.2534E+15,4.88269E+16
44433,8,3,26,74,2018,4,5,7,3,8,1,2,0,1,0,0,0,0,0,4.7142E+20,5.32328E+21,8.6164E+15,4.80622E+16
44434,8,1,11,0,2018,4,16,4,3,2,6,0,0,1,0,0,0,0,0,5.17768E+20,5.40287E+21,9.24185E+15,4.87786E+16
44435,8,3,36,84,2018,4,5,1,2,4,1,2,0,1,0,1,0,0,0,4.044E+20,5.27742E+21,7.72717E+15,4.76431E+16
44436,8,1,19,8,2018,4,10,6,1,4,6,0,0,1,0,0,1,0,0,5.31338E+20,5.41766E+21,9.42769E+15,4.89111E+16
44437,8,2,12,0,2018,4,9,3,3,5,3,0,1,1,0,0,0,0,0,4.56386E+20,5.42649E+21,8.40384E+15,4.89897E+16
44438,8,1,16,77,2018,4,5,3,3,5,3,2,1,1,0,0,0,0,0,5.16379E+20,5.38973E+21,9.22243E+15,4.86605E+16
44439,8,1,18,63,2018,4,14,1,2,8,7,0,0,1,0,0,0,0,0,5.13723E+20,5.42013E+21,9.18737E+15,4.8934E+16
44440,8,1,19,87,2018,4,17,6,3,2,6,0,0,1,0,0,0,1,1,5.291E+20,5.42383E+21,9.39759E+15,4.89667E+16
44441,8,3,25,69,2018,4,13,2,3,8,6,0,0,1,0,0,0,0,0,4.66251E+20,5.3349E+21,8.54611E+15,4.81665E+16
44442,8,1,25,110,2018,4,15,4,3,8,1,0,0,0,0,1,0,0,0,5.26557E+20,5.44404E+21,9.36417E+15,4.91486E+16
44443,8,1,17,51,2018,4,12,6,3,5,3,0,0,1,0,0,0,0,0,5.43148E+20,5.39506E+21,9.58649E+15,4.87071E+16
44444,8,1,17,43,2018,4,15,6,3,0,7,0,1,1,0,0,0,0,1,5.51939E+20,5.38909E+21,9.70522E+15,4.86527E+16
44445,8,1,19,67,2018,4,19,2,3,4,2,0,1,1,0,0,0,0,0,5.39341E+20,5.40587E+21,9.53578E+15,4.88046E+16
44446,8,3,35,81,2018,4,8,2,3,0,6,0,1,0,0,0,0,1,1,4.89769E+20,5.29647E+21,8.86332E+15,4.78215E+16
44447,8,1,28,131,2018,4,6,4,3,8,1,0,0,1,0,0,0,0,0,5.35494E+20,5.51106E+21,9.49272E+15,4.9751E+16
44448,8,1,17,24,2018,4,13,6,2,8,1,0,0,0,0,1,0,0,1,5.62973E+20,5.38897E+21,9.85501E+15,4.86506E+16
44449,8,1,27,14,2018,4,16,2,2,6,4,0,0,1,1,0,0,0,0,5.77156E+20,5.44197E+21,1.00575E+16,4.91257E+16
44450,8,1,16,19,2018,4,12,6,3,5,2,0,0,1,0,0,0,0,0,5.23497E+20,5.39714E+21,9.31951E+15,4.87268E+16
44451,8,3,36,81,2018,4,17,7,2,8,6,0,0,0,0,1,0,1,0,4.18192E+20,5.28368E+21,7.90958E+15,4.77014E+16
44452,8,4,35,16,2018,4,18,3,3,5,3,0,1,1,0,0,0,0,0,5.36026E+20,5.27966E+21,9.47989E+15,4.76693E+16
44453,8,4,17,31,2018,4,12,1,2,2,2,0,0,1,0,1,0,0,0,4.96251E+20,5.35386E+21,8.94942E+15,4.83379E+16
44454,8,1,16,19,2018,4,13,6,3,6,7,0,0,1,1,0,0,0,1,5.23498E+20,5.39715E+21,9.31952E+15,4.87269E+16
44455,8,2,31,0,2018,4,19,3,3,2,6,0,0,1,0,1,0,0,0,4.75477E+20,5.41513E+21,8.66547E+15,4.88886E+16
44456,8,1,16,11,2018,4,17,3,3,5,2,0,0,1,0,1,0,0,0,5.3049E+20,5.37976E+21,9.41331E+15,4.85701E+16
44457,8,1,19,67,2018,4,12,1,2,2,6,0,0,1,0,1,0,0,0,5.42519E+20,5.39977E+21,9.57843E+15,4.87494E+16
44458,8,1,15,3,2018,4,6,6,3,2,6,1,0,1,0,1,0,0,0,5.00722E+20,5.39266E+21,9.00981E+15,4.8687E+16
44459,8,3,11,0,2018,4,7,2,3,6,4,0,0,0,1,0,0,1,0,4.15306E+20,5.31562E+21,7.86487E+15,4.79883E+16
44460,8,1,11,0,2018,4,12,6,3,2,6,0,0,0,0,0,1,0,0,5.15939E+20,5.40509E+21,9.21704E+15,4.87986E+16
44461,8,1,18,49,2018,4,9,4,3,6,4,0,0,1,1,0,0,0,0,5.18938E+20,5.42063E+21,9.2586E+15,4.89383E+16
44462,8,1,11,0,2018,4,7,6,3,4,6,0,0,1,0,0,1,0,0,5.06882E+20,5.40386E+21,9.09369E+15,4.87877E+16
44463,8,4,36,12,2018,4,17,5,3,2,2,0,0,1,0,0,0,0,0,5.48063E+20,5.30108E+21,9.64259E+15,4.78613E+16
44464,8,1,19,69,2018,4,5,2,3,8,1,0,0,1,0,0,0,0,1,5.33225E+20,5.43446E+21,9.45482E+15,4.90621E+16
44465,8,4,36,96,2018,4,20,5,3,8,1,2,0,0,0,1,0,0,0,5.43097E+20,5.29918E+21,9.57602E+15,4.78446E+16
44466,8,3,35,28,2018,4,10,7,3,5,3,0,0,1,0,0,0,0,0,4.81013E+20,5.28874E+21,8.74668E+15,4.77517E+16
44467,8,3,37,126,2018,4,13,3,2,2,6,0,0,1,0,0,0,0,0,4.39414E+20,5.27432E+21,8.19371E+15,4.76195E+16
44468,8,3,15,94,2018,4,15,1,3,8,1,0,0,0,0,1,0,0,0,4.31373E+20,5.31685E+21,8.07999E+15,4.80013E+16
44469,8,4,36,64,2018,4,16,5,3,5,3,0,0,1,0,0,0,0,0,5.4753E+20,5.28796E+21,9.63403E+15,4.77433E+16
44470,8,4,36,64,2018,4,10,5,3,2,6,0,0,1,0,0,0,0,0,5.45716E+20,5.29262E+21,9.61032E+15,4.77853E+16
44471,8,3,35,80,2018,4,13,7,3,5,3,0,0,0,0,1,0,1,0,4.72445E+20,5.29505E+21,8.63197E+15,4.78082E+16
44472,8,4,17,31,2018,4,8,3,3,5,3,0,0,1,0,0,0,0,0,4.98292E+20,5.35537E+21,8.97695E+15,4.83515E+16
44473,8,3,17,102,2018,4,12,1,3,9,1,0,0,0,0,1,0,0,0,4.39862E+20,5.37708E+21,8.18521E+15,4.85439E+16
44474,8,4,35,52,2018,4,5,5,2,3,2,1,0,1,0,1,0,0,0,5.2187E+20,5.29179E+21,9.29194E+15,4.77791E+16
44475,8,2,15,99,2018,4,16,3,3,2,6,0,0,1,0,0,0,0,0,4.64708E+20,5.44442E+21,8.51602E+15,4.91515E+16
44476,8,1,11,0,2018,4,7,3,3,3,6,0,0,1,0,0,0,0,0,5.12002E+20,5.39606E+21,9.16318E+15,4.87174E+16
44477,8,1,16,80,2018,4,15,1,3,8,1,0,0,0,0,1,0,0,0,5.17871E+20,5.39525E+21,9.24292E+15,4.871E+16
44478,8,4,26,62,2018,4,11,5,3,0,1,0,1,0,0,0,0,0,0,5.5541E+20,5.31944E+21,9.74319E+15,4.80259E+16
44479,8,2,36,70,2018,4,21,2,3,2,7,2,0,1,0,0,0,0,0,4.72708E+20,5.41566E+21,8.62766E+15,4.88933E+16
44480,8,4,26,73,2018,4,17,5,2,5,3,0,0,1,0,1,0,0,0,5.67661E+20,5.34018E+21,9.91076E+15,4.82112E+16
44481,8,3,27,46,2018,4,11,7,3,2,6,0,0,0,0,1,0,0,0,4.78989E+20,5.32401E+21,8.71796E+15,4.8069E+16
44482,8,1,17,49,2018,4,7,4,3,2,6,0,0,1,0,0,0,0,0,5.55724E+20,5.39071E+21,9.75683E+15,4.8667E+16
44483,8,4,17,79,2018,4,13,5,3,3,2,0,0,1,0,0,0,0,0,5.04819E+20,5.34096E+21,9.06488E+15,4.82219E+16
44484,8,4,16,41,2018,4,7,5,3,2,6,0,0,1,0,0,0,0,0,5.06023E+20,5.37447E+21,9.08157E+15,4.85233E+16
44485,8,1,17,6,2018,4,21,2,3,0,7,2,0,0,0,1,0,0,0,5.51998E+20,5.38202E+21,9.70514E+15,4.85891E+16
44486,8,4,16,36,2018,4,14,5,3,2,6,0,0,1,0,0,0,0,0,4.94381E+20,5.36527E+21,8.92403E+15,4.84405E+16
44487,8,3,27,38,2018,4,16,7,2,4,6,0,0,1,0,0,1,0,0,4.99724E+20,5.31493E+21,8.99631E+15,4.79876E+16
44488,8,3,27,46,2018,4,17,3,3,2,6,0,0,1,0,0,0,0,0,4.75217E+20,5.32256E+21,8.66741E+15,4.80558E+16
44489,8,4,36,85,2018,4,17,7,3,0,6,0,1,1,0,0,0,0,0,5.58903E+20,5.29835E+21,9.78714E+15,4.78358E+16
44490,8,1,27,76,2018,4,14,3,2,8,1,0,0,1,0,0,0,0,0,5.52384E+20,5.4373E+21,9.71744E+15,4.90863E+16
44491,8,2,15,90,2018,4,11,1,3,3,6,0,0,1,0,0,0,1,0,4.63534E+20,5.4342E+21,8.50084E+15,4.90595E+16
44492,8,3,15,6,2018,4,8,5,3,3,6,0,0,1,0,0,1,0,0,4.00493E+20,5.31172E+21,7.6673E+15,4.79511E+16
44493,8,4,17,22,2018,4,16,2,3,8,1,0,0,1,0,0,0,0,0,4.83029E+20,5.34685E+21,8.77128E+15,4.82746E+16
44494,8,3,37,97,2018,4,18,5,2,8,1,0,0,0,0,1,0,0,0,4.33842E+20,5.28073E+21,8.11861E+15,4.76765E+16
44495,8,2,11,0,2018,4,14,2,3,2,6,0,0,1,0,0,0,0,0,4.43331E+20,5.40033E+21,8.22902E+15,4.87534E+16
44496,8,3,37,22,2018,4,13,5,3,4,6,0,0,1,0,0,0,0,0,4.47584E+20,5.29896E+21,8.29947E+15,4.78419E+16
44497,8,3,25,45,2018,4,16,7,3,5,3,0,0,1,0,0,0,0,0,4.70097E+20,5.347E+21,8.59698E+15,4.82755E+16
44498,8,4,36,55,2018,4,22,2,3,8,1,2,0,0,0,0,0,1,0,5.72316E+20,5.29336E+21,9.96552E+15,4.77895E+16
44499,8,3,36,78,2018,4,6,5,3,0,3,0,0,0,0,1,1,0,0,3.93478E+20,5.29107E+21,7.57845E+15,4.77642E+16
44500,8,2,22,0,2018,4,16,2,2,6,6,0,1,0,1,0,0,0,0,4.62652E+20,5.48245E+21,8.48426E+15,4.94935E+16
44501,8,3,36,91,2018,4,10,5,3,2,6,0,0,1,0,0,0,0,0,3.96379E+20,5.27148E+21,7.6218E+15,4.75885E+16
44502,8,3,25,11,2018,4,10,7,2,2,6,0,0,1,0,0,0,0,0,4.73837E+20,5.34344E+21,8.64761E+15,4.82437E+16
44503,8,1,16,53,2018,4,17,4,3,2,6,0,0,1,0,0,0,0,0,5.39969E+20,5.38875E+21,9.54267E+15,4.86505E+16
44504,8,3,35,63,2018,4,11,5,3,4,6,0,0,1,0,0,1,0,0,4.95602E+20,5.28986E+21,8.94131E+15,4.77621E+16
44505,8,4,36,52,2018,4,13,1,3,5,3,0,0,1,0,1,0,0,0,5.68069E+20,5.28913E+21,9.90816E+15,4.7752E+16
44506,8,3,35,43,2018,4,17,5,3,0,2,2,0,0,0,1,0,0,0,5.13934E+20,5.27959E+21,9.18562E+15,4.76696E+16
44507,8,3,17,98,2018,4,15,7,1,8,1,0,0,0,1,1,0,1,0,4.42125E+20,5.37795E+21,8.21574E+15,4.8552E+16
44508,8,3,17,57,2018,4,2,3,3,8,1,2,0,1,0,0,0,0,0,4.13571E+20,5.38189E+21,7.82807E+15,4.85841E+16
44509,8,1,19,20,2018,4,17,3,3,5,3,0,0,1,0,0,0,0,0,5.21461E+20,5.40928E+21,9.29245E+15,4.88361E+16