OBJECTID_1,ULAND,UREGBEZ,UKREIS,UGEMEINDE,UJAHR,UMONAT,USTUNDE,UWOCHENTAG,UKATEGORIE,UART,UTYP1,ULICHTVERH,IstRad,IstPKW,IstFuss,IstKrad,IstGkfz,IstSonstig,STRZUSTAND,LINREFX,LINREFY,XGCSWGS84,YGCSWGS84
44510,8,2,16,7,2018,4,11,1,3,0,1,0,0,0,0,1,0,0,0,4.36336E+20,5.39376E+21,8.13488E+15,4.86937E+16
44511,8,3,35,25,2018,4,20,5,3,5,2,2,0,1,0,1,0,0,0,4.9694E+20,5.27984E+21,8.95924E+15,4.76719E+16
44512,8,1,16,11,2018,4,12,1,3,0,1,0,0,0,0,1,0,0,0,5.31357E+20,5.37934E+21,9.42504E+15,4.85663E+16
44513,8,3,15,6,2018,4,8,2,3,2,6,0,0,0,0,0,1,1,0,4.00491E+20,5.31182E+21,7.66724E+15,4.7952E+16
44514,8,3,27,25,2018,4,8,5,3,2,6,0,0,0,0,0,1,0,0,4.8109E+20,5.30399E+21,8.74704E+15,4.78889E+16
44515,8,2,25,114,2018,4,9,2,3,2,6,0,0,1,0,0,0,0,0,5.3448E+20,5.47344E+21,9.47535E+15,4.94127E+16
44516,8,4,36,64,2018,4,7,5,2,8,1,0,0,0,0,1,0,0,0,5.47325E+20,5.28802E+21,9.6313E+15,4.77438E+16
44517,8,3,17,1,2018,4,20,7,3,9,1,2,0,0,0,1,0,0,0,4.24915E+20,5.38518E+21,7.98126E+15,4.86152E+16
44518,8,4,37,100,2018,4,13,3,3,0,2,0,0,1,0,1,0,0,0,5.37725E+20,5.31762E+21,9.50584E+15,4.80107E+16
44519,8,3,35,75,2018,4,11,1,3,9,1,0,0,0,0,1,0,0,0,4.90503E+20,5.29259E+21,8.87321E+15,4.77866E+16
44520,8,3,26,74,2018,4,14,5,3,2,6,0,0,1,0,0,0,0,0,4.58456E+20,5.32406E+21,8.44234E+15,4.80685E+16
44521,8,3,17,1,2018,4,16,7,3,2,6,0,0,1,0,0,0,0,0,4.28073E+20,5.38853E+21,8.02352E+15,4.86456E+16
44522,8,2,15,103,2018,4,12,3,3,2,6,0,0,1,0,0,0,0,0,4.68483E+20,5.44377E+21,8.56784E+15,4.91459E+16
44523,8,1,16,19,2018,4,18,3,3,0,1,0,0,0,0,1,0,0,0,5.22508E+20,5.39826E+21,9.30611E+15,4.8737E+16
44524,8,1,11,0,2018,4,16,4,3,2,6,0,0,1,0,0,0,0,0,5.17755E+20,5.40288E+21,9.24167E+15,4.87787E+16
44525,8,4,26,70,2018,4,17,1,2,9,1,0,0,0,0,1,0,0,0,5.644E+20,5.34379E+21,9.86743E+15,4.8244E+16
44526,8,3,26,31,2018,4,10,5,3,0,1,0,0,0,0,1,0,0,0,4.52268E+20,5.33492E+21,8.35806E+15,4.81657E+16
44527,8,3,17,51,2018,4,12,7,2,9,1,0,0,0,0,1,0,0,0,4.45251E+20,5.34134E+21,8.26287E+15,4.82229E+16
44528,8,3,11,0,2018,4,18,3,2,1,6,0,0,1,0,0,0,0,0,4.14632E+20,5.31594E+21,7.85577E+15,4.79911E+16
44529,8,1,15,50,2018,4,16,3,2,5,3,0,1,1,0,0,0,0,0,4.88355E+20,5.40447E+21,8.84145E+15,4.87931E+16
44530,8,2,16,23,2018,4,22,1,2,4,7,2,0,1,0,1,0,0,1,4.36728E+20,5.40648E+21,8.13825E+15,4.88081E+16
44531,8,3,26,12,2018,4,15,5,2,4,6,0,0,1,0,1,0,0,0,4.61873E+20,5.31345E+21,8.48915E+15,4.79732E+16
44532,8,3,35,75,2018,4,12,2,2,9,7,0,0,1,0,0,0,0,0,4.89595E+20,5.29015E+21,8.86114E+15,4.77647E+16
44533,8,1,28,58,2018,4,11,4,3,5,2,0,0,1,0,1,0,0,0,5.59522E+20,5.48175E+21,9.8218E+15,4.94855E+16
44534,8,3,11,0,2018,4,18,5,3,2,6,0,0,1,0,0,0,0,0,4.11862E+20,5.31522E+21,7.8188E+15,4.79842E+16
44535,8,1,25,5,2018,4,21,2,2,8,1,2,0,0,0,1,0,0,0,5.15693E+20,5.45419E+21,9.21559E+15,4.92403E+16
44536,8,3,36,6,2018,4,16,5,3,4,6,0,0,0,0,0,1,0,0,3.89052E+20,5.28276E+21,7.52153E+15,4.76887E+16
44537,8,3,15,113,2018,4,15,7,3,2,1,0,0,1,0,0,0,0,0,4.40748E+20,5.30749E+21,8.20695E+15,4.7918E+16
44538,8,4,26,21,2018,4,21,3,3,0,3,2,0,1,0,0,0,0,0,5.59589E+20,5.32998E+21,9.8007E+15,4.81203E+16
44539,8,3,17,97,2018,4,13,1,3,0,6,0,0,0,0,1,0,0,0,4.25576E+20,5.36471E+21,7.99388E+15,4.84312E+16
44540,8,3,36,50,2018,4,12,5,3,2,6,0,0,1,0,1,0,0,0,3.99467E+20,5.27482E+21,7.6621E+15,4.7619E+16
44541,8,2,26,85,2018,4,8,3,3,2,3,0,0,1,0,1,0,0,0,4.9412E+20,5.45264E+21,8.91925E+15,4.92265E+16
44542,8,1,15,50,2018,4,13,3,3,6,4,0,0,1,1,0,0,0,0,4.89638E+20,5.40002E+21,8.85902E+15,4.87531E+16
44543,8,1,18,54,2018,4,18,1,3,8,7,0,0,1,0,0,0,0,0,5.18238E+20,5.42364E+21,9.24918E+15,4.89654E+16
44544,8,2,21,0,2018,4,16,5,3,2,6,0,0,1,0,0,1,0,0,4.73284E+20,5.46825E+21,8.63203E+15,4.93664E+16
44545,8,2,35,46,2018,4,19,2,3,4,1,0,0,1,0,1,0,0,0,4.80463E+20,5.38261E+21,8.73503E+15,4.85962E+16
44546,8,2,12,0,2018,4,9,5,2,5,3,0,1,0,0,0,0,1,0,4.56409E+20,5.42675E+21,8.40412E+15,4.89921E+16
44547,8,1,17,26,2018,4,8,4,3,4,2,0,0,1,0,0,0,0,0,5.46739E+20,5.39526E+21,9.63532E+15,4.87086E+16
44548,8,1,28,128,2018,4,11,1,1,5,3,0,0,1,0,1,0,0,0,5.49327E+20,5.5041E+21,9.68386E+15,4.96874E+16
44549,8,2,15,21,2018,4,16,5,2,2,6,0,0,1,0,1,0,0,0,4.68549E+20,5.44546E+21,8.56861E+15,4.91611E+16
44550,8,3,17,150,2018,4,14,2,3,5,2,0,0,1,0,0,0,0,0,4.10304E+20,5.35747E+21,7.78902E+15,4.83641E+16
44551,8,1,19,87,2018,4,17,4,3,6,4,0,0,1,1,0,0,0,0,5.29135E+20,5.42383E+21,9.39807E+15,4.89667E+16
44552,8,2,16,7,2018,4,8,5,2,3,6,0,0,1,0,0,0,0,0,4.35348E+20,5.39935E+21,8.12057E+15,4.87438E+16
44553,8,2,37,24,2018,4,20,5,3,5,3,1,0,1,0,0,0,0,0,4.78123E+20,5.35951E+21,8.70451E+15,4.83884E+16
44554,8,1,19,20,2018,4,16,2,3,2,6,0,0,1,0,0,0,0,0,5.19603E+20,5.40908E+21,9.26713E+15,4.88344E+16
44555,8,2,35,80,2018,4,12,5,3,4,2,0,0,1,0,0,0,1,0,4.82319E+20,5.38716E+21,8.76001E+15,4.86372E+16
44556,8,3,15,6,2018,4,20,7,3,5,2,2,0,1,0,0,0,0,0,4.00493E+20,5.3119E+21,7.66725E+15,4.79527E+16
44557,8,4,15,61,2018,4,16,3,3,5,3,0,0,0,0,1,0,1,0,5.16342E+20,5.37927E+21,9.22151E+15,4.85663E+16
44558,8,3,16,51,2018,4,15,1,3,0,6,0,1,0,0,0,0,1,0,3.98726E+20,5.33465E+21,7.63821E+15,4.81571E+16
44559,8,2,35,50,2018,4,17,5,3,2,6,0,0,1,0,0,0,0,0,4.69914E+20,5.38684E+21,8.59165E+15,4.86339E+16
44560,8,4,35,47,2018,4,16,4,2,4,1,0,0,1,0,1,0,0,0,5.14894E+20,5.29571E+21,9.19895E+15,4.78145E+16
44561,8,3,17,116,2018,4,17,3,2,5,3,0,1,0,0,0,0,0,0,4.34264E+20,5.38702E+21,8.1078E+15,4.86328E+16
44562,8,1,11,0,2018,4,16,3,3,4,6,0,0,0,0,0,1,0,0,5.17293E+20,5.40505E+21,9.23548E+15,4.87982E+16
44563,8,2,26,85,2018,4,9,5,3,4,6,0,0,0,0,0,1,1,0,4.88485E+20,5.45758E+21,8.8417E+15,4.92709E+16
44564,8,2,26,98,2018,4,15,2,2,0,6,0,0,1,0,1,0,0,0,4.77744E+20,5.45811E+21,8.69402E+15,4.92754E+16
44565,8,2,25,58,2018,4,22,5,3,5,2,2,0,1,0,0,0,0,0,5.10782E+20,5.46709E+21,9.14847E+15,4.93564E+16
44566,8,3,15,13,2018,4,15,7,2,5,3,0,0,0,0,1,0,1,0,4.03972E+20,5.32466E+21,7.71097E+15,4.8068E+16
44567,8,4,25,79,2018,4,19,4,3,7,7,2,0,1,0,0,1,0,0,5.56205E+20,5.37418E+21,9.76112E+15,4.85182E+16
44568,8,2,22,0,2018,4,11,5,2,3,6,0,1,1,0,0,0,0,0,4.6432E+20,5.48068E+21,8.50746E+15,4.94777E+16
44569,8,2,22,0,2018,4,14,5,3,1,6,0,0,1,0,0,0,0,0,4.61272E+20,5.48396E+21,8.46507E+15,4.9507E+16
44570,8,1,16,76,2018,4,17,2,3,2,6,0,0,1,0,0,0,0,0,5.2868E+20,5.39949E+21,9.39014E+15,4.87477E+16
44571,8,2,15,89,2018,4,8,5,3,2,6,0,0,1,0,0,0,0,0,4.69657E+20,5.43018E+21,8.58496E+15,4.90237E+16
44572,8,2,31,0,2018,4,10,7,2,2,6,0,0,1,0,0,0,0,0,4.84495E+20,5.41402E+21,8.78853E+15,4.88789E+16
44573,8,3,17,151,2018,4,13,3,3,8,1,0,0,0,0,1,0,0,0,4.11309E+20,5.3635E+21,7.8013E+15,4.84184E+16
44574,8,1,27,14,2018,4,7,3,2,2,6,0,0,0,0,0,1,0,0,5.71825E+20,5.44736E+21,9.98544E+15,4.91749E+16
44575,8,1,18,80,2018,4,7,5,3,3,6,0,0,1,0,0,0,0,0,5.08429E+20,5.41021E+21,9.11489E+15,4.88448E+16
44576,8,1,36,28,2018,4,17,5,3,6,4,0,0,1,1,0,0,0,0,5.68651E+20,5.40464E+21,9.93469E+15,4.8791E+16
44577,8,1,18,3,2018,4,7,2,3,5,3,0,0,1,0,0,0,0,0,5.09925E+20,5.41712E+21,9.13544E+15,4.89069E+16
44578,8,4,21,0,2018,4,5,5,2,5,3,1,0,1,0,0,0,0,0,5.72993E+20,5.36414E+21,9.98667E+15,4.84262E+16
44579,8,3,35,43,2018,4,11,3,3,5,2,0,0,1,0,1,0,0,0,5.12099E+20,5.27999E+21,9.16119E+15,4.76732E+16
44580,8,1,28,6,2018,4,13,3,2,6,4,0,0,1,1,0,0,0,0,5.50032E+20,5.47525E+21,9.68997E+15,4.94279E+16
44581,8,3,15,115,2018,4,19,1,2,4,6,0,0,1,0,0,0,1,0,4.0593E+20,5.32315E+21,7.73759E+15,4.80547E+16
44582,8,1,27,89,2018,4,8,5,3,9,1,0,0,1,0,0,0,0,0,5.6694E+20,5.43991E+21,9.91719E+15,4.91084E+16
44583,8,4,36,55,2018,4,8,2,3,9,1,0,0,1,0,0,0,0,1,5.76451E+20,5.29756E+21,1.00215E+16,4.78269E+16
44584,8,1,27,76,2018,4,17,5,3,2,6,0,0,1,0,0,0,0,0,5.51721E+20,5.44384E+21,9.7092E+15,4.91452E+16
44585,8,2,21,0,2018,4,13,2,3,9,1,0,0,0,0,1,0,0,0,4.8145E+20,5.47102E+21,8.74437E+15,4.93916E+16
44586,8,1,27,76,2018,4,5,5,2,4,6,2,0,1,0,0,0,0,0,5.52414E+20,5.43987E+21,9.71818E+15,4.91094E+16
44587,8,1,16,53,2018,4,16,4,3,2,6,0,0,1,0,1,0,0,0,5.39758E+20,5.38874E+21,9.5398E+15,4.86504E+16
44588,8,1,26,66,2018,4,15,5,2,0,6,0,0,0,0,0,0,1,0,5.3664E+20,5.45008E+21,9.50298E+15,4.92024E+16
44589,8,4,35,54,2018,4,17,1,3,8,1,0,0,1,0,0,0,0,0,5.24379E+20,5.28257E+21,9.32491E+15,4.7696E+16
44590,8,1,25,8,2018,4,9,5,3,7,7,0,0,1,0,0,0,1,0,5.27227E+20,5.4323E+21,9.37257E+15,4.9043E+16
44591,8,3,16,56,2018,4,17,3,3,2,6,0,0,1,0,0,0,0,0,4.21841E+20,5.32631E+21,7.9505E+15,4.80852E+16
44592,8,1,19,6,2018,4,7,3,3,2,6,0,0,1,0,0,0,0,0,5.38133E+20,5.42083E+21,9.52072E+15,4.89392E+16
44593,8,2,15,17,2018,4,2,1,3,4,6,2,0,1,0,0,0,0,0,4.53844E+20,5.42157E+21,8.36964E+15,4.89453E+16
44594,8,1,21,0,2018,4,8,5,3,3,6,0,0,1,0,1,0,0,0,5.14974E+20,5.44627E+21,9.20542E+15,4.91691E+16
44595,8,3,35,79,2018,4,13,2,3,5,2,0,0,1,0,1,0,0,0,5.00349E+20,5.30099E+21,9.00467E+15,4.78622E+16
44596,8,1,17,24,2018,4,18,4,3,0,2,0,0,0,0,1,0,0,0,5.58923E+20,5.3813E+21,9.79893E+15,4.8582E+16
44597,8,1,19,85,2018,4,15,5,3,4,6,0,0,1,0,1,0,0,0,5.32972E+20,5.41602E+21,9.44986E+15,4.88962E+16
44598,8,2,31,0,2018,4,15,1,2,8,1,0,0,0,0,1,0,0,0,4.78505E+20,5.41567E+21,8.70675E+15,4.88936E+16
44599,8,1,19,79,2018,4,11,5,2,5,3,0,0,1,0,1,0,0,0,5.2361E+20,5.40837E+21,9.32169E+15,4.88278E+16
44600,8,4,16,25,2018,4,8,2,3,0,2,0,0,0,0,1,0,0,1,5.05624E+20,5.36179E+21,9.076E+15,4.84093E+16
44601,8,1,18,80,2018,4,17,5,3,5,2,0,0,1,0,1,0,0,0,5.08399E+20,5.40794E+21,9.11442E+15,4.88244E+16
44602,8,1,11,0,2018,4,16,2,3,3,6,0,0,1,0,0,0,0,0,5.06894E+20,5.39807E+21,9.09376E+15,4.87356E+16
44603,8,1,18,79,2018,4,12,5,3,2,1,0,0,1,0,0,0,0,0,5.10207E+20,5.42097E+21,9.13939E+15,4.89416E+16
44604,8,1,11,0,2018,4,19,4,3,5,3,0,0,1,0,0,0,0,0,5.13136E+20,5.40349E+21,9.17883E+15,4.87843E+16
44605,8,3,36,84,2018,4,13,1,3,2,6,0,0,1,0,0,0,0,0,4.03576E+20,5.27692E+21,7.71631E+15,4.76385E+16
44606,8,1,17,26,2018,4,18,5,3,2,6,0,0,1,0,0,0,0,0,5.48868E+20,5.39415E+21,9.66412E+15,4.86984E+16
44607,8,2,26,31,2018,4,16,3,3,2,6,0,0,1,0,0,0,0,0,4.73431E+20,5.49324E+21,8.63238E+15,4.95911E+16
44608,8,1,17,19,2018,4,8,3,3,2,6,0,0,1,0,0,0,0,0,5.53526E+20,5.39302E+21,9.72728E+15,4.86879E+16
44609,8,1,16,47,2018,4,1,1,3,2,6,2,0,1,0,0,0,0,0,5.20773E+20,5.39356E+21,9.28229E+15,4.86947E+16
44610,8,1,16,33,2018,4,14,5,3,2,6,0,0,1,0,0,0,0,0,5.34257E+20,5.38796E+21,9.46505E+15,4.86437E+16
44611,8,3,27,50,2018,4,12,2,3,0,3,0,1,0,0,0,0,0,0,4.82401E+20,5.31175E+21,8.76426E+15,4.79588E+16
44612,8,2,26,85,2018,4,8,4,2,9,1,0,0,0,0,0,0,1,0,4.9568E+20,5.45267E+21,8.94066E+15,4.92268E+16
44613,8,1,16,33,2018,4,16,5,3,2,6,0,0,1,0,0,0,0,0,5.31484E+20,5.38927E+21,9.4275E+15,4.86557E+16
44614,8,1,19,79,2018,4,8,2,3,2,6,0,0,1,0,0,0,0,1,5.23667E+20,5.40806E+21,9.32245E+15,4.88251E+16
44615,8,1,15,41,2018,4,17,5,3,2,6,0,0,1,0,0,0,1,0,4.93152E+20,5.40208E+21,8.9068E+15,4.87717E+16
44616,8,4,17,13,2018,4,18,3,3,6,7,0,0,1,1,0,0,0,0,5.08495E+20,5.34844E+21,9.11452E+15,4.82891E+16
44617,8,4,36,81,2018,4,16,7,2,8,1,0,1,0,0,0,0,0,0,5.64554E+20,5.28292E+21,9.86036E+15,4.76965E+16
44618,8,3,17,153,2018,4,16,1,2,9,7,0,0,1,0,0,0,0,0,4.18444E+20,5.38622E+21,7.89328E+15,4.86238E+16
44619,8,1,27,71,2018,4,17,2,3,8,7,0,0,0,0,1,0,0,0,5.80493E+20,5.45696E+21,1.01063E+16,4.92601E+16
44620,8,1,11,0,2018,4,16,5,3,2,6,0,0,1,0,0,0,0,0,5.12785E+20,5.40562E+21,9.17411E+15,4.88035E+16
44621,8,4,36,11,2018,4,15,3,3,2,6,0,0,1,0,0,0,0,0,5.46058E+20,5.29744E+21,9.61541E+15,4.78287E+16
44622,8,3,27,27,2018,4,10,1,2,9,1,0,0,0,0,1,0,0,0,4.96728E+20,5.32245E+21,8.95608E+15,4.80553E+16
44623,8,1,11,0,2018,4,11,5,3,5,3,0,0,1,0,0,0,0,0,5.13128E+20,5.40348E+21,9.17871E+15,4.87842E+16
44624,8,2,15,90,2018,4,9,3,3,2,6,0,0,1,0,0,0,0,0,4.65524E+20,5.43722E+21,8.52783E+15,4.90868E+16
44625,8,1,16,20,2018,4,21,3,3,8,6,2,0,1,0,0,0,0,0,5.28282E+20,5.38076E+21,9.38345E+15,4.85793E+16
44626,8,1,25,98,2018,4,17,1,2,9,1,0,0,0,0,1,0,0,0,5.25226E+20,5.43706E+21,9.34548E+15,4.90859E+16
44627,8,1,11,0,2018,4,16,5,3,2,6,0,0,1,0,0,0,0,0,5.12984E+20,5.40713E+21,9.17687E+15,4.8817E+16
44628,8,3,15,48,2018,4,17,2,3,5,3,0,0,1,0,0,0,1,0,3.98146E+20,5.30781E+21,7.6368E+15,4.79155E+16
44629,8,1,11,0,2018,4,8,5,3,5,2,0,1,1,0,0,0,0,0,5.09522E+20,5.39846E+21,9.12951E+15,4.87391E+16
44630,8,1,18,54,2018,4,17,4,3,2,6,0,0,1,0,0,0,0,0,5.16969E+20,5.42283E+21,9.23181E+15,4.89581E+16
44631,8,1,11,0,2018,4,10,5,3,5,3,0,0,1,0,0,0,0,0,5.06392E+20,5.40554E+21,9.08705E+15,4.88028E+16
44632,8,1,11,0,2018,4,7,5,3,2,6,0,0,1,0,0,0,0,0,5.08185E+20,5.4016E+21,9.11138E+15,4.87674E+16
44633,8,1,19,44,2018,4,9,2,3,9,1,0,1,0,0,0,0,0,0,5.41873E+20,5.42576E+21,9.57229E+15,4.89834E+16
44634,8,1,11,0,2018,4,7,5,3,5,2,0,0,1,0,1,0,0,0,5.18213E+20,5.40036E+21,9.2478E+15,4.8756E+16
44635,8,4,15,53,2018,4,18,3,3,5,3,0,0,1,0,1,0,0,0,5.32078E+20,5.36312E+21,9.43356E+15,4.84204E+16
44636,8,3,15,102,2018,4,11,1,3,8,1,0,0,0,0,1,0,0,0,4.32281E+20,5.29786E+21,8.09514E+15,4.78305E+16
44637,8,4,36,52,2018,4,8,4,2,2,6,0,0,1,0,0,0,0,0,5.66778E+20,5.28763E+21,9.89071E+15,4.77386E+16
44638,8,4,26,73,2018,4,6,4,2,8,1,0,0,1,0,0,0,0,0,5.66339E+20,5.337E+21,9.89248E+15,4.81828E+16
44639,8,4,37,104,2018,4,22,2,2,8,1,2,0,0,0,1,0,0,0,5.1587E+20,5.32893E+21,9.21321E+15,4.81135E+16
44640,8,1,19,86,2018,4,6,6,3,9,1,1,0,0,0,1,0,0,0,5.34701E+20,5.40619E+21,9.47261E+15,4.88077E+16
44641,8,2,25,115,2018,4,9,7,3,5,3,0,0,1,0,0,0,0,0,5.20053E+20,5.47249E+21,9.27641E+15,4.94047E+16
44642,8,4,35,45,2018,4,10,1,2,0,7,0,1,0,0,0,0,0,0,5.3595E+20,5.28526E+21,9.47934E+15,4.77198E+16
44643,8,1,19,18,2018,4,7,6,3,1,5,0,0,1,0,1,0,0,0,5.28446E+20,5.41924E+21,9.38834E+15,4.89255E+16
44644,8,3,25,45,2018,4,13,3,3,4,1,0,0,1,0,0,0,0,0,4.68296E+20,5.35032E+21,8.57245E+15,4.83053E+16
44645,8,1,19,84,2018,4,17,6,2,8,7,0,0,1,0,0,0,0,0,5.46131E+20,5.41247E+21,9.62898E+15,4.88635E+16
44646,8,1,15,50,2018,4,11,7,3,5,2,0,0,1,0,1,0,0,0,4.93345E+20,5.39745E+21,8.90951E+15,4.87301E+16
44647,8,2,26,82,2018,4,13,1,3,8,1,0,0,0,0,1,0,0,0,4.8152E+20,5.48069E+21,8.74488E+15,4.94786E+16
44648,8,1,18,79,2018,4,16,3,3,6,2,0,0,0,1,0,0,1,0,5.06034E+20,5.42131E+21,9.0824E+15,4.89447E+16
44649,8,1,18,73,2018,4,16,1,3,5,3,0,0,0,0,1,0,1,0,4.99669E+20,5.41846E+21,8.99548E+15,4.89191E+16
44650,8,1,18,67,2018,4,15,6,3,2,6,0,0,1,0,0,0,0,0,5.06635E+20,5.41302E+21,9.09048E+15,4.88701E+16
44651,8,4,36,64,2018,4,12,6,3,5,3,0,0,1,0,0,0,0,0,5.49994E+20,5.29116E+21,9.66727E+15,4.77719E+16
44652,8,2,12,0,2018,4,14,2,3,3,6,0,0,1,0,0,1,0,0,4.59182E+20,5.42734E+21,8.44196E+15,4.89976E+16
44653,8,1,18,73,2018,4,11,6,3,0,7,0,1,0,0,0,0,0,0,4.97234E+20,5.42055E+21,8.96223E+15,4.89379E+16
44654,8,3,35,63,2018,4,15,7,3,0,7,0,1,0,0,0,0,0,0,4.99358E+20,5.29067E+21,8.99143E+15,4.77694E+16
44655,8,1,25,21,2018,4,10,2,2,8,1,0,0,1,0,0,0,0,1,5.23438E+20,5.44648E+21,9.32155E+15,4.91707E+16
44656,8,1,18,54,2018,4,12,6,3,5,3,0,0,1,0,0,0,0,0,5.18432E+20,5.42286E+21,9.25178E+15,4.89584E+16
44657,8,1,18,51,2018,4,23,6,3,5,3,2,0,1,0,1,0,0,0,5.0959E+20,5.41443E+21,9.13081E+15,4.88827E+16
44658,8,2,16,24,2018,4,16,7,3,4,6,0,0,1,0,0,0,0,0,4.45357E+20,5.4049E+21,8.25598E+15,4.87947E+16
44659,8,3,36,107,2018,4,9,1,3,9,1,0,1,0,0,0,0,0,0,4.08697E+20,5.28592E+21,7.78259E+15,4.77202E+16
44660,8,2,15,90,2018,4,16,3,3,5,3,0,1,1,0,0,0,0,0,4.65805E+20,5.43368E+21,8.53197E+15,4.90551E+16
44661,8,1,18,79,2018,4,7,6,3,2,6,0,0,1,0,0,0,0,0,5.10264E+20,5.42064E+21,9.14015E+15,4.89386E+16
44662,8,4,36,81,2018,4,8,6,3,2,6,0,0,1,0,0,0,0,0,5.65317E+20,5.28614E+21,9.871E+15,4.77254E+16
44663,8,4,36,96,2018,4,10,2,3,4,6,0,0,1,0,0,0,0,0,5.44972E+20,5.30009E+21,9.60117E+15,4.78526E+16
44664,8,1,15,21,2018,4,19,1,3,5,3,0,0,1,0,0,0,0,0,4.89603E+20,5.38252E+21,8.85899E+15,4.85957E+16
44665,8,4,25,84,2018,4,17,6,2,2,2,0,0,1,0,1,0,0,0,5.57683E+20,5.37592E+21,9.78138E+15,4.85337E+16
44666,8,3,36,91,2018,4,16,6,3,4,6,0,1,0,0,0,0,0,0,3.93566E+20,5.27431E+21,7.58373E+15,4.76134E+16
44667,8,1,17,28,2018,4,14,6,3,2,6,0,0,1,0,0,0,1,0,5.47562E+20,5.3825E+21,9.64504E+15,4.85938E+16
44668,8,1,15,3,2018,4,16,7,3,2,6,0,0,1,0,0,0,0,0,5.00281E+20,5.39332E+21,9.00382E+15,4.86929E+16
44669,8,2,15,47,2018,4,16,1,2,0,1,0,0,0,0,1,0,0,0,4.58835E+20,5.41059E+21,8.4389E+15,4.88469E+16
44670,8,1,11,0,2018,4,15,3,3,2,6,0,0,1,0,0,0,0,0,5.11523E+20,5.40646E+21,9.15695E+15,4.8811E+16
44671,8,1,35,19,2018,4,15,1,2,8,1,0,0,0,0,1,0,0,0,5.87953E+20,5.39122E+21,1.01946E+16,4.86678E+16
44672,8,1,16,35,2018,4,11,6,3,2,6,0,0,1,0,0,0,1,0,5.27061E+20,5.39155E+21,9.3676E+15,4.86764E+16
44673,8,2,22,0,2018,4,12,6,2,5,3,0,1,1,0,0,0,0,0,4.61471E+20,5.48122E+21,8.46807E+15,4.94824E+16
44674,8,3,16,9,2018,4,11,6,3,5,3,0,0,1,0,0,0,0,0,4.179E+20,5.32385E+21,7.89805E+15,4.80626E+16
44675,8,1,15,45,2018,4,8,4,3,2,6,0,0,1,0,0,0,1,0,5.03196E+20,5.39455E+21,9.04343E+15,4.8704E+16
44676,8,1,16,77,2018,4,12,6,3,5,3,0,0,0,0,0,1,0,0,5.15973E+20,5.3915E+21,9.21698E+15,4.86763E+16
44677,8,3,25,49,2018,4,17,7,2,9,1,0,0,0,0,1,0,0,0,4.78966E+20,5.33883E+21,8.71692E+15,4.82023E+16
44678,8,1,25,38,2018,4,13,2,3,2,6,0,0,1,0,0,0,0,0,5.01814E+20,5.43507E+21,9.02484E+15,4.90685E+16
44679,8,1,16,33,2018,4,19,6,3,5,3,0,1,1,0,0,0,0,0,5.35608E+20,5.38751E+21,9.48335E+15,4.86397E+16
44680,8,1,15,50,2018,4,0,6,3,8,7,2,0,0,0,1,0,0,0,4.90325E+20,5.39942E+21,8.86839E+15,4.87477E+16
44681,8,1,27,86,2018,4,17,7,3,4,6,0,0,1,0,0,0,0,0,5.53181E+20,5.4451E+21,9.72938E+15,4.91564E+16
44682,8,3,25,45,2018,4,16,1,3,5,3,0,0,1,0,0,0,0,0,4.68636E+20,5.3491E+21,8.57713E+15,4.82943E+16
44683,8,2,22,0,2018,4,17,3,3,2,6,0,0,1,0,0,0,0,0,4.65432E+20,5.48018E+21,8.52285E+15,4.94733E+16
44684,8,1,15,3,2018,4,14,6,3,2,6,0,0,1,0,0,0,0,0,4.96553E+20,5.39301E+21,8.95316E+15,4.86901E+16
44685,8,4,35,66,2018,4,10,6,3,5,3,0,0,1,0,0,0,0,0,5.17956E+20,5.28688E+21,9.23949E+15,4.7735E+16
44686,8,4,15,60,2018,4,12,2,3,5,2,0,0,1,0,0,0,0,1,5.14938E+20,5.37807E+21,9.20243E+15,4.85555E+16
44687,8,4,36,93,2018,4,11,7,3,0,1,0,0,0,0,1,0,0,0,5.45344E+20,5.31188E+21,9.60738E+15,4.79586E+16
44688,8,1,11,0,2018,4,11,6,3,0,7,0,0,1,0,0,0,1,0,5.1245E+20,5.40129E+21,9.16941E+15,4.87644E+16
44689,8,2,26,105,2018,4,11,6,3,2,6,0,0,1,0,1,0,0,0,4.71053E+20,5.47612E+21,8.60073E+15,4.94371E+16
44690,8,1,11,0,2018,4,17,6,3,2,6,0,0,1,0,0,0,1,0,5.1348E+20,5.40567E+21,9.18358E+15,4.88039E+16
44691,8,3,15,84,2018,4,16,7,2,6,7,0,1,0,1,0,0,0,0,4.21783E+20,5.31106E+21,7.9525E+15,4.79481E+16
44692,8,1,16,80,2018,4,17,2,3,2,6,0,0,1,0,0,0,0,1,5.22851E+20,5.39533E+21,9.31062E+15,4.87106E+16
44693,8,1,11,0,2018,4,15,6,3,2,6,0,0,1,0,0,0,0,0,5.15509E+20,5.40337E+21,9.21112E+15,4.87831E+16
44694,8,1,11,0,2018,4,15,6,3,5,3,0,0,1,0,0,1,0,0,5.12778E+20,5.4076E+21,9.17408E+15,4.88212E+16
44695,8,1,11,0,2018,4,7,6,3,5,3,0,1,1,0,0,0,0,0,5.16883E+20,5.40593E+21,9.22993E+15,4.88061E+16
44696,8,3,17,102,2018,4,15,7,3,8,1,0,0,0,0,1,0,0,0,4.40604E+20,5.37795E+21,8.19513E+15,4.85518E+16
44697,8,1,18,48,2018,4,15,2,2,4,7,0,0,1,0,0,0,0,0,5.14838E+20,5.41808E+21,9.20252E+15,4.89155E+16
44698,8,1,11,0,2018,4,7,6,3,5,3,0,1,1,0,0,0,0,0,5.11689E+20,5.40875E+21,9.15928E+15,4.88316E+16