OBJECTID_1,ULAND,UREGBEZ,UKREIS,UGEMEINDE,UJAHR,UMONAT,USTUNDE,UWOCHENTAG,UKATEGORIE,UART,UTYP1,ULICHTVERH,IstRad,IstPKW,IstFuss,IstKrad,IstGkfz,IstSonstig,STRZUSTAND,LINREFX,LINREFY,XGCSWGS84,YGCSWGS84
45265,8,1,19,83,2018,4,11,2,3,1,7,0,0,1,0,0,0,0,0,5.35082E+20,5.41977E+21,9.47897E+15,4.89299E+16
45266,8,1,21,0,2018,4,7,5,2,6,3,0,0,1,1,0,0,0,0,5.16736E+20,5.44291E+21,9.22946E+15,4.91388E+16
45267,8,4,26,45,2018,4,16,7,2,0,7,0,0,0,1,0,0,1,0,5.3398E+20,5.32747E+21,9.4564E+15,4.80996E+16
45268,8,4,37,59,2018,4,13,2,3,5,3,0,0,1,0,0,0,0,0,5.135E+20,5.32354E+21,9.1812E+15,4.8065E+16
45269,8,3,35,98,2018,5,9,4,3,5,3,0,0,1,0,0,0,0,0,5.01682E+20,5.29553E+21,9.02246E+15,4.78131E+16
45270,8,1,25,98,2018,4,17,5,2,4,1,0,0,1,0,1,0,0,0,5.2525E+20,5.43705E+21,9.3458E+15,4.90858E+16
45271,8,2,35,33,2018,4,11,1,3,2,6,0,0,1,0,1,0,0,0,4.5905E+20,5.4056E+21,8.44234E+15,4.88021E+16
45272,8,2,15,64,2018,4,17,6,3,2,6,0,0,1,0,0,0,0,0,4.78657E+20,5.45174E+21,8.70691E+15,4.92181E+16
45273,8,1,27,8,2018,4,15,2,2,8,1,0,0,1,0,0,0,0,0,5.66439E+20,5.45866E+21,9.91344E+15,4.92771E+16
45274,8,1,25,56,2018,4,18,5,3,5,7,0,1,1,0,0,0,0,0,5.11247E+20,5.43634E+21,9.15402E+15,4.90798E+16
45275,8,1,11,0,2018,4,11,1,3,2,6,0,0,1,0,1,0,0,0,5.12783E+20,5.40759E+21,9.17414E+15,4.88211E+16
45276,8,1,25,98,2018,5,16,4,2,5,3,0,0,1,0,0,0,0,0,5.21084E+20,5.43698E+21,9.28876E+15,4.90853E+16
45277,8,4,15,78,2018,4,17,1,2,8,1,0,0,0,0,1,0,0,0,5.2912E+20,5.37014E+21,9.39407E+15,4.84837E+16
45278,8,2,25,60,2018,4,17,7,3,2,7,0,0,1,0,0,0,0,0,5.14507E+20,5.48641E+21,9.20048E+15,4.95301E+16
45279,8,1,19,55,2018,4,7,5,3,5,3,0,0,1,0,1,0,0,1,5.44007E+20,5.40489E+21,9.59921E+15,4.87955E+16
45280,8,2,21,0,2018,5,15,3,3,2,6,0,0,1,0,0,0,0,0,4.73303E+20,5.46873E+21,8.63226E+15,4.93707E+16
45281,8,1,19,75,2018,4,12,5,3,2,2,0,0,1,0,0,1,1,0,5.39035E+20,5.42724E+21,9.53365E+15,4.89969E+16
45282,8,3,17,96,2018,4,13,6,2,0,3,0,1,0,0,0,0,1,0,4.21667E+20,5.3697E+21,7.94011E+15,4.84755E+16
45283,8,3,26,3,2018,4,16,2,3,5,3,0,0,1,0,0,1,0,0,4.653E+20,5.31736E+21,8.53475E+15,4.80086E+16
45284,8,2,15,103,2018,5,14,4,3,2,6,0,0,1,0,0,0,0,0,4.68365E+20,5.44503E+21,8.56612E+15,4.91573E+16
45285,8,1,19,42,2018,4,7,5,2,0,1,0,0,0,0,1,0,0,0,5.31272E+20,5.41753E+21,9.42678E+15,4.891E+16
45286,8,1,18,73,2018,4,15,1,2,3,6,0,0,1,0,0,0,0,0,5.01097E+20,5.42696E+21,9.015E+15,4.89955E+16
45287,8,1,21,0,2018,4,6,6,2,5,2,0,0,1,0,1,0,0,0,5.1592E+20,5.44661E+21,9.21842E+15,4.91721E+16
45288,8,1,18,48,2018,4,16,2,3,5,3,0,1,1,0,0,0,0,0,5.16072E+20,5.41415E+21,9.21921E+15,4.88801E+16
45289,8,1,18,79,2018,4,11,6,3,2,6,0,0,1,0,0,0,0,0,5.09881E+20,5.42232E+21,9.13497E+15,4.89537E+16
45290,8,1,19,91,2018,4,3,5,2,9,1,2,0,1,0,0,0,0,1,5.28203E+20,5.40698E+21,9.38417E+15,4.88152E+16
45291,8,3,37,128,2018,4,14,7,2,4,1,0,0,1,0,1,0,0,0,4.49539E+20,5.28226E+21,8.32753E+15,4.76917E+16
45292,8,1,18,67,2018,4,18,5,3,8,7,0,0,0,0,1,0,0,0,5.03111E+20,5.41498E+21,9.04244E+15,4.88878E+16
45293,8,1,15,28,2018,5,14,4,3,8,7,0,0,0,0,1,0,0,0,5.00844E+20,5.4008E+21,9.01148E+15,4.87602E+16
45294,8,3,17,126,2018,4,13,1,3,5,3,0,0,1,0,1,0,0,0,4.41379E+20,5.38301E+21,8.20492E+15,4.85974E+16
45295,8,1,21,0,2018,4,13,7,3,0,7,0,1,0,0,0,0,0,0,5.1595E+20,5.445E+21,9.21875E+15,4.91576E+16
45296,8,1,18,11,2018,4,16,5,2,3,6,0,0,1,0,1,0,0,0,4.98562E+20,5.41088E+21,8.9804E+15,4.88509E+16
45297,8,4,37,78,2018,4,17,6,3,5,3,0,0,1,0,0,0,0,0,5.08581E+20,5.31681E+21,9.11505E+15,4.80045E+16
45298,8,1,25,102,2018,5,10,3,3,8,1,0,0,1,0,0,0,0,0,5.22283E+20,5.44492E+21,9.30561E+15,4.91567E+16
45299,8,1,18,60,2018,5,22,4,2,5,3,2,0,1,0,1,0,0,0,5.2381E+20,5.43059E+21,9.32571E+15,4.90277E+16
45300,8,3,35,21,2018,4,16,1,3,0,7,0,1,0,0,0,0,0,0,4.9243E+20,5.30061E+21,8.89879E+15,4.78588E+16
45301,8,3,17,1,2018,4,13,7,2,9,1,0,0,0,0,0,0,1,0,4.32091E+20,5.38499E+21,8.07865E+15,4.86143E+16
45302,8,1,11,0,2018,4,17,5,3,2,6,0,0,1,0,0,0,0,0,5.11157E+20,5.39505E+21,9.15165E+15,4.87084E+16
45303,8,2,26,32,2018,5,16,3,2,3,6,0,1,0,0,0,0,0,0,4.61222E+20,5.46478E+21,8.46625E+15,4.93345E+16
45304,8,4,36,95,2018,4,18,5,3,5,3,0,0,1,0,0,0,0,0,5.33595E+20,5.29963E+21,9.44906E+15,4.78491E+16
45305,8,1,18,63,2018,4,8,5,2,6,4,0,0,1,1,0,0,0,0,5.15022E+20,5.42306E+21,9.20522E+15,4.89603E+16
45306,8,2,26,85,2018,4,10,6,3,2,6,0,0,1,0,0,0,0,0,4.85306E+20,5.45692E+21,8.79803E+15,4.92649E+16
45307,8,3,16,14,2018,4,12,2,3,5,3,0,0,1,0,0,0,0,0,4.25277E+20,5.33039E+21,7.99592E+15,4.81224E+16
45308,8,1,17,15,2018,4,7,5,3,5,3,0,0,1,0,1,0,0,1,5.59056E+20,5.39384E+21,9.80252E+15,4.86948E+16
45309,8,4,25,71,2018,4,15,1,2,5,3,0,1,1,0,0,0,0,0,5.48855E+20,5.37013E+21,9.66112E+15,4.84824E+16
45310,8,1,19,68,2018,4,8,6,3,2,6,0,0,1,0,1,0,0,0,5.25771E+20,5.41363E+21,9.35146E+15,4.88751E+16
45311,8,1,16,4,2018,4,14,2,3,5,3,0,1,1,0,0,0,0,0,5.28473E+20,5.39644E+21,9.38712E+15,4.87203E+16
45312,8,4,21,0,2018,4,16,5,3,2,6,0,0,1,0,0,0,0,0,5.75966E+20,5.36752E+21,1.00275E+16,4.84562E+16
45313,8,3,27,36,2018,4,1,7,2,9,2,2,0,1,0,0,0,0,0,4.91517E+20,5.31972E+21,8.88621E+15,4.80307E+16
45314,8,1,17,25,2018,4,18,5,2,0,1,0,0,0,0,1,0,0,0,5.57406E+20,5.38959E+21,9.77951E+15,4.86567E+16
45315,8,4,36,64,2018,5,17,3,2,3,6,0,0,1,0,1,0,0,0,5.48521E+20,5.29137E+21,9.64763E+15,4.77739E+16
45316,8,1,25,24,2018,4,13,6,3,4,2,0,0,0,0,1,1,0,0,5.21897E+20,5.44418E+21,9.30028E+15,4.91501E+16
45317,8,3,15,20,2018,4,18,1,3,2,6,0,0,1,0,0,0,0,0,4.25443E+20,5.31063E+21,8.00157E+15,4.79446E+16
45318,8,1,18,73,2018,4,16,7,3,1,3,0,1,1,0,0,0,0,0,4.9858E+20,5.41838E+21,8.98061E+15,4.89184E+16
45319,8,1,15,45,2018,4,7,5,3,5,2,0,0,1,0,0,0,0,1,4.96038E+20,5.39394E+21,8.94616E+15,4.86985E+16
45320,8,4,26,21,2018,4,11,6,3,9,7,0,0,1,0,0,0,0,0,5.60039E+20,5.32965E+21,9.8067E+15,4.81173E+16
45321,8,1,27,73,2018,5,17,3,3,8,3,0,1,1,0,0,0,0,0,5.78672E+20,5.44598E+21,1.00791E+16,4.91616E+16
45322,8,1,11,0,2018,4,16,5,3,2,6,0,0,1,0,0,0,0,0,5.08402E+20,5.39762E+21,9.11426E+15,4.87316E+16
45323,8,1,11,0,2018,4,17,5,3,6,4,0,0,1,1,0,0,0,0,5.15839E+20,5.40553E+21,9.2157E+15,4.88025E+16
45324,8,2,35,85,2018,4,12,6,3,6,4,0,0,1,1,0,0,0,0,4.81157E+20,5.3956E+21,8.74385E+15,4.87132E+16
45325,8,1,19,79,2018,4,16,6,3,5,2,0,0,1,0,1,0,0,0,5.23027E+20,5.41528E+21,9.31413E+15,4.889E+16
45326,8,2,36,71,2018,4,23,2,3,9,1,2,0,1,0,0,0,0,0,4.69246E+20,5.42108E+21,8.58003E+15,4.89419E+16
45327,8,1,11,0,2018,4,8,5,3,5,3,0,1,1,0,0,0,0,0,5.14854E+20,5.40611E+21,9.2023E+15,4.88078E+16
45328,8,1,18,18,2018,4,11,1,3,5,2,0,1,1,0,0,0,0,0,5.11297E+20,5.43111E+21,9.15455E+15,4.90327E+16
45329,8,4,15,61,2018,4,11,5,3,5,3,0,0,1,0,0,0,0,0,5.152E+20,5.37213E+21,9.20578E+15,4.85021E+16
45330,8,1,11,0,2018,4,16,5,3,0,1,0,0,0,0,1,0,0,0,5.13583E+20,5.40288E+21,9.18489E+15,4.87788E+16
45331,8,2,15,46,2018,4,14,6,3,3,6,0,0,1,0,1,0,0,0,4.52941E+20,5.41957E+21,8.35754E+15,4.89273E+16
45332,8,2,15,46,2018,4,18,2,3,6,4,0,0,1,1,0,0,0,0,4.50953E+20,5.41212E+21,8.3313E+15,4.88601E+16
45333,8,1,11,0,2018,4,12,5,3,2,6,0,0,1,0,0,0,0,0,5.14355E+20,5.40427E+21,9.19544E+15,4.87913E+16
45334,8,1,25,107,2018,4,15,1,3,4,6,0,0,1,0,0,0,1,0,5.36435E+20,5.43727E+21,9.49901E+15,4.90872E+16
45335,8,2,36,33,2018,5,17,4,3,5,3,0,0,1,0,0,0,1,0,4.82864E+20,5.43163E+21,8.76554E+15,4.90373E+16
45336,8,1,19,61,2018,4,3,6,3,9,1,2,0,1,0,0,0,0,0,5.36476E+20,5.41614E+21,9.49767E+15,4.88972E+16
45337,8,1,11,0,2018,4,15,2,3,2,6,0,0,1,0,0,0,0,0,5.1724E+20,5.4069E+21,9.23483E+15,4.88148E+16
45338,8,1,11,0,2018,4,11,5,3,2,6,0,0,1,0,1,0,0,1,5.07458E+20,5.40569E+21,9.10157E+15,4.88042E+16
45339,8,3,17,89,2018,4,22,7,3,5,3,2,0,1,0,0,0,0,0,4.30606E+20,5.37868E+21,8.05956E+15,4.85574E+16
45340,8,1,11,0,2018,4,15,5,3,5,2,0,0,1,0,1,0,0,0,5.16261E+20,5.39403E+21,9.22099E+15,4.8699E+16
45341,8,4,25,8,2018,5,13,3,3,9,1,0,0,1,0,0,0,0,0,5.65302E+20,5.38016E+21,9.88523E+15,4.85711E+16
45342,8,4,36,52,2018,4,14,4,3,3,6,0,0,1,0,0,1,0,0,5.6779E+20,5.28898E+21,9.90442E+15,4.77506E+16
45343,8,3,36,103,2018,4,15,6,3,2,6,0,0,1,0,0,0,0,0,4.13445E+20,5.28363E+21,7.84633E+15,4.77003E+16
45344,8,1,11,0,2018,5,18,3,3,2,6,0,0,1,0,0,0,0,0,5.12667E+20,5.39987E+21,9.17233E+15,4.87518E+16
45345,8,4,16,31,2018,5,17,4,3,2,6,0,0,1,0,0,0,0,0,5.02461E+20,5.36233E+21,9.03326E+15,4.84141E+16
45346,8,4,36,55,2018,4,11,4,3,8,1,0,0,0,0,1,0,0,0,5.72363E+20,5.28976E+21,9.96556E+15,4.77571E+16
45347,8,2,37,19,2018,4,14,1,3,4,2,0,0,1,0,0,0,0,0,4.617E+20,5.36978E+21,8.48174E+15,4.848E+16
45348,8,4,36,10,2018,4,8,4,3,0,7,0,0,1,0,0,0,0,0,5.61269E+20,5.30643E+21,9.8199E+15,4.79083E+16
45349,8,2,25,74,2018,4,15,6,3,0,7,0,1,0,0,0,0,0,0,5.0484E+20,5.46706E+21,9.06665E+15,4.93563E+16
45350,8,1,19,93,2018,4,16,6,3,0,1,0,0,0,0,1,0,0,0,5.241E+20,5.40297E+21,9.32805E+15,4.87792E+16
45351,8,1,36,2,2018,4,17,2,2,8,1,0,0,0,0,1,0,0,0,5.7184E+20,5.4171E+21,9.98029E+15,4.89027E+16
45352,8,4,35,36,2018,4,19,4,3,5,3,0,1,1,0,0,0,0,0,5.19983E+20,5.28234E+21,9.26631E+15,4.76941E+16
45353,8,1,16,58,2018,4,19,1,3,0,1,0,1,0,0,0,0,0,0,5.33436E+20,5.39607E+21,9.45457E+15,4.87168E+16
45354,8,1,26,39,2018,5,18,4,3,5,3,0,0,1,0,0,0,1,0,5.51713E+20,5.46455E+21,9.71175E+15,4.93315E+16
45355,8,1,19,20,2018,4,15,6,3,5,3,0,1,1,0,0,0,0,0,5.19761E+20,5.40566E+21,9.26911E+15,4.88036E+16
45356,8,4,35,45,2018,4,0,1,3,8,1,2,0,1,0,0,0,0,0,5.35641E+20,5.28777E+21,9.47543E+15,4.77423E+16
45357,8,2,26,98,2018,4,11,7,3,2,6,0,0,1,0,0,0,0,0,4.78693E+20,5.4605E+21,8.70694E+15,4.92969E+16
45358,8,4,35,35,2018,4,8,4,3,5,3,0,0,1,0,0,0,0,0,5.40667E+20,5.27978E+21,9.54173E+15,4.76701E+16
45359,8,3,36,91,2018,5,22,3,2,9,1,2,0,1,0,0,0,1,0,3.96295E+20,5.27149E+21,7.62069E+15,4.75885E+16
45360,8,2,16,24,2018,5,22,4,3,5,3,2,0,1,0,1,0,0,0,4.45257E+20,5.40856E+21,8.25413E+15,4.88276E+16
45361,8,4,36,4,2018,4,15,1,3,4,2,0,0,1,0,1,0,0,0,5.82205E+20,5.30855E+21,1.01004E+16,4.7925E+16
45362,8,3,17,1,2018,4,17,7,3,2,6,0,0,1,0,0,1,0,0,4.28843E+20,5.38943E+21,8.03382E+15,4.86539E+16
45363,8,4,35,29,2018,4,16,4,3,5,3,0,0,1,0,0,0,0,0,5.4329E+20,5.27159E+21,9.57585E+15,4.75962E+16
45364,8,3,35,43,2018,5,11,3,3,0,7,0,1,0,0,0,0,0,1,5.13001E+20,5.28436E+21,9.17332E+15,4.77125E+16
45365,8,4,35,16,2018,4,17,4,3,5,3,0,1,1,0,0,0,0,0,5.31691E+20,5.28049E+21,9.42221E+15,4.7677E+16
45366,8,3,27,50,2018,4,17,6,3,8,1,0,0,1,0,0,0,0,0,4.8229E+20,5.31128E+21,8.76279E+15,4.79546E+16
45367,8,4,21,0,2018,4,10,2,2,5,3,0,0,1,0,0,0,0,0,5.701E+20,5.36153E+21,9.94715E+15,4.84031E+16
45368,8,3,27,50,2018,5,17,4,2,0,7,0,0,0,0,0,0,1,0,4.8985E+20,5.31703E+21,8.86392E+15,4.80065E+16
45369,8,4,26,36,2018,4,10,4,3,4,6,0,0,1,0,0,0,0,0,5.40154E+20,5.32263E+21,9.53887E+15,4.80557E+16
45370,8,2,36,43,2018,4,15,1,2,4,2,0,0,1,0,0,0,0,0,4.69183E+20,5.40713E+21,8.58022E+15,4.88164E+16
45371,8,2,12,0,2018,4,20,6,3,3,6,1,1,0,0,0,0,0,0,4.59034E+20,5.42956E+21,8.43972E+15,4.90176E+16
45372,8,1,18,50,2018,4,12,6,3,5,3,0,0,1,0,1,0,0,0,5.04439E+20,5.4204E+21,9.06061E+15,4.89365E+16
45373,8,1,25,39,2018,4,15,2,3,2,6,0,0,1,0,0,0,0,0,5.11267E+20,5.45927E+21,9.15493E+15,4.9286E+16
45374,8,4,26,124,2018,4,7,4,3,8,1,0,0,0,0,1,0,0,0,5.45592E+20,5.33283E+21,9.61293E+15,4.81471E+16
45375,8,4,36,64,2018,4,9,7,3,2,2,0,0,1,0,0,0,0,0,5.4438E+20,5.29027E+21,9.59225E+15,4.77643E+16
45376,8,1,19,68,2018,5,9,4,3,4,6,0,0,1,0,0,0,0,0,5.26365E+20,5.41318E+21,9.35954E+15,4.8871E+16
45377,8,4,15,50,2018,4,21,1,3,2,6,2,0,1,0,0,0,0,0,5.19413E+20,5.37745E+21,9.26305E+15,4.85499E+16
45378,8,2,16,7,2018,4,13,7,3,2,6,0,0,1,0,0,0,0,0,4.36761E+20,5.39497E+21,8.14046E+15,4.87046E+16
45379,8,4,25,39,2018,4,19,4,3,1,6,0,0,1,0,1,0,0,0,5.66093E+20,5.3528E+21,9.89164E+15,4.8325E+16
45380,8,2,15,66,2018,5,15,3,2,9,1,0,0,0,0,1,0,0,0,4.6011E+20,5.4495E+21,8.45246E+15,4.9197E+16
45381,8,4,17,16,2018,4,6,4,3,4,1,0,0,1,0,0,0,0,0,4.86248E+20,5.34262E+21,8.81479E+15,4.82367E+16
45382,8,3,16,56,2018,4,7,6,2,9,1,0,0,0,0,1,0,0,0,4.24003E+20,5.32724E+21,7.97935E+15,4.80939E+16
45383,8,3,17,151,2018,4,15,2,3,5,2,0,0,1,0,0,0,0,0,4.12332E+20,5.36878E+21,7.81403E+15,4.8466E+16
45384,8,2,37,73,2018,5,7,4,3,8,6,0,0,1,0,0,0,1,0,4.5721E+20,5.38141E+21,8.41979E+15,4.85843E+16
45385,8,4,15,87,2018,4,11,4,3,5,3,0,0,1,0,0,0,0,0,5.12913E+20,5.38077E+21,9.17507E+15,4.85798E+16
45386,8,1,36,28,2018,4,12,1,3,3,3,0,0,1,0,0,0,1,0,5.68568E+20,5.40386E+21,9.93343E+15,4.87839E+16
45387,8,3,11,0,2018,4,17,4,3,2,6,0,0,1,0,0,0,1,0,4.115E+20,5.32409E+21,7.81212E+15,4.80639E+16
45388,8,3,17,96,2018,4,14,6,3,5,2,0,1,1,0,0,0,0,0,4.20473E+20,5.36815E+21,7.92426E+15,4.84614E+16
45389,8,3,11,0,2018,4,12,2,3,2,1,0,0,1,0,0,0,1,0,4.15019E+20,5.32067E+21,7.86003E+15,4.80336E+16
45390,8,3,11,0,2018,5,13,4,3,3,6,0,0,1,0,0,1,0,0,4.13977E+20,5.31591E+21,7.847E+15,4.79907E+16
45391,8,3,37,65,2018,4,17,4,3,1,6,0,0,1,0,0,0,0,0,4.4965E+20,5.27422E+21,8.32994E+15,4.76194E+16
45392,8,2,16,17,2018,4,17,1,3,2,6,0,0,1,0,1,0,0,0,4.51893E+20,5.39874E+21,8.34568E+15,4.87398E+16
45393,8,1,15,28,2018,4,15,6,3,2,6,0,0,1,0,0,0,0,0,4.98742E+20,5.40381E+21,8.98287E+15,4.87873E+16
45394,8,1,18,48,2018,4,5,6,3,4,7,2,0,1,0,0,0,0,0,5.16051E+20,5.41507E+21,9.21895E+15,4.88884E+16
45395,8,1,18,49,2018,4,16,2,3,2,1,0,0,1,0,0,0,0,0,5.18585E+20,5.42106E+21,9.25379E+15,4.89422E+16
45396,8,3,37,123,2018,4,18,4,2,5,7,0,0,0,1,1,0,0,0,4.51653E+20,5.27606E+21,8.35638E+15,4.76361E+16
45397,8,4,16,25,2018,4,11,7,1,9,1,0,0,0,0,0,0,1,0,5.08119E+20,5.36255E+21,9.10973E+15,4.8416E+16
45398,8,1,15,16,2018,5,10,4,2,5,3,0,0,1,0,0,1,0,0,4.89056E+20,5.37716E+21,8.85171E+15,4.85475E+16
45399,8,4,36,64,2018,4,12,1,3,5,3,0,0,1,0,0,0,1,0,5.46075E+20,5.29367E+21,9.61523E+15,4.77947E+16
45400,8,1,35,31,2018,4,12,7,2,5,3,0,0,1,0,0,0,0,0,5.94437E+20,5.37828E+21,1.02797E+16,4.85505E+16
45401,8,3,36,82,2018,4,12,4,3,5,3,0,0,1,0,0,0,0,0,4.15312E+20,5.2716E+21,7.87355E+15,4.75923E+16
45402,8,1,11,0,2018,4,16,7,3,5,2,0,1,1,0,0,0,0,0,5.12994E+20,5.39977E+21,9.17678E+15,4.87508E+16
45403,8,2,16,39,2018,5,1,3,2,8,7,2,0,1,0,0,0,0,0,4.43751E+20,5.41332E+21,8.23296E+15,4.88703E+16
45404,8,4,25,39,2018,4,12,5,1,4,6,0,0,1,0,0,1,0,0,5.63501E+20,5.35091E+21,9.85638E+15,4.83082E+16
45405,8,3,36,50,2018,4,19,4,3,3,6,0,0,1,0,0,0,0,0,4.00876E+20,5.27642E+21,7.68049E+15,4.76336E+16
45406,8,2,26,107,2018,4,18,6,3,2,6,0,0,1,0,0,0,1,0,4.73911E+20,5.48377E+21,8.63965E+15,4.9506E+16
45407,8,3,15,74,2018,4,5,2,3,9,1,2,0,1,0,0,0,0,1,3.9535E+20,5.29546E+21,7.60238E+15,4.7804E+16
45408,8,3,36,84,2018,4,18,4,3,2,6,0,0,1,0,1,0,0,0,4.04353E+20,5.27737E+21,7.72656E+15,4.76426E+16
45409,8,1,27,63,2018,4,14,1,3,0,1,0,0,0,0,1,0,0,0,5.65898E+20,5.43414E+21,9.90198E+15,4.90566E+16
45410,8,1,18,79,2018,4,9,6,3,0,7,0,1,0,0,0,0,0,0,5.10213E+20,5.42133E+21,9.13948E+15,4.89448E+16
45411,8,1,11,0,2018,4,13,2,3,3,6,0,0,1,0,0,0,1,0,5.13356E+20,5.40268E+21,9.18179E+15,4.87769E+16
45412,8,4,36,82,2018,4,10,4,2,5,3,0,0,1,0,1,0,0,0,5.48872E+20,5.29528E+21,9.65275E+15,4.7809E+16
45413,8,3,17,96,2018,4,13,7,3,2,6,0,0,1,0,0,0,0,0,4.2136E+20,5.36879E+21,7.93613E+15,4.84673E+16
45414,8,3,35,97,2018,4,17,4,3,5,3,0,1,1,0,0,0,0,0,4.85612E+20,5.29526E+21,8.80782E+15,4.78106E+16
45415,8,4,37,78,2018,5,13,3,2,5,3,0,0,1,0,0,0,0,0,5.08005E+20,5.31861E+21,9.10735E+15,4.80207E+16
45416,8,1,17,26,2018,4,19,6,3,9,1,0,0,0,0,1,0,0,0,5.52695E+20,5.39858E+21,9.71669E+15,4.8738E+16
45417,8,1,16,49,2018,4,12,2,3,1,6,0,0,1,0,0,0,0,0,5.25258E+20,5.38644E+21,9.3428E+15,4.86305E+16
45418,8,3,27,50,2018,4,17,4,2,5,3,0,0,1,0,1,0,0,0,4.8048E+20,5.31521E+21,8.73838E+15,4.79899E+16
45419,8,3,35,2,2018,4,16,7,3,8,7,0,1,0,0,0,0,0,0,5.03846E+20,5.28533E+21,9.05128E+15,4.77213E+16
45420,8,3,17,26,2018,4,13,4,3,5,3,0,1,1,0,0,0,0,0,4.11973E+20,5.3465E+21,7.81383E+15,4.82656E+16
45421,8,1,11,0,2018,5,13,4,3,5,3,0,0,1,0,0,0,0,0,5.18724E+20,5.40076E+21,9.25476E+15,4.87596E+16
45422,8,3,17,89,2018,4,16,1,3,1,1,0,0,1,0,1,0,1,0,4.31997E+20,5.37724E+21,8.07864E+15,4.85446E+16
45423,8,1,19,76,2018,4,17,7,3,2,6,0,0,1,0,0,0,1,0,5.41516E+20,5.40643E+21,9.56545E+15,4.88094E+16
45424,8,3,17,57,2018,4,8,4,3,8,7,0,0,0,0,1,0,0,0,4.16961E+20,5.38168E+21,7.87407E+15,4.85827E+16
45425,8,4,36,81,2018,4,12,6,3,5,3,0,0,1,0,0,0,1,0,5.62554E+20,5.28225E+21,9.8336E+15,4.76906E+16
45426,8,1,36,65,2018,5,15,3,3,0,1,0,0,0,0,1,0,0,0,5.61303E+20,5.40593E+21,9.83485E+15,4.88033E+16
45427,8,3,17,1,2018,4,13,4,3,2,6,0,0,1,0,0,0,0,0,4.31818E+20,5.38453E+21,8.07501E+15,4.86102E+16
45428,8,3,15,108,2018,4,7,4,3,2,6,0,0,1,0,0,0,0,0,4.04973E+20,5.30374E+21,7.72905E+15,4.78799E+16
45429,8,3,17,1,2018,4,15,6,3,1,7,0,0,1,0,0,0,1,0,4.27804E+20,5.38668E+21,8.02019E+15,4.8629E+16
45430,8,1,17,18,2018,4,16,6,2,0,3,0,0,1,0,1,0,0,0,5.39048E+20,5.39502E+21,9.53075E+15,4.8707E+16
45431,8,2,35,46,2018,4,15,2,2,2,6,0,0,1,0,1,0,0,0,4.79452E+20,5.37562E+21,8.72166E+15,4.85334E+16
45432,8,2,22,0,2018,4,17,4,3,2,6,0,0,1,0,0,0,1,0,4.67043E+20,5.48099E+21,8.54502E+15,4.94806E+16
45433,8,1,19,18,2018,4,13,1,2,0,1,0,0,0,0,1,0,0,0,5.29041E+20,5.41953E+21,9.39648E+15,4.8928E+16
45434,8,2,26,68,2018,5,21,4,3,7,7,2,0,0,0,1,0,0,0,4.6771E+20,5.45739E+21,8.55614E+15,4.92684E+16
45435,8,1,16,50,2018,4,13,6,3,2,6,0,0,1,0,1,0,0,0,5.26768E+20,5.38801E+21,9.3634E+15,4.86446E+16
45436,8,4,36,85,2018,4,15,1,2,0,1,0,0,0,0,1,0,0,0,5.58299E+20,5.295E+21,9.77862E+15,4.78057E+16
45437,8,2,15,96,2018,4,18,4,2,5,3,0,0,1,0,0,0,0,0,4.61467E+20,5.41521E+21,8.47435E+15,4.88886E+16
45438,8,3,16,43,2018,4,11,7,2,8,1,0,0,1,0,0,0,0,1,4.10135E+20,5.33014E+21,7.79253E+15,4.81182E+16
45439,8,1,36,29,2018,4,17,6,3,5,3,0,0,1,0,0,0,0,0,5.70604E+20,5.41158E+21,9.96247E+15,4.88532E+16
45440,8,2,12,0,2018,4,16,4,2,5,3,0,1,1,0,0,0,0,0,4.59026E+20,5.43251E+21,8.43931E+15,4.90441E+16
45441,8,4,15,50,2018,5,17,3,2,5,3,0,0,1,0,0,0,0,0,5.19408E+20,5.37746E+21,9.26298E+15,4.85499E+16
45442,8,2,36,71,2018,4,17,4,2,0,1,0,0,0,0,1,0,0,0,4.69099E+20,5.42108E+21,8.57801E+15,4.89419E+16
45443,8,3,35,75,2018,4,13,6,3,0,3,0,1,1,0,0,0,0,0,4.88155E+20,5.28878E+21,8.84197E+15,4.77523E+16
45444,8,1,11,0,2018,5,0,3,3,8,1,2,0,1,0,0,0,0,0,5.16545E+20,5.40433E+21,9.22526E+15,4.87918E+16
45445,8,3,37,60,2018,5,14,4,2,6,4,0,0,1,1,0,0,0,0,4.67615E+20,5.27757E+21,8.56877E+15,4.76507E+16
45446,8,2,31,0,2018,4,20,4,3,5,2,0,0,1,0,0,0,0,0,4.7777E+20,5.41494E+21,8.69676E+15,4.8887E+16
45447,8,2,35,66,2018,4,13,1,2,0,7,0,0,0,0,1,0,0,0,4.62653E+20,5.38444E+21,8.49331E+15,4.86119E+16
45448,8,2,15,7,2018,4,12,6,2,5,2,0,1,1,0,0,0,0,0,4.79599E+20,5.42915E+21,8.72099E+15,4.90149E+16
45449,8,1,16,71,2018,4,10,6,3,3,6,0,0,1,0,0,1,0,0,5.26244E+20,5.39101E+21,9.35647E+15,4.86716E+16
45450,8,1,16,77,2018,4,14,7,3,9,6,0,0,1,0,1,0,0,0,5.1648E+20,5.39E+21,9.22381E+15,4.86629E+16
45451,8,2,36,75,2018,4,13,4,3,2,6,0,0,1,0,0,0,0,0,4.82202E+20,5.42265E+21,8.75688E+15,4.89565E+16
45452,8,4,25,33,2018,4,16,6,2,9,1,0,0,0,0,1,0,0,0,5.56112E+20,5.3469E+21,9.75621E+15,4.82728E+16