OBJECTID_1,ULAND,UREGBEZ,UKREIS,UGEMEINDE,UJAHR,UMONAT,USTUNDE,UWOCHENTAG,UKATEGORIE,UART,UTYP1,ULICHTVERH,IstRad,IstPKW,IstFuss,IstKrad,IstGkfz,IstSonstig,STRZUSTAND,LINREFX,LINREFY,XGCSWGS84,YGCSWGS84
45642,8,4,36,24,2018,5,15,4,1,4,6,0,0,1,0,0,0,1,0,5.38494E+20,5.30473E+21,9.51499E+15,4.78948E+16
45643,8,2,25,58,2018,5,14,3,2,2,1,0,0,1,0,0,0,0,0,5.08207E+20,5.46894E+21,9.11306E+15,4.93731E+16
45644,8,2,21,0,2018,5,18,7,3,1,6,0,0,1,0,0,0,0,0,4.76136E+20,5.4716E+21,8.67111E+15,4.93966E+16
45645,8,3,36,81,2018,5,23,1,2,0,7,2,0,1,0,0,0,0,0,4.11607E+20,5.27745E+21,7.82309E+15,4.76444E+16
45646,8,2,31,0,2018,5,15,4,3,1,6,0,0,1,0,0,0,0,0,4.77649E+20,5.41535E+21,8.69509E+15,4.88907E+16
45647,8,4,16,48,2018,5,8,2,2,5,3,0,0,1,0,0,1,0,0,4.97549E+20,5.37746E+21,8.96679E+15,4.85502E+16
45648,8,2,26,95,2018,5,15,7,3,5,2,0,0,1,0,0,0,0,0,4.74878E+20,5.46017E+21,8.65449E+15,4.92938E+16
45649,8,4,17,13,2018,5,4,5,2,7,1,2,0,1,0,0,0,0,1,5.04944E+20,5.35002E+21,9.06667E+15,4.83033E+16
45650,8,2,16,17,2018,5,19,1,3,8,1,0,0,0,0,1,0,0,0,4.49085E+20,5.39949E+21,8.3074E+15,4.87463E+16
45651,8,1,18,48,2018,5,18,5,3,8,1,0,0,1,0,0,0,0,1,5.11627E+20,5.41849E+21,9.15871E+15,4.89192E+16
45652,8,1,18,67,2018,5,16,4,3,3,7,0,0,1,0,1,0,0,0,5.06063E+20,5.41415E+21,9.0827E+15,4.88803E+16
45653,8,2,12,0,2018,5,14,2,3,3,6,0,0,1,0,0,1,0,0,4.54803E+20,5.43468E+21,8.38128E+15,4.90633E+16
45654,8,2,15,64,2018,5,9,7,3,5,3,0,0,1,0,0,0,0,0,4.78028E+20,5.45144E+21,8.6983E+15,4.92153E+16
45655,8,4,35,57,2018,5,8,3,2,5,3,0,1,1,0,0,0,0,0,5.42079E+20,5.27965E+21,9.56051E+15,4.76689E+16
45656,8,2,15,109,2018,5,9,7,3,1,6,0,0,1,0,0,0,0,0,4.64594E+20,5.43911E+21,8.51492E+15,4.91038E+16
45657,8,1,19,20,2018,5,15,2,3,2,6,0,0,1,0,0,0,0,0,5.2108E+20,5.40553E+21,9.28707E+15,4.88024E+16
45658,8,1,21,0,2018,5,23,4,2,5,3,2,0,1,0,0,0,0,0,5.16222E+20,5.44093E+21,9.22232E+15,4.9121E+16
45659,8,3,15,37,2018,5,18,2,2,0,7,0,1,0,0,0,0,0,0,4.34379E+20,5.30207E+21,8.12253E+15,4.78686E+16
45660,8,2,15,102,2018,5,12,7,3,2,6,0,0,1,0,0,0,0,0,4.56984E+20,5.4381E+21,8.41077E+15,4.90942E+16
45661,8,4,15,50,2018,5,12,3,2,0,1,0,1,0,0,0,0,0,0,5.20525E+20,5.37576E+21,9.27803E+15,4.85346E+16
45662,8,1,25,8,2018,5,12,1,2,8,1,0,1,0,0,0,0,0,0,5.23137E+20,5.43166E+21,9.31656E+15,4.90374E+16
45663,8,1,21,0,2018,5,16,7,3,2,6,0,0,1,0,0,0,0,0,5.15639E+20,5.44633E+21,9.21455E+15,4.91696E+16
45664,8,1,21,0,2018,5,7,2,3,8,7,0,0,0,0,1,0,0,0,5.16048E+20,5.44217E+21,9.21999E+15,4.91322E+16
45665,8,1,17,55,2018,5,17,1,3,0,6,0,0,1,0,1,0,0,0,5.45037E+20,5.39756E+21,9.61243E+15,4.87295E+16
45666,8,1,18,51,2018,5,14,7,3,9,7,0,0,1,0,0,0,0,0,5.09427E+20,5.41226E+21,9.12854E+15,4.88632E+16
45667,8,4,15,50,2018,5,18,4,2,5,3,0,0,1,0,1,0,0,0,5.214E+20,5.37584E+21,9.28989E+15,4.85353E+16
45668,8,2,16,28,2018,5,17,3,3,0,7,0,1,0,0,0,0,0,0,4.26874E+20,5.39751E+21,8.00565E+15,4.87264E+16
45669,8,1,15,21,2018,5,19,7,1,4,6,0,0,1,0,1,0,0,0,4.86707E+20,5.38017E+21,8.81979E+15,4.85745E+16
45670,8,1,28,64,2018,5,16,6,3,5,3,0,0,1,1,0,0,0,0,5.34944E+20,5.49965E+21,9.48406E+15,4.96484E+16
45671,8,3,35,100,2018,5,16,1,3,5,3,0,1,1,0,0,0,0,0,4.87987E+20,5.28681E+21,8.83978E+15,4.77346E+16
45672,8,2,16,63,2018,5,12,4,3,0,7,0,0,0,0,1,0,0,0,4.30064E+20,5.39931E+21,8.04872E+15,4.87429E+16
45673,8,3,37,126,2018,5,7,2,2,2,6,0,0,1,0,0,0,0,0,4.46904E+20,5.27583E+21,8.2932E+15,4.76337E+16
45674,8,1,18,80,2018,5,13,7,3,2,6,0,0,1,0,0,0,0,0,5.09171E+20,5.41166E+21,9.12503E+15,4.88578E+16
45675,8,1,25,57,2018,5,23,1,3,2,1,2,0,1,0,0,0,0,0,5.2201E+20,5.44058E+21,9.30163E+15,4.91177E+16
45676,8,1,21,0,2018,5,17,5,3,5,3,1,0,1,0,0,0,0,1,5.1462E+20,5.44442E+21,9.2005E+15,4.91525E+16
45677,8,1,16,20,2018,5,15,4,3,2,6,0,0,1,0,0,0,0,0,5.26338E+20,5.38253E+21,9.35721E+15,4.85953E+16
45678,8,2,36,62,2018,5,17,2,3,1,2,0,1,1,0,0,0,0,0,4.85422E+20,5.40834E+21,8.80137E+15,4.88278E+16
45679,8,1,11,0,2018,5,0,7,3,0,7,2,0,1,0,0,0,0,0,5.06588E+20,5.39759E+21,9.08959E+15,4.87313E+16
45680,8,3,25,57,2018,5,20,3,2,3,6,0,0,1,0,1,0,0,0,4.73483E+20,5.35566E+21,8.64207E+15,4.83536E+16
45681,8,1,35,19,2018,5,18,7,3,4,2,0,0,1,0,0,0,0,0,5.85291E+20,5.3922E+21,1.01586E+16,4.8677E+16
45682,8,1,17,26,2018,5,17,2,3,1,6,0,0,1,0,0,0,0,0,5.4898E+20,5.39345E+21,9.66556E+15,4.86922E+16
45683,8,1,17,51,2018,5,14,7,2,5,3,0,1,1,0,0,0,0,0,5.42104E+20,5.39555E+21,9.57234E+15,4.87115E+16
45684,8,3,35,75,2018,5,7,4,3,6,4,0,1,0,1,0,0,1,0,4.86988E+20,5.28972E+21,8.82637E+15,4.77607E+16
45685,8,1,36,49,2018,5,13,3,2,5,2,0,0,1,0,0,0,1,0,5.68111E+20,5.41793E+21,9.92955E+15,4.89105E+16
45686,8,2,25,116,2018,5,1,7,2,3,2,2,0,1,0,1,0,0,0,4.98379E+20,5.46973E+21,8.97767E+15,4.93802E+16
45687,8,1,18,48,2018,5,4,6,3,9,7,2,0,1,0,0,0,0,0,5.14235E+20,5.41547E+21,9.1942E+15,4.8892E+16
45688,8,3,17,126,2018,5,14,1,3,2,2,0,0,1,0,0,0,0,0,4.42086E+20,5.38167E+21,8.2147E+15,4.85854E+16
45689,8,4,16,48,2018,5,18,4,3,2,6,0,0,1,0,0,0,0,0,4.9188E+20,5.37666E+21,8.88998E+15,4.8543E+16
45690,8,1,25,57,2018,5,15,7,3,0,2,0,0,1,0,1,0,0,0,5.23731E+20,5.44308E+21,9.32537E+15,4.91401E+16
45691,8,3,16,17,2018,5,10,4,3,2,6,0,0,1,0,0,0,1,0,4.06889E+20,5.34084E+21,7.74658E+15,4.8214E+16
45692,8,2,15,17,2018,5,20,3,2,5,2,0,0,1,0,0,0,0,0,4.58457E+20,5.42044E+21,8.43276E+15,4.89355E+16
45693,8,1,25,58,2018,5,12,7,3,2,6,0,0,1,0,0,0,0,0,5.09854E+20,5.44371E+21,9.13511E+15,4.91461E+16
45694,8,1,19,44,2018,5,16,6,3,5,3,0,0,1,0,1,0,0,0,5.42936E+20,5.42511E+21,9.58676E+15,4.89774E+16
45695,8,3,17,96,2018,5,23,1,3,5,2,2,1,1,0,0,0,0,0,4.21049E+20,5.36853E+21,7.93197E+15,4.84649E+16
45696,8,2,15,17,2018,5,16,4,2,0,1,0,1,0,0,0,0,0,0,4.55175E+20,5.41878E+21,8.38813E+15,4.89203E+16
45697,8,3,27,49,2018,5,16,2,3,5,3,0,0,1,0,0,0,0,0,4.70937E+20,5.32557E+21,8.60977E+15,4.80828E+16
45698,8,1,21,0,2018,5,12,7,3,2,6,0,0,1,0,1,0,0,0,5.16416E+20,5.44617E+21,9.2252E+15,4.91681E+16
45699,8,1,28,7,2018,5,18,1,3,5,3,0,0,1,0,0,0,0,0,5.55238E+20,5.47813E+21,9.76215E+15,4.94533E+16
45700,8,1,16,77,2018,5,15,5,3,8,1,0,0,1,0,0,0,0,0,5.17031E+20,5.38882E+21,9.23125E+15,4.86522E+16
45701,8,1,15,21,2018,5,16,4,3,1,7,0,0,1,0,0,0,0,0,4.902E+20,5.38246E+21,8.86709E+15,4.85952E+16
45702,8,2,26,54,2018,5,14,2,3,5,3,0,1,1,0,0,0,0,0,4.82399E+20,5.45693E+21,8.75808E+15,4.92649E+16
45703,8,1,19,67,2018,5,19,7,3,2,6,0,0,1,0,0,0,0,0,5.40512E+20,5.40488E+21,9.55163E+15,4.87956E+16
45704,8,3,17,96,2018,5,16,3,2,5,3,0,0,1,0,0,0,0,0,4.21517E+20,5.3663E+21,7.93872E+15,4.8445E+16
45705,8,1,18,48,2018,5,23,7,3,0,7,2,0,1,0,0,0,0,0,5.1372E+20,5.41664E+21,9.18721E+15,4.89025E+16
45706,8,1,11,0,2018,5,20,2,3,5,2,0,1,1,0,0,0,0,0,5.132E+20,5.40668E+21,9.1798E+15,4.8813E+16
45707,8,1,17,18,2018,5,16,7,3,5,3,0,0,1,0,0,0,0,0,5.36786E+20,5.39316E+21,9.49985E+15,4.86904E+16
45708,8,3,26,74,2018,5,19,4,3,5,3,0,1,1,0,0,0,0,0,4.65327E+20,5.32269E+21,8.53468E+15,4.80566E+16
45709,8,1,16,58,2018,5,18,3,3,1,1,0,0,1,0,1,0,0,0,5.3358E+20,5.39515E+21,9.45645E+15,4.87084E+16
45710,8,1,18,73,2018,5,16,3,3,5,3,0,0,1,0,1,0,0,0,4.95827E+20,5.41817E+21,8.94304E+15,4.89164E+16
45711,8,1,17,31,2018,5,14,7,3,8,1,0,0,0,0,1,0,0,0,5.47863E+20,5.37667E+21,9.64845E+15,4.85413E+16
45712,8,1,15,45,2018,5,15,6,3,5,3,0,1,1,0,0,0,0,0,5.01623E+20,5.39489E+21,9.02206E+15,4.8707E+16
45713,8,3,15,94,2018,5,10,1,3,5,3,0,0,1,0,1,0,0,0,4.34692E+20,5.3136E+21,8.12497E+15,4.79724E+16
45714,8,1,35,20,2018,5,19,4,1,4,2,0,0,1,0,1,0,0,0,5.83256E+20,5.37944E+21,1.01284E+16,4.85625E+16
45715,8,3,17,34,2018,5,13,2,3,0,7,0,0,0,0,1,0,1,1,4.26024E+20,5.36309E+21,8.00022E+15,4.84166E+16
45716,8,1,16,19,2018,5,0,7,3,2,6,2,0,1,0,0,0,0,0,5.23133E+20,5.39884E+21,9.31465E+15,4.87421E+16
45717,8,4,36,3,2018,5,18,3,3,5,3,0,0,0,0,1,1,0,0,5.77906E+20,5.30385E+21,1.0042E+16,4.78833E+16
45718,8,2,15,89,2018,5,15,2,3,3,6,0,0,1,0,1,0,0,0,4.72157E+20,5.42903E+21,8.61922E+15,4.90135E+16
45719,8,1,11,0,2018,5,15,7,3,0,1,0,1,0,0,0,0,0,0,5.17969E+20,5.40416E+21,9.24465E+15,4.87902E+16
45720,8,3,26,10,2018,5,17,2,3,2,6,0,0,1,0,0,0,0,0,4.66883E+20,5.32543E+21,8.55535E+15,4.80813E+16
45721,8,4,37,31,2018,5,11,6,3,8,1,0,0,1,0,0,0,0,0,5.15849E+20,5.3461E+21,9.21358E+15,4.82679E+16
45722,8,1,25,7,2018,5,12,1,2,5,2,0,0,1,0,1,0,0,0,5.09681E+20,5.45278E+21,9.13296E+15,4.92277E+16
45723,8,4,37,88,2018,5,19,3,3,5,2,0,0,1,0,0,0,0,0,5.18226E+20,5.30844E+21,9.24399E+15,4.7929E+16
45724,8,2,15,111,2018,5,17,2,3,4,6,0,0,1,0,0,0,1,0,4.60203E+20,5.44838E+21,8.45385E+15,4.91869E+16
45725,8,4,36,10,2018,5,22,6,3,8,1,2,0,1,0,0,0,0,0,5.72031E+20,5.30716E+21,9.96402E+15,4.79138E+16
45726,8,2,26,96,2018,5,3,3,3,0,6,2,0,1,0,0,0,1,0,4.73465E+20,5.49068E+21,8.63302E+15,4.95681E+16
45727,8,4,36,6,2018,5,16,6,3,2,6,0,0,1,0,0,0,0,0,5.57704E+20,5.28297E+21,9.76908E+15,4.76975E+16
45728,8,4,36,81,2018,5,18,1,3,5,3,0,0,1,0,1,0,0,0,5.59822E+20,5.27961E+21,9.79684E+15,4.76671E+16
45729,8,1,17,12,2018,5,16,1,3,8,1,0,0,0,0,1,0,0,0,5.44981E+20,5.38641E+21,9.61047E+15,4.86292E+16
45730,8,4,35,67,2018,5,15,6,3,1,6,0,0,1,0,0,0,0,0,5.2826E+20,5.29144E+21,9.37721E+15,4.77757E+16
45731,8,3,36,50,2018,5,11,4,3,0,7,0,0,0,0,0,0,1,0,3.99284E+20,5.27488E+21,7.65966E+15,4.76195E+16
45732,8,1,11,0,2018,5,7,3,3,3,6,0,1,1,0,0,0,0,0,5.08149E+20,5.39743E+21,9.11082E+15,4.87298E+16
45733,8,1,16,77,2018,5,12,3,3,5,2,0,1,1,0,0,0,0,0,5.15651E+20,5.39078E+21,9.21257E+15,4.86699E+16
45734,8,4,35,67,2018,5,15,6,3,2,6,0,0,1,0,0,0,0,0,5.28257E+20,5.29144E+21,9.37717E+15,4.77757E+16
45735,8,1,11,0,2018,5,18,6,2,0,1,0,1,0,0,0,0,0,0,5.15382E+20,5.40589E+21,9.20949E+15,4.88058E+16
45736,8,2,37,28,2018,5,14,1,3,3,6,0,1,1,0,0,0,0,0,4.58676E+20,5.36505E+21,8.44129E+15,4.84372E+16
45737,8,4,17,31,2018,5,23,5,2,8,1,2,0,0,0,1,0,0,0,4.97017E+20,5.35519E+21,8.95973E+15,4.83499E+16
45738,8,1,21,0,2018,5,7,4,3,5,2,0,0,1,0,1,0,0,0,5.14584E+20,5.44369E+21,9.19998E+15,4.91458E+16
45739,8,3,16,42,2018,5,12,2,3,8,1,0,0,0,0,1,0,0,0,4.34017E+20,5.32182E+21,8.11466E+15,4.80463E+16
45740,8,4,35,67,2018,5,18,6,3,4,2,0,0,1,0,0,0,0,0,5.32245E+20,5.29287E+21,9.43051E+15,4.77884E+16
45741,8,4,17,44,2018,5,14,3,3,6,6,0,1,0,1,0,0,0,0,4.96555E+20,5.33688E+21,8.95364E+15,4.81852E+16
45742,8,1,18,27,2018,5,15,1,3,5,2,0,1,1,0,0,0,0,0,5.02092E+20,5.41291E+21,9.02852E+15,4.88691E+16
45743,8,4,35,57,2018,5,17,6,3,4,2,0,0,1,0,0,0,0,0,5.43723E+20,5.28191E+21,9.58265E+15,4.76891E+16
45744,8,1,26,66,2018,5,18,2,3,2,6,0,0,1,0,0,0,0,0,5.36847E+20,5.44957E+21,9.50577E+15,4.91978E+16
45745,8,1,17,51,2018,5,18,1,3,1,6,0,0,1,0,0,0,0,0,5.4303E+20,5.39499E+21,9.58488E+15,4.87065E+16
45746,8,4,35,16,2018,5,11,6,2,6,4,0,1,0,1,0,0,0,0,5.35708E+20,5.27773E+21,9.4755E+15,4.7652E+16
45747,8,4,26,21,2018,5,12,4,3,4,2,0,0,1,0,0,0,0,0,5.60165E+20,5.32533E+21,9.80778E+15,4.80784E+16
45748,8,2,26,96,2018,5,11,3,3,2,6,0,0,1,0,1,0,0,0,4.76122E+20,5.48935E+21,8.66985E+15,4.95563E+16
45749,8,4,26,1,2018,5,14,6,3,8,1,0,0,0,0,0,0,1,0,5.66709E+20,5.3449E+21,9.8987E+15,4.82538E+16
45750,8,3,36,79,2018,5,14,1,3,2,6,0,0,1,0,1,0,0,0,4.17174E+20,5.29312E+21,7.89423E+15,4.77861E+16
45751,8,2,22,0,2018,5,7,4,3,5,2,0,1,1,0,0,0,0,0,4.62932E+20,5.48291E+21,8.48808E+15,4.94977E+16
45752,8,4,15,53,2018,5,12,2,3,4,6,0,0,1,0,0,0,0,0,5.36015E+20,5.35932E+21,9.48644E+15,4.8386E+16
45753,8,1,19,37,2018,5,13,1,3,0,7,0,0,0,0,1,0,0,0,5.48813E+20,5.41866E+21,9.66629E+15,4.8919E+16
45754,8,1,11,0,2018,5,5,5,3,3,7,0,0,1,0,0,0,0,0,5.12578E+20,5.40155E+21,9.17117E+15,4.87668E+16
45755,8,2,26,98,2018,5,15,3,2,1,6,0,0,1,0,0,0,0,0,4.75983E+20,5.45955E+21,8.66973E+15,4.92882E+16
45756,8,4,25,20,2018,5,20,6,2,8,1,2,0,0,0,1,0,0,0,5.59487E+20,5.36014E+21,9.80356E+15,4.83916E+16
45757,8,1,16,79,2018,5,8,1,2,8,1,0,0,0,0,1,0,0,0,5.37847E+20,5.37538E+21,9.51264E+15,4.85304E+16
45758,8,2,12,0,2018,5,11,4,3,5,3,0,1,1,0,0,0,0,0,4.55981E+20,5.42942E+21,8.39798E+15,4.90161E+16
45759,8,4,26,70,2018,5,17,2,3,2,6,0,0,1,0,0,0,0,0,5.64614E+20,5.34205E+21,9.87004E+15,4.82284E+16
45760,8,4,16,6,2018,5,17,6,3,2,6,0,0,1,0,0,0,0,0,4.97901E+20,5.36059E+21,8.97164E+15,4.83985E+16
45761,8,4,35,66,2018,5,14,5,3,5,2,0,1,1,0,0,0,0,1,5.17376E+20,5.28519E+21,9.23169E+15,4.77199E+16
45762,8,2,26,32,2018,5,15,1,3,5,3,0,0,1,0,0,0,0,0,4.64932E+20,5.46498E+21,8.51729E+15,4.93366E+16
45763,8,2,31,0,2018,5,19,5,3,8,1,0,0,1,0,0,0,0,0,4.77589E+20,5.41587E+21,8.69424E+15,4.88953E+16
45764,8,1,19,1,2018,5,7,4,2,5,3,0,0,1,0,1,0,0,0,5.52295E+20,5.41023E+21,9.71274E+15,4.88428E+16
45765,8,3,15,98,2018,5,19,2,2,5,3,0,0,1,0,1,0,0,0,4.08303E+20,5.3131E+21,7.77157E+15,4.79646E+16
45766,8,3,27,18,2018,5,11,6,3,9,6,0,0,1,0,0,1,0,0,4.72004E+20,5.3093E+21,8.62516E+15,4.79364E+16
45767,8,3,35,79,2018,5,13,3,3,2,2,0,0,1,0,0,0,0,0,5.02485E+20,5.30216E+21,9.03323E+15,4.78727E+16
45768,8,1,18,71,2018,5,15,1,3,0,1,0,0,0,0,1,0,0,0,5.08761E+20,5.41965E+21,9.11961E+15,4.89297E+16
45769,8,4,36,81,2018,5,16,6,3,4,2,0,0,1,0,1,0,0,0,5.61922E+20,5.28136E+21,9.82506E+15,4.76827E+16
45770,8,1,19,79,2018,5,16,2,3,2,6,0,0,0,0,1,0,0,0,5.24136E+20,5.40851E+21,9.32887E+15,4.88291E+16
45771,8,4,36,11,2018,5,16,6,3,5,3,0,0,1,0,0,1,0,0,5.49061E+20,5.2979E+21,9.65558E+15,4.78326E+16
45772,8,4,15,53,2018,5,16,4,3,5,3,0,0,1,0,1,0,0,0,5.36218E+20,5.36235E+21,9.48945E+15,4.84133E+16
45773,8,2,16,43,2018,5,10,3,3,5,3,0,0,1,0,0,0,0,0,4.41586E+20,5.41129E+21,8.20373E+15,4.88518E+16
45774,8,3,27,50,2018,5,13,6,3,2,6,0,0,1,0,0,1,0,0,4.85218E+20,5.31423E+21,8.80191E+15,4.79812E+16
45775,8,1,27,100,2018,5,16,6,2,2,2,0,0,1,0,0,0,1,0,5.53056E+20,5.43516E+21,9.72636E+15,4.90671E+16
45776,8,3,26,3,2018,5,14,1,3,2,6,0,0,1,0,0,0,0,0,4.64354E+20,5.31937E+21,8.5219E+15,4.80266E+16
45777,8,2,15,47,2018,5,16,4,3,4,6,0,0,1,0,0,0,0,0,4.56484E+20,5.41181E+21,8.40674E+15,4.88577E+16
45778,8,3,35,43,2018,5,9,2,3,5,3,0,0,1,0,0,0,0,0,5.08782E+20,5.28679E+21,9.11712E+15,4.77344E+16
45779,8,3,26,12,2018,5,7,6,3,8,1,0,0,1,0,0,0,0,0,4.66147E+20,5.30809E+21,8.54683E+15,4.79252E+16
45780,8,1,36,88,2018,5,17,1,3,1,6,0,0,1,0,0,0,0,0,5.80471E+20,5.40923E+21,1.00965E+16,4.88309E+16
45781,8,1,17,10,2018,5,23,5,3,8,1,2,0,1,0,0,0,0,1,5.67165E+20,5.39438E+21,9.91279E+15,4.86988E+16
45782,8,1,16,19,2018,5,6,4,3,2,1,0,0,1,0,0,0,0,0,5.24964E+20,5.39651E+21,9.33942E+15,4.87211E+16
45783,8,2,31,0,2018,5,15,2,3,1,6,0,0,1,0,1,0,0,0,4.80587E+20,5.41208E+21,8.73532E+15,4.88614E+16
45784,8,3,25,61,2018,5,14,6,3,2,6,0,0,1,0,0,0,1,0,4.74387E+20,5.35448E+21,8.65435E+15,4.8343E+16
45785,8,3,17,57,2018,5,19,6,3,8,1,0,0,0,0,1,0,0,0,4.17122E+20,5.38094E+21,7.87639E+15,4.85761E+16
45786,8,3,25,61,2018,5,9,5,3,3,1,0,0,1,0,1,0,0,1,4.73876E+20,5.35211E+21,8.64759E+15,4.83216E+16
45787,8,2,15,47,2018,5,15,1,2,8,1,0,0,0,0,1,0,0,0,4.59195E+20,5.41202E+21,8.44367E+15,4.88598E+16
45788,8,1,27,71,2018,5,15,5,3,8,1,0,0,1,0,0,0,0,0,5.73306E+20,5.45687E+21,1.00075E+16,4.92602E+16
45789,8,1,15,24,2018,5,15,4,2,5,3,0,0,1,0,0,0,1,0,5.01432E+20,5.38605E+21,9.01944E+15,4.86275E+16
45790,8,2,16,7,2018,5,5,2,3,8,7,1,0,1,0,0,1,0,0,4.32338E+20,5.39543E+21,8.08029E+15,4.87083E+16
45791,8,3,16,9,2018,5,20,6,3,3,6,0,1,1,0,0,0,0,0,4.17019E+20,5.32427E+21,7.88616E+15,4.80663E+16
45792,8,3,26,74,2018,5,15,3,3,5,3,0,1,1,0,0,0,0,0,4.65624E+20,5.32323E+21,8.53862E+15,4.80614E+16
45793,8,3,11,0,2018,5,14,6,3,3,6,0,0,1,0,0,1,0,0,4.13367E+20,5.31601E+21,7.83881E+15,4.79915E+16
45794,8,1,18,11,2018,5,13,2,3,2,6,0,0,1,0,0,0,0,0,5.05598E+20,5.40779E+21,9.07627E+15,4.88231E+16
45795,8,3,11,0,2018,5,20,6,3,2,6,0,0,1,0,0,0,0,0,4.13148E+20,5.31543E+21,7.83599E+15,4.79862E+16
45796,8,3,37,76,2018,5,17,4,3,2,6,0,0,1,0,0,0,0,0,4.27633E+20,5.2713E+21,8.03745E+15,4.75911E+16
45797,8,1,18,81,2018,5,6,3,2,8,7,0,0,0,0,1,0,0,0,5.23215E+20,5.41825E+21,9.31687E+15,4.89168E+16
45798,8,2,15,9,2018,5,22,6,3,2,6,2,0,0,0,0,1,1,0,4.67214E+20,5.44045E+21,8.5507E+15,4.91161E+16
45799,8,1,19,75,2018,5,20,6,1,9,1,0,0,0,0,1,0,0,0,5.37925E+20,5.42767E+21,9.51852E+15,4.90008E+16
45800,8,3,17,153,2018,5,14,1,2,8,1,0,0,0,0,1,0,0,0,4.22743E+20,5.38703E+21,7.95145E+15,4.86316E+16
45801,8,2,12,0,2018,5,17,4,3,6,6,0,1,0,1,0,0,0,0,4.53031E+20,5.4273E+21,8.35788E+15,4.89969E+16
45802,8,3,27,57,2018,5,15,2,3,0,1,0,0,0,0,1,0,1,1,4.92057E+20,5.31073E+21,8.89363E+15,4.79498E+16
45803,8,2,12,0,2018,5,17,6,2,6,2,0,0,0,1,0,1,0,0,4.5403E+20,5.42664E+21,8.37161E+15,4.89909E+16
45804,8,1,27,76,2018,5,18,1,3,5,2,0,0,1,0,0,0,0,0,5.51773E+20,5.4396E+21,9.70936E+15,4.9107E+16
45805,8,1,11,0,2018,5,7,4,3,3,6,0,0,1,0,1,0,0,0,5.06534E+20,5.39772E+21,9.08886E+15,4.87324E+16
45806,8,2,26,6,2018,5,8,2,3,5,3,0,1,1,0,0,0,0,0,4.83887E+20,5.46721E+21,8.77812E+15,4.93574E+16
45807,8,4,36,64,2018,5,11,7,3,4,2,0,0,1,0,0,0,0,0,5.45829E+20,5.2926E+21,9.61184E+15,4.77852E+16
45808,8,2,36,73,2018,5,13,6,3,2,6,0,0,1,0,0,0,1,0,4.80184E+20,5.4236E+21,8.72926E+15,4.8965E+16
45809,8,1,25,8,2018,5,12,1,3,8,1,0,0,0,0,1,0,0,0,5.28283E+20,5.43252E+21,9.38703E+15,4.90449E+16
45810,8,3,16,51,2018,5,16,3,3,1,6,0,0,1,0,1,0,0,0,3.98544E+20,5.33438E+21,7.63582E+15,4.81546E+16
45811,8,2,36,38,2018,5,21,6,3,3,7,2,0,1,0,1,0,0,0,4.8604E+20,5.4274E+21,8.80914E+15,4.89994E+16
45812,8,1,11,0,2018,5,12,2,2,8,1,0,1,0,0,0,0,0,0,5.06644E+20,5.40315E+21,9.09044E+15,4.87813E+16
45813,8,2,36,40,2018,5,14,6,3,2,6,0,0,1,0,0,0,0,0,4.87896E+20,5.42172E+21,8.83468E+15,4.89483E+16
45814,8,3,27,57,2018,5,19,4,2,4,6,0,0,1,0,0,0,1,0,4.93378E+20,5.31132E+21,8.9113E+15,4.79552E+16
45815,8,1,11,0,2018,5,17,3,3,5,3,0,0,1,0,0,0,0,0,5.07162E+20,5.4073E+21,9.09757E+15,4.88186E+16
45816,8,1,18,80,2018,5,16,3,2,3,6,0,1,0,0,0,1,0,0,5.06111E+20,5.41154E+21,9.08331E+15,4.88568E+16
45817,8,2,36,33,2018,5,11,6,3,5,3,0,0,1,0,0,0,1,0,4.81331E+20,5.43031E+21,8.74463E+15,4.90254E+16
45818,8,3,17,65,2018,5,19,3,3,2,2,0,0,0,0,1,0,1,0,4.15525E+20,5.35431E+21,7.86013E+15,4.83363E+16
45819,8,2,26,65,2018,5,11,6,3,2,2,0,0,1,0,0,0,0,0,4.77782E+20,5.45789E+21,8.69456E+15,4.92734E+16
45820,8,1,11,0,2018,5,7,2,3,3,6,0,0,1,0,0,1,0,0,5.13851E+20,5.40344E+21,9.18856E+15,4.87838E+16
45821,8,2,26,18,2018,5,8,6,3,4,2,0,1,1,0,0,0,0,0,4.73236E+20,5.47213E+21,8.63111E+15,4.94013E+16
45822,8,3,35,75,2018,5,11,4,3,0,1,0,1,0,0,0,0,0,0,4.92398E+20,5.28963E+21,8.89856E+15,4.776E+16
45823,8,1,27,104,2018,5,18,3,2,5,3,0,0,1,0,0,0,0,0,5.78519E+20,5.43586E+21,1.0075E+16,4.90706E+16
45824,8,2,26,80,2018,5,15,6,2,5,2,0,0,1,0,0,0,0,0,4.86081E+20,5.47416E+21,8.80808E+15,4.942E+16
45825,8,1,16,49,2018,5,10,6,3,3,2,0,1,1,0,0,0,0,0,5.24796E+20,5.38585E+21,9.33649E+15,4.86252E+16
45826,8,3,16,56,2018,5,11,1,3,2,6,0,0,1,0,1,0,0,0,4.24686E+20,5.32618E+21,7.98871E+15,4.80845E+16
45827,8,1,18,67,2018,5,18,4,2,2,6,0,0,1,0,0,0,1,0,5.06426E+20,5.41321E+21,9.08762E+15,4.88718E+16
45828,8,3,25,70,2018,5,6,2,3,6,1,0,0,1,1,0,0,0,0,4.61965E+20,5.3498E+21,8.48713E+15,4.83003E+16
45829,8,2,16,41,2018,5,13,6,3,5,3,0,0,1,0,0,0,0,0,4.35637E+20,5.39233E+21,8.12561E+15,4.86807E+16
45830,8,4,36,83,2018,5,12,3,3,2,6,0,0,1,0,0,1,0,0,5.31713E+20,5.30132E+21,9.42403E+15,4.78645E+16