OBJECTID_1,ULAND,UREGBEZ,UKREIS,UGEMEINDE,UJAHR,UMONAT,USTUNDE,UWOCHENTAG,UKATEGORIE,UART,UTYP1,ULICHTVERH,IstRad,IstPKW,IstFuss,IstKrad,IstGkfz,IstSonstig,STRZUSTAND,LINREFX,LINREFY,XGCSWGS84,YGCSWGS84
46208,8,1,28,115,2018,5,15,1,3,8,1,0,0,1,0,0,0,0,1,5.47025E+20,5.49229E+21,9.65053E+15,4.95813E+16
46209,8,4,16,50,2018,5,13,3,3,8,1,0,0,0,0,1,0,0,0,4.83077E+20,5.36461E+21,8.77121E+15,4.84344E+16
46210,8,3,35,43,2018,5,9,7,3,2,2,0,0,1,0,0,0,0,1,5.09768E+20,5.28173E+21,9.13016E+15,4.76889E+16
46211,8,1,36,24,2018,5,19,1,2,9,1,1,0,1,0,0,0,0,1,5.66922E+20,5.41096E+21,9.91219E+15,4.8848E+16
46212,8,4,36,9,2018,5,16,3,3,2,6,0,0,1,0,1,0,0,0,5.56901E+20,5.30771E+21,9.76162E+15,4.79202E+16
46213,8,3,37,22,2018,5,11,7,2,0,1,0,0,0,0,1,0,0,0,4.49863E+20,5.29164E+21,8.33077E+15,4.77762E+16
46214,8,1,16,78,2018,5,8,3,3,1,6,0,0,1,0,0,0,0,0,5.13164E+20,5.39266E+21,9.17886E+15,4.86868E+16
46215,8,1,25,110,2018,5,19,7,3,5,2,0,0,1,0,0,0,0,0,5.2683E+20,5.44094E+21,9.3677E+15,4.91207E+16
46216,8,2,25,114,2018,5,16,2,2,3,1,0,0,1,0,0,0,0,1,5.35838E+20,5.47513E+21,9.49422E+15,4.94278E+16
46217,8,2,26,65,2018,5,8,2,3,5,3,0,0,1,0,0,0,0,1,4.76152E+20,5.45627E+21,8.67225E+15,4.92587E+16
46218,8,4,26,45,2018,5,9,6,3,9,1,0,0,1,0,0,0,0,0,5.31385E+20,5.32836E+21,9.42161E+15,4.81078E+16
46219,8,4,26,100,2018,5,14,6,2,5,3,0,0,1,0,0,0,0,0,5.70075E+20,5.31351E+21,9.93888E+15,4.79711E+16
46220,8,1,19,67,2018,5,15,1,3,2,6,0,0,1,0,0,0,0,0,5.40794E+20,5.40345E+21,9.55533E+15,4.87827E+16
46221,8,2,26,6,2018,5,17,3,2,4,2,0,0,1,0,1,0,0,0,4.82918E+20,5.46563E+21,8.76483E+15,4.93431E+16
46222,8,1,36,21,2018,5,16,2,3,5,3,0,0,1,0,0,0,0,1,5.75061E+20,5.40791E+21,1.00225E+16,4.88196E+16
46223,8,3,16,43,2018,5,4,7,1,8,1,2,0,1,0,0,0,0,0,4.10511E+20,5.33142E+21,7.79731E+15,4.81297E+16
46224,8,1,28,14,2018,5,8,2,3,2,1,0,0,1,0,0,1,0,1,5.40739E+20,5.48337E+21,9.56266E+15,4.95016E+16
46225,8,4,17,75,2018,5,18,2,3,0,1,0,0,0,0,1,0,0,0,5.11948E+20,5.33531E+21,9.1607E+15,4.81709E+16
46226,8,1,16,11,2018,5,11,7,3,8,1,0,0,0,0,1,0,0,0,5.31317E+20,5.37938E+21,9.42449E+15,4.85667E+16
46227,8,4,16,36,2018,5,10,1,2,2,6,0,0,1,0,0,0,0,0,4.85646E+20,5.36994E+21,8.80576E+15,4.84824E+16
46228,8,1,18,48,2018,5,21,2,3,9,1,2,0,1,0,0,0,0,1,5.11605E+20,5.41842E+21,9.1584E+15,4.89186E+16
46229,8,1,11,0,2018,5,7,3,3,2,6,0,0,1,0,0,0,0,0,5.14314E+20,5.406E+21,9.19495E+15,4.88068E+16
46230,8,1,18,48,2018,5,11,7,3,2,6,0,0,1,0,0,0,0,0,5.14601E+20,5.41496E+21,9.19918E+15,4.88874E+16
46231,8,2,21,0,2018,5,9,2,3,5,2,0,0,1,0,0,0,0,0,4.77176E+20,5.47167E+21,8.68545E+15,4.93973E+16
46232,8,3,35,26,2018,5,10,1,3,0,7,0,1,0,0,0,0,0,0,4.80198E+20,5.28274E+21,8.73608E+15,4.76977E+16
46233,8,4,16,48,2018,5,10,6,3,2,6,0,0,1,0,0,0,0,0,4.9745E+20,5.37795E+21,8.96545E+15,4.85546E+16
46234,8,3,15,76,2018,5,11,6,3,2,6,0,0,1,0,0,0,0,0,3.90917E+20,5.29505E+21,7.54329E+15,4.77995E+16
46235,8,4,36,64,2018,5,0,7,3,3,1,2,0,1,0,0,0,0,0,5.45049E+20,5.29292E+21,9.60145E+15,4.7788E+16
46236,8,2,16,43,2018,5,17,3,3,8,7,0,0,1,0,0,0,0,0,4.41563E+20,5.41043E+21,8.20354E+15,4.88441E+16
46237,8,1,28,139,2018,5,17,2,3,2,6,0,0,0,0,0,1,1,1,5.51039E+20,5.49301E+21,9.70615E+15,4.95875E+16
46238,8,3,17,1,2018,5,23,7,3,9,6,2,0,1,0,0,0,0,1,4.28286E+20,5.38773E+21,8.02655E+15,4.86385E+16
46239,8,3,25,53,2018,5,9,2,3,9,7,0,0,1,0,0,0,0,0,4.51952E+20,5.33773E+21,8.35349E+15,4.8191E+16
46240,8,3,15,76,2018,5,8,6,3,2,6,0,0,1,0,0,0,0,0,3.93005E+20,5.30313E+21,7.56916E+15,4.78726E+16
46241,8,2,35,80,2018,5,4,1,3,9,1,2,0,1,0,0,0,0,0,4.83205E+20,5.38901E+21,8.77196E+15,4.86539E+16
46242,8,3,35,79,2018,5,13,6,3,2,6,0,0,1,0,0,0,0,0,5.00423E+20,5.30014E+21,9.00566E+15,4.78546E+16
46243,8,4,26,21,2018,5,13,7,2,5,7,0,1,0,0,0,0,1,0,5.60745E+20,5.32839E+21,9.816E+15,4.81058E+16
46244,8,3,35,98,2018,5,18,6,3,2,6,0,0,1,0,0,0,0,0,4.99429E+20,5.2944E+21,8.99238E+15,4.7803E+16
46245,8,3,35,63,2018,5,20,6,3,5,3,0,0,1,0,1,0,0,0,5.00596E+20,5.28785E+21,9.00796E+15,4.7744E+16
46246,8,4,35,16,2018,5,10,7,3,2,6,0,0,1,0,0,0,0,0,5.37358E+20,5.27996E+21,9.49766E+15,4.76719E+16
46247,8,1,36,88,2018,5,7,3,3,5,3,0,0,1,0,0,0,0,1,5.7881E+20,5.41265E+21,1.00745E+16,4.88618E+16
46248,8,2,35,32,2018,5,18,7,3,8,1,0,0,0,0,1,0,0,0,4.74951E+20,5.37509E+21,8.66073E+15,4.85284E+16
46249,8,3,16,2,2018,5,6,2,3,2,6,0,0,1,0,0,0,0,0,4.0628E+20,5.33253E+21,7.74022E+15,4.81391E+16
46250,8,3,35,43,2018,5,12,6,3,8,7,0,0,1,0,0,0,0,0,5.10238E+20,5.28089E+21,9.13641E+15,4.76813E+16
46251,8,2,15,101,2018,5,2,1,3,8,1,2,0,1,0,0,0,0,1,4.66462E+20,5.42961E+21,8.5413E+15,4.90185E+16
46252,8,3,37,126,2018,5,20,3,3,2,1,0,0,1,0,0,0,0,0,4.44138E+20,5.27446E+21,8.25656E+15,4.76211E+16
46253,8,4,15,85,2018,5,16,7,3,8,1,0,0,0,0,1,0,0,0,5.32761E+20,5.34182E+21,9.44114E+15,4.82287E+16
46254,8,1,18,21,2018,5,7,2,2,6,4,0,0,1,1,0,0,0,0,5.21126E+20,5.42706E+21,9.28882E+15,4.89961E+16
46255,8,2,11,0,2018,5,7,2,3,2,6,0,0,1,0,0,1,1,0,4.40555E+20,5.40709E+21,8.19029E+15,4.8814E+16
46256,8,1,18,48,2018,5,7,3,3,2,6,0,0,1,0,0,0,0,0,5.14607E+20,5.41695E+21,9.19933E+15,4.89053E+16
46257,8,1,27,8,2018,5,0,7,3,8,1,2,0,1,0,0,0,0,0,5.64527E+20,5.46081E+21,9.88749E+15,4.92966E+16
46258,8,2,31,0,2018,5,22,2,3,5,1,2,0,1,0,0,0,0,1,4.79307E+20,5.41748E+21,8.71759E+15,4.89099E+16
46259,8,1,18,50,2018,5,7,3,3,5,3,0,0,1,0,1,0,0,0,5.05804E+20,5.41664E+21,9.0792E+15,4.89027E+16
46260,8,2,21,0,2018,5,20,7,3,5,3,1,0,1,0,0,0,0,0,4.76556E+20,5.47287E+21,8.67682E+15,4.9408E+16
46261,8,2,12,0,2018,5,8,2,3,5,2,0,0,1,0,0,0,0,0,4.59533E+20,5.43246E+21,8.44625E+15,4.90437E+16
46262,8,3,35,99,2018,5,19,6,2,8,1,0,0,0,0,1,0,0,0,4.93943E+20,5.29676E+21,8.91908E+15,4.78242E+16
46263,8,1,35,26,2018,5,19,1,2,8,1,0,0,1,0,0,0,0,1,5.89417E+20,5.39445E+21,1.02152E+16,4.86967E+16
46264,8,2,26,103,2018,5,5,3,3,2,6,2,0,1,0,0,1,0,0,4.70901E+20,5.45531E+21,8.60015E+15,4.92499E+16
46265,8,3,35,77,2018,5,14,7,3,5,7,0,0,1,0,0,0,0,0,4.94369E+20,5.29373E+21,8.9248E+15,4.77969E+16
46266,8,1,15,51,2018,5,19,2,2,8,1,0,0,1,0,0,0,0,1,5.04772E+20,5.38255E+21,9.06472E+15,4.8596E+16
46267,8,1,15,45,2018,5,19,3,3,2,6,0,0,1,0,0,0,0,0,4.99467E+20,5.3948E+21,8.99276E+15,4.87063E+16
46268,8,1,19,44,2018,5,20,7,3,5,3,0,1,1,0,0,0,0,0,5.47172E+20,5.42488E+21,9.64461E+15,4.89751E+16
46269,8,1,26,28,2018,5,13,2,3,2,6,0,0,1,0,0,0,0,0,5.38194E+20,5.45608E+21,9.52488E+15,4.92563E+16
46270,8,2,21,0,2018,5,16,2,3,5,3,0,0,1,0,0,1,0,0,4.74632E+20,5.46999E+21,8.65049E+15,4.93821E+16
46271,8,3,35,66,2018,5,12,6,3,2,6,0,0,1,0,0,0,0,0,5.0827E+20,5.28324E+21,9.11024E+15,4.77025E+16
46272,8,3,35,26,2018,5,12,6,2,5,3,0,1,1,0,0,0,0,0,4.81762E+20,5.28259E+21,8.75694E+15,4.76964E+16
46273,8,4,37,100,2018,5,8,7,3,0,1,0,1,0,1,0,0,0,0,5.37253E+20,5.31799E+21,9.49954E+15,4.80141E+16
46274,8,1,17,23,2018,5,13,2,3,4,6,0,0,1,0,0,0,0,0,5.48423E+20,5.38689E+21,9.65723E+15,4.86332E+16
46275,8,2,22,0,2018,5,19,3,3,3,1,0,0,1,0,0,0,0,1,4.66403E+20,5.47555E+21,8.53665E+15,4.94317E+16
46276,8,3,27,38,2018,5,12,6,3,8,3,0,0,0,0,1,1,0,0,4.94769E+20,5.31228E+21,8.92992E+15,4.79639E+16
46277,8,1,26,46,2018,5,19,1,3,0,7,0,1,0,0,0,0,0,0,5.4972E+20,5.45855E+21,9.68358E+15,4.92777E+16
46278,8,2,35,79,2018,5,5,3,2,5,3,2,0,1,0,0,0,0,0,4.6519E+20,5.3911E+21,8.52717E+15,4.86719E+16
46279,8,3,27,16,2018,5,16,7,3,9,6,0,0,0,0,1,0,0,0,4.95608E+20,5.31922E+21,8.94109E+15,4.80262E+16
46280,8,1,16,77,2018,5,7,2,3,5,3,0,1,1,0,0,0,0,1,5.14181E+20,5.3917E+21,9.19264E+15,4.86782E+16
46281,8,1,11,0,2018,5,5,3,3,3,6,1,0,1,0,0,1,0,0,5.12873E+20,5.40739E+21,9.17536E+15,4.88194E+16
46282,8,1,35,16,2018,5,12,7,2,5,3,0,0,1,0,0,0,0,0,5.88196E+20,5.38443E+21,1.01964E+16,4.86067E+16
46283,8,2,16,43,2018,5,15,2,3,2,6,0,0,1,0,0,0,0,0,4.44808E+20,5.41238E+21,8.24749E+15,4.88619E+16
46284,8,3,27,2,2018,5,12,1,3,0,1,0,0,0,0,1,0,0,0,4.78731E+20,5.32712E+21,8.71433E+15,4.8097E+16
46285,8,3,25,12,2018,5,17,6,3,8,6,0,0,0,0,1,1,0,0,4.627E+20,5.35576E+21,8.49651E+15,4.83539E+16
46286,8,3,27,18,2018,5,0,6,1,6,4,2,0,0,1,0,1,0,0,4.75017E+20,5.30446E+21,8.66578E+15,4.7893E+16
46287,8,4,35,59,2018,5,17,7,3,2,6,0,0,1,0,0,0,0,0,5.16241E+20,5.2885E+21,9.21668E+15,4.77496E+16
46288,8,1,16,15,2018,5,7,2,3,2,6,0,0,1,0,0,1,0,1,5.26509E+20,5.39562E+21,9.36037E+15,4.8713E+16
46289,8,2,16,7,2018,5,14,3,2,2,6,0,0,0,0,0,1,1,0,4.34207E+20,5.39764E+21,8.10534E+15,4.87283E+16
46290,8,3,25,12,2018,5,16,7,3,2,6,0,0,0,0,1,0,0,0,4.62535E+20,5.35611E+21,8.49426E+15,4.83571E+16
46291,8,1,16,19,2018,5,9,2,3,1,5,0,0,1,0,0,0,0,1,5.23506E+20,5.39815E+21,9.31968E+15,4.8736E+16
46292,8,3,25,12,2018,5,16,2,3,4,7,0,0,1,0,0,0,0,0,4.63669E+20,5.35538E+21,8.50962E+15,4.83505E+16
46293,8,3,17,39,2018,5,14,6,2,0,7,0,0,0,0,1,0,0,0,4.39594E+20,5.34281E+21,8.18651E+15,4.82356E+16
46294,8,3,15,84,2018,5,10,7,2,0,1,0,0,0,0,1,0,0,0,4.20519E+20,5.30778E+21,7.93617E+15,4.79184E+16
46295,8,4,16,18,2018,5,16,2,3,4,7,0,0,1,0,0,0,1,0,4.90565E+20,5.36202E+21,8.87251E+15,4.84112E+16
46296,8,3,17,34,2018,5,18,6,3,5,3,0,0,1,0,0,0,0,0,4.27529E+20,5.36008E+21,8.02108E+15,4.83897E+16
46297,8,2,36,71,2018,5,0,1,3,3,6,2,0,1,0,0,0,0,1,4.69622E+20,5.41958E+21,8.58526E+15,4.89284E+16
46298,8,3,17,1,2018,5,15,6,3,5,2,0,1,1,0,0,0,0,0,4.28689E+20,5.38405E+21,8.03265E+15,4.86055E+16
46299,8,3,17,110,2018,5,23,6,3,5,3,2,0,1,0,0,0,0,0,4.27263E+20,5.38213E+21,8.01365E+15,4.8588E+16
46300,8,4,35,52,2018,5,16,7,2,4,6,0,0,1,0,1,0,0,0,5.20421E+20,5.29214E+21,9.27261E+15,4.77823E+16
46301,8,1,11,0,2018,5,17,2,3,5,2,0,1,1,0,0,0,0,0,5.16841E+20,5.40665E+21,9.22939E+15,4.88126E+16
46302,8,1,28,7,2018,5,4,3,3,0,6,2,0,1,0,0,0,0,0,5.60455E+20,5.47149E+21,9.83311E+15,4.93931E+16
46303,8,2,36,44,2018,5,16,7,2,8,1,0,0,0,0,1,0,0,0,4.79053E+20,5.40795E+21,8.71462E+15,4.88242E+16
46304,8,2,26,10,2018,5,21,2,3,2,6,2,0,1,0,0,1,0,1,4.81895E+20,5.45814E+21,8.7511E+15,4.92757E+16
46305,8,3,17,40,2018,5,19,6,2,4,7,0,0,1,0,0,0,0,0,4.34304E+20,5.34783E+21,8.1145E+15,4.82802E+16
46306,8,1,15,28,2018,5,22,1,2,3,6,2,0,1,0,0,1,0,1,5.02269E+20,5.40151E+21,9.03088E+15,4.87666E+16
46307,8,4,35,16,2018,5,16,3,2,4,6,0,1,0,0,0,0,0,1,5.34592E+20,5.27944E+21,9.46078E+15,4.76674E+16
46308,8,2,36,40,2018,5,15,1,2,8,1,0,0,1,0,0,0,0,0,4.88179E+20,5.42575E+21,8.83843E+15,4.89846E+16
46309,8,3,15,113,2018,5,13,6,3,4,2,0,0,1,0,0,0,0,0,4.43079E+20,5.30579E+21,8.23836E+15,4.79029E+16
46310,8,4,17,8,2018,5,16,7,3,5,3,0,1,1,0,0,0,0,0,4.95083E+20,5.35016E+21,8.93369E+15,4.83046E+16
46311,8,1,11,0,2018,5,17,2,3,3,6,0,0,0,0,1,0,0,1,5.12378E+20,5.40228E+21,9.16846E+15,4.87734E+16
46312,8,1,18,54,2018,5,6,3,3,5,2,0,0,1,0,0,1,0,0,5.15709E+20,5.42296E+21,9.21459E+15,4.89594E+16
46313,8,2,15,9,2018,5,18,7,3,5,3,0,0,1,0,0,0,0,0,4.65516E+20,5.43826E+21,8.52762E+15,4.90962E+16
46314,8,2,16,7,2018,5,22,2,3,2,6,2,0,1,0,0,1,0,1,4.34066E+20,5.39748E+21,8.10345E+15,4.87269E+16
46315,8,3,36,69,2018,5,18,6,3,8,1,0,0,1,0,0,0,0,0,4.06587E+20,5.26748E+21,7.7584E+15,4.7554E+16
46316,8,1,28,45,2018,5,23,1,3,3,1,2,0,1,0,0,0,0,1,5.52864E+20,5.49894E+21,9.73219E+15,4.96407E+16
46317,8,2,12,0,2018,5,14,3,2,9,7,0,0,1,0,0,0,0,0,4.58855E+20,5.42561E+21,8.43767E+15,4.89821E+16
46318,8,3,35,43,2018,5,13,7,3,0,1,0,0,0,0,1,0,0,0,5.12678E+20,5.28068E+21,9.16891E+15,4.76794E+16
46319,8,1,11,0,2018,5,6,2,3,2,6,0,0,1,0,0,0,0,0,5.14717E+20,5.40606E+21,9.20044E+15,4.88073E+16
46320,8,1,11,0,2018,5,23,3,2,0,3,2,0,1,0,1,0,0,0,5.15468E+20,5.40332E+21,9.21056E+15,4.87827E+16
46321,8,1,19,84,2018,5,18,7,2,4,6,0,0,1,0,1,0,0,0,5.47515E+20,5.41583E+21,9.64825E+15,4.88936E+16
46322,8,3,16,17,2018,5,9,7,2,2,6,0,0,1,0,0,0,0,0,4.07346E+20,5.33548E+21,7.7539E+15,4.81658E+16
46323,8,1,11,0,2018,5,7,2,3,2,6,0,0,1,0,0,0,0,0,5.13379E+20,5.40457E+21,9.18217E+15,4.87939E+16
46324,8,1,15,28,2018,5,12,3,3,2,6,0,0,0,0,0,0,1,0,4.98735E+20,5.40389E+21,8.98278E+15,4.8788E+16
46325,8,1,26,56,2018,5,11,7,3,4,6,0,0,1,0,0,0,0,0,5.57854E+20,5.46484E+21,9.79631E+15,4.93335E+16
46326,8,2,36,46,2018,5,9,2,3,4,6,0,0,1,0,0,0,0,0,4.84288E+20,5.41811E+21,8.78555E+15,4.89157E+16
46327,8,3,36,8,2018,5,17,6,2,6,4,0,0,1,1,0,0,0,0,3.96406E+20,5.27617E+21,7.62106E+15,4.76306E+16
46328,8,1,17,51,2018,5,20,1,3,8,1,0,0,1,0,0,0,0,1,5.42587E+20,5.39968E+21,9.57933E+15,4.87487E+16
46329,8,4,36,69,2018,5,11,1,2,0,3,0,1,1,0,0,0,0,0,5.52682E+20,5.29388E+21,9.70347E+15,4.77961E+16
46330,8,2,26,85,2018,5,11,3,3,5,2,0,1,1,0,0,0,0,0,4.92493E+20,5.45541E+21,8.89684E+15,4.92515E+16
46331,8,3,17,1,2018,5,9,7,3,0,1,0,1,0,0,0,0,0,0,4.3219E+20,5.38665E+21,8.07971E+15,4.86292E+16
46332,8,4,36,96,2018,5,19,1,3,8,7,0,0,1,0,0,0,0,1,5.44086E+20,5.30011E+21,9.58932E+15,4.78528E+16
46333,8,1,18,54,2018,5,10,2,3,4,6,0,0,0,0,0,1,1,0,5.1954E+20,5.42363E+21,9.26697E+15,4.89652E+16
46334,8,4,36,69,2018,5,15,2,3,5,3,0,0,1,0,0,0,0,0,5.53263E+20,5.29167E+21,9.71095E+15,4.77762E+16
46335,8,4,25,79,2018,5,19,7,3,2,6,0,0,1,0,0,0,0,0,5.56045E+20,5.3742E+21,9.75896E+15,4.85184E+16
46336,8,3,25,72,2018,5,14,1,3,5,3,0,0,1,0,0,0,0,0,4.69272E+20,5.32548E+21,8.58742E+15,4.80819E+16
46337,8,3,15,70,2018,5,17,6,1,5,3,0,0,1,0,1,0,0,0,4.5512E+20,5.30321E+21,8.39974E+15,4.78806E+16
46338,8,2,15,84,2018,5,17,6,2,4,2,0,0,1,0,0,0,0,0,4.7418E+20,5.44403E+21,8.64593E+15,4.91485E+16
46339,8,4,35,35,2018,5,18,7,3,2,6,0,0,1,0,0,0,0,0,5.39911E+20,5.28006E+21,9.53168E+15,4.76727E+16
46340,8,4,36,82,2018,5,18,1,3,4,2,1,0,1,0,0,0,0,1,5.50069E+20,5.2952E+21,9.66874E+15,4.78082E+16
46341,8,2,21,0,2018,5,19,2,3,1,6,0,1,0,0,0,0,0,1,4.77506E+20,5.47135E+21,8.69E+15,4.93944E+16
46342,8,3,35,79,2018,5,17,1,3,5,3,0,1,1,0,0,0,0,1,5.01148E+20,5.2992E+21,9.01534E+15,4.78461E+16
46343,8,2,37,32,2018,5,17,6,2,8,1,0,0,0,0,1,0,0,0,4.6383E+20,5.37965E+21,8.50971E+15,4.85689E+16
46344,8,2,35,46,2018,5,12,6,3,0,7,0,1,0,0,0,0,0,0,4.79497E+20,5.37534E+21,8.72229E+15,4.85308E+16
46345,8,4,36,83,2018,5,14,7,3,8,1,0,0,0,0,1,0,0,0,5.32623E+20,5.30129E+21,9.43618E+15,4.78642E+16
46346,8,4,35,34,2018,5,17,1,3,2,2,0,0,1,0,0,0,0,0,5.28742E+20,5.28549E+21,9.38325E+15,4.77222E+16
46347,8,2,16,28,2018,5,4,3,3,8,7,2,0,1,0,0,0,0,1,4.27436E+20,5.39914E+21,8.01301E+15,4.87411E+16
46348,8,2,15,96,2018,5,21,7,2,5,3,2,0,0,0,1,0,1,0,4.63775E+20,5.41837E+21,8.50556E+15,4.89172E+16
46349,8,4,26,14,2018,5,5,1,2,8,1,2,0,0,0,1,0,0,0,5.47598E+20,5.32014E+21,9.63848E+15,4.80327E+16
46350,8,3,26,74,2018,5,11,2,3,3,2,0,0,1,0,1,0,0,0,4.65273E+20,5.32382E+21,8.53387E+15,4.80667E+16
46351,8,2,35,80,2018,5,19,6,2,2,6,0,0,1,0,0,0,0,0,4.80605E+20,5.38339E+21,8.73692E+15,4.86032E+16
46352,8,2,16,17,2018,5,5,2,2,0,1,2,1,0,0,0,0,0,1,4.50828E+20,5.40163E+21,8.33085E+15,4.87658E+16
46353,8,2,15,101,2018,5,10,1,2,5,3,0,0,1,0,1,0,0,1,4.65493E+20,5.42789E+21,8.5282E+15,4.9003E+16
46354,8,2,35,6,2018,5,11,6,3,2,6,0,0,0,0,1,0,0,0,4.6996E+20,5.38294E+21,8.59255E+15,4.85989E+16
46355,8,4,26,65,2018,5,15,7,1,5,3,0,1,0,0,1,0,0,0,5.81412E+20,5.3342E+21,1.00947E+16,4.81558E+16
46356,8,4,26,100,2018,5,11,1,1,8,1,0,0,1,0,0,0,0,0,5.68162E+20,5.31761E+21,9.9139E+15,4.80081E+16
46357,8,1,25,86,2018,5,14,3,3,2,6,0,0,1,0,0,0,0,0,4.99699E+20,5.4441E+21,8.99587E+15,4.91498E+16
46358,8,2,22,0,2018,5,16,7,2,5,2,0,0,1,0,1,0,0,0,4.59902E+20,5.48962E+21,8.44557E+15,4.95578E+16
46359,8,4,16,6,2018,5,15,1,3,1,6,0,0,1,0,0,0,0,0,4.98309E+20,5.35957E+21,8.97716E+15,4.83893E+16
46360,8,1,18,63,2018,5,1,3,3,8,7,2,0,1,0,0,0,0,1,5.16053E+20,5.42317E+21,9.2193E+15,4.89612E+16
46361,8,2,35,6,2018,5,13,7,3,6,6,0,0,1,1,0,0,0,0,4.70013E+20,5.38178E+21,8.59336E+15,4.85884E+16
46362,8,3,25,15,2018,5,7,1,3,2,7,0,0,1,0,0,1,0,0,4.73248E+20,5.34697E+21,8.63944E+15,4.82754E+16
46363,8,3,17,73,2018,5,11,2,3,2,6,0,0,0,0,0,0,1,0,4.10315E+20,5.35288E+21,7.79014E+15,4.83227E+16
46364,8,2,35,65,2018,5,7,6,2,8,1,0,0,0,0,1,0,0,0,4.71963E+20,5.40781E+21,8.61804E+15,4.88227E+16
46365,8,2,15,100,2018,5,14,1,3,1,6,0,0,1,0,0,0,0,0,4.76129E+20,5.45118E+21,8.67224E+15,4.92129E+16
46366,8,3,36,14,2018,5,14,3,3,2,6,0,0,1,0,0,0,0,0,3.92072E+20,5.27711E+21,7.56316E+15,4.76384E+16
46367,8,2,31,0,2018,5,10,6,3,6,4,0,0,1,1,0,0,0,0,4.77002E+20,5.41599E+21,8.68622E+15,4.88964E+16
46368,8,4,16,31,2018,5,15,7,3,4,6,0,1,0,0,0,0,0,0,5.02615E+20,5.3619E+21,9.03533E+15,4.84103E+16
46369,8,3,37,22,2018,5,4,1,2,8,1,2,1,0,0,0,0,0,1,4.48685E+20,5.29756E+21,8.31435E+15,4.78294E+16
46370,8,1,18,48,2018,5,8,3,3,8,7,0,0,1,0,0,0,0,0,5.12871E+20,5.41529E+21,9.17559E+15,4.88904E+16
46371,8,1,15,28,2018,5,14,7,2,6,4,0,0,1,1,0,0,0,0,5.01395E+20,5.40709E+21,9.019E+15,4.88168E+16
46372,8,2,31,0,2018,5,21,2,3,8,1,2,0,1,0,0,0,0,1,4.77932E+20,5.4139E+21,8.69902E+15,4.88776E+16
46373,8,2,31,0,2018,5,13,6,3,2,6,0,0,1,0,0,0,0,0,4.79384E+20,5.41873E+21,8.71859E+15,4.89212E+16
46374,8,1,27,9,2018,5,11,1,2,9,1,0,0,0,0,1,0,0,0,5.56765E+20,5.45238E+21,9.77955E+15,4.92216E+16
46375,8,2,15,103,2018,5,21,2,3,8,1,2,0,1,0,0,0,0,1,4.6761E+20,5.44329E+21,8.55591E+15,4.91416E+16
46376,8,2,25,60,2018,5,11,6,3,2,1,0,0,1,0,0,0,0,0,5.14747E+20,5.48718E+21,9.20382E+15,4.9537E+16
46377,8,1,36,82,2018,5,10,1,3,2,6,0,0,1,0,0,0,0,0,5.84309E+20,5.41567E+21,1.01501E+16,4.88882E+16
46378,8,3,15,20,2018,5,17,3,3,2,6,0,0,1,0,0,0,0,1,4.26521E+20,5.31265E+21,8.01567E+15,4.79629E+16
46379,8,3,37,2,2018,5,10,7,2,9,1,0,1,0,0,0,0,0,0,4.31788E+20,5.27422E+21,8.09226E+15,4.76178E+16
46380,8,3,37,116,2018,5,1,1,3,8,6,2,0,0,0,1,0,1,0,4.17386E+20,5.27549E+21,7.9004E+15,4.76275E+16
46381,8,1,15,45,2018,5,16,3,3,3,3,0,1,1,0,0,0,0,0,4.95655E+20,5.39384E+21,8.94095E+15,4.86976E+16
46382,8,1,25,47,2018,5,13,7,3,5,3,0,0,1,0,0,0,0,0,4.95242E+20,5.44837E+21,8.93471E+15,4.91881E+16
46383,8,1,26,46,2018,5,9,2,1,5,3,0,0,1,0,1,1,0,0,5.49386E+20,5.4599E+21,9.67916E+15,4.92899E+16
46384,8,2,26,106,2018,5,13,2,2,8,1,0,0,1,0,0,0,0,0,4.96841E+20,5.46279E+21,8.95653E+15,4.93179E+16
46385,8,2,25,2,2018,5,15,6,3,3,6,0,0,1,0,1,0,0,0,4.98731E+20,5.46618E+21,8.98253E+15,4.93483E+16
46386,8,2,16,13,2018,5,14,6,2,0,1,0,0,0,0,1,0,0,0,4.44821E+20,5.38727E+21,8.25104E+15,4.8636E+16
46387,8,1,16,49,2018,5,15,1,1,5,3,0,0,1,0,1,0,0,0,5.24356E+20,5.38595E+21,9.33053E+15,4.86262E+16
46388,8,3,37,96,2018,5,12,1,3,6,4,0,0,1,1,0,0,0,0,4.22104E+20,5.26804E+21,7.96451E+15,4.75611E+16
46389,8,2,25,2,2018,5,12,3,3,5,3,0,0,1,0,1,0,0,0,4.99184E+20,5.46645E+21,8.98876E+15,4.93507E+16
46390,8,3,15,41,2018,5,15,7,3,2,6,0,0,1,0,0,0,0,0,4.19698E+20,5.32288E+21,7.92237E+15,4.80542E+16
46391,8,3,36,6,2018,5,22,1,3,8,1,2,0,1,0,0,0,0,1,3.91433E+20,5.28782E+21,7.55199E+15,4.77346E+16
46392,8,4,17,10,2018,5,7,2,2,5,3,0,0,1,0,0,0,0,0,5.06244E+20,5.34264E+21,9.0841E+15,4.82369E+16
46393,8,2,35,80,2018,5,15,3,3,9,1,0,0,0,0,0,0,1,0,4.84763E+20,5.39117E+21,8.79303E+15,4.86734E+16
46394,8,3,35,80,2018,5,15,7,2,8,1,0,0,0,0,1,0,0,0,4.74421E+20,5.29772E+21,8.6582E+15,4.78323E+16
46395,8,1,11,0,2018,5,10,3,3,2,6,0,0,1,0,0,0,1,1,5.15445E+20,5.40519E+21,9.21032E+15,4.87995E+16
46396,8,4,25,84,2018,5,16,7,1,0,1,0,0,1,0,0,0,0,0,5.5853E+20,5.37437E+21,9.79262E+15,4.85197E+16