OBJECTID_1,ULAND,UREGBEZ,UKREIS,UGEMEINDE,UJAHR,UMONAT,USTUNDE,UWOCHENTAG,UKATEGORIE,UART,UTYP1,ULICHTVERH,IstRad,IstPKW,IstFuss,IstKrad,IstGkfz,IstSonstig,STRZUSTAND,LINREFX,LINREFY,XGCSWGS84,YGCSWGS84
46397,8,2,11,0,2018,5,19,2,3,5,3,0,0,1,0,0,0,0,1,4.38186E+20,5.3976E+21,8.15944E+15,4.87283E+16
46398,8,3,35,75,2018,5,23,1,3,9,1,2,0,1,0,0,0,0,1,4.87777E+20,5.29377E+21,8.83678E+15,4.77972E+16
46399,8,2,16,43,2018,5,9,6,3,5,3,0,1,1,0,0,0,0,0,4.41027E+20,5.41166E+21,8.19605E+15,4.88551E+16
46400,8,2,15,106,2018,5,9,6,3,5,3,0,1,1,0,0,0,0,0,4.65771E+20,5.45283E+21,8.52988E+15,4.92273E+16
46401,8,4,35,53,2018,5,15,7,3,8,7,0,1,0,0,0,0,0,0,5.0816E+20,5.29315E+21,9.10895E+15,4.77917E+16
46402,8,2,15,40,2018,5,13,3,3,8,1,0,0,1,0,0,0,0,0,4.88768E+20,5.43703E+21,8.84617E+15,4.9086E+16
46403,8,2,37,54,2018,5,22,7,2,0,1,2,0,0,0,1,0,0,1,4.63997E+20,5.37214E+21,8.51262E+15,4.85013E+16
46404,8,3,25,72,2018,5,7,2,3,8,1,0,0,0,0,1,0,0,0,4.7306E+20,5.33214E+21,8.63786E+15,4.81419E+16
46405,8,2,12,0,2018,5,23,6,3,8,1,2,0,0,0,1,0,0,0,4.62405E+20,5.42673E+21,8.48608E+15,4.89923E+16
46406,8,2,35,7,2018,5,6,1,3,8,1,0,0,1,0,0,0,0,0,4.8361E+20,5.39907E+21,8.77705E+15,4.87444E+16
46407,8,1,16,56,2018,5,15,7,3,1,5,0,1,0,0,0,0,1,0,5.31017E+20,5.39501E+21,9.4216E+15,4.87074E+16
46408,8,2,26,85,2018,5,18,1,2,2,6,0,0,1,0,0,0,0,0,4.91022E+20,5.45458E+21,8.87665E+15,4.92439E+16
46409,8,2,11,0,2018,5,16,6,3,5,2,0,1,1,0,0,0,0,0,4.42885E+20,5.40622E+21,8.22213E+15,4.88064E+16
46410,8,2,11,0,2018,5,17,6,3,2,6,0,0,1,0,0,0,0,0,4.40521E+20,5.40339E+21,8.19035E+15,4.87807E+16
46411,8,4,37,107,2018,5,16,7,3,8,1,0,0,0,0,1,0,0,0,5.0691E+20,5.32738E+21,9.09281E+15,4.80996E+16
46412,8,1,36,10,2018,5,11,3,3,3,2,0,1,0,0,0,0,1,0,5.96706E+20,5.41261E+21,1.03184E+16,4.8859E+16
46413,8,2,31,0,2018,5,12,7,3,1,6,0,0,1,0,0,0,0,0,4.77933E+20,5.41482E+21,8.69899E+15,4.88859E+16
46414,8,3,36,91,2018,5,10,2,3,5,2,0,0,1,0,0,0,0,0,3.95691E+20,5.27261E+21,7.61239E+15,4.75985E+16
46415,8,2,16,49,2018,5,18,6,3,5,2,0,0,1,0,0,0,0,0,4.38393E+20,5.40152E+21,8.16167E+15,4.87637E+16
46416,8,4,16,36,2018,5,21,1,3,9,1,2,0,1,0,0,0,0,1,4.90616E+20,5.37374E+21,8.87292E+15,4.85167E+16
46417,8,3,35,79,2018,5,16,3,3,2,6,0,0,1,0,0,0,1,0,5.00369E+20,5.29941E+21,9.00493E+15,4.7848E+16
46418,8,4,15,50,2018,5,17,7,3,5,3,0,1,1,0,0,0,0,0,5.20375E+20,5.37652E+21,9.27604E+15,4.85414E+16
46419,8,1,26,11,2018,5,14,2,3,2,6,0,0,1,0,0,1,1,1,5.2988E+20,5.44739E+21,9.40998E+15,4.91786E+16
46420,8,1,18,79,2018,5,16,3,3,3,6,0,0,1,0,0,0,0,0,5.10068E+20,5.42186E+21,9.13751E+15,4.89496E+16
46421,8,2,16,7,2018,5,18,6,3,0,6,0,0,1,0,1,0,0,0,4.37288E+20,5.39597E+21,8.14748E+15,4.87136E+16
46422,8,4,26,124,2018,5,12,7,3,8,1,0,0,0,0,1,0,0,0,5.43383E+20,5.33669E+21,9.58364E+15,4.8182E+16
46423,8,1,18,54,2018,5,8,3,3,4,7,0,0,1,0,0,0,0,1,5.19533E+20,5.42318E+21,9.26684E+15,4.89613E+16
46424,8,2,16,24,2018,5,17,7,2,8,1,0,0,1,0,0,0,0,0,4.44804E+20,5.40863E+21,8.24794E+15,4.88282E+16
46425,8,2,15,90,2018,5,12,2,3,2,6,0,0,0,0,0,1,0,1,4.64118E+20,5.43538E+21,8.50874E+15,4.90702E+16
46426,8,2,16,17,2018,5,16,6,2,8,1,0,0,0,0,1,0,0,0,4.5777E+20,5.39682E+21,8.42582E+15,4.8723E+16
46427,8,1,17,15,2018,5,9,1,2,8,1,0,0,1,0,0,0,0,0,5.60834E+20,5.39427E+21,9.82674E+15,4.86985E+16
46428,8,2,21,0,2018,5,7,3,3,2,6,0,0,1,0,0,0,0,0,4.73473E+20,5.47395E+21,8.63426E+15,4.94176E+16
46429,8,3,35,43,2018,5,12,7,3,5,3,0,0,1,0,0,0,0,0,5.11126E+20,5.28167E+21,9.14826E+15,4.76883E+16
46430,8,1,15,48,2018,5,18,3,3,6,4,0,0,1,1,0,0,0,0,5.09528E+20,5.38722E+21,9.12933E+15,4.86379E+16
46431,8,1,19,24,2018,5,20,7,2,8,1,0,0,0,0,1,0,0,0,5.38393E+20,5.43437E+21,9.52554E+15,4.9061E+16
46432,8,1,18,53,2018,5,8,2,3,2,6,0,0,1,0,0,0,0,0,5.15248E+20,5.42825E+21,9.2085E+15,4.90069E+16
46433,8,2,21,0,2018,5,14,2,3,2,6,0,0,1,0,0,0,0,0,4.76366E+20,5.47296E+21,8.6742E+15,4.94089E+16
46434,8,2,16,23,2018,5,12,6,3,2,6,0,0,1,0,0,1,0,0,4.37049E+20,5.40595E+21,8.1427E+15,4.88033E+16
46435,8,1,17,24,2018,5,14,7,3,1,6,0,0,1,0,0,0,0,0,5.62064E+20,5.38468E+21,9.84201E+15,4.86121E+16
46436,8,1,36,65,2018,5,18,6,3,5,3,0,0,1,0,1,0,0,0,5.59598E+20,5.40596E+21,9.81164E+15,4.88037E+16
46437,8,1,35,16,2018,5,18,2,2,0,1,0,0,0,0,1,0,0,0,5.91157E+20,5.38693E+21,1.02371E+16,4.86288E+16
46438,8,1,35,19,2018,5,14,6,3,4,2,0,0,1,0,0,0,0,0,5.85535E+20,5.3955E+21,1.01626E+16,4.87067E+16
46439,8,2,11,0,2018,5,17,1,3,0,7,0,1,0,0,0,0,0,1,4.4369E+20,5.40037E+21,8.2339E+15,4.87538E+16
46440,8,2,25,32,2018,5,14,6,2,0,6,0,0,1,0,1,0,1,0,5.37012E+20,5.48662E+21,9.51149E+15,4.95311E+16
46441,8,2,35,50,2018,5,13,7,2,9,1,0,0,0,0,1,0,0,0,4.70571E+20,5.39323E+21,8.60012E+15,4.86914E+16
46442,8,1,27,71,2018,5,21,6,3,9,1,1,0,1,0,0,0,0,0,5.80648E+20,5.45602E+21,1.01082E+16,4.92516E+16
46443,8,4,36,64,2018,5,8,6,3,0,2,0,1,1,0,0,0,0,0,5.45123E+20,5.28762E+21,9.60188E+15,4.77404E+16
46444,8,1,27,76,2018,5,16,6,3,5,3,0,0,1,0,0,0,0,0,5.52997E+20,5.43898E+21,9.72604E+15,4.91014E+16
46445,8,1,18,6,2018,5,13,2,2,0,7,0,1,0,0,0,0,0,0,5.1645E+20,5.42159E+21,9.22467E+15,4.8947E+16
46446,8,1,26,46,2018,5,5,6,3,9,7,0,0,1,0,0,0,1,0,5.50997E+20,5.45534E+21,9.70073E+15,4.92487E+16
46447,8,1,25,69,2018,5,13,6,3,2,6,0,0,1,0,0,0,0,0,5.25481E+20,5.45378E+21,9.35004E+15,4.92362E+16
46448,8,1,25,108,2018,5,7,6,3,5,2,0,1,1,0,0,0,0,0,4.9465E+20,5.43392E+21,8.92677E+15,4.90581E+16
46449,8,4,35,42,2018,5,12,7,3,8,1,0,0,0,0,1,0,0,0,5.54739E+20,5.27824E+21,9.72898E+15,4.76553E+16
46450,8,1,25,56,2018,5,7,6,3,2,6,0,0,1,0,1,0,0,0,5.11077E+20,5.43608E+21,9.15168E+15,4.90775E+16
46451,8,1,18,70,2018,5,9,7,3,0,6,0,0,1,0,0,0,0,0,5.16942E+20,5.42623E+21,9.23157E+15,4.89888E+16
46452,8,1,21,0,2018,5,14,6,3,2,6,0,0,1,0,0,0,0,0,5.16292E+20,5.44153E+21,9.2233E+15,4.91264E+16
46453,8,1,27,59,2018,5,12,1,2,9,1,0,0,1,0,0,0,0,1,5.47463E+20,5.43813E+21,9.65015E+15,4.90942E+16
46454,8,1,21,0,2018,5,19,6,3,3,6,0,0,1,0,0,0,0,0,5.16422E+20,5.44498E+21,9.22523E+15,4.91574E+16
46455,8,3,25,69,2018,5,16,6,2,6,4,0,0,1,1,0,0,0,0,4.68594E+20,5.33561E+21,8.57757E+15,4.81729E+16
46456,8,2,21,0,2018,5,11,7,3,0,7,0,1,0,0,0,0,0,0,4.73251E+20,5.47464E+21,8.63115E+15,4.94238E+16
46457,8,1,19,79,2018,5,16,6,3,5,3,0,0,1,0,1,0,0,0,5.22985E+20,5.40936E+21,9.31323E+15,4.88367E+16
46458,8,4,26,100,2018,5,13,3,3,4,6,0,0,1,0,0,0,1,0,5.79262E+20,5.31982E+21,1.00631E+16,4.80268E+16
46459,8,2,26,85,2018,5,19,2,3,2,6,0,0,1,0,0,0,0,0,4.85613E+20,5.45673E+21,8.80225E+15,4.92632E+16
46460,8,4,25,39,2018,5,16,6,3,2,6,0,0,1,0,0,0,0,0,5.66058E+20,5.35274E+21,9.89116E+15,4.83244E+16
46461,8,1,19,90,2018,5,15,6,3,2,6,0,0,1,0,0,0,1,0,5.29969E+20,5.40695E+21,9.40822E+15,4.88148E+16
46462,8,1,15,42,2018,5,12,2,3,8,7,0,1,0,0,0,0,0,0,4.92129E+20,5.40747E+21,8.89278E+15,4.88201E+16
46463,8,1,19,67,2018,5,13,6,3,1,6,0,0,1,0,0,0,0,0,5.38657E+20,5.40563E+21,9.52644E+15,4.88025E+16
46464,8,1,19,67,2018,5,6,6,3,5,3,0,0,1,0,0,0,0,0,5.38751E+20,5.40528E+21,9.52769E+15,4.87993E+16
46465,8,3,35,57,2018,5,7,7,3,5,2,0,0,1,0,0,0,1,0,5.04094E+20,5.3073E+21,9.0548E+15,4.7919E+16
46466,8,1,19,20,2018,5,15,6,3,2,6,0,0,1,0,0,0,0,0,5.18473E+20,5.40892E+21,9.25172E+15,4.88329E+16
46467,8,2,25,1,2018,5,14,7,2,9,1,0,0,0,0,1,0,0,0,5.26067E+20,5.46838E+21,9.35904E+15,4.93675E+16
46468,8,1,19,8,2018,5,16,6,3,2,6,0,0,1,0,0,1,0,0,5.3155E+20,5.41907E+21,9.4307E+15,4.89238E+16
46469,8,2,16,43,2018,5,9,2,3,5,3,0,1,1,0,0,0,0,0,4.41851E+20,5.41196E+21,8.20724E+15,4.88579E+16
46470,8,1,18,48,2018,5,17,6,3,0,7,0,0,1,0,1,0,0,0,5.15927E+20,5.41425E+21,9.21724E+15,4.8881E+16
46471,8,2,35,8,2018,5,10,2,2,2,6,0,1,0,0,1,0,0,0,4.79244E+20,5.40095E+21,8.71757E+15,4.87612E+16
46472,8,4,15,73,2018,5,13,6,3,0,3,0,0,1,0,1,0,0,0,5.1942E+20,5.35036E+21,9.26189E+15,4.83062E+16
46473,8,1,18,46,2018,5,14,6,3,4,7,0,0,0,0,1,1,0,0,5.14534E+20,5.41266E+21,9.19817E+15,4.88667E+16
46474,8,4,25,90,2018,5,20,1,3,5,3,1,0,1,0,0,0,0,1,5.41961E+20,5.34213E+21,9.56504E+15,4.8231E+16
46475,8,1,18,76,2018,5,18,6,3,2,6,0,0,1,0,1,0,0,0,5.0446E+20,5.42315E+21,9.06093E+15,4.89613E+16
46476,8,1,18,67,2018,5,16,6,2,5,3,0,0,1,0,1,0,0,0,5.07162E+20,5.41427E+21,9.09769E+15,4.88814E+16
46477,8,3,17,1,2018,5,15,7,3,8,6,0,0,0,0,1,0,0,0,4.24063E+20,5.38563E+21,7.96962E+15,4.86192E+16
46478,8,1,17,19,2018,5,15,6,3,0,1,0,1,0,0,0,0,0,0,5.53076E+20,5.39386E+21,9.72127E+15,4.86955E+16
46479,8,1,18,48,2018,5,14,7,3,5,3,0,1,1,0,0,0,0,0,5.13861E+20,5.4166E+21,9.18914E+15,4.89022E+16
46480,8,1,17,26,2018,5,13,6,3,5,3,0,0,1,0,0,0,0,0,5.49837E+20,5.39412E+21,9.67729E+15,4.86981E+16
46481,8,1,36,88,2018,5,13,2,3,4,6,0,0,1,0,0,0,0,0,5.84191E+20,5.40638E+21,1.01466E+16,4.88047E+16
46482,8,1,16,11,2018,5,16,6,2,8,1,0,0,0,0,1,0,0,0,5.30832E+20,5.37947E+21,9.41792E+15,4.85675E+16
46483,8,3,26,3,2018,5,12,1,2,0,1,0,0,1,0,1,0,1,0,4.64241E+20,5.31965E+21,8.52035E+15,4.80291E+16
46484,8,1,16,8,2018,5,12,6,3,2,6,0,0,1,0,0,1,0,0,5.19575E+20,5.38004E+21,9.26537E+15,4.85732E+16
46485,8,2,15,17,2018,5,11,7,3,2,6,0,0,1,0,0,0,1,0,4.54283E+20,5.42035E+21,8.37578E+15,4.89343E+16
46486,8,1,16,20,2018,5,6,6,2,3,1,0,0,1,0,1,0,0,0,5.26097E+20,5.38286E+21,9.35396E+15,4.85983E+16
46487,8,3,35,43,2018,5,18,1,3,2,2,0,0,1,0,0,0,0,1,5.07214E+20,5.28871E+21,9.09625E+15,4.77517E+16
46488,8,1,16,80,2018,5,13,6,2,5,3,0,1,1,0,0,0,0,0,5.16713E+20,5.39745E+21,9.22728E+15,4.87299E+16
46489,8,2,31,0,2018,5,8,7,3,2,6,0,0,1,0,0,0,0,0,4.82477E+20,5.41834E+21,8.76083E+15,4.89178E+16
46490,8,1,16,33,2018,5,20,6,3,5,3,0,0,1,0,1,0,0,0,5.33889E+20,5.38893E+21,9.46014E+15,4.86525E+16
46491,8,1,16,77,2018,5,14,7,3,5,2,0,0,1,0,0,0,0,0,5.16019E+20,5.39261E+21,9.21765E+15,4.86863E+16
46492,8,1,15,53,2018,5,18,6,3,5,3,0,1,1,0,0,0,0,0,4.83667E+20,5.37991E+21,8.77859E+15,4.8572E+16
46493,8,4,25,8,2018,5,7,3,3,1,6,0,0,1,0,0,0,0,0,5.64519E+20,5.381E+21,9.87475E+15,4.85788E+16
46494,8,1,27,52,2018,5,15,2,3,5,3,0,0,1,0,1,0,0,0,5.42124E+20,5.43764E+21,9.57696E+15,4.90902E+16
46495,8,1,15,22,2018,5,16,6,3,1,6,0,0,1,0,0,0,1,0,4.98088E+20,5.38589E+21,8.97405E+15,4.8626E+16
46496,8,1,11,0,2018,5,17,6,2,6,4,0,0,1,1,0,0,0,0,5.15679E+20,5.40354E+21,9.21345E+15,4.87846E+16
46497,8,1,36,21,2018,5,10,1,3,4,6,0,0,1,0,0,0,0,1,5.74135E+20,5.40803E+21,1.001E+16,4.88208E+16
46498,8,1,11,0,2018,5,12,6,3,5,3,0,1,1,0,0,0,0,0,5.13258E+20,5.40659E+21,9.18058E+15,4.88122E+16
46499,8,3,17,97,2018,5,18,6,3,5,2,0,1,0,0,0,0,0,0,4.25429E+20,5.36486E+21,7.99187E+15,4.84325E+16
46500,8,2,31,0,2018,5,19,7,3,8,1,0,1,0,0,0,0,0,0,4.75761E+20,5.41447E+21,8.66938E+15,4.88827E+16
46501,8,1,11,0,2018,5,16,6,3,5,3,0,0,1,0,0,0,0,0,5.12172E+20,5.40662E+21,9.1658E+15,4.88125E+16
46502,8,4,16,36,2018,5,13,3,3,2,1,0,0,1,0,0,0,0,0,4.96776E+20,5.36876E+21,8.95638E+15,4.8472E+16
46503,8,4,35,35,2018,5,6,6,2,5,3,0,1,1,0,0,0,0,0,5.40604E+20,5.2798E+21,9.54088E+15,4.76703E+16
46504,8,1,11,0,2018,5,7,6,3,1,7,0,0,1,0,1,0,0,0,5.09856E+20,5.40233E+21,9.13415E+15,4.87739E+16
46505,8,1,16,77,2018,5,17,2,3,0,1,0,1,0,0,0,0,0,0,5.15769E+20,5.39108E+21,9.2142E+15,4.86726E+16
46506,8,1,11,0,2018,5,9,6,3,2,6,0,0,1,0,0,0,0,0,5.15445E+20,5.40519E+21,9.21032E+15,4.87995E+16
46507,8,3,27,50,2018,5,17,6,3,2,6,0,0,1,0,0,0,0,0,4.85041E+20,5.31407E+21,8.79955E+15,4.79797E+16
46508,8,4,36,52,2018,5,16,6,2,8,1,0,0,0,0,1,0,0,0,5.68766E+20,5.29746E+21,9.91879E+15,4.78268E+16
46509,8,1,11,0,2018,5,10,6,3,2,6,0,0,1,0,0,0,0,0,5.1182E+20,5.40205E+21,9.16087E+15,4.87713E+16
46510,8,1,19,1,2018,5,1,2,2,8,1,2,0,1,0,0,0,0,0,5.48066E+20,5.41026E+21,9.65511E+15,4.88435E+16
46511,8,4,36,78,2018,5,17,5,2,4,6,0,0,1,0,0,0,0,0,5.58488E+20,5.29123E+21,9.78064E+15,4.77718E+16
46512,8,4,36,87,2018,5,8,5,3,4,7,0,0,1,0,0,0,0,1,5.45631E+20,5.30518E+21,9.61052E+15,4.78983E+16
46513,8,4,36,82,2018,5,9,5,3,8,1,0,0,1,0,0,0,0,1,5.50913E+20,5.29499E+21,9.67998E+15,4.78062E+16
46514,8,4,25,31,2018,5,8,1,3,9,6,0,0,1,0,0,0,0,1,5.68819E+20,5.36796E+21,9.93089E+15,4.84611E+16
46515,8,4,36,64,2018,5,8,5,3,2,6,0,0,1,0,1,0,0,1,5.43425E+20,5.28927E+21,9.57941E+15,4.77553E+16
46516,8,3,17,75,2018,5,5,6,3,5,2,1,0,1,0,0,0,0,0,4.12059E+20,5.36144E+21,7.81187E+15,4.84E+16
46517,8,3,17,65,2018,5,16,7,2,5,3,0,0,1,0,1,0,0,0,4.1488E+20,5.35661E+21,7.85096E+15,4.83569E+16
46518,8,4,35,35,2018,5,10,5,3,2,6,0,0,1,0,0,0,0,1,5.41648E+20,5.28323E+21,9.55511E+15,4.77011E+16
46519,8,2,37,40,2018,5,16,2,3,0,7,0,0,1,0,1,0,0,0,4.77273E+20,5.36075E+21,8.69296E+15,4.83995E+16
46520,8,4,15,59,2018,5,16,6,3,2,6,0,0,1,0,0,0,0,0,5.16761E+20,5.37006E+21,9.22682E+15,4.84835E+16
46521,8,4,26,70,2018,5,12,5,3,1,6,0,0,1,0,0,0,0,1,5.65174E+20,5.34204E+21,9.87757E+15,4.82282E+16
46522,8,4,36,96,2018,5,11,1,2,7,1,0,1,0,0,0,0,0,0,5.4287E+20,5.30378E+21,9.57344E+15,4.78859E+16
46523,8,4,26,1,2018,5,6,5,3,2,6,1,0,1,0,0,0,0,1,5.673E+20,5.34603E+21,9.90684E+15,4.82639E+16
46524,8,4,17,51,2018,5,9,5,3,5,3,0,0,1,0,0,0,0,1,4.92755E+20,5.35841E+21,8.90216E+15,4.83788E+16
46525,8,3,25,15,2018,5,8,7,3,8,1,0,0,1,0,0,0,0,0,4.73044E+20,5.34684E+21,8.63671E+15,4.82742E+16
46526,8,4,15,92,2018,5,10,5,3,2,6,0,0,0,0,0,1,0,1,5.19671E+20,5.36175E+21,9.26581E+15,4.84086E+16
46527,8,4,15,53,2018,5,7,5,3,8,1,0,0,1,0,0,0,0,1,5.34062E+20,5.36495E+21,9.46052E+15,4.84367E+16
46528,8,3,36,19,2018,5,16,5,3,5,3,0,0,1,0,0,0,0,0,3.94908E+20,5.27579E+21,7.60121E+15,4.76269E+16
46529,8,4,26,21,2018,5,19,7,3,8,1,0,0,1,0,0,0,0,1,5.60841E+20,5.32513E+21,9.81683E+15,4.80765E+16
46530,8,3,35,43,2018,5,16,5,3,2,6,0,0,1,0,0,0,0,0,5.12784E+20,5.28064E+21,9.17032E+15,4.76791E+16
46531,8,1,36,19,2018,5,18,7,2,5,2,0,0,1,0,1,0,0,0,5.85993E+20,5.4262E+21,1.01753E+16,4.89827E+16
46532,8,3,27,18,2018,5,6,5,3,8,1,0,0,1,0,0,0,0,1,4.77783E+20,5.30505E+21,8.70274E+15,4.78984E+16
46533,8,2,26,65,2018,5,18,2,3,2,6,0,0,1,0,1,0,0,0,4.78197E+20,5.45682E+21,8.70033E+15,4.92638E+16
46534,8,3,25,72,2018,5,15,6,3,0,7,0,0,1,0,0,0,1,0,4.69599E+20,5.32664E+21,8.59172E+15,4.80923E+16
46535,8,3,25,45,2018,5,16,5,3,8,7,0,0,1,0,0,0,0,0,4.69916E+20,5.34725E+21,8.59452E+15,4.82778E+16
46536,8,4,15,58,2018,5,15,1,2,8,1,0,0,0,0,1,0,0,0,5.30364E+20,5.34357E+21,9.40898E+15,4.82446E+16
46537,8,3,27,6,2018,5,16,5,2,0,1,0,0,0,0,1,0,0,0,4.85817E+20,5.32744E+21,8.8095E+15,4.81E+16
46538,8,3,16,20,2018,5,15,7,3,8,1,0,1,0,0,0,1,0,0,4.07868E+20,5.33818E+21,7.76033E+15,4.81902E+16
46539,8,3,17,73,2018,5,11,5,2,4,6,0,0,1,0,0,0,0,1,4.10063E+20,5.34739E+21,7.78791E+15,4.82734E+16
46540,8,3,17,31,2018,5,0,6,3,9,1,2,0,1,0,0,0,0,0,4.14493E+20,5.35967E+21,7.84511E+15,4.83844E+16
46541,8,4,36,82,2018,5,12,6,2,2,6,0,0,1,0,1,0,0,0,5.46996E+20,5.29669E+21,9.62785E+15,4.78219E+16
46542,8,1,17,26,2018,5,20,7,3,2,6,2,0,1,0,0,0,0,1,5.46189E+20,5.39288E+21,9.62758E+15,4.86872E+16
46543,8,3,17,153,2018,5,7,5,3,1,5,0,0,1,0,1,0,0,0,4.18007E+20,5.38872E+21,7.88686E+15,4.86461E+16
46544,8,4,25,130,2018,5,9,2,3,5,3,0,0,1,0,1,0,0,0,5.73819E+20,5.37845E+21,1.00004E+16,4.85548E+16
46545,8,1,26,28,2018,5,16,7,3,5,3,0,0,1,0,1,0,0,0,5.4164E+20,5.45728E+21,9.57237E+15,4.92668E+16
46546,8,3,17,150,2018,5,19,5,3,3,6,0,0,1,0,0,0,1,0,4.10726E+20,5.35684E+21,7.79484E+15,4.83584E+16
46547,8,3,17,110,2018,5,15,2,2,0,7,0,1,0,0,0,0,0,0,4.26989E+20,5.38189E+21,8.00998E+15,4.85858E+16
46548,8,3,17,5,2018,5,10,5,3,1,5,0,0,1,0,0,0,0,0,4.24896E+20,5.37631E+21,7.98261E+15,4.85354E+16
46549,8,3,35,79,2018,5,19,1,3,3,6,0,0,1,0,0,0,0,0,4.98396E+20,5.29802E+21,8.97857E+15,4.78355E+16
46550,8,3,11,0,2018,5,19,5,3,5,3,0,0,1,0,0,0,0,0,4.04103E+20,5.31454E+21,7.71501E+15,4.7977E+16
46551,8,2,22,0,2018,5,12,7,3,8,6,0,0,1,0,0,0,0,0,4.68168E+20,5.4844E+21,8.56028E+15,4.95114E+16
46552,8,2,26,82,2018,5,12,5,3,3,7,0,0,1,0,0,0,0,0,4.73826E+20,5.4817E+21,8.63861E+15,4.94874E+16
46553,8,3,17,1,2018,5,16,6,3,2,6,0,0,1,0,0,0,0,0,4.32052E+20,5.38493E+21,8.07812E+15,4.86138E+16
46554,8,1,11,0,2018,5,11,7,3,3,6,0,0,1,0,0,0,0,0,5.15998E+20,5.4044E+21,9.21782E+15,4.87924E+16
46555,8,2,12,0,2018,5,8,5,3,2,6,0,0,1,0,0,0,0,1,4.5935E+20,5.42747E+21,8.44425E+15,4.89988E+16
46556,8,4,15,89,2018,5,15,3,3,5,2,0,0,1,0,0,0,0,0,5.2088E+20,5.35884E+21,9.282E+15,4.83824E+16
46557,8,1,18,60,2018,5,11,2,3,3,6,0,0,1,0,1,0,0,0,5.29516E+20,5.43306E+21,9.40394E+15,4.90497E+16
46558,8,2,12,0,2018,5,8,5,3,2,6,0,0,1,0,0,0,1,1,4.53491E+20,5.4283E+21,8.36406E+15,4.90059E+16
46559,8,2,15,90,2018,5,9,5,3,3,1,0,0,0,0,0,1,1,0,4.6551E+20,5.43722E+21,8.52764E+15,4.90869E+16
46560,8,1,27,76,2018,5,17,1,3,5,2,0,0,1,0,0,0,0,0,5.60499E+20,5.43861E+21,9.82876E+15,4.90973E+16
46561,8,2,37,40,2018,5,22,5,2,5,3,2,0,1,0,0,0,0,0,4.78098E+20,5.36527E+21,8.70387E+15,4.84402E+16
46562,8,3,16,56,2018,5,9,6,2,5,3,0,0,1,0,0,0,0,0,4.18978E+20,5.32504E+21,7.9123E+15,4.80735E+16
46563,8,2,35,79,2018,5,10,5,3,9,1,0,0,1,0,0,0,0,1,4.69139E+20,5.40405E+21,8.57985E+15,4.87886E+16
46564,8,2,22,0,2018,5,10,1,2,9,1,0,0,0,0,1,0,0,1,4.68165E+20,5.48417E+21,8.56026E+15,4.95093E+16
46565,8,2,22,0,2018,5,12,5,3,3,6,0,0,1,0,0,1,0,0,4.60603E+20,5.48191E+21,8.45603E+15,4.94885E+16
46566,8,2,35,33,2018,5,14,7,2,4,1,0,0,1,0,1,0,0,0,4.56206E+20,5.40866E+21,8.40329E+15,4.88294E+16
46567,8,2,21,0,2018,5,23,5,1,6,4,2,0,1,1,0,0,0,0,4.74815E+20,5.46994E+21,8.65302E+15,4.93816E+16
46568,8,3,16,11,2018,5,9,6,3,0,1,0,1,0,0,0,0,0,0,4.127E+20,5.3313E+21,7.82676E+15,4.8129E+16
46569,8,4,36,81,2018,5,16,6,3,5,3,0,1,1,0,0,0,0,1,5.62918E+20,5.28237E+21,9.83847E+15,4.76917E+16
46570,8,2,15,97,2018,5,8,5,3,5,3,0,0,1,0,0,0,0,1,4.81052E+20,5.44081E+21,8.74032E+15,4.91198E+16
46571,8,1,18,59,2018,5,16,2,3,5,3,0,0,1,0,1,0,0,0,5.01727E+20,5.41878E+21,9.02357E+15,4.89219E+16
46572,8,2,12,0,2018,5,14,5,3,2,6,0,0,1,0,0,0,0,0,4.51324E+20,5.42629E+21,8.33467E+15,4.89876E+16
46573,8,2,12,0,2018,5,9,5,3,2,6,0,0,1,0,0,0,0,0,4.50554E+20,5.43177E+21,8.32348E+15,4.90368E+16
46574,8,2,16,17,2018,5,19,5,2,5,2,0,1,1,0,0,0,0,0,4.50442E+20,5.40155E+21,8.32562E+15,4.8765E+16
46575,8,4,35,57,2018,5,16,7,3,6,4,0,0,1,1,0,0,0,0,5.44713E+20,5.27997E+21,9.59564E+15,4.76716E+16
46576,8,1,28,115,2018,5,14,5,3,8,1,0,0,1,0,0,0,0,0,5.45493E+20,5.4957E+21,9.62974E+15,4.96121E+16
46577,8,3,15,56,2018,5,18,6,3,8,1,0,0,0,0,1,0,0,0,4.15981E+20,5.30941E+21,7.87513E+15,4.79325E+16
46578,8,1,15,45,2018,5,15,7,3,2,6,0,0,1,0,0,0,0,0,5.01606E+20,5.39397E+21,9.02182E+15,4.86988E+16
46579,8,1,28,115,2018,5,17,5,3,5,3,0,0,1,0,0,0,0,0,5.48675E+20,5.49705E+21,9.67394E+15,4.9624E+16
46580,8,3,36,84,2018,5,5,6,2,8,1,0,0,0,0,1,0,0,0,4.05554E+20,5.27705E+21,7.7426E+15,4.764E+16
46581,8,2,37,73,2018,5,16,2,3,9,1,0,0,0,0,1,0,0,0,4.59189E+20,5.38012E+21,8.44675E+15,4.85729E+16
46582,8,4,15,14,2018,5,13,6,3,2,6,0,0,1,0,0,1,0,0,5.26973E+20,5.37297E+21,9.3652E+15,4.85093E+16
46583,8,1,27,8,2018,5,5,5,2,9,1,1,0,1,0,0,0,0,1,5.7371E+20,5.46018E+21,1.00137E+16,4.92899E+16
46584,8,2,21,0,2018,5,19,7,3,8,1,0,0,0,0,1,0,0,0,4.82035E+20,5.47638E+21,8.75219E+15,4.94398E+16
46585,8,1,27,76,2018,5,16,5,3,2,6,0,0,1,0,1,0,0,0,5.53404E+20,5.44042E+21,9.73181E+15,4.91143E+16