OBJECTID_1,ULAND,UREGBEZ,UKREIS,UGEMEINDE,UJAHR,UMONAT,USTUNDE,UWOCHENTAG,UKATEGORIE,UART,UTYP1,ULICHTVERH,IstRad,IstPKW,IstFuss,IstKrad,IstGkfz,IstSonstig,STRZUSTAND,LINREFX,LINREFY,XGCSWGS84,YGCSWGS84
46586,8,3,15,16,2018,5,18,2,3,4,6,0,0,1,0,0,0,0,1,4.31052E+20,5.30751E+21,8.07719E+15,4.79172E+16
46587,8,4,25,39,2018,5,18,6,3,5,3,0,0,1,0,1,0,0,0,5.66287E+20,5.3532E+21,9.89432E+15,4.83285E+16
46588,8,1,27,14,2018,5,12,5,2,5,2,0,1,0,0,0,0,1,0,5.75804E+20,5.44377E+21,1.00394E+16,4.9142E+16
46589,8,1,16,20,2018,5,19,2,2,4,6,0,0,1,0,1,0,0,0,5.24604E+20,5.38001E+21,9.33354E+15,4.85727E+16
46590,8,1,26,47,2018,5,17,5,3,1,6,0,0,1,0,0,0,0,0,5.50072E+20,5.44995E+21,9.68735E+15,4.92003E+16
46591,8,1,21,0,2018,5,17,5,3,2,6,0,0,1,0,0,0,0,0,5.06575E+20,5.44933E+21,9.09025E+15,4.91967E+16
46592,8,1,21,0,2018,5,17,5,3,3,2,0,0,1,0,1,0,0,0,5.15599E+20,5.44392E+21,9.2139E+15,4.91479E+16
46593,8,4,15,80,2018,5,11,7,3,5,5,0,0,1,0,1,0,0,0,5.10811E+20,5.37419E+21,9.14641E+15,4.85208E+16
46594,8,1,19,55,2018,5,7,5,3,3,6,0,1,0,0,0,0,0,1,5.43531E+20,5.40549E+21,9.59279E+15,4.88008E+16
46595,8,2,15,39,2018,5,15,6,3,2,6,0,0,1,0,0,0,0,0,4.71045E+20,5.4537E+21,8.60225E+15,4.92354E+16
46596,8,4,25,141,2018,5,11,7,3,4,6,0,0,0,0,1,0,1,0,5.67803E+20,5.36494E+21,9.91666E+15,4.8434E+16
46597,8,1,19,83,2018,5,7,5,3,5,3,0,1,0,0,0,0,1,0,5.3467E+20,5.41987E+21,9.47334E+15,4.89308E+16
46598,8,2,26,96,2018,5,22,2,3,2,7,2,0,1,0,0,0,0,0,4.76122E+20,5.48934E+21,8.66985E+15,4.95562E+16
46599,8,1,17,24,2018,5,7,5,2,5,3,0,0,1,0,1,0,0,1,5.59721E+20,5.38667E+21,9.81052E+15,4.86303E+16
46600,8,3,37,90,2018,5,21,1,3,9,1,2,0,1,0,0,0,0,0,4.2277E+20,5.2748E+21,7.97217E+15,4.7622E+16
46601,8,1,16,19,2018,5,13,5,3,2,2,0,0,1,0,0,0,0,1,5.2451E+20,5.39731E+21,9.3333E+15,4.87283E+16
46602,8,4,26,113,2018,5,14,1,2,9,1,0,0,1,0,0,0,0,0,5.52825E+20,5.31932E+21,9.7085E+15,4.8025E+16
46603,8,1,16,19,2018,5,7,5,3,2,6,0,0,1,0,0,0,0,0,5.22449E+20,5.39806E+21,9.3053E+15,4.87351E+16
46604,8,1,15,3,2018,5,16,5,3,5,2,0,0,1,0,0,0,0,0,4.99034E+20,5.39265E+21,8.98687E+15,4.86869E+16
46605,8,3,17,8,2018,5,23,7,2,8,1,2,0,0,0,1,0,0,0,4.42552E+20,5.36564E+21,8.22323E+15,4.84413E+16
46606,8,1,11,0,2018,5,5,5,3,8,1,1,0,1,0,0,0,0,1,5.12694E+20,5.40648E+21,9.1729E+15,4.88112E+16
46607,8,2,26,37,2018,5,13,6,3,2,6,0,0,0,0,0,0,1,0,4.66898E+20,5.47035E+21,8.54391E+15,4.9385E+16
46608,8,1,25,26,2018,5,19,7,3,8,1,0,0,1,0,0,0,0,0,4.92179E+20,5.44345E+21,8.89276E+15,4.91438E+16
46609,8,1,36,65,2018,5,7,4,3,2,7,0,0,1,0,0,0,0,0,5.59734E+20,5.40596E+21,9.81349E+15,4.88038E+16
46610,8,1,36,45,2018,5,10,2,2,5,3,0,0,1,0,1,0,0,0,5.95395E+20,5.402E+21,1.02981E+16,4.87637E+16
46611,8,4,35,29,2018,5,12,4,3,8,3,0,1,1,0,0,0,0,1,5.45314E+20,5.2727E+21,9.60289E+15,4.76061E+16
46612,8,3,26,74,2018,5,17,1,3,4,6,0,0,1,0,0,0,0,1,4.67427E+20,5.32525E+21,8.56266E+15,4.80797E+16
46613,8,4,35,16,2018,5,11,4,3,2,6,0,0,1,0,0,0,1,0,5.35605E+20,5.27878E+21,9.47421E+15,4.76615E+16
46614,8,2,26,96,2018,5,6,7,3,2,6,0,0,1,0,0,0,1,0,4.73284E+20,5.48723E+21,8.63076E+15,4.95371E+16
46615,8,4,17,79,2018,5,17,4,3,2,6,0,0,1,0,0,0,0,0,5.0112E+20,5.34508E+21,9.0151E+15,4.82589E+16
46616,8,2,21,0,2018,5,15,6,3,2,6,0,0,1,0,1,0,0,0,4.73498E+20,5.46971E+21,8.63488E+15,4.93795E+16
46617,8,4,36,4,2018,5,18,6,3,2,6,0,0,1,0,0,0,0,0,5.82129E+20,5.31025E+21,1.00997E+16,4.79403E+16
46618,8,4,15,50,2018,5,7,4,3,5,3,0,1,1,0,0,0,0,1,5.21469E+20,5.37606E+21,9.29084E+15,4.85373E+16
46619,8,2,26,98,2018,5,15,7,3,2,6,0,0,1,0,0,0,0,0,4.77131E+20,5.45805E+21,8.6856E+15,4.92748E+16
46620,8,4,36,9,2018,5,12,4,2,8,1,0,0,1,0,0,0,0,1,5.54005E+20,5.30676E+21,9.72275E+15,4.79119E+16
46621,8,2,26,105,2018,5,17,6,3,2,6,0,0,1,0,0,0,0,0,4.69865E+20,5.47697E+21,8.58429E+15,4.94446E+16
46622,8,4,25,31,2018,5,1,7,3,3,1,2,0,1,0,0,1,1,0,5.62216E+20,5.37231E+21,9.84223E+15,4.85009E+16
46623,8,3,26,31,2018,5,11,4,3,2,6,0,0,1,0,0,0,0,1,4.5697E+20,5.33187E+21,8.4216E+15,4.81387E+16
46624,8,1,27,76,2018,5,5,2,3,5,3,0,0,1,0,0,0,0,0,5.6132E+20,5.43806E+21,9.83992E+15,4.90923E+16
46625,8,3,26,17,2018,5,11,4,3,0,5,0,0,1,0,1,0,0,0,4.40778E+20,5.32221E+21,8.20532E+15,4.80504E+16
46626,8,1,36,9,2018,5,17,1,3,2,2,0,0,1,0,1,0,0,0,5.68174E+20,5.407E+21,9.92859E+15,4.88122E+16
46627,8,3,25,53,2018,5,13,4,3,8,1,0,0,1,0,0,0,0,1,4.55619E+20,5.34282E+21,8.4023E+15,4.8237E+16
46628,8,2,26,28,2018,5,10,6,3,3,6,0,0,1,0,0,1,0,0,4.73726E+20,5.48561E+21,8.63697E+15,4.95225E+16
46629,8,2,31,0,2018,5,21,7,3,5,2,2,0,1,0,0,0,0,0,4.76111E+20,5.41623E+21,8.67405E+15,4.88985E+16
46630,8,3,25,49,2018,5,16,4,3,5,3,0,1,1,0,0,0,0,1,4.71538E+20,5.33449E+21,8.61724E+15,4.8163E+16
46631,8,2,15,103,2018,5,15,6,3,2,6,0,0,1,0,0,1,0,0,4.67667E+20,5.44338E+21,8.55668E+15,4.91424E+16
46632,8,4,17,54,2018,5,15,6,2,5,3,0,1,1,0,0,0,0,0,4.79462E+20,5.34289E+21,8.72339E+15,4.82389E+16
46633,8,4,35,59,2018,5,13,6,3,2,6,0,0,1,0,0,0,0,0,5.12581E+20,5.29069E+21,9.16791E+15,4.77695E+16
46634,8,3,26,12,2018,5,12,4,2,2,6,0,0,1,0,0,1,0,1,4.63582E+20,5.31318E+21,8.51206E+15,4.79709E+16
46635,8,1,16,33,2018,5,13,2,3,5,3,0,1,1,0,0,0,0,0,5.35099E+20,5.38952E+21,9.47662E+15,4.86578E+16
46636,8,4,17,22,2018,5,19,4,2,2,6,0,0,1,0,1,0,0,1,4.86134E+20,5.34832E+21,8.81308E+15,4.82879E+16
46637,8,3,17,26,2018,5,12,4,2,0,7,0,0,0,0,1,0,0,1,4.11358E+20,5.34594E+21,7.80566E+15,4.82604E+16
46638,8,3,17,57,2018,5,6,4,2,0,1,1,0,0,0,1,0,0,1,4.12813E+20,5.37408E+21,7.81942E+15,4.85138E+16
46639,8,4,35,57,2018,5,13,7,3,5,3,0,1,1,0,0,0,0,0,5.41589E+20,5.27971E+21,9.554E+15,4.76694E+16
46640,8,3,15,20,2018,5,9,4,3,8,1,0,0,1,0,0,0,0,1,4.27823E+20,5.30841E+21,8.03382E+15,4.7925E+16
46641,8,2,15,101,2018,5,1,6,2,5,3,2,1,0,0,0,0,1,0,4.66735E+20,5.42586E+21,8.54535E+15,4.89848E+16
46642,8,1,25,68,2018,5,14,2,3,3,6,0,0,1,0,1,0,0,0,5.16446E+20,5.45817E+21,9.2261E+15,4.92761E+16
46643,8,3,15,6,2018,5,20,4,3,5,3,0,0,1,0,0,0,0,0,4.00494E+20,5.3119E+21,7.66726E+15,4.79527E+16
46644,8,3,11,0,2018,5,19,4,2,3,1,0,1,0,0,1,0,0,1,4.14615E+20,5.31758E+21,7.85523E+15,4.80058E+16
46645,8,3,36,81,2018,5,7,4,2,5,3,0,1,1,0,0,0,0,1,4.12223E+20,5.27801E+21,7.83118E+15,4.76495E+16
46646,8,1,25,24,2018,5,12,1,2,5,2,0,0,1,0,0,0,0,0,5.23335E+20,5.44406E+21,9.31999E+15,4.91489E+16
46647,8,2,15,96,2018,5,16,4,3,2,6,0,0,1,0,0,0,0,0,4.63499E+20,5.41735E+21,8.50188E+15,4.8908E+16
46648,8,2,37,19,2018,5,12,6,3,4,2,0,0,1,0,1,0,0,0,4.62996E+20,5.36883E+21,8.49936E+15,4.84715E+16
46649,8,2,15,7,2018,5,12,7,1,9,6,0,0,1,0,0,0,1,0,4.7397E+20,5.43007E+21,8.64395E+15,4.90229E+16
46650,8,2,35,46,2018,5,17,4,3,2,5,0,0,1,0,0,0,0,1,4.79784E+20,5.37878E+21,8.72601E+15,4.85618E+16
46651,8,2,37,30,2018,5,10,6,3,3,2,0,0,0,0,1,0,1,0,4.62702E+20,5.36544E+21,8.49569E+15,4.8441E+16
46652,8,2,26,103,2018,5,18,2,2,2,6,0,0,1,0,0,0,0,0,4.71316E+20,5.45656E+21,8.60576E+15,4.92611E+16
46653,8,4,25,20,2018,5,18,6,3,0,2,0,0,0,0,1,0,0,0,5.6027E+20,5.35806E+21,9.81385E+15,4.83728E+16
46654,8,2,36,70,2018,5,0,4,3,1,1,2,0,1,0,0,0,0,1,4.69212E+20,5.41648E+21,8.5799E+15,4.89005E+16
46655,8,3,35,77,2018,5,8,6,3,2,2,0,0,1,0,0,0,0,0,4.95133E+20,5.29158E+21,8.93503E+15,4.77775E+16
46656,8,1,11,0,2018,5,20,2,2,0,1,1,1,0,0,0,0,0,0,5.15872E+20,5.40515E+21,9.21613E+15,4.87991E+16
46657,8,2,22,0,2018,5,11,4,2,5,3,0,0,1,1,0,0,0,0,4.61891E+20,5.48138E+21,8.47386E+15,4.94838E+16
46658,8,2,21,0,2018,5,17,4,3,0,1,0,1,0,0,0,0,1,1,4.77537E+20,5.47049E+21,8.69048E+15,4.93867E+16
46659,8,3,35,43,2018,5,23,7,3,0,3,2,1,1,0,0,0,0,0,5.13841E+20,5.27956E+21,9.18437E+15,4.76693E+16
46660,8,2,16,43,2018,5,17,4,3,2,6,0,0,1,0,0,0,0,0,4.44814E+20,5.41237E+21,8.24757E+15,4.88619E+16
46661,8,2,35,6,2018,5,19,6,3,8,1,0,0,0,0,1,0,0,0,4.70851E+20,5.38216E+21,8.60469E+15,4.85918E+16
46662,8,1,26,66,2018,5,18,7,3,8,1,0,0,0,0,1,0,0,0,5.36361E+20,5.449E+21,9.49905E+15,4.91927E+16
46663,8,2,15,17,2018,5,6,4,3,5,3,1,1,1,0,0,0,0,1,4.54243E+20,5.42041E+21,8.37523E+15,4.89349E+16
46664,8,2,35,85,2018,5,19,6,3,8,1,0,0,1,0,0,0,0,0,4.81829E+20,5.39556E+21,8.75298E+15,4.87128E+16
46665,8,1,36,88,2018,5,19,7,3,5,3,0,0,1,0,1,0,0,0,5.86792E+20,5.4064E+21,1.0182E+16,4.88045E+16
46666,8,2,16,63,2018,5,5,4,3,4,6,2,0,1,0,0,0,0,1,4.32089E+20,5.3994E+21,8.07624E+15,4.87439E+16
46667,8,2,31,0,2018,5,1,6,2,1,1,2,0,1,0,0,0,0,0,4.79754E+20,5.41786E+21,8.72367E+15,4.89134E+16
46668,8,2,35,80,2018,5,13,2,2,0,6,0,0,1,0,0,0,0,0,4.75366E+20,5.38743E+21,8.66562E+15,4.86395E+16
46669,8,3,26,74,2018,5,14,6,3,3,6,0,0,1,0,0,0,0,0,4.71986E+20,5.32125E+21,8.62413E+15,4.80439E+16
46670,8,1,25,111,2018,5,19,4,3,8,1,0,0,1,0,0,0,0,1,5.25709E+20,5.45628E+21,9.35333E+15,4.92587E+16
46671,8,4,17,25,2018,5,15,1,3,4,1,0,0,1,0,0,0,0,1,4.85208E+20,5.35542E+21,8.80034E+15,4.83518E+16
46672,8,1,25,103,2018,5,19,4,3,1,1,0,0,1,0,0,1,0,1,5.30041E+20,5.46334E+21,9.4134E+15,4.9322E+16
46673,8,1,11,0,2018,5,15,4,3,2,6,0,0,1,0,0,0,0,1,5.06611E+20,5.40897E+21,9.09008E+15,4.88337E+16
46674,8,3,17,126,2018,5,15,7,3,8,1,0,0,0,0,1,0,0,1,4.42346E+20,5.38153E+21,8.21824E+15,4.85842E+16
46675,8,1,15,28,2018,5,6,4,3,2,6,0,0,1,0,0,0,0,1,5.01371E+20,5.40402E+21,9.01866E+15,4.87892E+16
46676,8,2,21,0,2018,5,14,6,3,5,3,0,1,0,0,0,0,0,0,4.76575E+20,5.47196E+21,8.67714E+15,4.93999E+16
46677,8,1,18,47,2018,5,1,7,3,0,7,2,1,0,0,0,0,0,0,5.07661E+20,5.4281E+21,9.10475E+15,4.90057E+16
46678,8,1,36,75,2018,5,12,4,3,3,6,0,1,1,0,0,0,0,1,5.99899E+20,5.42237E+21,1.03644E+16,4.89461E+16
46679,8,1,35,19,2018,5,11,2,3,5,3,0,0,1,0,0,0,0,0,5.85125E+20,5.39225E+21,1.01564E+16,4.86775E+16
46680,8,1,36,82,2018,5,5,4,3,0,6,1,0,0,0,0,1,1,1,5.85643E+20,5.41412E+21,1.0168E+16,4.88741E+16
46681,8,2,26,103,2018,5,12,1,3,2,6,0,0,1,0,0,0,0,0,4.71709E+20,5.45728E+21,8.61112E+15,4.92676E+16
46682,8,1,35,32,2018,5,8,4,3,8,1,0,0,0,0,0,0,1,1,5.7659E+20,5.39139E+21,1.00403E+16,4.86709E+16
46683,8,3,17,1,2018,5,13,2,2,8,7,0,1,0,0,0,0,0,0,4.32267E+20,5.38676E+21,8.08073E+15,4.86302E+16
46684,8,1,35,20,2018,5,17,4,3,2,6,0,0,1,0,0,0,0,1,5.85922E+20,5.38702E+21,1.01661E+16,4.86304E+16
46685,8,3,35,43,2018,5,20,1,3,5,3,2,0,1,0,0,0,1,0,5.13638E+20,5.27959E+21,9.18167E+15,4.76696E+16
46686,8,1,35,20,2018,5,16,4,3,6,4,0,0,1,1,0,0,0,0,5.84882E+20,5.38739E+21,1.01521E+16,4.86338E+16
46687,8,2,36,19,2018,5,10,7,3,2,6,0,0,1,0,0,0,0,0,4.87388E+20,5.40974E+21,8.82812E+15,4.88405E+16
46688,8,1,17,24,2018,5,18,4,2,5,3,0,0,1,0,0,0,0,1,5.67603E+20,5.38797E+21,9.91769E+15,4.86411E+16
46689,8,2,15,17,2018,5,20,6,3,5,3,1,1,1,0,0,0,0,0,4.57265E+20,5.42088E+21,8.41644E+15,4.89394E+16
46690,8,1,15,16,2018,5,10,7,3,5,3,0,0,1,0,1,0,0,0,4.86635E+20,5.37783E+21,8.81889E+15,4.85534E+16
46691,8,1,28,131,2018,5,18,4,2,5,3,0,1,1,0,0,0,0,0,5.36288E+20,5.51445E+21,9.50406E+15,4.97814E+16
46692,8,4,15,61,2018,5,15,3,3,5,3,0,1,1,0,0,0,0,0,5.15202E+20,5.37214E+21,9.20579E+15,4.85022E+16
46693,8,1,27,9,2018,5,10,2,1,7,1,0,0,0,0,1,0,0,0,5.57978E+20,5.44606E+21,9.79529E+15,4.91646E+16
46694,8,1,25,103,2018,5,19,4,2,2,1,0,0,1,0,0,0,0,0,5.30064E+20,5.46348E+21,9.41372E+15,4.93233E+16
46695,8,1,27,8,2018,5,21,4,3,4,1,2,0,1,0,1,0,0,0,5.72621E+20,5.46009E+21,9.99867E+15,4.92892E+16
46696,8,2,25,32,2018,5,13,1,2,0,1,0,0,0,0,1,0,0,0,5.35438E+20,5.49878E+21,9.49083E+15,4.96405E+16
46697,8,1,27,102,2018,5,14,4,3,3,1,0,0,1,0,0,0,0,0,5.86548E+20,5.43528E+21,1.01848E+16,4.90643E+16
46698,8,2,11,0,2018,5,18,6,3,9,1,0,0,0,0,1,0,0,0,4.43821E+20,5.39588E+21,8.23629E+15,4.87134E+16
46699,8,2,36,40,2018,5,9,7,2,8,7,0,0,1,0,0,0,0,0,4.89985E+20,5.4195E+21,8.86327E+15,4.89283E+16
46700,8,1,36,38,2018,5,16,4,3,8,1,0,0,1,0,0,0,0,1,5.87838E+20,5.41144E+21,1.01973E+16,4.88497E+16
46701,8,1,18,79,2018,5,17,6,3,1,7,0,0,1,0,0,1,0,0,5.09975E+20,5.42204E+21,9.13625E+15,4.89512E+16
46702,8,3,15,102,2018,5,12,2,2,2,6,0,0,1,0,1,0,0,0,4.39692E+20,5.29467E+21,8.1946E+15,4.78025E+16
46703,8,2,12,0,2018,5,19,7,3,5,3,0,0,1,0,0,0,0,0,4.55598E+20,5.43409E+21,8.39223E+15,4.90581E+16
46704,8,1,25,98,2018,5,16,4,2,8,1,0,0,1,0,0,1,0,1,5.21277E+20,5.43744E+21,9.29141E+15,4.90895E+16
46705,8,4,36,9,2018,5,19,6,3,2,6,0,1,1,0,0,0,0,0,5.55189E+20,5.30789E+21,9.73873E+15,4.7922E+16
46706,8,1,25,21,2018,5,16,4,3,2,6,0,0,1,0,0,0,0,1,5.26802E+20,5.44739E+21,9.36775E+15,4.91787E+16
46707,8,1,18,73,2018,5,14,2,2,8,1,0,0,0,0,1,0,0,0,5.00396E+20,5.42629E+21,9.00541E+15,4.89895E+16
46708,8,1,25,46,2018,5,17,4,3,5,2,0,1,1,0,0,0,0,1,5.19097E+20,5.43404E+21,9.26141E+15,4.90589E+16
46709,8,1,25,59,2018,5,6,4,3,9,1,0,0,1,0,0,0,0,1,5.288E+20,5.43785E+21,9.39449E+15,4.90928E+16
46710,8,1,25,39,2018,5,17,4,3,0,1,0,0,1,0,0,0,0,0,5.12718E+20,5.45773E+21,9.17483E+15,4.92722E+16
46711,8,4,36,11,2018,5,8,7,3,9,1,0,0,1,0,0,0,0,0,5.46139E+20,5.29693E+21,9.61644E+15,4.78241E+16
46712,8,1,19,8,2018,5,11,4,3,2,6,0,0,1,0,0,0,0,1,5.31992E+20,5.4203E+21,9.43682E+15,4.89348E+16
46713,8,1,18,63,2018,5,20,7,3,3,7,1,0,1,0,0,0,0,0,5.16583E+20,5.42403E+21,9.22659E+15,4.8969E+16
46714,8,1,18,73,2018,5,6,4,3,3,6,1,0,1,0,1,0,0,1,4.97396E+20,5.42081E+21,8.96444E+15,4.89402E+16
46715,8,2,37,4,2018,5,11,2,3,3,2,0,0,1,0,1,0,0,0,4.48868E+20,5.37507E+21,8.30747E+15,4.85266E+16
46716,8,4,15,78,2018,5,17,6,3,8,1,0,0,0,0,1,0,0,0,5.3085E+20,5.368E+21,9.41733E+15,4.84644E+16
46717,8,1,18,11,2018,5,18,4,3,2,6,0,1,1,0,0,0,0,1,5.05146E+20,5.40785E+21,9.0701E+15,4.88236E+16
46718,8,4,35,59,2018,5,11,1,3,0,1,0,0,0,0,1,0,0,0,5.1428E+20,5.29038E+21,9.19057E+15,4.77666E+16
46719,8,1,18,79,2018,5,14,4,3,1,1,0,0,1,0,1,0,0,1,5.08613E+20,5.42354E+21,9.11768E+15,4.89647E+16
46720,8,4,37,114,2018,5,18,6,3,8,6,0,0,1,0,0,1,0,0,5.14658E+20,5.33327E+21,9.19709E+15,4.81525E+16
46721,8,1,18,47,2018,5,20,4,2,8,1,0,0,0,0,1,0,0,0,5.08569E+20,5.42707E+21,9.11714E+15,4.89965E+16
46722,8,1,16,79,2018,5,13,2,2,8,1,0,0,0,0,1,0,0,0,5.37847E+20,5.37538E+21,9.51264E+15,4.85304E+16
46723,8,1,17,42,2018,5,18,4,3,8,1,0,0,1,0,0,0,0,1,5.54286E+20,5.39373E+21,9.7377E+15,4.86943E+16
46724,8,1,16,70,2018,5,18,4,3,5,3,0,1,1,0,0,0,0,0,5.39609E+20,5.38486E+21,9.53741E+15,4.86155E+16
46725,8,1,16,71,2018,5,6,4,2,5,3,0,1,1,0,0,0,0,1,5.28133E+20,5.39103E+21,9.38212E+15,4.86717E+16
46726,8,4,16,22,2018,5,10,7,2,5,3,0,0,1,0,1,0,0,0,5.0972E+20,5.37584E+21,9.13167E+15,4.85356E+16
46727,8,1,16,77,2018,5,9,4,3,2,6,0,0,1,0,0,0,0,1,5.16555E+20,5.38997E+21,9.22482E+15,4.86625E+16
46728,8,1,35,19,2018,5,15,7,2,0,3,0,1,0,0,0,0,0,0,5.85508E+20,5.3912E+21,1.01614E+16,4.8668E+16
46729,8,1,16,19,2018,5,11,4,3,0,1,0,0,0,0,1,0,0,1,5.23793E+20,5.39765E+21,9.32356E+15,4.87314E+16
46730,8,2,26,84,2018,5,20,2,3,9,1,0,0,1,0,0,0,0,0,4.67289E+20,5.4659E+21,8.54966E+15,4.93449E+16
46731,8,1,15,3,2018,5,18,4,3,1,6,0,0,1,0,0,0,0,1,4.99765E+20,5.39252E+21,8.9968E+15,4.86857E+16
46732,8,4,15,78,2018,5,15,1,3,8,1,0,0,0,0,1,0,0,0,5.32354E+20,5.3706E+21,9.43786E+15,4.84877E+16
46733,8,1,15,3,2018,5,18,4,3,0,7,0,0,1,0,0,0,0,1,5.00221E+20,5.39224E+21,9.003E+15,4.86832E+16
46734,8,3,16,17,2018,5,1,7,3,1,5,2,0,1,0,0,0,0,0,4.09189E+20,5.34204E+21,7.77729E+15,4.82251E+16
46735,8,1,11,0,2018,5,17,4,3,5,3,0,0,1,0,0,0,0,1,5.14616E+20,5.40156E+21,9.1989E+15,4.87669E+16
46736,8,3,27,2,2018,5,7,6,3,2,6,0,0,1,0,0,0,0,0,4.78475E+20,5.32726E+21,8.7109E+15,4.80983E+16
46737,8,1,11,0,2018,5,14,4,2,2,6,0,0,0,0,1,0,0,0,5.12192E+20,5.40702E+21,9.16608E+15,4.8816E+16
46738,8,2,37,54,2018,5,18,7,2,4,2,0,0,1,0,1,0,0,0,4.69799E+20,5.37659E+21,8.59083E+15,4.85417E+16
46739,8,1,11,0,2018,5,13,4,3,6,7,0,0,0,1,1,0,0,1,5.13267E+20,5.40111E+21,9.18053E+15,4.87629E+16
46740,8,1,25,68,2018,5,17,7,1,4,1,0,0,1,0,1,0,0,0,5.22655E+20,5.46265E+21,9.31171E+15,4.93161E+16
46741,8,1,11,0,2018,5,20,4,2,1,5,1,1,1,0,0,0,0,0,5.17229E+20,5.40597E+21,9.23465E+15,4.88064E+16
46742,8,1,36,19,2018,5,16,2,2,8,1,0,0,0,0,1,0,0,0,5.82127E+20,5.42479E+21,1.01222E+16,4.89705E+16
46743,8,1,11,0,2018,5,6,4,3,5,3,0,1,1,0,0,0,0,1,5.15778E+20,5.40361E+21,9.21479E+15,4.87852E+16
46744,8,3,26,74,2018,5,20,1,3,0,1,0,0,0,0,1,0,0,1,4.66167E+20,5.3238E+21,8.54586E+15,4.80666E+16
46745,8,4,35,29,2018,5,14,3,3,3,2,0,0,0,0,1,1,0,1,5.44059E+20,5.27305E+21,9.58623E+15,4.76094E+16
46746,8,2,26,96,2018,5,6,7,2,2,1,1,0,1,0,0,0,0,0,4.73343E+20,5.48702E+21,8.63158E+15,4.95352E+16
46747,8,4,35,34,2018,5,8,3,3,8,1,0,0,1,0,0,0,0,0,5.27955E+20,5.28566E+21,9.37277E+15,4.77238E+16
46748,8,4,37,105,2018,5,14,6,3,2,6,0,0,1,0,0,0,0,0,5.18664E+20,5.32453E+21,9.25056E+15,4.80737E+16
46749,8,4,35,16,2018,5,7,3,3,3,6,0,1,0,0,0,0,0,0,5.37946E+20,5.27728E+21,9.50526E+15,4.76478E+16
46750,8,4,16,23,2018,5,21,3,3,8,1,2,0,1,0,0,0,0,1,5.09624E+20,5.37157E+21,9.13027E+15,4.84972E+16
46751,8,1,25,65,2018,5,12,2,3,8,1,0,0,0,0,1,0,0,0,5.15823E+20,5.4478E+21,9.21712E+15,4.91828E+16
46752,8,1,36,65,2018,5,12,6,3,6,4,0,0,1,1,0,0,0,0,5.59555E+20,5.40444E+21,9.81083E+15,4.87901E+16
46753,8,2,36,40,2018,5,15,5,3,2,6,0,0,1,0,0,0,0,0,4.84935E+20,5.41967E+21,8.79432E+15,4.89298E+16
46754,8,2,16,7,2018,5,19,7,3,0,1,0,1,0,0,0,0,0,0,4.31546E+20,5.39596E+21,8.06943E+15,4.87129E+16
46755,8,2,25,58,2018,5,8,5,3,3,1,0,0,0,0,0,0,1,0,5.10654E+20,5.46699E+21,9.14671E+15,4.93555E+16
46756,8,4,35,5,2018,5,15,6,2,8,1,0,0,1,0,0,0,0,0,5.24967E+20,5.28472E+21,9.33287E+15,4.77154E+16
46757,8,2,26,84,2018,5,6,5,2,9,1,0,0,1,0,0,0,0,0,4.67723E+20,5.4686E+21,8.55542E+15,4.93693E+16
46758,8,1,25,108,2018,5,16,6,3,4,6,0,0,0,0,1,0,0,0,4.94008E+20,5.43193E+21,8.91801E+15,4.90402E+16
46759,8,2,16,39,2018,5,17,5,3,4,6,0,0,1,0,0,0,1,0,4.42274E+20,5.4152E+21,8.21255E+15,4.88871E+16
46760,8,3,37,2,2018,5,14,7,3,1,6,0,0,1,0,0,0,0,0,4.35119E+20,5.27149E+21,8.13698E+15,4.75936E+16
46761,8,2,15,66,2018,5,12,5,3,0,7,0,1,0,0,0,0,1,0,4.6139E+20,5.45349E+21,8.46964E+15,4.9233E+16
46762,8,1,19,93,2018,5,14,7,3,2,6,0,0,1,0,0,0,0,0,5.24592E+20,5.40619E+21,9.33494E+15,4.88082E+16
46763,8,2,15,9,2018,5,11,5,3,2,2,0,0,1,0,0,0,0,0,4.74959E+20,5.43559E+21,8.65714E+15,4.90726E+16
46764,8,2,12,0,2018,5,22,5,3,5,3,2,1,0,0,0,0,0,0,4.55226E+20,5.42903E+21,8.3877E+15,4.90125E+16
46765,8,2,35,33,2018,5,17,6,2,2,6,0,0,1,0,1,0,0,0,4.57806E+20,5.40743E+21,8.42521E+15,4.88184E+16
46766,8,2,16,49,2018,5,2,5,1,9,7,2,0,1,0,0,0,0,0,4.32774E+20,5.39955E+21,8.08554E+15,4.87453E+16
46767,8,1,36,88,2018,5,17,5,3,2,1,0,0,0,0,1,0,1,1,5.85148E+20,5.40589E+21,1.01595E+16,4.88002E+16
46768,8,2,25,14,2018,5,15,1,2,4,6,0,0,1,0,0,0,0,0,5.18427E+20,5.48265E+21,9.25448E+15,4.94962E+16
46769,8,1,16,77,2018,5,15,6,3,2,6,0,0,1,0,0,0,0,0,5.16998E+20,5.39073E+21,9.23087E+15,4.86694E+16
46770,8,1,35,16,2018,5,10,5,3,5,3,0,0,1,0,0,0,0,0,5.89936E+20,5.39026E+21,1.02213E+16,4.86589E+16
46771,8,1,27,102,2018,5,21,5,3,5,2,0,0,1,0,0,0,0,1,5.88281E+20,5.43863E+21,1.02093E+16,4.90942E+16
46772,8,1,19,67,2018,5,10,6,2,5,3,0,1,1,0,0,0,0,0,5.39728E+20,5.40598E+21,9.54106E+15,4.88055E+16
46773,8,4,15,59,2018,5,9,5,3,4,6,0,1,0,0,0,0,0,0,5.16554E+20,5.37015E+21,9.22402E+15,4.84842E+16