OBJECTID_1,ULAND,UREGBEZ,UKREIS,UGEMEINDE,UJAHR,UMONAT,USTUNDE,UWOCHENTAG,UKATEGORIE,UART,UTYP1,ULICHTVERH,IstRad,IstPKW,IstFuss,IstKrad,IstGkfz,IstSonstig,STRZUSTAND,LINREFX,LINREFY,XGCSWGS84,YGCSWGS84
46774,8,2,25,9,2018,5,11,5,2,9,1,0,0,1,0,0,0,0,0,5.20135E+20,5.46718E+21,9.27726E+15,4.9357E+16
46775,8,2,37,40,2018,5,17,2,3,8,7,0,0,1,0,0,0,0,0,4.74273E+20,5.36046E+21,8.65245E+15,4.83968E+16
46776,8,3,35,79,2018,5,9,7,3,5,3,0,0,1,0,1,0,0,0,4.97928E+20,5.30414E+21,8.97228E+15,4.78906E+16
46777,8,1,21,0,2018,5,14,5,3,1,6,0,0,1,0,0,0,0,0,5.15959E+20,5.44629E+21,9.21893E+15,4.91692E+16
46778,8,1,11,0,2018,5,16,7,3,5,3,0,0,1,0,1,0,0,0,5.15475E+20,5.40333E+21,9.21066E+15,4.87828E+16
46779,8,1,19,20,2018,5,8,5,3,2,6,0,0,1,0,1,0,0,1,5.20238E+20,5.40527E+21,9.27559E+15,4.88001E+16
46780,8,2,22,0,2018,5,11,6,3,5,3,0,0,1,0,0,0,0,0,4.59851E+20,5.48983E+21,8.44483E+15,4.95598E+16
46781,8,1,18,60,2018,5,16,5,3,1,7,0,0,1,0,0,0,0,0,5.24535E+20,5.42865E+21,9.33552E+15,4.90102E+16
46782,8,1,18,63,2018,5,14,5,3,8,1,0,0,1,0,0,0,0,1,5.15988E+20,5.42489E+21,9.21848E+15,4.89767E+16
46783,8,1,25,6,2018,5,17,1,3,3,6,0,0,0,0,1,0,0,0,5.05739E+20,5.45099E+21,9.07879E+15,4.92117E+16
46784,8,4,37,88,2018,5,13,5,3,0,1,0,1,0,0,0,0,0,0,5.19419E+20,5.30777E+21,9.25993E+15,4.7923E+16
46785,8,1,18,49,2018,5,15,5,3,8,1,0,0,0,0,1,0,0,1,5.2469E+20,5.42366E+21,9.33733E+15,4.89653E+16
46786,8,3,16,38,2018,5,6,7,1,0,1,0,1,0,0,0,0,0,0,3.96488E+20,5.33331E+21,7.60844E+15,4.81446E+16
46787,8,1,16,35,2018,5,19,5,3,2,6,0,0,1,0,0,0,1,1,5.26122E+20,5.39096E+21,9.3548E+15,4.86711E+16
46788,8,4,17,2,2018,5,11,6,3,5,3,0,0,1,0,0,0,0,0,4.87191E+20,5.34273E+21,8.8275E+15,4.82377E+16
46789,8,3,17,129,2018,5,14,7,3,8,6,0,0,1,0,1,0,0,0,4.28489E+20,5.34886E+21,8.03596E+15,4.82889E+16
46790,8,1,18,48,2018,5,11,5,3,2,6,0,0,1,0,0,0,1,0,5.14223E+20,5.41585E+21,9.19405E+15,4.88954E+16
46791,8,4,26,28,2018,5,16,6,3,5,3,0,0,1,0,1,0,0,0,5.6938E+20,5.3432E+21,9.9344E+15,4.82382E+16
46792,8,1,17,24,2018,5,17,5,2,1,6,0,0,1,0,0,0,0,1,5.60296E+20,5.38527E+21,9.81812E+15,4.86176E+16
46793,8,2,16,49,2018,5,17,6,3,6,4,0,0,1,1,0,0,0,0,4.386E+20,5.40234E+21,8.16436E+15,4.8771E+16
46794,8,1,16,77,2018,5,16,5,3,6,4,0,0,1,1,0,0,0,0,5.16179E+20,5.39179E+21,9.21978E+15,4.86789E+16
46795,8,1,15,21,2018,5,11,5,3,0,7,0,0,0,0,0,0,1,0,4.89804E+20,5.38118E+21,8.86175E+15,4.85836E+16
46796,8,1,11,0,2018,5,5,1,3,9,1,1,0,1,0,0,0,0,0,5.08177E+20,5.39855E+21,9.11121E+15,4.87399E+16
46797,8,4,35,15,2018,5,18,5,2,4,1,0,1,1,0,0,0,0,0,5.16616E+20,5.29886E+21,9.22207E+15,4.78428E+16
46798,8,1,11,0,2018,5,7,5,3,5,2,0,1,1,0,0,0,0,0,5.13262E+20,5.40659E+21,9.18064E+15,4.88121E+16
46799,8,2,16,49,2018,5,4,7,3,8,1,2,0,1,0,0,0,0,0,4.37091E+20,5.40268E+21,8.14378E+15,4.8774E+16
46800,8,4,36,18,2018,5,17,4,3,9,7,0,0,1,0,0,0,0,0,5.55031E+20,5.28438E+21,9.73364E+15,4.77104E+16
46801,8,4,36,85,2018,5,8,6,2,3,6,0,1,1,0,0,0,0,0,5.58406E+20,5.29444E+21,9.77998E+15,4.78006E+16
46802,8,4,35,20,2018,5,23,4,3,4,1,2,0,1,0,0,0,0,0,5.23287E+20,5.29626E+21,9.3111E+15,4.78193E+16
46803,8,1,27,62,2018,5,12,6,2,4,6,0,0,1,0,0,0,1,0,5.50903E+20,5.43186E+21,9.69647E+15,4.90375E+16
46804,8,4,35,16,2018,5,11,4,3,2,6,0,0,1,0,0,1,0,0,5.32819E+20,5.27854E+21,9.43709E+15,4.76594E+16
46805,8,4,15,53,2018,5,10,7,3,8,6,0,0,1,0,0,0,1,0,5.38522E+20,5.35788E+21,9.52017E+15,4.83729E+16
46806,8,4,15,61,2018,5,10,4,2,5,3,0,0,1,0,0,0,0,1,5.11844E+20,5.37096E+21,9.1603E+15,4.84917E+16
46807,8,1,36,88,2018,5,9,6,3,6,4,0,0,1,1,0,0,0,0,5.80493E+20,5.40928E+21,1.00968E+16,4.88312E+16
46808,8,4,16,49,2018,5,15,4,3,5,3,0,0,1,0,0,0,0,0,4.90935E+20,5.37145E+21,8.87729E+15,4.84961E+16
46809,8,4,36,9,2018,5,17,7,3,0,1,0,1,0,0,0,0,0,0,5.55808E+20,5.30926E+21,9.74719E+15,4.79342E+16
46810,8,4,15,85,2018,5,17,4,2,8,1,0,0,0,0,1,0,0,0,5.33123E+20,5.34204E+21,9.44603E+15,4.82307E+16
46811,8,3,26,27,2018,5,12,2,2,4,6,0,0,1,0,1,0,0,0,4.63105E+20,5.30492E+21,8.50639E+15,4.78965E+16
46812,8,2,15,108,2018,5,15,7,3,8,1,0,0,1,0,0,0,0,0,4.47574E+20,5.42373E+21,8.28374E+15,4.89642E+16
46813,8,4,15,39,2018,5,16,4,3,2,6,0,0,1,0,0,0,0,0,5.30013E+20,5.37399E+21,9.40643E+15,4.85183E+16
46814,8,2,37,75,2018,5,13,6,2,5,2,0,0,1,0,1,0,0,0,4.48445E+20,5.35949E+21,8.30365E+15,4.83865E+16
46815,8,3,15,76,2018,5,16,4,3,2,6,0,0,1,0,0,0,0,0,3.93557E+20,5.30431E+21,7.57626E+15,4.78833E+16
46816,8,3,37,125,2018,5,18,4,3,8,1,0,0,1,0,0,0,0,0,4.47761E+20,5.271E+21,8.30519E+15,4.75903E+16
46817,8,1,21,0,2018,5,19,6,3,3,6,0,0,1,0,1,0,0,0,5.15768E+20,5.4444E+21,9.21623E+15,4.91522E+16
46818,8,4,15,50,2018,5,19,5,3,5,2,1,0,1,0,0,0,0,1,5.21401E+20,5.37583E+21,9.28991E+15,4.85353E+16
46819,8,3,37,96,2018,5,6,4,3,4,1,1,0,1,0,1,0,0,1,4.20537E+20,5.26969E+21,7.94338E+15,4.75758E+16
46820,8,3,17,129,2018,5,17,2,2,8,6,0,0,1,0,1,0,0,0,4.27145E+20,5.34736E+21,8.01809E+15,4.82753E+16
46821,8,3,36,81,2018,5,12,7,1,8,1,0,0,0,0,1,0,0,0,4.22283E+20,5.28211E+21,7.96438E+15,4.76877E+16
46822,8,3,37,125,2018,5,17,4,1,5,3,0,0,1,0,1,0,0,0,4.49731E+20,5.26924E+21,8.33158E+15,4.75746E+16
46823,8,1,16,20,2018,5,18,7,3,2,6,0,0,1,0,0,0,0,0,5.27327E+20,5.38089E+21,9.37051E+15,4.85805E+16
46824,8,3,36,81,2018,5,17,4,3,9,1,0,0,0,0,1,0,0,0,4.09429E+20,5.27771E+21,7.79405E+15,4.76464E+16
46825,8,4,25,33,2018,5,8,5,3,5,3,0,0,1,0,0,0,0,0,5.5295E+20,5.34891E+21,9.71386E+15,4.82911E+16
46826,8,3,35,63,2018,5,17,4,3,0,7,0,1,0,0,0,0,0,0,5.00219E+20,5.28738E+21,9.00292E+15,4.77398E+16
46827,8,1,27,76,2018,5,10,7,3,5,3,0,0,1,0,1,0,0,0,5.55736E+20,5.44184E+21,9.76396E+15,4.91268E+16
46828,8,3,25,45,2018,5,2,4,3,5,3,2,0,1,0,0,0,0,0,4.71574E+20,5.35016E+21,8.61667E+15,4.8304E+16
46829,8,3,17,1,2018,5,17,4,3,3,6,0,0,1,0,0,1,0,0,4.28588E+20,5.38821E+21,8.03056E+15,4.86429E+16
46830,8,2,36,46,2018,5,19,6,3,2,6,0,0,1,0,0,0,0,0,4.82784E+20,5.41795E+21,8.76503E+15,4.89142E+16
46831,8,3,17,65,2018,5,7,4,3,2,6,0,0,1,0,0,0,0,0,4.10655E+20,5.35706E+21,7.79385E+15,4.83604E+16
46832,8,3,36,91,2018,5,10,4,3,5,3,0,0,1,0,0,0,0,0,3.96025E+20,5.27337E+21,7.61666E+15,4.76054E+16
46833,8,1,15,15,2018,5,20,1,2,8,1,0,0,0,0,1,0,0,0,4.93451E+20,5.38679E+21,8.91111E+15,4.86341E+16
46834,8,1,15,41,2018,5,18,6,1,4,3,0,0,1,0,1,0,0,0,4.91417E+20,5.40265E+21,8.88318E+15,4.87768E+16
46835,8,3,36,105,2018,5,8,5,3,5,3,0,1,0,0,1,0,0,0,3.9884E+20,5.26755E+21,7.65543E+15,4.75535E+16
46836,8,3,11,0,2018,5,18,4,3,2,6,0,0,1,0,0,0,0,0,4.14044E+20,5.31582E+21,7.84793E+15,4.79899E+16
46837,8,3,25,24,2018,5,17,7,3,8,1,0,0,0,0,1,0,0,1,4.54866E+20,5.33602E+21,8.39288E+15,4.81758E+16
46838,8,2,22,0,2018,5,19,4,3,8,1,0,0,1,0,0,0,0,1,4.68156E+20,5.48518E+21,8.56005E+15,4.95184E+16
46839,8,4,37,88,2018,5,16,6,3,5,3,0,0,1,0,1,0,0,0,5.19381E+20,5.30778E+21,9.25943E+15,4.7923E+16
46840,8,2,16,7,2018,5,11,4,3,2,6,0,0,0,0,0,1,0,0,4.34218E+20,5.39765E+21,8.10548E+15,4.87284E+16
46841,8,2,26,95,2018,5,12,6,2,2,6,0,0,1,0,0,0,0,0,4.75196E+20,5.45983E+21,8.65889E+15,4.92907E+16
46842,8,2,36,43,2018,5,16,4,2,4,1,0,0,1,0,0,0,0,0,4.67239E+20,5.40643E+21,8.55379E+15,4.881E+16
46843,8,2,36,13,2018,5,11,4,3,1,6,0,0,1,0,0,0,0,0,4.74966E+20,5.40874E+21,8.65888E+15,4.88312E+16
46844,8,1,16,35,2018,5,5,1,2,3,6,0,0,1,0,0,0,0,0,5.27256E+20,5.39173E+21,9.37026E+15,4.86781E+16
46845,8,2,25,39,2018,5,16,4,2,2,6,0,0,1,0,0,0,0,0,5.31879E+20,5.49513E+21,9.44125E+15,4.96079E+16
46846,8,2,31,0,2018,5,19,6,3,0,7,0,0,1,0,1,0,0,1,4.77458E+20,5.41245E+21,8.69264E+15,4.88646E+16
46847,8,2,22,0,2018,5,22,4,3,0,7,2,0,0,0,1,0,0,1,4.6173E+20,5.48109E+21,8.47167E+15,4.94813E+16
46848,8,2,21,0,2018,5,10,4,3,0,7,0,1,0,0,0,0,0,1,4.76052E+20,5.47151E+21,8.66996E+15,4.93958E+16
46849,8,1,25,107,2018,5,12,1,2,2,6,0,0,0,0,1,0,0,0,5.36149E+20,5.44078E+21,9.49541E+15,4.91188E+16
46850,8,1,11,0,2018,5,17,6,3,5,2,0,1,1,0,0,0,0,0,5.09418E+20,5.39827E+21,9.12809E+15,4.87373E+16
46851,8,2,15,64,2018,5,16,4,3,5,3,0,0,1,0,0,0,0,0,4.78536E+20,5.45169E+21,8.70526E+15,4.92177E+16
46852,8,3,17,96,2018,5,5,7,3,9,1,0,0,1,0,0,0,0,0,4.18923E+20,5.36948E+21,7.90304E+15,4.84732E+16
46853,8,1,36,20,2018,5,17,4,3,5,3,0,0,1,0,0,0,1,0,5.64518E+20,5.41521E+21,9.88009E+15,4.88865E+16
46854,8,4,25,108,2018,5,13,6,2,8,1,0,0,1,0,0,0,0,0,5.56108E+20,5.35539E+21,9.75729E+15,4.83492E+16
46855,8,1,28,7,2018,5,5,4,2,7,7,1,0,0,0,1,0,0,0,5.53091E+20,5.47791E+21,9.73251E+15,4.94515E+16
46856,8,1,15,42,2018,5,21,6,2,8,1,2,0,0,0,1,0,0,0,4.96672E+20,5.40771E+21,8.95467E+15,4.88224E+16
46857,8,1,26,11,2018,5,21,4,3,9,1,2,0,0,0,1,0,0,0,5.30904E+20,5.44688E+21,9.424E+15,4.91739E+16
46858,8,3,35,43,2018,5,20,5,3,5,3,1,1,1,0,0,0,0,0,5.12058E+20,5.28089E+21,9.16066E+15,4.76813E+16
46859,8,4,25,20,2018,5,9,5,2,4,1,0,0,1,0,0,1,0,0,5.61409E+20,5.36131E+21,9.8297E+15,4.84019E+16
46860,8,1,11,0,2018,5,15,1,3,0,1,0,1,0,0,0,0,0,0,5.18535E+20,5.40635E+21,9.25245E+15,4.88098E+16
46861,8,1,26,56,2018,5,22,4,2,5,3,2,0,1,0,1,0,0,0,5.57808E+20,5.46685E+21,9.79597E+15,4.93516E+16
46862,8,2,16,17,2018,5,17,7,2,4,1,0,0,1,0,1,0,0,0,4.48018E+20,5.40173E+21,8.2926E+15,4.87664E+16
46863,8,4,36,82,2018,5,14,5,3,2,6,0,0,1,0,0,0,0,0,5.47664E+20,5.29472E+21,9.63656E+15,4.7804E+16
46864,8,1,25,49,2018,5,17,4,2,1,6,0,0,0,0,0,1,0,0,4.98064E+20,5.45214E+21,8.97341E+15,4.92221E+16
46865,8,2,26,95,2018,5,12,7,3,2,6,0,0,1,0,0,0,0,0,4.72294E+20,5.46109E+21,8.61889E+15,4.93019E+16
46866,8,1,19,76,2018,5,15,4,3,5,3,0,1,1,0,0,0,0,0,5.41694E+20,5.40644E+21,9.56788E+15,4.88095E+16
46867,8,4,15,91,2018,5,7,6,2,1,5,0,0,1,0,0,1,0,0,5.1464E+20,5.35543E+21,9.19761E+15,4.83518E+16
46868,8,1,18,48,2018,5,18,4,3,2,6,0,0,1,0,0,0,0,0,5.12223E+20,5.41526E+21,9.16674E+15,4.88902E+16
46869,8,1,35,32,2018,5,14,6,2,5,3,0,0,1,0,0,0,0,1,5.78612E+20,5.39164E+21,1.00678E+16,4.86729E+16
46870,8,1,18,80,2018,5,17,4,3,5,3,0,0,1,0,0,0,0,0,5.09998E+20,5.40869E+21,9.13623E+15,4.88311E+16
46871,8,4,36,9,2018,5,15,5,3,5,2,0,1,0,0,1,0,0,0,5.57068E+20,5.30961E+21,9.76411E+15,4.79372E+16
46872,8,4,25,72,2018,5,14,7,2,0,7,0,0,1,0,1,0,0,0,5.79813E+20,5.37248E+21,1.00804E+16,4.85004E+16
46873,8,1,18,79,2018,5,18,4,3,2,6,0,0,1,0,0,0,0,0,5.09737E+20,5.42162E+21,9.13299E+15,4.89474E+16
46874,8,3,17,98,2018,5,15,2,2,8,1,0,0,0,0,1,0,0,0,4.39764E+20,5.37108E+21,8.18475E+15,4.84899E+16
46875,8,2,16,6,2018,5,17,7,2,8,1,0,0,0,0,1,0,0,0,4.46842E+20,5.41047E+21,8.27547E+15,4.88449E+16
46876,8,1,17,26,2018,5,6,4,3,2,6,0,0,1,0,0,0,0,1,5.50353E+20,5.393E+21,9.68416E+15,4.8688E+16
46877,8,3,17,89,2018,5,16,6,3,6,7,0,0,1,1,0,0,0,0,4.3187E+20,5.37582E+21,8.07714E+15,4.85318E+16
46878,8,1,17,61,2018,5,12,4,2,8,1,0,0,0,0,1,0,0,0,5.61789E+20,5.39456E+21,9.83977E+15,4.87011E+16
46879,8,1,11,0,2018,5,18,4,3,2,6,0,0,1,0,0,0,0,0,5.13484E+20,5.40634E+21,9.18366E+15,4.88099E+16
46880,8,3,26,74,2018,5,13,5,3,0,7,0,0,1,0,0,0,0,0,4.64301E+20,5.32593E+21,8.52064E+15,4.80856E+16
46881,8,1,19,79,2018,5,14,6,3,4,1,0,0,1,0,0,0,0,0,5.24993E+20,5.41545E+21,9.34097E+15,4.88915E+16
46882,8,1,11,0,2018,5,17,4,3,2,6,0,0,1,0,1,0,0,0,5.1766E+20,5.40468E+21,9.24047E+15,4.87949E+16
46883,8,4,35,53,2018,5,23,6,2,9,1,2,0,0,0,1,0,0,0,5.0627E+20,5.29418E+21,9.08374E+15,4.7801E+16
46884,8,1,11,0,2018,5,14,4,3,2,6,0,0,1,0,0,1,0,0,5.10124E+20,5.40978E+21,9.13797E+15,4.88409E+16
46885,8,1,25,24,2018,5,19,6,3,1,6,0,0,1,0,0,0,0,0,5.23429E+20,5.44406E+21,9.32128E+15,4.91489E+16
46886,8,1,11,0,2018,5,23,4,3,5,2,2,0,1,0,0,0,0,0,5.19796E+20,5.40047E+21,9.26934E+15,4.87569E+16
46887,8,3,25,49,2018,5,15,5,3,4,6,0,0,1,0,0,0,0,0,4.72264E+20,5.33291E+21,8.62711E+15,4.81488E+16
46888,8,3,37,106,2018,5,15,7,2,4,6,0,0,1,0,0,0,0,0,4.57552E+20,5.28527E+21,8.43402E+15,4.77195E+16
46889,8,1,11,0,2018,5,17,4,3,2,6,0,0,1,0,0,0,1,0,5.11128E+20,5.40397E+21,9.1515E+15,4.87886E+16
46890,8,1,25,58,2018,5,17,7,2,5,3,0,0,0,0,1,0,1,0,5.11127E+20,5.44374E+21,9.15257E+15,4.91464E+16
46891,8,1,11,0,2018,5,19,4,3,5,3,1,0,1,0,0,0,0,0,5.13067E+20,5.40213E+21,9.17785E+15,4.87721E+16
46892,8,1,11,0,2018,5,17,4,3,2,6,0,0,1,0,0,0,0,0,5.07148E+20,5.40729E+21,9.09737E+15,4.88185E+16
46893,8,2,15,101,2018,5,11,6,3,5,3,0,1,1,0,0,0,0,0,4.66703E+20,5.42589E+21,8.54491E+15,4.8985E+16
46894,8,1,11,0,2018,5,19,4,3,3,6,0,0,1,0,1,0,0,0,5.16042E+20,5.4088E+21,9.21859E+15,4.8832E+16
46895,8,1,11,0,2018,5,20,4,3,2,6,1,0,1,0,0,0,0,0,5.17223E+20,5.40595E+21,9.23456E+15,4.88063E+16
46896,8,3,17,96,2018,5,15,5,3,5,3,0,1,1,0,0,0,0,0,4.21623E+20,5.36881E+21,7.93969E+15,4.84675E+16
46897,8,1,35,16,2018,5,13,1,3,4,6,0,0,1,0,0,0,0,0,5.90186E+20,5.38524E+21,1.02236E+16,4.86138E+16
46898,8,1,16,8,2018,5,19,6,3,8,1,0,0,0,0,1,0,0,0,5.21877E+20,5.37946E+21,9.29655E+15,4.85679E+16
46899,8,4,37,31,2018,5,9,3,3,2,2,0,0,1,0,1,0,0,0,5.16667E+20,5.34354E+21,9.22449E+15,4.82449E+16
46900,8,3,17,153,2018,5,17,5,3,8,1,0,0,1,0,0,0,0,0,4.20872E+20,5.38836E+21,7.92581E+15,4.86433E+16
46901,8,3,25,60,2018,5,14,7,1,8,1,0,0,0,0,1,0,0,0,4.70795E+20,5.3397E+21,8.6069E+15,4.82098E+16
46902,8,4,36,52,2018,5,22,3,2,7,7,2,0,0,0,0,0,1,0,5.68288E+20,5.29552E+21,9.91209E+15,4.78094E+16
46903,8,4,35,16,2018,5,6,3,3,2,6,0,0,1,0,0,0,0,0,5.38494E+20,5.2838E+21,9.51314E+15,4.77064E+16
46904,8,3,36,45,2018,5,10,7,3,5,2,0,1,0,0,1,0,0,0,4.00421E+20,5.28778E+21,7.67184E+15,4.77357E+16
46905,8,4,26,134,2018,5,12,3,3,1,6,0,0,1,0,0,0,0,0,5.58746E+20,5.33424E+21,9.78995E+15,4.81587E+16
46906,8,1,16,33,2018,5,18,7,2,5,3,0,0,1,0,0,0,0,0,5.3686E+20,5.38428E+21,9.50006E+15,4.86105E+16
46907,8,4,26,134,2018,5,13,3,3,4,6,0,1,0,0,0,0,0,0,5.5876E+20,5.33475E+21,9.79021E+15,4.81632E+16
46908,8,4,25,20,2018,5,14,3,3,2,6,0,0,1,0,0,0,0,0,5.57615E+20,5.36148E+21,9.77846E+15,4.84038E+16
46909,8,2,25,1,2018,5,11,6,3,2,6,0,1,0,0,0,0,1,0,5.28206E+20,5.47421E+21,9.3889E+15,4.94199E+16
46910,8,4,17,16,2018,5,9,3,3,8,6,0,0,1,0,0,1,0,0,4.86142E+20,5.34263E+21,8.81337E+15,4.82368E+16
46911,8,4,15,50,2018,5,13,3,3,3,6,0,0,1,0,0,0,0,0,5.19133E+20,5.37482E+21,9.25913E+15,4.85262E+16
46912,8,3,17,150,2018,5,22,5,3,8,1,2,0,1,0,0,0,0,1,4.10273E+20,5.35528E+21,7.78907E+15,4.83443E+16
46913,8,1,25,6,2018,5,11,1,2,5,3,0,0,1,0,1,0,0,0,5.02904E+20,5.4559E+21,9.03991E+15,4.92559E+16
46914,8,1,11,0,2018,5,15,6,3,0,6,0,0,1,0,0,0,1,0,5.10991E+20,5.40192E+21,9.14958E+15,4.87702E+16
46915,8,3,16,17,2018,5,11,3,3,2,6,0,0,1,0,0,1,0,0,4.06839E+20,5.34045E+21,7.746E+15,4.82104E+16
46916,8,3,16,37,2018,5,15,7,3,2,6,0,0,1,0,0,0,0,0,4.07659E+20,5.3342E+21,7.7584E+15,4.81544E+16
46917,8,3,37,90,2018,5,12,3,2,9,1,0,0,0,0,1,0,0,0,4.22144E+20,5.2739E+21,7.964E+15,4.76138E+16
46918,8,4,17,2,2018,5,0,6,3,0,1,2,0,0,0,1,0,0,0,4.89609E+20,5.34792E+21,8.85993E+15,4.82844E+16
46919,8,3,35,35,2018,5,9,3,3,5,2,0,0,1,0,0,0,0,0,4.78254E+20,5.29191E+21,8.70971E+15,4.77802E+16
46920,8,1,36,65,2018,5,7,6,3,8,1,0,0,0,0,1,0,0,0,5.54657E+20,5.40486E+21,9.74421E+15,4.87943E+16
46921,8,4,36,82,2018,5,21,6,3,4,6,2,1,0,0,0,0,0,0,5.47942E+20,5.29607E+21,9.64042E+15,4.78162E+16
46922,8,3,26,74,2018,5,13,3,3,5,3,0,1,1,0,0,0,0,0,4.59708E+20,5.32334E+21,8.45921E+15,4.8062E+16
46923,8,2,15,96,2018,5,22,6,3,3,6,2,0,1,0,0,0,0,0,4.65997E+20,5.41746E+21,8.53596E+15,4.89092E+16
46924,8,3,26,31,2018,5,14,3,3,8,1,0,0,1,0,0,0,0,1,4.59707E+20,5.33285E+21,8.4583E+15,4.81476E+16
46925,8,3,25,70,2018,5,6,3,2,5,3,0,0,1,0,0,0,0,0,4.62252E+20,5.34816E+21,8.49115E+15,4.82855E+16
46926,8,3,16,45,2018,5,15,5,3,5,3,0,0,1,0,0,0,0,0,4.11531E+20,5.32549E+21,7.81224E+15,4.80766E+16
46927,8,1,16,19,2018,5,13,1,3,8,1,0,0,0,0,1,0,0,0,5.2888E+20,5.39903E+21,9.39283E+15,4.87436E+16
46928,8,4,35,45,2018,5,16,5,3,5,3,0,1,1,0,0,0,0,0,5.35531E+20,5.28734E+21,9.47392E+15,4.77385E+16
46929,8,3,17,96,2018,5,10,3,3,5,5,0,0,1,0,1,0,0,0,4.21596E+20,5.36881E+21,7.93931E+15,4.84676E+16
46930,8,2,12,0,2018,5,18,7,3,5,2,0,0,1,0,0,0,0,0,4.52767E+20,5.43175E+21,8.35375E+15,4.90369E+16
46931,8,3,17,65,2018,5,9,3,2,6,4,0,0,0,1,1,0,0,0,4.15536E+20,5.35166E+21,7.8608E+15,4.83125E+16
46932,8,3,35,63,2018,5,9,6,2,5,3,0,1,0,0,0,0,0,0,4.96413E+20,5.2873E+21,8.95216E+15,4.7739E+16
46933,8,3,17,127,2018,5,11,3,3,2,6,0,0,1,0,0,0,0,0,4.22265E+20,5.35281E+21,7.95133E+15,4.83237E+16
46934,8,1,28,115,2018,5,14,6,2,8,1,0,0,0,0,1,0,0,0,5.46965E+20,5.50122E+21,9.65076E+15,4.96617E+16
46935,8,3,16,11,2018,5,14,3,3,5,3,0,1,0,0,1,0,0,0,4.1342E+20,5.33064E+21,7.83656E+15,4.81231E+16
46936,8,3,15,102,2018,5,17,5,3,2,6,0,0,1,0,0,0,1,0,4.40362E+20,5.29434E+21,8.2036E+15,4.77997E+16
46937,8,4,15,59,2018,5,14,7,3,8,1,0,0,0,0,1,0,0,0,5.15896E+20,5.36394E+21,9.21488E+15,4.84284E+16
46938,8,3,16,17,2018,5,10,3,3,2,6,0,0,1,0,0,0,0,0,4.11501E+20,5.34112E+21,7.80859E+15,4.82171E+16
46939,8,1,36,35,2018,5,11,7,1,5,2,0,0,0,0,1,0,1,0,5.82688E+20,5.43241E+21,1.01314E+16,4.9039E+16
46940,8,3,16,36,2018,5,13,3,3,5,3,0,0,1,0,0,0,0,0,4.11534E+20,5.32549E+21,7.81229E+15,4.80766E+16
46941,8,3,36,8,2018,5,16,5,3,3,6,0,1,1,0,0,0,0,0,3.95566E+20,5.2756E+21,7.61001E+15,4.76254E+16
46942,8,1,11,0,2018,5,15,1,3,5,2,0,0,1,0,0,0,0,0,5.08066E+20,5.39716E+21,9.10968E+15,4.87274E+16
46943,8,3,15,102,2018,5,16,3,3,5,3,0,0,1,0,0,0,0,0,4.40016E+20,5.29443E+21,8.19896E+15,4.78005E+16
46944,8,2,15,100,2018,5,15,7,3,2,2,0,0,1,0,0,0,0,1,4.76132E+20,5.45118E+21,8.67228E+15,4.9213E+16
46945,8,3,36,91,2018,5,19,3,3,6,4,0,0,1,1,0,0,0,0,3.95448E+20,5.27195E+21,7.60932E+15,4.75926E+16
46946,8,3,26,31,2018,5,15,6,2,5,3,0,1,1,0,0,0,0,0,4.60069E+20,5.33569E+21,8.4629E+15,4.81732E+16
46947,8,2,26,68,2018,5,15,3,3,0,7,0,0,0,0,0,0,1,0,4.70321E+20,5.46099E+21,8.59176E+15,4.93009E+16
46948,8,3,36,50,2018,5,6,5,3,8,1,0,0,0,0,0,0,1,1,4.02532E+20,5.27716E+21,7.70236E+15,4.76405E+16
46949,8,1,21,0,2018,5,12,6,3,6,7,0,0,1,1,0,0,0,0,5.15612E+20,5.44332E+21,9.21406E+15,4.91425E+16
46950,8,2,26,10,2018,5,1,3,3,3,6,2,0,1,0,0,1,0,0,4.80608E+20,5.45825E+21,8.7334E+15,4.92767E+16
46951,8,3,36,91,2018,5,11,5,3,5,3,0,1,1,0,0,0,0,0,3.96204E+20,5.27541E+21,7.61855E+15,4.76238E+16
46952,8,3,37,51,2018,5,17,7,2,5,3,0,0,1,0,0,0,0,0,4.36255E+20,5.28475E+21,8.15015E+15,4.7713E+16
46953,8,4,17,54,2018,5,19,5,3,8,1,0,0,0,0,1,0,0,1,4.78717E+20,5.34512E+21,8.71325E+15,4.82589E+16
46954,8,2,15,108,2018,5,8,3,3,2,6,0,0,1,0,0,0,0,0,4.5108E+20,5.42599E+21,8.33137E+15,4.89849E+16
46955,8,1,18,80,2018,5,16,7,3,3,6,0,0,1,0,1,0,0,0,5.09363E+20,5.40849E+21,9.12758E+15,4.88293E+16
46956,8,2,12,0,2018,5,13,3,3,3,6,0,1,1,0,0,0,0,0,4.56721E+20,5.42827E+21,8.40822E+15,4.90058E+16
46957,8,3,17,1,2018,5,16,3,3,2,6,0,0,0,0,0,1,0,1,4.27515E+20,5.38615E+21,8.01636E+15,4.86242E+16
46958,8,2,35,7,2018,5,7,6,3,5,3,0,0,1,0,1,0,0,0,4.83435E+20,5.39898E+21,8.77467E+15,4.87436E+16
46959,8,2,16,49,2018,5,10,3,3,2,6,0,0,1,0,0,0,1,0,4.36918E+20,5.40227E+21,8.14149E+15,4.87702E+16
46960,8,2,31,0,2018,5,6,3,3,3,5,0,0,1,0,1,0,1,0,4.80978E+20,5.41707E+21,8.74041E+15,4.89062E+16
46961,8,2,26,95,2018,5,19,5,3,3,3,0,0,1,0,0,1,0,0,4.72905E+20,5.46124E+21,8.62729E+15,4.93033E+16