OBJECTID_1,ULAND,UREGBEZ,UKREIS,UGEMEINDE,UJAHR,UMONAT,USTUNDE,UWOCHENTAG,UKATEGORIE,UART,UTYP1,ULICHTVERH,IstRad,IstPKW,IstFuss,IstKrad,IstGkfz,IstSonstig,STRZUSTAND,LINREFX,LINREFY,XGCSWGS84,YGCSWGS84
47151,8,2,12,0,2018,5,8,4,3,3,6,0,0,1,0,0,0,0,0,4.54192E+20,5.43425E+21,8.37297E+15,4.90594E+16
47152,8,1,18,48,2018,5,16,3,2,0,7,0,0,0,0,0,0,1,0,5.15244E+20,5.41793E+21,9.20805E+15,4.89141E+16
47153,8,3,15,70,2018,6,5,7,2,9,1,2,0,1,0,0,0,0,0,4.52393E+20,5.30516E+21,8.36306E+15,4.7898E+16
47154,8,4,35,59,2018,5,16,5,3,5,2,0,0,1,0,1,0,0,0,5.14076E+20,5.29065E+21,9.18786E+15,4.77691E+16
47155,8,1,18,10,2018,5,12,3,3,5,3,0,0,1,0,0,0,0,0,5.07018E+20,5.43194E+21,9.09603E+15,4.90403E+16
47156,8,1,21,0,2018,5,22,5,3,4,2,2,0,1,0,1,0,0,0,5.15837E+20,5.44147E+21,9.21708E+15,4.91259E+16
47157,8,2,26,98,2018,5,20,4,3,0,2,0,0,1,0,0,0,0,0,4.81909E+20,5.46046E+21,8.75118E+15,4.92967E+16
47158,8,1,11,0,2018,6,9,6,3,5,3,0,0,1,0,1,0,0,0,5.12477E+20,5.40232E+21,9.16982E+15,4.87737E+16
47159,8,1,17,51,2018,5,15,3,3,5,3,0,0,1,0,1,0,0,0,5.43471E+20,5.39507E+21,9.59088E+15,4.87071E+16
47160,8,1,35,10,2018,5,14,5,3,4,6,0,0,1,0,1,0,0,0,6.00567E+20,5.39799E+21,1.03675E+16,4.87268E+16
47161,8,1,17,26,2018,6,14,7,3,2,6,0,0,1,0,0,0,0,0,5.50406E+20,5.39299E+21,9.68487E+15,4.86879E+16
47162,8,1,16,16,2018,5,22,3,3,5,2,2,0,1,0,0,0,1,0,5.33551E+20,5.38538E+21,9.45526E+15,4.86206E+16
47163,8,3,35,21,2018,5,21,4,3,8,6,2,0,1,0,0,0,1,1,4.92294E+20,5.30163E+21,8.89696E+15,4.7868E+16
47164,8,1,15,41,2018,5,10,3,3,5,3,0,0,1,0,0,0,0,0,4.94976E+20,5.40071E+21,8.93164E+15,4.87594E+16
47165,8,2,22,0,2018,6,12,6,3,1,6,0,0,1,0,0,0,0,0,4.61154E+20,5.48383E+21,8.46344E+15,4.95058E+16
47166,8,1,15,42,2018,5,10,3,3,2,6,0,0,1,0,0,0,0,0,4.96819E+20,5.40596E+21,8.95668E+15,4.88067E+16
47167,8,2,16,15,2018,5,14,4,3,5,3,0,1,1,0,0,0,0,0,4.50595E+20,5.40556E+21,8.32721E+15,4.8801E+16
47168,8,1,15,21,2018,5,17,3,3,2,6,0,0,1,0,0,0,0,0,4.90503E+20,5.38288E+21,8.87119E+15,4.8599E+16
47169,8,2,37,28,2018,6,15,7,3,8,1,0,0,0,0,1,0,0,0,4.58766E+20,5.37339E+21,8.44168E+15,4.85123E+16
47170,8,4,17,2,2018,5,16,5,3,2,6,0,0,1,0,0,0,0,0,4.91176E+20,5.34359E+21,8.88115E+15,4.82454E+16
47171,8,1,11,0,2018,5,6,3,3,5,3,0,0,1,0,0,0,0,0,5.15637E+20,5.4053E+21,9.21294E+15,4.88005E+16
47172,8,1,11,0,2018,5,9,5,3,3,7,0,0,1,0,0,0,0,0,5.13802E+20,5.40334E+21,9.18788E+15,4.87829E+16
47173,8,4,35,59,2018,6,11,6,2,5,3,0,0,1,0,1,0,0,0,5.12812E+20,5.29069E+21,9.17099E+15,4.77694E+16
47174,8,1,11,0,2018,5,8,3,3,5,3,0,0,1,0,0,0,1,0,5.13138E+20,5.40349E+21,9.17885E+15,4.87843E+16
47175,8,2,37,54,2018,5,22,4,3,9,1,2,0,1,0,0,0,0,1,4.6318E+20,5.37346E+21,8.50144E+15,4.85132E+16
47176,8,1,11,0,2018,5,10,3,3,2,6,0,0,1,0,0,0,0,0,5.14056E+20,5.40397E+21,9.19136E+15,4.87886E+16
47177,8,1,18,18,2018,6,20,6,2,4,2,0,0,1,0,1,0,0,0,5.11897E+20,5.4314E+21,9.16277E+15,4.90354E+16
47178,8,1,11,0,2018,6,20,7,2,3,6,0,0,1,0,0,0,0,0,5.14344E+20,5.406E+21,9.19535E+15,4.88068E+16
47179,8,1,11,0,2018,5,10,3,3,2,6,0,0,1,0,0,1,0,0,5.15361E+20,5.40527E+21,9.20918E+15,4.88003E+16
47180,8,4,36,81,2018,5,11,4,2,8,1,0,1,0,0,0,0,0,0,5.59476E+20,5.28769E+21,9.79334E+15,4.77398E+16
47181,8,1,11,0,2018,5,15,3,3,3,7,0,0,1,0,1,0,0,0,5.1592E+20,5.39885E+21,9.21654E+15,4.87425E+16
47182,8,2,15,103,2018,6,18,6,3,0,1,0,0,0,0,1,0,0,1,4.66804E+20,5.44426E+21,8.54477E+15,4.91503E+16
47183,8,4,37,100,2018,5,14,2,3,0,3,0,1,1,0,0,0,0,0,5.36741E+20,5.3196E+21,9.49281E+15,4.80287E+16
47184,8,4,36,96,2018,5,17,2,3,2,2,0,0,1,0,0,0,0,1,5.40415E+20,5.30075E+21,9.54031E+15,4.78588E+16
47185,8,2,26,85,2018,6,19,7,3,4,2,0,0,1,0,0,0,0,0,4.86388E+20,5.45692E+21,8.8129E+15,4.92649E+16
47186,8,3,35,2,2018,5,12,5,3,5,3,0,0,1,0,0,0,0,0,5.05915E+20,5.28988E+21,9.07894E+15,4.77623E+16
47187,8,4,35,16,2018,5,9,2,3,3,2,0,1,1,0,0,0,0,0,5.3501E+20,5.2778E+21,9.46621E+15,4.76526E+16
47188,8,4,35,35,2018,5,6,4,3,6,3,0,0,1,1,0,0,0,0,5.42645E+20,5.28247E+21,9.56834E+15,4.76942E+16
47189,8,3,37,30,2018,6,13,6,3,5,3,0,0,1,0,0,0,0,0,4.61196E+20,5.27458E+21,8.48355E+15,4.76235E+16
47190,8,4,37,31,2018,5,12,2,2,8,1,0,0,1,0,0,0,0,0,5.15855E+20,5.34652E+21,9.21367E+15,4.82717E+16
47191,8,3,17,141,2018,5,13,4,3,4,1,0,0,1,0,0,0,0,0,4.19874E+20,5.37872E+21,7.91413E+15,4.85564E+16
47192,8,2,11,0,2018,5,8,4,2,2,6,0,0,0,0,0,1,1,0,4.4121E+20,5.4077E+21,8.19912E+15,4.88195E+16
47193,8,2,36,11,2018,5,10,4,3,6,7,0,0,1,0,0,0,1,0,4.75607E+20,5.42136E+21,8.66686E+15,4.89446E+16
47194,8,4,35,59,2018,5,14,2,2,5,3,0,1,1,0,0,0,0,0,5.15743E+20,5.29241E+21,9.21017E+15,4.77849E+16
47195,8,1,19,6,2018,6,23,6,3,8,1,2,0,1,0,0,0,0,0,5.36564E+20,5.42231E+21,9.49942E+15,4.89526E+16
47196,8,4,26,28,2018,5,6,2,3,5,3,0,0,1,0,1,0,0,0,5.67097E+20,5.34201E+21,9.90346E+15,4.82278E+16
47197,8,1,19,79,2018,6,17,7,3,4,6,0,0,1,0,0,0,1,0,5.22456E+20,5.40968E+21,9.30604E+15,4.88397E+16
47198,8,2,35,57,2018,5,1,5,3,8,1,2,0,1,0,0,0,0,1,4.90948E+20,5.39676E+21,8.87692E+15,4.87238E+16
47199,8,4,21,0,2018,5,17,2,3,1,6,0,0,1,0,0,0,0,0,5.72278E+20,5.36083E+21,9.97644E+15,4.83965E+16
47200,8,4,16,22,2018,5,7,2,2,8,7,0,0,1,0,0,1,0,0,5.11249E+20,5.37682E+21,9.15241E+15,4.85444E+16
47201,8,1,36,88,2018,6,10,7,3,4,2,0,0,1,0,0,0,0,0,5.88761E+20,5.40664E+21,1.02089E+16,4.88064E+16
47202,8,3,17,98,2018,5,10,5,3,4,1,0,0,1,0,1,0,0,0,4.40668E+20,5.36997E+21,8.19714E+15,4.84801E+16
47203,8,4,15,61,2018,5,7,2,3,2,6,0,0,1,0,0,0,1,0,5.14569E+20,5.37171E+21,9.19721E+15,4.84984E+16
47204,8,1,17,24,2018,5,22,4,3,4,6,2,0,1,0,0,0,0,0,5.58659E+20,5.37913E+21,9.79505E+15,4.85625E+16
47205,8,1,11,0,2018,5,12,4,2,6,4,0,0,1,1,0,0,0,0,5.09839E+20,5.40239E+21,9.13391E+15,4.87745E+16
47206,8,3,17,116,2018,6,17,6,3,0,2,0,0,1,0,1,0,0,0,4.3314E+20,5.38787E+21,8.09241E+15,4.86403E+16
47207,8,3,37,126,2018,5,17,2,3,1,6,0,0,1,0,0,0,0,0,4.45526E+20,5.27578E+21,8.27487E+15,4.76331E+16
47208,8,3,15,6,2018,5,19,4,2,1,6,0,0,1,0,0,0,0,0,3.99319E+20,5.31144E+21,7.65165E+15,4.79484E+16
47209,8,1,15,28,2018,5,17,4,3,2,6,0,0,1,0,0,0,0,0,4.98323E+20,5.40405E+21,8.97717E+15,4.87894E+16
47210,8,3,36,14,2018,5,18,2,3,2,6,0,0,1,0,0,0,0,0,3.91861E+20,5.28094E+21,7.5594E+15,4.76728E+16
47211,8,1,16,33,2018,6,17,6,3,1,6,0,0,0,0,1,0,1,0,5.3569E+20,5.38471E+21,9.48422E+15,4.86145E+16
47212,8,2,15,90,2018,5,6,4,3,5,3,0,1,1,0,0,0,0,0,4.64964E+20,5.43305E+21,8.52051E+15,4.90494E+16
47213,8,4,35,35,2018,5,7,2,2,5,3,0,0,1,0,0,0,1,0,5.45944E+20,5.28336E+21,9.61239E+15,4.7702E+16
47214,8,1,18,80,2018,5,4,5,1,9,7,1,0,0,0,1,0,0,0,5.08667E+20,5.41053E+21,9.11814E+15,4.88477E+16
47215,8,3,27,49,2018,5,19,2,3,5,3,0,1,1,0,0,0,0,0,4.72663E+20,5.32447E+21,8.63301E+15,4.80729E+16
47216,8,3,37,128,2018,5,18,4,3,5,3,0,0,1,0,0,0,0,0,4.46855E+20,5.28513E+21,8.29142E+15,4.77173E+16
47217,8,1,15,28,2018,5,23,4,3,2,6,2,0,1,0,0,0,0,1,4.98733E+20,5.40389E+21,8.98275E+15,4.87881E+16
47218,8,3,36,103,2018,5,19,3,3,8,1,0,0,1,0,0,0,0,0,4.13893E+20,5.28457E+21,7.85212E+15,4.77088E+16
47219,8,2,36,71,2018,6,21,6,2,9,1,2,0,0,0,1,0,0,0,4.71531E+20,5.41854E+21,8.6114E+15,4.89192E+16
47220,8,3,27,9,2018,5,17,2,3,8,1,0,0,0,0,1,0,0,0,4.84006E+20,5.33463E+21,8.7849E+15,4.81647E+16
47221,8,3,26,74,2018,5,16,2,3,2,1,0,0,1,0,0,0,0,0,4.64028E+20,5.32333E+21,8.5172E+15,4.80623E+16
47222,8,4,15,53,2018,5,10,4,2,8,1,0,0,1,0,0,0,0,0,5.34798E+20,5.36366E+21,9.47036E+15,4.84251E+16
47223,8,4,35,16,2018,5,19,3,3,0,7,0,0,0,0,1,0,1,1,5.35942E+20,5.27774E+21,9.47861E+15,4.7652E+16
47224,8,3,15,41,2018,6,17,6,2,4,6,0,0,1,0,1,0,0,0,4.23264E+20,5.32192E+21,7.97038E+15,4.80459E+16
47225,8,3,26,12,2018,5,6,2,3,2,6,0,0,1,0,0,0,0,0,4.62676E+20,5.30965E+21,8.50023E+15,4.79391E+16
47226,8,2,15,17,2018,5,20,4,3,9,6,1,1,0,0,0,0,0,0,4.54241E+20,5.41811E+21,8.37546E+15,4.89143E+16
47227,8,1,15,28,2018,5,15,4,3,2,6,0,0,1,0,0,0,0,0,5.02452E+20,5.40052E+21,9.03336E+15,4.87576E+16
47228,8,3,17,96,2018,5,15,2,3,6,7,0,0,1,1,0,0,0,0,4.22051E+20,5.36973E+21,7.94531E+15,4.84759E+16
47229,8,4,35,29,2018,5,20,5,2,8,1,0,0,0,0,1,0,0,0,5.45549E+20,5.27492E+21,9.60624E+15,4.76261E+16
47230,8,3,17,96,2018,5,15,2,2,0,7,0,1,0,0,0,0,0,1,4.21625E+20,5.36969E+21,7.93954E+15,4.84755E+16
47231,8,1,25,108,2018,5,23,5,3,8,1,2,0,1,0,0,0,0,0,4.94937E+20,5.43451E+21,8.9307E+15,4.90635E+16
47232,8,1,16,18,2018,6,17,7,3,5,2,0,0,1,0,1,0,0,0,5.31679E+20,5.37783E+21,9.42929E+15,4.85527E+16
47233,8,3,16,17,2018,5,18,2,2,8,1,0,0,0,0,1,0,0,0,4.16914E+20,5.34017E+21,7.88164E+15,4.82093E+16
47234,8,3,35,75,2018,5,19,4,3,2,6,0,0,1,0,0,0,0,0,4.87112E+20,5.28979E+21,8.82801E+15,4.77613E+16
47235,8,1,36,65,2018,5,17,4,3,2,6,0,0,1,0,0,0,0,0,5.61302E+20,5.40593E+21,9.83484E+15,4.88033E+16
47236,8,3,36,69,2018,5,16,2,2,3,6,0,0,1,0,0,0,0,0,4.10326E+20,5.27007E+21,7.80755E+15,4.75779E+16
47237,8,2,16,41,2018,6,14,6,3,5,3,0,0,1,0,0,0,0,0,4.34158E+20,5.3923E+21,8.10551E+15,4.86802E+16
47238,8,2,12,0,2018,5,14,2,3,5,3,0,1,1,0,0,0,0,0,4.52174E+20,5.43055E+21,8.34578E+15,4.9026E+16
47239,8,1,36,27,2018,5,15,4,2,4,6,0,0,1,0,0,0,0,0,5.5434E+20,5.42113E+21,9.74206E+15,4.89407E+16
47240,8,2,12,0,2018,5,10,2,3,2,2,0,0,1,0,0,0,0,0,4.64011E+20,5.42248E+21,8.50841E+15,4.89542E+16
47241,8,2,36,74,2018,6,16,7,3,5,2,0,0,1,0,0,0,0,0,4.7227E+20,5.4218E+21,8.62127E+15,4.89485E+16
47242,8,3,36,6,2018,5,19,5,3,8,1,0,0,1,0,0,0,0,1,3.91437E+20,5.28877E+21,7.5518E+15,4.77431E+16
47243,8,2,12,0,2018,5,18,2,3,2,6,0,0,1,0,1,0,0,0,4.59209E+20,5.42807E+21,8.44227E+15,4.90042E+16
47244,8,3,16,24,2018,6,11,7,2,9,1,0,1,0,0,0,0,0,0,4.13841E+20,5.33683E+21,7.84097E+15,4.81789E+16
47245,8,4,35,59,2018,5,14,5,1,4,6,0,0,1,0,0,0,0,0,5.17631E+20,5.28761E+21,9.23518E+15,4.77416E+16
47246,8,2,35,32,2018,5,15,2,1,0,7,0,1,0,0,0,0,0,0,4.74295E+20,5.37785E+21,8.65166E+15,4.85532E+16
47247,8,1,19,20,2018,5,1,5,3,5,3,2,0,1,0,0,0,0,1,5.20651E+20,5.40699E+21,9.2813E+15,4.88155E+16
47248,8,4,36,85,2018,6,12,6,3,8,6,0,0,1,0,1,0,0,0,5.58427E+20,5.2943E+21,9.78024E+15,4.77994E+16
47249,8,2,31,0,2018,5,6,2,3,5,3,0,1,1,0,0,0,0,0,4.75555E+20,5.41646E+21,8.66645E+15,4.89006E+16
47250,8,4,36,64,2018,5,8,4,3,0,6,0,1,0,0,0,0,0,0,5.46405E+20,5.2915E+21,9.61941E+15,4.77752E+16
47251,8,1,27,25,2018,5,20,4,2,6,4,1,0,0,1,0,0,1,0,5.5626E+20,5.42762E+21,9.76917E+15,4.89989E+16
47252,8,2,31,0,2018,5,13,2,3,1,6,0,0,1,0,0,0,0,0,4.7767E+20,5.41546E+21,8.69536E+15,4.88917E+16
47253,8,2,16,17,2018,6,14,6,3,4,6,0,0,1,0,1,0,0,0,4.53559E+20,5.4018E+21,8.36799E+15,4.87675E+16
47254,8,2,36,46,2018,5,10,2,3,1,6,0,0,1,0,0,0,1,0,4.83256E+20,5.41808E+21,8.77147E+15,4.89155E+16
47255,8,2,26,12,2018,5,10,2,2,5,5,0,1,1,0,0,0,0,0,4.75795E+20,5.47762E+21,8.66605E+15,4.94507E+16
47256,8,2,16,43,2018,6,10,7,3,5,3,0,1,1,0,0,0,0,0,4.4259E+20,5.41226E+21,8.21727E+15,4.88607E+16
47257,8,3,27,4,2018,5,13,5,2,8,1,0,0,0,0,1,0,0,0,4.93914E+20,5.32682E+21,8.91826E+15,4.80946E+16
47258,8,2,16,15,2018,5,16,2,3,5,3,0,0,1,0,0,0,0,0,4.49991E+20,5.40535E+21,8.31901E+15,4.87991E+16
47259,8,4,35,47,2018,5,18,4,3,5,3,0,0,1,0,1,0,0,0,5.12535E+20,5.29516E+21,9.16742E+15,4.78096E+16
47260,8,3,37,128,2018,6,18,6,3,9,1,0,0,0,0,1,0,0,0,4.47343E+20,5.28976E+21,8.29736E+15,4.77591E+16
47261,8,2,16,43,2018,5,8,2,3,9,6,0,0,1,0,0,0,1,0,4.4326E+20,5.41364E+21,8.22622E+15,4.88731E+16
47262,8,3,16,20,2018,5,12,4,3,5,3,0,1,1,0,0,0,0,0,4.07808E+20,5.33888E+21,7.75939E+15,4.81964E+16
47263,8,2,12,0,2018,5,17,2,3,5,2,0,1,1,0,0,0,0,0,4.55243E+20,5.42927E+21,8.3879E+15,4.90147E+16
47264,8,4,36,9,2018,5,22,4,3,2,6,2,0,1,0,0,0,0,1,5.54221E+20,5.30534E+21,9.72546E+15,4.78991E+16
47265,8,4,25,108,2018,6,13,6,3,5,3,0,0,1,0,0,0,0,0,5.54426E+20,5.35796E+21,9.73492E+15,4.83725E+16
47266,8,2,12,0,2018,5,10,2,3,5,3,0,0,1,0,1,0,0,0,4.52781E+20,5.42957E+21,8.3542E+15,4.90172E+16
47267,8,3,17,96,2018,5,15,4,3,5,3,0,0,1,0,1,0,0,0,4.22929E+20,5.37041E+21,7.95706E+15,4.84821E+16
47268,8,1,27,73,2018,5,16,4,2,8,1,0,0,1,0,0,0,0,0,5.79527E+20,5.44793E+21,1.00912E+16,4.9179E+16
47269,8,1,18,73,2018,5,18,2,2,4,6,0,0,1,0,1,0,0,0,4.97889E+20,5.4178E+21,8.97118E+15,4.89131E+16
47270,8,1,36,75,2018,6,16,6,3,2,6,0,0,1,0,0,0,0,0,5.99864E+20,5.42178E+21,1.03637E+16,4.89409E+16
47271,8,1,36,10,2018,5,12,2,3,5,3,0,0,1,0,0,0,0,0,5.9896E+20,5.41286E+21,1.03492E+16,4.88608E+16
47272,8,1,36,88,2018,5,11,2,2,5,3,0,0,1,0,0,0,0,0,5.84862E+20,5.40931E+21,1.01563E+16,4.8831E+16
47273,8,1,25,108,2018,6,18,7,2,6,4,0,0,1,1,0,0,0,0,4.94478E+20,5.43394E+21,8.92442E+15,4.90583E+16
47274,8,2,36,46,2018,5,10,5,3,2,6,0,0,1,0,0,0,0,0,4.82849E+20,5.41786E+21,8.76592E+15,4.89135E+16
47275,8,1,28,131,2018,5,16,2,3,2,6,0,0,1,0,0,0,0,0,5.42737E+20,5.51007E+21,9.59316E+15,4.97416E+16
47276,8,4,17,22,2018,5,17,4,3,2,2,0,0,1,0,0,0,0,0,4.8586E+20,5.34861E+21,8.80937E+15,4.82905E+16
47277,8,4,37,124,2018,5,15,3,3,5,3,0,0,1,0,0,0,0,0,5.1259E+20,5.30107E+21,9.16834E+15,4.78629E+16
47278,8,3,15,113,2018,6,14,6,3,2,6,0,0,1,0,0,0,0,0,4.35846E+20,5.30616E+21,8.14154E+15,4.79055E+16
47279,8,1,27,14,2018,5,6,2,3,5,3,0,0,1,0,1,0,0,0,5.77996E+20,5.44293E+21,1.00692E+16,4.91342E+16
47280,8,3,36,69,2018,5,18,4,3,4,6,0,1,0,0,1,0,0,0,4.09044E+20,5.2699E+21,7.79055E+15,4.75761E+16
47281,8,1,26,66,2018,5,10,4,3,2,6,0,0,1,0,0,0,0,0,5.35886E+20,5.45014E+21,9.49264E+15,4.9203E+16
47282,8,1,27,89,2018,5,7,2,3,2,6,0,0,1,0,0,0,0,0,5.63318E+20,5.4371E+21,9.86713E+15,4.90835E+16
47283,8,1,15,24,2018,6,22,6,3,5,2,2,0,1,0,0,0,0,0,5.0062E+20,5.38828E+21,9.00842E+15,4.86476E+16
47284,8,1,27,59,2018,5,10,2,3,5,3,0,0,0,0,1,1,0,0,5.49704E+20,5.4386E+21,9.6809E+15,4.90983E+16
47285,8,1,26,46,2018,5,16,4,2,6,4,0,0,1,1,0,0,0,0,5.49972E+20,5.45858E+21,9.68705E+15,4.92779E+16
47286,8,1,27,102,2018,5,9,2,1,8,1,0,0,1,0,0,0,0,0,5.892E+20,5.43603E+21,1.02213E+16,4.90706E+16
47287,8,1,18,79,2018,6,16,6,3,2,6,0,0,1,0,0,0,0,0,5.09973E+20,5.42205E+21,9.13621E+15,4.89513E+16
47288,8,1,25,34,2018,5,16,2,2,5,3,0,0,1,0,1,0,0,0,5.003E+20,5.44554E+21,9.00411E+15,4.91626E+16
47289,8,2,16,43,2018,5,17,5,3,0,7,0,1,0,0,0,0,0,0,4.43157E+20,5.41297E+21,8.2249E+15,4.88671E+16
47290,8,1,25,8,2018,5,18,2,3,8,1,0,0,0,0,1,0,0,0,5.2802E+20,5.43234E+21,9.38342E+15,4.90433E+16
47291,8,4,15,50,2018,5,22,4,3,2,6,2,0,1,0,0,0,0,0,5.21413E+20,5.37669E+21,9.29012E+15,4.8543E+16
47292,8,1,25,46,2018,5,18,4,3,5,3,0,0,1,0,0,0,0,0,5.17268E+20,5.43345E+21,9.23634E+15,4.90537E+16
47293,8,4,21,0,2018,5,21,3,3,1,6,1,0,1,0,0,0,0,0,5.69215E+20,5.35726E+21,9.93448E+15,4.83647E+16
47294,8,2,15,7,2018,6,11,6,2,8,1,0,0,0,0,0,1,0,0,4.79584E+20,5.43512E+21,8.72049E+15,4.90686E+16
47295,8,1,21,0,2018,5,20,2,3,5,3,1,1,1,0,0,0,0,0,5.14019E+20,5.44316E+21,9.19221E+15,4.91411E+16
47296,8,2,31,0,2018,5,22,4,3,3,1,2,0,1,0,0,0,1,0,4.84471E+20,5.41411E+21,8.78819E+15,4.88797E+16
47297,8,1,25,65,2018,5,17,4,3,5,3,0,0,1,0,0,0,0,0,5.16632E+20,5.44995E+21,9.22832E+15,4.92021E+16
47298,8,1,21,0,2018,5,16,2,3,2,6,0,0,1,0,0,0,1,0,5.12248E+20,5.44102E+21,9.16786E+15,4.91219E+16
47299,8,2,26,85,2018,5,15,4,3,9,1,0,0,0,0,1,0,0,0,4.90744E+20,5.45155E+21,8.87291E+15,4.92167E+16
47300,8,3,16,12,2018,6,14,7,3,8,7,0,0,0,0,1,0,0,0,4.04319E+20,5.33296E+21,7.71378E+15,4.81427E+16
47301,8,4,36,64,2018,5,19,5,3,8,1,0,0,0,0,1,0,0,0,5.36805E+20,5.28922E+21,9.49107E+15,4.77553E+16
47302,8,1,19,61,2018,5,9,2,3,6,4,0,0,1,1,0,0,0,0,5.38786E+20,5.41483E+21,9.52907E+15,4.88852E+16
47303,8,1,21,0,2018,5,0,5,3,8,1,2,0,1,0,0,0,0,0,5.18888E+20,5.44247E+21,9.25894E+15,4.91348E+16
47304,8,1,11,0,2018,6,16,7,3,2,6,0,0,1,0,1,0,0,0,5.11222E+20,5.40527E+21,9.15282E+15,4.88003E+16
47305,8,1,18,60,2018,5,13,2,3,2,6,0,0,1,0,1,0,0,0,5.23517E+20,5.43037E+21,9.32168E+15,4.90257E+16
47306,8,4,36,82,2018,5,7,4,2,3,2,0,1,1,0,0,0,0,0,5.47982E+20,5.2956E+21,9.6409E+15,4.7812E+16
47307,8,1,21,0,2018,5,15,4,3,3,6,0,0,1,0,0,0,1,0,5.14516E+20,5.44438E+21,9.19906E+15,4.91521E+16
47308,8,1,36,27,2018,5,19,5,2,8,1,0,0,0,0,1,0,0,1,5.52143E+20,5.42021E+21,9.71194E+15,4.89326E+16
47309,8,1,18,48,2018,6,15,7,3,2,6,0,0,1,0,0,0,0,0,5.1507E+20,5.41519E+21,9.20558E+15,4.88894E+16
47310,8,1,18,81,2018,5,10,2,3,0,1,0,0,0,0,1,0,0,0,5.20032E+20,5.41326E+21,9.27318E+15,4.88719E+16
47311,8,3,36,91,2018,5,8,4,3,6,4,0,0,1,1,0,0,0,0,3.94243E+20,5.27163E+21,7.59337E+15,4.75895E+16
47312,8,1,21,0,2018,5,22,4,3,5,7,2,1,1,0,0,0,0,0,5.16076E+20,5.44241E+21,9.22039E+15,4.91343E+16
47313,8,3,35,43,2018,5,9,3,3,2,6,0,0,1,0,0,0,0,0,5.09731E+20,5.28121E+21,9.12966E+15,4.76842E+16
47314,8,2,26,85,2018,6,18,6,3,5,3,0,0,1,0,0,0,0,1,4.90609E+20,5.45576E+21,8.87095E+15,4.92545E+16
47315,8,1,18,71,2018,5,8,2,3,2,6,0,0,1,0,0,0,1,0,5.11221E+20,5.41906E+21,9.15318E+15,4.89244E+16
47316,8,1,19,55,2018,5,15,4,3,3,2,0,1,0,0,1,0,0,0,5.43912E+20,5.40503E+21,9.59794E+15,4.87967E+16
47317,8,1,17,19,2018,5,17,2,3,4,2,0,0,1,0,0,0,0,0,5.51225E+20,5.39437E+21,9.69618E+15,4.87003E+16
47318,8,2,26,103,2018,6,15,7,3,1,6,0,0,1,0,0,0,0,0,4.71746E+20,5.45926E+21,8.61149E+15,4.92854E+16
47319,8,4,26,74,2018,5,13,5,3,0,6,0,1,1,0,0,0,0,0,5.55701E+20,5.32629E+21,9.74797E+15,4.80874E+16
47320,8,4,25,31,2018,5,16,2,2,4,6,0,0,1,0,0,0,0,0,5.68715E+20,5.37171E+21,9.9301E+15,4.84948E+16
47321,8,2,31,0,2018,5,7,4,3,2,5,0,0,1,0,0,0,0,0,4.78864E+20,5.41568E+21,8.71164E+15,4.88937E+16
47322,8,4,25,8,2018,5,14,5,2,5,3,0,0,1,0,0,0,0,0,5.64605E+20,5.3781E+21,9.87546E+15,4.85526E+16
47323,8,4,35,16,2018,6,16,6,3,5,2,0,1,1,0,0,0,0,0,5.33624E+20,5.27984E+21,9.44792E+15,4.7671E+16
47324,8,1,17,2,2018,5,3,2,2,2,6,2,0,1,0,0,1,0,0,5.40544E+20,5.38683E+21,9.55029E+15,4.86332E+16
47325,8,3,26,52,2018,5,14,4,3,4,2,0,0,1,0,0,0,0,0,4.51963E+20,5.33095E+21,8.35441E+15,4.813E+16
47326,8,1,18,63,2018,5,17,4,3,1,6,0,0,1,0,0,0,0,0,5.16033E+20,5.42294E+21,9.21902E+15,4.89592E+16
47327,8,1,16,6,2018,5,15,2,3,4,6,0,0,1,0,1,0,0,0,5.16387E+20,5.38087E+21,9.22219E+15,4.85807E+16
47328,8,1,18,50,2018,6,22,6,2,2,6,2,0,1,0,1,0,0,0,5.08763E+20,5.41702E+21,9.11958E+15,4.8906E+16
47329,8,1,16,42,2018,5,8,2,3,5,3,0,1,1,0,0,0,0,0,5.17046E+20,5.38204E+21,9.23116E+15,4.85913E+16
47330,8,1,18,48,2018,5,18,4,3,4,2,0,0,1,0,1,0,0,0,5.12674E+20,5.41723E+21,9.17296E+15,4.89079E+16
47331,8,1,16,15,2018,5,14,2,3,1,1,0,0,1,0,0,1,0,0,5.24439E+20,5.39371E+21,9.33211E+15,4.86959E+16
47332,8,1,36,65,2018,6,17,7,3,5,3,0,0,1,0,1,0,0,0,5.58448E+20,5.40305E+21,9.79557E+15,4.87777E+16
47333,8,3,17,98,2018,5,17,5,3,4,1,0,0,1,0,1,0,0,0,4.40308E+20,5.37625E+21,8.19136E+15,4.85365E+16
47334,8,1,16,77,2018,5,18,2,3,5,3,0,0,1,0,1,0,0,0,5.16982E+20,5.38851E+21,9.23056E+15,4.86494E+16
47335,8,2,16,9,2018,6,16,6,3,8,1,0,0,0,0,1,0,0,0,4.47882E+20,5.42208E+21,8.28817E+15,4.89495E+16
47336,8,1,15,21,2018,5,0,2,3,5,3,2,0,1,0,0,0,0,0,4.92152E+20,5.38105E+21,8.8936E+15,4.85824E+16
47337,8,1,18,48,2018,5,19,4,3,3,7,0,0,1,0,0,0,0,0,5.14467E+20,5.41517E+21,9.19736E+15,4.88893E+16
47338,8,1,15,16,2018,5,14,2,3,8,7,0,0,0,0,0,0,1,0,4.87E+20,5.37936E+21,8.82378E+15,4.85672E+16