OBJECTID_1,ULAND,UREGBEZ,UKREIS,UGEMEINDE,UJAHR,UMONAT,USTUNDE,UWOCHENTAG,UKATEGORIE,UART,UTYP1,ULICHTVERH,IstRad,IstPKW,IstFuss,IstKrad,IstGkfz,IstSonstig,STRZUSTAND,LINREFX,LINREFY,XGCSWGS84,YGCSWGS84
47339,8,2,31,0,2018,6,15,7,3,4,2,0,0,1,0,0,0,0,0,4.78135E+20,5.41606E+21,8.70167E+15,4.88971E+16
47340,8,3,35,66,2018,5,10,5,3,0,1,0,1,0,0,0,0,0,1,5.06114E+20,5.28168E+21,9.08147E+15,4.76885E+16
47341,8,1,11,0,2018,5,1,2,3,3,6,2,0,1,0,0,1,0,0,5.13866E+20,5.40348E+21,9.18876E+15,4.87841E+16
47342,8,4,36,49,2018,5,10,4,2,2,1,0,0,1,0,1,0,0,0,5.76306E+20,5.28182E+21,1.00168E+16,4.76853E+16
47343,8,2,37,40,2018,6,9,6,3,3,6,0,0,1,0,0,1,0,0,4.82408E+20,5.3659E+21,8.76211E+15,4.8446E+16
47344,8,4,36,94,2018,5,15,1,2,4,6,0,0,1,0,1,0,1,0,5.73938E+20,5.28399E+21,9.98559E+15,4.77051E+16
47345,8,3,17,89,2018,5,13,4,3,5,3,0,1,1,0,0,0,0,0,4.31972E+20,5.37547E+21,8.07858E+15,4.85287E+16
47346,8,1,18,7,2018,5,17,4,3,2,6,2,0,1,0,0,0,0,0,5.10568E+20,5.42717E+21,9.14448E+15,4.89974E+16
47347,8,4,35,59,2018,5,18,1,3,2,6,0,0,1,0,1,0,0,0,5.13057E+20,5.29392E+21,9.17437E+15,4.77985E+16
47348,8,1,27,99,2018,6,15,6,3,5,2,0,0,1,0,0,1,0,0,5.62739E+20,5.44674E+21,9.86071E+15,4.91703E+16
47349,8,3,35,98,2018,5,16,1,2,5,3,0,0,1,0,1,0,0,0,5.0239E+20,5.29785E+21,9.03194E+15,4.7834E+16
47350,8,1,25,38,2018,6,17,7,3,2,6,0,0,1,0,1,0,0,0,4.99634E+20,5.43491E+21,8.99498E+15,4.9067E+16
47351,8,2,35,79,2018,5,14,5,3,2,6,0,0,0,0,1,0,0,1,4.66435E+20,5.39748E+21,8.54356E+15,4.87294E+16
47352,8,4,26,13,2018,5,14,1,3,2,6,0,0,1,0,0,0,0,0,5.45937E+20,5.32385E+21,9.61661E+15,4.80663E+16
47353,8,4,15,61,2018,5,8,4,3,3,6,0,0,1,0,0,0,0,0,5.14305E+20,5.37117E+21,9.19362E+15,4.84935E+16
47354,8,4,36,55,2018,5,4,3,2,0,1,1,0,0,0,1,0,0,0,5.77284E+20,5.29724E+21,1.00325E+16,4.78239E+16
47355,8,4,15,85,2018,5,18,1,3,8,1,0,0,0,0,1,0,0,0,5.32823E+20,5.34199E+21,9.44199E+15,4.82303E+16
47356,8,4,26,13,2018,5,12,4,3,8,1,0,0,0,0,1,0,0,0,5.44091E+20,5.32516E+21,9.59197E+15,4.80782E+16
47357,8,1,15,3,2018,5,9,4,3,5,3,0,1,1,0,0,0,0,0,4.98172E+20,5.3912E+21,8.97517E+15,4.86738E+16
47358,8,3,25,14,2018,6,9,6,3,0,3,0,0,0,0,1,0,1,0,4.6299E+20,5.34129E+21,8.5017E+15,4.82238E+16
47359,8,3,37,62,2018,5,18,1,3,0,1,0,0,1,0,0,0,0,0,4.53452E+20,5.27473E+21,8.38047E+15,4.76243E+16
47360,8,3,15,102,2018,5,7,4,2,4,6,0,0,1,0,0,0,1,0,4.34868E+20,5.29852E+21,8.12961E+15,4.78367E+16
47361,8,1,17,26,2018,5,13,4,3,3,6,0,1,1,0,0,0,0,0,5.49022E+20,5.3945E+21,9.66626E+15,4.87016E+16
47362,8,3,37,45,2018,5,16,1,3,2,1,0,0,0,0,1,0,0,0,4.38631E+20,5.29191E+21,8.18082E+15,4.77776E+16
47363,8,1,16,79,2018,6,14,6,2,8,1,0,0,0,0,1,0,0,0,5.39301E+20,5.3772E+21,9.5325E+15,4.85467E+16
47364,8,2,15,46,2018,5,10,4,3,2,6,0,0,1,0,0,0,0,0,4.49381E+20,5.41673E+21,8.3093E+15,4.89014E+16
47365,8,3,37,49,2018,5,13,1,2,8,6,0,0,0,0,1,0,0,0,4.24122E+20,5.27804E+21,7.98959E+15,4.76513E+16
47366,8,2,16,43,2018,5,15,5,2,2,6,0,0,1,0,1,0,0,0,4.42512E+20,5.40881E+21,8.21669E+15,4.88296E+16
47367,8,3,36,87,2018,5,15,1,2,9,1,0,0,0,0,1,0,0,0,4.22347E+20,5.29339E+21,7.96322E+15,4.77892E+16
47368,8,3,37,106,2018,5,8,4,3,2,6,0,0,1,0,0,0,0,0,4.6212E+20,5.29239E+21,8.4943E+15,4.77838E+16
47369,8,4,25,31,2018,5,22,4,3,2,6,2,0,1,0,0,0,0,0,5.70207E+20,5.3675E+21,9.94959E+15,4.84567E+16
47370,8,3,37,123,2018,5,18,3,3,5,3,0,0,1,0,0,0,0,0,4.53037E+20,5.27927E+21,8.37447E+15,4.76651E+16
47371,8,2,31,0,2018,6,11,6,3,5,3,0,0,1,0,0,0,1,0,4.7777E+20,5.41494E+21,8.69676E+15,4.8887E+16
47372,8,3,36,87,2018,5,13,1,2,8,1,0,0,0,0,1,0,0,0,4.21756E+20,5.29397E+21,7.95523E+15,4.77944E+16
47373,8,4,15,50,2018,5,7,4,3,4,6,0,0,0,0,1,0,1,0,5.19643E+20,5.37702E+21,9.26615E+15,4.8546E+16
47374,8,3,36,81,2018,5,14,1,2,4,6,0,0,1,0,1,0,0,0,4.10146E+20,5.28221E+21,7.80266E+15,4.7687E+16
47375,8,3,15,70,2018,6,22,7,2,5,3,2,0,1,0,0,0,0,0,4.55226E+20,5.30384E+21,8.40109E+15,4.78864E+16
47376,8,4,35,66,2018,5,12,5,3,0,1,0,0,0,0,1,0,0,0,5.19705E+20,5.28772E+21,9.26285E+15,4.77426E+16
47377,8,3,15,7,2018,6,19,6,2,2,6,0,0,1,0,1,0,0,0,4.00547E+20,5.29586E+21,7.67167E+15,4.78084E+16
47378,8,3,36,84,2018,5,6,1,3,8,1,0,0,1,0,0,0,0,0,4.04592E+20,5.27679E+21,7.72985E+15,4.76375E+16
47379,8,2,12,0,2018,5,21,4,3,2,6,2,0,1,0,0,0,0,0,4.55948E+20,5.42971E+21,8.39749E+15,4.90187E+16
47380,8,3,35,99,2018,5,12,1,3,8,7,0,0,0,0,1,0,0,0,4.95132E+20,5.29793E+21,8.93495E+15,4.78347E+16
47381,8,4,37,44,2018,5,18,5,3,5,3,0,0,1,0,0,0,0,0,5.33033E+20,5.32382E+21,9.4434E+15,4.80668E+16
47382,8,3,35,21,2018,5,12,1,3,1,6,0,0,1,0,0,0,0,0,4.9236E+20,5.30065E+21,8.89786E+15,4.78591E+16
47383,8,1,27,32,2018,5,22,5,3,4,6,2,0,1,0,0,0,1,0,5.65142E+20,5.45488E+21,9.89499E+15,4.92432E+16
47384,8,1,16,76,2018,6,18,7,3,9,1,0,0,0,0,1,0,0,0,5.28205E+20,5.4001E+21,9.38373E+15,4.87533E+16
47385,8,3,27,30,2018,5,16,1,3,8,1,0,0,1,0,0,0,0,0,4.92007E+20,5.32114E+21,8.89276E+15,4.80435E+16
47386,8,3,35,75,2018,5,12,4,3,5,2,0,0,1,0,0,0,0,0,4.8811E+20,5.29002E+21,8.84134E+15,4.77634E+16
47387,8,3,27,25,2018,5,12,1,3,2,6,0,0,1,0,0,0,0,0,4.81903E+20,5.30518E+21,8.75786E+15,4.78997E+16
47388,8,2,26,46,2018,6,9,6,2,5,3,0,0,1,0,0,0,0,0,4.75144E+20,5.45454E+21,8.65851E+15,4.92431E+16
47389,8,3,25,53,2018,5,9,1,3,8,1,0,0,0,0,1,0,0,0,4.53988E+20,5.33998E+21,8.38064E+15,4.82114E+16
47390,8,3,25,49,2018,5,19,1,3,2,6,0,0,1,0,0,0,0,0,4.74985E+20,5.33104E+21,8.6638E+15,4.81321E+16
47391,8,2,35,80,2018,6,23,7,3,4,1,2,0,1,0,0,0,0,0,4.81124E+20,5.38583E+21,8.74384E+15,4.86252E+16
47392,8,4,16,36,2018,5,15,5,3,5,3,0,1,1,0,0,0,0,0,4.94959E+20,5.36898E+21,8.93179E+15,4.8474E+16
47393,8,2,37,28,2018,5,15,1,2,8,1,0,0,0,0,1,0,0,0,4.55589E+20,5.36874E+21,8.39916E+15,4.84702E+16
47394,8,1,11,0,2018,5,2,5,3,2,6,2,0,1,0,0,0,0,0,5.12124E+20,5.40673E+21,9.16515E+15,4.88134E+16
47395,8,4,26,70,2018,6,20,6,3,8,1,1,0,1,0,0,0,0,1,5.6506E+20,5.34068E+21,9.87584E+15,4.8216E+16
47396,8,2,37,4,2018,5,14,1,2,4,1,0,0,1,0,1,0,0,0,4.44413E+20,5.37832E+21,8.2467E+15,4.85555E+16
47397,8,1,25,26,2018,5,20,5,3,2,6,0,0,1,0,1,0,0,0,4.98173E+20,5.43844E+21,8.97497E+15,4.90988E+16
47398,8,4,25,28,2018,6,14,6,3,8,1,0,0,1,0,0,0,0,0,5.78915E+20,5.34318E+21,1.00628E+16,4.8237E+16
47399,8,3,17,34,2018,5,14,1,3,0,7,0,1,0,0,0,0,0,0,4.27731E+20,5.35854E+21,8.02407E+15,4.83759E+16
47400,8,3,35,100,2018,5,8,4,3,6,4,0,0,1,1,0,0,0,0,4.87804E+20,5.28653E+21,8.83735E+15,4.7732E+16
47401,8,3,17,57,2018,5,19,1,3,5,2,0,0,1,0,0,0,0,0,4.15817E+20,5.37995E+21,7.8589E+15,4.8567E+16
47402,8,2,12,0,2018,6,12,6,3,2,6,0,0,1,0,0,0,0,0,4.51869E+20,5.43103E+21,8.34155E+15,4.90303E+16
47403,8,3,17,153,2018,5,15,1,2,9,1,0,0,0,0,1,0,0,0,4.2271E+20,5.38666E+21,7.95107E+15,4.86283E+16
47404,8,3,17,98,2018,5,12,1,2,4,1,0,0,0,0,1,0,1,0,4.40548E+20,5.3751E+21,8.19479E+15,4.85262E+16
47405,8,2,16,15,2018,6,0,7,3,5,3,2,0,1,0,0,0,0,0,4.4674E+20,5.40884E+21,8.27429E+15,4.88302E+16
47406,8,3,25,69,2018,5,16,5,3,8,1,0,0,1,0,0,0,0,0,4.69549E+20,5.33605E+21,8.59038E+15,4.81769E+16
47407,8,3,11,0,2018,5,14,1,2,5,3,0,0,1,0,0,0,0,0,4.05432E+20,5.31488E+21,7.73273E+15,4.79803E+16
47408,8,4,36,13,2018,5,17,4,3,4,2,0,0,1,0,0,0,0,0,5.4451E+20,5.29725E+21,9.59471E+15,4.7827E+16
47409,8,3,37,66,2018,6,17,6,3,5,3,0,0,1,0,1,0,0,0,4.30862E+20,5.27099E+21,8.08045E+15,4.75887E+16
47410,8,2,36,46,2018,5,11,1,3,2,6,0,0,1,0,0,0,0,0,4.83887E+20,5.41652E+21,8.78013E+15,4.89014E+16
47411,8,3,16,14,2018,5,10,4,3,0,1,0,0,0,0,1,0,0,0,4.25733E+20,5.33024E+21,8.00206E+15,4.81211E+16
47412,8,2,36,40,2018,5,11,4,3,5,3,0,0,1,0,0,0,0,0,4.90662E+20,5.42056E+21,8.87249E+15,4.89379E+16
47413,8,2,35,80,2018,5,16,1,3,5,3,0,0,1,0,0,0,0,0,4.82319E+20,5.38716E+21,8.76E+15,4.86372E+16
47414,8,1,18,48,2018,6,16,6,3,6,7,0,1,0,1,0,0,0,0,5.15115E+20,5.4167E+21,9.20625E+15,4.89031E+16
47415,8,2,21,0,2018,5,4,1,3,0,7,2,1,0,0,0,0,0,0,4.78633E+20,5.47344E+21,8.70543E+15,4.94132E+16
47416,8,3,17,122,2018,5,17,4,3,2,2,0,0,1,0,0,0,0,0,4.18568E+20,5.36728E+21,7.89866E+15,4.84534E+16
47417,8,2,21,0,2018,5,10,1,3,5,3,0,1,1,0,0,0,0,0,4.7662E+20,5.47238E+21,8.67774E+15,4.94036E+16
47418,8,1,15,45,2018,6,21,6,2,3,6,2,0,1,0,0,0,0,0,5.03753E+20,5.39752E+21,9.05104E+15,4.87307E+16
47419,8,2,16,9,2018,5,17,1,3,5,2,0,0,1,0,0,0,0,0,4.45165E+20,5.42074E+21,8.25124E+15,4.89371E+16
47420,8,2,15,97,2018,5,13,1,3,8,1,0,0,0,0,1,0,0,0,4.81467E+20,5.44177E+21,8.74596E+15,4.91285E+16
47421,8,1,28,128,2018,6,16,7,3,1,6,0,1,1,0,0,0,0,0,5.43087E+20,5.50454E+21,9.59741E+15,4.96919E+16
47422,8,3,16,9,2018,5,1,5,3,9,1,2,0,1,0,0,0,0,1,4.19989E+20,5.32534E+21,7.92581E+15,4.80763E+16
47423,8,2,15,96,2018,5,7,1,3,8,1,0,0,1,0,0,0,0,0,4.62963E+20,5.41285E+21,8.49497E+15,4.88675E+16
47424,8,4,25,20,2018,5,14,4,2,5,3,0,0,1,0,1,0,0,0,5.59264E+20,5.36088E+21,9.80066E+15,4.83983E+16
47425,8,1,11,0,2018,5,7,4,3,3,6,0,0,1,0,0,0,0,0,5.17804E+20,5.40406E+21,9.24239E+15,4.87893E+16
47426,8,3,15,113,2018,6,14,6,3,1,6,0,0,1,0,0,0,0,0,4.35844E+20,5.30616E+21,8.14151E+15,4.79056E+16
47427,8,2,11,0,2018,5,18,1,3,5,2,0,0,1,0,0,0,0,0,4.41975E+20,5.40704E+21,8.20962E+15,4.88136E+16
47428,8,3,11,0,2018,5,16,4,3,0,6,0,0,1,0,0,0,0,0,4.12597E+20,5.31535E+21,7.82862E+15,4.79855E+16
47429,8,1,18,73,2018,5,17,1,2,5,3,0,0,1,0,1,0,0,0,4.94968E+20,5.4188E+21,8.93131E+15,4.89221E+16
47430,8,2,35,8,2018,6,18,6,3,4,6,0,0,1,0,0,0,0,0,4.84991E+20,5.40182E+21,8.79574E+15,4.87692E+16
47431,8,2,11,0,2018,5,20,4,2,8,1,0,1,0,0,0,0,0,0,4.46278E+20,5.40362E+21,8.26868E+15,4.87833E+16
47432,8,1,18,76,2018,5,15,1,1,5,3,0,1,1,0,0,0,0,0,5.05319E+20,5.42198E+21,9.07265E+15,4.89507E+16
47433,8,1,18,78,2018,5,4,5,3,8,7,2,0,0,0,0,0,1,1,5.12296E+20,5.41936E+21,9.16787E+15,4.89271E+16
47434,8,1,11,0,2018,6,16,3,3,2,6,0,0,1,0,0,0,0,0,5.15115E+20,5.40612E+21,9.20586E+15,4.88079E+16
47435,8,1,16,35,2018,6,16,5,3,1,6,0,0,1,0,1,0,0,0,5.27231E+20,5.3922E+21,9.36995E+15,4.86823E+16
47436,8,3,17,150,2018,6,9,6,2,5,2,0,0,1,0,1,0,0,0,4.08386E+20,5.35656E+21,7.76333E+15,4.83555E+16
47437,8,2,16,43,2018,6,8,3,3,0,1,0,1,0,0,0,0,0,0,4.41717E+20,5.41376E+21,8.20516E+15,4.88741E+16
47438,8,1,11,0,2018,6,13,3,3,2,6,0,0,1,0,0,0,0,0,5.13377E+20,5.4015E+21,9.18204E+15,4.87663E+16
47439,8,3,15,4,2018,6,17,4,3,1,6,0,0,1,0,0,0,0,0,3.94554E+20,5.29406E+21,7.59209E+15,4.77913E+16
47440,8,1,21,0,2018,6,7,6,3,2,6,0,0,1,0,0,0,0,0,5.13318E+20,5.44144E+21,9.18255E+15,4.91256E+16
47441,8,4,37,78,2018,6,6,2,3,2,2,0,0,1,0,0,0,0,0,5.04861E+20,5.31667E+21,9.06517E+15,4.80033E+16
47442,8,4,36,81,2018,6,11,2,2,4,6,0,0,1,0,0,0,0,0,5.60655E+20,5.27945E+21,9.80791E+15,4.76656E+16
47443,8,4,25,71,2018,6,15,4,2,8,7,0,0,1,0,0,0,0,0,5.50628E+20,5.36998E+21,9.68509E+15,4.84809E+16
47444,8,3,36,105,2018,6,19,5,3,1,6,0,0,1,0,0,0,0,0,3.99086E+20,5.2675E+21,7.65872E+15,4.75531E+16
47445,8,4,36,64,2018,6,7,2,3,2,6,0,0,1,0,0,0,1,0,5.45459E+20,5.29234E+21,9.60686E+15,4.77829E+16
47446,8,2,26,107,2018,6,15,5,3,2,6,0,0,1,0,0,0,0,0,4.75077E+20,5.48424E+21,8.65573E+15,4.95103E+16
47447,8,2,26,96,2018,6,20,3,3,0,6,0,0,1,0,0,0,1,0,4.73628E+20,5.49184E+21,8.6352E+15,4.95786E+16
47448,8,4,36,55,2018,6,13,2,3,5,3,0,1,1,0,0,0,0,0,5.76086E+20,5.29883E+21,1.00168E+16,4.78383E+16
47449,8,1,11,0,2018,6,7,5,3,0,1,0,1,0,0,0,0,0,0,5.13127E+20,5.40682E+21,9.1788E+15,4.88143E+16
47450,8,2,31,0,2018,6,20,6,2,0,1,0,0,1,0,1,0,0,0,4.7825E+20,5.41627E+21,8.70323E+15,4.8899E+16
47451,8,4,35,59,2018,6,19,2,3,7,4,0,0,0,1,1,0,0,0,5.12304E+20,5.29074E+21,9.16421E+15,4.77699E+16
47452,8,4,25,141,2018,6,18,2,2,4,6,0,0,1,0,0,0,0,0,5.64594E+20,5.36124E+21,9.87272E+15,4.8401E+16
47453,8,2,21,0,2018,6,18,4,3,2,6,0,0,1,0,0,0,0,0,4.77413E+20,5.46753E+21,8.68894E+15,4.93601E+16
47454,8,1,17,58,2018,6,12,6,1,8,7,0,0,1,0,0,0,0,0,5.47183E+20,5.37963E+21,9.63958E+15,4.85679E+16
47455,8,4,21,0,2018,6,15,2,3,0,1,0,0,0,0,1,0,0,0,5.69686E+20,5.35752E+21,9.94088E+15,4.8367E+16
47456,8,1,11,0,2018,6,6,4,3,2,6,0,1,1,0,0,0,0,0,5.13246E+20,5.4006E+21,9.18022E+15,4.87583E+16
47457,8,4,17,23,2018,6,18,2,3,5,2,0,0,1,0,0,0,0,0,4.93287E+20,5.35205E+21,8.90944E+15,4.83216E+16
47458,8,2,37,54,2018,6,16,4,3,4,6,0,0,1,0,0,0,0,0,4.65698E+20,5.37386E+21,8.5355E+15,4.85169E+16
47459,8,1,18,48,2018,6,10,6,3,2,6,0,0,1,0,0,0,0,0,5.12406E+20,5.41527E+21,9.16924E+15,4.88902E+16
47460,8,4,17,10,2018,6,17,2,3,5,3,0,0,1,0,0,0,0,0,5.05074E+20,5.3444E+21,9.06835E+15,4.82528E+16
47461,8,1,36,65,2018,6,17,3,3,0,7,0,0,0,0,1,0,1,1,5.58131E+20,5.40678E+21,9.79177E+15,4.88113E+16
47462,8,1,11,0,2018,6,5,4,3,5,3,1,1,1,0,0,0,0,0,5.17799E+20,5.40449E+21,9.24235E+15,4.87931E+16
47463,8,2,26,31,2018,6,9,5,3,2,6,0,0,1,0,0,1,0,0,4.73428E+20,5.49325E+21,8.63234E+15,4.95913E+16
47464,8,3,35,98,2018,6,12,7,2,0,1,0,1,0,0,0,0,0,0,5.00693E+20,5.29372E+21,9.00925E+15,4.77969E+16
47465,8,4,17,79,2018,6,17,2,3,5,3,0,0,1,0,1,0,0,0,5.03839E+20,5.34531E+21,9.05172E+15,4.8261E+16
47466,8,2,12,0,2018,6,16,5,3,2,6,0,0,1,0,0,0,0,0,4.52346E+20,5.42813E+21,8.34842E+15,4.90042E+16
47467,8,2,31,0,2018,6,16,3,3,5,2,0,0,1,0,1,0,0,0,4.75784E+20,5.41501E+21,8.66966E+15,4.88875E+16
47468,8,4,16,41,2018,6,7,2,2,9,1,0,0,1,0,0,0,0,0,5.05466E+20,5.37969E+21,9.0741E+15,4.85703E+16
47469,8,4,26,128,2018,6,15,4,3,2,6,0,0,1,0,0,0,0,0,5.59196E+20,5.33021E+21,9.79545E+15,4.81224E+16
47470,8,2,16,13,2018,6,18,6,3,9,1,0,0,0,0,1,0,0,0,4.50966E+20,5.38885E+21,8.33425E+15,4.86508E+16
47471,8,4,15,91,2018,6,10,2,3,1,6,0,0,1,0,0,0,0,0,5.11999E+20,5.35898E+21,9.16206E+15,4.83839E+16
47472,8,3,37,108,2018,6,6,2,3,8,1,0,0,1,0,0,0,0,0,4.21402E+20,5.28161E+21,7.95273E+15,4.76831E+16
47473,8,2,11,0,2018,6,12,4,3,5,3,0,1,1,0,0,0,0,0,4.39635E+20,5.40641E+21,8.17785E+15,4.88077E+16
47474,8,1,11,0,2018,6,17,6,3,2,6,0,0,1,0,0,1,0,0,5.15349E+20,5.40531E+21,9.20902E+15,4.88006E+16
47475,8,3,37,128,2018,6,13,2,3,8,1,0,0,0,0,0,0,1,0,4.4913E+20,5.28113E+21,8.32221E+15,4.76815E+16
47476,8,4,37,56,2018,6,7,3,2,8,1,0,0,0,0,1,0,0,0,5.26099E+20,5.30066E+21,9.34892E+15,4.78588E+16
47477,8,3,36,91,2018,6,10,2,3,2,6,0,0,1,0,0,0,0,0,3.95123E+20,5.27185E+21,7.60502E+15,4.75916E+16
47478,8,1,19,68,2018,6,22,5,3,5,3,2,1,1,0,0,0,0,1,5.25789E+20,5.41359E+21,9.35171E+15,4.88747E+16
47479,8,3,35,55,2018,6,9,6,2,5,3,0,0,0,0,1,0,1,0,4.9476E+20,5.28413E+21,8.93014E+15,4.77106E+16
47480,8,2,26,49,2018,6,7,3,2,4,2,0,0,1,0,0,0,0,0,4.86662E+20,5.46231E+21,8.81649E+15,4.93134E+16
47481,8,3,35,2,2018,6,15,2,3,4,6,0,0,1,0,0,0,0,0,5.06148E+20,5.28437E+21,9.08196E+15,4.77127E+16
47482,8,4,36,82,2018,6,13,4,1,1,6,0,0,1,0,0,0,1,0,5.47618E+20,5.2953E+21,9.63601E+15,4.78093E+16
47483,8,3,35,77,2018,6,21,2,3,3,6,1,0,1,0,0,0,0,1,4.95E+20,5.29077E+21,8.93326E+15,4.77703E+16
47484,8,1,18,78,2018,6,20,5,3,9,1,2,0,1,0,0,0,0,1,5.1247E+20,5.41947E+21,9.17025E+15,4.8928E+16
47485,8,3,36,106,2018,6,11,6,3,8,1,0,0,0,0,1,0,0,0,4.21405E+20,5.28829E+21,7.95158E+15,4.77432E+16
47486,8,2,25,33,2018,6,10,3,3,4,6,0,0,0,0,0,1,1,0,5.09677E+20,5.45897E+21,9.13306E+15,4.92834E+16
47487,8,3,26,55,2018,6,20,2,3,4,6,0,0,1,0,0,1,0,0,4.43521E+20,5.33276E+21,8.24072E+15,4.81456E+16
47488,8,3,16,17,2018,6,19,4,2,2,6,0,0,1,0,0,1,0,0,4.0686E+20,5.34055E+21,7.74626E+15,4.82113E+16
47489,8,1,25,6,2018,6,15,6,3,1,6,0,0,1,0,0,0,0,0,5.04854E+20,5.4512E+21,9.06665E+15,4.92136E+16
47490,8,3,25,49,2018,6,9,2,3,4,7,0,0,1,0,0,0,0,0,4.70757E+20,5.33733E+21,8.60654E+15,4.81885E+16
47491,8,3,25,15,2018,6,13,2,3,2,6,0,0,0,0,0,1,0,0,4.7067E+20,5.34505E+21,8.60483E+15,4.8258E+16
47492,8,1,35,31,2018,6,17,4,2,8,1,0,0,1,0,0,0,0,0,5.96144E+20,5.37993E+21,1.03032E+16,4.85651E+16
47493,8,1,11,0,2018,6,18,6,3,5,3,0,0,1,0,1,0,0,0,5.15398E+20,5.40325E+21,9.20961E+15,4.87821E+16
47494,8,3,25,70,2018,6,17,2,3,0,6,0,1,1,0,0,0,0,0,4.62511E+20,5.34854E+21,8.4946E+15,4.8289E+16
47495,8,4,17,79,2018,6,7,3,3,5,3,0,1,1,0,0,0,0,0,5.02055E+20,5.34268E+21,9.02768E+15,4.82373E+16
47496,8,2,37,45,2018,6,17,2,1,4,6,0,0,0,0,0,0,1,0,4.58818E+20,5.36387E+21,8.44333E+15,4.84266E+16
47497,8,1,17,61,2018,6,14,5,3,1,6,0,0,1,0,0,0,0,0,5.63601E+20,5.39558E+21,9.86455E+15,4.871E+16
47498,8,3,17,65,2018,6,14,6,3,5,7,0,0,1,0,0,1,0,0,4.1702E+20,5.35482E+21,7.88019E+15,4.83411E+16
47499,8,2,15,109,2018,6,7,3,3,2,6,0,0,1,0,1,0,0,0,4.6228E+20,5.43769E+21,8.48336E+15,4.90909E+16
47500,8,3,17,51,2018,6,9,2,3,5,3,0,0,1,0,1,0,0,0,4.42961E+20,5.33594E+21,8.23277E+15,4.81741E+16
47501,8,3,17,150,2018,6,8,4,3,2,6,0,0,1,0,0,0,0,0,4.10241E+20,5.35438E+21,7.78882E+15,4.83362E+16
47502,8,1,26,46,2018,6,18,6,2,0,2,0,1,0,0,0,0,0,0,5.49962E+20,5.45858E+21,9.68692E+15,4.92779E+16
47503,8,3,17,114,2018,6,9,2,3,2,6,0,0,1,0,0,0,0,0,4.07377E+20,5.34568E+21,7.7521E+15,4.82575E+16
47504,8,3,17,153,2018,6,20,2,3,5,3,0,0,1,0,0,0,0,0,4.22356E+20,5.39114E+21,7.94543E+15,4.86685E+16
47505,8,1,25,65,2018,6,7,4,3,2,6,0,0,1,0,0,0,0,0,5.16916E+20,5.44939E+21,9.23219E+15,4.91971E+16
47506,8,4,16,41,2018,6,20,5,2,4,2,1,0,1,0,0,0,0,1,5.0573E+20,5.37506E+21,9.07761E+15,4.85286E+16
47507,8,1,25,103,2018,6,14,6,3,2,1,0,0,1,0,0,0,1,0,5.29655E+20,5.46507E+21,9.40821E+15,4.93377E+16
47508,8,3,16,3,2018,6,16,2,3,2,6,0,0,1,0,1,0,0,0,4.29339E+20,5.33744E+21,8.04932E+15,4.81863E+16
47509,8,2,26,85,2018,6,18,2,2,1,6,0,0,0,0,0,1,0,0,4.92428E+20,5.45389E+21,8.89599E+15,4.92377E+16
47510,8,1,27,14,2018,6,18,4,2,5,3,0,0,1,0,1,0,0,0,5.78491E+20,5.44337E+21,1.00761E+16,4.91382E+16
47511,8,4,36,93,2018,6,16,5,3,4,6,0,0,1,0,0,0,0,0,5.46264E+20,5.31136E+21,9.61965E+15,4.79539E+16
47512,8,2,26,95,2018,6,18,2,3,2,6,0,0,1,0,0,0,0,0,4.73088E+20,5.46331E+21,8.62967E+15,4.93219E+16
47513,8,3,37,76,2018,6,11,3,3,2,6,0,0,1,0,0,0,0,0,4.26532E+20,5.26717E+21,8.02351E+15,4.75538E+16
47514,8,4,37,86,2018,6,2,7,2,8,7,2,0,1,0,0,0,0,0,5.26804E+20,5.30896E+21,9.35886E+15,4.79334E+16
47515,8,2,26,85,2018,6,6,2,2,2,6,0,0,0,0,0,1,0,0,4.91806E+20,5.45431E+21,8.88743E+15,4.92415E+16
47516,8,1,16,77,2018,6,14,5,3,2,6,0,0,1,0,0,0,0,0,5.15945E+20,5.39158E+21,9.2166E+15,4.8677E+16
47517,8,3,16,17,2018,6,6,6,2,8,1,0,0,0,0,1,0,0,0,4.12579E+20,5.33989E+21,7.82336E+15,4.82062E+16
47518,8,1,15,28,2018,6,22,3,3,2,6,2,0,1,0,0,0,0,0,4.99221E+20,5.40367E+21,8.98939E+15,4.8786E+16
47519,8,2,31,0,2018,6,15,2,3,2,6,0,0,1,0,0,0,1,0,4.81063E+20,5.41896E+21,8.74149E+15,4.89233E+16
47520,8,2,22,0,2018,6,11,4,2,2,6,0,0,1,0,0,0,1,0,4.63403E+20,5.48925E+21,8.494E+15,4.95547E+16
47521,8,1,19,91,2018,6,22,6,3,2,6,2,0,1,0,0,0,0,1,5.25534E+20,5.40704E+21,9.34782E+15,4.88158E+16
47522,8,2,35,46,2018,6,11,2,3,5,3,0,0,1,0,0,0,0,0,4.80394E+20,5.37752E+21,8.73433E+15,4.85505E+16
47523,8,1,36,33,2018,6,6,3,3,0,1,0,0,0,0,1,0,0,0,5.80433E+20,5.41617E+21,1.00973E+16,4.88933E+16
47524,8,1,15,28,2018,6,14,4,3,4,6,0,0,1,0,0,1,0,0,4.98565E+20,5.4056E+21,8.98046E+15,4.88034E+16
47525,8,3,27,50,2018,6,15,5,3,8,6,0,0,1,0,1,0,0,0,4.91445E+20,5.31355E+21,8.88537E+15,4.79752E+16
47526,8,3,25,53,2018,6,16,7,3,9,1,0,0,0,0,1,0,0,0,4.52822E+20,5.33755E+21,8.36523E+15,4.81894E+16
47527,8,2,31,0,2018,6,14,2,3,5,2,0,0,1,0,1,0,0,0,4.78507E+20,5.41581E+21,8.70677E+15,4.88949E+16