OBJECTID_1,ULAND,UREGBEZ,UKREIS,UGEMEINDE,UJAHR,UMONAT,USTUNDE,UWOCHENTAG,UKATEGORIE,UART,UTYP1,ULICHTVERH,IstRad,IstPKW,IstFuss,IstKrad,IstGkfz,IstSonstig,STRZUSTAND,LINREFX,LINREFY,XGCSWGS84,YGCSWGS84
48282,8,4,36,78,2018,6,9,6,3,6,4,0,0,1,1,0,0,0,0,5.574E+20,5.29161E+21,9.76616E+15,4.77753E+16
48283,8,1,15,44,2018,6,9,6,3,1,5,0,0,1,0,1,0,0,0,5.04552E+20,5.38926E+21,9.06182E+15,4.86564E+16
48284,8,2,36,46,2018,6,18,6,3,2,6,0,0,1,0,0,0,0,0,4.82984E+20,5.41769E+21,8.76776E+15,4.89119E+16
48285,8,1,11,0,2018,6,19,3,3,3,6,0,0,1,0,0,1,0,1,5.12437E+20,5.39471E+21,9.16904E+15,4.87053E+16
48286,8,4,36,64,2018,6,19,6,3,9,1,0,0,1,0,0,0,0,1,5.45533E+20,5.29445E+21,9.60807E+15,4.78018E+16
48287,8,1,18,79,2018,6,8,6,3,1,6,0,0,1,0,0,0,0,0,5.08944E+20,5.41993E+21,9.12212E+15,4.89323E+16
48288,8,4,35,42,2018,6,15,2,2,4,6,0,0,1,0,1,0,0,0,5.52903E+20,5.27901E+21,9.70462E+15,4.76623E+16
48289,8,4,37,65,2018,6,10,1,2,0,7,0,1,0,0,0,0,0,0,5.18013E+20,5.31848E+21,9.24157E+15,4.80193E+16
48290,8,4,36,95,2018,6,14,6,3,5,3,0,1,1,0,0,0,0,0,5.37787E+20,5.29387E+21,9.50459E+15,4.7797E+16
48291,8,2,26,85,2018,6,9,4,2,8,1,0,0,0,0,0,1,0,0,4.88138E+20,5.45479E+21,8.83702E+15,4.92458E+16
48292,8,3,15,73,2018,6,18,5,3,2,6,0,1,0,0,0,0,0,0,4.12547E+20,5.31378E+21,7.82828E+15,4.79714E+16
48293,8,2,26,41,2018,6,19,2,3,9,1,0,0,1,0,0,0,0,1,4.76627E+20,5.46555E+21,8.67824E+15,4.93422E+16
48294,8,2,12,0,2018,6,20,1,3,2,6,0,0,1,0,0,1,0,0,4.58876E+20,5.427E+21,8.43781E+15,4.89945E+16
48295,8,4,17,79,2018,6,23,6,3,5,3,2,0,1,0,0,0,0,0,5.0093E+20,5.34456E+21,9.01252E+15,4.82543E+16
48296,8,3,26,17,2018,6,16,3,3,5,3,0,0,1,0,0,0,0,0,4.40574E+20,5.32185E+21,8.20263E+15,4.80472E+16
48297,8,4,35,66,2018,6,17,6,3,0,1,0,1,0,0,0,0,0,1,5.19709E+20,5.28773E+21,9.26291E+15,4.77426E+16
48298,8,2,12,0,2018,6,15,6,3,2,6,0,0,1,0,0,0,0,0,4.52927E+20,5.43007E+21,8.35614E+15,4.90217E+16
48299,8,1,26,39,2018,6,13,3,3,1,6,0,0,1,0,0,0,0,1,5.48077E+20,5.46068E+21,9.66125E+15,4.9297E+16
48300,8,4,35,16,2018,6,12,6,3,5,3,0,0,1,0,0,0,0,0,5.34858E+20,5.28234E+21,9.46455E+15,4.76935E+16
48301,8,1,11,0,2018,6,11,6,3,2,6,0,0,1,0,1,0,0,0,5.09916E+20,5.39726E+21,9.13484E+15,4.87283E+16
48302,8,3,37,123,2018,6,16,2,3,2,6,0,0,1,0,0,0,1,0,4.51249E+20,5.27742E+21,8.35086E+15,4.76484E+16
48303,8,4,17,31,2018,6,2,1,3,8,1,2,0,1,0,0,0,0,0,4.98299E+20,5.35541E+21,8.97704E+15,4.83519E+16
48304,8,4,35,47,2018,6,7,6,2,5,3,0,0,1,0,1,0,0,0,5.12791E+20,5.29619E+21,9.17087E+15,4.78189E+16
48305,8,1,15,28,2018,6,16,2,3,2,1,0,0,1,0,0,0,0,1,5.02287E+20,5.40151E+21,9.03112E+15,4.87666E+16
48306,8,1,36,65,2018,6,12,4,3,3,6,0,0,1,0,0,1,0,0,5.57063E+20,5.40468E+21,9.77694E+15,4.87925E+16
48307,8,2,22,0,2018,6,17,5,3,5,5,0,0,1,0,0,0,0,0,4.61278E+20,5.48396E+21,8.46514E+15,4.9507E+16
48308,8,2,25,33,2018,6,22,1,3,4,2,2,0,1,0,0,0,1,1,5.11054E+20,5.46103E+21,9.15204E+15,4.93019E+16
48309,8,1,18,54,2018,6,11,5,3,5,3,0,0,1,0,1,0,0,0,5.19559E+20,5.4235E+21,9.26722E+15,4.89641E+16
48310,8,4,35,47,2018,6,14,2,3,2,6,0,0,1,1,0,0,0,0,5.13026E+20,5.29783E+21,9.17407E+15,4.78336E+16
48311,8,3,35,96,2018,6,17,1,2,8,7,0,0,1,0,0,0,0,0,5.07118E+20,5.30563E+21,9.09524E+15,4.7904E+16
48312,8,4,26,38,2018,6,6,6,3,8,6,0,0,1,0,0,0,0,0,5.64002E+20,5.31341E+21,9.8575E+15,4.79708E+16
48313,8,2,16,43,2018,6,8,4,2,5,3,0,0,1,0,0,1,0,0,4.35018E+20,5.40921E+21,8.11454E+15,4.88325E+16
48314,8,2,31,0,2018,6,16,5,3,2,6,0,0,1,0,0,0,1,0,4.78933E+20,5.41472E+21,8.71264E+15,4.88851E+16
48315,8,2,22,0,2018,6,6,2,3,2,6,0,0,1,0,0,0,0,0,4.6654E+20,5.47452E+21,8.53862E+15,4.94224E+16
48316,8,2,37,74,2018,6,16,1,3,8,1,0,0,0,0,1,0,0,0,4.71954E+20,5.37119E+21,8.62039E+15,4.84932E+16
48317,8,3,16,43,2018,6,8,6,3,2,6,0,0,1,0,0,0,0,0,4.1016E+20,5.32787E+21,7.79335E+15,4.80978E+16
48318,8,3,17,65,2018,6,22,3,3,6,4,2,0,0,1,0,0,1,0,4.16667E+20,5.35466E+21,7.87546E+15,4.83396E+16
48319,8,4,26,38,2018,6,15,6,3,2,6,0,0,1,0,0,0,0,0,5.57915E+20,5.31414E+21,9.77606E+15,4.79779E+16
48320,8,1,15,45,2018,6,15,6,3,2,6,0,0,1,0,0,0,0,0,5.01726E+20,5.39406E+21,9.02345E+15,4.86996E+16
48321,8,1,19,84,2018,6,17,3,3,2,6,0,0,1,0,0,0,0,1,5.45855E+20,5.41176E+21,9.62514E+15,4.88572E+16
48322,8,4,26,134,2018,6,19,6,1,4,1,1,0,1,0,0,0,1,1,5.58068E+20,5.3367E+21,9.78118E+15,4.81809E+16
48323,8,4,36,64,2018,6,16,4,2,1,3,0,1,0,0,0,1,0,0,5.46234E+20,5.29226E+21,9.61721E+15,4.7782E+16
48324,8,4,36,11,2018,6,16,5,3,5,3,0,1,1,0,0,0,0,0,5.47806E+20,5.29723E+21,9.63874E+15,4.78267E+16
48325,8,3,35,2,2018,6,18,2,1,4,6,0,0,1,0,0,1,0,0,5.0511E+20,5.28559E+21,9.06815E+15,4.77237E+16
48326,8,3,35,81,2018,6,8,1,2,3,6,0,1,0,0,1,0,0,0,4.89744E+20,5.29737E+21,8.86297E+15,4.78296E+16
48327,8,4,25,137,2018,6,20,6,3,4,6,2,0,1,0,0,0,0,1,5.73689E+20,5.35517E+21,9.99451E+15,4.83454E+16
48328,8,1,19,93,2018,6,14,4,3,5,3,0,1,1,0,0,0,0,0,5.23904E+20,5.40625E+21,9.32557E+15,4.88088E+16
48329,8,1,36,65,2018,6,16,5,2,9,1,0,0,1,0,0,0,0,0,5.55616E+20,5.4012E+21,9.75677E+15,4.87613E+16
48330,8,2,11,0,2018,6,20,1,3,9,1,0,0,0,0,1,0,0,0,4.43677E+20,5.39352E+21,8.23465E+15,4.86922E+16
48331,8,1,16,71,2018,6,0,5,3,7,7,2,1,0,0,0,0,0,0,5.26836E+20,5.39056E+21,9.36448E+15,4.86675E+16
48332,8,3,27,57,2018,6,7,6,2,4,6,0,0,1,0,0,0,0,0,4.9215E+20,5.30913E+21,8.89489E+15,4.79355E+16
48333,8,4,15,61,2018,6,17,6,3,2,6,0,0,1,0,0,0,0,0,5.17324E+20,5.37273E+21,9.23455E+15,4.85075E+16
48334,8,2,25,2,2018,6,14,3,3,8,1,0,0,1,0,0,0,0,1,4.98984E+20,5.46635E+21,8.986E+15,4.93499E+16
48335,8,1,27,14,2018,6,12,6,3,5,2,0,1,1,0,0,0,0,0,5.77361E+20,5.44268E+21,1.00605E+16,4.91321E+16
48336,8,1,11,0,2018,6,20,3,3,6,4,0,0,1,1,0,0,0,1,5.16055E+20,5.40381E+21,9.21857E+15,4.87871E+16
48337,8,4,15,50,2018,6,17,3,3,2,6,0,0,1,0,0,0,0,0,5.20426E+20,5.37528E+21,9.27668E+15,4.85303E+16
48338,8,1,25,8,2018,6,14,7,3,5,3,0,0,1,0,1,0,0,0,5.23112E+20,5.43184E+21,9.31623E+15,4.9039E+16
48339,8,3,16,53,2018,6,15,2,3,4,6,0,1,0,0,0,0,0,0,4.05172E+20,5.34265E+21,7.72308E+15,4.823E+16
48340,8,3,16,2,2018,6,17,5,2,4,6,0,0,1,0,1,0,0,0,4.0758E+20,5.33041E+21,7.75815E+15,4.81202E+16
48341,8,2,26,101,2018,6,13,5,3,5,2,0,0,1,0,1,0,0,0,4.87108E+20,5.46046E+21,8.82268E+15,4.92968E+16
48342,8,2,12,0,2018,6,17,3,3,3,6,0,0,1,0,1,0,0,0,4.56355E+20,5.4265E+21,8.4034E+15,4.89898E+16
48343,8,3,15,22,2018,6,16,2,3,5,2,0,0,1,0,0,0,0,0,3.98232E+20,5.30155E+21,7.63942E+15,4.78592E+16
48344,8,1,36,82,2018,6,17,4,1,5,3,0,0,1,0,0,0,0,0,5.86025E+20,5.41506E+21,1.01734E+16,4.88825E+16
48345,8,4,37,100,2018,6,13,4,2,2,2,0,0,1,0,0,0,0,0,5.35226E+20,5.32003E+21,9.47252E+15,4.80326E+16
48346,8,3,15,59,2018,6,10,2,3,0,1,0,1,0,0,0,0,0,0,3.99159E+20,5.3221E+21,7.64699E+15,4.80442E+16
48347,8,2,12,0,2018,6,6,6,3,2,6,0,0,1,0,0,0,0,0,4.57207E+20,5.42692E+21,8.41501E+15,4.89937E+16
48348,8,2,26,85,2018,6,11,2,3,2,6,0,0,1,0,0,0,0,0,4.85478E+20,5.45682E+21,8.8004E+15,4.9264E+16
48349,8,1,11,0,2018,6,9,4,3,3,6,0,0,1,0,0,1,0,0,5.15773E+20,5.40473E+21,9.21477E+15,4.87954E+16
48350,8,2,26,10,2018,6,13,2,3,2,6,0,0,1,0,0,0,1,0,4.82548E+20,5.45809E+21,8.76007E+15,4.92753E+16
48351,8,4,26,70,2018,6,17,5,2,8,1,0,0,0,0,1,0,0,0,5.61527E+20,5.34293E+21,9.8286E+15,4.82366E+16
48352,8,3,27,50,2018,6,6,3,3,4,2,0,1,1,0,0,0,0,0,4.87443E+20,5.31429E+21,8.83172E+15,4.79818E+16
48353,8,1,16,42,2018,6,14,7,3,8,1,0,0,1,0,0,0,0,0,5.16777E+20,5.38018E+21,9.22744E+15,4.85745E+16
48354,8,2,31,0,2018,6,11,2,3,2,6,0,0,1,0,0,0,0,0,4.82477E+20,5.41834E+21,8.76082E+15,4.89178E+16
48355,8,2,37,28,2018,6,17,4,2,6,4,0,0,1,1,0,0,0,0,4.56173E+20,5.36842E+21,8.40709E+15,4.84674E+16
48356,8,1,35,16,2018,6,13,5,3,0,6,0,0,0,0,0,1,0,0,5.88272E+20,5.38426E+21,1.01974E+16,4.86052E+16
48357,8,1,27,73,2018,6,7,3,2,5,3,0,1,1,0,0,0,0,0,5.78649E+20,5.44577E+21,1.00788E+16,4.91597E+16
48358,8,4,15,28,2018,6,6,6,3,4,1,0,0,1,0,1,0,0,0,5.32322E+20,5.37576E+21,9.43784E+15,4.85341E+16
48359,8,2,22,0,2018,6,8,2,3,1,6,0,0,1,0,1,0,0,0,4.65196E+20,5.47953E+21,8.51965E+15,4.94674E+16
48360,8,1,19,3,2018,6,16,3,3,2,6,0,0,1,0,0,0,1,0,5.35038E+20,5.41655E+21,9.47808E+15,4.89009E+16
48361,8,1,26,20,2018,6,14,4,3,4,6,0,0,1,0,1,0,0,0,5.50023E+20,5.47049E+21,9.68925E+15,4.93851E+16
48362,8,4,37,104,2018,6,20,4,2,8,1,0,0,0,0,1,0,0,0,5.14899E+20,5.33285E+21,9.2003E+15,4.81488E+16
48363,8,2,15,105,2018,6,18,2,3,2,2,0,0,1,0,0,0,1,0,4.58773E+20,5.44053E+21,8.43503E+15,4.91163E+16
48364,8,2,16,24,2018,6,6,6,2,5,2,0,0,1,0,1,0,0,0,4.46212E+20,5.41148E+21,8.26675E+15,4.88539E+16
48365,8,2,12,0,2018,6,11,2,3,5,3,0,0,1,0,0,1,0,0,4.57864E+20,5.42798E+21,8.42389E+15,4.90032E+16
48366,8,4,36,64,2018,6,13,3,3,5,2,0,1,1,0,0,0,0,0,5.43994E+20,5.292E+21,9.58727E+15,4.77799E+16
48367,8,1,27,14,2018,6,18,4,3,5,3,0,1,1,0,0,0,0,0,5.77619E+20,5.44365E+21,1.00642E+16,4.91407E+16
48368,8,4,15,50,2018,6,9,4,3,0,6,0,0,1,0,0,0,1,0,5.22287E+20,5.37473E+21,9.30185E+15,4.85253E+16
48369,8,2,12,0,2018,6,19,2,3,6,4,0,0,1,1,0,0,0,0,4.55175E+20,5.42839E+21,8.38708E+15,4.90067E+16
48370,8,2,26,28,2018,6,15,6,3,0,1,0,0,0,0,1,0,1,1,4.73113E+20,5.48407E+21,8.6286E+15,4.95087E+16
48371,8,2,12,0,2018,6,7,2,3,2,6,0,0,1,0,0,0,0,0,4.59837E+20,5.43233E+21,8.45043E+15,4.90426E+16
48372,8,1,15,4,2018,6,17,3,3,2,6,0,0,1,0,0,0,0,0,4.88405E+20,5.37218E+21,8.84303E+15,4.85026E+16
48373,8,1,27,25,2018,6,17,3,3,2,2,0,0,1,0,0,0,0,0,5.54222E+20,5.4321E+21,9.74191E+15,4.90394E+16
48374,8,1,11,0,2018,6,19,3,3,2,6,0,0,1,0,1,0,0,0,5.13921E+20,5.4061E+21,9.18959E+15,4.88077E+16
48375,8,2,35,8,2018,6,10,2,3,3,2,0,0,1,0,0,0,1,0,4.84508E+20,5.4E+21,8.78924E+15,4.87528E+16
48376,8,4,16,25,2018,6,7,5,3,2,6,0,0,1,0,0,0,0,0,5.02373E+20,5.36022E+21,9.03205E+15,4.83952E+16
48377,8,3,17,96,2018,6,7,3,3,2,6,0,0,1,0,0,0,1,0,4.20947E+20,5.36812E+21,7.93067E+15,4.84612E+16
48378,8,3,27,38,2018,6,16,6,2,8,7,0,1,0,0,0,0,0,0,4.93735E+20,5.31318E+21,8.91605E+15,4.79719E+16
48379,8,2,31,0,2018,6,14,2,3,3,6,0,0,0,0,0,1,1,0,4.7769E+20,5.41506E+21,8.69565E+15,4.88881E+16
48380,8,2,36,4,2018,6,18,4,3,4,7,0,0,1,0,1,0,0,0,4.72357E+20,5.41294E+21,8.62306E+15,4.88688E+16
48381,8,1,27,32,2018,6,17,5,2,6,4,0,0,1,1,0,0,0,0,5.67139E+20,5.45584E+21,9.92259E+15,4.92516E+16
48382,8,3,37,22,2018,6,20,6,2,8,1,1,0,0,0,1,0,0,0,4.4924E+20,5.2949E+21,8.32208E+15,4.78054E+16
48383,8,2,35,8,2018,6,6,2,3,8,1,0,0,1,0,0,0,0,0,4.82587E+20,5.40279E+21,8.76298E+15,4.87779E+16
48384,8,1,18,51,2018,6,14,3,2,0,1,0,1,0,0,0,0,0,0,5.08902E+20,5.41515E+21,9.12144E+15,4.88892E+16
48385,8,1,19,93,2018,6,16,4,3,2,2,0,0,1,0,0,0,0,0,5.24471E+20,5.40334E+21,9.33312E+15,4.87826E+16
48386,8,3,25,9,2018,6,19,4,3,4,2,0,0,1,0,1,0,0,0,4.6673E+20,5.3431E+21,8.55191E+15,4.82403E+16
48387,8,2,26,96,2018,6,7,2,3,2,6,0,0,1,0,0,0,0,0,4.73775E+20,5.48865E+21,8.63745E+15,4.95499E+16
48388,8,1,25,103,2018,6,15,6,3,3,6,0,0,1,0,0,0,0,0,5.30019E+20,5.46692E+21,9.41336E+15,4.93543E+16
48389,8,2,25,60,2018,6,16,2,3,1,6,0,0,1,0,0,0,0,0,5.10937E+20,5.48388E+21,9.15107E+15,4.95074E+16
48390,8,4,26,14,2018,6,17,3,2,5,3,0,0,1,0,0,0,0,0,5.46334E+20,5.32221E+21,9.62176E+15,4.80515E+16
48391,8,2,25,9,2018,6,8,2,2,1,1,0,0,1,0,1,0,0,0,5.14353E+20,5.4658E+21,9.1976E+15,4.93448E+16
48392,8,3,35,99,2018,6,17,5,2,8,1,0,0,0,0,1,0,0,0,4.99443E+20,5.29874E+21,8.99256E+15,4.7842E+16
48393,8,2,15,103,2018,6,13,3,3,5,3,0,0,1,0,0,1,0,0,4.6491E+20,5.44422E+21,8.51881E+15,4.91498E+16
48394,8,2,22,0,2018,6,12,2,3,1,6,0,0,1,0,0,1,0,0,4.64642E+20,5.47702E+21,8.51222E+15,4.94448E+16
48395,8,2,26,9,2018,6,12,2,2,5,3,0,0,1,0,0,0,0,0,4.6686E+20,5.47314E+21,8.54315E+15,4.941E+16
48396,8,3,35,21,2018,6,19,5,3,8,1,0,0,1,0,0,0,0,0,4.93041E+20,5.3024E+21,8.90694E+15,4.78749E+16
48397,8,3,15,113,2018,6,18,3,3,2,6,0,0,1,0,0,0,0,0,4.37097E+20,5.3066E+21,8.15821E+15,4.79096E+16
48398,8,2,21,0,2018,6,16,2,3,1,6,0,0,1,0,0,0,0,0,4.76155E+20,5.47161E+21,8.67138E+15,4.93967E+16
48399,8,2,26,63,2018,6,19,4,3,8,1,0,0,0,0,1,0,0,0,4.71093E+20,5.4711E+21,8.60164E+15,4.93919E+16
48400,8,4,25,79,2018,6,8,5,3,2,6,0,0,1,0,0,0,0,0,5.53391E+20,5.3751E+21,9.72314E+15,4.85267E+16
48401,8,3,35,43,2018,6,19,6,3,0,6,0,0,1,0,0,0,1,0,5.13519E+20,5.28026E+21,9.18011E+15,4.76756E+16
48402,8,2,15,102,2018,6,7,2,3,2,6,0,0,1,0,0,0,0,0,4.57081E+20,5.43806E+21,8.41211E+15,4.90939E+16
48403,8,1,17,6,2018,6,16,3,2,4,6,0,0,1,0,1,0,0,0,5.50044E+20,5.38412E+21,9.67889E+15,4.86082E+16
48404,8,1,18,63,2018,6,6,4,1,2,6,0,0,0,0,0,1,0,0,5.16029E+20,5.42311E+21,9.21898E+15,4.89607E+16
48405,8,3,16,43,2018,6,15,4,2,0,6,0,0,1,0,0,0,1,0,4.09778E+20,5.33363E+21,7.787E+15,4.81495E+16
48406,8,2,12,0,2018,6,8,2,3,5,3,0,1,1,0,0,0,0,0,4.56378E+20,5.42655E+21,8.40372E+15,4.89903E+16
48407,8,1,19,75,2018,6,15,6,3,9,1,0,0,1,0,0,0,0,0,5.37072E+20,5.43026E+21,9.50708E+15,4.90241E+16
48408,8,1,21,0,2018,6,11,2,3,3,6,0,0,1,0,0,0,0,0,5.13063E+20,5.44851E+21,9.17928E+15,4.91893E+16
48409,8,4,15,61,2018,6,16,3,3,7,7,0,0,1,0,0,0,1,0,5.16E+20,5.37575E+21,9.21673E+15,4.85346E+16
48410,8,2,36,25,2018,6,7,2,3,2,6,0,0,1,0,0,0,1,0,4.90905E+20,5.40825E+21,8.87608E+15,4.88272E+16
48411,8,3,26,5,2018,6,0,5,2,9,7,2,0,1,0,0,0,0,0,4.66401E+20,5.30011E+21,8.55085E+15,4.78534E+16
48412,8,2,31,0,2018,6,14,5,3,1,6,0,0,1,0,0,0,0,0,4.7759E+20,5.41577E+21,8.69425E+15,4.88944E+16
48413,8,2,16,15,2018,6,10,3,3,4,6,0,0,1,0,0,1,0,0,4.48885E+20,5.40635E+21,8.30383E+15,4.8808E+16
48414,8,1,18,70,2018,6,8,2,3,1,6,0,0,1,0,0,0,0,0,5.16801E+20,5.42509E+21,9.2296E+15,4.89785E+16
48415,8,1,25,27,2018,6,18,4,3,2,6,0,0,1,0,0,0,1,0,5.17873E+20,5.44677E+21,9.24521E+15,4.91735E+16
48416,8,3,37,30,2018,6,17,4,3,8,1,0,0,1,0,0,0,0,0,4.61196E+20,5.27458E+21,8.48355E+15,4.76235E+16
48417,8,1,36,19,2018,6,5,2,2,2,1,0,0,0,0,0,1,1,0,5.87297E+20,5.42832E+21,1.01936E+16,4.90016E+16
48418,8,2,21,0,2018,6,14,6,3,2,6,0,0,1,0,0,0,0,0,4.73321E+20,5.4684E+21,8.63253E+15,4.93678E+16
48419,8,1,35,20,2018,6,20,2,2,9,1,0,0,1,0,0,0,0,0,5.89141E+20,5.38525E+21,1.02094E+16,4.86139E+16
48420,8,1,11,0,2018,6,8,4,3,2,6,0,0,1,0,1,0,0,0,5.08202E+20,5.40785E+21,9.11175E+15,4.88236E+16
48421,8,1,28,115,2018,6,21,2,3,5,3,2,0,1,0,0,0,0,0,5.48052E+20,5.49788E+21,9.66542E+15,4.96315E+16
48422,8,2,15,64,2018,6,14,4,3,5,3,0,0,1,0,0,1,0,0,4.82201E+20,5.44695E+21,8.7558E+15,4.91751E+16
48423,8,1,16,81,2018,6,9,5,2,3,6,0,0,0,0,1,0,1,0,5.16984E+20,5.38767E+21,9.23055E+15,4.86419E+16
48424,8,1,28,137,2018,6,22,2,3,9,1,2,0,1,0,0,0,0,0,5.61628E+20,5.49784E+21,9.8534E+15,4.96299E+16
48425,8,3,27,2,2018,6,16,6,2,4,6,0,0,1,0,0,0,1,0,4.76825E+20,5.32928E+21,8.68862E+15,4.81164E+16
48426,8,1,28,126,2018,6,8,2,3,2,7,0,0,1,0,1,0,0,0,5.64539E+20,5.48655E+21,9.89184E+15,4.95281E+16
48427,8,1,15,28,2018,6,13,4,3,1,5,0,1,1,0,0,0,0,0,5.00871E+20,5.40529E+21,9.01185E+15,4.88006E+16
48428,8,1,27,99,2018,6,13,2,3,5,3,0,0,1,0,0,0,0,0,5.62714E+20,5.44657E+21,9.86034E+15,4.91687E+16
48429,8,1,17,20,2018,6,14,6,3,2,6,0,0,1,0,0,0,0,0,5.49914E+20,5.3905E+21,9.6779E+15,4.86655E+16
48430,8,3,37,22,2018,6,17,3,2,8,1,0,0,0,0,1,0,0,0,4.48457E+20,5.29842E+21,8.3112E+15,4.7837E+16
48431,8,1,19,20,2018,6,12,7,3,0,7,0,1,0,0,0,0,0,0,5.19768E+20,5.40583E+21,9.26922E+15,4.88051E+16
48432,8,1,11,0,2018,6,17,3,3,2,6,0,0,1,0,0,0,0,0,5.1018E+20,5.40882E+21,9.13872E+15,4.88323E+16
48433,8,1,27,76,2018,6,15,2,2,8,1,0,0,0,0,1,0,0,0,5.62589E+20,5.4386E+21,9.85739E+15,4.90971E+16
48434,8,3,36,91,2018,6,14,5,2,5,3,0,0,0,0,1,0,1,0,3.94051E+20,5.27388E+21,7.59028E+15,4.76096E+16
48435,8,2,22,0,2018,6,19,5,3,2,6,0,0,1,0,1,0,0,0,4.61741E+20,5.48116E+21,8.47181E+15,4.94818E+16
48436,8,1,18,19,2018,6,9,3,3,2,1,0,0,1,0,0,0,0,0,5.02608E+20,5.40537E+21,9.03551E+15,4.88013E+16
48437,8,1,26,69,2018,6,10,2,2,4,6,0,0,0,0,1,1,0,0,5.36297E+20,5.44625E+21,9.49793E+15,4.9168E+16
48438,8,2,25,9,2018,6,18,3,1,4,1,0,0,1,0,1,0,0,0,5.17978E+20,5.46432E+21,9.24744E+15,4.93313E+16
48439,8,2,25,14,2018,6,17,4,2,5,3,0,0,1,0,0,0,0,0,5.26318E+20,5.48104E+21,9.36334E+15,4.94814E+16
48440,8,1,16,80,2018,6,18,4,2,5,2,0,0,1,0,1,0,0,0,5.18253E+20,5.3947E+21,9.2481E+15,4.87051E+16
48441,8,1,25,49,2018,6,16,2,3,0,1,0,0,0,0,1,1,0,0,4.9947E+20,5.45053E+21,8.99272E+15,4.92075E+16
48442,8,2,35,80,2018,6,14,6,3,0,7,0,1,0,0,0,0,1,1,4.81495E+20,5.38568E+21,8.74888E+15,4.86239E+16
48443,8,1,19,6,2018,6,16,2,3,2,6,0,0,1,0,0,0,1,0,5.36403E+20,5.42148E+21,9.49715E+15,4.89452E+16
48444,8,1,15,2,2018,6,16,3,3,0,7,0,1,0,0,0,0,0,0,4.99511E+20,5.38624E+21,8.99337E+15,4.86293E+16
48445,8,4,35,52,2018,6,8,3,2,6,2,0,0,1,1,0,0,0,0,5.21857E+20,5.29177E+21,9.29177E+15,4.77789E+16
48446,8,1,11,0,2018,6,10,3,3,2,6,0,0,1,0,0,0,0,0,5.15408E+20,5.4058E+21,9.20984E+15,4.8805E+16
48447,8,1,19,8,2018,6,2,2,3,8,1,2,0,1,0,0,0,0,0,5.30791E+20,5.422E+21,9.42055E+15,4.89502E+16
48448,8,4,17,79,2018,6,12,5,3,2,6,0,0,1,0,0,0,0,0,5.01323E+20,5.34448E+21,9.01782E+15,4.82536E+16
48449,8,3,26,17,2018,6,18,3,3,2,2,0,0,1,0,0,0,0,0,4.42787E+20,5.32168E+21,8.23234E+15,4.80459E+16
48450,8,1,11,0,2018,6,12,7,3,6,7,0,0,1,1,0,0,0,0,5.13212E+20,5.40231E+21,9.17982E+15,4.87736E+16
48451,8,1,18,73,2018,6,14,2,3,0,2,0,0,1,0,1,0,0,0,4.95289E+20,5.42739E+21,8.93559E+15,4.89994E+16
48452,8,2,35,46,2018,6,13,4,3,6,4,0,0,1,1,0,0,0,0,4.79788E+20,5.37884E+21,8.72605E+15,4.85624E+16
48453,8,1,35,19,2018,6,18,5,2,2,6,0,0,1,0,1,0,0,0,5.89013E+20,5.40323E+21,1.02116E+16,4.87757E+16
48454,8,4,35,59,2018,6,16,5,3,5,3,0,0,0,0,1,1,0,0,5.13857E+20,5.29131E+21,9.18496E+15,4.7775E+16
48455,8,1,15,28,2018,6,16,3,3,2,6,0,0,1,0,0,0,1,0,4.98757E+20,5.40392E+21,8.98307E+15,4.87882E+16
48456,8,3,35,66,2018,6,15,3,3,2,6,0,0,1,0,0,0,0,0,5.09735E+20,5.2812E+21,9.12972E+15,4.76841E+16
48457,8,1,17,26,2018,6,12,7,3,0,1,0,0,0,0,1,0,0,0,5.52442E+20,5.39799E+21,9.71318E+15,4.87327E+16
48458,8,1,18,67,2018,6,6,2,3,2,6,0,0,1,0,0,1,0,0,5.06581E+20,5.41309E+21,9.08974E+15,4.88707E+16
48459,8,2,11,0,2018,6,0,5,3,2,6,2,0,1,0,0,1,0,0,4.39991E+20,5.40652E+21,8.18267E+15,4.88088E+16
48460,8,2,26,32,2018,6,10,4,3,0,6,0,0,1,0,0,1,1,0,4.69175E+20,5.46265E+21,8.57587E+15,4.93158E+16
48461,8,1,15,16,2018,6,17,5,2,5,2,0,0,0,0,1,0,0,0,4.86848E+20,5.37855E+21,8.82176E+15,4.85599E+16
48462,8,1,36,45,2018,6,15,3,3,2,6,0,0,0,0,0,1,0,0,5.89024E+20,5.40427E+21,1.02119E+16,4.87851E+16
48463,8,4,35,16,2018,6,12,6,2,2,6,0,0,1,0,1,0,0,0,5.37258E+20,5.27849E+21,9.49621E+15,4.76587E+16
48464,8,1,18,73,2018,6,6,2,3,2,6,0,0,1,0,1,0,0,0,5.00005E+20,5.41846E+21,9.00007E+15,4.89191E+16
48465,8,1,19,41,2018,6,8,3,3,5,2,0,1,1,0,0,0,0,0,5.26544E+20,5.40998E+21,9.36177E+15,4.88422E+16
48466,8,1,27,89,2018,6,7,4,2,8,1,0,0,1,0,0,0,0,0,5.66883E+20,5.43752E+21,9.91602E+15,4.90869E+16
48467,8,3,37,66,2018,6,13,4,2,5,3,0,0,1,0,1,0,0,0,4.31074E+20,5.26889E+21,8.08359E+15,4.75697E+16
48468,8,1,18,79,2018,6,13,2,3,2,6,0,0,1,0,0,0,0,0,5.09218E+20,5.4232E+21,9.12593E+15,4.89616E+16
48469,8,2,16,15,2018,6,15,6,3,1,7,0,0,1,0,1,0,0,0,4.50883E+20,5.40475E+21,8.33123E+15,4.87938E+16
48470,8,1,16,49,2018,6,7,2,2,1,1,0,1,1,0,0,0,0,0,5.2614E+20,5.38566E+21,9.35472E+15,4.86235E+16