OBJECTID_1,ULAND,UREGBEZ,UKREIS,UGEMEINDE,UJAHR,UMONAT,USTUNDE,UWOCHENTAG,UKATEGORIE,UART,UTYP1,ULICHTVERH,IstRad,IstPKW,IstFuss,IstKrad,IstGkfz,IstSonstig,STRZUSTAND,LINREFX,LINREFY,XGCSWGS84,YGCSWGS84
48471,8,1,11,0,2018,6,19,3,3,4,5,0,0,1,0,1,0,0,0,5.112E+20,5.40522E+21,9.15251E+15,4.87999E+16
48472,8,1,36,65,2018,6,8,3,3,2,6,0,0,1,0,0,0,0,0,5.59879E+20,5.40908E+21,9.81592E+15,4.88318E+16
48473,8,1,16,47,2018,6,22,2,2,5,3,2,0,1,0,0,0,0,0,5.20848E+20,5.39369E+21,9.28331E+15,4.86959E+16
48474,8,4,15,59,2018,6,9,5,3,0,7,0,1,0,0,0,0,0,0,5.16746E+20,5.37007E+21,9.22662E+15,4.84835E+16
48475,8,3,17,89,2018,6,15,3,3,7,7,0,0,0,0,1,0,1,0,4.30623E+20,5.37646E+21,8.06015E+15,4.85374E+16
48476,8,4,36,64,2018,6,14,6,3,5,3,0,0,1,0,0,1,0,0,5.44493E+20,5.29045E+21,9.59378E+15,4.77659E+16
48477,8,1,16,56,2018,6,18,2,3,1,6,0,0,1,0,0,1,0,0,5.32736E+20,5.39451E+21,9.44492E+15,4.87028E+16
48478,8,2,25,9,2018,6,19,4,3,6,4,1,0,1,1,0,0,0,0,5.1595E+20,5.46664E+21,9.21962E+15,4.93522E+16
48479,8,1,19,79,2018,6,0,5,3,1,7,2,0,1,0,1,0,0,0,5.21566E+20,5.40733E+21,9.29378E+15,4.88186E+16
48480,8,3,37,53,2018,6,15,6,2,9,6,0,0,0,0,1,0,0,0,4.54244E+20,5.26958E+21,8.39156E+15,4.7578E+16
48481,8,1,16,4,2018,6,16,2,3,5,3,0,1,1,0,0,0,0,0,5.27952E+20,5.39665E+21,9.38004E+15,4.87223E+16
48482,8,1,18,79,2018,6,16,3,3,2,6,0,0,1,0,0,0,0,0,5.10789E+20,5.42277E+21,9.14739E+15,4.89577E+16
48483,8,1,18,78,2018,6,6,4,3,2,7,0,0,1,0,0,0,0,0,5.14956E+20,5.42053E+21,9.20422E+15,4.89375E+16
48484,8,3,17,26,2018,6,9,4,3,2,6,0,0,1,0,0,0,0,0,4.11606E+20,5.34583E+21,7.80903E+15,4.82595E+16
48485,8,1,15,42,2018,6,8,2,3,2,6,0,0,1,0,0,0,0,0,4.94666E+20,5.40655E+21,8.92734E+15,4.88119E+16
48486,8,1,26,72,2018,6,9,6,3,6,4,0,0,1,1,0,0,0,0,5.40322E+20,5.466E+21,9.55513E+15,4.93454E+16
48487,8,1,27,73,2018,6,9,3,2,2,6,0,0,0,0,0,1,0,0,5.79157E+20,5.44851E+21,1.00862E+16,4.91843E+16
48488,8,4,15,92,2018,6,13,6,3,5,3,0,0,1,0,0,0,0,0,5.212E+20,5.36116E+21,9.28643E+15,4.84032E+16
48489,8,1,15,22,2018,6,3,2,3,9,1,2,0,1,0,0,0,0,0,4.96445E+20,5.38505E+21,8.95176E+15,4.86185E+16
48490,8,1,19,67,2018,6,16,3,2,5,3,0,1,1,0,0,0,0,0,5.39728E+20,5.40598E+21,9.54105E+15,4.88055E+16
48491,8,1,25,49,2018,6,16,4,2,2,1,0,0,1,0,0,0,1,0,4.97981E+20,5.45213E+21,8.97228E+15,4.9222E+16
48492,8,4,36,9,2018,6,8,4,3,6,4,0,0,1,1,0,0,0,0,5.56436E+20,5.30756E+21,9.75538E+15,4.79189E+16
48493,8,1,15,24,2018,6,16,2,3,2,6,0,0,1,0,1,0,0,0,5.01418E+20,5.38607E+21,9.01925E+15,4.86277E+16
48494,8,1,15,45,2018,6,9,6,2,5,3,0,1,0,0,0,0,0,0,5.00612E+20,5.39658E+21,9.00832E+15,4.87223E+16
48495,8,1,11,0,2018,6,10,2,1,6,4,0,0,0,1,0,0,1,0,5.07353E+20,5.40566E+21,9.10014E+15,4.88038E+16
48496,8,4,35,57,2018,6,17,3,3,5,3,0,1,1,0,0,0,0,0,5.47416E+20,5.27603E+21,9.63122E+15,4.76359E+16
48497,8,1,11,0,2018,6,17,2,3,2,6,0,0,1,0,0,0,0,0,5.19375E+20,5.3998E+21,9.26358E+15,4.87509E+16
48498,8,3,35,43,2018,6,17,5,3,5,3,0,1,1,0,0,0,0,0,5.13185E+20,5.27964E+21,9.17564E+15,4.767E+16
48499,8,2,26,103,2018,6,10,3,3,1,6,0,0,1,0,0,0,0,0,4.71843E+20,5.45756E+21,8.61294E+15,4.92702E+16
48500,8,4,35,16,2018,6,15,1,3,3,2,0,1,1,0,0,0,0,0,5.36945E+20,5.27832E+21,9.49202E+15,4.76572E+16
48501,8,2,16,39,2018,6,16,4,3,2,7,0,0,1,0,0,0,1,0,4.44381E+20,5.41418E+21,8.24142E+15,4.88781E+16
48502,8,1,16,77,2018,6,18,5,3,2,2,0,0,1,0,1,0,0,0,5.16901E+20,5.39044E+21,9.22954E+15,4.86668E+16
48503,8,4,35,66,2018,6,12,6,3,4,7,0,0,1,0,0,0,0,0,5.19809E+20,5.2836E+21,9.26405E+15,4.77055E+16
48504,8,4,25,11,2018,6,15,1,3,9,1,0,0,1,0,0,0,0,0,5.87124E+20,5.37538E+21,1.018E+16,4.85255E+16
48505,8,1,17,26,2018,6,17,4,3,1,6,0,0,1,0,1,0,0,0,5.47883E+20,5.39427E+21,9.65075E+15,4.86996E+16
48506,8,4,36,52,2018,6,19,2,3,3,6,0,0,1,0,0,0,0,0,5.65872E+20,5.28678E+21,9.8785E+15,4.77311E+16
48507,8,1,16,77,2018,6,11,3,3,0,1,0,1,0,0,0,0,0,0,5.17563E+20,5.39165E+21,9.23859E+15,4.86776E+16
48508,8,4,25,62,2018,6,15,1,3,5,3,0,1,0,0,0,0,1,0,5.72327E+20,5.37599E+21,9.97973E+15,4.85328E+16
48509,8,1,18,76,2018,6,6,6,3,1,5,0,0,1,0,0,0,0,0,5.01618E+20,5.42734E+21,9.02212E+15,4.8999E+16
48510,8,4,15,61,2018,6,17,3,3,2,2,0,0,1,0,0,1,0,0,5.15086E+20,5.37492E+21,9.20433E+15,4.85272E+16
48511,8,1,25,98,2018,6,19,7,3,0,7,0,0,1,0,0,0,0,0,5.19809E+20,5.43724E+21,9.2713E+15,4.90877E+16
48512,8,3,36,91,2018,6,22,1,3,2,6,2,0,1,0,0,0,0,0,3.94969E+20,5.27165E+21,7.60302E+15,4.75897E+16
48513,8,3,17,65,2018,6,16,5,3,0,3,0,0,1,0,1,0,0,0,4.16795E+20,5.35491E+21,7.87714E+15,4.83419E+16
48514,8,2,26,96,2018,6,22,5,3,4,6,2,0,1,0,0,0,0,0,4.74965E+20,5.49065E+21,8.65377E+15,4.95679E+16
48515,8,3,37,65,2018,6,15,1,2,4,7,0,0,1,0,1,0,0,0,4.47737E+20,5.27551E+21,8.30433E+15,4.76309E+16
48516,8,4,25,134,2018,6,16,3,3,4,6,0,0,1,0,0,0,0,0,5.44671E+20,5.37437E+21,9.60495E+15,4.85208E+16
48517,8,3,36,50,2018,6,17,1,3,5,2,0,0,1,0,0,0,0,0,3.9885E+20,5.27347E+21,7.6542E+15,4.76067E+16
48518,8,3,27,54,2018,6,16,5,3,2,6,0,0,0,0,1,0,0,0,4.82368E+20,5.3153E+21,8.76367E+15,4.79907E+16
48519,8,2,36,72,2018,6,16,3,3,5,3,0,1,1,0,0,0,0,0,4.66385E+20,5.41044E+21,8.54183E+15,4.8846E+16
48520,8,3,35,81,2018,6,0,1,2,4,6,2,0,1,0,0,0,0,0,4.89805E+20,5.29748E+21,8.86377E+15,4.78306E+16
48521,8,2,12,0,2018,6,7,4,3,5,3,0,1,1,0,0,0,0,0,4.54546E+20,5.43219E+21,8.37804E+15,4.90409E+16
48522,8,1,11,0,2018,6,17,5,3,2,6,0,0,1,0,0,0,0,0,5.15266E+20,5.40542E+21,9.2079E+15,4.88016E+16
48523,8,3,35,2,2018,6,16,1,3,3,6,0,1,0,0,0,0,0,0,5.07754E+20,5.2836E+21,9.10336E+15,4.77058E+16
48524,8,3,17,129,2018,6,8,6,3,5,3,0,0,1,0,0,0,0,0,4.31135E+20,5.3484E+21,8.07169E+15,4.82851E+16
48525,8,3,25,57,2018,6,14,1,2,4,1,0,0,1,0,1,0,0,0,4.69518E+20,5.35801E+21,8.58838E+15,4.83745E+16
48526,8,1,11,0,2018,6,11,4,3,5,2,0,0,1,0,0,0,0,0,5.13043E+20,5.407E+21,9.17766E+15,4.88158E+16
48527,8,4,36,81,2018,6,12,2,3,2,6,0,0,1,0,0,1,0,0,5.5593E+20,5.27663E+21,9.74463E+15,4.76406E+16
48528,8,2,37,2,2018,6,1,1,1,6,4,2,0,1,1,0,0,0,0,4.55269E+20,5.35428E+21,8.39637E+15,4.83401E+16
48529,8,1,11,0,2018,6,14,6,3,2,2,0,0,1,0,1,0,0,0,5.13061E+20,5.40212E+21,9.17775E+15,4.8772E+16
48530,8,3,36,69,2018,6,11,3,3,0,1,0,0,0,0,1,0,0,0,4.0896E+20,5.2714E+21,7.78911E+15,4.75897E+16
48531,8,1,19,87,2018,6,17,7,2,5,2,0,1,1,0,0,0,0,0,5.30093E+20,5.42269E+21,9.41107E+15,4.89564E+16
48532,8,1,11,0,2018,6,14,3,3,0,3,0,1,0,0,0,0,1,0,5.16704E+20,5.40699E+21,9.22754E+15,4.88156E+16
48533,8,4,17,2,2018,6,15,1,2,8,1,0,0,0,0,1,0,0,0,4.89758E+20,5.34785E+21,8.86194E+15,4.82838E+16
48534,8,2,26,85,2018,6,7,5,2,2,6,0,0,0,0,0,1,1,0,4.91346E+20,5.45447E+21,8.88111E+15,4.92429E+16
48535,8,2,21,0,2018,6,10,5,3,5,2,0,1,1,0,0,0,0,0,4.7606E+20,5.47299E+21,8.66998E+15,4.94091E+16
48536,8,1,35,19,2018,6,17,3,3,2,6,0,0,1,0,0,0,0,0,5.85726E+20,5.39502E+21,1.01651E+16,4.87023E+16
48537,8,3,17,96,2018,6,16,1,3,5,3,0,1,1,0,0,0,0,0,4.2212E+20,5.37033E+21,7.94612E+15,4.84813E+16
48538,8,1,28,131,2018,6,12,3,1,4,1,0,0,0,0,0,1,0,0,5.31401E+20,5.51453E+21,9.43619E+15,4.97825E+16
48539,8,1,28,14,2018,6,17,4,3,2,6,0,0,1,0,0,0,1,0,5.36709E+20,5.47575E+21,9.50629E+15,4.94333E+16
48540,8,4,15,61,2018,6,16,4,2,6,4,0,0,1,1,0,0,0,0,5.14509E+20,5.36971E+21,9.19634E+15,4.84804E+16
48541,8,4,35,16,2018,6,14,2,3,2,6,0,0,1,0,0,0,0,0,5.32597E+20,5.27876E+21,9.43415E+15,4.76614E+16
48542,8,3,17,34,2018,6,16,1,3,5,3,0,1,1,0,0,0,0,0,4.27789E+20,5.35884E+21,8.0248E+15,4.83786E+16
48543,8,2,36,46,2018,6,13,6,3,2,6,0,0,1,0,0,0,0,0,4.83583E+20,5.41857E+21,8.77591E+15,4.89198E+16
48544,8,3,17,152,2018,6,12,1,3,5,3,0,0,1,0,1,0,0,0,4.06657E+20,5.34957E+21,7.74153E+15,4.82925E+16
48545,8,2,15,97,2018,6,16,3,3,2,6,0,0,1,0,0,0,0,0,4.76582E+20,5.44286E+21,8.67894E+15,4.91381E+16
48546,8,3,17,98,2018,6,16,1,2,8,1,0,0,0,0,1,0,0,0,4.3959E+20,5.3738E+21,8.182E+15,4.85144E+16
48547,8,1,18,10,2018,6,15,4,2,4,2,0,0,1,0,0,0,0,0,5.07663E+20,5.43246E+21,9.10486E+15,4.9045E+16
48548,8,4,35,16,2018,6,7,4,3,5,3,0,1,1,0,0,0,0,0,5.35282E+20,5.27944E+21,9.46996E+15,4.76673E+16
48549,8,3,15,64,2018,6,12,1,3,2,7,0,0,1,0,0,1,0,0,4.24578E+20,5.31237E+21,7.98969E+15,4.79602E+16
48550,8,2,12,0,2018,6,11,6,3,4,6,0,1,0,0,0,0,0,0,4.52583E+20,5.42923E+21,8.35154E+15,4.90141E+16
48551,8,3,15,133,2018,6,8,1,2,9,1,0,0,1,0,0,0,0,0,3.98936E+20,5.3271E+21,7.64282E+15,4.80892E+16
48552,8,1,11,0,2018,6,18,4,3,3,6,0,0,1,0,0,1,0,0,5.16318E+20,5.40403E+21,9.22216E+15,4.8789E+16
48553,8,4,35,16,2018,6,21,2,3,3,6,1,0,1,0,0,0,0,0,5.35699E+20,5.27917E+21,9.47549E+15,4.7665E+16
48554,8,2,15,9,2018,6,21,1,3,5,3,1,0,1,0,0,0,1,0,4.69686E+20,5.44045E+21,8.58458E+15,4.91161E+16
48555,8,4,26,38,2018,6,17,5,1,4,1,0,0,1,0,0,1,0,0,5.57918E+20,5.31442E+21,9.77613E+15,4.79804E+16
48556,8,3,35,75,2018,6,17,3,3,5,3,0,1,1,0,0,0,0,0,4.9071E+20,5.29241E+21,8.87597E+15,4.7785E+16
48557,8,1,16,37,2018,6,11,7,3,0,1,0,0,0,0,1,0,0,0,5.34473E+20,5.39751E+21,9.46878E+15,4.87297E+16
48558,8,2,15,66,2018,6,9,1,2,2,6,0,0,0,0,1,0,0,0,4.56337E+20,5.45279E+21,8.40032E+15,4.92263E+16
48559,8,2,12,0,2018,6,11,4,3,5,3,0,1,1,0,0,0,0,0,4.54793E+20,5.42826E+21,8.38187E+15,4.90055E+16
48560,8,1,36,43,2018,6,8,5,3,4,6,0,0,0,0,0,1,0,0,5.73553E+20,5.40817E+21,1.00021E+16,4.88222E+16
48561,8,1,26,20,2018,6,11,3,2,4,6,0,0,1,0,1,0,0,0,5.5278E+20,5.46633E+21,9.72668E+15,4.93474E+16
48562,8,4,26,120,2018,6,23,6,3,5,3,2,0,1,0,0,0,0,0,5.61928E+20,5.32353E+21,9.83119E+15,4.8062E+16
48563,8,2,15,7,2018,6,20,1,1,8,1,0,0,1,0,0,0,0,0,4.79599E+20,5.42915E+21,8.72099E+15,4.90149E+16
48564,8,1,19,20,2018,6,16,3,3,2,6,0,0,1,0,0,0,0,0,5.18918E+20,5.40884E+21,9.25778E+15,4.88323E+16
48565,8,1,27,76,2018,6,7,4,2,5,2,0,0,1,0,1,0,0,0,5.51984E+20,5.43905E+21,9.71218E+15,4.91021E+16
48566,8,3,35,43,2018,6,7,4,3,0,1,0,1,0,0,0,0,0,0,5.13676E+20,5.28017E+21,9.1822E+15,4.76748E+16
48567,8,4,35,16,2018,6,12,2,3,5,3,0,0,0,0,1,0,1,0,5.35724E+20,5.27795E+21,9.47573E+15,4.76539E+16
48568,8,2,37,30,2018,6,13,1,3,1,6,0,0,1,0,1,0,0,0,4.63997E+20,5.36578E+21,8.51316E+15,4.84441E+16
48569,8,2,12,0,2018,6,17,6,3,2,6,0,0,0,0,0,1,0,0,4.58769E+20,5.42621E+21,8.43644E+15,4.89874E+16
48570,8,2,26,106,2018,6,7,1,3,2,6,0,0,1,0,0,0,0,0,5.00507E+20,5.46184E+21,9.00698E+15,4.93093E+16
48571,8,4,36,81,2018,6,13,3,3,5,2,0,0,0,0,1,0,1,0,5.60696E+20,5.2793E+21,9.80843E+15,4.76642E+16
48572,8,4,25,33,2018,6,14,2,3,4,6,0,0,1,0,0,0,0,0,5.53912E+20,5.35019E+21,9.72698E+15,4.83026E+16
48573,8,2,26,63,2018,6,10,1,3,5,3,0,1,1,0,0,0,0,0,4.71754E+20,5.47265E+21,8.61064E+15,4.94059E+16
48574,8,3,36,91,2018,6,18,5,3,5,3,0,1,1,0,0,0,0,0,3.94257E+20,5.27167E+21,7.59355E+15,4.75899E+16
48575,8,3,16,12,2018,6,16,3,2,4,1,0,1,1,0,0,0,0,0,4.002E+20,5.32974E+21,7.65917E+15,4.81131E+16
48576,8,4,26,13,2018,6,7,3,2,5,2,0,0,1,0,0,0,0,0,5.45931E+20,5.32385E+21,9.61653E+15,4.80663E+16
48577,8,2,26,56,2018,6,12,1,3,2,6,0,0,1,0,0,0,0,0,4.84209E+20,5.47117E+21,8.78239E+15,4.9393E+16
48578,8,4,15,78,2018,6,8,5,3,2,2,0,0,1,0,0,1,0,0,5.29949E+20,5.36705E+21,9.40507E+15,4.84559E+16
48579,8,3,17,100,2018,6,16,3,3,6,6,0,1,0,1,0,0,0,0,4.2318E+20,5.36627E+21,7.96121E+15,4.84449E+16
48580,8,2,12,0,2018,6,8,6,3,6,1,0,1,0,1,0,0,0,0,4.60575E+20,5.43649E+21,8.46011E+15,4.908E+16
48581,8,2,21,0,2018,6,14,1,3,2,6,0,0,1,0,0,0,0,0,4.76406E+20,5.47183E+21,8.67482E+15,4.93987E+16
48582,8,2,36,74,2018,6,17,4,3,0,7,0,0,0,0,1,0,0,0,4.72306E+20,5.42173E+21,8.62177E+15,4.89479E+16
48583,8,2,25,14,2018,6,14,5,2,5,3,0,0,1,0,1,0,0,0,5.21663E+20,5.48369E+21,9.29922E+15,4.95055E+16
48584,8,1,26,72,2018,6,8,3,3,5,3,0,0,1,0,1,0,0,0,5.37479E+20,5.46264E+21,9.51567E+15,4.93154E+16
48585,8,4,15,78,2018,6,7,6,3,2,6,0,0,1,0,0,0,0,0,5.29457E+20,5.37087E+21,9.39868E+15,4.84902E+16
48586,8,2,16,33,2018,6,13,1,3,0,7,0,1,0,0,0,0,0,0,4.47929E+20,5.41372E+21,8.28987E+15,4.88742E+16
48587,8,1,18,48,2018,6,7,3,3,2,6,0,1,0,0,0,0,0,0,5.14898E+20,5.41493E+21,9.20322E+15,4.88871E+16
48588,8,1,19,55,2018,6,11,4,3,5,3,0,0,1,0,0,0,0,0,5.43511E+20,5.40552E+21,9.59252E+15,4.88011E+16
48589,8,3,26,3,2018,6,17,4,3,2,6,0,0,0,0,1,1,0,0,4.64318E+20,5.3196E+21,8.5214E+15,4.80287E+16
48590,8,4,17,63,2018,6,16,2,3,8,7,0,0,1,0,0,0,0,0,5.06372E+20,5.33772E+21,9.08574E+15,4.81927E+16
48591,8,2,15,66,2018,6,8,1,3,5,2,0,0,1,0,0,0,0,0,4.6176E+20,5.45361E+21,8.47472E+15,4.92341E+16
48592,8,1,28,131,2018,6,13,6,3,2,6,0,0,1,0,0,0,1,0,5.36823E+20,5.51214E+21,9.51128E+15,4.97606E+16
48593,8,3,17,1,2018,6,17,1,1,5,3,0,1,1,0,0,0,0,0,4.33002E+20,5.38342E+21,8.09125E+15,4.86003E+16
48594,8,4,26,67,2018,6,9,3,2,8,1,0,0,0,0,0,1,0,0,5.22928E+20,5.34076E+21,9.30868E+15,4.82196E+16
48595,8,1,15,28,2018,6,21,1,3,2,6,2,0,1,0,0,0,0,0,5.02771E+20,5.40556E+21,9.03774E+15,4.8803E+16
48596,8,4,35,57,2018,6,8,5,2,4,2,0,0,0,0,1,1,0,0,5.45382E+20,5.27979E+21,9.60452E+15,4.76699E+16
48597,8,2,15,46,2018,6,14,3,1,1,6,0,0,0,0,0,1,0,0,4.52606E+20,5.41853E+21,8.35309E+15,4.89179E+16
48598,8,1,18,60,2018,6,14,1,3,2,6,0,0,1,0,1,0,0,0,5.24622E+20,5.42854E+21,9.33669E+15,4.90093E+16
48599,8,2,15,9,2018,6,17,4,3,0,1,0,0,0,0,1,0,0,0,4.68762E+20,5.44117E+21,8.57186E+15,4.91226E+16
48600,8,1,16,42,2018,6,12,5,3,6,1,0,0,1,1,0,0,0,0,5.17417E+20,5.38231E+21,9.23621E+15,4.85936E+16
48601,8,3,26,60,2018,6,12,6,3,4,6,0,0,1,0,0,0,0,0,4.42198E+20,5.33112E+21,8.22316E+15,4.81307E+16
48602,8,1,36,7,2018,6,3,1,1,9,1,2,0,1,0,0,0,0,0,5.70318E+20,5.39855E+21,9.95635E+15,4.8736E+16
48603,8,1,28,131,2018,6,2,1,2,8,1,2,0,0,0,1,0,0,0,5.3674E+20,5.51205E+21,9.51011E+15,4.97598E+16
48604,8,2,25,2,2018,6,12,4,3,2,1,0,0,1,0,0,0,0,0,4.98984E+20,5.46635E+21,8.98601E+15,4.93499E+16
48605,8,1,17,25,2018,6,12,5,3,2,6,0,0,1,0,0,0,0,0,5.56259E+20,5.39113E+21,9.76415E+15,4.86706E+16
48606,8,3,35,63,2018,6,8,6,3,2,6,0,0,1,0,0,0,0,0,4.93245E+20,5.2901E+21,8.90986E+15,4.77642E+16
48607,8,2,25,14,2018,6,17,1,2,8,1,0,0,0,0,1,0,0,0,5.24586E+20,5.47919E+21,9.3393E+15,4.94649E+16
48608,8,1,17,19,2018,6,16,3,2,4,6,0,0,1,0,0,1,0,0,5.51559E+20,5.39277E+21,9.70052E+15,4.86858E+16
48609,8,1,18,67,2018,6,16,4,2,1,7,0,0,1,0,0,0,0,0,5.07161E+20,5.41292E+21,9.09765E+15,4.88692E+16
48610,8,3,16,17,2018,6,8,4,2,9,1,0,0,0,0,1,0,0,0,4.12679E+20,5.34054E+21,7.82458E+15,4.82121E+16
48611,8,4,16,41,2018,6,15,2,3,4,2,0,1,1,0,0,0,0,0,5.04994E+20,5.37091E+21,9.06759E+15,4.84913E+16
48612,8,1,18,73,2018,6,12,1,2,8,1,0,0,1,0,0,0,0,0,4.96106E+20,5.41788E+21,8.94685E+15,4.89138E+16
48613,8,1,21,0,2018,6,23,6,3,5,2,2,0,1,0,0,0,0,0,5.16439E+20,5.44503E+21,9.22546E+15,4.91579E+16
48614,8,1,35,32,2018,6,12,1,2,8,1,0,0,0,0,1,0,0,0,5.75016E+20,5.39111E+21,1.00189E+16,4.86686E+16
48615,8,4,17,8,2018,6,7,3,3,5,3,0,0,1,0,1,0,0,0,4.93515E+20,5.35186E+21,8.91253E+15,4.83199E+16
48616,8,1,16,79,2018,6,13,1,3,4,6,0,0,0,0,1,0,0,0,5.3736E+20,5.37538E+21,9.50605E+15,4.85304E+16
48617,8,3,25,14,2018,6,10,5,3,4,2,0,0,1,0,0,0,0,0,4.65816E+20,5.3393E+21,8.53991E+15,4.8206E+16
48618,8,2,31,0,2018,6,8,5,2,3,6,0,1,1,0,0,0,0,0,4.78026E+20,5.41156E+21,8.70044E+15,4.88566E+16
48619,8,2,22,0,2018,6,20,3,1,3,6,0,0,1,0,1,0,0,0,4.67362E+20,5.48529E+21,8.54906E+15,4.95194E+16
48620,8,4,36,64,2018,6,13,7,3,2,6,0,0,1,0,0,0,0,0,5.44956E+20,5.29231E+21,9.60014E+15,4.77825E+16
48621,8,2,16,52,2018,6,10,4,3,5,2,0,0,1,0,1,0,0,0,4.41278E+20,5.4167E+21,8.19875E+15,4.89004E+16
48622,8,4,35,57,2018,6,15,4,3,5,3,0,1,1,0,0,0,0,0,5.44048E+20,5.28076E+21,9.58685E+15,4.76787E+16
48623,8,4,36,55,2018,6,20,7,3,0,7,1,1,0,0,0,0,0,0,5.80455E+20,5.2959E+21,1.00746E+16,4.78115E+16
48624,8,2,26,103,2018,6,17,6,3,2,6,0,0,1,0,0,1,0,0,4.72083E+20,5.45797E+21,8.61621E+15,4.92739E+16
48625,8,4,26,1,2018,6,20,7,3,9,1,0,0,1,0,0,0,0,0,5.66733E+20,5.34493E+21,9.89903E+15,4.82541E+16
48626,8,1,11,0,2018,6,8,4,3,5,3,0,0,1,0,1,0,0,0,5.07569E+20,5.39745E+21,9.10293E+15,4.873E+16
48627,8,4,15,61,2018,6,19,2,3,8,7,0,0,1,0,0,0,0,0,5.15359E+20,5.37086E+21,9.20787E+15,4.84906E+16
48628,8,4,26,58,2018,6,0,7,3,9,1,2,0,1,0,0,0,0,0,5.56945E+20,5.31778E+21,9.76355E+15,4.80108E+16
48629,8,4,36,69,2018,6,20,5,3,8,1,1,0,0,0,0,0,1,0,5.49547E+20,5.29266E+21,9.66147E+15,4.77854E+16
48630,8,3,36,69,2018,6,17,3,3,4,6,0,0,1,0,0,0,0,0,4.03607E+20,5.27368E+21,7.71743E+15,4.76093E+16
48631,8,1,18,1,2018,6,16,7,3,4,1,0,0,1,0,0,0,0,0,5.23076E+20,5.41764E+21,9.31494E+15,4.89113E+16
48632,8,4,26,87,2018,6,11,7,2,5,7,0,0,0,0,1,0,1,0,5.70493E+20,5.32958E+21,9.94712E+15,4.81155E+16
48633,8,1,16,58,2018,6,21,4,3,4,2,0,1,1,0,0,0,0,0,5.34697E+20,5.39521E+21,9.47163E+15,4.87089E+16
48634,8,4,15,92,2018,6,7,2,3,1,6,0,0,1,0,0,0,0,0,5.18851E+20,5.36478E+21,9.25486E+15,4.84359E+16
48635,8,4,26,113,2018,6,9,7,3,5,3,0,1,1,0,0,0,0,0,5.68958E+20,5.32041E+21,9.92502E+15,4.80333E+16
48636,8,1,15,28,2018,6,12,6,2,0,7,0,1,0,0,0,0,0,0,5.01204E+20,5.40511E+21,9.01639E+15,4.8799E+16
48637,8,3,37,126,2018,6,16,3,3,2,6,0,0,1,0,0,0,0,0,4.41588E+20,5.27412E+21,8.22267E+15,4.76178E+16
48638,8,1,19,1,2018,6,16,7,3,5,3,0,0,0,0,1,0,0,0,5.51816E+20,5.41584E+21,9.70691E+15,4.88933E+16
48639,8,4,26,113,2018,6,16,7,3,5,3,0,0,1,0,1,0,0,0,5.68242E+20,5.3184E+21,9.9151E+15,4.80153E+16
48640,8,3,16,43,2018,6,12,5,3,5,3,0,0,1,0,0,0,0,0,4.10882E+20,5.33069E+21,7.80245E+15,4.81233E+16
48641,8,2,25,75,2018,6,13,5,3,9,1,0,0,1,0,0,0,1,0,5.31987E+20,5.48167E+21,9.44164E+15,4.94868E+16
48642,8,2,15,101,2018,6,16,3,3,5,3,0,1,1,0,0,0,0,1,4.65478E+20,5.4281E+21,8.52798E+15,4.90048E+16
48643,8,4,17,8,2018,6,17,7,3,4,2,0,0,1,0,1,0,0,0,4.93737E+20,5.35126E+21,8.91553E+15,4.83145E+16
48644,8,1,36,89,2018,6,16,4,2,5,3,0,1,1,0,0,0,0,0,5.8301E+20,5.41835E+21,1.01329E+16,4.89125E+16
48645,8,4,26,21,2018,6,5,4,2,4,6,0,1,0,0,0,0,0,0,5.59491E+20,5.32823E+21,9.79913E+15,4.81046E+16
48646,8,4,15,50,2018,6,14,2,2,0,1,0,0,0,0,1,0,0,0,5.20835E+20,5.3761E+21,9.28226E+15,4.85377E+16
48647,8,4,15,34,2018,6,16,7,2,9,1,0,0,0,0,1,0,0,0,5.36461E+20,5.34961E+21,9.49162E+15,4.82986E+16
48648,8,2,37,40,2018,6,20,6,3,4,6,0,0,1,0,0,0,0,0,4.75569E+20,5.36895E+21,8.66945E+15,4.84732E+16
48649,8,3,37,97,2018,6,11,7,3,5,3,0,0,1,0,0,0,0,0,4.34107E+20,5.28994E+21,8.12074E+15,4.77595E+16
48650,8,1,11,0,2018,6,15,4,3,2,6,0,0,1,0,0,0,1,0,5.13069E+20,5.39992E+21,9.1778E+15,4.87522E+16
48651,8,3,15,48,2018,6,4,2,3,2,6,2,0,1,0,0,0,1,0,3.94625E+20,5.30729E+21,7.58981E+15,4.79102E+16
48652,8,3,37,118,2018,6,13,7,2,1,3,0,0,1,0,1,0,0,0,4.43845E+20,5.28022E+21,8.25192E+15,4.7673E+16
48653,8,4,17,2,2018,6,11,5,3,5,3,0,0,1,0,0,0,0,0,4.89018E+20,5.34574E+21,8.85202E+15,4.82648E+16
48654,8,1,15,28,2018,6,6,3,3,2,6,0,0,1,0,0,0,0,0,5.01217E+20,5.40535E+21,9.01658E+15,4.88012E+16
48655,8,3,26,74,2018,6,19,3,3,1,1,0,0,1,0,1,0,0,0,4.59189E+20,5.32307E+21,8.45227E+15,4.80596E+16
48656,8,1,11,0,2018,6,10,7,3,3,7,0,0,1,0,1,0,0,0,5.10954E+20,5.40199E+21,9.14908E+15,4.87709E+16
48657,8,3,36,91,2018,6,12,7,3,6,4,0,0,1,1,0,0,0,0,3.95824E+20,5.27445E+21,7.61372E+15,4.76151E+16
48658,8,2,37,4,2018,6,19,4,3,0,3,0,0,0,0,1,0,1,0,4.44972E+20,5.3779E+21,8.25432E+15,4.85518E+16
48659,8,1,35,20,2018,6,14,5,3,0,6,0,0,1,0,0,0,0,0,5.85637E+20,5.38082E+21,1.0161E+16,4.85746E+16