OBJECTID_1,ULAND,UREGBEZ,UKREIS,UGEMEINDE,UJAHR,UMONAT,USTUNDE,UWOCHENTAG,UKATEGORIE,UART,UTYP1,ULICHTVERH,IstRad,IstPKW,IstFuss,IstKrad,IstGkfz,IstSonstig,STRZUSTAND,LINREFX,LINREFY,XGCSWGS84,YGCSWGS84
48660,8,1,27,76,2018,6,17,3,3,4,6,0,1,0,0,0,0,1,0,5.53007E+20,5.43899E+21,9.72618E+15,4.91015E+16
48661,8,4,15,61,2018,6,17,6,2,3,2,0,1,1,0,0,0,0,0,5.14283E+20,5.37139E+21,9.19333E+15,4.84955E+16
48662,8,3,36,45,2018,6,11,7,3,8,1,0,0,1,0,0,0,0,0,3.96622E+20,5.28439E+21,7.62198E+15,4.77046E+16
48663,8,1,19,3,2018,6,17,3,3,0,1,0,0,0,0,1,0,0,0,5.34809E+20,5.41683E+21,9.47499E+15,4.89034E+16
48664,8,1,25,61,2018,6,19,4,2,4,6,0,0,1,0,0,0,0,0,5.03591E+20,5.44957E+21,9.0493E+15,4.91989E+16
48665,8,4,36,64,2018,6,15,4,3,8,1,0,0,1,0,0,0,0,0,5.45325E+20,5.29058E+21,9.6049E+15,4.7767E+16
48666,8,3,37,96,2018,6,13,2,3,5,3,0,0,1,0,1,0,0,0,4.21069E+20,5.26814E+21,7.95073E+15,4.75619E+16
48667,8,2,11,0,2018,6,12,5,3,2,6,0,0,1,0,0,1,1,0,4.35662E+20,5.39979E+21,8.12478E+15,4.87478E+16
48668,8,2,26,85,2018,6,15,4,3,2,6,0,0,1,0,0,0,0,0,4.86956E+20,5.45621E+21,8.82074E+15,4.92585E+16
48669,8,2,21,0,2018,6,13,5,2,2,6,0,0,1,0,0,0,0,0,4.75416E+20,5.46871E+21,8.66137E+15,4.93706E+16
48670,8,1,35,19,2018,6,10,3,3,2,6,0,0,1,0,0,1,0,0,5.90478E+20,5.39115E+21,1.02289E+16,4.86669E+16
48671,8,4,36,39,2018,6,15,6,3,2,6,0,0,1,0,0,0,0,0,5.49866E+20,5.28835E+21,9.66523E+15,4.77466E+16
48672,8,3,35,26,2018,6,12,7,3,9,1,0,0,0,0,1,0,0,0,4.80903E+20,5.28315E+21,8.74546E+15,4.77015E+16
48673,8,1,21,0,2018,6,21,3,3,5,3,0,0,1,0,0,0,1,0,5.1323E+20,5.44061E+21,9.18131E+15,4.91182E+16
48674,8,1,27,76,2018,6,11,4,3,2,2,0,1,1,0,0,0,0,0,5.56278E+20,5.43877E+21,9.77096E+15,4.90992E+16
48675,8,4,15,91,2018,6,21,4,2,9,1,0,0,0,0,1,0,0,0,5.14765E+20,5.35636E+21,9.19933E+15,4.83602E+16
48676,8,4,35,24,2018,6,16,2,2,4,6,0,0,1,0,0,0,0,0,5.27178E+20,5.27941E+21,9.36202E+15,4.76675E+16
48677,8,3,35,28,2018,6,12,7,3,7,7,0,0,0,0,1,0,0,0,4.84448E+20,5.28713E+21,8.79256E+15,4.77373E+16
48678,8,2,22,0,2018,6,8,6,3,6,4,0,0,1,1,0,0,0,0,4.63915E+20,5.482E+21,8.50174E+15,4.94895E+16
48679,8,3,35,75,2018,6,16,7,3,9,6,0,0,1,0,0,0,0,0,4.88983E+20,5.29552E+21,8.85284E+15,4.78129E+16
48680,8,1,36,9,2018,6,19,3,3,2,6,0,0,1,0,1,0,0,0,5.67579E+20,5.4079E+21,9.92063E+15,4.88204E+16
48681,8,3,27,10,2018,6,20,2,3,3,2,0,0,0,0,1,0,1,0,4.80903E+20,5.3301E+21,8.74338E+15,4.81239E+16
48682,8,3,27,54,2018,6,10,7,3,2,6,0,0,1,0,1,0,0,0,4.82442E+20,5.3153E+21,8.76466E+15,4.79908E+16
48683,8,4,15,61,2018,6,7,5,3,2,6,0,0,1,0,0,0,0,0,5.13982E+20,5.37573E+21,9.1894E+15,4.85345E+16
48684,8,3,17,26,2018,6,13,3,3,5,2,0,1,1,0,0,0,0,0,4.12264E+20,5.34531E+21,7.81799E+15,4.82549E+16
48685,8,4,36,64,2018,6,14,6,3,5,3,0,0,1,0,0,0,0,0,5.43891E+20,5.292E+21,9.5859E+15,4.77799E+16
48686,8,4,17,79,2018,6,15,7,1,4,2,0,0,1,0,1,0,1,0,5.00383E+20,5.34608E+21,9.00516E+15,4.8268E+16
48687,8,1,16,19,2018,6,14,3,3,6,6,0,1,0,1,0,0,0,0,5.22747E+20,5.39851E+21,9.30939E+15,4.87392E+16
48688,8,2,26,96,2018,6,18,4,3,1,5,0,1,1,0,0,0,0,0,4.77703E+20,5.48771E+21,8.69179E+15,4.95416E+16
48689,8,1,21,0,2018,6,15,5,3,4,2,0,0,1,0,1,0,0,0,5.1697E+20,5.44395E+21,9.23271E+15,4.91481E+16
48690,8,3,37,76,2018,6,20,6,3,2,1,0,0,1,0,0,0,0,0,4.27479E+20,5.26988E+21,8.03564E+15,4.75783E+16
48691,8,3,15,125,2018,6,13,7,2,5,3,0,0,1,0,1,0,0,0,4.119E+20,5.31103E+21,7.82017E+15,4.79465E+16
48692,8,1,18,19,2018,6,15,3,3,5,3,0,0,1,0,1,0,0,0,5.03252E+20,5.40423E+21,9.04427E+15,4.87911E+16
48693,8,1,19,87,2018,6,18,4,2,5,3,0,0,1,0,0,0,0,0,5.29314E+20,5.42331E+21,9.40047E+15,4.89621E+16
48694,8,3,17,145,2018,6,17,4,3,3,6,0,1,1,0,0,0,0,0,4.41692E+20,5.34794E+21,8.21405E+15,4.8282E+16
48695,8,3,26,74,2018,6,5,2,3,8,1,0,0,1,0,0,0,0,0,4.64825E+20,5.32594E+21,8.52767E+15,4.80857E+16
48696,8,3,11,0,2018,6,14,7,2,8,1,0,0,0,0,1,0,0,0,4.16372E+20,5.30722E+21,7.88079E+15,4.79129E+16
48697,8,1,27,76,2018,6,14,6,3,2,6,0,0,1,0,0,0,0,0,5.51772E+20,5.43961E+21,9.70935E+15,4.91072E+16
48698,8,3,11,0,2018,6,16,7,3,6,6,0,1,0,1,0,0,0,0,4.12848E+20,5.31534E+21,7.832E+15,4.79854E+16
48699,8,4,25,90,2018,6,14,3,3,8,7,0,0,1,0,0,0,0,0,5.42513E+20,5.34223E+21,9.57248E+15,4.82319E+16
48700,8,3,26,68,2018,6,7,2,3,9,1,0,0,1,0,0,0,0,0,4.52124E+20,5.31527E+21,8.35833E+15,4.79889E+16
48701,8,2,15,9,2018,6,16,7,2,3,6,0,0,1,0,0,0,0,0,4.66336E+20,5.43867E+21,8.53883E+15,4.90999E+16
48702,8,3,27,50,2018,6,18,5,3,3,6,0,0,1,0,1,0,0,0,4.8521E+20,5.31424E+21,8.80181E+15,4.79813E+16
48703,8,2,37,2,2018,6,12,7,2,2,6,0,0,0,0,1,0,0,1,4.53274E+20,5.3557E+21,8.36929E+15,4.83527E+16
48704,8,1,25,6,2018,6,15,6,3,2,6,0,0,1,0,0,0,0,0,5.02372E+20,5.45119E+21,9.03257E+15,4.92135E+16
48705,8,2,35,65,2018,6,11,7,3,8,7,0,0,1,0,0,0,1,0,4.73146E+20,5.40532E+21,8.63431E+15,4.88003E+16
48706,8,4,35,16,2018,6,15,3,3,0,6,0,1,0,0,0,0,0,0,5.36809E+20,5.28144E+21,9.49047E+15,4.76853E+16
48707,8,3,25,53,2018,6,7,2,3,2,6,0,0,1,0,0,0,0,0,4.62295E+20,5.34637E+21,8.49189E+15,4.82694E+16
48708,8,2,31,0,2018,6,19,7,3,0,1,0,0,0,0,1,0,0,0,4.80339E+20,5.41167E+21,8.73196E+15,4.88577E+16
48709,8,3,35,75,2018,6,17,5,3,3,1,0,0,1,0,0,0,0,0,4.91833E+20,5.2897E+21,8.89102E+15,4.77606E+16
48710,8,3,15,111,2018,6,16,3,1,4,6,0,1,1,0,0,0,0,0,4.0163E+20,5.29976E+21,7.68524E+15,4.78437E+16
48711,8,2,31,0,2018,6,18,7,3,4,6,0,1,1,0,0,0,0,0,4.79036E+20,5.41422E+21,8.71406E+15,4.88806E+16
48712,8,2,26,76,2018,6,5,4,2,2,6,0,0,1,0,0,0,1,0,4.7535E+20,5.46662E+21,8.66058E+15,4.93518E+16
48713,8,1,17,24,2018,6,15,5,3,5,3,0,0,1,0,1,0,0,0,5.63168E+20,5.3852E+21,9.85708E+15,4.86167E+16
48714,8,3,35,77,2018,6,15,6,2,3,6,0,0,1,0,1,0,0,0,4.94192E+20,5.29065E+21,8.92249E+15,4.77692E+16
48715,8,2,36,50,2018,6,23,7,3,8,7,2,0,1,0,0,0,0,0,4.85398E+20,5.42392E+21,8.80049E+15,4.8968E+16
48716,8,1,16,70,2018,6,16,3,3,0,7,0,0,1,0,0,0,0,0,5.39668E+20,5.38499E+21,9.53822E+15,4.86168E+16
48717,8,1,17,51,2018,6,20,4,3,5,3,0,0,1,0,0,0,0,0,5.42522E+20,5.39521E+21,9.578E+15,4.87085E+16
48718,8,3,15,132,2018,6,16,4,3,4,2,0,1,1,0,0,0,0,0,4.09034E+20,5.32372E+21,7.77911E+15,4.80603E+16
48719,8,3,17,150,2018,6,10,2,3,0,7,0,1,0,0,0,0,0,0,4.0797E+20,5.35979E+21,7.757E+15,4.83846E+16
48720,8,2,36,40,2018,6,9,7,3,8,1,0,1,0,0,0,0,0,0,4.87984E+20,5.42175E+21,8.83589E+15,4.89485E+16
48721,8,1,19,67,2018,6,6,6,2,5,3,0,0,1,0,0,1,0,0,5.39686E+20,5.40766E+21,9.54065E+15,4.88207E+16
48722,8,4,15,91,2018,6,10,3,3,4,2,0,0,1,0,1,0,0,0,5.13392E+20,5.35996E+21,9.1809E+15,4.83927E+16
48723,8,1,25,98,2018,6,18,7,3,9,1,0,0,0,0,1,0,0,0,5.25216E+20,5.43706E+21,9.34535E+15,4.90859E+16
48724,8,2,26,82,2018,6,16,7,3,8,1,0,0,0,0,1,0,0,0,4.7814E+20,5.48041E+21,8.69825E+15,4.9476E+16
48725,8,2,37,28,2018,6,17,5,2,5,3,0,0,1,0,0,0,0,0,4.56631E+20,5.37038E+21,8.41308E+15,4.8485E+16
48726,8,2,26,98,2018,6,10,5,3,2,6,0,0,1,0,0,0,0,0,4.77745E+20,5.45811E+21,8.69404E+15,4.92753E+16
48727,8,2,16,43,2018,6,13,3,3,1,6,0,0,1,0,0,0,0,0,4.42881E+20,5.41279E+21,8.22116E+15,4.88655E+16
48728,8,2,26,56,2018,6,9,7,3,1,6,0,0,1,0,0,0,0,0,4.85817E+20,5.47151E+21,8.80454E+15,4.93961E+16
48729,8,1,15,45,2018,6,14,4,3,2,6,0,0,1,0,0,0,1,0,5.0143E+20,5.39381E+21,9.01943E+15,4.86974E+16
48730,8,3,36,105,2018,6,7,4,3,6,7,0,0,1,1,0,0,0,0,4.01626E+20,5.26703E+21,7.69257E+15,4.75492E+16
48731,8,2,25,74,2018,6,12,7,3,5,3,0,0,1,0,0,0,0,0,5.07042E+20,5.46495E+21,9.09694E+15,4.93373E+16
48732,8,2,31,0,2018,6,13,3,3,1,6,0,0,1,0,0,0,0,0,4.82446E+20,5.41774E+21,8.76043E+15,4.89123E+16
48733,8,2,25,33,2018,6,11,7,3,8,1,0,0,0,0,1,0,0,0,5.09437E+20,5.46004E+21,9.12979E+15,4.9293E+16
48734,8,2,15,97,2018,6,18,4,3,5,3,0,0,1,0,0,0,0,0,4.79426E+20,5.44431E+21,8.71786E+15,4.91513E+16
48735,8,1,15,21,2018,6,11,5,3,4,6,0,1,0,0,0,0,0,0,4.89712E+20,5.38284E+21,8.86046E+15,4.85985E+16
48736,8,2,11,0,2018,6,16,7,2,8,1,0,0,0,0,1,0,0,0,4.43983E+20,5.39574E+21,8.23852E+15,4.87122E+16
48737,8,3,26,74,2018,6,16,6,2,4,1,0,0,1,0,0,0,0,0,4.60621E+20,5.32266E+21,8.47152E+15,4.8056E+16
48738,8,2,16,7,2018,6,14,7,3,2,6,0,0,1,0,1,0,0,0,4.36338E+20,5.39377E+21,8.1349E+15,4.86937E+16
48739,8,1,11,0,2018,6,17,4,3,5,3,0,0,1,0,0,0,0,0,5.13031E+20,5.41024E+21,9.17761E+15,4.8845E+16
48740,8,3,17,75,2018,6,17,2,3,5,3,0,0,1,0,0,0,0,0,4.09413E+20,5.3624E+21,7.77593E+15,4.84083E+16
48741,8,2,16,43,2018,6,14,7,3,5,3,0,0,1,0,0,0,0,0,4.41351E+20,5.4107E+21,8.2006E+15,4.88465E+16
48742,8,1,16,77,2018,6,15,6,3,5,3,0,1,1,0,0,0,0,0,5.13945E+20,5.39171E+21,9.18943E+15,4.86783E+16
48743,8,3,37,45,2018,6,17,3,3,4,1,0,0,1,0,0,0,0,0,4.38709E+20,5.29162E+21,8.1819E+15,4.77751E+16
48744,8,1,19,87,2018,6,2,7,3,4,6,2,0,1,0,0,0,0,0,5.28428E+20,5.42391E+21,9.38841E+15,4.89674E+16
48745,8,1,11,0,2018,6,9,3,3,2,6,0,0,1,0,0,0,0,0,5.15312E+20,5.39943E+21,9.2083E+15,4.87477E+16
48746,8,2,16,43,2018,6,0,7,2,0,7,2,1,0,0,0,0,0,0,4.41809E+20,5.41441E+21,8.20632E+15,4.88799E+16
48747,8,3,11,0,2018,6,8,5,3,3,6,0,0,1,0,0,0,1,0,4.13489E+20,5.3164E+21,7.84037E+15,4.79951E+16
48748,8,2,22,0,2018,6,12,5,3,2,6,0,0,1,0,0,0,0,0,4.61895E+20,5.48047E+21,8.474E+15,4.94757E+16
48749,8,1,35,19,2018,6,17,3,2,5,3,0,1,1,0,0,0,0,0,5.93251E+20,5.40043E+21,1.02686E+16,4.87499E+16
48750,8,2,12,0,2018,6,0,7,3,5,3,2,0,1,0,0,0,0,0,4.55183E+20,5.42849E+21,8.38717E+15,4.90076E+16
48751,8,1,25,6,2018,6,7,3,2,5,3,0,0,1,0,0,0,0,0,5.04756E+20,5.45611E+21,9.06536E+15,4.92577E+16
48752,8,1,25,63,2018,6,8,4,2,8,1,0,0,1,0,0,1,0,0,5.30131E+20,5.46708E+21,9.41492E+15,4.93557E+16
48753,8,4,15,91,2018,6,18,4,3,8,1,0,0,0,0,1,0,0,0,5.15382E+20,5.36351E+21,9.20792E+15,4.84246E+16
48754,8,3,17,89,2018,6,17,2,3,2,6,0,0,1,0,0,0,0,0,4.26176E+20,5.37603E+21,7.99999E+15,4.8533E+16
48755,8,1,15,41,2018,6,13,7,2,3,6,0,0,1,0,1,0,0,0,4.96211E+20,5.40168E+21,8.94844E+15,4.87681E+16
48756,8,2,36,33,2018,6,16,6,3,3,2,0,0,1,0,0,0,0,0,4.81063E+20,5.42867E+21,8.74104E+15,4.90106E+16
48757,8,1,11,0,2018,6,18,7,3,2,6,0,0,1,0,0,0,0,0,5.10649E+20,5.39512E+21,9.14475E+15,4.8709E+16
48758,8,3,36,45,2018,6,8,3,2,5,3,0,1,1,0,0,0,0,0,3.95669E+20,5.28506E+21,7.60912E+15,4.77105E+16
48759,8,3,17,98,2018,6,17,2,2,4,1,0,0,1,0,1,0,0,0,4.41185E+20,5.37032E+21,8.20408E+15,4.84833E+16
48760,8,1,15,42,2018,6,8,7,3,2,1,0,0,1,0,0,0,0,0,4.91169E+20,5.40813E+21,8.87968E+15,4.88261E+16
48761,8,4,16,23,2018,6,9,5,3,9,1,0,0,1,0,0,0,0,0,5.07267E+20,5.37283E+21,9.09838E+15,4.85086E+16
48762,8,2,12,0,2018,6,7,6,3,3,6,0,0,0,0,0,1,1,0,4.59903E+20,5.42803E+21,8.45176E+15,4.90038E+16
48763,8,4,16,36,2018,6,15,7,3,2,6,0,0,1,0,0,0,0,0,4.9036E+20,5.37361E+21,8.86946E+15,4.85155E+16
48764,8,1,11,0,2018,6,17,4,3,2,6,0,0,1,0,0,0,0,0,5.10947E+20,5.40973E+21,9.14918E+15,4.88404E+16
48765,8,1,36,19,2018,6,12,7,3,5,2,0,0,1,0,0,0,0,0,5.81978E+20,5.42496E+21,1.01202E+16,4.89721E+16
48766,8,4,26,128,2018,6,20,5,2,0,6,1,0,1,0,1,0,1,0,5.59383E+20,5.33085E+21,9.79804E+15,4.81281E+16
48767,8,4,36,64,2018,6,18,3,2,5,3,0,1,1,0,0,0,0,0,5.38667E+20,5.28901E+21,9.5159E+15,4.77533E+16
48768,8,1,16,22,2018,6,23,7,3,1,6,2,0,1,0,0,0,0,0,5.22573E+20,5.38263E+21,9.30615E+15,4.85964E+16
48769,8,1,36,21,2018,6,7,7,3,8,7,0,0,1,0,0,0,0,0,5.74837E+20,5.40615E+21,1.00192E+16,4.88039E+16
48770,8,2,36,4,2018,6,13,5,2,5,3,0,0,1,0,1,0,0,0,4.72851E+20,5.41385E+21,8.62973E+15,4.8877E+16
48771,8,2,15,102,2018,6,8,4,2,5,3,0,1,1,0,0,0,0,0,4.57164E+20,5.43802E+21,8.41325E+15,4.90936E+16
48772,8,1,18,80,2018,6,7,5,2,2,6,0,0,1,0,0,0,0,0,5.08195E+20,5.41002E+21,9.11169E+15,4.88431E+16
48773,8,1,28,115,2018,6,20,3,3,8,1,0,0,0,0,1,0,0,0,5.49145E+20,5.49581E+21,9.68029E+15,4.96128E+16
48774,8,4,35,16,2018,6,9,6,3,6,6,0,1,0,1,0,0,0,0,5.36029E+20,5.27934E+21,9.4799E+15,4.76665E+16
48775,8,1,36,88,2018,6,9,7,2,6,4,0,0,1,1,0,0,0,0,5.76784E+20,5.41519E+21,1.00474E+16,4.88849E+16
48776,8,1,19,79,2018,6,16,3,3,5,3,0,0,1,0,1,0,0,0,5.24139E+20,5.40852E+21,9.32891E+15,4.88292E+16
48777,8,1,27,14,2018,6,13,4,2,5,2,0,0,1,0,0,0,0,0,5.78219E+20,5.44387E+21,1.00725E+16,4.91427E+16
48778,8,3,35,75,2018,6,13,4,3,0,1,0,1,0,0,0,0,0,0,4.90312E+20,5.2899E+21,8.87072E+15,4.77624E+16
48779,8,1,28,14,2018,6,17,7,3,8,7,0,0,1,0,0,0,0,0,5.40958E+20,5.48439E+21,9.56579E+15,4.95108E+16
48780,8,2,12,0,2018,6,7,6,3,5,1,0,1,1,0,0,0,0,0,4.55963E+20,5.42824E+21,8.39786E+15,4.90055E+16
48781,8,2,25,91,2018,6,5,7,2,6,6,2,0,0,1,0,1,0,0,5.2686E+20,5.47652E+21,9.37051E+15,4.94407E+16
48782,8,4,37,86,2018,6,17,3,3,5,7,0,1,0,0,1,0,0,0,5.27324E+20,5.31357E+21,9.36612E+15,4.79748E+16
48783,8,1,27,32,2018,6,17,7,3,0,1,0,0,0,0,1,0,0,0,5.70042E+20,5.45468E+21,9.96226E+15,4.92409E+16
48784,8,3,37,125,2018,6,18,5,3,0,1,0,1,0,0,0,0,0,0,4.47991E+20,5.2706E+21,8.30829E+15,4.75867E+16
48785,8,3,17,98,2018,6,14,3,2,9,1,0,0,0,0,1,0,0,0,4.40524E+20,5.37509E+21,8.19446E+15,4.85261E+16
48786,8,1,27,99,2018,6,20,7,3,6,4,0,1,0,1,0,0,0,0,5.6178E+20,5.44647E+21,9.84751E+15,4.91679E+16
48787,8,2,25,74,2018,6,8,4,3,2,1,0,0,1,0,0,0,1,0,5.07037E+20,5.46495E+21,9.09686E+15,4.93373E+16
48788,8,1,19,79,2018,6,15,5,3,3,7,0,0,1,0,1,0,0,0,5.23708E+20,5.40829E+21,9.32302E+15,4.88272E+16
48789,8,3,37,96,2018,6,18,6,3,2,6,0,0,1,0,1,0,0,0,4.19815E+20,5.26728E+21,7.93421E+15,4.7554E+16
48790,8,3,25,72,2018,6,20,3,3,2,6,0,0,1,0,0,0,0,0,4.69989E+20,5.32558E+21,8.59704E+15,4.80828E+16
48791,8,1,11,0,2018,6,16,7,3,1,1,0,0,1,0,1,0,0,0,5.10832E+20,5.40218E+21,9.14743E+15,4.87726E+16
48792,8,1,27,62,2018,6,14,7,2,8,1,0,0,0,0,1,0,0,0,5.50941E+20,5.432E+21,9.69701E+15,4.90388E+16
48793,8,2,35,85,2018,6,19,4,2,5,3,0,0,1,0,1,0,0,0,4.81488E+20,5.39564E+21,8.74835E+15,4.87135E+16
48794,8,1,28,47,2018,6,7,5,2,5,3,0,0,1,0,0,0,0,0,5.58575E+20,5.50008E+21,9.81145E+15,4.96504E+16
48795,8,1,26,46,2018,6,22,3,3,2,6,2,0,1,0,0,0,0,0,5.49974E+20,5.45858E+21,9.68707E+15,4.92779E+16
48796,8,4,15,19,2018,6,16,6,3,0,1,0,0,0,0,1,0,0,0,5.19266E+20,5.37056E+21,9.26074E+15,4.84878E+16
48797,8,1,25,1,2018,6,12,7,3,5,3,0,0,1,0,0,0,0,0,5.22599E+20,5.43606E+21,9.30944E+15,4.9077E+16
48798,8,1,19,69,2018,6,18,3,2,4,1,0,0,1,0,1,0,0,0,5.33607E+20,5.43425E+21,9.46003E+15,4.90602E+16
48799,8,1,25,6,2018,6,14,4,3,3,6,0,0,1,0,1,0,0,0,5.07858E+20,5.45134E+21,9.10791E+15,4.92148E+16
48800,8,3,27,49,2018,6,6,4,3,5,3,0,0,1,0,0,0,0,0,4.72177E+20,5.32475E+21,8.62647E+15,4.80754E+16
48801,8,1,21,0,2018,6,13,7,3,2,6,0,0,1,0,0,0,0,0,5.15961E+20,5.44627E+21,9.21896E+15,4.91691E+16
48802,8,1,35,20,2018,6,20,6,3,0,1,0,0,0,0,1,0,0,0,5.85173E+20,5.38052E+21,1.01546E+16,4.8572E+16
48803,8,1,21,0,2018,6,11,7,3,5,3,0,1,1,0,0,0,0,0,5.13771E+20,5.44077E+21,9.18872E+15,4.91196E+16
48804,8,4,26,108,2018,6,11,3,3,0,7,0,1,0,0,0,0,0,0,5.71573E+20,5.33976E+21,9.96335E+15,4.8207E+16
48805,8,1,19,42,2018,6,20,7,3,8,1,0,0,1,0,0,0,0,0,5.28773E+20,5.41504E+21,9.3925E+15,4.88877E+16
48806,8,3,35,79,2018,6,11,5,3,5,3,0,0,1,0,0,0,0,0,5.00851E+20,5.3002E+21,9.01137E+15,4.78552E+16
48807,8,2,12,0,2018,6,21,3,3,2,1,0,0,1,0,0,1,0,0,4.634E+20,5.42135E+21,8.50017E+15,4.8944E+16
48808,8,1,19,42,2018,6,12,7,3,3,6,0,0,1,0,1,0,0,0,5.30215E+20,5.41669E+21,9.4123E+15,4.89025E+16
48809,8,2,16,43,2018,6,7,4,3,8,7,0,1,0,0,0,0,0,0,4.43444E+20,5.40972E+21,8.22927E+15,4.88379E+16
48810,8,1,16,47,2018,6,22,5,3,0,1,2,0,0,0,1,0,0,1,5.1919E+20,5.39251E+21,9.26073E+15,4.86853E+16
48811,8,3,27,49,2018,6,18,6,3,5,3,0,0,1,0,0,0,0,0,4.73232E+20,5.32502E+21,8.64062E+15,4.80779E+16
48812,8,1,19,4,2018,6,23,7,3,9,1,2,0,1,0,0,0,0,0,5.39731E+20,5.42138E+21,9.54259E+15,4.8944E+16
48813,8,1,16,49,2018,6,13,4,3,5,3,0,0,1,0,0,0,1,0,5.25244E+20,5.38579E+21,9.34257E+15,4.86246E+16
48814,8,1,16,77,2018,6,9,3,3,4,2,0,0,1,0,0,0,0,0,5.14687E+20,5.38903E+21,9.19943E+15,4.86541E+16
48815,8,1,18,11,2018,6,1,7,3,0,7,2,0,1,0,0,0,0,0,5.01738E+20,5.40954E+21,9.02368E+15,4.88388E+16
48816,8,1,18,79,2018,6,9,6,3,2,6,0,0,1,0,0,0,0,0,5.09895E+20,5.42256E+21,9.13517E+15,4.89559E+16
48817,8,1,18,40,2018,6,9,7,3,4,6,0,0,1,0,0,0,0,0,5.10541E+20,5.43275E+21,9.14425E+15,4.90476E+16
48818,8,1,17,51,2018,6,18,3,3,5,3,0,0,1,0,0,0,0,0,5.44618E+20,5.39497E+21,9.60646E+15,4.87061E+16
48819,8,1,18,48,2018,6,18,4,3,1,6,0,0,1,0,0,0,0,0,5.13052E+20,5.41682E+21,9.1781E+15,4.89042E+16
48820,8,3,17,21,2018,6,20,4,2,9,1,0,1,0,0,0,0,0,0,4.27688E+20,5.37165E+21,8.02124E+15,4.84938E+16
48821,8,1,18,7,2018,6,17,7,3,2,6,0,0,1,0,0,0,0,0,5.10602E+20,5.42673E+21,9.14493E+15,4.89934E+16
48822,8,1,25,39,2018,6,8,6,3,5,3,0,0,1,0,0,1,0,0,5.11625E+20,5.45907E+21,9.15984E+15,4.92842E+16
48823,8,1,16,77,2018,6,7,7,3,5,3,0,0,1,0,0,0,0,0,5.1668E+20,5.39005E+21,9.22653E+15,4.86633E+16
48824,8,4,25,20,2018,6,16,3,3,5,3,0,0,1,0,1,0,0,0,5.58763E+20,5.36152E+21,9.79398E+15,4.84041E+16
48825,8,1,16,78,2018,6,14,7,3,1,6,0,0,1,0,0,0,0,0,5.09765E+20,5.39336E+21,9.1327E+15,4.86932E+16
48826,8,3,26,60,2018,6,15,5,3,6,2,0,0,1,1,0,0,0,0,4.42833E+20,5.33108E+21,8.2317E+15,4.81304E+16
48827,8,2,25,67,2018,6,16,3,3,5,3,0,1,1,0,0,0,0,0,5.09619E+20,5.46286E+21,9.13235E+15,4.93184E+16
48828,8,1,16,19,2018,6,15,7,3,2,6,0,0,1,0,0,0,0,0,5.25728E+20,5.39622E+21,9.34979E+15,4.87184E+16
48829,8,2,16,17,2018,6,14,4,2,5,3,0,0,1,0,1,0,0,0,4.52243E+20,5.40045E+21,8.35024E+15,4.87552E+16
48830,8,1,11,0,2018,6,17,5,3,2,2,0,0,1,0,1,0,0,0,5.11613E+20,5.40197E+21,9.15805E+15,4.87706E+16
48831,8,1,11,0,2018,6,15,7,3,5,3,0,1,1,0,0,0,0,0,5.15732E+20,5.40541E+21,9.21423E+15,4.88014E+16
48832,8,2,26,103,2018,6,18,6,3,2,6,0,0,1,0,0,0,1,0,4.71702E+20,5.45727E+21,8.61102E+15,4.92675E+16
48833,8,4,35,24,2018,6,23,6,3,6,6,2,0,1,1,0,0,0,0,5.25953E+20,5.2798E+21,9.34573E+15,4.76711E+16
48834,8,1,11,0,2018,6,7,4,3,5,2,0,1,0,0,0,0,1,0,5.16572E+20,5.40732E+21,9.22576E+15,4.88186E+16
48835,8,4,35,35,2018,6,15,6,3,5,3,0,1,1,0,0,0,0,0,5.40349E+20,5.28015E+21,9.53752E+15,4.76735E+16
48836,8,2,35,18,2018,6,15,5,3,0,3,0,0,1,0,1,0,0,0,4.62388E+20,5.4057E+21,8.48779E+15,4.88031E+16
48837,8,3,36,50,2018,6,9,3,3,2,6,0,0,1,0,0,0,0,0,3.99326E+20,5.27565E+21,7.66004E+15,4.76264E+16
48838,8,1,18,73,2018,6,19,7,3,5,3,0,0,1,0,0,0,0,0,4.97124E+20,5.42028E+21,8.96073E+15,4.89355E+16
48839,8,1,36,9,2018,6,12,2,3,2,6,0,0,1,0,0,1,0,0,5.67596E+20,5.4079E+21,9.92086E+15,4.88204E+16
48840,8,2,35,79,2018,6,19,6,3,2,6,0,0,1,0,0,0,0,0,4.69106E+20,5.40353E+21,8.57943E+15,4.8784E+16
48841,8,2,15,46,2018,6,6,5,3,2,6,0,0,1,0,0,0,0,0,4.49147E+20,5.41581E+21,8.30622E+15,4.88932E+16
48842,8,2,21,0,2018,6,9,5,3,3,2,0,1,1,0,0,0,0,0,4.76563E+20,5.47266E+21,8.67693E+15,4.94062E+16
48843,8,1,35,19,2018,6,10,3,2,2,6,0,0,0,0,0,1,0,0,5.90512E+20,5.39107E+21,1.02293E+16,4.86661E+16
48844,8,1,21,0,2018,6,12,3,3,3,6,0,0,1,0,0,1,0,0,5.16084E+20,5.44623E+21,9.22064E+15,4.91687E+16
48845,8,1,11,0,2018,6,18,6,2,0,1,0,0,0,0,1,0,0,0,5.17709E+20,5.40029E+21,9.24094E+15,4.87553E+16
48846,8,1,17,15,2018,6,14,3,2,5,3,0,0,1,0,0,1,0,0,5.60396E+20,5.39581E+21,9.82101E+15,4.87124E+16
48847,8,1,25,65,2018,6,15,5,3,3,6,0,0,1,0,0,0,0,0,5.1633E+20,5.44701E+21,9.22406E+15,4.91756E+16
48848,8,1,27,76,2018,6,20,7,3,3,6,0,0,1,0,1,0,0,0,5.6184E+20,5.43778E+21,9.847E+15,4.90897E+16