OBJECTID_1,ULAND,UREGBEZ,UKREIS,UGEMEINDE,UJAHR,UMONAT,USTUNDE,UWOCHENTAG,UKATEGORIE,UART,UTYP1,ULICHTVERH,IstRad,IstPKW,IstFuss,IstKrad,IstGkfz,IstSonstig,STRZUSTAND,LINREFX,LINREFY,XGCSWGS84,YGCSWGS84
49037,8,1,19,76,2018,6,5,2,3,5,3,0,0,1,0,0,1,0,0,5.41548E+20,5.40643E+21,9.56588E+15,4.88095E+16
49038,8,1,25,6,2018,6,17,5,3,3,6,0,0,1,0,0,0,0,0,5.05057E+20,5.4511E+21,9.06943E+15,4.92127E+16
49039,8,1,28,115,2018,6,14,7,3,8,1,0,0,1,0,0,0,0,0,5.47699E+20,5.49632E+21,9.66035E+15,4.96175E+16
49040,8,1,19,86,2018,6,2,2,1,9,1,2,0,1,0,0,0,0,0,5.33672E+20,5.40232E+21,9.45829E+15,4.8773E+16
49041,8,4,35,66,2018,6,13,4,3,3,6,0,1,0,0,0,0,1,0,5.18944E+20,5.28695E+21,9.25267E+15,4.77356E+16
49042,8,2,25,74,2018,7,14,1,3,0,1,0,0,1,0,1,0,0,0,5.06303E+20,5.46665E+21,9.08679E+15,4.93525E+16
49043,8,3,35,77,2018,6,15,6,3,2,6,0,0,1,0,0,0,0,0,4.9411E+20,5.29371E+21,8.92135E+15,4.77967E+16
49044,8,1,18,54,2018,6,7,2,3,1,6,0,0,1,0,0,1,0,0,5.17783E+20,5.42269E+21,9.24292E+15,4.89568E+16
49045,8,1,26,58,2018,6,5,4,2,2,1,0,0,0,0,0,1,1,0,5.45208E+20,5.45112E+21,9.62071E+15,4.92112E+16
49046,8,4,36,82,2018,6,15,7,3,4,2,0,1,1,0,0,0,0,0,5.47698E+20,5.295E+21,9.63705E+15,4.78066E+16
49047,8,1,25,1,2018,6,14,6,3,3,6,0,0,1,0,0,1,0,0,5.20962E+20,5.43625E+21,9.28704E+15,4.90787E+16
49048,8,1,18,48,2018,6,18,2,3,6,4,0,0,1,1,0,0,0,0,5.14251E+20,5.4152E+21,9.19441E+15,4.88896E+16
49049,8,3,26,74,2018,6,9,5,3,5,3,0,0,1,0,1,0,0,0,4.6607E+20,5.32379E+21,8.54456E+15,4.80665E+16
49050,8,1,36,75,2018,6,6,3,2,4,6,0,0,1,0,0,0,1,0,5.99836E+20,5.41979E+21,1.03629E+16,4.8923E+16
49051,8,4,26,67,2018,6,8,3,3,1,6,0,0,1,0,0,0,0,0,5.32695E+20,5.33247E+21,9.43953E+15,4.81447E+16
49052,8,3,17,98,2018,6,10,7,3,0,7,0,1,0,0,0,0,0,0,4.37552E+20,5.36399E+21,8.15587E+15,4.8426E+16
49053,8,3,17,96,2018,6,17,3,3,5,2,0,0,1,0,0,0,0,0,4.21205E+20,5.3694E+21,7.93391E+15,4.84728E+16
49054,8,4,37,100,2018,6,8,5,3,5,3,0,0,1,0,0,0,0,0,5.41601E+20,5.31745E+21,9.55779E+15,4.8009E+16
49055,8,1,18,18,2018,6,6,2,3,5,3,0,0,1,0,0,1,1,0,5.11896E+20,5.4314E+21,9.16276E+15,4.90354E+16
49056,8,1,18,70,2018,6,7,5,3,4,6,0,0,1,0,0,0,1,0,5.21128E+20,5.42462E+21,9.28871E+15,4.89741E+16
49057,8,2,11,0,2018,6,18,3,2,8,1,0,0,0,0,1,0,0,0,4.43402E+20,5.39315E+21,8.23097E+15,4.86888E+16
49058,8,4,25,84,2018,6,15,7,3,2,6,0,0,1,0,0,0,0,0,5.58524E+20,5.37438E+21,9.79256E+15,4.85198E+16
49059,8,1,17,51,2018,6,18,2,3,2,6,0,0,1,0,0,0,1,0,5.42435E+20,5.39498E+21,9.57678E+15,4.87064E+16
49060,8,3,35,43,2018,6,19,4,3,5,3,0,1,1,0,0,0,0,0,5.12785E+20,5.27977E+21,9.17031E+15,4.76712E+16
49061,8,1,28,61,2018,7,20,1,3,2,6,0,0,1,0,0,0,0,0,5.39688E+20,5.49571E+21,9.54938E+15,4.96126E+16
49062,8,1,17,24,2018,6,23,2,3,0,7,2,1,1,0,0,0,0,0,5.62211E+20,5.38591E+21,9.8442E+15,4.86231E+16
49063,8,2,26,85,2018,6,16,6,3,3,6,0,0,1,0,0,1,0,0,4.97045E+20,5.4522E+21,8.95941E+15,4.92226E+16
49064,8,4,25,84,2018,6,16,2,2,2,6,0,0,0,0,0,1,1,0,5.60782E+20,5.37396E+21,9.82307E+15,4.85158E+16
49065,8,1,27,73,2018,6,3,3,2,1,1,2,0,0,0,0,1,0,0,5.81294E+20,5.44953E+21,1.01158E+16,4.91932E+16
49066,8,1,18,14,2018,6,7,4,3,0,1,0,1,0,0,0,0,0,0,5.21854E+20,5.42153E+21,9.29846E+15,4.89463E+16
49067,8,3,36,91,2018,6,4,7,3,0,1,1,1,0,0,0,0,0,0,3.95124E+20,5.27186E+21,7.60504E+15,4.75916E+16
49068,8,1,16,41,2018,6,13,2,3,7,7,0,0,0,0,1,0,1,0,5.19098E+20,5.3837E+21,9.25907E+15,4.8606E+16
49069,8,3,36,14,2018,6,18,4,2,2,6,0,0,1,0,0,0,0,0,3.89199E+20,5.28066E+21,7.52402E+15,4.76698E+16
49070,8,1,18,79,2018,7,21,1,2,8,1,2,0,0,0,1,0,0,0,5.09279E+20,5.42012E+21,9.12669E+15,4.8934E+16
49071,8,3,27,25,2018,6,17,6,3,2,2,0,0,1,0,0,0,0,0,4.80683E+20,5.30917E+21,8.74137E+15,4.79356E+16
49072,8,1,15,3,2018,6,7,2,3,5,3,0,1,1,0,0,0,0,0,4.98282E+20,5.39128E+21,8.97667E+15,4.86746E+16
49073,8,1,25,63,2018,6,15,4,3,2,6,0,0,1,0,0,0,0,0,5.297E+20,5.46316E+21,9.40868E+15,4.93204E+16
49074,8,4,17,23,2018,6,22,7,3,2,7,2,0,1,0,0,0,1,0,4.93387E+20,5.35195E+21,8.91079E+15,4.83207E+16
49075,8,1,35,16,2018,6,17,6,3,6,7,0,0,0,1,1,0,0,0,5.90893E+20,5.38581E+21,1.02333E+16,4.86188E+16
49076,8,4,37,8,2018,6,19,1,3,5,2,0,0,1,0,0,0,0,0,5.19711E+20,5.33067E+21,9.2649E+15,4.8129E+16
49077,8,4,17,31,2018,6,21,5,3,3,6,1,0,1,0,0,0,0,1,4.97829E+20,5.35457E+21,8.97071E+15,4.83443E+16
49078,8,1,27,8,2018,6,19,3,1,4,1,0,0,1,0,0,0,0,0,5.719E+20,5.46032E+21,9.9888E+15,4.92914E+16
49079,8,4,15,85,2018,6,7,3,2,5,2,0,0,1,0,0,1,0,0,5.36177E+20,5.34097E+21,9.48705E+15,4.82209E+16
49080,8,2,26,85,2018,6,14,7,3,1,6,0,0,1,0,0,0,0,0,4.87128E+20,5.45616E+21,8.82309E+15,4.92581E+16
49081,8,3,36,69,2018,6,12,3,2,0,1,0,0,0,0,1,0,0,0,4.09477E+20,5.27E+21,7.79628E+15,4.75771E+16
49082,8,4,26,124,2018,6,5,5,2,1,5,1,0,1,0,0,0,0,0,5.48535E+20,5.33043E+21,9.65223E+15,4.81253E+16
49083,8,4,36,10,2018,6,16,1,2,9,1,0,0,1,0,0,0,0,0,5.64539E+20,5.30554E+21,9.86353E+15,4.79E+16
49084,8,1,17,30,2018,6,22,5,3,5,3,2,0,1,0,0,0,0,1,5.47077E+20,5.38992E+21,9.6393E+15,4.86605E+16
49085,8,1,11,0,2018,6,7,7,3,0,3,0,0,0,0,1,0,1,0,5.13598E+20,5.40292E+21,9.18509E+15,4.87792E+16
49086,8,4,36,94,2018,6,15,1,2,8,1,0,0,0,0,1,0,0,0,5.67401E+20,5.2838E+21,9.89843E+15,4.77041E+16
49087,8,4,36,52,2018,6,2,1,3,7,7,2,0,1,0,0,0,0,0,5.66265E+20,5.28715E+21,9.88379E+15,4.77343E+16
49088,8,3,17,89,2018,6,15,4,3,2,6,0,0,1,0,0,0,1,0,4.30159E+20,5.37618E+21,8.05391E+15,4.85349E+16
49089,8,1,19,86,2018,7,15,1,3,3,6,0,0,1,0,1,0,0,0,5.36873E+20,5.40617E+21,9.50219E+15,4.88075E+16
49090,8,4,36,69,2018,6,22,1,3,8,1,2,0,0,0,1,0,0,0,5.50547E+20,5.29102E+21,9.67463E+15,4.77706E+16
49091,8,2,31,0,2018,6,23,6,2,4,2,2,1,1,0,0,0,0,0,4.77797E+20,5.4161E+21,8.69707E+15,4.88975E+16
49092,8,4,37,76,2018,6,11,1,2,5,3,0,0,1,0,0,0,0,0,5.24203E+20,5.32257E+21,9.3248E+15,4.80559E+16
49093,8,1,26,85,2018,6,17,3,3,2,6,0,0,1,0,0,0,0,0,5.46934E+20,5.44911E+21,9.64417E+15,4.9193E+16
49094,8,1,16,54,2018,6,15,4,3,3,2,0,0,0,0,1,0,1,0,5.32387E+20,5.38138E+21,9.43915E+15,4.85847E+16
49095,8,1,18,48,2018,6,13,6,3,2,1,0,0,1,0,0,0,0,0,5.14213E+20,5.41631E+21,9.19393E+15,4.88996E+16
49096,8,4,26,21,2018,6,13,1,3,3,6,0,0,1,0,0,0,0,0,5.59031E+20,5.3266E+21,9.79273E+15,4.809E+16
49097,8,2,16,43,2018,6,16,5,3,5,3,0,1,1,0,0,0,0,0,4.42429E+20,5.41242E+21,8.21505E+15,4.88621E+16
49098,8,1,25,5,2018,6,15,3,3,2,6,0,0,1,0,1,0,0,0,5.15208E+20,5.45236E+21,9.20885E+15,4.92238E+16
49099,8,2,25,33,2018,6,17,7,2,4,2,0,0,1,0,1,0,0,0,5.11051E+20,5.45871E+21,9.15195E+15,4.9281E+16
49100,8,3,35,63,2018,6,8,5,3,3,6,0,0,0,0,1,1,0,0,4.98623E+20,5.29352E+21,8.98161E+15,4.7795E+16
49101,8,4,26,62,2018,6,16,1,3,4,7,0,0,1,0,0,0,0,0,5.56512E+20,5.31989E+21,9.75802E+15,4.80298E+16
49102,8,1,11,0,2018,6,15,5,3,3,6,0,0,1,0,1,0,0,0,5.12064E+20,5.40688E+21,9.16433E+15,4.88148E+16
49103,8,1,25,6,2018,6,17,6,2,5,3,0,0,1,0,0,0,0,0,5.04757E+20,5.45611E+21,9.06537E+15,4.92578E+16
49104,8,3,37,128,2018,6,10,1,2,9,1,0,0,0,0,1,0,0,0,4.44042E+20,5.28101E+21,8.25445E+15,4.768E+16
49105,8,2,15,82,2018,6,23,5,2,4,1,2,0,1,0,0,0,0,0,4.89437E+20,5.43966E+21,8.85526E+15,4.91097E+16
49106,8,2,35,46,2018,6,7,7,3,8,1,0,0,1,0,0,0,0,0,4.80549E+20,5.37287E+21,8.73665E+15,4.85086E+16
49107,8,2,12,0,2018,6,7,3,2,5,3,0,0,1,0,1,0,0,0,4.62589E+20,5.42851E+21,8.48843E+15,4.90083E+16
49108,8,4,15,87,2018,6,12,5,2,8,1,0,0,0,0,0,1,0,0,5.12319E+20,5.38201E+21,9.16706E+15,4.85911E+16
49109,8,3,37,108,2018,6,12,1,3,5,3,0,0,1,0,1,0,0,0,4.24849E+20,5.28581E+21,7.99794E+15,4.77213E+16
49110,8,1,15,21,2018,6,9,5,3,5,3,0,0,1,0,1,0,0,0,4.91533E+20,5.38149E+21,8.88518E+15,4.85864E+16
49111,8,4,36,3,2018,6,19,6,2,5,3,0,0,1,0,0,0,0,0,5.8051E+20,5.30573E+21,1.00772E+16,4.78998E+16
49112,8,3,37,27,2018,6,1,1,3,8,6,2,0,1,0,0,0,0,0,4.33248E+20,5.28002E+21,8.1108E+15,4.76702E+16
49113,8,3,35,98,2018,6,14,1,2,9,1,0,0,0,0,1,0,0,0,5.04661E+20,5.29673E+21,9.06228E+15,4.78239E+16
49114,8,2,15,21,2018,6,7,4,3,3,6,0,0,0,0,0,1,1,0,4.68617E+20,5.44568E+21,8.56952E+15,4.91631E+16
49115,8,1,17,38,2018,7,22,1,3,0,3,2,0,1,0,1,0,0,0,5.47279E+20,5.39749E+21,9.64291E+15,4.87286E+16
49116,8,3,27,18,2018,6,11,1,3,5,3,0,0,1,0,0,0,0,0,4.75584E+20,5.3077E+21,8.67318E+15,4.79222E+16
49117,8,2,35,6,2018,6,19,6,2,3,6,0,0,1,0,1,0,0,0,4.7413E+20,5.38551E+21,8.64896E+15,4.86221E+16
49118,8,3,26,68,2018,6,14,1,3,2,6,0,0,1,0,0,0,1,0,4.44292E+20,5.3171E+21,8.25313E+15,4.80048E+16
49119,8,1,25,5,2018,6,13,3,3,5,3,0,0,1,0,1,0,0,0,5.15668E+20,5.45164E+21,9.21514E+15,4.92173E+16
49120,8,1,15,21,2018,6,14,4,3,2,6,0,0,1,0,0,0,0,0,4.90802E+20,5.38223E+21,8.87526E+15,4.85931E+16
49121,8,1,16,70,2018,6,15,6,2,5,3,0,1,1,0,0,0,0,0,5.39286E+20,5.38468E+21,9.53302E+15,4.8614E+16
49122,8,3,25,57,2018,6,22,1,3,9,1,2,0,1,0,0,0,0,0,4.78142E+20,5.35803E+21,8.70483E+15,4.8375E+16
49123,8,2,16,5,2018,6,14,5,3,4,6,0,0,1,0,1,0,0,0,4.44653E+20,5.41833E+21,8.24457E+15,4.89154E+16
49124,8,1,11,0,2018,6,8,7,3,2,6,0,0,1,0,0,0,0,0,5.11143E+20,5.39502E+21,9.15146E+15,4.87081E+16
49125,8,3,17,127,2018,6,16,1,3,2,2,0,0,1,0,1,0,0,0,4.21522E+20,5.35107E+21,7.94163E+15,4.8308E+16
49126,8,4,35,16,2018,6,21,4,2,8,1,1,0,1,0,0,0,0,0,5.2987E+20,5.2818E+21,9.39804E+15,4.76889E+16
49127,8,2,31,0,2018,7,12,1,3,1,6,0,0,1,0,0,0,0,0,4.82425E+20,5.41773E+21,8.76014E+15,4.89122E+16
49128,8,4,16,11,2018,6,15,6,3,0,7,0,0,0,0,1,0,0,0,5.05291E+20,5.3683E+21,9.07158E+15,4.84678E+16
49129,8,3,17,141,2018,6,16,1,2,3,6,0,0,1,0,0,0,0,0,4.21804E+20,5.37687E+21,7.94062E+15,4.854E+16
49130,8,2,16,17,2018,6,7,4,3,2,6,0,0,1,0,0,0,0,0,4.49561E+20,5.40165E+21,8.31361E+15,4.87658E+16
49131,8,4,37,47,2018,6,18,7,3,2,6,0,0,1,0,1,0,0,0,5.20523E+20,5.33697E+21,9.27612E+15,4.81857E+16
49132,8,2,37,40,2018,7,15,1,3,3,3,0,0,1,0,1,0,0,0,4.77289E+20,5.36585E+21,8.6929E+15,4.84454E+16
49133,8,4,26,71,2018,6,18,6,2,8,1,0,0,1,0,0,0,0,0,5.661E+20,5.33373E+21,9.88876E+15,4.81534E+16
49134,8,3,17,57,2018,6,20,1,2,5,3,0,1,1,0,0,0,0,0,4.16932E+20,5.38238E+21,7.87352E+15,4.8589E+16
49135,8,2,15,17,2018,6,8,4,3,2,6,0,0,1,0,0,0,1,0,4.54013E+20,5.42192E+21,8.37191E+15,4.89485E+16
49136,8,1,11,0,2018,7,12,1,3,6,7,0,1,0,1,0,0,0,0,5.15731E+20,5.39901E+21,9.21398E+15,4.87439E+16
49137,8,3,15,74,2018,6,11,1,3,0,7,0,1,0,0,0,0,0,0,4.00889E+20,5.29452E+21,7.67654E+15,4.77964E+16
49138,8,2,16,17,2018,6,19,6,3,5,3,0,0,1,0,1,0,0,0,4.50878E+20,5.40129E+21,8.33157E+15,4.87627E+16
49139,8,3,36,105,2018,6,17,1,3,6,6,0,0,1,1,0,0,0,0,4.03397E+20,5.26661E+21,7.7162E+15,4.75457E+16
49140,8,1,25,5,2018,6,14,3,3,1,6,0,0,1,0,0,1,0,0,5.15872E+20,5.45247E+21,9.21799E+15,4.92248E+16
49141,8,1,11,0,2018,6,10,4,3,0,7,0,0,1,0,0,0,0,0,5.08066E+20,5.39716E+21,9.10968E+15,4.87274E+16
49142,8,3,26,74,2018,6,15,7,3,1,7,0,0,1,0,0,0,0,0,4.58465E+20,5.32392E+21,8.44247E+15,4.80672E+16
49143,8,1,15,46,2018,6,12,6,3,4,6,0,0,1,0,0,0,1,0,5.06014E+20,5.39015E+21,9.08167E+15,4.86644E+16
49144,8,2,26,103,2018,6,16,1,3,2,6,0,0,1,0,0,0,0,0,4.71853E+20,5.45914E+21,8.61296E+15,4.92844E+16
49145,8,1,11,0,2018,6,13,5,3,2,6,0,0,1,0,0,0,0,1,5.10055E+20,5.39518E+21,9.13667E+15,4.87095E+16
49146,8,1,27,47,2018,6,16,7,3,8,1,0,0,1,0,0,0,1,0,5.64179E+20,5.45708E+21,9.88212E+15,4.92631E+16
49147,8,2,12,0,2018,6,18,1,3,2,6,0,0,1,0,0,0,0,0,4.60119E+20,5.42822E+21,8.45468E+15,4.90056E+16
49148,8,4,26,21,2018,6,12,4,2,5,3,0,0,1,0,1,0,0,0,5.53988E+20,5.32532E+21,9.72485E+15,4.80789E+16
49149,8,2,16,13,2018,7,14,1,2,8,1,0,0,0,0,1,0,0,0,4.47458E+20,5.38932E+21,8.28656E+15,4.86548E+16
49150,8,4,35,54,2018,6,22,6,2,0,1,2,0,0,0,0,0,1,0,5.22475E+20,5.2822E+21,9.29951E+15,4.76928E+16
49151,8,2,37,74,2018,6,0,1,3,8,1,2,0,1,0,0,0,0,0,4.70829E+20,5.37067E+21,8.6052E+15,4.84885E+16
49152,8,1,36,19,2018,6,10,4,1,2,1,0,0,0,0,0,1,1,0,5.87311E+20,5.42832E+21,1.01938E+16,4.90016E+16
49153,8,4,35,57,2018,6,13,7,3,0,1,0,1,0,0,0,0,0,0,5.44104E+20,5.27971E+21,9.58749E+15,4.76693E+16
49154,8,1,18,47,2018,6,20,6,2,8,1,1,0,0,0,1,0,0,0,5.08776E+20,5.42725E+21,9.11997E+15,4.89981E+16
49155,8,2,37,4,2018,6,18,1,3,0,1,0,0,0,0,1,0,0,0,4.43396E+20,5.37889E+21,8.23284E+15,4.85605E+16
49156,8,3,25,53,2018,6,8,5,3,8,1,0,0,1,0,0,0,0,0,4.51143E+20,5.33713E+21,8.34268E+15,4.81855E+16
49157,8,1,25,5,2018,6,16,3,3,5,3,0,0,1,0,0,1,0,0,5.15712E+20,5.4554E+21,9.21591E+15,4.92512E+16
49158,8,4,17,57,2018,6,16,3,3,2,6,0,0,1,0,1,0,0,0,4.81018E+20,5.33823E+21,8.74455E+15,4.8197E+16
49159,8,3,17,57,2018,6,0,7,2,8,1,2,0,0,0,1,0,0,0,4.11999E+20,5.38143E+21,7.80685E+15,4.85798E+16
49160,8,3,17,31,2018,6,15,3,3,2,6,0,0,1,0,0,0,1,0,4.13871E+20,5.36051E+21,7.83653E+15,4.83919E+16
49161,8,4,36,64,2018,6,16,5,3,2,6,0,0,1,0,0,0,0,0,5.45827E+20,5.2926E+21,9.61181E+15,4.77852E+16
49162,8,2,37,4,2018,6,17,1,3,0,1,0,0,0,0,1,0,0,0,4.44912E+20,5.37787E+21,8.25351E+15,4.85515E+16
49163,8,1,18,79,2018,6,7,5,3,5,3,0,1,1,0,0,0,0,0,5.09433E+20,5.42149E+21,9.12883E+15,4.89463E+16
49164,8,3,17,89,2018,6,16,6,3,5,2,0,0,1,0,0,0,0,0,4.30407E+20,5.37801E+21,8.05696E+15,4.85513E+16
49165,8,2,31,0,2018,6,12,1,3,5,3,0,0,1,0,0,0,0,0,4.78508E+20,5.41581E+21,8.70677E+15,4.88949E+16
49166,8,1,25,5,2018,6,8,3,3,1,6,0,0,1,0,0,0,0,0,5.15682E+20,5.45534E+21,9.21549E+15,4.92506E+16
49167,8,4,35,16,2018,6,15,3,3,2,6,0,0,1,0,0,1,0,0,5.36783E+20,5.27947E+21,9.48996E+15,4.76676E+16
49168,8,3,17,100,2018,6,23,7,3,0,7,2,1,0,0,0,0,0,0,4.22953E+20,5.36607E+21,7.95818E+15,4.84431E+16
49169,8,3,36,81,2018,6,7,3,3,2,6,0,0,1,0,0,0,0,0,4.12487E+20,5.27805E+21,7.83468E+15,4.76499E+16
49170,8,1,11,0,2018,6,11,6,3,5,2,0,1,1,0,0,0,0,0,5.15961E+20,5.39882E+21,9.2171E+15,4.87422E+16
49171,8,2,36,28,2018,6,13,1,3,8,1,0,0,0,0,1,0,0,0,4.9379E+20,5.42689E+21,8.91511E+15,4.89949E+16
49172,8,1,21,0,2018,6,18,5,3,6,4,0,0,1,1,0,0,0,0,5.15793E+20,5.44207E+21,9.21649E+15,4.91312E+16
49173,8,1,27,52,2018,6,14,7,2,0,1,0,0,0,0,1,0,0,0,5.3875E+20,5.43471E+21,9.53046E+15,4.9064E+16
49174,8,2,26,85,2018,6,12,1,3,5,3,0,0,0,0,1,0,1,0,4.90924E+20,5.45409E+21,8.87532E+15,4.92395E+16
49175,8,3,37,62,2018,6,15,4,3,3,6,0,1,1,0,0,0,0,0,4.56469E+20,5.2789E+21,8.42022E+15,4.7662E+16
49176,8,1,36,21,2018,7,2,1,2,5,3,2,0,1,0,0,0,0,0,5.75565E+20,5.40808E+21,1.00294E+16,4.88211E+16
49177,8,3,27,2,2018,6,16,6,2,4,6,0,0,1,0,1,0,0,0,4.76386E+20,5.32584E+21,8.68292E+15,4.80854E+16
49178,8,2,22,0,2018,6,20,1,3,5,3,0,0,1,0,0,0,0,0,4.67495E+20,5.4822E+21,8.55116E+15,4.94916E+16
49179,8,1,25,66,2018,6,17,3,3,2,6,0,0,1,0,0,0,0,0,5.15774E+20,5.43202E+21,9.21583E+15,4.90409E+16
49180,8,1,19,86,2018,6,16,4,3,5,3,0,0,1,0,0,0,1,0,5.36849E+20,5.40618E+21,9.50186E+15,4.88075E+16
49181,8,4,15,61,2018,6,16,7,3,2,6,0,0,1,0,0,0,0,0,5.15952E+20,5.37269E+21,9.21597E+15,4.85072E+16
49182,8,1,27,14,2018,6,18,6,3,2,1,0,1,1,0,0,0,0,0,5.77988E+20,5.44354E+21,1.00693E+16,4.91398E+16
49183,8,1,15,45,2018,6,13,1,2,8,1,0,0,0,0,1,0,0,0,4.98822E+20,5.39478E+21,8.98398E+15,4.87061E+16
49184,8,3,17,40,2018,6,15,5,3,5,7,0,0,1,0,1,0,0,0,4.31316E+20,5.34832E+21,8.07415E+15,4.82843E+16
49185,8,1,21,0,2018,6,18,3,3,2,6,0,0,1,0,0,0,1,0,5.1552E+20,5.44267E+21,9.21277E+15,4.91367E+16
49186,8,2,26,102,2018,6,16,3,2,1,6,0,0,1,0,1,0,0,0,4.83654E+20,5.45327E+21,8.77547E+15,4.9232E+16
49187,8,2,26,38,2018,6,18,7,2,0,6,0,0,0,0,1,0,0,0,4.74288E+20,5.47899E+21,8.64517E+15,4.94631E+16
49188,8,2,15,17,2018,6,15,3,3,2,6,0,0,1,0,0,0,0,0,4.58036E+20,5.42402E+21,8.42664E+15,4.89677E+16
49189,8,4,26,21,2018,6,12,5,3,8,1,0,0,0,0,1,0,0,1,5.65886E+20,5.3246E+21,9.88447E+15,4.80713E+16
49190,8,1,36,19,2018,6,14,1,2,9,1,0,0,0,0,1,0,0,0,5.76363E+20,5.42512E+21,1.00435E+16,4.89743E+16
49191,8,1,16,72,2018,6,9,5,2,0,7,0,1,0,0,0,0,0,0,5.3051E+20,5.39346E+21,9.41459E+15,4.86934E+16
49192,8,4,36,9,2018,6,12,6,3,2,6,0,0,1,0,0,0,0,0,5.53669E+20,5.30469E+21,9.71799E+15,4.78933E+16
49193,8,1,28,115,2018,6,18,1,3,3,2,0,0,1,0,1,0,0,0,5.48406E+20,5.4966E+21,9.67017E+15,4.962E+16
49194,8,1,27,76,2018,6,3,1,3,9,1,2,0,1,0,0,0,0,0,5.61392E+20,5.43905E+21,9.84106E+15,4.91012E+16
49195,8,4,16,31,2018,6,17,4,3,2,6,0,0,1,0,0,0,0,0,5.03175E+20,5.36336E+21,9.04291E+15,4.84234E+16
49196,8,1,19,69,2018,7,15,1,3,4,1,0,0,1,0,1,0,0,0,5.32746E+20,5.43467E+21,9.44828E+15,4.9064E+16
49197,8,1,26,66,2018,6,12,1,3,3,6,0,0,1,0,0,0,0,0,5.3593E+20,5.45017E+21,9.49324E+15,4.92032E+16
49198,8,2,15,17,2018,6,22,6,1,4,6,2,0,1,0,0,0,1,0,4.5907E+20,5.42039E+21,8.44113E+15,4.89351E+16
49199,8,1,21,0,2018,6,16,1,3,1,6,0,0,1,0,0,0,0,0,5.16175E+20,5.44426E+21,9.22181E+15,4.9151E+16
49200,8,1,25,47,2018,6,10,3,3,2,2,0,0,1,0,0,1,0,0,4.94815E+20,5.44842E+21,8.92884E+15,4.91886E+16
49201,8,1,15,13,2018,6,15,7,3,0,1,0,1,0,0,0,0,0,0,4.93503E+20,5.39173E+21,8.91174E+15,4.86786E+16
49202,8,1,19,8,2018,6,0,1,3,5,3,2,0,1,0,0,0,0,0,5.30387E+20,5.4225E+21,9.41508E+15,4.89546E+16
49203,8,1,19,53,2018,6,13,1,3,5,2,0,1,1,0,0,0,0,0,5.33451E+20,5.42994E+21,9.45754E+15,4.90215E+16
49204,8,3,26,12,2018,6,15,4,3,5,3,0,0,1,0,0,0,0,0,4.56643E+20,5.31352E+21,8.41907E+15,4.79735E+16
49205,8,1,27,25,2018,7,15,1,2,8,1,0,0,0,0,1,0,0,0,5.57919E+20,5.42565E+21,9.79157E+15,4.8981E+16
49206,8,1,19,83,2018,6,19,1,2,0,1,0,1,0,0,0,0,0,0,5.34277E+20,5.41946E+21,9.46795E+15,4.89271E+16
49207,8,2,22,0,2018,6,12,6,3,2,7,0,0,1,0,0,1,1,0,4.62602E+20,5.48922E+21,8.48293E+15,4.95544E+16
49208,8,1,19,68,2018,6,6,1,2,8,1,2,0,0,0,1,0,0,0,5.26468E+20,5.41416E+21,9.361E+15,4.88799E+16
49209,8,1,19,20,2018,6,18,3,3,2,2,0,0,1,0,0,0,1,0,5.19549E+20,5.41119E+21,9.26649E+15,4.88534E+16
49210,8,1,18,48,2018,6,17,4,3,2,6,0,0,1,0,0,0,0,0,5.13338E+20,5.4153E+21,9.18195E+15,4.88905E+16
49211,8,3,35,63,2018,6,17,7,3,0,1,0,1,0,0,0,0,0,0,5.00635E+20,5.28781E+21,9.00847E+15,4.77436E+16
49212,8,1,25,5,2018,6,14,6,3,5,3,0,0,1,0,1,0,0,0,5.15673E+20,5.45418E+21,9.21532E+15,4.92402E+16
49213,8,1,17,51,2018,6,19,1,3,0,3,0,0,1,0,1,0,0,0,5.42499E+20,5.39268E+21,9.57743E+15,4.86857E+16
49214,8,2,12,0,2018,6,8,5,3,5,2,0,0,1,0,1,0,0,0,4.5517E+20,5.42825E+21,8.38702E+15,4.90055E+16
49215,8,1,19,68,2018,6,3,3,3,0,1,2,1,0,0,0,0,0,0,5.27958E+20,5.41423E+21,9.38132E+15,4.88804E+16
49216,8,2,36,71,2018,6,17,7,2,8,1,0,0,0,0,1,0,0,0,4.67906E+20,5.42268E+21,8.5616E+15,4.89562E+16
49217,8,2,37,40,2018,6,13,3,3,4,6,0,0,1,0,0,0,0,0,4.79315E+20,5.36899E+21,8.72013E+15,4.84737E+16
49218,8,3,16,17,2018,6,21,5,3,2,1,2,0,1,0,0,0,0,0,4.06883E+20,5.33787E+21,7.74715E+15,4.81873E+16
49219,8,1,17,28,2018,6,19,1,3,5,3,0,0,1,0,0,0,0,0,5.47705E+20,5.38232E+21,9.64695E+15,4.85922E+16
49220,8,1,15,3,2018,6,8,5,3,1,6,0,0,1,0,0,0,0,0,4.97848E+20,5.3928E+21,8.97075E+15,4.86883E+16
49221,8,3,11,0,2018,7,0,1,3,4,6,2,0,1,0,0,0,0,0,4.11666E+20,5.32379E+21,7.81441E+15,4.80613E+16
49222,8,2,31,0,2018,6,6,3,3,5,3,0,0,1,0,1,0,0,0,4.78146E+20,5.41105E+21,8.70209E+15,4.8852E+16
49223,8,4,35,36,2018,6,15,6,3,4,2,0,0,1,0,1,0,0,0,5.20509E+20,5.28244E+21,9.27332E+15,4.7695E+16
49224,8,2,35,50,2018,6,18,7,3,0,7,0,0,0,0,1,0,0,0,4.67932E+20,5.39344E+21,8.56423E+15,4.86932E+16
49225,8,2,15,102,2018,6,15,4,2,2,6,0,0,1,0,1,0,0,0,4.56501E+20,5.43523E+21,8.40446E+15,4.90684E+16