OBJECTID_1,ULAND,UREGBEZ,UKREIS,UGEMEINDE,UJAHR,UMONAT,USTUNDE,UWOCHENTAG,UKATEGORIE,UART,UTYP1,ULICHTVERH,IstRad,IstPKW,IstFuss,IstKrad,IstGkfz,IstSonstig,STRZUSTAND,LINREFX,LINREFY,XGCSWGS84,YGCSWGS84
49415,8,2,16,43,2018,7,15,2,3,5,3,0,1,1,0,0,0,0,0,4.40452E+20,5.41291E+21,8.18804E+15,4.88663E+16
49416,8,2,15,66,2018,7,20,4,3,8,1,1,0,1,0,0,0,0,0,4.62446E+20,5.44849E+21,8.48461E+15,4.9188E+16
49417,8,2,15,96,2018,7,13,1,2,2,6,0,1,1,0,0,0,0,0,4.62464E+20,5.4132E+21,8.48814E+15,4.88706E+16
49418,8,1,21,0,2018,7,20,3,3,6,2,0,0,1,1,0,0,0,0,5.16421E+20,5.44187E+21,9.22509E+15,4.91294E+16
49419,8,3,11,0,2018,7,6,2,3,9,1,0,0,0,0,1,0,0,0,4.14725E+20,5.31953E+21,7.85631E+15,4.80234E+16
49420,8,3,27,50,2018,7,8,5,3,4,1,0,0,1,0,0,1,0,1,4.8903E+20,5.31408E+21,8.853E+15,4.79799E+16
49421,8,2,16,33,2018,7,6,6,3,9,1,0,0,1,0,0,0,0,1,4.47317E+20,5.40987E+21,8.28202E+15,4.88396E+16
49422,8,2,25,39,2018,7,10,4,3,0,1,0,0,0,0,1,0,0,0,5.30725E+20,5.49434E+21,9.42521E+15,4.96008E+16
49423,8,3,17,34,2018,7,11,1,2,2,6,0,0,1,0,1,0,0,0,4.26446E+20,5.36132E+21,8.00624E+15,4.84008E+16
49424,8,1,18,78,2018,7,17,3,3,2,6,0,0,1,0,0,0,0,0,5.13477E+20,5.41994E+21,9.18401E+15,4.89322E+16
49425,8,4,17,2,2018,7,12,2,2,5,3,0,0,1,0,1,0,0,0,4.89044E+20,5.34557E+21,8.85237E+15,4.82633E+16
49426,8,3,36,50,2018,7,5,5,3,8,7,2,0,1,0,0,0,0,1,3.97971E+20,5.27613E+21,7.64189E+15,4.76306E+16
49427,8,2,31,0,2018,7,13,6,3,2,6,0,0,1,0,0,0,0,0,4.84611E+20,5.41392E+21,8.79012E+15,4.8878E+16
49428,8,1,18,46,2018,7,9,2,3,0,2,0,0,1,0,1,0,0,0,5.17289E+20,5.41249E+21,9.23574E+15,4.88652E+16
49429,8,1,16,58,2018,7,18,4,3,2,6,0,0,1,0,0,0,0,0,5.33869E+20,5.39516E+21,9.46038E+15,4.87085E+16
49430,8,3,26,3,2018,7,16,1,3,1,5,0,1,1,0,0,0,0,0,4.7074E+20,5.31344E+21,8.60796E+15,4.79736E+16
49431,8,1,18,76,2018,7,11,1,3,3,6,0,0,1,0,0,0,0,0,5.0246E+20,5.42596E+21,9.03362E+15,4.89866E+16
49432,8,4,37,100,2018,7,16,2,2,4,6,0,0,1,0,1,0,0,0,5.35983E+20,5.32145E+21,9.4828E+15,4.80453E+16
49433,8,1,25,65,2018,7,12,2,3,0,7,0,1,0,0,0,0,0,0,5.1796E+20,5.45066E+21,9.24657E+15,4.92084E+16
49434,8,1,21,0,2018,7,22,5,3,9,1,1,0,1,0,0,0,0,0,5.12463E+20,5.44301E+21,9.17088E+15,4.91398E+16
49435,8,2,26,106,2018,7,19,7,3,4,6,0,0,1,0,0,0,0,0,4.97837E+20,5.46348E+21,8.97023E+15,4.9324E+16
49436,8,1,18,63,2018,7,8,2,3,2,6,0,0,1,0,0,0,0,0,5.15379E+20,5.42235E+21,9.21007E+15,4.89539E+16
49437,8,3,36,81,2018,7,14,4,2,5,3,0,0,1,0,1,0,0,0,4.11072E+20,5.2772E+21,7.81603E+15,4.76421E+16
49438,8,4,17,57,2018,7,10,3,2,5,3,0,1,1,0,0,0,0,0,4.82193E+20,5.33907E+21,8.76034E+15,4.82046E+16
49439,8,1,36,9,2018,7,7,2,3,4,2,0,1,1,0,0,0,0,0,5.67631E+20,5.40765E+21,9.92131E+15,4.88181E+16
49440,8,1,17,28,2018,7,17,6,3,8,1,0,0,0,0,1,0,0,0,5.48164E+20,5.38652E+21,9.65366E+15,4.86299E+16
49441,8,4,36,64,2018,7,12,6,3,5,3,0,0,1,0,1,0,0,1,5.44494E+20,5.29045E+21,9.59379E+15,4.77659E+16
49442,8,1,15,42,2018,7,11,2,3,2,6,0,0,1,0,0,0,1,0,4.94661E+20,5.40612E+21,8.92729E+15,4.8808E+16
49443,8,2,12,0,2018,7,17,4,3,0,7,0,1,0,0,0,0,0,0,4.55631E+20,5.42703E+21,8.39345E+15,4.89946E+16
49444,8,2,35,8,2018,7,11,1,3,5,3,0,0,1,0,1,0,0,0,4.76417E+20,5.40129E+21,8.67909E+15,4.87641E+16
49445,8,1,19,8,2018,7,6,3,3,2,6,0,0,1,0,0,0,0,0,5.31892E+20,5.4213E+21,9.43553E+15,4.89438E+16
49446,8,2,15,99,2018,7,14,2,3,4,6,0,0,1,0,0,1,0,0,4.64077E+20,5.44883E+21,8.50698E+15,4.91912E+16
49447,8,3,17,85,2018,7,16,5,3,3,6,0,1,0,0,0,1,0,0,4.31924E+20,5.361E+21,8.08029E+15,4.83985E+16
49448,8,1,26,45,2018,7,11,6,3,2,6,0,0,1,0,0,1,0,0,5.48834E+20,5.47079E+21,9.6729E+15,4.93878E+16
49449,8,4,36,79,2018,7,1,7,3,4,1,2,0,1,0,0,0,0,1,5.53367E+20,5.29043E+21,9.71219E+15,4.7765E+16
49450,8,4,17,25,2018,7,15,2,2,4,2,0,0,1,0,0,0,1,0,4.87846E+20,5.35335E+21,8.83601E+15,4.83333E+16
49451,8,4,36,18,2018,7,5,1,3,0,1,0,1,0,0,0,0,0,0,5.53218E+20,5.28187E+21,9.70916E+15,4.7688E+16
49452,8,1,16,19,2018,7,6,5,3,3,6,0,0,0,0,1,1,0,0,5.22692E+20,5.39851E+21,9.30863E+15,4.87392E+16
49453,8,1,28,58,2018,7,22,7,3,2,6,2,0,1,0,0,0,0,0,5.6255E+20,5.48785E+21,9.86457E+15,4.954E+16
49454,8,1,35,25,2018,7,17,2,2,2,6,0,0,1,0,1,0,0,0,5.78932E+20,5.39742E+21,1.00733E+16,4.87248E+16
49455,8,3,15,15,2018,7,18,4,3,2,6,0,1,0,0,0,0,0,0,3.98785E+20,5.31373E+21,7.64395E+15,4.79688E+16
49456,8,1,15,45,2018,7,21,1,3,8,1,1,0,1,0,0,0,0,0,4.95367E+20,5.39619E+21,8.93701E+15,4.87188E+16
49457,8,4,15,62,2018,7,16,2,3,5,3,0,1,1,0,0,0,0,0,5.19921E+20,5.378E+21,9.26995E+15,4.85548E+16
49458,8,1,17,51,2018,7,15,2,3,2,6,0,0,1,0,0,0,1,0,5.42298E+20,5.39466E+21,9.5749E+15,4.87036E+16
49459,8,1,18,81,2018,7,16,5,3,5,3,0,0,1,0,0,0,0,1,5.17657E+20,5.41247E+21,9.24075E+15,4.8865E+16
49460,8,2,12,0,2018,7,16,7,2,8,1,0,0,0,0,1,0,0,0,4.57911E+20,5.43335E+21,8.42397E+15,4.90516E+16
49461,8,4,25,72,2018,7,11,2,3,5,3,0,1,1,0,0,0,0,0,5.8287E+20,5.37251E+21,1.01218E+16,4.85003E+16
49462,8,3,25,45,2018,7,18,4,3,4,6,0,0,1,0,0,0,0,0,4.65864E+20,5.34737E+21,8.53991E+15,4.82786E+16
49463,8,3,15,15,2018,7,17,3,3,1,6,0,0,1,0,0,0,0,0,3.99763E+20,5.31365E+21,7.65707E+15,4.79683E+16
49464,8,4,35,66,2018,7,20,2,3,0,1,0,1,0,0,0,0,0,0,5.17872E+20,5.28451E+21,9.23827E+15,4.77138E+16
49465,8,1,11,0,2018,7,21,6,3,5,3,2,0,0,0,1,0,0,0,5.12985E+20,5.40646E+21,9.17687E+15,4.8811E+16
49466,8,3,37,39,2018,7,18,6,2,8,1,0,0,0,0,1,0,0,0,4.42454E+20,5.2887E+21,8.23227E+15,4.77491E+16
49467,8,1,28,82,2018,7,22,2,3,7,7,2,0,0,0,1,0,0,0,5.63218E+20,5.47057E+21,9.87105E+15,4.93846E+16
49468,8,1,16,47,2018,7,18,4,3,2,6,0,0,1,0,0,0,0,0,5.20992E+20,5.39348E+21,9.28526E+15,4.8694E+16
49469,8,2,16,17,2018,7,16,1,3,5,3,0,0,1,0,0,0,0,0,4.50833E+20,5.40197E+21,8.33088E+15,4.87688E+16
49470,8,1,16,58,2018,7,10,3,2,4,7,0,0,1,0,1,0,0,0,5.34504E+20,5.39745E+21,9.4692E+15,4.87291E+16
49471,8,2,21,0,2018,7,7,2,3,1,6,0,0,1,0,0,0,0,0,4.74371E+20,5.47346E+21,8.64667E+15,4.94133E+16
49472,8,3,15,108,2018,7,11,5,3,5,3,0,0,1,0,0,0,0,1,4.04275E+20,5.30326E+21,7.71981E+15,4.78756E+16
49473,8,1,25,56,2018,7,20,6,3,2,2,1,0,1,0,0,0,0,0,5.10719E+20,5.43692E+21,9.14679E+15,4.90851E+16
49474,8,4,25,108,2018,7,15,7,3,8,1,0,0,0,0,1,0,0,0,5.43344E+20,5.35973E+21,9.58548E+15,4.83893E+16
49475,8,3,16,37,2018,7,9,2,3,2,6,0,0,1,0,0,0,0,0,4.05399E+20,5.33632E+21,7.72754E+15,4.81731E+16
49476,8,4,17,8,2018,7,10,1,3,5,3,0,1,1,0,0,0,0,0,4.93491E+20,5.35184E+21,8.9122E+15,4.83198E+16
49477,8,1,11,0,2018,7,20,5,3,9,1,1,0,1,0,0,0,0,0,5.07737E+20,5.39851E+21,9.10523E+15,4.87395E+16
49478,8,1,25,8,2018,7,10,7,3,8,1,0,0,0,0,1,0,0,0,5.27474E+20,5.43589E+21,9.37619E+15,4.90752E+16
49479,8,1,28,131,2018,7,14,2,1,8,1,0,0,1,0,0,0,0,0,5.40776E+20,5.51321E+21,9.56627E+15,4.977E+16
49480,8,2,12,0,2018,7,19,4,3,3,6,0,0,1,0,0,1,0,0,4.59113E+20,5.42725E+21,8.44103E+15,4.89968E+16
49481,8,3,37,96,2018,7,18,1,3,5,2,0,0,1,0,0,0,0,0,4.23603E+20,5.26772E+21,7.98449E+15,4.75584E+16
49482,8,2,21,0,2018,7,14,3,2,3,6,0,1,0,0,0,0,1,0,4.77688E+20,5.47293E+21,8.69243E+15,4.94086E+16
49483,8,3,35,75,2018,7,16,2,3,2,6,0,0,1,0,0,0,0,0,4.87402E+20,5.29013E+21,8.83189E+15,4.77645E+16
49484,8,4,35,13,2018,7,19,5,3,5,3,1,0,1,0,1,1,0,0,5.39645E+20,5.27567E+21,9.52774E+15,4.76332E+16
49485,8,2,15,17,2018,7,16,6,3,2,6,0,0,1,0,0,0,0,0,4.54303E+20,5.42233E+21,8.37582E+15,4.89522E+16
49486,8,1,28,131,2018,7,9,2,1,5,3,0,1,1,0,0,0,0,0,5.37495E+20,5.51211E+21,9.5206E+15,4.97603E+16
49487,8,1,19,91,2018,7,13,4,3,5,2,0,0,1,0,0,0,1,1,5.25728E+20,5.40574E+21,9.35038E+15,4.88042E+16
49488,8,1,35,26,2018,7,16,1,3,3,6,0,0,1,0,0,0,0,0,5.89415E+20,5.3944E+21,1.02151E+16,4.86962E+16
49489,8,1,11,0,2018,7,8,3,3,5,3,0,1,1,0,0,0,0,0,5.1953E+20,5.40111E+21,9.26575E+15,4.87627E+16
49490,8,4,16,41,2018,7,19,1,3,4,1,0,1,0,0,0,0,0,0,5.05414E+20,5.37733E+21,9.07335E+15,4.8549E+16
49491,8,2,36,46,2018,7,7,3,3,2,6,0,0,1,0,0,1,0,0,4.82896E+20,5.41792E+21,8.76655E+15,4.8914E+16
49492,8,3,37,126,2018,7,10,2,3,4,1,0,0,1,0,0,0,0,0,4.40437E+20,5.27471E+21,8.20728E+15,4.76231E+16
49493,8,3,37,128,2018,7,14,5,2,9,1,0,0,0,0,0,0,1,1,4.50486E+20,5.28893E+21,8.33939E+15,4.77518E+16
49494,8,3,26,75,2018,7,12,6,2,6,4,0,0,1,1,0,0,0,0,4.60445E+20,5.31758E+21,8.46963E+15,4.80103E+16
49495,8,1,27,14,2018,7,8,2,3,0,1,0,1,0,0,0,0,0,0,5.78585E+20,5.44535E+21,1.00778E+16,4.9156E+16
49496,8,1,26,66,2018,7,22,4,3,7,7,2,0,0,0,1,0,0,0,5.38982E+20,5.45293E+21,9.53541E+15,4.92279E+16
49497,8,3,17,141,2018,7,20,1,3,8,7,1,0,1,0,0,0,0,0,4.17637E+20,5.37779E+21,7.884E+15,4.85478E+16
49498,8,1,11,0,2018,7,12,3,3,6,4,0,0,1,1,0,0,0,0,5.10455E+20,5.40027E+21,9.14224E+15,4.87554E+16
49499,8,2,15,90,2018,7,16,2,3,6,4,0,0,1,1,0,0,0,0,4.65782E+20,5.43326E+21,8.5317E+15,4.90512E+16
49500,8,2,35,29,2018,7,19,5,3,8,1,0,0,1,0,0,0,0,1,4.84753E+20,5.39121E+21,8.79289E+15,4.86737E+16
49501,8,3,25,72,2018,7,2,1,3,8,1,2,0,1,0,0,0,0,0,4.69821E+20,5.32662E+21,8.59472E+15,4.80921E+16
49502,8,3,36,69,2018,7,9,7,3,5,3,0,0,1,0,1,0,0,0,4.09541E+20,5.27195E+21,7.79672E+15,4.75946E+16
49503,8,2,12,0,2018,7,7,2,3,5,3,0,0,1,0,1,0,0,0,4.60879E+20,5.43069E+21,8.46484E+15,4.90279E+16
49504,8,4,36,64,2018,7,12,4,3,8,1,0,0,0,0,1,0,0,0,5.45605E+20,5.28549E+21,9.6081E+15,4.77212E+16
49505,8,1,19,53,2018,7,22,7,2,8,1,1,0,0,0,1,0,0,0,5.35189E+20,5.42754E+21,9.48109E+15,4.89997E+16
49506,8,1,27,14,2018,7,15,2,3,2,6,0,1,0,0,0,0,0,0,5.78411E+20,5.44278E+21,1.00749E+16,4.91328E+16
49507,8,2,36,70,2018,7,14,4,3,4,1,0,0,1,0,0,0,0,0,4.72638E+20,5.41559E+21,8.62671E+15,4.88927E+16
49508,8,3,35,100,2018,7,7,1,3,9,1,0,0,1,0,0,0,0,0,4.85923E+20,5.28784E+21,8.81222E+15,4.77438E+16
49509,8,3,17,89,2018,7,12,3,3,5,2,0,1,1,0,0,0,0,0,4.31541E+20,5.37596E+21,8.07267E+15,4.8533E+16
49510,8,3,27,18,2018,7,18,2,3,4,6,0,0,1,0,1,0,0,0,4.75265E+20,5.30517E+21,8.66906E+15,4.78993E+16
49511,8,4,16,41,2018,7,15,5,3,5,2,0,0,1,0,0,0,0,0,5.05795E+20,5.37542E+21,9.0785E+15,4.85318E+16
49512,8,2,35,46,2018,7,16,6,3,6,4,0,0,0,1,1,0,0,0,4.79436E+20,5.37141E+21,8.72165E+15,4.84955E+16
49513,8,1,27,76,2018,7,3,2,3,5,3,1,0,1,0,0,0,0,0,5.52755E+20,5.43683E+21,9.72245E+15,4.9082E+16
49514,8,1,15,45,2018,7,17,4,3,2,1,0,0,1,0,0,0,0,0,5.00298E+20,5.39432E+21,9.00405E+15,4.87019E+16
49515,8,3,25,69,2018,7,19,1,3,0,6,0,0,1,0,1,0,0,0,4.68474E+20,5.33612E+21,8.57592E+15,4.81776E+16
49516,8,1,19,69,2018,7,12,1,2,8,6,0,0,0,0,1,0,1,0,5.33414E+20,5.43402E+21,9.45737E+15,4.90581E+16
49517,8,4,36,55,2018,7,10,2,2,1,5,0,0,1,0,0,1,0,0,5.75559E+20,5.30159E+21,1.00102E+16,4.78632E+16
49518,8,1,36,82,2018,7,17,2,3,8,1,0,0,1,0,0,0,0,0,5.85605E+20,5.41524E+21,1.01677E+16,4.88842E+16
49519,8,1,27,101,2018,7,17,5,3,0,1,0,0,0,0,1,1,0,0,5.86315E+20,5.44138E+21,1.01829E+16,4.91192E+16
49520,8,2,37,4,2018,7,12,7,2,0,1,0,1,0,0,0,0,0,0,4.51937E+20,5.37379E+21,8.34917E+15,4.85154E+16
49521,8,2,15,109,2018,7,17,2,3,2,6,0,0,1,0,0,0,0,0,4.63386E+20,5.43959E+21,8.49833E+15,4.9108E+16
49522,8,4,15,27,2018,7,10,4,2,3,2,0,0,1,0,1,0,0,0,5.30172E+20,5.36115E+21,9.40766E+15,4.84027E+16
49523,8,4,25,71,2018,7,17,4,3,5,3,0,0,1,0,0,0,1,0,5.51487E+20,5.37118E+21,9.69686E+15,4.84916E+16
49524,8,1,15,45,2018,7,17,2,3,2,6,0,0,1,0,0,0,0,0,5.04239E+20,5.39638E+21,9.05763E+15,4.87205E+16
49525,8,1,11,0,2018,7,17,5,3,2,6,0,0,1,0,0,0,0,1,5.07805E+20,5.3953E+21,9.1061E+15,4.87107E+16
49526,8,3,17,96,2018,7,13,7,3,5,3,0,1,1,0,0,0,0,0,4.22052E+20,5.36973E+21,7.94531E+15,4.84759E+16
49527,8,2,22,0,2018,7,10,2,3,2,6,0,0,1,0,0,0,0,0,4.60929E+20,5.48267E+21,8.46046E+15,4.94954E+16
49528,8,4,26,11,2018,7,13,4,3,3,6,0,0,1,0,1,0,0,0,5.50385E+20,5.33012E+21,9.67704E+15,4.81224E+16
49529,8,1,19,79,2018,7,13,6,3,5,2,0,0,1,0,0,0,0,0,5.23896E+20,5.41155E+21,9.32577E+15,4.88564E+16
49530,8,1,16,36,2018,7,12,7,2,5,3,0,0,1,0,0,0,0,0,5.2448E+20,5.37839E+21,9.33177E+15,4.85581E+16
49531,8,1,27,100,2018,7,12,2,2,4,1,0,0,1,0,0,0,0,0,5.53277E+20,5.43446E+21,9.7293E+15,4.90607E+16
49532,8,2,21,0,2018,7,18,4,3,2,6,0,0,1,0,0,0,0,0,4.76549E+20,5.47194E+21,8.67679E+15,4.93997E+16
49533,8,3,15,113,2018,7,4,1,2,8,1,2,0,1,0,0,0,0,0,4.38143E+20,5.30754E+21,8.17207E+15,4.79182E+16
49534,8,1,36,38,2018,7,20,3,3,0,1,1,0,0,0,1,0,0,0,5.91078E+20,5.41445E+21,1.02422E+16,4.88763E+16
49535,8,3,17,65,2018,7,16,2,3,0,7,0,1,0,1,0,0,0,0,4.16242E+20,5.35446E+21,7.86976E+15,4.83378E+16
49536,8,3,35,75,2018,7,18,5,3,0,1,0,1,0,0,0,0,0,0,4.88329E+20,5.28999E+21,8.84426E+15,4.77632E+16
49537,8,2,26,29,2018,7,18,6,2,8,1,0,0,0,0,1,0,0,0,4.8433E+20,5.48396E+21,8.78355E+15,4.9508E+16
49538,8,1,26,46,2018,7,6,2,3,4,6,0,0,1,0,1,0,0,0,5.5269E+20,5.45775E+21,9.7243E+15,4.92702E+16
49539,8,1,11,0,2018,7,5,4,3,5,2,1,1,0,0,1,0,0,0,5.17915E+20,5.40387E+21,9.24389E+15,4.87876E+16
49540,8,1,16,18,2018,7,15,1,3,5,3,0,0,1,0,0,0,0,0,5.30714E+20,5.37613E+21,9.41608E+15,4.85376E+16
49541,8,4,25,20,2018,7,14,2,3,4,6,0,0,1,0,0,1,0,0,5.57558E+20,5.36273E+21,9.77786E+15,4.84151E+16
49542,8,1,25,26,2018,7,14,2,3,2,6,0,0,1,0,0,0,0,0,4.91763E+20,5.44223E+21,8.88709E+15,4.91329E+16
49543,8,1,19,67,2018,7,17,5,3,2,6,0,0,1,0,0,0,0,0,5.38562E+20,5.40683E+21,9.52525E+15,4.88132E+16
49544,8,2,26,3,2018,7,14,7,2,5,3,0,0,1,0,1,0,0,0,4.65492E+20,5.45907E+21,8.52551E+15,4.92834E+16
49545,8,1,25,63,2018,7,13,2,2,4,6,0,0,1,0,0,0,1,0,5.27404E+20,5.46105E+21,9.37694E+15,4.93016E+16
49546,8,3,35,63,2018,7,14,4,3,5,2,0,1,1,0,0,0,0,0,4.96847E+20,5.28785E+21,8.95794E+15,4.7744E+16
49547,8,3,17,1,2018,7,17,3,3,3,6,0,0,0,0,1,0,1,0,4.31479E+20,5.38389E+21,8.07052E+15,4.86043E+16
49548,8,2,37,45,2018,7,14,2,3,8,1,0,1,0,0,0,0,0,0,4.61001E+20,5.36041E+21,8.47316E+15,4.83957E+16
49549,8,4,25,71,2018,7,8,6,2,8,1,0,0,0,0,1,0,0,1,5.52166E+20,5.37538E+21,9.70658E+15,4.85293E+16
49550,8,4,21,0,2018,7,14,6,2,4,6,0,0,1,0,0,0,0,0,5.73332E+20,5.35774E+21,9.99013E+15,4.83685E+16
49551,8,1,25,5,2018,7,7,2,3,5,3,0,0,1,0,0,0,0,0,5.1611E+20,5.45165E+21,9.22122E+15,4.92174E+16
49552,8,3,17,57,2018,7,17,4,3,2,6,0,0,1,0,0,0,0,0,4.13354E+20,5.38156E+21,7.82519E+15,4.85812E+16
49553,8,2,31,0,2018,7,18,1,2,3,2,0,0,1,0,1,0,0,0,4.80378E+20,5.41196E+21,8.73248E+15,4.88603E+16
49554,8,1,18,48,2018,7,10,3,3,1,6,0,0,1,0,0,0,0,0,5.14962E+20,5.41519E+21,9.2041E+15,4.88894E+16
49555,8,2,26,96,2018,7,12,2,3,5,3,0,0,1,0,0,0,0,0,4.74586E+20,5.48945E+21,8.64861E+15,4.95571E+16
49556,8,3,17,5,2018,7,12,5,2,5,2,0,0,1,0,0,1,1,0,4.24234E+20,5.37582E+21,7.97373E+15,4.85309E+16
49557,8,3,35,79,2018,7,15,3,2,5,3,0,1,1,0,0,0,0,0,5.00788E+20,5.29967E+21,9.01053E+15,4.78504E+16
49558,8,3,37,106,2018,7,10,2,3,4,6,0,0,1,0,1,0,0,0,4.53015E+20,5.29054E+21,8.37296E+15,4.77665E+16
49559,8,1,18,67,2018,7,10,6,3,4,6,0,0,1,0,1,1,0,0,5.07197E+20,5.41361E+21,9.09815E+15,4.88754E+16
49560,8,4,37,123,2018,7,13,6,3,8,1,0,0,1,0,0,0,0,1,5.05758E+20,5.31062E+21,9.07712E+15,4.79489E+16
49561,8,1,25,86,2018,7,18,2,3,4,2,0,0,1,0,0,0,0,0,5.04174E+20,5.44378E+21,9.05724E+15,4.91469E+16
49562,8,2,15,59,2018,7,17,4,2,9,7,0,0,1,0,0,0,0,0,4.83593E+20,5.43607E+21,8.77533E+15,4.90773E+16
49563,8,2,12,0,2018,7,3,1,3,2,6,2,0,1,0,0,1,0,0,4.60926E+20,5.42931E+21,8.46561E+15,4.90154E+16
49564,8,1,21,0,2018,7,10,3,3,2,6,0,0,1,0,0,0,0,0,5.16291E+20,5.44153E+21,9.22329E+15,4.91264E+16
49565,8,2,26,98,2018,7,7,2,3,2,6,0,0,1,0,0,0,0,0,4.77316E+20,5.45808E+21,8.68815E+15,4.92751E+16
49566,8,3,26,74,2018,7,17,5,3,5,3,0,0,1,0,0,0,0,0,4.65748E+20,5.32521E+21,8.54013E+15,4.80792E+16
49567,8,1,26,11,2018,7,5,6,3,3,1,1,0,1,0,0,1,0,1,5.3298E+20,5.44952E+21,9.4527E+15,4.91976E+16
49568,8,1,15,50,2018,7,13,1,3,5,3,0,0,1,0,1,0,0,0,4.90683E+20,5.40062E+21,8.87323E+15,4.87585E+16
49569,8,3,37,126,2018,7,11,2,3,2,6,0,0,1,0,0,0,0,0,4.41995E+20,5.27356E+21,8.22815E+15,4.76129E+16
49570,8,1,15,50,2018,7,12,2,3,2,6,0,0,1,0,0,0,0,0,4.90354E+20,5.40012E+21,8.86877E+15,4.8754E+16
49571,8,1,18,80,2018,7,20,5,3,8,1,0,0,0,0,1,0,0,1,5.06505E+20,5.4102E+21,9.08866E+15,4.88448E+16
49572,8,1,15,28,2018,7,11,7,3,2,6,0,0,1,0,0,0,0,0,5.01082E+20,5.40303E+21,9.01473E+15,4.87803E+16
49573,8,1,21,0,2018,7,15,2,3,2,6,0,0,1,0,0,0,0,0,5.11993E+20,5.44304E+21,9.16443E+15,4.91401E+16
49574,8,3,17,65,2018,7,7,4,3,3,7,0,0,1,0,0,0,0,0,4.10906E+20,5.35715E+21,7.7972E+15,4.83612E+16
49575,8,2,37,19,2018,7,13,3,3,4,1,0,0,1,0,0,0,0,0,4.64516E+20,5.3686E+21,8.51994E+15,4.84696E+16
49576,8,4,37,118,2018,7,9,2,3,5,3,0,0,1,0,1,0,0,0,5.13303E+20,5.30773E+21,9.17807E+15,4.79227E+16
49577,8,1,11,0,2018,7,8,6,3,5,3,0,1,1,0,0,0,0,1,5.10452E+20,5.40027E+21,9.14221E+15,4.87554E+16
49578,8,3,35,63,2018,7,22,6,1,5,3,2,0,1,0,0,0,0,0,4.96573E+20,5.28816E+21,8.95428E+15,4.77468E+16
49579,8,1,19,85,2018,7,7,2,3,5,3,0,0,1,0,0,0,0,0,5.29405E+20,5.41411E+21,9.40106E+15,4.88792E+16
49580,8,1,35,16,2018,7,12,4,3,5,3,0,1,1,0,0,0,0,0,5.91723E+20,5.38624E+21,1.02447E+16,4.86225E+16
49581,8,1,11,0,2018,7,13,4,3,5,3,0,0,1,0,1,0,0,1,5.10543E+20,5.40908E+21,9.14366E+15,4.88346E+16
49582,8,1,16,35,2018,7,11,4,3,0,6,0,0,1,0,0,0,1,0,5.26183E+20,5.39111E+21,9.35565E+15,4.86725E+16
49583,8,2,16,13,2018,7,14,1,2,0,1,0,0,0,0,1,0,0,0,4.5058E+20,5.39478E+21,8.3283E+15,4.87041E+16
49584,8,1,15,45,2018,7,19,3,3,5,2,0,1,1,0,0,0,0,0,5.02318E+20,5.3949E+21,9.0315E+15,4.87071E+16
49585,8,2,21,0,2018,7,16,2,3,5,3,0,1,0,0,0,0,0,0,4.79608E+20,5.47361E+21,8.71886E+15,4.94148E+16
49586,8,3,36,91,2018,7,11,5,2,6,2,0,0,1,1,0,0,0,1,3.94567E+20,5.27175E+21,7.59765E+15,4.75905E+16
49587,8,4,15,59,2018,7,14,7,3,2,6,0,0,1,0,0,0,0,0,5.17425E+20,5.36641E+21,9.23565E+15,4.84506E+16
49588,8,3,36,78,2018,7,14,2,2,4,6,0,1,0,0,1,0,0,0,4.02352E+20,5.29248E+21,7.69653E+15,4.77783E+16
49589,8,4,17,79,2018,7,14,1,3,0,1,0,1,0,0,0,0,0,0,5.02614E+20,5.33986E+21,9.03519E+15,4.8212E+16
49590,8,4,36,10,2018,7,16,4,3,5,3,0,0,1,0,0,0,0,0,5.67092E+20,5.30557E+21,9.89768E+15,4.79E+16
49591,8,1,25,46,2018,7,6,6,3,5,3,1,0,1,0,0,0,1,1,5.19827E+20,5.4339E+21,9.27138E+15,4.90577E+16
49592,8,4,36,55,2018,7,14,7,3,5,2,0,0,1,0,0,0,1,0,5.75499E+20,5.29501E+21,1.00083E+16,4.7804E+16
49593,8,3,17,113,2018,7,14,2,3,8,7,0,0,1,0,0,0,0,0,4.0793E+20,5.3448E+21,7.75974E+15,4.82498E+16
49594,8,4,36,55,2018,7,12,1,3,5,3,0,0,1,0,1,0,0,0,5.7654E+20,5.29726E+21,1.00226E+16,4.78242E+16
49595,8,1,15,28,2018,7,14,5,3,2,6,0,0,1,0,0,0,0,1,5.01079E+20,5.40504E+21,9.01469E+15,4.87983E+16
49596,8,1,28,126,2018,7,7,7,3,8,1,0,0,1,0,0,0,0,0,5.64637E+20,5.48067E+21,9.89224E+15,4.94752E+16
49597,8,1,19,20,2018,7,7,2,2,5,3,0,0,1,0,1,0,0,0,5.18598E+20,5.40825E+21,9.2534E+15,4.8827E+16
49598,8,3,11,0,2018,7,14,4,3,0,1,0,1,0,0,0,0,0,0,4.14603E+20,5.31782E+21,7.85502E+15,4.80079E+16
49599,8,3,25,72,2018,7,19,1,3,9,1,0,0,1,0,0,0,0,0,4.68245E+20,5.33068E+21,8.57325E+15,4.81286E+16
49600,8,2,22,0,2018,7,17,3,3,2,6,0,0,1,0,0,0,0,0,4.64046E+20,5.48019E+21,8.50372E+15,4.94733E+16
49601,8,3,36,69,2018,7,15,2,3,0,1,0,0,0,0,1,0,0,0,4.06108E+20,5.27379E+21,7.75068E+15,4.76107E+16
49602,8,3,37,49,2018,7,20,5,3,0,7,0,0,1,0,0,0,0,0,4.25336E+20,5.27659E+21,8.006E+15,4.76384E+16