OBJECTID_1,ULAND,UREGBEZ,UKREIS,UGEMEINDE,UJAHR,UMONAT,USTUNDE,UWOCHENTAG,UKATEGORIE,UART,UTYP1,ULICHTVERH,IstRad,IstPKW,IstFuss,IstKrad,IstGkfz,IstSonstig,STRZUSTAND,LINREFX,LINREFY,XGCSWGS84,YGCSWGS84
49603,8,3,15,15,2018,7,13,6,2,5,3,0,0,1,0,1,0,0,0,3.98827E+20,5.31517E+21,7.64417E+15,4.79818E+16
49604,8,1,18,12,2018,7,18,2,2,8,7,0,0,0,0,1,0,0,0,4.98057E+20,5.41437E+21,8.9735E+15,4.88823E+16
49605,8,2,25,74,2018,7,11,4,2,4,2,0,1,1,0,0,0,0,0,5.06902E+20,5.46658E+21,9.09504E+15,4.93519E+16
49606,8,1,11,0,2018,7,16,4,3,2,6,0,0,1,0,0,0,0,0,5.10208E+20,5.40884E+21,9.1391E+15,4.88324E+16
49607,8,1,36,7,2018,7,11,1,3,5,3,0,0,1,0,0,0,0,0,5.72734E+20,5.40046E+21,9.98954E+15,4.87529E+16
49608,8,1,11,0,2018,7,17,3,2,2,2,0,0,1,0,1,0,0,0,5.11478E+20,5.41054E+21,9.15645E+15,4.88477E+16
49609,8,3,17,57,2018,7,15,2,3,3,6,0,0,0,0,1,0,1,0,4.14745E+20,5.37511E+21,7.84537E+15,4.85233E+16
49610,8,2,36,40,2018,7,17,5,3,3,6,0,0,1,0,1,0,0,1,4.89811E+20,5.42321E+21,8.86081E+15,4.89617E+16
49611,8,3,25,69,2018,7,18,1,3,5,3,0,0,1,0,0,0,0,0,4.68481E+20,5.33612E+21,8.57602E+15,4.81775E+16
49612,8,3,26,74,2018,7,13,7,3,5,3,0,0,1,0,0,0,0,0,4.59127E+20,5.32314E+21,8.45143E+15,4.80602E+16
49613,8,2,25,60,2018,7,0,2,3,8,7,2,0,1,0,0,0,0,0,5.15009E+20,5.4842E+21,9.20733E+15,4.95103E+16
49614,8,4,35,59,2018,7,16,4,2,9,1,0,0,0,0,1,0,0,0,5.14477E+20,5.29407E+21,9.19332E+15,4.77998E+16
49615,8,1,19,67,2018,7,17,7,2,4,1,0,0,1,0,1,0,0,0,5.42535E+20,5.39975E+21,9.57864E+15,4.87493E+16
49616,8,1,18,67,2018,7,17,2,3,2,6,0,0,1,0,1,0,0,0,5.06169E+20,5.41418E+21,9.08414E+15,4.88806E+16
49617,8,2,26,22,2018,7,16,4,3,5,3,0,0,1,0,1,0,0,0,4.81331E+20,5.46774E+21,8.74289E+15,4.93621E+16
49618,8,3,35,98,2018,7,15,3,3,2,6,0,0,1,0,0,0,0,0,5.02066E+20,5.29843E+21,9.02762E+15,4.78392E+16
49619,8,3,17,96,2018,7,12,1,2,5,1,0,0,1,0,0,0,0,0,4.22731E+20,5.3661E+21,7.95518E+15,4.84433E+16
49620,8,1,15,3,2018,7,9,3,3,2,6,0,0,1,0,0,1,0,0,4.97644E+20,5.392E+21,8.96799E+15,4.86811E+16
49621,8,3,25,70,2018,7,18,2,3,9,1,0,0,1,0,0,0,0,0,4.60495E+20,5.3481E+21,8.46746E+15,4.82849E+16
49622,8,4,15,59,2018,7,12,5,3,5,3,0,0,1,0,0,0,0,0,5.15871E+20,5.36498E+21,9.21458E+15,4.84377E+16
49623,8,2,36,76,2018,7,16,6,3,4,2,0,0,1,0,0,0,0,0,4.74313E+20,5.4234E+21,8.64907E+15,4.8963E+16
49624,8,1,18,48,2018,7,18,2,3,4,2,0,0,1,0,0,0,0,0,5.12546E+20,5.41696E+21,9.1712E+15,4.89055E+16
49625,8,1,25,58,2018,7,11,7,3,2,6,0,0,1,0,0,0,0,0,5.10511E+20,5.44324E+21,9.14411E+15,4.91419E+16
49626,8,1,18,48,2018,7,19,2,3,4,2,0,1,1,0,0,0,0,0,5.16E+20,5.41715E+21,9.21834E+15,4.89071E+16
49627,8,2,15,66,2018,7,18,4,2,1,2,0,0,1,0,1,0,0,0,4.59111E+20,5.45054E+21,8.43864E+15,4.92063E+16
49628,8,3,36,107,2018,7,19,1,2,9,1,0,0,0,0,1,0,0,0,4.09798E+20,5.28603E+21,7.79724E+15,4.77214E+16
49629,8,2,12,0,2018,7,18,3,3,5,2,0,0,1,0,1,0,0,0,4.56442E+20,5.42387E+21,8.40489E+15,4.89662E+16
49630,8,3,35,26,2018,7,16,2,3,0,1,0,1,0,0,0,0,0,0,4.81433E+20,5.28275E+21,8.75254E+15,4.76979E+16
49631,8,4,21,0,2018,7,12,5,3,2,6,0,0,1,0,0,0,0,1,5.72362E+20,5.36129E+21,9.97766E+15,4.84006E+16
49632,8,2,15,39,2018,7,12,6,3,2,6,0,0,1,0,0,0,0,0,4.71148E+20,5.45245E+21,8.60376E+15,4.92242E+16
49633,8,1,18,7,2018,7,16,2,3,0,7,0,0,1,0,1,0,0,0,5.14998E+20,5.4287E+21,9.2051E+15,4.9011E+16
49634,8,1,18,49,2018,7,9,4,3,1,7,0,0,1,0,0,0,0,0,5.1979E+20,5.42129E+21,9.27026E+15,4.89442E+16
49635,8,3,35,100,2018,7,8,3,3,5,3,0,0,1,0,0,0,0,0,4.88478E+20,5.28592E+21,8.84635E+15,4.77265E+16
49636,8,1,27,25,2018,7,14,1,3,5,3,0,1,1,0,0,0,0,0,5.56973E+20,5.42551E+21,9.77862E+15,4.89799E+16
49637,8,2,37,19,2018,7,12,2,3,4,2,0,0,1,0,0,0,0,0,4.62487E+20,5.37061E+21,8.49231E+15,4.84875E+16
49638,8,1,15,13,2018,7,8,2,3,2,6,0,0,1,0,0,0,0,0,4.9503E+20,5.38763E+21,8.93254E+15,4.86417E+16
49639,8,1,28,115,2018,7,18,5,3,2,1,0,0,1,0,0,0,1,1,5.48195E+20,5.49312E+21,9.66681E+15,4.95888E+16
49640,8,3,11,0,2018,7,8,7,3,0,1,0,1,0,0,0,0,0,0,4.12334E+20,5.31532E+21,7.82511E+15,4.79852E+16
49641,8,2,22,0,2018,7,15,2,3,9,1,0,0,1,0,0,0,0,0,4.62585E+20,5.48239E+21,8.48335E+15,4.9493E+16
49642,8,4,17,79,2018,7,6,4,3,6,4,0,0,1,1,0,0,0,0,4.99984E+20,5.34751E+21,8.99978E+15,4.82808E+16
49643,8,1,11,0,2018,7,16,3,3,2,6,0,0,1,0,0,0,1,0,5.15588E+20,5.40531E+21,9.21227E+15,4.88006E+16
49644,8,1,19,79,2018,7,7,6,3,4,2,0,0,1,0,0,1,0,1,5.24324E+20,5.40851E+21,9.33143E+15,4.88291E+16
49645,8,1,11,0,2018,7,14,7,3,8,1,0,1,0,0,0,0,0,0,5.09303E+20,5.39805E+21,9.12652E+15,4.87354E+16
49646,8,1,18,51,2018,7,19,2,3,9,7,0,0,0,0,0,1,0,0,5.10754E+20,5.41494E+21,9.1467E+15,4.88873E+16
49647,8,2,16,23,2018,7,17,4,3,2,6,0,0,1,0,0,0,0,0,4.36699E+20,5.40653E+21,8.13785E+15,4.88086E+16
49648,8,2,15,47,2018,7,9,3,3,8,1,0,0,1,0,0,0,0,0,4.59286E+20,5.40769E+21,8.44535E+15,4.88209E+16
49649,8,2,12,0,2018,7,9,1,3,5,3,0,1,1,0,0,0,0,0,4.56396E+20,5.42658E+21,8.40397E+15,4.89905E+16
49650,8,1,26,47,2018,7,12,3,3,4,6,0,0,1,0,0,0,0,0,5.48817E+20,5.45374E+21,9.67058E+15,4.92345E+16
49651,8,4,16,31,2018,7,7,2,3,1,6,0,0,1,0,0,0,0,0,5.03006E+20,5.36312E+21,9.04063E+15,4.84212E+16
49652,8,3,27,50,2018,7,7,5,3,0,1,0,1,0,0,0,0,0,1,4.85653E+20,5.31497E+21,8.80772E+15,4.79879E+16
49653,8,2,21,0,2018,7,16,6,3,2,6,0,0,1,0,0,0,0,1,4.77182E+20,5.46846E+21,8.68571E+15,4.93685E+16
49654,8,1,36,65,2018,7,13,3,3,5,3,0,0,1,0,0,0,0,0,5.55331E+20,5.40699E+21,9.75368E+15,4.88134E+16
49655,8,1,16,79,2018,7,15,1,2,9,1,0,0,0,0,1,0,0,0,5.38476E+20,5.37516E+21,9.52114E+15,4.85284E+16
49656,8,4,15,61,2018,7,13,2,2,3,6,0,0,1,0,1,0,0,0,5.1714E+20,5.37617E+21,9.23219E+15,4.85384E+16
49657,8,1,18,63,2018,7,10,2,3,2,6,0,0,0,0,0,1,0,0,5.1496E+20,5.42198E+21,9.20434E+15,4.89506E+16
49658,8,1,18,63,2018,7,15,5,3,2,6,0,0,1,0,0,0,0,0,5.16426E+20,5.42289E+21,9.2244E+15,4.89587E+16
49659,8,1,19,67,2018,7,17,1,3,5,2,0,1,1,0,0,0,0,0,5.39081E+20,5.40601E+21,9.53224E+15,4.88058E+16
49660,8,4,35,66,2018,7,18,2,3,0,7,0,1,0,0,0,0,0,0,5.18213E+20,5.2871E+21,9.24292E+15,4.7737E+16
49661,8,1,27,8,2018,7,16,2,2,4,1,0,0,1,0,0,0,0,0,5.70307E+20,5.46052E+21,9.96693E+15,4.92934E+16
49662,8,1,26,60,2018,7,11,5,3,6,4,0,0,1,1,0,0,0,0,5.44666E+20,5.46051E+21,9.61432E+15,4.92957E+16
49663,8,2,26,98,2018,7,12,7,3,5,3,0,0,1,0,0,0,0,0,4.79004E+20,5.4607E+21,8.71121E+15,4.92987E+16
49664,8,2,15,110,2018,7,15,2,3,2,2,0,0,1,0,0,0,0,0,4.60301E+20,5.41823E+21,8.45815E+15,4.89158E+16
49665,8,3,37,106,2018,7,18,4,2,6,4,0,0,1,1,0,0,0,0,4.58047E+20,5.28775E+21,8.44038E+15,4.77417E+16
49666,8,3,25,57,2018,7,18,3,2,5,3,0,0,1,0,1,0,0,0,4.76473E+20,5.35465E+21,8.68248E+15,4.83446E+16
49667,8,3,26,17,2018,7,12,2,3,2,2,0,0,1,0,0,0,0,0,4.42848E+20,5.32168E+21,8.23315E+15,4.80459E+16
49668,8,1,18,81,2018,7,19,6,3,5,3,0,0,1,0,0,0,0,0,5.20574E+20,5.4137E+21,9.28059E+15,4.88759E+16
49669,8,4,36,87,2018,7,15,6,3,4,1,0,0,1,0,1,0,0,0,5.47331E+20,5.30257E+21,9.63297E+15,4.78748E+16
49670,8,1,15,42,2018,7,6,2,2,2,1,0,1,1,0,0,0,0,0,4.96929E+20,5.40781E+21,8.95816E+15,4.88233E+16
49671,8,2,15,110,2018,7,7,4,3,5,3,0,0,1,0,0,0,0,0,4.61927E+20,5.42049E+21,8.48014E+15,4.89362E+16
49672,8,4,17,79,2018,7,7,3,3,8,1,1,0,1,0,0,0,0,0,4.98793E+20,5.34007E+21,8.98375E+15,4.82139E+16
49673,8,2,35,84,2018,7,15,1,3,3,6,0,0,1,0,0,0,0,0,4.7972E+20,5.39168E+21,8.7245E+15,4.86778E+16
49674,8,1,19,42,2018,7,20,3,3,8,1,1,0,1,0,0,0,0,0,5.30793E+20,5.41662E+21,9.42018E+15,4.89018E+16
49675,8,2,15,103,2018,7,16,2,3,2,6,0,0,1,0,0,0,0,0,4.68544E+20,5.4455E+21,8.56854E+15,4.91615E+16
49676,8,4,17,44,2018,7,18,5,2,4,2,0,0,1,0,0,0,0,0,4.96265E+20,5.33542E+21,8.94977E+15,4.8172E+16
49677,8,1,35,16,2018,7,11,6,2,2,6,0,0,1,0,0,0,0,0,5.89461E+20,5.38572E+21,1.02139E+16,4.86182E+16
49678,8,4,36,13,2018,7,23,7,3,0,7,2,1,0,0,0,0,0,0,5.45469E+20,5.29652E+21,9.60744E+15,4.78204E+16
49679,8,3,27,55,2018,7,15,2,2,5,3,0,0,1,0,0,0,0,0,4.79594E+20,5.31919E+21,8.72631E+15,4.80256E+16
49680,8,1,11,0,2018,7,9,2,3,2,6,0,0,1,0,0,0,1,0,5.14275E+20,5.40173E+21,9.19427E+15,4.87684E+16
49681,8,1,17,26,2018,7,13,5,2,8,1,0,0,1,0,0,0,0,1,5.5258E+20,5.39804E+21,9.71506E+15,4.87331E+16
49682,8,1,36,65,2018,7,13,7,1,2,1,0,0,1,0,0,0,1,0,5.5649E+20,5.40434E+21,9.7691E+15,4.87895E+16
49683,8,1,17,19,2018,7,7,2,3,5,3,0,0,1,0,0,0,0,0,5.50055E+20,5.39349E+21,9.68017E+15,4.86924E+16
49684,8,3,15,6,2018,7,8,4,3,5,3,0,0,1,0,0,1,0,0,4.01298E+20,5.30601E+21,7.67938E+15,4.78999E+16
49685,8,2,36,33,2018,7,0,3,3,7,7,2,0,1,0,0,0,0,0,4.86672E+20,5.42974E+21,8.81771E+15,4.90204E+16
49686,8,4,21,0,2018,7,10,2,2,4,6,0,0,1,0,0,0,0,0,5.68564E+20,5.36213E+21,9.92649E+15,4.84086E+16
49687,8,2,15,101,2018,7,10,5,3,2,6,0,0,1,0,0,1,0,1,4.64404E+20,5.42817E+21,8.51329E+15,4.90054E+16
49688,8,3,35,75,2018,7,13,6,2,2,6,0,0,1,0,0,0,0,0,4.91033E+20,5.28975E+21,8.88034E+15,4.77611E+16
49689,8,4,25,84,2018,7,16,2,3,2,6,0,0,1,0,0,0,0,0,5.6046E+20,5.37409E+21,9.81872E+15,4.8517E+16
49690,8,2,25,32,2018,7,17,4,2,4,1,0,0,1,0,1,0,0,0,5.32732E+20,5.49597E+21,9.45312E+15,4.96154E+16
49691,8,2,16,23,2018,7,12,7,3,8,3,0,0,1,0,1,0,0,0,4.38562E+20,5.40818E+21,8.16297E+15,4.88236E+16
49692,8,1,16,33,2018,7,8,2,3,2,6,0,0,1,0,0,0,0,0,5.30361E+20,5.38698E+21,9.41209E+15,4.86351E+16
49693,8,3,26,12,2018,7,18,4,3,8,1,0,0,1,0,0,0,0,1,4.63589E+20,5.31325E+21,8.51216E+15,4.79715E+16
49694,8,3,15,113,2018,7,12,3,3,2,2,0,0,1,0,0,0,0,1,4.43723E+20,5.30572E+21,8.24698E+15,4.79023E+16
49695,8,4,36,81,2018,7,10,2,3,5,3,0,0,1,0,0,0,0,0,5.62993E+20,5.28116E+21,9.8393E+15,4.76808E+16
49696,8,1,15,3,2018,7,16,6,3,2,6,0,0,1,0,0,0,0,0,5.02344E+20,5.39354E+21,9.03185E+15,4.86949E+16
49697,8,4,15,92,2018,7,17,6,3,9,1,0,0,0,0,1,0,0,1,5.20075E+20,5.36475E+21,9.27141E+15,4.84356E+16
49698,8,1,16,72,2018,7,20,2,3,1,6,0,0,1,0,0,0,0,0,5.30187E+20,5.39372E+21,9.41022E+15,4.86958E+16
49699,8,1,18,79,2018,7,3,4,2,9,7,2,1,0,0,0,0,0,0,5.09786E+20,5.42044E+21,9.13363E+15,4.89368E+16
49700,8,4,37,86,2018,7,8,3,3,2,7,0,0,1,0,0,0,0,0,5.2871E+20,5.31164E+21,9.38455E+15,4.79574E+16
49701,8,2,21,0,2018,7,12,1,3,3,6,0,0,1,0,0,0,0,0,4.76675E+20,5.47304E+21,8.67846E+15,4.94096E+16
49702,8,1,16,49,2018,7,7,3,3,5,3,0,0,1,0,1,0,0,0,5.23315E+20,5.38528E+21,9.31636E+15,4.86202E+16
49703,8,2,26,38,2018,7,10,2,3,5,3,0,0,1,0,0,0,0,0,4.736E+20,5.47966E+21,8.63562E+15,4.94691E+16
49704,8,3,15,74,2018,7,15,5,3,4,2,0,0,1,0,0,0,0,0,3.94377E+20,5.29593E+21,7.58926E+15,4.78081E+16
49705,8,1,25,5,2018,7,13,6,3,1,6,0,0,1,0,0,0,1,0,5.15616E+20,5.45319E+21,9.2145E+15,4.92313E+16
49706,8,4,25,108,2018,7,17,7,3,9,1,0,0,0,0,1,0,0,0,5.43581E+20,5.35984E+21,9.58868E+15,4.83902E+16
49707,8,3,17,34,2018,7,12,2,1,8,7,0,0,1,0,0,0,1,0,4.26568E+20,5.3612E+21,8.00791E+15,4.83997E+16
49708,8,4,17,25,2018,7,11,1,3,5,3,0,1,1,0,0,0,0,0,4.86503E+20,5.35735E+21,8.81776E+15,4.83692E+16
49709,8,1,11,0,2018,7,19,5,3,0,1,0,0,0,0,1,0,0,1,5.15855E+20,5.40461E+21,9.21588E+15,4.87943E+16
49710,8,1,27,63,2018,7,13,7,3,4,2,0,1,1,0,0,0,0,0,5.60273E+20,5.43569E+21,9.82523E+15,4.90712E+16
49711,8,1,16,19,2018,7,16,2,3,2,6,0,0,1,0,0,0,0,0,5.22425E+20,5.39809E+21,9.30498E+15,4.87354E+16
49712,8,2,12,0,2018,7,11,4,3,3,6,0,0,1,0,0,1,0,0,4.5992E+20,5.42802E+21,8.45198E+15,4.90038E+16
49713,8,3,37,2,2018,7,11,1,3,0,1,0,1,0,0,0,0,0,0,4.32171E+20,5.27263E+21,8.0976E+15,4.76035E+16
49714,8,2,22,0,2018,7,4,3,3,0,1,2,1,0,0,0,0,0,0,4.63155E+20,5.48313E+21,8.49115E+15,4.94997E+16
49715,8,3,35,77,2018,7,17,2,3,8,7,0,1,0,0,0,0,0,0,4.9296E+20,5.29464E+21,8.90598E+15,4.7805E+16
49716,8,4,17,75,2018,7,8,5,3,2,6,0,0,1,0,0,0,0,1,5.11466E+20,5.33185E+21,9.15413E+15,4.81398E+16
49717,8,2,26,103,2018,7,17,6,3,2,6,0,0,1,0,0,0,0,0,4.71943E+20,5.45908E+21,8.61421E+15,4.92838E+16
49718,8,1,15,42,2018,7,15,2,2,5,3,0,1,1,0,0,0,0,0,4.96784E+20,5.4063E+21,8.9562E+15,4.88096E+16
49719,8,1,21,0,2018,7,13,4,2,3,2,0,1,1,0,0,0,0,0,5.1644E+20,5.44192E+21,9.22535E+15,4.91298E+16
49720,8,4,36,8,2018,7,20,3,2,8,1,0,0,0,0,1,0,0,0,5.47817E+20,5.30989E+21,9.64028E+15,4.79406E+16
49721,8,1,17,49,2018,7,13,1,3,4,6,0,0,1,0,0,0,0,0,5.56655E+20,5.39194E+21,9.76964E+15,4.86779E+16
49722,8,1,11,0,2018,7,7,3,3,0,1,0,0,0,0,1,0,0,0,5.16504E+20,5.4039E+21,9.2247E+15,4.87879E+16
49723,8,2,16,6,2018,7,12,2,2,3,2,0,1,1,0,0,0,0,0,4.47536E+20,5.40961E+21,8.28504E+15,4.88372E+16
49724,8,3,17,1,2018,7,17,5,3,2,2,0,0,1,0,0,0,0,1,4.30789E+20,5.39076E+21,8.06001E+15,4.8666E+16
49725,8,4,17,25,2018,7,17,7,1,4,6,0,0,1,0,1,0,0,0,4.86457E+20,5.35733E+21,8.81714E+15,4.8369E+16
49726,8,2,22,0,2018,7,17,2,3,2,6,0,0,1,0,0,0,0,0,4.67964E+20,5.48226E+21,8.55764E+15,4.94921E+16
49727,8,4,35,29,2018,7,1,3,2,7,1,2,0,1,0,0,0,0,0,5.43876E+20,5.27291E+21,9.58379E+15,4.76081E+16
49728,8,2,12,0,2018,7,13,1,3,3,2,0,0,0,1,1,0,0,0,4.61996E+20,5.42164E+21,8.48097E+15,4.89466E+16
49729,8,1,11,0,2018,7,16,3,3,5,2,0,1,1,0,0,0,0,0,5.10748E+20,5.40342E+21,9.14631E+15,4.87837E+16
49730,8,2,12,0,2018,7,6,2,3,0,6,0,0,1,0,1,0,1,0,4.60438E+20,5.43149E+21,8.45873E+15,4.9035E+16
49731,8,2,15,7,2018,7,8,5,3,5,3,0,0,1,0,0,0,0,1,4.78378E+20,5.43005E+21,8.70424E+15,4.9023E+16
49732,8,3,37,125,2018,7,18,7,2,9,7,0,0,1,0,0,0,0,0,4.511E+20,5.27284E+21,8.34938E+15,4.76071E+16
49733,8,2,26,85,2018,7,7,2,3,2,6,0,0,1,0,0,0,0,0,4.87138E+20,5.45616E+21,8.82323E+15,4.92581E+16
49734,8,4,36,81,2018,7,9,4,3,1,5,0,1,1,0,0,0,0,0,5.62545E+20,5.2827E+21,9.83355E+15,4.76946E+16
49735,8,1,19,85,2018,7,16,7,2,8,1,0,0,0,0,1,0,0,0,5.34373E+20,5.41439E+21,9.46883E+15,4.88815E+16
49736,8,1,15,28,2018,7,16,2,3,2,6,0,0,1,0,1,0,0,0,5.00964E+20,5.40693E+21,9.01313E+15,4.88154E+16
49737,8,2,35,33,2018,7,18,4,2,5,3,0,0,1,0,1,0,0,0,4.62428E+20,5.40642E+21,8.48827E+15,4.88097E+16
49738,8,4,36,11,2018,7,12,3,3,5,3,0,1,1,0,0,0,0,0,5.48505E+20,5.29695E+21,9.64804E+15,4.78241E+16
49739,8,3,35,2,2018,7,17,1,3,2,6,0,0,1,0,0,0,0,0,5.04917E+20,5.28566E+21,9.06556E+15,4.77243E+16
49740,8,2,12,0,2018,7,14,3,2,5,3,0,0,1,0,1,0,0,0,4.61594E+20,5.42704E+21,8.47496E+15,4.89951E+16
49741,8,4,36,93,2018,7,9,2,3,8,1,0,0,1,0,0,0,0,0,5.44375E+20,5.3108E+21,9.59429E+15,4.7949E+16
49742,8,4,17,79,2018,7,12,5,3,4,1,0,0,1,0,0,0,0,1,4.97966E+20,5.34729E+21,8.97258E+15,4.82788E+16
49743,8,2,37,27,2018,7,20,6,3,0,1,0,0,0,0,1,0,0,1,4.8202E+20,5.37125E+21,8.75664E+15,4.84941E+16
49744,8,1,11,0,2018,7,9,2,3,2,6,0,0,1,0,0,0,1,0,5.14627E+20,5.403E+21,9.1991E+15,4.87798E+16
49745,8,1,18,46,2018,7,17,4,2,6,4,0,0,1,1,0,0,0,1,5.13147E+20,5.41217E+21,9.17926E+15,4.88623E+16
49746,8,4,36,81,2018,7,21,3,3,5,3,1,1,1,0,0,0,0,0,5.62554E+20,5.28225E+21,9.8336E+15,4.76906E+16
49747,8,1,19,79,2018,7,11,1,3,3,1,0,0,1,0,1,0,0,0,5.25204E+20,5.40976E+21,9.34349E+15,4.88403E+16
49748,8,4,37,53,2018,7,16,2,3,0,1,0,1,0,0,0,0,0,0,5.27619E+20,5.32023E+21,9.3705E+15,4.80347E+16
49749,8,1,16,70,2018,7,11,4,3,8,7,0,0,1,0,0,0,0,0,5.40577E+20,5.38242E+21,9.5503E+15,4.85936E+16
49750,8,1,18,51,2018,7,8,2,3,2,6,0,0,0,0,0,1,1,0,5.10625E+20,5.41456E+21,9.14492E+15,4.88839E+16
49751,8,1,27,76,2018,7,17,5,3,2,6,0,0,1,0,0,0,0,0,5.53798E+20,5.44064E+21,9.73724E+15,4.91163E+16
49752,8,2,12,0,2018,7,10,7,3,5,3,0,1,1,0,0,0,0,0,4.56439E+20,5.42456E+21,8.40476E+15,4.89724E+16
49753,8,2,16,43,2018,7,17,2,3,5,3,0,0,1,0,0,0,0,0,4.3651E+20,5.41033E+21,8.13469E+15,4.88427E+16
49754,8,1,16,63,2018,7,13,4,3,8,1,0,0,1,0,0,0,0,0,5.16062E+20,5.38465E+21,9.21793E+15,4.86147E+16
49755,8,3,35,2,2018,7,9,2,3,5,3,0,0,1,0,1,0,0,0,5.05915E+20,5.28988E+21,9.07893E+15,4.77623E+16
49756,8,1,18,76,2018,7,6,6,2,8,1,0,0,1,0,0,0,0,1,5.00665E+20,5.42794E+21,9.0091E+15,4.90044E+16
49757,8,4,37,88,2018,7,5,6,3,9,7,0,0,1,0,0,0,0,0,5.17947E+20,5.30926E+21,9.2403E+15,4.79364E+16
49758,8,1,11,0,2018,7,16,2,3,2,6,0,0,1,0,0,0,0,0,5.14325E+20,5.406E+21,9.1951E+15,4.88068E+16
49759,8,2,15,7,2018,7,7,4,3,5,3,0,0,1,0,0,0,0,0,4.79835E+20,5.42853E+21,8.72426E+15,4.90093E+16
49760,8,4,36,64,2018,7,15,3,3,6,6,0,1,0,1,0,0,1,0,5.45182E+20,5.28711E+21,9.60263E+15,4.77358E+16
49761,8,4,26,65,2018,7,6,4,2,8,7,0,0,1,0,0,0,0,0,5.81114E+20,5.33326E+21,1.00905E+16,4.81474E+16
49762,8,1,21,0,2018,7,8,6,3,1,6,0,0,1,0,1,0,0,0,5.13818E+20,5.44165E+21,9.18941E+15,4.91276E+16
49763,8,1,16,49,2018,7,13,7,3,2,6,0,0,1,0,0,0,0,0,5.25407E+20,5.38512E+21,9.34475E+15,4.86187E+16
49764,8,1,11,0,2018,7,8,2,2,5,3,0,1,1,0,0,0,0,0,5.12933E+20,5.39975E+21,9.17594E+15,4.87506E+16
49765,8,2,22,0,2018,7,13,4,3,2,6,0,0,1,0,0,0,0,0,4.65419E+20,5.48017E+21,8.52267E+15,4.94732E+16
49766,8,4,36,64,2018,7,7,3,3,2,6,0,0,1,0,0,0,0,0,5.44044E+20,5.2907E+21,9.58781E+15,4.77682E+16
49767,8,3,15,102,2018,7,12,1,3,0,2,0,0,1,0,1,0,0,0,4.38293E+20,5.29637E+21,8.17568E+15,4.78178E+16
49768,8,1,36,33,2018,7,15,3,3,5,3,0,0,1,0,0,0,0,0,5.79977E+20,5.41624E+21,1.00911E+16,4.8894E+16
49769,8,3,27,30,2018,7,19,2,2,8,1,0,0,0,0,1,0,0,0,4.91364E+20,5.32212E+21,8.88411E+15,4.80523E+16
49770,8,3,37,126,2018,7,11,5,3,9,1,0,0,0,0,0,0,1,1,4.43051E+20,5.27788E+21,8.24165E+15,4.76518E+16
49771,8,2,36,70,2018,7,11,6,3,2,6,0,0,1,0,0,0,0,0,4.6898E+20,5.41634E+21,8.57674E+15,4.88993E+16
49772,8,4,37,104,2018,7,16,1,3,5,3,0,0,1,0,0,0,0,0,5.14136E+20,5.32424E+21,9.18977E+15,4.80713E+16
49773,8,4,35,35,2018,7,13,3,3,5,3,0,0,1,0,0,0,0,0,5.40667E+20,5.27978E+21,9.54172E+15,4.76701E+16
49774,8,1,18,6,2018,7,11,1,2,0,1,0,1,0,0,0,0,0,0,5.179E+20,5.42185E+21,9.24449E+15,4.89493E+16
49775,8,4,26,121,2018,7,16,2,3,2,6,0,0,0,0,1,0,1,0,5.37391E+20,5.33185E+21,9.5026E+15,4.81388E+16
49776,8,1,25,66,2018,7,7,2,3,0,7,0,0,0,0,0,1,1,0,5.16717E+20,5.43079E+21,9.22869E+15,4.90298E+16
49777,8,1,19,41,2018,7,13,5,3,0,7,0,0,0,1,0,0,1,1,5.26716E+20,5.40997E+21,9.36411E+15,4.88421E+16
49778,8,2,26,99,2018,7,12,7,3,1,5,0,0,1,0,1,0,0,0,4.82258E+20,5.47969E+21,8.75512E+15,4.94696E+16
49779,8,4,36,6,2018,7,20,1,2,8,1,1,0,1,0,1,0,0,0,5.56254E+20,5.28316E+21,9.74977E+15,4.76994E+16
49780,8,1,18,73,2018,7,9,4,2,2,1,0,0,1,0,0,1,0,0,5.01361E+20,5.41662E+21,9.01857E+15,4.89025E+16
49781,8,3,36,50,2018,7,22,4,3,2,7,2,0,1,0,0,0,0,0,4.00507E+20,5.2763E+21,7.6756E+15,4.76325E+16
49782,8,3,17,40,2018,7,16,3,3,5,3,0,1,1,0,0,0,0,0,4.318E+20,5.34789E+21,8.08073E+15,4.82805E+16
49783,8,4,17,13,2018,7,11,2,3,5,3,0,0,1,0,0,0,0,0,5.08999E+20,5.34858E+21,9.12132E+15,4.82904E+16
49784,8,1,17,31,2018,7,18,6,3,2,6,0,0,1,0,0,0,0,0,5.50491E+20,5.37555E+21,9.68391E+15,4.85311E+16
49785,8,4,26,67,2018,7,9,6,3,0,6,0,0,0,0,1,1,0,1,5.24285E+20,5.33945E+21,9.32687E+15,4.82078E+16
49786,8,4,36,4,2018,7,10,1,2,2,6,0,0,1,1,1,0,0,0,5.82345E+20,5.30846E+21,1.01023E+16,4.79242E+16
49787,8,2,11,0,2018,7,12,4,2,8,1,0,0,0,0,1,0,0,0,4.43718E+20,5.40211E+21,8.23405E+15,4.87695E+16
49788,8,4,26,70,2018,7,17,3,3,0,3,0,0,1,0,0,0,0,0,5.65699E+20,5.34364E+21,9.8849E+15,4.82425E+16
49789,8,2,31,0,2018,7,10,1,3,5,2,0,0,1,0,0,0,0,0,4.75984E+20,5.41549E+21,8.67236E+15,4.88919E+16
49790,8,1,27,79,2018,7,13,3,2,5,2,0,0,1,0,1,0,0,0,5.60392E+20,5.42423E+21,9.82515E+15,4.8968E+16
49791,8,2,37,27,2018,7,10,2,3,5,1,0,0,1,0,0,0,0,0,4.79875E+20,5.36911E+21,8.7277E+15,4.84748E+16