OBJECTID_1,ULAND,UREGBEZ,UKREIS,UGEMEINDE,UJAHR,UMONAT,USTUNDE,UWOCHENTAG,UKATEGORIE,UART,UTYP1,ULICHTVERH,IstRad,IstPKW,IstFuss,IstKrad,IstGkfz,IstSonstig,STRZUSTAND,LINREFX,LINREFY,XGCSWGS84,YGCSWGS84
50170,8,2,16,39,2018,7,17,3,2,2,1,0,0,1,0,0,1,0,0,4.46518E+20,5.41461E+21,8.27051E+15,4.88821E+16
50171,8,2,35,84,2018,7,12,3,3,8,1,0,0,0,0,1,0,0,1,4.78215E+20,5.39244E+21,8.70402E+15,4.86846E+16
50172,8,2,36,30,2018,7,5,6,2,2,6,1,1,0,0,0,0,1,0,4.76301E+20,5.41773E+21,8.67655E+15,4.8912E+16
50173,8,2,35,84,2018,7,12,3,3,8,7,0,0,0,0,1,0,0,1,4.78214E+20,5.39244E+21,8.704E+15,4.86847E+16
50174,8,2,31,0,2018,7,18,3,3,5,3,0,0,1,0,0,0,0,0,4.7846E+20,5.41644E+21,8.70609E+15,4.89006E+16
50175,8,1,18,79,2018,7,19,6,3,0,7,0,0,1,0,1,0,0,0,5.0974E+20,5.42356E+21,9.13307E+15,4.89649E+16
50176,8,2,35,73,2018,7,15,5,3,9,7,0,0,1,0,0,0,0,0,4.78938E+20,5.40768E+21,8.71307E+15,4.88217E+16
50177,8,2,36,40,2018,7,7,3,3,8,1,0,0,1,0,0,0,0,0,4.89956E+20,5.42598E+21,8.86272E+15,4.89867E+16
50178,8,4,26,62,2018,7,6,5,2,9,1,0,0,1,0,0,0,0,0,5.52252E+20,5.3231E+21,9.70128E+15,4.8059E+16
50179,8,2,26,32,2018,7,9,3,3,2,1,0,0,1,0,0,0,0,0,4.65991E+20,5.46557E+21,8.53181E+15,4.93419E+16
50180,8,4,16,41,2018,7,16,6,3,5,2,0,0,1,0,0,0,0,0,5.05228E+20,5.3732E+21,9.07079E+15,4.85119E+16
50181,8,2,22,0,2018,7,17,3,3,2,6,0,0,1,0,0,0,0,0,4.64227E+20,5.48393E+21,8.50589E+15,4.95069E+16
50182,8,3,17,57,2018,7,10,6,3,4,1,0,0,1,0,1,0,0,0,4.16379E+20,5.38423E+21,7.86566E+15,4.86056E+16
50183,8,2,36,4,2018,7,11,5,3,2,6,0,0,1,0,0,0,0,0,4.73564E+20,5.41466E+21,8.63941E+15,4.88843E+16
50184,8,2,11,0,2018,7,14,3,3,2,6,0,0,1,0,0,0,0,0,4.3689E+20,5.3972E+21,8.14189E+15,4.87246E+16
50185,8,3,17,96,2018,7,15,3,3,5,3,0,0,1,0,1,0,0,0,4.21439E+20,5.36655E+21,7.93762E+15,4.84472E+16
50186,8,1,16,14,2018,7,16,6,3,2,6,0,0,1,0,0,0,0,0,5.26436E+20,5.39581E+21,9.35939E+15,4.87148E+16
50187,8,2,36,19,2018,7,19,5,3,2,1,0,0,1,0,1,0,0,0,4.8782E+20,5.40767E+21,8.83407E+15,4.88219E+16
50188,8,1,25,65,2018,7,10,3,3,2,6,0,0,1,0,0,0,0,0,5.17116E+20,5.44734E+21,9.23485E+15,4.91786E+16
50189,8,1,18,51,2018,7,7,3,3,2,6,0,0,1,0,0,0,0,0,5.10754E+20,5.41494E+21,9.1467E+15,4.88873E+16
50190,8,1,17,26,2018,7,10,6,3,1,6,0,0,1,0,0,0,1,0,5.50505E+20,5.39294E+21,9.68622E+15,4.86874E+16
50191,8,1,15,37,2018,7,20,3,3,3,6,0,0,1,0,0,0,0,0,4.92416E+20,5.38382E+21,8.89712E+15,4.86074E+16
50192,8,1,36,50,2018,7,7,3,2,0,1,0,1,0,0,0,0,0,0,5.81384E+20,5.4042E+21,1.01079E+16,4.87854E+16
50193,8,3,35,75,2018,7,17,6,3,2,6,0,0,1,0,0,0,0,0,4.88228E+20,5.2887E+21,8.84294E+15,4.77515E+16
50194,8,1,35,16,2018,7,15,3,3,6,7,0,0,1,1,0,0,0,0,5.88899E+20,5.3827E+21,1.02056E+16,4.85911E+16
50195,8,1,11,0,2018,7,16,6,3,2,6,0,0,1,0,0,0,0,0,5.07246E+20,5.39548E+21,9.0985E+15,4.87123E+16
50196,8,4,25,72,2018,7,10,3,3,9,7,0,0,1,0,0,1,0,0,5.80111E+20,5.37237E+21,1.00844E+16,4.84993E+16
50197,8,1,28,131,2018,7,16,3,3,0,6,0,0,1,0,1,0,0,0,5.32043E+20,5.50888E+21,9.44463E+15,4.97315E+16
50198,8,1,28,14,2018,7,7,3,3,8,7,0,0,1,0,0,0,0,0,5.48788E+20,5.48244E+21,9.6737E+15,4.94926E+16
50199,8,1,28,58,2018,7,18,3,3,2,6,0,0,1,0,0,0,0,0,5.58028E+20,5.48222E+21,9.80125E+15,4.94898E+16
50200,8,3,17,96,2018,7,14,6,3,2,6,0,0,1,0,0,0,0,0,4.21306E+20,5.36663E+21,7.93581E+15,4.84479E+16
50201,8,1,27,102,2018,7,14,3,3,4,2,0,0,1,0,0,0,1,0,5.88175E+20,5.43604E+21,1.02072E+16,4.90709E+16
50202,8,3,25,53,2018,7,18,6,3,2,6,0,0,1,0,0,0,0,0,4.54489E+20,5.3419E+21,8.38719E+15,4.82287E+16
50203,8,1,27,86,2018,7,15,3,2,2,1,0,0,1,0,0,1,0,0,5.52534E+20,5.44894E+21,9.72101E+15,4.91911E+16
50204,8,1,27,100,2018,7,4,6,3,9,1,1,0,1,0,0,0,0,0,5.54003E+20,5.43324E+21,9.73906E+15,4.90496E+16
50205,8,1,27,102,2018,7,10,3,2,5,3,0,0,1,0,0,1,0,0,5.89307E+20,5.43852E+21,1.02233E+16,4.9093E+16
50206,8,1,26,94,2018,7,11,3,2,8,6,0,0,1,0,0,0,0,1,5.39291E+20,5.45501E+21,9.53985E+15,4.92466E+16
50207,8,1,21,0,2018,7,1,3,2,0,1,2,1,0,0,0,0,0,0,5.16183E+20,5.44435E+21,9.22193E+15,4.91518E+16
50208,8,1,11,0,2018,7,13,7,3,2,6,0,0,1,0,0,0,0,0,5.09772E+20,5.40662E+21,9.1331E+15,4.88125E+16
50209,8,1,25,86,2018,7,19,3,3,5,3,0,0,1,0,0,0,1,0,5.05454E+20,5.44319E+21,9.07478E+15,4.91415E+16
50210,8,2,15,90,2018,7,17,6,2,2,6,0,0,1,0,0,0,0,0,4.63252E+20,5.43357E+21,8.49704E+15,4.90539E+16
50211,8,1,18,76,2018,7,6,3,2,8,1,0,1,0,0,0,0,0,0,5.00719E+20,5.42786E+21,9.00983E+15,4.90036E+16
50212,8,1,18,81,2018,7,13,6,3,2,6,0,0,1,0,0,0,1,0,5.17722E+20,5.41061E+21,9.24156E+15,4.88482E+16
50213,8,1,11,0,2018,7,14,6,3,2,7,0,0,1,0,1,0,0,0,5.12373E+20,5.40227E+21,9.1684E+15,4.87733E+16
50214,8,1,18,80,2018,7,18,3,3,2,6,0,0,1,0,0,0,0,0,5.10157E+20,5.4088E+21,9.1384E+15,4.88321E+16
50215,8,1,11,0,2018,7,16,3,3,0,6,0,0,1,0,0,1,0,0,5.11485E+20,5.39493E+21,9.15611E+15,4.87073E+16
50216,8,1,19,4,2018,7,14,6,3,8,1,0,0,0,0,1,0,0,0,5.41182E+20,5.42169E+21,9.56244E+15,4.89468E+16
50217,8,1,17,16,2018,7,19,3,2,8,1,0,0,1,0,0,0,0,0,5.49037E+20,5.37852E+21,9.66457E+15,4.85578E+16
50218,8,1,16,73,2018,7,13,3,3,2,6,0,0,0,0,0,1,1,0,5.22092E+20,5.38854E+21,9.29995E+15,4.86495E+16
50219,8,1,16,53,2018,7,7,3,3,0,1,0,0,0,0,1,0,0,0,5.3957E+20,5.38866E+21,9.53724E+15,4.86498E+16
50220,8,4,37,100,2018,7,1,6,3,7,7,2,0,0,0,1,0,0,0,5.35803E+20,5.32239E+21,9.48046E+15,4.80538E+16
50221,8,1,16,77,2018,7,12,3,2,6,4,0,0,1,1,0,0,0,0,5.16736E+20,5.39183E+21,9.22736E+15,4.86793E+16
50222,8,2,26,91,2018,7,18,6,3,5,3,0,0,1,0,0,0,0,0,4.94023E+20,5.45983E+21,8.91781E+15,4.92912E+16
50223,8,4,15,29,2018,7,17,3,3,2,6,0,0,1,0,0,0,0,0,5.23535E+20,5.38038E+21,9.31907E+15,4.8576E+16
50224,8,1,16,16,2018,7,22,3,2,5,2,2,0,1,0,0,0,0,0,5.33551E+20,5.38522E+21,9.45525E+15,4.86191E+16
50225,8,4,16,48,2018,7,11,6,1,2,6,0,0,1,0,1,0,0,0,4.91873E+20,5.37677E+21,8.88989E+15,4.8544E+16
50226,8,1,15,50,2018,7,17,3,3,2,6,0,0,1,0,0,0,0,0,4.87397E+20,5.40112E+21,8.82851E+15,4.87629E+16
50227,8,4,26,71,2018,7,17,5,3,5,3,0,0,1,0,0,0,0,0,5.64052E+20,5.32874E+21,9.86046E+15,4.81087E+16
50228,8,1,15,51,2018,7,16,3,3,0,3,0,0,1,0,1,0,0,0,5.03355E+20,5.38527E+21,9.04553E+15,4.86205E+16
50229,8,4,15,50,2018,7,23,6,2,2,6,2,1,1,0,0,0,0,0,5.23132E+20,5.3747E+21,9.31329E+15,4.8525E+16
50230,8,3,17,65,2018,7,19,3,3,2,6,0,0,1,0,0,0,1,0,4.10923E+20,5.35678E+21,7.79751E+15,4.83579E+16
50231,8,2,26,96,2018,7,17,1,3,3,6,0,0,1,0,0,0,0,0,4.72582E+20,5.48845E+21,8.62096E+15,4.9548E+16
50232,8,1,25,65,2018,7,14,3,3,2,6,0,0,1,0,0,0,0,0,5.16943E+20,5.4495E+21,9.23257E+15,4.91981E+16
50233,8,2,15,21,2018,7,15,1,2,3,2,0,0,1,0,1,0,0,0,4.69358E+20,5.44747E+21,8.57956E+15,4.91792E+16
50234,8,3,17,1,2018,7,8,4,1,3,6,0,0,1,0,0,0,1,0,4.29353E+20,5.39039E+21,8.04058E+15,4.86626E+16
50235,8,2,15,106,2018,7,18,2,2,1,2,0,0,1,0,0,0,0,0,4.63201E+20,5.45311E+21,8.49456E+15,4.92297E+16
50236,8,2,12,0,2018,7,2,1,2,9,7,2,0,1,0,0,0,0,0,4.53888E+20,5.43375E+21,8.36886E+15,4.90549E+16
50237,8,1,19,44,2018,7,12,3,3,6,4,0,0,0,1,1,0,0,0,5.4277E+20,5.42517E+21,9.5845E+15,4.8978E+16
50238,8,4,35,16,2018,7,12,1,3,2,6,0,0,1,0,0,0,0,0,5.36418E+20,5.27803E+21,9.48498E+15,4.76547E+16
50239,8,2,15,103,2018,7,8,3,2,9,1,0,0,1,0,0,0,0,0,4.653E+20,5.44084E+21,8.52444E+15,4.91194E+16
50240,8,2,12,0,2018,7,11,1,3,2,6,0,0,1,0,0,0,0,0,4.59107E+20,5.42727E+21,8.44094E+15,4.89969E+16
50241,8,2,37,4,2018,7,22,1,3,4,1,2,0,1,0,0,0,0,0,4.54774E+20,5.37407E+21,8.38756E+15,4.85181E+16
50242,8,1,36,82,2018,7,7,4,2,5,3,0,0,1,0,1,0,0,0,5.84314E+20,5.41566E+21,1.01502E+16,4.88882E+16
50243,8,1,26,45,2018,7,15,2,3,5,3,0,0,1,0,0,0,1,0,5.46065E+20,5.47042E+21,9.6347E+15,4.93848E+16
50244,8,4,15,50,2018,7,20,3,3,8,1,0,0,1,0,0,0,0,0,5.24168E+20,5.37532E+21,9.32736E+15,4.85305E+16
50245,8,2,35,80,2018,7,6,1,3,9,1,0,0,1,0,0,0,0,0,4.81242E+20,5.38764E+21,8.74536E+15,4.86416E+16
50246,8,1,15,45,2018,7,7,4,2,3,6,0,0,1,0,1,0,0,0,5.02925E+20,5.3945E+21,9.03976E+15,4.87036E+16
50247,8,1,15,1,2018,7,18,2,2,4,6,0,1,0,0,0,0,0,0,4.91124E+20,5.38969E+21,8.87947E+15,4.86602E+16
50248,8,1,11,0,2018,7,7,3,3,5,2,0,1,1,0,0,0,0,0,5.0957E+20,5.39854E+21,9.13017E+15,4.87398E+16
50249,8,2,36,28,2018,7,14,1,2,5,3,0,0,1,0,1,0,0,0,4.93828E+20,5.42217E+21,8.9157E+15,4.89524E+16
50250,8,4,25,33,2018,7,16,3,3,3,6,0,1,1,0,0,0,0,0,5.61624E+20,5.34597E+21,9.83036E+15,4.82639E+16
50251,8,1,17,31,2018,7,13,7,3,2,6,0,0,1,0,0,0,0,0,5.48807E+20,5.3758E+21,9.66113E+15,4.85334E+16
50252,8,4,35,35,2018,7,15,1,2,5,3,0,1,1,0,0,0,0,0,5.42807E+20,5.28343E+21,9.57059E+15,4.77029E+16
50253,8,2,25,117,2018,7,20,3,3,2,6,0,0,1,0,0,0,0,0,5.1517E+20,5.47206E+21,9.20909E+15,4.94011E+16
50254,8,2,31,0,2018,7,14,1,3,5,3,0,0,1,0,1,0,0,0,4.78034E+20,5.41156E+21,8.70054E+15,4.88566E+16
50255,8,3,25,14,2018,7,10,2,1,4,1,0,0,1,0,0,1,0,0,4.6579E+20,5.33933E+21,8.53956E+15,4.82063E+16
50256,8,2,26,95,2018,7,16,1,3,0,7,0,1,0,0,0,0,0,1,4.74045E+20,5.46119E+21,8.64297E+15,4.93029E+16
50257,8,1,27,99,2018,7,9,4,2,2,6,0,0,1,0,0,1,1,0,5.65069E+20,5.44754E+21,9.89279E+15,4.91772E+16
50258,8,1,19,67,2018,7,18,2,3,9,1,0,0,0,0,1,0,0,1,5.41448E+20,5.40098E+21,9.56398E+15,4.87604E+16
50259,8,3,35,43,2018,7,8,3,3,0,6,0,1,0,0,0,0,0,0,5.13365E+20,5.27938E+21,9.17803E+15,4.76677E+16
50260,8,2,26,107,2018,7,14,1,3,0,7,0,1,0,0,0,0,0,0,4.75122E+20,5.483E+21,8.65642E+15,4.94991E+16
50261,8,1,27,14,2018,7,16,3,3,5,3,0,0,1,0,0,0,0,0,5.76789E+20,5.44191E+21,1.00525E+16,4.91253E+16
50262,8,2,26,96,2018,7,3,1,3,1,5,2,0,1,0,0,0,0,0,4.76784E+20,5.48908E+21,8.67902E+15,4.95538E+16
50263,8,3,27,18,2018,7,14,1,2,5,2,0,0,1,0,0,0,1,0,4.74917E+20,5.30721E+21,8.66427E+15,4.79177E+16
50264,8,2,11,0,2018,7,13,3,2,3,6,0,1,0,0,0,0,0,0,4.43962E+20,5.39439E+21,8.23841E+15,4.87001E+16
50265,8,2,26,12,2018,7,21,1,3,0,1,1,0,0,0,1,0,0,1,4.76571E+20,5.47672E+21,8.6768E+15,4.94427E+16
50266,8,2,26,6,2018,7,14,4,3,1,6,0,0,1,0,0,0,0,0,4.84746E+20,5.46762E+21,8.78993E+15,4.93611E+16
50267,8,2,26,31,2018,7,4,2,2,2,6,2,0,1,0,0,0,1,0,4.73574E+20,5.49246E+21,8.63442E+15,4.95841E+16
50268,8,2,21,0,2018,7,17,1,2,9,1,0,0,1,0,0,0,0,1,4.83649E+20,5.47165E+21,8.77465E+15,4.93973E+16
50269,8,1,18,21,2018,7,12,4,3,5,3,0,0,1,0,1,0,0,0,5.21424E+20,5.42745E+21,9.29291E+15,4.89996E+16
50270,8,1,18,71,2018,7,16,2,2,5,3,0,1,1,0,0,0,0,0,5.11144E+20,5.41891E+21,9.15213E+15,4.8923E+16
50271,8,3,25,53,2018,7,7,3,3,5,3,0,0,1,0,1,0,0,0,4.58869E+20,5.34475E+21,8.44589E+15,4.82546E+16
50272,8,2,26,81,2018,7,10,1,2,7,1,0,1,0,0,0,0,0,0,4.93441E+20,5.47509E+21,8.90955E+15,4.94284E+16
50273,8,1,25,98,2018,7,10,3,3,4,6,0,0,1,0,0,1,1,0,5.25201E+20,5.43718E+21,9.34514E+15,4.9087E+16
50274,8,2,15,84,2018,7,10,1,2,2,6,0,0,1,0,1,0,0,0,4.74188E+20,5.44402E+21,8.64605E+15,4.91485E+16
50275,8,2,11,0,2018,7,17,4,2,6,2,0,0,0,1,1,0,0,0,4.41906E+20,5.4035E+21,8.20919E+15,4.87818E+16
50276,8,2,16,24,2018,7,7,2,3,2,6,0,0,1,0,0,0,0,1,4.48055E+20,5.40774E+21,8.29235E+15,4.88204E+16
50277,8,1,25,21,2018,7,16,1,3,3,1,0,0,1,0,0,0,0,1,5.24649E+20,5.44732E+21,9.33821E+15,4.91782E+16
50278,8,1,11,0,2018,7,7,4,3,2,6,0,0,1,0,0,0,0,0,5.06114E+20,5.39999E+21,9.08317E+15,4.87529E+16
50279,8,2,15,109,2018,7,13,4,2,2,1,0,0,1,0,1,0,0,0,4.62822E+20,5.43844E+21,8.49071E+15,4.90977E+16
50280,8,2,31,0,2018,7,18,2,3,4,2,0,0,1,0,0,0,0,0,4.75984E+20,5.41549E+21,8.67237E+15,4.88919E+16
50281,8,1,18,51,2018,7,22,1,3,3,7,2,0,1,0,0,0,0,0,5.10657E+20,5.41466E+21,9.14537E+15,4.88848E+16
50282,8,1,16,72,2018,7,17,4,2,5,2,0,1,1,0,0,0,0,0,5.29745E+20,5.3935E+21,9.4042E+15,4.86939E+16
50283,8,1,16,42,2018,7,20,2,3,4,6,0,0,0,0,1,1,0,0,5.16928E+20,5.38158E+21,9.22955E+15,4.85871E+16
50284,8,3,16,56,2018,7,12,3,3,8,1,0,0,0,0,1,0,0,0,4.24705E+20,5.32613E+21,7.98897E+15,4.8084E+16
50285,8,1,16,72,2018,7,11,7,3,2,6,0,0,1,0,0,0,0,0,5.30569E+20,5.3934E+21,9.41539E+15,4.86929E+16
50286,8,1,11,0,2018,7,17,1,3,2,6,0,0,1,0,0,0,1,0,5.08393E+20,5.39515E+21,9.11409E+15,4.87093E+16
50287,8,1,18,48,2018,7,16,3,3,2,6,0,0,1,0,0,0,1,0,5.13001E+20,5.41529E+21,9.17735E+15,4.88904E+16
50288,8,1,35,16,2018,7,20,1,2,0,1,0,1,0,0,0,0,0,1,5.95384E+20,5.38722E+21,1.02946E+16,4.86308E+16
50289,8,1,25,103,2018,7,20,4,3,0,7,0,0,0,0,1,0,0,0,5.28962E+20,5.46189E+21,9.39843E+15,4.9309E+16
50290,8,3,17,26,2018,7,14,2,3,5,2,0,0,1,0,0,0,0,0,4.14756E+20,5.34833E+21,7.85096E+15,4.82825E+16
50291,8,1,11,0,2018,7,15,3,3,0,3,0,1,0,0,0,0,1,0,5.16115E+20,5.40566E+21,9.21947E+15,4.88038E+16
50292,8,1,28,115,2018,7,18,1,2,9,1,0,0,1,0,0,0,0,1,5.4965E+20,5.49509E+21,9.68719E+15,4.96063E+16
50293,8,4,35,16,2018,7,16,3,3,0,3,0,0,1,0,1,0,0,0,5.36047E+20,5.27916E+21,9.48013E+15,4.76649E+16
50294,8,1,15,41,2018,7,14,7,2,4,7,0,0,1,0,0,0,0,0,4.93756E+20,5.39978E+21,8.91505E+15,4.8751E+16
50295,8,3,37,22,2018,7,12,1,2,2,6,0,0,0,0,1,0,0,0,4.48676E+20,5.29485E+21,8.31454E+15,4.7805E+16
50296,8,2,36,43,2018,7,15,3,1,4,6,0,0,1,0,0,0,0,0,4.69352E+20,5.40861E+21,8.5824E+15,4.88297E+16
50297,8,1,19,89,2018,7,2,1,3,4,1,2,0,1,0,0,0,0,0,5.33438E+20,5.4109E+21,9.45579E+15,4.88502E+16
50298,8,1,16,47,2018,7,16,3,3,2,6,0,0,1,0,0,0,0,0,5.20743E+20,5.39318E+21,9.28186E+15,4.86913E+16
50299,8,1,11,0,2018,7,8,2,3,0,7,0,1,1,0,0,0,0,0,5.13363E+20,5.40451E+21,9.18195E+15,4.87935E+16
50300,8,2,26,105,2018,7,15,3,3,2,6,0,0,1,0,0,0,0,0,4.69604E+20,5.47712E+21,8.58067E+15,4.9446E+16
50301,8,1,19,20,2018,7,3,1,2,8,1,2,0,0,0,1,0,0,0,5.21124E+20,5.40557E+21,9.28768E+15,4.88028E+16
50302,8,1,19,8,2018,7,10,1,3,5,3,0,0,1,0,1,0,0,0,5.31071E+20,5.42163E+21,9.42435E+15,4.89468E+16
50303,8,1,36,42,2018,7,8,4,3,5,2,0,0,1,0,0,0,0,0,5.47007E+20,5.40424E+21,9.63999E+15,4.87894E+16
50304,8,1,36,43,2018,7,12,2,3,2,6,0,0,1,0,0,0,0,1,5.75427E+20,5.40806E+21,1.00276E+16,4.88209E+16
50305,8,1,11,0,2018,7,14,3,3,2,6,0,0,1,0,0,0,1,0,5.10659E+20,5.40019E+21,9.14502E+15,4.87546E+16
50306,8,1,18,10,2018,7,9,1,2,0,7,0,1,0,0,0,0,0,0,5.06851E+20,5.43144E+21,9.09373E+15,4.90358E+16
50307,8,4,16,41,2018,7,19,3,3,3,6,0,0,1,0,0,0,0,0,5.05543E+20,5.37331E+21,9.07505E+15,4.85129E+16
50308,8,3,26,60,2018,7,12,1,3,2,6,0,0,1,0,1,0,0,0,4.42267E+20,5.3313E+21,8.22407E+15,4.81324E+16
50309,8,2,15,66,2018,7,9,3,2,5,2,0,0,1,0,0,0,0,0,4.61758E+20,5.45361E+21,8.47469E+15,4.92341E+16
50310,8,1,16,47,2018,7,3,1,2,0,7,2,1,0,0,0,0,0,0,5.20554E+20,5.39276E+21,9.27927E+15,4.86876E+16
50311,8,2,26,85,2018,7,10,4,3,5,6,0,0,1,0,0,0,0,0,4.84429E+20,5.45579E+21,8.78603E+15,4.92547E+16
50312,8,3,17,39,2018,7,13,2,3,2,6,0,0,1,0,0,0,0,0,4.40836E+20,5.34647E+21,8.20272E+15,4.82686E+16
50313,8,1,16,77,2018,7,17,1,2,5,3,0,1,1,0,0,0,0,0,5.17923E+20,5.38875E+21,9.24335E+15,4.86516E+16
50314,8,1,19,79,2018,7,18,4,3,2,6,0,0,1,0,0,0,0,0,5.21529E+20,5.40741E+21,9.29328E+15,4.88193E+16
50315,8,1,18,81,2018,7,14,2,3,4,6,0,0,1,0,0,0,0,0,5.17629E+20,5.41247E+21,9.24038E+15,4.8865E+16
50316,8,3,26,3,2018,7,18,2,3,5,3,0,0,1,0,0,0,0,0,4.65299E+20,5.31736E+21,8.53474E+15,4.80086E+16
50317,8,1,11,0,2018,7,6,1,3,1,7,1,0,1,0,0,0,0,0,5.1323E+20,5.40621E+21,9.18019E+15,4.88087E+16
50318,8,1,28,126,2018,7,17,4,3,2,6,0,0,1,0,0,0,0,0,5.6719E+20,5.47967E+21,9.9273E+15,4.9466E+16
50319,8,1,25,86,2018,7,15,2,3,8,1,0,0,0,0,1,0,0,0,5.08409E+20,5.43999E+21,9.11523E+15,4.91127E+16
50320,8,3,36,19,2018,7,15,3,3,2,6,0,0,1,0,0,0,0,0,3.9467E+20,5.27585E+21,7.59803E+15,4.76275E+16
50321,8,3,17,110,2018,7,4,1,2,8,1,1,0,1,0,0,0,0,0,4.30369E+20,5.38209E+21,8.05576E+15,4.8588E+16
50322,8,1,15,21,2018,7,20,3,3,8,1,2,0,1,0,0,0,0,1,4.92581E+20,5.38079E+21,8.89941E+15,4.85802E+16
50323,8,1,11,0,2018,7,22,1,3,5,3,2,0,1,0,0,0,0,0,5.12476E+20,5.40136E+21,9.16978E+15,4.87651E+16
50324,8,2,16,13,2018,7,19,4,3,9,1,0,0,0,0,1,0,0,0,4.47459E+20,5.38932E+21,8.28658E+15,4.86548E+16
50325,8,2,12,0,2018,7,3,2,3,3,1,2,0,1,0,0,0,1,1,4.588E+20,5.42521E+21,8.43696E+15,4.89784E+16
50326,8,4,36,9,2018,7,18,7,3,5,3,0,0,1,0,0,0,0,0,5.5724E+20,5.30719E+21,9.7661E+15,4.79155E+16
50327,8,1,17,26,2018,7,12,4,3,2,2,0,0,1,0,0,0,0,0,5.49855E+20,5.39642E+21,9.67781E+15,4.87188E+16
50328,8,4,36,9,2018,7,14,2,3,5,3,0,1,1,0,0,0,0,0,5.56002E+20,5.30819E+21,9.74965E+15,4.79246E+16
50329,8,1,11,0,2018,7,16,3,3,2,6,0,0,1,0,0,0,0,0,5.13385E+20,5.40151E+21,9.18215E+15,4.87664E+16
50330,8,1,17,26,2018,7,12,2,3,1,7,0,0,1,0,1,0,0,0,5.45733E+20,5.39547E+21,9.62166E+15,4.87106E+16
50331,8,3,17,145,2018,7,15,3,3,2,6,0,0,1,0,0,0,1,0,4.41998E+20,5.34901E+21,8.21803E+15,4.82916E+16
50332,8,4,37,88,2018,7,13,7,3,5,3,0,1,0,0,0,0,1,0,5.21332E+20,5.30254E+21,9.28529E+15,4.78758E+16
50333,8,3,35,75,2018,7,16,3,2,8,1,0,0,1,0,0,0,0,1,4.90865E+20,5.2933E+21,8.87802E+15,4.7793E+16
50334,8,4,37,107,2018,7,16,7,3,9,1,0,0,0,0,1,0,0,0,5.07721E+20,5.33326E+21,9.10381E+15,4.81525E+16
50335,8,1,27,59,2018,7,19,3,2,1,1,0,0,1,0,1,0,0,0,5.47354E+20,5.44193E+21,9.64909E+15,4.91284E+16
50336,8,4,35,42,2018,7,13,7,2,5,3,0,1,1,0,0,0,0,0,5.5353E+20,5.27874E+21,9.71293E+15,4.76598E+16
50337,8,2,15,46,2018,7,16,4,3,0,1,0,0,0,0,1,1,0,1,4.51399E+20,5.41196E+21,8.3374E+15,4.88587E+16
50338,8,2,26,48,2018,7,12,2,3,4,6,0,0,1,0,0,0,1,0,4.84894E+20,5.46453E+21,8.79209E+15,4.93333E+16
50339,8,4,36,6,2018,7,13,7,3,2,6,0,0,1,0,0,0,0,0,5.59102E+20,5.2832E+21,9.78774E+15,4.76995E+16
50340,8,1,15,2,2018,7,7,4,3,5,3,0,1,1,0,0,0,0,0,4.9968E+20,5.38643E+21,8.99566E+15,4.8631E+16
50341,8,3,35,77,2018,7,8,2,3,5,2,0,0,1,0,0,0,0,0,4.92977E+20,5.2961E+21,8.90619E+15,4.78182E+16
50342,8,1,11,0,2018,7,19,2,2,2,6,0,0,1,0,0,0,1,0,5.15379E+20,5.40592E+21,9.20944E+15,4.88061E+16
50343,8,3,15,7,2018,7,13,3,3,8,6,0,1,1,0,0,0,0,0,4.00389E+20,5.29304E+21,7.6702E+15,4.7783E+16
50344,8,1,15,51,2018,7,13,7,3,2,6,0,0,1,0,0,0,0,0,5.02167E+20,5.3849E+21,9.0294E+15,4.86172E+16
50345,8,4,35,16,2018,7,4,7,2,0,1,2,1,0,0,0,0,0,1,5.36567E+20,5.27922E+21,9.48706E+15,4.76653E+16
50346,8,1,17,24,2018,7,14,3,3,2,6,0,0,1,0,0,0,0,0,5.61364E+20,5.38626E+21,9.83276E+15,4.86264E+16
50347,8,4,35,16,2018,7,14,7,3,5,2,0,1,1,0,0,0,0,0,5.3616E+20,5.27905E+21,9.48163E+15,4.76638E+16
50348,8,1,18,78,2018,7,14,4,2,2,6,0,0,1,0,0,0,1,0,5.1425E+20,5.42098E+21,9.1946E+15,4.89415E+16
50349,8,3,35,28,2018,7,12,2,3,2,6,0,0,1,0,0,0,1,0,4.84873E+20,5.28718E+21,8.79824E+15,4.77378E+16
50350,8,1,25,46,2018,7,4,2,3,8,1,2,0,1,0,0,0,0,1,5.19482E+20,5.43282E+21,9.26662E+15,4.9048E+16
50351,8,1,25,65,2018,7,6,3,3,0,1,0,1,0,0,0,0,0,0,5.16725E+20,5.45034E+21,9.22961E+15,4.92056E+16
50352,8,4,37,107,2018,7,14,7,2,4,6,0,0,1,0,1,0,0,0,5.06556E+20,5.32863E+21,9.08808E+15,4.81109E+16
50353,8,2,11,0,2018,7,20,4,2,8,1,1,0,0,0,1,0,0,0,4.46229E+20,5.40241E+21,8.26817E+15,4.87724E+16
50354,8,2,16,43,2018,7,22,2,2,5,3,2,0,1,0,0,0,0,0,4.44134E+20,5.41206E+21,8.23834E+15,4.8859E+16
50355,8,4,35,34,2018,7,22,7,2,3,6,2,0,1,0,0,0,0,0,5.31914E+20,5.28342E+21,9.4254E+15,4.77033E+16
50356,8,2,35,25,2018,7,5,3,3,7,7,1,0,0,0,1,0,0,0,4.62509E+20,5.38925E+21,8.49093E+15,4.86552E+16
50357,8,2,12,0,2018,7,16,2,3,5,2,0,1,0,0,0,0,1,0,4.52777E+20,5.42961E+21,8.35414E+15,4.90176E+16