OBJECTID_1,ULAND,UREGBEZ,UKREIS,UGEMEINDE,UJAHR,UMONAT,USTUNDE,UWOCHENTAG,UKATEGORIE,UART,UTYP1,ULICHTVERH,IstRad,IstPKW,IstFuss,IstKrad,IstGkfz,IstSonstig,STRZUSTAND,LINREFX,LINREFY,XGCSWGS84,YGCSWGS84
50547,8,2,36,40,2018,7,18,5,2,2,6,0,1,1,0,0,0,0,0,4.92046E+20,5.42146E+21,8.89138E+15,4.8946E+16
50548,8,4,15,61,2018,7,16,4,3,0,1,0,0,0,0,1,0,0,0,5.14303E+20,5.37113E+21,9.19359E+15,4.84932E+16
50549,8,3,25,57,2018,7,12,6,3,4,1,0,0,1,0,0,0,0,0,4.69571E+20,5.35799E+21,8.5891E+15,4.83744E+16
50550,8,1,27,76,2018,7,11,7,3,0,1,0,0,0,0,1,0,0,1,5.51774E+20,5.4396E+21,9.70937E+15,4.91071E+16
50551,8,1,19,20,2018,7,19,5,3,5,2,0,1,0,0,0,0,1,0,5.1902E+20,5.40873E+21,9.25917E+15,4.88313E+16
50552,8,1,27,14,2018,7,17,2,2,2,2,0,0,1,0,1,0,0,0,5.75224E+20,5.44211E+21,1.00311E+16,4.91272E+16
50553,8,1,36,21,2018,7,12,6,3,3,6,0,0,1,0,0,0,1,0,5.75074E+20,5.41069E+21,1.00232E+16,4.88446E+16
50554,8,1,36,65,2018,7,12,6,3,6,6,0,1,0,1,0,0,0,0,5.59024E+20,5.40606E+21,9.80384E+15,4.88048E+16
50555,8,4,25,39,2018,7,6,1,2,8,7,1,0,1,0,0,0,0,1,5.68536E+20,5.35053E+21,9.92422E+15,4.83042E+16
50556,8,4,17,2,2018,7,16,5,3,5,3,0,0,1,0,0,0,0,0,4.89085E+20,5.34699E+21,8.85289E+15,4.8276E+16
50557,8,3,35,43,2018,7,12,7,3,2,5,0,0,1,0,0,0,0,0,5.09734E+20,5.2812E+21,9.12971E+15,4.76841E+16
50558,8,2,15,9,2018,7,9,5,3,5,3,0,0,1,0,1,0,0,0,4.69057E+20,5.43977E+21,8.57601E+15,4.911E+16
50559,8,2,26,107,2018,7,15,6,3,2,6,0,0,1,0,0,0,0,0,4.73909E+20,5.48333E+21,8.63965E+15,4.95021E+16
50560,8,1,18,50,2018,7,13,7,3,5,3,0,0,1,0,0,0,0,1,5.0746E+20,5.41687E+21,9.1018E+15,4.89048E+16
50561,8,1,11,0,2018,7,15,5,3,6,4,0,0,1,1,0,0,0,0,5.16644E+20,5.40755E+21,9.22674E+15,4.88208E+16
50562,8,1,19,24,2018,7,10,2,3,8,1,0,0,1,0,0,0,0,0,5.41185E+20,5.42984E+21,9.56331E+15,4.902E+16
50563,8,3,17,1,2018,7,5,6,3,0,2,0,0,1,0,1,0,0,0,4.31535E+20,5.38781E+21,8.07063E+15,4.86396E+16
50564,8,1,26,47,2018,7,4,7,1,8,1,2,0,1,0,0,0,0,0,5.49333E+20,5.45155E+21,9.67739E+15,4.92148E+16
50565,8,1,18,47,2018,7,14,5,3,2,6,0,0,1,0,0,0,0,0,5.06798E+20,5.42638E+21,9.09292E+15,4.89903E+16
50566,8,1,21,0,2018,7,17,2,3,2,6,0,0,1,0,0,0,1,0,5.14431E+20,5.44205E+21,9.19782E+15,4.91311E+16
50567,8,1,19,4,2018,7,13,6,3,5,3,0,0,1,0,1,0,0,0,5.42634E+20,5.41909E+21,9.582E+15,4.89233E+16
50568,8,4,26,21,2018,7,11,6,2,5,3,0,1,0,0,0,0,1,0,5.58818E+20,5.32862E+21,9.79015E+15,4.81081E+16
50569,8,3,35,98,2018,7,13,1,2,0,1,0,1,0,0,0,0,0,0,5.0022E+20,5.29464E+21,9.00294E+15,4.78052E+16
50570,8,2,36,39,2018,7,16,1,3,5,3,0,0,1,0,0,0,0,0,4.90505E+20,5.41121E+21,8.87056E+15,4.88538E+16
50571,8,3,35,63,2018,7,11,5,2,0,2,0,0,1,0,1,0,0,0,4.98712E+20,5.28992E+21,8.98281E+15,4.77626E+16
50572,8,3,11,0,2018,7,18,7,3,3,2,0,1,1,0,0,0,0,0,4.13263E+20,5.31586E+21,7.83745E+15,4.79902E+16
50573,8,1,18,21,2018,7,9,5,3,0,1,0,0,1,0,0,0,0,0,5.18045E+20,5.42916E+21,9.24678E+15,4.9015E+16
50574,8,2,35,8,2018,7,19,6,3,2,2,0,1,1,0,0,0,0,0,4.80295E+20,5.40259E+21,8.7318E+15,4.8776E+16
50575,8,1,17,49,2018,7,15,7,3,0,3,0,0,1,0,0,0,0,0,5.55336E+20,5.39192E+21,9.75171E+15,4.86779E+16
50576,8,3,26,17,2018,7,9,4,3,6,4,0,0,1,1,0,0,0,0,4.40796E+20,5.32233E+21,8.20554E+15,4.80515E+16
50577,8,1,17,19,2018,7,17,2,3,5,3,0,0,0,0,1,0,1,0,5.54022E+20,5.39515E+21,9.73429E+15,4.8707E+16
50578,8,1,15,42,2018,7,10,6,3,2,6,0,0,1,0,0,0,0,0,4.94351E+20,5.40657E+21,8.92306E+15,4.88121E+16
50579,8,1,28,39,2018,7,18,1,3,5,2,0,0,1,0,1,0,0,0,5.23354E+20,5.51135E+21,9.32422E+15,4.97541E+16
50580,8,3,15,76,2018,7,17,5,3,2,6,0,0,1,0,0,1,0,0,3.91824E+20,5.29665E+21,7.555E+15,4.78141E+16
50581,8,1,16,33,2018,7,18,6,3,9,1,0,1,0,0,0,0,0,1,5.32851E+20,5.38856E+21,9.44601E+15,4.86493E+16
50582,8,3,17,116,2018,7,16,1,3,2,2,0,0,1,0,1,0,0,0,4.40427E+20,5.38321E+21,8.19198E+15,4.85991E+16
50583,8,2,15,90,2018,7,15,1,3,0,7,0,0,0,0,1,0,0,0,4.65402E+20,5.4326E+21,8.52655E+15,4.90453E+16
50584,8,3,26,74,2018,7,16,5,3,6,4,0,0,1,1,0,0,0,0,4.59422E+20,5.32321E+21,8.45539E+15,4.80609E+16
50585,8,2,26,82,2018,7,20,7,3,0,7,0,0,1,0,0,0,1,0,4.75665E+20,5.48044E+21,8.66408E+15,4.94761E+16
50586,8,1,35,19,2018,7,7,5,3,1,6,0,0,1,0,1,0,0,0,5.82844E+20,5.39246E+21,1.01255E+16,4.86797E+16
50587,8,4,15,61,2018,7,19,4,3,0,1,0,0,0,0,1,0,0,0,5.13197E+20,5.37688E+21,9.1788E+15,4.85449E+16
50588,8,2,26,85,2018,7,7,6,3,2,6,0,0,1,0,0,0,1,0,4.90216E+20,5.45599E+21,8.86554E+15,4.92566E+16
50589,8,1,15,3,2018,7,13,7,3,2,6,0,0,1,0,0,0,0,1,5.00333E+20,5.39324E+21,9.00452E+15,4.86922E+16
50590,8,4,36,1,2018,7,17,4,3,0,1,0,0,1,0,1,0,0,0,5.54701E+20,5.27306E+21,9.72782E+15,4.76087E+16
50591,8,1,16,33,2018,7,10,2,3,0,1,0,1,0,0,0,0,0,0,5.329E+20,5.38855E+21,9.44668E+15,4.86491E+16
50592,8,4,35,57,2018,7,14,5,3,5,3,0,1,1,0,0,0,0,0,5.43262E+20,5.27933E+21,9.57624E+15,4.76659E+16
50593,8,1,16,19,2018,7,16,4,3,4,6,0,1,0,0,0,0,0,0,5.23486E+20,5.3971E+21,9.31936E+15,4.87265E+16
50594,8,1,19,85,2018,7,22,1,2,1,1,2,0,0,0,1,1,0,1,5.28597E+20,5.41368E+21,9.39E+15,4.88754E+16
50595,8,2,37,28,2018,7,7,5,3,8,6,0,0,1,0,0,0,0,0,4.57822E+20,5.37429E+21,8.42881E+15,4.85203E+16
50596,8,4,15,61,2018,7,18,4,3,2,6,0,0,1,0,0,0,0,0,5.16254E+20,5.3723E+21,9.22005E+15,4.85036E+16
50597,8,3,35,99,2018,7,20,6,3,5,3,1,0,1,0,1,0,0,0,4.96008E+20,5.29848E+21,8.94665E+15,4.78397E+16
50598,8,1,15,45,2018,7,15,7,3,9,1,0,0,0,0,1,0,0,1,5.04723E+20,5.39699E+21,9.06422E+15,4.87259E+16
50599,8,1,19,83,2018,7,16,5,3,9,1,0,0,0,0,1,0,0,0,5.37718E+20,5.41676E+21,9.51467E+15,4.89026E+16
50600,8,1,18,28,2018,7,23,2,3,4,6,2,0,1,0,0,0,0,0,5.14233E+20,5.42861E+21,9.19463E+15,4.90103E+16
50601,8,1,15,42,2018,7,23,6,2,9,1,2,0,0,0,1,0,0,0,4.93668E+20,5.40695E+21,8.91375E+15,4.88155E+16
50602,8,4,15,78,2018,7,15,4,3,2,6,0,0,1,0,0,0,0,0,5.31361E+20,5.36754E+21,9.4242E+15,4.84602E+16
50603,8,2,25,58,2018,7,11,7,3,1,1,0,0,1,0,0,0,0,0,5.10882E+20,5.46753E+21,9.14987E+15,4.93604E+16
50604,8,1,25,58,2018,7,7,5,2,5,3,0,1,1,0,0,0,0,0,5.09952E+20,5.44324E+21,9.13645E+15,4.91419E+16
50605,8,2,12,0,2018,7,16,6,3,5,3,0,0,1,0,0,0,0,0,4.56493E+20,5.42337E+21,8.40563E+15,4.89618E+16
50606,8,1,11,0,2018,7,10,7,3,2,6,0,0,1,0,0,0,0,0,5.11442E+20,5.40642E+21,9.15584E+15,4.88107E+16
50607,8,1,11,0,2018,7,19,2,3,0,1,0,1,0,0,0,0,0,0,5.17261E+20,5.40513E+21,9.23505E+15,4.87989E+16
50608,8,4,17,79,2018,7,13,5,3,9,1,0,0,1,0,0,0,0,0,4.98626E+20,5.33805E+21,8.98151E+15,4.81957E+16
50609,8,4,15,87,2018,7,7,4,3,2,6,0,0,1,0,0,0,0,0,5.12741E+20,5.38096E+21,9.17276E+15,4.85816E+16
50610,8,1,11,0,2018,7,18,1,3,5,3,0,1,1,0,0,0,0,1,5.12607E+20,5.4016E+21,9.17156E+15,4.87673E+16
50611,8,2,26,85,2018,7,11,5,3,2,6,0,0,1,0,0,0,1,0,4.90302E+20,5.45594E+21,8.86672E+15,4.92561E+16
50612,8,3,17,146,2018,7,15,6,3,8,7,0,1,0,0,0,0,0,0,4.29155E+20,5.35393E+21,8.04408E+15,4.83346E+16
50613,8,1,27,73,2018,7,13,7,2,9,1,0,0,1,0,0,0,0,1,5.76972E+20,5.44844E+21,1.00563E+16,4.91839E+16
50614,8,1,19,6,2018,7,11,5,3,5,3,0,0,1,0,1,0,0,0,5.36544E+20,5.42235E+21,9.49916E+15,4.8953E+16
50615,8,1,25,26,2018,7,17,2,3,5,3,0,0,1,0,1,0,0,0,4.92311E+20,5.44367E+21,8.89456E+15,4.91458E+16
50616,8,1,27,75,2018,7,16,6,2,5,3,0,0,1,0,0,0,0,0,5.75259E+20,5.4698E+21,1.00368E+16,4.93763E+16
50617,8,4,35,16,2018,7,23,6,3,3,7,2,0,1,0,1,0,0,0,5.3704E+20,5.27837E+21,9.49329E+15,4.76577E+16
50618,8,4,15,50,2018,7,18,1,3,2,6,0,0,1,0,0,0,0,1,5.19478E+20,5.37556E+21,9.26384E+15,4.85329E+16
50619,8,2,15,100,2018,7,10,1,1,8,1,0,0,1,0,0,0,0,0,4.75839E+20,5.45092E+21,8.66827E+15,4.92106E+16
50620,8,4,15,78,2018,7,17,5,3,2,2,0,0,1,0,0,0,0,0,5.30098E+20,5.36936E+21,9.40725E+15,4.84766E+16
50621,8,4,37,31,2018,7,10,6,3,6,6,0,0,0,1,0,0,1,0,5.15782E+20,5.34394E+21,9.21259E+15,4.82485E+16
50622,8,4,35,59,2018,7,16,1,2,8,7,0,0,0,0,1,0,0,0,5.08105E+20,5.29625E+21,9.10827E+15,4.78196E+16
50623,8,4,26,38,2018,7,18,5,2,5,3,0,0,1,0,0,0,0,0,5.57986E+20,5.3155E+21,9.77719E+15,4.79902E+16
50624,8,4,25,75,2018,7,14,7,3,8,1,0,0,0,0,1,0,0,1,5.66243E+20,5.37683E+21,9.89745E+15,4.85411E+16
50625,8,2,26,41,2018,7,16,5,3,3,2,0,1,0,0,0,0,1,0,4.77798E+20,5.46523E+21,8.69437E+15,4.93394E+16
50626,8,3,15,74,2018,7,13,6,3,2,6,0,0,1,0,0,0,0,0,3.96807E+20,5.29846E+21,7.62111E+15,4.78312E+16
50627,8,1,19,85,2018,7,20,7,3,0,6,0,0,1,0,0,0,1,1,5.27993E+20,5.41373E+21,9.38177E+15,4.88759E+16
50628,8,4,25,84,2018,7,11,5,3,2,6,0,0,1,0,0,0,0,0,5.59062E+20,5.37444E+21,9.79984E+15,4.85203E+16
50629,8,1,19,76,2018,7,15,2,3,5,3,0,0,1,0,1,0,0,0,5.42213E+20,5.40717E+21,9.57502E+15,4.88161E+16
50630,8,1,17,24,2018,7,6,6,2,5,3,0,0,1,0,1,0,0,0,5.60378E+20,5.38639E+21,9.8194E+15,4.86277E+16
50631,8,4,17,31,2018,7,11,6,3,0,1,0,0,0,0,1,0,0,0,4.98308E+20,5.35561E+21,8.97716E+15,4.83537E+16
50632,8,3,35,35,2018,7,17,1,3,8,1,0,0,1,0,0,0,0,1,4.828E+20,5.28884E+21,8.77052E+15,4.77527E+16
50633,8,2,26,54,2018,7,18,1,2,4,6,0,0,1,0,0,0,1,1,4.81971E+20,5.4545E+21,8.7523E+15,4.9243E+16
50634,8,4,36,64,2018,7,10,5,3,5,3,0,0,1,0,0,0,1,0,5.46591E+20,5.29385E+21,9.62215E+15,4.77964E+16
50635,8,3,37,2,2018,7,15,4,3,8,1,0,0,0,0,1,0,0,0,4.3201E+20,5.27649E+21,8.09486E+15,4.76383E+16
50636,8,4,16,6,2018,7,17,4,3,2,6,0,0,1,0,0,0,0,0,4.99826E+20,5.35952E+21,8.99764E+15,4.83888E+16
50637,8,2,31,0,2018,7,21,7,3,3,6,2,0,1,0,1,0,0,0,4.79878E+20,5.40974E+21,8.72576E+15,4.88403E+16
50638,8,1,11,0,2018,7,18,5,3,2,6,0,0,1,0,0,0,0,0,5.16562E+20,5.39345E+21,9.22506E+15,4.86939E+16
50639,8,2,36,31,2018,7,15,6,2,4,1,0,0,1,0,0,0,0,0,4.8038E+20,5.42027E+21,8.7321E+15,4.89351E+16
50640,8,1,16,4,2018,7,12,7,3,5,2,0,1,1,0,0,0,0,1,5.28101E+20,5.39662E+21,9.38208E+15,4.8722E+16
50641,8,3,26,74,2018,7,17,7,3,2,6,0,0,1,0,0,0,0,0,4.60659E+20,5.31965E+21,8.47232E+15,4.80289E+16
50642,8,2,12,0,2018,7,20,5,3,5,3,0,0,1,0,1,0,0,0,4.54519E+20,5.42669E+21,8.37829E+15,4.89915E+16
50643,8,2,12,0,2018,7,18,6,3,2,6,0,0,1,0,0,0,0,0,4.55389E+20,5.42975E+21,8.38985E+15,4.90191E+16
50644,8,1,18,79,2018,7,18,7,3,2,6,0,0,1,0,0,0,0,1,5.10214E+20,5.421E+21,9.13949E+15,4.89419E+16
50645,8,4,36,69,2018,7,10,4,3,1,2,0,0,1,0,0,0,0,0,5.52618E+20,5.29191E+21,9.70238E+15,4.77784E+16
50646,8,1,18,77,2018,7,17,2,3,5,3,0,0,1,0,1,0,0,0,5.12869E+20,5.4228E+21,9.1758E+15,4.89579E+16
50647,8,1,16,49,2018,7,18,6,3,5,3,0,1,1,0,0,0,0,1,5.25275E+20,5.38559E+21,9.34298E+15,4.86229E+16
50648,8,2,21,0,2018,7,11,1,3,2,6,0,0,1,0,0,0,0,0,4.73695E+20,5.47207E+21,8.63744E+15,4.94008E+16
50649,8,2,12,0,2018,7,19,1,3,2,6,0,0,1,0,1,0,0,1,4.63177E+20,5.42811E+21,8.49651E+15,4.90048E+16
50650,8,3,25,57,2018,7,11,5,3,3,6,0,0,1,0,0,0,1,0,4.72735E+20,5.35664E+21,8.63191E+15,4.83623E+16
50651,8,3,35,79,2018,7,21,4,3,0,7,1,0,0,0,0,0,1,0,5.00409E+20,5.29971E+21,9.00546E+15,4.78508E+16
50652,8,2,26,63,2018,7,11,7,3,1,6,0,0,1,0,0,0,0,0,4.70591E+20,5.47E+21,8.59481E+15,4.9382E+16
50653,8,1,28,131,2018,7,14,5,3,2,6,0,0,1,0,0,0,0,0,5.36641E+20,5.51385E+21,9.50891E+15,4.9776E+16
50654,8,4,15,50,2018,7,17,4,3,5,3,0,0,1,0,0,0,0,0,5.214E+20,5.37584E+21,9.28989E+15,4.85353E+16
50655,8,2,21,0,2018,7,17,6,3,0,6,0,0,0,0,0,0,1,0,4.77332E+20,5.46909E+21,8.68774E+15,4.93741E+16
50656,8,1,11,0,2018,7,23,7,2,6,4,2,0,1,1,0,0,0,1,5.16201E+20,5.40393E+21,9.22057E+15,4.87882E+16
50657,8,4,37,31,2018,7,16,4,3,4,7,0,0,1,0,0,0,0,0,5.21689E+20,5.34333E+21,9.29213E+15,4.82428E+16
50658,8,1,16,46,2018,7,19,2,2,9,1,0,0,1,0,1,0,0,0,5.29423E+20,5.37698E+21,9.39865E+15,4.85452E+16
50659,8,3,36,14,2018,7,8,5,3,4,2,0,0,1,0,0,0,0,0,3.91569E+20,5.27888E+21,7.55602E+15,4.76543E+16
50660,8,3,35,28,2018,7,15,4,3,5,3,0,0,1,0,0,0,0,0,4.82727E+20,5.28707E+21,8.76962E+15,4.77368E+16
50661,8,2,37,2,2018,7,15,4,2,5,3,0,0,1,0,1,0,0,0,4.55646E+20,5.3548E+21,8.4014E+15,4.83448E+16
50662,8,1,17,2,2018,7,8,2,3,9,6,0,0,1,0,0,0,1,0,5.40504E+20,5.38683E+21,9.54975E+15,4.86332E+16
50663,8,1,11,0,2018,7,12,6,3,8,2,0,0,1,0,0,0,1,0,5.096E+20,5.39728E+21,9.13054E+15,4.87285E+16
50664,8,2,25,60,2018,7,2,1,2,2,1,2,0,1,0,0,0,0,0,5.10769E+20,5.48301E+21,9.14873E+15,4.94996E+16
50665,8,3,15,95,2018,7,17,5,3,0,1,0,0,0,0,1,0,0,0,4.25174E+20,5.32042E+21,7.99627E+15,4.80327E+16
50666,8,3,35,25,2018,7,17,4,3,1,5,0,1,1,0,0,0,0,0,4.99557E+20,5.28254E+21,8.9941E+15,4.76963E+16
50667,8,4,16,36,2018,7,6,6,3,5,3,0,0,1,0,0,0,0,0,4.90663E+20,5.37256E+21,8.87359E+15,4.85061E+16
50668,8,2,12,0,2018,7,20,7,3,2,6,1,0,1,0,0,0,0,1,4.58072E+20,5.42768E+21,8.42675E+15,4.90006E+16
50669,8,1,25,94,2018,7,19,5,3,2,6,0,0,1,0,0,0,0,0,5.13392E+20,5.43827E+21,9.18346E+15,4.90972E+16
50670,8,2,16,9,2018,7,11,6,2,5,7,0,0,1,0,0,0,0,0,4.46815E+20,5.42088E+21,8.27375E+15,4.89385E+16
50671,8,1,11,0,2018,7,22,7,3,2,6,2,0,1,0,0,0,0,1,5.14969E+20,5.40281E+21,9.20375E+15,4.87781E+16
50672,8,1,36,42,2018,7,22,1,3,8,1,2,0,1,0,0,0,0,1,5.5009E+20,5.40531E+21,9.68209E+15,4.87988E+16
50673,8,4,36,11,2018,7,17,5,3,2,6,0,0,1,0,0,0,0,0,5.46152E+20,5.29736E+21,9.61665E+15,4.7828E+16
50674,8,3,35,43,2018,7,15,4,3,5,2,0,1,1,0,0,0,0,0,5.14862E+20,5.28025E+21,9.19799E+15,4.76754E+16
50675,8,4,37,88,2018,7,19,7,2,6,4,0,0,1,1,0,0,0,1,5.18181E+20,5.30851E+21,9.2434E+15,4.79297E+16
50676,8,2,26,84,2018,7,19,5,2,1,5,1,0,1,0,0,0,0,0,4.70368E+20,5.47046E+21,8.59171E+15,4.93862E+16
50677,8,3,35,75,2018,7,19,4,2,8,1,0,1,0,0,0,0,0,0,4.93877E+20,5.28337E+21,8.91839E+15,4.77037E+16
50678,8,3,17,85,2018,7,16,6,3,4,6,0,0,1,0,0,0,0,0,4.31022E+20,5.35891E+21,8.06844E+15,4.83796E+16
50679,8,1,26,46,2018,7,11,7,3,4,6,0,0,1,0,0,0,0,1,5.48912E+20,5.45722E+21,9.67231E+15,4.92658E+16
50680,8,1,18,48,2018,7,17,5,3,2,6,0,0,1,0,0,0,0,0,5.13808E+20,5.41661E+21,9.18841E+15,4.89023E+16
50681,8,1,18,46,2018,7,2,1,3,2,6,2,0,1,0,0,0,0,0,5.14363E+20,5.41183E+21,9.19582E+15,4.88593E+16
50682,8,2,31,0,2018,7,17,5,2,4,7,0,0,1,0,0,0,0,0,4.79833E+20,5.41799E+21,8.72475E+15,4.89145E+16
50683,8,3,27,55,2018,7,16,6,3,5,3,0,0,1,0,0,0,0,0,4.79892E+20,5.31846E+21,8.73033E+15,4.80191E+16
50684,8,1,27,76,2018,7,16,7,3,8,1,0,0,1,0,0,0,0,1,5.53842E+20,5.4404E+21,9.73781E+15,4.91141E+16
50685,8,1,19,67,2018,7,11,5,3,5,3,0,1,1,0,0,0,0,0,5.39428E+20,5.40733E+21,9.5371E+15,4.88177E+16
50686,8,2,25,91,2018,7,18,2,2,6,4,0,1,0,1,0,0,0,0,5.24106E+20,5.47682E+21,9.33254E+15,4.94435E+16
50687,8,4,16,36,2018,7,15,6,3,2,6,0,0,1,0,0,0,0,0,4.91014E+20,5.374E+21,8.87832E+15,4.85191E+16
50688,8,4,26,117,2018,7,17,6,3,8,1,0,0,1,0,0,0,0,0,5.83521E+20,5.32015E+21,1.01203E+16,4.80291E+16
50689,8,4,21,0,2018,7,3,1,2,9,1,2,0,1,0,0,0,0,0,5.70785E+20,5.35844E+21,9.95588E+15,4.83752E+16
50690,8,4,21,0,2018,7,1,5,2,6,7,2,0,0,1,0,0,1,0,5.74244E+20,5.36116E+21,1.00031E+16,4.83992E+16
50691,8,4,36,64,2018,7,16,4,2,4,2,0,0,1,0,0,0,0,0,5.46591E+20,5.29387E+21,9.62215E+15,4.77965E+16
50692,8,3,36,103,2018,7,11,7,2,4,1,0,0,1,0,0,0,0,0,4.15719E+20,5.28646E+21,7.87608E+15,4.7726E+16
50693,8,2,16,43,2018,7,16,5,3,4,2,0,0,1,0,0,0,0,0,4.39031E+20,5.41171E+21,8.16883E+15,4.88554E+16
50694,8,2,31,0,2018,7,16,6,3,2,6,0,0,1,0,0,0,0,0,4.78076E+20,5.41765E+21,8.70079E+15,4.89114E+16
50695,8,1,18,76,2018,7,1,7,2,8,7,2,0,0,0,1,0,0,0,5.02349E+20,5.42352E+21,9.03209E+15,4.89646E+16
50696,8,1,11,0,2018,7,16,5,3,3,6,0,0,1,0,1,0,0,0,5.1214E+20,5.40985E+21,9.16546E+15,4.88415E+16
50697,8,1,19,38,2018,7,18,2,3,4,6,0,0,1,0,0,1,0,0,5.23261E+20,5.42183E+21,9.3177E+15,4.8949E+16
50698,8,1,16,42,2018,7,9,6,3,6,4,0,0,1,1,0,0,0,0,5.17406E+20,5.3819E+21,9.23604E+15,4.85899E+16
50699,8,3,17,118,2018,7,12,1,3,9,6,0,0,1,0,1,0,0,0,4.37989E+20,5.38514E+21,8.15863E+15,4.86163E+16
50700,8,2,15,7,2018,7,21,1,3,2,1,1,0,1,0,0,0,0,1,4.79168E+20,5.43207E+21,8.71496E+15,4.90412E+16
50701,8,1,25,78,2018,7,15,2,3,0,7,0,0,0,0,0,0,1,0,5.18715E+20,5.45414E+21,9.25711E+15,4.92398E+16
50702,8,1,21,0,2018,7,15,6,3,5,3,0,1,1,0,0,0,0,0,5.16231E+20,5.44448E+21,9.22259E+15,4.91529E+16
50703,8,4,26,128,2018,7,20,6,2,8,1,1,0,1,0,0,0,0,0,5.56148E+20,5.33163E+21,9.75468E+15,4.81355E+16
50704,8,3,36,10,2018,7,16,1,3,7,7,0,0,0,0,1,0,0,0,4.13627E+20,5.29406E+21,7.84669E+15,4.77941E+16
50705,8,2,31,0,2018,7,14,1,3,5,3,0,0,1,0,1,0,0,0,4.75553E+20,5.41521E+21,8.66649E+15,4.88894E+16
50706,8,3,36,84,2018,7,21,5,2,9,7,1,0,0,0,1,0,0,0,4.05148E+20,5.28083E+21,7.73638E+15,4.76739E+16
50707,8,3,25,53,2018,7,7,4,3,2,6,0,0,1,0,1,0,0,0,4.5673E+20,5.34112E+21,8.41744E+15,4.82218E+16
50708,8,3,16,2,2018,7,15,7,2,5,2,0,0,1,0,1,0,0,0,4.05721E+20,5.33028E+21,7.73321E+15,4.81188E+16
50709,8,3,17,57,2018,7,10,5,3,5,3,0,1,1,0,0,0,0,0,4.12032E+20,5.38102E+21,7.80738E+15,4.85761E+16
50710,8,2,35,46,2018,7,6,6,3,5,3,0,0,1,0,0,0,0,0,4.8189E+20,5.37666E+21,8.75464E+15,4.85427E+16
50711,8,1,17,26,2018,7,23,7,3,4,1,2,0,1,0,0,0,0,1,5.4864E+20,5.39423E+21,9.66103E+15,4.86992E+16
50712,8,3,37,22,2018,7,15,4,3,4,6,0,0,1,0,0,0,1,0,4.48536E+20,5.29437E+21,8.31273E+15,4.78007E+16
50713,8,1,17,3,2018,7,15,2,3,2,6,0,0,1,0,1,0,0,0,5.41845E+20,5.39384E+21,9.56865E+15,4.86962E+16
50714,8,1,15,28,2018,7,13,6,3,2,6,0,0,1,0,0,0,0,0,5.02621E+20,5.40205E+21,9.03568E+15,4.87714E+16
50715,8,2,36,25,2018,7,19,1,3,2,6,0,0,1,0,0,0,0,1,4.90992E+20,5.40821E+21,8.87727E+15,4.88268E+16
50716,8,3,15,6,2018,7,11,5,3,8,1,0,1,0,0,0,0,0,0,4.02139E+20,5.31032E+21,7.68965E+15,4.79387E+16
50717,8,3,17,47,2018,7,8,4,3,2,6,0,0,1,0,1,0,0,0,4.1764E+20,5.36247E+21,7.88705E+15,4.841E+16
50718,8,2,26,3,2018,7,13,7,3,2,6,0,0,1,0,0,0,0,0,4.66735E+20,5.45962E+21,8.54256E+15,4.92884E+16
50719,8,1,26,47,2018,7,17,5,3,2,6,0,0,1,0,0,0,1,0,5.49399E+20,5.45258E+21,9.67843E+15,4.9224E+16
50720,8,3,26,37,2018,7,18,5,3,4,6,0,0,1,0,0,0,0,0,4.5703E+20,5.32867E+21,8.42273E+15,4.81098E+16
50721,8,3,17,65,2018,7,8,4,3,2,6,0,0,1,0,0,0,0,0,4.17284E+20,5.35575E+21,7.88357E+15,4.83495E+16
50722,8,2,26,65,2018,7,14,7,3,2,6,0,0,1,0,1,0,0,1,4.75819E+20,5.45731E+21,8.66761E+15,4.92681E+16
50723,8,1,36,50,2018,7,15,5,2,3,7,0,0,1,0,1,0,0,0,5.82892E+20,5.40518E+21,1.01287E+16,4.87941E+16
50724,8,2,36,72,2018,7,16,6,3,5,3,0,0,1,0,0,0,0,0,4.65622E+20,5.41141E+21,8.53135E+15,4.88547E+16
50725,8,1,15,21,2018,7,6,7,3,0,6,0,0,1,0,0,0,0,0,4.8694E+20,5.38255E+21,8.82288E+15,4.85959E+16
50726,8,4,36,79,2018,7,20,4,2,0,7,1,1,0,0,0,0,0,0,5.54815E+20,5.28959E+21,9.73141E+15,4.77573E+16
50727,8,1,17,16,2018,7,11,2,3,2,6,0,0,1,0,0,0,0,0,5.48563E+20,5.37818E+21,9.65811E+15,4.85548E+16
50728,8,3,35,100,2018,7,15,5,3,4,6,0,1,0,0,0,0,0,0,4.87984E+20,5.28681E+21,8.83974E+15,4.77345E+16
50729,8,3,17,116,2018,7,9,4,3,2,6,0,0,1,0,1,0,0,0,4.33095E+20,5.38771E+21,8.09183E+15,4.86389E+16
50730,8,1,26,72,2018,7,20,1,3,8,1,1,0,1,0,0,0,0,0,5.36889E+20,5.4671E+21,9.50797E+15,4.93555E+16
50731,8,2,12,0,2018,7,8,5,3,2,6,0,0,1,0,0,0,0,0,4.54843E+20,5.42705E+21,8.38268E+15,4.89947E+16
50732,8,3,15,41,2018,7,17,4,3,2,6,0,0,1,0,0,0,0,0,4.22332E+20,5.32221E+21,7.95784E+15,4.80485E+16
50733,8,1,16,78,2018,7,7,4,3,8,7,0,0,0,0,1,0,1,1,5.09353E+20,5.39166E+21,9.12706E+15,4.86779E+16
50734,8,3,36,100,2018,7,17,6,3,4,6,0,0,1,0,1,0,0,0,3.99755E+20,5.27899E+21,7.66498E+15,4.76566E+16
50735,8,1,11,0,2018,7,14,7,3,8,1,0,0,1,0,0,0,0,1,5.12261E+20,5.39414E+21,9.16663E+15,4.87002E+16