OBJECTID_1,ULAND,UREGBEZ,UKREIS,UGEMEINDE,UJAHR,UMONAT,USTUNDE,UWOCHENTAG,UKATEGORIE,UART,UTYP1,ULICHTVERH,IstRad,IstPKW,IstFuss,IstKrad,IstGkfz,IstSonstig,STRZUSTAND,LINREFX,LINREFY,XGCSWGS84,YGCSWGS84
50736,8,1,25,26,2018,7,16,5,3,8,1,0,0,0,0,1,0,0,0,4.94486E+20,5.44063E+21,8.92443E+15,4.91185E+16
50737,8,1,15,28,2018,7,14,6,3,2,6,0,0,1,0,1,0,0,0,5.01282E+20,5.40385E+21,9.01746E+15,4.87876E+16
50738,8,4,35,34,2018,7,11,6,3,5,3,0,1,1,0,0,0,0,0,5.29777E+20,5.28467E+21,9.397E+15,4.77147E+16
50739,8,4,37,44,2018,7,16,1,2,0,1,0,1,0,0,0,0,0,0,5.33462E+20,5.32534E+21,9.44928E+15,4.80805E+16
50740,8,4,35,67,2018,7,19,5,2,2,1,0,1,1,0,0,0,0,0,5.30402E+20,5.29327E+21,9.40593E+15,4.77921E+16
50741,8,2,12,0,2018,7,22,4,3,4,6,2,1,0,0,0,0,0,0,4.55668E+20,5.43235E+21,8.39337E+15,4.90424E+16
50742,8,2,16,5,2018,7,16,6,3,2,6,0,0,1,0,0,0,0,0,4.45629E+20,5.4167E+21,8.25811E+15,4.89009E+16
50743,8,1,11,0,2018,7,10,7,3,2,7,0,0,1,0,0,0,0,0,5.1384E+20,5.40608E+21,9.1885E+15,4.88076E+16
50744,8,1,11,0,2018,7,10,2,3,2,6,0,0,1,0,0,0,0,0,5.13002E+20,5.40313E+21,9.17699E+15,4.8781E+16
50745,8,1,36,42,2018,7,19,5,3,5,2,0,0,1,0,0,0,0,0,5.5139E+20,5.40521E+21,9.69978E+15,4.87977E+16
50746,8,2,12,0,2018,7,14,4,3,4,3,0,1,0,0,1,0,0,0,4.56402E+20,5.42665E+21,8.40403E+15,4.89912E+16
50747,8,1,15,50,2018,7,19,1,3,8,7,0,0,1,0,0,0,0,1,4.87875E+20,5.40484E+21,8.8349E+15,4.87964E+16
50748,8,2,26,95,2018,7,19,5,3,9,1,0,0,0,0,1,0,0,0,4.73262E+20,5.46074E+21,8.63224E+15,4.92988E+16
50749,8,2,15,46,2018,7,18,4,2,2,6,0,0,0,0,0,1,1,0,4.49107E+20,5.4158E+21,8.30568E+15,4.8893E+16
50750,8,4,17,57,2018,7,9,6,3,2,2,0,0,1,0,0,1,0,0,4.79507E+20,5.33593E+21,8.72434E+15,4.81763E+16
50751,8,1,27,25,2018,7,17,7,3,8,1,0,0,1,0,0,0,0,1,5.56269E+20,5.42497E+21,9.76892E+15,4.89751E+16
50752,8,1,19,20,2018,7,18,5,3,5,2,0,1,1,0,0,0,0,0,5.19452E+20,5.40902E+21,9.26507E+15,4.88338E+16
50753,8,1,26,58,2018,7,17,2,3,5,3,0,0,1,0,0,0,0,0,5.45515E+20,5.45767E+21,9.62567E+15,4.92701E+16
50754,8,4,26,21,2018,7,9,4,2,4,2,0,1,1,0,0,0,0,0,5.58927E+20,5.32682E+21,9.79136E+15,4.80919E+16
50755,8,1,28,47,2018,7,13,6,2,3,6,0,0,1,0,0,1,0,0,5.52687E+20,5.49715E+21,9.72951E+15,4.96246E+16
50756,8,4,26,58,2018,7,12,6,3,0,6,0,0,1,0,0,0,1,0,5.58822E+20,5.32104E+21,9.78916E+15,4.804E+16
50757,8,4,17,79,2018,7,20,1,3,8,1,0,0,1,0,0,0,0,1,4.97927E+20,5.34714E+21,8.97206E+15,4.82775E+16
50758,8,2,15,90,2018,7,9,1,2,2,2,0,0,1,0,0,0,0,0,4.64996E+20,5.43175E+21,8.52106E+15,4.90377E+16
50759,8,4,16,41,2018,7,7,5,3,2,6,0,0,1,0,0,0,0,0,5.04583E+20,5.37368E+21,9.06206E+15,4.85162E+16
50760,8,2,15,90,2018,7,10,4,3,4,2,0,0,0,0,1,0,1,0,4.65074E+20,5.43194E+21,8.52211E+15,4.90393E+16
50761,8,3,35,66,2018,7,17,7,3,0,3,0,1,0,0,1,0,0,0,5.09419E+20,5.2818E+21,9.12551E+15,4.76895E+16
50762,8,2,36,76,2018,7,6,5,3,9,1,0,0,1,0,0,0,0,0,4.71156E+20,5.42586E+21,8.60577E+15,4.8985E+16
50763,8,2,37,74,2018,7,18,4,3,8,1,0,0,0,0,1,0,0,0,4.66591E+20,5.36963E+21,8.54794E+15,4.84789E+16
50764,8,4,25,39,2018,7,13,7,3,1,6,0,0,1,0,0,0,0,1,5.66316E+20,5.35311E+21,9.8947E+15,4.83277E+16
50765,8,2,26,56,2018,7,12,5,3,0,6,0,0,1,1,0,0,0,0,4.8505E+20,5.47134E+21,8.79398E+15,4.93946E+16
50766,8,2,37,2,2018,7,19,4,3,4,6,0,0,1,0,0,0,0,0,4.591E+20,5.35378E+21,8.44812E+15,4.83359E+16
50767,8,3,15,50,2018,7,7,6,3,5,3,0,0,1,0,0,0,0,0,4.013E+20,5.30602E+21,7.6794E+15,4.78999E+16
50768,8,1,25,6,2018,7,22,7,2,9,1,2,0,1,0,0,0,0,1,5.03929E+20,5.45083E+21,9.05394E+15,4.92103E+16
50769,8,1,18,79,2018,7,14,5,2,5,3,0,1,1,0,0,0,0,0,5.10465E+20,5.42429E+21,9.143E+15,4.89714E+16
50770,8,1,19,79,2018,7,16,2,3,0,2,0,0,1,0,1,0,0,0,5.23626E+20,5.40883E+21,9.32193E+15,4.8832E+16
50771,8,1,19,8,2018,7,10,6,3,5,2,0,1,1,0,0,0,0,0,5.32034E+20,5.42175E+21,9.43751E+15,4.89479E+16
50772,8,4,17,31,2018,7,22,6,3,4,2,2,0,1,0,1,0,0,0,4.97088E+20,5.35775E+21,8.96068E+15,4.83729E+16
50773,8,3,35,63,2018,7,0,1,3,8,1,2,0,0,0,0,0,1,0,4.97914E+20,5.28797E+21,8.97218E+15,4.77451E+16
50774,8,2,26,91,2018,7,4,1,3,9,1,2,0,1,0,0,0,0,0,4.93862E+20,5.46298E+21,8.91554E+15,4.93195E+16
50775,8,3,35,43,2018,7,13,5,2,3,6,0,1,0,0,0,0,0,0,5.12891E+20,5.27975E+21,9.17172E+15,4.7671E+16
50776,8,2,35,46,2018,7,11,4,3,6,4,0,0,0,1,0,1,0,0,4.79036E+20,5.3713E+21,8.71624E+15,4.84945E+16
50777,8,2,26,18,2018,7,12,7,3,2,6,0,0,1,0,0,0,0,0,4.73775E+20,5.4711E+21,8.63861E+15,4.9392E+16
50778,8,1,11,0,2018,7,12,5,3,0,6,0,0,1,0,0,0,1,0,5.14771E+20,5.3934E+21,9.20071E+15,4.86934E+16
50779,8,2,36,44,2018,7,20,6,2,8,1,0,0,1,0,1,0,0,0,4.83983E+20,5.40536E+21,8.78189E+15,4.8801E+16
50780,8,1,17,14,2018,7,12,7,2,4,6,0,0,1,0,0,0,0,1,5.51757E+20,5.3868E+21,9.70247E+15,4.86321E+16
50781,8,4,17,8,2018,7,16,4,3,5,3,0,0,1,0,1,0,0,0,4.93659E+20,5.35154E+21,8.91447E+15,4.8317E+16
50782,8,1,17,30,2018,7,11,2,3,4,2,0,1,1,0,0,0,0,0,5.47537E+20,5.38988E+21,9.64554E+15,4.86602E+16
50783,8,1,11,0,2018,7,17,6,3,3,6,0,0,1,0,1,0,0,0,5.188E+20,5.40081E+21,9.2558E+15,4.876E+16
50784,8,2,12,0,2018,7,13,6,3,5,2,0,1,1,0,0,0,0,0,4.55183E+20,5.42848E+21,8.38717E+15,4.90076E+16
50785,8,1,18,71,2018,7,8,7,3,5,3,0,1,1,0,0,0,0,1,5.08796E+20,5.41931E+21,9.12008E+15,4.89267E+16
50786,8,1,11,0,2018,7,11,5,3,2,6,0,0,1,0,0,0,0,0,5.129E+20,5.40729E+21,9.17573E+15,4.88184E+16
50787,8,1,18,73,2018,7,18,2,3,4,1,0,0,1,0,1,0,0,0,4.94105E+20,5.42895E+21,8.91938E+15,4.90134E+16
50788,8,1,16,11,2018,7,17,6,2,0,1,0,1,0,0,0,0,0,0,5.30494E+20,5.38012E+21,9.4134E+15,4.85735E+16
50789,8,3,15,102,2018,7,16,1,1,9,1,0,0,0,0,1,0,0,0,4.3928E+20,5.29448E+21,8.18912E+15,4.78008E+16
50790,8,2,12,0,2018,7,0,1,3,0,1,2,1,0,0,0,0,0,1,4.5449E+20,5.42828E+21,8.37772E+15,4.90057E+16
50791,8,3,25,53,2018,7,18,5,3,0,6,0,0,0,0,1,0,0,0,4.54057E+20,5.34236E+21,8.38131E+15,4.82328E+16
50792,8,2,35,47,2018,7,18,4,2,8,1,0,0,0,0,1,0,0,0,4.71929E+20,5.38704E+21,8.61899E+15,4.86358E+16
50793,8,2,26,85,2018,7,16,7,3,0,6,0,0,1,0,0,0,0,0,4.89152E+20,5.45493E+21,8.85095E+15,4.92471E+16
50794,8,1,35,16,2018,7,19,5,3,0,6,0,0,1,0,0,0,0,0,5.90416E+20,5.38441E+21,1.02265E+16,4.86063E+16
50795,8,3,15,48,2018,7,16,4,3,2,1,0,0,1,0,0,0,0,0,3.95151E+20,5.30849E+21,7.59656E+15,4.79211E+16
50796,8,2,26,32,2018,7,22,6,3,5,3,2,0,1,0,0,0,0,0,4.66002E+20,5.46557E+21,8.53196E+15,4.93419E+16
50797,8,1,11,0,2018,7,18,7,3,2,6,0,0,1,0,0,0,0,0,5.15716E+20,5.40539E+21,9.21401E+15,4.88013E+16
50798,8,4,35,57,2018,7,20,4,3,4,6,0,1,0,0,0,0,0,0,5.4326E+20,5.27933E+21,9.57622E+15,4.76659E+16
50799,8,1,16,33,2018,7,11,2,3,4,6,0,0,1,0,0,1,0,0,5.3409E+20,5.38916E+21,9.46288E+15,4.86545E+16
50800,8,3,36,45,2018,7,16,5,3,2,6,0,0,1,0,0,0,0,0,3.93632E+20,5.28506E+21,7.58199E+15,4.77102E+16
50801,8,2,36,71,2018,7,20,4,3,5,3,0,0,1,0,0,0,0,0,4.69135E+20,5.42108E+21,8.5785E+15,4.89418E+16
50802,8,1,18,21,2018,7,12,1,2,8,1,0,1,0,0,0,0,0,0,5.21002E+20,5.42696E+21,9.28712E+15,4.89952E+16
50803,8,2,35,66,2018,7,13,5,3,7,7,0,1,0,0,0,0,0,0,4.66537E+20,5.38422E+21,8.54603E+15,4.86101E+16
50804,8,2,26,82,2018,7,11,4,3,5,3,0,1,1,0,0,0,0,0,4.80276E+20,5.48112E+21,8.72769E+15,4.94824E+16
50805,8,3,35,99,2018,7,15,6,2,4,1,0,0,1,0,1,0,0,1,4.92381E+20,5.29821E+21,8.89818E+15,4.78372E+16
50806,8,2,25,109,2018,7,6,1,3,7,7,0,0,1,0,0,0,0,0,5.23698E+20,5.49663E+21,9.3281E+15,4.96218E+16
50807,8,3,36,91,2018,7,19,5,3,5,3,0,1,1,0,0,0,0,0,3.95223E+20,5.27132E+21,7.60647E+15,4.75868E+16
50808,8,2,15,97,2018,7,14,7,3,9,1,0,0,1,0,0,0,1,1,4.81299E+20,5.44029E+21,8.74373E+15,4.91152E+16
50809,8,2,25,32,2018,7,18,5,2,4,2,0,0,1,0,1,0,0,0,5.34267E+20,5.49494E+21,9.47427E+15,4.96061E+16
50810,8,2,16,15,2018,7,17,6,3,8,6,0,0,1,0,1,0,0,0,4.55452E+20,5.41096E+21,8.39276E+15,4.885E+16
50811,8,1,11,0,2018,7,9,7,3,8,1,0,0,1,0,0,0,0,1,5.17071E+20,5.40354E+21,9.23239E+15,4.87846E+16
50812,8,4,35,52,2018,7,15,1,3,6,6,0,1,0,1,0,0,0,0,5.21593E+20,5.29135E+21,9.28821E+15,4.77751E+16
50813,8,4,36,55,2018,7,14,5,3,2,6,0,0,0,0,0,1,0,0,5.76048E+20,5.30196E+21,1.00169E+16,4.78664E+16
50814,8,1,11,0,2018,7,17,1,3,2,6,0,0,1,0,0,0,0,0,5.12752E+20,5.40764E+21,9.17373E+15,4.88216E+16
50815,8,2,26,56,2018,7,17,5,2,1,3,0,0,1,0,0,0,0,0,4.85182E+20,5.4717E+21,8.79578E+15,4.93978E+16
50816,8,3,17,39,2018,7,14,6,3,4,6,0,0,1,0,0,0,0,0,4.42216E+20,5.34144E+21,8.222E+15,4.82235E+16
50817,8,1,27,9,2018,7,15,7,3,9,1,0,0,1,0,0,0,0,1,5.56485E+20,5.44777E+21,9.77506E+15,4.91801E+16
50818,8,1,18,48,2018,7,9,5,3,2,6,0,0,1,0,0,0,0,0,5.13974E+20,5.41497E+21,9.19062E+15,4.88875E+16
50819,8,1,25,68,2018,7,22,2,3,4,1,2,0,1,0,1,0,0,0,5.22058E+20,5.46161E+21,9.30344E+15,4.93068E+16
50820,8,1,21,0,2018,7,13,6,2,6,4,0,0,1,1,0,0,0,0,5.11682E+20,5.44072E+21,9.16009E+15,4.91192E+16
50821,8,4,35,66,2018,7,12,6,3,2,6,0,0,1,0,1,0,0,0,5.18952E+20,5.28694E+21,9.25278E+15,4.77356E+16
50822,8,1,28,138,2018,7,15,7,1,9,1,0,0,1,0,0,0,1,1,5.40721E+20,5.48326E+21,9.5624E+15,4.95006E+16
50823,8,1,19,79,2018,7,17,5,3,2,6,0,0,1,0,0,0,0,0,5.2256E+20,5.40762E+21,9.30734E+15,4.88212E+16
50824,8,1,35,31,2018,7,21,2,3,1,7,1,1,1,0,0,0,0,0,5.95481E+20,5.37949E+21,1.02941E+16,4.85612E+16
50825,8,1,15,28,2018,7,11,6,3,2,6,0,0,1,0,0,0,1,0,5.02234E+20,5.40169E+21,9.0304E+15,4.87682E+16
50826,8,2,35,33,2018,7,16,6,3,4,7,0,0,0,0,1,1,0,0,4.59157E+20,5.40639E+21,8.44372E+15,4.88091E+16
50827,8,4,26,21,2018,7,17,1,3,6,1,0,0,1,1,0,0,0,1,5.59043E+20,5.32658E+21,9.79289E+15,4.80898E+16
50828,8,4,26,71,2018,7,16,5,2,8,1,0,0,1,0,0,0,1,0,5.63184E+20,5.33413E+21,9.84962E+15,4.81573E+16
50829,8,3,15,48,2018,7,13,7,3,2,1,0,0,1,0,0,0,1,0,3.99165E+20,5.31139E+21,7.64958E+15,4.79479E+16
50830,8,2,16,24,2018,7,22,5,3,2,6,2,0,1,0,1,0,0,0,4.47961E+20,5.40783E+21,8.29105E+15,4.88212E+16
50831,8,3,36,81,2018,7,17,6,2,4,6,0,0,1,0,0,0,0,0,4.10305E+20,5.27713E+21,7.80583E+15,4.76413E+16
50832,8,1,19,8,2018,7,11,7,3,9,1,0,0,0,0,1,0,0,1,5.32143E+20,5.42156E+21,9.43899E+15,4.89462E+16
50833,8,1,15,15,2018,7,5,5,3,2,6,0,0,1,0,0,0,0,0,4.93092E+20,5.38691E+21,8.90624E+15,4.86352E+16
50834,8,1,19,67,2018,7,15,2,3,8,1,0,0,0,0,1,0,0,0,5.37799E+20,5.40352E+21,9.51455E+15,4.87835E+16
50835,8,4,25,134,2018,7,15,6,3,8,1,0,0,1,0,0,0,0,0,5.46246E+20,5.37753E+21,9.62664E+15,4.85492E+16
50836,8,4,17,2,2018,7,12,6,3,2,6,0,0,1,0,0,1,0,0,4.89054E+20,5.34557E+21,8.85252E+15,4.82632E+16
50837,8,3,25,14,2018,7,13,1,2,4,2,0,0,1,0,0,0,0,0,4.63076E+20,5.34118E+21,8.50287E+15,4.82228E+16
50838,8,2,11,0,2018,7,14,1,3,4,6,0,0,1,0,0,0,0,0,4.38943E+20,5.39738E+21,8.16977E+15,4.87265E+16
50839,8,3,27,50,2018,7,11,5,3,2,6,0,0,0,0,0,1,1,0,4.86954E+20,5.31513E+21,8.82515E+15,4.79894E+16
50840,8,1,16,20,2018,7,10,4,2,6,4,0,0,1,1,0,0,0,0,5.26574E+20,5.38232E+21,9.36039E+15,4.85934E+16
50841,8,2,36,65,2018,7,21,7,3,4,6,2,1,1,0,0,0,0,0,4.89093E+20,5.41562E+21,8.85119E+15,4.88934E+16
50842,8,3,37,45,2018,7,11,1,2,9,1,0,0,1,0,0,0,0,0,4.38984E+20,5.28977E+21,8.18584E+15,4.77584E+16
50843,8,2,36,39,2018,7,10,1,2,8,1,0,0,1,0,0,0,0,0,4.91987E+20,5.41304E+21,8.89073E+15,4.88703E+16
50844,8,3,37,76,2018,7,7,5,3,5,3,0,0,1,0,0,0,0,0,4.24263E+20,5.26776E+21,7.99325E+15,4.75588E+16
50845,8,3,17,40,2018,7,16,7,3,0,1,0,0,0,0,1,0,0,1,4.31832E+20,5.34786E+21,8.08117E+15,4.82803E+16
50846,8,2,12,0,2018,7,14,5,3,5,3,0,0,1,0,0,0,0,0,4.55166E+20,5.42828E+21,8.38696E+15,4.90058E+16
50847,8,2,37,40,2018,7,11,6,3,2,1,0,0,1,0,0,0,0,0,4.71224E+20,5.36634E+21,8.61085E+15,4.84496E+16
50848,8,1,18,79,2018,7,18,7,3,2,6,0,0,1,0,0,0,0,1,5.10208E+20,5.42098E+21,9.13941E+15,4.89416E+16
50849,8,4,36,9,2018,7,13,4,3,5,3,0,0,1,0,0,0,0,0,5.57123E+20,5.30798E+21,9.76463E+15,4.79226E+16
50850,8,1,18,79,2018,7,12,2,3,2,6,0,0,1,0,0,0,0,0,5.10449E+20,5.42417E+21,9.14277E+15,4.89704E+16
50851,8,1,15,50,2018,7,18,6,3,0,3,0,0,1,0,1,0,0,0,4.87262E+20,5.40257E+21,8.82662E+15,4.8776E+16
50852,8,2,15,17,2018,7,0,1,2,9,1,2,0,1,0,0,0,0,1,4.57338E+20,5.41554E+21,8.41799E+15,4.88913E+16
50853,8,1,18,80,2018,7,16,1,3,2,6,0,0,1,0,0,0,0,1,5.09359E+20,5.41212E+21,9.1276E+15,4.8862E+16
50854,8,3,26,3,2018,7,22,5,2,8,1,1,0,1,0,0,0,0,0,4.68101E+20,5.32129E+21,8.572E+15,4.80441E+16
50855,8,2,26,56,2018,7,10,7,3,0,7,0,1,0,0,0,0,0,0,4.89845E+20,5.4717E+21,8.86004E+15,4.93979E+16
50856,8,1,28,139,2018,7,15,5,3,3,2,0,0,0,0,1,1,0,0,5.53288E+20,5.48785E+21,9.73657E+15,4.95409E+16
50857,8,2,16,43,2018,7,22,6,3,5,3,1,0,1,0,0,0,0,0,4.44129E+20,5.41206E+21,8.23828E+15,4.8859E+16
50858,8,1,11,0,2018,7,11,7,2,4,6,0,0,1,0,0,0,1,1,5.06881E+20,5.40386E+21,9.09367E+15,4.87877E+16
50859,8,1,15,1,2018,7,16,2,3,0,2,0,0,1,0,0,0,0,0,4.94128E+20,5.39185E+21,8.92023E+15,4.86797E+16
50860,8,4,36,55,2018,7,12,6,1,3,6,0,0,1,0,1,0,1,0,5.72963E+20,5.29457E+21,9.97437E+15,4.78003E+16
50861,8,2,16,9,2018,7,16,5,2,5,3,0,0,1,0,1,0,0,0,4.46458E+20,5.4198E+21,8.26901E+15,4.89288E+16
50862,8,3,15,113,2018,7,9,4,3,2,1,0,0,1,0,0,0,0,0,4.46026E+20,5.30508E+21,8.27788E+15,4.78968E+16
50863,8,3,15,74,2018,7,18,4,3,5,3,0,0,1,0,1,0,0,0,3.93866E+20,5.29625E+21,7.58237E+15,4.78108E+16
50864,8,2,31,0,2018,7,11,6,3,6,4,0,0,1,1,0,0,0,0,4.77647E+20,5.41525E+21,8.69506E+15,4.88898E+16
50865,8,1,15,21,2018,7,15,6,3,4,6,0,0,0,0,0,1,1,0,4.88755E+20,5.38281E+21,8.84748E+15,4.85982E+16
50866,8,3,15,41,2018,7,15,4,3,4,1,0,0,0,0,1,0,0,0,4.27484E+20,5.31982E+21,8.02735E+15,4.80275E+16
50867,8,2,15,46,2018,7,14,7,2,2,1,0,0,1,0,0,0,0,0,4.48831E+20,5.41569E+21,8.30193E+15,4.8892E+16
50868,8,3,15,113,2018,7,16,5,2,2,6,0,0,1,0,0,0,0,0,4.40771E+20,5.30678E+21,8.20735E+15,4.79116E+16
50869,8,2,26,10,2018,7,8,4,3,3,6,0,0,1,0,0,1,0,0,4.79725E+20,5.45868E+21,8.72123E+15,4.92805E+16
50870,8,3,26,17,2018,7,6,4,3,8,1,0,0,1,0,0,0,0,0,4.3851E+20,5.31595E+21,8.17578E+15,4.79939E+16
50871,8,3,15,98,2018,7,18,6,3,2,6,0,0,1,0,0,0,0,0,4.01228E+20,5.31191E+21,7.6771E+15,4.79529E+16
50872,8,1,25,8,2018,7,16,5,3,0,1,0,0,0,0,1,0,0,0,5.27369E+20,5.43591E+21,9.37475E+15,4.90755E+16
50873,8,2,12,0,2018,7,13,4,3,2,6,0,0,1,0,0,0,0,0,4.60129E+20,5.42443E+21,8.45519E+15,4.89715E+16
50874,8,2,12,0,2018,7,6,4,1,2,6,0,0,0,0,0,1,0,0,4.58197E+20,5.42413E+21,8.42883E+15,4.89686E+16
50875,8,2,15,7,2018,7,5,6,3,1,6,1,0,1,0,1,0,0,0,4.77286E+20,5.43179E+21,8.68921E+15,4.90386E+16
50876,8,4,17,13,2018,7,19,5,3,4,6,0,0,1,0,0,0,1,0,5.14649E+20,5.35112E+21,9.19758E+15,4.83131E+16
50877,8,2,37,24,2018,7,8,4,3,2,1,0,0,1,0,0,0,0,0,4.79719E+20,5.35901E+21,8.72608E+15,4.83839E+16
50878,8,1,11,0,2018,7,13,6,3,3,6,0,0,1,0,0,1,0,0,5.13002E+20,5.40709E+21,9.17712E+15,4.88166E+16
50879,8,1,16,19,2018,7,13,5,2,3,6,0,0,1,0,1,0,0,0,5.26315E+20,5.39925E+21,9.35796E+15,4.87457E+16
50880,8,2,35,6,2018,7,18,4,3,0,7,0,1,0,0,0,0,0,0,4.72126E+20,5.38226E+21,8.62198E+15,4.85928E+16
50881,8,1,11,0,2018,7,23,5,3,2,1,2,0,1,0,0,0,0,0,5.10224E+20,5.40018E+21,9.1391E+15,4.87545E+16
50882,8,2,22,0,2018,7,10,7,3,3,6,0,1,1,0,0,0,0,0,4.62014E+20,5.4816E+21,8.47554E+15,4.94858E+16
50883,8,2,26,85,2018,7,11,5,2,2,6,0,0,0,0,0,1,0,0,4.89361E+20,5.45526E+21,8.85381E+15,4.925E+16
50884,8,2,26,103,2018,7,13,4,3,2,6,0,0,1,0,0,0,0,0,4.74755E+20,5.45752E+21,8.65298E+15,4.92699E+16
50885,8,2,26,41,2018,7,18,4,2,3,2,0,1,1,0,0,0,0,0,4.76246E+20,5.46398E+21,8.67308E+15,4.93281E+16
50886,8,3,27,25,2018,7,15,6,1,5,3,0,0,1,0,1,0,0,0,4.81785E+20,5.30519E+21,8.75628E+15,4.78997E+16
50887,8,1,19,3,2018,7,8,5,3,2,2,0,0,1,0,0,0,1,0,5.34328E+20,5.41744E+21,9.46848E+15,4.89089E+16
50888,8,2,26,40,2018,7,13,4,2,5,2,0,0,1,0,1,0,0,0,4.75048E+20,5.49543E+21,8.65462E+15,4.96109E+16
50889,8,2,26,49,2018,7,11,4,2,4,6,0,0,1,0,0,0,0,0,4.8554E+20,5.46457E+21,8.80097E+15,4.93337E+16
50890,8,1,11,0,2018,7,8,6,3,2,6,0,0,1,0,0,0,1,0,5.11633E+20,5.39492E+21,9.15813E+15,4.87072E+16
50891,8,4,35,16,2018,7,17,5,3,5,2,0,1,1,0,0,0,0,0,5.36949E+20,5.2804E+21,9.49225E+15,4.7676E+16
50892,8,2,26,85,2018,7,8,4,3,5,3,0,0,1,0,0,0,1,0,4.88025E+20,5.45784E+21,8.83538E+15,4.92732E+16
50893,8,1,18,48,2018,7,23,7,3,2,6,2,0,1,0,0,0,0,0,5.11049E+20,5.41471E+21,9.15071E+15,4.88853E+16
50894,8,1,11,0,2018,7,14,7,3,2,6,0,0,1,0,0,0,0,0,5.1536E+20,5.40525E+21,9.20917E+15,4.88E+16
50895,8,2,25,117,2018,7,14,5,3,5,3,0,0,1,0,0,0,0,0,5.14518E+20,5.46863E+21,9.19997E+15,4.93702E+16
50896,8,2,16,63,2018,7,7,4,3,4,7,0,0,1,0,0,0,0,0,4.32318E+20,5.40411E+21,8.07859E+15,4.87863E+16
50897,8,2,15,99,2018,7,13,4,3,1,6,0,0,1,0,0,0,0,0,4.64126E+20,5.44542E+21,8.50795E+15,4.91606E+16
50898,8,2,31,0,2018,7,19,6,3,2,6,0,0,1,0,0,0,0,0,4.82127E+20,5.41877E+21,8.75603E+15,4.89216E+16
50899,8,1,18,51,2018,7,15,7,3,2,6,0,0,1,0,0,0,0,1,5.09449E+20,5.4123E+21,9.12884E+15,4.88636E+16
50900,8,1,18,46,2018,7,10,7,3,2,6,0,0,1,0,0,0,0,0,5.13868E+20,5.41251E+21,9.18909E+15,4.88654E+16
50901,8,2,35,85,2018,7,13,5,3,2,6,0,0,1,0,0,0,0,0,4.82253E+20,5.39524E+21,8.75876E+15,4.87099E+16
50902,8,2,15,106,2018,7,15,4,3,2,6,0,0,1,0,0,0,0,0,4.68618E+20,5.45383E+21,8.5689E+15,4.92364E+16
50903,8,2,15,100,2018,7,18,4,3,3,2,0,0,1,0,1,0,0,0,4.74747E+20,5.45221E+21,8.6532E+15,4.92221E+16
50904,8,4,15,61,2018,7,13,6,3,5,3,0,0,1,0,0,0,0,0,5.13005E+20,5.37674E+21,9.1762E+15,4.85437E+16
50905,8,2,15,46,2018,7,16,4,2,4,6,0,0,1,0,0,1,0,0,4.49089E+20,5.41655E+21,8.30534E+15,4.88998E+16
50906,8,2,12,0,2018,7,4,4,3,1,5,2,1,1,0,0,0,0,0,4.55179E+20,5.42843E+21,8.38712E+15,4.90071E+16
50907,8,1,27,63,2018,7,21,6,2,7,1,1,0,0,0,1,0,0,0,5.6191E+20,5.43152E+21,9.847E+15,4.90334E+16
50908,8,2,11,0,2018,7,15,4,2,3,2,0,0,1,0,0,0,1,0,4.43354E+20,5.4021E+21,8.22909E+15,4.87693E+16
50909,8,4,15,78,2018,7,15,5,3,5,3,0,0,1,0,1,0,0,0,5.29839E+20,5.3713E+21,9.40388E+15,4.84941E+16
50910,8,2,11,0,2018,7,3,4,2,9,1,2,0,1,0,0,0,0,0,4.44275E+20,5.4003E+21,8.24187E+15,4.87532E+16
50911,8,4,26,19,2018,7,6,6,3,1,6,0,0,1,0,0,0,0,0,5.80685E+20,5.32238E+21,1.00827E+16,4.80496E+16
50912,8,2,16,43,2018,7,8,5,3,3,6,0,0,1,0,1,0,0,0,4.44195E+20,5.40903E+21,8.2396E+15,4.88317E+16
50913,8,2,26,85,2018,7,15,4,3,2,6,0,0,0,0,0,1,0,0,4.95084E+20,5.45261E+21,8.93248E+15,4.92262E+16
50914,8,1,35,19,2018,7,8,4,2,3,6,0,0,1,0,1,0,0,0,5.85173E+20,5.39148E+21,1.01569E+16,4.86705E+16
50915,8,2,35,85,2018,7,14,6,3,2,6,0,0,1,0,0,0,0,0,4.80863E+20,5.39592E+21,8.73984E+15,4.8716E+16
50916,8,1,16,19,2018,7,14,6,3,2,6,0,0,1,0,0,0,0,0,5.23127E+20,5.39884E+21,9.31456E+15,4.87421E+16
50917,8,1,35,19,2018,7,20,4,2,3,6,1,0,1,0,1,0,0,0,5.85985E+20,5.39423E+21,1.01685E+16,4.86952E+16
50918,8,2,15,96,2018,7,6,7,2,2,6,0,0,1,0,0,0,0,0,4.65062E+20,5.4206E+21,8.52292E+15,4.89373E+16
50919,8,1,28,131,2018,7,13,4,3,5,3,0,0,1,0,0,0,0,0,5.45678E+20,5.50803E+21,9.63373E+15,4.9723E+16
50920,8,1,19,79,2018,7,12,6,3,0,1,0,1,0,0,0,0,0,0,5.24452E+20,5.4076E+21,9.33311E+15,4.88209E+16
50921,8,1,26,66,2018,7,13,4,3,0,3,0,0,0,0,1,0,1,0,5.35185E+20,5.45052E+21,9.48305E+15,4.92065E+16
50922,8,3,35,79,2018,7,15,5,2,5,3,0,1,1,0,0,0,0,0,5.01063E+20,5.30009E+21,9.01421E+15,4.78542E+16
50923,8,1,25,46,2018,7,13,4,3,5,3,0,0,1,0,0,0,0,0,5.19919E+20,5.43162E+21,9.27254E+15,4.90372E+16