OBJECTID_1,ULAND,UREGBEZ,UKREIS,UGEMEINDE,UJAHR,UMONAT,USTUNDE,UWOCHENTAG,UKATEGORIE,UART,UTYP1,ULICHTVERH,IstRad,IstPKW,IstFuss,IstKrad,IstGkfz,IstSonstig,STRZUSTAND,LINREFX,LINREFY,XGCSWGS84,YGCSWGS84
50924,8,1,11,0,2018,7,19,5,2,5,2,0,0,1,0,0,0,1,0,5.14803E+20,5.39973E+21,9.20138E+15,4.87504E+16
50925,8,4,37,65,2018,7,5,6,2,4,7,0,0,1,0,0,1,0,0,5.14013E+20,5.31653E+21,9.18786E+15,4.80019E+16
50926,8,1,15,3,2018,7,15,5,3,2,6,0,0,0,0,0,1,1,0,4.98555E+20,5.39256E+21,8.98037E+15,4.8686E+16
50927,8,1,25,5,2018,7,18,4,3,3,7,0,0,1,0,1,0,0,0,5.15671E+20,5.45142E+21,9.21518E+15,4.92154E+16
50928,8,1,25,111,2018,7,16,4,3,5,2,0,0,1,0,1,0,0,0,5.28981E+20,5.45433E+21,9.39815E+15,4.92411E+16
50929,8,2,31,0,2018,7,13,6,3,4,1,0,0,1,0,0,0,0,0,4.7375E+20,5.41802E+21,8.64172E+15,4.89146E+16
50930,8,1,15,3,2018,7,11,6,3,5,3,0,0,1,0,0,0,1,0,5.00549E+20,5.39286E+21,9.00746E+15,4.86888E+16
50931,8,1,16,19,2018,7,20,5,3,4,2,0,0,1,0,1,0,0,0,5.2478E+20,5.40076E+21,9.33717E+15,4.87594E+16
50932,8,1,19,85,2018,7,18,4,3,5,3,0,0,1,0,0,0,0,0,5.30993E+20,5.41508E+21,9.42279E+15,4.88879E+16
50933,8,1,11,0,2018,7,6,5,2,4,6,0,1,0,0,0,0,1,0,5.1893E+20,5.40472E+21,9.25776E+15,4.87952E+16
50934,8,2,35,55,2018,7,13,7,3,5,3,0,0,1,0,1,0,0,0,4.75447E+20,5.399E+21,8.66603E+15,4.87435E+16
50935,8,3,36,107,2018,7,17,5,2,0,1,0,0,1,0,1,0,0,0,4.09093E+20,5.28208E+21,7.78867E+15,4.76857E+16
50936,8,1,19,68,2018,7,13,4,3,4,6,0,0,1,0,0,1,0,0,5.26004E+20,5.41406E+21,9.35467E+15,4.8879E+16
50937,8,1,19,4,2018,7,15,4,3,8,1,0,0,1,0,0,0,0,0,5.38657E+20,5.41703E+21,9.52752E+15,4.8905E+16
50938,8,3,35,22,2018,7,14,6,2,4,6,0,0,1,0,0,0,0,0,4.84014E+20,5.3022E+21,8.78622E+15,4.7873E+16
50939,8,1,19,20,2018,7,17,5,3,2,6,0,0,1,0,0,0,0,0,5.19387E+20,5.40512E+21,9.26399E+15,4.87988E+16
50940,8,1,18,46,2018,7,20,5,3,8,7,2,0,1,0,0,0,0,0,5.14342E+20,5.41415E+21,9.19561E+15,4.88802E+16
50941,8,3,16,37,2018,7,23,5,3,5,3,2,0,1,0,0,0,0,0,4.07364E+20,5.33428E+21,7.75441E+15,4.8155E+16
50942,8,1,18,63,2018,7,21,4,3,0,1,2,0,0,0,1,0,0,0,5.25294E+20,5.42575E+21,9.34571E+15,4.89842E+16
50943,8,4,15,61,2018,7,17,6,3,3,6,0,0,1,0,0,0,0,0,5.15633E+20,5.37201E+21,9.21163E+15,4.8501E+16
50944,8,1,27,103,2018,7,17,5,2,2,2,0,0,1,0,1,0,0,0,5.73712E+20,5.43952E+21,1.00099E+16,4.91041E+16
50945,8,1,18,7,2018,7,12,4,3,2,6,0,0,1,0,0,0,0,0,5.10643E+20,5.42734E+21,9.14551E+15,4.89989E+16
50946,8,1,18,79,2018,7,14,4,3,0,7,0,0,0,0,1,0,0,1,5.07486E+20,5.42182E+21,9.10224E+15,4.89493E+16
50947,8,2,22,0,2018,7,16,6,3,5,3,0,1,1,0,0,0,0,0,4.66007E+20,5.47519E+21,8.53121E+15,4.94284E+16
50948,8,3,37,22,2018,7,13,5,3,4,1,0,0,0,0,0,0,1,0,4.42194E+20,5.29802E+21,8.22756E+15,4.78329E+16
50949,8,1,15,21,2018,7,12,5,3,5,3,0,0,1,0,1,0,0,0,4.9113E+20,5.37936E+21,8.87977E+15,4.85673E+16
50950,8,1,17,15,2018,7,16,4,3,1,6,0,0,1,0,0,0,0,0,5.60005E+20,5.39281E+21,9.81527E+15,4.86855E+16
50951,8,2,15,9,2018,7,9,7,3,5,3,0,0,1,0,0,0,0,0,4.71055E+20,5.44246E+21,8.6032E+15,4.91343E+16
50952,8,2,12,0,2018,7,12,5,3,2,6,0,0,1,0,0,0,0,0,4.55101E+20,5.42788E+21,8.38611E+15,4.90022E+16
50953,8,1,17,10,2018,7,5,4,3,2,6,0,0,1,0,0,0,0,0,5.70083E+20,5.39598E+21,9.95272E+15,4.87129E+16
50954,8,1,17,30,2018,7,11,4,2,4,6,0,0,0,0,1,0,1,0,5.48334E+20,5.39159E+21,9.65657E+15,4.86755E+16
50955,8,3,17,113,2018,7,15,6,2,5,2,0,0,1,0,1,0,0,0,4.09872E+20,5.34478E+21,7.7859E+15,4.82498E+16
50956,8,1,16,70,2018,7,15,4,3,2,6,0,0,0,0,0,0,1,0,5.39807E+20,5.38513E+21,9.54012E+15,4.8618E+16
50957,8,1,16,72,2018,7,11,4,3,8,1,0,0,1,0,0,0,0,0,5.31654E+20,5.39122E+21,9.42997E+15,4.86732E+16
50958,8,1,26,56,2018,7,18,6,2,0,7,0,0,0,0,1,0,0,0,5.53085E+20,5.46812E+21,9.73112E+15,4.93634E+16
50959,8,1,16,49,2018,7,15,4,3,5,3,0,1,0,0,0,0,1,0,5.25538E+20,5.38709E+21,9.34663E+15,4.86364E+16
50960,8,1,15,45,2018,7,16,4,3,2,7,0,0,1,0,0,0,0,0,4.98108E+20,5.39565E+21,8.97427E+15,4.87139E+16
50961,8,1,11,0,2018,7,8,4,3,5,2,0,1,1,0,0,0,0,0,5.12731E+20,5.40545E+21,9.17338E+15,4.88019E+16
50962,8,2,15,17,2018,7,17,6,3,2,5,0,0,1,0,1,0,0,0,4.58465E+20,5.42044E+21,8.43286E+15,4.89355E+16
50963,8,4,36,52,2018,7,21,5,3,2,6,2,0,1,0,0,0,0,0,5.65747E+20,5.29383E+21,9.8779E+15,4.77945E+16
50964,8,1,11,0,2018,7,9,4,3,5,3,0,0,1,0,1,0,0,0,5.15398E+20,5.40325E+21,9.20961E+15,4.87821E+16
50965,8,4,25,33,2018,7,23,7,3,0,1,2,1,0,0,0,0,0,0,5.53331E+20,5.34729E+21,9.71879E+15,4.82766E+16
50966,8,1,16,46,2018,7,16,7,3,0,6,0,0,1,0,0,0,0,0,5.29726E+20,5.37652E+21,9.40273E+15,4.85411E+16
50967,8,2,26,96,2018,7,18,5,3,2,6,0,0,1,0,0,0,0,0,4.75207E+20,5.48615E+21,8.6574E+15,4.95274E+16
50968,8,4,36,52,2018,7,7,3,3,5,3,0,0,1,0,0,0,1,0,5.65394E+20,5.29873E+21,9.87393E+15,4.78386E+16
50969,8,4,35,36,2018,7,15,3,3,8,1,0,1,0,0,0,0,0,0,5.17847E+20,5.28455E+21,9.23794E+15,4.77141E+16
50970,8,4,15,91,2018,7,12,6,3,9,1,0,0,1,0,0,0,0,0,5.13629E+20,5.35501E+21,9.18395E+15,4.83481E+16
50971,8,1,19,44,2018,7,16,3,3,0,1,0,0,0,0,1,0,1,0,5.49387E+20,5.42174E+21,9.6745E+15,4.89466E+16
50972,8,4,17,25,2018,7,12,3,3,8,1,0,0,1,0,0,0,0,0,4.84305E+20,5.35752E+21,8.78808E+15,4.83706E+16
50973,8,1,25,56,2018,7,5,6,1,4,6,0,0,1,0,0,0,1,0,5.11767E+20,5.43426E+21,9.16108E+15,4.90611E+16
50974,8,1,36,10,2018,7,10,3,3,5,3,0,0,1,0,0,0,0,0,5.98954E+20,5.41286E+21,1.03492E+16,4.88608E+16
50975,8,4,35,15,2018,7,15,4,3,2,6,0,1,1,0,0,0,0,0,5.20404E+20,5.29583E+21,9.27256E+15,4.78155E+16
50976,8,1,18,79,2018,7,16,5,3,5,3,0,1,0,0,0,0,1,0,5.05835E+20,5.42102E+21,9.07969E+15,4.89421E+16
50977,8,3,35,63,2018,7,17,5,3,5,2,0,1,1,0,0,0,0,0,4.96892E+20,5.28794E+21,8.95854E+15,4.77448E+16
50978,8,4,36,95,2018,7,12,3,3,8,1,0,0,0,0,1,0,0,0,5.37323E+20,5.29612E+21,9.49858E+15,4.78174E+16
50979,8,4,37,100,2018,7,14,6,3,5,3,0,1,1,0,0,0,0,0,5.37231E+20,5.31763E+21,9.49921E+15,4.80109E+16
50980,8,2,16,49,2018,7,10,5,3,5,3,0,0,1,0,1,0,0,0,4.37149E+20,5.40105E+21,8.14481E+15,4.87593E+16
50981,8,4,37,118,2018,7,13,3,2,5,3,0,0,1,0,0,0,1,0,5.09471E+20,5.30729E+21,9.12676E+15,4.79189E+16
50982,8,4,17,31,2018,7,18,5,3,5,3,0,0,1,0,0,0,0,0,4.96962E+20,5.35768E+21,8.95898E+15,4.83723E+16
50983,8,4,26,90,2018,7,6,3,2,3,6,0,1,1,0,0,0,0,0,5.5045E+20,5.32529E+21,9.67735E+15,4.80789E+16
50984,8,4,36,83,2018,7,14,6,3,8,7,0,0,0,0,1,0,0,0,5.32096E+20,5.30079E+21,9.42911E+15,4.78597E+16
50985,8,2,21,0,2018,7,16,5,3,3,6,0,1,1,0,0,0,0,0,4.77741E+20,5.47315E+21,8.69314E+15,4.94107E+16
50986,8,4,25,31,2018,7,12,3,3,2,6,0,0,1,0,0,0,0,0,5.68833E+20,5.37095E+21,9.93157E+15,4.84879E+16
50987,8,4,17,2,2018,7,7,3,3,4,2,0,0,1,0,1,0,0,0,4.91688E+20,5.343E+21,8.88805E+15,4.82402E+16
50988,8,2,12,0,2018,7,18,6,3,5,2,0,0,1,0,0,0,0,0,4.62822E+20,5.42131E+21,8.49228E+15,4.89436E+16
50989,8,4,17,79,2018,7,23,3,3,2,6,2,0,0,0,1,0,0,0,4.97751E+20,5.34421E+21,8.9697E+15,4.82511E+16
50990,8,1,19,42,2018,7,12,6,2,2,1,0,0,1,0,0,1,0,0,5.3069E+20,5.41649E+21,9.41876E+15,4.89006E+16
50991,8,4,17,79,2018,7,17,3,3,2,2,0,0,1,0,1,0,0,0,4.97689E+20,5.34218E+21,8.96888E+15,4.82328E+16
50992,8,4,35,57,2018,7,16,4,3,6,4,0,0,1,1,0,0,0,0,5.44147E+20,5.27979E+21,9.58808E+15,4.767E+16
50993,8,3,17,1,2018,7,8,5,3,2,2,0,0,1,0,0,0,0,0,4.31399E+20,5.38795E+21,8.06877E+15,4.86408E+16
50994,8,4,16,22,2018,7,16,3,2,2,6,0,0,1,0,1,0,0,0,5.0988E+20,5.3759E+21,9.13384E+15,4.85361E+16
50995,8,1,11,0,2018,7,19,5,3,2,6,0,0,1,0,0,0,0,0,5.1544E+20,5.40518E+21,9.21025E+15,4.87995E+16
50996,8,4,25,81,2018,7,11,6,2,4,6,0,0,1,0,0,0,0,0,5.47148E+20,5.3442E+21,9.63512E+15,4.82493E+16
50997,8,1,36,75,2018,7,15,5,3,5,2,0,0,1,0,0,0,0,0,5.97775E+20,5.41993E+21,1.03348E+16,4.89245E+16
50998,8,4,15,53,2018,7,20,3,3,8,1,1,0,0,0,1,0,0,0,5.34058E+20,5.36495E+21,9.46047E+15,4.84367E+16
50999,8,3,16,37,2018,7,7,3,3,2,1,0,0,1,0,0,0,0,0,4.08405E+20,5.33309E+21,7.76867E+15,4.81444E+16
51000,8,2,36,61,2018,7,4,6,3,5,3,2,0,1,0,0,0,0,0,4.89023E+20,5.43316E+21,8.84977E+15,4.90512E+16
51001,8,2,35,79,2018,7,18,4,2,9,1,0,0,1,0,0,0,0,0,4.65332E+20,5.39447E+21,8.52883E+15,4.87023E+16
51002,8,1,11,0,2018,7,7,6,3,5,2,0,0,1,0,0,0,0,0,5.14247E+20,5.40013E+21,9.19383E+15,4.8754E+16
51003,8,3,16,37,2018,7,16,3,3,2,6,0,0,1,0,0,0,1,0,4.0686E+20,5.33811E+21,7.74679E+15,4.81894E+16
51004,8,2,31,0,2018,7,13,6,3,4,2,0,0,1,0,0,0,0,0,4.78234E+20,5.41605E+21,8.70303E+15,4.8897E+16
51005,8,1,15,45,2018,7,15,6,3,2,6,0,1,1,0,0,0,0,0,5.00009E+20,5.39536E+21,9.00012E+15,4.87112E+16
51006,8,3,37,90,2018,7,15,3,2,8,1,0,0,0,0,1,0,0,1,4.22122E+20,5.27408E+21,7.96367E+15,4.76154E+16
51007,8,1,36,65,2018,7,7,4,2,4,1,0,0,1,0,0,0,1,0,5.63948E+20,5.40423E+21,9.8706E+15,4.87878E+16
51008,8,2,15,9,2018,7,5,7,2,8,1,1,0,0,0,1,0,0,0,4.7192E+20,5.44035E+21,8.61521E+15,4.91154E+16
51009,8,3,16,37,2018,7,7,5,3,5,2,0,0,1,0,0,0,1,0,4.0738E+20,5.33419E+21,7.75465E+15,4.81542E+16
51010,8,3,37,49,2018,7,5,3,2,0,7,1,0,0,0,1,0,0,0,4.26152E+20,5.28215E+21,8.01592E+15,4.76885E+16
51011,8,4,35,67,2018,7,19,4,2,8,7,0,0,0,0,1,0,0,0,5.32091E+20,5.29055E+21,9.42828E+15,4.77675E+16
51012,8,4,15,50,2018,7,17,6,3,2,6,0,0,1,0,0,0,0,0,5.21298E+20,5.37721E+21,9.28858E+15,4.85476E+16
51013,8,1,26,46,2018,7,6,5,3,5,3,0,0,1,0,0,0,0,0,5.5343E+20,5.4589E+21,9.73462E+15,4.92805E+16
51014,8,3,35,79,2018,7,11,3,3,0,1,0,1,0,0,0,0,0,0,5.00911E+20,5.2997E+21,9.01218E+15,4.78507E+16
51015,8,3,35,28,2018,7,16,3,3,2,5,0,0,1,0,0,0,0,0,4.83514E+20,5.28676E+21,8.78012E+15,4.7734E+16
51016,8,2,16,15,2018,7,10,6,3,3,2,0,1,1,0,0,0,0,0,4.50304E+20,5.4054E+21,8.32326E+15,4.87996E+16
51017,8,1,36,43,2018,7,11,4,3,2,6,0,0,0,0,0,1,0,0,5.7117E+20,5.40817E+21,9.96959E+15,4.88224E+16
51018,8,1,36,65,2018,7,13,5,3,0,5,0,1,1,0,0,0,0,0,5.59255E+20,5.40459E+21,9.80678E+15,4.87915E+16
51019,8,3,35,66,2018,7,17,3,3,2,6,0,0,1,0,0,0,0,0,5.08293E+20,5.28322E+21,9.11054E+15,4.77023E+16
51020,8,4,17,13,2018,7,12,4,3,4,6,0,0,1,0,0,1,0,0,5.04506E+20,5.35137E+21,9.06078E+15,4.83155E+16
51021,8,2,11,0,2018,7,4,7,2,3,7,1,0,1,0,0,0,0,0,4.382E+20,5.40459E+21,8.15858E+15,4.87913E+16
51022,8,2,37,45,2018,7,18,5,3,8,1,0,0,0,0,1,0,0,0,4.59065E+20,5.36089E+21,8.44696E+15,4.83999E+16
51023,8,3,35,43,2018,7,7,3,3,0,7,0,1,0,0,0,0,0,0,5.1461E+20,5.28006E+21,9.19464E+15,4.76738E+16
51024,8,4,36,8,2018,7,17,3,2,8,6,0,0,1,0,0,0,0,0,5.45768E+20,5.31062E+21,9.61293E+15,4.79473E+16
51025,8,2,25,32,2018,7,9,7,2,5,3,0,0,1,0,1,0,0,0,5.34759E+20,5.49543E+21,9.48113E+15,4.96104E+16
51026,8,2,26,85,2018,7,17,5,3,2,6,0,0,1,0,0,0,0,0,4.92732E+20,5.45361E+21,8.90017E+15,4.92353E+16
51027,8,3,26,12,2018,7,16,3,3,2,6,0,0,1,0,1,0,0,0,4.61763E+20,5.31162E+21,8.48783E+15,4.79568E+16
51028,8,3,26,12,2018,7,12,3,3,1,6,0,0,0,0,1,1,0,0,4.67792E+20,5.30688E+21,8.56894E+15,4.79144E+16
51029,8,3,26,52,2018,7,14,6,3,0,4,0,0,0,1,1,0,0,0,4.50333E+20,5.33061E+21,8.33254E+15,4.81268E+16
51030,8,1,19,8,2018,7,10,5,3,5,3,0,0,1,0,0,0,0,0,5.32806E+20,5.41979E+21,9.44789E+15,4.89302E+16
51031,8,3,15,43,2018,7,13,3,3,0,7,0,0,0,0,1,0,0,0,4.03633E+20,5.32434E+21,7.7065E+15,4.80651E+16
51032,8,3,36,91,2018,7,12,3,3,0,7,0,1,0,0,0,0,0,0,3.94448E+20,5.27307E+21,7.59575E+15,4.76024E+16
51033,8,1,26,66,2018,7,6,6,3,0,6,0,0,1,0,0,0,0,0,5.35245E+20,5.45051E+21,9.48387E+15,4.92063E+16
51034,8,4,36,64,2018,7,11,4,3,6,6,0,1,0,1,0,0,0,0,5.46165E+20,5.29232E+21,9.61629E+15,4.77826E+16
51035,8,4,35,16,2018,7,9,5,3,0,1,0,1,0,0,0,0,0,0,5.36734E+20,5.28189E+21,9.48951E+15,4.76894E+16
51036,8,2,15,9,2018,7,11,3,3,2,6,0,0,0,0,0,1,0,0,4.66144E+20,5.43827E+21,8.53623E+15,4.90963E+16
51037,8,1,18,48,2018,7,19,7,3,2,6,0,0,1,0,0,0,0,0,5.12995E+20,5.41529E+21,9.17728E+15,4.88904E+16
51038,8,1,11,0,2018,7,8,7,3,5,2,0,0,1,0,0,0,1,0,5.12724E+20,5.40773E+21,9.17334E+15,4.88224E+16
51039,8,2,25,75,2018,7,7,5,3,5,3,0,0,1,0,0,0,0,0,5.31558E+20,5.47522E+21,9.4352E+15,4.94289E+16
51040,8,2,37,74,2018,7,17,3,3,4,6,0,0,1,0,0,0,0,0,4.67152E+20,5.37281E+21,8.55527E+15,4.85075E+16
51041,8,2,35,6,2018,7,12,3,3,3,6,0,0,1,0,0,0,0,0,4.72589E+20,5.38194E+21,8.62827E+15,4.85899E+16
51042,8,2,26,10,2018,7,17,6,3,2,6,0,0,1,0,0,0,0,0,4.81877E+20,5.45812E+21,8.75085E+15,4.92755E+16
51043,8,2,35,67,2018,7,12,3,2,4,6,0,0,1,0,0,0,1,0,4.85691E+20,5.39897E+21,8.80537E+15,4.87436E+16
51044,8,1,19,79,2018,7,12,6,3,2,6,0,0,1,0,0,0,0,0,5.24353E+20,5.40769E+21,9.33177E+15,4.88217E+16
51045,8,2,36,40,2018,7,6,3,2,4,6,0,0,1,0,0,1,0,0,4.84732E+20,5.41949E+21,8.79155E+15,4.89281E+16
51046,8,2,31,0,2018,7,8,3,2,2,6,0,0,1,0,0,0,0,0,4.74438E+20,5.41709E+21,8.65118E+15,4.89062E+16
51047,8,3,15,48,2018,7,16,6,3,4,3,0,0,1,0,0,1,0,0,3.94779E+20,5.30702E+21,7.59194E+15,4.79078E+16
51048,8,2,36,46,2018,7,7,3,2,0,6,0,0,1,0,1,0,0,0,4.83742E+20,5.41868E+21,8.77808E+15,4.89209E+16
51049,8,2,26,82,2018,7,15,3,3,5,2,0,0,1,0,0,0,0,0,4.79171E+20,5.48031E+21,8.71248E+15,4.94751E+16
51050,8,1,27,91,2018,7,7,6,2,9,1,0,0,0,0,1,0,0,0,5.79142E+20,5.45087E+21,1.00865E+16,4.92055E+16
51051,8,2,16,17,2018,7,7,3,3,5,3,0,1,1,0,0,0,0,0,4.51549E+20,5.40101E+21,8.34074E+15,4.87602E+16
51052,8,4,35,52,2018,7,22,4,3,0,1,2,0,0,0,1,0,0,0,5.22231E+20,5.2873E+21,9.29652E+15,4.77387E+16
51053,8,4,15,93,2018,7,20,5,2,8,1,0,0,0,0,1,0,0,0,5.27618E+20,5.36751E+21,9.37357E+15,4.84601E+16
51054,8,2,16,7,2018,7,14,3,2,0,1,0,1,0,0,0,0,0,0,4.43483E+20,5.39111E+21,8.23235E+15,4.86705E+16
51055,8,3,36,87,2018,7,14,6,3,2,6,0,0,0,0,1,0,1,0,4.22329E+20,5.29341E+21,7.96297E+15,4.77894E+16
51056,8,2,16,24,2018,7,13,5,3,2,6,0,0,1,0,0,0,0,0,4.48043E+20,5.40775E+21,8.29219E+15,4.88205E+16
51057,8,2,15,9,2018,7,14,3,3,8,1,0,0,1,0,0,0,0,0,4.74153E+20,5.43751E+21,8.64598E+15,4.90899E+16
51058,8,2,15,109,2018,7,10,3,3,5,3,0,0,0,0,1,0,1,0,4.63069E+20,5.43983E+21,8.49397E+15,4.91102E+16
51059,8,2,37,40,2018,7,17,6,3,8,1,0,0,0,0,1,0,0,0,4.74276E+20,5.3654E+21,8.65218E+15,4.84412E+16
51060,8,1,18,79,2018,7,15,6,3,2,6,0,0,1,0,0,0,0,0,5.09729E+20,5.42261E+21,9.1329E+15,4.89563E+16
51061,8,2,15,108,2018,7,15,3,3,5,3,0,1,1,0,0,0,0,0,4.51299E+20,5.42628E+21,8.33433E+15,4.89875E+16
51062,8,4,17,57,2018,7,18,4,3,2,2,0,0,1,0,0,1,0,0,4.79509E+20,5.33594E+21,8.72436E+15,4.81763E+16
51063,8,3,11,0,2018,7,15,7,3,5,3,0,1,1,0,0,0,0,0,4.12421E+20,5.31851E+21,7.82563E+15,4.80139E+16
51064,8,3,16,38,2018,7,15,5,2,4,6,0,0,0,0,1,0,1,0,3.96756E+20,5.32917E+21,7.61305E+15,4.81074E+16
51065,8,2,12,0,2018,7,22,3,3,2,2,2,0,1,0,0,0,0,0,4.55631E+20,5.42703E+21,8.39345E+15,4.89946E+16
51066,8,4,16,23,2018,7,7,6,2,3,6,0,0,1,0,1,0,0,0,5.09507E+20,5.37162E+21,9.12869E+15,4.84976E+16
51067,8,4,16,41,2018,7,17,4,3,4,6,0,0,1,0,0,0,0,0,5.04831E+20,5.3713E+21,9.0654E+15,4.84948E+16
51068,8,3,35,2,2018,7,21,5,2,9,1,1,0,0,0,1,0,0,0,5.06053E+20,5.28776E+21,9.08074E+15,4.77432E+16
51069,8,2,12,0,2018,7,13,3,3,2,6,0,0,1,0,1,0,0,0,4.56496E+20,5.42325E+21,8.40568E+15,4.89606E+16
51070,8,4,36,81,2018,7,9,6,3,2,6,0,1,0,0,0,0,0,0,5.60351E+20,5.2889E+21,9.80517E+15,4.77507E+16
51071,8,1,11,0,2018,7,16,5,3,3,6,0,0,1,0,0,1,0,0,5.11453E+20,5.39494E+21,9.15568E+15,4.87073E+16
51072,8,3,17,34,2018,7,8,3,3,6,6,0,1,0,1,0,0,0,0,4.26546E+20,5.3625E+21,8.00738E+15,4.84114E+16
51073,8,3,17,59,2018,7,9,3,3,2,2,0,0,1,0,0,0,0,0,4.12338E+20,5.35007E+21,7.818E+15,4.82978E+16
51074,8,2,31,0,2018,7,5,6,2,4,2,0,0,1,0,1,0,0,0,4.7751E+20,5.41589E+21,8.69316E+15,4.88956E+16
51075,8,4,15,61,2018,7,9,4,2,5,3,0,1,1,0,0,0,0,0,5.16047E+20,5.37054E+21,9.21718E+15,4.84877E+16
51076,8,1,15,10,2018,7,7,6,3,5,3,0,0,1,0,0,0,0,0,4.87568E+20,5.38931E+21,8.83119E+15,4.86567E+16
51077,8,1,25,46,2018,7,18,3,3,9,1,0,0,1,0,0,0,0,0,5.19221E+20,5.43239E+21,9.26301E+15,4.90441E+16
51078,8,4,15,61,2018,7,16,4,2,3,6,0,0,0,0,1,1,0,0,5.15599E+20,5.37205E+21,9.21117E+15,4.85014E+16
51079,8,2,12,0,2018,7,20,7,3,3,7,0,0,1,0,0,0,0,0,4.55941E+20,5.42977E+21,8.39739E+15,4.90193E+16
51080,8,1,18,79,2018,7,16,5,3,0,7,0,1,0,0,0,0,0,0,5.09752E+20,5.4229E+21,9.13322E+15,4.8959E+16
51081,8,3,15,64,2018,7,17,5,3,3,6,0,0,1,0,0,0,1,0,4.22151E+20,5.31376E+21,7.95693E+15,4.79724E+16
51082,8,2,26,85,2018,7,22,3,3,3,6,2,0,1,0,0,0,1,0,4.95916E+20,5.45259E+21,8.94391E+15,4.92261E+16
51083,8,3,17,150,2018,7,16,4,3,5,3,0,0,1,0,0,0,0,0,4.10219E+20,5.35751E+21,7.78786E+15,4.83643E+16
51084,8,3,35,75,2018,7,16,6,3,2,2,0,0,1,0,0,0,0,0,4.87631E+20,5.28953E+21,8.83495E+15,4.7759E+16
51085,8,1,19,90,2018,7,8,5,3,5,1,0,1,1,0,0,0,0,0,5.34096E+20,5.40683E+21,9.46443E+15,4.88135E+16
51086,8,1,36,65,2018,7,10,3,3,9,1,0,0,0,0,1,0,0,0,5.57312E+20,5.40493E+21,9.78036E+15,4.87947E+16
51087,8,1,35,19,2018,7,8,3,3,0,3,0,0,1,0,1,0,0,0,5.84734E+20,5.39181E+21,1.0151E+16,4.86736E+16
51088,8,2,12,0,2018,7,8,6,3,5,3,0,1,1,0,0,0,0,0,4.55726E+20,5.43184E+21,8.39422E+15,4.90378E+16
51089,8,4,15,61,2018,7,16,4,2,3,6,0,1,0,0,0,0,0,0,5.1617E+20,5.37047E+21,9.21884E+15,4.84872E+16
51090,8,1,28,45,2018,7,9,5,2,5,3,0,0,1,0,0,0,0,0,5.57656E+20,5.50223E+21,9.79904E+15,4.96698E+16
51091,8,1,35,10,2018,7,7,3,3,4,6,0,0,1,0,0,0,1,0,6.00393E+20,5.39105E+21,1.03634E+16,4.86645E+16
51092,8,2,25,14,2018,7,8,3,3,2,2,0,0,1,0,0,0,0,0,5.23711E+20,5.48539E+21,9.3276E+15,4.95207E+16
51093,8,2,22,0,2018,7,6,6,3,2,6,0,0,1,0,0,0,1,0,4.62375E+20,5.48542E+21,8.48015E+15,4.95203E+16
51094,8,4,15,61,2018,7,16,4,3,0,5,0,0,1,0,1,0,0,0,5.12824E+20,5.37458E+21,9.17368E+15,4.85242E+16
51095,8,2,35,79,2018,7,17,5,3,4,1,0,0,1,0,0,0,0,0,4.68967E+20,5.40263E+21,8.57762E+15,4.87759E+16
51096,8,1,27,76,2018,7,17,3,3,0,7,0,1,0,0,0,0,0,0,5.50831E+20,5.43934E+21,9.69642E+15,4.91048E+16
51097,8,4,15,59,2018,7,17,4,2,8,1,0,0,0,0,1,0,0,0,5.15057E+20,5.36472E+21,9.20357E+15,4.84354E+16
51098,8,2,16,23,2018,7,18,7,3,2,2,0,0,1,0,0,0,0,0,4.3786E+20,5.40756E+21,8.15351E+15,4.88179E+16
51099,8,2,12,0,2018,7,18,5,3,4,6,0,1,0,0,0,0,0,0,4.5322E+20,5.4272E+21,8.36048E+15,4.89959E+16
51100,8,1,27,52,2018,7,6,3,3,0,6,0,0,1,0,0,0,0,0,5.44347E+20,5.43459E+21,9.60707E+15,4.90626E+16
51101,8,1,26,28,2018,7,15,3,2,3,6,0,0,1,0,1,0,0,0,5.41675E+20,5.46016E+21,9.57315E+15,4.92927E+16
51102,8,3,17,110,2018,7,21,6,3,5,2,1,1,1,0,0,0,0,0,4.29941E+20,5.38112E+21,8.05012E+15,4.85792E+16
51103,8,1,18,70,2018,7,15,5,3,4,6,0,0,1,0,0,0,0,0,5.19841E+20,5.42573E+21,9.27118E+15,4.89841E+16
51104,8,1,21,0,2018,7,17,3,3,2,2,0,0,1,0,1,0,0,0,5.11638E+20,5.44306E+21,9.15956E+15,4.91403E+16
51105,8,1,25,65,2018,7,16,3,3,2,6,0,0,1,0,0,1,0,0,5.16608E+20,5.44736E+21,9.22788E+15,4.91788E+16
51106,8,1,36,60,2018,7,18,6,3,2,2,0,0,1,0,0,0,0,0,5.75103E+20,5.43026E+21,1.00272E+16,4.90207E+16
51107,8,1,19,68,2018,7,13,3,3,9,1,0,0,1,0,0,0,0,0,5.2754E+20,5.41294E+21,9.37554E+15,4.88688E+16
51108,8,3,25,69,2018,7,3,4,3,2,6,2,0,0,0,0,1,1,0,4.6819E+20,5.33502E+21,8.57218E+15,4.81677E+16
51109,8,4,26,134,2018,7,17,5,2,4,6,0,0,1,0,0,0,1,0,5.57881E+20,5.3375E+21,9.77877E+15,4.81881E+16
51110,8,1,19,44,2018,7,19,3,3,2,6,0,0,1,0,0,0,0,0,5.47621E+20,5.42497E+21,9.65076E+15,4.89758E+16
51111,8,2,37,24,2018,7,8,4,3,2,6,0,0,1,0,0,0,1,0,4.79892E+20,5.35965E+21,8.72839E+15,4.83897E+16
51112,8,4,36,9,2018,7,15,6,2,5,3,0,0,1,0,1,0,0,0,5.5703E+20,5.31256E+21,9.76399E+15,4.79638E+16