OBJECTID_1,ULAND,UREGBEZ,UKREIS,UGEMEINDE,UJAHR,UMONAT,USTUNDE,UWOCHENTAG,UKATEGORIE,UART,UTYP1,ULICHTVERH,IstRad,IstPKW,IstFuss,IstKrad,IstGkfz,IstSonstig,STRZUSTAND,LINREFX,LINREFY,XGCSWGS84,YGCSWGS84
51679,8,1,18,51,2018,8,11,7,3,2,6,0,0,1,0,0,0,0,0,5.09815E+20,5.41296E+21,9.13385E+15,4.88695E+16
51680,8,4,36,9,2018,8,11,7,3,5,3,0,0,1,0,0,0,0,0,5.58838E+20,5.30548E+21,9.78725E+15,4.78999E+16
51681,8,1,18,14,2018,8,12,2,2,5,3,0,0,1,0,0,0,0,0,5.2159E+20,5.41953E+21,9.29475E+15,4.89284E+16
51682,8,2,12,0,2018,8,8,5,3,3,6,0,0,1,0,0,1,1,0,4.60357E+20,5.42433E+21,8.45832E+15,4.89707E+16
51683,8,4,36,9,2018,8,10,7,3,8,2,0,0,1,0,0,0,0,0,5.56863E+20,5.31175E+21,9.76164E+15,4.79565E+16
51684,8,1,11,0,2018,8,13,6,3,5,3,0,0,1,0,0,0,0,0,5.09615E+20,5.39728E+21,9.13075E+15,4.87285E+16
51685,8,3,16,43,2018,8,16,6,3,2,6,0,0,1,0,0,0,0,0,4.10296E+20,5.32738E+21,7.79528E+15,4.80933E+16
51686,8,2,22,0,2018,8,17,2,3,2,6,0,0,1,0,0,0,0,0,4.62078E+20,5.48033E+21,8.47655E+15,4.94744E+16
51687,8,3,25,45,2018,8,20,5,3,0,6,1,0,1,0,1,0,0,0,4.67603E+20,5.34864E+21,8.56324E+15,4.82901E+16
51688,8,3,17,57,2018,8,4,1,2,9,7,2,0,0,0,1,0,0,0,4.14014E+20,5.37768E+21,7.83494E+15,4.85464E+16
51689,8,4,35,16,2018,8,15,1,3,8,1,0,0,1,0,0,0,0,0,5.33772E+20,5.28133E+21,9.45E+15,4.76844E+16
51690,8,1,16,15,2018,8,8,5,3,2,6,0,0,0,0,0,1,1,0,5.225E+20,5.39478E+21,9.30582E+15,4.87057E+16
51691,8,3,15,131,2018,8,17,3,3,5,3,0,0,1,0,1,0,0,0,4.05478E+20,5.30872E+21,7.73469E+15,4.79249E+16
51692,8,4,17,54,2018,8,18,7,2,0,1,0,1,0,0,0,0,0,0,4.7723E+20,5.34533E+21,8.6932E+15,4.82608E+16
51693,8,1,21,0,2018,8,16,4,3,2,6,0,0,1,0,0,0,0,0,5.16383E+20,5.44238E+21,9.22459E+15,4.9134E+16
51694,8,4,36,64,2018,8,12,7,3,2,6,0,0,1,0,0,0,0,0,5.46457E+20,5.29231E+21,9.62018E+15,4.77825E+16
51695,8,1,15,21,2018,8,11,6,3,2,7,0,0,1,0,0,0,0,0,4.92616E+20,5.38037E+21,8.89989E+15,4.85764E+16
51696,8,2,25,9,2018,8,13,7,2,4,1,0,0,1,0,1,0,0,0,5.16547E+20,5.46609E+21,9.22781E+15,4.93473E+16
51697,8,4,16,36,2018,8,16,2,3,4,6,0,0,0,0,0,0,1,0,4.92913E+20,5.37126E+21,8.90407E+15,4.84944E+16
51698,8,4,35,45,2018,8,6,7,3,0,3,0,0,1,0,1,0,0,0,5.35591E+20,5.28631E+21,9.47464E+15,4.77292E+16
51699,8,1,28,115,2018,8,17,2,2,8,1,0,0,0,0,1,0,0,0,5.4678E+20,5.49681E+21,9.64767E+15,4.9622E+16
51700,8,3,17,89,2018,8,7,3,3,0,7,0,1,0,0,0,0,0,0,4.26707E+20,5.37731E+21,8.00696E+15,4.85446E+16
51701,8,2,22,0,2018,8,5,5,3,2,6,0,0,0,0,0,0,1,0,4.617E+20,5.48109E+21,8.47125E+15,4.94812E+16
51702,8,2,36,71,2018,8,15,3,3,2,6,0,0,1,0,0,0,0,0,4.71389E+20,5.41863E+21,8.60946E+15,4.89199E+16
51703,8,1,27,25,2018,8,17,1,2,8,1,0,0,0,0,1,0,0,0,5.55264E+20,5.42961E+21,9.75582E+15,4.90169E+16
51704,8,3,16,43,2018,8,19,1,3,9,1,0,0,1,0,0,0,0,0,4.10399E+20,5.3304E+21,7.79603E+15,4.81205E+16
51705,8,4,16,41,2018,8,8,4,3,4,6,0,0,1,0,0,1,0,0,4.98718E+20,5.37197E+21,8.98264E+15,4.85008E+16
51706,8,2,16,63,2018,8,2,1,3,9,1,2,0,1,0,0,0,0,0,4.30965E+20,5.39821E+21,8.06116E+15,4.8733E+16
51707,8,2,26,85,2018,8,10,6,3,2,6,0,0,1,0,0,0,0,0,4.85742E+20,5.45666E+21,8.80403E+15,4.92625E+16
51708,8,3,17,118,2018,8,9,7,3,1,7,0,0,1,0,1,0,0,0,4.36482E+20,5.38409E+21,8.13834E+15,4.86067E+16
51709,8,1,36,65,2018,8,20,1,3,8,1,0,0,0,0,1,0,0,0,5.58331E+20,5.40157E+21,9.79376E+15,4.87644E+16
51710,8,3,26,68,2018,8,11,3,3,2,2,0,0,1,0,1,0,0,0,4.44054E+20,5.31713E+21,8.24993E+15,4.80051E+16
51711,8,3,35,99,2018,8,21,1,1,9,1,2,0,0,0,1,0,0,0,4.95083E+20,5.29721E+21,8.9343E+15,4.78282E+16
51712,8,1,19,44,2018,8,16,4,3,5,3,0,1,1,0,0,0,0,0,5.44142E+20,5.4248E+21,9.6032E+15,4.89746E+16
51713,8,2,37,28,2018,8,20,1,2,9,1,1,0,0,0,1,0,0,0,4.49812E+20,5.36833E+21,8.32106E+15,4.84661E+16
51714,8,3,37,96,2018,8,11,7,2,1,2,0,0,1,0,0,0,0,0,4.18081E+20,5.27041E+21,7.91059E+15,4.75819E+16
51715,8,1,11,0,2018,8,14,4,3,2,6,0,0,1,0,0,0,0,0,5.1484E+20,5.40609E+21,9.20211E+15,4.88076E+16
51716,8,4,35,59,2018,8,16,7,2,6,4,0,0,1,1,0,0,0,0,5.13861E+20,5.29129E+21,9.18501E+15,4.77749E+16
51717,8,1,27,76,2018,8,12,6,3,2,6,0,0,1,0,0,0,0,0,5.51495E+20,5.43954E+21,9.70554E+15,4.91066E+16
51718,8,1,15,3,2018,8,2,7,3,4,6,2,1,0,0,0,0,0,0,5.02698E+20,5.39089E+21,9.03665E+15,4.8671E+16
51719,8,3,36,91,2018,8,16,2,3,2,3,0,0,1,0,1,1,0,0,3.94791E+20,5.27332E+21,7.60025E+15,4.76048E+16
51720,8,1,17,24,2018,8,15,7,3,4,6,0,0,1,0,0,0,0,0,5.6267E+20,5.38303E+21,9.84999E+15,4.85972E+16
51721,8,1,25,26,2018,8,8,2,3,5,3,0,0,1,0,0,0,0,0,4.92602E+20,5.44178E+21,8.8986E+15,4.91288E+16
51722,8,3,17,31,2018,8,19,3,2,8,1,0,0,0,0,1,0,0,0,4.15621E+20,5.35926E+21,7.86043E+15,4.83809E+16
51723,8,2,12,0,2018,8,15,5,3,2,6,0,1,1,0,0,0,0,1,4.62801E+20,5.42628E+21,8.49154E+15,4.89883E+16
51724,8,1,18,76,2018,8,21,1,3,4,1,2,0,1,0,0,0,0,0,5.05267E+20,5.42401E+21,9.07197E+15,4.8969E+16
51725,8,2,12,0,2018,8,18,1,3,2,6,0,0,1,0,0,0,0,0,4.62491E+20,5.42204E+21,8.48768E+15,4.89501E+16
51726,8,3,35,55,2018,8,22,4,2,9,7,2,0,0,0,1,0,0,0,4.96472E+20,5.28407E+21,8.95297E+15,4.771E+16
51727,8,1,36,46,2018,8,19,1,2,4,1,0,0,1,0,0,0,0,0,5.76017E+20,5.42437E+21,1.00386E+16,4.89675E+16
51728,8,2,37,19,2018,8,16,6,3,5,3,0,0,1,0,1,0,0,0,4.617E+20,5.36978E+21,8.48173E+15,4.848E+16
51729,8,2,15,96,2018,8,18,7,1,4,1,0,0,1,0,0,0,0,0,4.60183E+20,5.41756E+21,8.45661E+15,4.89097E+16
51730,8,3,15,48,2018,8,0,3,3,2,6,2,0,1,0,0,1,0,0,3.93273E+20,5.30385E+21,7.57257E+15,4.78791E+16
51731,8,4,26,21,2018,8,7,7,2,5,3,0,0,1,0,1,0,0,0,5.59672E+20,5.32589E+21,9.80124E+15,4.80835E+16
51732,8,1,19,93,2018,8,8,6,3,5,3,0,0,1,0,1,0,0,0,5.23039E+20,5.40616E+21,9.31378E+15,4.8808E+16
51733,8,4,35,52,2018,8,16,6,3,5,3,0,0,1,0,0,0,0,0,5.19432E+20,5.29385E+21,9.25948E+15,4.77977E+16
51734,8,3,25,1,2018,8,8,2,2,5,3,0,0,1,0,1,0,0,0,4.56463E+20,5.34451E+21,8.41349E+15,4.82523E+16
51735,8,4,35,35,2018,8,15,5,3,2,6,0,0,1,0,0,0,0,0,5.41974E+20,5.28222E+21,9.55936E+15,4.7692E+16
51736,8,2,37,2,2018,8,15,1,3,3,6,0,1,1,0,0,0,0,0,4.58947E+20,5.35437E+21,8.446E+15,4.83411E+16
51737,8,4,35,16,2018,8,17,3,3,2,6,0,0,1,0,1,0,0,0,5.36004E+20,5.27779E+21,9.47945E+15,4.76525E+16
51738,8,4,25,8,2018,8,16,7,3,3,6,0,0,1,0,0,0,0,0,5.65201E+20,5.38021E+21,9.88387E+15,4.85716E+16
51739,8,1,26,46,2018,8,7,6,3,0,1,0,0,0,0,1,0,0,0,5.49324E+20,5.45998E+21,9.67831E+15,4.92905E+16
51740,8,1,36,24,2018,8,18,6,3,2,6,0,0,1,0,0,0,0,0,5.6455E+20,5.41163E+21,9.87996E+15,4.88543E+16
51741,8,3,27,56,2018,8,15,2,3,2,6,0,0,1,0,0,0,0,0,4.83071E+20,5.31882E+21,8.77295E+15,4.80225E+16
51742,8,2,36,46,2018,8,16,1,3,2,6,0,0,1,0,0,0,0,0,4.83713E+20,5.41675E+21,8.77775E+15,4.89035E+16
51743,8,4,17,25,2018,8,10,7,3,0,1,0,0,0,0,1,0,0,0,4.8568E+20,5.35715E+21,8.80666E+15,4.83674E+16
51744,8,1,15,24,2018,8,11,2,2,2,2,0,0,1,0,0,0,1,0,5.00608E+20,5.38929E+21,9.00826E+15,4.86567E+16
51745,8,1,15,21,2018,8,19,5,3,4,6,1,0,1,0,0,0,0,1,4.85289E+20,5.38185E+21,8.80051E+15,4.85896E+16
51746,8,1,11,0,2018,8,16,1,3,2,6,0,0,0,0,1,0,0,0,5.13042E+20,5.40334E+21,9.17753E+15,4.87829E+16
51747,8,2,36,40,2018,8,7,4,3,4,2,0,1,1,0,0,0,0,1,4.8812E+20,5.42164E+21,8.83775E+15,4.89475E+16
51748,8,1,27,62,2018,8,14,1,2,0,1,0,0,0,0,1,0,1,0,5.50675E+20,5.43162E+21,9.69332E+15,4.90354E+16
51749,8,2,26,3,2018,8,15,6,3,1,6,0,0,1,0,0,0,0,0,4.61071E+20,5.46335E+21,8.46431E+15,4.93216E+16
51750,8,2,35,20,2018,8,15,7,2,3,2,0,0,1,0,1,0,0,0,4.77421E+20,5.38264E+21,8.69377E+15,4.85964E+16
51751,8,3,35,22,2018,8,12,3,3,5,3,0,0,1,0,0,0,0,0,4.82136E+20,5.2993E+21,8.76123E+15,4.78468E+16
51752,8,4,17,13,2018,8,12,7,3,2,2,0,0,1,0,0,0,0,0,5.0857E+20,5.34846E+21,9.11553E+15,4.82893E+16
51753,8,1,15,45,2018,8,17,6,3,3,6,0,0,1,0,0,1,0,0,5.03927E+20,5.39743E+21,9.05341E+15,4.87299E+16
51754,8,4,15,61,2018,8,16,6,3,4,1,0,0,1,0,0,0,0,0,5.13246E+20,5.37546E+21,9.17943E+15,4.85321E+16
51755,8,2,26,40,2018,8,23,2,2,9,5,2,0,1,0,0,0,0,0,4.75053E+20,5.495E+21,8.65471E+15,4.9607E+16
51756,8,3,25,61,2018,8,15,5,3,8,1,0,0,1,0,0,0,1,1,4.73879E+20,5.35233E+21,8.64762E+15,4.83236E+16
51757,8,2,36,44,2018,8,4,3,3,0,7,2,0,1,0,0,0,0,0,4.82676E+20,5.40501E+21,8.7641E+15,4.87978E+16
51758,8,3,35,43,2018,8,3,3,2,0,7,2,1,0,0,0,0,0,0,5.12232E+20,5.27957E+21,9.16294E+15,4.76694E+16
51759,8,2,16,7,2018,8,14,1,3,8,1,0,0,0,0,1,0,0,0,4.42054E+20,5.39072E+21,8.213E+15,4.86668E+16
51760,8,1,11,0,2018,8,15,2,3,2,7,0,0,1,0,1,0,0,0,5.17831E+20,5.40404E+21,9.24276E+15,4.87891E+16
51761,8,1,17,29,2018,8,8,5,2,5,3,0,1,0,0,0,1,0,0,5.42429E+20,5.39061E+21,9.57626E+15,4.86671E+16
51762,8,4,35,36,2018,8,18,7,3,8,7,0,0,0,0,1,0,0,0,5.21246E+20,5.28224E+21,9.28315E+15,4.76932E+16
51763,8,1,28,20,2018,8,6,4,3,6,7,0,0,1,1,0,0,0,0,5.82541E+20,5.47132E+21,1.01374E+16,4.93889E+16
51764,8,1,15,21,2018,8,13,2,3,5,3,0,1,1,0,0,0,0,0,4.90215E+20,5.38256E+21,8.86728E+15,4.85961E+16
51765,8,1,27,25,2018,8,0,5,3,8,1,2,1,0,0,0,0,0,0,5.55237E+20,5.42936E+21,9.75543E+15,4.90147E+16
51766,8,4,36,18,2018,8,3,7,3,8,1,2,0,1,0,0,0,0,0,5.53538E+20,5.28599E+21,9.71393E+15,4.77251E+16
51767,8,2,16,49,2018,8,18,4,3,2,1,0,0,1,0,1,0,0,0,4.38485E+20,5.3992E+21,8.16327E+15,4.87428E+16
51768,8,4,15,61,2018,8,8,7,3,2,6,0,0,1,0,0,0,0,0,5.13251E+20,5.3712E+21,9.17935E+15,4.84938E+16
51769,8,2,15,9,2018,8,12,6,3,2,2,0,0,1,0,0,0,0,0,4.69514E+20,5.44185E+21,8.58212E+15,4.91287E+16
51770,8,2,15,99,2018,8,18,7,3,1,6,0,0,1,0,0,0,0,0,4.64915E+20,5.44422E+21,8.51887E+15,4.91498E+16
51771,8,4,15,50,2018,8,19,7,3,2,2,0,0,1,0,1,0,0,0,5.20302E+20,5.37511E+21,9.27498E+15,4.85288E+16
51772,8,4,36,49,2018,8,15,5,2,2,6,0,0,1,0,1,0,1,0,5.80131E+20,5.28853E+21,1.0069E+16,4.77452E+16
51773,8,3,36,69,2018,8,15,6,2,5,3,0,0,1,0,0,1,0,0,4.0955E+20,5.27E+21,7.79725E+15,4.75771E+16
51774,8,2,15,84,2018,8,23,2,3,8,1,2,0,1,0,0,0,0,0,4.73043E+20,5.44818E+21,8.63007E+15,4.91858E+16
51775,8,3,36,50,2018,8,15,5,3,5,3,0,0,1,0,1,0,0,0,3.99718E+20,5.27383E+21,7.66567E+15,4.76101E+16
51776,8,2,26,103,2018,8,7,3,3,1,6,0,0,1,0,1,0,0,0,4.74231E+20,5.45511E+21,8.64592E+15,4.92482E+16
51777,8,2,11,0,2018,8,17,1,2,0,1,0,0,0,0,1,0,0,0,4.41874E+20,5.3955E+21,8.20989E+15,4.87098E+16
51778,8,4,15,88,2018,8,13,1,3,4,6,0,0,1,0,1,0,0,0,5.42449E+20,5.3709E+21,9.57452E+15,4.84898E+16
51779,8,1,15,21,2018,8,14,5,3,8,7,0,0,0,0,1,0,0,0,4.89885E+20,5.38022E+21,8.86287E+15,4.8575E+16
51780,8,2,37,40,2018,8,12,3,3,1,6,0,0,1,0,0,0,0,0,4.78987E+20,5.36848E+21,8.71571E+15,4.84691E+16
51781,8,4,16,36,2018,8,16,7,2,8,1,0,0,0,0,1,0,1,0,4.91287E+20,5.36733E+21,8.88215E+15,4.8459E+16
51782,8,1,16,49,2018,8,14,4,3,2,6,0,0,1,0,0,0,0,0,5.22959E+20,5.3878E+21,9.31167E+15,4.86428E+16
51783,8,3,15,102,2018,8,15,7,3,0,1,0,0,0,0,1,0,0,0,4.43329E+20,5.29382E+21,8.24328E+15,4.77952E+16
51784,8,1,28,7,2018,8,21,6,3,0,7,1,0,0,0,1,0,0,0,5.57967E+20,5.47961E+21,9.80002E+15,4.94664E+16
51785,8,1,18,40,2018,8,12,7,3,5,3,0,0,1,0,0,0,0,0,5.11299E+20,5.4312E+21,9.15458E+15,4.90336E+16
51786,8,4,15,61,2018,8,7,2,3,2,6,0,0,1,0,0,0,1,0,5.12571E+20,5.37126E+21,9.17016E+15,4.84943E+16
51787,8,2,26,37,2018,8,15,3,3,5,3,0,1,1,0,0,0,0,0,4.65053E+20,5.46808E+21,8.51869E+15,4.93644E+16
51788,8,3,36,81,2018,8,7,7,3,5,3,0,0,0,0,1,0,1,0,4.10849E+20,5.27645E+21,7.8132E+15,4.76353E+16
51789,8,4,36,95,2018,8,14,7,2,8,1,0,0,0,0,1,0,0,0,5.38978E+20,5.29741E+21,9.52081E+15,4.78289E+16
51790,8,1,16,35,2018,8,12,6,3,2,6,0,0,1,0,1,0,0,0,5.25497E+20,5.3914E+21,9.34634E+15,4.86751E+16
51791,8,1,26,56,2018,8,17,7,3,1,5,0,1,1,0,0,0,0,0,5.61065E+20,5.46424E+21,9.84041E+15,4.93278E+16
51792,8,3,27,49,2018,8,14,7,3,1,6,0,0,1,0,0,0,0,0,4.73486E+20,5.32158E+21,8.64424E+15,4.8047E+16
51793,8,1,36,65,2018,8,14,2,2,5,3,0,1,0,0,0,1,0,0,5.59812E+20,5.40433E+21,9.81432E+15,4.87891E+16
51794,8,2,35,7,2018,8,14,5,3,2,6,0,0,1,0,1,0,0,0,4.84488E+20,5.39998E+21,8.78896E+15,4.87526E+16
51795,8,2,26,80,2018,8,8,3,2,4,6,0,0,1,0,1,0,0,0,4.87964E+20,5.47579E+21,8.83399E+15,4.94347E+16
51796,8,1,36,33,2018,8,16,1,3,5,2,0,0,1,0,0,0,0,0,5.80936E+20,5.4163E+21,1.01042E+16,4.88944E+16
51797,8,3,26,5,2018,8,6,1,3,8,1,0,0,0,0,1,0,0,0,4.66523E+20,5.29792E+21,8.55265E+15,4.78337E+16
51798,8,4,35,52,2018,8,17,4,3,5,3,0,1,1,0,0,0,0,0,5.21919E+20,5.29152E+21,9.29258E+15,4.77767E+16
51799,8,2,26,13,2018,8,14,1,3,4,2,0,0,1,0,0,0,0,0,4.98132E+20,5.47915E+21,8.97422E+15,4.9465E+16
51800,8,3,27,2,2018,8,20,6,2,6,2,0,0,1,1,0,0,0,0,4.78978E+20,5.32693E+21,8.71767E+15,4.80953E+16
51801,8,3,36,103,2018,8,13,7,2,0,2,0,0,0,0,1,0,0,0,4.17446E+20,5.2834E+21,7.8997E+15,4.76987E+16
51802,8,3,37,53,2018,8,16,3,3,4,6,0,0,1,0,1,0,0,0,4.57826E+20,5.27206E+21,8.43895E+15,4.76006E+16
51803,8,3,25,12,2018,8,14,7,3,2,7,0,0,1,0,0,0,0,0,4.6456E+20,5.35806E+21,8.52142E+15,4.83747E+16
51804,8,1,27,99,2018,8,17,6,3,2,1,0,0,1,0,0,0,0,0,5.60656E+20,5.44707E+21,9.83218E+15,4.91734E+16
51805,8,1,11,0,2018,8,17,7,3,5,3,0,1,1,0,0,0,0,0,5.13044E+20,5.40696E+21,9.17768E+15,4.88155E+16
51806,8,3,36,90,2018,8,21,2,3,0,7,0,1,0,0,0,0,0,0,4.18654E+20,5.29514E+21,7.91359E+15,4.78045E+16
51807,8,2,22,0,2018,8,10,3,3,0,7,0,1,0,0,0,0,0,0,4.6218E+20,5.48055E+21,8.47793E+15,4.94764E+16
51808,8,2,37,2,2018,8,10,7,3,9,7,0,0,1,0,0,0,0,0,4.56446E+20,5.35757E+21,8.41192E+15,4.83698E+16
51809,8,1,19,8,2018,8,9,2,3,5,2,0,1,1,0,0,0,0,0,5.32166E+20,5.42103E+21,9.43926E+15,4.89414E+16
51810,8,1,15,45,2018,8,16,5,3,2,6,0,0,1,0,0,0,0,1,4.99581E+20,5.39333E+21,8.99431E+15,4.8693E+16
51811,8,2,16,22,2018,8,10,3,3,2,6,0,1,1,0,0,0,0,0,4.35127E+20,5.40486E+21,8.11671E+15,4.87933E+16
51812,8,1,16,33,2018,8,18,1,3,5,3,0,0,1,0,0,0,0,0,5.30503E+20,5.38809E+21,9.4141E+15,4.86451E+16
51813,8,3,36,91,2018,8,14,4,2,5,3,0,0,1,0,1,0,0,0,3.95035E+20,5.27302E+21,7.60357E+15,4.76021E+16
51814,8,1,35,10,2018,8,16,1,2,9,1,0,0,0,0,1,0,0,0,6.06023E+20,5.39361E+21,1.04405E+16,4.86865E+16
51815,8,1,27,14,2018,8,18,2,2,5,2,0,0,0,0,1,0,1,0,5.73805E+20,5.43974E+21,1.00112E+16,4.91061E+16
51816,8,2,15,94,2018,8,15,5,3,5,3,0,0,1,0,0,0,0,1,4.84272E+20,5.43944E+21,8.78451E+15,4.91076E+16
51817,8,1,25,65,2018,8,17,1,3,1,7,0,0,0,0,1,0,0,0,5.16164E+20,5.44898E+21,9.22186E+15,4.91934E+16
51818,8,2,26,98,2018,8,17,1,3,1,6,0,0,1,0,0,0,0,0,4.77115E+20,5.45805E+21,8.68538E+15,4.92748E+16
51819,8,4,15,59,2018,8,20,4,3,1,6,2,0,1,0,0,0,0,0,5.16241E+20,5.3671E+21,9.21967E+15,4.84569E+16
51820,8,2,15,96,2018,8,14,1,2,0,1,0,0,0,0,1,0,0,0,4.64689E+20,5.41411E+21,8.51839E+15,4.88789E+16
51821,8,2,15,17,2018,8,21,6,3,2,6,2,0,1,0,0,0,0,0,4.54805E+20,5.42278E+21,8.38263E+15,4.89563E+16
51822,8,3,16,2,2018,8,19,7,3,5,3,0,0,1,0,1,0,0,0,4.06293E+20,5.33036E+21,7.74088E+15,4.81196E+16
51823,8,4,26,70,2018,8,8,3,3,5,3,0,0,1,0,1,0,0,1,5.65721E+20,5.34089E+21,9.88477E+15,4.82178E+16
51824,8,3,17,65,2018,8,15,7,3,9,7,0,1,0,0,0,0,0,0,4.15514E+20,5.35241E+21,7.86035E+15,4.83192E+16
51825,8,1,21,0,2018,8,12,6,3,2,6,0,0,1,0,0,0,0,0,5.14945E+20,5.44596E+21,9.20501E+15,4.91663E+16
51826,8,4,36,11,2018,8,13,6,3,1,6,0,0,1,0,0,1,0,0,5.46244E+20,5.29731E+21,9.61787E+15,4.78275E+16
51827,8,3,25,51,2018,8,16,2,3,8,1,0,0,1,0,0,0,0,0,4.534E+20,5.34539E+21,8.37214E+15,4.826E+16
51828,8,2,16,9,2018,8,10,3,3,5,3,0,0,1,0,0,0,0,0,4.46457E+20,5.41979E+21,8.26901E+15,4.89288E+16
51829,8,2,31,0,2018,8,16,1,3,2,6,0,0,1,0,0,0,0,0,4.8258E+20,5.41821E+21,8.76224E+15,4.89166E+16
51830,8,3,17,152,2018,8,18,7,3,8,7,0,0,0,0,1,0,0,0,4.07809E+20,5.35114E+21,7.75672E+15,4.83067E+16
51831,8,1,17,58,2018,8,19,2,3,2,6,0,0,1,0,0,0,1,0,5.46513E+20,5.37867E+21,9.63038E+15,4.85594E+16
51832,8,1,36,88,2018,8,20,5,2,2,6,0,1,0,0,0,0,0,0,5.86273E+20,5.41103E+21,1.01759E+16,4.88462E+16
51833,8,4,26,66,2018,8,11,7,3,0,2,0,1,1,0,0,0,0,0,5.83772E+20,5.32372E+21,1.01244E+16,4.80613E+16
51834,8,2,25,114,2018,8,15,4,3,4,6,0,0,1,0,0,0,0,0,5.3555E+20,5.47265E+21,9.49003E+15,4.94055E+16
51835,8,2,25,113,2018,8,0,1,2,1,1,2,0,1,0,1,0,0,0,5.02564E+20,5.47424E+21,9.03535E+15,4.94208E+16
51836,8,2,21,0,2018,8,14,6,3,2,6,0,0,1,0,0,0,0,0,4.7736E+20,5.46863E+21,8.68814E+15,4.937E+16
51837,8,2,26,85,2018,8,13,7,3,6,1,0,0,1,1,0,0,0,0,4.90968E+20,5.45563E+21,8.87588E+15,4.92534E+16
51838,8,3,17,1,2018,8,12,7,3,0,1,0,1,0,0,0,0,0,0,4.32457E+20,5.38487E+21,8.08363E+15,4.86133E+16
51839,8,1,11,0,2018,8,16,6,3,5,3,0,0,1,0,0,0,0,0,5.12468E+20,5.3996E+21,9.16961E+15,4.87493E+16
51840,8,3,16,37,2018,8,17,6,3,2,6,0,0,1,0,0,0,0,0,4.08195E+20,5.33343E+21,7.76576E+15,4.81475E+16
51841,8,2,22,0,2018,8,16,2,3,2,6,0,0,1,0,0,0,0,0,4.61681E+20,5.48109E+21,8.47099E+15,4.94812E+16
51842,8,3,35,63,2018,8,1,5,3,0,1,2,1,0,0,0,0,0,0,4.96771E+20,5.28771E+21,8.95693E+15,4.77428E+16
51843,8,2,35,80,2018,8,0,6,3,8,1,2,0,1,0,0,0,0,0,4.82329E+20,5.38716E+21,8.76014E+15,4.86372E+16
51844,8,2,37,19,2018,8,13,7,3,3,2,0,0,1,0,0,0,0,0,4.62478E+20,5.36949E+21,8.49229E+15,4.84774E+16
51845,8,3,36,50,2018,8,12,3,3,1,6,0,0,1,0,0,0,0,0,4.00903E+20,5.27642E+21,7.68084E+15,4.76336E+16
51846,8,3,17,89,2018,8,20,7,3,5,2,0,1,0,0,0,0,0,0,4.27479E+20,5.37769E+21,8.01735E+15,4.85481E+16
51847,8,1,18,48,2018,8,7,6,3,5,3,0,0,1,0,1,0,0,0,5.14259E+20,5.41482E+21,9.19451E+15,4.88862E+16
51848,8,4,35,16,2018,8,17,6,3,0,7,0,1,0,0,0,0,0,0,5.3617E+20,5.27863E+21,9.48173E+15,4.76601E+16
51849,8,2,16,7,2018,8,21,2,3,2,6,1,0,1,0,0,0,0,0,4.35662E+20,5.39979E+21,8.12478E+15,4.87478E+16
51850,8,4,26,64,2018,8,16,5,2,3,2,0,0,1,0,0,0,1,0,5.41491E+20,5.3255E+21,9.55709E+15,4.80814E+16
51851,8,2,15,7,2018,8,14,3,2,8,7,0,0,1,0,0,0,0,0,4.80237E+20,5.43059E+21,8.72965E+15,4.90279E+16
51852,8,2,35,8,2018,8,5,1,3,8,1,1,0,1,0,0,0,0,0,4.85798E+20,5.40106E+21,8.80674E+15,4.87624E+16
51853,8,1,11,0,2018,8,15,2,3,0,7,0,0,1,0,0,0,1,0,5.14755E+20,5.4012E+21,9.20078E+15,4.87637E+16
51854,8,1,18,46,2018,8,16,5,3,5,3,0,1,1,0,0,0,0,1,5.14646E+20,5.41268E+21,9.19971E+15,4.88669E+16
51855,8,4,36,81,2018,8,12,7,3,8,1,0,0,0,0,1,0,0,0,5.6288E+20,5.28623E+21,9.83853E+15,4.77264E+16
51856,8,2,12,0,2018,8,7,4,3,0,1,0,1,0,0,0,0,0,0,4.55163E+20,5.42825E+21,8.38692E+15,4.90055E+16
51857,8,3,17,89,2018,8,18,7,3,3,6,0,1,0,0,0,0,1,0,4.31986E+20,5.37511E+21,8.07883E+15,4.85254E+16
51858,8,2,15,46,2018,8,15,6,2,0,1,0,0,0,0,1,0,0,0,4.4876E+20,5.41635E+21,8.30088E+15,4.8898E+16
51859,8,1,11,0,2018,8,12,7,3,9,7,0,0,1,0,0,1,0,0,5.10273E+20,5.39518E+21,9.13964E+15,4.87095E+16
51860,8,3,15,52,2018,8,16,7,2,0,7,0,1,0,0,0,0,0,0,4.32367E+20,5.3099E+21,8.09441E+15,4.79388E+16
51861,8,1,11,0,2018,8,16,2,3,2,6,0,0,1,0,0,0,0,0,5.0668E+20,5.39571E+21,9.09081E+15,4.87144E+16
51862,8,2,31,0,2018,8,20,5,2,3,6,1,0,1,0,0,0,0,0,4.80401E+20,5.41856E+21,8.73248E+15,4.89196E+16
51863,8,2,11,0,2018,8,8,3,3,2,2,0,0,1,0,0,0,0,0,4.41333E+20,5.40379E+21,8.20134E+15,4.87843E+16
51864,8,2,36,25,2018,8,9,1,3,2,6,0,0,1,0,0,0,0,0,4.90992E+20,5.40821E+21,8.87727E+15,4.88268E+16
51865,8,3,35,35,2018,8,16,1,3,5,2,0,0,1,0,1,0,0,0,4.80216E+20,5.29495E+21,8.73577E+15,4.78076E+16
51866,8,1,11,0,2018,8,18,5,3,3,7,0,0,1,0,1,0,0,0,5.09881E+20,5.40136E+21,9.13446E+15,4.87652E+16
51867,8,2,16,7,2018,8,20,1,3,2,6,1,0,1,0,0,0,0,0,4.33348E+20,5.39675E+21,8.0938E+15,4.87202E+16