OBJECTID_1,ULAND,UREGBEZ,UKREIS,UGEMEINDE,UJAHR,UMONAT,USTUNDE,UWOCHENTAG,UKATEGORIE,UART,UTYP1,ULICHTVERH,IstRad,IstPKW,IstFuss,IstKrad,IstGkfz,IstSonstig,STRZUSTAND,LINREFX,LINREFY,XGCSWGS84,YGCSWGS84
52056,8,1,21,0,2018,8,5,4,3,5,2,1,0,1,0,0,0,0,0,5.10592E+20,5.4471E+21,9.14533E+15,4.91766E+16
52057,8,4,36,18,2018,8,19,4,3,2,6,0,0,1,0,1,0,0,0,5.52003E+20,5.28709E+21,9.69359E+15,4.77351E+16
52058,8,1,19,67,2018,8,16,4,3,6,1,0,1,0,1,0,0,0,0,5.39212E+20,5.40584E+21,9.53401E+15,4.88043E+16
52059,8,4,25,5,2018,8,23,1,3,9,1,2,0,1,0,0,0,0,0,5.76128E+20,5.38284E+21,1.00325E+16,4.8594E+16
52060,8,2,36,46,2018,8,13,6,2,2,6,0,0,1,0,1,0,0,0,4.83794E+20,5.41664E+21,8.77886E+15,4.89025E+16
52061,8,4,25,72,2018,8,23,1,3,1,6,2,0,1,0,0,0,0,0,5.80198E+20,5.3721E+21,1.00856E+16,4.84969E+16
52062,8,4,36,81,2018,8,17,5,2,4,2,0,0,0,0,1,1,0,0,5.61774E+20,5.28877E+21,9.82414E+15,4.77493E+16
52063,8,4,25,108,2018,8,16,4,2,9,1,0,0,0,0,1,0,0,0,5.43355E+20,5.35974E+21,9.58562E+15,4.83893E+16
52064,8,1,15,45,2018,8,15,3,3,5,3,0,0,1,0,0,0,0,0,4.99764E+20,5.39467E+21,8.99679E+15,4.8705E+16
52065,8,3,16,3,2018,8,20,7,2,4,2,0,0,1,0,1,0,0,0,4.28924E+20,5.33808E+21,8.04362E+15,4.8192E+16
52066,8,2,25,67,2018,8,16,5,3,2,6,0,0,1,0,0,0,0,0,5.09434E+20,5.46288E+21,9.12981E+15,4.93186E+16
52067,8,1,16,42,2018,8,18,4,3,2,6,0,0,1,0,0,0,0,0,5.18636E+20,5.38243E+21,9.25275E+15,4.85946E+16
52068,8,1,16,54,2018,8,10,4,3,0,1,0,1,0,0,0,0,0,0,5.32864E+20,5.38134E+21,9.44562E+15,4.85843E+16
52069,8,2,15,84,2018,8,16,2,3,5,7,0,1,1,0,0,0,0,0,4.72078E+20,5.44678E+21,8.61692E+15,4.91732E+16
52070,8,4,25,8,2018,8,16,7,3,9,1,0,0,0,0,1,0,0,0,5.68431E+20,5.38336E+21,9.92818E+15,4.85996E+16
52071,8,1,16,78,2018,8,8,4,3,5,3,0,1,1,0,0,0,0,0,5.12013E+20,5.39314E+21,9.16324E+15,4.86912E+16
52072,8,1,16,19,2018,8,6,4,3,5,3,0,0,1,0,1,0,0,0,5.20293E+20,5.39965E+21,9.27607E+15,4.87496E+16
52073,8,3,26,55,2018,8,12,1,2,5,3,0,0,1,0,1,0,0,0,4.37374E+20,5.33317E+21,8.15803E+15,4.81487E+16
52074,8,1,15,45,2018,8,10,6,3,2,6,0,0,1,0,0,0,0,0,5.02808E+20,5.39836E+21,9.03819E+15,4.87382E+16
52075,8,1,16,19,2018,8,18,1,3,0,7,0,0,0,0,0,0,1,0,5.22128E+20,5.39805E+21,9.30094E+15,4.87351E+16
52076,8,4,16,15,2018,8,3,5,2,9,1,2,0,1,0,0,0,0,0,5.08395E+20,5.368E+21,9.11357E+15,4.84651E+16
52077,8,1,11,0,2018,8,22,4,3,2,6,2,0,1,0,0,0,0,0,5.12776E+20,5.40186E+21,9.17387E+15,4.87696E+16
52078,8,2,12,0,2018,8,16,6,3,5,3,0,1,1,0,0,0,0,0,4.55673E+20,5.42759E+21,8.39397E+15,4.89996E+16
52079,8,1,25,113,2018,8,14,1,3,5,3,0,0,1,0,1,0,0,0,5.3024E+20,5.45019E+21,9.41513E+15,4.92038E+16
52080,8,4,26,21,2018,8,14,5,3,3,2,0,1,1,0,0,0,0,0,5.58428E+20,5.32713E+21,9.7847E+15,4.80948E+16
52081,8,4,15,59,2018,8,17,4,3,5,3,0,1,1,0,0,0,0,0,5.16326E+20,5.36838E+21,9.22087E+15,4.84683E+16
52082,8,1,11,0,2018,8,14,4,3,3,6,0,0,1,0,0,1,0,0,5.15569E+20,5.40495E+21,9.212E+15,4.87973E+16
52083,8,3,37,97,2018,8,16,4,2,8,1,0,0,0,0,1,0,0,0,4.30944E+20,5.29646E+21,8.0775E+15,4.78178E+16
52084,8,4,26,66,2018,8,9,2,3,2,6,0,0,0,0,0,1,1,0,5.8382E+20,5.3245E+21,1.01252E+16,4.80682E+16
52085,8,2,31,0,2018,8,11,7,2,0,2,0,0,1,0,1,0,0,0,4.7777E+20,5.41494E+21,8.69676E+15,4.8887E+16
52086,8,2,11,0,2018,8,15,5,3,1,6,0,0,1,0,0,0,0,0,4.43014E+20,5.40244E+21,8.22441E+15,4.87724E+16
52087,8,4,36,81,2018,8,8,3,3,8,6,0,0,1,0,0,0,0,1,5.56265E+20,5.27711E+21,9.74915E+15,4.7645E+16
52088,8,4,36,10,2018,8,15,3,3,9,7,0,0,1,0,0,0,0,0,5.73801E+20,5.3051E+21,9.98735E+15,4.7895E+16
52089,8,1,18,11,2018,8,3,2,2,2,6,2,0,1,0,0,0,0,0,5.06235E+20,5.40856E+21,9.08495E+15,4.88299E+16
52090,8,1,27,25,2018,8,15,6,3,5,2,0,0,1,0,0,0,0,0,5.56603E+20,5.42745E+21,9.77383E+15,4.89973E+16
52091,8,4,35,16,2018,8,14,3,3,5,2,0,1,1,0,0,0,0,1,5.363E+20,5.27892E+21,9.48348E+15,4.76627E+16
52092,8,4,25,8,2018,8,3,3,3,7,1,2,0,1,0,0,0,0,0,5.57296E+20,5.37542E+21,9.77606E+15,4.85293E+16
52093,8,3,15,84,2018,8,12,1,3,5,3,0,0,1,0,0,0,0,0,4.21321E+20,5.31292E+21,7.94597E+15,4.79648E+16
52094,8,1,36,2,2018,8,18,6,3,8,1,0,0,0,0,1,0,0,1,5.75556E+20,5.41639E+21,1.00309E+16,4.88958E+16
52095,8,4,35,59,2018,8,8,7,3,5,3,0,0,1,0,1,0,0,0,5.18672E+20,5.2948E+21,9.24938E+15,4.78063E+16
52096,8,3,35,79,2018,8,16,5,3,5,2,0,0,1,0,0,0,0,0,5.00365E+20,5.30051E+21,9.00488E+15,4.7858E+16
52097,8,4,25,33,2018,8,11,3,3,8,1,0,0,0,0,1,0,0,0,5.56967E+20,5.34491E+21,9.76747E+15,4.82548E+16
52098,8,3,37,66,2018,8,17,2,3,5,3,0,0,1,0,0,0,0,0,4.31073E+20,5.26889E+21,8.08358E+15,4.75697E+16
52099,8,3,17,5,2018,8,15,7,2,8,7,0,0,1,0,1,0,0,0,4.24626E+20,5.37697E+21,7.97883E+15,4.85413E+16
52100,8,1,25,13,2018,8,10,5,3,1,3,0,1,1,0,0,0,0,0,5.0476E+20,5.43573E+21,9.06518E+15,4.90744E+16
52101,8,4,17,13,2018,8,11,3,2,0,1,0,0,0,0,1,0,0,0,5.04132E+20,5.34846E+21,9.0557E+15,4.82893E+16
52102,8,1,15,24,2018,8,7,5,3,2,6,0,0,1,0,0,0,1,0,5.01417E+20,5.38608E+21,9.01923E+15,4.86277E+16
52103,8,4,16,15,2018,8,17,3,3,2,3,0,0,1,0,0,0,0,0,5.07773E+20,5.36761E+21,9.10515E+15,4.84616E+16
52104,8,1,16,56,2018,8,0,2,3,5,2,2,1,0,0,1,0,0,0,5.29887E+20,5.39557E+21,9.40628E+15,4.87125E+16
52105,8,3,37,106,2018,8,19,6,3,4,1,1,0,1,0,0,0,0,1,4.54098E+20,5.28898E+21,8.38757E+15,4.77525E+16
52106,8,4,17,2,2018,8,19,2,3,9,1,1,0,1,0,0,0,0,0,4.91116E+20,5.34723E+21,8.88026E+15,4.82782E+16
52107,8,1,25,27,2018,8,18,5,3,9,1,0,0,1,0,0,0,0,0,5.17601E+20,5.44698E+21,9.24149E+15,4.91754E+16
52108,8,4,16,36,2018,8,6,3,3,8,7,0,0,1,0,0,0,0,0,4.86512E+20,5.37209E+21,8.8174E+15,4.85018E+16
52109,8,1,16,41,2018,8,11,5,2,1,6,0,0,1,0,0,0,0,0,5.20549E+20,5.38489E+21,9.27881E+15,4.86167E+16
52110,8,4,15,88,2018,8,14,3,3,4,6,0,0,1,0,0,0,0,0,5.36984E+20,5.37135E+21,9.50059E+15,4.84942E+16
52111,8,1,18,21,2018,8,13,2,3,5,2,0,0,1,0,0,0,0,0,5.21424E+20,5.42745E+21,9.2929E+15,4.89996E+16
52112,8,4,26,71,2018,8,5,6,2,8,1,1,0,1,0,0,0,0,0,5.63863E+20,5.33496E+21,9.85887E+15,4.81646E+16
52113,8,4,16,36,2018,8,20,3,2,8,6,0,1,0,0,1,0,0,0,4.96481E+20,5.36867E+21,8.95239E+15,4.84711E+16
52114,8,4,16,31,2018,8,13,3,3,2,6,0,0,1,0,0,0,0,0,5.03027E+20,5.36315E+21,9.04091E+15,4.84215E+16
52115,8,2,26,95,2018,8,18,1,3,2,6,0,0,1,0,0,0,0,0,4.71366E+20,5.45959E+21,8.60624E+15,4.92884E+16
52116,8,1,27,46,2018,8,13,6,3,2,6,0,0,1,0,0,0,0,0,5.74491E+20,5.4548E+21,1.00234E+16,4.92415E+16
52117,8,4,15,53,2018,8,13,3,3,5,3,0,0,1,0,0,0,0,0,5.34416E+20,5.36436E+21,9.46526E+15,4.84314E+16
52118,8,4,17,23,2018,8,19,7,3,8,1,0,0,0,0,1,0,0,0,4.9229E+20,5.3553E+21,8.89593E+15,4.83508E+16
52119,8,3,17,89,2018,8,8,5,3,0,7,0,1,0,0,0,0,0,0,4.3065E+20,5.37645E+21,8.06052E+15,4.85373E+16
52120,8,3,35,63,2018,8,14,3,3,2,6,0,0,1,0,0,0,0,1,4.95958E+20,5.2873E+21,8.94609E+15,4.7739E+16
52121,8,3,17,146,2018,8,19,2,3,5,3,0,0,1,0,1,0,0,0,4.30411E+20,5.35529E+21,8.0608E+15,4.83469E+16
52122,8,1,18,19,2018,8,11,7,3,2,6,0,0,1,0,0,0,0,0,5.04214E+20,5.40653E+21,9.05739E+15,4.88117E+16
52123,8,1,16,19,2018,8,9,5,3,2,6,0,0,1,0,0,0,0,0,5.2378E+20,5.39766E+21,9.32339E+15,4.87315E+16
52124,8,3,35,98,2018,8,4,3,3,9,1,2,0,1,0,0,0,0,1,5.05762E+20,5.29684E+21,9.07698E+15,4.78249E+16
52125,8,4,17,8,2018,8,13,4,3,2,6,0,0,1,0,0,0,0,0,4.91642E+20,5.351E+21,8.88727E+15,4.83122E+16
52126,8,3,17,57,2018,8,13,3,3,4,2,0,0,1,0,0,0,0,0,4.13877E+20,5.37669E+21,7.83329E+15,4.85374E+16
52127,8,3,35,98,2018,8,19,1,2,6,7,0,0,1,1,0,0,0,0,5.04371E+20,5.29611E+21,9.0584E+15,4.78184E+16
52128,8,2,26,103,2018,8,16,6,3,2,6,0,0,1,0,0,0,0,0,4.71754E+20,5.45923E+21,8.6116E+15,4.92852E+16
52129,8,4,16,36,2018,8,18,1,2,2,6,0,0,1,0,0,0,0,0,4.9184E+20,5.37515E+21,8.88947E+15,4.85294E+16
52130,8,1,16,19,2018,8,11,6,3,5,3,0,1,1,0,0,0,0,0,5.26119E+20,5.39587E+21,9.35508E+15,4.87153E+16
52131,8,3,17,57,2018,8,17,3,2,2,6,0,0,1,0,0,0,0,0,4.13492E+20,5.38142E+21,7.82709E+15,4.85799E+16
52132,8,3,16,56,2018,8,11,3,2,3,6,0,1,0,0,1,0,0,0,4.2413E+20,5.3272E+21,7.98107E+15,4.80936E+16
52133,8,2,16,23,2018,8,11,1,2,5,3,0,1,1,0,0,0,0,0,4.39937E+20,5.40946E+21,8.18152E+15,4.88352E+16
52134,8,1,17,14,2018,8,5,6,3,7,7,0,0,0,0,1,0,0,0,5.52528E+20,5.3864E+21,9.71287E+15,4.86284E+16
52135,8,3,16,53,2018,8,21,3,3,4,6,2,0,0,0,1,0,1,0,4.04095E+20,5.34172E+21,7.70879E+15,4.82215E+16
52136,8,4,35,57,2018,8,13,7,2,0,1,0,0,0,0,1,0,0,0,5.47079E+20,5.27586E+21,9.62671E+15,4.76344E+16
52137,8,3,15,76,2018,8,7,5,3,5,3,0,0,1,0,0,0,0,0,3.95238E+20,5.30272E+21,7.59913E+15,4.78693E+16
52138,8,3,15,56,2018,8,20,3,2,8,1,0,0,0,0,1,0,0,0,4.16448E+20,5.30742E+21,7.88177E+15,4.79147E+16
52139,8,3,36,69,2018,8,15,4,3,0,7,0,1,0,0,0,0,0,0,4.08565E+20,5.26761E+21,7.78465E+15,4.75555E+16
52140,8,2,35,20,2018,8,9,2,3,0,1,0,0,1,0,1,0,1,0,4.78834E+20,5.38358E+21,8.71288E+15,4.86049E+16
52141,8,1,27,91,2018,8,2,7,3,8,1,2,0,1,0,0,0,0,0,5.80795E+20,5.45239E+21,1.01095E+16,4.92189E+16
52142,8,3,11,0,2018,8,5,3,3,3,2,2,0,1,0,1,0,0,0,4.10986E+20,5.3185E+21,7.80639E+15,4.80136E+16
52143,8,4,36,64,2018,8,14,4,3,2,6,0,0,1,0,0,0,1,0,5.4572E+20,5.29286E+21,9.6104E+15,4.77874E+16
52144,8,2,15,90,2018,8,16,3,3,2,6,0,0,1,0,0,0,0,0,4.64666E+20,5.43618E+21,8.51617E+15,4.90775E+16
52145,8,4,15,61,2018,8,15,1,2,0,7,0,1,0,0,0,0,0,0,5.15529E+20,5.37076E+21,9.21017E+15,4.84898E+16
52146,8,2,31,0,2018,8,14,6,3,2,6,0,0,1,0,0,1,0,0,4.78518E+20,5.41596E+21,8.70691E+15,4.88962E+16
52147,8,1,27,76,2018,8,12,1,3,0,1,0,1,0,0,0,0,0,0,5.53233E+20,5.44018E+21,9.72944E+15,4.91121E+16
52148,8,4,35,36,2018,8,11,5,3,0,7,0,0,0,0,0,0,1,0,5.19305E+20,5.28518E+21,9.25741E+15,4.77197E+16
52149,8,4,15,93,2018,8,8,4,3,5,3,0,0,1,0,0,0,0,0,5.28715E+20,5.36699E+21,9.38837E+15,4.84554E+16
52150,8,2,35,65,2018,8,17,3,2,4,6,0,0,1,0,1,0,0,0,4.71976E+20,5.40776E+21,8.61822E+15,4.88222E+16
52151,8,3,35,75,2018,8,20,4,3,8,1,1,1,0,0,0,0,0,0,4.88621E+20,5.28802E+21,8.8482E+15,4.77454E+16
52152,8,1,11,0,2018,8,5,3,3,5,2,1,1,0,0,1,0,0,0,5.13294E+20,5.3965E+21,9.18075E+15,4.87214E+16
52153,8,3,15,94,2018,8,14,7,3,4,1,0,0,1,0,1,0,0,0,4.31238E+20,5.31683E+21,8.07818E+15,4.80011E+16
52154,8,2,15,17,2018,8,22,5,3,5,3,2,1,1,0,0,0,0,0,4.58175E+20,5.42045E+21,8.42891E+15,4.89356E+16
52155,8,2,35,22,2018,8,6,3,2,4,6,0,0,1,0,0,1,0,0,4.73734E+20,5.37926E+21,8.64398E+15,4.85659E+16
52156,8,2,31,0,2018,8,22,3,3,0,1,2,0,0,0,1,0,0,0,4.80655E+20,5.41682E+21,8.73602E+15,4.8904E+16
52157,8,3,17,75,2018,8,7,2,3,5,3,0,0,1,0,0,0,0,0,4.09416E+20,5.3624E+21,7.77596E+15,4.84083E+16
52158,8,1,11,0,2018,8,10,7,3,2,6,0,0,1,0,0,0,0,0,5.15654E+20,5.40535E+21,9.21317E+15,4.8801E+16
52159,8,4,17,2,2018,8,16,4,3,2,6,0,0,1,0,0,0,0,0,4.90046E+20,5.35155E+21,8.86574E+15,4.83171E+16
52160,8,3,17,98,2018,8,18,7,2,9,1,0,0,0,0,1,0,0,0,4.38122E+20,5.3644E+21,8.16351E+15,4.84297E+16
52161,8,2,35,85,2018,8,22,5,3,5,3,2,0,1,0,0,0,0,0,4.82565E+20,5.39504E+21,8.76301E+15,4.87081E+16
52162,8,2,26,98,2018,8,17,3,3,5,2,0,0,1,0,0,0,0,0,4.81364E+20,5.46232E+21,8.7436E+15,4.93134E+16
52163,8,2,22,0,2018,8,16,2,3,0,2,0,0,1,0,0,0,1,0,4.62739E+20,5.47944E+21,8.48574E+15,4.94664E+16
52164,8,1,18,79,2018,8,15,7,3,2,6,0,0,1,0,0,0,0,0,5.06708E+20,5.4226E+21,9.09163E+15,4.89563E+16
52165,8,2,21,0,2018,8,6,3,3,2,6,0,0,1,0,0,1,0,0,4.76594E+20,5.47306E+21,8.67733E+15,4.94097E+16
52166,8,2,16,63,2018,8,10,3,3,9,1,0,0,0,0,0,0,1,0,4.31498E+20,5.39944E+21,8.06821E+15,4.87442E+16
52167,8,3,35,43,2018,8,4,1,3,8,1,2,0,1,0,0,0,0,0,5.0837E+20,5.28726E+21,9.11164E+15,4.77387E+16
52168,8,3,17,57,2018,8,19,6,3,4,1,0,0,1,0,0,0,0,1,4.14084E+20,5.37794E+21,7.83584E+15,4.85486E+16
52169,8,1,18,50,2018,8,14,1,3,5,7,0,1,0,0,0,0,0,0,5.04349E+20,5.42051E+21,9.05939E+15,4.89375E+16
52170,8,4,21,0,2018,8,13,5,3,4,2,0,0,1,0,0,0,0,0,5.7078E+20,5.36427E+21,9.95679E+15,4.84276E+16
52171,8,3,37,45,2018,8,20,4,2,8,1,1,0,1,0,0,0,0,0,4.38709E+20,5.29161E+21,8.1819E+15,4.77749E+16
52172,8,2,12,0,2018,8,12,3,3,0,7,0,0,0,0,0,0,1,0,4.6002E+20,5.43239E+21,8.45293E+15,4.90431E+16
52173,8,1,36,27,2018,8,18,2,3,5,3,0,0,1,0,0,0,0,0,5.54445E+20,5.4204E+21,9.74339E+15,4.89341E+16
52174,8,3,17,26,2018,8,13,5,2,5,3,0,0,1,0,0,1,0,0,4.11676E+20,5.34673E+21,7.80979E+15,4.82676E+16
52175,8,2,15,102,2018,8,13,3,3,5,3,0,1,0,0,0,0,0,0,4.55943E+20,5.43725E+21,8.39661E+15,4.90866E+16
52176,8,3,17,1,2018,8,7,3,2,5,3,0,1,1,0,0,0,0,0,4.3246E+20,5.38938E+21,8.08293E+15,4.86538E+16
52177,8,1,27,100,2018,8,17,2,2,4,6,0,0,1,0,0,0,0,0,5.5324E+20,5.43473E+21,9.72882E+15,4.90632E+16
52178,8,4,36,64,2018,8,16,6,3,2,2,0,0,1,0,1,0,0,0,5.44044E+20,5.2907E+21,9.5878E+15,4.77681E+16
52179,8,1,25,24,2018,8,8,3,3,2,6,0,0,1,0,0,0,1,0,5.26885E+20,5.44557E+21,9.36877E+15,4.91624E+16
52180,8,1,15,21,2018,8,14,3,2,2,6,0,0,1,0,0,0,0,0,4.9255E+20,5.37969E+21,8.89901E+15,4.85702E+16
52181,8,3,15,95,2018,8,13,1,2,9,1,0,1,0,0,1,0,0,0,4.2752E+20,5.3197E+21,8.02786E+15,4.80265E+16
52182,8,1,35,15,2018,8,14,6,3,2,7,0,0,1,0,1,0,0,0,5.84039E+20,5.38456E+21,1.01401E+16,4.86085E+16
52183,8,1,36,79,2018,8,13,3,3,9,1,0,0,0,0,1,0,0,0,5.59331E+20,5.39859E+21,9.80694E+15,4.87375E+16
52184,8,2,25,60,2018,8,13,3,2,8,1,0,0,0,0,1,0,0,0,5.11424E+20,5.48762E+21,9.1579E+15,4.95411E+16
52185,8,1,25,86,2018,8,21,3,3,9,7,2,0,1,0,0,0,0,0,4.99338E+20,5.44016E+21,8.99093E+15,4.91142E+16
52186,8,3,17,141,2018,8,11,1,2,9,1,0,0,0,0,1,0,0,0,4.21374E+20,5.37641E+21,7.93488E+15,4.85359E+16
52187,8,1,15,42,2018,8,14,6,3,0,7,0,0,0,0,1,0,0,0,4.95189E+20,5.40566E+21,8.93449E+15,4.88039E+16
52188,8,4,26,66,2018,8,13,7,3,5,3,0,0,1,0,1,0,0,0,5.83815E+20,5.32468E+21,1.01251E+16,4.80699E+16
52189,8,3,35,61,2018,8,15,5,3,2,6,0,0,1,0,0,0,0,0,4.96082E+20,5.27946E+21,8.94782E+15,4.76685E+16
52190,8,1,19,68,2018,8,22,3,2,0,1,2,1,0,0,0,0,0,0,5.25904E+20,5.41357E+21,9.35327E+15,4.88745E+16
52191,8,4,16,23,2018,8,17,2,3,2,6,0,0,1,0,1,0,0,0,5.09352E+20,5.3748E+21,9.12666E+15,4.85262E+16
52192,8,2,26,97,2018,8,10,7,3,0,7,0,0,1,0,1,0,0,0,4.87734E+20,5.46768E+21,8.83107E+15,4.93617E+16
52193,8,1,15,45,2018,8,17,5,3,2,6,0,0,1,0,0,0,0,0,4.99587E+20,5.39333E+21,8.99439E+15,4.8693E+16
52194,8,1,19,8,2018,8,5,3,3,5,2,2,0,1,0,0,0,0,0,5.30387E+20,5.4225E+21,9.41508E+15,4.89546E+16
52195,8,1,15,42,2018,8,17,5,3,2,6,0,0,1,0,0,0,0,0,4.96883E+20,5.4066E+21,8.95754E+15,4.88124E+16
52196,8,1,19,84,2018,8,17,3,2,8,1,0,0,0,0,1,0,0,0,5.45065E+20,5.41406E+21,9.61463E+15,4.88778E+16
52197,8,1,18,10,2018,8,11,2,3,0,7,0,1,0,0,0,0,0,0,5.07043E+20,5.432E+21,9.09636E+15,4.90408E+16
52198,8,4,15,61,2018,8,21,6,2,3,2,2,0,1,0,1,0,0,0,5.15064E+20,5.37019E+21,9.20386E+15,4.84846E+16
52199,8,1,17,30,2018,8,18,3,2,4,1,0,0,1,0,1,0,0,0,5.48915E+20,5.38933E+21,9.66419E+15,4.86551E+16
52200,8,1,16,11,2018,8,18,3,3,2,6,0,0,1,0,1,0,0,0,5.31509E+20,5.37915E+21,9.42708E+15,4.85646E+16
52201,8,2,35,73,2018,8,13,1,3,4,2,0,1,1,0,0,0,0,0,4.78659E+20,5.40813E+21,8.70924E+15,4.88258E+16
52202,8,1,25,102,2018,8,18,6,3,2,6,0,0,1,0,0,0,0,0,5.2237E+20,5.44273E+21,9.30668E+15,4.9137E+16
52203,8,1,16,33,2018,8,14,3,3,4,2,0,0,1,0,1,0,0,0,5.33991E+20,5.38907E+21,9.46154E+15,4.86538E+16
52204,8,3,26,60,2018,8,7,4,3,5,3,0,0,1,0,0,1,0,0,4.43454E+20,5.33201E+21,8.23993E+15,4.81388E+16
52205,8,4,35,57,2018,8,10,4,3,4,2,0,0,1,0,0,0,0,0,5.44568E+20,5.27884E+21,9.59359E+15,4.76614E+16
52206,8,4,15,53,2018,8,12,7,3,7,7,0,0,0,0,1,0,0,0,5.34148E+20,5.36472E+21,9.46167E+15,4.84347E+16
52207,8,3,16,20,2018,8,17,5,3,2,6,0,0,1,0,0,0,0,0,4.08235E+20,5.33714E+21,7.7655E+15,4.81808E+16
52208,8,1,16,53,2018,8,8,3,3,1,6,0,0,1,0,0,0,1,0,5.39954E+20,5.38875E+21,9.54247E+15,4.86505E+16
52209,8,3,15,113,2018,8,18,2,3,2,6,0,0,1,0,0,0,0,0,4.43718E+20,5.30571E+21,8.24692E+15,4.79023E+16
52210,8,1,18,67,2018,8,16,7,2,4,6,0,0,1,0,0,0,0,0,5.03671E+20,5.41471E+21,9.05008E+15,4.88853E+16
52211,8,1,16,14,2018,8,14,3,3,3,6,0,0,1,0,1,0,0,0,5.28146E+20,5.39578E+21,9.38263E+15,4.87144E+16
52212,8,4,21,0,2018,8,20,7,3,5,3,1,1,1,0,0,0,0,0,5.74255E+20,5.36114E+21,1.00032E+16,4.83991E+16
52213,8,3,27,18,2018,8,8,5,2,3,5,0,0,1,0,1,0,0,0,4.73645E+20,5.30776E+21,8.64723E+15,4.79226E+16
52214,8,1,15,53,2018,8,16,3,3,1,6,0,0,1,0,0,0,0,0,4.83971E+20,5.37893E+21,8.78274E+15,4.85632E+16
52215,8,4,35,53,2018,8,10,2,1,5,2,0,0,1,0,1,0,0,0,5.06753E+20,5.29381E+21,9.09017E+15,4.77976E+16
52216,8,1,15,37,2018,8,13,7,3,3,6,0,0,1,0,0,0,0,0,4.93538E+20,5.38699E+21,8.91229E+15,4.86359E+16
52217,8,1,18,81,2018,8,21,5,3,5,2,2,0,1,0,0,0,0,1,5.20661E+20,5.4136E+21,9.28178E+15,4.8875E+16
52218,8,1,11,0,2018,8,7,3,3,4,6,0,0,0,0,0,1,0,0,5.14599E+20,5.39992E+21,9.19861E+15,4.87521E+16
52219,8,1,11,0,2018,8,15,5,3,2,6,0,0,1,0,0,0,0,0,5.15385E+20,5.4058E+21,9.20953E+15,4.8805E+16
52220,8,1,11,0,2018,8,20,3,3,5,3,1,1,1,0,0,0,0,0,5.14829E+20,5.40343E+21,9.20186E+15,4.87837E+16
52221,8,1,15,28,2018,8,18,2,3,5,3,0,1,1,0,0,0,0,0,5.01926E+20,5.40711E+21,9.02623E+15,4.8817E+16
52222,8,4,17,2,2018,8,21,6,2,2,6,1,0,1,0,1,0,0,0,4.89122E+20,5.34371E+21,8.85347E+15,4.82465E+16
52223,8,1,11,0,2018,8,7,3,3,0,1,0,0,1,0,0,0,0,0,5.11328E+20,5.40434E+21,9.15424E+15,4.87919E+16
52224,8,2,15,7,2018,8,12,1,3,1,6,0,0,1,0,1,0,0,0,4.79158E+20,5.43208E+21,8.71482E+15,4.90412E+16
52225,8,4,25,75,2018,8,17,6,2,4,1,0,0,1,0,0,0,0,0,5.65791E+20,5.37799E+21,9.89152E+15,4.85515E+16
52226,8,1,11,0,2018,8,13,3,3,2,6,0,0,1,0,0,0,0,0,5.15496E+20,5.39705E+21,9.21071E+15,4.87263E+16
52227,8,3,25,69,2018,8,16,4,3,2,7,0,0,1,0,1,0,0,0,4.65344E+20,5.33582E+21,8.53384E+15,4.81747E+16
52228,8,3,25,53,2018,8,14,7,3,4,6,0,0,1,0,0,0,1,0,4.56549E+20,5.34006E+21,8.4151E+15,4.82123E+16
52229,8,3,15,20,2018,8,10,5,3,2,6,0,0,1,0,0,0,0,0,4.24622E+20,5.31248E+21,7.99027E+15,4.79612E+16
52230,8,1,11,0,2018,8,16,3,3,0,1,0,1,0,0,0,0,0,0,5.1335E+20,5.40246E+21,9.1817E+15,4.8775E+16
52231,8,3,35,43,2018,8,23,4,3,0,1,2,1,0,0,0,0,0,0,5.11853E+20,5.283E+21,9.15798E+15,4.77003E+16
52232,8,2,31,0,2018,8,14,2,2,5,3,0,0,1,0,1,0,0,0,4.77784E+20,5.41724E+21,8.69682E+15,4.89077E+16
52233,8,1,25,59,2018,8,18,7,3,5,3,0,0,0,0,1,0,1,0,5.27713E+20,5.43784E+21,9.3796E+15,4.90928E+16
52234,8,4,26,87,2018,8,11,2,3,8,7,0,0,1,0,0,0,0,0,5.7122E+20,5.3238E+21,9.95593E+15,4.80635E+16
52235,8,4,35,16,2018,8,14,4,3,0,7,0,1,0,0,0,0,0,0,5.36636E+20,5.2793E+21,9.48799E+15,4.7666E+16
52236,8,4,36,49,2018,8,16,2,3,0,1,0,1,0,0,0,0,0,0,5.7753E+20,5.28777E+21,1.00341E+16,4.77386E+16
52237,8,3,15,98,2018,8,20,1,3,1,7,0,0,1,0,0,0,0,0,4.08815E+20,5.31486E+21,7.77805E+15,4.79805E+16
52238,8,2,15,66,2018,8,6,6,2,9,1,0,0,1,0,0,0,0,0,4.61489E+20,5.45165E+21,8.47119E+15,4.92164E+16
52239,8,3,25,12,2018,8,14,4,3,5,3,0,0,1,0,0,0,0,0,4.64075E+20,5.35464E+21,8.51518E+15,4.83439E+16
52240,8,1,27,99,2018,8,1,1,3,8,1,2,0,1,0,0,0,0,0,5.619E+20,5.4472E+21,9.84927E+15,4.91744E+16
52241,8,4,37,104,2018,8,15,4,3,2,2,0,0,1,0,1,0,0,0,5.15379E+20,5.3258E+21,9.2065E+15,4.80853E+16
52242,8,4,36,69,2018,8,16,2,3,9,1,0,0,1,0,0,0,0,1,5.52299E+20,5.29387E+21,9.69835E+15,4.7796E+16
52243,8,4,26,97,2018,8,9,1,3,4,6,0,0,1,0,0,0,0,0,5.36582E+20,5.34078E+21,9.4925E+15,4.82192E+16
52244,8,2,37,4,2018,8,11,6,3,3,6,0,0,1,0,0,0,0,0,4.5565E+20,5.37638E+21,8.39917E+15,4.8539E+16