OBJECTID_1,ULAND,UREGBEZ,UKREIS,UGEMEINDE,UJAHR,UMONAT,USTUNDE,UWOCHENTAG,UKATEGORIE,UART,UTYP1,ULICHTVERH,IstRad,IstPKW,IstFuss,IstKrad,IstGkfz,IstSonstig,STRZUSTAND,LINREFX,LINREFY,XGCSWGS84,YGCSWGS84
52811,8,3,35,99,2018,8,14,1,3,9,1,0,0,0,0,1,0,0,0,4.9543E+20,5.29716E+21,8.93894E+15,4.78278E+16
52812,8,3,15,56,2018,8,12,6,3,3,2,0,0,1,0,1,0,0,0,4.15438E+20,5.31046E+21,7.86766E+15,4.79419E+16
52813,8,3,35,99,2018,8,1,5,3,8,1,2,0,1,0,0,0,0,0,4.92554E+20,5.29927E+21,8.90047E+15,4.78467E+16
52814,8,1,18,46,2018,8,11,4,3,2,6,0,0,1,0,0,0,0,0,5.1434E+20,5.41263E+21,9.19553E+15,4.88665E+16
52815,8,1,27,102,2018,8,20,5,3,9,1,1,0,0,0,0,1,0,0,5.86219E+20,5.4348E+21,1.01802E+16,4.90601E+16
52816,8,1,15,21,2018,8,18,1,3,0,7,0,1,0,0,0,0,0,0,4.93834E+20,5.38033E+21,8.9164E+15,4.85761E+16
52817,8,4,25,20,2018,8,9,4,3,5,3,0,0,1,0,0,0,0,0,5.59263E+20,5.36088E+21,9.80065E+15,4.83983E+16
52818,8,1,18,7,2018,8,13,4,3,0,7,0,0,0,0,1,1,0,1,5.10648E+20,5.42732E+21,9.14558E+15,4.89987E+16
52819,8,3,36,87,2018,8,11,1,2,9,1,0,0,0,0,1,0,0,0,4.19489E+20,5.30022E+21,7.9238E+15,4.78503E+16
52820,8,2,26,103,2018,8,15,6,3,2,6,0,0,1,0,0,0,0,0,4.72166E+20,5.45814E+21,8.61735E+15,4.92754E+16
52821,8,4,15,61,2018,8,5,5,3,5,3,2,0,1,0,1,0,0,0,5.15062E+20,5.37525E+21,9.20401E+15,4.85302E+16
52822,8,1,16,71,2018,8,13,4,3,8,1,0,0,0,0,0,1,0,0,5.2962E+20,5.38888E+21,9.40217E+15,4.86523E+16
52823,8,1,28,14,2018,8,16,5,3,5,3,0,0,1,0,0,0,0,0,5.48775E+20,5.48242E+21,9.67351E+15,4.94924E+16
52824,8,1,18,76,2018,8,23,1,3,8,6,2,0,1,0,0,0,0,0,5.05642E+20,5.42246E+21,9.07707E+15,4.89551E+16
52825,8,1,16,80,2018,8,21,4,3,4,6,1,0,1,0,0,0,0,0,5.19451E+20,5.39519E+21,9.2644E+15,4.87095E+16
52826,8,4,36,64,2018,8,14,2,3,1,6,0,0,1,0,0,0,0,0,5.45284E+20,5.2902E+21,9.6043E+15,4.77635E+16
52827,8,2,26,81,2018,8,12,7,3,8,1,0,0,1,0,0,0,0,1,4.97858E+20,5.47234E+21,8.97048E+15,4.94038E+16
52828,8,1,17,2,2018,8,13,4,3,4,2,0,0,1,0,0,0,0,0,5.41056E+20,5.38672E+21,9.55722E+15,4.86322E+16
52829,8,1,11,0,2018,8,14,4,2,3,7,0,0,1,0,0,0,1,0,5.15912E+20,5.40646E+21,9.21672E+15,4.88109E+16
52830,8,1,36,88,2018,8,14,6,2,2,2,0,0,1,0,1,0,0,0,5.82502E+20,5.4146E+21,1.01252E+16,4.88788E+16
52831,8,1,18,11,2018,8,18,2,3,3,6,0,0,1,0,0,0,0,0,5.05865E+20,5.40776E+21,9.0799E+15,4.88228E+16
52832,8,2,15,17,2018,8,14,6,3,2,6,0,0,1,0,0,0,0,0,4.54128E+20,5.42209E+21,8.37347E+15,4.895E+16
52833,8,2,15,106,2018,8,16,3,2,2,6,0,0,1,0,0,0,0,0,4.68062E+20,5.45407E+21,8.56124E+15,4.92386E+16
52834,8,4,36,85,2018,8,14,3,3,9,1,0,0,1,0,0,0,0,0,5.60303E+20,5.29675E+21,9.80562E+15,4.78213E+16
52835,8,3,35,99,2018,8,19,5,2,5,3,0,0,1,0,1,0,0,0,4.94984E+20,5.29958E+21,8.93295E+15,4.78496E+16
52836,8,3,17,152,2018,8,0,1,3,9,7,2,0,1,0,0,0,0,0,4.0884E+20,5.34659E+21,7.77161E+15,4.8266E+16
52837,8,2,22,0,2018,8,10,6,2,2,6,0,0,1,0,0,0,1,1,4.61195E+20,5.48104E+21,8.46429E+15,4.94808E+16
52838,8,4,35,67,2018,8,15,3,3,0,7,0,0,0,0,1,0,0,0,5.30316E+20,5.29614E+21,9.40498E+15,4.78179E+16
52839,8,1,36,28,2018,8,16,6,3,0,1,0,0,1,0,0,0,1,0,5.72658E+20,5.40638E+21,9.98955E+15,4.88061E+16
52840,8,2,15,9,2018,8,9,3,3,3,2,0,0,1,0,1,0,0,0,4.68789E+20,5.44267E+21,8.57212E+15,4.91361E+16
52841,8,1,18,53,2018,8,10,5,3,5,2,0,0,1,0,0,1,0,0,5.17251E+20,5.42804E+21,9.23588E+15,4.9005E+16
52842,8,4,36,18,2018,8,16,7,2,9,1,0,0,1,0,0,0,0,1,5.5338E+20,5.28614E+21,9.71183E+15,4.77264E+16
52843,8,3,26,6,2018,8,19,4,3,8,1,0,0,1,0,0,0,0,0,4.47454E+20,5.31121E+21,8.29624E+15,4.79521E+16
52844,8,3,37,108,2018,8,15,3,3,5,3,0,0,1,0,1,0,0,0,4.24333E+20,5.28934E+21,7.99044E+15,4.7753E+16
52845,8,3,37,106,2018,8,16,2,2,8,1,0,1,1,0,0,0,0,0,4.58922E+20,5.29555E+21,8.45131E+15,4.7812E+16
52846,8,1,28,14,2018,8,11,7,2,8,1,0,0,1,0,0,0,0,1,5.47829E+20,5.48185E+21,9.66038E+15,4.94874E+16
52847,8,3,15,109,2018,8,15,3,3,5,3,0,0,1,0,1,0,0,0,4.2241E+20,5.31407E+21,7.96035E+15,4.79753E+16
52848,8,1,27,25,2018,8,13,3,3,5,2,0,0,1,0,0,0,1,0,5.56173E+20,5.42899E+21,9.76817E+15,4.90112E+16
52849,8,2,26,95,2018,8,15,6,3,2,6,0,0,1,0,0,0,0,0,4.71373E+20,5.45958E+21,8.60634E+15,4.92883E+16
52850,8,1,19,20,2018,8,14,6,3,2,1,0,0,1,0,0,0,0,1,5.19155E+20,5.40653E+21,9.2609E+15,4.88115E+16
52851,8,4,37,104,2018,8,11,1,3,5,3,0,0,1,0,0,0,0,0,5.09005E+20,5.32514E+21,9.1209E+15,4.80795E+16
52852,8,2,16,17,2018,8,15,6,2,0,7,0,0,0,0,1,0,0,1,4.5512E+20,5.39747E+21,8.38971E+15,4.87286E+16
52853,8,4,17,2,2018,8,20,2,3,8,1,2,0,0,0,1,0,0,0,4.89008E+20,5.34127E+21,8.852E+15,4.82246E+16
52854,8,2,16,63,2018,8,17,7,3,9,7,0,0,0,0,0,0,1,0,4.30381E+20,5.40428E+21,8.05219E+15,4.87876E+16
52855,8,1,11,0,2018,8,22,4,3,5,3,2,0,1,0,0,0,0,0,5.06127E+20,5.39999E+21,9.08336E+15,4.87529E+16
52856,8,4,17,75,2018,8,15,3,3,4,6,0,0,1,0,0,0,1,0,5.11351E+20,5.33197E+21,9.15258E+15,4.81409E+16
52857,8,1,21,0,2018,8,21,6,3,5,3,2,0,1,0,0,0,0,0,5.10596E+20,5.44102E+21,9.14522E+15,4.9122E+16
52858,8,1,16,14,2018,8,11,2,3,0,1,0,0,0,0,0,1,0,0,5.28018E+20,5.39577E+21,9.38088E+15,4.87144E+16
52859,8,2,16,23,2018,8,14,6,3,5,3,0,0,1,0,0,0,0,0,4.35019E+20,5.40921E+21,8.11455E+15,4.88325E+16
52860,8,2,16,17,2018,8,13,3,3,6,5,0,0,0,1,0,0,1,0,4.48161E+20,5.39947E+21,8.29484E+15,4.87461E+16
52861,8,4,35,35,2018,8,17,3,3,2,6,0,0,1,0,0,0,0,0,5.4204E+20,5.28248E+21,9.56027E+15,4.76943E+16
52862,8,2,15,110,2018,8,6,5,2,5,3,0,1,0,0,0,1,0,0,4.61912E+20,5.42048E+21,8.47993E+15,4.89361E+16
52863,8,2,36,72,2018,8,18,1,3,5,3,0,0,1,0,1,0,0,0,4.65706E+20,5.41077E+21,8.53255E+15,4.8849E+16
52864,8,2,16,39,2018,8,17,6,3,5,3,0,0,1,0,0,0,0,0,4.44392E+20,5.41437E+21,8.24156E+15,4.88798E+16
52865,8,4,35,29,2018,8,18,3,3,8,1,0,1,0,0,0,0,0,0,5.43147E+20,5.27153E+21,9.57394E+15,4.75957E+16
52866,8,4,35,16,2018,8,9,3,3,5,2,0,1,1,0,0,0,0,0,5.30681E+20,5.27971E+21,9.4087E+15,4.76701E+16
52867,8,1,16,77,2018,8,22,5,2,5,3,2,0,1,0,0,0,0,0,5.17041E+20,5.38884E+21,9.23137E+15,4.86524E+16
52868,8,3,27,50,2018,8,15,7,3,3,6,0,0,1,0,1,0,0,1,4.86842E+20,5.31471E+21,8.82366E+15,4.79856E+16
52869,8,3,15,47,2018,8,7,4,3,9,1,0,0,1,0,0,0,0,0,4.14957E+20,5.32248E+21,7.85883E+15,4.80499E+16
52870,8,4,25,33,2018,8,3,3,3,8,1,2,0,1,0,0,0,0,0,5.51799E+20,5.34737E+21,9.69814E+15,4.82774E+16
52871,8,1,16,81,2018,8,17,7,2,2,3,0,0,1,0,0,0,0,0,5.18868E+20,5.38371E+21,9.25595E+15,4.86062E+16
52872,8,3,27,50,2018,8,17,2,3,2,6,0,0,1,0,0,0,0,0,4.86994E+20,5.31454E+21,8.8257E+15,4.7984E+16
52873,8,1,27,100,2018,8,13,7,3,0,2,0,0,0,0,1,0,0,1,5.52262E+20,5.43838E+21,9.71591E+15,4.9096E+16
52874,8,4,35,16,2018,8,16,3,3,0,1,0,1,0,0,0,0,0,0,5.35133E+20,5.27945E+21,9.46798E+15,4.76675E+16
52875,8,4,15,50,2018,8,15,3,2,3,1,0,0,1,0,1,0,0,0,5.20024E+20,5.37515E+21,9.27121E+15,4.85291E+16
52876,8,2,31,0,2018,8,16,6,2,6,4,0,0,0,1,0,0,1,0,4.78511E+20,5.4159E+21,8.70682E+15,4.88957E+16
52877,8,1,18,79,2018,8,15,6,3,1,7,0,0,1,0,0,0,0,1,5.09843E+20,5.4205E+21,9.13441E+15,4.89373E+16
52878,8,4,26,1,2018,8,16,1,3,0,1,0,1,0,0,0,0,0,0,5.67272E+20,5.34404E+21,9.90615E+15,4.8246E+16
52879,8,1,36,89,2018,8,12,6,3,5,3,0,0,1,0,0,0,0,0,5.88051E+20,5.41941E+21,1.02019E+16,4.89213E+16
52880,8,1,11,0,2018,8,14,6,3,2,6,0,0,1,0,0,0,1,1,5.10393E+20,5.40968E+21,9.14163E+15,4.88401E+16
52881,8,4,16,23,2018,8,10,3,2,5,2,0,0,0,0,1,0,0,0,5.08653E+20,5.37355E+21,9.11717E+15,4.8515E+16
52882,8,3,17,59,2018,8,13,5,3,0,7,0,1,1,0,0,0,0,0,4.12468E+20,5.34984E+21,7.81981E+15,4.82957E+16
52883,8,1,18,60,2018,8,14,1,2,5,3,0,1,1,0,0,0,0,0,5.23136E+20,5.43134E+21,9.31653E+15,4.90345E+16
52884,8,1,28,126,2018,8,0,6,3,8,1,2,0,0,0,1,0,0,1,5.6495E+20,5.48264E+21,9.89689E+15,4.94929E+16
52885,8,4,15,59,2018,8,17,3,3,2,7,0,0,1,0,0,0,0,0,5.16336E+20,5.36722E+21,9.22095E+15,4.84579E+16
52886,8,1,18,80,2018,8,13,6,3,2,6,0,0,1,0,0,1,1,0,5.08323E+20,5.41144E+21,9.11347E+15,4.88559E+16
52887,8,1,25,98,2018,8,18,3,3,3,2,0,1,1,0,0,0,0,0,5.20113E+20,5.43785E+21,9.2755E+15,4.90932E+16
52888,8,4,15,85,2018,8,21,3,3,8,1,2,0,0,0,1,0,0,0,5.35264E+20,5.3418E+21,9.47483E+15,4.82284E+16
52889,8,2,35,66,2018,8,8,5,2,5,3,0,0,1,0,0,1,0,0,4.63091E+20,5.38744E+21,8.49899E+15,4.86389E+16
52890,8,2,15,66,2018,8,18,1,2,6,4,0,0,1,1,0,0,0,0,4.57466E+20,5.45318E+21,8.41578E+15,4.92299E+16
52891,8,1,27,9,2018,8,15,6,3,8,1,0,0,1,0,0,0,0,1,5.58633E+20,5.44527E+21,9.80417E+15,4.91574E+16
52892,8,4,15,50,2018,8,15,3,3,1,7,0,0,1,0,0,0,0,0,5.20658E+20,5.37636E+21,9.27986E+15,4.854E+16
52893,8,3,17,89,2018,8,17,7,3,8,7,0,0,1,0,0,0,0,0,4.26972E+20,5.37625E+21,8.01074E+15,4.85351E+16
52894,8,2,25,60,2018,8,9,4,3,8,1,0,0,1,0,0,1,0,0,5.13762E+20,5.48709E+21,9.1902E+15,4.95362E+16
52895,8,3,36,45,2018,8,19,3,2,8,1,0,0,0,0,1,0,0,0,4.02871E+20,5.28396E+21,7.70536E+15,4.77017E+16
52896,8,3,15,64,2018,8,14,2,3,2,6,0,0,1,0,0,0,0,0,4.24615E+20,5.31215E+21,7.99022E+15,4.79582E+16
52897,8,1,16,56,2018,8,8,7,2,8,7,0,0,1,0,0,0,0,0,5.32544E+20,5.3945E+21,9.44232E+15,4.87027E+16
52898,8,4,36,9,2018,8,17,3,3,5,3,0,1,1,0,0,0,0,0,5.57125E+20,5.30798E+21,9.76466E+15,4.79226E+16
52899,8,3,36,87,2018,8,14,3,3,2,6,0,0,1,0,0,0,0,0,4.18973E+20,5.30236E+21,7.9165E+15,4.78694E+16
52900,8,2,26,13,2018,8,14,6,3,2,6,0,0,0,0,1,0,0,0,4.96811E+20,5.47838E+21,8.95599E+15,4.94581E+16
52901,8,1,11,0,2018,8,16,6,3,2,6,0,0,1,0,0,0,0,1,5.13218E+20,5.4062E+21,9.18003E+15,4.88086E+16
52902,8,3,37,60,2018,8,16,1,2,8,1,0,0,0,0,1,0,0,0,4.65177E+20,5.27612E+21,8.53642E+15,4.76375E+16
52903,8,1,25,5,2018,8,16,6,3,5,3,0,1,1,0,0,0,0,0,5.16174E+20,5.45346E+21,9.22217E+15,4.92337E+16
52904,8,4,37,100,2018,8,16,5,3,2,6,0,0,1,0,0,0,0,1,5.3632E+20,5.31891E+21,9.4871E+15,4.80224E+16
52905,8,3,35,43,2018,8,15,3,3,0,1,0,1,0,0,0,0,0,0,5.15399E+20,5.28107E+21,9.20517E+15,4.76828E+16
52906,8,1,36,18,2018,8,13,5,2,8,1,0,0,0,0,0,0,1,0,5.90793E+20,5.4296E+21,1.02416E+16,4.90126E+16
52907,8,1,25,6,2018,8,11,1,2,9,1,0,0,1,0,0,0,0,0,5.0138E+20,5.45295E+21,9.01895E+15,4.92293E+16
52908,8,3,26,52,2018,8,5,3,3,0,7,2,0,0,0,1,0,0,0,4.54696E+20,5.33007E+21,8.39123E+15,4.81223E+16
52909,8,1,11,0,2018,8,12,3,2,8,1,0,0,0,0,1,0,0,0,5.13471E+20,5.40557E+21,9.18345E+15,4.8803E+16
52910,8,2,31,0,2018,8,12,7,3,1,6,0,0,1,0,0,0,0,0,4.78459E+20,5.41601E+21,8.7061E+15,4.88966E+16
52911,8,1,19,18,2018,8,6,4,2,8,1,0,0,1,0,0,0,0,0,5.29217E+20,5.41952E+21,9.39888E+15,4.89279E+16
52912,8,3,25,49,2018,8,8,3,3,3,6,0,1,1,0,0,0,0,0,4.71508E+20,5.33448E+21,8.61684E+15,4.8163E+16
52913,8,1,21,0,2018,8,17,2,3,5,2,0,1,1,0,0,0,0,0,5.13917E+20,5.44332E+21,9.19082E+15,4.91426E+16
52914,8,1,15,15,2018,8,9,3,2,5,3,0,0,1,0,1,0,0,0,4.90993E+20,5.38781E+21,8.87772E+15,4.86433E+16
52915,8,2,26,103,2018,8,10,7,3,2,6,0,0,1,0,0,0,1,1,4.7166E+20,5.45931E+21,8.6103E+15,4.92859E+16
52916,8,1,18,70,2018,8,5,4,3,3,6,0,0,1,0,0,1,0,0,5.16812E+20,5.42489E+21,9.22975E+15,4.89767E+16
52917,8,4,17,51,2018,8,6,3,2,3,6,0,0,0,0,1,0,1,0,4.92099E+20,5.35733E+21,8.89332E+15,4.83691E+16
52918,8,2,37,2,2018,8,18,2,3,8,1,0,0,0,0,1,0,1,1,4.59584E+20,5.35461E+21,8.45457E+15,4.83433E+16
52919,8,2,12,0,2018,8,14,3,2,2,2,0,0,1,0,1,0,0,0,4.52826E+20,5.42925E+21,8.35486E+15,4.90143E+16
52920,8,3,17,121,2018,8,17,3,2,8,1,0,0,0,0,1,0,0,0,4.20719E+20,5.34139E+21,7.93261E+15,4.82207E+16
52921,8,1,11,0,2018,8,16,6,3,2,6,0,0,1,0,0,0,0,0,5.12685E+20,5.39464E+21,9.17241E+15,4.87047E+16
52922,8,1,27,25,2018,8,16,5,3,8,1,0,0,0,0,1,0,0,0,5.56776E+20,5.42543E+21,9.77591E+15,4.89791E+16
52923,8,3,35,22,2018,8,18,1,3,3,3,0,0,1,0,0,0,0,0,4.8503E+20,5.30014E+21,8.79988E+15,4.78544E+16
52924,8,1,21,0,2018,8,7,6,3,3,6,0,0,1,0,0,1,0,0,5.16127E+20,5.44622E+21,9.22124E+15,4.91685E+16
52925,8,3,37,128,2018,8,19,5,2,8,1,0,0,0,0,1,0,0,0,4.51146E+20,5.28595E+21,8.34853E+15,4.77251E+16
52926,8,3,17,116,2018,8,17,3,3,5,2,0,1,1,0,0,0,0,0,4.33114E+20,5.38779E+21,8.09207E+15,4.86396E+16
52927,8,1,28,7,2018,8,16,5,1,8,1,0,0,0,0,1,0,0,0,5.51793E+20,5.48239E+21,9.71519E+15,4.94919E+16
52928,8,1,18,19,2018,8,18,1,2,9,1,0,0,0,0,1,0,0,0,5.056E+20,5.40028E+21,9.07619E+15,4.87555E+16
52929,8,4,15,34,2018,8,17,6,3,5,3,0,0,1,0,1,0,0,0,5.35245E+20,5.34704E+21,9.47502E+15,4.82756E+16
52930,8,3,17,96,2018,8,11,3,2,7,7,0,1,0,0,0,0,1,0,4.22501E+20,5.37136E+21,7.95108E+15,4.84906E+16
52931,8,4,26,71,2018,8,9,2,3,5,3,0,1,1,0,0,0,0,0,5.64051E+20,5.32874E+21,9.86046E+15,4.81087E+16
52932,8,2,22,0,2018,8,18,7,3,3,2,0,1,1,0,0,0,0,0,4.62978E+20,5.48257E+21,8.48876E+15,4.94946E+16
52933,8,1,16,19,2018,8,5,4,3,0,7,2,0,0,0,1,0,0,0,5.25765E+20,5.39801E+21,9.3504E+15,4.87346E+16
52934,8,3,11,0,2018,8,6,3,3,3,6,0,0,1,0,0,1,0,0,4.13349E+20,5.31611E+21,7.83854E+15,4.79924E+16
52935,8,1,28,7,2018,8,15,6,3,5,2,0,0,1,0,1,0,0,0,5.55906E+20,5.48074E+21,9.77174E+15,4.94768E+16
52936,8,1,18,7,2018,8,17,2,3,2,6,0,0,1,0,0,0,0,0,5.10608E+20,5.42722E+21,9.14503E+15,4.89978E+16
52937,8,1,19,90,2018,8,16,6,3,5,3,0,1,1,0,0,0,0,0,5.31165E+20,5.40698E+21,9.42452E+15,4.8815E+16
52938,8,2,12,0,2018,8,7,3,3,2,6,0,0,1,0,0,0,0,0,4.50639E+20,5.43175E+21,8.32464E+15,4.90367E+16
52939,8,2,26,85,2018,8,10,3,2,2,6,0,0,1,0,0,1,0,0,4.91317E+20,5.45449E+21,8.8807E+15,4.92432E+16
52940,8,3,17,1,2018,8,14,5,2,8,1,0,0,0,0,1,0,0,0,4.27701E+20,5.38478E+21,8.01912E+15,4.86119E+16
52941,8,2,37,75,2018,8,12,1,3,8,1,0,0,0,0,1,0,0,0,4.46899E+20,5.35828E+21,8.28292E+15,4.83754E+16
52942,8,1,18,47,2018,8,7,6,3,0,6,0,0,1,0,0,0,0,0,5.07123E+20,5.42671E+21,9.09738E+15,4.89932E+16
52943,8,2,36,46,2018,8,15,3,3,2,6,0,0,1,0,0,0,1,0,4.83467E+20,5.41707E+21,8.77438E+15,4.89064E+16
52944,8,2,37,19,2018,8,19,3,3,5,3,0,0,1,0,0,0,0,0,4.64778E+20,5.36854E+21,8.52349E+15,4.8469E+16
52945,8,2,26,60,2018,8,7,3,3,4,6,0,1,1,0,0,0,0,0,4.7827E+20,5.46323E+21,8.70098E+15,4.93214E+16
52946,8,2,36,76,2018,8,10,3,1,4,6,0,0,0,0,1,1,0,0,4.75528E+20,5.42348E+21,8.66566E+15,4.89638E+16
52947,8,4,15,85,2018,8,18,5,3,5,3,0,0,1,0,0,0,1,0,5.32372E+20,5.34248E+21,9.43594E+15,4.82347E+16
52948,8,3,25,49,2018,8,19,1,3,1,6,0,0,1,0,0,0,0,0,4.74986E+20,5.33104E+21,8.66381E+15,4.81321E+16
52949,8,2,35,47,2018,8,14,3,2,5,2,0,1,0,0,0,1,0,0,4.75464E+20,5.38886E+21,8.66686E+15,4.86523E+16
52950,8,2,31,0,2018,8,18,3,3,1,6,0,0,1,0,0,1,0,0,4.79926E+20,5.41479E+21,8.72617E+15,4.88858E+16
52951,8,1,21,0,2018,8,16,5,3,1,7,0,0,1,0,1,0,0,0,5.16702E+20,5.44256E+21,9.22897E+15,4.91356E+16
52952,8,4,26,66,2018,8,20,7,3,5,3,0,0,1,0,0,0,0,0,5.83433E+20,5.32635E+21,1.01203E+16,4.8085E+16
52953,8,4,15,53,2018,8,15,4,3,4,6,0,0,1,0,0,0,0,0,5.43353E+20,5.36146E+21,9.58577E+15,4.84048E+16
52954,8,2,12,0,2018,8,18,3,3,5,3,0,1,1,0,0,0,0,0,4.55716E+20,5.42801E+21,8.39452E+15,4.90034E+16
52955,8,4,16,41,2018,8,22,2,3,8,1,2,0,1,0,0,0,0,0,5.08839E+20,5.37634E+21,9.11975E+15,4.85401E+16
52956,8,3,17,122,2018,8,14,7,3,9,7,0,0,1,0,0,0,0,0,4.14562E+20,5.36836E+21,7.84426E+15,4.84626E+16
52957,8,4,25,75,2018,8,9,3,2,2,6,0,0,1,0,1,0,0,0,5.6789E+20,5.37329E+21,9.91919E+15,4.85091E+16
52958,8,2,11,0,2018,8,13,3,3,5,3,0,1,1,0,0,0,0,0,4.40384E+20,5.40365E+21,8.18845E+15,4.8783E+16
52959,8,3,11,0,2018,8,18,6,3,5,1,0,0,1,0,0,0,0,1,4.1154E+20,5.3238E+21,7.81272E+15,4.80614E+16
52960,8,1,21,0,2018,8,20,6,3,1,6,2,0,1,0,0,0,0,0,5.16685E+20,5.44242E+21,9.22873E+15,4.91344E+16
52961,8,1,15,3,2018,8,23,2,3,0,1,2,0,1,0,0,0,0,0,5.00684E+20,5.39271E+21,9.00929E+15,4.86875E+16
52962,8,1,15,42,2018,8,16,3,3,8,7,0,0,1,0,0,0,0,0,4.943E+20,5.40641E+21,8.92237E+15,4.88106E+16
52963,8,3,17,153,2018,8,15,3,3,4,2,0,0,1,0,1,0,0,0,4.22138E+20,5.39098E+21,7.9425E+15,4.8667E+16
52964,8,2,12,0,2018,8,7,5,3,2,6,0,0,1,0,0,0,0,1,4.58784E+20,5.42685E+21,8.43657E+15,4.89932E+16
52965,8,2,25,74,2018,8,7,1,2,8,1,1,0,1,0,0,0,0,0,5.03579E+20,5.46674E+21,9.04928E+15,4.93534E+16
52966,8,2,16,43,2018,8,15,3,3,3,7,0,0,0,0,0,1,1,0,4.44068E+20,5.41136E+21,8.23754E+15,4.88527E+16
52967,8,3,25,72,2018,8,3,7,2,8,1,2,0,0,0,0,0,1,0,4.69286E+20,5.32535E+21,8.58762E+15,4.80807E+16
52968,8,3,11,0,2018,8,19,4,3,0,1,0,0,0,0,1,0,0,0,4.15271E+20,5.31564E+21,7.8644E+15,4.79885E+16
52969,8,1,11,0,2018,8,15,3,3,2,6,0,0,1,0,0,0,1,0,5.12507E+20,5.39472E+21,9.16999E+15,4.87054E+16
52970,8,3,17,1,2018,8,9,2,3,8,1,0,0,0,0,1,0,0,0,4.32211E+20,5.38646E+21,8.08003E+15,4.86275E+16
52971,8,1,25,26,2018,8,14,7,3,5,3,0,0,1,0,0,0,0,1,4.94016E+20,5.44407E+21,8.91795E+15,4.91494E+16
52972,8,4,17,79,2018,8,21,3,3,4,6,2,0,1,0,0,0,0,0,5.03613E+20,5.33854E+21,9.04863E+15,4.82001E+16
52973,8,1,17,26,2018,8,17,5,3,2,6,0,0,1,0,0,0,0,0,5.49703E+20,5.39449E+21,9.67551E+15,4.87015E+16
52974,8,4,16,25,2018,8,14,7,3,0,1,0,0,0,0,1,0,0,1,5.02742E+20,5.3604E+21,9.03704E+15,4.83968E+16
52975,8,3,17,1,2018,8,17,4,3,5,3,0,0,1,0,1,0,0,1,4.31915E+20,5.38471E+21,8.0763E+15,4.86117E+16
52976,8,1,36,19,2018,8,6,3,3,5,2,1,0,1,0,0,0,0,0,5.86743E+20,5.42313E+21,1.01849E+16,4.8955E+16
52977,8,3,35,55,2018,8,7,2,3,0,1,0,1,0,0,0,0,0,0,4.96531E+20,5.28416E+21,8.95376E+15,4.77108E+16
52978,8,1,27,73,2018,8,18,7,2,5,2,0,0,1,0,0,0,0,0,5.83231E+20,5.44602E+21,1.01416E+16,4.91614E+16
52979,8,4,35,29,2018,8,19,3,3,3,6,0,1,0,0,0,0,0,0,5.42433E+20,5.27148E+21,9.56444E+15,4.75953E+16
52980,8,1,28,128,2018,8,12,3,2,4,1,0,0,1,0,1,0,0,0,5.43399E+20,5.50586E+21,9.60187E+15,4.97037E+16
52981,8,2,37,45,2018,8,6,6,3,0,3,0,0,1,0,1,0,0,0,4.59024E+20,5.36343E+21,8.44615E+15,4.84227E+16
52982,8,1,18,3,2018,8,18,6,3,2,6,0,0,1,0,0,0,0,0,5.09195E+20,5.41702E+21,9.12548E+15,4.89061E+16
52983,8,4,36,85,2018,8,13,1,3,5,3,0,0,1,0,1,0,0,0,5.5897E+20,5.29682E+21,9.78782E+15,4.7822E+16
52984,8,1,16,80,2018,8,12,6,3,5,3,0,1,1,0,0,0,0,0,5.18139E+20,5.3976E+21,9.24667E+15,4.87311E+16
52985,8,1,21,0,2018,8,15,3,3,5,2,0,1,1,0,0,0,0,0,5.13918E+20,5.44332E+21,9.19083E+15,4.91426E+16
52986,8,1,27,14,2018,8,7,3,3,8,1,0,0,0,0,0,0,1,0,5.75239E+20,5.44143E+21,1.00312E+16,4.91211E+16
52987,8,2,15,103,2018,8,21,5,3,5,3,2,0,1,0,1,0,0,0,4.66305E+20,5.44271E+21,8.53806E+15,4.91363E+16
52988,8,2,16,13,2018,8,18,1,2,9,1,0,0,0,0,1,0,0,0,4.49586E+20,5.38998E+21,8.31538E+15,4.86608E+16
52989,8,1,27,76,2018,8,12,3,3,5,3,0,1,1,0,0,0,0,0,5.54508E+20,5.44018E+21,9.74691E+15,4.9112E+16
52990,8,3,15,37,2018,8,18,7,3,0,6,0,0,1,0,0,0,1,1,4.34307E+20,5.30338E+21,8.12137E+15,4.78804E+16
52991,8,2,12,0,2018,8,13,4,3,5,3,0,1,1,0,0,0,0,0,4.55775E+20,5.43135E+21,8.39495E+15,4.90335E+16
52992,8,1,26,56,2018,8,6,3,3,5,3,1,0,1,0,0,0,0,0,5.5747E+20,5.46662E+21,9.79128E+15,4.93496E+16
52993,8,2,15,17,2018,8,10,2,3,2,6,0,0,1,0,0,0,1,0,4.53112E+20,5.42013E+21,8.35982E+15,4.89323E+16
52994,8,4,17,2,2018,8,18,3,2,0,1,0,0,0,0,1,0,0,0,4.89305E+20,5.3411E+21,8.85601E+15,4.82231E+16
52995,8,1,25,27,2018,8,19,3,3,5,3,1,0,1,0,0,0,1,0,5.18883E+20,5.44651E+21,9.25906E+15,4.91712E+16
52996,8,2,15,46,2018,8,10,6,3,5,3,0,0,0,0,0,1,1,1,4.49855E+20,5.41616E+21,8.31584E+15,4.88964E+16
52997,8,1,11,0,2018,8,14,6,3,2,6,0,0,1,0,1,0,0,1,5.09776E+20,5.40121E+21,9.13302E+15,4.87639E+16
52998,8,3,37,22,2018,8,21,1,2,8,1,1,0,0,0,1,0,0,0,4.49587E+20,5.29211E+21,8.32703E+15,4.77804E+16