OBJECTID_1,ULAND,UREGBEZ,UKREIS,UGEMEINDE,UJAHR,UMONAT,USTUNDE,UWOCHENTAG,UKATEGORIE,UART,UTYP1,ULICHTVERH,IstRad,IstPKW,IstFuss,IstKrad,IstGkfz,IstSonstig,STRZUSTAND,LINREFX,LINREFY,XGCSWGS84,YGCSWGS84
53188,8,4,36,78,2018,9,9,3,3,5,3,0,0,1,0,0,0,0,0,5.5853E+20,5.29386E+21,9.78155E+15,4.77954E+16
53189,8,1,16,77,2018,9,11,2,3,3,6,0,1,1,0,0,0,0,0,5.17822E+20,5.39195E+21,9.24212E+15,4.86804E+16
53190,8,2,36,62,2018,9,17,7,3,2,6,0,0,1,0,0,0,0,0,4.85876E+20,5.40778E+21,8.80757E+15,4.88229E+16
53191,8,3,17,93,2018,9,11,1,3,8,7,0,1,0,0,0,0,0,0,4.42072E+20,5.35147E+21,8.21869E+15,4.83137E+16
53192,8,1,18,12,2018,9,13,5,3,0,1,0,1,0,0,0,0,0,0,4.9767E+20,5.41276E+21,8.96823E+15,4.88678E+16
53193,8,3,25,49,2018,9,14,5,3,5,3,0,0,1,0,0,0,0,0,4.74987E+20,5.33104E+21,8.66382E+15,4.81321E+16
53194,8,1,36,61,2018,9,15,1,3,4,1,0,0,1,0,0,0,1,1,5.60533E+20,5.41712E+21,9.82602E+15,4.89041E+16
53195,8,1,15,3,2018,9,22,4,3,0,6,2,0,1,0,1,0,0,0,5.00315E+20,5.3923E+21,9.00428E+15,4.86837E+16
53196,8,4,37,105,2018,9,13,1,3,9,1,0,0,1,0,0,0,0,0,5.18148E+20,5.32182E+21,9.24352E+15,4.80494E+16
53197,8,2,37,30,2018,9,19,7,3,8,1,1,0,1,0,0,0,0,0,4.6488E+20,5.36162E+21,8.52545E+15,4.84067E+16
53198,8,3,35,25,2018,9,10,1,2,4,1,0,1,0,0,0,0,0,0,4.97482E+20,5.27995E+21,8.96645E+15,4.76729E+16
53199,8,1,25,63,2018,9,12,5,1,8,1,0,0,0,0,0,1,0,0,5.28209E+20,5.46128E+21,9.38803E+15,4.93036E+16
53200,8,4,37,76,2018,9,16,1,3,8,1,0,1,0,0,0,0,0,1,5.24262E+20,5.32206E+21,9.32558E+15,4.80514E+16
53201,8,4,26,62,2018,9,1,1,2,0,1,2,0,0,0,1,0,0,0,5.52214E+20,5.31636E+21,9.69994E+15,4.79984E+16
53202,8,1,16,49,2018,9,9,7,3,4,2,0,0,1,0,0,0,0,0,5.23981E+20,5.38721E+21,9.32552E+15,4.86375E+16
53203,8,4,25,140,2018,9,22,4,3,5,3,2,0,1,0,0,0,0,0,5.79902E+20,5.33753E+21,1.0075E+16,4.8186E+16
53204,8,1,27,75,2018,9,9,1,2,9,1,0,0,0,0,1,0,0,0,5.6506E+20,5.46768E+21,9.89595E+15,4.93584E+16
53205,8,2,31,0,2018,9,6,6,3,2,6,0,0,1,0,1,0,0,1,4.79374E+20,5.4187E+21,8.71844E+15,4.89209E+16
53206,8,4,26,13,2018,9,20,1,2,8,1,1,0,1,0,0,0,0,1,5.4325E+20,5.32352E+21,9.58051E+15,4.80635E+16
53207,8,1,28,7,2018,9,20,6,3,8,1,2,0,1,0,0,0,0,0,5.55909E+20,5.47772E+21,9.77135E+15,4.94496E+16
53208,8,2,15,9,2018,9,11,4,2,0,7,0,1,0,0,0,0,0,0,4.69617E+20,5.43616E+21,8.58396E+15,4.90775E+16
53209,8,4,15,61,2018,9,12,7,3,3,2,0,0,1,0,0,0,1,0,5.1558E+20,5.37073E+21,9.21087E+15,4.84895E+16
53210,8,1,11,0,2018,9,18,2,3,2,6,0,1,1,0,0,0,0,0,5.16959E+20,5.40987E+21,9.23113E+15,4.88416E+16
53211,8,2,12,0,2018,9,9,5,3,5,2,0,0,1,0,0,0,0,0,4.55243E+20,5.42927E+21,8.3879E+15,4.90147E+16
53212,8,4,26,28,2018,9,4,1,3,9,1,2,0,1,0,0,0,0,1,5.68893E+20,5.34359E+21,9.9279E+15,4.82418E+16
53213,8,4,16,36,2018,9,8,3,3,2,6,0,0,1,0,0,0,1,0,4.88812E+20,5.37203E+21,8.84855E+15,4.85013E+16
53214,8,4,25,84,2018,9,13,1,3,8,1,0,0,1,0,0,0,0,1,5.57388E+20,5.37911E+21,9.77782E+15,4.85625E+16
53215,8,2,25,9,2018,9,13,7,3,0,7,0,0,0,0,1,0,1,1,5.1852E+20,5.46615E+21,9.25499E+15,4.93478E+16
53216,8,3,15,7,2018,9,14,1,2,2,6,0,1,1,0,0,0,0,0,4.02497E+20,5.2929E+21,7.69838E+15,4.77821E+16
53217,8,2,15,17,2018,9,12,3,3,2,6,0,0,1,0,0,1,0,0,4.53149E+20,5.42025E+21,8.3603E+15,4.89334E+16
53218,8,4,36,11,2018,9,15,3,3,3,6,0,0,1,0,1,0,0,0,5.53476E+20,5.29939E+21,9.71475E+15,4.78456E+16
53219,8,1,17,12,2018,9,7,5,2,4,6,0,0,1,0,0,0,0,0,5.45204E+20,5.38925E+21,9.61379E+15,4.86546E+16
53220,8,4,25,75,2018,9,12,1,3,9,1,0,0,1,0,0,0,0,1,5.66659E+20,5.3768E+21,9.90309E+15,4.85408E+16
53221,8,3,36,78,2018,9,16,6,3,8,7,0,1,0,0,0,0,0,0,3.95281E+20,5.28833E+21,7.60318E+15,4.77399E+16
53222,8,3,35,79,2018,9,18,4,3,5,3,0,0,1,0,0,0,0,0,5.0042E+20,5.30017E+21,9.00561E+15,4.78548E+16
53223,8,1,19,86,2018,9,11,1,3,1,2,0,0,1,0,0,0,0,0,5.34916E+20,5.40629E+21,9.47555E+15,4.88086E+16
53224,8,4,16,41,2018,9,11,1,2,5,3,0,0,1,0,1,0,0,1,5.07594E+20,5.37908E+21,9.10293E+15,4.85648E+16
53225,8,1,15,45,2018,9,16,7,2,9,7,0,0,0,0,1,0,0,0,4.95964E+20,5.39638E+21,8.94513E+15,4.87204E+16
53226,8,4,15,61,2018,9,19,4,3,5,3,0,1,1,0,0,0,0,0,5.1487E+20,5.37426E+21,9.20138E+15,4.85213E+16
53227,8,1,25,27,2018,9,6,1,2,3,1,1,0,1,0,0,0,0,0,5.20161E+20,5.44563E+21,9.27655E+15,4.91631E+16
53228,8,2,15,9,2018,9,21,6,3,0,7,2,1,0,0,0,0,0,0,4.69975E+20,5.44167E+21,8.58845E+15,4.91271E+16
53229,8,4,15,61,2018,9,16,1,3,6,5,0,0,0,1,0,0,1,0,5.1303E+20,5.37183E+21,9.17639E+15,4.84994E+16
53230,8,1,16,77,2018,9,16,6,3,2,6,0,0,1,0,1,0,0,0,5.16101E+20,5.39232E+21,9.21875E+15,4.86837E+16
53231,8,1,15,45,2018,9,15,4,3,2,6,0,0,1,0,0,0,0,0,4.99493E+20,5.39329E+21,8.99312E+15,4.86927E+16
53232,8,3,35,25,2018,9,16,7,3,0,7,0,1,0,0,0,0,0,0,4.97804E+20,5.28019E+21,8.97074E+15,4.76751E+16
53233,8,4,36,5,2018,9,11,1,3,5,2,0,0,1,0,1,0,0,0,5.41911E+20,5.30652E+21,9.56087E+15,4.79107E+16
53234,8,2,26,85,2018,9,17,5,3,5,2,0,0,1,0,0,0,1,0,4.9412E+20,5.45263E+21,8.91924E+15,4.92265E+16
53235,8,3,36,104,2018,9,8,1,2,9,6,0,1,0,0,0,0,0,0,4.03701E+20,5.28931E+21,7.71523E+15,4.775E+16
53236,8,3,37,96,2018,9,16,3,3,2,6,0,0,1,0,0,0,0,0,4.21408E+20,5.26779E+21,7.9553E+15,4.75588E+16
53237,8,3,35,75,2018,9,16,1,2,8,1,0,1,0,0,0,0,0,0,4.92597E+20,5.28567E+21,8.90128E+15,4.77244E+16
53238,8,2,11,0,2018,9,14,7,2,9,7,0,1,0,0,0,0,0,0,4.49403E+20,5.3962E+21,8.31213E+15,4.87167E+16
53239,8,2,35,6,2018,9,10,1,2,5,3,0,0,1,0,1,0,0,0,4.69286E+20,5.38019E+21,8.58361E+15,4.85741E+16
53240,8,2,11,0,2018,9,22,3,3,2,7,2,0,1,0,0,0,0,0,4.39327E+20,5.40577E+21,8.17375E+15,4.8802E+16
53241,8,1,11,0,2018,9,13,5,3,3,6,0,0,1,0,1,0,0,0,5.12764E+20,5.40188E+21,9.1737E+15,4.87698E+16
53242,8,3,26,6,2018,9,4,1,3,9,1,2,0,1,0,0,0,0,0,4.58806E+20,5.30827E+21,8.44856E+15,4.79264E+16
53243,8,4,35,16,2018,9,11,6,3,8,1,0,1,0,0,0,0,0,0,5.33567E+20,5.27845E+21,9.44704E+15,4.76586E+16
53244,8,2,15,103,2018,9,6,3,3,2,6,0,0,0,0,0,1,0,0,4.67893E+20,5.44397E+21,8.55973E+15,4.91478E+16
53245,8,3,26,17,2018,9,14,4,3,0,6,0,0,0,0,1,0,0,0,4.34836E+20,5.31859E+21,8.12614E+15,4.80173E+16
53246,8,1,18,16,2018,9,16,1,3,3,6,0,1,1,0,0,0,0,0,5.0481E+20,5.42966E+21,9.06579E+15,4.90198E+16
53247,8,4,35,59,2018,9,13,5,3,0,1,0,1,0,0,0,0,0,0,5.10054E+20,5.2911E+21,9.13419E+15,4.77732E+16
53248,8,4,17,79,2018,9,2,1,2,9,1,2,0,1,0,0,0,0,0,4.99968E+20,5.33902E+21,8.99957E+15,4.82044E+16
53249,8,1,11,0,2018,9,8,6,3,2,6,0,0,1,0,0,0,0,1,5.13875E+20,5.40309E+21,9.18887E+15,4.87806E+16
53250,8,1,21,0,2018,9,17,4,3,5,3,0,0,1,0,0,0,0,0,5.15802E+20,5.4463E+21,9.21677E+15,4.91693E+16
53251,8,3,17,1,2018,9,19,1,3,0,7,0,0,0,0,1,0,0,0,4.3182E+20,5.38695E+21,8.07465E+15,4.86319E+16
53252,8,3,15,6,2018,9,18,7,3,8,1,0,0,0,0,1,0,0,0,4.03176E+20,5.3045E+21,7.70484E+15,4.78866E+16
53253,8,3,37,127,2018,9,10,1,2,0,1,0,0,0,0,1,0,0,1,4.56078E+20,5.29613E+21,8.41326E+15,4.78171E+16
53254,8,2,37,28,2018,9,21,3,3,8,7,2,0,1,0,0,0,0,0,4.55693E+20,5.36695E+21,8.40075E+15,4.84542E+16
53255,8,2,11,0,2018,9,7,5,3,5,3,0,1,1,0,0,0,0,0,4.43413E+20,5.40212E+21,8.22988E+15,4.87695E+16
53256,8,3,17,26,2018,9,22,1,2,5,3,2,0,1,0,1,0,0,0,4.10398E+20,5.34567E+21,7.79279E+15,4.82579E+16
53257,8,4,36,9,2018,9,15,5,3,2,6,0,0,1,0,0,0,0,0,5.53607E+20,5.30457E+21,9.71715E+15,4.78922E+16
53258,8,3,16,14,2018,9,17,1,3,3,1,0,0,0,0,1,0,0,0,4.25327E+20,5.33019E+21,7.99662E+15,4.81206E+16
53259,8,1,11,0,2018,9,12,6,3,2,2,0,0,1,0,0,0,0,0,5.15047E+20,5.39479E+21,9.20452E+15,4.8706E+16
53260,8,1,36,21,2018,9,10,4,1,4,6,0,0,1,0,0,1,0,0,5.75713E+20,5.4081E+21,1.00315E+16,4.88213E+16
53261,8,3,17,40,2018,9,17,7,3,5,3,0,1,1,0,0,0,0,0,4.32484E+20,5.34753E+21,8.09001E+15,4.82773E+16
53262,8,4,25,33,2018,9,13,1,3,3,2,0,0,0,0,1,0,1,0,5.41691E+20,5.35112E+21,9.56229E+15,4.83119E+16
53263,8,2,16,63,2018,9,8,5,3,5,3,0,0,1,0,0,0,0,0,4.31391E+20,5.40314E+21,8.06613E+15,4.87775E+16
53264,8,3,16,11,2018,9,15,1,3,1,7,0,0,1,0,0,0,1,0,4.14357E+20,5.32977E+21,7.84932E+15,4.81154E+16
53265,8,3,15,7,2018,9,17,1,2,8,1,0,0,0,0,1,0,0,0,3.98787E+20,5.29505E+21,7.64836E+15,4.78008E+16
53266,8,4,25,8,2018,9,18,7,3,3,6,0,0,1,0,0,0,0,0,5.67698E+20,5.38479E+21,9.91846E+15,4.86125E+16
53267,8,2,16,8,2018,9,13,1,3,0,7,0,0,0,0,1,0,1,1,4.42652E+20,5.39015E+21,8.2212E+15,4.86618E+16
53268,8,2,31,0,2018,9,14,3,3,5,3,0,0,1,0,0,0,1,0,4.74031E+20,5.41606E+21,8.64569E+15,4.8897E+16
53269,8,3,27,49,2018,9,13,4,3,5,3,0,0,1,0,0,0,0,0,4.73232E+20,5.32502E+21,8.64062E+15,4.80779E+16
53270,8,2,26,103,2018,9,18,1,3,2,6,0,0,1,0,0,0,1,0,4.71958E+20,5.45906E+21,8.61442E+15,4.92836E+16
53271,8,3,35,75,2018,9,14,6,3,5,3,0,0,1,0,0,0,0,0,4.86454E+20,5.28903E+21,8.81926E+15,4.77545E+16
53272,8,2,12,0,2018,9,7,1,3,3,6,0,0,1,0,0,0,0,0,4.60574E+20,5.42875E+21,8.46086E+15,4.90104E+16
53273,8,3,17,150,2018,9,23,4,3,8,1,2,0,1,0,0,0,0,0,4.07854E+20,5.35482E+21,7.75653E+15,4.83398E+16
53274,8,1,16,81,2018,9,18,1,3,2,6,0,0,1,0,1,0,0,0,5.1542E+20,5.38575E+21,9.20925E+15,4.86247E+16
53275,8,1,27,100,2018,9,7,2,2,8,1,0,0,0,0,1,0,0,0,5.51992E+20,5.43664E+21,9.71199E+15,4.90805E+16
53276,8,3,36,14,2018,9,19,5,3,0,7,0,0,1,0,0,0,0,0,3.92144E+20,5.28278E+21,7.56271E+15,4.76894E+16
53277,8,2,31,0,2018,9,18,1,3,0,1,1,0,0,0,1,0,0,1,4.77972E+20,5.414E+21,8.69957E+15,4.88786E+16
53278,8,1,16,48,2018,9,14,4,3,1,5,0,0,1,0,0,0,1,0,5.33523E+20,5.39089E+21,9.45533E+15,4.86701E+16
53279,8,2,36,70,2018,9,12,1,3,0,7,0,1,0,0,0,0,0,0,4.665E+20,5.41513E+21,8.54301E+15,4.88882E+16
53280,8,2,36,67,2018,9,11,7,2,2,6,0,0,1,0,0,0,0,0,4.85976E+20,5.41042E+21,8.80885E+15,4.88466E+16
53281,8,3,36,87,2018,9,15,1,2,5,3,0,0,1,0,1,0,0,0,4.22931E+20,5.29829E+21,7.97015E+15,4.78333E+16
53282,8,2,26,49,2018,9,18,3,3,5,3,0,0,1,0,1,0,0,0,4.86656E+20,5.46295E+21,8.81638E+15,4.93192E+16
53283,8,1,27,14,2018,9,17,5,3,2,6,0,0,1,0,0,1,0,0,5.77076E+20,5.44245E+21,1.00565E+16,4.91301E+16
53284,8,2,36,40,2018,9,0,1,2,0,7,2,1,0,1,0,0,0,0,4.88528E+20,5.42073E+21,8.84334E+15,4.89394E+16
53285,8,2,15,101,2018,9,2,1,3,9,1,2,0,1,0,0,0,0,0,4.65867E+20,5.42722E+21,8.53336E+15,4.89969E+16
53286,8,1,19,4,2018,9,16,7,3,3,6,0,0,1,0,1,0,0,0,5.38749E+20,5.41723E+21,9.52879E+15,4.89068E+16
53287,8,2,26,99,2018,9,14,3,3,5,3,0,0,1,0,1,0,0,0,4.83433E+20,5.47933E+21,8.77136E+15,4.94664E+16
53288,8,4,25,28,2018,9,17,4,3,8,1,0,0,0,0,1,0,0,0,5.77672E+20,5.33894E+21,1.00453E+16,4.81989E+16
53289,8,3,11,0,2018,9,19,6,3,5,3,0,1,1,0,0,0,0,0,4.15078E+20,5.31566E+21,7.86181E+15,4.79886E+16
53290,8,1,26,58,2018,9,11,1,3,2,6,0,0,1,0,0,0,0,1,5.40938E+20,5.45175E+21,9.56215E+15,4.92171E+16
53291,8,1,35,19,2018,9,5,6,3,4,2,2,0,1,0,0,0,0,0,5.85174E+20,5.39148E+21,1.01569E+16,4.86705E+16
53292,8,1,26,58,2018,9,11,1,3,2,6,0,0,1,0,0,0,0,1,5.43309E+20,5.45154E+21,9.59469E+15,4.92151E+16
53293,8,1,27,14,2018,9,10,7,2,5,2,0,0,1,0,1,0,0,0,5.75396E+20,5.44383E+21,1.00338E+16,4.91426E+16
53294,8,1,15,1,2018,9,18,1,2,2,6,1,0,0,0,1,0,0,0,4.87573E+20,5.38938E+21,8.83126E+15,4.86573E+16
53295,8,4,35,59,2018,9,18,4,3,5,7,1,0,1,0,0,1,0,0,5.11459E+20,5.29172E+21,9.15296E+15,4.77788E+16
53296,8,1,25,30,2018,9,21,1,3,4,1,2,0,1,0,0,0,0,1,5.17931E+20,5.4372E+21,9.24559E+15,4.90874E+16
53297,8,3,17,1,2018,9,17,6,3,4,7,0,0,0,0,0,1,1,0,4.2692E+20,5.38872E+21,8.00784E+15,4.86473E+16
53298,8,1,19,8,2018,9,9,1,3,0,1,0,0,0,0,1,0,0,1,5.32101E+20,5.42453E+21,9.43865E+15,4.89729E+16
53299,8,2,15,96,2018,9,14,4,3,3,6,0,0,1,0,0,0,0,0,4.64117E+20,5.42099E+21,8.50998E+15,4.89408E+16
53300,8,4,36,10,2018,9,21,7,3,5,3,2,0,1,0,0,0,0,0,5.65993E+20,5.29935E+21,9.88203E+15,4.78441E+16
53301,8,1,19,86,2018,9,12,2,3,2,2,0,0,1,0,0,0,0,0,5.34914E+20,5.40628E+21,9.47553E+15,4.88085E+16
53302,8,3,25,57,2018,9,8,5,2,5,3,0,1,1,0,0,0,0,0,4.78129E+20,5.35734E+21,8.70469E+15,4.83689E+16
53303,8,1,17,49,2018,9,12,1,3,0,6,0,0,1,0,0,0,0,1,5.55267E+20,5.39072E+21,9.75061E+15,4.86671E+16
53304,8,1,11,0,2018,9,13,4,2,4,6,0,1,0,0,0,0,0,0,5.09814E+20,5.40218E+21,9.13357E+15,4.87726E+16
53305,8,1,16,71,2018,9,10,1,3,3,6,0,0,1,0,0,0,0,1,5.27215E+20,5.39028E+21,9.36961E+15,4.8665E+16
53306,8,2,35,80,2018,9,17,7,3,2,6,0,0,1,0,0,0,0,0,4.78183E+20,5.38624E+21,8.70391E+15,4.86288E+16
53307,8,3,27,50,2018,9,20,1,3,5,3,2,0,1,0,0,0,0,0,4.87443E+20,5.31429E+21,8.83173E+15,4.79818E+16
53308,8,2,26,12,2018,9,7,3,2,0,1,0,0,0,0,1,0,0,1,4.75584E+20,5.47771E+21,8.66313E+15,4.94515E+16
53309,8,1,25,6,2018,9,18,5,2,5,3,0,0,1,0,1,0,0,0,5.0472E+20,5.45494E+21,9.06485E+15,4.92472E+16
53310,8,1,11,0,2018,9,22,1,3,2,2,2,0,1,0,0,0,0,1,5.15948E+20,5.40564E+21,9.21719E+15,4.88035E+16
53311,8,2,15,46,2018,9,16,7,3,5,3,0,1,1,0,0,0,0,0,4.50823E+20,5.41509E+21,8.32918E+15,4.88868E+16
53312,8,1,16,80,2018,9,10,7,3,5,7,0,0,1,0,0,0,0,0,5.22202E+20,5.39541E+21,9.30181E+15,4.87113E+16
53313,8,4,17,79,2018,9,5,4,3,5,3,2,0,1,0,0,0,0,1,5.01476E+20,5.34391E+21,9.01988E+15,4.82484E+16
53314,8,1,27,76,2018,9,14,1,3,8,1,0,0,0,0,1,0,0,0,5.51671E+20,5.44221E+21,9.7083E+15,4.91306E+16
53315,8,2,26,95,2018,9,14,6,1,4,6,0,0,1,0,0,1,0,0,4.72896E+20,5.46341E+21,8.62701E+15,4.93229E+16
53316,8,4,36,55,2018,9,9,7,3,4,6,0,0,1,0,0,0,0,1,5.75704E+20,5.29711E+21,1.00114E+16,4.78229E+16
53317,8,1,25,26,2018,9,17,6,3,1,3,0,1,0,0,0,0,0,0,4.92504E+20,5.43878E+21,8.89731E+15,4.91018E+16
53318,8,2,16,59,2018,9,9,4,2,5,3,0,0,1,0,1,0,0,0,4.52478E+20,5.39739E+21,8.3538E+15,4.87277E+16
53319,8,3,36,8,2018,9,18,7,3,4,2,0,0,1,0,1,0,0,0,3.95223E+20,5.2757E+21,7.60543E+15,4.76262E+16
53320,8,1,11,0,2018,9,18,2,3,2,6,0,0,1,0,0,0,0,0,5.11903E+20,5.39922E+21,9.16191E+15,4.87459E+16
53321,8,2,31,0,2018,9,8,5,3,5,3,0,0,1,0,0,0,0,0,4.81766E+20,5.41795E+21,8.75113E+15,4.89142E+16
53322,8,4,35,34,2018,9,12,7,3,5,3,0,0,1,0,0,0,0,0,5.28859E+20,5.28537E+21,9.38481E+15,4.77211E+16
53323,8,4,16,41,2018,9,17,3,3,2,6,0,0,1,0,0,0,0,0,5.06829E+20,5.37646E+21,9.09252E+15,4.85412E+16
53324,8,4,35,15,2018,9,0,7,3,6,4,2,0,1,1,0,0,0,0,5.18278E+20,5.29964E+21,9.24432E+15,4.78499E+16
53325,8,2,22,0,2018,9,13,7,3,2,6,0,0,1,0,0,0,0,0,4.65734E+20,5.48436E+21,8.52666E+15,4.95109E+16
53326,8,2,35,50,2018,9,16,1,3,5,2,0,0,1,0,1,0,0,0,4.70587E+20,5.38809E+21,8.60069E+15,4.86452E+16
53327,8,2,22,0,2018,9,16,4,3,2,6,0,0,1,0,0,0,1,0,4.60759E+20,5.48116E+21,8.45825E+15,4.94818E+16
53328,8,4,25,90,2018,9,5,7,2,6,4,2,0,1,1,0,0,0,0,5.42115E+20,5.34216E+21,9.56712E+15,4.82312E+16
53329,8,1,16,20,2018,9,17,2,3,2,6,0,0,1,0,0,0,0,0,5.26435E+20,5.38243E+21,9.35851E+15,4.85943E+16
53330,8,2,31,0,2018,9,7,5,2,3,6,0,0,1,0,1,0,0,1,4.78883E+20,5.418E+21,8.71179E+15,4.89146E+16
53331,8,4,35,35,2018,9,9,7,3,3,6,0,1,0,0,0,0,0,1,5.39566E+20,5.28107E+21,9.52718E+15,4.76818E+16
53332,8,2,35,25,2018,9,14,3,3,2,6,0,0,1,0,0,0,0,0,4.6024E+20,5.38886E+21,8.46016E+15,4.86516E+16
53333,8,4,26,21,2018,9,7,7,2,4,6,0,0,1,0,0,0,0,1,5.68595E+20,5.32461E+21,9.92083E+15,4.80711E+16
53334,8,2,26,3,2018,9,15,7,3,4,6,0,0,1,0,0,0,0,0,4.60945E+20,5.46326E+21,8.46258E+15,4.93209E+16
53335,8,3,16,56,2018,9,14,1,3,5,3,0,0,1,0,1,0,0,0,4.24002E+20,5.32724E+21,7.97934E+15,4.80939E+16
53336,8,2,21,0,2018,9,10,3,3,5,2,0,0,1,0,0,0,0,0,4.76009E+20,5.47289E+21,8.66928E+15,4.94082E+16
53337,8,1,18,48,2018,9,12,5,3,5,2,0,0,1,0,0,0,0,0,5.14252E+20,5.41516E+21,9.19442E+15,4.88893E+16
53338,8,4,25,33,2018,9,16,7,2,8,1,0,0,1,0,0,0,0,0,5.55559E+20,5.34313E+21,9.74827E+15,4.8239E+16
53339,8,1,15,48,2018,9,16,7,3,2,6,0,0,1,0,1,0,0,0,5.10182E+20,5.38704E+21,9.13821E+15,4.86363E+16
53340,8,3,36,91,2018,9,15,4,3,0,7,0,1,0,0,0,0,0,0,3.94452E+20,5.27306E+21,7.5958E+15,4.76024E+16
53341,8,1,25,8,2018,9,17,1,3,8,1,0,0,0,0,1,0,0,0,5.26289E+20,5.43196E+21,9.3597E+15,4.904E+16
53342,8,2,15,46,2018,9,14,6,3,3,2,0,0,1,0,1,0,0,0,4.51345E+20,5.41793E+21,8.33596E+15,4.89124E+16
53343,8,4,25,39,2018,9,16,7,3,4,6,0,0,1,0,0,0,0,0,5.67258E+20,5.35417E+21,9.90757E+15,4.83371E+16
53344,8,1,15,21,2018,9,16,6,3,2,6,0,0,1,0,0,0,0,0,4.879E+20,5.38538E+21,8.83581E+15,4.86214E+16
53345,8,1,11,0,2018,9,17,4,2,2,6,0,0,1,0,1,0,0,0,5.13438E+20,5.39414E+21,9.18263E+15,4.87001E+16
53346,8,3,35,28,2018,9,12,7,3,8,6,0,0,1,0,0,0,0,0,4.83934E+20,5.28702E+21,8.78571E+15,4.77363E+16
53347,8,4,35,15,2018,9,10,1,3,5,3,0,1,1,0,0,0,0,0,5.18786E+20,5.29496E+21,9.2509E+15,4.78077E+16
53348,8,2,26,96,2018,9,2,5,2,0,6,2,0,1,0,0,0,1,0,4.75267E+20,5.49087E+21,8.65793E+15,4.95699E+16
53349,8,4,16,11,2018,9,6,7,3,8,1,0,0,1,0,0,0,0,1,5.03846E+20,5.36431E+21,9.05199E+15,4.84319E+16
53350,8,4,15,59,2018,9,5,7,3,5,2,2,0,1,0,1,0,0,1,5.16752E+20,5.37007E+21,9.22669E+15,4.84835E+16
53351,8,2,15,21,2018,9,15,7,3,2,6,0,0,0,0,1,0,0,0,4.69153E+20,5.44325E+21,8.57706E+15,4.91413E+16
53352,8,2,26,54,2018,9,16,1,3,2,2,0,0,1,0,0,0,0,0,4.78049E+20,5.45516E+21,8.69838E+15,4.92488E+16
53353,8,2,26,91,2018,9,0,3,1,9,1,2,0,1,0,0,0,0,0,4.94082E+20,5.45989E+21,8.91861E+15,4.92917E+16
53354,8,4,36,5,2018,9,17,4,3,5,3,0,1,1,0,0,0,0,0,5.40381E+20,5.30962E+21,9.54069E+15,4.79386E+16
53355,8,4,15,19,2018,9,0,7,3,3,6,2,0,1,0,0,0,0,1,5.17039E+20,5.36993E+21,9.23057E+15,4.84822E+16
53356,8,4,17,25,2018,9,9,6,3,4,6,0,0,1,0,0,0,0,0,4.86255E+20,5.35552E+21,8.81447E+15,4.83527E+16
53357,8,3,16,37,2018,9,9,7,3,2,6,0,0,1,0,0,0,0,0,4.07452E+20,5.33513E+21,7.7554E+15,4.81627E+16
53358,8,2,16,43,2018,9,19,3,3,4,1,0,0,1,0,1,0,0,0,4.38214E+20,5.41219E+21,8.15763E+15,4.88596E+16
53359,8,1,11,0,2018,9,6,5,3,2,6,1,0,1,0,0,0,0,0,5.14751E+20,5.40607E+21,9.2009E+15,4.88074E+16
53360,8,3,37,126,2018,9,18,7,3,8,1,0,0,1,0,0,0,0,1,4.47548E+20,5.2763E+21,8.30172E+15,4.7638E+16
53361,8,1,36,65,2018,9,15,6,3,2,6,0,0,1,0,0,0,0,0,5.60458E+20,5.40586E+21,9.82334E+15,4.88028E+16
53362,8,4,36,64,2018,9,12,4,3,5,3,0,0,1,0,0,1,0,0,5.45516E+20,5.29424E+21,9.60783E+15,4.77999E+16
53363,8,1,19,8,2018,9,14,1,3,2,6,0,0,1,0,1,0,0,0,5.32797E+20,5.41978E+21,9.44777E+15,4.89301E+16
53364,8,4,26,14,2018,9,16,5,3,5,3,0,0,1,0,1,0,0,0,5.49697E+20,5.31584E+21,9.66615E+15,4.7994E+16
53365,8,3,37,126,2018,9,17,7,2,9,1,0,0,0,0,1,0,0,0,4.39584E+20,5.27999E+21,8.1952E+15,4.76705E+16
53366,8,1,11,0,2018,9,20,6,3,1,5,2,0,1,0,1,0,0,0,5.16865E+20,5.40592E+21,9.22968E+15,4.8806E+16
53367,8,1,28,14,2018,9,7,4,3,5,2,0,0,1,0,0,0,0,0,5.45887E+20,5.48111E+21,9.63349E+15,4.94809E+16
53368,8,3,37,2,2018,9,23,7,3,8,1,2,0,1,0,0,0,0,0,4.32942E+20,5.27541E+21,8.10742E+15,4.76286E+16
53369,8,3,17,96,2018,9,11,7,3,2,6,0,0,1,0,0,0,0,0,4.2103E+20,5.36719E+21,7.93197E+15,4.84529E+16
53370,8,4,15,59,2018,9,16,1,3,8,1,0,0,1,0,0,0,0,0,5.17626E+20,5.36618E+21,9.23836E+15,4.84485E+16
53371,8,2,15,107,2018,9,21,3,3,5,3,2,1,1,0,0,0,0,0,4.61683E+20,5.45869E+21,8.47318E+15,4.92797E+16
53372,8,2,15,25,2018,9,16,5,3,5,3,0,0,1,0,0,0,0,0,4.75278E+20,5.43327E+21,8.66165E+15,4.90518E+16
53373,8,3,36,45,2018,9,12,7,3,3,6,0,1,0,0,1,0,0,0,3.99812E+20,5.28903E+21,7.66343E+15,4.77469E+16
53374,8,4,35,59,2018,9,8,7,3,3,6,1,0,1,0,0,0,0,1,5.09182E+20,5.29473E+21,9.12263E+15,4.78058E+16
53375,8,1,28,39,2018,9,9,7,3,8,1,0,0,1,0,0,0,0,0,5.29524E+20,5.50878E+21,9.40968E+15,4.97308E+16