OBJECTID_1,ULAND,UREGBEZ,UKREIS,UGEMEINDE,UJAHR,UMONAT,USTUNDE,UWOCHENTAG,UKATEGORIE,UART,UTYP1,ULICHTVERH,IstRad,IstPKW,IstFuss,IstKrad,IstGkfz,IstSonstig,STRZUSTAND,LINREFX,LINREFY,XGCSWGS84,YGCSWGS84
53376,8,2,15,7,2018,9,12,1,2,4,1,0,1,1,0,0,0,0,0,4.79815E+20,5.42858E+21,8.72398E+15,4.90098E+16
53377,8,2,11,0,2018,9,9,3,3,2,6,0,0,1,0,1,0,0,0,4.41015E+20,5.4061E+21,8.19669E+15,4.88051E+16
53378,8,4,36,79,2018,9,14,4,2,4,6,0,0,1,0,1,0,1,0,5.54141E+20,5.2917E+21,9.72267E+15,4.77764E+16
53379,8,3,26,74,2018,9,19,3,3,5,3,1,0,1,0,0,0,0,0,4.61141E+20,5.3218E+21,8.47859E+15,4.80483E+16
53380,8,4,37,104,2018,9,1,7,3,8,7,2,0,1,0,0,0,0,1,5.12059E+20,5.33122E+21,9.16208E+15,4.81342E+16
53381,8,3,26,5,2018,9,17,6,3,4,7,0,0,1,0,1,0,0,0,4.6331E+20,5.297E+21,8.5098E+15,4.78253E+16
53382,8,4,35,47,2018,9,12,7,2,8,1,0,0,1,0,0,0,0,1,5.12777E+20,5.29616E+21,9.17069E+15,4.78187E+16
53383,8,3,17,47,2018,9,17,4,2,2,7,0,0,1,0,0,0,0,0,4.17732E+20,5.3622E+21,7.88835E+15,4.84076E+16
53384,8,1,16,81,2018,9,21,1,2,2,6,2,0,1,0,1,0,0,0,5.17269E+20,5.38625E+21,9.23436E+15,4.8629E+16
53385,8,1,25,98,2018,9,11,2,2,9,1,0,0,1,0,0,0,0,0,5.21177E+20,5.4369E+21,9.29002E+15,4.90846E+16
53386,8,3,26,41,2018,9,16,5,2,4,3,0,0,1,0,1,0,0,0,4.62152E+20,5.3309E+21,8.49134E+15,4.81302E+16
53387,8,3,26,74,2018,9,10,7,3,2,6,0,0,1,0,0,0,0,0,4.65242E+20,5.32203E+21,8.53359E+15,4.80506E+16
53388,8,1,15,3,2018,9,12,4,3,3,6,0,0,1,0,0,1,0,0,4.99794E+20,5.39249E+21,8.9972E+15,4.86855E+16
53389,8,2,37,4,2018,9,14,7,2,3,6,0,0,1,0,1,0,0,0,4.55635E+20,5.37986E+21,8.39859E+15,4.85702E+16
53390,8,2,15,66,2018,9,22,7,2,5,2,2,0,1,0,0,0,0,0,4.6212E+20,5.44858E+21,8.48014E+15,4.91888E+16
53391,8,3,35,96,2018,9,21,1,3,7,7,2,0,1,0,0,0,0,0,5.04307E+20,5.304E+21,9.05761E+15,4.78893E+16
53392,8,3,17,152,2018,9,11,3,3,5,3,0,0,1,0,1,0,0,0,4.08383E+20,5.34872E+21,7.76499E+15,4.8285E+16
53393,8,3,25,49,2018,9,12,4,3,6,7,0,0,0,1,0,0,1,0,4.72315E+20,5.33494E+21,8.62766E+15,4.81671E+16
53394,8,1,35,32,2018,9,10,1,2,9,1,0,0,1,0,0,0,0,0,5.76201E+20,5.39102E+21,1.0035E+16,4.86676E+16
53395,8,4,37,88,2018,9,13,5,2,3,2,0,0,0,0,1,0,0,0,5.22597E+20,5.30361E+21,9.30226E+15,4.78854E+16
53396,8,3,17,73,2018,9,4,7,3,3,6,2,0,1,0,0,1,0,1,4.10293E+20,5.35337E+21,7.78975E+15,4.83271E+16
53397,8,1,16,16,2018,9,13,4,3,3,6,0,0,1,0,0,0,0,0,5.33646E+20,5.38655E+21,9.45664E+15,4.86311E+16
53398,8,3,17,96,2018,9,18,7,3,6,6,0,0,0,1,0,0,1,0,4.19027E+20,5.37229E+21,7.90389E+15,4.84985E+16
53399,8,2,26,32,2018,9,14,7,3,3,6,0,0,1,0,0,0,0,0,4.68077E+20,5.46434E+21,8.56064E+15,4.9331E+16
53400,8,3,37,66,2018,9,10,1,1,8,1,0,0,0,0,1,0,0,1,4.30227E+20,5.27132E+21,8.07195E+15,4.75915E+16
53401,8,3,17,141,2018,9,7,3,3,9,7,0,0,1,0,0,0,0,0,4.14781E+20,5.37514E+21,7.84585E+15,4.85236E+16
53402,8,1,36,88,2018,9,6,5,3,5,3,0,1,1,0,0,0,0,0,5.80609E+20,5.41326E+21,1.00992E+16,4.8867E+16
53403,8,3,17,121,2018,9,22,7,2,9,1,2,0,1,0,0,0,0,0,4.21719E+20,5.34121E+21,7.94612E+15,4.82193E+16
53404,8,3,16,37,2018,9,9,7,3,1,6,0,0,1,0,0,0,0,0,4.08918E+20,5.33217E+21,7.77575E+15,4.81363E+16
53405,8,1,25,7,2018,9,10,7,3,0,1,0,0,0,0,1,0,0,0,5.12768E+20,5.45316E+21,9.17537E+15,4.92311E+16
53406,8,2,25,109,2018,9,16,1,2,8,1,0,0,0,0,1,0,0,0,5.28411E+20,5.48707E+21,9.39267E+15,4.95356E+16
53407,8,1,15,45,2018,9,17,3,3,2,6,0,0,1,0,0,0,0,0,5.01613E+20,5.39396E+21,9.02193E+15,4.86987E+16
53408,8,4,37,76,2018,9,11,4,2,1,6,0,0,1,0,0,0,1,0,5.20776E+20,5.31918E+21,9.27865E+15,4.80256E+16
53409,8,2,26,85,2018,9,23,7,3,2,6,2,0,1,0,0,0,1,0,4.92804E+20,5.45352E+21,8.90115E+15,4.92344E+16
53410,8,3,36,81,2018,9,14,6,2,5,3,0,0,1,0,1,0,0,0,4.12484E+20,5.27793E+21,7.83468E+15,4.76488E+16
53411,8,2,15,17,2018,9,10,7,3,4,2,0,0,1,0,1,0,0,0,4.58209E+20,5.42045E+21,8.42937E+15,4.89355E+16
53412,8,2,15,96,2018,9,17,4,1,2,2,0,0,1,0,1,0,0,0,4.63925E+20,5.41948E+21,8.50751E+15,4.89272E+16
53413,8,4,35,59,2018,9,20,3,2,6,4,2,0,1,1,0,0,0,0,5.14536E+20,5.29163E+21,9.19403E+15,4.77779E+16
53414,8,4,36,94,2018,9,9,7,3,0,7,0,0,0,0,1,0,0,0,5.71269E+20,5.28529E+21,9.95023E+15,4.7717E+16
53415,8,1,18,51,2018,9,12,2,3,2,1,0,0,1,0,0,1,0,0,5.09915E+20,5.41314E+21,9.13521E+15,4.88711E+16
53416,8,3,15,76,2018,9,6,5,3,9,1,1,0,1,0,0,0,0,0,3.94025E+20,5.29617E+21,7.58451E+15,4.78102E+16
53417,8,2,15,106,2018,9,15,7,3,4,6,0,0,1,0,0,0,0,0,4.66251E+20,5.45339E+21,8.53643E+15,4.92324E+16
53418,8,1,11,0,2018,9,13,4,3,0,7,0,0,0,0,1,0,1,1,5.10838E+20,5.40933E+21,9.1477E+15,4.88369E+16
53419,8,2,12,0,2018,9,1,7,2,5,3,2,1,1,0,0,0,0,1,4.56589E+20,5.42497E+21,8.40677E+15,4.89761E+16
53420,8,2,31,0,2018,9,6,7,3,8,1,0,0,1,0,0,0,0,0,4.75325E+20,5.41319E+21,8.66351E+15,4.88712E+16
53421,8,4,17,8,2018,9,12,1,2,4,2,0,0,1,0,0,0,1,0,4.93287E+20,5.35205E+21,8.90945E+15,4.83216E+16
53422,8,1,36,50,2018,9,9,3,3,5,2,0,0,1,0,0,0,1,0,5.82155E+20,5.40408E+21,1.01184E+16,4.87843E+16
53423,8,1,21,0,2018,9,8,5,3,1,6,0,0,1,0,0,0,0,0,5.15702E+20,5.44632E+21,9.21541E+15,4.91695E+16
53424,8,2,16,7,2018,9,7,7,3,8,7,0,0,1,0,0,0,0,0,4.35361E+20,5.3994E+21,8.12074E+15,4.87443E+16
53425,8,1,16,70,2018,9,12,7,3,3,6,0,0,0,0,1,1,0,0,5.39796E+20,5.38537E+21,9.54E+15,4.86201E+16
53426,8,2,25,58,2018,9,13,3,2,5,2,0,0,0,0,1,0,1,0,5.08411E+20,5.4717E+21,9.11592E+15,4.93979E+16
53427,8,4,16,36,2018,9,18,4,3,9,1,0,0,1,0,0,0,0,0,4.89686E+20,5.37204E+21,8.86037E+15,4.85014E+16
53428,8,1,26,69,2018,9,21,1,3,8,1,2,0,1,0,0,0,0,0,5.36993E+20,5.44706E+21,9.50755E+15,4.91753E+16
53429,8,1,27,14,2018,9,6,5,3,5,3,0,1,1,0,0,0,0,0,5.78339E+20,5.44283E+21,1.00739E+16,4.91333E+16
53430,8,2,37,4,2018,9,17,7,2,9,1,0,0,0,0,1,0,0,0,4.4497E+20,5.3779E+21,8.2543E+15,4.85518E+16
53431,8,2,35,6,2018,9,16,7,3,8,1,0,0,1,0,0,0,0,0,4.73822E+20,5.37936E+21,8.64516E+15,4.85668E+16
53432,8,1,18,81,2018,9,13,7,3,1,6,0,0,1,0,0,0,0,0,5.20348E+20,5.41359E+21,9.2775E+15,4.88749E+16
53433,8,1,21,0,2018,9,9,3,1,2,1,0,0,1,0,0,1,0,0,5.14245E+20,5.44825E+21,9.19549E+15,4.91869E+16
53434,8,4,25,33,2018,9,18,4,2,3,6,0,0,1,0,0,0,1,0,5.5062E+20,5.34781E+21,9.68232E+15,4.82815E+16
53435,8,2,15,17,2018,9,12,6,3,2,6,0,0,1,0,0,0,0,0,4.57452E+20,5.42368E+21,8.4187E+15,4.89646E+16
53436,8,2,31,0,2018,9,16,7,2,5,2,0,0,1,0,0,0,0,0,4.75786E+20,5.41501E+21,8.66969E+15,4.88875E+16
53437,8,1,28,115,2018,9,14,6,3,2,2,0,0,1,0,0,0,0,1,5.4816E+20,5.49723E+21,9.66683E+15,4.96257E+16
53438,8,2,16,43,2018,9,8,4,3,2,6,0,0,1,0,0,0,0,0,4.43693E+20,5.41343E+21,8.23214E+15,4.88713E+16
53439,8,4,25,62,2018,9,18,7,3,3,6,0,0,1,0,0,0,0,0,5.72941E+20,5.37576E+21,9.988E+15,4.85307E+16
53440,8,1,11,0,2018,9,18,2,3,2,6,0,0,1,0,0,0,0,0,5.12765E+20,5.40556E+21,9.17384E+15,4.88029E+16
53441,8,2,22,0,2018,9,17,5,3,3,3,0,0,1,0,0,0,0,1,4.66569E+20,5.47883E+21,8.53866E+15,4.94612E+16
53442,8,2,25,32,2018,9,16,7,3,5,3,0,0,1,0,1,0,0,0,5.3235E+20,5.49626E+21,9.44786E+15,4.96181E+16
53443,8,4,26,38,2018,9,17,3,2,2,6,0,0,1,0,0,0,0,0,5.57861E+20,5.31526E+21,9.77549E+15,4.7988E+16
53444,8,2,22,0,2018,9,12,7,3,2,6,0,0,1,0,0,0,0,0,4.62124E+20,5.48031E+21,8.47719E+15,4.94743E+16
53445,8,2,25,109,2018,9,15,7,2,8,1,0,0,0,0,1,0,0,0,5.27962E+20,5.48854E+21,9.38656E+15,4.95488E+16
53446,8,3,16,11,2018,9,19,1,3,2,6,0,0,1,0,0,0,0,0,4.13426E+20,5.33072E+21,7.83663E+15,4.81239E+16
53447,8,1,25,48,2018,9,17,3,3,5,3,0,1,0,0,0,1,0,0,5.33807E+20,5.46185E+21,9.46508E+15,4.93085E+16
53448,8,1,17,31,2018,9,20,5,2,9,1,1,0,0,0,1,0,0,0,5.48038E+20,5.37714E+21,9.65088E+15,4.85455E+16
53449,8,2,21,0,2018,9,16,7,3,2,6,0,0,1,0,0,0,0,0,4.79252E+20,5.4737E+21,8.71395E+15,4.94156E+16
53450,8,1,11,0,2018,9,14,7,2,4,6,0,0,1,0,0,0,1,0,5.18637E+20,5.40059E+21,9.25358E+15,4.8758E+16
53451,8,3,36,87,2018,9,18,4,3,4,1,0,0,1,0,1,0,0,0,4.22909E+20,5.29265E+21,7.97085E+15,4.77826E+16
53452,8,1,19,86,2018,9,10,1,3,4,6,0,1,0,0,0,0,1,0,5.34279E+20,5.40276E+21,9.46658E+15,4.87769E+16
53453,8,2,16,43,2018,9,14,7,3,5,2,0,0,1,0,0,0,0,0,4.3903E+20,5.41171E+21,8.16883E+15,4.88554E+16
53454,8,1,11,0,2018,9,15,6,3,5,7,0,1,1,0,0,0,0,0,5.09598E+20,5.39863E+21,9.13055E+15,4.87406E+16
53455,8,1,36,38,2018,9,14,4,3,2,6,0,0,1,0,0,0,0,0,5.89786E+20,5.41287E+21,1.02242E+16,4.88623E+16
53456,8,3,26,12,2018,9,18,7,2,9,1,0,0,1,0,0,0,0,0,4.66227E+20,5.30807E+21,8.54791E+15,4.79251E+16
53457,8,4,35,30,2018,9,17,1,2,5,3,0,0,1,0,0,0,0,0,5.42837E+20,5.27378E+21,9.57004E+15,4.7616E+16
53458,8,2,15,66,2018,9,16,6,2,4,7,0,0,1,0,0,0,1,0,4.61632E+20,5.44874E+21,8.47342E+15,4.91903E+16
53459,8,3,17,141,2018,9,3,7,2,2,7,2,0,1,0,0,1,0,1,4.21199E+20,5.37611E+21,7.93258E+15,4.85331E+16
53460,8,1,17,2,2018,9,17,6,2,9,6,0,0,1,0,1,0,0,0,5.47506E+20,5.38299E+21,9.64433E+15,4.85982E+16
53461,8,1,18,76,2018,9,19,4,2,8,1,1,0,0,0,1,0,0,0,4.93715E+20,5.43152E+21,8.914E+15,4.90365E+16
53462,8,3,35,77,2018,9,12,7,3,2,6,0,0,1,0,0,0,1,0,4.93604E+20,5.29091E+21,8.91464E+15,4.77715E+16
53463,8,4,35,29,2018,9,17,1,2,9,1,0,0,1,0,0,0,0,0,5.44259E+20,5.27296E+21,9.58888E+15,4.76086E+16
53464,8,2,36,39,2018,9,20,5,3,8,1,2,0,1,0,0,0,0,1,4.88909E+20,5.41154E+21,8.8488E+15,4.88568E+16
53465,8,1,36,88,2018,9,9,7,3,2,6,0,0,1,0,1,0,0,0,5.80774E+20,5.41205E+21,1.01012E+16,4.88562E+16
53466,8,3,15,48,2018,9,6,3,3,3,6,0,0,1,0,0,0,0,0,3.9447E+20,5.30676E+21,7.58786E+15,4.79055E+16
53467,8,1,28,131,2018,9,2,7,3,9,1,2,0,1,0,0,0,0,0,5.35838E+20,5.50867E+21,9.49728E+15,4.97295E+16
53468,8,2,16,15,2018,9,11,7,3,5,3,0,0,1,0,0,0,0,0,4.53963E+20,5.41062E+21,8.3725E+15,4.88469E+16
53469,8,2,31,0,2018,9,9,1,3,2,6,0,0,1,0,0,0,0,0,4.75116E+20,5.41661E+21,8.66045E+15,4.8902E+16
53470,8,1,25,65,2018,9,13,3,3,2,6,0,0,1,0,0,0,0,0,5.15117E+20,5.44892E+21,9.20748E+15,4.91929E+16
53471,8,1,11,0,2018,9,19,5,3,5,2,2,0,1,0,0,0,0,1,5.08066E+20,5.39716E+21,9.10968E+15,4.87274E+16
53472,8,1,28,139,2018,9,8,7,2,9,1,0,0,1,0,0,0,0,0,5.52595E+20,5.48808E+21,9.72702E+15,4.9543E+16
53473,8,4,17,8,2018,9,10,6,3,2,2,0,0,1,0,1,0,0,0,4.93658E+20,5.35154E+21,8.91445E+15,4.8317E+16
53474,8,2,15,46,2018,9,15,3,3,2,6,0,0,1,0,0,0,0,0,4.48479E+20,5.41555E+21,8.29714E+15,4.88908E+16
53475,8,3,27,56,2018,9,15,4,3,5,3,0,0,1,0,1,0,0,0,4.83174E+20,5.31919E+21,8.77433E+15,4.80258E+16
53476,8,1,18,73,2018,9,15,1,3,5,3,0,1,1,0,0,0,0,0,4.95653E+20,5.41797E+21,8.94067E+15,4.89146E+16
53477,8,1,36,24,2018,9,18,5,3,2,6,1,0,1,0,0,0,0,1,5.64832E+20,5.4124E+21,9.88393E+15,4.88612E+16
53478,8,2,25,52,2018,9,18,7,2,6,4,0,0,0,1,0,0,1,0,5.10508E+20,5.47988E+21,9.14505E+15,4.94715E+16
53479,8,1,11,0,2018,9,20,6,3,5,2,2,0,1,0,1,0,0,0,5.10816E+20,5.40167E+21,9.14719E+15,4.8768E+16
53480,8,1,21,0,2018,9,17,4,3,2,6,0,0,1,0,0,0,0,0,5.13478E+20,5.43969E+21,9.18468E+15,4.91099E+16
53481,8,1,27,14,2018,9,10,7,3,2,6,0,0,1,0,0,0,0,0,5.78457E+20,5.44523E+21,1.0076E+16,4.91549E+16
53482,8,3,17,57,2018,9,21,7,3,0,7,2,0,0,0,1,0,0,0,4.17184E+20,5.37893E+21,7.87763E+15,4.8558E+16
53483,8,3,11,0,2018,9,21,1,3,2,6,2,0,1,0,0,0,0,0,4.03139E+20,5.31287E+21,7.70247E+15,4.79618E+16
53484,8,1,19,68,2018,9,14,3,3,9,1,0,0,0,0,1,0,0,0,5.26733E+20,5.41204E+21,9.36448E+15,4.88608E+16
53485,8,2,15,101,2018,9,8,5,2,9,1,0,0,1,0,0,0,0,0,4.66432E+20,5.42311E+21,8.54143E+15,4.896E+16
53486,8,2,25,74,2018,9,12,7,2,8,1,0,0,0,0,1,0,0,0,5.0343E+20,5.46421E+21,9.0472E+15,4.93306E+16
53487,8,1,19,69,2018,9,15,7,2,0,1,0,0,0,0,1,0,1,0,5.33424E+20,5.43424E+21,9.45752E+15,4.90602E+16
53488,8,1,27,13,2018,9,13,7,2,2,6,0,1,0,0,0,0,0,0,5.67413E+20,5.42819E+21,9.92172E+15,4.90029E+16
53489,8,1,18,81,2018,9,22,1,2,8,1,2,0,1,0,0,0,0,0,5.18663E+20,5.41475E+21,9.25457E+15,4.88855E+16
53490,8,1,19,85,2018,9,12,3,3,2,6,0,0,1,0,0,0,1,0,5.28257E+20,5.4145E+21,9.38543E+15,4.88828E+16
53491,8,4,36,55,2018,9,16,4,2,2,6,0,1,0,0,0,0,0,0,5.78691E+20,5.29698E+21,1.00513E+16,4.78214E+16
53492,8,2,16,17,2018,9,7,5,3,2,6,0,0,1,0,0,0,0,0,4.4866E+20,5.40177E+21,8.30133E+15,4.87668E+16
53493,8,1,18,80,2018,9,15,7,2,2,1,0,0,1,0,0,0,0,0,5.07537E+20,5.41214E+21,9.10277E+15,4.88622E+16
53494,8,1,18,79,2018,9,17,7,3,5,2,0,0,1,0,0,0,0,0,5.09741E+20,5.4226E+21,9.13306E+15,4.89563E+16
53495,8,1,36,88,2018,9,11,7,3,0,6,0,0,1,0,1,0,0,0,5.75161E+20,5.41316E+21,1.00249E+16,4.88668E+16
53496,8,2,16,15,2018,9,13,1,3,4,1,0,0,1,0,1,0,0,0,4.53926E+20,5.40922E+21,8.37216E+15,4.88343E+16
53497,8,2,15,47,2018,9,18,4,3,2,6,0,1,1,0,0,0,0,0,4.59487E+20,5.41232E+21,8.44763E+15,4.88625E+16
53498,8,1,35,19,2018,9,16,7,2,4,6,0,0,1,0,1,0,0,0,5.89697E+20,5.39481E+21,1.0219E+16,4.86998E+16
53499,8,3,37,39,2018,9,21,6,3,8,1,2,0,1,0,0,0,0,0,4.43664E+20,5.2925E+21,8.24792E+15,4.77834E+16
53500,8,1,16,70,2018,9,10,7,3,3,6,0,0,1,0,1,0,0,0,5.38178E+20,5.38628E+21,9.51812E+15,4.86284E+16
53501,8,3,17,59,2018,9,18,4,3,8,7,0,0,0,0,1,0,0,0,4.14895E+20,5.34777E+21,7.85295E+15,4.82774E+16
53502,8,1,17,10,2018,9,12,1,2,4,6,0,0,1,0,0,0,0,0,5.67825E+20,5.39184E+21,9.92135E+15,4.8676E+16
53503,8,3,37,22,2018,9,0,5,3,9,1,2,0,1,0,0,0,0,0,4.47483E+20,5.299E+21,8.29811E+15,4.78422E+16
53504,8,1,16,79,2018,9,19,7,2,8,1,0,0,0,0,1,0,0,0,5.33949E+20,5.37751E+21,9.46002E+15,4.85498E+16
53505,8,1,17,11,2018,9,18,4,3,0,7,0,1,0,0,0,0,0,0,5.47753E+20,5.39928E+21,9.64957E+15,4.87447E+16
53506,8,1,16,12,2018,9,14,7,1,9,1,0,0,0,0,1,0,0,0,5.37176E+20,5.38263E+21,9.5042E+15,4.85957E+16
53507,8,2,36,46,2018,9,10,7,3,2,6,0,0,1,0,0,0,0,0,4.83412E+20,5.41714E+21,8.77363E+15,4.8907E+16
53508,8,3,36,107,2018,9,14,1,3,0,1,0,0,0,0,1,0,0,0,4.09037E+20,5.29495E+21,7.78523E+15,4.78015E+16
53509,8,1,28,14,2018,9,18,5,3,8,1,0,0,1,0,0,0,0,1,5.40743E+20,5.48357E+21,9.56273E+15,4.95034E+16
53510,8,1,15,52,2018,9,21,7,3,5,3,2,0,1,0,0,0,0,0,4.94505E+20,5.41048E+21,8.92511E+15,4.88473E+16
53511,8,1,15,3,2018,9,15,7,3,5,3,0,0,1,0,0,0,0,0,5.0062E+20,5.38828E+21,9.00842E+15,4.86476E+16
53512,8,1,19,61,2018,9,23,7,3,5,3,2,0,1,0,1,0,0,0,5.3918E+20,5.41514E+21,9.53447E+15,4.8888E+16
53513,8,4,26,134,2018,9,6,4,3,4,6,1,0,1,0,0,0,0,0,5.5807E+20,5.33667E+21,9.7812E+15,4.81806E+16
53514,8,3,36,84,2018,9,7,6,2,4,2,0,1,1,0,0,0,0,0,4.05675E+20,5.27718E+21,7.74419E+15,4.76411E+16
53515,8,1,11,0,2018,9,11,7,3,0,7,0,0,0,0,0,0,1,0,5.18283E+20,5.40297E+21,9.24886E+15,4.87795E+16
53516,8,1,15,45,2018,9,8,6,3,9,1,0,0,1,0,0,0,0,1,5.05094E+20,5.3971E+21,9.06926E+15,4.87269E+16
53517,8,2,26,96,2018,9,16,4,3,2,6,0,0,1,0,0,0,0,0,4.73741E+20,5.48862E+21,8.63697E+15,4.95497E+16
53518,8,4,37,114,2018,9,16,7,3,8,1,0,0,0,0,1,0,0,0,5.14314E+20,5.33399E+21,9.19248E+15,4.8159E+16
53519,8,1,17,26,2018,9,16,2,3,2,6,0,0,1,0,0,0,0,0,5.50658E+20,5.39211E+21,9.68819E+15,4.868E+16
53520,8,3,11,0,2018,9,17,5,3,1,7,0,0,1,0,0,0,0,0,4.12525E+20,5.31646E+21,7.82744E+15,4.79954E+16
53521,8,1,11,0,2018,9,12,7,3,5,3,0,0,1,0,0,0,0,0,5.08202E+20,5.40785E+21,9.11175E+15,4.88236E+16
53522,8,3,36,103,2018,8,8,6,3,3,6,0,1,0,0,0,1,0,0,4.16157E+20,5.28803E+21,7.88163E+15,4.77402E+16
53523,8,2,37,54,2018,9,17,6,2,4,1,0,0,1,0,0,0,0,0,4.65426E+20,5.37359E+21,8.53184E+15,4.85145E+16
53524,8,3,26,17,2018,8,12,6,3,6,4,0,0,1,1,0,0,0,0,4.40406E+20,5.322E+21,8.20035E+15,4.80485E+16
53525,8,3,36,104,2018,9,14,4,2,8,1,0,1,0,0,0,0,0,0,4.02586E+20,5.28712E+21,7.70085E+15,4.77301E+16
53526,8,2,35,33,2018,9,12,7,3,1,3,0,0,1,0,1,0,0,0,4.62E+20,5.40725E+21,8.48236E+15,4.88171E+16
53527,8,1,21,0,2018,9,13,2,3,2,6,0,0,1,0,0,0,0,0,5.1643E+20,5.445E+21,9.22534E+15,4.91576E+16
53528,8,4,17,63,2018,9,13,5,2,3,6,0,1,1,0,0,0,0,1,5.06441E+20,5.33755E+21,9.08666E+15,4.81912E+16
53529,8,4,36,55,2018,8,0,6,2,8,1,2,0,1,0,0,0,0,0,5.82679E+20,5.29888E+21,1.01049E+16,4.78379E+16
53530,8,1,11,0,2018,9,23,4,3,9,7,2,0,1,0,0,0,0,0,5.11473E+20,5.4089E+21,9.15633E+15,4.8833E+16
53531,8,4,36,81,2018,8,12,6,3,5,3,0,0,1,0,1,0,0,1,5.6331E+20,5.28274E+21,9.84375E+15,4.76949E+16
53532,8,2,37,28,2018,9,10,7,3,9,1,0,0,0,0,1,0,0,0,4.53781E+20,5.36611E+21,8.375E+15,4.84464E+16
53533,8,3,35,75,2018,9,10,1,3,8,6,0,0,0,0,1,0,0,0,4.91355E+20,5.2871E+21,8.88469E+15,4.77373E+16
53534,8,1,25,34,2018,9,5,5,2,5,3,2,0,1,0,0,0,0,0,4.97151E+20,5.44328E+21,8.96093E+15,4.91423E+16
53535,8,4,36,3,2018,8,16,6,2,8,4,0,0,1,1,0,0,0,1,5.78008E+20,5.30395E+21,1.00434E+16,4.78842E+16
53536,8,4,35,16,2018,8,15,6,3,2,6,0,0,1,0,0,0,0,1,5.37097E+20,5.27874E+21,9.49408E+15,4.76609E+16
53537,8,1,16,80,2018,9,12,7,3,2,6,0,0,0,0,1,0,0,0,5.21406E+20,5.39554E+21,9.29099E+15,4.87125E+16
53538,8,4,21,0,2018,9,13,4,3,0,7,0,0,1,1,0,0,0,0,5.69582E+20,5.36106E+21,9.94006E+15,4.83988E+16
53539,8,1,27,63,2018,9,17,1,3,5,2,0,0,1,0,0,0,0,0,5.63609E+20,5.43496E+21,9.87079E+15,4.90643E+16
53540,8,2,26,13,2018,9,12,6,3,2,6,0,0,1,0,0,0,0,0,4.98568E+20,5.47837E+21,8.98025E+15,4.9458E+16
53541,8,4,25,91,2018,8,14,6,2,8,1,0,0,0,0,1,0,0,1,5.50412E+20,5.33694E+21,9.67821E+15,4.81837E+16
53542,8,1,25,81,2018,9,21,6,3,8,1,2,0,1,0,0,0,0,0,4.98179E+20,5.43452E+21,8.97507E+15,4.90635E+16
53543,8,2,12,0,2018,9,16,4,3,6,7,0,1,0,1,0,0,0,0,4.61713E+20,5.42725E+21,8.47658E+15,4.8997E+16
53544,8,3,15,76,2018,9,12,7,3,2,6,0,0,1,0,0,0,0,0,3.92963E+20,5.303E+21,7.56864E+15,4.78714E+16
53545,8,1,11,0,2018,9,18,2,3,2,2,0,0,1,0,1,0,0,0,5.18915E+20,5.40089E+21,9.25737E+15,4.87607E+16
53546,8,2,37,28,2018,9,11,5,3,2,6,0,0,1,0,0,0,0,0,4.58337E+20,5.36795E+21,8.43641E+15,4.84633E+16
53547,8,4,16,11,2018,8,14,6,2,8,1,0,0,1,0,0,0,0,1,5.04688E+20,5.36823E+21,9.06341E+15,4.84672E+16
53548,8,4,16,6,2018,9,10,3,3,5,3,0,0,1,0,0,0,0,0,5.00094E+20,5.35998E+21,9.00128E+15,4.8393E+16
53549,8,4,15,61,2018,8,23,6,3,1,5,2,0,1,0,0,0,0,1,5.12664E+20,5.37212E+21,9.17144E+15,4.8502E+16
53550,8,2,22,0,2018,9,16,7,3,6,4,0,0,1,1,0,0,0,0,4.62024E+20,5.48162E+21,8.47567E+15,4.94861E+16
53551,8,3,36,69,2018,9,11,1,2,4,6,0,0,1,0,1,0,0,0,4.10991E+20,5.27709E+21,7.81496E+15,4.76411E+16
53552,8,3,27,54,2018,9,6,3,3,5,3,2,0,1,0,0,0,0,0,4.83277E+20,5.31804E+21,8.77575E+15,4.80154E+16
53553,8,1,16,77,2018,9,8,5,2,1,6,0,0,0,0,1,1,0,0,5.1607E+20,5.39318E+21,9.21836E+15,4.86915E+16
53554,8,4,15,50,2018,8,18,6,3,1,6,0,0,1,0,0,0,0,1,5.21365E+20,5.37727E+21,9.28949E+15,4.85482E+16
53555,8,1,27,23,2018,9,18,6,2,8,1,0,0,1,0,0,0,0,0,5.53098E+20,5.42568E+21,9.72569E+15,4.89818E+16
53556,8,4,36,5,2018,9,10,3,3,1,2,0,0,1,0,0,0,0,0,5.39804E+20,5.30967E+21,9.53297E+15,4.79391E+16
53557,8,3,16,45,2018,8,17,6,3,2,6,0,0,1,0,0,0,0,1,4.10926E+20,5.32588E+21,7.80405E+15,4.808E+16
53558,8,2,36,72,2018,9,17,7,3,5,3,0,0,1,0,0,0,0,0,4.65945E+20,5.41007E+21,8.53586E+15,4.88427E+16
53559,8,3,17,127,2018,9,17,1,3,0,1,0,0,0,0,1,0,0,0,4.23651E+20,5.35327E+21,7.96994E+15,4.8328E+16
53560,8,1,18,49,2018,9,17,5,3,1,2,0,1,1,0,0,0,0,0,5.20235E+20,5.42101E+21,9.27633E+15,4.89417E+16
53561,8,3,15,76,2018,8,23,6,2,8,1,2,0,1,0,0,0,0,0,3.91229E+20,5.29576E+21,7.54728E+15,4.7806E+16
53562,8,1,15,21,2018,9,16,7,2,0,7,0,1,0,0,0,0,0,0,4.89604E+20,5.38003E+21,8.85906E+15,4.85733E+16
53563,8,3,37,65,2018,9,22,4,3,0,1,2,1,0,0,0,0,0,0,4.49275E+20,5.27472E+21,8.32489E+15,4.76239E+16
53564,8,1,26,39,2018,9,14,1,2,2,6,0,0,1,0,0,0,0,0,5.48044E+20,5.46071E+21,9.66079E+15,4.92972E+16