OBJECTID_1,ULAND,UREGBEZ,UKREIS,UGEMEINDE,UJAHR,UMONAT,USTUNDE,UWOCHENTAG,UKATEGORIE,UART,UTYP1,ULICHTVERH,IstRad,IstPKW,IstFuss,IstKrad,IstGkfz,IstSonstig,STRZUSTAND,LINREFX,LINREFY,XGCSWGS84,YGCSWGS84
53565,8,2,15,46,2018,9,20,6,3,2,6,2,0,1,0,0,0,0,0,4.49213E+20,5.41663E+21,8.30702E+15,4.89005E+16
53566,8,3,36,69,2018,8,12,6,2,6,4,0,0,1,1,0,0,0,1,4.04637E+20,5.26781E+21,7.7324E+15,4.75567E+16
53567,8,1,15,29,2018,9,15,6,3,5,3,0,0,1,0,0,1,1,0,4.96495E+20,5.3982E+21,8.95233E+15,4.87369E+16
53568,8,1,16,15,2018,9,16,4,3,2,6,0,0,1,0,0,0,0,0,5.21272E+20,5.39353E+21,9.28906E+15,4.86945E+16
53569,8,3,35,63,2018,9,13,7,3,8,7,0,0,1,0,0,0,0,0,4.98571E+20,5.28976E+21,8.98093E+15,4.77612E+16
53570,8,4,36,8,2018,9,19,1,3,4,2,0,0,1,0,1,0,0,0,5.48042E+20,5.31041E+21,9.64336E+15,4.79452E+16
53571,8,2,26,17,2018,9,11,5,3,9,1,0,0,1,0,0,0,0,1,4.96954E+20,5.46413E+21,8.95808E+15,4.93299E+16
53572,8,4,36,64,2018,8,14,6,2,8,1,0,0,1,0,0,0,0,1,5.46226E+20,5.28558E+21,9.61638E+15,4.7722E+16
53573,8,3,26,55,2018,8,21,6,3,4,6,2,0,1,0,0,1,0,1,4.43005E+20,5.33542E+21,8.23343E+15,4.81695E+16
53574,8,2,16,13,2018,9,12,7,2,4,5,0,0,0,0,1,0,1,0,4.51998E+20,5.39319E+21,8.34775E+15,4.86899E+16
53575,8,2,36,38,2018,9,0,1,2,8,7,2,0,1,0,0,0,0,0,4.84905E+20,5.42646E+21,8.79367E+15,4.89909E+16
53576,8,1,11,0,2018,9,20,5,3,7,7,2,1,0,0,0,0,0,1,5.12541E+20,5.40147E+21,9.17067E+15,4.87661E+16
53577,8,4,17,15,2018,8,14,6,2,4,6,0,0,1,0,0,0,0,0,4.81993E+20,5.34405E+21,8.75743E+15,4.82494E+16
53578,8,4,37,100,2018,9,17,6,2,4,6,0,0,1,0,1,0,0,0,5.3915E+20,5.31875E+21,9.52504E+15,4.80208E+16
53579,8,3,17,1,2018,8,15,6,3,2,6,0,0,1,0,0,0,0,1,4.28552E+20,5.38825E+21,8.03007E+15,4.86432E+16
53580,8,2,15,46,2018,9,15,3,3,2,6,0,0,1,0,0,0,0,0,4.52218E+20,5.41735E+21,8.34793E+15,4.89072E+16
53581,8,3,26,27,2018,9,9,4,3,8,1,0,0,1,0,0,0,0,0,4.63653E+20,5.30907E+21,8.51337E+15,4.79339E+16
53582,8,1,18,16,2018,9,11,1,3,5,3,0,1,1,0,0,0,0,0,5.04327E+20,5.42846E+21,9.05917E+15,4.9009E+16
53583,8,4,35,16,2018,9,11,5,3,0,3,0,0,1,0,1,0,0,0,5.37786E+20,5.27878E+21,9.50326E+15,4.76613E+16
53584,8,4,26,97,2018,9,5,5,3,5,3,2,0,1,0,1,0,0,1,5.35111E+20,5.33385E+21,9.47212E+15,4.8157E+16
53585,8,1,15,45,2018,9,14,4,3,2,6,0,0,1,0,0,0,0,0,4.99781E+20,5.39338E+21,8.99703E+15,4.86934E+16
53586,8,1,35,19,2018,9,9,5,3,5,3,0,1,1,0,0,0,0,0,5.84281E+20,5.39239E+21,1.0145E+16,4.86789E+16
53587,8,1,18,51,2018,9,7,4,3,2,6,0,0,1,0,0,0,1,0,5.09667E+20,5.4127E+21,9.13181E+15,4.88672E+16
53588,8,1,18,80,2018,9,13,4,1,4,6,0,0,1,0,0,1,0,0,5.07772E+20,5.4119E+21,9.10596E+15,4.886E+16
53589,8,1,15,37,2018,9,7,4,3,2,6,0,0,1,0,0,0,0,0,4.9503E+20,5.38763E+21,8.93253E+15,4.86417E+16
53590,8,1,15,50,2018,9,17,4,2,8,6,0,0,1,0,1,0,1,0,4.92115E+20,5.39965E+21,8.89274E+15,4.87498E+16
53591,8,3,17,65,2018,9,14,5,3,2,6,0,0,1,0,0,0,0,0,4.14187E+20,5.35504E+21,7.84192E+15,4.83427E+16
53592,8,1,15,1,2018,9,16,4,2,5,3,0,1,0,0,0,0,1,0,4.91431E+20,5.39162E+21,8.8836E+15,4.86776E+16
53593,8,1,17,7,2018,9,19,5,3,4,2,2,0,1,0,0,0,0,1,5.56258E+20,5.38383E+21,9.76315E+15,4.8605E+16
53594,8,1,35,19,2018,9,11,4,3,3,6,0,0,1,0,0,0,0,0,5.88033E+20,5.39873E+21,1.01973E+16,4.87354E+16
53595,8,3,15,102,2018,9,13,4,3,5,3,0,0,1,0,0,0,0,0,4.38509E+20,5.29625E+21,8.17858E+15,4.78167E+16
53596,8,1,35,32,2018,9,16,4,2,5,3,0,0,1,0,1,0,0,0,5.80186E+20,5.39295E+21,1.00894E+16,4.86844E+16
53597,8,1,28,115,2018,9,12,4,3,5,3,0,1,1,0,0,0,0,0,5.47861E+20,5.49719E+21,9.66269E+15,4.96253E+16
53598,8,1,16,72,2018,9,14,6,2,2,6,0,0,1,0,1,0,0,0,5.29971E+20,5.39391E+21,9.4073E+15,4.86975E+16
53599,8,1,27,43,2018,9,8,4,2,2,6,0,0,0,0,0,1,0,0,5.66819E+20,5.4476E+21,9.91681E+15,4.91776E+16
53600,8,1,21,0,2018,9,11,4,2,3,6,0,1,0,0,0,0,1,0,5.15928E+20,5.44225E+21,9.21834E+15,4.91329E+16
53601,8,4,16,41,2018,9,12,4,3,5,3,0,1,1,0,0,0,0,0,5.01756E+20,5.37457E+21,9.02379E+15,4.85242E+16
53602,8,1,15,28,2018,9,17,6,2,0,7,0,0,1,0,0,0,0,0,5.00405E+20,5.40702E+21,9.00551E+15,4.88162E+16
53603,8,4,15,78,2018,9,12,4,3,2,6,0,0,1,0,0,0,0,0,5.27066E+20,5.37291E+21,9.36646E+15,4.85087E+16
53604,8,1,25,46,2018,9,16,4,3,0,7,0,1,0,0,0,0,0,0,5.15279E+20,5.43477E+21,9.20917E+15,4.90656E+16
53605,8,3,36,19,2018,9,13,5,3,1,6,0,0,1,0,1,0,0,0,3.94459E+20,5.2762E+21,7.59514E+15,4.76306E+16
53606,8,1,21,0,2018,9,13,4,3,1,6,0,0,1,0,0,0,0,0,5.16436E+20,5.44621E+21,9.22548E+15,4.91685E+16
53607,8,1,21,0,2018,9,9,4,3,3,2,0,1,1,0,0,0,0,0,5.15895E+20,5.44204E+21,9.21789E+15,4.9131E+16
53608,8,4,36,81,2018,9,17,4,2,8,1,0,0,0,0,1,0,0,0,5.63354E+20,5.28758E+21,9.84504E+15,4.77385E+16
53609,8,1,18,48,2018,9,14,4,3,1,5,0,0,1,0,0,0,1,0,5.14225E+20,5.41579E+21,9.19408E+15,4.88949E+16
53610,8,1,15,13,2018,9,7,4,3,2,6,0,0,1,0,0,0,0,0,4.9503E+20,5.38763E+21,8.93253E+15,4.86417E+16
53611,8,1,11,0,2018,9,16,6,3,2,6,0,0,1,0,0,0,0,0,5.17842E+20,5.40021E+21,9.24274E+15,4.87546E+16
53612,8,1,17,60,2018,9,16,4,3,0,1,0,0,0,0,1,0,0,0,5.41776E+20,5.38902E+21,9.56723E+15,4.86529E+16
53613,8,2,16,43,2018,9,13,5,3,5,3,0,0,1,0,0,0,0,0,4.41028E+20,5.41166E+21,8.19607E+15,4.88551E+16
53614,8,1,17,26,2018,9,12,4,3,3,2,0,1,1,0,0,0,0,0,5.50661E+20,5.39205E+21,9.68823E+15,4.86795E+16
53615,8,1,17,51,2018,9,15,4,3,2,1,0,0,0,0,0,1,1,0,5.44384E+20,5.39462E+21,9.60324E+15,4.8703E+16
53616,8,2,12,0,2018,9,6,5,2,5,3,1,0,1,0,1,0,0,1,4.61129E+20,5.42271E+21,8.46903E+15,4.89561E+16
53617,8,1,17,31,2018,9,15,4,3,2,6,0,0,1,0,0,0,0,0,5.49498E+20,5.3757E+21,9.67049E+15,4.85325E+16
53618,8,1,16,73,2018,9,9,4,3,1,2,0,0,1,0,0,0,0,0,5.22408E+20,5.38824E+21,9.30421E+15,4.86468E+16
53619,8,4,36,64,2018,9,18,4,3,2,6,0,0,1,0,1,0,0,0,5.45459E+20,5.29408E+21,9.60705E+15,4.77985E+16
53620,8,1,16,77,2018,9,8,4,3,2,6,0,0,1,0,0,0,0,0,5.14907E+20,5.39038E+21,9.20246E+15,4.86663E+16
53621,8,1,16,80,2018,9,11,4,3,5,3,0,1,1,0,0,0,0,0,5.22141E+20,5.39564E+21,9.30099E+15,4.87134E+16
53622,8,3,36,14,2018,9,8,5,3,5,3,0,0,1,0,0,0,0,0,3.93423E+20,5.27879E+21,7.58072E+15,4.76538E+16
53623,8,1,16,80,2018,9,6,4,3,2,6,0,0,1,0,0,0,0,0,5.18334E+20,5.39489E+21,9.2492E+15,4.87068E+16
53624,8,1,11,0,2018,9,20,5,3,2,6,2,0,1,0,0,1,0,1,5.10256E+20,5.39518E+21,9.13941E+15,4.87095E+16
53625,8,1,16,77,2018,9,15,4,3,2,6,0,0,1,0,0,0,0,0,5.16628E+20,5.38978E+21,9.2258E+15,4.86609E+16
53626,8,1,16,80,2018,9,13,4,3,2,6,0,0,1,0,1,0,0,0,5.17401E+20,5.39589E+21,9.23656E+15,4.87158E+16
53627,8,1,15,42,2018,9,16,4,3,1,6,0,0,1,0,0,0,0,0,4.93686E+20,5.40675E+21,8.914E+15,4.88137E+16
53628,8,1,15,3,2018,9,16,4,2,4,2,0,1,1,0,0,0,0,0,5.02911E+20,5.39325E+21,9.03955E+15,4.86923E+16
53629,8,1,11,0,2018,9,21,4,3,5,2,2,0,1,0,0,0,1,0,5.12615E+20,5.40247E+21,9.17169E+15,4.87751E+16
53630,8,4,21,0,2018,9,8,5,3,2,6,0,0,1,0,0,0,0,0,5.70017E+20,5.35778E+21,9.9454E+15,4.83693E+16
53631,8,4,15,14,2018,9,11,4,3,5,2,0,0,1,0,1,0,0,0,5.24625E+20,5.37578E+21,9.33358E+15,4.85346E+16
53632,8,1,11,0,2018,9,17,4,3,3,6,0,0,1,0,1,0,0,0,5.1332E+20,5.40437E+21,9.18135E+15,4.87922E+16
53633,8,1,27,14,2018,9,7,5,3,2,6,0,0,1,0,0,0,0,1,5.78069E+20,5.4429E+21,1.00702E+16,4.9134E+16
53634,8,1,11,0,2018,9,15,4,3,2,6,0,0,1,0,0,0,0,0,5.12313E+20,5.39951E+21,9.1675E+15,4.87485E+16
53635,8,1,15,50,2018,9,15,5,3,5,3,0,0,1,0,1,0,0,0,4.90278E+20,5.39959E+21,8.86775E+15,4.87492E+16
53636,8,3,35,77,2018,9,7,3,3,2,2,0,0,1,0,0,0,1,0,4.93616E+20,5.29227E+21,8.91477E+15,4.77837E+16
53637,8,3,27,25,2018,9,13,3,3,2,6,0,0,1,0,0,0,0,0,4.80298E+20,5.30954E+21,8.7362E+15,4.79388E+16
53638,8,4,15,61,2018,9,17,4,3,6,4,0,1,0,1,0,0,0,0,5.16735E+20,5.37903E+21,9.22682E+15,4.85641E+16
53639,8,3,37,126,2018,9,12,4,2,9,1,0,0,1,0,0,0,0,0,4.45932E+20,5.27589E+21,8.28026E+15,4.76342E+16
53640,8,3,27,36,2018,9,11,3,3,5,2,0,0,1,0,1,0,0,0,4.91517E+20,5.31972E+21,8.88621E+15,4.80307E+16
53641,8,3,15,108,2018,9,17,5,3,5,2,0,0,1,0,0,0,0,1,4.04804E+20,5.30502E+21,7.72649E+15,4.78914E+16
53642,8,1,36,28,2018,9,15,3,3,2,6,0,0,1,0,0,0,0,0,5.70836E+20,5.40141E+21,9.96388E+15,4.87616E+16
53643,8,4,36,8,2018,9,17,3,3,4,6,0,0,1,0,0,0,0,0,5.46199E+20,5.31077E+21,9.61871E+15,4.79486E+16
53644,8,4,35,16,2018,9,19,4,3,5,3,1,1,1,0,0,0,0,0,5.33107E+20,5.27849E+21,9.44092E+15,4.76589E+16
53645,8,4,35,13,2018,9,6,5,2,5,3,1,0,1,0,1,0,0,1,5.40998E+20,5.27761E+21,9.54592E+15,4.76506E+16
53646,8,4,36,81,2018,9,7,3,3,2,2,0,0,1,0,0,0,0,0,5.637E+20,5.28398E+21,9.84913E+15,4.77061E+16
53647,8,1,19,24,2018,9,9,5,3,5,3,0,0,1,0,0,1,0,1,5.37942E+20,5.43395E+21,9.51934E+15,4.90573E+16
53648,8,4,36,64,2018,9,5,3,3,4,6,2,1,0,0,0,0,0,0,5.44763E+20,5.29223E+21,9.59756E+15,4.77819E+16
53649,8,1,11,0,2018,9,16,5,3,2,6,0,0,1,0,0,0,0,0,5.13324E+20,5.40653E+21,9.18148E+15,4.88116E+16
53650,8,4,26,21,2018,9,15,3,3,4,7,0,0,1,0,0,0,0,0,5.5856E+20,5.32719E+21,9.78649E+15,4.80953E+16
53651,8,4,26,21,2018,9,17,3,3,8,1,0,0,1,0,0,0,0,0,5.57415E+20,5.32436E+21,9.77073E+15,4.807E+16
53652,8,4,15,59,2018,9,12,4,3,5,3,0,1,1,0,0,0,0,0,5.16475E+20,5.36933E+21,9.22292E+15,4.84769E+16
53653,8,1,17,24,2018,9,11,6,3,5,3,0,0,1,0,1,0,0,0,5.60195E+20,5.38647E+21,9.81693E+15,4.86284E+16
53654,8,4,25,108,2018,9,13,3,3,1,6,0,0,1,0,0,0,0,0,5.54397E+20,5.35807E+21,9.73454E+15,4.83734E+16
53655,8,3,11,0,2018,9,17,5,3,1,6,0,0,1,0,0,1,0,0,4.13457E+20,5.31598E+21,7.84003E+15,4.79913E+16
53656,8,4,25,33,2018,9,15,3,2,3,2,0,1,0,0,0,1,0,0,5.52718E+20,5.34785E+21,9.71059E+15,4.82816E+16
53657,8,4,17,54,2018,9,20,3,3,5,3,2,0,1,0,0,0,0,0,4.81368E+20,5.34901E+21,8.74879E+15,4.8294E+16
53658,8,4,36,81,2018,9,7,4,3,0,1,0,1,0,0,0,0,0,0,5.6241E+20,5.28233E+21,9.8317E+15,4.76913E+16
53659,8,4,17,54,2018,9,19,3,3,5,3,1,0,1,0,1,0,0,0,4.81368E+20,5.34901E+21,8.74879E+15,4.8294E+16
53660,8,4,15,73,2018,9,15,3,2,8,6,0,0,1,0,0,0,0,0,5.18438E+20,5.35264E+21,9.24875E+15,4.83267E+16
53661,8,1,16,49,2018,9,17,5,3,2,6,0,0,1,0,0,0,1,0,5.24106E+20,5.38573E+21,9.32712E+15,4.86242E+16
53662,8,3,37,2,2018,9,10,3,3,2,6,0,0,1,0,1,0,0,0,4.34839E+20,5.27132E+21,8.13328E+15,4.7592E+16
53663,8,1,36,82,2018,9,15,4,3,5,3,0,0,1,0,0,1,1,0,5.85517E+20,5.41528E+21,1.01665E+16,4.88845E+16
53664,8,3,37,62,2018,9,13,3,3,4,6,0,0,1,0,0,1,0,0,4.54019E+20,5.27482E+21,8.38802E+15,4.76251E+16
53665,8,3,37,123,2018,9,17,3,2,4,1,0,0,1,0,1,0,0,0,4.54578E+20,5.27926E+21,8.395E+15,4.76652E+16
53666,8,1,15,45,2018,9,10,6,3,5,3,0,1,1,0,0,0,0,0,4.98657E+20,5.39456E+21,8.98175E+15,4.87041E+16
53667,8,3,37,116,2018,9,6,3,2,4,6,0,0,1,0,0,0,0,0,4.18226E+20,5.27195E+21,7.91223E+15,4.75958E+16
53668,8,2,31,0,2018,9,17,5,3,2,6,0,0,1,0,0,0,0,0,4.77481E+20,5.41591E+21,8.69276E+15,4.88957E+16
53669,8,3,36,105,2018,9,16,3,3,5,3,0,1,0,0,0,0,1,0,4.01656E+20,5.267E+21,7.69298E+15,4.7549E+16
53670,8,3,36,50,2018,9,7,3,3,2,6,0,0,1,0,0,0,0,1,4.02342E+20,5.27714E+21,7.69984E+15,4.76403E+16
53671,8,3,35,79,2018,9,20,3,3,4,2,2,0,1,0,1,0,0,0,5.01016E+20,5.29969E+21,9.01359E+15,4.78505E+16
53672,8,3,17,150,2018,9,13,4,3,2,6,0,0,1,0,0,0,0,0,4.10526E+20,5.35637E+21,7.79225E+15,4.83542E+16
53673,8,4,26,21,2018,9,9,4,2,4,2,0,0,1,0,0,0,0,0,5.55469E+20,5.32943E+21,9.74527E+15,4.81157E+16
53674,8,3,35,79,2018,9,9,3,3,5,3,0,0,1,0,1,0,0,0,5.01428E+20,5.2998E+21,9.01909E+15,4.78515E+16
53675,8,4,36,10,2018,9,5,5,3,5,3,2,0,1,0,0,0,0,1,5.6751E+20,5.30586E+21,9.90332E+15,4.79025E+16
53676,8,3,35,79,2018,9,12,3,3,2,6,0,0,1,0,1,0,0,0,5.01557E+20,5.2987E+21,9.02081E+15,4.78417E+16
53677,8,4,36,8,2018,9,7,5,3,5,3,0,0,1,0,0,0,0,0,5.47857E+20,5.30863E+21,9.64068E+15,4.79292E+16
53678,8,4,37,78,2018,9,19,3,2,9,7,1,0,1,0,0,0,0,0,5.11177E+20,5.31317E+21,9.14975E+15,4.79717E+16
53679,8,3,17,102,2018,9,6,5,2,0,7,2,1,0,0,0,0,0,1,4.36476E+20,5.38041E+21,8.13883E+15,4.85735E+16
53680,8,3,27,46,2018,9,16,3,3,2,6,0,0,1,0,1,0,0,0,4.79071E+20,5.32668E+21,8.71892E+15,4.8093E+16
53681,8,3,17,39,2018,9,13,3,2,3,6,0,0,1,0,1,0,0,0,4.41898E+20,5.34218E+21,8.21762E+15,4.82302E+16
53682,8,3,16,11,2018,9,19,3,3,8,6,1,0,1,0,1,0,0,0,4.15695E+20,5.3311E+21,7.86704E+15,4.81276E+16
53683,8,3,17,26,2018,9,19,4,2,2,6,0,0,0,0,1,0,0,0,4.10004E+20,5.34748E+21,7.7871E+15,4.82741E+16
53684,8,3,15,76,2018,9,17,3,3,4,6,0,0,1,0,0,0,0,0,3.94206E+20,5.30188E+21,7.58553E+15,4.78615E+16
53685,8,3,36,91,2018,9,18,5,3,0,7,0,1,0,0,0,0,0,1,3.94956E+20,5.2717E+21,7.60283E+15,4.75902E+16
53686,8,3,25,45,2018,9,12,4,3,0,1,0,0,0,0,1,0,0,0,4.68461E+20,5.3489E+21,8.57479E+15,4.82926E+16
53687,8,3,15,64,2018,9,8,3,3,3,6,0,0,1,0,0,0,0,0,4.24429E+20,5.31281E+21,7.98762E+15,4.79641E+16
53688,8,1,21,0,2018,9,16,5,2,5,3,0,1,1,0,0,0,0,0,5.15828E+20,5.44455E+21,9.21707E+15,4.91536E+16
53689,8,3,36,8,2018,9,12,3,2,8,1,0,0,1,0,0,0,0,0,3.98003E+20,5.27632E+21,7.64228E+15,4.76322E+16
53690,8,1,11,0,2018,9,0,5,3,5,3,2,0,1,0,0,0,0,1,5.14057E+20,5.40397E+21,9.19138E+15,4.87886E+16
53691,8,2,36,46,2018,9,9,3,3,2,6,0,0,1,0,0,0,1,0,4.83768E+20,5.41668E+21,8.77851E+15,4.89028E+16
53692,8,3,36,6,2018,9,10,4,3,2,6,0,0,1,0,0,0,1,0,3.89287E+20,5.28464E+21,7.52418E+15,4.77057E+16
53693,8,2,15,17,2018,9,18,3,3,2,6,0,0,1,0,0,0,0,0,4.53674E+20,5.42149E+21,8.36734E+15,4.89446E+16
53694,8,1,36,3,2018,9,11,5,2,5,3,0,0,1,0,0,0,0,0,5.7283E+20,5.42281E+21,9.99482E+15,4.89539E+16
53695,8,2,12,0,2018,9,11,3,3,3,2,0,1,1,0,0,0,0,0,4.55642E+20,5.42719E+21,8.39359E+15,4.8996E+16
53696,8,2,12,0,2018,9,15,3,3,3,6,0,0,0,0,1,0,1,0,4.54128E+20,5.42656E+21,8.37296E+15,4.89903E+16
53697,8,2,15,17,2018,9,6,3,3,2,6,0,0,1,0,0,0,0,0,4.53718E+20,5.42152E+21,8.36794E+15,4.89449E+16
53698,8,3,15,16,2018,9,15,4,1,3,2,0,0,1,0,1,0,0,0,4.32174E+20,5.31083E+21,8.09167E+15,4.79472E+16
53699,8,2,37,4,2018,9,16,3,3,3,6,0,1,1,0,0,0,0,0,4.55024E+20,5.3814E+21,8.39015E+15,4.8584E+16
53700,8,3,26,6,2018,9,17,5,3,0,6,0,0,1,0,0,0,0,0,4.58119E+20,5.30656E+21,8.43952E+15,4.7911E+16
53701,8,2,31,0,2018,9,5,3,3,2,6,2,0,1,0,0,0,0,0,4.79345E+20,5.41815E+21,8.71808E+15,4.89159E+16
53702,8,1,17,7,2018,9,20,5,3,1,6,2,0,1,0,0,0,0,0,5.56255E+20,5.38383E+21,9.7631E+15,4.8605E+16
53703,8,2,31,0,2018,9,16,3,3,2,6,0,0,1,0,0,0,0,0,4.83025E+20,5.41409E+21,8.76847E+15,4.88795E+16
53704,8,4,35,57,2018,9,16,4,3,5,3,0,1,1,0,0,0,0,0,5.44093E+20,5.28038E+21,9.58742E+15,4.76753E+16
53705,8,2,36,65,2018,9,15,3,2,8,1,0,0,1,0,0,0,0,0,4.88552E+20,5.41733E+21,8.84376E+15,4.89088E+16
53706,8,3,36,45,2018,9,17,4,3,5,3,0,0,1,0,0,0,0,0,3.95669E+20,5.28506E+21,7.60913E+15,4.77105E+16
53707,8,2,22,0,2018,9,7,3,3,1,6,0,0,1,0,0,0,0,0,4.62268E+20,5.48015E+21,8.47919E+15,4.94728E+16
53708,8,1,16,49,2018,9,19,6,3,0,7,0,0,1,0,0,0,0,0,5.23969E+20,5.38728E+21,9.32536E+15,4.86381E+16
53709,8,3,11,0,2018,9,19,4,2,3,6,0,1,0,0,0,0,0,0,4.12293E+20,5.31864E+21,7.82388E+15,4.8015E+16
53710,8,2,22,0,2018,9,16,3,2,3,2,0,1,1,0,0,0,0,0,4.62948E+20,5.48258E+21,8.48834E+15,4.94947E+16
53711,8,2,12,0,2018,9,11,5,3,3,2,0,1,1,0,0,0,0,0,4.55101E+20,5.42825E+21,8.38608E+15,4.90055E+16
53712,8,1,19,20,2018,9,15,6,3,5,3,0,1,1,0,0,0,0,0,5.19543E+20,5.40906E+21,9.26631E+15,4.88342E+16
53713,8,2,26,104,2018,9,13,3,3,8,1,0,0,1,0,0,0,0,0,4.9112E+20,5.4685E+21,8.87768E+15,4.93691E+16
53714,8,3,36,81,2018,9,13,5,1,5,3,0,0,0,0,1,1,0,0,4.16868E+20,5.28221E+21,7.89222E+15,4.7688E+16
53715,8,2,26,95,2018,9,8,3,2,5,3,0,0,1,0,0,0,0,0,4.72489E+20,5.46111E+21,8.62158E+15,4.93021E+16
53716,8,1,15,45,2018,9,13,5,3,4,6,0,0,1,0,0,0,0,0,4.97502E+20,5.39442E+21,8.96605E+15,4.87028E+16
53717,8,2,16,15,2018,9,17,3,3,5,3,0,0,1,0,1,0,0,0,4.51695E+20,5.40424E+21,8.34234E+15,4.87893E+16
53718,8,4,37,65,2018,9,16,4,3,8,1,0,0,0,0,1,0,0,0,5.19785E+20,5.31361E+21,9.26511E+15,4.79755E+16
53719,8,2,16,41,2018,9,16,3,3,2,2,0,0,1,0,0,0,0,0,4.34345E+20,5.39072E+21,8.10831E+15,4.86661E+16
53720,8,2,26,68,2018,9,18,4,2,1,6,0,0,1,0,1,0,0,0,4.70465E+20,5.46075E+21,8.59377E+15,4.92988E+16
53721,8,2,15,100,2018,9,19,3,3,0,7,0,1,1,0,0,0,0,0,4.74882E+20,5.45284E+21,8.65501E+15,4.92278E+16
53722,8,1,11,0,2018,9,13,6,3,5,3,0,1,1,0,0,0,0,0,5.15289E+20,5.406E+21,9.20823E+15,4.88068E+16
53723,8,2,12,0,2018,9,8,3,3,2,6,0,0,1,0,0,0,0,0,4.54485E+20,5.42664E+21,8.37784E+15,4.8991E+16
53724,8,2,16,63,2018,9,21,5,3,8,7,2,0,0,0,0,0,1,1,4.30253E+20,5.40437E+21,8.05044E+15,4.87884E+16
53725,8,2,12,0,2018,9,17,3,3,2,6,0,0,1,0,0,0,0,0,4.56136E+20,5.42645E+21,8.40041E+15,4.89894E+16
53726,8,2,15,17,2018,9,6,3,3,2,6,1,0,1,0,0,0,0,0,4.5481E+20,5.42279E+21,8.38271E+15,4.89564E+16
53727,8,2,16,43,2018,9,15,3,3,2,6,0,0,1,0,0,1,0,0,4.42792E+20,5.41045E+21,8.22029E+15,4.88444E+16
53728,8,3,17,153,2018,9,21,3,2,4,6,2,0,1,0,0,0,1,0,4.21932E+20,5.38664E+21,7.94052E+15,4.8628E+16
53729,8,1,36,45,2018,9,13,3,3,5,3,0,0,1,0,0,0,0,0,5.95399E+20,5.402E+21,1.02982E+16,4.87637E+16
53730,8,4,36,64,2018,9,21,4,3,5,3,2,1,1,0,0,0,0,0,5.46338E+20,5.29163E+21,9.61852E+15,4.77764E+16
53731,8,1,36,45,2018,9,0,3,1,8,1,2,0,1,0,0,0,0,0,5.98167E+20,5.40254E+21,1.0336E+16,4.87681E+16
53732,8,2,36,46,2018,9,9,4,3,2,6,0,0,1,0,0,0,0,0,4.83887E+20,5.41652E+21,8.78013E+15,4.89014E+16
53733,8,1,35,25,2018,9,16,3,3,9,1,0,0,0,0,1,0,0,0,5.80987E+20,5.39913E+21,1.01015E+16,4.87399E+16
53734,8,2,35,79,2018,9,6,5,3,4,6,0,0,1,0,0,0,0,1,4.6927E+20,5.40021E+21,8.58191E+15,4.87542E+16
53735,8,4,25,141,2018,9,18,3,2,3,6,0,0,1,0,1,0,0,0,5.6656E+20,5.36405E+21,9.89972E+15,4.84261E+16
53736,8,1,18,80,2018,9,18,5,3,2,6,0,0,1,0,0,0,0,1,5.09055E+20,5.41138E+21,9.12344E+15,4.88553E+16
53737,8,1,35,19,2018,9,7,3,3,6,2,0,0,1,1,0,0,0,0,5.84752E+20,5.39234E+21,1.01513E+16,4.86784E+16
53738,8,1,28,139,2018,9,19,3,2,8,1,1,0,0,0,1,0,0,0,5.53908E+20,5.49092E+21,9.74555E+15,4.95684E+16
53739,8,2,26,84,2018,9,17,4,3,2,6,0,0,1,0,0,0,0,0,4.67206E+20,5.47367E+21,8.54787E+15,4.94148E+16
53740,8,1,27,63,2018,9,18,3,3,5,3,0,0,1,0,0,0,0,0,5.63609E+20,5.43496E+21,9.87079E+15,4.90643E+16
53741,8,4,36,69,2018,9,14,5,3,8,1,0,0,1,0,0,0,0,0,5.5124E+20,5.29475E+21,9.68432E+15,4.78041E+16
53742,8,2,12,0,2018,9,14,4,3,2,6,0,0,1,0,0,0,0,0,4.61707E+20,5.42724E+21,8.4765E+15,4.89969E+16
53743,8,1,26,28,2018,9,18,3,3,9,1,0,0,1,0,0,0,0,0,5.4091E+20,5.45801E+21,9.56241E+15,4.92735E+16
53744,8,4,26,21,2018,9,19,5,2,8,1,2,0,1,0,0,0,0,1,5.55529E+20,5.32941E+21,9.74607E+15,4.81155E+16
53745,8,1,25,49,2018,9,10,3,2,1,1,0,0,0,0,0,1,0,0,4.98382E+20,5.45209E+21,8.97778E+15,4.92216E+16
53746,8,1,27,101,2018,9,9,5,3,8,1,0,0,1,0,0,0,0,1,5.81686E+20,5.4402E+21,1.01193E+16,4.91092E+16
53747,8,1,25,69,2018,9,18,3,2,5,2,0,0,1,0,0,0,0,0,5.2531E+20,5.4539E+21,9.34769E+15,4.92373E+16
53748,8,1,25,65,2018,9,13,3,3,2,6,0,0,1,0,0,0,0,0,5.17791E+20,5.44745E+21,9.24412E+15,4.91796E+16
53749,8,2,12,0,2018,9,12,4,3,5,3,0,0,1,0,0,0,0,0,4.56985E+20,5.42831E+21,8.41182E+15,4.90062E+16
53750,8,1,25,74,2018,9,18,3,3,2,6,0,0,1,0,0,0,0,0,5.09423E+20,5.44045E+21,9.12913E+15,4.91168E+16
53751,8,2,15,17,2018,9,15,4,3,2,6,0,0,1,0,0,0,1,0,4.57887E+20,5.42393E+21,8.42462E+15,4.89668E+16
53752,8,1,19,61,2018,9,16,3,3,4,6,0,0,1,0,1,0,0,0,5.37877E+20,5.41175E+21,9.51638E+15,4.88576E+16
53753,8,4,26,21,2018,9,2,4,3,0,7,2,0,0,0,1,0,0,0,5.57702E+20,5.32543E+21,9.77472E+15,4.80796E+16