OBJECTID_1,ULAND,UREGBEZ,UKREIS,UGEMEINDE,UJAHR,UMONAT,USTUNDE,UWOCHENTAG,UKATEGORIE,UART,UTYP1,ULICHTVERH,IstRad,IstPKW,IstFuss,IstKrad,IstGkfz,IstSonstig,STRZUSTAND,LINREFX,LINREFY,XGCSWGS84,YGCSWGS84
53754,8,3,17,57,2018,9,21,5,2,5,7,2,0,1,0,0,0,0,1,4.13488E+20,5.38123E+21,7.82707E+15,4.85782E+16
53755,8,1,19,87,2018,9,18,3,2,2,1,0,1,1,0,0,0,0,0,5.30394E+20,5.42384E+21,9.41527E+15,4.89667E+16
53756,8,4,25,71,2018,9,12,5,3,4,6,0,0,1,0,0,1,0,0,5.48098E+20,5.36843E+21,9.65068E+15,4.84672E+16
53757,8,1,18,48,2018,9,16,3,3,2,6,0,0,1,0,0,0,0,0,5.1319E+20,5.4153E+21,9.17993E+15,4.88905E+16
53758,8,1,36,82,2018,9,18,4,3,4,6,0,0,1,0,0,0,0,0,5.84354E+20,5.41612E+21,1.01508E+16,4.88922E+16
53759,8,1,18,11,2018,9,20,3,3,5,3,1,0,1,0,0,0,0,0,5.05612E+20,5.40779E+21,9.07645E+15,4.8823E+16
53760,8,2,12,0,2018,9,9,4,3,3,1,0,0,0,0,1,1,0,0,4.56777E+20,5.42331E+21,8.40952E+15,4.89612E+16
53761,8,1,18,73,2018,9,5,3,2,4,6,2,0,1,0,1,0,0,0,4.98728E+20,5.41253E+21,8.98265E+15,4.88657E+16
53762,8,1,25,110,2018,9,10,5,3,2,6,0,0,1,0,0,0,1,0,5.29547E+20,5.44364E+21,9.40514E+15,4.91449E+16
53763,8,1,15,51,2018,9,13,3,2,5,3,0,1,1,0,0,0,0,0,5.02982E+20,5.38413E+21,9.04046E+15,4.86102E+16
53764,8,1,11,0,2018,9,15,5,3,2,6,0,0,1,0,0,0,0,0,5.16652E+20,5.40449E+21,9.22673E+15,4.87932E+16
53765,8,1,17,26,2018,9,16,3,3,1,6,0,0,1,0,0,0,0,0,5.45386E+20,5.39084E+21,9.61644E+15,4.8669E+16
53766,8,2,26,84,2018,9,17,4,3,3,6,0,0,1,0,0,0,0,0,4.66906E+20,5.4734E+21,8.54376E+15,4.94123E+16
53767,8,1,17,2,2018,9,18,3,2,3,6,0,0,0,0,0,1,1,0,5.43548E+20,5.38524E+21,9.59089E+15,4.86187E+16
53768,8,1,17,26,2018,9,13,6,3,2,6,0,0,1,0,1,0,0,0,5.47724E+20,5.39434E+21,9.6486E+15,4.87003E+16
53769,8,2,25,14,2018,9,16,4,3,4,2,0,0,1,0,1,0,0,0,5.23798E+20,5.48527E+21,9.32881E+15,4.95196E+16
53770,8,1,11,0,2018,9,19,3,3,5,3,0,1,1,0,0,0,0,0,5.09604E+20,5.40293E+21,9.13072E+15,4.87793E+16
53771,8,3,36,84,2018,9,7,5,2,4,2,0,0,1,0,0,0,1,0,4.02722E+20,5.27733E+21,7.70485E+15,4.76421E+16
53772,8,1,11,0,2018,9,13,3,3,2,6,0,0,1,0,0,0,1,0,5.13254E+20,5.40384E+21,9.18044E+15,4.87874E+16
53773,8,4,35,35,2018,9,16,4,3,5,3,0,0,1,0,1,0,0,0,5.41443E+20,5.28101E+21,9.55217E+15,4.76812E+16
53774,8,1,11,0,2018,9,19,3,3,2,6,1,0,1,0,0,0,0,0,5.13448E+20,5.40253E+21,9.18304E+15,4.87756E+16
53775,8,4,36,64,2018,9,7,4,3,2,6,0,0,1,0,0,0,0,0,5.45456E+20,5.29586E+21,9.6072E+15,4.78144E+16
53776,8,1,11,0,2018,9,17,3,3,2,7,0,0,1,0,0,0,0,0,5.12859E+20,5.40745E+21,9.17517E+15,4.88199E+16
53777,8,2,21,0,2018,9,12,4,3,3,6,0,0,1,0,1,0,0,0,4.77287E+20,5.46866E+21,8.68714E+15,4.93702E+16
53778,8,1,11,0,2018,9,13,3,3,6,4,0,0,1,1,0,0,0,0,5.06782E+20,5.40553E+21,9.09236E+15,4.88027E+16
53779,8,1,11,0,2018,9,17,6,3,6,6,0,1,0,1,0,0,0,0,5.09581E+20,5.39858E+21,9.13031E+15,4.87402E+16
53780,8,2,26,95,2018,9,8,4,3,0,7,0,0,1,0,1,0,0,0,4.73251E+20,5.46288E+21,8.63194E+15,4.93181E+16
53781,8,1,11,0,2018,9,8,3,3,2,6,0,0,1,0,0,0,0,0,5.11092E+20,5.40918E+21,9.15116E+15,4.88355E+16
53782,8,3,35,43,2018,9,13,2,3,0,6,0,1,0,0,0,0,0,0,5.12804E+20,5.28392E+21,9.17069E+15,4.77085E+16
53783,8,1,16,56,2018,9,6,6,3,8,1,1,0,1,0,0,0,0,0,5.32546E+20,5.39478E+21,9.44237E+15,4.87052E+16
53784,8,2,21,0,2018,9,6,4,3,5,2,2,0,1,0,0,0,1,0,4.737E+20,5.47466E+21,8.63734E+15,4.9424E+16
53785,8,2,35,79,2018,9,10,2,3,2,2,0,0,1,0,0,0,0,0,4.68964E+20,5.40263E+21,8.57757E+15,4.87759E+16
53786,8,2,37,28,2018,9,20,5,3,5,3,2,1,1,0,0,0,0,1,4.6069E+20,5.36698E+21,8.46833E+15,4.84547E+16
53787,8,2,35,25,2018,9,21,2,2,8,1,2,0,1,0,0,0,0,0,4.62232E+20,5.38969E+21,8.48712E+15,4.86591E+16
53788,8,4,35,45,2018,9,20,2,3,5,3,2,1,1,0,0,0,0,0,5.35533E+20,5.28734E+21,9.47395E+15,4.77385E+16
53789,8,4,35,59,2018,9,12,4,3,5,3,0,0,1,0,1,0,0,0,5.15037E+20,5.29101E+21,9.2007E+15,4.77723E+16
53790,8,4,16,50,2018,9,18,2,2,9,1,0,0,1,0,0,0,0,0,4.83076E+20,5.36463E+21,8.77119E+15,4.84346E+16
53791,8,2,16,15,2018,9,13,4,3,6,4,0,0,1,1,0,0,0,0,4.52171E+20,5.40724E+21,8.34848E+15,4.88163E+16
53792,8,4,15,50,2018,9,16,2,3,4,7,0,0,1,0,1,0,0,0,5.21498E+20,5.3752E+21,9.29118E+15,4.85295E+16
53793,8,3,26,17,2018,9,12,5,3,8,1,0,0,1,0,0,0,0,0,4.40656E+20,5.32464E+21,8.20334E+15,4.80723E+16
53794,8,4,15,50,2018,9,13,2,2,2,6,0,0,1,0,0,0,0,0,5.19208E+20,5.37486E+21,9.26015E+15,4.85266E+16
53795,8,1,16,35,2018,9,6,5,3,2,6,0,0,1,0,0,0,0,0,5.25497E+20,5.3914E+21,9.34634E+15,4.86751E+16
53796,8,4,15,61,2018,9,6,2,3,0,1,1,0,0,0,1,0,0,0,5.15602E+20,5.37205E+21,9.21121E+15,4.85014E+16
53797,8,2,15,96,2018,9,16,5,3,4,2,0,0,1,0,1,0,0,1,4.62608E+20,5.41532E+21,8.4899E+15,4.88897E+16
53798,8,4,15,53,2018,9,15,2,2,0,1,0,0,0,0,1,0,0,0,5.34081E+20,5.3649E+21,9.46077E+15,4.84364E+16
53799,8,4,15,53,2018,9,12,2,2,8,1,0,0,0,0,1,0,0,0,5.42789E+20,5.36212E+21,9.57822E+15,4.84108E+16
53800,8,3,11,0,2018,9,7,2,2,3,6,0,0,1,0,0,0,0,0,4.09045E+20,5.31941E+21,7.78017E+15,4.80215E+16
53801,8,2,16,15,2018,9,11,4,3,5,3,0,0,1,0,0,0,1,0,4.51157E+20,5.40588E+21,8.33483E+15,4.8804E+16
53802,8,3,11,0,2018,9,23,2,3,2,1,2,0,1,0,0,0,0,0,4.11527E+20,5.32374E+21,7.81256E+15,4.80608E+16
53803,8,4,16,41,2018,9,2,5,2,8,1,2,0,1,0,0,0,0,1,5.01347E+20,5.3746E+21,9.01825E+15,4.85245E+16
53804,8,4,17,2,2018,9,15,4,2,3,6,0,0,1,0,1,0,0,0,4.89058E+20,5.34552E+21,8.85256E+15,4.82628E+16
53805,8,3,37,2,2018,9,20,2,3,5,3,2,0,1,0,0,0,0,0,4.34848E+20,5.27132E+21,8.1334E+15,4.7592E+16
53806,8,1,36,19,2018,9,1,5,3,2,6,2,0,1,0,0,0,1,1,5.87379E+20,5.42898E+21,1.01948E+16,4.90076E+16
53807,8,3,37,126,2018,9,7,2,3,0,6,0,0,0,0,1,0,1,0,4.3717E+20,5.27909E+21,8.16318E+15,4.76622E+16
53808,8,1,11,0,2018,9,17,5,3,0,7,0,0,1,0,1,0,0,1,5.13194E+20,5.4101E+21,9.17982E+15,4.88437E+16
53809,8,3,37,126,2018,9,17,2,3,3,6,0,0,1,0,1,0,0,0,4.45674E+20,5.27583E+21,8.27683E+15,4.76336E+16
53810,8,2,12,0,2018,9,15,4,3,5,3,0,1,0,0,0,0,0,0,4.56409E+20,5.42675E+21,8.40412E+15,4.89921E+16
53811,8,3,25,45,2018,9,20,2,3,9,1,2,0,1,0,0,0,0,0,4.69986E+20,5.34949E+21,8.59531E+15,4.82979E+16
53812,8,1,25,49,2018,9,3,4,3,3,1,2,0,1,0,0,0,1,0,4.99025E+20,5.4519E+21,8.98661E+15,4.92199E+16
53813,8,3,26,74,2018,9,16,2,2,6,4,0,0,0,1,0,0,1,0,4.5971E+20,5.32334E+21,8.45924E+15,4.80621E+16
53814,8,3,17,65,2018,9,8,2,3,6,4,0,0,0,1,0,0,1,0,4.16935E+20,5.35478E+21,7.87905E+15,4.83407E+16
53815,8,3,17,65,2018,9,16,2,3,5,3,0,0,1,0,0,0,0,0,4.13125E+20,5.35415E+21,7.82778E+15,4.83346E+16
53816,8,3,26,74,2018,9,15,5,3,8,1,0,0,1,0,0,0,0,1,4.60029E+20,5.32305E+21,8.46354E+15,4.80595E+16
53817,8,3,17,57,2018,9,16,2,2,5,2,0,0,1,0,1,0,0,0,4.13534E+20,5.38183E+21,7.82758E+15,4.85836E+16
53818,8,1,19,41,2018,9,16,5,2,1,1,0,0,1,0,0,1,1,0,5.25537E+20,5.40974E+21,9.34803E+15,4.88401E+16
53819,8,3,17,129,2018,9,16,2,2,5,3,0,0,1,0,1,0,0,0,4.30094E+20,5.34988E+21,8.05741E+15,4.82982E+16
53820,8,1,11,0,2018,9,8,5,3,0,7,0,0,1,0,1,0,0,0,5.1277E+20,5.40187E+21,9.17378E+15,4.87697E+16
53821,8,3,17,5,2018,9,10,2,2,5,2,0,0,1,0,0,0,0,0,4.2595E+20,5.38061E+21,7.99612E+15,4.85742E+16
53822,8,3,16,9,2018,9,17,2,2,9,7,0,0,1,0,0,0,0,0,4.18844E+20,5.32457E+21,7.91059E+15,4.80692E+16
53823,8,1,17,7,2018,9,15,6,3,2,6,0,0,1,0,0,0,0,0,5.58881E+20,5.38393E+21,9.79874E+15,4.86057E+16
53824,8,3,15,94,2018,9,16,2,3,4,1,0,0,1,0,0,0,0,0,4.3135E+20,5.31688E+21,8.07968E+15,4.80015E+16
53825,8,2,26,103,2018,9,15,5,3,2,6,0,0,1,0,0,0,0,0,4.74391E+20,5.45785E+21,8.64795E+15,4.92728E+16
53826,8,3,15,74,2018,9,12,2,3,2,6,0,0,1,0,0,0,0,0,3.95544E+20,5.29572E+21,7.6049E+15,4.78063E+16
53827,8,3,15,6,2018,9,19,2,3,4,6,1,0,1,0,0,0,0,0,4.01919E+20,5.30975E+21,7.68683E+15,4.79336E+16
53828,8,3,15,132,2018,9,6,5,3,8,1,0,0,1,0,0,0,0,0,4.08403E+20,5.32325E+21,7.77075E+15,4.80559E+16
53829,8,3,15,47,2018,9,10,2,3,5,3,0,0,1,0,0,0,0,0,4.14923E+20,5.32263E+21,7.85835E+15,4.80512E+16
53830,8,1,16,56,2018,9,10,5,3,2,6,0,0,1,0,0,0,0,0,5.30182E+20,5.39845E+21,9.4105E+15,4.87383E+16
53831,8,2,31,0,2018,9,15,2,2,2,6,0,0,0,0,0,1,0,0,4.84504E+20,5.41397E+21,8.78865E+15,4.88785E+16
53832,8,1,36,28,2018,9,12,4,3,0,3,0,0,1,0,1,0,0,0,5.68612E+20,5.40481E+21,9.9342E+15,4.87925E+16
53833,8,2,35,85,2018,9,5,2,3,3,6,2,0,1,0,0,0,0,0,4.80391E+20,5.39066E+21,8.73366E+15,4.86687E+16
53834,8,2,36,46,2018,9,16,2,3,1,6,0,0,1,0,1,0,0,0,4.83643E+20,5.41852E+21,8.77673E+15,4.89194E+16
53835,8,1,11,0,2018,9,20,6,2,5,3,2,0,1,0,0,0,1,0,5.169E+20,5.40667E+21,9.2302E+15,4.88128E+16
53836,8,2,26,41,2018,9,14,2,3,9,1,0,0,0,0,1,0,0,0,4.77804E+20,5.46732E+21,8.69434E+15,4.93582E+16
53837,8,2,26,95,2018,9,17,5,3,4,6,0,1,0,0,0,0,0,1,4.72908E+20,5.4634E+21,8.62718E+15,4.93227E+16
53838,8,2,25,60,2018,9,12,2,3,8,7,0,0,0,0,0,0,1,0,5.09004E+20,5.48878E+21,9.12448E+15,4.95516E+16
53839,8,2,25,64,2018,9,7,2,3,4,7,0,0,1,0,0,0,0,0,5.05719E+20,5.47106E+21,9.07881E+15,4.93922E+16
53840,8,2,16,43,2018,9,17,2,3,5,3,0,0,1,0,0,0,0,0,4.43778E+20,5.41223E+21,8.23348E+15,4.88605E+16
53841,8,4,21,0,2018,9,7,4,3,5,3,0,0,1,0,1,0,0,0,5.74438E+20,5.36254E+21,1.00059E+16,4.84116E+16
53842,8,2,15,25,2018,9,16,2,3,4,6,0,0,0,0,0,1,0,0,4.74949E+20,5.43359E+21,8.65712E+15,4.90547E+16
53843,8,4,36,64,2018,9,15,4,3,2,2,0,0,1,0,0,0,0,0,5.46227E+20,5.29226E+21,9.61711E+15,4.77821E+16
53844,8,2,12,0,2018,9,10,2,3,1,6,0,0,1,0,0,1,0,0,4.5207E+20,5.42778E+21,8.34469E+15,4.90011E+16
53845,8,2,12,0,2018,9,14,2,3,9,1,0,0,1,0,0,0,0,0,4.62087E+20,5.42863E+21,8.48156E+15,4.90094E+16
53846,8,4,35,29,2018,9,16,5,3,0,1,0,1,0,0,0,0,0,0,5.43301E+20,5.27159E+21,9.576E+15,4.75963E+16
53847,8,1,15,3,2018,9,14,2,3,5,3,0,1,1,0,0,0,0,0,5.00422E+20,5.39303E+21,9.00573E+15,4.86903E+16
53848,8,1,25,66,2018,9,13,5,3,2,6,0,0,1,0,0,0,0,0,5.18275E+20,5.43009E+21,9.24997E+15,4.90234E+16
53849,8,1,18,80,2018,9,9,2,3,3,6,0,0,1,0,0,1,0,0,5.08596E+20,5.41041E+21,9.11717E+15,4.88466E+16
53850,8,1,15,21,2018,9,17,2,2,2,6,0,0,1,0,0,0,0,0,4.92336E+20,5.38351E+21,8.89604E+15,4.86047E+16
53851,8,1,35,19,2018,9,15,2,3,2,6,0,0,1,0,0,1,0,0,5.83297E+20,5.39249E+21,1.01316E+16,4.86799E+16
53852,8,3,35,2,2018,9,21,5,3,4,1,2,0,1,0,0,0,0,1,5.07063E+20,5.28398E+21,9.09416E+15,4.77092E+16
53853,8,3,17,118,2018,9,19,4,2,9,1,0,0,0,0,1,0,0,0,4.3756E+20,5.38528E+21,8.15279E+15,4.86174E+16
53854,8,1,27,76,2018,9,17,2,3,8,7,0,0,0,0,1,0,0,0,5.5443E+20,5.44063E+21,9.7459E+15,4.91161E+16
53855,8,2,25,42,2018,9,9,5,2,8,1,0,0,1,0,0,0,0,0,5.05467E+20,5.46255E+21,9.07522E+15,4.93157E+16
53856,8,1,11,0,2018,9,18,5,3,2,6,0,0,1,0,0,0,0,1,5.11505E+20,5.40645E+21,9.15671E+15,4.88109E+16
53857,8,1,27,99,2018,9,18,7,3,2,6,0,0,1,0,1,0,0,0,5.62337E+20,5.44657E+21,9.85516E+15,4.91687E+16
53858,8,3,35,43,2018,9,19,2,3,5,3,0,0,1,0,1,0,0,0,5.13544E+20,5.27944E+21,9.18042E+15,4.76682E+16
53859,8,1,26,66,2018,9,3,7,3,9,1,2,0,1,0,0,0,0,1,5.41784E+20,5.44555E+21,9.57312E+15,4.91614E+16
53860,8,1,11,0,2018,9,16,2,3,2,6,0,0,1,0,0,0,0,0,5.11679E+20,5.39489E+21,9.15875E+15,4.87069E+16
53861,8,3,15,48,2018,9,1,7,2,3,6,2,0,1,0,0,1,0,0,3.94564E+20,5.30709E+21,7.58904E+15,4.79085E+16
53862,8,4,21,0,2018,9,13,1,2,4,2,0,0,1,0,0,0,0,0,5.6465E+20,5.35628E+21,9.87271E+15,4.83564E+16
53863,8,1,36,70,2018,9,15,7,3,5,3,0,1,1,0,0,0,0,0,5.62867E+20,5.4101E+21,9.85679E+15,4.88407E+16
53864,8,1,17,24,2018,9,17,3,3,4,6,0,0,1,0,1,0,0,0,5.62262E+20,5.38611E+21,9.84493E+15,4.86249E+16
53865,8,1,19,42,2018,9,11,7,3,6,4,0,0,1,1,0,0,0,0,5.27382E+20,5.41623E+21,9.3736E+15,4.88984E+16
53866,8,2,15,107,2018,9,16,2,2,0,4,0,0,0,0,0,0,1,0,4.62372E+20,5.45653E+21,8.48285E+15,4.92603E+16
53867,8,1,21,0,2018,9,15,1,3,4,6,0,0,1,0,0,0,0,0,5.18264E+20,5.44296E+21,9.2504E+15,4.91392E+16
53868,8,1,19,93,2018,9,19,7,3,0,7,0,1,0,0,0,0,0,0,5.25122E+20,5.40489E+21,9.34208E+15,4.87965E+16
53869,8,1,21,0,2018,9,10,2,1,6,4,0,0,0,1,0,1,0,0,5.13246E+20,5.4431E+21,9.18162E+15,4.91406E+16
53870,8,1,18,54,2018,9,15,7,3,5,3,0,0,1,0,0,0,0,0,5.18342E+20,5.42246E+21,9.25055E+15,4.89547E+16
53871,8,2,31,0,2018,9,15,7,3,2,7,0,0,1,0,0,0,1,0,4.81026E+20,5.41895E+21,8.74098E+15,4.89232E+16
53872,8,2,26,32,2018,9,17,3,2,4,2,0,0,1,0,1,0,0,0,4.6715E+20,5.46602E+21,8.54773E+15,4.93461E+16
53873,8,1,18,48,2018,9,18,7,3,2,7,0,0,1,0,0,0,0,0,5.16486E+20,5.41493E+21,9.22488E+15,4.88871E+16
53874,8,3,25,57,2018,9,10,7,3,2,6,0,0,1,0,0,0,0,0,4.7286E+20,5.35647E+21,8.6336E+15,4.83609E+16
53875,8,2,26,60,2018,9,10,3,3,5,3,0,0,1,0,0,0,0,0,4.76679E+20,5.46384E+21,8.67905E+15,4.93268E+16
53876,8,3,37,30,2018,9,10,1,2,4,1,0,0,0,0,1,0,0,0,4.6503E+20,5.27625E+21,8.53445E+15,4.76387E+16
53877,8,2,26,103,2018,9,11,1,3,1,6,0,0,1,0,0,0,0,0,4.7161E+20,5.4571E+21,8.60977E+15,4.9266E+16
53878,8,1,18,48,2018,9,20,7,3,2,6,2,0,1,0,0,0,0,0,5.11609E+20,5.41847E+21,9.15846E+15,4.89191E+16
53879,8,3,17,141,2018,9,8,1,2,2,6,0,0,1,0,0,1,0,0,4.22689E+20,5.3784E+21,7.95233E+15,4.85539E+16
53880,8,1,11,0,2018,9,16,3,2,2,6,0,0,1,0,1,0,0,0,5.1329E+20,5.40411E+21,9.18094E+15,4.87899E+16
53881,8,1,18,79,2018,9,16,7,3,5,3,0,0,1,0,0,0,0,0,5.10225E+20,5.42174E+21,9.13966E+15,4.89485E+16
53882,8,2,31,0,2018,9,7,2,3,2,1,0,0,1,0,1,0,0,0,4.75064E+20,5.41492E+21,8.65985E+15,4.88868E+16
53883,8,1,16,4,2018,9,20,1,3,0,1,2,1,0,0,0,0,0,0,5.27228E+20,5.39693E+21,9.37023E+15,4.87248E+16
53884,8,1,18,48,2018,9,19,2,3,0,1,0,0,0,0,1,0,0,0,5.19437E+20,5.41705E+21,9.26524E+15,4.89061E+16
53885,8,1,18,47,2018,9,11,7,3,2,6,0,0,1,0,0,0,0,0,5.06808E+20,5.42638E+21,9.09306E+15,4.89903E+16
53886,8,2,31,0,2018,9,11,7,3,0,5,0,1,1,0,0,0,0,0,4.81571E+20,5.41776E+21,8.74847E+15,4.89125E+16
53887,8,2,12,0,2018,9,9,3,3,3,2,0,1,1,0,0,0,0,0,4.55714E+20,5.42799E+21,8.39448E+15,4.90032E+16
53888,8,1,17,9,2018,9,11,7,3,5,3,0,1,1,0,0,0,0,0,5.48415E+20,5.39939E+21,9.65858E+15,4.87456E+16
53889,8,4,26,21,2018,9,15,2,3,6,4,0,0,1,1,0,0,0,0,5.58586E+20,5.32717E+21,9.78683E+15,4.80951E+16
53890,8,1,17,51,2018,9,10,7,3,3,2,0,1,1,0,0,0,0,0,5.43008E+20,5.395E+21,9.58458E+15,4.87066E+16
53891,8,2,12,0,2018,9,11,2,3,5,3,0,0,1,0,1,0,0,0,4.52634E+20,5.42974E+21,8.35217E+15,4.90188E+16
53892,8,3,36,96,2018,9,16,2,2,4,1,0,0,1,0,1,0,0,0,4.17399E+20,5.29789E+21,7.89632E+15,4.78291E+16
53893,8,1,17,26,2018,9,12,7,3,5,3,0,1,1,0,0,0,0,0,5.45306E+20,5.39062E+21,9.61533E+15,4.8667E+16
53894,8,2,15,97,2018,9,17,2,3,4,6,0,0,1,0,0,0,0,0,4.81592E+20,5.43831E+21,8.74784E+15,4.90973E+16
53895,8,1,11,0,2018,9,14,1,3,4,6,0,1,0,0,0,0,0,0,5.1344E+20,5.40254E+21,9.18293E+15,4.87757E+16
53896,8,1,16,19,2018,9,8,2,3,5,3,0,0,1,0,0,0,0,0,5.24371E+20,5.39746E+21,9.33141E+15,4.87297E+16
53897,8,4,25,20,2018,9,9,7,3,5,3,0,1,1,0,0,0,0,0,5.60508E+20,5.36539E+21,9.81811E+15,4.84388E+16
53898,8,2,25,14,2018,9,15,7,3,8,3,0,0,1,0,0,0,0,0,5.18955E+20,5.48241E+21,9.26175E+15,4.9494E+16
53899,8,1,36,89,2018,9,7,3,2,5,3,0,1,0,0,0,1,0,0,5.82717E+20,5.4166E+21,1.01286E+16,4.88968E+16
53900,8,1,17,24,2018,9,4,7,2,8,1,2,0,1,0,0,0,0,0,5.56873E+20,5.37996E+21,9.77095E+15,4.85702E+16
53901,8,3,37,49,2018,9,19,2,3,5,3,0,1,1,0,0,0,0,0,4.24626E+20,5.27778E+21,7.99635E+15,4.7649E+16
53902,8,1,17,35,2018,9,15,7,3,5,3,0,0,1,0,0,0,0,0,5.48788E+20,5.38128E+21,9.66152E+15,4.85827E+16
53903,8,2,16,41,2018,9,17,2,3,2,6,0,0,1,0,0,0,1,0,4.3381E+20,5.39141E+21,8.10093E+15,4.86722E+16
53904,8,4,15,85,2018,9,17,7,2,4,1,0,0,1,0,1,0,0,0,5.34193E+20,5.34211E+21,9.46045E+15,4.82313E+16
53905,8,1,11,0,2018,9,9,2,3,2,6,0,0,1,0,0,0,0,0,5.13298E+20,5.4027E+21,9.181E+15,4.87772E+16
53906,8,1,16,15,2018,9,7,7,3,3,1,0,0,1,0,0,0,0,0,5.22058E+20,5.39337E+21,9.29974E+15,4.8693E+16
53907,8,1,18,73,2018,9,8,3,3,0,3,0,0,1,0,0,0,0,0,4.95957E+20,5.41892E+21,8.9448E+15,4.89232E+16
53908,8,4,35,29,2018,9,17,7,3,0,1,0,1,0,0,0,0,0,0,5.45048E+20,5.27157E+21,9.59923E+15,4.7596E+16
53909,8,1,15,21,2018,9,5,2,2,2,6,2,0,1,0,0,1,0,0,4.85368E+20,5.38189E+21,8.80157E+15,4.85899E+16
53910,8,2,11,0,2018,9,15,7,3,8,1,0,0,0,0,1,0,0,0,4.43983E+20,5.39574E+21,8.23852E+15,4.87122E+16
53911,8,1,27,23,2018,9,13,3,3,5,3,0,0,1,0,1,0,0,0,5.50859E+20,5.42641E+21,9.69518E+15,4.89885E+16
53912,8,4,25,79,2018,9,14,7,3,1,6,0,0,1,0,0,0,0,0,5.57164E+20,5.37418E+21,9.7741E+15,4.85181E+16
53913,8,2,37,4,2018,9,15,1,2,4,6,0,0,1,0,1,0,0,0,4.55797E+20,5.37515E+21,8.4013E+15,4.85279E+16
53914,8,3,35,63,2018,9,8,2,2,5,2,0,0,1,0,1,0,0,0,4.984E+20,5.2893E+21,8.97865E+15,4.77571E+16
53915,8,1,16,49,2018,9,12,7,3,2,6,0,0,1,0,0,0,0,0,5.23882E+20,5.38573E+21,9.32408E+15,4.86242E+16
53916,8,1,15,42,2018,9,6,2,3,2,6,2,0,1,0,0,0,0,0,4.96384E+20,5.40506E+21,8.95076E+15,4.87985E+16
53917,8,1,16,77,2018,9,13,7,3,2,6,0,0,1,0,0,0,0,0,5.16692E+20,5.39006E+21,9.22668E+15,4.86634E+16
53918,8,3,37,32,2018,9,2,7,2,0,1,2,0,0,0,1,0,0,0,4.3858E+20,5.27383E+21,8.18269E+15,4.7615E+16
53919,8,4,15,59,2018,9,13,1,1,9,1,0,0,0,0,1,0,0,0,5.15095E+20,5.36466E+21,9.20408E+15,4.84349E+16
53920,8,2,15,46,2018,9,20,1,1,4,6,2,0,1,0,0,1,0,0,4.50895E+20,5.41766E+21,8.32985E+15,4.89099E+16
53921,8,1,28,115,2018,9,16,7,3,5,3,0,0,1,0,0,0,0,0,5.48052E+20,5.49788E+21,9.66541E+15,4.96315E+16
53922,8,2,37,28,2018,9,2,1,3,6,4,2,0,0,1,0,0,1,0,4.56349E+20,5.36837E+21,8.40949E+15,4.84669E+16
53923,8,1,16,19,2018,9,19,3,3,5,2,1,0,1,0,0,0,0,1,5.27718E+20,5.39866E+21,9.377E+15,4.87404E+16
53924,8,1,15,28,2018,9,20,7,3,0,7,2,0,0,0,1,0,0,0,4.98758E+20,5.40393E+21,8.98309E+15,4.87883E+16
53925,8,2,15,100,2018,9,16,2,3,2,6,0,0,1,0,0,0,0,0,4.70561E+20,5.45034E+21,8.59585E+15,4.92052E+16
53926,8,1,19,8,2018,9,17,1,3,0,7,0,0,0,0,1,0,0,0,5.29778E+20,5.41924E+21,9.40652E+15,4.89254E+16
53927,8,3,17,39,2018,9,13,1,3,0,2,0,0,1,0,1,0,0,0,4.4021E+20,5.34811E+21,8.19405E+15,4.82834E+16
53928,8,1,11,0,2018,9,20,7,3,2,6,2,0,1,0,0,0,0,0,5.17831E+20,5.4042E+21,9.24277E+15,4.87905E+16
53929,8,2,26,98,2018,9,16,2,3,2,6,0,0,1,0,0,0,1,0,4.77406E+20,5.4581E+21,8.68939E+15,4.92752E+16
53930,8,1,27,32,2018,9,12,1,2,2,6,0,0,0,0,1,0,0,0,5.67597E+20,5.45891E+21,9.92939E+15,4.92792E+16
53931,8,1,11,0,2018,9,15,7,3,0,1,0,1,0,0,0,0,0,0,5.12944E+20,5.40722E+21,9.17633E+15,4.88178E+16
53932,8,1,28,139,2018,9,13,2,2,2,6,0,0,1,0,0,0,1,0,5.43088E+20,5.48807E+21,9.5956E+15,4.95437E+16
53933,8,1,11,0,2018,9,17,7,3,8,1,0,1,0,0,0,0,0,0,5.16193E+20,5.40392E+21,9.22046E+15,4.87881E+16
53934,8,3,16,39,2018,9,18,7,3,5,3,0,0,1,0,0,0,0,0,4.17801E+20,5.32698E+21,7.89612E+15,4.80908E+16
53935,8,2,26,96,2018,9,15,3,3,5,3,0,0,1,0,0,1,0,0,4.75281E+20,5.49101E+21,8.65811E+15,4.95712E+16
53936,8,3,25,57,2018,9,15,1,3,2,6,0,0,0,0,1,0,0,0,4.75671E+20,5.35983E+21,8.67136E+15,4.83912E+16
53937,8,2,16,39,2018,9,16,1,2,2,6,0,0,1,0,0,0,1,0,4.46828E+20,5.41479E+21,8.27472E+15,4.88838E+16
53938,8,1,11,0,2018,9,20,7,3,6,4,2,0,1,1,0,0,0,0,5.16831E+20,5.40664E+21,9.22925E+15,4.88126E+16
53939,8,1,11,0,2018,9,9,3,3,2,6,0,0,1,0,0,0,0,0,5.14787E+20,5.40306E+21,9.20128E+15,4.87803E+16
53940,8,4,36,6,2018,9,14,6,3,2,6,0,0,1,0,0,0,0,0,5.55031E+20,5.28438E+21,9.73363E+15,4.77105E+16
53941,8,2,21,0,2018,9,12,2,3,2,6,0,0,1,0,0,0,0,0,4.83119E+20,5.47355E+21,8.76726E+15,4.94144E+16