OBJECTID_1,ULAND,UREGBEZ,UKREIS,UGEMEINDE,UJAHR,UMONAT,USTUNDE,UWOCHENTAG,UKATEGORIE,UART,UTYP1,ULICHTVERH,IstRad,IstPKW,IstFuss,IstKrad,IstGkfz,IstSonstig,STRZUSTAND,LINREFX,LINREFY,XGCSWGS84,YGCSWGS84
53942,8,1,15,3,2018,9,12,1,3,0,1,0,0,0,0,1,0,0,0,5.04153E+20,5.3911E+21,9.05641E+15,4.86729E+16
53943,8,1,17,37,2018,9,13,2,2,7,1,0,0,0,0,1,0,0,0,5.55208E+20,5.39883E+21,9.7509E+15,4.874E+16
53944,8,4,36,83,2018,9,12,6,3,5,3,0,0,0,0,1,0,1,0,5.31699E+20,5.30113E+21,9.42382E+15,4.78627E+16
53945,8,2,31,0,2018,9,9,7,3,1,6,0,0,1,0,0,0,0,0,4.77833E+20,5.41118E+21,8.69782E+15,4.88532E+16
53946,8,2,12,0,2018,9,20,3,3,0,6,2,0,1,0,1,0,0,0,4.62726E+20,5.42638E+21,8.4905E+15,4.89892E+16
53947,8,4,37,76,2018,9,10,6,3,5,3,0,0,1,0,0,0,0,0,5.23543E+20,5.32269E+21,9.31596E+15,4.8057E+16
53948,8,1,21,0,2018,9,7,2,3,0,7,1,1,1,0,0,0,0,0,5.16042E+20,5.44375E+21,9.21997E+15,4.91463E+16
53949,8,3,37,127,2018,9,7,6,3,5,3,1,0,1,0,0,0,0,1,4.5836E+20,5.29834E+21,8.44354E+15,4.78371E+16
53950,8,2,15,46,2018,9,16,7,3,2,6,0,0,1,0,0,0,0,0,4.49017E+20,5.41576E+21,8.30446E+15,4.88927E+16
53951,8,2,16,43,2018,9,20,3,3,0,7,1,1,0,1,0,0,0,0,4.41829E+20,5.41432E+21,8.2066E+15,4.88791E+16
53952,8,3,36,96,2018,9,13,6,2,9,1,0,0,0,0,1,0,0,0,4.17729E+20,5.29656E+21,7.90097E+15,4.78171E+16
53953,8,1,36,28,2018,9,17,2,3,8,1,0,0,1,0,0,0,0,0,5.70015E+20,5.40201E+21,9.95281E+15,4.87672E+16
53954,8,4,36,39,2018,9,17,6,2,0,1,0,0,0,0,1,0,0,0,5.50051E+20,5.28815E+21,9.66768E+15,4.77448E+16
53955,8,2,15,109,2018,9,8,2,3,3,7,0,0,1,0,0,0,1,0,4.60779E+20,5.43609E+21,8.46296E+15,4.90764E+16
53956,8,4,35,45,2018,9,14,7,2,5,3,0,0,1,0,1,0,0,0,5.36213E+20,5.28764E+21,9.48304E+15,4.77411E+16
53957,8,1,16,19,2018,9,10,2,3,0,7,0,0,1,0,1,0,0,0,5.23384E+20,5.3988E+21,9.31807E+15,4.87418E+16
53958,8,2,16,23,2018,9,13,7,3,9,7,0,0,1,0,0,0,0,0,4.35996E+20,5.40806E+21,8.12804E+15,4.88223E+16
53959,8,2,35,66,2018,9,20,1,2,8,1,2,0,1,0,0,0,0,0,4.64715E+20,5.38763E+21,8.52103E+15,4.86407E+16
53960,8,3,17,89,2018,9,4,1,3,8,1,2,0,1,0,0,0,0,0,4.32286E+20,5.37479E+21,8.08294E+15,4.85225E+16
53961,8,1,35,15,2018,9,18,3,2,2,6,0,1,1,0,0,0,0,0,5.75535E+20,5.38527E+21,1.00249E+16,4.8616E+16
53962,8,4,36,55,2018,9,16,6,3,5,2,0,0,1,0,1,0,0,0,5.7476E+20,5.29823E+21,9.999E+15,4.78331E+16
53963,8,3,36,50,2018,9,8,2,3,1,6,0,0,1,0,0,0,1,0,4.00917E+20,5.27642E+21,7.68102E+15,4.76336E+16
53964,8,4,35,16,2018,9,12,6,3,5,3,0,1,1,0,0,0,0,0,5.3259E+20,5.27877E+21,9.43405E+15,4.76615E+16
53965,8,4,15,34,2018,9,14,2,2,5,2,0,0,1,0,1,0,0,0,5.35726E+20,5.34898E+21,9.48167E+15,4.8293E+16
53966,8,4,21,0,2018,9,12,6,3,2,6,0,0,1,0,0,0,1,0,5.69625E+20,5.35747E+21,9.94005E+15,4.83666E+16
53967,8,2,12,0,2018,9,14,2,2,0,7,0,1,0,0,0,0,0,0,4.6188E+20,5.42753E+21,8.47883E+15,4.89995E+16
53968,8,4,26,120,2018,9,12,7,2,4,1,0,0,1,0,1,0,0,0,5.63834E+20,5.32418E+21,9.85686E+15,4.80677E+16
53969,8,1,11,0,2018,9,10,2,3,5,2,0,0,1,0,1,0,0,0,5.13039E+20,5.40336E+21,9.1775E+15,4.87831E+16
53970,8,3,17,153,2018,9,16,7,2,9,1,0,0,0,0,1,0,0,0,4.18845E+20,5.38671E+21,7.89862E+15,4.86282E+16
53971,8,2,36,39,2018,9,0,1,2,8,1,2,0,1,0,0,0,0,0,4.90284E+20,5.41062E+21,8.86757E+15,4.88485E+16
53972,8,1,26,46,2018,9,13,3,3,5,3,0,1,1,0,0,0,0,0,5.4937E+20,5.45991E+21,9.67893E+15,4.92899E+16
53973,8,4,21,0,2018,9,10,6,3,2,7,0,0,1,0,0,0,0,0,5.75836E+20,5.36726E+21,1.00257E+16,4.84539E+16
53974,8,2,37,2,2018,9,10,1,3,9,1,0,0,0,0,1,0,0,0,4.5508E+20,5.36016E+21,8.3932E+15,4.8393E+16
53975,8,3,25,61,2018,9,17,2,2,5,3,0,0,1,0,1,0,0,0,4.73774E+20,5.35525E+21,8.64603E+15,4.83498E+16
53976,8,4,25,33,2018,9,14,6,3,2,6,0,0,1,0,0,0,0,0,5.59315E+20,5.34894E+21,9.79966E+15,4.82909E+16
53977,8,1,15,37,2018,9,17,2,3,1,6,0,0,1,0,0,0,0,0,4.9366E+20,5.38618E+21,8.91396E+15,4.86286E+16
53978,8,4,15,61,2018,9,7,6,3,3,2,0,1,1,0,0,0,0,0,5.14305E+20,5.37117E+21,9.19362E+15,4.84935E+16
53979,8,3,26,27,2018,9,22,7,3,4,6,2,0,1,0,0,0,0,0,4.62972E+20,5.30741E+21,8.50439E+15,4.79189E+16
53980,8,2,31,0,2018,9,18,1,3,2,6,0,0,1,0,0,0,0,0,4.84032E+20,5.41409E+21,8.7822E+15,4.88796E+16
53981,8,3,37,90,2018,9,15,1,3,8,1,0,0,0,0,1,0,0,0,4.24378E+20,5.27045E+21,7.99432E+15,4.75831E+16
53982,8,4,15,61,2018,9,13,6,3,2,6,0,0,1,0,0,0,0,0,5.14306E+20,5.37118E+21,9.19363E+15,4.84936E+16
53983,8,1,25,65,2018,9,19,2,3,3,6,0,0,1,0,0,1,0,0,5.17107E+20,5.44732E+21,9.23472E+15,4.91785E+16
53984,8,3,15,98,2018,9,13,7,3,0,6,0,0,1,0,0,0,0,0,4.04969E+20,5.3143E+21,7.72666E+15,4.7975E+16
53985,8,4,26,71,2018,9,20,1,1,6,4,2,0,1,1,0,0,0,0,5.62866E+20,5.33392E+21,9.84531E+15,4.81554E+16
53986,8,1,15,45,2018,9,12,7,3,2,6,0,0,1,0,0,0,0,0,4.99776E+20,5.39338E+21,8.99696E+15,4.86934E+16
53987,8,2,35,85,2018,9,13,1,2,8,1,0,0,0,0,1,0,0,0,4.85381E+20,5.39409E+21,8.80132E+15,4.86996E+16
53988,8,4,16,48,2018,9,11,3,2,3,6,0,0,1,0,0,0,0,0,4.92126E+20,5.37866E+21,8.89328E+15,4.8561E+16
53989,8,3,37,126,2018,9,5,6,3,3,6,2,0,1,0,0,1,0,1,4.43515E+20,5.2739E+21,8.24835E+15,4.7616E+16
53990,8,2,26,96,2018,9,17,2,3,3,6,0,0,1,0,0,1,0,0,4.73592E+20,5.49126E+21,8.63474E+15,4.95734E+16
53991,8,1,25,8,2018,9,10,1,2,5,3,0,0,1,0,1,0,0,0,5.25894E+20,5.43165E+21,9.35429E+15,4.90372E+16
53992,8,3,37,39,2018,9,7,6,3,9,1,0,0,0,0,1,0,0,1,4.42781E+20,5.28884E+21,8.23662E+15,4.77504E+16
53993,8,1,27,14,2018,9,14,2,2,6,6,0,1,0,1,0,0,0,0,5.79121E+20,5.44103E+21,1.00843E+16,4.9117E+16
53994,8,3,36,107,2018,9,17,6,3,8,1,0,1,0,0,0,0,0,0,4.08454E+20,5.28651E+21,7.77922E+15,4.77255E+16
53995,8,3,15,89,2018,9,21,7,3,1,6,2,0,1,0,1,0,0,0,4.07736E+20,5.31208E+21,7.7642E+15,4.79554E+16
53996,8,2,26,102,2018,9,12,1,3,2,6,0,0,1,0,0,0,0,0,4.83189E+20,5.45384E+21,8.76907E+15,4.92371E+16
53997,8,2,21,0,2018,9,15,3,3,2,6,0,0,1,0,0,0,0,0,4.76574E+20,5.47248E+21,8.6771E+15,4.94046E+16
53998,8,3,36,69,2018,9,7,6,3,5,3,0,0,1,0,1,0,0,0,4.05757E+20,5.26945E+21,7.74695E+15,4.75716E+16
53999,8,2,21,0,2018,9,14,1,3,5,2,0,0,1,0,0,0,0,0,4.77028E+20,5.4751E+21,8.6832E+15,4.94281E+16
54000,8,2,36,76,2018,9,8,2,3,5,3,0,0,1,0,0,0,0,0,4.73792E+20,5.4232E+21,8.64196E+15,4.89611E+16
54001,8,3,35,43,2018,9,11,6,3,2,6,0,0,1,0,0,0,0,0,5.13016E+20,5.27972E+21,9.17338E+15,4.76708E+16
54002,8,3,27,50,2018,9,15,6,3,5,3,0,0,1,0,0,0,0,0,4.82221E+20,5.31126E+21,8.76187E+15,4.79544E+16
54003,8,1,15,28,2018,9,7,3,3,1,5,0,0,1,0,0,0,0,0,5.01038E+20,5.40634E+21,9.01414E+15,4.88101E+16
54004,8,3,26,12,2018,9,14,6,2,4,6,0,0,1,0,1,0,0,0,4.6781E+20,5.31469E+21,8.5686E+15,4.79847E+16
54005,8,2,31,0,2018,9,17,2,3,2,1,0,0,1,0,1,0,0,0,4.7759E+20,5.41568E+21,8.69426E+15,4.88937E+16
54006,8,1,16,16,2018,9,16,1,3,2,6,0,0,1,0,1,0,0,0,5.3355E+20,5.38497E+21,9.45522E+15,4.86169E+16
54007,8,3,17,39,2018,9,13,6,3,8,7,0,1,0,0,0,0,0,0,4.41302E+20,5.34757E+21,8.20884E+15,4.82786E+16
54008,8,1,18,50,2018,9,19,2,3,4,2,0,1,1,0,0,0,0,0,5.06289E+20,5.41691E+21,9.08582E+15,4.89051E+16
54009,8,3,17,150,2018,9,20,6,3,9,1,2,0,0,0,1,0,0,0,4.08781E+20,5.35565E+21,7.76885E+15,4.83475E+16
54010,8,2,31,0,2018,9,15,7,2,4,2,0,0,1,0,1,0,0,0,4.78138E+20,5.41606E+21,8.70172E+15,4.88971E+16
54011,8,2,21,0,2018,9,7,1,2,4,6,0,0,1,0,0,0,0,0,4.77378E+20,5.46816E+21,8.68842E+15,4.93658E+16
54012,8,2,12,0,2018,9,9,3,3,5,2,0,1,1,0,0,0,0,0,4.55633E+20,5.42703E+21,8.39348E+15,4.89946E+16
54013,8,3,17,65,2018,9,8,6,3,2,6,0,0,1,0,0,0,0,0,4.16109E+20,5.35449E+21,7.86797E+15,4.8338E+16
54014,8,4,36,95,2018,9,16,2,3,2,6,0,0,1,0,0,0,1,0,5.37214E+20,5.29318E+21,9.49687E+15,4.77909E+16
54015,8,3,17,116,2018,9,18,6,3,4,6,0,0,1,0,0,0,0,0,4.34172E+20,5.38735E+21,8.10649E+15,4.86358E+16
54016,8,2,12,0,2018,9,15,2,3,5,3,0,0,1,0,0,0,0,0,4.53587E+20,5.42819E+21,8.36537E+15,4.90049E+16
54017,8,4,36,10,2018,9,17,7,3,5,2,0,0,1,0,0,0,0,0,5.67825E+20,5.3117E+21,9.90845E+15,4.7955E+16
54018,8,1,16,77,2018,9,21,2,3,5,3,2,0,1,0,1,0,0,0,5.15174E+20,5.38908E+21,9.20604E+15,4.86546E+16
54019,8,2,16,9,2018,9,16,2,3,2,6,0,0,1,0,0,0,0,0,4.47261E+20,5.42145E+21,8.27977E+15,4.89437E+16
54020,8,1,11,0,2018,9,14,1,3,3,6,0,1,1,0,0,0,0,0,5.13747E+20,5.40222E+21,9.1871E+15,4.87728E+16
54021,8,1,16,80,2018,9,15,2,3,2,6,0,0,1,0,0,0,0,0,5.18576E+20,5.3974E+21,9.25261E+15,4.87293E+16
54022,8,3,15,50,2018,9,19,6,3,4,6,1,0,1,0,0,0,0,0,4.03238E+20,5.30358E+21,7.70587E+15,4.78783E+16
54023,8,2,26,32,2018,9,21,7,3,5,2,2,0,1,0,0,0,0,0,4.63783E+20,5.46436E+21,8.50153E+15,4.93309E+16
54024,8,2,26,85,2018,9,15,1,2,5,7,0,0,1,0,1,0,0,0,4.85088E+20,5.45164E+21,8.79524E+15,4.92174E+16
54025,8,1,18,51,2018,9,14,3,3,1,6,0,0,0,0,0,0,1,0,5.10553E+20,5.41479E+21,9.14395E+15,4.8886E+16
54026,8,3,15,74,2018,9,18,6,3,5,3,0,0,1,0,0,0,0,0,3.9386E+20,5.29625E+21,7.58229E+15,4.78109E+16
54027,8,3,16,17,2018,9,11,2,2,2,1,0,0,1,0,1,0,0,0,4.07142E+20,5.34238E+21,7.74966E+15,4.82279E+16
54028,8,3,11,0,2018,9,1,6,3,6,4,2,1,0,1,0,0,0,0,4.14601E+20,5.31747E+21,7.85505E+15,4.80048E+16
54029,8,3,17,8,2018,9,12,2,3,4,6,0,0,1,0,0,1,0,0,4.39178E+20,5.36442E+21,8.17779E+15,4.843E+16
54030,8,4,15,91,2018,9,2,7,3,8,1,2,0,1,0,0,0,0,1,5.13314E+20,5.36159E+21,9.1799E+15,4.84073E+16
54031,8,1,11,0,2018,9,14,2,3,3,6,0,0,1,0,0,1,0,0,5.15596E+20,5.40496E+21,9.21237E+15,4.87974E+16
54032,8,1,11,0,2018,9,8,7,2,3,7,0,0,1,0,1,0,0,0,5.1045E+20,5.39516E+21,9.14204E+15,4.87094E+16
54033,8,2,15,106,2018,9,17,1,2,0,7,0,0,1,0,1,0,0,0,4.63793E+20,5.4554E+21,8.50248E+15,4.92503E+16
54034,8,1,21,0,2018,9,10,3,3,1,6,0,0,1,0,0,0,0,0,5.14869E+20,5.44283E+21,9.20386E+15,4.91381E+16
54035,8,3,15,73,2018,9,14,6,3,1,6,0,0,1,0,0,0,0,0,4.12569E+20,5.31319E+21,7.8287E+15,4.7966E+16
54036,8,3,36,19,2018,9,14,2,2,2,3,0,0,1,0,0,0,1,0,3.95068E+20,5.27571E+21,7.60337E+15,4.76263E+16
54037,8,2,15,17,2018,9,15,7,3,2,6,0,0,1,0,1,0,0,0,4.58457E+20,5.42044E+21,8.43276E+15,4.89355E+16
54038,8,2,15,29,2018,9,18,1,3,1,7,0,1,1,0,0,0,0,0,4.67271E+20,5.44824E+21,8.55085E+15,4.91861E+16
54039,8,1,27,76,2018,9,15,3,3,5,3,0,1,1,0,0,0,0,0,5.53349E+20,5.43918E+21,9.7309E+15,4.91031E+16
54040,8,2,15,17,2018,9,20,6,3,2,6,2,0,1,0,0,0,0,0,4.58031E+20,5.42402E+21,8.42657E+15,4.89677E+16
54041,8,3,35,43,2018,9,9,2,3,0,7,0,1,0,0,0,0,0,0,5.1408E+20,5.27968E+21,9.18757E+15,4.76703E+16
54042,8,2,12,0,2018,9,23,6,2,0,1,2,1,0,0,0,0,0,0,4.60487E+20,5.42413E+21,8.46011E+15,4.89688E+16
54043,8,1,18,3,2018,9,9,2,3,2,6,0,0,0,0,1,1,0,0,5.11313E+20,5.41734E+21,9.15439E+15,4.89089E+16
54044,8,3,37,96,2018,9,15,7,2,8,1,0,0,1,0,0,0,0,0,4.22508E+20,5.2691E+21,7.96968E+15,4.75707E+16
54045,8,2,15,66,2018,9,16,1,2,0,1,0,1,0,0,0,0,0,0,4.62251E+20,5.44848E+21,8.48194E+15,4.9188E+16
54046,8,4,17,13,2018,9,11,1,3,2,6,0,0,1,0,0,0,0,0,5.05033E+20,5.34966E+21,9.06786E+15,4.83001E+16
54047,8,1,36,19,2018,9,16,7,2,5,3,0,0,1,0,0,0,0,0,5.83289E+20,5.42175E+21,1.01374E+16,4.89431E+16
54048,8,2,15,107,2018,9,15,1,3,0,7,0,0,0,0,1,0,0,1,4.62372E+20,5.45654E+21,8.48285E+15,4.92605E+16
54049,8,1,16,49,2018,9,16,3,3,5,3,0,1,1,0,0,0,0,0,5.25673E+20,5.38765E+21,9.34851E+15,4.86413E+16
54050,8,3,17,150,2018,9,15,1,2,5,2,0,0,1,0,0,0,0,0,4.10305E+20,5.35747E+21,7.78903E+15,4.8364E+16
54051,8,2,12,0,2018,9,20,6,3,2,6,2,0,1,0,0,0,0,0,4.56813E+20,5.42334E+21,8.41001E+15,4.89615E+16
54052,8,2,36,28,2018,9,22,2,2,8,1,2,0,1,0,0,0,0,0,4.93363E+20,5.42315E+21,8.90933E+15,4.89612E+16
54053,8,1,19,20,2018,9,10,1,2,2,2,0,0,1,0,0,0,0,0,5.20341E+20,5.40919E+21,9.27719E+15,4.88354E+16
54054,8,2,12,0,2018,9,17,6,3,1,1,1,0,1,0,0,0,0,0,4.58332E+20,5.42733E+21,8.43034E+15,4.89974E+16
54055,8,1,25,96,2018,9,10,2,3,2,6,0,0,1,0,0,0,0,0,5.15679E+20,5.44864E+21,9.21519E+15,4.91903E+16
54056,8,2,12,0,2018,9,14,6,3,3,6,0,0,1,0,0,1,0,0,4.49898E+20,5.43187E+21,8.31449E+15,4.90376E+16
54057,8,2,12,0,2018,9,9,7,3,5,3,0,0,1,0,0,0,0,0,4.52671E+20,5.42919E+21,8.35274E+15,4.90138E+16
54058,8,2,12,0,2018,9,7,1,3,3,6,0,0,1,0,1,0,0,0,4.545E+20,5.42667E+21,8.37803E+15,4.89913E+16
54059,8,1,27,76,2018,9,15,1,2,8,1,0,0,0,0,1,0,0,0,5.48023E+20,5.43587E+21,9.65755E+15,4.90738E+16
54060,8,2,15,105,2018,9,7,6,3,8,1,0,0,0,0,1,0,0,1,4.58526E+20,5.4432E+21,8.43137E+15,4.91402E+16
54061,8,1,28,131,2018,9,11,2,3,2,6,0,0,1,0,0,0,0,0,5.36608E+20,5.51349E+21,9.50842E+15,4.97727E+16
54062,8,2,37,40,2018,9,18,6,2,0,1,0,0,0,0,1,0,0,0,4.76728E+20,5.36548E+21,8.68532E+15,4.8442E+16
54063,8,3,26,74,2018,9,17,7,2,9,1,0,0,1,0,0,0,0,0,4.59404E+20,5.32682E+21,8.45481E+15,4.80933E+16
54064,8,2,16,13,2018,9,13,1,2,9,1,0,0,0,0,1,0,0,0,4.50578E+20,5.39477E+21,8.32828E+15,4.8704E+16
54065,8,2,26,95,2018,9,13,3,3,1,6,0,0,1,0,0,0,1,0,4.73257E+20,5.46289E+21,8.63203E+15,4.93182E+16
54066,8,3,35,75,2018,9,18,1,3,4,6,0,0,1,0,0,0,0,0,4.90763E+20,5.29277E+21,8.87668E+15,4.77883E+16
54067,8,2,35,32,2018,9,14,6,3,4,2,0,0,1,0,1,0,0,0,4.74061E+20,5.37444E+21,8.64871E+15,4.85225E+16
54068,8,1,18,76,2018,9,15,1,2,8,1,0,0,1,0,1,0,0,0,4.99084E+20,5.42995E+21,8.98747E+15,4.90224E+16
54069,8,1,11,0,2018,9,7,3,2,5,7,0,0,1,0,1,0,0,0,5.07305E+20,5.40718E+21,9.09951E+15,4.88176E+16
54070,8,2,35,47,2018,9,16,6,3,2,2,0,0,1,0,1,0,0,0,4.77324E+20,5.38991E+21,8.69206E+15,4.86618E+16
54071,8,2,36,43,2018,9,11,2,3,1,5,0,1,1,0,0,0,0,0,4.70497E+20,5.41075E+21,8.59785E+15,4.8849E+16
54072,8,3,26,54,2018,9,11,1,2,5,3,0,0,1,0,1,0,0,0,4.41175E+20,5.32931E+21,8.20967E+15,4.81143E+16
54073,8,1,15,34,2018,9,15,1,3,5,3,0,0,1,0,0,0,1,0,4.83477E+20,5.37567E+21,8.77618E+15,4.85339E+16
54074,8,1,11,0,2018,9,21,2,3,1,7,2,0,1,0,0,0,0,0,5.13461E+20,5.39414E+21,9.18294E+15,4.87001E+16
54075,8,2,31,0,2018,9,19,6,3,2,6,1,0,1,0,0,0,0,0,4.78617E+20,5.41788E+21,8.70815E+15,4.89135E+16
54076,8,2,31,0,2018,9,14,7,3,3,6,0,0,1,0,0,0,0,0,4.79808E+20,5.41616E+21,8.7245E+15,4.88981E+16
54077,8,1,15,46,2018,9,19,1,2,8,1,0,0,0,0,1,0,0,0,5.09307E+20,5.39104E+21,9.12642E+15,4.86724E+16
54078,8,2,12,0,2018,9,15,3,3,2,6,0,0,1,0,0,1,0,0,4.58334E+20,5.42733E+21,8.43037E+15,4.89975E+16
54079,8,2,36,76,2018,9,13,6,3,2,6,0,0,1,0,0,0,0,0,4.72172E+20,5.423E+21,8.61985E+15,4.89593E+16
54080,8,1,15,21,2018,9,11,1,3,2,6,0,0,1,0,0,0,0,0,4.9243E+20,5.38208E+21,8.89734E+15,4.85917E+16
54081,8,4,17,44,2018,9,21,2,3,8,6,2,0,0,0,1,0,1,0,4.94248E+20,5.33515E+21,8.92264E+15,4.81696E+16
54082,8,2,16,43,2018,9,13,3,3,4,2,0,1,1,0,0,0,0,0,4.41871E+20,5.41111E+21,8.20763E+15,4.88503E+16
54083,8,2,31,0,2018,9,19,6,3,4,7,0,0,1,0,1,0,0,0,4.77713E+20,5.41567E+21,8.69594E+15,4.88936E+16
54084,8,1,36,88,2018,9,16,1,3,0,6,0,0,1,0,1,0,0,0,5.81347E+20,5.41353E+21,1.01093E+16,4.88693E+16
54085,8,4,26,44,2018,9,6,2,3,8,1,0,0,0,0,1,0,0,0,5.78509E+20,5.3274E+21,1.00544E+16,4.80951E+16
54086,8,2,36,33,2018,9,14,6,3,5,3,0,0,1,0,0,0,0,0,4.82228E+20,5.43E+21,8.75691E+15,4.90226E+16
54087,8,2,15,64,2018,9,19,2,3,5,3,2,0,1,0,1,0,0,0,4.79949E+20,5.44799E+21,8.72485E+15,4.91844E+16
54088,8,4,36,64,2018,9,15,7,2,5,3,0,0,1,0,1,0,0,0,5.47862E+20,5.28922E+21,9.6386E+15,4.77545E+16
54089,8,1,16,19,2018,9,20,2,3,2,6,2,0,1,0,0,0,0,0,5.23407E+20,5.39879E+21,9.31837E+15,4.87417E+16
54090,8,2,26,82,2018,9,9,6,3,9,1,0,0,1,0,0,0,0,0,4.81597E+20,5.4791E+21,8.74602E+15,4.94643E+16
54091,8,2,25,117,2018,9,1,7,3,9,1,2,0,1,0,0,0,0,0,5.19885E+20,5.47323E+21,9.27414E+15,4.94114E+16
54092,8,1,36,46,2018,9,22,1,1,8,1,2,0,0,0,1,0,0,0,5.74143E+20,5.42369E+21,1.00129E+16,4.89617E+16
54093,8,1,36,49,2018,9,13,3,2,5,2,0,0,1,0,1,0,0,0,5.68038E+20,5.418E+21,9.92857E+15,4.89112E+16
54094,8,2,25,75,2018,9,12,6,3,8,7,0,0,1,0,0,0,0,0,5.29765E+20,5.47405E+21,9.4104E+15,4.94184E+16
54095,8,3,37,30,2018,9,11,2,2,8,7,0,0,0,0,1,0,0,0,4.65226E+20,5.27598E+21,8.53708E+15,4.76363E+16
54096,8,2,25,58,2018,9,21,6,3,9,1,2,0,1,0,0,0,0,0,5.10487E+20,5.46685E+21,9.1444E+15,4.93543E+16
54097,8,1,25,102,2018,9,16,2,3,3,6,0,0,1,0,0,1,0,0,5.24814E+20,5.44546E+21,9.34036E+15,4.91614E+16
54098,8,4,15,78,2018,9,9,7,3,5,3,0,0,1,0,0,0,0,0,5.29513E+20,5.37093E+21,9.39944E+15,4.84908E+16
54099,8,2,26,107,2018,9,7,6,2,4,2,0,0,1,0,1,0,0,0,4.75126E+20,5.48262E+21,8.6565E+15,4.94957E+16
54100,8,2,12,0,2018,9,9,2,3,5,6,0,1,1,0,0,0,0,0,4.55211E+20,5.42887E+21,8.38751E+15,4.90111E+16
54101,8,4,36,9,2018,9,12,7,2,8,1,0,0,0,0,1,0,0,0,5.54158E+20,5.30211E+21,9.72421E+15,4.78701E+16
54102,8,1,11,0,2018,9,7,2,2,5,2,0,1,1,0,0,0,0,0,5.17797E+20,5.40618E+21,9.24239E+15,4.88084E+16
54103,8,3,17,57,2018,9,13,7,3,2,6,0,0,1,0,0,0,1,0,4.13529E+20,5.38184E+21,7.8275E+15,4.85837E+16
54104,8,1,35,19,2018,9,13,1,2,5,3,0,0,1,0,0,0,0,0,5.85717E+20,5.39503E+21,1.0165E+16,4.87024E+16
54105,8,1,27,43,2018,9,9,3,2,2,6,0,0,0,0,0,1,1,0,5.66629E+20,5.44761E+21,9.91421E+15,4.91777E+16
54106,8,2,15,103,2018,9,13,6,3,2,6,0,0,1,0,0,0,0,0,4.64911E+20,5.44422E+21,8.51882E+15,4.91498E+16
54107,8,2,37,28,2018,9,14,1,3,2,6,0,0,1,0,1,0,0,0,4.48981E+20,5.36891E+21,8.30975E+15,4.84712E+16
54108,8,3,26,74,2018,9,15,2,3,0,1,0,1,0,0,0,0,0,0,4.65411E+20,5.32419E+21,8.53568E+15,4.807E+16
54109,8,2,15,9,2018,9,13,6,3,4,2,0,1,1,0,0,0,0,0,4.69642E+20,5.44041E+21,8.58399E+15,4.91157E+16
54110,8,1,11,0,2018,9,11,2,2,9,1,0,0,0,0,0,1,0,0,5.10282E+20,5.39522E+21,9.13976E+15,4.87099E+16
54111,8,2,15,7,2018,9,8,6,3,2,6,0,0,1,0,1,0,0,1,4.76021E+20,5.43177E+21,8.6719E+15,4.90383E+16
54112,8,3,36,91,2018,9,11,7,3,2,6,0,0,1,0,0,0,0,0,3.94769E+20,5.27293E+21,7.60006E+15,4.76012E+16
54113,8,4,25,108,2018,9,17,1,2,8,1,0,0,0,0,1,0,0,0,5.43152E+20,5.36011E+21,9.58292E+15,4.83926E+16
54114,8,4,15,59,2018,9,1,1,2,9,1,2,0,1,0,0,0,0,0,5.17267E+20,5.36652E+21,9.23352E+15,4.84516E+16
54115,8,1,27,47,2018,9,2,7,3,9,1,2,0,1,0,0,0,0,0,5.60225E+20,5.45772E+21,9.82787E+15,4.92693E+16
54116,8,2,25,1,2018,9,12,1,2,8,1,0,0,1,0,0,0,0,0,5.34157E+20,5.47201E+21,9.47077E+15,4.93998E+16
54117,8,1,15,41,2018,9,13,3,3,2,6,0,0,1,0,0,0,0,0,4.94966E+20,5.40071E+21,8.93151E+15,4.87594E+16
54118,8,4,26,124,2018,9,11,1,2,0,1,0,1,0,0,0,0,0,0,5.40939E+20,5.33263E+21,9.55036E+15,4.81456E+16
54119,8,1,18,16,2018,9,17,7,2,4,2,0,0,1,0,1,0,0,0,5.06732E+20,5.42643E+21,9.09203E+15,4.89908E+16
54120,8,1,18,48,2018,9,21,3,3,1,6,2,0,1,0,0,0,0,0,5.14224E+20,5.4162E+21,9.19407E+15,4.88986E+16
54121,8,2,15,97,2018,9,15,6,3,5,3,0,0,1,0,0,0,1,0,4.78408E+20,5.43852E+21,8.70421E+15,4.90992E+16
54122,8,2,36,71,2018,9,7,2,3,2,6,0,0,1,0,0,0,0,0,4.68474E+20,5.42022E+21,8.56954E+15,4.89341E+16
54123,8,1,26,66,2018,9,0,1,3,8,1,2,0,1,0,0,0,0,0,5.34181E+20,5.45309E+21,9.46949E+15,4.92296E+16
54124,8,3,17,57,2018,9,5,6,3,6,4,2,0,1,1,0,0,0,0,4.12007E+20,5.38098E+21,7.80705E+15,4.85757E+16
54125,8,1,27,76,2018,9,13,2,3,3,2,0,0,1,0,1,0,0,0,5.50143E+20,5.43687E+21,9.6867E+15,4.90826E+16
54126,8,1,26,11,2018,9,18,6,3,2,1,0,0,1,0,0,0,0,0,5.31876E+20,5.4493E+21,9.43752E+15,4.91957E+16
54127,8,3,15,130,2018,9,16,7,3,1,1,0,0,1,0,1,0,0,0,4.14653E+20,5.30455E+21,7.85831E+15,4.78886E+16
54128,8,2,22,0,2018,9,9,3,3,5,2,0,0,0,0,0,0,1,0,4.62624E+20,5.47967E+21,8.48414E+15,4.94686E+16
54129,8,1,15,28,2018,9,14,6,3,2,6,0,0,1,0,0,0,0,0,5.02287E+20,5.40151E+21,9.03112E+15,4.87666E+16
54130,8,4,35,15,2018,9,9,2,3,0,7,0,1,0,0,0,0,0,0,5.19056E+20,5.29689E+21,9.2546E+15,4.78251E+16