OBJECTID_1,ULAND,UREGBEZ,UKREIS,UGEMEINDE,UJAHR,UMONAT,USTUNDE,UWOCHENTAG,UKATEGORIE,UART,UTYP1,ULICHTVERH,IstRad,IstPKW,IstFuss,IstKrad,IstGkfz,IstSonstig,STRZUSTAND,LINREFX,LINREFY,XGCSWGS84,YGCSWGS84
54131,8,1,15,45,2018,9,14,6,2,2,6,0,0,1,0,0,0,0,0,5.03977E+20,5.39546E+21,9.05406E+15,4.87121E+16
54132,8,2,16,49,2018,9,11,2,3,2,6,0,0,1,0,0,0,0,0,4.39452E+20,5.40266E+21,8.17591E+15,4.8774E+16
54133,8,1,11,0,2018,9,14,1,3,2,6,0,0,1,0,0,0,0,0,5.14735E+20,5.40464E+21,9.20063E+15,4.87945E+16
54134,8,1,36,88,2018,9,19,6,3,0,3,1,0,1,0,1,0,0,0,5.87206E+20,5.40637E+21,1.01876E+16,4.88042E+16
54135,8,3,17,5,2018,9,17,2,3,2,7,0,0,0,0,0,1,1,0,4.23316E+20,5.38004E+21,7.96052E+15,4.85688E+16
54136,8,1,18,48,2018,9,13,1,3,2,6,0,0,1,0,0,0,1,0,5.14246E+20,5.41542E+21,9.19434E+15,4.88915E+16
54137,8,1,35,20,2018,9,14,6,3,2,6,0,0,1,0,0,0,0,0,5.88723E+20,5.38482E+21,1.02037E+16,4.86102E+16
54138,8,1,19,85,2018,9,18,2,2,5,2,0,0,1,0,1,0,0,0,5.2944E+20,5.41415E+21,9.40154E+15,4.88796E+16
54139,8,1,35,20,2018,9,16,6,2,8,1,0,0,0,0,1,0,0,0,5.86791E+20,5.38273E+21,1.0177E+16,4.85917E+16
54140,8,2,37,28,2018,9,15,7,3,3,7,0,0,1,0,1,0,0,0,4.58224E+20,5.36776E+21,8.4349E+15,4.84616E+16
54141,8,2,15,109,2018,9,18,3,3,5,2,0,0,1,0,0,0,0,0,4.63071E+20,5.43983E+21,8.49399E+15,4.91102E+16
54142,8,1,28,131,2018,9,11,6,2,9,1,0,0,1,0,0,0,0,0,5.446E+20,5.50767E+21,9.61874E+15,4.97199E+16
54143,8,4,37,53,2018,9,15,2,3,0,1,0,1,0,0,0,0,0,0,5.29477E+20,5.31901E+21,9.39534E+15,4.80237E+16
54144,8,1,27,76,2018,9,22,6,3,5,7,2,1,1,0,0,0,0,0,5.56235E+20,5.43875E+21,9.77037E+15,4.9099E+16
54145,8,2,15,17,2018,9,18,2,3,2,6,0,0,1,0,0,0,1,0,4.54293E+20,5.42032E+21,8.37592E+15,4.89341E+16
54146,8,4,36,81,2018,9,13,7,3,5,3,0,0,1,0,0,0,0,0,5.56615E+20,5.27563E+21,9.75361E+15,4.76316E+16
54147,8,1,16,19,2018,9,21,2,3,5,3,2,0,1,0,1,0,0,0,5.20707E+20,5.39889E+21,9.28166E+15,4.87427E+16
54148,8,2,15,66,2018,9,16,7,3,5,3,0,0,1,0,1,0,0,0,4.6176E+20,5.45361E+21,8.47472E+15,4.92341E+16
54149,8,3,17,1,2018,9,19,1,3,2,6,1,0,1,0,0,0,0,0,4.30472E+20,5.38629E+21,8.05646E+15,4.86258E+16
54150,8,1,35,31,2018,9,10,3,2,5,3,0,1,0,0,0,0,1,0,5.95116E+20,5.37912E+21,1.02891E+16,4.85579E+16
54151,8,1,17,24,2018,9,7,2,2,5,3,0,0,1,0,1,0,0,0,5.60378E+20,5.38639E+21,9.81939E+15,4.86277E+16
54152,8,1,25,59,2018,9,17,6,2,4,3,0,0,1,0,1,0,0,0,5.31369E+20,5.43875E+21,9.42974E+15,4.91008E+16
54153,8,2,26,68,2018,9,12,7,3,0,6,0,0,1,0,0,0,0,0,4.6834E+20,5.46137E+21,8.56448E+15,4.93042E+16
54154,8,1,25,102,2018,9,20,3,3,2,6,2,0,1,0,0,0,0,0,5.25024E+20,5.4454E+21,9.34324E+15,4.91609E+16
54155,8,1,25,98,2018,9,16,6,3,2,6,0,0,1,0,0,0,0,0,5.21046E+20,5.4392E+21,9.28834E+15,4.91053E+16
54156,8,3,16,37,2018,9,8,2,3,2,6,0,0,1,0,0,0,0,0,4.06906E+20,5.33767E+21,7.7475E+15,4.81854E+16
54157,8,1,25,111,2018,9,19,6,2,5,3,0,0,1,0,1,0,0,0,5.26122E+20,5.45354E+21,9.35883E+15,4.92341E+16
54158,8,2,16,9,2018,9,7,2,3,2,6,0,0,1,0,0,0,0,0,4.46542E+20,5.42091E+21,8.27002E+15,4.89388E+16
54159,8,4,21,0,2018,9,17,7,3,0,2,0,1,1,0,0,0,0,0,5.71946E+20,5.36139E+21,9.97205E+15,4.84016E+16
54160,8,1,11,0,2018,9,18,2,3,2,6,0,0,1,0,0,0,0,0,5.09924E+20,5.40045E+21,9.13502E+15,4.87569E+16
54161,8,1,21,0,2018,9,13,7,3,2,1,0,0,1,0,0,0,0,0,5.08837E+20,5.44834E+21,9.12128E+15,4.91878E+16
54162,8,1,26,72,2018,9,16,3,3,5,3,0,0,1,0,1,1,0,0,5.40315E+20,5.466E+21,9.55504E+15,4.93453E+16
54163,8,1,21,0,2018,9,12,6,3,8,7,0,0,1,0,0,0,0,0,5.14382E+20,5.44123E+21,9.19712E+15,4.91237E+16
54164,8,2,36,4,2018,9,15,1,2,8,1,0,0,1,0,0,0,0,0,4.713E+20,5.41316E+21,8.60862E+15,4.88707E+16
54165,8,3,15,74,2018,9,12,2,3,2,6,0,0,1,0,0,0,1,0,3.96081E+20,5.29681E+21,7.61181E+15,4.78162E+16
54166,8,1,19,67,2018,9,12,6,3,2,6,0,0,1,0,0,0,0,0,5.40014E+20,5.40607E+21,9.54496E+15,4.88064E+16
54167,8,1,36,35,2018,9,17,2,3,8,1,0,0,0,0,1,0,0,0,5.80861E+20,5.42995E+21,1.01059E+16,4.90172E+16
54168,8,1,21,0,2018,9,22,7,3,1,6,2,0,1,0,0,0,0,0,5.16409E+20,5.44647E+21,9.22511E+15,4.91708E+16
54169,8,4,25,135,2018,9,12,4,3,2,6,0,0,1,0,0,0,0,0,5.67949E+20,5.37249E+21,9.91986E+15,4.85019E+16
54170,8,3,26,74,2018,9,23,6,2,4,1,2,0,1,0,0,0,0,0,4.59526E+20,5.32449E+21,8.45665E+15,4.80724E+16
54171,8,3,37,66,2018,9,15,4,3,0,6,0,1,1,0,0,0,0,0,4.30873E+20,5.27102E+21,8.08059E+15,4.75889E+16
54172,8,1,15,3,2018,9,13,5,3,5,3,0,0,1,0,0,0,0,0,4.96261E+20,5.39315E+21,8.9492E+15,4.86914E+16
54173,8,1,28,14,2018,9,17,6,3,8,1,0,0,1,0,0,0,0,1,5.40738E+20,5.48336E+21,9.56264E+15,4.95015E+16
54174,8,1,36,42,2018,9,11,4,3,5,3,0,1,1,0,0,0,0,0,5.4592E+20,5.40389E+21,9.62514E+15,4.87863E+16
54175,8,4,16,25,2018,9,19,7,3,5,3,2,0,1,0,1,0,0,1,5.0094E+20,5.36076E+21,9.0127E+15,4.84E+16
54176,8,4,35,52,2018,9,17,4,3,5,3,0,0,1,0,0,0,0,0,5.21878E+20,5.28844E+21,9.29188E+15,4.7749E+16
54177,8,4,36,55,2018,9,10,5,3,0,7,0,1,0,0,0,0,0,0,5.76926E+20,5.29727E+21,1.00278E+16,4.78241E+16
54178,8,3,36,19,2018,9,19,5,3,8,7,2,0,1,0,0,0,0,0,3.94722E+20,5.27584E+21,7.59873E+15,4.76274E+16
54179,8,1,17,18,2018,9,11,7,3,0,7,0,0,0,0,1,1,0,0,5.38139E+20,5.39626E+21,9.51851E+15,4.87182E+16
54180,8,4,35,35,2018,9,18,4,3,0,1,0,0,0,0,1,0,0,0,5.41303E+20,5.28103E+21,9.55031E+15,4.76814E+16
54181,8,2,15,108,2018,9,14,6,1,5,2,0,0,1,0,1,0,0,0,4.53327E+20,5.42242E+21,8.36249E+15,4.8953E+16
54182,8,4,15,61,2018,9,14,4,3,2,6,0,0,1,0,0,0,0,0,5.12533E+20,5.37128E+21,9.16965E+15,4.84945E+16
54183,8,3,16,17,2018,9,9,4,2,2,6,0,0,1,0,0,0,0,0,4.06996E+20,5.33703E+21,7.74887E+15,4.81797E+16
54184,8,1,17,60,2018,9,17,6,3,9,1,0,0,1,0,0,0,0,0,5.40862E+20,5.38891E+21,9.55481E+15,4.86519E+16
54185,8,3,17,73,2018,9,14,7,2,2,6,0,0,0,0,1,0,0,0,4.10326E+20,5.35149E+21,7.79058E+15,4.83103E+16
54186,8,3,37,62,2018,9,11,4,2,5,3,0,1,1,0,0,0,0,0,4.57094E+20,5.27854E+21,8.42857E+15,4.76588E+16
54187,8,1,19,67,2018,9,23,6,3,5,3,2,0,1,0,0,0,0,0,5.38624E+20,5.40574E+21,9.526E+15,4.88035E+16
54188,8,3,37,45,2018,9,13,4,3,2,6,0,0,1,0,0,0,0,0,4.3733E+20,5.28891E+21,8.16389E+15,4.77505E+16
54189,8,3,15,98,2018,9,17,5,2,4,1,0,0,1,0,1,0,0,0,4.09404E+20,5.31196E+21,7.78657E+15,4.79546E+16
54190,8,3,36,73,2018,9,11,7,3,2,6,0,0,1,0,0,0,0,0,3.98427E+20,5.27848E+21,7.64742E+15,4.76518E+16
54191,8,3,36,50,2018,9,13,5,3,3,6,0,1,1,0,0,0,0,0,3.99236E+20,5.27513E+21,7.65896E+15,4.76218E+16
54192,8,3,36,91,2018,9,21,4,3,5,3,2,0,1,0,1,0,0,0,3.96027E+20,5.27338E+21,7.61668E+15,4.76055E+16
54193,8,3,26,74,2018,9,7,5,3,3,7,0,1,1,0,0,0,0,0,4.6082E+20,5.32321E+21,8.47415E+15,4.80609E+16
54194,8,4,35,52,2018,9,14,6,3,4,2,0,0,1,0,0,0,0,0,5.23398E+20,5.28939E+21,9.3122E+15,4.77575E+16
54195,8,3,36,69,2018,9,15,4,2,1,6,0,0,1,0,0,0,0,0,4.06438E+20,5.26925E+21,7.75603E+15,4.757E+16
54196,8,1,21,0,2018,9,16,5,2,5,3,0,1,1,0,0,0,0,0,5.15612E+20,5.44193E+21,9.214E+15,4.913E+16
54197,8,2,35,8,2018,9,19,6,3,8,1,1,0,0,0,1,0,0,1,4.7746E+20,5.40306E+21,8.69318E+15,4.87802E+16
54198,8,3,35,63,2018,9,15,4,3,2,6,0,0,1,0,0,0,0,0,4.94487E+20,5.28771E+21,8.92646E+15,4.77427E+16
54199,8,4,36,64,2018,9,17,4,2,0,1,0,0,1,0,1,0,0,0,5.41716E+20,5.29214E+21,9.55688E+15,4.77812E+16
54200,8,1,17,28,2018,9,11,6,2,2,6,0,0,1,0,0,0,0,0,5.48656E+20,5.38151E+21,9.65976E+15,4.85848E+16
54201,8,2,16,33,2018,9,11,7,3,2,2,0,0,1,0,1,0,0,0,4.47818E+20,5.41297E+21,8.28845E+15,4.88675E+16
54202,8,4,35,16,2018,9,15,4,3,2,6,0,0,1,0,1,0,0,0,5.36308E+20,5.27797E+21,9.48351E+15,4.76541E+16
54203,8,4,21,0,2018,9,19,6,3,0,1,2,0,0,0,1,0,0,1,5.73452E+20,5.36185E+21,9.99248E+15,4.84055E+16
54204,8,3,26,74,2018,9,7,4,3,5,3,0,0,1,0,0,0,0,0,4.68005E+20,5.32319E+21,8.57057E+15,4.80612E+16
54205,8,3,26,61,2018,9,15,4,3,2,1,0,0,1,0,0,0,0,0,4.71678E+20,5.31994E+21,8.62009E+15,4.80321E+16
54206,8,4,36,64,2018,9,6,6,3,4,2,1,0,1,0,0,0,0,1,5.4659E+20,5.29387E+21,9.62213E+15,4.77965E+16
54207,8,3,25,72,2018,9,21,4,3,3,6,2,0,1,0,1,0,0,0,4.72384E+20,5.33113E+21,8.62883E+15,4.81328E+16
54208,8,1,18,19,2018,9,18,5,3,5,3,0,0,1,0,0,0,0,0,5.03835E+20,5.40135E+21,9.05218E+15,4.87652E+16
54209,8,2,25,117,2018,9,14,6,3,2,6,0,0,1,0,0,0,0,0,5.13862E+20,5.47023E+21,9.191E+15,4.93846E+16
54210,8,3,17,96,2018,9,17,4,3,5,2,0,1,1,0,0,0,0,0,4.21205E+20,5.3694E+21,7.93391E+15,4.84728E+16
54211,8,3,17,141,2018,9,1,4,3,9,7,2,0,1,0,0,0,0,0,4.19381E+20,5.3814E+21,7.90692E+15,4.85805E+16
54212,8,1,11,0,2018,9,18,6,3,2,6,1,0,1,0,0,0,0,0,5.15356E+20,5.40514E+21,9.2091E+15,4.8799E+16
54213,8,1,27,47,2018,9,13,7,3,8,1,0,0,1,0,0,0,0,0,5.61669E+20,5.45445E+21,9.84721E+15,4.92397E+16
54214,8,3,17,110,2018,9,15,4,3,4,6,0,0,1,0,0,0,1,0,4.30208E+20,5.38181E+21,8.05363E+15,4.85855E+16
54215,8,3,35,63,2018,9,23,6,1,5,3,2,0,1,0,0,0,1,0,4.9821E+20,5.29342E+21,8.9761E+15,4.77942E+16
54216,8,3,17,96,2018,9,16,4,3,2,6,0,0,1,0,0,1,0,0,4.19357E+20,5.37328E+21,7.90817E+15,4.85075E+16
54217,8,1,16,56,2018,9,16,5,3,0,7,0,0,0,0,1,0,0,0,5.31473E+20,5.39476E+21,9.42778E+15,4.87051E+16
54218,8,1,15,45,2018,9,14,6,3,2,6,0,0,1,0,0,0,0,0,5.032E+20,5.39795E+21,9.04352E+15,4.87345E+16
54219,8,3,17,113,2018,9,14,4,3,3,6,0,0,1,0,0,0,1,0,4.07607E+20,5.34399E+21,7.75557E+15,4.82424E+16
54220,8,3,16,56,2018,9,17,4,2,2,7,0,0,1,0,0,0,0,0,4.21767E+20,5.32627E+21,7.94951E+15,4.80849E+16
54221,8,1,17,37,2018,9,20,5,2,9,1,2,0,1,0,0,0,0,0,5.55139E+20,5.39987E+21,9.75011E+15,4.87494E+16
54222,8,2,21,0,2018,9,13,6,3,2,6,0,0,1,0,0,0,0,0,4.77412E+20,5.46753E+21,8.68892E+15,4.936E+16
54223,8,3,15,68,2018,9,12,4,2,8,1,0,0,0,0,1,0,0,0,4.38641E+20,5.30109E+21,8.17965E+15,4.78602E+16
54224,8,3,15,6,2018,9,14,4,2,5,3,0,0,1,0,0,0,0,0,4.01601E+20,5.31046E+21,7.68242E+15,4.79399E+16
54225,8,3,36,87,2018,9,15,5,2,4,1,0,0,0,0,1,1,0,0,4.22884E+20,5.29278E+21,7.9705E+15,4.77838E+16
54226,8,4,17,2,2018,9,16,5,3,2,6,0,0,1,0,0,0,0,0,4.8866E+20,5.34529E+21,8.84721E+15,4.82607E+16
54227,8,1,25,13,2018,9,11,7,3,1,6,0,0,1,0,0,0,0,0,5.05041E+20,5.43569E+21,9.06902E+15,4.90741E+16
54228,8,2,26,10,2018,9,17,5,3,1,6,0,0,1,0,0,0,0,0,4.83603E+20,5.4575E+21,8.7746E+15,4.92701E+16
54229,8,4,15,85,2018,9,6,4,3,2,6,0,0,1,0,0,0,0,0,5.34717E+20,5.34194E+21,9.46749E+15,4.82297E+16
54230,8,3,15,74,2018,9,14,6,3,2,6,0,0,1,0,0,0,0,0,3.96083E+20,5.29681E+21,7.61183E+15,4.78162E+16
54231,8,3,11,0,2018,9,16,4,3,5,3,0,0,0,0,0,1,1,0,4.1325E+20,5.31612E+21,7.83722E+15,4.79925E+16
54232,8,1,11,0,2018,9,19,5,3,5,3,2,1,1,0,0,0,0,0,5.13437E+20,5.40255E+21,9.18289E+15,4.87758E+16
54233,8,1,27,100,2018,9,22,6,3,9,1,2,0,1,0,0,0,0,0,5.51621E+20,5.43243E+21,9.70637E+15,4.90426E+16
54234,8,3,36,84,2018,9,14,4,3,4,1,0,0,1,0,0,0,0,0,4.05305E+20,5.2769E+21,7.73933E+15,4.76385E+16
54235,8,3,36,8,2018,9,3,5,2,7,1,2,1,0,0,0,0,0,1,3.95246E+20,5.27569E+21,7.60574E+15,4.76262E+16
54236,8,4,15,78,2018,9,11,7,3,2,6,0,0,1,0,1,0,0,0,5.29631E+20,5.37098E+21,9.40104E+15,4.84912E+16
54237,8,2,15,17,2018,9,15,5,3,2,6,0,0,1,0,0,0,0,0,4.54011E+20,5.42192E+21,8.37188E+15,4.89485E+16
54238,8,3,36,8,2018,9,7,4,3,2,6,0,0,1,0,1,0,0,0,3.96381E+20,5.27614E+21,7.62073E+15,4.76304E+16
54239,8,3,35,43,2018,9,15,5,3,2,6,0,0,1,0,1,0,0,0,5.11325E+20,5.28029E+21,9.15088E+15,4.76759E+16
54240,8,1,16,19,2018,9,8,7,3,4,6,0,0,1,0,0,0,0,0,5.23177E+20,5.39885E+21,9.31526E+15,4.87422E+16
54241,8,2,26,10,2018,9,10,4,3,2,6,0,0,1,0,0,0,0,0,4.85824E+20,5.45661E+21,8.80517E+15,4.92621E+16
54242,8,4,36,81,2018,9,17,5,3,8,1,0,0,0,0,1,0,0,0,5.62558E+20,5.28359E+21,9.83385E+15,4.77027E+16
54243,8,3,17,116,2018,9,17,5,3,5,3,0,0,1,0,0,0,0,0,4.31207E+20,5.38949E+21,8.0659E+15,4.86547E+16
54244,8,4,15,50,2018,9,16,5,3,5,3,0,1,1,0,0,0,0,0,5.18372E+20,5.37589E+21,9.24887E+15,4.85358E+16
54245,8,1,18,48,2018,9,10,7,3,2,6,0,0,1,0,0,0,0,0,5.14242E+20,5.41555E+21,9.1943E+15,4.88927E+16
54246,8,2,15,9,2018,9,23,4,2,9,7,2,0,1,0,0,0,0,0,4.67242E+20,5.44142E+21,8.551E+15,4.91248E+16
54247,8,2,31,0,2018,9,18,6,3,2,6,0,0,1,0,0,0,0,0,4.85526E+20,5.41082E+21,8.80271E+15,4.88502E+16
54248,8,2,37,19,2018,9,7,4,3,6,4,0,0,1,1,0,0,0,0,4.61423E+20,5.36859E+21,8.4781E+15,4.84692E+16
54249,8,2,35,6,2018,9,20,4,2,8,1,2,0,0,0,1,0,0,0,4.72939E+20,5.38256E+21,8.63299E+15,4.85955E+16
54250,8,1,18,80,2018,9,20,6,3,5,3,2,0,1,0,0,0,0,0,5.07833E+20,5.41184E+21,9.1068E+15,4.88595E+16
54251,8,2,16,39,2018,9,15,4,2,2,6,0,0,0,0,0,1,0,0,4.45265E+20,5.41344E+21,8.25358E+15,4.88715E+16
54252,8,3,36,45,2018,9,11,5,2,5,2,0,0,1,0,1,0,0,0,3.99887E+20,5.29059E+21,7.66407E+15,4.77609E+16
54253,8,3,26,74,2018,9,13,7,3,6,4,0,0,1,1,0,0,0,0,4.59985E+20,5.32304E+21,8.46296E+15,4.80594E+16
54254,8,2,31,0,2018,9,15,4,3,2,6,0,0,1,0,0,0,0,0,4.80537E+20,5.41673E+21,8.73442E+15,4.89032E+16
54255,8,3,26,68,2018,9,16,5,1,8,1,0,0,0,0,1,0,1,0,4.50022E+20,5.32268E+21,8.3293E+15,4.80555E+16
54256,8,3,36,69,2018,9,7,6,3,4,6,0,1,0,0,0,0,0,0,4.02894E+20,5.26689E+21,7.70945E+15,4.75481E+16
54257,8,2,36,75,2018,9,18,4,3,2,6,0,1,0,0,0,0,0,0,4.82023E+20,5.42515E+21,8.75432E+15,4.8979E+16
54258,8,1,19,20,2018,9,14,5,3,0,5,0,1,1,0,0,0,0,0,5.19324E+20,5.40896E+21,9.26332E+15,4.88333E+16
54259,8,2,31,0,2018,9,15,6,3,3,6,0,0,1,0,0,0,0,0,4.80608E+20,5.41678E+21,8.73538E+15,4.89037E+16
54260,8,2,31,0,2018,9,19,4,3,1,6,1,0,1,0,0,0,0,0,4.77455E+20,5.41591E+21,8.69241E+15,4.88957E+16
54261,8,2,26,98,2018,9,20,4,3,5,3,2,0,1,0,0,0,0,0,4.79776E+20,5.46081E+21,8.72183E+15,4.92997E+16
54262,8,1,16,53,2018,9,3,6,3,8,1,2,0,1,0,0,0,0,0,5.39214E+20,5.3892E+21,9.53246E+15,4.86547E+16
54263,8,1,28,7,2018,9,18,5,3,0,3,0,0,1,0,1,0,0,0,5.55755E+20,5.48115E+21,9.76971E+15,4.94804E+16
54264,8,2,35,60,2018,9,14,6,3,9,7,0,0,0,0,1,0,0,0,4.76397E+20,5.3795E+21,8.68006E+15,4.85682E+16
54265,8,2,26,96,2018,9,16,4,3,2,6,0,0,1,0,0,0,0,0,4.76095E+20,5.48964E+21,8.66946E+15,4.95589E+16
54266,8,2,26,91,2018,9,18,4,3,2,2,0,0,1,0,0,0,0,0,4.9575E+20,5.46164E+21,8.94153E+15,4.93075E+16
54267,8,1,17,37,2018,9,17,6,3,0,1,0,0,0,0,1,0,0,0,5.55208E+20,5.39963E+21,9.75101E+15,4.87472E+16
54268,8,2,12,0,2018,9,12,7,3,2,6,0,0,1,0,0,0,0,0,4.57015E+20,5.42343E+21,8.41275E+15,4.89623E+16
54269,8,2,26,55,2018,9,13,4,2,4,7,0,0,1,0,0,1,0,0,4.96754E+20,5.46033E+21,8.95535E+15,4.92957E+16
54270,8,4,21,0,2018,9,16,6,3,3,6,0,0,1,0,1,0,0,1,5.714E+20,5.35677E+21,9.9639E+15,4.83601E+16
54271,8,2,26,104,2018,9,17,4,2,4,6,0,0,1,0,1,0,0,0,4.90582E+20,5.46797E+21,8.87028E+15,4.93644E+16
54272,8,1,18,7,2018,9,13,5,3,1,6,0,0,1,0,1,0,0,0,5.09733E+20,5.42697E+21,9.13306E+15,4.89956E+16
54273,8,2,22,0,2018,9,21,6,3,2,6,2,0,1,0,0,0,0,0,4.6084E+20,5.48234E+21,8.45926E+15,4.94924E+16
54274,8,2,25,33,2018,9,9,4,3,4,2,0,0,1,0,0,0,1,0,5.11051E+20,5.45871E+21,9.15195E+15,4.9281E+16
54275,8,2,36,76,2018,9,16,5,3,5,3,0,0,1,0,1,0,0,0,4.70789E+20,5.42391E+21,8.60088E+15,4.89674E+16
54276,8,3,15,6,2018,9,17,5,3,2,6,0,0,1,0,0,0,0,0,4.01384E+20,5.31069E+21,7.67946E+15,4.79419E+16
54277,8,2,26,105,2018,9,15,4,3,1,5,0,1,1,0,0,0,0,0,4.71848E+20,5.47742E+21,8.6116E+15,4.94488E+16
54278,8,4,36,19,2018,9,12,5,2,0,1,0,0,1,0,0,0,0,0,5.37905E+20,5.31185E+21,9.50774E+15,4.79588E+16
54279,8,4,37,47,2018,9,17,5,3,9,2,0,0,1,0,1,0,0,0,5.21258E+20,5.33679E+21,9.28599E+15,4.8184E+16
54280,8,1,26,72,2018,9,23,7,3,8,1,2,0,0,0,0,0,1,1,5.34791E+20,5.4673E+21,9.4791E+15,4.93574E+16
54281,8,2,21,0,2018,9,13,4,3,1,6,0,0,1,0,0,0,0,0,4.74407E+20,5.46937E+21,8.64743E+15,4.93765E+16
54282,8,2,16,7,2018,9,11,7,2,3,7,0,0,1,0,0,0,0,0,4.35922E+20,5.4002E+21,8.12825E+15,4.87515E+16
54283,8,2,16,24,2018,9,8,4,3,0,6,0,1,0,0,0,0,1,0,4.45326E+20,5.40931E+21,8.25497E+15,4.88343E+16
54284,8,4,15,27,2018,9,21,6,2,8,1,2,0,1,0,0,0,0,0,5.27496E+20,5.36293E+21,9.37162E+15,4.84189E+16
54285,8,2,16,63,2018,9,13,4,3,8,7,0,0,1,0,0,0,0,0,4.32549E+20,5.4051E+21,8.08157E+15,4.87952E+16
54286,8,1,17,19,2018,9,14,5,3,3,2,0,0,1,0,1,0,0,0,5.51225E+20,5.39437E+21,9.69618E+15,4.87003E+16
54287,8,2,11,0,2018,9,0,6,3,4,6,2,0,1,0,0,1,0,0,4.36843E+20,5.40626E+21,8.13985E+15,4.88061E+16
54288,8,2,16,8,2018,9,7,4,3,6,4,0,0,1,1,0,0,0,0,4.40336E+20,5.39268E+21,8.18939E+15,4.86843E+16
54289,8,2,36,62,2018,9,10,5,3,0,3,0,0,1,0,1,0,0,0,4.85551E+20,5.40796E+21,8.80314E+15,4.88244E+16
54290,8,2,15,100,2018,9,11,4,3,2,2,0,0,1,0,0,0,1,0,4.74747E+20,5.45221E+21,8.6532E+15,4.92221E+16
54291,8,1,36,65,2018,9,9,5,3,2,6,0,0,1,0,0,0,0,0,5.59587E+20,5.40596E+21,9.81149E+15,4.88038E+16
54292,8,4,16,36,2018,9,8,5,3,2,6,0,0,1,0,0,0,0,0,4.9434E+20,5.36528E+21,8.92347E+15,4.84406E+16
54293,8,1,25,34,2018,9,5,7,3,9,1,2,0,1,0,0,0,0,0,4.98963E+20,5.4447E+21,8.98577E+15,4.91551E+16
54294,8,2,16,7,2018,9,10,5,2,3,6,0,0,1,0,0,1,0,0,4.35116E+20,5.39902E+21,8.11747E+15,4.87408E+16
54295,8,2,15,100,2018,9,17,4,3,3,6,0,1,0,0,0,0,1,0,4.74726E+20,5.45187E+21,8.65293E+15,4.92191E+16
54296,8,3,15,41,2018,9,21,6,2,9,1,2,0,0,0,1,0,0,1,4.24491E+20,5.32103E+21,7.987E+15,4.80381E+16
54297,8,1,15,42,2018,9,8,4,3,2,6,0,0,1,0,0,0,0,0,4.93879E+20,5.40677E+21,8.91663E+15,4.88139E+16
54298,8,2,26,65,2018,9,7,5,3,5,3,0,0,1,0,1,0,0,0,4.78305E+20,5.45802E+21,8.70175E+15,4.92746E+16
54299,8,3,35,77,2018,9,7,4,3,0,1,0,0,0,0,1,0,0,0,4.9174E+20,5.29126E+21,8.88975E+15,4.77747E+16
54300,8,1,21,0,2018,9,17,6,3,0,3,0,1,1,0,0,0,0,0,5.16004E+20,5.44538E+21,9.21951E+15,4.9161E+16
54301,8,1,36,88,2018,9,18,4,3,2,6,0,0,1,0,0,0,0,0,5.80772E+20,5.40957E+21,1.01007E+16,4.88339E+16
54302,8,4,17,57,2018,9,11,6,2,9,7,0,0,1,0,0,0,1,0,4.83257E+20,5.33899E+21,8.77467E+15,4.8204E+16
54303,8,1,36,88,2018,9,15,4,3,8,1,0,0,1,0,0,0,0,0,5.84875E+20,5.40586E+21,1.01558E+16,4.87999E+16
54304,8,1,16,77,2018,9,16,5,3,0,7,0,0,0,0,0,0,1,0,5.16112E+20,5.3921E+21,9.21889E+15,4.86818E+16
54305,8,1,28,131,2018,9,18,6,3,2,2,0,0,1,0,0,0,0,1,5.36169E+20,5.51449E+21,9.50241E+15,4.97818E+16
54306,8,1,36,40,2018,9,19,4,3,1,5,1,0,1,0,0,0,0,0,5.64491E+20,5.4113E+21,9.87911E+15,4.88513E+16
54307,8,4,21,0,2018,9,16,7,3,5,3,0,0,1,0,0,0,0,0,5.71738E+20,5.36423E+21,9.96973E+15,4.84271E+16
54308,8,2,26,84,2018,9,18,5,3,0,3,0,0,1,0,1,0,0,0,4.69451E+20,5.47055E+21,8.57907E+15,4.93868E+16
54309,8,1,28,139,2018,9,10,4,3,5,3,0,0,1,0,0,0,0,0,5.51336E+20,5.49196E+21,9.71011E+15,4.95781E+16
54310,8,4,36,55,2018,9,18,5,3,2,6,0,0,1,0,0,0,0,0,5.76463E+20,5.29759E+21,1.00216E+16,4.78271E+16
54311,8,3,37,66,2018,9,5,5,2,5,3,2,0,1,0,0,0,1,0,4.30061E+20,5.26853E+21,8.07019E+15,4.75664E+16
54312,8,1,18,79,2018,9,13,7,3,5,3,0,0,1,0,0,0,0,0,5.10225E+20,5.42174E+21,9.13965E+15,4.89485E+16
54313,8,1,27,43,2018,9,4,4,2,9,1,2,0,1,0,0,0,0,0,5.65332E+20,5.44735E+21,9.89638E+15,4.91755E+16
54314,8,2,26,38,2018,9,14,6,3,1,6,0,0,1,0,0,0,0,0,4.73835E+20,5.48063E+21,8.63881E+15,4.94778E+16
54315,8,1,27,76,2018,9,18,4,3,5,3,0,1,1,0,0,0,0,0,5.53514E+20,5.44086E+21,9.73338E+15,4.91183E+16
54316,8,2,22,0,2018,9,7,5,3,2,6,0,0,1,0,0,0,0,0,4.60872E+20,5.48238E+21,8.45969E+15,4.94928E+16
54317,8,1,26,28,2018,9,7,4,3,5,2,0,0,1,0,0,0,0,0,5.40749E+20,5.45962E+21,9.56036E+15,4.9288E+16
54318,8,1,18,51,2018,9,12,6,3,2,6,0,0,1,0,0,0,0,0,5.1084E+20,5.4147E+21,9.14786E+15,4.88851E+16
54319,8,3,25,24,2018,9,6,7,2,8,1,0,0,1,0,0,0,0,0,4.56422E+20,5.33877E+21,8.41353E+15,4.82006E+16