OBJECTID_1,ULAND,UREGBEZ,UKREIS,UGEMEINDE,UJAHR,UMONAT,USTUNDE,UWOCHENTAG,UKATEGORIE,UART,UTYP1,ULICHTVERH,IstRad,IstPKW,IstFuss,IstKrad,IstGkfz,IstSonstig,STRZUSTAND,LINREFX,LINREFY,XGCSWGS84,YGCSWGS84
54320,8,2,22,0,2018,9,8,5,3,1,6,0,0,1,0,1,0,0,0,4.60649E+20,5.4811E+21,8.45674E+15,4.94812E+16
54321,8,1,26,66,2018,9,8,4,2,0,7,0,1,0,0,0,0,0,0,5.3692E+20,5.44996E+21,9.50682E+15,4.92014E+16
54322,8,4,36,12,2018,9,15,6,3,2,6,0,0,1,0,0,0,0,0,5.5055E+20,5.30139E+21,9.67588E+15,4.78639E+16
54323,8,3,36,91,2018,9,13,7,3,1,1,0,0,1,0,0,1,0,0,3.94671E+20,5.27356E+21,7.59859E+15,4.76069E+16
54324,8,1,26,58,2018,9,18,4,2,5,3,0,0,1,0,1,0,0,0,5.42845E+20,5.45167E+21,9.58833E+15,4.92163E+16
54325,8,4,36,64,2018,9,16,5,2,2,6,0,0,1,0,1,0,0,0,5.46367E+20,5.29156E+21,9.61891E+15,4.77758E+16
54326,8,1,11,0,2018,9,14,7,3,5,2,0,0,1,0,0,0,0,0,5.16114E+20,5.40566E+21,9.21944E+15,4.88037E+16
54327,8,2,25,74,2018,9,18,4,2,5,3,0,0,1,0,0,0,0,0,5.0697E+20,5.46524E+21,9.09595E+15,4.93398E+16
54328,8,1,27,25,2018,9,20,5,2,8,1,0,0,0,0,1,0,0,0,5.56455E+20,5.42506E+21,9.77148E+15,4.89758E+16
54329,8,2,35,85,2018,9,12,6,3,4,2,0,0,1,0,0,0,0,0,4.82768E+20,5.39509E+21,8.76577E+15,4.87086E+16
54330,8,1,25,98,2018,9,15,4,2,8,1,0,0,0,0,1,0,0,0,5.25348E+20,5.4371E+21,9.34716E+15,4.90862E+16
54331,8,2,21,0,2018,9,12,5,3,2,6,0,1,1,0,0,0,0,0,4.78397E+20,5.47339E+21,8.70217E+15,4.94128E+16
54332,8,1,25,96,2018,9,16,4,3,2,6,0,0,1,0,1,0,0,0,5.14682E+20,5.45107E+21,9.20158E+15,4.92122E+16
54333,8,1,17,19,2018,9,6,6,2,5,3,0,0,1,0,1,0,0,0,5.52003E+20,5.3942E+21,9.70673E+15,4.86987E+16
54334,8,2,37,27,2018,9,17,7,3,8,1,0,0,0,0,1,0,0,0,4.79931E+20,5.37009E+21,8.72842E+15,4.84836E+16
54335,8,1,21,0,2018,9,7,4,3,4,2,0,0,1,0,0,0,0,0,5.12901E+20,5.44305E+21,9.17687E+15,4.91401E+16
54336,8,4,21,0,2018,9,6,6,3,4,2,0,0,1,0,0,0,0,0,5.69708E+20,5.35342E+21,9.94049E+15,4.83301E+16
54337,8,1,21,0,2018,9,22,4,3,5,2,2,0,1,0,0,0,0,0,5.1644E+20,5.44504E+21,9.22549E+15,4.91579E+16
54338,8,1,16,35,2018,9,19,5,3,2,6,1,0,1,0,0,1,0,0,5.25068E+20,5.39166E+21,9.34053E+15,4.86775E+16
54339,8,2,21,0,2018,9,17,6,3,2,6,0,0,1,0,0,0,0,1,4.75407E+20,5.4707E+21,8.66112E+15,4.93885E+16
54340,8,1,21,0,2018,9,7,4,3,4,6,0,1,0,0,0,0,0,0,5.15145E+20,5.44431E+21,9.20769E+15,4.91514E+16
54341,8,1,19,75,2018,9,19,4,2,8,1,0,0,0,0,1,0,0,0,5.36689E+20,5.42875E+21,9.50171E+15,4.90106E+16
54342,8,1,18,48,2018,9,13,5,3,3,6,0,0,1,0,0,0,0,0,5.14232E+20,5.41558E+21,9.19416E+15,4.8893E+16
54343,8,2,26,60,2018,9,7,6,3,2,6,0,0,0,0,1,0,1,0,4.77891E+20,5.46341E+21,8.69575E+15,4.9323E+16
54344,8,1,18,79,2018,9,5,4,3,4,2,2,0,1,0,0,0,0,0,5.10748E+20,5.42267E+21,9.14683E+15,4.89568E+16
54345,8,2,11,0,2018,9,18,5,3,2,6,0,0,1,0,0,0,0,0,4.38155E+20,5.39823E+21,8.15893E+15,4.8734E+16
54346,8,1,18,79,2018,9,11,4,3,1,6,0,0,1,0,0,0,0,0,5.09283E+20,5.4228E+21,9.12681E+15,4.89581E+16
54347,8,1,11,0,2018,9,5,6,3,5,3,2,0,1,0,1,0,0,0,5.11449E+20,5.40642E+21,9.15594E+15,4.88107E+16
54348,8,1,35,19,2018,9,21,7,2,5,3,2,0,1,0,1,0,0,1,5.84286E+20,5.39308E+21,1.01452E+16,4.86851E+16
54349,8,1,18,48,2018,9,16,4,3,0,3,0,0,0,0,1,0,1,0,5.14252E+20,5.41516E+21,9.19442E+15,4.88893E+16
54350,8,3,37,70,2018,9,14,6,2,4,7,0,0,1,0,0,0,0,0,4.68577E+20,5.27539E+21,8.58172E+15,4.76312E+16
54351,8,1,17,26,2018,9,10,4,3,0,7,0,1,0,0,0,0,0,0,5.47658E+20,5.39484E+21,9.64776E+15,4.87048E+16
54352,8,1,16,80,2018,9,16,5,2,4,2,0,0,1,0,1,0,0,0,5.17226E+20,5.39593E+21,9.23418E+15,4.87162E+16
54353,8,2,12,0,2018,9,14,6,3,2,6,0,0,1,0,0,0,0,0,4.55485E+20,5.42647E+21,8.39151E+15,4.89895E+16
54354,8,4,25,84,2018,9,17,4,1,2,2,0,0,1,0,1,0,0,0,5.56852E+20,5.37484E+21,9.76998E+15,4.85241E+16
54355,8,2,15,107,2018,9,7,5,3,6,4,0,0,1,1,0,0,0,0,4.62372E+20,5.45652E+21,8.48284E+15,4.92603E+16
54356,8,1,16,49,2018,9,15,4,3,5,2,0,1,1,0,0,0,0,0,5.23025E+20,5.38502E+21,9.31241E+15,4.86178E+16
54357,8,4,36,10,2018,9,19,5,3,5,2,0,1,1,0,1,0,0,0,5.63205E+20,5.30132E+21,9.84505E+15,4.78621E+16
54358,8,4,15,85,2018,9,17,5,2,8,1,0,0,0,0,1,0,0,0,5.32804E+20,5.34177E+21,9.44171E+15,4.82283E+16
54359,8,1,19,42,2018,9,14,7,2,8,6,0,0,0,0,1,0,0,0,5.28019E+20,5.41487E+21,9.3822E+15,4.88862E+16
54360,8,1,16,49,2018,9,19,4,3,6,6,0,1,0,1,0,0,0,0,5.24122E+20,5.38499E+21,9.3273E+15,4.86176E+16
54361,8,2,15,17,2018,9,16,5,2,1,6,0,0,1,0,0,0,0,0,4.56214E+20,5.42303E+21,8.40186E+15,4.89586E+16
54362,8,1,16,15,2018,9,16,4,3,4,2,0,0,1,0,1,0,0,0,5.23348E+20,5.3935E+21,9.31727E+15,4.86941E+16
54363,8,3,35,43,2018,9,16,5,3,3,6,0,0,1,0,1,0,0,0,5.10338E+20,5.28261E+21,9.13779E+15,4.76968E+16
54364,8,4,26,1,2018,9,13,5,3,3,2,0,0,1,0,1,0,0,0,5.67102E+20,5.34579E+21,9.90413E+15,4.82618E+16
54365,8,1,25,46,2018,9,20,7,3,2,6,2,0,1,0,0,0,0,1,5.19782E+20,5.43391E+21,9.27078E+15,4.90578E+16
54366,8,1,16,19,2018,9,12,4,2,5,3,0,0,1,0,1,0,0,0,5.26141E+20,5.39951E+21,9.35561E+15,4.87481E+16
54367,8,3,17,96,2018,9,7,6,3,2,6,0,0,1,0,0,0,0,0,4.18913E+20,5.36946E+21,7.9029E+15,4.8473E+16
54368,8,1,16,76,2018,9,18,4,3,6,2,0,0,1,1,0,0,0,0,5.27923E+20,5.40074E+21,9.37994E+15,4.8759E+16
54369,8,2,15,101,2018,9,10,5,3,2,6,0,0,1,0,0,0,0,0,4.67053E+20,5.42428E+21,8.54981E+15,4.89705E+16
54370,8,1,15,13,2018,9,7,5,3,3,6,0,0,1,0,0,0,0,0,4.93995E+20,5.38797E+21,8.91847E+15,4.86447E+16
54371,8,2,25,109,2018,9,20,6,2,5,3,2,0,1,0,0,0,0,1,5.27096E+20,5.49583E+21,9.37509E+15,4.96144E+16
54372,8,1,16,77,2018,9,11,4,3,2,6,0,0,1,0,0,0,1,0,5.16068E+20,5.39328E+21,9.21834E+15,4.86923E+16
54373,8,4,15,62,2018,9,14,7,3,4,6,0,0,1,0,0,0,0,0,5.19263E+20,5.37788E+21,9.26103E+15,4.85537E+16
54374,8,2,11,0,2018,9,11,5,3,2,6,0,0,1,0,0,0,0,0,4.42087E+20,5.40302E+21,8.21173E+15,4.87775E+16
54375,8,1,16,15,2018,9,8,4,2,6,7,0,0,1,1,0,0,0,0,5.23269E+20,5.39353E+21,9.3162E+15,4.86944E+16
54376,8,3,16,51,2018,9,11,5,3,1,6,0,0,1,0,0,0,0,0,3.9838E+20,5.33415E+21,7.63367E+15,4.81525E+16
54377,8,3,35,43,2018,9,7,5,3,5,2,0,1,1,0,0,0,0,0,5.1153E+20,5.28137E+21,9.15363E+15,4.76856E+16
54378,8,1,16,58,2018,9,22,7,3,4,6,2,0,1,0,0,0,0,1,5.33312E+20,5.3947E+21,9.45277E+15,4.87045E+16
54379,8,1,15,21,2018,9,18,4,3,2,6,0,0,1,0,0,0,0,0,4.90222E+20,5.3825E+21,8.86739E+15,4.85955E+16
54380,8,2,37,27,2018,9,17,6,3,5,2,0,0,1,0,1,0,0,0,4.83617E+20,5.3662E+21,8.77845E+15,4.84487E+16
54381,8,1,15,3,2018,9,6,4,3,5,3,1,1,1,0,0,0,0,0,4.96502E+20,5.39323E+21,8.95247E+15,4.86921E+16
54382,8,2,11,0,2018,9,9,5,3,5,3,0,0,1,0,1,0,0,0,4.43158E+20,5.40661E+21,8.2258E+15,4.88099E+16
54383,8,3,36,84,2018,9,14,6,3,4,6,0,0,1,0,1,0,0,1,4.02866E+20,5.28396E+21,7.70529E+15,4.77017E+16
54384,8,1,11,0,2018,9,16,4,3,5,2,0,0,1,0,0,0,0,0,5.1532E+20,5.39432E+21,9.20822E+15,4.87017E+16
54385,8,3,17,57,2018,9,10,5,3,5,3,0,0,1,0,0,0,1,0,4.15817E+20,5.37995E+21,7.8589E+15,4.8567E+16
54386,8,1,11,0,2018,9,9,4,2,5,3,0,1,0,0,0,0,0,0,5.12437E+20,5.40752E+21,9.16944E+15,4.88205E+16
54387,8,1,19,38,2018,9,7,6,3,4,1,0,0,0,0,0,1,1,0,5.24405E+20,5.42032E+21,9.33323E+15,4.89353E+16
54388,8,1,11,0,2018,9,17,4,3,2,6,0,0,1,0,0,0,0,1,5.13255E+20,5.40384E+21,9.18045E+15,4.87874E+16
54389,8,3,36,81,2018,9,13,7,2,0,1,0,0,0,0,1,0,0,0,4.09678E+20,5.27747E+21,7.79741E+15,4.76443E+16
54390,8,3,17,57,2018,9,8,5,3,5,3,0,0,1,0,0,1,0,0,4.14293E+20,5.37822E+21,7.83861E+15,4.85512E+16
54391,8,1,11,0,2018,9,14,4,3,3,6,0,0,1,0,1,0,0,0,5.12981E+20,5.40304E+21,9.1767E+15,4.87802E+16
54392,8,3,25,69,2018,9,12,5,3,2,6,0,0,1,0,0,0,0,0,4.67996E+20,5.33622E+21,8.56948E+15,4.81784E+16
54393,8,4,37,123,2018,9,9,6,3,5,3,0,0,1,0,0,0,0,0,5.08879E+20,5.30944E+21,9.11888E+15,4.79382E+16
54394,8,1,11,0,2018,9,16,4,3,2,6,0,0,1,0,0,0,0,0,5.06763E+20,5.39759E+21,9.09197E+15,4.87313E+16
54395,8,3,17,31,2018,9,6,5,3,0,3,2,0,1,0,1,0,0,0,4.18075E+20,5.36138E+21,7.89315E+15,4.84002E+16
54396,8,1,25,17,2018,9,13,5,3,8,1,0,0,1,0,0,0,0,0,5.03707E+20,5.434E+21,9.05075E+15,4.90589E+16
54397,8,2,31,0,2018,9,23,6,3,8,1,2,0,1,0,0,0,0,0,4.79385E+20,5.41873E+21,8.71859E+15,4.89212E+16
54398,8,1,11,0,2018,9,15,4,2,0,1,0,0,0,0,1,0,0,0,5.13313E+20,5.40439E+21,9.18126E+15,4.87924E+16
54399,8,1,11,0,2018,9,16,5,3,2,6,0,0,1,0,0,0,0,0,5.17138E+20,5.39361E+21,9.2329E+15,4.86953E+16
54400,8,2,22,0,2018,9,13,4,3,3,6,0,1,1,0,0,0,0,0,4.68413E+20,5.4794E+21,8.56405E+15,4.94664E+16
54401,8,4,25,39,2018,9,17,6,2,3,6,0,0,1,0,0,0,1,1,5.61407E+20,5.3549E+21,9.82873E+15,4.83443E+16
54402,8,2,16,13,2018,9,16,7,3,9,1,0,0,0,0,1,0,0,0,4.52903E+20,5.38956E+21,8.36047E+15,4.86573E+16
54403,8,2,36,25,2018,9,16,5,3,2,7,0,0,1,0,0,0,1,0,4.90733E+20,5.40833E+21,8.87373E+15,4.88278E+16
54404,8,4,36,18,2018,9,16,3,3,2,6,0,0,1,0,0,0,0,0,5.53775E+20,5.28595E+21,9.71708E+15,4.77247E+16
54405,8,2,35,50,2018,9,16,3,3,2,6,0,0,1,0,0,0,0,0,4.68564E+20,5.39743E+21,8.57252E+15,4.87291E+16
54406,8,1,17,6,2018,9,17,6,3,8,1,0,0,1,0,0,0,0,1,5.50043E+20,5.38412E+21,9.67888E+15,4.86082E+16
54407,8,3,37,97,2018,9,14,7,2,8,1,0,0,0,0,1,0,0,0,4.30935E+20,5.29644E+21,8.07738E+15,4.78176E+16
54408,8,1,18,48,2018,9,6,5,3,0,6,1,0,1,0,0,0,0,0,5.11402E+20,5.41854E+21,9.15564E+15,4.89197E+16
54409,8,4,25,31,2018,9,8,3,3,2,6,0,0,1,0,0,0,0,0,5.68529E+20,5.37077E+21,9.92743E+15,4.84864E+16
54410,8,4,35,67,2018,9,17,6,3,2,6,0,0,1,0,0,0,0,0,5.32319E+20,5.2901E+21,9.43129E+15,4.77635E+16
54411,8,3,27,49,2018,9,16,3,3,5,3,0,0,1,0,0,0,0,0,4.72597E+20,5.32439E+21,8.63213E+15,4.80722E+16
54412,8,1,18,79,2018,9,14,5,2,6,4,0,0,1,1,0,0,0,0,5.07315E+20,5.4257E+21,9.09997E+15,4.89841E+16
54413,8,2,22,0,2018,9,16,6,2,2,6,0,0,1,0,0,0,1,1,4.65422E+20,5.48022E+21,8.52271E+15,4.94736E+16
54414,8,1,27,62,2018,9,13,3,3,2,2,0,0,1,0,1,0,0,0,5.49396E+20,5.429E+21,9.6755E+15,4.90119E+16
54415,8,1,36,28,2018,9,13,5,3,4,6,0,0,0,0,0,1,1,0,5.69716E+20,5.40564E+21,9.94936E+15,4.87998E+16
54416,8,1,36,65,2018,9,15,3,3,8,1,0,1,0,0,0,0,0,0,5.64639E+20,5.4006E+21,9.87943E+15,4.87551E+16
54417,8,1,11,0,2018,9,6,6,3,3,6,1,0,1,0,1,0,0,0,5.13336E+20,5.40447E+21,9.18158E+15,4.87931E+16
54418,8,4,35,34,2018,9,17,5,3,4,6,0,1,1,0,0,0,0,0,5.29496E+20,5.28521E+21,9.39329E+15,4.77196E+16
54419,8,1,27,76,2018,9,16,7,3,1,6,0,0,1,0,0,0,0,0,5.52991E+20,5.43896E+21,9.72596E+15,4.91012E+16
54420,8,1,36,65,2018,9,7,3,3,2,6,0,0,1,0,0,0,0,0,5.53692E+20,5.40286E+21,9.7308E+15,4.87764E+16
54421,8,3,26,74,2018,9,17,6,3,2,1,0,0,1,0,0,0,0,0,4.65453E+20,5.32146E+21,8.53647E+15,4.80455E+16
54422,8,4,37,100,2018,9,16,3,3,9,7,0,0,0,0,1,0,0,0,5.37125E+20,5.3185E+21,9.49786E+15,4.80188E+16
54423,8,1,16,33,2018,9,18,5,3,5,3,0,1,1,0,0,0,0,0,5.32625E+20,5.38848E+21,9.44294E+15,4.86485E+16
54424,8,4,17,79,2018,9,16,6,3,2,6,0,0,1,0,1,0,0,0,5.01918E+20,5.34105E+21,9.02583E+15,4.82227E+16
54425,8,4,37,100,2018,9,17,3,3,2,6,0,0,1,0,0,0,0,0,5.36326E+20,5.3189E+21,9.48718E+15,4.80224E+16
54426,8,1,17,43,2018,9,13,5,2,8,1,0,1,0,0,0,0,0,0,5.53155E+20,5.39027E+21,9.72188E+15,4.86632E+16
54427,8,2,16,17,2018,9,8,6,3,5,2,0,0,1,0,0,0,0,0,4.51072E+20,5.40203E+21,8.33413E+15,4.87694E+16
54428,8,4,37,44,2018,9,15,3,2,8,1,0,0,1,0,0,0,0,0,5.30122E+20,5.32741E+21,9.40458E+15,4.80992E+16
54429,8,1,36,65,2018,9,15,5,3,2,6,0,0,1,0,0,0,0,0,5.58318E+20,5.40148E+21,9.79357E+15,4.87636E+16
54430,8,4,36,82,2018,9,11,3,3,8,1,0,0,0,0,1,0,0,0,5.48971E+20,5.294E+21,9.65393E+15,4.77975E+16
54431,8,3,36,105,2018,9,14,5,3,5,3,0,1,1,0,0,0,0,0,4.01738E+20,5.26696E+21,7.69407E+15,4.75486E+16
54432,8,4,17,79,2018,9,17,5,3,2,6,0,0,1,0,0,0,0,0,4.97457E+20,5.34442E+21,8.96574E+15,4.8253E+16
54433,8,1,21,0,2018,9,18,7,3,2,6,1,0,1,0,0,0,0,0,5.14429E+20,5.44204E+21,9.1978E+15,4.9131E+16
54434,8,2,35,46,2018,9,10,5,3,1,6,0,0,1,0,0,0,0,0,4.8039E+20,5.37752E+21,8.73428E+15,4.85505E+16
54435,8,4,35,36,2018,9,19,3,3,2,6,1,0,1,0,0,0,1,0,5.19515E+20,5.285E+21,9.2602E+15,4.77181E+16
54436,8,4,16,25,2018,9,8,6,3,2,6,0,0,1,0,0,0,1,0,5.04128E+20,5.36172E+21,9.05577E+15,4.84086E+16
54437,8,4,35,59,2018,9,17,3,3,5,3,0,1,1,0,0,0,0,0,5.12689E+20,5.29068E+21,9.16935E+15,4.77693E+16
54438,8,1,36,43,2018,9,11,5,3,2,6,0,0,1,0,0,0,1,0,5.72367E+20,5.40814E+21,9.98589E+15,4.8822E+16
54439,8,1,11,0,2018,9,11,5,3,5,2,0,1,1,0,0,0,0,0,5.12309E+20,5.40653E+21,9.16766E+15,4.88116E+16
54440,8,1,25,59,2018,9,6,6,3,8,1,0,0,0,0,1,0,0,0,5.30648E+20,5.43847E+21,9.41985E+15,4.90983E+16
54441,8,4,35,35,2018,9,16,3,3,5,3,0,1,1,0,0,0,0,0,5.41151E+20,5.28339E+21,9.54851E+15,4.77026E+16
54442,8,4,15,78,2018,9,10,7,3,2,2,0,0,1,0,0,0,0,0,5.31249E+20,5.37218E+21,9.42304E+15,4.8502E+16
54443,8,1,36,88,2018,9,15,5,3,0,7,0,0,0,0,1,0,0,0,5.79893E+20,5.41021E+21,1.00888E+16,4.88397E+16
54444,8,4,35,10,2018,9,10,3,3,5,3,0,1,0,0,0,0,1,0,5.19937E+20,5.28429E+21,9.26579E+15,4.77117E+16
54445,8,3,27,18,2018,9,18,5,2,2,6,0,0,1,0,1,0,0,0,4.75772E+20,5.30739E+21,8.67571E+15,4.79193E+16
54446,8,1,35,19,2018,9,9,6,2,3,6,0,1,0,0,0,0,0,0,5.85509E+20,5.39119E+21,1.01614E+16,4.86679E+16
54447,8,4,26,128,2018,9,17,3,3,2,6,0,0,1,0,0,0,0,0,5.59907E+20,5.33148E+21,9.80518E+15,4.81337E+16
54448,8,4,26,1,2018,9,4,7,3,0,1,2,0,1,0,0,0,0,0,5.67388E+20,5.34553E+21,9.90794E+15,4.82594E+16
54449,8,4,21,0,2018,9,14,3,3,4,6,0,0,1,0,1,0,0,0,5.72457E+20,5.36846E+21,9.98019E+15,4.84651E+16
54450,8,4,36,69,2018,9,9,5,3,5,3,0,0,1,0,0,0,0,0,5.50549E+20,5.29103E+21,9.67466E+15,4.77706E+16
54451,8,3,37,51,2018,9,19,5,2,8,1,2,0,0,0,1,0,0,0,4.37769E+20,5.28823E+21,8.16984E+15,4.77445E+16
54452,8,1,18,71,2018,9,18,7,3,4,2,1,0,1,0,0,0,0,0,5.10866E+20,5.41888E+21,9.14833E+15,4.89227E+16
54453,8,4,15,61,2018,9,11,3,2,3,6,0,0,1,0,0,1,0,0,5.15276E+20,5.37206E+21,9.2068E+15,4.85015E+16
54454,8,2,36,46,2018,9,19,6,3,2,6,2,0,1,0,0,0,0,0,4.82884E+20,5.41782E+21,8.7664E+15,4.89131E+16
54455,8,4,15,61,2018,9,7,3,3,5,2,0,1,1,0,0,0,0,0,5.14509E+20,5.36971E+21,9.19634E+15,4.84804E+16
54456,8,4,15,59,2018,9,16,3,3,2,6,0,0,1,0,0,0,0,0,5.16325E+20,5.36837E+21,9.22085E+15,4.84683E+16
54457,8,1,18,27,2018,9,11,6,3,3,2,0,0,1,0,1,0,0,0,5.02637E+20,5.4125E+21,9.03596E+15,4.88654E+16
54458,8,3,26,3,2018,9,23,7,3,2,7,2,0,1,0,0,0,0,0,4.64318E+20,5.31958E+21,8.52139E+15,4.80285E+16
54459,8,4,15,93,2018,9,9,3,2,9,6,0,0,0,0,1,0,0,0,5.2923E+20,5.36616E+21,9.39528E+15,4.84479E+16
54460,8,1,36,75,2018,9,13,6,3,8,7,0,0,1,0,0,0,0,0,5.99914E+20,5.42281E+21,1.03647E+16,4.89502E+16
54461,8,1,16,46,2018,9,8,3,3,6,7,0,1,0,1,0,0,0,0,5.24357E+20,5.37685E+21,9.33E+15,4.85442E+16
54462,8,1,18,21,2018,9,18,5,3,5,3,0,0,1,0,0,0,0,0,5.20769E+20,5.4279E+21,9.28398E+15,4.90036E+16
54463,8,2,36,46,2018,9,13,6,2,0,7,0,1,1,0,0,0,0,0,4.83944E+20,5.41839E+21,8.78084E+15,4.89183E+16
54464,8,1,15,21,2018,9,15,7,3,3,6,0,0,1,0,1,0,0,0,4.9008E+20,5.38251E+21,8.86546E+15,4.85956E+16
54465,8,3,37,128,2018,9,15,3,2,4,1,0,0,1,0,1,0,0,0,4.50709E+20,5.28836E+21,8.34244E+15,4.77468E+16
54466,8,1,27,14,2018,9,11,5,3,6,4,0,0,1,1,0,0,0,0,5.78331E+20,5.44329E+21,1.00739E+16,4.91374E+16
54467,8,2,35,46,2018,9,13,6,3,5,3,0,0,1,0,0,0,0,0,4.80069E+20,5.37704E+21,8.72995E+15,4.85462E+16
54468,8,3,27,2,2018,9,17,3,3,2,6,0,0,1,0,0,0,0,0,4.76465E+20,5.32518E+21,8.68401E+15,4.80794E+16
54469,8,3,27,49,2018,9,16,3,3,2,6,0,0,1,0,0,0,0,0,4.73087E+20,5.32387E+21,8.63874E+15,4.80675E+16
54470,8,4,25,108,2018,9,20,6,2,9,1,2,0,1,0,0,0,0,1,5.53311E+20,5.3593E+21,9.72004E+15,4.83846E+16
54471,8,2,15,9,2018,9,10,7,3,0,6,0,0,1,0,0,0,0,0,4.65879E+20,5.43777E+21,8.53264E+15,4.90919E+16
54472,8,3,26,74,2018,9,8,3,3,2,6,0,0,1,0,0,0,0,0,4.65782E+20,5.32148E+21,8.54088E+15,4.80457E+16
54473,8,4,26,120,2018,9,17,6,2,0,2,0,0,1,0,1,0,0,0,5.61856E+20,5.32365E+21,9.83024E+15,4.80632E+16
54474,8,2,37,40,2018,9,16,3,3,5,3,0,0,1,0,0,0,0,0,4.75785E+20,5.36813E+21,8.67242E+15,4.84658E+16
54475,8,1,15,24,2018,9,14,5,2,2,6,0,0,1,0,1,0,0,0,5.00976E+20,5.38641E+21,9.01324E+15,4.86308E+16
54476,8,2,21,0,2018,9,21,6,3,0,7,2,0,0,0,1,0,0,1,4.7675E+20,5.47213E+21,8.67955E+15,4.94014E+16
54477,8,3,17,96,2018,9,7,3,3,1,5,0,1,1,0,0,0,0,0,4.21889E+20,5.36969E+21,7.94311E+15,4.84755E+16
54478,8,4,16,31,2018,9,11,5,3,1,6,0,0,1,0,0,0,0,0,5.02662E+20,5.36262E+21,9.03597E+15,4.84167E+16
54479,8,3,16,54,2018,9,11,3,3,8,1,0,0,1,0,0,0,0,0,4.21386E+20,5.33977E+21,7.9419E+15,4.82063E+16
54480,8,4,36,9,2018,9,18,5,3,5,7,0,0,1,0,1,0,0,0,5.56209E+20,5.30771E+21,9.75236E+15,4.79202E+16
54481,8,4,26,65,2018,9,17,5,2,5,3,0,0,1,0,0,0,0,0,5.80688E+20,5.334E+21,1.00849E+16,4.81541E+16
54482,8,3,15,37,2018,9,18,3,3,4,1,0,0,1,0,0,0,0,0,4.33546E+20,5.30051E+21,8.11163E+15,4.78545E+16
54483,8,3,15,131,2018,9,17,3,3,9,1,0,0,1,0,0,0,0,0,4.03866E+20,5.31161E+21,7.71248E+15,4.79506E+16
54484,8,1,15,37,2018,9,12,6,3,2,6,0,0,1,0,0,0,0,0,4.93089E+20,5.38691E+21,8.9062E+15,4.86352E+16
54485,8,1,26,58,2018,9,14,7,3,9,1,0,0,1,0,0,0,0,0,5.42021E+20,5.45172E+21,9.57702E+15,4.92168E+16
54486,8,2,26,12,2018,9,7,3,3,2,6,0,0,1,0,0,0,0,0,4.74382E+20,5.4777E+21,8.64655E+15,4.94514E+16
54487,8,4,15,92,2018,9,13,6,3,2,6,0,0,1,0,1,0,0,0,5.17705E+20,5.36611E+21,9.23943E+15,4.84479E+16
54488,8,2,12,0,2018,9,17,3,3,2,6,0,0,1,0,0,0,0,0,4.59508E+20,5.43004E+21,8.44615E+15,4.90219E+16
54489,8,1,16,49,2018,9,10,5,3,3,6,0,0,1,0,1,0,0,0,5.24469E+20,5.38616E+21,9.33207E+15,4.8628E+16
54490,8,2,15,21,2018,9,18,6,3,5,3,0,0,1,0,0,0,0,1,4.71103E+20,5.44651E+21,8.60357E+15,4.91707E+16
54491,8,2,37,24,2018,9,16,3,3,0,6,0,0,0,0,1,0,0,0,4.79704E+20,5.35902E+21,8.72587E+15,4.8384E+16
54492,8,2,35,65,2018,9,6,3,3,4,6,0,0,0,0,0,1,0,0,4.74234E+20,5.40658E+21,8.64905E+15,4.88117E+16
54493,8,4,35,18,2018,9,16,5,3,2,6,0,0,0,0,0,1,0,0,5.25313E+20,5.27954E+21,9.33718E+15,4.76687E+16
54494,8,4,15,91,2018,9,20,5,3,5,3,2,0,1,0,1,0,0,0,5.13454E+20,5.36012E+21,9.18175E+15,4.83941E+16
54495,8,1,19,79,2018,9,13,7,3,2,6,0,0,1,0,0,0,0,0,5.22385E+20,5.41369E+21,9.30528E+15,4.88758E+16
54496,8,2,35,85,2018,9,12,5,3,2,6,0,0,1,0,0,1,0,0,4.80702E+20,5.39622E+21,8.73763E+15,4.87187E+16
54497,8,2,31,0,2018,9,15,3,3,6,4,0,0,1,1,0,0,0,0,4.7891E+20,5.4157E+21,8.71226E+15,4.88939E+16
54498,8,3,36,103,2018,9,17,6,3,4,6,0,0,1,0,0,0,1,0,4.15719E+20,5.28649E+21,7.87609E+15,4.77263E+16
54499,8,2,15,17,2018,9,11,3,3,2,6,0,0,0,0,0,1,1,0,4.54249E+20,5.42225E+21,8.3751E+15,4.89515E+16
54500,8,2,22,0,2018,9,10,5,3,0,6,0,0,1,0,1,0,0,0,4.62629E+20,5.47966E+21,8.48422E+15,4.94685E+16
54501,8,2,11,0,2018,9,14,3,3,3,6,0,0,1,0,0,0,0,0,4.41003E+20,5.40749E+21,8.19632E+15,4.88176E+16
54502,8,1,16,72,2018,9,6,5,3,1,5,1,0,1,0,0,1,0,0,5.30813E+20,5.39311E+21,9.41869E+15,4.86902E+16
54503,8,2,35,46,2018,9,10,3,3,4,6,0,0,1,0,0,0,0,0,4.79986E+20,5.38301E+21,8.72853E+15,4.85998E+16
54504,8,1,16,42,2018,9,17,6,3,2,6,0,0,1,0,0,0,0,0,5.16925E+20,5.38157E+21,9.2295E+15,4.8587E+16
54505,8,2,31,0,2018,9,17,4,3,5,3,0,0,0,0,1,1,0,0,4.78146E+20,5.41105E+21,8.7021E+15,4.8852E+16
54506,8,2,36,72,2018,9,7,3,3,0,7,0,1,0,0,0,0,0,0,4.66206E+20,5.41031E+21,8.5394E+15,4.88448E+16
54507,8,2,36,25,2018,9,8,3,3,8,1,0,0,0,0,1,0,0,0,4.90138E+20,5.40905E+21,8.86561E+15,4.88344E+16