OBJECTID_1,ULAND,UREGBEZ,UKREIS,UGEMEINDE,UJAHR,UMONAT,USTUNDE,UWOCHENTAG,UKATEGORIE,UART,UTYP1,ULICHTVERH,IstRad,IstPKW,IstFuss,IstKrad,IstGkfz,IstSonstig,STRZUSTAND,LINREFX,LINREFY,XGCSWGS84,YGCSWGS84
54697,8,1,17,26,2018,9,16,2,3,5,3,0,0,1,0,0,0,0,0,5.45711E+20,5.39561E+21,9.62138E+15,4.87119E+16
54698,8,1,18,48,2018,9,7,5,3,2,7,0,0,1,0,1,0,0,0,5.14232E+20,5.41559E+21,9.19416E+15,4.88931E+16
54699,8,4,25,71,2018,9,7,2,2,4,6,0,0,1,0,0,0,0,0,5.49716E+20,5.37286E+21,9.67309E+15,4.85069E+16
54700,8,1,17,24,2018,9,11,6,3,2,6,0,0,1,0,0,0,0,0,5.6181E+20,5.38521E+21,9.83866E+15,4.86169E+16
54701,8,2,15,25,2018,9,18,4,2,1,5,0,0,1,0,0,1,0,0,4.74967E+20,5.43478E+21,8.6573E+15,4.90654E+16
54702,8,2,26,95,2018,9,12,3,3,2,6,0,0,1,0,0,0,0,0,4.7282E+20,5.46076E+21,8.62615E+15,4.92989E+16
54703,8,1,11,0,2018,9,8,4,3,5,3,0,1,1,0,0,0,0,0,5.09682E+20,5.40355E+21,9.1318E+15,4.87849E+16
54704,8,1,16,49,2018,9,17,2,3,2,6,0,0,1,0,0,0,0,0,5.23104E+20,5.38509E+21,9.31349E+15,4.86184E+16
54705,8,3,17,59,2018,9,17,5,3,2,6,0,0,1,0,0,0,0,0,4.1317E+20,5.35057E+21,7.82912E+15,4.83024E+16
54706,8,1,16,33,2018,9,23,2,3,2,6,2,0,1,0,0,0,0,0,5.29453E+20,5.38667E+21,9.39975E+15,4.86324E+16
54707,8,1,16,47,2018,9,16,2,3,2,6,0,0,1,0,0,1,0,0,5.19451E+20,5.39324E+21,9.26431E+15,4.86919E+16
54708,8,2,26,95,2018,9,12,4,3,2,6,0,0,1,0,0,0,0,0,4.72567E+20,5.45936E+21,8.62277E+15,4.92863E+16
54709,8,4,37,59,2018,9,7,3,3,8,1,0,0,0,0,1,0,0,0,5.12786E+20,5.32536E+21,9.17167E+15,4.80814E+16
54710,8,1,16,78,2018,9,17,2,3,2,6,1,0,1,0,0,0,0,0,5.13005E+20,5.39305E+21,9.17671E+15,4.86903E+16
54711,8,3,25,51,2018,9,20,5,3,2,6,2,0,1,0,0,0,0,0,4.5154E+20,5.34793E+21,8.34678E+15,4.82827E+16
54712,8,1,16,76,2018,9,10,2,3,0,1,0,1,0,0,0,0,0,0,5.28645E+20,5.40203E+21,9.38985E+15,4.87706E+16
54713,8,1,16,14,2018,9,8,2,2,2,6,0,0,1,0,0,0,0,0,5.27172E+20,5.39592E+21,9.3694E+15,4.87157E+16
54714,8,2,21,0,2018,9,15,5,3,1,6,0,1,0,0,0,0,0,0,4.77665E+20,5.47371E+21,8.69207E+15,4.94156E+16
54715,8,1,15,1,2018,9,14,2,3,1,6,0,0,1,0,0,0,0,0,4.92607E+20,5.39175E+21,8.89956E+15,4.86787E+16
54716,8,1,15,21,2018,9,16,5,2,6,6,0,1,0,1,0,0,0,0,4.89701E+20,5.38287E+21,8.86031E+15,4.85988E+16
54717,8,4,37,100,2018,9,9,3,3,5,3,0,0,1,0,1,0,0,0,5.38019E+20,5.31695E+21,9.50971E+15,4.80047E+16
54718,8,1,15,50,2018,9,13,2,3,5,3,0,0,1,0,0,0,0,0,4.90475E+20,5.39988E+21,8.87042E+15,4.87519E+16
54719,8,1,15,45,2018,9,10,6,3,2,6,0,0,1,0,0,0,0,0,4.99664E+20,5.39471E+21,8.99543E+15,4.87054E+16
54720,8,2,22,0,2018,9,10,4,3,5,3,0,1,1,0,0,0,0,0,4.63329E+20,5.47825E+21,8.49401E+15,4.94558E+16
54721,8,1,15,37,2018,9,5,2,3,1,6,2,0,1,0,0,0,0,0,4.91433E+20,5.38455E+21,8.88377E+15,4.8614E+16
54722,8,4,36,81,2018,9,18,3,3,8,1,0,0,0,0,1,0,0,0,5.62658E+20,5.28504E+21,9.83539E+15,4.77157E+16
54723,8,1,18,80,2018,9,11,4,2,1,5,0,0,1,0,0,0,0,0,5.06237E+20,5.4105E+21,9.08501E+15,4.88475E+16
54724,8,2,25,2,2018,9,8,6,3,4,1,0,0,1,0,0,0,0,0,4.9987E+20,5.46651E+21,8.9982E+15,4.93513E+16
54725,8,3,16,11,2018,9,19,5,2,5,3,2,0,1,0,1,0,0,0,4.14481E+20,5.3289E+21,7.85116E+15,4.81076E+16
54726,8,1,11,0,2018,9,17,2,3,2,6,0,0,1,0,0,0,0,0,5.1545E+20,5.40584E+21,9.21041E+15,4.88054E+16
54727,8,1,11,0,2018,9,9,2,3,2,6,0,0,1,0,0,0,0,0,5.11825E+20,5.40033E+21,9.16089E+15,4.87559E+16
54728,8,1,15,28,2018,9,10,5,3,3,6,0,0,1,0,0,1,0,0,5.01111E+20,5.40351E+21,9.01513E+15,4.87845E+16
54729,8,1,11,0,2018,9,7,2,3,2,6,0,0,1,0,0,1,0,0,5.13112E+20,5.41014E+21,9.17871E+15,4.88441E+16
54730,8,3,37,96,2018,9,11,4,2,2,1,0,0,1,0,1,0,0,0,4.20498E+20,5.2675E+21,7.94326E+15,4.7556E+16
54731,8,4,35,16,2018,9,7,3,3,2,6,0,0,1,0,0,0,0,0,5.36321E+20,5.28178E+21,9.484E+15,4.76884E+16
54732,8,2,15,102,2018,9,8,5,3,2,6,0,0,1,0,0,0,0,0,4.57004E+20,5.4378E+21,8.41107E+15,4.90916E+16
54733,8,1,36,9,2018,9,18,1,3,2,1,0,0,1,0,0,0,0,0,5.70068E+20,5.40587E+21,9.95419E+15,4.88019E+16
54734,8,4,15,59,2018,9,13,4,3,3,2,0,1,1,0,0,0,0,0,5.16538E+20,5.3699E+21,9.2238E+15,4.8482E+16
54735,8,4,16,41,2018,9,9,3,3,2,6,0,0,1,0,0,0,0,0,5.05518E+20,5.37332E+21,9.07471E+15,4.8513E+16
54736,8,4,37,8,2018,9,21,1,3,8,7,2,0,1,0,0,0,0,1,5.20017E+20,5.3282E+21,9.2689E+15,4.81067E+16
54737,8,4,36,49,2018,9,12,5,3,5,2,0,0,1,0,1,0,0,0,5.79036E+20,5.28529E+21,1.00538E+16,4.77162E+16
54738,8,3,17,34,2018,9,14,4,3,5,3,0,1,1,0,0,0,0,0,4.26002E+20,5.36307E+21,7.99993E+15,4.84164E+16
54739,8,4,36,1,2018,9,4,1,3,8,1,2,0,1,0,0,0,0,1,5.55662E+20,5.27594E+21,9.74096E+15,4.76345E+16
54740,8,4,16,36,2018,9,7,3,3,2,6,0,0,1,0,0,0,0,0,4.84387E+20,5.37278E+21,8.78861E+15,4.85079E+16
54741,8,2,16,23,2018,9,11,6,3,5,2,0,0,1,0,1,0,0,0,4.36938E+20,5.40674E+21,8.14107E+15,4.88104E+16
54742,8,2,21,0,2018,9,16,5,3,1,6,0,0,1,0,0,0,0,0,4.73277E+20,5.46772E+21,8.63197E+15,4.93616E+16
54743,8,4,36,1,2018,9,20,1,3,3,6,2,0,1,0,0,0,0,0,5.55583E+20,5.27492E+21,9.73979E+15,4.76253E+16
54744,8,4,36,83,2018,9,0,1,3,8,1,2,0,1,0,0,0,0,0,5.30637E+20,5.30138E+21,9.40965E+15,4.7865E+16
54745,8,1,21,0,2018,9,12,4,3,2,6,0,0,1,0,0,0,1,0,5.14518E+20,5.44336E+21,9.19905E+15,4.91429E+16
54746,8,1,35,19,2018,9,17,5,2,3,2,0,1,1,0,0,0,0,0,5.83397E+20,5.39248E+21,1.0133E+16,4.86798E+16
54747,8,4,36,55,2018,9,5,1,3,8,1,2,0,1,0,0,0,0,0,5.78078E+20,5.29719E+21,1.00431E+16,4.78233E+16
54748,8,3,17,40,2018,9,17,4,3,2,6,0,0,1,0,0,1,0,0,4.34242E+20,5.34782E+21,8.11366E+15,4.82802E+16
54749,8,4,16,36,2018,9,7,3,3,2,6,0,0,1,0,0,1,0,0,4.84431E+20,5.37277E+21,8.78922E+15,4.85079E+16
54750,8,4,25,64,2018,9,19,1,3,8,1,1,0,1,0,0,0,0,1,5.69779E+20,5.34795E+21,9.94055E+15,4.82809E+16
54751,8,4,15,19,2018,9,16,5,3,2,6,0,0,1,0,0,0,1,0,5.18229E+20,5.36952E+21,9.24666E+15,4.84786E+16
54752,8,1,25,1,2018,9,15,4,3,8,1,0,0,1,0,0,0,0,0,5.21403E+20,5.43536E+21,9.29303E+15,4.90707E+16
54753,8,4,17,2,2018,9,17,1,3,5,3,0,0,1,0,1,0,0,0,4.89128E+20,5.34302E+21,8.85358E+15,4.82403E+16
54754,8,4,15,60,2018,9,2,3,3,0,7,2,0,0,0,1,0,0,1,5.12766E+20,5.38094E+21,9.1731E+15,4.85814E+16
54755,8,1,35,19,2018,9,17,6,2,8,1,0,0,1,0,0,0,0,0,5.88939E+20,5.40275E+21,1.02104E+16,4.87714E+16
54756,8,4,15,88,2018,9,15,1,3,4,6,0,0,1,0,0,0,0,0,5.42162E+20,5.37077E+21,9.57061E+15,4.84887E+16
54757,8,4,17,2,2018,9,8,5,3,2,6,0,0,1,0,0,0,0,0,4.89288E+20,5.34482E+21,8.85568E+15,4.82565E+16
54758,8,1,35,16,2018,9,18,4,3,2,6,0,0,1,0,0,0,0,0,5.91037E+20,5.38614E+21,1.02353E+16,4.86217E+16
54759,8,4,15,61,2018,9,9,1,2,8,1,0,0,1,0,0,0,0,1,5.14016E+20,5.37093E+21,9.18971E+15,4.84913E+16
54760,8,3,35,79,2018,9,10,3,3,2,6,0,0,1,0,0,0,0,0,5.00332E+20,5.30086E+21,9.00443E+15,4.78611E+16
54761,8,2,16,23,2018,9,7,6,2,4,6,0,0,1,0,0,1,0,0,4.36845E+20,5.40626E+21,8.13988E+15,4.88061E+16
54762,8,2,11,0,2018,9,14,5,3,2,6,0,0,1,0,0,0,0,0,4.38853E+20,5.40526E+21,8.16737E+15,4.87973E+16
54763,8,4,15,61,2018,9,2,1,3,0,1,2,1,0,0,0,0,0,1,5.15322E+20,5.37085E+21,9.20737E+15,4.84906E+16
54764,8,1,19,79,2018,9,18,5,3,5,2,0,1,1,0,0,0,0,0,5.23979E+20,5.41128E+21,9.32688E+15,4.8854E+16
54765,8,4,15,85,2018,9,17,1,3,2,6,0,0,1,0,1,0,0,0,5.34545E+20,5.34202E+21,9.46518E+15,4.82304E+16
54766,8,3,16,17,2018,9,6,4,2,6,4,2,0,1,1,0,0,0,0,4.07937E+20,5.34171E+21,7.76051E+15,4.82219E+16
54767,8,3,35,100,2018,9,13,3,3,2,6,0,0,1,0,0,0,0,0,4.8701E+20,5.28717E+21,8.82674E+15,4.77377E+16
54768,8,3,36,50,2018,9,16,1,3,7,6,0,0,1,0,0,0,1,0,4.00892E+20,5.27506E+21,7.68101E+15,4.76213E+16
54769,8,3,35,96,2018,9,11,5,2,8,1,0,0,0,0,1,0,0,0,5.0761E+20,5.30375E+21,9.1018E+15,4.7887E+16
54770,8,3,37,106,2018,9,16,1,2,8,1,0,0,0,0,1,0,0,0,4.55676E+20,5.29205E+21,8.40832E+15,4.77803E+16
54771,8,3,35,43,2018,9,18,1,3,5,7,0,0,1,0,1,0,0,0,5.13634E+20,5.27959E+21,9.18161E+15,4.76695E+16
54772,8,1,25,5,2018,9,8,6,3,3,1,0,1,1,0,0,0,0,0,5.1654E+20,5.45534E+21,9.22728E+15,4.92506E+16
54773,8,2,25,32,2018,9,6,5,3,8,1,2,0,0,0,1,0,0,0,5.34108E+20,5.49531E+21,9.47211E+15,4.96094E+16
54774,8,3,35,100,2018,9,12,1,2,5,3,0,1,1,0,0,0,0,0,4.88251E+20,5.28622E+21,8.84332E+15,4.77292E+16
54775,8,1,17,51,2018,9,11,5,3,5,3,0,0,1,0,0,0,0,0,5.42434E+20,5.39498E+21,9.57677E+15,4.87064E+16
54776,8,2,36,73,2018,9,6,5,3,5,2,1,0,1,0,0,0,0,0,4.78692E+20,5.42233E+21,8.70895E+15,4.89535E+16
54777,8,4,37,47,2018,9,1,1,2,9,1,2,0,1,0,0,0,0,1,5.1699E+20,5.3421E+21,9.22879E+15,4.82319E+16
54778,8,1,19,24,2018,9,16,5,1,5,2,0,0,1,0,1,0,0,0,5.3794E+20,5.43395E+21,9.51931E+15,4.90573E+16
54779,8,3,25,12,2018,9,13,1,3,8,1,0,0,1,0,0,0,0,0,4.64911E+20,5.35361E+21,8.52654E+15,4.83347E+16
54780,8,1,18,79,2018,9,16,6,3,2,6,0,0,1,0,0,0,0,0,5.1057E+20,5.42172E+21,9.14437E+15,4.89483E+16
54781,8,2,36,74,2018,9,18,4,3,1,6,0,0,1,0,0,0,0,0,4.72823E+20,5.41785E+21,8.62908E+15,4.8913E+16
54782,8,3,11,0,2018,9,14,3,3,5,3,0,1,1,0,0,0,0,0,4.14814E+20,5.31927E+21,7.85756E+15,4.8021E+16
54783,8,3,26,74,2018,9,7,3,3,1,6,1,0,1,0,0,0,0,0,4.66664E+20,5.32357E+21,8.55256E+15,4.80646E+16
54784,8,2,37,4,2018,9,20,1,2,8,7,2,0,1,0,0,0,0,1,4.42288E+20,5.3773E+21,8.21804E+15,4.85462E+16
54785,8,3,17,1,2018,9,13,5,3,5,2,0,0,1,0,1,0,0,0,4.29731E+20,5.38883E+21,8.04597E+15,4.86486E+16
54786,8,3,17,73,2018,9,14,1,3,9,1,0,0,1,0,0,0,0,0,4.10326E+20,5.35219E+21,7.79044E+15,4.83165E+16
54787,8,3,11,0,2018,9,11,1,3,2,6,0,0,1,0,0,0,0,0,4.14809E+20,5.31923E+21,7.85749E+15,4.80206E+16
54788,8,4,35,18,2018,9,10,7,3,5,3,0,0,1,0,0,0,0,0,5.23643E+20,5.28048E+21,9.31499E+15,4.76773E+16
54789,8,2,16,43,2018,9,15,5,3,2,6,0,0,0,0,0,1,0,0,4.44933E+20,5.41232E+21,8.24921E+15,4.88614E+16
54790,8,3,15,132,2018,9,6,1,2,6,4,2,0,1,1,0,0,0,0,4.10642E+20,5.32436E+21,7.80055E+15,4.80663E+16
54791,8,4,36,64,2018,9,14,4,3,2,6,0,0,1,0,0,0,0,0,5.42271E+20,5.29119E+21,9.56419E+15,4.77727E+16
54792,8,4,17,79,2018,9,7,3,2,4,2,0,0,1,0,1,0,0,0,5.03557E+20,5.33862E+21,9.04786E+15,4.82008E+16
54793,8,2,26,10,2018,9,12,1,3,1,6,0,0,1,0,0,0,0,0,4.84729E+20,5.45712E+21,8.79009E+15,4.92667E+16
54794,8,1,11,0,2018,9,17,6,3,2,6,0,0,1,0,0,0,0,0,5.14013E+20,5.40303E+21,9.19075E+15,4.87801E+16
54795,8,2,15,106,2018,9,17,4,3,1,6,0,0,1,0,0,0,0,0,4.64159E+20,5.44902E+21,8.50808E+15,4.91929E+16
54796,8,2,26,85,2018,9,18,1,2,3,1,2,0,1,0,0,0,0,1,4.92108E+20,5.45411E+21,8.89158E+15,4.92397E+16
54797,8,3,17,47,2018,9,4,3,3,4,1,2,0,1,0,0,1,0,0,4.20085E+20,5.36484E+21,7.91964E+15,4.84317E+16
54798,8,2,22,0,2018,9,14,6,3,1,6,0,0,1,0,1,0,0,0,4.62852E+20,5.48275E+21,8.487E+15,4.94962E+16
54799,8,2,26,95,2018,9,18,5,3,2,6,0,0,1,0,0,0,0,0,4.72895E+20,5.46122E+21,8.62715E+15,4.93032E+16
54800,8,2,36,74,2018,9,18,1,3,2,6,1,0,1,0,0,0,0,1,4.71775E+20,5.4183E+21,8.61475E+15,4.8917E+16
54801,8,2,12,0,2018,9,0,1,3,5,3,2,1,1,0,0,0,0,1,4.5792E+20,5.42795E+21,8.42465E+15,4.9003E+16
54802,8,1,16,77,2018,9,9,6,3,2,6,0,0,1,0,0,0,0,0,5.1812E+20,5.38875E+21,9.24602E+15,4.86515E+16
54803,8,2,12,0,2018,9,16,4,3,2,6,0,0,1,0,0,0,0,0,4.59989E+20,5.42444E+21,8.45328E+15,4.89716E+16
54804,8,2,37,40,2018,9,21,1,3,5,3,2,0,1,0,0,0,0,1,4.77288E+20,5.36585E+21,8.69288E+15,4.84454E+16
54805,8,2,35,73,2018,9,2,1,3,0,1,2,1,0,0,0,0,0,1,4.77259E+20,5.40597E+21,8.69029E+15,4.88063E+16
54806,8,3,16,39,2018,9,7,5,3,1,1,0,0,1,0,1,0,0,0,4.18388E+20,5.32781E+21,7.90385E+15,4.80983E+16
54807,8,2,31,0,2018,9,19,1,3,5,2,2,0,1,0,0,0,0,1,4.75991E+20,5.4155E+21,8.67246E+15,4.8892E+16
54808,8,2,31,0,2018,9,3,1,3,8,1,2,0,1,0,0,0,0,1,4.75834E+20,5.41495E+21,8.67036E+15,4.8887E+16
54809,8,2,16,24,2018,9,13,5,3,0,7,0,0,0,0,0,0,1,0,4.45495E+20,5.41006E+21,8.25717E+15,4.88412E+16
54810,8,2,26,95,2018,9,17,1,3,2,6,0,0,1,0,0,0,0,1,4.70432E+20,5.46046E+21,8.59333E+15,4.92962E+16
54811,8,4,15,50,2018,9,8,4,3,1,6,0,0,1,0,0,0,0,0,5.2146E+20,5.37669E+21,9.29075E+15,4.8543E+16
54812,8,2,26,17,2018,9,18,1,2,7,7,1,0,1,0,0,0,0,1,4.93969E+20,5.46696E+21,8.91695E+15,4.93554E+16
54813,8,4,17,8,2018,9,11,5,3,5,3,0,0,1,0,0,0,0,0,4.91659E+20,5.35093E+21,8.8875E+15,4.83116E+16
54814,8,1,11,0,2018,9,7,4,3,8,6,0,0,1,0,0,1,0,0,5.12954E+20,5.39448E+21,9.17606E+15,4.87032E+16
54815,8,1,26,58,2018,9,17,1,3,2,1,0,0,1,0,0,0,0,0,5.43008E+20,5.45157E+21,9.59055E+15,4.92154E+16
54816,8,2,15,64,2018,9,16,6,3,2,1,0,0,1,0,0,0,0,0,4.77577E+20,5.45133E+21,8.69211E+15,4.92143E+16
54817,8,2,12,0,2018,9,15,5,3,2,2,0,0,1,0,0,1,0,0,4.55243E+20,5.42927E+21,8.3879E+15,4.90147E+16
54818,8,1,25,69,2018,9,18,1,3,1,1,2,0,1,0,0,0,0,1,5.2532E+20,5.45369E+21,9.34781E+15,4.92355E+16
54819,8,2,25,75,2018,9,17,5,2,5,3,0,0,1,0,1,0,0,0,5.31808E+20,5.47484E+21,9.43863E+15,4.94254E+16
54820,8,1,25,103,2018,9,19,1,3,8,1,2,0,1,0,0,0,0,1,5.2897E+20,5.46188E+21,9.39855E+15,4.93089E+16
54821,8,1,18,63,2018,9,16,1,3,9,7,0,0,1,0,0,0,0,0,5.14792E+20,5.4218E+21,9.20203E+15,4.89489E+16
54822,8,1,36,88,2018,9,16,5,3,2,6,0,0,1,0,0,0,1,0,5.72919E+20,5.41181E+21,9.99407E+15,4.8855E+16
54823,8,1,18,1,2018,9,18,1,2,4,7,2,0,1,0,1,0,0,1,5.24703E+20,5.41888E+21,9.33721E+15,4.89224E+16
54824,8,3,35,43,2018,9,13,4,3,0,3,0,1,0,0,0,0,1,0,5.13552E+20,5.27944E+21,9.18052E+15,4.76682E+16
54825,8,1,36,88,2018,9,20,1,3,0,1,2,0,1,0,0,0,1,1,5.87437E+20,5.41053E+21,1.01917E+16,4.88416E+16
54826,8,4,15,53,2018,9,16,5,2,2,6,0,0,1,0,0,0,0,0,5.36072E+20,5.35942E+21,9.48723E+15,4.83869E+16
54827,8,1,27,103,2018,9,8,4,2,1,1,0,0,1,0,0,0,1,0,5.71563E+20,5.43946E+21,9.98045E+15,4.91038E+16
54828,8,1,28,139,2018,9,12,1,3,9,1,0,0,1,0,0,0,0,1,5.4759E+20,5.49078E+21,9.65816E+15,4.95677E+16
54829,8,1,11,0,2018,9,15,6,3,2,6,0,0,1,0,0,0,0,0,5.08586E+20,5.39508E+21,9.1167E+15,4.87087E+16
54830,8,2,36,38,2018,9,16,5,2,2,6,0,0,1,0,1,0,0,0,4.88152E+20,5.42578E+21,8.83806E+15,4.89848E+16
54831,8,1,28,14,2018,9,12,1,1,5,3,0,0,1,0,0,0,0,1,5.46784E+20,5.47711E+21,9.6454E+15,4.94449E+16
54832,8,1,19,68,2018,9,11,5,3,4,1,0,0,1,0,0,0,0,0,5.25538E+20,5.41384E+21,9.3483E+15,4.8877E+16
54833,8,1,27,59,2018,9,10,1,3,9,1,0,0,1,0,0,0,0,1,5.47394E+20,5.43811E+21,9.6492E+15,4.9094E+16
54834,8,1,18,60,2018,9,15,6,2,8,1,0,0,0,0,1,0,0,0,5.29695E+20,5.43307E+21,9.40639E+15,4.90497E+16
54835,8,3,15,47,2018,9,7,4,3,2,6,0,0,1,0,1,0,0,0,4.14973E+20,5.32251E+21,7.85904E+15,4.80502E+16
54836,8,1,19,79,2018,9,16,4,3,5,3,0,1,1,0,0,0,0,0,5.22139E+20,5.40927E+21,9.30169E+15,4.8836E+16
54837,8,1,26,46,2018,9,11,1,3,5,3,0,0,1,0,0,0,0,1,5.55228E+20,5.4598E+21,9.75947E+15,4.92885E+16
54838,8,4,35,34,2018,9,12,5,2,4,7,0,0,1,0,0,0,0,0,5.28609E+20,5.28515E+21,9.38145E+15,4.77191E+16
54839,8,1,21,0,2018,9,7,1,2,8,7,0,0,1,0,0,0,0,1,5.13767E+20,5.44167E+21,9.1887E+15,4.91277E+16
54840,8,3,17,121,2018,9,11,4,3,4,6,0,0,1,0,1,0,0,0,4.21096E+20,5.34171E+21,7.93764E+15,4.82237E+16
54841,8,1,25,110,2018,9,1,1,3,8,1,2,0,1,0,0,0,0,1,5.25334E+20,5.44316E+21,9.34735E+15,4.91407E+16
54842,8,3,37,125,2018,9,18,5,3,0,2,0,0,1,0,0,0,0,0,4.51302E+20,5.26886E+21,8.35252E+15,4.75713E+16
54843,8,1,25,49,2018,9,16,1,3,9,6,0,0,1,0,0,0,0,1,4.99063E+20,5.44876E+21,8.98714E+15,4.91916E+16
54844,8,1,27,14,2018,9,19,6,3,2,6,1,0,1,0,0,0,0,0,5.77626E+20,5.44365E+21,1.00643E+16,4.91407E+16
54845,8,2,26,41,2018,9,16,5,3,2,6,0,0,1,0,0,0,0,0,4.76613E+20,5.46571E+21,8.67803E+15,4.93436E+16
54846,8,1,19,75,2018,9,16,1,2,5,3,0,1,1,0,0,0,0,0,5.39064E+20,5.42723E+21,9.53405E+15,4.89967E+16
54847,8,1,18,48,2018,9,16,5,2,5,3,0,0,1,0,0,0,0,0,5.14178E+20,5.41657E+21,9.19346E+15,4.89019E+16
54848,8,1,15,41,2018,9,16,1,2,8,1,0,0,0,0,1,0,0,0,4.94668E+20,5.40131E+21,8.92744E+15,4.87648E+16
54849,8,1,17,33,2018,9,12,6,3,2,6,0,0,1,0,0,0,0,0,5.59348E+20,5.38689E+21,9.80549E+15,4.86323E+16
54850,8,2,15,46,2018,9,19,4,2,4,2,1,0,1,0,0,0,0,0,4.51633E+20,5.41498E+21,8.34023E+15,4.88859E+16
54851,8,2,26,95,2018,9,14,3,3,2,6,0,0,1,0,0,0,0,0,4.73156E+20,5.46184E+21,8.6307E+15,4.93087E+16
54852,8,4,36,9,2018,9,15,7,2,4,6,0,0,1,0,0,0,1,0,5.57604E+20,5.30747E+21,9.771E+15,4.7918E+16
54853,8,3,17,153,2018,9,20,5,2,5,2,2,0,1,0,0,0,0,0,4.22715E+20,5.39001E+21,7.95051E+15,4.86583E+16
54854,8,4,36,8,2018,9,18,7,3,4,1,0,0,1,0,0,0,0,0,5.47919E+20,5.31111E+21,9.64179E+15,4.79515E+16
54855,8,4,36,13,2018,9,13,7,3,0,3,0,0,1,0,1,0,0,0,5.45435E+20,5.29647E+21,9.60698E+15,4.782E+16
54856,8,3,35,28,2018,9,21,7,3,2,6,2,0,1,0,0,1,0,0,4.83174E+20,5.28685E+21,8.77559E+15,4.77348E+16
54857,8,2,15,100,2018,9,15,5,3,5,3,0,0,1,0,0,0,0,0,4.74521E+20,5.4507E+21,8.65018E+15,4.92086E+16
54858,8,2,31,0,2018,10,19,3,3,2,6,2,0,1,0,0,0,0,0,4.7814E+20,5.4149E+21,8.7018E+15,4.88867E+16
54859,8,3,37,108,2018,9,13,1,2,8,1,0,0,0,0,1,0,0,0,4.2672E+20,5.29173E+21,8.02188E+15,4.77748E+16
54860,8,4,26,124,2018,10,7,2,3,2,6,1,0,1,0,0,0,0,1,5.47185E+20,5.33196E+21,9.63425E+15,4.81391E+16
54861,8,3,25,45,2018,10,16,5,3,2,6,0,0,1,0,0,0,0,0,4.72433E+20,5.35017E+21,8.62825E+15,4.83041E+16
54862,8,3,36,34,2018,9,12,1,2,5,2,0,0,1,0,1,0,0,0,4.16527E+20,5.27771E+21,7.88854E+15,4.76474E+16
54863,8,1,15,4,2018,10,15,5,2,4,6,0,0,1,0,0,0,0,0,4.87424E+20,5.37253E+21,8.82974E+15,4.85057E+16
54864,8,1,15,3,2018,10,6,2,3,2,6,1,0,1,0,0,1,0,0,4.97488E+20,5.39179E+21,8.96588E+15,4.86791E+16
54865,8,3,36,81,2018,9,2,1,3,8,1,2,0,1,0,0,0,0,0,4.10412E+20,5.28184E+21,7.80628E+15,4.76837E+16
54866,8,3,35,79,2018,9,14,1,3,0,2,0,1,0,0,1,0,0,0,5.08079E+20,5.29983E+21,9.108E+15,4.78517E+16
54867,8,4,37,104,2018,10,17,3,2,5,3,0,0,1,0,0,0,0,0,5.17683E+20,5.32136E+21,9.23726E+15,4.80453E+16
54868,8,3,35,80,2018,9,12,1,2,0,1,0,1,0,0,0,0,0,0,4.7369E+20,5.29216E+21,8.64878E+15,4.77822E+16
54869,8,2,15,97,2018,10,15,3,3,8,1,0,0,1,0,0,0,1,0,4.8776E+20,5.4436E+21,8.83217E+15,4.91451E+16
54870,8,1,11,0,2018,10,9,6,3,2,6,0,0,1,0,0,0,0,0,5.11771E+20,5.40683E+21,9.16034E+15,4.88143E+16
54871,8,4,35,66,2018,9,19,1,2,5,3,0,1,1,0,0,0,0,0,5.18693E+20,5.29028E+21,9.24947E+15,4.77656E+16
54872,8,3,35,61,2018,10,20,2,3,9,1,2,0,1,0,0,0,0,0,4.92593E+20,5.2815E+21,8.9013E+15,4.76868E+16
54873,8,3,36,84,2018,10,16,5,3,2,6,0,0,1,0,1,0,0,0,4.05567E+20,5.27711E+21,7.74277E+15,4.76405E+16
54874,8,3,27,25,2018,9,11,1,3,0,7,0,0,0,0,1,0,0,0,4.81895E+20,5.30534E+21,8.75775E+15,4.79011E+16
54875,8,3,17,89,2018,10,12,4,3,0,7,0,1,1,0,0,0,0,0,4.29643E+20,5.3739E+21,8.0473E+15,4.85143E+16
54876,8,3,27,50,2018,9,12,1,2,2,6,0,0,0,0,1,0,0,0,4.85053E+20,5.31407E+21,8.79971E+15,4.79797E+16
54877,8,3,26,5,2018,9,19,1,3,2,6,1,0,1,0,0,0,0,0,4.64458E+20,5.29441E+21,8.52536E+15,4.7802E+16
54878,8,3,15,113,2018,10,15,5,3,2,7,0,0,1,0,0,0,1,0,4.38812E+20,5.30794E+21,8.18097E+15,4.79219E+16
54879,8,3,26,6,2018,9,3,1,2,8,7,2,0,1,0,0,0,0,0,4.58385E+20,5.30734E+21,8.44301E+15,4.7918E+16
54880,8,1,17,31,2018,10,17,4,3,2,6,0,0,1,0,0,0,0,0,5.48847E+20,5.37698E+21,9.66182E+15,4.8544E+16
54881,8,1,28,115,2018,10,15,2,3,1,1,0,0,1,0,0,0,0,1,5.49799E+20,5.49503E+21,9.68925E+15,4.96058E+16
54882,8,3,17,40,2018,9,14,1,3,1,2,0,1,1,0,0,0,0,0,4.31961E+20,5.34832E+21,8.08283E+15,4.82845E+16
54883,8,1,18,21,2018,10,7,2,3,4,1,0,0,1,0,0,0,0,0,5.20352E+20,5.42845E+21,9.2783E+15,4.90086E+16
54884,8,3,17,114,2018,9,17,1,2,5,2,0,1,1,0,0,0,0,0,4.05171E+20,5.34597E+21,7.72231E+15,4.82599E+16
54885,8,2,26,98,2018,9,18,6,3,0,7,0,1,0,0,0,0,0,0,4.79762E+20,5.46081E+21,8.72164E+15,4.92997E+16