OBJECTID_1,ULAND,UREGBEZ,UKREIS,UGEMEINDE,UJAHR,UMONAT,USTUNDE,UWOCHENTAG,UKATEGORIE,UART,UTYP1,ULICHTVERH,IstRad,IstPKW,IstFuss,IstKrad,IstGkfz,IstSonstig,STRZUSTAND,LINREFX,LINREFY,XGCSWGS84,YGCSWGS84
55073,8,2,15,97,2018,10,17,4,3,9,1,0,0,0,0,1,0,0,0,4.81511E+20,5.44215E+21,8.74654E+15,4.91319E+16
55074,8,3,16,17,2018,9,9,7,3,1,6,0,0,1,0,0,0,0,0,4.0713E+20,5.34239E+21,7.74949E+15,4.82279E+16
55075,8,2,26,85,2018,10,6,3,3,3,6,0,0,1,0,0,0,0,0,4.92561E+20,5.45379E+21,8.89781E+15,4.92368E+16
55076,8,3,15,74,2018,9,16,7,2,5,2,0,0,1,0,1,0,0,0,4.00301E+20,5.29386E+21,7.66885E+15,4.77904E+16
55077,8,4,35,36,2018,10,21,2,3,9,1,2,0,0,0,0,0,1,0,5.21215E+20,5.28222E+21,9.28273E+15,4.7693E+16
55078,8,3,35,75,2018,10,13,5,2,4,2,0,1,1,0,0,0,0,0,4.86312E+20,5.28872E+21,8.81738E+15,4.77517E+16
55079,8,3,15,39,2018,9,20,7,1,8,1,2,0,1,0,0,0,0,0,4.44E+20,5.30653E+21,8.25059E+15,4.79097E+16
55080,8,1,19,1,2018,10,7,5,3,5,2,0,0,1,0,0,0,0,0,5.53521E+20,5.41011E+21,9.72943E+15,4.88416E+16
55081,8,2,16,49,2018,10,17,2,3,5,3,0,1,1,0,0,0,0,0,4.3885E+20,5.40083E+21,8.16798E+15,4.87575E+16
55082,8,3,36,81,2018,9,12,7,2,3,6,0,0,1,0,1,0,0,0,4.09917E+20,5.27728E+21,7.80064E+15,4.76427E+16
55083,8,2,36,46,2018,9,12,7,3,1,5,0,0,0,0,1,1,0,0,4.83396E+20,5.41712E+21,8.77341E+15,4.89068E+16
55084,8,1,11,0,2018,10,13,2,3,5,3,0,0,1,0,0,0,0,0,5.12063E+20,5.40688E+21,9.16432E+15,4.88148E+16
55085,8,4,36,9,2018,10,21,3,3,7,7,2,0,1,0,0,0,0,0,5.56538E+20,5.31013E+21,9.75708E+15,4.7942E+16
55086,8,2,15,21,2018,9,8,7,2,8,7,0,0,0,0,0,0,1,0,4.68688E+20,5.44587E+21,8.57048E+15,4.91648E+16
55087,8,2,21,0,2018,10,16,3,3,2,6,0,0,1,0,0,0,1,0,4.74376E+20,5.46939E+21,8.64701E+15,4.93767E+16
55088,8,2,12,0,2018,9,16,7,3,2,6,0,0,1,0,0,0,0,0,4.60549E+20,5.42872E+21,8.46052E+15,4.90101E+16
55089,8,1,11,0,2018,10,17,2,3,2,6,0,0,1,0,1,0,0,0,5.15795E+20,5.40521E+21,9.21509E+15,4.87997E+16
55090,8,1,17,26,2018,10,9,4,3,9,1,0,0,1,0,0,0,0,1,5.48677E+20,5.39352E+21,9.66145E+15,4.86928E+16
55091,8,2,26,82,2018,9,12,7,3,5,3,0,1,1,0,0,0,0,0,4.73799E+20,5.48064E+21,8.6383E+15,4.94778E+16
55092,8,2,36,46,2018,10,7,3,3,5,7,0,1,1,0,0,0,0,0,4.84582E+20,5.41747E+21,8.78959E+15,4.891E+16
55093,8,2,26,3,2018,9,11,7,3,2,6,0,0,1,0,0,0,0,0,4.60302E+20,5.46284E+21,8.45378E+15,4.9317E+16
55094,8,4,26,124,2018,10,7,2,3,2,1,1,0,1,0,0,0,0,1,5.47305E+20,5.33198E+21,9.63586E+15,4.81393E+16
55095,8,3,17,31,2018,10,22,5,3,8,1,2,0,0,0,0,0,1,0,4.18036E+20,5.36123E+21,7.89265E+15,4.83989E+16
55096,8,2,25,58,2018,9,13,7,3,4,2,0,0,1,0,1,0,0,0,5.07609E+20,5.46656E+21,9.10477E+15,4.93517E+16
55097,8,1,11,0,2018,10,5,2,3,6,2,2,0,1,1,0,0,0,0,5.1764E+20,5.40722E+21,9.24029E+15,4.88177E+16
55098,8,1,15,51,2018,10,9,5,2,5,3,0,1,1,0,1,0,0,0,5.03177E+20,5.38795E+21,9.04313E+15,4.86446E+16
55099,8,1,18,11,2018,10,16,2,3,2,6,0,0,1,0,0,0,0,0,5.06115E+20,5.40834E+21,9.08332E+15,4.8828E+16
55100,8,2,22,0,2018,9,13,7,3,0,7,0,0,1,0,0,0,0,0,4.64673E+20,5.47735E+21,8.51263E+15,4.94478E+16
55101,8,2,22,0,2018,9,18,7,2,5,3,0,0,1,0,0,0,1,0,4.62572E+20,5.48243E+21,8.48317E+15,4.94933E+16
55102,8,4,36,52,2018,9,14,1,3,9,1,0,0,0,0,1,0,0,0,5.64872E+20,5.28813E+21,9.86536E+15,4.77433E+16
55103,8,4,35,67,2018,10,8,3,3,2,6,0,1,1,0,0,0,0,0,5.30615E+20,5.29558E+21,9.40894E+15,4.78129E+16
55104,8,1,19,87,2018,10,15,2,2,5,3,0,0,1,0,0,1,0,0,5.28208E+20,5.42442E+21,9.38544E+15,4.89721E+16
55105,8,2,15,96,2018,9,14,7,2,0,1,0,0,0,0,1,0,0,0,4.63761E+20,5.41874E+21,8.50533E+15,4.89205E+16
55106,8,2,11,0,2018,10,15,3,2,5,3,0,1,1,0,0,0,0,0,4.42241E+20,5.40429E+21,8.21364E+15,4.87889E+16
55107,8,1,11,0,2018,10,7,6,3,2,6,0,1,1,0,0,0,0,0,5.10377E+20,5.40964E+21,9.14142E+15,4.88397E+16
55108,8,1,15,48,2018,9,14,7,2,0,1,0,0,0,0,1,0,0,0,5.10969E+20,5.38701E+21,9.14888E+15,4.86361E+16
55109,8,3,27,2,2018,10,15,2,3,2,6,0,0,1,0,0,0,0,0,4.76914E+20,5.32654E+21,8.68996E+15,4.80917E+16
55110,8,2,26,98,2018,10,20,5,3,9,7,2,0,1,0,0,0,0,0,4.75403E+20,5.45774E+21,8.66187E+15,4.92719E+16
55111,8,4,16,48,2018,9,11,7,3,2,6,0,0,1,0,0,0,0,0,4.91863E+20,5.37682E+21,8.88976E+15,4.85444E+16
55112,8,4,37,59,2018,9,13,1,1,2,2,0,0,1,0,1,0,0,0,5.11267E+20,5.32519E+21,9.15128E+15,4.80798E+16
55113,8,1,16,78,2018,10,6,6,2,3,6,1,0,1,0,0,1,0,0,5.12762E+20,5.39357E+21,9.17342E+15,4.86951E+16
55114,8,1,36,45,2018,9,13,7,2,0,1,0,0,0,0,1,0,0,0,5.98761E+20,5.40007E+21,1.03434E+16,4.87458E+16
55115,8,4,15,61,2018,10,17,2,3,2,6,0,0,1,0,0,0,0,0,5.16036E+20,5.37054E+21,9.21703E+15,4.84878E+16
55116,8,3,15,52,2018,10,12,5,3,7,6,0,0,0,0,0,1,1,0,4.33874E+20,5.30667E+21,8.11508E+15,4.791E+16
55117,8,1,35,25,2018,9,16,7,3,5,3,0,0,1,0,0,0,0,0,5.80049E+20,5.3973E+21,1.00884E+16,4.87236E+16
55118,8,1,17,14,2018,9,0,1,2,2,6,2,0,1,0,0,0,0,0,5.5396E+20,5.38391E+21,9.73198E+15,4.8606E+16
55119,8,3,36,79,2018,10,1,4,3,0,1,2,0,1,0,0,0,0,0,4.17427E+20,5.29347E+21,7.89753E+15,4.77893E+16
55120,8,1,25,108,2018,10,11,2,3,2,6,0,0,1,0,0,0,0,0,4.94729E+20,5.43417E+21,8.92784E+15,4.90603E+16
55121,8,1,35,19,2018,9,16,7,3,1,6,0,0,1,0,0,0,0,0,5.85994E+20,5.39432E+21,1.01686E+16,4.8696E+16
55122,8,1,27,14,2018,9,8,7,2,0,1,0,1,0,0,0,0,0,0,5.78295E+20,5.44362E+21,1.00735E+16,4.91405E+16
55123,8,4,26,100,2018,9,14,1,2,2,6,0,0,1,0,1,0,0,0,5.68747E+20,5.3159E+21,9.92147E+15,4.79927E+16
55124,8,4,25,88,2018,10,18,3,3,5,3,0,0,1,0,0,0,0,0,5.59472E+20,5.35088E+21,9.80206E+15,4.83083E+16
55125,8,1,26,39,2018,9,17,7,3,4,2,0,0,1,0,0,0,0,0,5.4675E+20,5.46127E+21,9.64306E+15,4.93024E+16
55126,8,1,25,65,2018,10,19,3,3,5,3,2,0,1,0,0,0,0,0,5.16498E+20,5.44688E+21,9.22636E+15,4.91745E+16
55127,8,4,36,69,2018,10,7,5,3,5,3,0,0,1,0,0,0,0,0,5.48506E+20,5.29138E+21,9.64743E+15,4.7774E+16
55128,8,1,19,91,2018,10,17,2,2,1,6,0,0,1,0,0,0,1,0,5.26089E+20,5.40692E+21,9.35536E+15,4.88147E+16
55129,8,1,25,6,2018,9,23,7,2,8,1,2,0,1,0,0,0,0,0,5.05914E+20,5.45703E+21,9.08129E+15,4.9266E+16
55130,8,1,15,28,2018,10,8,5,3,2,6,0,0,1,0,0,0,0,0,5.02287E+20,5.40151E+21,9.03112E+15,4.87666E+16
55131,8,3,17,141,2018,10,21,2,3,8,1,2,0,1,0,0,0,0,0,4.17501E+20,5.37624E+21,7.88246E+15,4.85338E+16
55132,8,2,12,0,2018,10,15,5,2,2,6,0,0,0,0,0,1,1,0,4.56468E+20,5.42323E+21,8.4053E+15,4.89605E+16
55133,8,1,25,5,2018,9,14,7,3,5,3,0,0,1,0,1,0,0,0,5.15689E+20,5.45417E+21,9.21554E+15,4.92401E+16
55134,8,4,26,21,2018,9,13,1,2,0,7,0,0,1,0,0,0,0,0,5.59233E+20,5.32195E+21,9.7948E+15,4.80481E+16
55135,8,2,26,106,2018,10,21,4,3,5,2,2,0,1,0,0,0,0,0,4.97728E+20,5.46329E+21,8.96874E+15,4.93224E+16
55136,8,1,19,79,2018,9,17,7,3,0,6,0,0,1,0,1,0,0,0,5.21421E+20,5.40933E+21,9.29191E+15,4.88366E+16
55137,8,1,19,84,2018,9,11,7,2,5,3,0,0,1,0,1,0,0,0,5.46132E+20,5.41247E+21,9.62899E+15,4.88635E+16
55138,8,4,25,71,2018,9,13,1,3,2,6,0,0,1,0,0,0,0,0,5.50647E+20,5.37093E+21,9.68547E+15,4.84894E+16
55139,8,3,15,74,2018,10,11,3,3,5,3,0,0,1,0,0,0,1,0,3.94209E+20,5.29681E+21,7.58682E+15,4.78159E+16
55140,8,3,15,37,2018,10,12,4,2,8,1,0,0,0,0,1,0,0,0,4.28497E+20,5.30082E+21,8.04409E+15,4.78568E+16
55141,8,1,19,75,2018,9,14,7,3,2,6,0,0,1,0,0,0,0,0,5.37731E+20,5.43125E+21,9.5162E+15,4.9033E+16
55142,8,1,19,83,2018,9,9,7,3,8,1,0,0,0,0,0,1,0,0,5.35455E+20,5.41904E+21,9.484E+15,4.89233E+16
55143,8,4,17,2,2018,9,13,1,3,0,7,0,1,0,0,0,0,0,0,4.94263E+20,5.34465E+21,8.9227E+15,4.82551E+16
55144,8,3,17,40,2018,10,17,3,3,2,6,0,0,1,0,0,0,0,0,4.32989E+20,5.34758E+21,8.09681E+15,4.82779E+16
55145,8,1,19,8,2018,9,14,7,2,2,6,0,0,1,0,0,0,0,0,5.28873E+20,5.42343E+21,9.39446E+15,4.89631E+16
55146,8,1,11,0,2018,10,5,3,3,5,3,2,0,1,0,1,0,0,1,5.10235E+20,5.4001E+21,9.13925E+15,4.87538E+16
55147,8,4,25,20,2018,10,19,5,3,5,3,2,0,1,0,1,0,0,0,5.59583E+20,5.35969E+21,9.8048E+15,4.83876E+16
55148,8,1,18,51,2018,9,18,7,3,2,6,0,0,1,0,0,0,0,0,5.10256E+20,5.41484E+21,9.1399E+15,4.88864E+16
55149,8,1,36,43,2018,10,17,5,3,2,6,0,0,1,0,0,0,0,0,5.75161E+20,5.40795E+21,1.00239E+16,4.882E+16
55150,8,2,15,17,2018,10,16,2,3,2,6,0,0,1,0,0,0,0,0,4.54818E+20,5.42279E+21,8.38281E+15,4.89564E+16
55151,8,2,31,0,2018,10,20,5,3,2,6,2,0,1,0,0,0,0,0,4.72828E+20,5.41785E+21,8.62915E+15,4.8913E+16
55152,8,1,17,26,2018,9,14,7,3,5,3,0,1,1,0,0,0,0,0,5.47796E+20,5.39542E+21,9.6497E+15,4.871E+16
55153,8,4,16,41,2018,9,12,1,3,3,6,0,0,1,0,1,0,0,0,5.05442E+20,5.37333E+21,9.07368E+15,4.85131E+16
55154,8,1,36,40,2018,10,15,4,3,0,1,0,1,0,0,0,0,0,0,5.64309E+20,5.41106E+21,9.87659E+15,4.88492E+16
55155,8,1,16,15,2018,9,12,7,3,2,6,0,0,1,0,1,0,0,0,5.22532E+20,5.39479E+21,9.30626E+15,4.87058E+16
55156,8,2,37,45,2018,10,14,3,3,5,3,0,1,0,0,0,1,0,0,4.59127E+20,5.36264E+21,8.44762E+15,4.84156E+16
55157,8,1,16,49,2018,9,14,7,3,4,6,0,0,1,0,0,0,1,0,5.23434E+20,5.38538E+21,9.31798E+15,4.8621E+16
55158,8,4,35,16,2018,10,11,2,3,5,3,0,0,1,0,0,0,0,0,5.35578E+20,5.2797E+21,9.47393E+15,4.76697E+16
55159,8,4,35,16,2018,10,11,5,3,5,3,0,1,1,0,0,0,0,0,5.34502E+20,5.27795E+21,9.45945E+15,4.7654E+16
55160,8,1,15,45,2018,9,15,7,3,3,2,0,0,1,0,1,0,0,0,4.97015E+20,5.39412E+21,8.95943E+15,4.87001E+16
55161,8,1,19,8,2018,10,19,5,2,6,4,1,0,1,1,0,0,0,1,5.32479E+20,5.42511E+21,9.44386E+15,4.89781E+16
55162,8,1,15,21,2018,9,13,7,2,0,1,0,0,0,0,1,0,0,0,4.87657E+20,5.38252E+21,8.8326E+15,4.85957E+16
55163,8,4,36,52,2018,10,9,2,3,8,1,0,0,0,0,0,1,0,1,5.66862E+20,5.29067E+21,9.89231E+15,4.7766E+16
55164,8,4,15,73,2018,10,18,5,3,0,3,0,1,1,0,0,0,0,0,5.18305E+20,5.35064E+21,9.24686E+15,4.83087E+16
55165,8,1,11,0,2018,9,16,7,3,2,6,0,0,1,0,0,0,0,0,5.14831E+20,5.4047E+21,9.20194E+15,4.87951E+16
55166,8,1,25,24,2018,10,6,5,3,5,3,1,0,1,0,1,0,0,0,5.23409E+20,5.44367E+21,9.32099E+15,4.91455E+16
55167,8,2,15,29,2018,10,14,2,3,0,7,0,1,0,0,0,0,0,0,4.66834E+20,5.44824E+21,8.54486E+15,4.91861E+16
55168,8,1,11,0,2018,9,8,7,3,5,3,0,0,1,0,0,0,0,0,5.12771E+20,5.40187E+21,9.17381E+15,4.87697E+16
55169,8,2,21,0,2018,10,19,5,2,5,3,2,0,1,0,1,0,0,0,4.72532E+20,5.47378E+21,8.62129E+15,4.94161E+16
55170,8,1,11,0,2018,9,9,7,3,2,6,0,0,1,0,0,0,0,0,5.15871E+20,5.40461E+21,9.2161E+15,4.87943E+16
55171,8,4,16,36,2018,9,18,1,3,8,1,0,0,0,0,1,0,0,0,4.97852E+20,5.36372E+21,8.97096E+15,4.84267E+16
55172,8,1,16,77,2018,10,0,4,3,8,1,2,1,0,0,0,0,0,0,5.17293E+20,5.39147E+21,9.2349E+15,4.8676E+16
55173,8,4,36,18,2018,9,13,6,3,5,3,0,0,1,0,0,0,1,0,5.52455E+20,5.28672E+21,9.69957E+15,4.77317E+16
55174,8,2,26,49,2018,9,7,6,3,2,6,1,0,1,0,0,0,0,0,4.86662E+20,5.4623E+21,8.81649E+15,4.93133E+16
55175,8,2,26,96,2018,10,7,3,3,3,6,1,1,0,0,0,0,1,0,4.75728E+20,5.49024E+21,8.66434E+15,4.95643E+16
55176,8,4,26,44,2018,9,7,6,3,2,6,0,0,1,0,0,0,1,0,5.79868E+20,5.32699E+21,1.00726E+16,4.80911E+16
55177,8,4,25,33,2018,10,18,2,3,5,3,0,0,1,0,0,0,0,0,5.56888E+20,5.34827E+21,9.76685E+15,4.82851E+16
55178,8,3,17,141,2018,10,6,5,1,4,6,2,0,1,0,0,0,1,1,4.22005E+20,5.37916E+21,7.94291E+15,4.85607E+16
55179,8,1,27,25,2018,9,16,6,3,0,1,0,0,1,0,1,0,0,0,5.54628E+20,5.4309E+21,9.74731E+15,4.90286E+16
55180,8,4,15,93,2018,9,17,1,2,4,6,0,0,1,0,0,0,0,0,5.24537E+20,5.36515E+21,9.33176E+15,4.8439E+16
55181,8,1,16,53,2018,10,18,5,2,5,2,0,0,1,0,0,0,1,0,5.40143E+20,5.38876E+21,9.54503E+15,4.86506E+16
55182,8,1,36,88,2018,10,10,2,3,5,3,0,0,1,0,0,1,0,0,5.78182E+20,5.41006E+21,1.00655E+16,4.88386E+16
55183,8,4,35,45,2018,9,12,6,3,5,3,0,1,1,0,0,0,0,0,5.37882E+20,5.28389E+21,9.50498E+15,4.77073E+16
55184,8,4,35,52,2018,9,14,6,3,5,3,0,0,1,0,0,0,0,0,5.21689E+20,5.29152E+21,9.2895E+15,4.77767E+16
55185,8,4,15,78,2018,9,12,1,2,2,6,0,0,1,0,1,0,0,0,5.31437E+20,5.3674E+21,9.42522E+15,4.8459E+16
55186,8,4,25,39,2018,10,0,3,2,8,1,2,0,1,0,0,0,0,0,5.63841E+20,5.35312E+21,9.86131E+15,4.8328E+16
55187,8,4,35,18,2018,9,13,6,3,2,6,0,0,1,0,0,0,0,0,5.24674E+20,5.27992E+21,9.32869E+15,4.76722E+16
55188,8,1,25,98,2018,10,7,2,3,1,1,1,0,1,0,0,0,0,0,5.21183E+20,5.43693E+21,9.2901E+15,4.90849E+16
55189,8,4,35,16,2018,9,16,6,3,2,1,0,0,1,0,0,0,0,0,5.38774E+20,5.282E+21,9.51671E+15,4.76902E+16
55190,8,4,26,70,2018,9,10,6,2,5,3,0,0,1,0,0,0,0,0,5.63178E+20,5.34203E+21,9.85071E+15,4.82283E+16
55191,8,4,36,55,2018,10,5,3,3,5,3,2,0,1,0,0,0,0,1,5.75339E+20,5.29783E+21,1.00067E+16,4.78294E+16
55192,8,4,25,33,2018,9,7,6,3,5,3,1,0,1,0,0,0,1,0,5.39582E+20,5.34448E+21,9.53322E+15,4.82523E+16
55193,8,2,15,66,2018,10,9,3,3,5,3,0,0,1,0,0,0,0,0,4.6176E+20,5.45361E+21,8.47472E+15,4.92341E+16
55194,8,1,15,13,2018,10,17,6,3,5,3,0,1,1,0,0,0,0,0,4.95008E+20,5.38959E+21,8.93221E+15,4.86593E+16
55195,8,4,17,22,2018,9,22,6,3,4,2,2,0,1,0,0,0,0,0,4.83095E+20,5.34954E+21,8.77206E+15,4.82988E+16
55196,8,3,37,124,2018,10,17,2,3,5,3,0,0,1,0,0,0,0,0,4.54759E+20,5.28252E+21,8.39707E+15,4.76944E+16
55197,8,3,15,37,2018,10,15,5,2,4,1,0,0,1,0,1,0,0,0,4.29841E+20,5.30118E+21,8.06201E+15,4.78602E+16
55198,8,4,17,79,2018,9,7,6,3,0,7,0,0,1,0,0,0,0,0,5.02045E+20,5.34306E+21,9.02754E+15,4.82408E+16
55199,8,3,35,75,2018,10,13,4,3,2,6,0,0,1,0,0,0,0,0,4.91802E+20,5.28969E+21,8.89061E+15,4.77605E+16
55200,8,3,36,69,2018,9,15,6,2,0,1,0,0,0,0,1,0,0,0,4.07454E+20,5.27438E+21,7.76846E+15,4.76162E+16
55201,8,3,35,35,2018,9,22,6,3,6,6,2,1,0,1,0,0,0,0,4.86007E+20,5.28926E+21,8.8133E+15,4.77565E+16
55202,8,4,17,10,2018,10,17,3,3,5,3,0,0,1,0,0,0,0,0,5.07455E+20,5.34267E+21,9.1004E+15,4.82372E+16
55203,8,4,35,16,2018,9,12,6,3,2,6,0,0,1,0,0,0,0,0,5.37058E+20,5.27838E+21,9.49353E+15,4.76578E+16
55204,8,1,18,46,2018,10,7,3,3,6,4,0,1,0,1,0,0,0,0,5.12912E+20,5.41146E+21,9.17602E+15,4.8856E+16
55205,8,4,26,21,2018,10,12,5,3,3,6,0,0,1,0,0,1,0,0,5.60752E+20,5.32555E+21,9.81569E+15,4.80804E+16
55206,8,3,27,18,2018,9,14,6,3,5,3,0,0,1,0,0,0,1,0,4.74014E+20,5.30203E+21,8.65251E+15,4.78711E+16
55207,8,1,36,7,2018,10,6,5,3,2,2,1,0,1,0,0,1,0,0,5.72773E+20,5.40127E+21,9.99021E+15,4.87602E+16
55208,8,1,35,19,2018,10,17,3,2,8,1,0,0,0,0,1,0,0,0,5.85978E+20,5.39448E+21,1.01684E+16,4.86974E+16
55209,8,1,11,0,2018,10,15,6,3,2,6,0,0,1,0,0,0,1,0,5.07848E+20,5.39652E+21,9.10671E+15,4.87217E+16
55210,8,3,26,74,2018,9,10,6,3,4,3,0,1,1,0,0,0,0,0,4.65565E+20,5.3235E+21,8.53781E+15,4.80639E+16
55211,8,2,15,109,2018,10,18,5,3,2,6,0,0,1,0,1,0,0,0,4.63002E+20,5.43873E+21,8.49314E+15,4.91003E+16
55212,8,3,26,60,2018,10,15,2,2,8,1,0,0,0,0,1,0,0,1,4.42283E+20,5.33098E+21,8.22433E+15,4.81295E+16
55213,8,2,31,0,2018,10,15,5,3,1,6,0,0,1,0,0,0,0,0,4.79719E+20,5.41834E+21,8.72318E+15,4.89176E+16
55214,8,3,25,49,2018,9,13,6,3,2,6,0,0,1,0,0,0,0,0,4.73192E+20,5.33373E+21,8.63953E+15,4.81563E+16
55215,8,3,36,69,2018,10,15,4,1,4,6,0,0,1,0,0,1,0,0,4.08793E+20,5.26983E+21,7.78722E+15,4.75755E+16
55216,8,3,27,18,2018,9,6,6,2,2,6,2,0,1,0,1,0,0,0,4.75488E+20,5.30759E+21,8.6719E+15,4.79212E+16
55217,8,2,37,19,2018,9,13,6,3,2,6,0,0,1,0,1,0,0,0,4.62376E+20,5.36954E+21,8.4909E+15,4.84779E+16
55218,8,3,17,57,2018,10,9,3,3,3,6,0,0,1,0,0,0,0,0,4.13876E+20,5.38085E+21,7.83241E+15,4.85748E+16
55219,8,3,17,41,2018,9,10,6,3,2,6,0,0,1,0,0,0,0,0,4.38151E+20,5.34827E+21,8.16628E+15,4.82846E+16
55220,8,1,11,0,2018,10,13,3,3,2,6,0,0,1,0,0,0,0,0,5.13033E+20,5.39987E+21,9.17731E+15,4.87517E+16
55221,8,4,16,36,2018,10,21,5,3,8,1,2,0,1,0,0,0,0,0,4.96222E+20,5.36168E+21,8.94896E+15,4.84083E+16
55222,8,3,15,15,2018,9,15,6,3,5,3,0,0,1,0,0,1,0,0,4.00599E+20,5.31546E+21,7.66785E+15,4.79847E+16
55223,8,4,25,33,2018,10,23,5,2,8,1,2,0,1,0,0,0,0,0,5.55058E+20,5.3487E+21,9.74224E+15,4.82891E+16
55224,8,2,35,6,2018,10,11,2,3,8,1,0,0,1,0,0,0,0,0,4.7085E+20,5.38215E+21,8.60468E+15,4.85918E+16
55225,8,3,11,0,2018,9,13,6,1,2,1,0,0,1,0,0,0,0,0,4.08049E+20,5.31836E+21,7.76705E+15,4.80119E+16
55226,8,2,26,96,2018,10,20,5,3,2,6,2,0,1,0,0,0,0,0,4.73784E+20,5.48867E+21,8.63757E+15,4.95501E+16
55227,8,3,11,0,2018,9,20,6,2,9,1,0,0,1,0,0,0,0,0,4.04928E+20,5.31699E+21,7.72551E+15,4.79992E+16
55228,8,1,19,91,2018,10,7,2,3,2,6,0,0,1,0,0,0,0,0,5.28125E+20,5.40698E+21,9.38311E+15,4.88152E+16
55229,8,1,25,65,2018,10,3,4,3,9,1,2,0,1,0,0,0,0,0,5.14927E+20,5.44898E+21,9.20488E+15,4.91934E+16
55230,8,2,26,85,2018,9,17,6,3,2,6,0,0,1,0,0,0,0,0,4.90194E+20,5.45481E+21,8.86527E+15,4.9246E+16
55231,8,3,16,39,2018,10,14,2,2,5,3,0,1,1,0,0,0,0,1,4.17324E+20,5.32615E+21,7.88988E+15,4.80832E+16
55232,8,2,12,0,2018,10,11,5,3,5,3,0,0,1,0,0,0,1,0,4.55373E+20,5.42973E+21,8.38964E+15,4.90188E+16
55233,8,2,26,105,2018,9,16,6,3,1,6,0,0,1,0,0,0,0,0,4.71249E+20,5.47595E+21,8.60344E+15,4.94355E+16
55234,8,2,16,9,2018,10,10,4,3,5,3,0,0,1,0,0,0,0,0,4.45447E+20,5.4205E+21,8.25512E+15,4.89351E+16
55235,8,2,12,0,2018,9,19,6,2,6,4,2,0,1,1,0,0,0,1,4.61067E+20,5.43057E+21,8.46743E+15,4.90268E+16
55236,8,3,11,0,2018,10,16,3,3,1,6,0,0,1,0,0,0,0,0,4.10557E+20,5.31538E+21,7.80129E+15,4.79854E+16
55237,8,2,12,0,2018,9,12,6,3,5,3,0,1,1,0,0,0,0,0,4.56407E+20,5.42444E+21,8.40434E+15,4.89714E+16
55238,8,4,36,64,2018,10,12,2,3,8,1,0,0,1,0,0,0,0,0,5.43438E+20,5.28846E+21,9.5795E+15,4.77481E+16
55239,8,3,36,50,2018,10,7,5,3,2,6,1,0,1,0,0,0,0,0,3.9878E+20,5.27434E+21,7.65307E+15,4.76145E+16
55240,8,2,15,46,2018,9,8,6,3,2,6,0,0,1,0,0,0,0,0,4.50303E+20,5.41629E+21,8.32193E+15,4.88976E+16
55241,8,1,21,0,2018,10,12,5,3,2,6,0,0,1,0,0,0,0,0,5.15954E+20,5.44633E+21,9.21887E+15,4.91696E+16
55242,8,2,12,0,2018,10,15,2,3,5,2,0,1,1,0,0,0,0,0,4.55977E+20,5.42823E+21,8.39805E+15,4.90054E+16
55243,8,2,16,7,2018,9,6,6,3,9,1,2,0,1,0,0,0,0,0,4.3415E+20,5.39753E+21,8.10458E+15,4.87273E+16
55244,8,2,37,54,2018,9,17,6,3,4,6,0,0,1,0,0,0,0,0,4.68348E+20,5.37375E+21,8.5714E+15,4.85161E+16
55245,8,4,37,88,2018,10,17,3,3,4,6,0,0,1,0,0,0,0,0,5.15749E+20,5.30722E+21,9.21079E+15,4.79181E+16
55246,8,2,31,0,2018,9,10,6,3,5,2,0,0,1,0,0,0,0,0,4.75527E+20,5.41407E+21,8.66621E+15,4.88791E+16
55247,8,2,26,13,2018,9,11,6,3,6,7,0,0,1,1,0,0,0,0,4.98331E+20,5.47912E+21,8.97697E+15,4.94647E+16
55248,8,2,21,0,2018,10,15,3,3,3,2,0,1,0,0,0,1,0,0,4.77653E+20,5.47389E+21,8.6919E+15,4.94173E+16
55249,8,4,16,36,2018,10,12,2,3,4,6,0,0,1,0,0,0,0,0,4.96751E+20,5.36913E+21,8.95603E+15,4.84753E+16
55250,8,1,11,0,2018,10,8,3,3,4,6,0,0,1,0,0,0,1,0,5.17602E+20,5.40858E+21,9.23984E+15,4.883E+16
55251,8,1,26,28,2018,10,16,1,3,8,1,0,0,1,0,0,0,0,0,5.38299E+20,5.46005E+21,9.5267E+15,4.9292E+16
55252,8,1,11,0,2018,10,17,4,3,2,6,0,0,1,0,0,1,0,0,5.06952E+20,5.39559E+21,9.0945E+15,4.87133E+16
55253,8,2,15,100,2018,10,16,2,3,2,2,0,0,1,0,0,0,1,0,4.74882E+20,5.45284E+21,8.65501E+15,4.92278E+16
55254,8,1,26,46,2018,10,17,1,3,5,3,0,0,0,0,1,0,0,0,5.48651E+20,5.45695E+21,9.66869E+15,4.92634E+16
55255,8,3,16,37,2018,10,9,3,3,2,6,0,0,1,0,0,0,0,0,4.0686E+20,5.33811E+21,7.74679E+15,4.81894E+16
55256,8,1,25,66,2018,10,12,1,3,7,3,0,0,0,0,1,0,1,0,5.15151E+20,5.43352E+21,9.20736E+15,4.90544E+16
55257,8,1,16,79,2018,10,15,5,3,3,6,0,1,0,0,0,0,0,0,5.39208E+20,5.37762E+21,9.53128E+15,4.85505E+16
55258,8,1,25,74,2018,10,14,1,3,2,6,0,0,1,0,0,0,0,0,5.09473E+20,5.44206E+21,9.12986E+15,4.91313E+16
55259,8,1,25,102,2018,10,17,3,2,2,6,0,0,0,0,0,1,1,0,5.20615E+20,5.44541E+21,9.28276E+15,4.91612E+16
55260,8,1,21,0,2018,10,12,1,2,0,7,0,0,0,0,1,1,0,0,5.17576E+20,5.44403E+21,9.24101E+15,4.91488E+16