OBJECTID_1,ULAND,UREGBEZ,UKREIS,UGEMEINDE,UJAHR,UMONAT,USTUNDE,UWOCHENTAG,UKATEGORIE,UART,UTYP1,ULICHTVERH,IstRad,IstPKW,IstFuss,IstKrad,IstGkfz,IstSonstig,STRZUSTAND,LINREFX,LINREFY,XGCSWGS84,YGCSWGS84
55261,8,2,26,85,2018,10,13,4,3,2,6,0,0,0,0,0,1,0,0,4.89753E+20,5.45503E+21,8.8592E+15,4.9248E+16
55262,8,3,35,75,2018,10,9,2,3,8,6,0,0,1,0,0,1,0,0,4.93165E+20,5.28403E+21,8.90888E+15,4.77096E+16
55263,8,1,19,93,2018,10,15,1,3,8,1,0,0,0,0,1,0,0,0,5.24101E+20,5.40296E+21,9.32806E+15,4.87792E+16
55264,8,1,21,0,2018,10,15,4,2,4,2,0,0,1,0,0,0,1,0,5.10595E+20,5.4471E+21,9.14536E+15,4.91766E+16
55265,8,1,15,29,2018,10,22,4,3,2,6,2,0,1,0,0,0,1,0,4.9595E+20,5.39963E+21,8.9449E+15,4.87497E+16
55266,8,1,36,19,2018,10,21,2,3,5,3,2,0,1,0,0,0,0,0,5.81825E+20,5.42296E+21,1.01177E+16,4.89541E+16
55267,8,1,17,51,2018,10,17,1,2,8,1,0,0,0,0,1,0,0,0,5.3946E+20,5.39991E+21,9.53682E+15,4.87509E+16
55268,8,1,11,0,2018,10,20,2,3,2,6,2,0,1,0,0,0,0,0,5.0673E+20,5.40749E+21,9.09168E+15,4.88203E+16
55269,8,2,26,85,2018,10,11,3,3,2,6,0,0,1,0,0,0,1,0,4.89371E+20,5.45501E+21,8.85395E+15,4.92477E+16
55270,8,1,17,18,2018,10,15,1,2,5,3,0,0,1,0,1,0,0,0,5.37819E+20,5.39393E+21,9.51395E+15,4.86972E+16
55271,8,4,36,55,2018,10,16,4,2,5,3,0,1,1,0,0,0,0,0,5.76567E+20,5.29767E+21,1.0023E+16,4.78279E+16
55272,8,1,17,26,2018,10,17,3,3,5,3,0,1,1,0,0,0,0,0,5.49802E+20,5.39575E+21,9.67701E+15,4.87128E+16
55273,8,2,16,39,2018,10,13,3,3,2,6,0,0,0,0,0,1,0,0,4.45975E+20,5.41428E+21,8.26316E+15,4.88791E+16
55274,8,1,16,56,2018,10,23,1,3,4,6,2,0,1,0,0,0,1,0,5.31211E+20,5.39534E+21,9.42426E+15,4.87103E+16
55275,8,1,11,0,2018,10,15,5,3,2,6,0,0,1,0,0,0,1,0,5.1285E+20,5.40582E+21,9.175E+15,4.88052E+16
55276,8,1,16,19,2018,10,23,1,2,8,1,2,0,0,0,1,0,0,0,5.23719E+20,5.39955E+21,9.32267E+15,4.87485E+16
55277,8,3,36,104,2018,10,17,1,3,8,1,0,0,0,0,1,0,0,0,4.04356E+20,5.29331E+21,7.72309E+15,4.7786E+16
55278,8,1,18,11,2018,10,7,3,3,5,7,0,1,1,0,0,0,0,0,5.04621E+20,5.40825E+21,9.06296E+15,4.88272E+16
55279,8,3,17,26,2018,10,17,1,2,4,1,0,0,0,0,1,0,0,0,4.18709E+20,5.34263E+21,7.90533E+15,4.82317E+16
55280,8,1,16,54,2018,10,13,1,3,2,6,0,0,1,0,0,0,1,0,5.32184E+20,5.38128E+21,9.43639E+15,4.85838E+16
55281,8,2,36,38,2018,10,16,4,1,5,2,0,0,1,0,1,0,0,0,4.89491E+20,5.42924E+21,8.85628E+15,4.9016E+16
55282,8,3,26,12,2018,10,7,2,2,4,2,2,0,1,0,1,0,0,0,4.643E+20,5.31146E+21,8.52183E+15,4.79555E+16
55283,8,1,15,21,2018,10,18,1,3,5,3,0,0,1,0,0,0,0,0,4.92453E+20,5.38091E+21,8.89768E+15,4.85813E+16
55284,8,1,19,42,2018,10,6,4,3,2,6,2,0,1,0,0,0,0,0,5.26584E+20,5.4158E+21,9.36269E+15,4.88946E+16
55285,8,1,11,0,2018,10,17,4,3,2,6,0,0,1,0,0,0,0,0,5.08642E+20,5.40064E+21,9.11759E+15,4.87587E+16
55286,8,1,11,0,2018,10,16,1,3,0,7,0,0,0,0,1,0,0,1,5.12954E+20,5.40775E+21,9.17648E+15,4.88226E+16
55287,8,1,35,16,2018,10,21,5,2,5,3,2,0,1,0,0,0,0,0,5.891E+20,5.38508E+21,1.02088E+16,4.86125E+16
55288,8,1,11,0,2018,10,17,1,3,2,6,0,0,1,0,0,0,0,0,5.15401E+20,5.40515E+21,9.20971E+15,4.87992E+16
55289,8,4,36,64,2018,10,12,1,3,2,6,0,0,1,0,0,0,0,0,5.44225E+20,5.29069E+21,9.59022E+15,4.7768E+16
55290,8,2,26,60,2018,10,15,3,2,0,2,0,0,0,0,1,0,1,0,4.77794E+20,5.46527E+21,8.69431E+15,4.93397E+16
55291,8,1,11,0,2018,10,16,1,3,5,3,0,0,1,0,0,0,1,0,5.13208E+20,5.41012E+21,9.18002E+15,4.88439E+16
55292,8,4,15,89,2018,10,19,4,1,4,6,1,0,1,0,0,1,0,0,5.22876E+20,5.35879E+21,9.30896E+15,4.83818E+16
55293,8,1,16,8,2018,10,15,3,3,2,6,0,0,1,0,1,0,0,0,5.19812E+20,5.37983E+21,9.26857E+15,4.85713E+16
55294,8,4,36,64,2018,10,17,7,3,3,3,0,0,1,0,0,0,0,0,5.46159E+20,5.29739E+21,9.61675E+15,4.78282E+16
55295,8,2,15,102,2018,10,16,4,3,5,2,0,0,1,0,0,0,0,0,4.57225E+20,5.43799E+21,8.41409E+15,4.90933E+16
55296,8,2,35,33,2018,10,14,2,3,4,6,0,0,0,0,0,0,1,0,4.60332E+20,5.40715E+21,8.45965E+15,4.88161E+16
55297,8,4,36,81,2018,10,21,7,3,2,6,2,1,1,0,0,0,0,0,5.63009E+20,5.28168E+21,9.83958E+15,4.76854E+16
55298,8,4,36,55,2018,10,14,7,3,2,6,0,0,1,0,0,0,0,0,5.76736E+20,5.2973E+21,1.00252E+16,4.78245E+16
55299,8,2,22,0,2018,10,10,4,3,3,6,0,0,1,0,0,0,0,0,4.65533E+20,5.48048E+21,8.52422E+15,4.94759E+16
55300,8,2,26,103,2018,10,15,2,3,2,6,0,0,1,0,0,0,0,0,4.70962E+20,5.45471E+21,8.60104E+15,4.92445E+16
55301,8,4,36,55,2018,10,12,7,3,5,3,0,0,1,0,0,0,0,0,5.76466E+20,5.29386E+21,1.0021E+16,4.77936E+16
55302,8,4,15,61,2018,10,15,3,3,1,6,0,0,1,0,0,0,0,0,5.14114E+20,5.3709E+21,9.19103E+15,4.84911E+16
55303,8,4,26,62,2018,10,7,7,3,5,3,0,0,1,0,0,0,0,0,5.55148E+20,5.31941E+21,9.73967E+15,4.80256E+16
55304,8,1,27,100,2018,10,15,5,3,2,6,0,0,1,0,1,0,0,0,5.5248E+20,5.43842E+21,9.71889E+15,4.90964E+16
55305,8,4,26,64,2018,10,12,7,3,8,1,0,0,1,0,0,0,0,0,5.38645E+20,5.32506E+21,9.51883E+15,4.80777E+16
55306,8,4,16,36,2018,10,17,1,3,1,7,0,0,1,0,0,0,0,0,4.95022E+20,5.36779E+21,8.93266E+15,4.84632E+16
55307,8,2,12,0,2018,10,15,3,3,5,3,0,1,1,0,0,0,0,0,4.52908E+20,5.42901E+21,8.356E+15,4.90122E+16
55308,8,4,17,79,2018,10,18,7,2,8,1,0,0,1,0,0,0,0,0,4.96759E+20,5.34026E+21,8.95637E+15,4.82155E+16
55309,8,4,36,55,2018,10,16,4,2,4,1,0,0,1,0,1,0,0,0,5.80898E+20,5.29592E+21,1.00806E+16,4.78115E+16
55310,8,1,16,49,2018,10,17,3,3,2,6,0,0,1,0,0,0,1,0,5.25265E+20,5.38646E+21,9.3429E+15,4.86307E+16
55311,8,4,15,59,2018,10,14,7,3,5,3,0,0,1,0,0,0,0,0,5.16538E+20,5.36989E+21,9.22379E+15,4.8482E+16
55312,8,2,15,110,2018,10,5,4,3,5,3,2,0,1,0,0,1,0,0,4.60971E+20,5.41917E+21,8.4672E+15,4.89243E+16
55313,8,2,26,12,2018,10,17,2,3,2,2,0,0,1,0,1,0,0,0,4.76085E+20,5.47733E+21,8.67006E+15,4.94481E+16
55314,8,4,15,53,2018,10,17,7,3,4,1,0,0,1,0,1,0,0,0,5.3401E+20,5.36513E+21,9.45983E+15,4.84384E+16
55315,8,3,17,126,2018,10,15,3,3,8,1,0,0,0,0,1,0,0,0,4.37951E+20,5.38318E+21,8.15841E+15,4.85986E+16
55316,8,4,15,93,2018,10,15,7,2,5,2,0,0,1,0,1,0,0,0,5.28061E+20,5.36631E+21,9.37949E+15,4.84493E+16
55317,8,1,16,41,2018,10,16,5,3,2,6,0,0,1,0,0,0,0,0,5.19059E+20,5.3833E+21,9.25852E+15,4.86025E+16
55318,8,3,37,126,2018,10,23,7,3,0,7,2,0,0,0,0,0,1,0,4.46325E+20,5.27595E+21,8.28548E+15,4.76348E+16
55319,8,1,27,63,2018,10,7,3,3,8,1,1,0,1,0,0,0,0,0,5.64659E+20,5.43357E+21,9.88494E+15,4.90516E+16
55320,8,3,36,73,2018,10,14,7,3,5,3,0,1,1,0,0,0,0,0,3.97597E+20,5.27747E+21,7.6366E+15,4.76425E+16
55321,8,3,35,100,2018,10,16,3,3,5,3,0,1,1,0,0,0,0,0,4.88075E+20,5.28563E+21,8.84099E+15,4.77239E+16
55322,8,3,36,19,2018,10,14,7,3,5,3,0,0,1,0,0,0,0,0,3.94912E+20,5.27578E+21,7.60127E+15,4.76269E+16
55323,8,1,19,20,2018,10,15,5,2,8,1,0,0,1,0,0,0,0,0,5.20409E+20,5.40531E+21,9.27793E+15,4.88005E+16
55324,8,3,35,79,2018,10,12,7,3,5,2,0,0,1,0,1,0,0,0,4.99262E+20,5.30181E+21,8.99014E+15,4.78696E+16
55325,8,1,36,88,2018,10,13,3,3,0,1,0,0,0,0,1,0,0,0,5.80583E+20,5.41233E+21,1.00986E+16,4.88587E+16
55326,8,3,35,22,2018,10,13,7,3,9,7,0,0,1,0,0,0,0,0,4.83458E+20,5.30187E+21,8.7788E+15,4.787E+16
55327,8,2,37,61,2018,10,17,4,2,4,6,0,0,1,0,0,0,0,0,4.6628E+20,5.3615E+21,8.54437E+15,4.84058E+16
55328,8,1,11,0,2018,10,9,3,3,5,3,0,1,1,0,0,0,0,0,5.15714E+20,5.40539E+21,9.214E+15,4.88013E+16
55329,8,3,15,113,2018,10,3,1,2,9,1,2,0,1,0,0,0,0,0,4.3835E+20,5.31594E+21,8.17364E+15,4.79938E+16
55330,8,3,27,18,2018,10,10,7,3,8,1,0,0,1,0,0,0,0,0,4.7169E+20,5.30666E+21,8.62113E+15,4.79126E+16
55331,8,1,18,11,2018,10,16,4,3,2,6,0,0,1,0,0,0,0,0,5.06115E+20,5.40834E+21,9.08332E+15,4.8828E+16
55332,8,2,16,43,2018,10,13,2,3,9,7,0,0,1,0,0,0,0,0,4.42799E+20,5.41421E+21,8.21984E+15,4.88782E+16
55333,8,3,26,68,2018,10,14,7,2,8,1,0,0,0,0,1,0,0,0,4.48616E+20,5.32277E+21,8.31042E+15,4.80561E+16
55334,8,1,25,49,2018,10,19,2,3,2,6,2,0,1,0,0,0,0,0,5.00203E+20,5.45027E+21,9.00278E+15,4.92053E+16
55335,8,3,15,15,2018,10,15,3,3,2,6,0,0,1,0,0,0,0,0,3.99653E+20,5.31384E+21,7.65556E+15,4.797E+16
55336,8,3,17,47,2018,10,2,7,3,8,1,2,0,1,0,0,0,0,0,4.20106E+20,5.36487E+21,7.91992E+15,4.84319E+16
55337,8,1,16,80,2018,10,16,5,3,2,6,0,0,1,0,0,0,0,0,5.2134E+20,5.39568E+21,9.2901E+15,4.87138E+16
55338,8,3,17,151,2018,10,16,7,3,2,6,0,0,1,0,0,0,0,0,4.13551E+20,5.37191E+21,7.82986E+15,4.84944E+16
55339,8,3,27,6,2018,10,12,1,2,9,1,0,0,0,0,1,0,0,0,4.85471E+20,5.32717E+21,8.80486E+15,4.80976E+16
55340,8,1,18,49,2018,10,15,3,3,5,3,0,1,1,0,0,0,0,0,5.22119E+20,5.42199E+21,9.30211E+15,4.89504E+16
55341,8,3,11,0,2018,10,17,1,3,0,7,0,0,1,0,0,0,0,0,4.10629E+20,5.32649E+21,7.79994E+15,4.80854E+16
55342,8,3,17,65,2018,10,12,7,3,5,3,0,0,1,0,0,0,0,0,4.15524E+20,5.35248E+21,7.86047E+15,4.83198E+16
55343,8,2,26,105,2018,10,7,4,3,2,6,0,0,1,0,0,0,0,0,4.71157E+20,5.47603E+21,8.60218E+15,4.94363E+16
55344,8,3,27,49,2018,10,13,2,3,2,6,0,0,1,0,0,0,0,0,4.72932E+20,5.32417E+21,8.63664E+15,4.80702E+16
55345,8,3,17,57,2018,10,3,7,3,8,1,2,0,1,0,0,0,0,0,4.15789E+20,5.38318E+21,7.85788E+15,4.85961E+16
55346,8,1,25,26,2018,10,6,4,2,5,2,0,0,1,0,1,0,0,0,4.92602E+20,5.44178E+21,8.8986E+15,4.91288E+16
55347,8,1,15,21,2018,10,11,4,3,1,6,0,0,1,0,0,0,0,0,4.90329E+20,5.38271E+21,8.86884E+15,4.85974E+16
55348,8,3,37,66,2018,10,16,1,3,2,7,0,0,1,0,0,0,0,0,4.29445E+20,5.26837E+21,8.06202E+15,4.75649E+16
55349,8,3,16,11,2018,10,7,4,3,8,1,2,0,1,0,0,0,0,0,4.13739E+20,5.33391E+21,7.84018E+15,4.81526E+16
55350,8,4,15,50,2018,10,10,2,3,5,3,0,0,1,0,0,0,0,0,5.21469E+20,5.37606E+21,9.29084E+15,4.85372E+16
55351,8,3,17,65,2018,10,15,7,3,2,6,0,0,1,0,0,0,0,0,4.10251E+20,5.35398E+21,7.78905E+15,4.83326E+16
55352,8,1,27,73,2018,10,14,4,3,2,6,0,0,1,0,0,0,0,0,5.78023E+20,5.44807E+21,1.00706E+16,4.91805E+16
55353,8,1,18,48,2018,10,17,4,3,2,6,0,0,1,0,0,0,0,0,5.16369E+20,5.41881E+21,9.22345E+15,4.8922E+16
55354,8,1,36,42,2018,10,10,2,3,2,1,0,0,1,0,0,0,0,0,5.52294E+20,5.40515E+21,9.71207E+15,4.87972E+16
55355,8,3,17,73,2018,10,14,7,3,3,7,0,0,1,0,0,0,0,0,4.10325E+20,5.35237E+21,7.79039E+15,4.83182E+16
55356,8,1,15,41,2018,10,15,2,3,0,7,0,0,0,0,1,0,1,1,4.94452E+20,5.40144E+21,8.92451E+15,4.8766E+16
55357,8,2,37,2,2018,10,17,3,3,3,6,0,0,1,0,0,0,0,0,4.55842E+20,5.35489E+21,8.40404E+15,4.83456E+16
55358,8,3,16,17,2018,10,11,7,3,2,6,0,0,1,0,0,0,0,0,4.08094E+20,5.34241E+21,7.76247E+15,4.82282E+16
55359,8,1,11,0,2018,10,12,5,3,5,3,0,0,1,0,0,0,0,0,5.12172E+20,5.40662E+21,9.16579E+15,4.88125E+16
55360,8,3,15,7,2018,10,12,7,3,1,6,0,1,1,0,0,0,0,0,4.03136E+20,5.29553E+21,7.70631E+15,4.78058E+16
55361,8,3,17,113,2018,10,9,1,2,2,6,0,0,1,0,0,0,0,0,4.08013E+20,5.345E+21,7.76082E+15,4.82515E+16
55362,8,1,18,79,2018,10,14,3,3,1,6,0,0,1,0,0,0,0,0,5.10234E+20,5.42119E+21,9.13976E+15,4.89435E+16
55363,8,3,15,130,2018,10,21,7,2,8,1,2,0,0,0,1,0,0,0,4.16254E+20,5.30603E+21,7.87944E+15,4.79021E+16
55364,8,2,31,0,2018,10,8,4,3,2,6,0,0,1,0,0,0,0,0,4.77602E+20,5.4158E+21,8.69442E+15,4.88947E+16
55365,8,3,17,57,2018,10,16,2,3,5,3,0,1,1,0,0,0,0,0,4.13151E+20,5.38121E+21,7.82251E+15,4.8578E+16
55366,8,3,11,0,2018,10,12,7,3,2,7,0,0,1,0,0,0,0,0,4.12837E+20,5.31472E+21,7.83197E+15,4.79799E+16
55367,8,1,11,0,2018,10,11,4,2,8,1,0,1,0,0,0,0,0,0,5.10056E+20,5.4026E+21,9.13687E+15,4.87763E+16
55368,8,2,26,98,2018,10,16,7,3,3,6,0,0,1,0,0,1,0,0,4.76855E+20,5.458E+21,8.68182E+15,4.92743E+16
55369,8,1,28,7,2018,10,6,5,3,4,6,2,0,1,0,0,0,1,0,5.5742E+20,5.47708E+21,9.79211E+15,4.94436E+16
55370,8,2,21,0,2018,10,3,7,2,2,6,2,0,1,0,0,0,0,0,4.73454E+20,5.47446E+21,8.63397E+15,4.94223E+16
55371,8,4,26,65,2018,10,17,1,2,5,3,0,1,0,0,1,0,0,0,5.81167E+20,5.33306E+21,1.00912E+16,4.81456E+16
55372,8,2,15,107,2018,10,18,3,3,5,3,0,0,1,0,0,0,0,0,4.62997E+20,5.45605E+21,8.49149E+15,4.92561E+16
55373,8,2,15,103,2018,10,13,7,2,5,3,0,1,0,0,0,0,0,0,4.67818E+20,5.44003E+21,8.55902E+15,4.91123E+16
55374,8,2,36,72,2018,10,14,7,3,5,3,0,1,1,0,0,0,0,0,4.63667E+20,5.41041E+21,8.50479E+15,4.88456E+16
55375,8,2,25,58,2018,10,16,2,2,4,6,0,0,1,0,0,1,0,0,5.07845E+20,5.4639E+21,9.10797E+15,4.93278E+16
55376,8,2,26,82,2018,10,9,7,3,2,3,0,1,1,0,0,0,0,0,4.75183E+20,5.48057E+21,8.65742E+15,4.94773E+16
55377,8,4,37,88,2018,10,16,1,3,9,1,0,0,0,0,1,0,0,0,5.15564E+20,5.30686E+21,9.2083E+15,4.79149E+16
55378,8,2,25,109,2018,10,13,3,3,5,2,0,0,1,0,0,0,0,0,5.26079E+20,5.49336E+21,9.36085E+15,4.95922E+16
55379,8,2,26,107,2018,10,11,7,3,4,2,0,0,1,0,0,0,1,0,4.75126E+20,5.48261E+21,8.6565E+15,4.94956E+16
55380,8,4,36,3,2018,10,16,4,3,2,2,0,0,1,0,0,0,0,0,5.7847E+20,5.30428E+21,1.00497E+16,4.78871E+16
55381,8,1,17,15,2018,10,7,3,3,2,6,1,0,1,0,0,1,0,0,5.61427E+20,5.39438E+21,9.83481E+15,4.86994E+16
55382,8,2,26,85,2018,10,11,7,3,1,2,0,0,1,0,0,0,0,0,4.88434E+20,5.45768E+21,8.84101E+15,4.92718E+16
55383,8,2,22,0,2018,10,18,4,3,1,6,0,0,1,0,0,0,0,0,4.6507E+20,5.484E+21,8.51752E+15,4.95076E+16
55384,8,2,15,17,2018,10,16,2,3,5,3,0,1,1,0,0,0,0,0,4.54923E+20,5.41935E+21,8.38463E+15,4.89255E+16
55385,8,2,26,85,2018,10,13,7,3,2,6,0,0,1,0,1,0,0,0,4.91429E+20,5.45218E+21,8.88229E+15,4.92223E+16
55386,8,4,15,62,2018,10,21,3,3,4,2,2,0,1,0,1,0,0,0,5.19183E+20,5.37866E+21,9.25999E+15,4.85607E+16
55387,8,2,26,80,2018,10,12,7,3,1,6,0,1,1,0,0,0,0,0,4.85616E+20,5.47979E+21,8.80147E+15,4.94706E+16
55388,8,1,25,87,2018,10,6,5,2,4,6,2,0,1,0,0,1,0,0,5.0618E+20,5.45695E+21,9.08494E+15,4.92653E+16
55389,8,2,25,14,2018,10,19,7,3,5,3,2,0,1,0,1,0,0,0,5.22831E+20,5.48066E+21,9.31517E+15,4.94781E+16
55390,8,3,17,153,2018,10,17,3,2,2,2,0,0,1,0,0,1,0,0,4.20752E+20,5.39096E+21,7.92368E+15,4.86666E+16
55391,8,2,12,0,2018,10,15,1,2,0,4,0,0,0,1,0,0,1,0,4.59061E+20,5.42958E+21,8.44009E+15,4.90178E+16
55392,8,3,26,61,2018,10,17,1,3,3,6,0,0,1,0,0,0,0,0,4.71354E+20,5.31952E+21,8.61577E+15,4.80283E+16
55393,8,2,25,42,2018,10,3,7,3,9,1,2,0,1,0,0,0,0,0,5.06114E+20,5.45985E+21,9.08408E+15,4.92913E+16
55394,8,3,26,52,2018,10,7,4,3,4,1,1,0,1,0,0,1,0,0,4.50103E+20,5.3328E+21,8.3292E+15,4.81465E+16
55395,8,1,15,28,2018,10,17,3,3,2,7,0,0,1,0,0,0,0,0,5.03064E+20,5.40172E+21,9.04169E+15,4.87685E+16
55396,8,2,25,2,2018,10,11,7,3,4,1,0,0,1,0,0,0,1,0,5.00476E+20,5.46607E+21,9.00655E+15,4.93474E+16
55397,8,1,15,21,2018,10,13,4,3,2,6,0,0,1,0,0,0,0,0,4.92343E+20,5.38313E+21,8.89614E+15,4.86012E+16
55398,8,3,37,124,2018,10,8,4,2,4,1,0,0,1,0,0,0,1,0,4.54495E+20,5.28208E+21,8.39359E+15,4.76905E+16
55399,8,1,16,19,2018,10,6,3,3,1,1,1,0,1,0,0,0,0,0,5.2498E+20,5.39871E+21,9.33977E+15,4.87409E+16
55400,8,2,22,0,2018,10,12,7,3,5,3,0,1,0,0,0,0,0,0,4.62023E+20,5.48162E+21,8.47566E+15,4.94861E+16
55401,8,2,15,110,2018,10,7,4,3,5,3,0,0,1,0,0,0,1,0,4.6071E+20,5.42005E+21,8.46356E+15,4.89321E+16
55402,8,2,25,39,2018,10,18,2,3,7,7,1,0,1,0,0,0,0,0,5.30556E+20,5.49418E+21,9.42286E+15,4.95994E+16
55403,8,2,16,24,2018,10,19,7,3,1,6,1,0,1,0,0,0,0,0,4.46796E+20,5.4088E+21,8.27506E+15,4.88299E+16
55404,8,3,26,3,2018,10,19,3,3,4,6,2,0,1,0,0,0,0,0,4.67858E+20,5.31971E+21,8.56887E+15,4.80298E+16
55405,8,2,16,15,2018,10,15,7,3,8,1,0,1,0,0,0,0,0,0,4.50079E+20,5.40315E+21,8.32048E+15,4.87793E+16
55406,8,1,18,67,2018,10,8,5,3,4,6,0,0,1,0,0,0,1,0,5.05858E+20,5.41407E+21,9.0799E+15,4.88795E+16
55407,8,2,15,21,2018,10,15,7,2,5,3,0,0,1,0,1,0,0,0,4.7006E+20,5.44347E+21,8.58948E+15,4.91433E+16
55408,8,1,35,19,2018,10,20,3,3,2,6,2,0,1,0,0,0,0,0,5.85173E+20,5.39148E+21,1.01569E+16,4.86705E+16
55409,8,2,12,0,2018,10,17,1,3,5,3,0,0,1,0,0,0,0,0,4.56511E+20,5.42317E+21,8.4059E+15,4.89599E+16
55410,8,2,15,9,2018,10,4,7,2,0,1,2,1,0,0,0,0,0,0,4.70705E+20,5.44165E+21,8.59846E+15,4.9127E+16
55411,8,3,17,93,2018,10,16,4,2,5,2,0,0,1,0,1,0,0,0,4.4308E+20,5.35506E+21,8.23179E+15,4.83462E+16
55412,8,4,36,8,2018,10,12,2,3,8,1,0,0,0,0,1,0,0,0,5.52331E+20,5.31134E+21,9.7009E+15,4.79533E+16
55413,8,3,11,0,2018,10,9,1,3,2,6,0,0,1,0,0,0,0,0,4.141E+20,5.31582E+21,7.84868E+15,4.79899E+16
55414,8,1,25,6,2018,10,15,7,3,1,1,0,0,1,0,0,0,0,0,5.06279E+20,5.44996E+21,9.0862E+15,4.92024E+16
55415,8,1,36,42,2018,10,20,4,3,0,7,2,0,0,0,1,0,1,1,5.51346E+20,5.4045E+21,9.69909E+15,4.87913E+16
55416,8,1,25,49,2018,10,18,2,3,2,6,0,0,1,0,0,0,1,0,4.98295E+20,5.4521E+21,8.97659E+15,4.92217E+16
55417,8,4,16,48,2018,10,12,7,3,2,6,0,0,1,0,0,0,0,0,4.91826E+20,5.37706E+21,8.88925E+15,4.85466E+16
55418,8,1,18,79,2018,10,6,2,2,5,2,2,1,1,0,0,0,0,0,5.099E+20,5.42172E+21,9.13522E+15,4.89483E+16
55419,8,2,22,0,2018,10,16,3,3,0,1,0,0,0,0,1,0,0,0,4.68963E+20,5.47755E+21,8.57179E+15,4.94498E+16
55420,8,2,15,7,2018,10,18,1,2,5,7,0,0,1,0,0,0,0,0,4.7803E+20,5.43225E+21,8.69937E+15,4.90428E+16
55421,8,1,16,35,2018,10,15,7,3,2,6,0,0,1,0,0,0,0,0,5.24652E+20,5.39194E+21,9.33489E+15,4.868E+16
55422,8,1,11,0,2018,10,16,5,3,6,4,0,0,0,1,1,0,0,0,5.12613E+20,5.40249E+21,9.17167E+15,4.87753E+16
55423,8,1,18,81,2018,10,19,7,2,5,2,2,0,1,0,1,0,0,0,5.18495E+20,5.41457E+21,9.25228E+15,4.88838E+16
55424,8,2,15,89,2018,10,12,2,3,2,1,0,0,1,0,0,0,0,0,4.71059E+20,5.42602E+21,8.60443E+15,4.89864E+16
55425,8,1,35,19,2018,10,21,7,3,4,6,2,0,1,0,0,0,0,0,5.84495E+20,5.39856E+21,1.01491E+16,4.87343E+16
55426,8,3,16,17,2018,10,16,3,3,5,3,0,0,1,0,0,0,0,0,4.08485E+20,5.34365E+21,7.76746E+15,4.82395E+16
55427,8,1,27,76,2018,10,11,7,2,8,1,0,0,0,0,1,0,0,0,5.45216E+20,5.43392E+21,9.61889E+15,4.90565E+16
55428,8,1,16,46,2018,10,16,5,3,8,6,0,0,1,0,0,0,0,0,5.26348E+20,5.3783E+21,9.35708E+15,4.85572E+16
55429,8,1,18,48,2018,10,14,7,3,1,7,0,0,1,0,0,0,0,0,5.11132E+20,5.41916E+21,9.15197E+15,4.89253E+16
55430,8,1,25,59,2018,10,16,3,2,5,3,0,0,1,0,1,0,0,0,5.31369E+20,5.43875E+21,9.42974E+15,4.91008E+16
55431,8,2,37,61,2018,10,12,1,3,4,6,0,0,1,0,0,0,0,0,4.66566E+20,5.36745E+21,8.54777E+15,4.84593E+16
55432,8,1,16,16,2018,10,2,7,3,5,3,2,0,1,0,0,0,0,0,5.33527E+20,5.38455E+21,9.45487E+15,4.86131E+16
55433,8,3,36,91,2018,10,13,4,3,5,5,0,1,1,0,0,0,0,0,3.95224E+20,5.27132E+21,7.60648E+15,4.75868E+16
55434,8,3,37,22,2018,10,23,2,3,8,7,2,0,1,0,0,0,0,0,4.47568E+20,5.29897E+21,8.29925E+15,4.78419E+16
55435,8,1,15,28,2018,10,19,7,3,2,6,2,0,1,0,0,0,0,0,5.01254E+20,5.40518E+21,9.01707E+15,4.87996E+16
55436,8,1,27,76,2018,10,15,4,3,5,2,0,0,0,0,1,0,1,0,5.52273E+20,5.43984E+21,9.71624E+15,4.91092E+16
55437,8,1,15,45,2018,10,17,4,3,2,6,0,0,1,0,0,0,0,0,4.96017E+20,5.3965E+21,8.94585E+15,4.87215E+16
55438,8,1,36,19,2018,10,11,2,3,2,6,0,0,1,0,0,0,0,0,5.82533E+20,5.42348E+21,1.01275E+16,4.89587E+16
55439,8,1,11,0,2018,10,0,7,3,3,7,2,0,1,0,1,0,0,0,5.15515E+20,5.40567E+21,9.21129E+15,4.88038E+16
55440,8,1,11,0,2018,10,10,2,3,5,3,0,0,1,0,0,0,0,0,5.12784E+20,5.40187E+21,9.17399E+15,4.87697E+16
55441,8,2,31,0,2018,10,10,3,2,5,3,0,0,1,0,1,0,0,0,4.77782E+20,5.41724E+21,8.6968E+15,4.89077E+16
55442,8,2,37,75,2018,10,17,1,3,8,1,0,0,0,0,1,0,0,0,4.48618E+20,5.35954E+21,8.30599E+15,4.83869E+16
55443,8,1,11,0,2018,10,12,7,3,0,7,0,0,0,0,1,0,1,1,5.10835E+20,5.40935E+21,9.14765E+15,4.8837E+16
55444,8,1,11,0,2018,10,6,5,3,3,7,2,0,1,0,0,0,0,0,5.11177E+20,5.40909E+21,9.15231E+15,4.88347E+16
55445,8,1,17,51,2018,10,12,3,3,5,3,0,0,1,0,0,0,0,0,5.42661E+20,5.39574E+21,9.57994E+15,4.87132E+16
55446,8,2,35,46,2018,10,15,1,3,2,6,0,0,1,0,0,0,0,0,4.78876E+20,5.37777E+21,8.71375E+15,4.85526E+16