OBJECTID_1,ULAND,UREGBEZ,UKREIS,UGEMEINDE,UJAHR,UMONAT,USTUNDE,UWOCHENTAG,UKATEGORIE,UART,UTYP1,ULICHTVERH,IstRad,IstPKW,IstFuss,IstKrad,IstGkfz,IstSonstig,STRZUSTAND,LINREFX,LINREFY,XGCSWGS84,YGCSWGS84
56008,8,1,36,42,2018,10,16,7,2,8,1,0,0,0,0,1,0,0,0,5.47501E+20,5.4072E+21,9.64706E+15,4.8816E+16
56009,8,1,36,88,2018,10,17,3,3,2,2,0,0,1,0,0,0,0,0,5.81715E+20,5.41068E+21,1.01137E+16,4.88437E+16
56010,8,2,16,22,2018,10,6,2,3,5,3,1,0,1,0,0,0,0,0,4.35468E+20,5.40434E+21,8.12143E+15,4.87887E+16
56011,8,4,36,8,2018,10,22,5,3,8,1,2,0,1,0,0,0,0,0,5.4558E+20,5.30864E+21,9.6102E+15,4.79295E+16
56012,8,4,17,8,2018,10,13,7,3,0,7,0,1,0,0,0,0,0,0,4.93781E+20,5.3511E+21,8.91612E+15,4.83131E+16
56013,8,1,35,19,2018,10,11,7,3,2,6,0,0,1,0,1,0,0,0,5.85241E+20,5.39245E+21,1.0158E+16,4.86793E+16
56014,8,1,11,0,2018,10,12,2,3,1,7,0,0,1,0,1,0,0,0,5.18375E+20,5.40312E+21,9.25013E+15,4.87808E+16
56015,8,4,36,81,2018,10,17,5,3,5,3,0,0,1,0,0,0,0,0,5.63072E+20,5.28073E+21,9.84029E+15,4.76769E+16
56016,8,1,11,0,2018,10,18,4,3,5,2,0,0,1,0,1,0,0,0,5.1178E+20,5.40658E+21,9.16045E+15,4.88121E+16
56017,8,4,36,64,2018,10,13,5,3,5,3,0,1,1,0,0,0,0,0,5.38229E+20,5.28851E+21,9.51002E+15,4.77488E+16
56018,8,3,11,0,2018,10,15,1,2,5,3,0,0,0,0,1,0,1,0,4.20932E+20,5.31518E+21,7.94034E+15,4.79851E+16
56019,8,2,37,45,2018,10,15,3,3,4,6,0,0,1,0,0,1,0,0,4.62482E+20,5.35631E+21,8.49352E+15,4.83589E+16
56020,8,4,36,64,2018,10,7,5,3,4,6,0,0,1,0,1,0,0,0,5.44078E+20,5.28611E+21,9.5878E+15,4.77269E+16
56021,8,4,35,16,2018,10,15,5,3,0,1,0,1,0,0,0,0,0,0,5.38337E+20,5.28357E+21,9.51102E+15,4.77044E+16
56022,8,1,18,49,2018,10,18,1,2,5,3,0,0,1,0,1,0,0,0,5.19602E+20,5.41961E+21,9.26762E+15,4.89291E+16
56023,8,4,21,0,2018,10,1,7,3,2,6,2,0,1,0,0,0,0,0,5.71925E+20,5.36271E+21,9.97199E+15,4.84134E+16
56024,8,1,19,75,2018,10,12,3,2,4,6,0,0,1,0,0,0,0,0,5.38066E+20,5.4276E+21,9.52044E+15,4.90001E+16
56025,8,1,27,59,2018,10,15,2,3,5,3,0,0,1,0,0,0,0,0,5.49873E+20,5.43876E+21,9.68323E+15,4.90997E+16
56026,8,4,37,107,2018,10,15,5,3,9,1,0,0,1,0,0,0,0,0,5.06428E+20,5.33045E+21,9.08638E+15,4.81273E+16
56027,8,3,36,81,2018,10,13,7,3,8,1,0,0,0,0,1,0,0,0,4.2286E+20,5.283E+21,7.97192E+15,4.76957E+16
56028,8,4,15,34,2018,10,17,1,2,5,3,0,0,1,0,1,0,0,0,5.35068E+20,5.34945E+21,9.47283E+15,4.82973E+16
56029,8,4,26,108,2018,10,6,5,3,5,3,2,0,1,0,0,1,0,1,5.74765E+20,5.33746E+21,1.00059E+16,4.8186E+16
56030,8,4,25,20,2018,10,10,3,3,8,1,0,1,0,0,0,0,0,0,5.59217E+20,5.36081E+21,9.80001E+15,4.83977E+16
56031,8,4,16,36,2018,10,16,5,3,2,6,0,0,1,0,0,0,1,0,4.95621E+20,5.3689E+21,8.94075E+15,4.84733E+16
56032,8,2,37,28,2018,10,14,1,3,5,3,0,0,1,0,1,0,0,0,4.56205E+20,5.36731E+21,8.40765E+15,4.84574E+16
56033,8,4,36,81,2018,10,12,1,3,3,6,0,0,1,0,1,0,0,0,5.62995E+20,5.28154E+21,9.83939E+15,4.76842E+16
56034,8,4,16,49,2018,10,9,5,3,3,6,0,1,1,0,0,0,0,0,4.91705E+20,5.36986E+21,8.88775E+15,4.84818E+16
56035,8,4,35,34,2018,10,20,3,3,2,6,2,0,1,0,0,0,0,0,5.30395E+20,5.28396E+21,9.40518E+15,4.77083E+16
56036,8,3,37,126,2018,10,15,5,3,4,3,0,0,1,0,1,0,0,0,4.38867E+20,5.27399E+21,8.18649E+15,4.76165E+16
56037,8,2,12,0,2018,10,13,1,3,2,6,0,0,1,0,0,0,0,0,4.58781E+20,5.42599E+21,8.43662E+15,4.89854E+16
56038,8,2,26,96,2018,10,14,3,2,5,2,0,0,1,0,1,0,0,0,4.76522E+20,5.48907E+21,8.6754E+15,4.95538E+16
56039,8,3,36,105,2018,10,16,5,3,3,2,0,1,1,0,0,0,0,0,3.99994E+20,5.26727E+21,7.67083E+15,4.75511E+16
56040,8,1,26,85,2018,10,11,1,2,8,1,0,0,0,0,1,0,0,0,5.44616E+20,5.44544E+21,9.61195E+15,4.91601E+16
56041,8,1,28,7,2018,10,13,7,3,8,1,0,0,0,0,1,0,0,0,5.52105E+20,5.47717E+21,9.71881E+15,4.9445E+16
56042,8,1,16,49,2018,10,15,3,3,2,6,0,0,1,0,0,0,0,0,5.26356E+20,5.3876E+21,9.35777E+15,4.86409E+16
56043,8,1,25,46,2018,10,17,2,3,1,6,0,0,1,0,0,0,0,0,5.18301E+20,5.43373E+21,9.2505E+15,4.90562E+16
56044,8,4,25,73,2018,10,14,2,3,5,3,0,0,1,0,0,0,0,0,5.41439E+20,5.34499E+21,9.55829E+15,4.82567E+16
56045,8,3,35,43,2018,10,13,5,3,2,6,0,0,1,0,0,0,0,0,5.13507E+20,5.27942E+21,9.17992E+15,4.7668E+16
56046,8,2,25,14,2018,10,23,4,2,8,1,2,0,1,0,0,0,0,0,5.2607E+20,5.48114E+21,9.35992E+15,4.94823E+16
56047,8,3,27,2,2018,10,15,7,3,2,6,0,0,0,0,1,0,1,0,4.78541E+20,5.32726E+21,8.71178E+15,4.80982E+16
56048,8,2,22,0,2018,10,8,7,3,2,6,0,0,1,0,0,0,0,0,4.66777E+20,5.47718E+21,8.54167E+15,4.94464E+16
56049,8,3,37,60,2018,10,16,1,3,5,3,0,0,1,0,0,0,0,0,4.65801E+20,5.27606E+21,8.54472E+15,4.7637E+16
56050,8,4,35,16,2018,10,18,5,3,5,3,0,1,1,0,0,0,0,0,5.3569E+20,5.27914E+21,9.47537E+15,4.76647E+16
56051,8,3,36,84,2018,10,9,3,3,4,6,0,0,1,0,0,0,0,0,4.05601E+20,5.27854E+21,7.74291E+15,4.76534E+16
56052,8,4,36,55,2018,10,12,5,3,5,3,0,0,1,0,0,1,0,0,5.74329E+20,5.29844E+21,9.99327E+15,4.7835E+16
56053,8,3,26,61,2018,10,16,5,3,3,3,0,1,0,0,0,0,1,1,4.70723E+20,5.31983E+21,8.60729E+15,4.80311E+16
56054,8,2,35,8,2018,10,17,1,2,4,6,0,0,1,0,1,0,0,0,4.84336E+20,5.40124E+21,8.78684E+15,4.8764E+16
56055,8,1,27,14,2018,10,13,7,3,2,6,0,1,1,0,0,0,0,0,5.78065E+20,5.4429E+21,1.00702E+16,4.9134E+16
56056,8,2,11,0,2018,10,7,3,3,8,1,1,0,1,0,0,0,0,0,4.46599E+20,5.40267E+21,8.27318E+15,4.87748E+16
56057,8,2,15,17,2018,10,16,2,2,9,6,0,0,1,0,0,0,0,0,4.53221E+20,5.42064E+21,8.36124E+15,4.89369E+16
56058,8,3,26,74,2018,10,20,5,3,5,3,2,1,1,0,0,0,0,0,4.65161E+20,5.32214E+21,8.5325E+15,4.80516E+16
56059,8,4,37,5,2018,10,14,7,3,8,1,0,0,0,0,1,0,0,0,4.96675E+20,5.32106E+21,8.95539E+15,4.80428E+16
56060,8,1,27,71,2018,10,13,7,2,8,1,0,0,0,0,1,0,0,0,5.71937E+20,5.45671E+21,9.98865E+15,4.92589E+16
56061,8,1,16,71,2018,10,5,2,2,2,6,2,0,1,0,1,0,0,0,5.28799E+20,5.3891E+21,9.39104E+15,4.86543E+16
56062,8,3,17,98,2018,10,11,2,3,5,3,0,1,1,0,0,0,0,0,4.3766E+20,5.36931E+21,8.15654E+15,4.84738E+16
56063,8,2,15,66,2018,10,17,3,3,5,2,1,0,1,0,1,0,0,0,4.5763E+20,5.45356E+21,8.41799E+15,4.92334E+16
56064,8,3,17,96,2018,10,9,5,3,5,3,0,1,1,0,0,0,0,0,4.2492E+20,5.36939E+21,7.98418E+15,4.84732E+16
56065,8,1,18,11,2018,10,20,1,3,5,3,2,0,1,0,0,0,0,0,5.05031E+20,5.40793E+21,9.06854E+15,4.88243E+16
56066,8,1,11,0,2018,10,22,3,3,2,6,2,0,1,0,0,0,0,0,5.16885E+20,5.40647E+21,9.22999E+15,4.8811E+16
56067,8,1,18,81,2018,10,14,2,2,4,2,0,0,1,0,0,0,0,0,5.18495E+20,5.41457E+21,9.25227E+15,4.88838E+16
56068,8,3,27,50,2018,10,7,2,3,2,6,0,0,1,0,0,0,0,0,4.85019E+20,5.31513E+21,8.79921E+15,4.79893E+16
56069,8,3,17,96,2018,10,17,5,3,0,7,0,1,0,0,0,0,0,0,4.24037E+20,5.37029E+21,7.97207E+15,4.84811E+16
56070,8,1,25,6,2018,10,11,4,3,6,1,0,0,1,1,0,0,0,0,5.08693E+20,5.45536E+21,9.11946E+15,4.9251E+16
56071,8,3,17,150,2018,10,12,5,3,4,6,0,0,1,0,0,0,0,0,4.10021E+20,5.35775E+21,7.78514E+15,4.83665E+16
56072,8,3,26,54,2018,10,20,1,1,4,6,2,0,1,0,0,0,0,0,4.40952E+20,5.32858E+21,8.20677E+15,4.81077E+16
56073,8,3,17,57,2018,10,18,5,3,2,6,1,0,1,0,0,0,0,0,4.13134E+20,5.3815E+21,7.82222E+15,4.85806E+16
56074,8,3,25,45,2018,10,17,3,3,5,3,0,0,1,0,0,0,0,0,4.7016E+20,5.34656E+21,8.59786E+15,4.82716E+16
56075,8,3,17,89,2018,10,13,5,3,1,3,0,1,1,0,0,0,0,0,4.31501E+20,5.37602E+21,8.07211E+15,4.85336E+16
56076,8,3,17,31,2018,10,17,5,2,3,1,0,0,1,0,1,0,0,0,4.19824E+20,5.36122E+21,7.91681E+15,4.8399E+16
56077,8,2,26,102,2018,10,13,1,3,2,6,0,0,1,0,0,0,0,0,4.83897E+20,5.45478E+21,8.77875E+15,4.92456E+16
56078,8,1,15,15,2018,10,7,3,3,2,6,0,0,1,0,0,0,0,0,4.94765E+20,5.38738E+21,8.92894E+15,4.86395E+16
56079,8,2,36,40,2018,10,7,2,3,5,3,0,0,1,0,0,0,0,0,4.85657E+20,5.4201E+21,8.80417E+15,4.89336E+16
56080,8,2,12,0,2018,10,10,5,3,2,6,0,0,1,0,0,0,1,0,4.54237E+20,5.43257E+21,8.37378E+15,4.90443E+16
56081,8,4,37,5,2018,10,16,7,2,5,3,0,0,1,0,1,0,0,0,4.96361E+20,5.32146E+21,8.95118E+15,4.80464E+16
56082,8,1,16,80,2018,10,19,2,3,2,6,2,0,1,0,1,0,0,0,5.20091E+20,5.39686E+21,9.27318E+15,4.87245E+16
56083,8,3,11,0,2018,10,10,2,3,5,3,0,0,1,0,0,0,0,0,4.04103E+20,5.31454E+21,7.71501E+15,4.7977E+16
56084,8,2,12,0,2018,10,14,5,3,0,2,0,0,1,0,1,0,0,0,4.56059E+20,5.42898E+21,8.39909E+15,4.90121E+16
56085,8,1,15,21,2018,10,20,4,2,6,4,2,0,1,1,0,0,0,0,4.90227E+20,5.3826E+21,8.86745E+15,4.85964E+16
56086,8,2,37,19,2018,10,7,5,3,4,2,1,0,1,0,0,0,0,0,4.61703E+20,5.36978E+21,8.48177E+15,4.84799E+16
56087,8,3,17,122,2018,10,15,1,3,2,6,0,0,1,0,0,0,1,0,4.18723E+20,5.36657E+21,7.90089E+15,4.8447E+16
56088,8,2,15,89,2018,10,10,3,2,5,3,0,0,1,0,1,0,0,0,4.68753E+20,5.43136E+21,8.5725E+15,4.90343E+16
56089,8,2,31,0,2018,10,19,5,3,2,6,2,0,1,0,0,0,0,1,4.81609E+20,5.41466E+21,8.74914E+15,4.88846E+16
56090,8,1,11,0,2018,10,16,4,3,2,6,0,0,1,0,0,0,0,0,5.07417E+20,5.39542E+21,9.10083E+15,4.87118E+16
56091,8,2,36,40,2018,10,13,5,3,2,2,0,0,1,0,0,0,0,0,4.90603E+20,5.422E+21,8.87166E+15,4.89509E+16
56092,8,3,17,96,2018,10,13,1,3,5,3,0,0,1,0,1,0,0,0,4.22352E+20,5.36411E+21,7.95041E+15,4.84254E+16
56093,8,2,36,50,2018,10,17,5,3,5,3,0,0,1,0,0,0,0,0,4.85406E+20,5.42317E+21,8.80063E+15,4.89613E+16
56094,8,3,15,130,2018,10,12,3,2,5,3,0,1,0,0,0,1,0,0,4.07515E+20,5.30127E+21,7.76355E+15,4.78581E+16
56095,8,2,26,76,2018,10,13,5,3,2,6,0,0,1,0,1,0,0,0,4.727E+20,5.46368E+21,8.62431E+15,4.93253E+16
56096,8,2,26,99,2018,10,13,5,2,0,7,0,1,0,0,0,0,0,0,4.81571E+20,5.47909E+21,8.74567E+15,4.94642E+16
56097,8,2,11,0,2018,10,15,1,2,0,1,0,0,0,0,1,0,0,0,4.41666E+20,5.39593E+21,8.20699E+15,4.87137E+16
56098,8,1,27,25,2018,10,17,3,2,6,4,1,0,0,1,1,0,0,0,5.56471E+20,5.42759E+21,9.77204E+15,4.89986E+16
56099,8,2,12,0,2018,10,17,2,3,2,6,0,0,1,0,0,0,0,0,4.56498E+20,5.42333E+21,8.40571E+15,4.89613E+16
56100,8,2,26,68,2018,10,15,5,3,2,6,0,0,1,0,0,0,0,0,4.65844E+20,5.46168E+21,8.53012E+15,4.93069E+16
56101,8,4,17,22,2018,10,7,7,3,8,1,0,0,1,0,0,0,0,0,4.84989E+20,5.34905E+21,8.79761E+15,4.82945E+16
56102,8,4,37,104,2018,10,14,1,3,1,6,0,0,1,0,1,0,0,0,5.1538E+20,5.3258E+21,9.20652E+15,4.80853E+16
56103,8,2,26,3,2018,10,15,5,2,4,6,0,0,0,0,0,1,1,0,4.61318E+20,5.46351E+21,8.46769E+15,4.93231E+16
56104,8,4,36,82,2018,10,18,3,3,5,3,0,1,1,0,0,0,0,0,5.47554E+20,5.2953E+21,9.63515E+15,4.78093E+16
56105,8,2,16,33,2018,10,7,5,3,5,3,0,1,1,0,0,0,0,0,4.46631E+20,5.41412E+21,8.27212E+15,4.88777E+16
56106,8,2,26,10,2018,10,19,1,3,2,6,1,0,1,0,0,0,0,0,4.84536E+20,5.45717E+21,8.78744E+15,4.92671E+16
56107,8,2,36,70,2018,10,9,3,2,8,1,0,0,1,0,0,0,0,0,4.66636E+20,5.41598E+21,8.54479E+15,4.88959E+16
56108,8,2,16,63,2018,10,11,5,3,5,3,0,1,1,0,0,0,0,0,4.30114E+20,5.40191E+21,8.04896E+15,4.87662E+16
56109,8,1,17,16,2018,10,14,1,3,8,1,0,0,0,0,1,0,0,0,5.50076E+20,5.3789E+21,9.6787E+15,4.85612E+16
56110,8,4,17,75,2018,10,14,7,2,0,1,0,1,0,0,0,0,0,0,5.08656E+20,5.33494E+21,9.11641E+15,4.81676E+16
56111,8,1,17,2,2018,10,6,3,2,7,1,2,0,1,0,0,0,0,0,5.41057E+20,5.38714E+21,9.55729E+15,4.8636E+16
56112,8,1,27,43,2018,10,16,2,2,5,3,0,0,1,0,0,0,0,0,5.66812E+20,5.45081E+21,9.91726E+15,4.92064E+16
56113,8,4,35,16,2018,10,18,2,3,3,2,1,1,1,0,0,0,0,0,5.36493E+20,5.2778E+21,9.48596E+15,4.76526E+16
56114,8,2,12,0,2018,10,16,5,2,9,7,0,0,0,0,1,0,0,0,4.54413E+20,5.42657E+21,8.37685E+15,4.89904E+16
56115,8,2,12,0,2018,10,6,5,3,0,7,2,0,0,0,1,0,1,1,4.59475E+20,5.42426E+21,8.44627E+15,4.89699E+16
56116,8,2,12,0,2018,10,10,1,3,8,7,0,0,1,0,0,0,0,0,4.59957E+20,5.42787E+21,8.45251E+15,4.90024E+16
56117,8,1,21,0,2018,10,17,3,3,1,6,0,0,1,0,0,0,0,0,5.15881E+20,5.44474E+21,9.2178E+15,4.91552E+16
56118,8,1,27,91,2018,10,7,2,3,5,2,0,0,1,0,0,0,1,0,5.7751E+20,5.45163E+21,1.00643E+16,4.92125E+16
56119,8,1,11,0,2018,10,16,5,2,2,6,0,0,1,0,0,0,0,0,5.13602E+20,5.39402E+21,9.18485E+15,4.86991E+16
56120,8,4,15,88,2018,10,6,7,3,5,3,2,1,1,0,0,0,0,0,5.36883E+20,5.37132E+21,9.49922E+15,4.84939E+16
56121,8,4,25,108,2018,10,16,1,3,5,6,0,0,1,0,1,0,0,0,5.55431E+20,5.35876E+21,9.74859E+15,4.83795E+16
56122,8,1,16,35,2018,10,10,5,3,5,3,0,0,1,0,0,1,0,0,5.25679E+20,5.39129E+21,9.34881E+15,4.86741E+16
56123,8,4,35,30,2018,10,8,3,3,2,6,0,0,1,0,0,0,0,0,5.44553E+20,5.27537E+21,9.59304E+15,4.76302E+16
56124,8,1,15,28,2018,10,23,5,3,2,6,2,0,1,0,0,1,0,0,5.0118E+20,5.40364E+21,9.01607E+15,4.87858E+16
56125,8,2,15,89,2018,10,3,1,2,8,1,2,0,1,0,0,0,0,0,4.72889E+20,5.42986E+21,8.62918E+15,4.9021E+16
56126,8,2,25,117,2018,10,19,3,3,9,1,2,0,1,0,0,0,0,0,5.196E+20,5.47392E+21,9.27024E+15,4.94177E+16
56127,8,1,11,0,2018,10,7,5,3,2,6,0,0,1,0,0,0,0,0,5.11729E+20,5.39488E+21,9.15942E+15,4.87068E+16
56128,8,1,19,8,2018,10,15,1,3,0,6,0,0,1,0,0,0,0,0,5.29717E+20,5.42036E+21,9.40577E+15,4.89355E+16
56129,8,1,16,15,2018,10,16,3,3,2,6,0,0,1,0,0,0,0,0,5.225E+20,5.39478E+21,9.30582E+15,4.87057E+16
56130,8,1,21,0,2018,10,17,2,3,1,3,0,0,1,0,0,0,0,0,5.16726E+20,5.44274E+21,9.2293E+15,4.91372E+16
56131,8,4,15,89,2018,10,9,2,3,5,3,0,0,1,0,0,0,0,0,5.21726E+20,5.35952E+21,9.29346E+15,4.83885E+16
56132,8,1,15,28,2018,10,8,5,3,3,6,0,0,1,0,0,1,0,0,5.02076E+20,5.40206E+21,9.02825E+15,4.87715E+16
56133,8,1,25,107,2018,10,18,4,3,8,1,1,0,0,0,1,0,0,0,5.35271E+20,5.43889E+21,9.48321E+15,4.91019E+16
56134,8,3,25,70,2018,10,23,7,3,2,2,2,0,1,0,0,0,0,0,4.62005E+20,5.34978E+21,8.48767E+15,4.83001E+16
56135,8,2,15,106,2018,10,16,7,2,1,5,0,0,1,0,1,0,0,0,4.65785E+20,5.45106E+21,8.53023E+15,4.92114E+16
56136,8,3,35,79,2018,10,15,1,3,5,3,0,0,1,0,0,0,0,0,5.01582E+20,5.29869E+21,9.02114E+15,4.78415E+16
56137,8,1,36,44,2018,10,21,5,2,9,1,2,0,1,0,0,0,0,0,5.56009E+20,5.41293E+21,9.76372E+15,4.88668E+16
56138,8,3,27,50,2018,10,15,3,3,2,6,0,0,1,0,0,0,0,0,4.8984E+20,5.31702E+21,8.86378E+15,4.80064E+16
56139,8,2,12,0,2018,10,9,1,2,6,7,0,0,1,1,0,0,0,0,4.56589E+20,5.42497E+21,8.40677E+15,4.89761E+16
56140,8,1,11,0,2018,10,12,6,3,3,6,0,0,1,0,0,1,0,0,5.15623E+20,5.4053E+21,9.21275E+15,4.88005E+16
56141,8,4,37,100,2018,10,16,3,3,4,6,0,0,1,0,0,0,0,0,5.35464E+20,5.31528E+21,9.47533E+15,4.79898E+16
56142,8,4,26,108,2018,10,17,7,2,8,1,0,0,0,0,1,0,0,0,5.68728E+20,5.33148E+21,9.92372E+15,4.81329E+16
56143,8,1,11,0,2018,10,9,6,2,3,6,0,0,1,0,0,1,0,0,5.1565E+20,5.40493E+21,9.21311E+15,4.87971E+16
56144,8,1,15,16,2018,10,17,3,2,8,1,0,0,0,0,1,0,0,0,4.86765E+20,5.37903E+21,8.82062E+15,4.85642E+16
56145,8,2,21,0,2018,10,14,7,3,2,6,0,1,1,0,0,0,0,0,4.79188E+20,5.47369E+21,8.71307E+15,4.94155E+16
56146,8,4,37,31,2018,10,17,5,3,5,3,0,1,1,0,0,0,0,0,5.15256E+20,5.34536E+21,9.20555E+15,4.82613E+16
56147,8,3,35,63,2018,10,17,2,3,0,7,0,1,0,0,0,0,0,0,4.96786E+20,5.28774E+21,8.95713E+15,4.7743E+16
56148,8,2,12,0,2018,10,17,4,3,2,6,0,0,1,0,0,0,0,0,4.59053E+20,5.42812E+21,8.44012E+15,4.90046E+16
56149,8,4,36,32,2018,10,0,1,3,8,1,2,0,1,0,0,0,0,0,5.35335E+20,5.3023E+21,9.47253E+15,4.7873E+16
56150,8,1,26,56,2018,10,7,6,2,4,6,1,0,1,0,1,0,0,1,5.58639E+20,5.46277E+21,9.8068E+15,4.93149E+16
56151,8,1,36,88,2018,10,17,4,3,5,3,1,1,1,0,0,0,0,1,5.82266E+20,5.40841E+21,1.01208E+16,4.88233E+16
56152,8,4,26,21,2018,10,14,6,3,1,6,0,0,1,0,0,0,1,0,5.59666E+20,5.3259E+21,9.80116E+15,4.80836E+16
56153,8,4,37,44,2018,10,6,5,3,3,6,2,0,1,0,0,0,0,0,5.33742E+20,5.32277E+21,9.45283E+15,4.80573E+16
56154,8,1,36,45,2018,10,21,2,3,5,2,2,0,1,0,1,0,0,1,5.92801E+20,5.40533E+21,1.02636E+16,4.87941E+16
56155,8,4,35,16,2018,10,10,6,3,5,3,0,1,1,0,0,0,0,0,5.36165E+20,5.27907E+21,9.4817E+15,4.7664E+16
56156,8,4,36,9,2018,10,7,5,1,4,1,1,0,1,0,1,0,0,0,5.57243E+20,5.3041E+21,9.76571E+15,4.78877E+16
56157,8,2,15,109,2018,10,14,1,3,8,1,0,1,0,0,0,0,0,0,4.59969E+20,5.43719E+21,8.45176E+15,4.90863E+16
56158,8,4,36,18,2018,10,10,5,3,2,2,0,0,1,0,0,1,0,0,5.53504E+20,5.28601E+21,9.71348E+15,4.77253E+16
56159,8,3,35,75,2018,10,16,3,2,8,1,0,0,0,0,0,0,1,0,4.92474E+20,5.28668E+21,8.89962E+15,4.77334E+16
56160,8,3,36,91,2018,10,14,7,3,5,2,0,0,1,0,1,0,0,0,3.96206E+20,5.27541E+21,7.61858E+15,4.76238E+16
56161,8,4,36,6,2018,10,18,5,3,4,2,0,0,1,0,1,0,0,0,5.56026E+20,5.28392E+21,9.74683E+15,4.77062E+16
56162,8,4,36,55,2018,10,15,2,3,5,2,0,0,1,0,0,0,0,0,5.76004E+20,5.29967E+21,1.00159E+16,4.78459E+16
56163,8,1,27,76,2018,10,19,7,3,4,2,2,0,1,0,0,0,0,0,5.5512E+20,5.43992E+21,9.75527E+15,4.91097E+16
56164,8,4,36,5,2018,10,15,5,3,2,2,0,0,1,0,1,0,0,0,5.40399E+20,5.30981E+21,9.54095E+15,4.79404E+16
56165,8,3,16,24,2018,10,10,2,3,4,6,0,0,1,0,0,0,0,0,4.09523E+20,5.33439E+21,7.78341E+15,4.81563E+16
56166,8,3,35,22,2018,10,0,1,3,5,3,2,0,1,0,0,0,0,0,4.82811E+20,5.29951E+21,8.77025E+15,4.78487E+16
56167,8,1,18,51,2018,10,7,6,3,3,7,0,0,1,0,1,0,0,0,5.08252E+20,5.41464E+21,9.11256E+15,4.88847E+16
56168,8,1,19,75,2018,10,8,4,3,2,6,0,0,1,0,0,0,0,0,5.36271E+20,5.42806E+21,9.49593E+15,4.90044E+16
56169,8,1,18,80,2018,10,13,7,3,2,6,0,0,1,0,0,0,0,0,5.09022E+20,5.41133E+21,9.123E+15,4.88549E+16
56170,8,4,35,16,2018,10,8,5,3,5,3,0,1,1,0,0,0,0,0,5.37252E+20,5.27757E+21,9.49605E+15,4.76504E+16
56171,8,3,25,69,2018,10,14,2,2,8,1,0,0,0,0,1,0,0,0,4.66102E+20,5.33467E+21,8.54412E+15,4.81644E+16
56172,8,3,36,91,2018,10,15,6,2,3,2,0,1,0,0,0,1,0,0,3.94776E+20,5.27171E+21,7.60044E+15,4.75902E+16
56173,8,2,36,72,2018,10,18,4,3,2,6,1,0,1,0,0,0,0,1,4.67488E+20,5.41062E+21,8.55684E+15,4.88477E+16
56174,8,4,15,50,2018,10,17,1,3,2,6,0,0,1,0,0,0,0,0,5.20075E+20,5.37725E+21,9.27201E+15,4.8548E+16
56175,8,1,25,86,2018,10,7,6,3,5,3,2,1,0,0,1,0,0,0,5.04118E+20,5.4436E+21,9.05646E+15,4.91452E+16
56176,8,1,25,98,2018,10,20,4,2,8,1,2,0,1,0,0,0,0,1,5.21408E+20,5.43819E+21,9.29325E+15,4.90962E+16
56177,8,2,12,0,2018,10,16,4,3,5,3,0,0,1,0,1,0,0,0,4.51069E+20,5.43177E+21,8.33052E+15,4.90369E+16
56178,8,1,28,7,2018,10,19,2,3,9,7,2,0,1,0,0,0,0,1,5.57307E+20,5.48079E+21,9.79108E+15,4.9477E+16
56179,8,3,17,96,2018,10,13,6,3,0,7,0,0,0,0,1,0,0,0,4.22219E+20,5.3706E+21,7.94741E+15,4.84837E+16
56180,8,4,26,21,2018,10,17,5,3,2,6,0,0,1,0,0,0,0,0,5.59389E+20,5.32794E+21,9.79772E+15,4.8102E+16
56181,8,1,36,88,2018,10,12,1,3,0,1,0,1,0,0,0,0,0,0,5.75465E+20,5.41378E+21,1.00291E+16,4.88724E+16
56182,8,4,26,45,2018,10,18,5,2,4,2,1,0,1,0,0,0,0,0,5.33972E+20,5.32655E+21,9.45622E+15,4.80913E+16
56183,8,2,26,98,2018,10,18,3,3,3,6,2,0,1,0,0,0,0,0,4.78955E+20,5.45856E+21,8.71064E+15,4.92795E+16
56184,8,3,15,33,2018,10,9,7,3,0,1,0,0,0,0,1,0,0,1,3.98241E+20,5.30598E+21,7.6385E+15,4.78991E+16
56185,8,4,25,72,2018,10,23,5,3,7,1,2,0,1,0,0,0,0,0,5.83449E+20,5.37225E+21,1.01296E+16,4.84978E+16
56186,8,4,35,15,2018,10,7,2,2,4,2,0,0,1,0,0,0,0,0,5.18784E+20,5.29496E+21,9.25088E+15,4.78077E+16
56187,8,1,11,0,2018,10,18,5,3,3,6,2,0,1,0,1,0,0,1,5.13888E+20,5.40352E+21,9.18906E+15,4.87846E+16
56188,8,1,25,13,2018,10,14,7,3,5,3,0,0,1,0,0,0,0,0,5.04938E+20,5.43665E+21,9.06762E+15,4.90827E+16
56189,8,4,25,71,2018,10,9,5,3,7,1,0,0,1,0,0,0,0,0,5.51552E+20,5.37119E+21,9.69775E+15,4.84917E+16
56190,8,2,31,0,2018,10,15,2,3,5,2,0,0,1,0,0,0,0,0,4.79289E+20,5.41832E+21,8.71731E+15,4.89175E+16
56191,8,3,25,49,2018,10,14,1,3,5,3,0,0,1,0,0,0,0,0,4.73195E+20,5.33374E+21,8.63957E+15,4.81563E+16
56192,8,4,25,72,2018,10,0,6,2,2,6,2,1,1,0,0,0,0,0,5.79883E+20,5.36949E+21,1.00808E+16,4.84734E+16
56193,8,1,17,49,2018,10,19,4,3,2,6,2,0,1,0,0,0,0,1,5.56157E+20,5.3911E+21,9.76276E+15,4.86704E+16