OBJECTID_1,ULAND,UREGBEZ,UKREIS,UGEMEINDE,UJAHR,UMONAT,USTUNDE,UWOCHENTAG,UKATEGORIE,UART,UTYP1,ULICHTVERH,IstRad,IstPKW,IstFuss,IstKrad,IstGkfz,IstSonstig,STRZUSTAND,LINREFX,LINREFY,XGCSWGS84,YGCSWGS84
56194,8,1,21,0,2018,10,9,2,3,1,6,0,0,1,0,0,0,0,0,5.16107E+20,5.44241E+21,9.2208E+15,4.91343E+16
56195,8,1,16,19,2018,10,13,1,3,2,6,0,0,1,0,0,0,0,0,5.23486E+20,5.3971E+21,9.31936E+15,4.87265E+16
56196,8,3,26,61,2018,10,18,5,3,2,6,0,0,1,0,0,0,0,0,4.71469E+20,5.32003E+21,8.61729E+15,4.80329E+16
56197,8,1,35,15,2018,10,6,3,3,2,6,2,1,1,0,0,0,0,0,5.83764E+20,5.38081E+21,1.01356E+16,4.85748E+16
56198,8,1,26,11,2018,10,17,2,3,2,6,0,0,1,0,0,0,0,0,5.3237E+20,5.44863E+21,9.44425E+15,4.91896E+16
56199,8,1,18,48,2018,10,14,1,3,2,1,0,0,1,0,0,0,0,0,5.14249E+20,5.41527E+21,9.19439E+15,4.88902E+16
56200,8,3,25,45,2018,10,22,5,3,8,1,2,0,1,0,0,0,0,0,4.72916E+20,5.34971E+21,8.6348E+15,4.83E+16
56201,8,2,22,0,2018,10,17,3,3,2,6,0,0,1,0,0,0,0,0,4.64858E+20,5.47908E+21,8.51502E+15,4.94634E+16
56202,8,3,17,1,2018,10,20,7,3,3,6,2,0,1,0,0,0,0,0,4.27738E+20,5.38652E+21,8.01932E+15,4.86276E+16
56203,8,3,36,81,2018,10,18,5,3,4,6,1,1,1,0,0,0,0,0,4.12352E+20,5.27725E+21,7.83305E+15,4.76427E+16
56204,8,4,21,0,2018,10,16,2,3,4,2,0,1,1,0,0,0,0,0,5.72063E+20,5.36141E+21,9.97364E+15,4.84017E+16
56205,8,4,16,36,2018,10,10,4,2,9,1,0,0,1,0,0,0,0,0,4.96694E+20,5.37103E+21,8.95525E+15,4.84923E+16
56206,8,1,17,43,2018,10,19,7,2,8,1,2,0,0,0,1,0,0,0,5.51923E+20,5.38975E+21,9.70508E+15,4.86586E+16
56207,8,4,36,87,2018,10,7,5,2,6,4,2,0,1,1,0,0,0,0,5.45659E+20,5.30505E+21,9.61087E+15,4.78972E+16
56208,8,2,26,96,2018,10,16,2,2,0,1,0,0,0,0,1,0,0,0,4.75353E+20,5.49089E+21,8.65912E+15,4.95701E+16
56209,8,3,17,1,2018,10,16,1,3,9,1,0,0,0,0,1,0,0,0,4.24167E+20,5.38555E+21,7.97104E+15,4.86184E+16
56210,8,1,15,3,2018,10,22,6,3,2,6,2,0,1,0,0,0,0,0,4.98034E+20,5.39281E+21,8.97329E+15,4.86883E+16
56211,8,1,11,0,2018,10,19,4,3,2,6,2,0,1,0,0,0,0,0,5.12157E+20,5.40218E+21,9.16546E+15,4.87725E+16
56212,8,4,37,76,2018,10,7,7,2,8,1,0,0,1,0,0,0,0,0,5.2406E+20,5.31967E+21,9.32272E+15,4.80299E+16
56213,8,4,35,45,2018,10,16,5,2,4,2,0,0,1,0,1,0,0,0,5.36157E+20,5.28727E+21,9.48227E+15,4.77378E+16
56214,8,1,19,91,2018,10,8,3,3,2,7,0,0,1,0,0,0,1,0,5.28762E+20,5.40713E+21,9.3918E+15,4.88165E+16
56215,8,2,26,96,2018,10,16,7,3,2,6,0,0,1,0,1,0,0,0,4.78506E+20,5.48773E+21,8.7029E+15,4.95418E+16
56216,8,3,27,36,2018,10,14,5,3,6,4,0,0,1,1,0,0,0,0,4.91337E+20,5.31938E+21,8.88381E+15,4.80276E+16
56217,8,3,35,2,2018,10,12,2,3,5,3,0,1,0,0,1,0,0,0,5.05306E+20,5.28477E+21,9.07074E+15,4.77163E+16
56218,8,2,26,103,2018,10,10,4,2,2,6,0,0,1,0,0,1,0,0,4.7321E+20,5.45831E+21,8.63169E+15,4.9277E+16
56219,8,1,11,0,2018,10,17,2,3,2,6,2,0,1,0,0,0,0,0,5.16353E+20,5.40791E+21,9.22279E+15,4.88239E+16
56220,8,4,21,0,2018,10,17,6,2,4,6,0,1,0,0,0,0,0,0,5.72054E+20,5.36545E+21,9.97421E+15,4.84381E+16
56221,8,2,12,0,2018,10,9,4,3,5,2,0,1,1,0,0,0,0,0,4.55735E+20,5.42824E+21,8.39474E+15,4.90054E+16
56222,8,2,31,0,2018,10,10,7,3,4,2,0,0,1,0,0,0,0,0,4.78141E+20,5.41606E+21,8.70175E+15,4.88971E+16
56223,8,3,25,49,2018,10,13,5,3,1,6,0,0,1,0,1,0,0,0,4.70993E+20,5.33467E+21,8.6099E+15,4.81646E+16
56224,8,4,15,60,2018,10,7,2,2,4,6,0,0,1,0,1,0,0,0,5.1367E+20,5.38009E+21,9.18532E+15,4.85738E+16
56225,8,3,36,69,2018,10,10,4,3,2,6,0,0,1,0,0,0,0,0,4.07381E+20,5.26879E+21,7.76867E+15,4.75659E+16
56226,8,1,16,79,2018,10,7,2,3,2,6,1,0,1,0,0,0,0,0,5.36262E+20,5.37577E+21,9.4912E+15,4.8534E+16
56227,8,2,15,103,2018,10,17,4,2,2,6,0,0,1,0,0,0,0,1,4.67914E+20,5.444E+21,8.56002E+15,4.9148E+16
56228,8,1,16,19,2018,10,14,7,3,2,6,0,0,1,0,0,0,0,0,5.24447E+20,5.39751E+21,9.33245E+15,4.87301E+16
56229,8,2,37,73,2018,10,23,5,1,8,1,2,0,1,0,0,0,0,0,4.60293E+20,5.38259E+21,8.46148E+15,4.85952E+16
56230,8,2,26,85,2018,10,13,2,2,4,3,0,0,1,0,1,0,0,0,4.94736E+20,5.45611E+21,8.92766E+15,4.92577E+16
56231,8,4,15,78,2018,10,8,6,3,4,6,0,0,1,0,0,0,0,0,5.29965E+20,5.36901E+21,9.40543E+15,4.84735E+16
56232,8,3,17,150,2018,10,17,5,3,0,3,0,0,1,0,1,0,0,0,4.08591E+20,5.35647E+21,7.76611E+15,4.83548E+16
56233,8,2,12,0,2018,10,9,1,3,1,6,0,1,1,0,0,0,1,0,4.552E+20,5.42871E+21,8.38737E+15,4.90096E+16
56234,8,3,17,5,2018,10,16,5,3,5,3,0,0,1,0,0,0,0,0,4.25321E+20,5.37587E+21,7.98844E+15,4.85315E+16
56235,8,4,21,0,2018,10,14,3,3,2,6,0,0,1,0,0,0,0,0,5.72435E+20,5.36182E+21,9.97873E+15,4.84053E+16
56236,8,1,26,11,2018,10,15,4,3,2,1,0,0,1,0,0,1,0,0,5.28191E+20,5.44684E+21,9.38677E+15,4.91737E+16
56237,8,4,25,79,2018,10,13,7,3,2,6,0,0,1,0,0,0,0,0,5.55407E+20,5.37357E+21,9.75023E+15,4.85128E+16
56238,8,3,16,56,2018,10,7,5,3,4,2,1,0,1,0,0,0,0,0,4.21375E+20,5.32617E+21,7.94426E+15,4.80839E+16
56239,8,4,25,71,2018,10,17,3,1,5,3,0,0,1,0,0,0,0,0,5.54637E+20,5.37217E+21,9.73962E+15,4.85002E+16
56240,8,2,16,13,2018,10,14,7,3,8,1,0,0,0,0,1,0,0,0,4.50527E+20,5.3953E+21,8.32752E+15,4.87087E+16
56241,8,3,16,56,2018,10,17,5,3,5,3,0,1,1,0,0,0,0,0,4.20563E+20,5.32602E+21,7.93339E+15,4.80825E+16
56242,8,3,26,12,2018,10,16,2,3,5,3,0,0,1,0,1,0,0,0,4.62683E+20,5.31032E+21,8.50026E+15,4.79451E+16
56243,8,2,26,103,2018,10,13,6,3,2,6,0,0,1,0,0,0,0,0,4.71847E+20,5.45753E+21,8.613E+15,4.92699E+16
56244,8,2,37,40,2018,10,5,4,3,4,2,2,0,1,0,0,0,0,0,4.73124E+20,5.36328E+21,8.63674E+15,4.84221E+16
56245,8,4,36,10,2018,10,3,1,3,6,6,2,0,1,1,0,0,0,1,5.66592E+20,5.31052E+21,9.89176E+15,4.79445E+16
56246,8,1,25,65,2018,10,7,6,3,4,1,1,1,0,0,0,0,0,0,5.16336E+20,5.44921E+21,9.22422E+15,4.91955E+16
56247,8,1,28,7,2018,10,12,4,3,0,1,0,0,0,0,1,0,0,1,5.55727E+20,5.48113E+21,9.76932E+15,4.94803E+16
56248,8,1,18,54,2018,10,8,4,3,4,7,0,0,1,0,0,0,1,0,5.16939E+20,5.42283E+21,9.23139E+15,4.89582E+16
56249,8,3,16,11,2018,10,16,5,3,2,6,0,1,1,0,0,0,0,0,4.15663E+20,5.33075E+21,7.86668E+15,4.81244E+16
56250,8,1,35,16,2018,10,18,2,2,5,3,2,0,1,0,1,0,0,0,5.91678E+20,5.38624E+21,1.02441E+16,4.86225E+16
56251,8,2,37,28,2018,10,14,6,2,4,1,0,0,0,0,1,1,0,0,4.57833E+20,5.37279E+21,8.42912E+15,4.85068E+16
56252,8,3,15,94,2018,10,17,5,2,4,6,0,0,1,0,1,0,0,0,4.29461E+20,5.31617E+21,8.05447E+15,4.7995E+16
56253,8,2,11,0,2018,10,15,1,1,4,1,0,0,0,0,1,0,0,0,4.44123E+20,5.39455E+21,8.24057E+15,4.87015E+16
56254,8,3,15,43,2018,10,18,5,2,4,1,0,0,1,0,0,1,0,0,4.05772E+20,5.32323E+21,7.73545E+15,4.80554E+16
56255,8,3,36,69,2018,10,18,3,3,3,2,1,0,1,0,1,0,0,0,4.0543E+20,5.26968E+21,7.74255E+15,4.75736E+16
56256,8,4,35,52,2018,10,17,6,3,2,6,0,0,0,0,1,0,1,0,5.24156E+20,5.29454E+21,9.32261E+15,4.78037E+16
56257,8,3,15,98,2018,10,15,5,3,9,1,0,0,0,0,1,0,0,0,4.04555E+20,5.31218E+21,7.72159E+15,4.79558E+16
56258,8,1,15,45,2018,10,16,2,3,5,3,0,0,1,0,0,1,0,0,5.04595E+20,5.39673E+21,9.06248E+15,4.87236E+16
56259,8,3,16,12,2018,10,19,6,2,5,2,2,0,1,0,0,0,0,0,4.0206E+20,5.3338E+21,7.68322E+15,4.81499E+16
56260,8,3,37,2,2018,10,14,6,2,8,1,0,0,0,0,1,0,0,0,4.33611E+20,5.27175E+21,8.11689E+15,4.75958E+16
56261,8,2,26,103,2018,10,12,5,3,1,6,0,0,1,0,0,0,0,0,4.71612E+20,5.4571E+21,8.6098E+15,4.9266E+16
56262,8,2,36,76,2018,10,19,1,3,8,7,2,0,1,0,0,0,0,0,4.76805E+20,5.42341E+21,8.68312E+15,4.89632E+16
56263,8,2,26,32,2018,10,7,5,3,2,6,0,0,1,0,0,0,0,0,4.69403E+20,5.46236E+21,8.57904E+15,4.93132E+16
56264,8,3,35,35,2018,10,19,3,3,8,1,2,0,1,0,0,0,0,0,4.7862E+20,5.29364E+21,8.71451E+15,4.77958E+16
56265,8,4,15,78,2018,10,14,7,3,0,6,0,0,1,0,0,1,0,0,5.24567E+20,5.3749E+21,9.33274E+15,4.85267E+16
56266,8,2,37,40,2018,10,13,5,3,8,1,0,0,0,0,1,0,0,0,4.73765E+20,5.36086E+21,8.64555E+15,4.84003E+16
56267,8,4,36,81,2018,10,12,2,3,2,6,0,0,1,0,0,0,0,0,5.62655E+20,5.28205E+21,9.83492E+15,4.76888E+16
56268,8,1,35,25,2018,10,3,7,3,4,6,2,0,1,0,0,0,0,0,5.80907E+20,5.39792E+21,1.01002E+16,4.8729E+16
56269,8,2,35,8,2018,10,15,5,3,5,3,0,0,1,0,0,0,0,0,4.85201E+20,5.40118E+21,8.79862E+15,4.87635E+16
56270,8,3,26,10,2018,10,13,2,2,5,3,0,0,1,0,1,0,0,0,4.66139E+20,5.32583E+21,8.54533E+15,4.80848E+16
56271,8,2,26,96,2018,10,16,6,3,2,6,0,0,1,0,0,0,0,0,4.73102E+20,5.48856E+21,8.62814E+15,4.9549E+16
56272,8,2,26,68,2018,10,16,4,3,0,1,0,0,0,0,1,0,0,1,4.68055E+20,5.45936E+21,8.56072E+15,4.92862E+16
56273,8,3,37,39,2018,10,13,1,2,8,1,0,0,0,0,1,0,0,0,4.41806E+20,5.28709E+21,8.22384E+15,4.77345E+16
56274,8,1,19,89,2018,10,16,6,3,5,3,0,0,1,0,0,0,0,0,5.34867E+20,5.41017E+21,9.47521E+15,4.88435E+16
56275,8,1,21,0,2018,10,12,4,3,1,6,0,0,1,0,0,0,0,1,5.12185E+20,5.44303E+21,9.16707E+15,4.914E+16
56276,8,1,27,14,2018,10,11,2,3,5,3,0,0,1,0,0,0,0,0,5.71044E+20,5.44638E+21,9.97456E+15,4.91661E+16
56277,8,3,17,59,2018,10,14,6,3,2,6,0,0,1,0,1,0,0,0,4.13133E+20,5.3505E+21,7.82864E+15,4.83017E+16
56278,8,2,31,0,2018,10,5,5,3,5,3,2,1,1,0,0,0,0,0,4.80589E+20,5.41208E+21,8.73535E+15,4.88614E+16
56279,8,1,27,59,2018,10,15,1,3,0,2,0,0,1,0,1,0,0,0,5.49668E+20,5.4385E+21,9.68039E+15,4.90974E+16
56280,8,2,36,11,2018,10,16,5,2,8,1,0,0,1,0,0,0,0,0,4.76042E+20,5.42086E+21,8.67284E+15,4.89402E+16
56281,8,2,12,0,2018,10,10,3,2,3,6,0,1,0,0,0,0,1,0,4.56916E+20,5.4283E+21,8.41088E+15,4.90061E+16
56282,8,2,12,0,2018,10,13,7,3,2,6,0,0,1,0,0,0,0,0,4.55659E+20,5.42743E+21,8.39379E+15,4.89982E+16
56283,8,2,35,65,2018,10,20,5,2,3,6,2,0,1,0,0,0,0,0,4.76177E+20,5.40341E+21,8.6757E+15,4.87832E+16
56284,8,4,26,21,2018,10,12,2,3,2,6,0,0,1,0,0,0,0,0,5.63483E+20,5.32646E+21,9.85249E+15,4.80882E+16
56285,8,4,35,59,2018,10,10,4,3,3,7,0,0,1,0,0,0,0,1,5.11342E+20,5.29158E+21,9.15139E+15,4.77775E+16
56286,8,1,19,68,2018,10,14,7,3,5,3,0,0,1,0,0,0,0,0,5.25617E+20,5.41394E+21,9.34938E+15,4.88779E+16
56287,8,2,35,57,2018,10,4,5,3,9,1,2,0,1,0,0,0,0,0,4.90013E+20,5.39713E+21,8.8642E+15,4.87271E+16
56288,8,2,36,46,2018,10,12,2,3,5,3,0,0,1,0,0,0,0,0,4.86506E+20,5.41703E+21,8.81586E+15,4.89061E+16
56289,8,3,27,50,2018,10,6,7,3,5,3,2,0,1,0,0,1,0,0,4.8806E+20,5.31421E+21,8.83999E+15,4.79811E+16
56290,8,2,26,56,2018,10,14,5,3,5,2,0,0,0,0,1,0,1,0,4.88259E+20,5.47002E+21,8.83824E+15,4.93827E+16
56291,8,4,35,16,2018,10,18,2,3,2,6,1,0,1,0,0,0,1,0,5.33639E+20,5.27843E+21,9.448E+15,4.76584E+16
56292,8,1,26,66,2018,10,14,7,3,5,3,0,0,1,0,0,0,0,0,5.35302E+20,5.45046E+21,9.48465E+15,4.9206E+16
56293,8,2,25,1,2018,10,9,5,2,6,4,0,0,0,1,0,1,0,0,5.28286E+20,5.47245E+21,9.38989E+15,4.9404E+16
56294,8,2,31,0,2018,10,17,2,3,3,6,0,0,1,0,0,0,0,0,4.80534E+20,5.41864E+21,8.73429E+15,4.89203E+16
56295,8,3,35,79,2018,10,9,1,3,5,3,0,0,1,0,1,0,0,0,4.97465E+20,5.29626E+21,8.96613E+15,4.78197E+16
56296,8,1,18,11,2018,10,16,6,2,5,3,0,0,1,0,1,0,0,0,5.06127E+20,5.41032E+21,9.0835E+15,4.88459E+16
56297,8,1,18,15,2018,10,17,4,3,1,6,1,0,1,0,0,0,1,0,5.07211E+20,5.42971E+21,9.09863E+15,4.90203E+16
56298,8,1,21,0,2018,10,10,2,2,4,6,0,0,1,0,0,0,0,0,5.08203E+20,5.44699E+21,9.11254E+15,4.91757E+16
56299,8,4,25,71,2018,10,12,1,3,2,6,0,0,1,0,0,0,0,0,5.56047E+20,5.3742E+21,9.75898E+15,4.85184E+16
56300,8,2,25,9,2018,10,16,5,3,2,6,0,0,1,0,0,0,0,0,5.15451E+20,5.46641E+21,9.21274E+15,4.93502E+16
56301,8,1,18,80,2018,10,7,3,3,2,6,0,0,1,0,0,1,0,0,5.07789E+20,5.40974E+21,9.10615E+15,4.88406E+16
56302,8,2,35,65,2018,10,14,7,3,2,2,0,0,1,0,1,0,0,0,4.77251E+20,5.40537E+21,8.69021E+15,4.88009E+16
56303,8,2,21,0,2018,10,11,5,3,3,6,0,1,0,0,0,0,0,0,4.76553E+20,5.47295E+21,8.67678E+15,4.94087E+16
56304,8,4,25,137,2018,10,16,2,3,0,1,0,1,0,0,0,0,0,0,5.73988E+20,5.35477E+21,9.99847E+15,4.83418E+16
56305,8,4,15,53,2018,10,6,4,2,8,7,2,0,1,0,0,0,0,0,5.38669E+20,5.35535E+21,9.52193E+15,4.83501E+16
56306,8,2,12,0,2018,10,12,6,3,2,6,0,0,1,0,0,0,0,0,4.59471E+20,5.42429E+21,8.44622E+15,4.89702E+16
56307,8,3,15,70,2018,10,18,6,3,5,3,1,1,1,0,0,0,0,0,4.51353E+20,5.30246E+21,8.34944E+15,4.78736E+16
56308,8,1,16,33,2018,10,19,7,3,0,7,2,1,0,0,0,0,0,0,5.36015E+20,5.38989E+21,9.48909E+15,4.8661E+16
56309,8,2,21,0,2018,10,19,5,3,2,3,1,1,0,0,0,0,1,0,4.75083E+20,5.47142E+21,8.65662E+15,4.93949E+16
56310,8,2,22,0,2018,10,10,2,3,1,5,0,1,1,0,0,0,0,0,4.66152E+20,5.47491E+21,8.53324E+15,4.94259E+16
56311,8,4,26,21,2018,10,22,6,3,0,1,2,0,1,0,0,0,0,0,5.60668E+20,5.325E+21,9.81448E+15,4.80754E+16
56312,8,2,26,37,2018,10,13,1,3,2,6,0,0,1,0,0,0,1,0,4.66984E+20,5.46855E+21,8.54524E+15,4.93688E+16
56313,8,2,26,18,2018,10,14,5,2,5,3,0,0,1,0,1,0,0,0,4.72414E+20,5.47256E+21,8.61975E+15,4.94051E+16
56314,8,1,11,0,2018,10,16,4,3,3,6,0,0,1,0,0,0,0,0,5.12088E+20,5.40215E+21,9.16451E+15,4.87723E+16
56315,8,4,17,25,2018,10,13,1,2,4,6,0,0,1,0,0,0,0,0,4.85893E+20,5.35563E+21,8.80958E+15,4.83537E+16
56316,8,1,16,14,2018,10,14,6,3,5,3,0,1,0,1,0,0,0,0,5.28138E+20,5.39578E+21,9.38253E+15,4.87144E+16
56317,8,1,16,70,2018,10,15,4,3,5,2,0,0,1,0,0,0,1,0,5.37661E+20,5.38455E+21,9.51096E+15,4.86129E+16
56318,8,1,18,63,2018,10,15,2,3,2,6,0,0,1,0,0,0,0,0,5.16542E+20,5.42288E+21,9.22598E+15,4.89586E+16
56319,8,1,11,0,2018,10,18,1,3,5,2,2,1,1,0,0,0,0,0,5.07432E+20,5.40561E+21,9.10122E+15,4.88035E+16
56320,8,2,15,107,2018,10,17,5,3,5,3,0,0,1,0,0,0,0,0,4.62373E+20,5.45654E+21,8.48286E+15,4.92605E+16
56321,8,1,26,66,2018,10,11,3,3,2,6,0,0,1,0,0,0,0,0,5.36613E+20,5.45008E+21,9.50261E+15,4.92024E+16
56322,8,2,36,39,2018,10,15,7,3,1,2,0,0,1,0,1,0,0,0,4.90361E+20,5.41032E+21,8.86862E+15,4.88458E+16
56323,8,2,15,9,2018,10,12,5,3,5,2,0,1,0,0,0,1,0,0,4.65516E+20,5.43826E+21,8.52762E+15,4.90962E+16
56324,8,3,35,96,2018,10,9,2,3,5,3,0,0,1,0,0,0,0,0,5.09932E+20,5.30263E+21,9.13283E+15,4.78769E+16
56325,8,3,17,96,2018,10,7,4,3,0,2,0,1,0,0,0,1,0,0,4.21502E+20,5.36966E+21,7.93788E+15,4.84752E+16
56326,8,1,15,21,2018,10,15,2,3,5,2,0,1,1,0,0,0,0,0,4.90212E+20,5.38254E+21,8.86724E+15,4.85959E+16
56327,8,1,36,88,2018,10,13,6,2,2,6,0,0,1,0,0,0,0,0,5.8249E+20,5.40781E+21,1.01237E+16,4.88178E+16
56328,8,2,15,7,2018,10,18,4,3,2,6,2,0,1,0,0,0,0,1,4.7431E+20,5.4303E+21,8.64859E+15,4.90251E+16
56329,8,2,16,39,2018,10,14,6,3,2,6,0,0,1,0,0,0,0,0,4.45265E+20,5.41344E+21,8.25358E+15,4.88715E+16
56330,8,4,37,100,2018,10,9,6,3,2,6,0,0,1,0,0,0,1,0,5.38185E+20,5.31667E+21,9.51191E+15,4.80022E+16
56331,8,2,16,7,2018,10,12,5,2,2,7,0,0,1,0,0,0,1,0,4.35554E+20,5.39494E+21,8.12406E+15,4.87042E+16
56332,8,2,12,0,2018,10,7,2,3,2,6,0,0,1,0,0,0,0,0,4.56739E+20,5.42671E+21,8.40864E+15,4.89918E+16
56333,8,3,37,125,2018,10,14,6,3,5,2,0,0,1,0,1,0,0,0,4.47054E+20,5.27332E+21,8.2955E+15,4.76112E+16
56334,8,1,21,0,2018,10,7,5,3,2,1,1,0,1,0,0,0,0,0,5.09791E+20,5.44816E+21,9.13436E+15,4.91862E+16
56335,8,2,35,47,2018,10,3,1,2,9,1,2,0,1,0,0,0,0,0,4.77059E+20,5.39026E+21,8.68844E+15,4.86649E+16
56336,8,1,21,0,2018,10,15,5,3,3,1,0,0,1,0,1,0,0,0,5.12825E+20,5.44852E+21,9.17601E+15,4.91894E+16
56337,8,3,36,82,2018,10,7,3,3,2,6,1,0,1,0,0,0,0,0,4.17708E+20,5.27082E+21,7.90556E+15,4.75856E+16
56338,8,1,11,0,2018,10,8,4,3,3,6,0,0,1,0,0,1,0,0,5.10549E+20,5.39514E+21,9.14339E+15,4.87092E+16
56339,8,4,16,41,2018,10,9,7,2,0,7,0,1,0,0,0,0,0,0,5.05031E+20,5.38065E+21,9.06821E+15,4.85789E+16
56340,8,1,15,28,2018,10,13,5,3,1,6,0,0,1,0,0,1,0,0,5.0126E+20,5.40381E+21,9.01715E+15,4.87873E+16
56341,8,1,11,0,2018,10,8,3,3,3,6,0,0,1,0,1,0,0,0,5.10109E+20,5.40138E+21,9.13757E+15,4.87654E+16
56342,8,2,16,49,2018,10,4,6,3,8,7,2,0,1,0,0,0,0,0,4.37016E+20,5.40255E+21,8.14277E+15,4.87728E+16
56343,8,1,11,0,2018,10,2,7,3,0,7,2,0,0,0,0,1,0,0,5.10362E+20,5.39517E+21,9.14085E+15,4.87095E+16
56344,8,1,18,11,2018,10,15,5,3,2,6,0,0,1,0,0,1,0,0,5.06078E+20,5.4083E+21,9.08282E+15,4.88277E+16
56345,8,3,25,49,2018,10,14,2,3,5,3,0,0,1,0,0,0,0,0,4.78048E+20,5.33854E+21,8.70457E+15,4.81998E+16
56346,8,4,26,134,2018,10,15,7,3,5,3,0,0,1,0,0,0,0,0,5.6028E+20,5.33532E+21,9.81074E+15,4.81683E+16
56347,8,1,18,51,2018,10,7,5,3,2,6,0,0,1,0,0,1,0,0,5.10593E+20,5.41448E+21,9.1445E+15,4.88831E+16
56348,8,1,18,48,2018,10,21,3,3,5,3,2,1,1,0,0,0,0,0,5.1425E+20,5.41524E+21,9.1944E+15,4.88899E+16
56349,8,2,26,97,2018,10,13,7,2,8,1,0,0,1,0,0,0,0,0,4.86664E+20,5.46749E+21,8.81634E+15,4.93599E+16
56350,8,1,36,88,2018,10,7,5,3,5,2,1,0,1,0,1,0,0,0,5.82837E+20,5.40708E+21,1.01283E+16,4.88112E+16
56351,8,4,36,18,2018,10,13,2,3,2,2,0,0,1,0,0,0,0,0,5.53531E+20,5.286E+21,9.71384E+15,4.77251E+16
56352,8,2,12,0,2018,10,20,4,3,3,2,2,1,1,0,0,0,0,1,4.55243E+20,5.42927E+21,8.3879E+15,4.90147E+16
56353,8,4,37,88,2018,10,17,1,2,5,3,0,0,1,0,1,0,0,0,5.19383E+20,5.30778E+21,9.25945E+15,4.7923E+16
56354,8,1,26,47,2018,10,13,6,3,2,6,0,0,1,0,0,0,0,0,5.49901E+20,5.45405E+21,9.68551E+15,4.92372E+16
56355,8,1,36,89,2018,10,21,4,3,2,6,2,0,1,0,0,1,0,1,5.83679E+20,5.41931E+21,1.01423E+16,4.8921E+16
56356,8,2,16,7,2018,10,14,6,3,5,3,0,0,1,0,0,0,0,0,4.33605E+20,5.39703E+21,8.09725E+15,4.87227E+16
56357,8,4,35,67,2018,10,15,6,2,5,3,0,1,0,0,1,0,0,0,5.31823E+20,5.29066E+21,9.42471E+15,4.77685E+16
56358,8,1,27,75,2018,10,20,5,2,8,1,2,1,0,0,0,0,0,0,5.76283E+20,5.46982E+21,1.00509E+16,4.93763E+16
56359,8,1,36,65,2018,10,14,2,3,1,6,0,0,1,0,0,0,1,0,5.6033E+20,5.40585E+21,9.82159E+15,4.88027E+16
56360,8,3,35,100,2018,10,7,6,3,5,3,1,0,1,0,1,0,0,0,4.88296E+20,5.2857E+21,8.84393E+15,4.77246E+16
56361,8,1,27,99,2018,10,18,5,3,8,1,2,0,1,0,0,0,0,0,5.60282E+20,5.44586E+21,9.82687E+15,4.91626E+16
56362,8,2,16,17,2018,10,12,1,3,5,3,0,0,1,0,1,0,0,0,4.51397E+20,5.40119E+21,8.33865E+15,4.87618E+16
56363,8,1,27,99,2018,10,3,5,3,9,1,2,0,1,0,0,0,0,0,5.59812E+20,5.44563E+21,9.82039E+15,4.91606E+16
56364,8,3,35,22,2018,10,6,3,1,8,1,2,1,1,0,0,0,0,0,4.85458E+20,5.3028E+21,8.80551E+15,4.78784E+16
56365,8,3,37,97,2018,10,15,7,3,0,1,0,0,0,0,1,0,0,0,4.30719E+20,5.29678E+21,8.07445E+15,4.78206E+16
56366,8,1,21,0,2018,10,21,5,2,3,6,2,0,1,0,0,0,0,0,5.16204E+20,5.44619E+21,9.22229E+15,4.91683E+16
56367,8,4,36,64,2018,10,13,2,3,5,3,0,0,1,0,1,0,0,0,5.4551E+20,5.29399E+21,9.60772E+15,4.77977E+16
56368,8,2,36,72,2018,10,13,6,2,0,7,0,0,0,0,1,0,0,0,4.66815E+20,5.41016E+21,8.54771E+15,4.88436E+16
56369,8,1,28,58,2018,10,12,7,3,0,1,0,0,0,0,1,0,0,0,5.58791E+20,5.48282E+21,9.81187E+15,4.94951E+16
56370,8,1,25,65,2018,10,8,5,3,2,6,0,0,1,0,0,0,0,0,5.1613E+20,5.44892E+21,9.22138E+15,4.91929E+16
56371,8,3,16,43,2018,10,22,2,3,5,3,2,0,1,0,1,0,0,0,4.10882E+20,5.33069E+21,7.80245E+15,4.81233E+16
56372,8,2,16,43,2018,10,7,4,3,5,3,1,1,1,0,0,0,0,0,4.40134E+20,5.41348E+21,8.18362E+15,4.88714E+16
56373,8,3,35,35,2018,10,13,1,3,7,7,0,0,1,1,0,0,0,0,4.83294E+20,5.28998E+21,8.77706E+15,4.7763E+16
56374,8,1,18,54,2018,10,20,6,3,4,2,2,0,1,0,0,0,0,0,5.18342E+20,5.42246E+21,9.25055E+15,4.89547E+16
56375,8,1,19,75,2018,10,14,4,3,2,6,0,0,1,0,0,1,0,1,5.36139E+20,5.42804E+21,9.49413E+15,4.90042E+16
56376,8,2,36,40,2018,10,18,6,3,2,6,0,0,1,0,1,0,0,0,4.91158E+20,5.42112E+21,8.87924E+15,4.89429E+16
56377,8,1,26,69,2018,10,21,2,3,5,3,2,0,1,0,0,0,0,0,5.38788E+20,5.44607E+21,9.53207E+15,4.91662E+16
56378,8,1,25,65,2018,10,14,5,3,3,6,0,0,1,0,0,1,0,0,5.16968E+20,5.44962E+21,9.23292E+15,4.91991E+16
56379,8,1,19,55,2018,10,17,1,3,4,1,0,0,1,0,0,0,0,0,5.41426E+20,5.40452E+21,9.56403E+15,4.87923E+16
56380,8,1,25,47,2018,10,15,5,3,8,1,0,0,1,0,0,0,0,0,4.96023E+20,5.44923E+21,8.94541E+15,4.91959E+16