OBJECTID_1,ULAND,UREGBEZ,UKREIS,UGEMEINDE,UJAHR,UMONAT,USTUNDE,UWOCHENTAG,UKATEGORIE,UART,UTYP1,ULICHTVERH,IstRad,IstPKW,IstFuss,IstKrad,IstGkfz,IstSonstig,STRZUSTAND,LINREFX,LINREFY,XGCSWGS84,YGCSWGS84
56568,8,3,17,34,2018,10,9,4,3,5,2,0,1,1,0,0,0,0,0,4.2777E+20,5.36138E+21,8.02411E+15,4.84014E+16
56569,8,3,35,97,2018,10,10,2,3,3,6,0,0,1,0,0,0,1,0,4.85457E+20,5.29968E+21,8.80561E+15,4.78503E+16
56570,8,2,15,100,2018,10,12,4,2,2,6,0,0,0,0,0,1,1,0,4.71066E+20,5.45155E+21,8.6027E+15,4.92161E+16
56571,8,1,11,0,2018,10,17,2,3,2,2,0,0,1,0,0,0,0,0,5.1369E+20,5.40317E+21,9.18636E+15,4.87814E+16
56572,8,1,27,75,2018,10,17,6,2,6,1,0,0,1,1,0,0,0,0,5.71038E+20,5.4664E+21,9.97802E+15,4.93461E+16
56573,8,1,36,19,2018,10,16,4,3,4,1,0,0,1,0,0,0,0,1,5.90354E+20,5.42304E+21,1.02342E+16,4.89537E+16
56574,8,4,35,16,2018,10,17,6,3,2,6,0,0,1,0,0,0,0,0,5.39839E+20,5.28003E+21,9.53072E+15,4.76725E+16
56575,8,3,17,96,2018,10,17,4,3,3,6,0,0,1,0,0,1,0,0,4.21032E+20,5.36718E+21,7.93199E+15,4.84528E+16
56576,8,1,15,28,2018,10,7,2,3,2,6,1,0,1,0,0,1,0,0,5.01535E+20,5.40432E+21,9.0209E+15,4.87918E+16
56577,8,3,35,79,2018,10,16,6,3,5,3,0,0,1,0,0,0,0,0,5.00764E+20,5.29617E+21,9.01021E+15,4.78188E+16
56578,8,3,36,81,2018,10,17,4,2,4,6,0,0,1,0,0,1,0,0,4.11403E+20,5.27735E+21,7.8204E+15,4.76435E+16
56579,8,2,25,58,2018,10,18,1,3,5,2,0,0,1,0,0,0,0,0,5.08706E+20,5.46531E+21,9.11985E+15,4.93405E+16
56580,8,2,26,10,2018,10,10,4,2,1,6,0,0,1,0,0,0,0,0,4.85644E+20,5.45671E+21,8.80269E+15,4.9263E+16
56581,8,3,35,22,2018,10,2,3,2,9,1,2,0,1,0,0,0,0,0,4.82522E+20,5.29725E+21,8.76647E+15,4.78284E+16
56582,8,3,25,69,2018,10,18,7,3,8,1,2,0,1,0,0,0,0,0,4.68061E+20,5.33222E+21,8.57066E+15,4.81425E+16
56583,8,2,26,32,2018,10,10,4,3,3,6,0,0,1,0,0,1,0,0,4.68425E+20,5.46362E+21,8.56547E+15,4.93245E+16
56584,8,4,36,83,2018,10,18,2,3,8,1,1,0,0,0,1,0,0,0,5.33706E+20,5.3019E+21,9.45072E+15,4.78695E+16
56585,8,1,17,37,2018,10,14,7,2,9,6,0,1,0,0,0,0,0,0,5.55068E+20,5.39851E+21,9.74896E+15,4.87372E+16
56586,8,2,36,71,2018,10,16,4,3,2,6,0,0,1,0,0,0,0,0,4.7139E+20,5.41863E+21,8.60947E+15,4.89199E+16
56587,8,3,17,151,2018,10,8,2,2,5,3,0,1,0,0,0,0,1,0,4.12189E+20,5.36482E+21,7.81292E+15,4.84304E+16
56588,8,2,22,0,2018,10,18,4,2,6,4,2,0,1,1,0,0,0,1,4.6172E+20,5.48106E+21,8.47153E+15,4.9481E+16
56589,8,3,36,78,2018,10,15,1,3,5,2,0,1,1,0,0,0,0,0,3.95835E+20,5.28798E+21,7.61065E+15,4.77368E+16
56590,8,1,19,75,2018,10,14,6,3,2,2,0,0,1,0,0,1,0,0,5.36068E+20,5.42802E+21,9.49316E+15,4.9004E+16
56591,8,1,25,26,2018,10,7,4,3,5,2,2,0,1,0,0,0,0,0,4.941E+20,5.44429E+21,8.91909E+15,4.91514E+16
56592,8,1,27,76,2018,10,6,2,3,6,4,2,0,1,1,0,0,0,0,5.5593E+20,5.43849E+21,9.76617E+15,4.90967E+16
56593,8,2,12,0,2018,10,7,4,3,2,6,2,0,1,0,0,0,0,0,4.58852E+20,5.42695E+21,8.43749E+15,4.89941E+16
56594,8,1,26,28,2018,10,16,1,2,3,6,0,1,1,0,0,0,0,0,5.33352E+20,5.45862E+21,9.45856E+15,4.92795E+16
56595,8,2,12,0,2018,10,14,4,3,5,3,0,1,0,0,0,1,0,0,4.59617E+20,5.42797E+21,8.44785E+15,4.90033E+16
56596,8,2,37,40,2018,10,20,3,2,1,5,2,0,1,0,0,0,0,0,4.76488E+20,5.37111E+21,8.68177E+15,4.84927E+16
56597,8,2,15,9,2018,10,1,7,2,1,5,2,0,1,0,0,1,0,0,4.74367E+20,5.43694E+21,8.64895E+15,4.90848E+16
56598,8,2,12,0,2018,10,8,4,3,5,3,0,1,1,0,0,0,0,0,4.51298E+20,5.42628E+21,8.33431E+15,4.89875E+16
56599,8,4,26,21,2018,10,15,2,3,5,3,0,1,1,0,0,0,0,0,5.58392E+20,5.328E+21,9.78434E+15,4.81026E+16
56600,8,1,15,3,2018,10,19,1,3,2,6,2,0,1,0,0,0,0,0,4.97417E+20,5.39162E+21,8.96491E+15,4.86776E+16
56601,8,2,37,4,2018,10,12,4,3,4,6,0,0,1,0,0,0,1,0,4.47994E+20,5.37577E+21,8.29554E+15,4.85329E+16
56602,8,3,36,69,2018,10,11,3,3,2,6,0,0,1,0,0,1,0,0,4.06304E+20,5.27124E+21,7.75383E+15,4.75878E+16
56603,8,2,37,28,2018,10,14,7,3,9,1,0,0,1,0,0,0,0,0,4.52191E+20,5.36763E+21,8.35332E+15,4.84599E+16
56604,8,2,36,13,2018,10,7,4,2,5,3,1,0,1,0,1,0,0,0,4.7491E+20,5.40797E+21,8.65817E+15,4.88242E+16
56605,8,4,35,45,2018,10,6,2,3,3,6,2,0,0,0,1,1,0,0,5.34507E+20,5.28477E+21,9.46007E+15,4.77154E+16
56606,8,1,25,59,2018,10,14,7,1,5,3,0,0,1,0,1,0,0,0,5.31369E+20,5.43875E+21,9.42974E+15,4.91008E+16
56607,8,2,36,43,2018,10,14,4,2,4,6,0,1,0,0,1,0,1,0,4.67521E+20,5.40858E+21,8.55745E+15,4.88294E+16
56608,8,2,16,5,2018,10,9,2,3,2,6,0,0,0,0,0,1,0,0,4.47286E+20,5.41504E+21,8.28093E+15,4.88861E+16
56609,8,3,35,15,2018,10,17,1,2,4,1,0,0,1,0,0,0,0,0,4.76316E+20,5.28329E+21,8.68431E+15,4.77025E+16
56610,8,4,25,8,2018,10,12,6,3,1,3,0,0,1,0,0,0,0,0,5.64597E+20,5.3808E+21,9.87578E+15,4.8577E+16
56611,8,1,15,3,2018,10,14,4,2,1,6,0,0,1,0,0,1,0,0,5.02331E+20,5.394E+21,9.03168E+15,4.86991E+16
56612,8,1,25,111,2018,10,17,2,2,5,3,0,0,1,0,1,0,0,0,5.29354E+20,5.45443E+21,9.40328E+15,4.92419E+16
56613,8,1,16,20,2018,10,15,1,3,2,6,0,0,1,0,0,0,0,0,5.26176E+20,5.38275E+21,9.35503E+15,4.85973E+16
56614,8,2,26,31,2018,10,13,4,3,5,3,0,0,1,0,1,0,0,0,4.75195E+20,5.49343E+21,8.65677E+15,4.95929E+16
56615,8,1,36,21,2018,10,16,3,3,5,2,0,0,1,0,0,0,0,0,5.72471E+20,5.40813E+21,9.9873E+15,4.88219E+16
56616,8,2,35,8,2018,10,15,7,2,4,2,0,1,1,0,0,0,0,0,4.79793E+20,5.40253E+21,8.72497E+15,4.87755E+16
56617,8,2,26,96,2018,10,20,4,3,5,2,2,0,1,0,0,0,0,0,4.76085E+20,5.48966E+21,8.66932E+15,4.95591E+16
56618,8,4,17,44,2018,10,9,2,3,8,6,0,0,1,0,0,0,1,0,4.89151E+20,5.33884E+21,8.85399E+15,4.82027E+16
56619,8,3,37,62,2018,10,6,4,3,5,3,2,0,1,0,0,0,0,0,4.57092E+20,5.27854E+21,8.42855E+15,4.76588E+16
56620,8,3,36,107,2018,10,11,6,2,8,1,0,0,0,0,1,0,0,1,4.08633E+20,5.28623E+21,7.78166E+15,4.77229E+16
56621,8,1,16,78,2018,10,13,7,3,2,6,0,0,1,0,0,0,0,0,5.13733E+20,5.39129E+21,9.18654E+15,4.86745E+16
56622,8,2,26,91,2018,10,20,4,3,9,2,2,0,1,0,0,0,0,0,4.94034E+20,5.45984E+21,8.91795E+15,4.92913E+16
56623,8,2,22,0,2018,10,4,2,3,5,2,2,0,1,0,0,0,0,0,4.64485E+20,5.48531E+21,8.50931E+15,4.95193E+16
56624,8,4,25,2,2018,10,19,6,3,9,1,2,0,1,0,0,0,0,0,5.51094E+20,5.35521E+21,9.68959E+15,4.8348E+16
56625,8,2,26,68,2018,10,11,4,3,2,7,0,0,1,0,1,0,0,0,4.70122E+20,5.46043E+21,8.58908E+15,4.92958E+16
56626,8,4,35,35,2018,10,9,4,3,5,3,0,1,1,0,0,0,0,1,5.42229E+20,5.28301E+21,9.56284E+15,4.76991E+16
56627,8,1,19,3,2018,10,21,7,3,3,7,2,0,0,0,1,0,0,0,5.35207E+20,5.41671E+21,9.48041E+15,4.89024E+16
56628,8,2,25,60,2018,10,8,4,3,4,1,0,0,1,0,0,0,0,0,5.18803E+20,5.48683E+21,9.25986E+15,4.95338E+16
56629,8,2,36,40,2018,10,8,2,3,2,6,0,0,1,0,0,0,0,0,4.91903E+20,5.42152E+21,8.88941E+15,4.89466E+16
56630,8,3,27,4,2018,10,12,1,2,9,7,0,0,1,0,0,0,0,0,4.94613E+20,5.32426E+21,8.92768E+15,4.80716E+16
56631,8,1,15,45,2018,10,9,6,3,1,6,0,0,1,0,0,0,0,0,5.0082E+20,5.39461E+21,9.01115E+15,4.87046E+16
56632,8,1,16,33,2018,10,7,4,3,2,6,1,0,1,0,1,0,0,0,5.30403E+20,5.38697E+21,9.41266E+15,4.86351E+16
56633,8,4,25,31,2018,10,6,2,3,3,6,2,0,1,0,0,1,0,0,5.62138E+20,5.37255E+21,9.84121E+15,4.8503E+16
56634,8,4,36,81,2018,10,15,7,2,4,1,0,0,1,0,1,0,0,0,5.56012E+20,5.27868E+21,9.74598E+15,4.76591E+16
56635,8,2,21,0,2018,10,21,4,3,4,2,2,1,1,0,0,0,0,0,4.76993E+20,5.475E+21,8.68273E+15,4.94272E+16
56636,8,1,19,8,2018,10,6,3,3,5,2,2,0,1,1,0,0,0,0,5.31022E+20,5.42151E+21,9.42367E+15,4.89457E+16
56637,8,2,36,28,2018,10,20,7,3,9,1,2,0,1,0,0,1,0,0,4.93425E+20,5.42223E+21,8.9102E+15,4.89529E+16
56638,8,2,16,17,2018,10,23,4,1,8,1,2,0,0,0,1,0,0,0,4.59667E+20,5.39417E+21,8.45186E+15,4.86993E+16
56639,8,3,35,75,2018,10,17,2,3,2,3,0,1,1,0,0,0,0,0,4.86788E+20,5.28944E+21,8.82371E+15,4.77582E+16
56640,8,3,36,73,2018,10,19,4,2,5,3,2,0,1,0,0,0,0,0,3.98267E+20,5.27656E+21,7.64573E+15,4.76345E+16
56641,8,1,15,3,2018,10,7,2,3,0,6,2,0,1,0,0,0,1,0,4.98333E+20,5.3928E+21,8.97735E+15,4.86883E+16
56642,8,1,36,2,2018,10,9,6,3,8,1,0,0,1,0,0,0,0,0,5.72525E+20,5.41732E+21,9.98967E+15,4.89046E+16
56643,8,2,15,109,2018,10,13,4,3,5,3,0,0,1,0,1,0,0,0,4.61713E+20,5.4403E+21,8.47534E+15,4.91143E+16
56644,8,4,36,81,2018,10,16,6,3,5,3,0,0,1,0,1,0,0,0,5.56783E+20,5.28112E+21,9.75656E+15,4.7681E+16
56645,8,2,16,7,2018,10,17,4,3,5,3,0,1,1,0,0,0,0,0,4.36153E+20,5.3934E+21,8.13245E+15,4.86904E+16
56646,8,2,16,7,2018,10,7,2,2,9,1,1,0,0,0,1,0,0,1,4.34897E+20,5.39575E+21,8.11501E+15,4.87114E+16
56647,8,3,37,53,2018,10,18,6,3,3,6,0,0,1,0,1,0,0,0,4.56576E+20,5.27168E+21,8.42235E+15,4.75971E+16
56648,8,2,16,7,2018,10,7,4,3,2,5,0,0,1,0,0,1,0,0,4.37264E+20,5.3899E+21,8.14807E+15,4.8659E+16
56649,8,2,36,70,2018,10,17,1,2,8,1,0,0,0,0,1,0,0,0,4.66503E+20,5.41691E+21,8.5429E+15,4.89042E+16
56650,8,2,15,17,2018,10,6,4,3,8,1,2,1,0,0,0,0,0,0,4.57736E+20,5.41872E+21,8.42309E+15,4.89199E+16
56651,8,3,36,14,2018,10,7,3,3,4,6,0,0,1,0,0,1,0,0,3.89942E+20,5.27922E+21,7.53428E+15,4.7657E+16
56652,8,1,15,28,2018,10,20,4,3,2,6,2,0,1,0,0,0,0,0,4.98459E+20,5.40393E+21,8.97902E+15,4.87883E+16
56653,8,4,15,53,2018,10,3,7,2,8,1,2,0,1,0,0,0,0,0,5.3408E+20,5.36492E+21,9.46077E+15,4.84365E+16
56654,8,1,11,0,2018,10,8,3,3,2,6,0,0,1,0,0,0,0,0,5.08117E+20,5.39894E+21,9.11041E+15,4.87434E+16
56655,8,2,25,1,2018,10,11,7,3,2,6,0,0,1,0,0,0,0,0,5.32941E+20,5.47368E+21,9.45415E+15,4.94149E+16
56656,8,1,15,45,2018,11,11,7,3,3,6,0,0,1,0,0,1,0,0,5.00148E+20,5.3938E+21,9.00202E+15,4.86972E+16
56657,8,2,26,96,2018,11,10,6,3,9,1,0,0,0,0,0,0,1,0,4.75511E+20,5.49092E+21,8.6613E+15,4.95704E+16
56658,8,3,17,129,2018,10,16,2,2,8,6,1,0,1,0,1,0,0,0,4.30402E+20,5.34945E+21,8.06164E+15,4.82944E+16
56659,8,1,25,26,2018,11,17,2,2,4,2,0,0,1,0,1,0,0,0,4.92349E+20,5.44207E+21,8.89512E+15,4.91314E+16
56660,8,2,25,32,2018,10,15,7,3,5,3,0,0,1,0,0,0,0,0,5.3543E+20,5.4916E+21,9.49008E+15,4.9576E+16
56661,8,3,17,113,2018,11,8,5,3,2,6,0,0,1,0,0,0,0,0,4.08046E+20,5.34507E+21,7.76124E+15,4.82522E+16
56662,8,1,11,0,2018,10,17,2,3,2,6,2,0,1,0,0,0,0,0,5.15114E+20,5.4049E+21,9.2058E+15,4.87969E+16
56663,8,2,35,79,2018,11,14,1,3,9,7,0,0,1,0,0,0,0,0,4.62486E+20,5.39276E+21,8.49029E+15,4.86868E+16
56664,8,2,36,62,2018,10,18,3,2,4,1,2,0,1,0,0,0,0,1,4.86453E+20,5.40791E+21,8.81543E+15,4.8824E+16
56665,8,2,22,0,2018,10,9,7,3,0,3,0,0,1,0,1,0,0,1,4.65762E+20,5.47568E+21,8.5278E+15,4.94328E+16
56666,8,4,15,78,2018,10,13,4,3,2,6,0,0,1,0,0,0,0,0,5.2702E+20,5.37295E+21,9.36584E+15,4.85091E+16
56667,8,1,35,15,2018,10,10,1,3,9,1,0,0,1,0,0,0,0,2,5.77282E+20,5.38912E+21,1.00493E+16,4.86504E+16
56668,8,2,22,0,2018,10,13,7,3,5,5,0,1,1,0,0,0,0,0,4.64668E+20,5.48192E+21,8.51215E+15,4.94889E+16
56669,8,3,17,146,2018,11,23,7,2,0,7,2,1,0,0,0,0,0,0,4.30503E+20,5.35463E+21,8.06215E+15,4.8341E+16
56670,8,3,16,17,2018,11,12,6,2,2,6,0,0,1,0,0,0,0,0,4.07154E+20,5.34243E+21,7.7498E+15,4.82283E+16
56671,8,1,11,0,2018,10,19,3,3,5,2,2,1,1,0,0,0,0,0,5.15735E+20,5.40541E+21,9.21428E+15,4.88015E+16
56672,8,2,22,0,2018,10,11,7,3,5,7,0,0,1,0,0,0,1,0,4.63788E+20,5.48031E+21,8.50015E+15,4.94743E+16
56673,8,1,28,115,2018,10,12,4,3,5,3,0,0,1,0,0,0,0,0,5.46397E+20,5.49497E+21,9.64216E+15,4.96056E+16
56674,8,2,12,0,2018,10,12,7,3,2,6,0,0,1,0,0,0,0,0,4.59592E+20,5.43016E+21,8.44729E+15,4.9023E+16
56675,8,1,16,33,2018,11,19,6,3,3,1,2,0,1,0,0,0,0,0,5.3269E+20,5.38692E+21,9.44369E+15,4.86345E+16
56676,8,2,15,108,2018,10,6,2,3,2,6,2,0,1,0,0,0,0,0,4.48579E+20,5.423E+21,8.29757E+15,4.89578E+16
56677,8,1,16,19,2018,11,15,2,3,2,6,0,0,1,0,0,0,0,0,5.22653E+20,5.39792E+21,9.30807E+15,4.87339E+16
56678,8,2,12,0,2018,10,19,7,3,5,3,2,1,1,0,0,0,0,0,4.56852E+20,5.42828E+21,8.41002E+15,4.90059E+16
56679,8,2,15,25,2018,11,5,5,3,4,6,2,0,1,0,0,0,0,0,4.74593E+20,5.43401E+21,8.65223E+15,4.90584E+16
56680,8,3,26,61,2018,10,10,1,3,9,1,0,0,1,0,0,0,0,2,4.71996E+20,5.3214E+21,8.62426E+15,4.80452E+16
56681,8,1,27,86,2018,11,5,1,3,8,1,2,0,1,0,0,0,0,0,5.51236E+20,5.4452E+21,9.70271E+15,4.91574E+16
56682,8,2,16,39,2018,10,1,3,3,8,1,2,0,1,0,0,0,0,1,4.45427E+20,5.41314E+21,8.25583E+15,4.88688E+16
56683,8,1,18,70,2018,10,15,7,2,8,1,0,0,1,0,0,0,0,0,5.16919E+20,5.42608E+21,9.23126E+15,4.89874E+16
56684,8,2,26,84,2018,10,17,4,3,2,6,1,0,1,0,0,0,0,0,4.67186E+20,5.46736E+21,8.54812E+15,4.93581E+16
56685,8,2,36,25,2018,10,19,7,3,8,7,2,0,1,0,0,0,0,1,4.90818E+20,5.40829E+21,8.87489E+15,4.88275E+16
56686,8,2,16,43,2018,11,11,7,3,1,5,0,0,1,0,0,0,0,0,4.41453E+20,5.41317E+21,8.20164E+15,4.88687E+16
56687,8,2,26,96,2018,11,8,6,3,1,6,0,0,1,0,0,0,0,0,4.73141E+20,5.48952E+21,8.62862E+15,4.95577E+16
56688,8,1,25,46,2018,11,16,1,3,2,6,0,0,1,0,0,0,0,0,5.1951E+20,5.43291E+21,9.26701E+15,4.90488E+16
56689,8,2,25,2,2018,10,2,3,2,8,1,2,0,1,0,0,0,0,1,4.99223E+20,5.46646E+21,8.98929E+15,4.93509E+16
56690,8,1,36,45,2018,10,17,7,3,2,2,0,0,1,0,0,0,0,1,5.98079E+20,5.40168E+21,1.03346E+16,4.87604E+16
56691,8,3,35,2,2018,10,16,4,3,2,6,0,0,1,0,0,0,0,0,5.07214E+20,5.28398E+21,9.09617E+15,4.77091E+16
56692,8,1,25,81,2018,10,2,1,3,8,1,2,0,1,0,0,0,0,1,4.98073E+20,5.43421E+21,8.97363E+15,4.90608E+16
56693,8,4,35,35,2018,10,14,7,3,0,3,0,0,1,0,1,0,0,1,5.41027E+20,5.28131E+21,9.54667E+15,4.76838E+16
56694,8,1,36,50,2018,10,21,7,3,0,1,2,0,1,0,0,0,0,1,5.80823E+20,5.4027E+21,1.01E+16,4.8772E+16
56695,8,2,31,0,2018,11,13,7,3,0,7,0,0,1,0,0,0,0,0,4.7806E+20,5.41606E+21,8.70066E+15,4.88971E+16
56696,8,3,17,47,2018,11,11,6,2,2,6,0,0,1,0,0,0,0,0,4.20976E+20,5.36637E+21,7.93139E+15,4.84455E+16
56697,8,1,17,26,2018,10,10,5,2,2,6,0,0,1,0,0,0,0,0,5.46292E+20,5.39242E+21,9.62892E+15,4.86831E+16
56698,8,4,36,49,2018,10,6,2,3,5,3,2,0,1,0,0,0,0,0,5.78477E+20,5.28377E+21,1.0046E+16,4.77026E+16
56699,8,1,36,88,2018,10,5,7,3,0,1,2,1,0,0,0,0,0,1,5.82348E+20,5.408E+21,1.01218E+16,4.88195E+16
56700,8,1,19,42,2018,10,17,4,3,2,6,2,0,1,0,0,0,0,0,5.28631E+20,5.41518E+21,9.39057E+15,4.88889E+16
56701,8,1,27,102,2018,10,18,7,3,5,2,2,0,1,0,0,0,0,0,5.8828E+20,5.43864E+21,1.02093E+16,4.90942E+16
56702,8,1,15,45,2018,11,20,6,3,2,6,2,0,1,0,0,0,0,0,5.00455E+20,5.3941E+21,9.00618E+15,4.86999E+16
56703,8,1,36,42,2018,10,6,2,3,8,1,1,0,1,0,0,0,0,1,5.53528E+20,5.40419E+21,9.72876E+15,4.87884E+16
56704,8,1,11,0,2018,11,15,2,3,5,3,0,1,1,0,0,0,0,0,5.08386E+20,5.39761E+21,9.11405E+15,4.87315E+16
56705,8,4,15,78,2018,10,17,3,3,4,6,2,0,1,0,0,0,0,1,5.27209E+20,5.37275E+21,9.36838E+15,4.85073E+16
56706,8,1,19,67,2018,10,9,7,3,1,5,0,0,1,1,0,0,0,1,5.38E+20,5.41013E+21,9.51791E+15,4.8843E+16
56707,8,1,25,21,2018,11,10,5,2,3,6,0,0,1,0,0,0,1,0,5.25288E+20,5.44843E+21,9.34704E+15,4.91881E+16
56708,8,3,17,98,2018,10,5,1,2,8,1,2,0,1,0,0,0,0,1,4.39644E+20,5.37221E+21,8.18296E+15,4.85001E+16
56709,8,1,19,84,2018,11,1,1,3,5,3,2,0,1,0,0,0,0,0,5.45573E+20,5.41399E+21,9.62155E+15,4.88772E+16
56710,8,1,28,7,2018,10,13,3,3,4,1,0,0,1,0,0,0,0,1,5.55571E+20,5.47884E+21,9.76684E+15,4.94597E+16
56711,8,1,17,26,2018,10,20,7,2,8,1,2,0,1,0,0,0,0,1,5.52112E+20,5.39773E+21,9.70866E+15,4.87304E+16
56712,8,2,12,0,2018,10,8,4,3,3,6,0,0,1,0,0,1,0,0,4.59018E+20,5.42718E+21,8.43974E+15,4.89961E+16
56713,8,1,11,0,2018,10,17,7,3,2,6,0,0,1,0,0,0,1,1,5.07097E+20,5.40731E+21,9.09668E+15,4.88187E+16
56714,8,3,17,153,2018,11,15,7,2,5,2,0,0,1,0,1,0,0,0,4.21616E+20,5.39011E+21,7.93557E+15,4.86591E+16
56715,8,2,31,0,2018,11,13,6,3,2,6,0,0,1,0,1,0,0,0,4.79472E+20,5.41755E+21,8.71985E+15,4.89106E+16
56716,8,4,25,20,2018,10,12,2,3,5,3,0,0,1,0,0,0,0,1,5.58019E+20,5.36144E+21,9.78391E+15,4.84034E+16
56717,8,4,26,87,2018,10,22,6,3,5,3,2,0,1,0,1,0,0,0,5.71072E+20,5.32385E+21,9.95395E+15,4.8064E+16
56718,8,1,11,0,2018,10,20,4,3,2,6,2,0,1,0,0,0,0,0,5.17303E+20,5.40504E+21,9.23561E+15,4.87981E+16
56719,8,4,26,21,2018,10,19,6,3,5,3,2,0,1,0,1,0,0,0,5.68375E+20,5.32477E+21,9.9179E+15,4.80725E+16
56720,8,4,17,63,2018,11,5,5,3,9,1,2,0,1,0,0,0,0,0,5.06773E+20,5.33752E+21,9.09113E+15,4.81908E+16
56721,8,1,19,8,2018,10,21,2,3,2,6,2,0,1,0,0,0,1,1,5.30806E+20,5.42278E+21,9.42081E+15,4.89571E+16
56722,8,4,26,62,2018,10,13,2,3,9,1,0,0,1,0,0,0,0,1,5.55171E+20,5.32196E+21,9.7403E+15,4.80486E+16
56723,8,4,26,21,2018,10,13,6,2,0,1,0,0,0,0,1,0,0,0,5.65883E+20,5.32461E+21,9.88443E+15,4.80713E+16
56724,8,4,25,84,2018,10,17,4,3,2,6,2,0,1,0,0,0,1,0,5.60276E+20,5.37417E+21,9.81624E+15,4.85178E+16
56725,8,4,25,20,2018,10,18,6,2,8,1,0,0,0,0,1,0,0,0,5.59369E+20,5.35995E+21,9.80195E+15,4.83899E+16
56726,8,4,36,24,2018,11,9,5,3,4,6,0,0,1,0,0,0,0,1,5.38825E+20,5.30215E+21,9.51919E+15,4.78715E+16
56727,8,1,25,98,2018,10,16,2,2,8,1,0,0,1,0,0,0,0,0,5.23586E+20,5.43931E+21,9.32315E+15,4.91061E+16
56728,8,4,16,22,2018,11,19,1,2,2,6,2,0,1,0,0,0,0,0,5.1178E+20,5.37703E+21,9.15962E+15,4.85463E+16
56729,8,3,36,69,2018,10,6,3,3,5,2,1,0,1,0,0,0,0,0,4.06688E+20,5.26709E+21,7.75982E+15,4.75505E+16
56730,8,4,21,0,2018,10,16,6,2,2,6,0,0,1,0,0,0,0,0,5.70787E+20,5.36427E+21,9.95689E+15,4.84276E+16
56731,8,1,16,42,2018,11,1,5,3,8,1,2,0,1,0,0,0,0,0,5.17414E+20,5.38265E+21,9.23619E+15,4.85967E+16
56732,8,2,21,0,2018,10,0,1,3,3,1,2,0,1,0,0,0,0,0,4.73862E+20,5.4737E+21,8.63964E+15,4.94154E+16
56733,8,1,16,71,2018,11,18,1,2,5,2,2,0,1,0,1,0,0,0,5.27685E+20,5.39124E+21,9.37605E+15,4.86736E+16
56734,8,1,25,58,2018,10,15,3,3,3,6,0,0,1,0,0,0,1,1,5.10065E+20,5.44354E+21,9.138E+15,4.91446E+16
56735,8,4,17,22,2018,10,7,6,3,4,2,0,0,1,0,1,0,0,0,4.86237E+20,5.34832E+21,8.81447E+15,4.8288E+16
56736,8,2,26,3,2018,10,16,4,3,5,3,0,0,1,0,0,0,1,1,4.6116E+20,5.46341E+21,8.46553E+15,4.93222E+16
56737,8,4,17,22,2018,10,15,6,3,8,1,0,0,1,0,0,0,0,0,4.83014E+20,5.34684E+21,8.77107E+15,4.82746E+16
56738,8,1,21,0,2018,11,12,7,3,5,3,0,0,1,0,0,0,0,0,5.1078E+20,5.44888E+21,9.14795E+15,4.91927E+16
56739,8,2,36,25,2018,11,9,6,3,4,2,0,0,1,0,1,0,0,0,4.89834E+20,5.40626E+21,8.86154E+15,4.88092E+16
56740,8,3,35,80,2018,10,14,2,3,4,7,0,0,1,0,0,0,0,0,4.77012E+20,5.29411E+21,8.69302E+15,4.77999E+16
56741,8,4,26,87,2018,10,17,3,2,2,6,0,0,1,0,0,0,0,0,5.70209E+20,5.32465E+21,9.9425E+15,4.80712E+16
56742,8,1,27,86,2018,11,7,2,2,2,6,0,0,1,0,0,0,1,0,5.51113E+20,5.44823E+21,9.70141E+15,4.91848E+16
56743,8,4,17,44,2018,10,5,6,3,8,1,2,0,1,0,0,0,0,0,4.95314E+20,5.33521E+21,8.93698E+15,4.81701E+16
56744,8,4,36,8,2018,11,5,5,2,9,1,2,0,1,0,0,0,0,0,5.47169E+20,5.31018E+21,9.63163E+15,4.79432E+16
56745,8,1,16,49,2018,10,7,2,3,1,6,2,0,1,0,0,0,0,1,5.25121E+20,5.38579E+21,9.3409E+15,4.86246E+16
56746,8,2,22,0,2018,11,17,1,2,2,6,2,0,1,0,0,0,0,0,4.67942E+20,5.47807E+21,8.55766E+15,4.94544E+16
56747,8,2,35,6,2018,10,22,3,3,0,1,2,0,0,0,1,0,1,1,4.74199E+20,5.38546E+21,8.6499E+15,4.86217E+16
56748,8,4,15,61,2018,10,19,6,2,4,3,2,0,1,0,0,0,0,0,5.1434E+20,5.37135E+21,9.1941E+15,4.84952E+16
56749,8,4,26,70,2018,10,6,4,2,4,6,2,0,1,0,0,1,0,0,5.65165E+20,5.34024E+21,9.87718E+15,4.8212E+16
56750,8,1,18,53,2018,10,22,1,3,2,6,2,0,1,0,0,0,0,1,5.17285E+20,5.42789E+21,9.23633E+15,4.90036E+16
56751,8,4,15,19,2018,10,16,6,3,3,2,0,0,1,0,0,1,0,0,5.17053E+20,5.36993E+21,9.23076E+15,4.84823E+16
56752,8,3,35,66,2018,11,12,7,3,5,2,0,0,1,0,1,0,0,0,5.04723E+20,5.28261E+21,9.06295E+15,4.76969E+16
56753,8,4,17,2,2018,11,11,6,3,9,7,0,0,1,0,0,0,0,0,4.88774E+20,5.34546E+21,8.84874E+15,4.82622E+16
56754,8,1,11,0,2018,10,19,3,3,5,3,2,0,1,0,0,0,0,0,5.11089E+20,5.40382E+21,9.15096E+15,4.87873E+16