OBJECTID_1,ULAND,UREGBEZ,UKREIS,UGEMEINDE,UJAHR,UMONAT,USTUNDE,UWOCHENTAG,UKATEGORIE,UART,UTYP1,ULICHTVERH,IstRad,IstPKW,IstFuss,IstKrad,IstGkfz,IstSonstig,STRZUSTAND,LINREFX,LINREFY,XGCSWGS84,YGCSWGS84
56755,8,3,17,113,2018,11,17,1,3,2,6,2,0,1,0,0,0,0,0,4.08006E+20,5.34503E+21,7.76071E+15,4.82518E+16
56756,8,3,17,57,2018,10,2,3,2,9,6,2,0,1,0,0,1,0,1,4.16247E+20,5.37868E+21,7.86499E+15,4.85556E+16
56757,8,4,15,89,2018,10,12,6,3,2,6,0,0,1,0,0,0,0,0,5.22029E+20,5.35918E+21,9.29753E+15,4.83854E+16
56758,8,4,37,47,2018,10,7,4,3,5,3,0,0,1,0,0,0,0,2,5.20394E+20,5.33681E+21,9.27437E+15,4.81842E+16
56759,8,2,26,54,2018,10,15,1,3,9,1,0,0,1,0,0,0,0,1,4.82475E+20,5.45419E+21,8.75924E+15,4.92402E+16
56760,8,4,15,29,2018,10,21,6,3,2,6,2,0,1,0,0,0,0,0,5.23253E+20,5.37952E+21,9.3152E+15,4.85684E+16
56761,8,4,26,1,2018,11,17,7,3,8,1,2,0,1,0,0,0,0,0,5.69347E+20,5.34576E+21,9.93437E+15,4.82612E+16
56762,8,1,17,26,2018,10,15,3,3,5,3,0,0,1,0,0,0,0,1,5.4526E+20,5.39564E+21,9.61525E+15,4.87121E+16
56763,8,3,36,14,2018,10,6,6,3,2,6,2,0,1,0,0,0,0,0,3.8906E+20,5.284E+21,7.52132E+15,4.76998E+16
56764,8,2,15,100,2018,10,18,4,3,1,6,2,0,1,0,0,0,0,0,4.74708E+20,5.45169E+21,8.65269E+15,4.92175E+16
56765,8,3,37,96,2018,10,10,6,3,6,4,0,0,1,1,0,0,0,0,4.22798E+20,5.26792E+21,7.97375E+15,4.75601E+16
56766,8,1,11,0,2018,11,3,7,2,6,4,2,0,1,1,0,0,0,0,5.12491E+20,5.40233E+21,9.17001E+15,4.87738E+16
56767,8,2,11,0,2018,11,17,6,3,2,6,1,0,1,0,0,0,0,0,4.38385E+20,5.40476E+21,8.16108E+15,4.87928E+16
56768,8,1,16,49,2018,10,17,5,3,2,6,0,0,1,0,0,0,0,0,5.25146E+20,5.38587E+21,9.34124E+15,4.86254E+16
56769,8,3,15,8,2018,10,17,2,2,0,1,2,0,0,0,1,0,0,1,4.02519E+20,5.30145E+21,7.69674E+15,4.7859E+16
56770,8,1,25,65,2018,11,17,2,3,4,6,2,1,0,0,0,0,0,0,5.15705E+20,5.44853E+21,9.21553E+15,4.91893E+16
56771,8,3,36,84,2018,10,22,6,3,8,1,2,0,0,0,1,0,0,0,4.06182E+20,5.27733E+21,7.75091E+15,4.76426E+16
56772,8,2,36,19,2018,11,14,5,3,9,1,0,0,1,0,0,0,0,0,4.86586E+20,5.41008E+21,8.81717E+15,4.88436E+16
56773,8,4,36,82,2018,10,14,1,3,0,1,0,0,0,0,1,0,0,1,5.47466E+20,5.29532E+21,9.63398E+15,4.78095E+16
56774,8,2,22,0,2018,11,14,1,3,2,6,0,0,1,0,0,0,0,0,4.60187E+20,5.48873E+21,8.44959E+15,4.95499E+16
56775,8,2,26,41,2018,10,6,3,2,4,6,2,0,1,0,0,0,0,1,4.7664E+20,5.46548E+21,8.67842E+15,4.93416E+16
56776,8,3,35,57,2018,10,18,6,3,5,3,0,0,1,0,1,0,0,0,5.02807E+20,5.30385E+21,9.03755E+15,4.78879E+16
56777,8,3,37,126,2018,10,13,4,3,5,3,0,0,1,0,0,0,0,0,4.45425E+20,5.27573E+21,8.27353E+15,4.76327E+16
56778,8,1,27,25,2018,10,10,1,2,4,6,0,0,1,0,0,0,0,1,5.564E+20,5.42491E+21,9.77071E+15,4.89745E+16
56779,8,4,37,78,2018,10,12,7,2,4,1,0,0,1,0,0,0,0,1,5.05363E+20,5.3196E+21,9.07194E+15,4.80296E+16
56780,8,3,35,55,2018,10,17,6,3,2,7,1,0,1,0,1,0,0,0,4.9476E+20,5.28391E+21,8.93015E+15,4.77086E+16
56781,8,3,17,150,2018,11,19,7,3,9,1,2,0,1,0,0,0,0,0,4.0884E+20,5.35432E+21,7.76993E+15,4.83354E+16
56782,8,3,36,82,2018,11,5,6,3,3,6,2,0,1,0,1,0,0,1,4.13074E+20,5.27129E+21,7.84384E+15,4.75892E+16
56783,8,1,16,58,2018,10,7,5,3,2,6,0,0,1,0,0,0,0,1,5.33367E+20,5.39481E+21,9.45353E+15,4.87054E+16
56784,8,4,37,78,2018,10,18,2,3,5,3,2,0,1,0,0,0,0,1,5.08582E+20,5.31681E+21,9.11505E+15,4.80045E+16
56785,8,3,35,43,2018,10,23,6,3,6,6,2,1,0,1,0,0,0,0,5.12248E+20,5.2797E+21,9.16316E+15,4.76705E+16
56786,8,1,26,66,2018,10,5,4,3,4,2,2,0,1,0,0,0,0,0,5.38844E+20,5.45224E+21,9.53344E+15,4.92217E+16
56787,8,4,36,12,2018,10,7,6,2,5,3,1,0,1,0,0,1,0,0,5.47779E+20,5.29962E+21,9.63863E+15,4.78481E+16
56788,8,1,16,16,2018,11,12,6,3,2,6,0,0,1,0,0,0,0,0,5.33583E+20,5.38641E+21,9.45578E+15,4.86298E+16
56789,8,2,11,0,2018,10,12,2,3,2,6,0,0,1,0,0,0,0,0,4.40788E+20,5.40355E+21,8.19396E+15,4.87821E+16
56790,8,1,15,28,2018,11,15,2,3,5,2,0,0,1,0,0,0,0,0,5.02362E+20,5.40269E+21,9.03214E+15,4.87772E+16
56791,8,4,35,34,2018,10,12,6,2,4,2,0,1,1,0,0,0,0,0,5.30124E+20,5.28415E+21,9.40158E+15,4.771E+16
56792,8,4,36,49,2018,10,14,7,3,8,1,0,0,1,0,0,0,0,1,5.74876E+20,5.28331E+21,9.99797E+15,4.76988E+16
56793,8,1,36,19,2018,10,7,4,3,0,1,0,0,1,0,0,0,0,2,5.8746E+20,5.42071E+21,1.01942E+16,4.89331E+16
56794,8,3,27,2,2018,10,16,6,3,5,3,0,0,1,0,0,0,0,0,4.77101E+20,5.3291E+21,8.69234E+15,4.81147E+16
56795,8,1,25,59,2018,11,13,6,1,4,1,0,0,1,0,1,0,0,1,5.27902E+20,5.43755E+21,9.38217E+15,4.90902E+16
56796,8,2,15,106,2018,10,19,2,2,5,3,2,0,1,0,0,0,0,1,4.63769E+20,5.45524E+21,8.50216E+15,4.92488E+16
56797,8,1,18,48,2018,11,11,2,3,2,6,0,0,1,0,0,0,0,0,5.14868E+20,5.41518E+21,9.20283E+15,4.88894E+16
56798,8,3,27,50,2018,10,15,6,3,4,6,0,0,1,0,0,0,0,0,4.8241E+20,5.30976E+21,8.76447E+15,4.79409E+16
56799,8,2,26,84,2018,11,21,5,3,5,3,2,0,1,0,0,0,1,1,4.67949E+20,5.47192E+21,8.55826E+15,4.93992E+16
56800,8,4,26,21,2018,10,12,1,3,5,3,0,0,1,0,0,0,0,1,5.59058E+20,5.32704E+21,9.79315E+15,4.80939E+16
56801,8,1,15,42,2018,11,16,1,3,2,6,0,0,1,0,0,0,0,0,4.94029E+20,5.40664E+21,8.91867E+15,4.88127E+16
56802,8,2,16,33,2018,10,18,3,3,5,2,2,1,1,0,0,0,0,0,4.47318E+20,5.4118E+21,8.28179E+15,4.88569E+16
56803,8,3,26,74,2018,10,7,6,3,5,3,1,0,1,0,0,0,0,0,4.64513E+20,5.32353E+21,8.52368E+15,4.8064E+16
56804,8,3,26,27,2018,10,7,4,3,8,1,1,0,1,0,0,0,0,0,4.60563E+20,5.30315E+21,8.47254E+15,4.78805E+16
56805,8,1,18,46,2018,10,12,1,3,2,6,0,0,1,0,0,0,0,1,5.13803E+20,5.4125E+21,9.18821E+15,4.88653E+16
56806,8,4,26,21,2018,10,16,7,2,0,1,0,0,0,0,1,0,0,1,5.57716E+20,5.32927E+21,9.77543E+15,4.81141E+16
56807,8,3,17,40,2018,10,15,6,3,5,2,0,0,1,0,0,1,0,0,4.31437E+20,5.34866E+21,8.07572E+15,4.82874E+16
56808,8,2,26,10,2018,11,19,7,3,2,2,2,0,1,0,0,0,0,0,4.82568E+20,5.45931E+21,8.7603E+15,4.92863E+16
56809,8,3,17,89,2018,11,21,6,2,4,6,2,0,1,0,0,0,0,0,4.34505E+20,5.37425E+21,8.11308E+15,4.85179E+16
56810,8,4,35,16,2018,10,12,2,3,9,7,0,0,1,0,0,0,0,0,5.35958E+20,5.27775E+21,9.47884E+15,4.76521E+16
56811,8,3,17,56,2018,10,12,6,3,5,3,0,0,1,0,0,0,0,0,4.34447E+20,5.38305E+21,8.11091E+15,4.85971E+16
56812,8,1,19,42,2018,10,16,4,2,4,6,0,0,1,0,0,1,0,0,5.27921E+20,5.41491E+21,9.38086E+15,4.88865E+16
56813,8,3,17,113,2018,10,14,6,3,2,6,0,0,1,0,0,0,0,0,4.07675E+20,5.34417E+21,7.75644E+15,4.82441E+16
56814,8,4,36,64,2018,11,17,5,2,4,6,1,0,1,0,0,0,0,0,5.45782E+20,5.29301E+21,9.61125E+15,4.77888E+16
56815,8,1,28,61,2018,10,7,2,3,0,6,0,0,1,0,0,0,0,1,5.41039E+20,5.49593E+21,9.5681E+15,4.96146E+16
56816,8,1,11,0,2018,11,19,2,3,2,6,2,0,1,0,0,0,0,0,5.1174E+20,5.4003E+21,9.15972E+15,4.87556E+16
56817,8,3,37,38,2018,10,11,3,3,5,3,0,0,1,0,0,0,0,1,4.27051E+20,5.279E+21,8.02842E+15,4.76602E+16
56818,8,3,36,91,2018,10,6,6,3,5,2,2,0,1,0,1,0,0,0,3.94773E+20,5.27171E+21,7.60041E+15,4.75902E+16
56819,8,1,19,91,2018,11,16,5,3,2,6,0,0,1,0,0,0,0,0,5.27901E+20,5.40676E+21,9.38004E+15,4.88132E+16
56820,8,3,15,22,2018,10,5,1,1,9,1,2,0,1,0,0,0,0,1,3.98834E+20,5.30248E+21,7.64725E+15,4.78677E+16
56821,8,1,17,28,2018,11,16,1,3,2,6,0,0,1,0,0,0,0,0,5.47411E+20,5.38311E+21,9.64306E+15,4.85993E+16
56822,8,1,27,62,2018,10,6,3,3,5,3,2,0,1,0,0,0,1,1,5.49391E+20,5.429E+21,9.67544E+15,4.90119E+16
56823,8,2,26,10,2018,10,1,6,3,1,6,2,0,1,0,0,0,1,0,4.81189E+20,5.45807E+21,8.74139E+15,4.92751E+16
56824,8,2,35,46,2018,10,9,4,3,8,1,0,0,1,0,0,0,0,0,4.7921E+20,5.374E+21,8.71846E+15,4.85188E+16
56825,8,4,16,41,2018,10,7,3,3,1,6,1,0,1,0,0,0,0,0,5.05944E+20,5.37457E+21,9.0805E+15,4.85242E+16
56826,8,2,31,0,2018,10,5,6,3,2,6,2,0,0,0,0,1,1,0,4.8164E+20,5.41907E+21,8.74936E+15,4.89243E+16
56827,8,1,27,52,2018,11,1,5,3,8,1,2,0,1,0,0,0,0,0,5.46343E+20,5.43722E+21,9.6347E+15,4.90861E+16
56828,8,3,17,96,2018,10,20,1,3,5,2,2,1,1,0,0,0,0,1,4.21633E+20,5.36881E+21,7.93982E+15,4.84675E+16
56829,8,1,25,6,2018,11,2,1,1,8,7,2,0,1,0,0,0,0,0,5.02873E+20,5.45121E+21,9.03945E+15,4.92136E+16
56830,8,1,36,88,2018,10,18,3,3,4,2,2,0,1,0,0,0,0,1,5.78794E+20,5.40886E+21,1.00736E+16,4.88277E+16
56831,8,2,21,0,2018,10,15,6,3,2,6,0,0,1,0,0,0,0,0,4.73559E+20,5.47304E+21,8.6355E+15,4.94095E+16
56832,8,2,22,0,2018,10,18,4,3,2,6,2,0,1,0,0,0,0,0,4.65628E+20,5.47929E+21,8.52563E+15,4.94653E+16
56833,8,2,26,96,2018,10,13,6,3,1,6,0,0,1,0,0,0,0,0,4.73094E+20,5.48825E+21,8.62806E+15,4.95462E+16
56834,8,2,15,21,2018,11,18,7,3,5,2,1,0,1,0,0,0,0,0,4.69146E+20,5.44326E+21,8.57697E+15,4.91414E+16
56835,8,2,37,40,2018,11,15,6,3,5,3,0,0,1,0,0,0,0,0,4.77718E+20,5.36569E+21,8.69869E+15,4.8444E+16
56836,8,4,26,21,2018,10,5,2,3,5,3,2,0,1,0,0,0,0,1,5.60048E+20,5.32991E+21,9.80685E+15,4.81196E+16
56837,8,2,15,7,2018,10,6,6,2,4,6,2,0,1,0,0,1,0,0,4.7873E+20,5.43225E+21,8.70895E+15,4.90427E+16
56838,8,1,16,54,2018,10,11,4,3,2,6,0,0,1,0,0,0,0,0,5.31943E+20,5.38093E+21,9.43309E+15,4.85806E+16
56839,8,2,15,17,2018,10,14,6,2,4,2,0,0,1,0,1,0,0,0,4.53805E+20,5.42213E+21,8.36905E+15,4.89503E+16
56840,8,4,35,30,2018,11,18,5,3,5,3,2,0,1,0,1,0,0,0,5.40776E+20,5.27194E+21,9.54245E+15,4.75996E+16
56841,8,1,25,13,2018,10,5,2,3,5,3,1,0,1,0,0,0,0,0,5.04799E+20,5.4358E+21,9.0657E+15,4.90751E+16
56842,8,3,36,45,2018,11,12,1,2,0,1,0,0,0,0,1,0,0,0,4.00578E+20,5.2855E+21,7.67446E+15,4.77153E+16
56843,8,4,36,6,2018,10,12,3,2,5,3,0,0,1,0,0,0,0,0,5.5983E+20,5.28356E+21,9.79749E+15,4.77027E+16
56844,8,2,36,39,2018,10,18,6,3,2,6,2,0,1,0,0,0,0,0,4.90473E+20,5.40981E+21,8.87016E+15,4.88412E+16
56845,8,1,15,3,2018,11,19,5,3,5,3,2,0,1,0,1,0,0,1,5.0056E+20,5.39284E+21,9.00761E+15,4.86886E+16
56846,8,2,35,50,2018,10,14,1,3,9,1,0,0,0,0,0,0,1,2,4.70626E+20,5.39464E+21,8.60075E+15,4.87041E+16
56847,8,1,11,0,2018,11,19,1,3,9,1,2,0,1,0,0,0,0,0,5.06649E+20,5.40347E+21,9.09051E+15,4.87842E+16
56848,8,4,25,75,2018,10,17,7,3,8,1,2,0,1,0,0,0,0,1,5.66466E+20,5.37686E+21,9.90049E+15,4.85414E+16
56849,8,1,15,41,2018,10,2,1,3,9,1,2,0,1,0,0,0,0,1,4.92856E+20,5.4023E+21,8.90277E+15,4.87737E+16
56850,8,1,21,0,2018,10,18,3,3,6,3,2,0,1,1,0,0,0,0,5.16542E+20,5.44372E+21,9.22683E+15,4.91461E+16
56851,8,2,36,28,2018,10,7,6,3,1,5,2,1,0,0,0,0,1,0,4.94409E+20,5.42217E+21,8.92364E+15,4.89525E+16
56852,8,2,22,0,2018,10,15,4,3,2,6,0,0,1,0,0,0,0,0,4.60885E+20,5.4811E+21,8.46E+15,4.94812E+16
56853,8,2,26,46,2018,10,13,6,3,1,6,0,0,1,0,0,0,0,0,4.74394E+20,5.45489E+21,8.64818E+15,4.92462E+16
56854,8,1,18,81,2018,11,14,7,3,2,6,0,0,1,0,0,0,0,0,5.21879E+20,5.41358E+21,9.29838E+15,4.88748E+16
56855,8,2,22,0,2018,11,14,6,3,5,3,0,0,1,0,0,0,0,0,4.60932E+20,5.48244E+21,8.46051E+15,4.94933E+16
56856,8,3,17,40,2018,10,12,2,2,0,7,0,1,0,0,0,0,0,0,4.31322E+20,5.34836E+21,8.07422E+15,4.82847E+16
56857,8,4,17,2,2018,10,14,3,3,6,4,0,0,1,1,0,0,0,1,4.88953E+20,5.34714E+21,8.8511E+15,4.82773E+16
56858,8,1,26,47,2018,11,7,2,3,2,6,0,0,1,0,0,0,0,0,5.49323E+20,5.45168E+21,9.67728E+15,4.92159E+16
56859,8,2,21,0,2018,10,13,6,3,2,6,0,0,1,0,0,0,0,0,4.7826E+20,5.47336E+21,8.70029E+15,4.94125E+16
56860,8,1,27,100,2018,11,17,7,3,4,6,1,0,1,0,0,0,0,0,5.52825E+20,5.43665E+21,9.72339E+15,4.90804E+16
56861,8,2,36,40,2018,11,7,6,2,9,7,1,0,1,0,0,0,0,1,4.90485E+20,5.41765E+21,8.87014E+15,4.89117E+16
56862,8,3,36,91,2018,10,10,2,2,2,6,0,0,1,0,1,0,0,0,3.95388E+20,5.27187E+21,7.60853E+15,4.75918E+16
56863,8,2,12,0,2018,10,15,6,3,0,1,0,0,0,0,1,0,0,0,4.53824E+20,5.42826E+21,8.36861E+15,4.90055E+16
56864,8,1,11,0,2018,10,19,4,3,2,2,2,0,1,0,0,0,0,0,5.07865E+20,5.39744E+21,9.10695E+15,4.87299E+16
56865,8,2,16,49,2018,10,16,6,3,2,6,0,0,1,0,0,1,0,0,4.39453E+20,5.40267E+21,8.17592E+15,4.87741E+16
56866,8,3,37,66,2018,11,16,5,3,5,3,0,0,1,0,0,0,0,0,4.3006E+20,5.26853E+21,8.07018E+15,4.75664E+16
56867,8,1,18,19,2018,10,16,2,2,0,7,2,0,1,0,0,0,0,0,5.04915E+20,5.40391E+21,9.06691E+15,4.87882E+16
56868,8,2,26,54,2018,11,19,1,3,1,6,2,0,1,0,0,0,0,0,4.8299E+20,5.45786E+21,8.76616E+15,4.92733E+16
56869,8,2,31,0,2018,10,11,3,3,2,6,0,0,0,0,0,1,0,0,4.80061E+20,5.41844E+21,8.72784E+15,4.89186E+16
56870,8,1,21,0,2018,10,7,6,3,2,1,1,0,1,0,0,0,0,0,5.11811E+20,5.44841E+21,9.16209E+15,4.91884E+16
56871,8,4,26,124,2018,10,6,4,3,2,6,2,0,1,0,0,0,0,2,5.4595E+20,5.33219E+21,9.61767E+15,4.81413E+16
56872,8,2,26,28,2018,10,18,1,3,1,6,2,0,1,0,0,0,0,0,4.72409E+20,5.48676E+21,8.61869E+15,4.95328E+16
56873,8,1,21,0,2018,10,19,6,3,2,6,2,0,1,0,0,0,0,0,5.14948E+20,5.4481E+21,9.20513E+15,4.91855E+16
56874,8,1,16,19,2018,11,3,7,2,6,1,2,0,1,1,0,0,1,0,5.20269E+20,5.39863E+21,9.27569E+15,4.87404E+16
56875,8,3,36,50,2018,10,15,7,3,8,1,0,0,1,0,0,0,0,1,4.00031E+20,5.2764E+21,7.66924E+15,4.76332E+16
56876,8,4,36,79,2018,11,10,6,3,2,2,0,0,1,0,0,0,0,0,5.53992E+20,5.28825E+21,9.72027E+15,4.77454E+16
56877,8,1,16,77,2018,10,20,3,3,3,6,2,0,1,0,0,0,0,0,5.15805E+20,5.39118E+21,9.21468E+15,4.86735E+16
56878,8,2,36,25,2018,10,18,6,3,2,6,2,0,1,0,0,0,0,1,4.90814E+20,5.40829E+21,8.87484E+15,4.88275E+16
56879,8,1,25,65,2018,10,9,4,3,2,1,0,0,1,0,0,0,1,0,5.16297E+20,5.44775E+21,9.22363E+15,4.91823E+16
56880,8,1,11,0,2018,10,17,6,3,2,6,0,0,1,0,0,0,0,0,5.11484E+20,5.39493E+21,9.1561E+15,4.87073E+16
56881,8,1,11,0,2018,11,11,7,3,0,7,0,0,0,0,1,0,0,0,5.13307E+20,5.4042E+21,9.18118E+15,4.87907E+16
56882,8,1,36,35,2018,11,22,6,3,5,3,2,0,1,0,0,0,0,0,5.81024E+20,5.42979E+21,1.01081E+16,4.90157E+16
56883,8,1,16,15,2018,10,7,5,3,5,3,2,0,1,0,1,0,0,1,5.23773E+20,5.3934E+21,9.32305E+15,4.86932E+16
56884,8,3,11,0,2018,10,17,2,3,2,6,2,0,1,0,0,0,0,1,4.11884E+20,5.32375E+21,7.81735E+15,4.8061E+16
56885,8,1,21,0,2018,11,17,2,3,2,6,1,0,1,0,0,0,0,0,5.13665E+20,5.44432E+21,9.1874E+15,4.91515E+16
56886,8,1,15,28,2018,10,16,6,3,2,6,0,0,1,0,0,0,0,0,5.02467E+20,5.40032E+21,9.03356E+15,4.87559E+16
56887,8,3,17,5,2018,11,11,5,3,8,6,0,0,1,0,0,0,0,0,4.23946E+20,5.38124E+21,7.96883E+15,4.85797E+16
56888,8,4,26,35,2018,10,14,1,3,9,6,0,0,1,0,0,0,0,1,5.40837E+20,5.33179E+21,9.54891E+15,4.8138E+16
56889,8,2,16,43,2018,11,14,1,2,5,3,0,1,1,0,0,0,0,0,4.4063E+20,5.41155E+21,8.19065E+15,4.88541E+16
56890,8,3,36,91,2018,10,21,7,3,8,1,2,0,1,0,0,0,0,1,3.93306E+20,5.275E+21,7.58009E+15,4.76196E+16
56891,8,2,25,14,2018,10,9,3,3,9,1,0,0,1,0,0,0,0,1,5.18645E+20,5.48211E+21,9.25745E+15,4.94913E+16
56892,8,1,15,45,2018,10,21,6,2,9,6,2,0,1,0,0,0,1,0,5.02741E+20,5.39847E+21,9.03728E+15,4.87392E+16
56893,8,3,35,63,2018,10,7,4,3,5,3,0,1,0,0,0,0,0,0,4.96397E+20,5.28729E+21,8.95194E+15,4.7739E+16
56894,8,1,25,56,2018,10,12,1,3,9,1,0,0,1,0,0,0,0,1,5.0976E+20,5.43546E+21,9.13363E+15,4.90719E+16
56895,8,1,36,9,2018,10,16,6,3,2,1,0,0,1,0,0,0,0,0,5.65289E+20,5.408E+21,9.88946E+15,4.88216E+16
56896,8,3,17,57,2018,11,5,5,3,0,7,2,0,0,1,0,0,1,0,4.12047E+20,5.38102E+21,7.80759E+15,4.85761E+16
56897,8,1,11,0,2018,10,20,2,3,2,6,2,0,1,0,0,0,0,1,5.13091E+20,5.40689E+21,9.17833E+15,4.88148E+16
56898,8,2,12,0,2018,11,20,1,3,2,6,2,0,1,0,0,0,0,0,4.58786E+20,5.42531E+21,8.43675E+15,4.89794E+16
56899,8,2,35,85,2018,10,15,3,3,2,6,0,0,1,0,0,0,0,1,4.83124E+20,5.39555E+21,8.77059E+15,4.87127E+16
56900,8,1,36,43,2018,10,20,6,3,4,7,2,0,1,0,0,1,0,0,5.68602E+20,5.40797E+21,9.93458E+15,4.88209E+16
56901,8,4,15,61,2018,10,20,4,2,3,6,2,0,1,0,0,0,0,0,5.17797E+20,5.37315E+21,9.24097E+15,4.85112E+16
56902,8,1,36,45,2018,10,13,1,3,9,1,0,0,1,0,0,0,0,2,6.00577E+20,5.4053E+21,1.03694E+16,4.87926E+16
56903,8,1,35,32,2018,10,19,6,3,4,1,2,0,1,0,0,0,0,0,5.74454E+20,5.39126E+21,1.00113E+16,4.86699E+16
56904,8,3,25,57,2018,11,11,7,3,5,3,0,0,1,0,0,0,1,0,4.74198E+20,5.35706E+21,8.65163E+15,4.83662E+16
56905,8,3,11,0,2018,10,6,7,3,9,7,2,0,1,0,0,0,0,1,4.05712E+20,5.31506E+21,7.73644E+15,4.79819E+16
56906,8,4,15,87,2018,11,14,6,3,5,3,0,0,1,0,0,0,0,0,5.12913E+20,5.38077E+21,9.17507E+15,4.85798E+16
56907,8,1,11,0,2018,10,14,3,3,0,7,0,0,0,0,0,0,1,0,5.11717E+20,5.40874E+21,9.15966E+15,4.88315E+16
56908,8,4,25,85,2018,10,16,6,3,2,6,0,0,1,0,0,0,0,0,5.80544E+20,5.3764E+21,1.00911E+16,4.85355E+16
56909,8,1,35,19,2018,10,5,4,3,9,1,2,0,1,0,0,0,0,2,5.88753E+20,5.39699E+21,1.02067E+16,4.87196E+16
56910,8,4,25,112,2018,10,15,6,3,2,6,0,0,1,0,0,0,0,0,5.8292E+20,5.37876E+21,1.01237E+16,4.85565E+16
56911,8,1,17,26,2018,11,22,6,3,2,7,2,0,1,0,0,0,0,0,5.48725E+20,5.39434E+21,9.6622E+15,4.87002E+16
56912,8,2,16,7,2018,10,17,2,3,5,3,2,0,1,0,1,0,0,1,4.32614E+20,5.39587E+21,8.08396E+15,4.87122E+16
56913,8,1,18,81,2018,11,7,2,2,2,6,0,0,1,0,1,0,0,1,5.19034E+20,5.41437E+21,9.25962E+15,4.8882E+16
56914,8,1,36,82,2018,10,14,6,3,2,6,0,0,1,0,0,0,1,0,5.87322E+20,5.41297E+21,1.01906E+16,4.88635E+16
56915,8,2,16,5,2018,11,15,5,3,5,2,0,1,1,0,0,0,0,0,4.45448E+20,5.41669E+21,8.25564E+15,4.89008E+16
56916,8,4,15,61,2018,10,13,1,3,9,1,0,0,1,0,0,0,0,2,5.11219E+20,5.36656E+21,9.15173E+15,4.84521E+16
56917,8,1,35,32,2018,11,20,1,3,8,1,2,0,1,0,0,0,0,0,5.79571E+20,5.39476E+21,1.00814E+16,4.87008E+16
56918,8,3,37,126,2018,10,11,7,3,1,6,0,0,1,0,0,0,0,1,4.40432E+20,5.2747E+21,8.20722E+15,4.7623E+16
56919,8,2,16,43,2018,10,19,3,2,0,6,2,0,1,0,1,0,0,1,4.41051E+20,5.41229E+21,8.19628E+15,4.88608E+16
56920,8,2,25,42,2018,10,15,6,2,5,3,0,0,1,0,1,0,0,0,5.06109E+20,5.45957E+21,9.084E+15,4.92888E+16
56921,8,3,11,0,2018,10,18,4,3,2,6,0,0,1,0,0,0,0,0,4.12126E+20,5.32368E+21,7.8206E+15,4.80603E+16
56922,8,1,25,24,2018,10,13,6,3,0,2,0,0,0,0,1,0,0,0,5.21865E+20,5.44419E+21,9.29984E+15,4.91501E+16
56923,8,2,21,0,2018,11,18,7,2,5,3,0,0,1,0,0,0,0,0,4.72038E+20,5.47298E+21,8.61454E+15,4.94089E+16
56924,8,3,37,90,2018,10,9,7,3,0,7,0,0,1,0,0,0,0,1,4.24676E+20,5.27591E+21,7.99734E+15,4.76322E+16
56925,8,2,26,105,2018,11,18,6,2,1,6,2,0,1,0,1,0,0,0,4.72009E+20,5.47528E+21,8.61398E+15,4.94295E+16
56926,8,4,35,16,2018,10,9,2,3,5,7,0,1,1,0,0,0,0,1,5.36919E+20,5.27883E+21,9.49171E+15,4.76618E+16
56927,8,1,25,13,2018,10,8,6,3,0,1,0,1,0,0,0,0,0,0,5.04481E+20,5.43636E+21,9.06136E+15,4.90801E+16
56928,8,1,18,48,2018,10,10,4,3,2,6,0,0,1,0,0,0,0,0,5.15361E+20,5.41455E+21,9.20952E+15,4.88837E+16
56929,8,1,25,56,2018,10,9,6,3,2,6,0,0,1,0,0,0,0,0,5.11045E+20,5.43656E+21,9.15126E+15,4.90818E+16
56930,8,4,35,57,2018,11,1,5,2,8,1,2,0,1,0,0,0,0,0,5.5138E+20,5.27481E+21,9.68383E+15,4.76247E+16
56931,8,1,19,79,2018,10,22,6,3,6,4,2,0,1,1,0,0,0,0,5.23527E+20,5.40899E+21,9.32059E+15,4.88335E+16
56932,8,2,12,0,2018,11,17,7,3,2,6,2,0,1,0,0,0,0,0,4.55809E+20,5.431E+21,8.39546E+15,4.90303E+16
56933,8,3,26,74,2018,11,15,6,3,8,1,0,0,1,0,0,0,0,0,4.61335E+20,5.32167E+21,8.48119E+15,4.80471E+16
56934,8,4,36,82,2018,10,18,2,3,0,1,2,0,0,0,1,0,0,1,5.48367E+20,5.2953E+21,9.64601E+15,4.78092E+16
56935,8,1,18,21,2018,10,16,6,3,4,2,0,0,1,0,0,0,0,0,5.19895E+20,5.42793E+21,9.27202E+15,4.90039E+16
56936,8,1,21,0,2018,10,20,4,3,5,3,2,0,1,0,0,0,0,0,5.14615E+20,5.44437E+21,9.20043E+15,4.9152E+16
56937,8,1,18,18,2018,10,18,6,3,4,6,2,0,1,0,0,0,1,0,5.11888E+20,5.4314E+21,9.16265E+15,4.90353E+16
56938,8,1,16,70,2018,11,23,6,2,5,3,2,0,1,0,0,0,0,0,5.39837E+20,5.38516E+21,9.54054E+15,4.86182E+16
56939,8,1,18,80,2018,10,6,2,3,2,6,2,0,1,0,0,0,0,1,5.09071E+20,5.41142E+21,9.12366E+15,4.88556E+16
56940,8,1,15,24,2018,11,12,2,3,2,6,0,0,1,0,0,0,0,0,5.0062E+20,5.38828E+21,9.00841E+15,4.86475E+16
56941,8,4,16,26,2018,10,17,3,3,0,1,2,0,1,0,0,0,0,0,5.07236E+20,5.36714E+21,9.09787E+15,4.84573E+16