OBJECTID_1,ULAND,UREGBEZ,UKREIS,UGEMEINDE,UJAHR,UMONAT,USTUNDE,UWOCHENTAG,UKATEGORIE,UART,UTYP1,ULICHTVERH,IstRad,IstPKW,IstFuss,IstKrad,IstGkfz,IstSonstig,STRZUSTAND,LINREFX,LINREFY,XGCSWGS84,YGCSWGS84
57502,8,1,15,28,2018,11,15,2,3,2,6,0,0,1,0,0,0,0,0,5.0151E+20,5.40276E+21,9.02055E+15,4.87778E+16
57503,8,1,15,28,2018,11,17,2,3,2,6,2,0,1,0,0,0,0,0,5.0249E+20,5.40002E+21,9.03388E+15,4.87532E+16
57504,8,1,36,19,2018,11,11,2,3,2,6,0,0,1,0,0,0,0,0,5.81972E+20,5.42497E+21,1.01201E+16,4.89722E+16
57505,8,3,25,72,2018,11,22,6,3,5,3,2,0,1,0,0,0,0,0,4.6948E+20,5.32545E+21,8.59021E+15,4.80816E+16
57506,8,1,35,19,2018,11,13,2,3,1,6,0,0,1,0,0,0,0,0,5.83772E+20,5.39244E+21,1.0138E+16,4.86793E+16
57507,8,1,16,47,2018,11,14,6,3,2,6,0,0,1,0,0,0,0,0,5.20952E+20,5.39396E+21,9.28474E+15,4.86983E+16
57508,8,1,36,65,2018,11,19,5,3,5,3,2,1,1,0,0,0,0,0,5.59143E+20,5.40586E+21,9.80544E+15,4.88029E+16
57509,8,1,35,20,2018,11,13,2,3,7,7,0,0,1,0,0,1,0,0,5.88488E+20,5.38473E+21,1.02005E+16,4.86093E+16
57510,8,1,25,98,2018,11,17,3,3,4,6,1,0,1,0,0,0,0,0,5.24057E+20,5.44024E+21,9.32966E+15,4.91145E+16
57511,8,1,16,79,2018,11,18,4,3,4,6,1,0,1,0,0,0,0,0,5.33556E+20,5.38066E+21,9.45494E+15,4.85781E+16
57512,8,1,25,63,2018,11,6,3,3,0,1,2,0,1,0,0,0,0,1,5.23118E+20,5.46308E+21,9.31812E+15,4.932E+16
57513,8,1,21,0,2018,11,13,3,3,3,2,0,0,1,0,0,1,0,0,5.16441E+20,5.44617E+21,9.22554E+15,4.91681E+16
57514,8,4,36,3,2018,11,1,4,3,8,1,2,0,1,0,0,0,0,1,5.81511E+20,5.3063E+21,1.00907E+16,4.79049E+16
57515,8,1,19,86,2018,11,7,3,3,2,6,0,0,1,0,0,0,0,1,5.35199E+20,5.40515E+21,9.47931E+15,4.87984E+16
57516,8,1,19,8,2018,11,17,3,2,4,1,2,0,1,0,0,0,0,0,5.34231E+20,5.42351E+21,9.46767E+15,4.89636E+16
57517,8,2,26,56,2018,11,14,4,3,6,2,0,0,1,1,0,0,0,0,4.85501E+20,5.47158E+21,8.80017E+15,4.93967E+16
57518,8,1,15,44,2018,11,17,3,2,6,2,2,0,1,1,0,0,0,0,5.05498E+20,5.38996E+21,9.07467E+15,4.86627E+16
57519,8,4,25,108,2018,11,17,3,3,9,1,2,0,1,0,0,0,0,1,5.52156E+20,5.35745E+21,9.70421E+15,4.8368E+16
57520,8,1,17,26,2018,11,21,3,3,5,3,2,0,1,0,0,0,0,0,5.49129E+20,5.39331E+21,9.66757E+15,4.86909E+16
57521,8,1,16,33,2018,11,17,3,3,1,6,1,0,1,0,0,0,0,0,5.33966E+20,5.38874E+21,9.46116E+15,4.86508E+16
57522,8,3,37,22,2018,11,15,4,3,0,7,0,0,1,0,0,0,1,0,4.47942E+20,5.2988E+21,8.30427E+15,4.78405E+16
57523,8,1,16,80,2018,11,11,3,3,6,3,0,0,1,1,0,0,0,1,5.18665E+20,5.39487E+21,9.2537E+15,4.87066E+16
57524,8,4,17,8,2018,11,14,4,3,2,2,0,0,1,0,0,0,0,0,4.93777E+20,5.35111E+21,8.91607E+15,4.83132E+16
57525,8,1,11,0,2018,11,6,3,3,3,6,1,0,1,0,0,0,1,0,5.13051E+20,5.40698E+21,9.17778E+15,4.88157E+16
57526,8,2,25,74,2018,11,13,3,3,9,1,0,0,1,0,0,0,0,1,5.04615E+20,5.46429E+21,9.06352E+15,4.93314E+16
57527,8,1,16,80,2018,11,12,7,3,5,2,0,0,1,0,0,0,0,0,5.17282E+20,5.39735E+21,9.23501E+15,4.87289E+16
57528,8,1,11,0,2018,11,18,3,3,6,3,2,0,1,1,0,0,0,0,5.16653E+20,5.40742E+21,9.22686E+15,4.88195E+16
57529,8,2,22,0,2018,11,14,4,3,1,6,0,0,1,0,0,0,0,0,4.6133E+20,5.48095E+21,8.46616E+15,4.94799E+16
57530,8,4,35,35,2018,11,6,2,3,0,6,1,1,1,0,0,0,0,0,5.42163E+20,5.28268E+21,9.56193E+15,4.76962E+16
57531,8,4,17,79,2018,11,7,3,3,2,6,2,0,1,0,1,0,0,1,4.96711E+20,5.34488E+21,8.95569E+15,4.82571E+16
57532,8,4,26,134,2018,11,8,2,3,1,5,1,0,1,0,0,0,1,1,5.56979E+20,5.33411E+21,9.76618E+15,4.81577E+16
57533,8,1,15,42,2018,11,15,5,3,2,6,0,0,1,0,0,0,0,0,4.96995E+20,5.40478E+21,8.95908E+15,4.8796E+16
57534,8,4,25,71,2018,11,9,2,3,6,4,0,0,1,1,0,0,0,0,5.50649E+20,5.37093E+21,9.68549E+15,4.84894E+16
57535,8,4,17,2,2018,11,15,2,3,2,6,0,0,1,0,0,0,0,0,4.88987E+20,5.34595E+21,8.8516E+15,4.82666E+16
57536,8,4,36,9,2018,11,13,4,3,5,3,0,0,1,0,0,0,0,0,5.52256E+20,5.30513E+21,9.69914E+15,4.78973E+16
57537,8,4,16,22,2018,11,5,2,3,2,6,2,0,1,0,0,0,0,0,5.09008E+20,5.37599E+21,9.12202E+15,4.8537E+16
57538,8,1,19,89,2018,11,7,4,3,0,1,1,0,0,0,1,0,0,1,5.33799E+20,5.41503E+21,9.46105E+15,4.88873E+16
57539,8,4,15,61,2018,11,9,2,2,5,3,0,0,1,0,1,0,0,0,5.1506E+20,5.37315E+21,9.20392E+15,4.85113E+16
57540,8,3,15,132,2018,11,7,3,2,5,3,1,1,1,0,0,0,0,1,4.10482E+20,5.32473E+21,7.79833E+15,4.80695E+16
57541,8,4,15,61,2018,11,15,2,3,3,2,0,1,1,0,0,0,0,0,5.15695E+20,5.37231E+21,9.21248E+15,4.85037E+16
57542,8,2,12,0,2018,11,8,4,3,5,5,0,1,1,0,0,0,0,0,4.52835E+20,5.42922E+21,8.35498E+15,4.90141E+16
57543,8,4,15,61,2018,11,16,2,3,3,6,0,0,1,0,0,1,0,0,5.13952E+20,5.37099E+21,9.18883E+15,4.84919E+16
57544,8,3,25,53,2018,11,13,3,3,4,1,0,0,1,0,0,0,0,1,4.53376E+20,5.34402E+21,8.37197E+15,4.82477E+16
57545,8,4,15,61,2018,11,10,2,3,6,2,0,0,1,0,0,0,1,0,5.1608E+20,5.373E+21,9.21771E+15,4.85099E+16
57546,8,1,25,7,2018,11,8,5,3,8,1,0,1,0,0,0,0,0,0,5.11807E+20,5.45275E+21,9.16216E+15,4.92274E+16
57547,8,3,36,14,2018,11,8,2,3,2,6,0,0,1,0,0,0,0,0,3.89176E+20,5.28133E+21,7.52354E+15,4.76759E+16
57548,8,3,37,125,2018,11,7,2,3,2,6,0,0,1,0,0,0,0,0,4.49213E+20,5.27172E+21,8.32441E+15,4.75969E+16
57549,8,3,17,85,2018,11,14,4,3,3,6,0,1,1,0,0,0,0,0,4.31191E+20,5.35977E+21,8.07059E+15,4.83873E+16
57550,8,3,37,96,2018,11,7,2,3,0,2,0,1,1,0,0,0,0,0,4.20222E+20,5.26732E+21,7.93962E+15,4.75544E+16
57551,8,1,17,53,2018,11,14,4,3,6,4,0,0,1,1,0,0,0,0,5.5004E+20,5.40073E+21,9.68085E+15,4.87575E+16
57552,8,3,37,126,2018,11,9,2,3,5,3,0,0,1,0,0,0,1,0,4.44741E+20,5.27501E+21,8.26452E+15,4.76262E+16
57553,8,3,35,75,2018,11,8,2,3,5,2,0,1,1,0,0,0,0,0,4.87851E+20,5.28917E+21,8.8379E+15,4.77558E+16
57554,8,1,11,0,2018,11,15,5,3,5,2,0,0,1,0,0,0,0,0,5.19797E+20,5.40047E+21,9.26935E+15,4.87569E+16
57555,8,3,35,43,2018,11,12,2,3,2,6,0,0,1,0,0,0,0,0,5.13466E+20,5.27935E+21,9.17938E+15,4.76674E+16
57556,8,3,35,63,2018,11,16,2,3,5,2,0,0,1,0,1,0,0,0,4.96229E+20,5.28916E+21,8.94968E+15,4.77558E+16
57557,8,3,27,11,2018,11,21,2,2,9,1,2,0,1,0,0,0,0,1,4.85043E+20,5.3254E+21,8.79917E+15,4.80817E+16
57558,8,1,18,81,2018,11,13,5,3,0,3,0,0,1,0,1,0,0,0,5.20031E+20,5.41326E+21,9.27316E+15,4.8872E+16
57559,8,3,25,45,2018,11,14,2,3,8,1,0,0,0,0,1,0,0,0,4.68887E+20,5.34951E+21,8.58048E+15,4.8298E+16
57560,8,4,17,13,2018,11,18,2,2,4,6,2,0,1,0,0,0,0,0,5.06824E+20,5.34739E+21,9.09198E+15,4.82796E+16
57561,8,2,31,0,2018,11,7,4,2,1,5,0,0,0,0,0,1,1,0,4.77037E+20,5.41737E+21,8.68662E+15,4.89089E+16
57562,8,1,11,0,2018,11,19,7,3,0,6,2,0,1,0,1,0,0,0,5.13624E+20,5.40241E+21,9.18544E+15,4.87745E+16
57563,8,3,17,96,2018,11,17,2,3,2,6,2,0,1,0,0,0,0,0,4.20605E+20,5.3689E+21,7.92589E+15,4.84683E+16
57564,8,1,11,0,2018,11,16,4,3,2,6,1,0,1,0,0,0,0,0,5.13135E+20,5.40216E+21,9.17877E+15,4.87723E+16
57565,8,3,17,65,2018,11,7,2,3,5,3,0,0,1,0,0,0,0,0,4.14048E+20,5.35511E+21,7.84003E+15,4.83433E+16
57566,8,3,17,26,2018,11,10,2,3,5,3,0,0,1,0,0,0,0,0,4.12248E+20,5.34531E+21,7.81779E+15,4.8255E+16
57567,8,4,35,16,2018,11,9,4,3,4,2,0,0,1,0,0,0,0,1,5.29433E+20,5.27987E+21,9.39209E+15,4.76715E+16
57568,8,3,17,96,2018,11,13,2,1,5,2,0,1,0,0,0,1,0,0,4.22213E+20,5.3688E+21,7.94766E+15,4.84675E+16
57569,8,2,22,0,2018,11,7,3,3,1,5,0,0,1,0,1,0,0,1,4.65399E+20,5.48063E+21,8.52235E+15,4.94773E+16
57570,8,1,11,0,2018,11,11,7,3,5,2,0,0,1,0,0,0,1,0,5.17987E+20,5.40413E+21,9.24489E+15,4.87899E+16
57571,8,3,16,55,2018,11,16,2,3,3,6,0,0,1,0,0,0,0,0,4.27283E+20,5.33265E+21,8.02247E+15,4.81429E+16
57572,8,2,25,52,2018,11,18,4,3,2,6,2,0,1,0,0,0,1,0,5.18115E+20,5.47863E+21,9.24998E+15,4.946E+16
57573,8,3,16,14,2018,11,7,2,3,4,6,0,0,1,0,0,0,1,1,4.25481E+20,5.3307E+21,7.9986E+15,4.81252E+16
57574,8,4,25,33,2018,11,21,3,3,2,6,2,0,1,0,0,0,0,1,5.55745E+20,5.34291E+21,9.75074E+15,4.8237E+16
57575,8,2,26,65,2018,11,7,3,3,1,6,0,0,1,0,1,0,0,1,4.75972E+20,5.45641E+21,8.66977E+15,4.926E+16
57576,8,2,36,4,2018,11,17,4,3,5,3,2,0,1,0,1,0,0,0,4.72547E+20,5.4131E+21,8.62563E+15,4.88703E+16
57577,8,2,31,0,2018,11,21,2,3,9,1,2,0,0,0,1,0,0,0,4.74628E+20,5.41728E+21,8.65375E+15,4.89079E+16
57578,8,4,36,64,2018,11,7,3,3,2,6,0,0,1,0,0,0,1,0,5.44884E+20,5.29229E+21,9.59918E+15,4.77824E+16
57579,8,2,15,101,2018,11,17,2,3,6,2,2,0,1,1,0,0,0,0,4.6572E+20,5.42848E+21,8.53125E+15,4.90082E+16
57580,8,2,15,66,2018,11,15,2,2,1,6,0,0,1,0,0,1,0,0,4.55405E+20,5.45293E+21,8.38751E+15,4.92275E+16
57581,8,4,15,59,2018,11,13,4,3,4,2,0,0,1,0,0,0,0,0,5.16519E+20,5.36723E+21,9.22344E+15,4.8458E+16
57582,8,2,35,46,2018,11,23,2,3,9,1,2,0,1,0,0,0,0,1,4.80065E+20,5.37722E+21,8.72989E+15,4.85477E+16
57583,8,2,21,0,2018,11,6,3,3,8,7,1,0,1,0,0,0,0,1,4.75132E+20,5.46889E+21,8.65745E+15,4.93722E+16
57584,8,2,35,46,2018,11,7,2,3,2,6,1,0,1,0,0,0,0,1,4.80388E+20,5.37752E+21,8.73425E+15,4.85505E+16
57585,8,2,15,66,2018,11,17,4,2,5,2,2,0,1,0,0,0,0,0,4.6176E+20,5.45361E+21,8.47472E+15,4.92341E+16
57586,8,2,31,0,2018,11,14,2,3,2,6,0,0,1,0,0,0,0,0,4.75437E+20,5.41508E+21,8.66492E+15,4.88882E+16
57587,8,3,25,69,2018,11,7,3,3,2,6,2,0,1,0,0,0,0,1,4.68189E+20,5.33493E+21,8.57217E+15,4.81669E+16
57588,8,2,31,0,2018,11,15,2,3,5,3,0,0,1,0,0,0,0,0,4.78507E+20,5.41581E+21,8.70677E+15,4.88949E+16
57589,8,1,35,32,2018,11,7,5,3,8,1,1,0,1,0,0,0,0,1,5.74706E+20,5.39112E+21,1.00147E+16,4.86686E+16
57590,8,2,26,65,2018,11,18,2,3,5,2,2,0,1,0,0,0,0,0,4.77758E+20,5.45803E+21,8.69423E+15,4.92746E+16
57591,8,2,26,98,2018,11,7,2,3,2,6,0,0,1,0,0,0,0,0,4.76731E+20,5.46172E+21,8.6799E+15,4.93077E+16
57592,8,3,26,12,2018,11,21,4,3,0,7,2,0,1,0,0,0,0,0,4.64546E+20,5.31518E+21,8.52482E+15,4.7989E+16
57593,8,2,25,1,2018,11,9,2,3,5,3,0,0,1,0,0,1,0,0,5.32561E+20,5.47382E+21,9.44893E+15,4.94161E+16
57594,8,2,22,0,2018,11,9,2,3,5,3,0,1,1,0,0,0,0,0,4.63242E+20,5.48318E+21,8.49234E+15,4.95001E+16
57595,8,2,21,0,2018,11,19,2,3,2,6,2,0,1,0,0,0,0,1,4.79928E+20,5.47379E+21,8.72327E+15,4.94164E+16
57596,8,3,37,30,2018,11,6,4,3,9,1,1,0,1,0,0,0,0,1,4.64657E+20,5.2767E+21,8.52944E+15,4.76428E+16
57597,8,2,16,7,2018,11,17,2,3,2,6,1,0,1,0,0,0,0,0,4.35283E+20,5.39396E+21,8.12054E+15,4.86953E+16
57598,8,1,35,25,2018,11,6,4,3,1,6,2,0,1,0,0,0,1,1,5.80407E+20,5.39734E+21,1.00933E+16,4.87239E+16
57599,8,2,11,0,2018,11,8,2,3,4,2,0,0,1,0,0,0,0,0,4.38733E+20,5.39802E+21,8.16681E+15,4.87322E+16
57600,8,3,17,89,2018,11,15,3,3,5,3,0,0,1,0,0,0,0,0,4.30474E+20,5.37642E+21,8.05813E+15,4.8537E+16
57601,8,2,15,59,2018,11,16,2,3,5,3,0,0,1,0,0,0,0,0,4.8405E+20,5.43326E+21,8.7817E+15,4.9052E+16
57602,8,1,25,47,2018,11,18,5,3,4,2,2,0,1,0,0,0,0,0,4.95272E+20,5.45017E+21,8.93509E+15,4.92043E+16
57603,8,2,16,15,2018,11,17,2,2,4,3,2,0,1,0,1,0,0,1,4.50164E+20,5.40535E+21,8.32137E+15,4.87991E+16
57604,8,2,26,29,2018,11,16,3,2,8,1,1,0,1,0,0,1,0,1,4.84328E+20,5.48355E+21,8.78354E+15,4.95043E+16
57605,8,2,36,46,2018,11,10,3,3,5,3,0,0,1,0,0,1,0,1,4.83647E+20,5.41853E+21,8.77679E+15,4.89195E+16
57606,8,2,16,13,2018,11,12,2,2,9,1,0,0,1,0,0,0,0,1,4.47464E+20,5.38932E+21,8.28665E+15,4.86547E+16
57607,8,3,11,0,2018,11,14,4,3,5,3,0,0,1,0,0,0,0,0,4.13614E+20,5.31662E+21,7.842E+15,4.79971E+16
57608,8,1,25,98,2018,11,23,2,2,3,1,2,0,1,0,0,0,0,0,5.22079E+20,5.44041E+21,9.30257E+15,4.91162E+16
57609,8,4,25,31,2018,11,10,4,3,2,6,0,0,1,0,0,1,1,0,5.70581E+20,5.36747E+21,9.95464E+15,4.84564E+16
57610,8,1,36,62,2018,11,1,2,3,9,1,2,0,1,0,0,0,0,1,5.67111E+20,5.41374E+21,9.91522E+15,4.8873E+16
57611,8,1,18,48,2018,11,16,4,3,1,5,1,0,1,0,0,0,1,0,5.11754E+20,5.41827E+21,9.16043E+15,4.89172E+16
57612,8,1,35,19,2018,11,7,2,3,2,1,0,0,1,0,0,0,0,1,5.86883E+20,5.39421E+21,1.01807E+16,4.86948E+16
57613,8,3,11,0,2018,11,6,3,3,3,6,2,0,1,0,0,0,1,1,4.10868E+20,5.31752E+21,7.80501E+15,4.80047E+16
57614,8,1,27,62,2018,11,14,2,2,0,6,0,0,1,0,0,0,0,0,5.50135E+20,5.4276E+21,9.68544E+15,4.89992E+16
57615,8,1,18,73,2018,11,13,5,1,4,6,0,0,1,0,0,1,0,0,4.96584E+20,5.4214E+21,8.95335E+15,4.89455E+16
57616,8,1,27,73,2018,11,15,2,2,2,6,0,0,1,0,0,1,0,0,5.75069E+20,5.44775E+21,1.003E+16,4.91779E+16
57617,8,2,16,24,2018,11,18,3,3,9,1,2,0,0,0,1,0,0,0,4.45663E+20,5.4106E+21,8.25939E+15,4.8846E+16
57618,8,1,27,25,2018,11,14,2,1,4,1,0,0,1,0,0,0,0,1,5.58866E+20,5.42989E+21,9.80512E+15,4.90191E+16
57619,8,2,31,0,2018,11,14,4,3,2,6,0,0,1,0,0,0,0,0,4.81047E+20,5.41895E+21,8.74128E+15,4.89232E+16
57620,8,1,11,0,2018,11,19,7,3,5,3,2,0,1,0,0,0,0,1,5.12267E+20,5.39677E+21,9.16679E+15,4.87238E+16
57621,8,1,27,14,2018,11,14,2,3,0,6,0,0,1,0,0,0,1,0,5.74448E+20,5.44735E+21,1.00214E+16,4.91744E+16
57622,8,1,11,0,2018,11,17,4,3,2,6,1,0,1,0,0,0,0,0,5.17733E+20,5.40416E+21,9.24144E+15,4.87902E+16
57623,8,1,27,14,2018,11,5,2,2,2,1,2,0,0,0,0,1,1,0,5.71791E+20,5.44735E+21,9.98498E+15,4.91748E+16
57624,8,2,16,15,2018,11,8,3,3,2,6,0,0,1,0,0,1,0,1,4.50014E+20,5.40541E+21,8.31932E+15,4.87996E+16
57625,8,1,25,94,2018,11,15,2,3,0,1,0,1,0,0,0,0,0,0,5.13654E+20,5.43776E+21,9.18702E+15,4.90925E+16
57626,8,4,21,0,2018,11,13,4,3,8,1,0,0,1,0,0,0,1,0,5.72861E+20,5.36026E+21,9.98422E+15,4.83913E+16
57627,8,1,19,85,2018,11,10,2,3,5,3,0,0,1,0,0,0,0,0,5.29636E+20,5.41419E+21,9.40421E+15,4.88799E+16
57628,8,1,18,46,2018,11,18,2,3,2,6,2,0,1,0,0,0,0,0,5.14362E+20,5.41183E+21,9.19581E+15,4.88593E+16
57629,8,1,18,77,2018,11,9,2,3,1,6,0,0,1,0,0,1,0,0,5.13745E+20,5.42308E+21,9.18778E+15,4.89605E+16
57630,8,1,11,0,2018,11,17,5,3,2,6,2,0,1,0,0,0,0,0,5.13784E+20,5.40332E+21,9.18765E+15,4.87827E+16
57631,8,1,18,48,2018,11,8,2,2,5,3,0,0,1,0,0,0,1,0,5.11584E+20,5.41525E+21,9.15802E+15,4.889E+16
57632,8,2,16,7,2018,11,6,3,3,5,3,2,0,1,0,0,0,0,1,4.36859E+20,5.395E+21,8.14179E+15,4.87048E+16
57633,8,4,21,0,2018,11,15,2,3,2,6,0,0,1,0,0,0,0,0,5.73358E+20,5.36768E+21,9.99223E+15,4.8458E+16
57634,8,2,36,46,2018,11,7,4,3,3,6,0,0,1,0,0,0,1,0,4.83643E+20,5.41855E+21,8.77673E+15,4.89196E+16
57635,8,1,17,19,2018,11,18,2,2,9,1,2,0,1,0,0,0,0,0,5.50369E+20,5.39354E+21,9.68444E+15,4.86929E+16
57636,8,4,37,101,2018,11,19,3,2,4,7,2,0,1,0,0,0,0,1,5.22778E+20,5.32289E+21,9.30571E+15,4.80589E+16
57637,8,1,16,16,2018,11,17,2,3,2,6,2,0,1,0,0,0,0,0,5.33551E+20,5.3852E+21,9.45525E+15,4.8619E+16
57638,8,2,16,7,2018,11,19,3,3,5,3,2,0,1,0,0,0,0,1,4.36023E+20,5.39344E+21,8.13068E+15,4.86907E+16
57639,8,1,16,33,2018,11,9,2,3,8,1,0,0,0,0,0,0,1,1,5.35286E+20,5.38965E+21,9.47917E+15,4.86589E+16
57640,8,4,15,62,2018,11,11,4,3,1,6,0,0,1,0,0,0,0,0,5.19187E+20,5.3784E+21,9.26003E+15,4.85584E+16
57641,8,3,17,151,2018,11,10,3,3,0,7,0,0,0,0,1,0,0,1,4.12675E+20,5.36789E+21,7.81884E+15,4.84581E+16
57642,8,1,16,22,2018,11,11,2,1,2,2,0,0,1,0,0,0,1,0,5.21993E+20,5.38208E+21,9.29826E+15,4.85914E+16
57643,8,2,15,84,2018,11,14,4,3,0,1,0,0,0,0,1,0,0,0,4.76212E+20,5.44797E+21,8.67357E+15,4.91841E+16
57644,8,1,11,0,2018,11,15,2,3,0,1,0,1,0,0,0,0,0,0,5.15603E+20,5.40602E+21,9.21251E+15,4.88069E+16
57645,8,2,22,0,2018,11,8,4,3,2,6,0,0,1,0,0,0,0,1,4.63233E+20,5.48317E+21,8.49222E+15,4.95001E+16
57646,8,4,37,104,2018,11,17,1,2,3,6,2,0,1,0,1,0,0,0,5.16626E+20,5.32635E+21,9.22327E+15,4.80902E+16
57647,8,4,17,2,2018,11,17,3,3,2,6,1,0,1,0,0,0,0,0,4.89478E+20,5.34653E+21,8.85819E+15,4.82719E+16
57648,8,4,26,65,2018,11,18,1,3,8,7,2,0,1,0,0,0,0,0,5.81164E+20,5.33276E+21,1.00911E+16,4.81429E+16
57649,8,1,15,3,2018,11,16,5,3,2,6,1,0,1,0,0,0,1,0,4.97417E+20,5.39162E+21,8.96491E+15,4.86776E+16
57650,8,4,25,20,2018,11,6,1,3,8,1,2,0,1,0,0,0,0,1,5.60526E+20,5.36537E+21,9.81835E+15,4.84386E+16
57651,8,2,15,7,2018,11,6,3,3,2,6,2,0,1,0,0,0,0,0,4.78486E+20,5.43119E+21,8.70567E+15,4.90333E+16
57652,8,4,17,8,2018,11,19,1,3,2,2,2,0,1,0,0,0,0,1,4.95666E+20,5.34915E+21,8.94156E+15,4.82955E+16
57653,8,4,36,9,2018,11,17,4,2,4,1,2,0,1,0,0,0,0,0,5.60408E+20,5.3088E+21,9.80872E+15,4.79297E+16
57654,8,4,15,61,2018,11,15,1,3,2,6,0,0,1,0,0,0,0,1,5.15051E+20,5.37315E+21,9.20379E+15,4.85113E+16
57655,8,1,27,52,2018,11,11,4,3,5,3,0,0,1,0,0,0,1,0,5.37908E+20,5.43723E+21,9.51918E+15,4.90867E+16
57656,8,3,36,81,2018,11,20,1,3,9,1,2,0,1,0,0,0,0,1,4.1325E+20,5.28107E+21,7.84425E+15,4.76772E+16
57657,8,3,17,122,2018,11,17,3,2,5,3,2,0,1,0,1,0,0,0,4.17741E+20,5.36731E+21,7.88748E+15,4.84535E+16
57658,8,3,35,75,2018,11,13,1,3,3,6,0,0,1,0,0,0,0,1,4.86841E+20,5.29201E+21,8.82434E+15,4.77813E+16
57659,8,1,19,61,2018,11,7,5,2,2,6,0,0,1,0,0,0,0,0,5.39055E+20,5.41268E+21,9.53252E+15,4.88658E+16
57660,8,3,35,22,2018,11,17,1,3,4,6,0,0,1,0,0,0,0,0,4.82639E+20,5.30281E+21,8.76781E+15,4.78784E+16
57661,8,3,26,12,2018,11,3,1,1,9,1,2,0,1,0,0,0,0,1,4.58862E+20,5.31218E+21,8.44893E+15,4.79616E+16
57662,8,3,35,77,2018,11,7,3,3,3,1,1,0,1,0,0,0,1,1,4.91387E+20,5.29626E+21,8.88493E+15,4.78196E+16
57663,8,4,17,8,2018,11,16,1,3,5,3,0,0,1,0,0,0,1,0,4.91561E+20,5.35084E+21,8.88619E+15,4.83107E+16
57664,8,1,27,14,2018,11,17,5,3,2,6,1,0,1,0,0,0,0,0,5.7535E+20,5.44235E+21,1.00329E+16,4.91294E+16
57665,8,3,17,85,2018,11,19,1,3,6,6,2,1,0,1,0,0,0,0,4.31494E+20,5.36042E+21,8.07458E+15,4.83932E+16
57666,8,2,12,0,2018,11,6,3,3,5,3,2,0,1,0,1,0,0,1,4.55374E+20,5.42973E+21,8.38965E+15,4.90188E+16
57667,8,3,17,110,2018,11,9,1,2,0,1,0,0,0,0,1,0,0,1,4.2755E+20,5.38255E+21,8.01747E+15,4.85918E+16
57668,8,3,27,49,2018,11,6,4,2,4,6,2,0,1,0,0,0,0,0,4.74026E+20,5.32625E+21,8.65121E+15,4.8089E+16
57669,8,3,15,7,2018,11,12,1,3,4,1,0,0,1,0,0,0,0,1,4.00622E+20,5.29288E+21,7.67336E+15,4.77816E+16
57670,8,1,18,79,2018,11,6,4,2,0,7,2,0,0,0,1,0,0,1,5.05167E+20,5.42072E+21,9.07055E+15,4.89394E+16
57671,8,3,11,0,2018,11,18,1,3,9,1,1,0,1,0,0,0,1,1,4.16206E+20,5.31022E+21,7.87799E+15,4.79398E+16
57672,8,3,11,0,2018,11,12,1,2,5,3,0,0,1,0,0,0,0,1,4.14487E+20,5.31593E+21,7.85383E+15,4.7991E+16
57673,8,1,16,77,2018,11,17,5,3,2,6,2,0,1,0,0,0,0,0,5.15338E+20,5.39156E+21,9.20835E+15,4.86769E+16
57674,8,2,26,98,2018,11,12,1,3,3,6,0,0,1,0,0,0,0,0,4.78777E+20,5.4585E+21,8.70821E+15,4.92788E+16
57675,8,2,12,0,2018,11,17,3,3,2,7,1,0,1,0,0,0,0,0,4.59101E+20,5.4296E+21,8.44062E+15,4.9018E+16
57676,8,2,12,0,2018,11,11,1,3,9,1,0,0,1,0,0,0,0,1,4.61553E+20,5.42906E+21,8.47421E+15,4.90133E+16
57677,8,2,37,19,2018,11,7,4,3,5,3,1,0,1,0,0,0,0,1,4.64775E+20,5.36854E+21,8.52345E+15,4.8469E+16
57678,8,2,15,108,2018,11,18,1,1,5,2,2,0,0,0,1,1,0,0,4.46319E+20,5.42448E+21,8.2665E+15,4.89709E+16
57679,8,2,16,49,2018,11,17,3,3,2,6,2,0,1,0,0,0,0,1,4.39297E+20,5.40242E+21,8.17384E+15,4.87718E+16
57680,8,2,37,27,2018,11,10,1,3,5,3,0,0,1,0,0,0,0,1,4.79395E+20,5.36951E+21,8.72119E+15,4.84784E+16
57681,8,3,36,91,2018,11,9,4,3,5,3,0,0,0,0,1,0,1,0,3.94295E+20,5.27182E+21,7.59402E+15,4.75911E+16
57682,8,2,31,0,2018,11,15,1,3,2,6,0,0,1,0,1,0,0,0,4.7682E+20,5.41863E+21,8.68359E+15,4.89202E+16
57683,8,1,16,16,2018,11,6,4,3,2,6,2,0,1,0,0,0,0,1,5.33571E+20,5.38583E+21,9.45556E+15,4.86246E+16
57684,8,2,36,72,2018,11,21,1,3,4,6,2,0,1,0,0,0,0,0,4.62126E+20,5.40999E+21,8.48382E+15,4.88418E+16
57685,8,1,21,0,2018,11,11,3,3,2,6,0,0,1,0,0,0,0,0,5.08048E+20,5.44884E+21,9.11045E+15,4.91923E+16
57686,8,2,26,3,2018,11,11,1,3,4,7,0,0,1,0,0,0,0,0,4.63511E+20,5.46102E+21,8.49809E+15,4.93008E+16
57687,8,4,36,64,2018,11,17,4,3,2,6,2,0,1,0,0,0,0,1,5.44892E+20,5.29067E+21,9.59912E+15,4.77679E+16
57688,8,2,26,36,2018,11,3,1,3,8,7,2,1,0,0,0,0,0,1,4.67497E+20,5.48108E+21,8.55128E+15,4.94815E+16