OBJECTID_1,ULAND,UREGBEZ,UKREIS,UGEMEINDE,UJAHR,UMONAT,USTUNDE,UWOCHENTAG,UKATEGORIE,UART,UTYP1,ULICHTVERH,IstRad,IstPKW,IstFuss,IstKrad,IstGkfz,IstSonstig,STRZUSTAND,LINREFX,LINREFY,XGCSWGS84,YGCSWGS84
58063,8,4,15,14,2018,11,7,5,3,2,6,1,0,1,0,0,0,0,1,5.23876E+20,5.37532E+21,9.32341E+15,4.85305E+16
58064,8,1,17,3,2018,11,14,1,2,5,2,0,0,1,0,1,0,0,0,5.41653E+20,5.39339E+21,9.566E+15,4.86921E+16
58065,8,3,11,0,2018,11,8,5,3,5,6,0,0,1,0,0,0,0,1,4.0967E+20,5.3199E+21,7.78845E+15,4.8026E+16
58066,8,4,36,81,2018,11,15,2,3,4,7,0,0,1,0,0,0,0,0,5.61831E+20,5.28126E+21,9.82383E+15,4.76818E+16
58067,8,2,12,0,2018,11,17,5,3,2,6,2,0,1,0,0,0,0,0,4.56389E+20,5.42652E+21,8.40387E+15,4.899E+16
58068,8,1,11,0,2018,11,17,5,3,2,6,2,0,1,0,0,0,0,0,5.1809E+20,5.40394E+21,9.24629E+15,4.87882E+16
58069,8,3,37,116,2018,11,18,5,3,0,2,1,1,0,0,0,0,0,0,4.17796E+20,5.27536E+21,7.90587E+15,4.76264E+16
58070,8,2,15,106,2018,11,18,2,3,2,6,2,0,1,0,0,0,0,0,4.68035E+20,5.45408E+21,8.56088E+15,4.92387E+16
58071,8,1,36,65,2018,11,18,4,3,2,6,2,0,1,0,0,0,0,0,5.61388E+20,5.40591E+21,9.836E+15,4.88031E+16
58072,8,3,37,51,2018,11,5,5,2,8,1,2,0,1,0,0,0,0,2,4.3734E+20,5.28748E+21,8.16423E+15,4.77376E+16
58073,8,1,19,91,2018,11,16,1,3,0,1,1,0,0,0,1,0,0,0,5.30695E+20,5.40424E+21,9.41792E+15,4.87904E+16
58074,8,3,37,126,2018,11,12,5,3,3,6,0,0,1,0,0,0,0,1,4.38231E+20,5.27756E+21,8.17751E+15,4.76484E+16
58075,8,2,15,21,2018,11,14,3,3,2,6,0,0,0,0,0,1,0,0,4.68657E+20,5.44578E+21,8.57006E+15,4.9164E+16
58076,8,3,36,81,2018,11,14,5,3,1,6,0,0,1,0,0,0,0,0,4.1408E+20,5.27771E+21,7.85596E+15,4.76471E+16
58077,8,1,19,75,2018,11,12,1,3,5,3,0,1,1,0,0,0,0,0,5.36131E+20,5.42804E+21,9.49403E+15,4.90042E+16
58078,8,3,36,105,2018,11,16,5,3,5,3,0,0,1,0,0,0,0,0,4.01249E+20,5.26727E+21,7.68751E+15,4.75514E+16
58079,8,4,15,61,2018,11,6,2,3,5,3,2,1,1,0,0,0,0,0,5.13568E+20,5.37162E+21,9.18366E+15,4.84975E+16
58080,8,3,17,26,2018,11,14,3,3,6,2,0,0,1,1,0,0,0,0,4.12255E+20,5.34531E+21,7.81788E+15,4.82549E+16
58081,8,3,36,105,2018,11,10,5,3,0,7,0,0,0,0,0,0,1,0,3.98923E+20,5.26754E+21,7.65655E+15,4.75534E+16
58082,8,3,27,50,2018,11,18,5,3,1,6,2,0,1,0,0,0,0,1,4.8722E+20,5.31322E+21,8.82876E+15,4.79722E+16
58083,8,4,26,73,2018,11,7,2,2,5,3,0,0,1,0,0,0,0,1,5.6787E+20,5.33737E+21,9.91313E+15,4.81859E+16
58084,8,4,25,33,2018,11,17,4,3,2,6,2,0,1,0,0,0,0,0,5.54299E+20,5.34934E+21,9.73209E+15,4.82949E+16
58085,8,3,25,53,2018,11,6,5,3,5,3,1,0,1,0,0,0,0,0,4.61763E+20,5.34625E+21,8.48473E+15,4.82683E+16
58086,8,1,35,32,2018,11,12,2,3,3,6,0,0,1,0,0,0,0,0,5.80196E+20,5.39222E+21,1.00894E+16,4.86779E+16
58087,8,1,25,26,2018,11,17,4,2,5,3,2,0,0,0,1,1,0,0,4.88206E+20,5.44678E+21,8.83819E+15,4.91737E+16
58088,8,3,17,56,2018,11,6,5,3,5,3,2,1,1,0,0,0,0,0,4.34447E+20,5.38305E+21,8.11091E+15,4.85971E+16
58089,8,3,16,56,2018,11,9,5,2,5,3,0,0,1,0,0,0,0,0,4.18723E+20,5.32657E+21,7.90858E+15,4.80872E+16
58090,8,2,21,0,2018,11,15,3,3,4,6,0,1,0,0,0,0,0,0,4.78766E+20,5.47364E+21,8.70725E+15,4.94151E+16
58091,8,3,15,94,2018,11,8,5,3,9,1,0,0,1,0,0,0,0,2,4.29511E+20,5.31355E+21,8.05556E+15,4.79714E+16
58092,8,3,27,33,2018,11,14,2,3,9,1,0,0,1,0,0,0,0,2,4.86071E+20,5.32587E+21,8.81296E+15,4.80859E+16
58093,8,3,36,91,2018,11,12,4,3,5,3,0,0,1,0,0,0,0,0,3.96094E+20,5.27318E+21,7.61762E+15,4.76037E+16
58094,8,3,15,6,2018,11,20,5,2,9,1,2,0,1,0,0,0,0,0,4.00867E+20,5.30804E+21,7.67314E+15,4.7918E+16
58095,8,3,11,0,2018,11,12,5,2,6,4,0,0,0,1,0,0,1,0,4.14574E+20,5.31732E+21,7.85472E+15,4.80034E+16
58096,8,4,16,36,2018,11,19,4,2,8,1,2,0,1,0,0,0,0,0,4.94046E+20,5.37268E+21,8.91938E+15,4.85072E+16
58097,8,2,31,0,2018,11,13,5,3,2,6,0,0,1,0,0,0,0,0,4.79259E+20,5.41817E+21,8.7169E+15,4.89161E+16
58098,8,1,21,0,2018,11,18,2,3,2,6,2,0,1,0,0,0,0,0,5.14656E+20,5.44283E+21,9.20093E+15,4.91382E+16
58099,8,2,22,0,2018,11,8,5,3,2,6,0,0,1,0,0,0,0,0,4.6691E+20,5.47491E+21,8.54369E+15,4.9426E+16
58100,8,1,17,28,2018,11,7,4,3,2,6,2,0,1,0,0,0,0,0,5.47262E+20,5.38335E+21,9.64107E+15,4.86015E+16
58101,8,2,22,0,2018,11,16,5,2,2,1,1,0,1,0,0,0,0,0,4.67501E+20,5.48537E+21,8.55098E+15,4.95201E+16
58102,8,2,22,0,2018,11,15,5,3,2,6,0,0,1,0,0,1,0,0,4.66769E+20,5.47983E+21,8.54133E+15,4.94702E+16
58103,8,1,36,45,2018,11,19,3,3,2,6,2,0,1,0,0,1,0,0,5.89045E+20,5.40417E+21,1.02122E+16,4.87842E+16
58104,8,2,22,0,2018,11,17,5,3,2,6,2,0,1,0,0,0,0,0,4.6699E+20,5.4808E+21,8.54431E+15,4.94789E+16
58105,8,3,26,54,2018,11,14,2,3,4,1,0,0,1,0,0,0,0,2,4.40957E+20,5.32913E+21,8.20676E+15,4.81127E+16
58106,8,2,31,0,2018,11,6,4,3,2,1,2,0,1,0,0,1,0,1,4.82101E+20,5.41882E+21,8.75567E+15,4.89221E+16
58107,8,2,15,7,2018,11,7,5,2,5,3,0,0,1,0,0,1,0,0,4.80551E+20,5.43304E+21,8.73383E+15,4.90499E+16
58108,8,2,12,0,2018,11,7,5,3,5,3,0,1,1,0,0,0,0,0,4.60629E+20,5.43093E+21,8.4614E+15,4.903E+16
58109,8,4,16,6,2018,11,17,3,3,2,6,2,0,1,0,0,0,0,0,4.9993E+20,5.35969E+21,8.99905E+15,4.83903E+16
58110,8,2,35,47,2018,11,6,5,3,5,3,1,0,1,0,0,0,0,1,4.77168E+20,5.39016E+21,8.68992E+15,4.86641E+16
58111,8,1,18,12,2018,11,17,2,3,2,6,1,0,1,0,0,0,0,0,4.98405E+20,5.41252E+21,8.97826E+15,4.88657E+16
58112,8,2,31,0,2018,11,15,5,3,4,2,0,0,1,0,0,0,0,0,4.74803E+20,5.41683E+21,8.65616E+15,4.89039E+16
58113,8,1,16,78,2018,11,17,3,3,5,3,2,0,1,0,1,0,0,0,5.12288E+20,5.39376E+21,9.167E+15,4.86967E+16
58114,8,1,15,21,2018,11,17,4,3,5,2,2,0,1,0,0,0,0,0,4.93192E+20,5.38066E+21,8.9077E+15,4.8579E+16
58115,8,2,36,4,2018,11,16,5,3,4,2,0,0,1,0,1,0,0,0,4.72803E+20,5.41316E+21,8.62912E+15,4.88708E+16
58116,8,2,26,41,2018,11,18,5,3,1,6,2,0,1,0,0,0,0,0,4.76207E+20,5.4668E+21,8.67237E+15,4.93535E+16
58117,8,1,25,58,2018,11,23,3,2,8,1,2,0,1,0,0,0,0,0,5.09522E+20,5.44136E+21,9.13052E+15,4.9125E+16
58118,8,1,17,35,2018,11,20,5,3,2,6,2,0,1,0,0,0,1,1,5.48731E+20,5.3805E+21,9.66066E+15,4.85757E+16
58119,8,2,25,58,2018,11,15,5,3,9,1,0,0,1,0,0,0,0,0,5.08764E+20,5.47224E+21,9.1208E+15,4.94028E+16
58120,8,3,15,74,2018,11,6,2,3,6,7,2,0,1,1,0,0,0,0,3.96789E+20,5.29827E+21,7.62091E+15,4.78295E+16
58121,8,2,37,61,2018,11,9,4,3,2,6,0,0,1,0,0,0,0,0,4.68238E+20,5.36656E+21,8.57045E+15,4.84514E+16
58122,8,2,26,12,2018,11,8,5,3,5,2,0,0,1,0,0,0,0,0,4.74263E+20,5.47747E+21,8.64492E+15,4.94494E+16
58123,8,2,21,0,2018,11,10,5,2,5,2,0,1,1,0,0,0,0,0,4.77663E+20,5.47382E+21,8.69204E+15,4.94166E+16
58124,8,3,27,25,2018,11,13,3,2,5,3,0,0,1,0,1,0,0,0,4.79588E+20,5.30927E+21,8.72669E+15,4.79364E+16
58125,8,2,16,43,2018,11,11,5,2,2,1,0,0,1,0,1,0,0,1,4.42485E+20,5.41252E+21,8.2158E+15,4.8863E+16
58126,8,2,16,9,2018,11,15,5,3,5,3,0,0,1,0,0,0,0,1,4.45429E+20,5.42115E+21,8.25479E+15,4.89409E+16
58127,8,4,35,20,2018,11,16,2,3,1,5,1,0,1,0,0,0,0,1,5.24242E+20,5.30044E+21,9.32409E+15,4.78568E+16
58128,8,2,11,0,2018,11,17,5,2,2,6,2,0,1,0,0,0,0,0,4.40845E+20,5.40356E+21,8.19474E+15,4.87823E+16
58129,8,4,36,55,2018,11,17,4,2,0,7,2,1,0,0,0,0,0,0,5.76788E+20,5.2985E+21,1.00261E+16,4.78353E+16
58130,8,1,15,21,2018,11,16,1,3,2,6,0,0,1,0,0,0,0,0,4.90115E+20,5.38251E+21,8.86593E+15,4.85956E+16
58131,8,1,25,102,2018,11,7,2,3,2,1,0,0,1,0,0,0,0,0,5.21072E+20,5.44521E+21,9.28901E+15,4.91594E+16
58132,8,1,28,115,2018,11,7,4,3,2,1,2,0,1,0,0,0,0,0,5.50954E+20,5.4956E+21,9.70531E+15,4.96109E+16
58133,8,1,18,48,2018,11,15,4,3,1,6,0,0,1,0,0,0,0,0,5.11303E+20,5.41896E+21,9.1543E+15,4.89235E+16
58134,8,2,31,0,2018,11,0,7,3,6,4,2,0,1,1,0,0,0,0,4.78171E+20,5.41613E+21,8.70217E+15,4.88977E+16
58135,8,1,18,46,2018,11,15,2,3,2,6,0,0,1,0,0,0,0,1,5.15514E+20,5.41265E+21,9.21154E+15,4.88666E+16
58136,8,2,22,0,2018,11,11,7,2,5,3,0,0,1,0,0,0,0,1,4.60873E+20,5.48349E+21,8.45959E+15,4.95027E+16
58137,8,2,12,0,2018,11,16,3,3,2,6,1,0,1,0,0,0,0,0,4.54652E+20,5.42684E+21,8.3801E+15,4.89928E+16
58138,8,2,26,13,2018,11,13,7,2,8,1,0,0,1,0,0,0,0,1,5.0193E+20,5.47852E+21,9.02663E+15,4.94593E+16
58139,8,4,36,79,2018,11,8,2,3,2,6,1,0,1,0,0,0,0,1,5.53278E+20,5.29091E+21,9.71107E+15,4.77693E+16
58140,8,2,16,9,2018,11,19,7,2,5,3,2,0,1,0,0,0,0,0,4.46458E+20,5.4198E+21,8.26901E+15,4.89288E+16
58141,8,3,26,74,2018,11,16,4,3,2,6,1,0,1,0,0,0,0,1,4.59686E+20,5.32447E+21,8.45881E+15,4.80722E+16
58142,8,2,16,15,2018,11,18,4,2,4,6,2,0,1,0,0,0,0,0,4.48728E+20,5.40702E+21,8.30161E+15,4.8814E+16
58143,8,2,15,107,2018,11,6,2,3,0,7,2,1,0,0,0,0,0,0,4.62653E+20,5.45659E+21,8.48671E+15,4.92609E+16
58144,8,2,15,66,2018,11,21,7,3,0,7,2,0,1,0,1,0,0,0,4.60423E+20,5.45403E+21,8.45631E+15,4.92377E+16
58145,8,4,36,55,2018,11,19,3,2,4,6,2,0,1,0,0,1,0,1,5.73819E+20,5.29885E+21,9.98652E+15,4.78387E+16
58146,8,1,18,70,2018,11,5,7,3,8,7,2,0,0,0,0,1,0,1,5.16845E+20,5.42574E+21,9.23023E+15,4.89843E+16
58147,8,1,16,78,2018,11,8,2,2,2,6,0,0,1,0,0,0,0,1,5.13712E+20,5.39388E+21,9.18634E+15,4.86978E+16
58148,8,1,18,70,2018,11,9,7,3,2,6,0,0,1,0,0,0,0,1,5.16827E+20,5.42534E+21,9.22997E+15,4.89808E+16
58149,8,1,26,11,2018,11,17,3,3,4,2,2,0,1,0,0,0,0,0,5.33272E+20,5.44551E+21,9.45637E+15,4.91615E+16
58150,8,1,35,32,2018,11,17,7,2,5,3,2,0,1,0,0,0,0,0,5.78637E+20,5.39393E+21,1.00686E+16,4.86935E+16
58151,8,1,25,103,2018,11,14,5,3,5,6,0,0,1,0,0,0,0,0,5.32812E+20,5.46183E+21,9.45139E+15,4.93083E+16
58152,8,3,37,2,2018,11,14,2,2,4,1,0,0,1,0,0,1,0,1,4.34633E+20,5.27135E+21,8.13054E+15,4.75922E+16
58153,8,1,16,70,2018,11,11,7,2,5,3,0,0,1,0,0,0,0,0,5.41054E+20,5.38671E+21,9.5572E+15,4.86321E+16
58154,8,1,28,131,2018,11,14,5,3,2,2,0,0,1,0,0,0,0,0,5.4123E+20,5.51097E+21,9.57233E+15,4.97498E+16
58155,8,4,25,17,2018,11,8,2,3,5,3,0,0,1,0,0,0,0,1,5.55496E+20,5.3681E+21,9.75072E+15,4.84636E+16
58156,8,1,35,16,2018,11,12,7,3,8,1,0,0,1,0,0,0,0,1,5.89902E+20,5.38661E+21,1.022E+16,4.86261E+16
58157,8,2,35,85,2018,11,14,1,3,2,2,0,0,1,0,0,0,0,1,4.80063E+20,5.39043E+21,8.72923E+15,4.86666E+16
58158,8,3,17,153,2018,11,11,4,3,5,3,0,0,1,0,0,0,0,0,4.21075E+20,5.39063E+21,7.92813E+15,4.86637E+16
58159,8,2,15,103,2018,11,15,1,3,2,6,0,0,1,0,0,0,0,0,4.66778E+20,5.44426E+21,8.54442E+15,4.91503E+16
58160,8,1,15,45,2018,11,15,4,3,3,6,0,0,1,0,0,0,1,0,5.04149E+20,5.3973E+21,9.05642E+15,4.87287E+16
58161,8,1,35,19,2018,11,10,2,3,5,3,0,0,1,0,0,0,1,1,5.85719E+20,5.39503E+21,1.0165E+16,4.87024E+16
58162,8,1,27,14,2018,11,13,7,3,6,4,0,0,1,1,0,0,0,0,5.78314E+20,5.44357E+21,1.00737E+16,4.91399E+16
58163,8,4,25,33,2018,11,7,3,2,5,3,1,0,1,0,0,0,1,1,5.53897E+20,5.3502E+21,9.72678E+15,4.83027E+16
58164,8,1,27,59,2018,11,16,7,3,2,6,2,0,1,0,0,0,0,1,5.50592E+20,5.43919E+21,9.69314E+15,4.91035E+16
58165,8,1,15,13,2018,11,16,2,3,4,2,1,0,1,0,0,0,0,1,4.95814E+20,5.39178E+21,8.94314E+15,4.8679E+16
58166,8,1,25,65,2018,11,19,7,3,1,6,2,0,1,0,0,0,0,0,5.14929E+20,5.44897E+21,9.20491E+15,4.91934E+16
58167,8,1,18,3,2018,11,7,3,3,5,3,0,1,1,0,0,0,0,1,5.09908E+20,5.41717E+21,9.13521E+15,4.89074E+16
58168,8,1,25,65,2018,11,8,7,3,4,1,0,0,1,0,0,0,0,1,5.15678E+20,5.44876E+21,9.21518E+15,4.91914E+16
58169,8,1,19,67,2018,11,8,5,3,2,6,0,0,1,0,0,0,0,0,5.38357E+20,5.40762E+21,9.52254E+15,4.88204E+16
58170,8,2,37,4,2018,11,13,2,2,4,6,0,0,1,0,0,0,0,0,4.49327E+20,5.37477E+21,8.31372E+15,4.8524E+16
58171,8,1,21,0,2018,11,20,7,3,3,6,2,0,1,0,1,0,0,0,5.14035E+20,5.44092E+21,9.19235E+15,4.9121E+16
58172,8,1,19,79,2018,11,11,7,3,2,6,0,0,1,0,0,0,0,1,5.23584E+20,5.41039E+21,9.32145E+15,4.8846E+16
58173,8,1,25,65,2018,11,18,2,2,5,3,2,1,1,0,0,0,0,1,5.16241E+20,5.44746E+21,9.22285E+15,4.91798E+16
58174,8,1,19,87,2018,11,0,7,2,5,3,2,0,1,0,0,0,0,0,5.29313E+20,5.42331E+21,9.40046E+15,4.89621E+16
58175,8,3,25,53,2018,11,22,3,2,6,2,2,0,1,1,0,0,0,1,4.54349E+20,5.34126E+21,8.38537E+15,4.8223E+16
58176,8,1,18,51,2018,11,17,7,3,2,6,2,0,1,0,0,0,0,0,5.0983E+20,5.41469E+21,9.13409E+15,4.88851E+16
58177,8,3,26,68,2018,11,14,1,3,9,1,0,0,1,0,0,0,0,2,4.41233E+20,5.31685E+21,8.21216E+15,4.80022E+16
58178,8,3,15,115,2018,11,15,7,2,4,2,0,0,1,0,0,0,0,0,4.08192E+20,5.32194E+21,7.7682E+15,4.80441E+16
58179,8,1,27,99,2018,11,13,4,3,2,6,0,0,1,0,0,1,0,0,5.61699E+20,5.44719E+21,9.84651E+15,4.91744E+16
58180,8,1,27,76,2018,11,14,2,3,2,6,0,0,1,0,0,0,0,1,5.53959E+20,5.4402E+21,9.73939E+15,4.91123E+16
58181,8,1,17,26,2018,11,1,7,3,5,3,2,0,1,0,0,0,0,0,5.4768E+20,5.39468E+21,9.64804E+15,4.87033E+16
58182,8,3,16,37,2018,11,17,3,3,2,6,2,0,1,0,0,0,0,0,4.08539E+20,5.33286E+21,7.77051E+15,4.81424E+16
58183,8,4,25,85,2018,11,2,7,1,9,1,2,0,0,0,0,1,0,1,5.80979E+20,5.37537E+21,1.00968E+16,4.85262E+16
58184,8,4,35,16,2018,11,21,1,3,2,6,2,0,1,0,0,0,0,1,5.30787E+20,5.27971E+21,9.41012E+15,4.767E+16
58185,8,1,16,36,2018,11,21,3,3,8,1,2,0,1,0,0,0,0,1,5.23733E+20,5.37852E+21,9.32165E+15,4.85593E+16
58186,8,1,17,35,2018,11,10,7,3,2,6,0,0,1,0,0,0,0,0,5.48984E+20,5.38138E+21,9.66419E+15,4.85836E+16
58187,8,1,11,0,2018,11,16,5,3,5,2,2,0,1,0,1,0,0,0,5.12946E+20,5.406E+21,9.17632E+15,4.88068E+16
58188,8,3,11,0,2018,11,19,2,3,6,7,2,1,0,1,0,0,0,1,4.1269E+20,5.31535E+21,7.82987E+15,4.79855E+16
58189,8,1,16,6,2018,11,10,7,3,8,1,0,0,0,0,1,0,0,1,5.16388E+20,5.38087E+21,9.22219E+15,4.85807E+16
58190,8,1,16,77,2018,11,19,7,2,8,1,2,0,1,0,0,0,0,0,5.19709E+20,5.39015E+21,9.26766E+15,4.86641E+16
58191,8,1,18,49,2018,11,18,2,3,6,2,2,0,1,1,0,0,0,1,5.19495E+20,5.42109E+21,9.26623E+15,4.89425E+16
58192,8,1,15,28,2018,11,17,7,3,4,6,2,0,1,0,0,0,0,0,5.03949E+20,5.39961E+21,9.05372E+15,4.87495E+16
58193,8,2,36,67,2018,11,15,3,3,2,6,0,0,1,0,0,0,0,1,4.85347E+20,5.41109E+21,8.80025E+15,4.88526E+16
58194,8,1,15,21,2018,11,13,7,3,5,3,0,0,1,0,0,0,0,0,4.9128E+20,5.38261E+21,8.88173E+15,4.85965E+16
58195,8,1,11,0,2018,11,17,3,3,2,6,1,0,1,0,0,0,0,1,5.17538E+20,5.40405E+21,9.23878E+15,4.87892E+16
58196,8,1,15,13,2018,11,14,7,3,2,2,0,0,1,0,0,0,0,0,4.97785E+20,5.39088E+21,8.96991E+15,4.86709E+16
58197,8,3,37,65,2018,11,7,4,3,5,3,0,1,1,0,0,0,0,0,4.49017E+20,5.27504E+21,8.32142E+15,4.76268E+16
58198,8,2,36,70,2018,11,4,4,3,6,4,2,0,1,1,0,0,0,1,4.6899E+20,5.41653E+21,8.57688E+15,4.8901E+16
58199,8,1,16,81,2018,11,19,3,3,4,6,2,0,1,0,0,0,0,1,5.18358E+20,5.38578E+21,9.24913E+15,4.86248E+16
58200,8,1,11,0,2018,11,16,7,2,5,3,2,0,1,0,0,0,0,0,5.16846E+20,5.40661E+21,9.22945E+15,4.88122E+16
58201,8,4,21,0,2018,11,17,4,3,2,6,2,0,1,0,0,0,0,0,5.70599E+20,5.35836E+21,9.95335E+15,4.83745E+16
58202,8,2,31,0,2018,11,13,2,3,3,6,0,0,1,0,0,0,0,1,4.75556E+20,5.41522E+21,8.66653E+15,4.88894E+16
58203,8,1,11,0,2018,11,19,7,3,5,3,2,0,1,0,0,0,0,0,5.07801E+20,5.40615E+21,9.10625E+15,4.88083E+16
58204,8,1,17,18,2018,11,19,4,3,5,3,2,0,1,0,0,0,0,0,5.37191E+20,5.39555E+21,9.50556E+15,4.87118E+16
58205,8,2,15,108,2018,11,12,1,3,5,3,0,0,1,0,0,0,0,0,4.48606E+20,5.42304E+21,8.29793E+15,4.89581E+16
58206,8,4,37,82,2018,11,9,6,3,2,6,0,0,1,0,0,0,0,0,5.10003E+20,5.34266E+21,9.13472E+15,4.82371E+16
58207,8,1,18,77,2018,11,6,2,3,5,3,2,0,1,0,0,0,0,0,5.129E+20,5.42345E+21,9.17624E+15,4.89638E+16
58208,8,4,36,78,2018,11,6,6,3,8,1,2,0,1,0,0,0,0,2,5.55405E+20,5.29177E+21,9.73956E+15,4.77769E+16
58209,8,2,26,85,2018,11,11,3,2,0,6,0,0,0,0,1,0,0,1,4.91957E+20,5.45539E+21,8.88948E+15,4.92512E+16
58210,8,4,36,78,2018,11,6,6,3,8,1,2,0,1,0,0,0,0,2,5.55406E+20,5.29177E+21,9.73957E+15,4.77769E+16
58211,8,4,35,18,2018,11,7,2,3,2,6,1,0,1,0,0,0,0,1,5.24236E+20,5.28027E+21,9.32287E+15,4.76753E+16
58212,8,4,36,64,2018,11,7,6,3,0,1,1,0,0,0,1,0,0,1,5.45127E+20,5.28698E+21,9.60188E+15,4.77346E+16
58213,8,2,25,58,2018,11,13,1,3,5,3,0,0,1,0,0,0,0,0,5.10782E+20,5.46709E+21,9.14847E+15,4.93564E+16
58214,8,3,26,3,2018,11,18,4,3,2,2,2,0,1,0,0,0,0,0,4.65484E+20,5.32163E+21,8.53687E+15,4.8047E+16
58215,8,1,36,88,2018,11,9,1,3,8,1,0,0,1,0,0,0,0,2,5.82855E+20,5.40536E+21,1.01282E+16,4.87957E+16
58216,8,2,15,99,2018,11,7,4,3,8,1,1,0,1,0,0,0,0,2,4.61901E+20,5.4431E+21,8.47765E+15,4.91396E+16
58217,8,2,11,0,2018,11,23,2,3,1,5,2,0,1,0,0,0,1,1,4.4296E+20,5.40012E+21,8.22401E+15,4.87515E+16
58218,8,4,36,55,2018,11,14,6,3,6,7,0,1,0,1,0,0,0,0,5.766E+20,5.29771E+21,1.00235E+16,4.78282E+16
58219,8,4,36,64,2018,11,11,3,3,5,3,0,0,1,0,0,0,0,1,5.44493E+20,5.29045E+21,9.59378E+15,4.77659E+16
58220,8,4,35,16,2018,11,1,6,3,9,1,2,0,1,0,0,0,0,0,5.33294E+20,5.28118E+21,9.44361E+15,4.76831E+16
58221,8,1,15,45,2018,11,6,2,3,2,6,2,0,1,0,0,0,0,1,4.97005E+20,5.39501E+21,8.95929E+15,4.87082E+16
58222,8,4,26,108,2018,11,17,6,3,2,6,2,0,1,0,0,0,0,1,5.72503E+20,5.33653E+21,9.97531E+15,4.81779E+16
58223,8,2,26,54,2018,11,15,1,3,2,6,0,0,1,0,0,0,0,0,4.82066E+20,5.45815E+21,8.75344E+15,4.92758E+16
58224,8,2,21,0,2018,11,20,2,3,5,3,2,0,1,0,0,0,0,1,4.7253E+20,5.47378E+21,8.62127E+15,4.94161E+16
58225,8,4,25,33,2018,11,12,6,2,5,3,0,0,1,0,0,1,0,0,5.54373E+20,5.34572E+21,9.73263E+15,4.82623E+16
58226,8,1,11,0,2018,11,17,4,3,2,6,2,0,1,0,0,0,0,0,5.14257E+20,5.40603E+21,9.19417E+15,4.88071E+16
58227,8,4,25,137,2018,11,21,6,3,5,3,2,0,1,0,0,0,0,1,5.75641E+20,5.35165E+21,1.00202E+16,4.83135E+16
58228,8,1,17,24,2018,11,17,2,3,6,4,2,0,1,1,0,0,0,1,5.62139E+20,5.38451E+21,9.84301E+15,4.86106E+16
58229,8,4,17,79,2018,11,12,6,3,2,2,0,0,1,0,0,0,0,0,5.01418E+20,5.34402E+21,9.0191E+15,4.82493E+16
58230,8,1,36,19,2018,11,17,3,3,5,2,2,0,1,0,0,0,0,1,5.8492E+20,5.42509E+21,1.01604E+16,4.89729E+16
58231,8,4,15,59,2018,11,6,6,3,4,1,2,0,1,0,0,0,0,2,5.1583E+20,5.36487E+21,9.21402E+15,4.84367E+16
58232,8,1,26,66,2018,11,6,5,3,5,3,2,0,1,0,0,0,0,1,5.35898E+20,5.45048E+21,9.49283E+15,4.9206E+16
58233,8,4,16,41,2018,11,9,2,3,2,6,0,0,1,0,0,0,0,1,5.04378E+20,5.37228E+21,9.05927E+15,4.85036E+16
58234,8,4,16,26,2018,11,17,6,3,4,6,2,0,1,0,0,0,0,0,5.05731E+20,5.36471E+21,9.07749E+15,4.84355E+16
58235,8,2,26,96,2018,11,5,1,2,6,4,2,0,1,1,0,0,0,1,4.75296E+20,5.48683E+21,8.65859E+15,4.95336E+16
58236,8,1,36,42,2018,11,0,4,2,9,1,2,1,0,0,0,0,0,0,5.49905E+20,5.40529E+21,9.67957E+15,4.87986E+16
58237,8,1,35,20,2018,11,7,2,2,4,2,1,0,1,0,0,0,0,1,5.85035E+20,5.38092E+21,1.01528E+16,4.85756E+16
58238,8,4,15,61,2018,11,5,6,3,8,1,2,0,1,0,0,0,0,2,5.0876E+20,5.36361E+21,9.11841E+15,4.84256E+16
58239,8,4,17,22,2018,11,20,3,3,4,6,2,0,1,0,0,0,0,0,4.83026E+20,5.34685E+21,8.77123E+15,4.82746E+16
58240,8,4,15,93,2018,11,10,6,3,5,3,0,0,1,0,0,0,0,0,5.29321E+20,5.36632E+21,9.39652E+15,4.84493E+16
58241,8,1,11,0,2018,11,17,2,3,2,6,2,0,1,0,0,0,0,1,5.13054E+20,5.40336E+21,9.1777E+15,4.87831E+16
58242,8,1,17,51,2018,11,6,3,3,2,6,1,0,1,0,0,0,1,1,5.43478E+20,5.39507E+21,9.59097E+15,4.87071E+16
58243,8,3,36,14,2018,11,23,6,2,8,1,2,0,1,0,0,0,0,1,3.89037E+20,5.28265E+21,7.52136E+15,4.76877E+16
58244,8,1,19,83,2018,11,16,5,3,5,3,1,0,1,0,1,0,0,0,5.34951E+20,5.41979E+21,9.47718E+15,4.893E+16
58245,8,3,17,31,2018,11,17,2,3,6,4,2,0,1,1,0,0,0,0,4.16687E+20,5.35851E+21,7.87496E+15,4.83743E+16
58246,8,1,19,67,2018,11,17,3,3,5,3,2,0,1,0,1,0,0,0,5.38757E+20,5.40521E+21,9.52776E+15,4.87987E+16
58247,8,3,37,126,2018,11,15,6,3,2,6,0,0,1,0,0,0,0,1,4.37256E+20,5.2791E+21,8.16431E+15,4.76623E+16
58248,8,1,21,0,2018,11,17,5,3,3,6,2,0,1,0,0,1,0,0,5.15951E+20,5.44628E+21,9.21883E+15,4.91691E+16
58249,8,3,36,91,2018,11,17,2,2,1,5,2,0,1,0,0,0,0,0,3.946E+20,5.27174E+21,7.5981E+15,4.75905E+16