OBJECTID_1,ULAND,UREGBEZ,UKREIS,UGEMEINDE,UJAHR,UMONAT,USTUNDE,UWOCHENTAG,UKATEGORIE,UART,UTYP1,ULICHTVERH,IstRad,IstPKW,IstFuss,IstKrad,IstGkfz,IstSonstig,STRZUSTAND,LINREFX,LINREFY,XGCSWGS84,YGCSWGS84
58250,8,3,36,78,2018,11,8,6,2,8,1,0,0,1,0,0,0,0,0,3.99703E+20,5.29021E+21,7.6617E+15,4.77574E+16
58251,8,2,16,41,2018,11,14,7,3,3,6,0,0,1,0,0,0,0,0,4.31764E+20,5.39429E+21,8.07268E+15,4.86979E+16
58252,8,1,21,0,2018,11,15,4,3,2,6,0,0,1,0,0,0,0,0,5.16445E+20,5.44505E+21,9.22554E+15,4.9158E+16
58253,8,1,36,88,2018,11,6,2,3,2,6,2,0,1,0,0,0,1,1,5.88147E+20,5.41018E+21,1.02013E+16,4.88383E+16
58254,8,3,35,75,2018,11,14,6,3,5,3,0,1,1,0,0,0,0,0,4.88573E+20,5.29003E+21,8.84751E+15,4.77635E+16
58255,8,3,36,69,2018,11,18,3,3,5,2,2,0,1,0,0,0,0,1,4.0644E+20,5.26925E+21,7.75607E+15,4.75699E+16
58256,8,3,35,97,2018,11,8,6,3,8,1,0,0,1,0,0,0,0,2,4.85282E+20,5.29558E+21,8.80341E+15,4.78134E+16
58257,8,4,16,36,2018,11,19,1,2,4,3,2,0,1,0,0,0,0,0,4.8463E+20,5.37193E+21,8.79193E+15,4.85003E+16
58258,8,1,16,77,2018,11,8,3,3,2,6,0,0,1,0,0,0,0,1,5.14981E+20,5.39032E+21,9.20346E+15,4.86658E+16
58259,8,3,27,18,2018,11,18,6,3,2,6,2,0,1,0,0,0,0,1,4.74921E+20,5.30719E+21,8.66433E+15,4.79176E+16
58260,8,4,36,9,2018,11,18,4,3,2,6,2,0,1,0,0,0,1,0,5.52282E+20,5.30243E+21,9.69916E+15,4.78731E+16
58261,8,1,21,0,2018,11,16,1,3,3,6,1,0,1,0,0,0,1,0,5.14152E+20,5.44128E+21,9.19397E+15,4.91242E+16
58262,8,3,11,0,2018,11,14,1,2,9,1,0,1,0,0,0,0,0,2,4.17283E+20,5.30756E+21,7.89291E+15,4.7916E+16
58263,8,2,36,46,2018,11,20,2,3,2,6,2,0,1,0,0,1,0,1,4.83014E+20,5.41763E+21,8.76819E+15,4.89114E+16
58264,8,3,27,55,2018,11,7,6,3,1,5,0,0,1,0,1,0,0,1,4.78645E+20,5.31861E+21,8.71361E+15,4.80204E+16
58265,8,3,26,65,2018,11,11,6,3,4,7,0,0,1,0,0,0,0,1,4.54389E+20,5.32465E+21,8.38768E+15,4.80735E+16
58266,8,1,18,46,2018,11,15,2,3,2,7,0,0,1,0,0,0,1,1,5.1467E+20,5.41268E+21,9.20004E+15,4.88669E+16
58267,8,3,25,61,2018,11,9,6,3,5,3,0,0,1,0,0,1,0,0,4.74876E+20,5.35469E+21,8.66093E+15,4.83449E+16
58268,8,3,17,150,2018,11,11,6,3,5,3,0,0,1,0,0,0,0,0,4.10287E+20,5.35851E+21,7.78856E+15,4.83734E+16
58269,8,2,26,31,2018,11,17,6,3,2,6,2,0,1,0,0,0,0,0,4.73312E+20,5.49428E+21,8.63067E+15,4.96005E+16
58270,8,1,25,58,2018,11,20,2,3,5,2,2,0,1,0,0,0,0,1,5.10322E+20,5.44334E+21,9.14153E+15,4.91428E+16
58271,8,2,26,84,2018,11,13,6,3,2,6,0,0,1,0,0,0,0,0,4.67796E+20,5.4654E+21,8.55668E+15,4.93404E+16
58272,8,3,17,31,2018,11,7,3,3,6,2,1,0,1,1,0,0,0,0,4.17009E+20,5.35837E+21,7.87935E+15,4.8373E+16
58273,8,2,15,96,2018,11,17,6,3,2,6,2,0,1,0,0,0,0,0,4.64296E+20,5.42089E+21,8.51244E+15,4.89399E+16
58274,8,3,26,52,2018,11,10,1,2,4,1,0,0,1,0,0,0,0,2,4.46551E+20,5.32776E+21,8.28208E+15,4.81009E+16
58275,8,1,15,50,2018,11,6,3,3,4,1,2,0,1,0,0,0,0,1,4.89768E+20,5.39944E+21,8.86082E+15,4.87479E+16
58276,8,2,31,0,2018,11,13,6,3,2,6,0,0,0,0,0,1,0,0,4.8512E+20,5.41152E+21,8.79714E+15,4.88564E+16
58277,8,4,15,50,2018,11,17,4,3,2,6,2,0,1,0,0,0,0,1,5.20263E+20,5.37662E+21,9.27452E+15,4.85424E+16
58278,8,1,19,79,2018,11,17,1,2,5,3,2,1,1,0,0,0,0,0,5.22153E+20,5.41044E+21,9.30194E+15,4.88466E+16
58279,8,3,11,0,2018,11,17,4,3,2,6,1,0,1,0,0,0,0,1,4.13388E+20,5.31608E+21,7.83908E+15,4.79921E+16
58280,8,2,26,95,2018,11,18,2,3,5,3,2,0,1,0,0,0,0,1,4.73295E+20,5.46079E+21,8.63268E+15,4.92993E+16
58281,8,2,15,21,2018,11,11,6,3,2,6,0,0,1,0,0,0,0,0,4.68979E+20,5.44661E+21,8.57442E+15,4.91715E+16
58282,8,1,15,51,2018,11,7,4,3,2,6,1,0,1,0,0,0,0,1,5.02161E+20,5.38427E+21,9.02932E+15,4.86115E+16
58283,8,1,27,101,2018,11,8,1,2,8,1,1,0,1,0,0,0,0,0,5.84437E+20,5.4462E+21,1.01582E+16,4.91628E+16
58284,8,2,37,74,2018,11,16,6,3,8,1,1,0,1,0,0,0,0,1,4.65293E+20,5.36885E+21,8.53043E+15,4.84719E+16
58285,8,1,18,80,2018,11,12,2,3,2,6,0,0,1,0,0,1,0,0,5.08664E+20,5.41055E+21,9.11809E+15,4.88479E+16
58286,8,2,35,33,2018,11,17,6,2,8,1,2,0,1,0,0,0,0,0,4.59755E+20,5.40668E+21,8.45183E+15,4.88118E+16
58287,8,2,16,43,2018,11,17,3,3,5,3,1,0,1,0,0,0,0,0,4.41415E+20,5.41061E+21,8.20149E+15,4.88457E+16
58288,8,2,31,0,2018,11,18,6,3,4,2,2,0,1,0,0,1,0,0,4.78456E+20,5.41644E+21,8.70604E+15,4.89005E+16
58289,8,1,36,88,2018,11,16,5,3,5,2,1,0,1,0,0,0,0,1,5.83153E+20,5.41511E+21,1.01342E+16,4.88834E+16
58290,8,1,18,48,2018,11,16,1,3,2,6,0,0,1,0,0,0,0,0,5.15233E+20,5.41466E+21,9.20779E+15,4.88847E+16
58291,8,4,25,141,2018,11,18,2,3,2,6,2,0,1,0,0,0,0,1,5.66637E+20,5.36332E+21,9.90065E+15,4.84195E+16
58292,8,2,36,19,2018,11,6,6,3,9,1,1,0,1,0,0,0,0,0,4.86005E+20,5.40915E+21,8.80929E+15,4.88352E+16
58293,8,2,15,9,2018,11,6,3,3,2,6,2,0,1,0,0,0,0,1,4.65864E+20,5.43778E+21,8.53243E+15,4.90919E+16
58294,8,2,25,2,2018,11,12,6,3,2,1,0,0,1,0,0,0,0,0,4.98981E+20,5.46635E+21,8.98598E+15,4.93499E+16
58295,8,4,37,82,2018,11,5,2,3,8,7,2,0,1,0,0,0,0,1,5.133E+20,5.34203E+21,9.17909E+15,4.82313E+16
58296,8,2,26,91,2018,11,18,6,3,4,6,2,0,1,0,0,0,0,0,4.95285E+20,5.46122E+21,8.93515E+15,4.93037E+16
58297,8,3,35,75,2018,11,8,4,3,5,3,0,1,1,0,0,0,0,1,4.90612E+20,5.29386E+21,8.87463E+15,4.7798E+16
58298,8,1,17,31,2018,11,14,1,3,2,6,0,0,1,0,0,0,0,0,5.49789E+20,5.37564E+21,9.67441E+15,4.85319E+16
58299,8,2,21,0,2018,11,16,4,2,8,7,2,0,1,0,0,0,0,0,4.81449E+20,5.47368E+21,8.74424E+15,4.94156E+16
58300,8,2,16,7,2018,11,17,2,3,2,6,2,0,1,0,0,0,0,1,4.36088E+20,5.39327E+21,8.13159E+15,4.86892E+16
58301,8,2,15,99,2018,11,9,6,3,1,6,0,0,1,0,0,0,0,0,4.62823E+20,5.44528E+21,8.49009E+15,4.91592E+16
58302,8,4,37,100,2018,11,18,3,3,5,3,2,0,1,0,0,0,0,1,5.38745E+20,5.31772E+21,9.51952E+15,4.80116E+16
58303,8,2,15,97,2018,11,17,6,3,2,6,2,0,1,0,0,0,0,0,4.79163E+20,5.44113E+21,8.71442E+15,4.91226E+16
58304,8,1,16,58,2018,11,13,2,3,0,1,0,0,1,0,1,0,0,1,5.34114E+20,5.39658E+21,9.46383E+15,4.87213E+16
58305,8,3,17,1,2018,11,7,6,2,2,6,0,0,1,0,1,0,0,0,4.29618E+20,5.38763E+21,8.04464E+15,4.86378E+16
58306,8,1,27,25,2018,11,6,3,3,5,3,2,0,1,0,0,0,0,1,5.55321E+20,5.4291E+21,9.75654E+15,4.90124E+16
58307,8,1,15,28,2018,11,16,6,3,2,6,2,0,1,0,0,0,0,0,5.02037E+20,5.40221E+21,9.02772E+15,4.87729E+16
58308,8,1,25,27,2018,11,19,5,3,5,2,2,0,1,0,0,0,0,1,5.18883E+20,5.44651E+21,9.25906E+15,4.91712E+16
58309,8,1,16,79,2018,11,1,1,3,9,1,2,0,1,0,0,0,0,1,5.39211E+20,5.37761E+21,9.53132E+15,4.85503E+16
58310,8,3,36,69,2018,11,10,2,3,2,6,0,0,1,0,0,1,0,0,4.04787E+20,5.27153E+21,7.73359E+15,4.75902E+16
58311,8,1,15,45,2018,11,10,6,3,2,6,0,0,1,0,0,0,1,0,4.98955E+20,5.39286E+21,8.9858E+15,4.86888E+16
58312,8,1,11,0,2018,11,18,1,3,2,6,2,0,1,0,0,0,0,0,5.16505E+20,5.40578E+21,9.22478E+15,4.88048E+16
58313,8,2,25,118,2018,11,19,4,2,4,1,2,0,1,0,0,0,0,0,5.07829E+20,5.47846E+21,9.10803E+15,4.94588E+16
58314,8,1,28,131,2018,11,17,2,3,0,1,2,0,0,0,1,0,0,1,5.36671E+20,5.51197E+21,9.50915E+15,4.97591E+16
58315,8,1,36,79,2018,11,23,6,3,9,1,2,0,0,0,1,0,0,1,5.60406E+20,5.40236E+21,9.82212E+15,4.87713E+16
58316,8,4,15,59,2018,11,5,3,3,5,2,2,0,1,0,0,0,0,1,5.172E+20,5.36904E+21,9.23272E+15,4.84742E+16
58317,8,3,17,65,2018,11,14,4,3,0,7,0,1,0,0,0,0,0,1,4.14184E+20,5.355E+21,7.84188E+15,4.83423E+16
58318,8,2,12,0,2018,11,8,4,3,2,6,0,0,1,0,0,0,0,0,4.5057E+20,5.43177E+21,8.32369E+15,4.90368E+16
58319,8,1,35,19,2018,11,9,2,3,5,3,0,0,1,0,0,0,0,1,5.8467E+20,5.39138E+21,1.015E+16,4.86697E+16
58320,8,1,36,19,2018,11,13,6,2,1,5,0,0,0,0,0,1,0,0,5.87274E+20,5.42184E+21,1.01919E+16,4.89433E+16
58321,8,4,26,87,2018,11,8,3,3,5,2,0,0,1,0,0,0,0,1,5.7038E+20,5.32472E+21,9.94481E+15,4.80718E+16
58322,8,1,35,19,2018,11,20,6,3,5,3,2,0,1,0,0,0,0,0,5.85126E+20,5.39225E+21,1.01564E+16,4.86775E+16
58323,8,1,15,24,2018,11,17,2,3,0,7,2,1,1,0,0,0,0,1,5.01007E+20,5.38648E+21,9.01367E+15,4.86313E+16
58324,8,1,28,64,2018,11,13,6,3,5,3,0,0,1,0,0,0,0,0,5.41475E+20,5.50061E+21,9.57464E+15,4.96566E+16
58325,8,1,18,12,2018,11,6,3,3,4,1,2,0,1,0,0,1,0,1,5.01363E+20,5.41616E+21,9.01859E+15,4.88984E+16
58326,8,1,25,103,2018,11,0,6,1,1,5,2,0,1,0,0,1,0,0,5.3005E+20,5.46331E+21,9.41351E+15,4.93218E+16
58327,8,1,19,79,2018,11,17,5,3,2,1,2,0,1,0,0,0,0,0,5.25748E+20,5.40685E+21,9.35072E+15,4.88141E+16
58328,8,1,11,0,2018,11,10,1,3,5,2,0,0,1,0,0,0,1,0,5.16163E+20,5.40916E+21,9.22025E+15,4.88352E+16
58329,8,3,27,46,2018,11,10,2,3,5,3,0,0,1,0,1,0,0,1,4.81004E+20,5.32413E+21,8.745E+15,4.80702E+16
58330,8,1,27,14,2018,11,7,6,3,2,6,0,0,1,0,0,0,0,0,5.74551E+20,5.44011E+21,1.00215E+16,4.91093E+16
58331,8,1,27,14,2018,11,7,6,3,2,6,0,0,1,0,0,0,1,0,5.74553E+20,5.44011E+21,1.00215E+16,4.91093E+16
58332,8,1,25,6,2018,11,7,2,1,2,1,1,0,1,0,0,0,0,0,4.97593E+20,5.45218E+21,8.96694E+15,4.92224E+16
58333,8,1,27,76,2018,11,10,6,3,0,3,0,0,1,0,1,0,0,0,5.52998E+20,5.43896E+21,9.72606E+15,4.91012E+16
58334,8,3,27,33,2018,11,8,3,3,9,1,0,0,1,0,0,0,0,2,4.86196E+20,5.32569E+21,8.81465E+15,4.80844E+16
58335,8,1,27,43,2018,11,11,6,2,5,3,0,0,1,0,0,0,0,0,5.68477E+20,5.44665E+21,9.9394E+15,4.91688E+16
58336,8,3,27,18,2018,11,11,1,3,9,1,0,0,1,0,0,0,0,2,4.77776E+20,5.30526E+21,8.70264E+15,4.79003E+16
58337,8,1,16,19,2018,11,21,3,3,5,2,2,0,1,0,0,0,0,0,5.24996E+20,5.39604E+21,9.33983E+15,4.87169E+16
58338,8,1,26,39,2018,11,17,6,2,6,4,2,0,1,1,0,0,0,0,5.53172E+20,5.46238E+21,9.73154E+15,4.93119E+16
58339,8,1,25,46,2018,11,15,6,3,0,1,0,1,0,0,0,0,0,0,5.20565E+20,5.43467E+21,9.28153E+15,4.90645E+16
58340,8,1,11,0,2018,11,15,2,3,2,6,0,0,1,0,0,0,0,1,5.11864E+20,5.40035E+21,9.16141E+15,4.8756E+16
58341,8,1,16,70,2018,11,19,3,3,2,6,2,0,1,0,0,1,1,0,5.38305E+20,5.38631E+21,9.51985E+15,4.86286E+16
58342,8,1,25,110,2018,11,13,6,2,4,6,0,0,1,0,0,0,0,0,5.26646E+20,5.44436E+21,9.36541E+15,4.91515E+16
58343,8,1,15,21,2018,11,9,5,3,2,6,0,0,1,0,0,0,0,1,4.88059E+20,5.38428E+21,8.83799E+15,4.86115E+16
58344,8,1,11,0,2018,11,0,1,3,2,6,2,0,1,0,0,0,0,0,5.12767E+20,5.40267E+21,9.17377E+15,4.87769E+16
58345,8,3,16,54,2018,11,18,2,3,4,1,2,0,1,0,0,0,1,1,4.16668E+20,5.33732E+21,7.87888E+15,4.81837E+16
58346,8,1,25,63,2018,11,20,6,2,4,1,2,0,1,0,1,0,0,0,5.2601E+20,5.46343E+21,9.35793E+15,4.93231E+16
58347,8,1,25,13,2018,11,14,6,3,0,1,0,1,0,0,0,0,0,0,5.05471E+20,5.43542E+21,9.07491E+15,4.90716E+16
58348,8,1,19,86,2018,11,6,2,3,2,6,2,0,1,0,0,0,0,1,5.36001E+20,5.40611E+21,9.49031E+15,4.88069E+16
58349,8,1,19,20,2018,11,22,6,3,4,7,2,0,1,0,0,0,0,0,5.19046E+20,5.40705E+21,9.25944E+15,4.88161E+16
58350,8,2,26,85,2018,11,8,3,3,2,6,0,0,1,0,0,0,0,1,4.85562E+20,5.45677E+21,8.80155E+15,4.92635E+16
58351,8,1,19,4,2018,11,7,6,3,8,1,0,0,1,0,0,0,0,2,5.40841E+20,5.42109E+21,9.55773E+15,4.89414E+16
58352,8,1,11,0,2018,11,12,3,3,2,6,0,0,1,0,0,1,0,1,5.07165E+20,5.40731E+21,9.0976E+15,4.88187E+16
58353,8,1,18,67,2018,11,5,6,3,5,2,2,0,1,0,0,0,0,0,5.06004E+20,5.41414E+21,9.08189E+15,4.88802E+16
58354,8,3,37,65,2018,11,19,4,3,5,3,2,0,1,0,0,0,0,1,4.49885E+20,5.2754E+21,8.33293E+15,4.76301E+16
58355,8,1,11,0,2018,11,11,1,3,5,3,0,1,1,0,0,0,0,0,5.17273E+20,5.40693E+21,9.23528E+15,4.88151E+16
58356,8,2,12,0,2018,11,6,4,3,2,6,2,0,1,0,0,0,1,0,4.60406E+20,5.4243E+21,8.45899E+15,4.89704E+16
58357,8,2,26,28,2018,11,16,2,3,2,6,2,0,1,0,0,0,0,1,4.73134E+20,5.48409E+21,8.6289E+15,4.95088E+16
58358,8,1,18,78,2018,11,17,6,3,2,6,2,0,1,0,0,0,1,0,5.13753E+20,5.42003E+21,9.18778E+15,4.89331E+16
58359,8,1,11,0,2018,11,18,4,3,2,6,2,0,1,0,0,0,0,1,5.16976E+20,5.40985E+21,9.23137E+15,4.88414E+16
58360,8,1,18,78,2018,11,9,6,3,5,2,0,0,1,0,0,0,0,0,5.13765E+20,5.42003E+21,9.18795E+15,4.89331E+16
58361,8,4,37,76,2018,11,15,4,2,8,1,0,1,1,0,0,0,0,0,5.23239E+20,5.3208E+21,9.31178E+15,4.804E+16
58362,8,1,11,0,2018,11,16,1,3,9,1,0,0,0,0,1,0,0,0,5.13203E+20,5.40101E+21,9.17965E+15,4.87619E+16
58363,8,2,31,0,2018,11,18,2,3,6,4,2,0,1,1,0,0,0,1,4.77767E+20,5.41495E+21,8.69671E+15,4.88871E+16
58364,8,1,18,80,2018,11,7,6,3,5,3,0,1,0,0,0,0,0,0,5.09859E+20,5.40862E+21,9.13433E+15,4.88305E+16
58365,8,1,18,74,2018,11,14,4,3,4,2,0,0,1,0,0,0,0,0,5.11002E+20,5.42831E+21,9.15045E+15,4.90076E+16
58366,8,1,18,80,2018,11,17,6,3,2,6,2,0,1,0,0,0,0,0,5.07213E+20,5.41246E+21,9.09835E+15,4.8865E+16
58367,8,1,18,40,2018,11,14,2,3,5,3,0,0,1,0,0,0,0,1,5.10507E+20,5.43224E+21,9.14378E+15,4.90429E+16
58368,8,1,17,24,2018,11,18,6,3,0,7,2,0,1,0,0,0,0,0,5.6486E+20,5.38733E+21,9.88037E+15,4.86357E+16
58369,8,2,35,32,2018,11,3,3,1,9,1,2,0,1,0,0,0,0,1,4.76117E+20,5.37663E+21,8.67643E+15,4.85424E+16
58370,8,1,17,15,2018,11,7,6,3,0,3,0,0,0,0,1,0,1,2,5.6043E+20,5.39413E+21,9.82124E+15,4.86973E+16
58371,8,4,36,12,2018,11,13,7,3,9,1,0,0,1,0,0,0,0,0,5.53306E+20,5.29867E+21,9.7124E+15,4.78392E+16
58372,8,4,36,95,2018,11,18,2,3,1,6,2,0,1,0,0,0,0,0,5.3841E+20,5.29353E+21,9.51287E+15,4.7794E+16
58373,8,1,17,49,2018,11,7,6,3,8,1,0,0,1,0,0,0,0,2,5.55745E+20,5.39065E+21,9.7571E+15,4.86664E+16
58374,8,3,26,17,2018,11,23,4,3,5,3,2,0,1,0,0,0,0,1,4.40731E+20,5.32243E+21,8.20465E+15,4.80524E+16
58375,8,4,35,52,2018,11,12,7,3,2,2,0,0,1,0,0,0,0,0,5.2126E+20,5.29152E+21,9.28378E+15,4.77767E+16
58376,8,2,16,43,2018,11,7,4,3,5,2,1,1,0,0,0,0,0,0,4.42183E+20,5.41214E+21,8.21174E+15,4.88595E+16
58377,8,2,15,17,2018,11,22,1,3,5,3,2,0,1,0,0,0,0,0,4.56524E+20,5.42306E+21,8.40608E+15,4.8959E+16
58378,8,2,15,7,2018,11,17,2,3,8,1,2,0,1,0,0,0,0,1,4.78423E+20,5.43127E+21,8.70479E+15,4.90339E+16
58379,8,1,17,49,2018,11,7,6,3,2,6,0,0,1,0,0,0,0,2,5.55764E+20,5.39065E+21,9.75735E+15,4.86664E+16
58380,8,4,36,39,2018,11,14,3,3,2,6,0,0,1,0,0,0,0,1,5.51583E+20,5.28736E+21,9.68802E+15,4.77375E+16
58381,8,1,17,28,2018,11,18,6,2,8,1,2,0,1,0,0,0,0,0,5.4045E+20,5.38684E+21,9.54902E+15,4.86333E+16
58382,8,1,16,70,2018,11,16,2,3,6,4,1,0,0,1,1,0,0,1,5.39609E+20,5.38486E+21,9.53742E+15,4.86156E+16
58383,8,4,25,84,2018,11,17,6,3,2,6,2,0,1,0,0,0,0,1,5.59513E+20,5.37441E+21,9.80594E+15,4.852E+16
58384,8,1,25,58,2018,11,7,3,2,8,1,2,0,1,0,0,0,0,1,5.09492E+20,5.44186E+21,9.13011E+15,4.91295E+16
58385,8,1,16,79,2018,11,5,6,3,9,1,2,0,1,0,0,0,0,2,5.35995E+20,5.37612E+21,9.48762E+15,4.85372E+16
58386,8,1,25,26,2018,11,17,5,3,0,1,2,0,0,0,1,0,0,1,4.98396E+20,5.43909E+21,8.97803E+15,4.91047E+16
58387,8,4,35,54,2018,11,8,7,3,8,1,0,0,1,0,0,0,0,1,5.22261E+20,5.28183E+21,9.29665E+15,4.76895E+16
58388,8,1,17,10,2018,11,17,2,3,1,5,2,0,0,0,1,0,1,1,5.69102E+20,5.39288E+21,9.93886E+15,4.86851E+16
58389,8,1,15,45,2018,11,16,6,3,2,6,2,0,1,0,0,0,0,0,4.96028E+20,5.39665E+21,8.94599E+15,4.87229E+16
58390,8,1,15,45,2018,11,6,3,3,9,1,2,0,1,0,0,0,0,1,5.05238E+20,5.39701E+21,9.07123E+15,4.87261E+16
58391,8,4,25,33,2018,11,9,5,1,2,6,0,0,1,0,0,0,1,0,5.56329E+20,5.35012E+21,9.75958E+15,4.83018E+16
58392,8,1,27,14,2018,11,6,5,3,2,6,2,0,1,0,0,0,0,1,5.7861E+20,5.44255E+21,1.00776E+16,4.91307E+16
58393,8,4,26,70,2018,11,19,7,3,5,3,2,1,1,0,0,0,0,0,5.6516E+20,5.34216E+21,9.87741E+15,4.82293E+16
58394,8,4,17,31,2018,11,6,2,3,5,3,2,1,1,0,0,0,0,1,4.97655E+20,5.35599E+21,8.96835E+15,4.83571E+16
58395,8,4,25,33,2018,11,17,5,2,5,3,2,0,1,0,0,0,1,0,5.52721E+20,5.34784E+21,9.71064E+15,4.82816E+16
58396,8,3,16,12,2018,11,6,4,3,2,6,0,0,1,0,0,0,0,0,3.99415E+20,5.33194E+21,7.64811E+15,4.81327E+16
58397,8,4,16,31,2018,11,11,7,2,4,6,0,0,1,0,0,0,0,1,5.0337E+20,5.36364E+21,9.04555E+15,4.84259E+16
58398,8,1,15,28,2018,11,7,4,3,3,6,1,0,1,0,0,1,0,1,4.99701E+20,5.40354E+21,8.99593E+15,4.87848E+16
58399,8,1,35,20,2018,11,6,2,3,2,1,2,0,1,0,0,1,0,1,5.88332E+20,5.38434E+21,1.01983E+16,4.86059E+16
58400,8,4,26,13,2018,11,10,5,2,4,2,0,0,1,0,0,0,0,0,5.4389E+20,5.32322E+21,9.58907E+15,4.80607E+16
58401,8,4,17,31,2018,11,7,3,3,5,3,1,0,1,0,1,0,0,1,4.97088E+20,5.35775E+21,8.96068E+15,4.83729E+16
58402,8,4,17,79,2018,11,16,5,3,2,6,1,0,1,0,0,0,0,1,5.00565E+20,5.33965E+21,9.0076E+15,4.821E+16
58403,8,3,17,102,2018,11,5,1,3,8,7,2,0,1,0,0,0,0,1,4.3629E+20,5.38091E+21,8.13622E+15,4.85781E+16
58404,8,1,11,0,2018,11,18,2,3,5,2,2,0,1,0,0,0,0,1,5.16449E+20,5.40467E+21,9.22397E+15,4.87948E+16
58405,8,1,15,45,2018,11,6,3,1,4,6,2,0,1,0,0,0,0,1,5.00806E+20,5.39711E+21,9.01096E+15,4.8727E+16
58406,8,4,16,11,2018,11,18,5,2,9,1,2,0,1,0,0,0,0,0,5.04612E+20,5.36799E+21,9.06238E+15,4.8465E+16
58407,8,1,19,20,2018,11,6,5,3,5,2,2,0,1,0,0,0,0,0,5.18841E+20,5.4078E+21,9.25668E+15,4.88229E+16
58408,8,4,15,61,2018,11,18,7,3,2,6,2,0,1,0,0,0,0,0,5.15707E+20,5.37064E+21,9.21258E+15,4.84887E+16
58409,8,3,17,65,2018,11,13,2,3,8,7,0,0,1,0,0,0,0,0,4.14078E+20,5.35508E+21,7.84044E+15,4.83431E+16
58410,8,4,16,25,2018,11,12,5,3,2,6,0,0,1,0,0,0,0,0,5.0234E+20,5.36216E+21,9.03162E+15,4.84126E+16
58411,8,3,16,37,2018,11,14,7,2,9,1,0,0,1,0,0,0,0,0,4.08073E+20,5.33363E+21,7.76407E+15,4.81493E+16
58412,8,4,15,50,2018,11,23,5,3,8,1,2,0,1,0,0,0,0,0,5.19474E+20,5.37565E+21,9.26379E+15,4.85337E+16
58413,8,1,25,65,2018,11,17,2,3,1,6,2,0,1,0,0,0,0,1,5.16974E+20,5.44782E+21,9.23292E+15,4.91829E+16
58414,8,3,37,62,2018,11,17,2,3,5,2,2,1,1,0,0,0,0,1,4.56001E+20,5.27481E+21,8.4144E+15,4.76252E+16
58415,8,4,15,50,2018,11,12,5,3,9,1,0,0,1,0,0,0,0,0,5.19303E+20,5.37489E+21,9.26144E+15,4.85268E+16
58416,8,3,35,79,2018,11,16,7,3,2,6,0,0,1,0,0,0,0,0,5.01003E+20,5.29969E+21,9.01341E+15,4.78505E+16
58417,8,2,12,0,2018,11,15,7,3,2,6,0,0,1,0,0,0,0,1,4.58907E+20,5.42816E+21,8.43813E+15,4.9005E+16
58418,8,1,25,49,2018,11,12,4,1,2,1,0,0,0,0,0,1,1,0,4.98335E+20,5.4521E+21,8.97713E+15,4.92217E+16
58419,8,1,27,76,2018,11,8,2,3,4,6,1,0,1,0,0,0,0,1,5.51407E+20,5.44301E+21,9.70478E+15,4.91377E+16
58420,8,3,37,65,2018,11,17,5,3,5,2,2,0,1,0,0,0,0,1,4.49332E+20,5.27528E+21,8.32558E+15,4.76289E+16
58421,8,3,16,37,2018,11,17,3,3,2,6,2,0,1,0,0,0,0,0,4.08578E+20,5.33279E+21,7.77106E+15,4.81418E+16
58422,8,3,37,106,2018,11,16,5,2,4,6,0,0,1,0,0,0,0,0,4.59654E+20,5.28911E+21,8.46169E+15,4.77541E+16
58423,8,4,26,87,2018,11,17,1,2,5,3,2,0,1,0,1,0,1,1,5.70689E+20,5.32481E+21,9.94897E+15,4.80726E+16
58424,8,1,16,33,2018,11,7,3,3,0,1,2,0,0,0,1,0,0,1,5.29447E+20,5.38666E+21,9.39967E+15,4.86323E+16
58425,8,3,37,70,2018,11,16,5,2,8,1,1,1,0,0,0,0,0,1,4.68021E+20,5.27504E+21,8.57435E+15,4.7628E+16
58426,8,1,11,0,2018,11,12,5,3,8,7,0,0,0,0,0,0,1,0,5.18871E+20,5.40087E+21,9.25677E+15,4.87605E+16
58427,8,3,35,2,2018,11,16,7,3,5,2,0,1,1,0,0,0,0,0,5.05917E+20,5.28988E+21,9.07896E+15,4.77623E+16
58428,8,3,11,0,2018,11,10,2,3,5,3,0,0,0,0,0,0,1,1,4.14551E+20,5.31316E+21,7.85525E+15,4.7966E+16
58429,8,3,35,75,2018,11,7,5,3,2,1,1,0,1,0,0,0,0,2,4.86002E+20,5.28801E+21,8.81327E+15,4.77453E+16
58430,8,3,35,75,2018,11,6,5,3,1,1,1,0,1,0,0,0,0,2,4.86001E+20,5.28801E+21,8.81325E+15,4.77453E+16
58431,8,1,18,48,2018,11,16,2,3,4,2,2,0,1,0,0,0,0,1,5.11446E+20,5.41871E+21,9.15624E+15,4.89213E+16
58432,8,3,35,75,2018,11,6,5,3,1,1,1,0,1,0,0,0,0,2,4.86001E+20,5.28801E+21,8.81325E+15,4.77453E+16
58433,8,2,15,90,2018,11,12,3,3,3,6,0,0,1,0,0,0,1,0,4.63937E+20,5.43504E+21,8.50629E+15,4.90672E+16
58434,8,3,35,80,2018,11,19,5,3,5,3,2,0,1,0,1,0,0,0,4.7452E+20,5.29607E+21,8.65962E+15,4.78175E+16
58435,8,3,26,74,2018,11,13,5,3,5,3,0,0,1,0,1,0,0,0,4.60242E+20,5.32789E+21,8.46595E+15,4.81031E+16