OBJECTID_1,ULAND,UREGBEZ,UKREIS,UGEMEINDE,UJAHR,UMONAT,USTUNDE,UWOCHENTAG,UKATEGORIE,UART,UTYP1,ULICHTVERH,IstRad,IstPKW,IstFuss,IstKrad,IstGkfz,IstSonstig,STRZUSTAND,LINREFX,LINREFY,XGCSWGS84,YGCSWGS84
58436,8,3,17,100,2018,11,17,3,3,2,6,2,0,1,0,0,0,0,1,4.24109E+20,5.36537E+21,7.97393E+15,4.84369E+16
58437,8,4,17,31,2018,11,14,5,2,3,6,0,0,1,0,1,1,0,0,4.9699E+20,5.35866E+21,8.95934E+15,4.83811E+16
58438,8,3,26,61,2018,11,14,1,3,4,2,0,0,1,0,0,0,0,0,4.71279E+20,5.32043E+21,8.6147E+15,4.80365E+16
58439,8,1,15,45,2018,11,5,3,2,0,7,2,1,0,0,0,0,0,1,5.00362E+20,5.39402E+21,9.00492E+15,4.86992E+16
58440,8,3,17,57,2018,11,5,5,3,2,6,2,0,1,0,0,0,0,0,4.13357E+20,5.38156E+21,7.82523E+15,4.85812E+16
58441,8,4,21,0,2018,11,18,4,3,2,6,2,0,1,0,0,0,0,1,5.70074E+20,5.36206E+21,9.94688E+15,4.84078E+16
58442,8,3,35,100,2018,11,7,7,2,5,3,1,1,0,0,0,0,1,1,4.88189E+20,5.28629E+21,8.84249E+15,4.77299E+16
58443,8,2,36,13,2018,11,5,2,3,8,1,2,0,1,0,0,0,0,1,4.72512E+20,5.40935E+21,8.62541E+15,4.88365E+16
58444,8,3,17,141,2018,11,6,5,2,4,1,2,0,1,0,1,0,0,1,4.14959E+20,5.37547E+21,7.84819E+15,4.85266E+16
58445,8,1,17,26,2018,11,20,4,3,2,6,2,0,1,0,0,0,0,0,5.45405E+20,5.39525E+21,9.61718E+15,4.87087E+16
58446,8,2,25,68,2018,11,12,1,2,8,1,0,0,1,0,0,0,0,0,5.01897E+20,5.47013E+21,9.02613E+15,4.93839E+16
58447,8,3,17,65,2018,11,19,5,3,5,7,2,0,1,0,0,0,0,0,4.13706E+20,5.35308E+21,7.83583E+15,4.8325E+16
58448,8,1,18,40,2018,11,15,2,3,2,6,0,0,1,0,0,0,0,1,5.10731E+20,5.43121E+21,9.14681E+15,4.90336E+16
58449,8,3,15,74,2018,11,7,5,3,5,3,0,0,1,0,0,0,0,0,3.94377E+20,5.29593E+21,7.58926E+15,4.78081E+16
58450,8,2,26,85,2018,11,16,3,3,0,2,0,0,1,1,0,0,0,1,4.90682E+20,5.45556E+21,8.87196E+15,4.92528E+16
58451,8,3,15,48,2018,11,10,5,2,2,7,0,0,1,0,0,1,0,0,3.9447E+20,5.30673E+21,7.58788E+15,4.79052E+16
58452,8,1,15,45,2018,11,9,5,3,5,3,0,0,1,0,0,0,0,0,5.03004E+20,5.3945E+21,9.04083E+15,4.87035E+16
58453,8,3,26,74,2018,11,5,7,3,8,1,2,0,1,0,0,0,0,1,4.60124E+20,5.32018E+21,8.46508E+15,4.80336E+16
58454,8,4,26,21,2018,11,11,2,3,5,3,0,0,1,0,0,0,0,1,5.59322E+20,5.32795E+21,9.79683E+15,4.8102E+16
58455,8,2,12,0,2018,11,7,5,2,5,3,0,0,1,0,0,0,1,0,4.55631E+20,5.42704E+21,8.39346E+15,4.89947E+16
58456,8,3,26,27,2018,11,16,4,3,2,6,1,0,1,0,0,0,0,1,4.60671E+20,5.30822E+21,8.47352E+15,4.79261E+16
58457,8,3,17,96,2018,11,8,7,2,2,7,0,0,1,0,0,1,0,1,4.20766E+20,5.37556E+21,7.92682E+15,4.85281E+16
58458,8,2,12,0,2018,11,8,4,3,2,6,0,0,1,0,0,0,0,0,4.60098E+20,5.43265E+21,8.45396E+15,4.90454E+16
58459,8,1,36,88,2018,11,7,2,3,2,6,0,0,1,0,0,0,0,1,5.8186E+20,5.4083E+21,1.01152E+16,4.88223E+16
58460,8,2,12,0,2018,11,7,5,2,9,7,1,0,1,0,0,0,0,0,4.56392E+20,5.42554E+21,8.40402E+15,4.89812E+16
58461,8,1,11,0,2018,11,7,3,3,5,3,0,1,1,0,0,0,0,1,5.12432E+20,5.39835E+21,9.16909E+15,4.8738E+16
58462,8,2,15,9,2018,11,12,5,3,2,6,0,0,0,0,0,1,1,0,4.67102E+20,5.44009E+21,8.5492E+15,4.91127E+16
58463,8,3,36,81,2018,11,17,4,3,2,6,2,0,1,0,0,0,1,1,4.09501E+20,5.27764E+21,7.79502E+15,4.76458E+16
58464,8,2,25,58,2018,11,6,4,3,2,1,2,0,1,0,0,0,0,1,5.07182E+20,5.46476E+21,9.09886E+15,4.93355E+16
58465,8,2,21,0,2018,11,21,2,3,2,6,2,0,1,0,0,0,0,1,4.7482E+20,5.46995E+21,8.65308E+15,4.93817E+16
58466,8,2,15,17,2018,11,17,5,3,2,6,0,0,1,0,0,0,0,0,4.53015E+20,5.41987E+21,8.35852E+15,4.893E+16
58467,8,4,36,93,2018,11,13,3,3,5,3,0,0,1,0,0,0,0,1,5.43812E+20,5.31649E+21,9.58733E+15,4.80002E+16
58468,8,2,31,0,2018,11,19,5,3,5,2,2,0,1,0,0,0,0,0,4.7777E+20,5.41494E+21,8.69676E+15,4.8887E+16
58469,8,1,16,33,2018,11,11,2,3,2,6,0,0,1,0,0,0,0,1,5.3243E+20,5.38975E+21,9.4404E+15,4.86599E+16
58470,8,2,36,62,2018,11,18,5,3,9,1,2,0,1,0,0,0,0,0,4.83492E+20,5.40893E+21,8.77505E+15,4.88331E+16
58471,8,1,27,52,2018,11,6,3,3,2,6,2,0,1,0,0,0,0,1,5.40665E+20,5.43603E+21,9.55681E+15,4.90758E+16
58472,8,2,36,38,2018,11,19,5,3,8,1,2,0,1,0,0,0,0,0,4.84127E+20,5.42647E+21,8.78303E+15,4.89909E+16
58473,8,1,26,28,2018,11,8,5,3,2,6,0,0,1,0,0,1,0,1,5.36744E+20,5.45899E+21,9.50522E+15,4.92826E+16
58474,8,4,15,87,2018,11,17,2,2,8,1,2,0,1,0,0,0,0,1,5.12849E+20,5.38071E+21,9.17421E+15,4.85794E+16
58475,8,2,26,85,2018,11,17,5,3,6,7,2,0,1,1,0,0,0,0,4.91174E+20,5.45557E+21,8.87871E+15,4.92528E+16
58476,8,1,35,19,2018,11,9,4,3,2,6,0,0,1,0,0,0,0,0,5.89367E+20,5.39361E+21,1.02143E+16,4.86891E+16
58477,8,1,28,126,2018,11,7,2,3,6,4,2,0,1,1,0,0,0,0,5.65357E+20,5.48153E+21,9.90232E+15,4.94828E+16
58478,8,2,26,56,2018,11,7,5,2,6,4,1,0,1,1,0,0,0,0,4.88262E+20,5.47048E+21,8.83827E+15,4.93869E+16
58479,8,4,15,89,2018,11,15,3,3,4,6,0,0,1,0,0,1,1,1,5.20538E+20,5.35835E+21,9.27735E+15,4.8378E+16
58480,8,2,25,74,2018,11,23,5,3,4,1,2,0,1,0,0,0,1,0,5.05782E+20,5.46699E+21,9.07961E+15,4.93556E+16
58481,8,1,11,0,2018,11,21,2,3,5,3,2,1,1,0,0,0,0,1,5.1342E+20,5.40505E+21,9.18274E+15,4.87983E+16
58482,8,1,17,26,2018,11,13,3,3,6,4,0,0,0,1,0,0,1,0,5.4778E+20,5.3954E+21,9.64948E+15,4.87098E+16
58483,8,4,37,104,2018,11,6,3,3,5,3,2,0,0,0,0,0,1,1,5.16867E+20,5.32636E+21,9.22651E+15,4.80903E+16
58484,8,2,21,0,2018,11,16,5,3,5,2,1,1,1,0,0,0,0,0,4.77373E+20,5.47465E+21,8.68799E+15,4.94241E+16
58485,8,1,15,10,2018,11,3,2,2,8,1,2,0,1,0,0,0,0,1,4.87162E+20,5.38728E+21,8.82573E+15,4.86385E+16
58486,8,2,21,0,2018,11,7,5,3,5,3,0,1,0,0,0,0,0,0,4.76801E+20,5.47219E+21,8.68024E+15,4.9402E+16
58487,8,1,19,8,2018,11,11,3,3,3,6,0,0,1,0,0,0,1,0,5.31861E+20,5.42126E+21,9.4351E+15,4.89434E+16
58488,8,2,15,97,2018,11,18,5,3,4,2,2,0,1,0,0,0,0,0,4.81412E+20,5.43964E+21,8.7453E+15,4.91093E+16
58489,8,1,19,91,2018,11,17,5,3,6,1,2,1,0,1,0,0,0,0,5.25815E+20,5.40683E+21,9.35164E+15,4.88139E+16
58490,8,3,35,43,2018,11,17,2,3,0,2,2,1,0,0,0,1,0,0,5.1238E+20,5.27984E+21,9.16492E+15,4.76718E+16
58491,8,2,15,64,2018,11,15,5,3,8,1,0,0,0,0,1,0,0,0,4.86838E+20,5.44797E+21,8.81938E+15,4.91844E+16
58492,8,2,36,38,2018,11,17,7,3,4,1,2,0,1,0,0,0,0,0,4.86997E+20,5.42641E+21,8.82226E+15,4.89904E+16
58493,8,1,19,20,2018,11,16,4,3,2,6,1,0,1,0,0,0,0,0,5.19628E+20,5.40513E+21,9.26727E+15,4.87988E+16
58494,8,1,27,52,2018,11,16,2,2,3,6,2,0,1,0,0,1,0,1,5.45734E+20,5.43693E+21,9.62632E+15,4.90835E+16
58495,8,2,11,0,2018,11,17,5,2,6,2,2,0,1,1,0,0,0,0,4.41834E+20,5.40354E+21,8.20821E+15,4.87821E+16
58496,8,3,36,50,2018,11,9,3,3,5,2,0,0,1,0,0,0,0,1,3.99336E+20,5.27564E+21,7.66017E+15,4.76264E+16
58497,8,1,15,16,2018,11,13,5,2,5,3,0,0,1,0,0,0,1,0,4.87573E+20,5.37776E+21,8.8316E+15,4.85529E+16
58498,8,3,35,43,2018,11,12,1,3,5,3,0,0,1,0,0,0,0,0,5.13301E+20,5.28038E+21,9.1772E+15,4.76767E+16
58499,8,1,16,56,2018,11,18,3,3,2,6,2,0,1,0,0,0,0,0,5.30495E+20,5.3958E+21,9.41456E+15,4.87145E+16
58500,8,1,18,70,2018,11,6,5,3,2,6,2,0,1,0,0,0,1,0,5.16807E+20,5.42529E+21,9.2297E+15,4.89803E+16
58501,8,4,36,64,2018,11,16,4,3,1,6,1,0,1,0,0,0,0,0,5.4414E+20,5.28628E+21,9.58865E+15,4.77284E+16
58502,8,3,11,0,2018,11,19,1,3,1,6,2,0,1,0,0,0,0,0,4.14619E+20,5.31766E+21,7.85526E+15,4.80065E+16
58503,8,2,15,109,2018,11,6,2,3,2,6,2,0,1,0,0,0,0,0,4.61712E+20,5.44031E+21,8.47533E+15,4.91144E+16
58504,8,1,36,10,2018,11,5,5,3,0,3,2,1,1,0,0,0,0,1,6.00527E+20,5.4117E+21,1.03703E+16,4.88501E+16
58505,8,1,36,33,2018,11,16,5,3,2,2,2,0,1,0,0,0,0,0,5.81991E+20,5.41649E+21,1.01187E+16,4.88959E+16
58506,8,1,18,54,2018,11,13,5,3,2,6,0,0,1,0,0,0,0,0,5.18169E+20,5.42265E+21,9.24819E+15,4.89565E+16
58507,8,3,17,57,2018,11,8,2,3,4,6,0,0,1,0,0,0,1,0,4.13823E+20,5.38027E+21,7.83182E+15,4.85696E+16
58508,8,1,36,10,2018,11,11,5,3,5,3,0,0,1,0,0,0,0,0,6.00632E+20,5.4116E+21,1.03717E+16,4.88492E+16
58509,8,1,35,15,2018,11,18,5,2,9,1,2,0,1,0,0,0,0,1,5.80435E+20,5.38318E+21,1.00909E+16,4.85965E+16
58510,8,1,19,8,2018,11,15,2,3,4,6,0,0,1,0,0,1,0,1,5.31027E+20,5.42058E+21,9.42367E+15,4.89373E+16
58511,8,1,35,20,2018,11,14,5,3,0,6,0,0,1,0,0,1,0,0,5.85128E+20,5.38044E+21,1.0154E+16,4.85713E+16
58512,8,3,17,57,2018,11,17,3,3,5,3,1,0,1,0,1,0,0,1,4.12219E+20,5.38146E+21,7.80983E+15,4.85801E+16
58513,8,1,27,75,2018,11,17,5,3,5,3,2,0,1,0,0,0,0,0,5.72985E+20,5.46809E+21,1.00051E+16,4.93612E+16
58514,8,3,17,26,2018,11,17,1,2,8,7,2,0,1,0,0,0,0,0,4.1103E+20,5.34686E+21,7.80105E+15,4.82687E+16
58515,8,1,11,0,2018,11,15,3,3,2,6,0,0,1,0,0,0,0,0,5.15444E+20,5.40519E+21,9.21031E+15,4.87995E+16
58516,8,1,25,26,2018,11,13,5,3,5,3,0,0,1,0,0,0,0,0,4.88207E+20,5.44677E+21,8.83821E+15,4.91737E+16
58517,8,3,27,18,2018,11,7,4,3,0,6,1,0,1,0,0,0,0,1,4.75596E+20,5.30758E+21,8.67335E+15,4.79211E+16
58518,8,2,26,76,2018,11,19,4,3,2,6,0,0,1,0,0,0,0,0,4.73199E+20,5.46573E+21,8.63103E+15,4.93437E+16
58519,8,2,26,96,2018,11,22,2,3,0,1,2,0,0,0,1,0,0,1,4.76435E+20,5.48838E+21,8.67424E+15,4.95475E+16
58520,8,1,19,79,2018,11,10,5,3,2,6,0,0,1,0,0,0,0,0,5.21505E+20,5.40738E+21,9.29296E+15,4.8819E+16
58521,8,1,11,0,2018,11,15,4,3,3,6,0,0,1,0,0,1,1,0,5.16705E+20,5.40698E+21,9.22755E+15,4.88156E+16
58522,8,1,21,0,2018,11,15,1,3,2,6,0,0,1,0,0,0,0,0,5.14345E+20,5.4444E+21,9.19673E+15,4.91523E+16
58523,8,1,19,67,2018,11,14,5,3,5,3,0,0,1,0,0,0,0,0,5.39648E+20,5.41043E+21,9.5404E+15,4.88456E+16
58524,8,1,18,79,2018,11,7,2,2,6,4,2,0,0,1,0,1,0,1,5.10467E+20,5.4243E+21,9.14302E+15,4.89715E+16
58525,8,1,19,20,2018,11,14,5,3,2,6,0,0,1,0,0,0,1,0,5.18785E+20,5.4049E+21,9.25579E+15,4.87968E+16
58526,8,1,15,3,2018,11,15,3,3,2,6,0,0,1,0,0,0,0,1,4.98554E+20,5.39257E+21,8.98035E+15,4.86862E+16
58527,8,3,27,50,2018,12,10,7,3,2,6,0,0,1,0,0,0,0,1,4.86543E+20,5.31487E+21,8.81964E+15,4.7987E+16
58528,8,3,26,17,2018,12,19,7,3,5,3,2,0,1,0,0,0,0,0,4.40575E+20,5.32185E+21,8.20263E+15,4.80472E+16
58529,8,2,37,2,2018,12,20,7,3,6,4,2,0,1,1,0,0,0,0,4.60605E+20,5.35227E+21,8.46856E+15,4.83224E+16
58530,8,2,25,14,2018,12,6,2,3,0,1,1,1,0,0,0,0,0,1,5.26164E+20,5.48518E+21,9.36149E+15,4.95187E+16
58531,8,3,16,43,2018,12,15,4,3,8,1,0,0,1,0,0,1,0,0,4.09123E+20,5.33169E+21,7.77861E+15,4.8132E+16
58532,8,4,25,39,2018,12,19,3,3,2,6,1,0,1,0,0,0,0,1,5.68037E+20,5.35586E+21,9.91835E+15,4.83522E+16
58533,8,2,37,73,2018,12,19,7,2,9,1,2,0,1,0,0,0,0,1,4.61161E+20,5.37583E+21,8.47388E+15,4.85344E+16
58534,8,1,18,11,2018,12,18,2,3,4,2,2,0,1,0,0,0,0,1,5.05031E+20,5.40793E+21,9.06854E+15,4.88243E+16
58535,8,1,19,8,2018,12,13,4,3,5,2,0,1,1,0,0,0,0,0,5.32167E+20,5.42103E+21,9.43927E+15,4.89414E+16
58536,8,2,15,89,2018,12,11,3,3,5,3,0,0,1,0,0,0,0,0,4.68748E+20,5.43136E+21,8.57244E+15,4.90344E+16
58537,8,3,17,96,2018,12,9,7,3,9,1,0,0,1,0,0,0,0,0,4.22042E+20,5.36953E+21,7.94521E+15,4.84741E+16
58538,8,4,36,64,2018,12,7,2,3,1,6,1,0,1,0,0,0,0,1,5.44958E+20,5.2891E+21,9.59984E+15,4.77537E+16
58539,8,3,15,15,2018,12,3,7,3,8,1,2,0,1,0,0,0,0,1,3.9856E+20,5.31559E+21,7.6405E+15,4.79856E+16
58540,8,2,37,2,2018,12,14,2,2,4,6,0,0,1,0,0,0,0,1,4.59582E+20,5.3546E+21,8.45454E+15,4.83433E+16
58541,8,3,36,14,2018,12,12,7,3,2,6,0,0,1,0,0,0,0,0,3.92002E+20,5.2772E+21,7.56219E+15,4.76392E+16
58542,8,2,26,10,2018,12,17,7,3,2,6,2,0,1,0,0,0,0,1,4.82542E+20,5.45809E+21,8.75998E+15,4.92753E+16
58543,8,2,36,25,2018,12,19,2,3,8,1,2,0,1,0,0,0,0,1,4.91419E+20,5.408E+21,8.88309E+15,4.88249E+16
58544,8,2,22,0,2018,12,7,4,2,2,6,1,0,1,0,0,0,0,1,4.66931E+20,5.47863E+21,8.54368E+15,4.94594E+16
58545,8,4,36,9,2018,12,17,3,3,4,2,2,0,1,0,0,0,0,1,5.52658E+20,5.30559E+21,9.70458E+15,4.79015E+16
58546,8,2,26,85,2018,12,11,7,3,2,6,0,0,1,0,0,0,0,0,4.85728E+20,5.45666E+21,8.80385E+15,4.92625E+16
58547,8,3,27,18,2018,12,12,1,3,8,1,0,0,1,0,0,0,0,1,4.7614E+20,5.30683E+21,8.68067E+15,4.79144E+16
58548,8,1,11,0,2018,12,17,4,3,2,6,2,0,1,0,0,0,0,0,5.17715E+20,5.40415E+21,9.24119E+15,4.87901E+16
58549,8,1,21,0,2018,12,17,3,3,2,6,2,0,1,0,0,0,0,1,5.16226E+20,5.44105E+21,9.22238E+15,4.9122E+16
58550,8,4,15,59,2018,12,15,3,3,2,6,0,0,1,0,1,0,0,1,5.17027E+20,5.36994E+21,9.23041E+15,4.84823E+16
58551,8,2,26,105,2018,12,18,7,3,1,6,2,0,1,0,0,0,0,0,4.70871E+20,5.47629E+21,8.59821E+15,4.94385E+16
58552,8,1,15,46,2018,12,21,2,3,5,3,2,0,1,0,0,0,0,1,5.08365E+20,5.38997E+21,9.1136E+15,4.86627E+16
58553,8,1,16,33,2018,12,7,4,3,6,4,1,0,1,1,0,0,0,0,5.32894E+20,5.38855E+21,9.4466E+15,4.86492E+16
58554,8,1,27,76,2018,12,3,3,3,7,1,2,0,1,0,0,0,0,1,5.54108E+20,5.43864E+21,9.74123E+15,4.90983E+16
58555,8,2,22,0,2018,12,18,1,3,1,6,2,0,1,0,0,0,0,1,4.6215E+20,5.48508E+21,8.47708E+15,4.95172E+16
58556,8,2,21,0,2018,12,20,1,3,8,1,2,0,1,0,0,0,0,1,4.77521E+20,5.47109E+21,8.69023E+15,4.93921E+16
58557,8,2,22,0,2018,12,17,7,3,1,6,2,0,1,0,0,0,0,0,4.68602E+20,5.47768E+21,8.5668E+15,4.9451E+16
58558,8,4,17,79,2018,12,18,2,3,5,3,2,0,1,0,0,0,0,1,4.96816E+20,5.34027E+21,8.95714E+15,4.82156E+16
58559,8,2,35,6,2018,12,18,7,3,4,1,2,0,1,0,0,0,0,1,4.75192E+20,5.38019E+21,8.66368E+15,4.85743E+16
58560,8,3,17,1,2018,12,11,2,3,5,3,0,0,1,0,0,0,0,1,4.31087E+20,5.38709E+21,8.06467E+15,4.86331E+16
58561,8,2,35,46,2018,12,11,7,3,5,3,0,0,1,0,0,0,0,0,4.81847E+20,5.37327E+21,8.75421E+15,4.85123E+16
58562,8,2,36,70,2018,12,9,7,3,6,2,0,0,1,1,0,0,0,0,4.70749E+20,5.41603E+21,8.6009E+15,4.88965E+16
58563,8,1,28,20,2018,12,4,2,2,8,1,2,0,1,0,0,0,0,1,5.75282E+20,5.484E+21,1.00398E+16,4.9504E+16
58564,8,2,21,0,2018,12,15,4,3,2,6,0,0,1,0,0,0,0,0,4.76272E+20,5.47296E+21,8.6729E+15,4.94088E+16
58565,8,3,17,1,2018,12,6,3,3,5,3,2,1,1,0,0,0,0,1,4.32343E+20,5.38652E+21,8.08181E+15,4.86281E+16
58566,8,2,31,0,2018,12,12,7,3,8,1,0,0,1,0,0,0,0,1,4.82997E+20,5.41467E+21,8.76807E+15,4.88848E+16
58567,8,2,26,12,2018,12,17,1,3,2,6,2,0,1,0,0,0,0,1,4.74282E+20,5.47703E+21,8.64521E+15,4.94454E+16
58568,8,4,36,69,2018,12,15,3,3,5,3,0,0,1,0,0,0,0,1,5.50549E+20,5.29103E+21,9.67466E+15,4.77706E+16
58569,8,1,18,73,2018,12,8,3,3,0,7,0,0,0,0,1,0,0,1,4.97134E+20,5.42039E+21,8.96086E+15,4.89364E+16
58570,8,2,26,54,2018,12,13,7,3,4,2,0,0,1,0,0,0,0,0,4.79785E+20,5.45402E+21,8.72229E+15,4.92386E+16
58571,8,2,22,0,2018,12,16,7,3,2,6,1,0,1,0,0,0,0,0,4.61265E+20,5.48136E+21,8.46522E+15,4.94836E+16
58572,8,3,17,1,2018,12,16,2,3,2,6,1,0,1,0,0,0,0,1,4.28726E+20,5.38911E+21,8.03228E+15,4.8651E+16
58573,8,4,35,16,2018,12,21,4,3,4,2,2,0,1,0,0,0,0,0,5.36949E+20,5.2804E+21,9.49225E+15,4.76759E+16
58574,8,2,22,0,2018,12,14,7,2,6,4,0,0,0,1,0,0,1,0,4.63144E+20,5.48312E+21,8.491E+15,4.94996E+16
58575,8,2,15,97,2018,12,3,7,3,9,1,2,0,1,0,0,0,0,1,4.80879E+20,5.44081E+21,8.73795E+15,4.91198E+16
58576,8,2,12,0,2018,12,9,7,3,5,3,0,0,1,0,0,0,0,1,4.59535E+20,5.43246E+21,8.44628E+15,4.90437E+16
58577,8,2,26,85,2018,12,12,2,3,2,6,0,0,1,0,0,0,0,1,4.89929E+20,5.45494E+21,8.86163E+15,4.92471E+16
58578,8,1,15,3,2018,12,19,5,3,0,7,2,0,1,0,0,0,0,0,4.99689E+20,5.39258E+21,8.99578E+15,4.86862E+16
58579,8,2,12,0,2018,12,13,7,3,2,6,0,0,1,0,0,0,0,1,4.53392E+20,5.432E+21,8.36228E+15,4.90391E+16
58580,8,1,36,65,2018,12,9,7,3,2,6,0,0,1,0,0,0,0,1,5.61307E+20,5.40594E+21,9.83491E+15,4.88034E+16
58581,8,1,27,76,2018,12,7,2,3,2,6,1,0,1,0,0,0,0,1,5.60046E+20,5.43897E+21,9.8226E+15,4.91006E+16
58582,8,1,25,49,2018,12,14,4,3,2,6,0,0,0,0,0,1,0,0,4.99437E+20,5.4518E+21,8.99227E+15,4.92189E+16
58583,8,2,22,0,2018,12,8,3,2,1,6,0,0,0,0,0,1,1,1,4.6699E+20,5.47862E+21,8.54449E+15,4.94593E+16
58584,8,1,36,19,2018,12,17,7,3,5,3,2,0,1,0,0,0,1,0,5.85609E+20,5.42273E+21,1.01693E+16,4.89516E+16
58585,8,4,25,141,2018,12,7,3,3,6,2,2,0,1,1,0,0,0,1,5.66489E+20,5.36329E+21,9.89864E+15,4.84192E+16
58586,8,1,15,3,2018,12,16,3,2,5,3,1,0,1,0,0,0,0,1,5.03425E+20,5.39444E+21,9.04655E+15,4.87029E+16
58587,8,1,36,2,2018,12,10,7,3,9,1,0,0,1,0,0,0,0,1,5.71701E+20,5.41714E+21,9.9784E+15,4.8903E+16
58588,8,1,36,88,2018,12,14,7,3,2,6,0,0,1,0,0,0,0,0,5.83483E+20,5.41537E+21,1.01388E+16,4.88857E+16
58589,8,2,26,95,2018,12,9,2,3,2,6,0,0,1,0,0,0,0,1,4.75175E+20,5.45985E+21,8.6586E+15,4.92909E+16
58590,8,4,16,41,2018,12,17,4,3,2,6,2,0,1,0,0,0,0,0,5.05589E+20,5.37328E+21,9.07568E+15,4.85126E+16
58591,8,1,36,35,2018,12,18,7,2,5,2,2,0,1,0,1,0,0,1,5.80297E+20,5.43149E+21,1.00985E+16,4.9031E+16
58592,8,1,18,78,2018,12,21,2,3,5,3,2,0,1,0,1,0,0,1,5.13913E+20,5.41984E+21,9.18995E+15,4.89313E+16
58593,8,1,21,0,2018,12,17,4,3,2,6,2,0,1,0,0,0,1,1,5.14921E+20,5.44613E+21,9.20469E+15,4.91678E+16
58594,8,2,26,103,2018,12,20,3,3,2,6,2,0,1,0,0,0,0,0,4.72598E+20,5.45845E+21,8.62326E+15,4.92782E+16
58595,8,1,35,25,2018,12,5,7,3,8,1,2,0,1,0,0,0,0,1,5.81088E+20,5.39825E+21,1.01027E+16,4.8732E+16
58596,8,1,25,5,2018,12,13,2,3,2,6,0,0,1,0,0,0,0,1,5.15658E+20,5.45494E+21,9.21514E+15,4.9247E+16
58597,8,1,26,66,2018,12,10,4,3,5,3,0,1,1,0,0,0,0,0,5.36828E+20,5.4498E+21,9.50553E+15,4.91999E+16
58598,8,2,35,46,2018,12,13,3,3,8,1,0,0,1,0,0,0,0,1,4.79462E+20,5.3798E+21,8.72159E+15,4.85709E+16
58599,8,1,25,69,2018,12,23,7,3,8,1,2,0,1,0,0,0,0,0,5.25707E+20,5.4525E+21,9.35306E+15,4.92247E+16
58600,8,1,16,80,2018,12,17,3,3,3,6,2,0,1,0,0,0,0,1,5.22504E+20,5.39478E+21,9.30587E+15,4.87056E+16
58601,8,1,19,79,2018,12,7,7,2,6,7,2,0,1,1,0,0,0,1,5.23713E+20,5.40829E+21,9.32309E+15,4.88271E+16
58602,8,2,15,89,2018,12,14,1,3,8,1,0,0,1,0,0,0,0,1,4.68027E+20,5.43016E+21,8.56266E+15,4.90235E+16
58603,8,1,18,48,2018,12,9,7,3,1,6,0,0,1,0,0,0,1,1,5.11918E+20,5.41809E+21,9.16267E+15,4.89156E+16
58604,8,1,17,33,2018,12,11,7,2,2,6,0,0,1,0,0,0,0,1,5.58172E+20,5.38813E+21,9.7897E+15,4.86436E+16
58605,8,2,25,58,2018,12,13,2,3,1,1,0,0,1,0,0,0,0,1,5.1354E+20,5.4658E+21,9.18641E+15,4.93447E+16
58606,8,3,26,3,2018,12,17,4,3,2,6,2,0,1,0,0,0,0,0,4.65484E+20,5.32121E+21,8.5369E+15,4.80432E+16
58607,8,1,16,49,2018,12,15,3,3,4,6,0,0,1,0,0,1,0,1,5.22851E+20,5.38788E+21,9.31022E+15,4.86435E+16
58608,8,1,16,63,2018,12,5,7,3,9,7,2,0,1,0,0,0,0,1,5.14905E+20,5.38388E+21,9.20219E+15,4.86078E+16
58609,8,1,16,19,2018,12,12,2,3,2,6,0,0,1,0,0,0,0,1,5.24987E+20,5.39648E+21,9.33973E+15,4.87209E+16
58610,8,1,17,33,2018,12,13,4,3,3,2,0,1,1,0,0,0,0,0,5.59069E+20,5.38716E+21,9.80174E+15,4.86347E+16
58611,8,1,36,88,2018,12,6,3,3,5,3,0,0,1,0,0,0,0,1,5.87676E+20,5.4068E+21,1.01941E+16,4.8808E+16
58612,8,2,22,0,2018,12,12,1,3,0,1,0,0,0,0,1,0,0,1,4.62358E+20,5.48537E+21,8.47993E+15,4.95198E+16
58613,8,2,16,49,2018,12,13,1,3,9,1,0,0,0,0,1,0,0,1,4.39444E+20,5.40266E+21,8.1758E+15,4.8774E+16
58614,8,1,15,29,2018,12,18,7,3,5,3,2,1,1,0,0,0,0,1,4.99732E+20,5.39794E+21,8.99635E+15,4.87345E+16
58615,8,4,26,97,2018,12,14,2,3,4,6,0,0,1,0,0,0,0,1,5.35571E+20,5.33393E+21,9.47831E+15,4.81576E+16
58616,8,1,11,0,2018,12,15,7,2,6,7,0,1,0,1,0,0,0,0,5.13228E+20,5.40233E+21,9.18003E+15,4.87738E+16
58617,8,3,17,96,2018,12,13,2,3,3,6,0,0,1,0,0,0,0,1,4.21112E+20,5.36875E+21,7.93279E+15,4.84669E+16
58618,8,1,11,0,2018,12,10,7,3,2,6,0,0,1,0,0,0,0,1,5.11833E+20,5.40866E+21,9.16124E+15,4.88308E+16
58619,8,2,31,0,2018,12,3,1,2,9,1,2,0,1,0,0,0,0,1,4.78124E+20,5.41648E+21,8.70151E+15,4.89008E+16
58620,8,4,36,81,2018,11,16,6,3,2,6,2,0,1,0,0,0,0,1,5.64731E+20,5.28546E+21,9.8631E+15,4.77193E+16
58621,8,1,11,0,2018,12,18,3,3,2,2,2,0,1,0,0,0,0,1,5.11231E+20,5.40632E+21,9.15297E+15,4.88097E+16
58622,8,4,35,16,2018,11,8,6,3,2,6,0,0,1,0,0,0,0,0,5.36808E+20,5.2778E+21,9.49015E+15,4.76525E+16