OBJECTID_1,ULAND,UREGBEZ,UKREIS,UGEMEINDE,UJAHR,UMONAT,USTUNDE,UWOCHENTAG,UKATEGORIE,UART,UTYP1,ULICHTVERH,IstRad,IstPKW,IstFuss,IstKrad,IstGkfz,IstSonstig,STRZUSTAND,LINREFX,LINREFY,XGCSWGS84,YGCSWGS84
58810,8,3,17,1,2018,12,16,3,3,5,3,1,0,1,0,0,0,0,1,4.28046E+20,5.38907E+21,8.02305E+15,4.86506E+16
58811,8,4,17,31,2018,12,17,7,3,5,3,2,0,1,0,0,0,0,0,4.95315E+20,5.35773E+21,8.93673E+15,4.83727E+16
58812,8,1,16,33,2018,11,12,6,3,2,6,0,0,1,0,0,1,0,1,5.31855E+20,5.38775E+21,9.43242E+15,4.8642E+16
58813,8,4,35,16,2018,12,6,3,3,5,3,2,1,0,0,0,0,1,1,5.36192E+20,5.27832E+21,9.48199E+15,4.76573E+16
58814,8,1,18,73,2018,12,6,3,3,2,6,2,0,1,0,0,0,0,1,4.97969E+20,5.41879E+21,8.97228E+15,4.8922E+16
58815,8,4,17,79,2018,12,13,7,3,5,3,0,0,1,0,0,0,0,0,4.9755E+20,5.34016E+21,8.96702E+15,4.82147E+16
58816,8,1,16,77,2018,11,15,6,3,1,6,0,0,1,0,0,0,0,1,5.16102E+20,5.39231E+21,9.21877E+15,4.86836E+16
58817,8,1,16,19,2018,11,12,6,2,5,3,0,0,1,0,1,0,0,1,5.24221E+20,5.39749E+21,9.32937E+15,4.873E+16
58818,8,3,26,74,2018,12,20,1,3,4,6,2,0,1,0,0,0,0,1,4.61656E+20,5.32146E+21,8.48553E+15,4.80453E+16
58819,8,1,11,0,2018,12,16,4,3,2,6,1,0,1,0,0,0,0,0,5.12077E+20,5.39546E+21,9.16417E+15,4.8712E+16
58820,8,1,21,0,2018,12,6,3,3,1,6,2,0,1,0,0,0,1,0,5.16735E+20,5.4429E+21,9.22944E+15,4.91387E+16
58821,8,4,16,36,2018,12,12,7,2,3,6,0,0,1,0,1,0,0,0,4.9398E+20,5.36442E+21,8.91861E+15,4.84329E+16
58822,8,1,15,21,2018,11,7,6,3,2,6,1,0,1,0,0,0,0,1,4.92683E+20,5.38088E+21,8.90079E+15,4.8581E+16
58823,8,1,11,0,2018,11,12,6,3,5,2,0,0,1,0,0,0,0,1,5.13705E+20,5.40192E+21,9.18651E+15,4.87701E+16
58824,8,2,36,46,2018,12,9,2,3,2,6,0,0,1,0,0,0,0,1,4.8308E+20,5.41757E+21,8.76908E+15,4.89108E+16
58825,8,1,11,0,2018,12,17,5,3,2,6,2,0,1,0,0,0,0,0,5.1248E+20,5.40952E+21,9.17008E+15,4.88385E+16
58826,8,1,11,0,2018,11,14,6,3,5,3,0,0,1,0,0,0,0,1,5.12785E+20,5.40187E+21,9.17399E+15,4.87697E+16
58827,8,1,11,0,2018,11,14,6,3,6,2,0,0,1,1,0,0,0,1,5.13089E+20,5.40209E+21,9.17814E+15,4.87717E+16
58828,8,1,27,63,2018,12,6,2,3,5,3,2,0,1,0,0,0,0,1,5.64679E+20,5.4336E+21,9.88521E+15,4.90519E+16
58829,8,1,15,37,2018,12,4,4,3,5,3,2,0,1,0,0,1,0,0,4.91434E+20,5.38456E+21,8.88378E+15,4.8614E+16
58830,8,2,12,0,2018,12,15,3,3,8,1,0,0,1,0,0,0,0,0,4.60755E+20,5.42899E+21,8.4633E+15,4.90126E+16
58831,8,4,16,25,2018,12,10,7,3,2,6,0,0,1,0,0,0,0,0,5.00647E+20,5.36053E+21,9.00874E+15,4.8398E+16
58832,8,1,11,0,2018,11,6,6,2,4,6,2,1,0,0,0,0,0,0,5.1351E+20,5.40635E+21,9.18401E+15,4.881E+16
58833,8,1,17,12,2018,12,14,3,3,5,3,0,0,1,0,0,0,0,1,5.44923E+20,5.38821E+21,9.60987E+15,4.86453E+16
58834,8,1,11,0,2018,11,10,6,3,2,6,0,0,1,0,0,0,0,1,5.0808E+20,5.39743E+21,9.10988E+15,4.87298E+16
58835,8,4,37,76,2018,11,14,5,3,2,6,0,0,1,0,0,0,0,0,5.25448E+20,5.32212E+21,9.34149E+15,4.80519E+16
58836,8,2,26,95,2018,12,21,2,3,5,3,2,0,1,0,0,0,0,1,4.72465E+20,5.46111E+21,8.62125E+15,4.93021E+16
58837,8,4,16,36,2018,12,6,4,3,5,3,1,0,1,0,0,0,0,1,4.95448E+20,5.36892E+21,8.93841E+15,4.84734E+16
58838,8,4,36,55,2018,11,16,5,3,4,6,1,0,1,0,0,0,0,1,5.71089E+20,5.29907E+21,9.95009E+15,4.78411E+16
58839,8,2,35,8,2018,12,13,2,3,2,6,0,0,1,0,0,0,0,1,4.8062E+20,5.40235E+21,8.73623E+15,4.87739E+16
58840,8,4,36,9,2018,12,12,4,3,5,3,0,0,1,0,0,0,0,0,5.54252E+20,5.31262E+21,9.72679E+15,4.79646E+16
58841,8,4,36,82,2018,11,14,5,3,2,6,0,0,1,0,0,0,0,0,5.47217E+20,5.29414E+21,9.63053E+15,4.77989E+16
58842,8,4,36,52,2018,11,17,5,3,5,3,2,0,1,0,0,0,0,0,5.6801E+20,5.28905E+21,9.90737E+15,4.77513E+16
58843,8,1,21,0,2018,12,17,2,3,4,7,2,0,1,0,0,0,0,1,5.16386E+20,5.44616E+21,9.22478E+15,4.91681E+16
58844,8,1,26,86,2018,12,13,4,3,2,6,0,0,1,0,0,0,1,0,5.44566E+20,5.46033E+21,9.61293E+15,4.92941E+16
58845,8,2,35,8,2018,12,18,3,3,2,6,2,0,1,0,0,0,0,1,4.79521E+20,5.40262E+21,8.72126E+15,4.87763E+16
58846,8,3,36,91,2018,12,12,7,3,2,6,0,0,1,0,0,0,0,0,3.92924E+20,5.27576E+21,7.57483E+15,4.76264E+16
58847,8,4,36,64,2018,11,15,5,3,1,6,0,0,1,0,0,0,0,0,5.45703E+20,5.29281E+21,9.61017E+15,4.7787E+16
58848,8,1,16,14,2018,12,16,3,3,2,6,1,0,1,0,0,0,0,1,5.27832E+20,5.3958E+21,9.37835E+15,4.87146E+16
58849,8,4,35,67,2018,11,8,5,3,4,6,0,0,1,0,0,0,0,1,5.31303E+20,5.29109E+21,9.4178E+15,4.77724E+16
58850,8,1,11,0,2018,12,15,1,3,2,6,0,0,1,0,0,0,0,1,5.09666E+20,5.39512E+21,9.13139E+15,4.8709E+16
58851,8,4,15,59,2018,11,17,5,3,5,3,2,0,1,0,0,0,0,0,5.16371E+20,5.36797E+21,9.22145E+15,4.84646E+16
58852,8,3,37,60,2018,11,12,5,3,1,1,0,0,1,0,0,0,0,0,4.67319E+20,5.27725E+21,8.56484E+15,4.76478E+16
58853,8,2,22,0,2018,12,7,2,3,4,6,0,0,1,0,0,0,1,1,4.66098E+20,5.48383E+21,8.53173E+15,4.95061E+16
58854,8,3,26,74,2018,12,17,4,3,2,6,2,0,1,0,0,0,0,0,4.65667E+20,5.32152E+21,8.53934E+15,4.80461E+16
58855,8,4,15,61,2018,12,20,3,3,2,6,2,0,1,0,0,0,0,0,5.14439E+20,5.37148E+21,9.19545E+15,4.84963E+16
58856,8,3,36,69,2018,12,21,7,2,9,1,2,0,1,0,0,0,0,1,4.04099E+20,5.27365E+21,7.72398E+15,4.76092E+16
58857,8,3,37,13,2018,11,10,5,2,5,3,0,0,1,0,0,0,0,1,4.31331E+20,5.29356E+21,8.08312E+15,4.77918E+16
58858,8,1,16,27,2018,12,13,2,1,0,7,0,0,1,0,0,0,0,1,5.34214E+20,5.39339E+21,9.46491E+15,4.86926E+16
58859,8,1,17,43,2018,12,17,4,3,4,6,2,0,1,0,0,0,0,0,5.53263E+20,5.39048E+21,9.72338E+15,4.86651E+16
58860,8,1,28,131,2018,12,14,3,2,2,2,0,0,1,0,0,0,0,1,5.38358E+20,5.51243E+21,9.53262E+15,4.97631E+16
58861,8,3,36,50,2018,12,12,7,3,2,6,0,0,1,0,0,0,0,0,3.99407E+20,5.27573E+21,7.66109E+15,4.76271E+16
58862,8,3,36,69,2018,11,8,5,3,2,6,0,0,1,0,0,0,0,0,4.06855E+20,5.26713E+21,7.76203E+15,4.7551E+16
58863,8,3,35,75,2018,11,6,5,3,0,1,2,0,1,0,1,0,0,0,4.9071E+20,5.29259E+21,8.87597E+15,4.77866E+16
58864,8,1,18,46,2018,12,17,2,3,5,2,2,1,1,0,0,0,0,1,5.13628E+20,5.41249E+21,9.18582E+15,4.88652E+16
58865,8,1,21,0,2018,12,9,4,3,1,6,0,0,1,0,0,1,0,1,5.14591E+20,5.4414E+21,9.19999E+15,4.91253E+16
58866,8,2,25,14,2018,12,17,3,3,2,6,2,0,1,0,0,0,0,1,5.2616E+20,5.49015E+21,9.36175E+15,4.95634E+16
58867,8,3,35,43,2018,11,8,5,3,0,7,0,1,0,0,0,0,0,0,5.13927E+20,5.27959E+21,9.18552E+15,4.76696E+16
58868,8,1,11,0,2018,12,9,3,3,2,2,0,0,1,0,0,0,0,1,5.07817E+20,5.40748E+21,9.10649E+15,4.88203E+16
58869,8,3,26,74,2018,11,7,5,3,5,3,0,0,1,0,0,0,0,1,4.56577E+20,5.31653E+21,8.41788E+15,4.80006E+16
58870,8,2,37,24,2018,12,23,2,3,3,6,2,0,1,0,0,0,0,1,4.79491E+20,5.35894E+21,8.723E+15,4.83833E+16
58871,8,3,26,74,2018,11,17,5,3,5,3,2,0,1,0,0,0,0,0,4.61142E+20,5.32181E+21,8.4786E+15,4.80483E+16
58872,8,3,26,74,2018,11,19,5,3,4,2,2,0,1,0,0,0,0,1,4.63914E+20,5.32588E+21,8.51545E+15,4.80852E+16
58873,8,2,12,0,2018,12,20,2,3,2,6,2,0,1,0,0,0,0,1,4.56491E+20,5.4234E+21,8.4056E+15,4.8962E+16
58874,8,2,26,85,2018,12,14,4,3,1,6,0,0,1,0,0,0,0,0,4.89452E+20,5.4552E+21,8.85506E+15,4.92495E+16
58875,8,3,35,79,2018,12,13,3,3,6,4,0,0,1,0,0,0,1,0,5.00736E+20,5.29964E+21,9.00984E+15,4.78501E+16
58876,8,3,25,49,2018,11,5,5,3,2,6,2,0,1,0,0,0,0,0,4.75165E+20,5.33711E+21,8.66587E+15,4.81868E+16
58877,8,1,11,0,2018,12,7,2,3,5,3,0,0,1,0,0,0,0,1,5.16212E+20,5.39402E+21,9.22033E+15,4.8699E+16
58878,8,1,15,46,2018,12,10,4,3,3,6,0,0,1,0,0,0,1,0,5.08559E+20,5.38981E+21,9.11623E+15,4.86613E+16
58879,8,1,25,86,2018,12,7,3,3,6,4,2,0,1,1,0,0,0,1,5.00669E+20,5.44191E+21,9.00917E+15,4.91301E+16
58880,8,3,27,50,2018,11,18,5,2,3,6,2,0,1,0,1,0,0,0,4.86823E+20,5.31486E+21,8.8234E+15,4.79869E+16
58881,8,3,17,150,2018,11,4,5,1,2,6,2,0,1,0,0,1,0,1,4.10237E+20,5.35505E+21,7.78863E+15,4.83422E+16
58882,8,3,15,89,2018,12,17,2,2,4,6,2,0,1,0,0,0,0,1,4.0754E+20,5.31181E+21,7.76163E+15,4.79529E+16
58883,8,3,17,31,2018,11,13,5,2,6,4,0,0,1,1,0,0,0,0,4.17171E+20,5.3584E+21,7.88152E+15,4.83734E+16
58884,8,3,15,13,2018,11,7,5,3,2,6,0,0,1,0,0,0,0,1,4.03975E+20,5.32467E+21,7.71102E+15,4.8068E+16
58885,8,1,27,103,2018,12,11,2,2,5,2,0,0,1,0,0,0,1,1,5.692E+20,5.43761E+21,9.94777E+15,4.90875E+16
58886,8,4,25,2,2018,12,12,2,3,5,3,0,0,1,0,0,0,0,1,5.53987E+20,5.35344E+21,9.72842E+15,4.83319E+16
58887,8,3,36,50,2018,11,7,5,1,6,4,2,0,1,1,0,0,1,0,3.98009E+20,5.27615E+21,7.64239E+15,4.76307E+16
58888,8,3,17,65,2018,12,18,2,3,2,6,2,0,1,0,0,0,0,1,4.14056E+20,5.3551E+21,7.84014E+15,4.83432E+16
58889,8,3,11,0,2018,11,16,5,3,2,6,2,0,0,0,0,0,1,1,4.11823E+20,5.32377E+21,7.81652E+15,4.80611E+16
58890,8,2,31,0,2018,11,15,5,3,2,1,0,0,1,0,0,0,0,0,4.8257E+20,5.41822E+21,8.7621E+15,4.89167E+16
58891,8,1,35,26,2018,12,11,2,2,4,6,0,0,1,0,0,0,0,1,5.89107E+20,5.39461E+21,1.0211E+16,4.86982E+16
58892,8,2,21,0,2018,12,18,4,3,1,6,2,0,1,0,0,0,0,0,4.76649E+20,5.47203E+21,8.67816E+15,4.94005E+16
58893,8,3,17,65,2018,12,17,3,3,2,6,2,0,1,0,0,0,0,1,4.18796E+20,5.35463E+21,7.90419E+15,4.83396E+16
58894,8,2,15,108,2018,11,23,5,3,4,2,2,0,1,0,0,0,0,1,4.49447E+20,5.42406E+21,8.30929E+15,4.89674E+16
58895,8,3,17,96,2018,12,2,1,3,2,6,2,0,1,0,0,0,0,1,4.20902E+20,5.37573E+21,7.92862E+15,4.85297E+16
58896,8,4,36,82,2018,12,12,3,3,2,6,0,0,1,0,0,0,0,1,5.46994E+20,5.29545E+21,9.62769E+15,4.78107E+16
58897,8,1,19,79,2018,12,6,3,3,6,2,2,0,1,1,0,0,0,1,5.22923E+20,5.4151E+21,9.3127E+15,4.88884E+16
58898,8,2,15,39,2018,11,9,5,3,8,1,0,0,1,0,0,0,0,0,4.71167E+20,5.45213E+21,8.60404E+15,4.92212E+16
58899,8,2,37,54,2018,11,3,5,3,9,7,2,0,1,0,0,0,0,1,4.64483E+20,5.37238E+21,8.51917E+15,4.85036E+16
58900,8,2,12,0,2018,12,9,2,3,2,6,0,0,1,0,0,0,0,1,4.59343E+20,5.42451E+21,8.44445E+15,4.89722E+16
58901,8,1,11,0,2018,12,12,5,3,3,6,0,0,1,0,0,1,0,0,5.15628E+20,5.40494E+21,9.21281E+15,4.87972E+16
58902,8,2,37,45,2018,11,15,5,3,2,6,0,0,1,0,0,1,0,0,4.61548E+20,5.35982E+21,8.4806E+15,4.83904E+16
58903,8,2,35,80,2018,11,6,5,3,5,3,2,0,1,0,0,0,0,1,4.82319E+20,5.38716E+21,8.76E+15,4.86372E+16
58904,8,1,26,85,2018,12,7,2,2,5,3,1,0,1,0,0,0,0,1,5.4746E+20,5.44971E+21,9.65146E+15,4.91983E+16
58905,8,1,36,42,2018,12,16,4,3,8,1,1,0,1,0,0,0,0,1,5.53521E+20,5.40418E+21,9.72866E+15,4.87883E+16
58906,8,2,12,0,2018,12,7,3,3,5,2,1,1,1,0,0,0,0,1,4.55195E+20,5.42862E+21,8.38731E+15,4.90088E+16
58907,8,2,35,85,2018,12,17,1,3,7,7,2,0,1,0,0,0,0,1,4.80378E+20,5.40049E+21,8.73303E+15,4.87571E+16
58908,8,2,35,46,2018,11,16,5,3,4,6,0,0,1,0,0,0,0,0,4.79751E+20,5.37888E+21,8.72555E+15,4.85627E+16
58909,8,4,25,141,2018,12,12,3,3,8,1,0,0,0,0,0,0,1,0,5.62709E+20,5.3691E+21,9.84843E+15,4.84719E+16
58910,8,2,16,24,2018,12,17,4,3,4,6,2,0,1,0,0,1,0,0,4.45669E+20,5.41062E+21,8.25947E+15,4.88462E+16
58911,8,3,15,43,2018,12,16,3,2,3,6,0,0,1,0,0,0,0,1,4.02599E+20,5.32345E+21,7.69283E+15,4.80569E+16
58912,8,2,36,25,2018,11,22,5,2,4,6,2,0,1,0,0,0,0,0,4.9005E+20,5.40913E+21,8.86441E+15,4.8835E+16
58913,8,4,37,65,2018,12,17,3,3,6,2,2,0,1,1,0,0,0,0,5.18597E+20,5.31844E+21,9.24939E+15,4.8019E+16
58914,8,1,16,35,2018,12,12,3,3,9,1,0,0,1,0,0,0,0,1,5.26054E+20,5.39107E+21,9.35389E+15,4.86721E+16
58915,8,2,25,91,2018,11,15,5,2,4,6,0,0,1,0,0,0,0,0,5.26173E+20,5.47615E+21,9.36101E+15,4.94374E+16
58916,8,2,22,0,2018,11,8,5,3,4,6,0,1,0,0,0,0,0,0,4.62853E+20,5.48278E+21,8.48701E+15,4.94965E+16
58917,8,2,36,30,2018,12,18,2,3,4,6,2,0,1,0,0,0,1,1,4.74563E+20,5.41938E+21,8.65273E+15,4.89268E+16
58918,8,4,36,81,2018,12,6,4,3,2,6,2,0,1,0,0,0,0,0,5.56996E+20,5.28199E+21,9.75951E+15,4.76888E+16
58919,8,2,16,7,2018,11,15,5,3,2,6,0,0,1,0,0,0,0,0,4.36664E+20,5.39382E+21,8.13933E+15,4.86942E+16
58920,8,2,15,9,2018,11,6,5,3,5,3,2,1,1,0,0,0,0,0,4.71015E+20,5.44237E+21,8.60265E+15,4.91334E+16
58921,8,1,19,61,2018,12,15,2,2,8,1,0,0,1,0,0,0,0,1,5.36162E+20,5.41605E+21,9.49338E+15,4.88963E+16
58922,8,1,26,46,2018,12,9,4,3,9,7,0,0,0,0,0,0,1,0,5.58971E+20,5.45704E+21,9.81053E+15,4.92633E+16
58923,8,2,36,33,2018,12,16,3,3,5,3,1,0,1,0,0,0,0,0,4.82499E+20,5.43022E+21,8.76061E+15,4.90246E+16
58924,8,2,15,64,2018,11,17,5,3,5,2,2,0,1,0,0,0,1,0,4.77988E+20,5.45142E+21,8.69775E+15,4.92152E+16
58925,8,1,15,52,2018,12,16,3,3,8,1,2,0,1,0,0,0,0,1,4.95976E+20,5.41042E+21,8.94515E+15,4.88468E+16
58926,8,1,15,28,2018,11,17,5,2,2,6,2,0,1,0,0,0,0,0,5.01401E+20,5.40284E+21,9.01907E+15,4.87785E+16
58927,8,4,15,61,2018,12,18,2,3,0,1,2,1,0,0,0,0,0,1,5.13257E+20,5.37183E+21,9.17946E+15,4.84995E+16
58928,8,1,11,0,2018,12,3,1,2,2,6,2,0,1,0,0,0,0,1,5.18886E+20,5.39381E+21,9.25666E+15,4.86971E+16
58929,8,1,18,48,2018,11,21,5,2,3,6,2,0,0,0,1,0,1,0,5.14312E+20,5.41444E+21,9.19522E+15,4.88827E+16
58930,8,2,21,0,2018,12,13,2,3,5,3,0,0,1,0,1,0,0,1,4.74166E+20,5.47403E+21,8.6438E+15,4.94184E+16
58931,8,3,17,26,2018,12,15,4,3,4,6,0,0,1,0,1,0,0,0,4.11936E+20,5.34662E+21,7.81332E+15,4.82666E+16
58932,8,1,11,0,2018,12,18,4,3,2,6,2,0,1,0,0,0,0,1,5.16684E+20,5.39856E+21,9.22692E+15,4.87398E+16
58933,8,2,16,12,2018,12,20,6,3,5,3,2,0,1,0,0,0,0,1,4.41976E+20,5.41971E+21,8.20784E+15,4.89276E+16
58934,8,3,17,73,2018,12,17,1,3,5,3,2,0,1,0,0,0,0,1,4.09658E+20,5.34787E+21,7.78235E+15,4.82775E+16
58935,8,1,18,51,2018,12,17,3,3,2,6,2,0,1,0,0,0,0,1,5.10647E+20,5.41466E+21,9.14523E+15,4.88848E+16
58936,8,1,26,47,2018,12,13,6,2,2,6,0,0,1,0,0,1,0,0,5.50416E+20,5.44989E+21,9.69206E+15,4.91998E+16
58937,8,4,36,64,2018,12,12,4,3,2,6,0,0,1,0,0,0,0,0,5.45457E+20,5.29234E+21,9.60684E+15,4.77828E+16
58938,8,2,36,40,2018,12,10,7,3,5,3,0,0,1,0,0,0,0,0,4.88129E+20,5.42164E+21,8.83788E+15,4.89476E+16
58939,8,4,15,61,2018,12,15,2,2,8,1,0,0,1,0,0,0,0,0,5.14308E+20,5.37425E+21,9.19376E+15,4.85212E+16
58940,8,1,21,0,2018,12,23,6,3,2,7,2,0,1,0,0,0,0,1,5.09784E+20,5.44827E+21,9.13428E+15,4.91871E+16
58941,8,2,12,0,2018,12,11,4,3,5,2,0,1,1,0,0,0,0,0,4.55709E+20,5.42812E+21,8.39441E+15,4.90044E+16
58942,8,4,15,92,2018,12,16,6,3,2,6,1,0,1,0,0,0,1,0,5.18076E+20,5.36576E+21,9.24443E+15,4.84448E+16
58943,8,1,25,98,2018,12,17,4,3,2,6,2,0,1,0,0,0,0,0,5.1925E+20,5.43824E+21,9.26369E+15,4.90967E+16
58944,8,1,27,103,2018,12,6,2,3,9,1,2,0,1,0,0,0,0,2,5.70535E+20,5.43926E+21,9.96633E+15,4.91021E+16
58945,8,4,17,31,2018,12,11,3,2,5,3,0,0,1,0,0,1,0,0,4.99572E+20,5.35563E+21,8.99422E+15,4.83539E+16
58946,8,1,15,28,2018,12,16,6,3,8,1,1,0,1,0,0,0,0,0,5.02051E+20,5.40215E+21,9.02791E+15,4.87724E+16
58947,8,2,25,116,2018,12,15,1,3,2,1,0,0,1,0,0,0,0,1,4.98668E+20,5.46813E+21,8.98165E+15,4.93659E+16
58948,8,1,27,89,2018,12,14,3,1,9,1,0,0,1,0,0,0,0,1,5.6339E+20,5.43703E+21,9.86812E+15,4.90829E+16
58949,8,1,21,0,2018,12,13,6,3,5,2,0,1,0,0,1,0,0,1,5.1676E+20,5.44333E+21,9.2298E+15,4.91426E+16
58950,8,3,35,77,2018,12,8,4,3,5,3,0,1,1,0,0,0,0,1,4.94122E+20,5.29381E+21,8.92151E+15,4.77976E+16
58951,8,1,25,1,2018,12,5,7,3,4,6,2,0,1,0,0,0,0,0,5.21283E+20,5.4356E+21,9.2914E+15,4.90729E+16
58952,8,3,27,4,2018,12,8,2,2,5,3,0,0,1,0,0,1,0,1,4.94589E+20,5.32394E+21,8.92736E+15,4.80688E+16
58953,8,1,19,89,2018,12,14,6,3,5,2,0,0,1,0,0,0,1,1,5.35787E+20,5.41071E+21,9.4878E+15,4.88483E+16
58954,8,4,21,0,2018,12,16,4,3,2,6,1,0,1,0,0,0,0,1,5.7236E+20,5.36076E+21,9.97754E+15,4.83958E+16
58955,8,1,15,45,2018,12,17,7,3,0,7,2,0,1,0,0,0,0,1,5.04497E+20,5.39666E+21,9.06115E+15,4.8723E+16
58956,8,3,36,19,2018,12,17,2,3,5,3,2,0,1,0,0,0,0,0,3.94908E+20,5.27579E+21,7.60121E+15,4.76269E+16
58957,8,1,19,8,2018,12,15,6,3,3,6,0,0,1,0,0,1,0,0,5.31897E+20,5.42039E+21,9.43554E+15,4.89356E+16
58958,8,1,21,0,2018,12,16,1,3,4,6,2,0,1,0,0,0,0,1,5.14591E+20,5.44397E+21,9.20008E+15,4.91484E+16
58959,8,1,36,24,2018,12,8,4,3,4,6,0,0,1,0,0,0,1,1,5.65665E+20,5.41305E+21,9.89539E+15,4.8867E+16
58960,8,1,18,71,2018,12,18,5,3,1,6,2,0,1,0,0,0,0,1,5.11141E+20,5.41915E+21,9.15209E+15,4.89252E+16
58961,8,3,36,107,2018,12,14,6,2,9,1,0,0,1,0,0,0,0,1,4.08862E+20,5.28609E+21,7.78475E+15,4.77217E+16
58962,8,1,19,42,2018,12,17,4,3,6,7,2,0,0,1,0,0,1,1,5.28778E+20,5.41502E+21,9.39256E+15,4.88875E+16
58963,8,1,18,48,2018,12,17,2,3,1,6,2,0,1,0,0,0,0,0,5.14225E+20,5.4158E+21,9.19407E+15,4.8895E+16
58964,8,3,11,0,2018,12,10,3,3,2,6,0,0,1,0,0,0,0,0,4.101E+20,5.31876E+21,7.79446E+15,4.80158E+16
58965,8,1,27,14,2018,12,19,6,3,2,6,2,0,1,0,0,0,0,1,5.76439E+20,5.44382E+21,1.00481E+16,4.91424E+16
58966,8,1,18,50,2018,12,1,1,2,8,1,2,0,1,0,0,0,0,1,5.07712E+20,5.41781E+21,9.10525E+15,4.89132E+16
58967,8,2,11,0,2018,12,17,5,3,0,1,2,1,0,0,0,0,0,0,4.40328E+20,5.3967E+21,8.1887E+15,4.87205E+16
58968,8,1,25,65,2018,12,11,3,2,4,6,0,0,1,0,0,0,0,0,5.16278E+20,5.45076E+21,9.22349E+15,4.92095E+16
58969,8,1,18,1,2018,12,7,6,3,2,6,1,0,1,0,0,0,0,1,5.24106E+20,5.41886E+21,9.32906E+15,4.89222E+16
58970,8,3,27,50,2018,12,17,4,3,2,6,2,0,1,0,0,0,0,1,4.83712E+20,5.312E+21,8.78181E+15,4.79611E+16
58971,8,1,18,10,2018,12,20,7,3,2,6,2,0,1,0,0,0,0,1,5.0701E+20,5.43194E+21,9.09592E+15,4.90403E+16
58972,8,3,17,96,2018,12,21,2,3,6,2,2,0,1,1,0,0,0,0,4.22074E+20,5.3698E+21,7.9456E+15,4.84765E+16
58973,8,1,18,46,2018,12,7,6,3,1,6,1,0,1,0,0,0,0,0,5.1438E+20,5.41197E+21,9.19606E+15,4.88605E+16
58974,8,1,15,44,2018,12,18,4,3,6,4,2,0,1,1,0,0,0,0,5.04591E+20,5.38926E+21,9.06234E+15,4.86563E+16
58975,8,2,15,21,2018,12,6,6,3,3,6,2,0,1,0,0,1,0,0,4.69343E+20,5.44759E+21,8.57934E+15,4.91803E+16
58976,8,1,15,24,2018,12,9,2,2,2,6,0,0,1,0,0,0,0,1,5.01436E+20,5.38605E+21,9.01949E+15,4.86275E+16
58977,8,2,21,0,2018,12,6,3,2,2,6,2,1,1,0,0,0,0,0,4.73046E+20,5.47425E+21,8.62835E+15,4.94203E+16
58978,8,1,18,51,2018,12,11,6,3,2,6,0,0,1,0,0,0,0,0,5.10553E+20,5.4148E+21,9.14395E+15,4.88861E+16
58979,8,1,17,26,2018,12,15,4,3,6,4,0,0,1,1,0,0,0,0,5.47725E+20,5.39495E+21,9.64869E+15,4.87057E+16
58980,8,3,15,113,2018,12,14,6,2,4,1,0,0,1,0,0,1,0,0,4.42913E+20,5.30549E+21,8.23618E+15,4.79002E+16
58981,8,1,18,46,2018,12,7,4,3,1,4,2,0,0,1,0,0,1,1,5.13147E+20,5.41211E+21,9.17925E+15,4.88618E+16
58982,8,1,16,49,2018,12,6,2,3,2,6,2,0,1,0,0,0,0,1,5.24331E+20,5.38737E+21,9.33027E+15,4.8639E+16
58983,8,2,35,47,2018,12,5,3,3,8,6,2,0,1,0,0,0,0,1,4.76955E+20,5.38925E+21,8.68708E+15,4.86559E+16
58984,8,1,16,49,2018,12,17,6,3,5,3,2,0,1,0,1,0,0,0,5.25357E+20,5.38677E+21,9.34416E+15,4.86334E+16
58985,8,1,25,102,2018,12,6,5,3,2,6,0,0,1,0,0,0,0,0,5.21096E+20,5.44508E+21,9.28933E+15,4.91582E+16
58986,8,1,16,77,2018,12,16,3,3,0,3,1,0,1,0,0,0,0,1,5.15016E+20,5.39019E+21,9.20393E+15,4.86646E+16
58987,8,1,15,28,2018,12,9,6,3,9,1,0,0,0,0,1,0,0,0,5.02306E+20,5.40717E+21,9.03141E+15,4.88175E+16
58988,8,2,26,95,2018,12,18,4,3,2,6,1,0,1,0,0,0,0,0,4.72306E+20,5.45891E+21,8.61922E+15,4.92823E+16
58989,8,1,11,0,2018,12,17,7,3,2,6,2,0,1,0,0,0,0,1,5.17712E+20,5.40415E+21,9.24114E+15,4.87901E+16
58990,8,2,12,0,2018,12,11,2,3,5,2,0,1,0,0,0,0,1,0,4.56878E+20,5.42828E+21,8.41037E+15,4.90059E+16
58991,8,1,15,3,2018,12,6,6,2,5,2,2,1,1,0,0,0,0,0,4.99849E+20,5.39245E+21,8.99795E+15,4.86851E+16
58992,8,1,11,0,2018,12,13,4,3,6,7,0,1,0,1,0,0,0,0,5.13041E+20,5.407E+21,9.17764E+15,4.88159E+16
58993,8,2,16,15,2018,12,14,6,3,4,2,0,0,1,0,0,0,0,0,4.5164E+20,5.40331E+21,8.34171E+15,4.87809E+16
58994,8,4,21,0,2018,12,17,1,3,2,6,2,0,1,0,0,0,0,1,5.71408E+20,5.35678E+21,9.96401E+15,4.83602E+16
58995,8,2,16,49,2018,12,7,3,3,8,1,1,0,1,0,0,0,0,1,4.326E+20,5.40038E+21,8.08303E+15,4.87528E+16
58996,8,1,15,3,2018,12,12,6,3,2,6,0,0,1,0,0,1,0,0,5.00317E+20,5.3923E+21,9.00431E+15,4.86837E+16