OBJECTID_1,ULAND,UREGBEZ,UKREIS,UGEMEINDE,UJAHR,UMONAT,USTUNDE,UWOCHENTAG,UKATEGORIE,UART,UTYP1,ULICHTVERH,IstRad,IstPKW,IstFuss,IstKrad,IstGkfz,IstSonstig,STRZUSTAND,LINREFX,LINREFY,XGCSWGS84,YGCSWGS84
58997,8,1,11,0,2018,12,15,5,3,5,2,0,0,1,0,0,0,0,0,5.0721E+20,5.40737E+21,9.09821E+15,4.88193E+16
58998,8,2,12,0,2018,12,2,7,1,4,6,2,0,1,0,0,1,0,0,4.58774E+20,5.42676E+21,8.43644E+15,4.89923E+16
58999,8,4,25,2,2018,12,21,2,3,8,1,2,0,1,0,0,0,0,2,5.52918E+20,5.35536E+21,9.71424E+15,4.83492E+16
59000,8,1,11,0,2018,12,17,6,3,2,6,2,0,1,0,0,0,0,0,5.15952E+20,5.40447E+21,9.21719E+15,4.8793E+16
59001,8,2,16,24,2018,12,4,4,3,0,1,2,0,1,0,0,0,0,2,4.46362E+20,5.40923E+21,8.26909E+15,4.88337E+16
59002,8,4,17,2,2018,12,17,6,3,2,6,2,0,1,0,0,0,0,1,4.89121E+20,5.34371E+21,8.85347E+15,4.82465E+16
59003,8,1,26,66,2018,12,6,4,3,4,6,2,0,1,0,0,0,0,1,5.39052E+20,5.45134E+21,9.53621E+15,4.92136E+16
59004,8,1,18,48,2018,12,10,5,3,1,6,0,0,1,0,0,0,0,0,5.13407E+20,5.4153E+21,9.1829E+15,4.88905E+16
59005,8,3,17,65,2018,12,17,7,3,5,2,2,0,1,0,0,0,0,1,4.14053E+20,5.35413E+21,7.8403E+15,4.83345E+16
59006,8,1,11,0,2018,12,14,3,3,5,3,0,0,1,0,0,0,1,0,5.16194E+20,5.40868E+21,9.22066E+15,4.88309E+16
59007,8,1,11,0,2018,12,20,6,2,6,4,2,0,1,1,0,0,0,1,5.15315E+20,5.39943E+21,9.20833E+15,4.87477E+16
59008,8,2,16,7,2018,12,17,4,3,2,6,2,0,1,0,0,0,0,0,4.3538E+20,5.3994E+21,8.12101E+15,4.87442E+16
59009,8,4,37,65,2018,12,10,6,2,5,3,0,0,1,0,0,0,0,0,5.16938E+20,5.31468E+21,9.227E+15,4.79852E+16
59010,8,2,31,0,2018,12,16,2,3,0,6,2,0,0,0,1,0,0,1,4.77892E+20,5.41607E+21,8.69836E+15,4.88972E+16
59011,8,1,17,26,2018,12,14,5,2,6,4,0,0,1,1,0,0,0,1,5.49529E+20,5.39506E+21,9.67321E+15,4.87066E+16
59012,8,4,25,141,2018,12,15,3,3,4,1,0,0,1,0,0,0,0,2,5.64701E+20,5.36366E+21,9.87453E+15,4.84227E+16
59013,8,2,15,66,2018,12,18,6,3,5,2,2,1,1,0,0,0,0,1,4.60645E+20,5.45417E+21,8.45934E+15,4.92391E+16
59014,8,2,26,95,2018,12,17,1,3,2,6,2,0,1,0,0,0,0,1,4.7196E+20,5.45905E+21,8.61444E+15,4.92836E+16
59015,8,1,15,50,2018,12,20,3,2,6,4,2,0,1,1,0,0,0,1,4.89719E+20,5.40065E+21,8.86011E+15,4.87587E+16
59016,8,1,11,0,2018,12,12,6,3,3,6,0,0,1,0,0,0,0,0,5.13917E+20,5.4061E+21,9.18954E+15,4.88077E+16
59017,8,4,35,47,2018,12,10,4,3,3,6,0,1,1,0,0,0,0,0,5.11381E+20,5.29618E+21,9.15204E+15,4.78189E+16
59018,8,2,22,0,2018,12,7,7,3,5,3,1,0,1,0,0,0,1,0,4.64461E+20,5.47715E+21,8.50972E+15,4.9446E+16
59019,8,3,36,6,2018,12,7,2,3,1,6,2,0,1,0,0,0,0,1,3.91437E+20,5.28877E+21,7.5518E+15,4.77431E+16
59020,8,4,35,16,2018,12,5,5,3,5,3,2,1,1,0,0,0,0,1,5.36821E+20,5.28001E+21,9.49052E+15,4.76725E+16
59021,8,1,21,0,2018,12,16,1,3,2,6,0,0,1,0,0,0,0,1,5.15946E+20,5.44375E+21,9.21865E+15,4.91463E+16
59022,8,2,16,43,2018,12,12,4,3,8,7,0,0,0,0,0,1,0,0,4.42424E+20,5.41196E+21,8.21506E+15,4.88579E+16
59023,8,1,17,26,2018,12,8,5,3,1,6,0,0,1,0,0,0,0,1,5.46196E+20,5.3924E+21,9.62762E+15,4.86829E+16
59024,8,4,15,78,2018,12,10,6,3,8,6,0,0,1,0,0,0,0,1,5.32822E+20,5.36646E+21,9.44388E+15,4.84504E+16
59025,8,1,25,102,2018,12,17,4,3,5,3,2,0,1,0,0,0,0,0,5.22167E+20,5.44274E+21,9.3039E+15,4.91371E+16
59026,8,1,25,86,2018,12,17,2,3,3,3,2,0,1,0,0,0,0,0,5.04572E+20,5.44289E+21,9.06269E+15,4.91388E+16
59027,8,3,17,96,2018,12,16,3,3,3,6,0,0,1,0,0,1,0,0,4.18936E+20,5.36981E+21,7.90314E+15,4.84761E+16
59028,8,1,15,28,2018,12,1,6,3,3,6,2,0,1,0,0,1,0,0,4.9803E+20,5.40418E+21,8.97318E+15,4.87907E+16
59029,8,2,15,9,2018,12,0,1,3,5,3,2,0,1,0,0,0,0,1,4.70126E+20,5.44077E+21,8.59059E+15,4.9119E+16
59030,8,2,25,117,2018,12,7,5,3,8,1,0,0,1,0,0,0,0,1,5.18763E+20,5.47458E+21,9.25872E+15,4.94236E+16
59031,8,1,28,64,2018,12,21,1,3,9,1,2,0,1,0,0,0,0,1,5.34042E+20,5.50278E+21,9.47185E+15,4.96766E+16
59032,8,1,18,19,2018,12,16,2,3,3,6,2,0,0,0,0,1,1,0,5.01825E+20,5.40459E+21,9.02485E+15,4.87943E+16
59033,8,3,27,36,2018,12,9,3,3,4,6,0,0,1,0,0,0,0,2,4.92231E+20,5.3182E+21,8.89582E+15,4.80171E+16
59034,8,2,16,17,2018,12,20,6,3,6,4,2,0,1,1,0,0,0,1,4.51939E+20,5.39937E+21,8.34624E+15,4.87455E+16
59035,8,2,37,74,2018,12,14,1,3,9,1,0,0,1,0,0,0,0,1,4.68558E+20,5.36942E+21,8.57457E+15,4.84772E+16
59036,8,1,28,64,2018,12,17,3,3,9,1,2,0,1,0,0,0,0,1,5.3461E+20,5.50097E+21,9.47956E+15,4.96603E+16
59037,8,4,21,0,2018,12,23,5,3,8,7,2,0,1,0,0,0,0,0,5.71738E+20,5.35236E+21,9.9677E+15,4.83203E+16
59038,8,3,36,91,2018,12,17,4,3,2,6,2,0,1,0,0,0,1,0,3.95833E+20,5.27436E+21,7.61386E+15,4.76142E+16
59039,8,1,26,39,2018,12,22,7,3,8,1,2,0,1,0,0,0,0,1,5.52705E+20,5.46276E+21,9.72517E+15,4.93153E+16
59040,8,3,36,69,2018,12,15,2,3,4,6,0,0,1,0,0,0,0,0,4.0807E+20,5.27373E+21,7.7768E+15,4.76104E+16
59041,8,4,21,0,2018,12,13,5,3,2,6,0,0,1,0,0,0,0,0,5.72152E+20,5.36142E+21,9.97485E+15,4.84018E+16
59042,8,1,25,49,2018,12,3,1,3,8,1,2,0,1,0,0,0,0,1,5.00062E+20,5.45026E+21,9.00085E+15,4.92052E+16
59043,8,3,25,57,2018,12,8,6,3,5,3,0,0,1,0,0,0,0,0,4.72858E+20,5.35693E+21,8.63356E+15,4.8365E+16
59044,8,1,19,6,2018,12,17,4,3,5,3,2,0,1,0,0,0,0,1,5.36545E+20,5.42234E+21,9.49918E+15,4.89529E+16
59045,8,4,25,71,2018,12,17,2,2,6,4,2,0,1,1,0,0,0,1,5.50365E+20,5.37082E+21,9.68163E+15,4.84884E+16
59046,8,2,26,85,2018,12,11,3,3,2,6,0,0,0,0,0,1,1,0,4.90544E+20,5.45469E+21,8.87008E+15,4.92449E+16
59047,8,1,27,62,2018,12,12,6,3,0,1,0,0,1,0,0,0,0,1,5.45066E+20,5.43105E+21,9.61652E+15,4.90307E+16
59048,8,2,12,0,2018,12,7,5,3,5,2,1,1,0,0,0,0,1,0,4.55145E+20,5.42812E+21,8.38669E+15,4.90044E+16
59049,8,1,17,26,2018,12,17,3,3,6,2,2,0,1,1,0,0,0,1,5.47202E+20,5.39501E+21,9.64158E+15,4.87064E+16
59050,8,4,25,2,2018,12,5,5,3,5,3,2,0,1,0,0,0,0,1,5.53988E+20,5.35344E+21,9.72843E+15,4.83319E+16
59051,8,3,26,74,2018,12,21,4,3,5,3,2,0,1,0,0,0,0,0,4.56008E+20,5.31718E+21,8.41019E+15,4.80064E+16
59052,8,1,15,3,2018,12,13,7,3,5,3,0,0,1,0,0,0,0,1,4.99034E+20,5.39265E+21,8.98687E+15,4.86869E+16
59053,8,1,26,47,2018,12,17,3,3,2,6,2,0,1,0,0,0,0,1,5.49371E+20,5.45227E+21,9.678E+15,4.92213E+16
59054,8,4,16,22,2018,12,21,5,3,5,3,2,0,1,0,0,0,0,0,5.10657E+20,5.37459E+21,9.14433E+15,4.85243E+16
59055,8,3,35,57,2018,12,7,4,3,5,3,1,0,1,0,0,0,1,1,5.03071E+20,5.30343E+21,9.04108E+15,4.78842E+16
59056,8,1,21,0,2018,12,13,7,3,1,6,0,0,1,0,0,0,0,1,5.15963E+20,5.44626E+21,9.21899E+15,4.91689E+16
59057,8,3,26,74,2018,12,18,2,3,4,1,2,0,1,0,0,0,0,1,4.67146E+20,5.32345E+21,8.55903E+15,4.80634E+16
59058,8,4,15,61,2018,12,6,5,2,5,3,2,0,1,0,1,0,0,1,5.13416E+20,5.37755E+21,9.1818E+15,4.85509E+16
59059,8,1,16,71,2018,12,7,4,3,4,2,2,0,1,0,0,0,0,1,5.27064E+20,5.39032E+21,9.36756E+15,4.86654E+16
59060,8,3,11,0,2018,12,13,6,2,5,2,0,1,1,0,0,0,0,0,4.14573E+20,5.31806E+21,7.85457E+15,4.80101E+16
59061,8,1,18,79,2018,12,15,4,3,0,7,0,1,0,0,0,0,0,0,5.08093E+20,5.42292E+21,9.11055E+15,4.89591E+16
59062,8,1,16,42,2018,12,15,2,3,5,2,0,0,1,0,1,0,0,1,5.17962E+20,5.38166E+21,9.24357E+15,4.85878E+16
59063,8,2,31,0,2018,12,10,3,2,2,6,0,0,0,0,0,1,0,0,4.79356E+20,5.4182E+21,8.71823E+15,4.89164E+16
59064,8,3,35,99,2018,12,10,5,3,8,7,0,0,0,0,0,1,0,1,4.96923E+20,5.29891E+21,8.95888E+15,4.78435E+16
59065,8,1,19,6,2018,12,8,5,3,2,1,0,0,1,0,0,0,0,2,5.39183E+20,5.42133E+21,9.5351E+15,4.89436E+16
59066,8,1,15,13,2018,12,17,3,3,2,6,2,0,1,0,0,0,0,1,4.95462E+20,5.39024E+21,8.93836E+15,4.86652E+16
59067,8,3,27,33,2018,12,6,5,3,8,1,2,0,1,0,0,0,0,1,4.88499E+20,5.32477E+21,8.84559E+15,4.80761E+16
59068,8,2,22,0,2018,12,16,4,3,2,6,2,0,1,0,0,0,0,0,4.67847E+20,5.47812E+21,8.55635E+15,4.94549E+16
59069,8,1,19,20,2018,12,9,1,3,9,1,0,0,1,0,0,0,0,1,5.19762E+20,5.40575E+21,9.26914E+15,4.88044E+16
59070,8,1,25,113,2018,12,18,1,3,4,6,2,0,1,0,0,0,0,1,5.27061E+20,5.45327E+21,9.3717E+15,4.92316E+16
59071,8,4,36,55,2018,12,18,6,3,1,5,2,1,1,0,0,0,0,0,5.7629E+20,5.29717E+21,1.00193E+16,4.78234E+16
59072,8,2,12,0,2018,12,6,2,3,6,2,2,0,1,1,0,0,0,1,4.55072E+20,5.42749E+21,8.38576E+15,4.89987E+16
59073,8,1,11,0,2018,12,19,4,3,2,7,2,0,1,0,0,0,0,0,5.12192E+20,5.39662E+21,9.16577E+15,4.87225E+16
59074,8,2,16,7,2018,12,23,6,3,5,2,2,0,1,0,0,0,0,1,4.35525E+20,5.39681E+21,8.12339E+15,4.8721E+16
59075,8,3,35,2,2018,12,13,1,2,4,6,0,0,1,0,0,0,0,1,5.05511E+20,5.29003E+21,9.07355E+15,4.77636E+16
59076,8,3,16,56,2018,12,9,2,3,2,6,0,0,1,0,0,0,0,1,4.21332E+20,5.32598E+21,7.94372E+15,4.80822E+16
59077,8,3,27,18,2018,12,7,5,3,4,2,1,0,1,0,0,0,0,1,4.74913E+20,5.3072E+21,8.66423E+15,4.79177E+16
59078,8,1,11,0,2018,12,17,4,3,2,6,2,0,1,0,0,0,0,1,5.07781E+20,5.39744E+21,9.10581E+15,4.87299E+16
59079,8,2,22,0,2018,12,7,6,3,2,6,0,0,1,0,0,0,1,0,4.64723E+20,5.47696E+21,8.51335E+15,4.94443E+16
59080,8,1,11,0,2018,12,15,2,3,2,6,0,0,1,0,0,0,0,1,5.14808E+20,5.40469E+21,9.20163E+15,4.8795E+16
59081,8,2,11,0,2018,12,16,3,3,5,2,1,0,1,0,1,0,0,0,4.39282E+20,5.39827E+21,8.17424E+15,4.87345E+16
59082,8,3,26,74,2018,12,11,5,3,5,3,0,1,1,0,0,0,0,0,4.59558E+20,5.32416E+21,8.45711E+15,4.80694E+16
59083,8,1,16,33,2018,12,14,5,3,4,6,0,0,1,0,0,0,0,1,5.30235E+20,5.38992E+21,9.41059E+15,4.86616E+16
59084,8,3,17,5,2018,12,17,7,3,5,2,2,0,1,0,0,0,0,1,4.24114E+20,5.37558E+21,7.97214E+15,4.85287E+16
59085,8,4,36,82,2018,12,18,2,3,2,7,2,0,1,0,0,0,0,1,5.48483E+20,5.29465E+21,9.64749E+15,4.78034E+16
59086,8,3,26,3,2018,12,7,5,3,2,6,1,0,1,0,0,0,0,1,4.64329E+20,5.31918E+21,8.52158E+15,4.80249E+16
59087,8,2,31,0,2018,12,13,4,3,2,6,0,0,1,0,0,0,0,0,4.7884E+20,5.41457E+21,8.71138E+15,4.88838E+16
59088,8,1,17,49,2018,12,12,1,3,2,6,0,0,1,0,0,0,0,1,5.57296E+20,5.3926E+21,9.77844E+15,4.86838E+16
59089,8,4,25,108,2018,12,12,6,3,5,3,0,0,1,0,0,0,0,0,5.48867E+20,5.35989E+21,9.66009E+15,4.83903E+16
59090,8,1,27,76,2018,12,12,4,2,5,3,0,0,1,0,0,0,0,0,5.53836E+20,5.44043E+21,9.73773E+15,4.91144E+16
59091,8,2,22,0,2018,12,21,2,3,5,3,2,0,1,0,0,0,0,1,4.61309E+20,5.48764E+21,8.46522E+15,4.95401E+16
59092,8,1,17,26,2018,12,10,5,3,1,5,0,0,1,0,0,1,0,1,5.48887E+20,5.39405E+21,9.66436E+15,4.86976E+16
59093,8,3,37,126,2018,12,18,3,3,2,1,2,0,1,0,0,0,0,0,4.45093E+20,5.27567E+21,8.26912E+15,4.76321E+16
59094,8,2,15,103,2018,12,9,6,3,1,2,0,0,1,0,0,0,0,0,4.688E+20,5.4412E+21,8.57238E+15,4.91229E+16
59095,8,2,26,96,2018,12,21,1,2,5,3,2,0,1,0,0,0,0,1,4.73104E+20,5.48806E+21,8.62821E+15,4.95446E+16
59096,8,1,15,28,2018,12,10,3,3,2,6,0,0,1,0,0,1,1,1,5.0131E+20,5.4039E+21,9.01784E+15,4.87881E+16
59097,8,3,27,13,2018,12,13,5,2,4,6,0,0,0,0,0,1,1,0,4.90553E+20,5.32869E+21,8.87309E+15,4.81114E+16
59098,8,4,26,21,2018,12,17,4,2,4,1,2,0,1,0,0,0,0,1,5.5721E+20,5.32893E+21,9.76859E+15,4.8111E+16
59099,8,1,16,56,2018,12,17,1,3,5,3,2,0,1,0,0,0,0,1,5.29887E+20,5.39557E+21,9.40628E+15,4.87125E+16
59100,8,1,25,102,2018,12,22,7,3,9,1,2,0,1,0,0,0,0,1,5.21797E+20,5.44497E+21,9.29895E+15,4.91572E+16
59101,8,3,37,65,2018,12,17,2,3,5,3,2,0,1,0,0,0,0,1,4.51111E+20,5.27345E+21,8.34946E+15,4.76126E+16
59102,8,3,26,74,2018,12,7,5,3,6,4,1,0,1,1,0,0,0,1,4.61716E+20,5.32335E+21,8.48616E+15,4.80623E+16
59103,8,1,21,0,2018,12,8,3,3,2,6,0,0,1,0,0,0,0,0,5.12826E+20,5.44851E+21,9.17602E+15,4.91893E+16
59104,8,3,17,65,2018,12,13,5,3,5,3,0,1,1,0,0,0,0,0,4.14205E+20,5.35466E+21,7.84224E+15,4.83393E+16
59105,8,4,36,52,2018,12,17,4,3,2,6,2,0,1,0,0,0,0,1,5.66387E+20,5.293E+21,9.88632E+15,4.7787E+16
59106,8,2,36,46,2018,12,13,7,3,2,6,0,0,1,0,0,0,0,1,4.82722E+20,5.41784E+21,8.76418E+15,4.89133E+16
59107,8,4,16,36,2018,12,17,2,3,5,3,2,0,1,0,0,0,0,1,4.96721E+20,5.36874E+21,8.95563E+15,4.84717E+16
59108,8,3,17,57,2018,12,10,5,3,5,3,0,0,1,0,0,0,0,1,4.14537E+20,5.3823E+21,7.84107E+15,4.8588E+16
59109,8,2,16,43,2018,12,7,4,3,5,2,1,1,1,0,0,0,0,1,4.42106E+20,5.41194E+21,8.21072E+15,4.88577E+16
59110,8,1,16,7,2018,12,17,1,3,9,7,2,0,1,0,0,0,0,1,5.33066E+20,5.40111E+21,9.44994E+15,4.87621E+16
59111,8,4,16,41,2018,12,18,6,3,2,6,2,0,1,0,0,0,0,1,5.04462E+20,5.37212E+21,9.0604E+15,4.85022E+16
59112,8,2,26,85,2018,12,10,4,2,2,6,0,0,0,0,0,1,0,0,4.94454E+20,5.4527E+21,8.92383E+15,4.92271E+16
59113,8,1,36,65,2018,12,18,2,2,6,4,2,0,1,1,0,0,0,1,5.58835E+20,5.40593E+21,9.80125E+15,4.88035E+16
59114,8,3,26,6,2018,12,7,3,3,6,4,1,0,1,1,0,0,0,1,4.59403E+20,5.30886E+21,8.45649E+15,4.79318E+16
59115,8,1,25,1,2018,12,0,6,3,8,1,2,0,1,0,0,0,0,0,5.20582E+20,5.43547E+21,9.2818E+15,4.90717E+16
59116,8,2,36,33,2018,12,19,1,3,4,2,2,0,1,0,0,0,0,1,4.82813E+20,5.42951E+21,8.76494E+15,4.90182E+16
59117,8,1,27,14,2018,12,15,3,3,5,3,0,1,1,0,0,0,0,1,5.78185E+20,5.444E+21,1.0072E+16,4.91439E+16
59118,8,3,17,98,2018,12,18,5,3,5,3,2,0,1,0,0,0,0,0,4.37447E+20,5.36989E+21,8.15356E+15,4.8479E+16
59119,8,3,35,79,2018,12,9,4,3,1,5,0,0,1,0,0,0,0,1,5.00977E+20,5.30014E+21,9.01307E+15,4.78546E+16
59120,8,1,16,19,2018,12,13,1,3,4,2,0,0,1,0,0,0,0,1,5.22302E+20,5.39641E+21,9.30322E+15,4.87204E+16
59121,8,1,25,102,2018,12,11,7,3,4,2,0,0,1,0,0,0,0,0,5.226E+20,5.4429E+21,9.30984E+15,4.91385E+16
59122,8,3,36,84,2018,12,7,2,3,2,6,1,0,1,0,0,0,0,1,4.05446E+20,5.277E+21,7.74118E+15,4.76394E+16
59123,8,3,16,3,2018,12,16,5,2,5,3,0,0,1,0,0,0,0,1,4.28451E+20,5.34005E+21,8.03693E+15,4.82097E+16
59124,8,1,16,37,2018,12,18,1,3,5,3,2,0,1,0,0,0,0,1,5.36324E+20,5.40159E+21,9.49431E+15,4.87663E+16
59125,8,3,17,57,2018,12,17,6,3,2,6,2,0,1,0,0,0,0,1,4.13492E+20,5.38141E+21,7.82709E+15,4.85798E+16
59126,8,1,18,71,2018,12,18,4,3,2,6,2,0,1,0,0,0,0,0,5.0948E+20,5.41862E+21,9.12941E+15,4.89205E+16
59127,8,1,16,20,2018,12,17,2,3,2,6,2,0,1,0,0,0,0,1,5.26985E+20,5.38134E+21,9.36591E+15,4.85846E+16
59128,8,1,18,11,2018,12,16,4,3,2,6,1,0,1,0,0,0,0,0,5.06263E+20,5.4086E+21,9.08534E+15,4.88303E+16
59129,8,3,37,62,2018,12,17,6,2,4,2,2,0,1,0,1,0,0,0,4.56637E+20,5.27822E+21,8.42252E+15,4.76559E+16
59130,8,1,25,111,2018,12,6,4,3,4,6,2,0,1,0,0,0,1,0,5.25935E+20,5.45411E+21,9.3563E+15,4.92392E+16
59131,8,1,18,76,2018,12,10,2,3,6,4,0,0,1,1,0,0,0,0,5.04485E+20,5.42323E+21,9.06127E+15,4.8962E+16
59132,8,3,16,43,2018,12,7,3,3,2,6,2,0,1,0,0,0,0,0,4.10454E+20,5.33287E+21,7.79624E+15,4.81428E+16
59133,8,1,28,14,2018,12,17,6,3,4,7,2,0,1,0,0,0,1,1,5.41511E+20,5.47966E+21,9.57293E+15,4.94682E+16
59134,8,2,15,46,2018,12,16,1,3,2,6,0,0,1,0,0,0,0,1,4.49374E+20,5.41672E+21,8.30921E+15,4.89014E+16
59135,8,2,26,103,2018,12,17,5,3,6,7,2,0,1,1,0,0,0,0,4.70773E+20,5.45729E+21,8.59825E+15,4.92677E+16
59136,8,1,25,102,2018,12,22,3,3,4,2,2,0,1,0,0,0,0,1,5.22371E+20,5.44273E+21,9.3067E+15,4.9137E+16
59137,8,3,11,0,2018,12,15,5,3,2,6,0,0,1,0,0,1,0,0,4.14629E+20,5.31595E+21,7.85574E+15,4.79911E+16
59138,8,4,35,16,2018,12,12,4,3,0,6,0,1,1,0,0,0,0,0,5.33565E+20,5.27845E+21,9.44701E+15,4.76586E+16
59139,8,1,15,1,2018,12,17,1,3,6,4,2,0,1,1,0,0,0,1,4.92383E+20,5.39168E+21,8.89653E+15,4.86781E+16
59140,8,1,18,48,2018,12,15,7,3,2,6,0,0,1,0,0,0,0,1,5.15374E+20,5.41454E+21,9.20971E+15,4.88836E+16
59141,8,3,26,74,2018,12,18,2,2,6,4,2,0,1,1,0,0,0,1,4.65643E+20,5.32317E+21,8.53887E+15,4.80609E+16
59142,8,2,12,0,2018,12,14,5,3,5,3,0,0,1,0,0,0,0,1,4.56985E+20,5.42831E+21,8.41182E+15,4.90062E+16
59143,8,1,15,3,2018,12,13,4,3,2,6,0,0,1,0,0,0,0,0,4.98144E+20,5.3928E+21,8.97479E+15,4.86882E+16
59144,8,2,36,67,2018,12,13,6,3,3,6,0,0,1,0,0,0,1,0,4.85205E+20,5.41132E+21,8.79831E+15,4.88547E+16
59145,8,1,15,21,2018,12,13,2,3,2,6,0,0,1,0,0,0,0,0,4.89788E+20,5.38255E+21,8.86151E+15,4.85959E+16
59146,8,2,21,0,2018,12,18,3,3,4,2,2,0,1,0,0,0,0,1,4.75083E+20,5.47142E+21,8.65661E+15,4.9395E+16
59147,8,2,12,0,2018,12,19,5,2,2,6,2,0,1,0,0,0,0,1,4.50093E+20,5.43187E+21,8.31716E+15,4.90377E+16
59148,8,1,18,48,2018,12,17,5,3,2,6,1,0,1,0,0,0,0,0,5.11379E+20,5.41882E+21,9.15534E+15,4.89222E+16
59149,8,1,11,0,2018,12,16,3,3,2,6,2,0,1,0,0,1,0,1,5.18511E+20,5.40171E+21,9.25191E+15,4.87681E+16
59150,8,2,12,0,2018,12,7,5,3,6,7,2,0,1,1,0,0,0,1,4.52087E+20,5.42781E+21,8.34491E+15,4.90013E+16
59151,8,2,12,0,2018,12,7,3,3,2,6,1,0,1,0,0,0,1,0,4.59001E+20,5.42716E+21,8.43951E+15,4.8996E+16
59152,8,2,35,46,2018,12,10,5,3,6,2,0,0,1,1,0,0,0,1,4.79902E+20,5.37735E+21,8.72767E+15,4.85489E+16
59153,8,2,25,1,2018,12,17,5,2,4,6,2,0,1,0,0,0,0,0,5.25833E+20,5.47272E+21,9.3561E+15,4.94066E+16
59154,8,1,16,16,2018,12,17,3,3,2,6,2,0,1,0,0,0,0,1,5.33472E+20,5.38432E+21,9.4541E+15,4.86111E+16
59155,8,2,35,6,2018,12,15,5,3,4,2,0,0,1,0,0,0,0,1,4.69286E+20,5.38019E+21,8.58362E+15,4.85741E+16
59156,8,3,17,1,2018,12,10,4,3,2,6,0,0,1,0,0,0,0,0,4.30464E+20,5.38628E+21,8.05635E+15,4.86257E+16
59157,8,1,11,0,2018,12,3,1,3,9,1,2,0,1,0,0,0,0,1,5.12393E+20,5.40657E+21,9.1688E+15,4.8812E+16
59158,8,1,11,0,2018,12,15,7,3,2,6,0,0,1,0,0,0,0,1,5.15718E+20,5.40619E+21,9.21407E+15,4.88085E+16
59159,8,3,15,132,2018,12,16,2,3,2,6,1,0,1,0,0,0,0,0,4.08739E+20,5.32155E+21,7.77561E+15,4.80407E+16
59160,8,2,35,85,2018,12,16,5,2,4,6,2,0,1,0,0,0,0,1,4.80877E+20,5.39404E+21,8.74011E+15,4.86991E+16
59161,8,1,11,0,2018,12,6,4,3,2,6,2,0,1,0,0,0,0,1,5.13662E+20,5.40622E+21,9.18607E+15,4.88089E+16
59162,8,2,16,13,2018,12,18,6,3,5,3,2,1,1,0,0,0,0,1,4.52945E+20,5.3925E+21,8.3607E+15,4.86838E+16
59163,8,4,26,21,2018,12,18,1,2,5,2,2,0,1,0,1,0,0,1,5.65433E+20,5.32495E+21,9.87843E+15,4.80744E+16
59164,8,2,12,0,2018,12,15,3,3,2,6,0,0,1,0,0,0,1,0,4.53789E+20,5.42826E+21,8.36814E+15,4.90055E+16
59165,8,2,31,0,2018,12,15,5,3,2,6,0,0,1,0,0,0,0,0,4.78078E+20,5.41765E+21,8.70082E+15,4.89114E+16
59166,8,1,15,2,2018,12,10,5,3,5,3,0,0,1,0,0,0,0,0,4.99739E+20,5.38649E+21,8.99646E+15,4.86315E+16
59167,8,3,36,84,2018,12,10,7,2,9,1,0,0,1,0,0,0,0,1,4.06775E+20,5.28211E+21,7.75778E+15,4.76857E+16
59168,8,4,36,64,2018,12,18,2,3,5,2,2,0,1,0,0,0,0,1,5.44225E+20,5.29208E+21,9.59036E+15,4.77805E+16
59169,8,2,36,40,2018,12,13,5,3,5,7,0,0,1,0,1,0,0,1,4.8557E+20,5.42016E+21,8.80298E+15,4.89342E+16
59170,8,2,16,24,2018,12,4,4,2,9,1,2,0,1,0,0,0,0,2,4.46383E+20,5.40916E+21,8.26939E+15,4.88331E+16
59171,8,4,35,34,2018,12,1,7,2,0,1,2,1,0,0,0,0,0,1,5.25996E+20,5.2833E+21,9.3465E+15,4.77026E+16
59172,8,4,25,75,2018,12,12,6,3,9,1,0,0,1,0,0,0,0,0,5.66663E+20,5.37679E+21,9.90314E+15,4.85407E+16
59173,8,1,27,99,2018,12,15,4,3,2,6,0,0,1,0,0,0,0,0,5.62072E+20,5.44718E+21,9.85162E+15,4.91743E+16
59174,8,2,15,94,2018,12,16,2,3,5,3,0,0,1,0,0,0,0,0,4.86026E+20,5.43878E+21,8.80856E+15,4.91017E+16
59175,8,4,37,123,2018,12,6,3,3,9,1,2,0,1,0,0,0,0,1,5.03285E+20,5.30993E+21,9.04398E+15,4.79427E+16
59176,8,2,12,0,2018,12,18,6,3,2,6,2,0,1,0,0,1,0,1,4.54628E+20,5.4268E+21,8.37976E+15,4.89924E+16
59177,8,3,17,1,2018,12,5,4,3,5,3,2,0,0,0,0,1,0,0,4.28945E+20,5.38967E+21,8.03516E+15,4.8656E+16
59178,8,4,36,8,2018,12,6,7,3,9,1,2,0,1,0,0,0,0,0,5.52302E+20,5.31308E+21,9.70072E+15,4.79689E+16
59179,8,4,37,88,2018,12,17,6,2,6,4,2,0,1,1,0,0,0,1,5.18739E+20,5.30791E+21,9.25084E+15,4.79243E+16
59180,8,2,35,84,2018,12,17,2,3,2,6,1,0,1,0,0,0,0,1,4.79717E+20,5.39168E+21,8.72446E+15,4.86779E+16
59181,8,4,36,81,2018,12,17,3,3,5,3,2,0,1,0,0,0,0,1,5.60224E+20,5.27981E+21,9.80223E+15,4.76689E+16
59182,8,2,16,22,2018,12,8,6,3,5,2,0,0,1,0,0,0,0,0,4.33947E+20,5.40495E+21,8.10063E+15,4.8794E+16
59183,8,2,26,98,2018,12,2,1,3,8,6,2,0,1,0,0,0,1,1,4.76242E+20,5.45782E+21,8.67339E+15,4.92726E+16