OBJECTID_1,ULAND,UREGBEZ,UKREIS,UGEMEINDE,UJAHR,UMONAT,USTUNDE,UWOCHENTAG,UKATEGORIE,UART,UTYP1,ULICHTVERH,IstRad,IstPKW,IstFuss,IstKrad,IstGkfz,IstSonstig,STRZUSTAND,LINREFX,LINREFY,XGCSWGS84,YGCSWGS84
59184,8,1,15,28,2018,12,8,3,3,2,6,0,0,1,0,0,0,0,1,5.02238E+20,5.40168E+21,9.03045E+15,4.87681E+16
59185,8,2,26,96,2018,12,6,5,3,6,7,2,0,0,1,1,0,0,1,4.75086E+20,5.48859E+21,8.65557E+15,4.95494E+16
59186,8,4,36,3,2018,12,20,4,3,5,3,2,0,1,0,0,0,1,1,5.77712E+20,5.30359E+21,1.00394E+16,4.7881E+16
59187,8,4,36,55,2018,12,17,7,3,6,4,2,0,1,1,0,0,0,1,5.76441E+20,5.29736E+21,1.00213E+16,4.78251E+16
59188,8,2,22,0,2018,12,0,7,3,3,1,2,0,1,0,0,0,0,1,4.62007E+20,5.48153E+21,8.47544E+15,4.94852E+16
59189,8,4,15,29,2018,12,17,2,3,4,6,2,0,1,0,0,0,0,1,5.23293E+20,5.37955E+21,9.31575E+15,4.85686E+16
59190,8,2,25,58,2018,12,18,5,3,5,3,2,1,1,0,0,0,0,1,5.0999E+20,5.46617E+21,9.13754E+15,4.93482E+16
59191,8,2,12,0,2018,12,7,4,3,2,6,0,0,1,0,0,0,0,0,4.63482E+20,5.42204E+21,8.50122E+15,4.89502E+16
59192,8,4,35,57,2018,12,16,7,3,5,3,1,0,1,0,0,0,0,0,5.4474E+20,5.27997E+21,9.596E+15,4.76716E+16
59193,8,4,15,58,2018,12,16,6,3,5,3,1,0,1,0,0,0,0,0,5.28665E+20,5.34672E+21,9.38632E+15,4.82731E+16
59194,8,1,25,102,2018,12,17,4,3,5,2,1,0,1,0,0,0,1,0,5.22595E+20,5.44289E+21,9.30978E+15,4.91385E+16
59195,8,1,25,26,2018,12,18,1,2,9,1,2,0,1,0,0,0,0,1,4.92567E+20,5.44068E+21,8.89813E+15,4.91189E+16
59196,8,1,27,104,2018,12,7,2,2,9,1,0,0,1,0,0,0,0,2,5.80079E+20,5.43538E+21,1.00963E+16,4.90661E+16
59197,8,3,17,153,2018,12,8,3,2,5,3,0,1,1,0,0,0,0,0,4.18681E+20,5.38654E+21,7.89643E+15,4.86266E+16
59198,8,1,15,28,2018,12,15,6,3,2,6,0,0,1,0,0,0,0,0,5.02328E+20,5.40131E+21,9.03169E+15,4.87648E+16
59199,8,2,25,9,2018,12,11,1,3,8,1,0,0,1,0,0,0,0,1,5.15591E+20,5.4664E+21,9.21466E+15,4.93501E+16
59200,8,1,26,11,2018,12,17,3,3,2,6,2,0,1,0,0,0,0,1,5.31019E+20,5.44848E+21,9.4257E+15,4.91883E+16
59201,8,2,26,65,2018,12,18,5,2,4,2,2,0,1,0,0,0,0,1,4.75953E+20,5.45642E+21,8.6695E+15,4.926E+16
59202,8,3,35,75,2018,12,1,4,3,0,7,2,0,1,0,0,0,0,1,4.8709E+20,5.29239E+21,8.82764E+15,4.77848E+16
59203,8,4,26,135,2018,12,5,7,2,8,1,2,0,1,0,0,0,0,0,5.70652E+20,5.33039E+21,9.94939E+15,4.81228E+16
59204,8,2,15,9,2018,12,20,1,3,7,7,2,0,1,0,0,0,1,1,4.66096E+20,5.43821E+21,8.53557E+15,4.90958E+16
59205,8,1,35,19,2018,12,18,3,2,6,2,2,0,1,1,0,0,0,1,5.83866E+20,5.39373E+21,1.01396E+16,4.86909E+16
59206,8,2,16,24,2018,12,9,5,2,8,1,0,1,0,0,0,0,0,1,4.45238E+20,5.40847E+21,8.25387E+15,4.88268E+16
59207,8,4,25,141,2018,12,6,4,3,6,4,2,0,1,1,0,0,0,1,5.65934E+20,5.36316E+21,9.89111E+15,4.84182E+16
59208,8,4,25,110,2018,12,11,7,3,5,3,0,0,1,0,0,0,0,0,5.71376E+20,5.34831E+21,9.96213E+15,4.8284E+16
59209,8,1,15,45,2018,12,19,7,2,5,3,2,0,1,0,0,0,0,1,4.97404E+20,5.3942E+21,8.96472E+15,4.87009E+16
59210,8,3,36,81,2018,12,18,2,3,5,3,2,0,1,0,0,0,0,1,4.12957E+20,5.28E+21,7.84056E+15,4.76676E+16
59211,8,2,16,7,2018,12,18,5,3,4,2,2,0,1,0,1,0,0,0,4.36407E+20,5.3943E+21,8.13577E+15,4.86985E+16
59212,8,1,36,2,2018,12,11,4,3,5,3,0,0,1,0,0,0,0,1,5.73648E+20,5.41605E+21,1.00048E+16,4.8893E+16
59213,8,4,16,36,2018,12,4,7,3,9,1,2,0,1,0,0,0,0,1,4.92316E+20,5.37178E+21,8.89599E+15,4.84991E+16
59214,8,3,35,75,2018,12,12,6,3,3,2,0,1,1,0,0,0,0,0,4.87136E+20,5.2898E+21,8.82834E+15,4.77615E+16
59215,8,1,19,79,2018,12,7,4,3,2,6,2,0,1,0,0,0,0,1,5.2181E+20,5.40932E+21,9.29721E+15,4.88364E+16
59216,8,1,15,41,2018,12,18,2,2,2,6,2,1,1,0,0,0,0,1,4.94409E+20,5.40161E+21,8.92391E+15,4.87675E+16
59217,8,2,26,103,2018,12,10,3,3,2,6,0,0,1,0,0,0,0,0,4.72115E+20,5.45891E+21,8.61658E+15,4.92823E+16
59218,8,1,27,76,2018,12,13,6,3,2,6,0,0,1,0,0,0,0,0,5.53895E+20,5.44289E+21,9.73888E+15,4.91365E+16
59219,8,1,36,82,2018,12,16,1,3,2,6,1,0,1,0,0,0,0,1,5.85603E+20,5.41524E+21,1.01677E+16,4.88842E+16
59220,8,2,16,43,2018,12,15,5,3,4,2,0,0,1,0,0,0,0,1,4.39031E+20,5.41171E+21,8.16883E+15,4.88554E+16
59221,8,1,19,8,2018,12,15,3,3,4,7,0,0,1,0,0,0,0,1,5.31558E+20,5.41834E+21,9.43075E+15,4.89172E+16
59222,8,2,16,22,2018,12,19,5,3,5,2,2,0,1,0,0,0,0,1,4.33947E+20,5.40495E+21,8.10063E+15,4.8794E+16
59223,8,3,27,18,2018,12,7,4,2,4,2,2,0,1,0,0,0,0,1,4.75587E+20,5.30771E+21,8.67321E+15,4.79222E+16
59224,8,4,15,93,2018,12,14,7,2,5,3,0,0,1,0,0,0,0,1,5.29321E+20,5.36632E+21,9.39652E+15,4.84493E+16
59225,8,1,16,20,2018,12,12,7,3,3,7,0,1,1,0,0,0,0,0,5.27586E+20,5.38074E+21,9.37401E+15,4.85792E+16
59226,8,3,17,96,2018,12,16,2,3,3,6,0,0,1,0,0,0,0,1,4.1882E+20,5.37121E+21,7.9013E+15,4.84887E+16
59227,8,2,16,43,2018,12,11,5,3,5,2,0,0,1,0,0,0,0,1,4.3764E+20,5.41212E+21,8.14981E+15,4.88589E+16
59228,8,3,36,91,2018,12,6,7,3,5,3,2,0,1,0,0,0,1,0,3.94784E+20,5.27293E+21,7.60025E+15,4.76012E+16
59229,8,1,11,0,2018,12,18,4,3,5,2,2,0,1,0,0,0,0,0,5.16213E+20,5.40485E+21,9.22077E+15,4.87965E+16
59230,8,2,31,0,2018,12,16,6,3,0,7,0,0,0,1,0,0,1,0,4.7816E+20,5.41606E+21,8.70202E+15,4.88971E+16
59231,8,1,21,0,2018,12,6,7,3,5,3,2,0,1,0,0,0,0,0,5.15771E+20,5.44441E+21,9.21628E+15,4.91523E+16
59232,8,3,26,68,2018,12,15,2,3,4,1,0,0,1,0,0,0,0,2,4.50266E+20,5.32293E+21,8.33254E+15,4.80577E+16
59233,8,2,15,7,2018,12,10,5,3,1,6,0,0,1,0,0,0,0,1,4.78029E+20,5.43166E+21,8.69939E+15,4.90375E+16
59234,8,3,35,100,2018,12,17,7,3,2,2,2,0,1,0,0,0,0,1,4.87689E+20,5.2862E+21,8.83583E+15,4.7729E+16
59235,8,1,17,24,2018,12,22,4,3,0,1,2,0,1,0,0,0,0,1,5.66155E+20,5.38908E+21,9.89822E+15,4.86512E+16
59236,8,3,15,15,2018,12,17,6,3,2,6,1,0,1,0,0,0,0,0,3.98881E+20,5.31526E+21,7.64488E+15,4.79826E+16
59237,8,1,18,11,2018,12,8,4,3,9,1,0,0,0,0,1,0,0,1,5.02196E+20,5.40902E+21,9.02993E+15,4.88342E+16
59238,8,1,16,72,2018,12,7,2,3,1,6,0,0,1,0,0,0,0,0,5.29757E+20,5.39351E+21,9.40436E+15,4.86939E+16
59239,8,2,35,65,2018,12,16,3,3,2,6,1,0,1,0,0,0,0,1,4.73681E+20,5.40396E+21,8.64168E+15,4.87881E+16
59240,8,1,11,0,2018,12,17,5,3,2,6,2,0,1,0,0,0,0,0,5.06338E+20,5.40869E+21,9.08637E+15,4.88312E+16
59241,8,1,25,26,2018,12,14,5,2,2,6,0,0,1,0,0,0,0,0,4.9518E+20,5.44581E+21,8.93389E+15,4.91651E+16
59242,8,1,15,21,2018,12,8,3,3,5,2,0,0,1,0,0,0,0,1,4.91126E+20,5.37936E+21,8.87972E+15,4.85673E+16
59243,8,1,15,45,2018,12,17,5,3,2,6,2,0,1,0,0,0,0,0,5.02517E+20,5.39444E+21,9.0342E+15,4.8703E+16
59244,8,2,26,85,2018,12,17,4,3,2,6,2,0,0,0,0,1,0,1,4.89861E+20,5.45496E+21,8.86069E+15,4.92473E+16
59245,8,3,27,18,2018,12,18,7,2,4,2,2,0,1,0,0,0,0,1,4.74912E+20,5.3072E+21,8.66422E+15,4.79177E+16
59246,8,4,37,100,2018,12,7,6,3,3,6,1,0,1,0,0,1,0,1,5.41188E+20,5.31756E+21,9.55227E+15,4.801E+16
59247,8,2,15,9,2018,12,17,2,2,2,6,2,0,0,0,0,1,1,0,4.67239E+20,5.44193E+21,8.55093E+15,4.91293E+16
59248,8,1,11,0,2018,12,18,4,3,2,6,2,0,1,0,0,0,0,0,5.15191E+20,5.40609E+21,9.20689E+15,4.88076E+16
59249,8,2,16,63,2018,12,16,6,3,9,1,1,0,1,0,0,0,0,0,4.30211E+20,5.39862E+21,8.05084E+15,4.87367E+16
59250,8,3,35,66,2018,12,16,1,3,2,6,2,0,1,0,0,0,0,1,5.02511E+20,5.2863E+21,9.03348E+15,4.77301E+16
59251,8,2,16,43,2018,12,17,3,2,4,6,2,0,1,0,0,0,0,0,4.41554E+20,5.41013E+21,8.20345E+15,4.88414E+16
59252,8,1,11,0,2018,12,16,5,3,2,6,2,0,1,0,0,0,1,0,5.06356E+20,5.40872E+21,9.08661E+15,4.88314E+16
59253,8,4,36,81,2018,12,10,4,3,0,1,0,0,1,0,0,0,0,0,5.62466E+20,5.28177E+21,9.83236E+15,4.76863E+16
59254,8,2,35,8,2018,12,20,7,3,4,1,2,0,1,0,0,0,0,1,4.80821E+20,5.40235E+21,8.73897E+15,4.87739E+16
59255,8,1,11,0,2018,12,15,2,3,5,3,0,0,1,0,0,0,0,0,5.13641E+20,5.40621E+21,9.18578E+15,4.88087E+16
59256,8,2,21,0,2018,12,14,3,3,5,3,0,0,1,0,0,0,0,0,4.72039E+20,5.47298E+21,8.61455E+15,4.94089E+16
59257,8,1,36,88,2018,12,15,5,3,2,1,0,0,1,0,0,0,0,1,5.87057E+20,5.40882E+21,1.01861E+16,4.88263E+16
59258,8,1,17,25,2018,12,16,5,3,2,6,1,0,1,0,0,1,0,1,5.57709E+20,5.38888E+21,9.78352E+15,4.86503E+16
59259,8,3,17,153,2018,12,11,7,2,8,7,0,0,1,0,0,0,0,1,4.2245E+20,5.38648E+21,7.94758E+15,4.86266E+16
59260,8,1,11,0,2018,12,14,3,3,4,6,0,0,1,0,0,0,1,1,5.16685E+20,5.39856E+21,9.22693E+15,4.87398E+16
59261,8,1,36,19,2018,12,15,5,2,5,2,0,0,1,0,0,0,1,1,5.88229E+20,5.42564E+21,1.02057E+16,4.89773E+16
59262,8,2,37,27,2018,12,13,4,3,4,6,0,0,1,0,0,1,0,1,4.80879E+20,5.36941E+21,8.74127E+15,4.84775E+16
59263,8,3,25,60,2018,12,22,7,2,5,3,2,0,1,0,1,0,0,1,4.6954E+20,5.33886E+21,8.59006E+15,4.82023E+16
59264,8,4,26,66,2018,12,16,6,3,8,7,2,0,1,0,0,0,0,0,5.83546E+20,5.32607E+21,1.01218E+16,4.80824E+16
59265,8,2,36,39,2018,12,14,2,3,2,2,0,0,1,0,0,0,0,0,4.9029E+20,5.41088E+21,8.86765E+15,4.88508E+16
59266,8,1,17,37,2018,12,12,5,2,8,1,0,0,0,0,1,0,0,1,5.55186E+20,5.39965E+21,9.75072E+15,4.87474E+16
59267,8,3,36,91,2018,12,16,3,3,0,1,0,0,0,0,1,0,0,0,3.94418E+20,5.27312E+21,7.59534E+15,4.76029E+16
59268,8,2,15,111,2018,12,16,6,3,4,6,2,0,1,0,0,0,0,0,4.58247E+20,5.44755E+21,8.4271E+15,4.91794E+16
59269,8,2,36,46,2018,12,12,1,3,2,6,0,0,1,0,0,0,0,1,4.84409E+20,5.41504E+21,8.78731E+15,4.88881E+16
59270,8,1,18,81,2018,12,17,3,3,5,2,2,0,1,0,0,0,0,1,5.19527E+20,5.4149E+21,9.26636E+15,4.88868E+16
59271,8,1,36,18,2018,12,6,5,2,4,6,2,0,1,0,0,0,1,1,5.88477E+20,5.42893E+21,1.02098E+16,4.9007E+16
59272,8,4,26,44,2018,12,13,4,3,2,6,0,0,1,0,0,0,0,0,5.79602E+20,5.32727E+21,1.00691E+16,4.80937E+16
59273,8,3,17,96,2018,12,19,7,3,2,6,2,0,1,0,0,0,0,1,4.21358E+20,5.36879E+21,7.9361E+15,4.84673E+16
59274,8,2,16,5,2018,12,17,7,3,5,3,2,0,1,0,0,0,0,1,4.45142E+20,5.41697E+21,8.25143E+15,4.89032E+16
59275,8,3,37,51,2018,12,16,2,3,8,1,0,0,1,0,0,0,0,1,4.38079E+20,5.28768E+21,8.17406E+15,4.77395E+16
59276,8,1,28,131,2018,12,7,5,3,5,3,1,0,1,0,0,0,0,0,5.42972E+20,5.51061E+21,9.59648E+15,4.97465E+16
59277,8,1,18,53,2018,12,8,4,3,3,6,0,0,1,0,0,1,0,0,5.17574E+20,5.42829E+21,9.24031E+15,4.90073E+16
59278,8,3,17,96,2018,12,15,7,3,2,6,0,0,1,0,0,0,0,1,4.22198E+20,5.36879E+21,7.94747E+15,4.84674E+16
59279,8,3,15,48,2018,12,17,6,3,2,6,2,0,1,0,0,0,0,0,3.98789E+20,5.31127E+21,7.64458E+15,4.79468E+16
59280,8,1,25,5,2018,12,14,4,3,1,6,0,0,1,0,0,0,0,0,5.15182E+20,5.45246E+21,9.20851E+15,4.92247E+16
59281,8,1,21,0,2018,12,19,2,3,5,3,2,1,1,0,0,0,0,1,5.15893E+20,5.44202E+21,9.21786E+15,4.91308E+16
59282,8,4,17,31,2018,12,11,2,3,2,6,0,0,1,0,0,0,0,1,4.97535E+20,5.35599E+21,8.96673E+15,4.83571E+16
59283,8,1,28,131,2018,12,6,5,3,2,2,2,0,1,0,0,0,0,1,5.41109E+20,5.51078E+21,9.57064E+15,4.97481E+16
59284,8,2,16,15,2018,12,7,4,3,2,6,1,0,1,0,0,0,0,1,4.48904E+20,5.40626E+21,8.3041E+15,4.88072E+16
59285,8,4,16,36,2018,12,20,6,3,3,7,2,1,1,0,0,0,0,1,4.86508E+20,5.37147E+21,8.81737E+15,4.84962E+16
59286,8,1,26,72,2018,12,18,4,3,2,6,2,0,1,0,0,0,0,0,5.42704E+20,5.46402E+21,9.58771E+15,4.93274E+16
59287,8,1,15,42,2018,12,7,2,3,2,6,0,0,1,0,0,0,1,0,4.96065E+20,5.40516E+21,8.94641E+15,4.87994E+16
59288,8,3,26,74,2018,12,21,3,3,9,1,2,0,1,0,0,0,0,1,4.6469E+20,5.32533E+21,8.52591E+15,4.80803E+16
59289,8,1,25,65,2018,12,17,6,3,2,6,2,0,1,0,0,0,0,1,5.16396E+20,5.44771E+21,9.22499E+15,4.9182E+16
59290,8,2,35,20,2018,12,15,1,3,8,1,0,0,1,0,0,0,1,1,4.75579E+20,5.3851E+21,8.66864E+15,4.86185E+16
59291,8,2,25,60,2018,12,19,3,2,8,1,2,0,1,0,0,0,0,1,5.1522E+20,5.48787E+21,9.21038E+15,4.95433E+16
59292,8,1,28,115,2018,12,13,5,3,8,1,0,0,1,0,0,0,0,1,5.45118E+20,5.50216E+21,9.62529E+15,4.96703E+16
59293,8,3,36,103,2018,12,7,4,3,2,6,0,0,1,0,0,0,0,0,4.1336E+20,5.28337E+21,7.84526E+15,4.76979E+16
59294,8,1,26,45,2018,12,19,7,3,9,1,2,0,1,0,0,0,0,1,5.44474E+20,5.47337E+21,9.61311E+15,4.94114E+16
59295,8,3,36,84,2018,12,14,2,3,4,6,0,0,1,0,0,0,0,1,4.0612E+20,5.27565E+21,7.75044E+15,4.76275E+16
59296,8,1,28,139,2018,12,19,5,2,5,3,2,0,1,0,0,0,0,1,5.52333E+20,5.48793E+21,9.72337E+15,4.95417E+16
59297,8,3,17,40,2018,12,9,6,3,2,6,0,0,1,0,0,0,1,0,4.32761E+20,5.3477E+21,8.09372E+15,4.8279E+16
59298,8,1,19,3,2018,12,18,4,3,4,6,2,0,1,0,0,0,0,0,5.34626E+20,5.41702E+21,9.47251E+15,4.89052E+16
59299,8,1,16,68,2018,12,14,2,3,9,1,0,0,1,0,0,0,0,1,5.2596E+20,5.39105E+21,9.35261E+15,4.86719E+16
59300,8,2,26,65,2018,12,11,3,3,1,6,0,0,1,0,0,0,0,0,4.77791E+20,5.45816E+21,8.69466E+15,4.92758E+16
59301,8,1,27,76,2018,12,7,6,2,5,3,1,0,1,0,0,0,1,1,5.61218E+20,5.43815E+21,9.83853E+15,4.90932E+16
59302,8,1,28,64,2018,12,21,5,3,5,3,2,0,1,0,0,0,0,0,5.34611E+20,5.50097E+21,9.47958E+15,4.96603E+16
59303,8,3,17,152,2018,12,19,3,3,2,6,2,0,1,0,0,0,1,0,4.09379E+20,5.34757E+21,7.77866E+15,4.82749E+16
59304,8,1,36,88,2018,12,17,6,3,2,6,1,0,1,0,0,0,0,1,5.79639E+20,5.41467E+21,1.00862E+16,4.88799E+16
59305,8,2,15,7,2018,12,9,1,3,0,7,0,0,1,0,0,0,0,1,4.88906E+20,5.43988E+21,8.84798E+15,4.91117E+16
59306,8,2,22,0,2018,12,9,5,3,1,6,0,0,1,0,0,0,0,0,4.65194E+20,5.484E+21,8.51923E+15,4.95076E+16
59307,8,1,26,39,2018,12,9,3,2,4,6,0,0,1,0,0,0,0,1,5.47839E+20,5.46083E+21,9.658E+15,4.92983E+16
59308,8,1,27,71,2018,12,8,5,3,2,6,0,0,1,0,0,0,0,1,5.74815E+20,5.45549E+21,1.0028E+16,4.92476E+16
59309,8,4,36,39,2018,12,17,4,2,6,6,2,1,0,1,0,0,0,0,5.4903E+20,5.28904E+21,9.65416E+15,4.77529E+16
59310,8,1,19,42,2018,12,15,7,3,9,1,0,0,1,0,0,0,0,0,5.2911E+20,5.41467E+21,9.39707E+15,4.88843E+16
59311,8,4,17,63,2018,12,20,2,2,4,6,2,0,1,0,0,0,0,2,5.05469E+20,5.33775E+21,9.07359E+15,4.8193E+16
59312,8,1,27,14,2018,12,19,5,3,2,2,2,0,1,0,0,0,0,1,5.77332E+20,5.44372E+21,1.00603E+16,4.91415E+16
59313,8,4,15,87,2018,12,14,4,3,5,2,0,0,1,0,0,0,0,1,5.12358E+20,5.38197E+21,9.16759E+15,4.85907E+16
59314,8,3,36,50,2018,12,18,6,3,5,2,2,0,1,0,1,0,0,0,3.98777E+20,5.27431E+21,7.65304E+15,4.76143E+16
59315,8,1,18,79,2018,12,14,4,3,0,7,0,0,1,0,0,0,1,0,5.10753E+20,5.42167E+21,9.14686E+15,4.89479E+16
59316,8,1,16,49,2018,12,7,2,3,2,6,1,0,1,0,0,0,0,1,5.24756E+20,5.38583E+21,9.33595E+15,4.8625E+16
59317,8,2,26,41,2018,12,22,3,3,8,1,2,0,1,0,0,0,0,1,4.77811E+20,5.46728E+21,8.69443E+15,4.93578E+16
59318,8,1,27,63,2018,12,7,5,2,8,1,2,0,1,0,0,0,0,1,5.61448E+20,5.43363E+21,9.841E+15,4.90525E+16
59319,8,1,18,48,2018,12,6,5,3,5,2,2,1,1,0,0,0,0,0,5.1398E+20,5.4148E+21,9.19069E+15,4.8886E+16
59320,8,1,15,13,2018,12,1,3,3,9,1,2,0,1,0,0,0,0,2,4.96568E+20,5.38979E+21,8.9534E+15,4.86611E+16
59321,8,1,26,66,2018,12,6,5,3,5,3,2,1,1,0,0,0,0,1,5.38568E+20,5.44971E+21,9.52941E+15,4.91989E+16
59322,8,2,12,0,2018,12,7,4,3,3,2,0,1,1,0,0,0,0,0,4.55201E+20,5.42874E+21,8.38739E+15,4.90099E+16
59323,8,1,25,86,2018,12,14,1,3,8,1,0,0,1,0,0,0,0,1,4.99437E+20,5.44028E+21,8.99228E+15,4.91153E+16
59324,8,4,36,55,2018,12,17,6,3,5,3,2,0,1,0,1,0,0,0,5.82388E+20,5.29062E+21,1.00995E+16,4.77637E+16
59325,8,2,12,0,2018,12,13,2,3,2,6,0,0,1,0,0,0,0,0,4.60705E+20,5.42893E+21,8.46263E+15,4.90121E+16
59326,8,4,25,17,2018,12,14,3,2,9,1,0,0,1,0,0,0,0,2,5.57449E+20,5.36757E+21,9.77705E+15,4.84587E+16
59327,8,1,26,72,2018,12,14,5,3,2,6,0,0,1,0,0,0,0,1,5.4466E+20,5.46584E+21,9.61484E+15,4.93437E+16
59328,8,3,17,100,2018,12,7,4,3,2,6,0,0,1,0,0,0,0,0,4.23357E+20,5.36636E+21,7.96358E+15,4.84457E+16
59329,8,1,11,0,2018,12,15,7,3,2,6,0,0,1,0,0,0,0,0,5.17171E+20,5.40593E+21,9.23385E+15,4.88061E+16
59330,8,3,15,52,2018,12,18,2,2,4,1,2,0,1,0,0,0,0,2,4.35353E+20,5.30624E+21,8.13493E+15,4.79062E+16
59331,8,1,25,79,2018,12,17,5,2,4,2,2,0,1,0,1,0,0,1,5.12024E+20,5.45416E+21,9.16519E+15,4.92401E+16
59332,8,1,11,0,2018,12,19,4,3,3,7,2,0,1,0,0,0,0,0,5.17237E+20,5.40519E+21,9.23472E+15,4.87995E+16
59333,8,2,21,0,2018,12,7,6,3,1,6,0,0,0,0,0,1,0,1,4.75147E+20,5.46886E+21,8.65765E+15,4.93719E+16
59334,8,4,36,81,2018,12,22,1,3,9,1,2,0,1,0,0,0,0,1,5.55677E+20,5.27595E+21,9.74117E+15,4.76346E+16
59335,8,2,12,0,2018,12,17,3,3,2,6,2,0,1,0,0,0,0,0,4.52202E+20,5.43051E+21,8.34617E+15,4.90256E+16
59336,8,1,26,72,2018,12,11,5,3,9,1,0,0,1,0,0,0,0,0,5.35053E+20,5.46302E+21,9.48233E+15,4.93189E+16
59337,8,1,15,45,2018,12,9,5,3,2,6,0,0,1,0,0,0,1,1,5.00027E+20,5.39559E+21,9.00037E+15,4.87133E+16
59338,8,3,15,64,2018,12,17,7,3,2,6,2,0,1,0,0,0,0,1,4.20995E+20,5.31382E+21,7.94144E+15,4.79728E+16
59339,8,4,36,52,2018,12,17,2,3,2,6,2,0,1,0,0,0,0,2,5.64226E+20,5.29407E+21,9.85764E+15,4.77968E+16
59340,8,1,25,78,2018,12,12,5,3,5,3,0,0,1,0,0,0,0,1,5.1831E+20,5.45407E+21,9.25154E+15,4.92391E+16
59341,8,2,21,0,2018,12,18,4,3,3,6,2,0,1,0,0,0,0,0,4.75821E+20,5.47121E+21,8.66679E+15,4.93931E+16
59342,8,4,25,71,2018,12,13,6,3,2,6,0,0,1,0,0,0,0,0,5.43941E+20,5.36939E+21,9.59455E+15,4.84761E+16
59343,8,1,27,43,2018,12,9,4,2,5,3,0,0,1,0,0,0,0,1,5.68479E+20,5.44665E+21,9.93943E+15,4.91688E+16
59344,8,2,22,0,2018,12,10,2,3,2,6,0,0,1,0,0,0,1,1,4.64634E+20,5.47866E+21,8.51197E+15,4.94596E+16
59345,8,1,16,80,2018,12,17,5,3,1,5,2,0,1,0,1,0,0,0,5.2157E+20,5.39559E+21,9.29323E+15,4.8713E+16
59346,8,3,36,78,2018,12,9,3,2,5,3,0,0,1,0,0,0,0,0,3.98849E+20,5.28993E+21,7.65038E+15,4.77548E+16
59347,8,2,15,9,2018,12,12,6,3,2,6,0,0,1,0,0,0,0,0,4.70859E+20,5.44119E+21,8.6006E+15,4.91229E+16
59348,8,2,12,0,2018,12,8,1,3,9,7,0,0,1,0,0,0,0,1,4.5387E+20,5.43374E+21,8.36862E+15,4.90548E+16
59349,8,1,15,28,2018,12,17,3,3,2,6,2,0,1,0,0,0,0,0,5.02197E+20,5.40176E+21,9.0299E+15,4.87688E+16
59350,8,1,17,24,2018,12,17,2,3,6,7,2,0,1,1,0,0,0,0,5.61268E+20,5.38601E+21,9.83142E+15,4.86241E+16
59351,8,1,35,19,2018,12,14,4,2,2,6,0,0,1,0,0,0,0,0,5.88831E+20,5.40229E+21,1.02089E+16,4.87673E+16
59352,8,1,16,68,2018,12,6,2,3,2,6,2,0,1,0,0,0,0,1,5.26857E+20,5.39051E+21,9.36476E+15,4.86671E+16
59353,8,1,19,44,2018,12,19,6,2,5,3,2,0,1,0,0,0,0,1,5.43421E+20,5.42497E+21,9.59336E+15,4.89761E+16
59354,8,2,16,43,2018,12,7,3,3,0,1,1,1,0,0,0,0,0,2,4.42854E+20,5.41051E+21,8.22112E+15,4.88449E+16
59355,8,1,17,2,2018,12,7,2,2,4,2,0,0,1,0,0,0,0,1,5.40686E+20,5.38714E+21,9.55225E+15,4.8636E+16
59356,8,2,15,101,2018,12,10,1,2,9,1,0,0,1,0,0,0,0,1,4.66257E+20,5.42954E+21,8.5385E+15,4.90178E+16
59357,8,1,18,51,2018,12,15,5,2,4,6,0,0,1,0,0,0,0,0,5.10193E+20,5.41234E+21,9.13898E+15,4.88639E+16
59358,8,1,15,46,2018,12,13,2,2,4,1,0,0,1,0,1,0,0,1,5.09319E+20,5.39094E+21,9.12658E+15,4.86715E+16
59359,8,2,15,9,2018,12,8,5,3,6,2,1,0,1,1,0,0,0,1,4.70099E+20,5.44164E+21,8.59015E+15,4.91268E+16
59360,8,1,15,3,2018,12,10,3,3,4,6,0,0,1,0,0,0,0,0,4.97566E+20,5.39283E+21,8.96693E+15,4.86885E+16
59361,8,1,16,47,2018,12,8,2,3,2,6,0,0,1,0,0,0,0,1,5.20883E+20,5.39379E+21,9.28379E+15,4.86968E+16
59362,8,1,25,103,2018,12,19,7,3,8,1,2,0,1,0,0,0,0,1,5.2932E+20,5.46224E+21,9.40339E+15,4.93121E+16
59363,8,2,15,103,2018,12,18,4,3,2,6,2,0,1,0,0,0,0,1,4.67476E+20,5.44291E+21,8.5541E+15,4.91382E+16
59364,8,1,16,80,2018,12,10,2,3,5,3,0,0,1,0,0,0,0,1,5.17486E+20,5.39816E+21,9.23782E+15,4.87362E+16
59365,8,4,35,16,2018,12,17,6,3,2,2,2,1,1,0,0,0,0,1,5.36045E+20,5.27982E+21,9.48015E+15,4.76708E+16
59366,8,1,11,0,2018,12,19,4,3,3,6,2,0,1,0,0,0,1,1,5.13102E+20,5.40211E+21,9.17831E+15,4.87719E+16
59367,8,2,26,46,2018,12,6,6,3,5,3,2,0,1,0,0,0,0,1,4.75173E+20,5.45452E+21,8.65891E+15,4.9243E+16
59368,8,3,35,79,2018,12,14,3,3,2,6,0,0,1,0,0,1,0,1,5.00416E+20,5.30019E+21,9.00556E+15,4.78551E+16
59369,8,1,16,19,2018,12,17,2,3,2,6,2,0,1,0,0,0,0,1,5.23802E+20,5.39765E+21,9.32369E+15,4.87314E+16
59370,8,2,26,41,2018,12,15,3,2,2,6,0,0,1,0,0,0,0,0,4.80034E+20,5.46683E+21,8.72507E+15,4.93539E+16