OBJECTID_1,ULAND,UREGBEZ,UKREIS,UGEMEINDE,UJAHR,UMONAT,USTUNDE,UWOCHENTAG,UKATEGORIE,UART,UTYP1,ULICHTVERH,IstRad,IstPKW,IstFuss,IstKrad,IstGkfz,IstSonstig,STRZUSTAND,LINREFX,LINREFY,XGCSWGS84,YGCSWGS84
59371,8,1,11,0,2018,12,15,2,3,3,6,0,0,1,0,0,0,0,0,5.14442E+20,5.40435E+21,9.19664E+15,4.8792E+16
59372,8,1,11,0,2018,12,17,6,3,2,6,2,0,1,0,1,0,0,1,5.13355E+20,5.40448E+21,9.18183E+15,4.87932E+16
59373,8,1,36,65,2018,12,6,3,2,4,6,2,0,1,0,0,0,0,1,5.59986E+20,5.40585E+21,9.81691E+15,4.88027E+16
59374,8,4,37,100,2018,12,12,1,2,1,6,0,0,1,0,0,0,0,1,5.35111E+20,5.31469E+21,9.47054E+15,4.79845E+16
59375,8,1,18,7,2018,12,9,1,2,0,1,0,1,0,0,0,0,0,1,5.10196E+20,5.42715E+21,9.13939E+15,4.89972E+16
59376,8,1,11,0,2018,12,7,5,3,2,6,0,0,1,0,0,0,0,1,5.13542E+20,5.40015E+21,9.18424E+15,4.87542E+16
59377,8,1,28,115,2018,12,14,2,3,9,1,0,0,1,0,0,0,0,1,5.48139E+20,5.49302E+21,9.66603E+15,4.95879E+16
59378,8,1,26,46,2018,12,14,5,3,5,3,0,0,1,0,0,0,0,1,5.4979E+20,5.45532E+21,9.68414E+15,4.92487E+16
59379,8,3,35,43,2018,12,18,2,3,1,5,2,0,1,0,0,0,0,1,5.13289E+20,5.28039E+21,9.17704E+15,4.76767E+16
59380,8,4,36,55,2018,12,10,1,3,8,1,0,0,1,0,0,0,0,2,5.68649E+20,5.30132E+21,9.91783E+15,4.78616E+16
59381,8,1,25,102,2018,12,19,7,3,4,2,2,0,1,0,0,0,0,1,5.21097E+20,5.44508E+21,9.28936E+15,4.91582E+16
59382,8,1,18,51,2018,12,17,4,3,2,6,2,0,1,0,0,0,0,1,5.10174E+20,5.41357E+21,9.13875E+15,4.8875E+16
59383,8,2,25,74,2018,12,18,1,2,0,1,2,0,0,0,1,0,0,1,5.0593E+20,5.46688E+21,9.08166E+15,4.93546E+16
59384,8,1,16,49,2018,12,15,5,3,2,6,0,0,1,0,0,0,0,0,5.25465E+20,5.38502E+21,9.34551E+15,4.86177E+16
59385,8,1,35,32,2018,12,18,2,3,8,1,2,0,1,0,0,0,0,0,5.78886E+20,5.38994E+21,1.00712E+16,4.86575E+16
59386,8,1,18,51,2018,12,0,5,3,8,1,2,0,1,0,0,0,0,1,5.10687E+20,5.41455E+21,9.14578E+15,4.88838E+16
59387,8,4,17,31,2018,12,7,2,3,5,3,1,0,1,0,0,0,0,1,4.98308E+20,5.35561E+21,8.97716E+15,4.83537E+16
59388,8,4,17,10,2018,12,9,1,3,5,3,0,0,1,0,0,0,0,1,5.07451E+20,5.34267E+21,9.10035E+15,4.82372E+16
59389,8,1,35,20,2018,12,12,7,2,2,6,0,0,1,0,0,0,1,1,5.89602E+20,5.38831E+21,1.02163E+16,4.86414E+16
59390,8,2,26,28,2018,12,14,4,3,8,6,0,0,1,0,0,0,0,0,4.70539E+20,5.48558E+21,8.59293E+15,4.95221E+16
59391,8,2,37,19,2018,12,23,2,3,8,1,2,0,1,0,0,0,0,2,4.60597E+20,5.36825E+21,8.46696E+15,4.84661E+16
59392,8,2,26,48,2018,12,15,2,2,8,1,0,0,1,0,0,0,0,1,4.84825E+20,5.46439E+21,8.79114E+15,4.93321E+16
59393,8,4,15,50,2018,12,20,1,3,9,1,2,0,1,0,0,0,0,1,5.19244E+20,5.37485E+21,9.26064E+15,4.85265E+16
59394,8,3,17,65,2018,12,17,6,3,6,4,2,0,1,1,0,0,0,1,4.14181E+20,5.35485E+21,7.84188E+15,4.8341E+16
59395,8,4,26,21,2018,12,14,3,3,8,1,0,0,1,0,0,0,0,1,5.64716E+20,5.32484E+21,9.8688E+15,4.80735E+16
59396,8,2,16,23,2018,12,17,6,3,2,6,2,0,1,0,0,0,0,0,4.36712E+20,5.40651E+21,8.13803E+15,4.88083E+16
59397,8,3,17,1,2018,12,12,3,3,2,6,0,0,1,0,0,0,0,1,4.3154E+20,5.38779E+21,8.0707E+15,4.86394E+16
59398,8,3,25,69,2018,12,13,1,3,3,6,0,0,1,0,0,0,0,1,4.68307E+20,5.33589E+21,8.57369E+15,4.81755E+16
59399,8,1,15,42,2018,12,0,3,3,8,1,2,0,1,0,0,0,0,2,4.94377E+20,5.40634E+21,8.92342E+15,4.881E+16
59400,8,3,15,48,2018,12,18,1,3,2,6,2,0,1,0,0,0,0,0,3.98681E+20,5.31123E+21,7.64314E+15,4.79464E+16
59401,8,4,15,61,2018,12,16,5,3,2,2,0,0,1,0,0,0,1,0,5.15862E+20,5.37061E+21,9.21467E+15,4.84884E+16
59402,8,1,26,72,2018,12,23,3,3,9,1,2,0,1,0,0,0,0,2,5.42506E+20,5.46507E+21,9.58509E+15,4.93369E+16
59403,8,3,37,53,2018,12,16,1,3,5,2,1,0,1,0,0,0,0,1,4.56578E+20,5.26868E+21,8.42267E+15,4.75701E+16
59404,8,4,26,21,2018,12,19,7,3,5,3,2,0,1,0,0,0,0,1,5.59194E+20,5.32627E+21,9.79488E+15,4.80869E+16
59405,8,4,17,8,2018,12,16,4,3,5,3,0,0,1,0,0,1,0,1,4.91561E+20,5.35084E+21,8.88619E+15,4.83107E+16
59406,8,1,16,41,2018,12,18,2,3,4,6,2,0,1,0,0,0,0,1,5.18294E+20,5.38152E+21,9.24807E+15,4.85865E+16
59407,8,1,18,48,2018,12,18,5,3,1,6,2,0,1,0,0,0,0,0,5.12056E+20,5.41526E+21,9.16446E+15,4.88901E+16
59408,8,3,36,91,2018,12,9,2,2,2,6,0,0,1,0,0,1,0,0,3.94502E+20,5.2738E+21,7.59629E+15,4.7609E+16
59409,8,3,37,108,2018,12,11,1,3,8,1,0,0,1,0,0,0,0,2,4.25941E+20,5.29117E+21,8.01158E+15,4.77696E+16
59410,8,1,15,24,2018,12,17,7,3,2,6,2,0,1,0,0,0,1,1,5.00964E+20,5.38642E+21,9.01309E+15,4.86309E+16
59411,8,1,25,30,2018,12,8,4,2,4,1,0,0,1,0,0,0,0,1,5.18011E+20,5.43716E+21,9.24668E+15,4.9087E+16
59412,8,3,35,43,2018,12,14,1,3,2,6,0,0,1,0,0,0,0,1,5.12191E+20,5.27924E+21,9.16239E+15,4.76664E+16
59413,8,4,15,89,2018,12,22,4,3,8,1,2,0,1,0,0,0,0,2,5.20915E+20,5.36024E+21,9.28255E+15,4.8395E+16
59414,8,3,35,2,2018,12,14,1,3,2,6,0,0,1,0,0,0,0,0,5.06503E+20,5.28417E+21,9.08669E+15,4.77108E+16
59415,8,1,27,73,2018,12,14,6,2,8,1,0,0,1,0,0,0,0,1,5.81616E+20,5.44763E+21,1.01198E+16,4.9176E+16
59416,8,2,36,30,2018,12,5,3,3,8,1,2,0,1,0,0,0,0,2,4.76287E+20,5.41776E+21,8.67636E+15,4.89123E+16
59417,8,3,26,74,2018,12,20,1,3,5,3,2,0,1,0,0,0,0,1,4.61091E+20,5.32176E+21,8.47792E+15,4.80479E+16
59418,8,2,12,0,2018,12,8,2,3,9,1,2,0,1,0,0,0,0,1,4.58798E+20,5.42451E+21,8.437E+15,4.89721E+16
59419,8,4,17,57,2018,12,19,1,2,8,1,2,0,1,0,0,0,0,1,4.79742E+20,5.33914E+21,8.72734E+15,4.82052E+16
59420,8,3,17,34,2018,12,10,1,3,0,7,0,0,0,0,1,0,0,1,4.26579E+20,5.36235E+21,8.00785E+15,4.841E+16
59421,8,1,18,80,2018,12,13,6,3,2,6,0,0,1,0,0,0,1,1,5.0583E+20,5.40785E+21,9.07943E+15,4.88236E+16
59422,8,2,26,107,2018,12,21,3,3,8,1,2,0,0,0,0,1,0,0,4.73895E+20,5.48418E+21,8.63941E+15,4.95096E+16
59423,8,3,17,150,2018,12,10,1,3,3,1,0,0,1,0,0,0,0,1,4.1029E+20,5.3554E+21,7.78926E+15,4.83454E+16
59424,8,4,16,41,2018,12,14,2,3,8,1,0,0,1,0,0,0,0,1,5.02324E+20,5.37157E+21,9.03145E+15,4.84972E+16
59425,8,3,11,0,2018,12,17,5,2,6,4,2,1,0,1,0,0,0,0,4.14631E+20,5.31865E+21,7.85523E+15,4.80155E+16
59426,8,1,19,86,2018,12,16,3,3,2,6,2,0,1,0,0,0,0,0,5.35508E+20,5.40607E+21,9.4836E+15,4.88066E+16
59427,8,3,17,73,2018,12,14,1,3,2,6,0,0,1,0,0,0,0,1,4.09941E+20,5.34901E+21,7.78592E+15,4.82879E+16
59428,8,3,36,81,2018,12,10,7,3,2,6,0,0,1,0,0,0,0,1,4.12472E+20,5.27793E+21,7.83451E+15,4.76488E+16
59429,8,4,15,61,2018,12,13,4,3,5,3,0,1,1,0,0,0,0,1,5.16326E+20,5.37333E+21,9.22107E+15,4.85129E+16
59430,8,4,26,19,2018,12,2,1,3,9,1,2,0,1,0,0,0,0,1,5.80676E+20,5.32154E+21,1.00824E+16,4.8042E+16
59431,8,2,26,103,2018,12,12,1,3,1,6,0,0,1,0,0,0,0,1,4.72117E+20,5.45891E+21,8.61661E+15,4.92823E+16
59432,8,4,36,55,2018,12,12,6,3,8,1,0,0,1,0,0,0,0,1,5.81046E+20,5.29803E+21,1.00829E+16,4.78305E+16
59433,8,1,21,0,2018,12,17,4,3,2,6,2,0,1,0,0,0,0,1,5.15647E+20,5.44259E+21,9.21452E+15,4.91359E+16
59434,8,2,31,0,2018,12,19,1,3,2,6,2,0,1,0,0,0,1,1,4.74928E+20,5.41674E+21,8.65788E+15,4.89031E+16
59435,8,1,27,73,2018,12,19,4,3,2,6,2,0,1,0,0,0,0,0,5.78019E+20,5.44806E+21,1.00705E+16,4.91804E+16
59436,8,3,17,1,2018,12,18,1,3,2,6,2,0,1,0,0,0,0,0,4.27127E+20,5.38562E+21,8.01118E+15,4.86194E+16
59437,8,1,25,56,2018,12,10,6,3,3,3,0,0,1,0,0,0,1,1,5.10664E+20,5.43613E+21,9.14603E+15,4.9078E+16
59438,8,2,22,0,2018,12,12,3,3,0,7,0,0,0,0,1,0,0,1,4.61899E+20,5.48135E+21,8.47397E+15,4.94836E+16
59439,8,2,35,85,2018,12,13,1,3,6,4,0,0,1,1,0,0,0,1,4.80577E+20,5.39807E+21,8.73584E+15,4.87353E+16
59440,8,2,25,75,2018,12,11,2,2,2,1,0,0,1,0,0,0,0,1,5.30494E+20,5.47531E+21,9.42054E+15,4.94297E+16
59441,8,2,36,46,2018,12,7,5,3,5,3,1,0,1,0,0,0,0,1,4.83457E+20,5.41866E+21,8.77419E+15,4.89207E+16
59442,8,1,16,56,2018,12,7,3,3,4,6,2,0,1,0,0,0,0,1,5.28695E+20,5.39639E+21,9.39013E+15,4.87198E+16
59443,8,2,36,71,2018,12,8,1,2,8,1,0,0,1,0,0,0,0,2,4.69438E+20,5.42111E+21,8.58265E+15,4.89421E+16
59444,8,2,16,24,2018,12,14,7,3,5,2,0,0,1,0,0,0,0,1,4.45168E+20,5.40825E+21,8.25296E+15,4.88248E+16
59445,8,3,17,96,2018,12,9,4,3,5,3,0,1,1,0,0,0,0,1,4.21729E+20,5.3688E+21,7.94112E+15,4.84675E+16
59446,8,2,16,33,2018,12,11,1,2,6,4,0,0,1,1,0,0,0,1,4.47186E+20,5.41283E+21,8.27985E+15,4.88662E+16
59447,8,2,37,54,2018,12,17,5,3,5,3,2,0,1,0,0,0,0,1,4.66236E+20,5.37439E+21,8.54275E+15,4.85218E+16
59448,8,1,18,48,2018,12,18,3,3,2,6,2,0,1,0,0,0,0,1,5.13519E+20,5.41525E+21,9.18443E+15,4.889E+16
59449,8,2,26,68,2018,12,11,1,3,9,1,0,0,1,0,0,0,0,2,4.6812E+20,5.45834E+21,8.5617E+15,4.9277E+16
59450,8,3,27,36,2018,12,8,7,2,3,6,0,0,1,0,0,0,0,0,4.90751E+20,5.31793E+21,8.87597E+15,4.80146E+16
59451,8,3,35,75,2018,12,19,4,3,5,3,2,1,1,0,0,0,0,1,4.8737E+20,5.29016E+21,8.83145E+15,4.77647E+16
59452,8,3,37,38,2018,12,18,1,3,9,1,2,0,1,0,0,0,0,1,4.29149E+20,5.2799E+21,8.05623E+15,4.76686E+16
59453,8,1,25,63,2018,12,10,1,3,4,1,0,0,1,0,0,0,0,2,5.25252E+20,5.46716E+21,9.34773E+15,4.93566E+16
59454,8,4,16,22,2018,12,9,6,3,0,3,0,1,1,0,0,0,0,1,5.10397E+20,5.37517E+21,9.14083E+15,4.85296E+16
59455,8,1,17,26,2018,12,12,4,3,1,6,0,0,1,0,0,0,0,1,5.46183E+20,5.39555E+21,9.62779E+15,4.87113E+16
59456,8,2,16,41,2018,12,17,2,3,5,3,2,0,1,0,1,0,0,1,4.3494E+20,5.39151E+21,8.11626E+15,4.86732E+16
59457,8,2,21,0,2018,12,22,1,3,9,1,2,0,1,0,0,0,0,1,4.77518E+20,5.46845E+21,8.69033E+15,4.93684E+16
59458,8,1,11,0,2018,12,20,4,3,5,2,2,0,1,0,0,0,0,1,5.12785E+20,5.4065E+21,9.17414E+15,4.88114E+16
59459,8,2,16,24,2018,12,9,1,3,5,3,0,0,1,0,0,0,0,2,4.45327E+20,5.40931E+21,8.25498E+15,4.88343E+16
59460,8,1,17,26,2018,12,16,6,3,5,3,1,0,1,0,0,0,0,0,5.48711E+20,5.39351E+21,9.66192E+15,4.86927E+16
59461,8,2,15,40,2018,12,8,3,3,9,1,0,0,1,0,0,0,0,2,4.88738E+20,5.43691E+21,8.84576E+15,4.90849E+16
59462,8,2,15,66,2018,12,22,1,3,9,1,2,0,1,0,0,0,0,1,4.63759E+20,5.45537E+21,8.50201E+15,4.925E+16
59463,8,1,36,65,2018,12,14,1,3,2,6,0,0,1,0,0,0,0,1,5.58583E+20,5.40367E+21,9.79749E+15,4.87833E+16
59464,8,1,17,26,2018,12,18,5,3,4,2,2,0,1,0,0,0,0,0,5.48881E+20,5.39411E+21,9.6643E+15,4.86981E+16
59465,8,1,11,0,2018,12,13,2,3,8,1,0,0,1,0,0,0,0,1,5.0669E+20,5.39773E+21,9.09098E+15,4.87326E+16
59466,8,2,15,99,2018,12,15,5,3,8,1,0,0,1,0,0,0,0,1,4.61819E+20,5.44223E+21,8.4766E+15,4.91317E+16
59467,8,4,37,100,2018,12,17,2,3,2,6,2,0,1,0,0,0,1,1,5.36827E+20,5.31863E+21,9.49388E+15,4.80199E+16
59468,8,2,12,0,2018,12,14,1,3,1,6,0,0,1,0,0,0,0,1,4.63152E+20,5.42165E+21,8.49676E+15,4.89466E+16
59469,8,1,18,73,2018,12,0,7,3,8,1,2,0,1,0,0,0,0,1,4.95834E+20,5.41938E+21,8.94313E+15,4.89274E+16
59470,8,2,31,0,2018,12,21,4,3,6,4,2,0,1,1,0,0,0,0,4.77648E+20,5.41519E+21,8.69507E+15,4.88892E+16
59471,8,2,31,0,2018,12,7,2,3,4,2,0,0,1,0,0,0,0,1,4.75391E+20,5.41503E+21,8.66431E+15,4.88877E+16
59472,8,2,16,43,2018,12,8,2,3,5,2,0,1,1,0,0,0,0,1,4.42071E+20,5.41209E+21,8.21022E+15,4.88591E+16
59473,8,1,25,24,2018,12,11,1,3,8,1,0,0,1,0,0,0,0,2,5.23003E+20,5.44496E+21,9.31549E+15,4.9157E+16
59474,8,4,35,16,2018,12,14,6,2,6,4,0,0,1,1,0,0,0,1,5.35002E+20,5.27811E+21,9.46613E+15,4.76554E+16
59475,8,4,36,82,2018,12,15,3,3,4,6,0,1,0,0,0,0,0,1,5.46949E+20,5.29552E+21,9.6271E+15,4.78114E+16
59476,8,2,25,75,2018,12,17,6,3,8,1,2,0,1,0,0,0,0,1,5.3008E+20,5.47808E+21,9.41504E+15,4.94546E+16
59477,8,3,26,12,2018,12,21,3,3,4,6,2,0,1,0,0,0,0,1,4.62498E+20,5.31058E+21,8.49777E+15,4.79475E+16
59478,8,4,16,36,2018,12,13,1,3,2,7,0,0,1,0,0,0,1,1,4.91155E+20,5.37414E+21,8.88022E+15,4.85203E+16
59479,8,2,21,0,2018,12,10,3,3,5,3,0,0,1,0,0,0,0,0,4.8202E+20,5.47611E+21,8.75199E+15,4.94374E+16
59480,8,1,15,42,2018,12,0,1,3,3,6,2,0,1,0,0,0,0,0,4.94339E+20,5.40637E+21,8.9229E+15,4.88103E+16
59481,8,3,17,110,2018,12,18,2,3,9,6,2,0,1,0,0,0,0,0,4.25003E+20,5.38299E+21,7.98286E+15,4.85955E+16
59482,8,1,36,42,2018,12,2,1,3,0,1,2,1,0,0,0,0,0,0,5.466E+20,5.40408E+21,9.63442E+15,4.8788E+16
59483,8,3,36,91,2018,12,23,6,3,9,1,2,0,1,0,0,0,0,1,3.93205E+20,5.27525E+21,7.57869E+15,4.76219E+16
59484,8,1,15,13,2018,12,7,4,3,2,6,0,0,1,0,0,0,0,0,4.95928E+20,5.38917E+21,8.9447E+15,4.86556E+16
59485,8,2,26,32,2018,12,14,6,3,2,6,0,0,1,0,0,0,1,1,4.68917E+20,5.46296E+21,8.5723E+15,4.93186E+16
59486,8,4,15,59,2018,12,16,3,3,2,7,0,0,1,0,0,0,1,1,5.16241E+20,5.36709E+21,9.21967E+15,4.84567E+16
59487,8,1,36,33,2018,12,4,1,3,0,1,2,0,1,0,0,0,0,1,5.80588E+20,5.41503E+21,1.00992E+16,4.8883E+16
59488,8,3,17,141,2018,12,2,3,3,7,7,2,0,1,0,0,0,0,0,4.21556E+20,5.37656E+21,7.93732E+15,4.85372E+16
59489,8,1,36,88,2018,12,8,1,2,4,6,0,0,1,0,0,0,0,2,5.86385E+20,5.40875E+21,1.0177E+16,4.88257E+16
59490,8,1,15,22,2018,12,13,6,3,4,2,0,0,1,0,0,0,0,1,4.95765E+20,5.3881E+21,8.9425E+15,4.8646E+16
59491,8,1,16,47,2018,12,17,3,3,2,6,2,0,1,0,0,0,0,1,5.18683E+20,5.39384E+21,9.2539E+15,4.86973E+16
59492,8,1,35,26,2018,12,12,1,3,8,1,0,0,1,0,0,0,0,2,5.8976E+20,5.39506E+21,1.022E+16,4.87021E+16
59493,8,1,25,5,2018,12,9,1,3,9,1,0,0,1,0,0,0,0,0,5.15164E+20,5.45259E+21,9.20826E+15,4.92259E+16
59494,8,1,16,19,2018,12,19,5,3,2,6,2,0,1,0,0,0,0,0,5.23167E+20,5.39885E+21,9.31512E+15,4.87422E+16
59495,8,1,28,131,2018,12,16,2,3,4,6,1,0,1,0,0,0,0,1,5.36792E+20,5.51212E+21,9.51084E+15,4.97604E+16
59496,8,1,36,88,2018,12,9,5,3,2,6,0,0,1,0,1,0,0,1,5.82613E+20,5.40719E+21,1.01253E+16,4.88122E+16
59497,8,4,17,31,2018,12,5,2,3,6,4,2,0,1,1,0,0,0,1,4.97678E+20,5.35598E+21,8.96865E+15,4.8357E+16
59498,8,1,35,16,2018,12,11,1,2,8,1,0,0,1,0,0,0,0,1,5.93737E+20,5.38563E+21,1.02718E+16,4.86167E+16
59499,8,1,27,14,2018,12,9,7,3,5,3,0,1,1,0,0,0,0,1,5.77308E+20,5.44373E+21,1.006E+16,4.91415E+16
59500,8,2,16,24,2018,12,16,4,3,2,6,0,0,1,0,0,0,0,1,4.48034E+20,5.40774E+21,8.29206E+15,4.88205E+16
59501,8,2,31,0,2018,12,17,2,3,4,2,2,1,1,0,0,0,0,1,4.79709E+20,5.41608E+21,8.72315E+15,4.88974E+16
59502,8,4,25,71,2018,12,7,1,2,8,1,0,0,1,0,0,0,0,2,5.52705E+20,5.37138E+21,9.71338E+15,4.84933E+16
59503,8,3,11,0,2018,12,9,6,3,5,3,0,1,1,0,0,0,0,1,4.16889E+20,5.31562E+21,7.88609E+15,4.79885E+16
59504,8,4,17,31,2018,12,11,3,3,5,3,0,0,0,0,1,0,1,1,4.97245E+20,5.356E+21,8.9628E+15,4.83571E+16
59505,8,2,16,12,2018,12,11,6,2,5,3,0,0,1,0,0,0,0,1,4.42658E+20,5.42011E+21,8.2171E+15,4.89313E+16
59506,8,3,16,43,2018,12,15,3,3,1,6,0,0,1,0,0,0,0,0,4.11011E+20,5.33073E+21,7.80417E+15,4.81236E+16
59507,8,1,25,86,2018,12,14,1,3,4,2,0,0,1,0,0,0,0,1,5.04306E+20,5.44381E+21,9.05904E+15,4.91471E+16
59508,8,1,18,73,2018,12,6,3,3,9,1,2,0,1,0,1,0,0,1,4.96317E+20,5.4239E+21,8.94968E+15,4.8968E+16
59509,8,3,26,74,2018,12,10,5,3,2,6,0,0,1,0,0,0,0,0,4.63914E+20,5.32589E+21,8.51544E+15,4.80852E+16
59510,8,1,21,0,2018,12,7,3,3,5,3,0,0,1,0,0,0,0,1,5.10592E+20,5.4471E+21,9.14533E+15,4.91766E+16
59511,8,1,21,0,2018,12,0,1,3,4,6,2,0,1,0,0,0,0,0,5.14842E+20,5.44437E+21,9.20353E+15,4.9152E+16
59512,8,4,17,63,2018,12,15,7,3,5,3,0,1,1,0,0,0,0,0,5.07456E+20,5.33435E+21,9.10026E+15,4.81623E+16
59513,8,4,16,49,2018,12,6,4,3,1,7,1,0,1,0,1,0,0,1,4.9131E+20,5.36985E+21,8.88241E+15,4.84817E+16
59514,8,1,11,0,2018,12,15,2,3,2,2,0,0,1,0,0,0,0,1,5.14971E+20,5.3953E+21,9.20351E+15,4.87106E+16
59515,8,4,17,44,2018,12,5,5,3,8,1,2,0,1,0,0,0,0,2,4.96157E+20,5.33219E+21,8.94835E+15,4.81429E+16
59516,8,1,35,20,2018,12,11,3,2,2,6,0,0,0,0,0,1,0,1,5.87994E+20,5.38376E+21,1.01935E+16,4.86008E+16
59517,8,1,18,48,2018,12,8,1,3,2,6,0,0,1,0,0,0,0,2,5.13058E+20,5.41529E+21,9.17814E+15,4.88905E+16
59518,8,1,16,33,2018,12,20,1,3,5,3,2,0,1,0,0,0,0,1,5.33583E+20,5.38642E+21,9.45578E+15,4.86299E+16
59519,8,4,36,3,2018,12,14,4,3,9,1,0,0,1,0,0,0,0,1,5.81317E+20,5.30593E+21,1.0088E+16,4.79016E+16
59520,8,1,28,139,2018,12,6,2,2,2,6,2,1,1,0,0,0,0,1,5.50424E+20,5.49079E+21,9.69736E+15,4.95676E+16
59521,8,1,21,0,2018,12,18,5,3,2,6,1,0,1,0,0,0,0,1,5.12679E+20,5.44301E+21,9.17383E+15,4.91398E+16
59522,8,3,17,11,2018,12,16,2,3,5,3,0,0,1,0,0,0,0,1,4.27665E+20,5.35402E+21,8.02396E+15,4.83353E+16
59523,8,1,16,63,2018,12,9,1,3,8,1,0,0,1,0,0,0,0,1,5.15669E+20,5.38444E+21,9.21259E+15,4.86128E+16
59524,8,1,17,38,2018,12,18,7,3,2,6,2,0,1,0,0,0,0,1,5.47211E+20,5.39737E+21,9.64197E+15,4.87275E+16
59525,8,1,28,138,2018,12,15,4,2,8,1,0,0,1,0,0,0,0,1,5.39557E+20,5.48079E+21,9.54608E+15,4.94785E+16
59526,8,1,16,19,2018,12,23,1,3,0,7,2,0,1,0,0,0,0,1,5.28952E+20,5.39895E+21,9.3938E+15,4.87429E+16
59527,8,4,36,49,2018,12,18,4,1,4,2,2,1,1,0,0,0,0,0,5.78118E+20,5.28136E+21,1.00408E+16,4.76809E+16
59528,8,1,16,19,2018,12,0,1,2,5,3,2,0,1,0,0,0,0,0,5.23215E+20,5.39674E+21,9.31565E+15,4.87232E+16
59529,8,2,25,1,2018,12,16,6,3,3,6,1,0,1,0,0,0,0,1,5.31789E+20,5.46846E+21,9.43785E+15,4.93681E+16
59530,8,2,37,74,2018,12,5,3,3,4,6,1,0,1,0,0,0,0,2,4.68608E+20,5.37198E+21,8.57505E+15,4.85001E+16
59531,8,1,11,0,2018,12,9,1,2,8,1,0,0,1,0,0,0,0,2,5.13169E+20,5.4005E+21,9.17918E+15,4.87574E+16
59532,8,4,17,79,2018,12,11,2,1,6,4,0,0,1,1,0,0,0,1,4.98803E+20,5.34004E+21,8.98389E+15,4.82136E+16
59533,8,3,11,0,2018,12,17,5,2,5,2,1,1,1,0,0,0,0,0,4.14067E+20,5.31582E+21,7.84824E+15,4.79899E+16
59534,8,1,19,53,2018,12,12,3,3,2,6,0,0,1,0,0,0,0,1,5.33577E+20,5.42577E+21,9.45892E+15,4.8984E+16
59535,8,4,35,35,2018,12,22,7,2,5,2,2,1,1,0,0,0,0,0,5.42248E+20,5.28286E+21,9.56308E+15,4.76977E+16
59536,8,3,35,28,2018,12,10,7,3,2,6,0,0,1,0,0,0,0,1,4.80943E+20,5.28756E+21,8.7458E+15,4.77412E+16
59537,8,3,37,125,2018,12,17,4,3,2,6,2,0,1,0,0,0,0,1,4.47053E+20,5.27303E+21,8.29553E+15,4.76085E+16
59538,8,4,21,0,2018,12,21,1,3,0,1,2,0,1,0,0,0,0,1,5.75869E+20,5.36731E+21,1.00261E+16,4.84543E+16
59539,8,3,17,31,2018,12,12,2,3,6,2,0,0,1,1,0,0,0,1,4.17582E+20,5.35846E+21,7.88705E+15,4.83739E+16
59540,8,2,21,0,2018,12,16,2,3,8,1,0,0,1,0,0,0,0,1,4.73287E+20,5.46874E+21,8.63204E+15,4.93708E+16
59541,8,4,26,66,2018,12,20,7,3,5,3,2,0,1,0,0,0,0,0,5.83815E+20,5.32468E+21,1.01251E+16,4.80699E+16
59542,8,4,26,21,2018,12,14,6,2,8,1,0,0,1,0,0,0,0,1,5.6137E+20,5.32662E+21,9.82415E+15,4.80899E+16
59543,8,1,18,78,2018,12,8,4,2,5,3,1,0,1,0,0,0,0,1,5.12915E+20,5.42027E+21,9.17634E+15,4.89352E+16
59544,8,4,21,0,2018,12,9,7,2,5,2,0,0,1,0,0,0,0,0,5.71274E+20,5.35662E+21,9.96216E+15,4.83587E+16
59545,8,1,18,40,2018,12,11,4,3,1,2,0,0,1,0,0,0,0,0,5.10564E+20,5.43244E+21,9.14455E+15,4.90448E+16
59546,8,4,25,36,2018,12,10,7,3,4,6,0,0,1,0,0,0,0,0,5.48049E+20,5.34145E+21,9.64694E+15,4.82245E+16
59547,8,3,36,91,2018,12,16,7,3,2,6,1,0,1,0,0,0,0,0,3.94906E+20,5.27296E+21,7.60187E+15,4.76016E+16
59548,8,1,11,0,2018,12,7,7,3,3,6,1,1,1,0,0,0,0,1,5.16501E+20,5.40462E+21,9.22467E+15,4.87943E+16
59549,8,1,25,39,2018,12,17,4,2,9,1,0,0,1,0,0,0,0,1,5.14021E+20,5.45717E+21,9.19273E+15,4.92672E+16
59550,8,3,36,19,2018,12,22,7,3,5,2,2,0,1,0,0,0,0,0,3.94907E+20,5.27579E+21,7.6012E+15,4.76269E+16
59551,8,3,26,17,2018,12,13,4,3,2,6,0,0,1,0,0,0,0,0,4.38482E+20,5.32096E+21,8.17468E+15,4.8039E+16
59552,8,3,17,89,2018,12,11,7,3,5,3,0,0,1,0,0,0,0,0,4.31179E+20,5.37626E+21,8.06771E+15,4.85357E+16
59553,8,1,27,99,2018,12,20,6,2,2,6,2,0,1,0,0,0,0,1,5.6522E+20,5.44756E+21,9.89487E+15,4.91774E+16
59554,8,2,31,0,2018,12,18,3,3,1,6,2,0,1,0,0,0,0,0,4.78197E+20,5.41493E+21,8.70258E+15,4.88869E+16
59555,8,3,15,37,2018,12,11,7,3,2,6,0,0,1,0,0,0,0,0,4.32465E+20,5.3022E+21,8.09692E+15,4.78696E+16
59556,8,3,17,1,2018,12,13,2,3,8,1,0,0,1,0,0,0,0,0,4.28181E+20,5.3875E+21,8.02516E+15,4.86364E+16
59557,8,2,36,73,2018,12,17,5,3,5,3,2,0,1,0,0,0,0,1,4.78647E+20,5.42262E+21,8.70832E+15,4.89562E+16