OBJECTID_1,ULAND,UREGBEZ,UKREIS,UGEMEINDE,UJAHR,UMONAT,USTUNDE,UWOCHENTAG,UKATEGORIE,UART,UTYP1,ULICHTVERH,IstRad,IstPKW,IstFuss,IstKrad,IstGkfz,IstSonstig,STRZUSTAND,LINREFX,LINREFY,XGCSWGS84,YGCSWGS84
59558,8,1,17,42,2018,12,8,3,3,5,3,0,0,1,0,0,0,0,1,5.54668E+20,5.39321E+21,9.74281E+15,4.86896E+16
59559,8,3,11,0,2018,12,19,7,3,4,6,2,1,0,0,0,0,0,0,4.12767E+20,5.31819E+21,7.83033E+15,4.8011E+16
59560,8,3,17,89,2018,12,9,7,2,6,2,0,0,1,1,0,0,0,1,4.31877E+20,5.37583E+21,8.07724E+15,4.85319E+16
59561,8,3,26,74,2018,12,17,4,3,2,6,2,0,1,0,0,0,0,1,4.63731E+20,5.3234E+21,8.5132E+15,4.80629E+16
59562,8,2,25,58,2018,12,11,1,3,9,1,0,0,1,0,0,0,0,1,5.11672E+20,5.47363E+21,9.16092E+15,4.94152E+16
59563,8,1,36,65,2018,12,13,2,3,4,6,0,0,1,0,0,0,0,1,5.62295E+20,5.4061E+21,9.84839E+15,4.88048E+16
59564,8,3,16,9,2018,12,17,7,2,3,6,2,1,1,0,0,0,0,0,4.17967E+20,5.32375E+21,7.89898E+15,4.80618E+16
59565,8,4,16,49,2018,12,18,6,3,5,3,2,0,1,0,0,0,0,1,4.88692E+20,5.3703E+21,8.84696E+15,4.84857E+16
59566,8,1,16,72,2018,12,17,4,3,6,4,2,0,1,1,0,0,0,1,5.31088E+20,5.393E+21,9.42241E+15,4.86893E+16
59567,8,2,15,17,2018,12,16,2,3,5,2,2,0,1,0,0,0,1,0,4.56511E+20,5.42318E+21,8.40589E+15,4.896E+16
59568,8,2,12,0,2018,12,11,7,3,8,1,0,0,1,0,0,0,0,0,4.60072E+20,5.42821E+21,8.45405E+15,4.90054E+16
59569,8,3,36,105,2018,12,20,3,3,1,7,2,0,1,0,0,0,1,0,3.99524E+20,5.26735E+21,7.66457E+15,4.75518E+16
59570,8,2,15,40,2018,12,21,7,2,5,3,2,0,1,0,0,0,0,0,4.87433E+20,5.43601E+21,8.82792E+15,4.90768E+16
59571,8,1,17,6,2018,12,16,6,3,9,1,1,0,1,0,0,0,0,1,5.49823E+20,5.3797E+21,9.67537E+15,4.85684E+16
59572,8,3,17,65,2018,12,18,3,3,6,2,2,0,1,1,0,0,0,1,4.1615E+20,5.35448E+21,7.86852E+15,4.8338E+16
59573,8,2,37,2,2018,12,14,7,2,4,6,0,0,1,0,0,0,1,0,4.56028E+20,5.35315E+21,8.40673E+15,4.833E+16
59574,8,1,26,66,2018,12,22,1,3,5,3,2,0,1,0,0,0,0,1,5.36458E+20,5.44957E+21,9.50044E+15,4.91979E+16
59575,8,1,16,49,2018,12,8,5,3,2,6,0,0,1,0,0,0,0,0,5.24412E+20,5.38777E+21,9.3314E+15,4.86425E+16
59576,8,1,36,21,2018,12,14,2,3,9,1,0,0,1,0,0,0,0,1,5.72257E+20,5.40425E+21,9.98372E+15,4.8787E+16
59577,8,1,36,75,2018,12,15,2,2,8,1,0,0,0,0,0,0,1,1,6.00128E+20,5.42451E+21,1.0368E+16,4.89654E+16
59578,8,1,11,0,2018,12,17,5,3,2,6,2,0,1,0,0,0,0,0,5.06338E+20,5.40867E+21,9.08636E+15,4.8831E+16
59579,8,4,21,0,2018,12,16,2,3,5,2,0,0,1,0,0,0,0,1,5.70792E+20,5.36461E+21,9.95701E+15,4.84307E+16
59580,8,2,26,82,2018,12,15,7,2,9,1,0,0,1,0,0,0,0,0,4.80695E+20,5.4814E+21,8.73347E+15,4.94849E+16
59581,8,1,21,0,2018,12,8,6,3,6,2,2,0,1,1,0,0,0,1,5.15253E+20,5.44284E+21,9.20912E+15,4.91382E+16
59582,8,2,16,43,2018,12,16,3,3,6,4,1,0,0,1,0,0,1,0,4.4172E+20,5.4117E+21,8.20549E+15,4.88556E+16
59583,8,2,16,43,2018,12,9,7,3,2,6,0,0,1,0,0,0,0,0,4.43979E+20,5.40716E+21,8.2369E+15,4.88149E+16
59584,8,3,17,65,2018,12,16,2,2,4,1,1,0,1,0,1,0,0,0,4.15787E+20,5.35371E+21,7.86377E+15,4.83309E+16
59585,8,2,21,0,2018,12,20,5,3,2,6,0,0,1,0,0,0,0,0,4.81149E+20,5.47376E+21,8.7401E+15,4.94163E+16
59586,8,1,16,36,2018,12,17,3,3,0,2,2,1,1,0,0,0,0,1,5.24437E+20,5.37805E+21,9.33116E+15,4.85551E+16
59587,8,2,12,0,2018,12,11,7,3,5,3,0,1,1,0,0,0,0,0,4.54639E+20,5.42827E+21,8.37976E+15,4.90056E+16
59588,8,2,16,5,2018,12,15,7,3,5,3,0,0,1,0,0,0,0,1,4.45448E+20,5.41669E+21,8.25564E+15,4.89008E+16
59589,8,2,22,0,2018,12,17,4,3,2,1,2,0,1,0,0,0,0,1,4.66619E+20,5.47904E+21,8.53934E+15,4.94631E+16
59590,8,1,36,75,2018,12,3,2,3,2,1,2,0,1,0,0,1,0,2,5.9905E+20,5.42113E+21,1.03525E+16,4.89352E+16
59591,8,1,36,21,2018,12,1,7,3,0,1,2,1,0,0,0,0,0,1,5.75566E+20,5.40804E+21,1.00294E+16,4.88207E+16
59592,8,3,37,126,2018,12,11,6,3,2,6,0,0,1,0,0,0,0,1,4.42059E+20,5.27348E+21,8.22903E+15,4.76122E+16
59593,8,1,11,0,2018,12,9,4,3,2,6,0,0,1,0,0,0,0,1,5.13836E+20,5.4031E+21,9.18834E+15,4.87808E+16
59594,8,2,36,72,2018,12,18,6,3,1,5,2,0,1,0,0,0,0,1,4.66375E+20,5.41394E+21,8.5414E+15,4.88775E+16
59595,8,3,37,30,2018,12,17,3,3,4,6,2,0,1,0,0,0,1,1,4.63143E+20,5.27574E+21,8.50937E+15,4.7634E+16
59596,8,1,36,82,2018,12,21,7,3,5,2,2,0,1,0,0,0,0,0,5.86027E+20,5.41506E+21,1.01734E+16,4.88825E+16
59597,8,2,36,46,2018,12,4,3,3,0,1,2,1,0,0,0,0,0,2,4.84335E+20,5.41799E+21,8.7862E+15,4.89147E+16
59598,8,1,35,26,2018,12,19,7,3,5,3,2,0,1,0,0,0,0,0,5.89275E+20,5.39369E+21,1.02131E+16,4.86899E+16
59599,8,1,11,0,2018,12,6,6,3,6,2,2,0,1,1,0,0,0,0,5.12463E+20,5.40121E+21,9.1696E+15,4.87638E+16
59600,8,1,36,28,2018,12,16,3,3,0,7,1,1,0,0,0,0,1,0,5.6882E+20,5.40481E+21,9.93702E+15,4.87925E+16
59601,8,1,21,0,2018,12,10,7,2,3,6,0,0,1,0,0,0,0,0,5.15914E+20,5.44245E+21,9.21816E+15,4.91347E+16
59602,8,1,18,73,2018,12,17,1,3,5,3,2,0,1,0,0,0,0,1,4.96824E+20,5.41974E+21,8.95664E+15,4.89305E+16
59603,8,1,11,0,2018,12,15,5,3,2,6,0,0,1,0,0,0,0,0,5.10828E+20,5.40936E+21,9.14757E+15,4.88371E+16
59604,8,1,28,20,2018,12,9,2,2,5,3,0,0,1,0,0,0,0,1,5.81366E+20,5.47152E+21,1.01212E+16,4.9391E+16
59605,8,1,36,75,2018,12,17,2,3,6,2,2,0,1,1,0,0,0,1,5.99876E+20,5.4218E+21,1.03639E+16,4.89411E+16
59606,8,1,28,139,2018,12,17,5,3,5,2,2,0,1,0,0,0,0,1,5.50938E+20,5.49117E+21,9.70451E+15,4.9571E+16
59607,8,3,37,123,2018,12,10,2,2,4,6,0,0,1,0,0,1,0,1,4.53066E+20,5.27962E+21,8.37481E+15,4.76683E+16
59608,8,1,25,46,2018,12,13,7,3,5,3,0,0,1,0,0,0,0,0,5.1999E+20,5.43409E+21,9.27362E+15,4.90594E+16
59609,8,1,36,82,2018,12,13,7,3,2,6,0,0,1,0,0,0,0,1,5.86857E+20,5.4175E+21,1.01852E+16,4.89044E+16
59610,8,2,11,0,2018,12,12,4,3,6,2,0,0,1,1,0,0,0,1,4.46811E+20,5.40263E+21,8.27607E+15,4.87744E+16
59611,8,1,36,65,2018,12,14,2,2,9,1,0,0,1,0,0,0,0,1,5.6424E+20,5.40735E+21,9.87507E+15,4.88158E+16
59612,8,1,18,73,2018,12,17,7,3,5,3,2,0,1,0,0,0,0,0,4.99667E+20,5.41846E+21,8.99546E+15,4.89191E+16
59613,8,1,18,11,2018,12,16,6,3,2,6,0,0,1,0,0,0,0,1,5.05992E+20,5.40813E+21,9.08164E+15,4.88261E+16
59614,8,2,26,85,2018,12,11,3,3,2,6,0,0,1,0,0,0,1,0,4.85651E+20,5.45671E+21,8.80278E+15,4.9263E+16
59615,8,1,36,82,2018,12,1,7,3,5,3,2,0,1,0,0,0,0,1,5.85336E+20,5.41535E+21,1.0164E+16,4.88853E+16
59616,8,2,25,9,2018,12,20,4,3,9,1,2,0,1,0,0,0,0,1,5.17528E+20,5.46656E+21,9.24135E+15,4.93515E+16
59617,8,1,18,1,2018,12,20,7,3,5,3,2,0,1,0,0,0,1,0,5.25584E+20,5.41895E+21,9.34924E+15,4.8923E+16
59618,8,3,27,33,2018,12,6,6,3,9,1,2,0,1,0,0,0,0,2,4.88431E+20,5.32499E+21,8.84468E+15,4.80781E+16
59619,8,4,26,35,2018,12,6,3,3,2,6,2,0,1,0,0,0,0,1,5.3984E+20,5.33212E+21,9.53554E+15,4.81411E+16
59620,8,2,16,23,2018,12,8,6,2,5,2,0,0,1,0,0,0,0,1,4.35837E+20,5.40861E+21,8.12578E+15,4.88272E+16
59621,8,3,17,96,2018,12,16,3,3,5,3,0,1,1,0,0,0,0,0,4.21478E+20,5.36966E+21,7.93756E+15,4.84751E+16
59622,8,1,18,49,2018,12,15,7,3,2,6,0,0,1,0,0,0,1,0,5.19302E+20,5.4211E+21,9.26359E+15,4.89426E+16
59623,8,1,18,78,2018,12,6,3,3,9,1,2,0,1,0,0,0,0,2,5.13779E+20,5.42022E+21,9.18815E+15,4.89348E+16
59624,8,1,18,48,2018,12,13,7,3,2,6,0,0,1,0,0,0,0,0,5.14253E+20,5.41514E+21,9.19444E+15,4.88891E+16
59625,8,4,15,61,2018,12,21,5,3,2,6,2,0,1,0,0,0,0,0,5.15375E+20,5.37084E+21,9.20809E+15,4.84905E+16
59626,8,1,27,25,2018,12,18,3,3,4,2,1,0,1,0,1,0,0,1,5.56706E+20,5.42589E+21,9.77502E+15,4.89833E+16
59627,8,1,18,71,2018,12,17,7,3,1,6,2,0,1,0,0,0,0,0,5.10897E+20,5.41888E+21,9.14876E+15,4.89227E+16
59628,8,1,11,0,2018,12,1,1,3,9,6,2,0,1,0,0,0,0,0,5.12868E+20,5.40747E+21,9.17529E+15,4.882E+16
59629,8,4,21,0,2018,12,21,4,3,4,2,2,0,1,0,0,0,0,1,5.71414E+20,5.36124E+21,9.96484E+15,4.84003E+16
59630,8,1,19,8,2018,12,9,2,2,5,3,0,0,1,0,0,0,0,1,5.31988E+20,5.4203E+21,9.43677E+15,4.89348E+16
59631,8,1,36,10,2018,12,8,2,2,1,1,0,0,1,0,0,0,1,2,6.0136E+20,5.41712E+21,1.0383E+16,4.88987E+16
59632,8,1,19,84,2018,12,10,5,3,4,1,0,0,1,0,0,0,0,1,5.41998E+20,5.4115E+21,9.57254E+15,4.88551E+16
59633,8,3,16,11,2018,12,9,2,3,2,1,0,0,1,0,1,0,0,1,4.14594E+20,5.32906E+21,7.85265E+15,4.81091E+16
59634,8,1,16,19,2018,12,14,7,3,5,3,0,0,1,0,0,0,0,0,5.24273E+20,5.39747E+21,9.33008E+15,4.87298E+16
59635,8,1,16,14,2018,12,17,7,3,2,6,2,0,1,0,0,0,0,1,5.28656E+20,5.39582E+21,9.38956E+15,4.87147E+16
59636,8,1,27,12,2018,12,7,4,3,5,3,1,0,1,0,0,0,0,1,5.65986E+20,5.43245E+21,9.90291E+15,4.90414E+16
59637,8,1,16,19,2018,12,9,7,3,5,2,0,0,1,0,0,0,0,0,5.20469E+20,5.39898E+21,9.27842E+15,4.87435E+16
59638,8,4,26,100,2018,12,14,4,2,5,3,0,0,1,0,0,0,0,0,5.70073E+20,5.31352E+21,9.93885E+15,4.79711E+16
59639,8,1,11,0,2018,12,17,7,3,2,6,2,0,1,0,0,0,0,0,5.17955E+20,5.40426E+21,9.24446E+15,4.8791E+16
59640,8,1,28,139,2018,12,0,6,3,8,1,2,0,1,0,0,0,0,1,5.45803E+20,5.49042E+21,9.63341E+15,4.95647E+16
59641,8,2,31,0,2018,12,5,3,3,5,2,2,0,1,0,0,0,1,1,4.77589E+20,5.41568E+21,8.69425E+15,4.88937E+16
59642,8,1,11,0,2018,12,15,7,3,2,6,0,1,1,0,0,0,0,0,5.13635E+20,5.4024E+21,9.18558E+15,4.87744E+16
59643,8,2,16,39,2018,12,0,2,3,2,6,2,0,1,0,0,0,0,1,4.45754E+20,5.41413E+21,8.26016E+15,4.88777E+16
59644,8,2,36,46,2018,12,15,5,3,2,6,0,0,1,0,0,0,0,1,4.84115E+20,5.41611E+21,8.78326E+15,4.88977E+16
59645,8,1,18,76,2018,12,17,3,3,5,3,2,0,1,0,0,0,0,1,5.04222E+20,5.42331E+21,9.05768E+15,4.89627E+16
59646,8,4,37,8,2018,12,9,6,3,9,6,0,0,1,0,0,0,0,0,5.23067E+20,5.32915E+21,9.30992E+15,4.81152E+16
59647,8,3,26,74,2018,12,11,7,3,5,3,0,0,1,0,0,0,0,0,4.64651E+20,5.32373E+21,8.52552E+15,4.80659E+16
59648,8,3,35,96,2018,12,4,4,2,9,1,2,0,1,0,0,0,0,1,5.0847E+20,5.3035E+21,9.1133E+15,4.78848E+16
59649,8,3,37,106,2018,12,11,1,2,4,1,0,0,1,0,0,0,0,1,4.54015E+20,5.28928E+21,8.38643E+15,4.77553E+16
59650,8,4,36,77,2018,12,7,6,2,8,1,2,0,1,0,0,0,0,0,5.33405E+20,5.30633E+21,9.44704E+15,4.79094E+16
59651,8,4,37,104,2018,12,16,2,3,2,6,1,0,1,0,0,0,0,1,5.17257E+20,5.32248E+21,9.2316E+15,4.80554E+16
59652,8,3,16,20,2018,12,4,5,3,4,1,2,0,1,0,0,1,0,0,4.08784E+20,5.33869E+21,7.77256E+15,4.81949E+16
59653,8,1,21,0,2018,12,18,3,3,2,6,2,0,1,0,0,0,0,1,5.16211E+20,5.44443E+21,9.22231E+15,4.91525E+16
59654,8,4,26,1,2018,12,16,6,2,8,1,0,0,1,0,0,0,0,0,5.67546E+20,5.34721E+21,9.91035E+15,4.82745E+16
59655,8,3,16,17,2018,12,0,7,2,2,6,2,0,1,0,0,0,0,1,4.07469E+20,5.33507E+21,7.75565E+15,4.81622E+16
59656,8,4,16,41,2018,12,17,4,3,6,4,2,0,1,1,0,0,0,1,5.01148E+20,5.37464E+21,9.01555E+15,4.85249E+16
59657,8,4,36,64,2018,12,19,1,3,5,3,2,0,1,0,0,0,0,1,5.4542E+20,5.29222E+21,9.60633E+15,4.77817E+16
59658,8,1,28,58,2018,12,23,2,3,5,3,2,0,1,0,0,1,0,1,5.5916E+20,5.4829E+21,9.81698E+15,4.94958E+16
59659,8,4,15,61,2018,12,12,6,3,1,6,0,0,1,0,1,0,1,0,5.11421E+20,5.36433E+21,9.1544E+15,4.8432E+16
59660,8,4,36,81,2018,12,18,6,3,8,1,2,0,1,0,0,0,0,1,5.61055E+20,5.2805E+21,9.81338E+15,4.7675E+16
59661,8,1,25,56,2018,12,15,4,3,5,3,0,0,1,0,0,0,0,1,5.08406E+20,5.43489E+21,9.11508E+15,4.90668E+16
59662,8,4,15,92,2018,12,16,6,3,5,3,0,0,1,0,0,0,0,0,5.18658E+20,5.36378E+21,9.25221E+15,4.84269E+16
59663,8,2,11,0,2018,12,1,4,2,8,1,2,0,1,0,0,0,0,0,4.40847E+20,5.40354E+21,8.19476E+15,4.8782E+16
59664,8,4,15,78,2018,12,7,6,3,6,4,0,0,1,1,0,0,0,1,5.34082E+20,5.36992E+21,9.46119E+15,4.84815E+16
59665,8,1,25,27,2018,12,16,6,3,1,6,2,0,1,0,0,0,0,1,5.18889E+20,5.44651E+21,9.25914E+15,4.91711E+16
59666,8,2,25,74,2018,12,11,3,3,5,3,0,0,1,0,0,0,0,0,5.06995E+20,5.46658E+21,9.09632E+15,4.93519E+16
59667,8,3,25,11,2018,12,6,6,3,0,6,2,0,1,0,0,0,0,1,4.73983E+20,5.34287E+21,8.64961E+15,4.82386E+16
59668,8,2,26,41,2018,12,12,2,3,2,6,0,0,1,0,0,0,0,0,4.76509E+20,5.46536E+21,8.67663E+15,4.93405E+16
59669,8,2,31,0,2018,12,7,5,3,5,3,2,0,1,0,0,0,0,1,4.78797E+20,5.41484E+21,8.71078E+15,4.88861E+16
59670,8,4,21,0,2018,12,0,3,3,1,1,2,0,1,0,0,0,1,1,5.73007E+20,5.3629E+21,9.98665E+15,4.8415E+16
59671,8,3,11,0,2018,12,15,6,3,2,1,0,0,1,0,0,0,0,0,4.09798E+20,5.31999E+21,7.79016E+15,4.80268E+16
59672,8,2,26,85,2018,12,13,7,2,2,6,0,0,1,0,0,0,0,1,4.91345E+20,5.45447E+21,8.88109E+15,4.92429E+16
59673,8,3,17,96,2018,12,13,4,3,5,3,0,0,1,0,0,0,0,1,4.22709E+20,5.36859E+21,7.95441E+15,4.84657E+16
59674,8,2,26,85,2018,12,20,1,2,4,2,2,0,1,0,0,0,0,1,4.91271E+20,5.45556E+21,8.88005E+15,4.92527E+16
59675,8,1,25,63,2018,12,16,2,3,3,6,2,0,1,0,0,0,0,1,5.29718E+20,5.46638E+21,9.40918E+15,4.93494E+16
59676,8,3,37,49,2018,12,9,6,3,8,1,0,0,1,0,0,0,0,2,4.25584E+20,5.27794E+21,8.00908E+15,4.76506E+16
59677,8,4,15,50,2018,12,13,6,3,2,1,0,0,1,0,0,0,0,1,5.21283E+20,5.37703E+21,9.28837E+15,4.8546E+16
59678,8,1,16,33,2018,12,7,4,3,2,6,2,0,1,0,0,0,0,1,5.3409E+20,5.38916E+21,9.46289E+15,4.86545E+16
59679,8,3,15,51,2018,12,16,6,3,9,1,1,0,1,0,0,0,0,1,4.19351E+20,5.32312E+21,7.91766E+15,4.80563E+16
59680,8,4,15,61,2018,12,10,3,3,5,3,0,0,1,0,0,1,0,1,5.13006E+20,5.37674E+21,9.17622E+15,4.85437E+16
59681,8,3,36,81,2018,12,6,6,3,5,3,2,1,1,0,0,0,0,0,4.11753E+20,5.27781E+21,7.82497E+15,4.76476E+16
59682,8,1,28,115,2018,12,15,2,3,3,1,0,0,1,0,0,0,0,1,5.46442E+20,5.49165E+21,9.6424E+15,4.95757E+16
59683,8,3,36,87,2018,12,14,6,3,8,1,0,0,1,0,0,0,0,0,4.24273E+20,5.29974E+21,7.98782E+15,4.78465E+16
59684,8,4,25,20,2018,12,16,6,3,4,2,2,0,1,0,0,0,0,1,5.57481E+20,5.36286E+21,9.77685E+15,4.84163E+16
59685,8,1,18,48,2018,12,6,4,2,5,3,2,1,1,0,0,0,0,1,5.1173E+20,5.41832E+21,9.16011E+15,4.89177E+16
59686,8,4,36,10,2018,12,6,6,2,4,6,2,0,1,0,0,0,0,0,5.61517E+20,5.30453E+21,9.82295E+15,4.78911E+16
59687,8,1,16,14,2018,12,17,4,3,2,6,2,0,1,0,0,0,0,1,5.28135E+20,5.39595E+21,9.38249E+15,4.87159E+16
59688,8,3,27,46,2018,12,17,6,3,5,3,2,0,1,0,0,0,0,0,4.79727E+20,5.32438E+21,8.72785E+15,4.80724E+16
59689,8,1,18,73,2018,12,10,6,3,2,6,0,0,1,0,0,0,0,1,4.97172E+20,5.42045E+21,8.96139E+15,4.8937E+16
59690,8,2,16,43,2018,12,9,3,2,5,3,0,1,1,0,0,0,0,2,4.40635E+20,5.41274E+21,8.19055E+15,4.88648E+16
59691,8,3,26,74,2018,12,7,6,3,9,7,2,0,1,0,0,0,0,1,4.60979E+20,5.32328E+21,8.47628E+15,4.80616E+16
59692,8,1,36,79,2018,12,22,1,3,2,6,2,0,1,0,0,0,0,1,5.59309E+20,5.39896E+21,9.80669E+15,4.87408E+16
59693,8,1,17,18,2018,12,18,5,2,5,3,2,0,1,0,0,0,0,0,5.37527E+20,5.39503E+21,9.51009E+15,4.87072E+16
59694,8,1,18,3,2018,12,3,2,3,9,1,2,0,1,0,0,0,0,1,5.1137E+20,5.41822E+21,9.1552E+15,4.89168E+16
59695,8,1,27,100,2018,12,14,2,2,4,1,0,0,1,0,0,0,0,1,5.53257E+20,5.43428E+21,9.729E+15,4.90591E+16
59696,8,2,12,0,2018,12,21,5,3,2,6,2,0,1,0,0,0,0,0,4.50072E+20,5.43187E+21,8.31687E+15,4.90377E+16
59697,8,4,35,34,2018,12,13,2,2,5,3,0,0,1,0,0,0,0,1,5.2448E+20,5.28262E+21,9.32626E+15,4.76965E+16
59698,8,3,26,12,2018,12,6,6,3,0,7,2,0,1,0,0,0,0,0,4.66723E+20,5.31088E+21,8.55433E+15,4.79504E+16
59699,8,1,15,28,2018,12,12,7,3,2,6,0,0,1,0,0,0,0,1,5.01882E+20,5.40243E+21,9.02562E+15,4.87749E+16
59700,8,2,37,27,2018,12,11,4,3,5,3,0,0,1,0,0,0,0,1,4.79396E+20,5.36951E+21,8.7212E+15,4.84784E+16
59701,8,1,27,25,2018,12,8,2,2,6,4,0,0,1,1,0,0,0,0,5.5629E+20,5.42774E+21,9.7696E+15,4.9E+16
59702,8,2,37,54,2018,12,23,2,3,8,1,2,0,1,0,0,0,0,2,4.66238E+20,5.3744E+21,8.54276E+15,4.85218E+16
59703,8,3,25,57,2018,12,12,6,2,5,3,0,0,1,0,0,0,0,0,4.72959E+20,5.35702E+21,8.63492E+15,4.83657E+16
59704,8,3,35,66,2018,12,20,6,2,8,1,2,0,1,0,0,0,0,1,5.07085E+20,5.28156E+21,9.09441E+15,4.76873E+16
59705,8,4,37,107,2018,12,8,3,2,9,1,1,0,1,0,0,0,0,2,5.01995E+20,5.32903E+21,9.02681E+15,4.81146E+16
59706,8,2,25,1,2018,12,12,6,3,9,1,0,0,1,0,0,0,0,1,5.26386E+20,5.46887E+21,9.36346E+15,4.93719E+16
59707,8,3,35,75,2018,12,4,3,3,9,1,2,0,0,0,0,0,1,1,4.89062E+20,5.29531E+21,8.85391E+15,4.78111E+16
59708,8,3,17,96,2018,12,14,6,3,6,4,0,0,1,1,0,0,0,0,4.24993E+20,5.36959E+21,7.98513E+15,4.84749E+16
59709,8,2,22,0,2018,12,20,3,3,5,2,2,0,1,0,0,0,0,0,4.60594E+20,5.48175E+21,8.45591E+15,4.94871E+16
59710,8,3,17,65,2018,12,23,6,3,2,6,2,0,1,0,0,0,0,1,4.13118E+20,5.35416E+21,7.82769E+15,4.83346E+16
59711,8,4,36,94,2018,12,19,5,3,2,6,2,0,1,0,0,0,0,1,5.72537E+20,5.28495E+21,9.96708E+15,4.77139E+16
59712,8,1,35,19,2018,12,6,3,2,5,3,2,0,1,0,0,0,0,1,5.8692E+20,5.3942E+21,1.01812E+16,4.86948E+16
59713,8,3,17,65,2018,12,17,6,3,6,2,2,0,1,1,0,0,0,0,4.14199E+20,5.35526E+21,7.84204E+15,4.83447E+16
59714,8,1,16,78,2018,12,18,1,3,5,3,2,0,1,0,0,0,0,1,5.12823E+20,5.39094E+21,9.17418E+15,4.86714E+16
59715,8,1,11,0,2018,12,17,5,3,2,6,2,0,1,0,0,0,0,0,5.07876E+20,5.3969E+21,9.1071E+15,4.87251E+16
59716,8,2,25,114,2018,12,12,2,3,9,1,0,0,1,0,0,0,0,1,5.34517E+20,5.47355E+21,9.47587E+15,4.94136E+16
59717,8,1,25,65,2018,12,17,2,3,1,6,2,0,1,0,0,0,0,1,5.16259E+20,5.44908E+21,9.22316E+15,4.91943E+16
59718,8,2,26,84,2018,12,8,3,3,8,1,1,0,1,0,0,0,0,2,4.67186E+20,5.47336E+21,8.54763E+15,4.9412E+16
59719,8,3,17,65,2018,12,12,6,3,5,3,0,1,0,0,0,0,1,0,4.1797E+20,5.35474E+21,7.89302E+15,4.83405E+16
59720,8,1,16,42,2018,12,14,6,2,4,6,0,0,1,0,0,1,0,1,5.17125E+20,5.38082E+21,9.23218E+15,4.85803E+16
59721,8,1,15,28,2018,12,11,3,3,2,6,0,0,1,0,0,0,1,1,5.02328E+20,5.40131E+21,9.03169E+15,4.87648E+16
59722,8,3,17,89,2018,12,12,6,2,8,1,0,0,1,0,0,0,0,0,4.30869E+20,5.37637E+21,8.0635E+15,4.85366E+16
59723,8,1,25,6,2018,12,8,1,2,3,1,1,0,1,0,0,0,0,1,5.02365E+20,5.4512E+21,9.03247E+15,4.92136E+16
59724,8,1,16,72,2018,12,7,5,3,2,6,2,0,1,0,0,0,0,1,5.29715E+20,5.3937E+21,9.40381E+15,4.86956E+16
59725,8,1,35,20,2018,12,16,2,3,2,1,1,0,1,0,0,0,0,1,5.85674E+20,5.38085E+21,1.01615E+16,4.85749E+16
59726,8,1,25,26,2018,12,16,2,3,5,3,1,0,1,0,0,0,0,1,4.89211E+20,5.44358E+21,8.85207E+15,4.91449E+16
59727,8,1,36,82,2018,12,22,5,3,3,6,2,0,1,0,0,0,0,1,5.88352E+20,5.41428E+21,1.02049E+16,4.88752E+16
59728,8,4,17,31,2018,12,17,2,3,2,6,2,0,1,0,0,0,0,1,4.97914E+20,5.35569E+21,8.97185E+15,4.83544E+16
59729,8,2,15,17,2018,12,21,6,3,5,3,2,0,1,0,0,0,0,0,4.54981E+20,5.42279E+21,8.38504E+15,4.89564E+16
59730,8,1,17,24,2018,12,16,7,2,6,2,1,0,1,1,0,0,0,1,5.61962E+20,5.38503E+21,9.84069E+15,4.86152E+16
59731,8,2,21,0,2018,12,19,4,3,3,2,2,0,1,0,0,0,0,1,4.76247E+20,5.47296E+21,8.67256E+15,4.94088E+16
59732,8,1,19,85,2018,12,2,2,3,8,1,2,0,1,0,0,0,1,1,5.27676E+20,5.41321E+21,9.37742E+15,4.88712E+16
59733,8,2,12,0,2018,12,15,6,3,8,7,0,0,1,0,0,0,0,0,4.56378E+20,5.42595E+21,8.40377E+15,4.89849E+16
59734,8,3,15,15,2018,12,12,6,2,5,3,0,0,1,0,0,0,0,1,3.99758E+20,5.31366E+21,7.657E+15,4.79684E+16
59735,8,4,26,71,2018,12,12,3,2,2,6,0,0,1,0,0,1,0,1,5.62559E+20,5.33371E+21,9.84115E+15,4.81536E+16
59736,8,2,15,110,2018,12,8,6,3,5,3,0,0,1,0,0,0,0,1,4.61248E+20,5.41899E+21,8.471E+15,4.89226E+16
59737,8,3,17,150,2018,12,7,3,3,2,6,1,0,1,0,0,0,0,1,4.10241E+20,5.35489E+21,7.78872E+15,4.83408E+16
59738,8,2,12,0,2018,12,19,6,2,5,2,2,0,1,0,0,0,0,0,4.59554E+20,5.42611E+21,8.44717E+15,4.89865E+16
59739,8,3,36,50,2018,12,14,2,3,7,1,0,0,1,0,0,1,0,1,4.0089E+20,5.27503E+21,7.68099E+15,4.76211E+16
59740,8,1,25,102,2018,12,20,3,3,1,5,2,0,1,0,0,0,0,0,5.25637E+20,5.44543E+21,9.35164E+15,4.91611E+16
59741,8,3,35,43,2018,12,14,5,3,2,6,0,0,1,0,0,0,0,0,5.09774E+20,5.2812E+21,9.13023E+15,4.76841E+16
59742,8,1,25,102,2018,12,11,3,2,2,6,0,0,0,0,0,1,0,0,5.25097E+20,5.44539E+21,9.34423E+15,4.91608E+16
59743,8,2,37,27,2018,12,12,6,3,5,3,0,0,1,0,0,0,0,0,4.79395E+20,5.36951E+21,8.72119E+15,4.84783E+16
59744,8,4,26,21,2018,12,16,7,2,5,3,2,0,1,0,0,0,1,1,5.59592E+20,5.32998E+21,9.80074E+15,4.81203E+16