OBJECTID_1,ULAND,UREGBEZ,UKREIS,UGEMEINDE,UJAHR,UMONAT,USTUNDE,UWOCHENTAG,UKATEGORIE,UART,UTYP1,ULICHTVERH,IstRad,IstPKW,IstFuss,IstKrad,IstGkfz,IstSonstig,STRZUSTAND,LINREFX,LINREFY,XGCSWGS84,YGCSWGS84
59745,8,4,16,41,2018,12,13,4,3,8,7,0,0,1,0,0,0,0,1,5.04578E+20,5.37368E+21,9.062E+15,4.85162E+16
59746,8,1,16,80,2018,12,22,2,2,5,3,2,0,1,0,0,0,0,1,5.21409E+20,5.39554E+21,9.29104E+15,4.87125E+16
59747,8,1,19,85,2018,12,14,2,3,6,7,0,0,1,1,0,0,0,1,5.29225E+20,5.41407E+21,9.3986E+15,4.88789E+16
59748,8,2,21,0,2018,12,19,6,3,2,6,2,0,1,0,0,0,0,0,4.7547E+20,5.47079E+21,8.66198E+15,4.93893E+16
59749,8,1,11,0,2018,12,9,7,3,6,2,0,0,1,1,0,0,0,1,5.1602E+20,5.40378E+21,9.21809E+15,4.87869E+16
59750,8,1,25,107,2018,12,15,4,3,9,1,0,0,1,0,0,0,0,1,5.32059E+20,5.43337E+21,9.43877E+15,4.90523E+16
59751,8,1,19,67,2018,12,12,2,3,8,1,0,0,1,0,0,0,0,1,5.41349E+20,5.4012E+21,9.56266E+15,4.87625E+16
59752,8,2,21,0,2018,12,12,6,3,1,6,0,0,1,0,0,0,0,0,4.76408E+20,5.47298E+21,8.67478E+15,4.9409E+16
59753,8,3,36,50,2018,12,18,4,3,6,4,2,0,0,1,1,0,0,0,3.99123E+20,5.2756E+21,7.65735E+15,4.7626E+16
59754,8,1,25,13,2018,12,20,5,2,0,2,2,0,1,0,0,0,0,1,5.02085E+20,5.43846E+21,9.02856E+15,4.9099E+16
59755,8,3,35,63,2018,12,14,2,3,2,6,0,0,1,0,0,1,0,0,4.98711E+20,5.29094E+21,8.9828E+15,4.77718E+16
59756,8,2,15,94,2018,12,6,6,3,4,7,2,0,1,0,0,0,0,0,4.83471E+20,5.44046E+21,8.77348E+15,4.91168E+16
59757,8,1,19,8,2018,12,22,7,3,3,6,2,0,1,0,0,0,0,1,5.32875E+20,5.41971E+21,9.44883E+15,4.89295E+16
59758,8,1,11,0,2018,12,17,4,3,2,6,2,0,1,0,0,0,0,1,5.10058E+20,5.39518E+21,9.13671E+15,4.87095E+16
59759,8,1,19,87,2018,12,15,2,3,2,6,0,0,1,0,0,0,0,0,5.27031E+20,5.42536E+21,9.36942E+15,4.89805E+16
59760,8,2,12,0,2018,12,8,6,3,2,6,0,0,1,0,0,0,0,0,4.56909E+20,5.42681E+21,8.41094E+15,4.89927E+16
59761,8,1,16,72,2018,12,10,5,3,8,7,0,0,1,0,0,0,1,2,5.29798E+20,5.3939E+21,9.40495E+15,4.86974E+16
59762,8,1,18,63,2018,12,8,6,2,0,6,0,0,1,0,0,0,0,0,5.15821E+20,5.42278E+21,9.21611E+15,4.89578E+16
59763,8,1,28,128,2018,12,16,6,2,9,7,1,0,1,0,0,0,0,1,5.46161E+20,5.50268E+21,9.63981E+15,4.96749E+16
59764,8,2,12,0,2018,12,21,3,3,2,6,2,0,1,0,0,0,0,1,4.60891E+20,5.42916E+21,8.46515E+15,4.90141E+16
59765,8,1,36,28,2018,12,18,6,3,8,1,2,0,1,0,0,0,0,2,5.69279E+20,5.40277E+21,9.94293E+15,4.87741E+16
59766,8,3,35,75,2018,12,6,2,3,5,3,2,0,1,0,0,0,0,1,4.88177E+20,5.28869E+21,8.84227E+15,4.77514E+16
59767,8,3,11,0,2018,12,16,5,3,2,6,1,0,1,0,0,0,0,0,4.13823E+20,5.32284E+21,7.84355E+15,4.8053E+16
59768,8,1,19,20,2018,12,8,3,3,2,6,0,0,1,0,0,0,0,1,5.18591E+20,5.40826E+21,9.2533E+15,4.8827E+16
59769,8,1,36,19,2018,12,13,6,3,5,3,0,0,1,0,1,0,0,0,5.85034E+20,5.42316E+21,1.01616E+16,4.89555E+16
59770,8,3,35,100,2018,12,14,7,3,4,6,0,0,1,0,0,0,0,0,4.87752E+20,5.28628E+21,8.83666E+15,4.77298E+16
59771,8,4,15,61,2018,12,7,4,3,2,6,1,0,1,0,0,0,0,1,5.12139E+20,5.37142E+21,9.16432E+15,4.84958E+16
59772,8,4,21,0,2018,12,17,1,3,5,3,2,0,1,0,0,0,0,1,5.71276E+20,5.35662E+21,9.9622E+15,4.83588E+16
59773,8,1,18,48,2018,12,10,2,3,2,6,0,0,1,0,0,0,0,1,5.12255E+20,5.41771E+21,9.16726E+15,4.89122E+16
59774,8,1,35,26,2018,12,11,6,3,5,3,0,0,1,0,0,0,0,0,5.94434E+20,5.39492E+21,1.02834E+16,4.87001E+16
59775,8,4,35,30,2018,12,16,6,3,2,6,2,0,1,0,0,0,0,1,5.42546E+20,5.27387E+21,9.56618E+15,4.76168E+16
59776,8,1,19,85,2018,12,7,4,3,5,3,1,1,0,0,0,0,1,1,5.28661E+20,5.41376E+21,9.39088E+15,4.88761E+16
59777,8,1,35,19,2018,12,7,6,3,2,6,1,0,1,0,0,0,0,0,5.87612E+20,5.39432E+21,1.01906E+16,4.86957E+16
59778,8,1,27,8,2018,12,10,4,2,9,1,0,0,1,0,0,0,0,2,5.73388E+20,5.45824E+21,1.00089E+16,4.92725E+16
59779,8,1,27,73,2018,12,17,6,3,1,6,1,0,1,0,0,0,0,0,5.78031E+20,5.44809E+21,1.00707E+16,4.91807E+16
59780,8,1,25,74,2018,12,7,6,3,2,6,2,0,1,0,0,0,0,1,5.09464E+20,5.44087E+21,9.1297E+15,4.91206E+16
59781,8,2,22,0,2018,12,11,3,3,2,7,0,0,1,0,1,0,0,0,4.61401E+20,5.48126E+21,8.4671E+15,4.94828E+16
59782,8,1,27,14,2018,12,18,6,3,5,3,2,0,1,0,0,0,0,0,5.79729E+20,5.44167E+21,1.00928E+16,4.91227E+16
59783,8,2,11,0,2018,12,8,2,3,6,7,0,0,1,1,0,0,0,1,4.41369E+20,5.40376E+21,8.20185E+15,4.87841E+16
59784,8,1,26,39,2018,12,6,6,3,2,6,2,0,1,0,0,0,0,0,5.49012E+20,5.46019E+21,9.67405E+15,4.92925E+16
59785,8,1,27,73,2018,12,11,6,2,8,1,0,0,1,0,0,0,0,1,5.76856E+20,5.44844E+21,1.00547E+16,4.91839E+16
59786,8,2,35,29,2018,12,7,3,2,4,2,2,0,1,0,1,0,0,1,4.87424E+20,5.39359E+21,8.8291E+15,4.86952E+16
59787,8,1,25,102,2018,12,5,6,3,4,2,2,0,1,0,0,0,0,0,5.19377E+20,5.44542E+21,9.26578E+15,4.91613E+16
59788,8,3,17,1,2018,12,13,2,3,3,6,0,0,1,0,0,1,0,0,4.2844E+20,5.38819E+21,8.02856E+15,4.86426E+16
59789,8,2,35,57,2018,12,14,5,2,9,1,0,0,1,0,0,0,0,0,4.87623E+20,5.39755E+21,8.83169E+15,4.87308E+16
59790,8,1,18,50,2018,12,5,3,2,8,1,2,0,1,0,0,0,0,2,5.04942E+20,5.41639E+21,9.06744E+15,4.89004E+16
59791,8,1,25,26,2018,12,1,6,3,8,1,2,0,1,0,0,0,0,0,4.89209E+20,5.44358E+21,8.85203E+15,4.9145E+16
59792,8,3,25,49,2018,12,16,7,2,7,7,0,0,1,0,0,0,1,1,4.77987E+20,5.34006E+21,8.70367E+15,4.82134E+16
59793,8,3,26,68,2018,12,11,4,3,9,1,0,0,1,0,0,0,0,2,4.48526E+20,5.31821E+21,8.30976E+15,4.80151E+16
59794,8,2,31,0,2018,12,14,1,3,2,6,0,0,1,0,0,0,0,1,4.78704E+20,5.41792E+21,8.70935E+15,4.89138E+16
59795,8,1,18,40,2018,12,14,2,3,5,3,0,0,1,0,0,0,0,1,5.09534E+20,5.43331E+21,9.13049E+15,4.90526E+16
59796,8,1,18,50,2018,12,17,6,2,5,3,1,0,1,0,0,0,0,0,5.06097E+20,5.41664E+21,9.08319E+15,4.89027E+16
59797,8,4,15,61,2018,12,11,6,2,6,4,0,0,1,1,0,0,0,1,5.1412E+20,5.37348E+21,9.19119E+15,4.85142E+16
59798,8,1,17,28,2018,12,14,4,3,2,6,0,0,1,0,0,0,0,0,5.47564E+20,5.38286E+21,9.6451E+15,4.8597E+16
59799,8,2,12,0,2018,12,9,2,3,2,6,0,0,1,0,0,0,0,0,4.52848E+20,5.4291E+21,8.35517E+15,4.9013E+16
59800,8,1,15,28,2018,12,14,6,3,2,6,0,0,1,0,0,0,0,0,4.98746E+20,5.40393E+21,8.98293E+15,4.87883E+16
59801,8,4,35,29,2018,12,3,3,3,8,1,2,0,1,0,0,0,0,0,5.47196E+20,5.27198E+21,9.62786E+15,4.75995E+16
59802,8,1,15,3,2018,12,12,6,3,6,4,0,0,1,1,0,0,0,0,4.96295E+20,5.39316E+21,8.94965E+15,4.86915E+16
59803,8,1,17,28,2018,12,20,6,3,2,6,2,0,1,0,0,0,0,1,5.47913E+20,5.38224E+21,9.64977E+15,4.85914E+16
59804,8,2,15,89,2018,12,7,3,3,8,1,1,0,1,0,0,0,0,2,4.72921E+20,5.42993E+21,8.62962E+15,4.90217E+16
59805,8,1,11,0,2018,12,18,6,3,1,5,2,0,1,0,1,0,0,0,5.15804E+20,5.39895E+21,9.21497E+15,4.87433E+16
59806,8,1,27,99,2018,12,21,1,3,7,7,2,0,1,0,0,0,1,1,5.6399E+20,5.44733E+21,9.87796E+15,4.91754E+16
59807,8,1,16,42,2018,12,11,5,3,5,3,0,0,1,0,0,0,0,1,5.18018E+20,5.38158E+21,9.24433E+15,4.8587E+16
59808,8,1,11,0,2018,12,13,2,3,2,6,0,0,1,0,0,0,0,1,5.12309E+20,5.39492E+21,9.1673E+15,4.87072E+16
59809,8,1,18,73,2018,12,13,2,2,4,6,0,0,1,0,0,0,0,1,4.99774E+20,5.41851E+21,8.99691E+15,4.89196E+16
59810,8,2,11,0,2018,12,7,5,3,2,6,2,0,1,0,0,0,0,1,4.4047E+20,5.40331E+21,8.18967E+15,4.87799E+16
59811,8,4,26,117,2018,12,5,2,2,9,1,2,0,1,0,0,0,0,2,5.82875E+20,5.31814E+21,1.01112E+16,4.80112E+16
59812,8,1,11,0,2018,12,5,6,3,6,4,2,0,1,1,0,0,0,0,5.18538E+20,5.40164E+21,9.25228E+15,4.87675E+16
59813,8,1,11,0,2018,12,8,7,2,8,1,0,0,1,0,0,0,0,1,5.12341E+20,5.39475E+21,9.16774E+15,4.87057E+16
59814,8,2,26,98,2018,12,19,4,3,2,6,2,0,1,0,0,0,1,1,4.77332E+20,5.45899E+21,8.68832E+15,4.92832E+16
59815,8,1,17,26,2018,12,16,2,3,5,3,2,0,1,0,0,1,0,1,5.50954E+20,5.3911E+21,9.69209E+15,4.86709E+16
59816,8,1,11,0,2018,12,14,6,3,3,2,0,0,1,0,1,0,0,0,5.16437E+20,5.40467E+21,9.2238E+15,4.87948E+16
59817,8,2,25,58,2018,12,13,5,3,5,3,0,0,1,0,0,0,0,1,5.11064E+20,5.46815E+21,9.15239E+15,4.93659E+16
59818,8,1,16,19,2018,12,7,3,3,2,6,1,0,1,0,0,0,0,0,5.26659E+20,5.39691E+21,9.36249E+15,4.87247E+16
59819,8,1,11,0,2018,12,16,6,3,3,6,2,0,0,0,1,0,1,0,5.13616E+20,5.40242E+21,9.18533E+15,4.87746E+16
59820,8,2,16,43,2018,12,16,7,3,1,6,1,0,1,0,0,0,0,0,4.44388E+20,5.41258E+21,8.24174E+15,4.88637E+16
59821,8,3,11,0,2018,12,8,4,3,5,3,0,0,1,0,0,0,0,1,4.05432E+20,5.31488E+21,7.73273E+15,4.79803E+16
59822,8,2,11,0,2018,12,14,1,3,5,2,0,0,1,0,0,0,0,1,4.38443E+20,5.39775E+21,8.16291E+15,4.87298E+16
59823,8,4,36,55,2018,12,8,5,3,3,6,0,0,1,0,0,1,0,0,5.75125E+20,5.30092E+21,1.00043E+16,4.78572E+16
59824,8,3,37,66,2018,12,12,6,3,6,2,0,0,1,1,0,0,0,1,4.30278E+20,5.26848E+21,8.07308E+15,4.7566E+16
59825,8,1,11,0,2018,12,9,4,3,2,6,0,0,0,0,0,0,1,1,5.17804E+20,5.40418E+21,9.2424E+15,4.87904E+16
59826,8,2,15,9,2018,12,17,6,3,2,6,2,0,1,0,0,0,0,1,4.67431E+20,5.44285E+21,8.55349E+15,4.91376E+16
59827,8,3,37,38,2018,12,19,3,2,8,1,2,0,1,0,0,0,0,1,4.30385E+20,5.27643E+21,8.07324E+15,4.76375E+16
59828,8,4,25,72,2018,12,7,5,3,2,6,1,0,1,0,0,1,0,1,5.76833E+20,5.36866E+21,1.00394E+16,4.84663E+16
59829,8,2,36,40,2018,12,15,3,3,0,1,0,0,0,0,1,0,0,1,4.87876E+20,5.42172E+21,8.83441E+15,4.89483E+16
59830,8,4,17,63,2018,12,13,5,3,2,6,0,0,1,0,0,0,0,1,5.06397E+20,5.33772E+21,9.08608E+15,4.81927E+16
59831,8,1,15,48,2018,12,14,6,3,2,6,0,0,1,0,0,0,0,1,5.09252E+20,5.38866E+21,9.12561E+15,4.86509E+16
59832,8,1,16,15,2018,12,15,3,3,2,6,0,0,1,0,0,0,0,0,5.21567E+20,5.39347E+21,9.29307E+15,4.86939E+16
59833,8,4,16,22,2018,12,7,5,3,4,2,2,0,1,0,1,0,0,0,5.1004E+20,5.37544E+21,9.13599E+15,4.8532E+16
59834,8,1,25,13,2018,12,17,1,3,5,3,2,0,1,0,0,0,1,1,5.01297E+20,5.43689E+21,9.01776E+15,4.90849E+16
59835,8,1,15,44,2018,12,19,5,3,5,3,2,0,1,0,0,0,0,1,5.04583E+20,5.38926E+21,9.06224E+15,4.86564E+16
59836,8,1,28,7,2018,12,11,2,3,4,6,0,0,1,0,0,0,0,0,5.54165E+20,5.4858E+21,9.74841E+15,4.95224E+16
59837,8,1,35,19,2018,12,17,5,3,2,6,2,0,1,0,0,0,0,1,5.83154E+20,5.39249E+21,1.01297E+16,4.86799E+16
59838,8,4,15,50,2018,12,11,2,3,2,2,0,0,1,0,0,1,0,1,5.20769E+20,5.3763E+21,9.28137E+15,4.85395E+16
59839,8,4,16,41,2018,12,17,5,3,2,6,2,0,1,0,0,0,0,1,5.05598E+20,5.37328E+21,9.0758E+15,4.85126E+16
59840,8,1,27,73,2018,12,5,7,3,3,6,2,0,1,0,0,0,0,1,5.7815E+20,5.44839E+21,1.00724E+16,4.91834E+16
59841,8,3,17,151,2018,12,12,4,3,2,6,0,0,1,0,0,0,0,1,4.12115E+20,5.36516E+21,7.81185E+15,4.84334E+16
59842,8,4,16,41,2018,12,15,5,3,0,7,0,0,0,0,0,0,1,0,5.03747E+20,5.37343E+21,9.05074E+15,4.8514E+16
59843,8,3,17,116,2018,12,22,6,2,5,2,2,0,1,0,0,0,0,1,4.33325E+20,5.38842E+21,8.09483E+15,4.86453E+16
59844,8,3,15,6,2018,12,7,3,3,5,2,2,1,0,0,1,0,0,1,4.00719E+20,5.30657E+21,7.67151E+15,4.79048E+16
59845,8,4,15,53,2018,12,16,5,3,4,1,2,0,1,0,0,0,0,2,5.42783E+20,5.36212E+21,9.57814E+15,4.84108E+16
59846,8,4,36,3,2018,12,17,2,3,4,1,2,0,1,0,0,0,0,2,5.78589E+20,5.30424E+21,1.00512E+16,4.78867E+16
59847,8,3,17,152,2018,12,18,5,3,2,6,2,0,1,0,0,1,0,0,4.08681E+20,5.34635E+21,7.76951E+15,4.82638E+16
59848,8,1,21,0,2018,12,20,3,3,4,2,2,0,1,0,0,0,0,0,5.16289E+20,5.44459E+21,9.22339E+15,4.91539E+16
59849,8,3,27,49,2018,12,15,6,3,9,3,0,0,1,0,0,0,0,1,4.73587E+20,5.32136E+21,8.64561E+15,4.8045E+16
59850,8,4,35,59,2018,12,15,3,3,9,1,0,0,1,0,0,0,0,1,5.15356E+20,5.28888E+21,9.20488E+15,4.77531E+16
59851,8,2,22,0,2018,12,20,6,3,8,1,1,0,1,0,0,0,0,0,4.60905E+20,5.48127E+21,8.46026E+15,4.94828E+16
59852,8,3,17,96,2018,12,17,3,3,5,3,2,1,1,0,0,0,0,1,4.21808E+20,5.36973E+21,7.94201E+15,4.84759E+16
59853,8,3,36,82,2018,12,20,5,3,1,6,2,0,1,0,0,0,0,0,4.16466E+20,5.27153E+21,7.8889E+15,4.75918E+16
59854,8,2,16,7,2018,12,11,3,2,8,7,0,1,0,0,0,0,0,0,4.36675E+20,5.39459E+21,8.13936E+15,4.87011E+16
59855,8,3,35,35,2018,12,16,5,3,5,3,1,0,1,0,0,0,0,0,4.79537E+20,5.29088E+21,8.72689E+15,4.7771E+16
59856,8,4,17,79,2018,12,17,5,3,4,6,2,0,1,0,0,0,0,1,5.05376E+20,5.33773E+21,9.07233E+15,4.81928E+16
59857,8,1,27,103,2018,12,9,3,3,2,6,0,0,1,0,0,0,0,0,5.71581E+20,5.43704E+21,9.98027E+15,4.9082E+16
59858,8,3,35,80,2018,12,16,5,3,5,7,1,0,1,0,0,0,0,0,4.74631E+20,5.29633E+21,8.66109E+15,4.78198E+16
59859,8,1,15,44,2018,12,17,1,3,5,7,2,0,1,0,0,0,0,1,5.06725E+20,5.39018E+21,9.09133E+15,4.86646E+16
59860,8,4,35,29,2018,12,15,4,3,5,3,0,0,1,0,0,0,0,1,5.43291E+20,5.27159E+21,9.57586E+15,4.75962E+16
59861,8,1,27,52,2018,12,15,2,3,8,1,0,0,1,0,0,0,0,1,5.38172E+20,5.43705E+21,9.52278E+15,4.90852E+16
59862,8,1,21,0,2018,12,19,5,3,5,2,2,1,1,0,0,0,0,1,5.16771E+20,5.44335E+21,9.22996E+15,4.91427E+16
59863,8,3,17,65,2018,12,10,2,3,6,2,0,0,1,0,0,0,1,1,4.13618E+20,5.35527E+21,7.8342E+15,4.83447E+16
59864,8,3,35,43,2018,12,8,5,1,5,2,0,0,1,0,1,0,0,0,5.1413E+20,5.27971E+21,9.18823E+15,4.76706E+16
59865,8,1,17,24,2018,12,20,7,3,8,1,2,0,1,0,0,0,0,1,5.59741E+20,5.3847E+21,9.81051E+15,4.86126E+16
59866,8,1,27,63,2018,12,7,4,2,4,6,2,0,1,0,0,1,0,0,5.60372E+20,5.43057E+21,9.82583E+15,4.9025E+16
59867,8,4,17,13,2018,12,16,5,2,9,1,0,0,1,0,0,0,0,2,5.07611E+20,5.34791E+21,9.1026E+15,4.82844E+16
59868,8,4,35,18,2018,12,15,4,3,7,7,0,0,1,0,0,0,0,0,5.23397E+20,5.28081E+21,9.31174E+15,4.76803E+16
59869,8,3,11,0,2018,12,11,5,3,2,6,0,0,1,0,0,0,1,0,4.06094E+20,5.31686E+21,7.74117E+15,4.79981E+16
59870,8,2,25,1,2018,12,18,6,2,2,6,2,0,1,0,0,0,0,1,5.31266E+20,5.4681E+21,9.43062E+15,4.93648E+16
59871,8,2,31,0,2018,12,13,3,3,2,7,0,0,1,0,1,0,0,0,4.74915E+20,5.41675E+21,8.6577E+15,4.89032E+16
59872,8,3,11,0,2018,12,7,5,3,1,1,1,0,1,0,0,0,1,0,4.06039E+20,5.31484E+21,7.74087E+15,4.79799E+16
59873,8,2,15,96,2018,12,15,2,3,4,6,0,0,1,0,0,0,0,0,4.6563E+20,5.41766E+21,8.53093E+15,4.89109E+16
59874,8,3,36,105,2018,12,14,5,3,2,6,0,0,1,0,1,0,0,0,4.01288E+20,5.26726E+21,7.68802E+15,4.75513E+16
59875,8,1,18,73,2018,12,10,3,3,2,6,0,0,1,0,0,1,0,1,4.99372E+20,5.41841E+21,8.99143E+15,4.89186E+16
59876,8,3,11,0,2018,12,13,5,3,2,7,0,0,1,0,0,0,0,0,4.05432E+20,5.31488E+21,7.73273E+15,4.79803E+16
59877,8,3,27,19,2018,12,21,7,3,5,3,2,0,1,0,0,0,0,1,4.82073E+20,5.33165E+21,8.75903E+15,4.81379E+16
59878,8,3,36,81,2018,12,6,4,3,2,6,2,0,1,0,0,0,0,1,4.12476E+20,5.27792E+21,7.83456E+15,4.76488E+16
59879,8,3,25,11,2018,12,20,1,3,9,1,2,0,1,0,0,0,0,1,4.72458E+20,5.33954E+21,8.62929E+15,4.82085E+16
59880,8,2,12,0,2018,12,18,2,3,3,6,2,0,1,0,0,1,0,1,4.565E+20,5.42324E+21,8.40574E+15,4.89605E+16
59881,8,3,36,91,2018,12,8,5,3,3,3,0,0,1,0,0,0,0,0,3.933E+20,5.27511E+21,7.57999E+15,4.76206E+16
59882,8,4,21,0,2018,12,6,6,2,4,2,1,0,1,0,0,0,0,0,5.74015E+20,5.36196E+21,1.00001E+16,4.84065E+16
59883,8,1,18,71,2018,12,16,4,3,1,6,2,0,1,0,0,0,0,1,5.10857E+20,5.41888E+21,9.1482E+15,4.89227E+16
59884,8,2,26,31,2018,12,16,5,3,3,3,1,0,1,0,0,0,0,0,4.73356E+20,5.49352E+21,8.63132E+15,4.95936E+16
59885,8,4,15,34,2018,12,15,7,3,9,1,0,0,1,0,0,0,0,1,5.35127E+20,5.34722E+21,9.47344E+15,4.82772E+16
59886,8,4,15,89,2018,12,18,4,2,4,6,2,0,1,0,0,0,0,1,5.2137E+20,5.36093E+21,9.28873E+15,4.84012E+16
59887,8,4,36,52,2018,12,18,1,3,3,6,2,0,1,0,0,0,0,1,5.70515E+20,5.29189E+21,9.94125E+15,4.77765E+16
59888,8,2,12,0,2018,12,20,5,3,7,6,2,0,1,0,0,1,1,0,4.60426E+20,5.42431E+21,8.45926E+15,4.89704E+16
59889,8,1,11,0,2018,12,14,7,3,2,6,0,0,1,0,0,0,0,1,5.14916E+20,5.40475E+21,9.2031E+15,4.87956E+16
59890,8,1,25,69,2018,12,17,4,3,2,6,2,0,1,0,0,0,0,1,5.23569E+20,5.45381E+21,9.32376E+15,4.92366E+16
59891,8,2,12,0,2018,12,10,5,3,2,6,0,0,1,0,0,0,0,0,4.54862E+20,5.42708E+21,8.38293E+15,4.8995E+16
59892,8,3,26,52,2018,12,17,4,2,4,6,1,0,1,0,0,0,0,1,4.51896E+20,5.33095E+21,8.35351E+15,4.81299E+16
59893,8,2,12,0,2018,12,12,5,3,5,3,0,0,1,0,0,1,0,0,4.60587E+20,5.4288E+21,8.46103E+15,4.90108E+16
59894,8,1,21,0,2018,12,17,6,2,6,4,2,0,1,1,0,0,0,1,5.15672E+20,5.44416E+21,9.21491E+15,4.91501E+16
59895,8,2,26,76,2018,12,11,3,3,2,6,0,0,1,0,0,0,0,0,4.75431E+20,5.46616E+21,8.66173E+15,4.93477E+16
59896,8,2,15,9,2018,12,8,5,3,3,7,1,0,1,0,0,1,0,0,4.67269E+20,5.44064E+21,8.55144E+15,4.91177E+16
59897,8,2,36,39,2018,12,12,2,3,8,1,0,0,1,0,0,0,0,1,4.90276E+20,5.41084E+21,8.86746E+15,4.88504E+16
59898,8,2,31,0,2018,12,12,5,3,1,6,0,0,1,0,0,0,0,0,4.78934E+20,5.41691E+21,8.71254E+15,4.89048E+16
59899,8,1,16,71,2018,12,8,3,3,2,6,0,0,1,0,0,1,0,1,5.27896E+20,5.3896E+21,9.37882E+15,4.86589E+16
59900,8,2,35,46,2018,12,19,5,3,5,3,2,0,1,0,0,0,0,1,4.80074E+20,5.37704E+21,8.73002E+15,4.85461E+16
59901,8,3,15,6,2018,12,17,7,3,5,3,2,0,1,0,0,0,0,1,4.03917E+20,5.30655E+21,7.71429E+15,4.79051E+16
59902,8,3,25,12,2018,12,19,4,2,6,4,2,0,0,1,0,0,1,1,4.64059E+20,5.35466E+21,8.51496E+15,4.83441E+16
59903,8,2,25,9,2018,12,10,1,3,5,3,0,0,1,0,0,0,0,1,5.17184E+20,5.46613E+21,9.23659E+15,4.93476E+16
59904,8,2,31,0,2018,12,17,5,3,5,2,2,0,1,0,0,0,0,0,4.77864E+20,5.41487E+21,8.69804E+15,4.88864E+16
59905,8,4,15,59,2018,12,17,6,3,2,6,2,0,1,0,0,0,0,1,5.16078E+20,5.36708E+21,9.21746E+15,4.84567E+16
59906,8,1,16,16,2018,12,13,4,3,2,6,0,0,1,0,0,0,0,1,5.33548E+20,5.38528E+21,9.45521E+15,4.86197E+16
59907,8,3,15,132,2018,12,17,6,2,4,1,2,0,1,0,0,0,0,1,4.07779E+20,5.32308E+21,7.76241E+15,4.80543E+16
59908,8,4,16,15,2018,12,12,3,3,2,6,0,0,1,0,0,0,0,1,5.05903E+20,5.36575E+21,9.07983E+15,4.84449E+16
59909,8,2,12,0,2018,12,7,2,3,1,7,1,0,1,0,0,0,0,1,4.5286E+20,5.4298E+21,8.35525E+15,4.90193E+16
59910,8,2,31,0,2018,12,7,5,3,2,6,2,0,1,0,0,0,0,1,4.7814E+20,5.41106E+21,8.70201E+15,4.88521E+16
59911,8,3,27,4,2018,12,16,3,1,4,1,0,0,1,0,0,0,0,0,4.92406E+20,5.32819E+21,8.89799E+15,4.8107E+16
59912,8,2,26,32,2018,12,9,5,3,2,6,0,0,1,0,0,0,0,0,4.63992E+20,5.46446E+21,8.50439E+15,4.93318E+16
59913,8,1,16,49,2018,12,18,6,3,6,4,2,0,1,1,0,0,0,1,5.24966E+20,5.38582E+21,9.3388E+15,4.86249E+16
59914,8,1,18,80,2018,12,12,3,3,5,3,0,0,1,0,0,1,0,0,5.09359E+20,5.41207E+21,9.12761E+15,4.88615E+16
59915,12,0,72,17,2018,1,14,5,3,5,3,0,1,1,0,0,0,0,1,8.0001E+20,5.80919E+21,1.34057E+16,5.23508E+16
59916,12,0,71,160,2018,1,14,3,3,5,2,0,1,1,0,0,0,0,1,8.91847E+20,5.77061E+21,1.47035E+16,5.19477E+16
59917,12,0,67,481,2018,1,6,4,3,9,1,2,0,1,0,0,0,0,2,8.34011E+20,5.8068E+21,1.39008E+16,5.23097E+16
59918,12,0,64,428,2018,1,15,6,3,0,7,0,1,0,0,0,0,0,1,8.28917E+20,5.82675E+21,1.38459E+16,5.24915E+16
59919,12,0,71,76,2018,1,6,3,2,5,3,2,0,1,0,0,0,0,1,8.88675E+20,5.74592E+21,1.46298E+16,5.17291E+16
59920,12,0,61,433,2018,1,5,3,3,1,1,2,0,1,0,0,0,0,2,8.01026E+20,5.81108E+21,1.34223E+16,5.23671E+16
59921,12,0,60,45,2018,1,14,3,3,2,6,0,0,1,0,0,0,0,1,8.21688E+20,5.87561E+21,1.37876E+16,5.29335E+16
59922,12,0,63,36,2018,1,12,7,3,0,7,0,1,0,0,0,0,0,0,7.70923E+20,5.83315E+21,1.29992E+16,5.25807E+16
59923,12,0,60,269,2018,1,18,3,3,2,6,2,0,1,0,0,0,0,1,8.0649E+20,5.85316E+21,1.35411E+16,5.27412E+16
59924,12,0,65,256,2018,1,9,2,3,5,3,0,1,1,0,0,0,0,0,7.86611E+20,5.85308E+21,1.32474E+16,5.27514E+16
59925,12,0,60,181,2018,1,8,3,3,8,2,0,0,1,0,0,0,0,1,8.07093E+20,5.84312E+21,1.35407E+16,5.26509E+16
59926,12,0,64,268,2018,1,22,3,2,9,1,2,0,1,0,0,0,0,1,8.75855E+20,5.82184E+21,1.45286E+16,5.24173E+16
59927,12,0,66,112,2018,1,19,5,3,5,3,2,0,1,0,0,0,0,1,8.47049E+20,5.72668E+21,1.40105E+16,5.15841E+16
59928,12,0,64,512,2018,1,15,3,2,4,6,0,0,1,0,0,0,1,1,8.43954E+20,5.84892E+21,1.40895E+16,5.26807E+16
59929,12,0,65,165,2018,1,7,3,3,6,4,1,0,0,1,0,0,1,0,7.72035E+20,5.85392E+21,1.30327E+16,5.27665E+16
59930,12,0,52,0,2018,1,18,5,3,5,2,2,1,1,0,0,0,0,1,8.67624E+20,5.74745E+21,1.4328E+16,5.1757E+16