OBJECTID_1,ULAND,UREGBEZ,UKREIS,UGEMEINDE,UJAHR,UMONAT,USTUNDE,UWOCHENTAG,UKATEGORIE,UART,UTYP1,ULICHTVERH,IstRad,IstPKW,IstFuss,IstKrad,IstGkfz,IstSonstig,STRZUSTAND,LINREFX,LINREFY,XGCSWGS84,YGCSWGS84
59931,12,0,64,472,2018,1,11,3,3,5,3,0,0,1,0,0,0,0,1,8.31445E+20,5.83721E+21,1.38934E+16,5.25836E+16
59932,12,0,64,290,2018,1,8,3,3,8,1,0,0,1,0,0,0,0,1,8.642E+20,5.82938E+21,1.43662E+16,5.24926E+16
59933,12,0,67,426,2018,1,16,3,3,2,6,1,0,1,0,0,0,0,1,8.5225E+20,5.8015E+21,1.41617E+16,5.22508E+16
59934,12,0,72,240,2018,1,17,6,2,3,6,2,0,1,0,0,0,1,0,7.89661E+20,5.80295E+21,1.32488E+16,5.23004E+16
59935,12,0,68,468,2018,1,13,3,3,8,7,0,0,1,0,0,0,0,1,7.36573E+20,5.8853E+21,1.2531E+16,5.30647E+16
59936,12,0,51,0,2018,1,6,5,3,4,3,2,1,1,0,0,0,0,1,7.40783E+20,5.81177E+21,1.25398E+16,5.24031E+16
59937,12,0,68,468,2018,1,13,3,3,2,6,0,0,1,0,0,0,0,0,7.36573E+20,5.8853E+21,1.2531E+16,5.30647E+16
59938,12,0,60,269,2018,1,6,3,3,9,1,2,0,1,0,0,0,0,1,8.06685E+20,5.85518E+21,1.35459E+16,5.27592E+16
59939,12,0,68,468,2018,1,16,3,3,2,6,1,0,1,0,0,0,0,0,7.35585E+20,5.88757E+21,1.2518E+16,5.30855E+16
59940,12,0,60,269,2018,1,13,7,3,8,1,0,0,1,0,0,0,0,0,8.03023E+20,5.86173E+21,1.34979E+16,5.282E+16
59941,12,0,65,256,2018,1,21,3,2,9,1,2,0,1,0,0,0,0,1,7.92754E+20,5.8499E+21,1.33353E+16,5.27196E+16
59942,12,0,62,410,2018,1,7,5,3,4,2,1,0,0,0,1,0,1,1,8.12659E+20,5.70501E+21,1.34965E+16,5.14099E+16
59943,12,0,60,269,2018,1,15,5,2,5,3,0,1,1,0,0,0,0,1,7.99784E+20,5.84946E+21,1.34387E+16,5.27119E+16
59944,12,0,61,540,2018,1,14,7,3,1,6,0,0,1,0,0,0,0,0,8.13566E+20,5.80588E+21,1.3601E+16,5.23135E+16
59945,12,0,68,320,2018,1,6,3,3,5,3,2,0,1,0,0,0,1,1,7.59716E+20,5.86706E+21,1.2861E+16,5.28903E+16
59946,12,0,72,340,2018,1,15,2,2,8,7,0,0,1,0,0,0,0,0,8.04251E+20,5.80016E+21,1.34596E+16,5.22674E+16
59947,12,0,60,5,2018,1,16,5,3,2,6,1,0,1,0,0,0,0,1,8.13332E+20,5.8387E+21,1.36284E+16,5.26078E+16
59948,12,0,72,477,2018,1,8,2,2,8,7,0,0,1,0,0,0,0,1,8.05022E+20,5.79139E+21,1.3463E+16,5.21884E+16
59949,12,0,61,260,2018,1,18,2,3,2,2,2,0,1,0,0,0,0,1,8.15282E+20,5.80442E+21,1.36247E+16,5.22994E+16
59950,12,0,65,332,2018,1,12,5,2,6,2,0,0,1,1,0,0,0,1,7.82682E+20,5.84551E+21,1.31829E+16,5.26856E+16
59951,12,0,54,0,2018,1,17,2,3,5,2,2,1,1,0,0,0,0,0,7.75642E+20,5.81632E+21,1.30547E+16,5.24275E+16
59952,12,0,67,24,2018,1,6,3,3,8,1,2,0,1,0,0,0,0,2,8.45306E+20,5.80806E+21,1.40671E+16,5.2314E+16
59953,12,0,54,0,2018,1,23,2,2,9,1,2,0,1,0,0,0,0,1,7.69898E+20,5.8199E+21,1.29734E+16,5.24624E+16
59954,12,0,60,45,2018,1,8,6,2,4,6,0,0,1,0,0,0,0,1,8.28787E+20,5.87265E+21,1.38898E+16,5.29027E+16
59955,12,0,62,461,2018,1,2,2,3,0,7,2,1,0,0,0,0,0,1,7.9439E+20,5.74312E+21,1.32665E+16,5.17614E+16
59956,12,0,54,0,2018,1,18,6,3,2,6,1,0,1,0,0,0,0,1,7.73616E+20,5.81132E+21,1.30209E+16,5.23836E+16
59957,12,0,62,92,2018,1,0,2,2,6,4,2,0,1,1,0,0,0,0,8.15506E+20,5.72815E+21,1.3558E+16,5.16157E+16
59958,12,0,64,136,2018,1,8,4,3,0,1,1,1,0,0,0,0,0,2,8.2291E+20,5.83034E+21,1.37612E+16,5.25273E+16
59959,12,0,65,165,2018,1,0,7,3,9,1,2,0,1,0,0,0,0,0,7.68217E+20,5.84961E+21,1.29727E+16,5.27297E+16
59960,12,0,67,357,2018,1,13,2,3,8,1,0,0,1,0,0,0,0,2,8.77845E+20,5.78463E+21,1.45162E+16,5.2083E+16
59961,12,0,68,425,2018,1,11,5,3,8,1,0,0,1,0,0,0,0,1,7.4559E+20,5.87732E+21,1.26592E+16,5.29891E+16
59962,12,0,68,117,2018,1,13,2,3,2,6,0,0,1,0,0,0,0,0,7.55628E+20,5.85905E+21,1.27941E+16,5.28205E+16
59963,12,0,65,144,2018,1,9,2,3,2,6,0,0,1,0,0,0,0,0,7.88291E+20,5.84818E+21,1.32679E+16,5.27066E+16
59964,12,0,63,208,2018,1,4,4,3,9,1,2,0,1,0,0,0,0,1,7.64343E+20,5.83881E+21,1.29068E+16,5.26348E+16
59965,8,4,36,9,2018,12,11,2,3,0,1,0,1,0,0,0,0,0,1,5.56364E+20,5.30753E+21,9.75441E+15,4.79186E+16
59966,12,0,68,181,2018,1,11,3,3,9,1,0,0,1,0,0,0,0,1,7.20934E+20,5.8927E+21,1.23031E+16,5.31378E+16
59967,12,0,65,256,2018,1,11,6,2,6,7,0,0,1,1,0,0,0,1,7.8627E+20,5.85358E+21,1.32428E+16,5.27561E+16
59968,8,4,36,79,2018,12,8,2,3,9,1,0,0,1,0,0,0,0,2,5.54781E+20,5.29146E+21,9.7312E+15,4.77742E+16
59969,12,0,64,317,2018,1,15,6,2,4,6,0,0,1,0,0,1,0,0,8.45124E+20,5.83165E+21,1.40888E+16,5.25254E+16
59970,8,4,35,59,2018,12,9,2,3,2,2,0,0,1,0,1,0,0,1,5.12441E+20,5.29074E+21,9.16604E+15,4.77699E+16
59971,12,0,67,324,2018,1,6,4,3,1,5,2,0,1,0,0,0,0,2,8.69351E+20,5.79615E+21,1.44053E+16,5.21918E+16
59972,12,0,60,5,2018,1,16,6,3,5,3,0,0,1,0,0,0,0,0,8.10778E+20,5.83495E+21,1.35873E+16,5.25756E+16
59973,12,0,63,208,2018,1,8,3,3,0,7,0,1,0,0,0,0,0,1,7.62773E+20,5.83558E+21,1.28811E+16,5.26065E+16
59974,8,4,17,75,2018,12,18,2,3,5,3,2,0,1,0,0,0,1,1,5.07587E+20,5.33648E+21,9.10207E+15,4.81815E+16
59975,12,0,70,125,2018,1,17,1,3,8,1,2,0,1,0,0,0,0,0,6.96766E+20,5.88736E+21,1.19391E+16,5.30993E+16
59976,8,4,15,59,2018,12,10,2,3,0,3,0,1,1,0,0,0,0,1,5.16475E+20,5.36933E+21,9.22292E+15,4.84769E+16
59977,12,0,64,227,2018,1,15,2,3,2,6,0,0,1,0,0,0,0,0,8.14221E+20,5.83089E+21,1.36341E+16,5.25373E+16
59978,12,0,65,96,2018,1,6,4,2,8,7,2,0,1,0,0,0,0,1,7.91658E+20,5.8399E+21,1.33103E+16,5.26306E+16
59979,8,3,36,105,2018,12,13,2,2,5,3,0,0,1,0,0,0,0,0,4.03128E+20,5.26663E+21,7.71261E+15,4.75458E+16
59980,12,0,62,410,2018,1,13,1,3,9,1,0,0,1,0,0,0,0,1,8.10085E+20,5.70754E+21,1.34618E+16,5.1434E+16
59981,12,0,60,52,2018,1,15,4,2,4,6,0,0,1,0,0,0,0,1,8.17673E+20,5.86487E+21,1.37176E+16,5.28396E+16
59982,8,3,17,57,2018,12,14,2,3,1,7,0,0,1,0,0,0,0,1,4.13496E+20,5.38141E+21,7.82714E+15,4.85798E+16
59983,12,0,54,0,2018,1,11,2,3,3,6,0,0,1,0,0,0,0,0,7.74948E+20,5.81277E+21,1.30416E+16,5.2396E+16
59984,8,2,31,0,2018,12,18,2,3,8,1,2,0,1,0,0,0,0,1,4.74677E+20,5.41728E+21,8.65442E+15,4.8908E+16
59985,12,0,64,274,2018,1,7,5,3,0,7,2,0,0,0,0,0,1,1,8.58711E+20,5.85184E+21,1.43101E+16,5.26974E+16
59986,12,0,72,14,2018,1,9,5,3,6,3,0,0,1,1,0,0,0,1,8.08819E+20,5.77622E+21,1.35046E+16,5.20503E+16
59987,8,2,12,0,2018,12,2,2,3,9,7,2,0,1,0,0,0,0,1,4.60567E+20,5.42874E+21,8.46076E+15,4.90103E+16
59988,12,0,65,225,2018,1,7,4,3,2,6,1,0,1,0,0,0,0,1,7.96008E+20,5.84445E+21,1.33785E+16,5.2669E+16
59989,12,0,72,232,2018,1,18,5,3,5,3,2,1,1,0,0,0,0,1,7.85265E+20,5.77984E+21,1.31651E+16,5.20954E+16
59990,8,2,35,46,2018,12,12,2,3,2,6,0,0,1,0,0,0,0,1,4.80388E+20,5.37752E+21,8.73425E+15,4.85505E+16
59991,12,0,61,112,2018,1,6,3,2,5,3,2,0,1,0,0,0,1,2,8.14743E+20,5.81202E+21,1.3624E+16,5.23678E+16
59992,8,2,35,66,2018,12,11,2,3,0,7,0,0,0,0,1,0,0,0,4.63508E+20,5.3867E+21,8.50473E+15,4.86323E+16
59993,12,0,62,92,2018,1,11,7,3,5,3,0,1,1,0,0,0,0,0,8.14828E+20,5.72689E+21,1.35471E+16,5.16049E+16
59994,8,2,36,72,2018,12,9,2,3,2,2,0,0,1,0,0,0,1,1,4.65354E+20,5.41007E+21,8.52781E+15,4.88427E+16
59995,12,0,73,384,2018,1,6,5,3,4,6,2,0,1,0,0,0,0,1,7.88676E+20,5.90329E+21,1.33227E+16,5.32004E+16
59996,12,0,64,336,2018,1,17,5,3,5,2,2,1,1,0,0,0,0,0,8.19112E+20,5.82713E+21,1.37023E+16,5.25007E+16
59997,12,0,68,117,2018,1,8,2,3,5,3,0,0,1,0,0,1,1,0,7.55595E+20,5.85718E+21,1.27921E+16,5.28037E+16
59998,8,2,16,63,2018,12,15,2,2,9,1,0,0,1,0,0,0,0,1,4.31331E+20,5.39723E+21,8.0663E+15,4.87243E+16
59999,8,2,15,9,2018,12,18,2,3,2,6,2,0,1,0,0,0,0,1,4.69651E+20,5.44172E+21,8.584E+15,4.91275E+16
60000,12,0,61,260,2018,1,7,5,3,2,6,1,0,1,0,0,0,0,1,8.15657E+20,5.80454E+21,1.36303E+16,5.23003E+16
60001,12,0,69,656,2018,1,15,5,3,5,2,0,0,1,0,0,0,0,1,7.6676E+20,5.8122E+21,1.29211E+16,5.23949E+16
60002,8,2,12,0,2018,12,13,2,3,0,7,0,0,0,0,0,0,1,1,4.53813E+20,5.42679E+21,8.36863E+15,4.89923E+16
60003,8,2,11,0,2018,12,13,2,3,2,6,0,0,1,0,0,0,0,1,4.41593E+20,5.40527E+21,8.20468E+15,4.87977E+16
60004,12,0,69,76,2018,1,16,5,3,9,1,1,0,1,0,0,0,0,1,7.59125E+20,5.7908E+21,1.27927E+16,5.22066E+16
60005,8,2,26,85,2018,12,19,2,3,7,7,2,0,1,0,0,0,0,1,4.95367E+20,5.45267E+21,8.93637E+15,4.92268E+16
60006,12,0,64,336,2018,1,12,3,3,5,2,0,1,0,0,0,0,0,0,8.19175E+20,5.82936E+21,1.37054E+16,5.25206E+16
60007,12,0,66,296,2018,1,17,5,3,7,1,2,0,1,0,0,0,0,1,8.39722E+20,5.71643E+21,1.38952E+16,5.14967E+16
60008,8,1,18,78,2018,12,19,2,3,3,6,2,0,1,0,0,0,1,1,5.14024E+20,5.42054E+21,9.1915E+15,4.89377E+16
60009,12,0,73,157,2018,1,7,3,3,4,6,1,0,1,0,0,0,0,2,8.24057E+20,5.90068E+21,1.38479E+16,5.31566E+16
60010,8,4,16,36,2018,12,13,2,2,3,6,0,0,1,0,1,0,0,1,4.88201E+20,5.37225E+21,8.84026E+15,4.85033E+16
60011,12,0,65,144,2018,1,15,7,3,8,7,0,0,1,0,0,0,0,0,7.87035E+20,5.8423E+21,1.32443E+16,5.26546E+16
60012,8,1,36,87,2018,12,14,2,3,8,7,0,0,1,0,0,0,0,0,6.0461E+20,5.41293E+21,1.04263E+16,4.88605E+16
60013,12,0,60,45,2018,1,14,5,3,2,6,0,0,1,0,0,0,0,1,8.3049E+20,5.87559E+21,1.39181E+16,5.2928E+16
60014,12,0,62,24,2018,1,18,7,3,8,1,2,0,1,0,0,0,0,0,7.98773E+20,5.71106E+21,1.33025E+16,5.14717E+16
60015,8,1,28,131,2018,12,10,2,3,5,3,0,0,1,0,0,0,0,1,5.36171E+20,5.51449E+21,9.50244E+15,4.97818E+16
60016,8,2,25,82,2018,12,12,2,2,8,1,0,0,1,0,0,0,0,1,5.36889E+20,5.4759E+21,9.50879E+15,4.94347E+16
60017,12,0,65,225,2018,1,6,5,2,4,6,2,0,1,0,0,0,0,1,7.93194E+20,5.84206E+21,1.33349E+16,5.26491E+16
60018,8,1,26,11,2018,12,21,2,2,4,2,2,0,1,0,1,0,0,1,5.28443E+20,5.44611E+21,9.39018E+15,4.91672E+16
60019,12,0,60,20,2018,1,13,2,3,2,6,0,0,1,0,0,0,1,0,8.07306E+20,5.84851E+21,1.35488E+16,5.26991E+16
60020,12,0,69,345,2018,1,19,4,3,2,6,2,0,1,0,0,0,0,1,7.58701E+20,5.78548E+21,1.27825E+16,5.21591E+16
60021,8,1,19,42,2018,12,19,2,3,0,1,1,0,1,0,0,0,1,0,5.29139E+20,5.41471E+21,9.39747E+15,4.88846E+16
60022,12,0,65,84,2018,1,8,3,3,9,1,0,0,1,0,0,0,0,2,7.80456E+20,5.90263E+21,1.31994E+16,5.31989E+16
60023,8,1,18,47,2018,12,18,2,3,4,7,2,0,1,0,0,0,0,1,5.07618E+20,5.42706E+21,9.10414E+15,4.89964E+16
60024,12,0,54,0,2018,1,9,2,3,0,1,0,0,0,0,0,0,1,0,7.76448E+20,5.81245E+21,1.30634E+16,5.23924E+16
60025,12,0,73,572,2018,1,12,5,3,9,1,0,0,1,0,0,0,0,2,8.01752E+20,5.88176E+21,1.34976E+16,5.30002E+16
60026,8,1,16,77,2018,12,17,2,3,5,3,2,0,1,0,0,0,0,1,5.14158E+20,5.39169E+21,9.19233E+15,4.86781E+16
60027,12,0,64,428,2018,1,5,3,3,4,1,2,0,1,0,0,0,0,2,8.27589E+20,5.82752E+21,1.38272E+16,5.24992E+16
60028,8,1,16,19,2018,12,15,2,3,8,1,0,0,1,0,0,0,0,1,5.24147E+20,5.39663E+21,9.32831E+15,4.87223E+16
60029,12,0,63,189,2018,1,11,6,2,5,3,0,0,1,0,0,0,0,1,7.30608E+20,5.82069E+21,1.23967E+16,5.24876E+16
60030,8,1,11,0,2018,12,18,2,3,2,6,2,0,1,0,0,0,0,1,5.13795E+20,5.40313E+21,9.18778E+15,4.8781E+16
60031,12,0,69,17,2018,1,7,6,2,2,6,1,0,1,0,0,1,0,1,7.66692E+20,5.79806E+21,1.29089E+16,5.22681E+16
60032,8,4,15,53,2018,12,18,1,2,9,1,1,0,1,0,0,0,0,1,5.41723E+20,5.3622E+21,9.56382E+15,4.84116E+16
60033,12,0,69,17,2018,1,10,4,3,5,3,0,1,1,0,0,0,0,0,7.70817E+20,5.79487E+21,1.29667E+16,5.22375E+16
60034,8,3,36,69,2018,12,1,1,3,0,2,2,0,0,0,1,0,0,0,4.05089E+20,5.2666E+21,7.73867E+15,4.75459E+16
60035,12,0,65,136,2018,1,12,2,3,5,3,0,1,1,0,0,0,0,0,7.84063E+20,5.8414E+21,1.31997E+16,5.26481E+16
60036,12,0,51,0,2018,1,8,4,3,2,6,0,0,1,0,0,0,1,2,7.4459E+20,5.81035E+21,1.25946E+16,5.23886E+16
60037,8,3,17,96,2018,12,18,1,3,7,7,2,0,1,0,0,0,0,1,4.24003E+20,5.36422E+21,7.97271E+15,4.84265E+16
60038,12,0,72,340,2018,1,14,4,3,8,7,0,0,0,0,1,0,0,1,8.04159E+20,5.79991E+21,1.34581E+16,5.22653E+16
60039,12,0,69,485,2018,1,18,5,2,2,6,2,0,1,0,0,1,0,1,7.44042E+20,5.76701E+21,1.25554E+16,5.2E+16
60040,12,0,72,426,2018,1,11,2,3,2,2,0,0,1,0,0,0,0,0,7.87668E+20,5.79336E+21,1.32115E+16,5.22154E+16
60041,8,3,17,21,2018,12,1,1,3,9,1,2,0,1,0,0,0,0,1,4.25354E+20,5.37151E+21,7.98966E+15,4.84923E+16
60042,12,0,69,596,2018,1,4,5,3,3,6,2,0,1,0,0,1,0,1,7.70982E+20,5.80222E+21,1.2975E+16,5.23033E+16
60043,12,0,65,251,2018,1,23,6,3,3,6,2,0,1,0,0,0,1,1,7.7216E+20,5.84765E+21,1.30294E+16,5.27101E+16
60044,8,2,26,85,2018,12,11,1,3,1,6,0,0,1,0,0,0,0,0,4.85645E+20,5.45671E+21,8.8027E+15,4.9263E+16
60045,12,0,71,176,2018,1,22,6,3,8,7,2,0,1,0,0,0,0,0,8.79333E+20,5.75369E+21,1.45037E+16,5.1805E+16
60046,8,2,26,103,2018,12,15,1,3,2,6,0,0,1,0,0,0,0,0,4.71704E+20,5.45727E+21,8.61105E+15,4.92676E+16
60047,12,0,64,408,2018,1,18,4,3,8,1,2,0,1,0,0,0,0,1,8.34545E+20,5.83208E+21,1.39338E+16,5.25358E+16
60048,12,0,68,264,2018,1,17,4,3,2,6,2,0,1,0,0,0,0,1,7.2869E+20,5.87114E+21,1.24036E+16,5.29411E+16
60049,8,2,31,0,2018,12,10,1,3,2,7,0,0,1,0,0,0,0,1,4.81891E+20,5.41898E+21,8.7528E+15,4.89235E+16
60050,12,0,64,484,2018,1,9,1,3,9,1,0,0,1,0,0,0,0,0,8.43179E+20,5.83268E+21,1.40613E+16,5.25358E+16
60051,12,0,67,137,2018,1,12,4,3,9,1,0,0,1,0,0,0,0,2,8.6683E+20,5.78433E+21,1.43558E+16,5.20877E+16
60052,8,2,15,9,2018,12,6,1,3,3,7,2,0,1,0,0,0,0,0,4.67038E+20,5.44E+21,8.54834E+15,4.91119E+16
60053,12,0,54,0,2018,1,16,4,3,6,4,1,0,0,1,0,0,1,0,7.75986E+20,5.81272E+21,1.30568E+16,5.2395E+16
60054,12,0,51,0,2018,1,17,2,3,2,6,2,0,1,0,0,0,0,0,7.41813E+20,5.81448E+21,1.25569E+16,5.2427E+16
60055,8,2,35,46,2018,12,2,1,3,8,1,2,0,1,0,0,0,0,0,4.80374E+20,5.3775E+21,8.73406E+15,4.85503E+16
60056,12,0,64,125,2018,1,0,5,2,0,7,2,0,1,0,0,0,0,1,8.32864E+20,5.86206E+21,1.39394E+16,5.28054E+16
60057,12,0,63,244,2018,1,10,5,3,5,3,0,0,1,0,0,0,0,0,7.26663E+20,5.82519E+21,1.23418E+16,5.25296E+16
60058,8,2,26,3,2018,12,22,1,3,0,2,2,0,1,0,0,0,0,1,4.61059E+20,5.46332E+21,8.46414E+15,4.93214E+16
60059,12,0,63,357,2018,1,5,3,3,7,7,2,0,1,0,0,0,0,0,7.66618E+20,5.82825E+21,1.29319E+16,5.2539E+16
60060,12,0,69,665,2018,1,11,5,3,8,1,0,0,1,0,0,0,0,2,7.3344E+20,5.77511E+21,1.24068E+16,5.20773E+16
60061,8,1,35,19,2018,12,2,1,3,9,1,2,0,1,0,0,0,0,1,5.84931E+20,5.39802E+21,1.01549E+16,4.87294E+16
60062,12,0,54,0,2018,1,14,4,3,6,4,0,1,0,1,0,0,0,1,7.74837E+20,5.81267E+21,1.30399E+16,5.23951E+16
60063,12,0,71,384,2018,1,12,3,2,9,1,0,0,1,0,0,0,0,1,8.75126E+20,5.76355E+21,1.44536E+16,5.18961E+16
60064,8,1,19,75,2018,12,20,1,3,5,3,2,0,1,0,0,0,1,1,5.36893E+20,5.42788E+21,9.50443E+15,4.90027E+16
60065,12,0,60,45,2018,1,13,7,2,9,1,0,0,0,0,0,0,1,0,8.22477E+20,5.87412E+21,1.37978E+16,5.29197E+16
60066,8,1,18,50,2018,12,16,1,3,0,6,1,0,0,0,1,0,0,1,5.06782E+20,5.41734E+21,9.09255E+15,4.8909E+16
60067,12,0,67,426,2018,1,6,4,3,8,1,2,0,1,0,0,0,0,2,8.4942E+20,5.7968E+21,1.41156E+16,5.22106E+16
60068,12,0,64,408,2018,1,13,6,3,2,6,0,0,1,0,0,0,0,1,8.36428E+20,5.82599E+21,1.39554E+16,5.24801E+16
60069,12,0,72,340,2018,1,9,3,3,9,1,0,0,1,0,0,1,0,1,8.04521E+20,5.80508E+21,1.3468E+16,5.23114E+16
60070,8,1,18,79,2018,12,19,1,3,4,2,2,0,1,0,0,0,0,0,5.09208E+20,5.4227E+21,9.12578E+15,4.89571E+16
60071,12,0,63,260,2018,1,1,7,2,9,1,2,0,1,0,0,0,0,1,7.27524E+20,5.84572E+21,1.23686E+16,5.27135E+16
60072,8,1,16,71,2018,12,18,1,2,8,6,2,0,1,0,0,0,0,0,5.27764E+20,5.38976E+21,9.37703E+15,4.86603E+16
60073,12,0,69,19,2018,1,7,4,2,5,2,2,0,1,0,0,1,0,1,7.44124E+20,5.82006E+21,1.25949E+16,5.2476E+16
60074,12,0,65,96,2018,1,8,2,2,5,2,0,1,1,0,0,0,0,0,7.92771E+20,5.8399E+21,1.33267E+16,5.263E+16
60075,8,1,11,0,2018,12,20,1,3,3,6,2,0,1,0,0,0,0,1,5.12722E+20,5.40769E+21,9.17331E+15,4.88221E+16
60076,8,1,11,0,2018,12,18,1,3,2,6,2,0,1,0,0,0,0,0,5.16008E+20,5.40377E+21,9.21793E+15,4.87868E+16
60077,12,0,66,196,2018,1,20,5,2,8,1,2,0,1,0,0,0,0,1,8.3666E+20,5.75528E+21,1.38887E+16,5.18466E+16
60078,8,4,36,64,2018,12,16,7,3,4,6,1,0,1,0,0,0,0,0,5.4652E+20,5.29086E+21,9.62086E+15,4.77694E+16
60079,12,0,68,117,2018,1,4,3,2,3,6,2,0,0,0,0,1,1,0,7.60917E+20,5.85164E+21,1.28665E+16,5.27515E+16
60080,12,0,61,316,2018,1,9,5,3,9,7,0,1,0,0,0,1,0,1,8.35963E+20,5.76517E+21,1.38882E+16,5.19356E+16
60081,8,4,36,3,2018,12,8,7,3,4,6,1,0,1,0,0,0,1,0,5.80594E+20,5.30477E+21,1.00782E+16,4.78912E+16
60082,12,0,71,372,2018,1,6,4,3,2,2,2,0,0,0,1,0,0,1,8.70174E+20,5.72121E+21,1.43371E+16,5.15203E+16
60083,12,0,60,20,2018,1,5,3,3,4,6,2,0,1,0,0,0,0,2,8.08996E+20,5.84586E+21,1.35713E+16,5.26744E+16
60084,8,4,26,97,2018,12,12,7,1,9,1,0,0,1,0,0,0,0,0,5.37162E+20,5.33254E+21,9.49959E+15,4.8145E+16
60085,12,0,68,468,2018,1,8,7,2,8,1,0,0,0,0,0,0,1,2,7.29336E+20,5.90262E+21,1.24356E+16,5.32233E+16
60086,8,4,15,73,2018,12,14,7,3,5,3,0,0,1,0,0,0,0,0,5.18446E+20,5.35058E+21,9.24877E+15,4.83081E+16
60087,12,0,71,372,2018,1,6,4,3,5,3,2,0,1,0,0,0,0,1,8.67892E+20,5.72172E+21,1.43049E+16,5.15264E+16
60088,12,0,67,426,2018,1,11,7,3,7,7,0,0,1,0,0,1,1,0,8.57195E+20,5.80128E+21,1.42336E+16,5.22457E+16
60089,8,3,36,79,2018,12,15,7,2,4,1,0,0,1,0,0,0,1,1,4.1541E+20,5.29223E+21,7.87085E+15,4.77778E+16
60090,8,3,35,79,2018,12,22,7,3,0,7,2,0,0,0,0,0,1,0,4.97642E+20,5.30479E+21,8.96845E+15,4.78965E+16
60091,12,0,67,288,2018,1,21,1,3,2,6,2,0,1,0,0,0,0,0,8.48988E+20,5.81076E+21,1.41237E+16,5.23358E+16
60092,8,3,17,40,2018,12,11,7,3,2,6,0,0,1,0,0,0,0,0,4.32434E+20,5.34777E+21,8.0893E+15,4.82795E+16
60093,8,3,17,153,2018,12,17,7,3,5,3,2,0,1,0,0,0,0,0,4.21939E+20,5.39069E+21,7.93985E+15,4.86644E+16
60094,12,0,60,36,2018,1,20,5,3,2,6,2,0,1,0,0,0,0,0,8.24364E+20,5.86916E+21,1.38208E+16,5.28741E+16
60095,8,3,17,110,2018,12,14,7,3,5,3,0,0,1,0,0,0,1,0,4.26963E+20,5.38188E+21,8.00962E+15,4.85857E+16
60096,12,0,51,0,2018,1,17,2,3,2,6,2,0,1,0,0,0,0,0,7.41839E+20,5.814E+21,1.25569E+16,5.24226E+16
60097,12,0,67,124,2018,1,16,5,3,5,2,1,1,1,0,0,0,0,1,8.23244E+20,5.81835E+21,1.37545E+16,5.24196E+16
60098,8,3,15,52,2018,12,23,7,2,5,3,2,0,1,0,0,0,0,1,4.33174E+20,5.30307E+21,8.10627E+15,4.78775E+16
60099,12,0,52,0,2018,1,17,4,3,6,4,2,0,1,1,0,0,0,1,8.67408E+20,5.74742E+21,1.43249E+16,5.17568E+16
60100,12,0,67,201,2018,1,4,3,3,9,1,2,0,1,0,0,0,0,2,8.36487E+20,5.82139E+21,1.39516E+16,5.24388E+16
60101,8,3,15,109,2018,12,5,7,2,6,6,2,0,0,1,0,0,1,0,4.22368E+20,5.31397E+21,7.95981E+15,4.79743E+16
60102,12,0,73,8,2018,1,16,6,3,2,6,2,0,1,0,0,0,0,0,8.37977E+20,5.88674E+21,1.40406E+16,5.30232E+16
60103,8,2,26,68,2018,12,13,7,3,1,6,0,0,1,0,0,0,0,0,4.70194E+20,5.46121E+21,8.59E+15,4.93029E+16
60104,12,0,63,293,2018,1,11,6,2,9,1,0,0,1,0,0,0,0,0,7.34343E+20,5.83647E+21,1.24627E+16,5.26275E+16
60105,8,2,37,74,2018,12,5,7,3,8,1,2,0,1,0,0,0,0,1,4.66359E+20,5.36944E+21,8.5448E+15,4.84772E+16
60106,12,0,60,269,2018,1,17,4,2,4,6,2,0,1,0,0,0,0,1,8.00388E+20,5.84399E+21,1.34426E+16,5.26624E+16
60107,8,2,36,46,2018,12,17,7,3,2,6,2,0,1,0,0,0,0,0,4.83642E+20,5.41855E+21,8.77671E+15,4.89196E+16
60108,12,0,70,173,2018,1,9,2,2,2,6,0,0,1,0,0,0,0,1,6.85902E+20,5.8911E+21,1.17792E+16,5.31368E+16
60109,12,0,71,244,2018,1,8,4,2,6,4,0,0,1,1,0,0,0,1,8.62505E+20,5.74626E+21,1.42529E+16,5.17496E+16
60110,8,2,26,68,2018,12,9,7,3,2,6,0,0,1,0,0,0,0,0,4.66032E+20,5.46121E+21,8.53275E+15,4.93027E+16
60111,12,0,65,36,2018,1,15,5,3,2,6,0,0,1,0,0,0,0,1,7.88926E+20,5.84697E+21,1.32763E+16,5.26954E+16
60112,8,2,26,13,2018,12,11,7,3,2,2,0,0,1,0,0,0,0,1,4.99038E+20,5.47989E+21,8.98673E+15,4.94717E+16
60113,12,0,67,440,2018,1,22,2,3,0,3,2,0,1,0,1,0,0,0,8.20045E+20,5.82422E+21,1.37133E+16,5.24741E+16
60114,12,0,72,14,2018,1,6,4,3,8,6,2,0,1,0,0,1,0,2,8.05073E+20,5.77922E+21,1.34528E+16,5.20793E+16
60115,8,2,25,75,2018,12,10,7,3,8,1,0,0,1,0,0,0,0,1,5.30056E+20,5.47812E+21,9.41471E+15,4.9455E+16
60116,12,0,60,24,2018,1,11,4,3,2,6,0,0,1,0,0,0,0,1,8.10931E+20,5.8603E+21,1.36135E+16,5.28027E+16