OBJECTID_1,ULAND,UREGBEZ,UKREIS,UGEMEINDE,UJAHR,UMONAT,USTUNDE,UWOCHENTAG,UKATEGORIE,UART,UTYP1,ULICHTVERH,IstRad,IstPKW,IstFuss,IstKrad,IstGkfz,IstSonstig,STRZUSTAND,LINREFX,LINREFY,XGCSWGS84,YGCSWGS84
60117,12,0,65,256,2018,1,13,3,2,5,3,0,1,1,0,0,0,0,1,7.86436E+20,5.85365E+21,1.32453E+16,5.27566E+16
60118,12,0,65,251,2018,1,0,6,3,8,7,2,0,1,0,0,0,0,1,7.7755E+20,5.84701E+21,1.31084E+16,5.27017E+16
60119,8,2,25,60,2018,12,19,7,2,9,1,2,0,1,0,0,0,0,1,5.1522E+20,5.48786E+21,9.21038E+15,4.95432E+16
60120,12,0,64,136,2018,1,15,6,3,5,3,0,1,0,0,0,0,1,1,8.21602E+20,5.83244E+21,1.3744E+16,5.25468E+16
60121,8,2,16,49,2018,12,16,7,3,5,2,0,0,1,0,0,0,0,0,4.37979E+20,5.40102E+21,8.15612E+15,4.87591E+16
60122,12,0,67,137,2018,1,6,4,3,8,1,2,0,1,0,0,0,0,2,8.67961E+20,5.79051E+21,1.43789E+16,5.21422E+16
60123,12,0,73,579,2018,1,16,6,3,9,7,0,0,0,0,0,0,1,1,8.20175E+20,5.93619E+21,1.38259E+16,5.34771E+16
60124,12,0,63,252,2018,1,13,3,3,5,3,0,1,1,0,0,0,0,1,7.26005E+20,5.83313E+21,1.23375E+16,5.26011E+16
60125,8,1,15,3,2018,12,22,7,3,8,1,2,0,1,0,0,0,0,1,4.97639E+20,5.39206E+21,8.96793E+15,4.86816E+16
60126,12,0,65,225,2018,1,3,1,2,8,7,2,0,1,0,0,0,0,0,7.94223E+20,5.8458E+21,1.33534E+16,5.26821E+16
60127,8,1,18,10,2018,12,15,7,2,0,1,0,1,0,0,0,0,0,1,5.06602E+20,5.43302E+21,9.09035E+15,4.90501E+16
60128,12,0,73,8,2018,1,17,4,3,6,2,2,0,1,1,0,0,0,1,8.3506E+20,5.88557E+21,1.39961E+16,5.30145E+16
60129,12,0,60,280,2018,1,9,2,3,2,6,0,0,1,0,0,0,1,0,8.17298E+20,5.84053E+21,1.36885E+16,5.26218E+16
60130,8,1,28,58,2018,12,11,7,3,5,3,0,0,1,0,0,0,0,1,5.59066E+20,5.48295E+21,9.81568E+15,4.94963E+16
60131,8,1,27,73,2018,12,8,7,3,9,1,0,0,1,0,0,0,0,1,5.76264E+20,5.44836E+21,1.00465E+16,4.91833E+16
60132,12,0,54,0,2018,1,16,5,3,1,6,2,0,1,0,0,0,0,1,7.75575E+20,5.81278E+21,1.30508E+16,5.23958E+16
60133,12,0,73,452,2018,1,19,4,3,5,3,2,1,1,0,0,0,0,1,8.23807E+20,5.91855E+21,1.38623E+16,5.33168E+16
60134,12,0,54,0,2018,1,12,2,3,5,2,0,1,1,0,0,0,0,0,7.7686E+20,5.81363E+21,1.30704E+16,5.24027E+16
60135,8,1,27,73,2018,12,8,7,3,2,6,0,0,1,0,0,0,0,1,5.7521E+20,5.44785E+21,1.0032E+16,4.91789E+16
60136,12,0,72,426,2018,1,16,5,3,2,6,1,0,1,0,0,0,0,0,7.88676E+20,5.79533E+21,1.32279E+16,5.22325E+16
60137,8,1,21,0,2018,12,14,7,2,8,1,0,0,1,0,0,0,0,0,5.10302E+20,5.44121E+21,9.1412E+15,4.91237E+16
60138,12,0,60,269,2018,1,20,4,3,8,1,2,0,1,0,0,0,0,1,7.99118E+20,5.84225E+21,1.34223E+16,5.26476E+16
60139,12,0,65,36,2018,1,16,6,3,1,6,1,0,1,0,0,0,0,1,7.88833E+20,5.84753E+21,1.32754E+16,5.27005E+16
60140,8,1,25,24,2018,12,18,7,3,4,6,2,0,1,0,0,0,0,0,5.23366E+20,5.44394E+21,9.32041E+15,4.91479E+16
60141,12,0,60,52,2018,1,14,4,3,0,4,0,0,1,1,0,0,0,1,8.20116E+20,5.8649E+21,1.37538E+16,5.28385E+16
60142,12,0,61,332,2018,1,13,3,3,2,2,0,1,1,0,0,0,0,1,8.13073E+20,5.79382E+21,1.35826E+16,5.22057E+16
60143,8,1,19,67,2018,12,18,7,3,5,3,2,0,1,0,0,0,1,1,5.39711E+20,5.40765E+21,9.54099E+15,4.88206E+16
60144,12,0,51,0,2018,1,15,7,3,3,6,0,0,1,0,0,0,0,0,7.40211E+20,5.81333E+21,1.25326E+16,5.24174E+16
60145,8,4,37,86,2018,12,15,6,3,9,1,0,0,1,0,0,0,0,2,5.31692E+20,5.31365E+21,9.42465E+15,4.79754E+16
60146,12,0,64,44,2018,1,15,4,3,2,6,0,0,1,0,0,0,0,1,8.41389E+20,5.86499E+21,1.40685E+16,5.28263E+16
60147,12,0,65,256,2018,1,17,2,3,5,3,2,1,1,0,0,0,0,0,7.8695E+20,5.85386E+21,1.32531E+16,5.27582E+16
60148,12,0,54,0,2018,1,9,5,3,2,6,0,0,1,0,0,0,0,1,7.75343E+20,5.81734E+21,1.30512E+16,5.24367E+16
60149,8,4,36,8,2018,12,3,6,3,8,7,2,0,1,0,0,0,0,0,5.50411E+20,5.30859E+21,9.67487E+15,4.79287E+16
60150,8,4,36,96,2018,12,13,6,3,8,1,0,0,1,0,0,0,0,0,5.44159E+20,5.30079E+21,9.59037E+15,4.78589E+16
60151,12,0,61,540,2018,1,9,5,3,5,3,0,0,1,0,0,0,0,1,8.15776E+20,5.80586E+21,1.36333E+16,5.23121E+16
60152,8,4,36,85,2018,12,15,6,3,9,1,0,0,1,0,0,0,0,2,5.60057E+20,5.29743E+21,9.80244E+15,4.78274E+16
60153,12,0,68,324,2018,1,17,3,3,6,2,2,0,1,1,0,0,0,0,7.31188E+20,5.86205E+21,1.24342E+16,5.28584E+16
60154,12,0,52,0,2018,1,14,5,3,5,2,0,1,1,0,0,0,0,1,8.68333E+20,5.74761E+21,1.43384E+16,5.17579E+16
60155,8,4,25,33,2018,12,17,6,3,2,6,2,0,1,0,0,0,0,0,5.55672E+20,5.34801E+21,9.75043E+15,4.82829E+16
60156,12,0,67,124,2018,1,16,4,3,5,3,1,1,1,0,0,0,0,1,8.23117E+20,5.8187E+21,1.3753E+16,5.24228E+16
60157,8,4,16,41,2018,12,14,6,3,2,6,0,0,1,0,0,0,0,0,5.04369E+20,5.3726E+21,9.05915E+15,4.85065E+16
60158,12,0,60,176,2018,1,17,3,3,5,3,2,0,1,0,0,1,0,1,8.39959E+20,5.87044E+21,1.4053E+16,5.2876E+16
60159,12,0,66,104,2018,1,17,5,1,9,7,1,0,0,0,0,1,0,1,8.30307E+20,5.70276E+21,1.37473E+16,5.13798E+16
60160,8,4,35,13,2018,12,8,6,2,5,3,0,1,1,0,0,0,0,0,5.40912E+20,5.27495E+21,9.54453E+15,4.76267E+16
60161,12,0,65,301,2018,1,17,4,2,8,7,2,0,1,0,0,0,0,1,7.73054E+20,5.87964E+21,1.30693E+16,5.29965E+16
60162,12,0,60,20,2018,1,4,3,3,2,6,2,0,0,0,0,1,1,2,8.07854E+20,5.84803E+21,1.35565E+16,5.26945E+16
60163,8,3,26,74,2018,12,17,6,2,4,6,2,0,1,0,0,0,0,1,4.6236E+20,5.32059E+21,8.49504E+15,4.80375E+16
60164,12,0,67,180,2018,1,15,7,2,8,1,0,0,1,0,0,0,0,0,8.73731E+20,5.80211E+21,1.44756E+16,5.22422E+16
60165,8,3,17,11,2018,12,5,6,1,4,6,2,0,1,0,0,1,0,0,4.2723E+20,5.35584E+21,8.01777E+15,4.83516E+16
60166,12,0,68,468,2018,1,6,4,3,9,1,2,0,1,0,0,0,0,1,7.43544E+20,5.90602E+21,1.26506E+16,5.32475E+16
60167,12,0,61,17,2018,1,16,7,2,3,6,1,0,1,0,1,0,0,0,8.27465E+20,5.76706E+21,1.37668E+16,5.19576E+16
60168,8,3,16,53,2018,12,11,6,3,2,6,0,0,1,0,0,0,0,0,4.04742E+20,5.34491E+21,7.71678E+15,4.82503E+16
60169,8,3,15,37,2018,12,15,6,3,5,3,0,0,1,0,0,0,0,0,4.32373E+20,5.30216E+21,8.0957E+15,4.78692E+16
60170,12,0,64,29,2018,1,13,5,2,4,6,0,0,1,0,0,0,0,1,8.17739E+20,5.83285E+21,1.36876E+16,5.25527E+16
60171,12,0,68,264,2018,1,10,6,3,5,3,0,1,1,0,0,0,0,1,7.28711E+20,5.87111E+21,1.24039E+16,5.29408E+16
60172,8,3,11,0,2018,12,10,6,3,2,6,0,0,1,0,0,0,0,0,4.18556E+20,5.31464E+21,7.9086E+15,4.79799E+16
60173,12,0,60,269,2018,1,11,2,3,5,3,0,0,1,0,0,0,0,1,8.0211E+20,5.85844E+21,1.34813E+16,5.2791E+16
60174,12,0,65,310,2018,1,11,5,3,9,1,0,0,1,0,0,0,0,2,7.64626E+20,5.89119E+21,1.29536E+16,5.31044E+16
60175,8,3,11,0,2018,12,2,6,3,2,6,2,1,1,0,0,0,0,0,4.14082E+20,5.31589E+21,7.84841E+15,4.79906E+16
60176,12,0,63,274,2018,1,13,3,3,9,1,0,0,1,0,0,0,0,1,7.27535E+20,5.84387E+21,1.23674E+16,5.26969E+16
60177,12,0,65,144,2018,1,5,3,3,8,1,2,0,1,0,0,0,0,2,7.86101E+20,5.84726E+21,1.32348E+16,5.26995E+16
60178,12,0,64,428,2018,1,15,6,3,2,6,0,0,1,0,0,0,0,0,8.32904E+20,5.82583E+21,1.39035E+16,5.24808E+16
60179,8,2,26,32,2018,12,16,6,3,2,6,1,0,1,0,0,0,0,0,4.6823E+20,5.46398E+21,8.56277E+15,4.93277E+16
60180,12,0,54,0,2018,1,12,3,3,4,6,0,0,1,0,0,0,0,1,7.77795E+20,5.8208E+21,1.309E+16,5.24665E+16
60181,12,0,66,285,2018,1,14,6,3,4,6,0,0,1,0,0,0,0,0,8.42596E+20,5.72323E+21,1.39431E+16,5.15558E+16
60182,12,0,64,512,2018,1,8,3,3,8,1,0,0,1,0,0,0,0,2,8.36954E+20,5.85456E+21,1.39922E+16,5.27356E+16
60183,8,2,31,0,2018,12,11,6,3,2,6,0,0,1,0,0,0,0,0,4.84518E+20,5.41375E+21,8.78885E+15,4.88765E+16
60184,12,0,72,169,2018,1,7,6,3,6,4,2,0,1,1,0,0,0,1,7.81563E+20,5.77155E+21,1.31043E+16,5.2023E+16
60185,8,2,36,25,2018,12,10,6,3,0,7,0,0,1,0,0,1,0,0,4.90475E+20,5.40844E+21,8.87022E+15,4.88288E+16
60186,12,0,69,306,2018,1,12,3,2,5,2,0,0,1,0,0,0,0,0,7.45087E+20,5.80624E+21,1.25989E+16,5.23516E+16
60187,12,0,70,149,2018,1,0,7,2,9,1,2,0,1,0,0,0,0,0,7.07063E+20,5.87635E+21,1.20856E+16,5.29966E+16
60188,8,2,15,46,2018,12,15,6,2,5,3,0,0,1,0,0,0,0,1,4.52596E+20,5.41876E+21,8.35293E+15,4.89199E+16
60189,12,0,54,0,2018,1,7,4,3,2,6,1,0,1,0,0,0,0,0,7.80442E+20,5.81048E+21,1.31203E+16,5.23727E+16
60190,8,2,26,3,2018,12,17,6,3,0,6,2,0,1,0,0,0,0,0,4.62693E+20,5.4619E+21,8.48676E+15,4.93087E+16
60191,12,0,65,136,2018,1,21,2,3,8,7,2,0,1,0,0,0,0,0,7.84854E+20,5.84031E+21,1.32104E+16,5.26379E+16
60192,12,0,63,80,2018,1,5,4,3,8,1,2,0,1,0,0,0,0,2,7.7762E+20,5.83473E+21,1.30991E+16,5.25916E+16
60193,8,2,25,58,2018,12,13,6,3,1,6,0,0,1,0,0,0,0,0,5.10222E+20,5.46639E+21,9.14075E+15,4.93501E+16
60194,12,0,61,433,2018,1,16,3,3,5,3,1,0,1,0,0,0,0,1,8.01299E+20,5.81109E+21,1.34263E+16,5.2367E+16
60195,12,0,69,17,2018,1,1,2,3,8,6,2,0,1,0,0,0,0,0,7.65359E+20,5.79046E+21,1.28835E+16,5.22006E+16
60196,8,2,16,43,2018,12,14,6,3,2,6,0,0,1,0,0,0,0,0,4.44689E+20,5.41244E+21,8.24586E+15,4.88625E+16
60197,12,0,65,136,2018,1,17,6,3,2,6,2,0,1,0,0,0,0,0,7.84863E+20,5.84032E+21,1.32106E+16,5.26379E+16
60198,8,1,36,65,2018,12,8,6,3,9,1,0,0,1,0,0,0,0,1,5.57289E+20,5.40492E+21,9.78006E+15,4.87946E+16
60199,12,0,67,201,2018,1,7,4,3,0,7,1,1,0,0,0,0,0,2,8.26439E+20,5.81837E+21,1.38013E+16,5.24179E+16
60200,12,0,64,380,2018,1,10,6,3,5,2,0,0,1,0,0,0,0,1,8.28653E+20,5.8333E+21,1.38485E+16,5.25503E+16
60201,12,0,54,0,2018,1,15,3,3,1,6,0,0,1,0,0,0,0,1,7.75026E+20,5.81803E+21,1.30471E+16,5.24431E+16
60202,8,1,36,60,2018,12,1,6,3,9,1,2,0,1,0,0,0,0,1,5.7453E+20,5.43037E+21,1.00194E+16,4.90217E+16
60203,12,0,64,484,2018,1,8,4,3,8,1,0,0,1,0,0,0,0,2,8.43836E+20,5.83219E+21,1.40704E+16,5.2531E+16
60204,12,0,65,136,2018,1,7,4,3,2,6,0,0,1,0,0,0,0,1,7.86875E+20,5.8419E+21,1.32416E+16,5.26511E+16
60205,8,4,25,75,2018,12,18,6,3,9,1,2,0,0,0,0,0,1,0,5.65946E+20,5.37996E+21,9.89393E+15,4.85693E+16
60206,12,0,60,20,2018,1,14,1,2,9,7,0,0,1,0,0,0,0,0,8.08902E+20,5.84123E+21,1.35656E+16,5.2633E+16
60207,12,0,60,34,2018,1,15,4,2,5,2,0,0,1,0,0,0,0,1,8.26286E+20,5.85782E+21,1.3838E+16,5.27714E+16
60208,8,1,28,7,2018,12,17,6,2,4,6,2,0,1,0,0,0,0,0,5.55937E+20,5.47962E+21,9.77201E+15,4.94667E+16
60209,12,0,66,112,2018,1,12,3,2,5,3,0,1,1,0,0,0,0,0,8.46411E+20,5.72687E+21,1.40015E+16,5.15862E+16
60210,12,0,51,0,2018,1,17,2,3,2,2,2,0,1,0,0,0,0,0,7.4177E+20,5.81453E+21,1.25563E+16,5.24274E+16
60211,8,1,27,89,2018,12,17,6,3,2,6,2,0,1,0,0,0,0,0,5.6332E+20,5.4371E+21,9.86716E+15,4.90835E+16
60212,12,0,68,306,2018,1,4,5,3,3,6,2,0,1,0,0,0,0,1,7.49927E+20,5.86981E+21,1.27179E+16,5.29197E+16
60213,12,0,72,232,2018,1,5,5,3,0,7,2,1,0,0,0,0,0,2,7.85899E+20,5.77946E+21,1.3174E+16,5.20917E+16
60214,8,1,26,11,2018,12,10,6,3,5,3,0,0,1,0,0,0,0,0,5.30955E+20,5.44696E+21,9.4247E+15,4.91747E+16
60215,12,0,65,144,2018,1,16,4,3,2,6,1,0,1,0,0,0,0,1,7.88314E+20,5.84815E+21,1.32683E+16,5.27063E+16
60216,12,0,54,0,2018,1,17,5,3,6,4,2,0,1,1,0,0,0,1,7.77945E+20,5.81266E+21,1.30855E+16,5.23935E+16
60217,8,1,25,13,2018,12,17,6,3,3,2,2,0,1,0,0,0,0,1,5.05011E+20,5.43573E+21,9.06861E+15,4.90744E+16
60218,12,0,62,92,2018,1,6,3,3,5,3,2,1,1,0,0,0,0,1,8.15845E+20,5.7296E+21,1.35642E+16,5.16286E+16
60219,12,0,71,372,2018,1,5,3,3,9,1,2,0,1,0,0,0,0,2,8.70911E+20,5.72526E+21,1.43519E+16,5.15561E+16
60220,8,1,21,0,2018,12,14,6,3,5,2,0,0,1,0,0,0,0,0,5.15597E+20,5.44392E+21,9.21387E+15,4.91479E+16
60221,12,0,60,20,2018,1,14,7,2,9,1,0,0,1,0,0,0,0,0,8.08071E+20,5.84752E+21,1.35592E+16,5.26898E+16
60222,8,1,25,6,2018,12,14,6,3,1,6,0,0,1,0,0,0,0,0,5.05162E+20,5.45079E+21,9.07088E+15,4.92099E+16
60223,12,0,62,140,2018,1,9,3,3,5,3,0,1,1,0,0,0,0,1,8.26263E+20,5.72929E+21,1.37139E+16,5.16198E+16
60224,12,0,63,80,2018,1,20,1,1,8,1,2,0,1,0,0,0,0,0,7.79229E+20,5.83157E+21,1.31201E+16,5.25624E+16
60225,8,1,19,91,2018,12,9,6,3,5,3,0,0,1,0,0,0,0,0,5.28515E+20,5.40548E+21,9.38832E+15,4.88017E+16
60226,12,0,69,474,2018,1,5,7,3,2,6,2,0,1,0,0,0,1,0,7.55154E+20,5.78058E+21,1.2727E+16,5.21167E+16
60227,8,1,17,26,2018,12,15,6,3,2,6,0,0,1,0,0,0,0,0,5.46998E+20,5.39408E+21,9.6387E+15,4.8698E+16
60228,12,0,53,0,2018,1,16,2,3,5,3,1,0,1,0,0,0,0,0,8.761E+20,5.81107E+21,1.45202E+16,5.23208E+16
60229,8,1,16,33,2018,12,14,6,3,5,3,0,1,1,0,0,0,0,0,5.32019E+20,5.39056E+21,9.43487E+15,4.86673E+16
60230,8,1,11,0,2018,12,7,6,3,5,3,1,0,1,0,0,0,0,0,5.12784E+20,5.40187E+21,9.17398E+15,4.87697E+16
60231,12,0,69,17,2018,1,14,5,3,8,1,0,0,1,0,0,0,0,0,7.75122E+20,5.7945E+21,1.30293E+16,5.22321E+16
60232,8,1,11,0,2018,12,16,6,3,2,6,0,0,1,0,0,0,0,0,5.15154E+20,5.40493E+21,9.20635E+15,4.87972E+16
60233,12,0,64,317,2018,1,9,3,2,4,6,0,0,1,0,0,0,0,0,8.37119E+20,5.82585E+21,1.39654E+16,5.24785E+16
60234,12,0,66,316,2018,1,16,5,2,0,7,2,0,1,0,0,0,1,1,8.28996E+20,5.71006E+21,1.37353E+16,5.14459E+16
60235,8,4,35,34,2018,12,0,5,3,8,1,2,0,1,0,0,0,0,0,5.27177E+20,5.28379E+21,9.36228E+15,4.77069E+16
60236,12,0,73,189,2018,1,10,3,3,8,1,0,0,1,0,0,0,0,2,8.57164E+20,5.90619E+21,1.43471E+16,5.31848E+16
60237,8,4,16,36,2018,12,0,5,3,5,3,2,0,1,0,0,0,0,1,4.97008E+20,5.36916E+21,8.95952E+15,4.84755E+16
60238,12,0,70,8,2018,1,11,7,3,6,7,0,0,1,1,0,0,0,1,6.95186E+20,5.87142E+21,1.19059E+16,5.29569E+16
60239,8,3,36,84,2018,12,9,5,3,5,3,0,1,1,0,0,0,0,0,4.05558E+20,5.27726E+21,7.74261E+15,4.76419E+16
60240,12,0,64,336,2018,1,14,7,3,4,3,0,1,1,0,0,0,0,0,8.18272E+20,5.83004E+21,1.36928E+16,5.25273E+16
60241,8,3,35,79,2018,12,9,5,3,2,6,0,0,1,0,0,0,0,2,4.99559E+20,5.29873E+21,8.9941E+15,4.78419E+16
60242,12,0,65,144,2018,1,9,5,3,2,6,0,0,1,0,0,0,0,0,7.88046E+20,5.84843E+21,1.32646E+16,5.2709E+16
60243,8,3,26,17,2018,12,12,5,3,4,6,0,0,1,0,0,0,0,0,4.41215E+20,5.32747E+21,8.21045E+15,4.80978E+16
60244,8,4,17,44,2018,12,6,5,2,5,3,2,0,1,0,0,0,1,0,4.9102E+20,5.33814E+21,8.87915E+15,4.81964E+16
60245,8,3,17,129,2018,12,17,5,3,0,7,2,1,0,0,0,0,0,0,4.30212E+20,5.3497E+21,8.05904E+15,4.82966E+16
60246,12,0,73,578,2018,1,19,5,3,7,7,2,0,1,0,0,0,0,1,8.30044E+20,5.91323E+21,1.39501E+16,5.32654E+16
60247,8,3,16,20,2018,12,14,5,3,2,6,0,0,1,0,0,0,0,0,4.08218E+20,5.33706E+21,7.76529E+15,4.81802E+16
60248,12,0,54,0,2018,1,11,2,2,4,6,0,0,1,0,0,0,0,0,7.75225E+20,5.8198E+21,1.30515E+16,5.24589E+16
60249,12,0,73,393,2018,1,15,5,3,8,1,0,0,0,0,0,0,1,1,8.60232E+20,5.91986E+21,1.44082E+16,5.33051E+16
60250,8,3,15,16,2018,12,17,5,3,8,1,2,0,0,0,0,0,1,0,4.31311E+20,5.30696E+21,8.08074E+15,4.79123E+16
60251,12,0,53,0,2018,1,15,3,3,2,6,0,0,1,0,0,0,1,1,8.77297E+20,5.81352E+21,1.45404E+16,5.23419E+16
60252,8,2,12,0,2018,12,11,5,3,5,3,0,0,1,0,0,0,0,0,4.58873E+20,5.42819E+21,8.43765E+15,4.90052E+16
60253,12,0,71,76,2018,1,13,6,2,9,1,0,0,1,0,0,0,0,0,8.88481E+20,5.74602E+21,1.46272E+16,5.17301E+16
60254,8,2,12,0,2018,12,17,5,3,5,2,2,0,1,0,0,0,0,0,4.51624E+20,5.43141E+21,8.33816E+15,4.90336E+16
60255,12,0,69,306,2018,1,14,6,3,2,2,0,0,1,0,0,0,0,0,7.55998E+20,5.80579E+21,1.27584E+16,5.23426E+16
60256,8,1,15,15,2018,12,18,5,2,9,7,2,0,1,0,0,0,0,1,4.94405E+20,5.38722E+21,8.92406E+15,4.8638E+16
60257,12,0,52,0,2018,1,6,4,3,8,1,1,0,1,0,0,0,0,2,8.77614E+20,5.75271E+21,1.44778E+16,5.17974E+16
60258,8,1,11,0,2018,12,0,5,3,2,7,2,0,1,0,0,0,0,0,5.14282E+20,5.39359E+21,9.19408E+15,4.86952E+16
60259,12,0,65,256,2018,1,23,2,3,7,7,2,0,0,0,0,0,1,0,7.84717E+20,5.84881E+21,1.32157E+16,5.27141E+16
60260,12,0,71,76,2018,1,16,4,3,1,2,1,0,1,0,0,0,0,1,8.88782E+20,5.74569E+21,1.46311E+16,5.17269E+16
60261,8,1,18,11,2018,12,17,5,3,2,6,2,0,1,0,0,0,0,0,5.05871E+20,5.40773E+21,9.07998E+15,4.88225E+16
60262,12,0,63,357,2018,1,7,5,3,6,2,2,0,1,1,0,0,0,1,7.67241E+20,5.82913E+21,1.29418E+16,5.25465E+16
60263,12,0,69,604,2018,1,12,2,3,1,5,0,0,0,0,0,0,1,0,7.865E+20,5.81173E+21,1.32101E+16,5.23807E+16
60264,8,1,15,45,2018,12,17,5,3,2,6,2,0,1,0,0,0,0,0,5.03824E+20,5.39501E+21,9.05198E+15,4.87081E+16
60265,12,0,64,428,2018,1,4,2,3,9,1,2,0,1,0,0,0,0,1,8.26625E+20,5.82667E+21,1.38122E+16,5.24921E+16
60266,12,0,69,304,2018,1,10,4,3,3,6,0,0,1,0,0,0,0,2,7.8542E+20,5.8152E+21,1.31972E+16,5.24124E+16
60267,8,1,25,63,2018,12,19,5,3,4,6,2,0,1,0,0,0,0,1,5.27107E+20,5.46201E+21,9.37293E+15,4.93102E+16
60268,12,0,65,251,2018,1,19,3,3,1,5,2,0,1,0,0,0,1,1,7.79659E+20,5.84908E+21,1.31413E+16,5.27192E+16
60269,12,0,65,136,2018,1,7,6,2,5,3,1,1,1,0,0,0,0,0,7.85097E+20,5.84024E+21,1.32139E+16,5.26371E+16
60270,8,1,19,85,2018,12,5,5,1,8,1,2,0,1,0,0,0,0,2,5.28043E+20,5.41408E+21,9.38248E+15,4.8879E+16
60271,12,0,60,20,2018,1,13,6,3,5,3,0,0,1,0,0,0,0,1,8.08781E+20,5.84672E+21,1.35689E+16,5.26822E+16
60272,8,1,18,78,2018,12,7,5,3,8,1,1,0,1,0,0,0,0,2,5.1591E+20,5.42113E+21,9.21727E+15,4.89429E+16
60273,12,0,64,472,2018,1,6,4,3,5,3,2,0,1,0,0,0,0,2,8.31616E+20,5.83576E+21,1.38945E+16,5.25706E+16
60274,12,0,73,386,2018,1,18,6,2,9,1,2,0,0,0,0,0,1,1,8.4486E+20,5.8929E+21,1.41494E+16,5.3074E+16
60275,12,0,72,340,2018,1,7,3,3,6,4,0,0,1,1,0,0,0,1,8.04534E+20,5.80096E+21,1.34645E+16,5.22745E+16
60276,8,1,18,48,2018,12,15,5,3,2,6,0,0,1,0,0,0,0,0,5.11644E+20,5.41843E+21,9.15894E+15,4.89187E+16
60277,12,0,65,225,2018,1,3,1,3,7,7,2,0,1,0,0,0,0,0,7.94271E+20,5.8458E+21,1.33541E+16,5.2682E+16
60278,8,1,18,15,2018,12,17,5,3,5,7,2,0,1,0,0,0,0,0,5.07204E+20,5.42972E+21,9.09853E+15,4.90204E+16
60279,12,0,66,272,2018,1,14,2,3,2,6,0,0,1,0,0,1,1,0,8.35732E+20,5.70965E+21,1.38315E+16,5.14383E+16
60280,8,1,17,51,2018,12,8,5,3,5,3,0,0,1,0,0,0,0,0,5.43163E+20,5.39638E+21,9.58683E+15,4.8719E+16
60281,8,1,17,26,2018,12,4,5,3,8,1,2,0,1,0,0,0,0,0,5.47032E+20,5.3951E+21,9.63927E+15,4.87072E+16
60282,12,0,68,353,2018,1,11,5,2,9,1,0,0,1,0,0,0,0,1,7.55071E+20,5.88667E+21,1.28076E+16,5.30685E+16
60283,12,0,69,656,2018,1,15,5,3,9,1,0,0,1,0,0,0,0,1,7.67043E+20,5.81169E+21,1.29249E+16,5.23902E+16
60284,12,0,66,304,2018,1,10,3,3,6,6,0,1,0,1,0,0,0,0,8.4708E+20,5.72014E+21,1.40045E+16,5.15254E+16
60285,12,0,63,208,2018,2,16,7,2,3,6,0,0,1,0,0,0,0,0,7.63504E+20,5.83393E+21,1.28906E+16,5.25914E+16
60286,12,0,64,428,2018,3,12,4,3,9,6,0,0,1,0,0,1,0,1,8.23371E+20,5.82461E+21,1.37624E+16,5.24756E+16
60287,12,0,64,336,2018,2,19,2,2,5,3,2,1,1,0,0,0,0,0,8.18195E+20,5.83012E+21,1.36917E+16,5.2528E+16
60288,12,0,69,397,2018,1,7,4,3,2,6,1,0,1,0,0,0,0,0,7.75484E+20,5.80692E+21,1.30447E+16,5.23432E+16
60289,12,0,70,296,2018,2,13,3,2,5,3,0,0,1,0,0,0,0,0,6.9315E+20,5.88517E+21,1.18838E+16,5.3081E+16
60290,12,0,63,357,2018,3,14,2,2,8,7,0,0,1,0,0,0,0,0,7.69014E+20,5.82901E+21,1.29677E+16,5.25446E+16
60291,12,0,54,0,2018,2,23,4,3,4,2,2,0,1,0,0,0,0,0,7.76848E+20,5.8136E+21,1.30702E+16,5.24025E+16
60292,12,0,69,616,2018,2,17,4,3,1,7,1,0,1,0,0,0,1,0,7.91137E+20,5.81468E+21,1.32806E+16,5.24047E+16
60293,12,0,61,260,2018,1,10,4,2,6,4,0,0,0,1,0,0,1,1,8.15655E+20,5.80457E+21,1.36303E+16,5.23006E+16
60294,12,0,70,52,2018,3,11,7,3,8,1,0,0,1,0,0,0,0,0,6.89962E+20,5.87644E+21,1.18312E+16,5.30038E+16
60295,12,0,62,341,2018,1,21,4,3,0,1,2,0,0,0,1,0,0,1,7.93177E+20,5.70997E+21,1.32213E+16,5.14648E+16
60296,12,0,60,52,2018,2,8,2,2,3,6,0,1,1,0,0,0,0,1,8.23186E+20,5.86464E+21,1.37989E+16,5.28343E+16
60297,12,0,73,452,2018,1,8,4,3,8,1,0,0,0,0,0,0,1,2,8.19E+20,5.92103E+21,1.37929E+16,5.3342E+16
60298,12,0,67,469,2018,2,5,3,2,2,6,2,0,0,0,0,1,1,0,8.36844E+20,5.80726E+21,1.39426E+16,5.23121E+16
60299,12,0,60,5,2018,1,7,4,3,5,3,1,1,1,0,0,0,0,0,8.06594E+20,5.83826E+21,1.35288E+16,5.26076E+16
60300,12,0,69,485,2018,2,8,5,3,8,1,0,0,1,0,0,0,0,0,7.44408E+20,5.76749E+21,1.25611E+16,5.20042E+16
60301,12,0,66,104,2018,2,10,6,2,8,1,0,0,1,0,0,0,0,0,8.28733E+20,5.70254E+21,1.37246E+16,5.13787E+16
60302,12,0,61,433,2018,3,16,3,2,1,7,0,0,1,0,0,0,0,0,8.06979E+20,5.81398E+21,1.35121E+16,5.23898E+16