OBJECTID_1,ULAND,UREGBEZ,UKREIS,UGEMEINDE,UJAHR,UMONAT,USTUNDE,UWOCHENTAG,UKATEGORIE,UART,UTYP1,ULICHTVERH,IstRad,IstPKW,IstFuss,IstKrad,IstGkfz,IstSonstig,STRZUSTAND,LINREFX,LINREFY,XGCSWGS84,YGCSWGS84
60303,12,0,54,0,2018,2,9,7,2,6,4,0,1,0,1,0,0,0,1,7.76447E+20,5.81245E+21,1.30634E+16,5.23924E+16
60304,12,0,60,5,2018,1,17,4,2,4,6,2,0,1,0,0,0,0,1,8.10831E+20,5.83462E+21,1.35878E+16,5.25726E+16
60305,12,0,73,157,2018,2,12,2,3,2,6,0,0,1,0,0,0,0,0,8.24957E+20,5.89868E+21,1.38593E+16,5.31382E+16
60306,12,0,73,578,2018,3,0,2,3,2,6,2,0,1,0,0,0,0,0,8.28714E+20,5.91404E+21,1.3931E+16,5.32735E+16
60307,12,0,64,44,2018,2,13,4,1,8,7,0,0,1,0,0,0,0,0,8.40071E+20,5.86213E+21,1.4046E+16,5.28015E+16
60308,12,0,65,356,2018,2,13,4,3,5,3,0,1,1,0,0,0,0,0,7.91026E+20,5.8785E+21,1.33354E+16,5.29769E+16
60309,12,0,67,481,2018,1,22,4,3,8,1,2,0,1,0,0,0,0,1,8.35384E+20,5.80277E+21,1.39168E+16,5.22727E+16
60310,12,0,71,57,2018,3,3,5,2,8,1,2,0,1,0,0,0,0,0,8.64732E+20,5.74131E+21,1.42799E+16,5.17039E+16
60311,12,0,69,590,2018,1,16,3,2,3,6,0,0,1,0,0,1,0,0,7.63132E+20,5.80341E+21,1.28611E+16,5.23178E+16
60312,12,0,60,5,2018,2,23,1,2,9,1,2,0,1,0,0,0,0,1,8.06841E+20,5.83919E+21,1.35333E+16,5.26159E+16
60313,12,0,72,298,2018,1,18,3,2,8,7,2,0,0,0,0,1,0,0,7.87109E+20,5.76268E+21,1.31775E+16,5.19406E+16
60314,12,0,51,0,2018,2,16,2,3,9,1,0,0,1,0,0,0,0,0,7.35052E+20,5.81328E+21,1.24568E+16,5.24191E+16
60315,12,0,69,448,2018,3,7,4,2,3,1,0,0,1,0,0,1,0,2,7.51748E+20,5.77695E+21,1.26747E+16,5.20857E+16
60316,12,0,64,125,2018,3,13,6,3,6,4,0,0,1,1,0,0,0,0,8.34243E+20,5.8619E+21,1.39596E+16,5.28031E+16
60317,12,0,54,0,2018,1,6,3,2,6,4,2,0,1,1,0,0,0,0,7.76513E+20,5.81227E+21,1.30642E+16,5.23907E+16
60318,12,0,69,680,2018,2,16,1,2,8,1,0,0,1,0,0,0,0,1,7.37818E+20,5.80202E+21,1.24894E+16,5.23169E+16
60319,12,0,54,0,2018,1,10,3,3,5,3,0,0,1,0,0,0,0,0,7.74848E+20,5.81685E+21,1.30435E+16,5.24326E+16
60320,12,0,73,157,2018,2,10,1,3,8,1,0,0,1,0,0,0,0,2,8.23995E+20,5.90098E+21,1.38473E+16,5.31594E+16
60321,12,0,68,320,2018,2,7,3,2,5,3,0,1,1,0,0,0,0,2,7.56158E+20,5.87101E+21,1.28114E+16,5.29276E+16
60322,12,0,67,469,2018,3,21,5,3,3,7,2,0,1,0,0,0,1,0,8.3036E+20,5.80675E+21,1.38474E+16,5.23114E+16
60323,12,0,68,117,2018,2,20,1,3,8,1,2,0,1,0,0,0,0,2,7.64334E+20,5.85121E+21,1.29167E+16,5.2746E+16
60324,12,0,61,217,2018,1,19,3,1,8,1,2,0,1,0,0,0,0,0,8.22138E+20,5.7992E+21,1.372E+16,5.22487E+16
60325,12,0,61,332,2018,2,18,5,2,5,3,2,0,1,0,0,0,0,0,8.11447E+20,5.79814E+21,1.35629E+16,5.22454E+16
60326,12,0,64,472,2018,2,13,6,3,5,2,0,1,1,0,0,0,0,0,8.2977E+20,5.83431E+21,1.38659E+16,5.25587E+16
60327,12,0,52,0,2018,3,9,3,3,6,4,0,0,1,1,0,0,0,0,8.67609E+20,5.74756E+21,1.43279E+16,5.17579E+16
60328,12,0,72,477,2018,2,19,6,3,5,3,2,1,1,0,0,0,0,0,8.03342E+20,5.79518E+21,1.34419E+16,5.22233E+16
60329,12,0,62,410,2018,1,11,3,2,2,6,0,0,1,0,0,0,1,0,8.10807E+20,5.71387E+21,1.34777E+16,5.14904E+16
60330,12,0,68,320,2018,2,8,2,3,0,7,0,1,0,0,0,0,0,0,7.5614E+20,5.8712E+21,1.28112E+16,5.29293E+16
60331,12,0,65,136,2018,3,20,2,2,6,4,2,0,1,1,0,0,0,1,7.8352E+20,5.84187E+21,1.31921E+16,5.26526E+16
60332,12,0,54,0,2018,2,13,3,3,5,3,0,1,1,0,0,0,0,0,7.77459E+20,5.8113E+21,1.30772E+16,5.23815E+16
60333,12,0,73,532,2018,2,16,3,3,4,2,0,1,1,0,0,0,0,1,8.53259E+20,5.89236E+21,1.42737E+16,5.30636E+16
60334,12,0,62,92,2018,1,8,3,2,2,2,0,0,1,0,0,0,0,1,8.1546E+20,5.72805E+21,1.35573E+16,5.16149E+16
60335,12,0,60,5,2018,3,18,5,3,5,3,2,0,1,0,0,0,0,0,8.07053E+20,5.83887E+21,1.35361E+16,5.26128E+16
60336,12,0,62,140,2018,1,7,3,3,6,4,1,0,1,1,0,0,0,0,8.26214E+20,5.73074E+21,1.37146E+16,5.16328E+16
60337,12,0,70,296,2018,2,20,1,2,9,1,2,0,1,0,0,0,0,1,6.92801E+20,5.88591E+21,1.18791E+16,5.30877E+16
60338,12,0,60,269,2018,1,14,3,3,2,6,0,0,1,0,0,1,0,0,8.01782E+20,5.85458E+21,1.34729E+16,5.27566E+16
60339,12,0,65,136,2018,2,7,2,3,2,6,1,0,1,0,0,0,0,0,7.84625E+20,5.83971E+21,1.32065E+16,5.26325E+16
60340,12,0,69,249,2018,3,7,4,3,9,6,0,0,1,0,0,0,1,2,7.60876E+20,5.81781E+21,1.28392E+16,5.2448E+16
60341,12,0,65,100,2018,2,18,3,3,3,6,2,1,1,0,0,0,0,0,7.81431E+20,5.88067E+21,1.31947E+16,5.30015E+16
60342,12,0,64,227,2018,1,18,3,1,6,4,2,0,0,1,0,0,1,1,8.15439E+20,5.82857E+21,1.36498E+16,5.25157E+16
60343,12,0,60,20,2018,2,19,4,3,9,1,2,0,1,0,0,0,0,0,8.0987E+20,5.84516E+21,1.35835E+16,5.26676E+16
60344,12,0,64,336,2018,2,13,5,3,5,3,0,0,1,0,0,0,0,0,8.19179E+20,5.82936E+21,1.37055E+16,5.25206E+16
60345,12,0,72,297,2018,2,11,5,2,5,2,0,0,1,0,0,0,0,0,7.75299E+20,5.76959E+21,1.30117E+16,5.20085E+16
60346,12,0,65,136,2018,1,10,3,3,5,3,0,1,1,0,0,0,0,0,7.84601E+20,5.83981E+21,1.32063E+16,5.26335E+16
60347,12,0,73,452,2018,2,9,3,3,4,7,0,0,1,0,0,0,0,0,8.23333E+20,5.9186E+21,1.38553E+16,5.33176E+16
60348,12,0,65,356,2018,1,12,3,2,8,1,0,0,1,0,0,0,0,0,7.94599E+20,5.87539E+21,1.33856E+16,5.29471E+16
60349,12,0,69,20,2018,2,6,4,3,5,3,1,1,1,0,0,0,0,0,7.45129E+20,5.78289E+21,1.25826E+16,5.21421E+16
60350,12,0,61,492,2018,2,5,5,3,8,1,2,0,1,0,0,0,0,1,8.18085E+20,5.78484E+21,1.36473E+16,5.21223E+16
60351,12,0,61,20,2018,2,20,6,3,5,3,2,0,1,0,0,0,0,0,8.15857E+20,5.7982E+21,1.36273E+16,5.22434E+16
60352,12,0,70,96,2018,1,19,3,2,5,2,2,0,1,0,0,1,0,0,7.14335E+20,5.90415E+21,1.22123E+16,5.32433E+16
60353,12,0,61,320,2018,3,21,1,2,9,7,2,0,0,0,0,0,1,0,8.29314E+20,5.75518E+21,1.37823E+16,5.18501E+16
60354,12,0,71,57,2018,2,18,3,3,5,3,2,0,1,0,0,0,0,0,8.62191E+20,5.73459E+21,1.42363E+16,5.16454E+16
60355,12,0,67,481,2018,2,21,3,3,5,2,2,0,1,0,0,0,0,0,8.37035E+20,5.79584E+21,1.3934E+16,5.22097E+16
60356,12,0,63,208,2018,1,7,2,3,8,7,2,0,1,0,0,0,0,1,7.63254E+20,5.83686E+21,1.28892E+16,5.26178E+16
60357,12,0,64,512,2018,3,12,5,3,5,2,0,0,1,0,0,0,1,0,8.46547E+20,5.85368E+21,1.41327E+16,5.27217E+16
60358,12,0,69,454,2018,1,18,2,3,1,6,2,0,1,0,0,0,0,1,7.79452E+20,5.80811E+21,1.31038E+16,5.23519E+16
60359,12,0,64,227,2018,2,12,7,3,2,2,0,0,1,0,0,0,0,0,8.14292E+20,5.83103E+21,1.36353E+16,5.25384E+16
60360,12,0,69,616,2018,1,12,2,3,6,4,0,0,1,1,0,0,0,0,7.89902E+20,5.81158E+21,1.32598E+16,5.23776E+16
60361,12,0,65,84,2018,2,16,1,3,9,1,0,0,1,0,0,0,0,2,7.75255E+20,5.90472E+21,1.31235E+16,5.32203E+16
60362,12,0,62,24,2018,3,7,4,2,8,1,0,0,1,0,0,0,0,2,8.01128E+20,5.71786E+21,1.33421E+16,5.15314E+16
60363,12,0,61,260,2018,2,12,2,3,5,2,0,0,1,0,0,0,0,0,8.1615E+20,5.80062E+21,1.36339E+16,5.22649E+16
60364,12,0,54,0,2018,1,23,2,3,5,2,2,1,1,0,0,0,0,1,7.76853E+20,5.8136E+21,1.30703E+16,5.24024E+16
60365,12,0,69,17,2018,2,9,3,3,2,7,0,0,1,0,0,0,1,0,7.70029E+20,5.78979E+21,1.29511E+16,5.21923E+16
60366,12,0,69,590,2018,3,5,2,3,8,1,2,0,1,0,0,0,0,2,7.63284E+20,5.80328E+21,1.28632E+16,5.23166E+16
60367,12,0,69,397,2018,2,19,4,3,3,6,2,0,1,0,0,1,0,0,7.75287E+20,5.80192E+21,1.30377E+16,5.22985E+16
60368,12,0,72,426,2018,2,12,4,3,9,1,0,1,0,0,0,0,0,2,7.82723E+20,5.79255E+21,1.31386E+16,5.22107E+16
60369,12,0,54,0,2018,1,13,2,3,2,6,0,0,1,0,0,0,0,0,7.72203E+20,5.81548E+21,1.30036E+16,5.24217E+16
60370,12,0,60,280,2018,3,13,7,3,2,6,0,0,1,0,0,0,0,0,8.21064E+20,5.84241E+21,1.37458E+16,5.26365E+16
60371,12,0,69,665,2018,1,18,2,3,1,5,2,0,1,0,0,0,0,0,7.36984E+20,5.77964E+21,1.24615E+16,5.21164E+16
60372,12,0,69,17,2018,2,11,2,2,5,3,0,1,1,0,0,0,0,0,7.70969E+20,5.79484E+21,1.29689E+16,5.22372E+16
60373,12,0,51,0,2018,1,7,2,2,5,3,1,0,1,0,0,0,1,0,7.40412E+20,5.81348E+21,1.25356E+16,5.24186E+16
60374,12,0,69,656,2018,2,16,3,3,5,3,0,1,1,0,0,0,0,0,7.66198E+20,5.80913E+21,1.29105E+16,5.23676E+16
60375,12,0,60,269,2018,1,16,2,3,5,3,1,0,1,0,1,0,0,0,8.00077E+20,5.84483E+21,1.34388E+16,5.26702E+16
60376,12,0,66,296,2018,3,13,7,2,5,3,0,0,1,0,0,0,0,0,8.39619E+20,5.71349E+21,1.38909E+16,5.14704E+16
60377,12,0,60,20,2018,1,23,2,3,6,2,2,0,1,1,0,0,0,1,8.0927E+20,5.84699E+21,1.35764E+16,5.26844E+16
60378,12,0,72,240,2018,2,15,2,2,6,4,0,0,0,1,0,1,0,0,7.86052E+20,5.80283E+21,1.31959E+16,5.23012E+16
60379,12,0,64,482,2018,1,4,2,3,9,1,2,0,1,0,0,0,0,1,8.5776E+20,5.83077E+21,1.42733E+16,5.25093E+16
60380,12,0,52,0,2018,2,7,4,3,5,3,0,1,1,0,0,0,0,0,8.66644E+20,5.7473E+21,1.43137E+16,5.17563E+16
60381,12,0,64,370,2018,1,23,2,3,9,1,2,0,1,0,0,0,0,1,8.40706E+20,5.83735E+21,1.40297E+16,5.25792E+16
60382,12,0,67,237,2018,2,13,6,2,2,6,0,0,1,0,0,1,0,0,8.62456E+20,5.81032E+21,1.432E+16,5.23232E+16
60383,12,0,60,68,2018,2,15,7,2,2,6,0,0,1,0,0,1,0,0,8.23762E+20,5.88548E+21,1.38282E+16,5.30207E+16
60384,12,0,67,40,2018,3,5,4,3,2,6,2,0,1,0,0,0,0,1,8.54744E+20,5.81138E+21,1.42085E+16,5.23377E+16
60385,12,0,69,616,2018,2,9,7,3,9,1,0,0,1,0,0,0,0,1,7.90545E+20,5.81433E+21,1.32716E+16,5.2402E+16
60386,12,0,53,0,2018,2,13,2,3,2,6,0,0,1,0,0,0,0,0,8.76556E+20,5.81506E+21,1.45313E+16,5.23561E+16
60387,12,0,67,413,2018,1,17,2,3,4,6,1,0,1,0,0,0,0,1,8.40584E+20,5.80678E+21,1.39968E+16,5.23054E+16
60388,12,0,69,590,2018,2,5,2,2,3,1,2,0,1,0,0,0,1,2,7.6547E+20,5.8017E+21,1.28939E+16,5.23013E+16
60389,12,0,63,36,2018,3,6,2,3,4,1,1,0,1,0,0,0,0,2,7.70254E+20,5.83341E+21,1.29896E+16,5.25834E+16
60390,12,0,51,0,2018,2,14,4,3,5,3,0,1,1,0,0,0,0,0,7.41261E+20,5.81358E+21,1.25481E+16,5.24192E+16
60391,12,0,54,0,2018,2,15,4,3,5,2,0,1,1,0,0,0,0,0,7.77813E+20,5.81246E+21,1.30834E+16,5.23917E+16
60392,12,0,68,181,2018,1,16,2,3,8,1,1,0,1,0,0,0,0,1,7.28391E+20,5.89378E+21,1.24152E+16,5.31444E+16
60393,12,0,69,402,2018,3,10,6,3,6,4,0,0,1,1,0,0,0,0,7.63417E+20,5.78374E+21,1.28499E+16,5.21412E+16
60394,12,0,65,136,2018,1,18,2,3,2,6,2,0,1,0,0,0,0,1,7.84548E+20,5.83814E+21,1.3204E+16,5.26186E+16
60395,12,0,64,408,2018,2,20,2,3,4,1,2,0,1,0,0,0,0,0,8.3138E+20,5.83124E+21,1.38865E+16,5.25302E+16
60396,12,0,70,296,2018,1,16,2,3,2,6,0,0,1,0,0,0,0,1,6.89526E+20,5.88734E+21,1.18311E+16,5.31018E+16
60397,12,0,73,429,2018,2,11,1,3,8,1,0,0,1,0,0,0,0,2,8.05544E+20,5.92571E+21,1.3596E+16,5.33919E+16
60398,12,0,67,144,2018,2,15,3,3,6,4,0,0,1,1,0,0,0,0,8.44454E+20,5.81329E+21,1.406E+16,5.23614E+16
60399,12,0,51,0,2018,3,11,5,3,2,6,0,0,1,0,0,0,0,1,7.44786E+20,5.81228E+21,1.25989E+16,5.24059E+16
60400,12,0,61,192,2018,2,12,7,2,2,6,0,0,1,0,0,0,0,1,8.17519E+20,5.78937E+21,1.36433E+16,5.21633E+16
60401,12,0,61,20,2018,1,19,1,3,2,6,2,0,1,0,0,0,1,0,8.13576E+20,5.79712E+21,1.3593E+16,5.2235E+16
60402,12,0,72,240,2018,2,7,5,3,5,2,0,0,1,0,0,0,0,1,7.8943E+20,5.80386E+21,1.32462E+16,5.23086E+16
60403,12,0,71,244,2018,2,7,6,3,1,2,0,0,1,0,0,0,0,0,8.57834E+20,5.74645E+21,1.41857E+16,5.17543E+16
60404,12,0,61,540,2018,3,6,3,3,3,6,0,1,1,0,0,0,0,0,8.1616E+20,5.80567E+21,1.36387E+16,5.23101E+16
60405,12,0,67,426,2018,2,9,7,3,9,1,0,0,1,0,0,0,0,2,8.47125E+20,5.79199E+21,1.40772E+16,5.21689E+16
60406,12,0,66,8,2018,1,18,1,2,2,6,2,0,1,0,0,0,0,0,8.42433E+20,5.73025E+21,1.39476E+16,5.16189E+16
60407,12,0,67,237,2018,2,12,2,2,9,1,0,0,0,0,0,1,0,0,8.64357E+20,5.81353E+21,1.43513E+16,5.23507E+16
60408,12,0,60,250,2018,3,21,2,3,8,1,2,0,1,0,0,0,0,2,8.18054E+20,5.84991E+21,1.37087E+16,5.27054E+16
60409,12,0,61,260,2018,2,20,1,3,9,7,2,0,1,0,0,0,0,1,8.15788E+20,5.80553E+21,1.36332E+16,5.23091E+16
60410,12,0,67,72,2018,2,15,6,3,3,6,0,0,1,0,0,0,0,0,8.59372E+20,5.81204E+21,1.42768E+16,5.23406E+16
60411,12,0,68,320,2018,2,12,7,2,5,3,0,1,1,0,0,0,0,0,7.54701E+20,5.87014E+21,1.2789E+16,5.29204E+16
60412,12,0,69,665,2018,3,16,3,2,5,3,0,0,1,0,0,0,1,0,7.37831E+20,5.78515E+21,1.24777E+16,5.21655E+16
60413,12,0,65,198,2018,2,12,1,2,4,6,0,0,1,0,0,0,0,0,7.79621E+20,5.86794E+21,1.31569E+16,5.28883E+16
60414,12,0,66,41,2018,1,17,1,2,2,6,2,0,1,0,0,0,0,1,8.41886E+20,5.73245E+21,1.39418E+16,5.16389E+16
60415,12,0,61,216,2018,2,6,2,3,5,3,1,0,1,0,0,0,0,1,8.21716E+20,5.78333E+21,1.36988E+16,5.21067E+16
60416,12,0,62,128,2018,3,21,2,3,5,3,2,0,1,0,0,0,0,0,7.93832E+20,5.7237E+21,1.32421E+16,5.15875E+16
60417,12,0,71,337,2018,2,6,4,2,5,3,2,0,1,0,0,1,0,1,8.87174E+20,5.77087E+21,1.46361E+16,5.19534E+16
60418,12,0,67,76,2018,2,7,4,1,4,6,0,0,1,0,0,0,0,0,8.80061E+20,5.80338E+21,1.45693E+16,5.22492E+16
60419,12,0,66,41,2018,1,20,1,3,6,7,2,0,1,1,0,0,0,1,8.40888E+20,5.73209E+21,1.39271E+16,5.16363E+16
60420,12,0,67,124,2018,3,16,6,3,5,3,0,1,1,0,0,0,0,0,8.23243E+20,5.81836E+21,1.37545E+16,5.24197E+16
60421,12,0,62,372,2018,1,17,1,1,9,1,2,0,1,0,0,0,0,0,8.23155E+20,5.71051E+21,1.3652E+16,5.14533E+16
60422,12,0,71,76,2018,2,16,1,3,5,3,1,1,1,0,0,0,0,0,8.89367E+20,5.74711E+21,1.46412E+16,5.17392E+16
60423,12,0,71,76,2018,1,17,1,3,5,3,2,0,1,0,0,0,0,1,8.88675E+20,5.74592E+21,1.46299E+16,5.17291E+16
60424,12,0,60,269,2018,2,13,1,3,4,2,0,1,1,0,0,0,0,1,8.07839E+20,5.85542E+21,1.35632E+16,5.27607E+16
60425,12,0,63,186,2018,2,6,2,2,6,7,2,0,1,1,0,0,0,0,7.45972E+20,5.83208E+21,1.26309E+16,5.2583E+16
60426,12,0,60,269,2018,3,7,5,3,0,3,0,1,0,0,0,0,0,1,7.99683E+20,5.84987E+21,1.34376E+16,5.27156E+16
60427,12,0,73,490,2018,1,16,1,3,2,6,0,0,1,0,0,0,0,1,8.31099E+20,5.9244E+21,1.39775E+16,5.33647E+16
60428,12,0,65,136,2018,2,10,5,3,8,1,0,0,1,0,0,0,0,0,7.8521E+20,5.84021E+21,1.32156E+16,5.26367E+16
60429,12,0,65,356,2018,2,12,6,3,5,3,0,0,1,0,0,0,0,0,7.90445E+20,5.87765E+21,1.3326E+16,5.29696E+16
60430,12,0,73,225,2018,3,14,3,3,5,3,0,0,1,0,0,0,1,0,8.34104E+20,5.90741E+21,1.40046E+16,5.32107E+16
60431,12,0,69,454,2018,2,14,6,3,8,1,0,0,1,0,0,0,0,0,7.8314E+20,5.80539E+21,1.31555E+16,5.23257E+16
60432,12,0,67,120,2018,1,18,1,3,5,3,0,0,1,0,0,0,0,0,8.8565E+20,5.79279E+21,1.46388E+16,5.21505E+16
60433,12,0,72,2,2018,3,12,1,3,5,3,0,0,1,0,0,0,0,0,8.00682E+20,5.79029E+21,1.33987E+16,5.2181E+16
60434,12,0,51,0,2018,2,9,3,3,3,2,0,0,1,0,0,1,0,0,7.41423E+20,5.81142E+21,1.2549E+16,5.23997E+16
60435,12,0,64,472,2018,2,9,3,3,5,3,0,0,1,0,0,0,1,0,8.31159E+20,5.83654E+21,1.38886E+16,5.25778E+16
60436,12,0,68,117,2018,1,17,1,2,3,6,2,0,1,0,0,0,0,1,7.5597E+20,5.85593E+21,1.27967E+16,5.27924E+16
60437,12,0,60,20,2018,3,13,5,3,5,3,0,1,1,0,0,0,0,0,8.09712E+20,5.84511E+21,1.35811E+16,5.26673E+16
60438,12,0,65,225,2018,1,17,1,3,5,2,0,1,1,0,0,0,0,1,7.96058E+20,5.84405E+21,1.33789E+16,5.26654E+16
60439,12,0,65,256,2018,2,7,4,3,6,4,1,0,1,1,0,0,0,0,7.85687E+20,5.85306E+21,1.32338E+16,5.27517E+16
60440,12,0,63,244,2018,2,0,3,3,8,1,2,0,1,0,0,0,1,1,7.25604E+20,5.8277E+21,1.23279E+16,5.25525E+16
60441,12,0,69,596,2018,1,13,7,3,5,3,0,1,1,0,0,0,0,0,7.72187E+20,5.80054E+21,1.29913E+16,5.22877E+16
60442,12,0,73,532,2018,3,13,5,3,5,3,0,0,1,0,0,0,0,0,8.53681E+20,5.89249E+21,1.42801E+16,5.30645E+16
60443,12,0,71,301,2018,1,9,7,3,5,3,0,0,1,0,0,0,0,0,8.77563E+20,5.7431E+21,1.44666E+16,5.17114E+16
60444,12,0,60,280,2018,2,19,1,3,7,7,2,0,1,0,0,0,0,1,8.15529E+20,5.84232E+21,1.36642E+16,5.26389E+16
60445,12,0,64,512,2018,1,19,7,3,2,6,2,1,1,0,0,0,0,0,8.44764E+20,5.85569E+21,1.41086E+16,5.27408E+16
60446,12,0,64,371,2018,2,23,2,3,9,1,2,0,1,0,0,0,0,0,8.5169E+20,5.85833E+21,1.42136E+16,5.27601E+16
60447,12,0,69,616,2018,3,15,4,3,5,3,0,0,1,0,0,0,0,1,7.92257E+20,5.81553E+21,1.32977E+16,5.24118E+16
60448,12,0,60,181,2018,2,7,3,3,2,6,0,0,1,0,0,0,0,0,8.07238E+20,5.84352E+21,1.35432E+16,5.26544E+16
60449,12,0,65,332,2018,1,19,7,3,7,7,2,0,1,0,0,0,0,0,7.8552E+20,5.84496E+21,1.32243E+16,5.26791E+16
60450,12,0,61,540,2018,2,17,4,3,2,6,1,0,1,0,0,0,0,0,8.13585E+20,5.80605E+21,1.36014E+16,5.2315E+16
60451,12,0,61,332,2018,2,10,5,3,5,2,0,1,0,0,0,1,0,0,8.12308E+20,5.80045E+21,1.35776E+16,5.22656E+16
60452,12,0,64,472,2018,2,9,6,3,5,3,0,1,1,0,0,0,0,0,8.28482E+20,5.83122E+21,1.38439E+16,5.25318E+16
60453,12,0,70,325,2018,1,15,7,3,8,1,0,0,1,0,0,0,0,0,7.05105E+20,5.90821E+21,1.20768E+16,5.32833E+16
60454,12,0,68,468,2018,3,20,1,3,8,7,2,0,1,0,0,0,0,0,7.35428E+20,5.88778E+21,1.25158E+16,5.30875E+16
60455,12,0,67,144,2018,2,6,3,3,8,1,2,0,1,0,0,0,0,2,8.43533E+20,5.8163E+21,1.40496E+16,5.23889E+16
60456,12,0,72,477,2018,1,22,6,3,9,1,1,0,1,0,0,0,0,1,8.04276E+20,5.79409E+21,1.34545E+16,5.2213E+16
60457,12,0,54,0,2018,2,6,4,1,1,7,2,0,1,0,0,1,0,0,7.67814E+20,5.82031E+21,1.29431E+16,5.24672E+16
60458,12,0,71,301,2018,2,13,7,2,5,3,0,0,1,0,0,0,0,1,8.77927E+20,5.74279E+21,1.44715E+16,5.17084E+16
60459,12,0,54,0,2018,2,18,1,2,8,1,2,0,1,0,0,0,0,1,7.73454E+20,5.82032E+21,1.30259E+16,5.24644E+16
60460,12,0,72,120,2018,1,22,6,3,2,7,2,0,1,0,0,0,0,1,7.93556E+20,5.81005E+21,1.3312E+16,5.23619E+16
60461,12,0,68,320,2018,2,8,7,3,5,2,0,0,1,0,0,0,0,0,7.55595E+20,5.87106E+21,1.2803E+16,5.29282E+16
60462,12,0,63,36,2018,2,12,7,2,2,6,0,0,1,0,0,1,0,0,7.69092E+20,5.83355E+21,1.29726E+16,5.25853E+16
60463,12,0,71,384,2018,3,7,4,3,4,1,0,0,1,0,0,0,0,1,8.8415E+20,5.77022E+21,1.45916E+16,5.19497E+16
60464,12,0,60,5,2018,2,6,2,3,2,6,1,0,1,0,0,0,0,1,8.07094E+20,5.83905E+21,1.35369E+16,5.26144E+16
60465,12,0,63,148,2018,1,15,6,3,2,2,0,0,1,0,0,0,0,1,7.57409E+20,5.8218E+21,1.27914E+16,5.24855E+16
60466,12,0,65,256,2018,2,6,3,3,5,3,2,0,1,0,0,0,0,0,7.83871E+20,5.85153E+21,1.32056E+16,5.27389E+16
60467,12,0,63,252,2018,3,8,2,2,8,1,0,0,1,0,0,0,0,2,7.30938E+20,5.83422E+21,1.2411E+16,5.26088E+16
60468,12,0,54,0,2018,2,14,7,3,5,2,0,0,1,0,0,0,1,0,7.74926E+20,5.81884E+21,1.30463E+16,5.24504E+16
60469,12,0,63,56,2018,1,15,6,2,2,6,0,0,1,0,0,0,0,0,7.788E+20,5.82705E+21,1.311E+16,5.25221E+16
60470,12,0,69,249,2018,2,5,1,2,9,1,2,0,1,0,0,0,0,0,7.58858E+20,5.8184E+21,1.28101E+16,5.24543E+16
60471,12,0,62,500,2018,3,7,4,3,8,1,0,0,0,0,0,0,1,2,8.01154E+20,5.71835E+21,1.33429E+16,5.15357E+16
60472,12,0,65,256,2018,2,8,3,3,3,6,0,0,1,0,0,0,0,0,7.93379E+20,5.85642E+21,1.33504E+16,5.27778E+16
60473,12,0,69,454,2018,1,13,6,3,5,2,0,0,1,0,0,0,0,0,7.8072E+20,5.8049E+21,1.31197E+16,5.23224E+16
60474,12,0,72,477,2018,2,9,3,3,2,2,0,0,1,0,0,0,0,0,8.03476E+20,5.79435E+21,1.34431E+16,5.22158E+16
60475,12,0,70,316,2018,3,7,3,3,9,1,0,0,1,0,0,0,0,2,7.12117E+20,5.89851E+21,1.21754E+16,5.31935E+16
60476,12,0,64,153,2018,2,9,5,3,8,1,0,0,1,0,0,0,0,1,8.34656E+20,5.83251E+21,1.39359E+16,5.25396E+16
60477,12,0,67,440,2018,2,13,5,3,5,3,0,0,1,0,0,0,0,0,8.18846E+20,5.82357E+21,1.3695E+16,5.2469E+16
60478,12,0,54,0,2018,1,18,6,3,2,6,2,1,1,0,0,0,0,0,7.7645E+20,5.81224E+21,1.30632E+16,5.23905E+16
60479,12,0,62,24,2018,3,12,7,3,8,1,0,0,1,0,0,0,0,0,8.01086E+20,5.71652E+21,1.33404E+16,5.15194E+16
60480,12,0,69,76,2018,1,15,6,3,8,1,0,0,1,0,0,0,0,1,7.56919E+20,5.78732E+21,1.27579E+16,5.21765E+16
60481,12,0,72,477,2018,2,16,2,2,0,7,1,1,0,0,0,0,0,0,8.12646E+20,5.793E+21,1.35756E+16,5.21986E+16
60482,12,0,51,0,2018,1,20,6,3,5,3,2,1,1,0,0,0,0,0,7.40691E+20,5.81364E+21,1.25398E+16,5.24199E+16
60483,12,0,65,332,2018,2,7,4,3,5,3,0,1,1,0,0,0,0,0,7.82368E+20,5.84513E+21,1.31779E+16,5.26823E+16
60484,12,0,53,0,2018,2,13,7,3,8,1,0,0,1,0,0,0,0,1,8.7374E+20,5.81085E+21,1.44854E+16,5.23204E+16
60485,12,0,51,0,2018,1,16,6,3,5,3,0,0,1,0,0,0,0,0,7.4244E+20,5.81158E+21,1.2564E+16,5.24007E+16
60486,12,0,64,136,2018,2,7,6,3,5,3,1,0,1,0,0,0,0,0,8.22389E+20,5.8309E+21,1.37541E+16,5.25326E+16
60487,12,0,67,481,2018,2,23,7,3,9,1,2,0,1,0,0,0,0,0,8.36533E+20,5.80202E+21,1.39329E+16,5.22653E+16
60488,12,0,53,0,2018,3,7,4,2,9,1,0,0,1,0,0,0,0,1,8.70241E+20,5.81745E+21,1.44416E+16,5.23818E+16