OBJECTID_1,ULAND,UREGBEZ,UKREIS,UGEMEINDE,UJAHR,UMONAT,USTUNDE,UWOCHENTAG,UKATEGORIE,UART,UTYP1,ULICHTVERH,IstRad,IstPKW,IstFuss,IstKrad,IstGkfz,IstSonstig,STRZUSTAND,LINREFX,LINREFY,XGCSWGS84,YGCSWGS84
60674,12,0,60,280,2018,3,15,1,3,2,6,0,0,1,0,0,0,0,0,8.21148E+20,5.84253E+21,1.37471E+16,5.26375E+16
60675,12,0,71,244,2018,2,8,3,3,2,6,0,0,1,0,0,0,0,0,8.62205E+20,5.74625E+21,1.42486E+16,5.17497E+16
60676,12,0,67,473,2018,2,17,3,2,8,1,1,0,1,0,0,0,0,1,8.52268E+20,5.82157E+21,1.4183E+16,5.24306E+16
60677,12,0,60,198,2018,1,5,2,3,7,7,2,0,1,0,0,0,0,0,8.14096E+20,5.86587E+21,1.36656E+16,5.28507E+16
60678,12,0,65,256,2018,3,8,5,3,8,7,0,0,1,0,0,0,0,0,7.89692E+20,5.86235E+21,1.33012E+16,5.28329E+16
60679,12,0,60,52,2018,2,10,5,3,2,2,0,0,1,0,0,0,0,0,8.22007E+20,5.86192E+21,1.37788E+16,5.28107E+16
60680,12,0,60,269,2018,1,18,2,3,1,5,2,0,1,0,0,0,0,0,8.01033E+20,5.85316E+21,1.34605E+16,5.27443E+16
60681,12,0,70,302,2018,2,15,7,3,8,1,0,0,1,0,0,0,0,0,7.04185E+20,5.86486E+21,1.20355E+16,5.28946E+16
60682,12,0,70,296,2018,2,18,1,3,2,6,2,0,1,0,0,0,0,2,6.89509E+20,5.88737E+21,1.18308E+16,5.3102E+16
60683,12,0,62,293,2018,3,9,4,3,8,1,0,0,1,0,0,0,0,2,8.30295E+20,5.72804E+21,1.37708E+16,5.16063E+16
60684,12,0,60,280,2018,2,12,2,3,7,7,0,0,1,0,0,0,1,0,8.2643E+20,5.84625E+21,1.38286E+16,5.26677E+16
60685,12,0,60,20,2018,1,7,2,2,2,2,1,0,1,0,0,0,1,1,8.08896E+20,5.84292E+21,1.3567E+16,5.26481E+16
60686,12,0,62,224,2018,2,9,3,2,4,6,0,0,1,0,0,0,0,0,7.91882E+20,5.73895E+21,1.32268E+16,5.17253E+16
60687,12,0,69,397,2018,3,17,2,3,2,6,1,0,1,0,0,0,0,0,7.78894E+20,5.80375E+21,1.3092E+16,5.23131E+16
60688,12,0,72,240,2018,2,11,4,2,1,5,0,1,1,0,0,0,0,0,7.88018E+20,5.79949E+21,1.32218E+16,5.22702E+16
60689,12,0,63,80,2018,2,15,4,3,2,6,0,0,1,0,0,0,0,0,7.79463E+20,5.83147E+21,1.31235E+16,5.25614E+16
60690,12,0,64,9,2018,1,15,2,2,4,2,0,0,1,0,0,0,0,0,8.70019E+20,5.83558E+21,1.44585E+16,5.25442E+16
60691,12,0,60,250,2018,3,12,7,3,8,1,0,0,1,0,0,0,0,0,8.16205E+20,5.85476E+21,1.36861E+16,5.275E+16
60692,12,0,64,428,2018,1,12,2,3,8,1,0,0,1,0,0,0,0,0,8.24433E+20,5.82669E+21,1.378E+16,5.24936E+16
60693,12,0,64,44,2018,2,12,4,3,2,6,0,0,1,0,0,0,0,0,8.44153E+20,5.86679E+21,1.41112E+16,5.28406E+16
60694,12,0,73,452,2018,3,8,3,3,2,6,0,0,1,0,0,0,1,0,8.22972E+20,5.91873E+21,1.385E+16,5.3319E+16
60695,12,0,64,227,2018,2,17,5,3,2,6,0,0,1,0,0,0,0,0,8.15973E+20,5.83208E+21,1.3661E+16,5.25469E+16
60696,12,0,54,0,2018,2,9,5,3,5,2,0,0,1,0,0,0,1,0,7.77038E+20,5.8118E+21,1.30715E+16,5.23862E+16
60697,12,0,65,193,2018,1,11,2,2,5,3,0,0,1,0,0,0,0,1,7.9942E+20,5.86784E+21,1.34502E+16,5.28767E+16
60698,12,0,61,316,2018,3,15,7,2,9,6,0,0,1,0,1,0,0,0,8.33547E+20,5.76709E+21,1.38551E+16,5.19543E+16
60699,12,0,63,36,2018,1,16,1,3,8,7,2,0,1,0,0,0,0,1,7.70384E+20,5.83253E+21,1.29908E+16,5.25754E+16
60700,12,0,72,477,2018,2,16,2,3,5,3,0,1,1,0,0,0,0,0,8.03254E+20,5.79487E+21,1.34403E+16,5.22206E+16
60701,12,0,69,590,2018,1,12,1,3,3,6,0,0,1,0,0,0,0,0,7.71254E+20,5.80893E+21,1.29844E+16,5.23634E+16
60702,12,0,60,296,2018,2,6,4,3,9,1,2,0,1,0,0,0,0,0,8.31041E+20,5.87906E+21,1.39298E+16,5.29587E+16
60703,12,0,60,280,2018,2,10,5,2,8,1,0,0,1,0,0,0,0,0,8.23081E+20,5.84436E+21,1.37774E+16,5.26528E+16
60704,12,0,61,405,2018,1,10,1,2,8,1,0,0,1,0,0,0,0,0,8.22427E+20,5.77303E+21,1.36994E+16,5.20141E+16
60705,12,0,67,40,2018,2,15,6,3,2,6,0,0,1,0,0,0,0,0,8.54058E+20,5.8116E+21,1.41987E+16,5.23401E+16
60706,12,0,60,5,2018,2,15,7,3,2,6,0,0,1,0,0,0,0,0,8.06587E+20,5.83825E+21,1.35287E+16,5.26075E+16
60707,12,0,60,34,2018,3,14,4,3,2,6,0,0,1,0,0,0,0,1,8.26132E+20,5.85847E+21,1.38363E+16,5.27773E+16
60708,12,0,61,192,2018,2,19,7,3,9,1,2,0,1,0,0,0,0,0,8.20393E+20,5.79009E+21,1.36859E+16,5.21681E+16
60709,12,0,61,260,2018,2,18,1,3,5,3,2,1,1,0,0,0,0,0,8.1558E+20,5.80435E+21,1.3629E+16,5.22986E+16
60710,12,0,71,57,2018,1,0,1,3,8,1,2,0,1,0,0,0,0,1,8.64483E+20,5.74036E+21,1.42753E+16,5.16955E+16
60711,12,0,63,273,2018,2,19,2,3,1,6,2,0,1,0,0,0,0,0,7.6979E+20,5.83914E+21,1.29874E+16,5.26351E+16
60712,12,0,63,80,2018,3,13,2,3,5,3,0,1,1,0,0,0,0,1,7.78129E+20,5.83244E+21,1.31047E+16,5.25708E+16
60713,12,0,61,216,2018,2,10,4,2,2,6,0,0,0,0,0,1,0,0,8.18617E+20,5.77971E+21,1.36503E+16,5.20761E+16
60714,12,0,69,306,2018,2,11,4,3,2,6,0,0,1,0,0,0,0,0,7.54586E+20,5.80331E+21,1.27359E+16,5.2321E+16
60715,12,0,60,5,2018,1,18,1,3,2,6,2,0,1,0,0,0,0,0,8.1063E+20,5.83537E+21,1.35855E+16,5.25794E+16
60716,12,0,61,216,2018,3,18,6,2,9,1,2,0,1,0,0,0,0,0,8.23944E+20,5.78043E+21,1.37284E+16,5.20794E+16
60717,12,0,60,20,2018,2,17,5,3,2,6,2,0,1,0,0,0,0,0,8.11551E+20,5.84928E+21,1.36122E+16,5.27036E+16
60718,12,0,70,325,2018,1,22,1,1,8,1,2,0,1,0,0,0,0,1,7.0682E+20,5.90721E+21,1.21019E+16,5.32737E+16
60719,12,0,67,552,2018,2,16,2,3,8,1,0,0,1,0,0,0,0,1,8.83696E+20,5.79933E+21,1.46177E+16,5.22104E+16
60720,12,0,65,356,2018,1,8,1,2,9,1,0,0,1,0,0,0,0,1,7.83121E+20,5.88046E+21,1.32197E+16,5.29987E+16
60721,12,0,70,325,2018,2,10,3,2,9,1,0,0,1,0,0,0,0,2,7.0407E+20,5.90881E+21,1.20617E+16,5.32891E+16
60722,12,0,65,256,2018,2,12,5,3,2,6,0,0,1,0,0,0,0,0,7.86355E+20,5.85362E+21,1.32441E+16,5.27564E+16
60723,12,0,51,0,2018,3,14,5,3,5,3,0,1,1,0,0,0,0,0,7.41355E+20,5.81132E+21,1.25479E+16,5.23988E+16
60724,12,0,65,193,2018,1,16,1,3,4,6,2,0,1,0,0,0,0,1,7.88605E+20,5.86174E+21,1.32845E+16,5.2828E+16
60725,12,0,54,0,2018,2,21,5,2,6,4,2,0,1,1,0,0,0,0,7.75663E+20,5.81358E+21,1.30528E+16,5.24028E+16
60726,12,0,61,260,2018,2,15,2,3,2,6,0,0,1,0,0,0,0,0,8.1369E+20,5.80555E+21,1.36025E+16,5.23104E+16
60727,12,0,70,60,2018,1,12,1,3,8,1,0,0,1,0,0,0,0,1,6.78261E+20,5.8789E+21,1.16583E+16,5.30298E+16
60728,12,0,61,540,2018,2,13,3,3,5,3,0,0,1,0,0,0,0,0,8.16012E+20,5.80754E+21,1.36383E+16,5.23269E+16
60729,12,0,69,656,2018,1,20,7,3,3,6,2,0,1,0,0,0,0,0,7.61124E+20,5.80431E+21,1.28324E+16,5.23268E+16
60730,12,0,65,136,2018,2,18,6,3,5,2,2,0,1,0,0,0,0,0,7.84352E+20,5.8421E+21,1.32046E+16,5.26542E+16
60731,12,0,69,680,2018,2,11,6,2,4,2,0,0,1,0,0,0,1,0,7.3596E+20,5.79925E+21,1.24603E+16,5.22928E+16
60732,12,0,69,20,2018,3,10,3,2,5,3,0,1,1,0,0,0,0,0,7.45867E+20,5.78286E+21,1.25933E+16,5.21414E+16
60733,12,0,69,397,2018,2,5,7,3,9,1,2,0,0,0,0,1,0,1,7.74266E+20,5.80211E+21,1.30229E+16,5.23007E+16
60734,12,0,72,240,2018,1,6,7,2,8,7,1,0,1,0,0,0,0,1,7.94147E+20,5.80433E+21,1.33156E+16,5.23103E+16
60735,12,0,61,260,2018,2,8,2,2,8,1,0,0,1,0,0,0,0,2,8.21072E+20,5.80495E+21,1.37099E+16,5.23008E+16
60736,12,0,71,160,2018,3,8,2,2,5,2,0,1,1,0,0,0,0,0,8.91996E+20,5.77011E+21,1.47051E+16,5.19432E+16
60737,12,0,60,45,2018,2,22,4,2,8,1,2,0,1,0,0,0,0,0,8.27909E+20,5.8705E+21,1.38747E+16,5.2884E+16
60738,12,0,67,201,2018,2,8,4,2,2,2,0,0,1,0,0,1,0,1,8.31825E+20,5.81696E+21,1.38789E+16,5.24021E+16
60739,12,0,63,208,2018,1,17,7,3,6,4,2,0,1,1,0,0,0,0,7.69264E+20,5.82485E+21,1.2968E+16,5.25071E+16
60740,12,0,72,240,2018,3,11,5,3,5,2,0,0,1,0,0,0,0,0,7.86552E+20,5.80078E+21,1.32015E+16,5.22825E+16
60741,12,0,63,80,2018,1,22,7,2,5,3,2,0,1,0,0,0,0,1,7.79333E+20,5.83041E+21,1.31207E+16,5.2552E+16
60742,12,0,60,20,2018,2,17,1,3,8,1,1,0,1,0,0,0,0,1,8.08935E+20,5.84248E+21,1.35672E+16,5.26442E+16
60743,12,0,54,0,2018,1,11,7,3,2,6,0,0,1,0,0,0,0,1,7.68486E+20,5.81661E+21,1.295E+16,5.24337E+16
60744,12,0,63,80,2018,2,8,2,3,1,6,0,0,1,0,0,1,0,0,7.80537E+20,5.83105E+21,1.3139E+16,5.25571E+16
60745,12,0,64,370,2018,3,1,5,1,8,1,2,0,1,0,0,0,0,1,8.43074E+20,5.83854E+21,1.40658E+16,5.25884E+16
60746,12,0,71,244,2018,1,14,7,2,2,6,0,0,1,0,0,0,0,0,8.62731E+20,5.74336E+21,1.42532E+16,5.17235E+16
60747,12,0,68,324,2018,2,14,5,2,5,2,0,1,1,0,0,0,0,0,7.31999E+20,5.86031E+21,1.2445E+16,5.28425E+16
60748,12,0,72,340,2018,2,11,5,3,0,7,0,0,1,0,1,0,0,0,8.04774E+20,5.80122E+21,1.34682E+16,5.22766E+16
60749,12,0,54,0,2018,2,11,6,3,1,6,0,0,1,0,0,0,1,0,7.71488E+20,5.81671E+21,1.29941E+16,5.2433E+16
60750,12,0,71,304,2018,1,10,7,2,6,4,0,0,1,1,0,0,0,0,8.73397E+20,5.75823E+21,1.44229E+16,5.18496E+16
60751,12,0,54,0,2018,3,15,1,3,2,6,0,0,1,0,0,0,0,0,7.76253E+20,5.81263E+21,1.30607E+16,5.23941E+16
60752,12,0,66,272,2018,2,9,3,3,9,1,0,0,1,0,0,0,0,1,8.37896E+20,5.71164E+21,1.38644E+16,5.14549E+16
60753,12,0,73,532,2018,2,6,6,3,5,2,1,1,1,0,0,0,0,0,8.5298E+20,5.89247E+21,1.42697E+16,5.30648E+16
60754,12,0,62,410,2018,3,18,3,3,8,1,2,0,1,0,0,0,0,2,8.1023E+20,5.70696E+21,1.34634E+16,5.14288E+16
60755,12,0,65,198,2018,2,5,7,3,2,6,2,0,1,0,0,0,0,0,7.82683E+20,5.86268E+21,1.31977E+16,5.28396E+16
60756,12,0,60,269,2018,1,17,7,2,2,6,2,0,1,0,0,0,0,1,8.06541E+20,5.85446E+21,1.35431E+16,5.27529E+16
60757,12,0,65,36,2018,2,9,2,3,2,6,0,0,1,0,0,0,0,2,7.89267E+20,5.84631E+21,1.32807E+16,5.26893E+16
60758,12,0,64,380,2018,3,12,2,3,5,3,0,1,1,0,0,0,0,0,8.28005E+20,5.83279E+21,1.38385E+16,5.25461E+16
60759,12,0,69,590,2018,2,23,3,2,8,1,2,0,1,0,0,0,0,0,7.64292E+20,5.80254E+21,1.28774E+16,5.23095E+16
60760,12,0,54,0,2018,2,8,3,3,5,2,0,0,1,0,0,1,0,1,7.76423E+20,5.81246E+21,1.3063E+16,5.23924E+16
60761,12,0,60,5,2018,1,16,7,2,0,6,1,0,1,0,0,0,0,2,8.10951E+20,5.83852E+21,1.35932E+16,5.26075E+16
60762,12,0,60,45,2018,3,19,5,3,7,7,2,0,1,0,0,0,0,0,8.27427E+20,5.86749E+21,1.38645E+16,5.28573E+16
60763,12,0,60,52,2018,1,14,7,3,9,1,0,0,1,0,0,0,0,0,8.26273E+20,5.86403E+21,1.3844E+16,5.2827E+16
60764,12,0,67,201,2018,2,2,1,2,9,1,2,0,1,0,0,0,0,1,8.26967E+20,5.81814E+21,1.38089E+16,5.24155E+16
60765,12,0,60,5,2018,1,11,7,3,5,3,0,1,1,0,0,0,0,1,8.12132E+20,5.83809E+21,1.36102E+16,5.26029E+16
60766,12,0,68,181,2018,2,16,2,3,2,6,0,0,1,0,0,0,0,0,7.22676E+20,5.89658E+21,1.23318E+16,5.3172E+16
60767,12,0,69,402,2018,3,6,4,3,9,1,0,0,1,0,0,0,0,2,7.63169E+20,5.78501E+21,1.28473E+16,5.21527E+16
60768,12,0,64,380,2018,2,16,3,3,5,3,0,0,1,0,0,0,0,0,8.27251E+20,5.83199E+21,1.38266E+16,5.25395E+16
60769,12,0,64,428,2018,1,19,7,3,2,6,2,0,1,0,0,0,0,0,8.2439E+20,5.82669E+21,1.37794E+16,5.24937E+16
60770,12,0,73,572,2018,2,5,4,3,5,3,2,1,1,0,0,0,0,0,8.00845E+20,5.89521E+21,1.34967E+16,5.31213E+16
60771,12,0,52,0,2018,2,11,5,3,2,6,0,0,1,0,0,0,0,0,8.68184E+20,5.74564E+21,1.43342E+16,5.17404E+16
60772,12,0,70,416,2018,2,10,6,2,5,3,0,0,1,0,0,0,0,1,6.8576E+20,5.8784E+21,1.17697E+16,5.30228E+16
60773,12,0,72,17,2018,1,11,6,3,2,6,0,0,1,0,0,0,0,0,7.96649E+20,5.80419E+21,1.33521E+16,5.23078E+16
60774,12,0,65,136,2018,3,12,1,3,4,2,0,1,1,0,0,0,0,0,7.84593E+20,5.84062E+21,1.32068E+16,5.26407E+16
60775,12,0,67,144,2018,2,11,3,3,5,3,0,0,1,0,0,0,1,0,8.45449E+20,5.81146E+21,1.40727E+16,5.23443E+16
60776,12,0,72,240,2018,1,7,6,3,6,2,1,0,1,1,0,0,0,0,7.89518E+20,5.8038E+21,1.32475E+16,5.2308E+16
60777,12,0,72,120,2018,2,8,4,3,2,6,0,0,1,0,0,0,0,0,7.9339E+20,5.81188E+21,1.33111E+16,5.23784E+16
60778,12,0,61,112,2018,2,9,1,3,5,3,0,0,1,0,0,0,0,0,8.14746E+20,5.81202E+21,1.3624E+16,5.23678E+16
60779,12,0,63,274,2018,1,23,6,3,9,1,2,0,1,0,0,0,0,1,7.2755E+20,5.84392E+21,1.23677E+16,5.26973E+16
60780,12,0,69,397,2018,2,20,6,2,4,7,1,0,1,0,0,0,0,0,7.75185E+20,5.80555E+21,1.30392E+16,5.23311E+16
60781,12,0,53,0,2018,2,7,3,3,5,3,0,0,1,0,0,1,0,2,8.74998E+20,5.81272E+21,1.45059E+16,5.23362E+16
60782,12,0,69,604,2018,1,23,6,3,9,1,2,0,1,0,0,0,0,1,7.839E+20,5.80634E+21,1.31674E+16,5.23338E+16
60783,12,0,60,20,2018,3,6,5,2,4,6,0,0,1,0,0,0,0,0,8.03623E+20,5.85189E+21,1.34976E+16,5.27315E+16
60784,12,0,54,0,2018,1,11,6,3,2,6,0,0,1,0,0,0,0,0,7.73294E+20,5.81093E+21,1.30159E+16,5.23803E+16
60785,12,0,66,52,2018,2,17,7,2,6,6,1,0,1,1,0,0,0,0,8.35977E+20,5.74058E+21,1.38646E+16,5.17153E+16
60786,12,0,61,329,2018,1,15,6,3,8,1,0,0,1,0,0,0,0,0,8.46828E+20,5.77004E+21,1.40506E+16,5.19726E+16
60787,12,0,73,579,2018,2,9,1,3,8,1,0,0,1,0,0,0,0,2,8.20496E+20,5.93773E+21,1.38323E+16,5.34907E+16
60788,12,0,62,500,2018,3,5,4,3,0,1,2,0,1,0,0,0,0,2,7.99026E+20,5.7262E+21,1.3319E+16,5.16072E+16
60789,12,0,72,340,2018,2,10,2,3,5,3,0,0,1,0,0,0,1,0,8.04646E+20,5.80128E+21,1.34664E+16,5.22772E+16
60790,12,0,62,500,2018,1,14,6,3,5,3,0,1,0,0,0,0,1,0,7.97462E+20,5.72448E+21,1.3295E+16,5.15927E+16
60791,12,0,54,0,2018,2,7,3,3,1,6,0,0,1,0,0,0,0,1,7.75708E+20,5.81276E+21,1.30528E+16,5.23955E+16
60792,12,0,69,474,2018,3,20,2,3,9,7,2,0,0,0,0,1,0,0,7.55066E+20,5.78053E+21,1.27257E+16,5.21163E+16
60793,12,0,67,473,2018,2,16,5,3,8,1,0,0,1,0,0,0,0,0,8.42893E+20,5.82316E+21,1.40473E+16,5.24507E+16
60794,12,0,60,269,2018,2,10,5,2,3,1,0,0,1,0,0,1,0,0,7.98134E+20,5.84383E+21,1.34093E+16,5.26623E+16
60795,12,0,62,293,2018,1,12,6,1,4,6,0,0,1,0,0,0,0,0,8.32248E+20,5.7294E+21,1.38002E+16,5.16174E+16
60796,12,0,67,469,2018,3,16,7,3,8,7,0,0,1,0,0,0,0,0,8.35842E+20,5.80726E+21,1.3928E+16,5.23127E+16
60797,12,0,71,372,2018,1,16,6,3,5,3,0,1,1,0,0,0,0,1,8.71585E+20,5.72747E+21,1.43639E+16,5.15755E+16
60798,12,0,72,426,2018,2,7,2,3,2,2,1,0,1,0,0,1,1,2,7.89443E+20,5.79732E+21,1.32408E+16,5.225E+16
60799,12,0,71,301,2018,1,23,6,3,9,1,2,0,1,0,0,0,0,1,8.77309E+20,5.74984E+21,1.44703E+16,5.17719E+16
60800,12,0,68,501,2018,2,5,4,2,9,1,1,0,1,0,0,0,0,0,7.24001E+20,5.86325E+21,1.23285E+16,5.28723E+16
60801,12,0,67,237,2018,1,11,6,3,2,6,0,0,1,0,0,0,1,1,8.65255E+20,5.81036E+21,1.4361E+16,5.23217E+16
60802,12,0,64,408,2018,2,13,6,3,5,2,0,0,1,0,0,0,0,0,8.35614E+20,5.82594E+21,1.39434E+16,5.24801E+16
60803,12,0,65,251,2018,2,9,7,2,8,7,0,0,1,0,0,1,0,0,7.74852E+20,5.84714E+21,1.30687E+16,5.27042E+16
60804,12,0,69,485,2018,3,18,3,3,8,1,2,0,1,0,0,0,0,2,7.46291E+20,5.76937E+21,1.25898E+16,5.20202E+16
60805,12,0,62,453,2018,2,17,7,1,9,1,2,0,0,1,0,0,1,1,8.11305E+20,5.72582E+21,1.34955E+16,5.15972E+16
60806,12,0,60,5,2018,2,0,1,3,8,7,2,0,1,0,0,0,0,0,8.11628E+20,5.8381E+21,1.36028E+16,5.26033E+16
60807,12,0,67,237,2018,1,14,6,2,2,6,0,0,1,0,0,1,0,0,8.63729E+20,5.81034E+21,1.43387E+16,5.23225E+16
60808,12,0,54,0,2018,2,8,2,3,5,2,0,0,1,0,0,0,0,0,7.75344E+20,5.81733E+21,1.30512E+16,5.24367E+16
60809,12,0,69,656,2018,3,7,2,3,0,1,0,1,0,0,0,0,0,2,7.67693E+20,5.81025E+21,1.29333E+16,5.2377E+16
60810,12,0,61,260,2018,2,13,4,3,2,6,0,0,1,0,0,0,1,0,8.16145E+20,5.80093E+21,1.36341E+16,5.22677E+16
60811,12,0,73,532,2018,2,16,4,3,2,6,2,0,1,0,0,0,0,1,8.53687E+20,5.89249E+21,1.42802E+16,5.30645E+16
60812,12,0,64,268,2018,3,7,4,2,9,1,0,0,1,0,0,0,0,1,8.72249E+20,5.82138E+21,1.44753E+16,5.24156E+16
60813,12,0,70,316,2018,3,14,7,3,8,1,0,0,0,0,0,0,1,2,7.21316E+20,5.89698E+21,1.23118E+16,5.31761E+16
60814,12,0,64,428,2018,3,10,4,3,2,6,0,0,1,0,0,0,0,0,8.25376E+20,5.8276E+21,1.37948E+16,5.25012E+16
60815,12,0,69,696,2018,3,8,3,3,9,1,0,0,0,0,0,0,1,2,7.30264E+20,5.79637E+21,1.23749E+16,5.22694E+16
60816,12,0,60,52,2018,3,12,4,3,2,6,0,0,1,0,0,0,1,0,8.22082E+20,5.86494E+21,1.37829E+16,5.28377E+16
60817,12,0,67,408,2018,4,2,4,1,2,6,2,0,1,0,0,1,0,0,8.43071E+20,5.80947E+21,1.40359E+16,5.2328E+16
60818,12,0,69,306,2018,3,7,3,2,8,6,0,0,1,0,0,0,0,2,7.46752E+20,5.80558E+21,1.26228E+16,5.23449E+16
60819,12,0,63,36,2018,3,17,1,3,2,6,0,0,1,0,0,0,0,0,7.70047E+20,5.83244E+21,1.29857E+16,5.25749E+16
60820,12,0,67,124,2018,4,15,2,3,0,7,0,0,0,0,1,0,0,0,8.23055E+20,5.81888E+21,1.37523E+16,5.24245E+16
60821,12,0,69,590,2018,3,12,3,3,2,6,0,0,0,0,0,1,1,1,7.64838E+20,5.80215E+21,1.2885E+16,5.23057E+16
60822,12,0,63,273,2018,3,10,3,2,8,1,0,0,1,0,0,0,0,2,7.80652E+20,5.83575E+21,1.31446E+16,5.25991E+16
60823,12,0,72,312,2018,3,18,5,3,2,6,0,0,1,0,0,0,0,0,7.73312E+20,5.78362E+21,1.29941E+16,5.21353E+16
60824,12,0,69,304,2018,3,10,3,3,4,6,0,0,1,0,0,0,0,2,7.87611E+20,5.81417E+21,1.32284E+16,5.2402E+16
60825,12,0,54,0,2018,3,11,3,3,2,6,0,0,1,0,0,0,0,2,7.75366E+20,5.81726E+21,1.30515E+16,5.24361E+16
60826,12,0,72,120,2018,3,13,3,3,2,6,0,0,1,0,0,0,0,0,7.97048E+20,5.81117E+21,1.33641E+16,5.23701E+16
60827,12,0,63,357,2018,4,14,3,2,4,2,0,0,0,0,1,1,0,0,7.69655E+20,5.82828E+21,1.29766E+16,5.25377E+16
60828,12,0,69,665,2018,3,18,3,3,4,6,2,0,1,0,0,0,0,1,7.36012E+20,5.77647E+21,1.24452E+16,5.20884E+16
60829,12,0,65,144,2018,3,13,4,1,2,6,0,0,1,0,0,1,0,1,7.84239E+20,5.84761E+21,1.32076E+16,5.27036E+16
60830,12,0,65,136,2018,4,13,4,3,2,6,0,0,1,0,0,0,0,0,7.8447E+20,5.83858E+21,1.32033E+16,5.26225E+16
60831,12,0,69,306,2018,3,8,3,3,8,1,0,0,1,0,0,0,0,2,7.56978E+20,5.80137E+21,1.27694E+16,5.23025E+16
60832,12,0,72,232,2018,3,15,6,2,4,1,0,0,1,0,0,0,0,1,7.87627E+20,5.77724E+21,1.31973E+16,5.20709E+16
60833,12,0,60,5,2018,3,10,1,2,8,1,0,0,1,0,0,0,0,0,8.1188E+20,5.8379E+21,1.36063E+16,5.26014E+16
60834,12,0,54,0,2018,3,16,6,3,2,6,0,0,1,0,0,0,0,1,7.7935E+20,5.81109E+21,1.31048E+16,5.23787E+16
60835,12,0,62,461,2018,4,4,1,2,5,3,2,0,1,0,0,0,0,0,7.90465E+20,5.74239E+21,1.32092E+16,5.1757E+16
60836,12,0,71,244,2018,3,6,3,3,2,6,0,0,1,0,0,0,1,0,8.61962E+20,5.74624E+21,1.42451E+16,5.17498E+16
60837,12,0,73,93,2018,3,8,3,3,9,1,0,0,1,0,0,0,0,2,8.37482E+20,5.92361E+21,1.40722E+16,5.33536E+16
60838,12,0,67,469,2018,3,6,5,3,2,6,0,0,1,0,0,0,0,1,8.37044E+20,5.80724E+21,1.39455E+16,5.23118E+16
60839,12,0,60,269,2018,3,8,3,2,4,1,0,0,0,0,0,1,1,2,7.99384E+20,5.85689E+21,1.34396E+16,5.27787E+16
60840,12,0,60,20,2018,3,21,3,3,4,6,2,1,0,0,0,0,0,1,8.10898E+20,5.84765E+21,1.3601E+16,5.26893E+16
60841,12,0,61,260,2018,3,17,3,2,0,3,0,1,1,0,0,0,0,0,8.17542E+20,5.80306E+21,1.36565E+16,5.22859E+16
60842,12,0,66,285,2018,4,9,3,1,4,1,0,0,0,0,0,1,1,1,8.40621E+20,5.71756E+21,1.39092E+16,5.15063E+16
60843,12,0,67,440,2018,3,14,3,3,6,4,0,0,0,1,0,0,1,1,8.18803E+20,5.82475E+21,1.36955E+16,5.24796E+16
60844,12,0,65,136,2018,3,9,3,3,2,6,0,0,0,0,0,1,1,2,7.86009E+20,5.84107E+21,1.32281E+16,5.26441E+16
60845,12,0,66,272,2018,3,5,7,3,3,6,2,0,1,0,0,0,0,1,8.35046E+20,5.70863E+21,1.38207E+16,5.14296E+16
60846,12,0,65,198,2018,3,8,3,3,9,1,0,0,1,0,0,0,0,2,7.86177E+20,5.86966E+21,1.32555E+16,5.29002E+16
60847,12,0,68,306,2018,3,7,3,2,4,6,0,0,1,0,0,0,1,1,7.51672E+20,5.87096E+21,1.27447E+16,5.29292E+16
60848,12,0,65,251,2018,3,9,5,2,8,7,0,0,1,0,0,0,0,1,7.78562E+20,5.84112E+21,1.31184E+16,5.26484E+16
60849,12,0,68,320,2018,3,10,3,3,4,6,0,0,1,0,0,0,0,2,7.57712E+20,5.8702E+21,1.28338E+16,5.29195E+16
60850,12,0,64,44,2018,4,22,1,3,0,7,2,1,0,0,0,0,0,1,8.40953E+20,5.85928E+21,1.40561E+16,5.27754E+16
60851,12,0,69,590,2018,3,6,2,2,2,6,0,0,0,0,1,0,1,0,7.69605E+20,5.80162E+21,1.29544E+16,5.22987E+16
60852,12,0,69,397,2018,3,15,2,3,2,6,0,0,0,0,0,1,0,0,7.75538E+20,5.80208E+21,1.30415E+16,5.22998E+16
60853,12,0,53,0,2018,3,12,5,2,5,2,0,0,1,0,0,0,0,1,8.72769E+20,5.81395E+21,1.44747E+16,5.23488E+16
60854,12,0,69,590,2018,3,9,2,3,3,6,0,0,1,0,0,0,1,0,7.72413E+20,5.8073E+21,1.3E+16,5.23482E+16
60855,12,0,68,181,2018,3,9,3,3,8,1,0,0,1,0,0,0,0,2,7.26481E+20,5.89404E+21,1.23869E+16,5.31475E+16
60856,12,0,60,5,2018,4,17,3,3,3,2,0,1,0,0,0,0,1,0,8.10202E+20,5.83497E+21,1.35788E+16,5.25761E+16
60857,12,0,54,0,2018,3,14,2,2,4,6,0,0,1,0,0,1,0,0,7.75104E+20,5.81788E+21,1.30481E+16,5.24417E+16
60858,12,0,51,0,2018,3,15,2,3,2,6,0,0,1,0,0,0,0,0,7.40093E+20,5.81304E+21,1.25306E+16,5.24148E+16
60859,12,0,60,20,2018,3,15,7,3,5,3,0,1,1,0,0,0,0,1,8.09077E+20,5.8459E+21,1.35725E+16,5.26746E+16