OBJECTID_1,ULAND,UREGBEZ,UKREIS,UGEMEINDE,UJAHR,UMONAT,USTUNDE,UWOCHENTAG,UKATEGORIE,UART,UTYP1,ULICHTVERH,IstRad,IstPKW,IstFuss,IstKrad,IstGkfz,IstSonstig,STRZUSTAND,LINREFX,LINREFY,XGCSWGS84,YGCSWGS84
60860,12,0,62,24,2018,3,17,2,2,7,1,0,0,1,0,0,0,0,0,8.07425E+20,5.7161E+21,1.34311E+16,5.15122E+16
60861,12,0,52,0,2018,3,14,2,3,5,2,0,0,1,0,0,0,0,0,8.67541E+20,5.74829E+21,1.43277E+16,5.17645E+16
60862,12,0,61,433,2018,3,17,4,2,2,6,0,0,1,0,0,0,0,1,8.11907E+20,5.80646E+21,1.35773E+16,5.23196E+16
60863,12,0,64,29,2018,3,21,2,2,5,3,2,0,1,0,0,0,0,0,8.21064E+20,5.83344E+21,1.37371E+16,5.25561E+16
60864,12,0,65,225,2018,3,6,2,3,4,6,0,0,0,0,0,1,1,0,7.94926E+20,5.84785E+21,1.33656E+16,5.27001E+16
60865,12,0,65,84,2018,3,15,2,2,6,4,0,0,1,1,0,0,0,0,7.76933E+20,5.90083E+21,1.31452E+16,5.31846E+16
60866,12,0,66,52,2018,3,21,2,3,8,7,2,0,0,0,0,1,0,0,8.35606E+20,5.74547E+21,1.38639E+16,5.17594E+16
60867,12,0,65,193,2018,4,9,3,3,5,3,0,0,1,0,0,1,0,0,7.95754E+20,5.86702E+21,1.33951E+16,5.28714E+16
60868,12,0,69,345,2018,3,17,1,3,5,3,0,0,1,0,0,0,0,0,7.58966E+20,5.78502E+21,1.2786E+16,5.21548E+16
60869,12,0,54,0,2018,3,13,6,3,5,2,0,0,1,0,0,0,0,1,7.75657E+20,5.81604E+21,1.30547E+16,5.24249E+16
60870,12,0,61,433,2018,3,4,1,3,1,5,2,0,1,0,0,0,0,2,8.0966E+20,5.81123E+21,1.35488E+16,5.23637E+16
60871,12,0,71,244,2018,3,16,6,3,4,1,0,0,1,0,1,0,0,0,8.57797E+20,5.74794E+21,1.41867E+16,5.17677E+16
60872,12,0,66,226,2018,3,5,1,2,4,6,2,0,1,0,0,0,0,2,8.5464E+20,5.72881E+21,1.41217E+16,5.15984E+16
60873,12,0,66,285,2018,3,14,1,3,8,1,0,0,1,0,0,0,0,2,8.37685E+20,5.71734E+21,1.38668E+16,5.1506E+16
60874,12,0,67,201,2018,3,15,4,3,2,6,0,0,1,0,0,0,0,1,8.28036E+20,5.81836E+21,1.38247E+16,5.24169E+16
60875,12,0,60,20,2018,4,11,4,3,4,6,0,0,1,0,0,1,0,0,8.09242E+20,5.84385E+21,1.3573E+16,5.26562E+16
60876,12,0,62,24,2018,3,14,1,3,9,1,0,0,1,0,0,0,0,2,8.04738E+20,5.71303E+21,1.33899E+16,5.14861E+16
60877,12,0,63,208,2018,3,4,6,3,9,1,2,0,1,0,0,0,0,1,7.57208E+20,5.8333E+21,1.27974E+16,5.25888E+16
60878,12,0,69,680,2018,3,11,1,3,5,3,0,0,1,0,0,0,0,0,7.3611E+20,5.79896E+21,1.24623E+16,5.22902E+16
60879,12,0,61,332,2018,3,10,6,3,2,2,0,0,1,0,0,0,0,1,8.10277E+20,5.80298E+21,1.35503E+16,5.22893E+16
60880,12,0,63,212,2018,4,19,1,3,9,1,1,0,1,0,0,0,0,1,7.37557E+20,5.82905E+21,1.25048E+16,5.25595E+16
60881,12,0,64,44,2018,3,14,1,3,3,6,0,0,1,0,0,0,0,0,8.41911E+20,5.86566E+21,1.40769E+16,5.28319E+16
60882,12,0,65,96,2018,3,6,1,3,8,7,0,0,1,0,0,0,0,0,7.92706E+20,5.8399E+21,1.33258E+16,5.263E+16
60883,12,0,61,450,2018,3,6,5,3,8,7,1,0,1,0,0,0,0,1,8.50566E+20,5.77274E+21,1.41075E+16,5.19944E+16
60884,12,0,69,89,2018,3,7,7,3,8,1,0,0,0,0,0,1,0,2,7.25767E+20,5.79412E+21,1.23076E+16,5.22511E+16
60885,12,0,70,302,2018,3,18,7,3,5,3,0,0,1,0,0,0,0,0,7.01679E+20,5.87835E+21,1.20067E+16,5.30166E+16
60886,12,0,60,24,2018,4,12,2,2,2,6,0,0,1,0,0,0,0,0,8.10546E+20,5.85994E+21,1.36074E+16,5.27997E+16
60887,12,0,63,244,2018,3,8,7,3,8,7,0,0,1,0,0,0,0,0,7.25669E+20,5.82849E+21,1.23294E+16,5.25596E+16
60888,12,0,69,604,2018,3,20,7,3,0,6,2,0,1,0,0,0,0,0,7.84735E+20,5.8118E+21,1.31843E+16,5.23823E+16
60889,12,0,68,117,2018,3,11,6,3,2,6,0,0,1,0,0,0,0,0,7.57875E+20,5.85505E+21,1.28242E+16,5.27836E+16
60890,12,0,54,0,2018,3,7,7,3,0,7,0,1,0,0,0,0,0,0,7.74923E+20,5.81861E+21,1.30461E+16,5.24484E+16
60891,12,0,69,648,2018,3,11,7,3,8,1,0,0,1,0,0,0,0,2,7.35807E+20,5.79949E+21,1.24582E+16,5.2295E+16
60892,12,0,65,136,2018,3,9,4,3,5,3,0,1,1,0,0,0,0,1,7.8599E+20,5.8395E+21,1.32265E+16,5.263E+16
60893,12,0,72,120,2018,4,9,3,2,9,1,0,0,1,0,0,0,0,1,7.93389E+20,5.81188E+21,1.33111E+16,5.23784E+16
60894,12,0,69,17,2018,3,18,7,2,5,3,1,0,1,0,0,0,0,0,7.66611E+20,5.79225E+21,1.29032E+16,5.2216E+16
60895,12,0,69,304,2018,3,22,6,3,5,3,2,1,1,0,0,0,0,1,7.88029E+20,5.81462E+21,1.3235E+16,5.24058E+16
60896,12,0,65,165,2018,3,20,1,3,3,6,2,0,1,0,0,0,0,0,7.66318E+20,5.84886E+21,1.29441E+16,5.27239E+16
60897,12,0,60,68,2018,4,12,1,3,9,1,0,0,1,0,0,0,0,2,8.23906E+20,5.88706E+21,1.38319E+16,5.30348E+16
60898,12,0,61,20,2018,3,8,7,3,3,6,0,0,1,0,0,1,0,2,8.13648E+20,5.79673E+21,1.35937E+16,5.22314E+16
60899,12,0,66,52,2018,3,15,7,3,8,1,0,0,1,0,0,0,0,2,8.35188E+20,5.74474E+21,1.38572E+16,5.17531E+16
60900,12,0,64,340,2018,3,9,5,3,9,1,0,0,1,0,0,0,0,1,8.50628E+20,5.84153E+21,1.418E+16,5.26104E+16
60901,12,0,66,202,2018,3,11,7,3,8,1,0,0,1,0,0,0,0,2,8.47331E+20,5.73875E+21,1.40265E+16,5.1692E+16
60902,12,0,64,448,2018,3,11,3,3,8,1,0,0,0,0,1,0,0,0,8.67488E+20,5.83484E+21,1.44205E+16,5.25393E+16
60903,12,0,62,177,2018,4,8,3,3,9,1,0,0,1,0,0,0,0,1,8.22486E+20,5.71964E+21,1.36507E+16,5.15355E+16
60904,12,0,62,445,2018,3,14,7,3,8,1,0,0,1,0,0,0,0,2,8.05363E+20,5.74042E+21,1.34227E+16,5.17313E+16
60905,12,0,69,656,2018,3,13,3,3,5,3,0,0,1,0,0,0,0,0,7.60195E+20,5.81214E+21,1.28248E+16,5.23976E+16
60906,12,0,54,0,2018,4,18,3,3,4,6,0,1,0,0,0,0,0,0,7.76876E+20,5.81361E+21,1.30706E+16,5.24026E+16
60907,12,0,62,445,2018,3,10,7,3,8,1,0,0,1,0,0,0,0,2,8.05395E+20,5.74047E+21,1.34232E+16,5.17318E+16
60908,12,0,71,57,2018,3,15,7,2,4,1,0,0,1,0,0,0,0,2,8.626E+20,5.73724E+21,1.42449E+16,5.16688E+16
60909,12,0,68,320,2018,4,17,1,2,9,1,0,0,1,0,0,0,0,2,7.53157E+20,5.88047E+21,1.27742E+16,5.30138E+16
60910,12,0,71,294,2018,3,15,7,2,8,1,0,0,1,0,0,0,0,2,8.86273E+20,5.73669E+21,1.4585E+16,5.16482E+16
60911,12,0,60,52,2018,3,13,7,2,5,2,0,0,1,0,0,0,0,0,8.25725E+20,5.86217E+21,1.3834E+16,5.28107E+16
60912,12,0,70,325,2018,3,4,5,3,8,1,2,0,0,0,0,0,1,2,7.02739E+20,5.90923E+21,1.20421E+16,5.32934E+16
60913,12,0,69,604,2018,3,16,6,2,8,6,0,0,1,0,0,0,1,2,7.82432E+20,5.81119E+21,1.315E+16,5.2378E+16
60914,12,0,69,596,2018,3,16,2,3,2,6,0,0,1,0,0,0,0,0,7.73447E+20,5.79976E+21,1.30091E+16,5.22801E+16
60915,12,0,64,227,2018,3,20,6,3,3,2,2,0,1,0,0,0,0,0,8.1402E+20,5.83051E+21,1.36308E+16,5.2534E+16
60916,12,0,60,280,2018,3,6,7,2,9,1,1,0,1,0,0,0,0,0,8.20525E+20,5.84166E+21,1.37371E+16,5.263E+16
60917,12,0,64,190,2018,4,16,3,3,8,1,0,0,1,0,0,0,0,0,8.63031E+20,5.83682E+21,1.43572E+16,5.256E+16
60918,12,0,69,454,2018,3,17,6,2,8,1,1,0,1,0,0,0,0,2,7.81113E+20,5.80628E+21,1.31266E+16,5.23347E+16
60919,12,0,72,120,2018,3,22,6,3,8,1,2,0,1,0,0,0,0,2,7.91697E+20,5.8086E+21,1.32835E+16,5.235E+16
60920,12,0,68,468,2018,3,18,7,2,8,1,0,0,1,0,0,0,0,1,7.34305E+20,5.88883E+21,1.24998E+16,5.30974E+16
60921,12,0,69,604,2018,3,10,6,3,0,3,0,0,0,0,0,0,1,1,7.85489E+20,5.81218E+21,1.31956E+16,5.23853E+16
60922,12,0,69,590,2018,3,17,6,3,4,1,1,0,1,0,0,0,0,2,7.70292E+20,5.80508E+21,1.29672E+16,5.23293E+16
60923,12,0,54,0,2018,3,11,6,3,0,1,0,1,0,0,0,0,0,1,7.7612E+20,5.8127E+21,1.30588E+16,5.23948E+16
60924,12,0,62,224,2018,3,13,7,3,9,7,0,0,1,0,0,0,0,0,7.92263E+20,5.73446E+21,1.32285E+16,5.16849E+16
60925,12,0,54,0,2018,3,20,6,2,0,6,2,0,1,0,1,0,0,2,7.75319E+20,5.81739E+21,1.30509E+16,5.24372E+16
60926,12,0,54,0,2018,3,19,6,3,2,6,2,0,1,0,0,0,0,2,7.75321E+20,5.81739E+21,1.30509E+16,5.24372E+16
60927,12,0,72,477,2018,3,9,4,3,1,6,0,0,1,0,0,0,1,1,8.03082E+20,5.79489E+21,1.34378E+16,5.22209E+16
60928,12,0,66,285,2018,3,20,6,3,8,1,2,0,1,0,0,0,0,2,8.40372E+20,5.72092E+21,1.39089E+16,5.15365E+16
60929,12,0,61,316,2018,3,12,2,3,2,2,0,0,1,0,0,0,0,0,8.37929E+20,5.7667E+21,1.39182E+16,5.19481E+16
60930,12,0,64,512,2018,3,7,6,2,3,6,0,0,1,0,0,0,0,1,8.43392E+20,5.84839E+21,1.40807E+16,5.26763E+16
60931,12,0,63,244,2018,4,15,2,2,0,7,0,1,0,0,0,0,0,0,7.25443E+20,5.82582E+21,1.23242E+16,5.25357E+16
60932,12,0,66,272,2018,3,20,6,2,0,1,2,0,1,0,0,0,0,2,8.39364E+20,5.71142E+21,1.38853E+16,5.1452E+16
60933,12,0,62,410,2018,3,6,6,2,8,1,0,0,1,0,0,0,0,1,8.10883E+20,5.70517E+21,1.34712E+16,5.14123E+16
60934,12,0,61,164,2018,3,23,6,3,8,1,2,0,1,0,0,0,0,2,8.1548E+20,5.76572E+21,1.35918E+16,5.19525E+16
60935,12,0,68,117,2018,3,9,6,2,9,1,0,0,1,0,0,0,0,0,7.5783E+20,5.85309E+21,1.2822E+16,5.2766E+16
60936,12,0,71,44,2018,3,17,6,3,4,1,0,0,1,0,0,0,1,2,8.86154E+20,5.73425E+21,1.45806E+16,5.16264E+16
60937,12,0,64,136,2018,3,14,6,3,2,6,0,0,1,0,0,0,1,1,8.21734E+20,5.83217E+21,1.37457E+16,5.25443E+16
60938,12,0,67,473,2018,3,9,4,2,8,1,0,0,0,0,0,1,0,1,8.51884E+20,5.82664E+21,1.41827E+16,5.24762E+16
60939,12,0,67,440,2018,3,19,6,2,1,5,2,0,1,0,1,0,0,0,8.19479E+20,5.82463E+21,1.37053E+16,5.24781E+16
60940,12,0,67,144,2018,4,11,4,3,5,2,0,0,1,0,0,1,0,0,8.47409E+20,5.81249E+21,1.41024E+16,5.23524E+16
60941,12,0,64,472,2018,3,15,6,3,5,2,0,0,1,0,0,0,0,1,8.29365E+20,5.83461E+21,1.38603E+16,5.25616E+16
60942,12,0,65,256,2018,3,16,6,3,8,1,0,0,1,0,0,0,0,0,7.96447E+20,5.85846E+21,1.33976E+16,5.27943E+16
60943,12,0,73,532,2018,3,7,4,2,8,7,0,0,1,0,0,0,0,0,8.53784E+20,5.89242E+21,1.42816E+16,5.30639E+16
60944,12,0,67,469,2018,4,20,4,2,2,6,2,0,1,0,0,0,1,0,8.24152E+20,5.81223E+21,1.37619E+16,5.23643E+16
60945,12,0,65,256,2018,3,12,6,3,2,2,0,0,1,0,0,0,1,0,7.83596E+20,5.85759E+21,1.32068E+16,5.27934E+16
60946,12,0,63,56,2018,3,12,1,2,9,1,0,0,0,0,1,0,0,0,7.74133E+20,5.82812E+21,1.30423E+16,5.2534E+16
60947,12,0,67,144,2018,3,9,6,3,2,6,0,0,1,0,0,0,0,0,8.45583E+20,5.81104E+21,1.40742E+16,5.23405E+16
60948,12,0,67,120,2018,4,10,2,2,8,1,0,0,1,0,0,0,0,0,8.82677E+20,5.79044E+21,1.45929E+16,5.21316E+16
60949,12,0,68,320,2018,3,13,6,2,5,3,0,1,1,0,0,0,0,0,7.547E+20,5.87014E+21,1.2789E+16,5.29204E+16
60950,12,0,69,306,2018,3,12,5,3,2,6,0,0,1,0,0,1,0,0,7.54602E+20,5.80541E+21,1.27377E+16,5.23398E+16
60951,12,0,69,306,2018,3,14,5,3,2,6,0,0,1,0,0,0,0,0,7.59784E+20,5.8074E+21,1.28151E+16,5.23552E+16
60952,12,0,72,169,2018,3,13,5,2,4,6,0,0,1,0,0,1,0,0,7.81605E+20,5.76921E+21,1.3103E+16,5.2002E+16
60953,12,0,54,0,2018,3,9,5,3,2,6,0,0,1,0,0,0,0,0,7.76664E+20,5.81214E+21,1.30663E+16,5.23894E+16
60954,12,0,69,696,2018,3,9,3,3,2,6,0,0,0,0,0,1,0,0,7.22523E+20,5.79373E+21,1.22599E+16,5.22489E+16
60955,12,0,65,144,2018,3,9,6,3,2,6,0,0,1,0,0,0,0,1,7.87173E+20,5.8422E+21,1.32462E+16,5.26536E+16
60956,12,0,63,189,2018,4,23,3,2,9,1,2,0,1,0,0,0,0,1,7.23875E+20,5.82987E+21,1.23039E+16,5.25727E+16
60957,12,0,54,0,2018,3,18,5,3,2,6,2,0,1,0,0,0,1,0,7.76451E+20,5.81245E+21,1.30634E+16,5.23923E+16
60958,12,0,54,0,2018,3,3,7,3,0,7,2,1,0,0,0,0,0,0,7.77282E+20,5.81329E+21,1.30763E+16,5.23995E+16
60959,12,0,65,356,2018,3,0,6,3,3,6,2,1,0,0,0,0,1,1,7.90396E+20,5.87736E+21,1.3325E+16,5.2967E+16
60960,12,0,64,222,2018,4,7,1,3,8,1,0,0,1,0,0,0,0,2,8.33419E+20,5.85295E+21,1.39384E+16,5.27234E+16
60961,12,0,61,352,2018,3,14,5,3,5,3,0,0,1,0,0,0,0,0,8.43867E+20,5.76679E+21,1.40044E+16,5.19453E+16
60962,12,0,61,332,2018,3,12,1,2,5,2,0,1,0,0,0,0,0,0,8.07669E+20,5.80459E+21,1.35136E+16,5.23052E+16
60963,12,0,69,454,2018,4,22,1,3,0,7,2,0,1,0,0,0,0,1,7.7998E+20,5.80431E+21,1.31084E+16,5.23176E+16
60964,12,0,71,372,2018,3,15,5,2,4,2,0,0,1,0,0,0,0,0,8.69836E+20,5.73213E+21,1.43437E+16,5.16184E+16
60965,12,0,60,181,2018,3,11,5,3,2,2,0,0,1,0,0,0,0,0,8.07095E+20,5.84313E+21,1.35407E+16,5.2651E+16
60966,12,0,67,288,2018,3,12,5,2,2,6,0,0,1,0,0,0,1,0,8.50932E+20,5.81107E+21,1.41524E+16,5.23374E+16
60967,12,0,67,137,2018,3,13,5,3,5,3,0,0,1,0,0,0,0,0,8.62782E+20,5.77897E+21,1.42913E+16,5.20423E+16
60968,12,0,65,332,2018,3,7,5,2,3,6,0,0,1,0,0,0,1,0,7.8412E+20,5.84624E+21,1.32047E+16,5.26914E+16
60969,12,0,61,316,2018,3,13,3,2,9,6,0,0,1,0,0,0,0,0,8.32894E+20,5.76617E+21,1.38447E+16,5.19464E+16
60970,12,0,69,604,2018,3,21,5,3,4,2,2,1,1,0,0,0,0,1,7.86009E+20,5.81261E+21,1.32036E+16,5.23888E+16
60971,12,0,69,306,2018,4,10,3,3,9,1,0,0,1,0,0,0,0,0,7.53623E+20,5.8019E+21,1.27207E+16,5.23087E+16
60972,12,0,70,316,2018,3,7,5,3,5,3,0,0,1,0,0,0,0,0,7.19065E+20,5.89891E+21,1.22795E+16,5.31943E+16
60973,12,0,69,17,2018,3,23,4,3,2,6,2,0,1,0,0,0,0,0,7.66993E+20,5.80004E+21,1.29149E+16,5.22857E+16
60974,12,0,69,596,2018,3,13,7,3,5,3,0,1,1,0,0,0,0,1,7.73993E+20,5.80078E+21,1.30179E+16,5.22889E+16
60975,12,0,69,454,2018,3,21,4,3,2,6,2,0,1,0,0,0,1,0,7.8044E+20,5.80269E+21,1.31137E+16,5.23028E+16
60976,12,0,54,0,2018,3,19,4,3,2,2,2,0,1,0,0,0,1,1,7.81623E+20,5.80852E+21,1.31359E+16,5.23544E+16
60977,12,0,65,36,2018,3,16,5,3,5,3,0,0,1,0,0,0,0,1,7.88642E+20,5.84771E+21,1.32727E+16,5.27022E+16
60978,12,0,51,0,2018,3,15,4,3,2,6,0,0,1,0,0,0,0,1,7.414E+20,5.81139E+21,1.25486E+16,5.23994E+16
60979,12,0,61,320,2018,3,21,2,3,2,6,2,0,1,0,0,0,0,1,8.34435E+20,5.75934E+21,1.38604E+16,5.18843E+16
60980,12,0,61,112,2018,3,8,4,2,5,3,0,0,1,0,0,0,0,1,8.13995E+20,5.81192E+21,1.36129E+16,5.23674E+16
60981,12,0,53,0,2018,3,15,5,3,2,6,0,0,1,0,0,0,0,0,8.75068E+20,5.81091E+21,1.45049E+16,5.232E+16
60982,12,0,60,5,2018,3,12,4,2,3,6,0,0,0,0,0,1,1,0,8.11771E+20,5.83801E+21,1.36048E+16,5.26024E+16
60983,12,0,68,468,2018,3,13,3,2,2,6,0,0,1,0,0,0,0,1,7.36421E+20,5.88575E+21,1.25291E+16,5.30688E+16
60984,12,0,69,656,2018,3,14,5,3,2,6,0,0,1,0,0,0,0,1,7.67687E+20,5.81027E+21,1.29332E+16,5.23772E+16
60985,12,0,73,603,2018,4,16,3,2,2,6,0,0,1,0,0,0,1,0,8.38516E+20,5.90328E+21,1.40661E+16,5.3171E+16
60986,12,0,64,428,2018,3,13,4,2,4,6,0,0,1,0,0,0,1,0,8.23748E+20,5.8246E+21,1.37679E+16,5.24753E+16
60987,12,0,72,53,2018,3,18,3,2,8,7,1,0,0,0,1,0,0,0,7.97644E+20,5.76579E+21,1.33331E+16,5.1963E+16
60988,12,0,67,72,2018,3,11,7,2,8,1,0,0,1,0,0,0,0,1,8.55841E+20,5.81139E+21,1.42245E+16,5.23371E+16
60989,12,0,69,616,2018,3,14,3,3,1,6,0,0,1,0,0,0,0,0,7.91825E+20,5.81336E+21,1.32895E+16,5.23925E+16
60990,12,0,54,0,2018,3,9,3,3,5,3,0,1,1,0,0,0,0,0,7.75724E+20,5.8155E+21,1.30553E+16,5.24201E+16
60991,12,0,69,249,2018,3,11,4,3,2,6,0,0,1,0,0,0,0,1,7.55863E+20,5.81267E+21,1.27617E+16,5.24044E+16
60992,12,0,61,219,2018,3,12,3,3,8,1,0,0,1,0,0,0,0,0,8.23149E+20,5.74282E+21,1.36816E+16,5.17429E+16
60993,12,0,52,0,2018,3,14,2,3,3,6,0,1,1,0,0,0,0,0,8.7005E+20,5.7499E+21,1.43656E+16,5.17773E+16
60994,12,0,54,0,2018,3,8,5,3,0,6,0,0,1,0,0,0,0,0,7.76653E+20,5.81215E+21,1.30661E+16,5.23895E+16
60995,12,0,66,104,2018,4,14,2,2,4,2,0,0,1,0,1,0,0,0,8.27758E+20,5.70266E+21,1.37107E+16,5.13804E+16
60996,12,0,61,428,2018,3,14,3,3,8,7,0,0,1,0,0,0,0,0,8.35865E+20,5.77586E+21,1.38973E+16,5.20314E+16
60997,12,0,61,217,2018,3,21,3,2,9,1,2,0,1,0,0,0,0,1,8.23418E+20,5.79759E+21,1.37371E+16,5.22335E+16
60998,12,0,69,306,2018,3,7,5,3,2,6,0,0,1,0,1,0,0,1,7.5305E+20,5.80853E+21,1.27173E+16,5.23685E+16
60999,12,0,65,301,2018,4,8,3,2,9,7,0,0,1,0,0,0,0,1,7.73158E+20,5.88348E+21,1.30741E+16,5.3031E+16
61000,12,0,71,414,2018,3,8,3,3,8,1,0,0,1,0,0,0,0,1,8.83204E+20,5.73722E+21,1.45415E+16,5.1655E+16
61001,12,0,65,256,2018,3,6,3,3,5,3,0,0,1,0,0,0,0,1,7.95518E+20,5.8572E+21,1.33827E+16,5.27835E+16
61002,12,0,63,273,2018,3,8,6,2,5,3,0,1,1,0,0,0,0,0,7.79005E+20,5.83677E+21,1.31212E+16,5.26091E+16
61003,12,0,72,312,2018,3,12,2,3,9,1,0,0,1,0,0,0,0,1,7.92589E+20,5.76878E+21,1.32622E+16,5.19925E+16
61004,12,0,72,312,2018,3,7,2,2,0,1,0,0,0,0,1,0,0,1,7.77051E+20,5.78566E+21,1.30502E+16,5.21518E+16
61005,12,0,64,428,2018,3,12,4,3,4,2,0,0,1,0,0,0,0,1,8.33431E+20,5.82585E+21,1.39112E+16,5.24806E+16
61006,12,0,62,372,2018,3,13,5,3,2,6,0,0,1,0,0,0,0,1,8.2071E+20,5.71152E+21,1.36178E+16,5.14638E+16
61007,12,0,60,52,2018,4,14,4,3,5,3,0,1,1,0,0,0,0,0,8.24714E+20,5.86463E+21,1.38215E+16,5.28334E+16
61008,12,0,54,0,2018,3,17,2,3,2,6,0,0,1,0,0,0,0,1,7.76652E+20,5.81242E+21,1.30663E+16,5.2392E+16
61009,12,0,54,0,2018,3,14,1,3,2,6,0,0,1,0,1,0,0,0,7.75677E+20,5.81586E+21,1.30549E+16,5.24234E+16
61010,12,0,60,20,2018,3,13,5,3,2,6,0,0,1,0,0,0,0,1,8.08213E+20,5.84709E+21,1.35609E+16,5.26859E+16
61011,12,0,72,297,2018,3,22,6,2,8,1,2,0,1,0,0,0,0,0,7.68518E+20,5.76845E+21,1.29123E+16,5.20017E+16
61012,12,0,72,2,2018,4,8,1,3,8,7,0,0,1,0,0,0,0,1,7.95783E+20,5.78834E+21,1.33256E+16,5.21661E+16
61013,12,0,69,76,2018,3,15,2,3,2,6,0,0,1,0,0,0,0,1,7.56946E+20,5.78915E+21,1.27596E+16,5.21928E+16
61014,12,0,51,0,2018,3,9,2,3,2,6,0,0,1,0,0,0,0,1,7.44602E+20,5.80954E+21,1.25942E+16,5.23814E+16
61015,12,0,66,168,2018,3,7,5,2,8,1,0,0,1,0,0,0,0,1,8.34733E+20,5.70385E+21,1.38117E+16,5.13869E+16
61016,12,0,61,433,2018,3,8,2,3,1,6,0,0,1,0,0,1,0,0,8.04114E+20,5.81131E+21,1.34677E+16,5.23675E+16
61017,12,0,71,337,2018,3,13,2,2,5,2,0,1,1,0,0,0,0,0,8.86725E+20,5.77077E+21,1.46295E+16,5.19528E+16
61018,12,0,63,208,2018,3,7,3,3,5,3,0,1,0,0,0,0,1,0,7.62787E+20,5.83562E+21,1.28814E+16,5.26069E+16
61019,12,0,60,5,2018,3,15,5,3,5,3,0,0,1,0,0,1,0,1,8.07053E+20,5.83887E+21,1.35361E+16,5.26128E+16
61020,12,0,68,117,2018,3,12,6,3,2,6,0,0,1,0,0,0,0,0,7.64211E+20,5.8513E+21,1.29149E+16,5.27468E+16
61021,12,0,73,452,2018,3,10,2,1,5,3,0,0,1,0,0,0,0,0,8.20983E+20,5.92162E+21,1.38232E+16,5.33461E+16
61022,12,0,60,181,2018,3,13,2,3,1,6,0,0,1,0,0,0,0,1,8.07667E+20,5.8409E+21,1.35471E+16,5.26307E+16
61023,12,0,65,332,2018,3,11,4,3,3,6,0,0,1,0,0,1,0,1,7.83449E+20,5.84752E+21,1.31959E+16,5.27032E+16
61024,12,0,64,61,2018,3,22,5,2,9,1,2,0,1,0,0,0,0,1,8.49157E+20,5.84853E+21,1.41658E+16,5.2674E+16
61025,12,0,68,320,2018,4,17,4,2,8,1,0,0,0,0,1,0,0,0,7.50465E+20,5.88068E+21,1.27343E+16,5.30169E+16
61026,12,0,60,20,2018,3,10,2,3,8,1,0,0,1,0,0,0,0,0,8.10918E+20,5.84439E+21,1.35982E+16,5.26601E+16
61027,12,0,64,125,2018,3,13,1,3,9,1,0,0,0,0,1,0,0,0,8.37092E+20,5.8584E+21,1.39981E+16,5.277E+16
61028,12,0,67,426,2018,3,17,5,1,8,1,1,0,1,0,0,0,0,1,8.50343E+20,5.79312E+21,1.41252E+16,5.2177E+16
61029,12,0,62,469,2018,4,0,1,3,7,7,2,1,0,0,0,0,0,1,8.19255E+20,5.73787E+21,1.36209E+16,5.17008E+16
61030,12,0,64,227,2018,3,10,2,2,5,3,0,0,1,0,0,0,0,0,8.16857E+20,5.82865E+21,1.36707E+16,5.25156E+16
61031,12,0,65,36,2018,3,4,2,3,2,6,2,0,0,0,0,1,0,1,7.88295E+20,5.84744E+21,1.32674E+16,5.27E+16
61032,12,0,60,52,2018,3,19,7,3,2,2,2,0,1,0,0,0,0,0,8.18399E+20,5.86486E+21,1.37283E+16,5.28392E+16
61033,12,0,60,20,2018,3,18,5,3,5,3,0,1,1,0,0,0,0,0,8.07117E+20,5.84596E+21,1.35437E+16,5.26764E+16
61034,12,0,68,117,2018,3,14,2,2,2,6,0,0,1,0,0,0,0,1,7.56694E+20,5.85439E+21,1.28062E+16,5.27782E+16
61035,12,0,73,393,2018,3,9,3,3,8,7,0,0,0,0,0,0,1,0,8.60639E+20,5.91546E+21,1.44093E+16,5.32655E+16
61036,12,0,70,222,2018,3,8,5,3,8,1,0,0,1,0,0,0,0,2,7.09935E+20,5.9061E+21,1.21478E+16,5.32626E+16
61037,12,0,61,260,2018,4,14,3,3,0,1,0,1,0,0,0,0,0,0,8.15966E+20,5.80171E+21,1.36322E+16,5.22748E+16
61038,12,0,65,198,2018,3,10,2,2,8,7,0,0,1,0,0,0,0,0,7.89907E+20,5.87173E+21,1.33127E+16,5.29169E+16
61039,12,0,65,144,2018,3,22,5,3,2,1,2,0,1,0,0,0,0,1,7.87196E+20,5.84222E+21,1.32466E+16,5.26538E+16
61040,12,0,68,501,2018,3,12,2,2,8,1,0,0,0,0,0,0,1,1,7.25827E+20,5.86617E+21,1.23576E+16,5.28977E+16
61041,12,0,62,224,2018,3,10,7,3,2,6,0,0,1,0,0,0,0,0,7.94592E+20,5.73715E+21,1.32644E+16,5.17078E+16
61042,12,0,69,454,2018,4,15,3,3,5,3,0,0,1,0,0,0,0,0,7.79468E+20,5.80804E+21,1.3104E+16,5.23513E+16
61043,12,0,63,357,2018,3,10,1,3,4,6,0,1,0,0,0,0,0,0,7.66587E+20,5.83E+21,1.29328E+16,5.25547E+16
61044,12,0,72,17,2018,3,11,4,2,7,7,0,0,1,0,0,0,0,0,8.04424E+20,5.80504E+21,1.34666E+16,5.23111E+16