OBJECTID_1,ULAND,UREGBEZ,UKREIS,UGEMEINDE,UJAHR,UMONAT,USTUNDE,UWOCHENTAG,UKATEGORIE,UART,UTYP1,ULICHTVERH,IstRad,IstPKW,IstFuss,IstKrad,IstGkfz,IstSonstig,STRZUSTAND,LINREFX,LINREFY,XGCSWGS84,YGCSWGS84
61045,12,0,54,0,2018,3,16,1,3,2,6,0,0,1,0,0,0,0,0,7.76832E+20,5.81357E+21,1.30699E+16,5.24022E+16
61046,12,0,65,251,2018,4,17,1,2,3,6,0,0,1,0,0,0,0,1,7.77631E+20,5.84766E+21,1.31101E+16,5.27075E+16
61047,12,0,61,332,2018,3,20,1,2,2,6,2,0,1,0,0,0,0,0,8.0698E+20,5.80606E+21,1.35049E+16,5.23189E+16
61048,12,0,64,29,2018,3,4,1,3,9,7,2,0,1,0,0,0,0,1,8.16982E+20,5.83257E+21,1.36763E+16,5.25507E+16
61049,12,0,65,251,2018,3,18,5,3,2,6,0,0,1,0,0,0,0,1,7.7706E+20,5.84756E+21,1.31016E+16,5.27069E+16
61050,12,0,64,370,2018,3,14,1,3,2,7,0,1,1,0,0,0,0,0,8.4515E+20,5.83942E+21,1.40972E+16,5.25949E+16
61051,12,0,68,320,2018,3,10,3,3,2,6,0,1,1,0,0,0,0,0,7.54948E+20,5.86962E+21,1.27923E+16,5.29157E+16
61052,12,0,69,454,2018,3,11,4,3,6,2,0,0,1,1,0,0,0,0,7.79465E+20,5.80806E+21,1.31039E+16,5.23514E+16
61053,12,0,60,20,2018,4,22,3,2,2,6,2,1,0,0,0,1,0,0,8.07811E+20,5.8479E+21,1.35557E+16,5.26933E+16
61054,12,0,67,137,2018,3,13,1,2,0,7,0,0,0,0,0,0,1,0,8.60577E+20,5.78316E+21,1.42637E+16,5.20812E+16
61055,12,0,67,481,2018,3,13,1,2,9,1,0,0,1,0,0,0,0,0,8.40672E+20,5.79668E+21,1.39879E+16,5.22149E+16
61056,12,0,64,380,2018,3,11,7,2,5,3,0,1,1,0,0,0,0,1,8.2408E+20,5.83014E+21,1.37782E+16,5.25247E+16
61057,12,0,67,144,2018,3,12,1,3,2,2,0,0,1,0,0,0,0,0,8.40013E+20,5.81462E+21,1.39964E+16,5.23761E+16
61058,12,0,65,198,2018,3,12,1,3,5,3,0,0,1,0,0,0,0,0,7.84557E+20,5.85984E+21,1.3223E+16,5.28131E+16
61059,12,0,67,124,2018,3,13,4,2,2,6,0,0,1,0,0,0,0,1,8.2544E+20,5.81924E+21,1.37875E+16,5.24263E+16
61060,12,0,63,228,2018,3,16,7,2,9,1,0,0,1,0,0,0,0,0,7.50653E+20,5.84293E+21,1.27081E+16,5.26782E+16
61061,12,0,69,656,2018,3,16,7,3,2,6,0,0,1,0,0,0,0,1,7.60979E+20,5.80848E+21,1.28335E+16,5.23644E+16
61062,12,0,70,241,2018,3,21,5,2,9,1,2,0,1,0,0,0,0,0,6.99748E+20,5.86712E+21,1.1971E+16,5.29165E+16
61063,12,0,54,0,2018,3,22,7,3,6,4,2,0,1,1,0,0,0,1,7.74849E+20,5.81268E+21,1.30401E+16,5.23952E+16
61064,12,0,66,52,2018,3,18,2,3,8,7,0,0,0,0,0,1,0,0,8.37906E+20,5.74056E+21,1.38924E+16,5.17139E+16
61065,12,0,69,604,2018,3,8,4,3,2,6,0,0,1,0,0,0,1,0,7.85854E+20,5.8106E+21,1.31996E+16,5.23709E+16
61066,12,0,68,320,2018,4,11,3,2,2,6,0,0,1,0,1,0,0,0,7.54332E+20,5.86983E+21,1.27833E+16,5.29178E+16
61067,12,0,61,265,2018,3,19,7,2,1,5,2,0,0,0,0,1,1,1,8.31454E+20,5.77568E+21,1.3833E+16,5.20324E+16
61068,12,0,62,469,2018,3,7,6,3,8,1,0,0,1,0,0,0,0,1,8.20427E+20,5.73886E+21,1.36387E+16,5.1709E+16
61069,12,0,71,57,2018,3,10,7,3,2,6,0,0,1,0,1,0,0,1,8.62547E+20,5.73431E+21,1.42411E+16,5.16426E+16
61070,12,0,60,52,2018,3,14,6,3,2,6,0,0,1,0,0,0,0,0,8.26703E+20,5.86926E+21,1.38556E+16,5.28736E+16
61071,12,0,71,372,2018,3,9,7,3,5,3,0,0,1,0,0,0,0,0,8.67671E+20,5.72191E+21,1.43019E+16,5.15282E+16
61072,12,0,68,353,2018,3,23,7,2,5,3,2,1,1,0,0,0,0,1,7.60904E+20,5.89032E+21,1.28974E+16,5.30984E+16
61073,12,0,67,440,2018,3,22,4,3,2,6,2,0,1,0,0,0,0,1,8.18688E+20,5.8244E+21,1.36935E+16,5.24765E+16
61074,12,0,69,397,2018,3,11,4,2,5,3,0,0,1,0,0,0,0,0,7.74906E+20,5.80219E+21,1.30324E+16,5.23012E+16
61075,12,0,67,469,2018,4,16,4,3,2,2,0,0,1,0,0,0,0,0,8.34052E+20,5.8081E+21,1.39027E+16,5.23213E+16
61076,12,0,68,353,2018,3,11,7,2,0,1,0,0,0,0,1,0,0,0,7.61415E+20,5.89041E+21,1.29051E+16,5.3099E+16
61077,12,0,69,270,2018,3,21,1,2,9,1,2,0,0,0,0,0,1,0,7.33557E+20,5.82281E+21,1.24415E+16,5.25053E+16
61078,12,0,60,20,2018,3,11,4,2,0,1,0,0,0,0,1,0,0,0,8.08862E+20,5.84673E+21,1.35701E+16,5.26822E+16
61079,12,0,63,80,2018,4,13,1,3,5,3,0,0,1,0,0,0,0,1,7.79327E+20,5.8304E+21,1.31206E+16,5.25519E+16
61080,12,0,72,17,2018,3,11,6,3,5,3,0,0,1,0,0,0,0,0,7.99348E+20,5.80701E+21,1.33941E+16,5.23316E+16
61081,12,0,72,426,2018,3,5,6,3,9,1,2,0,1,0,0,0,0,2,7.90733E+20,5.79132E+21,1.32545E+16,5.21955E+16
61082,12,0,72,232,2018,3,14,1,2,8,1,0,0,0,0,1,0,0,0,7.80755E+20,5.77983E+21,1.30994E+16,5.20976E+16
61083,12,0,60,52,2018,4,13,2,3,2,6,0,0,1,0,0,0,0,0,8.25331E+20,5.86403E+21,1.383E+16,5.28276E+16
61084,12,0,72,426,2018,3,5,6,2,8,1,2,0,1,0,0,0,0,2,7.90699E+20,5.79118E+21,1.32539E+16,5.21943E+16
61085,12,0,72,120,2018,3,8,6,3,8,1,0,0,0,0,0,1,0,2,7.95566E+20,5.81154E+21,1.33427E+16,5.23742E+16
61086,12,0,51,0,2018,3,16,5,2,2,6,0,0,1,0,0,0,0,0,7.42149E+20,5.80606E+21,1.25557E+16,5.23513E+16
61087,12,0,72,312,2018,3,15,6,3,5,2,0,0,1,0,0,0,0,0,7.93142E+20,5.7751E+21,1.32757E+16,5.20488E+16
61088,12,0,69,454,2018,3,20,6,3,8,1,2,0,0,0,1,0,0,1,7.8017E+20,5.8062E+21,1.31127E+16,5.23344E+16
61089,12,0,69,17,2018,3,8,3,3,2,6,0,0,1,0,0,0,1,0,7.65756E+20,5.79115E+21,1.28898E+16,5.22066E+16
61090,12,0,72,232,2018,4,16,3,3,5,3,0,1,1,0,0,0,0,0,7.85553E+20,5.77963E+21,1.31691E+16,5.20934E+16
61091,12,0,54,0,2018,3,16,6,2,2,6,0,0,1,0,0,0,0,0,7.73282E+20,5.81506E+21,1.30191E+16,5.24173E+16
61092,12,0,68,181,2018,3,14,1,3,5,3,0,0,1,0,0,0,0,0,7.23649E+20,5.88605E+21,1.2339E+16,5.30771E+16
61093,12,0,73,572,2018,4,10,1,3,4,6,0,0,1,0,0,0,0,2,8.08651E+20,5.88466E+21,1.36029E+16,5.30222E+16
61094,12,0,54,0,2018,3,4,6,1,8,1,2,0,1,0,0,0,0,2,7.68765E+20,5.82073E+21,1.29574E+16,5.24705E+16
61095,12,0,51,0,2018,3,4,6,3,8,1,2,0,0,0,0,1,0,2,7.35705E+20,5.81323E+21,1.24664E+16,5.24185E+16
61096,12,0,64,472,2018,3,13,5,3,2,7,0,0,1,0,0,0,0,0,8.31193E+20,5.83651E+21,1.3889E+16,5.25775E+16
61097,12,0,61,433,2018,3,15,6,3,2,6,0,0,1,0,0,0,1,0,8.07611E+20,5.81446E+21,1.35218E+16,5.23937E+16
61098,12,0,67,237,2018,3,7,5,3,2,6,0,0,1,0,0,0,0,0,8.67085E+20,5.81038E+21,1.43877E+16,5.23207E+16
61099,12,0,66,8,2018,3,7,6,3,8,1,0,0,1,0,0,0,0,2,8.47504E+20,5.73554E+21,1.40258E+16,5.16632E+16
61100,12,0,61,572,2018,3,5,6,3,8,1,2,0,1,0,0,0,0,2,8.12567E+20,5.80678E+21,1.35872E+16,5.23222E+16
61101,12,0,66,196,2018,3,16,3,3,3,1,0,0,1,0,0,0,1,0,8.43686E+20,5.75389E+21,1.39889E+16,5.18299E+16
61102,12,0,54,0,2018,4,18,3,3,5,3,0,1,1,0,0,0,0,0,7.71943E+20,5.81567E+21,1.29999E+16,5.24235E+16
61103,12,0,71,372,2018,3,14,6,3,3,6,0,0,1,0,0,0,1,0,8.69958E+20,5.72154E+21,1.43343E+16,5.15235E+16
61104,12,0,71,372,2018,3,9,6,3,6,4,0,1,0,1,0,0,0,0,8.73094E+20,5.72685E+21,1.43849E+16,5.1569E+16
61105,12,0,54,0,2018,3,13,7,3,2,6,0,0,1,0,0,0,0,1,7.74318E+20,5.81215E+21,1.30319E+16,5.23907E+16
61106,12,0,52,0,2018,3,6,6,3,9,1,0,0,1,0,0,0,0,2,8.76321E+20,5.75288E+21,1.44593E+16,5.17998E+16
61107,12,0,73,430,2018,3,7,6,3,8,1,0,0,1,0,0,0,0,1,8.20165E+20,5.90699E+21,1.37962E+16,5.32155E+16
61108,12,0,68,468,2018,3,20,5,3,7,1,0,0,1,0,0,0,0,0,7.30859E+20,5.89288E+21,1.24514E+16,5.31352E+16
61109,12,0,64,480,2018,3,6,6,3,9,1,0,0,1,0,0,0,0,2,8.68019E+20,5.81847E+21,1.44102E+16,5.23925E+16
61110,12,0,51,0,2018,3,11,2,3,5,3,0,1,1,0,0,0,0,1,7.43226E+20,5.81399E+21,1.25773E+16,5.24219E+16
61111,12,0,67,144,2018,3,20,7,3,2,2,2,0,1,0,0,0,0,0,8.4589E+20,5.8099E+21,1.40775E+16,5.23301E+16
61112,12,0,65,36,2018,4,15,3,3,5,2,0,1,1,0,0,0,0,0,7.89003E+20,5.84651E+21,1.3277E+16,5.26913E+16
61113,12,0,67,137,2018,3,19,6,2,7,7,2,0,0,0,0,0,1,0,8.62978E+20,5.77863E+21,1.42938E+16,5.20392E+16
61114,12,0,67,469,2018,3,7,6,2,4,6,0,0,1,0,0,1,0,2,8.3677E+20,5.80829E+21,1.39426E+16,5.23214E+16
61115,12,0,64,380,2018,3,10,3,3,0,2,0,0,1,0,1,0,0,0,8.27763E+20,5.83259E+21,1.38347E+16,5.25445E+16
61116,12,0,67,124,2018,4,10,3,2,2,6,0,0,1,0,0,0,1,1,8.25426E+20,5.81919E+21,1.37873E+16,5.24258E+16
61117,12,0,67,124,2018,3,10,6,3,1,5,0,0,1,0,0,0,1,0,8.23311E+20,5.81838E+21,1.37555E+16,5.24198E+16
61118,12,0,67,481,2018,3,8,6,3,2,2,0,0,1,0,0,0,0,0,8.35385E+20,5.80006E+21,1.39141E+16,5.22485E+16
61119,12,0,71,304,2018,3,11,7,3,5,3,0,1,1,0,0,0,0,1,8.72137E+20,5.75841E+21,1.44049E+16,5.18521E+16
61120,12,0,67,473,2018,3,7,6,3,8,1,0,0,0,0,0,0,1,1,8.55758E+20,5.82128E+21,1.42338E+16,5.24257E+16
61121,12,0,67,473,2018,3,5,6,3,9,1,1,0,1,0,0,0,0,2,8.5402E+20,5.82832E+21,1.42158E+16,5.24899E+16
61122,12,0,69,656,2018,3,11,4,3,4,6,0,0,1,0,0,0,0,1,7.60856E+20,5.81178E+21,1.28342E+16,5.2394E+16
61123,12,0,72,477,2018,3,8,5,3,2,7,0,0,1,0,0,0,1,0,8.05215E+20,5.79083E+21,1.34653E+16,5.21833E+16
61124,12,0,62,24,2018,3,6,2,3,8,1,0,0,0,0,0,1,0,0,8.02698E+20,5.70726E+21,1.33556E+16,5.14355E+16
61125,12,0,54,0,2018,4,17,2,3,5,2,0,1,1,0,0,0,0,0,7.75393E+20,5.8128E+21,1.30482E+16,5.2396E+16
61126,12,0,72,232,2018,3,12,5,3,6,4,0,0,1,1,0,0,0,1,7.85885E+20,5.77947E+21,1.31738E+16,5.20918E+16
61127,12,0,60,52,2018,3,8,6,3,5,2,0,0,1,0,0,0,0,1,8.24841E+20,5.86661E+21,1.38253E+16,5.2851E+16
61128,12,0,54,0,2018,3,16,5,3,2,6,0,0,1,0,0,0,0,0,7.76971E+20,5.81187E+21,1.30706E+16,5.23869E+16
61129,12,0,65,251,2018,3,9,6,2,0,1,0,0,0,0,1,0,0,1,7.81129E+20,5.84353E+21,1.31583E+16,5.26686E+16
61130,12,0,54,0,2018,3,23,5,3,5,3,2,1,0,0,0,1,0,1,7.75276E+20,5.81341E+21,1.3047E+16,5.24015E+16
61131,12,0,53,0,2018,4,16,1,3,6,2,0,1,0,1,0,0,0,0,8.76601E+20,5.81458E+21,1.45314E+16,5.23518E+16
61132,12,0,54,0,2018,4,19,6,3,4,6,0,1,0,0,0,0,0,0,7.77005E+20,5.81348E+21,1.30724E+16,5.24013E+16
61133,12,0,62,372,2018,4,10,5,2,8,1,0,0,0,0,0,0,1,0,8.25636E+20,5.71246E+21,1.36893E+16,5.14694E+16
61134,12,0,71,301,2018,4,14,5,2,1,1,0,1,1,0,0,0,0,0,8.7241E+20,5.74125E+21,1.43904E+16,5.16983E+16
61135,12,0,60,20,2018,5,9,5,3,5,3,0,1,0,0,0,0,1,0,8.0805E+20,5.84649E+21,1.35579E+16,5.26805E+16
61136,12,0,64,136,2018,4,6,6,3,2,6,0,0,1,0,0,0,0,0,8.2191E+20,5.82715E+21,1.37435E+16,5.24993E+16
61137,12,0,67,440,2018,5,15,1,3,2,2,0,0,1,0,1,0,0,0,8.19091E+20,5.82714E+21,1.37021E+16,5.25008E+16
61138,12,0,65,165,2018,4,16,5,3,2,2,0,0,1,0,0,0,0,0,7.71434E+20,5.8531E+21,1.30231E+16,5.27594E+16
61139,12,0,73,572,2018,4,10,5,3,5,3,0,1,1,0,0,0,0,0,8.01368E+20,5.89493E+21,1.35043E+16,5.31184E+16
61140,12,0,69,474,2018,4,17,5,3,5,3,0,0,1,0,0,0,0,0,7.51482E+20,5.77889E+21,1.26723E+16,5.21033E+16
61141,12,0,60,45,2018,5,15,7,3,4,1,0,0,0,0,1,0,0,0,8.26856E+20,5.86699E+21,1.38556E+16,5.28532E+16
61142,12,0,70,222,2018,5,9,3,3,8,1,0,0,1,0,0,0,0,0,7.11061E+20,5.90524E+21,1.21641E+16,5.32544E+16
61143,12,0,73,603,2018,4,16,5,3,0,7,0,0,0,0,1,0,1,1,8.38907E+20,5.9005E+21,1.40689E+16,5.31458E+16
61144,12,0,60,52,2018,4,9,3,2,3,6,0,1,0,0,0,1,0,0,8.24678E+20,5.86469E+21,1.3821E+16,5.28339E+16
61145,12,0,67,40,2018,4,17,2,3,0,6,0,0,1,0,0,0,0,0,8.53528E+20,5.81185E+21,1.41912E+16,5.23427E+16
61146,12,0,67,438,2018,4,14,1,3,3,6,0,0,1,0,1,0,0,0,8.82233E+20,5.79271E+21,1.4589E+16,5.21522E+16
61147,12,0,73,440,2018,4,10,5,3,2,6,0,0,1,0,0,0,0,0,8.41346E+20,5.89263E+21,1.40969E+16,5.30738E+16
61148,12,0,61,260,2018,4,20,1,3,5,2,1,1,1,0,0,0,0,0,8.14179E+20,5.804E+21,1.36082E+16,5.22963E+16
61149,12,0,66,52,2018,4,16,7,3,2,6,0,0,1,0,0,0,0,0,8.4466E+20,5.74281E+21,1.3992E+16,5.173E+16
61150,12,0,67,481,2018,5,16,2,3,1,7,0,0,1,0,0,0,0,0,8.37197E+20,5.80149E+21,1.3942E+16,5.22601E+16
61151,12,0,60,5,2018,4,10,6,2,7,7,0,1,0,0,0,0,1,0,8.10536E+20,5.83515E+21,1.35839E+16,5.25775E+16
61152,12,0,73,532,2018,4,17,5,3,5,3,0,0,1,0,0,0,0,0,8.53933E+20,5.89226E+21,1.42836E+16,5.30623E+16
61153,12,0,60,52,2018,4,15,5,2,5,2,0,0,1,0,0,0,0,0,8.2063E+20,5.86648E+21,1.37629E+16,5.28524E+16
61154,12,0,70,8,2018,5,14,5,3,4,2,0,0,1,0,0,0,0,0,6.98107E+20,5.87093E+21,1.1949E+16,5.29514E+16
61155,12,0,61,260,2018,4,16,4,3,5,3,0,0,1,0,0,0,0,0,8.15999E+20,5.80144E+21,1.36324E+16,5.22723E+16
61156,12,0,60,280,2018,4,18,5,3,3,6,0,0,1,0,0,0,1,0,8.24216E+20,5.84533E+21,1.37951E+16,5.26608E+16
61157,12,0,54,0,2018,4,19,4,3,5,3,1,1,1,0,0,0,0,0,7.77236E+20,5.81429E+21,1.30764E+16,5.24085E+16
61158,12,0,68,264,2018,5,8,7,2,5,3,0,0,1,0,0,0,0,0,7.27341E+20,5.87166E+21,1.23839E+16,5.29463E+16
61159,12,0,62,140,2018,4,10,2,3,2,6,0,0,1,0,1,0,0,0,8.25568E+20,5.73116E+21,1.37057E+16,5.1637E+16
61160,12,0,60,20,2018,4,15,5,3,2,6,0,1,0,0,0,0,0,0,8.08174E+20,5.84487E+21,1.35582E+16,5.2666E+16
61161,12,0,71,244,2018,4,6,2,3,1,3,0,0,1,0,0,0,0,1,8.64095E+20,5.74651E+21,1.42761E+16,5.17508E+16
61162,12,0,54,0,2018,4,1,1,3,2,6,2,0,1,0,0,0,0,0,7.76874E+20,5.81361E+21,1.30706E+16,5.24026E+16
61163,12,0,62,224,2018,4,18,7,2,5,3,0,1,1,0,0,0,0,0,7.92575E+20,5.73552E+21,1.32339E+16,5.16943E+16
61164,12,0,69,28,2018,4,13,2,3,2,6,0,0,1,0,0,0,0,0,7.27852E+20,5.81198E+21,1.23502E+16,5.24105E+16
61165,12,0,60,20,2018,4,14,5,3,5,3,0,1,1,0,0,0,0,0,8.12496E+20,5.84587E+21,1.36229E+16,5.26725E+16
61166,12,0,72,240,2018,4,15,2,2,3,6,0,0,0,0,0,1,1,1,7.92002E+20,5.8023E+21,1.32825E+16,5.22933E+16
61167,12,0,64,472,2018,4,19,1,2,5,2,0,1,1,0,0,0,0,0,8.29499E+20,5.83296E+21,1.38606E+16,5.25467E+16
61168,12,0,65,136,2018,4,13,2,3,5,2,0,1,1,0,0,0,0,0,7.84579E+20,5.84065E+21,1.32067E+16,5.2641E+16
61169,12,0,72,426,2018,4,16,7,3,2,2,0,0,1,0,1,0,0,0,7.86662E+20,5.79402E+21,1.31974E+16,5.22218E+16
61170,12,0,54,0,2018,4,16,7,3,3,6,0,1,0,0,0,0,0,0,7.75454E+20,5.81279E+21,1.30491E+16,5.23959E+16
61171,12,0,64,44,2018,4,21,5,2,5,2,2,0,1,0,1,0,0,0,8.3967E+20,5.85998E+21,1.40378E+16,5.27825E+16
61172,12,0,73,8,2018,4,4,7,2,7,7,2,0,0,0,1,0,0,0,8.3512E+20,5.89714E+21,1.4009E+16,5.31181E+16
61173,12,0,65,256,2018,5,11,2,2,6,2,0,0,1,1,0,0,0,0,7.87574E+20,5.85211E+21,1.32608E+16,5.27422E+16
61174,12,0,70,316,2018,4,12,6,2,2,6,0,0,1,0,0,0,0,0,7.12603E+20,5.89213E+21,1.21784E+16,5.31361E+16
61175,12,0,64,428,2018,4,12,5,3,2,6,0,0,1,0,0,0,0,0,8.24732E+20,5.82694E+21,1.37847E+16,5.24957E+16
61176,12,0,65,36,2018,4,17,5,3,2,6,0,0,1,0,0,0,0,0,7.88756E+20,5.84754E+21,1.32742E+16,5.27006E+16
61177,12,0,61,320,2018,5,8,4,2,5,3,0,1,1,0,0,0,0,0,8.28043E+20,5.75175E+21,1.37607E+16,5.18201E+16
61178,12,0,73,8,2018,4,6,4,2,9,1,0,0,1,0,0,0,0,1,8.38639E+20,5.89233E+21,1.40563E+16,5.30728E+16
61179,12,0,65,36,2018,4,9,5,3,2,6,0,0,1,0,0,0,0,0,7.88454E+20,5.84798E+21,1.32702E+16,5.27047E+16
61180,12,0,62,92,2018,4,16,4,3,5,3,0,1,1,0,0,0,0,0,8.15683E+20,5.72994E+21,1.35622E+16,5.16317E+16
61181,12,0,51,0,2018,5,13,6,3,4,2,0,1,1,0,0,0,0,0,7.40571E+20,5.81211E+21,1.2537E+16,5.24062E+16
61182,12,0,60,269,2018,4,5,2,3,7,7,1,0,1,0,0,0,0,0,8.02585E+20,5.86728E+21,1.34965E+16,5.287E+16
61183,12,0,68,477,2018,4,13,5,2,8,3,0,0,1,0,0,0,0,0,7.32238E+20,5.8664E+21,1.24529E+16,5.2897E+16
61184,12,0,60,20,2018,4,7,2,3,2,2,0,0,1,0,0,0,0,0,8.09036E+20,5.84329E+21,1.35695E+16,5.26514E+16
61185,12,0,61,217,2018,4,23,1,3,0,7,2,0,0,0,1,0,0,0,8.29211E+20,5.80657E+21,1.38304E+16,5.23105E+16
61186,12,0,64,44,2018,4,15,7,3,2,6,0,0,1,0,0,0,0,0,8.40036E+20,5.86238E+21,1.40457E+16,5.28038E+16
61187,12,0,68,320,2018,4,7,5,2,2,6,0,0,1,0,1,0,0,0,7.55846E+20,5.87251E+21,1.28079E+16,5.29411E+16
61188,12,0,69,345,2018,4,15,4,3,2,6,0,0,1,0,0,0,0,0,7.58508E+20,5.78519E+21,1.27794E+16,5.21566E+16
61189,12,0,61,332,2018,4,17,6,3,5,2,0,0,1,0,0,0,1,0,8.11918E+20,5.80024E+21,1.35717E+16,5.22639E+16
61190,12,0,54,0,2018,5,14,1,3,0,1,0,0,0,0,1,0,0,0,7.75026E+20,5.81803E+21,1.30471E+16,5.24431E+16
61191,12,0,61,316,2018,4,16,5,2,2,6,0,0,1,0,0,0,0,0,8.33225E+20,5.76154E+21,1.3845E+16,5.19047E+16
61192,12,0,72,240,2018,4,10,4,3,2,6,0,0,0,0,0,1,0,0,7.95618E+20,5.804E+21,1.33369E+16,5.23066E+16
61193,12,0,65,332,2018,4,10,6,3,5,3,0,0,1,0,0,0,0,0,7.85805E+20,5.84454E+21,1.32281E+16,5.26752E+16
61194,12,0,72,17,2018,4,19,4,2,8,1,0,0,0,0,1,0,0,0,7.99906E+20,5.80894E+21,1.3404E+16,5.23485E+16
61195,12,0,54,0,2018,4,16,4,3,2,6,0,0,1,0,0,0,0,0,7.75763E+20,5.8143E+21,1.30549E+16,5.24093E+16
61196,12,0,69,397,2018,4,8,6,3,1,6,0,0,1,0,0,0,0,0,7.75249E+20,5.80518E+21,1.30398E+16,5.23278E+16
61197,12,0,72,426,2018,5,18,1,2,8,6,0,0,0,0,1,0,0,0,7.87062E+20,5.79761E+21,1.32063E+16,5.22538E+16
61198,12,0,72,169,2018,4,18,5,3,5,3,0,1,1,0,0,0,0,0,7.807E+20,5.76784E+21,1.30888E+16,5.19901E+16
61199,12,0,62,240,2018,4,15,4,3,2,7,0,0,1,0,0,0,0,0,8.16174E+20,5.71494E+21,1.35558E+16,5.1497E+16
61200,12,0,73,452,2018,5,6,4,2,2,6,0,0,1,0,1,0,0,0,8.23528E+20,5.91813E+21,1.38577E+16,5.33132E+16
61201,12,0,65,225,2018,4,7,4,3,8,1,0,0,1,0,0,0,1,1,7.95548E+20,5.84577E+21,1.33729E+16,5.26811E+16
61202,12,0,52,0,2018,4,13,4,3,2,6,0,0,1,0,0,0,0,0,8.67491E+20,5.74518E+21,1.43237E+16,5.17367E+16
61203,12,0,64,393,2018,4,16,4,3,8,7,0,0,1,0,0,0,0,0,8.35536E+20,5.84113E+21,1.39576E+16,5.26162E+16
61204,12,0,73,452,2018,5,14,6,3,3,2,0,1,1,0,0,0,0,0,8.24074E+20,5.91776E+21,1.38655E+16,5.33097E+16
61205,12,0,61,433,2018,4,11,3,2,4,1,0,0,1,0,0,0,0,0,8.07659E+20,5.81435E+21,1.35224E+16,5.23927E+16
61206,12,0,65,225,2018,4,13,2,3,2,2,0,0,1,0,0,0,0,0,7.95374E+20,5.84639E+21,1.33709E+16,5.26867E+16
61207,12,0,52,0,2018,4,11,4,3,6,4,0,0,1,1,0,0,0,0,8.67857E+20,5.7475E+21,1.43314E+16,5.17573E+16
61208,12,0,60,269,2018,4,7,2,3,2,6,0,0,1,0,0,0,0,0,7.97462E+20,5.84493E+21,1.34004E+16,5.26725E+16
61209,12,0,64,428,2018,4,21,1,2,7,7,2,0,0,0,1,0,0,0,8.2212E+20,5.82487E+21,1.37443E+16,5.24787E+16
61210,12,0,69,590,2018,4,14,6,2,2,6,0,0,1,0,0,0,0,0,7.66993E+20,5.80004E+21,1.29149E+16,5.22857E+16
61211,12,0,73,261,2018,4,7,4,1,8,1,0,0,1,0,0,0,0,0,8.32043E+20,5.92047E+21,1.39875E+16,5.3329E+16
61212,12,0,60,45,2018,4,14,4,3,8,1,0,0,0,0,1,0,0,0,8.28833E+20,5.87173E+21,1.38896E+16,5.28944E+16
61213,12,0,71,244,2018,5,12,5,2,4,6,0,0,1,0,1,0,0,0,8.60387E+20,5.74793E+21,1.42241E+16,5.1766E+16
61214,12,0,73,429,2018,4,20,6,2,7,7,2,0,0,0,1,0,0,0,8.13868E+20,5.91432E+21,1.37095E+16,5.32849E+16
61215,12,0,60,52,2018,5,14,1,2,7,7,0,0,0,0,1,0,0,0,8.25982E+20,5.86621E+21,1.38418E+16,5.28467E+16
61216,12,0,60,52,2018,4,10,5,3,5,2,0,1,1,0,0,0,0,0,8.23528E+20,5.86458E+21,1.38039E+16,5.28336E+16
61217,12,0,60,5,2018,4,11,4,3,5,2,0,0,1,0,0,0,0,0,8.12095E+20,5.83182E+21,1.36037E+16,5.25468E+16
61218,12,0,69,616,2018,4,7,5,3,5,3,0,0,0,0,0,0,1,0,7.88775E+20,5.81335E+21,1.32448E+16,5.23941E+16
61219,12,0,62,177,2018,5,8,7,3,0,7,0,0,1,0,1,0,0,0,8.21036E+20,5.7194E+21,1.36296E+16,5.15342E+16
61220,12,0,67,440,2018,5,15,3,3,5,3,0,1,1,0,0,0,0,0,8.20213E+20,5.82416E+21,1.37157E+16,5.24735E+16
61221,12,0,64,227,2018,4,5,4,2,5,3,2,0,1,0,1,0,0,0,8.15015E+20,5.82692E+21,1.3642E+16,5.25012E+16
61222,12,0,71,244,2018,4,17,3,3,5,3,0,1,1,0,0,0,0,0,8.63257E+20,5.74635E+21,1.42638E+16,5.17499E+16
61223,12,0,61,433,2018,5,10,5,2,3,7,0,0,1,0,0,0,0,0,8.12504E+20,5.80648E+21,1.3586E+16,5.23194E+16
61224,12,0,51,0,2018,4,13,2,3,8,1,0,0,0,0,0,1,0,0,7.38256E+20,5.80291E+21,1.24965E+16,5.23247E+16
61225,12,0,73,85,2018,4,15,1,3,6,6,0,1,0,1,0,0,0,0,8.40505E+20,5.92906E+21,1.41233E+16,5.34005E+16
61226,12,0,68,425,2018,5,10,4,2,4,6,0,0,1,0,1,0,0,0,7.44651E+20,5.87978E+21,1.26472E+16,5.30116E+16
61227,12,0,69,454,2018,4,6,3,2,2,6,0,0,1,0,0,1,0,0,7.79179E+20,5.80256E+21,1.30952E+16,5.23023E+16
61228,12,0,64,472,2018,4,19,4,3,5,2,0,1,1,0,0,0,0,0,8.28705E+20,5.83168E+21,1.38477E+16,5.25358E+16
61229,12,0,72,240,2018,4,10,3,3,5,3,0,0,1,0,0,0,0,0,7.91661E+20,5.80188E+21,1.32772E+16,5.22897E+16
61230,12,0,65,332,2018,5,9,6,2,6,7,0,0,1,0,0,0,1,0,7.83723E+20,5.84753E+21,1.32E+16,5.27032E+16