OBJECTID_1,ULAND,UREGBEZ,UKREIS,UGEMEINDE,UJAHR,UMONAT,USTUNDE,UWOCHENTAG,UKATEGORIE,UART,UTYP1,ULICHTVERH,IstRad,IstPKW,IstFuss,IstKrad,IstGkfz,IstSonstig,STRZUSTAND,LINREFX,LINREFY,XGCSWGS84,YGCSWGS84
61787,12,0,51,0,2018,6,17,3,3,5,3,0,1,1,0,0,0,0,0,7.42019E+20,5.81334E+21,1.25591E+16,5.24166E+16
61788,12,0,53,0,2018,5,16,6,3,2,6,0,0,0,0,0,1,0,0,8.66962E+20,5.81038E+21,1.43859E+16,5.23207E+16
61789,12,0,67,426,2018,6,13,2,2,5,3,0,0,1,0,0,0,0,0,8.51268E+20,5.80492E+21,1.41509E+16,5.22821E+16
61790,12,0,52,0,2018,5,13,6,3,1,6,0,0,1,0,1,0,0,0,8.6688E+20,5.74269E+21,1.43123E+16,5.17149E+16
61791,12,0,61,260,2018,6,13,1,2,2,2,0,0,1,0,0,0,0,0,8.16136E+20,5.80032E+21,1.36334E+16,5.22622E+16
61792,12,0,67,144,2018,6,14,3,3,2,6,0,0,1,0,0,0,0,0,8.44694E+20,5.81244E+21,1.40626E+16,5.23536E+16
61793,12,0,65,332,2018,6,7,3,3,4,2,0,0,1,0,0,0,0,0,7.83125E+20,5.84473E+21,1.31887E+16,5.26784E+16
61794,12,0,60,198,2018,5,6,3,3,5,3,0,0,1,0,0,0,0,0,8.18954E+20,5.86697E+21,1.37386E+16,5.28577E+16
61795,12,0,60,52,2018,5,10,4,3,5,3,0,1,1,0,0,0,0,0,8.22979E+20,5.8647E+21,1.37959E+16,5.2835E+16
61796,12,0,53,0,2018,6,11,6,3,6,4,0,0,1,1,0,0,0,0,8.77104E+20,5.81278E+21,1.45367E+16,5.23354E+16
61797,12,0,67,426,2018,5,12,5,3,0,2,0,0,0,0,1,0,0,0,8.47787E+20,5.79678E+21,1.40917E+16,5.22114E+16
61798,12,0,69,397,2018,6,16,5,3,2,6,0,0,0,0,0,1,1,0,7.78689E+20,5.80237E+21,1.30879E+16,5.23009E+16
61799,12,0,72,17,2018,6,22,7,3,2,6,2,0,1,0,0,0,0,1,8.03238E+20,5.80479E+21,1.3449E+16,5.23095E+16
61800,12,0,60,280,2018,5,13,1,3,2,6,0,0,1,0,0,0,0,0,8.21115E+20,5.84249E+21,1.37466E+16,5.26371E+16
61801,12,0,71,372,2018,6,15,3,3,2,6,0,0,1,0,0,0,0,0,8.7152E+20,5.72613E+21,1.43616E+16,5.15635E+16
61802,12,0,67,469,2018,5,9,3,3,2,6,0,0,0,0,0,1,0,0,8.30164E+20,5.80673E+21,1.38445E+16,5.23114E+16
61803,12,0,61,405,2018,5,16,4,2,5,2,0,0,1,0,0,0,0,0,8.21975E+20,5.77298E+21,1.36928E+16,5.20138E+16
61804,12,0,60,45,2018,6,7,6,3,8,1,0,0,1,0,0,0,0,0,8.19189E+20,5.87266E+21,1.37476E+16,5.29086E+16
61805,12,0,60,280,2018,6,12,7,3,3,2,0,1,1,0,0,0,0,0,8.17751E+20,5.83771E+21,1.36925E+16,5.25963E+16
61806,12,0,67,144,2018,5,14,5,3,8,1,0,1,0,0,0,0,0,0,8.45611E+20,5.81051E+21,1.40741E+16,5.23358E+16
61807,12,0,67,336,2018,6,20,6,3,9,1,0,0,1,0,0,0,0,0,8.69731E+20,5.80244E+21,1.44177E+16,5.22478E+16
61808,12,0,64,428,2018,6,10,1,3,2,6,0,0,1,0,0,0,0,0,8.24672E+20,5.8269E+21,1.37837E+16,5.24953E+16
61809,12,0,61,435,2018,5,12,1,2,2,6,0,0,1,0,0,0,1,0,8.23208E+20,5.7725E+21,1.37102E+16,5.20088E+16
61810,12,0,67,120,2018,5,12,3,2,8,1,0,0,1,0,0,0,0,0,8.83314E+20,5.79364E+21,1.46057E+16,5.21598E+16
61811,12,0,67,201,2018,6,20,5,3,5,3,0,0,1,0,0,0,0,0,8.35652E+20,5.81637E+21,1.39343E+16,5.23944E+16
61812,12,0,72,240,2018,5,9,2,3,2,6,0,0,0,0,0,1,1,0,7.87158E+20,5.80296E+21,1.32122E+16,5.23018E+16
61813,12,0,66,196,2018,6,12,4,3,6,4,0,0,1,1,0,0,0,0,8.41553E+20,5.75738E+21,1.39615E+16,5.18624E+16
61814,12,0,65,356,2018,6,13,6,3,5,3,0,0,1,0,0,0,0,0,7.90445E+20,5.87765E+21,1.3326E+16,5.29696E+16
61815,12,0,65,198,2018,5,9,6,3,2,6,0,0,1,0,0,0,0,0,7.7927E+20,5.87239E+21,1.31555E+16,5.29284E+16
61816,12,0,65,144,2018,5,11,5,3,8,1,0,0,1,0,0,0,0,0,7.8701E+20,5.84187E+21,1.32435E+16,5.26507E+16
61817,12,0,62,341,2018,5,11,6,3,5,3,0,0,1,0,0,0,0,0,7.93124E+20,5.70973E+21,1.32203E+16,5.14627E+16
61818,12,0,54,0,2018,5,6,1,3,4,1,0,0,1,0,0,0,0,0,7.75399E+20,5.8199E+21,1.30541E+16,5.24597E+16
61819,12,0,69,656,2018,6,7,3,3,5,3,0,1,1,0,0,0,0,0,7.65908E+20,5.80723E+21,1.29047E+16,5.23507E+16
61820,12,0,60,185,2018,5,10,1,2,5,2,0,0,1,0,1,0,0,0,8.38436E+20,5.8766E+21,1.40368E+16,5.29321E+16
61821,12,0,61,216,2018,6,18,2,3,8,7,0,0,0,0,1,0,0,0,8.2404E+20,5.7812E+21,1.37306E+16,5.20863E+16
61822,12,0,61,316,2018,6,18,4,3,5,2,0,0,1,0,1,0,0,0,8.35805E+20,5.76623E+21,1.3887E+16,5.19452E+16
61823,12,0,61,260,2018,5,7,4,3,4,6,0,1,0,0,0,0,0,0,8.15674E+20,5.80428E+21,1.36303E+16,5.2298E+16
61824,12,0,51,0,2018,5,15,5,2,2,6,0,0,1,0,0,0,0,0,7.4011E+20,5.81481E+21,1.25321E+16,5.24306E+16
61825,12,0,53,0,2018,6,11,7,3,1,5,0,1,0,0,0,1,0,0,8.75446E+20,5.8162E+21,1.45163E+16,5.23671E+16
61826,12,0,69,656,2018,6,15,1,2,2,6,0,0,1,0,0,0,1,0,7.62138E+20,5.8123E+21,1.28534E+16,5.2398E+16
61827,12,0,65,225,2018,5,11,6,3,8,7,0,0,1,0,0,0,0,0,7.9596E+20,5.84352E+21,1.3377E+16,5.26607E+16
61828,12,0,60,269,2018,6,17,1,3,9,1,0,0,1,0,0,0,0,0,8.03995E+20,5.86678E+21,1.35169E+16,5.28647E+16
61829,12,0,63,252,2018,6,8,2,3,5,3,0,0,1,0,0,0,0,0,7.25571E+20,5.83972E+21,1.23356E+16,5.26604E+16
61830,12,0,67,201,2018,5,12,3,2,4,6,0,1,0,0,0,0,0,0,8.26723E+20,5.81817E+21,1.38053E+16,5.24159E+16
61831,12,0,65,96,2018,5,10,4,3,4,2,0,1,1,0,0,0,0,0,7.92573E+20,5.83991E+21,1.33238E+16,5.26302E+16
61832,12,0,65,256,2018,6,15,6,3,2,6,0,0,1,0,0,0,1,0,7.85103E+20,5.85854E+21,1.32299E+16,5.28011E+16
61833,12,0,65,100,2018,5,23,5,3,8,1,2,0,1,0,0,0,0,1,7.80103E+20,5.88904E+21,1.31823E+16,5.30772E+16
61834,12,0,51,0,2018,6,10,5,2,5,3,0,1,1,0,0,0,0,0,7.41207E+20,5.81113E+21,1.25456E+16,5.23972E+16
61835,12,0,62,333,2018,6,14,7,2,9,7,0,0,1,0,0,0,0,1,8.3213E+20,5.74037E+21,1.38089E+16,5.17157E+16
61836,12,0,70,244,2018,5,23,5,3,8,1,2,0,1,0,0,0,0,0,6.65262E+20,5.8859E+21,1.14683E+16,5.30969E+16
61837,12,0,65,165,2018,5,11,1,2,9,1,0,0,0,0,1,0,0,0,7.79872E+20,5.85738E+21,1.31515E+16,5.27935E+16
61838,12,0,63,273,2018,5,12,2,3,8,7,0,0,1,0,0,0,0,0,7.79746E+20,5.83618E+21,1.31316E+16,5.26035E+16
61839,12,0,72,120,2018,6,7,4,2,5,2,0,0,1,0,0,0,0,0,7.9116E+20,5.80842E+21,1.32755E+16,5.23486E+16
61840,12,0,67,440,2018,5,11,2,3,5,3,0,0,1,0,0,0,0,0,8.19078E+20,5.8247E+21,1.36995E+16,5.2479E+16
61841,12,0,69,656,2018,6,8,3,1,2,6,0,0,0,0,0,1,1,0,7.60663E+20,5.80449E+21,1.28258E+16,5.23287E+16
61842,12,0,69,249,2018,6,18,5,3,5,3,0,0,1,0,0,0,0,0,7.52702E+20,5.8124E+21,1.27151E+16,5.24034E+16
61843,12,0,66,112,2018,5,10,5,3,3,6,0,0,1,0,0,0,1,0,8.42653E+20,5.72968E+21,1.39502E+16,5.16136E+16
61844,12,0,54,0,2018,6,10,6,3,5,2,0,1,1,0,0,0,0,0,7.75713E+20,5.81275E+21,1.30528E+16,5.23954E+16
61845,12,0,68,117,2018,5,8,5,3,9,1,0,0,1,0,0,0,0,0,7.56289E+20,5.85663E+21,1.2802E+16,5.27984E+16
61846,12,0,65,36,2018,5,15,6,3,2,6,0,0,1,0,0,0,0,0,7.90125E+20,5.84728E+21,1.32942E+16,5.26975E+16
61847,12,0,72,426,2018,5,17,7,3,0,7,0,0,1,0,0,0,0,0,7.89937E+20,5.79793E+21,1.32486E+16,5.22552E+16
61848,12,0,60,5,2018,6,16,3,3,5,3,0,0,1,0,1,0,0,0,8.1077E+20,5.83495E+21,1.35872E+16,5.25756E+16
61849,12,0,72,232,2018,5,15,7,2,5,3,0,0,1,0,0,0,0,0,7.82915E+20,5.78276E+21,1.31333E+16,5.21228E+16
61850,12,0,66,272,2018,6,5,2,2,2,6,0,0,0,0,0,1,1,0,8.34198E+20,5.70695E+21,1.3807E+16,5.14151E+16
61851,12,0,70,424,2018,5,11,3,3,5,2,0,1,1,0,0,0,0,0,6.8398E+20,5.87793E+21,1.1743E+16,5.30193E+16
61852,12,0,65,144,2018,6,12,5,3,5,3,0,1,1,0,0,0,0,0,7.89908E+20,5.84411E+21,1.32882E+16,5.26692E+16
61853,12,0,62,500,2018,5,6,2,2,4,1,0,0,1,0,0,0,0,0,7.98763E+20,5.71767E+21,1.3308E+16,5.15309E+16
61854,12,0,64,428,2018,6,15,4,3,2,6,0,0,0,0,1,0,1,0,8.24102E+20,5.82452E+21,1.37731E+16,5.24744E+16
61855,12,0,72,240,2018,6,20,5,2,8,7,1,0,1,0,0,0,0,0,7.96467E+20,5.79906E+21,1.33449E+16,5.22618E+16
61856,12,0,63,80,2018,5,10,5,2,5,3,0,1,1,0,0,0,0,0,7.79015E+20,5.83165E+21,1.31171E+16,5.25632E+16
61857,12,0,69,596,2018,6,8,6,2,2,6,0,0,0,0,0,1,1,1,7.70057E+20,5.80184E+21,1.29611E+16,5.23004E+16
61858,12,0,68,320,2018,5,12,5,3,0,6,0,1,0,0,0,0,1,0,7.58633E+20,5.87481E+21,1.28511E+16,5.29604E+16
61859,12,0,73,452,2018,5,15,6,3,2,6,0,0,1,0,0,0,0,0,8.24879E+20,5.92279E+21,1.38827E+16,5.33542E+16
61860,12,0,64,512,2018,5,13,1,3,8,1,0,0,0,0,1,0,0,0,8.36724E+20,5.85539E+21,1.39896E+16,5.27432E+16
61861,12,0,71,160,2018,6,7,3,3,5,3,0,1,0,0,0,0,1,0,8.9184E+20,5.77059E+21,1.47034E+16,5.19476E+16
61862,12,0,65,84,2018,5,14,1,3,3,2,0,0,1,0,1,0,0,0,7.78149E+20,5.9024E+21,1.31648E+16,5.3198E+16
61863,12,0,70,96,2018,6,5,2,2,8,1,0,0,0,0,0,0,1,0,7.15188E+20,5.90218E+21,1.22238E+16,5.32253E+16
61864,12,0,73,532,2018,6,15,4,3,4,2,0,0,1,0,1,0,0,0,8.5413E+20,5.89205E+21,1.42863E+16,5.30603E+16
61865,12,0,65,36,2018,5,13,4,3,5,3,0,1,1,0,0,0,0,0,7.88642E+20,5.84771E+21,1.32727E+16,5.27022E+16
61866,12,0,61,316,2018,5,7,5,3,5,3,0,1,1,0,0,0,0,0,8.35906E+20,5.76507E+21,1.38873E+16,5.19348E+16
61867,12,0,65,165,2018,6,23,7,2,7,7,2,1,0,0,0,0,0,0,7.80847E+20,5.85623E+21,1.3165E+16,5.27827E+16
61868,12,0,73,572,2018,6,17,1,2,9,1,0,0,1,0,0,0,0,0,8.07761E+20,5.88235E+21,1.35875E+16,5.30021E+16
61869,12,0,67,36,2018,6,5,1,3,0,7,1,0,0,0,1,0,1,1,8.57935E+20,5.79242E+21,1.4235E+16,5.21659E+16
61870,12,0,69,402,2018,5,12,5,2,3,6,0,0,1,0,0,0,0,0,7.61841E+20,5.78019E+21,1.28242E+16,5.21101E+16
61871,12,0,72,120,2018,6,13,7,3,2,6,0,0,1,0,0,0,1,0,7.94207E+20,5.81218E+21,1.33234E+16,5.23807E+16
61872,12,0,61,450,2018,6,14,2,1,8,1,0,0,1,0,0,0,0,0,8.53573E+20,5.774E+21,1.41525E+16,5.20038E+16
61873,12,0,54,0,2018,5,18,4,3,5,3,0,1,1,0,0,0,0,0,7.75696E+20,5.81572E+21,1.3055E+16,5.2422E+16
61874,12,0,68,468,2018,5,16,3,3,5,3,0,1,1,0,0,0,0,0,7.32389E+20,5.89555E+21,1.24761E+16,5.31585E+16
61875,12,0,63,252,2018,5,11,3,3,2,6,0,0,1,0,0,0,0,0,7.2613E+20,5.83161E+21,1.23383E+16,5.25874E+16
61876,12,0,69,616,2018,6,9,5,3,5,2,0,0,1,0,1,0,0,0,7.92864E+20,5.81285E+21,1.33043E+16,5.23874E+16
61877,12,0,72,232,2018,5,10,4,3,3,6,0,1,0,0,0,0,1,0,7.86124E+20,5.77926E+21,1.31771E+16,5.20898E+16
61878,12,0,71,372,2018,6,20,5,3,5,3,0,1,1,0,0,0,0,0,8.70855E+20,5.72516E+21,1.4351E+16,5.15553E+16
61879,12,0,70,316,2018,6,20,7,2,8,7,1,0,1,0,0,0,0,1,7.21472E+20,5.89692E+21,1.23141E+16,5.31754E+16
61880,12,0,63,56,2018,5,5,4,3,3,6,1,0,1,0,0,0,0,0,7.75602E+20,5.82822E+21,1.3064E+16,5.25342E+16
61881,12,0,54,0,2018,5,18,7,3,2,2,0,0,1,0,0,0,0,0,7.75655E+20,5.81356E+21,1.30527E+16,5.24027E+16
61882,12,0,71,414,2018,5,8,2,3,8,1,0,0,0,0,0,0,1,0,8.83047E+20,5.74321E+21,1.45458E+16,5.17087E+16
61883,12,0,66,112,2018,6,9,4,2,8,1,0,0,1,0,0,0,0,0,8.4454E+20,5.72644E+21,1.39742E+16,5.15834E+16
61884,12,0,65,256,2018,5,15,2,3,5,3,0,0,1,0,1,0,0,0,7.88163E+20,5.85211E+21,1.32695E+16,5.27419E+16
61885,12,0,73,452,2018,6,16,3,3,5,3,0,0,1,0,0,0,0,0,8.23876E+20,5.91874E+21,1.38635E+16,5.33185E+16
61886,12,0,71,372,2018,6,8,5,3,5,3,0,1,1,0,0,0,0,0,8.73116E+20,5.72413E+21,1.43824E+16,5.15446E+16
61887,12,0,62,425,2018,5,6,5,3,8,1,0,0,1,0,0,0,0,0,8.35184E+20,5.7291E+21,1.38421E+16,5.16129E+16
61888,12,0,61,572,2018,6,18,6,3,8,7,0,0,1,0,0,0,0,1,8.10868E+20,5.80906E+21,1.35645E+16,5.23435E+16
61889,12,0,67,144,2018,5,15,5,3,5,3,0,1,1,0,0,0,0,0,8.45448E+20,5.81146E+21,1.40727E+16,5.23443E+16
61890,12,0,69,656,2018,5,15,5,3,5,3,0,1,1,0,0,0,0,0,7.66342E+20,5.80949E+21,1.29128E+16,5.23708E+16
61891,12,0,60,52,2018,5,6,7,3,5,2,0,0,1,0,1,0,0,0,8.24556E+20,5.86504E+21,1.38196E+16,5.28371E+16
61892,12,0,65,84,2018,6,0,3,2,4,6,2,0,1,0,0,1,0,0,7.74892E+20,5.90555E+21,1.31188E+16,5.3228E+16
61893,12,0,64,274,2018,5,14,7,3,4,6,0,1,0,0,0,0,1,0,8.62578E+20,5.84599E+21,1.43606E+16,5.26424E+16
61894,12,0,60,269,2018,6,21,2,3,3,6,1,0,1,0,0,0,0,0,8.00174E+20,5.84742E+21,1.34426E+16,5.26933E+16
61895,12,0,61,433,2018,5,10,4,1,2,6,0,0,0,0,0,1,1,0,8.09816E+20,5.80624E+21,1.35465E+16,5.23188E+16
61896,12,0,60,45,2018,6,13,1,3,3,6,0,0,1,0,0,0,0,1,8.21609E+20,5.87544E+21,1.37863E+16,5.29321E+16
61897,12,0,63,273,2018,6,21,3,3,9,1,0,0,1,0,0,0,0,0,7.70779E+20,5.84201E+21,1.30043E+16,5.26603E+16
61898,12,0,54,0,2018,5,14,3,3,5,3,0,1,1,0,0,0,0,0,7.78897E+20,5.80918E+21,1.30966E+16,5.23618E+16
61899,12,0,65,144,2018,5,16,5,3,2,2,0,0,1,0,0,0,0,0,7.87152E+20,5.84218E+21,1.32459E+16,5.26534E+16
61900,12,0,54,0,2018,6,8,6,3,0,6,0,1,0,0,0,0,0,0,7.75668E+20,5.81362E+21,1.30529E+16,5.24033E+16
61901,12,0,72,312,2018,6,14,7,2,8,1,0,0,0,0,1,0,0,0,7.85564E+20,5.79127E+21,1.3179E+16,5.21978E+16
61902,12,0,69,397,2018,6,21,7,2,4,2,2,0,1,0,1,0,0,0,7.74434E+20,5.80189E+21,1.30252E+16,5.22986E+16
61903,12,0,69,632,2018,5,13,4,2,9,7,0,0,1,0,0,0,0,0,7.70986E+20,5.78051E+21,1.29577E+16,5.21086E+16
61904,12,0,63,208,2018,6,10,6,3,5,3,0,1,1,0,0,0,0,0,7.62722E+20,5.83547E+21,1.28803E+16,5.26056E+16
61905,12,0,63,208,2018,6,6,1,1,8,1,0,0,1,0,0,0,0,1,7.626E+20,5.8353E+21,1.28784E+16,5.26042E+16
61906,12,0,60,181,2018,5,10,2,3,5,3,0,1,1,0,0,0,0,0,8.07431E+20,5.83975E+21,1.35425E+16,5.26205E+16
61907,12,0,61,405,2018,5,12,3,2,2,1,0,0,1,0,0,1,0,0,8.20175E+20,5.7757E+21,1.36692E+16,5.20392E+16
61908,12,0,62,453,2018,6,2,5,3,0,1,2,1,0,0,0,0,0,0,8.12193E+20,5.72237E+21,1.35052E+16,5.15658E+16
61909,12,0,63,80,2018,6,1,1,2,5,2,2,0,1,0,1,0,0,0,7.77689E+20,5.83215E+21,1.3098E+16,5.25684E+16
61910,12,0,60,269,2018,5,9,5,3,3,6,0,1,1,0,0,0,0,0,7.98694E+20,5.85716E+21,1.34296E+16,5.27815E+16
61911,12,0,67,201,2018,6,12,4,3,5,3,0,1,1,0,0,0,0,0,8.27228E+20,5.8192E+21,1.38137E+16,5.24248E+16
61912,12,0,69,485,2018,5,19,3,2,2,6,0,0,0,0,0,1,0,0,7.5E+20,5.77315E+21,1.26465E+16,5.20525E+16
61913,12,0,64,393,2018,5,17,5,3,3,2,0,0,1,0,0,0,0,0,8.37406E+20,5.8436E+21,1.39876E+16,5.26372E+16
61914,12,0,72,477,2018,6,16,6,2,0,7,0,1,0,0,0,0,0,0,8.04733E+20,5.79434E+21,1.34614E+16,5.2215E+16
61915,12,0,70,60,2018,6,14,1,2,5,3,0,0,1,0,1,0,0,0,6.79704E+20,5.87827E+21,1.16795E+16,5.30237E+16
61916,12,0,54,0,2018,6,12,7,3,2,6,0,0,1,0,0,0,0,0,7.68964E+20,5.82339E+21,1.29625E+16,5.24942E+16
61917,12,0,61,265,2018,5,8,4,3,5,2,0,0,1,0,0,0,0,0,8.25658E+20,5.77515E+21,1.37483E+16,5.20311E+16
61918,12,0,67,120,2018,6,12,7,2,5,2,0,0,1,0,0,0,0,0,8.85655E+20,5.79278E+21,1.46388E+16,5.21505E+16
61919,12,0,65,356,2018,6,13,2,3,5,3,0,1,0,0,0,0,0,0,7.9131E+20,5.87948E+21,1.33404E+16,5.29855E+16
61920,12,0,69,17,2018,5,15,2,2,4,2,0,0,0,0,1,0,1,0,7.73027E+20,5.79445E+21,1.29986E+16,5.22327E+16
61921,12,0,54,0,2018,5,7,3,3,1,6,0,0,1,0,0,0,0,0,7.74926E+20,5.81883E+21,1.30463E+16,5.24504E+16
61922,12,0,69,397,2018,6,10,5,3,3,2,0,0,1,0,0,1,0,0,7.74495E+20,5.80215E+21,1.30263E+16,5.2301E+16
61923,12,0,71,44,2018,5,16,4,3,2,6,0,0,1,0,1,0,0,0,8.87181E+20,5.73328E+21,1.45943E+16,5.1617E+16
61924,12,0,67,481,2018,6,12,5,3,5,3,0,0,0,0,0,0,1,0,8.37894E+20,5.79899E+21,1.39497E+16,5.22374E+16
61925,12,0,63,252,2018,6,19,6,3,5,3,0,1,1,0,0,0,0,0,7.25971E+20,5.83351E+21,1.23372E+16,5.26046E+16
61926,12,0,71,301,2018,5,10,4,2,5,3,0,0,1,0,0,1,0,0,8.78385E+20,5.74484E+21,1.44804E+16,5.17264E+16
61927,12,0,62,140,2018,5,13,7,3,5,3,0,0,0,0,1,0,1,0,8.26387E+20,5.72984E+21,1.37162E+16,5.16247E+16
61928,12,0,60,181,2018,5,16,2,3,5,3,0,0,1,0,0,0,1,0,8.07241E+20,5.84353E+21,1.35432E+16,5.26545E+16
61929,12,0,67,469,2018,6,12,4,2,9,1,0,0,1,0,0,0,0,0,8.23758E+20,5.80911E+21,1.37531E+16,5.23366E+16
61930,12,0,63,88,2018,5,13,1,2,5,2,0,1,1,0,0,0,0,0,7.42188E+20,5.84762E+21,1.25866E+16,5.27241E+16
61931,12,0,65,332,2018,6,13,3,3,2,6,0,0,0,0,0,1,0,0,7.81604E+20,5.8477E+21,1.31688E+16,5.27058E+16
61932,12,0,64,29,2018,6,13,5,3,0,3,0,1,1,0,0,0,0,1,8.20552E+20,5.83438E+21,1.37305E+16,5.25648E+16
61933,12,0,64,29,2018,5,14,5,2,5,3,0,0,1,0,0,0,0,0,8.23948E+20,5.83302E+21,1.37791E+16,5.25506E+16
61934,12,0,60,269,2018,6,10,6,3,4,2,0,0,1,0,0,0,0,0,7.9968E+20,5.84988E+21,1.34376E+16,5.27156E+16
61935,12,0,54,0,2018,6,14,4,3,3,6,0,1,0,0,0,0,1,0,7.75644E+20,5.81628E+21,1.30547E+16,5.24271E+16
61936,12,0,69,604,2018,5,15,4,3,5,3,0,1,0,0,0,0,1,0,7.8548E+20,5.81217E+21,1.31955E+16,5.23853E+16
61937,12,0,60,198,2018,5,14,5,2,0,1,0,1,0,0,0,0,0,0,8.04809E+20,5.87167E+21,1.35336E+16,5.2908E+16
61938,12,0,69,590,2018,5,0,6,2,2,6,2,0,1,0,0,1,0,0,7.6621E+20,5.80118E+21,1.29043E+16,5.22964E+16
61939,12,0,69,304,2018,6,14,2,3,5,3,0,1,1,0,0,0,0,0,7.87923E+20,5.81451E+21,1.32333E+16,5.24049E+16
61940,12,0,65,165,2018,5,11,7,2,8,1,0,0,0,0,1,0,0,0,7.71879E+20,5.85769E+21,1.30335E+16,5.28004E+16
61941,12,0,68,117,2018,6,7,2,2,9,1,0,0,1,0,0,0,0,0,7.59909E+20,5.85322E+21,1.28529E+16,5.27662E+16
61942,12,0,71,160,2018,6,15,3,3,5,3,0,1,1,0,0,0,0,0,8.92065E+20,5.76972E+21,1.47056E+16,5.19397E+16
61943,12,0,63,208,2018,6,9,3,2,5,3,0,0,1,0,1,0,0,0,7.64175E+20,5.83838E+21,1.2904E+16,5.2631E+16
61944,12,0,61,332,2018,5,18,3,2,0,3,0,0,1,0,1,0,0,0,8.09962E+20,5.80315E+21,1.35458E+16,5.22911E+16
61945,12,0,72,340,2018,5,23,4,3,0,7,2,1,0,0,0,0,0,0,8.03635E+20,5.80379E+21,1.34539E+16,5.23004E+16
61946,12,0,61,320,2018,6,9,6,2,2,6,0,0,1,0,0,1,0,0,8.28135E+20,5.75822E+21,1.37682E+16,5.1878E+16
61947,12,0,60,154,2018,6,14,7,3,2,6,0,0,1,0,0,0,0,0,8.06974E+20,5.86123E+21,1.35558E+16,5.28133E+16
61948,12,0,67,469,2018,6,15,7,3,3,6,0,0,1,0,0,0,0,1,8.23937E+20,5.81066E+21,1.37572E+16,5.23503E+16
61949,12,0,71,244,2018,5,11,4,3,4,6,0,0,0,0,0,1,0,0,8.63069E+20,5.7455E+21,1.42603E+16,5.17425E+16
61950,12,0,60,52,2018,6,18,6,2,6,4,0,0,0,1,0,0,1,0,8.23171E+20,5.86464E+21,1.37987E+16,5.28344E+16
61951,12,0,61,260,2018,6,0,1,3,8,1,2,0,1,0,0,0,0,1,8.15689E+20,5.80427E+21,1.36306E+16,5.22979E+16
61952,12,0,69,590,2018,5,15,1,2,8,1,0,0,0,0,1,0,0,0,7.65426E+20,5.80175E+21,1.28933E+16,5.23018E+16
61953,12,0,60,52,2018,5,8,3,3,5,2,0,0,1,0,0,0,0,0,8.18259E+20,5.86519E+21,1.37266E+16,5.28422E+16
61954,12,0,64,380,2018,6,9,5,3,0,7,0,0,0,0,1,0,0,0,8.23486E+20,5.82999E+21,1.37693E+16,5.25237E+16
61955,12,0,65,332,2018,5,18,3,3,0,2,0,1,1,0,0,0,0,1,7.82681E+20,5.84551E+21,1.31829E+16,5.26856E+16
61956,12,0,54,0,2018,6,16,4,3,5,2,0,0,1,0,0,0,0,0,7.74917E+20,5.81883E+21,1.30462E+16,5.24504E+16
61957,12,0,64,428,2018,6,13,6,3,2,6,0,0,1,0,0,0,0,0,8.3331E+20,5.82584E+21,1.39095E+16,5.24807E+16
61958,12,0,67,201,2018,5,16,6,3,5,3,0,1,1,0,0,0,0,0,8.28717E+20,5.82048E+21,1.38368E+16,5.24354E+16
61959,12,0,52,0,2018,5,12,4,3,4,2,0,1,0,0,0,0,1,0,8.69713E+20,5.74822E+21,1.4359E+16,5.17625E+16
61960,12,0,69,306,2018,5,17,6,2,5,3,0,0,1,0,0,0,1,0,7.56379E+20,5.80795E+21,1.27657E+16,5.23617E+16
61961,12,0,72,426,2018,5,13,1,2,8,1,0,0,0,0,1,0,0,0,7.79819E+20,5.79237E+21,1.30961E+16,5.22106E+16
61962,12,0,72,120,2018,6,11,3,3,5,3,0,1,1,0,0,0,0,0,7.93693E+20,5.81045E+21,1.33143E+16,5.23655E+16
61963,12,0,73,261,2018,5,14,1,3,2,6,0,0,1,0,0,0,0,0,8.32351E+20,5.91591E+21,1.39873E+16,5.32879E+16
61964,12,0,54,0,2018,6,7,2,3,5,2,0,1,1,0,0,0,0,0,7.74843E+20,5.81267E+21,1.304E+16,5.23951E+16
61965,12,0,54,0,2018,6,9,4,3,5,3,0,1,1,0,0,0,0,0,7.7786E+20,5.81252E+21,1.30841E+16,5.23922E+16
61966,12,0,71,244,2018,5,18,4,3,8,7,0,0,0,0,0,0,1,0,8.53239E+20,5.7465E+21,1.41195E+16,5.17577E+16
61967,12,0,69,397,2018,6,2,4,3,2,6,2,0,1,0,0,1,0,0,7.73373E+20,5.80235E+21,1.30101E+16,5.23033E+16
61968,12,0,67,469,2018,6,21,6,3,7,7,2,0,1,0,0,0,0,0,8.24044E+20,5.81135E+21,1.37595E+16,5.23564E+16
61969,12,0,60,269,2018,5,13,6,3,5,3,0,1,1,0,0,0,0,0,8.01788E+20,5.85472E+21,1.34731E+16,5.27579E+16
61970,12,0,60,269,2018,5,14,4,2,2,6,0,0,1,0,0,0,1,0,8.06511E+20,5.85355E+21,1.35418E+16,5.27447E+16
61971,12,0,65,144,2018,5,13,7,2,5,3,0,1,1,0,0,0,0,0,7.91895E+20,5.84434E+21,1.33177E+16,5.26702E+16