OBJECTID_1,ULAND,UREGBEZ,UKREIS,UGEMEINDE,UJAHR,UMONAT,USTUNDE,UWOCHENTAG,UKATEGORIE,UART,UTYP1,ULICHTVERH,IstRad,IstPKW,IstFuss,IstKrad,IstGkfz,IstSonstig,STRZUSTAND,LINREFX,LINREFY,XGCSWGS84,YGCSWGS84
62713,12,0,66,8,2018,9,11,7,3,2,6,0,0,0,0,1,0,1,0,8.48195E+20,5.73361E+21,1.40338E+16,5.16455E+16
62714,12,0,64,274,2018,7,7,4,3,2,7,0,0,1,0,0,0,1,1,8.62537E+20,5.84614E+21,1.43602E+16,5.26437E+16
62715,12,0,61,433,2018,7,14,5,3,2,2,0,0,1,0,0,0,0,0,8.10397E+20,5.81173E+21,1.35601E+16,5.23677E+16
62716,12,0,63,80,2018,9,10,6,3,5,3,0,0,1,0,0,0,0,0,7.78129E+20,5.83244E+21,1.31047E+16,5.25708E+16
62717,12,0,72,169,2018,7,14,6,3,8,7,0,0,1,0,0,0,0,0,7.83259E+20,5.77454E+21,1.31315E+16,5.20489E+16
62718,12,0,68,117,2018,8,9,5,3,8,1,0,0,0,0,1,0,0,1,7.54516E+20,5.86222E+21,1.27801E+16,5.28495E+16
62719,12,0,60,52,2018,9,16,2,3,4,6,0,0,0,0,0,1,0,0,8.21491E+20,5.86172E+21,1.3771E+16,5.28092E+16
62720,12,0,61,433,2018,8,20,5,3,0,1,1,0,0,0,1,0,0,1,8.093E+20,5.81214E+21,1.35444E+16,5.2372E+16
62721,12,0,65,84,2018,8,11,2,3,4,7,0,0,1,0,0,0,0,0,7.82744E+20,5.90326E+21,1.32341E+16,5.32033E+16
62722,12,0,64,417,2018,9,23,7,3,7,7,2,0,1,0,0,0,0,0,8.41688E+20,5.84705E+21,1.40542E+16,5.26654E+16
62723,12,0,60,100,2018,7,7,5,3,3,6,0,0,1,0,0,1,0,0,8.23686E+20,5.88467E+21,1.38263E+16,5.30135E+16
62724,12,0,60,269,2018,9,11,1,2,6,2,0,0,1,1,0,0,0,0,8.02468E+20,5.84658E+21,1.34757E+16,5.26845E+16
62725,12,0,63,260,2018,9,9,7,2,8,7,0,0,1,0,0,0,0,0,7.26653E+20,5.84716E+21,1.23567E+16,5.27268E+16
62726,12,0,72,17,2018,8,6,3,2,2,6,0,0,0,0,0,1,1,0,8.01648E+20,5.8043E+21,1.34253E+16,5.2306E+16
62727,12,0,67,120,2018,7,13,3,1,2,6,0,1,0,0,0,0,0,0,8.86019E+20,5.78998E+21,1.46409E+16,5.21251E+16
62728,12,0,62,293,2018,8,18,2,3,4,6,0,0,1,0,0,0,0,0,8.27652E+20,5.72945E+21,1.37341E+16,5.16205E+16
62729,12,0,67,469,2018,7,11,5,2,2,6,0,0,1,0,1,0,0,0,8.23795E+20,5.80957E+21,1.37541E+16,5.23406E+16
62730,12,0,60,269,2018,9,9,3,3,8,6,0,1,0,0,0,0,1,0,8.00123E+20,5.84645E+21,1.3441E+16,5.26846E+16
62731,12,0,71,153,2018,7,7,2,2,2,6,0,0,1,0,0,0,0,0,8.87264E+20,5.7423E+21,1.46055E+16,5.16977E+16
62732,12,0,64,227,2018,7,7,6,2,3,7,0,0,1,0,0,0,1,0,8.15823E+20,5.83357E+21,1.36602E+16,5.25604E+16
62733,12,0,63,36,2018,8,22,5,2,8,1,2,0,0,0,0,0,1,1,7.74157E+20,5.83515E+21,1.30485E+16,5.25971E+16
62734,12,0,61,260,2018,8,9,4,3,5,3,0,1,1,0,0,0,0,0,8.15108E+20,5.80436E+21,1.36221E+16,5.2299E+16
62735,12,0,60,269,2018,9,15,3,3,2,2,0,0,1,0,0,0,1,0,8.07693E+20,5.85689E+21,1.35624E+16,5.27739E+16
62736,12,0,61,216,2018,9,11,2,3,2,6,0,0,1,0,0,1,0,0,8.18934E+20,5.77805E+21,1.36533E+16,5.2061E+16
62737,12,0,63,252,2018,9,16,7,3,8,7,0,1,0,0,0,0,0,0,7.26005E+20,5.83363E+21,1.23378E+16,5.26056E+16
62738,12,0,71,160,2018,7,10,4,2,0,1,0,1,0,0,0,0,0,1,8.90755E+20,5.77596E+21,1.46938E+16,5.19964E+16
62739,12,0,60,20,2018,7,14,5,3,5,3,0,1,0,0,0,0,1,0,8.09578E+20,5.84601E+21,1.358E+16,5.26754E+16
62740,12,0,70,125,2018,9,7,7,3,7,7,1,0,1,0,0,0,0,0,7.02077E+20,5.88954E+21,1.20197E+16,5.31169E+16
62741,12,0,65,198,2018,7,13,7,3,2,6,0,0,1,0,0,0,0,0,7.84717E+20,5.85946E+21,1.3225E+16,5.28096E+16
62742,12,0,67,72,2018,8,18,5,3,2,6,0,0,1,0,0,1,1,0,8.61262E+20,5.81031E+21,1.43026E+16,5.23239E+16
62743,12,0,51,0,2018,9,10,2,3,6,2,0,0,1,1,0,0,0,0,7.41672E+20,5.81331E+21,1.2554E+16,5.24166E+16
62744,12,0,54,0,2018,8,11,5,3,2,6,0,0,1,0,0,0,1,0,7.75161E+20,5.81299E+21,1.30449E+16,5.23979E+16
62745,12,0,67,201,2018,8,15,2,3,8,1,0,1,0,0,0,0,0,0,8.28377E+20,5.81991E+21,1.38313E+16,5.24306E+16
62746,12,0,60,280,2018,9,13,7,3,5,3,0,0,1,0,1,0,0,0,8.20496E+20,5.84163E+21,1.37367E+16,5.26298E+16
62747,12,0,64,29,2018,7,14,5,3,5,3,0,1,1,0,0,0,0,0,8.18786E+20,5.83138E+21,1.37016E+16,5.2539E+16
62748,12,0,71,392,2018,9,15,1,3,5,3,0,1,1,0,0,0,0,0,8.8595E+20,5.72935E+21,1.45723E+16,5.15827E+16
62749,12,0,73,430,2018,9,13,1,2,4,6,0,0,0,0,1,0,1,0,8.21794E+20,5.90744E+21,1.3821E+16,5.32185E+16
62750,12,0,64,380,2018,7,13,7,3,4,2,0,0,1,0,0,0,0,0,8.2685E+20,5.83139E+21,1.38201E+16,5.25343E+16
62751,12,0,61,17,2018,7,15,7,3,8,7,0,0,0,0,0,0,1,0,8.27698E+20,5.76405E+21,1.37674E+16,5.19305E+16
62752,12,0,71,301,2018,7,16,4,1,8,7,0,0,1,0,0,0,0,0,8.73632E+20,5.73918E+21,1.44058E+16,5.1679E+16
62753,12,0,65,136,2018,8,17,4,3,5,3,0,0,1,0,1,0,0,0,7.8479E+20,5.84039E+21,1.32095E+16,5.26386E+16
62754,12,0,73,201,2018,7,19,3,3,2,6,0,1,0,0,0,0,1,0,8.16343E+20,5.9015E+21,1.37337E+16,5.31686E+16
62755,12,0,54,0,2018,8,19,2,3,1,6,0,0,1,0,0,0,0,0,7.7786E+20,5.81227E+21,1.30839E+16,5.239E+16
62756,12,0,70,302,2018,7,17,5,3,5,2,0,0,1,0,0,1,0,0,7.05596E+20,5.87682E+21,1.2064E+16,5.30014E+16
62757,12,0,64,408,2018,6,16,5,3,5,7,0,0,1,0,1,0,0,0,8.32482E+20,5.82994E+21,1.39014E+16,5.25179E+16
62758,12,0,61,433,2018,7,8,2,3,8,1,0,0,0,0,1,0,0,0,8.02312E+20,5.81093E+21,1.3441E+16,5.23651E+16
62759,12,0,68,320,2018,7,14,5,3,2,2,0,1,1,0,0,0,0,0,7.56447E+20,5.87093E+21,1.28156E+16,5.29267E+16
62760,12,0,63,208,2018,9,9,5,3,3,2,0,1,1,0,0,0,0,0,7.66047E+20,5.84417E+21,1.29363E+16,5.2682E+16
62761,12,0,61,405,2018,7,8,5,3,9,1,0,0,1,0,0,0,0,1,8.21461E+20,5.77381E+21,1.36861E+16,5.20215E+16
62762,12,0,69,454,2018,7,12,2,3,5,2,0,0,1,0,1,0,0,0,7.82839E+20,5.80682E+21,1.31523E+16,5.23386E+16
62763,12,0,64,153,2018,9,15,1,3,8,1,0,0,0,0,1,0,0,0,8.33982E+20,5.83301E+21,1.39265E+16,5.25444E+16
62764,12,0,66,196,2018,8,16,4,3,0,7,0,1,0,0,0,0,0,0,8.4192E+20,5.75716E+21,1.39666E+16,5.18603E+16
62765,12,0,64,227,2018,8,9,7,3,5,3,0,0,1,0,0,0,0,0,8.14764E+20,5.83047E+21,1.36417E+16,5.25331E+16
62766,12,0,69,17,2018,8,8,5,3,8,1,0,0,1,0,0,0,0,1,7.75869E+20,5.78947E+21,1.30361E+16,5.21865E+16
62767,12,0,69,656,2018,9,0,6,3,2,7,2,0,1,0,0,0,0,1,7.61488E+20,5.81143E+21,1.28432E+16,5.23905E+16
62768,12,0,69,590,2018,9,8,5,3,2,6,0,0,1,0,0,0,0,0,7.64301E+20,5.80258E+21,1.28775E+16,5.23098E+16
62769,12,0,60,269,2018,8,17,2,3,6,4,0,0,1,1,0,0,0,0,8.01776E+20,5.85446E+21,1.34727E+16,5.27555E+16
62770,12,0,63,56,2018,9,22,4,3,0,1,2,1,0,0,0,0,0,0,7.74851E+20,5.82816E+21,1.30529E+16,5.2534E+16
62771,12,0,72,17,2018,7,9,7,3,3,6,0,0,1,0,0,1,0,0,7.99348E+20,5.80421E+21,1.33916E+16,5.23065E+16
62772,12,0,63,88,2018,7,10,4,2,0,2,0,0,0,0,0,1,1,0,7.41957E+20,5.85089E+21,1.25856E+16,5.27536E+16
62773,12,0,61,435,2018,8,14,2,2,2,6,0,0,1,0,0,0,0,0,8.22922E+20,5.77269E+21,1.37063E+16,5.20107E+16
62774,12,0,71,44,2018,9,19,4,3,6,2,2,0,1,1,0,0,0,0,8.87422E+20,5.73303E+21,1.45975E+16,5.16146E+16
62775,12,0,63,244,2018,7,14,3,3,5,3,0,0,1,0,0,0,0,0,7.25667E+20,5.82593E+21,1.23276E+16,5.25366E+16
62776,12,0,63,88,2018,7,12,7,3,9,2,0,0,1,0,1,0,0,0,7.4129E+20,5.85027E+21,1.25753E+16,5.27483E+16
62777,12,0,71,76,2018,9,13,6,3,5,2,0,1,1,0,0,0,0,0,8.89257E+20,5.7469E+21,1.46393E+16,5.17375E+16
62778,12,0,66,296,2018,8,16,2,1,4,6,0,0,1,0,0,0,0,0,8.41496E+20,5.71467E+21,1.3919E+16,5.14799E+16
62779,12,0,65,136,2018,8,13,7,2,5,2,0,0,1,0,1,0,0,0,7.83227E+20,5.84222E+21,1.31881E+16,5.26558E+16
62780,12,0,65,36,2018,8,11,6,2,1,5,0,0,1,0,1,0,0,0,7.89639E+20,5.8462E+21,1.32861E+16,5.26882E+16
62781,12,0,70,96,2018,9,15,5,3,2,6,0,0,1,0,0,0,0,0,7.13919E+20,5.90285E+21,1.22052E+16,5.32318E+16
62782,12,0,63,357,2018,9,17,3,2,9,1,0,0,1,0,0,0,0,0,7.69742E+20,5.82741E+21,1.29772E+16,5.25299E+16
62783,12,0,73,393,2018,8,17,7,2,8,1,0,0,1,0,0,0,0,0,8.60236E+20,5.9188E+21,1.44071E+16,5.32956E+16
62784,12,0,60,20,2018,9,18,2,3,5,2,0,1,0,0,0,0,0,0,8.09801E+20,5.84597E+21,1.35833E+16,5.26749E+16
62785,12,0,63,244,2018,7,16,5,2,4,2,0,1,1,0,0,0,0,0,7.25583E+20,5.82786E+21,1.23277E+16,5.25539E+16
62786,12,0,63,202,2018,7,8,4,2,3,6,0,0,1,0,0,0,1,0,7.46091E+20,5.84272E+21,1.26406E+16,5.26785E+16
62787,12,0,64,472,2018,7,23,1,3,8,7,2,0,1,0,0,0,0,0,8.26622E+20,5.83042E+21,1.38158E+16,5.25258E+16
62788,12,0,68,320,2018,8,17,7,3,4,1,0,0,1,0,0,0,0,0,7.53338E+20,5.87989E+21,1.27764E+16,5.30085E+16
62789,12,0,72,240,2018,8,15,6,3,5,3,0,1,1,0,0,0,0,0,7.90709E+20,5.80282E+21,1.3264E+16,5.22986E+16
62790,12,0,72,240,2018,9,6,2,2,7,7,2,0,1,0,1,0,0,0,7.95492E+20,5.80004E+21,1.33315E+16,5.22711E+16
62791,12,0,65,193,2018,7,12,2,3,2,2,0,0,1,0,0,0,0,0,7.9248E+20,5.86775E+21,1.33473E+16,5.28797E+16
62792,12,0,69,665,2018,7,20,5,3,2,6,0,1,1,0,0,0,0,0,7.27114E+20,5.78129E+21,1.23187E+16,5.21354E+16
62793,12,0,67,144,2018,8,22,5,3,5,3,2,0,1,0,0,0,0,0,8.46099E+20,5.81564E+21,1.40865E+16,5.23814E+16
62794,12,0,72,17,2018,8,10,3,3,1,7,0,0,1,0,0,0,0,0,8.04003E+20,5.80666E+21,1.34619E+16,5.23259E+16
62795,12,0,54,0,2018,9,14,2,3,0,1,0,1,0,0,0,0,0,0,7.7595E+20,5.81157E+21,1.30553E+16,5.23848E+16
62796,12,0,68,117,2018,9,15,2,3,5,3,0,0,1,0,0,0,0,0,7.55585E+20,5.85718E+21,1.2792E+16,5.28038E+16
62797,12,0,73,572,2018,9,17,7,2,9,1,0,0,1,0,0,0,0,0,8.09077E+20,5.88813E+21,1.36125E+16,5.30531E+16
62798,12,0,63,273,2018,7,11,3,3,5,3,0,1,1,0,0,0,0,0,7.79924E+20,5.83584E+21,1.3134E+16,5.26003E+16
62799,12,0,69,680,2018,7,7,4,3,7,7,0,0,1,0,0,0,0,0,7.34801E+20,5.79486E+21,1.24402E+16,5.2254E+16
62800,12,0,61,572,2018,9,13,6,3,5,3,0,0,1,0,1,0,0,0,8.15405E+20,5.80959E+21,1.36314E+16,5.23457E+16
62801,12,0,61,510,2018,7,14,6,2,9,7,0,0,1,0,0,0,0,0,8.35344E+20,5.78099E+21,1.38947E+16,5.20777E+16
62802,12,0,67,458,2018,8,15,4,2,8,1,0,0,1,0,0,0,0,0,8.71792E+20,5.7996E+21,1.44446E+16,5.2221E+16
62803,12,0,65,225,2018,9,8,2,3,2,6,0,0,1,0,0,1,0,0,7.95484E+20,5.84576E+21,1.33719E+16,5.2681E+16
62804,12,0,60,269,2018,8,13,5,3,2,6,0,0,0,0,0,0,1,0,8.08513E+20,5.85768E+21,1.35753E+16,5.27806E+16
62805,12,0,72,2,2018,8,9,1,3,5,3,0,1,1,0,0,0,0,0,8.00683E+20,5.79029E+21,1.33987E+16,5.2181E+16
62806,12,0,63,273,2018,8,14,6,2,4,1,0,0,1,0,1,0,0,0,7.65588E+20,5.84036E+21,1.29264E+16,5.26481E+16
62807,12,0,69,596,2018,7,12,4,3,2,6,0,0,1,0,0,0,0,0,7.72992E+20,5.79891E+21,1.30017E+16,5.22727E+16
62808,12,0,63,80,2018,9,12,7,2,6,4,0,0,1,1,0,0,0,0,7.7794E+20,5.83204E+21,1.31016E+16,5.25673E+16
62809,12,0,52,0,2018,9,10,7,3,2,6,0,0,1,0,0,0,0,0,8.66773E+20,5.74734E+21,1.43156E+16,5.17566E+16
62810,12,0,69,596,2018,8,11,3,3,4,2,0,1,1,0,0,0,0,0,7.72949E+20,5.7988E+21,1.3001E+16,5.22717E+16
62811,12,0,65,198,2018,9,8,6,3,2,2,0,0,1,0,0,0,0,1,7.88051E+20,5.86922E+21,1.32829E+16,5.28953E+16
62812,12,0,61,260,2018,7,17,2,2,2,6,0,0,1,0,0,1,0,0,8.19707E+20,5.80693E+21,1.36918E+16,5.23193E+16
62813,12,0,73,8,2018,8,12,2,3,3,6,0,1,1,0,0,0,0,0,8.34508E+20,5.88775E+21,1.39902E+16,5.30345E+16
62814,12,0,69,397,2018,7,10,4,2,2,1,0,0,1,0,0,0,1,0,7.79004E+20,5.80383E+21,1.30937E+16,5.23138E+16
62815,12,0,64,428,2018,8,9,4,3,3,6,0,0,1,0,0,1,0,0,8.24229E+20,5.82673E+21,1.37771E+16,5.24941E+16
62816,12,0,63,357,2018,7,11,1,2,0,1,0,0,0,0,1,0,0,0,7.6902E+20,5.82764E+21,1.29667E+16,5.25323E+16
62817,12,0,61,17,2018,7,23,4,3,8,1,2,0,1,0,0,0,0,0,8.28032E+20,5.76367E+21,1.37719E+16,5.19269E+16
62818,12,0,60,52,2018,9,15,5,3,4,2,0,0,1,0,1,0,0,0,8.23629E+20,5.86449E+21,1.38053E+16,5.28327E+16
62819,12,0,67,24,2018,7,14,5,3,5,3,0,1,1,0,0,0,0,1,8.45255E+20,5.80543E+21,1.40637E+16,5.22905E+16
62820,12,0,65,251,2018,7,18,2,3,2,6,0,0,1,0,0,0,1,0,7.77341E+20,5.84752E+21,1.31057E+16,5.27064E+16
62821,12,0,52,0,2018,9,18,7,3,2,6,0,0,1,0,0,0,0,0,8.67966E+20,5.74752E+21,1.4333E+16,5.17573E+16
62822,12,0,67,76,2018,8,16,4,2,8,7,0,0,1,0,0,0,0,0,8.80597E+20,5.80484E+21,1.45788E+16,5.22619E+16
62823,12,0,69,306,2018,8,4,6,3,2,6,2,0,1,0,0,0,1,0,7.51537E+20,5.80506E+21,1.26925E+16,5.23381E+16
62824,12,0,67,124,2018,8,14,5,3,0,7,0,1,0,0,0,0,0,0,8.23153E+20,5.81859E+21,1.37534E+16,5.24218E+16
62825,12,0,67,144,2018,9,13,6,3,2,6,0,0,1,0,0,0,0,0,8.38509E+20,5.81513E+21,1.39749E+16,5.23815E+16
62826,12,0,62,140,2018,9,19,5,3,5,3,0,1,1,0,0,0,0,0,8.26206E+20,5.73026E+21,1.3714E+16,5.16285E+16
62827,12,0,69,680,2018,8,11,1,3,8,1,0,0,1,0,0,0,0,0,7.34519E+20,5.79763E+21,1.2438E+16,5.22789E+16
62828,12,0,60,52,2018,9,14,4,2,4,6,0,0,1,0,0,0,0,0,8.26357E+20,5.86401E+21,1.38452E+16,5.28268E+16
62829,12,0,68,181,2018,7,22,7,2,0,6,2,0,1,0,0,0,0,0,7.3268E+20,5.88535E+21,1.24731E+16,5.30668E+16
62830,12,0,66,196,2018,7,12,4,3,1,6,0,0,1,0,0,0,0,0,8.39161E+20,5.75687E+21,1.39264E+16,5.18593E+16
62831,12,0,54,0,2018,8,16,1,3,6,4,0,1,0,1,0,0,0,0,7.72824E+20,5.81526E+21,1.30125E+16,5.24194E+16
62832,12,0,65,36,2018,9,16,4,3,2,6,0,0,1,0,0,0,0,0,7.88637E+20,5.84772E+21,1.32727E+16,5.27023E+16
62833,12,0,73,430,2018,7,15,3,2,8,7,0,0,1,0,0,0,0,0,8.2785E+20,5.90089E+21,1.39046E+16,5.31562E+16
62834,12,0,68,468,2018,7,15,7,3,2,6,0,0,1,0,0,0,0,0,7.30515E+20,5.89631E+21,1.24487E+16,5.31662E+16
62835,12,0,60,52,2018,8,7,4,2,5,3,0,1,1,0,0,0,0,0,8.19933E+20,5.86483E+21,1.3751E+16,5.2838E+16
62836,12,0,60,198,2018,7,18,2,3,2,6,0,0,1,0,1,0,0,0,8.15192E+20,5.86588E+21,1.36818E+16,5.28502E+16
62837,12,0,66,196,2018,7,14,4,3,8,1,0,0,1,0,0,0,0,0,8.41407E+20,5.74683E+21,1.3949E+16,5.1768E+16
62838,12,0,66,176,2018,9,17,5,3,2,6,1,0,1,0,0,1,0,0,8.2811E+20,5.71236E+21,1.37247E+16,5.14671E+16
62839,12,0,73,452,2018,7,16,5,3,2,2,0,0,1,0,0,0,0,1,8.22617E+20,5.9176E+21,1.38436E+16,5.33091E+16
62840,12,0,71,41,2018,7,12,2,3,8,7,0,0,1,0,0,0,0,0,8.61905E+20,5.75597E+21,1.42544E+16,5.18369E+16
62841,12,0,69,656,2018,9,0,7,3,7,7,2,0,1,0,0,0,0,0,7.65246E+20,5.81402E+21,1.29004E+16,5.2412E+16
62842,12,0,60,24,2018,8,18,4,3,0,6,0,0,1,0,0,1,0,0,8.13886E+20,5.85677E+21,1.36538E+16,5.27694E+16
62843,12,0,68,306,2018,8,11,7,3,2,6,0,0,1,0,0,0,0,0,7.49616E+20,5.8702E+21,1.27136E+16,5.29233E+16
62844,12,0,53,0,2018,8,2,5,3,2,6,2,0,0,0,0,0,1,0,8.79182E+20,5.81061E+21,1.45646E+16,5.23145E+16
62845,12,0,61,316,2018,9,15,6,2,4,6,0,0,1,0,0,0,0,0,8.33668E+20,5.76167E+21,1.38516E+16,5.19056E+16
62846,12,0,69,604,2018,9,12,5,3,2,6,0,0,1,0,0,0,1,0,7.85824E+20,5.81057E+21,1.31992E+16,5.23707E+16
62847,12,0,70,296,2018,8,10,2,3,3,6,0,1,0,0,0,0,0,0,6.91484E+20,5.88386E+21,1.18582E+16,5.30698E+16
62848,12,0,61,329,2018,9,14,4,3,5,3,0,0,1,0,0,0,0,0,8.46428E+20,5.78428E+21,1.40592E+16,5.21004E+16
62849,12,0,60,52,2018,7,2,7,3,0,1,2,1,0,0,0,0,0,0,8.21979E+20,5.86497E+21,1.37814E+16,5.2838E+16
62850,12,0,61,308,2018,7,15,4,2,3,6,0,1,1,0,0,0,0,0,8.6711E+20,5.76755E+21,1.43419E+16,5.19372E+16
62851,12,0,64,380,2018,8,9,2,3,4,6,0,0,1,0,0,0,1,0,8.2752E+20,5.8324E+21,1.3831E+16,5.25429E+16
62852,12,0,60,269,2018,9,15,4,2,4,6,0,0,1,0,1,0,0,0,8.01939E+20,5.84631E+21,1.34676E+16,5.26824E+16
62853,12,0,69,541,2018,7,23,3,1,8,1,2,0,1,0,0,0,0,0,7.52921E+20,5.82016E+21,1.27242E+16,5.24729E+16
62854,12,0,67,469,2018,7,15,7,2,2,6,0,0,1,0,0,0,1,0,8.22934E+20,5.80764E+21,1.37397E+16,5.23239E+16
62855,12,0,64,428,2018,9,13,6,2,2,2,0,0,1,0,0,0,0,0,8.23385E+20,5.82439E+21,1.37624E+16,5.24736E+16
62856,12,0,54,0,2018,8,15,6,2,5,2,0,1,1,0,0,0,0,0,7.75714E+20,5.81275E+21,1.30529E+16,5.23954E+16
62857,12,0,69,270,2018,8,17,5,3,6,4,0,0,1,1,0,0,0,0,7.34716E+20,5.81946E+21,1.24562E+16,5.24748E+16
62858,12,0,69,590,2018,9,17,4,3,5,3,0,1,1,0,0,0,0,0,7.7014E+20,5.80885E+21,1.2968E+16,5.23633E+16
62859,12,0,66,196,2018,9,16,3,3,4,2,0,1,1,0,0,0,0,0,8.39857E+20,5.75756E+21,1.39372E+16,5.18651E+16
62860,12,0,65,36,2018,8,4,7,3,2,6,2,0,1,0,0,1,0,0,7.88697E+20,5.84747E+21,1.32733E+16,5.27E+16
62861,12,0,67,144,2018,9,7,2,3,5,3,0,1,1,0,0,0,0,0,8.44574E+20,5.81302E+21,1.40615E+16,5.23589E+16
62862,12,0,61,433,2018,7,12,5,3,5,3,0,0,1,0,0,0,0,0,8.07327E+20,5.81479E+21,1.35179E+16,5.23968E+16
62863,12,0,61,572,2018,7,14,4,3,0,1,0,0,0,0,1,0,0,0,8.15928E+20,5.8086E+21,1.36381E+16,5.23365E+16
62864,12,0,70,149,2018,7,15,1,1,3,6,0,0,1,0,1,0,0,0,7.07518E+20,5.87318E+21,1.20903E+16,5.2968E+16
62865,12,0,61,433,2018,8,20,6,3,5,2,0,0,1,0,1,0,0,0,8.06608E+20,5.81371E+21,1.35064E+16,5.23876E+16
62866,12,0,61,260,2018,8,2,6,2,2,3,2,0,1,0,0,1,0,0,8.20336E+20,5.80725E+21,1.37013E+16,5.23219E+16
62867,12,0,54,0,2018,9,17,2,3,6,4,0,1,0,1,0,0,0,0,7.74954E+20,5.81278E+21,1.30417E+16,5.23961E+16
62868,12,0,63,189,2018,7,16,1,2,8,1,0,0,0,0,1,0,0,0,7.20288E+20,5.83158E+21,1.22522E+16,5.25895E+16
62869,12,0,60,52,2018,7,14,5,3,2,2,0,0,1,0,0,0,0,0,8.2364E+20,5.8644E+21,1.38054E+16,5.28319E+16
62870,12,0,68,117,2018,8,7,5,3,2,6,0,0,1,0,1,0,0,0,7.54354E+20,5.86208E+21,1.27776E+16,5.28483E+16
62871,12,0,61,329,2018,8,14,3,3,5,3,0,0,1,0,0,0,0,0,8.38592E+20,5.77454E+21,1.39356E+16,5.20179E+16
62872,12,0,69,76,2018,9,13,1,2,3,6,0,1,1,0,0,0,0,1,7.56882E+20,5.78889E+21,1.27585E+16,5.21905E+16
62873,12,0,61,219,2018,7,15,3,3,5,3,0,0,1,0,0,0,0,0,8.19802E+20,5.75265E+21,1.36423E+16,5.18329E+16
62874,12,0,62,492,2018,7,15,4,3,9,1,0,0,0,0,0,0,1,0,8.072E+20,5.7248E+21,1.34355E+16,5.15903E+16
62875,12,0,60,269,2018,9,20,6,3,2,6,2,0,1,0,0,0,0,1,7.99479E+20,5.85036E+21,1.3435E+16,5.27201E+16
62876,12,0,64,266,2018,7,19,6,2,3,6,0,0,1,0,0,0,0,1,8.74977E+20,5.83711E+21,1.4533E+16,5.25545E+16
62877,12,0,54,0,2018,7,7,3,3,0,7,0,0,0,0,1,0,0,0,7.70267E+20,5.81907E+21,1.29781E+16,5.24548E+16
62878,12,0,63,293,2018,9,6,1,2,8,7,0,0,1,0,0,0,0,0,7.3123E+20,5.83428E+21,1.24153E+16,5.26092E+16
62879,12,0,60,20,2018,8,11,5,3,5,3,0,0,1,0,1,0,0,0,8.10809E+20,5.84702E+21,1.35991E+16,5.26838E+16
62880,12,0,60,12,2018,8,14,1,3,4,2,0,0,1,0,0,0,0,0,8.21806E+20,5.87613E+21,1.37899E+16,5.29381E+16
62881,12,0,61,20,2018,8,17,6,3,5,3,0,0,1,0,0,0,0,0,8.18647E+20,5.79744E+21,1.36673E+16,5.2235E+16
62882,12,0,71,57,2018,9,12,7,2,5,3,0,0,1,0,0,0,0,0,8.62186E+20,5.7346E+21,1.42362E+16,5.16454E+16
62883,12,0,64,136,2018,9,15,7,3,8,7,0,0,0,0,1,0,0,0,8.23067E+20,5.82996E+21,1.37632E+16,5.25237E+16
62884,12,0,62,289,2018,8,17,3,3,8,1,0,0,1,0,0,0,0,0,8.02685E+20,5.7486E+21,1.33911E+16,5.18061E+16
62885,12,0,63,189,2018,9,15,5,3,4,6,0,0,1,0,0,0,0,0,7.28611E+20,5.81839E+21,1.23658E+16,5.24677E+16
62886,12,0,64,44,2018,7,19,2,2,7,7,0,0,0,0,1,0,0,0,8.41743E+20,5.86542E+21,1.40741E+16,5.28299E+16
62887,12,0,64,428,2018,8,5,2,3,8,1,0,0,1,0,0,0,0,0,8.24058E+20,5.82809E+21,1.37759E+16,5.25064E+16
62888,12,0,71,193,2018,7,12,4,3,4,6,0,0,1,0,0,0,0,0,8.79962E+20,5.75979E+21,1.45195E+16,5.18592E+16
62889,12,0,65,356,2018,8,4,4,2,7,7,2,0,0,0,1,0,0,0,7.8526E+20,5.88367E+21,1.32543E+16,5.30264E+16
62890,12,0,70,296,2018,9,20,5,3,5,3,2,0,1,0,0,1,0,0,6.92508E+20,5.88481E+21,1.1874E+16,5.3078E+16
62891,12,0,72,157,2018,7,15,4,3,5,2,0,0,1,0,0,0,1,0,8.01747E+20,5.7557E+21,1.33838E+16,5.18703E+16
62892,12,0,66,320,2018,7,18,1,3,7,7,0,0,1,0,0,0,0,0,8.50584E+20,5.74777E+21,1.40824E+16,5.17707E+16
62893,12,0,60,20,2018,9,11,7,3,3,6,0,1,1,0,0,0,0,0,8.11237E+20,5.84375E+21,1.36023E+16,5.26542E+16
62894,12,0,69,306,2018,8,5,3,3,9,1,1,0,1,0,0,0,0,0,7.52092E+20,5.8052E+21,1.27008E+16,5.23391E+16
62895,12,0,73,578,2018,8,12,1,3,2,6,0,0,1,0,0,0,0,0,8.33733E+20,5.91056E+21,1.40024E+16,5.32392E+16
62896,12,0,63,80,2018,8,11,6,2,3,6,0,0,0,0,1,1,0,0,7.78317E+20,5.83193E+21,1.3107E+16,5.25661E+16
62897,12,0,63,80,2018,8,13,4,2,5,3,0,1,1,0,0,0,0,0,7.79613E+20,5.83139E+21,1.31256E+16,5.25606E+16
62898,12,0,68,264,2018,9,7,6,3,5,3,0,1,1,0,0,0,0,0,7.2924E+20,5.8716E+21,1.24121E+16,5.2945E+16