OBJECTID_1,ULAND,UREGBEZ,UKREIS,UGEMEINDE,UJAHR,UMONAT,USTUNDE,UWOCHENTAG,UKATEGORIE,UART,UTYP1,ULICHTVERH,IstRad,IstPKW,IstFuss,IstKrad,IstGkfz,IstSonstig,STRZUSTAND,LINREFX,LINREFY,XGCSWGS84,YGCSWGS84
62899,12,0,67,144,2018,9,13,5,3,2,2,0,0,1,0,0,0,0,0,8.43146E+20,5.81381E+21,1.40414E+16,5.23669E+16
62900,12,0,73,578,2018,8,13,1,2,2,6,0,0,1,0,0,0,1,0,8.3314E+20,5.91358E+21,1.39967E+16,5.32666E+16
62901,12,0,54,0,2018,9,15,3,3,5,3,0,1,0,0,0,0,0,0,7.75736E+20,5.8141E+21,1.30543E+16,5.24075E+16
62902,12,0,69,656,2018,7,10,6,2,2,6,0,1,1,0,0,0,0,0,7.6786E+20,5.81007E+21,1.29356E+16,5.23752E+16
62903,12,0,52,0,2018,7,7,4,3,5,2,0,1,1,0,0,0,0,0,8.68753E+20,5.74782E+21,1.43447E+16,5.17595E+16
62904,12,0,60,20,2018,8,15,1,3,3,6,0,1,0,0,0,0,0,0,8.05456E+20,5.85053E+21,1.35234E+16,5.27183E+16
62905,12,0,61,192,2018,9,13,3,2,5,3,0,1,1,0,0,0,0,0,8.17873E+20,5.78885E+21,1.3648E+16,5.21584E+16
62906,12,0,67,24,2018,7,22,3,3,8,1,2,0,1,0,0,0,0,1,8.45093E+20,5.8075E+21,1.40634E+16,5.23091E+16
62907,12,0,72,232,2018,7,16,6,3,5,2,0,0,0,0,1,0,1,0,7.85033E+20,5.77597E+21,1.31585E+16,5.20608E+16
62908,12,0,53,0,2018,8,7,6,3,7,7,0,0,0,0,0,0,1,0,8.77709E+20,5.80811E+21,1.45403E+16,5.22932E+16
62909,12,0,63,252,2018,8,13,4,2,2,6,0,1,0,0,0,0,0,0,7.26274E+20,5.83256E+21,1.23411E+16,5.25959E+16
62910,12,0,69,306,2018,9,15,3,3,8,1,0,0,1,0,0,0,0,0,7.58473E+20,5.80549E+21,1.27945E+16,5.23387E+16
62911,12,0,68,501,2018,9,7,3,3,5,7,0,0,1,0,0,0,0,0,7.2698E+20,5.86412E+21,1.23733E+16,5.28788E+16
62912,12,0,65,225,2018,9,14,1,3,2,6,0,0,1,0,0,0,0,0,7.95494E+20,5.84577E+21,1.33721E+16,5.26811E+16
62913,12,0,63,80,2018,7,12,4,2,5,3,0,1,0,0,1,0,0,0,7.75385E+20,5.834E+21,1.30656E+16,5.25862E+16
62914,12,0,60,92,2018,7,14,4,2,4,1,0,0,1,0,0,0,1,0,8.31403E+20,5.86284E+21,1.39186E+16,5.28133E+16
62915,12,0,73,201,2018,7,15,7,3,4,2,0,1,1,0,0,0,0,0,8.19545E+20,5.90682E+21,1.37868E+16,5.32144E+16
62916,12,0,64,227,2018,8,21,6,3,2,6,2,0,1,0,0,0,0,0,8.15017E+20,5.82692E+21,1.3642E+16,5.25012E+16
62917,12,0,65,100,2018,8,11,6,3,2,2,0,1,1,0,0,0,0,0,7.79309E+20,5.88105E+21,1.31635E+16,5.3006E+16
62918,12,0,65,332,2018,9,8,2,3,0,7,0,1,0,0,0,0,0,0,7.82577E+20,5.84613E+21,1.31818E+16,5.26912E+16
62919,12,0,69,397,2018,9,18,1,3,0,1,1,0,0,0,1,0,0,0,7.73957E+20,5.80222E+21,1.30185E+16,5.23019E+16
62920,12,0,67,124,2018,7,17,1,2,4,6,0,0,1,0,1,0,0,0,8.22922E+20,5.81558E+21,1.37471E+16,5.2395E+16
62921,12,0,65,165,2018,7,21,5,3,7,7,2,0,0,0,1,0,0,0,7.7012E+20,5.86226E+21,1.30113E+16,5.28422E+16
62922,12,0,61,260,2018,8,21,4,2,5,3,2,1,1,0,0,0,0,1,8.17898E+20,5.81035E+21,1.36686E+16,5.23511E+16
62923,12,0,69,656,2018,7,19,3,2,0,1,0,1,0,0,0,0,0,0,7.68039E+20,5.80938E+21,1.29376E+16,5.2369E+16
62924,12,0,67,144,2018,8,11,3,3,0,7,0,1,0,0,0,0,0,0,8.45445E+20,5.81147E+21,1.40726E+16,5.23444E+16
62925,12,0,72,53,2018,9,5,7,2,9,7,2,0,0,0,0,0,1,0,8.04045E+20,5.7546E+21,1.34161E+16,5.18592E+16
62926,12,0,60,52,2018,8,19,6,3,2,6,0,0,1,0,0,0,0,0,8.20146E+20,5.86491E+21,1.37542E+16,5.28386E+16
62927,12,0,67,124,2018,8,17,5,3,5,3,0,1,1,0,0,0,0,0,8.23229E+20,5.8183E+21,1.37543E+16,5.24192E+16
62928,12,0,66,176,2018,9,15,4,3,2,6,0,0,1,0,0,0,0,0,8.29987E+20,5.71208E+21,1.37514E+16,5.14634E+16
62929,12,0,64,136,2018,9,11,3,3,0,1,0,0,0,0,1,0,0,0,8.22599E+20,5.82703E+21,1.37535E+16,5.24978E+16
62930,12,0,65,256,2018,8,16,7,3,8,7,0,0,1,0,0,0,0,0,7.84623E+20,5.85576E+21,1.32204E+16,5.27765E+16
62931,12,0,67,408,2018,9,3,1,3,3,6,2,0,1,0,0,0,1,0,8.42852E+20,5.80934E+21,1.40325E+16,5.2327E+16
62932,12,0,67,144,2018,7,14,5,3,5,3,0,1,1,0,0,0,0,0,8.45211E+20,5.81196E+21,1.40697E+16,5.2349E+16
62933,12,0,60,52,2018,7,7,4,3,2,6,0,0,1,0,0,1,0,0,8.24739E+20,5.86459E+21,1.38218E+16,5.2833E+16
62934,12,0,69,656,2018,7,10,7,3,2,6,0,0,1,0,1,0,0,0,7.66749E+20,5.80951E+21,1.29188E+16,5.23708E+16
62935,12,0,73,452,2018,8,13,6,3,5,3,0,1,1,0,0,0,0,0,8.21339E+20,5.91672E+21,1.38236E+16,5.3302E+16
62936,12,0,60,52,2018,8,18,6,3,3,2,0,1,1,0,0,0,0,0,8.23821E+20,5.86461E+21,1.38083E+16,5.28337E+16
62937,12,0,73,157,2018,9,5,2,3,8,7,0,0,1,0,0,0,0,0,8.24939E+20,5.8949E+21,1.38552E+16,5.31043E+16
62938,12,0,60,12,2018,7,12,1,2,9,6,0,0,1,0,0,0,0,0,8.2298E+20,5.8782E+21,1.38093E+16,5.29559E+16
62939,12,0,67,36,2018,7,16,5,3,5,3,0,0,1,0,0,0,0,0,8.59724E+20,5.79267E+21,1.42613E+16,5.21669E+16
62940,12,0,61,433,2018,8,13,4,3,2,6,0,0,1,0,0,0,0,0,8.11907E+20,5.80646E+21,1.35773E+16,5.23196E+16
62941,12,0,67,440,2018,7,12,4,3,8,1,0,0,1,0,0,0,0,0,8.1872E+20,5.82584E+21,1.36954E+16,5.24893E+16
62942,12,0,71,337,2018,8,5,3,2,4,6,0,0,1,0,0,0,0,1,8.90585E+20,5.76522E+21,1.46791E+16,5.19004E+16
62943,12,0,67,438,2018,9,10,1,2,9,7,0,0,1,0,0,0,0,0,8.76909E+20,5.79301E+21,1.45118E+16,5.21586E+16
62944,12,0,52,0,2018,7,10,3,3,5,3,0,1,1,0,0,0,0,0,8.66641E+20,5.74438E+21,1.43106E+16,5.17301E+16
62945,12,0,60,181,2018,7,15,4,3,5,3,0,1,1,0,0,0,0,0,8.08196E+20,5.84152E+21,1.35554E+16,5.26359E+16
62946,12,0,68,425,2018,9,23,6,2,2,6,2,0,1,0,0,0,1,0,7.41431E+20,5.87848E+21,1.25983E+16,5.30014E+16
62947,12,0,65,256,2018,7,17,6,3,0,6,0,0,0,0,1,0,0,0,7.96784E+20,5.85746E+21,1.34017E+16,5.27852E+16
62948,12,0,60,20,2018,7,18,3,3,3,6,0,0,1,0,0,0,0,0,8.06522E+20,5.85175E+21,1.35403E+16,5.27286E+16
62949,12,0,66,196,2018,9,11,1,3,1,6,0,0,1,0,0,0,0,0,8.39042E+20,5.75499E+21,1.39229E+16,5.18425E+16
62950,12,0,65,144,2018,8,14,5,3,2,6,0,0,1,0,0,0,0,0,7.87677E+20,5.84887E+21,1.32595E+16,5.27131E+16
62951,12,0,68,306,2018,8,16,1,3,2,6,0,0,1,0,0,0,0,0,7.48793E+20,5.87107E+21,1.27021E+16,5.29315E+16
62952,12,0,60,269,2018,8,15,6,3,2,2,0,0,1,0,0,0,0,0,7.99402E+20,5.85062E+21,1.34341E+16,5.27224E+16
62953,12,0,67,336,2018,9,20,7,3,6,7,2,0,1,1,0,0,0,0,8.69741E+20,5.80251E+21,1.44179E+16,5.22484E+16
62954,12,0,67,144,2018,9,9,7,3,0,7,0,1,0,0,0,0,0,0,8.4483E+20,5.8124E+21,1.40646E+16,5.23531E+16
62955,12,0,67,528,2018,8,8,3,2,9,1,0,0,1,0,0,0,0,0,8.80343E+20,5.80257E+21,1.45725E+16,5.22418E+16
62956,12,0,69,402,2018,9,15,5,3,3,2,0,0,1,0,0,0,0,0,7.60734E+20,5.77849E+21,1.28068E+16,5.20954E+16
62957,12,0,70,296,2018,7,19,2,3,3,6,0,1,1,0,0,0,0,0,6.88878E+20,5.88459E+21,1.18198E+16,5.30773E+16
62958,12,0,72,120,2018,8,20,1,3,3,6,1,0,0,0,1,0,1,0,7.93848E+20,5.81217E+21,1.33181E+16,5.23808E+16
62959,12,0,60,20,2018,7,15,4,3,3,2,0,1,1,0,0,0,0,0,8.09893E+20,5.84686E+21,1.35854E+16,5.26828E+16
62960,12,0,64,472,2018,6,15,5,2,6,4,0,0,1,1,0,0,0,0,8.29558E+20,5.83293E+21,1.38614E+16,5.25465E+16
62961,12,0,51,0,2018,8,12,3,3,2,6,0,0,1,0,1,0,0,0,7.44634E+20,5.81054E+21,1.25954E+16,5.23904E+16
62962,12,0,63,148,2018,9,20,4,3,9,3,2,0,1,0,0,0,1,0,7.61066E+20,5.82138E+21,1.28448E+16,5.248E+16
62963,12,0,71,372,2018,7,13,4,2,0,1,0,1,0,0,0,0,0,0,8.73046E+20,5.72464E+21,1.43819E+16,5.15492E+16
62964,12,0,64,428,2018,7,13,1,2,4,6,0,1,1,0,0,0,0,0,8.21954E+20,5.82599E+21,1.3743E+16,5.24888E+16
62965,12,0,72,426,2018,9,6,6,2,4,6,1,0,1,0,0,0,0,1,7.81915E+20,5.79255E+21,1.31268E+16,5.22111E+16
62966,12,0,60,36,2018,8,16,3,3,0,3,0,0,1,0,0,0,0,0,8.24481E+20,5.86893E+21,1.38223E+16,5.2872E+16
62967,12,0,65,198,2018,8,14,1,3,9,1,0,0,1,0,0,0,0,0,7.79587E+20,5.87022E+21,1.31583E+16,5.29087E+16
62968,12,0,69,249,2018,8,14,6,3,2,6,0,0,1,0,0,0,0,0,7.57952E+20,5.81246E+21,1.27922E+16,5.24015E+16
62969,12,0,52,0,2018,8,17,4,3,5,2,0,1,1,0,0,0,0,0,8.65931E+20,5.74703E+21,1.43031E+16,5.17543E+16
62970,12,0,66,176,2018,9,15,5,3,5,3,0,0,1,0,1,0,0,0,8.31917E+20,5.71597E+21,1.37828E+16,5.14972E+16
62971,12,0,72,232,2018,9,14,4,3,5,2,0,1,0,0,0,0,1,0,7.86824E+20,5.77912E+21,1.31872E+16,5.20882E+16
62972,12,0,68,468,2018,8,13,1,3,2,6,0,0,1,0,0,0,0,0,7.35096E+20,5.88816E+21,1.25111E+16,5.3091E+16
62973,12,0,64,190,2018,9,17,3,2,8,1,0,1,0,1,0,0,0,0,8.63425E+20,5.83663E+21,1.43628E+16,5.2558E+16
62974,12,0,60,52,2018,7,18,6,3,2,6,0,0,1,0,1,0,0,0,8.27951E+20,5.86369E+21,1.38684E+16,5.28229E+16
62975,12,0,64,227,2018,7,10,4,3,6,4,0,0,1,1,0,0,0,0,8.15268E+20,5.82752E+21,1.36463E+16,5.25064E+16
62976,12,0,51,0,2018,8,16,7,3,3,6,0,1,1,0,0,0,0,0,7.33583E+20,5.81402E+21,1.24358E+16,5.24264E+16
62977,12,0,60,52,2018,9,15,3,3,4,6,0,0,1,0,0,0,0,0,8.23543E+20,5.86332E+21,1.38029E+16,5.28223E+16
62978,12,0,69,604,2018,7,17,2,3,5,3,0,1,1,0,0,0,0,0,7.86077E+20,5.81271E+21,1.32047E+16,5.23898E+16
62979,12,0,69,397,2018,7,13,6,3,9,1,0,0,1,0,0,0,0,0,7.75184E+20,5.80554E+21,1.30392E+16,5.23311E+16
62980,12,0,72,120,2018,8,9,5,3,2,6,0,0,1,0,0,0,0,0,7.9531E+20,5.8134E+21,1.33406E+16,5.2391E+16
62981,12,0,61,332,2018,8,10,4,2,2,6,0,0,1,0,0,0,0,0,8.11314E+20,5.80244E+21,1.35649E+16,5.2284E+16
62982,12,0,61,320,2018,9,17,3,1,4,1,0,0,1,0,0,0,1,0,8.27658E+20,5.75777E+21,1.37608E+16,5.18742E+16
62983,12,0,63,208,2018,9,19,2,3,7,7,2,0,0,0,1,0,0,0,7.687E+20,5.83712E+21,1.29697E+16,5.26175E+16
62984,12,0,68,117,2018,9,12,1,3,5,2,0,0,1,0,0,0,0,0,7.62284E+20,5.85225E+21,1.28872E+16,5.27564E+16
62985,12,0,66,304,2018,7,7,4,3,5,3,0,0,1,0,0,0,0,0,8.44686E+20,5.72126E+21,1.39712E+16,5.1537E+16
62986,12,0,64,393,2018,7,15,4,3,3,2,0,0,1,0,0,1,0,0,8.39515E+20,5.8421E+21,1.40171E+16,5.26225E+16
62987,12,0,60,198,2018,9,16,7,2,2,6,0,0,1,0,1,0,0,0,8.14133E+20,5.86559E+21,1.36659E+16,5.28482E+16
62988,12,0,70,222,2018,7,13,7,2,0,7,0,0,0,0,1,0,0,0,7.10676E+20,5.90566E+21,1.21586E+16,5.32583E+16
62989,12,0,65,251,2018,8,17,6,3,2,6,0,0,1,0,0,0,0,0,7.78843E+20,5.84503E+21,1.31258E+16,5.26833E+16
62990,12,0,72,17,2018,8,7,5,3,5,3,0,1,1,0,0,0,0,0,8.00296E+20,5.81031E+21,1.34109E+16,5.23606E+16
62991,12,0,64,9,2018,8,22,2,1,8,6,2,0,1,1,0,0,0,0,8.71687E+20,5.83609E+21,1.44835E+16,5.25477E+16
62992,12,0,69,306,2018,9,7,1,3,8,1,0,0,1,0,0,0,0,0,7.48472E+20,5.80524E+21,1.26478E+16,5.23411E+16
62993,12,0,61,352,2018,9,16,1,2,8,1,0,0,0,0,1,0,0,0,8.44354E+20,5.76849E+21,1.40131E+16,5.19602E+16
62994,12,0,67,481,2018,7,9,7,3,2,2,0,0,1,0,0,0,0,0,8.36716E+20,5.8009E+21,1.39344E+16,5.22552E+16
62995,12,0,54,0,2018,7,23,7,3,0,1,2,0,0,0,1,0,0,0,7.74575E+20,5.81241E+21,1.30359E+16,5.23929E+16
62996,12,0,71,57,2018,7,12,4,2,0,2,0,0,1,0,1,0,0,0,8.63806E+20,5.74004E+21,1.42652E+16,5.16931E+16
62997,12,0,60,5,2018,8,22,4,3,2,6,2,0,1,0,0,0,0,1,8.10598E+20,5.83529E+21,1.3585E+16,5.25788E+16
62998,12,0,71,386,2018,7,12,3,3,5,2,0,1,0,0,0,0,1,0,8.70901E+20,5.75206E+21,1.43802E+16,5.1796E+16
62999,12,0,63,56,2018,8,10,2,2,8,7,0,0,1,0,0,0,0,0,7.76045E+20,5.82829E+21,1.30706E+16,5.25346E+16
63000,12,0,53,0,2018,6,14,5,3,5,3,0,1,1,0,0,0,0,0,8.77258E+20,5.81312E+21,1.45394E+16,5.23382E+16
63001,12,0,63,208,2018,7,15,2,3,4,6,0,0,1,0,0,1,1,0,7.60268E+20,5.83566E+21,1.28443E+16,5.26085E+16
63002,12,0,64,44,2018,7,20,4,2,5,3,0,0,1,0,1,0,0,0,8.39743E+20,5.85994E+21,1.40389E+16,5.27821E+16
63003,12,0,72,17,2018,9,10,5,3,2,6,0,0,1,0,0,0,0,0,8.02645E+20,5.80439E+21,1.344E+16,5.23062E+16
63004,12,0,69,448,2018,7,11,5,2,9,1,0,0,1,0,0,0,0,1,7.54647E+20,5.77237E+21,1.27135E+16,5.20434E+16
63005,12,0,72,17,2018,7,3,2,3,2,6,2,0,1,0,0,0,1,0,8.01949E+20,5.80431E+21,1.34297E+16,5.23059E+16
63006,12,0,60,198,2018,9,16,1,2,5,2,0,0,1,0,1,0,0,0,8.19205E+20,5.86939E+21,1.37447E+16,5.28793E+16
63007,12,0,72,232,2018,8,13,4,3,5,2,0,1,1,0,0,0,0,0,7.85422E+20,5.77971E+21,1.31673E+16,5.20941E+16
63008,12,0,62,177,2018,8,15,7,3,5,2,0,1,1,0,0,0,0,0,8.23469E+20,5.71949E+21,1.36647E+16,5.15336E+16
63009,12,0,69,590,2018,8,7,5,3,5,2,0,1,1,0,0,0,0,1,7.70517E+20,5.80886E+21,1.29735E+16,5.23631E+16
63010,12,0,63,260,2018,9,17,6,3,1,5,0,0,1,0,1,0,0,0,7.25436E+20,5.8497E+21,1.23404E+16,5.27501E+16
63011,12,0,64,136,2018,9,18,6,3,5,3,0,0,1,0,1,0,0,0,8.22508E+20,5.8307E+21,1.37557E+16,5.25307E+16
63012,12,0,52,0,2018,8,13,2,3,3,6,0,0,1,0,0,1,0,0,8.65168E+20,5.74992E+21,1.42952E+16,5.17807E+16
63013,12,0,63,148,2018,9,16,4,2,6,6,0,0,1,1,0,0,0,0,7.58933E+20,5.82699E+21,1.28178E+16,5.25313E+16
63014,12,0,64,125,2018,7,15,1,3,7,7,0,0,0,0,1,0,0,0,8.35918E+20,5.85633E+21,1.39787E+16,5.27522E+16
63015,12,0,67,36,2018,7,17,4,2,5,3,0,0,1,0,0,0,0,0,8.59574E+20,5.7917E+21,1.42581E+16,5.21584E+16
63016,12,0,63,208,2018,8,16,2,2,5,2,0,0,1,0,1,0,0,0,7.62842E+20,5.83498E+21,1.28817E+16,5.26011E+16
63017,12,0,61,320,2018,9,16,4,3,8,7,0,0,1,0,0,0,0,0,8.32057E+20,5.75081E+21,1.38178E+16,5.18093E+16
63018,12,0,65,256,2018,7,10,4,3,0,1,0,1,0,0,0,0,0,0,7.86014E+20,5.85347E+21,1.3239E+16,5.27553E+16
63019,12,0,69,648,2018,7,5,7,3,3,6,1,0,1,0,0,1,0,0,7.36734E+20,5.80022E+21,1.24723E+16,5.23012E+16
63020,12,0,61,20,2018,9,11,6,2,0,7,0,1,0,0,0,0,0,0,8.16181E+20,5.79815E+21,1.3632E+16,5.22428E+16
63021,12,0,63,260,2018,8,8,2,1,4,6,0,0,0,0,0,1,0,0,7.26769E+20,5.85041E+21,1.23606E+16,5.27558E+16
63022,12,0,71,57,2018,8,12,7,3,8,1,0,0,1,0,0,0,0,0,8.63878E+20,5.73976E+21,1.42659E+16,5.16906E+16
63023,12,0,60,269,2018,8,15,6,3,2,6,0,0,1,0,0,0,0,0,8.01852E+20,5.85266E+21,1.34722E+16,5.27394E+16
63024,12,0,65,193,2018,7,15,3,3,5,3,0,1,1,0,0,0,0,0,7.95768E+20,5.86649E+21,1.33948E+16,5.28667E+16
63025,12,0,60,181,2018,7,19,7,3,5,3,0,0,1,0,0,0,0,0,8.08598E+20,5.8421E+21,1.35619E+16,5.26409E+16
63026,12,0,67,76,2018,7,14,4,3,2,2,0,0,1,0,0,0,0,0,8.80858E+20,5.80414E+21,1.45818E+16,5.22554E+16
63027,12,0,65,84,2018,9,11,6,3,2,2,0,0,1,0,0,0,1,0,7.76956E+20,5.90092E+21,1.31457E+16,5.31854E+16
63028,12,0,72,477,2018,7,15,5,3,9,1,0,0,1,0,0,0,0,1,8.10014E+20,5.78855E+21,1.35332E+16,5.21602E+16
63029,12,0,53,0,2018,7,16,3,3,2,6,0,0,1,0,0,0,0,0,8.75034E+20,5.81088E+21,1.45044E+16,5.23198E+16
63030,12,0,60,20,2018,9,14,1,2,0,1,0,0,0,0,1,0,0,0,8.08001E+20,5.84754E+21,1.35582E+16,5.269E+16
63031,12,0,68,117,2018,8,19,5,2,8,1,0,0,0,0,1,0,0,0,7.64321E+20,5.85122E+21,1.29165E+16,5.2746E+16
63032,12,0,69,604,2018,8,11,7,3,5,3,0,1,1,0,0,0,0,0,7.86572E+20,5.81187E+21,1.32113E+16,5.23819E+16
63033,12,0,65,251,2018,8,9,6,3,2,2,0,0,0,0,1,1,0,0,7.76912E+20,5.84879E+21,1.31005E+16,5.2718E+16
63034,12,0,68,320,2018,9,9,7,2,0,3,0,1,1,0,0,0,0,0,7.56117E+20,5.87173E+21,1.28113E+16,5.2934E+16
63035,12,0,66,285,2018,9,7,6,2,3,6,0,0,1,0,0,0,0,0,8.40418E+20,5.72119E+21,1.39098E+16,5.15389E+16
63036,12,0,71,414,2018,8,13,2,3,3,6,0,0,1,0,0,1,0,0,8.83951E+20,5.74338E+21,1.4559E+16,5.17096E+16
63037,12,0,60,269,2018,9,9,5,3,4,2,0,1,1,0,0,0,0,0,7.99881E+20,5.84901E+21,1.34397E+16,5.27078E+16
63038,12,0,54,0,2018,7,1,1,3,8,1,2,0,1,0,0,0,0,0,7.79281E+20,5.81114E+21,1.31038E+16,5.23792E+16
63039,12,0,67,481,2018,7,10,4,2,6,2,0,0,0,1,0,0,1,0,8.36437E+20,5.80044E+21,1.39299E+16,5.22513E+16
63040,12,0,64,227,2018,8,16,3,3,6,2,0,0,1,1,0,0,0,0,8.1429E+20,5.83102E+21,1.36352E+16,5.25384E+16
63041,12,0,54,0,2018,9,7,4,3,5,3,0,1,0,0,0,0,1,0,7.73222E+20,5.81084E+21,1.30148E+16,5.23795E+16
63042,12,0,60,181,2018,7,19,4,2,2,6,0,0,1,0,0,0,0,1,8.08839E+20,5.84276E+21,1.35661E+16,5.26467E+16
63043,12,0,65,332,2018,7,5,1,3,8,3,1,0,1,0,0,0,0,1,7.82413E+20,5.84653E+21,1.31798E+16,5.26949E+16
63044,12,0,69,17,2018,9,7,6,3,8,1,0,0,1,0,0,0,0,1,7.75919E+20,5.78954E+21,1.30369E+16,5.21872E+16
63045,12,0,65,165,2018,8,14,3,3,2,6,0,0,1,0,0,1,0,0,7.70742E+20,5.84792E+21,1.30087E+16,5.27133E+16
63046,12,0,54,0,2018,8,9,7,3,5,2,0,1,1,0,0,0,0,0,7.74558E+20,5.81239E+21,1.30356E+16,5.23927E+16
63047,12,0,61,244,2018,8,23,6,1,2,6,2,1,1,0,0,0,0,0,8.23543E+20,5.76385E+21,1.3707E+16,5.19312E+16
63048,12,0,64,480,2018,9,16,5,2,5,3,0,0,1,0,0,0,0,0,8.66963E+20,5.81891E+21,1.43953E+16,5.2397E+16
63049,12,0,60,181,2018,9,15,4,3,2,2,0,0,1,0,0,0,0,0,8.07098E+20,5.84314E+21,1.35408E+16,5.26511E+16
63050,12,0,65,251,2018,8,13,1,3,0,7,0,1,0,0,0,0,0,0,7.75975E+20,5.85058E+21,1.30882E+16,5.27345E+16
63051,12,0,69,485,2018,9,6,2,3,4,6,0,0,1,0,0,1,0,0,7.4457E+20,5.76774E+21,1.25636E+16,5.20064E+16
63052,12,0,67,440,2018,7,12,6,3,0,7,0,1,0,0,0,0,0,0,8.19547E+20,5.82462E+21,1.37063E+16,5.2478E+16
63053,12,0,67,144,2018,7,12,4,3,4,6,0,0,1,0,0,0,0,0,8.45362E+20,5.81164E+21,1.40716E+16,5.2346E+16
63054,12,0,60,269,2018,8,17,7,3,8,1,0,0,0,0,1,0,0,0,8.05027E+20,5.86614E+21,1.35316E+16,5.28584E+16
63055,12,0,64,125,2018,9,13,3,3,8,6,0,0,1,0,0,0,0,0,8.34461E+20,5.86157E+21,1.39625E+16,5.27999E+16
63056,12,0,73,225,2018,7,7,2,3,2,6,0,0,1,0,0,0,1,0,8.31548E+20,5.9079E+21,1.3967E+16,5.32167E+16
63057,12,0,60,5,2018,7,15,6,3,2,2,0,0,1,0,0,0,0,0,8.10554E+20,5.83505E+21,1.35841E+16,5.25766E+16
63058,12,0,54,0,2018,8,18,5,3,5,2,0,1,1,0,0,0,0,0,7.76861E+20,5.81363E+21,1.30704E+16,5.24028E+16
63059,12,0,60,20,2018,8,21,4,3,9,1,2,0,1,0,0,0,0,0,8.09728E+20,5.83891E+21,1.35755E+16,5.26117E+16
63060,12,0,64,303,2018,9,17,3,2,8,1,0,0,0,0,1,0,0,0,8.46587E+20,5.84159E+21,1.41206E+16,5.26134E+16
63061,12,0,62,372,2018,9,16,2,2,8,1,0,0,1,0,0,0,0,0,8.21168E+20,5.70905E+21,1.36221E+16,5.14414E+16
63062,12,0,69,590,2018,9,12,7,3,3,7,0,0,1,0,1,0,0,0,7.70432E+20,5.80885E+21,1.29723E+16,5.23631E+16
63063,12,0,60,52,2018,7,17,4,3,2,6,0,1,1,0,0,0,0,0,8.18742E+20,5.86483E+21,1.37334E+16,5.28387E+16
63064,12,0,65,256,2018,7,6,4,2,8,1,0,0,1,0,0,0,0,0,7.87218E+20,5.86117E+21,1.32635E+16,5.28236E+16
63065,12,0,69,402,2018,9,23,6,3,3,6,2,0,1,0,0,0,0,0,7.623E+20,5.78772E+21,1.28367E+16,5.21774E+16
63066,12,0,70,296,2018,7,9,7,3,9,1,0,0,0,0,1,0,0,0,6.89529E+20,5.88734E+21,1.18311E+16,5.31018E+16
63067,12,0,60,52,2018,8,18,5,3,0,7,0,1,0,0,0,0,0,0,8.18986E+20,5.86481E+21,1.37369E+16,5.28383E+16
63068,12,0,66,285,2018,9,15,2,1,5,3,0,1,1,0,0,0,0,0,8.42382E+20,5.72221E+21,1.3939E+16,5.15469E+16
63069,12,0,69,541,2018,8,12,5,3,5,3,0,0,1,0,0,0,0,0,7.51076E+20,5.8208E+21,1.26976E+16,5.24795E+16
63070,12,0,65,36,2018,8,16,2,3,2,2,0,0,1,0,1,0,0,0,7.89216E+20,5.84634E+21,1.328E+16,5.26896E+16
63071,12,0,60,20,2018,9,9,7,2,8,1,0,0,0,0,1,0,0,0,8.04802E+20,5.84588E+21,1.35095E+16,5.2677E+16
63072,12,0,68,353,2018,7,6,4,3,5,3,0,1,0,0,0,0,1,0,7.60694E+20,5.89035E+21,1.28943E+16,5.30988E+16
63073,12,0,60,172,2018,9,12,1,2,4,2,0,0,1,0,1,0,0,0,8.3159E+20,5.86734E+21,1.39259E+16,5.28534E+16
63074,12,0,60,52,2018,9,11,1,2,1,1,0,0,1,0,1,0,0,0,8.22112E+20,5.8651E+21,1.37835E+16,5.28391E+16
63075,12,0,67,72,2018,7,16,7,3,5,3,0,0,1,0,0,0,0,0,8.57753E+20,5.81469E+21,1.4256E+16,5.23654E+16
63076,12,0,62,500,2018,7,14,7,2,5,3,0,0,1,0,1,0,0,0,7.96855E+20,5.72426E+21,1.32861E+16,5.1591E+16
63077,12,0,73,396,2018,7,12,4,2,5,3,0,1,1,0,0,0,0,0,8.10454E+20,5.89446E+21,1.36391E+16,5.31091E+16
63078,12,0,70,280,2018,8,15,4,3,2,6,0,0,1,0,0,0,0,0,7.16007E+20,5.91193E+21,1.22426E+16,5.33124E+16
63079,12,0,60,5,2018,7,16,3,3,2,6,0,0,1,0,0,0,0,0,8.09825E+20,5.8348E+21,1.35731E+16,5.25748E+16
63080,12,0,62,224,2018,8,10,2,3,2,2,0,0,1,0,0,0,0,0,7.92184E+20,5.73854E+21,1.32308E+16,5.17215E+16
63081,12,0,68,320,2018,7,10,4,3,2,6,0,0,1,0,0,0,0,0,7.54993E+20,5.86956E+21,1.27929E+16,5.29151E+16
63082,12,0,61,316,2018,7,17,2,3,2,2,0,0,1,0,1,0,0,0,8.36511E+20,5.76565E+21,1.38966E+16,5.19396E+16
63083,12,0,69,306,2018,7,7,3,3,9,1,0,0,1,0,0,0,0,0,7.55389E+20,5.80555E+21,1.27493E+16,5.23407E+16