OBJECTID_1,ULAND,UREGBEZ,UKREIS,UGEMEINDE,UJAHR,UMONAT,USTUNDE,UWOCHENTAG,UKATEGORIE,UART,UTYP1,ULICHTVERH,IstRad,IstPKW,IstFuss,IstKrad,IstGkfz,IstSonstig,STRZUSTAND,LINREFX,LINREFY,XGCSWGS84,YGCSWGS84
63270,12,0,73,572,2018,8,17,3,3,5,3,0,1,1,0,0,0,0,0,8.00623E+20,5.89551E+21,1.34937E+16,5.31241E+16
63271,12,0,70,316,2018,7,8,7,3,8,1,0,0,1,0,0,0,1,0,7.13183E+20,5.89684E+21,1.21902E+16,5.31781E+16
63272,12,0,67,144,2018,9,12,1,3,5,2,0,1,1,0,0,0,0,0,8.44696E+20,5.81244E+21,1.40627E+16,5.23536E+16
63273,12,0,64,317,2018,7,18,3,2,2,6,0,0,1,0,0,0,0,0,8.45361E+20,5.8287E+21,1.40892E+16,5.24988E+16
63274,12,0,71,74,2018,7,14,3,2,2,6,0,0,1,0,0,0,0,0,8.83844E+20,5.72871E+21,1.45414E+16,5.15784E+16
63275,12,0,65,225,2018,9,21,6,3,8,1,2,0,1,0,0,0,0,1,7.94964E+20,5.84738E+21,1.33657E+16,5.26958E+16
63276,12,0,69,485,2018,7,6,5,3,9,1,0,0,1,0,0,0,0,1,7.5017E+20,5.77352E+21,1.26492E+16,5.20557E+16
63277,12,0,60,52,2018,7,22,3,3,4,6,2,0,1,0,0,0,0,0,8.22464E+20,5.8653E+21,1.37889E+16,5.28407E+16
63278,12,0,73,578,2018,9,12,1,2,2,6,0,0,1,0,0,0,0,0,8.33197E+20,5.91342E+21,1.39974E+16,5.32651E+16
63279,12,0,65,136,2018,8,14,5,2,8,6,0,1,0,0,0,0,0,0,7.85778E+20,5.83982E+21,1.32236E+16,5.2633E+16
63280,12,0,70,149,2018,8,9,1,3,5,3,0,0,1,0,1,0,0,0,7.17419E+20,5.88014E+21,1.22422E+16,5.30266E+16
63281,12,0,64,472,2018,8,15,6,2,0,6,0,0,1,0,1,0,0,0,8.3014E+20,5.83258E+21,1.38696E+16,5.25429E+16
63282,12,0,67,144,2018,9,9,7,3,6,6,0,1,0,1,0,0,0,0,8.44239E+20,5.8135E+21,1.40571E+16,5.23634E+16
63283,12,0,63,56,2018,9,22,6,3,4,2,2,0,1,0,0,0,0,0,7.78788E+20,5.82798E+21,1.31106E+16,5.25304E+16
63284,12,0,63,273,2018,8,5,2,2,8,1,0,0,1,0,0,0,0,0,7.70871E+20,5.84396E+21,1.30073E+16,5.26778E+16
63285,12,0,61,492,2018,9,6,5,3,1,6,0,0,1,0,0,0,0,0,8.18039E+20,5.78489E+21,1.36467E+16,5.21228E+16
63286,12,0,69,696,2018,7,15,1,3,3,6,0,0,1,0,0,0,1,1,7.24316E+20,5.79357E+21,1.22861E+16,5.22468E+16
63287,12,0,61,320,2018,8,16,1,3,0,6,0,0,1,0,0,0,1,0,8.29572E+20,5.76219E+21,1.37927E+16,5.19127E+16
63288,12,0,71,244,2018,7,18,3,2,5,2,0,0,1,0,0,0,1,0,8.59295E+20,5.74616E+21,1.42065E+16,5.17508E+16
63289,12,0,65,36,2018,6,18,5,3,9,7,0,0,1,0,0,0,0,0,7.89984E+20,5.84733E+21,1.32922E+16,5.26981E+16
63290,12,0,73,429,2018,8,14,3,3,9,1,0,0,1,0,0,0,0,0,8.07128E+20,5.92563E+21,1.36197E+16,5.33902E+16
63291,12,0,69,656,2018,9,16,4,3,1,6,0,0,1,0,1,0,0,0,7.59955E+20,5.81218E+21,1.28213E+16,5.2398E+16
63292,12,0,73,261,2018,7,13,4,3,8,1,0,0,1,0,0,0,0,1,8.32183E+20,5.91689E+21,1.39858E+16,5.32968E+16
63293,12,0,67,24,2018,7,12,1,3,5,3,0,0,1,0,1,0,0,0,8.45031E+20,5.80721E+21,1.40622E+16,5.23066E+16
63294,12,0,63,260,2018,9,9,6,3,5,3,0,1,1,0,0,0,0,0,7.25532E+20,5.84979E+21,1.23419E+16,5.27508E+16
63295,12,0,60,5,2018,8,15,3,3,2,6,0,0,1,0,0,0,0,0,8.10773E+20,5.83571E+21,1.35879E+16,5.25824E+16
63296,12,0,69,17,2018,8,10,7,3,9,1,0,0,1,0,0,0,0,0,7.67429E+20,5.79427E+21,1.29167E+16,5.22337E+16
63297,12,0,61,320,2018,8,16,6,2,9,7,0,0,1,0,0,0,0,0,8.32235E+20,5.76E+21,1.38292E+16,5.18915E+16
63298,12,0,60,52,2018,8,11,4,3,5,2,0,1,1,0,0,0,0,0,8.2405E+20,5.86464E+21,1.38117E+16,5.28338E+16
63299,12,0,62,492,2018,9,11,5,3,5,3,0,0,1,0,0,0,0,0,8.06878E+20,5.72556E+21,1.34315E+16,5.15973E+16
63300,12,0,71,337,2018,9,18,4,1,0,6,0,0,1,0,0,0,1,0,8.86718E+20,5.77077E+21,1.46294E+16,5.19528E+16
63301,12,0,65,198,2018,8,11,1,3,2,6,0,0,1,0,0,0,0,0,7.79523E+20,5.86964E+21,1.31569E+16,5.29036E+16
63302,12,0,65,144,2018,9,16,3,3,5,3,0,1,1,0,0,0,0,0,7.91992E+20,5.84419E+21,1.3319E+16,5.26688E+16
63303,12,0,60,5,2018,7,12,6,2,3,6,0,0,1,0,0,0,0,0,8.11613E+20,5.83192E+21,1.35967E+16,5.2548E+16
63304,12,0,52,0,2018,7,9,3,2,0,1,0,1,0,0,0,0,0,0,8.67937E+20,5.74623E+21,1.43312E+16,5.17459E+16
63305,12,0,61,320,2018,8,10,7,3,2,6,0,0,1,0,0,0,0,0,8.28794E+20,5.75886E+21,1.37783E+16,5.18833E+16
63306,12,0,60,52,2018,9,16,3,3,2,6,0,0,1,0,1,0,0,0,8.20938E+20,5.86571E+21,1.37667E+16,5.28453E+16
63307,12,0,66,8,2018,7,9,2,3,3,6,0,1,1,0,0,0,0,0,8.47598E+20,5.73386E+21,1.40255E+16,5.1648E+16
63308,12,0,61,433,2018,7,8,6,3,5,3,0,0,1,0,0,1,0,0,8.07372E+20,5.81423E+21,1.35181E+16,5.23918E+16
63309,12,0,63,293,2018,8,10,5,3,4,6,0,0,1,0,0,1,0,0,7.33906E+20,5.83635E+21,1.24562E+16,5.26267E+16
63310,12,0,61,332,2018,8,9,4,2,5,2,0,0,1,0,1,0,0,0,8.0847E+20,5.79889E+21,1.35201E+16,5.22537E+16
63311,12,0,70,424,2018,7,10,7,3,2,6,0,0,1,0,0,0,1,0,6.82823E+20,5.87441E+21,1.17237E+16,5.2988E+16
63312,12,0,73,8,2018,9,14,3,2,4,2,0,0,1,0,1,0,0,0,8.35793E+20,5.88399E+21,1.40053E+16,5.3E+16
63313,12,0,69,656,2018,9,3,2,1,8,1,2,0,1,0,0,0,0,1,7.69194E+20,5.80828E+21,1.29537E+16,5.23585E+16
63314,12,0,63,240,2018,9,8,7,3,2,6,0,0,1,0,0,0,1,0,7.47831E+20,5.83903E+21,1.26635E+16,5.26445E+16
63315,12,0,62,24,2018,7,12,4,3,9,1,0,0,1,0,0,0,0,0,8.07209E+20,5.71433E+21,1.34265E+16,5.14965E+16
63316,12,0,60,52,2018,7,19,3,2,9,1,0,0,0,0,1,0,0,0,8.22279E+20,5.86187E+21,1.37828E+16,5.281E+16
63317,12,0,64,408,2018,9,18,7,2,0,1,0,0,0,0,1,0,0,0,8.33232E+20,5.83141E+21,1.39139E+16,5.25306E+16
63318,12,0,65,136,2018,7,13,7,2,0,1,0,1,0,0,0,0,0,0,7.85958E+20,5.83959E+21,1.32261E+16,5.26308E+16
63319,12,0,63,208,2018,8,10,5,3,5,3,0,0,1,0,0,0,0,0,7.62646E+20,5.83524E+21,1.2879E+16,5.26036E+16
63320,12,0,54,0,2018,9,15,2,3,5,7,0,0,1,0,0,0,0,0,7.73585E+20,5.81128E+21,1.30204E+16,5.23833E+16
63321,12,0,63,80,2018,8,16,5,3,0,3,0,1,1,0,0,0,0,0,7.77134E+20,5.83248E+21,1.30901E+16,5.25716E+16
63322,12,0,53,0,2018,8,11,2,3,5,2,0,1,1,0,0,0,1,0,8.76811E+20,5.80964E+21,1.45289E+16,5.23074E+16
63323,12,0,60,52,2018,9,10,7,3,0,6,0,0,0,0,1,0,0,0,8.23218E+20,5.86463E+21,1.37994E+16,5.28343E+16
63324,12,0,60,5,2018,8,15,1,2,2,6,0,0,1,0,0,0,0,0,8.11891E+20,5.83781E+21,1.36063E+16,5.26005E+16
63325,12,0,62,140,2018,9,8,3,2,5,3,0,1,1,0,0,0,0,0,8.26212E+20,5.73072E+21,1.37145E+16,5.16327E+16
63326,12,0,52,0,2018,7,12,6,2,0,1,0,0,0,0,1,0,0,0,8.69464E+20,5.7431E+21,1.43499E+16,5.17168E+16
63327,12,0,60,5,2018,7,5,3,3,2,2,0,0,1,0,0,0,0,0,8.14052E+20,5.83895E+21,1.36392E+16,5.26096E+16
63328,12,0,65,165,2018,8,12,1,3,2,6,0,0,1,0,0,0,0,0,7.69707E+20,5.84811E+21,1.29935E+16,5.27155E+16
63329,12,0,62,128,2018,9,17,3,3,5,3,0,0,1,0,1,0,0,0,7.9341E+20,5.72354E+21,1.32359E+16,5.15864E+16
63330,12,0,68,320,2018,7,17,3,3,5,3,0,1,1,0,0,0,0,0,7.55187E+20,5.87043E+21,1.27965E+16,5.29228E+16
63331,12,0,63,80,2018,7,12,6,2,5,3,0,1,1,0,0,0,0,0,7.77285E+20,5.83242E+21,1.30922E+16,5.2571E+16
63332,12,0,65,332,2018,8,14,6,3,2,6,0,0,1,0,0,0,0,0,7.81647E+20,5.84769E+21,1.31695E+16,5.27057E+16
63333,12,0,63,80,2018,8,18,4,3,4,6,0,1,0,0,0,0,0,0,7.78555E+20,5.83184E+21,1.31105E+16,5.25651E+16
63334,12,0,54,0,2018,9,21,3,3,0,1,2,1,0,0,0,0,0,0,7.73816E+20,5.81156E+21,1.30241E+16,5.23857E+16
63335,12,0,69,304,2018,9,14,2,3,2,6,0,0,1,0,0,0,0,0,7.84707E+20,5.8139E+21,1.31857E+16,5.24012E+16
63336,12,0,65,256,2018,9,18,1,1,0,1,0,0,0,0,1,0,0,1,7.82075E+20,5.84931E+21,1.31772E+16,5.272E+16
63337,12,0,54,0,2018,7,10,4,3,1,6,0,0,1,0,1,0,0,0,7.77886E+20,5.81223E+21,1.30843E+16,5.23897E+16
63338,12,0,64,448,2018,7,9,3,2,3,2,0,1,1,0,0,0,0,0,8.64856E+20,5.83404E+21,1.4381E+16,5.25339E+16
63339,12,0,60,5,2018,7,13,7,3,2,6,0,0,1,0,0,0,0,0,8.09855E+20,5.83481E+21,1.35736E+16,5.25749E+16
63340,12,0,67,144,2018,8,12,6,3,5,3,0,1,0,0,0,0,1,0,8.45449E+20,5.81146E+21,1.40727E+16,5.23443E+16
63341,12,0,68,320,2018,8,10,6,3,2,6,0,0,1,0,0,0,0,0,7.55129E+20,5.87454E+21,1.27989E+16,5.29597E+16
63342,12,0,70,316,2018,9,6,2,2,4,6,0,0,1,0,0,1,0,0,7.12375E+20,5.89213E+21,1.2175E+16,5.31362E+16
63343,12,0,54,0,2018,9,17,1,3,0,7,0,0,1,0,0,0,1,0,7.77004E+20,5.81389E+21,1.30727E+16,5.2405E+16
63344,12,0,72,17,2018,7,13,7,2,8,1,0,0,1,0,0,0,0,0,8.0354E+20,5.8047E+21,1.34533E+16,5.23085E+16
63345,12,0,63,357,2018,7,15,4,3,0,1,0,0,0,0,1,0,0,0,7.69057E+20,5.82982E+21,1.2969E+16,5.25518E+16
63346,12,0,73,572,2018,8,14,4,3,7,7,0,0,1,0,0,0,0,0,7.9371E+20,5.89757E+21,1.33926E+16,5.31463E+16
63347,12,0,54,0,2018,7,13,3,3,4,6,0,0,1,0,0,0,0,0,7.67586E+20,5.8207E+21,1.29401E+16,5.24708E+16
63348,12,0,65,193,2018,8,19,3,3,2,7,0,0,1,0,0,0,0,0,7.95143E+20,5.8709E+21,1.33896E+16,5.29065E+16
63349,12,0,72,426,2018,7,15,6,3,5,3,0,0,1,0,1,0,0,0,7.88001E+20,5.7936E+21,1.32166E+16,5.22174E+16
63350,12,0,69,402,2018,9,6,7,2,8,1,0,0,1,0,0,0,0,0,7.56335E+20,5.77725E+21,1.27418E+16,5.20863E+16
63351,12,0,68,320,2018,7,8,3,3,5,3,0,1,1,0,0,0,0,0,7.57696E+20,5.87376E+21,1.28364E+16,5.29515E+16
63352,12,0,64,371,2018,7,5,3,3,9,1,0,0,0,0,1,0,0,0,8.4892E+20,5.8547E+21,1.41688E+16,5.27293E+16
63353,12,0,68,320,2018,9,19,6,3,8,1,1,0,1,0,0,0,0,1,7.55522E+20,5.87093E+21,1.28019E+16,5.29271E+16
63354,12,0,63,244,2018,7,11,5,3,0,7,0,1,0,0,0,0,0,0,7.29424E+20,5.82437E+21,1.23818E+16,5.2521E+16
63355,12,0,65,198,2018,7,11,3,2,4,6,0,0,1,0,1,0,0,0,7.80333E+20,5.86534E+21,1.31652E+16,5.28646E+16
63356,12,0,64,428,2018,9,12,1,1,8,1,0,0,0,0,1,0,0,0,8.26125E+20,5.82196E+21,1.38002E+16,5.24502E+16
63357,12,0,72,240,2018,8,7,4,3,2,6,0,0,0,0,0,1,1,0,7.95667E+20,5.80401E+21,1.33376E+16,5.23067E+16
63358,12,0,51,0,2018,8,11,7,3,4,6,0,0,0,0,0,0,1,0,7.44668E+20,5.80885E+21,1.25947E+16,5.23752E+16
63359,12,0,68,320,2018,8,17,6,3,2,2,0,0,1,0,0,0,0,0,7.52634E+20,5.86849E+21,1.27571E+16,5.29066E+16
63360,12,0,72,477,2018,9,22,6,2,6,4,2,0,1,1,0,0,0,0,8.06071E+20,5.78866E+21,1.34758E+16,5.21634E+16
63361,12,0,52,0,2018,9,16,6,3,4,6,0,1,0,0,0,0,0,0,8.68349E+20,5.74762E+21,1.43386E+16,5.1758E+16
63362,12,0,66,52,2018,8,8,2,3,8,1,0,0,1,0,0,0,0,0,8.32298E+20,5.74047E+21,1.38114E+16,5.17165E+16
63363,12,0,67,440,2018,9,5,5,3,2,6,2,0,1,0,0,0,1,0,8.18475E+20,5.8271E+21,1.3693E+16,5.25009E+16
63364,12,0,52,0,2018,7,20,1,2,9,1,0,0,1,0,0,0,0,0,8.72847E+20,5.74591E+21,1.44017E+16,5.17397E+16
63365,12,0,67,124,2018,7,10,3,3,5,3,0,1,1,0,0,0,0,0,8.23111E+20,5.8174E+21,1.37516E+16,5.24112E+16
63366,12,0,67,469,2018,8,15,3,3,2,2,0,0,1,0,0,0,0,0,8.31827E+20,5.81074E+21,1.38727E+16,5.23463E+16
63367,12,0,51,0,2018,9,17,4,2,4,2,0,1,1,0,0,0,0,0,7.42436E+20,5.81345E+21,1.25653E+16,5.24174E+16
63368,12,0,64,274,2018,7,17,4,2,8,1,0,0,1,0,0,0,0,0,8.63139E+20,5.84582E+21,1.43687E+16,5.26405E+16
63369,12,0,70,302,2018,7,0,1,2,9,1,2,0,1,0,0,0,0,1,7.04146E+20,5.87515E+21,1.20414E+16,5.29869E+16
63370,12,0,51,0,2018,9,9,6,3,2,6,0,0,0,0,0,1,0,1,7.4091E+20,5.8109E+21,1.25411E+16,5.23952E+16
63371,12,0,70,280,2018,8,16,3,2,5,2,0,0,1,0,1,0,0,0,7.15603E+20,5.91115E+21,1.2236E+16,5.33056E+16
63372,12,0,69,249,2018,8,6,7,3,9,1,0,0,0,0,1,0,0,0,7.58179E+20,5.81243E+21,1.27955E+16,5.24011E+16
63373,12,0,71,244,2018,8,11,6,3,2,6,0,0,1,0,0,0,0,0,8.65442E+20,5.74296E+21,1.42918E+16,5.17182E+16
63374,12,0,53,0,2018,9,15,5,3,1,5,0,1,1,0,0,0,0,0,8.7723E+20,5.81303E+21,1.45389E+16,5.23375E+16
63375,12,0,67,440,2018,9,16,4,3,3,6,0,0,1,0,1,0,0,0,8.18386E+20,5.82709E+21,1.36916E+16,5.25007E+16
63376,12,0,69,485,2018,8,20,7,3,2,6,0,0,1,0,0,0,0,0,7.4412E+20,5.76708E+21,1.25566E+16,5.20006E+16
63377,12,0,69,656,2018,9,8,2,3,5,3,0,1,1,0,0,0,0,0,7.6569E+20,5.81337E+21,1.29064E+16,5.2406E+16
63378,12,0,65,165,2018,7,18,6,3,8,1,0,0,0,0,0,1,1,0,7.68841E+20,5.84823E+21,1.29808E+16,5.2717E+16
63379,12,0,68,117,2018,7,16,3,3,3,6,0,0,1,0,0,0,0,0,7.54359E+20,5.86218E+21,1.27777E+16,5.28492E+16
63380,12,0,64,408,2018,8,15,7,2,3,6,0,0,1,0,1,0,0,0,8.3418E+20,5.82588E+21,1.39223E+16,5.24805E+16
63381,12,0,67,137,2018,9,18,3,3,5,3,0,1,1,0,0,0,0,0,8.60473E+20,5.78552E+21,1.42647E+16,5.21024E+16
63382,12,0,60,52,2018,7,14,2,3,3,2,0,0,1,0,0,0,1,0,8.22458E+20,5.86482E+21,1.37883E+16,5.28364E+16
63383,12,0,68,280,2018,7,13,6,3,9,1,0,0,1,0,0,0,0,0,7.66607E+20,5.87848E+21,1.29726E+16,5.29894E+16
63384,12,0,66,296,2018,8,10,5,3,2,6,0,0,1,0,0,0,0,0,8.38116E+20,5.71343E+21,1.38693E+16,5.14708E+16
63385,12,0,64,340,2018,8,14,4,3,0,2,0,0,1,0,0,0,1,0,8.53237E+20,5.84102E+21,1.42178E+16,5.2604E+16
63386,12,0,72,240,2018,7,11,6,3,5,3,0,1,1,0,0,0,0,0,7.87103E+20,5.80095E+21,1.32097E+16,5.22837E+16
63387,12,0,64,29,2018,9,15,3,3,2,6,0,0,1,0,0,0,0,0,8.20954E+20,5.83335E+21,1.37354E+16,5.25554E+16
63388,12,0,64,472,2018,9,19,2,3,4,6,1,0,1,0,0,0,0,1,8.33585E+20,5.83874E+21,1.39264E+16,5.25961E+16
63389,12,0,66,196,2018,9,18,7,3,5,3,0,1,1,0,0,0,0,0,8.42453E+20,5.75571E+21,1.39729E+16,5.18469E+16
63390,12,0,60,20,2018,7,15,4,3,3,6,0,1,1,0,0,0,0,0,8.1296E+20,5.84557E+21,1.36294E+16,5.26695E+16
63391,12,0,65,96,2018,7,8,3,3,5,3,0,0,1,0,0,0,0,0,7.92631E+20,5.83991E+21,1.33247E+16,5.26301E+16
63392,12,0,63,208,2018,9,16,6,3,5,3,0,0,1,0,0,0,0,1,7.69023E+20,5.83723E+21,1.29745E+16,5.26183E+16
63393,12,0,69,448,2018,7,20,6,3,3,6,0,0,1,0,0,0,0,0,7.53354E+20,5.77872E+21,1.26994E+16,5.21009E+16
63394,12,0,64,428,2018,8,17,5,3,2,6,0,0,1,0,0,0,0,0,8.24448E+20,5.82673E+21,1.37803E+16,5.2494E+16
63395,12,0,71,32,2018,9,10,2,3,1,5,0,0,1,0,0,0,1,0,8.54646E+20,5.75553E+21,1.4149E+16,5.18377E+16
63396,12,0,51,0,2018,8,9,5,2,2,6,0,0,1,0,1,0,0,0,7.40339E+20,5.81344E+21,1.25345E+16,5.24183E+16
63397,12,0,65,100,2018,8,17,2,2,5,3,0,1,1,0,0,0,0,0,7.802E+20,5.88918E+21,1.31838E+16,5.30785E+16
63398,12,0,64,371,2018,9,14,7,3,3,6,0,1,1,0,0,0,0,0,8.45634E+20,5.86088E+21,1.41269E+16,5.27868E+16
63399,12,0,65,136,2018,7,17,3,3,0,7,0,0,0,0,0,0,1,0,7.84368E+20,5.83711E+21,1.32005E+16,5.26094E+16
63400,12,0,60,5,2018,9,17,1,3,3,2,0,1,1,0,0,0,0,0,8.10583E+20,5.83526E+21,1.35847E+16,5.25784E+16
63401,12,0,53,0,2018,9,15,1,2,9,6,0,0,1,0,1,0,0,0,8.76136E+20,5.81623E+21,1.45265E+16,5.23669E+16
63402,12,0,64,136,2018,7,14,4,3,5,3,0,0,0,0,1,0,1,0,8.2195E+20,5.82704E+21,1.37439E+16,5.24982E+16
63403,12,0,68,320,2018,8,5,4,3,6,6,1,0,1,1,0,0,0,0,7.64154E+20,5.87182E+21,1.29307E+16,5.2931E+16
63404,12,0,64,428,2018,7,15,3,3,2,6,0,0,1,0,0,0,0,0,8.28507E+20,5.82809E+21,1.38412E+16,5.25037E+16
63405,12,0,62,219,2018,8,21,2,3,2,6,2,1,1,0,0,0,0,1,8.22684E+20,5.72838E+21,1.36616E+16,5.16137E+16
63406,12,0,72,312,2018,7,8,6,2,9,7,0,0,1,0,0,0,0,0,7.90282E+20,5.77528E+21,1.32342E+16,5.20519E+16
63407,12,0,65,256,2018,7,17,3,3,5,3,0,1,1,0,0,0,0,0,7.89229E+20,5.85473E+21,1.32876E+16,5.27648E+16
63408,12,0,73,429,2018,7,6,2,2,8,1,0,0,1,0,0,0,0,0,8.12224E+20,5.9212E+21,1.36917E+16,5.33476E+16
63409,12,0,69,306,2018,7,20,2,3,2,6,0,0,1,0,0,0,0,0,7.56779E+20,5.80563E+21,1.27698E+16,5.23407E+16
63410,12,0,61,435,2018,9,10,5,2,2,6,0,0,1,0,0,0,0,0,8.2305E+20,5.77262E+21,1.3708E+16,5.201E+16
63411,12,0,73,532,2018,7,21,5,3,7,7,2,0,1,0,0,0,0,0,8.5296E+20,5.89467E+21,1.42718E+16,5.30845E+16
63412,12,0,66,52,2018,7,15,2,3,7,7,0,0,0,0,0,1,0,0,8.35688E+20,5.74637E+21,1.3866E+16,5.17673E+16
63413,12,0,70,424,2018,9,12,1,3,2,6,0,0,1,0,0,0,0,0,6.82924E+20,5.87426E+21,1.17252E+16,5.29866E+16
63414,12,0,73,452,2018,8,17,4,3,5,3,0,0,1,0,0,0,0,0,8.25174E+20,5.91739E+21,1.38816E+16,5.33056E+16
63415,12,0,67,144,2018,8,15,7,3,5,3,0,1,1,0,0,0,0,0,8.4454E+20,5.81321E+21,1.40612E+16,5.23606E+16
63416,12,0,71,76,2018,8,16,5,3,5,3,0,1,1,0,0,0,0,0,8.89019E+20,5.74664E+21,1.46356E+16,5.17353E+16
63417,12,0,61,433,2018,9,12,6,2,2,6,0,0,1,0,0,1,0,0,8.12783E+20,5.80636E+21,1.359E+16,5.23182E+16
63418,12,0,72,232,2018,9,14,5,3,5,3,0,0,1,0,1,0,0,0,7.86653E+20,5.77794E+21,1.31837E+16,5.20777E+16
63419,12,0,65,36,2018,8,16,2,2,8,1,0,0,0,0,1,0,0,0,7.93412E+20,5.84964E+21,1.33448E+16,5.2717E+16
63420,12,0,66,196,2018,9,11,4,3,5,3,0,1,1,0,0,0,0,0,8.41218E+20,5.75756E+21,1.39569E+16,5.18643E+16
63421,12,0,60,36,2018,7,22,7,3,5,3,2,1,1,0,0,0,0,0,8.24074E+20,5.86974E+21,1.38171E+16,5.28795E+16
63422,12,0,72,17,2018,7,10,2,3,2,6,0,0,0,0,0,1,0,0,8.00398E+20,5.80424E+21,1.3407E+16,5.23062E+16
63423,12,0,72,340,2018,7,8,2,3,2,6,0,0,1,0,0,0,0,0,8.01349E+20,5.80428E+21,1.34209E+16,5.2306E+16
63424,12,0,61,332,2018,9,4,1,3,8,7,2,0,1,0,0,0,0,0,8.15407E+20,5.79265E+21,1.36156E+16,5.21939E+16
63425,12,0,60,198,2018,9,15,1,3,2,6,0,0,1,0,0,0,0,0,8.14638E+20,5.86698E+21,1.36747E+16,5.28604E+16
63426,12,0,69,17,2018,7,13,7,3,5,3,0,1,1,0,0,0,0,0,7.6661E+20,5.79225E+21,1.29032E+16,5.2216E+16
63427,12,0,71,44,2018,7,11,4,3,2,6,0,0,1,0,0,0,0,0,8.88695E+20,5.73105E+21,1.46136E+16,5.1596E+16
63428,12,0,64,29,2018,8,11,4,3,0,7,0,0,0,0,1,0,1,0,8.19475E+20,5.8329E+21,1.37132E+16,5.25522E+16
63429,12,0,67,124,2018,7,10,3,3,2,6,0,0,1,0,0,1,0,0,8.25501E+20,5.81466E+21,1.3784E+16,5.23852E+16
63430,12,0,69,616,2018,8,9,2,3,5,3,0,0,1,0,0,0,0,0,7.91827E+20,5.81521E+21,1.32912E+16,5.24091E+16
63431,12,0,69,17,2018,7,21,2,3,5,3,0,0,1,0,0,0,0,0,7.72244E+20,5.79458E+21,1.29873E+16,5.22342E+16
63432,12,0,72,120,2018,7,16,2,1,5,3,0,0,1,0,1,1,0,0,7.9221E+20,5.80867E+21,1.32911E+16,5.23503E+16
63433,12,0,63,134,2018,9,10,5,3,8,1,0,0,1,0,0,0,0,0,7.22726E+20,5.84764E+21,1.2299E+16,5.27327E+16
63434,12,0,61,332,2018,7,7,5,3,9,6,0,0,1,0,0,0,0,1,8.07338E+20,5.80613E+21,1.35102E+16,5.23193E+16
63435,12,0,72,312,2018,7,14,2,3,8,1,0,0,1,0,0,0,1,0,7.99907E+20,5.77526E+21,1.33742E+16,5.20467E+16
63436,12,0,64,448,2018,9,8,1,3,5,2,0,0,1,0,0,0,0,0,8.62792E+20,5.83232E+21,1.43488E+16,5.25199E+16
63437,12,0,54,0,2018,8,7,4,3,1,6,0,0,1,0,0,0,0,0,7.77884E+20,5.81223E+21,1.30842E+16,5.23897E+16
63438,12,0,64,130,2018,8,10,7,2,4,6,0,0,1,0,0,0,1,0,8.70692E+20,5.82419E+21,1.44557E+16,5.24418E+16
63439,12,0,69,20,2018,8,19,5,3,8,1,1,0,1,0,0,0,0,1,7.47716E+20,5.78733E+21,1.26236E+16,5.21807E+16
63440,12,0,63,80,2018,9,18,6,3,2,6,1,0,1,0,0,0,0,0,7.75482E+20,5.83394E+21,1.3067E+16,5.25855E+16
63441,12,0,68,477,2018,9,21,6,3,3,6,2,0,1,0,0,0,0,0,7.33188E+20,5.8646E+21,1.24657E+16,5.28805E+16
63442,12,0,73,603,2018,8,10,2,3,4,2,0,0,1,0,0,0,1,0,8.41211E+20,5.89978E+21,1.41025E+16,5.31379E+16
63443,12,0,63,208,2018,9,11,4,2,0,7,0,1,0,0,0,0,0,0,7.62566E+20,5.83619E+21,1.28786E+16,5.26121E+16
63444,12,0,72,17,2018,7,13,7,3,3,6,0,0,1,0,0,1,0,0,7.99348E+20,5.80421E+21,1.33916E+16,5.23065E+16
63445,12,0,63,273,2018,7,8,2,3,4,7,0,0,1,0,0,1,0,0,7.7863E+20,5.83685E+21,1.31158E+16,5.26101E+16
63446,12,0,69,17,2018,8,19,2,3,5,2,0,0,1,0,1,0,0,0,7.71734E+20,5.79468E+21,1.29799E+16,5.22354E+16
63447,12,0,62,140,2018,9,5,4,3,7,7,0,0,1,0,0,0,0,0,8.25392E+20,5.7192E+21,1.36921E+16,5.153E+16
63448,12,0,72,426,2018,7,15,3,3,8,1,0,0,1,0,0,0,0,0,7.88171E+20,5.79418E+21,1.32196E+16,5.22225E+16
63449,12,0,54,0,2018,7,7,7,2,8,1,0,0,1,0,0,0,0,0,7.69099E+20,5.8222E+21,1.29635E+16,5.24835E+16
63450,12,0,61,316,2018,9,16,6,3,4,2,0,0,1,0,0,0,0,0,8.35907E+20,5.76508E+21,1.38873E+16,5.19348E+16
63451,12,0,51,0,2018,8,11,2,3,2,6,0,0,1,0,0,0,0,0,7.41268E+20,5.81119E+21,1.25465E+16,5.23977E+16
63452,12,0,64,266,2018,8,12,7,3,9,1,0,0,1,0,0,0,0,1,8.81081E+20,5.84021E+21,1.46261E+16,5.2578E+16
63453,12,0,65,225,2018,8,19,6,3,5,3,0,1,1,0,0,0,0,0,7.95691E+20,5.84085E+21,1.33706E+16,5.26369E+16
63454,12,0,65,136,2018,9,13,5,3,3,6,0,0,1,0,0,0,0,0,7.83506E+20,5.84189E+21,1.31919E+16,5.26527E+16