OBJECTID_1,ULAND,UREGBEZ,UKREIS,UGEMEINDE,UJAHR,UMONAT,USTUNDE,UWOCHENTAG,UKATEGORIE,UART,UTYP1,ULICHTVERH,IstRad,IstPKW,IstFuss,IstKrad,IstGkfz,IstSonstig,STRZUSTAND,LINREFX,LINREFY,XGCSWGS84,YGCSWGS84
63826,12,0,69,656,2018,7,20,6,2,5,2,0,0,1,0,0,0,0,0,7.61165E+20,5.81161E+21,1.28386E+16,5.23923E+16
63827,12,0,70,300,2018,8,14,5,3,9,1,0,0,1,0,0,0,0,0,6.9335E+20,5.90092E+21,1.18963E+16,5.32223E+16
63828,12,0,60,280,2018,9,13,2,2,8,1,0,0,1,0,0,0,0,0,8.1816E+20,5.84637E+21,1.37068E+16,5.26737E+16
63829,12,0,61,433,2018,8,21,5,3,9,1,2,0,1,0,0,0,0,1,8.02231E+20,5.81416E+21,1.34427E+16,5.23941E+16
63830,12,0,70,241,2018,8,20,2,3,9,1,2,0,1,0,0,0,0,0,7.00655E+20,5.86462E+21,1.1983E+16,5.28938E+16
63831,12,0,67,36,2018,9,15,7,3,5,3,0,1,1,0,0,0,0,0,8.59524E+20,5.79264E+21,1.42584E+16,5.21668E+16
63832,12,0,64,227,2018,6,15,7,3,0,7,0,0,0,0,0,0,1,0,8.14054E+20,5.83058E+21,1.36313E+16,5.25345E+16
63833,12,0,64,484,2018,9,15,1,2,9,1,0,0,1,0,0,0,0,0,8.44065E+20,5.83208E+21,1.40737E+16,5.25299E+16
63834,12,0,54,0,2018,9,13,7,3,5,2,0,1,1,0,0,0,0,0,7.74852E+20,5.81685E+21,1.30436E+16,5.24326E+16
63835,12,0,63,80,2018,8,5,3,3,5,3,0,0,0,0,1,0,1,0,7.76022E+20,5.83343E+21,1.30745E+16,5.25807E+16
63836,12,0,67,544,2018,7,20,3,3,8,1,0,0,1,0,0,0,0,0,8.23783E+20,5.8232E+21,1.37671E+16,5.24628E+16
63837,12,0,71,372,2018,8,6,2,2,8,7,0,0,1,0,0,0,0,0,8.76977E+20,5.72722E+21,1.44411E+16,5.15697E+16
63838,12,0,60,198,2018,7,10,6,3,2,6,0,0,1,0,0,1,0,0,8.16151E+20,5.86507E+21,1.36953E+16,5.28424E+16
63839,12,0,70,96,2018,6,21,7,2,2,6,1,0,1,0,0,0,0,0,7.15657E+20,5.90181E+21,1.22305E+16,5.32217E+16
63840,12,0,60,5,2018,8,17,4,3,3,6,0,0,1,0,1,0,0,0,8.12329E+20,5.83177E+21,1.36071E+16,5.25462E+16
63841,12,0,60,52,2018,7,9,2,3,5,3,0,1,1,0,0,0,0,0,8.22686E+20,5.86475E+21,1.37916E+16,5.28357E+16
63842,12,0,65,198,2018,6,12,7,3,5,3,0,0,1,0,1,0,0,0,7.84556E+20,5.85985E+21,1.32229E+16,5.28131E+16
63843,12,0,66,304,2018,9,7,5,3,5,3,0,0,1,0,0,0,0,0,8.51312E+20,5.71812E+21,1.40632E+16,5.15047E+16
63844,12,0,60,52,2018,7,23,5,2,0,1,2,1,0,0,0,0,0,0,8.24555E+20,5.86501E+21,1.38195E+16,5.28369E+16
63845,12,0,60,269,2018,7,8,2,3,2,2,0,0,0,0,0,0,1,0,8.01791E+20,5.85478E+21,1.34732E+16,5.27584E+16
63846,12,0,69,604,2018,9,12,7,3,5,3,0,1,1,0,0,0,0,0,7.86327E+20,5.81139E+21,1.32073E+16,5.23777E+16
63847,12,0,60,5,2018,8,9,4,3,2,6,0,0,1,0,0,0,0,0,8.11146E+20,5.8331E+21,1.3591E+16,5.25588E+16
63848,12,0,68,306,2018,8,11,7,3,2,6,0,0,1,0,0,0,0,0,7.49616E+20,5.8702E+21,1.27136E+16,5.29234E+16
63849,12,0,60,92,2018,8,16,5,3,2,6,0,0,1,0,0,0,0,1,8.31857E+20,5.86248E+21,1.3925E+16,5.28098E+16
63850,12,0,62,224,2018,9,7,6,3,5,3,0,1,1,0,0,0,0,0,7.91786E+20,5.73503E+21,1.32221E+16,5.16902E+16
63851,12,0,54,0,2018,9,17,5,3,2,6,0,0,1,0,0,0,1,0,7.75378E+20,5.80817E+21,1.30442E+16,5.23545E+16
63852,12,0,69,590,2018,8,18,1,2,2,6,0,0,1,0,0,0,0,0,7.66873E+20,5.79924E+21,1.29125E+16,5.22787E+16
63853,12,0,71,372,2018,9,11,4,3,5,3,0,1,1,0,0,0,0,0,8.71119E+20,5.72558E+21,1.43552E+16,5.15589E+16
63854,12,0,60,20,2018,7,16,7,2,2,2,0,0,1,0,1,0,0,0,8.1017E+20,5.84485E+21,1.35876E+16,5.26647E+16
63855,12,0,68,320,2018,6,17,7,3,5,3,0,0,1,0,0,0,0,0,7.51808E+20,5.886E+21,1.27585E+16,5.3064E+16
63856,12,0,65,225,2018,8,18,2,3,2,2,0,0,1,0,0,0,0,0,7.96037E+20,5.84371E+21,1.33782E+16,5.26623E+16
63857,12,0,60,20,2018,9,1,4,3,7,7,2,0,0,0,0,1,0,0,8.11468E+20,5.84907E+21,1.36108E+16,5.27018E+16
63858,12,0,61,20,2018,7,11,3,3,2,6,0,0,1,0,0,0,1,0,8.13637E+20,5.79677E+21,1.35936E+16,5.22319E+16
63859,12,0,61,260,2018,7,12,7,3,2,2,0,1,1,0,0,0,0,0,8.17834E+20,5.79916E+21,1.36571E+16,5.22508E+16
63860,12,0,64,472,2018,9,9,6,3,0,3,0,0,0,0,1,1,0,1,8.315E+20,5.83769E+21,1.38947E+16,5.25879E+16
63861,12,0,62,445,2018,8,8,6,3,5,3,0,0,1,0,0,0,0,0,8.04596E+20,5.73962E+21,1.34109E+16,5.17246E+16
63862,12,0,62,24,2018,8,11,5,3,5,3,0,0,1,0,0,0,1,0,8.07016E+20,5.71223E+21,1.34219E+16,5.14777E+16
63863,12,0,69,397,2018,9,15,4,2,4,2,0,1,1,0,0,0,0,0,7.73989E+20,5.80077E+21,1.30178E+16,5.22888E+16
63864,12,0,61,17,2018,9,10,3,2,8,1,0,0,1,0,0,0,0,0,8.26698E+20,5.76682E+21,1.37555E+16,5.19559E+16
63865,12,0,68,117,2018,8,11,7,3,2,6,0,0,1,0,0,0,0,0,7.55217E+20,5.8609E+21,1.27895E+16,5.28373E+16
63866,12,0,68,181,2018,9,23,2,2,9,1,2,0,1,0,0,0,0,0,7.29736E+20,5.90125E+21,1.24406E+16,5.32108E+16
63867,12,0,67,408,2018,7,10,5,3,8,7,0,0,0,0,0,0,1,1,8.43687E+20,5.8098E+21,1.40452E+16,5.23306E+16
63868,12,0,72,120,2018,6,7,6,3,2,6,0,0,1,0,0,0,0,0,7.907E+20,5.80963E+21,1.32698E+16,5.23597E+16
63869,12,0,68,264,2018,7,20,1,2,5,3,0,0,0,0,1,0,1,0,7.27872E+20,5.8712E+21,1.23915E+16,5.29419E+16
63870,12,0,61,192,2018,8,20,6,3,3,6,1,1,1,0,0,0,0,0,8.22502E+20,5.79097E+21,1.37174E+16,5.21747E+16
63871,12,0,66,188,2018,8,17,6,3,9,6,0,0,1,0,0,0,0,0,8.28722E+20,5.70729E+21,1.37288E+16,5.14213E+16
63872,12,0,51,0,2018,9,16,2,2,2,6,0,0,1,0,0,0,1,0,7.42519E+20,5.81165E+21,1.25652E+16,5.24012E+16
63873,12,0,63,357,2018,7,16,1,2,4,6,0,0,1,0,0,1,0,0,7.69724E+20,5.82607E+21,1.29758E+16,5.25178E+16
63874,12,0,60,154,2018,7,3,5,3,5,2,2,0,1,0,0,0,1,0,8.10466E+20,5.86587E+21,1.36119E+16,5.28529E+16
63875,12,0,72,17,2018,8,8,4,3,3,6,0,0,1,0,0,1,0,0,8.01648E+20,5.8043E+21,1.34253E+16,5.2306E+16
63876,12,0,61,316,2018,8,21,3,2,8,1,2,1,0,0,0,0,0,1,8.36116E+20,5.76555E+21,1.38908E+16,5.19389E+16
63877,12,0,60,52,2018,7,14,6,3,2,6,0,0,1,0,0,0,1,0,8.23108E+20,5.86466E+21,1.37978E+16,5.28346E+16
63878,12,0,61,433,2018,9,3,1,3,9,2,2,0,1,0,0,0,0,1,8.01296E+20,5.8111E+21,1.34263E+16,5.23672E+16
63879,12,0,61,316,2018,7,12,3,3,5,3,0,1,0,0,0,0,1,0,8.36094E+20,5.76539E+21,1.38903E+16,5.19375E+16
63880,12,0,63,36,2018,6,8,6,3,0,7,0,0,0,0,1,0,0,0,7.72566E+20,5.83389E+21,1.3024E+16,5.25865E+16
63881,12,0,64,428,2018,9,21,6,3,8,1,2,0,1,0,0,0,0,1,8.23784E+20,5.82458E+21,1.37685E+16,5.24751E+16
63882,12,0,64,380,2018,7,8,6,3,2,6,0,0,1,0,0,0,0,0,8.24917E+20,5.83065E+21,1.3791E+16,5.25288E+16
63883,12,0,66,304,2018,7,12,3,3,9,7,0,0,0,0,0,1,0,0,8.51327E+20,5.71804E+21,1.40633E+16,5.1504E+16
63884,12,0,63,56,2018,9,3,1,3,2,6,2,0,1,0,0,0,0,0,7.78631E+20,5.82784E+21,1.31082E+16,5.25292E+16
63885,12,0,67,120,2018,8,16,5,3,2,6,0,1,1,0,0,0,0,0,8.85419E+20,5.79204E+21,1.46346E+16,5.2144E+16
63886,12,0,60,192,2018,8,14,1,3,2,1,0,0,1,0,1,0,0,0,8.12267E+20,5.85131E+21,1.36247E+16,5.27213E+16
63887,12,0,62,282,2018,8,14,6,3,5,2,0,0,1,0,0,0,1,0,7.97123E+20,5.74031E+21,1.33036E+16,5.17348E+16
63888,12,0,60,198,2018,9,10,7,3,2,6,0,0,1,0,0,0,0,0,8.1415E+20,5.86567E+21,1.36662E+16,5.28489E+16
63889,12,0,64,512,2018,9,17,7,3,8,6,0,0,1,0,0,0,1,0,8.49243E+20,5.85388E+21,1.41727E+16,5.27218E+16
63890,12,0,60,24,2018,8,6,3,2,8,1,0,0,1,0,0,0,0,0,8.10821E+20,5.86019E+21,1.36117E+16,5.28017E+16
63891,12,0,63,252,2018,9,15,5,3,6,2,0,0,1,1,0,0,0,0,7.26006E+20,5.83313E+21,1.23375E+16,5.26011E+16
63892,12,0,64,44,2018,7,15,2,3,6,4,0,1,0,1,0,0,0,0,8.39308E+20,5.86074E+21,1.40333E+16,5.27895E+16
63893,12,0,67,426,2018,8,6,2,3,0,2,0,1,1,0,0,0,0,0,8.52848E+20,5.79408E+21,1.41627E+16,5.21841E+16
63894,12,0,69,454,2018,6,8,6,3,5,3,0,1,1,0,0,0,0,0,7.79674E+20,5.80742E+21,1.31065E+16,5.23456E+16
63895,12,0,70,296,2018,8,18,4,3,2,6,0,0,0,0,1,0,0,0,6.92828E+20,5.88945E+21,1.18816E+16,5.31195E+16
63896,12,0,68,320,2018,9,13,5,3,5,3,0,0,1,0,0,0,0,0,7.54879E+20,5.87024E+21,1.27918E+16,5.29212E+16
63897,12,0,63,274,2018,7,5,4,3,0,1,0,0,0,0,1,0,0,0,7.25636E+20,5.84044E+21,1.2337E+16,5.26669E+16
63898,12,0,61,217,2018,7,23,1,2,9,1,2,0,1,0,0,0,0,0,8.22531E+20,5.79968E+21,1.37262E+16,5.22527E+16
63899,12,0,64,472,2018,9,14,7,2,5,2,0,1,0,0,1,0,0,0,8.29071E+20,5.83303E+21,1.38544E+16,5.25477E+16
63900,12,0,63,244,2018,8,14,3,3,6,4,0,0,1,1,0,0,0,0,7.26433E+20,5.82534E+21,1.23385E+16,5.2531E+16
63901,12,0,60,269,2018,8,16,1,2,4,2,0,0,1,0,1,0,0,0,8.02012E+20,5.85674E+21,1.34783E+16,5.27758E+16
63902,12,0,69,454,2018,8,18,6,3,5,3,0,1,0,0,0,0,0,0,7.83652E+20,5.80565E+21,1.31632E+16,5.23277E+16
63903,12,0,69,604,2018,8,5,4,3,5,3,0,0,1,0,0,0,0,0,7.86374E+20,5.81148E+21,1.3208E+16,5.23786E+16
63904,12,0,72,340,2018,9,17,5,3,5,3,0,1,0,0,0,0,1,1,8.04437E+20,5.80042E+21,1.34626E+16,5.22697E+16
63905,12,0,68,468,2018,9,15,5,3,8,1,0,0,0,0,0,1,0,0,7.30373E+20,5.90274E+21,1.24512E+16,5.32239E+16
63906,12,0,73,429,2018,8,9,1,3,8,7,0,0,1,0,0,0,0,0,8.05679E+20,5.92232E+21,1.35947E+16,5.33614E+16
63907,12,0,69,397,2018,9,12,3,3,1,5,0,1,0,0,0,0,1,0,7.75927E+20,5.80636E+21,1.30507E+16,5.2338E+16
63908,12,0,54,0,2018,7,15,6,3,2,6,0,0,1,0,1,0,0,0,7.75695E+20,5.81573E+21,1.3055E+16,5.24221E+16
63909,12,0,69,656,2018,6,15,6,3,5,2,0,0,1,0,0,0,0,0,7.66882E+20,5.81194E+21,1.29227E+16,5.23926E+16
63910,12,0,67,173,2018,8,9,1,3,5,3,0,1,1,0,0,0,0,0,8.22272E+20,5.815E+21,1.3737E+16,5.23902E+16
63911,12,0,61,260,2018,9,14,3,3,9,7,0,0,1,0,0,0,0,0,8.15832E+20,5.80409E+21,1.36325E+16,5.22961E+16
63912,12,0,68,264,2018,7,17,3,2,9,1,0,0,0,0,0,0,1,0,7.29465E+20,5.87183E+21,1.24156E+16,5.2947E+16
63913,12,0,63,273,2018,7,17,6,3,5,3,0,1,1,0,0,0,0,0,7.78992E+20,5.8366E+21,1.31209E+16,5.26076E+16
63914,12,0,67,144,2018,8,15,6,2,4,6,0,0,1,0,0,0,0,0,8.47327E+20,5.81196E+21,1.41006E+16,5.23476E+16
63915,12,0,63,80,2018,8,21,4,2,5,3,2,1,1,0,0,0,0,0,7.79594E+20,5.83143E+21,1.31254E+16,5.2561E+16
63916,12,0,63,252,2018,9,15,3,3,4,6,0,0,1,0,0,0,0,0,7.28622E+20,5.83335E+21,1.23762E+16,5.2602E+16
63917,12,0,68,320,2018,9,16,3,3,2,6,0,0,1,0,0,0,0,0,7.54428E+20,5.86991E+21,1.27848E+16,5.29185E+16
63918,12,0,68,468,2018,8,11,4,3,2,6,0,0,1,0,0,0,0,0,7.36669E+20,5.88502E+21,1.25323E+16,5.30621E+16
63919,12,0,63,189,2018,8,17,6,3,5,3,0,1,1,0,0,0,0,0,7.24572E+20,5.82335E+21,1.23097E+16,5.25139E+16
63920,12,0,65,96,2018,8,17,5,2,5,3,0,0,1,0,1,0,0,1,7.91706E+20,5.83972E+21,1.33109E+16,5.26289E+16
63921,12,0,65,144,2018,9,15,6,3,4,6,0,1,0,0,0,0,0,0,7.87697E+20,5.84266E+21,1.32544E+16,5.26574E+16
63922,12,0,71,412,2018,9,15,5,2,5,2,0,0,0,0,1,0,1,0,8.59497E+20,5.75265E+21,1.42161E+16,5.18088E+16
63923,12,0,69,306,2018,8,10,1,3,5,3,0,0,1,0,0,0,0,0,7.51317E+20,5.80081E+21,1.26861E+16,5.23E+16
63924,12,0,60,269,2018,9,13,4,3,4,6,0,0,1,0,0,1,0,0,8.01513E+20,5.84616E+21,1.34612E+16,5.26813E+16
63925,12,0,54,0,2018,7,9,6,3,2,6,0,0,1,0,0,0,0,0,7.69112E+20,5.8223E+21,1.29638E+16,5.24844E+16
63926,12,0,69,656,2018,6,9,6,3,3,6,0,1,0,0,0,0,0,0,7.68252E+20,5.80898E+21,1.29404E+16,5.23653E+16
63927,12,0,61,17,2018,8,11,1,3,2,6,0,0,1,0,0,0,0,0,8.27433E+20,5.76714E+21,1.37665E+16,5.19584E+16
63928,12,0,65,100,2018,9,16,4,3,5,2,0,0,1,0,0,0,0,0,7.80947E+20,5.88403E+21,1.31905E+16,5.30319E+16
63929,12,0,73,532,2018,7,5,3,3,5,3,1,1,1,0,0,0,0,0,8.5367E+20,5.89249E+21,1.42799E+16,5.30645E+16
63930,12,0,65,100,2018,7,23,7,2,4,1,2,0,1,0,0,0,0,1,7.80282E+20,5.88941E+21,1.31852E+16,5.30804E+16
63931,12,0,60,181,2018,8,20,6,3,2,6,0,0,1,0,0,0,0,0,8.07521E+20,5.84052E+21,1.35446E+16,5.26274E+16
63932,12,0,68,320,2018,8,6,5,3,8,1,0,0,0,0,0,1,0,0,7.52563E+20,5.86613E+21,1.27542E+16,5.28855E+16
63933,12,0,61,329,2018,9,23,4,2,8,1,2,0,1,0,0,0,0,0,8.39595E+20,5.77842E+21,1.3954E+16,5.20521E+16
63934,12,0,60,20,2018,9,10,3,3,2,6,0,0,1,0,0,0,0,0,8.09986E+20,5.84678E+21,1.35867E+16,5.26821E+16
63935,12,0,73,572,2018,9,15,1,2,9,6,0,0,1,0,1,0,0,0,8.01235E+20,5.89343E+21,1.35009E+16,5.31051E+16
63936,12,0,68,324,2018,7,12,5,2,5,3,0,0,1,0,1,0,0,0,7.31942E+20,5.86173E+21,1.24452E+16,5.28553E+16
63937,12,0,54,0,2018,6,18,6,3,4,6,0,1,0,0,0,0,0,0,7.78261E+20,5.81042E+21,1.30883E+16,5.23732E+16
63938,12,0,73,578,2018,7,13,7,3,3,6,0,0,1,0,0,0,0,0,8.32707E+20,5.91449E+21,1.39912E+16,5.3275E+16
63939,12,0,60,100,2018,8,16,6,2,8,1,0,0,0,0,1,0,0,0,8.16139E+20,5.87443E+21,1.37042E+16,5.29263E+16
63940,12,0,67,481,2018,8,9,6,3,2,6,0,0,1,0,0,0,0,0,8.36587E+20,5.80068E+21,1.39323E+16,5.22533E+16
63941,12,0,73,578,2018,9,8,2,3,5,3,0,0,1,0,0,0,0,0,8.32883E+20,5.90967E+21,1.39888E+16,5.32318E+16
63942,12,0,64,336,2018,7,20,1,2,2,6,1,0,1,0,0,0,0,0,8.20569E+20,5.82904E+21,1.37256E+16,5.25169E+16
63943,12,0,67,124,2018,7,15,5,2,2,2,0,0,0,0,1,0,1,0,8.23018E+20,5.81959E+21,1.37524E+16,5.24308E+16
63944,12,0,61,405,2018,8,6,4,2,8,1,0,0,0,0,0,1,0,0,8.20854E+20,5.77468E+21,1.36781E+16,5.20298E+16
63945,12,0,68,264,2018,7,17,4,2,6,4,0,0,1,1,0,0,0,0,7.27402E+20,5.87167E+21,1.23848E+16,5.29464E+16
63946,12,0,71,160,2018,8,16,3,3,3,7,0,1,1,0,0,0,0,0,8.91543E+20,5.77414E+21,1.47031E+16,5.19796E+16
63947,12,0,64,512,2018,7,15,6,3,5,3,0,0,1,0,0,0,1,0,8.46615E+20,5.85292E+21,1.41329E+16,5.27149E+16
63948,12,0,67,413,2018,9,10,1,3,5,3,0,0,1,0,1,0,0,0,8.4083E+20,5.80225E+21,1.39958E+16,5.22647E+16
63949,12,0,52,0,2018,7,15,3,3,2,6,0,0,1,0,0,1,0,0,8.69407E+20,5.7432E+21,1.43492E+16,5.17177E+16
63950,12,0,54,0,2018,6,12,6,3,5,2,0,1,1,0,0,0,0,0,7.75984E+20,5.81271E+21,1.30568E+16,5.23949E+16
63951,12,0,65,225,2018,9,16,6,3,5,3,0,1,1,0,0,0,0,1,7.96014E+20,5.84367E+21,1.33779E+16,5.2662E+16
63952,12,0,70,424,2018,7,14,6,3,2,2,0,0,1,0,0,0,1,0,6.82376E+20,5.87632E+21,1.17182E+16,5.30053E+16
63953,12,0,73,452,2018,7,7,3,3,8,1,0,0,1,0,0,0,0,0,8.21258E+20,5.92062E+21,1.38263E+16,5.3337E+16
63954,12,0,71,74,2018,9,16,1,3,2,1,0,1,1,0,0,0,0,0,8.83494E+20,5.73595E+21,1.45442E+16,5.16434E+16
63955,12,0,65,36,2018,8,12,5,3,5,3,0,0,1,0,1,0,0,0,7.88873E+20,5.84727E+21,1.32757E+16,5.26981E+16
63956,12,0,65,84,2018,8,17,1,3,3,6,0,0,1,0,1,0,0,0,7.75895E+20,5.90324E+21,1.31318E+16,5.32068E+16
63957,12,0,60,20,2018,8,16,6,3,4,2,0,1,1,0,0,0,0,0,8.09275E+20,5.84699E+21,1.35765E+16,5.26843E+16
63958,12,0,67,24,2018,9,16,7,2,4,6,0,0,1,0,0,0,0,0,8.43903E+20,5.80532E+21,1.40438E+16,5.22904E+16
63959,12,0,63,208,2018,9,20,6,2,4,6,0,1,1,0,0,0,0,0,7.55033E+20,5.83254E+21,1.27647E+16,5.2583E+16
63960,12,0,69,345,2018,8,4,2,3,2,6,1,0,1,0,0,1,0,0,7.57805E+20,5.78404E+21,1.27683E+16,5.21466E+16
63961,12,0,69,306,2018,9,15,5,3,3,2,0,0,1,0,0,0,0,0,7.5641E+20,5.80677E+21,1.27652E+16,5.23512E+16
63962,12,0,70,296,2018,7,9,2,3,2,6,0,0,1,0,0,1,0,0,6.89777E+20,5.88233E+21,1.18319E+16,5.30568E+16
63963,12,0,69,656,2018,8,13,1,3,5,2,0,0,1,0,1,0,0,0,7.67157E+20,5.80938E+21,1.29247E+16,5.23694E+16
63964,12,0,61,329,2018,6,12,6,2,9,7,0,0,1,0,0,0,0,0,8.38213E+20,5.77467E+21,1.39302E+16,5.20193E+16
63965,12,0,65,332,2018,6,12,5,2,5,2,0,0,1,0,1,0,0,0,7.82671E+20,5.84551E+21,1.31827E+16,5.26856E+16
63966,12,0,52,0,2018,8,15,3,3,2,6,0,0,1,0,0,0,1,0,8.69547E+20,5.74298E+21,1.4351E+16,5.17157E+16
63967,12,0,69,454,2018,9,17,4,3,0,4,0,1,0,1,0,0,0,0,7.81025E+20,5.80403E+21,1.31234E+16,5.23145E+16
63968,12,0,71,244,2018,7,7,4,2,5,2,0,0,1,0,1,0,0,0,8.64334E+20,5.74657E+21,1.42796E+16,5.17512E+16
63969,12,0,67,36,2018,7,13,1,3,2,6,0,0,1,0,0,0,0,0,8.57611E+20,5.79608E+21,1.42342E+16,5.21989E+16
63970,12,0,72,120,2018,9,6,6,2,0,1,0,0,0,0,1,0,0,1,7.91772E+20,5.80855E+21,1.32845E+16,5.23494E+16
63971,12,0,60,280,2018,8,6,3,3,7,7,0,0,1,0,0,0,0,0,8.2442E+20,5.84551E+21,1.37983E+16,5.26622E+16
63972,12,0,70,316,2018,8,12,1,2,0,1,0,0,0,0,1,0,0,0,7.1472E+20,5.88747E+21,1.22069E+16,5.30934E+16
63973,12,0,51,0,2018,8,15,6,3,5,3,0,1,1,0,0,0,0,0,7.43317E+20,5.81219E+21,1.25773E+16,5.24058E+16
63974,12,0,73,452,2018,8,9,4,3,5,3,0,1,1,0,0,0,0,0,8.22459E+20,5.91755E+21,1.38412E+16,5.33088E+16
63975,12,0,61,316,2018,9,14,5,3,5,3,0,0,1,0,1,0,0,1,8.35097E+20,5.76642E+21,1.38769E+16,5.19473E+16
63976,12,0,66,52,2018,9,6,4,3,2,6,2,1,0,0,0,0,1,0,8.41163E+20,5.74523E+21,1.39439E+16,5.17539E+16
63977,12,0,70,325,2018,8,21,1,3,8,7,2,0,1,0,0,0,0,0,7.02097E+20,5.90934E+21,1.20325E+16,5.32947E+16
63978,12,0,65,225,2018,9,21,3,2,9,1,2,0,0,0,1,0,0,0,7.96019E+20,5.842E+21,1.33765E+16,5.2647E+16
63979,12,0,60,280,2018,7,16,6,3,5,3,0,0,1,0,1,0,0,0,8.17945E+20,5.84616E+21,1.37035E+16,5.26719E+16
63980,12,0,61,217,2018,6,9,6,3,5,3,0,0,1,0,0,0,0,0,8.2742E+20,5.80111E+21,1.37989E+16,5.22627E+16
63981,12,0,61,433,2018,8,18,7,3,2,2,0,0,1,0,0,0,0,0,8.01282E+20,5.81107E+21,1.3426E+16,5.23669E+16
63982,12,0,60,52,2018,9,16,3,3,2,6,0,0,1,0,0,0,0,0,8.20941E+20,5.8657E+21,1.37667E+16,5.28452E+16
63983,12,0,66,104,2018,7,19,2,3,1,5,0,0,1,0,0,1,0,0,8.29763E+20,5.70243E+21,1.37392E+16,5.13771E+16
63984,12,0,51,0,2018,7,13,6,2,5,3,0,0,1,0,0,0,0,0,7.44749E+20,5.81225E+21,1.25984E+16,5.24056E+16
63985,12,0,72,14,2018,8,11,5,2,3,2,0,0,0,0,1,0,1,0,8.09861E+20,5.77487E+21,1.35185E+16,5.20376E+16
63986,12,0,66,320,2018,8,12,4,2,4,6,0,0,1,0,0,0,0,0,8.51009E+20,5.74812E+21,1.40889E+16,5.17736E+16
63987,12,0,67,544,2018,7,6,6,3,0,3,0,1,1,0,0,0,0,0,8.23346E+20,5.82298E+21,1.37605E+16,5.24611E+16
63988,12,0,67,288,2018,9,23,3,2,8,1,2,0,1,0,0,0,0,0,8.5007E+20,5.81086E+21,1.41396E+16,5.23361E+16
63989,12,0,63,80,2018,9,19,2,3,7,1,1,1,0,0,0,0,0,0,7.78315E+20,5.83193E+21,1.3107E+16,5.25661E+16
63990,12,0,69,345,2018,9,10,7,3,2,6,0,0,1,0,0,0,0,0,7.58061E+20,5.78447E+21,1.27724E+16,5.21503E+16
63991,12,0,61,540,2018,7,16,4,3,0,3,0,0,1,0,1,0,0,0,8.14483E+20,5.80702E+21,1.36155E+16,5.23232E+16
63992,12,0,61,444,2018,6,10,6,3,5,3,0,1,1,0,0,0,0,0,8.11661E+20,5.81028E+21,1.35772E+16,5.2354E+16
63993,12,0,60,20,2018,9,9,7,2,5,3,0,0,1,0,0,0,0,0,8.13589E+20,5.84487E+21,1.3638E+16,5.26629E+16
63994,12,0,65,225,2018,7,14,7,3,2,2,0,0,1,0,0,0,1,0,7.96008E+20,5.84366E+21,1.33778E+16,5.26619E+16
63995,12,0,68,181,2018,8,7,6,3,8,1,0,0,1,0,0,0,0,0,7.26921E+20,5.89416E+21,1.23935E+16,5.31484E+16
63996,12,0,54,0,2018,9,16,2,3,2,6,0,0,1,0,0,0,0,0,7.73574E+20,5.81127E+21,1.30203E+16,5.23832E+16
63997,12,0,72,312,2018,8,22,5,2,3,6,2,0,1,0,1,0,0,0,7.89493E+20,5.78519E+21,1.32312E+16,5.21412E+16
63998,12,0,53,0,2018,8,5,2,2,9,7,1,0,1,0,0,0,0,0,8.76537E+20,5.81567E+21,1.45317E+16,5.23616E+16
63999,12,0,73,452,2018,9,10,7,3,2,6,0,0,1,0,0,1,0,0,8.19083E+20,5.9234E+21,1.37965E+16,5.33632E+16
64000,12,0,51,0,2018,9,0,1,3,5,3,2,0,1,0,0,0,0,0,7.38241E+20,5.81293E+21,1.25034E+16,5.24146E+16
64001,12,0,71,244,2018,9,20,1,2,8,7,2,0,1,0,0,0,0,0,8.58539E+20,5.74626E+21,1.41957E+16,5.17522E+16
64002,12,0,54,0,2018,7,14,7,2,2,6,0,0,1,0,1,0,0,0,7.75258E+20,5.81341E+21,1.30467E+16,5.24016E+16
64003,12,0,71,304,2018,7,4,4,3,8,1,1,0,1,0,0,0,0,0,8.717E+20,5.75808E+21,1.43982E+16,5.18494E+16
64004,12,0,60,20,2018,8,15,4,3,5,3,0,1,1,0,0,0,0,0,8.06881E+20,5.84582E+21,1.35401E+16,5.26752E+16
64005,12,0,71,301,2018,7,8,3,2,5,3,0,0,1,0,0,0,0,0,8.77266E+20,5.74335E+21,1.44626E+16,5.17139E+16
64006,12,0,69,604,2018,8,8,2,3,1,6,0,1,1,0,0,0,0,0,7.8571E+20,5.81235E+21,1.3199E+16,5.23867E+16
64007,12,0,67,426,2018,7,16,6,3,8,1,0,0,1,0,0,0,0,0,8.4946E+20,5.80042E+21,1.41199E+16,5.22429E+16
64008,12,0,54,0,2018,7,17,2,3,4,6,0,1,0,0,0,0,0,0,7.76461E+20,5.81243E+21,1.30635E+16,5.23921E+16
64009,12,0,71,76,2018,6,9,6,2,2,6,0,0,1,0,1,0,0,0,8.8833E+20,5.74494E+21,1.46238E+16,5.17205E+16
64010,12,0,72,17,2018,9,21,5,3,5,3,2,1,1,0,0,0,0,0,7.99397E+20,5.80715E+21,1.33949E+16,5.23328E+16