OBJECTID_1,ULAND,UREGBEZ,UKREIS,UGEMEINDE,UJAHR,UMONAT,USTUNDE,UWOCHENTAG,UKATEGORIE,UART,UTYP1,ULICHTVERH,IstRad,IstPKW,IstFuss,IstKrad,IstGkfz,IstSonstig,STRZUSTAND,LINREFX,LINREFY,XGCSWGS84,YGCSWGS84
64011,12,0,69,665,2018,7,10,5,2,8,1,0,0,0,0,0,1,0,1,7.35643E+20,5.77893E+21,1.24415E+16,5.21106E+16
64012,12,0,72,120,2018,7,11,2,3,2,6,0,0,1,0,0,0,0,0,7.94046E+20,5.809E+21,1.33182E+16,5.23522E+16
64013,12,0,60,185,2018,9,0,1,2,7,7,2,0,1,0,0,0,0,0,8.38777E+20,5.87582E+21,1.40411E+16,5.29249E+16
64014,12,0,63,208,2018,8,7,4,3,2,6,0,0,1,0,0,0,0,0,7.56093E+20,5.82834E+21,1.27771E+16,5.25448E+16
64015,12,0,53,0,2018,8,8,7,2,2,6,0,0,1,0,0,0,0,0,8.7858E+20,5.81058E+21,1.45558E+16,5.23146E+16
64016,12,0,69,20,2018,8,9,5,2,5,2,0,1,1,0,0,0,0,0,7.49406E+20,5.78256E+21,1.26447E+16,5.21372E+16
64017,12,0,65,100,2018,9,16,1,3,2,6,0,0,1,0,0,0,0,0,7.78826E+20,5.87931E+21,1.31548E+16,5.29907E+16
64018,12,0,69,590,2018,7,17,4,3,2,6,0,0,1,0,0,0,0,0,7.70768E+20,5.80224E+21,1.29719E+16,5.23036E+16
64019,12,0,71,32,2018,6,8,6,3,2,2,0,0,1,0,0,1,0,0,8.53746E+20,5.75344E+21,1.41339E+16,5.18195E+16
64020,12,0,73,8,2018,7,10,7,3,5,3,0,1,1,0,0,0,0,0,8.34819E+20,5.88709E+21,1.39941E+16,5.30283E+16
64021,12,0,53,0,2018,8,18,6,3,2,6,0,0,1,0,0,0,0,0,8.78213E+20,5.81424E+21,1.45546E+16,5.23477E+16
64022,12,0,70,60,2018,8,15,6,3,8,1,0,0,0,0,1,0,0,0,6.80843E+20,5.87801E+21,1.16963E+16,5.3021E+16
64023,12,0,65,256,2018,9,12,2,2,1,5,0,0,0,0,0,1,0,0,7.83668E+20,5.85404E+21,1.32048E+16,5.27616E+16
64024,12,0,63,189,2018,9,1,1,3,8,1,2,0,1,0,0,0,0,0,7.20918E+20,5.82381E+21,1.22563E+16,5.25196E+16
64025,12,0,65,256,2018,7,13,1,3,3,6,0,1,0,0,0,0,0,0,7.87718E+20,5.85187E+21,1.32627E+16,5.274E+16
64026,12,0,65,165,2018,7,20,5,3,8,1,0,0,1,0,0,0,0,0,7.71345E+20,5.85276E+21,1.30216E+16,5.27564E+16
64027,12,0,52,0,2018,8,12,4,3,5,3,0,1,1,0,0,0,0,0,8.68729E+20,5.74782E+21,1.43443E+16,5.17596E+16
64028,12,0,54,0,2018,7,3,3,3,2,6,2,0,1,0,0,1,0,0,7.76873E+20,5.81361E+21,1.30706E+16,5.24026E+16
64029,12,0,65,198,2018,8,15,3,3,4,6,0,0,1,0,0,0,0,0,7.79482E+20,5.86927E+21,1.31559E+16,5.29003E+16
64030,12,0,54,0,2018,9,10,7,3,5,3,0,0,1,0,0,0,0,0,7.75064E+20,5.81289E+21,1.30434E+16,5.2397E+16
64031,12,0,68,468,2018,7,7,3,2,8,6,0,0,1,0,0,0,1,0,7.40502E+20,5.90415E+21,1.26037E+16,5.3232E+16
64032,12,0,52,0,2018,6,23,6,3,8,7,2,1,0,0,0,0,0,0,8.68394E+20,5.74765E+21,1.43393E+16,5.17582E+16
64033,12,0,65,256,2018,9,14,6,3,6,7,0,0,0,1,0,0,1,0,7.86188E+20,5.85355E+21,1.32416E+16,5.27558E+16
64034,12,0,72,426,2018,7,13,5,3,0,1,0,0,0,0,1,0,0,1,7.88755E+20,5.79521E+21,1.3229E+16,5.22314E+16
64035,12,0,65,136,2018,7,13,3,3,2,6,0,0,1,0,0,0,0,0,7.84632E+20,5.83993E+21,1.32068E+16,5.26346E+16
64036,12,0,67,469,2018,9,6,1,2,8,1,1,0,1,0,0,0,0,0,8.24207E+20,5.81237E+21,1.37628E+16,5.23655E+16
64037,12,0,69,17,2018,8,14,4,3,2,6,0,0,1,0,0,1,1,0,7.67034E+20,5.7933E+21,1.29102E+16,5.22253E+16
64038,12,0,54,0,2018,8,15,7,2,2,6,0,1,0,0,0,0,0,0,7.75796E+20,5.81989E+21,1.30599E+16,5.24594E+16
64039,12,0,70,316,2018,8,19,6,2,4,6,0,0,1,0,0,0,0,0,7.11348E+20,5.88909E+21,1.21577E+16,5.31093E+16
64040,12,0,72,2,2018,9,16,6,2,5,2,0,0,1,0,1,0,0,0,7.96888E+20,5.78743E+21,1.33409E+16,5.21574E+16
64041,12,0,61,260,2018,9,13,6,3,2,2,0,0,1,0,0,0,0,0,8.15588E+20,5.80432E+21,1.36291E+16,5.22984E+16
64042,12,0,66,132,2018,8,14,2,3,5,3,0,1,1,0,0,0,0,0,8.48433E+20,5.7109E+21,1.40148E+16,5.14418E+16
64043,12,0,64,136,2018,9,10,5,3,6,4,0,0,1,1,0,0,0,0,8.22643E+20,5.82964E+21,1.37566E+16,5.25211E+16
64044,12,0,51,0,2018,7,10,1,3,2,6,0,0,1,0,0,0,1,0,7.40157E+20,5.80987E+21,1.25293E+16,5.23863E+16
64045,12,0,60,100,2018,6,8,6,3,9,1,0,0,1,0,0,0,0,0,8.20332E+20,5.87918E+21,1.3771E+16,5.29663E+16
64046,12,0,64,227,2018,8,16,3,3,8,1,0,0,1,0,0,0,0,0,8.16516E+20,5.83236E+21,1.36692E+16,5.2549E+16
64047,12,0,69,270,2018,9,8,4,2,2,6,0,0,1,0,0,0,1,0,7.34256E+20,5.81878E+21,1.2449E+16,5.24689E+16
64048,12,0,64,266,2018,7,13,4,2,0,7,0,1,0,0,0,0,0,0,8.75995E+20,5.83652E+21,1.45472E+16,5.25486E+16
64049,12,0,65,251,2018,7,18,1,3,1,5,0,0,1,0,0,0,0,0,7.79965E+20,5.84134E+21,1.31392E+16,5.26496E+16
64050,12,0,69,270,2018,9,8,6,3,8,1,0,0,1,0,0,0,0,1,7.33233E+20,5.81599E+21,1.2432E+16,5.24443E+16
64051,12,0,65,144,2018,8,17,3,3,2,2,0,0,1,0,0,0,0,0,7.89108E+20,5.84434E+21,1.32766E+16,5.26717E+16
64052,12,0,69,17,2018,8,18,7,3,8,1,0,0,0,0,1,0,0,0,7.69662E+20,5.78868E+21,1.29449E+16,5.21825E+16
64053,12,0,71,301,2018,8,23,6,3,7,7,2,0,1,0,0,0,0,0,8.7038E+20,5.74049E+21,1.43604E+16,5.16928E+16
64054,12,0,64,336,2018,9,12,5,3,9,6,0,0,1,0,0,1,0,0,8.18857E+20,5.83148E+21,1.37028E+16,5.25399E+16
64055,12,0,67,124,2018,9,11,4,3,3,6,0,1,0,0,0,0,0,0,8.23112E+20,5.81871E+21,1.37529E+16,5.24229E+16
64056,12,0,68,52,2018,8,10,1,3,5,3,0,1,1,0,0,0,0,0,7.16879E+20,5.86436E+21,1.22236E+16,5.28851E+16
64057,12,0,72,297,2018,9,7,2,3,7,7,0,0,1,0,0,0,0,0,7.72987E+20,5.77116E+21,1.29794E+16,5.20237E+16
64058,12,0,67,144,2018,7,11,6,3,5,3,0,1,1,0,0,0,0,0,8.45191E+20,5.812E+21,1.40695E+16,5.23493E+16
64059,12,0,60,280,2018,6,15,6,2,2,6,0,0,1,0,0,0,1,0,8.20752E+20,5.84197E+21,1.37408E+16,5.26327E+16
64060,12,0,60,269,2018,8,11,7,3,2,6,0,0,1,0,0,0,0,0,7.99567E+20,5.85016E+21,1.34361E+16,5.27182E+16
64061,12,0,64,428,2018,9,14,3,3,3,6,0,1,0,0,0,0,0,0,8.24116E+20,5.82519E+21,1.37739E+16,5.24803E+16
64062,12,0,67,124,2018,7,8,2,3,2,6,0,0,1,0,0,1,0,0,8.25472E+20,5.81713E+21,1.3786E+16,5.24074E+16
64063,12,0,65,165,2018,7,19,6,1,8,6,0,0,1,0,0,0,0,0,7.67377E+20,5.85174E+21,1.29621E+16,5.27493E+16
64064,12,0,61,433,2018,8,7,5,3,2,6,0,0,1,0,0,0,0,0,8.10104E+20,5.81143E+21,1.35555E+16,5.23652E+16
64065,12,0,60,52,2018,8,10,4,3,3,2,0,1,1,0,0,0,0,0,8.24929E+20,5.86443E+21,1.38245E+16,5.28314E+16
64066,12,0,64,29,2018,9,20,3,3,0,1,2,0,0,0,1,0,0,0,8.16972E+20,5.83256E+21,1.36761E+16,5.25506E+16
64067,12,0,73,532,2018,9,9,2,2,2,6,0,0,1,0,0,0,0,0,8.52479E+20,5.89269E+21,1.42624E+16,5.30671E+16
64068,12,0,69,590,2018,9,10,7,3,5,6,0,0,1,0,0,0,0,0,7.6682E+20,5.80332E+21,1.2915E+16,5.23152E+16
64069,12,0,60,269,2018,7,17,4,3,0,7,0,0,1,1,0,0,0,0,8.01991E+20,5.85872E+21,1.34798E+16,5.27935E+16
64070,12,0,60,24,2018,6,18,6,2,8,1,0,0,1,0,0,0,0,0,8.13865E+20,5.85676E+21,1.36535E+16,5.27693E+16
64071,12,0,72,240,2018,9,17,6,3,8,7,0,0,1,0,0,0,0,1,7.87289E+20,5.80052E+21,1.32121E+16,5.22798E+16
64072,12,0,68,320,2018,7,13,7,3,2,2,0,0,1,0,0,0,0,0,7.55597E+20,5.87107E+21,1.28031E+16,5.29283E+16
64073,12,0,64,393,2018,8,12,5,3,2,6,0,0,1,0,0,0,0,0,8.37597E+20,5.84368E+21,1.39905E+16,5.26378E+16
64074,12,0,62,469,2018,9,5,2,2,9,7,1,0,1,0,0,0,0,0,8.21941E+20,5.73808E+21,1.36598E+16,5.17011E+16
64075,12,0,51,0,2018,8,4,5,2,5,3,1,0,1,0,0,0,0,0,7.43105E+20,5.81212E+21,1.25741E+16,5.24052E+16
64076,12,0,65,332,2018,8,14,2,3,5,2,0,0,1,0,1,0,0,0,7.82672E+20,5.84551E+21,1.31827E+16,5.26856E+16
64077,12,0,64,336,2018,9,19,7,2,0,6,0,1,0,0,0,0,0,0,8.19286E+20,5.82918E+21,1.37069E+16,5.2519E+16
64078,12,0,60,20,2018,6,16,6,3,5,3,0,0,1,0,0,0,0,0,8.10036E+20,5.84758E+21,1.35882E+16,5.26892E+16
64079,12,0,60,52,2018,9,14,1,1,4,6,0,0,0,0,1,0,0,0,8.24906E+20,5.86802E+21,1.38277E+16,5.28636E+16
64080,12,0,60,20,2018,9,15,1,3,2,6,0,0,1,0,1,0,0,0,8.10568E+20,5.84682E+21,1.35954E+16,5.26821E+16
64081,12,0,60,181,2018,7,8,4,2,1,5,0,0,1,0,0,0,1,0,8.07894E+20,5.84116E+21,1.35506E+16,5.26329E+16
64082,12,0,70,424,2018,8,14,4,3,8,1,0,0,1,0,0,0,0,0,6.81692E+20,5.88001E+21,1.17101E+16,5.30387E+16
64083,12,0,60,269,2018,7,11,3,3,8,1,0,0,1,0,0,0,0,0,7.99829E+20,5.84925E+21,1.34392E+16,5.27099E+16
64084,12,0,62,500,2018,8,6,2,3,2,6,0,1,1,0,0,0,0,0,7.9766E+20,5.72455E+21,1.32979E+16,5.15932E+16
64085,12,0,64,29,2018,6,7,6,2,5,3,0,1,1,0,0,0,0,0,8.19181E+20,5.83213E+21,1.37082E+16,5.25455E+16
64086,12,0,71,337,2018,7,15,2,3,8,1,0,0,1,0,0,0,0,0,8.83719E+20,5.77162E+21,1.45869E+16,5.19625E+16
64087,12,0,64,227,2018,6,11,6,3,5,2,0,0,1,0,1,0,0,0,8.15909E+20,5.82779E+21,1.36559E+16,5.25084E+16
64088,12,0,54,0,2018,9,9,5,3,5,2,0,1,1,0,0,0,0,0,7.75072E+20,5.81287E+21,1.30435E+16,5.23968E+16
64089,12,0,71,164,2018,7,11,5,2,5,3,0,0,1,0,0,0,0,1,8.60073E+20,5.75265E+21,1.42244E+16,5.18084E+16
64090,12,0,61,332,2018,7,12,2,3,8,7,0,0,1,0,0,0,0,0,8.12068E+20,5.80081E+21,1.35744E+16,5.22689E+16
64091,12,0,68,117,2018,9,11,1,2,2,6,0,0,1,0,0,0,0,0,7.55632E+20,5.85896E+21,1.27941E+16,5.28197E+16
64092,12,0,71,76,2018,8,20,4,3,2,6,0,0,1,0,0,0,0,0,8.87148E+20,5.74504E+21,1.46069E+16,5.17223E+16
64093,12,0,67,481,2018,8,16,7,3,5,3,0,1,1,0,0,0,0,1,8.37577E+20,5.79925E+21,1.39453E+16,5.22399E+16
64094,12,0,71,57,2018,8,22,5,3,7,7,2,0,0,0,0,0,1,0,8.6486E+20,5.74166E+21,1.42821E+16,5.1707E+16
64095,12,0,69,596,2018,9,14,6,3,5,3,0,1,1,0,0,0,0,0,7.72698E+20,5.8E+21,1.29983E+16,5.22826E+16
64096,12,0,72,240,2018,9,20,5,2,8,1,2,0,1,0,1,0,0,0,7.86972E+20,5.80249E+21,1.32091E+16,5.22976E+16
64097,12,0,65,251,2018,8,11,2,3,2,6,0,0,1,0,0,0,0,0,7.80846E+20,5.84765E+21,1.31576E+16,5.27057E+16
64098,12,0,51,0,2018,9,6,4,3,3,6,0,1,0,0,0,0,0,1,7.34493E+20,5.81299E+21,1.24484E+16,5.24168E+16
64099,12,0,64,29,2018,7,13,7,2,2,6,0,0,1,0,0,0,0,0,8.1705E+20,5.8326E+21,1.36773E+16,5.25509E+16
64100,12,0,64,428,2018,6,20,6,3,1,5,0,0,1,0,0,1,0,0,8.25051E+20,5.82659E+21,1.3789E+16,5.24924E+16
64101,12,0,73,261,2018,8,16,2,3,5,3,0,0,1,0,0,0,1,0,8.34336E+20,5.918E+21,1.40192E+16,5.33054E+16
64102,12,0,73,603,2018,9,5,4,2,4,6,2,0,1,0,0,1,1,0,8.43213E+20,5.89978E+21,1.41323E+16,5.31366E+16
64103,12,0,69,604,2018,7,15,3,3,5,3,0,1,1,0,0,0,0,0,7.85042E+20,5.81196E+21,1.31889E+16,5.23836E+16
64104,12,0,69,656,2018,7,12,7,3,0,1,0,0,0,0,1,0,0,1,7.6905E+20,5.80746E+21,1.29509E+16,5.23513E+16
64105,12,0,60,269,2018,9,14,6,3,4,6,0,0,0,0,0,1,0,0,8.00257E+20,5.84585E+21,1.34424E+16,5.26792E+16
64106,12,0,65,251,2018,8,12,7,3,2,2,0,0,0,0,1,0,0,0,7.77858E+20,5.84629E+21,1.31123E+16,5.26951E+16
64107,12,0,69,397,2018,8,11,5,3,5,3,0,0,1,0,0,1,0,0,7.74515E+20,5.80203E+21,1.30265E+16,5.22998E+16
64108,12,0,72,240,2018,9,10,4,3,5,2,0,1,1,0,0,0,0,0,7.91646E+20,5.80347E+21,1.32783E+16,5.23039E+16
64109,12,0,54,0,2018,9,19,3,3,5,2,2,0,1,0,1,0,0,0,7.78973E+20,5.82144E+21,1.31079E+16,5.24717E+16
64110,12,0,67,201,2018,8,13,7,3,1,5,0,0,1,0,0,0,0,0,8.27211E+20,5.81825E+21,1.38125E+16,5.24164E+16
64111,12,0,67,481,2018,9,20,2,3,7,7,2,0,0,0,1,0,0,0,8.3202E+20,5.79766E+21,1.38627E+16,5.2229E+16
64112,12,0,69,20,2018,7,6,5,2,8,1,0,0,1,0,0,0,0,0,7.43065E+20,5.78199E+21,1.25519E+16,5.21349E+16
64113,12,0,67,124,2018,6,16,6,2,5,3,0,1,1,0,0,0,0,0,8.23143E+20,5.81753E+21,1.37522E+16,5.24123E+16
64114,12,0,70,424,2018,7,12,1,3,6,7,0,0,1,1,0,0,0,0,6.82823E+20,5.87441E+21,1.17237E+16,5.2988E+16
64115,12,0,51,0,2018,8,15,6,3,2,2,0,0,1,0,0,0,1,0,7.40793E+20,5.81176E+21,1.254E+16,5.2403E+16
64116,12,0,63,252,2018,9,13,6,2,5,2,0,1,1,0,0,0,0,0,7.26048E+20,5.83095E+21,1.23366E+16,5.25815E+16
64117,12,0,67,440,2018,9,12,6,2,5,3,0,0,1,0,0,0,1,0,8.19831E+20,5.82445E+21,1.37103E+16,5.24763E+16
64118,12,0,73,8,2018,8,1,2,3,9,1,2,0,0,0,0,0,1,0,8.24421E+20,5.89138E+21,1.38439E+16,5.30732E+16
64119,12,0,63,208,2018,9,7,4,3,5,2,0,1,1,0,0,0,0,0,7.62848E+20,5.83583E+21,1.28824E+16,5.26088E+16
64120,12,0,65,251,2018,7,16,1,3,1,5,0,0,1,0,0,0,0,0,7.70882E+20,5.84772E+21,1.30106E+16,5.27115E+16
64121,12,0,68,468,2018,6,6,6,2,8,7,0,0,0,0,0,1,0,0,7.37469E+20,5.88359E+21,1.25431E+16,5.30489E+16
64122,12,0,69,665,2018,8,12,2,2,9,1,0,0,1,0,0,0,0,0,7.38716E+20,5.77313E+21,1.24822E+16,5.20572E+16
64123,12,0,62,24,2018,9,16,4,3,5,3,0,0,1,0,0,0,0,0,8.09274E+20,5.71556E+21,1.34572E+16,5.15064E+16
64124,12,0,68,280,2018,7,16,4,3,5,3,0,0,1,0,0,0,0,0,7.68389E+20,5.8773E+21,1.29981E+16,5.29779E+16
64125,12,0,69,648,2018,7,6,7,3,2,6,0,0,1,0,0,1,0,0,7.37588E+20,5.80157E+21,1.24857E+16,5.2313E+16
64126,12,0,61,260,2018,9,21,6,3,5,3,2,0,1,0,0,0,0,0,8.13727E+20,5.80468E+21,1.36023E+16,5.23026E+16
64127,12,0,69,17,2018,8,12,2,3,9,1,0,0,1,0,0,0,0,0,7.65681E+20,5.79874E+21,1.28947E+16,5.22747E+16
64128,12,0,60,68,2018,8,11,7,2,2,6,0,0,1,0,0,0,0,0,8.23934E+20,5.88736E+21,1.38326E+16,5.30375E+16
64129,12,0,64,317,2018,8,13,6,2,2,6,0,0,1,0,0,0,0,0,8.4845E+20,5.82805E+21,1.41338E+16,5.2491E+16
64130,12,0,67,124,2018,9,17,5,3,5,2,0,1,1,0,0,0,0,0,8.2291E+20,5.81913E+21,1.37504E+16,5.24268E+16
64131,12,0,69,304,2018,9,16,3,3,2,7,0,0,1,0,0,0,0,0,7.84789E+20,5.81396E+21,1.31869E+16,5.24016E+16
64132,12,0,63,202,2018,8,18,7,1,3,6,0,0,1,0,0,0,0,0,7.44316E+20,5.84328E+21,1.26148E+16,5.26842E+16
64133,12,0,61,332,2018,9,7,2,2,5,2,0,0,1,0,0,0,0,0,8.1182E+20,5.79819E+21,1.35684E+16,5.22455E+16
64134,12,0,72,14,2018,7,15,5,2,8,1,0,0,1,0,0,0,0,0,8.05026E+20,5.77571E+21,1.3449E+16,5.20478E+16
64135,12,0,65,256,2018,6,13,6,3,3,2,0,1,1,0,0,0,0,0,7.8587E+20,5.8533E+21,1.32367E+16,5.27538E+16
64136,12,0,60,269,2018,7,3,1,2,6,4,1,0,0,1,0,0,1,0,8.01457E+20,5.85383E+21,1.34674E+16,5.275E+16
64137,12,0,72,17,2018,8,13,6,2,2,6,0,0,1,0,0,0,0,0,7.99948E+20,5.80423E+21,1.34004E+16,5.23063E+16
64138,12,0,70,173,2018,9,13,3,3,2,6,0,0,1,0,0,0,1,0,6.7512E+20,5.90047E+21,1.16233E+16,5.32246E+16
64139,12,0,64,472,2018,7,9,2,2,5,3,0,1,1,0,0,0,0,0,8.31309E+20,5.83815E+21,1.38924E+16,5.25921E+16
64140,12,0,54,0,2018,7,16,5,3,5,2,0,1,1,0,0,0,0,0,7.77814E+20,5.81246E+21,1.30834E+16,5.23917E+16
64141,12,0,64,428,2018,8,6,5,2,5,3,0,1,0,0,1,0,0,0,8.28777E+20,5.82836E+21,1.38454E+16,5.2506E+16
64142,12,0,69,402,2018,8,16,3,3,8,1,0,0,1,0,0,1,0,1,7.61916E+20,5.78739E+21,1.28308E+16,5.21747E+16
64143,12,0,65,136,2018,9,15,3,3,2,2,0,0,1,0,0,0,0,0,7.84852E+20,5.84031E+21,1.32104E+16,5.26378E+16
64144,12,0,65,251,2018,9,10,2,3,2,2,0,0,1,0,0,1,0,1,7.78811E+20,5.85209E+21,1.31313E+16,5.27466E+16
64145,12,0,53,0,2018,9,7,7,3,2,6,0,0,1,0,0,1,0,0,8.69071E+20,5.81049E+21,1.44169E+16,5.23203E+16
64146,12,0,70,325,2018,7,15,4,2,8,1,0,0,1,0,0,0,0,0,7.02226E+20,5.90392E+21,1.2031E+16,5.3246E+16
64147,12,0,65,256,2018,6,14,6,3,5,3,0,0,1,0,0,0,0,0,7.85215E+20,5.85765E+21,1.32308E+16,5.27931E+16
64148,12,0,61,433,2018,9,17,6,2,2,6,1,0,1,0,0,0,0,1,8.11949E+20,5.80646E+21,1.35779E+16,5.23196E+16
64149,12,0,69,632,2018,7,16,6,2,4,1,0,0,1,0,0,0,0,0,7.58668E+20,5.76835E+21,1.2769E+16,5.20054E+16
64150,12,0,66,176,2018,8,15,4,2,9,7,0,0,1,0,0,0,0,0,8.27616E+20,5.71668E+21,1.37216E+16,5.1506E+16
64151,12,0,60,20,2018,9,14,2,3,2,6,0,0,1,0,0,1,0,0,8.10726E+20,5.8463E+21,1.35972E+16,5.26774E+16
64152,12,0,61,20,2018,8,17,5,3,9,7,0,0,1,0,0,0,0,0,8.17853E+20,5.79912E+21,1.36573E+16,5.22504E+16
64153,12,0,69,306,2018,8,17,1,3,9,1,0,0,1,0,0,0,0,0,7.59467E+20,5.80541E+21,1.28089E+16,5.23375E+16
64154,12,0,69,345,2018,8,14,6,3,8,1,0,0,1,0,0,0,0,0,7.57645E+20,5.78379E+21,1.27658E+16,5.21444E+16
64155,12,0,70,316,2018,6,5,6,2,5,2,0,0,1,0,1,0,0,0,7.15082E+20,5.89977E+21,1.22206E+16,5.32037E+16
64156,12,0,65,144,2018,9,10,1,3,0,7,0,1,0,0,0,0,1,0,7.89748E+20,5.84416E+21,1.32859E+16,5.26698E+16
64157,12,0,71,372,2018,9,15,7,3,8,1,0,1,0,0,0,0,0,0,8.71222E+20,5.72572E+21,1.43569E+16,5.15601E+16
64158,12,0,54,0,2018,8,10,3,3,5,3,0,1,0,0,0,0,0,0,7.73297E+20,5.81505E+21,1.30193E+16,5.24173E+16
64159,12,0,65,136,2018,9,8,6,2,2,6,0,1,1,0,0,0,0,1,7.84576E+20,5.83801E+21,1.32043E+16,5.26174E+16
64160,12,0,65,198,2018,7,6,3,3,2,6,0,0,1,0,0,0,1,0,7.80049E+20,5.86671E+21,1.31622E+16,5.28771E+16
64161,12,0,60,198,2018,8,10,2,3,2,6,0,0,1,0,0,0,0,0,8.13199E+20,5.86271E+21,1.36493E+16,5.28229E+16
64162,12,0,69,306,2018,6,19,5,3,2,6,0,0,1,0,0,0,0,0,7.46752E+20,5.80558E+21,1.26228E+16,5.23449E+16
64163,12,0,64,227,2018,8,15,4,3,2,6,0,0,1,0,0,0,0,0,8.13918E+20,5.83032E+21,1.36291E+16,5.25323E+16
64164,12,0,67,201,2018,7,8,2,3,2,6,0,0,1,0,0,0,0,0,8.34724E+20,5.81673E+21,1.39211E+16,5.23982E+16
64165,12,0,72,340,2018,6,15,5,3,5,3,0,1,1,0,0,0,0,0,8.04498E+20,5.80066E+21,1.34637E+16,5.22718E+16
64166,12,0,73,532,2018,9,10,5,3,5,2,0,1,1,0,0,0,0,0,8.53233E+20,5.89236E+21,1.42733E+16,5.30637E+16
64167,12,0,60,20,2018,7,8,5,3,2,6,0,0,1,0,0,1,0,1,8.09872E+20,5.84555E+21,1.35839E+16,5.26711E+16
64168,12,0,64,227,2018,7,15,2,2,3,6,0,0,1,0,0,1,0,0,8.15948E+20,5.82693E+21,1.36557E+16,5.25008E+16
64169,12,0,61,435,2018,9,13,7,3,3,6,0,0,1,0,0,0,0,0,8.27112E+20,5.76787E+21,1.37625E+16,5.1965E+16
64170,12,0,60,5,2018,8,12,4,2,4,6,0,1,0,0,0,0,0,0,8.11706E+20,5.83751E+21,1.36033E+16,5.2598E+16
64171,12,0,68,117,2018,8,18,7,3,2,2,0,0,1,0,0,0,1,0,7.513E+20,5.86102E+21,1.27315E+16,5.28402E+16
64172,12,0,60,20,2018,8,13,5,3,8,2,0,0,0,0,1,0,0,1,8.07879E+20,5.8478E+21,1.35566E+16,5.26924E+16
64173,12,0,60,269,2018,9,7,6,2,3,6,0,0,1,0,1,0,0,0,7.9984E+20,5.8492E+21,1.34393E+16,5.27095E+16
64174,12,0,61,433,2018,9,14,5,3,5,3,0,0,1,0,0,0,0,0,8.06482E+20,5.80767E+21,1.34991E+16,5.23336E+16
64175,12,0,63,56,2018,8,17,1,2,3,2,0,0,1,0,1,0,0,0,7.79555E+20,5.82564E+21,1.312E+16,5.25091E+16
64176,12,0,73,452,2018,9,9,4,2,5,3,0,1,1,0,0,0,0,0,8.23984E+20,5.91928E+21,1.38657E+16,5.33233E+16
64177,12,0,65,332,2018,7,23,7,3,2,6,2,0,1,0,0,0,0,0,7.84682E+20,5.84568E+21,1.32125E+16,5.2686E+16
64178,12,0,72,14,2018,6,17,5,2,5,3,0,1,1,0,0,0,0,0,8.08705E+20,5.77576E+21,1.35025E+16,5.20463E+16
64179,12,0,72,426,2018,8,16,1,3,9,1,0,0,0,0,1,0,0,0,7.83608E+20,5.79289E+21,1.31518E+16,5.22133E+16
64180,12,0,64,44,2018,9,9,4,3,4,2,0,0,1,0,1,0,0,0,8.39414E+20,5.86089E+21,1.4035E+16,5.27908E+16
64181,12,0,61,164,2018,7,13,3,2,0,3,0,1,1,0,0,0,0,0,8.16116E+20,5.76775E+21,1.36029E+16,5.19704E+16
64182,12,0,53,0,2018,7,17,7,3,3,7,0,0,1,0,0,0,0,0,8.77303E+20,5.81332E+21,1.45402E+16,5.23401E+16
64183,12,0,65,144,2018,9,14,6,3,5,7,0,1,1,0,0,0,0,0,7.91391E+20,5.84516E+21,1.3311E+16,5.26778E+16
64184,12,0,60,20,2018,8,13,6,2,9,1,0,0,1,0,0,0,0,0,8.0892E+20,5.84497E+21,1.35693E+16,5.26665E+16
64185,12,0,60,5,2018,8,20,5,1,2,6,1,1,1,0,0,0,0,0,8.12163E+20,5.83812E+21,1.36106E+16,5.26032E+16
64186,12,0,51,0,2018,9,18,4,3,2,6,0,0,1,0,0,0,0,0,7.40551E+20,5.81215E+21,1.25367E+16,5.24066E+16
64187,12,0,71,244,2018,9,16,3,3,2,6,0,0,1,0,0,0,0,0,8.6413E+20,5.74652E+21,1.42766E+16,5.17509E+16
64188,12,0,65,117,2018,8,1,7,3,8,1,2,0,1,0,0,0,0,0,7.75139E+20,5.88744E+21,1.3107E+16,5.30654E+16
64189,12,0,72,14,2018,9,13,1,3,5,3,0,0,1,0,1,0,0,1,8.11581E+20,5.77316E+21,1.3542E+16,5.20214E+16
64190,12,0,64,136,2018,7,11,5,3,2,6,0,0,1,0,0,1,0,0,8.22059E+20,5.82713E+21,1.37456E+16,5.24989E+16
64191,12,0,69,616,2018,6,12,5,3,2,6,0,0,1,0,0,0,0,0,7.88718E+20,5.81353E+21,1.32441E+16,5.23957E+16
64192,12,0,72,477,2018,7,12,7,3,2,6,0,0,1,0,0,0,0,0,8.03387E+20,5.79445E+21,1.34419E+16,5.22167E+16
64193,12,0,52,0,2018,8,8,6,3,2,6,0,0,1,0,0,0,0,0,8.67534E+20,5.74815E+21,1.43275E+16,5.17633E+16
64194,12,0,53,0,2018,8,0,6,3,8,1,2,0,1,0,0,0,0,0,8.74757E+20,5.81089E+21,1.45003E+16,5.232E+16
64195,12,0,66,196,2018,9,16,2,3,8,7,0,0,1,0,0,0,0,0,8.4118E+20,5.75481E+21,1.39536E+16,5.18396E+16