OBJECTID_1,ULAND,UREGBEZ,UKREIS,UGEMEINDE,UJAHR,UMONAT,USTUNDE,UWOCHENTAG,UKATEGORIE,UART,UTYP1,ULICHTVERH,IstRad,IstPKW,IstFuss,IstKrad,IstGkfz,IstSonstig,STRZUSTAND,LINREFX,LINREFY,XGCSWGS84,YGCSWGS84
64196,12,0,54,0,2018,7,17,1,2,4,6,0,0,1,0,0,0,1,0,7.77497E+20,5.82062E+21,1.30855E+16,5.2465E+16
64197,12,0,60,20,2018,7,7,5,3,5,3,0,1,1,0,0,0,0,0,8.08777E+20,5.84672E+21,1.35689E+16,5.26822E+16
64198,12,0,63,244,2018,8,12,4,3,5,2,0,1,1,0,0,0,0,0,7.25968E+20,5.82527E+21,1.23316E+16,5.25306E+16
64199,12,0,61,332,2018,8,8,3,3,2,6,0,0,1,0,0,1,0,0,8.12113E+20,5.80036E+21,1.35747E+16,5.22649E+16
64200,12,0,73,572,2018,9,12,1,3,5,3,0,0,1,0,0,0,0,0,8.08343E+20,5.88229E+21,1.35961E+16,5.30012E+16
64201,12,0,60,181,2018,7,12,7,3,5,3,0,1,1,0,0,0,0,0,8.07462E+20,5.83997E+21,1.35432E+16,5.26225E+16
64202,12,0,62,124,2018,7,20,3,3,4,2,0,0,1,0,0,0,0,0,8.14102E+20,5.71062E+21,1.35222E+16,5.14594E+16
64203,12,0,54,0,2018,6,7,5,3,5,2,0,1,0,0,0,1,0,0,7.789E+20,5.80918E+21,1.30966E+16,5.23618E+16
64204,12,0,53,0,2018,9,16,6,2,5,3,0,0,1,0,0,0,0,0,8.76212E+20,5.81587E+21,1.45272E+16,5.23636E+16
64205,12,0,65,136,2018,7,18,6,3,2,6,0,0,1,0,0,1,0,1,7.84617E+20,5.8399E+21,1.32066E+16,5.26343E+16
64206,12,0,61,572,2018,7,17,3,3,8,1,0,0,1,0,0,0,0,0,8.15095E+20,5.80972E+21,1.3627E+16,5.23471E+16
64207,12,0,69,249,2018,9,14,1,2,5,2,0,0,1,0,1,0,0,0,7.5594E+20,5.80549E+21,1.27574E+16,5.23399E+16
64208,12,0,67,144,2018,8,10,5,2,2,6,0,0,1,0,0,0,1,0,8.44787E+20,5.81241E+21,1.4064E+16,5.23533E+16
64209,12,0,67,520,2018,8,19,1,2,8,1,0,0,1,0,0,0,0,0,8.43756E+20,5.79597E+21,1.40321E+16,5.22067E+16
64210,12,0,73,384,2018,8,5,6,2,4,6,2,0,1,0,0,0,0,1,7.86447E+20,5.90449E+21,1.32905E+16,5.32124E+16
64211,12,0,64,482,2018,9,2,7,3,4,6,2,0,1,0,0,0,0,0,8.60085E+20,5.83105E+21,1.43077E+16,5.25103E+16
64212,12,0,64,317,2018,9,17,7,3,0,6,0,0,1,0,0,0,0,0,8.56005E+20,5.83062E+21,1.42474E+16,5.25091E+16
64213,12,0,69,52,2018,8,17,6,3,5,3,0,1,1,0,0,0,0,0,7.63441E+20,5.79309E+21,1.28575E+16,5.22251E+16
64214,12,0,54,0,2018,9,9,2,3,3,6,0,0,1,0,0,0,0,0,7.82051E+20,5.81051E+21,1.31439E+16,5.23721E+16
64215,12,0,72,169,2018,7,13,1,3,2,7,0,0,1,0,0,0,0,0,7.78738E+20,5.76641E+21,1.30591E+16,5.19783E+16
64216,12,0,60,20,2018,7,1,5,2,3,6,2,0,1,0,0,0,0,0,8.08931E+20,5.84202E+21,1.35667E+16,5.264E+16
64217,12,0,70,8,2018,8,13,5,2,9,1,0,0,1,0,0,0,0,0,6.95284E+20,5.87565E+21,1.19099E+16,5.29948E+16
64218,12,0,63,273,2018,8,16,3,2,5,3,0,1,0,0,0,0,0,0,7.79273E+20,5.83747E+21,1.31258E+16,5.26153E+16
64219,12,0,63,273,2018,9,3,1,2,9,1,2,0,1,0,0,0,0,1,7.80155E+20,5.83586E+21,1.31374E+16,5.26004E+16
64220,12,0,51,0,2018,7,11,3,2,8,1,0,0,0,0,1,0,0,0,7.35117E+20,5.81327E+21,1.24577E+16,5.24191E+16
64221,12,0,54,0,2018,6,14,5,3,2,7,0,0,1,0,0,0,0,0,7.68419E+20,5.82107E+21,1.29526E+16,5.24737E+16
64222,12,0,71,32,2018,9,21,6,3,5,2,2,0,1,0,0,0,0,1,8.54583E+20,5.75462E+21,1.41472E+16,5.18295E+16
64223,12,0,73,572,2018,7,11,6,1,2,6,0,0,0,0,1,0,0,0,8.05633E+20,5.89796E+21,1.35707E+16,5.31431E+16
64224,12,0,72,477,2018,7,17,3,3,5,3,0,0,1,0,0,0,0,0,7.99703E+20,5.79518E+21,1.33888E+16,5.22253E+16
64225,12,0,72,477,2018,9,4,1,2,8,1,2,0,1,0,0,0,0,0,8.04469E+20,5.79431E+21,1.34575E+16,5.22149E+16
64226,12,0,73,452,2018,8,20,5,2,2,6,1,0,1,0,0,0,0,0,8.23465E+20,5.91857E+21,1.38572E+16,5.33172E+16
64227,12,0,66,240,2018,8,17,1,3,3,6,0,0,1,0,0,0,0,0,8.31244E+20,5.70443E+21,1.37623E+16,5.13942E+16
64228,12,0,61,433,2018,8,17,6,3,3,6,0,0,1,0,1,0,0,0,8.07297E+20,5.81484E+21,1.35175E+16,5.23973E+16
64229,12,0,54,0,2018,9,8,7,3,5,3,0,1,1,0,0,0,0,0,7.75974E+20,5.81271E+21,1.30566E+16,5.23949E+16
64230,12,0,60,269,2018,9,10,7,3,5,3,0,1,0,0,0,0,1,0,8.00058E+20,5.84529E+21,1.3439E+16,5.26743E+16
64231,12,0,66,320,2018,8,23,3,3,5,3,2,1,0,0,0,0,1,0,8.50043E+20,5.74906E+21,1.40759E+16,5.17826E+16
64232,12,0,68,320,2018,9,14,6,3,2,6,0,0,1,0,0,0,0,0,7.54264E+20,5.86974E+21,1.27823E+16,5.2917E+16
64233,12,0,60,20,2018,7,16,2,3,2,6,0,0,1,0,0,0,0,0,8.07489E+20,5.84892E+21,1.35519E+16,5.27026E+16
64234,12,0,64,172,2018,8,16,2,3,0,3,0,1,1,0,0,0,0,0,8.72213E+20,5.83893E+21,1.44944E+16,5.25727E+16
64235,12,0,69,632,2018,6,23,5,1,8,6,2,0,1,0,0,0,0,0,7.6124E+20,5.77241E+21,1.28095E+16,5.20407E+16
64236,12,0,65,144,2018,8,13,4,3,0,1,0,0,0,0,1,0,0,0,7.91874E+20,5.84352E+21,1.33167E+16,5.26629E+16
64237,12,0,69,397,2018,7,9,1,2,8,1,0,1,0,0,0,0,0,0,7.74433E+20,5.80188E+21,1.30252E+16,5.22986E+16
64238,12,0,61,433,2018,6,8,5,2,0,1,0,1,0,0,0,0,0,0,8.02363E+20,5.81191E+21,1.34426E+16,5.23738E+16
64239,12,0,68,181,2018,9,21,5,2,9,1,2,0,0,0,1,0,0,0,7.31442E+20,5.89234E+21,1.24597E+16,5.31301E+16
64240,12,0,65,165,2018,7,10,5,3,7,7,0,0,0,0,0,1,0,1,7.70084E+20,5.86271E+21,1.30111E+16,5.28463E+16
64241,12,0,69,665,2018,7,7,1,2,9,1,0,0,1,0,0,0,0,1,7.35825E+20,5.77945E+21,1.24445E+16,5.21152E+16
64242,12,0,73,579,2018,9,13,7,1,4,6,0,0,1,0,0,1,0,0,8.20381E+20,5.93776E+21,1.38306E+16,5.3491E+16
64243,12,0,65,256,2018,8,17,4,3,6,2,0,0,1,1,0,0,0,0,7.86385E+20,5.85363E+21,1.32446E+16,5.27565E+16
64244,12,0,63,357,2018,8,15,6,3,8,1,0,0,1,0,0,0,0,0,7.69845E+20,5.82727E+21,1.29786E+16,5.25285E+16
64245,12,0,70,149,2018,8,22,5,2,4,6,2,0,1,0,1,0,0,0,7.17617E+20,5.87914E+21,1.22445E+16,5.30175E+16
64246,12,0,65,256,2018,9,14,6,3,5,3,0,1,1,0,0,0,0,0,7.86641E+20,5.85374E+21,1.32484E+16,5.27573E+16
64247,12,0,64,484,2018,9,16,5,3,5,3,0,0,1,0,0,0,0,0,8.42629E+20,5.83331E+21,1.40538E+16,5.25418E+16
64248,12,0,61,492,2018,8,18,1,2,4,2,0,0,0,0,1,0,1,0,8.1776E+20,5.78473E+21,1.36425E+16,5.21216E+16
64249,12,0,65,144,2018,9,12,4,3,5,3,0,0,1,0,1,0,0,0,7.892E+20,5.84433E+21,1.3278E+16,5.26716E+16
64250,12,0,63,148,2018,7,10,6,3,5,2,0,0,1,0,0,0,0,0,7.61284E+20,5.82469E+21,1.28506E+16,5.25096E+16
64251,12,0,61,216,2018,6,16,5,2,8,1,0,0,0,0,1,0,0,0,8.258E+20,5.7842E+21,1.3759E+16,5.21121E+16
64252,12,0,73,8,2018,8,15,1,2,2,6,0,0,1,0,0,0,0,0,8.24639E+20,5.893E+21,1.38488E+16,5.30875E+16
64253,12,0,70,173,2018,9,16,4,3,3,6,0,0,1,0,0,0,0,0,6.85013E+20,5.89189E+21,1.17664E+16,5.31442E+16
64254,12,0,73,429,2018,7,10,3,3,0,7,0,0,0,0,1,0,0,1,8.10005E+20,5.92523E+21,1.36624E+16,5.3385E+16
64255,12,0,68,477,2018,7,23,7,3,9,1,2,0,1,0,0,0,0,1,7.34928E+20,5.86287E+21,1.24903E+16,5.28642E+16
64256,12,0,60,20,2018,8,13,6,2,4,2,0,0,1,0,1,0,0,0,8.08128E+20,5.84763E+21,1.35601E+16,5.26908E+16
64257,12,0,72,297,2018,8,11,4,2,2,2,0,0,1,0,0,0,1,0,7.82613E+20,5.76405E+21,1.31134E+16,5.19552E+16
64258,12,0,67,201,2018,9,12,4,3,5,3,0,0,1,0,1,0,0,0,8.28309E+20,5.81558E+21,1.3826E+16,5.23917E+16
64259,12,0,65,256,2018,9,13,3,3,2,6,0,0,1,0,0,0,0,0,7.86505E+20,5.85368E+21,1.32464E+16,5.27568E+16
64260,12,0,67,173,2018,9,11,1,3,8,1,0,0,1,0,0,0,0,1,8.22616E+20,5.81489E+21,1.3742E+16,5.2389E+16
64261,12,0,69,306,2018,7,14,4,3,2,6,0,0,1,0,0,0,1,0,7.57974E+20,5.80551E+21,1.27872E+16,5.23391E+16
64262,12,0,73,452,2018,6,10,5,3,8,1,0,0,1,0,0,0,0,0,8.23216E+20,5.91798E+21,1.38529E+16,5.33121E+16
64263,12,0,67,72,2018,7,18,7,2,2,6,0,0,1,0,0,0,0,0,8.61103E+20,5.8103E+21,1.43003E+16,5.23239E+16
64264,12,0,64,448,2018,8,17,6,3,2,6,0,0,1,0,0,0,0,0,8.67459E+20,5.83484E+21,1.44201E+16,5.25394E+16
64265,12,0,68,452,2018,8,6,6,3,8,1,0,0,1,0,0,0,0,1,7.43859E+20,5.87512E+21,1.26319E+16,5.29702E+16
64266,12,0,53,0,2018,9,10,2,2,2,6,0,0,1,0,0,0,0,0,8.7385E+20,5.80936E+21,1.44854E+16,5.23069E+16
64267,12,0,60,161,2018,7,10,1,2,8,1,0,0,0,0,0,0,1,0,8.17636E+20,5.85814E+21,1.37105E+16,5.27794E+16
64268,12,0,65,225,2018,7,13,5,3,2,2,0,0,0,0,0,0,1,0,7.95893E+20,5.84135E+21,1.3374E+16,5.26412E+16
64269,12,0,66,304,2018,8,8,4,2,4,6,0,0,1,0,0,1,0,0,8.43709E+20,5.71688E+21,1.39529E+16,5.14983E+16
64270,12,0,63,228,2018,7,21,3,2,0,6,0,1,1,0,0,0,0,0,7.5078E+20,5.84094E+21,1.27085E+16,5.26604E+16
64271,12,0,64,380,2018,8,15,3,2,6,4,0,0,1,1,0,0,0,0,8.24572E+20,5.83035E+21,1.37856E+16,5.25263E+16
64272,12,0,70,424,2018,9,15,1,3,2,6,0,0,1,0,0,0,0,1,6.82924E+20,5.87426E+21,1.17252E+16,5.29866E+16
64273,12,0,65,225,2018,7,13,3,3,5,3,0,0,1,0,0,0,0,0,7.96062E+20,5.84412E+21,1.3379E+16,5.2666E+16
64274,12,0,60,154,2018,6,12,5,2,9,1,0,0,0,0,1,0,0,0,8.07406E+20,5.86415E+21,1.3565E+16,5.28392E+16
64275,12,0,65,144,2018,9,17,6,3,3,6,0,0,1,0,0,0,0,1,7.8625E+20,5.84764E+21,1.32374E+16,5.27029E+16
64276,12,0,69,680,2018,7,5,5,3,3,1,1,0,1,0,0,1,0,1,7.34586E+20,5.79761E+21,1.2439E+16,5.22788E+16
64277,12,0,64,268,2018,7,17,3,3,3,6,0,1,1,0,0,0,0,0,8.72205E+20,5.82087E+21,1.44741E+16,5.24111E+16
64278,12,0,60,198,2018,9,19,1,2,2,6,0,0,1,0,0,0,1,0,8.17096E+20,5.87043E+21,1.37145E+16,5.28899E+16
64279,12,0,65,256,2018,8,5,5,2,9,7,1,0,1,0,0,0,0,0,7.8978E+20,5.86242E+21,1.33025E+16,5.28335E+16
64280,12,0,72,240,2018,8,6,7,3,9,1,0,0,1,0,0,1,0,1,7.9567E+20,5.804E+21,1.33376E+16,5.23065E+16
64281,12,0,65,136,2018,8,14,6,3,9,6,0,1,0,0,1,0,0,0,7.84613E+20,5.83762E+21,1.32046E+16,5.26139E+16
64282,12,0,67,144,2018,9,4,7,3,9,1,2,0,1,0,0,0,0,0,8.42164E+20,5.8129E+21,1.40261E+16,5.23593E+16
64283,12,0,69,632,2018,9,14,6,2,1,6,0,0,1,0,0,0,1,0,7.70334E+20,5.7786E+21,1.29467E+16,5.20918E+16
64284,12,0,69,604,2018,8,11,2,2,2,6,0,0,1,0,0,0,1,0,7.83819E+20,5.813E+21,1.31719E+16,5.23935E+16
64285,12,0,73,458,2018,9,16,5,3,5,3,0,0,1,0,0,0,0,0,8.40996E+20,5.91706E+21,1.41177E+16,5.32928E+16
64286,12,0,72,17,2018,7,11,1,3,5,2,0,1,1,0,0,0,0,0,7.99668E+20,5.80697E+21,1.33987E+16,5.2331E+16
64287,12,0,61,433,2018,8,17,1,3,1,5,0,0,1,0,0,0,0,0,8.07551E+20,5.81431E+21,1.35208E+16,5.23924E+16
64288,12,0,64,84,2018,6,10,5,3,0,7,0,0,1,0,0,1,0,0,8.41274E+20,5.83581E+21,1.40365E+16,5.2565E+16
64289,12,0,65,301,2018,6,0,5,2,9,1,2,0,1,0,0,0,0,0,7.73454E+20,5.87984E+21,1.30755E+16,5.29982E+16
64290,12,0,60,269,2018,8,18,3,3,9,1,0,0,0,0,1,0,0,0,7.99767E+20,5.85674E+21,1.34451E+16,5.27771E+16
64291,12,0,69,656,2018,9,15,4,3,2,6,0,0,1,0,0,0,0,0,7.67713E+20,5.81051E+21,1.29338E+16,5.23793E+16
64292,12,0,73,452,2018,7,15,4,3,6,4,0,0,0,1,0,1,0,0,8.23427E+20,5.9181E+21,1.38562E+16,5.3313E+16
64293,12,0,68,72,2018,7,12,1,3,9,1,0,0,0,0,1,0,0,0,7.51298E+20,5.8685E+21,1.27373E+16,5.29073E+16
64294,12,0,54,0,2018,9,15,6,3,2,6,0,1,1,0,0,0,0,0,7.75665E+20,5.81359E+21,1.30528E+16,5.2403E+16
64295,12,0,64,512,2018,8,13,3,1,9,1,0,0,0,0,1,0,0,0,8.36738E+20,5.85536E+21,1.39898E+16,5.2743E+16
64296,12,0,63,252,2018,8,15,7,3,1,6,0,0,1,0,1,0,0,0,7.25589E+20,5.83474E+21,1.23325E+16,5.26158E+16
64297,12,0,61,435,2018,8,17,6,3,2,6,0,0,1,0,0,0,0,0,8.23927E+20,5.77186E+21,1.37201E+16,5.20027E+16
64298,12,0,60,52,2018,8,7,4,3,2,6,0,0,1,0,0,0,0,0,8.2201E+20,5.86496E+21,1.37818E+16,5.28379E+16
64299,12,0,60,52,2018,9,11,5,3,5,3,0,1,1,0,0,0,0,1,8.21161E+20,5.86518E+21,1.37695E+16,5.28404E+16
64300,12,0,73,384,2018,9,5,4,2,0,1,2,1,0,0,0,0,0,0,7.88034E+20,5.90437E+21,1.33141E+16,5.32104E+16
64301,12,0,65,356,2018,8,14,1,3,2,6,0,0,0,0,1,0,0,0,7.88852E+20,5.88007E+21,1.33045E+16,5.29921E+16
64302,12,0,65,144,2018,9,19,3,3,5,3,1,1,1,0,0,0,0,0,7.89344E+20,5.84497E+21,1.32807E+16,5.26772E+16
64303,12,0,60,20,2018,7,6,6,2,4,2,0,1,1,0,0,0,0,0,8.08784E+20,5.84672E+21,1.35689E+16,5.26822E+16
64304,12,0,61,320,2018,8,10,7,2,2,6,0,0,1,0,0,0,0,0,8.28801E+20,5.75886E+21,1.37784E+16,5.18834E+16
64305,12,0,61,260,2018,11,21,7,3,9,1,2,0,1,0,0,0,0,1,8.17302E+20,5.80305E+21,1.3653E+16,5.2286E+16
64306,12,0,67,124,2018,11,16,6,2,6,4,1,0,1,1,0,0,0,0,8.23156E+20,5.81758E+21,1.37525E+16,5.24128E+16
64307,12,0,67,144,2018,12,13,6,3,5,3,0,0,1,0,0,0,0,1,8.47409E+20,5.81147E+21,1.41013E+16,5.23432E+16
64308,12,0,66,304,2018,12,13,4,2,6,4,0,0,1,1,0,0,0,0,8.46784E+20,5.72063E+21,1.40007E+16,5.15301E+16
64309,12,0,65,356,2018,10,17,6,3,5,3,0,1,0,0,0,0,1,0,7.90853E+20,5.87843E+21,1.33327E+16,5.29763E+16
64310,12,0,62,410,2018,10,17,5,3,5,2,0,1,1,0,0,0,0,0,8.0892E+20,5.70827E+21,1.34458E+16,5.14412E+16
64311,12,0,60,5,2018,10,19,4,3,5,3,2,1,1,0,0,0,0,0,8.11275E+20,5.83474E+21,1.35944E+16,5.25734E+16
64312,12,0,73,532,2018,10,5,5,3,2,6,0,0,1,0,0,0,0,0,8.5249E+20,5.89269E+21,1.42626E+16,5.30671E+16
64313,12,0,73,8,2018,11,15,6,2,3,6,0,1,1,0,0,0,0,0,8.38111E+20,5.89343E+21,1.40496E+16,5.3083E+16
64314,12,0,72,17,2018,12,9,1,3,8,1,0,0,1,0,0,0,0,1,8.02781E+20,5.80871E+21,1.34458E+16,5.23449E+16
64315,12,0,72,17,2018,11,22,5,3,3,6,2,0,1,0,0,0,0,0,8.00709E+20,5.81199E+21,1.34184E+16,5.23754E+16
64316,14,7,30,150,2018,1,16,5,3,9,1,2,0,1,0,0,0,0,1,7.40574E+20,5.71024E+21,1.24657E+16,5.1492E+16
64317,12,0,67,124,2018,11,14,4,3,6,6,0,1,0,1,0,0,0,0,8.23219E+20,5.81838E+21,1.37542E+16,5.24199E+16
64318,12,0,65,144,2018,12,15,4,2,5,2,1,0,1,0,0,0,0,1,7.88772E+20,5.84332E+21,1.32708E+16,5.26627E+16
64319,12,0,62,124,2018,12,7,2,2,5,3,2,1,1,0,0,0,0,1,8.14097E+20,5.71062E+21,1.35221E+16,5.14594E+16
64320,12,0,63,357,2018,10,22,3,3,9,1,2,0,1,0,0,0,0,1,7.69041E+20,5.82714E+21,1.29666E+16,5.25278E+16
64321,12,0,60,92,2018,10,9,5,3,0,7,0,1,1,0,0,0,0,0,8.31792E+20,5.86287E+21,1.39244E+16,5.28133E+16
64322,12,0,51,0,2018,11,17,3,3,0,3,1,0,0,1,0,1,0,0,7.42428E+20,5.81159E+21,1.25638E+16,5.24007E+16
64323,12,0,68,181,2018,12,18,3,3,9,1,2,0,1,0,0,0,0,1,7.31035E+20,5.89282E+21,1.24539E+16,5.31347E+16
64324,12,0,73,452,2018,10,14,2,3,2,7,0,0,1,0,0,0,0,0,8.23789E+20,5.91846E+21,1.3862E+16,5.33161E+16
64325,12,0,71,372,2018,11,15,4,3,2,6,0,0,1,0,1,0,0,0,8.70064E+20,5.7214E+21,1.43357E+16,5.15221E+16
64326,12,0,66,202,2018,11,0,5,2,8,1,2,0,1,0,0,0,0,0,8.45543E+20,5.73432E+21,1.39963E+16,5.16534E+16
64327,12,0,69,402,2018,12,13,4,3,3,6,0,0,1,0,0,0,0,1,7.56486E+20,5.78197E+21,1.27475E+16,5.21286E+16
64328,12,0,61,217,2018,10,15,3,1,4,2,0,0,1,0,1,0,0,0,8.26968E+20,5.8033E+21,1.37944E+16,5.22826E+16
64329,14,6,27,10,2018,1,21,3,2,4,2,2,0,1,0,0,0,0,1,8.23983E+20,5.67765E+21,1.3634E+16,5.11584E+16
64330,12,0,52,0,2018,12,2,6,3,8,1,2,0,1,0,0,0,0,1,8.67618E+20,5.74319E+21,1.43234E+16,5.17188E+16
64331,12,0,72,120,2018,10,8,6,3,5,3,0,1,0,0,0,1,0,0,7.92023E+20,5.80879E+21,1.32884E+16,5.23515E+16
64332,12,0,64,380,2018,10,13,5,3,6,4,0,0,1,1,0,0,0,0,8.26521E+20,5.83171E+21,1.38156E+16,5.25373E+16
64333,12,0,63,36,2018,11,12,4,3,8,1,0,0,0,0,0,1,0,0,7.73351E+20,5.83437E+21,1.3036E+16,5.25905E+16
64334,12,0,68,320,2018,11,0,1,3,3,6,2,1,1,0,0,0,0,0,7.56584E+20,5.87244E+21,1.28188E+16,5.29401E+16
64335,12,0,69,590,2018,10,12,7,3,2,6,0,0,1,0,0,0,0,0,7.64274E+20,5.80259E+21,1.28771E+16,5.23099E+16
64336,14,6,28,400,2018,1,10,3,2,8,1,0,0,1,0,0,0,0,0,8.20858E+20,5.65957E+21,1.35734E+16,5.09981E+16
64337,12,0,69,304,2018,11,10,2,3,5,3,0,0,1,0,1,0,0,1,7.87836E+20,5.81442E+21,1.3232E+16,5.24041E+16
64338,12,0,51,0,2018,11,7,2,3,5,3,1,0,1,1,0,0,0,0,7.42445E+20,5.81345E+21,1.25654E+16,5.24175E+16
64339,12,0,68,353,2018,11,23,1,3,9,1,2,0,0,0,0,0,1,1,7.64795E+20,5.88502E+21,1.2951E+16,5.3049E+16
64340,12,0,73,458,2018,12,19,7,3,2,6,2,0,1,0,0,0,0,0,8.39201E+20,5.91629E+21,1.40901E+16,5.3287E+16
64341,12,0,61,320,2018,12,15,6,3,2,6,0,0,1,0,0,0,0,0,8.30462E+20,5.76045E+21,1.3804E+16,5.18966E+16
64342,12,0,68,280,2018,10,15,1,2,9,7,0,0,1,0,0,0,0,0,7.71295E+20,5.87796E+21,1.30418E+16,5.29824E+16
64343,12,0,72,477,2018,12,15,4,2,5,2,1,0,1,0,1,0,0,0,8.05964E+20,5.78862E+21,1.34742E+16,5.2163E+16
64344,12,0,62,124,2018,10,8,5,3,2,6,0,0,1,0,1,0,0,0,8.14452E+20,5.71092E+21,1.35275E+16,5.14619E+16
64345,12,0,64,380,2018,10,10,5,3,2,2,0,0,1,0,0,0,0,0,8.26542E+20,5.83166E+21,1.38159E+16,5.25369E+16
64346,12,0,66,285,2018,11,2,1,3,9,1,2,0,1,0,0,0,0,0,8.3848E+20,5.72344E+21,1.38841E+16,5.15602E+16
64347,12,0,72,232,2018,12,18,2,2,5,2,2,0,1,0,1,0,0,1,7.85991E+20,5.77982E+21,1.31756E+16,5.20948E+16
64348,12,0,65,225,2018,11,14,6,3,8,1,0,1,0,0,0,0,0,0,7.95572E+20,5.84087E+21,1.33688E+16,5.26371E+16
64349,12,0,73,452,2018,12,16,4,3,5,3,2,1,1,0,0,0,0,1,8.23985E+20,5.91929E+21,1.38657E+16,5.33233E+16
64350,14,7,13,0,2018,1,13,7,3,5,3,0,0,1,0,0,0,0,0,7.34776E+20,5.69353E+21,1.23713E+16,5.13444E+16
64351,12,0,69,604,2018,11,8,6,3,2,6,0,0,1,0,0,0,0,0,7.87796E+20,5.81305E+21,1.32302E+16,5.23919E+16
64352,12,0,60,181,2018,11,20,5,2,3,2,2,1,1,0,0,0,0,0,8.07479E+20,5.8438E+21,1.3547E+16,5.26568E+16
64353,12,0,73,532,2018,12,14,5,3,5,3,0,1,1,0,0,0,0,1,8.54275E+20,5.89151E+21,1.42878E+16,5.30553E+16
64354,12,0,65,225,2018,12,7,4,3,5,2,1,0,1,0,0,0,0,1,7.96051E+20,5.84385E+21,1.33786E+16,5.26636E+16
64355,12,0,73,532,2018,10,14,5,2,8,7,0,0,1,0,0,0,0,0,8.55623E+20,5.89001E+21,1.43062E+16,5.30411E+16
64356,12,0,64,125,2018,10,10,5,3,2,6,0,0,1,0,0,0,0,0,8.33125E+20,5.86205E+21,1.39433E+16,5.28051E+16
64357,12,0,61,433,2018,10,16,3,3,3,6,0,0,1,0,0,1,0,0,8.11053E+20,5.80636E+21,1.35647E+16,5.23193E+16
64358,12,0,64,428,2018,10,13,5,3,5,3,0,1,1,0,0,0,0,0,8.24818E+20,5.82625E+21,1.37853E+16,5.24895E+16
64359,12,0,68,353,2018,11,10,6,3,5,3,0,1,1,0,0,0,0,0,7.6069E+20,5.89035E+21,1.28942E+16,5.30988E+16
64360,12,0,61,260,2018,12,9,7,3,4,1,0,0,1,0,0,0,0,1,8.15844E+20,5.80394E+21,1.36325E+16,5.22948E+16
64361,12,0,60,24,2018,11,10,5,3,6,4,0,0,1,1,0,0,0,0,8.12817E+20,5.85641E+21,1.36376E+16,5.27667E+16
64362,14,7,13,0,2018,1,15,4,2,6,4,0,0,0,1,0,1,0,0,7.38718E+20,5.68927E+21,1.24249E+16,5.13046E+16
64363,12,0,61,217,2018,12,15,1,3,9,7,0,0,1,0,0,0,0,1,8.29148E+20,5.79649E+21,1.38196E+16,5.22202E+16
64364,12,0,64,512,2018,10,12,3,2,8,1,0,0,1,0,0,0,0,1,8.44008E+20,5.85011E+21,1.40916E+16,5.26913E+16
64365,12,0,67,144,2018,10,10,5,3,5,3,0,1,1,0,0,0,0,0,8.45499E+20,5.81136E+21,1.40733E+16,5.23434E+16
64366,12,0,67,144,2018,11,18,3,3,2,2,2,0,1,0,0,0,0,0,8.43934E+20,5.81512E+21,1.40543E+16,5.2378E+16
64367,12,0,52,0,2018,12,7,2,2,4,6,2,1,0,0,0,0,0,2,8.67607E+20,5.74892E+21,1.43293E+16,5.17701E+16
64368,12,0,72,17,2018,10,15,1,3,5,2,0,1,1,0,0,0,0,0,7.99272E+20,5.81102E+21,1.33965E+16,5.23675E+16
64369,14,6,26,280,2018,1,11,4,3,4,6,0,0,1,0,0,0,0,0,8.983E+20,5.65874E+21,1.46711E+16,5.09423E+16
64370,12,0,63,357,2018,11,7,3,2,9,1,0,0,1,0,0,0,0,1,7.68879E+20,5.83079E+21,1.29672E+16,5.25606E+16
64371,12,0,72,17,2018,11,14,4,3,9,1,0,0,1,0,0,0,0,0,7.98018E+20,5.80428E+21,1.33722E+16,5.23078E+16
64372,12,0,61,329,2018,12,12,3,3,9,1,0,0,1,0,0,0,0,1,8.42502E+20,5.77762E+21,1.39954E+16,5.20431E+16
64373,12,0,60,52,2018,10,17,3,3,5,2,2,1,0,0,0,0,1,0,8.246E+20,5.86481E+21,1.382E+16,5.2835E+16
64374,14,5,21,20,2018,1,13,3,3,2,2,0,0,1,0,0,0,0,1,7.83845E+20,5.61204E+21,1.30106E+16,5.05911E+16
64375,12,0,64,336,2018,12,19,6,2,6,4,2,0,1,1,0,0,0,1,8.19347E+20,5.82913E+21,1.37077E+16,5.25185E+16
64376,12,0,71,337,2018,10,11,6,3,8,7,0,0,1,0,0,0,0,0,8.71841E+20,5.7732E+21,1.44165E+16,5.19847E+16
64377,12,0,65,144,2018,10,10,5,3,5,2,0,0,1,0,0,0,0,0,7.87969E+20,5.84918E+21,1.32641E+16,5.27157E+16
64378,12,0,54,0,2018,11,17,3,3,3,7,2,0,1,0,0,0,1,0,7.77053E+20,5.81399E+21,1.30735E+16,5.24059E+16
64379,12,0,73,452,2018,11,7,7,3,3,2,1,1,1,0,0,0,0,0,8.24232E+20,5.9189E+21,1.3869E+16,5.33197E+16
64380,14,5,23,320,2018,1,7,2,2,1,5,2,1,1,0,0,0,0,0,7.21508E+20,5.59808E+21,1.21231E+16,5.04928E+16