OBJECTID_1,ULAND,UREGBEZ,UKREIS,UGEMEINDE,UJAHR,UMONAT,USTUNDE,UWOCHENTAG,UKATEGORIE,UART,UTYP1,ULICHTVERH,IstRad,IstPKW,IstFuss,IstKrad,IstGkfz,IstSonstig,STRZUSTAND,LINREFX,LINREFY,XGCSWGS84,YGCSWGS84
64381,12,0,67,426,2018,11,19,2,3,8,7,2,0,1,0,0,0,0,0,8.55763E+20,5.79907E+21,1.42104E+16,5.22269E+16
64382,12,0,72,120,2018,11,20,1,3,8,1,2,0,1,0,0,0,0,1,7.9177E+20,5.80855E+21,1.32845E+16,5.23494E+16
64383,12,0,67,124,2018,11,16,7,3,5,2,1,0,1,0,0,0,0,0,8.25203E+20,5.81896E+21,1.37838E+16,5.24239E+16
64384,12,0,69,656,2018,12,14,6,3,9,1,0,0,1,0,0,0,0,1,7.6882E+20,5.80854E+21,1.29484E+16,5.23611E+16
64385,12,0,62,24,2018,12,17,5,2,5,1,2,0,1,0,0,0,0,1,8.01609E+20,5.71499E+21,1.33466E+16,5.15054E+16
64386,12,0,63,274,2018,10,15,6,2,4,6,0,1,0,0,0,0,0,0,7.25725E+20,5.84056E+21,1.23384E+16,5.26679E+16
64387,12,0,65,256,2018,10,12,2,3,4,6,0,0,1,0,0,0,0,0,7.82486E+20,5.85243E+21,1.31859E+16,5.27477E+16
64388,12,0,64,380,2018,11,8,4,2,2,6,0,0,1,0,0,0,0,1,8.28408E+20,5.83311E+21,1.38447E+16,5.25488E+16
64389,12,0,67,201,2018,11,15,5,3,1,7,0,0,1,0,0,0,0,0,8.28137E+20,5.8171E+21,1.3825E+16,5.24055E+16
64390,12,0,68,264,2018,12,6,4,1,9,7,2,0,1,0,0,0,0,1,7.26549E+20,5.87423E+21,1.23739E+16,5.29697E+16
64391,12,0,71,57,2018,10,13,3,3,5,3,0,1,1,0,0,0,0,0,8.60997E+20,5.73566E+21,1.42202E+16,5.16557E+16
64392,14,5,22,190,2018,1,14,3,3,5,3,0,0,1,0,0,0,0,1,7.74417E+20,5.66632E+21,1.29184E+16,5.10826E+16
64393,12,0,62,124,2018,12,16,6,2,4,2,2,0,1,0,0,0,0,1,8.14544E+20,5.71124E+21,1.35291E+16,5.14647E+16
64394,12,0,61,435,2018,10,18,6,2,2,6,0,0,1,0,0,0,0,0,8.24418E+20,5.77079E+21,1.37262E+16,5.19928E+16
64395,12,0,68,320,2018,10,9,5,3,5,7,0,1,1,0,0,0,0,0,7.54947E+20,5.86962E+21,1.27923E+16,5.29157E+16
64396,12,0,64,472,2018,11,7,4,2,5,3,1,1,1,0,0,0,0,0,8.27392E+20,5.83124E+21,1.38279E+16,5.25326E+16
64397,12,0,54,0,2018,11,22,7,3,8,1,2,0,1,0,0,0,0,0,7.78678E+20,5.82195E+21,1.3104E+16,5.24764E+16
64398,12,0,65,136,2018,10,9,6,2,3,2,0,1,1,0,0,0,0,0,7.84862E+20,5.84032E+21,1.32105E+16,5.26379E+16
64399,12,0,69,616,2018,10,15,7,3,0,2,0,0,1,0,1,0,0,0,7.91821E+20,5.8152E+21,1.32911E+16,5.24091E+16
64400,14,5,21,240,2018,1,16,3,3,2,1,2,0,1,0,0,0,0,0,7.89919E+20,5.62493E+21,1.31063E+16,5.07037E+16
64401,12,0,60,280,2018,11,0,2,2,8,1,2,0,1,0,0,0,0,1,8.17502E+20,5.84051E+21,1.36915E+16,5.26216E+16
64402,12,0,60,280,2018,11,19,2,2,4,6,2,0,1,0,0,0,0,0,8.18218E+20,5.84087E+21,1.37024E+16,5.26243E+16
64403,12,0,63,36,2018,11,22,7,2,8,7,2,0,1,0,0,0,0,0,7.70071E+20,5.83245E+21,1.29861E+16,5.25749E+16
64404,12,0,70,222,2018,12,9,7,3,8,1,0,0,1,0,0,0,0,0,7.10525E+20,5.90577E+21,1.21564E+16,5.32593E+16
64405,12,0,53,0,2018,12,17,6,3,5,2,2,0,1,0,0,0,0,0,8.75793E+20,5.81161E+21,1.45163E+16,5.23257E+16
64406,12,0,73,579,2018,10,22,7,2,5,3,2,0,1,0,1,0,0,1,8.15248E+20,5.92779E+21,1.37435E+16,5.34048E+16
64407,12,0,66,296,2018,10,13,5,2,5,3,0,1,1,0,0,0,0,0,8.38111E+20,5.71316E+21,1.3869E+16,5.14683E+16
64408,12,0,64,227,2018,10,13,5,3,2,6,0,0,1,0,0,0,0,0,8.12854E+20,5.83166E+21,1.36147E+16,5.2545E+16
64409,12,0,72,426,2018,10,13,4,3,2,2,0,0,1,0,0,0,0,0,7.88053E+20,5.79368E+21,1.32174E+16,5.22181E+16
64410,12,0,66,124,2018,11,7,7,2,9,1,1,0,0,0,0,0,1,2,8.3693E+20,5.70491E+21,1.38442E+16,5.13951E+16
64411,12,0,61,320,2018,12,14,2,2,8,7,0,0,1,0,0,1,0,0,8.29755E+20,5.762E+21,1.37952E+16,5.19109E+16
64412,12,0,64,472,2018,12,17,4,3,0,7,2,1,0,0,0,0,0,0,8.29415E+20,5.83297E+21,1.38594E+16,5.25469E+16
64413,14,6,27,60,2018,1,19,7,2,4,6,2,0,1,0,0,0,0,1,8.20452E+20,5.69315E+21,1.35975E+16,5.12993E+16
64414,12,0,64,44,2018,11,7,6,3,5,3,1,0,1,0,0,0,0,1,8.44806E+20,5.86715E+21,1.41212E+16,5.28434E+16
64415,12,0,65,256,2018,11,5,5,3,5,2,2,0,1,0,0,0,0,0,7.91627E+20,5.85522E+21,1.33234E+16,5.27679E+16
64416,12,0,64,380,2018,12,12,5,3,5,2,0,0,1,0,0,0,0,0,8.26163E+20,5.82943E+21,1.38081E+16,5.25171E+16
64417,12,0,63,80,2018,12,6,3,3,4,2,2,1,1,0,0,0,0,1,7.79337E+20,5.83042E+21,1.31208E+16,5.25521E+16
64418,12,0,67,292,2018,10,10,5,2,8,1,0,0,1,0,0,0,0,1,8.86203E+20,5.78934E+21,1.46429E+16,5.21193E+16
64419,12,0,63,36,2018,10,2,4,3,8,1,2,0,1,0,0,0,0,0,7.69065E+20,5.834E+21,1.29725E+16,5.25893E+16
64420,12,0,60,52,2018,10,15,3,3,3,2,0,1,1,0,0,0,0,0,8.23252E+20,5.86463E+21,1.37999E+16,5.28342E+16
64421,12,0,69,604,2018,10,15,4,3,5,3,0,1,0,0,0,0,1,0,7.86646E+20,5.81201E+21,1.32125E+16,5.23832E+16
64422,12,0,61,192,2018,11,12,5,3,3,1,0,0,1,0,0,1,0,0,8.15506E+20,5.79204E+21,1.36165E+16,5.21884E+16
64423,12,0,67,76,2018,12,15,7,2,5,3,0,1,1,0,0,0,0,0,8.80362E+20,5.80511E+21,1.45757E+16,5.22644E+16
64424,12,0,64,408,2018,11,22,5,3,9,1,2,0,1,0,0,0,0,0,8.30752E+20,5.83252E+21,1.38786E+16,5.25421E+16
64425,14,6,25,20,2018,1,7,4,3,4,2,1,1,1,0,0,0,0,1,8.79953E+20,5.6828E+21,1.44364E+16,5.11701E+16
64426,12,0,54,0,2018,12,18,7,3,2,6,1,0,1,0,0,0,0,1,7.78033E+20,5.81198E+21,1.30862E+16,5.23873E+16
64427,12,0,65,332,2018,10,12,3,3,5,3,0,0,1,0,0,0,0,1,7.81561E+20,5.84461E+21,1.31655E+16,5.26781E+16
64428,12,0,54,0,2018,10,15,1,3,8,1,0,0,0,0,1,0,0,0,7.7425E+20,5.81974E+21,1.30371E+16,5.24588E+16
64429,12,0,61,332,2018,10,12,4,3,2,6,0,0,1,0,1,1,0,0,8.15264E+20,5.79332E+21,1.36141E+16,5.21999E+16
64430,12,0,54,0,2018,11,8,2,3,5,3,0,1,0,0,0,0,1,0,7.77541E+20,5.81122E+21,1.30784E+16,5.23808E+16
64431,12,0,67,336,2018,12,16,2,3,2,2,2,0,1,0,0,0,0,0,8.69763E+20,5.80263E+21,1.44183E+16,5.22494E+16
64432,12,0,54,0,2018,10,14,1,3,3,6,0,0,1,0,0,0,0,0,7.75754E+20,5.81422E+21,1.30547E+16,5.24086E+16
64433,14,5,22,540,2018,1,19,4,2,2,6,2,0,1,0,0,1,0,0,7.96296E+20,5.65869E+21,1.32237E+16,5.10033E+16
64434,12,0,61,540,2018,11,17,3,3,5,5,2,1,1,0,0,0,0,1,8.1602E+20,5.80776E+21,1.36387E+16,5.23289E+16
64435,12,0,64,340,2018,11,8,4,2,8,1,0,0,1,0,0,0,0,2,8.51595E+20,5.84334E+21,1.41961E+16,5.26259E+16
64436,12,0,54,0,2018,12,7,2,3,9,1,1,0,1,0,0,0,0,1,7.78238E+20,5.81192E+21,1.30892E+16,5.23867E+16
64437,12,0,68,320,2018,10,17,3,2,5,3,1,1,1,0,0,0,0,1,7.57692E+20,5.87376E+21,1.28363E+16,5.29515E+16
64438,14,6,27,180,2018,1,15,2,2,2,6,0,0,1,0,0,0,0,0,7.98748E+20,5.66108E+21,1.32605E+16,5.10235E+16
64439,12,0,65,136,2018,12,7,6,3,5,3,0,1,1,0,0,0,0,1,7.84601E+20,5.83981E+21,1.32063E+16,5.26335E+16
64440,12,0,60,52,2018,10,16,6,3,4,2,0,0,1,0,0,0,0,0,8.20627E+20,5.86649E+21,1.37629E+16,5.28524E+16
64441,12,0,61,332,2018,10,12,4,2,2,6,0,0,1,0,0,0,1,0,8.15104E+20,5.79366E+21,1.36121E+16,5.22031E+16
64442,12,0,62,410,2018,11,18,3,1,2,6,2,1,1,0,0,0,0,0,8.11745E+20,5.70509E+21,1.34835E+16,5.14112E+16
64443,12,0,64,222,2018,11,10,7,3,8,1,0,0,1,0,0,0,0,0,8.28092E+20,5.84863E+21,1.38555E+16,5.2688E+16
64444,14,6,28,270,2018,1,16,2,3,2,6,2,0,1,0,0,0,0,0,8.45452E+20,5.65985E+21,1.39229E+16,5.09863E+16
64445,12,0,65,165,2018,11,6,2,3,9,7,0,0,1,0,0,0,0,0,7.69645E+20,5.85006E+21,1.29942E+16,5.27331E+16
64446,12,0,73,532,2018,11,12,1,3,9,1,0,0,1,0,0,0,0,1,8.46485E+20,5.89838E+21,1.41795E+16,5.3122E+16
64447,12,0,61,316,2018,11,17,6,3,5,2,2,1,1,0,0,0,0,0,8.374E+20,5.76592E+21,1.39098E+16,5.19415E+16
64448,12,0,51,0,2018,12,16,6,3,2,6,2,0,1,0,0,0,0,1,7.40259E+20,5.81255E+21,1.25327E+16,5.24103E+16
64449,12,0,64,336,2018,12,15,5,2,5,3,0,1,1,0,0,0,0,0,8.18784E+20,5.83138E+21,1.37016E+16,5.2539E+16
64450,12,0,52,0,2018,10,15,6,3,6,4,0,1,0,1,0,0,0,0,8.68007E+20,5.74752E+21,1.43336E+16,5.17574E+16
64451,12,0,61,433,2018,10,17,4,3,3,6,0,0,1,0,0,1,1,0,8.11255E+20,5.8064E+21,1.35677E+16,5.23195E+16
64452,12,0,66,304,2018,10,15,4,3,2,6,0,0,1,0,0,0,0,0,8.48525E+20,5.71903E+21,1.40241E+16,5.15146E+16
64453,12,0,61,433,2018,10,13,4,3,5,3,0,0,1,0,0,1,0,0,8.01309E+20,5.81107E+21,1.34264E+16,5.23669E+16
64454,12,0,70,173,2018,11,11,7,2,2,6,0,0,1,0,0,0,1,0,6.79307E+20,5.89633E+21,1.16836E+16,5.3186E+16
64455,12,0,67,528,2018,12,14,2,3,8,1,0,0,1,0,0,0,0,1,8.80484E+20,5.80226E+21,1.45742E+16,5.22388E+16
64456,14,6,26,520,2018,1,22,6,3,9,1,2,0,1,0,0,0,0,0,9.12226E+20,5.68588E+21,1.48992E+16,5.11753E+16
64457,12,0,62,224,2018,11,18,4,3,5,3,2,0,1,0,0,0,0,0,7.9258E+20,5.73553E+21,1.3234E+16,5.16943E+16
64458,12,0,71,76,2018,12,12,4,3,5,3,0,1,1,0,0,0,0,0,8.89292E+20,5.74692E+21,1.46399E+16,5.17376E+16
64459,12,0,65,96,2018,12,16,3,3,5,2,2,1,1,0,0,0,0,1,7.92186E+20,5.83997E+21,1.33182E+16,5.26309E+16
64460,12,0,73,8,2018,10,18,4,3,9,1,1,0,1,0,0,0,0,0,8.3629E+20,5.88914E+21,1.40181E+16,5.30457E+16
64461,12,0,61,444,2018,10,9,4,3,5,3,0,1,1,0,0,0,0,0,8.13685E+20,5.8118E+21,1.36083E+16,5.23665E+16
64462,12,0,72,340,2018,11,8,3,3,2,6,0,0,1,0,0,0,0,0,8.03879E+20,5.79916E+21,1.34533E+16,5.22587E+16
64463,12,0,72,120,2018,10,15,2,3,9,1,0,0,1,0,0,0,0,0,7.91978E+20,5.80869E+21,1.32877E+16,5.23506E+16
64464,12,0,62,128,2018,10,16,4,3,4,2,0,0,1,0,1,0,0,0,7.93415E+20,5.72373E+21,1.32361E+16,5.1588E+16
64465,12,0,72,169,2018,10,17,4,2,3,6,0,0,1,0,0,1,1,0,7.82124E+20,5.76763E+21,1.31093E+16,5.19875E+16
64466,12,0,52,0,2018,10,3,4,3,8,1,2,0,1,0,0,0,0,0,8.70902E+20,5.75202E+21,1.43802E+16,5.17958E+16
64467,12,0,60,20,2018,11,6,7,2,8,1,2,0,1,0,0,0,0,0,8.13209E+20,5.84538E+21,1.36329E+16,5.26676E+16
64468,12,0,73,572,2018,12,9,2,3,5,3,0,1,1,0,0,0,0,1,8.01285E+20,5.89497E+21,1.35031E+16,5.31189E+16
64469,14,5,24,20,2018,1,21,6,3,5,2,2,0,1,0,0,0,0,1,7.56605E+20,5.63592E+21,1.26432E+16,5.0818E+16
64470,12,0,65,256,2018,11,15,6,2,5,3,0,1,1,0,0,0,0,1,7.81699E+20,5.85253E+21,1.31744E+16,5.2749E+16
64471,12,0,61,540,2018,11,23,4,3,2,7,2,0,1,0,0,1,0,0,8.13615E+20,5.806E+21,1.36018E+16,5.23146E+16
64472,12,0,72,17,2018,12,13,4,3,2,6,0,0,1,0,0,0,0,1,8.01632E+20,5.8043E+21,1.34251E+16,5.2306E+16
64473,12,0,60,20,2018,12,8,3,3,2,6,0,0,1,0,0,0,0,1,8.09044E+20,5.84331E+21,1.35696E+16,5.26515E+16
64474,12,0,63,208,2018,10,14,4,3,2,1,0,0,1,0,0,0,0,0,7.6352E+20,5.83397E+21,1.28909E+16,5.25917E+16
64475,12,0,73,452,2018,10,7,4,3,8,1,0,0,0,0,1,0,0,0,8.17419E+20,5.91918E+21,1.37674E+16,5.33264E+16
64476,12,0,67,144,2018,10,15,3,3,2,6,0,0,1,0,0,0,0,0,8.45742E+20,5.81025E+21,1.40757E+16,5.23334E+16
64477,12,0,67,440,2018,11,15,5,3,5,2,0,0,1,0,0,0,0,0,8.19091E+20,5.82713E+21,1.3702E+16,5.25007E+16
64478,12,0,63,80,2018,11,9,6,3,1,6,0,0,1,0,0,0,0,0,7.78109E+20,5.832E+21,1.3104E+16,5.25668E+16
64479,12,0,64,303,2018,12,23,7,3,8,1,2,0,1,0,0,0,0,1,8.46168E+20,5.84199E+21,1.41149E+16,5.26173E+16
64480,12,0,52,0,2018,10,13,4,3,5,3,0,1,0,0,0,0,0,0,8.686E+20,5.74775E+21,1.43424E+16,5.1759E+16
64481,14,6,28,110,2018,1,13,4,3,6,2,0,0,1,1,0,0,0,1,8.24896E+20,5.65772E+21,1.36291E+16,5.09792E+16
64482,12,0,62,237,2018,12,8,7,3,5,3,0,0,1,0,0,0,0,0,8.08523E+20,5.74421E+21,1.34717E+16,5.17636E+16
64483,12,0,54,0,2018,10,14,2,3,8,1,0,0,0,0,0,0,1,1,7.69949E+20,5.81986E+21,1.29741E+16,5.2462E+16
64484,12,0,60,5,2018,10,17,1,2,5,3,0,0,1,0,0,0,0,0,8.07053E+20,5.83887E+21,1.35361E+16,5.26128E+16
64485,12,0,60,52,2018,10,14,4,2,5,2,0,1,1,0,0,0,0,0,8.18965E+20,5.86481E+21,1.37366E+16,5.28384E+16
64486,12,0,64,29,2018,11,15,2,2,2,6,0,0,1,0,0,0,0,0,8.21244E+20,5.83355E+21,1.37398E+16,5.2557E+16
64487,12,0,60,269,2018,12,1,1,3,3,2,2,0,1,0,0,0,0,0,7.99809E+20,5.84934E+21,1.3439E+16,5.27107E+16
64488,12,0,61,260,2018,10,16,1,3,5,2,0,1,1,0,0,0,0,0,8.15254E+20,5.80441E+21,1.36243E+16,5.22993E+16
64489,14,5,23,270,2018,1,16,3,2,8,6,0,0,1,0,0,0,0,1,7.29177E+20,5.60023E+21,1.22324E+16,5.05091E+16
64490,12,0,60,52,2018,11,13,3,3,2,6,0,0,1,0,0,0,1,0,8.24561E+20,5.8652E+21,1.38198E+16,5.28385E+16
64491,12,0,54,0,2018,11,10,3,3,2,6,0,0,1,0,0,0,0,0,7.76897E+20,5.81242E+21,1.30699E+16,5.23919E+16
64492,12,0,72,17,2018,11,14,1,2,8,1,0,0,1,0,0,0,0,1,8.03279E+20,5.80571E+21,1.34504E+16,5.23177E+16
64493,12,0,68,425,2018,12,11,2,3,8,1,0,0,1,0,0,0,0,0,7.44333E+20,5.88015E+21,1.26427E+16,5.30151E+16
64494,12,0,61,540,2018,10,14,2,3,2,6,0,0,1,0,0,0,0,0,8.14802E+20,5.80564E+21,1.36189E+16,5.23107E+16
64495,12,0,65,144,2018,12,11,2,3,5,3,0,1,1,0,0,0,0,0,7.9147E+20,5.84505E+21,1.33121E+16,5.26768E+16
64496,12,0,54,0,2018,12,16,5,3,5,3,2,0,1,0,0,0,0,1,7.77817E+20,5.81476E+21,1.30853E+16,5.24123E+16
64497,12,0,65,356,2018,10,11,6,3,3,2,0,0,1,0,0,0,0,0,7.8914E+20,5.87939E+21,1.33081E+16,5.29859E+16
64498,12,0,60,20,2018,10,18,4,3,5,3,1,1,1,0,0,0,0,0,8.08979E+20,5.84713E+21,1.35722E+16,5.26857E+16
64499,12,0,63,228,2018,11,20,2,3,1,7,2,0,1,0,0,0,1,1,7.51546E+20,5.83787E+21,1.27174E+16,5.26324E+16
64500,12,0,51,0,2018,12,17,3,3,2,1,2,0,1,0,0,0,0,0,7.38429E+20,5.80547E+21,1.25008E+16,5.23476E+16
64501,12,0,61,433,2018,11,12,6,3,2,6,0,0,1,0,0,0,0,0,8.05369E+20,5.81255E+21,1.34872E+16,5.23779E+16
64502,14,6,28,270,2018,1,7,2,3,5,3,2,1,0,0,0,0,1,0,8.46401E+20,5.6578E+21,1.39344E+16,5.09674E+16
64503,12,0,61,332,2018,11,15,7,3,2,6,0,0,1,0,0,0,0,1,8.11464E+20,5.80212E+21,1.35668E+16,5.2281E+16
64504,12,0,73,393,2018,11,12,6,3,4,6,0,0,1,0,0,0,0,1,8.62086E+20,5.91568E+21,1.44312E+16,5.32665E+16
64505,12,0,71,153,2018,12,17,6,2,5,3,2,0,1,0,0,0,0,1,8.87115E+20,5.74151E+21,1.46025E+16,5.16907E+16
64506,12,0,68,468,2018,12,7,5,2,6,4,1,0,1,1,0,0,0,1,7.33141E+20,5.89482E+21,1.24868E+16,5.31516E+16
64507,12,0,65,251,2018,10,14,6,2,8,1,0,0,1,0,0,0,0,0,7.72297E+20,5.84762E+21,1.30314E+16,5.27098E+16
64508,12,0,64,317,2018,10,17,4,3,2,6,0,0,1,0,0,0,0,0,8.46297E+20,5.82887E+21,1.41031E+16,5.24997E+16
64509,12,0,52,0,2018,10,16,4,3,5,2,0,1,1,0,0,0,0,0,8.68747E+20,5.74783E+21,1.43446E+16,5.17596E+16
64510,12,0,67,458,2018,10,16,4,2,7,7,0,0,0,0,1,0,0,0,8.8095E+20,5.7959E+21,1.45739E+16,5.21817E+16
64511,12,0,54,0,2018,11,14,6,3,5,2,0,1,0,0,0,0,1,0,7.77811E+20,5.81245E+21,1.30834E+16,5.23917E+16
64512,12,0,70,173,2018,12,4,2,3,9,1,2,0,1,0,0,0,0,0,6.85011E+20,5.89196E+21,1.17664E+16,5.31448E+16
64513,14,5,24,180,2018,1,10,5,3,5,3,0,0,1,0,0,0,0,0,7.64117E+20,5.64104E+21,1.27533E+16,5.08606E+16
64514,12,0,64,227,2018,11,18,4,3,6,4,2,0,1,1,0,0,0,0,8.15934E+20,5.82692E+21,1.36555E+16,5.25006E+16
64515,12,0,64,512,2018,12,9,4,2,5,3,0,0,1,0,1,0,0,1,8.46564E+20,5.85344E+21,1.41327E+16,5.27195E+16
64516,12,0,66,320,2018,12,7,2,2,5,3,2,0,1,0,0,0,0,1,8.50033E+20,5.74906E+21,1.40758E+16,5.17826E+16
64517,12,0,65,144,2018,10,9,4,3,5,3,0,0,1,0,0,0,0,0,7.89455E+20,5.84402E+21,1.32815E+16,5.26687E+16
64518,12,0,67,481,2018,10,16,4,2,8,6,0,0,1,0,0,0,1,0,8.39504E+20,5.79773E+21,1.39719E+16,5.22251E+16
64519,12,0,69,397,2018,11,17,3,2,5,3,2,1,1,0,0,0,0,0,7.77449E+20,5.80364E+21,1.30708E+16,5.23128E+16
64520,12,0,64,61,2018,12,20,3,3,8,1,2,0,1,0,0,0,0,1,8.48459E+20,5.84771E+21,1.41546E+16,5.2667E+16
64521,12,0,71,44,2018,10,10,2,2,2,6,0,0,1,0,0,0,0,0,8.86738E+20,5.73397E+21,1.45887E+16,5.16235E+16
64522,12,0,54,0,2018,11,17,4,3,3,6,1,1,0,0,0,0,0,0,7.75604E+20,5.81276E+21,1.30513E+16,5.23956E+16
64523,12,0,72,240,2018,11,8,5,2,6,7,0,0,0,1,0,0,1,0,7.88573E+20,5.80472E+21,1.32344E+16,5.23168E+16
64524,12,0,64,538,2018,12,17,5,2,8,1,2,0,1,0,0,0,0,0,8.70432E+20,5.84034E+21,1.44698E+16,5.25866E+16
64525,12,0,54,0,2018,10,7,3,3,0,1,0,1,0,0,0,0,0,1,7.75422E+20,5.81279E+21,1.30486E+16,5.23959E+16
64526,14,5,22,190,2018,1,17,4,2,6,4,2,0,1,1,0,0,0,0,7.73043E+20,5.66526E+21,1.2898E+16,5.10737E+16
64527,12,0,69,656,2018,12,7,6,3,0,1,1,1,0,0,0,0,0,1,7.6616E+20,5.80807E+21,1.29091E+16,5.23582E+16
64528,12,0,52,0,2018,10,12,7,3,1,6,0,0,1,0,0,0,1,0,8.69596E+20,5.74291E+21,1.43516E+16,5.1715E+16
64529,12,0,60,269,2018,10,13,4,3,3,6,0,0,0,0,0,0,1,0,7.99151E+20,5.84237E+21,1.34229E+16,5.26486E+16
64530,12,0,72,240,2018,11,15,4,2,0,7,0,1,1,0,0,0,0,0,7.89919E+20,5.80347E+21,1.3253E+16,5.23049E+16
64531,12,0,53,0,2018,11,17,1,3,2,6,2,0,1,0,0,0,0,1,8.762E+20,5.81108E+21,1.45216E+16,5.23207E+16
64532,12,0,53,0,2018,12,13,7,3,2,6,0,0,1,0,0,0,0,0,8.69462E+20,5.81052E+21,1.44226E+16,5.23203E+16
64533,12,0,65,136,2018,10,15,1,3,0,1,0,0,0,0,1,0,0,0,7.84467E+20,5.84101E+21,1.32053E+16,5.26443E+16
64534,14,6,27,260,2018,1,8,3,2,5,2,0,1,1,0,0,0,0,0,7.96864E+20,5.68833E+21,1.32561E+16,5.12688E+16
64535,12,0,72,240,2018,11,13,2,3,5,3,0,1,1,0,0,0,0,0,7.87226E+20,5.80093E+21,1.32115E+16,5.22835E+16
64536,12,0,70,316,2018,11,12,3,2,8,1,0,0,1,0,0,0,0,0,7.12117E+20,5.89169E+21,1.21709E+16,5.31324E+16
64537,12,0,68,468,2018,11,0,1,2,2,6,2,0,1,0,0,0,0,1,7.30502E+20,5.89537E+21,1.24478E+16,5.31577E+16
64538,12,0,61,20,2018,12,10,7,3,8,1,0,0,1,0,0,0,0,1,8.1484E+20,5.79799E+21,1.36123E+16,5.22421E+16
64539,12,0,72,17,2018,12,16,6,3,3,6,2,0,1,0,0,0,0,0,8.0339E+20,5.8046E+21,1.3451E+16,5.23078E+16
64540,12,0,69,397,2018,10,17,1,3,2,6,2,0,1,0,0,0,0,1,7.73173E+20,5.80235E+21,1.30071E+16,5.23034E+16
64541,12,0,69,402,2018,11,18,4,3,1,7,2,0,1,0,0,0,0,0,7.56464E+20,5.78193E+21,1.27472E+16,5.21283E+16
64542,12,0,61,572,2018,11,14,6,3,8,1,0,0,1,0,0,0,0,1,8.13099E+20,5.80624E+21,1.35945E+16,5.2317E+16
64543,12,0,61,320,2018,12,6,6,3,8,1,2,0,1,0,0,0,0,1,8.22262E+20,5.75961E+21,1.36844E+16,5.18939E+16
64544,12,0,72,14,2018,10,6,3,3,0,7,0,0,1,0,0,0,0,1,8.08876E+20,5.7779E+21,1.35069E+16,5.20653E+16
64545,14,5,21,30,2018,1,15,4,3,9,1,0,0,1,0,0,0,0,1,7.62677E+20,5.61159E+21,1.27119E+16,5.0597E+16
64546,12,0,68,320,2018,12,5,7,2,7,7,2,0,1,0,0,0,0,0,7.60795E+20,5.87695E+21,1.2885E+16,5.29786E+16
64547,12,0,67,481,2018,10,14,2,3,4,6,0,0,1,0,0,0,0,1,8.36847E+20,5.80148E+21,1.39369E+16,5.22603E+16
64548,12,0,70,222,2018,10,11,1,3,4,6,0,0,1,0,0,0,0,0,7.10525E+20,5.90224E+21,1.21541E+16,5.32277E+16
64549,12,0,65,144,2018,10,7,4,3,6,4,0,1,0,1,0,0,0,0,7.8952E+20,5.84424E+21,1.32826E+16,5.26706E+16
64550,12,0,61,540,2018,11,18,5,3,2,6,2,0,1,0,0,0,0,0,8.15783E+20,5.80575E+21,1.36333E+16,5.2311E+16
64551,12,0,61,448,2018,11,18,1,3,2,6,2,0,1,0,0,0,0,0,8.18022E+20,5.78668E+21,1.36481E+16,5.21389E+16
64552,12,0,68,320,2018,12,17,1,3,5,2,2,1,1,0,0,0,0,0,7.56167E+20,5.87125E+21,1.28117E+16,5.29296E+16
64553,12,0,60,176,2018,10,14,1,3,8,1,0,0,0,0,1,0,0,0,8.36696E+20,5.86867E+21,1.40029E+16,5.28622E+16
64554,14,7,13,0,2018,1,8,3,3,4,6,0,1,0,0,0,0,0,0,7.36506E+20,5.69224E+21,1.23952E+16,5.13322E+16
64555,12,0,65,36,2018,11,7,3,3,5,3,1,1,1,0,0,0,0,1,7.88643E+20,5.84771E+21,1.32727E+16,5.27022E+16
64556,12,0,71,244,2018,11,19,3,3,4,6,2,0,1,0,0,0,0,0,8.65718E+20,5.7429E+21,1.42957E+16,5.17175E+16
64557,12,0,61,405,2018,11,11,1,2,9,1,0,0,1,0,0,0,0,0,8.22348E+20,5.77305E+21,1.36983E+16,5.20143E+16
64558,12,0,69,454,2018,12,16,7,2,6,4,2,0,1,1,0,0,0,1,7.79604E+20,5.80419E+21,1.31027E+16,5.23167E+16
64559,12,0,64,128,2018,10,10,2,2,8,1,0,0,1,0,0,0,0,0,8.61976E+20,5.82391E+21,1.43277E+16,5.24451E+16
64560,12,0,54,0,2018,12,17,7,2,6,4,2,0,1,1,0,0,0,0,7.78788E+20,5.80941E+21,1.30951E+16,5.23639E+16
64561,12,0,62,224,2018,12,17,5,3,4,6,2,0,1,0,0,1,0,1,7.92766E+20,5.73713E+21,1.3238E+16,5.17086E+16
64562,12,0,69,656,2018,10,15,5,2,5,3,0,1,1,0,0,0,0,0,7.66402E+20,5.80949E+21,1.29137E+16,5.23708E+16
64563,12,0,68,117,2018,10,18,4,3,5,3,1,0,1,0,0,0,0,0,7.56353E+20,5.86127E+21,1.28066E+16,5.284E+16