OBJECTID_1,ULAND,UREGBEZ,UKREIS,UGEMEINDE,UJAHR,UMONAT,USTUNDE,UWOCHENTAG,UKATEGORIE,UART,UTYP1,ULICHTVERH,IstRad,IstPKW,IstFuss,IstKrad,IstGkfz,IstSonstig,STRZUSTAND,LINREFX,LINREFY,XGCSWGS84,YGCSWGS84
64564,12,0,60,52,2018,11,12,2,3,2,6,0,0,1,0,0,0,1,1,8.20985E+20,5.86513E+21,1.37668E+16,5.28401E+16
64565,12,0,73,572,2018,12,16,3,3,4,6,0,1,1,0,0,0,0,0,8.00888E+20,5.89519E+21,1.34973E+16,5.3121E+16
64566,12,0,60,52,2018,11,8,6,3,3,2,2,1,1,0,0,0,0,0,8.22977E+20,5.86471E+21,1.37959E+16,5.28351E+16
64567,12,0,69,306,2018,12,7,4,3,4,6,1,0,1,0,0,0,0,2,7.4765E+20,5.80877E+21,1.26383E+16,5.23731E+16
64568,14,5,21,510,2018,1,13,2,2,9,1,0,0,1,0,0,1,1,0,7.77342E+20,5.60661E+21,1.29149E+16,5.05456E+16
64569,12,0,67,438,2018,11,9,7,3,5,3,0,0,1,0,0,0,0,0,8.78515E+20,5.79134E+21,1.45334E+16,5.21425E+16
64570,12,0,65,256,2018,11,14,6,3,5,3,0,1,0,0,0,0,0,0,7.86385E+20,5.85363E+21,1.32446E+16,5.27565E+16
64571,12,0,65,251,2018,12,16,6,3,8,7,2,0,1,0,0,0,0,1,7.78552E+20,5.8454E+21,1.31218E+16,5.26867E+16
64572,12,0,61,260,2018,12,5,4,3,2,6,2,0,1,0,0,0,0,1,8.15868E+20,5.80389E+21,1.36328E+16,5.22943E+16
64573,12,0,68,320,2018,10,9,6,2,5,3,0,1,1,0,0,0,0,0,7.57696E+20,5.87376E+21,1.28364E+16,5.29515E+16
64574,12,0,66,285,2018,10,16,5,3,2,6,0,0,1,0,1,0,0,0,8.39458E+20,5.72134E+21,1.38961E+16,5.15408E+16
64575,12,0,72,240,2018,10,7,3,2,5,3,0,1,1,0,0,0,0,0,7.90819E+20,5.80271E+21,1.32656E+16,5.22976E+16
64576,12,0,67,173,2018,10,12,4,3,2,6,0,0,1,0,0,0,0,0,8.2263E+20,5.81494E+21,1.37422E+16,5.23894E+16
64577,12,0,54,0,2018,10,19,3,3,2,6,2,0,1,0,0,0,0,0,7.77883E+20,5.81225E+21,1.30842E+16,5.23898E+16
64578,12,0,60,20,2018,11,13,6,2,6,4,0,0,1,1,0,0,0,0,8.10032E+20,5.84677E+21,1.35874E+16,5.2682E+16
64579,12,0,69,17,2018,12,3,1,3,6,4,2,0,1,1,0,0,0,1,7.72092E+20,5.7966E+21,1.29867E+16,5.22524E+16
64580,12,0,54,0,2018,11,17,5,3,0,1,2,1,0,0,0,0,0,0,7.72022E+20,5.81598E+21,1.30014E+16,5.24262E+16
64581,14,6,25,250,2018,1,7,5,3,5,3,1,1,0,0,0,0,0,1,8.55214E+20,5.69216E+21,1.40933E+16,5.12698E+16
64582,12,0,65,136,2018,11,18,4,3,5,3,2,1,1,0,0,0,0,0,7.84474E+20,5.83849E+21,1.32033E+16,5.26217E+16
64583,12,0,70,125,2018,12,6,4,2,8,1,2,0,1,0,0,0,0,2,7.01208E+20,5.89134E+21,1.20078E+16,5.31334E+16
64584,12,0,64,125,2018,12,12,2,2,5,2,0,0,1,0,0,0,0,0,8.34938E+20,5.85769E+21,1.39656E+16,5.27649E+16
64585,12,0,54,0,2018,10,16,3,3,5,2,0,0,1,0,0,0,0,1,7.75072E+20,5.81287E+21,1.30435E+16,5.23968E+16
64586,12,0,54,0,2018,10,18,3,3,1,6,0,0,1,0,0,0,1,0,7.77796E+20,5.81474E+21,1.3085E+16,5.24122E+16
64587,12,0,61,572,2018,11,9,3,3,4,2,0,1,1,0,0,0,0,0,8.15248E+20,5.80987E+21,1.36294E+16,5.23483E+16
64588,12,0,69,17,2018,12,11,2,3,9,6,0,0,1,0,0,0,0,1,7.66995E+20,5.79613E+21,1.29118E+16,5.22507E+16
64589,12,0,64,428,2018,10,5,2,2,4,6,2,1,0,0,0,0,0,0,8.23576E+20,5.82454E+21,1.37654E+16,5.24749E+16
64590,12,0,60,181,2018,11,20,4,2,8,1,2,0,0,0,1,0,0,1,8.08692E+20,5.83942E+21,1.35608E+16,5.26168E+16
64591,12,0,71,189,2018,11,4,5,3,4,7,2,0,1,0,0,0,0,0,8.91027E+20,5.72855E+21,1.46443E+16,5.1572E+16
64592,12,0,61,164,2018,12,4,4,1,9,1,2,0,1,0,0,0,0,0,8.19611E+20,5.76838E+21,1.36542E+16,5.1974E+16
64593,12,0,61,572,2018,10,17,3,3,2,6,2,0,1,0,0,0,0,0,8.15542E+20,5.81186E+21,1.36355E+16,5.2366E+16
64594,14,6,12,0,2018,1,21,3,3,8,1,2,0,1,0,0,0,0,0,8.31581E+20,5.66229E+21,1.37282E+16,5.10164E+16
64595,12,0,61,112,2018,12,11,6,3,5,5,0,0,1,0,0,0,0,1,8.15843E+20,5.81291E+21,1.36409E+16,5.23752E+16
64596,12,0,63,357,2018,10,17,6,3,7,1,0,0,1,0,0,0,1,0,7.66341E+20,5.83036E+21,1.29295E+16,5.2558E+16
64597,12,0,54,0,2018,10,7,3,3,4,6,1,1,0,0,0,0,0,0,7.75319E+20,5.81739E+21,1.30509E+16,5.24372E+16
64598,12,0,66,176,2018,11,9,4,2,4,2,0,0,1,0,0,0,0,1,8.32605E+20,5.71613E+21,1.37928E+16,5.14982E+16
64599,12,0,72,477,2018,11,17,7,3,2,6,2,0,0,0,1,0,1,0,8.03455E+20,5.79567E+21,1.3444E+16,5.22276E+16
64600,12,0,68,320,2018,10,16,6,2,9,7,0,1,0,0,0,0,0,0,7.55573E+20,5.86828E+21,1.28005E+16,5.29033E+16
64601,12,0,63,88,2018,10,10,7,2,2,6,0,0,1,0,0,0,1,0,7.43671E+20,5.8445E+21,1.26062E+16,5.26955E+16
64602,14,6,12,0,2018,1,17,3,3,3,6,2,0,1,0,0,0,0,0,8.28114E+20,5.66898E+21,1.3685E+16,5.10783E+16
64603,12,0,62,92,2018,11,16,2,2,0,7,2,1,0,0,0,0,0,0,8.15895E+20,5.73086E+21,1.35661E+16,5.16399E+16
64604,12,0,66,304,2018,11,15,2,2,5,2,0,1,1,0,0,0,0,0,8.48934E+20,5.71895E+21,1.40299E+16,5.15136E+16
64605,12,0,63,357,2018,11,15,7,3,9,7,0,0,1,0,0,0,0,0,7.68866E+20,5.82608E+21,1.29632E+16,5.25184E+16
64606,12,0,60,269,2018,12,12,7,3,5,3,0,1,1,0,0,0,0,1,7.99727E+20,5.84972E+21,1.34381E+16,5.27142E+16
64607,12,0,62,24,2018,12,10,6,3,9,1,0,0,1,0,0,0,0,0,8.04804E+20,5.70957E+21,1.33878E+16,5.14551E+16
64608,12,0,61,540,2018,10,10,7,2,2,6,0,0,1,0,0,0,0,0,8.14606E+20,5.80565E+21,1.3616E+16,5.23109E+16
64609,12,0,66,304,2018,10,11,5,2,0,7,0,1,0,0,0,0,0,0,8.51134E+20,5.72507E+21,1.40676E+16,5.15671E+16
64610,12,0,54,0,2018,12,17,4,3,2,6,2,0,1,0,0,0,0,0,7.77889E+20,5.81223E+21,1.30843E+16,5.23896E+16
64611,12,0,60,181,2018,10,16,5,3,3,6,0,0,1,0,0,1,0,0,8.09453E+20,5.83895E+21,1.35715E+16,5.26122E+16
64612,12,0,61,433,2018,10,8,3,3,5,2,0,1,1,0,0,0,0,0,8.07752E+20,5.81437E+21,1.35238E+16,5.23929E+16
64613,12,0,60,52,2018,11,7,1,3,8,1,0,0,1,0,0,0,0,0,8.26916E+20,5.86948E+21,1.38589E+16,5.28755E+16
64614,12,0,54,0,2018,12,8,2,2,3,2,0,1,1,0,0,0,0,1,7.74167E+20,5.81199E+21,1.30296E+16,5.23894E+16
64615,12,0,60,34,2018,12,5,4,3,8,1,2,0,1,0,0,0,0,1,8.25593E+20,5.85766E+21,1.38276E+16,5.27704E+16
64616,14,6,25,200,2018,1,11,7,3,1,6,0,0,1,0,0,0,0,0,8.5137E+20,5.67954E+21,1.4026E+16,5.11592E+16
64617,12,0,61,540,2018,11,19,6,3,5,3,2,1,1,0,0,0,0,0,8.16012E+20,5.80753E+21,1.36383E+16,5.23269E+16
64618,12,0,64,472,2018,11,14,5,2,4,1,0,0,1,0,0,0,0,0,8.31085E+20,5.83822E+21,1.38892E+16,5.25929E+16
64619,12,0,60,52,2018,12,11,5,3,2,6,0,0,1,0,0,0,0,0,8.22473E+20,5.86482E+21,1.37885E+16,5.28363E+16
64620,12,0,65,84,2018,12,21,4,3,5,3,2,1,1,0,0,0,0,0,7.76778E+20,5.90166E+21,1.31436E+16,5.31921E+16
64621,12,0,60,269,2018,10,12,5,2,8,1,0,0,0,0,0,1,0,1,8.02335E+20,5.85977E+21,1.34859E+16,5.28028E+16
64622,12,0,66,112,2018,10,7,3,3,5,3,1,1,1,0,0,0,0,0,8.47057E+20,5.72711E+21,1.4011E+16,5.15879E+16
64623,12,0,62,372,2018,10,9,3,3,5,3,0,0,1,0,0,0,1,0,8.20008E+20,5.71222E+21,1.36083E+16,5.14704E+16
64624,12,0,66,304,2018,10,16,3,3,8,1,0,0,0,0,0,1,0,0,8.50971E+20,5.71872E+21,1.40589E+16,5.15104E+16
64625,12,0,54,0,2018,11,14,5,3,5,2,0,1,1,0,0,0,0,0,7.75993E+20,5.81272E+21,1.30569E+16,5.2395E+16
64626,12,0,62,24,2018,12,12,7,3,9,1,0,0,1,0,0,0,0,2,8.06642E+20,5.7154E+21,1.34193E+16,5.15064E+16
64627,12,0,64,29,2018,11,17,5,3,6,6,2,0,1,1,0,0,0,0,8.217E+20,5.84018E+21,1.3753E+16,5.26161E+16
64628,12,0,65,136,2018,12,17,5,3,2,6,2,0,1,0,0,0,0,1,7.84471E+20,5.83851E+21,1.32032E+16,5.26219E+16
64629,12,0,60,20,2018,10,9,7,3,5,3,0,0,1,0,1,0,0,0,8.09209E+20,5.84676E+21,1.35752E+16,5.26823E+16
64630,12,0,61,433,2018,10,10,5,3,2,6,0,0,1,0,0,0,0,0,8.07614E+20,5.81433E+21,1.35217E+16,5.23926E+16
64631,12,0,61,217,2018,10,13,3,2,5,3,0,0,1,0,0,0,0,0,8.25775E+20,5.80711E+21,1.37807E+16,5.23174E+16
64632,12,0,70,149,2018,11,13,2,3,2,6,0,0,1,0,0,0,0,0,7.07661E+20,5.87617E+21,1.20944E+16,5.29947E+16
64633,12,0,69,345,2018,12,9,2,2,1,1,0,0,0,0,0,1,1,1,7.62488E+20,5.78795E+21,1.28396E+16,5.21795E+16
64634,12,0,67,144,2018,11,15,6,3,5,3,0,1,1,0,0,0,0,0,8.45588E+20,5.81093E+21,1.40742E+16,5.23395E+16
64635,12,0,73,532,2018,12,20,4,2,8,1,2,0,1,0,0,0,0,1,8.52261E+20,5.8896E+21,1.42558E+16,5.30396E+16
64636,14,5,21,250,2018,1,0,1,2,8,1,2,0,1,0,0,0,0,1,7.91111E+20,5.61899E+21,1.31185E+16,5.06499E+16
64637,12,0,69,696,2018,11,16,6,3,2,6,1,0,1,0,0,0,0,0,7.25864E+20,5.79418E+21,1.23091E+16,5.22515E+16
64638,12,0,54,0,2018,11,16,5,3,2,6,2,0,1,0,0,0,0,0,7.78991E+20,5.81138E+21,1.30998E+16,5.23815E+16
64639,12,0,66,196,2018,12,11,5,3,1,6,0,0,1,0,0,0,1,0,8.38797E+20,5.75758E+21,1.39218E+16,5.18658E+16
64640,12,0,67,528,2018,12,9,4,3,2,6,0,0,1,0,0,0,0,1,8.8238E+20,5.79928E+21,1.45985E+16,5.22109E+16
64641,12,0,54,0,2018,10,7,5,3,1,6,2,0,1,0,0,0,0,1,7.77936E+20,5.81083E+21,1.30838E+16,5.23771E+16
64642,12,0,73,532,2018,10,6,3,2,3,6,2,0,1,0,0,1,0,0,8.51123E+20,5.89372E+21,1.42434E+16,5.30772E+16
64643,12,0,72,240,2018,10,1,3,3,7,7,2,0,0,0,1,0,0,0,7.93279E+20,5.80036E+21,1.32995E+16,5.22752E+16
64644,12,0,64,472,2018,10,8,3,3,6,4,0,0,1,1,0,0,0,0,8.3137E+20,5.83711E+21,1.38922E+16,5.25828E+16
64645,12,0,65,144,2018,11,14,6,3,5,3,0,1,1,0,0,0,0,0,7.89332E+20,5.84444E+21,1.328E+16,5.26725E+16
64646,12,0,63,274,2018,12,12,7,3,3,6,0,0,1,0,0,0,0,0,7.27613E+20,5.84408E+21,1.23687E+16,5.26987E+16
64647,12,0,62,177,2018,11,10,5,3,8,1,0,0,1,0,0,0,0,0,8.22394E+20,5.71961E+21,1.36493E+16,5.15354E+16
64648,14,5,24,80,2018,1,22,5,3,8,1,2,0,1,0,0,0,0,1,7.54264E+20,5.63689E+21,1.26107E+16,5.08278E+16
64649,12,0,71,372,2018,12,12,3,3,2,6,0,0,1,0,0,0,1,1,8.7308E+20,5.72686E+21,1.43848E+16,5.15691E+16
64650,12,0,61,332,2018,12,16,1,3,2,6,2,0,1,0,0,0,0,1,8.10833E+20,5.80347E+21,1.35588E+16,5.22934E+16
64651,12,0,73,532,2018,10,17,3,3,5,3,1,1,1,0,0,0,0,1,8.51188E+20,5.89367E+21,1.42443E+16,5.30768E+16
64652,12,0,68,452,2018,10,11,3,3,2,6,0,0,1,0,0,0,1,0,7.4461E+20,5.87439E+21,1.26425E+16,5.29633E+16
64653,12,0,64,125,2018,11,10,3,3,8,6,0,1,0,0,0,0,1,0,8.32905E+20,5.86369E+21,1.39417E+16,5.28199E+16
64654,12,0,69,20,2018,12,16,2,2,3,6,2,1,1,0,0,0,0,1,7.45696E+20,5.78314E+21,1.25911E+16,5.21441E+16
64655,12,0,68,320,2018,10,9,2,3,2,6,0,0,1,0,0,0,0,0,7.54735E+20,5.87016E+21,1.27896E+16,5.29206E+16
64656,14,7,29,160,2018,1,10,4,3,2,6,0,0,1,0,0,0,1,0,7.73295E+20,5.68609E+21,1.29174E+16,5.12605E+16
64657,12,0,65,225,2018,11,7,4,3,2,6,0,0,0,0,0,0,1,0,7.98003E+20,5.8441E+21,1.34076E+16,5.26647E+16
64658,12,0,65,100,2018,11,14,5,3,2,2,0,0,1,0,0,0,0,0,7.78672E+20,5.88058E+21,1.31537E+16,5.30021E+16
64659,12,0,69,306,2018,12,14,3,3,9,1,0,0,1,0,0,0,0,1,7.53046E+20,5.80478E+21,1.27144E+16,5.23348E+16
64660,12,0,71,392,2018,10,12,3,2,3,6,0,0,1,0,0,0,0,0,8.89983E+20,5.72909E+21,1.46299E+16,5.15776E+16
64661,14,5,22,510,2018,1,9,3,3,0,1,0,0,0,0,1,0,0,1,7.92014E+20,5.66602E+21,1.31687E+16,5.10712E+16
64662,12,0,52,0,2018,12,10,6,3,5,3,0,0,1,0,0,0,0,1,8.66864E+20,5.74735E+21,1.43169E+16,5.17566E+16
64663,12,0,61,572,2018,10,16,6,3,2,6,0,0,1,0,0,0,0,0,8.13907E+20,5.8088E+21,1.36087E+16,5.23394E+16
64664,12,0,65,256,2018,10,15,3,3,3,6,0,0,0,0,1,0,1,0,7.97442E+20,5.85754E+21,1.34115E+16,5.27856E+16
64665,12,0,70,173,2018,11,17,4,3,2,6,2,0,1,0,0,0,0,0,6.83792E+20,5.89192E+21,1.17482E+16,5.31449E+16
64666,12,0,69,17,2018,11,21,7,3,2,6,2,0,1,0,0,0,0,0,7.68584E+20,5.78527E+21,1.29264E+16,5.21525E+16
64667,12,0,54,0,2018,10,6,5,3,2,6,1,0,1,0,0,0,0,0,7.68573E+20,5.82095E+21,1.29547E+16,5.24725E+16
64668,12,0,69,306,2018,10,14,7,3,5,3,0,0,1,0,0,1,0,0,7.5186E+20,5.80521E+21,1.26974E+16,5.23392E+16
64669,14,5,21,700,2018,1,10,3,2,2,2,0,0,1,0,0,0,0,1,7.57748E+20,5.60783E+21,1.26398E+16,5.05654E+16
64670,12,0,64,153,2018,11,7,2,3,4,6,1,0,0,0,0,1,0,0,8.34843E+20,5.83344E+21,1.39396E+16,5.25478E+16
64671,12,0,64,336,2018,11,8,2,2,5,3,0,1,0,0,0,1,0,0,8.19417E+20,5.8288E+21,1.37084E+16,5.25155E+16
64672,12,0,60,5,2018,11,17,7,3,2,6,2,0,1,0,0,0,0,0,8.11602E+20,5.83737E+21,1.36017E+16,5.25968E+16
64673,12,0,63,208,2018,12,9,6,2,5,3,0,1,1,0,0,0,0,1,7.62696E+20,5.83615E+21,1.28805E+16,5.26117E+16
64674,12,0,61,433,2018,12,10,5,3,2,6,0,0,0,0,0,0,1,1,8.02273E+20,5.81091E+21,1.34404E+16,5.23649E+16
64675,12,0,60,20,2018,10,17,7,3,9,1,0,0,1,0,0,0,0,0,8.04749E+20,5.84588E+21,1.35087E+16,5.2677E+16
64676,12,0,64,408,2018,10,12,5,3,5,3,0,1,1,0,0,0,0,0,8.3074E+20,5.83254E+21,1.38784E+16,5.25423E+16
64677,12,0,72,17,2018,10,8,2,2,5,3,0,1,1,0,0,0,0,0,8.00296E+20,5.8103E+21,1.34109E+16,5.23606E+16
64678,12,0,67,469,2018,11,2,7,3,1,6,2,0,1,0,0,0,1,0,8.25163E+20,5.80752E+21,1.37721E+16,5.23215E+16
64679,12,0,71,160,2018,12,14,2,3,5,3,0,0,1,0,0,0,0,1,8.92023E+20,5.7699E+21,1.47052E+16,5.19413E+16
64680,12,0,67,124,2018,12,11,4,3,0,7,0,1,0,0,0,0,0,0,8.23231E+20,5.81819E+21,1.37542E+16,5.24182E+16
64681,14,5,22,80,2018,1,18,7,3,5,3,2,0,1,0,0,0,0,1,7.89995E+20,5.67146E+21,1.31443E+16,5.11211E+16
64682,12,0,53,0,2018,11,13,6,3,2,6,0,0,1,0,0,0,0,0,8.7756E+20,5.8141E+21,1.45449E+16,5.23468E+16
64683,12,0,54,0,2018,11,22,4,3,6,4,2,0,1,1,0,0,0,1,7.77682E+20,5.81108E+21,1.30803E+16,5.23794E+16
64684,12,0,65,225,2018,12,16,5,3,5,3,2,1,1,0,0,0,0,0,7.93694E+20,5.84287E+21,1.3343E+16,5.26561E+16
64685,12,0,61,260,2018,12,6,3,3,5,2,2,1,1,0,0,0,0,1,8.15939E+20,5.80179E+21,1.36319E+16,5.22755E+16
64686,12,0,65,356,2018,10,16,5,3,8,1,0,0,1,0,0,0,0,0,7.90321E+20,5.87521E+21,1.33219E+16,5.29478E+16
64687,12,0,63,228,2018,10,16,2,3,2,6,0,0,1,0,0,0,0,0,7.5117E+20,5.83791E+21,1.27119E+16,5.26329E+16
64688,12,0,60,5,2018,10,12,3,3,4,7,0,1,1,0,0,0,0,0,8.11286E+20,5.83473E+21,1.35946E+16,5.25734E+16
64689,12,0,62,461,2018,11,15,5,3,9,7,0,0,1,0,0,0,0,0,7.98496E+20,5.74898E+21,1.33309E+16,5.18118E+16
64690,12,0,68,324,2018,12,13,7,3,5,3,0,0,1,0,0,0,0,0,7.30792E+20,5.86259E+21,1.24287E+16,5.28635E+16
64691,12,0,73,532,2018,12,19,7,3,4,2,2,0,1,0,0,0,0,1,8.53249E+20,5.89237E+21,1.42735E+16,5.30637E+16
64692,12,0,54,0,2018,10,7,4,2,5,3,0,1,1,0,0,0,0,0,7.757E+20,5.8157E+21,1.30551E+16,5.24218E+16
64693,14,6,28,50,2018,1,6,4,3,9,1,2,0,1,0,0,0,0,1,8.32576E+20,5.65755E+21,1.3738E+16,5.09733E+16
64694,12,0,66,112,2018,12,10,7,3,6,7,0,0,1,1,0,0,0,0,8.47041E+20,5.72668E+21,1.40103E+16,5.15841E+16
64695,12,0,65,256,2018,10,17,3,3,5,3,1,0,1,0,1,0,0,1,7.85649E+20,5.85303E+21,1.32332E+16,5.27514E+16
64696,12,0,61,435,2018,10,17,1,3,3,6,0,0,1,0,0,0,0,0,8.27052E+20,5.76797E+21,1.37617E+16,5.1966E+16
64697,12,0,63,252,2018,10,11,2,3,3,6,0,1,0,0,0,0,1,0,7.25739E+20,5.83444E+21,1.23345E+16,5.2613E+16
64698,12,0,66,52,2018,11,16,2,3,5,3,0,0,1,0,0,0,0,0,8.41482E+20,5.74475E+21,1.39481E+16,5.17493E+16
64699,12,0,69,485,2018,12,20,1,3,8,1,2,0,1,0,0,0,0,2,7.45237E+20,5.76859E+21,1.25739E+16,5.20137E+16
64700,12,0,69,20,2018,10,14,1,3,1,6,0,0,1,0,1,0,0,0,7.48817E+20,5.78192E+21,1.26357E+16,5.21317E+16
64701,14,6,12,0,2018,1,8,4,2,6,4,0,0,1,1,0,0,0,1,8.30361E+20,5.67117E+21,1.3719E+16,5.10966E+16
64702,12,0,62,445,2018,11,6,3,3,2,2,0,0,1,0,0,0,0,0,8.04596E+20,5.73962E+21,1.34109E+16,5.17246E+16
64703,12,0,67,473,2018,11,17,4,3,5,3,2,0,1,0,0,0,0,0,8.53808E+20,5.82437E+21,1.42085E+16,5.24546E+16
64704,12,0,61,320,2018,12,18,2,3,8,1,2,0,1,0,0,0,0,0,8.17512E+20,5.75913E+21,1.36152E+16,5.18923E+16
64705,12,0,72,426,2018,10,12,2,3,5,3,0,1,0,0,0,0,0,0,7.88058E+20,5.79367E+21,1.32175E+16,5.2218E+16
64706,12,0,69,590,2018,12,12,2,3,4,2,0,0,1,0,0,0,0,0,7.70042E+20,5.80884E+21,1.29666E+16,5.23632E+16
64707,12,0,63,273,2018,12,7,5,3,5,3,1,1,1,0,0,0,0,0,7.79923E+20,5.83584E+21,1.3134E+16,5.26003E+16
64708,12,0,65,144,2018,10,8,6,3,3,6,0,0,1,0,0,0,1,0,7.86936E+20,5.83955E+21,1.32404E+16,5.26299E+16
64709,14,6,25,450,2018,1,6,4,3,6,6,2,0,1,1,0,0,0,1,8.49459E+20,5.68457E+21,1.40037E+16,5.12054E+16
64710,12,0,53,0,2018,12,9,1,3,2,6,0,0,1,0,0,0,0,1,8.77082E+20,5.81274E+21,1.45364E+16,5.2335E+16
64711,12,0,67,24,2018,10,18,3,3,5,3,2,1,1,0,0,0,0,1,8.45225E+20,5.80572E+21,1.40635E+16,5.22931E+16
64712,12,0,54,0,2018,10,16,2,3,2,6,0,0,1,0,0,0,0,0,7.7789E+20,5.81223E+21,1.30843E+16,5.23896E+16
64713,12,0,65,136,2018,11,12,3,3,6,7,0,1,0,1,0,0,0,0,7.85527E+20,5.84007E+21,1.32201E+16,5.26353E+16
64714,12,0,73,429,2018,12,13,2,1,9,1,0,0,1,0,0,0,0,1,8.12772E+20,5.91529E+21,1.3694E+16,5.32943E+16
64715,12,0,72,477,2018,10,16,1,3,2,2,0,0,1,0,1,0,0,0,8.06633E+20,5.78458E+21,1.34803E+16,5.21265E+16
64716,14,6,25,280,2018,1,13,4,3,9,7,0,0,1,0,0,0,0,0,8.68159E+20,5.69656E+21,1.42826E+16,5.1301E+16
64717,12,0,72,240,2018,11,12,3,2,6,2,0,0,1,1,0,0,0,1,7.89844E+20,5.80354E+21,1.3252E+16,5.23055E+16
64718,12,0,69,616,2018,11,13,4,3,2,6,0,0,1,0,0,0,0,0,7.90263E+20,5.81076E+21,1.32644E+16,5.237E+16
64719,12,0,65,332,2018,12,18,3,3,5,3,2,1,1,0,0,0,0,0,7.82306E+20,5.84681E+21,1.31784E+16,5.26975E+16
64720,12,0,60,181,2018,10,18,3,2,5,3,2,1,1,0,0,0,0,1,8.07182E+20,5.84337E+21,1.35422E+16,5.26531E+16
64721,14,6,26,400,2018,1,0,2,3,6,6,2,1,0,1,0,0,0,1,9.05926E+20,5.65071E+21,1.47702E+16,5.08652E+16
64722,12,0,67,120,2018,12,9,6,2,2,6,0,0,1,0,0,0,0,1,8.84775E+20,5.79296E+21,1.46262E+16,5.21527E+16
64723,12,0,73,532,2018,10,18,6,3,2,6,2,0,1,0,0,0,0,0,8.51205E+20,5.89365E+21,1.42446E+16,5.30766E+16
64724,12,0,69,17,2018,10,16,2,3,5,3,0,1,1,0,0,0,0,0,7.70381E+20,5.79508E+21,1.29605E+16,5.22396E+16
64725,12,0,61,192,2018,11,11,3,3,5,2,0,1,1,0,0,0,0,0,8.18123E+20,5.78894E+21,1.36517E+16,5.21591E+16
64726,12,0,60,52,2018,11,20,7,3,4,2,2,0,1,0,1,0,0,0,8.20629E+20,5.86648E+21,1.37629E+16,5.28524E+16
64727,14,7,30,300,2018,1,18,2,1,9,1,2,0,1,0,0,0,0,0,7.43851E+20,5.70021E+21,1.25059E+16,5.14006E+16
64728,12,0,65,332,2018,11,6,2,2,2,6,2,0,1,0,0,1,0,0,7.83769E+20,5.84765E+21,1.32007E+16,5.27042E+16
64729,12,0,61,433,2018,11,12,1,3,8,1,0,0,1,0,0,0,0,0,8.01135E+20,5.81108E+21,1.34239E+16,5.23671E+16
64730,12,0,72,240,2018,11,15,6,3,5,3,0,0,1,0,0,0,0,0,7.87371E+20,5.80033E+21,1.32131E+16,5.22781E+16
64731,12,0,54,0,2018,12,16,6,3,6,4,2,0,1,1,0,0,0,0,7.75061E+20,5.81289E+21,1.30434E+16,5.2397E+16
64732,12,0,73,452,2018,12,17,5,3,2,6,2,0,1,0,0,0,0,0,8.23793E+20,5.91824E+21,1.38618E+16,5.33141E+16
64733,12,0,69,696,2018,10,7,6,2,3,6,1,1,0,0,0,1,0,0,7.26356E+20,5.79686E+21,1.23181E+16,5.22755E+16
64734,12,0,61,20,2018,10,4,2,3,8,7,2,0,1,0,0,0,0,0,8.13655E+20,5.79676E+21,1.35939E+16,5.22318E+16
64735,12,0,69,616,2018,10,11,4,3,2,6,0,0,1,0,0,0,0,0,7.91405E+20,5.81357E+21,1.32835E+16,5.23946E+16
64736,12,0,66,304,2018,10,14,2,2,4,6,0,1,0,0,0,0,0,0,8.46935E+20,5.72023E+21,1.40025E+16,5.15263E+16
64737,12,0,64,336,2018,11,13,7,2,5,3,0,0,1,0,1,0,0,0,8.19354E+20,5.82813E+21,1.37069E+16,5.25095E+16
64738,12,0,64,380,2018,12,9,2,3,2,2,0,0,1,0,0,0,0,1,8.26389E+20,5.83171E+21,1.38137E+16,5.25374E+16
64739,14,6,25,350,2018,1,12,6,2,5,3,0,0,1,0,0,0,0,0,8.61776E+20,5.68905E+21,1.41838E+16,5.12379E+16
64740,12,0,72,240,2018,11,10,5,3,2,6,0,0,1,0,0,1,0,0,7.92101E+20,5.80573E+21,1.32869E+16,5.2324E+16
64741,12,0,61,540,2018,11,7,4,3,0,7,0,1,0,0,0,0,0,1,8.16011E+20,5.80752E+21,1.36383E+16,5.23268E+16
64742,12,0,63,208,2018,12,7,4,2,9,1,0,0,1,0,0,0,0,1,7.62521E+20,5.8338E+21,1.2876E+16,5.25907E+16
64743,12,0,67,397,2018,12,5,3,2,4,6,2,0,1,0,0,1,0,1,8.62483E+20,5.79682E+21,1.43059E+16,5.22023E+16
64744,12,0,51,0,2018,10,7,4,3,2,6,2,0,1,0,0,0,0,1,7.39608E+20,5.81573E+21,1.25254E+16,5.24391E+16
64745,12,0,61,444,2018,10,15,2,3,6,4,0,0,1,1,0,0,0,0,8.11521E+20,5.81059E+21,1.35755E+16,5.23569E+16
64746,12,0,68,468,2018,10,14,3,3,5,2,0,0,1,0,1,0,0,0,7.33687E+20,5.89687E+21,1.24965E+16,5.31698E+16
64747,12,0,65,144,2018,11,11,5,3,4,2,0,1,1,0,0,0,0,1,7.92234E+20,5.84381E+21,1.33223E+16,5.26653E+16