OBJECTID_1,ULAND,UREGBEZ,UKREIS,UGEMEINDE,UJAHR,UMONAT,USTUNDE,UWOCHENTAG,UKATEGORIE,UART,UTYP1,ULICHTVERH,IstRad,IstPKW,IstFuss,IstKrad,IstGkfz,IstSonstig,STRZUSTAND,LINREFX,LINREFY,XGCSWGS84,YGCSWGS84
64932,14,5,21,50,2018,1,11,3,3,2,6,0,0,1,0,0,0,0,1,7.59205E+20,5.61142E+21,1.26628E+16,5.0597E+16
64933,12,0,64,380,2018,12,11,6,3,2,6,0,0,1,0,0,0,1,1,8.28554E+20,5.83322E+21,1.3847E+16,5.25497E+16
64934,12,0,62,140,2018,10,15,6,3,5,3,0,0,1,0,1,0,0,0,8.25588E+20,5.72997E+21,1.37048E+16,5.16263E+16
64935,12,0,60,68,2018,10,16,7,3,7,7,0,0,0,0,1,0,0,0,8.16451E+20,5.88415E+21,1.37183E+16,5.30131E+16
64936,12,0,69,616,2018,11,7,3,3,2,6,0,0,1,0,0,1,0,0,7.90359E+20,5.81043E+21,1.32655E+16,5.2367E+16
64937,12,0,73,532,2018,11,17,7,3,2,6,2,0,1,0,0,0,0,0,8.54232E+20,5.89194E+21,1.42877E+16,5.30593E+16
64938,12,0,62,282,2018,10,18,7,2,8,1,0,0,1,0,0,0,0,0,7.98705E+20,5.73501E+21,1.33219E+16,5.16864E+16
64939,14,5,24,330,2018,1,17,2,3,5,3,2,0,1,0,0,0,0,0,7.44323E+20,5.62428E+21,1.24614E+16,5.07188E+16
64940,12,0,67,544,2018,11,14,2,3,0,7,0,1,0,0,0,0,0,0,8.23232E+20,5.82101E+21,1.37569E+16,5.24435E+16
64941,12,0,65,225,2018,11,16,2,3,1,3,2,0,1,0,0,0,0,1,7.96442E+20,5.85155E+21,1.33913E+16,5.27324E+16
64942,12,0,67,124,2018,11,13,7,3,2,2,0,0,1,0,0,0,0,0,8.23045E+20,5.81891E+21,1.37521E+16,5.24247E+16
64943,12,0,69,616,2018,12,16,6,3,5,2,2,1,1,0,0,0,0,1,7.90349E+20,5.81415E+21,1.32686E+16,5.24004E+16
64944,12,0,62,461,2018,12,7,5,3,8,1,1,0,1,0,0,0,0,1,7.86866E+20,5.74996E+21,1.31634E+16,5.18267E+16
64945,12,0,72,477,2018,10,8,6,3,5,3,0,1,1,0,0,0,0,0,8.03254E+20,5.79487E+21,1.34403E+16,5.22206E+16
64946,12,0,69,616,2018,10,7,6,3,0,1,0,0,0,0,0,0,1,0,7.91244E+20,5.81365E+21,1.32812E+16,5.23954E+16
64947,12,0,72,240,2018,10,5,4,2,2,6,2,0,1,0,0,0,0,0,7.93187E+20,5.80395E+21,1.33013E+16,5.23074E+16
64948,12,0,60,181,2018,10,17,7,2,4,2,0,0,1,0,1,0,0,0,8.086E+20,5.8421E+21,1.35619E+16,5.26409E+16
64949,12,0,73,532,2018,11,18,7,3,3,6,2,0,1,0,0,0,0,0,8.45433E+20,5.90154E+21,1.41672E+16,5.31509E+16
64950,12,0,73,157,2018,12,10,2,3,8,1,0,0,1,0,0,0,0,1,8.26232E+20,5.89833E+21,1.38779E+16,5.31343E+16
64951,12,0,65,144,2018,12,8,4,3,9,1,0,0,1,0,0,0,0,2,7.85286E+20,5.84738E+21,1.32229E+16,5.2701E+16
64952,14,5,11,0,2018,1,13,7,3,8,1,0,0,1,0,0,0,0,0,7.64699E+20,5.63665E+21,1.27584E+16,5.08209E+16
64953,12,0,65,356,2018,11,14,6,3,6,2,0,0,1,1,0,0,0,0,7.90681E+20,5.87842E+21,1.33302E+16,5.29764E+16
64954,12,0,61,332,2018,11,17,4,2,8,1,2,0,0,0,1,0,0,0,8.088E+20,5.79903E+21,1.35251E+16,5.22548E+16
64955,12,0,65,256,2018,12,15,5,3,8,1,0,0,1,0,0,0,0,1,7.84771E+20,5.85299E+21,1.32202E+16,5.27516E+16
64956,12,0,60,269,2018,12,16,3,3,5,3,2,0,1,0,0,0,1,1,8.0009E+20,5.84586E+21,1.34399E+16,5.26793E+16
64957,12,0,63,357,2018,10,8,4,3,0,1,0,0,0,0,1,0,0,1,7.69835E+20,5.82834E+21,1.29793E+16,5.25382E+16
64958,12,0,63,208,2018,10,14,7,3,2,6,0,0,1,0,0,0,0,0,7.53402E+20,5.83728E+21,1.27444E+16,5.26262E+16
64959,14,5,21,150,2018,1,18,3,3,6,6,2,0,1,1,0,0,0,0,7.83996E+20,5.62153E+21,1.302E+16,5.06762E+16
64960,12,0,73,430,2018,11,16,2,2,8,7,0,0,1,0,0,0,0,0,8.27597E+20,5.90035E+21,1.39003E+16,5.31515E+16
64961,12,0,62,140,2018,11,7,2,2,6,2,1,0,1,1,0,0,0,1,8.25883E+20,5.73E+21,1.37091E+16,5.16264E+16
64962,12,0,72,53,2018,11,13,7,1,4,6,0,0,1,0,0,0,1,0,8.08198E+20,5.75466E+21,1.34762E+16,5.18574E+16
64963,12,0,67,528,2018,12,12,7,2,9,1,0,0,1,0,0,0,0,1,8.80837E+20,5.80075E+21,1.45777E+16,5.22251E+16
64964,12,0,60,52,2018,12,9,6,2,4,6,0,0,1,0,0,0,0,1,8.23075E+20,5.8629E+21,1.37955E+16,5.28188E+16
64965,12,0,73,85,2018,10,9,7,3,2,2,0,0,1,0,0,0,0,0,8.37664E+20,5.92817E+21,1.40798E+16,5.33944E+16
64966,12,0,60,52,2018,10,16,5,3,5,7,0,0,1,0,0,0,0,0,8.197E+20,5.86482E+21,1.37475E+16,5.2838E+16
64967,12,0,64,512,2018,10,14,7,3,5,2,0,1,1,0,0,0,0,0,8.46623E+20,5.85288E+21,1.4133E+16,5.27145E+16
64968,12,0,61,320,2018,11,17,7,3,2,6,2,0,1,0,0,0,0,0,8.33074E+20,5.7597E+21,1.38411E+16,5.18884E+16
64969,12,0,61,320,2018,12,0,2,3,8,7,2,0,0,0,0,1,0,1,8.31364E+20,5.76052E+21,1.38171E+16,5.18967E+16
64970,12,0,64,393,2018,12,13,4,2,9,1,0,0,1,0,0,0,0,0,8.3089E+20,5.84505E+21,1.38931E+16,5.26542E+16
64971,14,6,28,110,2018,1,7,7,3,5,3,2,0,1,0,0,0,0,1,8.26692E+20,5.66092E+21,1.36575E+16,5.10069E+16
64972,12,0,60,20,2018,11,17,6,3,5,3,2,0,1,0,0,0,0,1,8.08894E+20,5.84291E+21,1.3567E+16,5.2648E+16
64973,12,0,67,458,2018,11,17,5,2,7,7,2,0,1,0,0,0,0,0,8.82556E+20,5.79883E+21,1.46006E+16,5.22068E+16
64974,12,0,60,181,2018,12,6,5,3,5,3,2,0,1,0,0,0,1,1,8.08839E+20,5.84276E+21,1.35661E+16,5.26467E+16
64975,12,0,69,604,2018,12,2,3,2,8,6,2,0,1,0,0,0,0,1,7.83276E+20,5.81275E+21,1.31637E+16,5.23915E+16
64976,12,0,64,512,2018,10,11,5,3,1,5,0,0,1,0,0,0,0,0,8.4693E+20,5.85362E+21,1.41383E+16,5.27209E+16
64977,12,0,67,357,2018,10,9,7,2,9,7,0,0,1,0,0,0,0,0,8.89729E+20,5.77804E+21,1.46812E+16,5.20158E+16
64978,12,0,64,336,2018,10,15,3,2,8,1,0,0,1,0,0,0,0,0,8.18725E+20,5.83115E+21,1.37005E+16,5.2537E+16
64979,12,0,68,264,2018,10,19,7,3,5,2,2,0,1,0,0,0,0,0,7.29119E+20,5.87013E+21,1.24092E+16,5.29319E+16
64980,12,0,69,665,2018,11,0,5,3,9,1,2,0,1,0,0,0,0,0,7.30774E+20,5.77867E+21,1.23703E+16,5.21103E+16
64981,12,0,60,198,2018,12,10,7,3,9,1,0,0,0,0,0,0,1,1,8.14226E+20,5.86601E+21,1.36677E+16,5.28519E+16
64982,12,0,64,371,2018,11,13,5,3,8,1,0,0,0,0,1,0,0,0,8.48461E+20,5.85686E+21,1.41643E+16,5.2749E+16
64983,14,6,26,450,2018,1,17,4,3,6,6,2,0,1,1,0,0,0,1,9.04726E+20,5.67949E+21,1.47853E+16,5.11235E+16
64984,12,0,72,240,2018,12,18,7,3,7,7,2,0,1,0,0,0,0,1,7.9347E+20,5.80166E+21,1.33034E+16,5.22867E+16
64985,12,0,65,332,2018,10,5,3,3,4,6,2,1,0,0,0,0,0,1,7.83605E+20,5.84416E+21,1.31953E+16,5.2673E+16
64986,12,0,72,120,2018,10,9,1,3,3,6,0,0,1,0,1,0,0,0,7.96993E+20,5.81118E+21,1.33633E+16,5.23702E+16
64987,12,0,72,53,2018,10,5,6,3,8,7,1,0,1,0,0,0,0,0,8.1149E+20,5.75412E+21,1.35234E+16,5.18508E+16
64988,12,0,54,0,2018,11,16,2,3,6,4,0,0,1,1,0,0,0,0,7.78249E+20,5.81045E+21,1.30881E+16,5.23735E+16
64989,12,0,60,181,2018,12,13,2,3,2,6,0,0,1,0,0,0,0,2,8.06302E+20,5.84067E+21,1.35267E+16,5.26294E+16
64990,12,0,69,656,2018,10,15,1,3,2,6,0,0,1,0,0,0,0,0,7.6742E+20,5.80929E+21,1.29285E+16,5.23685E+16
64991,14,6,28,400,2018,1,0,4,2,8,1,2,0,1,0,0,0,0,1,8.13558E+20,5.65301E+21,1.34641E+16,5.09433E+16
64992,12,0,69,656,2018,11,23,3,3,8,1,2,0,1,0,0,0,0,1,7.64439E+20,5.81534E+21,1.28896E+16,5.24242E+16
64993,12,0,73,569,2018,11,5,4,3,4,6,2,0,1,0,0,1,0,1,8.16115E+20,5.89017E+21,1.37192E+16,5.30673E+16
64994,12,0,63,357,2018,12,6,2,1,7,7,2,0,1,0,0,0,0,1,7.68739E+20,5.82488E+21,1.29604E+16,5.25077E+16
64995,12,0,68,280,2018,10,17,3,3,6,4,2,0,1,1,0,0,0,1,7.67711E+20,5.8764E+21,1.29873E+16,5.29703E+16
64996,12,0,69,616,2018,10,9,6,2,3,6,0,1,0,0,0,1,0,0,7.88745E+20,5.81345E+21,1.32444E+16,5.2395E+16
64997,14,6,27,180,2018,1,15,2,3,2,6,0,0,1,0,0,0,0,0,7.98511E+20,5.66083E+21,1.32569E+16,5.10214E+16
64998,12,0,67,144,2018,12,12,6,3,5,3,0,1,1,0,0,0,0,1,8.44683E+20,5.81239E+21,1.40624E+16,5.23531E+16
64999,12,0,60,52,2018,10,6,6,3,5,3,2,1,1,0,0,0,0,0,8.26564E+20,5.864E+21,1.38482E+16,5.28265E+16
65000,12,0,63,148,2018,10,6,6,2,5,3,2,0,1,0,0,1,0,0,7.57681E+20,5.822E+21,1.27956E+16,5.24872E+16
65001,12,0,61,316,2018,11,18,3,3,5,3,2,1,1,0,0,0,0,1,8.35783E+20,5.76487E+21,1.38853E+16,5.1933E+16
65002,12,0,64,125,2018,11,3,7,3,8,1,2,0,1,0,0,0,0,1,8.35658E+20,5.86134E+21,1.398E+16,5.27971E+16
65003,14,6,27,240,2018,1,20,2,2,6,6,2,1,0,1,0,0,0,1,8.1285E+20,5.70246E+21,1.3497E+16,5.13869E+16
65004,12,0,65,144,2018,11,17,2,3,2,6,2,0,1,0,0,0,0,0,7.89345E+20,5.84425E+21,1.32801E+16,5.26708E+16
65005,12,0,52,0,2018,11,19,1,3,9,1,2,0,1,0,0,0,0,1,8.67596E+20,5.74894E+21,1.43292E+16,5.17704E+16
65006,12,0,69,397,2018,11,17,6,3,2,6,2,0,1,0,0,0,0,0,7.74428E+20,5.80183E+21,1.30251E+16,5.22981E+16
65007,12,0,69,249,2018,12,17,6,3,1,2,2,0,1,0,0,0,0,1,7.5853E+20,5.81238E+21,1.28006E+16,5.24005E+16
65008,12,0,64,336,2018,12,15,5,3,5,3,0,1,1,0,0,0,0,1,8.18441E+20,5.82989E+21,1.36951E+16,5.25258E+16
65009,12,0,61,433,2018,10,21,6,3,8,7,2,0,1,0,0,0,0,0,8.11428E+20,5.80831E+21,1.3572E+16,5.23365E+16
65010,12,0,69,454,2018,10,6,6,3,2,6,1,0,1,0,0,0,1,0,7.83163E+20,5.80715E+21,1.31573E+16,5.23414E+16
65011,12,0,51,0,2018,10,17,4,3,2,6,0,0,1,0,0,0,0,0,7.44526E+20,5.81203E+21,1.25949E+16,5.24038E+16
65012,12,0,69,590,2018,10,15,6,2,5,3,0,0,1,0,0,0,0,0,7.70624E+20,5.80595E+21,1.29728E+16,5.2337E+16
65013,12,0,64,472,2018,11,13,7,3,2,6,0,0,1,0,1,0,0,0,8.29817E+20,5.83402E+21,1.38663E+16,5.25561E+16
65014,12,0,64,472,2018,12,9,2,2,4,1,0,0,1,0,0,0,1,1,8.29846E+20,5.83269E+21,1.38654E+16,5.25441E+16
65015,14,6,25,270,2018,1,20,6,2,4,2,2,0,1,0,0,0,0,0,8.41957E+20,5.69031E+21,1.39022E+16,5.12614E+16
65016,12,0,61,260,2018,11,20,4,3,0,7,2,1,0,0,0,0,0,0,8.15781E+20,5.80519E+21,1.36328E+16,5.23061E+16
65017,12,0,71,76,2018,12,15,4,3,5,3,0,0,1,0,1,0,0,1,8.87605E+20,5.744E+21,1.46123E+16,5.17126E+16
65018,12,0,67,144,2018,12,12,3,3,2,6,0,0,1,0,0,0,0,1,8.44679E+20,5.81238E+21,1.40624E+16,5.23531E+16
65019,12,0,73,8,2018,10,9,4,3,8,1,0,0,1,0,0,0,0,1,8.24913E+20,5.89474E+21,1.38546E+16,5.3103E+16
65020,12,0,54,0,2018,10,18,6,3,2,6,0,0,1,0,1,0,0,0,7.73581E+20,5.81491E+21,1.30234E+16,5.24159E+16
65021,12,0,65,165,2018,11,12,4,3,4,7,0,0,1,0,0,0,0,0,7.78799E+20,5.85786E+21,1.31361E+16,5.27983E+16
65022,12,0,72,17,2018,10,6,2,3,5,2,1,1,1,0,0,0,0,0,8.00709E+20,5.81198E+21,1.34185E+16,5.23754E+16
65023,12,0,68,320,2018,11,19,5,2,6,4,2,0,1,1,0,0,0,0,7.55257E+20,5.87053E+21,1.27976E+16,5.29236E+16
65024,12,0,61,444,2018,11,15,6,3,1,5,0,0,1,0,0,0,0,1,8.13493E+20,5.81173E+21,1.36054E+16,5.2366E+16
65025,12,0,51,0,2018,12,12,6,3,5,2,0,0,1,0,0,0,0,1,7.44247E+20,5.81179E+21,1.25907E+16,5.24017E+16
65026,12,0,72,477,2018,10,9,3,3,5,2,0,0,1,0,0,1,0,0,8.07642E+20,5.79588E+21,1.35053E+16,5.22272E+16
65027,14,5,22,180,2018,1,14,4,3,2,6,0,0,1,0,0,0,0,1,8.05635E+20,5.64959E+21,1.33487E+16,5.09168E+16
65028,12,0,67,438,2018,12,14,7,2,8,1,0,0,1,0,0,0,0,1,8.77296E+20,5.78913E+21,1.45132E+16,5.21236E+16
65029,12,0,53,0,2018,10,14,2,2,4,2,0,0,1,0,0,0,0,0,8.77255E+20,5.81311E+21,1.45393E+16,5.23382E+16
65030,12,0,65,256,2018,10,14,1,2,2,6,0,0,1,0,1,0,0,0,7.82051E+20,5.84924E+21,1.31768E+16,5.27193E+16
65031,12,0,54,0,2018,10,9,6,3,2,6,0,0,1,0,0,0,0,0,7.74927E+20,5.81888E+21,1.30464E+16,5.24508E+16
65032,12,0,66,41,2018,11,22,5,2,8,7,2,0,1,0,0,0,0,1,8.38725E+20,5.73693E+21,1.39007E+16,5.1681E+16
65033,12,0,63,80,2018,11,16,1,2,4,2,2,0,1,0,1,0,0,1,7.76712E+20,5.83279E+21,1.30841E+16,5.25746E+16
65034,12,0,68,353,2018,12,16,1,3,7,4,2,0,1,0,0,0,1,0,7.58811E+20,5.88952E+21,1.28656E+16,5.30923E+16
65035,12,0,60,198,2018,10,14,1,2,5,3,0,0,1,0,1,0,0,0,8.12931E+20,5.86638E+21,1.36489E+16,5.2856E+16
65036,14,7,29,150,2018,1,7,3,3,3,6,1,1,0,0,0,0,1,0,7.59293E+20,5.66263E+21,1.27003E+16,5.10565E+16
65037,12,0,62,128,2018,10,11,6,3,5,3,0,1,1,0,0,0,0,0,7.93445E+20,5.72354E+21,1.32364E+16,5.15863E+16
65038,12,0,67,24,2018,10,13,3,3,2,6,0,0,1,0,0,0,0,0,8.4523E+20,5.80557E+21,1.40634E+16,5.22918E+16
65039,12,0,64,227,2018,11,14,5,3,5,3,0,1,1,0,0,0,0,0,8.14049E+20,5.83057E+21,1.36313E+16,5.25345E+16
65040,12,0,72,17,2018,11,22,6,2,5,2,2,0,1,0,1,0,0,1,8.0038E+20,5.81106E+21,1.34128E+16,5.23673E+16
65041,12,0,60,269,2018,12,23,7,3,5,3,2,0,1,0,0,0,0,1,8.06661E+20,5.85885E+21,1.3549E+16,5.27921E+16
65042,12,0,62,24,2018,10,17,4,1,5,3,1,0,1,0,1,0,0,0,8.04706E+20,5.71499E+21,1.33911E+16,5.15038E+16
65043,14,6,12,0,2018,1,7,4,2,6,4,2,0,0,1,0,0,1,1,8.42348E+20,5.66818E+21,1.38867E+16,5.10628E+16
65044,12,0,61,112,2018,12,17,7,3,8,7,2,0,1,0,0,0,1,1,8.14324E+20,5.81191E+21,1.36177E+16,5.23671E+16
65045,12,0,69,304,2018,10,17,2,3,2,6,0,0,1,0,0,0,0,1,7.84685E+20,5.81385E+21,1.31853E+16,5.24007E+16
65046,12,0,66,120,2018,10,11,1,3,2,6,0,0,1,0,0,0,0,0,8.42921E+20,5.70803E+21,1.3933E+16,5.14195E+16
65047,12,0,71,372,2018,10,23,6,3,7,7,2,0,1,0,0,0,0,0,8.71097E+20,5.73284E+21,1.43626E+16,5.16239E+16
65048,12,0,60,269,2018,11,17,2,2,2,6,2,0,1,0,0,0,1,0,8.01055E+20,5.85286E+21,1.34606E+16,5.27416E+16
65049,12,0,71,244,2018,12,19,1,2,2,6,2,0,1,0,0,0,1,0,8.56405E+20,5.74461E+21,1.41632E+16,5.17387E+16
65050,12,0,61,192,2018,10,23,1,3,2,6,2,0,1,0,0,1,0,0,8.15843E+20,5.79132E+21,1.36207E+16,5.21817E+16
65051,14,5,23,10,2018,1,16,3,3,2,6,0,0,1,0,0,0,1,0,7.31765E+20,5.58007E+21,1.22564E+16,5.03271E+16
65052,12,0,73,532,2018,11,7,3,3,4,2,1,0,1,0,0,0,0,1,8.5413E+20,5.89205E+21,1.42863E+16,5.30603E+16
65053,12,0,63,148,2018,11,6,3,3,5,3,2,0,1,0,1,0,0,0,7.59444E+20,5.82656E+21,1.2825E+16,5.25272E+16
65054,12,0,68,353,2018,11,17,2,3,2,6,2,0,1,0,1,0,0,1,7.60933E+20,5.89007E+21,1.28976E+16,5.30962E+16
65055,12,0,60,52,2018,12,11,2,3,5,3,0,0,1,0,0,0,0,1,8.20537E+20,5.86663E+21,1.37617E+16,5.28538E+16
65056,12,0,63,80,2018,10,17,2,2,0,3,2,0,1,0,1,0,0,1,7.78052E+20,5.83202E+21,1.31032E+16,5.2567E+16
65057,12,0,69,656,2018,10,11,6,3,5,2,0,0,1,0,0,0,0,0,7.66558E+20,5.80952E+21,1.2916E+16,5.2371E+16
65058,12,0,67,120,2018,12,22,2,3,8,7,2,1,0,0,0,0,0,1,8.86103E+20,5.78968E+21,1.46418E+16,5.21225E+16
65059,12,0,54,0,2018,12,8,5,3,4,6,0,1,0,0,0,0,0,0,7.76574E+20,5.81223E+21,1.3065E+16,5.23903E+16
65060,12,0,65,225,2018,10,13,6,3,5,2,0,1,1,0,0,0,0,0,7.92266E+20,5.84128E+21,1.33205E+16,5.26426E+16
65061,12,0,60,269,2018,10,17,6,3,3,2,0,1,1,0,0,0,0,0,8.01776E+20,5.85446E+21,1.34727E+16,5.27555E+16
65062,12,0,69,17,2018,11,15,2,3,7,7,0,0,1,0,0,0,0,1,7.67035E+20,5.7933E+21,1.29102E+16,5.22253E+16
65063,12,0,69,656,2018,12,13,3,3,2,6,0,0,1,0,0,0,0,0,7.65425E+20,5.81398E+21,1.2903E+16,5.24116E+16
65064,12,0,54,0,2018,11,15,6,3,5,3,0,0,1,0,0,0,0,0,7.78252E+20,5.81044E+21,1.30881E+16,5.23734E+16
65065,14,6,12,0,2018,1,17,2,3,5,2,2,1,1,0,0,0,0,0,8.32901E+20,5.66879E+21,1.37529E+16,5.10738E+16
65066,12,0,61,332,2018,11,15,7,3,8,6,1,0,1,0,0,0,0,1,8.1109E+20,5.80289E+21,1.3562E+16,5.22881E+16
65067,12,0,73,8,2018,11,9,6,2,4,6,0,0,1,0,0,0,0,1,8.37374E+20,5.88319E+21,1.4028E+16,5.29918E+16
65068,12,0,62,124,2018,12,7,6,3,0,7,2,0,1,0,0,0,1,1,8.14575E+20,5.70978E+21,1.35282E+16,5.14516E+16
65069,12,0,65,256,2018,12,11,5,3,5,3,0,0,1,0,0,0,0,0,7.89226E+20,5.85473E+21,1.32875E+16,5.27648E+16
65070,12,0,67,458,2018,10,13,6,3,9,1,0,0,1,0,0,0,0,0,8.78223E+20,5.79628E+21,1.45346E+16,5.2187E+16
65071,12,0,60,20,2018,10,16,6,3,5,2,0,1,0,0,1,0,0,0,8.09768E+20,5.84662E+21,1.35834E+16,5.26807E+16
65072,12,0,71,244,2018,10,10,4,2,5,3,0,0,1,0,0,1,0,0,8.56283E+20,5.74675E+21,1.41637E+16,5.1758E+16
65073,12,0,64,336,2018,10,19,6,3,5,2,1,0,1,0,1,0,0,0,8.18676E+20,5.82972E+21,1.36984E+16,5.25242E+16
65074,12,0,69,616,2018,11,10,6,2,6,4,0,0,1,1,0,0,0,0,7.88387E+20,5.81345E+21,1.32392E+16,5.23951E+16
65075,12,0,68,181,2018,12,7,2,2,2,6,0,0,0,0,0,0,1,1,7.30867E+20,5.89786E+21,1.24551E+16,5.31799E+16
65076,14,5,23,10,2018,1,15,5,3,1,6,0,0,1,0,0,0,0,1,7.33152E+20,5.57903E+21,1.22752E+16,5.03172E+16
65077,12,0,60,24,2018,11,15,4,3,2,2,0,0,1,0,0,0,0,0,8.13301E+20,5.8563E+21,1.36447E+16,5.27655E+16
65078,12,0,64,380,2018,12,7,4,3,8,1,2,0,1,0,0,0,0,2,8.26216E+20,5.8318E+21,1.38112E+16,5.25383E+16
65079,12,0,69,616,2018,12,17,2,3,2,6,2,0,1,0,0,0,0,1,7.89267E+20,5.80961E+21,1.32488E+16,5.23603E+16
65080,12,0,64,227,2018,10,15,4,3,2,6,0,0,1,0,0,0,0,0,8.15072E+20,5.83164E+21,1.36473E+16,5.25435E+16
65081,12,0,64,428,2018,10,7,6,3,8,1,1,0,0,0,0,0,1,0,8.24001E+20,5.82383E+21,1.37709E+16,5.24683E+16
65082,12,0,54,0,2018,11,15,3,3,0,1,0,1,0,0,0,0,0,0,7.75727E+20,5.81548E+21,1.30553E+16,5.24199E+16
65083,12,0,52,0,2018,12,16,3,3,2,6,2,0,1,0,0,0,0,0,8.68512E+20,5.74771E+21,1.43411E+16,5.17587E+16
65084,12,0,61,260,2018,10,14,2,3,7,2,0,1,1,0,0,0,0,0,8.15253E+20,5.80441E+21,1.36243E+16,5.22993E+16
65085,12,0,63,80,2018,11,13,4,3,8,1,0,0,0,0,1,0,0,1,7.78054E+20,5.83203E+21,1.31032E+16,5.25671E+16
65086,12,0,68,320,2018,11,15,6,3,2,6,0,0,1,0,0,0,0,1,7.55029E+20,5.87033E+21,1.27941E+16,5.29219E+16
65087,12,0,61,433,2018,12,6,5,3,8,7,1,0,1,0,0,0,0,0,8.02347E+20,5.81171E+21,1.34422E+16,5.2372E+16
65088,12,0,69,656,2018,10,17,3,3,5,2,1,1,1,0,0,0,0,1,7.66852E+20,5.80948E+21,1.29203E+16,5.23704E+16
65089,14,5,22,140,2018,1,5,4,3,4,1,2,0,1,0,0,0,0,1,7.87033E+20,5.64059E+21,1.30777E+16,5.08456E+16
65090,12,0,72,14,2018,12,16,6,3,7,7,2,0,1,0,0,0,0,1,8.06586E+20,5.7739E+21,1.34701E+16,5.20308E+16
65091,12,0,71,372,2018,10,18,7,2,5,2,2,1,0,0,0,0,0,0,8.72667E+20,5.72686E+21,1.43788E+16,5.15693E+16
65092,12,0,67,336,2018,10,14,6,3,3,6,0,0,1,0,0,0,1,0,8.68215E+20,5.80225E+21,1.43954E+16,5.22471E+16
65093,12,0,72,240,2018,11,16,4,3,0,6,0,1,0,1,0,0,0,0,7.89885E+20,5.8035E+21,1.32526E+16,5.23052E+16
65094,12,0,64,472,2018,11,5,1,3,0,7,2,0,1,0,0,0,0,0,8.31273E+20,5.837E+21,1.38907E+16,5.25818E+16
65095,12,0,71,76,2018,12,16,7,3,2,6,2,0,1,0,0,0,0,1,8.89459E+20,5.74732E+21,1.46427E+16,5.17411E+16
65096,12,0,64,472,2018,10,17,1,3,2,2,0,0,1,0,0,0,0,0,8.29771E+20,5.83431E+21,1.38659E+16,5.25587E+16
65097,14,6,25,320,2018,1,17,3,3,5,3,1,0,1,0,0,0,0,0,8.47828E+20,5.67912E+21,1.39752E+16,5.11576E+16
65098,12,0,72,120,2018,11,17,2,3,2,6,2,0,1,0,0,0,0,0,7.94142E+20,5.81226E+21,1.33225E+16,5.23815E+16
65099,12,0,67,440,2018,11,6,3,3,2,6,2,0,1,0,0,0,0,0,8.19371E+20,5.82716E+21,1.37062E+16,5.25008E+16
65100,12,0,67,173,2018,11,2,1,3,9,1,2,0,1,0,0,0,0,1,8.21078E+20,5.81535E+21,1.37199E+16,5.2394E+16
65101,12,0,61,448,2018,12,17,7,2,2,6,2,0,1,0,0,0,0,1,8.18015E+20,5.78617E+21,1.36476E+16,5.21343E+16
65102,12,0,69,20,2018,12,13,6,2,5,3,0,1,1,0,0,0,0,0,7.45699E+20,5.78315E+21,1.25911E+16,5.21441E+16
65103,12,0,70,244,2018,10,3,2,3,9,1,2,0,1,0,0,0,0,0,6.66905E+20,5.88711E+21,1.14934E+16,5.31073E+16
65104,12,0,54,0,2018,10,16,6,3,2,6,0,0,1,0,0,0,1,0,7.7459E+20,5.81242E+21,1.30361E+16,5.2393E+16
65105,12,0,67,124,2018,12,18,5,3,5,3,2,0,1,0,0,0,0,0,8.2322E+20,5.81836E+21,1.37542E+16,5.24197E+16
65106,12,0,61,433,2018,10,15,5,3,5,3,0,0,1,0,0,0,0,0,8.0674E+20,5.81382E+21,1.35085E+16,5.23885E+16
65107,12,0,68,468,2018,10,10,6,2,2,6,0,0,0,0,0,1,1,0,7.30965E+20,5.89895E+21,1.24573E+16,5.31897E+16
65108,12,0,67,473,2018,11,14,2,3,9,1,0,0,1,0,0,0,0,1,8.42933E+20,5.82048E+21,1.40451E+16,5.24267E+16
65109,12,0,69,448,2018,12,17,2,2,1,6,2,0,0,0,0,1,0,1,7.51083E+20,5.77595E+21,1.26643E+16,5.20771E+16
65110,12,0,64,393,2018,11,12,6,3,2,2,0,0,1,0,0,0,0,0,8.37636E+20,5.84369E+21,1.39911E+16,5.26379E+16
65111,12,0,73,572,2018,12,9,4,3,8,7,0,0,1,0,0,0,0,2,7.97815E+20,5.89355E+21,1.34501E+16,5.3108E+16
65112,14,6,28,300,2018,1,17,1,2,8,1,2,0,0,0,0,0,1,1,8.25146E+20,5.65629E+21,1.36314E+16,5.09663E+16
65113,12,0,69,696,2018,11,16,6,3,2,6,1,0,1,0,0,0,1,0,7.25864E+20,5.79418E+21,1.23091E+16,5.22515E+16
65114,12,0,54,0,2018,11,10,5,3,2,6,0,0,1,0,0,0,0,0,7.80106E+20,5.81058E+21,1.31154E+16,5.23738E+16