OBJECTID_1,ULAND,UREGBEZ,UKREIS,UGEMEINDE,UJAHR,UMONAT,USTUNDE,UWOCHENTAG,UKATEGORIE,UART,UTYP1,ULICHTVERH,IstRad,IstPKW,IstFuss,IstKrad,IstGkfz,IstSonstig,STRZUSTAND,LINREFX,LINREFY,XGCSWGS84,YGCSWGS84
65115,12,0,63,148,2018,12,19,5,3,5,3,2,1,1,0,0,0,0,1,7.61443E+20,5.82167E+21,1.28506E+16,5.24824E+16
65116,12,0,64,125,2018,12,8,4,3,7,7,0,0,0,0,1,0,0,1,8.36348E+20,5.85715E+21,1.39859E+16,5.27592E+16
65117,12,0,63,80,2018,10,1,5,2,9,1,2,0,1,0,0,0,0,1,7.76385E+20,5.83305E+21,1.30795E+16,5.25771E+16
65118,12,0,65,36,2018,10,12,6,3,5,3,0,1,1,0,0,0,0,0,7.89424E+20,5.84626E+21,1.3283E+16,5.26887E+16
65119,12,0,67,124,2018,11,19,3,2,5,3,2,1,1,0,0,0,0,1,8.23018E+20,5.81958E+21,1.37524E+16,5.24308E+16
65120,12,0,62,140,2018,11,16,3,3,5,3,2,0,1,0,0,0,0,0,8.26118E+20,5.73012E+21,1.37126E+16,5.16274E+16
65121,12,0,63,56,2018,11,15,1,2,8,1,0,0,1,0,0,0,0,1,7.78959E+20,5.82785E+21,1.3113E+16,5.25292E+16
65122,12,0,69,397,2018,12,14,7,3,2,6,0,0,1,0,0,0,0,1,7.72881E+20,5.80233E+21,1.30029E+16,5.23034E+16
65123,12,0,60,5,2018,10,18,2,3,4,2,2,0,1,0,0,0,0,0,8.11342E+20,5.83471E+21,1.35954E+16,5.25731E+16
65124,12,0,54,0,2018,10,11,6,2,5,3,0,1,0,0,0,0,1,0,7.75065E+20,5.81289E+21,1.30435E+16,5.2397E+16
65125,12,0,64,371,2018,12,15,1,2,7,7,0,0,1,0,0,0,0,0,8.4549E+20,5.861E+21,1.41249E+16,5.27879E+16
65126,12,0,61,433,2018,12,9,5,2,5,3,0,1,1,0,0,0,0,0,8.07335E+20,5.81477E+21,1.3518E+16,5.23967E+16
65127,12,0,69,304,2018,10,8,5,3,2,6,0,0,1,0,0,0,0,0,7.84703E+20,5.81389E+21,1.31856E+16,5.24011E+16
65128,12,0,68,468,2018,10,17,6,3,3,6,0,1,1,0,0,0,0,0,7.33523E+20,5.89643E+21,1.24937E+16,5.31659E+16
65129,12,0,71,372,2018,11,14,2,3,5,3,0,0,1,0,1,0,0,0,8.7267E+20,5.72686E+21,1.43789E+16,5.15693E+16
65130,12,0,67,124,2018,12,14,3,2,9,1,0,0,0,0,1,0,0,1,8.25402E+20,5.81874E+21,1.37865E+16,5.24218E+16
65131,12,0,60,52,2018,11,7,6,2,0,1,0,0,0,0,1,0,0,0,8.24573E+20,5.86485E+21,1.38196E+16,5.28354E+16
65132,12,0,69,448,2018,12,15,4,3,8,6,1,0,1,0,0,0,0,2,7.48991E+20,5.77592E+21,1.26338E+16,5.20778E+16
65133,14,5,11,0,2018,1,15,2,2,2,6,0,0,1,0,0,0,1,0,7.78513E+20,5.64232E+21,1.29583E+16,5.08653E+16
65134,12,0,62,128,2018,11,2,7,2,9,1,2,0,1,0,0,0,0,2,7.95832E+20,5.72001E+21,1.32678E+16,5.15534E+16
65135,12,0,65,36,2018,11,16,6,3,2,6,1,0,1,0,1,0,0,0,7.89278E+20,5.8463E+21,1.32809E+16,5.26892E+16
65136,12,0,68,181,2018,12,16,6,3,2,6,2,0,1,0,0,0,0,1,7.2367E+20,5.89647E+21,1.23466E+16,5.31705E+16
65137,12,0,61,540,2018,12,16,4,3,2,6,2,0,1,0,0,0,0,1,8.13623E+20,5.80599E+21,1.36019E+16,5.23145E+16
65138,12,0,68,117,2018,10,14,6,2,8,1,0,0,1,0,0,0,0,0,7.56342E+20,5.84834E+21,1.27963E+16,5.27241E+16
65139,12,0,68,477,2018,10,13,6,2,2,6,0,0,1,0,0,0,0,0,7.35696E+20,5.86331E+21,1.2502E+16,5.28678E+16
65140,12,0,64,44,2018,10,15,4,3,6,4,0,0,1,1,0,0,0,0,8.39825E+20,5.85989E+21,1.404E+16,5.27816E+16
65141,12,0,63,208,2018,10,11,5,3,5,3,0,1,1,0,0,0,0,0,7.62712E+20,5.83515E+21,1.28799E+16,5.26027E+16
65142,12,0,60,181,2018,11,17,6,3,5,3,2,0,1,0,0,0,0,0,8.08598E+20,5.8421E+21,1.35619E+16,5.26409E+16
65143,12,0,54,0,2018,12,11,1,3,5,3,0,0,1,0,0,0,0,0,7.73338E+20,5.81503E+21,1.30199E+16,5.24171E+16
65144,12,0,72,53,2018,11,15,5,3,5,7,0,1,1,0,0,0,0,0,8.04799E+20,5.75579E+21,1.3428E+16,5.18695E+16
65145,14,7,29,320,2018,1,20,5,3,8,1,2,0,1,0,0,0,0,1,7.39683E+20,5.66835E+21,1.24248E+16,5.11164E+16
65146,12,0,67,426,2018,11,9,4,2,2,2,0,0,1,0,0,0,1,0,8.49574E+20,5.80743E+21,1.41288E+16,5.23057E+16
65147,12,0,65,332,2018,12,15,4,3,3,6,2,0,1,0,0,0,1,1,7.84458E+20,5.84398E+21,1.32078E+16,5.2671E+16
65148,12,0,73,578,2018,12,5,2,3,9,1,2,0,1,0,0,0,0,1,8.29553E+20,5.91028E+21,1.39397E+16,5.32393E+16
65149,12,0,54,0,2018,10,16,3,3,0,1,1,1,0,0,0,0,0,1,7.76647E+20,5.81215E+21,1.3066E+16,5.23896E+16
65150,12,0,54,0,2018,10,7,5,3,5,2,1,1,1,0,0,0,0,1,7.75372E+20,5.81728E+21,1.30516E+16,5.24362E+16
65151,12,0,61,217,2018,11,16,3,3,2,7,2,0,1,0,0,0,1,0,8.23553E+20,5.80326E+21,1.37445E+16,5.22843E+16
65152,12,0,65,136,2018,12,6,3,3,2,6,2,0,1,0,0,1,0,1,7.84476E+20,5.83848E+21,1.32033E+16,5.26216E+16
65153,12,0,64,336,2018,10,10,2,3,0,2,0,0,1,0,1,0,0,0,8.18674E+20,5.82972E+21,1.36984E+16,5.25242E+16
65154,12,0,71,414,2018,11,9,4,2,4,6,0,0,1,0,0,0,0,0,8.81834E+20,5.74509E+21,1.45303E+16,5.17264E+16
65155,12,0,62,410,2018,11,14,5,2,6,4,0,0,1,1,0,0,0,0,8.12316E+20,5.70719E+21,1.34935E+16,5.14296E+16
65156,12,0,69,28,2018,12,5,4,2,9,7,2,0,1,0,0,0,0,1,7.2421E+20,5.81188E+21,1.22967E+16,5.24111E+16
65157,12,0,61,112,2018,10,8,3,3,2,6,0,0,1,0,0,0,1,1,8.14087E+20,5.81195E+21,1.36143E+16,5.23676E+16
65158,12,0,69,648,2018,10,17,6,3,3,6,0,0,1,0,0,0,0,0,7.36835E+20,5.80103E+21,1.24743E+16,5.23084E+16
65159,14,6,27,80,2018,1,9,3,3,8,1,0,0,1,0,0,0,0,1,8.09398E+20,5.6748E+21,1.34236E+16,5.11408E+16
65160,12,0,61,217,2018,12,14,6,2,9,7,0,0,1,0,0,0,0,1,8.20256E+20,5.79837E+21,1.36917E+16,5.22423E+16
65161,12,0,72,240,2018,10,11,6,3,2,6,0,0,1,0,0,0,0,0,7.92288E+20,5.80396E+21,1.32881E+16,5.23081E+16
65162,12,0,69,474,2018,10,13,5,2,5,3,0,0,1,0,0,0,1,0,7.52656E+20,5.7783E+21,1.2689E+16,5.20975E+16
65163,12,0,69,345,2018,11,12,4,3,5,3,0,0,1,0,0,0,0,0,7.64041E+20,5.79103E+21,1.28647E+16,5.22064E+16
65164,12,0,69,304,2018,11,16,7,3,2,6,0,0,1,0,0,0,1,0,7.8479E+20,5.81397E+21,1.31869E+16,5.24017E+16
65165,12,0,72,169,2018,10,21,7,2,9,1,2,0,1,0,0,0,0,0,7.7855E+20,5.7682E+21,1.30578E+16,5.19944E+16
65166,14,6,12,0,2018,1,9,3,3,6,4,0,0,1,1,0,0,0,0,8.35247E+20,5.67471E+21,1.37918E+16,5.11256E+16
65167,12,0,66,196,2018,11,7,2,3,5,3,0,0,1,0,0,0,0,0,8.41705E+20,5.75675E+21,1.39631E+16,5.18566E+16
65168,12,0,66,176,2018,11,15,2,2,4,2,0,1,1,0,0,0,0,0,8.32304E+20,5.71601E+21,1.37883E+16,5.14973E+16
65169,12,0,68,306,2018,11,12,1,2,8,1,0,0,1,0,0,0,0,1,7.44943E+20,5.86854E+21,1.2643E+16,5.29106E+16
65170,12,0,73,572,2018,12,9,7,3,5,2,0,1,1,0,0,0,0,1,8.00988E+20,5.89477E+21,1.34985E+16,5.31173E+16
65171,12,0,62,224,2018,12,18,6,3,1,6,2,0,1,0,0,0,0,1,7.91244E+20,5.73429E+21,1.32137E+16,5.16839E+16
65172,12,0,72,120,2018,10,17,7,3,0,7,0,0,0,0,1,0,1,1,7.94044E+20,5.81137E+21,1.33203E+16,5.23735E+16
65173,12,0,66,304,2018,10,15,6,3,2,6,0,0,1,0,0,0,1,0,8.48492E+20,5.71903E+21,1.40236E+16,5.15146E+16
65174,12,0,72,120,2018,12,9,4,3,9,1,0,0,1,0,0,0,1,1,7.95571E+20,5.81373E+21,1.33447E+16,5.23939E+16
65175,12,0,64,340,2018,10,9,7,3,2,2,0,0,1,0,0,0,0,0,8.52253E+20,5.84199E+21,1.42044E+16,5.26134E+16
65176,12,0,71,414,2018,10,15,5,2,2,6,0,0,1,0,0,0,0,0,8.82056E+20,5.74507E+21,1.45335E+16,5.1726E+16
65177,12,0,69,17,2018,10,10,5,3,2,7,0,0,1,0,0,1,1,0,7.70545E+20,5.79492E+21,1.29627E+16,5.22381E+16
65178,12,0,60,149,2018,11,2,1,3,8,1,2,0,1,0,0,0,0,0,8.4144E+20,5.87668E+21,1.40815E+16,5.29309E+16
65179,12,0,54,0,2018,12,9,2,3,5,2,0,1,1,0,0,0,0,1,7.76865E+20,5.81362E+21,1.30704E+16,5.24026E+16
65180,12,0,68,117,2018,11,10,6,3,5,3,0,0,1,0,0,0,0,0,7.55585E+20,5.85718E+21,1.2792E+16,5.28037E+16
65181,12,0,60,100,2018,12,6,4,3,9,1,2,0,1,0,0,0,0,2,8.18913E+20,5.87912E+21,1.37499E+16,5.29666E+16
65182,14,6,25,280,2018,1,14,7,3,5,3,0,1,1,0,0,0,0,0,8.71274E+20,5.6977E+21,1.43283E+16,5.13092E+16
65183,12,0,69,656,2018,11,12,6,3,5,3,0,0,1,0,0,0,0,1,7.67902E+20,5.80982E+21,1.2936E+16,5.2373E+16
65184,12,0,64,227,2018,11,8,5,2,4,2,0,1,1,0,0,0,0,0,8.14764E+20,5.83047E+21,1.36417E+16,5.25332E+16
65185,12,0,60,52,2018,12,16,5,3,6,4,2,0,1,1,0,0,0,1,8.24635E+20,5.86477E+21,1.38205E+16,5.28346E+16
65186,12,0,65,332,2018,12,16,4,3,5,2,2,0,1,0,0,0,0,1,7.82673E+20,5.84551E+21,1.31827E+16,5.26856E+16
65187,12,0,60,198,2018,10,10,5,3,5,3,0,0,1,0,0,0,0,1,8.04999E+20,5.87211E+21,1.35368E+16,5.29119E+16
65188,12,0,69,249,2018,10,10,5,3,4,1,0,0,1,0,0,0,0,0,7.49888E+20,5.81282E+21,1.26742E+16,5.24084E+16
65189,12,0,66,320,2018,10,7,3,3,7,7,1,0,1,0,0,0,0,0,8.48768E+20,5.7522E+21,1.40607E+16,5.18116E+16
65190,12,0,71,301,2018,10,15,5,3,4,1,0,0,1,0,0,0,0,0,8.71685E+20,5.73909E+21,1.43777E+16,5.16794E+16
65191,12,0,69,648,2018,11,5,5,3,2,6,2,0,1,0,0,0,0,1,7.35981E+20,5.79895E+21,1.24604E+16,5.22901E+16
65192,12,0,61,260,2018,12,15,7,3,2,6,0,0,1,0,0,0,0,1,8.13819E+20,5.80378E+21,1.36028E+16,5.22945E+16
65193,12,0,60,269,2018,11,10,5,3,8,6,0,0,0,0,0,1,1,1,8.0505E+20,5.85529E+21,1.35218E+16,5.27611E+16
65194,14,6,26,280,2018,1,8,4,3,4,1,0,0,1,0,0,1,0,2,8.98186E+20,5.65786E+21,1.46686E+16,5.09345E+16
65195,12,0,60,52,2018,12,4,1,1,6,7,2,0,1,1,0,0,0,1,8.22006E+20,5.86496E+21,1.37818E+16,5.28379E+16
65196,12,0,67,336,2018,10,14,3,3,8,6,0,1,1,0,0,0,0,0,8.69485E+20,5.80167E+21,1.44132E+16,5.22411E+16
65197,12,0,73,532,2018,10,4,5,3,2,6,2,0,1,0,0,0,1,0,8.55864E+20,5.88965E+21,1.43094E+16,5.30377E+16
65198,12,0,68,117,2018,11,16,3,3,8,1,0,0,1,0,0,0,0,0,7.55764E+20,5.85706E+21,1.27946E+16,5.28026E+16
65199,12,0,64,428,2018,12,6,2,2,8,7,2,0,1,0,0,0,0,1,8.25755E+20,5.81997E+21,1.37929E+16,5.24327E+16
65200,12,0,72,240,2018,10,15,1,2,5,3,0,0,1,0,1,0,0,0,7.8654E+20,5.80078E+21,1.32013E+16,5.22825E+16
65201,14,6,26,600,2018,1,16,4,2,3,2,0,1,1,0,0,0,0,1,8.9135E+20,5.72095E+21,1.46405E+16,5.15038E+16
65202,12,0,72,17,2018,11,16,3,3,6,4,2,0,1,1,0,0,0,1,8.02154E+20,5.80855E+21,1.34365E+16,5.23438E+16
65203,12,0,72,232,2018,11,7,4,2,6,2,1,0,1,1,0,0,0,0,7.86377E+20,5.77872E+21,1.31803E+16,5.20848E+16
65204,12,0,62,461,2018,12,13,3,3,8,1,0,0,1,0,0,0,0,1,7.87097E+20,5.7493E+21,1.31662E+16,5.18206E+16
65205,12,0,60,269,2018,10,18,3,3,5,3,2,0,1,0,0,0,0,1,8.00088E+20,5.84583E+21,1.34399E+16,5.26791E+16
65206,12,0,60,269,2018,10,13,6,3,2,6,0,0,1,0,0,0,0,0,8.06488E+20,5.85254E+21,1.35405E+16,5.27356E+16
65207,12,0,72,120,2018,10,7,3,3,2,6,0,0,1,0,1,0,0,0,7.93998E+20,5.81123E+21,1.33195E+16,5.23723E+16
65208,12,0,60,52,2018,10,11,5,3,2,6,0,0,1,0,0,0,0,0,8.23228E+20,5.86463E+21,1.37995E+16,5.28342E+16
65209,12,0,67,144,2018,11,9,6,3,6,4,0,0,1,1,0,0,0,1,8.44539E+20,5.81321E+21,1.40612E+16,5.23606E+16
65210,12,0,63,293,2018,12,16,7,1,4,6,2,0,1,0,0,0,1,0,7.33025E+20,5.83562E+21,1.24427E+16,5.26205E+16
65211,12,0,62,500,2018,11,7,5,3,5,3,0,1,0,0,0,0,1,0,7.97462E+20,5.72448E+21,1.3295E+16,5.15927E+16
65212,14,6,27,100,2018,1,19,5,2,5,2,2,0,1,0,0,0,0,0,8.13317E+20,5.673E+21,1.34779E+16,5.11226E+16
65213,12,0,66,52,2018,12,16,3,3,8,1,1,0,1,0,0,0,0,1,8.39378E+20,5.74293E+21,1.39159E+16,5.17343E+16
65214,12,0,63,36,2018,12,18,1,2,8,1,2,0,1,0,0,0,0,1,7.70935E+20,5.83263E+21,1.2999E+16,5.25761E+16
65215,12,0,73,572,2018,10,16,3,3,9,1,0,0,1,0,0,0,0,1,8.0614E+20,5.89863E+21,1.35789E+16,5.31489E+16
65216,12,0,60,269,2018,10,15,5,3,2,2,0,0,1,0,0,0,0,0,8.01811E+20,5.85522E+21,1.34739E+16,5.27623E+16
65217,12,0,64,336,2018,11,8,3,3,5,3,0,0,1,0,0,0,0,0,8.18438E+20,5.82989E+21,1.36951E+16,5.25258E+16
65218,12,0,54,0,2018,12,16,2,3,2,6,2,0,1,0,0,0,1,1,7.74933E+20,5.81841E+21,1.30461E+16,5.24465E+16
65219,12,0,68,324,2018,10,11,2,2,6,4,0,0,1,1,0,0,0,0,7.31489E+20,5.86193E+21,1.24386E+16,5.28572E+16
65220,12,0,67,124,2018,11,16,4,3,6,6,1,1,0,1,0,0,0,1,8.22995E+20,5.81897E+21,1.37515E+16,5.24253E+16
65221,12,0,67,124,2018,11,16,5,3,5,2,2,1,1,0,0,0,0,0,8.23051E+20,5.81933E+21,1.37526E+16,5.24285E+16
65222,12,0,63,357,2018,12,18,3,3,2,6,1,0,1,0,0,0,1,0,7.70007E+20,5.8283E+21,1.29818E+16,5.25377E+16
65223,12,0,71,372,2018,10,13,3,3,0,3,0,0,1,0,1,0,0,0,8.72834E+20,5.72793E+21,1.43823E+16,5.15788E+16
65224,12,0,60,269,2018,10,11,6,3,5,2,0,0,1,0,0,0,0,0,7.97816E+20,5.85299E+21,1.34129E+16,5.27445E+16
65225,14,5,22,180,2018,1,12,3,3,4,2,0,0,1,0,0,0,0,1,8.05437E+20,5.64942E+21,1.33458E+16,5.09155E+16
65226,12,0,52,0,2018,12,21,6,2,5,3,2,1,1,0,0,0,0,1,8.67956E+20,5.74752E+21,1.43329E+16,5.17573E+16
65227,12,0,66,168,2018,10,4,6,3,2,1,2,0,1,0,0,1,0,1,8.32828E+20,5.70568E+21,1.37861E+16,5.14045E+16
65228,12,0,64,380,2018,10,20,5,3,4,2,2,0,1,0,0,0,0,1,8.2639E+20,5.83171E+21,1.38137E+16,5.25374E+16
65229,12,0,65,256,2018,11,19,4,3,2,6,2,0,1,0,0,0,0,0,7.83743E+20,5.85423E+21,1.32061E+16,5.27632E+16
65230,12,0,69,397,2018,11,6,7,3,4,6,1,0,1,0,0,0,0,0,7.78183E+20,5.80361E+21,1.30815E+16,5.23122E+16
65231,12,0,54,0,2018,10,12,7,3,1,6,0,0,1,0,0,0,0,0,7.71492E+20,5.8167E+21,1.29942E+16,5.2433E+16
65232,14,5,22,180,2018,1,19,3,2,5,3,2,1,1,0,0,0,0,0,8.06556E+20,5.64858E+21,1.3361E+16,5.09073E+16
65233,12,0,64,29,2018,11,12,2,3,8,1,0,0,1,0,0,0,0,0,8.2851E+20,5.84166E+21,1.38547E+16,5.26253E+16
65234,12,0,60,20,2018,11,23,2,3,8,1,2,0,1,0,0,0,1,1,8.05316E+20,5.85068E+21,1.35215E+16,5.27196E+16
65235,12,0,60,5,2018,11,19,7,3,9,1,2,0,1,0,0,0,0,0,8.13006E+20,5.83675E+21,1.36218E+16,5.25905E+16
65236,12,0,72,232,2018,12,16,6,2,6,4,2,0,1,1,0,0,0,1,7.85226E+20,5.77987E+21,1.31645E+16,5.20957E+16
65237,12,0,69,306,2018,12,0,5,3,7,1,2,0,1,0,0,0,0,1,7.41612E+20,5.806E+21,1.25478E+16,5.2351E+16
65238,12,0,60,198,2018,10,11,7,3,5,2,0,0,1,0,0,0,0,0,8.1402E+20,5.86606E+21,1.36647E+16,5.28525E+16
65239,12,0,60,20,2018,10,16,6,3,5,2,0,1,1,0,0,0,0,0,8.09873E+20,5.84555E+21,1.35839E+16,5.26711E+16
65240,12,0,64,227,2018,10,9,5,3,5,3,0,0,1,0,0,1,0,0,8.14764E+20,5.83047E+21,1.36417E+16,5.25331E+16
65241,12,0,64,336,2018,10,7,5,3,5,3,0,1,1,0,0,0,0,0,8.19266E+20,5.82921E+21,1.37066E+16,5.25193E+16
65242,12,0,71,74,2018,11,15,7,2,8,1,0,0,1,0,0,0,0,0,8.83933E+20,5.73592E+21,1.45505E+16,5.16428E+16
65243,12,0,61,332,2018,12,21,2,2,8,1,2,0,1,0,0,0,0,1,8.12836E+20,5.80166E+21,1.35864E+16,5.22761E+16
65244,12,0,67,124,2018,12,13,4,3,5,3,0,1,1,0,0,0,0,1,8.23115E+20,5.81741E+21,1.37517E+16,5.24113E+16
65245,14,5,22,250,2018,1,10,7,3,5,3,0,1,1,0,0,0,0,0,7.73486E+20,5.66994E+21,1.29079E+16,5.11156E+16
65246,12,0,64,484,2018,11,9,6,3,1,5,0,0,1,0,0,0,1,1,8.43488E+20,5.83239E+21,1.40655E+16,5.2533E+16
65247,12,0,63,273,2018,11,14,4,3,5,3,0,0,1,0,0,0,1,0,7.79004E+20,5.83674E+21,1.31212E+16,5.26088E+16
65248,12,0,64,428,2018,12,16,5,3,5,3,2,0,1,0,0,0,0,0,8.23377E+20,5.82439E+21,1.37623E+16,5.24736E+16
65249,12,0,69,656,2018,12,16,3,3,2,6,2,0,1,0,0,0,0,1,7.67841E+20,5.81024E+21,1.29354E+16,5.23768E+16
65250,12,0,67,144,2018,10,14,5,3,2,6,0,0,1,0,0,0,0,1,8.45122E+20,5.81214E+21,1.40686E+16,5.23507E+16
65251,12,0,64,227,2018,10,10,5,3,5,2,0,0,1,0,0,0,0,0,8.15922E+20,5.83114E+21,1.36593E+16,5.25385E+16
65252,12,0,60,269,2018,10,16,7,3,2,6,0,0,1,0,0,1,0,0,8.09111E+20,5.85839E+21,1.35847E+16,5.27866E+16
65253,12,0,60,24,2018,10,6,3,3,5,3,1,0,1,0,1,0,0,0,8.1338E+20,5.85513E+21,1.36447E+16,5.27549E+16
65254,12,0,61,316,2018,11,16,5,2,2,2,2,0,1,0,0,0,1,0,8.34287E+20,5.76196E+21,1.38608E+16,5.19078E+16
65255,12,0,65,144,2018,12,13,7,3,2,6,0,0,1,0,0,0,0,0,7.88407E+20,5.84805E+21,1.32696E+16,5.27053E+16
65256,12,0,72,477,2018,10,9,4,2,9,1,0,0,1,0,0,0,0,0,8.04362E+20,5.78799E+21,1.34503E+16,5.21583E+16
65257,14,6,25,340,2018,1,3,4,2,8,1,2,0,0,0,0,0,1,2,8.8237E+20,5.68853E+21,1.44769E+16,5.12198E+16
65258,12,0,61,17,2018,12,16,7,3,2,6,1,0,1,0,0,0,0,1,8.27476E+20,5.76657E+21,1.37665E+16,5.19532E+16
65259,12,0,65,356,2018,10,10,3,3,1,5,0,0,1,0,0,0,0,1,7.91449E+20,5.87938E+21,1.33424E+16,5.29845E+16
65260,12,0,69,648,2018,10,14,1,3,5,3,0,0,1,0,0,0,0,0,7.34923E+20,5.80041E+21,1.24459E+16,5.23037E+16
65261,12,0,64,428,2018,10,15,5,3,2,6,0,0,1,0,0,0,1,0,8.24227E+20,5.82672E+21,1.3777E+16,5.2494E+16
65262,12,0,69,470,2018,11,10,2,3,5,3,0,0,1,0,0,0,1,0,7.53679E+20,5.793E+21,1.27148E+16,5.22289E+16
65263,12,0,65,144,2018,12,10,2,2,5,3,0,1,1,0,0,0,0,1,7.87962E+20,5.84918E+21,1.3264E+16,5.27157E+16
65264,12,0,54,0,2018,10,13,1,3,2,6,0,0,1,0,1,0,0,0,7.75754E+20,5.81423E+21,1.30547E+16,5.24086E+16
65265,14,6,12,0,2018,1,7,4,3,5,3,2,1,1,0,0,0,0,0,8.3183E+20,5.66759E+21,1.37366E+16,5.10637E+16
65266,12,0,61,540,2018,11,9,3,3,2,6,0,0,1,0,0,0,0,1,8.15952E+20,5.80564E+21,1.36357E+16,5.231E+16
65267,12,0,64,336,2018,11,12,4,3,2,6,0,0,1,0,0,0,0,0,8.19474E+20,5.82903E+21,1.37095E+16,5.25175E+16
65268,12,0,69,470,2018,12,13,2,3,8,1,0,0,1,0,0,0,0,1,7.49745E+20,5.79636E+21,1.26598E+16,5.22608E+16
65269,12,0,72,340,2018,10,9,2,3,5,3,0,1,1,0,0,0,0,0,8.04438E+20,5.80042E+21,1.34626E+16,5.22697E+16
65270,12,0,64,428,2018,10,17,6,3,2,6,0,0,1,0,1,0,0,0,8.24131E+20,5.82469E+21,1.37737E+16,5.24759E+16
65271,14,5,21,530,2018,1,7,2,3,9,1,1,0,1,0,0,0,0,0,7.5716E+20,5.60929E+21,1.26325E+16,5.05788E+16
65272,12,0,69,590,2018,12,22,5,3,3,1,2,0,1,0,0,0,0,1,7.6428E+20,5.80258E+21,1.28772E+16,5.23098E+16
65273,12,0,60,269,2018,10,7,6,3,8,1,0,0,1,0,0,0,0,0,8.07524E+20,5.85717E+21,1.35602E+16,5.27766E+16
65274,12,0,65,251,2018,10,7,5,3,2,6,0,0,1,0,0,1,0,0,7.77235E+20,5.84759E+21,1.31042E+16,5.2707E+16
65275,12,0,71,372,2018,11,13,3,3,5,3,0,0,1,0,0,0,0,1,8.7146E+20,5.72605E+21,1.43606E+16,5.15629E+16
65276,12,0,65,256,2018,11,9,7,3,5,3,0,0,1,0,0,0,0,0,7.95265E+20,5.85404E+21,1.33761E+16,5.27553E+16
65277,14,6,28,270,2018,1,16,2,3,7,7,2,0,1,0,0,0,0,0,8.45005E+20,5.65858E+21,1.39154E+16,5.09752E+16
65278,12,0,65,193,2018,11,12,2,2,5,3,0,0,1,0,0,1,0,1,7.92472E+20,5.86775E+21,1.33471E+16,5.28798E+16
65279,12,0,53,0,2018,11,10,1,3,2,6,0,0,1,0,0,0,0,1,8.77311E+20,5.81346E+21,1.45405E+16,5.23412E+16
65280,12,0,71,372,2018,11,7,6,3,5,3,0,1,1,0,0,0,0,0,8.72507E+20,5.72677E+21,1.43764E+16,5.15686E+16
65281,12,0,71,57,2018,12,14,6,3,8,7,0,0,1,0,0,0,0,1,8.59782E+20,5.74352E+21,1.42108E+16,5.17269E+16
65282,12,0,64,44,2018,12,0,5,3,0,4,2,0,1,1,0,0,0,0,8.39569E+20,5.86004E+21,1.40364E+16,5.27831E+16
65283,12,0,73,603,2018,10,10,6,3,1,6,0,0,1,0,0,0,0,0,8.38279E+20,5.90355E+21,1.40628E+16,5.31736E+16
65284,12,0,53,0,2018,10,15,6,3,2,6,0,0,1,0,0,0,0,0,8.74922E+20,5.81078E+21,1.45026E+16,5.23189E+16
65285,12,0,65,225,2018,10,8,5,3,5,3,0,1,1,0,0,0,0,0,7.93594E+20,5.84289E+21,1.33415E+16,5.26563E+16
65286,12,0,61,329,2018,10,13,4,1,5,3,0,0,1,0,0,1,0,0,8.51299E+20,5.77909E+21,1.41247E+16,5.20508E+16
65287,14,7,30,150,2018,1,4,2,3,6,6,2,1,0,1,0,0,0,0,7.434E+20,5.70415E+21,1.25022E+16,5.14362E+16
65288,12,0,64,484,2018,12,16,6,3,2,2,1,0,1,0,0,0,0,1,8.42865E+20,5.83309E+21,1.40571E+16,5.25397E+16
65289,12,0,73,572,2018,10,9,6,2,5,3,0,0,1,0,1,0,0,0,8.00377E+20,5.88439E+21,1.34797E+16,5.30245E+16
65290,12,0,69,696,2018,10,11,4,3,5,2,0,0,1,0,0,0,0,0,7.27564E+20,5.79972E+21,1.23377E+16,5.23006E+16
65291,12,0,61,476,2018,11,17,3,2,5,3,2,1,0,0,0,0,1,0,8.52395E+20,5.76379E+21,1.41249E+16,5.19131E+16
65292,12,0,60,100,2018,11,19,7,3,8,1,2,0,1,0,0,0,0,0,8.19203E+20,5.88461E+21,1.37596E+16,5.30156E+16
65293,14,7,30,190,2018,1,19,2,2,8,1,2,0,1,0,0,0,0,0,7.67243E+20,5.71469E+21,1.28524E+16,5.152E+16
65294,12,0,67,144,2018,11,15,2,3,5,3,0,1,1,0,0,0,0,0,8.44683E+20,5.81239E+21,1.40624E+16,5.23531E+16
65295,12,0,69,590,2018,11,12,1,3,0,1,0,1,0,0,0,0,0,1,7.70153E+20,5.80503E+21,1.29651E+16,5.23289E+16
65296,12,0,72,17,2018,11,16,6,1,3,6,0,0,0,0,1,1,0,0,8.02148E+20,5.80434E+21,1.34326E+16,5.23061E+16
65297,12,0,54,0,2018,12,7,6,3,5,3,1,1,1,0,0,0,0,1,7.76848E+20,5.81358E+21,1.30702E+16,5.24023E+16
65298,12,0,73,565,2018,12,16,5,3,1,5,2,0,1,0,0,0,0,0,8.56554E+20,5.91543E+21,1.43483E+16,5.3268E+16