OBJECTID_1,ULAND,UREGBEZ,UKREIS,UGEMEINDE,UJAHR,UMONAT,USTUNDE,UWOCHENTAG,UKATEGORIE,UART,UTYP1,ULICHTVERH,IstRad,IstPKW,IstFuss,IstKrad,IstGkfz,IstSonstig,STRZUSTAND,LINREFX,LINREFY,XGCSWGS84,YGCSWGS84
65299,12,0,69,345,2018,10,7,6,3,4,2,2,0,1,0,0,1,0,0,7.57628E+20,5.78654E+21,1.27676E+16,5.21691E+16
65300,12,0,67,137,2018,10,14,6,3,2,6,0,0,1,0,0,0,0,0,8.61602E+20,5.78132E+21,1.42767E+16,5.20642E+16
65301,12,0,61,20,2018,10,6,4,2,2,7,0,0,0,0,0,0,1,0,8.13626E+20,5.79682E+21,1.35935E+16,5.22323E+16
65302,12,0,72,232,2018,10,11,4,2,2,6,0,0,1,0,0,0,1,0,7.84682E+20,5.78046E+21,1.31571E+16,5.21013E+16
65303,12,0,61,224,2018,10,17,4,2,8,1,0,0,1,0,0,0,1,1,8.66913E+20,5.77823E+21,1.43505E+16,5.2033E+16
65304,12,0,64,336,2018,11,12,7,2,5,3,0,0,1,0,0,0,0,0,8.19354E+20,5.82813E+21,1.37069E+16,5.25095E+16
65305,12,0,60,20,2018,12,7,2,3,5,3,1,1,1,0,0,0,0,1,8.082E+20,5.84507E+21,1.35588E+16,5.26677E+16
65306,14,7,13,0,2018,1,14,6,3,5,3,0,0,1,0,0,0,0,0,7.36574E+20,5.70262E+21,1.24031E+16,5.14253E+16
65307,12,0,72,477,2018,11,8,5,2,9,7,0,0,1,0,0,0,0,0,8.00848E+20,5.79408E+21,1.34045E+16,5.22149E+16
65308,12,0,61,540,2018,11,17,4,3,3,2,2,0,1,0,0,0,0,0,8.15751E+20,5.80642E+21,1.36335E+16,5.23171E+16
65309,12,0,72,17,2018,12,13,4,3,1,6,0,0,1,0,0,0,0,1,8.01994E+20,5.80433E+21,1.34304E+16,5.23061E+16
65310,12,0,64,472,2018,12,17,3,2,5,2,2,1,1,0,0,0,0,1,8.31485E+20,5.8377E+21,1.38945E+16,5.2588E+16
65311,12,0,69,632,2018,10,9,4,2,0,7,0,0,0,0,1,0,0,1,7.64586E+20,5.77846E+21,1.28628E+16,5.20933E+16
65312,12,0,64,428,2018,10,1,4,3,8,7,2,0,1,0,0,0,0,1,8.33817E+20,5.82586E+21,1.39169E+16,5.24806E+16
65313,12,0,67,144,2018,10,12,3,3,5,3,0,1,1,0,0,0,0,0,8.45205E+20,5.81197E+21,1.40696E+16,5.23491E+16
65314,12,0,67,144,2018,11,7,5,3,3,6,0,1,0,0,0,1,0,1,8.44672E+20,5.81248E+21,1.40624E+16,5.23539E+16
65315,12,0,69,454,2018,11,16,6,3,2,6,2,0,1,0,0,0,0,1,7.8196E+20,5.80833E+21,1.31407E+16,5.23526E+16
65316,12,0,64,227,2018,12,15,7,3,2,6,0,0,1,0,0,0,0,1,8.13268E+20,5.8316E+21,1.36208E+16,5.25441E+16
65317,12,0,73,572,2018,10,20,4,3,4,6,2,0,1,0,0,0,0,0,8.00722E+20,5.89533E+21,1.3495E+16,5.31224E+16
65318,14,6,27,150,2018,1,16,4,2,4,6,2,0,1,0,0,0,0,1,8.27986E+20,5.6741E+21,1.36878E+16,5.11243E+16
65319,12,0,71,372,2018,12,15,7,3,2,6,0,0,1,0,0,0,0,1,8.71624E+20,5.72626E+21,1.43632E+16,5.15646E+16
65320,12,0,69,270,2018,10,15,2,3,9,1,0,0,0,0,0,0,1,1,7.33984E+20,5.81835E+21,1.24447E+16,5.24651E+16
65321,12,0,60,5,2018,10,12,1,2,3,6,0,0,1,0,0,0,0,0,8.11358E+20,5.83197E+21,1.3593E+16,5.25486E+16
65322,12,0,67,438,2018,10,16,4,2,8,1,0,0,1,0,0,0,0,1,8.7746E+20,5.79258E+21,1.45194E+16,5.21543E+16
65323,12,0,68,477,2018,11,17,2,3,6,6,2,0,1,1,0,0,0,0,7.35334E+20,5.86797E+21,1.25E+16,5.29098E+16
65324,12,0,64,44,2018,12,1,1,2,9,1,2,0,1,0,0,0,0,0,8.39906E+20,5.86163E+21,1.4043E+16,5.27971E+16
65325,12,0,60,198,2018,10,16,1,2,2,6,0,0,1,0,0,0,1,0,8.17865E+20,5.87126E+21,1.37267E+16,5.28968E+16
65326,14,5,24,80,2018,1,18,3,2,4,2,2,0,1,0,0,0,1,0,7.45795E+20,5.6371E+21,1.24908E+16,5.08334E+16
65327,12,0,60,20,2018,11,7,3,2,2,6,0,0,1,0,0,0,0,1,8.0995E+20,5.84678E+21,1.35862E+16,5.2682E+16
65328,12,0,61,405,2018,11,18,3,2,3,6,2,0,1,0,0,1,0,0,8.21364E+20,5.77397E+21,1.36848E+16,5.20231E+16
65329,12,0,72,17,2018,11,14,1,2,0,1,0,1,0,0,0,0,0,0,8.00678E+20,5.81105E+21,1.34172E+16,5.23671E+16
65330,12,0,53,0,2018,12,15,1,2,6,2,0,0,1,1,0,0,0,1,8.77258E+20,5.81312E+21,1.45394E+16,5.23382E+16
65331,12,0,62,500,2018,10,5,2,3,8,1,2,0,1,0,0,0,0,1,8.0422E+20,5.7209E+21,1.33892E+16,5.1557E+16
65332,12,0,67,124,2018,10,17,6,3,3,6,0,1,0,0,0,0,0,0,8.22949E+20,5.81903E+21,1.37508E+16,5.24259E+16
65333,12,0,72,477,2018,12,8,1,3,8,7,0,0,1,0,0,0,0,1,8.05321E+20,5.79052E+21,1.34666E+16,5.21805E+16
65334,12,0,51,0,2018,12,22,5,3,2,6,2,0,1,0,0,0,0,1,7.35613E+20,5.81324E+21,1.2465E+16,5.24185E+16
65335,12,0,65,165,2018,10,14,6,3,4,6,0,1,0,0,0,0,1,0,7.67045E+20,5.84938E+21,1.29552E+16,5.27283E+16
65336,12,0,65,100,2018,10,14,4,2,0,1,0,0,0,0,1,0,0,1,7.78819E+20,5.87854E+21,1.31541E+16,5.29837E+16
65337,12,0,63,273,2018,11,8,2,3,2,2,0,0,1,0,0,0,0,1,7.73719E+20,5.83971E+21,1.30458E+16,5.26382E+16
65338,12,0,61,316,2018,12,19,3,3,5,5,2,1,1,0,0,0,0,0,8.37361E+20,5.76591E+21,1.39092E+16,5.19414E+16
65339,12,0,61,320,2018,11,15,6,3,2,6,0,0,1,0,1,0,0,0,8.30173E+20,5.75228E+21,1.3792E+16,5.18235E+16
65340,14,5,22,20,2018,1,15,2,3,9,1,0,0,1,0,0,0,0,0,7.89334E+20,5.63541E+21,1.31063E+16,5.07981E+16
65341,12,0,66,52,2018,11,13,7,2,5,3,0,0,1,0,0,0,0,1,8.40339E+20,5.74165E+21,1.39285E+16,5.17222E+16
65342,12,0,60,20,2018,11,15,6,3,5,3,0,1,1,0,0,0,0,0,8.0977E+20,5.84607E+21,1.35829E+16,5.26758E+16
65343,12,0,73,393,2018,12,16,6,2,2,6,2,1,1,0,0,0,0,1,8.60104E+20,5.91589E+21,1.44018E+16,5.32697E+16
65344,12,0,72,477,2018,12,9,4,1,8,1,0,0,1,0,0,0,0,1,8.03884E+20,5.78792E+21,1.34433E+16,5.2158E+16
65345,12,0,65,144,2018,10,18,6,3,2,6,2,0,1,0,0,0,0,0,7.87752E+20,5.84895E+21,1.32607E+16,5.27138E+16
65346,12,0,68,264,2018,10,10,4,2,5,3,0,0,1,0,0,0,0,0,7.27341E+20,5.87166E+21,1.23839E+16,5.29463E+16
65347,12,0,60,52,2018,10,15,4,3,5,3,0,1,1,0,0,0,0,0,8.21761E+20,5.86504E+21,1.37782E+16,5.28388E+16
65348,12,0,68,264,2018,10,9,4,1,8,1,0,0,0,0,1,0,0,1,7.26353E+20,5.8669E+21,1.23659E+16,5.2904E+16
65349,12,0,54,0,2018,11,7,6,3,5,2,0,1,1,0,0,0,0,0,7.74863E+20,5.81373E+21,1.30412E+16,5.24047E+16
65350,12,0,68,320,2018,12,6,2,3,5,3,2,1,1,0,0,0,0,1,7.55588E+20,5.86889E+21,1.28012E+16,5.29088E+16
65351,14,7,30,190,2018,1,15,5,3,8,1,0,0,1,0,0,0,0,0,7.68647E+20,5.71072E+21,1.28696E+16,5.14837E+16
65352,12,0,64,53,2018,11,6,4,1,6,4,2,0,1,1,0,0,0,0,8.26679E+20,5.851E+21,1.3837E+16,5.27101E+16
65353,12,0,64,44,2018,12,9,4,3,5,3,0,0,1,0,0,0,0,0,8.40287E+20,5.86384E+21,1.4051E+16,5.28166E+16
65354,12,0,66,320,2018,12,15,2,3,4,2,0,1,1,0,0,0,0,1,8.48189E+20,5.74285E+21,1.40429E+16,5.17282E+16
65355,12,0,65,36,2018,10,16,4,3,8,1,0,0,1,0,0,0,0,0,7.89418E+20,5.84616E+21,1.32828E+16,5.26878E+16
65356,12,0,69,590,2018,10,11,3,3,2,6,0,0,1,0,0,1,1,1,7.69048E+20,5.8014E+21,1.2946E+16,5.22969E+16
65357,12,0,51,0,2018,11,16,3,1,6,4,1,0,1,1,0,0,0,0,7.31463E+20,5.81176E+21,1.24031E+16,5.2407E+16
65358,12,0,67,124,2018,12,11,3,3,6,2,0,0,1,1,0,0,0,1,8.22922E+20,5.81914E+21,1.37506E+16,5.24269E+16
65359,12,0,60,198,2018,10,13,2,2,0,7,0,0,1,1,0,0,0,0,8.16242E+20,5.86958E+21,1.3701E+16,5.28827E+16
65360,12,0,69,20,2018,11,17,4,3,3,2,2,0,1,0,0,0,1,0,7.45129E+20,5.7829E+21,1.25826E+16,5.21421E+16
65361,12,0,72,312,2018,11,12,5,3,0,7,0,0,0,0,0,0,1,0,7.92787E+20,5.77947E+21,1.32743E+16,5.20882E+16
65362,12,0,64,380,2018,12,17,5,3,2,6,2,0,1,0,0,0,0,1,8.28666E+20,5.83331E+21,1.38487E+16,5.25504E+16
65363,12,0,69,665,2018,10,19,3,1,9,1,2,0,1,0,0,0,0,1,7.39931E+20,5.78444E+21,1.25079E+16,5.21582E+16
65364,14,5,23,360,2018,1,13,3,3,4,2,0,0,1,0,0,0,0,1,7.39669E+20,5.60242E+21,1.23815E+16,5.05246E+16
65365,12,0,69,596,2018,10,23,3,3,2,6,2,0,1,0,0,0,0,0,7.70982E+20,5.80222E+21,1.2975E+16,5.23033E+16
65366,12,0,70,296,2018,11,19,7,3,7,7,2,0,1,0,0,0,0,0,6.96384E+20,5.88708E+21,1.19332E+16,5.3097E+16
65367,12,0,67,201,2018,12,10,2,3,5,3,0,0,1,0,0,0,1,1,8.28307E+20,5.81558E+21,1.3826E+16,5.23918E+16
65368,14,6,28,20,2018,1,14,6,3,9,1,0,0,1,0,0,0,0,0,8.49123E+20,5.6448E+21,1.39606E+16,5.08493E+16
65369,12,0,71,244,2018,11,10,4,3,6,7,0,0,1,1,0,0,0,0,8.61713E+20,5.74623E+21,1.42415E+16,5.17499E+16
65370,12,0,71,412,2018,12,7,4,3,4,6,1,0,1,0,0,0,0,1,8.54717E+20,5.75375E+21,1.41482E+16,5.18217E+16
65371,12,0,65,165,2018,12,12,3,2,5,3,0,1,1,0,0,0,1,1,7.71346E+20,5.85274E+21,1.30215E+16,5.27562E+16
65372,12,0,73,532,2018,10,16,4,2,9,1,0,0,1,0,0,0,0,0,8.48051E+20,5.89403E+21,1.41981E+16,5.3082E+16
65373,12,0,69,397,2018,10,8,3,3,3,6,0,0,1,0,0,1,0,0,7.76202E+20,5.80225E+21,1.30514E+16,5.2301E+16
65374,12,0,72,340,2018,11,6,3,3,5,3,2,0,1,0,0,0,0,0,8.03875E+20,5.79915E+21,1.34532E+16,5.22586E+16
65375,12,0,63,148,2018,10,15,2,3,5,3,0,1,1,0,0,0,0,0,7.62758E+20,5.82036E+21,1.28689E+16,5.24701E+16
65376,12,0,69,306,2018,11,11,4,1,1,1,0,0,1,0,0,1,0,0,7.47686E+20,5.80522E+21,1.26363E+16,5.23412E+16
65377,12,0,64,136,2018,11,17,6,3,2,6,2,0,1,0,0,0,0,1,8.2191E+20,5.82715E+21,1.37435E+16,5.24993E+16
65378,12,0,69,397,2018,12,16,5,3,2,7,2,0,1,0,0,0,0,1,7.72873E+20,5.80233E+21,1.30027E+16,5.23034E+16
65379,12,0,63,252,2018,10,17,3,2,8,1,1,0,0,0,0,0,1,1,7.30796E+20,5.83415E+21,1.24088E+16,5.26082E+16
65380,14,5,11,0,2018,1,13,4,3,1,7,0,0,1,0,0,0,0,1,7.76112E+20,5.6416E+21,1.29238E+16,5.086E+16
65381,12,0,72,240,2018,12,12,6,3,5,2,0,0,1,0,0,0,1,1,7.86871E+20,5.80304E+21,1.32081E+16,5.23026E+16
65382,12,0,65,332,2018,10,8,2,3,5,3,0,1,1,0,0,0,0,0,7.82015E+20,5.84483E+21,1.31724E+16,5.26799E+16
65383,12,0,69,306,2018,10,16,7,3,8,7,0,0,0,0,0,0,1,0,7.4649E+20,5.80989E+21,1.26222E+16,5.23837E+16
65384,12,0,72,477,2018,10,22,3,1,9,7,2,0,1,0,0,0,0,1,7.95194E+20,5.79542E+21,1.33232E+16,5.22299E+16
65385,12,0,64,380,2018,11,18,5,3,2,6,2,0,1,0,0,0,0,0,8.26796E+20,5.8308E+21,1.38188E+16,5.25291E+16
65386,12,0,60,269,2018,11,14,1,2,5,3,0,1,1,0,0,0,0,0,7.99601E+20,5.85105E+21,1.34375E+16,5.27261E+16
65387,12,0,69,397,2018,12,23,7,3,1,5,2,0,1,0,0,0,0,0,7.75988E+20,5.80624E+21,1.30515E+16,5.23369E+16
65388,12,0,60,269,2018,10,14,1,2,5,2,0,0,1,0,1,0,0,0,8.02833E+20,5.86061E+21,1.3494E+16,5.28101E+16
65389,14,7,29,260,2018,1,7,3,3,5,3,0,0,1,0,0,0,0,0,7.34619E+20,5.6868E+21,1.23646E+16,5.12841E+16
65390,12,0,65,84,2018,11,11,3,3,2,2,0,0,1,0,0,0,0,1,7.76777E+20,5.90166E+21,1.31436E+16,5.31921E+16
65391,12,0,60,20,2018,11,16,3,3,2,6,2,0,1,0,0,0,0,0,8.09119E+20,5.84591E+21,1.35731E+16,5.26747E+16
65392,12,0,66,41,2018,11,17,1,3,2,6,2,0,1,0,0,0,0,0,8.41463E+20,5.73406E+21,1.39373E+16,5.16535E+16
65393,12,0,54,0,2018,12,11,7,3,2,6,0,0,1,0,0,0,0,0,7.73677E+20,5.81486E+21,1.30247E+16,5.24154E+16
65394,12,0,64,130,2018,10,6,2,2,2,2,1,0,1,0,1,0,0,1,8.68698E+20,5.82468E+21,1.4427E+16,5.24476E+16
65395,12,0,65,36,2018,10,9,6,3,3,6,0,0,1,0,0,0,0,0,7.92258E+20,5.85013E+21,1.33282E+16,5.27219E+16
65396,12,0,61,433,2018,12,12,7,2,8,1,0,0,1,0,0,0,0,1,8.02103E+20,5.81491E+21,1.34415E+16,5.24009E+16
65397,12,0,60,5,2018,12,18,5,1,9,1,2,0,1,0,0,0,0,1,8.13896E+20,5.83891E+21,1.36369E+16,5.26093E+16
65398,12,0,54,0,2018,10,8,5,3,2,6,0,0,1,0,0,0,0,0,7.77891E+20,5.81222E+21,1.30843E+16,5.23896E+16
65399,12,0,69,604,2018,10,10,3,3,5,3,0,0,1,0,0,0,0,0,7.86573E+20,5.81187E+21,1.32113E+16,5.23819E+16
65400,12,0,60,24,2018,11,8,2,3,2,2,0,0,1,0,0,0,0,1,8.11628E+20,5.8563E+21,1.362E+16,5.27664E+16
65401,12,0,67,288,2018,12,8,3,3,5,3,0,0,1,0,0,0,0,1,8.47998E+20,5.8108E+21,1.41093E+16,5.23368E+16
65402,12,0,60,269,2018,11,17,6,3,5,3,2,0,1,0,0,0,0,0,8.00078E+20,5.84811E+21,1.34418E+16,5.26995E+16
65403,12,0,71,76,2018,12,11,4,2,5,3,0,0,1,0,0,0,0,0,8.87539E+20,5.74375E+21,1.46111E+16,5.17104E+16
65404,14,6,26,290,2018,1,14,1,3,2,6,0,0,1,0,0,0,0,0,8.99968E+20,5.67644E+21,1.47143E+16,5.10996E+16
65405,12,0,68,425,2018,11,1,7,2,2,6,2,0,1,0,0,1,0,0,7.41379E+20,5.87857E+21,1.25976E+16,5.30022E+16
65406,12,0,70,302,2018,11,13,6,2,8,1,0,1,0,0,0,0,0,1,7.08385E+20,5.88047E+21,1.21079E+16,5.30331E+16
65407,12,0,72,477,2018,12,13,5,3,2,7,0,0,1,0,0,0,0,1,8.03514E+20,5.79601E+21,1.34451E+16,5.22306E+16
65408,12,0,62,372,2018,12,6,4,3,5,2,2,0,1,0,0,0,0,1,8.16894E+20,5.71201E+21,1.35635E+16,5.14704E+16
65409,12,0,69,474,2018,10,21,5,2,3,6,2,0,1,0,0,0,1,0,7.52738E+20,5.77807E+21,1.269E+16,5.20953E+16
65410,12,0,61,332,2018,10,13,5,3,2,6,0,0,1,0,0,0,0,0,8.12297E+20,5.80045E+21,1.35774E+16,5.22655E+16
65411,12,0,54,0,2018,10,16,3,2,5,3,0,1,0,0,0,0,1,1,7.75063E+20,5.81289E+21,1.30434E+16,5.2397E+16
65412,12,0,68,468,2018,10,15,4,2,2,6,0,0,1,0,0,0,1,0,7.38068E+20,5.88301E+21,1.25516E+16,5.30435E+16
65413,12,0,69,306,2018,10,15,3,2,9,1,0,0,1,0,0,0,0,1,7.5314E+20,5.80475E+21,1.27158E+16,5.23345E+16
65414,12,0,64,448,2018,11,7,6,3,5,3,1,1,1,0,0,0,0,0,8.64973E+20,5.83379E+21,1.43824E+16,5.25316E+16
65415,12,0,64,393,2018,12,15,1,2,7,7,0,0,1,0,0,0,0,1,8.35716E+20,5.84144E+21,1.39605E+16,5.26189E+16
65416,12,0,61,448,2018,11,19,5,2,2,6,2,0,1,0,0,0,0,0,8.18026E+20,5.78767E+21,1.36491E+16,5.21478E+16
65417,14,6,26,370,2018,1,14,5,3,2,6,0,0,1,0,0,0,1,0,9.05911E+20,5.69857E+21,1.48237E+16,5.12934E+16
65418,12,0,65,251,2018,11,14,4,3,5,3,0,0,1,0,0,0,0,0,7.74928E+20,5.85015E+21,1.30723E+16,5.27312E+16
65419,12,0,72,426,2018,12,16,3,3,2,6,2,0,1,0,0,0,0,1,7.86858E+20,5.79859E+21,1.32041E+16,5.22627E+16
65420,12,0,64,317,2018,12,11,2,3,5,3,0,0,1,0,0,0,0,0,8.54671E+20,5.83048E+21,1.42277E+16,5.25088E+16
65421,12,0,71,301,2018,10,7,3,3,2,6,0,0,1,0,0,0,0,1,8.70276E+20,5.7389E+21,1.43572E+16,5.16787E+16
65422,12,0,69,306,2018,10,7,3,3,5,2,0,0,1,0,0,0,0,0,7.55941E+20,5.80549E+21,1.27574E+16,5.23399E+16
65423,12,0,61,540,2018,11,6,3,3,2,6,0,0,1,0,0,0,0,0,8.1369E+20,5.8062E+21,1.36031E+16,5.23163E+16
65424,12,0,72,17,2018,12,18,2,3,2,6,2,0,1,0,0,0,0,0,8.03431E+20,5.80432E+21,1.34514E+16,5.23052E+16
65425,12,0,68,468,2018,10,13,2,2,9,1,0,0,1,0,0,0,0,0,7.30526E+20,5.8953E+21,1.24481E+16,5.31571E+16
65426,12,0,73,572,2018,11,9,4,3,5,3,0,0,1,0,0,0,0,1,8.00948E+20,5.89479E+21,1.34979E+16,5.31174E+16
65427,12,0,64,227,2018,11,16,5,3,5,3,2,1,1,0,0,0,0,0,8.14114E+20,5.83069E+21,1.36323E+16,5.25355E+16
65428,12,0,73,396,2018,12,15,4,1,9,1,0,0,1,0,0,0,0,1,8.08335E+20,5.89502E+21,1.36081E+16,5.31152E+16
65429,12,0,61,260,2018,10,16,3,3,3,6,0,1,1,0,0,0,0,0,8.15658E+20,5.80449E+21,1.36303E+16,5.22998E+16
65430,12,0,65,96,2018,10,7,6,3,5,3,0,1,0,0,0,0,1,0,7.9259E+20,5.83991E+21,1.33241E+16,5.26302E+16
65431,14,5,21,420,2018,1,14,3,3,5,2,0,0,1,0,0,0,1,1,7.66787E+20,5.62632E+21,1.27805E+16,5.07273E+16
65432,12,0,61,572,2018,12,11,6,3,2,6,0,0,1,0,0,0,0,1,8.15279E+20,5.80982E+21,1.36298E+16,5.23478E+16
65433,12,0,69,249,2018,10,10,6,3,5,3,0,1,1,0,0,0,0,0,7.58129E+20,5.81244E+21,1.27948E+16,5.24012E+16
65434,12,0,61,433,2018,10,19,3,3,7,1,2,0,1,0,0,1,0,1,8.09518E+20,5.80621E+21,1.35421E+16,5.23188E+16
65435,12,0,52,0,2018,11,15,4,2,5,3,0,1,1,0,0,0,0,0,8.65959E+20,5.75018E+21,1.43069E+16,5.17825E+16
65436,12,0,72,240,2018,11,14,7,2,6,4,0,0,1,1,0,0,0,0,7.90493E+20,5.803E+21,1.3261E+16,5.23003E+16
65437,12,0,63,189,2018,10,19,7,2,7,7,2,0,0,0,1,0,0,0,7.15288E+20,5.82941E+21,1.21771E+16,5.2572E+16
65438,14,5,22,20,2018,1,6,3,2,8,1,2,0,1,0,0,0,0,0,7.87048E+20,5.63886E+21,1.30766E+16,5.08302E+16
65439,12,0,73,225,2018,11,12,2,2,9,1,0,0,1,0,0,0,0,1,8.34162E+20,5.91111E+21,1.40094E+16,5.32438E+16
65440,12,0,62,92,2018,11,17,2,2,2,1,2,0,1,0,0,0,0,1,8.14967E+20,5.72757E+21,1.35497E+16,5.16108E+16
65441,12,0,72,240,2018,11,12,7,3,5,3,0,1,1,0,0,0,0,0,7.85679E+20,5.80023E+21,1.31883E+16,5.22781E+16
65442,12,0,53,0,2018,12,5,7,3,5,3,2,0,1,0,0,0,0,1,8.761E+20,5.81107E+21,1.45202E+16,5.23208E+16
65443,12,0,60,52,2018,12,15,6,3,2,2,0,0,1,0,0,0,0,0,8.26557E+20,5.864E+21,1.38481E+16,5.28266E+16
65444,12,0,62,224,2018,10,9,7,3,5,1,0,0,1,0,0,0,0,0,7.93258E+20,5.73564E+21,1.32439E+16,5.1695E+16
65445,12,0,65,144,2018,10,14,6,2,1,5,0,0,1,0,0,0,0,0,7.9011E+20,5.84404E+21,1.32911E+16,5.26685E+16
65446,12,0,73,8,2018,10,16,5,2,8,1,0,0,1,0,0,0,0,0,8.37428E+20,5.88299E+21,1.40286E+16,5.299E+16
65447,12,0,61,260,2018,10,13,3,3,2,6,0,0,1,0,0,0,0,0,8.16159E+20,5.80082E+21,1.36342E+16,5.22667E+16
65448,12,0,63,80,2018,11,22,7,3,3,2,2,1,1,0,0,0,0,0,7.7999E+20,5.83127E+21,1.31311E+16,5.25593E+16
65449,12,0,54,0,2018,12,17,2,3,0,1,2,1,0,0,0,0,0,1,7.74924E+20,5.81876E+21,1.30462E+16,5.24497E+16
65450,12,0,60,5,2018,12,7,4,3,5,2,1,0,1,0,0,0,0,0,8.12321E+20,5.83829E+21,1.36131E+16,5.26046E+16
65451,12,0,51,0,2018,12,12,6,2,5,3,0,0,1,1,0,0,0,1,7.32175E+20,5.81218E+21,1.24138E+16,5.24105E+16
65452,12,0,73,532,2018,10,18,7,3,2,2,2,0,1,0,0,0,0,0,8.54275E+20,5.89151E+21,1.42878E+16,5.30553E+16
65453,12,0,61,540,2018,10,14,3,3,2,6,0,0,1,0,0,0,0,1,8.14906E+20,5.80564E+21,1.36204E+16,5.23106E+16
65454,12,0,72,14,2018,11,16,4,2,5,2,0,0,1,0,0,0,1,0,8.08414E+20,5.77514E+21,1.34977E+16,5.20409E+16
65455,12,0,67,408,2018,11,0,1,3,6,4,2,0,1,1,0,0,0,0,8.41482E+20,5.80863E+21,1.40118E+16,5.23215E+16
65456,12,0,60,181,2018,12,16,7,2,8,1,2,0,1,0,0,0,0,2,8.07416E+20,5.8397E+21,1.35422E+16,5.26201E+16
65457,12,0,65,165,2018,10,15,1,3,0,7,0,1,0,0,0,0,0,0,7.72449E+20,5.8543E+21,1.30392E+16,5.27696E+16
65458,14,6,27,130,2018,1,14,3,2,5,2,0,0,1,0,1,0,0,0,7.99861E+20,5.67917E+21,1.32913E+16,5.11851E+16
65459,12,0,63,252,2018,11,6,2,3,4,2,1,0,1,0,0,0,0,1,7.2593E+20,5.83337E+21,1.23365E+16,5.26033E+16
65460,12,0,72,120,2018,11,6,2,3,2,6,2,0,1,0,1,0,0,0,7.94506E+20,5.812E+21,1.33276E+16,5.23789E+16
65461,12,0,65,225,2018,11,15,1,2,6,7,0,0,1,1,0,0,0,0,7.96043E+20,5.85102E+21,1.33849E+16,5.27278E+16
65462,12,0,73,520,2018,12,16,7,2,1,7,2,0,1,0,0,0,0,1,8.3199E+20,5.92869E+21,1.39953E+16,5.34026E+16
65463,12,0,61,17,2018,12,13,6,3,2,6,0,0,1,0,0,0,0,0,8.28566E+20,5.76313E+21,1.37791E+16,5.19217E+16
65464,12,0,72,312,2018,10,10,1,2,8,6,0,0,1,0,0,0,0,0,7.73871E+20,5.78331E+21,1.3002E+16,5.21323E+16
65465,12,0,65,136,2018,12,16,5,3,2,6,2,0,1,0,0,0,0,1,7.85475E+20,5.84019E+21,1.32195E+16,5.26364E+16
65466,12,0,66,168,2018,10,17,5,3,0,1,0,0,0,0,1,0,0,0,8.36021E+20,5.70435E+21,1.38306E+16,5.13906E+16
65467,12,0,73,572,2018,10,16,3,3,2,6,0,0,1,0,0,0,0,1,8.01251E+20,5.89316E+21,1.35009E+16,5.31027E+16
65468,12,0,69,485,2018,11,17,1,2,2,6,2,0,1,0,0,0,0,1,7.50219E+20,5.7737E+21,1.26501E+16,5.20573E+16
65469,12,0,69,590,2018,12,16,2,3,3,6,2,0,1,0,0,1,0,0,7.68408E+20,5.8011E+21,1.29364E+16,5.22946E+16
65470,12,0,65,332,2018,11,11,6,3,2,6,0,0,1,0,0,0,0,0,7.85773E+20,5.84472E+21,1.32278E+16,5.26769E+16
65471,12,0,73,578,2018,12,9,4,3,9,1,0,0,1,0,0,0,0,2,8.29923E+20,5.91331E+21,1.39484E+16,5.32662E+16
65472,14,7,30,310,2018,1,13,7,3,3,3,0,1,1,0,0,0,0,0,7.77399E+20,5.71918E+21,1.3002E+16,5.15554E+16
65473,12,0,69,304,2018,11,17,6,3,2,6,2,0,1,0,0,0,1,0,7.84789E+20,5.81396E+21,1.31869E+16,5.24016E+16
65474,12,0,71,372,2018,11,16,5,2,2,6,1,0,1,0,0,0,0,0,8.68849E+20,5.72175E+21,1.43186E+16,5.1526E+16
65475,12,0,62,445,2018,12,16,5,3,6,4,2,0,1,1,0,0,0,1,8.02958E+20,5.73931E+21,1.3387E+16,5.17227E+16
65476,12,0,68,306,2018,12,9,4,3,3,6,0,0,1,0,0,1,0,1,7.45424E+20,5.87366E+21,1.2654E+16,5.29563E+16
65477,12,0,69,20,2018,10,16,5,3,0,3,0,0,1,0,1,0,0,1,7.4543E+20,5.78313E+21,1.25872E+16,5.2144E+16
65478,12,0,73,572,2018,10,15,3,2,4,6,0,0,1,0,0,0,0,1,8.0125E+20,5.89267E+21,1.35004E+16,5.30983E+16
65479,12,0,69,454,2018,10,10,3,3,5,2,0,0,1,0,0,0,1,0,7.80188E+20,5.80616E+21,1.31129E+16,5.2334E+16
65480,12,0,73,8,2018,10,19,3,3,6,4,2,0,1,1,0,0,0,0,8.35124E+20,5.88548E+21,1.3997E+16,5.30137E+16
65481,12,0,65,332,2018,11,10,6,3,5,3,0,1,1,0,0,0,0,0,7.82612E+20,5.846E+21,1.31822E+16,5.269E+16
65482,12,0,69,656,2018,12,11,7,3,2,6,0,0,1,0,0,0,0,1,7.68228E+20,5.80903E+21,1.29401E+16,5.23658E+16