OBJECTID_1,ULAND,UREGBEZ,UKREIS,UGEMEINDE,UJAHR,UMONAT,USTUNDE,UWOCHENTAG,UKATEGORIE,UART,UTYP1,ULICHTVERH,IstRad,IstPKW,IstFuss,IstKrad,IstGkfz,IstSonstig,STRZUSTAND,LINREFX,LINREFY,XGCSWGS84,YGCSWGS84
65666,12,0,64,380,2018,12,16,5,3,5,3,2,1,1,0,0,0,0,1,8.23668E+20,5.83005E+21,1.37721E+16,5.25242E+16
65667,12,0,61,405,2018,10,9,5,2,2,6,0,0,0,0,0,1,0,0,8.2121E+20,5.7742E+21,1.36828E+16,5.20252E+16
65668,12,0,65,225,2018,10,5,2,3,7,7,2,0,1,0,0,0,0,0,7.92493E+20,5.84346E+21,1.33258E+16,5.2662E+16
65669,12,0,64,29,2018,11,14,2,2,4,2,0,0,1,0,0,0,0,1,8.21065E+20,5.83344E+21,1.37371E+16,5.25561E+16
65670,12,0,65,225,2018,12,19,3,2,5,3,2,0,1,0,0,0,0,0,7.96444E+20,5.85155E+21,1.33913E+16,5.27324E+16
65671,12,0,60,20,2018,11,3,6,2,7,7,2,0,1,0,0,0,0,0,8.11551E+20,5.84928E+21,1.36122E+16,5.27036E+16
65672,12,0,73,384,2018,12,11,4,3,0,1,0,0,0,0,1,0,0,2,7.89333E+20,5.90844E+21,1.33372E+16,5.32462E+16
65673,14,6,28,270,2018,1,16,1,3,9,1,1,0,1,0,0,0,0,1,8.45082E+20,5.6578E+21,1.39157E+16,5.09682E+16
65674,12,0,69,345,2018,11,18,6,3,2,6,2,0,1,0,0,0,0,0,7.64433E+20,5.78972E+21,1.28694E+16,5.21944E+16
65675,12,0,63,357,2018,11,16,5,3,2,6,2,0,1,0,0,0,0,0,7.7152E+20,5.82789E+21,1.30037E+16,5.25333E+16
65676,12,0,72,120,2018,12,5,5,3,4,5,2,0,1,0,0,0,0,0,7.92982E+20,5.80902E+21,1.33027E+16,5.2353E+16
65677,12,0,71,160,2018,12,13,4,3,5,3,0,1,1,0,0,0,0,0,8.91736E+20,5.77112E+21,1.47025E+16,5.19524E+16
65678,12,0,72,14,2018,10,17,5,3,8,1,1,0,1,0,0,0,0,0,8.04364E+20,5.77059E+21,1.34348E+16,5.20023E+16
65679,12,0,61,540,2018,10,13,5,3,2,6,0,0,1,0,1,0,0,0,8.14455E+20,5.80702E+21,1.36151E+16,5.23232E+16
65680,12,0,70,125,2018,10,16,2,2,9,1,0,0,1,0,0,0,0,1,6.96216E+20,5.893E+21,1.19343E+16,5.31502E+16
65681,12,0,65,256,2018,10,8,4,3,5,2,0,1,1,0,0,0,0,0,7.86655E+20,5.85374E+21,1.32487E+16,5.27573E+16
65682,12,0,68,353,2018,10,19,2,3,7,7,2,0,1,0,0,0,0,0,7.53707E+20,5.88662E+21,1.27872E+16,5.30687E+16
65683,12,0,67,481,2018,11,15,6,3,2,2,0,0,1,0,0,0,0,0,8.38892E+20,5.80207E+21,1.39673E+16,5.22643E+16
65684,12,0,72,240,2018,12,15,7,2,5,3,1,1,1,0,0,0,0,0,7.89987E+20,5.80342E+21,1.3254E+16,5.23044E+16
65685,12,0,61,316,2018,11,7,5,3,5,2,0,0,1,0,0,0,0,0,8.37509E+20,5.76604E+21,1.39115E+16,5.19425E+16
65686,14,6,12,0,2018,1,18,5,3,2,6,2,0,1,0,0,0,0,0,8.31228E+20,5.6654E+21,1.3726E+16,5.10444E+16
65687,12,0,61,332,2018,12,9,3,2,2,6,0,0,1,0,0,1,0,0,8.1393E+20,5.79566E+21,1.35968E+16,5.22217E+16
65688,12,0,68,306,2018,12,6,2,2,9,1,2,0,1,0,0,0,0,0,7.47067E+20,5.86647E+21,1.26729E+16,5.28911E+16
65689,12,0,53,0,2018,10,12,3,2,0,7,0,0,1,0,0,0,1,1,8.74574E+20,5.81088E+21,1.44977E+16,5.232E+16
65690,12,0,60,20,2018,11,11,3,3,5,3,0,1,0,0,0,0,0,0,8.1064E+20,5.84682E+21,1.35964E+16,5.26821E+16
65691,12,0,63,252,2018,12,17,2,2,2,6,2,0,1,0,0,0,1,1,7.26028E+20,5.83079E+21,1.23362E+16,5.25801E+16
65692,14,5,24,110,2018,1,15,5,2,7,7,0,0,1,0,0,0,0,1,7.41399E+20,5.61305E+21,1.24128E+16,5.06193E+16
65693,14,6,27,30,2018,2,16,2,2,2,6,0,0,1,0,0,0,0,1,8.29904E+20,5.68712E+21,1.37271E+16,5.12398E+16
65694,14,6,12,0,2018,1,16,6,3,5,3,2,0,1,0,0,0,0,0,8.31135E+20,5.6668E+21,1.3726E+16,5.1057E+16
65695,14,7,30,330,2018,1,17,5,2,0,7,2,0,1,0,0,0,0,0,7.7222E+20,5.69432E+21,1.29083E+16,5.13348E+16
65696,14,6,25,640,2018,2,12,6,3,5,3,0,1,1,0,0,0,0,0,8.64049E+20,5.70543E+21,1.42329E+16,5.1383E+16
65697,14,7,29,50,2018,1,15,5,2,4,7,0,0,1,0,0,1,0,0,7.43253E+20,5.66605E+21,1.24741E+16,5.10942E+16
65698,14,7,29,160,2018,1,9,4,2,2,2,0,0,1,0,0,1,0,1,7.71163E+20,5.68517E+21,1.28862E+16,5.12533E+16
65699,14,7,13,0,2018,1,15,5,3,8,7,0,0,0,0,0,1,0,0,7.44646E+20,5.6926E+21,1.25121E+16,5.1332E+16
65700,14,6,12,0,2018,1,7,4,3,6,4,0,0,1,1,0,0,0,0,8.33134E+20,5.66759E+21,1.37551E+16,5.10629E+16
65701,14,6,25,600,2018,1,7,2,3,4,6,1,0,1,0,0,0,1,1,8.46794E+20,5.67791E+21,1.39593E+16,5.11473E+16
65702,14,7,30,300,2018,1,9,5,2,5,3,0,0,1,0,0,0,0,1,7.41901E+20,5.69701E+21,1.24758E+16,5.13727E+16
65703,14,5,23,310,2018,1,19,7,2,9,1,2,0,1,0,0,0,0,0,7.10256E+20,5.60907E+21,1.19709E+16,5.05956E+16
65704,14,6,25,340,2018,1,16,5,3,0,7,2,0,1,0,0,0,0,1,8.85119E+20,5.70174E+21,1.45303E+16,5.13362E+16
65705,14,5,21,150,2018,2,5,1,3,9,1,2,0,1,0,0,0,0,2,7.8636E+20,5.62572E+21,1.30566E+16,5.07127E+16
65706,14,7,30,310,2018,1,16,5,3,5,3,1,1,1,0,0,0,0,1,7.7677E+20,5.71931E+21,1.2993E+16,5.15569E+16
65707,14,5,22,20,2018,2,13,6,2,4,6,0,0,1,0,0,1,0,0,7.88878E+20,5.63756E+21,1.31015E+16,5.08176E+16
65708,14,6,25,300,2018,1,14,5,3,9,1,0,0,1,0,0,0,0,0,8.37659E+20,5.69069E+21,1.38411E+16,5.12673E+16
65709,14,5,24,130,2018,1,18,3,2,6,2,2,0,1,1,0,0,0,0,7.49361E+20,5.61379E+21,1.25256E+16,5.06226E+16
65710,14,6,28,270,2018,1,11,5,3,2,2,0,0,1,0,0,0,0,1,8.47595E+20,5.6568E+21,1.39504E+16,5.09577E+16
65711,14,6,26,520,2018,1,15,3,3,5,3,0,0,1,0,0,0,0,0,9.14366E+20,5.68971E+21,1.49341E+16,5.1208E+16
65712,14,5,22,80,2018,1,6,2,3,5,3,2,0,1,0,0,0,1,1,7.88423E+20,5.67114E+21,1.31217E+16,5.1119E+16
65713,14,6,28,210,2018,1,18,5,3,7,7,2,0,1,0,0,0,0,1,8.54788E+20,5.65367E+21,1.40494E+16,5.09253E+16
65714,14,6,12,0,2018,1,15,4,3,2,7,0,0,1,0,0,0,0,0,8.36474E+20,5.66034E+21,1.37959E+16,5.09961E+16
65715,14,6,27,170,2018,1,18,5,3,0,7,2,0,1,0,0,0,0,1,8.16417E+20,5.68055E+21,1.35287E+16,5.11886E+16
65716,14,5,23,370,2018,1,7,3,2,9,7,1,0,1,0,0,0,0,1,7.39655E+20,5.5825E+21,1.23686E+16,5.03457E+16
65717,14,6,28,205,2018,1,17,6,3,8,1,2,0,1,0,0,0,0,2,8.17532E+20,5.64894E+21,1.35169E+16,5.09046E+16
65718,14,6,12,0,2018,1,17,2,3,3,6,2,1,0,0,0,0,0,1,8.32377E+20,5.66769E+21,1.37445E+16,5.10643E+16
65719,14,6,27,150,2018,1,15,5,3,7,7,0,0,1,0,0,0,0,1,8.21949E+20,5.68083E+21,1.36079E+16,5.1188E+16
65720,14,5,21,110,2018,1,15,6,3,8,1,0,0,0,0,0,0,1,2,7.65667E+20,5.59845E+21,1.27447E+16,5.04777E+16
65721,14,6,25,350,2018,1,2,7,2,8,1,2,0,1,0,0,0,0,1,8.59774E+20,5.68992E+21,1.41561E+16,5.12469E+16
65722,14,6,27,140,2018,1,12,5,2,6,4,0,0,1,1,0,0,0,0,8.13303E+20,5.67747E+21,1.34816E+16,5.11627E+16
65723,14,5,24,150,2018,2,11,7,3,5,3,0,0,1,0,0,0,0,1,7.52592E+20,5.61441E+21,1.25716E+16,5.06268E+16
65724,14,6,25,240,2018,1,14,5,3,5,2,0,1,1,0,0,0,0,0,8.64996E+20,5.71176E+21,1.4253E+16,5.14392E+16
65725,14,6,28,30,2018,2,9,5,2,8,1,0,0,1,0,0,0,0,0,8.62869E+20,5.65465E+21,1.41649E+16,5.09291E+16
65726,14,6,27,140,2018,1,7,5,3,0,7,2,0,0,0,1,0,1,1,8.14043E+20,5.67884E+21,1.34933E+16,5.11746E+16
65727,14,6,28,380,2018,1,8,3,2,8,1,0,0,1,0,0,0,0,1,8.53335E+20,5.66975E+21,1.40444E+16,5.10702E+16
65728,14,6,12,0,2018,1,13,5,3,0,7,0,1,0,0,0,0,0,0,8.3146E+20,5.66803E+21,1.37317E+16,5.10679E+16
65729,14,5,22,460,2018,1,15,3,3,1,2,0,0,1,0,0,0,0,0,7.61188E+20,5.64776E+21,1.27166E+16,5.09223E+16
65730,14,7,30,20,2018,1,13,1,3,4,2,0,0,1,0,0,0,0,1,7.4621E+20,5.71882E+21,1.25527E+16,5.15666E+16
65731,14,6,12,0,2018,1,15,5,3,8,1,0,0,1,0,0,0,0,1,8.31031E+20,5.67391E+21,1.3731E+16,5.11208E+16
65732,14,7,29,80,2018,1,15,6,3,0,6,0,0,0,0,1,0,1,1,7.65943E+20,5.6702E+21,1.28005E+16,5.11214E+16
65733,14,6,12,0,2018,1,11,5,3,2,2,0,0,1,0,0,0,0,1,8.32526E+20,5.66691E+21,1.37459E+16,5.10572E+16
65734,14,5,22,190,2018,2,19,7,3,4,6,2,0,1,0,0,0,0,2,7.73902E+20,5.66512E+21,1.29101E+16,5.10721E+16
65735,14,5,21,30,2018,1,5,7,2,4,6,2,0,1,0,0,0,0,1,7.61976E+20,5.61137E+21,1.27019E+16,5.05953E+16
65736,14,6,27,220,2018,1,16,5,3,0,7,0,0,0,0,0,1,0,0,8.32106E+20,5.67858E+21,1.37506E+16,5.11621E+16
65737,14,7,30,330,2018,2,13,7,3,5,3,0,0,1,0,0,0,1,0,7.75742E+20,5.68762E+21,1.29536E+16,5.12731E+16
65738,14,6,12,0,2018,1,11,5,2,5,2,0,0,1,0,0,0,0,0,8.37514E+20,5.65834E+21,1.38088E+16,5.09775E+16
65739,14,6,12,0,2018,1,15,5,3,4,6,0,0,1,0,0,0,0,1,8.38222E+20,5.67053E+21,1.38302E+16,5.10863E+16
65740,14,5,22,180,2018,2,9,5,3,6,2,0,0,0,1,0,1,0,1,8.04911E+20,5.64787E+21,1.3337E+16,5.09018E+16
65741,14,5,22,180,2018,1,16,5,2,2,6,1,0,1,0,0,0,0,0,8.04964E+20,5.64943E+21,1.33391E+16,5.09157E+16
65742,14,5,21,550,2018,1,20,3,2,8,1,2,0,1,0,0,0,0,1,7.67047E+20,5.60657E+21,1.27699E+16,5.055E+16
65743,14,5,21,110,2018,1,5,5,3,9,7,2,0,1,0,0,0,0,2,7.67472E+20,5.60168E+21,1.27724E+16,5.05059E+16
65744,14,7,30,300,2018,1,16,2,3,4,2,0,1,1,0,0,0,0,0,7.42956E+20,5.69777E+21,1.24914E+16,5.13791E+16
65745,14,5,21,160,2018,1,13,5,3,5,3,0,0,1,0,0,0,1,1,7.77136E+20,5.61841E+21,1.29208E+16,5.06515E+16
65746,14,6,25,270,2018,2,19,2,2,6,4,2,0,1,1,0,0,0,0,8.41681E+20,5.69023E+21,1.38981E+16,5.12608E+16
65747,14,7,29,30,2018,1,7,6,2,4,6,0,0,1,0,0,0,0,1,7.57443E+20,5.69665E+21,1.26983E+16,5.13627E+16
65748,14,5,24,170,2018,1,7,4,3,8,1,0,0,1,1,0,0,0,2,7.41427E+20,5.6217E+21,1.24188E+16,5.0697E+16
65749,14,7,30,110,2018,2,16,6,3,5,3,0,1,1,0,0,0,0,0,7.54451E+20,5.70816E+21,1.26637E+16,5.14673E+16
65750,14,5,24,150,2018,1,18,4,3,5,3,2,0,1,0,0,1,0,1,7.52591E+20,5.61441E+21,1.25716E+16,5.06268E+16
65751,14,7,13,0,2018,1,17,4,3,1,6,2,0,1,0,0,0,0,0,7.27728E+20,5.69906E+21,1.22738E+16,5.1397E+16
65752,14,5,23,450,2018,1,12,4,3,8,1,0,0,1,0,0,0,0,2,7.13566E+20,5.59466E+21,1.20094E+16,5.0465E+16
65753,14,6,25,480,2018,1,8,4,3,3,6,0,1,0,0,0,1,0,0,8.45778E+20,5.6685E+21,1.39358E+16,5.10636E+16
65754,14,5,23,450,2018,1,7,4,3,8,1,1,0,1,0,0,0,0,2,7.14882E+20,5.5955E+21,1.20284E+16,5.04721E+16
65755,14,7,30,70,2018,1,8,2,3,5,3,0,0,1,0,0,0,0,1,7.31386E+20,5.71273E+21,1.23352E+16,5.15182E+16
65756,14,5,24,280,2018,1,7,4,3,2,2,1,0,1,0,0,0,1,2,7.56922E+20,5.63611E+21,1.26478E+16,5.08196E+16
65757,14,5,11,0,2018,1,17,5,2,5,3,2,0,1,0,0,0,0,0,7.83144E+20,5.63764E+21,1.30204E+16,5.08212E+16
65758,14,5,23,280,2018,1,7,4,3,4,1,2,0,1,0,0,1,0,2,7.38186E+20,5.61823E+21,1.23708E+16,5.06671E+16
65759,14,5,23,340,2018,1,7,4,3,4,2,1,0,1,0,1,0,0,0,7.30893E+20,5.61276E+21,1.22643E+16,5.06209E+16
65760,14,7,29,40,2018,1,23,4,2,9,1,2,0,1,0,0,0,0,1,7.36262E+20,5.68183E+21,1.23848E+16,5.12388E+16
65761,14,7,13,0,2018,1,18,4,3,5,3,2,0,1,0,0,0,0,1,7.34758E+20,5.69349E+21,1.2371E+16,5.13441E+16
65762,14,5,23,370,2018,1,13,2,3,8,1,0,0,1,0,0,0,0,2,7.38241E+20,5.58579E+21,1.23508E+16,5.03759E+16
65763,14,7,13,0,2018,1,18,4,2,4,2,2,0,1,0,0,0,0,1,7.36427E+20,5.69275E+21,1.23944E+16,5.13368E+16
65764,14,6,12,0,2018,1,17,2,3,2,2,2,0,1,0,0,0,0,0,8.34139E+20,5.6731E+21,1.37745E+16,5.11117E+16
65765,14,7,13,0,2018,1,14,4,3,5,3,0,0,1,0,0,0,0,0,7.26966E+20,5.68613E+21,1.22546E+16,5.12812E+16
65766,14,5,21,30,2018,2,17,2,3,2,6,2,0,1,0,0,0,0,1,7.62627E+20,5.61128E+21,1.2711E+16,5.05943E+16
65767,14,5,24,330,2018,1,14,5,3,4,7,0,0,1,0,0,1,0,0,7.53897E+20,5.62202E+21,1.25952E+16,5.06945E+16
65768,14,5,22,280,2018,1,21,6,2,8,1,2,0,1,0,0,0,0,1,7.63781E+20,5.66313E+21,1.27645E+16,5.1059E+16
65769,14,6,26,390,2018,1,13,4,3,8,7,0,0,1,0,0,0,0,1,9.02276E+20,5.66002E+21,1.47289E+16,5.0951E+16
65770,14,6,28,380,2018,2,11,6,3,0,7,0,1,0,0,0,0,1,0,8.59291E+20,5.66684E+21,1.41262E+16,5.10405E+16
65771,14,6,26,480,2018,1,5,4,3,9,1,2,0,1,0,0,0,0,2,9.11767E+20,5.70854E+21,1.49187E+16,5.13783E+16
65772,14,6,25,100,2018,1,16,4,1,4,1,0,0,1,0,0,1,0,0,8.67511E+20,5.68045E+21,1.42568E+16,5.11571E+16
65773,14,6,27,230,2018,1,7,4,3,2,6,2,0,1,0,0,0,0,1,7.98738E+20,5.69357E+21,1.32873E+16,5.13148E+16
65774,14,5,21,530,2018,1,13,4,2,6,2,0,0,1,1,0,0,0,0,7.58212E+20,5.6113E+21,1.26487E+16,5.05964E+16
65775,14,6,12,0,2018,1,14,6,3,6,4,0,0,1,1,0,0,0,0,8.30186E+20,5.66923E+21,1.37147E+16,5.10793E+16
65776,14,6,25,290,2018,1,12,2,3,2,6,0,0,1,0,0,0,0,1,8.85177E+20,5.68235E+21,1.45103E+16,5.11626E+16
65777,14,6,27,340,2018,1,16,4,3,3,6,0,0,1,0,0,0,0,0,8.03791E+20,5.70001E+21,1.33651E+16,5.13699E+16
65778,14,5,23,170,2018,1,10,5,3,5,3,0,0,1,0,0,0,0,1,7.39561E+20,5.60693E+21,1.23829E+16,5.05651E+16
65779,14,7,30,340,2018,1,14,7,3,8,6,0,0,1,0,0,0,0,0,7.23123E+20,5.70813E+21,1.22134E+16,5.14803E+16
65780,14,6,28,160,2018,1,7,4,3,2,6,0,0,1,0,0,0,0,1,8.4122E+20,5.65824E+21,1.38613E+16,5.09744E+16
65781,14,5,21,390,2018,2,2,1,2,0,7,2,0,1,1,0,0,0,1,7.95038E+20,5.62193E+21,1.31762E+16,5.06743E+16
65782,14,7,29,410,2018,1,20,5,3,8,1,2,0,1,0,0,0,0,1,7.61964E+20,5.69284E+21,1.27603E+16,5.13265E+16
65783,14,6,27,180,2018,1,18,6,3,8,7,2,0,0,0,0,0,1,0,8.04279E+20,5.668E+21,1.33449E+16,5.10827E+16
65784,14,5,24,70,2018,1,3,7,3,7,7,2,0,1,0,0,0,0,1,7.62266E+20,5.62951E+21,1.27188E+16,5.0758E+16
65785,14,6,12,0,2018,1,6,4,3,0,7,2,1,0,1,0,0,0,0,8.30885E+20,5.67014E+21,1.37255E+16,5.10871E+16
65786,14,6,26,60,2018,2,21,1,3,7,7,2,0,1,0,0,0,0,0,8.89043E+20,5.71125E+21,1.45968E+16,5.14186E+16
65787,14,5,24,330,2018,1,8,5,3,5,3,0,0,1,0,0,0,0,0,7.44721E+20,5.62442E+21,1.24672E+16,5.072E+16
65788,14,6,12,0,2018,1,20,4,3,9,1,2,0,1,0,0,0,0,2,8.38058E+20,5.6704E+21,1.38278E+16,5.10853E+16
65789,14,6,12,0,2018,2,15,6,3,2,6,0,0,1,0,0,0,0,0,8.32232E+20,5.67496E+21,1.37491E+16,5.11296E+16
65790,14,5,11,0,2018,1,15,4,2,6,4,0,0,1,1,0,0,0,1,7.80099E+20,5.64396E+21,1.29821E+16,5.08793E+16
65791,14,5,21,20,2018,1,15,4,3,0,1,0,0,1,0,1,0,0,1,7.83226E+20,5.60857E+21,1.29993E+16,5.05603E+16
65792,14,5,21,150,2018,1,9,4,2,8,1,0,0,1,0,0,0,0,2,7.86639E+20,5.62579E+21,1.30606E+16,5.07131E+16
65793,14,7,30,200,2018,1,9,3,3,5,3,0,0,1,0,0,0,0,0,7.83218E+20,5.68358E+21,1.30573E+16,5.12331E+16
65794,14,6,12,0,2018,1,9,6,3,6,7,0,0,1,1,0,0,0,0,8.30616E+20,5.66305E+21,1.37152E+16,5.10237E+16
65795,14,5,21,690,2018,1,6,2,2,6,4,2,0,1,1,0,0,0,1,7.89567E+20,5.62936E+21,1.31048E+16,5.07437E+16
65796,14,5,21,390,2018,1,8,4,3,9,1,0,0,1,0,0,0,0,1,8.02464E+20,5.61967E+21,1.32792E+16,5.06502E+16
65797,14,6,27,180,2018,1,0,7,2,8,1,2,0,1,0,0,0,0,1,8.0011E+20,5.66597E+21,1.32839E+16,5.10666E+16
65798,14,5,21,630,2018,1,8,4,3,9,1,0,0,1,0,0,0,0,2,7.82953E+20,5.61724E+21,1.3002E+16,5.06382E+16
65799,14,5,23,370,2018,2,15,7,3,4,1,0,0,1,0,0,0,0,2,7.37075E+20,5.58938E+21,1.23367E+16,5.04086E+16
65800,14,6,12,0,2018,1,8,5,3,4,2,0,0,1,0,1,0,0,0,8.31222E+20,5.66967E+21,1.37298E+16,5.10827E+16
65801,14,5,21,630,2018,1,15,4,2,5,3,0,0,1,0,1,0,0,1,7.82503E+20,5.6137E+21,1.2993E+16,5.06067E+16
65802,14,6,12,0,2018,2,7,5,3,6,4,0,0,1,1,0,0,0,1,8.28029E+20,5.66567E+21,1.36808E+16,5.10487E+16
65803,14,5,21,310,2018,1,21,4,3,8,1,2,0,1,0,0,1,0,1,7.68823E+20,5.63087E+21,1.28126E+16,5.07672E+16
65804,14,6,12,0,2018,1,8,3,2,3,6,0,0,1,0,0,1,0,1,8.31866E+20,5.67304E+21,1.37421E+16,5.11126E+16
65805,14,5,24,90,2018,1,16,4,2,4,1,0,0,1,0,0,1,0,1,7.61945E+20,5.61697E+21,1.27054E+16,5.06456E+16
65806,14,7,13,0,2018,2,7,5,3,5,3,1,0,1,0,0,0,0,1,7.34726E+20,5.69019E+21,1.23684E+16,5.13145E+16
65807,14,5,21,710,2018,1,14,4,2,8,1,0,0,0,0,0,0,1,2,7.69611E+20,5.61401E+21,1.28114E+16,5.06155E+16
65808,14,7,13,0,2018,1,22,3,3,5,3,2,1,1,0,0,0,0,0,7.35412E+20,5.69352E+21,1.23804E+16,5.13441E+16
65809,14,5,24,190,2018,1,13,3,3,2,2,0,0,1,0,0,0,0,1,7.43138E+20,5.63826E+21,1.24539E+16,5.08449E+16
65810,14,6,27,190,2018,1,15,3,2,4,1,0,0,1,0,0,0,1,0,8.06138E+20,5.69171E+21,1.33916E+16,5.12943E+16
65811,14,5,21,20,2018,1,21,2,2,4,6,2,0,1,0,0,0,0,2,7.84688E+20,5.60711E+21,1.30187E+16,5.05465E+16
65812,14,5,24,280,2018,1,18,3,2,8,1,2,0,1,0,0,0,0,0,7.55874E+20,5.63473E+21,1.2632E+16,5.08077E+16
65813,14,5,24,210,2018,1,14,6,3,5,3,0,0,1,0,0,0,0,1,7.38598E+20,5.63325E+21,1.23863E+16,5.08018E+16
65814,14,5,24,330,2018,1,7,3,3,5,3,2,0,1,0,1,0,0,1,7.45962E+20,5.62451E+21,1.24848E+16,5.07203E+16
65815,14,6,25,480,2018,2,8,7,3,4,2,0,0,1,0,0,0,0,1,8.45023E+20,5.67529E+21,1.39315E+16,5.11249E+16
65816,14,5,22,260,2018,1,0,5,3,5,3,2,0,1,0,0,0,0,0,7.66051E+20,5.64344E+21,1.27825E+16,5.08813E+16
65817,14,7,29,160,2018,1,8,3,3,8,1,0,0,1,0,0,0,0,1,7.59018E+20,5.68072E+21,1.27094E+16,5.1219E+16
65818,14,5,22,220,2018,2,22,5,2,9,1,2,0,0,0,0,0,1,0,7.84992E+20,5.67457E+21,1.30755E+16,5.11515E+16
65819,14,5,23,340,2018,1,7,4,2,2,6,1,0,1,0,0,0,0,0,7.34397E+20,5.61217E+21,1.23134E+16,5.06143E+16
65820,14,7,13,0,2018,1,9,3,3,4,2,0,0,1,0,0,0,0,1,7.36427E+20,5.69275E+21,1.23944E+16,5.13368E+16
65821,14,5,22,510,2018,1,13,3,3,5,2,0,0,1,0,0,0,0,0,7.92379E+20,5.67044E+21,1.31775E+16,5.11107E+16
65822,14,7,30,270,2018,1,9,3,2,2,6,0,0,1,0,0,1,0,1,7.22018E+20,5.69494E+21,1.21893E+16,5.13623E+16
65823,14,5,23,120,2018,1,18,7,3,5,3,2,0,1,0,0,0,0,1,7.3843E+20,5.59688E+21,1.23605E+16,5.04754E+16
65824,14,6,12,0,2018,1,14,1,2,9,7,0,0,1,0,0,0,0,0,8.31955E+20,5.66832E+21,1.3739E+16,5.10702E+16
65825,14,6,26,370,2018,1,13,2,3,2,6,0,0,1,0,0,0,0,0,9.03304E+20,5.69834E+21,1.47862E+16,5.12931E+16
65826,14,6,26,610,2018,1,12,3,3,8,1,0,0,0,0,0,0,1,2,9.08641E+20,5.65437E+21,1.48127E+16,5.0896E+16
65827,14,6,27,180,2018,2,7,2,3,9,1,0,0,1,0,0,0,0,1,8.02531E+20,5.66509E+21,1.33176E+16,5.10575E+16
65828,14,6,26,140,2018,1,16,6,3,5,3,0,0,1,0,0,0,0,0,8.99749E+20,5.65331E+21,1.46857E+16,5.08928E+16
65829,14,5,11,0,2018,1,16,3,3,2,2,0,0,1,0,0,0,0,0,7.74916E+20,5.64303E+21,1.29079E+16,5.08734E+16
65830,14,7,29,160,2018,1,16,1,2,8,1,0,0,1,0,0,0,0,0,7.72127E+20,5.68249E+21,1.2898E+16,5.12288E+16
65831,14,6,26,110,2018,1,12,3,3,4,1,0,0,1,0,0,0,0,1,9.14057E+20,5.68267E+21,1.49216E+16,5.11453E+16
65832,14,6,26,600,2018,2,7,2,3,4,2,0,0,1,0,0,0,0,1,8.91494E+20,5.72122E+21,1.46429E+16,5.15061E+16
65833,14,7,29,370,2018,1,9,6,3,4,6,0,0,1,0,0,0,0,1,7.38634E+20,5.67817E+21,1.24163E+16,5.1205E+16
65834,14,6,25,530,2018,1,6,3,3,5,2,2,0,1,0,0,0,0,1,8.64428E+20,5.67301E+21,1.42054E+16,5.10925E+16
65835,14,5,23,10,2018,2,13,6,2,8,7,0,0,1,0,0,0,0,1,7.29625E+20,5.58289E+21,1.22281E+16,5.03533E+16
65836,14,5,23,430,2018,1,6,4,3,5,3,2,0,1,0,0,1,0,1,7.32543E+20,5.60521E+21,1.22829E+16,5.05525E+16
65837,14,6,27,230,2018,1,7,3,3,1,5,0,0,1,0,0,0,0,1,7.99489E+20,5.69219E+21,1.32969E+16,5.13021E+16
65838,14,6,26,370,2018,1,18,4,2,5,3,2,1,1,0,0,0,0,1,9.05476E+20,5.69853E+21,1.48174E+16,5.12933E+16
65839,14,6,12,0,2018,1,17,3,3,6,4,2,1,0,1,0,0,0,0,8.32471E+20,5.66582E+21,1.37441E+16,5.10475E+16
65840,14,5,24,190,2018,1,17,2,3,6,7,2,0,1,1,0,0,0,1,7.43409E+20,5.63806E+21,1.24576E+16,5.0843E+16
65841,14,6,12,0,2018,1,16,3,3,4,1,2,0,1,0,0,0,0,1,8.36316E+20,5.66813E+21,1.38009E+16,5.10659E+16
65842,14,5,24,310,2018,1,11,7,2,3,2,0,0,1,0,0,0,0,0,7.56123E+20,5.61898E+21,1.26246E+16,5.06662E+16
65843,14,6,28,10,2018,1,12,2,2,4,1,0,0,1,0,0,0,0,0,8.36008E+20,5.63425E+21,1.37653E+16,5.07625E+16
65844,14,5,22,310,2018,1,15,3,3,4,6,0,0,1,0,0,0,0,1,7.79136E+20,5.67731E+21,1.29941E+16,5.11789E+16
65845,14,5,11,0,2018,2,13,2,3,0,1,0,1,0,0,0,0,0,0,7.68486E+20,5.63593E+21,1.28115E+16,5.08128E+16
65846,14,5,23,270,2018,1,21,5,2,8,6,2,0,1,0,0,0,0,0,7.30405E+20,5.60318E+21,1.22515E+16,5.05352E+16
65847,14,5,21,310,2018,1,14,6,3,6,7,0,0,1,1,0,0,0,0,7.69559E+20,5.63243E+21,1.28241E+16,5.07809E+16
65848,14,5,21,700,2018,1,17,3,3,5,3,2,0,1,0,1,0,0,1,7.57649E+20,5.60729E+21,1.2638E+16,5.05607E+16
65849,14,6,28,10,2018,2,12,6,3,6,2,0,0,1,1,0,0,0,0,8.3519E+20,5.63451E+21,1.3754E+16,5.07653E+16
65850,14,5,21,630,2018,1,6,3,3,5,3,2,0,1,0,0,0,0,1,7.86698E+20,5.61509E+21,1.30532E+16,5.06171E+16
65851,14,6,27,60,2018,1,12,4,3,2,6,0,0,1,0,1,0,0,0,8.16073E+20,5.69257E+21,1.35344E+16,5.12965E+16