OBJECTID_1,ULAND,UREGBEZ,UKREIS,UGEMEINDE,UJAHR,UMONAT,USTUNDE,UWOCHENTAG,UKATEGORIE,UART,UTYP1,ULICHTVERH,IstRad,IstPKW,IstFuss,IstKrad,IstGkfz,IstSonstig,STRZUSTAND,LINREFX,LINREFY,XGCSWGS84,YGCSWGS84
65852,14,5,11,0,2018,1,11,3,3,4,2,0,0,1,0,0,0,0,1,7.7644E+20,5.64019E+21,1.29273E+16,5.08473E+16
65853,14,7,30,160,2018,1,11,7,3,8,1,0,0,1,0,0,0,0,1,7.53225E+20,5.71455E+21,1.26507E+16,5.15252E+16
65854,14,5,23,300,2018,1,14,3,3,2,6,0,0,1,0,0,0,0,0,7.23946E+20,5.58734E+21,1.2151E+16,5.03953E+16
65855,14,5,11,0,2018,1,18,3,2,6,4,2,0,1,1,0,0,0,1,7.73383E+20,5.64066E+21,1.28844E+16,5.08529E+16
65856,14,7,13,0,2018,2,12,6,2,2,6,0,0,1,0,0,0,0,0,7.28434E+20,5.68328E+21,1.22738E+16,5.1255E+16
65857,14,7,29,50,2018,1,14,3,3,2,1,0,0,1,0,0,0,0,2,7.47917E+20,5.66493E+21,1.25398E+16,5.10822E+16
65858,14,7,29,160,2018,1,7,4,3,4,2,0,0,1,0,0,0,0,1,7.69382E+20,5.68407E+21,1.28599E+16,5.12443E+16
65859,14,5,24,120,2018,1,10,3,3,9,1,0,0,1,0,0,0,0,1,7.62816E+20,5.63608E+21,1.27313E+16,5.08167E+16
65860,14,6,12,0,2018,1,7,4,2,2,6,0,0,1,0,0,0,0,0,8.23779E+20,5.66741E+21,1.36219E+16,5.10667E+16
65861,14,7,29,50,2018,1,14,3,2,3,1,0,0,1,0,0,0,0,1,7.48023E+20,5.66483E+21,1.25413E+16,5.10813E+16
65862,14,7,30,270,2018,1,16,2,2,5,3,0,0,1,0,0,1,0,1,7.29641E+20,5.70142E+21,1.23028E+16,5.14174E+16
65863,14,5,24,120,2018,1,10,3,2,8,1,0,0,1,0,0,0,0,1,7.62901E+20,5.63612E+21,1.27325E+16,5.08171E+16
65864,14,7,13,0,2018,1,13,7,3,5,3,0,0,1,0,0,0,1,0,7.33909E+20,5.69321E+21,1.23586E+16,5.1342E+16
65865,14,5,23,300,2018,1,4,7,2,8,1,2,0,1,0,0,0,0,1,7.22077E+20,5.59158E+21,1.21273E+16,5.04342E+16
65866,14,5,21,170,2018,1,16,3,2,4,6,1,0,1,0,0,0,0,2,7.55767E+20,5.60076E+21,1.2607E+16,5.05029E+16
65867,14,6,28,80,2018,2,6,1,3,8,1,2,0,1,0,0,0,0,2,8.42785E+20,5.65435E+21,1.38799E+16,5.09386E+16
65868,14,5,24,230,2018,1,19,5,3,8,1,2,0,1,0,0,0,0,0,7.6035E+20,5.63218E+21,1.26936E+16,5.07828E+16
65869,14,5,22,480,2018,2,18,6,2,0,1,2,1,0,0,0,0,0,0,8.04718E+20,5.66266E+21,1.33467E+16,5.10346E+16
65870,14,5,22,440,2018,1,18,3,1,6,4,2,0,1,1,0,0,0,1,7.9585E+20,5.64452E+21,1.32058E+16,5.08765E+16
65871,14,5,24,90,2018,1,15,3,3,5,3,0,1,1,0,0,0,0,0,7.57934E+20,5.61925E+21,1.26504E+16,5.06679E+16
65872,14,7,29,370,2018,1,6,2,3,2,6,2,0,1,0,0,0,1,0,7.41521E+20,5.67782E+21,1.24573E+16,5.12007E+16
65873,14,7,13,0,2018,1,10,7,3,5,2,0,0,1,0,0,0,0,1,7.33563E+20,5.69308E+21,1.23536E+16,5.13409E+16
65874,14,6,26,85,2018,1,15,3,3,2,6,0,0,1,0,0,0,0,0,8.93753E+20,5.6627E+21,1.4611E+16,5.09809E+16
65875,14,5,22,450,2018,1,6,2,2,2,2,2,0,1,0,1,0,0,1,7.90402E+20,5.68143E+21,1.31582E+16,5.12102E+16
65876,14,7,29,50,2018,1,17,2,2,4,2,2,1,1,0,0,0,0,1,7.44437E+20,5.66953E+21,1.24934E+16,5.1125E+16
65877,14,7,13,0,2018,1,18,7,3,4,2,2,0,1,0,0,0,0,0,7.40382E+20,5.69444E+21,1.24523E+16,5.13503E+16
65878,14,5,21,310,2018,1,3,7,2,8,1,2,0,1,0,0,0,0,1,7.71701E+20,5.62841E+21,1.28515E+16,5.07438E+16
65879,14,7,13,0,2018,1,10,2,3,2,6,0,0,1,0,0,0,0,0,7.28885E+20,5.69864E+21,1.22901E+16,5.13928E+16
65880,14,5,24,50,2018,2,12,7,2,0,7,0,0,0,0,1,0,0,1,7.45582E+20,5.63425E+21,1.24859E+16,5.08078E+16
65881,14,6,27,140,2018,1,16,2,3,5,3,2,0,1,0,0,0,0,1,8.12899E+20,5.67733E+21,1.34757E+16,5.11616E+16
65882,14,6,25,410,2018,1,7,2,3,4,2,0,0,1,0,0,0,0,0,8.53155E+20,5.68017E+21,1.40521E+16,5.11637E+16
65883,14,7,13,0,2018,1,20,7,2,6,4,2,0,1,1,0,0,0,0,7.42442E+20,5.69581E+21,1.24827E+16,5.13617E+16
65884,14,6,25,250,2018,1,15,2,2,0,1,0,1,0,0,0,0,0,0,8.56042E+20,5.69276E+21,1.41057E+16,5.12746E+16
65885,14,5,11,0,2018,2,17,1,2,5,3,2,0,1,0,0,0,0,1,7.77395E+20,5.64013E+21,1.29408E+16,5.08463E+16
65886,14,7,13,0,2018,1,9,5,2,8,1,0,0,0,0,1,0,0,0,7.29676E+20,5.6925E+21,1.22975E+16,5.13373E+16
65887,14,6,25,20,2018,2,7,5,3,4,2,1,0,1,0,0,1,0,1,8.80672E+20,5.68393E+21,1.44479E+16,5.11797E+16
65888,14,6,25,60,2018,1,15,2,3,3,6,0,1,1,0,0,0,0,0,8.61995E+20,5.68211E+21,1.41799E+16,5.11755E+16
65889,14,7,13,0,2018,1,18,3,3,6,2,2,0,1,1,0,0,0,0,7.36341E+20,5.69249E+21,1.2393E+16,5.13345E+16
65890,14,6,25,380,2018,1,6,2,2,2,6,2,0,1,0,0,0,0,0,8.72821E+20,5.67541E+21,1.43272E+16,5.11086E+16
65891,14,6,25,10,2018,1,15,7,2,8,1,0,0,1,0,0,0,0,1,8.48136E+20,5.67351E+21,1.39741E+16,5.11071E+16
65892,14,6,12,0,2018,1,17,3,3,6,2,1,0,1,1,0,0,0,0,8.42315E+20,5.66809E+21,1.38862E+16,5.1062E+16
65893,14,5,11,0,2018,1,13,2,2,6,4,0,0,1,1,0,0,0,1,7.78131E+20,5.63856E+21,1.29501E+16,5.08318E+16
65894,14,6,25,20,2018,1,14,2,3,5,3,0,1,1,0,0,0,0,0,8.7995E+20,5.68401E+21,1.44377E+16,5.1181E+16
65895,14,5,24,120,2018,1,7,6,2,6,2,1,0,1,1,0,0,0,1,7.6161E+20,5.63411E+21,1.27128E+16,5.07996E+16
65896,14,6,28,70,2018,1,20,2,3,5,3,2,0,1,0,0,0,0,1,8.46155E+20,5.6538E+21,1.39271E+16,5.09317E+16
65897,14,6,28,220,2018,2,21,7,3,8,1,2,0,1,0,0,0,0,2,8.31791E+20,5.65575E+21,1.37252E+16,5.09577E+16
65898,14,5,11,0,2018,1,14,5,3,3,6,0,0,1,0,0,0,0,0,7.747E+20,5.643E+21,1.29048E+16,5.08733E+16
65899,14,6,28,110,2018,1,7,2,3,2,6,0,0,1,0,0,0,0,0,8.25676E+20,5.65892E+21,1.36413E+16,5.09895E+16
65900,14,5,24,190,2018,1,15,4,3,2,6,0,0,1,0,0,0,0,1,7.43142E+20,5.63826E+21,1.2454E+16,5.08449E+16
65901,14,7,29,160,2018,1,13,4,3,2,2,0,0,1,0,0,0,0,0,7.60305E+20,5.68326E+21,1.27296E+16,5.12413E+16
65902,14,6,12,0,2018,1,17,2,3,5,2,1,0,1,0,0,0,0,0,8.35589E+20,5.67633E+21,1.37982E+16,5.11399E+16
65903,14,6,27,250,2018,1,23,5,2,2,6,2,0,1,0,0,0,1,0,8.28857E+20,5.69977E+21,1.37238E+16,5.13538E+16
65904,14,6,12,0,2018,1,7,2,3,2,6,2,0,1,0,0,0,1,0,8.316E+20,5.67268E+21,1.3738E+16,5.11095E+16
65905,14,5,22,210,2018,2,9,5,3,2,2,0,0,1,0,0,0,1,1,8.01885E+20,5.66057E+21,1.33047E+16,5.10172E+16
65906,14,5,22,250,2018,1,16,2,3,8,1,2,0,0,0,0,0,1,0,7.74056E+20,5.66985E+21,1.29159E+16,5.11145E+16
65907,14,5,22,440,2018,1,13,3,3,9,1,0,0,1,0,0,0,0,1,7.92492E+20,5.64254E+21,1.31566E+16,5.08604E+16
65908,14,5,11,0,2018,1,15,2,3,2,6,0,0,1,0,0,1,0,0,7.76472E+20,5.63871E+21,1.29267E+16,5.08339E+16
65909,14,6,25,640,2018,1,15,7,3,5,2,0,0,1,0,0,0,0,0,8.63306E+20,5.70524E+21,1.42221E+16,5.13818E+16
65910,14,5,24,330,2018,1,17,2,3,2,6,2,0,1,0,0,0,0,0,7.44038E+20,5.62427E+21,1.24574E+16,5.07189E+16
65911,14,5,21,710,2018,1,12,2,2,9,6,0,0,1,0,0,1,0,0,7.68384E+20,5.62212E+21,1.28E+16,5.06889E+16
65912,14,6,25,20,2018,2,14,2,3,5,3,0,0,1,0,0,0,0,1,8.76771E+20,5.68262E+21,1.43909E+16,5.11706E+16
65913,14,7,13,0,2018,1,13,6,2,9,1,0,0,1,0,0,0,0,1,7.38901E+20,5.69921E+21,1.24342E+16,5.13937E+16
65914,14,7,30,360,2018,1,6,1,3,8,1,2,0,1,0,0,0,0,2,7.49882E+20,5.71431E+21,1.26024E+16,5.15245E+16
65915,14,7,30,230,2018,2,10,6,2,0,7,0,0,1,0,0,0,0,0,7.86414E+20,5.69121E+21,1.31091E+16,5.13E+16
65916,14,7,13,0,2018,1,20,1,3,9,1,2,0,1,0,0,0,0,0,7.36738E+20,5.70186E+21,1.2405E+16,5.14184E+16
65917,14,5,21,590,2018,1,8,4,3,2,6,0,0,1,0,0,0,0,0,7.6534E+20,5.62461E+21,1.27588E+16,5.07126E+16
65918,14,7,29,300,2018,1,18,1,3,3,6,2,0,1,0,0,0,0,0,7.52087E+20,5.68913E+21,1.26162E+16,5.12976E+16
65919,14,6,27,260,2018,1,5,4,3,8,7,1,0,0,0,0,1,0,0,7.94537E+20,5.68605E+21,1.3221E+16,5.12496E+16
65920,14,7,29,70,2018,1,20,1,3,3,6,2,0,1,0,0,0,0,0,7.47869E+20,5.69037E+21,1.25567E+16,5.13106E+16
65921,14,7,30,310,2018,1,18,2,3,5,3,2,0,1,0,0,0,0,1,7.76656E+20,5.71984E+21,1.29918E+16,5.15616E+16
65922,14,7,29,260,2018,1,10,1,2,4,2,0,1,1,0,0,0,0,0,7.35828E+20,5.6839E+21,1.238E+16,5.12576E+16
65923,14,6,27,310,2018,1,12,7,3,4,2,0,0,1,0,0,0,0,0,8.19556E+20,5.67605E+21,1.35695E+16,5.11465E+16
65924,14,5,22,150,2018,1,8,1,2,8,1,0,0,1,0,0,0,0,0,7.8549E+20,5.65168E+21,1.30646E+16,5.09459E+16
65925,14,6,25,480,2018,1,13,1,3,4,2,0,0,1,0,0,0,0,0,8.44002E+20,5.67587E+21,1.39175E+16,5.11307E+16
65926,14,5,22,220,2018,2,2,1,2,9,1,2,0,0,0,0,1,0,2,7.80372E+20,5.67835E+21,1.30125E+16,5.11877E+16
65927,14,5,24,330,2018,1,15,2,3,3,2,0,0,1,0,0,0,0,1,7.44525E+20,5.62432E+21,1.24643E+16,5.07192E+16
65928,14,6,25,490,2018,1,14,1,2,5,3,0,0,1,0,0,0,0,0,8.78604E+20,5.69236E+21,1.44273E+16,5.12566E+16
65929,14,6,12,0,2018,1,16,7,3,0,3,1,1,0,0,0,0,1,0,8.32109E+20,5.66544E+21,1.37386E+16,5.10443E+16
65930,14,6,28,270,2018,1,11,2,3,5,3,0,0,0,0,1,0,1,0,8.47454E+20,5.65682E+21,1.39484E+16,5.0958E+16
65931,14,6,28,60,2018,1,13,1,3,5,3,0,0,1,0,0,0,0,0,8.2987E+20,5.65009E+21,1.36928E+16,5.0908E+16
65932,14,6,28,80,2018,2,16,2,3,2,6,0,0,1,0,0,0,0,0,8.36995E+20,5.65828E+21,1.38014E+16,5.09773E+16
65933,14,6,27,270,2018,1,13,6,2,4,1,0,0,1,0,0,1,0,0,7.9549E+20,5.6972E+21,1.32439E+16,5.13491E+16
65934,14,6,28,380,2018,1,17,1,2,4,7,2,0,1,0,0,0,0,0,8.56291E+20,5.66789E+21,1.40846E+16,5.10517E+16
65935,14,6,26,370,2018,2,8,6,3,5,3,0,1,1,0,0,0,0,0,9.06154E+20,5.69851E+21,1.48271E+16,5.12926E+16
65936,14,6,12,0,2018,1,14,1,2,5,2,0,0,1,0,0,0,0,0,8.37514E+20,5.65834E+21,1.38088E+16,5.09775E+16
65937,14,7,30,270,2018,1,16,4,3,5,3,2,0,1,0,0,0,0,0,7.23544E+20,5.69958E+21,1.22141E+16,5.14033E+16
65938,14,5,11,0,2018,1,17,1,3,4,2,2,0,1,0,0,0,0,0,7.76679E+20,5.63787E+21,1.2929E+16,5.08263E+16
65939,14,6,28,40,2018,1,10,7,3,2,6,0,0,1,0,0,0,0,0,8.43574E+20,5.6492E+21,1.38862E+16,5.0892E+16
65940,14,5,21,630,2018,1,13,4,3,2,2,0,0,1,0,0,0,0,1,7.82661E+20,5.61337E+21,1.2995E+16,5.06036E+16
65941,14,6,26,230,2018,1,13,2,2,2,6,0,0,1,0,0,1,0,0,9.12499E+20,5.6913E+21,1.49093E+16,5.12236E+16
65942,14,5,23,410,2018,1,0,7,2,8,1,2,0,1,0,0,0,0,1,7.28393E+20,5.59474E+21,1.2218E+16,5.04601E+16
65943,14,6,27,60,2018,1,18,7,2,5,3,2,0,1,0,0,0,0,1,8.15949E+20,5.69178E+21,1.35319E+16,5.12895E+16
65944,14,6,27,140,2018,1,5,6,2,0,7,2,1,0,0,0,0,0,1,8.13332E+20,5.67741E+21,1.3482E+16,5.11622E+16
65945,14,5,23,190,2018,1,16,7,2,5,3,1,0,1,0,0,0,0,1,7.31814E+20,5.60922E+21,1.22751E+16,5.05888E+16
65946,14,7,30,360,2018,1,11,7,3,9,1,0,0,1,0,0,0,0,2,7.49967E+20,5.71135E+21,1.26015E+16,5.14979E+16
65947,14,5,22,250,2018,2,9,1,3,3,6,0,0,1,0,0,0,0,1,7.74869E+20,5.66929E+21,1.29271E+16,5.11091E+16
65948,14,7,29,40,2018,1,14,5,3,8,1,0,0,1,0,0,0,0,1,7.36823E+20,5.67904E+21,1.2391E+16,5.12136E+16
65949,14,5,23,440,2018,2,13,5,2,8,1,0,0,1,0,0,0,0,0,7.19337E+20,5.5817E+21,1.2083E+16,5.03465E+16
65950,14,7,13,0,2018,1,5,7,3,6,2,1,0,0,1,0,0,1,1,7.31286E+20,5.69727E+21,1.23237E+16,5.13795E+16
65951,14,5,23,300,2018,1,16,3,3,4,7,1,0,1,0,0,0,0,1,7.24894E+20,5.5894E+21,1.21656E+16,5.04136E+16
65952,14,7,29,190,2018,1,17,7,3,4,6,2,0,1,0,0,0,0,0,7.45177E+20,5.68476E+21,1.25143E+16,5.12614E+16
65953,14,5,21,150,2018,1,20,7,2,0,1,2,0,1,0,0,0,0,1,7.82452E+20,5.62003E+21,1.29971E+16,5.06635E+16
65954,14,5,11,0,2018,1,10,6,2,5,2,0,0,1,0,0,0,0,1,7.69847E+20,5.64261E+21,1.28357E+16,5.0872E+16
65955,14,6,28,190,2018,1,19,7,2,8,1,2,0,1,0,0,0,0,0,8.60181E+20,5.65992E+21,1.4132E+16,5.09779E+16
65956,14,6,12,0,2018,2,9,6,3,2,6,0,0,1,0,0,0,0,0,8.32769E+20,5.6676E+21,1.375E+16,5.10632E+16
65957,14,5,21,710,2018,1,21,7,3,5,3,2,0,1,0,0,0,0,0,7.69195E+20,5.61574E+21,1.28068E+16,5.06313E+16
65958,14,5,21,550,2018,1,19,4,2,5,3,1,0,1,0,0,0,0,0,7.69807E+20,5.60483E+21,1.28075E+16,5.05331E+16
65959,14,5,24,330,2018,1,12,6,3,5,3,0,0,1,0,0,0,0,0,7.46203E+20,5.62452E+21,1.24882E+16,5.07202E+16
65960,14,5,21,170,2018,1,9,7,3,9,1,0,0,1,0,0,0,0,2,7.55986E+20,5.60101E+21,1.26103E+16,5.0505E+16
65961,14,5,23,160,2018,1,17,3,2,6,4,2,0,1,1,0,0,0,0,7.46715E+20,5.58396E+21,1.24686E+16,5.03559E+16
65962,14,5,21,120,2018,1,16,2,3,2,6,1,0,1,0,0,0,0,1,7.76891E+20,5.62821E+21,1.29247E+16,5.07395E+16
65963,14,5,24,330,2018,1,6,6,2,9,7,2,0,1,0,0,0,0,1,7.47045E+20,5.62746E+21,1.25021E+16,5.07463E+16
65964,14,5,21,630,2018,1,0,7,3,9,1,2,0,1,0,0,0,0,2,7.86476E+20,5.61558E+21,1.30504E+16,5.06216E+16
65965,14,6,28,40,2018,1,11,7,3,8,1,0,0,1,0,0,0,0,1,8.45885E+20,5.65019E+21,1.39199E+16,5.08995E+16
65966,14,5,24,330,2018,1,14,6,3,4,2,0,0,1,0,0,0,0,1,7.46734E+20,5.62346E+21,1.2495E+16,5.07105E+16
65967,14,5,23,320,2018,2,20,7,2,8,1,2,0,1,0,0,0,0,2,7.20903E+20,5.60113E+21,1.21164E+16,5.05204E+16
65968,14,6,27,220,2018,1,21,1,2,9,1,2,0,1,0,0,0,0,2,8.28847E+20,5.68015E+21,1.37056E+16,5.1178E+16
65969,14,6,25,20,2018,1,6,5,3,5,3,2,0,1,0,0,0,0,0,8.80199E+20,5.68398E+21,1.44412E+16,5.11805E+16
65970,14,6,12,0,2018,2,14,5,3,1,6,0,0,1,0,0,0,0,0,8.28499E+20,5.66844E+21,1.369E+16,5.10732E+16
65971,14,5,24,330,2018,1,15,6,3,5,3,0,0,1,0,0,0,0,1,7.45033E+20,5.62448E+21,1.24716E+16,5.07204E+16
65972,14,6,25,480,2018,1,7,3,3,8,1,2,0,1,0,0,0,0,1,8.46038E+20,5.66853E+21,1.39395E+16,5.10637E+16
65973,14,7,30,20,2018,1,7,6,3,3,6,2,1,0,0,0,0,1,1,7.48342E+20,5.72367E+21,1.25869E+16,5.16092E+16
65974,14,5,23,160,2018,1,21,6,3,8,1,2,0,1,0,0,0,0,2,7.39749E+20,5.58362E+21,1.23706E+16,5.03557E+16
65975,14,5,11,0,2018,1,11,3,3,3,2,0,0,1,0,0,1,0,0,7.69926E+20,5.63741E+21,1.2833E+16,5.08253E+16
65976,14,7,13,0,2018,1,7,1,3,9,1,0,0,1,0,0,0,0,1,7.26754E+20,5.69342E+21,1.22562E+16,5.13468E+16
65977,14,7,30,70,2018,1,16,6,2,5,3,0,1,1,0,0,0,0,0,7.31481E+20,5.71408E+21,1.23375E+16,5.15303E+16
65978,14,6,26,610,2018,2,9,2,3,9,1,0,0,1,0,0,0,0,2,9.13281E+20,5.66176E+21,1.48867E+16,5.09588E+16
65979,14,5,24,200,2018,1,6,6,3,8,1,2,0,0,0,0,0,1,0,7.57353E+20,5.6239E+21,1.26454E+16,5.07099E+16
65980,14,6,26,300,2018,1,18,3,2,4,1,1,0,1,0,0,0,0,0,9.1228E+20,5.68277E+21,1.48964E+16,5.11475E+16
65981,14,5,21,160,2018,1,16,2,2,4,1,2,0,1,0,0,0,1,2,7.8016E+20,5.62035E+21,1.2965E+16,5.06675E+16
65982,14,7,13,0,2018,1,8,6,3,3,2,1,1,1,0,0,0,0,1,7.3355E+20,5.6931E+21,1.23534E+16,5.13412E+16
65983,14,6,26,85,2018,1,6,6,3,5,3,2,0,1,0,0,0,0,2,8.94026E+20,5.66418E+21,1.46165E+16,5.09939E+16
65984,14,5,24,330,2018,1,7,6,3,0,1,1,1,0,0,0,0,0,0,7.47721E+20,5.62256E+21,1.25083E+16,5.0702E+16
65985,14,7,13,0,2018,1,16,6,3,5,3,0,0,1,0,0,0,0,1,7.272E+20,5.69338E+21,1.22626E+16,5.13462E+16
65986,14,7,30,250,2018,2,16,7,3,9,1,0,0,1,0,0,0,0,1,7.36061E+20,5.70763E+21,1.23991E+16,5.14706E+16
65987,14,5,21,390,2018,1,9,5,3,2,6,0,0,1,0,0,0,0,1,7.91564E+20,5.61926E+21,1.31251E+16,5.06521E+16
65988,14,6,25,200,2018,1,12,6,2,6,4,0,0,1,1,0,0,0,1,8.53713E+20,5.67858E+21,1.40585E+16,5.11491E+16
65989,14,5,11,0,2018,2,10,5,3,6,4,0,0,0,1,0,0,1,0,7.75577E+20,5.63582E+21,1.29118E+16,5.08085E+16
65990,14,6,28,390,2018,1,7,6,3,2,6,0,0,1,0,0,0,0,1,8.49645E+20,5.65594E+21,1.39787E+16,5.09488E+16
65991,14,5,11,0,2018,1,10,3,2,6,4,0,1,0,1,0,0,0,1,7.74997E+20,5.63773E+21,1.2905E+16,5.08259E+16
65992,14,6,27,170,2018,1,15,6,3,5,3,0,0,1,0,0,0,0,1,8.15131E+20,5.68095E+21,1.35107E+16,5.11928E+16
65993,14,6,25,370,2018,1,15,6,3,8,1,0,0,1,0,0,0,0,0,8.48845E+20,5.69349E+21,1.40036E+16,5.12857E+16
65994,14,6,26,310,2018,1,11,2,3,2,6,0,0,1,0,0,0,0,0,9.07868E+20,5.65918E+21,1.48071E+16,5.09395E+16
65995,14,6,12,0,2018,1,16,6,3,2,6,2,0,1,0,0,0,1,0,8.36507E+20,5.66037E+21,1.37964E+16,5.09963E+16
65996,14,6,27,230,2018,2,14,2,3,5,3,0,1,1,0,0,0,0,0,7.98148E+20,5.69428E+21,1.32795E+16,5.13215E+16
65997,14,7,29,80,2018,1,17,6,2,5,3,2,1,1,0,0,0,0,1,7.66522E+20,5.67075E+21,1.28092E+16,5.11261E+16
65998,14,6,12,0,2018,1,7,6,3,5,2,0,1,0,0,0,0,1,1,8.31861E+20,5.66753E+21,1.3737E+16,5.10632E+16
65999,14,7,30,300,2018,2,12,6,3,5,3,0,1,1,0,0,0,0,0,7.42143E+20,5.69717E+21,1.24793E+16,5.1374E+16
66000,14,6,25,430,2018,1,5,6,2,3,6,2,0,1,0,0,0,0,1,8.37018E+20,5.68001E+21,1.3822E+16,5.11719E+16
66001,14,7,30,270,2018,1,5,4,2,8,7,2,0,0,0,0,1,0,0,7.21981E+20,5.70113E+21,1.21926E+16,5.14178E+16
66002,14,6,12,0,2018,1,17,6,3,5,2,2,1,1,0,0,0,0,0,8.31652E+20,5.66431E+21,1.37311E+16,5.10344E+16
66003,14,7,29,160,2018,1,6,6,2,8,1,2,0,1,0,0,0,0,1,7.5826E+20,5.67766E+21,1.26963E+16,5.11919E+16
66004,14,6,12,0,2018,1,11,6,3,5,3,0,1,0,0,0,0,1,1,8.31328E+20,5.66545E+21,1.37275E+16,5.10448E+16
66005,14,5,21,110,2018,2,14,7,3,9,7,0,0,1,0,0,0,0,1,7.6755E+20,5.60192E+21,1.27737E+16,5.0508E+16
66006,14,5,24,230,2018,1,17,4,3,4,2,1,0,1,0,0,0,0,0,7.60362E+20,5.63215E+21,1.26937E+16,5.07825E+16
66007,14,5,21,20,2018,1,13,6,3,2,6,0,0,1,0,0,0,0,1,7.84202E+20,5.61049E+21,1.30145E+16,5.05771E+16
66008,14,7,30,330,2018,1,5,4,2,4,6,2,0,1,0,0,1,0,0,7.81351E+20,5.68862E+21,1.30346E+16,5.12794E+16
66009,14,5,22,80,2018,1,0,6,2,6,6,2,0,0,1,0,0,1,1,7.88745E+20,5.67166E+21,1.31267E+16,5.11235E+16
66010,14,5,24,330,2018,1,12,2,3,5,3,0,0,1,0,0,0,0,1,7.44322E+20,5.62427E+21,1.24614E+16,5.07188E+16
66011,14,5,24,310,2018,1,14,5,3,2,5,0,0,1,0,0,0,0,0,7.55086E+20,5.61915E+21,1.26101E+16,5.06682E+16
66012,14,6,25,450,2018,1,19,6,3,1,5,2,0,1,0,0,0,0,0,8.50537E+20,5.68234E+21,1.40169E+16,5.11847E+16
66013,14,6,28,50,2018,1,9,2,3,5,3,0,0,1,0,0,0,0,0,8.31757E+20,5.66123E+21,1.37297E+16,5.10067E+16
66014,14,5,24,60,2018,1,8,5,2,8,1,0,0,1,0,0,0,0,1,7.37966E+20,5.62325E+21,1.23709E+16,5.07122E+16
66015,14,5,24,30,2018,2,15,2,3,2,6,0,0,1,0,0,0,0,0,7.40179E+20,5.63675E+21,1.2411E+16,5.08326E+16
66016,14,5,23,300,2018,1,13,5,3,4,1,0,0,1,0,0,1,0,1,7.26194E+20,5.58819E+21,1.21831E+16,5.04021E+16
66017,14,5,11,0,2018,1,15,6,3,1,5,0,1,1,0,0,0,0,0,7.74823E+20,5.6399E+21,1.29042E+16,5.08454E+16
66018,14,5,24,300,2018,1,14,5,3,9,1,0,0,1,0,0,0,0,1,7.413E+20,5.62349E+21,1.24182E+16,5.07131E+16
66019,14,6,27,140,2018,2,11,6,3,2,6,0,0,1,0,0,0,1,0,8.13869E+20,5.67801E+21,1.34901E+16,5.11672E+16
66020,14,5,24,180,2018,1,9,5,3,9,1,0,0,1,0,0,0,0,2,7.61734E+20,5.64291E+21,1.27208E+16,5.08785E+16
66021,14,6,27,180,2018,1,0,4,3,5,2,2,1,1,0,0,0,0,1,8.00488E+20,5.6654E+21,1.32888E+16,5.10613E+16
66022,14,5,24,180,2018,1,8,5,3,9,1,0,0,1,0,0,0,0,2,7.61804E+20,5.64283E+21,1.27218E+16,5.08777E+16
66023,14,6,26,230,2018,1,11,6,2,8,1,0,0,1,0,0,0,0,1,9.11014E+20,5.69269E+21,1.48897E+16,5.12371E+16
66024,14,5,24,330,2018,1,15,3,3,2,6,0,0,1,0,0,0,0,0,7.4532E+20,5.62451E+21,1.24757E+16,5.07205E+16
66025,14,6,28,360,2018,1,12,2,3,9,7,0,0,1,0,0,0,0,1,8.66228E+20,5.65496E+21,1.42128E+16,5.09297E+16
66026,14,5,23,430,2018,1,11,5,2,9,1,0,0,1,0,0,0,0,1,7.30646E+20,5.60339E+21,1.2255E+16,5.05369E+16
66027,14,6,28,20,2018,1,7,6,3,9,1,0,0,1,0,0,0,0,1,8.48395E+20,5.64279E+21,1.39484E+16,5.08317E+16
66028,14,7,13,0,2018,1,16,7,2,6,4,0,0,0,1,0,0,1,0,7.34342E+20,5.69337E+21,1.2365E+16,5.13432E+16
66029,14,6,12,0,2018,1,16,4,3,5,3,0,1,0,0,0,0,1,0,8.30967E+20,5.66657E+21,1.37234E+16,5.1055E+16
66030,14,5,23,20,2018,1,6,5,3,4,6,1,0,1,0,0,0,0,1,7.40673E+20,5.59878E+21,1.23933E+16,5.04915E+16
66031,14,7,29,270,2018,1,7,2,3,6,2,2,0,1,1,0,0,0,1,7.24777E+20,5.68873E+21,1.22249E+16,5.13054E+16
66032,14,5,23,320,2018,1,14,5,2,6,4,0,0,0,1,0,0,1,1,7.2355E+20,5.5982E+21,1.21519E+16,5.0493E+16
66033,14,5,23,130,2018,1,21,7,3,9,1,2,0,1,0,0,0,0,2,7.3951E+20,5.59172E+21,1.23724E+16,5.04286E+16
66034,14,5,23,450,2018,1,6,5,2,7,7,2,0,1,0,0,0,1,1,7.20367E+20,5.59141E+21,1.21031E+16,5.04333E+16
66035,14,6,25,20,2018,2,12,1,3,2,6,0,0,1,0,0,0,0,0,8.80678E+20,5.68393E+21,1.44479E+16,5.11797E+16
66036,14,5,23,80,2018,1,16,5,2,1,7,1,0,1,0,0,0,0,0,7.27985E+20,5.58521E+21,1.22065E+16,5.03747E+16
66037,14,6,12,0,2018,2,12,6,2,2,6,0,0,1,0,0,0,0,0,8.29372E+20,5.67135E+21,1.37051E+16,5.10989E+16