OBJECTID_1,ULAND,UREGBEZ,UKREIS,UGEMEINDE,UJAHR,UMONAT,USTUNDE,UWOCHENTAG,UKATEGORIE,UART,UTYP1,ULICHTVERH,IstRad,IstPKW,IstFuss,IstKrad,IstGkfz,IstSonstig,STRZUSTAND,LINREFX,LINREFY,XGCSWGS84,YGCSWGS84
66409,14,6,27,140,2018,2,10,6,2,5,3,0,0,1,0,0,0,0,0,8.14212E+20,5.6792E+21,1.34961E+16,5.11777E+16
66410,14,5,23,320,2018,3,17,7,3,0,1,0,0,0,0,1,0,0,0,7.2315E+20,5.59632E+21,1.21452E+16,5.04763E+16
66411,14,5,21,440,2018,3,14,4,3,4,6,0,0,1,0,0,0,0,1,7.83864E+20,5.59473E+21,1.29977E+16,5.04358E+16
66412,14,7,29,410,2018,2,16,7,3,1,5,0,1,1,0,0,0,0,0,7.6003E+20,5.69791E+21,1.27363E+16,5.13728E+16
66413,14,5,24,320,2018,2,10,2,3,8,1,0,0,1,0,0,0,0,0,7.48969E+20,5.61731E+21,1.25224E+16,5.06543E+16
66414,14,5,21,380,2018,2,2,4,3,9,1,2,0,1,0,0,0,0,1,7.64307E+20,5.62748E+21,1.27462E+16,5.07389E+16
66415,14,6,12,0,2018,3,16,5,3,3,7,0,0,1,0,0,0,0,0,8.22506E+20,5.67016E+21,1.36063E+16,5.10921E+16
66416,14,6,12,0,2018,2,9,2,3,6,7,0,1,0,1,0,0,0,0,8.30892E+20,5.66646E+21,1.37222E+16,5.10541E+16
66417,14,6,27,60,2018,2,20,6,3,4,1,2,0,1,0,0,0,0,1,8.15163E+20,5.69117E+21,1.35202E+16,5.12845E+16
66418,14,7,29,360,2018,3,16,1,3,5,2,0,0,1,0,1,0,0,0,7.41721E+20,5.66593E+21,1.24522E+16,5.10939E+16
66419,14,6,12,0,2018,3,18,4,3,5,3,2,0,1,0,0,0,0,0,8.32543E+20,5.6669E+21,1.37461E+16,5.10571E+16
66420,14,6,26,310,2018,2,3,1,3,8,1,2,0,1,0,0,0,0,1,9.0731E+20,5.65817E+21,1.47981E+16,5.09309E+16
66421,14,6,12,0,2018,2,19,3,3,8,7,2,0,1,0,0,0,0,0,8.35158E+20,5.6602E+21,1.37771E+16,5.09956E+16
66422,14,5,22,460,2018,2,15,4,3,5,2,0,0,1,0,0,0,0,0,7.59863E+20,5.65592E+21,1.27036E+16,5.09961E+16
66423,14,6,28,380,2018,3,17,3,2,8,1,1,0,0,0,0,0,1,1,8.58125E+20,5.66428E+21,1.41071E+16,5.10183E+16
66424,14,5,23,160,2018,2,16,4,3,2,6,0,0,1,0,0,0,0,0,7.47617E+20,5.58989E+21,1.24851E+16,5.04088E+16
66425,14,6,28,110,2018,2,10,7,3,5,3,0,0,1,0,0,0,0,0,8.26308E+20,5.65971E+21,1.3651E+16,5.09963E+16
66426,14,5,24,90,2018,2,11,3,2,4,2,0,0,1,0,0,0,0,0,7.6124E+20,5.62194E+21,1.26989E+16,5.06905E+16
66427,14,6,26,160,2018,3,7,6,2,8,1,0,0,1,0,0,0,0,2,9.06085E+20,5.70572E+21,1.48343E+16,5.13572E+16
66428,14,6,26,480,2018,2,14,6,2,8,1,0,0,1,0,0,0,0,0,9.13454E+20,5.70158E+21,1.49348E+16,5.13149E+16
66429,14,7,30,310,2018,3,15,6,3,5,3,0,0,1,0,0,0,0,0,7.76657E+20,5.71983E+21,1.29918E+16,5.15616E+16
66430,14,6,12,0,2018,2,12,3,3,2,6,0,0,1,0,0,0,0,0,8.32275E+20,5.66562E+21,1.37411E+16,5.10458E+16
66431,14,6,28,400,2018,2,19,6,3,5,2,2,0,1,0,0,1,0,0,8.16445E+20,5.65263E+21,1.35047E+16,5.09383E+16
66432,14,7,30,310,2018,3,9,2,3,4,2,0,0,1,0,0,0,0,1,7.75424E+20,5.72044E+21,1.29745E+16,5.15676E+16
66433,14,5,23,450,2018,3,7,4,2,8,1,0,0,1,0,0,0,0,1,7.11693E+20,5.58803E+21,1.19793E+16,5.04061E+16
66434,14,7,30,20,2018,2,14,3,3,6,4,0,0,1,1,0,0,0,0,7.48754E+20,5.72192E+21,1.25916E+16,5.15933E+16
66435,14,7,30,190,2018,2,18,4,3,2,2,2,0,1,0,0,0,0,0,7.72265E+20,5.71074E+21,1.29216E+16,5.14822E+16
66436,14,5,23,310,2018,2,22,7,3,6,6,2,0,0,1,0,0,1,0,7.07696E+20,5.60286E+21,1.19313E+16,5.05408E+16
66437,14,6,12,0,2018,2,11,6,3,2,6,0,0,1,0,0,0,0,0,8.28504E+20,5.66779E+21,1.36895E+16,5.10674E+16
66438,14,6,28,60,2018,3,18,7,3,4,2,1,1,1,0,0,0,0,0,8.3026E+20,5.64098E+21,1.36902E+16,5.08262E+16
66439,14,5,24,330,2018,3,8,3,3,0,1,0,0,0,0,1,0,0,1,7.46119E+20,5.62685E+21,1.24885E+16,5.07412E+16
66440,14,5,24,330,2018,2,13,6,3,2,6,0,0,1,0,0,0,0,0,7.47174E+20,5.624E+21,1.25016E+16,5.07152E+16
66441,14,6,28,270,2018,2,16,7,3,5,3,1,0,1,0,0,0,0,0,8.45267E+20,5.66014E+21,1.39206E+16,5.09891E+16
66442,14,7,13,0,2018,2,15,2,3,2,6,0,0,1,0,0,0,0,0,7.36661E+20,5.6956E+21,1.23997E+16,5.13623E+16
66443,14,5,24,300,2018,2,18,3,3,4,6,2,0,1,0,0,0,0,0,7.38375E+20,5.62591E+21,1.23784E+16,5.07359E+16
66444,14,5,22,20,2018,3,17,3,2,9,1,2,0,1,0,0,0,0,2,7.85046E+20,5.63815E+21,1.30477E+16,5.08248E+16
66445,14,6,25,20,2018,2,14,4,2,4,2,0,1,1,0,0,0,0,0,8.79985E+20,5.68314E+21,1.44372E+16,5.11731E+16
66446,14,5,23,450,2018,2,23,3,2,9,6,2,0,1,0,0,0,1,1,7.17203E+20,5.58947E+21,1.20575E+16,5.0417E+16
66447,14,6,12,0,2018,3,7,6,2,6,2,0,0,1,1,0,0,0,0,8.25838E+20,5.66929E+21,1.36529E+16,5.10824E+16
66448,14,5,24,10,2018,2,15,5,2,2,1,0,0,1,0,0,0,0,0,7.59516E+20,5.63127E+21,1.26811E+16,5.07751E+16
66449,14,6,25,20,2018,3,14,6,3,2,6,0,0,1,0,0,0,0,0,8.82536E+20,5.68632E+21,1.44769E+16,5.11998E+16
66450,14,5,23,340,2018,2,17,2,3,2,6,0,0,1,0,0,0,1,0,7.33319E+20,5.61376E+21,1.22992E+16,5.06289E+16
66451,14,6,27,100,2018,2,14,6,3,2,6,0,0,1,0,0,0,0,0,8.16374E+20,5.66628E+21,1.35156E+16,5.10607E+16
66452,14,5,22,500,2018,3,17,3,2,4,1,2,0,1,0,0,0,0,2,7.83314E+20,5.65408E+21,1.30355E+16,5.09685E+16
66453,14,7,30,270,2018,2,10,4,3,6,4,0,0,1,1,0,0,0,1,7.24607E+20,5.69856E+21,1.22287E+16,5.13937E+16
66454,14,5,24,250,2018,2,20,3,2,8,6,2,0,1,0,0,0,1,0,7.51303E+20,5.61978E+21,1.25571E+16,5.06755E+16
66455,14,6,27,110,2018,3,7,6,3,9,1,1,0,1,0,0,0,0,2,8.28441E+20,5.70023E+21,1.37183E+16,5.13582E+16
66456,14,5,21,20,2018,2,8,6,3,8,1,0,0,1,0,0,0,0,0,7.83865E+20,5.6116E+21,1.30106E+16,5.05872E+16
66457,14,6,25,240,2018,3,5,6,2,8,1,2,0,1,0,0,0,0,0,8.67063E+20,5.71446E+21,1.42854E+16,5.1462E+16
66458,14,5,21,550,2018,2,6,3,3,2,1,0,0,1,0,0,0,0,2,7.68566E+20,5.60387E+21,1.27894E+16,5.05251E+16
66459,14,5,21,150,2018,2,11,6,3,8,1,0,0,1,0,0,0,0,1,7.85261E+20,5.62474E+21,1.30404E+16,5.07044E+16
66460,14,7,29,140,2018,3,10,2,3,5,3,0,0,1,0,0,1,0,1,7.49106E+20,5.65941E+21,1.2553E+16,5.10322E+16
66461,14,7,30,200,2018,3,6,4,3,4,1,2,0,1,0,0,0,0,2,7.83626E+20,5.68381E+21,1.30633E+16,5.12351E+16
66462,14,6,12,0,2018,2,8,3,2,5,2,0,1,0,0,0,1,0,0,8.31377E+20,5.66402E+21,1.37269E+16,5.10319E+16
66463,14,6,28,260,2018,2,7,4,3,9,1,0,0,0,0,0,1,0,0,8.71008E+20,5.66964E+21,1.42955E+16,5.10581E+16
66464,14,7,29,260,2018,2,16,7,3,2,6,0,0,1,0,0,0,0,0,7.35719E+20,5.68558E+21,1.23796E+16,5.12728E+16
66465,14,5,21,50,2018,2,7,6,2,4,1,0,0,0,0,0,1,0,2,7.60348E+20,5.61508E+21,1.26815E+16,5.06294E+16
66466,14,5,11,0,2018,3,20,7,3,0,7,2,0,1,0,0,1,0,0,7.69624E+20,5.64018E+21,1.28307E+16,5.08504E+16
66467,14,5,24,80,2018,3,13,3,3,5,3,0,0,1,0,0,0,0,1,7.48815E+20,5.63491E+21,1.25321E+16,5.08124E+16
66468,14,6,12,0,2018,2,12,2,3,0,7,0,0,1,0,0,0,1,0,8.31936E+20,5.66814E+21,1.37386E+16,5.10686E+16
66469,14,5,24,320,2018,2,2,3,3,2,6,2,0,0,0,0,1,0,0,7.47017E+20,5.61686E+21,1.24946E+16,5.06512E+16
66470,14,6,27,210,2018,3,15,2,3,6,4,0,0,1,1,0,0,0,0,8.24216E+20,5.67243E+21,1.36326E+16,5.11115E+16
66471,14,6,27,210,2018,2,5,7,3,5,3,1,1,1,0,0,0,0,0,8.28665E+20,5.67099E+21,1.36947E+16,5.1096E+16
66472,14,6,12,0,2018,2,16,4,3,9,7,0,0,1,0,0,0,0,0,8.37719E+20,5.6666E+21,1.38194E+16,5.10514E+16
66473,14,7,30,310,2018,2,11,3,3,5,3,0,0,1,0,0,0,0,0,7.76657E+20,5.71983E+21,1.29918E+16,5.15616E+16
66474,14,5,21,110,2018,3,8,6,2,9,1,0,0,1,0,0,0,0,1,7.65205E+20,5.60021E+21,1.27394E+16,5.04937E+16
66475,14,6,26,610,2018,2,15,5,3,5,3,0,0,1,0,0,0,0,0,9.10879E+20,5.6627E+21,1.48537E+16,5.0969E+16
66476,14,5,22,260,2018,3,18,6,3,3,6,1,1,0,0,0,0,1,0,7.68558E+20,5.64391E+21,1.28184E+16,5.08844E+16
66477,14,7,30,270,2018,2,21,2,2,4,6,2,0,1,0,0,0,0,1,7.27872E+20,5.70353E+21,1.22787E+16,5.1437E+16
66478,14,5,11,0,2018,2,18,6,3,2,2,2,0,1,0,0,0,0,0,7.77397E+20,5.64013E+21,1.29409E+16,5.08463E+16
66479,14,5,11,0,2018,3,7,2,2,8,7,0,0,0,0,0,1,0,1,7.71623E+20,5.64078E+21,1.28595E+16,5.08548E+16
66480,14,6,25,290,2018,3,7,4,3,8,1,0,0,1,0,0,0,0,1,8.84167E+20,5.67811E+21,1.44914E+16,5.11252E+16
66481,14,6,27,80,2018,2,15,2,2,5,3,0,0,1,0,0,0,0,0,8.06472E+20,5.67257E+21,1.338E+16,5.11225E+16
66482,14,7,13,0,2018,2,15,3,3,2,6,0,0,1,0,0,0,1,0,7.36406E+20,5.69234E+21,1.23939E+16,5.13331E+16
66483,14,7,13,0,2018,2,20,3,3,4,6,2,0,1,0,0,0,0,0,7.3452E+20,5.69017E+21,1.23654E+16,5.13144E+16
66484,14,5,21,310,2018,2,13,6,3,2,6,0,0,1,0,0,0,0,0,7.68521E+20,5.63008E+21,1.28077E+16,5.07602E+16
66485,14,6,26,290,2018,3,6,6,2,9,1,1,0,1,0,0,0,0,2,8.94712E+20,5.6762E+21,1.46393E+16,5.1101E+16
66486,14,7,29,270,2018,3,6,3,3,9,1,2,0,1,0,0,0,1,0,7.2632E+20,5.68658E+21,1.22457E+16,5.12855E+16
66487,14,6,27,60,2018,3,12,2,3,6,4,0,0,1,1,0,0,0,1,8.16318E+20,5.69141E+21,1.35369E+16,5.1286E+16
66488,14,6,26,610,2018,3,21,4,3,9,1,2,1,0,0,0,0,0,0,9.08605E+20,5.6527E+21,1.48103E+16,5.08811E+16
66489,14,6,26,230,2018,2,13,2,3,2,6,0,0,1,0,0,0,1,0,9.12672E+20,5.69121E+21,1.49117E+16,5.12227E+16
66490,14,5,21,10,2018,2,7,4,3,8,1,0,0,1,0,0,0,0,0,7.84011E+20,5.62853E+21,1.30256E+16,5.0739E+16
66491,14,5,11,0,2018,2,23,7,3,9,1,2,0,0,0,1,0,0,0,7.76541E+20,5.64102E+21,1.29294E+16,5.08547E+16
66492,14,5,22,330,2018,2,14,6,3,4,6,0,0,1,0,0,0,0,0,7.79822E+20,5.64844E+21,1.29816E+16,5.09196E+16
66493,14,7,29,50,2018,3,22,6,2,6,4,2,0,1,1,0,0,0,0,7.44534E+20,5.66959E+21,1.24948E+16,5.11255E+16
66494,14,7,30,30,2018,3,21,3,3,9,1,2,0,1,0,0,0,0,2,7.79928E+20,5.72713E+21,1.30447E+16,5.16255E+16
66495,14,7,30,70,2018,2,13,1,3,5,3,0,0,1,0,0,0,0,0,7.32291E+20,5.71168E+21,1.23476E+16,5.15084E+16
66496,14,7,29,250,2018,2,15,3,2,2,2,0,0,1,0,0,0,1,0,7.50782E+20,5.69597E+21,1.26024E+16,5.13595E+16
66497,14,5,24,140,2018,3,17,1,3,5,2,0,1,1,0,0,0,0,0,7.32688E+20,5.62679E+21,1.22985E+16,5.07462E+16
66498,14,5,22,310,2018,2,15,4,3,2,2,0,0,1,0,0,0,1,0,7.76542E+20,5.67648E+21,1.29564E+16,5.11727E+16
66499,14,6,25,310,2018,2,16,3,3,2,6,1,0,1,0,0,0,0,0,8.54715E+20,5.71356E+21,1.41075E+16,5.14618E+16
66500,14,5,23,320,2018,3,10,5,3,8,7,0,0,1,0,0,0,0,0,7.23148E+20,5.59654E+21,1.21453E+16,5.04783E+16
66501,14,5,22,360,2018,2,13,5,3,2,6,0,0,1,0,1,0,0,0,7.78772E+20,5.65579E+21,1.29723E+16,5.0986E+16
66502,14,5,23,280,2018,3,7,5,2,1,1,0,0,1,1,0,0,1,0,7.36909E+20,5.61573E+21,1.23511E+16,5.06452E+16
66503,14,6,28,260,2018,3,16,5,2,8,1,0,0,1,0,0,0,0,0,8.63387E+20,5.66954E+21,1.41871E+16,5.10621E+16
66504,14,6,25,60,2018,2,8,2,2,4,1,0,0,1,0,0,0,0,1,8.6484E+20,5.68552E+21,1.42239E+16,5.12043E+16
66505,14,5,23,430,2018,2,5,5,2,8,6,2,0,1,0,0,0,0,0,7.31187E+20,5.60407E+21,1.22631E+16,5.05428E+16
66506,14,7,30,230,2018,3,18,1,3,3,5,1,1,1,0,0,0,0,0,7.86239E+20,5.6918E+21,1.3107E+16,5.13054E+16
66507,14,6,27,60,2018,3,10,4,3,9,1,0,0,1,0,0,0,0,2,8.13392E+20,5.69597E+21,1.34991E+16,5.13285E+16
66508,14,5,23,150,2018,2,13,1,3,9,1,0,0,0,0,0,0,1,0,7.40946E+20,5.61544E+21,1.24079E+16,5.06409E+16
66509,14,6,25,40,2018,2,12,3,3,4,1,0,0,1,0,0,0,0,0,8.63378E+20,5.68017E+21,1.41977E+16,5.11573E+16
66510,14,6,26,110,2018,2,8,3,3,2,6,0,0,1,0,0,0,0,0,9.17433E+20,5.68331E+21,1.49703E+16,5.11485E+16
66511,14,6,25,320,2018,3,17,3,3,4,1,1,0,1,0,0,0,0,1,8.48844E+20,5.68008E+21,1.39906E+16,5.11655E+16
66512,14,6,12,0,2018,2,9,5,2,2,6,0,0,1,0,0,0,0,0,8.24803E+20,5.66975E+21,1.36386E+16,5.10871E+16
66513,14,7,29,70,2018,2,17,7,1,5,3,1,0,1,0,0,0,0,0,7.50261E+20,5.69223E+21,1.25923E+16,5.13262E+16
66514,14,6,25,170,2018,2,8,3,2,5,2,0,0,1,0,0,0,0,0,8.5434E+20,5.67194E+21,1.40609E+16,5.10893E+16
66515,14,7,13,0,2018,2,6,6,3,8,1,1,0,1,0,0,0,0,1,7.36308E+20,5.69436E+21,1.23938E+16,5.13513E+16
66516,14,6,12,0,2018,3,17,7,2,2,6,0,0,1,0,0,0,0,0,8.23042E+20,5.66708E+21,1.36111E+16,5.10642E+16
66517,14,6,28,60,2018,2,18,3,3,9,1,2,0,1,0,0,0,0,2,8.31269E+20,5.64775E+21,1.37105E+16,5.08862E+16
66518,14,5,22,20,2018,3,14,3,2,4,1,0,0,1,0,0,1,0,0,7.88582E+20,5.63868E+21,1.30982E+16,5.08278E+16
66519,14,5,23,365,2018,2,3,7,3,9,1,2,0,1,0,0,0,0,1,7.155E+20,5.60364E+21,1.20417E+16,5.05449E+16
66520,14,6,25,430,2018,2,14,3,3,9,1,0,0,1,0,0,0,0,0,8.37703E+20,5.67996E+21,1.38317E+16,5.11711E+16
66521,14,5,21,420,2018,2,16,7,2,5,2,0,0,1,0,0,0,0,0,7.66542E+20,5.6264E+21,1.27771E+16,5.07282E+16
66522,14,6,25,170,2018,3,14,1,3,5,3,0,0,1,0,0,0,0,0,8.54337E+20,5.67194E+21,1.40608E+16,5.10892E+16
66523,14,5,23,320,2018,2,10,3,3,2,6,0,0,1,0,0,0,1,0,7.23949E+20,5.59474E+21,1.21555E+16,5.04618E+16
66524,14,6,27,140,2018,3,14,3,3,5,3,0,0,1,0,0,0,0,0,8.15368E+20,5.67712E+21,1.35107E+16,5.11585E+16
66525,14,6,26,110,2018,3,6,5,3,2,6,1,0,1,0,0,0,0,1,9.15852E+20,5.68803E+21,1.49533E+16,5.11919E+16
66526,14,7,13,0,2018,2,7,4,3,5,3,0,1,1,0,0,0,0,0,7.32964E+20,5.69286E+21,1.23449E+16,5.13392E+16
66527,14,6,26,600,2018,3,9,5,3,2,6,0,0,1,0,0,0,0,0,8.90901E+20,5.72022E+21,1.46333E+16,5.14976E+16
66528,14,6,27,100,2018,3,16,5,3,3,6,0,0,1,0,0,1,0,0,8.09035E+20,5.66581E+21,1.34108E+16,5.10605E+16
66529,14,6,12,0,2018,2,8,2,3,3,1,0,0,1,0,0,0,0,1,8.31201E+20,5.67239E+21,1.3732E+16,5.11071E+16
66530,14,7,13,0,2018,2,14,5,3,5,2,0,1,0,0,0,1,0,0,7.28899E+20,5.69865E+21,1.22903E+16,5.13928E+16
66531,14,6,25,240,2018,3,17,1,1,4,2,0,1,1,0,0,0,0,0,8.65077E+20,5.71107E+21,1.42534E+16,5.14329E+16
66532,14,6,12,0,2018,3,14,4,3,2,6,0,0,1,0,0,0,0,0,8.3216E+20,5.66549E+21,1.37394E+16,5.10447E+16
66533,14,6,12,0,2018,2,20,1,1,2,6,2,0,1,0,1,0,0,0,8.33122E+20,5.66361E+21,1.37513E+16,5.10273E+16
66534,14,6,12,0,2018,2,19,3,3,2,6,2,0,1,0,0,0,0,0,8.36974E+20,5.66039E+21,1.38031E+16,5.09962E+16
66535,14,6,26,600,2018,2,15,3,2,4,1,0,0,1,0,0,0,1,0,8.89878E+20,5.72125E+21,1.46198E+16,5.15075E+16
66536,14,5,23,340,2018,2,4,2,3,3,2,2,0,1,0,0,0,0,1,7.33925E+20,5.61391E+21,1.23078E+16,5.06301E+16
66537,14,6,12,0,2018,3,10,3,3,2,1,0,0,1,0,0,0,0,2,8.29078E+20,5.66132E+21,1.36918E+16,5.10091E+16
66538,14,5,21,590,2018,2,16,4,3,2,1,0,0,1,0,0,0,0,0,7.64847E+20,5.62351E+21,1.2751E+16,5.0703E+16
66539,14,6,28,50,2018,2,17,7,2,4,2,2,0,1,0,0,0,0,0,8.34371E+20,5.65981E+21,1.37656E+16,5.09925E+16
66540,14,6,25,240,2018,2,9,3,2,3,2,0,0,1,0,0,0,0,0,8.59048E+20,5.70862E+21,1.41646E+16,5.14148E+16
66541,14,6,26,300,2018,3,5,6,2,9,1,2,0,1,0,0,0,0,2,9.12832E+20,5.67815E+21,1.4899E+16,5.11057E+16
66542,14,6,25,60,2018,2,8,6,3,8,6,0,0,1,0,0,0,0,0,8.6432E+20,5.68472E+21,1.42157E+16,5.11975E+16
66543,14,7,13,0,2018,3,18,6,3,2,6,1,0,1,0,0,0,0,0,7.36464E+20,5.69301E+21,1.23951E+16,5.13392E+16
66544,14,6,12,0,2018,2,18,3,3,2,6,1,0,1,0,0,0,1,0,8.32094E+20,5.6677E+21,1.37404E+16,5.10646E+16
66545,14,6,25,40,2018,2,17,5,3,2,6,2,0,1,0,0,0,0,0,8.62116E+20,5.67653E+21,1.4176E+16,5.11255E+16
66546,14,7,30,110,2018,3,13,2,2,4,6,0,0,1,0,0,0,0,1,7.51791E+20,5.70698E+21,1.26246E+16,5.14579E+16
66547,14,5,24,180,2018,3,15,4,3,2,6,0,0,1,0,0,0,0,1,7.65527E+20,5.63947E+21,1.27722E+16,5.08459E+16
66548,14,7,13,0,2018,2,18,3,2,6,4,2,0,0,1,0,0,1,0,7.33825E+20,5.69318E+21,1.23574E+16,5.13418E+16
66549,14,6,25,20,2018,2,15,4,3,2,6,0,0,1,0,0,0,0,0,8.8057E+20,5.68394E+21,1.44464E+16,5.11799E+16
66550,14,7,30,320,2018,2,13,7,3,5,3,0,0,1,0,0,0,1,0,7.64739E+20,5.72544E+21,1.28245E+16,5.16176E+16
66551,14,6,28,170,2018,2,19,5,3,9,1,2,0,1,0,0,0,0,2,8.26328E+20,5.63208E+21,1.36266E+16,5.07486E+16
66552,14,6,12,0,2018,3,22,7,3,2,6,2,0,1,0,0,0,0,0,8.33532E+20,5.67383E+21,1.37666E+16,5.11187E+16
66553,14,5,24,180,2018,3,18,3,3,4,1,2,0,1,0,0,0,0,2,7.64186E+20,5.63761E+21,1.27518E+16,5.08298E+16
66554,14,5,21,30,2018,3,20,5,2,5,3,2,0,1,0,0,0,0,0,7.61613E+20,5.61362E+21,1.26983E+16,5.06157E+16
66555,14,5,21,540,2018,2,15,4,3,4,1,0,0,1,0,0,0,0,1,7.52926E+20,5.60059E+21,1.25669E+16,5.05026E+16
66556,14,5,21,410,2018,3,12,5,3,2,6,0,0,0,0,0,1,0,0,7.71816E+20,5.63187E+21,1.28556E+16,5.07748E+16
66557,14,6,26,610,2018,2,8,1,3,5,3,0,1,1,0,0,0,0,0,9.07238E+20,5.65466E+21,1.47932E+16,5.08996E+16
66558,14,7,13,0,2018,3,5,7,3,5,3,2,0,1,0,0,0,0,1,7.38579E+20,5.69452E+21,1.24265E+16,5.13518E+16
66559,14,5,24,20,2018,3,0,4,2,8,1,2,0,0,0,0,1,0,2,7.57574E+20,5.63585E+21,1.26569E+16,5.0817E+16
66560,14,7,13,0,2018,2,22,7,2,6,4,2,1,0,1,0,0,0,0,7.33044E+20,5.69288E+21,1.2346E+16,5.13393E+16
66561,14,5,24,180,2018,2,13,2,3,4,6,0,0,1,0,0,0,0,0,7.58503E+20,5.64378E+21,1.26756E+16,5.08878E+16
66562,14,6,28,260,2018,2,5,3,3,8,7,2,0,0,0,0,0,1,1,8.63266E+20,5.66326E+21,1.41791E+16,5.10059E+16
66563,14,5,22,230,2018,3,17,3,3,9,1,1,0,1,0,0,0,0,2,7.9276E+20,5.64806E+21,1.31649E+16,5.09098E+16
66564,14,7,13,0,2018,2,12,4,3,2,6,0,0,1,0,0,1,0,0,7.39959E+20,5.69815E+21,1.24487E+16,5.13838E+16
66565,14,6,28,270,2018,2,14,3,3,6,4,0,0,1,1,0,0,0,0,8.46898E+20,5.6562E+21,1.394E+16,5.09528E+16
66566,14,6,28,50,2018,3,19,6,3,2,6,2,0,1,0,0,0,0,0,8.30841E+20,5.65923E+21,1.37149E+16,5.09894E+16
66567,14,5,21,120,2018,2,16,6,2,9,1,0,0,1,0,0,0,0,0,7.76815E+20,5.62778E+21,1.29233E+16,5.07357E+16
66568,14,6,26,450,2018,3,23,6,3,7,7,2,0,1,0,0,0,0,0,9.03555E+20,5.68505E+21,1.47749E+16,5.11741E+16
66569,14,5,24,300,2018,2,13,2,3,2,6,0,0,1,0,0,0,0,1,7.38188E+20,5.62426E+21,1.23747E+16,5.07213E+16
66570,14,6,26,110,2018,3,21,2,3,5,3,2,1,1,0,0,0,0,1,9.17538E+20,5.68303E+21,1.49715E+16,5.1146E+16
66571,14,7,29,250,2018,3,16,4,3,2,6,0,0,1,0,0,1,0,1,7.50392E+20,5.69606E+21,1.25968E+16,5.13605E+16
66572,14,5,24,190,2018,2,6,2,3,2,1,0,0,1,0,1,0,0,2,7.40381E+20,5.63616E+21,1.24135E+16,5.08272E+16
66573,14,6,28,410,2018,2,14,4,3,5,3,0,0,1,0,0,0,0,0,8.20678E+20,5.65984E+21,1.35711E+16,5.10006E+16
66574,14,6,27,250,2018,2,15,7,3,8,1,0,0,1,0,0,0,0,0,8.2951E+20,5.69463E+21,1.37284E+16,5.13073E+16
66575,14,5,24,180,2018,3,7,6,3,4,6,0,0,1,0,0,1,0,1,7.59339E+20,5.64395E+21,1.26876E+16,5.08889E+16
66576,14,5,24,290,2018,3,8,3,3,4,1,0,0,1,0,0,0,0,1,7.53709E+20,5.64223E+21,1.26065E+16,5.0876E+16
66577,14,5,22,330,2018,2,11,2,2,9,1,0,0,1,0,0,0,0,0,7.75517E+20,5.64822E+21,1.29203E+16,5.09197E+16
66578,14,6,27,10,2018,2,8,3,3,5,3,0,1,1,0,0,0,0,0,8.2025E+20,5.67376E+21,1.35773E+16,5.11256E+16
66579,14,5,22,220,2018,3,12,2,3,5,2,0,0,1,0,0,0,0,0,7.8334E+20,5.67539E+21,1.30526E+16,5.11596E+16
66580,14,5,22,490,2018,2,22,4,3,8,1,2,0,1,0,0,0,0,0,7.67357E+20,5.66234E+21,1.28149E+16,5.10502E+16
66581,14,6,27,30,2018,2,15,3,3,5,2,0,0,1,0,1,0,0,0,8.23884E+20,5.69036E+21,1.36441E+16,5.12723E+16
66582,14,5,21,630,2018,3,16,6,3,4,7,0,0,1,0,0,0,0,1,7.81914E+20,5.6146E+21,1.29853E+16,5.06151E+16
66583,14,6,26,490,2018,2,7,2,3,5,3,0,0,1,0,0,0,1,0,8.79881E+20,5.72E+21,1.4475E+16,5.15031E+16
66584,14,6,28,10,2018,2,18,3,3,6,7,2,0,1,1,0,0,0,1,8.35186E+20,5.63451E+21,1.3754E+16,5.07653E+16
66585,14,5,24,330,2018,3,20,2,2,2,1,2,0,1,0,0,1,0,0,7.47014E+20,5.62807E+21,1.2502E+16,5.07517E+16
66586,14,6,27,100,2018,2,7,4,3,0,7,0,0,1,0,0,0,1,0,8.16906E+20,5.66645E+21,1.35233E+16,5.10619E+16
66587,14,6,28,110,2018,2,6,3,3,6,2,0,0,1,1,0,0,0,0,8.26157E+20,5.65987E+21,1.3649E+16,5.09977E+16
66588,14,5,21,390,2018,3,7,6,3,0,7,0,0,1,0,0,0,1,0,8.05659E+20,5.61439E+21,1.33199E+16,5.06012E+16
66589,14,7,13,0,2018,2,6,5,3,0,1,0,0,1,0,0,0,0,2,7.32226E+20,5.6992E+21,1.23384E+16,5.13964E+16
66590,14,6,27,230,2018,3,12,6,2,5,3,0,0,1,0,0,0,0,0,7.99405E+20,5.69126E+21,1.32949E+16,5.12938E+16
66591,14,7,30,270,2018,2,12,2,2,8,1,0,0,1,0,0,0,0,0,7.23025E+20,5.69602E+21,1.22044E+16,5.13716E+16
66592,14,6,12,0,2018,3,17,2,3,2,6,1,0,1,0,0,0,0,1,8.2714E+20,5.66833E+21,1.36706E+16,5.1073E+16
66593,14,6,25,240,2018,3,10,4,3,5,3,0,0,0,0,0,1,1,0,8.66231E+20,5.71077E+21,1.42697E+16,5.14295E+16
66594,14,6,28,360,2018,2,12,2,3,5,3,0,0,1,0,0,0,0,0,8.69503E+20,5.66123E+21,1.42656E+16,5.09838E+16