OBJECTID_1,ULAND,UREGBEZ,UKREIS,UGEMEINDE,UJAHR,UMONAT,USTUNDE,UWOCHENTAG,UKATEGORIE,UART,UTYP1,ULICHTVERH,IstRad,IstPKW,IstFuss,IstKrad,IstGkfz,IstSonstig,STRZUSTAND,LINREFX,LINREFY,XGCSWGS84,YGCSWGS84
66781,14,6,25,250,2018,4,9,3,2,4,2,0,0,1,0,0,0,0,1,8.56449E+20,5.69459E+21,1.41133E+16,5.12908E+16
66782,14,5,22,320,2018,4,12,5,3,8,1,0,0,1,0,0,0,0,0,7.94525E+20,5.63804E+21,1.31818E+16,5.08191E+16
66783,14,7,30,340,2018,4,18,3,3,8,1,0,0,0,0,1,0,0,0,7.23963E+20,5.7082E+21,1.22256E+16,5.14806E+16
66784,14,6,25,410,2018,4,15,7,3,2,6,0,0,1,0,1,0,0,0,8.54831E+20,5.68111E+21,1.40769E+16,5.1171E+16
66785,14,6,27,140,2018,3,6,2,3,6,4,0,0,1,1,0,0,0,0,8.12885E+20,5.67749E+21,1.34757E+16,5.11631E+16
66786,14,6,12,0,2018,3,7,3,3,2,2,0,1,1,0,0,0,0,0,8.31781E+20,5.66482E+21,1.37334E+16,5.10389E+16
66787,14,7,13,0,2018,4,10,4,3,3,6,0,0,1,0,1,0,0,0,7.35303E+20,5.69704E+21,1.23812E+16,5.13758E+16
66788,14,5,24,330,2018,4,16,4,2,5,3,0,1,1,0,0,0,0,0,7.45061E+20,5.62448E+21,1.2472E+16,5.07204E+16
66789,14,6,28,50,2018,3,19,3,3,5,2,2,0,1,0,0,0,0,0,8.34371E+20,5.65981E+21,1.37656E+16,5.09925E+16
66790,14,6,12,0,2018,4,5,2,3,6,2,2,0,1,1,0,0,0,1,8.31329E+20,5.66949E+21,1.37312E+16,5.1081E+16
66791,14,6,12,0,2018,4,8,4,3,5,2,0,1,1,0,0,0,0,0,8.31749E+20,5.66343E+21,1.37316E+16,5.10265E+16
66792,14,7,29,245,2018,4,18,3,2,9,1,0,0,1,0,0,0,0,0,7.68114E+20,5.70386E+21,1.28567E+16,5.14224E+16
66793,14,6,28,160,2018,4,21,1,2,6,4,2,0,1,1,0,0,0,1,8.41225E+20,5.65823E+21,1.38614E+16,5.09744E+16
66794,14,6,27,250,2018,4,10,4,3,0,7,0,1,0,0,0,0,0,0,8.2689E+20,5.69399E+21,1.36903E+16,5.13031E+16
66795,14,5,21,355,2018,4,18,6,3,2,6,0,0,1,0,0,0,0,0,7.64473E+20,5.60742E+21,1.27343E+16,5.05588E+16
66796,14,7,13,0,2018,4,12,3,3,3,6,0,0,1,0,0,0,0,0,7.28073E+20,5.68416E+21,1.22692E+16,5.12631E+16
66797,14,6,27,180,2018,4,16,5,2,2,6,0,0,1,0,0,0,0,0,8.06449E+20,5.66522E+21,1.33735E+16,5.10565E+16
66798,14,5,24,170,2018,4,16,3,3,2,6,0,0,1,0,1,0,0,0,7.43627E+20,5.61661E+21,1.24465E+16,5.06503E+16
66799,14,6,25,200,2018,4,17,7,3,4,2,0,0,0,0,1,0,1,0,8.53266E+20,5.67924E+21,1.40527E+16,5.11553E+16
66800,14,7,29,380,2018,3,11,2,2,4,1,0,0,1,0,0,0,1,0,7.61294E+20,5.70614E+21,1.27605E+16,5.1446E+16
66801,14,6,12,0,2018,3,13,3,3,5,3,0,0,1,0,0,0,1,0,8.35247E+20,5.67471E+21,1.37918E+16,5.11255E+16
66802,14,5,24,280,2018,4,17,4,3,4,6,0,0,1,0,0,0,0,0,7.5415E+20,5.6354E+21,1.26081E+16,5.08145E+16
66803,14,5,21,210,2018,4,6,5,2,0,1,0,0,1,0,1,0,0,0,7.75968E+20,5.6153E+21,1.2902E+16,5.06241E+16
66804,14,6,12,0,2018,3,11,3,3,2,6,0,0,1,0,0,0,0,0,8.28494E+20,5.66803E+21,1.36896E+16,5.10696E+16
66805,14,6,28,270,2018,4,17,2,3,9,1,0,0,1,0,0,0,0,1,8.47876E+20,5.65965E+21,1.39571E+16,5.09831E+16
66806,14,7,30,310,2018,4,17,3,2,4,2,0,0,1,0,0,0,0,0,7.76431E+20,5.71957E+21,1.29883E+16,5.15593E+16
66807,14,5,23,170,2018,4,8,1,3,8,7,0,0,1,0,0,0,0,0,7.36706E+20,5.60943E+21,1.23442E+16,5.05887E+16
66808,14,5,22,80,2018,4,15,6,3,2,6,0,0,1,0,0,0,1,0,7.89812E+20,5.67146E+21,1.31417E+16,5.11212E+16
66809,14,6,26,600,2018,4,7,7,3,9,7,0,0,1,0,0,0,0,0,8.92887E+20,5.71966E+21,1.46611E+16,5.14912E+16
66810,14,6,28,260,2018,3,9,3,3,9,1,0,0,1,0,0,0,0,0,8.70715E+20,5.66948E+21,1.42912E+16,5.10569E+16
66811,14,6,25,380,2018,4,11,5,3,9,1,0,0,1,0,0,0,0,0,8.72588E+20,5.67394E+21,1.43224E+16,5.10956E+16
66812,14,5,21,250,2018,3,13,3,2,8,7,0,0,1,0,0,0,0,0,7.90315E+20,5.61603E+21,1.31049E+16,5.06238E+16
66813,14,5,23,360,2018,4,14,7,3,0,7,0,0,0,0,1,0,0,0,7.41328E+20,5.60341E+21,1.24055E+16,5.05328E+16
66814,14,5,11,0,2018,4,21,3,3,5,3,2,0,1,0,0,0,1,0,7.75635E+20,5.63652E+21,1.29132E+16,5.08147E+16
66815,14,7,29,80,2018,3,17,7,1,0,7,1,1,0,0,0,0,0,0,7.69156E+20,5.67388E+21,1.28491E+16,5.11529E+16
66816,14,6,28,80,2018,4,15,2,3,5,3,0,1,1,0,0,0,0,1,8.41585E+20,5.65498E+21,1.38635E+16,5.0945E+16
66817,14,6,27,100,2018,3,14,6,3,2,6,0,0,1,0,0,0,0,0,8.19331E+20,5.66655E+21,1.35579E+16,5.10615E+16
66818,14,6,26,450,2018,4,0,6,3,9,1,2,0,1,0,0,0,0,0,9.05138E+20,5.68342E+21,1.47955E+16,5.11583E+16
66819,14,6,12,0,2018,4,7,6,2,3,3,0,0,1,0,0,0,0,0,8.23116E+20,5.66437E+21,1.36098E+16,5.10398E+16
66820,14,5,22,180,2018,3,15,3,2,5,3,0,1,1,0,0,0,0,1,8.06555E+20,5.64858E+21,1.3361E+16,5.09073E+16
66821,14,6,27,180,2018,4,15,6,2,2,6,2,0,1,0,0,0,1,0,8.05461E+20,5.6645E+21,1.33588E+16,5.10506E+16
66822,14,5,23,320,2018,4,17,1,3,1,6,0,0,1,0,0,0,0,0,7.24328E+20,5.59876E+21,1.21632E+16,5.04978E+16
66823,14,5,11,0,2018,3,6,4,3,2,6,0,0,1,0,0,1,0,0,7.73081E+20,5.63574E+21,1.28764E+16,5.08089E+16
66824,14,5,22,570,2018,3,8,3,3,0,4,0,0,0,1,0,0,1,0,7.82407E+20,5.66505E+21,1.30312E+16,5.10674E+16
66825,14,7,29,320,2018,4,7,5,2,5,3,0,0,1,0,0,0,0,0,7.41422E+20,5.67221E+21,1.24522E+16,5.11503E+16
66826,14,7,30,310,2018,4,13,5,2,6,2,0,0,1,1,0,0,0,0,7.76948E+20,5.7194E+21,1.29956E+16,5.15576E+16
66827,14,6,12,0,2018,4,20,3,3,0,1,2,1,0,0,0,0,0,0,8.30893E+20,5.66569E+21,1.37215E+16,5.10472E+16
66828,14,5,11,0,2018,4,10,5,3,9,7,0,0,1,0,0,0,0,0,7.78598E+20,5.63663E+21,1.29552E+16,5.08142E+16
66829,14,6,25,250,2018,4,17,3,2,6,4,0,0,1,1,0,0,0,0,8.56355E+20,5.69415E+21,1.41115E+16,5.12869E+16
66830,14,6,27,210,2018,4,15,7,3,3,6,0,0,0,0,1,0,1,0,8.27591E+20,5.67166E+21,1.368E+16,5.11026E+16
66831,14,6,25,240,2018,4,5,1,2,0,1,1,0,1,0,0,0,0,0,8.66886E+20,5.71191E+21,1.42802E+16,5.14393E+16
66832,14,7,30,190,2018,3,15,1,3,8,1,0,0,0,0,1,0,0,0,7.65052E+20,5.7101E+21,1.28174E+16,5.14798E+16
66833,14,5,21,20,2018,3,6,3,3,6,4,0,0,1,1,0,0,0,0,7.83143E+20,5.61038E+21,1.29995E+16,5.05765E+16
66834,14,5,22,260,2018,3,17,1,3,2,6,1,0,1,0,0,0,0,0,7.68472E+20,5.64354E+21,1.28169E+16,5.0881E+16
66835,14,7,13,0,2018,4,13,4,2,3,6,0,0,0,0,0,1,1,0,7.39942E+20,5.69814E+21,1.24484E+16,5.13837E+16
66836,14,5,24,190,2018,3,9,3,3,2,6,0,0,1,0,0,0,0,0,7.43696E+20,5.63604E+21,1.24604E+16,5.08247E+16
66837,14,5,24,40,2018,4,17,1,3,5,3,0,1,1,0,0,0,0,0,7.4719E+20,5.60995E+21,1.24924E+16,5.0589E+16
66838,14,5,21,560,2018,4,12,4,3,2,6,0,0,0,0,1,1,0,0,7.83074E+20,5.60536E+21,1.29947E+16,5.05316E+16
66839,14,6,28,380,2018,3,7,7,2,8,1,0,0,1,0,0,0,0,1,8.53096E+20,5.66993E+21,1.40412E+16,5.1072E+16
66840,14,6,25,60,2018,4,11,3,3,3,6,0,0,1,0,0,1,0,0,8.63401E+20,5.68436E+21,1.42022E+16,5.11948E+16
66841,14,7,29,140,2018,3,16,7,2,5,3,0,1,1,0,0,0,0,0,7.48519E+20,5.66182E+21,1.25463E+16,5.10541E+16
66842,14,6,27,30,2018,4,19,4,2,5,3,1,0,0,0,1,0,1,0,8.22161E+20,5.68871E+21,1.3618E+16,5.12585E+16
66843,14,7,30,270,2018,4,16,5,2,8,1,0,0,1,0,0,1,0,1,7.26015E+20,5.70161E+21,1.22508E+16,5.14205E+16
66844,14,5,22,330,2018,4,0,7,3,2,6,2,0,1,0,0,0,0,0,7.82723E+20,5.64819E+21,1.30226E+16,5.0916E+16
66845,14,5,21,590,2018,4,14,5,3,2,6,0,0,1,0,0,0,0,0,7.66014E+20,5.62023E+21,1.27651E+16,5.0673E+16
66846,14,5,22,500,2018,3,7,3,2,5,6,0,0,1,0,0,0,0,0,7.86044E+20,5.65661E+21,1.30763E+16,5.09899E+16
66847,14,6,12,0,2018,4,17,7,3,2,6,0,0,1,0,0,0,0,0,8.31989E+20,5.66783E+21,1.37391E+16,5.10658E+16
66848,14,6,26,610,2018,4,11,2,2,4,5,0,0,1,0,1,0,0,0,9.13405E+20,5.66064E+21,1.48872E+16,5.09487E+16
66849,14,5,24,80,2018,4,21,1,2,2,7,2,0,1,0,0,0,0,0,7.46931E+20,5.63774E+21,1.25073E+16,5.08386E+16
66850,14,6,25,420,2018,3,5,5,2,8,1,2,0,1,0,0,0,0,1,8.55752E+20,5.70296E+21,1.41117E+16,5.13662E+16
66851,14,6,28,130,2018,4,14,6,3,8,7,0,1,0,0,0,0,0,0,8.38542E+20,5.6463E+21,1.38122E+16,5.0869E+16
66852,14,5,24,80,2018,4,9,5,3,5,3,0,1,1,0,0,0,0,1,7.48352E+20,5.63632E+21,1.25265E+16,5.08252E+16
66853,14,6,28,20,2018,3,11,1,3,8,1,0,0,1,0,0,0,0,0,8.48725E+20,5.64654E+21,1.39566E+16,5.08651E+16
66854,14,6,27,360,2018,4,1,7,3,4,6,2,0,1,0,0,0,0,0,7.99642E+20,5.69358E+21,1.33003E+16,5.13144E+16
66855,14,5,23,320,2018,3,18,2,2,5,3,2,0,1,0,0,0,0,0,7.22526E+20,5.59757E+21,1.21371E+16,5.04878E+16
66856,14,6,27,210,2018,4,17,5,2,0,1,0,1,0,0,0,0,0,1,8.23421E+20,5.67243E+21,1.36213E+16,5.11119E+16
66857,14,5,24,330,2018,3,15,2,2,6,4,0,0,0,1,0,1,0,0,7.46205E+20,5.62653E+21,1.24896E+16,5.07383E+16
66858,14,7,13,0,2018,4,12,7,3,2,6,0,0,1,0,0,0,0,0,7.39645E+20,5.69446E+21,1.24417E+16,5.13508E+16
66859,14,5,22,230,2018,4,15,3,2,5,3,0,0,1,0,0,1,0,0,7.87583E+20,5.6541E+21,1.30962E+16,5.09666E+16
66860,14,6,28,410,2018,4,10,2,2,2,6,0,0,0,0,0,1,0,0,8.15286E+20,5.66618E+21,1.35E+16,5.10604E+16
66861,14,5,22,230,2018,3,16,6,3,4,3,0,0,1,0,0,0,0,0,7.89285E+20,5.65431E+21,1.31205E+16,5.09676E+16
66862,14,6,25,20,2018,4,15,6,3,2,6,0,0,1,0,0,0,0,0,8.81619E+20,5.68544E+21,1.44629E+16,5.11926E+16
66863,14,5,21,530,2018,4,17,6,1,5,3,0,1,1,0,0,0,0,0,7.57565E+20,5.60887E+21,1.26379E+16,5.05748E+16
66864,14,5,21,160,2018,4,14,6,3,4,2,0,0,1,0,0,0,1,1,7.804E+20,5.61676E+21,1.29656E+16,5.06352E+16
66865,14,6,25,600,2018,4,11,1,3,2,6,0,0,1,0,1,0,0,0,8.46904E+20,5.67807E+21,1.3961E+16,5.11487E+16
66866,14,7,13,0,2018,3,9,3,3,5,3,0,1,1,0,0,0,0,0,7.35453E+20,5.6935E+21,1.2381E+16,5.13439E+16
66867,14,7,30,20,2018,3,19,2,2,8,6,2,0,1,0,0,0,0,2,7.50242E+20,5.72144E+21,1.26127E+16,5.15883E+16
66868,14,6,26,60,2018,4,13,5,2,4,6,0,0,1,0,0,0,1,0,8.83614E+20,5.7048E+21,1.45121E+16,5.13646E+16
66869,14,6,26,110,2018,4,23,5,3,0,1,2,1,0,0,0,0,0,0,9.17461E+20,5.68403E+21,1.49715E+16,5.1155E+16
66870,14,5,21,460,2018,4,18,3,3,5,3,0,1,1,0,0,0,0,0,8.06426E+20,5.62104E+21,1.33362E+16,5.06604E+16
66871,14,7,29,140,2018,4,9,4,3,2,2,0,0,1,0,0,0,1,0,7.49181E+20,5.66288E+21,1.25564E+16,5.10633E+16
66872,14,6,12,0,2018,4,17,3,2,5,2,0,0,1,0,1,0,0,0,8.3868E+20,5.67499E+21,1.38409E+16,5.1126E+16
66873,14,5,21,30,2018,4,11,7,3,0,7,0,0,0,0,1,0,0,0,7.64076E+20,5.61071E+21,1.2731E+16,5.05885E+16
66874,14,6,12,0,2018,4,11,1,3,2,6,0,0,1,0,0,0,0,0,8.39526E+20,5.67156E+21,1.38498E+16,5.10948E+16
66875,14,6,26,490,2018,3,18,1,3,8,1,0,0,1,0,0,0,0,0,8.83364E+20,5.72394E+21,1.45293E+16,5.1536E+16
66876,14,7,13,0,2018,3,16,2,2,5,3,0,0,1,0,0,1,0,0,7.36141E+20,5.70151E+21,1.23962E+16,5.14155E+16
66877,14,5,21,270,2018,3,11,1,2,8,1,0,0,1,0,0,0,0,0,7.91816E+20,5.63196E+21,1.31387E+16,5.07658E+16
66878,14,7,30,280,2018,3,15,2,2,5,3,0,0,1,0,0,0,0,0,7.41724E+20,5.71802E+21,1.24876E+16,5.15614E+16
66879,14,7,29,190,2018,4,20,1,3,2,6,1,0,1,0,0,1,0,0,7.39127E+20,5.68324E+21,1.24268E+16,5.12503E+16
66880,14,5,23,160,2018,4,11,3,2,8,1,0,0,0,0,1,0,0,0,7.40444E+20,5.58288E+21,1.23799E+16,5.03489E+16
66881,14,6,28,60,2018,4,18,3,3,6,4,0,0,1,1,0,0,0,0,8.28116E+20,5.64903E+21,1.3667E+16,5.08995E+16
66882,14,5,21,495,2018,3,17,7,2,3,6,0,0,1,0,0,0,0,1,8.00101E+20,5.62427E+21,1.32496E+16,5.06927E+16
66883,14,5,11,0,2018,4,15,4,3,8,1,0,0,0,0,1,0,0,0,7.75047E+20,5.64332E+21,1.291E+16,5.0876E+16
66884,14,5,24,120,2018,4,13,6,3,2,6,0,0,1,0,1,0,1,0,7.64366E+20,5.63524E+21,1.27526E+16,5.08084E+16
66885,14,5,24,80,2018,4,15,4,3,5,3,0,0,1,0,1,0,0,0,7.48415E+20,5.63623E+21,1.25274E+16,5.08244E+16
66886,14,7,29,340,2018,3,7,2,2,0,7,0,0,1,0,0,1,0,2,7.51744E+20,5.68101E+21,1.26056E+16,5.12248E+16
66887,14,5,24,280,2018,4,17,7,2,0,1,0,0,1,0,0,0,1,0,7.56696E+20,5.63603E+21,1.26446E+16,5.0819E+16
66888,14,6,28,70,2018,4,18,2,2,8,1,0,0,0,0,1,0,0,0,8.47382E+20,5.65283E+21,1.39436E+16,5.09223E+16
66889,14,6,27,180,2018,3,11,5,3,2,6,0,0,1,0,0,0,1,0,8.05743E+20,5.66467E+21,1.3363E+16,5.1052E+16
66890,14,6,12,0,2018,4,15,6,3,2,6,0,0,0,0,0,1,1,0,8.22846E+20,5.66536E+21,1.36068E+16,5.10489E+16
66891,14,5,23,170,2018,4,13,3,3,0,7,0,0,1,0,1,0,0,0,7.38253E+20,5.60723E+21,1.23646E+16,5.05684E+16
66892,14,7,30,300,2018,4,6,5,2,3,6,1,0,1,0,0,1,0,0,7.39956E+20,5.69816E+21,1.24486E+16,5.13838E+16
66893,14,6,25,20,2018,4,16,4,3,2,6,0,0,1,0,0,0,0,0,8.78584E+20,5.68375E+21,1.44179E+16,5.11795E+16
66894,14,5,23,340,2018,4,14,7,3,5,3,0,0,1,0,1,0,0,0,7.3283E+20,5.61325E+21,1.2292E+16,5.06246E+16
66895,14,6,27,220,2018,3,14,3,3,2,6,0,0,1,0,0,0,0,0,8.32736E+20,5.67616E+21,1.37574E+16,5.114E+16
66896,14,7,13,0,2018,3,7,2,3,2,6,0,0,1,0,0,0,1,2,7.2897E+20,5.69862E+21,1.22913E+16,5.13926E+16
66897,14,5,21,390,2018,4,21,5,2,6,4,2,0,1,1,0,0,0,1,8.00973E+20,5.61924E+21,1.32578E+16,5.06471E+16
66898,14,6,12,0,2018,4,16,5,3,2,6,0,0,1,0,0,0,0,0,8.3255E+20,5.66599E+21,1.37454E+16,5.1049E+16
66899,14,7,30,210,2018,4,6,2,3,4,6,1,1,1,0,0,0,1,1,7.89842E+20,5.6876E+21,1.31552E+16,5.12659E+16
66900,14,5,22,320,2018,4,9,4,3,8,1,0,0,1,0,0,0,0,0,7.90811E+20,5.63839E+21,1.31295E+16,5.08241E+16
66901,14,6,26,300,2018,4,14,2,2,5,3,0,0,1,0,0,0,0,0,9.13501E+20,5.68302E+21,1.49141E+16,5.11488E+16
66902,14,7,30,70,2018,4,12,6,2,5,3,0,0,1,0,0,0,0,0,7.32291E+20,5.71168E+21,1.23476E+16,5.15084E+16
66903,14,5,23,150,2018,4,7,5,3,2,6,0,0,1,0,0,0,0,1,7.35783E+20,5.61033E+21,1.23318E+16,5.05971E+16
66904,14,7,13,0,2018,4,11,4,3,2,6,0,0,1,0,0,0,0,0,7.33955E+20,5.69323E+21,1.23593E+16,5.13421E+16
66905,14,6,28,150,2018,4,13,1,3,5,3,0,0,1,0,1,0,0,0,8.22387E+20,5.63925E+21,1.35772E+16,5.0815E+16
66906,14,6,28,220,2018,3,7,3,3,4,1,0,0,1,0,0,0,0,0,8.36065E+20,5.65375E+21,1.3784E+16,5.09373E+16
66907,14,6,26,85,2018,3,8,2,3,9,1,0,0,1,0,0,0,0,2,8.94205E+20,5.66619E+21,1.46212E+16,5.10118E+16
66908,14,6,27,10,2018,4,5,5,2,5,3,2,1,1,0,0,0,0,0,8.20471E+20,5.6738E+21,1.35805E+16,5.11258E+16
66909,14,6,27,250,2018,4,9,5,3,2,6,0,0,1,0,0,0,0,0,8.28165E+20,5.69403E+21,1.37086E+16,5.13028E+16
66910,14,5,23,320,2018,4,13,2,3,8,1,0,0,1,0,0,0,0,1,7.23665E+20,5.59966E+21,1.21544E+16,5.05061E+16
66911,14,6,25,510,2018,4,14,4,3,3,6,0,0,1,0,0,1,0,0,8.56415E+20,5.68177E+21,1.41001E+16,5.1176E+16
66912,14,5,21,640,2018,4,13,3,3,8,1,0,0,0,0,1,0,0,0,7.78393E+20,5.62189E+21,1.29412E+16,5.06821E+16
66913,14,5,23,170,2018,4,14,6,2,2,6,0,0,1,0,0,0,1,0,7.33253E+20,5.60791E+21,1.22946E+16,5.05765E+16
66914,14,5,21,60,2018,4,14,1,2,4,1,0,0,1,0,0,0,0,0,7.85202E+20,5.59774E+21,1.30188E+16,5.04622E+16
66915,14,6,26,280,2018,3,7,2,2,6,4,0,0,1,1,0,0,0,2,8.97005E+20,5.65999E+21,1.46542E+16,5.09544E+16
66916,14,6,26,270,2018,3,7,2,3,8,1,0,0,1,0,0,0,0,0,8.9166E+20,5.67716E+21,1.4597E+16,5.11117E+16
66917,14,6,25,340,2018,4,19,1,3,5,3,0,0,1,0,1,0,0,0,8.86063E+20,5.68813E+21,1.45291E+16,5.12137E+16
66918,14,6,27,150,2018,4,9,3,2,5,1,0,1,1,0,0,0,0,0,8.29029E+20,5.67274E+21,1.37014E+16,5.11114E+16
66919,14,5,11,0,2018,4,9,3,2,2,6,0,0,1,0,0,0,1,0,7.73177E+20,5.64233E+21,1.28827E+16,5.0868E+16
66920,14,5,23,430,2018,3,2,6,2,2,1,2,0,1,0,0,0,1,0,7.31096E+20,5.60395E+21,1.22617E+16,5.05418E+16
66921,14,5,23,320,2018,4,18,3,3,0,7,0,1,0,0,0,0,1,0,7.23925E+20,5.59866E+21,1.21575E+16,5.04971E+16
66922,14,7,30,310,2018,4,14,6,2,5,3,0,0,1,0,0,0,1,0,7.78634E+20,5.72008E+21,1.30204E+16,5.15629E+16
66923,14,6,26,600,2018,3,16,2,2,4,2,0,1,1,0,0,0,0,0,8.90829E+20,5.7201E+21,1.46321E+16,5.14966E+16
66924,14,5,21,430,2018,4,15,6,3,2,1,0,0,1,0,0,0,0,0,7.65725E+20,5.6252E+21,1.27646E+16,5.07177E+16
66925,14,6,12,0,2018,4,17,2,3,6,4,0,0,1,1,0,0,0,0,8.32668E+20,5.66761E+21,1.37485E+16,5.10634E+16
66926,14,5,24,300,2018,3,21,4,2,3,6,2,0,1,0,1,0,0,1,7.4068E+20,5.62551E+21,1.24107E+16,5.07314E+16
66927,14,5,22,440,2018,4,17,6,2,9,1,0,0,1,0,0,0,0,0,7.93843E+20,5.64256E+21,1.31758E+16,5.08599E+16
66928,14,7,30,310,2018,4,15,3,3,0,1,0,0,0,0,1,1,0,0,7.77609E+20,5.7193E+21,1.30051E+16,5.15563E+16
66929,14,6,26,110,2018,4,7,5,3,2,6,0,0,1,0,0,0,0,0,9.18572E+20,5.6815E+21,1.49844E+16,5.11316E+16
66930,14,5,11,0,2018,4,8,4,3,3,6,0,0,1,0,0,0,1,0,7.68216E+20,5.63973E+21,1.28105E+16,5.0847E+16
66931,14,7,30,170,2018,4,22,7,3,0,1,2,1,1,0,0,0,0,0,7.91225E+20,5.69278E+21,1.31792E+16,5.13116E+16
66932,14,5,23,170,2018,3,16,2,3,8,1,0,0,1,0,0,0,0,0,7.38731E+20,5.60782E+21,1.23718E+16,5.05735E+16
66933,14,6,25,250,2018,3,8,2,3,2,2,0,0,1,0,0,0,1,0,8.55611E+20,5.6929E+21,1.40997E+16,5.12762E+16
66934,14,5,11,0,2018,4,7,5,2,5,3,0,0,1,0,0,0,0,0,7.70534E+20,5.63647E+21,1.28409E+16,5.08167E+16
66935,14,5,11,0,2018,4,8,5,3,5,3,0,1,1,0,0,0,0,0,7.75016E+20,5.63916E+21,1.29064E+16,5.08387E+16
66936,14,6,25,120,2018,3,15,2,3,5,3,0,0,1,0,0,0,1,0,8.64359E+20,5.72097E+21,1.42534E+16,5.1522E+16
66937,14,6,25,250,2018,4,20,2,2,6,2,2,0,1,1,0,0,0,1,8.55151E+20,5.69261E+21,1.40928E+16,5.12738E+16
66938,14,5,11,0,2018,3,6,7,3,0,2,0,0,1,0,0,0,1,0,7.71607E+20,5.64079E+21,1.28593E+16,5.08549E+16
66939,14,6,28,410,2018,3,7,1,2,2,6,0,0,1,0,0,1,0,0,8.14711E+20,5.66606E+21,1.34917E+16,5.10596E+16
66940,14,5,24,330,2018,4,13,3,3,2,6,0,0,1,0,0,0,0,0,7.43847E+20,5.62425E+21,1.24547E+16,5.07188E+16
66941,14,6,12,0,2018,4,16,2,3,8,1,0,0,0,0,1,0,0,0,8.3515E+20,5.67839E+21,1.37938E+16,5.11586E+16
66942,14,6,12,0,2018,4,5,6,2,5,2,2,0,1,0,1,0,0,0,8.29331E+20,5.67021E+21,1.37034E+16,5.10886E+16
66943,14,7,13,0,2018,4,18,7,3,5,2,0,1,1,0,0,0,0,0,7.35096E+20,5.69704E+21,1.23782E+16,5.13758E+16
66944,14,6,25,190,2018,3,16,2,3,2,6,0,0,1,0,0,0,0,0,8.80629E+20,5.67777E+21,1.44407E+16,5.11246E+16
66945,14,6,25,20,2018,3,15,2,3,3,6,0,0,0,0,0,1,1,0,8.72407E+20,5.68545E+21,1.43317E+16,5.11988E+16
66946,14,5,22,330,2018,4,22,1,2,2,6,2,0,1,0,0,0,0,0,7.82396E+20,5.64804E+21,1.30178E+16,5.09148E+16
66947,14,5,22,180,2018,4,9,3,2,2,6,0,1,1,0,0,0,0,0,8.04584E+20,5.6491E+21,1.33334E+16,5.0913E+16
66948,14,6,25,20,2018,4,14,2,3,8,1,0,0,1,0,0,0,0,0,8.74998E+20,5.68588E+21,1.43691E+16,5.12009E+16
66949,14,6,28,240,2018,3,15,6,3,0,6,0,0,0,0,1,0,0,0,8.51061E+20,5.66111E+21,1.40037E+16,5.09942E+16
66950,14,6,25,30,2018,4,7,6,3,3,2,0,1,1,0,0,0,0,0,8.52554E+20,5.70323E+21,1.40662E+16,5.13706E+16
66951,14,6,28,410,2018,4,14,6,3,2,6,0,0,1,0,0,0,0,0,8.10259E+20,5.66423E+21,1.34268E+16,5.10456E+16
66952,14,5,24,310,2018,4,11,7,3,4,6,0,0,1,0,0,0,0,0,7.56188E+20,5.61898E+21,1.26255E+16,5.06662E+16
66953,14,6,26,170,2018,3,8,2,2,9,1,0,0,1,0,0,0,0,2,9.01273E+20,5.65424E+21,1.47083E+16,5.09E+16
66954,14,6,28,270,2018,3,13,2,2,8,7,0,0,1,0,0,0,0,0,8.45137E+20,5.65384E+21,1.39127E+16,5.09327E+16
66955,14,6,12,0,2018,4,8,1,3,5,3,0,0,1,0,0,0,0,0,8.23193E+20,5.66413E+21,1.36107E+16,5.10376E+16
66956,14,6,12,0,2018,4,16,3,3,5,2,0,1,0,0,0,0,1,0,8.3326E+20,5.67401E+21,1.37629E+16,5.11205E+16
66957,14,7,29,160,2018,4,16,2,3,1,6,0,0,1,0,0,0,0,0,7.60009E+20,5.68291E+21,1.27251E+16,5.12382E+16
66958,14,5,22,220,2018,3,10,6,3,2,6,0,0,1,0,0,0,0,0,7.79778E+20,5.67855E+21,1.30042E+16,5.11897E+16
66959,14,7,29,30,2018,4,13,6,2,2,6,0,0,0,0,1,1,0,0,7.59657E+20,5.69464E+21,1.27286E+16,5.13436E+16
66960,14,6,12,0,2018,3,9,2,3,2,6,0,0,1,0,0,0,1,0,8.3328E+20,5.6695E+21,1.3759E+16,5.108E+16
66961,14,6,25,10,2018,4,13,6,3,6,6,0,0,1,1,0,0,0,0,8.46772E+20,5.67394E+21,1.39551E+16,5.11118E+16
66962,14,5,22,330,2018,4,17,2,3,2,6,0,0,1,0,0,0,0,0,7.78718E+20,5.65165E+21,1.29684E+16,5.0949E+16
66963,14,6,28,190,2018,3,14,4,2,5,3,0,0,1,0,1,0,0,1,8.56168E+20,5.66062E+21,1.40757E+16,5.09867E+16
66964,14,6,28,270,2018,3,16,2,2,5,3,0,1,0,0,0,0,1,0,8.47079E+20,5.65568E+21,1.3942E+16,5.0948E+16
66965,14,5,21,160,2018,4,12,6,3,2,6,0,0,1,0,0,0,1,0,7.80462E+20,5.61767E+21,1.29672E+16,5.06433E+16
66966,14,7,29,300,2018,4,6,3,2,8,1,0,0,1,0,0,0,0,0,7.48524E+20,5.68631E+21,1.25633E+16,5.12739E+16