OBJECTID_1,ULAND,UREGBEZ,UKREIS,UGEMEINDE,UJAHR,UMONAT,USTUNDE,UWOCHENTAG,UKATEGORIE,UART,UTYP1,ULICHTVERH,IstRad,IstPKW,IstFuss,IstKrad,IstGkfz,IstSonstig,STRZUSTAND,LINREFX,LINREFY,XGCSWGS84,YGCSWGS84
66967,14,6,12,0,2018,4,9,5,3,5,2,0,0,1,0,1,0,0,1,8.31818E+20,5.6676E+21,1.37364E+16,5.10638E+16
66968,14,5,24,180,2018,4,7,3,3,8,1,0,0,0,0,0,1,0,1,7.64512E+20,5.63737E+21,1.27562E+16,5.08275E+16
66969,14,6,26,370,2018,4,11,7,3,2,6,0,0,1,0,0,0,0,0,9.06105E+20,5.69678E+21,1.48244E+16,5.12772E+16
66970,14,6,26,520,2018,3,14,2,3,5,3,0,0,1,0,0,0,0,0,9.14668E+20,5.68506E+21,1.4933E+16,5.11662E+16
66971,14,5,11,0,2018,3,15,2,2,4,6,0,0,1,0,0,1,0,0,7.77223E+20,5.62954E+21,1.29304E+16,5.07513E+16
66972,14,7,30,340,2018,4,13,4,3,4,2,0,0,1,0,0,0,0,0,7.23303E+20,5.70646E+21,1.2215E+16,5.14652E+16
66973,14,5,22,380,2018,4,9,5,3,5,3,0,0,1,0,0,0,0,0,7.6367E+20,5.64621E+21,1.27507E+16,5.09072E+16
66974,14,5,24,190,2018,3,3,1,3,2,1,2,0,1,0,0,0,0,1,7.42948E+20,5.6357E+21,1.24495E+16,5.0822E+16
66975,14,6,12,0,2018,4,7,2,3,5,3,0,0,1,0,0,0,0,1,8.4064E+20,5.67265E+21,1.38666E+16,5.11039E+16
66976,14,6,27,210,2018,4,12,4,3,0,1,0,1,0,0,0,0,0,0,8.26407E+20,5.67189E+21,1.36633E+16,5.11053E+16
66977,14,5,21,230,2018,3,15,7,2,2,6,0,0,1,0,1,0,1,0,7.74367E+20,5.62479E+21,1.28865E+16,5.071E+16
66978,14,7,13,0,2018,4,23,3,3,4,2,2,0,1,0,0,0,0,0,7.27619E+20,5.68556E+21,1.22636E+16,5.12759E+16
66979,14,7,13,0,2018,4,14,1,3,6,4,0,1,0,1,0,0,0,0,7.38872E+20,5.69449E+21,1.24306E+16,5.13514E+16
66980,14,6,26,370,2018,4,16,4,2,2,6,0,0,1,0,1,0,0,0,9.03091E+20,5.69831E+21,1.47832E+16,5.1293E+16
66981,14,5,21,620,2018,4,10,6,3,2,6,0,0,1,0,0,0,1,0,7.71547E+20,5.62401E+21,1.28461E+16,5.07044E+16
66982,14,6,26,110,2018,4,10,7,3,4,2,0,1,1,0,0,0,0,0,9.17709E+20,5.68406E+21,1.49751E+16,5.11551E+16
66983,14,5,24,330,2018,3,20,1,3,6,4,2,0,1,1,0,0,0,0,7.41355E+20,5.62414E+21,1.24194E+16,5.07188E+16
66984,14,6,25,110,2018,4,20,5,3,5,3,2,0,1,0,0,0,0,0,8.73645E+20,5.67733E+21,1.43409E+16,5.11252E+16
66985,14,5,24,330,2018,3,18,1,2,6,4,2,0,1,1,0,0,0,0,7.48283E+20,5.62242E+21,1.25162E+16,5.07005E+16
66986,14,5,24,330,2018,4,17,7,2,8,1,0,0,1,0,0,0,0,0,7.44923E+20,5.61649E+21,1.24648E+16,5.06487E+16
66987,14,5,11,0,2018,4,7,3,2,4,2,0,0,1,0,1,0,0,0,7.7668E+20,5.63787E+21,1.2929E+16,5.08263E+16
66988,14,6,12,0,2018,3,12,7,3,1,6,0,0,1,0,1,0,0,0,8.28507E+20,5.66817E+21,1.36899E+16,5.10708E+16
66989,14,6,12,0,2018,4,16,2,3,0,1,0,1,0,0,0,0,0,0,8.30096E+20,5.66267E+21,1.37074E+16,5.10206E+16
66990,14,6,27,100,2018,3,10,6,3,2,1,0,0,1,0,0,0,1,0,8.19649E+20,5.66659E+21,1.35624E+16,5.10616E+16
66991,14,6,25,380,2018,4,6,6,3,4,2,0,1,1,0,0,0,0,0,8.71482E+20,5.67401E+21,1.43067E+16,5.1097E+16
66992,14,5,11,0,2018,4,9,6,3,2,2,0,0,0,0,0,1,0,0,7.67712E+20,5.63589E+21,1.28005E+16,5.08128E+16
66993,14,5,21,590,2018,4,14,6,3,2,6,0,0,1,0,0,0,0,0,7.64765E+20,5.62367E+21,1.275E+16,5.07045E+16
66994,14,7,29,80,2018,4,15,1,2,4,1,0,0,1,0,1,0,0,0,7.64557E+20,5.67223E+21,1.27822E+16,5.11403E+16
66995,14,5,21,390,2018,3,8,4,3,8,1,0,0,0,0,0,0,1,1,7.98934E+20,5.60872E+21,1.32206E+16,5.05539E+16
66996,14,7,30,310,2018,3,5,1,3,9,1,1,0,1,0,0,0,0,2,7.8038E+20,5.71455E+21,1.30412E+16,5.15124E+16
66997,14,6,25,200,2018,4,18,5,3,5,3,0,1,1,0,0,0,0,0,8.53608E+20,5.67869E+21,1.40571E+16,5.11501E+16
66998,14,7,29,300,2018,4,13,5,2,3,6,0,1,0,0,0,1,0,0,7.50733E+20,5.6866E+21,1.25951E+16,5.12755E+16
66999,14,6,27,100,2018,4,8,3,2,3,7,0,0,1,0,0,1,0,0,8.17556E+20,5.66635E+21,1.35325E+16,5.10607E+16
67000,14,5,22,210,2018,3,18,7,2,0,6,2,0,1,0,0,0,0,0,8.00752E+20,5.65426E+21,1.32833E+16,5.09613E+16
67001,14,5,24,120,2018,4,8,4,3,5,3,0,0,1,0,0,0,0,0,7.6089E+20,5.63373E+21,1.27023E+16,5.07965E+16
67002,14,6,27,140,2018,4,15,3,3,5,3,0,1,1,0,0,0,0,0,8.12884E+20,5.67749E+21,1.34757E+16,5.11631E+16
67003,14,6,12,0,2018,4,11,7,3,2,6,0,0,1,0,0,0,0,0,8.31654E+20,5.66387E+21,1.37307E+16,5.10304E+16
67004,14,6,27,190,2018,4,16,1,2,0,1,0,0,0,0,1,0,0,0,8.07575E+20,5.68805E+21,1.3409E+16,5.12606E+16
67005,14,7,29,270,2018,3,16,1,2,4,2,0,1,1,0,0,0,0,0,7.22098E+20,5.6862E+21,1.2185E+16,5.12838E+16
67006,14,7,13,0,2018,3,10,1,3,9,1,0,0,1,0,0,0,0,2,7.44588E+20,5.69275E+21,1.25114E+16,5.13333E+16
67007,14,7,13,0,2018,3,8,1,3,9,1,0,0,1,0,0,0,0,2,7.45322E+20,5.69123E+21,1.25208E+16,5.13194E+16
67008,14,6,27,10,2018,4,14,6,3,5,3,0,0,1,0,0,0,0,0,8.18232E+20,5.6757E+21,1.35503E+16,5.11441E+16
67009,14,5,22,200,2018,4,17,2,2,4,2,0,0,1,0,1,0,0,0,8.04614E+20,5.63394E+21,1.33213E+16,5.0777E+16
67010,14,6,12,0,2018,3,17,4,2,5,3,0,1,1,0,0,0,0,1,8.29248E+20,5.67041E+21,1.37024E+16,5.10905E+16
67011,14,5,22,80,2018,3,12,1,3,8,1,0,0,1,0,0,0,0,2,7.94235E+20,5.66965E+21,1.32033E+16,5.11027E+16
67012,14,7,30,80,2018,4,7,5,3,2,6,0,0,1,0,0,0,1,0,7.56537E+20,5.70866E+21,1.2694E+16,5.14708E+16
67013,14,5,24,330,2018,4,16,5,3,2,6,0,0,1,0,0,0,0,0,7.47189E+20,5.62313E+21,1.25012E+16,5.07074E+16
67014,14,6,28,270,2018,4,16,3,3,2,6,0,0,1,0,0,0,0,0,8.4567E+20,5.65664E+21,1.3923E+16,5.09575E+16
67015,14,5,21,550,2018,4,16,5,3,2,6,0,0,1,0,1,0,0,1,7.65986E+20,5.60718E+21,1.27554E+16,5.05559E+16
67016,14,7,13,0,2018,4,15,3,3,2,2,0,0,1,0,0,0,0,0,7.29851E+20,5.69286E+21,1.23003E+16,5.13405E+16
67017,14,6,25,610,2018,4,13,7,3,8,1,0,0,1,0,1,0,0,0,8.94829E+20,5.6857E+21,1.46514E+16,5.11859E+16
67018,14,7,29,340,2018,4,14,1,2,4,2,0,0,1,0,0,0,1,0,7.52936E+20,5.68521E+21,1.26256E+16,5.1262E+16
67019,14,5,22,140,2018,3,10,2,3,2,1,0,0,1,0,0,0,0,0,7.86832E+20,5.64237E+21,1.30763E+16,5.08617E+16
67020,14,6,26,180,2018,3,20,1,3,8,1,2,0,1,0,0,0,0,2,9.0631E+20,5.66255E+21,1.47888E+16,5.09709E+16
67021,14,6,28,270,2018,4,21,4,3,5,2,2,0,1,0,1,0,0,0,8.46854E+20,5.65676E+21,1.39399E+16,5.09578E+16
67022,14,7,29,160,2018,4,9,4,3,3,6,0,1,1,0,0,0,0,0,7.60039E+20,5.68448E+21,1.27267E+16,5.12523E+16
67023,14,6,25,330,2018,3,6,1,2,8,1,0,0,1,0,0,0,0,2,8.76085E+20,5.70596E+21,1.44057E+16,5.138E+16
67024,14,5,22,570,2018,4,5,2,3,5,3,1,0,1,0,0,0,1,1,7.82255E+20,5.66573E+21,1.30295E+16,5.10735E+16
67025,14,6,12,0,2018,4,18,4,3,6,4,0,0,1,1,0,0,0,0,8.32654E+20,5.66761E+21,1.37483E+16,5.10634E+16
67026,14,5,23,320,2018,3,16,6,3,6,4,0,0,1,1,0,0,0,0,7.21808E+20,5.59986E+21,1.21284E+16,5.05086E+16
67027,14,6,25,240,2018,4,15,3,3,2,6,0,0,1,0,0,0,0,0,8.65532E+20,5.71298E+21,1.42619E+16,5.14497E+16
67028,14,5,23,170,2018,3,10,7,2,5,3,0,0,1,0,0,0,0,1,7.38643E+20,5.60763E+21,1.23704E+16,5.05718E+16
67029,14,6,12,0,2018,4,19,4,3,0,7,0,1,1,0,0,0,0,0,8.31812E+20,5.66761E+21,1.37364E+16,5.10639E+16
67030,14,5,24,330,2018,4,8,5,2,6,3,0,0,1,1,0,0,0,0,7.45058E+20,5.62448E+21,1.2472E+16,5.07204E+16
67031,14,5,21,160,2018,4,12,7,3,2,2,0,0,1,0,1,0,0,0,7.80683E+20,5.61909E+21,1.29714E+16,5.0656E+16
67032,14,6,25,440,2018,3,23,1,2,8,6,2,0,1,0,0,0,0,0,8.6093E+20,5.68286E+21,1.41655E+16,5.11829E+16
67033,14,6,12,0,2018,4,10,5,2,5,3,0,0,1,0,0,0,0,0,8.36477E+20,5.66034E+21,1.3796E+16,5.09961E+16
67034,14,6,28,60,2018,3,12,1,2,9,1,0,0,1,0,0,0,0,2,8.24059E+20,5.64003E+21,1.36016E+16,5.08211E+16
67035,14,7,29,350,2018,4,14,7,3,8,6,0,0,1,0,1,0,0,0,7.29119E+20,5.67397E+21,1.22777E+16,5.11712E+16
67036,14,5,24,90,2018,4,6,2,3,9,1,0,0,1,0,0,0,0,0,7.59106E+20,5.62325E+21,1.26697E+16,5.07032E+16
67037,14,5,11,0,2018,4,8,2,3,9,1,0,0,1,0,0,0,0,0,7.6435E+20,5.63655E+21,1.27534E+16,5.08202E+16
67038,14,5,24,190,2018,3,10,5,3,5,2,0,0,1,0,0,0,0,0,7.43243E+20,5.63909E+21,1.2456E+16,5.08522E+16
67039,14,6,25,450,2018,4,14,6,3,4,6,0,0,1,0,0,0,0,0,8.46997E+20,5.68561E+21,1.39696E+16,5.12162E+16
67040,14,5,24,300,2018,4,18,5,3,2,6,0,0,1,0,1,0,0,0,7.3835E+20,5.62596E+21,1.23781E+16,5.07364E+16
67041,14,6,25,360,2018,4,4,1,2,9,1,2,0,1,0,0,0,0,0,8.71238E+20,5.69651E+21,1.43265E+16,5.12985E+16
67042,14,6,26,140,2018,3,12,3,3,6,4,0,0,1,1,0,0,0,0,8.97891E+20,5.65153E+21,1.46575E+16,5.08781E+16
67043,14,6,27,220,2018,3,4,1,2,9,1,2,0,1,0,0,0,0,2,8.32093E+20,5.67868E+21,1.37505E+16,5.1163E+16
67044,14,6,27,230,2018,4,11,5,2,5,3,0,1,1,0,0,0,0,0,7.99678E+20,5.6917E+21,1.32992E+16,5.12976E+16
67045,14,6,26,390,2018,4,15,5,3,6,7,0,0,0,1,1,0,0,0,8.99246E+20,5.66006E+21,1.4686E+16,5.09535E+16
67046,14,5,21,420,2018,4,12,3,2,2,1,0,0,1,0,0,0,0,0,7.67147E+20,5.62805E+21,1.27868E+16,5.07427E+16
67047,14,5,23,50,2018,3,15,6,3,4,6,0,0,1,0,0,0,0,0,7.32355E+20,5.59595E+21,1.22745E+16,5.04695E+16
67048,14,6,25,240,2018,4,15,4,3,9,7,0,0,1,0,0,0,1,0,8.61961E+20,5.70976E+21,1.42075E+16,5.14231E+16
67049,14,6,27,180,2018,4,22,3,2,3,6,2,0,1,0,0,0,0,0,8.01021E+20,5.66247E+21,1.3294E+16,5.10348E+16
67050,14,5,21,450,2018,4,0,7,3,9,1,2,0,1,0,0,0,0,0,7.58915E+20,5.62373E+21,1.26674E+16,5.07077E+16
67051,14,6,27,60,2018,4,2,1,3,8,1,2,1,0,0,0,0,0,0,8.13062E+20,5.69821E+21,1.34963E+16,5.13488E+16
67052,14,5,22,580,2018,3,7,1,3,8,1,0,0,1,0,0,0,0,2,7.68453E+20,5.65682E+21,1.28264E+16,5.10002E+16
67053,14,5,21,495,2018,3,11,1,3,9,1,0,0,1,0,0,0,0,2,8.00444E+20,5.62716E+21,1.32568E+16,5.07184E+16
67054,14,7,30,190,2018,4,17,1,2,5,3,0,0,1,0,1,0,0,0,7.67209E+20,5.71467E+21,1.28519E+16,5.15198E+16
67055,14,7,30,270,2018,4,6,3,3,9,1,0,0,1,0,0,0,0,0,7.30082E+20,5.70428E+21,1.2311E+16,5.14429E+16
67056,14,7,30,110,2018,3,16,6,3,3,6,0,0,1,0,0,0,0,0,7.50146E+20,5.70999E+21,1.26031E+16,5.14856E+16
67057,14,6,12,0,2018,4,22,3,3,4,7,2,0,1,0,0,0,0,0,8.26979E+20,5.66834E+21,1.36683E+16,5.10732E+16
67058,14,5,22,230,2018,3,11,7,3,0,6,0,0,1,0,0,0,1,0,7.88291E+20,5.6568E+21,1.31084E+16,5.09904E+16
67059,14,5,11,0,2018,4,10,4,3,2,6,0,0,1,0,0,0,0,0,7.73138E+20,5.6356E+21,1.28771E+16,5.08076E+16
67060,14,5,23,120,2018,4,16,6,3,5,7,0,1,1,0,0,0,0,0,7.38679E+20,5.59634E+21,1.23637E+16,5.04704E+16
67061,14,7,13,0,2018,4,20,4,3,3,2,2,0,1,0,0,0,0,1,7.35189E+20,5.69355E+21,1.23772E+16,5.13445E+16
67062,14,5,22,320,2018,3,1,1,3,8,1,2,0,1,0,0,0,0,1,7.90811E+20,5.63839E+21,1.31295E+16,5.08241E+16
67063,14,5,11,0,2018,4,12,7,2,2,6,0,0,1,0,0,0,0,0,7.73093E+20,5.63334E+21,1.28748E+16,5.07873E+16
67064,14,5,22,210,2018,4,16,2,3,4,2,0,0,1,0,0,0,1,0,8.00991E+20,5.66244E+21,1.32935E+16,5.10345E+16
67065,14,6,26,610,2018,4,5,4,3,5,3,1,0,1,0,0,0,0,0,9.07376E+20,5.65466E+21,1.47951E+16,5.08995E+16
67066,14,5,23,80,2018,3,11,7,2,8,1,0,0,1,0,0,0,0,2,7.25092E+20,5.58092E+21,1.21633E+16,5.03373E+16
67067,14,5,23,100,2018,4,17,1,2,0,6,0,0,1,0,1,0,0,0,7.2627E+20,5.61139E+21,1.21982E+16,5.06105E+16
67068,14,5,24,330,2018,4,22,3,3,5,3,2,1,1,0,0,0,0,0,7.44775E+20,5.62326E+21,1.24671E+16,5.07095E+16
67069,14,6,27,60,2018,4,6,3,3,0,3,0,1,0,0,0,0,1,0,8.16127E+20,5.69234E+21,1.3535E+16,5.12944E+16
67070,14,6,28,260,2018,3,17,7,2,6,2,0,0,1,1,0,0,0,1,8.65769E+20,5.6659E+21,1.42173E+16,5.1028E+16
67071,14,5,21,690,2018,4,17,4,3,2,6,0,0,1,0,0,0,0,0,7.88094E+20,5.63067E+21,1.3085E+16,5.07562E+16
67072,14,5,24,110,2018,4,10,6,3,2,6,0,0,1,0,0,0,0,0,7.43449E+20,5.61517E+21,1.24431E+16,5.06375E+16
67073,14,5,21,240,2018,4,22,5,3,4,6,2,0,1,0,0,0,0,1,7.90141E+20,5.62473E+21,1.31093E+16,5.07019E+16
67074,14,7,30,230,2018,3,13,7,3,5,3,0,0,1,0,0,0,0,1,7.86107E+20,5.69122E+21,1.31047E+16,5.13002E+16
67075,14,6,12,0,2018,4,9,7,3,2,6,0,0,1,0,0,0,0,0,8.31256E+20,5.66695E+21,1.37279E+16,5.10583E+16
67076,14,6,25,100,2018,4,16,2,3,2,6,0,0,1,0,0,1,0,0,8.68329E+20,5.68101E+21,1.4269E+16,5.11617E+16
67077,14,6,25,20,2018,3,7,5,2,8,1,0,0,1,0,0,0,0,0,8.76343E+20,5.68358E+21,1.43858E+16,5.11795E+16
67078,14,6,12,0,2018,4,16,6,3,2,6,0,0,1,0,1,0,0,0,8.29838E+20,5.66609E+21,1.37069E+16,5.10515E+16
67079,14,7,13,0,2018,4,16,5,3,2,6,0,0,1,0,0,0,0,0,7.392E+20,5.6888E+21,1.24315E+16,5.13001E+16
67080,14,6,26,290,2018,4,7,4,3,4,2,0,0,1,0,1,0,0,0,8.96529E+20,5.67602E+21,1.46649E+16,5.10981E+16
67081,14,5,21,450,2018,4,16,1,2,0,1,0,1,0,0,0,0,0,0,7.60875E+20,5.62623E+21,1.26968E+16,5.07292E+16
67082,14,6,12,0,2018,3,17,3,3,3,6,0,1,0,0,0,0,1,0,8.38132E+20,5.66572E+21,1.38245E+16,5.10433E+16
67083,14,7,30,170,2018,3,18,7,2,4,1,1,0,1,0,0,0,0,2,7.92707E+20,5.6891E+21,1.31974E+16,5.12779E+16
67084,14,6,27,180,2018,4,12,5,2,2,6,0,0,1,0,0,0,0,0,8.06629E+20,5.66534E+21,1.33761E+16,5.10576E+16
67085,14,6,12,0,2018,4,7,5,3,5,3,0,1,1,0,0,0,0,0,8.31062E+20,5.6667E+21,1.37249E+16,5.10562E+16
67086,14,7,30,80,2018,4,11,2,3,9,1,0,0,1,0,0,0,0,1,7.54327E+20,5.71078E+21,1.26638E+16,5.14909E+16
67087,14,7,29,260,2018,3,17,6,3,2,2,0,0,1,0,0,0,0,0,7.34292E+20,5.68625E+21,1.23596E+16,5.12793E+16
67088,14,6,28,270,2018,4,21,4,3,8,1,2,0,1,0,0,0,0,1,8.4592E+20,5.65439E+21,1.39244E+16,5.09372E+16
67089,14,5,11,0,2018,4,9,3,3,4,2,0,0,1,0,0,0,0,1,7.74722E+20,5.63997E+21,1.29028E+16,5.08461E+16
67090,14,7,29,320,2018,4,14,6,2,8,1,0,0,1,0,0,0,0,0,7.42325E+20,5.67035E+21,1.24638E+16,5.11333E+16
67091,14,5,22,290,2018,4,12,1,1,4,2,0,0,1,0,1,0,0,0,7.70288E+20,5.65221E+21,1.28491E+16,5.0958E+16
67092,14,7,30,360,2018,3,5,7,3,9,1,1,0,1,0,0,0,0,2,7.44364E+20,5.71449E+21,1.25232E+16,5.15286E+16
67093,14,7,30,150,2018,3,18,7,3,0,1,1,0,1,0,0,0,0,2,7.38876E+20,5.70789E+21,1.24397E+16,5.14717E+16
67094,14,6,28,20,2018,4,15,1,2,0,1,0,0,0,0,1,0,0,0,8.49649E+20,5.64304E+21,1.39664E+16,5.08332E+16
67095,14,6,27,310,2018,4,15,3,2,5,3,0,0,1,0,0,0,0,0,8.21355E+20,5.678E+21,1.35969E+16,5.1163E+16
67096,14,5,23,360,2018,4,13,2,2,9,1,0,0,0,0,0,0,1,1,7.45052E+20,5.60098E+21,1.24564E+16,5.05094E+16
67097,14,7,29,260,2018,3,11,6,3,0,7,0,1,0,0,0,0,0,0,7.35567E+20,5.68556E+21,1.23774E+16,5.12726E+16
67098,14,7,29,30,2018,4,16,6,3,5,2,0,0,1,0,1,0,0,0,7.5919E+20,5.69522E+21,1.27223E+16,5.1349E+16
67099,14,7,29,370,2018,3,9,7,3,2,6,0,0,1,0,0,0,0,2,7.43348E+20,5.67588E+21,1.24821E+16,5.11825E+16
67100,14,7,30,110,2018,4,15,6,3,1,6,0,0,1,0,0,0,0,1,7.5292E+20,5.70748E+21,1.26412E+16,5.14619E+16
67101,14,6,12,0,2018,4,16,2,2,2,6,0,0,0,0,0,0,1,0,8.35479E+20,5.67915E+21,1.37992E+16,5.11652E+16
67102,14,7,30,310,2018,3,12,4,3,5,2,0,0,0,0,1,0,1,1,7.77006E+20,5.72039E+21,1.29973E+16,5.15664E+16
67103,14,5,22,310,2018,3,20,7,3,8,1,2,0,1,0,0,0,0,2,7.76851E+20,5.67985E+21,1.29634E+16,5.12028E+16
67104,14,5,21,370,2018,4,14,6,2,6,2,0,0,1,1,0,0,0,0,7.64194E+20,5.6145E+21,1.27354E+16,5.06224E+16
67105,14,7,13,0,2018,4,4,3,3,1,6,1,0,1,0,0,1,0,0,7.36146E+20,5.7015E+21,1.23962E+16,5.14154E+16
67106,14,6,27,310,2018,4,14,5,3,0,1,0,1,0,0,0,0,0,1,8.18951E+20,5.67817E+21,1.35627E+16,5.11658E+16
67107,14,5,21,260,2018,4,5,4,1,8,1,2,0,1,0,0,0,0,0,7.71262E+20,5.60996E+21,1.28317E+16,5.05784E+16
67108,14,7,13,0,2018,4,11,7,3,2,2,0,0,1,0,0,0,0,0,7.34861E+20,5.69704E+21,1.23748E+16,5.13759E+16
67109,14,7,29,50,2018,3,10,2,3,2,6,0,0,1,0,0,0,1,0,7.43838E+20,5.66892E+21,1.24844E+16,5.11198E+16
67110,14,7,13,0,2018,3,4,7,3,9,1,2,0,1,0,0,0,0,2,7.41056E+20,5.68535E+21,1.24558E+16,5.12684E+16
67111,14,5,24,100,2018,4,8,4,3,0,1,0,0,0,0,1,0,0,0,7.48914E+20,5.6102E+21,1.25169E+16,5.05906E+16
67112,14,5,21,670,2018,3,9,5,3,2,6,0,0,1,0,0,0,0,0,7.88407E+20,5.61912E+21,1.30804E+16,5.06524E+16
67113,14,6,28,400,2018,4,17,6,2,4,1,0,0,1,0,1,0,0,0,8.18222E+20,5.65802E+21,1.35346E+16,5.09857E+16
67114,14,5,23,160,2018,4,18,3,2,0,7,0,1,0,0,0,0,0,0,7.46751E+20,5.58563E+21,1.24702E+16,5.03709E+16
67115,14,6,26,610,2018,4,6,5,3,2,2,0,0,1,0,1,0,0,0,9.07937E+20,5.65605E+21,1.48046E+16,5.09115E+16
67116,14,6,27,290,2018,4,9,4,3,5,3,0,0,0,0,1,0,1,0,8.3062E+20,5.69363E+21,1.37433E+16,5.12978E+16
67117,14,5,23,170,2018,4,10,7,2,5,3,0,0,1,0,0,0,0,0,7.38914E+20,5.60795E+21,1.23744E+16,5.05745E+16
67118,14,6,12,0,2018,3,5,3,2,0,3,2,1,1,0,0,0,0,0,8.33303E+20,5.67404E+21,1.37635E+16,5.11206E+16
67119,14,7,13,0,2018,3,12,7,2,2,6,0,0,1,0,0,0,0,1,7.3668E+20,5.70007E+21,1.24029E+16,5.14024E+16
67120,14,5,22,180,2018,4,14,5,3,2,2,0,1,1,0,0,0,0,0,8.04988E+20,5.64951E+21,1.33395E+16,5.09165E+16
67121,14,5,22,210,2018,4,15,5,2,4,6,0,0,1,0,0,0,0,0,8.00564E+20,5.65448E+21,1.32808E+16,5.09634E+16
67122,14,6,26,390,2018,3,14,7,3,5,3,0,0,1,0,0,1,0,2,9.03657E+20,5.65853E+21,1.47468E+16,5.09368E+16
67123,14,7,13,0,2018,4,12,2,2,4,2,0,0,1,0,0,0,0,1,7.2962E+20,5.69795E+21,1.23002E+16,5.13863E+16
67124,14,6,25,20,2018,3,12,6,2,9,1,0,0,1,0,0,0,0,1,8.7879E+20,5.6812E+21,1.44182E+16,5.11566E+16
67125,14,5,11,0,2018,4,16,4,2,4,1,0,0,1,0,0,1,0,1,7.64637E+20,5.63614E+21,1.27571E+16,5.08165E+16
67126,14,6,28,30,2018,4,10,2,3,6,7,0,0,1,1,0,0,0,0,8.67908E+20,5.65065E+21,1.42323E+16,5.08901E+16
67127,14,6,26,110,2018,4,15,6,3,5,3,0,0,1,0,0,0,0,0,9.18057E+20,5.68267E+21,1.49784E+16,5.11424E+16
67128,14,7,30,360,2018,4,13,7,3,8,1,0,0,1,0,0,0,0,0,7.45154E+20,5.71575E+21,1.25354E+16,5.15396E+16
67129,14,6,26,480,2018,3,13,7,3,5,3,0,0,1,0,0,0,0,2,9.11035E+20,5.70319E+21,1.49021E+16,5.1331E+16
67130,14,6,25,20,2018,3,18,7,2,9,1,2,0,1,0,0,0,0,2,8.74884E+20,5.6857E+21,1.43673E+16,5.11994E+16
67131,14,5,22,490,2018,4,15,1,3,0,1,0,0,0,0,1,0,0,0,7.65744E+20,5.66261E+21,1.27921E+16,5.10535E+16
67132,14,6,12,0,2018,4,15,3,2,0,1,0,1,0,0,0,0,0,0,8.30905E+20,5.66569E+21,1.37217E+16,5.10472E+16
67133,14,7,13,0,2018,4,9,2,3,5,2,0,1,0,0,0,0,1,1,7.37163E+20,5.69111E+21,1.24039E+16,5.13217E+16
67134,14,6,26,110,2018,3,11,6,3,2,6,0,0,1,0,0,0,1,0,9.17155E+20,5.68548E+21,1.49689E+16,5.11682E+16
67135,14,7,30,270,2018,4,11,6,3,3,6,0,1,1,0,0,0,0,0,7.24139E+20,5.69852E+21,1.22219E+16,5.13935E+16
67136,14,6,25,610,2018,3,11,7,2,4,1,0,0,1,0,0,0,0,2,8.88356E+20,5.68596E+21,1.45595E+16,5.11927E+16
67137,14,6,28,160,2018,4,11,6,3,5,3,0,1,1,0,0,0,0,0,8.41018E+20,5.65844E+21,1.38587E+16,5.09764E+16
67138,14,5,22,210,2018,4,14,2,3,0,6,0,0,1,0,0,0,0,0,8.00072E+20,5.65543E+21,1.32747E+16,5.09722E+16
67139,14,6,12,0,2018,3,22,4,3,5,2,2,1,1,0,0,0,0,1,8.3081E+20,5.66593E+21,1.37206E+16,5.10495E+16
67140,14,6,28,260,2018,3,5,7,3,9,1,1,0,1,0,0,0,0,2,8.64283E+20,5.67186E+21,1.42022E+16,5.10823E+16
67141,14,5,23,20,2018,4,11,5,3,8,1,0,0,1,0,0,0,0,0,7.38253E+20,5.59993E+21,1.236E+16,5.05028E+16
67142,14,5,11,0,2018,4,5,6,3,2,6,1,0,1,0,0,0,1,0,7.71868E+20,5.63583E+21,1.28593E+16,5.08103E+16
67143,14,6,26,610,2018,4,14,3,3,2,6,0,0,1,0,0,0,0,0,9.08291E+20,5.65468E+21,1.48081E+16,5.0899E+16
67144,14,5,22,440,2018,4,20,5,3,5,2,0,1,1,0,0,0,0,0,7.90879E+20,5.64593E+21,1.31365E+16,5.08916E+16
67145,14,7,30,360,2018,4,12,3,3,9,1,0,0,1,0,0,0,0,0,7.4573E+20,5.71457E+21,1.25429E+16,5.15287E+16
67146,14,6,25,510,2018,4,18,7,3,9,1,0,0,1,0,0,0,0,0,8.56409E+20,5.68178E+21,1.41E+16,5.11761E+16
67147,14,6,28,80,2018,3,12,2,3,2,6,0,0,1,0,0,0,1,0,8.42319E+20,5.65534E+21,1.38742E+16,5.09478E+16
67148,14,6,27,180,2018,3,7,7,3,8,1,0,0,1,0,0,0,0,2,8.02468E+20,5.66598E+21,1.33175E+16,5.10655E+16
67149,14,7,13,0,2018,4,17,4,3,3,6,0,1,1,0,0,0,0,1,7.35646E+20,5.69027E+21,1.23816E+16,5.13148E+16
67150,14,5,23,410,2018,4,13,4,2,8,1,0,0,0,0,1,0,0,0,7.28697E+20,5.59502E+21,1.22224E+16,5.04625E+16
67151,14,6,28,10,2018,3,17,7,2,8,1,1,0,1,0,0,0,0,2,8.38662E+20,5.63666E+21,1.3805E+16,5.07825E+16