OBJECTID_1,ULAND,UREGBEZ,UKREIS,UGEMEINDE,UJAHR,UMONAT,USTUNDE,UWOCHENTAG,UKATEGORIE,UART,UTYP1,ULICHTVERH,IstRad,IstPKW,IstFuss,IstKrad,IstGkfz,IstSonstig,STRZUSTAND,LINREFX,LINREFY,XGCSWGS84,YGCSWGS84
67152,14,6,12,0,2018,4,11,2,3,5,2,0,0,1,0,0,0,0,1,8.37514E+20,5.65834E+21,1.38088E+16,5.09775E+16
67153,14,6,12,0,2018,4,14,4,3,2,6,0,0,1,0,0,1,0,0,8.29833E+20,5.66541E+21,1.37062E+16,5.10454E+16
67154,14,6,25,290,2018,3,1,6,3,8,1,2,0,1,0,0,0,0,1,8.84741E+20,5.68732E+21,1.45094E+16,5.12073E+16
67155,14,7,30,270,2018,4,6,3,3,2,6,0,0,1,0,0,0,0,0,7.24496E+20,5.6937E+21,1.2224E+16,5.13501E+16
67156,14,6,12,0,2018,4,22,1,3,5,3,2,1,1,0,0,0,0,1,8.3036E+20,5.67117E+21,1.3719E+16,5.10966E+16
67157,14,6,27,230,2018,4,7,4,2,9,7,0,0,1,0,0,0,0,0,7.98245E+20,5.69395E+21,1.32806E+16,5.13185E+16
67158,14,5,24,140,2018,4,11,5,3,2,6,0,0,1,0,0,0,0,0,7.35151E+20,5.62718E+21,1.23336E+16,5.07487E+16
67159,14,6,26,370,2018,4,15,7,2,5,3,0,0,1,0,0,0,0,0,9.08028E+20,5.69588E+21,1.48508E+16,5.12677E+16
67160,14,6,28,110,2018,3,10,7,3,4,1,0,0,1,0,0,0,0,2,8.27615E+20,5.6589E+21,1.36688E+16,5.09883E+16
67161,14,6,27,230,2018,4,16,5,3,5,3,0,1,1,0,0,0,0,1,7.99793E+20,5.6924E+21,1.33014E+16,5.13038E+16
67162,14,6,12,0,2018,3,7,7,3,5,1,0,0,1,0,0,0,1,2,8.38593E+20,5.67499E+21,1.38397E+16,5.1126E+16
67163,14,7,13,0,2018,4,18,7,3,2,6,0,0,1,0,0,0,0,0,7.40712E+20,5.68653E+21,1.24516E+16,5.12792E+16
67164,14,5,22,230,2018,4,11,3,2,0,6,0,0,1,0,0,0,1,0,7.9062E+20,5.65742E+21,1.3142E+16,5.09948E+16
67165,14,6,12,0,2018,4,11,2,3,5,3,0,0,1,0,0,0,0,0,8.32551E+20,5.666E+21,1.37454E+16,5.1049E+16
67166,14,5,21,290,2018,3,16,6,2,8,1,0,0,0,0,1,0,0,0,7.60386E+20,5.62697E+21,1.26904E+16,5.07361E+16
67167,14,5,22,240,2018,4,14,5,2,5,3,0,0,1,0,1,0,0,0,8.10377E+20,5.65431E+21,1.342E+16,5.09566E+16
67168,14,6,27,250,2018,3,7,7,3,8,1,0,0,0,0,0,0,1,2,8.28594E+20,5.6979E+21,1.37183E+16,5.13372E+16
67169,14,6,25,20,2018,4,23,2,3,0,1,2,0,1,0,0,0,0,1,8.76808E+20,5.68314E+21,1.4392E+16,5.11752E+16
67170,14,6,12,0,2018,3,7,6,2,6,4,0,0,1,1,0,0,0,1,8.31679E+20,5.66437E+21,1.37315E+16,5.1035E+16
67171,14,5,24,300,2018,4,15,3,3,3,2,0,1,1,0,0,0,0,0,7.40975E+20,5.62342E+21,1.24135E+16,5.07126E+16
67172,14,5,11,0,2018,4,17,2,2,5,3,0,0,1,0,0,0,0,0,7.67779E+20,5.6396E+21,1.28042E+16,5.0846E+16
67173,14,5,22,430,2018,4,9,6,2,9,7,0,0,0,0,1,0,0,0,8.01897E+20,5.64774E+21,1.32942E+16,5.09023E+16
67174,14,6,26,610,2018,4,23,7,3,3,2,2,1,1,0,0,0,0,0,9.06715E+20,5.65456E+21,1.47857E+16,5.08991E+16
67175,14,5,21,450,2018,3,18,7,3,9,1,2,0,1,0,0,0,0,2,7.61822E+20,5.62452E+21,1.2709E+16,5.07134E+16
67176,14,6,26,170,2018,4,12,5,3,5,3,0,0,1,0,0,0,0,0,9.01052E+20,5.65767E+21,1.47089E+16,5.09308E+16
67177,14,5,22,460,2018,3,15,7,3,9,1,0,0,1,0,0,0,0,2,7.60082E+20,5.65629E+21,1.2707E+16,5.09993E+16
67178,14,5,24,330,2018,4,13,7,2,4,2,0,0,1,0,1,0,0,0,7.46028E+20,5.62875E+21,1.24885E+16,5.07583E+16
67179,14,5,21,30,2018,4,15,3,3,6,4,0,0,1,1,0,0,0,0,7.61802E+20,5.61062E+21,1.26989E+16,5.05887E+16
67180,14,6,27,260,2018,4,9,2,3,2,2,0,0,1,0,0,0,0,1,7.94766E+20,5.68621E+21,1.32244E+16,5.12509E+16
67181,14,6,12,0,2018,3,9,6,3,3,6,0,0,1,0,0,0,0,0,8.3122E+20,5.67452E+21,1.37343E+16,5.11261E+16
67182,14,6,26,230,2018,4,16,6,3,8,1,0,0,1,0,0,0,0,0,9.1081E+20,5.69447E+21,1.48889E+16,5.12532E+16
67183,14,6,12,0,2018,4,13,6,3,0,6,0,0,1,0,0,0,1,0,8.34111E+20,5.66801E+21,1.37694E+16,5.10661E+16
67184,14,5,21,495,2018,3,22,7,3,9,1,2,0,1,0,0,0,0,2,8.00443E+20,5.62716E+21,1.32567E+16,5.07185E+16
67185,14,6,12,0,2018,4,18,6,3,6,4,0,0,0,1,0,0,1,1,8.3213E+20,5.66773E+21,1.3741E+16,5.10648E+16
67186,14,5,24,330,2018,4,17,1,2,2,6,0,0,1,0,1,0,0,0,7.46525E+20,5.62263E+21,1.24915E+16,5.07031E+16
67187,14,5,21,590,2018,3,16,4,3,5,3,0,0,1,0,0,0,0,0,7.66836E+20,5.62474E+21,1.278E+16,5.07131E+16
67188,14,5,22,180,2018,3,11,7,3,2,6,0,0,1,0,0,0,0,2,8.0354E+20,5.65109E+21,1.33203E+16,5.09314E+16
67189,14,7,29,160,2018,4,16,5,3,2,2,0,0,1,0,0,0,0,0,7.6018E+20,5.68413E+21,1.27284E+16,5.12491E+16
67190,14,5,23,20,2018,4,7,5,2,5,3,0,0,1,0,1,0,0,0,7.43748E+20,5.59763E+21,1.24358E+16,5.04799E+16
67191,14,6,28,110,2018,4,16,3,3,2,2,0,0,1,0,0,0,0,0,8.25495E+20,5.66185E+21,1.36413E+16,5.10159E+16
67192,14,5,22,300,2018,3,7,6,3,5,3,0,0,1,0,0,0,0,1,7.83401E+20,5.66239E+21,1.30432E+16,5.1043E+16
67193,14,5,21,520,2018,4,14,5,3,1,1,0,0,1,0,0,0,0,0,7.79292E+20,5.60737E+21,1.2943E+16,5.05515E+16
67194,14,6,26,290,2018,4,10,3,2,4,2,0,0,1,0,0,0,0,1,8.97023E+20,5.67489E+21,1.46707E+16,5.10877E+16
67195,14,6,27,80,2018,4,18,7,3,5,3,0,0,1,0,0,0,0,0,8.06073E+20,5.67189E+21,1.33738E+16,5.11166E+16
67196,14,6,26,420,2018,4,16,1,3,5,3,0,1,1,0,0,0,0,0,9.15701E+20,5.66896E+21,1.49292E+16,5.10215E+16
67197,14,5,23,430,2018,3,17,1,3,9,1,0,0,1,0,0,0,0,0,7.32214E+20,5.60543E+21,1.22784E+16,5.05546E+16
67198,14,7,29,150,2018,3,9,7,2,1,7,0,0,1,0,0,1,0,2,7.58327E+20,5.66028E+21,1.26848E+16,5.10359E+16
67199,14,7,13,0,2018,4,16,4,3,2,6,0,0,1,0,0,0,0,0,7.40776E+20,5.69448E+21,1.24579E+16,5.13505E+16
67200,14,7,29,150,2018,3,12,7,2,2,1,0,0,1,0,0,0,0,2,7.58327E+20,5.66028E+21,1.26848E+16,5.10359E+16
67201,14,5,24,330,2018,4,17,1,3,5,3,0,0,1,0,0,0,0,0,7.46269E+20,5.62524E+21,1.24896E+16,5.07267E+16
67202,14,5,22,140,2018,4,17,4,3,5,3,0,0,0,0,1,0,1,0,7.87149E+20,5.64059E+21,1.30794E+16,5.08456E+16
67203,14,5,21,60,2018,3,6,6,2,9,1,0,0,1,0,0,0,0,1,7.85488E+20,5.60293E+21,1.30268E+16,5.05086E+16
67204,14,6,25,530,2018,4,14,3,2,4,6,0,0,1,0,0,0,1,0,8.66494E+20,5.67544E+21,1.42372E+16,5.11129E+16
67205,14,7,30,160,2018,3,9,7,1,9,1,0,0,1,0,0,0,0,1,7.54182E+20,5.7206E+21,1.26688E+16,5.1579E+16
67206,14,6,12,0,2018,4,20,4,2,0,1,2,1,0,0,0,0,0,0,8.32674E+20,5.66628E+21,1.37474E+16,5.10515E+16
67207,14,7,29,170,2018,4,12,5,3,2,2,0,0,1,0,0,0,0,0,7.30209E+20,5.67107E+21,1.22914E+16,5.11447E+16
67208,14,6,27,220,2018,3,18,1,2,4,1,0,1,1,0,0,0,0,0,8.30958E+20,5.67688E+21,1.37327E+16,5.11474E+16
67209,14,5,21,450,2018,4,22,7,3,9,1,2,0,1,0,0,0,0,0,7.6073E+20,5.62663E+21,1.2695E+16,5.07328E+16
67210,14,7,29,140,2018,3,0,7,3,8,1,2,0,1,0,0,0,0,1,7.51938E+20,5.66442E+21,1.25968E+16,5.10759E+16
67211,14,6,12,0,2018,4,9,5,2,6,4,0,0,0,1,0,0,1,0,8.32088E+20,5.66541E+21,1.37383E+16,5.1044E+16
67212,14,5,24,330,2018,3,11,6,3,5,3,0,0,1,0,0,0,0,1,7.45717E+20,5.61988E+21,1.24782E+16,5.06788E+16
67213,14,6,27,140,2018,4,7,7,3,8,7,0,0,1,0,0,0,0,0,8.13283E+20,5.67755E+21,1.34814E+16,5.11634E+16
67214,14,7,30,160,2018,4,10,2,3,2,6,0,0,1,0,0,0,1,0,7.49384E+20,5.71979E+21,1.25991E+16,5.15739E+16
67215,14,5,23,230,2018,4,16,1,3,4,6,0,0,1,0,0,0,0,0,7.29363E+20,5.58373E+21,1.22249E+16,5.03609E+16
67216,14,6,25,240,2018,3,21,5,3,9,1,2,0,1,0,0,0,0,0,8.57428E+20,5.71162E+21,1.41444E+16,5.14427E+16
67217,14,6,27,10,2018,4,12,6,3,2,6,0,0,1,0,0,0,0,0,8.20471E+20,5.67381E+21,1.35805E+16,5.11259E+16
67218,14,5,23,320,2018,4,15,5,3,4,2,0,0,1,0,0,0,0,0,7.24365E+20,5.59257E+21,1.216E+16,5.04422E+16
67219,14,6,27,60,2018,4,6,1,2,9,1,0,0,1,0,0,0,0,0,8.21619E+20,5.69219E+21,1.36134E+16,5.129E+16
67220,14,6,27,100,2018,3,21,3,3,9,1,2,0,1,0,0,0,0,0,8.15086E+20,5.66887E+21,1.34995E+16,5.10847E+16
67221,14,5,24,300,2018,3,15,6,3,5,3,0,0,1,0,0,0,0,1,7.38641E+20,5.62623E+21,1.23824E+16,5.07388E+16
67222,14,6,27,210,2018,4,11,5,3,2,2,0,0,1,0,0,0,1,0,8.2741E+20,5.6717E+21,1.36774E+16,5.11031E+16
67223,14,6,28,270,2018,4,16,5,3,5,2,0,1,1,0,0,0,0,0,8.47406E+20,5.65693E+21,1.39478E+16,5.0959E+16
67224,14,5,24,330,2018,4,13,2,3,5,3,0,0,1,0,0,0,0,1,7.45936E+20,5.62399E+21,1.24841E+16,5.07156E+16
67225,14,5,23,450,2018,3,17,5,2,9,1,1,0,1,0,0,0,0,0,7.09031E+20,5.59504E+21,1.19458E+16,5.04701E+16
67226,14,6,25,20,2018,4,6,6,3,2,6,0,0,1,0,0,0,0,0,8.82541E+20,5.68329E+21,1.44738E+16,5.11727E+16
67227,14,5,22,10,2018,4,10,6,2,0,2,0,0,0,0,1,1,0,0,7.77505E+20,5.65404E+21,1.2953E+16,5.0971E+16
67228,14,5,11,0,2018,4,12,6,3,3,2,0,1,1,0,0,0,0,1,7.7607E+20,5.63774E+21,1.29202E+16,5.08254E+16
67229,14,6,26,245,2018,4,17,1,3,2,6,0,0,1,0,0,0,1,0,8.96175E+20,5.6642E+21,1.4647E+16,5.09927E+16
67230,14,7,30,70,2018,3,13,3,2,2,6,0,0,1,0,0,0,0,0,7.31471E+20,5.71232E+21,1.23362E+16,5.15145E+16
67231,14,5,24,330,2018,3,16,6,3,4,2,0,0,1,0,0,0,0,1,7.46039E+20,5.62498E+21,1.24862E+16,5.07244E+16
67232,14,6,26,370,2018,4,15,5,3,2,6,0,0,1,0,0,0,0,0,9.03327E+20,5.69834E+21,1.47866E+16,5.12932E+16
67233,14,6,25,250,2018,4,15,5,2,4,6,0,0,1,0,0,0,1,0,8.55196E+20,5.69169E+21,1.40925E+16,5.12656E+16
67234,14,5,22,140,2018,4,7,3,3,5,2,0,0,1,0,0,0,1,0,7.87231E+20,5.64067E+21,1.30806E+16,5.08463E+16
67235,14,7,30,270,2018,3,13,5,3,8,2,0,0,1,0,0,1,0,0,7.284E+20,5.70163E+21,1.22851E+16,5.14198E+16
67236,14,7,30,110,2018,4,8,4,3,3,2,0,1,0,0,0,0,0,0,7.53095E+20,5.70757E+21,1.26438E+16,5.14626E+16
67237,14,6,27,110,2018,4,16,3,2,4,6,0,0,1,0,1,0,0,0,8.24786E+20,5.70156E+21,1.36672E+16,5.13722E+16
67238,14,5,21,670,2018,4,16,7,3,2,2,0,0,1,0,1,0,0,0,7.89824E+20,5.62072E+21,1.31017E+16,5.0666E+16
67239,14,6,12,0,2018,4,13,1,2,0,1,0,1,1,0,0,0,0,0,8.30061E+20,5.6626E+21,1.37069E+16,5.102E+16
67240,14,7,30,110,2018,3,16,1,2,2,6,0,0,1,0,1,0,0,0,7.54825E+20,5.70719E+21,1.26684E+16,5.14584E+16
67241,14,7,30,150,2018,3,14,6,3,4,6,0,0,1,0,0,0,0,1,7.37192E+20,5.70354E+21,1.24126E+16,5.14334E+16
67242,14,6,25,570,2018,4,11,4,2,2,6,0,0,1,0,0,0,0,0,8.71086E+20,5.7187E+21,1.43475E+16,5.14974E+16
67243,14,7,29,400,2018,3,17,6,3,8,1,0,0,1,0,0,0,0,2,7.63168E+20,5.68967E+21,1.27752E+16,5.12974E+16
67244,14,7,30,250,2018,4,13,1,2,8,1,0,0,0,0,1,0,0,0,7.3215E+20,5.70816E+21,1.23432E+16,5.14769E+16
67245,14,5,23,440,2018,4,11,3,2,0,7,0,1,0,0,0,0,0,0,7.22379E+20,5.58373E+21,1.21269E+16,5.03635E+16
67246,14,7,30,150,2018,3,16,5,3,5,3,0,0,1,0,0,0,1,1,7.43085E+20,5.70619E+21,1.2499E+16,5.14546E+16
67247,14,6,28,10,2018,4,16,3,2,5,2,0,0,1,0,0,0,0,0,8.37181E+20,5.64002E+21,1.37872E+16,5.08136E+16
67248,14,6,27,20,2018,3,12,7,2,8,1,0,0,1,0,0,0,0,0,8.10031E+20,5.68161E+21,1.34385E+16,5.12016E+16
67249,14,5,21,30,2018,4,13,4,2,5,3,0,0,1,0,0,0,0,0,7.63109E+20,5.61087E+21,1.27175E+16,5.05903E+16
67250,14,5,23,330,2018,4,23,6,2,9,1,2,0,1,0,0,0,0,0,7.27277E+20,5.60679E+21,1.22096E+16,5.05687E+16
67251,14,5,24,130,2018,4,14,4,3,5,3,0,0,1,0,1,0,0,0,7.49254E+20,5.61383E+21,1.25241E+16,5.0623E+16
67252,14,7,29,430,2018,3,23,6,2,3,6,2,0,1,0,0,1,0,2,7.33949E+20,5.68262E+21,1.23523E+16,5.12469E+16
67253,14,5,11,0,2018,4,18,7,3,5,3,0,0,1,0,0,0,0,0,7.75015E+20,5.63916E+21,1.29064E+16,5.08387E+16
67254,14,6,26,570,2018,4,12,2,3,4,2,0,0,1,0,0,0,0,0,9.02295E+20,5.68834E+21,1.47606E+16,5.12044E+16
67255,14,6,27,180,2018,3,10,5,3,5,3,0,0,1,0,0,0,0,0,8.04528E+20,5.66484E+21,1.33458E+16,5.10542E+16
67256,14,6,26,580,2018,3,14,1,1,2,1,0,0,1,0,0,0,0,0,9.05231E+20,5.69228E+21,1.48069E+16,5.12375E+16
67257,14,6,12,0,2018,4,17,6,3,2,6,0,0,1,0,1,0,0,0,8.3113E+20,5.66679E+21,1.37259E+16,5.10569E+16
67258,14,7,13,0,2018,4,17,5,3,5,3,0,1,1,0,0,0,0,0,7.32962E+20,5.69286E+21,1.23448E+16,5.13392E+16
67259,14,6,25,490,2018,4,16,4,3,5,3,0,0,1,0,1,0,0,0,8.78786E+20,5.69417E+21,1.44318E+16,5.12727E+16
67260,14,5,21,550,2018,4,3,1,3,8,1,2,0,1,0,0,0,0,0,7.6591E+20,5.60724E+21,1.27544E+16,5.05565E+16
67261,14,6,27,180,2018,3,8,3,3,3,6,0,0,1,0,0,1,1,0,8.00515E+20,5.66232E+21,1.32866E+16,5.10337E+16
67262,14,6,26,410,2018,3,15,6,3,5,3,0,0,1,0,0,1,0,1,8.85414E+20,5.67081E+21,1.45014E+16,5.10591E+16
67263,14,5,21,590,2018,4,15,5,3,2,2,0,0,1,0,0,0,0,0,7.64737E+20,5.62367E+21,1.27496E+16,5.07045E+16
67264,14,6,12,0,2018,4,10,5,2,5,3,0,0,1,0,0,0,1,0,8.29609E+20,5.666E+21,1.37036E+16,5.10507E+16
67265,14,7,13,0,2018,4,14,2,3,2,6,0,0,1,0,0,0,0,1,7.35729E+20,5.69356E+21,1.2385E+16,5.13444E+16
67266,14,6,26,390,2018,3,16,5,3,2,2,0,0,1,0,0,0,0,0,9.01359E+20,5.66089E+21,1.47168E+16,5.09595E+16
67267,14,6,12,0,2018,4,16,4,3,5,2,0,1,1,0,0,0,0,0,8.22229E+20,5.6703E+21,1.36024E+16,5.10935E+16
67268,14,5,23,270,2018,4,14,2,3,2,6,0,0,1,0,0,0,0,0,7.30208E+20,5.60284E+21,1.22485E+16,5.05322E+16
67269,14,7,13,0,2018,4,15,6,3,2,6,0,1,1,0,0,0,0,0,7.35426E+20,5.69027E+21,1.23784E+16,5.13149E+16
67270,14,5,21,30,2018,4,10,1,1,4,6,0,0,1,0,1,0,1,0,7.61627E+20,5.6128E+21,1.2698E+16,5.06083E+16
67271,14,6,25,590,2018,3,17,6,3,8,1,0,0,1,0,0,0,0,2,8.72833E+20,5.66991E+21,1.43217E+16,5.10594E+16
67272,14,6,25,230,2018,3,16,6,2,5,3,0,0,1,0,0,0,0,2,8.87902E+20,5.68053E+21,1.45471E+16,5.11444E+16
67273,14,6,28,130,2018,4,14,1,2,8,1,0,0,0,0,1,0,0,0,8.35716E+20,5.64236E+21,1.37686E+16,5.08353E+16
67274,14,6,12,0,2018,4,16,3,3,0,1,0,1,0,0,0,0,0,0,8.30678E+20,5.66472E+21,1.37176E+16,5.10386E+16
67275,14,6,28,230,2018,3,12,5,2,4,7,0,0,1,0,0,0,0,1,8.38189E+20,5.64957E+21,1.38103E+16,5.08986E+16
67276,14,7,30,60,2018,4,11,2,3,5,3,0,1,1,0,0,0,0,0,7.77042E+20,5.70172E+21,1.29831E+16,5.13989E+16
67277,14,5,22,220,2018,3,10,6,3,2,6,0,0,1,0,0,0,0,0,7.79777E+20,5.67855E+21,1.30042E+16,5.11897E+16
67278,14,6,26,230,2018,4,8,4,3,1,7,0,0,1,0,0,1,0,0,9.09784E+20,5.6906E+21,1.48698E+16,5.12192E+16
67279,14,5,22,430,2018,4,13,3,2,5,3,0,0,1,0,1,0,0,0,7.98654E+20,5.65204E+21,1.32517E+16,5.09425E+16
67280,14,5,23,320,2018,4,5,6,3,1,6,1,0,1,0,0,0,1,0,7.23338E+20,5.59903E+21,1.21494E+16,5.05006E+16
67281,14,5,21,495,2018,4,14,1,2,8,1,0,0,0,0,1,0,0,0,8.00445E+20,5.62716E+21,1.32568E+16,5.07184E+16
67282,14,6,25,380,2018,3,19,6,3,0,1,2,1,0,0,0,0,0,2,8.69784E+20,5.67387E+21,1.42824E+16,5.10968E+16
67283,14,6,26,290,2018,3,19,6,2,8,1,2,0,1,0,0,0,0,2,8.93765E+20,5.67672E+21,1.46264E+16,5.11064E+16
67284,14,6,25,120,2018,4,18,1,3,8,1,0,1,0,0,0,0,0,0,8.5711E+20,5.71704E+21,1.41453E+16,5.14915E+16
67285,14,6,27,260,2018,4,8,3,3,1,2,0,0,1,0,0,0,1,0,7.94916E+20,5.68631E+21,1.32266E+16,5.12518E+16
67286,14,6,27,60,2018,3,9,5,2,0,1,0,1,0,0,0,0,0,0,8.16262E+20,5.69141E+21,1.35361E+16,5.12861E+16
67287,14,5,22,70,2018,4,18,3,3,5,3,0,1,1,0,0,0,0,0,7.72291E+20,5.6494E+21,1.28754E+16,5.09319E+16
67288,14,5,23,320,2018,3,14,6,3,5,3,0,1,1,0,0,0,0,0,7.21847E+20,5.59811E+21,1.21279E+16,5.04929E+16
67289,14,5,24,330,2018,4,6,3,3,5,3,0,0,1,0,1,0,0,0,7.45628E+20,5.61976E+21,1.24769E+16,5.06777E+16
67290,14,7,30,310,2018,4,12,6,3,5,3,0,1,1,0,0,0,0,0,7.77326E+20,5.71913E+21,1.30009E+16,5.15549E+16
67291,14,6,26,300,2018,3,17,6,3,9,1,1,0,1,0,0,0,0,2,9.13305E+20,5.67832E+21,1.49059E+16,5.11069E+16
67292,14,5,23,320,2018,4,16,6,3,2,6,0,0,1,0,0,0,0,0,7.21582E+20,5.59853E+21,1.21244E+16,5.04967E+16
67293,14,6,12,0,2018,4,16,2,3,5,3,0,1,1,0,0,0,0,0,8.33441E+20,5.66353E+21,1.37558E+16,5.10264E+16
67294,14,5,21,390,2018,3,16,5,2,5,3,0,0,1,0,1,0,0,0,7.98068E+20,5.61785E+21,1.32157E+16,5.06362E+16
67295,14,5,21,390,2018,4,14,6,2,1,6,0,0,1,0,1,0,0,0,7.94787E+20,5.61981E+21,1.3171E+16,5.06554E+16
67296,14,5,21,590,2018,4,14,3,2,2,6,0,0,1,0,0,0,0,0,7.6531E+20,5.62451E+21,1.27583E+16,5.07117E+16
67297,14,6,26,370,2018,4,15,5,3,2,6,0,0,1,0,0,0,0,0,9.04989E+20,5.69861E+21,1.48106E+16,5.12944E+16
67298,14,5,21,260,2018,4,11,4,3,2,2,0,0,1,0,0,0,0,0,7.69455E+20,5.60914E+21,1.28057E+16,5.05719E+16
67299,14,5,23,430,2018,4,17,7,3,2,6,0,0,1,0,0,0,0,0,7.32482E+20,5.60587E+21,1.22824E+16,5.05584E+16
67300,14,5,24,330,2018,3,11,2,3,3,6,0,0,1,0,0,0,0,0,7.46336E+20,5.6243E+21,1.24899E+16,5.07183E+16
67301,14,6,27,190,2018,3,14,6,3,5,2,0,0,1,0,0,0,1,1,8.09027E+20,5.68497E+21,1.34271E+16,5.12323E+16
67302,14,5,21,20,2018,4,7,5,3,2,6,0,0,1,0,0,0,0,0,7.84164E+20,5.61074E+21,1.30141E+16,5.05793E+16
67303,14,5,11,0,2018,4,17,5,3,2,6,0,0,1,0,0,0,0,0,7.74998E+20,5.63776E+21,1.29051E+16,5.08261E+16
67304,14,6,28,300,2018,3,18,6,2,9,1,2,0,1,0,0,0,0,2,8.27202E+20,5.65552E+21,1.36599E+16,5.09582E+16
67305,14,6,25,10,2018,4,8,2,3,2,6,0,0,1,0,0,0,0,1,8.52755E+20,5.67064E+21,1.40371E+16,5.10786E+16
67306,14,6,28,205,2018,3,15,5,3,8,1,0,0,1,0,0,0,0,1,8.17626E+20,5.64749E+21,1.3517E+16,5.08915E+16
67307,14,5,21,20,2018,4,14,4,3,0,6,0,0,1,0,0,1,0,0,7.86825E+20,5.6108E+21,1.30517E+16,5.05786E+16
67308,14,6,28,50,2018,4,1,2,3,9,1,2,0,1,0,0,0,0,1,8.31762E+20,5.66149E+21,1.373E+16,5.10091E+16
67309,14,6,27,30,2018,4,14,6,1,2,1,0,0,1,0,1,0,0,0,8.2727E+20,5.68631E+21,1.36887E+16,5.12341E+16
67310,14,7,29,160,2018,4,18,7,3,0,6,0,1,0,0,0,0,1,0,7.57221E+20,5.68524E+21,1.26869E+16,5.12604E+16
67311,14,6,28,205,2018,3,17,6,3,9,1,0,0,1,0,0,0,0,2,8.16459E+20,5.65063E+21,1.35032E+16,5.09203E+16
67312,14,6,12,0,2018,3,8,6,3,5,2,0,1,1,0,0,0,0,0,8.32543E+20,5.66764E+21,1.37468E+16,5.10638E+16
67313,14,5,21,20,2018,4,15,1,3,4,2,0,0,1,0,0,0,0,0,7.84143E+20,5.61207E+21,1.30148E+16,5.05913E+16
67314,14,5,21,690,2018,4,15,3,2,8,1,0,1,0,0,0,0,0,0,7.89532E+20,5.62862E+21,1.31037E+16,5.07371E+16
67315,14,7,13,0,2018,4,7,2,3,8,7,0,0,1,0,0,0,0,0,7.43689E+20,5.69262E+21,1.24984E+16,5.13326E+16
67316,14,6,28,30,2018,3,15,6,3,5,3,0,0,1,0,1,0,0,0,8.62735E+20,5.65279E+21,1.41611E+16,5.09125E+16
67317,14,6,25,600,2018,4,11,6,3,4,6,0,0,1,0,0,0,0,0,8.4276E+20,5.68121E+21,1.3905E+16,5.11793E+16
67318,14,6,27,60,2018,4,7,6,3,2,2,0,0,1,0,0,0,0,0,8.15901E+20,5.69138E+21,1.35309E+16,5.12859E+16
67319,14,6,27,40,2018,3,22,6,2,4,1,2,0,1,0,0,0,0,2,8.06405E+20,5.69478E+21,1.33981E+16,5.13216E+16
67320,14,6,27,210,2018,4,21,6,2,6,2,2,0,1,1,0,0,0,1,8.27168E+20,5.67177E+21,1.36741E+16,5.11038E+16
67321,14,5,21,310,2018,4,16,2,2,2,1,0,0,1,0,0,0,0,0,7.68472E+20,5.62998E+21,1.2807E+16,5.07594E+16
67322,14,6,12,0,2018,3,17,4,3,4,1,0,0,1,0,0,0,0,1,8.43502E+20,5.66651E+21,1.39015E+16,5.10472E+16
67323,14,5,22,360,2018,3,17,6,2,9,1,0,0,1,0,0,0,0,2,7.77141E+20,5.66013E+21,1.29524E+16,5.10258E+16
67324,14,5,24,230,2018,4,16,5,2,1,1,0,0,1,0,1,0,0,0,7.62063E+20,5.63356E+21,1.27188E+16,5.07944E+16
67325,14,5,22,400,2018,4,13,6,2,8,1,0,0,1,0,0,0,0,0,8.14987E+20,5.62473E+21,1.34601E+16,5.06889E+16
67326,14,6,25,320,2018,4,13,3,3,8,1,0,0,0,0,1,0,0,0,8.46453E+20,5.68054E+21,1.39569E+16,5.11711E+16
67327,14,5,22,210,2018,4,7,5,2,8,1,0,0,0,0,0,1,0,1,8.01013E+20,5.65889E+21,1.32909E+16,5.10027E+16
67328,14,7,29,30,2018,4,6,3,3,2,2,0,0,1,0,0,0,1,0,7.58691E+20,5.69652E+21,1.27161E+16,5.13609E+16
67329,14,7,29,270,2018,4,12,6,3,2,2,0,0,1,0,0,0,0,0,7.24577E+20,5.688E+21,1.22216E+16,5.1299E+16
67330,14,5,21,390,2018,3,21,6,3,9,1,2,0,1,0,0,0,0,2,7.94349E+20,5.61556E+21,1.31614E+16,5.06175E+16
67331,14,7,13,0,2018,4,14,6,3,5,2,0,1,1,0,0,0,0,0,7.32079E+20,5.69245E+21,1.23319E+16,5.13359E+16
67332,14,5,22,360,2018,4,17,2,3,2,6,0,0,1,0,0,0,0,0,7.7872E+20,5.65165E+21,1.29684E+16,5.0949E+16
67333,14,7,30,270,2018,3,22,4,3,3,6,2,0,1,0,0,0,0,1,7.29965E+20,5.70118E+21,1.23073E+16,5.14151E+16
67334,14,5,11,0,2018,3,22,6,2,5,3,2,0,1,0,0,0,0,1,7.79395E+20,5.63611E+21,1.29661E+16,5.08092E+16
67335,14,5,21,210,2018,4,18,6,2,0,1,0,1,0,0,0,0,0,0,7.77143E+20,5.61685E+21,1.29197E+16,5.06375E+16
67336,14,7,29,160,2018,4,9,3,3,5,2,0,0,1,0,0,0,0,0,7.62315E+20,5.68192E+21,1.27573E+16,5.12283E+16
67337,14,6,27,150,2018,4,18,5,1,0,7,0,0,1,0,0,0,0,0,8.27357E+20,5.67665E+21,1.36812E+16,5.11475E+16