OBJECTID_1,ULAND,UREGBEZ,UKREIS,UGEMEINDE,UJAHR,UMONAT,USTUNDE,UWOCHENTAG,UKATEGORIE,UART,UTYP1,ULICHTVERH,IstRad,IstPKW,IstFuss,IstKrad,IstGkfz,IstSonstig,STRZUSTAND,LINREFX,LINREFY,XGCSWGS84,YGCSWGS84
67338,14,5,24,330,2018,4,13,3,3,5,3,0,0,1,0,0,0,1,0,7.4346E+20,5.62441E+21,1.24493E+16,5.07204E+16
67339,14,6,25,430,2018,4,17,7,3,2,2,0,0,1,0,0,0,0,0,8.36648E+20,5.68121E+21,1.38178E+16,5.1183E+16
67340,14,6,26,330,2018,3,10,2,3,4,2,0,0,1,0,0,0,0,0,9.17264E+20,5.69282E+21,1.49789E+16,5.12337E+16
67341,14,5,11,0,2018,3,13,6,3,0,2,0,0,1,0,0,0,0,1,7.73569E+20,5.64058E+21,1.28869E+16,5.08521E+16
67342,14,5,24,180,2018,4,5,4,3,5,3,0,0,1,0,0,0,0,0,7.65693E+20,5.63985E+21,1.27748E+16,5.08493E+16
67343,14,5,21,130,2018,4,13,5,2,8,1,0,0,1,0,0,0,1,0,7.79486E+20,5.60173E+21,1.29415E+16,5.05007E+16
67344,14,5,21,370,2018,3,14,6,2,5,3,0,0,1,0,0,1,0,1,7.63074E+20,5.61225E+21,1.2718E+16,5.06027E+16
67345,14,6,12,0,2018,4,6,2,3,4,1,1,0,1,0,0,0,0,1,8.36249E+20,5.67764E+21,1.38088E+16,5.11512E+16
67346,14,6,12,0,2018,3,8,5,3,4,2,0,1,0,0,0,0,1,0,8.31671E+20,5.6644E+21,1.37314E+16,5.10352E+16
67347,14,7,30,80,2018,4,7,3,3,2,6,0,0,1,0,0,0,1,0,7.60831E+20,5.7123E+21,1.27584E+16,5.15015E+16
67348,14,5,23,200,2018,4,3,1,3,6,7,2,0,1,1,0,0,0,0,7.37069E+20,5.57878E+21,1.233E+16,5.03134E+16
67349,14,5,11,0,2018,4,14,6,3,2,6,0,0,1,0,0,0,0,0,7.74989E+20,5.63773E+21,1.29049E+16,5.08259E+16
67350,14,6,25,550,2018,4,12,7,3,5,3,0,0,1,0,0,0,0,0,8.47963E+20,5.69968E+21,1.39971E+16,5.13416E+16
67351,14,5,23,450,2018,3,17,5,3,3,1,0,0,0,0,0,1,1,0,7.17362E+20,5.58983E+21,1.206E+16,5.04203E+16
67352,14,6,25,140,2018,4,2,5,3,9,1,2,0,1,0,0,0,0,1,8.57794E+20,5.67579E+21,1.41138E+16,5.11216E+16
67353,14,7,30,10,2018,3,8,5,2,8,1,0,0,1,0,0,0,0,0,7.84201E+20,5.71748E+21,1.30984E+16,5.15368E+16
67354,14,5,24,120,2018,4,12,7,2,0,3,0,0,1,0,1,0,0,0,7.58666E+20,5.63551E+21,1.26721E+16,5.08135E+16
67355,14,5,11,0,2018,4,11,3,2,8,1,0,0,1,0,0,0,0,0,7.77632E+20,5.64043E+21,1.29444E+16,5.08488E+16
67356,14,6,27,180,2018,3,11,7,3,2,6,0,0,1,0,0,0,0,0,8.05551E+20,5.66457E+21,1.33601E+16,5.10512E+16
67357,14,6,12,0,2018,4,19,2,3,4,2,0,1,1,0,0,0,0,0,8.30921E+20,5.66509E+21,1.37214E+16,5.10418E+16
67358,14,6,12,0,2018,3,14,6,3,5,2,0,1,1,0,0,0,0,0,8.31219E+20,5.66691E+21,1.37273E+16,5.1058E+16
67359,14,6,25,40,2018,4,10,6,3,5,3,0,1,1,0,0,0,0,0,8.62201E+20,5.67689E+21,1.41776E+16,5.11287E+16
67360,14,5,22,180,2018,4,10,6,2,5,3,0,0,1,0,0,0,0,0,8.06277E+20,5.649E+21,1.33574E+16,5.09112E+16
67361,14,7,30,80,2018,3,16,5,3,4,6,0,0,1,0,0,0,0,0,7.53787E+20,5.71307E+21,1.26577E+16,5.15117E+16
67362,14,6,12,0,2018,4,0,6,2,5,3,2,1,1,0,0,0,0,0,8.32203E+20,5.66772E+21,1.3742E+16,5.10647E+16
67363,14,7,13,0,2018,4,21,1,3,5,3,2,0,1,0,0,0,0,0,7.35175E+20,5.69355E+21,1.2377E+16,5.13445E+16
67364,14,5,11,0,2018,3,15,4,3,2,6,0,0,1,0,0,0,0,0,7.74918E+20,5.64302E+21,1.29079E+16,5.08734E+16
67365,14,7,29,350,2018,3,17,5,3,5,3,1,0,1,0,0,0,0,0,7.28856E+20,5.67367E+21,1.22737E+16,5.11686E+16
67366,14,6,26,560,2018,4,20,5,3,9,1,1,0,1,0,0,0,0,0,8.87125E+20,5.7214E+21,1.45805E+16,5.15108E+16
67367,14,7,13,0,2018,4,8,5,3,5,3,0,1,1,0,0,0,0,0,7.38285E+20,5.69449E+21,1.24222E+16,5.13517E+16
67368,14,6,27,100,2018,4,0,3,2,2,7,2,0,0,0,0,1,1,0,8.16132E+20,5.6663E+21,1.35122E+16,5.1061E+16
67369,14,6,12,0,2018,3,14,5,3,6,7,0,0,1,1,0,0,0,1,8.32149E+20,5.66375E+21,1.37376E+16,5.10292E+16
67370,14,5,24,330,2018,4,7,4,3,4,2,0,1,1,0,0,0,0,0,7.47037E+20,5.62692E+21,1.25016E+16,5.07414E+16
67371,14,6,27,310,2018,4,7,3,3,0,7,0,0,0,0,0,0,1,0,8.19488E+20,5.67787E+21,1.35701E+16,5.11628E+16
67372,14,6,28,400,2018,4,16,7,3,0,1,0,0,0,0,1,0,0,0,8.21183E+20,5.65861E+21,1.35772E+16,5.09893E+16
67373,14,6,26,610,2018,4,11,1,2,6,2,0,0,1,1,0,0,0,0,9.08545E+20,5.65517E+21,1.48122E+16,5.09032E+16
67374,14,7,29,160,2018,3,11,1,3,2,6,0,0,1,0,0,0,0,0,7.60228E+20,5.68478E+21,1.27296E+16,5.12549E+16
67375,14,7,29,350,2018,3,17,5,3,2,2,0,0,1,0,0,0,0,0,7.27729E+20,5.67331E+21,1.22574E+16,5.11659E+16
67376,14,7,29,70,2018,4,7,4,2,5,3,0,0,1,0,1,0,0,0,7.50261E+20,5.69224E+21,1.25923E+16,5.13263E+16
67377,14,7,30,300,2018,3,17,5,3,5,3,1,1,1,0,0,0,0,0,7.42375E+20,5.69732E+21,1.24828E+16,5.13753E+16
67378,14,5,23,10,2018,4,10,1,3,9,1,0,0,1,0,0,0,0,0,7.29544E+20,5.58312E+21,1.22271E+16,5.03553E+16
67379,14,5,24,80,2018,4,6,4,2,3,6,0,0,1,0,0,0,0,0,7.45809E+20,5.63734E+21,1.24912E+16,5.08355E+16
67380,14,5,23,60,2018,3,12,4,3,3,6,0,0,1,0,0,1,0,0,7.22854E+20,5.58881E+21,1.21366E+16,5.0409E+16
67381,14,6,28,380,2018,4,15,3,3,0,7,0,1,0,0,0,0,0,0,8.56584E+20,5.66793E+21,1.40888E+16,5.10519E+16
67382,14,6,25,130,2018,3,16,7,3,4,6,0,0,1,0,0,0,0,1,8.59301E+20,5.68371E+21,1.41432E+16,5.11916E+16
67383,14,5,21,270,2018,4,13,4,3,5,3,0,1,1,0,0,0,0,0,7.93583E+20,5.633E+21,1.31645E+16,5.07743E+16
67384,14,5,24,20,2018,4,15,7,3,3,6,0,0,1,0,0,1,1,0,7.58178E+20,5.63567E+21,1.26653E+16,5.08151E+16
67385,14,5,22,60,2018,4,11,5,3,4,6,0,0,1,0,0,0,0,0,7.67679E+20,5.64952E+21,1.281E+16,5.09351E+16
67386,14,6,25,410,2018,4,16,7,3,2,6,0,0,1,0,0,0,0,0,8.54393E+20,5.68097E+21,1.40705E+16,5.11701E+16
67387,14,7,13,0,2018,4,15,1,3,2,6,0,0,1,0,1,0,0,0,7.36055E+20,5.70093E+21,1.23945E+16,5.14104E+16
67388,14,6,12,0,2018,3,17,2,3,0,1,0,1,0,0,0,0,0,0,8.2783E+20,5.66574E+21,1.3678E+16,5.10495E+16
67389,14,7,13,0,2018,3,16,5,3,5,2,0,1,1,0,0,0,0,0,7.28178E+20,5.69032E+21,1.22746E+16,5.13183E+16
67390,14,6,25,490,2018,4,7,4,3,6,7,0,0,1,1,0,0,0,0,8.7689E+20,5.69074E+21,1.44011E+16,5.12432E+16
67391,14,5,24,200,2018,4,19,4,2,5,3,0,1,1,0,0,0,0,0,7.47012E+20,5.62958E+21,1.2503E+16,5.07653E+16
67392,14,6,26,310,2018,3,15,5,3,5,3,0,0,1,0,0,0,0,0,9.04911E+20,5.6559E+21,1.47616E+16,5.09123E+16
67393,14,5,22,180,2018,4,15,2,3,5,3,0,0,0,0,1,0,1,1,8.03229E+20,5.64823E+21,1.33135E+16,5.09059E+16
67394,14,6,12,0,2018,4,21,4,3,0,1,2,1,0,0,0,0,0,0,8.30832E+20,5.66494E+21,1.372E+16,5.10406E+16
67395,14,6,25,250,2018,4,12,3,3,4,2,0,0,1,0,1,0,0,0,8.56118E+20,5.69261E+21,1.41066E+16,5.12732E+16
67396,14,5,21,30,2018,4,22,1,3,5,3,2,0,1,0,0,0,0,0,7.62011E+20,5.61037E+21,1.27017E+16,5.05864E+16
67397,14,6,28,410,2018,4,13,4,3,8,1,0,0,1,0,0,0,0,0,8.12422E+20,5.65908E+21,1.34531E+16,5.09983E+16
67398,14,5,24,330,2018,4,14,5,3,2,6,0,1,1,0,0,0,0,0,7.46522E+20,5.62539E+21,1.24933E+16,5.07279E+16
67399,14,5,22,580,2018,4,18,7,3,8,1,0,0,0,0,1,0,0,0,7.66685E+20,5.65592E+21,1.28006E+16,5.09929E+16
67400,14,6,25,190,2018,3,16,5,3,4,6,0,0,1,0,0,0,0,0,8.79879E+20,5.67692E+21,1.44292E+16,5.11175E+16
67401,14,6,27,100,2018,4,10,5,3,2,6,0,0,1,0,0,0,0,0,8.17514E+20,5.66637E+21,1.35319E+16,5.10609E+16
67402,14,6,25,110,2018,3,15,5,2,5,3,0,0,1,0,0,0,0,0,8.74473E+20,5.68047E+21,1.4356E+16,5.11528E+16
67403,14,7,30,300,2018,4,15,7,3,4,2,0,1,1,0,0,0,0,0,7.44022E+20,5.70144E+21,1.25092E+16,5.14116E+16
67404,14,5,21,260,2018,4,22,3,2,4,2,2,0,1,0,1,0,0,0,7.69179E+20,5.61008E+21,1.28025E+16,5.05805E+16
67405,14,5,11,0,2018,4,11,2,3,4,2,0,0,1,0,0,0,0,0,7.7737E+20,5.63841E+21,1.29392E+16,5.08309E+16
67406,14,5,21,530,2018,3,13,6,2,2,2,0,1,1,0,0,0,0,0,7.57376E+20,5.61004E+21,1.26361E+16,5.05855E+16
67407,14,6,25,20,2018,4,21,6,3,4,2,2,0,1,0,0,0,0,0,8.81754E+20,5.68566E+21,1.44651E+16,5.11945E+16
67408,14,5,21,10,2018,4,6,6,3,2,6,0,0,1,0,0,0,0,0,7.82754E+20,5.62911E+21,1.30083E+16,5.07448E+16
67409,14,6,25,120,2018,4,15,1,3,4,2,0,1,1,0,0,0,0,0,8.59212E+20,5.7203E+21,1.41788E+16,5.15193E+16
67410,14,7,30,250,2018,3,11,3,2,4,2,0,0,1,0,0,0,0,0,7.34225E+20,5.70324E+21,1.23698E+16,5.14319E+16
67411,14,6,28,360,2018,3,16,5,3,8,1,0,0,0,0,1,0,0,1,8.69441E+20,5.65948E+21,1.42629E+16,5.09682E+16
67412,14,6,25,20,2018,4,19,5,2,4,2,0,0,1,0,0,0,0,0,8.80672E+20,5.68393E+21,1.44478E+16,5.11797E+16
67413,14,6,26,330,2018,4,6,5,3,4,2,0,0,1,0,0,0,0,0,9.17263E+20,5.69281E+21,1.49789E+16,5.12337E+16
67414,14,5,21,330,2018,4,7,3,3,8,1,0,0,1,0,0,0,0,1,7.96156E+20,5.60831E+21,1.31811E+16,5.05515E+16
67415,14,6,26,610,2018,4,8,4,3,2,6,0,0,1,0,0,0,0,0,9.08493E+20,5.65461E+21,1.48109E+16,5.08983E+16
67416,14,6,12,0,2018,4,10,3,3,1,6,0,0,1,0,0,0,1,0,8.29405E+20,5.6652E+21,1.36999E+16,5.10437E+16
67417,14,5,21,700,2018,4,13,7,2,2,6,0,0,1,0,1,0,0,0,7.56775E+20,5.60643E+21,1.26251E+16,5.05533E+16
67418,14,6,12,0,2018,4,16,1,3,5,3,0,0,1,0,0,0,0,0,8.32625E+20,5.66626E+21,1.37467E+16,5.10514E+16
67419,14,6,27,230,2018,3,15,5,3,5,3,0,0,1,0,0,0,0,0,7.99092E+20,5.69261E+21,1.32916E+16,5.13061E+16
67420,14,6,12,0,2018,3,16,5,3,2,6,1,0,1,0,0,0,0,0,8.25803E+20,5.66407E+21,1.36477E+16,5.10356E+16
67421,14,7,30,210,2018,4,15,1,2,8,1,0,0,1,0,0,0,0,0,7.86225E+20,5.68421E+21,1.31007E+16,5.12373E+16
67422,14,7,13,0,2018,4,16,3,3,2,6,0,0,1,0,0,0,0,0,7.31836E+20,5.69253E+21,1.23285E+16,5.13368E+16
67423,14,6,12,0,2018,4,15,3,3,2,6,0,0,1,0,0,0,0,0,8.21545E+20,5.66549E+21,1.35884E+16,5.10508E+16
67424,14,5,24,120,2018,3,16,7,2,3,6,0,0,1,0,0,0,0,0,7.59727E+20,5.63551E+21,1.26871E+16,5.0813E+16
67425,14,5,11,0,2018,4,17,4,3,3,2,0,0,1,0,0,1,0,0,7.71883E+20,5.64105E+21,1.28634E+16,5.08571E+16
67426,14,5,23,430,2018,4,6,6,3,3,2,0,1,1,0,0,0,0,0,7.33682E+20,5.60515E+21,1.22989E+16,5.05515E+16
67427,14,7,30,320,2018,4,5,4,3,0,7,2,0,0,0,1,0,0,0,7.62723E+20,5.71958E+21,1.2791E+16,5.15659E+16
67428,14,6,28,50,2018,3,19,5,2,8,1,2,0,1,0,0,0,0,0,8.33637E+20,5.66037E+21,1.37557E+16,5.0998E+16
67429,14,5,11,0,2018,4,15,7,3,0,7,0,0,0,0,0,0,1,0,7.76457E+20,5.63871E+21,1.29265E+16,5.08339E+16
67430,14,6,27,100,2018,4,17,2,3,5,2,0,1,1,0,0,0,0,0,8.16545E+20,5.66699E+21,1.35186E+16,5.10669E+16
67431,14,6,12,0,2018,3,4,5,2,6,4,2,0,1,1,0,0,0,1,8.31919E+20,5.66911E+21,1.37393E+16,5.10772E+16
67432,14,6,25,430,2018,4,21,6,3,7,1,2,0,1,0,0,0,0,0,8.36137E+20,5.67983E+21,1.38092E+16,5.11709E+16
67433,14,5,24,330,2018,4,11,3,2,5,3,0,0,1,0,0,0,0,0,7.44975E+20,5.62447E+21,1.24708E+16,5.07203E+16
67434,14,7,29,250,2018,4,13,5,3,5,3,0,0,1,0,0,1,0,0,7.51706E+20,5.69603E+21,1.26157E+16,5.13596E+16
67435,14,6,28,270,2018,4,12,4,3,0,7,0,0,0,0,1,0,0,0,8.45941E+20,5.65455E+21,1.39248E+16,5.09385E+16
67436,14,5,23,430,2018,4,17,7,2,2,1,0,0,1,0,0,1,0,0,7.32339E+20,5.60559E+21,1.22802E+16,5.0556E+16
67437,14,5,22,510,2018,3,16,5,2,5,6,0,1,1,0,0,0,0,0,7.9281E+20,5.66536E+21,1.31795E+16,5.10649E+16
67438,14,6,12,0,2018,4,5,7,3,6,6,2,0,1,1,0,0,0,1,8.31334E+20,5.66178E+21,1.37242E+16,5.10119E+16
67439,14,6,25,630,2018,4,12,2,3,5,3,0,1,1,0,0,0,0,0,8.76951E+20,5.67432E+21,1.43848E+16,5.10961E+16
67440,14,7,30,310,2018,4,11,1,3,5,3,0,0,1,0,0,0,0,0,7.76737E+20,5.71952E+21,1.29927E+16,5.15588E+16
67441,14,6,25,600,2018,3,13,5,3,8,1,0,0,1,0,0,0,0,0,8.44899E+20,5.6792E+21,1.39335E+16,5.116E+16
67442,14,6,12,0,2018,4,20,6,3,1,6,2,0,1,0,0,0,0,0,8.28499E+20,5.66831E+21,1.36899E+16,5.1072E+16
67443,14,5,23,150,2018,4,7,5,3,2,6,0,0,1,0,0,0,1,1,7.35784E+20,5.61032E+21,1.23318E+16,5.05971E+16
67444,14,7,13,0,2018,4,18,4,3,5,3,0,1,1,0,0,0,0,0,7.31607E+20,5.69269E+21,1.23253E+16,5.13382E+16
67445,14,6,12,0,2018,4,15,1,3,2,6,0,0,1,0,0,0,0,0,8.3089E+20,5.66645E+21,1.37222E+16,5.10541E+16
67446,14,6,12,0,2018,3,17,3,3,0,2,0,1,0,0,0,0,1,0,8.33064E+20,5.66911E+21,1.37556E+16,5.10767E+16
67447,14,5,21,355,2018,3,16,5,2,8,1,0,0,1,0,0,0,0,0,7.67159E+20,5.61021E+21,1.27741E+16,5.05826E+16
67448,14,6,12,0,2018,4,18,5,3,2,6,0,1,1,0,0,0,0,0,8.30892E+20,5.66646E+21,1.37222E+16,5.10541E+16
67449,14,6,28,400,2018,4,12,5,3,8,1,0,0,1,0,0,0,0,0,8.21017E+20,5.65765E+21,1.3574E+16,5.09807E+16
67450,14,5,24,10,2018,4,17,2,3,2,6,0,0,1,0,0,0,0,1,7.56239E+20,5.63029E+21,1.26341E+16,5.07676E+16
67451,14,6,26,110,2018,4,19,4,2,9,1,1,0,1,0,0,0,1,1,9.14554E+20,5.68325E+21,1.49293E+16,5.11501E+16
67452,14,5,22,120,2018,4,17,3,3,5,3,0,0,1,0,0,0,0,0,7.7677E+20,5.65829E+21,1.29458E+16,5.10095E+16
67453,14,7,30,80,2018,4,16,6,3,1,6,0,0,1,0,0,0,0,0,7.56249E+20,5.70862E+21,1.26899E+16,5.14706E+16
67454,14,5,21,410,2018,4,16,1,3,2,6,0,0,1,0,0,0,0,0,7.70933E+20,5.63385E+21,1.28446E+16,5.0793E+16
67455,14,5,11,0,2018,3,14,5,3,2,6,0,0,1,0,0,0,0,0,7.76845E+20,5.63136E+21,1.29264E+16,5.07678E+16
67456,14,5,22,120,2018,3,12,5,2,5,3,0,0,1,0,0,0,0,0,7.78696E+20,5.66147E+21,1.29756E+16,5.10371E+16
67457,14,6,27,190,2018,4,11,1,3,2,6,0,1,0,0,0,0,0,0,8.0854E+20,5.6854E+21,1.34205E+16,5.12364E+16
67458,14,6,27,180,2018,4,7,3,3,2,2,0,0,1,0,0,0,1,0,8.04312E+20,5.66538E+21,1.33432E+16,5.10591E+16
67459,14,5,24,120,2018,4,13,3,2,2,1,0,0,1,0,0,1,1,0,7.58568E+20,5.63557E+21,1.26708E+16,5.08141E+16
67460,14,7,13,0,2018,3,7,6,3,6,4,0,0,1,1,0,0,0,0,7.33914E+20,5.69322E+21,1.23587E+16,5.13421E+16
67461,14,5,23,430,2018,4,4,3,3,8,1,2,0,1,1,0,0,0,1,7.31137E+20,5.60402E+21,1.22623E+16,5.05423E+16
67462,14,7,30,120,2018,4,15,6,2,8,1,0,0,1,0,0,0,0,0,7.70601E+20,5.72301E+21,1.29071E+16,5.1593E+16
67463,14,5,11,0,2018,3,15,5,3,5,3,0,0,1,0,0,0,0,0,7.79965E+20,5.63515E+21,1.29734E+16,5.08003E+16
67464,14,7,30,90,2018,4,20,6,3,5,3,0,0,1,0,0,0,0,0,7.68481E+20,5.72795E+21,1.28803E+16,5.16384E+16
67465,14,6,12,0,2018,4,16,2,3,5,3,0,1,1,0,0,0,0,0,8.31266E+20,5.66536E+21,1.37265E+16,5.10441E+16
67466,14,5,24,80,2018,3,14,4,2,5,3,0,0,1,0,0,0,0,0,7.46269E+20,5.63747E+21,1.24978E+16,5.08364E+16
67467,14,5,22,50,2018,4,8,6,3,2,6,0,0,1,0,0,0,0,0,8.03967E+20,5.64293E+21,1.33195E+16,5.0858E+16
67468,14,7,13,0,2018,4,9,3,3,0,7,0,1,1,0,0,0,0,0,7.29842E+20,5.69284E+21,1.23001E+16,5.13403E+16
67469,14,6,25,560,2018,4,9,5,3,5,3,0,0,0,0,1,1,0,1,8.80333E+20,5.67016E+21,1.44285E+16,5.10567E+16
67470,14,5,22,330,2018,4,10,4,3,2,1,0,0,1,0,0,0,0,0,7.81704E+20,5.64788E+21,1.30079E+16,5.09137E+16
67471,14,7,30,230,2018,4,10,7,3,2,2,0,0,1,0,0,0,0,0,7.86198E+20,5.69189E+21,1.31065E+16,5.13063E+16
67472,14,5,23,340,2018,3,15,2,3,5,3,0,0,1,0,0,0,0,0,7.31658E+20,5.61254E+21,1.2275E+16,5.06186E+16
67473,14,5,23,200,2018,3,6,4,3,8,1,1,0,1,0,0,0,0,2,7.39314E+20,5.5817E+21,1.23633E+16,5.03387E+16
67474,14,5,24,60,2018,4,6,4,2,8,1,1,0,0,0,1,0,0,0,7.38103E+20,5.62137E+21,1.23716E+16,5.06953E+16
67475,14,5,11,0,2018,4,14,5,3,5,3,0,0,1,0,0,0,0,0,7.78695E+20,5.63847E+21,1.2958E+16,5.08307E+16
67476,14,5,23,430,2018,3,17,4,3,5,2,1,0,1,0,0,0,0,1,7.32197E+20,5.60529E+21,1.22781E+16,5.05534E+16
67477,14,6,26,110,2018,4,16,2,3,9,1,0,0,1,0,0,0,0,1,9.14027E+20,5.68269E+21,1.49211E+16,5.11455E+16
67478,14,6,28,80,2018,3,18,1,2,8,1,0,0,0,0,0,0,1,0,8.43103E+20,5.65526E+21,1.38852E+16,5.09466E+16
67479,14,5,24,170,2018,4,6,3,3,8,1,0,0,1,0,0,0,0,0,7.4008E+20,5.61894E+21,1.2398E+16,5.06727E+16
67480,14,5,24,80,2018,4,12,2,2,8,7,0,0,1,0,0,0,0,0,7.45949E+20,5.63748E+21,1.24933E+16,5.08367E+16
67481,14,5,22,420,2018,4,16,6,3,2,6,0,0,1,0,0,0,0,0,7.81993E+20,5.64216E+21,1.30075E+16,5.08622E+16
67482,14,7,13,0,2018,4,10,7,3,1,7,0,0,1,0,1,0,0,0,7.39902E+20,5.69562E+21,1.24462E+16,5.13611E+16
67483,14,7,30,110,2018,3,6,4,3,9,1,0,0,1,0,0,0,0,1,7.5409E+20,5.70805E+21,1.26584E+16,5.14665E+16
67484,14,7,29,190,2018,4,22,5,3,8,1,2,0,1,0,0,0,0,0,7.43056E+20,5.68086E+21,1.24813E+16,5.12273E+16
67485,14,6,27,130,2018,3,15,3,1,4,1,0,0,1,0,0,0,0,0,8.03819E+20,5.68459E+21,1.33524E+16,5.12316E+16
67486,14,7,29,340,2018,3,10,4,3,4,6,0,0,1,0,0,0,0,1,7.54133E+20,5.68225E+21,1.26406E+16,5.12349E+16
67487,14,5,21,10,2018,4,11,5,2,0,7,0,1,0,0,0,0,0,0,7.80896E+20,5.62917E+21,1.29821E+16,5.07462E+16
67488,14,6,12,0,2018,4,17,5,2,5,3,0,1,1,0,0,0,0,0,8.26746E+20,5.66567E+21,1.36625E+16,5.10494E+16
67489,14,7,29,270,2018,4,15,2,3,5,3,0,0,1,0,0,0,0,1,7.24907E+20,5.68893E+21,1.22269E+16,5.13072E+16
67490,14,5,11,0,2018,4,10,4,2,8,1,0,0,1,0,0,0,0,0,7.80874E+20,5.6344E+21,1.29857E+16,5.07931E+16
67491,14,6,25,610,2018,4,13,2,3,3,2,0,0,1,0,0,0,0,0,8.95955E+20,5.68709E+21,1.46689E+16,5.11977E+16
67492,14,6,26,290,2018,4,15,6,3,5,3,0,0,1,0,0,0,0,0,8.98132E+20,5.67681E+21,1.46886E+16,5.11041E+16
67493,14,5,24,330,2018,4,23,7,2,5,3,2,0,1,0,0,0,0,0,7.46023E+20,5.62509E+21,1.2486E+16,5.07255E+16
67494,14,6,25,200,2018,3,9,4,3,2,6,0,0,1,0,0,0,0,0,8.53861E+20,5.67847E+21,1.40604E+16,5.1148E+16
67495,14,6,27,360,2018,3,7,4,3,2,7,1,0,1,0,0,0,0,1,8.04227E+20,5.70332E+21,1.33742E+16,5.13993E+16
67496,14,6,12,0,2018,4,7,1,3,5,3,0,1,1,0,0,0,0,0,8.32203E+20,5.66772E+21,1.3742E+16,5.10647E+16
67497,14,6,12,0,2018,4,13,3,3,6,2,0,0,1,1,0,0,0,0,8.32906E+20,5.66758E+21,1.37519E+16,5.1063E+16
67498,14,7,29,30,2018,4,16,2,3,5,3,0,0,1,0,1,0,0,1,7.57511E+20,5.69663E+21,1.26993E+16,5.13625E+16
67499,14,6,26,610,2018,3,21,6,3,3,2,2,0,1,0,0,0,0,0,9.07878E+20,5.65414E+21,1.48016E+16,5.08945E+16
67500,14,7,13,0,2018,4,17,6,3,3,6,2,1,0,0,0,0,0,0,7.39179E+20,5.69447E+21,1.2435E+16,5.13511E+16
67501,14,6,12,0,2018,3,15,4,3,1,1,0,0,1,0,0,0,0,0,8.35141E+20,5.67392E+21,1.37896E+16,5.11185E+16
67502,14,6,25,20,2018,4,7,6,3,5,3,0,1,1,0,0,0,0,1,8.80942E+20,5.68385E+21,1.44516E+16,5.11788E+16
67503,14,5,22,330,2018,4,17,2,3,2,6,0,0,1,0,0,0,0,0,7.78614E+20,5.65144E+21,1.29667E+16,5.09472E+16
67504,14,6,28,270,2018,3,15,4,3,5,3,0,0,1,0,0,0,0,0,8.47729E+20,5.65593E+21,1.39515E+16,5.09498E+16
67505,14,5,22,80,2018,3,11,4,3,5,3,0,0,1,0,0,0,0,1,7.89293E+20,5.66901E+21,1.31324E+16,5.10995E+16
67506,14,5,11,0,2018,4,7,6,2,5,2,0,0,1,0,1,0,0,0,7.83144E+20,5.63764E+21,1.30204E+16,5.08212E+16
67507,14,5,11,0,2018,4,12,6,2,5,3,0,1,1,0,0,0,0,0,7.75591E+20,5.63519E+21,1.29116E+16,5.08028E+16
67508,14,6,26,20,2018,4,19,3,2,4,6,0,0,1,0,0,0,0,0,8.86471E+20,5.67198E+21,1.45176E+16,5.10688E+16
67509,14,5,21,380,2018,4,15,5,3,5,3,0,1,1,0,0,0,0,0,7.6456E+20,5.62796E+21,1.27502E+16,5.0743E+16
67510,14,7,30,50,2018,4,12,3,3,9,1,0,0,1,0,0,0,0,0,7.91151E+20,5.70346E+21,1.31868E+16,5.14074E+16
67511,14,6,25,150,2018,4,14,7,3,5,3,0,0,1,0,1,0,0,0,8.75019E+20,5.68347E+21,1.43668E+16,5.11793E+16
67512,14,6,25,380,2018,3,6,2,3,5,3,0,1,1,0,0,0,0,0,8.73534E+20,5.67415E+21,1.4336E+16,5.10968E+16
67513,14,5,21,20,2018,3,14,4,1,6,7,0,0,1,1,0,0,0,0,7.84179E+20,5.61147E+21,1.30149E+16,5.05858E+16
67514,14,7,29,50,2018,4,21,4,3,0,7,2,0,0,0,0,0,1,0,7.41247E+20,5.66899E+21,1.24475E+16,5.11215E+16
67515,14,5,24,330,2018,4,21,4,3,0,2,2,0,1,0,0,0,0,0,7.44768E+20,5.62473E+21,1.2468E+16,5.07227E+16
67516,14,7,13,0,2018,3,9,3,3,3,6,0,1,1,0,0,0,0,0,7.365E+20,5.69223E+21,1.23951E+16,5.13321E+16
67517,14,6,12,0,2018,4,6,2,3,9,1,1,0,1,0,0,0,0,1,8.22945E+20,5.66502E+21,1.36079E+16,5.10458E+16
67518,14,6,28,50,2018,4,9,4,3,0,7,0,0,0,0,1,0,0,0,8.31555E+20,5.65739E+21,1.37234E+16,5.09725E+16
67519,14,7,29,150,2018,4,9,3,3,1,5,0,0,1,0,0,0,0,0,7.60455E+20,5.66166E+21,1.27161E+16,5.10473E+16
67520,14,6,26,100,2018,4,12,1,3,8,7,0,0,1,0,0,0,0,0,8.92494E+20,5.72331E+21,1.46596E+16,5.15241E+16
67521,14,6,27,260,2018,4,16,4,3,5,3,0,0,1,0,0,0,0,0,7.95399E+20,5.6885E+21,1.32353E+16,5.12711E+16
67522,14,5,11,0,2018,4,10,6,3,6,7,0,0,1,1,0,0,0,0,7.80159E+20,5.6318E+21,1.29736E+16,5.07702E+16
67523,14,6,26,30,2018,4,21,7,2,4,6,2,0,1,0,0,0,1,0,9.10448E+20,5.67011E+21,1.4856E+16,5.10355E+16