OBJECTID_1,ULAND,UREGBEZ,UKREIS,UGEMEINDE,UJAHR,UMONAT,USTUNDE,UWOCHENTAG,UKATEGORIE,UART,UTYP1,ULICHTVERH,IstRad,IstPKW,IstFuss,IstKrad,IstGkfz,IstSonstig,STRZUSTAND,LINREFX,LINREFY,XGCSWGS84,YGCSWGS84
67524,14,7,13,0,2018,3,9,3,3,5,2,0,1,1,0,0,0,0,0,7.37749E+20,5.69034E+21,1.24118E+16,5.13146E+16
67525,14,6,25,510,2018,4,12,5,2,5,3,0,0,1,0,0,0,0,0,8.58991E+20,5.67941E+21,1.41344E+16,5.11532E+16
67526,14,7,29,190,2018,3,21,3,3,3,1,2,0,1,0,0,0,0,1,7.45532E+20,5.6879E+21,1.25216E+16,5.12894E+16
67527,14,7,30,30,2018,4,10,7,2,3,6,0,1,1,0,0,0,0,0,7.77083E+20,5.72798E+21,1.30044E+16,5.16344E+16
67528,14,5,22,230,2018,4,9,3,3,9,1,0,0,1,0,0,0,0,0,7.90618E+20,5.65742E+21,1.31419E+16,5.09948E+16
67529,14,6,27,180,2018,3,12,7,2,2,6,0,0,1,0,0,0,0,0,8.05395E+20,5.66447E+21,1.33578E+16,5.10504E+16
67530,14,6,12,0,2018,4,18,2,2,8,1,0,0,0,0,1,0,0,1,8.37992E+20,5.67038E+21,1.38268E+16,5.10851E+16
67531,14,6,27,100,2018,3,10,6,2,8,7,0,0,1,0,0,0,0,0,8.19591E+20,5.6666E+21,1.35616E+16,5.10618E+16
67532,14,6,25,20,2018,4,9,6,3,2,6,0,0,1,0,0,0,0,0,8.78871E+20,5.68378E+21,1.44221E+16,5.11796E+16
67533,14,5,22,330,2018,4,10,6,3,0,6,0,0,1,0,0,0,0,0,7.816E+20,5.64789E+21,1.30064E+16,5.09138E+16
67534,14,5,21,390,2018,4,7,6,2,9,1,0,0,1,0,0,0,0,1,7.95598E+20,5.61857E+21,1.31814E+16,5.06439E+16
67535,14,7,30,300,2018,4,3,1,2,5,3,2,0,1,0,0,0,0,0,7.43872E+20,5.69895E+21,1.25054E+16,5.13893E+16
67536,14,5,23,310,2018,3,10,3,3,1,6,0,0,1,0,0,0,0,0,7.12215E+20,5.61181E+21,1.20001E+16,5.06195E+16
67537,14,6,25,300,2018,4,19,5,3,2,6,0,0,1,0,0,0,0,0,8.40656E+20,5.68901E+21,1.38824E+16,5.12505E+16
67538,14,5,21,710,2018,6,17,6,3,5,3,0,0,1,0,0,0,0,0,7.69563E+20,5.61595E+21,1.28121E+16,5.06329E+16
67539,14,6,27,250,2018,5,17,4,2,2,6,0,0,1,0,0,0,0,0,8.27757E+20,5.69402E+21,1.37028E+16,5.1303E+16
67540,14,7,30,270,2018,5,16,5,3,5,3,0,1,1,0,0,0,0,0,7.25473E+20,5.69973E+21,1.22419E+16,5.14039E+16
67541,14,7,13,0,2018,5,14,2,3,1,7,0,0,1,0,0,0,0,0,7.35805E+20,5.68679E+21,1.23816E+16,5.12836E+16
67542,14,6,25,20,2018,5,6,2,3,5,3,0,0,1,0,0,0,0,0,8.8011E+20,5.6827E+21,1.44385E+16,5.1169E+16
67543,14,5,22,80,2018,6,20,7,3,6,7,1,0,1,1,0,0,0,1,7.8875E+20,5.67166E+21,1.31267E+16,5.11235E+16
67544,14,5,21,520,2018,5,16,3,3,0,7,0,0,0,0,1,1,0,1,7.80249E+20,5.60843E+21,1.29572E+16,5.05605E+16
67545,14,6,12,0,2018,6,15,3,3,5,3,0,0,1,0,0,0,0,0,8.32083E+20,5.66772E+21,1.37403E+16,5.10647E+16
67546,14,5,21,550,2018,5,6,6,3,6,4,0,0,1,1,0,0,0,1,7.68742E+20,5.60575E+21,1.27932E+16,5.05418E+16
67547,14,5,22,510,2018,5,12,3,3,5,2,0,0,1,0,0,0,0,0,7.92379E+20,5.67044E+21,1.31775E+16,5.11107E+16
67548,14,6,26,610,2018,5,14,5,3,5,3,0,0,1,0,0,0,0,0,9.09265E+20,5.65504E+21,1.48223E+16,5.09016E+16
67549,14,5,21,410,2018,5,13,1,3,8,1,0,0,1,0,0,0,0,0,7.69938E+20,5.63301E+21,1.28299E+16,5.07859E+16
67550,14,6,28,50,2018,5,6,6,3,2,6,0,0,1,0,0,0,1,0,8.34073E+20,5.66019E+21,1.37617E+16,5.09961E+16
67551,14,7,13,0,2018,5,17,2,3,2,2,0,1,0,0,0,0,0,0,7.32807E+20,5.69279E+21,1.23426E+16,5.13387E+16
67552,14,6,26,290,2018,5,15,5,3,8,1,0,0,0,0,1,0,0,0,8.95291E+20,5.67734E+21,1.46488E+16,5.11108E+16
67553,14,7,30,60,2018,5,16,7,2,9,1,0,0,1,0,0,0,0,0,7.77806E+20,5.69703E+21,1.29904E+16,5.13565E+16
67554,14,5,24,170,2018,6,7,5,2,0,7,0,1,1,0,0,0,0,0,7.42445E+20,5.62043E+21,1.24324E+16,5.06851E+16
67555,14,5,24,330,2018,5,16,1,2,4,2,0,0,1,0,1,0,0,1,7.45934E+20,5.62529E+21,1.24849E+16,5.07273E+16
67556,14,7,29,160,2018,6,0,1,3,3,6,2,0,1,0,0,0,0,0,7.70517E+20,5.68337E+21,1.28756E+16,5.12375E+16
67557,14,6,26,290,2018,5,15,5,3,2,6,0,0,1,0,0,0,0,0,8.95656E+20,5.67683E+21,1.46534E+16,5.1106E+16
67558,14,7,30,310,2018,5,8,4,3,1,6,0,0,1,0,0,1,0,0,7.77638E+20,5.71698E+21,1.30037E+16,5.15356E+16
67559,14,7,13,0,2018,5,9,4,3,5,3,0,1,1,0,0,0,0,0,7.34948E+20,5.69353E+21,1.23737E+16,5.13444E+16
67560,14,7,30,310,2018,6,10,2,3,1,6,0,0,1,0,0,0,0,0,7.75346E+20,5.71975E+21,1.29729E+16,5.15615E+16
67561,14,5,11,0,2018,5,13,5,3,0,6,0,0,1,0,0,0,1,0,7.69358E+20,5.64011E+21,1.28269E+16,5.08498E+16
67562,14,6,28,260,2018,5,13,1,3,3,6,0,1,1,0,0,0,0,0,8.68057E+20,5.66235E+21,1.42462E+16,5.09948E+16
67563,14,7,29,410,2018,6,17,4,2,5,3,0,0,1,0,0,0,0,0,7.69175E+20,5.69487E+21,1.28651E+16,5.13413E+16
67564,14,5,23,190,2018,5,8,6,2,5,3,0,0,1,0,0,0,0,0,7.26382E+20,5.61009E+21,1.2199E+16,5.05987E+16
67565,14,5,24,30,2018,6,13,6,3,9,1,0,0,1,0,0,0,0,0,7.35477E+20,5.63269E+21,1.23417E+16,5.0798E+16
67566,14,6,25,240,2018,5,20,5,2,0,7,0,1,0,0,0,0,0,1,8.66493E+20,5.71053E+21,1.42732E+16,5.14272E+16
67567,14,6,25,280,2018,5,7,5,3,8,1,0,0,1,0,0,0,0,1,8.68549E+20,5.70096E+21,1.42927E+16,5.13402E+16
67568,14,6,26,230,2018,5,18,3,2,5,3,0,0,1,0,0,0,0,0,9.10464E+20,5.6956E+21,1.48852E+16,5.12635E+16
67569,14,6,12,0,2018,5,13,3,3,0,1,0,0,0,0,1,0,0,1,8.3149E+20,5.66223E+21,1.37269E+16,5.10159E+16
67570,14,7,30,270,2018,6,8,1,1,2,6,0,0,1,0,0,0,0,0,7.21681E+20,5.70016E+21,1.21877E+16,5.14093E+16
67571,14,5,24,330,2018,5,8,3,1,5,6,0,1,0,0,0,1,0,0,7.45936E+20,5.62529E+21,1.24849E+16,5.07272E+16
67572,14,5,22,140,2018,6,19,4,2,4,6,0,0,1,0,1,0,0,0,7.91106E+20,5.64233E+21,1.31368E+16,5.08593E+16
67573,14,6,12,0,2018,5,18,7,3,5,3,0,1,1,0,0,0,0,0,8.35852E+20,5.66816E+21,1.37943E+16,5.10665E+16
67574,14,7,30,310,2018,5,12,5,3,5,3,0,0,1,0,0,0,0,0,7.76657E+20,5.71983E+21,1.29918E+16,5.15616E+16
67575,14,5,24,180,2018,5,6,3,3,2,2,0,0,1,0,0,0,0,0,7.56834E+20,5.64643E+21,1.26538E+16,5.09122E+16
67576,14,6,27,230,2018,5,13,5,2,6,2,0,0,1,1,0,0,0,0,7.99856E+20,5.692E+21,1.3302E+16,5.13002E+16
67577,14,6,12,0,2018,5,16,2,2,0,7,0,0,0,0,1,0,0,0,8.31458E+20,5.67254E+21,1.37358E+16,5.11083E+16
67578,14,6,27,150,2018,5,7,2,2,4,6,0,1,0,0,0,0,0,0,8.28714E+20,5.67324E+21,1.36974E+16,5.11161E+16
67579,14,7,30,190,2018,6,14,6,3,3,2,0,0,1,0,0,0,1,0,7.7226E+20,5.71075E+21,1.29215E+16,5.14822E+16
67580,14,7,13,0,2018,5,15,2,3,2,6,0,0,1,0,1,0,0,0,7.2976E+20,5.69267E+21,1.22988E+16,5.13388E+16
67581,14,7,13,0,2018,6,8,2,3,3,6,0,0,0,0,1,1,0,0,7.3549E+20,5.69348E+21,1.23815E+16,5.13437E+16
67582,14,5,24,170,2018,5,8,5,3,2,2,0,0,1,0,1,0,0,1,7.40492E+20,5.61893E+21,1.24038E+16,5.06724E+16
67583,14,5,22,80,2018,5,12,7,3,0,2,0,0,1,0,0,0,0,0,7.91414E+20,5.67099E+21,1.31642E+16,5.11161E+16
67584,14,6,25,10,2018,5,12,5,3,8,1,0,0,1,0,0,0,0,0,8.52506E+20,5.67062E+21,1.40335E+16,5.10786E+16
67585,14,6,27,230,2018,6,13,3,3,8,1,0,0,0,0,1,0,0,0,7.93593E+20,5.6928E+21,1.32131E+16,5.13106E+16
67586,14,6,25,380,2018,5,14,2,3,9,1,0,0,1,0,0,0,0,0,8.73903E+20,5.67428E+21,1.43414E+16,5.10978E+16
67587,14,6,27,230,2018,5,11,5,3,6,2,0,0,1,1,0,0,0,0,7.99375E+20,5.69225E+21,1.32953E+16,5.13027E+16
67588,14,7,29,140,2018,5,9,7,3,0,7,0,0,1,0,0,0,0,0,7.53185E+20,5.66361E+21,1.2614E+16,5.10681E+16
67589,14,6,27,100,2018,6,6,5,3,5,3,0,0,1,0,0,0,0,0,8.13614E+20,5.67197E+21,1.34813E+16,5.11133E+16
67590,14,5,24,310,2018,5,16,7,3,2,6,0,0,1,0,0,0,0,0,7.51636E+20,5.61689E+21,1.25598E+16,5.06495E+16
67591,14,5,21,540,2018,6,17,1,3,5,3,0,0,0,0,1,0,0,0,7.49263E+20,5.60071E+21,1.25155E+16,5.05052E+16
67592,14,6,27,80,2018,5,15,5,2,5,2,0,0,1,0,0,0,0,0,8.10637E+20,5.67731E+21,1.34435E+16,5.11627E+16
67593,14,6,27,140,2018,5,17,4,3,0,7,0,0,0,0,1,0,0,0,8.12684E+20,5.67712E+21,1.34725E+16,5.11599E+16
67594,14,6,12,0,2018,5,16,4,3,2,6,0,0,1,0,0,0,0,0,8.39019E+20,5.66789E+21,1.38391E+16,5.10622E+16
67595,14,6,25,640,2018,6,7,2,3,5,3,0,1,1,0,0,0,0,0,8.64747E+20,5.70612E+21,1.42436E+16,5.13888E+16
67596,14,7,29,80,2018,5,13,4,3,9,1,0,0,0,0,0,0,1,0,7.64088E+20,5.67256E+21,1.27758E+16,5.11435E+16
67597,14,5,22,50,2018,5,10,1,3,1,2,0,0,1,0,1,0,0,0,8.04244E+20,5.64098E+21,1.33219E+16,5.08404E+16
67598,14,6,25,60,2018,6,14,6,3,2,6,0,0,1,0,0,0,1,1,8.59332E+20,5.68131E+21,1.41412E+16,5.117E+16
67599,14,5,22,260,2018,5,15,5,2,8,1,0,0,1,0,0,0,0,1,7.65876E+20,5.64364E+21,1.27801E+16,5.08832E+16
67600,14,6,27,60,2018,5,16,5,3,7,7,0,0,0,1,1,0,0,0,8.15956E+20,5.69078E+21,1.35312E+16,5.12806E+16
67601,14,6,28,50,2018,5,10,3,3,8,1,0,0,0,0,0,1,0,0,8.30808E+20,5.65695E+21,1.37124E+16,5.09689E+16
67602,14,6,28,220,2018,5,14,7,3,4,1,0,0,1,0,1,0,0,0,8.36613E+20,5.6545E+21,1.37925E+16,5.09436E+16
67603,14,7,13,0,2018,6,20,5,3,4,6,0,1,0,0,0,0,0,0,7.36468E+20,5.69461E+21,1.23963E+16,5.13535E+16
67604,14,6,25,130,2018,5,19,1,2,4,2,0,0,0,0,1,0,1,0,8.57499E+20,5.68716E+21,1.41209E+16,5.12236E+16
67605,14,6,12,0,2018,6,9,1,3,2,6,0,0,1,0,0,0,1,0,8.24054E+20,5.66754E+21,1.36259E+16,5.10677E+16
67606,14,6,28,50,2018,5,5,5,2,5,3,1,0,1,0,0,0,1,1,8.31024E+20,5.65683E+21,1.37153E+16,5.09678E+16
67607,14,6,25,130,2018,5,17,4,3,3,6,0,1,0,0,0,0,1,0,8.58217E+20,5.68679E+21,1.41308E+16,5.12198E+16
67608,14,6,27,140,2018,5,6,4,3,4,2,0,1,1,0,0,0,0,1,8.13393E+20,5.67729E+21,1.34827E+16,5.1161E+16
67609,14,7,29,140,2018,6,9,2,1,8,1,0,0,1,0,0,0,0,0,7.51287E+20,5.66806E+21,1.259E+16,5.11088E+16
67610,14,5,24,320,2018,5,17,4,2,2,2,0,0,1,0,0,0,0,0,7.51266E+20,5.61774E+21,1.25552E+16,5.06573E+16
67611,14,6,28,30,2018,5,14,1,3,0,1,0,1,0,0,0,0,0,0,8.64625E+20,5.65266E+21,1.41878E+16,5.09102E+16
67612,14,5,23,430,2018,5,16,6,3,5,3,0,0,1,0,0,0,0,0,7.33679E+20,5.60515E+21,1.22989E+16,5.05515E+16
67613,14,6,25,20,2018,5,17,6,2,4,6,0,0,1,0,1,0,0,0,8.82985E+20,5.68464E+21,1.44816E+16,5.11845E+16
67614,14,7,13,0,2018,6,12,6,2,3,6,0,1,0,0,0,0,0,0,7.39306E+20,5.69447E+21,1.24368E+16,5.1351E+16
67615,14,6,12,0,2018,5,20,5,2,8,1,1,0,1,0,0,0,0,1,8.41737E+20,5.67365E+21,1.38832E+16,5.11122E+16
67616,14,6,28,410,2018,5,22,5,3,8,1,2,0,0,0,1,0,0,0,8.21306E+20,5.66182E+21,1.35818E+16,5.10179E+16
67617,14,6,12,0,2018,5,11,3,3,5,3,0,1,1,0,0,0,0,0,8.31194E+20,5.66971E+21,1.37295E+16,5.1083E+16
67618,14,7,29,430,2018,5,21,6,3,2,6,2,0,1,0,0,0,0,0,7.3358E+20,5.6788E+21,1.23445E+16,5.12128E+16
67619,14,5,21,550,2018,5,15,3,3,0,7,0,0,0,0,1,0,1,1,7.6785E+20,5.6063E+21,1.2781E+16,5.05472E+16
67620,14,6,28,260,2018,6,1,1,2,8,1,2,0,1,0,0,0,0,0,8.61823E+20,5.66799E+21,1.41633E+16,5.10492E+16
67621,14,6,26,110,2018,5,7,3,3,2,6,0,0,1,0,0,0,0,0,9.14251E+20,5.6828E+21,1.49245E+16,5.11463E+16
67622,14,5,22,490,2018,6,12,4,1,2,6,0,1,1,0,0,0,0,0,7.65213E+20,5.66116E+21,1.27835E+16,5.10407E+16
67623,14,7,13,0,2018,5,13,5,3,5,3,0,1,1,0,0,0,0,0,7.3355E+20,5.6931E+21,1.23534E+16,5.13412E+16
67624,14,7,13,0,2018,5,17,3,3,4,2,0,1,1,0,0,0,0,0,7.35075E+20,5.69024E+21,1.23734E+16,5.13148E+16
67625,14,6,12,0,2018,5,6,5,3,0,1,0,0,0,0,1,0,0,1,8.29012E+20,5.66511E+21,1.36943E+16,5.10431E+16
67626,14,7,30,180,2018,5,1,1,2,9,1,2,0,0,0,0,0,1,0,7.39631E+20,5.71922E+21,1.24583E+16,5.1573E+16
67627,14,7,13,0,2018,5,15,1,2,1,7,0,0,1,0,1,0,0,0,7.45302E+20,5.69092E+21,1.25203E+16,5.13166E+16
67628,14,7,30,310,2018,6,11,6,3,9,7,0,0,1,0,0,0,0,0,7.74934E+20,5.71909E+21,1.29664E+16,5.15557E+16
67629,14,6,25,480,2018,5,17,2,3,2,2,0,0,1,0,0,0,0,1,8.44009E+20,5.67431E+21,1.39162E+16,5.11167E+16
67630,14,6,26,110,2018,6,11,2,3,3,2,0,1,1,0,0,0,0,0,9.16845E+20,5.68228E+21,1.49607E+16,5.11397E+16
67631,14,7,13,0,2018,5,6,5,3,2,2,0,0,1,0,0,0,0,0,7.41581E+20,5.69679E+21,1.2471E+16,5.13709E+16
67632,14,7,29,80,2018,5,15,6,3,8,7,0,0,1,0,0,0,0,0,7.70606E+20,5.67072E+21,1.28674E+16,5.11239E+16
67633,14,6,27,140,2018,5,20,5,3,6,6,1,1,0,1,0,0,0,0,8.14219E+20,5.67798E+21,1.34951E+16,5.11667E+16
67634,14,6,27,60,2018,6,15,3,3,4,6,0,1,0,0,0,0,0,0,8.16088E+20,5.69313E+21,1.35351E+16,5.13016E+16
67635,14,6,28,260,2018,5,15,5,3,0,1,0,1,0,0,0,0,0,0,8.65914E+20,5.66514E+21,1.42186E+16,5.10211E+16
67636,14,6,12,0,2018,5,12,2,3,5,3,0,0,1,0,1,0,0,0,8.30378E+20,5.66324E+21,1.3712E+16,5.10256E+16
67637,14,6,12,0,2018,5,17,5,3,2,2,0,0,1,0,0,0,0,0,8.30553E+20,5.66452E+21,1.37156E+16,5.10369E+16
67638,14,6,26,170,2018,5,14,6,3,5,3,0,0,1,0,0,0,0,0,9.01056E+20,5.65766E+21,1.4709E+16,5.09308E+16
67639,14,5,22,200,2018,6,13,5,3,8,1,0,0,1,0,0,0,0,0,8.05542E+20,5.63166E+21,1.33325E+16,5.07562E+16
67640,14,7,29,140,2018,5,11,7,2,5,2,0,0,1,0,1,0,0,0,7.49223E+20,5.65888E+21,1.25543E+16,5.10274E+16
67641,14,7,30,20,2018,6,20,7,3,5,3,0,0,1,0,0,0,0,0,7.48281E+20,5.72206E+21,1.25848E+16,5.15948E+16
67642,14,6,27,220,2018,5,8,5,1,2,6,0,0,0,0,0,1,1,0,8.31427E+20,5.68141E+21,1.37436E+16,5.11878E+16
67643,14,6,12,0,2018,5,18,4,3,3,6,0,1,1,0,0,0,0,0,8.31996E+20,5.66766E+21,1.3739E+16,5.10642E+16
67644,14,5,11,0,2018,5,14,4,3,2,6,0,0,1,0,0,0,0,0,7.76789E+20,5.63774E+21,1.29304E+16,5.08251E+16
67645,14,6,27,180,2018,6,15,2,3,5,3,0,0,1,0,0,0,0,0,8.05267E+20,5.66896E+21,1.33598E+16,5.10907E+16
67646,14,7,29,20,2018,5,7,4,3,5,3,0,0,1,0,0,0,0,0,7.4659E+20,5.68549E+21,1.2535E+16,5.12673E+16
67647,14,5,23,300,2018,5,17,7,3,0,2,0,0,1,0,1,0,0,0,7.23882E+20,5.58693E+21,1.21499E+16,5.03917E+16
67648,14,6,27,220,2018,6,15,6,2,3,6,0,0,0,0,1,0,1,1,8.29979E+20,5.67938E+21,1.3721E+16,5.11704E+16
67649,14,5,24,30,2018,5,6,4,1,8,1,0,0,1,0,0,0,0,0,7.4211E+20,5.63506E+21,1.24372E+16,5.08166E+16
67650,14,5,22,490,2018,5,12,5,3,6,2,0,0,1,1,0,0,0,0,7.65954E+20,5.66195E+21,1.27946E+16,5.10474E+16
67651,14,5,22,360,2018,5,8,3,2,5,7,0,0,1,0,0,0,0,0,7.78082E+20,5.65567E+21,1.29624E+16,5.09853E+16
67652,14,7,13,0,2018,5,9,2,3,4,2,0,0,1,0,0,0,1,0,7.35291E+20,5.69025E+21,1.23765E+16,5.13148E+16
67653,14,6,26,290,2018,6,13,7,2,4,2,0,0,1,0,0,0,0,0,8.97021E+20,5.67489E+21,1.46707E+16,5.10878E+16
67654,14,6,12,0,2018,5,16,3,2,6,4,0,1,0,1,0,0,0,0,8.32131E+20,5.66773E+21,1.3741E+16,5.10648E+16
67655,14,6,25,250,2018,6,13,3,3,4,2,0,0,1,0,0,0,1,0,8.5575E+20,5.69293E+21,1.41017E+16,5.12764E+16
67656,14,6,27,140,2018,5,17,3,3,5,3,0,1,0,0,0,0,1,0,8.12835E+20,5.67756E+21,1.3475E+16,5.11638E+16
67657,14,5,22,360,2018,5,9,5,3,1,5,0,0,1,0,0,0,0,0,7.79704E+20,5.65572E+21,1.29855E+16,5.0985E+16
67658,14,6,25,160,2018,5,9,1,3,8,1,0,0,1,0,0,0,0,0,8.81015E+20,5.69246E+21,1.44618E+16,5.12558E+16
67659,14,5,11,0,2018,5,9,3,3,3,6,0,0,1,0,0,0,1,0,7.76522E+20,5.63881E+21,1.29275E+16,5.08348E+16
67660,14,5,21,320,2018,5,12,1,3,0,7,0,0,0,0,1,0,0,0,7.61331E+20,5.5943E+21,1.26808E+16,5.04424E+16
67661,14,5,21,280,2018,6,9,6,3,5,3,0,0,1,0,1,0,0,0,8.12281E+20,5.62179E+21,1.34194E+16,5.0664E+16
67662,14,6,28,110,2018,5,6,2,2,5,3,0,1,1,0,0,0,0,0,8.25992E+20,5.65962E+21,1.36464E+16,5.09957E+16
67663,14,7,29,410,2018,5,17,2,3,2,2,0,0,1,0,0,0,0,0,7.614E+20,5.6969E+21,1.27552E+16,5.13631E+16
67664,14,5,21,670,2018,6,15,1,2,5,3,0,0,1,0,0,0,0,0,7.88415E+20,5.61913E+21,1.30805E+16,5.06525E+16
67665,14,6,27,180,2018,5,11,3,3,5,3,0,0,1,0,0,0,0,0,8.00674E+20,5.6645E+21,1.32907E+16,5.10531E+16
67666,14,7,13,0,2018,6,6,3,3,3,2,0,1,1,0,0,0,0,0,7.30344E+20,5.69303E+21,1.23074E+16,5.13418E+16
67667,14,7,13,0,2018,5,12,5,3,5,3,0,1,1,0,0,0,0,0,7.33908E+20,5.69321E+21,1.23586E+16,5.1342E+16
67668,14,6,26,10,2018,5,17,3,3,2,6,0,0,1,0,0,0,0,0,8.95486E+20,5.72681E+21,1.47064E+16,5.15533E+16
67669,14,5,22,330,2018,5,5,5,3,4,2,0,0,1,0,0,0,0,0,7.79136E+20,5.65056E+21,1.29735E+16,5.0939E+16
67670,14,7,13,0,2018,5,14,1,2,2,2,0,0,1,0,0,0,0,0,7.37421E+20,5.69074E+21,1.24073E+16,5.13183E+16
67671,14,6,12,0,2018,5,12,1,3,3,6,0,0,1,0,1,0,0,0,8.34711E+20,5.6623E+21,1.37727E+16,5.10146E+16
67672,14,6,25,290,2018,6,17,6,3,5,3,0,0,1,0,1,0,0,0,8.8401E+20,5.68385E+21,1.44953E+16,5.11768E+16
67673,14,6,25,20,2018,5,10,2,3,3,2,0,0,1,0,1,0,0,0,8.80833E+20,5.68389E+21,1.44501E+16,5.11793E+16
67674,14,6,12,0,2018,6,8,2,3,9,1,0,0,1,0,0,0,0,0,8.22601E+20,5.66405E+21,1.36022E+16,5.10373E+16
67675,14,5,22,510,2018,5,7,5,3,4,6,0,0,1,0,0,0,0,1,7.93457E+20,5.66432E+21,1.31879E+16,5.10553E+16
67676,14,6,27,140,2018,5,6,5,3,5,2,0,1,0,0,0,0,1,0,8.13367E+20,5.67812E+21,1.34831E+16,5.11685E+16
67677,14,6,26,60,2018,5,12,6,3,4,2,0,0,1,0,0,0,0,0,8.81808E+20,5.70506E+21,1.44866E+16,5.13681E+16
67678,14,5,24,210,2018,5,15,4,3,6,7,0,0,1,1,0,0,0,0,7.38573E+20,5.63131E+21,1.23847E+16,5.07844E+16
67679,14,6,12,0,2018,6,0,3,2,0,1,2,1,0,0,0,0,0,1,8.37143E+20,5.66794E+21,1.38125E+16,5.10638E+16
67680,14,6,28,400,2018,5,14,5,3,2,6,0,0,1,0,0,0,1,0,8.16571E+20,5.65436E+21,1.3508E+16,5.09537E+16
67681,14,5,21,495,2018,5,13,2,2,8,1,0,0,0,0,1,0,1,0,7.97734E+20,5.62604E+21,1.32176E+16,5.07098E+16
67682,14,5,22,500,2018,5,14,5,3,5,3,0,0,1,0,1,0,0,0,7.86324E+20,5.65659E+21,1.30803E+16,5.09896E+16
67683,14,6,25,480,2018,6,9,3,3,5,3,0,1,1,0,0,0,0,0,8.44058E+20,5.67497E+21,1.39175E+16,5.11226E+16
67684,14,6,28,20,2018,5,10,6,3,5,3,0,0,1,0,0,0,0,0,8.50175E+20,5.64261E+21,1.39734E+16,5.0829E+16
67685,14,5,24,310,2018,6,11,4,3,5,3,0,0,1,0,0,0,0,0,7.52087E+20,5.61634E+21,1.25658E+16,5.06443E+16
67686,14,6,25,630,2018,5,16,7,3,4,1,0,0,1,0,0,0,0,0,8.76678E+20,5.67583E+21,1.43825E+16,5.11098E+16
67687,14,6,25,280,2018,6,15,7,3,5,3,0,0,1,0,0,0,0,0,8.71321E+20,5.69784E+21,1.43291E+16,5.13104E+16
67688,14,5,24,330,2018,5,17,5,2,9,1,0,1,0,0,0,0,0,0,7.44689E+20,5.62477E+21,1.24669E+16,5.07231E+16
67689,14,5,21,10,2018,5,6,5,3,0,1,0,0,0,0,1,0,0,1,7.83046E+20,5.63071E+21,1.30136E+16,5.0759E+16
67690,14,5,22,220,2018,5,14,4,3,4,6,0,0,1,0,0,0,0,0,7.85895E+20,5.67442E+21,1.30882E+16,5.11497E+16
67691,14,5,24,250,2018,5,19,3,2,8,1,0,0,1,0,0,0,0,1,7.50147E+20,5.61976E+21,1.25407E+16,5.06758E+16
67692,14,6,12,0,2018,6,16,2,3,5,3,0,1,1,0,0,0,0,0,8.31065E+20,5.66417E+21,1.37226E+16,5.10335E+16
67693,14,6,27,210,2018,5,10,4,3,1,5,0,1,0,0,0,1,0,0,8.26827E+20,5.67176E+21,1.36692E+16,5.1104E+16
67694,14,6,26,110,2018,6,16,4,3,3,6,0,1,1,0,0,0,0,0,9.18457E+20,5.68433E+21,1.4986E+16,5.11569E+16
67695,14,7,29,260,2018,5,3,7,3,2,6,2,0,0,0,0,1,1,0,7.38257E+20,5.6829E+21,1.24141E+16,5.12476E+16
67696,14,6,12,0,2018,6,21,6,3,3,6,2,0,1,0,0,0,0,1,8.31248E+20,5.66716E+21,1.37279E+16,5.10602E+16
67697,14,6,26,450,2018,5,19,4,3,2,2,0,0,1,0,0,0,0,0,9.08125E+20,5.68221E+21,1.48367E+16,5.11454E+16
67698,14,5,22,50,2018,5,16,5,2,5,3,0,1,1,0,0,0,0,0,8.03879E+20,5.64292E+21,1.33183E+16,5.0858E+16
67699,14,7,30,230,2018,5,12,2,3,5,3,0,0,1,0,1,0,0,0,7.85277E+20,5.69164E+21,1.30931E+16,5.13045E+16
67700,14,6,25,600,2018,5,6,2,3,8,1,0,0,1,0,0,0,0,0,8.46352E+20,5.67706E+21,1.39522E+16,5.114E+16
67701,14,6,26,230,2018,6,12,7,3,4,2,0,0,1,0,0,0,0,0,9.12498E+20,5.6913E+21,1.49093E+16,5.12236E+16
67702,14,5,22,50,2018,5,13,3,3,8,7,0,0,1,0,0,0,0,0,8.04137E+20,5.64204E+21,1.33212E+16,5.08499E+16
67703,14,6,12,0,2018,6,7,3,3,5,3,0,1,1,0,0,0,0,0,8.31746E+20,5.67052E+21,1.37381E+16,5.109E+16
67704,14,6,27,210,2018,5,8,6,3,2,6,0,0,1,0,0,0,0,0,8.27998E+20,5.67203E+21,1.36861E+16,5.11057E+16
67705,14,6,12,0,2018,5,14,3,3,0,1,0,0,0,0,1,0,0,0,8.32583E+20,5.66607E+21,1.37459E+16,5.10496E+16
67706,14,5,22,80,2018,5,7,5,3,0,1,0,0,0,0,1,0,0,1,7.91255E+20,5.67108E+21,1.3162E+16,5.1117E+16
67707,14,6,27,170,2018,5,15,1,3,8,1,0,1,0,0,0,0,0,0,8.16103E+20,5.68039E+21,1.35241E+16,5.11873E+16
67708,14,7,29,380,2018,5,13,2,2,8,1,0,0,1,0,0,0,0,0,7.58741E+20,5.70576E+21,1.27236E+16,5.14438E+16