OBJECTID_1,ULAND,UREGBEZ,UKREIS,UGEMEINDE,UJAHR,UMONAT,USTUNDE,UWOCHENTAG,UKATEGORIE,UART,UTYP1,ULICHTVERH,IstRad,IstPKW,IstFuss,IstKrad,IstGkfz,IstSonstig,STRZUSTAND,LINREFX,LINREFY,XGCSWGS84,YGCSWGS84
67709,14,5,11,0,2018,5,9,5,3,4,2,0,1,1,0,0,0,0,0,7.76803E+20,5.63851E+21,1.29312E+16,5.0832E+16
67710,14,5,24,180,2018,5,10,7,3,5,3,0,0,1,0,0,0,1,0,7.62426E+20,5.64159E+21,1.27297E+16,5.08664E+16
67711,14,5,23,365,2018,6,13,5,3,2,7,0,0,1,0,0,0,0,0,7.16023E+20,5.60358E+21,1.20491E+16,5.05442E+16
67712,14,5,22,180,2018,5,17,2,3,1,2,0,0,1,0,0,0,0,1,8.04845E+20,5.64985E+21,1.33378E+16,5.09196E+16
67713,14,5,23,120,2018,6,17,1,3,6,2,0,0,1,1,0,0,0,0,7.38817E+20,5.59673E+21,1.23659E+16,5.04738E+16
67714,14,5,24,330,2018,5,14,4,3,2,6,0,0,1,0,1,0,0,0,7.45665E+20,5.62577E+21,1.24814E+16,5.07317E+16
67715,14,5,24,160,2018,5,9,4,3,0,7,0,1,0,0,0,0,0,0,7.564E+20,5.62849E+21,1.26351E+16,5.07515E+16
67716,14,7,30,300,2018,5,12,4,3,6,4,0,0,0,1,0,0,1,0,7.42853E+20,5.69765E+21,1.24899E+16,5.13781E+16
67717,14,5,23,260,2018,6,15,2,2,4,1,0,0,1,0,0,0,0,0,7.3015E+20,5.61211E+21,1.22534E+16,5.06154E+16
67718,14,5,22,520,2018,5,15,5,2,0,1,0,0,1,0,1,0,0,0,8.12849E+20,5.6258E+21,1.34308E+16,5.06997E+16
67719,14,6,25,480,2018,5,0,1,3,8,1,2,0,1,0,0,0,0,0,8.45268E+20,5.67538E+21,1.39351E+16,5.11256E+16
67720,14,5,24,320,2018,5,7,4,2,5,3,0,0,0,0,1,0,1,0,7.49029E+20,5.61946E+21,1.25247E+16,5.06736E+16
67721,14,5,22,80,2018,6,7,4,3,9,1,0,0,1,0,0,0,0,0,7.8905E+20,5.67495E+21,1.31337E+16,5.11529E+16
67722,14,5,21,550,2018,5,12,7,3,2,2,0,0,1,0,0,0,0,0,7.69807E+20,5.60483E+21,1.28075E+16,5.05331E+16
67723,14,5,22,20,2018,6,17,7,2,5,3,0,1,1,0,0,0,1,0,7.89294E+20,5.63876E+21,1.31083E+16,5.08281E+16
67724,14,7,29,140,2018,5,15,5,2,4,6,0,1,1,0,0,0,0,0,7.5115E+20,5.65783E+21,1.2581E+16,5.1017E+16
67725,14,5,24,300,2018,5,17,4,3,2,6,0,0,1,0,0,0,1,0,7.3819E+20,5.62428E+21,1.23747E+16,5.07214E+16
67726,14,7,30,310,2018,5,3,3,1,4,6,2,0,1,0,1,0,0,0,7.77055E+20,5.71586E+21,1.29944E+16,5.15258E+16
67727,14,5,11,0,2018,6,9,2,2,2,1,0,0,1,0,0,0,1,0,7.73071E+20,5.64227E+21,1.28811E+16,5.08675E+16
67728,14,5,23,320,2018,5,10,4,3,5,3,0,0,1,0,0,0,0,0,7.22378E+20,5.59971E+21,1.21363E+16,5.05071E+16
67729,14,5,22,80,2018,5,21,5,3,3,6,2,0,1,0,0,1,0,0,7.87438E+20,5.66778E+21,1.3105E+16,5.10893E+16
67730,14,6,12,0,2018,5,15,6,3,5,2,0,1,1,0,0,0,0,0,8.31845E+20,5.66497E+21,1.37344E+16,5.10402E+16
67731,14,7,29,160,2018,5,16,4,3,2,6,0,0,1,0,0,0,0,1,7.62004E+20,5.68191E+21,1.27529E+16,5.12283E+16
67732,14,6,12,0,2018,6,15,3,3,4,6,0,1,0,0,0,0,0,0,8.31383E+20,5.67236E+21,1.37346E+16,5.11067E+16
67733,14,6,12,0,2018,5,18,5,3,0,7,0,1,0,0,0,0,0,0,8.32664E+20,5.66625E+21,1.37472E+16,5.10512E+16
67734,14,7,30,20,2018,5,15,1,3,2,6,0,0,1,0,0,0,0,0,7.47143E+20,5.7236E+21,1.25695E+16,5.16091E+16
67735,14,5,24,120,2018,5,15,4,3,5,3,0,0,1,0,0,0,0,0,7.64271E+20,5.63521E+21,1.27513E+16,5.08083E+16
67736,14,5,11,0,2018,5,10,6,3,0,5,0,1,1,0,0,0,0,0,7.76419E+20,5.63837E+21,1.29257E+16,5.08309E+16
67737,14,7,29,160,2018,6,12,4,3,5,3,0,0,1,0,0,0,1,0,7.58543E+20,5.67903E+21,1.27013E+16,5.12041E+16
67738,14,6,12,0,2018,5,15,7,3,2,6,0,0,1,0,0,0,0,0,8.28113E+20,5.66251E+21,1.36791E+16,5.10204E+16
67739,14,6,27,210,2018,6,10,7,3,0,1,0,1,0,0,0,0,0,0,8.24419E+20,5.672E+21,1.36351E+16,5.11074E+16
67740,14,7,30,70,2018,5,10,5,2,0,1,0,1,0,0,0,0,0,0,7.29666E+20,5.71691E+21,1.23132E+16,5.15564E+16
67741,14,5,24,280,2018,5,16,4,3,5,3,0,0,1,0,0,0,0,0,7.55529E+20,5.6306E+21,1.26242E+16,5.07707E+16
67742,14,5,24,200,2018,5,7,3,3,0,7,0,0,0,0,1,0,1,0,7.46934E+20,5.62956E+21,1.25019E+16,5.07652E+16
67743,14,6,26,610,2018,5,2,3,3,5,3,2,0,1,0,0,0,0,0,9.07244E+20,5.65466E+21,1.47932E+16,5.08996E+16
67744,14,5,24,330,2018,6,18,1,3,9,1,0,0,1,0,0,0,0,0,7.42722E+20,5.62194E+21,1.24373E+16,5.06986E+16
67745,14,6,12,0,2018,5,7,4,3,5,3,0,1,1,0,0,0,0,0,8.32568E+20,5.66603E+21,1.37457E+16,5.10493E+16
67746,14,6,28,400,2018,6,17,4,3,5,3,0,0,1,0,0,0,0,0,8.19276E+20,5.65688E+21,1.35486E+16,5.09748E+16
67747,14,6,25,290,2018,5,12,7,3,5,3,0,0,1,0,0,0,0,0,8.85448E+20,5.68115E+21,1.45129E+16,5.11517E+16
67748,14,5,11,0,2018,6,14,6,3,3,6,0,0,0,0,0,0,1,0,7.76533E+20,5.63883E+21,1.29276E+16,5.0835E+16
67749,14,6,12,0,2018,5,13,4,2,1,6,0,0,1,0,0,1,0,0,8.29458E+20,5.66693E+21,1.37023E+16,5.10591E+16
67750,14,5,23,360,2018,5,12,4,2,4,2,0,0,1,0,0,0,0,0,7.39671E+20,5.60242E+21,1.23815E+16,5.05245E+16
67751,14,6,26,85,2018,5,13,2,3,4,7,0,0,1,0,0,0,0,0,8.94528E+20,5.66492E+21,1.46244E+16,5.10002E+16
67752,14,7,13,0,2018,5,18,6,3,5,7,0,0,1,0,0,0,1,0,7.36053E+20,5.70092E+21,1.23945E+16,5.14103E+16
67753,14,6,25,20,2018,5,14,2,2,9,1,0,0,1,0,0,0,0,0,8.76215E+20,5.68357E+21,1.4384E+16,5.11795E+16
67754,14,5,21,550,2018,6,9,7,3,2,2,0,0,1,0,0,0,0,0,7.68575E+20,5.6062E+21,1.27912E+16,5.0546E+16
67755,14,5,11,0,2018,5,10,3,3,2,6,0,0,1,0,0,0,0,0,7.77504E+20,5.63726E+21,1.29402E+16,5.08205E+16
67756,14,5,22,50,2018,6,21,3,2,0,1,2,0,1,0,0,0,0,0,8.04007E+20,5.64334E+21,1.33205E+16,5.08617E+16
67757,14,5,11,0,2018,5,17,6,3,5,3,0,1,1,0,0,0,0,0,7.75596E+20,5.63524E+21,1.29117E+16,5.08032E+16
67758,14,5,21,630,2018,5,14,3,3,5,3,0,0,1,0,1,0,0,0,7.82662E+20,5.61337E+21,1.2995E+16,5.06036E+16
67759,14,5,24,320,2018,5,6,4,2,8,1,0,0,0,0,1,0,0,0,7.47231E+20,5.617E+21,1.24977E+16,5.06523E+16
67760,14,5,21,450,2018,5,4,1,2,8,1,1,0,1,0,0,0,0,1,7.5844E+20,5.624E+21,1.26608E+16,5.07102E+16
67761,14,5,22,180,2018,5,14,6,3,6,4,0,0,1,1,0,0,0,0,8.04937E+20,5.64822E+21,1.33377E+16,5.09049E+16
67762,14,7,13,0,2018,5,7,2,3,4,2,0,1,1,0,0,0,0,0,7.3208E+20,5.69245E+21,1.23319E+16,5.13359E+16
67763,14,5,24,330,2018,5,8,4,3,5,3,0,0,1,0,0,0,0,0,7.4627E+20,5.62524E+21,1.24896E+16,5.07267E+16
67764,14,7,29,70,2018,5,22,7,3,0,1,2,1,0,0,0,0,0,0,7.48167E+20,5.69221E+21,1.25623E+16,5.1327E+16
67765,14,7,29,10,2018,6,17,5,3,0,7,0,0,1,0,0,0,0,0,7.55598E+20,5.67179E+21,1.26541E+16,5.11404E+16
67766,14,6,26,610,2018,5,14,1,3,3,6,0,0,1,0,0,0,0,0,9.07346E+20,5.65466E+21,1.47947E+16,5.08995E+16
67767,14,7,13,0,2018,6,13,1,3,5,3,0,0,1,0,0,0,0,0,7.32592E+20,5.69895E+21,1.23435E+16,5.1394E+16
67768,14,5,23,300,2018,5,13,4,3,2,6,0,0,1,0,0,0,1,0,7.15199E+20,5.58835E+21,1.20287E+16,5.04077E+16
67769,14,7,30,300,2018,5,10,4,3,2,6,0,0,1,0,0,1,0,0,7.43912E+20,5.69896E+21,1.25059E+16,5.13894E+16
67770,14,6,26,600,2018,5,14,4,3,0,1,0,1,0,0,0,0,0,1,8.92252E+20,5.72229E+21,1.4655E+16,5.15152E+16
67771,14,7,30,70,2018,6,14,2,3,0,1,0,0,0,0,1,0,0,0,7.321E+20,5.71391E+21,1.23463E+16,5.15285E+16
67772,14,5,22,440,2018,5,17,5,2,5,2,0,0,1,0,0,0,0,1,7.97397E+20,5.64532E+21,1.32284E+16,5.08828E+16
67773,14,6,28,260,2018,5,16,1,2,8,1,0,0,0,0,1,0,0,0,8.6322E+20,5.66327E+21,1.41785E+16,5.10061E+16
67774,14,7,29,250,2018,5,15,6,3,0,1,0,0,0,0,1,0,0,0,7.54052E+20,5.69605E+21,1.26493E+16,5.13588E+16
67775,14,7,30,200,2018,5,7,6,3,5,3,0,0,1,0,0,0,1,0,7.85171E+20,5.68413E+21,1.30856E+16,5.12371E+16
67776,14,5,24,190,2018,6,9,6,3,3,6,0,0,1,0,1,0,0,0,7.41084E+20,5.63678E+21,1.24238E+16,5.08325E+16
67777,14,6,28,270,2018,5,17,5,3,3,6,0,1,0,0,1,0,0,0,8.44692E+20,5.65754E+21,1.39099E+16,5.09661E+16
67778,14,7,29,300,2018,5,23,4,3,8,1,2,0,0,0,0,1,0,1,7.48077E+20,5.69035E+21,1.25597E+16,5.13103E+16
67779,14,6,27,140,2018,5,16,3,3,0,6,0,0,0,0,1,0,0,0,8.12802E+20,5.67727E+21,1.34743E+16,5.11612E+16
67780,14,7,30,340,2018,5,10,6,3,5,3,0,0,1,0,0,0,1,0,7.23305E+20,5.70646E+21,1.2215E+16,5.14652E+16
67781,14,5,22,180,2018,5,15,3,3,2,6,0,0,1,0,0,0,0,0,8.06516E+20,5.64941E+21,1.33611E+16,5.09148E+16
67782,14,6,25,240,2018,6,2,1,3,0,1,2,1,0,0,0,0,0,0,8.6734E+20,5.70934E+21,1.42841E+16,5.1416E+16
67783,14,7,13,0,2018,5,7,3,2,4,2,0,1,1,0,0,0,0,0,7.36642E+20,5.69573E+21,1.23995E+16,5.13635E+16
67784,14,5,22,180,2018,6,15,4,3,5,2,0,0,1,0,0,0,0,0,8.04911E+20,5.64787E+21,1.33371E+16,5.09019E+16
67785,14,7,30,20,2018,5,13,5,3,5,3,0,1,0,0,1,0,0,0,7.4862E+20,5.72169E+21,1.25895E+16,5.15913E+16
67786,14,5,23,340,2018,5,15,3,3,2,6,0,0,1,0,0,0,0,0,7.341E+20,5.61238E+21,1.23093E+16,5.06163E+16
67787,14,7,30,70,2018,5,21,4,2,6,6,2,0,1,1,0,0,0,0,7.33923E+20,5.7148E+21,1.23731E+16,5.15358E+16
67788,14,5,22,210,2018,5,16,2,2,5,3,0,0,1,0,1,0,0,0,8.00991E+20,5.66242E+21,1.32935E+16,5.10344E+16
67789,14,5,21,30,2018,5,9,2,3,4,7,0,0,1,0,0,0,0,0,7.62076E+20,5.61416E+21,1.27052E+16,5.06203E+16
67790,14,7,13,0,2018,6,9,6,3,3,2,0,1,0,0,0,0,1,0,7.33757E+20,5.69691E+21,1.23589E+16,5.13752E+16
67791,14,7,13,0,2018,5,7,2,2,3,2,0,1,0,0,0,1,0,0,7.36162E+20,5.69392E+21,1.23914E+16,5.13474E+16
67792,14,6,26,230,2018,6,7,2,3,5,3,0,0,1,0,0,0,0,0,9.10868E+20,5.6937E+21,1.48888E+16,5.12463E+16
67793,14,5,23,20,2018,5,8,5,3,9,1,0,0,1,0,0,0,0,1,7.43767E+20,5.60005E+21,1.24377E+16,5.05016E+16
67794,14,6,28,250,2018,5,12,3,3,2,7,0,0,1,0,1,0,0,0,8.38725E+20,5.65142E+21,1.38196E+16,5.09148E+16
67795,14,5,11,0,2018,5,10,7,3,2,6,0,0,1,0,0,0,0,0,7.70769E+20,5.63881E+21,1.2846E+16,5.08375E+16
67796,14,7,29,140,2018,6,18,1,2,8,1,0,0,0,0,1,0,0,1,7.49978E+20,5.6693E+21,1.25722E+16,5.11206E+16
67797,14,5,24,330,2018,5,9,3,2,6,4,0,0,1,1,0,0,0,0,7.46157E+20,5.62671E+21,1.2489E+16,5.07399E+16
67798,14,6,12,0,2018,6,13,4,2,5,3,0,1,0,0,0,0,0,0,8.29271E+20,5.67036E+21,1.37027E+16,5.109E+16
67799,14,6,28,270,2018,5,15,7,3,4,2,0,1,1,0,0,0,0,0,8.45743E+20,5.65933E+21,1.39266E+16,5.09815E+16
67800,14,5,23,320,2018,5,12,5,3,2,6,0,0,1,0,0,0,0,0,7.2613E+20,5.59769E+21,1.21879E+16,5.04875E+16
67801,14,5,21,390,2018,5,23,4,2,0,1,2,1,0,0,0,0,0,0,7.95414E+20,5.61873E+21,1.3179E+16,5.06454E+16
67802,14,7,13,0,2018,5,18,4,3,5,3,0,1,1,0,0,0,0,0,7.41388E+20,5.68687E+21,1.24615E+16,5.12819E+16
67803,14,6,28,360,2018,5,1,2,3,8,7,2,0,1,0,0,0,0,0,8.65483E+20,5.65493E+21,1.42022E+16,5.09299E+16
67804,14,6,12,0,2018,5,6,2,3,0,1,0,0,0,0,1,0,0,0,8.30704E+20,5.66473E+21,1.3718E+16,5.10388E+16
67805,14,5,23,340,2018,6,12,6,3,0,7,0,0,1,0,0,0,0,0,7.3217E+20,5.6124E+21,1.22821E+16,5.06172E+16
67806,14,5,23,50,2018,5,11,2,2,4,6,0,0,1,0,0,0,0,0,7.32919E+20,5.59668E+21,1.22829E+16,5.04757E+16
67807,14,5,23,320,2018,6,16,2,3,0,3,0,1,1,0,0,0,0,0,7.20295E+20,5.59859E+21,1.21063E+16,5.04978E+16
67808,14,5,22,140,2018,5,17,6,2,4,6,0,0,0,0,1,0,1,0,7.90056E+20,5.64054E+21,1.31205E+16,5.08437E+16
67809,14,7,13,0,2018,5,16,4,3,5,3,0,1,1,0,0,0,0,0,7.2825E+20,5.69072E+21,1.22759E+16,5.13219E+16
67810,14,6,28,230,2018,5,16,7,2,0,1,0,1,0,0,0,0,0,0,8.41427E+20,5.64068E+21,1.38479E+16,5.0817E+16
67811,14,7,13,0,2018,5,11,5,2,4,2,0,0,1,0,1,0,0,0,7.33776E+20,5.69691E+21,1.23592E+16,5.13752E+16
67812,14,6,25,20,2018,6,10,3,3,5,3,0,1,1,0,0,0,0,0,8.77823E+20,5.68571E+21,1.44092E+16,5.11976E+16
67813,14,6,25,130,2018,5,15,2,3,4,2,0,0,1,0,1,0,0,0,8.58087E+20,5.687E+21,1.41291E+16,5.12218E+16
67814,14,6,28,270,2018,5,14,4,2,2,6,0,0,1,0,0,0,0,0,8.47433E+20,5.65446E+21,1.39459E+16,5.09369E+16
67815,14,6,12,0,2018,5,14,7,3,5,3,0,0,1,0,0,0,0,0,8.3089E+20,5.66645E+21,1.37222E+16,5.10541E+16
67816,14,6,26,610,2018,6,9,5,3,0,7,0,1,1,0,0,0,0,0,9.08798E+20,5.65447E+21,1.4815E+16,5.08967E+16
67817,14,6,12,0,2018,5,14,1,3,0,1,0,1,0,0,0,0,0,0,8.30325E+20,5.67126E+21,1.37185E+16,5.10974E+16
67818,14,5,22,50,2018,6,15,1,3,1,6,0,0,1,0,0,0,0,0,8.03992E+20,5.64316E+21,1.33201E+16,5.08601E+16
67819,14,6,27,210,2018,5,16,4,2,4,2,0,1,1,0,0,0,0,0,8.27926E+20,5.67185E+21,1.36849E+16,5.11042E+16
67820,14,6,26,190,2018,5,15,4,2,4,6,0,0,0,0,0,1,0,0,8.95257E+20,5.6929E+21,1.46654E+16,5.12501E+16
67821,14,6,28,410,2018,5,16,4,3,2,6,0,0,1,0,0,0,0,0,8.19551E+20,5.66213E+21,1.35571E+16,5.10217E+16
67822,14,6,26,245,2018,6,14,2,3,8,1,0,0,0,0,1,0,0,0,8.95953E+20,5.66198E+21,1.46414E+16,5.09729E+16
67823,14,5,23,320,2018,5,0,4,2,9,7,2,0,1,0,0,0,0,0,7.23401E+20,5.5981E+21,1.21498E+16,5.04922E+16
67824,14,6,28,50,2018,5,13,1,2,5,3,0,0,1,0,1,0,0,0,8.29895E+20,5.65537E+21,1.3698E+16,5.09553E+16
67825,14,7,29,30,2018,5,18,6,3,0,1,0,1,0,0,0,0,0,0,7.57E+20,5.6964E+21,1.26918E+16,5.13606E+16
67826,14,6,28,270,2018,5,11,6,3,0,1,0,1,0,0,0,0,0,0,8.47085E+20,5.65566E+21,1.39421E+16,5.09479E+16
67827,14,6,26,180,2018,6,14,6,3,6,4,0,0,1,1,0,0,0,0,9.02804E+20,5.66733E+21,1.47444E+16,5.10161E+16
67828,14,6,27,230,2018,5,11,5,2,3,6,0,0,1,0,0,0,0,0,7.93094E+20,5.69545E+21,1.32081E+16,5.13346E+16
67829,14,6,28,110,2018,5,18,4,3,5,3,0,0,1,0,0,0,0,0,8.25728E+20,5.66174E+21,1.36445E+16,5.10147E+16
67830,14,6,12,0,2018,5,8,3,3,5,2,0,1,1,0,0,0,0,0,8.31998E+20,5.66784E+21,1.37392E+16,5.10659E+16
67831,14,5,23,320,2018,5,7,2,3,4,2,0,0,1,0,0,1,0,0,7.23469E+20,5.59917E+21,1.21514E+16,5.05018E+16
67832,14,6,28,300,2018,6,17,1,3,5,3,0,0,1,0,0,0,0,1,8.30221E+20,5.65404E+21,1.37014E+16,5.09432E+16
67833,14,6,25,340,2018,5,15,3,3,2,6,0,0,1,0,0,1,0,0,8.82334E+20,5.68883E+21,1.44767E+16,5.12225E+16
67834,14,5,23,10,2018,6,14,3,2,9,7,0,0,1,0,0,0,0,0,7.31615E+20,5.58047E+21,1.22545E+16,5.03307E+16
67835,14,7,30,270,2018,5,6,5,2,8,1,0,0,1,0,0,0,0,0,7.22826E+20,5.70384E+21,1.22064E+16,5.14418E+16
67836,14,6,26,85,2018,5,15,3,3,2,6,0,0,1,0,1,0,0,0,8.91448E+20,5.66578E+21,1.45816E+16,5.10101E+16
67837,14,6,28,50,2018,5,18,4,3,2,2,0,0,1,0,0,0,0,0,8.31096E+20,5.66021E+21,1.37194E+16,5.0998E+16
67838,14,7,13,0,2018,5,11,1,3,5,3,0,0,1,0,0,0,0,0,7.28086E+20,5.68407E+21,1.22693E+16,5.12623E+16
67839,14,6,25,410,2018,5,11,1,3,2,6,0,0,1,0,0,0,0,0,8.54395E+20,5.68099E+21,1.40705E+16,5.11702E+16
67840,14,6,26,110,2018,6,22,6,3,8,1,2,0,0,0,0,0,1,0,9.14638E+20,5.68289E+21,1.49301E+16,5.11469E+16
67841,14,6,25,240,2018,5,14,2,3,3,2,0,0,1,0,0,0,0,0,8.575E+20,5.70947E+21,1.41433E+16,5.14234E+16
67842,14,6,28,360,2018,6,21,2,2,0,7,1,1,0,0,0,0,0,0,8.69257E+20,5.66053E+21,1.42614E+16,5.09777E+16
67843,14,6,12,0,2018,5,14,4,3,2,6,0,0,1,0,0,0,1,0,8.30453E+20,5.66897E+21,1.37183E+16,5.10769E+16
67844,14,6,25,170,2018,5,19,5,2,4,1,1,1,0,0,1,0,0,0,8.57554E+20,5.67548E+21,1.41101E+16,5.1119E+16
67845,14,7,29,150,2018,5,12,6,2,5,3,0,0,0,0,1,0,1,0,7.59972E+20,5.66599E+21,1.27123E+16,5.10864E+16
67846,14,6,28,110,2018,5,7,5,3,2,6,0,1,0,0,0,0,0,0,8.23273E+20,5.65808E+21,1.36064E+16,5.09834E+16
67847,14,6,12,0,2018,6,15,3,3,3,6,0,0,1,0,0,1,0,0,8.31749E+20,5.66474E+21,1.37328E+16,5.10382E+16
67848,14,6,27,150,2018,5,6,5,2,5,3,0,0,1,0,0,0,0,0,8.23882E+20,5.67784E+21,1.36327E+16,5.11601E+16
67849,14,6,27,220,2018,5,16,2,2,2,7,0,0,0,0,0,1,0,0,8.31252E+20,5.68196E+21,1.37416E+16,5.11928E+16
67850,14,6,12,0,2018,5,16,4,3,5,3,0,1,1,0,0,0,0,0,8.34815E+20,5.66815E+21,1.37796E+16,5.1067E+16
67851,14,7,13,0,2018,6,3,3,2,2,6,2,0,1,0,0,0,0,0,7.37929E+20,5.69433E+21,1.2417E+16,5.13504E+16
67852,14,6,25,410,2018,5,5,6,2,8,1,1,0,1,0,0,0,0,0,8.54602E+20,5.68104E+21,1.40735E+16,5.11706E+16
67853,14,5,21,50,2018,6,7,5,3,3,6,0,0,1,0,0,0,0,0,7.59978E+20,5.61134E+21,1.26737E+16,5.0596E+16
67854,14,6,25,250,2018,5,10,7,3,5,3,0,1,1,0,0,0,0,0,8.56045E+20,5.69356E+21,1.41065E+16,5.12818E+16
67855,14,7,29,140,2018,6,12,7,2,2,2,0,1,1,0,0,0,0,0,7.47751E+20,5.6612E+21,1.25349E+16,5.10489E+16
67856,14,6,28,40,2018,5,15,4,3,9,7,0,0,1,0,0,1,0,0,8.43611E+20,5.64381E+21,1.38817E+16,5.08437E+16
67857,14,6,12,0,2018,5,7,4,3,2,6,0,0,1,0,0,0,0,1,8.37034E+20,5.6603E+21,1.38038E+16,5.09954E+16
67858,14,5,23,450,2018,5,14,3,3,5,3,0,0,1,0,1,0,0,0,7.18021E+20,5.59453E+21,1.2072E+16,5.04622E+16
67859,14,6,27,60,2018,6,6,2,2,4,2,0,0,1,0,0,0,0,0,8.20704E+20,5.69329E+21,1.36013E+16,5.13004E+16
67860,14,6,26,490,2018,5,16,4,3,2,6,0,0,1,0,0,0,0,1,8.8385E+20,5.72477E+21,1.45371E+16,5.15432E+16
67861,14,5,23,430,2018,5,15,6,3,0,6,0,0,1,0,1,0,0,0,7.32971E+20,5.59972E+21,1.22855E+16,5.05031E+16
67862,14,6,27,260,2018,5,3,5,3,9,1,2,0,0,0,0,1,0,0,7.97363E+20,5.68766E+21,1.32627E+16,5.12626E+16
67863,14,6,28,270,2018,6,18,3,3,2,6,0,0,1,0,1,0,0,0,8.47015E+20,5.65587E+21,1.39413E+16,5.09497E+16
67864,14,6,12,0,2018,5,7,2,3,1,6,0,0,1,0,0,0,0,0,8.30632E+20,5.67057E+21,1.37223E+16,5.10911E+16
67865,14,6,12,0,2018,5,16,4,2,4,6,0,0,1,0,0,0,1,0,8.3672E+20,5.65896E+21,1.37981E+16,5.09836E+16
67866,14,5,23,160,2018,5,10,6,2,9,1,0,0,1,0,0,0,0,0,7.40404E+20,5.58278E+21,1.23793E+16,5.0348E+16
67867,14,6,28,410,2018,6,8,5,3,2,6,0,0,1,0,1,0,0,0,8.22284E+20,5.66406E+21,1.35977E+16,5.10375E+16
67868,14,5,24,310,2018,5,12,7,2,3,6,0,0,1,0,1,0,0,0,7.52112E+20,5.61594E+21,1.25659E+16,5.06407E+16
67869,14,5,23,200,2018,6,1,7,2,9,1,2,0,0,0,1,0,0,0,7.39702E+20,5.579E+21,1.2367E+16,5.03143E+16
67870,14,6,12,0,2018,5,15,4,3,5,3,0,1,1,0,0,0,0,0,8.35524E+20,5.66179E+21,1.37838E+16,5.10096E+16
67871,14,6,12,0,2018,5,22,4,2,5,2,2,1,1,0,0,0,0,0,8.3001E+20,5.66684E+21,1.371E+16,5.10581E+16
67872,14,6,12,0,2018,5,10,4,3,0,1,0,0,0,0,1,0,0,1,8.37739E+20,5.66799E+21,1.3821E+16,5.10639E+16
67873,14,6,26,610,2018,6,12,2,2,4,6,0,0,1,0,0,0,1,0,9.08692E+20,5.65234E+21,1.48111E+16,5.08778E+16
67874,14,7,13,0,2018,5,17,4,3,5,2,0,1,1,0,0,0,0,0,7.32528E+20,5.69241E+21,1.23383E+16,5.13354E+16
67875,14,5,11,0,2018,5,12,1,3,5,3,0,0,1,0,0,0,0,0,7.66763E+20,5.63378E+21,1.27855E+16,5.07942E+16
67876,14,6,27,230,2018,6,16,6,2,4,2,0,1,1,0,0,0,0,0,7.99673E+20,5.69169E+21,1.32991E+16,5.12975E+16
67877,14,5,24,320,2018,5,9,4,3,4,2,0,0,1,0,0,0,0,0,7.48354E+20,5.61948E+21,1.25152E+16,5.06741E+16
67878,14,5,22,180,2018,5,16,4,3,5,3,0,0,1,0,0,0,0,0,8.0492E+20,5.64826E+21,1.33375E+16,5.09053E+16
67879,14,5,22,80,2018,5,17,3,3,5,2,0,0,1,0,0,0,0,0,7.87419E+20,5.67152E+21,1.31077E+16,5.11229E+16
67880,14,7,29,150,2018,5,9,2,3,5,3,0,0,1,0,0,0,0,0,7.60217E+20,5.65722E+21,1.27095E+16,5.10076E+16
67881,14,7,29,430,2018,6,23,7,3,9,1,2,0,1,0,0,0,0,1,7.32291E+20,5.67775E+21,1.23254E+16,5.12039E+16
67882,14,6,28,230,2018,5,13,3,3,2,6,0,0,1,0,0,1,0,0,8.38042E+20,5.64929E+21,1.38079E+16,5.08961E+16
67883,14,7,13,0,2018,6,15,3,3,2,6,0,0,1,0,0,0,0,0,7.35509E+20,5.69346E+21,1.23818E+16,5.13436E+16
67884,14,6,26,530,2018,5,13,5,3,4,2,0,1,0,0,0,0,1,0,8.94609E+20,5.65778E+21,1.46178E+16,5.09362E+16
67885,14,6,26,110,2018,5,18,3,3,0,7,0,0,0,0,1,1,0,1,9.17639E+20,5.68404E+21,1.49741E+16,5.11549E+16
67886,14,5,21,355,2018,5,17,4,3,2,2,0,0,1,0,0,0,0,0,7.64662E+20,5.60736E+21,1.27369E+16,5.05582E+16
67887,14,6,25,10,2018,5,11,1,2,2,2,0,0,1,0,1,0,0,0,8.51379E+20,5.67014E+21,1.4017E+16,5.1075E+16
67888,14,6,27,30,2018,5,15,1,3,2,6,0,0,1,0,0,0,0,0,8.29938E+20,5.68679E+21,1.37273E+16,5.12369E+16
67889,14,6,27,70,2018,6,13,6,3,2,6,0,0,1,0,0,0,0,0,8.0193E+20,5.68763E+21,1.3328E+16,5.12599E+16
67890,14,6,27,170,2018,5,6,2,3,5,2,0,1,1,0,0,0,0,0,8.18892E+20,5.67955E+21,1.35631E+16,5.11782E+16
67891,14,5,21,620,2018,6,13,2,3,8,1,0,0,1,0,0,0,0,0,7.70081E+20,5.62386E+21,1.28252E+16,5.07037E+16
67892,14,5,11,0,2018,5,6,4,3,3,6,0,0,1,0,0,0,1,0,7.7224E+20,5.63576E+21,1.28645E+16,5.08095E+16
67893,14,6,12,0,2018,5,20,5,3,6,7,0,1,0,1,0,0,0,0,8.31699E+20,5.66774E+21,1.37349E+16,5.10652E+16
67894,14,6,28,410,2018,5,16,6,3,2,6,0,0,1,0,0,0,0,0,8.19113E+20,5.66279E+21,1.35515E+16,5.10279E+16