OBJECTID_1,ULAND,UREGBEZ,UKREIS,UGEMEINDE,UJAHR,UMONAT,USTUNDE,UWOCHENTAG,UKATEGORIE,UART,UTYP1,ULICHTVERH,IstRad,IstPKW,IstFuss,IstKrad,IstGkfz,IstSonstig,STRZUSTAND,LINREFX,LINREFY,XGCSWGS84,YGCSWGS84
68081,14,7,13,0,2018,5,14,7,3,1,2,0,0,1,0,0,0,0,0,7.36062E+20,5.69382E+21,1.23899E+16,5.13466E+16
68082,14,5,24,180,2018,6,11,7,2,5,3,0,1,1,0,0,0,0,0,7.65708E+20,5.64007E+21,1.27751E+16,5.08512E+16
68083,14,7,29,320,2018,4,15,2,2,3,2,0,0,1,0,1,0,0,0,7.37222E+20,5.67328E+21,1.23929E+16,5.11617E+16
68084,14,6,12,0,2018,5,7,4,3,3,6,0,1,0,0,0,0,0,0,8.35825E+20,5.66142E+21,1.37877E+16,5.10061E+16
68085,14,6,27,150,2018,5,13,6,3,5,3,0,1,1,0,0,0,0,0,8.27145E+20,5.67845E+21,1.36798E+16,5.11637E+16
68086,14,5,11,0,2018,5,9,4,3,2,6,0,0,1,0,0,0,0,1,7.76551E+20,5.63812E+21,1.29273E+16,5.08286E+16
68087,14,6,27,30,2018,6,6,2,3,5,3,0,1,1,0,0,0,0,0,8.25058E+20,5.68803E+21,1.36587E+16,5.12508E+16
68088,14,7,13,0,2018,5,13,4,2,4,2,0,0,1,0,0,0,0,0,7.35437E+20,5.69908E+21,1.23844E+16,5.13941E+16
68089,14,5,22,50,2018,5,10,1,2,4,2,0,0,1,0,0,0,0,0,8.04206E+20,5.64138E+21,1.33216E+16,5.08439E+16
68090,14,6,28,70,2018,6,16,6,3,8,1,0,0,0,0,0,0,1,1,8.47727E+20,5.65E+21,1.39458E+16,5.08967E+16
68091,14,5,24,120,2018,5,10,4,3,4,2,0,0,1,0,0,0,0,0,7.61049E+20,5.63398E+21,1.27048E+16,5.07987E+16
68092,14,6,26,180,2018,4,17,2,3,5,3,0,1,0,0,1,0,0,0,9.02408E+20,5.66768E+21,1.47392E+16,5.10195E+16
68093,14,5,11,0,2018,5,18,3,3,5,2,0,0,1,0,0,0,0,0,7.74986E+20,5.63775E+21,1.29049E+16,5.08261E+16
68094,14,7,13,0,2018,5,11,2,2,5,2,0,1,1,0,0,0,0,0,7.32152E+20,5.69247E+21,1.2333E+16,5.1336E+16
68095,14,7,29,70,2018,6,14,7,2,4,2,0,0,1,0,1,0,0,0,7.50845E+20,5.68976E+21,1.25989E+16,5.13038E+16
68096,14,6,12,0,2018,5,9,3,3,0,7,0,0,0,0,0,0,1,0,8.31369E+20,5.66402E+21,1.37268E+16,5.1032E+16
68097,14,6,26,490,2018,6,16,3,2,5,3,0,1,1,0,0,0,0,0,8.83502E+20,5.72433E+21,1.45317E+16,5.15394E+16
68098,14,6,25,190,2018,5,15,3,3,5,3,0,1,1,0,0,0,0,0,8.80528E+20,5.67963E+21,1.44413E+16,5.11413E+16
68099,14,6,26,610,2018,4,16,2,2,5,3,0,0,1,0,0,0,0,0,9.10939E+20,5.66378E+21,1.48558E+16,5.09785E+16
68100,14,6,26,370,2018,5,12,1,2,5,3,0,0,1,0,1,0,0,0,9.06325E+20,5.69844E+21,1.48294E+16,5.12919E+16
68101,14,5,11,0,2018,5,10,3,3,0,2,0,1,1,0,0,0,0,0,7.75507E+20,5.63798E+21,1.29125E+16,5.08279E+16
68102,14,5,22,50,2018,5,10,1,2,2,2,0,0,1,0,1,0,0,0,8.04007E+20,5.64334E+21,1.33205E+16,5.08617E+16
68103,14,6,12,0,2018,6,16,6,3,5,2,0,1,1,0,0,0,0,0,8.33559E+20,5.67031E+21,1.37637E+16,5.10871E+16
68104,14,6,28,130,2018,5,19,2,2,0,7,0,0,0,0,1,0,0,0,8.35138E+20,5.643E+21,1.3761E+16,5.08414E+16
68105,14,5,21,250,2018,6,13,2,2,5,3,0,0,0,0,1,1,0,0,7.92062E+20,5.61762E+21,1.31308E+16,5.06372E+16
68106,14,6,26,85,2018,4,13,2,3,5,3,0,1,1,0,0,0,0,0,8.93028E+20,5.66348E+21,1.46016E+16,5.09884E+16
68107,14,5,21,240,2018,5,6,5,3,8,7,0,0,1,0,0,0,1,1,7.88119E+20,5.62708E+21,1.30826E+16,5.0724E+16
68108,14,6,28,110,2018,5,18,6,2,0,7,1,1,0,0,0,0,0,0,8.23331E+20,5.65977E+21,1.36087E+16,5.09985E+16
68109,14,7,30,170,2018,5,8,4,2,9,1,0,0,1,0,0,0,0,1,7.92522E+20,5.69504E+21,1.31996E+16,5.13313E+16
68110,14,6,28,80,2018,6,21,3,3,8,1,1,0,1,0,0,0,0,0,8.38409E+20,5.65772E+21,1.3821E+16,5.09715E+16
68111,14,6,12,0,2018,5,14,5,3,5,3,0,1,1,0,0,0,0,0,8.34961E+20,5.66217E+21,1.37761E+16,5.10133E+16
68112,14,5,24,330,2018,5,15,1,3,1,6,0,0,1,0,0,0,0,0,7.46735E+20,5.62393E+21,1.24953E+16,5.07147E+16
68113,14,6,26,600,2018,4,14,2,3,4,2,0,1,1,0,0,0,0,0,8.91447E+20,5.72113E+21,1.46421E+16,5.15053E+16
68114,14,5,11,0,2018,5,13,6,2,0,1,0,1,0,0,0,0,0,1,7.76094E+20,5.64162E+21,1.29235E+16,5.08602E+16
68115,14,7,29,160,2018,6,9,4,3,2,6,0,0,1,0,0,0,0,0,7.59509E+20,5.68442E+21,1.27191E+16,5.1252E+16
68116,14,6,28,220,2018,5,9,7,3,5,3,0,0,1,0,1,0,0,0,8.34367E+20,5.65462E+21,1.37607E+16,5.0946E+16
68117,14,6,28,270,2018,5,11,1,3,4,2,0,0,1,0,1,0,0,0,8.45894E+20,5.65447E+21,1.39241E+16,5.09379E+16
68118,14,6,25,510,2018,6,15,6,3,2,3,0,0,1,0,1,0,0,0,8.59019E+20,5.67944E+21,1.41349E+16,5.11535E+16
68119,14,6,25,525,2018,5,16,2,3,2,2,0,0,1,0,0,0,0,0,8.8405E+20,5.67322E+21,1.44846E+16,5.10816E+16
68120,14,6,27,200,2018,6,17,2,3,8,6,0,0,1,0,0,0,1,0,8.14776E+20,5.68864E+21,1.35124E+16,5.1262E+16
68121,14,6,26,450,2018,4,18,2,3,8,1,0,0,1,0,0,0,0,0,9.05911E+20,5.67541E+21,1.47976E+16,5.10862E+16
68122,14,6,28,270,2018,5,11,5,2,8,1,0,0,0,0,1,0,0,0,8.49904E+20,5.65329E+21,1.39798E+16,5.09248E+16
68123,14,6,26,530,2018,5,18,6,3,5,3,0,1,1,0,0,0,0,0,8.94628E+20,5.65731E+21,1.46176E+16,5.09321E+16
68124,14,6,12,0,2018,5,7,5,3,5,3,0,1,1,0,0,0,0,0,8.31441E+20,5.66916E+21,1.37325E+16,5.1078E+16
68125,14,6,12,0,2018,6,16,3,3,5,3,0,1,0,0,0,0,1,0,8.31658E+20,5.66779E+21,1.37343E+16,5.10656E+16
68126,14,6,28,150,2018,5,19,5,3,5,3,0,0,1,0,1,0,0,0,8.20515E+20,5.64095E+21,1.35522E+16,5.08314E+16
68127,14,6,12,0,2018,5,11,2,3,5,3,0,1,1,0,0,0,0,0,8.33918E+20,5.67205E+21,1.37704E+16,5.11025E+16
68128,14,6,25,610,2018,4,19,2,2,5,3,0,0,1,0,0,0,0,0,8.95627E+20,5.68765E+21,1.46649E+16,5.12028E+16
68129,14,7,29,50,2018,6,15,3,2,5,3,0,0,1,0,1,0,0,0,7.45712E+20,5.66806E+21,1.25105E+16,5.11113E+16
68130,14,6,26,610,2018,5,21,6,1,6,6,2,0,1,1,0,0,0,0,9.11611E+20,5.65767E+21,1.48584E+16,5.09234E+16
68131,14,5,24,170,2018,6,13,4,3,2,6,0,0,1,0,0,0,0,0,7.42594E+20,5.62166E+21,1.24353E+16,5.06961E+16
68132,14,6,25,60,2018,5,12,7,2,8,1,0,0,0,0,1,0,0,0,8.62186E+20,5.68108E+21,1.41816E+16,5.11662E+16
68133,14,7,13,0,2018,6,3,7,2,5,2,2,1,1,0,0,0,0,0,7.36453E+20,5.693E+21,1.2395E+16,5.1339E+16
68134,14,5,22,290,2018,5,10,6,2,9,7,0,0,1,0,0,0,0,0,7.6958E+20,5.65405E+21,1.28403E+16,5.09748E+16
68135,14,6,27,310,2018,4,5,2,3,5,2,0,0,1,0,0,0,0,0,8.19393E+20,5.67654E+21,1.35676E+16,5.1151E+16
68136,14,5,22,500,2018,5,9,4,3,2,2,0,0,1,0,0,0,1,0,7.86698E+20,5.65658E+21,1.30856E+16,5.09893E+16
68137,14,6,27,60,2018,5,14,6,3,5,2,0,0,1,0,0,0,0,0,8.15215E+20,5.69117E+21,1.35209E+16,5.12844E+16
68138,14,5,24,290,2018,5,8,3,2,1,5,0,0,1,0,0,0,0,0,7.54138E+20,5.64116E+21,1.26119E+16,5.08661E+16
68139,14,6,12,0,2018,6,16,2,3,5,3,0,0,1,0,0,0,0,0,8.31641E+20,5.67088E+21,1.37369E+16,5.10933E+16
68140,14,6,27,130,2018,5,8,4,3,2,6,0,0,1,0,1,0,0,0,7.9963E+20,5.68366E+21,1.32918E+16,5.12255E+16
68141,14,6,26,370,2018,6,20,4,2,1,5,0,1,1,0,0,0,0,0,9.05769E+20,5.69825E+21,1.48213E+16,5.12906E+16
68142,14,7,29,270,2018,5,8,7,3,3,6,0,0,1,0,1,0,0,0,7.25949E+20,5.68691E+21,1.22406E+16,5.12887E+16
68143,14,6,12,0,2018,6,15,6,3,6,4,0,0,1,1,0,0,0,1,8.32161E+20,5.66696E+21,1.37407E+16,5.10579E+16
68144,14,6,25,600,2018,5,10,4,3,5,3,0,1,1,0,0,0,0,0,8.42808E+20,5.67905E+21,1.39036E+16,5.11599E+16
68145,14,6,28,60,2018,4,16,2,3,0,7,0,1,0,0,0,0,0,0,8.26223E+20,5.65068E+21,1.36417E+16,5.09154E+16
68146,14,7,30,330,2018,5,11,2,3,0,7,0,0,1,0,0,0,0,0,7.75549E+20,5.6876E+21,1.29508E+16,5.12729E+16
68147,14,6,25,200,2018,5,22,2,3,5,3,2,0,1,0,0,0,0,0,8.51228E+20,5.6788E+21,1.40233E+16,5.11526E+16
68148,14,6,26,300,2018,6,9,7,3,5,3,0,0,1,0,0,0,0,0,9.11984E+20,5.68272E+21,1.48921E+16,5.11473E+16
68149,14,5,22,360,2018,5,10,3,2,6,2,0,0,1,1,0,0,0,0,7.79005E+20,5.65589E+21,1.29757E+16,5.09869E+16
68150,14,6,25,490,2018,6,15,3,2,9,1,0,0,1,0,0,0,0,0,8.79245E+20,5.69538E+21,1.44396E+16,5.12832E+16
68151,14,6,28,50,2018,5,15,3,1,5,1,0,0,0,0,1,1,0,0,8.31464E+20,5.66147E+21,1.37258E+16,5.1009E+16
68152,14,6,12,0,2018,4,11,2,3,3,6,0,0,1,0,0,1,0,0,8.32174E+20,5.67462E+21,1.37479E+16,5.11265E+16
68153,14,6,28,310,2018,5,11,1,3,6,4,0,0,1,1,0,0,0,0,8.56806E+20,5.65704E+21,1.40813E+16,5.09543E+16
68154,14,5,23,260,2018,5,17,2,2,9,1,0,0,1,0,0,0,0,0,7.30622E+20,5.61027E+21,1.22589E+16,5.05987E+16
68155,14,6,12,0,2018,4,16,2,3,2,1,0,0,1,0,1,0,0,0,8.3125E+20,5.66191E+21,1.37232E+16,5.10131E+16
68156,14,5,24,140,2018,5,13,7,3,9,1,0,0,1,0,0,0,0,0,7.34948E+20,5.62734E+21,1.23308E+16,5.07502E+16
68157,14,5,23,300,2018,6,12,5,2,5,2,0,0,1,0,1,0,0,0,7.24613E+20,5.58925E+21,1.21615E+16,5.04123E+16
68158,14,5,21,380,2018,5,16,2,3,3,2,0,0,0,0,1,0,1,0,7.64472E+20,5.62712E+21,1.27483E+16,5.07356E+16
68159,14,5,23,430,2018,6,4,1,3,9,1,1,0,1,0,0,0,0,0,7.36124E+20,5.60475E+21,1.23331E+16,5.05469E+16
68160,14,6,12,0,2018,4,22,2,3,0,1,2,1,0,0,0,0,0,0,8.32545E+20,5.66765E+21,1.37468E+16,5.10638E+16
68161,14,5,24,80,2018,5,16,4,3,8,1,0,0,0,0,1,0,0,1,7.52425E+20,5.63444E+21,1.25829E+16,5.08066E+16
68162,14,7,13,0,2018,5,17,4,3,4,2,0,1,1,0,0,0,0,1,7.3208E+20,5.69245E+21,1.23319E+16,5.13359E+16
68163,14,5,21,560,2018,6,6,3,3,8,1,0,0,1,0,0,0,0,1,7.84947E+20,5.60505E+21,1.30208E+16,5.05279E+16
68164,14,5,22,120,2018,5,5,5,3,5,3,0,0,1,0,0,0,0,0,7.78696E+20,5.66147E+21,1.29756E+16,5.10371E+16
68165,14,6,25,250,2018,5,18,1,3,2,6,0,0,1,0,1,0,0,0,8.55087E+20,5.69229E+21,1.40916E+16,5.12711E+16
68166,14,5,21,390,2018,4,15,2,3,2,6,0,0,1,0,0,0,0,0,7.93162E+20,5.61915E+21,1.31475E+16,5.06503E+16
68167,14,5,22,80,2018,6,17,4,3,3,6,0,0,1,0,0,1,0,0,7.87792E+20,5.67536E+21,1.31161E+16,5.11572E+16
68168,14,5,21,700,2018,5,11,7,2,9,1,0,0,0,0,1,0,0,0,7.56334E+20,5.60328E+21,1.26167E+16,5.05252E+16
68169,14,7,29,150,2018,6,15,7,2,8,1,0,0,1,0,0,0,0,0,7.58968E+20,5.65602E+21,1.26909E+16,5.09974E+16
68170,14,7,29,10,2018,5,11,5,2,5,3,0,1,1,0,0,0,0,0,7.58171E+20,5.67133E+21,1.26905E+16,5.11351E+16
68171,14,5,21,50,2018,4,21,2,3,2,6,2,0,1,0,0,0,0,0,7.59906E+20,5.61131E+21,1.26726E+16,5.05957E+16
68172,14,7,29,160,2018,5,15,3,2,3,6,0,0,1,0,0,0,0,0,7.60754E+20,5.68509E+21,1.27373E+16,5.12575E+16
68173,14,6,12,0,2018,5,11,6,3,5,3,0,1,1,0,0,0,0,0,8.31662E+20,5.66383E+21,1.37308E+16,5.10301E+16
68174,14,6,25,20,2018,5,13,3,3,3,6,0,1,0,0,0,0,0,0,8.7855E+20,5.68374E+21,1.44174E+16,5.11794E+16
68175,14,7,29,80,2018,6,13,1,3,4,6,0,0,1,0,1,0,0,0,7.66589E+20,5.66831E+21,1.28083E+16,5.11042E+16
68176,14,5,11,0,2018,5,16,4,3,5,3,0,0,1,0,0,0,0,0,7.67953E+20,5.63942E+21,1.28065E+16,5.08443E+16
68177,14,6,12,0,2018,6,12,4,3,0,1,0,1,0,0,0,0,0,0,8.31805E+20,5.66492E+21,1.37338E+16,5.10398E+16
68178,14,6,28,270,2018,5,14,7,3,0,3,0,1,1,0,0,0,0,0,8.45724E+20,5.65665E+21,1.39237E+16,5.09575E+16
68179,14,5,23,320,2018,5,12,5,2,1,7,0,0,1,0,0,0,0,0,7.2613E+20,5.59769E+21,1.21879E+16,5.04875E+16
68180,14,5,22,320,2018,5,16,4,2,5,3,0,0,1,0,0,0,1,0,7.89113E+20,5.63591E+21,1.31035E+16,5.08026E+16
68181,14,5,11,0,2018,4,12,2,3,2,7,0,0,1,0,0,0,0,0,7.6722E+20,5.6358E+21,1.27935E+16,5.08121E+16
68182,14,6,25,20,2018,5,12,2,3,0,3,0,0,1,0,0,0,0,0,8.82118E+20,5.68732E+21,1.4472E+16,5.12091E+16
68183,14,6,28,370,2018,6,13,7,3,4,2,0,0,1,0,1,0,0,0,8.51243E+20,5.65756E+21,1.40029E+16,5.09623E+16
68184,14,7,30,150,2018,5,11,5,3,5,2,0,0,1,0,1,0,0,0,7.39683E+20,5.70767E+21,1.24512E+16,5.14693E+16
68185,14,5,21,370,2018,4,12,2,2,5,3,0,0,1,0,0,0,0,0,7.64227E+20,5.61495E+21,1.27362E+16,5.06264E+16
68186,14,5,21,370,2018,5,13,4,3,5,3,0,0,1,0,0,0,0,0,7.64119E+20,5.6165E+21,1.27357E+16,5.06404E+16
68187,14,6,12,0,2018,5,18,6,3,3,2,0,0,1,0,1,0,0,0,8.3431E+20,5.66808E+21,1.37723E+16,5.10667E+16
68188,14,7,29,160,2018,5,13,3,3,0,7,0,0,1,0,0,0,1,1,7.65814E+20,5.68204E+21,1.28074E+16,5.12278E+16
68189,14,5,22,330,2018,6,6,2,2,0,1,0,1,0,0,0,0,0,0,7.77938E+20,5.64741E+21,1.2954E+16,5.09113E+16
68190,14,6,27,110,2018,5,10,4,3,3,1,0,0,1,0,0,1,0,0,8.29623E+20,5.70066E+21,1.37356E+16,5.13614E+16
68191,14,6,27,250,2018,6,15,4,3,8,1,0,0,0,0,1,0,0,0,8.3196E+20,5.70004E+21,1.37684E+16,5.13544E+16
68192,14,6,25,20,2018,5,12,7,3,2,6,0,0,1,0,0,0,0,0,8.79217E+20,5.68259E+21,1.44257E+16,5.11687E+16
68193,14,5,24,120,2018,6,4,6,2,8,1,1,0,1,0,0,0,0,0,7.58565E+20,5.63557E+21,1.26707E+16,5.08141E+16
68194,14,6,12,0,2018,5,7,4,3,5,3,0,1,1,0,0,0,0,0,8.29953E+20,5.66497E+21,1.37075E+16,5.10413E+16
68195,14,5,22,260,2018,4,16,2,3,5,3,0,0,1,0,0,0,0,0,7.668E+20,5.64442E+21,1.27938E+16,5.08897E+16
68196,14,7,13,0,2018,5,18,2,3,5,3,0,1,1,0,0,0,0,0,7.36464E+20,5.69641E+21,1.23974E+16,5.13696E+16
68197,14,6,25,40,2018,5,15,2,3,2,6,0,0,1,0,0,1,0,0,8.61485E+20,5.67603E+21,1.41666E+16,5.11214E+16
68198,14,5,22,620,2018,6,22,7,3,0,7,2,0,1,0,0,0,0,1,7.95535E+20,5.67733E+21,1.32281E+16,5.11709E+16
68199,14,5,24,30,2018,5,1,3,3,2,7,2,0,1,0,0,1,0,0,7.39299E+20,5.63688E+21,1.23986E+16,5.08341E+16
68200,14,6,12,0,2018,6,17,3,3,2,2,0,0,1,0,0,0,0,0,8.32081E+20,5.66772E+21,1.37403E+16,5.10648E+16
68201,14,5,21,520,2018,5,20,6,2,0,1,0,0,0,0,1,0,0,0,7.80956E+20,5.6081E+21,1.29669E+16,5.05572E+16
68202,14,5,21,550,2018,5,6,3,2,8,7,0,0,1,0,0,0,0,0,7.65053E+20,5.60266E+21,1.27391E+16,5.05157E+16
68203,14,5,23,160,2018,4,10,1,3,5,3,0,1,1,0,0,0,0,0,7.45901E+20,5.59475E+21,1.24642E+16,5.04532E+16
68204,14,5,21,610,2018,5,22,1,2,9,1,2,0,1,0,0,0,0,0,7.78808E+20,5.61336E+21,1.29406E+16,5.06054E+16
68205,14,6,12,0,2018,5,13,6,3,5,3,0,1,1,0,0,0,0,0,8.28062E+20,5.66567E+21,1.36813E+16,5.10487E+16
68206,14,7,13,0,2018,5,11,2,3,5,3,0,1,1,0,0,0,0,0,7.32964E+20,5.69286E+21,1.23449E+16,5.13392E+16
68207,14,5,23,20,2018,4,10,1,3,5,2,0,0,1,0,1,0,0,0,7.38334E+20,5.60006E+21,1.23612E+16,5.05039E+16
68208,14,7,30,20,2018,5,12,7,3,5,3,0,0,1,0,1,0,0,0,7.48132E+20,5.72166E+21,1.25824E+16,5.15913E+16
68209,14,5,24,80,2018,6,14,5,2,5,3,0,0,1,0,1,0,0,0,7.46268E+20,5.63746E+21,1.24978E+16,5.08364E+16
68210,14,7,30,190,2018,5,17,1,3,2,6,0,0,1,0,0,0,1,0,7.64884E+20,5.71328E+21,1.28174E+16,5.15085E+16
68211,14,7,29,270,2018,6,17,1,3,2,6,0,0,1,0,0,0,0,0,7.26508E+20,5.68639E+21,1.22482E+16,5.12838E+16
68212,14,5,23,430,2018,4,13,1,3,8,1,0,0,1,0,0,0,0,0,7.31871E+20,5.60696E+21,1.22745E+16,5.05685E+16
68213,14,7,30,340,2018,5,8,4,3,5,3,0,0,1,0,0,0,0,0,7.27855E+20,5.71126E+21,1.22835E+16,5.15065E+16
68214,14,6,28,270,2018,5,10,6,3,2,6,0,0,1,0,0,0,0,0,8.46243E+20,5.65668E+21,1.39311E+16,5.09575E+16
68215,14,6,26,600,2018,5,5,4,2,3,2,1,0,1,0,0,0,0,1,8.87714E+20,5.72425E+21,1.4592E+16,5.15359E+16
68216,14,7,30,230,2018,6,14,2,3,5,3,0,0,1,0,0,0,0,0,7.84153E+20,5.69278E+21,1.3078E+16,5.13152E+16
68217,14,5,22,540,2018,5,11,5,2,5,3,0,1,0,0,0,1,0,0,7.95212E+20,5.65899E+21,1.32085E+16,5.10066E+16
68218,14,6,28,30,2018,5,11,1,3,2,3,0,0,1,0,1,0,0,0,8.61832E+20,5.65343E+21,1.4149E+16,5.09188E+16
68219,14,6,26,390,2018,6,16,4,3,4,2,0,0,1,0,1,0,0,0,9.02514E+20,5.65992E+21,1.47321E+16,5.09499E+16
68220,14,7,29,10,2018,5,17,6,3,8,1,0,0,0,0,1,0,0,0,7.53896E+20,5.67017E+21,1.26287E+16,5.11267E+16
68221,14,5,23,300,2018,6,8,6,2,2,7,0,0,1,0,0,0,0,0,7.25585E+20,5.58991E+21,1.21756E+16,5.04178E+16
68222,14,6,26,60,2018,5,13,5,3,4,2,0,0,1,0,0,0,1,0,8.81808E+20,5.70506E+21,1.44866E+16,5.13681E+16
68223,14,5,23,30,2018,4,13,1,2,4,1,0,0,1,0,0,0,0,0,7.35361E+20,5.57187E+21,1.23017E+16,5.0252E+16
68224,14,6,27,230,2018,5,15,3,3,5,3,0,1,1,0,0,0,0,0,7.98793E+20,5.69349E+21,1.3288E+16,5.13141E+16
68225,14,6,28,410,2018,5,18,6,2,5,3,0,0,1,0,0,0,0,0,8.22294E+20,5.66406E+21,1.35978E+16,5.10375E+16
68226,14,6,28,270,2018,5,10,3,1,3,3,0,1,0,0,0,1,0,0,8.4593E+20,5.65919E+21,1.39291E+16,5.09801E+16
68227,14,5,21,110,2018,5,16,7,3,4,6,0,0,1,0,1,0,0,0,7.74814E+20,5.59575E+21,1.28713E+16,5.04493E+16
68228,14,7,29,160,2018,6,14,1,1,5,3,0,0,1,0,0,0,0,0,7.58118E+20,5.68212E+21,1.26975E+16,5.1232E+16
68229,14,7,29,400,2018,5,8,3,3,5,3,0,0,1,0,0,0,0,0,7.62664E+20,5.68904E+21,1.27676E+16,5.1292E+16
68230,14,5,22,520,2018,6,20,4,2,9,1,0,0,1,0,0,0,0,0,8.12866E+20,5.62568E+21,1.34309E+16,5.06986E+16
68231,14,6,27,100,2018,5,14,7,3,2,6,0,0,1,0,0,0,1,0,8.18835E+20,5.66649E+21,1.35508E+16,5.10612E+16
68232,14,7,30,230,2018,5,17,5,3,4,2,0,0,1,0,0,0,0,0,7.85363E+20,5.6898E+21,1.30929E+16,5.12879E+16
68233,14,5,23,280,2018,5,14,3,2,5,3,0,0,1,0,0,0,0,0,7.36534E+20,5.61774E+21,1.23471E+16,5.06634E+16
68234,14,5,23,340,2018,4,2,1,3,6,4,2,0,1,1,0,0,0,0,7.33839E+20,5.6137E+21,1.23065E+16,5.06282E+16
68235,14,5,22,430,2018,5,17,2,2,8,1,0,0,0,0,1,0,0,0,7.99571E+20,5.64769E+21,1.32612E+16,5.0903E+16
68236,14,5,21,590,2018,5,7,2,3,2,6,0,0,1,0,0,0,0,0,7.6666E+20,5.62301E+21,1.27763E+16,5.06977E+16
68237,14,7,13,0,2018,6,10,6,3,2,6,0,0,1,0,0,1,0,0,7.28515E+20,5.69325E+21,1.22814E+16,5.13445E+16
68238,14,7,13,0,2018,5,15,2,3,2,2,0,0,1,0,0,0,0,0,7.34778E+20,5.69353E+21,1.23713E+16,5.13444E+16
68239,14,7,30,110,2018,6,6,2,1,4,6,0,0,1,0,0,1,0,0,7.53257E+20,5.70665E+21,1.26455E+16,5.14543E+16
68240,14,5,24,280,2018,5,9,5,3,8,1,0,0,1,0,0,0,0,1,7.5506E+20,5.6362E+21,1.26215E+16,5.08213E+16
68241,14,5,23,320,2018,5,15,6,2,2,6,0,0,1,0,0,0,0,0,7.19731E+20,5.60283E+21,1.21009E+16,5.05361E+16
68242,14,6,28,190,2018,5,14,5,3,2,2,0,0,1,0,0,1,0,0,8.56165E+20,5.66297E+21,1.4078E+16,5.10078E+16
68243,14,6,28,210,2018,6,11,3,3,1,5,0,1,1,0,0,0,0,0,8.56489E+20,5.65284E+21,1.40727E+16,5.09169E+16
68244,14,6,27,170,2018,5,10,2,3,4,2,0,0,1,0,0,0,0,0,8.17057E+20,5.68092E+21,1.35382E+16,5.11915E+16
68245,14,7,30,230,2018,4,8,1,2,8,1,0,0,1,0,0,0,0,0,7.86197E+20,5.6919E+21,1.31065E+16,5.13063E+16
68246,14,5,23,320,2018,5,13,6,2,3,6,0,0,1,0,0,0,0,0,7.2447E+20,5.5999E+21,1.21659E+16,5.0508E+16
68247,14,6,27,140,2018,6,8,5,2,6,2,0,0,1,1,0,0,0,0,8.12745E+20,5.67722E+21,1.34734E+16,5.11608E+16
68248,14,5,24,10,2018,5,16,7,2,2,6,0,0,1,0,1,0,0,0,7.58016E+20,5.63037E+21,1.26593E+16,5.07676E+16
68249,14,5,23,320,2018,6,18,7,3,2,7,0,0,1,0,0,0,0,0,7.25735E+20,5.59883E+21,1.21831E+16,5.04979E+16
68250,14,7,29,160,2018,4,15,1,3,6,6,0,0,1,1,0,0,0,0,7.60959E+20,5.68364E+21,1.27392E+16,5.12444E+16
68251,14,6,12,0,2018,5,18,4,3,6,4,0,0,1,1,0,0,1,0,8.31036E+20,5.66544E+21,1.37233E+16,5.10449E+16
68252,14,5,22,500,2018,5,16,6,3,2,2,0,0,1,0,1,0,0,0,7.84593E+20,5.65726E+21,1.30562E+16,5.09964E+16
68253,14,6,27,60,2018,5,14,2,3,5,3,0,1,1,0,0,0,0,0,8.1613E+20,5.6923E+21,1.3535E+16,5.12941E+16
68254,14,7,29,150,2018,6,21,7,3,8,1,0,0,1,0,0,0,0,1,7.58498E+20,5.65707E+21,1.2685E+16,5.10071E+16
68255,14,5,24,160,2018,5,13,2,1,4,6,0,0,1,0,0,1,0,0,7.5421E+20,5.62912E+21,1.26046E+16,5.07581E+16
68256,14,5,23,320,2018,6,17,2,3,2,6,0,0,1,0,0,0,0,0,7.19769E+20,5.60278E+21,1.21014E+16,5.05356E+16
68257,14,5,11,0,2018,5,14,6,2,5,3,0,0,1,0,0,0,0,0,7.83144E+20,5.63764E+21,1.30204E+16,5.08212E+16
68258,14,7,29,140,2018,4,14,1,2,5,3,0,0,0,0,1,0,1,0,7.49102E+20,5.65941E+21,1.25529E+16,5.10322E+16
68259,14,6,28,380,2018,5,10,7,3,2,2,0,0,1,0,0,0,0,0,8.53004E+20,5.66473E+21,1.40348E+16,5.10255E+16
68260,14,7,29,80,2018,5,12,5,3,5,3,0,0,1,0,0,0,1,0,7.65186E+20,5.67192E+21,1.2791E+16,5.11373E+16
68261,14,6,25,380,2018,6,7,3,3,5,3,0,0,1,0,1,0,0,1,8.72661E+20,5.67407E+21,1.43236E+16,5.10967E+16
68262,14,6,25,410,2018,5,15,2,3,2,6,0,0,1,0,0,0,0,0,8.52086E+20,5.68169E+21,1.40383E+16,5.11779E+16
68263,14,6,26,400,2018,4,12,1,2,5,3,0,1,1,0,0,0,0,0,9.04218E+20,5.65107E+21,1.47465E+16,5.08696E+16
68264,14,6,12,0,2018,5,12,7,3,5,3,0,1,1,0,0,0,0,0,8.31467E+20,5.66916E+21,1.37329E+16,5.1078E+16
68265,14,7,13,0,2018,6,15,5,3,2,6,0,0,1,0,0,0,0,0,7.2963E+20,5.69796E+21,1.23004E+16,5.13864E+16
68266,14,6,27,220,2018,5,11,1,2,5,3,0,0,1,0,0,0,0,0,8.29786E+20,5.6808E+21,1.37196E+16,5.11833E+16