OBJECTID_1,ULAND,UREGBEZ,UKREIS,UGEMEINDE,UJAHR,UMONAT,USTUNDE,UWOCHENTAG,UKATEGORIE,UART,UTYP1,ULICHTVERH,IstRad,IstPKW,IstFuss,IstKrad,IstGkfz,IstSonstig,STRZUSTAND,LINREFX,LINREFY,XGCSWGS84,YGCSWGS84
69381,14,7,13,0,2018,7,15,4,3,1,5,0,1,1,0,0,0,0,0,7.41856E+20,5.68649E+21,1.2468E+16,5.12783E+16
69382,14,6,27,100,2018,7,16,6,3,2,6,0,0,1,0,0,0,0,0,8.17452E+20,5.66634E+21,1.3531E+16,5.10607E+16
69383,14,5,22,20,2018,7,15,4,2,9,7,0,0,1,0,0,0,0,1,7.85479E+20,5.63782E+21,1.30536E+16,5.08216E+16
69384,14,6,25,430,2018,6,19,6,3,5,3,0,1,0,0,0,0,0,0,8.37763E+20,5.68223E+21,1.38347E+16,5.11914E+16
69385,14,7,29,245,2018,7,11,2,3,0,7,0,1,0,0,1,0,0,0,7.68952E+20,5.701E+21,1.28666E+16,5.13964E+16
69386,14,6,25,240,2018,7,9,2,2,5,3,0,0,0,0,1,1,0,0,8.65829E+20,5.71345E+21,1.42667E+16,5.14537E+16
69387,14,6,25,600,2018,6,16,6,3,2,6,0,0,1,0,0,0,0,0,8.39585E+20,5.68005E+21,1.38586E+16,5.11708E+16
69388,14,6,12,0,2018,7,15,1,3,0,7,0,0,1,0,1,0,0,0,8.32544E+20,5.66764E+21,1.37468E+16,5.10638E+16
69389,14,7,29,40,2018,7,10,7,3,6,2,0,0,1,1,0,0,0,0,7.36656E+20,5.67773E+21,1.23878E+16,5.12019E+16
69390,14,6,25,270,2018,6,16,6,2,5,3,0,0,1,0,0,0,0,0,8.42661E+20,5.69059E+21,1.39125E+16,5.12634E+16
69391,14,6,25,550,2018,6,15,6,3,4,6,0,0,1,0,0,0,0,0,8.45609E+20,5.69834E+21,1.39621E+16,5.1331E+16
69392,14,5,22,80,2018,7,8,7,2,3,2,0,0,1,0,1,0,0,0,7.89335E+20,5.6689E+21,1.31329E+16,5.10985E+16
69393,14,5,11,0,2018,7,15,5,3,5,3,0,0,1,0,0,0,0,0,7.7657E+20,5.63889E+21,1.29282E+16,5.08355E+16
69394,14,5,22,520,2018,7,16,6,3,5,3,0,0,1,0,0,0,0,0,8.11269E+20,5.62753E+21,1.341E+16,5.0716E+16
69395,14,6,26,245,2018,6,6,6,1,8,1,0,0,1,0,0,0,0,0,8.95716E+20,5.66215E+21,1.46382E+16,5.09746E+16
69396,14,6,12,0,2018,7,15,4,3,2,6,0,0,1,0,0,0,0,0,8.36472E+20,5.66034E+21,1.37959E+16,5.09961E+16
69397,14,5,24,110,2018,7,7,5,3,8,1,0,0,1,0,0,0,0,0,7.4265E+20,5.61493E+21,1.24316E+16,5.06356E+16
69398,14,6,28,50,2018,7,14,3,3,5,3,0,0,1,0,0,0,0,0,8.32084E+20,5.65907E+21,1.37324E+16,5.09872E+16
69399,14,6,25,60,2018,6,22,6,3,4,2,2,0,1,0,0,0,0,0,8.59225E+20,5.68183E+21,1.41402E+16,5.11748E+16
69400,14,5,22,440,2018,7,14,7,2,5,2,0,0,1,0,0,0,0,0,7.94096E+20,5.6432E+21,1.31799E+16,5.08655E+16
69401,14,6,27,180,2018,7,14,5,3,9,1,0,0,1,0,0,0,0,1,8.0132E+20,5.6626E+21,1.32983E+16,5.10358E+16
69402,14,6,27,270,2018,7,18,6,2,9,3,0,1,1,0,0,0,0,0,7.95223E+20,5.69732E+21,1.32401E+16,5.13503E+16
69403,14,6,28,80,2018,6,8,6,3,2,6,0,0,1,0,1,0,0,0,8.40922E+20,5.65767E+21,1.38566E+16,5.09695E+16
69404,14,6,27,230,2018,7,11,4,2,5,2,0,0,1,0,1,0,0,0,7.92839E+20,5.69476E+21,1.32039E+16,5.13286E+16
69405,14,5,11,0,2018,7,14,6,3,2,6,0,0,1,0,0,1,0,0,7.7312E+20,5.63562E+21,1.28769E+16,5.08078E+16
69406,14,6,25,140,2018,7,9,3,2,4,6,0,0,1,0,0,0,0,0,8.57578E+20,5.67657E+21,1.41115E+16,5.11287E+16
69407,14,6,27,190,2018,6,16,6,3,8,1,0,0,0,0,1,0,0,0,8.08692E+20,5.68969E+21,1.34264E+16,5.12748E+16
69408,14,6,25,30,2018,7,15,2,3,8,1,0,0,1,0,0,0,0,1,8.55206E+20,5.70148E+21,1.41024E+16,5.13533E+16
69409,14,6,27,210,2018,7,10,2,3,0,1,0,1,0,0,0,0,0,0,8.22015E+20,5.67306E+21,1.36019E+16,5.11183E+16
69410,14,6,12,0,2018,6,9,6,3,4,2,0,1,1,0,0,0,0,0,8.2933E+20,5.67021E+21,1.37034E+16,5.10886E+16
69411,14,5,24,300,2018,7,9,7,2,9,1,0,0,1,0,0,0,0,0,7.42812E+20,5.62734E+21,1.24421E+16,5.0747E+16
69412,14,7,13,0,2018,7,10,7,3,5,3,0,0,1,0,0,0,0,0,7.36574E+20,5.70262E+21,1.24031E+16,5.14253E+16
69413,14,6,12,0,2018,6,9,6,3,5,3,0,1,1,0,0,0,0,0,8.30226E+20,5.66915E+21,1.37152E+16,5.10786E+16
69414,14,6,12,0,2018,6,11,6,3,1,7,0,1,0,0,0,0,1,0,8.36278E+20,5.67783E+21,1.38094E+16,5.11529E+16
69415,14,7,30,310,2018,7,13,6,3,0,7,0,0,0,0,1,0,1,1,7.81032E+20,5.71364E+21,1.30498E+16,5.15038E+16
69416,14,5,24,330,2018,7,14,4,2,1,7,0,0,1,0,0,0,0,0,7.42727E+20,5.62447E+21,1.2439E+16,5.07213E+16
69417,14,5,23,120,2018,7,15,5,2,4,7,0,0,1,0,0,0,0,0,7.39372E+20,5.59745E+21,1.23741E+16,5.04801E+16
69418,14,6,12,0,2018,6,15,6,3,5,3,0,1,0,0,0,0,1,0,8.35233E+20,5.66816E+21,1.37855E+16,5.10668E+16
69419,14,5,23,120,2018,7,11,3,3,6,4,0,0,1,1,0,0,0,0,7.38867E+20,5.59658E+21,1.23665E+16,5.04725E+16
69420,14,5,22,570,2018,7,9,3,2,5,3,0,0,1,0,0,0,0,1,7.84896E+20,5.66412E+21,1.30659E+16,5.10578E+16
69421,14,6,12,0,2018,6,10,6,3,5,3,0,1,1,0,0,0,0,0,8.32324E+20,5.66566E+21,1.37418E+16,5.10462E+16
69422,14,5,22,480,2018,7,14,2,3,5,2,0,1,1,0,0,0,0,0,8.0462E+20,5.66094E+21,1.33439E+16,5.10192E+16
69423,14,6,26,490,2018,7,14,5,3,8,1,0,0,1,0,0,0,0,0,8.83086E+20,5.72171E+21,1.45229E+16,5.15163E+16
69424,14,7,30,230,2018,7,11,1,3,5,3,0,1,1,0,0,0,0,0,7.87116E+20,5.69062E+21,1.31186E+16,5.12944E+16
69425,14,6,27,220,2018,6,6,6,2,2,6,0,0,0,0,0,1,1,0,8.33358E+20,5.67683E+21,1.37668E+16,5.11457E+16
69426,14,6,25,230,2018,7,12,2,3,8,1,0,0,0,0,0,1,1,0,8.89961E+20,5.68426E+21,1.45805E+16,5.11764E+16
69427,14,5,22,250,2018,7,16,2,2,4,2,0,1,1,0,0,0,0,0,7.77936E+20,5.66819E+21,1.29699E+16,5.10977E+16
69428,14,5,22,140,2018,6,7,6,3,2,6,0,0,1,0,0,0,0,0,7.89344E+20,5.64196E+21,1.31116E+16,5.08568E+16
69429,14,7,29,140,2018,7,14,7,2,0,1,0,1,0,0,0,0,0,0,7.48312E+20,5.66176E+21,1.25433E+16,5.10536E+16
69430,14,6,27,310,2018,7,15,7,3,8,1,0,0,0,0,1,0,0,0,8.19011E+20,5.6788E+21,1.35642E+16,5.11714E+16
69431,14,5,21,130,2018,6,17,6,3,8,1,0,0,0,0,1,0,0,0,7.80157E+20,5.60136E+21,1.29506E+16,5.04971E+16
69432,14,5,21,210,2018,6,21,6,3,3,2,0,0,1,0,1,0,0,0,7.77847E+20,5.61559E+21,1.29287E+16,5.06259E+16
69433,14,6,26,180,2018,7,10,6,3,5,3,0,0,1,0,0,0,0,0,9.02397E+20,5.66769E+21,1.47391E+16,5.10196E+16
69434,14,6,26,610,2018,7,7,4,3,5,3,0,1,1,0,0,0,0,0,9.07975E+20,5.65061E+21,1.47991E+16,5.08628E+16
69435,14,7,30,340,2018,7,13,5,2,8,3,0,0,1,0,0,0,1,0,7.24006E+20,5.708E+21,1.2226E+16,5.14787E+16
69436,14,5,11,0,2018,6,14,6,2,5,2,0,0,1,0,0,0,0,0,7.64519E+20,5.63645E+21,1.27557E+16,5.08192E+16
69437,14,6,28,260,2018,7,14,3,2,6,4,0,0,1,1,0,0,0,0,8.67217E+20,5.66621E+21,1.42382E+16,5.10298E+16
69438,14,5,23,370,2018,7,22,2,2,8,1,1,0,1,0,0,0,0,0,7.34693E+20,5.59015E+21,1.23037E+16,5.04164E+16
69439,14,5,24,210,2018,6,6,5,2,2,1,0,0,1,0,0,0,0,0,7.36748E+20,5.63097E+21,1.23586E+16,5.0782E+16
69440,14,7,30,20,2018,7,16,1,2,5,2,0,0,1,0,0,0,0,0,7.48315E+20,5.7233E+21,1.25862E+16,5.16059E+16
69441,14,6,26,110,2018,7,14,1,3,8,1,0,0,1,0,0,0,0,0,9.16295E+20,5.68736E+21,1.49588E+16,5.11856E+16
69442,14,5,23,90,2018,6,18,5,3,4,1,0,0,1,0,0,0,0,1,7.40182E+20,5.59774E+21,1.23857E+16,5.04823E+16
69443,14,6,12,0,2018,7,11,7,3,5,3,0,1,1,0,0,0,0,0,8.3144E+20,5.66915E+21,1.37325E+16,5.10779E+16
69444,14,6,28,260,2018,7,19,5,3,4,1,0,0,1,0,1,0,0,1,8.64939E+20,5.66308E+21,1.42027E+16,5.10032E+16
69445,14,6,25,450,2018,6,14,5,2,6,4,0,0,1,1,0,0,0,0,8.50476E+20,5.68219E+21,1.40159E+16,5.11835E+16
69446,14,7,30,200,2018,7,11,6,3,3,6,0,0,1,0,0,1,0,0,7.82008E+20,5.68361E+21,1.304E+16,5.1234E+16
69447,14,5,23,80,2018,7,14,4,3,8,1,0,0,1,0,0,0,0,0,7.23874E+20,5.58529E+21,1.21488E+16,5.0377E+16
69448,14,6,12,0,2018,7,10,6,3,2,2,0,0,1,0,0,0,0,0,8.32567E+20,5.66603E+21,1.37456E+16,5.10493E+16
69449,14,5,21,110,2018,7,15,4,3,9,1,0,0,1,0,0,0,0,1,7.65346E+20,5.60035E+21,1.27415E+16,5.04949E+16
69450,14,6,26,610,2018,8,13,5,3,5,3,0,1,1,0,0,0,0,0,9.08506E+20,5.65351E+21,1.48098E+16,5.08884E+16
69451,14,6,25,590,2018,7,10,5,3,5,3,0,0,1,0,0,0,0,0,8.74067E+20,5.672E+21,1.43414E+16,5.10773E+16
69452,14,7,29,70,2018,8,6,6,2,5,3,0,0,1,0,0,0,0,0,7.50261E+20,5.69223E+21,1.25923E+16,5.13262E+16
69453,14,6,25,170,2018,7,5,5,2,4,6,0,0,0,0,0,0,1,0,8.5614E+20,5.67325E+21,1.40878E+16,5.10999E+16
69454,14,6,12,0,2018,8,9,4,3,5,3,0,0,1,0,0,0,1,0,8.32279E+20,5.66568E+21,1.37412E+16,5.10463E+16
69455,14,7,13,0,2018,8,15,1,3,0,6,0,0,1,0,0,0,0,0,7.32272E+20,5.70117E+21,1.23404E+16,5.14141E+16
69456,14,5,22,180,2018,8,18,4,3,5,2,0,0,1,0,0,0,0,0,8.06525E+20,5.64864E+21,1.33606E+16,5.09078E+16
69457,14,6,27,70,2018,7,19,5,2,3,6,0,1,0,0,0,0,1,0,7.98276E+20,5.68709E+21,1.32753E+16,5.1257E+16
69458,14,6,25,150,2018,8,15,5,2,2,2,0,0,1,0,1,0,0,0,8.70567E+20,5.68612E+21,1.43062E+16,5.1206E+16
69459,14,5,22,540,2018,7,19,3,2,3,2,0,0,1,0,1,0,0,0,7.9468E+20,5.65788E+21,1.32E+16,5.09969E+16
69460,14,6,27,270,2018,8,9,2,3,0,1,0,1,0,0,0,0,0,0,7.94773E+20,5.6975E+21,1.32338E+16,5.13521E+16
69461,14,6,27,10,2018,7,12,5,3,5,3,0,1,1,0,0,0,0,0,8.16234E+20,5.67477E+21,1.3521E+16,5.11369E+16
69462,14,5,22,470,2018,8,13,7,3,4,6,0,0,1,0,0,0,0,0,8.19254E+20,5.63098E+21,1.35257E+16,5.07427E+16
69463,14,5,21,390,2018,8,0,4,2,9,1,2,0,1,0,0,0,0,0,7.95992E+20,5.61262E+21,1.31822E+16,5.05903E+16
69464,14,5,11,0,2018,7,16,1,3,3,2,0,1,1,0,0,0,0,0,7.70053E+20,5.63731E+21,1.28347E+16,5.08244E+16
69465,14,5,21,150,2018,8,17,6,3,4,6,0,0,1,0,0,0,0,0,7.83887E+20,5.62647E+21,1.30223E+16,5.07206E+16
69466,14,6,27,180,2018,8,5,1,2,9,1,0,0,1,0,0,0,0,0,8.0002E+20,5.66225E+21,1.32795E+16,5.10333E+16
69467,14,6,12,0,2018,7,12,5,3,5,2,0,0,1,0,0,0,1,0,8.31653E+20,5.66431E+21,1.37311E+16,5.10344E+16
69468,14,6,26,600,2018,8,18,5,2,5,3,0,1,0,0,0,0,0,0,8.89897E+20,5.72125E+21,1.462E+16,5.15075E+16
69469,14,5,24,30,2018,8,17,2,3,5,3,0,0,1,0,1,0,0,0,7.39025E+20,5.6352E+21,1.23936E+16,5.08191E+16
69470,14,6,12,0,2018,8,18,5,2,2,6,0,0,1,0,0,1,0,0,8.21483E+20,5.66676E+21,1.35887E+16,5.10621E+16
69471,14,6,12,0,2018,7,20,5,2,7,7,0,1,0,0,0,0,0,0,8.31656E+20,5.66433E+21,1.37311E+16,5.10346E+16
69472,14,6,28,210,2018,8,17,6,2,0,1,0,1,0,0,0,0,0,0,8.57567E+20,5.65346E+21,1.40886E+16,5.09217E+16
69473,14,6,27,100,2018,7,8,5,3,2,6,0,0,1,0,0,0,0,0,8.18942E+20,5.66651E+21,1.35523E+16,5.10613E+16
69474,14,5,23,330,2018,7,12,3,3,1,2,0,0,1,0,0,0,0,0,7.28796E+20,5.60792E+21,1.22317E+16,5.05783E+16
69475,14,5,21,570,2018,8,8,1,3,6,7,0,0,1,1,0,0,0,0,8.14605E+20,5.62043E+21,1.3451E+16,5.06506E+16
69476,14,7,30,270,2018,8,8,3,2,2,6,0,0,1,0,0,1,0,0,7.27834E+20,5.70128E+21,1.22767E+16,5.14169E+16
69477,14,6,12,0,2018,7,11,5,3,5,3,0,1,0,0,0,0,1,0,8.32525E+20,5.66605E+21,1.37451E+16,5.10495E+16
69478,14,5,24,240,2018,8,18,4,2,5,3,0,0,1,0,0,0,0,0,7.4855E+20,5.64465E+21,1.2535E+16,5.09E+16
69479,14,6,25,320,2018,7,15,2,3,5,3,0,0,1,0,0,0,0,0,8.47878E+20,5.67936E+21,1.39761E+16,5.11597E+16
69480,14,5,21,355,2018,8,16,2,3,4,7,0,0,1,0,0,0,1,0,7.64772E+20,5.60735E+21,1.27384E+16,5.0558E+16
69481,14,5,21,710,2018,7,12,5,3,3,2,0,0,1,0,1,0,0,0,7.7105E+20,5.61952E+21,1.28357E+16,5.06643E+16
69482,14,6,25,250,2018,8,14,6,3,4,6,0,0,1,0,0,0,0,0,8.56554E+20,5.69456E+21,1.41148E+16,5.12904E+16
69483,14,7,13,0,2018,8,12,3,3,5,3,0,1,1,0,0,0,0,0,7.3632E+20,5.69244E+21,1.23927E+16,5.1334E+16
69484,14,7,29,190,2018,7,20,7,3,2,6,0,0,1,0,0,0,0,0,7.43441E+20,5.68611E+21,1.24904E+16,5.12742E+16
69485,14,5,24,180,2018,8,19,5,3,5,2,0,1,1,0,0,0,0,0,7.65712E+20,5.64111E+21,1.2776E+16,5.08605E+16
69486,14,5,21,270,2018,7,18,3,3,9,1,0,0,1,0,0,0,0,0,7.91368E+20,5.63185E+21,1.31322E+16,5.07651E+16
69487,14,6,27,100,2018,8,14,2,2,5,3,0,0,1,0,0,0,0,0,8.14912E+20,5.66953E+21,1.34976E+16,5.10907E+16
69488,14,5,21,670,2018,7,6,5,3,2,6,0,0,1,0,0,0,0,0,7.90965E+20,5.62243E+21,1.31191E+16,5.06809E+16
69489,14,5,24,90,2018,8,14,6,2,2,6,0,0,1,0,0,0,1,0,7.56717E+20,5.62079E+21,1.26342E+16,5.06822E+16
69490,14,5,24,80,2018,8,15,3,2,5,3,0,0,1,0,1,0,0,0,7.51158E+20,5.63591E+21,1.2566E+16,5.08203E+16
69491,14,6,12,0,2018,7,16,7,3,2,6,0,0,1,0,0,0,1,0,8.37145E+20,5.66794E+21,1.38125E+16,5.10638E+16
69492,14,5,24,110,2018,7,17,7,2,8,1,0,0,1,0,0,0,0,1,7.45992E+20,5.61649E+21,1.24799E+16,5.06483E+16
69493,14,5,24,120,2018,8,22,6,3,9,1,2,0,1,0,0,0,0,1,7.58494E+20,5.63558E+21,1.26697E+16,5.08142E+16
69494,14,5,22,430,2018,7,15,7,3,0,6,0,1,1,0,0,0,0,0,7.98456E+20,5.6479E+21,1.32455E+16,5.09054E+16
69495,14,6,12,0,2018,8,8,1,2,5,3,0,0,1,0,0,0,0,0,8.32543E+20,5.6669E+21,1.37461E+16,5.10572E+16
69496,14,5,21,495,2018,7,14,5,2,8,1,0,0,0,0,1,0,0,0,7.97796E+20,5.62235E+21,1.32155E+16,5.06766E+16
69497,14,5,22,150,2018,8,9,5,2,6,6,0,0,1,1,0,0,0,0,7.83614E+20,5.64704E+21,1.30343E+16,5.09052E+16
69498,14,7,30,280,2018,8,15,2,3,2,6,0,0,1,0,0,0,0,0,7.37194E+20,5.70906E+21,1.24163E+16,5.14829E+16
69499,14,5,21,240,2018,8,16,5,3,5,3,0,0,1,0,0,0,0,0,7.88875E+20,5.62706E+21,1.30932E+16,5.07234E+16
69500,14,5,22,80,2018,7,7,5,3,0,2,0,1,1,0,0,0,0,0,7.89964E+20,5.67146E+21,1.31439E+16,5.11211E+16
69501,14,6,27,180,2018,8,16,6,3,2,6,0,0,1,0,0,0,0,0,8.05463E+20,5.6645E+21,1.33588E+16,5.10506E+16
69502,14,5,11,0,2018,7,19,5,3,5,3,0,0,1,0,0,0,0,0,7.67712E+20,5.63589E+21,1.28005E+16,5.08128E+16
69503,14,7,13,0,2018,7,16,3,3,3,2,0,0,1,0,0,0,1,0,7.36319E+20,5.69243E+21,1.23927E+16,5.1334E+16
69504,14,7,29,270,2018,8,9,7,3,4,2,0,0,1,0,0,0,0,0,7.24133E+20,5.68856E+21,1.22156E+16,5.13042E+16
69505,14,6,26,180,2018,8,20,3,3,3,6,0,1,1,0,0,0,0,0,9.04341E+20,5.66775E+21,1.47667E+16,5.10188E+16
69506,14,5,22,330,2018,7,8,5,2,8,1,0,0,0,0,0,1,0,0,7.77654E+20,5.64563E+21,1.29487E+16,5.08955E+16
69507,14,7,30,150,2018,8,16,4,2,1,6,0,0,1,0,1,0,0,0,7.40787E+20,5.71061E+21,1.2469E+16,5.14952E+16
69508,14,5,22,310,2018,7,6,2,3,9,1,0,0,1,0,0,0,0,0,7.72245E+20,5.67684E+21,1.28954E+16,5.11781E+16
69509,14,5,22,330,2018,8,14,2,2,8,1,0,0,1,0,0,0,0,0,7.77273E+20,5.64762E+21,1.29448E+16,5.09135E+16
69510,14,5,11,0,2018,7,15,5,3,4,2,0,0,1,0,0,0,0,0,7.76623E+20,5.63798E+21,1.29283E+16,5.08273E+16
69511,14,6,27,140,2018,8,10,6,3,0,1,0,1,0,0,0,0,0,0,8.15391E+20,5.67711E+21,1.35111E+16,5.11583E+16
69512,14,6,26,110,2018,8,14,3,3,2,6,0,0,1,0,0,0,0,0,9.163E+20,5.68192E+21,1.49526E+16,5.11369E+16
69513,14,7,30,190,2018,8,22,5,3,9,1,2,0,1,0,0,0,0,0,7.66566E+20,5.71133E+21,1.28401E+16,5.14902E+16
69514,14,6,28,50,2018,8,0,7,2,8,1,2,0,1,0,0,0,0,0,8.29641E+20,5.65886E+21,1.36975E+16,5.09867E+16
69515,14,7,30,70,2018,8,11,7,3,8,1,0,0,1,0,0,0,0,0,7.29546E+20,5.71319E+21,1.23091E+16,5.15231E+16
69516,14,5,24,330,2018,7,9,4,3,8,1,0,0,1,0,0,0,0,0,7.43533E+20,5.62248E+21,1.24491E+16,5.0703E+16
69517,14,6,25,330,2018,8,8,4,3,9,1,0,0,1,0,0,0,0,0,8.71993E+20,5.71175E+21,1.43532E+16,5.14345E+16
69518,14,6,12,0,2018,8,23,2,2,0,1,2,1,0,0,0,0,0,0,8.31978E+20,5.66764E+21,1.37388E+16,5.10641E+16
69519,14,6,28,80,2018,8,17,4,3,4,1,0,0,0,0,1,0,1,0,8.40672E+20,5.65572E+21,1.38512E+16,5.09522E+16
69520,14,5,24,80,2018,7,8,4,1,5,3,0,1,1,0,0,0,0,0,7.50073E+20,5.63743E+21,1.25517E+16,5.08344E+16
69521,14,7,30,310,2018,8,6,5,2,9,1,0,0,1,0,0,0,0,0,7.8065E+20,5.71419E+21,1.30448E+16,5.1509E+16
69522,14,7,30,210,2018,7,5,4,2,8,1,0,0,1,0,0,0,0,0,7.90471E+20,5.68607E+21,1.31629E+16,5.12519E+16
69523,14,6,28,110,2018,8,19,7,2,6,4,0,0,0,1,0,0,1,0,8.27043E+20,5.66164E+21,1.36631E+16,5.10131E+16
69524,14,5,11,0,2018,8,10,1,2,0,7,0,0,1,0,0,0,0,0,7.71189E+20,5.64054E+21,1.28532E+16,5.08528E+16
69525,14,7,29,40,2018,7,9,4,2,2,6,0,0,1,0,0,1,0,0,7.34371E+20,5.67899E+21,1.23559E+16,5.12141E+16
69526,14,5,22,300,2018,8,21,5,3,6,6,1,0,1,1,0,0,0,0,7.8224E+20,5.66213E+21,1.30265E+16,5.10412E+16
69527,14,6,28,160,2018,8,16,2,3,3,6,0,1,0,0,0,0,1,0,8.41023E+20,5.65844E+21,1.38587E+16,5.09763E+16
69528,14,7,29,40,2018,8,14,4,3,3,6,0,0,1,0,0,0,0,0,7.366E+20,5.68168E+21,1.23896E+16,5.12374E+16
69529,14,7,30,70,2018,7,10,4,2,5,3,0,0,1,0,0,0,1,0,7.37986E+20,5.71642E+21,1.24327E+16,5.15486E+16
69530,14,5,22,330,2018,8,16,6,2,2,6,0,0,1,0,1,0,0,0,7.82502E+20,5.64806E+21,1.30193E+16,5.09149E+16
69531,14,7,13,0,2018,7,8,4,3,4,2,0,0,1,0,0,0,0,0,7.40888E+20,5.69636E+21,1.24608E+16,5.13673E+16
69532,14,6,25,200,2018,7,8,3,3,5,3,0,0,1,0,0,0,1,0,8.55315E+20,5.67894E+21,1.40816E+16,5.11513E+16
69533,14,6,12,0,2018,8,15,3,3,5,2,0,0,1,0,1,0,0,0,8.31128E+20,5.66699E+21,1.37261E+16,5.10587E+16
69534,14,7,13,0,2018,7,19,4,3,2,6,0,0,1,0,0,0,0,0,7.39054E+20,5.69492E+21,1.24335E+16,5.13552E+16
69535,14,7,29,160,2018,8,11,7,3,1,6,0,0,1,0,0,0,0,0,7.58225E+20,5.68556E+21,1.27015E+16,5.12628E+16
69536,14,6,25,300,2018,8,10,4,2,7,7,0,0,1,0,0,0,0,0,8.39801E+20,5.68829E+21,1.38695E+16,5.12445E+16
69537,14,5,24,20,2018,7,12,1,3,3,6,0,1,0,0,0,0,1,0,7.5891E+20,5.63957E+21,1.26784E+16,5.08498E+16
69538,14,7,30,70,2018,8,13,1,3,8,1,0,0,1,0,0,0,0,0,7.35732E+20,5.7162E+21,1.24001E+16,5.15476E+16
69539,14,7,29,40,2018,7,9,4,2,2,6,0,0,1,0,0,1,0,0,7.34337E+20,5.67898E+21,1.23554E+16,5.1214E+16
69540,14,6,27,20,2018,8,23,6,2,4,6,2,0,0,0,1,0,0,0,8.06906E+20,5.68094E+21,1.33933E+16,5.11972E+16
69541,14,6,28,410,2018,8,16,3,3,2,6,0,0,1,0,0,0,0,0,8.20902E+20,5.66399E+21,1.3578E+16,5.10377E+16
69542,14,7,13,0,2018,8,9,5,3,2,6,0,0,1,0,0,0,0,0,7.3394E+20,5.70085E+21,1.23641E+16,5.14105E+16
69543,14,5,23,430,2018,8,11,6,2,5,3,0,0,1,0,1,0,0,0,7.37314E+20,5.60413E+21,1.23494E+16,5.05409E+16
69544,14,6,26,440,2018,8,17,7,3,4,6,0,1,0,0,0,0,0,0,8.99804E+20,5.69586E+21,1.47335E+16,5.12734E+16
69545,14,6,26,590,2018,7,14,4,2,4,1,0,0,1,0,0,0,0,0,8.94116E+20,5.71419E+21,1.46727E+16,5.14414E+16
69546,14,6,12,0,2018,8,14,4,3,0,1,0,1,0,0,0,0,0,0,8.29202E+20,5.67046E+21,1.37018E+16,5.10909E+16
69547,14,7,29,70,2018,8,0,1,2,4,6,2,1,0,0,0,0,0,0,7.49905E+20,5.69247E+21,1.25873E+16,5.13286E+16
69548,14,6,12,0,2018,8,15,4,3,0,6,0,0,1,0,0,0,1,0,8.41852E+20,5.66247E+21,1.38743E+16,5.1012E+16
69549,14,6,25,130,2018,7,12,4,2,0,1,0,1,0,0,0,0,0,0,8.56195E+20,5.68768E+21,1.41028E+16,5.1229E+16
69550,14,6,26,390,2018,8,16,5,3,2,2,0,0,1,0,0,0,0,0,8.99854E+20,5.66251E+21,1.46973E+16,5.0975E+16
69551,14,6,12,0,2018,7,15,3,3,5,3,0,1,0,0,0,0,0,0,8.35774E+20,5.66147E+21,1.3787E+16,5.10066E+16
69552,14,7,30,270,2018,8,15,2,3,5,3,0,0,1,0,0,0,0,0,7.24451E+20,5.69877E+21,1.22266E+16,5.13957E+16
69553,14,6,25,480,2018,7,6,4,3,6,7,0,1,0,1,0,0,0,0,8.44291E+20,5.67466E+21,1.39205E+16,5.11198E+16
69554,14,5,22,210,2018,8,9,7,3,5,3,0,0,1,0,0,0,0,0,8.00269E+20,5.65478E+21,1.32769E+16,5.09662E+16
69555,14,5,22,450,2018,8,17,4,3,1,6,0,0,1,0,1,0,0,0,7.90348E+20,5.68119E+21,1.31572E+16,5.12081E+16
69556,14,6,25,525,2018,7,13,1,3,6,6,0,0,1,1,0,0,0,0,8.84248E+20,5.67277E+21,1.44869E+16,5.10774E+16
69557,14,6,28,270,2018,7,8,3,2,4,1,0,1,0,0,0,0,0,0,8.45387E+20,5.65658E+21,1.39189E+16,5.09571E+16
69558,14,5,24,90,2018,8,8,2,3,5,3,0,0,0,0,1,0,1,0,7.59905E+20,5.62281E+21,1.26807E+16,5.06989E+16
69559,14,6,25,30,2018,7,19,4,3,0,1,0,0,1,0,0,1,0,1,8.53556E+20,5.7045E+21,1.40818E+16,5.13814E+16
69560,14,6,27,260,2018,8,15,7,2,0,3,0,0,1,0,1,0,0,0,7.93896E+20,5.68542E+21,1.32113E+16,5.12443E+16
69561,14,6,12,0,2018,8,15,4,3,3,6,0,1,1,0,0,0,0,0,8.33564E+20,5.67033E+21,1.37638E+16,5.10873E+16
69562,14,7,13,0,2018,7,0,1,3,9,1,2,0,1,0,0,0,0,0,7.26667E+20,5.69343E+21,1.2255E+16,5.13469E+16
69563,14,6,26,610,2018,8,12,1,2,9,1,0,0,0,0,1,0,0,0,9.07784E+20,5.64807E+21,1.47935E+16,5.08402E+16
69564,14,6,25,240,2018,7,8,4,2,5,3,0,1,1,0,0,0,0,0,8.66079E+20,5.71392E+21,1.42707E+16,5.14578E+16
69565,14,5,24,330,2018,8,11,5,3,1,5,0,0,1,0,0,0,0,0,7.42602E+20,5.62433E+21,1.24371E+16,5.07201E+16