OBJECTID_1,ULAND,UREGBEZ,UKREIS,UGEMEINDE,UJAHR,UMONAT,USTUNDE,UWOCHENTAG,UKATEGORIE,UART,UTYP1,ULICHTVERH,IstRad,IstPKW,IstFuss,IstKrad,IstGkfz,IstSonstig,STRZUSTAND,LINREFX,LINREFY,XGCSWGS84,YGCSWGS84
69566,14,6,12,0,2018,8,17,3,3,2,6,0,0,1,0,1,0,0,0,8.31916E+20,5.66928E+21,1.37394E+16,5.10788E+16
69567,14,6,25,525,2018,8,19,5,3,5,3,0,0,1,0,0,0,0,0,8.8004E+20,5.67415E+21,1.44285E+16,5.10926E+16
69568,14,6,26,300,2018,7,14,4,1,4,6,0,0,1,0,0,0,0,0,9.12617E+20,5.68284E+21,1.49013E+16,5.11479E+16
69569,14,5,24,330,2018,7,8,6,3,2,6,0,0,1,0,0,0,1,0,7.47262E+20,5.62341E+21,1.25024E+16,5.07098E+16
69570,14,6,25,250,2018,8,9,6,3,5,3,0,1,1,0,0,0,0,0,8.55741E+20,5.69507E+21,1.41037E+16,5.12955E+16
69571,14,6,28,190,2018,7,10,4,2,8,1,0,0,1,0,0,0,0,0,8.57807E+20,5.65912E+21,1.40975E+16,5.09723E+16
69572,14,6,12,0,2018,8,13,4,3,5,2,0,1,0,0,0,1,0,0,8.35849E+20,5.66137E+21,1.3788E+16,5.10057E+16
69573,14,6,25,600,2018,8,1,1,2,8,1,2,1,0,0,0,0,0,0,8.46565E+20,5.67735E+21,1.39555E+16,5.11425E+16
69574,14,5,23,320,2018,8,7,3,3,2,6,0,0,1,0,0,0,0,0,7.23156E+20,5.59821E+21,1.21464E+16,5.04933E+16
69575,14,6,28,270,2018,7,14,4,3,2,6,0,0,1,0,0,0,1,0,8.46455E+20,5.65574E+21,1.39332E+16,5.09489E+16
69576,14,6,28,60,2018,8,19,5,2,5,3,0,0,1,0,0,0,0,0,8.30544E+20,5.64883E+21,1.37013E+16,5.08964E+16
69577,14,5,21,550,2018,7,13,3,3,4,7,0,0,1,0,0,0,0,0,7.6722E+20,5.6065E+21,1.27723E+16,5.05492E+16
69578,14,6,12,0,2018,8,16,2,2,6,4,0,0,1,1,0,0,0,0,8.30566E+20,5.66453E+21,1.37158E+16,5.1037E+16
69579,14,6,28,270,2018,7,18,4,3,0,1,0,1,0,0,0,0,0,1,8.46553E+20,5.65594E+21,1.39348E+16,5.09507E+16
69580,14,5,23,300,2018,8,23,6,3,9,1,2,1,0,0,0,0,0,0,7.26306E+20,5.58812E+21,1.21846E+16,5.04015E+16
69581,14,5,21,690,2018,8,6,4,2,4,6,0,1,1,0,0,0,0,0,7.88168E+20,5.62771E+21,1.30837E+16,5.07295E+16
69582,14,6,28,50,2018,7,7,7,2,3,6,0,0,1,0,0,0,0,0,8.34235E+20,5.66009E+21,1.37639E+16,5.09951E+16
69583,14,5,23,320,2018,7,10,7,3,1,5,0,1,1,0,0,0,0,0,7.23672E+20,5.5993E+21,1.21543E+16,5.05029E+16
69584,14,5,22,80,2018,8,10,6,3,6,2,0,0,1,1,0,0,0,0,7.87938E+20,5.67125E+21,1.31148E+16,5.11203E+16
69585,14,5,24,170,2018,7,9,6,3,8,7,0,0,1,0,0,0,0,0,7.42644E+20,5.62161E+21,1.24359E+16,5.06956E+16
69586,14,6,12,0,2018,8,23,1,3,3,6,2,0,1,0,0,1,0,0,8.32204E+20,5.67486E+21,1.37486E+16,5.11287E+16
69587,14,6,27,10,2018,7,22,4,3,8,7,2,1,0,0,0,0,0,0,8.20276E+20,5.6745E+21,1.35784E+16,5.11322E+16
69588,14,6,28,110,2018,8,20,5,3,2,6,2,0,1,0,0,0,0,1,8.26564E+20,5.66066E+21,1.36555E+16,5.10046E+16
69589,14,5,24,280,2018,8,10,2,2,6,4,0,1,0,1,0,0,0,0,7.55847E+20,5.63213E+21,1.26298E+16,5.07844E+16
69590,14,6,12,0,2018,8,21,5,3,6,4,2,0,0,1,1,0,0,0,8.32202E+20,5.66772E+21,1.3742E+16,5.10647E+16
69591,14,6,28,130,2018,7,15,4,3,5,3,0,0,1,0,1,0,0,0,8.33709E+20,5.6502E+21,1.37474E+16,5.09068E+16
69592,14,6,28,130,2018,8,15,6,3,5,3,0,0,1,0,0,0,0,1,8.36181E+20,5.64429E+21,1.3777E+16,5.08524E+16
69593,14,6,28,130,2018,7,6,4,3,3,6,0,0,1,0,0,0,0,0,8.38255E+20,5.64593E+21,1.38078E+16,5.08658E+16
69594,14,7,30,270,2018,7,10,3,3,8,7,0,0,1,0,0,0,0,0,7.2429E+20,5.69371E+21,1.22211E+16,5.13503E+16
69595,14,5,11,0,2018,8,17,1,3,2,6,0,0,1,0,0,0,0,0,7.77885E+20,5.64046E+21,1.2948E+16,5.08489E+16
69596,14,6,27,270,2018,7,21,7,2,8,6,2,1,1,0,0,0,0,0,7.9426E+20,5.69602E+21,1.32253E+16,5.13391E+16
69597,14,6,27,10,2018,8,17,1,3,3,2,0,0,1,0,1,0,0,0,8.20456E+20,5.67394E+21,1.35804E+16,5.11271E+16
69598,14,6,12,0,2018,7,11,4,3,0,1,0,1,0,0,0,0,0,0,8.41876E+20,5.66218E+21,1.38743E+16,5.10094E+16
69599,14,7,13,0,2018,8,8,5,3,3,2,0,1,1,0,0,0,0,0,7.33908E+20,5.69695E+21,1.23611E+16,5.13756E+16
69600,14,5,22,140,2018,8,15,3,3,4,6,0,0,1,0,0,0,0,0,7.86712E+20,5.64015E+21,1.30729E+16,5.08419E+16
69601,14,6,12,0,2018,8,0,5,3,5,3,2,0,1,0,0,0,0,0,8.29715E+20,5.66522E+21,1.37044E+16,5.10437E+16
69602,14,6,27,180,2018,7,19,4,3,8,1,0,0,1,0,0,0,0,0,8.052E+20,5.66442E+21,1.3355E+16,5.10501E+16
69603,14,6,25,610,2018,8,14,6,3,4,6,0,0,1,0,0,0,0,0,8.93461E+20,5.68903E+21,1.46355E+16,5.12167E+16
69604,14,6,27,100,2018,7,8,4,2,2,6,0,0,1,0,0,1,0,0,8.19649E+20,5.66659E+21,1.35624E+16,5.10616E+16
69605,14,5,11,0,2018,8,21,4,3,2,6,2,0,1,0,0,0,0,0,7.76738E+20,5.63894E+21,1.29306E+16,5.08359E+16
69606,14,6,28,160,2018,8,15,1,3,3,6,0,0,1,0,1,0,0,0,8.43876E+20,5.6566E+21,1.38975E+16,5.09582E+16
69607,14,7,30,140,2018,8,12,3,3,0,1,0,1,0,0,0,0,0,0,7.46544E+20,5.70185E+21,1.25457E+16,5.14142E+16
69608,14,6,12,0,2018,7,13,4,3,0,6,0,0,1,0,0,0,0,0,8.28848E+20,5.66708E+21,1.36937E+16,5.10609E+16
69609,14,5,21,160,2018,8,14,5,3,4,2,0,0,1,0,0,0,0,0,7.80688E+20,5.61892E+21,1.29713E+16,5.06544E+16
69610,14,7,30,310,2018,7,15,2,3,5,3,0,0,1,0,0,1,0,0,7.77108E+20,5.7161E+21,1.29953E+16,5.15279E+16
69611,14,5,22,110,2018,8,4,2,3,3,2,1,0,0,0,1,0,1,0,8.00739E+20,5.63848E+21,1.32702E+16,5.08198E+16
69612,14,6,27,60,2018,7,16,4,2,5,3,0,1,1,0,0,0,0,0,8.15691E+20,5.69177E+21,1.35282E+16,5.12895E+16
69613,14,7,13,0,2018,8,9,6,3,2,6,0,0,1,0,0,1,0,0,7.36668E+20,5.69557E+21,1.23998E+16,5.1362E+16
69614,14,7,30,120,2018,8,13,3,2,5,3,0,0,1,0,1,0,0,0,7.76192E+20,5.72433E+21,1.29886E+16,5.16022E+16
69615,14,6,28,80,2018,7,2,7,3,1,1,2,0,1,0,0,0,0,0,8.40864E+20,5.65737E+21,1.38555E+16,5.09669E+16
69616,14,7,30,30,2018,7,12,7,3,8,1,0,0,0,0,1,0,0,0,7.79618E+20,5.72517E+21,1.30386E+16,5.1608E+16
69617,14,5,24,300,2018,8,15,5,3,2,6,0,0,1,0,0,0,0,0,7.38559E+20,5.62594E+21,1.2381E+16,5.07362E+16
69618,14,5,21,180,2018,8,12,1,3,0,6,0,0,1,0,1,0,0,0,7.73388E+20,5.61465E+21,1.28652E+16,5.06195E+16
69619,14,5,22,35,2018,7,15,4,3,5,3,0,0,1,0,0,0,0,0,8.11769E+20,5.64789E+21,1.34343E+16,5.08983E+16
69620,14,5,22,240,2018,8,16,5,3,5,2,0,0,1,0,1,0,0,0,8.10642E+20,5.65535E+21,1.34247E+16,5.09658E+16
69621,14,6,25,130,2018,8,20,2,3,8,7,1,0,1,0,0,0,0,0,8.58303E+20,5.68724E+21,1.41324E+16,5.12238E+16
69622,14,5,24,30,2018,8,17,4,3,5,3,0,0,1,0,1,0,0,0,7.38805E+20,5.63335E+21,1.23893E+16,5.08026E+16
69623,14,5,21,530,2018,7,20,4,3,5,3,1,0,1,0,0,0,0,0,7.56415E+20,5.61157E+21,1.26236E+16,5.05996E+16
69624,14,6,28,410,2018,8,17,6,3,2,6,0,0,1,0,0,0,0,0,8.14105E+20,5.66598E+21,1.3483E+16,5.10592E+16
69625,14,5,11,0,2018,7,20,4,3,9,1,1,0,0,0,0,0,1,0,7.73536E+20,5.6449E+21,1.28897E+16,5.08909E+16
69626,14,6,26,610,2018,7,19,3,2,5,3,0,0,1,0,0,0,0,0,9.10877E+20,5.66271E+21,1.48537E+16,5.0969E+16
69627,14,6,25,190,2018,8,15,3,2,2,6,0,0,1,0,0,0,0,0,8.80629E+20,5.67779E+21,1.44407E+16,5.11248E+16
69628,14,5,11,0,2018,7,12,4,3,3,2,0,0,1,0,0,0,0,0,7.78778E+20,5.64117E+21,1.29612E+16,5.08549E+16
69629,14,7,29,370,2018,8,7,4,2,2,6,0,0,1,0,0,0,0,0,7.4027E+20,5.67726E+21,1.24391E+16,5.11962E+16
69630,14,5,21,210,2018,7,15,2,3,5,3,0,0,1,0,0,0,0,0,7.78422E+20,5.61562E+21,1.29369E+16,5.06258E+16
69631,14,5,11,0,2018,8,9,2,3,0,7,0,0,0,0,0,0,1,0,7.75062E+20,5.63779E+21,1.2906E+16,5.08264E+16
69632,14,5,24,60,2018,7,16,3,3,4,2,0,0,1,0,1,0,0,0,7.37963E+20,5.62324E+21,1.23708E+16,5.07122E+16
69633,14,7,13,0,2018,8,14,3,3,5,3,0,1,1,0,0,0,0,0,7.41579E+20,5.69679E+21,1.2471E+16,5.13709E+16
69634,14,5,24,330,2018,7,15,3,3,5,3,0,1,0,0,1,0,0,0,7.46137E+20,5.62516E+21,1.24877E+16,5.0726E+16
69635,14,5,24,300,2018,8,9,4,2,5,3,0,0,1,0,0,0,0,0,7.3819E+20,5.62358E+21,1.23743E+16,5.07151E+16
69636,14,6,25,570,2018,7,17,2,1,8,1,0,0,1,0,0,0,0,0,8.7642E+20,5.71739E+21,1.44226E+16,5.14821E+16
69637,14,5,21,30,2018,8,10,2,3,5,3,0,1,1,0,0,0,0,0,7.61526E+20,5.61074E+21,1.26951E+16,5.05899E+16
69638,14,7,30,45,2018,7,12,3,3,0,1,0,0,0,0,1,0,0,0,7.88566E+20,5.7094E+21,1.31546E+16,5.1462E+16
69639,14,6,25,240,2018,8,10,6,3,2,6,0,0,1,0,0,0,1,0,8.65999E+20,5.71081E+21,1.42664E+16,5.143E+16
69640,14,6,26,390,2018,8,15,3,2,2,6,0,0,1,0,0,0,0,0,9.01695E+20,5.66069E+21,1.47214E+16,5.09574E+16
69641,14,7,13,0,2018,7,7,7,3,6,3,0,0,1,1,0,0,0,0,7.36476E+20,5.69302E+21,1.23953E+16,5.13392E+16
69642,14,5,24,30,2018,8,9,5,2,5,2,0,1,1,0,0,0,0,0,7.38506E+20,5.63497E+21,1.23861E+16,5.08173E+16
69643,14,6,12,0,2018,8,9,7,3,2,6,0,0,1,0,0,0,0,0,8.36692E+20,5.6606E+21,1.37992E+16,5.09982E+16
69644,14,5,24,40,2018,8,10,7,3,5,2,0,1,1,0,0,0,0,0,7.49863E+20,5.60755E+21,1.25285E+16,5.05664E+16
69645,14,7,30,160,2018,7,8,3,3,3,6,0,0,1,0,0,0,0,0,7.53886E+20,5.71265E+21,1.26588E+16,5.15079E+16
69646,14,5,24,280,2018,8,10,4,3,5,3,0,0,1,0,0,0,0,0,7.56057E+20,5.6322E+21,1.26328E+16,5.07849E+16
69647,14,6,12,0,2018,8,21,2,2,0,1,2,1,0,0,0,0,0,0,8.29166E+20,5.66514E+21,1.36965E+16,5.10433E+16
69648,14,6,26,290,2018,8,17,4,3,4,6,0,1,0,0,0,0,0,0,8.96159E+20,5.6741E+21,1.46576E+16,5.10813E+16
69649,14,7,29,140,2018,7,7,3,3,0,7,0,0,1,0,0,0,0,0,7.52515E+20,5.66117E+21,1.26027E+16,5.10465E+16
69650,14,5,24,180,2018,8,13,5,3,5,3,0,1,1,0,0,0,0,0,7.66261E+20,5.64056E+21,1.27833E+16,5.08553E+16
69651,14,7,29,160,2018,7,18,3,3,4,2,0,0,1,0,0,0,0,0,7.69382E+20,5.68407E+21,1.28599E+16,5.12443E+16
69652,14,6,25,280,2018,7,9,3,3,5,3,0,1,1,0,0,0,0,0,8.71515E+20,5.69839E+21,1.43324E+16,5.13152E+16
69653,14,6,12,0,2018,8,22,3,3,4,1,2,1,0,0,0,0,0,0,8.32617E+20,5.66665E+21,1.37469E+16,5.10549E+16
69654,14,7,30,160,2018,7,11,3,3,3,6,0,0,1,0,0,0,1,0,7.53076E+20,5.71469E+21,1.26486E+16,5.15265E+16
69655,14,7,30,270,2018,8,8,7,3,5,3,0,1,1,0,0,0,0,0,7.24314E+20,5.69763E+21,1.22239E+16,5.13855E+16
69656,14,6,25,160,2018,8,17,4,3,3,2,0,0,0,0,1,0,0,0,8.81044E+20,5.69227E+21,1.4462E+16,5.12542E+16
69657,14,7,30,70,2018,7,19,1,3,5,3,0,0,1,0,1,0,0,0,7.33557E+20,5.71459E+21,1.23677E+16,5.1534E+16
69658,14,6,26,290,2018,7,22,6,3,6,7,2,1,0,1,0,0,0,0,8.96906E+20,5.67751E+21,1.46719E+16,5.11112E+16
69659,14,6,25,530,2018,7,14,7,3,8,1,0,0,0,0,1,0,0,0,8.65517E+20,5.67483E+21,1.42227E+16,5.11081E+16
69660,14,7,29,10,2018,8,11,1,2,4,6,0,0,1,0,0,0,0,0,7.54699E+20,5.6732E+21,1.26423E+16,5.11535E+16
69661,14,7,30,340,2018,7,15,3,2,4,2,0,0,1,0,0,0,0,0,7.27855E+20,5.71126E+21,1.22835E+16,5.15065E+16
69662,14,5,22,540,2018,8,11,6,3,4,6,0,0,0,0,0,1,0,0,7.93949E+20,5.66364E+21,1.31943E+16,5.10489E+16
69663,14,6,12,0,2018,8,17,3,3,5,3,0,0,1,0,0,0,0,0,8.26458E+20,5.66784E+21,1.36604E+16,5.1069E+16
69664,14,7,29,190,2018,8,16,5,3,4,2,0,0,1,0,1,0,0,0,7.45444E+20,5.689E+21,1.2521E+16,5.12993E+16
69665,14,7,29,430,2018,8,15,6,2,3,6,0,0,1,0,1,0,0,0,7.31509E+20,5.67666E+21,1.23135E+16,5.11944E+16
69666,14,6,27,10,2018,8,17,7,3,2,2,0,0,1,0,1,0,0,0,8.17373E+20,5.67601E+21,1.35383E+16,5.11474E+16
69667,14,7,13,0,2018,7,23,3,3,5,3,2,0,1,0,0,0,0,0,7.30259E+20,5.70115E+21,1.23115E+16,5.14147E+16
69668,14,6,28,100,2018,8,21,4,3,8,1,2,0,1,0,0,0,0,0,8.49473E+20,5.66905E+21,1.39888E+16,5.10663E+16
69669,14,7,29,260,2018,8,21,1,2,2,6,2,0,1,0,0,0,0,0,7.36833E+20,5.6823E+21,1.23933E+16,5.12429E+16
69670,14,6,27,10,2018,8,6,6,2,2,2,0,0,1,0,0,0,0,0,8.24979E+20,5.67671E+21,1.36473E+16,5.11493E+16
69671,14,6,26,180,2018,8,11,3,3,9,6,0,0,1,0,0,1,0,0,9.01874E+20,5.66364E+21,1.47272E+16,5.09837E+16
69672,14,7,29,250,2018,8,16,5,3,2,6,0,0,1,0,0,0,0,0,7.52318E+20,5.69593E+21,1.26244E+16,5.13585E+16
69673,14,5,22,310,2018,8,9,7,2,5,2,0,0,1,0,0,0,0,0,7.77174E+20,5.6794E+21,1.29677E+16,5.11986E+16
69674,14,7,13,0,2018,8,9,7,2,5,3,0,0,1,0,0,0,0,0,7.36162E+20,5.69441E+21,1.23917E+16,5.13518E+16
69675,14,7,29,40,2018,7,18,3,3,0,7,0,0,1,0,1,0,0,0,7.36281E+20,5.68168E+21,1.2385E+16,5.12375E+16
69676,14,6,25,490,2018,8,15,4,3,9,1,0,0,0,0,1,0,0,0,8.80441E+20,5.69802E+21,1.44595E+16,5.1306E+16
69677,14,5,24,80,2018,8,19,1,2,5,3,0,0,1,0,1,0,0,0,7.48348E+20,5.63632E+21,1.25265E+16,5.08252E+16
69678,14,6,28,270,2018,8,7,4,3,3,5,0,0,1,0,0,0,0,0,8.45967E+20,5.65668E+21,1.39272E+16,5.09576E+16
69679,14,7,29,220,2018,7,20,3,2,0,7,1,0,1,0,1,0,0,0,7.4849E+20,5.67381E+21,1.25541E+16,5.11617E+16
69680,14,7,29,410,2018,8,13,5,2,5,3,0,1,1,0,0,0,0,0,7.59612E+20,5.69721E+21,1.27298E+16,5.13667E+16
69681,14,6,26,600,2018,7,12,3,3,3,2,0,1,1,0,0,0,0,0,8.89646E+20,5.72134E+21,1.46165E+16,5.15085E+16
69682,14,6,27,140,2018,7,6,3,2,5,3,0,1,1,0,0,0,0,0,8.14593E+20,5.67807E+21,1.35005E+16,5.11674E+16
69683,14,5,24,80,2018,8,12,2,2,5,3,0,0,1,0,1,0,0,0,7.50504E+20,5.63733E+21,1.25577E+16,5.08334E+16
69684,14,6,25,20,2018,7,16,3,3,5,3,0,1,1,0,0,0,0,0,8.79981E+20,5.68314E+21,1.44372E+16,5.11731E+16
69685,14,6,28,220,2018,8,19,7,3,6,4,0,0,1,1,0,0,0,0,8.34373E+20,5.65462E+21,1.37608E+16,5.0946E+16
69686,14,6,27,100,2018,8,8,4,3,2,7,0,0,1,0,0,0,0,0,8.19838E+20,5.6666E+21,1.35651E+16,5.10617E+16
69687,14,6,26,10,2018,7,18,1,3,5,3,0,0,1,0,1,0,0,0,8.96902E+20,5.72552E+21,1.47253E+16,5.15408E+16
69688,14,6,25,600,2018,7,20,6,3,0,1,0,1,0,0,0,0,0,0,8.40727E+20,5.67939E+21,1.38742E+16,5.11642E+16
69689,14,6,26,110,2018,8,15,1,2,2,6,0,0,1,0,1,0,0,0,9.17397E+20,5.67412E+21,1.49592E+16,5.10664E+16
69690,14,6,28,240,2018,7,10,3,2,5,3,0,0,1,0,1,0,0,0,8.5273E+20,5.66051E+21,1.40268E+16,5.09878E+16
69691,14,7,29,80,2018,8,10,5,2,3,2,0,1,1,0,0,0,0,0,7.71827E+20,5.67037E+21,1.28845E+16,5.11202E+16
69692,14,6,28,80,2018,8,5,3,2,3,6,0,0,1,0,0,0,0,0,8.37556E+20,5.65813E+21,1.38092E+16,5.09756E+16
69693,14,6,27,260,2018,8,22,5,2,9,1,2,0,1,0,0,0,0,0,7.95329E+20,5.68831E+21,1.32342E+16,5.12695E+16
69694,14,6,27,180,2018,7,16,3,3,2,6,0,0,1,0,0,0,0,0,8.02779E+20,5.66628E+21,1.33221E+16,5.1068E+16
69695,14,7,29,410,2018,7,20,6,2,8,7,2,0,1,0,0,0,0,1,7.68373E+20,5.69503E+21,1.28538E+16,5.13431E+16
69696,14,6,26,580,2018,8,13,6,2,2,7,0,0,1,0,0,0,1,0,9.05666E+20,5.69698E+21,1.48184E+16,5.12793E+16
69697,14,6,12,0,2018,7,17,3,3,4,6,0,1,0,0,0,0,0,0,8.35556E+20,5.66175E+21,1.37842E+16,5.10093E+16
69698,14,5,22,240,2018,8,12,4,3,1,6,0,0,1,0,0,0,0,0,8.10644E+20,5.65536E+21,1.34247E+16,5.09659E+16
69699,14,6,25,600,2018,8,17,1,2,2,6,0,0,1,0,0,0,0,0,8.39585E+20,5.68017E+21,1.38587E+16,5.11719E+16
69700,14,5,23,360,2018,8,7,3,3,8,7,0,0,1,0,0,0,0,0,7.43549E+20,5.60341E+21,1.24368E+16,5.05319E+16
69701,14,6,12,0,2018,7,9,3,3,5,2,0,1,1,0,0,0,0,0,8.34094E+20,5.67321E+21,1.3774E+16,5.11128E+16
69702,14,6,12,0,2018,8,13,5,3,4,1,0,1,0,0,0,0,0,0,8.30489E+20,5.67079E+21,1.37204E+16,5.10931E+16
69703,14,5,21,440,2018,7,20,3,3,0,1,0,0,0,0,1,0,0,0,7.7959E+20,5.59193E+21,1.29356E+16,5.04127E+16
69704,14,6,26,110,2018,7,18,6,2,0,1,0,1,0,0,0,0,0,0,9.17305E+20,5.68002E+21,1.49647E+16,5.11192E+16
69705,14,6,12,0,2018,8,7,2,1,0,7,0,1,1,0,0,0,0,0,8.32147E+20,5.66549E+21,1.37392E+16,5.10447E+16
69706,14,6,12,0,2018,7,8,3,2,5,2,0,0,1,0,0,0,1,0,8.37514E+20,5.65834E+21,1.38088E+16,5.09775E+16
69707,14,5,23,300,2018,8,9,6,3,4,6,0,0,1,0,1,0,0,0,7.24086E+20,5.59096E+21,1.21551E+16,5.04279E+16
69708,14,5,23,320,2018,8,14,3,2,9,7,0,0,1,0,0,0,1,0,7.25242E+20,5.59863E+21,1.2176E+16,5.04963E+16
69709,14,5,21,410,2018,8,12,4,2,6,2,0,0,1,1,0,0,0,0,7.72592E+20,5.63243E+21,1.28671E+16,5.07795E+16
69710,14,6,28,270,2018,7,19,3,2,5,2,0,1,1,0,0,0,0,0,8.46402E+20,5.65817E+21,1.39348E+16,5.09707E+16
69711,14,6,25,300,2018,8,14,5,3,8,1,0,0,1,0,0,0,0,0,8.42801E+20,5.68538E+21,1.39095E+16,5.12166E+16
69712,14,6,12,0,2018,7,15,3,3,5,3,0,1,1,0,0,0,0,0,8.32202E+20,5.66694E+21,1.37413E+16,5.10576E+16
69713,14,6,25,430,2018,8,7,2,3,4,2,0,1,1,0,0,0,0,0,8.37133E+20,5.68009E+21,1.38237E+16,5.11726E+16
69714,14,5,22,390,2018,7,15,3,3,4,6,0,0,1,0,0,0,0,0,8.10258E+20,5.63917E+21,1.34055E+16,5.08209E+16
69715,14,5,22,500,2018,8,13,7,3,9,7,0,0,1,0,0,0,0,0,7.87676E+20,5.65621E+21,1.30992E+16,5.09854E+16
69716,14,5,11,0,2018,8,10,4,3,3,6,0,0,1,0,0,1,0,0,7.76058E+20,5.63811E+21,1.29204E+16,5.08288E+16
69717,14,5,21,30,2018,7,12,1,3,2,2,0,0,1,0,0,0,0,0,7.61666E+20,5.61065E+21,1.2697E+16,5.05891E+16
69718,14,6,25,340,2018,7,14,6,2,9,7,0,0,1,0,0,0,0,0,8.85026E+20,5.69029E+21,1.45167E+16,5.12337E+16
69719,14,5,22,230,2018,8,16,6,3,5,3,0,0,1,0,1,0,0,0,7.89836E+20,5.65544E+21,1.31292E+16,5.09774E+16
69720,14,6,12,0,2018,8,1,1,3,0,1,2,0,1,0,0,0,0,0,8.31659E+20,5.66779E+21,1.37343E+16,5.10656E+16
69721,14,5,22,310,2018,7,7,3,3,1,5,0,0,1,0,0,1,0,0,7.72371E+20,5.67689E+21,1.28972E+16,5.11784E+16
69722,14,6,25,160,2018,8,16,5,3,5,3,0,0,1,0,0,0,0,0,8.81038E+20,5.69205E+21,1.44617E+16,5.12522E+16
69723,14,5,21,180,2018,8,18,3,3,8,1,0,0,0,0,1,0,0,0,7.76344E+20,5.6133E+21,1.29058E+16,5.0606E+16
69724,14,6,12,0,2018,8,16,5,2,5,2,0,1,1,0,0,0,0,0,8.37974E+20,5.66732E+21,1.38237E+16,5.10577E+16
69725,14,5,11,0,2018,7,20,3,3,4,6,0,0,1,0,1,0,0,0,7.68527E+20,5.6391E+21,1.28144E+16,5.08412E+16
69726,14,6,28,360,2018,8,15,6,3,5,3,0,0,1,0,0,0,1,1,8.69233E+20,5.66113E+21,1.42616E+16,5.09831E+16
69727,14,5,11,0,2018,7,7,3,3,2,6,0,0,1,0,0,0,0,0,7.73469E+20,5.63663E+21,1.28826E+16,5.08167E+16
69728,14,5,23,320,2018,7,15,3,2,8,1,0,0,1,0,0,0,0,0,7.21956E+20,5.59645E+21,1.21285E+16,5.04779E+16
69729,14,6,12,0,2018,8,8,1,3,0,1,0,1,0,0,0,0,0,0,8.32785E+20,5.66855E+21,1.37511E+16,5.10718E+16
69730,14,7,29,190,2018,8,11,3,3,2,6,0,0,1,0,0,0,1,0,7.419E+20,5.68458E+21,1.24673E+16,5.12612E+16
69731,14,5,22,500,2018,7,15,3,3,8,1,0,0,1,0,0,0,0,0,7.8776E+20,5.65637E+21,1.31005E+16,5.09868E+16
69732,14,5,22,490,2018,8,14,5,2,5,3,0,0,1,0,0,0,0,0,7.66173E+20,5.66201E+21,1.27978E+16,5.10478E+16
69733,14,7,13,0,2018,7,15,2,2,3,6,0,0,1,0,1,0,0,0,7.36624E+20,5.69211E+21,1.23968E+16,5.13309E+16
69734,14,6,28,270,2018,7,14,6,2,0,1,0,1,0,0,0,0,0,1,8.47189E+20,5.6566E+21,1.39445E+16,5.09562E+16
69735,14,5,22,80,2018,8,7,2,2,0,1,0,0,0,0,1,0,0,0,7.7981E+20,5.6702E+21,1.29982E+16,5.11148E+16
69736,14,5,11,0,2018,7,18,3,2,3,6,0,0,1,0,0,1,0,0,7.72031E+20,5.64123E+21,1.28656E+16,5.08587E+16
69737,14,7,29,70,2018,8,15,6,2,2,6,0,0,1,0,0,0,1,0,7.46628E+20,5.6889E+21,1.25379E+16,5.12979E+16
69738,14,7,29,245,2018,8,6,3,2,4,2,0,0,1,0,0,0,1,0,7.60375E+20,5.70264E+21,1.27447E+16,5.14151E+16
69739,14,7,13,0,2018,7,14,7,2,8,1,0,0,1,0,0,0,0,0,7.41706E+20,5.69642E+21,1.24726E+16,5.13676E+16
69740,14,6,27,10,2018,7,22,6,2,6,6,2,1,0,1,0,0,0,1,8.23093E+20,5.67736E+21,1.36211E+16,5.11563E+16
69741,14,5,24,230,2018,8,17,5,3,1,6,0,0,1,0,0,0,0,0,7.6316E+20,5.63303E+21,1.2734E+16,5.07892E+16
69742,14,5,11,0,2018,8,11,1,3,2,6,0,0,1,0,0,0,0,0,7.69674E+20,5.64018E+21,1.28314E+16,5.08503E+16
69743,14,5,23,300,2018,7,23,2,3,0,7,2,1,0,0,0,0,0,0,7.24579E+20,5.5892E+21,1.2161E+16,5.04118E+16
69744,14,5,11,0,2018,8,18,5,3,5,3,0,0,1,0,0,0,0,0,7.67712E+20,5.63589E+21,1.28005E+16,5.08128E+16
69745,14,6,27,40,2018,8,15,2,3,8,1,0,0,0,0,0,1,0,0,8.06405E+20,5.69478E+21,1.3398E+16,5.13216E+16
69746,14,5,24,330,2018,8,6,4,3,8,7,0,0,1,0,0,0,0,0,7.44784E+20,5.62444E+21,1.24681E+16,5.07201E+16
69747,14,5,24,20,2018,7,20,2,3,8,1,0,0,1,0,0,0,0,0,7.59249E+20,5.63908E+21,1.26829E+16,5.08452E+16
69748,14,5,23,440,2018,7,2,7,1,9,1,2,0,1,0,0,0,0,0,7.13497E+20,5.58416E+21,1.20024E+16,5.03707E+16
69749,14,5,11,0,2018,8,5,6,2,2,7,1,0,1,0,0,1,0,0,7.70697E+20,5.63967E+21,1.28456E+16,5.08453E+16
69750,14,6,12,0,2018,8,0,1,3,5,3,2,0,1,0,1,0,0,0,8.29707E+20,5.66521E+21,1.37042E+16,5.10436E+16
69751,14,5,24,330,2018,7,11,2,3,3,2,0,0,1,0,0,0,1,0,7.4385E+20,5.62427E+21,1.24547E+16,5.0719E+16