OBJECTID_1,ULAND,UREGBEZ,UKREIS,UGEMEINDE,UJAHR,UMONAT,USTUNDE,UWOCHENTAG,UKATEGORIE,UART,UTYP1,ULICHTVERH,IstRad,IstPKW,IstFuss,IstKrad,IstGkfz,IstSonstig,STRZUSTAND,LINREFX,LINREFY,XGCSWGS84,YGCSWGS84
69752,14,6,12,0,2018,8,2,5,3,2,6,2,0,1,0,0,0,1,0,8.28425E+20,5.66961E+21,1.369E+16,5.10838E+16
69753,14,5,23,160,2018,8,9,2,2,0,7,0,1,0,0,0,0,0,0,7.41507E+20,5.58316E+21,1.2395E+16,5.03509E+16
69754,14,5,21,400,2018,8,13,5,3,5,3,0,0,1,0,1,0,0,0,7.87689E+20,5.61318E+21,1.30657E+16,5.05994E+16
69755,14,5,23,130,2018,7,16,2,2,4,2,0,0,1,0,1,0,0,0,7.39002E+20,5.59349E+21,1.23664E+16,5.04447E+16
69756,14,6,12,0,2018,8,9,6,3,3,2,0,1,0,0,0,0,0,0,8.3537E+20,5.66194E+21,1.37817E+16,5.1011E+16
69757,14,7,30,310,2018,7,15,2,3,5,3,0,0,1,0,0,0,0,0,7.76758E+20,5.71941E+21,1.29929E+16,5.15578E+16
69758,14,7,30,270,2018,7,8,3,3,9,7,0,0,0,0,0,1,0,0,7.22551E+20,5.70232E+21,1.22015E+16,5.14283E+16
69759,14,5,24,330,2018,8,18,7,2,8,1,0,0,0,0,1,0,0,0,7.4327E+20,5.61876E+21,1.24429E+16,5.06698E+16
69760,14,6,26,610,2018,8,14,3,3,4,2,0,0,1,0,1,0,0,0,9.08127E+20,5.65469E+21,1.48058E+16,5.08992E+16
69761,14,7,13,0,2018,7,17,2,3,0,1,0,0,0,0,1,0,0,0,7.36206E+20,5.69381E+21,1.2392E+16,5.13464E+16
69762,14,7,30,20,2018,8,10,4,3,2,6,0,0,1,0,0,0,0,0,7.48107E+20,5.72197E+21,1.25823E+16,5.1594E+16
69763,14,6,12,0,2018,7,20,2,3,5,3,0,1,1,0,0,0,0,0,8.35209E+20,5.66818E+21,1.37852E+16,5.1067E+16
69764,14,6,28,110,2018,7,15,6,3,2,6,0,0,1,0,1,0,0,0,8.26695E+20,5.66092E+21,1.36575E+16,5.10069E+16
69765,14,5,11,0,2018,8,10,2,3,5,3,0,1,1,0,0,0,0,0,7.75003E+20,5.63926E+21,1.29063E+16,5.08396E+16
69766,14,6,27,180,2018,7,3,2,3,8,1,2,0,1,0,0,0,0,0,8.03555E+20,5.66582E+21,1.33328E+16,5.10634E+16
69767,14,6,27,150,2018,8,10,6,2,5,3,0,1,1,0,0,0,0,0,8.28634E+20,5.67341E+21,1.36964E+16,5.11177E+16
69768,14,6,25,580,2018,8,4,3,2,9,1,1,0,1,0,0,0,0,0,8.51032E+20,5.68487E+21,1.40264E+16,5.12071E+16
69769,14,7,30,310,2018,8,12,5,2,5,3,0,1,1,0,0,0,0,0,7.76007E+20,5.71897E+21,1.29818E+16,5.15542E+16
69770,14,6,28,70,2018,8,12,7,2,4,1,0,0,1,0,0,0,1,1,8.48174E+20,5.64942E+21,1.39516E+16,5.08913E+16
69771,14,5,23,280,2018,8,16,7,2,3,6,0,1,0,0,1,0,0,0,7.35887E+20,5.61555E+21,1.23366E+16,5.0644E+16
69772,14,7,29,250,2018,7,15,2,2,5,2,0,0,1,0,0,0,0,0,7.50938E+20,5.69598E+21,1.26046E+16,5.13596E+16
69773,14,7,13,0,2018,8,15,4,3,2,6,0,0,1,0,1,0,0,0,7.28205E+20,5.69033E+21,1.2275E+16,5.13184E+16
69774,14,6,27,290,2018,8,16,2,3,5,3,0,0,1,0,0,0,1,0,8.33501E+20,5.68844E+21,1.37797E+16,5.12496E+16
69775,14,6,25,510,2018,8,7,4,3,9,1,0,0,1,0,0,0,0,0,8.5831E+20,5.68162E+21,1.41269E+16,5.11735E+16
69776,14,6,26,180,2018,7,8,2,3,4,1,0,0,1,0,0,0,1,0,9.05138E+20,5.66838E+21,1.47787E+16,5.10238E+16
69777,14,5,23,430,2018,8,13,5,3,4,2,0,0,1,0,0,0,0,0,7.33679E+20,5.60515E+21,1.22989E+16,5.05515E+16
69778,14,6,26,610,2018,7,16,2,3,5,3,0,1,1,0,0,0,0,0,9.08001E+20,5.65579E+21,1.48052E+16,5.09092E+16
69779,14,6,28,190,2018,7,15,3,3,8,7,0,0,0,0,1,0,0,0,8.58055E+20,5.66033E+21,1.41022E+16,5.0983E+16
69780,14,5,11,0,2018,8,16,3,3,5,3,0,0,1,0,0,0,1,0,7.77071E+20,5.64001E+21,1.29361E+16,5.08453E+16
69781,14,6,25,430,2018,7,8,2,2,0,3,0,1,1,0,0,0,0,0,8.37289E+20,5.68103E+21,1.38268E+16,5.11809E+16
69782,14,6,25,510,2018,8,10,7,3,2,6,0,0,1,0,0,0,0,0,8.57513E+20,5.68159E+21,1.41156E+16,5.11737E+16
69783,14,6,12,0,2018,8,17,4,3,0,1,0,1,0,0,0,0,0,0,8.29218E+20,5.66174E+21,1.36941E+16,5.10128E+16
69784,14,5,21,600,2018,8,5,6,2,5,3,1,0,1,0,1,0,0,0,7.49948E+20,5.60394E+21,1.25273E+16,5.05339E+16
69785,14,6,26,110,2018,7,13,2,2,0,1,0,1,0,0,0,0,0,0,9.18358E+20,5.68203E+21,1.4982E+16,5.11364E+16
69786,14,6,25,10,2018,7,15,3,3,2,6,0,0,1,0,0,0,0,0,8.51367E+20,5.67014E+21,1.40168E+16,5.1075E+16
69787,14,6,27,140,2018,8,15,3,3,4,2,0,1,1,0,0,0,0,0,8.13678E+20,5.67784E+21,1.34873E+16,5.11658E+16
69788,14,6,26,520,2018,7,14,2,3,2,2,0,1,1,0,0,0,0,0,9.14791E+20,5.68513E+21,1.49348E+16,5.11667E+16
69789,14,7,29,160,2018,8,12,7,3,2,7,0,0,1,0,0,0,0,0,7.58459E+20,5.68545E+21,1.27048E+16,5.12617E+16
69790,14,7,13,0,2018,8,15,4,3,5,3,0,1,1,0,0,0,0,0,7.28895E+20,5.69176E+21,1.22858E+16,5.1331E+16
69791,14,5,24,140,2018,7,14,1,3,0,7,0,0,0,0,0,0,1,0,7.32084E+20,5.6264E+21,1.22897E+16,5.0743E+16
69792,14,6,12,0,2018,7,14,6,2,4,2,0,0,0,0,1,0,1,0,8.21917E+20,5.66599E+21,1.35942E+16,5.1055E+16
69793,14,7,30,310,2018,8,3,1,3,8,1,2,1,0,0,0,0,0,0,7.83294E+20,5.71852E+21,1.30862E+16,5.15465E+16
69794,14,6,26,610,2018,7,7,2,2,4,6,0,0,1,0,1,0,0,0,9.08259E+20,5.65102E+21,1.48035E+16,5.08663E+16
69795,14,6,12,0,2018,8,14,6,3,5,2,0,1,1,0,0,0,0,0,8.35637E+20,5.66168E+21,1.37853E+16,5.10086E+16
69796,14,6,27,60,2018,8,9,3,2,4,6,0,0,1,0,0,0,1,0,8.14526E+20,5.69128E+21,1.35112E+16,5.12858E+16
69797,14,7,29,160,2018,8,11,5,3,2,6,0,0,1,0,0,0,0,0,7.61468E+20,5.6852E+21,1.27476E+16,5.12581E+16
69798,14,5,23,450,2018,8,15,6,3,2,6,0,0,1,0,0,1,0,0,7.15895E+20,5.58868E+21,1.20387E+16,5.04104E+16
69799,14,6,25,140,2018,8,18,7,3,4,6,0,0,1,0,0,0,0,0,8.55372E+20,5.67837E+21,1.40819E+16,5.11462E+16
69800,14,6,27,360,2018,7,7,2,2,5,2,0,1,1,0,0,0,0,0,8.02742E+20,5.69664E+21,1.33472E+16,5.13402E+16
69801,14,6,27,60,2018,8,7,4,2,5,3,0,1,1,0,0,0,0,0,8.15903E+20,5.69141E+21,1.35309E+16,5.12862E+16
69802,14,7,13,0,2018,8,20,1,3,5,3,0,0,1,0,0,0,0,0,7.35029E+20,5.70212E+21,1.23806E+16,5.14215E+16
69803,14,6,28,130,2018,8,6,4,3,4,1,0,0,1,0,1,0,0,0,8.35198E+20,5.65033E+21,1.37686E+16,5.09071E+16
69804,14,6,25,480,2018,7,18,2,2,5,3,0,0,1,0,0,0,0,0,8.45674E+20,5.66846E+21,1.39343E+16,5.10633E+16
69805,14,7,13,0,2018,8,9,5,2,0,1,0,0,0,0,1,0,0,0,7.35653E+20,5.69351E+21,1.23838E+16,5.13439E+16
69806,14,6,12,0,2018,7,13,3,3,5,3,0,0,1,0,0,0,0,0,8.29727E+20,5.66421E+21,1.37036E+16,5.10347E+16
69807,14,7,29,160,2018,8,15,2,3,4,1,0,0,0,0,1,0,1,0,7.62208E+20,5.68189E+21,1.27558E+16,5.1228E+16
69808,14,5,22,140,2018,7,7,2,3,2,6,0,0,1,0,0,0,0,0,7.85107E+20,5.64279E+21,1.30522E+16,5.08664E+16
69809,14,5,21,390,2018,8,18,7,3,8,1,0,0,0,0,1,0,0,0,7.9884E+20,5.60897E+21,1.32194E+16,5.05561E+16
69810,14,5,22,530,2018,8,14,4,3,4,1,0,0,1,0,0,0,0,0,7.68954E+20,5.66342E+21,1.28384E+16,5.10592E+16
69811,14,6,25,590,2018,7,14,1,2,8,1,0,0,1,0,0,0,0,0,8.73095E+20,5.67253E+21,1.43281E+16,5.10826E+16
69812,14,6,27,180,2018,7,8,6,2,2,6,0,0,1,0,0,1,0,1,8.01666E+20,5.66264E+21,1.33033E+16,5.1036E+16
69813,14,6,28,260,2018,8,13,1,3,2,7,0,0,1,0,0,0,0,0,8.65157E+20,5.6682E+21,1.42109E+16,5.1049E+16
69814,14,5,22,330,2018,7,20,2,2,0,1,0,1,0,0,0,0,0,0,7.78535E+20,5.64682E+21,1.29621E+16,5.09058E+16
69815,14,7,29,40,2018,8,15,5,3,5,1,0,1,1,0,0,0,0,0,7.36773E+20,5.67757E+21,1.23893E+16,5.12004E+16
69816,14,5,22,330,2018,8,17,3,3,2,2,0,0,1,0,0,0,0,0,7.79621E+20,5.64711E+21,1.29777E+16,5.09078E+16
69817,14,6,27,30,2018,8,18,5,3,5,3,0,1,1,0,0,0,0,0,8.2031E+20,5.68977E+21,1.35925E+16,5.1269E+16
69818,14,5,21,320,2018,7,10,2,3,5,3,0,0,1,0,1,0,0,0,7.63134E+20,5.59381E+21,1.27058E+16,5.04372E+16
69819,14,6,25,380,2018,8,18,6,3,8,1,0,0,1,0,0,0,0,0,8.68874E+20,5.67388E+21,1.42695E+16,5.10975E+16
69820,14,5,22,220,2018,7,14,1,2,3,6,0,0,1,0,0,0,0,0,7.89293E+20,5.67482E+21,1.3137E+16,5.11516E+16
69821,14,6,28,40,2018,7,19,6,2,8,1,0,0,1,0,0,0,0,0,8.43861E+20,5.64974E+21,1.38908E+16,5.08967E+16
69822,14,7,30,30,2018,8,16,1,2,8,1,0,0,1,0,0,0,0,0,7.79471E+20,5.72173E+21,1.30338E+16,5.15772E+16
69823,14,5,11,0,2018,7,9,2,3,6,4,0,0,1,1,0,0,0,0,7.74451E+20,5.63709E+21,1.28968E+16,5.08204E+16
69824,14,5,21,370,2018,8,7,6,2,3,2,0,0,1,0,1,0,0,0,7.64227E+20,5.61495E+21,1.27362E+16,5.06264E+16
69825,14,6,12,0,2018,8,19,3,3,5,2,0,0,1,0,0,0,0,0,8.40644E+20,5.67265E+21,1.38667E+16,5.11039E+16
69826,14,6,26,110,2018,8,16,5,2,6,4,0,0,1,1,0,0,0,0,9.17253E+20,5.68489E+21,1.49696E+16,5.11628E+16
69827,14,5,22,290,2018,7,15,2,2,8,1,0,0,0,0,1,0,0,0,7.74012E+20,5.65284E+21,1.29024E+16,5.09619E+16
69828,14,6,26,610,2018,8,18,6,2,8,1,0,0,1,0,0,0,0,0,9.1075E+20,5.66255E+21,1.48517E+16,5.09677E+16
69829,14,6,25,20,2018,7,10,1,2,8,1,0,0,1,0,0,0,0,0,8.77124E+20,5.68677E+21,1.44003E+16,5.12075E+16
69830,14,6,27,100,2018,8,7,4,3,2,6,0,0,0,0,0,1,0,0,8.19639E+20,5.66658E+21,1.35623E+16,5.10616E+16
69831,14,6,26,85,2018,8,15,1,3,2,6,0,0,1,0,0,0,0,0,8.92277E+20,5.66577E+21,1.45934E+16,5.10094E+16
69832,14,5,21,700,2018,8,13,4,2,6,4,0,0,1,1,0,0,0,0,7.56638E+20,5.60487E+21,1.26221E+16,5.05394E+16
69833,14,6,28,30,2018,7,12,1,2,5,2,0,0,1,0,1,0,0,0,8.61541E+20,5.65361E+21,1.4145E+16,5.09206E+16
69834,14,6,27,140,2018,8,11,5,3,4,2,0,1,0,0,0,0,1,0,8.13678E+20,5.67784E+21,1.34873E+16,5.11658E+16
69835,14,5,21,150,2018,7,9,3,2,9,1,0,0,1,0,0,0,0,0,7.82618E+20,5.62476E+21,1.3003E+16,5.07059E+16
69836,14,6,27,180,2018,7,9,6,2,8,1,0,0,1,0,0,0,0,1,8.04332E+20,5.66413E+21,1.33424E+16,5.1048E+16
69837,14,6,12,0,2018,8,17,2,3,5,3,0,1,1,0,0,0,0,0,8.30146E+20,5.66342E+21,1.37089E+16,5.10273E+16
69838,14,6,12,0,2018,7,10,1,3,0,1,0,1,0,0,0,0,0,0,8.29719E+20,5.66524E+21,1.37044E+16,5.10438E+16
69839,14,5,24,170,2018,8,19,6,3,2,6,0,0,1,0,0,0,0,0,7.43134E+20,5.62051E+21,1.24421E+16,5.06855E+16
69840,14,5,22,430,2018,8,21,4,2,8,1,0,0,1,0,0,0,0,1,7.95278E+20,5.65162E+21,1.32035E+16,5.09405E+16
69841,14,5,22,230,2018,7,12,1,2,5,3,0,0,1,0,1,0,0,0,7.89836E+20,5.65544E+21,1.31292E+16,5.09774E+16
69842,14,5,21,120,2018,7,7,6,3,5,3,0,0,1,0,1,0,0,0,7.76548E+20,5.62763E+21,1.29194E+16,5.07345E+16
69843,14,5,21,10,2018,8,17,6,3,4,1,0,0,1,0,0,0,0,0,7.83887E+20,5.62647E+21,1.30223E+16,5.07206E+16
69844,14,6,28,205,2018,7,15,7,3,8,1,0,0,1,0,0,0,0,1,8.19118E+20,5.65041E+21,1.35407E+16,5.09169E+16
69845,14,6,27,250,2018,8,11,1,2,2,6,0,0,1,0,0,0,0,0,8.28664E+20,5.69696E+21,1.37184E+16,5.13287E+16
69846,14,6,12,0,2018,7,10,1,3,0,1,0,1,0,0,0,0,0,0,8.38049E+20,5.66785E+21,1.38253E+16,5.10624E+16
69847,14,6,28,270,2018,8,12,5,3,8,7,0,0,1,0,0,0,0,0,8.46176E+20,5.66023E+21,1.39336E+16,5.09893E+16
69848,14,5,23,230,2018,8,10,2,3,3,6,0,0,1,0,0,0,1,0,7.29189E+20,5.59067E+21,1.22267E+16,5.04233E+16
69849,14,6,27,230,2018,8,14,5,2,4,6,0,0,1,0,1,0,0,0,7.95573E+20,5.69312E+21,1.32417E+16,5.13125E+16
69850,14,6,27,180,2018,7,20,1,2,3,6,0,0,1,0,0,0,0,0,8.00896E+20,5.66244E+21,1.32921E+16,5.10346E+16
69851,14,6,28,250,2018,8,17,6,2,0,1,0,0,0,0,1,0,0,1,8.42538E+20,5.65133E+21,1.38735E+16,5.09117E+16
69852,14,6,27,220,2018,7,12,1,3,2,6,0,0,1,0,0,0,0,0,8.32139E+20,5.67834E+21,1.37509E+16,5.11599E+16
69853,14,7,13,0,2018,7,6,3,3,5,3,0,1,0,0,0,0,0,0,7.28187E+20,5.69086E+21,1.22751E+16,5.13232E+16
69854,14,5,21,210,2018,8,6,1,3,5,3,0,0,1,0,1,0,0,1,7.77485E+20,5.61532E+21,1.29234E+16,5.06236E+16
69855,14,7,30,10,2018,8,16,3,3,3,2,0,0,1,0,0,0,0,0,7.86718E+20,5.71924E+21,1.31361E+16,5.15512E+16
69856,14,6,12,0,2018,7,13,1,3,2,6,0,0,1,0,0,0,0,0,8.35345E+20,5.67512E+21,1.37936E+16,5.11291E+16
69857,14,5,23,320,2018,8,3,4,3,2,6,2,0,1,0,0,0,0,0,7.25924E+20,5.59657E+21,1.21844E+16,5.04775E+16
69858,14,6,25,410,2018,7,0,2,3,2,6,2,0,1,0,0,0,0,0,8.54797E+20,5.6811E+21,1.40764E+16,5.1171E+16
69859,14,5,21,170,2018,7,14,6,3,2,6,0,0,1,0,0,0,0,0,7.55474E+20,5.60056E+21,1.26028E+16,5.05012E+16
69860,14,5,11,0,2018,7,12,1,3,2,6,0,0,1,0,0,0,0,0,7.72076E+20,5.64129E+21,1.28663E+16,5.08592E+16
69861,14,5,21,550,2018,8,14,4,3,5,7,0,0,1,0,0,0,0,0,7.69418E+20,5.60565E+21,1.28026E+16,5.05407E+16
69862,14,6,28,260,2018,8,17,1,3,5,3,0,0,1,0,0,0,0,0,8.64176E+20,5.67E+21,1.41988E+16,5.10657E+16
69863,14,7,29,270,2018,8,3,3,3,8,1,2,0,1,0,0,0,0,0,7.26852E+20,5.68372E+21,1.22515E+16,5.12597E+16
69864,14,5,21,450,2018,7,18,1,3,5,3,0,1,1,0,0,0,0,0,7.61351E+20,5.62565E+21,1.27031E+16,5.07238E+16
69865,14,5,21,210,2018,8,14,5,2,0,1,0,1,0,0,0,0,0,0,7.78521E+20,5.61563E+21,1.29383E+16,5.06259E+16
69866,14,5,23,20,2018,7,16,2,2,2,6,0,0,1,0,0,0,0,0,7.40795E+20,5.59903E+21,1.23952E+16,5.04937E+16
69867,14,5,23,40,2018,7,16,5,2,5,3,0,0,1,0,0,0,1,0,7.34428E+20,5.57466E+21,1.22904E+16,5.02774E+16
69868,14,5,21,390,2018,8,15,2,2,5,3,0,1,1,0,0,0,0,0,7.94116E+20,5.61905E+21,1.31609E+16,5.06489E+16
69869,14,5,22,570,2018,7,14,1,3,4,6,0,0,1,0,1,0,0,0,7.82219E+20,5.66487E+21,1.30284E+16,5.10658E+16
69870,14,7,30,70,2018,8,19,6,3,4,2,0,0,1,0,0,0,0,0,7.29729E+20,5.71334E+21,1.23118E+16,5.15244E+16
69871,14,5,23,20,2018,8,9,3,3,8,1,0,0,1,0,0,0,0,0,7.4428E+20,5.59747E+21,1.24432E+16,5.04782E+16
69872,14,5,23,340,2018,7,20,7,3,8,1,1,0,1,0,0,0,0,1,7.33789E+20,5.61256E+21,1.23051E+16,5.0618E+16
69873,14,5,23,320,2018,7,14,5,3,4,7,0,0,1,0,0,0,0,0,7.25737E+20,5.59883E+21,1.21831E+16,5.04979E+16
69874,14,5,22,520,2018,8,10,6,2,9,1,0,0,1,0,0,0,0,0,8.13547E+20,5.62602E+21,1.34408E+16,5.07013E+16
69875,14,6,12,0,2018,8,16,1,3,9,1,0,1,0,0,0,0,0,0,8.35163E+20,5.67791E+21,1.37936E+16,5.11542E+16
69876,14,5,21,450,2018,7,3,7,2,2,6,2,0,1,0,0,1,0,0,7.63377E+20,5.62254E+21,1.27295E+16,5.06949E+16
69877,14,5,21,240,2018,8,15,5,2,2,6,0,0,1,0,1,0,0,0,7.88187E+20,5.62408E+21,1.30812E+16,5.0697E+16
69878,14,7,13,0,2018,8,13,2,3,4,2,0,1,1,0,0,0,0,0,7.34229E+20,5.69332E+21,1.23633E+16,5.13428E+16
69879,14,5,24,330,2018,8,13,4,3,3,6,0,1,1,0,0,0,0,0,7.47315E+20,5.63213E+21,1.2509E+16,5.07881E+16
69880,14,5,23,20,2018,7,2,7,1,8,1,2,1,0,0,0,0,0,0,7.38525E+20,5.60215E+21,1.23652E+16,5.05226E+16
69881,14,6,12,0,2018,8,2,6,2,7,6,2,0,1,0,0,0,0,0,8.26295E+20,5.66814E+21,1.36584E+16,5.10718E+16
69882,14,6,25,610,2018,7,12,7,2,8,1,0,0,1,0,0,0,0,0,8.96172E+20,5.68673E+21,1.46716E+16,5.11942E+16
69883,14,7,29,220,2018,7,22,7,3,0,7,2,0,1,0,0,0,0,0,7.47656E+20,5.67168E+21,1.25408E+16,5.11429E+16
69884,14,7,13,0,2018,7,17,3,3,5,3,0,1,1,0,0,0,0,0,7.34945E+20,5.69353E+21,1.23737E+16,5.13444E+16
69885,14,6,26,110,2018,8,15,3,3,6,7,0,0,1,1,0,0,0,0,9.16231E+20,5.68187E+21,1.49516E+16,5.11366E+16
69886,14,7,29,430,2018,7,21,7,3,8,1,2,0,1,0,0,0,0,0,7.2939E+20,5.67861E+21,1.22845E+16,5.12128E+16
69887,14,7,29,410,2018,8,10,4,3,3,6,0,0,1,0,0,1,0,0,7.58963E+20,5.69675E+21,1.27202E+16,5.13629E+16
69888,14,5,21,530,2018,7,16,2,2,0,7,0,0,0,0,1,0,0,0,7.57213E+20,5.6112E+21,1.26346E+16,5.05959E+16
69889,14,5,24,180,2018,7,22,5,2,0,7,2,1,0,0,0,0,0,0,7.6487E+20,5.64095E+21,1.27639E+16,5.08595E+16
69890,14,5,21,700,2018,8,15,2,1,5,3,0,1,1,0,0,0,0,0,7.57023E+20,5.60688E+21,1.26289E+16,5.05573E+16
69891,14,6,25,330,2018,7,2,7,3,0,1,2,0,0,0,1,0,0,0,8.72767E+20,5.70191E+21,1.4354E+16,5.13459E+16
69892,14,6,12,0,2018,8,18,6,3,2,6,0,0,1,0,0,0,0,0,8.35789E+20,5.66897E+21,1.37942E+16,5.10738E+16
69893,14,6,25,630,2018,8,9,3,3,5,3,0,0,1,0,0,0,0,0,8.76711E+20,5.67437E+21,1.43814E+16,5.10967E+16
69894,14,5,11,0,2018,7,15,5,3,5,3,0,0,1,0,1,0,0,0,7.67779E+20,5.6396E+21,1.28042E+16,5.0846E+16
69895,14,7,29,340,2018,8,9,5,3,2,6,0,0,1,0,0,0,0,0,7.54234E+20,5.68386E+21,1.26432E+16,5.12493E+16
69896,14,5,22,470,2018,8,13,7,2,9,1,0,0,1,0,0,0,0,0,8.20498E+20,5.62781E+21,1.35405E+16,5.07136E+16
69897,14,7,29,380,2018,8,18,7,2,6,7,0,0,1,1,0,0,0,0,7.62788E+20,5.70686E+21,1.27825E+16,5.14519E+16
69898,14,6,25,560,2018,7,10,7,3,4,2,0,0,1,0,0,0,1,0,8.79339E+20,5.66989E+21,1.44141E+16,5.10549E+16
69899,14,5,21,260,2018,8,12,2,2,0,7,0,0,0,0,1,0,0,0,7.68314E+20,5.60759E+21,1.27885E+16,5.05586E+16
69900,14,6,28,240,2018,7,11,7,3,4,6,0,0,1,0,0,0,0,0,8.52366E+20,5.65907E+21,1.40203E+16,5.09752E+16
69901,14,6,25,500,2018,8,18,6,3,5,3,0,0,1,0,0,0,0,0,8.65657E+20,5.69394E+21,1.42442E+16,5.12792E+16
69902,14,7,29,160,2018,8,17,3,3,9,1,0,0,1,0,0,0,0,0,7.58413E+20,5.67808E+21,1.26988E+16,5.11956E+16
69903,14,7,29,260,2018,7,18,7,3,2,6,0,0,1,0,0,0,0,0,7.35969E+20,5.686E+21,1.23834E+16,5.12764E+16
69904,14,7,30,310,2018,7,14,5,3,5,3,0,1,1,0,0,0,0,0,7.76739E+20,5.71952E+21,1.29927E+16,5.15587E+16
69905,14,5,24,330,2018,8,7,5,3,2,6,0,0,1,0,0,0,0,0,7.45914E+20,5.62642E+21,1.24854E+16,5.07374E+16
69906,14,6,12,0,2018,8,12,7,3,5,3,0,0,1,0,0,0,0,0,8.3113E+20,5.66979E+21,1.37287E+16,5.10838E+16
69907,14,5,21,460,2018,8,10,1,2,8,1,0,0,0,0,1,0,0,0,8.05139E+20,5.62269E+21,1.33194E+16,5.06759E+16
69908,14,6,28,250,2018,7,13,7,2,8,1,0,0,0,0,1,0,1,0,8.37076E+20,5.6516E+21,1.37964E+16,5.09174E+16
69909,14,5,21,340,2018,8,11,5,3,5,3,0,0,1,0,1,0,0,0,7.85562E+20,5.60489E+21,1.30293E+16,5.05262E+16
69910,14,6,12,0,2018,8,9,2,3,3,6,0,1,0,0,0,0,0,0,8.31224E+20,5.66692E+21,1.37274E+16,5.1058E+16
69911,14,7,13,0,2018,8,18,4,3,4,2,0,0,1,0,0,0,0,0,7.31292E+20,5.69726E+21,1.23238E+16,5.13794E+16
69912,14,5,11,0,2018,7,12,7,2,2,6,0,0,1,0,0,0,1,0,7.71363E+20,5.63731E+21,1.28532E+16,5.08238E+16
69913,14,5,24,300,2018,8,8,5,3,1,6,0,0,1,0,0,0,0,0,7.37901E+20,5.62641E+21,1.2372E+16,5.07407E+16
69914,14,5,24,30,2018,7,16,7,2,9,1,0,0,1,0,0,0,0,0,7.41731E+20,5.63607E+21,1.24325E+16,5.08258E+16
69915,14,6,25,200,2018,7,21,3,2,4,2,2,0,0,0,1,0,0,0,8.49389E+20,5.67691E+21,1.39953E+16,5.11368E+16
69916,14,6,12,0,2018,8,13,3,3,5,2,0,1,1,0,0,1,0,0,8.34666E+20,5.67333E+21,1.37822E+16,5.11135E+16
69917,14,5,24,180,2018,7,16,6,2,4,2,0,0,1,0,0,0,0,0,7.67657E+20,5.64189E+21,1.28041E+16,5.08666E+16
69918,14,7,30,270,2018,8,15,7,2,8,1,0,0,1,0,1,0,0,0,7.30875E+20,5.70472E+21,1.23226E+16,5.14465E+16
69919,14,6,25,310,2018,8,21,4,3,8,1,1,0,1,0,0,0,0,0,8.54672E+20,5.71163E+21,1.41049E+16,5.14445E+16
69920,14,5,23,90,2018,7,0,1,3,3,6,2,1,1,0,0,0,0,0,7.3982E+20,5.59831E+21,1.2381E+16,5.04876E+16
69921,14,6,28,380,2018,7,14,5,3,8,1,0,0,1,0,0,0,0,0,8.53512E+20,5.67121E+21,1.40484E+16,5.10832E+16
69922,14,7,13,0,2018,8,14,1,3,5,3,0,1,1,0,0,0,0,0,7.3551E+20,5.69346E+21,1.23818E+16,5.13436E+16
69923,14,7,29,50,2018,7,19,6,3,2,7,0,0,0,0,1,0,0,0,7.45573E+20,5.67171E+21,1.25111E+16,5.11441E+16
69924,14,5,21,710,2018,8,18,6,3,2,6,0,0,1,0,0,0,0,0,7.68565E+20,5.62159E+21,1.28022E+16,5.0684E+16
69925,14,6,12,0,2018,8,22,3,3,2,2,2,1,1,0,0,0,0,0,8.31069E+20,5.66987E+21,1.37279E+16,5.10846E+16
69926,14,7,30,90,2018,8,21,5,2,9,1,2,0,0,0,0,0,1,0,7.67459E+20,5.72657E+21,1.28645E+16,5.16264E+16
69927,14,7,30,20,2018,8,13,6,3,5,3,0,0,1,0,0,0,0,0,7.48281E+20,5.72206E+21,1.25848E+16,5.15948E+16
69928,14,6,27,140,2018,8,13,7,3,2,6,0,0,1,0,0,0,0,0,8.13729E+20,5.67792E+21,1.34881E+16,5.11665E+16
69929,14,7,30,80,2018,7,16,6,3,5,2,0,0,1,0,0,0,0,0,7.58692E+20,5.70823E+21,1.27247E+16,5.1466E+16
69930,14,6,12,0,2018,8,6,4,3,5,3,0,0,1,0,0,0,0,0,8.36725E+20,5.66062E+21,1.37997E+16,5.09984E+16
69931,14,7,29,160,2018,8,23,1,2,3,6,2,1,0,0,0,0,0,0,7.59723E+20,5.68301E+21,1.27211E+16,5.12392E+16
69932,14,6,12,0,2018,8,5,4,2,5,2,1,0,1,0,0,0,1,0,8.23477E+20,5.66424E+21,1.36148E+16,5.10385E+16
69933,14,6,25,600,2018,7,13,6,3,2,6,0,0,1,0,0,1,0,0,8.45514E+20,5.67924E+21,1.39423E+16,5.116E+16
69934,14,6,25,80,2018,8,7,5,3,4,6,0,0,1,0,0,0,1,0,8.66599E+20,5.68955E+21,1.42531E+16,5.12392E+16
69935,14,6,12,0,2018,7,11,3,3,1,6,0,0,1,0,0,0,0,0,8.31056E+20,5.66418E+21,1.37225E+16,5.10336E+16
69936,14,6,25,240,2018,8,5,4,3,0,3,1,1,1,0,0,0,0,0,8.65825E+20,5.71344E+21,1.42666E+16,5.14537E+16