OBJECTID_1,ULAND,UREGBEZ,UKREIS,UGEMEINDE,UJAHR,UMONAT,USTUNDE,UWOCHENTAG,UKATEGORIE,UART,UTYP1,ULICHTVERH,IstRad,IstPKW,IstFuss,IstKrad,IstGkfz,IstSonstig,STRZUSTAND,LINREFX,LINREFY,XGCSWGS84,YGCSWGS84
70123,14,6,26,610,2018,9,17,7,3,9,1,0,0,1,0,0,0,0,1,9.13479E+20,5.66116E+21,1.48888E+16,5.09533E+16
70124,14,6,12,0,2018,8,20,4,3,5,3,1,1,1,0,0,0,0,0,8.30928E+20,5.6651E+21,1.37215E+16,5.10419E+16
70125,14,5,23,365,2018,9,15,7,3,0,1,0,0,0,0,1,0,0,0,7.11946E+20,5.60073E+21,1.199E+16,5.05201E+16
70126,14,7,13,0,2018,8,15,5,3,3,6,0,0,1,0,1,0,0,0,7.346E+20,5.69347E+21,1.23687E+16,5.1344E+16
70127,14,7,30,100,2018,9,13,2,3,9,1,0,0,1,0,0,0,0,0,7.71107E+20,5.7185E+21,1.29109E+16,5.15523E+16
70128,14,6,26,600,2018,8,13,5,3,5,3,0,1,1,0,0,0,0,0,8.89641E+20,5.72135E+21,1.46165E+16,5.15086E+16
70129,14,7,29,140,2018,9,7,3,3,3,3,1,1,1,0,0,0,0,0,7.5117E+20,5.66236E+21,1.25844E+16,5.10577E+16
70130,14,6,25,230,2018,9,20,5,2,8,1,2,0,0,0,1,0,0,0,8.91896E+20,5.6821E+21,1.46057E+16,5.11557E+16
70131,14,6,26,30,2018,9,12,7,3,6,7,0,0,1,1,0,0,0,0,9.0819E+20,5.67139E+21,1.48254E+16,5.10486E+16
70132,14,6,25,200,2018,8,11,2,3,4,6,0,0,1,0,0,0,0,0,8.538E+20,5.67854E+21,1.40596E+16,5.11487E+16
70133,14,6,25,590,2018,9,10,6,1,4,7,0,0,1,0,0,0,0,0,8.75442E+20,5.66997E+21,1.43588E+16,5.10582E+16
70134,14,6,25,450,2018,8,22,5,2,9,7,2,0,1,0,0,0,0,0,8.50774E+20,5.68402E+21,1.40219E+16,5.11997E+16
70135,14,5,24,330,2018,9,14,4,2,2,6,0,0,1,0,0,0,1,0,7.45587E+20,5.62371E+21,1.24789E+16,5.07133E+16
70136,14,6,25,190,2018,8,10,6,2,0,1,0,1,0,0,0,0,0,0,8.80628E+20,5.67798E+21,1.44409E+16,5.11265E+16
70137,14,6,12,0,2018,9,14,2,3,2,6,0,0,1,0,0,0,0,0,8.30956E+20,5.66655E+21,1.37232E+16,5.10549E+16
70138,14,6,26,610,2018,9,8,2,3,2,2,0,0,1,0,0,0,1,0,9.06309E+20,5.65457E+21,1.47799E+16,5.08994E+16
70139,14,6,25,600,2018,9,16,3,3,2,2,0,0,1,0,0,0,0,0,8.43569E+20,5.67706E+21,1.39125E+16,5.11416E+16
70140,14,6,25,480,2018,9,14,6,3,3,6,0,0,1,0,0,0,0,1,8.43533E+20,5.67403E+21,1.39091E+16,5.11145E+16
70141,14,6,26,30,2018,8,11,7,2,0,7,0,0,0,0,1,0,0,0,9.05432E+20,5.67325E+21,1.47883E+16,5.10672E+16
70142,14,5,24,330,2018,9,16,4,3,2,6,0,0,1,0,0,0,0,0,7.47276E+20,5.62257E+21,1.2502E+16,5.07023E+16
70143,14,6,25,240,2018,8,16,5,3,3,2,0,1,1,0,0,0,0,0,8.65211E+20,5.71251E+21,1.42568E+16,5.14457E+16
70144,14,5,24,330,2018,9,17,3,2,9,1,0,0,0,0,1,0,0,0,7.46007E+20,5.63172E+21,1.24902E+16,5.0785E+16
70145,14,6,28,60,2018,8,15,5,2,8,1,0,0,1,0,0,0,0,1,8.29028E+20,5.65013E+21,1.36809E+16,5.09088E+16
70146,14,7,13,0,2018,9,17,7,3,0,1,1,1,0,0,0,0,0,0,7.34424E+20,5.69339E+21,1.23662E+16,5.13434E+16
70147,14,6,12,0,2018,9,6,3,3,5,2,1,1,1,0,0,0,0,0,8.35527E+20,5.66178E+21,1.37838E+16,5.10095E+16
70148,14,6,25,240,2018,9,9,1,3,4,2,0,0,1,0,0,0,1,1,8.64809E+20,5.7121E+21,1.42507E+16,5.14423E+16
70149,14,7,30,300,2018,8,13,6,3,6,4,0,0,1,1,0,0,0,0,7.41844E+20,5.69698E+21,1.24749E+16,5.13724E+16
70150,14,6,12,0,2018,9,18,2,3,2,2,1,1,1,0,0,0,0,0,8.29777E+20,5.66477E+21,1.37048E+16,5.10396E+16
70151,14,7,29,40,2018,9,17,2,2,4,2,0,0,1,0,1,0,0,0,7.36438E+20,5.68022E+21,1.23863E+16,5.12243E+16
70152,14,7,29,40,2018,9,6,3,2,2,6,2,0,1,0,0,1,0,0,7.36083E+20,5.68017E+21,1.23812E+16,5.1224E+16
70153,14,7,13,0,2018,9,6,6,3,2,6,0,0,1,0,0,0,0,1,7.3599E+20,5.69715E+21,1.23911E+16,5.13765E+16
70154,14,5,24,280,2018,8,22,7,2,4,6,2,0,1,0,0,0,0,0,7.55753E+20,5.63054E+21,1.26274E+16,5.07701E+16
70155,14,5,22,320,2018,9,11,5,3,5,3,0,0,1,0,0,0,0,0,7.94303E+20,5.63632E+21,1.31773E+16,5.08037E+16
70156,14,6,25,150,2018,8,16,5,3,2,6,0,0,1,0,0,0,0,0,8.74342E+20,5.68338E+21,1.43571E+16,5.1179E+16
70157,14,5,21,110,2018,9,18,4,3,4,6,0,0,1,0,1,0,0,0,7.65541E+20,5.60233E+21,1.27457E+16,5.05126E+16
70158,14,6,27,140,2018,8,16,5,3,5,3,0,0,1,0,0,0,0,0,8.1184E+20,5.67493E+21,1.34585E+16,5.11407E+16
70159,14,5,23,450,2018,8,8,6,2,8,1,0,0,1,0,0,0,0,0,7.08956E+20,5.59481E+21,1.19446E+16,5.0468E+16
70160,14,5,24,180,2018,9,13,7,3,5,3,0,0,1,0,1,0,0,0,7.66365E+20,5.64037E+21,1.27847E+16,5.08536E+16
70161,14,6,28,60,2018,9,13,3,3,8,1,0,0,1,0,0,0,0,0,8.30284E+20,5.64093E+21,1.36904E+16,5.08257E+16
70162,14,7,30,30,2018,9,14,1,2,4,6,0,0,1,0,0,0,0,1,7.79928E+20,5.72713E+21,1.30447E+16,5.16255E+16
70163,14,7,29,410,2018,8,19,6,2,5,3,1,1,1,0,0,0,0,0,7.60222E+20,5.69896E+21,1.27399E+16,5.13821E+16
70164,14,6,26,110,2018,9,10,2,3,0,1,0,1,0,0,0,0,0,0,9.1836E+20,5.68442E+21,1.49848E+16,5.11578E+16
70165,14,6,27,20,2018,9,7,5,2,5,3,0,0,1,0,1,0,0,0,8.07676E+20,5.68139E+21,1.34047E+16,5.12009E+16
70166,14,5,23,340,2018,9,9,3,2,2,6,0,0,1,0,0,1,0,0,7.33167E+20,5.6138E+21,1.22971E+16,5.06294E+16
70167,14,6,27,10,2018,8,19,5,3,8,1,0,0,0,0,1,0,0,1,8.21586E+20,5.67575E+21,1.35981E+16,5.11426E+16
70168,14,5,23,160,2018,9,14,4,2,6,2,0,0,0,1,0,0,1,0,7.46678E+20,5.58499E+21,1.24687E+16,5.03652E+16
70169,14,6,25,130,2018,8,15,4,3,8,1,0,0,1,0,0,0,0,0,8.5972E+20,5.68688E+21,1.41523E+16,5.12197E+16
70170,14,6,28,190,2018,9,16,6,3,4,1,0,0,1,0,1,0,0,1,8.58428E+20,5.66015E+21,1.41074E+16,5.09811E+16
70171,14,6,26,610,2018,9,6,6,3,8,1,0,0,1,0,0,0,0,0,9.07378E+20,5.65354E+21,1.47939E+16,5.08895E+16
70172,14,6,12,0,2018,9,13,2,2,9,1,0,0,1,0,0,1,0,0,8.31414E+20,5.67248E+21,1.37352E+16,5.11078E+16
70173,14,6,26,580,2018,9,8,7,3,0,7,0,1,0,0,0,0,0,0,9.05699E+20,5.69746E+21,1.48194E+16,5.12836E+16
70174,14,5,21,340,2018,8,19,4,3,8,1,0,0,1,0,0,0,0,0,7.87432E+20,5.60555E+21,1.30562E+16,5.05312E+16
70175,14,7,29,245,2018,9,23,7,3,0,7,2,0,0,0,1,0,0,0,7.64556E+20,5.70199E+21,1.28043E+16,5.14073E+16
70176,14,6,12,0,2018,8,15,5,3,2,5,0,0,1,0,1,0,1,0,8.36787E+20,5.66056E+21,1.38006E+16,5.09979E+16
70177,14,6,26,410,2018,9,17,2,3,4,6,0,0,1,0,0,1,0,0,8.8492E+20,5.67158E+21,1.44952E+16,5.10663E+16
70178,14,6,12,0,2018,8,17,5,3,2,2,0,0,1,0,0,0,1,0,8.31929E+20,5.66874E+21,1.37391E+16,5.10739E+16
70179,14,6,25,340,2018,9,5,3,3,3,6,2,1,1,0,0,0,0,0,8.91659E+20,5.69494E+21,1.46163E+16,5.12708E+16
70180,14,6,12,0,2018,9,14,5,3,1,5,0,1,1,0,0,0,0,0,8.29467E+20,5.66198E+21,1.36979E+16,5.10148E+16
70181,14,6,28,80,2018,9,11,7,3,2,6,0,0,1,0,0,0,0,0,8.42324E+20,5.65534E+21,1.38743E+16,5.09478E+16
70182,14,6,27,210,2018,8,16,2,3,6,4,0,0,1,1,0,0,0,0,8.2481E+20,5.67193E+21,1.36406E+16,5.11066E+16
70183,14,6,12,0,2018,9,7,6,3,1,6,0,0,1,0,0,0,0,0,8.28544E+20,5.66556E+21,1.3688E+16,5.10474E+16
70184,14,6,12,0,2018,8,15,5,3,5,2,0,1,1,0,0,0,0,0,8.31328E+20,5.66545E+21,1.37275E+16,5.10448E+16
70185,14,7,29,140,2018,9,11,4,3,5,3,0,0,1,0,1,0,0,0,7.49502E+20,5.66216E+21,1.25605E+16,5.10567E+16
70186,14,6,27,60,2018,8,10,6,3,9,1,0,0,1,0,0,0,0,0,8.16314E+20,5.69492E+21,1.35399E+16,5.13175E+16
70187,14,5,24,330,2018,9,14,1,3,5,3,0,0,1,0,1,0,0,0,7.45791E+20,5.62039E+21,1.24796E+16,5.06834E+16
70188,14,6,28,160,2018,9,11,2,2,4,6,0,0,1,0,0,0,1,0,8.43787E+20,5.65664E+21,1.38963E+16,5.09586E+16
70189,14,6,27,200,2018,9,16,3,3,2,6,0,0,1,0,0,0,0,0,8.14565E+20,5.68772E+21,1.35086E+16,5.12539E+16
70190,14,6,27,210,2018,9,7,6,3,5,2,0,0,1,0,0,0,0,0,8.26795E+20,5.67177E+21,1.36688E+16,5.11041E+16
70191,14,5,23,320,2018,8,18,6,3,5,3,0,0,1,0,0,0,1,0,7.23079E+20,5.5965E+21,1.21443E+16,5.0478E+16
70192,14,7,30,360,2018,9,7,4,3,9,1,0,0,1,0,0,0,0,0,7.49568E+20,5.70852E+21,1.25938E+16,5.14727E+16
70193,14,6,12,0,2018,8,6,5,3,5,3,0,1,1,0,0,0,0,0,8.31384E+20,5.66529E+21,1.37281E+16,5.10433E+16
70194,14,6,28,80,2018,8,15,5,1,8,1,0,0,1,0,0,0,0,1,8.4266E+20,5.65437E+21,1.38781E+16,5.09389E+16
70195,14,6,28,80,2018,9,13,7,2,9,1,0,1,0,0,0,0,0,0,8.40818E+20,5.65647E+21,1.3854E+16,5.09588E+16
70196,14,6,12,0,2018,9,6,3,2,5,2,0,0,1,0,0,0,0,0,8.22505E+20,5.67017E+21,1.36063E+16,5.10921E+16
70197,14,6,12,0,2018,9,5,1,3,7,1,1,0,1,0,0,0,0,1,8.21679E+20,5.6668E+21,1.35915E+16,5.10624E+16
70198,14,5,22,540,2018,9,9,2,3,9,1,0,0,1,0,0,0,0,0,7.8941E+20,5.6597E+21,1.31266E+16,5.10159E+16
70199,14,5,24,90,2018,9,14,1,3,9,1,0,0,1,0,1,0,0,1,7.58861E+20,5.62183E+21,1.26652E+16,5.06906E+16
70200,14,6,28,80,2018,8,2,5,2,9,1,2,0,0,0,0,0,1,0,8.41197E+20,5.65676E+21,1.38596E+16,5.09612E+16
70201,14,5,22,180,2018,9,13,5,3,5,3,0,1,1,0,0,0,0,0,8.03931E+20,5.65011E+21,1.3325E+16,5.09224E+16
70202,14,6,26,60,2018,9,14,3,1,4,6,0,0,1,0,0,0,0,0,8.92427E+20,5.71259E+21,1.46467E+16,5.14282E+16
70203,14,5,22,70,2018,8,21,5,2,4,6,2,0,1,0,1,0,0,0,7.71772E+20,5.65092E+21,1.28692E+16,5.09457E+16
70204,14,6,25,100,2018,9,14,4,2,5,3,0,0,1,0,0,0,0,0,8.68339E+20,5.68102E+21,1.42692E+16,5.11617E+16
70205,14,5,22,440,2018,9,15,6,3,5,3,0,0,1,0,1,0,0,1,7.92765E+20,5.64755E+21,1.31645E+16,5.09052E+16
70206,14,6,27,100,2018,9,10,6,3,2,6,0,0,1,0,0,1,1,1,8.17463E+20,5.66634E+21,1.35311E+16,5.10607E+16
70207,14,6,25,230,2018,9,21,1,3,7,7,2,0,1,0,0,0,0,0,8.88731E+20,5.68126E+21,1.45597E+16,5.11505E+16
70208,14,6,12,0,2018,9,3,7,2,0,1,2,1,0,0,0,0,0,0,8.30383E+20,5.66901E+21,1.37173E+16,5.10773E+16
70209,14,6,25,20,2018,8,7,3,3,5,3,0,1,0,0,0,1,0,0,8.79037E+20,5.68257E+21,1.44231E+16,5.11686E+16
70210,14,6,28,110,2018,9,6,7,3,0,6,0,1,0,0,0,0,1,0,8.26227E+20,5.66008E+21,1.36502E+16,5.09996E+16
70211,14,5,22,80,2018,8,11,5,3,2,6,0,0,1,0,0,0,0,0,7.88769E+20,5.67164E+21,1.3127E+16,5.11234E+16
70212,14,7,30,340,2018,9,8,5,3,4,2,0,0,1,0,0,0,1,0,7.23303E+20,5.70646E+21,1.2215E+16,5.14652E+16
70213,14,6,28,240,2018,9,7,2,2,8,1,0,0,0,0,1,0,0,1,8.51975E+20,5.66043E+21,1.40161E+16,5.09876E+16
70214,14,5,21,495,2018,9,17,2,3,8,1,0,0,1,0,0,0,0,1,8.00339E+20,5.62694E+21,1.32551E+16,5.07165E+16
70215,14,5,11,0,2018,8,9,5,3,4,2,0,0,1,0,0,0,0,0,7.77608E+20,5.63721E+21,1.29416E+16,5.08199E+16
70216,14,6,12,0,2018,9,17,5,3,0,2,0,1,0,0,0,0,1,0,8.31251E+20,5.66716E+21,1.3728E+16,5.10602E+16
70217,14,6,12,0,2018,9,16,3,3,5,3,0,1,0,0,0,0,1,0,8.39791E+20,5.66789E+21,1.38501E+16,5.10618E+16
70218,14,7,29,150,2018,8,15,5,2,8,1,0,0,1,0,0,0,0,1,7.58829E+20,5.65646E+21,1.26893E+16,5.10014E+16
70219,14,7,13,0,2018,9,6,4,2,3,6,0,0,1,0,1,0,0,0,7.3663E+20,5.69212E+21,1.23969E+16,5.1331E+16
70220,14,6,12,0,2018,9,16,6,3,2,6,0,0,1,0,0,0,0,1,8.36736E+20,5.66063E+21,1.37999E+16,5.09985E+16
70221,14,6,12,0,2018,9,15,6,2,5,2,0,0,1,0,0,0,1,0,8.22507E+20,5.67017E+21,1.36063E+16,5.10921E+16
70222,14,5,24,260,2018,9,9,1,2,4,6,0,0,0,0,1,0,0,0,7.5182E+20,5.64035E+21,1.25784E+16,5.08599E+16
70223,14,6,28,270,2018,9,21,7,3,4,1,2,0,1,0,0,0,0,1,8.47218E+20,5.65677E+21,1.3945E+16,5.09577E+16
70224,14,5,24,80,2018,8,6,3,2,4,6,0,0,1,0,0,0,0,0,7.50096E+20,5.63761E+21,1.25521E+16,5.08361E+16
70225,14,7,13,0,2018,9,0,7,3,5,3,2,0,1,0,0,0,1,0,7.40763E+20,5.69446E+21,1.24577E+16,5.13504E+16
70226,14,5,24,140,2018,8,19,4,2,8,1,1,0,1,0,0,0,0,0,7.33371E+20,5.62834E+21,1.23091E+16,5.07598E+16
70227,14,6,28,205,2018,9,13,3,3,8,7,0,0,1,0,0,0,0,0,8.22733E+20,5.64799E+21,1.35898E+16,5.08932E+16
70228,14,6,12,0,2018,9,10,5,2,0,1,0,1,0,0,0,0,0,0,8.39862E+20,5.66788E+21,1.38511E+16,5.10616E+16
70229,14,6,12,0,2018,9,10,7,3,2,7,0,0,1,0,1,0,0,0,8.30794E+20,5.66874E+21,1.37229E+16,5.10746E+16
70230,14,5,23,20,2018,8,10,1,3,2,2,0,0,1,0,0,0,0,0,7.42423E+20,5.59963E+21,1.24185E+16,5.04984E+16
70231,14,5,24,330,2018,9,12,5,2,6,2,0,0,1,1,0,0,0,0,7.44315E+20,5.62427E+21,1.24613E+16,5.07188E+16
70232,14,5,23,10,2018,8,19,4,3,0,7,0,0,1,0,0,0,0,0,7.3106E+20,5.57619E+21,1.22441E+16,5.02925E+16
70233,14,7,13,0,2018,9,16,4,3,4,2,0,1,1,0,0,0,0,0,7.34726E+20,5.6902E+21,1.23684E+16,5.13146E+16
70234,14,5,22,500,2018,8,14,6,3,2,2,0,0,1,0,0,1,0,0,7.87743E+20,5.65616E+21,1.31001E+16,5.0985E+16
70235,14,7,13,0,2018,9,17,1,3,3,6,0,1,1,0,0,0,0,0,7.33923E+20,5.69322E+21,1.23589E+16,5.1342E+16
70236,14,6,12,0,2018,9,9,2,2,3,7,0,0,1,0,0,1,0,0,8.29237E+20,5.67128E+21,1.37031E+16,5.10983E+16
70237,14,6,12,0,2018,9,12,3,2,3,6,0,0,1,0,0,0,0,0,8.2471E+20,5.6678E+21,1.36355E+16,5.10697E+16
70238,14,5,22,20,2018,9,15,6,3,8,1,0,0,0,0,1,1,0,0,7.89407E+20,5.6346E+21,1.31067E+16,5.07908E+16
70239,14,7,30,270,2018,9,18,4,3,5,3,0,1,1,0,0,0,0,0,7.24607E+20,5.69856E+21,1.22287E+16,5.13937E+16
70240,14,5,23,320,2018,8,12,4,3,6,7,0,1,0,1,0,0,0,0,7.2219E+20,5.59906E+21,1.21333E+16,5.05013E+16
70241,14,5,21,200,2018,8,15,5,3,4,1,0,0,1,0,0,1,0,1,7.82042E+20,5.62606E+21,1.29959E+16,5.07178E+16
70242,14,6,12,0,2018,9,13,7,3,5,2,0,1,1,0,0,0,0,0,8.33768E+20,5.66321E+21,1.37601E+16,5.10233E+16
70243,14,5,24,330,2018,9,8,2,3,2,6,0,0,1,0,0,0,0,0,7.44688E+20,5.62647E+21,1.24681E+16,5.07383E+16
70244,14,5,22,80,2018,9,18,1,3,0,7,0,1,0,0,0,0,0,0,7.83482E+20,5.67171E+21,1.30517E+16,5.11266E+16
70245,14,6,26,350,2018,9,2,1,3,8,1,2,0,1,0,0,0,0,0,8.8926E+20,5.66831E+21,1.45533E+16,5.10342E+16
70246,14,5,24,330,2018,8,18,4,3,5,3,0,1,1,0,0,0,0,0,7.44083E+20,5.62417E+21,1.2458E+16,5.0718E+16
70247,14,6,28,50,2018,9,10,3,3,2,6,0,0,1,0,0,0,1,0,8.31099E+20,5.65805E+21,1.37175E+16,5.09787E+16
70248,14,5,24,330,2018,8,9,4,2,5,3,0,0,1,0,0,0,1,0,7.44696E+20,5.62646E+21,1.24682E+16,5.07383E+16
70249,14,6,12,0,2018,9,4,4,3,0,1,2,1,0,0,0,0,0,0,8.29464E+20,5.66521E+21,1.37008E+16,5.10438E+16
70250,14,5,24,330,2018,9,12,5,3,2,6,0,0,1,0,0,0,0,0,7.45137E+20,5.61932E+21,1.24697E+16,5.0674E+16
70251,14,5,22,80,2018,9,11,6,3,2,2,0,0,1,0,1,0,0,0,7.88871E+20,5.67181E+21,1.31286E+16,5.11248E+16
70252,14,6,12,0,2018,9,9,1,3,5,3,0,1,0,0,0,0,0,0,8.28143E+20,5.66715E+21,1.36838E+16,5.10619E+16
70253,14,5,22,10,2018,9,13,7,2,8,1,0,0,0,0,1,0,0,0,7.75796E+20,5.65164E+21,1.29269E+16,5.09503E+16
70254,14,6,12,0,2018,8,16,3,3,0,1,0,1,0,0,0,0,0,0,8.33604E+20,5.66335E+21,1.37579E+16,5.10247E+16
70255,14,5,23,270,2018,9,12,6,3,2,6,0,0,1,0,0,0,0,0,7.29654E+20,5.60214E+21,1.22403E+16,5.05261E+16
70256,14,7,13,0,2018,8,20,4,3,8,1,0,0,1,0,0,0,0,0,7.3845E+20,5.69939E+21,1.24279E+16,5.13956E+16
70257,14,6,25,300,2018,9,8,5,3,2,7,0,0,1,0,0,1,0,0,8.37219E+20,5.68338E+21,1.3828E+16,5.1202E+16
70258,14,5,23,450,2018,9,6,2,3,2,6,1,0,1,0,0,1,0,0,7.19556E+20,5.59179E+21,1.2092E+16,5.0437E+16
70259,14,6,28,270,2018,9,16,4,3,5,3,0,1,0,0,1,0,0,0,8.46226E+20,5.6569E+21,1.39311E+16,5.09594E+16
70260,14,7,30,110,2018,9,15,6,3,8,1,0,0,1,0,0,0,0,0,7.53426E+20,5.70678E+21,1.2648E+16,5.14554E+16
70261,14,6,12,0,2018,8,15,1,3,1,7,0,0,1,0,0,0,1,0,8.39713E+20,5.66427E+21,1.38456E+16,5.10293E+16
70262,14,6,12,0,2018,9,6,5,3,5,2,0,0,1,0,0,0,0,0,8.37514E+20,5.65834E+21,1.38088E+16,5.09775E+16
70263,14,7,29,160,2018,8,18,4,3,3,6,0,0,1,0,0,1,0,0,7.58915E+20,5.68525E+21,1.27112E+16,5.12597E+16
70264,14,6,12,0,2018,9,19,4,3,1,2,1,0,1,0,0,0,1,0,8.28804E+20,5.66505E+21,1.36913E+16,5.10427E+16
70265,14,6,25,10,2018,8,5,5,3,5,3,0,1,0,0,0,0,1,0,8.49301E+20,5.67225E+21,1.39895E+16,5.10951E+16
70266,14,5,21,310,2018,9,2,1,3,8,1,2,0,1,0,0,0,0,0,7.70905E+20,5.63034E+21,1.28416E+16,5.07615E+16
70267,14,7,13,0,2018,9,15,3,2,4,2,0,0,1,0,1,0,0,0,7.32592E+20,5.69895E+21,1.23435E+16,5.1394E+16
70268,14,7,29,50,2018,9,8,2,3,8,1,0,0,1,0,0,0,0,1,7.48115E+20,5.66474E+21,1.25425E+16,5.10804E+16
70269,14,5,24,310,2018,9,8,2,2,5,3,0,0,1,0,0,0,0,0,7.53913E+20,5.62196E+21,1.25954E+16,5.06939E+16
70270,14,5,22,330,2018,9,15,3,2,1,6,0,0,1,0,0,0,1,0,7.7967E+20,5.64702E+21,1.29783E+16,5.09069E+16
70271,14,5,24,100,2018,9,15,4,3,5,3,0,0,1,0,1,0,0,0,7.51008E+20,5.61053E+21,1.25466E+16,5.05926E+16
70272,14,5,21,120,2018,9,14,7,2,3,2,0,0,1,0,0,0,0,0,7.76906E+20,5.62827E+21,1.2925E+16,5.074E+16
70273,14,7,30,250,2018,8,15,1,3,5,3,0,0,1,0,0,0,0,0,7.33972E+20,5.70413E+21,1.23667E+16,5.144E+16
70274,14,6,25,130,2018,9,16,5,3,8,6,0,0,1,0,1,0,0,0,8.58566E+20,5.68583E+21,1.41348E+16,5.1211E+16
70275,14,7,30,270,2018,8,8,4,2,4,2,0,0,1,0,1,0,0,0,7.28398E+20,5.70163E+21,1.22851E+16,5.14198E+16
70276,14,6,28,30,2018,9,10,4,2,8,1,0,1,0,0,0,0,0,0,8.62445E+20,5.6545E+21,1.41587E+16,5.0928E+16
70277,14,7,29,80,2018,8,11,5,3,5,3,0,0,1,0,0,0,0,1,7.68895E+20,5.67371E+21,1.28452E+16,5.11515E+16
70278,14,6,28,300,2018,9,17,1,3,5,3,0,0,1,0,0,0,0,0,8.30221E+20,5.65404E+21,1.37014E+16,5.09432E+16
70279,14,7,30,340,2018,9,12,3,3,4,2,0,0,0,0,1,0,1,0,7.23303E+20,5.70646E+21,1.2215E+16,5.14652E+16
70280,14,5,21,690,2018,9,7,2,2,9,1,0,0,0,0,1,0,0,1,7.8514E+20,5.62738E+21,1.30407E+16,5.07281E+16
70281,14,5,11,0,2018,9,12,3,3,4,2,0,0,1,0,0,0,0,0,7.73556E+20,5.63435E+21,1.28821E+16,5.07962E+16
70282,14,5,23,380,2018,9,14,5,3,2,6,0,0,1,0,0,0,0,0,7.45995E+20,5.60335E+21,1.24712E+16,5.05303E+16
70283,14,6,28,20,2018,9,6,4,2,5,2,0,0,1,0,0,0,1,0,8.48661E+20,5.64544E+21,1.39547E+16,5.08553E+16
70284,14,7,29,50,2018,8,12,4,2,5,3,0,0,1,0,0,0,0,0,7.46724E+20,5.66663E+21,1.2524E+16,5.1098E+16
70285,14,5,23,200,2018,8,14,4,3,5,3,0,0,1,0,1,0,0,0,7.35227E+20,5.57827E+21,1.23038E+16,5.03096E+16
70286,14,5,24,50,2018,9,10,6,3,5,3,0,0,1,0,0,0,0,0,7.43872E+20,5.63497E+21,1.24621E+16,5.0815E+16
70287,14,7,30,170,2018,9,11,2,3,4,6,0,0,1,0,0,1,0,0,7.84928E+20,5.69711E+21,1.30925E+16,5.13537E+16
70288,14,5,23,450,2018,9,20,7,2,8,6,2,0,1,0,0,0,0,0,7.06337E+20,5.59207E+21,1.19062E+16,5.04443E+16
70289,14,7,13,0,2018,8,7,6,3,4,3,0,1,1,0,0,0,0,1,7.32964E+20,5.69286E+21,1.23449E+16,5.13392E+16
70290,14,6,12,0,2018,9,11,1,3,8,1,0,0,0,0,1,0,0,1,8.35344E+20,5.67409E+21,1.37926E+16,5.11199E+16
70291,14,7,13,0,2018,8,16,4,3,2,6,0,0,1,0,0,0,0,0,7.27757E+20,5.69017E+21,1.22685E+16,5.13172E+16
70292,14,5,21,630,2018,9,17,3,3,2,6,0,0,1,0,0,0,0,0,7.82114E+20,5.61439E+21,1.2988E+16,5.0613E+16
70293,14,7,29,400,2018,8,17,4,2,5,3,0,0,1,0,1,0,0,0,7.62662E+20,5.68904E+21,1.27675E+16,5.1292E+16
70294,14,6,12,0,2018,9,14,4,3,5,3,0,0,1,0,0,0,0,0,8.31808E+20,5.66988E+21,1.37384E+16,5.10843E+16
70295,14,7,29,160,2018,9,16,5,2,9,1,0,0,0,0,1,0,0,0,7.63755E+20,5.68192E+21,1.27779E+16,5.12276E+16
70296,14,5,21,20,2018,9,19,1,2,9,1,1,1,0,0,0,0,0,0,7.82774E+20,5.60798E+21,1.29924E+16,5.05552E+16
70297,14,5,21,390,2018,9,23,7,2,8,1,2,0,1,0,0,0,0,1,7.95206E+20,5.62321E+21,1.31796E+16,5.06857E+16
70298,14,5,24,190,2018,8,6,3,2,8,1,0,0,1,0,0,0,0,0,7.40538E+20,5.63659E+21,1.2416E+16,5.0831E+16
70299,14,7,13,0,2018,9,16,6,3,0,7,0,0,0,1,0,0,1,1,7.35391E+20,5.69353E+21,1.23801E+16,5.13443E+16
70300,14,6,26,150,2018,8,14,4,3,5,3,0,0,1,0,0,0,0,0,8.95224E+20,5.6711E+21,1.4641E+16,5.1055E+16
70301,14,6,27,240,2018,9,6,5,1,8,1,1,0,1,0,0,0,0,0,8.0762E+20,5.70322E+21,1.34227E+16,5.13966E+16
70302,14,7,13,0,2018,8,12,6,2,6,7,0,0,0,1,0,0,1,0,7.35434E+20,5.69351E+21,1.23807E+16,5.1344E+16
70303,14,6,25,450,2018,9,15,2,3,2,6,0,0,0,0,0,0,1,0,8.50434E+20,5.68281E+21,1.40159E+16,5.1189E+16
70304,14,5,23,430,2018,9,9,2,2,8,1,0,0,1,0,0,0,0,1,7.31066E+20,5.60474E+21,1.22618E+16,5.05489E+16
70305,14,5,21,640,2018,9,13,4,3,2,6,0,0,1,0,1,0,0,0,7.81225E+20,5.62163E+21,1.2981E+16,5.06784E+16
70306,14,7,29,50,2018,9,15,6,3,5,3,0,1,0,0,0,0,1,0,7.44153E+20,5.66922E+21,1.24891E+16,5.11223E+16
70307,14,5,22,150,2018,8,20,1,3,2,1,1,0,1,0,0,0,1,0,7.85293E+20,5.65068E+21,1.3061E+16,5.0937E+16
70308,14,5,22,420,2018,9,6,5,2,0,7,1,0,0,0,1,0,0,0,7.82506E+20,5.64333E+21,1.30157E+16,5.08724E+16