OBJECTID_1,ULAND,UREGBEZ,UKREIS,UGEMEINDE,UJAHR,UMONAT,USTUNDE,UWOCHENTAG,UKATEGORIE,UART,UTYP1,ULICHTVERH,IstRad,IstPKW,IstFuss,IstKrad,IstGkfz,IstSonstig,STRZUSTAND,LINREFX,LINREFY,XGCSWGS84,YGCSWGS84
70309,14,6,26,570,2018,8,14,4,2,9,1,0,0,1,0,0,0,0,0,9.02242E+20,5.6882E+21,1.47597E+16,5.12031E+16
70310,14,5,22,150,2018,9,16,4,1,2,6,0,0,1,0,0,0,1,0,7.84252E+20,5.6492E+21,1.3045E+16,5.09243E+16
70311,14,6,27,40,2018,8,15,5,3,0,2,0,1,0,0,0,0,1,0,8.04626E+20,5.69515E+21,1.33729E+16,5.13259E+16
70312,14,5,24,320,2018,8,18,6,2,9,1,0,0,0,0,0,1,0,0,7.47775E+20,5.61764E+21,1.25058E+16,5.06578E+16
70313,14,5,11,0,2018,9,8,1,3,4,2,0,1,1,0,0,0,0,0,7.7636E+20,5.64144E+21,1.29272E+16,5.08585E+16
70314,14,6,25,20,2018,9,12,3,3,0,3,0,0,1,0,1,0,0,0,8.77845E+20,5.68753E+21,1.44114E+16,5.12138E+16
70315,14,7,13,0,2018,9,12,1,3,9,1,0,0,1,0,0,0,0,1,7.36166E+20,5.6939E+21,1.23915E+16,5.13473E+16
70316,14,7,13,0,2018,8,9,6,3,0,1,0,1,0,0,0,0,0,1,7.35113E+20,5.68879E+21,1.2373E+16,5.13018E+16
70317,14,6,26,610,2018,9,11,2,2,3,2,0,1,0,0,1,0,0,0,9.07849E+20,5.65458E+21,1.48017E+16,5.08985E+16
70318,14,6,28,20,2018,9,16,5,3,6,2,0,0,1,1,0,0,0,0,8.52098E+20,5.64921E+21,1.4007E+16,5.0887E+16
70319,14,5,24,330,2018,9,10,3,3,2,6,0,0,1,0,0,0,0,0,7.47251E+20,5.62239E+21,1.25016E+16,5.07007E+16
70320,14,6,25,200,2018,8,11,4,2,3,1,0,0,1,0,0,0,1,0,8.50302E+20,5.67904E+21,1.40103E+16,5.11553E+16
70321,14,5,24,330,2018,9,16,4,3,1,6,0,0,1,0,1,0,0,0,7.45759E+20,5.62567E+21,1.24827E+16,5.07307E+16
70322,14,7,29,300,2018,8,8,4,3,5,3,0,0,1,0,1,0,0,0,7.45516E+20,5.68472E+21,1.25191E+16,5.12608E+16
70323,14,6,25,250,2018,9,12,6,3,7,7,0,0,1,0,0,0,0,1,8.57736E+20,5.69378E+21,1.41309E+16,5.12828E+16
70324,14,7,30,270,2018,9,9,6,3,4,2,0,0,1,0,0,0,0,0,7.25829E+20,5.69808E+21,1.22459E+16,5.13889E+16
70325,14,6,12,0,2018,9,11,2,3,2,2,0,0,1,0,0,0,1,0,8.34518E+20,5.6626E+21,1.37702E+16,5.10174E+16
70326,14,6,26,490,2018,9,14,7,3,4,2,0,0,1,0,0,0,0,0,8.83364E+20,5.72392E+21,1.45292E+16,5.15359E+16
70327,14,6,12,0,2018,8,7,4,3,3,6,0,0,1,0,0,1,0,0,8.32236E+20,5.67511E+21,1.37493E+16,5.11309E+16
70328,14,5,23,300,2018,9,13,7,2,4,6,0,0,1,0,0,0,0,0,7.24015E+20,5.58939E+21,1.21532E+16,5.04138E+16
70329,14,6,25,350,2018,8,16,4,1,8,1,0,0,1,0,0,0,0,0,8.59488E+20,5.69007E+21,1.41522E+16,5.12484E+16
70330,14,7,29,140,2018,9,9,2,3,4,6,0,0,1,0,0,0,0,0,7.52477E+20,5.65789E+21,1.25999E+16,5.10171E+16
70331,14,6,28,270,2018,8,15,4,3,2,6,0,0,1,0,0,0,0,0,8.46508E+20,5.65644E+21,1.39347E+16,5.09551E+16
70332,14,7,29,190,2018,9,9,3,3,6,7,0,0,1,1,0,0,0,0,7.43492E+20,5.68619E+21,1.24912E+16,5.12749E+16
70333,14,7,29,260,2018,9,12,5,1,4,1,0,0,1,0,1,0,0,0,7.36227E+20,5.68577E+21,1.23869E+16,5.12742E+16
70334,14,5,24,230,2018,8,17,6,2,8,1,0,1,0,0,0,0,0,0,7.60305E+20,5.6326E+21,1.26932E+16,5.07866E+16
70335,14,6,12,0,2018,9,16,4,2,2,6,0,0,1,0,1,0,0,0,8.28544E+20,5.66746E+21,1.36897E+16,5.10644E+16
70336,14,6,28,270,2018,8,12,4,3,5,3,0,1,1,0,0,0,0,0,8.44342E+20,5.65751E+21,1.39049E+16,5.09661E+16
70337,14,7,29,220,2018,8,18,4,3,2,2,0,0,1,0,1,0,0,0,7.48161E+20,5.67408E+21,1.25496E+16,5.11643E+16
70338,14,7,30,230,2018,9,14,6,3,3,6,0,1,0,0,0,1,0,0,7.86235E+20,5.69181E+21,1.3107E+16,5.13055E+16
70339,14,7,30,310,2018,9,14,6,3,3,2,0,1,1,0,0,0,0,0,7.76624E+20,5.71922E+21,1.29908E+16,5.15561E+16
70340,14,6,25,600,2018,9,14,2,3,2,2,0,0,1,0,0,0,0,0,8.41434E+20,5.67879E+21,1.38837E+16,5.11585E+16
70341,14,7,30,270,2018,9,20,7,3,9,1,2,0,1,0,0,0,0,0,7.43198E+20,5.69524E+21,1.24931E+16,5.13563E+16
70342,14,6,27,140,2018,8,13,4,3,1,5,0,1,1,0,0,0,0,0,8.13195E+20,5.67821E+21,1.34807E+16,5.11694E+16
70343,14,5,21,390,2018,9,4,1,3,9,1,2,0,1,0,0,0,0,1,7.95987E+20,5.61264E+21,1.31822E+16,5.05905E+16
70344,14,6,27,140,2018,8,15,4,3,5,3,0,1,1,0,0,0,0,0,8.13913E+20,5.678E+21,1.34908E+16,5.11671E+16
70345,14,5,23,365,2018,9,7,2,3,2,6,0,0,1,0,0,0,1,0,7.16417E+20,5.60356E+21,1.20546E+16,5.05439E+16
70346,14,6,27,140,2018,8,15,4,2,0,1,0,1,0,0,0,0,0,0,8.12874E+20,5.67859E+21,1.34765E+16,5.1173E+16
70347,14,5,24,190,2018,9,16,3,3,5,3,0,1,1,0,0,0,0,0,7.42654E+20,5.63803E+21,1.24469E+16,5.0843E+16
70348,14,7,30,270,2018,9,12,5,1,9,7,0,0,1,0,0,1,0,0,7.21949E+20,5.69546E+21,1.21886E+16,5.13669E+16
70349,14,7,30,70,2018,9,15,7,2,8,1,0,0,1,0,0,0,0,0,7.32755E+20,5.71302E+21,1.23551E+16,5.15202E+16
70350,14,7,29,160,2018,8,16,2,3,2,6,0,0,1,0,0,0,0,0,7.66492E+20,5.68494E+21,1.28193E+16,5.12534E+16
70351,14,6,26,110,2018,9,10,6,3,2,6,0,0,1,0,0,0,0,0,9.17581E+20,5.68477E+21,1.49741E+16,5.11615E+16
70352,14,6,12,0,2018,8,5,4,3,5,2,0,1,1,0,0,0,0,0,8.3139E+20,5.66934E+21,1.37319E+16,5.10796E+16
70353,14,5,24,330,2018,9,16,4,3,3,6,0,1,1,0,0,0,0,0,7.46069E+20,5.62703E+21,1.2488E+16,5.07428E+16
70354,14,6,25,450,2018,8,13,6,3,2,6,0,1,1,0,0,0,0,0,8.50309E+20,5.68198E+21,1.40133E+16,5.11817E+16
70355,14,6,12,0,2018,9,11,2,3,5,2,0,1,0,0,0,0,1,0,8.3254E+20,5.6679E+21,1.3747E+16,5.10661E+16
70356,14,7,29,245,2018,9,13,2,2,5,3,0,0,1,0,1,0,0,0,7.70088E+20,5.7023E+21,1.28838E+16,5.14075E+16
70357,14,6,26,400,2018,9,17,3,3,6,4,0,0,1,1,0,0,0,0,9.047E+20,5.65108E+21,1.47533E+16,5.08694E+16
70358,14,7,13,0,2018,9,10,6,2,5,3,0,1,1,0,0,0,0,0,7.36162E+20,5.69392E+21,1.23914E+16,5.13474E+16
70359,14,5,23,260,2018,8,15,7,2,0,1,0,1,0,0,0,0,0,0,7.29539E+20,5.6115E+21,1.22444E+16,5.06102E+16
70360,14,5,21,30,2018,9,16,5,3,2,6,0,0,1,0,1,0,0,0,7.61961E+20,5.61039E+21,1.2701E+16,5.05866E+16
70361,14,6,12,0,2018,8,12,4,3,6,4,0,0,1,1,0,0,0,0,8.31218E+20,5.66967E+21,1.37298E+16,5.10827E+16
70362,14,5,23,450,2018,9,9,3,3,0,1,0,0,0,0,1,0,0,0,7.14425E+20,5.58502E+21,1.20159E+16,5.03781E+16
70363,14,6,28,50,2018,8,13,5,3,2,6,0,0,1,0,0,0,0,1,8.31758E+20,5.66125E+21,1.37298E+16,5.10069E+16
70364,14,7,30,170,2018,8,9,6,3,5,3,0,0,1,0,0,0,0,0,7.90083E+20,5.69136E+21,1.31617E+16,5.12995E+16
70365,14,5,23,20,2018,9,15,7,2,8,1,0,0,0,0,1,0,0,0,7.43733E+20,5.59878E+21,1.24364E+16,5.04902E+16
70366,14,6,12,0,2018,9,18,3,3,5,2,0,0,1,0,1,0,0,0,8.31198E+20,5.66711E+21,1.37272E+16,5.10598E+16
70367,14,6,26,460,2018,9,17,1,2,8,1,0,0,1,0,0,0,0,0,9.0191E+20,5.71397E+21,1.4784E+16,5.1434E+16
70368,14,6,28,360,2018,9,12,2,1,9,7,0,0,1,0,0,0,0,0,8.70287E+20,5.65924E+21,1.42747E+16,5.09655E+16
70369,14,6,12,0,2018,9,12,5,3,4,6,0,1,0,0,0,0,0,0,8.31263E+20,5.66961E+21,1.37304E+16,5.10821E+16
70370,14,7,29,160,2018,9,7,3,2,8,1,0,0,1,0,0,0,0,0,7.57726E+20,5.68594E+21,1.26947E+16,5.12664E+16
70371,14,6,12,0,2018,8,17,4,3,2,2,0,1,1,0,0,0,0,0,8.33307E+20,5.67403E+21,1.37635E+16,5.11206E+16
70372,14,7,30,310,2018,9,16,4,3,5,3,0,1,1,0,0,0,0,0,7.76657E+20,5.71983E+21,1.29918E+16,5.15616E+16
70373,14,6,25,20,2018,8,6,4,3,4,2,0,0,1,0,0,0,0,0,8.74437E+20,5.68455E+21,1.43597E+16,5.11894E+16
70374,14,6,28,270,2018,9,12,6,3,5,3,0,1,1,0,0,0,0,0,8.466E+20,5.65605E+21,1.39356E+16,5.09516E+16
70375,14,6,25,120,2018,9,6,6,2,4,6,1,0,1,0,0,0,0,1,8.70726E+20,5.71542E+21,1.43389E+16,5.14682E+16
70376,14,5,11,0,2018,9,16,2,3,2,6,0,0,1,0,0,0,0,0,7.68746E+20,5.63892E+21,1.28174E+16,5.08395E+16
70377,14,6,28,260,2018,9,9,7,2,8,1,0,0,1,0,0,0,0,1,8.63326E+20,5.66324E+21,1.41799E+16,5.10057E+16
70378,14,5,22,540,2018,8,22,4,3,9,1,2,0,1,0,0,0,0,0,7.90772E+20,5.66325E+21,1.31488E+16,5.1047E+16
70379,14,7,13,0,2018,9,15,7,3,4,2,0,0,1,0,0,0,0,0,7.36522E+20,5.69028E+21,1.23941E+16,5.13146E+16
70380,14,5,21,250,2018,8,14,4,3,5,3,0,0,1,0,0,0,0,0,7.92063E+20,5.61762E+21,1.31308E+16,5.06372E+16
70381,14,6,25,370,2018,9,18,3,3,8,1,0,0,0,0,1,0,0,0,8.48013E+20,5.69322E+21,1.39915E+16,5.12837E+16
70382,14,6,12,0,2018,9,5,5,3,5,3,2,1,1,0,0,0,0,0,8.32203E+20,5.66772E+21,1.3742E+16,5.10647E+16
70383,14,6,27,100,2018,9,10,7,2,6,4,0,0,1,1,0,0,0,0,8.1966E+20,5.67214E+21,1.35675E+16,5.11114E+16
70384,14,6,12,0,2018,8,15,2,2,0,7,0,1,1,0,0,0,0,0,8.28529E+20,5.66472E+21,1.3687E+16,5.10399E+16
70385,14,6,12,0,2018,9,23,6,2,9,1,2,0,1,0,0,0,0,1,8.40444E+20,5.67262E+21,1.38638E+16,5.11037E+16
70386,14,5,22,200,2018,8,14,4,2,3,6,0,0,1,0,1,0,0,0,8.03262E+20,5.63575E+21,1.33036E+16,5.0794E+16
70387,14,7,13,0,2018,9,14,4,3,2,6,0,0,1,0,0,0,0,0,7.30334E+20,5.70107E+21,1.23125E+16,5.1414E+16
70388,14,6,12,0,2018,8,12,6,2,5,3,0,1,1,0,0,0,0,0,8.24573E+20,5.66976E+21,1.36353E+16,5.10873E+16
70389,14,5,23,100,2018,9,12,1,3,2,1,0,1,0,0,1,0,0,0,7.26968E+20,5.61411E+21,1.22098E+16,5.06346E+16
70390,14,6,27,210,2018,9,17,2,3,2,6,0,0,1,0,0,0,0,0,8.2573E+20,5.67187E+21,1.36537E+16,5.11055E+16
70391,14,6,12,0,2018,9,19,3,3,2,2,2,0,1,0,0,0,0,0,8.31067E+20,5.66987E+21,1.37278E+16,5.10846E+16
70392,14,6,12,0,2018,9,3,6,3,0,6,2,0,1,0,0,1,0,0,8.25948E+20,5.66809E+21,1.36534E+16,5.10716E+16
70393,14,6,25,90,2018,9,17,5,2,4,2,0,1,1,0,0,0,0,0,8.84362E+20,5.67499E+21,1.44909E+16,5.10972E+16
70394,14,6,25,380,2018,9,16,7,3,4,2,0,0,1,0,1,0,0,0,8.72485E+20,5.6736E+21,1.43206E+16,5.10926E+16
70395,14,6,25,240,2018,8,8,2,3,4,2,0,1,0,0,0,1,0,0,8.65945E+20,5.71082E+21,1.42656E+16,5.14301E+16
70396,14,6,27,180,2018,9,12,6,2,5,2,0,1,1,0,0,0,0,0,8.03158E+20,5.66507E+21,1.33265E+16,5.1057E+16
70397,14,5,11,0,2018,8,9,4,3,5,2,0,1,1,0,0,0,0,0,7.70218E+20,5.63709E+21,1.28369E+16,5.08224E+16
70398,14,7,30,310,2018,9,15,4,3,1,2,0,0,1,0,0,0,0,0,7.76801E+20,5.72095E+21,1.29947E+16,5.15715E+16
70399,14,6,25,60,2018,8,1,6,3,3,6,2,0,1,0,0,0,1,0,8.67561E+20,5.68564E+21,1.42628E+16,5.12036E+16
70400,14,5,21,560,2018,9,14,2,3,5,3,0,0,1,0,0,0,0,0,7.8192E+20,5.60001E+21,1.29744E+16,5.04841E+16
70401,14,6,26,330,2018,9,7,2,3,8,1,0,1,0,0,0,0,0,0,9.19909E+20,5.69885E+21,1.50237E+16,5.12857E+16
70402,14,6,25,540,2018,9,15,3,2,6,6,0,0,1,1,0,0,0,0,8.51346E+20,5.69306E+21,1.40389E+16,5.12803E+16
70403,14,6,28,240,2018,9,10,6,3,5,3,0,0,1,0,0,0,0,1,8.50019E+20,5.66018E+21,1.39881E+16,5.09865E+16
70404,14,6,28,150,2018,8,11,7,3,9,1,0,0,0,0,1,0,1,1,8.25337E+20,5.63622E+21,1.36163E+16,5.07863E+16
70405,14,5,24,320,2018,9,8,4,2,8,1,0,0,1,0,0,0,0,1,7.49628E+20,5.6195E+21,1.25332E+16,5.06737E+16
70406,14,5,22,20,2018,8,12,4,2,5,3,0,0,1,0,1,0,0,0,7.88761E+20,5.63767E+21,1.30999E+16,5.08186E+16
70407,14,7,29,160,2018,9,7,3,3,8,1,0,0,1,0,0,0,0,0,7.58787E+20,5.67631E+21,1.27029E+16,5.11796E+16
70408,14,6,12,0,2018,8,8,5,2,0,2,0,1,1,0,0,0,0,1,8.32499E+20,5.66766E+21,1.37462E+16,5.10639E+16
70409,14,6,25,480,2018,9,13,7,3,0,7,0,1,0,0,0,0,0,0,8.44271E+20,5.67455E+21,1.39201E+16,5.11188E+16
70410,14,6,12,0,2018,9,11,3,3,0,1,0,1,0,0,0,0,0,0,8.322E+20,5.66694E+21,1.37413E+16,5.10577E+16
70411,14,6,28,70,2018,9,6,1,2,9,1,0,0,1,0,0,0,0,1,8.48175E+20,5.64942E+21,1.39516E+16,5.08913E+16
70412,14,6,12,0,2018,9,13,2,3,0,7,0,0,1,0,0,0,0,0,8.32093E+20,5.66767E+21,1.37404E+16,5.10643E+16
70413,14,5,22,240,2018,9,6,2,3,0,1,1,0,0,0,1,0,0,1,8.06479E+20,5.65572E+21,1.33659E+16,5.09714E+16
70414,14,5,22,570,2018,8,13,4,2,4,6,0,0,1,0,0,0,0,0,7.8183E+20,5.66375E+21,1.30219E+16,5.1056E+16
70415,14,5,21,120,2018,9,16,5,3,2,6,0,0,1,0,0,0,1,0,7.7682E+20,5.62793E+21,1.29235E+16,5.07371E+16
70416,14,6,25,20,2018,9,11,3,2,0,7,0,1,0,0,0,0,0,0,8.81832E+20,5.68636E+21,1.4467E+16,5.12007E+16
70417,14,5,23,330,2018,8,15,3,3,1,7,0,1,1,0,0,0,0,0,7.25423E+20,5.60289E+21,1.21811E+16,5.05345E+16
70418,14,6,25,320,2018,9,13,4,3,2,6,0,0,1,0,0,0,0,0,8.47984E+20,5.67946E+21,1.39777E+16,5.11605E+16
70419,14,6,12,0,2018,9,6,6,3,2,6,1,0,1,0,0,0,0,0,8.32566E+20,5.66603E+21,1.37456E+16,5.10493E+16
70420,14,6,28,60,2018,9,12,6,3,5,3,0,1,1,0,0,0,0,1,8.28509E+20,5.64978E+21,1.36733E+16,5.0906E+16
70421,14,7,29,270,2018,9,6,1,3,8,1,1,0,0,0,0,0,1,0,7.21982E+20,5.6861E+21,1.21833E+16,5.12829E+16
70422,14,6,27,100,2018,9,20,7,3,8,1,2,0,0,0,1,0,0,1,8.15316E+20,5.66836E+21,1.35023E+16,5.10799E+16
70423,14,7,29,50,2018,8,13,3,3,6,6,0,1,0,1,0,0,0,0,7.44534E+20,5.66959E+21,1.24948E+16,5.11255E+16
70424,14,6,25,270,2018,9,14,7,1,5,3,0,0,1,1,1,0,0,0,8.42542E+20,5.69122E+21,1.39114E+16,5.12691E+16
70425,14,5,23,340,2018,8,13,3,3,5,3,0,1,1,0,0,0,0,0,7.32675E+20,5.61038E+21,1.2288E+16,5.05989E+16
70426,14,5,21,400,2018,9,11,6,1,4,1,0,0,1,0,0,0,0,1,7.86563E+20,5.61314E+21,1.30498E+16,5.05996E+16
70427,14,6,12,0,2018,9,7,3,3,2,6,0,0,1,0,1,0,0,0,8.32682E+20,5.6663E+21,1.37475E+16,5.10517E+16
70428,14,5,22,360,2018,9,11,5,3,3,2,0,0,1,0,0,0,0,0,7.7587E+20,5.65489E+21,1.29304E+16,5.09794E+16
70429,14,5,22,180,2018,9,13,7,3,2,6,0,0,1,0,1,0,0,0,8.04511E+20,5.64661E+21,1.33303E+16,5.08907E+16
70430,14,7,30,360,2018,8,9,1,2,0,1,0,0,0,0,1,0,0,0,7.47172E+20,5.71859E+21,1.25664E+16,5.15641E+16
70431,14,5,24,60,2018,9,5,5,2,2,2,2,0,1,0,1,0,0,0,7.37127E+20,5.62239E+21,1.23585E+16,5.07049E+16
70432,14,7,29,190,2018,8,11,3,2,4,2,0,0,1,0,1,0,0,0,7.41944E+20,5.68434E+21,1.24678E+16,5.1259E+16
70433,14,6,25,20,2018,9,17,4,2,8,1,0,0,1,0,0,0,0,0,8.74513E+20,5.68722E+21,1.43636E+16,5.12132E+16
70434,14,5,22,190,2018,8,7,6,3,8,7,0,0,0,0,0,1,0,0,7.72565E+20,5.66488E+21,1.28909E+16,5.10706E+16
70435,14,6,28,190,2018,9,11,1,3,5,2,0,0,1,0,1,0,0,0,8.61109E+20,5.66131E+21,1.41465E+16,5.09898E+16
70436,14,5,21,710,2018,9,14,2,2,8,1,0,1,0,0,0,0,0,1,7.70199E+20,5.61722E+21,1.2822E+16,5.06441E+16
70437,14,6,25,300,2018,8,5,6,3,7,7,1,0,1,0,0,0,0,1,8.35651E+20,5.68536E+21,1.38075E+16,5.12207E+16
70438,14,5,24,20,2018,8,6,6,3,5,3,0,0,1,0,1,0,0,1,7.59938E+20,5.63858E+21,1.26923E+16,5.08405E+16
70439,14,6,12,0,2018,9,16,3,2,6,4,0,0,1,1,0,0,1,0,8.38994E+20,5.66789E+21,1.38388E+16,5.10623E+16
70440,14,5,22,80,2018,9,15,6,3,9,7,0,1,0,0,0,0,0,0,7.83483E+20,5.67171E+21,1.30517E+16,5.11266E+16
70441,14,6,26,610,2018,9,6,4,3,0,1,0,0,1,0,1,0,0,0,9.08511E+20,5.6531E+21,1.48094E+16,5.08848E+16
70442,14,7,30,270,2018,8,3,3,3,0,7,2,0,0,0,1,0,0,0,7.23001E+20,5.70359E+21,1.22088E+16,5.14395E+16
70443,14,5,22,430,2018,8,9,5,1,8,1,0,0,1,0,0,0,0,1,7.99856E+20,5.6477E+21,1.32652E+16,5.0903E+16
70444,14,5,22,150,2018,9,17,7,3,2,6,0,0,1,0,1,0,0,0,7.8451E+20,5.64892E+21,1.30485E+16,5.09216E+16
70445,14,5,24,330,2018,9,15,2,2,5,3,0,0,1,0,0,0,0,0,7.45935E+20,5.62399E+21,1.2484E+16,5.07156E+16
70446,14,5,22,80,2018,9,10,1,1,9,1,0,0,0,0,1,0,0,1,7.91903E+20,5.67426E+21,1.31738E+16,5.11453E+16
70447,14,6,25,300,2018,9,18,1,3,8,6,1,0,1,0,0,0,1,1,8.42307E+20,5.68734E+21,1.39043E+16,5.12345E+16
70448,14,7,29,350,2018,8,18,3,3,4,2,0,0,1,0,0,0,0,0,7.282E+20,5.67317E+21,1.2264E+16,5.11644E+16
70449,14,6,12,0,2018,9,14,3,3,4,6,0,1,0,0,0,0,0,0,8.31762E+20,5.6648E+21,1.37331E+16,5.10387E+16
70450,14,6,26,300,2018,8,15,3,3,0,1,0,1,0,0,0,0,0,0,9.13508E+20,5.68302E+21,1.49142E+16,5.11488E+16
70451,14,6,12,0,2018,9,11,4,2,2,6,0,0,1,0,0,1,0,0,8.34379E+20,5.67792E+21,1.37824E+16,5.11548E+16
70452,14,5,24,160,2018,9,16,5,3,5,3,0,1,1,0,0,0,0,0,7.56793E+20,5.62893E+21,1.2641E+16,5.07552E+16
70453,14,7,13,0,2018,9,16,4,3,2,6,0,0,1,0,0,0,0,0,7.40309E+20,5.69596E+21,1.24522E+16,5.1364E+16
70454,14,6,26,110,2018,8,8,3,3,8,1,0,0,0,0,1,0,0,1,9.13839E+20,5.68174E+21,1.49174E+16,5.11371E+16
70455,14,6,12,0,2018,8,9,5,3,2,6,0,0,1,0,0,0,0,1,8.31619E+20,5.67098E+21,1.37367E+16,5.10942E+16
70456,14,6,12,0,2018,9,2,7,3,0,1,2,1,0,0,0,0,0,0,8.31249E+20,5.66694E+21,1.37277E+16,5.10583E+16
70457,14,5,22,35,2018,9,17,3,3,5,3,0,0,1,0,1,0,0,0,8.10224E+20,5.65216E+21,1.3416E+16,5.09374E+16
70458,14,6,12,0,2018,9,13,1,2,0,1,0,1,0,0,0,0,0,1,8.39868E+20,5.66789E+21,1.38512E+16,5.10617E+16
70459,14,7,30,110,2018,9,18,1,3,8,6,1,0,1,0,0,0,0,1,7.54327E+20,5.71075E+21,1.26638E+16,5.14906E+16
70460,14,6,25,40,2018,8,15,3,3,4,2,0,0,1,0,1,0,0,0,8.63208E+20,5.67791E+21,1.4193E+16,5.11372E+16
70461,14,5,11,0,2018,9,16,5,3,2,6,0,0,1,0,0,0,0,0,7.69276E+20,5.63543E+21,1.28223E+16,5.08079E+16
70462,14,6,28,110,2018,9,14,3,3,2,6,0,0,1,0,0,0,0,0,8.26652E+20,5.66085E+21,1.36569E+16,5.10063E+16
70463,14,6,27,190,2018,8,6,3,2,5,3,0,0,1,0,0,1,0,0,8.08406E+20,5.69461E+21,1.34265E+16,5.1319E+16
70464,14,6,27,140,2018,9,11,4,3,4,2,0,1,1,0,0,0,0,0,8.11793E+20,5.67608E+21,1.34589E+16,5.11511E+16
70465,14,5,22,230,2018,9,14,6,2,2,1,0,0,1,0,0,0,1,1,7.8959E+20,5.65699E+21,1.3127E+16,5.09915E+16
70466,14,5,22,150,2018,9,12,6,3,4,6,0,0,1,0,0,0,0,0,7.84305E+20,5.6454E+21,1.30428E+16,5.08902E+16
70467,14,6,27,270,2018,9,17,1,3,8,1,0,1,0,0,0,0,0,0,7.94607E+20,5.69743E+21,1.32314E+16,5.13516E+16
70468,14,6,12,0,2018,9,20,7,3,5,3,2,0,1,0,0,0,0,1,8.33064E+20,5.66911E+21,1.37556E+16,5.10767E+16
70469,14,6,27,140,2018,8,12,3,2,0,1,0,1,0,0,0,0,0,0,8.11878E+20,5.67557E+21,1.34596E+16,5.11464E+16
70470,14,5,21,670,2018,9,18,7,3,2,2,0,0,1,0,0,0,0,0,7.88415E+20,5.61913E+21,1.30805E+16,5.06525E+16
70471,14,6,27,210,2018,8,14,3,3,6,7,0,0,1,1,0,0,0,0,8.28239E+20,5.67131E+21,1.36889E+16,5.10991E+16
70472,14,7,29,160,2018,9,15,5,2,5,3,0,0,1,0,1,0,0,0,7.5962E+20,5.68489E+21,1.2721E+16,5.12561E+16
70473,14,5,24,330,2018,9,15,2,3,2,6,0,0,1,0,0,0,0,1,7.46053E+20,5.62493E+21,1.24863E+16,5.07239E+16
70474,14,7,13,0,2018,9,15,4,3,2,2,0,0,0,0,1,1,0,0,7.36642E+20,5.69573E+21,1.23995E+16,5.13635E+16
70475,14,5,23,20,2018,9,11,6,3,0,1,0,0,0,0,1,0,0,1,7.39194E+20,5.60029E+21,1.23734E+16,5.05056E+16
70476,14,6,28,270,2018,8,16,1,3,3,2,0,1,1,0,0,0,0,0,8.47041E+20,5.65579E+21,1.39416E+16,5.0949E+16
70477,14,6,26,110,2018,9,16,5,3,2,6,0,0,1,0,0,0,0,0,9.16442E+20,5.68566E+21,1.49589E+16,5.11703E+16
70478,14,6,27,200,2018,8,9,3,3,8,1,0,0,1,0,0,0,0,0,8.14766E+20,5.68858E+21,1.35122E+16,5.12614E+16
70479,14,6,27,140,2018,9,8,4,2,4,2,0,1,0,0,0,0,1,0,8.14001E+20,5.678E+21,1.3492E+16,5.1167E+16
70480,14,7,13,0,2018,8,14,5,3,4,7,0,0,0,0,1,1,0,1,7.40359E+20,5.696E+21,1.2453E+16,5.13643E+16
70481,14,6,12,0,2018,9,8,1,3,5,2,0,0,1,0,0,0,0,0,8.29196E+20,5.66515E+21,1.36969E+16,5.10434E+16
70482,14,7,29,370,2018,9,5,3,2,5,3,2,0,1,0,1,0,0,0,7.42071E+20,5.67694E+21,1.24646E+16,5.11925E+16
70483,14,5,22,80,2018,9,8,2,3,5,3,0,0,1,0,0,0,0,1,7.87762E+20,5.67127E+21,1.31124E+16,5.11205E+16
70484,14,6,26,110,2018,8,15,6,3,2,6,0,0,1,0,0,0,0,1,9.17128E+20,5.67315E+21,1.49542E+16,5.10579E+16
70485,14,5,22,440,2018,9,15,3,3,5,3,0,0,1,0,0,0,0,0,7.93348E+20,5.64284E+21,1.3169E+16,5.08626E+16
70486,14,5,23,320,2018,9,7,5,2,2,6,0,0,1,0,0,0,0,0,7.27092E+20,5.59923E+21,1.22024E+16,5.05009E+16
70487,14,6,28,50,2018,9,17,4,3,2,6,0,0,1,0,0,0,0,0,8.31009E+20,5.65979E+21,1.37178E+16,5.09943E+16
70488,14,6,12,0,2018,8,8,3,3,5,3,0,0,1,0,0,0,0,0,8.33892E+20,5.66789E+21,1.37662E+16,5.10652E+16
70489,14,7,30,190,2018,8,13,4,3,1,6,0,0,1,0,0,0,0,0,7.64439E+20,5.71303E+21,1.28108E+16,5.15064E+16
70490,14,5,23,160,2018,9,7,6,3,6,7,0,1,0,1,0,0,0,0,7.46796E+20,5.58443E+21,1.247E+16,5.03601E+16
70491,14,7,13,0,2018,9,14,2,3,4,6,0,1,0,0,0,0,0,0,7.29912E+20,5.69311E+21,1.23013E+16,5.13427E+16
70492,14,5,23,20,2018,9,2,7,3,8,7,2,0,1,0,0,0,0,0,7.40321E+20,5.60136E+21,1.239E+16,5.05148E+16
70493,14,5,22,220,2018,8,23,6,3,8,1,2,0,1,0,0,0,0,1,7.82037E+20,5.67708E+21,1.30353E+16,5.11754E+16
70494,14,6,27,180,2018,9,18,1,3,8,1,2,0,1,0,0,0,0,1,8.04095E+20,5.66397E+21,1.33389E+16,5.10466E+16