OBJECTID_1,ULAND,UREGBEZ,UKREIS,UGEMEINDE,UJAHR,UMONAT,USTUNDE,UWOCHENTAG,UKATEGORIE,UART,UTYP1,ULICHTVERH,IstRad,IstPKW,IstFuss,IstKrad,IstGkfz,IstSonstig,STRZUSTAND,LINREFX,LINREFY,XGCSWGS84,YGCSWGS84
70495,14,6,12,0,2018,8,17,3,3,5,3,0,1,0,0,0,0,0,0,8.34605E+20,5.66817E+21,1.37766E+16,5.10673E+16
70496,14,5,21,200,2018,9,14,3,2,5,3,0,0,1,0,1,0,0,0,7.82027E+20,5.62531E+21,1.29951E+16,5.07111E+16
70497,14,6,12,0,2018,8,22,3,3,0,1,2,1,0,0,0,0,0,0,8.32059E+20,5.6677E+21,1.37399E+16,5.10646E+16
70498,14,5,22,310,2018,9,11,4,3,5,2,0,0,1,0,1,0,0,0,7.73548E+20,5.67666E+21,1.29138E+16,5.11758E+16
70499,14,7,29,150,2018,9,13,5,3,3,6,0,1,1,0,0,0,0,0,7.60588E+20,5.6613E+21,1.27178E+16,5.1044E+16
70500,14,7,29,80,2018,9,15,7,3,2,6,0,0,1,0,1,0,0,0,7.63324E+20,5.67352E+21,1.27656E+16,5.11524E+16
70501,14,5,23,170,2018,8,13,6,2,2,2,0,0,1,0,1,0,0,0,7.38475E+20,5.60745E+21,1.23679E+16,5.05702E+16
70502,14,5,23,320,2018,8,6,2,3,5,3,0,0,1,0,0,0,0,0,7.22141E+20,5.59776E+21,1.21318E+16,5.04896E+16
70503,14,6,26,600,2018,9,7,6,3,2,7,0,0,1,0,0,0,1,0,8.91849E+20,5.72172E+21,1.46485E+16,5.15103E+16
70504,14,6,27,180,2018,8,15,3,3,4,2,0,0,0,0,0,1,0,0,7.99404E+20,5.66768E+21,1.32753E+16,5.10824E+16
70505,14,5,22,80,2018,9,13,5,2,5,3,0,1,1,0,0,0,0,0,7.8982E+20,5.67146E+21,1.31418E+16,5.11212E+16
70506,14,7,13,0,2018,8,12,6,3,3,6,0,0,1,0,0,0,0,0,7.30632E+20,5.70118E+21,1.23169E+16,5.14148E+16
70507,14,6,28,190,2018,9,18,2,2,8,1,0,0,1,0,0,0,0,0,8.63156E+20,5.66116E+21,1.41754E+16,5.09872E+16
70508,14,7,29,50,2018,9,8,2,3,5,3,0,1,1,0,0,0,0,1,7.45424E+20,5.67079E+21,1.25083E+16,5.11359E+16
70509,14,6,26,110,2018,8,16,6,2,0,1,0,1,0,0,0,0,0,1,9.18838E+20,5.68468E+21,1.49919E+16,5.11597E+16
70510,14,7,29,245,2018,9,13,3,3,2,2,0,0,1,0,0,0,0,0,7.64572E+20,5.69964E+21,1.28027E+16,5.13862E+16
70511,14,7,13,0,2018,9,10,6,3,0,7,0,0,0,0,1,0,0,1,7.36056E+20,5.70093E+21,1.23945E+16,5.14104E+16
70512,14,5,23,130,2018,8,22,7,2,9,1,2,0,1,0,0,0,0,0,7.3979E+20,5.5902E+21,1.23754E+16,5.04148E+16
70513,14,5,22,180,2018,9,5,5,3,5,3,2,1,1,0,0,0,0,0,8.06525E+20,5.64864E+21,1.33606E+16,5.09078E+16
70514,14,5,21,390,2018,8,15,3,3,8,1,0,0,1,0,0,0,0,0,8.02288E+20,5.61967E+21,1.32767E+16,5.06503E+16
70515,14,5,21,510,2018,9,6,4,2,4,6,0,0,1,0,0,0,0,0,7.77193E+20,5.60484E+21,1.29115E+16,5.05297E+16
70516,14,5,11,0,2018,9,14,6,3,2,1,0,0,1,0,0,0,0,0,7.73957E+20,5.64266E+21,1.2894E+16,5.08706E+16
70517,14,5,21,700,2018,9,15,1,2,8,1,0,0,0,0,1,0,0,0,7.57022E+20,5.60688E+21,1.26289E+16,5.05573E+16
70518,14,5,21,550,2018,9,9,7,2,8,1,0,0,0,0,1,0,0,1,7.67988E+20,5.60314E+21,1.27807E+16,5.05188E+16
70519,14,5,21,290,2018,8,16,3,2,8,2,0,0,1,0,0,0,0,0,7.59788E+20,5.6288E+21,1.26833E+16,5.07527E+16
70520,14,7,30,310,2018,9,14,6,3,5,3,0,0,1,0,0,0,0,0,7.77188E+20,5.71861E+21,1.29985E+16,5.15504E+16
70521,14,5,22,80,2018,8,7,3,3,5,2,0,0,0,0,1,1,0,1,7.87531E+20,5.67134E+21,1.31091E+16,5.11213E+16
70522,14,6,25,570,2018,9,6,5,3,2,6,2,0,1,0,0,0,0,0,8.69961E+20,5.71921E+21,1.43319E+16,5.15027E+16
70523,14,6,26,400,2018,9,17,2,2,3,6,0,1,1,0,0,0,0,0,9.06957E+20,5.65292E+21,1.47872E+16,5.08842E+16
70524,14,5,23,10,2018,9,21,2,2,8,1,2,0,1,0,0,0,0,1,7.30922E+20,5.58169E+21,1.22455E+16,5.03419E+16
70525,14,6,12,0,2018,9,10,4,3,5,3,0,0,1,0,0,0,0,0,8.32543E+20,5.6669E+21,1.37461E+16,5.10571E+16
70526,14,7,30,360,2018,9,6,6,2,8,1,1,0,1,0,0,0,0,1,7.44818E+20,5.71504E+21,1.25301E+16,5.15333E+16
70527,14,5,22,460,2018,8,16,1,3,2,6,0,0,1,0,1,0,0,0,7.60756E+20,5.64932E+21,1.27116E+16,5.09365E+16
70528,14,6,12,0,2018,9,11,5,3,8,1,0,0,0,0,0,0,1,0,8.33844E+20,5.6717E+21,1.3769E+16,5.10994E+16
70529,14,5,21,50,2018,8,12,3,2,2,6,0,0,1,0,1,0,0,0,7.59271E+20,5.6114E+21,1.26637E+16,5.05968E+16
70530,14,5,11,0,2018,9,16,4,3,9,1,0,0,1,0,0,0,0,0,7.8144E+20,5.63434E+21,1.29937E+16,5.07924E+16
70531,14,6,25,60,2018,8,11,5,3,8,1,0,0,1,0,0,0,0,1,8.63701E+20,5.68453E+21,1.42067E+16,5.11961E+16
70532,14,5,22,230,2018,9,5,1,3,0,7,2,0,1,0,0,0,0,0,7.93017E+20,5.65269E+21,1.31722E+16,5.09512E+16
70533,14,6,25,200,2018,9,12,3,3,4,6,0,0,1,0,0,1,0,0,8.53247E+20,5.67972E+21,1.40529E+16,5.11596E+16
70534,14,7,29,170,2018,9,12,1,2,8,1,0,0,1,0,0,0,0,1,7.2953E+20,5.67417E+21,1.22837E+16,5.11728E+16
70535,14,6,25,20,2018,8,7,6,3,4,2,0,0,1,0,1,0,0,0,8.78629E+20,5.68375E+21,1.44186E+16,5.11795E+16
70536,14,7,30,360,2018,9,15,2,3,8,1,0,0,1,0,0,0,0,0,7.46974E+20,5.71862E+21,1.25636E+16,5.15645E+16
70537,14,6,25,600,2018,9,5,5,2,2,6,0,0,1,0,0,0,0,0,8.40805E+20,5.68021E+21,1.38761E+16,5.11715E+16
70538,14,6,12,0,2018,9,16,4,3,0,3,0,1,0,0,0,0,1,0,8.31959E+20,5.66522E+21,1.37362E+16,5.10424E+16
70539,14,5,11,0,2018,8,15,3,2,0,1,0,0,0,0,1,0,0,0,7.75276E+20,5.63786E+21,1.29091E+16,5.08269E+16
70540,14,5,11,0,2018,9,18,5,2,5,3,0,0,0,0,1,1,0,0,7.72077E+20,5.64123E+21,1.28663E+16,5.08586E+16
70541,14,7,30,270,2018,8,15,4,2,2,6,0,0,1,0,0,0,0,0,7.21981E+20,5.70113E+21,1.21926E+16,5.14178E+16
70542,14,7,13,0,2018,9,7,6,2,3,2,1,1,0,0,0,1,0,0,7.32795E+20,5.69686E+21,1.23451E+16,5.13752E+16
70543,14,7,29,160,2018,9,11,6,2,1,2,0,0,1,0,0,0,0,0,7.58656E+20,5.68401E+21,1.27066E+16,5.12487E+16
70544,14,6,28,270,2018,9,6,2,3,0,2,0,1,0,0,0,0,1,0,8.45226E+20,5.65655E+21,1.39166E+16,5.09569E+16
70545,14,7,29,150,2018,9,11,7,2,5,3,0,0,1,0,1,0,0,0,7.57881E+20,5.66277E+21,1.26803E+16,5.10584E+16
70546,14,6,28,410,2018,8,6,4,3,5,3,0,1,1,0,0,0,0,0,8.1802E+20,5.66487E+21,1.35378E+16,5.10471E+16
70547,14,5,24,330,2018,9,16,7,3,2,6,0,0,1,0,0,0,0,0,7.46331E+20,5.6243E+21,1.24898E+16,5.07182E+16
70548,14,5,11,0,2018,8,9,3,3,0,7,0,0,0,0,0,0,1,1,7.75918E+20,5.63821E+21,1.29185E+16,5.08297E+16
70549,14,5,23,340,2018,9,14,2,3,4,6,0,0,1,0,0,0,1,0,7.3476E+20,5.61448E+21,1.232E+16,5.06349E+16
70550,14,5,22,360,2018,8,14,3,3,2,6,0,0,1,0,0,0,0,0,7.80932E+20,5.65563E+21,1.30029E+16,5.09835E+16
70551,14,7,29,380,2018,9,15,3,2,5,3,0,1,0,0,0,0,1,0,7.56615E+20,5.70191E+21,1.26903E+16,5.14102E+16
70552,14,6,26,290,2018,9,12,5,3,4,1,0,0,1,0,0,0,0,0,8.93304E+20,5.67701E+21,1.46202E+16,5.11093E+16
70553,14,6,26,85,2018,9,17,7,2,5,3,0,1,1,0,0,0,0,0,8.91389E+20,5.66551E+21,1.45805E+16,5.10076E+16
70554,14,7,30,310,2018,8,7,2,2,4,6,0,0,1,0,0,0,0,0,7.73996E+20,5.72232E+21,1.29554E+16,5.15852E+16
70555,14,6,25,610,2018,9,11,6,2,5,3,0,0,1,0,0,0,1,0,8.88763E+20,5.68597E+21,1.45653E+16,5.11925E+16
70556,14,5,24,330,2018,8,16,2,3,6,3,0,0,1,1,0,0,0,0,7.45002E+20,5.62627E+21,1.24724E+16,5.07364E+16
70557,14,5,24,90,2018,9,16,4,2,3,6,0,1,1,0,0,0,0,0,7.58738E+20,5.61904E+21,1.26616E+16,5.06656E+16
70558,14,6,25,560,2018,8,23,6,3,8,7,2,0,1,0,0,0,0,0,8.80775E+20,5.66817E+21,1.44327E+16,5.10386E+16
70559,14,6,12,0,2018,9,18,2,3,0,7,0,1,0,0,0,0,0,0,8.35613E+20,5.67617E+21,1.37984E+16,5.11384E+16
70560,14,7,29,260,2018,9,14,2,2,1,6,0,0,1,0,0,0,0,0,7.34251E+20,5.68614E+21,1.23589E+16,5.12784E+16
70561,14,6,26,245,2018,8,9,6,3,2,6,0,0,1,0,0,1,0,1,8.97599E+20,5.6713E+21,1.46749E+16,5.10552E+16
70562,14,6,25,480,2018,9,0,3,3,0,7,2,1,0,0,0,0,0,0,8.42621E+20,5.67644E+21,1.38984E+16,5.11367E+16
70563,14,7,30,30,2018,9,10,6,2,4,6,0,0,1,0,0,0,0,0,7.85923E+20,5.7248E+21,1.31292E+16,5.16015E+16
70564,14,7,30,340,2018,8,11,7,2,8,1,0,0,1,0,0,0,0,0,7.2541E+20,5.71551E+21,1.2251E+16,5.15456E+16
70565,14,5,22,540,2018,9,16,5,2,3,6,0,0,1,0,0,1,0,0,7.91599E+20,5.65793E+21,1.31563E+16,5.09989E+16
70566,14,5,24,300,2018,8,18,2,3,0,7,0,0,0,0,1,0,0,0,7.37902E+20,5.62621E+21,1.23719E+16,5.07389E+16
70567,14,5,23,380,2018,9,17,3,2,0,1,0,1,0,0,0,0,0,0,7.45074E+20,5.60571E+21,1.24598E+16,5.05519E+16
70568,14,6,28,410,2018,8,17,5,3,9,1,0,0,1,0,0,0,0,1,8.23176E+20,5.66338E+21,1.36097E+16,5.10309E+16
70569,14,5,23,320,2018,9,0,7,2,5,3,2,1,1,0,0,0,0,0,7.2214E+20,5.59776E+21,1.21318E+16,5.04897E+16
70570,14,6,12,0,2018,9,15,3,3,5,3,0,1,1,0,0,0,0,0,8.34624E+20,5.66242E+21,1.37716E+16,5.10157E+16
70571,14,6,25,10,2018,9,12,1,3,8,1,0,0,1,0,0,0,0,1,8.49747E+20,5.66944E+21,1.39931E+16,5.10696E+16
70572,14,6,28,30,2018,8,15,6,3,8,1,0,1,0,0,0,0,0,0,8.64486E+20,5.65461E+21,1.41878E+16,5.09277E+16
70573,14,6,28,380,2018,9,12,2,2,8,1,0,0,0,0,0,0,1,0,8.53894E+20,5.66641E+21,1.40491E+16,5.104E+16
70574,14,6,12,0,2018,9,6,5,3,5,2,1,1,0,0,0,1,0,0,8.30889E+20,5.66645E+21,1.37222E+16,5.1054E+16
70575,14,7,29,50,2018,9,18,3,1,2,6,0,1,1,0,0,0,0,0,7.45972E+20,5.66728E+21,1.25137E+16,5.11042E+16
70576,14,5,24,30,2018,8,17,2,3,5,3,0,1,1,0,0,0,0,0,7.38593E+20,5.63501E+21,1.23874E+16,5.08176E+16
70577,14,7,29,160,2018,9,15,4,3,3,6,0,0,1,0,0,0,1,0,7.67493E+20,5.68491E+21,1.28336E+16,5.12527E+16
70578,14,6,28,110,2018,9,5,6,3,0,7,2,0,0,0,1,0,0,1,8.25001E+20,5.657E+21,1.363E+16,5.09727E+16
70579,14,6,28,390,2018,9,5,6,2,8,1,2,0,0,0,0,0,1,1,8.5315E+20,5.65296E+21,1.40255E+16,5.092E+16
70580,14,5,23,120,2018,9,19,1,2,9,1,1,0,1,0,0,0,0,0,7.38729E+20,5.5964E+21,1.23644E+16,5.04709E+16
70581,14,6,28,270,2018,9,10,7,3,5,3,0,0,1,0,0,0,0,1,8.45397E+20,5.6566E+21,1.3919E+16,5.09572E+16
70582,14,5,24,320,2018,8,13,3,3,6,4,0,0,1,1,0,0,0,0,7.48126E+20,5.61931E+21,1.25119E+16,5.06726E+16
70583,14,6,27,210,2018,8,10,5,3,0,1,0,0,0,0,1,0,0,1,8.24464E+20,5.67199E+21,1.36358E+16,5.11073E+16
70584,14,5,22,150,2018,9,0,1,3,9,1,2,0,1,0,0,0,0,0,7.89553E+20,5.64678E+21,1.31183E+16,5.08999E+16
70585,14,6,27,140,2018,9,15,3,3,3,6,0,1,0,0,0,0,1,0,8.13332E+20,5.67741E+21,1.3482E+16,5.11622E+16
70586,14,7,29,160,2018,9,17,1,2,3,6,0,0,1,0,0,0,0,0,7.72529E+20,5.68221E+21,1.29035E+16,5.12261E+16
70587,14,6,25,430,2018,9,5,2,3,0,3,2,0,1,0,1,0,0,1,8.38684E+20,5.68156E+21,1.38472E+16,5.11849E+16
70588,14,6,12,0,2018,9,13,5,3,0,2,0,1,0,0,0,1,0,0,8.31395E+20,5.66531E+21,1.37283E+16,5.10436E+16
70589,14,5,23,170,2018,9,12,3,3,6,2,0,0,1,1,0,0,0,0,7.38333E+20,5.60734E+21,1.23658E+16,5.05693E+16
70590,14,5,23,300,2018,8,15,2,3,1,6,0,0,0,0,1,0,0,0,7.26015E+20,5.5888E+21,1.2181E+16,5.04077E+16
70591,14,5,24,300,2018,9,18,4,3,5,3,0,0,1,0,1,0,0,0,7.39596E+20,5.62576E+21,1.23956E+16,5.07341E+16
70592,14,6,25,600,2018,8,13,4,3,6,4,0,0,1,1,0,0,0,0,8.47422E+20,5.6789E+21,1.39692E+16,5.11558E+16
70593,14,6,25,600,2018,9,21,6,3,2,6,2,0,1,0,0,0,0,0,8.41086E+20,5.6802E+21,1.38801E+16,5.11713E+16
70594,14,7,30,70,2018,9,7,6,3,5,3,0,1,1,0,0,0,0,0,7.3181E+20,5.71322E+21,1.23417E+16,5.15225E+16
70595,14,6,12,0,2018,9,14,2,3,5,2,0,1,1,0,0,0,0,0,8.30787E+20,5.66612E+21,1.37204E+16,5.10512E+16
70596,14,6,26,200,2018,9,4,7,2,8,1,2,1,0,0,0,0,0,0,9.1036E+20,5.69883E+21,1.48875E+16,5.12925E+16
70597,14,5,21,110,2018,8,17,4,3,5,3,0,0,1,0,1,0,0,0,7.63821E+20,5.59778E+21,1.27183E+16,5.04726E+16
70598,14,7,29,160,2018,9,16,7,2,8,1,0,0,1,0,0,0,0,0,7.58203E+20,5.68312E+21,1.26994E+16,5.12409E+16
70599,14,5,23,320,2018,8,14,2,3,2,6,0,0,1,0,0,0,0,0,7.23678E+20,5.59971E+21,1.21546E+16,5.05066E+16
70600,14,7,13,0,2018,9,14,2,3,5,3,0,0,1,0,0,0,0,0,7.27211E+20,5.69338E+21,1.22628E+16,5.13462E+16
70601,14,5,24,190,2018,8,18,2,3,5,3,0,1,1,0,0,0,0,0,7.43877E+20,5.63843E+21,1.24645E+16,5.08461E+16
70602,14,7,30,300,2018,9,16,3,2,4,2,0,0,1,0,0,0,1,0,7.41902E+20,5.69701E+21,1.24758E+16,5.13727E+16
70603,14,6,12,0,2018,9,18,5,2,8,7,1,0,0,0,1,0,1,1,8.31701E+20,5.66321E+21,1.37307E+16,5.10245E+16
70604,14,6,28,100,2018,9,17,7,3,9,1,0,0,1,0,0,0,0,0,8.47443E+20,5.66284E+21,1.3954E+16,5.10119E+16
70605,14,6,27,140,2018,8,17,2,3,5,3,0,1,0,0,0,0,0,0,8.13293E+20,5.67749E+21,1.34815E+16,5.11628E+16
70606,14,6,12,0,2018,9,10,6,3,0,1,0,1,0,0,0,0,0,0,8.31184E+20,5.66838E+21,1.37281E+16,5.10711E+16
70607,14,5,23,160,2018,8,17,2,3,1,5,0,0,1,0,0,0,1,0,7.46788E+20,5.58432E+21,1.24698E+16,5.03591E+16
70608,14,7,29,400,2018,9,15,4,3,1,6,0,0,1,0,0,0,0,0,7.61537E+20,5.68737E+21,1.27502E+16,5.12775E+16
70609,14,6,27,150,2018,8,15,6,2,5,3,0,0,1,0,1,0,0,0,8.27477E+20,5.6755E+21,1.36818E+16,5.11371E+16
70610,14,5,22,310,2018,9,15,2,3,2,6,0,0,1,0,0,0,0,0,7.74647E+20,5.67397E+21,1.29275E+16,5.11512E+16
70611,14,6,28,360,2018,9,7,2,2,8,7,0,0,0,0,0,0,1,0,8.69261E+20,5.66065E+21,1.42615E+16,5.09788E+16
70612,14,6,12,0,2018,8,7,6,3,6,3,0,0,1,1,0,0,0,0,8.35858E+20,5.66138E+21,1.37881E+16,5.10058E+16
70613,14,6,27,170,2018,9,18,3,3,2,2,0,1,1,0,0,0,0,0,8.17733E+20,5.67933E+21,1.35464E+16,5.11769E+16
70614,14,6,28,20,2018,9,20,6,3,4,1,2,0,1,0,1,0,0,1,8.47729E+20,5.64995E+21,1.39458E+16,5.08962E+16
70615,14,6,12,0,2018,8,21,7,2,0,1,2,1,0,0,0,0,0,0,8.30754E+20,5.66877E+21,1.37224E+16,5.10749E+16
70616,14,7,30,90,2018,9,8,4,2,5,3,0,1,1,0,0,0,0,0,7.68936E+20,5.7278E+21,1.28868E+16,5.16368E+16
70617,14,5,24,180,2018,8,10,2,3,4,6,0,0,1,0,0,0,0,0,7.56398E+20,5.64516E+21,1.26467E+16,5.09011E+16
70618,14,7,13,0,2018,9,15,3,3,1,6,0,0,1,0,0,0,1,0,7.27739E+20,5.69906E+21,1.2274E+16,5.13969E+16
70619,14,6,27,180,2018,8,10,5,3,8,1,0,0,1,0,0,0,0,1,8.04106E+20,5.66396E+21,1.33391E+16,5.10465E+16
70620,14,6,25,640,2018,9,4,7,3,0,7,2,1,0,0,0,0,0,0,8.63849E+20,5.70252E+21,1.42271E+16,5.13572E+16
70621,14,6,12,0,2018,9,14,3,3,6,4,0,0,0,1,0,0,1,0,8.32155E+20,5.66773E+21,1.37413E+16,5.10647E+16
70622,14,6,12,0,2018,9,11,1,3,8,1,0,0,1,0,0,0,0,1,8.38646E+20,5.6708E+21,1.38365E+16,5.10885E+16
70623,14,5,21,410,2018,9,13,2,2,6,4,0,0,0,1,0,0,1,1,7.73236E+20,5.63069E+21,1.28749E+16,5.07635E+16
70624,14,5,11,0,2018,9,7,2,3,5,3,0,1,1,0,0,0,0,1,7.73338E+20,5.64068E+21,1.28838E+16,5.08531E+16
70625,14,5,24,90,2018,8,10,2,2,9,1,0,0,0,0,1,0,0,0,7.60195E+20,5.61851E+21,1.26818E+16,5.06603E+16
70626,14,5,21,390,2018,9,4,5,3,4,6,2,0,0,0,0,1,0,0,7.95967E+20,5.61927E+21,1.31872E+16,5.06499E+16
70627,14,6,25,600,2018,9,9,3,2,2,6,0,0,0,0,0,1,1,0,8.42239E+20,5.68023E+21,1.38966E+16,5.11709E+16
70628,14,7,30,160,2018,8,22,2,3,9,1,2,0,1,0,0,0,0,0,7.58634E+20,5.72084E+21,1.27331E+16,5.15792E+16
70629,14,6,25,110,2018,9,11,4,3,5,3,0,0,1,0,0,0,0,0,8.7447E+20,5.68046E+21,1.43559E+16,5.11528E+16
70630,14,5,22,35,2018,9,17,6,3,8,1,0,0,1,0,0,0,0,1,8.11206E+20,5.65235E+21,1.34301E+16,5.09386E+16
70631,14,6,12,0,2018,9,10,6,2,6,2,0,0,1,1,0,0,0,0,8.30046E+20,5.66256E+21,1.37066E+16,5.10197E+16
70632,14,6,26,280,2018,9,15,1,3,5,3,0,1,0,0,0,0,0,0,8.96449E+20,5.65968E+21,1.46459E+16,5.0952E+16
70633,14,6,28,110,2018,9,20,7,2,6,2,2,0,1,1,0,0,0,1,8.26304E+20,5.65971E+21,1.36509E+16,5.09963E+16
70634,14,6,26,110,2018,8,7,3,3,5,3,0,1,0,0,0,0,1,0,9.16959E+20,5.68236E+21,1.49625E+16,5.11404E+16
70635,14,6,27,250,2018,9,10,7,3,5,3,0,0,1,0,0,0,0,0,8.31689E+20,5.70094E+21,1.37654E+16,5.13627E+16
70636,14,7,29,160,2018,8,16,2,2,8,7,0,0,1,0,0,0,0,0,7.71096E+20,5.68313E+21,1.28837E+16,5.1235E+16
70637,14,5,23,320,2018,9,7,5,3,6,7,0,1,0,1,0,0,0,0,7.20952E+20,5.59844E+21,1.21155E+16,5.04962E+16
70638,14,6,12,0,2018,9,17,3,3,5,2,0,1,1,0,0,0,0,0,8.32538E+20,5.66764E+21,1.37467E+16,5.10638E+16
70639,14,5,11,0,2018,9,1,5,2,8,7,2,0,1,0,0,0,0,0,7.64233E+20,5.63651E+21,1.27517E+16,5.08199E+16
70640,14,5,11,0,2018,9,1,7,3,9,1,2,0,1,0,0,0,0,1,7.7698E+20,5.64003E+21,1.29349E+16,5.08456E+16
70641,14,6,27,180,2018,8,19,1,2,2,6,0,0,1,0,0,0,0,0,7.98963E+20,5.66802E+21,1.32693E+16,5.10856E+16
70642,14,6,25,480,2018,9,18,5,3,5,3,0,1,1,0,0,0,0,0,8.44055E+20,5.67423E+21,1.39167E+16,5.1116E+16
70643,14,7,13,0,2018,8,9,2,3,2,6,0,0,1,0,0,0,0,0,7.35739E+20,5.69357E+21,1.23851E+16,5.13445E+16
70644,14,6,25,20,2018,9,17,4,2,6,2,0,0,1,1,0,0,0,0,8.81217E+20,5.68375E+21,1.44554E+16,5.11777E+16
70645,14,7,30,20,2018,8,14,5,3,0,1,0,1,0,0,0,0,0,0,7.48105E+20,5.72201E+21,1.25823E+16,5.15944E+16
70646,14,7,29,260,2018,9,15,7,3,5,3,0,1,1,0,0,0,0,0,7.36963E+20,5.68592E+21,1.23976E+16,5.12753E+16
70647,14,7,29,10,2018,8,14,2,2,5,3,0,0,1,0,0,0,0,0,7.58168E+20,5.67133E+21,1.26905E+16,5.11351E+16
70648,14,6,27,80,2018,9,13,3,3,4,6,0,0,0,0,0,1,0,0,8.04923E+20,5.67117E+21,1.33568E+16,5.11108E+16
70649,14,6,27,220,2018,9,15,5,3,0,1,0,1,0,0,0,0,0,0,8.33368E+20,5.68287E+21,1.37726E+16,5.11997E+16
70650,14,6,27,180,2018,9,14,7,3,0,3,0,0,1,0,1,0,0,0,7.99301E+20,5.66473E+21,1.32714E+16,5.10559E+16
70651,14,5,22,310,2018,8,13,2,3,5,3,0,0,1,0,0,0,0,0,7.74706E+20,5.67365E+21,1.29281E+16,5.11482E+16
70652,14,5,21,630,2018,9,17,6,3,5,3,0,0,1,0,0,0,0,1,7.82662E+20,5.61337E+21,1.2995E+16,5.06036E+16
70653,14,7,13,0,2018,8,17,2,3,5,3,0,1,1,0,0,0,0,0,7.26273E+20,5.69021E+21,1.22473E+16,5.13181E+16
70654,14,7,29,430,2018,9,17,4,2,4,6,0,0,1,0,0,0,0,0,7.3034E+20,5.67831E+21,1.22979E+16,5.12096E+16
70655,14,6,12,0,2018,8,5,6,2,5,3,1,0,1,0,0,0,0,0,8.29672E+20,5.66601E+21,1.37045E+16,5.10508E+16
70656,14,7,29,160,2018,9,3,1,3,8,1,2,0,1,0,0,0,0,0,7.61316E+20,5.68024E+21,1.27418E+16,5.12137E+16
70657,14,5,22,540,2018,9,3,2,3,7,7,2,0,1,0,0,1,1,0,7.95931E+20,5.65852E+21,1.32183E+16,5.1002E+16
70658,14,6,27,180,2018,8,11,6,2,2,6,0,0,1,0,0,0,0,0,8.04528E+20,5.6642E+21,1.33453E+16,5.10484E+16
70659,14,6,12,0,2018,9,9,3,3,5,3,0,1,1,0,0,0,0,0,8.31326E+20,5.66707E+21,1.3729E+16,5.10593E+16
70660,14,6,12,0,2018,9,11,6,3,5,3,0,1,0,0,0,0,1,0,8.3254E+20,5.66789E+21,1.3747E+16,5.1066E+16
70661,14,7,13,0,2018,9,6,4,3,4,2,0,1,1,0,0,0,0,0,7.3247E+20,5.69241E+21,1.23375E+16,5.13354E+16
70662,14,6,26,490,2018,8,8,2,3,5,3,0,0,1,0,0,1,0,0,8.8336E+20,5.72392E+21,1.45292E+16,5.15358E+16
70663,14,5,21,610,2018,8,17,5,2,4,1,0,0,1,0,0,0,1,1,7.78262E+20,5.6138E+21,1.29333E+16,5.06096E+16
70664,14,6,12,0,2018,9,17,7,3,5,3,0,1,1,0,0,0,0,0,8.24486E+20,5.66977E+21,1.36341E+16,5.10874E+16
70665,14,5,21,630,2018,9,14,3,3,3,2,0,0,1,0,1,0,0,0,7.81641E+20,5.615E+21,1.29818E+16,5.06188E+16
70666,14,5,21,460,2018,9,11,1,3,4,6,0,0,1,0,0,0,0,0,8.11402E+20,5.61852E+21,1.34042E+16,5.06352E+16
70667,14,5,22,220,2018,9,12,1,3,8,1,0,0,1,0,0,0,0,1,7.88591E+20,5.6752E+21,1.31273E+16,5.11553E+16
70668,14,6,26,120,2018,8,17,2,2,9,7,0,0,0,0,1,0,1,1,8.8786E+20,5.72464E+21,1.45945E+16,5.15392E+16
70669,14,5,22,230,2018,9,16,5,3,2,6,0,0,1,0,0,0,0,0,7.89485E+20,5.65698E+21,1.31255E+16,5.09915E+16
70670,14,6,28,410,2018,9,16,3,3,4,7,0,0,1,0,0,0,0,0,8.20265E+20,5.66345E+21,1.35684E+16,5.10331E+16
70671,14,6,25,250,2018,8,12,2,3,2,2,0,0,1,0,1,0,0,0,8.53877E+20,5.69298E+21,1.4075E+16,5.1278E+16
70672,14,6,27,110,2018,9,7,4,3,8,1,0,0,1,0,0,0,0,0,8.265E+20,5.69554E+21,1.36862E+16,5.13173E+16
70673,14,5,22,230,2018,9,18,6,2,4,1,1,0,1,0,1,0,0,0,7.89523E+20,5.65401E+21,1.31237E+16,5.09648E+16
70674,14,5,22,590,2018,9,9,6,2,5,3,0,0,1,0,0,0,1,1,8.09131E+20,5.64442E+21,1.3394E+16,5.08686E+16
70675,14,6,28,10,2018,9,10,1,3,6,4,0,0,1,1,0,0,0,0,8.38318E+20,5.63936E+21,1.38027E+16,5.0807E+16
70676,14,6,12,0,2018,9,13,7,3,2,6,0,0,1,0,0,0,0,0,8.36272E+20,5.66097E+21,1.37936E+16,5.10018E+16
70677,14,6,12,0,2018,8,9,3,3,5,3,0,1,1,0,0,0,0,0,8.30928E+20,5.6651E+21,1.37215E+16,5.10419E+16
70678,14,5,21,170,2018,9,1,7,3,9,1,2,0,1,0,0,0,0,1,7.57313E+20,5.59777E+21,1.26267E+16,5.04754E+16
70679,14,6,25,330,2018,8,9,2,2,5,3,0,0,1,0,1,0,0,0,8.69665E+20,5.70372E+21,1.43115E+16,5.13641E+16