OBJECTID_1,ULAND,UREGBEZ,UKREIS,UGEMEINDE,UJAHR,UMONAT,USTUNDE,UWOCHENTAG,UKATEGORIE,UART,UTYP1,ULICHTVERH,IstRad,IstPKW,IstFuss,IstKrad,IstGkfz,IstSonstig,STRZUSTAND,LINREFX,LINREFY,XGCSWGS84,YGCSWGS84
70866,14,6,25,500,2018,9,15,1,3,5,3,0,1,1,0,0,0,0,0,8.65445E+20,5.69337E+21,1.42405E+16,5.12742E+16
70867,14,6,12,0,2018,9,9,2,3,2,2,0,0,1,0,0,0,0,0,8.35246E+20,5.6747E+21,1.37918E+16,5.11254E+16
70868,14,5,23,430,2018,8,15,5,3,5,3,0,0,1,0,0,1,0,0,7.36459E+20,5.60467E+21,1.23377E+16,5.0546E+16
70869,14,6,12,0,2018,9,17,3,3,3,6,0,0,1,0,0,1,0,0,8.3218E+20,5.67468E+21,1.37481E+16,5.1127E+16
70870,14,5,21,495,2018,9,17,6,3,8,1,0,0,1,0,0,0,0,0,7.9947E+20,5.62525E+21,1.32414E+16,5.07018E+16
70871,14,6,26,500,2018,9,16,4,3,2,6,0,0,1,0,0,0,0,0,9.11519E+20,5.66975E+21,1.48708E+16,5.10315E+16
70872,14,5,22,210,2018,8,9,1,3,3,6,0,0,1,0,0,0,0,0,8.00637E+20,5.6544E+21,1.32818E+16,5.09626E+16
70873,14,5,11,0,2018,8,8,5,3,2,6,0,0,1,0,0,0,0,1,7.71247E+20,5.6353E+21,1.28501E+16,5.08059E+16
70874,14,5,22,140,2018,9,15,7,2,8,1,0,0,0,0,1,0,0,0,7.90687E+20,5.64234E+21,1.31309E+16,5.08595E+16
70875,14,5,24,330,2018,9,13,2,2,5,2,0,1,1,0,0,0,0,0,7.45378E+20,5.6245E+21,1.24765E+16,5.07204E+16
70876,14,5,11,0,2018,9,0,1,2,2,6,2,0,1,0,0,0,0,1,7.63952E+20,5.63643E+21,1.27476E+16,5.08193E+16
70877,14,6,26,250,2018,9,18,1,3,8,1,1,0,1,0,0,0,0,1,8.97001E+20,5.72341E+21,1.47243E+16,5.15219E+16
70878,14,5,23,310,2018,8,9,7,2,9,1,0,0,0,0,1,0,0,0,7.05974E+20,5.60218E+21,1.19067E+16,5.05352E+16
70879,14,6,12,0,2018,9,15,3,3,2,2,0,0,1,0,1,0,0,0,8.29694E+20,5.66493E+21,1.37038E+16,5.10411E+16
70880,14,5,24,260,2018,8,7,7,3,8,1,1,0,1,0,0,0,0,1,7.51801E+20,5.64034E+21,1.25782E+16,5.08599E+16
70881,14,6,12,0,2018,9,16,4,3,5,2,0,1,1,0,0,0,0,0,8.33486E+20,5.67007E+21,1.37624E+16,5.1085E+16
70882,14,5,24,100,2018,9,16,5,3,3,6,0,1,0,0,0,1,0,0,7.50973E+20,5.61082E+21,1.25463E+16,5.05953E+16
70883,14,5,21,520,2018,9,14,6,3,5,3,0,0,1,0,0,0,0,0,7.79292E+20,5.60737E+21,1.29429E+16,5.05515E+16
70884,14,6,12,0,2018,9,16,1,3,3,6,0,0,1,0,1,0,0,0,8.31792E+20,5.66745E+21,1.37359E+16,5.10625E+16
70885,14,5,22,180,2018,9,16,7,3,5,3,0,1,0,0,1,0,0,1,8.04891E+20,5.65026E+21,1.33388E+16,5.09232E+16
70886,14,6,12,0,2018,8,7,3,3,3,6,0,1,1,0,0,0,0,0,8.3384E+20,5.67168E+21,1.3769E+16,5.10992E+16
70887,14,5,23,170,2018,9,7,6,3,4,2,0,0,1,0,0,0,1,0,7.36235E+20,5.60995E+21,1.23379E+16,5.05936E+16
70888,14,5,24,260,2018,8,2,7,3,9,1,2,0,1,0,0,0,0,1,7.4866E+20,5.63933E+21,1.25329E+16,5.08522E+16
70889,14,6,25,10,2018,9,14,5,3,5,3,0,0,1,0,0,0,0,1,8.46514E+20,5.67234E+21,1.39499E+16,5.10976E+16
70890,14,5,23,330,2018,9,14,2,3,8,1,0,0,1,0,0,0,0,1,7.26646E+20,5.60602E+21,1.22003E+16,5.05621E+16
70891,14,6,28,60,2018,9,17,4,3,5,7,0,0,1,0,1,0,0,0,8.26755E+20,5.65072E+21,1.36493E+16,5.09155E+16
70892,14,6,27,150,2018,9,6,3,3,0,7,0,0,0,0,1,0,0,0,8.28751E+20,5.67519E+21,1.36997E+16,5.11336E+16
70893,14,5,23,320,2018,8,11,7,3,4,2,0,0,1,0,1,0,0,0,7.19983E+20,5.60266E+21,1.21044E+16,5.05345E+16
70894,14,6,28,270,2018,9,18,4,2,5,3,1,1,1,0,0,0,0,0,8.46399E+20,5.65739E+21,1.3934E+16,5.09637E+16
70895,14,5,11,0,2018,9,12,6,3,2,6,0,0,1,0,0,0,0,0,7.76567E+20,5.63809E+21,1.29276E+16,5.08284E+16
70896,14,6,28,40,2018,9,14,6,2,4,1,0,0,1,0,0,0,0,0,8.44827E+20,5.65035E+21,1.39051E+16,5.09016E+16
70897,14,6,27,70,2018,9,17,1,3,5,2,0,0,1,0,0,0,0,0,7.99032E+20,5.68664E+21,1.32857E+16,5.12525E+16
70898,14,6,12,0,2018,9,16,7,3,0,1,0,1,0,0,0,0,0,1,8.29677E+20,5.66409E+21,1.37028E+16,5.10336E+16
70899,14,6,27,230,2018,8,18,3,3,5,3,0,0,1,0,0,0,0,0,7.95396E+20,5.6885E+21,1.32353E+16,5.12711E+16
70900,14,6,12,0,2018,9,12,7,3,5,3,0,0,1,0,0,0,0,0,8.38035E+20,5.66786E+21,1.38251E+16,5.10625E+16
70901,14,7,30,280,2018,8,9,7,2,8,1,0,0,1,0,0,0,0,0,7.422E+20,5.71276E+21,1.24908E+16,5.15139E+16
70902,14,7,29,40,2018,9,16,5,3,2,6,0,0,1,0,0,0,1,0,7.36788E+20,5.68214E+21,1.23926E+16,5.12414E+16
70903,14,5,22,310,2018,9,11,3,1,8,7,0,0,0,0,0,0,1,0,7.75635E+20,5.67595E+21,1.29431E+16,5.11685E+16
70904,14,7,13,0,2018,9,14,4,3,5,3,0,1,1,0,0,0,0,0,7.3735E+20,5.69024E+21,1.2406E+16,5.13139E+16
70905,14,5,24,30,2018,9,18,6,3,1,7,0,1,1,0,0,0,0,0,7.38694E+20,5.63503E+21,1.23888E+16,5.08177E+16
70906,14,6,27,180,2018,8,19,1,3,2,6,0,0,1,0,0,0,0,0,7.98963E+20,5.66802E+21,1.32693E+16,5.10856E+16
70907,14,6,25,410,2018,9,14,5,3,5,3,0,1,1,0,0,0,0,0,8.52213E+20,5.68155E+21,1.404E+16,5.11766E+16
70908,14,7,29,140,2018,8,23,7,3,8,1,2,0,1,0,0,0,0,0,7.54958E+20,5.66578E+21,1.26408E+16,5.10868E+16
70909,14,6,28,160,2018,9,15,4,3,5,3,0,0,1,0,0,0,0,0,8.40597E+20,5.65883E+21,1.3853E+16,5.09801E+16
70910,14,7,13,0,2018,8,14,5,3,3,2,0,1,1,0,0,0,0,1,7.32148E+20,5.69247E+21,1.23329E+16,5.1336E+16
70911,14,6,12,0,2018,9,11,1,3,0,1,0,1,0,0,0,0,0,0,8.2897E+20,5.6651E+21,1.36937E+16,5.1043E+16
70912,14,7,13,0,2018,9,14,3,3,2,6,0,0,1,0,1,0,0,0,7.35918E+20,5.70033E+21,1.23922E+16,5.1405E+16
70913,14,5,22,590,2018,9,6,2,2,4,6,2,0,1,0,0,0,0,1,8.11586E+20,5.64357E+21,1.3428E+16,5.08597E+16
70914,14,5,23,320,2018,8,21,5,2,8,1,2,0,1,0,0,0,0,0,7.24554E+20,5.59364E+21,1.21633E+16,5.04517E+16
70915,14,5,21,310,2018,9,8,3,2,2,1,0,0,1,0,0,0,1,0,7.6949E+20,5.63223E+21,1.2823E+16,5.07791E+16
70916,14,5,23,100,2018,9,18,5,2,4,1,0,0,1,0,0,0,0,0,7.27471E+20,5.61392E+21,1.22167E+16,5.06327E+16
70917,14,6,28,160,2018,9,18,4,3,5,3,0,0,1,0,0,0,0,0,8.41952E+20,5.65729E+21,1.38708E+16,5.09655E+16
70918,14,7,29,270,2018,8,11,7,2,1,6,0,0,1,0,0,0,0,0,7.23813E+20,5.68985E+21,1.22118E+16,5.13159E+16
70919,14,5,23,340,2018,8,5,4,3,3,2,1,1,1,0,0,0,0,0,7.30759E+20,5.61287E+21,1.22625E+16,5.0622E+16
70920,14,5,23,160,2018,9,10,6,3,2,6,0,0,1,0,0,0,0,0,7.46717E+20,5.58477E+21,1.24691E+16,5.03632E+16
70921,14,7,13,0,2018,9,19,2,3,8,1,1,0,0,0,1,0,0,0,7.34695E+20,5.69351E+21,1.23701E+16,5.13443E+16
70922,14,5,24,20,2018,9,5,7,2,9,7,1,0,1,0,0,0,0,0,7.58904E+20,5.63941E+21,1.26782E+16,5.08484E+16
70923,14,6,26,610,2018,8,18,6,3,0,1,0,0,0,0,1,0,0,1,9.0854E+20,5.65547E+21,1.48125E+16,5.09059E+16
70924,14,6,27,180,2018,9,17,1,3,9,1,1,0,1,0,0,0,0,1,8.00033E+20,5.66227E+21,1.32797E+16,5.10335E+16
70925,14,7,30,270,2018,8,9,7,3,3,6,0,0,1,0,1,0,0,0,7.229E+20,5.69954E+21,1.22048E+16,5.14032E+16
70926,14,5,22,440,2018,9,17,3,1,2,6,0,1,0,0,0,0,1,0,7.93961E+20,5.64391E+21,1.31786E+16,5.0872E+16
70927,14,7,13,0,2018,8,17,7,3,5,3,0,1,1,0,0,0,0,0,7.34615E+20,5.69019E+21,1.23668E+16,5.13146E+16
70928,14,5,21,380,2018,9,14,4,2,5,3,0,1,1,0,0,0,0,0,7.62677E+20,5.62818E+21,1.27237E+16,5.07459E+16
70929,14,7,29,10,2018,9,16,5,3,8,1,0,0,0,0,1,0,0,0,7.55272E+20,5.67119E+21,1.26491E+16,5.11351E+16
70930,14,5,23,90,2018,9,14,7,3,5,3,0,0,1,0,1,0,0,0,7.40566E+20,5.59817E+21,1.23914E+16,5.0486E+16
70931,14,5,24,330,2018,8,13,6,2,5,3,0,0,1,0,0,0,1,0,7.46022E+20,5.62645E+21,1.24869E+16,5.07377E+16
70932,14,5,11,0,2018,8,15,3,2,6,4,0,0,1,1,0,0,0,0,7.78024E+20,5.64055E+21,1.29501E+16,5.08497E+16
70933,14,7,13,0,2018,9,12,6,3,2,6,0,0,1,0,0,1,0,0,7.40886E+20,5.69635E+21,1.24608E+16,5.13672E+16
70934,14,7,30,270,2018,8,19,7,2,4,1,0,0,1,0,0,0,0,0,7.28459E+20,5.70247E+21,1.22865E+16,5.14273E+16
70935,14,5,22,330,2018,9,12,5,3,2,6,0,0,1,0,0,0,0,0,7.78747E+20,5.65171E+21,1.29688E+16,5.09494E+16
70936,14,7,13,0,2018,8,22,6,2,0,1,2,1,0,0,0,0,0,0,7.38542E+20,5.68945E+21,1.24225E+16,5.13063E+16
70937,14,6,26,440,2018,9,11,2,2,5,3,0,0,1,0,0,0,0,0,9.0148E+20,5.69777E+21,1.47596E+16,5.12894E+16
70938,14,7,30,110,2018,9,6,2,3,3,5,1,0,1,0,0,0,1,0,7.52162E+20,5.70715E+21,1.26301E+16,5.14593E+16
70939,14,5,23,190,2018,8,19,5,2,5,3,0,0,1,0,0,0,0,0,7.31814E+20,5.60922E+21,1.22751E+16,5.05888E+16
70940,14,5,24,280,2018,9,15,3,1,4,6,0,0,1,0,0,1,0,0,7.56152E+20,5.63567E+21,1.26366E+16,5.0816E+16
70941,14,7,13,0,2018,9,10,6,3,2,6,0,0,1,0,0,0,0,1,7.36246E+20,5.6937E+21,1.23925E+16,5.13454E+16
70942,14,5,23,340,2018,8,17,7,3,5,3,0,0,1,0,0,0,0,0,7.3089E+20,5.61276E+21,1.22643E+16,5.0621E+16
70943,14,5,22,50,2018,9,13,5,2,0,1,0,1,0,0,0,0,0,0,8.03534E+20,5.64389E+21,1.33142E+16,5.08669E+16
70944,14,6,26,250,2018,8,13,7,3,5,3,0,1,1,0,0,0,0,0,8.96655E+20,5.72242E+21,1.47182E+16,5.15133E+16
70945,14,5,11,0,2018,9,13,4,3,3,6,0,0,1,0,0,1,0,0,7.7303E+20,5.63588E+21,1.28758E+16,5.08102E+16
70946,14,6,28,270,2018,8,8,5,3,4,2,0,1,1,0,0,0,0,1,8.46211E+20,5.65708E+21,1.39311E+16,5.09611E+16
70947,14,5,22,140,2018,9,13,1,2,8,1,0,0,0,0,1,0,0,0,7.87603E+20,5.64107E+21,1.30862E+16,5.08497E+16
70948,14,6,28,360,2018,9,7,3,3,2,6,0,0,1,0,0,0,0,0,8.69239E+20,5.66114E+21,1.42617E+16,5.09831E+16
70949,14,7,13,0,2018,9,10,1,3,8,1,0,0,1,0,0,0,0,1,7.35835E+20,5.69831E+21,1.23896E+16,5.1387E+16
70950,14,5,23,170,2018,8,7,5,3,0,1,0,0,0,0,1,0,0,0,7.41138E+20,5.60749E+21,1.24055E+16,5.05695E+16
70951,14,6,26,610,2018,9,11,2,2,5,3,0,0,1,0,0,0,0,1,9.07219E+20,5.65456E+21,1.47928E+16,5.08987E+16
70952,14,6,28,270,2018,9,20,5,3,5,3,2,1,1,0,0,0,0,0,8.45025E+20,5.65651E+21,1.39137E+16,5.09567E+16
70953,14,5,23,365,2018,9,10,3,2,8,7,0,0,1,0,0,0,0,0,7.18744E+20,5.60316E+21,1.20872E+16,5.05394E+16
70954,14,6,25,480,2018,8,15,7,3,4,2,0,0,1,0,0,0,0,0,8.45436E+20,5.67404E+21,1.39362E+16,5.11135E+16
70955,14,5,24,330,2018,9,6,4,3,5,3,0,1,1,0,0,0,0,0,7.47282E+20,5.62243E+21,1.2502E+16,5.0701E+16
70956,14,7,30,110,2018,9,10,6,3,2,2,0,0,1,0,0,1,0,1,7.53463E+20,5.70777E+21,1.26492E+16,5.14642E+16
70957,14,6,27,100,2018,8,20,1,3,2,6,2,0,1,0,0,0,0,0,8.12512E+20,5.66599E+21,1.34604E+16,5.10602E+16
70958,14,6,28,270,2018,9,17,5,3,5,3,0,0,1,0,0,0,0,0,8.47453E+20,5.65682E+21,1.39484E+16,5.0958E+16
70959,14,6,28,380,2018,8,16,7,3,5,3,0,0,1,0,1,0,0,0,8.56293E+20,5.66789E+21,1.40846E+16,5.10517E+16
70960,14,6,28,260,2018,9,11,4,2,4,1,0,0,1,0,0,0,1,0,8.6494E+20,5.66308E+21,1.42027E+16,5.10033E+16
70961,14,6,25,20,2018,8,13,5,3,0,1,0,0,0,0,1,0,0,1,8.7903E+20,5.6838E+21,1.44243E+16,5.11796E+16
70962,14,5,22,360,2018,9,15,1,3,5,3,0,0,1,0,1,0,0,0,7.79484E+20,5.65526E+21,1.2982E+16,5.09809E+16
70963,14,6,26,140,2018,9,11,3,3,1,7,0,0,0,0,1,0,1,0,8.98545E+20,5.6535E+21,1.46689E+16,5.08953E+16
70964,14,5,23,280,2018,9,12,1,2,8,1,0,0,1,0,0,0,0,1,7.36116E+20,5.61765E+21,1.23411E+16,5.06628E+16
70965,14,7,30,310,2018,9,14,2,3,2,6,0,0,1,0,0,0,0,0,7.77193E+20,5.7181E+21,1.29981E+16,5.15458E+16
70966,14,6,26,245,2018,9,5,5,3,5,3,2,0,1,0,1,0,0,0,8.97009E+20,5.66345E+21,1.4658E+16,5.09853E+16
70967,14,6,12,0,2018,9,12,4,3,3,6,0,0,1,0,1,0,0,0,8.30146E+20,5.6693E+21,1.37142E+16,5.108E+16
70968,14,6,12,0,2018,8,3,7,2,0,7,2,1,0,0,0,0,0,1,8.38109E+20,5.66576E+21,1.38242E+16,5.10437E+16
70969,14,7,13,0,2018,8,12,4,3,3,6,0,0,1,0,0,1,0,0,7.42466E+20,5.68483E+21,1.24756E+16,5.12631E+16
70970,14,7,30,340,2018,9,9,6,3,2,6,0,0,0,0,0,1,0,0,7.23348E+20,5.70706E+21,1.2216E+16,5.14705E+16
70971,14,7,29,160,2018,9,14,6,3,2,2,0,0,1,0,0,0,0,0,7.59455E+20,5.68212E+21,1.27166E+16,5.12313E+16
70972,14,6,25,20,2018,9,9,2,3,3,2,0,1,1,0,0,0,0,0,8.79286E+20,5.68242E+21,1.44265E+16,5.11671E+16
70973,14,7,30,160,2018,9,13,7,2,9,1,0,0,0,0,1,0,0,0,7.54158E+20,5.72144E+21,1.26691E+16,5.15866E+16
70974,14,6,28,400,2018,8,18,4,3,2,7,0,0,1,0,1,0,0,0,8.2145E+20,5.65812E+21,1.35806E+16,5.09847E+16
70975,14,5,22,460,2018,9,18,1,2,9,1,2,0,1,0,0,0,0,1,7.59226E+20,5.65297E+21,1.26924E+16,5.09699E+16
70976,14,6,28,100,2018,8,15,7,2,9,1,0,0,0,0,1,0,0,0,8.47351E+20,5.66435E+21,1.39542E+16,5.10256E+16
70977,14,5,24,230,2018,9,6,2,3,5,3,2,0,1,0,1,0,0,0,7.62392E+20,5.63265E+21,1.27228E+16,5.07861E+16
70978,14,5,11,0,2018,8,17,7,3,2,6,0,0,1,0,0,0,0,0,7.73536E+20,5.63667E+21,1.28836E+16,5.0817E+16
70979,14,5,23,20,2018,9,19,3,3,8,1,2,0,1,0,0,0,0,0,7.4364E+20,5.59789E+21,1.24345E+16,5.04822E+16
70980,14,7,29,40,2018,9,17,5,2,5,2,0,0,1,0,1,0,0,0,7.36092E+20,5.68017E+21,1.23813E+16,5.1224E+16
70981,14,7,13,0,2018,9,13,7,3,2,3,0,0,1,0,0,0,0,0,7.45308E+20,5.69095E+21,1.25204E+16,5.13168E+16
70982,14,7,30,270,2018,8,10,2,2,4,2,0,0,1,0,0,0,0,0,7.28398E+20,5.70163E+21,1.22851E+16,5.14198E+16
70983,14,6,25,230,2018,9,12,6,3,2,6,0,0,1,0,0,0,0,0,8.90886E+20,5.68036E+21,1.45894E+16,5.11409E+16
70984,14,5,24,210,2018,8,11,6,3,0,1,0,0,1,0,0,0,0,0,7.37685E+20,5.63339E+21,1.23735E+16,5.08034E+16
70985,14,5,24,330,2018,9,7,4,2,2,6,0,0,1,0,0,0,0,0,7.49822E+20,5.62476E+21,1.25395E+16,5.07209E+16
70986,14,6,25,540,2018,8,11,6,2,2,6,0,0,1,0,0,0,0,0,8.51947E+20,5.69311E+21,1.40476E+16,5.12804E+16
70987,14,6,12,0,2018,9,15,2,3,6,7,0,0,1,1,0,0,0,0,8.31995E+20,5.66796E+21,1.37393E+16,5.10669E+16
70988,14,7,13,0,2018,9,19,2,3,2,6,1,0,1,0,0,0,1,0,7.39908E+20,5.69564E+21,1.24463E+16,5.13613E+16
70989,14,6,26,250,2018,9,9,3,3,5,3,0,0,1,0,0,0,0,0,8.97162E+20,5.72393E+21,1.47272E+16,5.15264E+16
70990,14,7,13,0,2018,9,16,6,3,2,6,0,0,1,0,0,0,0,0,7.3654E+20,5.6922E+21,1.23957E+16,5.13318E+16
70991,14,7,13,0,2018,8,13,7,3,1,6,0,0,0,0,1,0,1,1,7.35117E+20,5.69704E+21,1.23785E+16,5.13758E+16
70992,14,6,27,100,2018,9,8,5,3,2,6,0,0,1,0,0,0,0,0,8.09229E+20,5.66585E+21,1.34136E+16,5.10608E+16
70993,14,5,24,210,2018,8,12,6,3,5,3,0,0,1,0,0,0,0,0,7.40804E+20,5.6311E+21,1.24161E+16,5.07815E+16
70994,14,5,24,120,2018,9,19,3,2,2,6,0,0,1,0,0,0,0,0,7.64362E+20,5.63524E+21,1.27526E+16,5.08084E+16
70995,14,6,28,110,2018,8,14,5,2,4,6,0,0,1,0,1,0,0,1,8.26522E+20,5.65955E+21,1.36539E+16,5.09947E+16
70996,14,5,24,110,2018,9,15,7,2,5,3,0,0,1,0,0,0,0,0,7.45141E+20,5.61452E+21,1.24665E+16,5.0631E+16
70997,14,6,12,0,2018,9,15,3,3,2,2,0,0,1,0,1,0,0,0,8.24298E+20,5.66981E+21,1.36314E+16,5.10879E+16
70998,14,6,25,200,2018,9,11,1,3,5,3,0,0,1,0,0,0,0,0,8.50881E+20,5.67781E+21,1.40174E+16,5.11439E+16
70999,14,6,28,190,2018,9,15,2,3,6,4,0,0,1,1,0,0,0,0,8.60292E+20,5.66069E+21,1.41343E+16,5.09848E+16
71000,14,6,12,0,2018,9,12,5,3,4,6,0,1,0,0,0,0,0,0,8.31266E+20,5.6696E+21,1.37304E+16,5.10821E+16
71001,14,7,30,340,2018,9,7,3,2,2,6,0,0,0,0,0,1,1,0,7.23149E+20,5.70799E+21,1.22137E+16,5.1479E+16
71002,14,5,23,190,2018,8,14,6,3,5,3,0,0,1,0,0,0,0,0,7.3194E+20,5.60907E+21,1.22768E+16,5.05874E+16
71003,14,7,30,20,2018,9,9,4,3,5,7,0,1,0,0,0,0,1,0,7.4642E+20,5.71928E+21,1.25561E+16,5.15707E+16
71004,14,6,27,100,2018,9,14,6,3,5,3,0,0,1,0,0,1,0,0,8.15443E+20,5.66983E+21,1.35054E+16,5.1093E+16
71005,14,6,27,230,2018,9,14,6,2,5,3,0,1,1,0,0,0,0,0,7.96518E+20,5.69179E+21,1.32541E+16,5.13E+16
71006,14,5,22,330,2018,9,5,2,3,2,1,2,0,0,0,0,1,1,0,7.80411E+20,5.6476E+21,1.29893E+16,5.09118E+16
71007,14,6,28,380,2018,9,13,7,3,8,1,0,0,1,0,0,0,0,1,8.57566E+20,5.6641E+21,1.4099E+16,5.1017E+16
71008,14,5,21,320,2018,8,16,4,2,5,3,0,0,1,0,1,0,0,0,7.61247E+20,5.59433E+21,1.26797E+16,5.04427E+16
71009,14,7,30,270,2018,9,15,7,3,2,6,0,0,1,0,0,0,0,0,7.23821E+20,5.70196E+21,1.22196E+16,5.14246E+16
71010,14,5,24,330,2018,8,13,6,2,5,3,0,0,1,0,0,0,0,0,7.45884E+20,5.63154E+21,1.24884E+16,5.07834E+16
71011,14,6,28,270,2018,9,15,3,3,5,3,0,0,1,0,0,0,1,0,8.45493E+20,5.65662E+21,1.39204E+16,5.09574E+16
71012,14,6,12,0,2018,9,10,5,3,2,6,0,0,1,0,1,0,0,0,8.37163E+20,5.66794E+21,1.38128E+16,5.10637E+16
71013,14,6,27,210,2018,9,11,7,3,2,6,0,0,1,0,0,0,0,0,8.23E+20,5.67261E+21,1.36155E+16,5.11137E+16
71014,14,6,27,150,2018,8,0,2,1,9,1,2,0,0,0,0,0,1,0,8.21199E+20,5.68176E+21,1.3598E+16,5.11968E+16
71015,14,6,25,450,2018,8,18,4,2,2,6,0,0,1,0,1,0,0,0,8.50659E+20,5.68219E+21,1.40185E+16,5.11833E+16
71016,14,6,25,20,2018,9,12,6,2,8,6,0,0,1,0,0,1,0,1,8.81246E+20,5.68573E+21,1.44579E+16,5.11955E+16
71017,14,7,30,300,2018,9,13,6,2,6,4,0,0,1,1,0,0,0,0,7.4262E+20,5.69748E+21,1.24864E+16,5.13766E+16
71018,14,6,12,0,2018,9,10,2,3,0,1,0,1,0,0,0,0,0,0,8.34464E+20,5.66216E+21,1.3769E+16,5.10135E+16
71019,14,6,26,110,2018,9,15,7,2,2,6,0,0,1,0,0,0,0,1,9.18588E+20,5.68088E+21,1.49839E+16,5.1126E+16
71020,14,6,12,0,2018,8,12,4,2,5,2,0,0,1,0,0,0,1,0,8.23478E+20,5.66424E+21,1.36148E+16,5.10385E+16
71021,14,5,23,300,2018,9,15,7,2,4,6,0,0,1,0,0,0,1,0,7.25802E+20,5.58909E+21,1.21781E+16,5.04104E+16
71022,14,5,24,330,2018,8,10,6,3,4,2,0,0,1,0,0,0,0,0,7.45554E+20,5.62633E+21,1.24802E+16,5.07368E+16
71023,14,7,13,0,2018,9,13,2,3,5,2,0,1,1,0,0,0,0,0,7.36468E+20,5.69301E+21,1.23952E+16,5.13391E+16
71024,14,7,30,280,2018,8,19,6,3,0,7,0,0,1,0,0,0,0,0,7.41182E+20,5.71146E+21,1.24753E+16,5.15027E+16
71025,14,7,30,70,2018,9,11,3,3,4,2,0,1,1,0,0,0,0,0,7.33654E+20,5.71363E+21,1.23685E+16,5.15254E+16
71026,14,6,28,250,2018,9,13,5,3,5,3,0,0,1,0,1,0,0,0,8.37466E+20,5.65233E+21,1.38026E+16,5.09237E+16
71027,14,6,27,70,2018,9,12,7,3,5,3,0,0,1,0,0,0,0,0,8.00206E+20,5.68582E+21,1.33018E+16,5.12446E+16
71028,14,6,27,230,2018,8,10,2,3,0,7,0,1,1,0,0,0,0,0,7.99609E+20,5.69213E+21,1.32986E+16,5.13015E+16
71029,14,6,27,100,2018,9,12,6,3,2,6,0,0,1,0,1,0,0,0,8.1949E+20,5.67231E+21,1.35652E+16,5.1113E+16
71030,14,7,29,370,2018,8,8,6,2,5,2,0,1,1,0,0,0,0,0,7.41999E+20,5.6773E+21,1.24638E+16,5.11957E+16
71031,14,7,30,310,2018,9,8,4,3,5,3,0,1,1,0,0,0,0,0,7.77374E+20,5.71917E+21,1.30016E+16,5.15553E+16
71032,14,6,28,270,2018,8,14,6,3,6,7,0,1,0,1,0,0,0,0,8.47313E+20,5.65479E+21,1.39445E+16,5.09399E+16
71033,14,5,11,0,2018,9,10,2,3,0,7,0,0,1,0,0,1,0,0,7.8135E+20,5.63442E+21,1.29925E+16,5.07931E+16
71034,14,6,26,570,2018,9,17,2,3,2,6,0,0,1,0,0,0,0,0,9.02113E+20,5.68823E+21,1.47579E+16,5.12035E+16
71035,14,6,27,360,2018,9,19,3,3,8,1,2,0,1,0,0,0,0,0,8.0288E+20,5.69504E+21,1.33478E+16,5.13258E+16
71036,14,6,28,160,2018,9,10,6,3,5,3,0,0,1,0,0,0,0,1,8.41106E+20,5.65809E+21,1.38596E+16,5.09732E+16
71037,14,6,28,150,2018,8,19,7,3,9,1,2,0,1,0,0,0,0,1,8.25339E+20,5.63623E+21,1.36163E+16,5.07863E+16
71038,14,5,23,430,2018,9,14,4,2,4,1,0,0,1,0,1,0,1,0,7.3352E+20,5.60125E+21,1.22942E+16,5.05165E+16
71039,14,7,29,320,2018,8,9,6,3,2,6,0,0,1,0,0,0,0,0,7.37344E+20,5.67317E+21,1.23946E+16,5.11606E+16
71040,14,7,30,270,2018,9,15,3,3,2,6,0,0,1,0,0,0,0,0,7.24072E+20,5.69369E+21,1.2218E+16,5.13502E+16
71041,14,6,12,0,2018,8,14,5,3,9,1,0,0,0,0,1,0,0,1,8.37952E+20,5.66731E+21,1.38234E+16,5.10576E+16
71042,14,6,25,640,2018,9,16,7,3,8,1,0,0,0,0,1,0,0,0,8.65463E+20,5.70769E+21,1.42555E+16,5.14024E+16
71043,14,6,12,0,2018,9,15,3,3,5,2,0,1,0,0,0,1,0,0,8.28491E+20,5.66783E+21,1.36893E+16,5.10678E+16
71044,14,6,28,50,2018,9,11,1,3,0,1,0,0,0,0,1,0,0,1,8.30889E+20,5.65925E+21,1.37156E+16,5.09895E+16
71045,14,6,12,0,2018,9,8,2,3,2,5,0,0,1,0,0,0,0,0,8.30984E+20,5.66854E+21,1.37254E+16,5.10727E+16
71046,14,5,22,180,2018,9,13,2,3,4,2,0,0,1,0,0,0,0,1,8.04949E+20,5.64908E+21,1.33386E+16,5.09127E+16
71047,14,7,30,340,2018,8,16,6,3,3,6,0,0,1,0,1,0,0,0,7.22719E+20,5.70349E+21,1.22047E+16,5.14388E+16
71048,14,5,21,495,2018,9,14,5,3,8,1,0,0,1,0,0,0,0,0,7.92868E+20,5.62897E+21,1.31512E+16,5.07385E+16
71049,14,6,25,40,2018,9,15,3,2,5,3,0,0,1,0,0,0,0,0,8.62625E+20,5.67629E+21,1.41831E+16,5.1123E+16
71050,14,7,29,410,2018,8,11,6,2,5,3,0,1,0,0,0,1,0,0,7.60947E+20,5.69765E+21,1.27493E+16,5.137E+16
71051,14,6,25,600,2018,9,13,4,3,5,3,0,0,1,0,0,0,0,0,8.47606E+20,5.67909E+21,1.3972E+16,5.11574E+16