OBJECTID_1,ULAND,UREGBEZ,UKREIS,UGEMEINDE,UJAHR,UMONAT,USTUNDE,UWOCHENTAG,UKATEGORIE,UART,UTYP1,ULICHTVERH,IstRad,IstPKW,IstFuss,IstKrad,IstGkfz,IstSonstig,STRZUSTAND,LINREFX,LINREFY,XGCSWGS84,YGCSWGS84
71052,14,6,12,0,2018,9,13,6,3,3,6,0,0,1,0,1,0,0,1,8.38904E+20,5.6752E+21,1.38443E+16,5.11278E+16
71053,14,6,12,0,2018,9,16,6,3,6,4,0,0,1,1,0,0,0,0,8.29626E+20,5.66392E+21,1.37019E+16,5.10321E+16
71054,14,7,30,110,2018,9,10,1,3,5,3,0,0,1,0,0,0,0,0,7.4631E+20,5.70659E+21,1.25456E+16,5.14568E+16
71055,14,6,27,250,2018,9,11,7,2,2,6,0,0,1,0,0,0,0,0,8.28781E+20,5.69352E+21,1.37169E+16,5.12978E+16
71056,14,6,26,610,2018,8,16,3,3,5,3,0,0,1,0,1,0,0,0,9.08534E+20,5.65396E+21,1.48107E+16,5.08924E+16
71057,14,6,27,360,2018,9,13,7,3,4,1,0,0,1,0,0,0,0,0,8.03165E+20,5.69759E+21,1.33541E+16,5.13486E+16
71058,14,7,13,0,2018,8,22,6,2,5,2,2,0,1,0,1,0,0,1,7.35096E+20,5.69704E+21,1.23782E+16,5.13758E+16
71059,14,5,23,310,2018,9,15,5,3,0,7,0,1,0,0,0,0,0,0,7.07716E+20,5.60286E+21,1.19316E+16,5.05408E+16
71060,14,6,27,220,2018,9,14,3,3,8,7,0,0,1,0,0,0,0,0,8.3207E+20,5.67753E+21,1.37492E+16,5.11527E+16
71061,14,5,22,540,2018,9,12,5,3,9,1,0,0,1,0,0,0,0,0,7.96024E+20,5.66442E+21,1.32245E+16,5.10549E+16
71062,14,5,22,230,2018,9,22,7,3,2,6,2,0,1,0,0,0,1,0,7.89519E+20,5.657E+21,1.3126E+16,5.09916E+16
71063,14,7,30,140,2018,8,17,1,2,9,1,0,0,1,0,0,0,0,0,7.47102E+20,5.70255E+21,1.25542E+16,5.14202E+16
71064,14,7,13,0,2018,9,16,5,3,5,3,0,1,1,0,0,0,0,0,7.32963E+20,5.69286E+21,1.23449E+16,5.13392E+16
71065,14,6,26,610,2018,8,14,6,3,5,3,0,1,1,0,0,0,0,0,9.07705E+20,5.65416E+21,1.47992E+16,5.08948E+16
71066,14,6,25,380,2018,9,12,4,3,3,2,0,1,1,0,0,0,0,0,8.71679E+20,5.67388E+21,1.43094E+16,5.10956E+16
71067,14,5,23,270,2018,8,12,5,3,4,6,0,0,1,0,0,1,0,1,7.28353E+20,5.59855E+21,1.22198E+16,5.04944E+16
71068,14,6,28,260,2018,9,12,1,3,2,6,0,0,1,0,1,0,0,0,8.67518E+20,5.66313E+21,1.42393E+16,5.1002E+16
71069,14,5,22,380,2018,9,7,2,3,6,4,0,0,1,1,0,0,0,1,7.64968E+20,5.6454E+21,1.27685E+16,5.08993E+16
71070,14,5,24,180,2018,8,21,6,2,5,3,2,0,1,0,1,0,0,0,7.65705E+20,5.64077E+21,1.27756E+16,5.08575E+16
71071,14,6,12,0,2018,9,8,3,2,5,3,0,0,1,0,0,0,0,0,8.31048E+20,5.67361E+21,1.3731E+16,5.11181E+16
71072,14,5,21,550,2018,9,16,6,3,3,2,0,1,1,0,0,0,0,0,7.69309E+20,5.60525E+21,1.28008E+16,5.0537E+16
71073,14,6,26,520,2018,9,6,4,3,7,7,1,0,0,0,1,0,0,0,9.15164E+20,5.69073E+21,1.49466E+16,5.12166E+16
71074,14,6,26,290,2018,8,11,6,3,4,2,0,0,1,0,0,0,0,0,8.95156E+20,5.67752E+21,1.4647E+16,5.11125E+16
71075,14,5,24,330,2018,8,15,4,3,2,6,0,0,1,0,0,0,0,0,7.4616E+20,5.62224E+21,1.2486E+16,5.06998E+16
71076,14,5,22,510,2018,9,6,6,3,5,3,1,0,1,0,1,0,0,0,7.96771E+20,5.66676E+21,1.3237E+16,5.10754E+16
71077,14,6,26,180,2018,8,12,6,2,9,1,0,0,1,0,0,0,0,0,9.03671E+20,5.66615E+21,1.47554E+16,5.10049E+16
71078,14,7,30,270,2018,9,12,4,3,3,7,0,0,1,0,0,1,0,0,7.23708E+20,5.69353E+21,1.22126E+16,5.1349E+16
71079,14,6,12,0,2018,8,20,6,3,5,2,2,1,1,0,0,0,0,0,8.32581E+20,5.66691E+21,1.37467E+16,5.10571E+16
71080,14,5,23,420,2018,9,21,1,2,0,1,2,1,0,0,0,0,0,0,7.27405E+20,5.59415E+21,1.22037E+16,5.04552E+16
71081,14,6,12,0,2018,9,16,2,3,5,3,0,1,1,0,0,0,0,0,8.35816E+20,5.66141E+21,1.37876E+16,5.1006E+16
71082,14,6,12,0,2018,9,18,3,3,5,3,1,1,1,0,0,0,0,0,8.35347E+20,5.67512E+21,1.37936E+16,5.11292E+16
71083,14,6,27,180,2018,9,17,6,3,2,6,0,0,1,0,0,0,0,0,8.00991E+20,5.66246E+21,1.32935E+16,5.10347E+16
71084,14,7,30,270,2018,9,21,4,3,7,7,2,0,1,0,0,0,0,0,7.27968E+20,5.70126E+21,1.22787E+16,5.14167E+16
71085,14,6,25,30,2018,8,21,6,2,4,2,2,0,1,0,0,0,0,0,8.53533E+20,5.70139E+21,1.40784E+16,5.13536E+16
71086,14,5,21,520,2018,8,6,5,3,8,1,0,0,0,0,1,0,0,1,7.79578E+20,5.61011E+21,1.2949E+16,5.05758E+16
71087,14,6,12,0,2018,9,11,7,2,2,6,0,0,1,0,1,0,0,0,8.28467E+20,5.66985E+21,1.36908E+16,5.10859E+16
71088,14,5,22,590,2018,9,15,3,2,4,6,0,0,1,0,0,0,0,0,8.09471E+20,5.64464E+21,1.3399E+16,5.08705E+16
71089,14,5,21,120,2018,9,13,1,3,9,1,0,0,0,0,1,0,0,1,7.74456E+20,5.62601E+21,1.28886E+16,5.0721E+16
71090,14,7,29,260,2018,9,17,1,3,2,6,0,0,1,0,0,0,0,1,7.35589E+20,5.68482E+21,1.23772E+16,5.12659E+16
71091,14,6,25,525,2018,8,21,6,2,9,1,2,0,1,0,0,0,0,0,8.79081E+20,5.67213E+21,1.44128E+16,5.10751E+16
71092,14,5,11,0,2018,9,7,5,3,5,3,0,1,1,0,0,0,0,0,7.78397E+20,5.6422E+21,1.29566E+16,5.08644E+16
71093,14,6,28,205,2018,9,11,3,2,5,3,0,0,1,0,0,0,1,0,8.23105E+20,5.64901E+21,1.3596E+16,5.09021E+16
71094,14,6,25,90,2018,8,18,6,3,0,2,0,0,1,0,1,0,0,0,8.8319E+20,5.6749E+21,1.44741E+16,5.10972E+16
71095,14,6,27,210,2018,9,20,4,3,5,3,2,1,1,0,0,0,0,0,8.28917E+20,5.67074E+21,1.3698E+16,5.10936E+16
71096,14,5,21,410,2018,9,9,6,3,5,3,0,0,1,0,0,0,0,0,7.72634E+20,5.63276E+21,1.28679E+16,5.07824E+16
71097,14,5,22,180,2018,9,15,6,3,5,2,0,0,1,0,0,0,1,0,8.03971E+20,5.64891E+21,1.33246E+16,5.09116E+16
71098,14,6,27,200,2018,9,16,1,3,8,1,0,0,0,0,1,0,0,0,8.16191E+20,5.68543E+21,1.35298E+16,5.12325E+16
71099,14,6,12,0,2018,9,21,7,3,5,3,2,0,1,0,0,0,0,1,8.32508E+20,5.66601E+21,1.37448E+16,5.10492E+16
71100,14,6,28,400,2018,8,19,3,3,0,7,1,0,1,0,1,0,0,0,8.1883E+20,5.6575E+21,1.35428E+16,5.09806E+16
71101,14,5,21,440,2018,9,15,7,2,0,1,0,0,0,0,1,0,0,0,7.77274E+20,5.59392E+21,1.29046E+16,5.04317E+16
71102,14,6,27,210,2018,8,17,6,3,1,5,0,1,1,0,0,0,0,0,8.27312E+20,5.67173E+21,1.36761E+16,5.11034E+16
71103,14,6,26,610,2018,9,18,5,3,8,7,1,0,1,0,1,0,0,1,9.10326E+20,5.65574E+21,1.48381E+16,5.09071E+16
71104,14,5,24,330,2018,9,13,2,3,2,6,0,0,1,0,0,0,0,1,7.43999E+20,5.62416E+21,1.24568E+16,5.07179E+16
71105,14,7,30,300,2018,9,13,4,2,4,6,0,0,1,0,0,0,0,0,7.45112E+20,5.69983E+21,1.25237E+16,5.13966E+16
71106,14,5,23,200,2018,9,11,6,2,4,1,0,0,1,0,0,0,1,1,7.34394E+20,5.57843E+21,1.22922E+16,5.03113E+16
71107,14,6,28,270,2018,8,8,1,3,2,6,0,0,1,0,0,0,0,0,8.45391E+20,5.6566E+21,1.3919E+16,5.09572E+16
71108,14,6,25,170,2018,9,12,5,2,5,3,0,0,1,0,0,0,0,0,8.56137E+20,5.67325E+21,1.40877E+16,5.10999E+16
71109,14,6,27,290,2018,8,22,6,2,9,1,2,0,1,0,0,0,0,0,8.31239E+20,5.69743E+21,1.37557E+16,5.13314E+16
71110,14,6,28,300,2018,9,16,4,2,8,1,0,0,0,0,1,0,0,0,8.27219E+20,5.65552E+21,1.36601E+16,5.09582E+16
71111,14,7,13,0,2018,8,23,5,3,9,1,2,0,1,0,0,0,0,1,7.34811E+20,5.69349E+21,1.23718E+16,5.13441E+16
71112,14,6,28,10,2018,9,15,1,2,5,3,0,0,1,0,1,0,0,0,8.34296E+20,5.63715E+21,1.37438E+16,5.07895E+16
71113,14,7,30,280,2018,9,5,3,3,9,1,1,0,1,0,0,0,0,0,7.42456E+20,5.71285E+21,1.24946E+16,5.15147E+16
71114,14,5,21,260,2018,9,12,2,2,0,1,0,0,0,0,1,0,0,1,7.68326E+20,5.60785E+21,1.27888E+16,5.05608E+16
71115,14,5,24,120,2018,9,14,2,3,0,7,0,0,0,0,1,0,1,1,7.61083E+20,5.63433E+21,1.27055E+16,5.08018E+16
71116,14,7,29,410,2018,9,19,5,3,0,1,1,0,1,0,0,0,0,0,7.6449E+20,5.69548E+21,1.27985E+16,5.1349E+16
71117,14,6,28,110,2018,9,20,4,3,0,1,2,1,0,0,0,0,0,0,8.26234E+20,5.66014E+21,1.36503E+16,5.10001E+16
71118,14,6,28,110,2018,8,8,6,3,5,3,0,0,1,0,0,0,0,0,8.26018E+20,5.6597E+21,1.36468E+16,5.09964E+16
71119,14,7,29,150,2018,8,15,4,3,4,2,0,0,1,0,0,0,0,0,7.59268E+20,5.66247E+21,1.26998E+16,5.10551E+16
71120,14,5,24,310,2018,9,8,6,3,8,1,0,0,1,0,0,0,0,0,7.53566E+20,5.62015E+21,1.25893E+16,5.06778E+16
71121,14,5,24,170,2018,9,9,6,2,8,1,0,0,1,0,0,0,0,1,7.45214E+20,5.61655E+21,1.24689E+16,5.06491E+16
71122,14,7,30,270,2018,9,11,2,3,9,1,0,0,0,0,1,0,0,0,7.22156E+20,5.70231E+21,1.21959E+16,5.14283E+16
71123,14,5,24,330,2018,9,14,7,3,5,3,0,0,1,0,0,0,0,0,7.46516E+20,5.62538E+21,1.24932E+16,5.07279E+16
71124,14,6,28,360,2018,8,13,4,3,5,3,0,0,1,0,1,0,0,0,8.6861E+20,5.65908E+21,1.42507E+16,5.09651E+16
71125,14,6,26,610,2018,8,17,6,3,8,1,0,0,1,0,0,0,0,1,9.1348E+20,5.66107E+21,1.48887E+16,5.09525E+16
71126,14,6,28,60,2018,9,15,1,2,4,7,0,0,1,0,0,0,0,1,8.29203E+20,5.64954E+21,1.36829E+16,5.09035E+16
71127,14,6,28,400,2018,8,18,6,3,5,2,0,0,1,0,0,0,0,0,8.2138E+20,5.65824E+21,1.35797E+16,5.09859E+16
71128,14,5,24,330,2018,9,7,2,3,0,1,0,1,0,0,0,0,0,0,7.45919E+20,5.62533E+21,1.24847E+16,5.07276E+16
71129,14,6,12,0,2018,8,18,6,3,3,6,0,0,1,0,0,0,0,0,8.31742E+20,5.68019E+21,1.37469E+16,5.11767E+16
71130,14,5,11,0,2018,9,14,4,2,0,7,0,0,0,0,0,0,1,0,7.78534E+20,5.64235E+21,1.29587E+16,5.08656E+16
71131,14,7,29,50,2018,9,15,5,3,2,6,0,0,1,0,1,0,0,0,7.44402E+20,5.6695E+21,1.24929E+16,5.11248E+16
71132,14,7,29,340,2018,9,22,7,3,8,1,2,0,1,0,0,0,0,0,7.56137E+20,5.68368E+21,1.26703E+16,5.12468E+16
71133,14,5,23,160,2018,8,18,2,3,3,2,0,1,1,0,0,0,0,0,7.4839E+20,5.58813E+21,1.24948E+16,5.03926E+16
71134,14,6,25,450,2018,9,15,6,3,0,3,0,0,1,0,1,0,0,0,8.5038E+20,5.68262E+21,1.40149E+16,5.11873E+16
71135,14,5,21,20,2018,9,11,5,3,4,2,0,0,1,0,0,0,0,1,7.84056E+20,5.61187E+21,1.30135E+16,5.05895E+16
71136,14,5,23,20,2018,10,18,6,3,2,7,1,0,1,0,0,0,0,0,7.41006E+20,5.60029E+21,1.2399E+16,5.05049E+16
71137,14,6,27,290,2018,10,14,1,3,2,6,0,0,1,0,0,0,0,0,8.34468E+20,5.68912E+21,1.37941E+16,5.12551E+16
71138,14,5,11,0,2018,11,15,3,3,2,1,0,0,1,0,0,0,0,0,7.75059E+20,5.64319E+21,1.291E+16,5.08748E+16
71139,14,6,12,0,2018,10,8,5,3,0,1,0,1,0,0,0,0,0,1,8.29571E+20,5.66978E+21,1.37065E+16,5.10847E+16
71140,14,6,12,0,2018,11,16,3,3,0,7,1,0,1,0,1,0,0,1,8.35225E+20,5.67426E+21,1.37911E+16,5.11215E+16
71141,14,5,22,540,2018,12,10,7,2,9,1,0,0,1,0,0,0,0,1,7.9572E+20,5.66415E+21,1.32199E+16,5.10526E+16
71142,14,7,13,0,2018,11,10,7,3,2,6,0,0,1,0,1,0,0,0,7.36513E+20,5.69223E+21,1.23953E+16,5.13321E+16
71143,14,6,25,280,2018,11,11,7,3,5,3,0,0,1,0,0,0,0,0,8.71176E+20,5.70197E+21,1.43313E+16,5.13475E+16
71144,14,5,22,360,2018,10,7,3,3,5,3,0,0,1,0,1,0,0,1,7.77333E+20,5.65969E+21,1.29548E+16,5.10217E+16
71145,14,6,26,600,2018,10,11,2,3,2,2,0,0,1,0,0,0,0,0,8.91079E+20,5.72051E+21,1.46362E+16,5.15E+16
71146,14,5,21,370,2018,12,16,3,3,8,1,1,0,1,0,0,0,0,1,7.64677E+20,5.61713E+21,1.27441E+16,5.06458E+16
71147,14,6,12,0,2018,10,13,6,3,2,2,0,0,1,0,0,0,0,0,8.3821E+20,5.66739E+21,1.38271E+16,5.10582E+16
71148,14,5,23,430,2018,10,17,6,2,2,6,0,1,1,0,0,0,0,0,7.33881E+20,5.60406E+21,1.2301E+16,5.05416E+16
71149,14,6,26,610,2018,10,5,5,2,5,3,2,0,1,0,1,0,0,0,9.08507E+20,5.65352E+21,1.48098E+16,5.08885E+16
71150,14,6,28,240,2018,11,17,1,3,0,7,2,1,0,1,0,0,0,0,8.55356E+20,5.65898E+21,1.40626E+16,5.09725E+16
71151,14,6,28,410,2018,10,21,4,3,0,7,2,0,1,0,0,0,0,0,8.20436E+20,5.66665E+21,1.35737E+16,5.10618E+16
71152,14,5,24,20,2018,11,7,2,2,2,6,0,0,1,0,0,0,0,0,7.55771E+20,5.6364E+21,1.26317E+16,5.08227E+16
71153,14,6,12,0,2018,11,16,6,3,5,3,2,0,1,0,0,0,1,1,8.25686E+20,5.66459E+21,1.36465E+16,5.10403E+16
71154,14,5,24,330,2018,10,9,6,3,5,3,0,1,1,0,0,0,0,0,7.46068E+20,5.62647E+21,1.24876E+16,5.07378E+16
71155,14,5,11,0,2018,10,11,5,3,2,6,0,0,0,0,1,0,1,0,7.76531E+20,5.64056E+21,1.29289E+16,5.08506E+16
71156,14,6,12,0,2018,11,14,6,3,1,6,0,0,1,0,0,0,0,0,8.28337E+20,5.66448E+21,1.36841E+16,5.10378E+16
71157,14,5,24,330,2018,10,12,6,3,5,3,0,0,1,0,0,0,0,0,7.47413E+20,5.62046E+21,1.25026E+16,5.06833E+16
71158,14,5,23,20,2018,10,10,7,3,1,5,0,0,1,0,0,0,0,0,7.39383E+20,5.60267E+21,1.23776E+16,5.0527E+16
71159,14,5,22,440,2018,12,17,2,2,4,6,2,0,1,0,0,0,1,1,7.91719E+20,5.64275E+21,1.31459E+16,5.08627E+16
71160,14,5,11,0,2018,10,12,5,3,2,6,0,0,1,0,0,0,0,0,7.7706E+20,5.64001E+21,1.2936E+16,5.08453E+16
71161,14,5,21,30,2018,11,16,6,3,2,6,0,0,1,0,0,0,0,0,7.63154E+20,5.60932E+21,1.2717E+16,5.05764E+16
71162,14,7,29,140,2018,11,10,6,3,4,6,0,0,1,0,0,0,0,0,7.49313E+20,5.66391E+21,1.2559E+16,5.10724E+16
71163,14,6,25,630,2018,11,15,4,3,5,3,0,0,0,0,1,0,1,0,8.75331E+20,5.67446E+21,1.43619E+16,5.10985E+16
71164,14,6,26,170,2018,11,14,4,3,5,3,0,0,1,0,0,0,0,1,9.01052E+20,5.65767E+21,1.47089E+16,5.09308E+16
71165,14,7,30,310,2018,10,11,6,3,4,2,0,1,1,0,0,0,0,0,7.75983E+20,5.71962E+21,1.29819E+16,5.156E+16
71166,14,6,28,410,2018,10,16,3,3,5,3,0,1,1,0,0,0,0,0,8.18991E+20,5.66316E+21,1.35501E+16,5.10313E+16
71167,14,6,26,290,2018,12,12,4,3,6,4,0,0,1,1,0,0,0,0,8.96529E+20,5.67587E+21,1.46648E+16,5.10968E+16
71168,14,6,26,530,2018,10,18,1,2,3,7,1,0,1,0,1,0,0,0,8.94021E+20,5.65639E+21,1.4608E+16,5.09243E+16
71169,14,7,30,270,2018,11,12,4,1,5,3,0,0,1,0,0,0,0,0,7.25468E+20,5.69973E+21,1.22418E+16,5.14039E+16
71170,14,7,30,230,2018,10,18,6,2,3,2,1,0,1,0,1,0,0,0,7.86862E+20,5.69078E+21,1.31151E+16,5.12959E+16
71171,14,7,29,410,2018,10,19,2,3,3,6,2,0,1,0,0,0,0,0,7.59314E+20,5.69773E+21,1.27259E+16,5.13715E+16
71172,14,6,12,0,2018,10,22,6,3,6,4,2,0,1,1,0,0,0,0,8.31914E+20,5.66514E+21,1.37355E+16,5.10417E+16
71173,14,5,23,420,2018,11,9,3,2,5,2,0,0,1,0,1,0,0,1,7.27885E+20,5.59392E+21,1.22104E+16,5.0453E+16
71174,14,6,28,160,2018,10,11,3,2,5,3,0,1,1,0,0,0,0,0,8.41587E+20,5.65794E+21,1.38662E+16,5.09715E+16
71175,14,5,24,330,2018,11,16,4,2,3,6,0,0,1,0,1,0,0,0,7.45932E+20,5.6253E+21,1.24849E+16,5.07273E+16
71176,14,6,12,0,2018,11,17,2,3,2,6,2,0,1,0,0,0,0,1,8.35246E+20,5.6747E+21,1.37918E+16,5.11254E+16
71177,14,7,29,430,2018,11,6,2,3,2,6,2,0,1,0,0,0,0,1,7.28644E+20,5.6796E+21,1.22745E+16,5.1222E+16
71178,14,5,22,330,2018,10,6,2,3,1,6,2,0,1,0,0,0,0,0,7.79549E+20,5.64982E+21,1.29788E+16,5.09321E+16
71179,14,5,24,70,2018,10,12,3,3,0,7,0,1,0,0,0,0,1,0,7.61512E+20,5.62946E+21,1.27081E+16,5.07579E+16
71180,14,6,26,390,2018,12,18,3,3,2,2,2,0,1,0,0,0,0,1,9.01359E+20,5.66089E+21,1.47168E+16,5.09595E+16
71181,14,5,24,30,2018,10,16,6,2,8,1,0,0,1,0,0,0,0,0,7.32612E+20,5.63242E+21,1.2301E+16,5.07968E+16
71182,14,7,29,50,2018,10,15,6,2,5,3,0,0,1,0,0,0,0,0,7.46725E+20,5.66663E+21,1.2524E+16,5.1098E+16
71183,14,7,29,140,2018,10,17,7,3,9,1,2,0,1,0,0,0,0,0,7.49725E+20,5.65657E+21,1.25598E+16,5.10064E+16
71184,14,7,13,0,2018,11,7,2,3,2,6,2,0,1,0,0,0,0,0,7.30434E+20,5.70098E+21,1.23139E+16,5.14132E+16
71185,14,5,21,355,2018,10,6,5,3,2,2,2,0,1,0,0,0,0,1,7.6439E+20,5.60812E+21,1.27336E+16,5.05651E+16
71186,14,7,13,0,2018,11,15,2,2,5,3,0,0,1,0,0,0,0,0,7.31841E+20,5.69253E+21,1.23286E+16,5.13367E+16
71187,14,7,29,140,2018,11,9,6,2,0,7,0,1,0,0,0,0,0,2,7.49014E+20,5.6625E+21,1.25538E+16,5.10599E+16
71188,14,7,30,340,2018,11,6,6,3,8,1,2,0,0,0,0,0,1,1,7.24589E+20,5.70575E+21,1.2233E+16,5.14583E+16
71189,14,5,24,330,2018,11,12,6,3,4,6,0,0,1,0,0,0,0,0,7.42033E+20,5.62278E+21,1.24281E+16,5.07064E+16
71190,14,6,28,300,2018,10,14,2,3,8,1,0,0,1,0,0,0,0,1,8.2915E+20,5.65448E+21,1.36866E+16,5.09478E+16
71191,14,6,26,610,2018,12,13,2,3,4,2,0,1,1,0,0,0,0,0,9.0897E+20,5.65466E+21,1.48177E+16,5.08983E+16
71192,14,7,30,270,2018,10,7,5,2,5,6,1,0,1,0,0,0,0,0,7.22455E+20,5.70228E+21,1.22001E+16,5.1428E+16
71193,14,5,22,360,2018,11,12,7,3,2,6,0,0,1,0,0,0,0,0,7.77885E+20,5.65569E+21,1.29596E+16,5.09856E+16
71194,14,7,30,70,2018,10,12,3,2,9,7,0,0,1,0,0,0,0,0,7.31427E+20,5.71283E+21,1.23359E+16,5.15191E+16
71195,14,6,28,240,2018,11,12,1,3,2,2,0,0,1,0,1,0,0,0,8.52608E+20,5.66055E+21,1.40251E+16,5.09883E+16
71196,14,6,25,30,2018,11,6,5,3,3,6,1,0,1,0,0,0,0,0,8.5364E+20,5.70209E+21,1.40806E+16,5.13597E+16
71197,14,7,13,0,2018,10,12,6,3,2,6,0,0,1,0,0,0,0,0,7.40538E+20,5.69614E+21,1.24556E+16,5.13655E+16
71198,14,6,25,480,2018,10,10,4,3,7,7,0,0,1,0,0,0,1,0,8.4446E+20,5.67475E+21,1.3923E+16,5.11204E+16
71199,14,7,29,270,2018,11,14,5,3,4,2,0,0,1,0,0,0,0,0,7.24464E+20,5.68827E+21,1.22202E+16,5.13014E+16
71200,14,7,29,260,2018,10,7,6,3,5,3,1,1,1,0,0,0,0,0,7.34174E+20,5.68594E+21,1.23577E+16,5.12766E+16
71201,14,5,22,360,2018,10,8,7,3,9,1,0,0,1,0,0,0,0,1,7.78933E+20,5.65489E+21,1.29739E+16,5.09779E+16
71202,14,6,27,10,2018,12,5,1,2,5,3,2,0,1,0,1,0,0,1,8.17521E+20,5.67445E+21,1.35391E+16,5.11333E+16
71203,14,7,13,0,2018,10,15,4,3,5,3,0,1,1,0,0,0,0,0,7.36414E+20,5.69269E+21,1.23942E+16,5.13362E+16
71204,14,6,25,20,2018,11,14,5,3,3,6,0,1,1,0,0,0,0,0,8.82909E+20,5.6848E+21,1.44806E+16,5.11861E+16
71205,14,6,12,0,2018,11,6,6,3,2,6,0,0,1,0,0,0,0,0,8.31883E+20,5.66735E+21,1.37371E+16,5.10615E+16
71206,14,5,22,330,2018,11,10,4,3,5,2,0,0,1,0,0,0,1,0,7.79812E+20,5.64841E+21,1.29814E+16,5.09194E+16
71207,14,7,30,150,2018,11,10,3,3,5,3,0,0,1,0,0,0,0,0,7.40288E+20,5.70971E+21,1.24612E+16,5.14874E+16
71208,14,6,26,610,2018,10,7,6,3,5,3,1,1,0,0,1,0,0,0,9.0825E+20,5.65468E+21,1.48075E+16,5.08991E+16
71209,14,5,11,0,2018,10,17,3,3,5,2,1,1,1,0,0,0,0,0,7.83221E+20,5.63537E+21,1.30197E+16,5.08007E+16
71210,14,5,21,495,2018,11,8,5,3,5,3,0,0,1,0,0,0,0,0,7.98595E+20,5.62473E+21,1.32287E+16,5.06975E+16
71211,14,6,27,200,2018,12,10,4,2,5,3,0,0,1,0,0,0,0,1,8.14269E+20,5.68668E+21,1.35034E+16,5.12447E+16
71212,14,5,22,180,2018,10,16,1,2,2,6,0,0,1,0,0,0,1,0,8.04977E+20,5.64927E+21,1.33391E+16,5.09143E+16
71213,14,5,21,120,2018,11,6,4,2,4,2,2,0,1,0,1,0,0,1,7.76708E+20,5.62764E+21,1.29217E+16,5.07345E+16
71214,14,6,25,450,2018,10,21,6,3,5,3,2,0,1,0,0,0,0,0,8.50276E+20,5.68253E+21,1.40133E+16,5.11866E+16
71215,14,5,11,0,2018,10,17,2,3,2,2,0,0,1,0,0,0,0,1,7.78525E+20,5.64234E+21,1.29585E+16,5.08655E+16
71216,14,5,23,365,2018,10,14,5,3,5,3,0,0,1,0,1,0,0,1,7.10111E+20,5.60168E+21,1.19647E+16,5.05293E+16
71217,14,7,13,0,2018,11,14,3,3,8,1,0,0,1,0,0,0,0,1,7.36183E+20,5.69664E+21,1.23935E+16,5.13718E+16
71218,14,5,24,330,2018,11,16,5,3,2,6,1,1,1,0,0,0,0,0,7.43381E+20,5.62451E+21,1.24483E+16,5.07214E+16
71219,14,6,25,370,2018,10,5,6,2,7,7,2,0,1,0,0,0,0,0,8.43306E+20,5.69611E+21,1.3927E+16,5.13125E+16
71220,14,6,25,530,2018,10,15,7,3,6,4,0,0,1,1,0,0,0,1,8.66846E+20,5.67409E+21,1.42409E+16,5.11007E+16
71221,14,7,30,250,2018,12,13,1,3,9,1,0,0,1,0,0,0,0,1,7.34224E+20,5.70516E+21,1.2371E+16,5.14491E+16
71222,14,7,29,245,2018,10,13,4,3,0,6,0,1,1,0,0,0,0,0,7.65452E+20,5.70164E+21,1.28168E+16,5.14037E+16
71223,14,5,24,110,2018,11,6,5,3,0,6,1,0,1,0,0,0,0,0,7.42804E+20,5.61499E+21,1.24339E+16,5.06361E+16
71224,14,6,25,600,2018,11,8,6,3,2,2,0,0,1,0,0,1,0,0,8.47473E+20,5.67895E+21,1.39699E+16,5.11562E+16
71225,14,6,12,0,2018,11,8,4,3,5,3,0,1,1,0,0,0,0,2,8.29753E+20,5.66481E+21,1.37045E+16,5.104E+16
71226,14,5,23,365,2018,11,8,3,3,6,6,0,0,0,1,0,0,1,1,7.12891E+20,5.6055E+21,1.2006E+16,5.05626E+16
71227,14,6,25,550,2018,10,7,6,3,8,7,0,0,1,0,0,0,0,0,8.4448E+20,5.69739E+21,1.3945E+16,5.13232E+16
71228,14,6,12,0,2018,10,16,3,2,5,3,0,0,1,0,1,0,0,0,8.26012E+20,5.66919E+21,1.36553E+16,5.10814E+16
71229,14,6,12,0,2018,11,13,5,3,8,1,2,0,0,0,1,0,0,0,8.2699E+20,5.6683E+21,1.36684E+16,5.10729E+16
71230,14,5,23,40,2018,10,4,1,3,8,1,2,0,1,0,0,0,0,0,7.32928E+20,5.5743E+21,1.22691E+16,5.02748E+16
71231,14,6,26,110,2018,12,15,4,3,5,3,0,1,1,0,0,0,0,0,9.16196E+20,5.68324E+21,1.49526E+16,5.11489E+16
71232,14,6,28,400,2018,10,14,1,2,4,6,0,0,1,0,1,0,1,0,8.20823E+20,5.65737E+21,1.3571E+16,5.09783E+16
71233,14,6,28,160,2018,11,7,4,3,2,6,0,0,1,0,0,0,0,1,8.39884E+20,5.65895E+21,1.3843E+16,5.09816E+16
71234,14,6,25,310,2018,10,7,6,3,4,2,0,0,1,0,0,0,0,0,8.55663E+20,5.71183E+21,1.41193E+16,5.14457E+16
71235,14,6,27,100,2018,10,5,2,3,0,7,2,0,0,0,1,0,0,0,8.16561E+20,5.67329E+21,1.35244E+16,5.11234E+16