OBJECTID_1,ULAND,UREGBEZ,UKREIS,UGEMEINDE,UJAHR,UMONAT,USTUNDE,UWOCHENTAG,UKATEGORIE,UART,UTYP1,ULICHTVERH,IstRad,IstPKW,IstFuss,IstKrad,IstGkfz,IstSonstig,STRZUSTAND,LINREFX,LINREFY,XGCSWGS84,YGCSWGS84
71788,14,6,26,110,2018,10,12,3,3,5,3,0,1,1,0,0,0,0,0,9.18552E+20,5.68063E+21,1.49831E+16,5.11237E+16
71789,14,6,28,270,2018,10,14,2,3,3,6,0,1,0,0,0,1,0,1,8.47291E+20,5.65488E+21,1.39443E+16,5.09407E+16
71790,14,6,28,240,2018,10,21,6,1,4,6,2,0,1,0,0,0,0,0,8.53278E+20,5.66056E+21,1.40347E+16,5.09879E+16
71791,14,7,29,400,2018,11,15,3,3,5,3,0,0,1,0,1,0,0,1,7.61289E+20,5.68858E+21,1.27475E+16,5.12885E+16
71792,14,6,12,0,2018,10,19,3,2,0,1,2,1,0,0,0,0,0,0,8.38337E+20,5.66535E+21,1.3827E+16,5.10398E+16
71793,14,6,26,600,2018,11,15,4,2,6,4,0,0,1,1,0,0,0,0,8.9152E+20,5.72127E+21,1.46433E+16,5.15065E+16
71794,14,5,11,0,2018,11,15,2,3,4,2,0,0,1,0,0,0,0,0,7.77396E+20,5.64013E+21,1.29408E+16,5.08463E+16
71795,14,6,25,460,2018,11,7,2,3,8,1,1,0,1,0,0,0,0,1,8.70189E+20,5.69216E+21,1.4307E+16,5.12603E+16
71796,14,7,29,320,2018,10,10,3,3,5,3,0,1,1,0,0,0,0,0,7.36198E+20,5.67408E+21,1.23788E+16,5.11693E+16
71797,14,6,27,40,2018,12,10,3,2,4,6,0,0,1,0,0,1,0,1,8.07226E+20,5.69476E+21,1.34098E+16,5.1321E+16
71798,14,5,23,80,2018,10,14,6,3,4,6,0,0,1,0,0,0,1,0,7.27987E+20,5.5852E+21,1.22065E+16,5.03747E+16
71799,14,6,25,610,2018,10,6,3,2,4,6,0,0,0,0,1,0,1,0,8.896E+20,5.68582E+21,1.4577E+16,5.11907E+16
71800,14,5,21,60,2018,10,15,7,2,5,3,0,0,1,0,1,0,0,0,7.85695E+20,5.60433E+21,1.30308E+16,5.05211E+16
71801,14,6,25,410,2018,11,8,2,3,4,7,0,0,1,0,1,0,0,0,8.53153E+20,5.68278E+21,1.40546E+16,5.11871E+16
71802,14,5,22,230,2018,10,10,5,3,2,6,0,0,1,0,0,0,0,0,7.86455E+20,5.65415E+21,1.30802E+16,5.09676E+16
71803,14,6,26,290,2018,11,6,2,3,4,6,1,0,1,0,0,0,1,0,8.94725E+20,5.67819E+21,1.46416E+16,5.11188E+16
71804,14,7,13,0,2018,11,13,6,3,9,1,0,0,1,0,0,0,0,1,7.32188E+20,5.69924E+21,1.23379E+16,5.13968E+16
71805,14,6,12,0,2018,11,11,6,3,5,3,0,1,0,0,0,0,1,0,8.3144E+20,5.66915E+21,1.37325E+16,5.10779E+16
71806,14,5,23,20,2018,11,20,6,2,6,4,2,0,1,1,0,0,0,0,7.40007E+20,5.60156E+21,1.23857E+16,5.05167E+16
71807,14,5,22,530,2018,10,7,2,2,8,1,0,0,1,0,0,0,0,1,7.67574E+20,5.65852E+21,1.28151E+16,5.10159E+16
71808,14,6,25,480,2018,12,17,2,3,5,3,2,0,1,0,0,0,0,1,8.44697E+20,5.67241E+21,1.39242E+16,5.10994E+16
71809,14,6,26,60,2018,10,14,5,3,9,1,0,0,1,0,0,0,0,0,8.91905E+20,5.71246E+21,1.46391E+16,5.14274E+16
71810,14,7,29,50,2018,11,8,6,2,5,3,0,1,1,0,0,0,0,0,7.44075E+20,5.66927E+21,1.2488E+16,5.11229E+16
71811,14,7,30,270,2018,10,12,3,3,5,3,0,0,1,0,0,0,1,0,7.28439E+20,5.70197E+21,1.22859E+16,5.14228E+16
71812,14,5,22,35,2018,11,14,1,3,0,7,0,0,1,0,0,0,0,0,8.10294E+20,5.65354E+21,1.34182E+16,5.09498E+16
71813,14,6,28,205,2018,11,18,5,3,5,2,2,0,1,0,0,0,0,0,8.23073E+20,5.65287E+21,1.35989E+16,5.09367E+16
71814,14,6,27,140,2018,10,16,3,3,5,2,0,0,1,0,1,0,0,0,8.12443E+20,5.67681E+21,1.34688E+16,5.11572E+16
71815,14,6,27,290,2018,10,17,4,2,0,7,0,1,0,0,0,0,0,0,8.30362E+20,5.69326E+21,1.37393E+16,5.12946E+16
71816,14,6,25,220,2018,11,7,5,3,2,6,0,0,1,0,0,0,0,0,8.52452E+20,5.68776E+21,1.40495E+16,5.12321E+16
71817,14,6,27,140,2018,10,10,3,3,2,6,0,0,1,0,0,0,0,0,8.13623E+20,5.67798E+21,1.34866E+16,5.11671E+16
71818,14,5,24,240,2018,10,15,6,3,5,3,0,0,1,0,0,0,0,0,7.48815E+20,5.64062E+21,1.2536E+16,5.08637E+16
71819,14,7,13,0,2018,10,17,7,3,2,6,0,0,1,0,0,0,0,0,7.28027E+20,5.69127E+21,1.22731E+16,5.1327E+16
71820,14,6,12,0,2018,12,12,1,3,5,1,0,0,1,0,0,0,0,1,8.31934E+20,5.66736E+21,1.37379E+16,5.10616E+16
71821,14,6,28,60,2018,10,21,4,2,8,1,2,0,0,0,1,0,0,0,8.30077E+20,5.64888E+21,1.36947E+16,5.0897E+16
71822,14,6,28,380,2018,11,7,5,3,6,4,0,0,0,1,0,0,1,0,8.58335E+20,5.66703E+21,1.41128E+16,5.10428E+16
71823,14,5,22,180,2018,11,6,6,2,6,4,2,0,1,1,0,0,0,1,8.04893E+20,5.64832E+21,1.33372E+16,5.09059E+16
71824,14,7,29,60,2018,11,16,3,3,2,6,0,0,1,0,0,0,0,0,7.45375E+20,5.69518E+21,1.25243E+16,5.13548E+16
71825,14,6,25,150,2018,11,7,3,3,9,1,0,0,1,0,0,0,0,0,8.71887E+20,5.68523E+21,1.43241E+16,5.11971E+16
71826,14,6,28,60,2018,10,13,3,3,5,3,0,1,1,0,0,0,0,0,8.27959E+20,5.64906E+21,1.36648E+16,5.08999E+16
71827,14,5,24,130,2018,10,9,2,1,4,2,0,1,1,0,0,0,0,0,7.50243E+20,5.61307E+21,1.25376E+16,5.06157E+16
71828,14,5,22,440,2018,11,8,5,2,5,3,0,0,1,0,0,0,0,0,7.9332E+20,5.64513E+21,1.31704E+16,5.08832E+16
71829,14,5,21,710,2018,12,5,4,3,9,1,2,0,1,0,0,0,0,1,7.69195E+20,5.61904E+21,1.28092E+16,5.06608E+16
71830,14,5,21,340,2018,10,14,1,3,2,2,0,0,1,0,1,0,0,0,7.87124E+20,5.60672E+21,1.30527E+16,5.05418E+16
71831,14,6,28,130,2018,10,10,3,3,4,7,0,0,1,0,0,0,1,1,8.37793E+20,5.64333E+21,1.37989E+16,5.08429E+16
71832,14,5,24,310,2018,10,19,1,2,0,7,2,0,0,0,1,0,0,0,7.56148E+20,5.61898E+21,1.26249E+16,5.06662E+16
71833,14,6,26,110,2018,11,18,3,3,5,3,2,0,1,0,0,1,0,1,9.16372E+20,5.68476E+21,1.49569E+16,5.11623E+16
71834,14,7,13,0,2018,10,18,5,3,5,3,2,0,1,0,0,0,0,0,7.29707E+20,5.69314E+21,1.22984E+16,5.1343E+16
71835,14,6,26,600,2018,11,7,3,3,7,7,0,0,1,0,0,0,0,0,9.00265E+20,5.70789E+21,1.47536E+16,5.13807E+16
71836,14,6,26,400,2018,10,13,2,2,6,4,0,0,1,1,0,0,0,0,9.05711E+20,5.6512E+21,1.47677E+16,5.08697E+16
71837,14,5,21,30,2018,11,15,4,3,2,6,0,0,1,0,0,0,0,0,7.63025E+20,5.61094E+21,1.27164E+16,5.05911E+16
71838,14,6,26,60,2018,11,15,1,2,8,1,0,0,1,0,0,0,0,0,8.857E+20,5.71105E+21,1.45487E+16,5.14191E+16
71839,14,5,21,210,2018,11,4,2,3,9,1,2,0,1,0,0,0,0,2,7.76469E+20,5.61374E+21,1.29079E+16,5.06099E+16
71840,14,6,25,20,2018,10,7,3,3,8,1,0,1,0,0,0,0,0,0,8.80194E+20,5.68263E+21,1.44397E+16,5.11684E+16
71841,14,5,22,180,2018,12,12,3,2,1,6,0,0,1,0,0,0,0,1,8.08258E+20,5.65036E+21,1.33866E+16,5.09224E+16
71842,14,6,26,520,2018,10,16,6,3,8,1,0,0,1,0,0,0,0,0,9.16003E+20,5.68475E+21,1.49516E+16,5.11624E+16
71843,14,6,12,0,2018,10,16,3,3,5,2,0,1,1,0,0,0,0,0,8.31587E+20,5.6688E+21,1.37342E+16,5.10747E+16
71844,14,6,27,210,2018,10,9,6,3,5,3,0,0,1,0,0,0,1,1,8.23004E+20,5.6726E+21,1.36155E+16,5.11137E+16
71845,14,5,22,180,2018,11,10,2,3,3,2,0,1,1,0,0,0,0,0,8.04898E+20,5.65012E+21,1.33387E+16,5.0922E+16
71846,14,7,13,0,2018,10,11,4,3,5,3,0,0,1,0,0,0,0,0,7.38577E+20,5.69452E+21,1.24264E+16,5.13518E+16
71847,14,6,12,0,2018,11,12,2,3,2,6,0,0,1,0,0,0,0,0,8.3166E+20,5.66434E+21,1.37312E+16,5.10347E+16
71848,14,6,27,140,2018,11,14,6,3,5,3,0,1,1,0,0,0,0,1,8.12917E+20,5.67842E+21,1.34769E+16,5.11714E+16
71849,14,6,12,0,2018,10,11,3,3,5,2,0,0,1,0,0,0,0,0,8.36898E+20,5.6602E+21,1.38018E+16,5.09945E+16
71850,14,6,25,370,2018,10,22,5,2,9,7,2,0,1,0,0,0,0,0,8.47865E+20,5.69138E+21,1.39876E+16,5.12673E+16
71851,14,6,26,60,2018,11,9,5,2,5,3,0,0,1,0,0,0,0,1,8.9031E+20,5.70483E+21,1.46079E+16,5.13602E+16
71852,14,6,27,230,2018,11,9,6,2,6,4,0,0,0,1,0,0,1,0,7.99629E+20,5.69248E+21,1.32992E+16,5.13046E+16
71853,14,6,25,600,2018,10,21,1,2,0,1,2,0,1,0,0,0,0,1,8.42291E+20,5.68338E+21,1.39003E+16,5.1199E+16
71854,14,6,12,0,2018,12,18,2,3,2,6,1,0,1,0,0,0,0,1,8.31011E+20,5.66707E+21,1.37245E+16,5.10595E+16
71855,14,6,12,0,2018,10,6,5,2,0,2,1,1,1,0,0,0,0,0,8.42472E+20,5.66834E+21,1.38886E+16,5.10642E+16
71856,14,6,28,190,2018,11,14,6,3,2,6,0,0,1,0,0,0,0,0,8.56662E+20,5.66292E+21,1.4085E+16,5.1007E+16
71857,14,6,25,250,2018,11,15,7,3,5,3,0,1,1,0,0,0,0,0,8.55717E+20,5.69293E+21,1.41012E+16,5.12764E+16
71858,14,5,24,330,2018,11,15,4,3,1,6,0,0,1,0,0,0,0,0,7.46975E+20,5.62536E+21,1.24997E+16,5.07275E+16
71859,14,5,22,360,2018,11,9,5,3,0,1,0,0,0,0,1,0,0,1,7.78772E+20,5.65579E+21,1.29723E+16,5.0986E+16
71860,14,6,12,0,2018,10,5,3,2,4,3,1,0,1,0,0,0,0,1,8.31138E+20,5.6668E+21,1.3726E+16,5.1057E+16
71861,14,7,13,0,2018,10,15,3,3,5,3,0,0,1,0,0,0,0,0,7.33777E+20,5.69691E+21,1.23592E+16,5.13752E+16
71862,14,5,21,590,2018,12,16,5,3,2,6,2,0,1,0,0,0,0,1,7.65127E+20,5.62363E+21,1.27551E+16,5.07039E+16
71863,14,5,23,10,2018,10,15,1,3,8,1,0,0,0,0,1,0,0,0,7.30899E+20,5.58237E+21,1.22456E+16,5.0348E+16
71864,14,5,22,330,2018,11,13,6,3,8,7,0,0,1,0,0,0,0,0,7.7709E+20,5.64898E+21,1.29432E+16,5.09258E+16
71865,14,7,13,0,2018,11,17,6,3,2,6,1,0,1,0,0,0,0,0,7.40886E+20,5.69636E+21,1.24608E+16,5.13673E+16
71866,14,7,30,70,2018,10,7,1,3,8,1,1,0,1,0,0,0,0,0,7.30808E+20,5.71561E+21,1.23288E+16,5.15444E+16
71867,14,6,28,210,2018,12,9,2,3,0,1,0,0,0,0,1,0,0,1,8.56606E+20,5.65306E+21,1.40746E+16,5.09188E+16
71868,14,6,28,210,2018,10,14,5,3,0,7,0,0,0,1,1,0,0,0,8.54839E+20,5.64888E+21,1.40455E+16,5.08823E+16
71869,14,6,26,290,2018,11,14,6,3,5,3,0,0,1,0,0,1,0,0,8.97738E+20,5.67666E+21,1.46828E+16,5.11031E+16
71870,14,6,25,240,2018,10,19,3,2,6,4,2,0,1,1,0,0,0,1,8.62888E+20,5.71E+21,1.4221E+16,5.14247E+16
71871,14,5,24,200,2018,11,15,7,3,2,2,0,0,1,0,1,0,0,0,7.51921E+20,5.62662E+21,1.25705E+16,5.07366E+16
71872,14,5,21,460,2018,11,16,5,3,4,2,1,0,1,0,0,0,0,0,8.0755E+20,5.62003E+21,1.33512E+16,5.06508E+16
71873,14,6,28,300,2018,11,14,5,3,6,4,0,0,1,1,0,0,0,0,8.29367E+20,5.65308E+21,1.36884E+16,5.09351E+16
71874,14,6,12,0,2018,10,15,3,3,5,7,0,0,1,0,0,0,1,0,8.31121E+20,5.66843E+21,1.37273E+16,5.10716E+16
71875,14,5,22,290,2018,10,11,4,2,4,7,0,0,1,0,0,0,0,0,7.73927E+20,5.65308E+21,1.29014E+16,5.09641E+16
71876,14,6,27,310,2018,12,12,5,3,5,3,0,0,1,0,0,0,0,0,8.19015E+20,5.67849E+21,1.35639E+16,5.11687E+16
71877,14,6,27,140,2018,11,14,5,3,5,3,0,1,1,0,0,0,0,0,8.11886E+20,5.67532E+21,1.34595E+16,5.11442E+16
71878,14,5,22,180,2018,10,7,3,3,0,7,1,0,0,0,1,0,1,1,8.04911E+20,5.64787E+21,1.3337E+16,5.09018E+16
71879,14,6,12,0,2018,10,8,3,3,3,6,0,0,0,0,0,0,1,0,8.3061E+20,5.66449E+21,1.37164E+16,5.10366E+16
71880,14,7,29,270,2018,10,10,6,3,4,2,0,1,1,0,0,0,0,0,7.24907E+20,5.68893E+21,1.22269E+16,5.13072E+16
71881,14,6,25,500,2018,10,15,7,2,8,1,0,0,0,0,1,0,0,0,8.64418E+20,5.69484E+21,1.42274E+16,5.1288E+16
71882,14,5,22,80,2018,12,17,1,2,6,2,2,0,1,1,0,0,0,1,7.89828E+20,5.67146E+21,1.3142E+16,5.11212E+16
71883,14,5,21,495,2018,10,16,4,3,2,6,0,0,1,0,0,0,0,0,8.011E+20,5.62363E+21,1.32631E+16,5.06864E+16
71884,14,7,30,250,2018,11,6,5,3,5,3,2,0,1,0,0,0,0,0,7.3236E+20,5.70786E+21,1.2346E+16,5.14741E+16
71885,14,6,27,40,2018,11,18,3,3,0,7,2,1,0,0,0,0,0,0,8.04238E+20,5.69525E+21,1.33674E+16,5.1327E+16
71886,14,5,22,510,2018,11,11,3,2,4,6,0,0,1,0,0,0,1,0,7.92438E+20,5.6691E+21,1.31772E+16,5.10987E+16
71887,14,6,25,250,2018,10,6,2,3,8,1,2,0,1,0,0,0,0,0,8.57823E+20,5.69717E+21,1.41355E+16,5.1313E+16
71888,14,7,29,190,2018,10,9,4,3,5,2,0,0,1,0,1,0,0,0,7.45172E+20,5.68813E+21,1.25166E+16,5.12916E+16
71889,14,5,22,120,2018,12,8,4,2,4,6,0,0,1,0,0,1,0,1,7.77418E+20,5.6575E+21,1.29544E+16,5.1002E+16
71890,14,7,13,0,2018,10,15,7,3,5,2,0,1,1,0,0,0,0,0,7.34728E+20,5.6902E+21,1.23684E+16,5.13146E+16
71891,14,5,22,250,2018,10,10,3,3,5,3,0,0,1,0,0,0,0,1,7.79809E+20,5.6702E+21,1.29982E+16,5.11148E+16
71892,14,7,13,0,2018,10,12,1,3,1,6,0,0,1,0,0,0,0,0,7.41272E+20,5.69661E+21,1.24665E+16,5.13694E+16
71893,14,6,12,0,2018,11,13,3,3,4,6,0,1,0,0,0,0,0,0,8.30529E+20,5.67072E+21,1.37209E+16,5.10925E+16
71894,14,6,28,160,2018,10,17,5,3,5,3,0,1,1,0,0,0,0,0,8.41018E+20,5.65844E+21,1.38586E+16,5.09764E+16
71895,14,6,25,480,2018,11,20,3,3,8,1,2,0,1,0,0,0,0,1,8.45238E+20,5.67498E+21,1.39343E+16,5.1122E+16
71896,14,7,13,0,2018,11,19,3,2,4,7,1,0,1,0,0,0,0,0,7.30265E+20,5.70114E+21,1.23116E+16,5.14146E+16
71897,14,5,21,20,2018,11,17,1,2,8,1,2,0,1,0,0,0,0,1,7.82781E+20,5.60798E+21,1.29925E+16,5.05552E+16
71898,14,5,23,120,2018,11,11,7,3,0,1,0,0,0,0,1,0,0,2,7.34668E+20,5.59647E+21,1.23073E+16,5.04732E+16
71899,14,6,12,0,2018,10,7,3,3,6,4,0,0,0,1,0,0,1,0,8.30739E+20,5.6629E+21,1.37168E+16,5.10223E+16
71900,14,7,29,80,2018,10,7,2,2,4,6,0,0,1,0,0,0,1,1,7.63204E+20,5.67407E+21,1.27643E+16,5.11574E+16
71901,14,5,11,0,2018,12,19,3,3,6,2,2,0,1,1,0,0,0,1,7.7508E+20,5.63885E+21,1.29071E+16,5.08359E+16
71902,14,6,28,80,2018,10,20,6,3,7,7,2,0,0,0,1,0,0,0,8.43181E+20,5.65382E+21,1.3885E+16,5.09337E+16
71903,14,5,21,260,2018,10,6,3,2,8,1,1,0,1,0,0,0,0,1,7.69787E+20,5.60938E+21,1.28105E+16,5.05739E+16
71904,14,5,23,80,2018,10,12,5,3,4,6,0,0,1,0,0,0,0,0,7.21201E+20,5.58045E+21,1.21084E+16,5.03346E+16
71905,14,6,26,310,2018,11,16,1,2,4,2,0,0,1,0,1,0,0,0,9.07201E+20,5.65816E+21,1.47965E+16,5.09309E+16
71906,14,6,28,410,2018,10,22,4,3,9,7,2,0,1,0,0,0,0,1,8.20487E+20,5.66665E+21,1.35744E+16,5.10618E+16
71907,14,5,21,550,2018,11,13,2,3,5,3,0,0,1,0,0,0,0,0,7.67845E+20,5.60646E+21,1.27811E+16,5.05486E+16
71908,14,6,12,0,2018,11,17,6,2,6,4,1,0,1,1,0,0,0,1,8.37663E+20,5.66716E+21,1.38191E+16,5.10565E+16
71909,14,5,21,110,2018,10,12,3,3,2,6,0,0,1,0,0,0,0,0,7.6674E+20,5.60117E+21,1.27617E+16,5.05016E+16
71910,14,6,12,0,2018,10,18,5,3,9,1,2,0,1,0,0,0,0,0,8.35152E+20,5.67891E+21,1.37943E+16,5.11632E+16
71911,14,6,28,50,2018,11,17,6,3,5,2,2,0,1,0,0,0,0,0,8.34372E+20,5.65981E+21,1.37656E+16,5.09925E+16
71912,14,5,22,230,2018,10,17,1,2,4,1,1,0,1,0,0,0,0,1,7.88339E+20,5.65619E+21,1.31086E+16,5.09849E+16
71913,14,6,28,50,2018,12,11,2,3,2,6,0,0,1,0,0,1,0,1,8.31748E+20,5.66157E+21,1.37299E+16,5.10098E+16
71914,14,5,21,430,2018,10,14,5,3,3,2,0,0,1,0,1,0,0,0,7.64933E+20,5.62591E+21,1.2754E+16,5.07245E+16
71915,14,6,12,0,2018,11,8,6,2,4,2,0,1,1,0,0,0,0,0,8.29724E+20,5.66551E+21,1.37047E+16,5.10463E+16
71916,14,6,28,50,2018,11,8,7,3,2,6,0,0,1,0,0,0,0,1,8.31729E+20,5.66159E+21,1.37297E+16,5.101E+16
71917,14,7,13,0,2018,11,15,4,2,9,1,0,0,0,0,1,0,0,0,7.36632E+20,5.69574E+21,1.23994E+16,5.13635E+16
71918,14,5,23,320,2018,11,13,4,3,1,6,0,1,1,0,0,0,0,1,7.22383E+20,5.59974E+21,1.21364E+16,5.05073E+16
71919,14,5,21,520,2018,10,11,3,3,5,3,0,0,1,0,0,0,0,0,7.80004E+20,5.6084E+21,1.29537E+16,5.05603E+16
71920,14,6,28,160,2018,10,13,3,3,5,3,0,0,1,0,0,0,0,0,8.42294E+20,5.65761E+21,1.3876E+16,5.09682E+16
71921,14,5,23,320,2018,12,6,4,3,3,6,2,0,1,0,0,0,1,0,7.21731E+20,5.59785E+21,1.21261E+16,5.04906E+16
71922,14,7,29,270,2018,10,11,1,2,5,3,0,0,0,0,1,0,0,0,7.20869E+20,5.68834E+21,1.21687E+16,5.13034E+16
71923,14,7,29,50,2018,11,8,4,2,4,1,0,0,1,0,0,0,0,0,7.45736E+20,5.67059E+21,1.25126E+16,5.11339E+16
71924,14,5,21,200,2018,10,8,3,1,4,6,0,0,1,0,0,0,0,1,7.81962E+20,5.62428E+21,1.29934E+16,5.07019E+16
71925,14,7,29,50,2018,10,13,2,3,5,2,0,1,1,0,0,0,0,0,7.44534E+20,5.66959E+21,1.24948E+16,5.11255E+16
71926,14,6,28,110,2018,10,8,6,3,2,6,0,0,1,0,0,0,0,1,8.26295E+20,5.66092E+21,1.36519E+16,5.10071E+16
71927,14,6,26,300,2018,10,17,7,3,5,3,0,0,1,0,0,0,0,0,9.14398E+20,5.67897E+21,1.49222E+16,5.1112E+16
71928,14,5,21,30,2018,11,5,4,2,6,4,2,0,1,1,0,0,0,0,7.61979E+20,5.61038E+21,1.27012E+16,5.05865E+16
71929,14,6,25,20,2018,10,11,3,2,4,2,0,0,1,0,0,1,0,0,8.80672E+20,5.68393E+21,1.44479E+16,5.11797E+16
71930,14,6,27,10,2018,11,6,5,2,5,3,2,0,1,0,0,1,0,0,8.25025E+20,5.67663E+21,1.36479E+16,5.11486E+16
71931,14,7,29,260,2018,11,15,2,2,5,3,0,0,1,0,0,1,0,0,7.35636E+20,5.68496E+21,1.2378E+16,5.12672E+16
71932,14,5,24,20,2018,11,18,2,1,4,6,2,0,1,0,0,0,0,0,7.57407E+20,5.63582E+21,1.26545E+16,5.08168E+16
71933,14,6,27,250,2018,10,10,2,3,8,7,0,0,0,0,0,1,1,0,8.28432E+20,5.69897E+21,1.3717E+16,5.13468E+16
71934,14,5,21,450,2018,10,18,4,3,8,1,2,0,0,0,1,0,0,0,7.63428E+20,5.6231E+21,1.27307E+16,5.07E+16
71935,14,7,13,0,2018,12,5,3,2,3,6,2,0,1,0,0,1,1,1,7.31052E+20,5.70118E+21,1.23229E+16,5.14147E+16
71936,14,5,21,30,2018,10,16,7,3,2,2,0,0,1,0,1,0,0,0,7.61398E+20,5.60986E+21,1.26927E+16,5.0582E+16
71937,14,5,24,280,2018,10,22,2,3,5,3,2,0,1,0,0,0,0,1,7.55773E+20,5.63112E+21,1.26281E+16,5.07754E+16
71938,14,5,22,470,2018,10,15,1,3,5,3,0,0,1,0,1,0,0,0,8.19357E+20,5.62899E+21,1.35254E+16,5.07248E+16
71939,14,5,24,320,2018,11,14,2,3,2,6,0,0,1,0,0,1,0,0,7.47796E+20,5.61766E+21,1.25061E+16,5.0658E+16
71940,14,6,27,310,2018,10,12,5,2,3,6,0,1,1,0,0,0,0,0,8.1873E+20,5.67798E+21,1.35594E+16,5.11643E+16
71941,14,5,23,20,2018,11,15,2,2,5,3,0,0,1,0,0,0,0,0,7.41368E+20,5.60056E+21,1.24042E+16,5.05072E+16
71942,14,5,23,320,2018,11,19,6,3,6,2,2,0,1,1,0,0,0,1,7.22137E+20,5.59776E+21,1.21318E+16,5.04897E+16
71943,14,5,21,270,2018,11,16,5,3,8,7,2,0,1,0,0,0,0,0,7.89967E+20,5.63445E+21,1.31145E+16,5.07892E+16
71944,14,5,23,340,2018,10,17,2,3,6,4,0,0,1,1,0,0,0,1,7.30898E+20,5.61276E+21,1.22644E+16,5.06209E+16
71945,14,5,24,30,2018,10,7,2,2,9,1,0,0,1,0,0,0,0,0,7.40215E+20,5.63252E+21,1.24087E+16,5.07946E+16
71946,14,6,25,540,2018,10,15,6,3,9,1,0,0,1,0,0,0,0,0,8.53249E+20,5.69915E+21,1.40721E+16,5.13336E+16
71947,14,6,25,290,2018,10,0,7,3,3,6,2,0,1,0,1,0,0,0,8.82056E+20,5.68191E+21,1.44654E+16,5.11607E+16
71948,14,6,25,370,2018,12,2,7,3,8,1,2,0,1,0,0,0,0,2,8.47579E+20,5.69324E+21,1.39853E+16,5.12842E+16
71949,14,7,30,270,2018,10,15,3,2,3,6,0,0,1,0,0,0,1,0,7.22237E+20,5.6993E+21,1.21952E+16,5.14013E+16
71950,14,6,25,370,2018,11,21,5,3,9,1,2,0,1,0,0,0,0,0,8.42219E+20,5.69423E+21,1.39097E+16,5.12963E+16
71951,14,6,12,0,2018,11,5,3,3,5,3,2,1,1,0,0,0,0,0,8.31327E+20,5.66707E+21,1.3729E+16,5.10593E+16
71952,14,5,24,330,2018,11,18,2,3,8,1,2,0,1,0,0,0,0,0,7.44574E+20,5.61906E+21,1.24615E+16,5.06719E+16
71953,14,6,28,270,2018,10,10,2,3,2,2,0,0,1,0,0,0,1,0,8.45417E+20,5.6566E+21,1.39193E+16,5.09573E+16
71954,14,6,26,290,2018,10,10,4,2,4,2,0,0,1,0,1,0,0,0,8.96143E+20,5.67663E+21,1.46601E+16,5.11039E+16
71955,14,7,29,80,2018,12,10,3,3,1,6,0,0,1,0,0,0,0,0,7.66009E+20,5.67128E+21,1.28023E+16,5.11311E+16
71956,14,6,26,250,2018,10,1,7,2,5,3,2,0,1,0,0,0,0,0,8.94513E+20,5.7237E+21,1.4689E+16,5.15262E+16
71957,14,7,29,410,2018,10,17,2,3,5,3,0,0,1,0,0,0,0,0,7.62427E+20,5.6988E+21,1.27714E+16,5.13797E+16
71958,14,6,12,0,2018,10,15,1,3,2,2,0,0,1,0,0,0,0,0,8.37065E+20,5.66024E+21,1.38042E+16,5.09948E+16
71959,14,5,22,150,2018,11,8,3,3,2,6,0,0,1,0,0,0,0,0,7.84512E+20,5.64892E+21,1.30485E+16,5.09217E+16
71960,14,6,12,0,2018,10,8,5,3,4,1,0,0,1,0,0,0,0,1,8.31705E+20,5.66318E+21,1.37308E+16,5.10242E+16
71961,14,5,21,460,2018,11,18,3,3,8,1,2,0,1,0,0,0,0,1,8.05408E+20,5.62253E+21,1.33231E+16,5.06744E+16
71962,14,5,21,20,2018,12,14,7,3,2,2,0,0,1,0,0,0,0,1,7.83147E+20,5.60998E+21,1.29992E+16,5.0573E+16
71963,14,7,29,270,2018,11,15,7,2,0,7,0,1,0,0,0,0,1,1,7.25417E+20,5.68631E+21,1.22326E+16,5.12834E+16
71964,14,6,25,310,2018,11,19,7,2,8,1,2,0,1,0,0,0,0,1,8.5344E+20,5.70983E+21,1.40855E+16,5.14291E+16
71965,14,5,11,0,2018,10,7,3,3,2,6,0,0,1,0,0,0,0,0,7.72341E+20,5.64121E+21,1.287E+16,5.08583E+16
71966,14,6,25,250,2018,10,18,2,3,2,6,2,0,1,0,0,0,1,1,8.53855E+20,5.69023E+21,1.4072E+16,5.12533E+16
71967,14,5,24,330,2018,12,14,2,3,2,6,0,0,1,0,1,0,0,1,7.46088E+20,5.62648E+21,1.24879E+16,5.07379E+16
71968,14,6,12,0,2018,10,18,6,3,3,6,0,1,1,0,0,0,0,0,8.31981E+20,5.66525E+21,1.37366E+16,5.10427E+16
71969,14,7,29,190,2018,10,7,2,3,5,3,0,0,1,0,0,1,0,0,7.43446E+20,5.6854E+21,1.249E+16,5.12678E+16
71970,14,6,26,610,2018,10,10,5,2,6,4,0,1,0,1,0,0,0,0,9.13307E+20,5.66075E+21,1.48859E+16,5.09498E+16
71971,14,6,28,70,2018,11,15,1,2,5,2,0,0,1,0,1,0,0,0,8.49361E+20,5.6514E+21,1.39703E+16,5.09083E+16