OBJECTID_1,ULAND,UREGBEZ,UKREIS,UGEMEINDE,UJAHR,UMONAT,USTUNDE,UWOCHENTAG,UKATEGORIE,UART,UTYP1,ULICHTVERH,IstRad,IstPKW,IstFuss,IstKrad,IstGkfz,IstSonstig,STRZUSTAND,LINREFX,LINREFY,XGCSWGS84,YGCSWGS84
71972,14,6,12,0,2018,10,6,4,3,5,3,2,0,1,0,1,0,0,1,8.29672E+20,5.66601E+21,1.37045E+16,5.10508E+16
71973,14,5,21,380,2018,11,16,2,3,5,3,1,0,1,0,1,0,0,0,7.66706E+20,5.63113E+21,1.27828E+16,5.07705E+16
71974,14,6,12,0,2018,11,19,6,3,0,1,2,1,0,0,0,0,0,2,8.31682E+20,5.66734E+21,1.37343E+16,5.10616E+16
71975,14,7,13,0,2018,10,13,2,3,4,2,0,1,1,0,0,0,0,0,7.3208E+20,5.69245E+21,1.23319E+16,5.13359E+16
71976,14,5,22,210,2018,10,9,5,2,4,6,0,0,0,0,0,1,1,0,8.01102E+20,5.66207E+21,1.32948E+16,5.10311E+16
71977,14,5,22,210,2018,11,12,6,3,5,3,0,0,1,0,0,0,0,0,7.99974E+20,5.65474E+21,1.32727E+16,5.0966E+16
71978,14,7,29,140,2018,10,14,2,2,6,4,0,0,1,1,0,0,0,1,7.49181E+20,5.66284E+21,1.25564E+16,5.10629E+16
71979,14,7,13,0,2018,10,16,7,3,1,6,0,0,1,0,0,0,1,0,7.2775E+20,5.69906E+21,1.22741E+16,5.1397E+16
71980,14,6,25,270,2018,10,13,7,2,8,1,0,0,1,0,0,0,0,0,8.42246E+20,5.69175E+21,1.39077E+16,5.12741E+16
71981,14,5,22,380,2018,12,14,2,2,8,1,0,0,1,0,0,0,0,1,7.63348E+20,5.64463E+21,1.2745E+16,5.08932E+16
71982,14,5,21,460,2018,10,17,5,3,9,1,0,0,1,0,0,0,0,0,8.05175E+20,5.62372E+21,1.33207E+16,5.06851E+16
71983,14,5,22,180,2018,11,10,6,2,5,3,0,0,1,0,0,0,0,0,8.04847E+20,5.64985E+21,1.33378E+16,5.09196E+16
71984,14,7,13,0,2018,11,16,6,3,6,4,0,1,0,1,0,0,0,0,7.33841E+20,5.69322E+21,1.23577E+16,5.13421E+16
71985,14,6,27,60,2018,11,16,4,3,5,3,1,0,1,0,1,0,0,0,8.16069E+20,5.6978E+21,1.3539E+16,5.13434E+16
71986,14,6,28,50,2018,11,12,4,2,4,1,0,0,1,0,0,0,0,1,8.30667E+20,5.65748E+21,1.37108E+16,5.09737E+16
71987,14,6,25,480,2018,10,14,2,3,6,4,0,0,1,1,0,0,0,0,8.44288E+20,5.67456E+21,1.39204E+16,5.11188E+16
71988,14,6,28,110,2018,10,10,3,3,2,6,0,0,1,0,0,0,0,0,8.26675E+20,5.66089E+21,1.36572E+16,5.10066E+16
71989,14,6,25,600,2018,12,17,4,2,5,3,2,1,1,0,0,0,0,0,8.43272E+20,5.67728E+21,1.39085E+16,5.11438E+16
71990,14,6,28,260,2018,10,14,1,3,2,6,0,0,1,0,0,0,0,0,8.67878E+20,5.66284E+21,1.42441E+16,5.09992E+16
71991,14,6,26,610,2018,11,16,4,3,5,3,2,1,1,0,0,0,0,0,9.07771E+20,5.65462E+21,1.48007E+16,5.08988E+16
71992,14,6,25,480,2018,10,15,2,3,6,3,0,0,1,1,0,0,0,0,8.44287E+20,5.67467E+21,1.39205E+16,5.11198E+16
71993,14,7,29,410,2018,10,6,2,2,4,2,2,1,1,0,0,0,0,0,7.61401E+20,5.69797E+21,1.2756E+16,5.13727E+16
71994,14,6,12,0,2018,10,16,6,2,6,4,0,1,0,1,0,0,0,0,8.38038E+20,5.66786E+21,1.38251E+16,5.10625E+16
71995,14,6,28,60,2018,10,15,7,3,0,2,0,1,1,0,0,0,0,0,8.28437E+20,5.6486E+21,1.36712E+16,5.08955E+16
71996,14,7,30,230,2018,11,11,3,3,5,3,0,0,0,0,1,1,0,1,7.85239E+20,5.69064E+21,1.30918E+16,5.12955E+16
71997,14,6,12,0,2018,10,22,3,3,0,1,2,1,0,0,0,0,0,0,8.29734E+20,5.66604E+21,1.37054E+16,5.10511E+16
71998,14,5,21,250,2018,10,11,2,3,5,3,0,0,1,0,0,0,0,0,7.92062E+20,5.61762E+21,1.31308E+16,5.06372E+16
71999,14,7,13,0,2018,11,7,4,3,5,2,0,1,1,0,0,0,0,1,7.40891E+20,5.69635E+21,1.24608E+16,5.13673E+16
72000,14,6,12,0,2018,11,17,2,3,5,3,2,1,1,0,0,0,0,0,8.3081E+20,5.66593E+21,1.37206E+16,5.10494E+16
72001,14,6,26,180,2018,11,20,2,2,4,6,2,0,1,0,0,1,0,0,9.05196E+20,5.66355E+21,1.47741E+16,5.09806E+16
72002,14,5,11,0,2018,10,11,2,2,5,3,0,0,1,0,0,1,0,0,7.66762E+20,5.63378E+21,1.27855E+16,5.07942E+16
72003,14,5,23,450,2018,10,16,3,2,8,1,2,0,1,0,0,0,0,1,7.18268E+20,5.59091E+21,1.20733E+16,5.04296E+16
72004,14,6,25,600,2018,12,15,3,3,4,2,0,0,1,0,0,0,1,1,8.39385E+20,5.68032E+21,1.3856E+16,5.11733E+16
72005,14,5,24,290,2018,10,22,6,3,5,2,2,0,1,0,0,0,0,0,7.53887E+20,5.64207E+21,1.26089E+16,5.08745E+16
72006,14,6,25,640,2018,10,5,2,3,5,3,2,0,1,0,0,0,0,0,8.67864E+20,5.70845E+21,1.42906E+16,5.14076E+16
72007,14,7,29,10,2018,10,13,7,3,4,6,0,0,1,0,0,0,0,0,7.52963E+20,5.67238E+21,1.2617E+16,5.11469E+16
72008,14,7,13,0,2018,11,6,2,3,4,2,1,1,1,0,0,0,0,0,7.39348E+20,5.69447E+21,1.24374E+16,5.1351E+16
72009,14,5,21,640,2018,10,7,5,3,6,6,0,0,1,1,0,0,0,1,7.80281E+20,5.62064E+21,1.29669E+16,5.067E+16
72010,14,7,29,70,2018,11,12,2,2,5,3,0,0,1,0,0,0,0,0,7.53358E+20,5.69412E+21,1.2638E+16,5.13418E+16
72011,14,7,29,140,2018,11,9,6,2,0,7,0,1,0,0,0,0,0,2,7.49034E+20,5.66251E+21,1.25541E+16,5.106E+16
72012,14,7,30,300,2018,11,14,6,2,4,2,0,1,1,0,0,0,0,0,7.42373E+20,5.69732E+21,1.24827E+16,5.13753E+16
72013,14,5,23,320,2018,11,14,6,3,5,3,0,0,1,0,0,0,0,0,7.21347E+20,5.59841E+21,1.2121E+16,5.04958E+16
72014,14,6,12,0,2018,10,16,2,3,5,2,1,1,1,0,0,0,0,0,8.34515E+20,5.66176E+21,1.37694E+16,5.10099E+16
72015,14,6,26,610,2018,12,7,2,2,6,4,1,0,1,1,0,0,0,1,9.08503E+20,5.6535E+21,1.48098E+16,5.08883E+16
72016,14,7,29,350,2018,10,6,5,2,4,2,1,0,1,0,0,0,0,0,7.28334E+20,5.67327E+21,1.2266E+16,5.11652E+16
72017,14,5,24,330,2018,11,19,6,3,5,3,2,1,1,0,0,0,0,0,7.46221E+20,5.62899E+21,1.24914E+16,5.07604E+16
72018,14,7,29,160,2018,10,8,3,3,8,1,0,0,0,0,0,0,1,1,7.69506E+20,5.68162E+21,1.28599E+16,5.12223E+16
72019,14,6,28,20,2018,11,15,1,3,8,1,0,0,1,0,0,0,0,0,8.4781E+20,5.64977E+21,1.39468E+16,5.08946E+16
72020,14,6,25,390,2018,11,14,5,3,5,3,0,0,1,0,0,0,0,0,8.78504E+20,5.67793E+21,1.44107E+16,5.11274E+16
72021,14,6,25,20,2018,10,13,2,3,5,3,0,0,1,0,0,0,0,0,8.77581E+20,5.68371E+21,1.44036E+16,5.11798E+16
72022,14,6,27,240,2018,10,19,4,3,8,1,2,0,0,0,1,0,0,0,8.1123E+20,5.70242E+21,1.34738E+16,5.13875E+16
72023,14,7,13,0,2018,11,7,5,3,2,6,0,0,1,0,0,0,0,0,7.27195E+20,5.69338E+21,1.22625E+16,5.13462E+16
72024,14,6,28,270,2018,10,7,2,3,8,1,0,0,1,0,0,0,0,0,8.47646E+20,5.65602E+21,1.39504E+16,5.09507E+16
72025,14,5,21,30,2018,10,11,7,3,2,6,0,0,1,0,0,0,0,0,7.5911E+20,5.60996E+21,1.26605E+16,5.05839E+16
72026,14,6,27,180,2018,10,13,7,3,5,2,0,0,1,0,0,0,0,0,7.994E+20,5.66769E+21,1.32752E+16,5.10824E+16
72027,14,5,23,320,2018,11,16,6,2,0,1,2,0,0,0,1,0,0,1,7.22403E+20,5.59986E+21,1.21368E+16,5.05084E+16
72028,14,6,12,0,2018,11,15,7,3,4,6,0,0,1,0,0,0,0,0,8.40205E+20,5.66369E+21,1.3852E+16,5.10239E+16
72029,14,6,28,70,2018,10,6,2,2,8,1,2,0,1,0,0,0,0,1,8.48168E+20,5.64943E+21,1.39515E+16,5.08913E+16
72030,14,7,13,0,2018,12,7,2,3,5,2,1,0,1,0,0,0,0,1,7.2985E+20,5.69286E+21,1.23002E+16,5.13404E+16
72031,14,5,23,20,2018,10,19,5,2,6,2,2,0,0,1,1,0,0,0,7.40006E+20,5.60156E+21,1.23857E+16,5.05168E+16
72032,14,7,13,0,2018,11,7,7,2,9,7,1,0,1,0,0,0,0,0,7.28592E+20,5.68226E+21,1.22754E+16,5.12459E+16
72033,14,5,22,360,2018,10,7,4,3,6,2,2,0,0,1,0,0,1,1,7.7831E+20,5.65628E+21,1.29661E+16,5.09907E+16
72034,14,7,30,30,2018,11,10,1,3,9,1,0,0,0,0,1,0,0,1,7.79659E+20,5.72536E+21,1.30394E+16,5.16097E+16
72035,14,7,29,40,2018,11,10,5,3,2,2,0,0,1,0,0,0,0,0,7.36332E+20,5.68074E+21,1.23851E+16,5.1229E+16
72036,14,6,27,140,2018,10,19,2,3,5,3,2,0,1,0,0,0,1,1,8.12975E+20,5.67736E+21,1.34768E+16,5.11619E+16
72037,14,7,30,270,2018,10,20,4,2,2,6,2,0,0,0,0,1,1,0,7.24828E+20,5.70179E+21,1.22339E+16,5.14227E+16
72038,14,5,23,150,2018,11,8,5,3,8,7,0,0,1,0,0,0,0,0,7.34851E+20,5.61083E+21,1.2319E+16,5.0602E+16
72039,14,6,27,140,2018,10,12,2,3,5,3,0,1,0,0,0,0,1,0,8.13914E+20,5.67748E+21,1.34903E+16,5.11624E+16
72040,14,6,27,260,2018,10,2,7,3,6,6,2,1,0,1,0,0,0,0,7.9505E+20,5.68637E+21,1.32286E+16,5.12522E+16
72041,14,5,21,320,2018,10,9,7,2,5,3,0,1,1,0,0,0,0,0,7.59534E+20,5.59371E+21,1.26552E+16,5.0438E+16
72042,14,7,13,0,2018,12,14,1,3,2,2,0,0,1,0,0,0,0,1,7.28061E+20,5.6933E+21,1.22749E+16,5.13451E+16
72043,14,7,29,245,2018,10,8,4,2,5,3,0,0,1,0,0,0,0,0,7.64634E+20,5.69787E+21,1.28023E+16,5.13703E+16
72044,14,5,24,110,2018,11,6,5,3,3,6,0,0,1,0,0,0,0,0,7.42964E+20,5.61511E+21,1.24362E+16,5.06372E+16
72045,14,6,25,230,2018,11,12,6,3,5,3,0,0,1,0,0,0,1,0,8.89409E+20,5.68112E+21,1.45692E+16,5.11487E+16
72046,14,6,12,0,2018,11,18,4,2,5,2,2,1,1,0,0,0,0,0,8.31104E+20,5.66422E+21,1.37232E+16,5.10339E+16
72047,14,5,24,250,2018,11,17,3,3,2,6,2,0,1,0,0,0,0,0,7.51302E+20,5.61978E+21,1.25571E+16,5.06755E+16
72048,14,6,12,0,2018,10,12,2,3,5,3,0,1,1,0,0,0,0,0,8.2849E+20,5.66864E+21,1.36901E+16,5.10751E+16
72049,14,5,11,0,2018,10,16,3,3,1,6,0,0,1,0,0,0,0,0,7.80429E+20,5.64499E+21,1.29875E+16,5.08884E+16
72050,14,6,12,0,2018,11,19,5,3,4,2,2,1,1,0,0,0,0,0,8.33706E+20,5.67104E+21,1.37665E+16,5.10936E+16
72051,14,6,25,480,2018,12,13,4,2,6,4,0,0,0,1,0,0,1,0,8.44036E+20,5.67426E+21,1.39165E+16,5.11163E+16
72052,14,6,28,380,2018,10,15,1,2,4,6,0,0,1,0,1,0,0,0,8.59206E+20,5.66544E+21,1.41236E+16,5.1028E+16
72053,14,6,12,0,2018,11,17,4,3,5,3,2,1,1,0,0,0,0,0,8.30938E+20,5.67006E+21,1.37262E+16,5.10863E+16
72054,14,5,22,540,2018,10,17,2,2,9,1,0,0,1,0,0,0,0,1,7.95685E+20,5.66414E+21,1.32194E+16,5.10525E+16
72055,14,6,27,310,2018,10,16,2,3,5,3,0,1,1,0,0,0,0,0,8.19446E+20,5.6764E+21,1.35682E+16,5.11497E+16
72056,14,6,12,0,2018,10,7,6,3,5,2,0,1,1,0,0,0,0,0,8.4187E+20,5.66783E+21,1.38796E+16,5.10599E+16
72057,14,5,22,500,2018,10,15,7,2,9,1,0,0,0,0,1,0,0,0,7.88162E+20,5.66198E+21,1.31107E+16,5.1037E+16
72058,14,7,30,270,2018,11,6,3,3,5,3,2,0,1,0,0,0,0,1,7.21937E+20,5.69891E+21,1.21906E+16,5.13979E+16
72059,14,5,22,190,2018,10,13,3,3,5,3,0,0,1,0,0,0,0,0,7.73041E+20,5.66525E+21,1.2898E+16,5.10737E+16
72060,14,6,27,230,2018,11,15,4,3,0,3,0,1,1,0,0,0,0,0,7.99726E+20,5.69207E+21,1.33002E+16,5.13009E+16
72061,14,5,23,340,2018,11,12,1,3,4,1,0,0,1,0,1,0,0,1,7.33561E+20,5.61352E+21,1.23024E+16,5.06267E+16
72062,14,6,25,600,2018,11,11,2,2,2,6,0,0,0,0,0,1,0,0,8.41125E+20,5.68021E+21,1.38807E+16,5.11714E+16
72063,14,7,13,0,2018,10,6,3,3,0,7,2,0,0,0,0,0,1,1,7.36067E+20,5.70092E+21,1.23947E+16,5.14103E+16
72064,14,6,28,390,2018,12,11,3,3,8,1,0,0,1,0,0,0,0,1,8.52339E+20,5.65447E+21,1.40155E+16,5.0934E+16
72065,14,7,13,0,2018,10,7,6,2,0,1,1,1,0,0,0,0,0,1,7.34428E+20,5.69339E+21,1.23662E+16,5.13434E+16
72066,14,5,22,170,2018,10,21,2,3,0,7,2,0,1,0,0,0,0,1,8.20837E+20,5.6343E+21,1.3551E+16,5.07715E+16
72067,14,5,23,170,2018,10,17,6,2,4,1,1,0,1,0,1,0,0,0,7.37369E+20,5.60876E+21,1.23532E+16,5.05824E+16
72068,14,6,26,520,2018,11,16,2,3,5,3,0,1,1,0,0,0,0,0,9.14762E+20,5.68602E+21,1.49354E+16,5.11747E+16
72069,14,5,23,380,2018,10,14,4,2,4,1,0,0,1,0,0,0,0,1,7.43857E+20,5.60571E+21,1.24426E+16,5.05524E+16
72070,14,6,25,40,2018,11,6,2,3,5,3,1,0,1,0,0,0,0,0,8.6141E+20,5.67625E+21,1.41657E+16,5.11235E+16
72071,14,7,29,160,2018,11,7,6,3,5,3,0,0,1,0,0,0,0,1,7.60566E+20,5.68526E+21,1.27348E+16,5.12591E+16
72072,14,6,27,100,2018,10,11,2,3,2,2,0,0,1,0,0,0,0,0,8.12968E+20,5.67449E+21,1.34742E+16,5.11362E+16
72073,14,6,12,0,2018,11,0,6,3,9,1,2,0,1,0,0,0,0,1,8.32103E+20,5.67424E+21,1.37466E+16,5.11231E+16
72074,14,7,29,330,2018,11,13,6,3,2,2,0,0,1,0,0,0,0,0,7.51581E+20,5.67977E+21,1.26024E+16,5.12138E+16
72075,14,5,22,420,2018,10,5,2,3,5,3,2,0,1,0,0,0,1,1,7.80676E+20,5.64427E+21,1.29905E+16,5.08818E+16
72076,14,6,25,600,2018,12,7,2,3,4,2,2,0,1,0,0,0,0,1,8.47605E+20,5.67909E+21,1.39719E+16,5.11574E+16
72077,14,6,25,120,2018,10,11,5,3,4,2,0,0,1,0,0,0,0,0,8.59218E+20,5.72077E+21,1.41794E+16,5.15235E+16
72078,14,7,13,0,2018,11,14,6,3,3,2,0,1,1,0,0,0,0,0,7.29947E+20,5.69311E+21,1.23018E+16,5.13427E+16
72079,14,7,30,340,2018,10,7,3,2,9,1,2,0,1,0,0,1,0,1,7.22546E+20,5.70294E+21,1.22019E+16,5.14339E+16
72080,14,5,22,570,2018,11,3,1,3,9,1,2,0,0,0,0,0,1,0,7.82783E+20,5.66701E+21,1.30381E+16,5.10848E+16
72081,14,6,12,0,2018,11,18,5,3,0,7,2,0,1,0,0,0,0,0,8.33772E+20,5.66783E+21,1.37644E+16,5.10647E+16
72082,14,5,22,480,2018,10,8,2,2,4,6,0,0,1,0,0,0,0,0,8.04779E+20,5.66101E+21,1.33462E+16,5.10197E+16
72083,14,6,12,0,2018,10,15,4,3,5,2,0,1,0,0,1,0,0,0,8.31864E+20,5.66754E+21,1.3737E+16,5.10632E+16
72084,14,6,25,20,2018,11,14,5,3,2,6,0,0,1,0,0,0,0,0,8.76945E+20,5.68364E+21,1.43945E+16,5.11796E+16
72085,14,5,22,180,2018,10,19,2,3,0,1,1,1,0,0,0,0,0,1,8.04913E+20,5.64904E+21,1.3338E+16,5.09123E+16
72086,14,7,29,320,2018,10,19,6,3,8,1,2,0,1,0,0,0,0,0,7.39729E+20,5.66853E+21,1.24255E+16,5.1118E+16
72087,14,5,21,550,2018,10,20,7,2,4,2,2,0,1,0,1,0,0,0,7.67849E+20,5.6063E+21,1.2781E+16,5.05472E+16
72088,14,5,21,530,2018,12,14,1,2,5,3,0,0,1,0,0,0,0,1,7.57855E+20,5.61053E+21,1.26432E+16,5.05897E+16
72089,14,6,27,100,2018,10,8,4,2,2,6,0,0,0,0,0,1,0,0,8.17924E+20,5.66639E+21,1.35377E+16,5.10609E+16
72090,14,5,24,300,2018,11,7,5,3,3,6,0,0,1,0,0,0,0,0,7.39529E+20,5.62577E+21,1.23946E+16,5.07343E+16
72091,14,7,30,270,2018,11,8,3,3,5,3,0,0,1,0,0,0,0,0,7.22001E+20,5.69902E+21,1.21916E+16,5.13989E+16
72092,14,6,25,20,2018,11,15,3,3,5,3,0,0,1,0,0,0,0,1,8.82277E+20,5.68759E+21,1.44746E+16,5.12114E+16
72093,14,5,22,80,2018,10,15,2,2,2,6,0,0,0,0,0,1,0,0,7.90897E+20,5.67304E+21,1.31585E+16,5.11348E+16
72094,14,5,24,100,2018,10,13,4,2,5,3,0,1,1,0,0,0,0,0,7.50959E+20,5.61177E+21,1.25468E+16,5.06038E+16
72095,14,5,22,570,2018,12,16,4,3,5,3,2,0,1,0,0,0,1,0,7.84791E+20,5.66735E+21,1.30669E+16,5.10868E+16
72096,14,5,24,170,2018,10,15,7,2,5,3,0,0,1,0,1,0,0,0,7.41266E+20,5.62175E+21,1.24166E+16,5.06975E+16
72097,14,5,21,20,2018,10,18,2,2,0,1,0,0,0,0,1,0,0,1,7.83017E+20,5.60968E+21,1.29972E+16,5.05704E+16
72098,14,7,29,350,2018,10,17,1,3,5,2,0,0,1,0,0,0,1,0,7.25437E+20,5.68017E+21,1.2229E+16,5.12284E+16
72099,14,6,25,310,2018,11,8,3,3,4,2,0,0,1,0,0,0,0,0,8.55662E+20,5.71183E+21,1.41193E+16,5.14457E+16
72100,14,7,29,10,2018,10,17,5,3,8,1,1,0,1,0,0,0,0,0,7.53363E+20,5.67198E+21,1.26224E+16,5.11431E+16
72101,14,5,24,330,2018,10,15,6,2,2,2,0,0,1,0,0,0,0,0,7.4995E+20,5.62482E+21,1.25414E+16,5.07213E+16
72102,14,6,25,380,2018,11,18,3,3,9,1,1,0,1,0,0,0,0,1,8.73901E+20,5.67428E+21,1.43414E+16,5.10978E+16
72103,14,5,24,330,2018,11,7,3,3,5,2,0,1,1,0,0,0,0,0,7.46406E+20,5.62532E+21,1.24916E+16,5.07273E+16
72104,14,6,28,360,2018,11,12,1,3,9,1,0,0,0,0,1,0,0,1,8.76022E+20,5.65622E+21,1.43529E+16,5.09347E+16
72105,14,6,27,210,2018,12,7,1,3,8,1,0,0,1,0,0,0,0,0,8.25506E+20,5.67189E+21,1.36505E+16,5.11059E+16
72106,14,6,25,590,2018,10,16,4,2,0,7,0,0,1,0,1,0,0,1,8.72773E+20,5.66992E+21,1.43209E+16,5.10595E+16
72107,14,6,25,140,2018,11,6,5,2,5,3,0,0,1,0,1,0,0,0,8.57688E+20,5.67568E+21,1.41122E+16,5.11207E+16
72108,14,6,27,200,2018,11,6,6,2,8,1,1,0,1,0,0,0,0,1,8.11027E+20,5.68943E+21,1.34595E+16,5.12712E+16
72109,14,7,29,380,2018,11,11,3,3,6,6,0,0,1,1,0,0,0,0,7.56428E+20,5.70418E+21,1.26892E+16,5.14307E+16
72110,14,6,26,600,2018,11,18,3,3,6,2,2,0,1,1,0,0,0,0,8.91494E+20,5.72122E+21,1.46429E+16,5.15061E+16
72111,14,5,24,30,2018,10,17,2,2,3,6,0,0,1,0,0,1,0,0,7.37996E+20,5.63694E+21,1.23802E+16,5.08352E+16
72112,14,5,11,0,2018,10,5,3,3,3,6,2,0,1,0,0,0,1,0,7.70697E+20,5.63955E+21,1.28455E+16,5.08442E+16
72113,14,5,22,180,2018,11,5,5,3,0,7,2,0,1,0,0,0,0,0,8.03227E+20,5.65133E+21,1.3316E+16,5.09337E+16
72114,14,6,28,400,2018,12,19,4,3,5,2,2,0,1,0,0,0,0,1,8.21193E+20,5.65846E+21,1.35772E+16,5.09879E+16
72115,14,5,22,35,2018,10,14,1,2,3,2,0,0,1,0,1,0,0,0,8.10264E+20,5.65219E+21,1.34166E+16,5.09377E+16
72116,14,5,22,260,2018,11,8,4,3,5,3,0,0,1,0,0,1,0,0,7.66048E+20,5.64299E+21,1.27821E+16,5.08772E+16
72117,14,5,23,300,2018,9,1,1,3,8,1,2,0,1,0,0,0,0,0,7.20228E+20,5.58984E+21,1.21003E+16,5.04192E+16
72118,14,5,22,460,2018,10,6,2,2,5,3,2,0,1,0,0,0,0,0,7.59434E+20,5.65315E+21,1.26955E+16,5.09714E+16
72119,14,5,23,10,2018,10,6,5,3,5,3,2,0,1,0,0,0,0,1,7.31613E+20,5.57713E+21,1.22524E+16,5.03007E+16
72120,14,5,24,320,2018,10,15,6,3,1,5,0,0,1,0,0,0,0,0,7.48416E+20,5.61943E+21,1.2516E+16,5.06736E+16
72121,14,7,30,150,2018,11,2,3,3,9,7,2,0,0,0,0,0,1,0,7.40168E+20,5.70956E+21,1.24594E+16,5.14861E+16
72122,14,5,23,120,2018,10,16,2,2,5,3,0,0,1,0,1,0,0,0,7.38809E+20,5.59673E+21,1.23658E+16,5.04739E+16
72123,14,5,22,35,2018,11,17,4,3,2,6,1,0,1,0,0,0,0,0,8.10173E+20,5.65212E+21,1.34153E+16,5.09372E+16
72124,14,7,29,320,2018,11,18,1,3,0,1,2,0,1,0,0,0,0,1,7.37861E+20,5.67164E+21,1.2401E+16,5.11467E+16
72125,14,5,22,200,2018,11,5,2,2,5,3,2,0,1,0,0,1,0,2,8.04614E+20,5.63394E+21,1.33213E+16,5.0777E+16
72126,14,6,25,250,2018,10,10,3,3,2,2,0,0,1,0,0,0,0,0,8.56117E+20,5.69261E+21,1.41066E+16,5.12732E+16
72127,14,6,12,0,2018,12,14,3,3,5,3,0,1,1,0,0,0,0,0,8.32038E+20,5.6675E+21,1.37395E+16,5.10628E+16
72128,14,6,26,610,2018,10,14,6,3,2,6,0,0,1,0,1,0,0,0,9.09132E+20,5.65482E+21,1.48201E+16,5.08997E+16
72129,14,5,24,260,2018,9,22,1,3,0,7,2,0,1,0,0,0,0,0,7.51067E+20,5.63946E+21,1.25672E+16,5.08523E+16
72130,14,6,26,160,2018,10,8,6,3,8,7,0,0,0,0,0,1,0,0,9.05384E+20,5.7021E+21,1.48202E+16,5.13253E+16
72131,14,6,12,0,2018,11,12,2,3,2,2,0,0,1,0,0,1,0,0,8.42233E+20,5.66796E+21,1.38849E+16,5.10609E+16
72132,14,7,13,0,2018,10,6,4,3,5,3,2,1,1,0,0,0,0,1,7.36206E+20,5.69381E+21,1.2392E+16,5.13464E+16
72133,14,6,27,150,2018,11,6,2,3,6,4,1,0,1,1,0,0,0,0,8.28667E+20,5.67333E+21,1.36968E+16,5.1117E+16
72134,14,6,26,490,2018,11,13,6,2,2,6,0,0,1,0,0,0,0,0,8.83239E+20,5.72386E+21,1.45274E+16,5.15354E+16
72135,14,5,11,0,2018,11,13,6,3,4,2,0,0,1,0,0,1,0,0,7.76096E+20,5.64162E+21,1.29235E+16,5.08602E+16
72136,14,6,26,350,2018,11,6,6,3,5,3,0,0,1,0,1,0,0,1,8.87644E+20,5.66816E+21,1.45302E+16,5.10339E+16
72137,14,6,25,250,2018,10,19,1,3,5,3,2,0,1,0,0,0,0,1,8.56444E+20,5.69459E+21,1.41132E+16,5.12908E+16
72138,14,6,28,80,2018,12,6,2,2,0,1,2,1,0,0,0,0,0,1,8.41784E+20,5.6572E+21,1.38683E+16,5.09648E+16
72139,14,6,28,130,2018,10,14,5,2,4,6,0,0,1,0,0,0,0,0,8.3448E+20,5.6448E+21,1.37534E+16,5.08579E+16
72140,14,6,25,540,2018,11,18,6,3,7,7,2,0,1,0,0,0,0,1,8.54951E+20,5.69646E+21,1.40938E+16,5.13085E+16
72141,14,6,28,400,2018,10,14,3,3,9,1,0,0,1,0,0,0,0,1,8.2103E+20,5.6576E+21,1.35741E+16,5.09803E+16
72142,14,7,29,410,2018,11,19,7,3,0,6,2,0,1,0,0,0,0,0,7.61506E+20,5.69684E+21,1.27567E+16,5.13625E+16
72143,14,5,11,0,2018,11,11,5,2,5,2,0,0,1,0,1,0,0,0,7.74849E+20,5.63988E+21,1.29046E+16,5.08453E+16
72144,14,5,21,590,2018,11,17,5,3,2,6,2,0,1,0,0,0,0,0,7.65432E+20,5.62338E+21,1.27592E+16,5.07016E+16
72145,14,5,24,120,2018,9,9,1,3,5,3,0,0,1,0,0,0,0,0,7.60741E+20,5.63402E+21,1.27004E+16,5.07992E+16
72146,14,5,21,450,2018,10,12,4,2,5,3,0,0,1,0,1,0,0,0,7.6178E+20,5.62448E+21,1.27084E+16,5.07131E+16
72147,14,6,12,0,2018,12,11,5,3,0,7,0,1,0,0,0,0,0,0,8.29793E+20,5.66437E+21,1.37047E+16,5.10361E+16
72148,14,5,24,330,2018,10,13,1,2,0,1,0,1,0,0,0,0,0,1,7.46144E+20,5.63166E+21,1.24921E+16,5.07843E+16
72149,14,6,28,410,2018,11,8,5,3,9,6,0,0,1,0,0,0,0,0,8.13962E+20,5.66599E+21,1.3481E+16,5.10594E+16
72150,14,7,30,280,2018,9,17,1,3,0,7,0,0,0,0,1,0,0,0,7.42881E+20,5.71352E+21,1.25011E+16,5.15204E+16
72151,14,5,21,390,2018,10,14,3,2,2,7,0,0,1,0,0,1,1,1,7.94761E+20,5.61439E+21,1.31663E+16,5.06068E+16
72152,14,7,29,400,2018,10,20,6,2,9,1,2,0,1,0,0,0,0,0,7.55328E+20,5.68856E+21,1.26622E+16,5.1291E+16
72153,14,5,24,60,2018,10,6,6,2,5,3,2,0,1,0,0,0,0,0,7.37523E+20,5.61976E+21,1.23624E+16,5.06811E+16
72154,14,5,23,300,2018,12,15,7,2,2,2,0,0,1,0,0,0,1,1,7.21827E+20,5.59148E+21,1.21237E+16,5.04334E+16
72155,14,7,30,70,2018,10,9,3,3,4,2,0,0,1,0,0,0,0,0,7.32097E+20,5.7139E+21,1.23462E+16,5.15285E+16