OBJECTID_1,ULAND,UREGBEZ,UKREIS,UGEMEINDE,UJAHR,UMONAT,USTUNDE,UWOCHENTAG,UKATEGORIE,UART,UTYP1,ULICHTVERH,IstRad,IstPKW,IstFuss,IstKrad,IstGkfz,IstSonstig,STRZUSTAND,LINREFX,LINREFY,XGCSWGS84,YGCSWGS84
72340,14,5,23,440,2018,10,15,4,2,9,1,0,0,1,0,0,0,0,1,7.20929E+20,5.58348E+21,1.21064E+16,5.03618E+16
72341,14,6,28,270,2018,11,10,2,3,5,3,0,1,1,0,0,0,0,0,8.46862E+20,5.65629E+21,1.39395E+16,5.09536E+16
72342,14,7,30,230,2018,11,6,6,2,2,6,2,1,0,0,0,0,1,0,7.84677E+20,5.69227E+21,1.30851E+16,5.13104E+16
72343,14,6,12,0,2018,11,7,6,2,5,2,2,0,1,0,0,0,0,1,8.37514E+20,5.65834E+21,1.38088E+16,5.09775E+16
72344,14,7,30,270,2018,11,4,6,3,8,1,1,0,1,0,0,0,0,1,7.24642E+20,5.69855E+21,1.22292E+16,5.13937E+16
72345,14,5,23,330,2018,10,17,1,2,5,3,2,0,1,0,0,0,0,1,7.26484E+20,5.60595E+21,1.21979E+16,5.05615E+16
72346,14,6,28,160,2018,12,7,2,3,6,2,0,0,1,1,0,0,0,1,8.41591E+20,5.65794E+21,1.38663E+16,5.09715E+16
72347,14,6,27,50,2018,10,9,5,3,8,2,0,1,1,0,0,0,0,0,8.09092E+20,5.70471E+21,1.34451E+16,5.14092E+16
72348,14,7,29,70,2018,11,15,6,3,5,3,0,0,1,0,0,0,0,0,7.50846E+20,5.68976E+21,1.25989E+16,5.13038E+16
72349,14,7,30,270,2018,10,2,3,1,2,6,2,0,1,0,0,1,0,0,7.23079E+20,5.70471E+21,1.22106E+16,5.14495E+16
72350,14,5,24,180,2018,11,9,7,3,5,3,0,0,1,0,0,0,0,0,7.64117E+20,5.64104E+21,1.27533E+16,5.08606E+16
72351,14,5,21,495,2018,11,11,5,2,4,6,0,0,1,0,0,1,0,0,7.95236E+20,5.62865E+21,1.31844E+16,5.07345E+16
72352,14,6,26,370,2018,12,10,3,3,8,1,0,0,1,0,0,0,0,1,9.00827E+20,5.69956E+21,1.47523E+16,5.13058E+16
72353,14,5,23,340,2018,10,18,6,2,5,2,2,0,1,0,1,0,0,0,7.32718E+20,5.61312E+21,1.22903E+16,5.06235E+16
72354,14,7,30,70,2018,9,10,7,3,5,3,0,0,1,0,0,0,0,0,7.32725E+20,5.71424E+21,1.23555E+16,5.15312E+16
72355,14,6,12,0,2018,10,17,7,3,5,3,0,0,1,0,0,0,0,0,8.31392E+20,5.66933E+21,1.3732E+16,5.10796E+16
72356,14,6,26,290,2018,11,12,2,3,5,3,0,0,1,0,0,0,0,0,8.97743E+20,5.67666E+21,1.46829E+16,5.11031E+16
72357,14,5,11,0,2018,10,18,5,3,2,6,2,0,1,0,0,0,0,0,7.72606E+20,5.64108E+21,1.28737E+16,5.0857E+16
72358,14,6,26,280,2018,11,8,2,2,9,1,0,0,1,0,0,0,0,1,8.98101E+20,5.65772E+21,1.46672E+16,5.09333E+16
72359,14,7,13,0,2018,11,16,6,3,2,6,1,0,1,0,0,0,0,1,7.29778E+20,5.69313E+21,1.22994E+16,5.13429E+16
72360,14,6,28,50,2018,11,10,6,3,5,2,0,0,1,0,0,0,1,0,8.34371E+20,5.65981E+21,1.37656E+16,5.09925E+16
72361,14,5,24,80,2018,11,17,6,2,4,2,2,0,1,0,1,0,0,0,7.48347E+20,5.63632E+21,1.25265E+16,5.08252E+16
72362,14,6,12,0,2018,10,9,2,3,0,1,0,0,0,0,1,0,0,1,8.31959E+20,5.66522E+21,1.37363E+16,5.10424E+16
72363,14,6,25,480,2018,12,12,2,3,8,1,0,0,1,0,0,0,0,1,8.44072E+20,5.67418E+21,1.39169E+16,5.11156E+16
72364,14,6,26,290,2018,10,15,5,2,5,3,0,1,1,0,0,0,0,0,8.96166E+20,5.67605E+21,1.46598E+16,5.10987E+16
72365,14,7,29,400,2018,11,6,6,2,8,1,1,0,1,0,0,0,0,1,7.59156E+20,5.68885E+21,1.27172E+16,5.12919E+16
72366,14,7,13,0,2018,10,13,3,3,3,6,0,0,1,0,0,0,0,0,7.35856E+20,5.69371E+21,1.23869E+16,5.13457E+16
72367,14,5,21,590,2018,11,15,1,3,8,1,0,0,1,0,0,0,0,0,7.66425E+20,5.62423E+21,1.27738E+16,5.07088E+16
72368,14,6,28,270,2018,11,13,5,2,5,1,0,1,1,0,0,0,0,0,8.45239E+20,5.6576E+21,1.39178E+16,5.09664E+16
72369,14,7,13,0,2018,9,5,7,3,5,3,2,0,1,0,0,0,0,0,7.362E+20,5.69381E+21,1.23919E+16,5.13464E+16
72370,14,6,28,80,2018,10,12,4,3,5,2,0,1,1,0,0,0,0,0,8.40944E+20,5.65779E+21,1.3857E+16,5.09706E+16
72371,14,7,29,250,2018,11,18,5,2,4,6,2,0,1,0,0,0,0,0,7.54485E+20,5.69613E+21,1.26556E+16,5.13593E+16
72372,14,7,13,0,2018,9,4,7,3,2,2,2,0,1,0,0,0,0,0,7.3934E+20,5.69517E+21,1.24378E+16,5.13573E+16
72373,14,5,22,330,2018,10,13,7,3,9,1,0,0,1,0,0,0,0,0,7.81112E+20,5.64781E+21,1.29994E+16,5.09133E+16
72374,14,6,12,0,2018,12,17,1,3,2,2,2,0,1,0,0,0,0,1,8.30738E+20,5.6673E+21,1.37208E+16,5.10617E+16
72375,14,6,28,260,2018,10,9,4,3,2,6,0,0,1,0,0,0,1,0,8.66907E+20,5.66473E+21,1.42323E+16,5.10168E+16
72376,14,6,25,340,2018,11,5,5,2,2,6,2,0,1,0,0,0,0,0,8.89555E+20,5.68797E+21,1.45787E+16,5.12099E+16
72377,14,5,21,670,2018,11,14,6,3,5,3,0,0,1,0,0,0,0,0,7.88416E+20,5.61913E+21,1.30805E+16,5.06525E+16
72378,14,7,29,60,2018,11,16,3,3,5,3,0,1,1,0,0,0,0,0,7.46269E+20,5.69583E+21,1.25376E+16,5.13602E+16
72379,14,6,25,40,2018,11,9,3,3,2,6,0,0,1,0,0,0,1,0,8.62618E+20,5.67727E+21,1.41839E+16,5.11318E+16
72380,14,6,26,60,2018,9,4,7,3,9,7,2,0,1,0,0,0,0,0,8.83301E+20,5.70873E+21,1.45119E+16,5.14E+16
72381,14,5,24,330,2018,10,15,2,2,8,1,0,0,1,0,0,0,0,0,7.49759E+20,5.62859E+21,1.25412E+16,5.07552E+16
72382,14,5,21,170,2018,11,10,5,2,4,1,0,0,1,0,0,0,0,0,7.5692E+20,5.59781E+21,1.26212E+16,5.04759E+16
72383,14,6,28,410,2018,12,7,4,2,2,2,1,1,1,0,0,0,0,0,8.17778E+20,5.66553E+21,1.35349E+16,5.10532E+16
72384,14,5,21,170,2018,10,14,1,3,3,6,0,0,1,0,1,0,0,0,7.59711E+20,5.60066E+21,1.26625E+16,5.05003E+16
72385,14,5,22,150,2018,11,6,4,3,5,3,1,0,1,0,0,0,0,1,7.83692E+20,5.64636E+21,1.30349E+16,5.0899E+16
72386,14,6,25,480,2018,9,18,7,3,2,2,1,0,1,0,0,0,0,0,8.44787E+20,5.67507E+21,1.3928E+16,5.11231E+16
72387,14,5,11,0,2018,10,15,2,3,2,6,0,0,1,0,0,0,1,1,7.74608E+20,5.63754E+21,1.28994E+16,5.08244E+16
72388,14,6,25,120,2018,11,12,3,3,5,3,0,0,1,0,0,0,0,0,8.62292E+20,5.71431E+21,1.42169E+16,5.14637E+16
72389,14,5,23,370,2018,10,14,5,1,9,1,0,0,1,0,0,0,0,1,7.37056E+20,5.59082E+21,1.23374E+16,5.04215E+16
72390,14,6,26,610,2018,11,15,3,3,9,1,0,0,0,0,1,0,0,1,9.07809E+20,5.6546E+21,1.48012E+16,5.08987E+16
72391,14,7,29,245,2018,10,8,2,2,4,6,0,0,1,0,0,0,1,0,7.70922E+20,5.70011E+21,1.28941E+16,5.13874E+16
72392,14,5,22,240,2018,11,21,4,3,8,7,2,0,1,0,0,0,0,0,8.11957E+20,5.65692E+21,1.34447E+16,5.09792E+16
72393,14,7,29,160,2018,11,4,1,1,8,1,2,0,1,0,0,0,1,1,7.68248E+20,5.68453E+21,1.28441E+16,5.12489E+16
72394,14,5,21,160,2018,11,13,2,3,2,6,0,0,0,0,0,1,0,0,7.78942E+20,5.61593E+21,1.29444E+16,5.06284E+16
72395,14,6,25,330,2018,10,10,3,3,5,3,0,1,0,0,0,1,0,0,8.76099E+20,5.70657E+21,1.44065E+16,5.13854E+16
72396,14,5,22,590,2018,12,14,3,2,8,1,0,0,1,0,0,0,0,1,8.09353E+20,5.64528E+21,1.33978E+16,5.08763E+16
72397,14,6,25,450,2018,10,14,6,2,6,4,0,0,1,1,0,0,0,0,8.50191E+20,5.68195E+21,1.40116E+16,5.11815E+16
72398,14,6,26,370,2018,9,11,7,3,5,3,0,1,1,0,0,0,0,0,9.05647E+20,5.69849E+21,1.48198E+16,5.12928E+16
72399,14,6,25,110,2018,10,12,6,3,8,1,0,0,1,0,0,0,0,0,8.76157E+20,5.67848E+21,1.43779E+16,5.11339E+16
72400,14,5,21,380,2018,11,10,2,3,5,3,0,1,1,0,0,0,0,0,7.64277E+20,5.62813E+21,1.27463E+16,5.07447E+16
72401,14,7,29,430,2018,10,17,4,3,6,4,0,0,0,1,1,0,0,0,7.31759E+20,5.67692E+21,1.23173E+16,5.11966E+16
72402,14,6,12,0,2018,11,13,2,3,9,7,0,0,1,0,0,0,0,1,8.22114E+20,5.67041E+21,1.36009E+16,5.10945E+16
72403,14,6,25,20,2018,11,13,6,3,6,4,0,0,1,1,0,0,0,0,8.79612E+20,5.68401E+21,1.44328E+16,5.11811E+16
72404,14,6,28,260,2018,9,10,7,3,5,3,0,0,1,0,0,0,0,0,8.6595E+20,5.66526E+21,1.42192E+16,5.10222E+16
72405,14,7,29,430,2018,11,10,5,3,5,3,0,0,1,0,0,0,1,0,7.31753E+20,5.67692E+21,1.23172E+16,5.11966E+16
72406,14,6,25,110,2018,11,16,6,2,4,6,0,0,1,0,0,0,0,0,8.75443E+20,5.68164E+21,1.4371E+16,5.11626E+16
72407,14,6,25,490,2018,10,3,1,2,0,1,2,1,0,0,0,0,0,0,8.79821E+20,5.69712E+21,1.44497E+16,5.12984E+16
72408,14,6,12,0,2018,12,10,2,3,2,7,0,0,1,0,0,0,0,1,8.28566E+20,5.66556E+21,1.36883E+16,5.10474E+16
72409,14,6,12,0,2018,10,17,5,3,5,3,0,1,1,0,0,0,0,0,8.34386E+20,5.66242E+21,1.37682E+16,5.10159E+16
72410,14,6,26,590,2018,11,14,6,2,2,6,0,0,1,0,0,0,0,0,8.96617E+20,5.72066E+21,1.47157E+16,5.14976E+16
72411,14,6,25,600,2018,11,8,7,3,5,3,0,0,1,0,0,0,0,0,8.41756E+20,5.6785E+21,1.38881E+16,5.11556E+16
72412,14,5,11,0,2018,11,14,5,3,5,5,0,0,1,0,0,0,0,0,7.78469E+20,5.64227E+21,1.29577E+16,5.08649E+16
72413,14,5,22,150,2018,11,18,5,3,9,1,2,0,1,0,0,0,0,1,7.83737E+20,5.64581E+21,1.30351E+16,5.08941E+16
72414,14,6,28,150,2018,9,11,7,3,8,1,0,0,1,0,0,0,0,0,8.21571E+20,5.63807E+21,1.35646E+16,5.08049E+16
72415,14,7,30,45,2018,10,15,3,3,4,6,0,0,1,0,0,0,0,0,7.87383E+20,5.71073E+21,1.31387E+16,5.14746E+16
72416,14,6,27,210,2018,12,8,5,3,3,6,0,0,1,0,1,0,0,0,8.25995E+20,5.67188E+21,1.36575E+16,5.11055E+16
72417,14,5,24,330,2018,10,14,1,3,3,6,0,0,1,0,0,0,0,0,7.47314E+20,5.62249E+21,1.25025E+16,5.07016E+16
72418,14,6,12,0,2018,11,8,5,3,2,6,0,0,1,0,0,0,0,0,8.30296E+20,5.66907E+21,1.37161E+16,5.10778E+16
72419,14,6,12,0,2018,9,13,7,3,5,3,0,1,1,0,0,0,0,0,8.28829E+20,5.6671E+21,1.36935E+16,5.10611E+16
72420,14,5,24,160,2018,10,8,2,2,5,2,0,1,1,0,0,0,0,0,7.56249E+20,5.62888E+21,1.26332E+16,5.0755E+16
72421,14,6,25,250,2018,10,20,6,3,5,3,2,1,1,0,0,0,0,0,8.54799E+20,5.6924E+21,1.40876E+16,5.12722E+16
72422,14,7,13,0,2018,12,17,7,3,2,6,1,0,1,0,0,0,0,0,7.28555E+20,5.69325E+21,1.22819E+16,5.13445E+16
72423,14,5,21,20,2018,10,19,2,3,5,2,2,0,1,0,0,0,0,0,7.84619E+20,5.60743E+21,1.3018E+16,5.05494E+16
72424,14,7,13,0,2018,10,11,3,3,4,2,0,0,1,0,0,0,0,0,7.38579E+20,5.69453E+21,1.24265E+16,5.13518E+16
72425,14,6,26,610,2018,11,16,5,3,5,3,0,1,1,0,0,0,0,0,9.07553E+20,5.65455E+21,1.47975E+16,5.08984E+16
72426,14,6,12,0,2018,11,11,3,3,5,2,0,0,1,0,0,0,1,0,8.3525E+20,5.67474E+21,1.37919E+16,5.11258E+16
72427,14,5,21,260,2018,11,13,3,2,6,2,0,0,1,1,0,0,0,1,7.68299E+20,5.60772E+21,1.27884E+16,5.05597E+16
72428,14,6,27,130,2018,10,22,2,2,8,1,2,0,1,0,0,0,0,0,7.97341E+20,5.67834E+21,1.32547E+16,5.1179E+16
72429,14,6,26,60,2018,10,15,4,3,2,2,0,0,1,0,0,0,0,0,8.88524E+20,5.71078E+21,1.45889E+16,5.14147E+16
72430,14,7,30,110,2018,12,10,3,3,5,3,0,0,1,0,0,0,1,1,7.5438E+20,5.70778E+21,1.26624E+16,5.14639E+16
72431,14,6,25,460,2018,10,0,7,2,0,1,2,1,0,0,0,0,0,0,8.68958E+20,5.69101E+21,1.42883E+16,5.12508E+16
72432,14,6,27,110,2018,11,16,5,3,5,3,1,0,1,0,1,0,0,0,8.25551E+20,5.69398E+21,1.36712E+16,5.13038E+16
72433,14,5,21,380,2018,9,13,7,3,4,2,0,1,1,0,0,0,0,0,7.63551E+20,5.62619E+21,1.27346E+16,5.07277E+16
72434,14,5,21,450,2018,10,6,4,3,5,3,0,0,1,0,0,0,0,0,7.64735E+20,5.62367E+21,1.27495E+16,5.07045E+16
72435,14,6,28,270,2018,12,10,5,3,5,2,0,0,1,0,0,0,0,0,8.46978E+20,5.65675E+21,1.39416E+16,5.09577E+16
72436,14,6,27,140,2018,11,11,5,3,5,2,0,1,1,0,0,0,0,0,8.13736E+20,5.67791E+21,1.34882E+16,5.11664E+16
72437,14,5,21,390,2018,9,18,7,2,9,7,0,0,1,0,0,0,0,0,8.00643E+20,5.62304E+21,1.32562E+16,5.06814E+16
72438,14,7,13,0,2018,10,1,6,3,9,1,2,0,1,0,0,0,0,1,7.33809E+20,5.69318E+21,1.23572E+16,5.13417E+16
72439,14,5,21,20,2018,12,16,1,2,6,4,2,0,1,1,0,0,0,1,7.84181E+20,5.61145E+21,1.30149E+16,5.05856E+16
72440,14,5,22,330,2018,10,16,4,3,2,6,0,0,1,0,0,0,0,0,7.79608E+20,5.64746E+21,1.29778E+16,5.0911E+16
72441,14,5,24,330,2018,11,7,5,3,3,6,1,0,1,0,1,1,0,0,7.44274E+20,5.62298E+21,1.24599E+16,5.07072E+16
72442,14,6,28,380,2018,11,17,3,3,2,6,2,0,1,0,0,0,0,0,8.60239E+20,5.66652E+21,1.41394E+16,5.1037E+16
72443,14,5,21,90,2018,11,8,3,2,8,1,0,0,1,0,0,0,0,0,7.91967E+20,5.62924E+21,1.31386E+16,5.07414E+16
72444,14,5,22,80,2018,10,15,2,2,3,6,0,0,1,0,0,0,0,0,7.9064E+20,5.67326E+21,1.3155E+16,5.11369E+16
72445,14,7,30,310,2018,10,10,4,3,8,1,0,0,1,0,0,0,0,0,7.83586E+20,5.71892E+21,1.30908E+16,5.155E+16
72446,14,5,11,0,2018,12,10,4,2,9,1,0,0,0,0,0,1,0,0,7.73977E+20,5.64477E+21,1.28959E+16,5.08895E+16
72447,14,7,30,270,2018,10,12,7,2,3,2,0,0,1,0,1,0,0,0,7.3302E+20,5.70498E+21,1.23536E+16,5.1448E+16
72448,14,5,21,610,2018,9,11,7,3,8,1,0,0,0,0,1,0,0,0,7.7802E+20,5.6141E+21,1.29301E+16,5.06124E+16
72449,14,7,30,270,2018,10,22,1,2,2,6,2,0,1,0,0,0,0,0,7.28269E+20,5.70122E+21,1.22829E+16,5.14162E+16
72450,14,6,27,140,2018,11,6,3,3,1,5,1,0,1,0,0,1,0,0,8.1417E+20,5.67847E+21,1.34948E+16,5.11712E+16
72451,14,6,28,360,2018,10,20,5,3,8,1,2,0,1,0,0,0,0,1,8.73259E+20,5.65535E+21,1.43128E+16,5.09287E+16
72452,14,6,25,40,2018,11,17,3,3,0,7,2,1,0,0,0,0,0,1,8.62484E+20,5.67708E+21,1.41818E+16,5.11302E+16
72453,14,5,24,60,2018,11,7,3,3,5,3,0,0,1,0,1,0,0,0,7.38067E+20,5.62211E+21,1.23716E+16,5.0702E+16
72454,14,6,12,0,2018,11,16,1,3,5,3,2,1,1,0,0,0,0,0,8.31326E+20,5.66707E+21,1.3729E+16,5.10593E+16
72455,14,6,27,230,2018,11,3,1,3,8,1,2,0,1,0,0,0,0,0,8.0066E+20,5.6922E+21,1.33137E+16,5.13015E+16
72456,14,6,12,0,2018,10,7,3,3,3,6,0,0,1,0,0,1,0,0,8.32211E+20,5.67492E+21,1.37487E+16,5.11291E+16
72457,14,7,29,60,2018,10,13,2,2,6,4,0,0,1,1,0,0,0,1,7.46283E+20,5.6958E+21,1.25378E+16,5.136E+16
72458,14,5,21,510,2018,12,14,3,3,8,7,0,0,1,0,0,0,0,1,7.7746E+20,5.60362E+21,1.29144E+16,5.05186E+16
72459,14,6,28,380,2018,10,19,6,2,8,1,2,0,0,0,1,0,0,0,8.54422E+20,5.66886E+21,1.4059E+16,5.10616E+16
72460,14,5,21,20,2018,9,11,7,3,4,2,0,0,1,0,0,0,0,0,7.84376E+20,5.60828E+21,1.30152E+16,5.05571E+16
72461,14,5,24,130,2018,10,16,5,3,8,1,0,0,0,0,1,0,0,0,7.50151E+20,5.61555E+21,1.25379E+16,5.0638E+16
72462,14,7,13,0,2018,11,14,1,3,4,2,0,0,1,0,0,0,0,0,7.32601E+20,5.6986E+21,1.23434E+16,5.13909E+16
72463,14,6,27,180,2018,10,23,4,3,8,1,2,0,1,0,0,0,0,1,8.00676E+20,5.66453E+21,1.32908E+16,5.10534E+16
72464,14,5,21,390,2018,11,17,2,3,6,6,2,0,1,1,0,0,0,0,7.9715E+20,5.61957E+21,1.32041E+16,5.06521E+16
72465,14,6,28,410,2018,11,16,6,3,2,6,2,0,1,0,0,0,0,1,8.20892E+20,5.66398E+21,1.35778E+16,5.10376E+16
72466,14,5,21,380,2018,9,15,7,2,5,3,0,0,0,0,1,0,0,0,7.6688E+20,5.63016E+21,1.27846E+16,5.07618E+16
72467,14,6,12,0,2018,10,6,5,3,4,1,1,1,0,0,0,0,0,0,8.3209E+20,5.66772E+21,1.37404E+16,5.10647E+16
72468,14,6,27,210,2018,11,15,5,3,6,2,0,0,1,1,0,0,0,0,8.282E+20,5.67133E+21,1.36884E+16,5.10994E+16
72469,14,6,12,0,2018,11,12,6,3,8,7,0,0,1,0,0,0,0,0,8.3127E+20,5.66214E+21,1.37237E+16,5.10152E+16
72470,14,5,11,0,2018,10,20,1,3,9,1,2,0,1,0,0,0,1,1,7.63963E+20,5.63643E+21,1.27478E+16,5.08193E+16
72471,14,6,12,0,2018,12,14,2,2,3,6,0,0,1,0,0,1,1,0,8.32224E+20,5.67502E+21,1.3749E+16,5.113E+16
72472,14,6,12,0,2018,10,2,5,3,5,3,2,0,1,0,0,0,0,0,8.33064E+20,5.66911E+21,1.37556E+16,5.10767E+16
72473,14,6,12,0,2018,11,7,6,3,7,1,0,1,0,0,0,0,0,0,8.41249E+20,5.66264E+21,1.38659E+16,5.10138E+16
72474,14,6,12,0,2018,11,9,7,3,4,7,0,0,1,0,1,0,0,0,8.31055E+20,5.66548E+21,1.37237E+16,5.10453E+16
72475,14,7,13,0,2018,11,6,4,3,4,3,1,0,1,0,0,0,0,0,7.40201E+20,5.68779E+21,1.24452E+16,5.12907E+16
72476,14,5,24,120,2018,11,8,5,3,0,7,0,0,1,0,0,1,0,1,7.6129E+20,5.63517E+21,1.2709E+16,5.08092E+16
72477,14,5,23,320,2018,9,14,6,3,5,3,0,0,1,0,0,0,0,0,7.21553E+20,5.60012E+21,1.2125E+16,5.05111E+16
72478,14,6,25,20,2018,10,19,3,3,4,2,1,1,1,0,0,0,0,0,8.79505E+20,5.68398E+21,1.44313E+16,5.1181E+16
72479,14,5,24,90,2018,12,13,4,3,5,3,0,0,1,0,0,0,0,0,7.59913E+20,5.6228E+21,1.26808E+16,5.06988E+16
72480,14,7,30,160,2018,10,14,1,3,8,1,0,0,0,0,1,0,0,0,7.53245E+20,5.72063E+21,1.26553E+16,5.15798E+16
72481,14,5,23,440,2018,11,15,4,3,9,1,0,0,1,0,0,0,0,0,7.12731E+20,5.58348E+21,1.19913E+16,5.03649E+16
72482,14,5,24,160,2018,9,17,6,3,0,1,0,0,0,0,1,0,0,1,7.56794E+20,5.62893E+21,1.2641E+16,5.07553E+16
72483,14,7,29,410,2018,10,15,2,3,3,2,0,1,1,0,0,0,0,0,7.60834E+20,5.69713E+21,1.27473E+16,5.13655E+16
72484,14,6,27,210,2018,10,12,6,3,5,2,0,1,1,0,0,0,0,0,8.24361E+20,5.67201E+21,1.36343E+16,5.11076E+16
72485,14,5,22,260,2018,11,11,4,3,5,3,0,0,1,0,0,0,0,0,7.67179E+20,5.64412E+21,1.27989E+16,5.08868E+16
72486,14,5,22,190,2018,12,9,7,2,9,1,0,0,1,0,0,0,0,1,7.73562E+20,5.66572E+21,1.29057E+16,5.10777E+16
72487,14,6,26,290,2018,10,18,3,3,4,2,1,0,1,0,0,0,0,0,8.97015E+20,5.67489E+21,1.46706E+16,5.10877E+16
72488,14,6,12,0,2018,11,6,5,3,3,6,1,0,1,0,0,1,0,0,8.32174E+20,5.67462E+21,1.37479E+16,5.11265E+16
72489,14,7,30,270,2018,11,23,2,3,8,1,2,0,0,0,0,0,1,0,7.22823E+20,5.69342E+21,1.21999E+16,5.13483E+16
72490,14,5,24,180,2018,11,11,2,3,5,3,0,0,1,0,0,0,0,1,7.66359E+20,5.64038E+21,1.27846E+16,5.08536E+16
72491,14,6,12,0,2018,10,19,2,3,5,3,2,0,1,0,0,0,1,0,8.30269E+20,5.66909E+21,1.37158E+16,5.1078E+16
72492,14,6,12,0,2018,10,16,4,3,0,6,0,0,1,0,0,0,1,0,8.35173E+20,5.67402E+21,1.37901E+16,5.11194E+16
72493,14,7,29,300,2018,12,17,3,3,2,6,2,0,1,0,0,0,0,0,7.53516E+20,5.6881E+21,1.2636E+16,5.12877E+16
72494,14,5,22,180,2018,10,11,7,2,2,6,0,1,1,0,0,0,0,0,8.04933E+20,5.64922E+21,1.33385E+16,5.09139E+16
72495,14,5,23,340,2018,9,15,6,2,0,7,0,0,1,0,1,0,0,1,7.32679E+20,5.61377E+21,1.22902E+16,5.06293E+16
72496,14,5,21,130,2018,10,14,1,3,8,1,0,0,1,0,0,0,0,0,7.79487E+20,5.60173E+21,1.29415E+16,5.05007E+16
72497,14,5,24,160,2018,11,9,2,3,8,1,0,0,1,0,0,0,0,0,7.55952E+20,5.62942E+21,1.26294E+16,5.076E+16
72498,14,6,28,410,2018,10,6,5,2,5,3,2,0,1,0,1,0,0,1,8.17445E+20,5.66607E+21,1.35306E+16,5.10582E+16
72499,14,5,24,70,2018,11,7,2,3,4,2,0,0,1,0,1,0,0,0,7.62205E+20,5.62974E+21,1.27181E+16,5.07601E+16
72500,14,5,24,120,2018,11,9,6,3,2,6,0,0,1,0,0,0,0,1,7.63618E+20,5.63494E+21,1.27418E+16,5.08061E+16
72501,14,5,11,0,2018,10,13,1,3,0,7,0,1,0,1,0,0,0,0,7.77107E+20,5.63845E+21,1.29355E+16,5.08313E+16
72502,14,5,24,90,2018,11,17,6,3,6,4,2,0,1,1,0,0,0,1,7.59414E+20,5.61866E+21,1.26708E+16,5.06619E+16
72503,14,6,12,0,2018,11,14,7,3,2,7,0,0,1,0,0,0,0,0,8.31847E+20,5.66752E+21,1.37368E+16,5.1063E+16
72504,14,5,23,270,2018,10,6,2,2,2,6,0,0,1,0,0,0,0,1,7.29132E+20,5.6015E+21,1.22325E+16,5.05206E+16
72505,14,6,26,480,2018,10,11,2,2,5,3,0,0,1,0,0,1,0,1,9.14067E+20,5.70242E+21,1.49445E+16,5.13219E+16
72506,14,7,29,60,2018,12,18,2,3,2,6,2,0,1,0,0,0,0,1,7.46576E+20,5.69527E+21,1.25416E+16,5.13551E+16
72507,14,5,24,330,2018,10,17,5,2,4,2,0,1,1,0,0,0,0,0,7.45448E+20,5.62631E+21,1.24787E+16,5.07366E+16
72508,14,7,13,0,2018,11,19,7,3,3,7,2,0,1,0,0,0,0,0,7.38389E+20,5.69942E+21,1.2427E+16,5.13958E+16
72509,14,5,22,330,2018,10,6,4,2,8,1,2,0,1,0,0,0,0,1,7.81501E+20,5.64786E+21,1.3005E+16,5.09136E+16
72510,14,5,23,430,2018,11,17,1,3,4,2,2,0,1,0,0,0,0,0,7.32029E+20,5.60537E+21,1.22757E+16,5.05541E+16
72511,14,5,23,150,2018,11,7,5,3,2,6,0,0,1,0,0,0,0,0,7.35597E+20,5.61046E+21,1.23292E+16,5.05984E+16
72512,14,7,29,160,2018,10,7,4,2,2,6,0,0,1,0,0,1,0,0,7.71081E+20,5.68313E+21,1.28835E+16,5.12351E+16
72513,14,6,26,530,2018,12,20,4,2,3,6,2,1,1,0,0,0,0,2,8.92926E+20,5.65783E+21,1.4594E+16,5.09378E+16
72514,14,7,13,0,2018,12,7,5,2,6,2,2,0,1,1,0,0,0,1,7.41353E+20,5.6869E+21,1.24611E+16,5.12822E+16
72515,9,6,75,139,2018,1,13,2,3,5,3,0,0,1,0,0,0,0,0,5.8986E+20,5.50747E+21,1.02465E+16,4.9713E+16
72516,9,2,76,138,2018,1,22,5,3,5,3,2,0,1,0,0,0,0,1,8.02737E+20,5.43191E+21,1.31367E+16,4.89658E+16
72517,14,5,23,90,2018,12,20,7,3,9,1,2,0,1,0,0,0,0,1,7.40103E+20,5.59775E+21,1.23846E+16,5.04825E+16
72518,14,6,25,600,2018,12,5,4,3,4,2,2,0,1,0,0,0,0,1,8.39385E+20,5.68032E+21,1.3856E+16,5.11733E+16
72519,14,6,12,0,2018,12,7,4,3,2,6,2,0,1,0,0,0,0,1,8.37374E+20,5.67035E+21,1.3818E+16,5.10852E+16
72520,14,5,22,310,2018,12,10,2,3,8,1,0,0,0,0,0,0,1,1,7.79243E+20,5.67729E+21,1.29956E+16,5.11787E+16
72521,14,6,25,20,2018,12,16,4,3,3,2,1,1,1,0,0,0,0,1,8.79215E+20,5.68259E+21,1.44257E+16,5.11687E+16
72522,9,5,64,0,2018,1,15,4,2,6,4,0,0,1,1,0,0,0,0,6.4819E+20,5.47712E+21,1.10437E+16,4.94287E+16
72523,14,5,24,330,2018,12,21,2,3,0,1,2,1,0,0,0,0,0,0,7.45917E+20,5.62397E+21,1.24838E+16,5.07155E+16