OBJECTID_1,ULAND,UREGBEZ,UKREIS,UGEMEINDE,UJAHR,UMONAT,USTUNDE,UWOCHENTAG,UKATEGORIE,UART,UTYP1,ULICHTVERH,IstRad,IstPKW,IstFuss,IstKrad,IstGkfz,IstSonstig,STRZUSTAND,LINREFX,LINREFY,XGCSWGS84,YGCSWGS84
72524,14,5,21,550,2018,12,2,6,3,2,6,2,0,0,0,1,0,0,1,7.69913E+20,5.60478E+21,1.2809E+16,5.05326E+16
72525,14,6,25,60,2018,12,15,4,3,4,6,0,0,1,0,0,0,0,1,8.64971E+20,5.68573E+21,1.4226E+16,5.12061E+16
72526,9,1,62,0,2018,1,16,3,3,2,6,1,0,1,0,0,0,0,1,6.94903E+20,5.33274E+21,1.16189E+16,4.81181E+16
72527,14,6,28,260,2018,12,13,4,3,2,2,0,0,1,0,0,0,1,1,8.64418E+20,5.66597E+21,1.41982E+16,5.10295E+16
72528,14,5,24,20,2018,12,18,6,3,5,3,2,1,1,0,0,0,0,1,7.56348E+20,5.63941E+21,1.2642E+16,5.08495E+16
72529,14,5,21,200,2018,12,10,1,3,4,1,0,0,1,0,0,0,0,0,7.8209E+20,5.62612E+21,1.29966E+16,5.07183E+16
72530,9,6,73,114,2018,1,17,5,1,6,4,2,0,1,1,0,0,0,1,5.86061E+20,5.57496E+21,1.02089E+16,5.03205E+16
72531,14,6,27,180,2018,12,11,3,2,9,1,0,0,1,0,0,0,0,1,8.02396E+20,5.66642E+21,1.33168E+16,5.10694E+16
72532,14,6,28,260,2018,12,6,4,3,5,3,2,0,1,0,0,0,0,2,8.66866E+20,5.66557E+21,1.42325E+16,5.10243E+16
72533,9,4,76,145,2018,1,15,3,2,9,6,0,0,1,0,0,0,0,1,6.67115E+20,5.56999E+21,1.13445E+16,5.02584E+16
72534,14,6,27,210,2018,12,19,4,3,2,6,2,0,1,0,0,0,0,1,8.24095E+20,5.67205E+21,1.36306E+16,5.11081E+16
72535,14,5,22,490,2018,12,7,5,3,5,3,1,0,1,0,1,0,0,1,7.66853E+20,5.66192E+21,1.28074E+16,5.10467E+16
72536,9,5,71,198,2018,1,21,2,3,8,1,2,0,1,0,0,0,0,1,5.91992E+20,5.45885E+21,1.02647E+16,4.92754E+16
72537,9,1,87,122,2018,1,10,5,2,5,3,0,0,1,0,0,0,0,1,7.22015E+20,5.30691E+21,1.19693E+16,4.78771E+16
72538,9,7,80,114,2018,1,7,5,2,5,3,2,0,1,0,0,0,0,1,6.02688E+20,5.28592E+21,1.03692E+16,4.77185E+16
72539,14,6,25,600,2018,12,12,7,3,5,3,0,0,1,0,0,0,0,1,8.46503E+20,5.67744E+21,1.39547E+16,5.11433E+16
72540,14,5,24,330,2018,12,14,3,3,2,2,0,0,1,0,0,0,0,0,7.45384E+20,5.62358E+21,1.2476E+16,5.07122E+16
72541,14,7,29,190,2018,12,18,7,3,0,7,2,0,1,0,0,0,0,1,7.43429E+20,5.68198E+21,1.24874E+16,5.12372E+16
72542,14,6,27,310,2018,12,16,4,3,2,6,2,0,1,0,0,0,0,0,8.19084E+20,5.67719E+21,1.35638E+16,5.1157E+16
72543,9,3,72,130,2018,1,19,4,3,7,7,2,0,1,0,0,0,1,0,7.81962E+20,5.45592E+21,1.28702E+16,4.91912E+16
72544,14,6,25,10,2018,12,11,2,3,9,7,0,0,1,0,0,0,0,0,8.47683E+20,5.6687E+21,1.39631E+16,5.10643E+16
72545,14,6,27,360,2018,12,5,5,3,7,7,2,0,1,0,0,0,0,1,7.96956E+20,5.69912E+21,1.32664E+16,5.13655E+16
72546,14,6,27,100,2018,12,9,4,2,9,1,0,0,1,0,0,0,0,1,8.07242E+20,5.66668E+21,1.3386E+16,5.10692E+16
72547,9,7,76,116,2018,1,19,3,3,2,6,2,0,1,0,0,1,0,0,5.55358E+20,5.26748E+21,9.73586E+15,4.75583E+16
72548,14,6,28,10,2018,12,17,4,3,4,1,2,0,1,0,0,0,0,1,8.29361E+20,5.63847E+21,1.36752E+16,5.08041E+16
72549,14,6,25,20,2018,12,9,6,3,5,3,0,0,1,0,0,0,1,1,8.8179E+20,5.68618E+21,1.44662E+16,5.11992E+16
72550,9,4,79,158,2018,1,13,4,3,0,6,0,0,1,0,0,0,0,0,7.21799E+20,5.55079E+21,1.20995E+16,5.0068E+16
72551,14,7,29,170,2018,12,18,2,3,9,1,2,0,0,0,1,0,0,0,7.2961E+20,5.67204E+21,1.22835E+16,5.11537E+16
72552,14,7,13,0,2018,12,18,5,3,2,2,2,0,1,0,0,0,0,0,7.29675E+20,5.6925E+21,1.22975E+16,5.13373E+16
72553,14,6,12,0,2018,12,9,4,3,5,3,0,1,1,0,0,0,0,1,8.30619E+20,5.67059E+21,1.37221E+16,5.10913E+16
72554,14,5,24,180,2018,12,6,4,2,4,2,2,0,1,0,0,0,1,2,7.67656E+20,5.64188E+21,1.28041E+16,5.08666E+16
72555,9,7,74,143,2018,1,12,3,3,5,3,0,0,1,0,0,0,0,0,5.96699E+20,5.35827E+21,1.03057E+16,4.83702E+16
72556,14,6,28,40,2018,12,17,4,3,8,1,2,0,0,0,0,1,0,2,8.43859E+20,5.64973E+21,1.38908E+16,5.08967E+16
72557,14,7,29,430,2018,12,7,6,2,8,1,2,0,0,0,0,0,1,1,7.28354E+20,5.67857E+21,1.22697E+16,5.12128E+16
72558,14,7,30,80,2018,12,13,4,3,5,3,0,0,1,0,0,0,1,0,7.60168E+20,5.71197E+21,1.27486E+16,5.14989E+16
72559,14,6,27,150,2018,12,19,7,2,4,1,2,0,1,0,0,0,0,2,8.26067E+20,5.67537E+21,1.36617E+16,5.11368E+16
72560,9,5,62,0,2018,1,19,5,3,4,6,2,1,0,0,0,0,0,1,6.44511E+20,5.49524E+21,1.09996E+16,4.95925E+16
72561,14,5,23,340,2018,12,6,2,3,9,1,2,0,1,0,0,0,0,1,7.3061E+20,5.61289E+21,1.22604E+16,5.06223E+16
72562,9,3,76,161,2018,1,5,3,3,9,1,2,0,1,0,0,1,0,1,7.27178E+20,5.4612E+21,1.21226E+16,4.92613E+16
72563,14,6,27,180,2018,12,6,4,2,2,6,2,0,1,0,0,1,0,1,7.97207E+20,5.65948E+21,1.32373E+16,5.10099E+16
72564,14,5,21,550,2018,12,13,5,3,9,6,0,0,1,0,0,0,0,2,7.63051E+20,5.60164E+21,1.27101E+16,5.05075E+16
72565,9,2,78,141,2018,1,20,2,3,8,1,2,0,1,0,0,0,0,0,7.59288E+20,5.42839E+21,1.2542E+16,4.8954E+16
72566,9,1,77,115,2018,1,17,5,3,4,3,2,0,1,0,0,0,0,1,7.33893E+20,5.35167E+21,1.21525E+16,4.8275E+16
72567,9,7,79,228,2018,1,14,5,3,5,3,0,0,1,0,0,0,0,1,6.266E+20,5.41478E+21,1.07265E+16,4.8873E+16
72568,14,6,12,0,2018,12,11,7,3,5,3,0,0,1,0,0,0,0,1,8.36707E+20,5.66063E+21,1.37995E+16,5.09986E+16
72569,14,7,29,250,2018,12,16,3,2,5,3,2,0,1,0,0,0,0,1,7.54107E+20,5.69871E+21,1.2652E+16,5.13827E+16
72570,14,6,25,640,2018,12,17,7,3,9,1,2,0,1,0,0,0,0,1,8.62446E+20,5.70476E+21,1.42093E+16,5.13781E+16
72571,14,5,21,390,2018,12,12,4,3,1,5,0,0,1,0,0,0,0,1,7.94445E+20,5.6194E+21,1.31658E+16,5.06519E+16
72572,9,2,71,151,2018,1,16,4,2,5,3,0,0,1,0,0,0,0,1,7.75824E+20,5.41389E+21,1.27576E+16,4.88167E+16
72573,14,6,25,525,2018,12,16,2,3,4,6,1,0,1,0,0,0,1,0,8.80475E+20,5.67262E+21,1.44331E+16,5.10786E+16
72574,14,5,21,320,2018,12,12,5,3,5,3,0,0,1,0,0,0,0,1,7.64669E+20,5.59469E+21,1.2728E+16,5.04444E+16
72575,14,5,11,0,2018,12,22,4,3,5,3,2,0,1,0,0,0,0,1,7.71266E+20,5.63531E+21,1.28504E+16,5.08059E+16
72576,9,7,79,111,2018,1,12,3,3,8,6,0,0,1,0,0,1,0,1,6.2069E+20,5.4138E+21,1.06457E+16,4.88655E+16
72577,14,5,22,500,2018,12,6,4,3,2,6,2,0,1,0,0,0,0,1,7.87222E+20,5.65544E+21,1.30921E+16,5.09788E+16
72578,14,5,21,550,2018,12,11,6,3,6,4,0,0,1,1,0,0,0,1,7.68575E+20,5.6062E+21,1.27912E+16,5.0546E+16
72579,9,1,78,120,2018,1,15,3,2,2,7,0,0,1,0,0,1,0,0,6.96135E+20,5.35002E+21,1.16434E+16,4.82729E+16
72580,14,5,21,420,2018,12,13,6,3,2,6,0,0,1,0,0,0,1,0,7.66331E+20,5.62584E+21,1.27737E+16,5.07232E+16
72581,9,3,77,131,2018,1,16,5,3,8,7,1,0,1,0,0,0,0,1,7.29807E+20,5.54606E+21,1.22084E+16,5.00224E+16
72582,14,7,13,0,2018,12,13,1,3,5,2,0,0,1,0,0,0,0,1,7.28395E+20,5.6904E+21,1.22778E+16,5.1319E+16
72583,9,2,77,140,2018,1,23,3,3,0,1,2,0,1,0,0,0,0,2,7.9306E+20,5.35865E+21,1.2953E+16,4.83131E+16
72584,14,5,11,0,2018,12,0,4,2,8,1,2,0,1,0,0,0,0,2,7.68806E+20,5.64111E+21,1.28198E+16,5.08591E+16
72585,14,6,26,110,2018,12,7,4,2,4,6,2,1,1,0,0,0,0,1,9.163E+20,5.68192E+21,1.49526E+16,5.1137E+16
72586,14,7,30,150,2018,12,16,2,3,8,1,2,0,1,0,0,0,0,1,7.38762E+20,5.7066E+21,1.24372E+16,5.14602E+16
72587,14,5,21,450,2018,12,11,4,2,5,3,0,0,1,0,0,1,0,1,7.62677E+20,5.62504E+21,1.27214E+16,5.07177E+16
72588,9,6,79,144,2018,1,8,4,3,9,1,1,0,0,0,0,0,1,1,5.51654E+20,5.5138E+21,9.7174E+15,4.97744E+16
72589,9,1,71,127,2018,1,15,3,2,8,1,0,0,1,0,0,0,0,1,7.6622E+20,5.35589E+21,1.259E+16,4.83001E+16
72590,14,5,21,420,2018,12,21,7,3,2,6,2,0,1,0,0,0,0,0,7.66781E+20,5.62732E+21,1.27811E+16,5.07363E+16
72591,9,5,64,0,2018,1,20,5,3,2,6,2,0,1,0,0,0,0,1,6.53273E+20,5.47544E+21,1.11131E+16,4.94123E+16
72592,14,5,22,490,2018,12,12,2,3,9,1,0,0,1,0,0,0,0,1,7.65124E+20,5.66106E+21,1.27821E+16,5.10398E+16
72593,9,3,71,136,2018,1,7,3,3,2,2,0,0,1,0,0,0,0,1,7.08533E+20,5.47828E+21,1.18756E+16,4.94214E+16
72594,14,5,24,330,2018,12,13,3,2,2,1,0,0,1,0,0,0,0,1,7.47037E+20,5.62643E+21,1.25012E+16,5.0737E+16
72595,14,7,13,0,2018,12,8,4,3,2,6,1,0,1,0,0,0,0,1,7.37086E+20,5.69429E+21,1.24049E+16,5.13504E+16
72596,9,1,63,0,2018,1,18,2,3,6,2,2,0,1,1,0,0,0,0,7.34693E+20,5.30489E+21,1.21376E+16,4.78544E+16
72597,9,7,80,134,2018,1,11,4,3,0,7,0,0,1,0,0,0,0,1,5.954E+20,5.25977E+21,1.02663E+16,4.74844E+16
72598,14,6,25,640,2018,12,17,3,3,3,7,2,0,1,0,0,0,0,0,8.61902E+20,5.70431E+21,1.42011E+16,5.13744E+16
72599,14,5,22,80,2018,12,18,7,3,8,1,2,0,1,0,0,0,0,1,7.89715E+20,5.67378E+21,1.31422E+16,5.1142E+16
72600,14,7,30,310,2018,12,13,3,3,5,3,0,0,1,0,0,0,0,1,7.77174E+20,5.71826E+21,1.2998E+16,5.15472E+16
72601,9,2,61,0,2018,1,14,4,2,1,6,0,0,1,0,0,0,0,1,7.26363E+20,5.37886E+21,1.20658E+16,4.8522E+16
72602,14,7,30,230,2018,12,15,3,3,8,1,0,0,1,0,0,0,0,1,7.86679E+20,5.69118E+21,1.31128E+16,5.12996E+16
72603,14,6,12,0,2018,12,6,2,3,6,2,2,0,1,1,0,0,0,0,8.42315E+20,5.66808E+21,1.38861E+16,5.1062E+16
72604,14,7,13,0,2018,12,13,4,3,9,1,0,0,1,0,0,0,0,1,7.4304E+20,5.69535E+21,1.2491E+16,5.13573E+16
72605,14,7,30,230,2018,12,12,3,3,5,3,0,0,1,0,0,0,0,1,7.86112E+20,5.69095E+21,1.31045E+16,5.12979E+16
72606,9,6,72,117,2018,1,5,3,2,9,7,2,0,1,0,0,0,0,1,5.66531E+20,5.56542E+21,9.93294E+15,5.02372E+16
72607,14,7,30,110,2018,12,13,3,3,8,1,0,0,1,0,0,0,0,1,7.54328E+20,5.71077E+21,1.26638E+16,5.14908E+16
72608,14,5,24,300,2018,12,16,5,3,5,3,2,0,1,0,0,0,0,1,7.38515E+20,5.62594E+21,1.23804E+16,5.07362E+16
72609,9,7,71,122,2018,1,15,2,3,8,6,0,0,1,0,0,0,0,0,6.52707E+20,5.36224E+21,1.1063E+16,4.83948E+16
72610,9,3,71,151,2018,1,17,5,2,6,4,2,0,1,1,0,0,0,1,6.9914E+20,5.48669E+21,1.17504E+16,4.95001E+16
72611,14,5,11,0,2018,12,15,1,3,2,6,0,0,1,0,0,0,0,1,7.7713E+20,5.63845E+21,1.29358E+16,5.08313E+16
72612,9,1,72,112,2018,1,15,3,3,2,6,2,0,1,0,0,0,0,1,7.89421E+20,5.30053E+21,1.28647E+16,4.7793E+16
72613,14,7,30,70,2018,12,11,3,3,8,7,0,0,1,0,0,0,0,1,7.31712E+20,5.71073E+21,1.23386E+16,5.15002E+16
72614,14,6,27,60,2018,12,12,4,3,2,6,0,0,1,0,0,0,0,1,8.16275E+20,5.69141E+21,1.35363E+16,5.1286E+16
72615,14,6,27,140,2018,12,11,2,3,2,6,0,0,1,0,0,0,0,0,8.12242E+20,5.67679E+21,1.34659E+16,5.11571E+16
72616,14,7,29,190,2018,12,5,3,3,0,1,1,0,1,0,0,0,0,1,7.45515E+20,5.68472E+21,1.25191E+16,5.12608E+16
72617,9,6,72,114,2018,1,7,4,2,6,2,1,0,1,1,0,0,0,1,5.7576E+20,5.56069E+21,1.00614E+16,5.01936E+16
72618,14,5,21,510,2018,12,16,3,3,5,3,2,0,1,0,0,0,0,1,7.77011E+20,5.60598E+21,1.29098E+16,5.05401E+16
72619,14,5,22,490,2018,12,14,6,3,8,1,0,0,1,0,0,0,0,1,7.64862E+20,5.66093E+21,1.27783E+16,5.10388E+16
72620,14,7,13,0,2018,12,16,3,3,5,3,2,0,1,0,0,0,0,0,7.33552E+20,5.6931E+21,1.23535E+16,5.13412E+16
72621,9,1,84,135,2018,1,12,4,3,2,6,0,0,1,0,0,0,0,1,6.92555E+20,5.34498E+21,1.15929E+16,4.82288E+16
72622,14,7,13,0,2018,12,7,3,3,2,6,0,0,1,0,0,0,0,1,7.30307E+20,5.68855E+21,1.2304E+16,5.13016E+16
72623,14,5,21,290,2018,12,13,7,2,2,2,0,0,1,0,0,0,0,1,7.60172E+20,5.62701E+21,1.26874E+16,5.07365E+16
72624,14,6,12,0,2018,12,11,3,3,7,7,0,0,1,0,0,0,1,1,8.39325E+20,5.6755E+21,1.38506E+16,5.11302E+16
72625,14,6,25,390,2018,12,5,6,2,8,7,2,0,1,0,0,0,0,0,8.78509E+20,5.67976E+21,1.44127E+16,5.11438E+16
72626,14,7,30,340,2018,12,5,3,3,2,2,2,0,1,0,0,0,1,0,7.23729E+20,5.70648E+21,1.22211E+16,5.14652E+16
72627,9,1,82,127,2018,1,17,4,3,5,3,2,0,1,0,0,0,0,1,6.9978E+20,5.31007E+21,1.16738E+16,4.79128E+16
72628,14,7,30,310,2018,12,7,3,2,4,6,2,0,1,0,0,0,0,0,7.74164E+20,5.72211E+21,1.29577E+16,5.15833E+16
72629,14,6,27,60,2018,12,10,7,2,6,2,0,0,1,1,0,0,0,1,8.16784E+20,5.69145E+21,1.35436E+16,5.12861E+16
72630,14,5,21,510,2018,12,18,2,3,6,2,2,0,1,1,0,0,0,1,7.76994E+20,5.60597E+21,1.29095E+16,5.05399E+16
72631,9,7,72,159,2018,1,14,5,3,1,7,0,0,1,0,0,0,0,1,6.22555E+20,5.3618E+21,1.06557E+16,4.83974E+16
72632,14,5,21,670,2018,12,16,4,3,4,6,2,0,1,0,0,0,1,1,7.87194E+20,5.61961E+21,1.30637E+16,5.06574E+16
72633,14,7,30,280,2018,12,14,3,2,5,3,0,0,1,0,0,0,0,1,7.37884E+20,5.71061E+21,1.24273E+16,5.14965E+16
72634,9,5,64,0,2018,1,16,3,3,2,6,0,0,1,0,0,0,0,0,6.53525E+20,5.48029E+21,1.11185E+16,4.94558E+16
72635,14,6,26,610,2018,12,18,3,3,8,1,1,0,1,0,0,0,0,1,9.07403E+20,5.65453E+21,1.47953E+16,5.08983E+16
72636,14,6,26,60,2018,12,11,5,3,5,3,0,0,1,0,0,0,0,1,8.90311E+20,5.70482E+21,1.46079E+16,5.13602E+16
72637,14,7,30,250,2018,12,16,4,2,2,6,2,0,1,0,0,0,0,1,7.33972E+20,5.70415E+21,1.23667E+16,5.14401E+16
72638,9,5,62,0,2018,1,0,2,3,3,6,2,0,1,0,0,0,0,0,6.44121E+20,5.49107E+21,1.09927E+16,4.95551E+16
72639,9,2,77,154,2018,1,10,5,2,9,1,0,0,1,0,0,0,0,0,7.85754E+20,5.35599E+21,1.28529E+16,4.82925E+16
72640,14,5,24,250,2018,12,18,7,2,2,6,2,0,1,0,0,0,1,0,7.53114E+20,5.62053E+21,1.25832E+16,5.06814E+16
72641,14,6,26,610,2018,12,16,3,3,5,3,2,0,1,0,0,0,0,1,9.07264E+20,5.65388E+21,1.47927E+16,5.08926E+16
72642,14,6,27,100,2018,12,17,4,3,2,6,2,0,1,0,0,0,1,1,8.08553E+20,5.66568E+21,1.34038E+16,5.10595E+16
72643,14,5,23,300,2018,12,13,1,2,2,2,0,0,1,0,0,0,0,1,7.21828E+20,5.59148E+21,1.21237E+16,5.04334E+16
72644,14,6,26,250,2018,12,7,3,3,6,6,2,0,1,1,0,0,0,1,8.97307E+20,5.72382E+21,1.47292E+16,5.15253E+16
72645,9,5,64,0,2018,1,14,4,3,2,6,0,0,1,0,0,0,0,1,6.49817E+20,5.48171E+21,1.10679E+16,4.94695E+16
72646,14,5,24,300,2018,12,16,2,3,2,6,2,0,1,0,0,0,0,1,7.368E+20,5.62662E+21,1.23566E+16,5.0743E+16
72647,14,5,23,300,2018,12,14,5,3,6,6,0,0,1,1,0,0,0,0,7.26126E+20,5.59028E+21,1.21834E+16,5.0421E+16
72648,14,6,25,510,2018,12,11,3,2,8,1,0,0,1,0,0,0,0,2,8.57726E+20,5.67908E+21,1.41161E+16,5.11511E+16
72649,14,5,23,360,2018,12,1,4,3,0,6,2,0,1,0,0,1,0,2,7.44259E+20,5.60304E+21,1.24465E+16,5.05282E+16
72650,9,1,84,141,2018,1,20,3,3,9,1,2,0,1,0,0,0,0,2,6.91672E+20,5.31487E+21,1.15675E+16,4.79584E+16
72651,14,6,25,130,2018,12,10,3,3,4,6,0,0,0,0,0,1,1,1,8.59131E+20,5.68341E+21,1.41404E+16,5.1189E+16
72652,14,5,24,320,2018,12,3,6,2,8,6,2,0,1,0,0,0,1,1,7.48259E+20,5.61822E+21,1.2513E+16,5.06628E+16
72653,14,7,13,0,2018,12,6,4,3,5,3,2,0,1,0,0,0,0,1,7.36547E+20,5.69028E+21,1.23945E+16,5.13145E+16
72654,14,7,13,0,2018,12,18,7,2,4,6,2,0,1,0,0,0,0,0,7.37008E+20,5.69431E+21,1.24038E+16,5.13505E+16
72655,9,6,71,112,2018,1,16,5,3,4,2,2,0,1,0,0,0,0,1,5.1814E+20,5.53727E+21,9.25305E+15,4.99875E+16
72656,14,5,21,700,2018,12,16,3,3,8,7,1,0,1,0,0,0,0,1,7.56824E+20,5.60655E+21,1.26259E+16,5.05544E+16
72657,9,3,73,143,2018,1,20,3,2,3,6,2,0,1,0,0,1,1,0,7.02295E+20,5.45039E+21,1.17755E+16,4.9173E+16
72658,14,6,28,260,2018,12,13,3,3,4,1,0,0,1,0,0,0,0,1,8.66085E+20,5.66544E+21,1.42213E+16,5.10236E+16
72659,14,5,22,50,2018,12,6,5,3,8,1,2,0,1,0,0,0,0,2,8.0453E+20,5.63993E+21,1.3325E+16,5.08308E+16
72660,9,5,71,127,2018,1,6,2,2,6,7,2,0,1,1,0,0,0,0,6.15578E+20,5.45205E+21,1.05869E+16,4.92103E+16
72661,9,1,81,145,2018,1,10,5,3,5,3,0,0,1,0,0,0,0,1,6.44817E+20,5.33376E+21,1.09467E+16,4.81406E+16
72662,9,7,76,117,2018,1,10,5,2,4,1,0,0,1,0,0,0,0,1,5.65039E+20,5.27414E+21,9.86551E+15,4.76174E+16
72663,14,6,25,340,2018,12,18,7,2,9,1,2,0,1,0,0,0,0,1,8.82479E+20,5.68839E+21,1.44783E+16,5.12184E+16
72664,14,6,26,100,2018,12,6,1,3,9,1,2,1,0,0,0,0,0,1,8.92565E+20,5.72312E+21,1.46604E+16,5.15224E+16
72665,14,5,11,0,2018,12,16,6,3,2,6,2,0,1,0,0,0,0,0,7.71374E+20,5.63537E+21,1.2852E+16,5.08064E+16
72666,9,6,79,134,2018,1,15,5,3,5,6,1,0,1,0,0,0,0,0,5.71568E+20,5.49811E+21,9.99106E+15,4.96313E+16
72667,14,7,30,20,2018,12,19,3,3,0,7,2,0,1,0,0,0,0,1,7.48323E+20,5.72347E+21,1.25865E+16,5.16074E+16
72668,14,6,27,110,2018,12,15,3,3,5,2,0,1,1,0,0,0,0,1,8.25653E+20,5.69528E+21,1.36738E+16,5.13155E+16
72669,9,5,71,136,2018,1,14,3,2,3,6,0,0,1,0,0,0,1,0,6.0013E+20,5.4354E+21,1.03707E+16,4.90633E+16
72670,14,6,28,110,2018,12,16,3,2,8,1,2,1,0,0,0,0,0,1,8.27449E+20,5.66198E+21,1.36692E+16,5.10159E+16
72671,14,6,28,270,2018,12,14,5,3,4,2,0,0,1,0,0,0,0,1,8.46071E+20,5.65907E+21,1.3931E+16,5.0979E+16
72672,9,5,76,113,2018,1,9,2,2,8,7,0,0,1,0,0,0,0,0,6.61206E+20,5.45789E+21,1.12153E+16,4.92525E+16
72673,9,1,89,135,2018,1,17,5,2,4,6,2,0,1,0,0,0,0,1,7.88217E+20,5.31053E+21,1.28553E+16,4.78833E+16
72674,14,7,29,380,2018,12,12,7,2,8,1,0,0,1,0,0,0,0,1,7.55259E+20,5.70591E+21,1.26737E+16,5.14467E+16
72675,14,5,11,0,2018,12,16,4,3,2,6,2,0,1,0,0,0,0,1,7.74748E+20,5.63995E+21,1.29032E+16,5.08459E+16
72676,14,5,22,150,2018,12,23,1,2,8,1,2,0,1,0,0,0,0,0,7.87607E+20,5.64757E+21,1.30914E+16,5.0908E+16
72677,14,6,12,0,2018,12,19,3,3,5,3,2,1,1,0,0,0,0,1,8.29642E+20,5.66401E+21,1.37022E+16,5.10329E+16
72678,9,4,64,0,2018,1,21,4,3,4,2,2,0,1,0,0,0,0,1,7.0738E+20,5.5785E+21,1.19134E+16,5.03221E+16
72679,14,6,26,600,2018,12,14,2,3,2,6,0,0,1,0,0,0,1,1,8.90837E+20,5.72105E+21,1.46333E+16,5.1505E+16
72680,14,6,25,240,2018,12,16,5,2,6,2,2,0,1,1,0,0,0,0,8.64997E+20,5.71177E+21,1.4253E+16,5.14392E+16
72681,14,6,12,0,2018,12,17,3,3,2,2,2,0,1,0,0,0,0,1,8.35487E+20,5.66821E+21,1.37892E+16,5.10672E+16
72682,14,5,24,180,2018,12,7,4,2,1,5,1,1,1,0,0,0,0,1,7.63176E+20,5.64135E+21,1.27402E+16,5.08639E+16
72683,9,7,75,129,2018,1,19,3,2,8,1,2,0,1,0,0,0,0,0,5.81933E+20,5.33982E+21,1.01028E+16,4.82063E+16
72684,14,6,12,0,2018,12,16,3,3,2,6,2,0,1,0,0,0,1,1,8.32517E+20,5.67395E+21,1.37522E+16,5.11203E+16
72685,14,6,26,370,2018,12,16,6,2,6,4,2,0,1,1,0,0,0,1,9.05738E+20,5.69798E+21,1.48205E+16,5.12882E+16
72686,14,6,27,240,2018,12,5,7,2,2,6,2,1,1,0,0,0,0,0,8.13802E+20,5.70242E+21,1.35106E+16,5.13861E+16
72687,9,5,74,164,2018,1,15,5,2,9,1,0,0,1,0,0,0,0,1,6.67013E+20,5.47532E+21,1.13023E+16,4.94076E+16
72688,14,7,30,150,2018,12,10,2,3,8,1,0,0,1,0,0,0,0,1,7.38811E+20,5.70665E+21,1.24379E+16,5.14605E+16
72689,9,3,76,175,2018,1,14,3,3,7,5,0,0,1,0,0,1,0,1,7.30588E+20,5.46617E+21,1.21722E+16,4.93047E+16
72690,14,6,12,0,2018,12,16,3,3,2,6,2,0,1,0,0,0,0,1,8.31138E+20,5.66978E+21,1.37288E+16,5.10837E+16
72691,14,5,23,10,2018,12,22,4,3,8,1,2,0,1,0,0,0,0,2,7.30131E+20,5.58249E+21,1.22349E+16,5.03494E+16
72692,9,2,78,179,2018,1,16,2,3,5,3,0,0,1,0,0,0,0,1,7.67203E+20,5.43746E+21,1.26559E+16,4.9032E+16
72693,9,1,62,0,2018,1,11,4,3,5,3,0,0,1,0,0,0,0,1,6.85305E+20,5.32887E+21,1.14884E+16,4.80862E+16
72694,14,7,13,0,2018,12,13,3,3,2,6,0,0,1,0,0,0,0,0,7.36996E+20,5.69138E+21,1.24017E+16,5.13243E+16
72695,14,6,12,0,2018,12,11,7,3,8,7,0,0,1,0,0,0,0,1,8.29689E+20,5.66577E+21,1.37045E+16,5.10486E+16
72696,14,6,12,0,2018,12,9,3,2,5,3,0,0,1,0,0,0,1,1,8.32307E+20,5.6657E+21,1.37416E+16,5.10465E+16
72697,9,2,77,145,2018,1,2,4,3,9,1,2,0,1,0,0,0,0,2,7.94475E+20,5.35717E+21,1.2971E+16,4.82991E+16
72698,14,6,27,100,2018,12,11,2,2,4,6,0,0,1,0,0,1,0,0,8.19418E+20,5.67236E+21,1.35643E+16,5.11135E+16
72699,14,5,23,320,2018,12,20,3,1,9,1,2,0,1,0,0,0,0,1,7.26797E+20,5.59919E+21,1.21982E+16,5.05007E+16
72700,14,7,13,0,2018,12,17,7,3,2,2,2,0,1,0,0,0,0,1,7.38288E+20,5.6945E+21,1.24223E+16,5.13517E+16
72701,14,5,21,710,2018,12,10,3,3,9,1,0,0,0,0,0,0,1,2,7.69448E+20,5.61275E+21,1.28082E+16,5.06043E+16
72702,9,3,76,151,2018,1,17,4,3,9,1,2,0,1,0,0,0,0,1,7.50395E+20,5.48776E+21,1.24578E+16,4.94908E+16
72703,14,6,26,230,2018,12,7,2,3,6,4,1,0,1,1,0,0,0,0,9.1089E+20,5.69345E+21,1.48888E+16,5.1244E+16
72704,14,6,12,0,2018,12,11,5,2,8,1,0,0,1,0,0,0,0,1,8.41065E+20,5.67279E+21,1.38728E+16,5.11049E+16
72705,14,5,21,390,2018,12,10,3,2,9,1,0,0,1,0,0,0,0,2,7.92059E+20,5.61929E+21,1.31321E+16,5.06521E+16
72706,9,7,80,132,2018,1,9,3,3,8,1,0,0,1,0,0,0,0,1,5.74461E+20,5.26596E+21,9.98949E+15,4.75428E+16
72707,14,5,21,20,2018,12,17,3,3,4,1,2,0,1,0,0,0,0,2,7.8414E+20,5.60892E+21,1.30124E+16,5.0563E+16
72708,14,6,28,400,2018,12,6,6,3,6,6,2,0,1,1,0,0,0,1,8.16189E+20,5.65357E+21,1.35019E+16,5.09468E+16