OBJECTID_1,ULAND,UREGBEZ,UKREIS,UGEMEINDE,UJAHR,UMONAT,USTUNDE,UWOCHENTAG,UKATEGORIE,UART,UTYP1,ULICHTVERH,IstRad,IstPKW,IstFuss,IstKrad,IstGkfz,IstSonstig,STRZUSTAND,LINREFX,LINREFY,XGCSWGS84,YGCSWGS84
72709,9,1,87,117,2018,1,17,3,3,2,6,2,0,1,0,0,0,0,1,7.2396E+20,5.30457E+21,1.19941E+16,4.78554E+16
72710,14,5,24,80,2018,12,8,6,2,2,6,0,0,1,0,0,0,0,0,7.47826E+20,5.63748E+21,1.25199E+16,5.08359E+16
72711,9,5,77,177,2018,1,15,5,3,1,6,0,0,1,0,0,0,0,1,6.45246E+20,5.43219E+21,1.09869E+16,4.90255E+16
72712,14,5,23,365,2018,12,8,1,2,9,7,0,0,1,0,0,0,0,1,7.14079E+20,5.60386E+21,1.20218E+16,5.05475E+16
72713,9,2,78,187,2018,1,17,3,3,5,3,2,0,1,0,1,0,0,1,7.80022E+20,5.4234E+21,1.28212E+16,4.89002E+16
72714,14,5,11,0,2018,12,14,3,2,1,6,0,0,1,0,0,0,0,1,7.80008E+20,5.63516E+21,1.29741E+16,5.08004E+16
72715,14,7,30,250,2018,12,9,4,3,2,6,0,0,1,0,0,0,0,1,7.34164E+20,5.70341E+21,1.2369E+16,5.14334E+16
72716,9,1,79,117,2018,1,5,2,3,8,1,2,0,1,0,0,0,0,1,6.60636E+20,5.34782E+21,1.11645E+16,4.82632E+16
72717,9,7,80,145,2018,1,11,4,3,0,7,0,0,1,0,0,0,0,1,6.06818E+20,5.27074E+21,1.04205E+16,4.75813E+16
72718,14,6,26,60,2018,12,7,3,3,5,3,1,0,1,0,0,0,1,1,8.88079E+20,5.70914E+21,1.45807E+16,5.14004E+16
72719,14,5,24,320,2018,12,17,6,3,2,2,2,0,1,0,0,0,0,1,7.49166E+20,5.61911E+21,1.25264E+16,5.06704E+16
72720,14,5,11,0,2018,12,8,3,3,5,3,0,0,1,0,0,0,0,1,7.7069E+20,5.63945E+21,1.28453E+16,5.08434E+16
72721,9,2,73,147,2018,1,0,4,3,9,1,2,0,1,0,0,0,0,1,7.05064E+20,5.39202E+21,1.17842E+16,4.86475E+16
72722,14,5,22,490,2018,12,8,3,2,4,6,0,0,1,0,0,0,1,1,7.65185E+20,5.66113E+21,1.27831E+16,5.10404E+16
72723,14,5,24,20,2018,12,12,6,2,8,1,0,0,1,0,0,0,0,0,7.58466E+20,5.63559E+21,1.26693E+16,5.08142E+16
72724,14,6,28,60,2018,12,16,6,3,5,2,1,0,1,0,0,0,0,0,8.28356E+20,5.64848E+21,1.36699E+16,5.08944E+16
72725,14,5,21,140,2018,12,14,2,3,9,1,0,0,1,0,0,0,0,1,8.15264E+20,5.61542E+21,1.34561E+16,5.06053E+16
72726,14,6,25,170,2018,12,15,4,1,8,1,0,0,1,0,0,0,0,1,8.56385E+20,5.67348E+21,1.40915E+16,5.11018E+16
72727,14,5,24,160,2018,12,13,2,3,5,3,0,0,1,0,0,1,0,0,7.5646E+20,5.62671E+21,1.26347E+16,5.07355E+16
72728,9,5,72,164,2018,1,22,3,3,4,6,2,0,1,0,0,0,0,0,6.31295E+20,5.50035E+21,1.08186E+16,4.96415E+16
72729,14,7,30,60,2018,12,13,2,2,8,1,0,0,1,0,0,0,0,1,7.76245E+20,5.70287E+21,1.29726E+16,5.14097E+16
72730,14,7,29,60,2018,12,9,5,1,4,6,0,0,1,0,0,0,0,0,7.4544E+20,5.69661E+21,1.25262E+16,5.13676E+16
72731,9,6,79,114,2018,1,13,2,3,4,6,0,0,1,0,1,0,0,0,5.77155E+20,5.48876E+21,1.00666E+16,4.95465E+16
72732,9,3,61,0,2018,1,15,5,3,2,6,0,0,1,0,0,0,0,1,7.0654E+20,5.48434E+21,1.18513E+16,4.94765E+16
72733,14,5,22,80,2018,12,15,1,2,6,4,0,0,1,1,0,0,0,1,7.91358E+20,5.6739E+21,1.31657E+16,5.11423E+16
72734,14,5,11,0,2018,12,11,5,2,5,3,0,0,1,0,0,0,1,1,7.768E+20,5.63066E+21,1.29253E+16,5.07616E+16
72735,14,7,30,110,2018,12,9,2,3,9,1,0,0,1,0,0,0,0,1,7.54322E+20,5.71072E+21,1.26637E+16,5.14903E+16
72736,9,6,79,174,2018,1,16,3,2,8,1,1,0,1,0,0,0,0,1,5.79784E+20,5.52349E+21,1.011E+16,4.98585E+16
72737,14,7,30,270,2018,12,11,2,3,2,2,0,0,1,0,0,0,0,0,7.25235E+20,5.69832E+21,1.22376E+16,5.13913E+16
72738,14,5,21,355,2018,12,23,6,2,6,4,2,0,1,1,0,0,0,1,7.64244E+20,5.60766E+21,1.27312E+16,5.0561E+16
72739,9,1,75,135,2018,1,11,3,3,5,3,0,0,1,0,0,0,0,0,7.08548E+20,5.33912E+21,1.18051E+16,4.8171E+16
72740,14,7,29,270,2018,12,5,6,3,0,7,2,0,0,0,0,0,1,0,7.25128E+20,5.68455E+21,1.22273E+16,5.12678E+16
72741,9,3,77,116,2018,1,19,5,3,2,2,2,0,1,0,0,0,0,1,7.21032E+20,5.52089E+21,1.20717E+16,4.97997E+16
72742,14,6,25,170,2018,12,13,1,3,5,3,0,0,1,0,0,0,0,1,8.54338E+20,5.67194E+21,1.40608E+16,5.10892E+16
72743,9,2,77,113,2018,1,14,3,3,5,3,0,1,1,0,0,0,0,1,8.01626E+20,5.3737E+21,1.3079E+16,4.84441E+16
72744,14,7,29,160,2018,12,6,2,3,7,7,2,0,1,0,0,0,0,1,7.67727E+20,5.68483E+21,1.28368E+16,5.12518E+16
72745,14,6,25,90,2018,12,22,4,2,8,7,2,0,1,0,0,0,0,1,8.88112E+20,5.67508E+21,1.45443E+16,5.10955E+16
72746,14,7,13,0,2018,12,19,2,3,6,4,2,0,1,1,0,0,0,1,7.35453E+20,5.6935E+21,1.2381E+16,5.13439E+16
72747,14,7,29,400,2018,12,16,2,2,5,2,1,0,1,0,0,0,1,0,7.61586E+20,5.68753E+21,1.2751E+16,5.1279E+16
72748,9,6,78,168,2018,1,8,4,3,8,1,1,0,1,0,0,0,0,1,5.82335E+20,5.55303E+21,1.01518E+16,5.01238E+16
72749,14,6,12,0,2018,12,15,3,2,5,3,0,1,1,0,0,0,0,0,8.29756E+20,5.66976E+21,1.37091E+16,5.10843E+16
72750,14,6,27,60,2018,12,19,6,3,5,3,2,0,1,0,0,0,0,1,8.15945E+20,5.69178E+21,1.35319E+16,5.12895E+16
72751,14,7,13,0,2018,12,18,2,2,6,4,2,0,1,1,0,0,0,1,7.32383E+20,5.69241E+21,1.23363E+16,5.13354E+16
72752,9,1,76,167,2018,1,12,4,3,2,6,0,0,1,0,0,0,0,1,6.77154E+20,5.40997E+21,1.14133E+16,4.88175E+16
72753,14,6,25,240,2018,12,16,2,2,4,6,1,1,0,0,0,0,0,1,8.64772E+20,5.71126E+21,1.42493E+16,5.14348E+16
72754,14,5,21,495,2018,12,13,7,3,8,7,0,0,1,0,0,0,0,1,7.96272E+20,5.62662E+21,1.31974E+16,5.07157E+16
72755,14,5,22,260,2018,12,15,6,2,9,1,0,0,1,0,0,0,0,0,7.67762E+20,5.64201E+21,1.28057E+16,5.08676E+16
72756,14,5,21,60,2018,12,3,2,3,0,7,2,0,1,0,0,0,0,1,7.85702E+20,5.60429E+21,1.30308E+16,5.05207E+16
72757,9,7,61,0,2018,1,18,5,3,6,2,2,0,1,1,0,0,0,1,6.42853E+20,5.36004E+21,1.09292E+16,4.83773E+16
72758,14,5,11,0,2018,12,3,4,3,8,1,2,0,1,0,0,0,0,0,7.77234E+20,5.63742E+21,1.29365E+16,5.0822E+16
72759,14,6,25,20,2018,12,15,2,3,4,2,0,1,1,0,0,0,0,0,8.78904E+20,5.68204E+21,1.44207E+16,5.1164E+16
72760,9,5,71,166,2018,1,4,3,3,2,6,2,0,1,0,0,0,0,0,6.09519E+20,5.4576E+21,1.05053E+16,4.92614E+16
72761,14,6,28,190,2018,12,15,2,3,4,6,0,0,1,0,0,0,0,1,8.60382E+20,5.66143E+21,1.41363E+16,5.09913E+16
72762,14,6,25,20,2018,12,15,5,3,2,2,0,0,1,0,0,0,0,0,8.80672E+20,5.68393E+21,1.44478E+16,5.11797E+16
72763,14,7,30,150,2018,12,10,4,3,2,6,0,0,1,0,0,1,0,1,7.40646E+20,5.71036E+21,1.24668E+16,5.14931E+16
72764,9,5,64,0,2018,1,17,2,3,2,6,0,0,1,0,0,0,0,0,6.50874E+20,5.46755E+21,1.10771E+16,4.9342E+16
72765,9,2,75,145,2018,1,17,5,3,5,3,2,0,1,0,0,0,0,1,8.20789E+20,5.37296E+21,1.33369E+16,4.8428E+16
72766,14,7,13,0,2018,12,19,7,3,5,2,1,1,1,0,0,0,0,1,7.31916E+20,5.69246E+21,1.23296E+16,5.13361E+16
72767,14,5,21,150,2018,12,16,4,3,0,7,2,0,1,0,0,0,1,1,7.83297E+20,5.62053E+21,1.30094E+16,5.06675E+16
72768,14,6,25,240,2018,12,12,1,2,8,1,0,0,1,0,0,0,0,1,8.5512E+20,5.70606E+21,1.41058E+16,5.13943E+16
72769,14,6,27,50,2018,12,15,2,3,0,7,0,1,1,0,0,0,0,1,8.09264E+20,5.70505E+21,1.34479E+16,5.14122E+16
72770,9,4,79,169,2018,1,21,4,3,7,7,2,0,1,0,0,0,0,1,7.17585E+20,5.54726E+21,1.20387E+16,5.00378E+16
72771,14,5,24,90,2018,12,1,5,3,9,6,2,0,1,0,0,0,0,1,7.59633E+20,5.62252E+21,1.26766E+16,5.06964E+16
72772,14,7,30,170,2018,12,11,2,3,9,1,0,0,1,0,0,0,0,1,7.91221E+20,5.69257E+21,1.31789E+16,5.13097E+16
72773,14,7,30,270,2018,12,9,5,3,2,6,0,0,1,0,0,0,0,0,7.2567E+20,5.70154E+21,1.22458E+16,5.14201E+16
72774,14,6,12,0,2018,12,13,2,2,5,3,0,0,1,0,0,1,0,0,8.37516E+20,5.65833E+21,1.38088E+16,5.09774E+16
72775,14,6,28,270,2018,12,16,2,3,2,6,1,0,1,0,0,0,0,1,8.45538E+20,5.65662E+21,1.39211E+16,5.09574E+16
72776,14,6,12,0,2018,12,14,4,3,5,3,0,1,0,0,1,0,0,0,8.30526E+20,5.66893E+21,1.37193E+16,5.10764E+16
72777,14,5,21,270,2018,12,14,2,3,8,1,0,0,1,0,0,0,0,1,7.93515E+20,5.63296E+21,1.31635E+16,5.0774E+16
72778,14,6,28,270,2018,12,8,2,2,2,2,0,0,1,0,0,0,0,1,8.45079E+20,5.65778E+21,1.39157E+16,5.0968E+16
72779,9,6,71,155,2018,1,8,4,3,2,6,0,0,1,0,0,0,0,1,5.04408E+20,5.53759E+21,9.0615E+15,4.99906E+16
72780,14,5,21,170,2018,12,7,3,2,4,7,2,0,1,0,0,0,0,1,7.58312E+20,5.60115E+21,1.26431E+16,5.05053E+16
72781,14,5,11,0,2018,12,11,6,2,3,6,0,0,1,0,1,0,0,1,7.75079E+20,5.63886E+21,1.29071E+16,5.08359E+16
72782,14,6,27,180,2018,12,7,2,3,6,7,0,0,1,1,0,0,0,1,7.99664E+20,5.66746E+21,1.32788E+16,5.10802E+16
72783,9,1,78,130,2018,1,14,4,2,5,3,0,0,1,0,0,0,0,1,7.04057E+20,5.35654E+21,1.17532E+16,4.83291E+16
72784,14,6,27,10,2018,12,7,2,3,6,2,2,0,1,1,0,0,0,1,8.20453E+20,5.67368E+21,1.35802E+16,5.11247E+16
72785,14,5,24,120,2018,12,11,6,2,5,7,0,0,1,0,0,0,1,1,7.61044E+20,5.63398E+21,1.27047E+16,5.07987E+16
72786,14,5,21,450,2018,12,7,5,3,2,6,0,0,1,0,0,0,0,1,7.62973E+20,5.62235E+21,1.27237E+16,5.06934E+16
72787,14,5,21,160,2018,12,18,1,3,2,2,2,0,1,0,0,0,0,1,7.80496E+20,5.6178E+21,1.29678E+16,5.06444E+16
72788,9,6,72,113,2018,1,7,5,3,2,6,1,0,1,0,0,0,0,0,5.57379E+20,5.57483E+21,9.80605E+15,5.03227E+16
72789,14,7,13,0,2018,12,15,3,2,4,2,0,0,1,0,0,0,0,0,7.35991E+20,5.69713E+21,1.23911E+16,5.13762E+16
72790,14,6,12,0,2018,12,11,2,3,5,3,0,0,1,0,0,0,0,1,8.3409E+20,5.67322E+21,1.37739E+16,5.11129E+16
72791,9,4,64,0,2018,1,8,3,3,5,3,0,0,1,0,0,0,0,1,7.08593E+20,5.57525E+21,1.19286E+16,5.02925E+16
72792,14,6,12,0,2018,12,22,2,3,5,3,2,1,1,0,0,0,0,1,8.32323E+20,5.66566E+21,1.37418E+16,5.10462E+16
72793,14,5,21,710,2018,12,18,5,2,2,6,2,0,1,0,0,0,0,1,7.68223E+20,5.61616E+21,1.27934E+16,5.06355E+16
72794,9,5,76,122,2018,1,4,2,3,8,1,2,0,1,0,0,0,0,1,6.66963E+20,5.44108E+21,1.12874E+16,4.90999E+16
72795,9,1,87,117,2018,1,19,5,3,5,2,2,0,1,0,0,0,1,1,7.23561E+20,5.30487E+21,1.19889E+16,4.78582E+16
72796,9,7,75,135,2018,1,21,5,3,5,3,2,0,1,0,0,0,0,1,5.73205E+20,5.35992E+21,9.98881E+15,4.83882E+16
72797,14,6,26,610,2018,12,21,7,3,1,1,2,0,1,0,0,0,0,1,9.0784E+20,5.65459E+21,1.48016E+16,5.08986E+16
72798,14,5,24,330,2018,12,21,3,3,5,3,2,0,1,0,0,0,0,0,7.44156E+20,5.62426E+21,1.24591E+16,5.07188E+16
72799,14,7,30,330,2018,12,11,7,3,8,1,0,0,1,0,0,0,0,1,7.74433E+20,5.68982E+21,1.29366E+16,5.12935E+16
72800,14,6,12,0,2018,12,13,2,3,8,1,0,0,1,0,0,0,0,2,8.31359E+20,5.67243E+21,1.37343E+16,5.11073E+16
72801,9,4,76,183,2018,1,16,4,1,4,6,0,0,1,0,0,1,0,1,6.73424E+20,5.56568E+21,1.1431E+16,5.02178E+16
72802,14,5,24,130,2018,12,17,5,3,4,2,2,0,1,0,0,0,0,1,7.49185E+20,5.61389E+21,1.25232E+16,5.06235E+16
72803,14,6,25,350,2018,12,14,2,3,2,6,0,0,1,0,0,0,0,0,8.60692E+20,5.68957E+21,1.41689E+16,5.12432E+16
72804,14,6,26,450,2018,12,10,5,2,6,6,0,0,1,1,0,0,0,0,9.05172E+20,5.68324E+21,1.47958E+16,5.11567E+16
72805,14,6,12,0,2018,12,7,2,2,6,3,2,0,1,1,0,0,0,1,8.29016E+20,5.66511E+21,1.36943E+16,5.10431E+16
72806,9,7,80,133,2018,1,15,3,3,2,6,0,0,1,0,0,0,0,1,5.95978E+20,5.25271E+21,1.02725E+16,4.74208E+16
72807,14,6,12,0,2018,12,21,2,3,4,2,2,0,1,0,0,0,0,1,8.30106E+20,5.66937E+21,1.37137E+16,5.10806E+16
72808,14,6,26,110,2018,12,12,6,3,2,6,0,0,1,0,0,0,0,1,9.17639E+20,5.68275E+21,1.49726E+16,5.11434E+16
72809,14,5,23,20,2018,12,5,5,2,6,4,2,0,1,1,0,0,0,1,7.40198E+20,5.60144E+21,1.23883E+16,5.05155E+16
72810,14,5,11,0,2018,12,12,7,3,2,2,0,0,1,0,0,0,0,1,7.78149E+20,5.64064E+21,1.29519E+16,5.08505E+16
72811,9,5,63,0,2018,1,15,5,3,3,7,0,0,1,0,0,0,0,1,6.44306E+20,5.48216E+21,1.0992E+16,4.9475E+16
72812,14,6,26,85,2018,12,23,2,3,9,1,2,0,1,0,0,0,0,2,8.93681E+20,5.6665E+21,1.46141E+16,5.1015E+16
72813,9,3,61,0,2018,1,13,3,3,4,2,0,0,1,0,0,0,0,1,7.06408E+20,5.48215E+21,1.18483E+16,4.94569E+16
72814,14,5,22,580,2018,12,6,2,3,8,1,2,0,1,0,0,0,0,1,7.6849E+20,5.65676E+21,1.28269E+16,5.09997E+16
72815,14,7,29,370,2018,12,13,4,3,2,6,0,0,1,0,0,0,0,1,7.41484E+20,5.67722E+21,1.24564E+16,5.11953E+16
72816,9,7,64,0,2018,1,15,3,3,2,6,0,0,1,0,0,0,1,1,5.84673E+20,5.31881E+21,1.01355E+16,4.8017E+16
72817,14,5,22,580,2018,12,6,2,3,5,3,1,0,1,0,0,0,1,1,7.68745E+20,5.65621E+21,1.28301E+16,5.09946E+16
72818,14,7,29,50,2018,12,14,6,3,2,2,0,0,1,0,0,0,1,1,7.46108E+20,5.66713E+21,1.25156E+16,5.11028E+16
72819,14,6,28,270,2018,12,18,7,3,5,2,2,0,1,0,0,0,0,0,8.45394E+20,5.6566E+21,1.3919E+16,5.09572E+16
72820,9,5,62,0,2018,1,18,5,3,5,3,2,1,1,0,0,0,0,1,6.44392E+20,5.49383E+21,1.09975E+16,4.95798E+16
72821,14,5,24,130,2018,12,11,2,3,5,3,0,0,1,0,0,0,0,1,7.51035E+20,5.6119E+21,1.25479E+16,5.06049E+16
72822,9,3,75,190,2018,1,18,3,3,5,3,2,0,1,0,0,0,0,1,7.23208E+20,5.44753E+21,1.20605E+16,4.914E+16
72823,14,5,22,80,2018,12,6,2,3,0,3,2,0,1,0,1,0,0,1,7.89909E+20,5.67146E+21,1.31431E+16,5.11211E+16
72824,14,5,22,150,2018,12,15,5,3,2,6,0,0,1,0,0,0,0,0,7.84157E+20,5.6491E+21,1.30436E+16,5.09234E+16
72825,9,2,71,119,2018,1,11,2,3,8,7,0,0,1,0,0,0,0,1,7.88063E+20,5.41532E+21,1.2925E+16,4.8824E+16
72826,9,1,78,123,2018,1,5,5,3,0,6,2,0,1,0,0,0,0,0,6.88337E+20,5.35927E+21,1.15425E+16,4.83585E+16
72827,9,7,79,194,2018,1,15,5,3,4,2,0,0,1,0,0,0,0,1,6.10301E+20,5.41121E+21,1.05034E+16,4.88441E+16
72828,14,6,28,50,2018,12,19,7,3,6,2,2,0,1,1,0,0,0,1,8.31097E+20,5.66021E+21,1.37194E+16,5.0998E+16
72829,14,7,29,10,2018,12,16,3,3,5,3,1,0,1,0,0,0,0,0,7.55208E+20,5.67187E+21,1.26486E+16,5.11413E+16
72830,14,6,25,440,2018,12,9,7,3,5,3,0,0,1,0,0,0,0,1,8.65558E+20,5.68738E+21,1.42361E+16,5.12205E+16
72831,14,5,21,640,2018,12,21,2,2,6,4,2,0,1,1,0,0,0,1,7.79182E+20,5.62061E+21,1.29514E+16,5.06703E+16
72832,9,2,78,121,2018,1,20,4,2,9,1,2,0,1,0,0,0,0,0,7.62126E+20,5.41543E+21,1.25724E+16,4.88364E+16
72833,14,7,29,410,2018,12,11,5,3,8,1,0,0,1,0,0,0,0,1,7.60639E+20,5.69763E+21,1.27449E+16,5.137E+16
72834,14,6,25,40,2018,12,13,2,3,5,3,0,0,1,0,0,1,0,1,8.62629E+20,5.6763E+21,1.41831E+16,5.11231E+16
72835,14,5,22,110,2018,12,16,5,2,4,2,2,1,1,0,0,0,0,0,7.98239E+20,5.63595E+21,1.32327E+16,5.07984E+16
72836,14,5,21,60,2018,12,8,2,3,9,1,0,0,1,0,0,0,0,2,7.85687E+20,5.60203E+21,1.30289E+16,5.05005E+16
72837,9,7,77,155,2018,1,6,3,3,8,1,2,0,1,0,0,0,0,2,6.33666E+20,5.31145E+21,1.07899E+16,4.79424E+16
72838,14,5,21,520,2018,12,15,2,3,4,2,0,0,1,0,0,0,0,1,7.79502E+20,5.61126E+21,1.29488E+16,5.05862E+16
72839,14,5,22,220,2018,12,0,6,3,8,1,2,0,1,0,0,0,0,1,7.84943E+20,5.67458E+21,1.30748E+16,5.11516E+16
72840,9,1,74,146,2018,1,8,3,2,8,1,0,0,0,0,0,0,1,1,6.68399E+20,5.34943E+21,1.12697E+16,4.82757E+16
72841,14,5,23,430,2018,12,12,6,3,9,7,0,0,1,0,0,0,0,0,7.32602E+20,5.60703E+21,1.22849E+16,5.05688E+16
72842,9,4,75,127,2018,1,7,5,3,4,6,2,0,1,0,0,0,0,1,7.11603E+20,5.57857E+21,1.19727E+16,5.03212E+16
72843,14,7,29,330,2018,12,18,1,3,9,1,2,0,1,0,0,0,0,1,7.52191E+20,5.67786E+21,1.26098E+16,5.11964E+16
72844,9,2,75,127,2018,1,9,3,3,9,1,0,0,1,0,0,0,0,0,8.0814E+20,5.40066E+21,1.31868E+16,4.86829E+16
72845,14,5,21,160,2018,12,17,2,2,6,4,2,0,1,1,0,0,0,1,7.80462E+20,5.61767E+21,1.29672E+16,5.06432E+16
72846,14,6,25,10,2018,12,9,4,3,5,3,0,0,1,0,0,0,0,1,8.48349E+20,5.67325E+21,1.39769E+16,5.11046E+16
72847,9,1,75,123,2018,1,15,2,3,2,6,0,0,1,0,0,0,0,0,7.24012E+20,5.33726E+21,1.20119E+16,4.81491E+16
72848,14,5,11,0,2018,12,9,2,3,5,3,0,0,1,0,0,0,1,0,7.76453E+20,5.6387E+21,1.29264E+16,5.08339E+16
72849,9,7,72,202,2018,1,10,4,3,2,6,0,0,1,0,0,0,0,1,6.35636E+20,5.35912E+21,1.08315E+16,4.83706E+16
72850,14,6,12,0,2018,12,20,3,3,5,3,2,1,1,0,0,0,0,0,8.31328E+20,5.66545E+21,1.37275E+16,5.10448E+16
72851,14,6,26,110,2018,12,18,6,3,5,3,0,0,1,0,0,0,1,1,9.16301E+20,5.68192E+21,1.49526E+16,5.1137E+16
72852,14,5,11,0,2018,12,15,2,3,0,3,0,0,1,0,0,0,1,1,7.76327E+20,5.63854E+21,1.29245E+16,5.08325E+16
72853,9,1,89,111,2018,1,15,4,2,5,3,0,0,1,0,0,0,0,1,7.62353E+20,5.32291E+21,1.25176E+16,4.80056E+16
72854,9,1,87,165,2018,1,13,2,3,9,1,0,0,1,0,0,0,0,0,7.33656E+20,5.29961E+21,1.21209E+16,4.78074E+16
72855,9,7,78,168,2018,1,6,4,3,0,6,2,1,1,0,0,0,0,1,6.03865E+20,5.31236E+21,1.03912E+16,4.79562E+16
72856,14,7,13,0,2018,12,5,3,3,5,2,2,1,1,0,0,0,0,0,7.36381E+20,5.70203E+21,1.23999E+16,5.14201E+16
72857,14,6,12,0,2018,12,11,7,3,6,4,0,0,0,1,0,0,1,1,8.28499E+20,5.6685E+21,1.369E+16,5.10738E+16
72858,14,5,24,30,2018,12,14,1,3,9,1,0,0,1,0,0,0,0,1,7.40172E+20,5.63264E+21,1.24082E+16,5.07956E+16
72859,9,2,79,128,2018,1,20,4,2,2,6,2,0,1,0,0,1,0,0,7.61372E+20,5.39687E+21,1.25504E+16,4.86701E+16
72860,14,5,24,250,2018,12,16,1,2,4,6,2,0,1,0,0,0,0,1,7.53076E+20,5.62287E+21,1.25842E+16,5.07024E+16
72861,14,7,29,260,2018,12,7,5,3,5,3,0,0,1,0,0,0,0,1,7.36225E+20,5.68288E+21,1.2385E+16,5.12483E+16
72862,14,6,12,0,2018,12,16,2,3,6,7,2,1,0,1,0,0,0,0,8.3344E+20,5.66353E+21,1.37558E+16,5.10264E+16
72863,14,7,29,260,2018,12,6,4,3,8,7,2,0,1,0,0,0,0,0,7.34174E+20,5.68594E+21,1.23577E+16,5.12766E+16
72864,14,7,30,70,2018,12,20,1,3,0,7,2,0,1,0,0,0,0,1,7.38722E+20,5.71653E+21,1.24433E+16,5.15493E+16
72865,9,6,77,122,2018,1,18,3,3,9,1,2,0,1,0,0,0,0,1,5.46801E+20,5.55325E+21,9.6548E+15,5.01297E+16
72866,14,6,25,640,2018,12,0,1,2,6,6,2,0,1,1,0,0,0,1,8.67503E+20,5.70253E+21,1.42794E+16,5.13548E+16
72867,14,5,23,245,2018,12,10,5,2,9,1,0,0,1,0,0,0,0,1,7.44591E+20,5.59287E+21,1.24446E+16,5.04368E+16
72868,9,7,73,125,2018,1,18,2,3,4,6,2,0,1,0,0,0,0,0,6.19156E+20,5.38239E+21,1.06157E+16,4.85833E+16
72869,14,7,30,300,2018,12,7,6,2,3,2,0,1,0,0,0,0,1,0,7.42059E+20,5.69712E+21,1.24781E+16,5.13736E+16
72870,9,3,72,153,2018,1,18,5,3,4,6,2,0,1,0,0,0,0,1,7.59401E+20,5.45239E+21,1.25589E+16,4.91694E+16
72871,14,5,21,510,2018,12,17,1,3,6,4,2,0,1,1,0,0,0,1,7.77133E+20,5.60608E+21,1.29116E+16,5.05409E+16
72872,9,1,90,126,2018,1,14,3,2,3,7,0,0,1,0,0,0,0,0,6.7187E+20,5.28886E+21,1.12922E+16,4.77303E+16
72873,14,6,27,270,2018,12,1,1,2,5,3,2,0,1,0,0,0,0,1,7.96487E+20,5.69583E+21,1.3257E+16,5.13363E+16
72874,14,6,27,80,2018,12,18,4,2,5,3,2,0,1,0,0,0,0,1,8.04398E+20,5.67213E+21,1.33501E+16,5.11196E+16
72875,14,6,25,120,2018,12,15,2,2,9,1,0,0,1,0,0,0,0,1,8.60358E+20,5.7129E+21,1.41877E+16,5.14523E+16
72876,14,6,12,0,2018,12,14,1,3,2,6,0,0,1,0,0,0,0,1,8.36272E+20,5.66097E+21,1.37936E+16,5.10018E+16
72877,9,6,72,121,2018,1,11,4,2,5,3,0,0,1,0,0,0,0,1,5.6824E+20,5.55277E+21,9.95463E+15,5.01232E+16
72878,14,5,21,390,2018,12,14,3,3,2,6,0,0,1,0,0,0,0,1,7.94492E+20,5.61946E+21,1.31665E+16,5.06524E+16
72879,14,6,28,110,2018,12,8,6,2,5,3,1,0,1,0,0,1,0,0,8.25243E+20,5.66215E+21,1.3638E+16,5.10188E+16
72880,14,6,12,0,2018,12,13,1,3,4,2,0,0,1,0,0,0,0,1,8.29249E+20,5.67041E+21,1.37025E+16,5.10905E+16
72881,9,1,81,132,2018,1,22,4,2,6,6,2,0,1,1,0,0,0,1,6.45252E+20,5.32444E+21,1.09494E+16,4.80567E+16
72882,14,5,21,710,2018,12,12,1,3,2,6,0,0,1,0,0,0,0,1,7.70784E+20,5.61516E+21,1.28288E+16,5.06253E+16
72883,14,5,22,150,2018,12,12,7,2,8,1,0,0,1,0,0,0,0,1,7.84218E+20,5.64917E+21,1.30445E+16,5.0924E+16
72884,14,7,13,0,2018,12,18,5,3,5,3,1,0,1,0,0,0,1,1,7.45899E+20,5.69219E+21,1.25298E+16,5.13277E+16
72885,14,7,13,0,2018,12,14,1,3,5,3,0,1,1,0,0,0,0,0,7.34276E+20,5.69334E+21,1.2364E+16,5.1343E+16
72886,9,6,79,170,2018,1,16,5,3,2,5,1,0,1,0,0,0,0,1,5.78395E+20,5.50212E+21,1.00864E+16,4.96665E+16
72887,14,7,30,60,2018,12,16,3,3,8,1,2,0,1,0,0,0,0,1,7.76235E+20,5.70294E+21,1.29725E+16,5.14103E+16
72888,14,5,21,710,2018,12,12,1,3,2,6,0,0,1,0,0,0,0,1,7.70784E+20,5.61516E+21,1.28288E+16,5.06253E+16
72889,9,5,71,136,2018,1,16,3,3,5,3,1,1,1,0,0,0,0,1,5.96986E+20,5.43576E+21,1.03278E+16,4.9067E+16
72890,14,5,21,390,2018,12,17,1,2,9,1,2,0,1,0,0,0,0,1,8.04564E+20,5.61401E+21,1.33041E+16,5.05983E+16
72891,14,6,28,260,2018,12,8,5,3,9,1,0,0,1,0,0,0,0,2,8.70255E+20,5.66926E+21,1.42844E+16,5.10552E+16
72892,9,5,64,0,2018,1,16,2,3,2,6,2,0,1,0,0,0,0,0,6.50907E+20,5.46757E+21,1.10775E+16,4.93422E+16
72893,14,5,24,280,2018,12,17,7,3,4,2,2,0,1,0,0,0,0,1,7.54253E+20,5.63296E+21,1.26078E+16,5.07925E+16