OBJECTID_1,ULAND,UREGBEZ,UKREIS,UGEMEINDE,UJAHR,UMONAT,USTUNDE,UWOCHENTAG,UKATEGORIE,UART,UTYP1,ULICHTVERH,IstRad,IstPKW,IstFuss,IstKrad,IstGkfz,IstSonstig,STRZUSTAND,LINREFX,LINREFY,XGCSWGS84,YGCSWGS84
73639,9,5,64,0,2018,1,18,2,2,5,2,2,0,1,0,0,0,0,0,6.50547E+20,5.47741E+21,1.10763E+16,4.94307E+16
73640,9,2,76,122,2018,1,13,5,2,8,1,0,0,1,0,0,0,0,1,7.92425E+20,5.44225E+21,1.30036E+16,4.90636E+16
73641,9,1,73,118,2018,1,14,2,3,5,3,0,0,1,0,0,0,0,0,6.88182E+20,5.30341E+21,1.15158E+16,4.78564E+16
73642,9,1,83,134,2018,1,12,7,3,4,1,0,0,1,0,1,0,0,1,7.63155E+20,5.34143E+21,1.25398E+16,4.81715E+16
73643,9,2,75,128,2018,1,17,5,3,4,6,2,0,1,0,0,0,1,0,8.29492E+20,5.4015E+21,1.34767E+16,4.86794E+16
73644,9,6,76,125,2018,1,0,1,2,8,1,2,0,0,0,1,0,0,0,5.16952E+20,5.50723E+21,9.23517E+15,4.97174E+16
73645,9,2,75,122,2018,1,7,5,3,6,6,1,0,1,1,0,0,0,0,8.186E+20,5.38399E+21,1.33157E+16,4.85281E+16
73646,9,1,87,169,2018,1,2,7,2,2,6,2,0,1,0,0,0,1,0,7.37542E+20,5.29923E+21,1.21725E+16,4.78026E+16
73647,9,2,75,150,2018,1,18,5,3,5,3,2,0,1,0,0,0,0,0,8.32764E+20,5.39191E+21,1.35133E+16,4.85917E+16
73648,9,1,84,122,2018,1,17,1,2,4,7,2,0,1,0,0,0,0,0,6.87674E+20,5.32416E+21,1.15181E+16,4.80431E+16
73649,9,2,77,151,2018,1,7,5,3,0,6,0,0,1,0,0,0,1,1,7.70957E+20,5.36306E+21,1.26583E+16,4.83625E+16
73650,9,1,78,140,2018,1,13,3,3,1,6,0,0,1,0,0,0,0,1,7.06763E+20,5.36605E+21,1.17943E+16,4.84137E+16
73651,9,2,73,111,2018,1,7,5,3,0,7,0,1,0,0,0,0,0,1,7.09694E+20,5.41179E+21,1.1857E+16,4.88236E+16
73652,9,2,73,137,2018,1,6,5,3,5,3,2,1,1,0,0,0,0,1,7.10832E+20,5.42229E+21,1.18779E+16,4.89176E+16
73653,9,5,75,121,2018,1,17,2,3,5,3,2,0,1,0,0,0,0,0,6.24847E+20,5.49062E+21,1.07262E+16,4.95553E+16
73654,9,1,82,120,2018,1,11,7,3,2,6,0,0,1,0,0,0,0,0,7.03236E+20,5.30561E+21,1.17179E+16,4.78717E+16
73655,9,1,83,127,2018,1,12,5,3,9,6,0,0,1,0,0,0,0,0,7.55237E+20,5.34997E+21,1.24386E+16,4.82515E+16
73656,9,1,89,154,2018,1,7,2,2,2,6,1,0,1,0,0,0,0,1,7.68614E+20,5.31509E+21,1.25965E+16,4.79327E+16
73657,9,1,61,0,2018,1,16,7,3,3,6,0,0,1,0,0,0,1,0,6.7733E+20,5.40389E+21,1.14131E+16,4.87627E+16
73658,9,5,74,139,2018,1,11,7,3,2,6,0,0,1,0,0,0,0,0,6.6712E+20,5.48014E+21,1.13058E+16,4.94509E+16
73659,9,2,79,132,2018,1,15,3,2,4,7,0,0,1,0,0,0,1,1,7.65174E+20,5.39936E+21,1.26035E+16,4.86909E+16
73660,9,1,89,111,2018,1,16,5,3,2,6,0,0,1,0,0,1,1,0,7.57385E+20,5.32175E+21,1.24504E+16,4.79971E+16
73661,9,3,74,124,2018,1,13,1,2,8,1,0,0,1,0,0,0,0,0,7.09094E+20,5.51276E+21,1.19016E+16,4.9731E+16
73662,9,1,89,114,2018,1,6,5,3,0,7,2,0,0,0,1,0,1,1,7.64187E+20,5.31548E+21,1.25376E+16,4.79382E+16
73663,9,7,80,122,2018,1,7,2,2,2,2,0,0,1,0,0,0,0,0,6.00792E+20,5.292E+21,1.03453E+16,4.77735E+16
73664,9,1,83,127,2018,1,18,5,3,4,6,2,0,1,0,0,0,1,1,7.59382E+20,5.35271E+21,1.2496E+16,4.82744E+16
73665,9,1,89,150,2018,1,13,5,3,4,2,0,0,1,0,0,0,0,0,7.75261E+20,5.32076E+21,1.26889E+16,4.79808E+16
73666,9,3,76,117,2018,1,15,2,3,4,6,0,0,1,0,0,1,0,0,7.36522E+20,5.45994E+21,1.225E+16,4.92465E+16
73667,9,1,76,126,2018,1,17,7,3,2,6,2,0,1,0,0,0,0,0,6.73518E+20,5.40588E+21,1.13621E+16,4.87817E+16
73668,9,1,84,141,2018,1,7,2,2,5,3,2,0,1,0,0,0,0,0,6.979E+20,5.31394E+21,1.16504E+16,4.79482E+16
73669,9,1,89,160,2018,1,6,5,3,2,6,2,1,1,0,0,0,0,0,7.59484E+20,5.29317E+21,1.24614E+16,4.77397E+16
73670,9,1,87,181,2018,1,17,5,3,4,6,2,0,1,0,0,0,0,1,7.37674E+20,5.31439E+21,1.21826E+16,4.79387E+16
73671,9,5,75,116,2018,1,10,2,3,8,1,0,0,1,0,0,0,0,2,6.1714E+20,5.5104E+21,1.06256E+16,4.97347E+16
73672,9,1,79,142,2018,1,16,7,3,4,6,0,0,1,0,0,0,0,1,6.73187E+20,5.33908E+21,1.13299E+16,4.81814E+16
73673,9,1,87,177,2018,1,17,5,3,3,2,2,1,1,0,0,0,0,0,7.35042E+20,5.30511E+21,1.21423E+16,4.78563E+16
73674,9,1,87,118,2018,1,12,2,3,5,3,0,0,1,0,0,0,0,0,7.53366E+20,5.30245E+21,1.23853E+16,4.78254E+16
73675,9,1,79,126,2018,1,11,7,3,5,3,0,0,1,0,0,0,0,1,6.77444E+20,5.33951E+21,1.13873E+16,4.81841E+16
73676,9,1,62,0,2018,1,8,3,3,2,6,0,0,1,0,0,0,0,0,6.86819E+20,5.33117E+21,1.15097E+16,4.81064E+16
73677,9,1,87,148,2018,1,10,5,3,4,2,0,0,1,0,0,0,0,1,7.3859E+20,5.28093E+21,1.21764E+16,4.76377E+16
73678,9,1,84,141,2018,1,13,1,3,9,1,0,0,1,0,0,0,0,0,7.0025E+20,5.31748E+21,1.16835E+16,4.79792E+16
73679,9,1,87,150,2018,1,7,5,3,5,3,0,1,1,0,0,0,0,1,7.28664E+20,5.3044E+21,1.20568E+16,4.78523E+16
73680,9,7,71,145,2018,1,17,7,3,9,1,2,0,1,0,0,0,0,0,6.47262E+20,5.34486E+21,1.09834E+16,4.82399E+16
73681,9,7,72,147,2018,1,6,2,3,8,1,2,0,1,0,0,0,0,0,6.38478E+20,5.36725E+21,1.08725E+16,4.84432E+16
73682,9,1,76,139,2018,1,7,5,2,5,3,0,0,1,0,1,0,0,1,6.83747E+20,5.41013E+21,1.15031E+16,4.88169E+16
73683,9,2,77,145,2018,1,18,2,3,0,3,2,1,0,0,0,0,0,1,7.98188E+20,5.35336E+21,1.30183E+16,4.82632E+16
73684,9,1,77,116,2018,1,9,7,3,2,6,0,0,1,0,0,0,0,0,7.10646E+20,5.36408E+21,1.18458E+16,4.83947E+16
73685,9,1,61,0,2018,1,6,5,3,9,3,2,0,1,0,0,0,0,1,6.79237E+20,5.40443E+21,1.14393E+16,4.8767E+16
73686,9,1,75,132,2018,1,11,2,1,2,6,0,0,0,0,0,1,0,0,7.05264E+20,5.33512E+21,1.17591E+16,4.81362E+16
73687,9,1,75,132,2018,1,16,7,2,5,2,2,0,1,0,0,0,0,0,7.07246E+20,5.33027E+21,1.17833E+16,4.8092E+16
73688,9,1,62,0,2018,1,7,5,3,3,6,2,0,1,0,0,1,0,1,6.83451E+20,5.34256E+21,1.14694E+16,4.82097E+16
73689,9,1,62,0,2018,1,21,3,3,2,1,2,0,1,0,0,0,1,2,6.81576E+20,5.33861E+21,1.14425E+16,4.81747E+16
73690,9,1,81,130,2018,1,13,5,2,2,2,0,0,0,0,1,0,1,0,6.40319E+20,5.3248E+21,1.08833E+16,4.80611E+16
73691,9,1,76,123,2018,1,13,2,3,6,3,0,0,1,1,0,0,0,0,6.59536E+20,5.41811E+21,1.11767E+16,4.88954E+16
73692,9,1,78,142,2018,1,0,7,3,8,1,2,0,1,0,0,0,0,1,7.15229E+20,5.37672E+21,1.19141E+16,4.85066E+16
73693,9,1,74,126,2018,1,18,5,2,4,2,2,0,1,0,0,0,0,1,6.8378E+20,5.34684E+21,1.14757E+16,4.82481E+16
73694,9,1,87,118,2018,1,20,3,3,3,6,2,0,1,0,0,0,0,1,7.51958E+20,5.3011E+21,1.23658E+16,4.78139E+16
73695,9,1,78,143,2018,1,13,5,3,4,2,0,0,1,0,0,0,0,0,7.18983E+20,5.37292E+21,1.19628E+16,4.84712E+16
73696,9,1,77,122,2018,1,13,1,3,4,6,0,0,1,0,0,0,0,0,7.2684E+20,5.35832E+21,1.20611E+16,4.83373E+16
73697,9,1,78,155,2018,1,1,5,3,8,7,2,0,1,0,0,0,0,1,7.15772E+20,5.37626E+21,1.19212E+16,4.85023E+16
73698,9,6,62,0,2018,1,14,2,3,2,6,0,0,1,0,0,0,0,0,5.87708E+20,5.5432E+21,1.02247E+16,5.00346E+16
73699,9,1,78,124,2018,1,6,5,3,4,6,2,0,1,0,0,0,0,1,7.05371E+20,5.36439E+21,1.17747E+16,4.83991E+16
73700,9,2,79,116,2018,1,15,2,2,3,6,0,0,1,0,0,0,0,0,7.59707E+20,5.39603E+21,1.25273E+16,4.86632E+16
73701,9,1,77,139,2018,1,22,7,3,5,3,2,0,1,0,0,0,0,0,7.31809E+20,5.35918E+21,1.21285E+16,4.83433E+16
73702,9,1,75,121,2018,1,9,5,3,1,6,0,0,1,0,0,0,1,1,7.13698E+20,5.31899E+21,1.18642E+16,4.79885E+16
73703,9,1,75,123,2018,1,15,2,3,6,1,0,0,1,1,0,0,0,0,7.21394E+20,5.33793E+21,1.19771E+16,4.8156E+16
73704,9,1,84,130,2018,1,8,4,3,2,6,0,0,1,0,0,0,0,0,6.98479E+20,5.34621E+21,1.16732E+16,4.8238E+16
73705,9,1,62,0,2018,1,7,3,3,2,1,0,0,1,0,0,0,0,0,6.98647E+20,5.33509E+21,1.16702E+16,4.81381E+16
73706,9,1,84,130,2018,1,10,4,3,0,1,0,1,0,0,0,0,0,0,6.98889E+20,5.34615E+21,1.16787E+16,4.82374E+16
73707,9,7,78,173,2018,1,8,4,3,8,1,0,0,1,0,0,1,0,0,6.10752E+20,5.3202E+21,1.04855E+16,4.80254E+16
73708,9,5,73,122,2018,1,7,2,3,2,6,1,0,1,0,0,0,0,1,6.43612E+20,5.4779E+21,1.09809E+16,4.94368E+16
73709,9,7,78,219,2018,1,8,4,3,3,6,0,0,1,0,0,0,1,0,5.89587E+20,5.31037E+21,1.01996E+16,4.79403E+16
73710,9,7,75,152,2018,1,7,7,3,2,6,0,0,1,0,0,0,0,0,5.81165E+20,5.3516E+21,1.00947E+16,4.83123E+16
73711,9,7,74,150,2018,1,12,4,3,5,3,0,0,1,0,0,0,0,0,6.01733E+20,5.34448E+21,1.03703E+16,4.82454E+16
73712,9,5,72,142,2018,1,7,2,3,2,6,1,0,1,0,0,0,0,0,6.45298E+20,5.50036E+21,1.10124E+16,4.96382E+16
73713,9,7,74,174,2018,1,17,4,3,5,3,2,0,1,0,0,0,0,0,5.98491E+20,5.36799E+21,1.03322E+16,4.84573E+16
73714,9,2,61,0,2018,1,7,2,3,5,3,0,1,1,0,0,0,0,0,7.3154E+20,5.38181E+21,1.21374E+16,4.85466E+16
73715,9,1,62,0,2018,1,8,6,3,0,2,0,0,1,0,1,0,0,0,6.91281E+20,5.33189E+21,1.15699E+16,4.81116E+16
73716,9,7,74,121,2018,1,7,4,3,6,1,1,0,1,1,0,0,0,0,6.03566E+20,5.36515E+21,1.04001E+16,4.84309E+16
73717,9,7,77,152,2018,1,5,1,3,9,7,2,0,1,0,0,0,0,1,6.25338E+20,5.3E+21,1.06751E+16,4.78411E+16
73718,9,3,72,112,2018,1,13,7,2,5,3,0,1,1,0,0,0,0,0,7.77993E+20,5.46542E+21,1.28225E+16,4.92782E+16
73719,9,7,62,0,2018,1,6,4,3,5,3,1,0,1,0,0,0,0,0,6.21823E+20,5.30314E+21,1.0629E+16,4.78701E+16
73720,9,1,75,115,2018,1,14,3,3,3,6,0,0,1,0,0,0,0,1,7.17449E+20,5.3365E+21,1.19233E+16,4.81445E+16
73721,9,7,72,111,2018,1,22,4,3,2,6,2,0,1,0,0,0,0,0,6.26969E+20,5.36412E+21,1.0716E+16,4.84175E+16
73722,9,7,71,122,2018,1,19,4,3,3,7,2,0,1,0,0,0,0,0,6.5373E+20,5.36142E+21,1.10765E+16,4.83872E+16
73723,9,5,61,0,2018,1,13,2,3,2,6,0,0,1,0,0,0,0,1,6.14884E+20,5.46123E+21,1.058E+16,4.9293E+16
73724,9,1,62,0,2018,1,15,6,3,2,6,0,0,1,0,0,0,0,0,6.88554E+20,5.33469E+21,1.15345E+16,4.81375E+16
73725,9,7,72,130,2018,1,14,4,3,5,3,0,0,1,0,0,0,1,0,6.31987E+20,5.35762E+21,1.07818E+16,4.8358E+16
73726,9,1,63,0,2018,1,18,2,3,2,6,2,0,1,0,0,0,0,0,7.33591E+20,5.30319E+21,1.21219E+16,4.78396E+16
73727,9,1,62,0,2018,1,7,6,3,5,3,1,0,1,0,0,0,0,0,6.88657E+20,5.33567E+21,1.15363E+16,4.81462E+16
73728,9,2,73,164,2018,1,1,3,1,8,1,2,0,1,0,0,0,0,2,6.9639E+20,5.42746E+21,1.16835E+16,4.89688E+16
73729,9,7,72,131,2018,1,17,4,3,8,1,2,0,1,0,0,0,0,0,6.15632E+20,5.35636E+21,1.05607E+16,4.83498E+16
73730,9,7,72,170,2018,1,11,4,3,5,3,0,0,1,0,0,0,0,0,6.30645E+20,5.33417E+21,1.07564E+16,4.81473E+16
73731,9,1,89,143,2018,1,17,2,2,5,3,2,0,1,0,0,0,0,0,7.5781E+20,5.31755E+21,1.24536E+16,4.79593E+16
73732,9,7,72,147,2018,1,10,4,3,3,6,0,0,1,0,0,1,0,0,6.38256E+20,5.36634E+21,1.08692E+16,4.8435E+16
73733,9,5,64,0,2018,1,19,1,3,0,2,2,0,1,0,0,0,1,0,6.52379E+20,5.48117E+21,1.1103E+16,4.9464E+16
73734,9,7,71,145,2018,1,12,4,2,5,3,0,0,1,0,0,0,0,0,6.47265E+20,5.34534E+21,1.09836E+16,4.82442E+16
73735,9,7,75,115,2018,1,18,2,3,5,3,2,1,1,0,0,0,0,0,5.80974E+20,5.34587E+21,1.0091E+16,4.82608E+16
73736,9,7,71,130,2018,1,6,4,3,2,6,2,0,1,0,0,0,0,1,6.45821E+20,5.3578E+21,1.09685E+16,4.83566E+16
73737,9,7,61,0,2018,1,8,4,3,5,3,0,0,1,0,0,0,0,0,6.37002E+20,5.35991E+21,1.08502E+16,4.83775E+16
73738,9,3,74,162,2018,1,13,2,3,1,2,0,0,1,0,0,0,0,0,7.38469E+20,5.50425E+21,1.23034E+16,4.96437E+16
73739,9,6,77,151,2018,1,15,4,3,8,1,0,0,1,0,0,0,0,0,5.39075E+20,5.51618E+21,9.54295E+15,4.97968E+16
73740,9,1,86,132,2018,1,13,2,2,4,1,0,0,1,0,0,1,0,0,6.79638E+20,5.3667E+21,1.14284E+16,4.84278E+16
73741,9,1,83,130,2018,1,17,3,2,4,6,2,0,1,0,0,0,0,1,7.58951E+20,5.3573E+21,1.2493E+16,4.83158E+16
73742,9,6,74,133,2018,1,16,4,3,4,2,0,0,1,0,0,0,0,0,6.19735E+20,5.53736E+21,1.06699E+16,4.99766E+16
73743,9,1,82,134,2018,1,16,1,3,5,3,0,0,1,0,0,0,0,0,7.03872E+20,5.2965E+21,1.17221E+16,4.77895E+16
73744,9,6,74,210,2018,1,18,4,3,8,1,2,0,1,0,0,0,0,1,6.31006E+20,5.55294E+21,1.08324E+16,5.01142E+16
73745,9,6,73,147,2018,1,21,2,3,8,1,2,0,1,0,0,0,0,2,5.83858E+20,5.59254E+21,1.01819E+16,5.04789E+16
73746,9,2,71,132,2018,1,11,1,3,4,2,0,0,1,0,0,0,0,0,7.85483E+20,5.41794E+21,1.28917E+16,4.88487E+16
73747,9,6,72,135,2018,1,16,4,3,8,1,1,0,1,0,0,0,0,1,5.82656E+20,5.56916E+21,1.01598E+16,5.02688E+16
73748,9,7,61,0,2018,1,7,2,3,2,6,2,0,1,0,0,0,0,1,6.40088E+20,5.36403E+21,1.08932E+16,4.84139E+16
73749,9,6,61,0,2018,1,16,4,3,6,4,2,0,1,1,0,0,0,0,5.11261E+20,5.53563E+21,9.15704E+15,4.99729E+16
73750,9,5,64,0,2018,1,7,4,3,1,6,1,0,1,0,0,0,0,0,6.51972E+20,5.47344E+21,1.10944E+16,4.93947E+16
73751,9,2,63,0,2018,1,7,2,3,5,3,0,1,1,0,0,0,0,0,7.64242E+20,5.42086E+21,1.26047E+16,4.88843E+16
73752,9,5,72,126,2018,1,8,4,3,5,3,0,0,1,0,0,0,0,0,6.33922E+20,5.50684E+21,1.08572E+16,4.96992E+16
73753,9,1,79,145,2018,1,17,2,3,2,6,2,0,1,0,0,0,0,1,6.74095E+20,5.33523E+21,1.13406E+16,4.81465E+16
73754,9,5,76,143,2018,1,11,4,3,6,4,0,0,1,1,0,0,0,0,6.52128E+20,5.45717E+21,1.10904E+16,4.92484E+16
73755,9,1,87,131,2018,1,17,3,1,6,4,2,0,1,1,0,0,0,1,7.3391E+20,5.29063E+21,1.21194E+16,4.77267E+16
73756,9,5,64,0,2018,1,7,4,3,5,3,0,1,1,0,0,0,0,2,6.52144E+20,5.47751E+21,1.10983E+16,4.94312E+16
73757,9,1,62,0,2018,1,2,7,3,7,1,2,0,1,0,0,0,0,0,6.87481E+20,5.33298E+21,1.15194E+16,4.81224E+16
73758,9,5,64,0,2018,1,14,4,3,3,7,0,0,0,0,0,0,1,0,6.53594E+20,5.48032E+21,1.11194E+16,4.94561E+16
73759,9,6,76,135,2018,1,19,2,3,9,6,2,0,1,0,0,1,0,1,5.12881E+20,5.51E+21,9.17877E+15,4.97423E+16
73760,9,5,77,173,2018,1,15,4,3,2,6,0,0,1,0,0,0,0,1,6.41847E+20,5.42187E+21,1.09368E+16,4.89335E+16
73761,9,2,61,0,2018,1,18,2,3,0,1,2,1,0,0,0,0,0,0,7.32062E+20,5.38256E+21,1.21449E+16,4.85531E+16
73762,9,6,71,134,2018,1,13,7,2,5,3,0,1,1,0,0,0,0,0,5.00376E+20,5.54562E+21,9.00525E+15,5.00629E+16
73763,9,5,71,193,2018,1,17,4,3,2,6,2,0,1,0,0,0,0,0,5.86226E+20,5.47022E+21,1.01879E+16,4.93785E+16
73764,9,1,62,0,2018,1,21,1,3,5,3,2,0,1,0,0,0,0,1,6.84679E+20,5.34243E+21,1.14859E+16,4.82082E+16
73765,9,4,75,169,2018,1,16,4,3,6,4,0,0,0,1,0,0,1,0,6.87226E+20,5.57396E+21,1.16283E+16,5.0288E+16
73766,9,2,75,151,2018,1,4,2,3,5,3,2,0,1,0,0,0,0,1,8.24741E+20,5.39612E+21,1.34082E+16,4.86337E+16
73767,9,4,75,113,2018,1,21,4,2,5,3,2,0,1,0,0,0,0,1,6.98693E+20,5.58371E+21,1.17943E+16,5.03719E+16
73768,9,1,78,155,2018,1,7,2,2,0,7,1,0,0,0,0,0,1,1,7.15903E+20,5.37569E+21,1.19227E+16,4.84972E+16
73769,9,4,75,112,2018,1,16,4,3,5,3,1,0,1,0,0,0,0,0,6.87018E+20,5.58028E+21,1.16286E+16,5.03449E+16
73770,9,1,81,130,2018,1,7,3,3,2,6,0,0,1,0,0,0,0,0,6.3623E+20,5.32527E+21,1.08286E+16,4.80661E+16
73771,9,4,75,154,2018,1,7,4,2,5,3,2,1,1,0,0,0,0,0,6.99412E+20,5.56242E+21,1.17931E+16,5.01804E+16
73772,9,7,74,145,2018,1,9,7,2,8,1,0,0,1,0,0,0,0,0,6.01319E+20,5.3548E+21,1.03672E+16,4.83383E+16
73773,9,4,64,0,2018,1,17,4,3,3,6,1,0,1,0,0,0,0,1,7.07921E+20,5.57657E+21,1.19199E+16,5.03046E+16
73774,9,5,74,132,2018,1,17,2,3,5,3,2,0,1,0,0,0,0,0,6.76289E+20,5.48628E+21,1.1435E+16,4.95035E+16
73775,9,4,78,144,2018,1,17,4,2,5,7,1,0,1,0,0,1,0,0,6.57486E+20,5.55833E+21,1.12047E+16,5.01562E+16
73776,9,1,73,137,2018,1,6,2,3,2,6,2,0,1,0,0,0,0,0,6.79464E+20,5.30823E+21,1.14014E+16,4.79023E+16
73777,9,4,76,185,2018,1,18,4,2,2,6,2,0,1,0,0,0,0,1,6.68484E+20,5.56328E+21,1.13607E+16,5.01977E+16
73778,9,7,72,214,2018,1,9,1,3,8,1,0,0,1,0,0,0,0,0,6.18164E+20,5.34376E+21,1.05914E+16,4.82361E+16
73779,9,3,75,165,2018,1,9,7,3,5,3,0,0,1,0,0,0,0,0,7.25889E+20,5.43769E+21,1.20917E+16,4.90506E+16
73780,9,4,76,145,2018,1,7,4,3,2,6,0,0,1,0,0,0,0,1,6.68128E+20,5.56738E+21,1.13576E+16,5.02346E+16
73781,9,1,62,0,2018,1,19,2,3,2,6,1,0,1,0,0,0,0,0,6.82614E+20,5.34215E+21,1.1458E+16,4.82063E+16
73782,9,7,75,152,2018,1,14,6,3,8,6,0,0,1,0,0,0,0,1,5.80931E+20,5.35207E+21,1.00916E+16,4.83166E+16
73783,9,4,76,180,2018,1,8,6,3,4,1,0,0,1,0,0,0,1,2,6.70255E+20,5.58909E+21,1.13972E+16,5.04291E+16
73784,9,5,64,0,2018,1,13,4,3,2,6,0,0,1,0,0,1,0,1,6.47206E+20,5.48663E+21,1.10337E+16,4.95144E+16
73785,9,1,74,146,2018,1,14,5,2,8,1,0,0,0,0,0,1,0,1,6.68402E+20,5.34784E+21,1.12691E+16,4.82613E+16
73786,9,5,73,120,2018,1,18,4,3,9,1,2,0,1,0,0,0,0,2,6.28411E+20,5.48053E+21,1.07722E+16,4.94638E+16
73787,9,1,90,141,2018,1,15,6,3,5,3,0,0,1,0,0,0,0,0,6.79547E+20,5.29463E+21,1.13968E+16,4.778E+16
73788,9,5,77,173,2018,1,13,4,2,8,1,0,0,1,0,0,0,0,1,6.37737E+20,5.42711E+21,1.08825E+16,4.89815E+16
73789,9,7,75,129,2018,1,18,5,3,6,2,2,0,1,1,0,0,0,1,5.81915E+20,5.34164E+21,1.01029E+16,4.82227E+16
73790,9,5,71,132,2018,1,10,4,2,0,1,0,1,0,0,0,0,0,2,6.0378E+20,5.44488E+21,1.04231E+16,4.91479E+16
73791,9,6,73,149,2018,1,17,6,3,9,1,2,0,1,0,0,0,0,2,5.74967E+20,5.5853E+21,1.00552E+16,5.0415E+16
73792,9,3,76,163,2018,1,8,5,2,4,6,0,0,1,0,0,0,0,2,7.3191E+20,5.47238E+21,1.2194E+16,4.936E+16
73793,9,5,71,183,2018,1,8,4,2,8,1,0,0,1,0,0,0,0,2,6.02108E+20,5.47436E+21,1.04077E+16,4.94133E+16
73794,9,3,63,0,2018,1,12,6,3,1,6,0,0,1,0,0,0,0,1,7.27575E+20,5.51021E+21,1.21562E+16,4.97014E+16
73795,9,4,75,154,2018,1,11,4,3,3,1,0,0,0,0,0,1,0,2,6.96097E+20,5.5606E+21,1.17458E+16,5.01651E+16
73796,9,7,75,135,2018,1,18,4,3,2,2,2,0,1,0,0,0,0,2,5.81177E+20,5.35462E+21,1.00955E+16,4.83396E+16
73797,9,4,79,158,2018,1,10,4,3,8,1,0,0,1,0,0,0,0,1,7.22205E+20,5.54826E+21,1.21037E+16,5.00451E+16
73798,9,1,72,116,2018,1,10,6,3,2,6,0,0,1,0,0,1,0,2,8.04944E+20,5.28345E+21,1.30595E+16,4.76325E+16
73799,9,4,79,152,2018,1,14,4,3,4,1,0,0,1,0,0,0,0,2,7.16627E+20,5.55995E+21,1.20325E+16,5.01521E+16
73800,9,1,62,0,2018,1,19,6,3,8,1,2,0,1,0,0,0,0,1,6.84378E+20,5.34258E+21,1.14819E+16,4.82097E+16
73801,9,5,76,143,2018,1,14,5,3,0,3,0,0,1,0,1,0,0,1,6.51942E+20,5.45751E+21,1.10879E+16,4.92515E+16
73802,9,4,75,156,2018,1,8,4,3,4,1,0,0,1,0,0,0,0,2,6.90927E+20,5.58172E+21,1.16842E+16,5.03566E+16
73803,9,1,78,120,2018,1,23,7,2,8,1,2,0,1,0,0,0,0,1,6.9453E+20,5.35425E+21,1.16237E+16,4.83115E+16
73804,9,6,72,131,2018,1,17,5,3,8,1,2,0,1,0,0,0,0,1,5.91578E+20,5.55861E+21,1.02824E+16,5.01726E+16
73805,9,4,75,154,2018,1,15,4,3,9,1,0,0,1,0,0,0,0,2,6.9992E+20,5.56609E+21,1.18022E+16,5.02132E+16
73806,9,7,77,175,2018,1,7,4,3,4,1,1,0,1,0,0,0,0,2,6.13006E+20,5.29145E+21,1.05081E+16,4.77665E+16
73807,9,7,77,129,2018,1,11,4,3,0,6,0,0,1,0,0,1,0,2,6.28512E+20,5.27324E+21,1.07096E+16,4.75999E+16
73808,9,2,77,111,2018,1,6,5,2,5,3,2,0,1,0,1,0,0,1,7.81788E+20,5.38582E+21,1.28196E+16,4.85621E+16
73809,9,4,73,159,2018,1,10,4,3,4,6,0,0,1,0,0,0,0,2,6.44086E+20,5.57946E+21,1.10253E+16,5.03496E+16
73810,9,3,75,199,2018,1,16,6,2,4,1,1,0,1,0,0,0,0,2,7.17052E+20,5.42879E+21,1.19661E+16,4.89738E+16
73811,9,4,76,177,2018,1,19,4,3,9,1,2,0,1,0,0,0,0,1,6.7725E+20,5.57721E+21,1.149E+16,5.03203E+16
73812,9,7,78,137,2018,1,8,4,3,5,3,0,0,1,0,0,0,0,2,6.22789E+20,5.3274E+21,1.06489E+16,4.8088E+16
73813,9,4,73,158,2018,1,19,4,2,9,1,2,0,1,0,0,0,0,2,6.2234E+20,5.57908E+21,1.07197E+16,5.0351E+16
73814,9,1,63,0,2018,1,18,6,3,2,6,1,0,1,0,0,0,0,1,7.30357E+20,5.30341E+21,1.20789E+16,4.78427E+16
73815,9,4,77,158,2018,1,5,4,3,7,7,2,0,1,0,0,0,0,2,6.81884E+20,5.55039E+21,1.15422E+16,5.00779E+16
73816,9,1,84,141,2018,1,15,6,3,2,5,1,0,1,0,0,0,0,1,6.95014E+20,5.31542E+21,1.16125E+16,4.79624E+16
73817,9,5,71,134,2018,1,23,5,3,9,1,2,0,1,0,0,0,0,1,5.88576E+20,5.46065E+21,1.02182E+16,4.92922E+16
73818,9,4,71,159,2018,1,15,4,3,1,7,0,0,0,0,1,0,1,1,6.4038E+20,5.53593E+21,1.09572E+16,4.99592E+16
73819,9,5,74,147,2018,1,17,6,2,4,6,2,0,1,0,0,0,0,1,6.79791E+20,5.48657E+21,1.14834E+16,4.95051E+16
73820,9,3,77,137,2018,1,23,4,3,4,1,2,0,1,0,0,0,0,2,7.33926E+20,5.54035E+21,1.22623E+16,4.99696E+16
73821,9,1,87,117,2018,1,15,5,3,5,2,0,0,1,0,0,0,0,0,7.23435E+20,5.30504E+21,1.19873E+16,4.78598E+16
73822,9,3,74,119,2018,1,14,4,3,5,3,0,0,1,0,0,0,1,2,7.23567E+20,5.50134E+21,1.20956E+16,4.96232E+16
73823,9,2,73,116,2018,1,12,6,3,9,1,0,0,1,0,0,0,0,2,7.27254E+20,5.41793E+21,1.20993E+16,4.88726E+16
73824,9,3,74,128,2018,1,8,4,3,9,1,0,0,1,0,0,0,0,2,7.23049E+20,5.51929E+21,1.20987E+16,4.97846E+16
73825,9,6,72,114,2018,1,6,6,3,4,2,2,0,1,0,0,0,0,1,5.76874E+20,5.56013E+21,1.00769E+16,5.01884E+16
73826,9,3,74,129,2018,1,5,4,3,9,7,2,0,1,0,0,0,0,2,6.97244E+20,5.51426E+21,1.17381E+16,4.97485E+16