OBJECTID_1,ULAND,UREGBEZ,UKREIS,UGEMEINDE,UJAHR,UMONAT,USTUNDE,UWOCHENTAG,UKATEGORIE,UART,UTYP1,ULICHTVERH,IstRad,IstPKW,IstFuss,IstKrad,IstGkfz,IstSonstig,STRZUSTAND,LINREFX,LINREFY,XGCSWGS84,YGCSWGS84
73827,9,1,73,123,2018,1,17,5,3,7,7,2,0,1,0,0,0,0,0,6.7897E+20,5.29993E+21,1.13913E+16,4.78278E+16
73828,9,3,75,180,2018,1,11,4,3,2,6,0,0,1,0,0,0,1,2,7.2501E+20,5.42854E+21,1.20746E+16,4.89687E+16
73829,9,3,71,121,2018,1,14,6,3,5,3,0,0,1,0,0,1,0,1,7.08515E+20,5.49554E+21,1.18844E+16,4.95765E+16
73830,9,3,62,0,2018,1,13,4,3,2,6,0,0,1,0,0,0,0,1,7.24233E+20,5.43398E+21,1.2067E+16,4.90179E+16
73831,9,1,85,153,2018,1,8,6,2,4,6,0,0,1,0,0,0,0,1,6.50026E+20,5.40242E+21,1.10413E+16,4.87567E+16
73832,9,3,75,118,2018,1,10,4,2,8,1,0,0,1,0,0,0,0,2,7.0777E+20,5.44783E+21,1.18492E+16,4.91481E+16
73833,9,7,80,128,2018,1,7,6,3,9,1,0,0,1,0,0,0,0,2,6.12834E+20,5.27756E+21,1.05022E+16,4.76416E+16
73834,9,4,73,120,2018,1,14,5,3,9,1,0,0,1,0,0,0,0,1,6.42551E+20,5.57348E+21,1.10015E+16,5.02962E+16
73835,9,3,72,168,2018,1,17,4,3,4,1,2,0,1,0,0,0,0,2,7.67352E+20,5.46597E+21,1.26768E+16,4.92879E+16
73836,9,5,71,136,2018,1,11,6,2,8,1,0,0,0,0,0,0,1,0,5.89113E+20,5.43995E+21,1.0221E+16,4.91059E+16
73837,9,3,72,174,2018,1,11,4,3,8,1,0,0,1,0,0,0,0,2,7.74226E+20,5.46372E+21,1.27696E+16,4.92647E+16
73838,9,1,81,140,2018,1,7,5,3,2,6,0,0,1,0,0,1,0,0,6.44108E+20,5.32431E+21,1.0934E+16,4.80558E+16
73839,9,3,76,144,2018,1,19,4,3,8,1,2,0,1,0,0,0,0,2,7.31396E+20,5.48261E+21,1.21929E+16,4.94521E+16
73840,9,1,84,132,2018,1,6,6,3,9,1,2,0,1,0,0,0,0,1,6.83434E+20,5.32543E+21,1.14618E+16,4.80557E+16
73841,9,3,61,0,2018,1,9,4,3,2,6,0,0,1,0,0,0,0,0,7.07532E+20,5.48078E+21,1.18631E+16,4.94442E+16
73842,9,1,75,127,2018,1,13,6,3,6,7,0,0,0,1,0,0,1,0,7.13153E+20,5.34151E+21,1.18682E+16,4.8191E+16
73843,9,3,71,150,2018,1,18,4,2,6,4,2,0,1,1,0,0,0,1,7.17812E+20,5.49293E+21,1.20114E+16,4.95498E+16
73844,9,7,61,0,2018,1,5,6,3,0,7,2,1,1,0,0,0,0,1,6.41529E+20,5.35349E+21,1.09091E+16,4.83187E+16
73845,9,1,76,150,2018,1,17,6,3,4,6,2,0,1,0,0,0,0,1,6.90033E+20,5.41348E+21,1.15902E+16,4.88452E+16
73846,9,3,71,151,2018,1,10,4,2,4,6,0,0,1,0,0,1,0,2,6.93545E+20,5.48692E+21,1.16734E+16,4.9504E+16
73847,9,7,80,137,2018,1,7,6,3,8,1,1,0,1,0,0,0,0,2,6.01153E+20,5.27134E+21,1.03453E+16,4.75875E+16
73848,9,4,77,128,2018,1,19,5,3,5,3,2,0,1,0,0,0,0,1,6.74698E+20,5.5526E+21,1.14428E+16,5.01E+16
73849,9,3,71,151,2018,1,18,4,3,4,6,2,0,1,0,0,0,0,2,6.96213E+20,5.48739E+21,1.17104E+16,4.95073E+16
73850,9,7,77,155,2018,1,14,4,2,8,1,0,0,1,0,0,0,0,2,6.2959E+20,5.31215E+21,1.07356E+16,4.79496E+16
73851,9,4,72,118,2018,1,5,6,3,3,1,2,0,1,0,0,1,0,2,6.7544E+20,5.50145E+21,1.143E+16,4.96401E+16
73852,9,2,76,121,2018,1,7,4,3,2,6,0,0,1,0,0,0,0,2,8.1466E+20,5.43559E+21,1.3302E+16,4.8993E+16
73853,9,1,78,123,2018,1,19,5,3,8,1,2,0,1,0,0,0,0,1,6.87086E+20,5.36055E+21,1.15262E+16,4.83703E+16
73854,9,2,63,0,2018,1,13,4,3,4,6,0,0,1,0,0,0,1,1,7.61489E+20,5.42021E+21,1.25668E+16,4.88796E+16
73855,9,1,73,126,2018,1,15,6,3,2,2,0,0,1,0,0,0,0,2,6.81352E+20,5.30799E+21,1.14265E+16,4.78996E+16
73856,9,2,78,184,2018,1,8,4,2,4,1,0,0,1,0,0,0,0,2,7.77344E+20,5.43573E+21,1.27931E+16,4.9012E+16
73857,9,1,76,165,2018,1,22,7,3,4,6,2,0,1,0,0,0,0,2,6.66995E+20,5.42326E+21,1.12805E+16,4.89398E+16
73858,9,7,63,0,2018,1,13,5,3,6,4,0,0,1,1,0,0,0,1,6.00154E+20,5.28661E+21,1.03356E+16,4.77251E+16
73859,9,2,75,153,2018,1,13,4,2,8,1,0,0,0,0,0,0,1,2,8.47751E+20,5.38699E+21,1.37118E+16,4.85394E+16
73860,9,7,77,154,2018,1,12,4,3,2,6,0,0,1,0,0,0,0,2,6.08019E+20,5.30064E+21,1.04439E+16,4.785E+16
73861,9,7,77,130,2018,1,9,4,3,4,1,0,0,1,0,0,0,0,1,6.2433E+20,5.31093E+21,1.06648E+16,4.79396E+16
73862,9,2,75,141,2018,1,16,5,3,2,6,1,0,1,0,0,0,0,1,8.23553E+20,5.37385E+21,1.33748E+16,4.84346E+16
73863,9,2,75,121,2018,1,19,4,3,8,1,2,0,1,0,0,0,0,2,8.1664E+20,5.40609E+21,1.33061E+16,4.87273E+16
73864,9,3,77,157,2018,1,6,6,3,4,1,2,0,1,0,0,0,0,2,7.19951E+20,5.54114E+21,1.20682E+16,4.9982E+16
73865,9,2,75,121,2018,1,14,4,2,4,6,0,0,1,0,0,0,1,1,8.20457E+20,5.4019E+21,1.33547E+16,4.86878E+16
73866,9,7,78,144,2018,1,8,4,2,5,3,0,0,1,0,0,0,0,1,5.92319E+20,5.30371E+21,1.02347E+16,4.78801E+16
73867,9,2,75,151,2018,1,20,4,3,9,6,2,0,1,0,0,0,0,2,8.25024E+20,5.39728E+21,1.34129E+16,4.86439E+16
73868,9,7,80,128,2018,1,23,4,3,8,1,2,0,1,0,0,0,0,2,6.09402E+20,5.27632E+21,1.04563E+16,4.76311E+16
73869,9,3,77,142,2018,1,8,5,3,4,1,0,0,1,0,0,0,0,2,7.45257E+20,5.53828E+21,1.24187E+16,4.99465E+16
73870,9,2,62,0,2018,1,7,4,3,6,7,0,0,1,1,0,0,0,1,8.29788E+20,5.39001E+21,1.34716E+16,4.85763E+16
73871,9,4,72,199,2018,1,7,6,3,2,6,1,0,1,0,0,0,0,2,6.89084E+20,5.53363E+21,1.16344E+16,4.99251E+16
73872,9,2,72,120,2018,1,8,4,3,4,1,0,0,1,0,0,0,0,2,8.23032E+20,5.423E+21,1.34061E+16,4.88757E+16
73873,9,1,62,0,2018,1,16,4,3,2,6,0,0,1,0,0,0,0,1,6.94985E+20,5.333E+21,1.16201E+16,4.81203E+16
73874,9,2,77,111,2018,1,7,4,3,9,7,1,0,1,0,1,0,1,1,7.81194E+20,5.38614E+21,1.28118E+16,4.85652E+16
73875,9,1,89,130,2018,1,11,6,3,1,2,0,0,1,0,0,1,0,1,7.67664E+20,5.31242E+21,1.25822E+16,4.79092E+16
73876,9,2,77,116,2018,1,21,4,2,2,6,2,0,1,0,0,0,0,1,7.78942E+20,5.36691E+21,1.27685E+16,4.83936E+16
73877,9,1,75,122,2018,1,21,7,3,4,1,2,0,1,0,0,0,0,2,7.18682E+20,5.32428E+21,1.19337E+16,4.80343E+16
73878,9,6,62,0,2018,1,10,5,2,6,7,0,0,1,1,0,0,0,1,5.8858E+20,5.5442E+21,1.02371E+16,5.00435E+16
73879,9,2,73,165,2018,1,7,4,3,3,6,0,0,1,0,0,0,0,1,7.1645E+20,5.41137E+21,1.19487E+16,4.88176E+16
73880,9,7,80,137,2018,1,8,4,3,9,1,0,0,1,0,0,0,0,2,5.95551E+20,5.26815E+21,1.02702E+16,4.75597E+16
73881,9,2,74,172,2018,1,17,5,3,8,1,2,0,1,0,0,0,0,1,7.13805E+20,5.3902E+21,1.19018E+16,4.86283E+16
73882,9,2,73,165,2018,1,20,4,2,4,6,2,0,1,0,0,0,0,2,7.19164E+20,5.40594E+21,1.19827E+16,4.87678E+16
73883,9,3,75,208,2018,1,15,6,3,2,6,0,0,1,0,0,0,0,0,7.32121E+20,5.44014E+21,1.21782E+16,4.90703E+16
73884,9,3,75,180,2018,1,11,4,3,2,6,0,0,1,0,0,1,0,2,7.26211E+20,5.42376E+21,1.20883E+16,4.89254E+16
73885,9,1,87,150,2018,1,5,6,3,4,6,2,0,1,0,0,0,0,1,7.30317E+20,5.30341E+21,1.20783E+16,4.78427E+16
73886,9,2,73,111,2018,1,12,4,3,0,2,0,0,1,0,0,0,0,1,7.08562E+20,5.40985E+21,1.18406E+16,4.88066E+16
73887,9,1,62,0,2018,1,14,6,3,3,7,0,0,1,0,0,0,1,0,6.94721E+20,5.33415E+21,1.16171E+16,4.81308E+16
73888,9,1,87,182,2018,1,7,6,3,5,3,1,0,1,0,0,0,0,1,7.4044E+20,5.32756E+21,1.22269E+16,4.80559E+16
73889,9,1,73,137,2018,1,19,4,3,9,1,2,0,1,0,0,0,0,2,6.76813E+20,5.30784E+21,1.13658E+16,4.78995E+16
73890,9,1,84,123,2018,1,6,6,3,2,6,2,0,1,0,0,0,0,1,7.04123E+20,5.33322E+21,1.17428E+16,4.81195E+16
73891,9,5,65,0,2018,1,6,5,2,6,2,2,0,1,1,0,0,0,1,6.46843E+20,5.4669E+21,1.10214E+16,4.93371E+16
73892,9,1,90,159,2018,1,6,4,3,5,3,2,0,1,0,0,0,0,1,6.6197E+20,5.30395E+21,1.11659E+16,4.78684E+16
73893,9,5,74,156,2018,1,13,6,3,2,6,0,0,1,0,0,0,0,1,6.59326E+20,5.48146E+21,1.11989E+16,4.94649E+16
73894,9,1,90,117,2018,1,15,4,3,9,1,0,0,1,0,0,0,0,2,6.51937E+20,5.29254E+21,1.10278E+16,4.77683E+16
73895,9,1,89,155,2018,1,18,5,3,2,6,2,0,1,0,0,0,0,1,7.71107E+20,5.31077E+21,1.26271E+16,4.78929E+16
73896,9,1,90,154,2018,1,7,4,3,4,1,2,0,1,0,0,0,0,2,6.37341E+20,5.28468E+21,1.08306E+16,4.77009E+16
73897,9,2,77,138,2018,1,17,6,3,4,6,2,0,1,0,0,0,1,0,7.93538E+20,5.37226E+21,1.29689E+16,4.8435E+16
73898,9,1,73,126,2018,1,9,4,2,2,6,0,0,1,0,0,0,0,2,6.84615E+20,5.30395E+21,1.14684E+16,4.78623E+16
73899,9,1,61,0,2018,1,17,6,3,5,3,1,1,1,0,0,0,0,0,6.79255E+20,5.40439E+21,1.14395E+16,4.87667E+16
73900,9,1,73,118,2018,1,15,4,3,4,1,0,0,1,0,0,0,0,2,6.8936E+20,5.3011E+21,1.15305E+16,4.78354E+16
73901,9,7,61,0,2018,1,16,4,3,2,6,0,0,1,0,0,1,0,0,6.41444E+20,5.35851E+21,1.09097E+16,4.83639E+16
73902,9,7,80,119,2018,1,18,6,3,5,3,2,0,1,0,0,0,0,1,5.96873E+20,5.29503E+21,1.02937E+16,4.78013E+16
73903,9,7,78,204,2018,1,13,4,3,2,1,0,0,1,0,0,0,0,2,6.16721E+20,5.32869E+21,1.05678E+16,4.81008E+16
73904,9,4,78,139,2018,1,8,5,3,9,1,0,0,1,0,0,0,0,2,6.44527E+20,5.56073E+21,1.10243E+16,5.01811E+16
73905,9,1,73,112,2018,1,19,4,3,5,2,2,0,1,0,0,0,0,1,6.92203E+20,5.29171E+21,1.15643E+16,4.77501E+16
73906,9,5,71,136,2018,1,8,6,3,0,7,0,0,1,1,0,0,0,0,5.9639E+20,5.43544E+21,1.03196E+16,4.90643E+16
73907,9,1,83,123,2018,1,15,4,3,8,1,0,0,1,0,0,0,0,0,7.34828E+20,5.34079E+21,1.2159E+16,4.81769E+16
73908,9,1,74,131,2018,1,18,5,3,9,1,2,0,1,0,0,0,0,1,6.73733E+20,5.3584E+21,1.13452E+16,4.83548E+16
73909,9,1,89,119,2018,1,11,4,3,4,1,0,0,1,0,0,0,1,2,7.68711E+20,5.30654E+21,1.25925E+16,4.7856E+16
73910,9,5,71,174,2018,1,16,5,2,9,6,0,0,1,0,0,0,0,1,6.08603E+20,5.46187E+21,1.04938E+16,4.92999E+16
73911,9,1,89,145,2018,1,11,4,3,8,1,0,0,0,0,0,0,1,2,7.76808E+20,5.30383E+21,1.26988E+16,4.78282E+16
73912,9,5,64,0,2018,1,5,6,2,1,7,2,0,1,0,0,0,1,2,6.47608E+20,5.47827E+21,1.10361E+16,4.94392E+16
73913,9,1,89,154,2018,1,16,4,3,1,6,2,0,1,0,0,0,0,2,7.69191E+20,5.31923E+21,1.26068E+16,4.79697E+16
73914,9,1,61,0,2018,1,17,5,3,6,2,2,0,1,1,0,0,0,1,6.78821E+20,5.40473E+21,1.14337E+16,4.87699E+16
73915,9,1,83,128,2018,1,7,4,3,8,1,0,0,1,0,0,0,1,2,7.58499E+20,5.34946E+21,1.24821E+16,4.82456E+16
73916,9,2,74,126,2018,1,15,6,3,9,1,0,0,1,0,0,0,0,0,7.30976E+20,5.38728E+21,1.21328E+16,4.85959E+16
73917,9,1,71,124,2018,1,16,4,2,8,1,0,0,1,0,0,0,0,1,7.79948E+20,5.34397E+21,1.27668E+16,4.81872E+16
73918,9,1,81,113,2018,1,18,6,3,8,1,2,0,1,0,0,0,0,2,6.40669E+20,5.30837E+21,1.08826E+16,4.79132E+16
73919,9,1,72,128,2018,1,16,4,3,4,1,0,0,1,0,0,0,0,2,7.92125E+20,5.29739E+21,1.28986E+16,4.77636E+16
73920,9,6,79,144,2018,1,9,4,3,3,6,0,0,1,0,0,0,0,1,5.50427E+20,5.51337E+21,9.70031E+15,4.97707E+16
73921,9,7,73,125,2018,1,12,6,3,5,3,0,1,1,0,0,0,1,0,6.10163E+20,5.38195E+21,1.04937E+16,4.8581E+16
73922,9,4,71,142,2018,1,22,5,3,9,1,2,0,1,0,0,0,0,2,6.55335E+20,5.52823E+21,1.11624E+16,4.98863E+16
73923,9,1,84,114,2018,1,13,4,3,2,6,0,0,1,0,0,0,0,1,7.01418E+20,5.314E+21,1.16975E+16,4.79476E+16
73924,9,7,72,148,2018,1,14,4,3,0,6,0,0,1,0,0,0,0,1,6.26787E+20,5.35064E+21,1.07095E+16,4.82962E+16
73925,9,4,72,177,2018,1,15,6,3,2,6,0,0,1,0,0,0,0,1,6.78126E+20,5.50506E+21,1.14688E+16,4.96717E+16
73926,9,1,87,128,2018,1,9,4,3,4,6,0,0,1,0,0,0,0,2,7.47922E+20,5.30963E+21,1.23168E+16,4.78921E+16
73927,9,1,77,117,2018,1,13,5,3,4,7,0,0,1,0,0,0,0,0,7.16955E+20,5.34979E+21,1.19235E+16,4.82641E+16
73928,9,1,87,128,2018,1,9,4,2,4,6,0,0,1,0,0,1,0,2,7.47024E+20,5.31162E+21,1.2306E+16,4.79102E+16
73929,9,1,73,124,2018,1,15,6,3,1,6,0,0,1,0,0,0,0,1,6.93126E+20,5.29248E+21,1.1577E+16,4.77568E+16
73930,9,1,82,114,2018,1,5,4,3,8,1,2,0,1,0,0,0,0,2,7.19582E+20,5.29425E+21,1.19304E+16,4.77642E+16
73931,9,6,79,175,2018,1,14,4,3,2,6,0,0,1,0,0,1,0,1,5.71342E+20,5.51006E+21,9.99011E+15,4.97388E+16
73932,9,1,79,136,2018,1,19,7,3,5,3,2,0,1,0,0,0,0,2,6.60908E+20,5.34164E+21,1.11658E+16,4.82075E+16
73933,9,6,73,114,2018,1,7,5,3,5,3,1,0,1,0,0,0,0,2,5.86903E+20,5.57436E+21,1.02206E+16,5.03149E+16
73934,9,1,87,137,2018,1,3,4,3,9,1,2,0,1,0,0,0,0,1,7.31669E+20,5.30745E+21,1.20985E+16,4.78785E+16
73935,9,1,90,138,2018,1,16,6,1,4,1,0,0,1,0,0,0,1,2,6.64838E+20,5.30856E+21,1.12059E+16,4.79092E+16
73936,9,1,85,158,2018,1,7,4,3,5,2,2,1,1,0,0,0,0,0,6.66495E+20,5.38133E+21,1.12567E+16,4.8563E+16
73937,9,1,77,126,2018,1,7,6,3,4,2,2,0,1,0,0,0,0,1,7.1908E+20,5.37049E+21,1.19629E+16,4.84494E+16
73938,9,1,79,142,2018,1,21,4,2,4,6,2,0,1,0,0,1,0,2,6.70405E+20,5.34054E+21,1.12931E+16,4.81952E+16
73939,9,6,63,0,2018,1,18,4,3,6,4,1,0,1,1,0,0,0,1,5.67172E+20,5.51686E+21,9.93343E+15,4.98005E+16
73940,9,6,77,155,2018,1,16,6,3,4,6,0,0,1,0,0,1,0,1,5.37116E+20,5.55117E+21,9.5191E+15,5.01116E+16
73941,9,3,72,125,2018,1,8,5,3,8,1,0,0,0,0,0,0,1,2,7.55769E+20,5.44318E+21,1.25034E+16,4.90883E+16
73942,9,1,81,145,2018,1,22,4,3,9,1,2,0,1,0,0,0,0,2,6.42513E+20,5.33057E+21,1.09147E+16,4.81124E+16
73943,9,4,71,150,2018,1,15,6,3,4,2,0,0,1,0,0,1,0,1,6.35254E+20,5.53598E+21,1.08858E+16,4.99609E+16
73944,9,1,81,121,2018,1,16,4,3,4,1,2,0,1,0,0,0,0,2,6.37267E+20,5.30961E+21,1.08375E+16,4.79251E+16
73945,9,7,75,164,2018,1,12,4,3,6,4,0,0,1,1,0,0,0,2,5.86773E+20,5.35075E+21,1.01701E+16,4.8304E+16
73946,9,1,81,130,2018,1,8,4,3,5,2,0,0,1,0,0,0,0,2,6.42254E+20,5.32457E+21,1.09092E+16,4.80585E+16
73947,9,1,71,112,2018,1,12,6,3,2,6,0,0,1,0,0,0,0,0,7.85035E+20,5.34118E+21,1.28333E+16,4.81599E+16
73948,9,1,81,130,2018,1,9,4,3,4,1,0,0,1,0,0,0,0,2,6.40711E+20,5.32595E+21,1.0889E+16,4.80713E+16
73949,9,6,63,0,2018,1,11,4,3,2,6,0,0,1,0,0,0,0,1,5.67865E+20,5.51394E+21,9.94254E+15,4.97741E+16
73950,9,1,77,124,2018,1,15,7,2,5,3,0,0,1,0,0,0,0,1,7.29156E+20,5.36667E+21,1.20969E+16,4.84115E+16
73951,9,6,61,0,2018,1,9,5,3,0,7,0,0,0,1,0,0,1,1,5.12654E+20,5.53447E+21,9.17643E+15,4.99624E+16
73952,9,1,79,121,2018,1,13,4,3,4,1,0,0,1,0,0,0,0,2,6.68584E+20,5.33781E+21,1.12676E+16,4.81711E+16
73953,9,6,79,138,2018,1,3,4,3,5,3,2,0,1,0,0,1,0,1,5.68268E+20,5.50222E+21,9.94609E+15,4.96686E+16
73954,9,1,90,132,2018,1,16,5,2,2,3,0,0,1,0,0,0,0,0,6.75432E+20,5.29373E+21,1.13416E+16,4.7773E+16
73955,9,1,81,123,2018,1,12,4,2,2,6,0,0,1,0,0,0,0,1,6.56042E+20,5.32608E+21,1.10947E+16,4.80689E+16
73956,9,2,77,121,2018,1,20,5,2,5,6,1,0,1,0,1,0,0,1,7.63265E+20,5.37154E+21,1.256E+16,4.84419E+16
73957,9,1,74,131,2018,1,21,4,3,4,1,2,0,1,0,0,0,0,2,6.76989E+20,5.35604E+21,1.13881E+16,4.83327E+16
73958,9,3,75,199,2018,1,17,6,3,4,1,2,0,1,0,0,0,0,2,7.14129E+20,5.428E+21,1.19258E+16,4.89678E+16
73959,9,1,74,115,2018,1,18,4,3,5,3,2,0,1,0,0,0,0,2,6.79408E+20,5.3495E+21,1.1418E+16,4.82733E+16
73960,9,7,75,118,2018,1,14,4,3,5,3,0,0,1,0,0,1,0,1,5.86791E+20,5.34577E+21,1.01694E+16,4.82592E+16
73961,9,1,84,121,2018,1,23,4,3,9,1,2,0,1,0,0,0,0,2,7.04589E+20,5.33042E+21,1.17478E+16,4.80942E+16
73962,9,1,63,0,2018,1,7,6,3,5,2,2,1,1,0,0,0,0,1,7.32589E+20,5.30618E+21,1.21102E+16,4.78668E+16
73963,9,1,62,0,2018,1,22,4,3,0,6,2,0,1,0,0,0,0,2,6.85973E+20,5.34329E+21,1.15036E+16,4.82155E+16
73964,9,6,75,165,2018,1,7,4,3,3,6,1,0,1,0,0,0,1,0,5.87927E+20,5.51938E+21,1.02223E+16,4.98205E+16
73965,9,1,62,0,2018,1,17,6,3,2,6,2,0,1,0,0,0,0,1,6.88868E+20,5.33903E+21,1.15407E+16,4.81764E+16
73966,9,5,73,125,2018,1,18,5,3,9,1,2,0,1,0,0,0,0,1,6.35403E+20,5.47222E+21,1.08658E+16,4.93876E+16
73967,9,1,78,124,2018,1,23,4,3,0,6,2,0,1,0,0,0,0,2,7.01665E+20,5.35851E+21,1.17219E+16,4.83475E+16
73968,9,5,76,143,2018,1,7,6,2,0,7,1,1,0,0,0,0,0,1,6.49261E+20,5.45196E+21,1.10491E+16,4.92023E+16
73969,9,1,77,133,2018,1,7,4,3,4,2,1,0,1,0,0,0,0,2,7.10394E+20,5.36198E+21,1.18413E+16,4.83759E+16
73970,9,1,82,120,2018,1,17,5,3,4,2,2,0,1,0,0,0,0,1,7.03659E+20,5.30787E+21,1.17246E+16,4.78918E+16
73971,9,7,75,152,2018,1,7,3,3,2,6,2,0,1,0,0,1,0,1,5.80956E+20,5.35205E+21,1.0092E+16,4.83164E+16
73972,9,2,74,135,2018,1,7,6,3,4,6,0,0,1,0,0,0,1,1,7.53708E+20,5.379E+21,1.24355E+16,4.85128E+16
73973,9,7,78,173,2018,1,17,3,2,6,4,2,0,1,1,0,0,0,1,6.11337E+20,5.32197E+21,1.04937E+16,4.80413E+16
73974,9,1,76,114,2018,1,19,6,3,9,1,2,0,1,0,0,0,0,2,6.86215E+20,5.42667E+21,1.15442E+16,4.89649E+16
73975,9,7,74,150,2018,1,16,3,3,4,2,0,1,1,0,0,0,0,0,6.00766E+20,5.34359E+21,1.03571E+16,4.82375E+16
73976,9,3,76,149,2018,1,14,6,3,3,6,0,0,1,0,0,0,1,1,7.39559E+20,5.45299E+21,1.22876E+16,4.91829E+16
73977,9,7,74,135,2018,1,14,3,3,2,6,0,0,1,0,0,1,0,1,5.95325E+20,5.36591E+21,1.02889E+16,4.84391E+16
73978,9,1,86,126,2018,1,13,6,3,2,6,0,0,1,0,0,0,0,0,6.85257E+20,5.37649E+21,1.15086E+16,4.85141E+16
73979,9,7,77,173,2018,1,11,3,2,5,3,0,0,1,0,0,0,1,1,6.3637E+20,5.27615E+21,1.0815E+16,4.76244E+16
73980,9,6,75,141,2018,1,8,4,3,2,6,1,0,1,0,0,0,0,1,5.84593E+20,5.50941E+21,1.01738E+16,4.97312E+16
73981,9,7,75,129,2018,1,12,6,3,2,6,0,0,1,0,0,0,0,0,5.81872E+20,5.34255E+21,1.01025E+16,4.82309E+16
73982,9,4,75,161,2018,1,7,5,3,4,2,1,0,1,0,0,0,0,2,7.15179E+20,5.57761E+21,1.20223E+16,5.03113E+16
73983,9,7,79,185,2018,1,19,3,3,0,7,2,0,1,0,0,0,0,0,6.1876E+20,5.40664E+21,1.06173E+16,4.88014E+16
73984,9,5,64,0,2018,1,9,6,3,2,6,0,0,1,0,0,0,0,1,6.48651E+20,5.48099E+21,1.10515E+16,4.94633E+16
73985,9,7,72,111,2018,1,19,3,3,2,6,2,0,1,0,0,0,0,1,6.27571E+20,5.36406E+21,1.07241E+16,4.84168E+16
73986,9,1,61,0,2018,1,7,5,3,5,3,1,1,1,0,0,0,0,1,6.77623E+20,5.40489E+21,1.14175E+16,4.87716E+16
73987,9,7,72,147,2018,1,18,3,3,2,6,2,0,1,0,0,0,0,1,6.38154E+20,5.36598E+21,1.08677E+16,4.84318E+16
73988,9,2,73,141,2018,1,11,6,3,4,1,0,0,1,0,0,0,0,1,7.26853E+20,5.41696E+21,1.20933E+16,4.8864E+16
73989,9,7,71,113,2018,1,19,3,3,6,2,2,0,1,1,0,0,0,0,6.5768E+20,5.36951E+21,1.11328E+16,4.84589E+16
73990,9,1,86,152,2018,1,18,6,3,5,3,2,0,1,0,0,0,0,1,6.91383E+20,5.37563E+21,1.15911E+16,4.85046E+16
73991,9,6,79,154,2018,1,7,3,2,2,6,2,0,1,0,0,1,0,1,5.61601E+20,5.51089E+21,9.85508E+15,4.97474E+16
73992,9,6,75,127,2018,1,17,4,2,2,6,2,1,1,0,0,0,0,1,6.07347E+20,5.51426E+21,1.04908E+16,4.97712E+16
73993,9,7,61,0,2018,1,6,6,3,5,2,1,1,1,0,0,0,0,1,6.40752E+20,5.35557E+21,1.08993E+16,4.83376E+16
73994,9,4,61,0,2018,1,17,5,3,0,1,1,1,0,0,0,0,0,1,6.36644E+20,5.53023E+21,1.09031E+16,4.99088E+16
73995,9,6,63,0,2018,1,9,3,3,1,6,0,0,1,0,0,1,0,1,5.67177E+20,5.51686E+21,9.93349E+15,4.98005E+16
73996,9,4,72,199,2018,1,7,6,3,4,6,2,0,1,0,0,0,0,2,6.97606E+20,5.53603E+21,1.17543E+16,4.99439E+16
73997,9,6,77,125,2018,1,8,3,3,9,1,0,0,1,0,0,0,0,1,5.46191E+20,5.51742E+21,9.64196E+15,4.98075E+16
73998,9,6,75,162,2018,1,16,4,2,4,2,1,0,1,0,0,0,0,1,5.96908E+20,5.51417E+21,1.03459E+16,4.97722E+16
73999,9,7,80,144,2018,1,11,6,3,5,3,0,0,1,0,0,0,0,1,5.84456E+20,5.27702E+21,1.01244E+16,4.76411E+16
74000,9,4,78,139,2018,1,13,5,3,2,7,0,0,1,0,0,0,0,0,6.52666E+20,5.55724E+21,1.11369E+16,5.01477E+16
74001,9,6,77,172,2018,1,20,3,3,8,1,2,0,1,0,0,0,0,2,5.34053E+20,5.53675E+21,9.47498E+15,4.99821E+16
74002,9,4,78,111,2018,1,9,6,3,8,1,0,0,1,0,0,0,0,2,6.56797E+20,5.55479E+21,1.11936E+16,5.01246E+16
74003,9,6,74,163,2018,1,12,3,3,4,6,0,0,1,0,0,0,1,1,6.10899E+20,5.53903E+21,1.05472E+16,4.99933E+16
74004,9,1,75,135,2018,1,17,5,2,6,4,2,0,1,1,0,0,0,1,7.09574E+20,5.33904E+21,1.18189E+16,4.817E+16
74005,9,6,73,184,2018,1,9,3,3,5,3,0,0,1,0,0,0,0,1,5.95419E+20,5.57585E+21,1.03406E+16,5.0327E+16
74006,9,1,80,132,2018,1,7,6,3,5,3,1,0,1,0,0,0,0,2,6.64472E+20,5.28373E+21,1.11916E+16,4.7686E+16
74007,9,6,72,135,2018,1,7,3,3,2,6,1,0,1,0,0,0,0,1,5.82964E+20,5.56422E+21,1.01631E+16,5.02244E+16
74008,9,6,72,139,2018,1,18,4,3,8,1,2,0,1,0,0,0,0,1,5.6862E+20,5.55848E+21,9.96098E+15,5.01746E+16
74009,9,7,80,114,2018,1,10,5,3,5,3,0,0,1,0,0,0,0,1,6.03346E+20,5.28785E+21,1.03784E+16,4.77357E+16
74010,9,6,72,114,2018,1,8,3,3,6,2,0,0,1,1,0,0,0,1,5.77246E+20,5.56052E+21,1.00822E+16,5.01918E+16
74011,9,6,62,0,2018,1,15,4,3,2,6,0,0,1,0,0,0,0,1,5.87941E+20,5.54471E+21,1.02283E+16,5.00482E+16
74012,9,7,80,119,2018,1,13,4,3,8,1,0,0,1,0,0,0,0,2,5.95808E+20,5.30082E+21,1.02808E+16,4.78536E+16
74013,9,2,76,138,2018,1,1,5,3,8,1,2,0,1,0,0,0,0,2,8.07579E+20,5.4353E+21,1.32052E+16,4.89939E+16