OBJECTID_1,ULAND,UREGBEZ,UKREIS,UGEMEINDE,UJAHR,UMONAT,USTUNDE,UWOCHENTAG,UKATEGORIE,UART,UTYP1,ULICHTVERH,IstRad,IstPKW,IstFuss,IstKrad,IstGkfz,IstSonstig,STRZUSTAND,LINREFX,LINREFY,XGCSWGS84,YGCSWGS84
74014,9,6,62,0,2018,1,5,3,3,0,7,2,0,0,0,1,1,0,1,5.88226E+20,5.54617E+21,1.02326E+16,5.00613E+16
74015,9,3,63,0,2018,1,11,6,3,2,2,0,0,1,0,0,0,0,1,7.27649E+20,5.50663E+21,1.21551E+16,4.96691E+16
74016,9,6,72,113,2018,1,17,3,3,7,7,2,0,1,0,0,1,0,2,5.5488E+20,5.57614E+21,9.77113E+15,5.03348E+16
74017,9,7,78,134,2018,1,9,4,3,9,1,0,0,1,0,0,0,0,2,6.14247E+20,5.33691E+21,1.05368E+16,4.81752E+16
74018,9,6,76,144,2018,1,7,3,2,5,3,2,1,1,0,0,0,0,1,5.08958E+20,5.52901E+21,9.12477E+15,4.99134E+16
74019,9,1,87,134,2018,1,22,6,2,4,2,2,0,1,0,0,0,0,1,7.3679E+20,5.31982E+21,1.21737E+16,4.79878E+16
74020,9,6,76,132,2018,1,14,3,3,2,6,0,0,1,0,0,0,0,0,5.14295E+20,5.50819E+21,9.19834E+15,4.9726E+16
74021,9,6,73,114,2018,1,7,4,3,5,3,2,0,1,0,0,1,0,2,5.8332E+20,5.57778E+21,1.0171E+16,5.03462E+16
74022,9,1,62,0,2018,1,14,4,3,8,7,0,0,1,0,0,0,0,2,6.84493E+20,5.33302E+21,1.14793E+16,4.81237E+16
74023,9,6,71,156,2018,1,18,3,3,0,7,2,0,0,0,1,0,0,1,5.21155E+20,5.53595E+21,9.29503E+15,4.99755E+16
74024,9,1,89,114,2018,1,17,6,3,4,6,1,0,1,0,0,0,0,1,7.64182E+20,5.30919E+21,1.25337E+16,4.78817E+16
74025,9,6,71,134,2018,1,7,3,3,5,3,2,1,1,0,0,0,0,1,5.00375E+20,5.54563E+21,9.00523E+15,5.0063E+16
74026,9,6,73,114,2018,1,21,4,3,7,1,2,0,1,0,0,0,0,1,5.84846E+20,5.5741E+21,1.01917E+16,5.03129E+16
74027,9,1,78,123,2018,1,10,7,3,1,6,0,0,1,0,0,0,0,0,6.92198E+20,5.36008E+21,1.1595E+16,4.83646E+16
74028,9,6,78,193,2018,1,6,5,3,5,2,2,0,1,0,0,0,0,1,5.80573E+20,5.54062E+21,1.01246E+16,5.00124E+16
74029,9,6,71,152,2018,1,18,3,3,6,7,2,0,1,1,0,0,0,1,5.17638E+20,5.54798E+21,9.24655E+15,5.00839E+16
74030,9,6,73,114,2018,1,7,4,3,9,1,1,0,1,0,0,0,0,2,5.89092E+20,5.57524E+21,1.02515E+16,5.03225E+16
74031,9,2,77,121,2018,1,1,5,3,9,7,2,0,1,0,0,0,0,1,7.63448E+20,5.37593E+21,1.25653E+16,4.84812E+16
74032,9,5,62,0,2018,1,17,3,3,4,6,2,1,0,0,0,0,0,1,6.45461E+20,5.49347E+21,1.10121E+16,4.95764E+16
74033,9,3,75,165,2018,1,19,6,3,2,6,2,0,1,0,0,0,0,0,7.26368E+20,5.43704E+21,1.20979E+16,4.90446E+16
74034,9,5,74,152,2018,1,14,3,3,1,5,0,0,1,0,0,0,0,0,6.62704E+20,5.48395E+21,1.12465E+16,4.94864E+16
74035,9,7,78,169,2018,1,18,4,3,9,1,2,0,1,0,0,0,0,2,6.16295E+20,5.33676E+21,1.05643E+16,4.81734E+16
74036,9,1,87,150,2018,1,7,6,3,6,2,2,0,1,1,0,0,0,1,7.28587E+20,5.30346E+21,1.20553E+16,4.78438E+16
74037,9,5,64,0,2018,1,14,3,3,2,6,0,0,1,0,0,0,0,1,6.54853E+20,5.48099E+21,1.1137E+16,4.94618E+16
74038,9,6,72,112,2018,1,22,4,3,9,1,2,0,1,0,0,0,0,2,5.76701E+20,5.56715E+21,1.00759E+16,5.02515E+16
74039,9,1,62,0,2018,1,12,6,2,6,4,0,0,1,1,0,0,0,0,6.87777E+20,5.32756E+21,1.15209E+16,4.80736E+16
74040,9,5,71,115,2018,1,7,5,2,6,4,1,0,1,1,0,0,0,2,6.1341E+20,5.44647E+21,1.05556E+16,4.91605E+16
74041,9,5,64,0,2018,1,14,3,3,2,6,0,0,1,0,0,0,0,1,6.52003E+20,5.4815E+21,1.10979E+16,4.94672E+16
74042,9,6,62,0,2018,1,22,4,3,0,1,2,0,0,0,1,0,0,2,5.87539E+20,5.54571E+21,1.02229E+16,5.00572E+16
74043,9,5,64,0,2018,1,11,6,3,2,6,0,0,0,0,0,1,1,0,6.45085E+20,5.47812E+21,1.10013E+16,4.94384E+16
74044,9,5,64,0,2018,1,18,3,3,4,3,2,0,1,0,0,0,0,0,6.48203E+20,5.471E+21,1.10416E+16,4.93736E+16
74045,9,1,84,147,2018,1,18,6,3,5,2,2,0,1,0,0,0,0,0,6.95783E+20,5.34032E+21,1.16342E+16,4.81859E+16
74046,9,5,62,0,2018,1,7,5,3,4,2,1,1,1,0,0,0,0,1,6.44536E+20,5.49753E+21,1.10008E+16,4.96131E+16
74047,9,5,61,0,2018,1,15,3,3,2,6,0,0,1,0,0,0,1,0,6.12753E+20,5.45743E+21,1.05496E+16,4.92592E+16
74048,9,6,78,192,2018,1,17,4,3,8,1,2,0,1,0,0,0,0,2,5.76016E+20,5.54563E+21,1.0062E+16,5.00581E+16
74049,9,5,76,127,2018,1,5,6,3,3,6,2,0,1,0,0,1,0,1,6.64992E+20,5.44827E+21,1.12633E+16,4.9165E+16
74050,9,5,77,173,2018,1,11,3,2,6,4,0,0,1,1,0,0,0,1,6.39623E+20,5.42419E+21,1.09072E+16,4.89548E+16
74051,9,1,73,111,2018,1,5,5,3,5,2,2,0,1,0,0,0,0,1,6.82349E+20,5.28922E+21,1.14319E+16,4.77305E+16
74052,9,5,75,167,2018,1,14,3,3,2,6,0,0,1,0,0,0,0,1,6.24475E+20,5.5036E+21,1.07252E+16,4.96721E+16
74053,9,2,75,111,2018,1,15,6,2,2,2,0,0,1,0,0,0,0,1,8.15831E+20,5.40087E+21,1.32912E+16,4.86809E+16
74054,9,5,75,152,2018,1,16,3,3,5,3,1,0,1,0,0,0,0,1,6.19088E+20,5.47953E+21,1.06433E+16,4.94567E+16
74055,9,1,61,0,2018,1,7,6,3,5,3,0,1,1,0,0,0,0,0,6.78585E+20,5.40294E+21,1.14298E+16,4.87539E+16
74056,9,5,71,145,2018,1,23,3,3,2,6,2,0,1,0,0,0,0,0,5.966E+20,5.44519E+21,1.03248E+16,4.9152E+16
74057,9,6,78,181,2018,1,14,4,3,8,1,0,0,1,0,0,0,0,1,5.99753E+20,5.56065E+21,1.03974E+16,5.01897E+16
74058,9,7,76,128,2018,1,20,6,2,5,3,2,0,1,0,0,0,0,0,5.47041E+20,5.26923E+21,9.6255E+15,4.75747E+16
74059,9,4,78,165,2018,1,14,5,3,2,6,0,0,1,0,0,0,0,1,6.43668E+20,5.55172E+21,1.10089E+16,5.01004E+16
74060,9,5,61,0,2018,1,9,3,3,2,6,0,0,1,0,0,0,0,1,6.13672E+20,5.46457E+21,1.05643E+16,4.93233E+16
74061,9,5,71,199,2018,1,17,6,3,4,6,2,0,1,0,0,0,0,1,5.82415E+20,5.45508E+21,1.01323E+16,4.9243E+16
74062,9,4,72,139,2018,1,17,3,3,2,1,2,0,1,0,0,0,0,2,6.92902E+20,5.55275E+21,1.16972E+16,5.00956E+16
74063,9,1,81,130,2018,1,7,5,3,2,6,0,0,1,0,0,0,1,1,6.41899E+20,5.32408E+21,1.09043E+16,4.80542E+16
74064,9,4,75,175,2018,1,2,3,3,8,1,2,0,0,0,0,0,1,1,6.96362E+20,5.55974E+21,1.17491E+16,5.01573E+16
74065,9,1,73,137,2018,1,14,6,1,8,1,0,0,1,0,0,0,0,1,6.7681E+20,5.29739E+21,1.13615E+16,4.78055E+16
74066,9,4,79,158,2018,1,17,3,3,8,1,2,0,1,0,0,0,0,2,7.21813E+20,5.55079E+21,1.20997E+16,5.00679E+16
74067,9,1,61,0,2018,1,10,5,2,6,4,0,0,0,1,0,1,0,0,6.80163E+20,5.40502E+21,1.14521E+16,4.87721E+16
74068,9,4,79,145,2018,1,6,3,3,0,1,2,0,1,0,0,0,0,2,7.15581E+20,5.55164E+21,1.20132E+16,5.00779E+16
74069,9,2,73,116,2018,1,11,6,3,8,1,0,0,1,0,0,0,0,2,7.27647E+20,5.41703E+21,1.21042E+16,4.88645E+16
74070,9,4,79,152,2018,1,2,3,3,4,1,2,0,1,0,0,1,0,2,7.23148E+20,5.56396E+21,1.2126E+16,5.01857E+16
74071,9,1,79,126,2018,1,14,6,3,5,3,0,1,0,0,0,0,1,0,6.76352E+20,5.3404E+21,1.1373E+16,4.81924E+16
74072,9,4,79,112,2018,1,15,3,3,2,6,1,0,1,0,0,1,1,1,7.26546E+20,5.54838E+21,1.21643E+16,5.00446E+16
74073,9,6,72,126,2018,1,18,4,3,9,1,2,0,1,0,0,0,0,2,5.6322E+20,5.57029E+21,9.88733E+15,5.02814E+16
74074,9,7,79,198,2018,1,20,6,3,9,1,2,0,1,0,0,0,0,2,6.32872E+20,5.4154E+21,1.08122E+16,4.88774E+16
74075,9,4,62,0,2018,1,14,5,3,5,3,0,0,1,0,0,0,1,1,6.87098E+20,5.53778E+21,1.16088E+16,4.9963E+16
74076,9,4,78,139,2018,1,14,3,3,4,6,0,0,1,0,0,0,0,1,6.46177E+20,5.55516E+21,1.10453E+16,5.01307E+16
74077,9,7,72,168,2018,1,15,4,2,4,1,0,0,1,0,0,1,0,1,6.19828E+20,5.34524E+21,1.06142E+16,4.8249E+16
74078,9,4,72,177,2018,1,15,6,3,2,6,0,0,1,0,0,0,0,1,6.78114E+20,5.50515E+21,1.14687E+16,4.96726E+16
74079,9,4,76,189,2018,1,22,3,3,9,1,2,0,1,0,0,0,0,2,6.70022E+20,5.57441E+21,1.13873E+16,5.02973E+16
74080,9,1,78,157,2018,1,18,5,3,5,2,2,0,1,0,0,0,0,1,7.04469E+20,5.3702E+21,1.17654E+16,4.84517E+16
74081,9,4,63,0,2018,1,17,3,3,5,2,2,1,1,0,0,0,0,1,6.39221E+20,5.57094E+21,1.09538E+16,5.02742E+16
74082,9,1,80,117,2018,1,10,6,3,8,1,0,0,1,0,0,0,0,1,6.48036E+20,5.26042E+21,1.09649E+16,4.74804E+16
74083,9,4,63,0,2018,1,21,3,3,1,7,2,0,1,0,0,0,0,1,6.4049E+20,5.57081E+21,1.09716E+16,5.02727E+16
74084,9,5,72,131,2018,1,4,4,3,8,1,2,0,1,0,0,0,0,1,6.53919E+20,5.48556E+21,1.11259E+16,4.95032E+16
74085,9,1,81,130,2018,1,12,7,2,5,1,0,0,1,0,0,0,0,1,6.36852E+20,5.32315E+21,1.08363E+16,4.8047E+16
74086,9,6,77,114,2018,1,16,5,3,0,1,1,0,1,0,0,0,0,1,5.74015E+20,5.53506E+21,1.0032E+16,4.99633E+16
74087,9,4,72,175,2018,1,5,3,2,5,3,2,0,1,0,0,0,0,2,6.80834E+20,5.51192E+21,1.15095E+16,4.97326E+16
74088,9,5,72,137,2018,1,7,4,3,0,7,1,0,1,0,0,0,1,1,6.55192E+20,5.49274E+21,1.11463E+16,4.95673E+16
74089,9,2,72,126,2018,1,9,5,3,4,1,0,0,1,0,0,0,0,2,8.37369E+20,5.41787E+21,1.35968E+16,4.8822E+16
74090,9,4,72,139,2018,1,16,3,3,8,1,0,0,1,0,0,0,0,1,6.92665E+20,5.55269E+21,1.16938E+16,5.00952E+16
74091,9,1,78,130,2018,1,13,6,3,8,1,0,0,1,0,0,0,0,0,7.04116E+20,5.35668E+21,1.17541E+16,4.83303E+16
74092,9,4,72,175,2018,1,16,3,1,2,1,0,0,1,0,0,1,0,1,6.79622E+20,5.5215E+21,1.14971E+16,4.9819E+16
74093,9,6,77,126,2018,1,7,6,3,8,1,1,0,1,0,0,0,0,2,5.38168E+20,5.52097E+21,9.53081E+15,4.98399E+16
74094,9,3,74,137,2018,1,10,5,3,8,1,0,0,0,0,0,0,1,2,7.48886E+20,5.49819E+21,1.24436E+16,4.9585E+16
74095,9,4,72,175,2018,1,10,3,2,8,1,0,0,1,0,0,0,0,1,6.80797E+20,5.51138E+21,1.15087E+16,4.97278E+16
74096,9,4,74,134,2018,1,9,6,3,4,1,0,0,1,0,0,0,0,1,6.47421E+20,5.50594E+21,1.10439E+16,4.9688E+16
74097,9,4,77,121,2018,1,16,3,3,2,6,1,0,1,0,0,0,0,1,6.8869E+20,5.55017E+21,1.16371E+16,5.00738E+16
74098,9,1,84,141,2018,1,13,4,3,5,3,0,0,1,0,0,0,0,2,6.97987E+20,5.31319E+21,1.16512E+16,4.79414E+16
74099,9,4,77,129,2018,1,18,3,3,9,1,2,0,1,0,0,0,0,2,6.85282E+20,5.55892E+21,1.15937E+16,5.01536E+16
74100,9,1,83,120,2018,1,21,6,3,5,3,2,0,1,0,0,0,0,0,7.51377E+20,5.34728E+21,1.23851E+16,4.82289E+16
74101,9,4,77,127,2018,1,14,3,3,1,6,0,0,1,0,0,0,1,1,6.7895E+20,5.5547E+21,1.15032E+16,5.01175E+16
74102,9,1,77,115,2018,1,20,7,3,8,1,2,0,1,0,0,0,0,2,7.36678E+20,5.34784E+21,1.21878E+16,4.82396E+16
74103,9,6,62,0,2018,1,14,5,3,2,6,0,0,1,0,0,0,0,0,5.86403E+20,5.54257E+21,1.02064E+16,5.00291E+16
74104,9,4,71,123,2018,1,12,3,3,2,6,0,0,1,0,0,0,0,0,6.45854E+20,5.51794E+21,1.10267E+16,4.97962E+16
74105,9,2,73,137,2018,1,18,5,2,5,3,2,0,1,0,0,0,0,1,7.11951E+20,5.4226E+21,1.18933E+16,4.892E+16
74106,9,3,77,118,2018,1,18,3,3,0,1,2,0,0,0,1,0,0,2,7.22942E+20,5.5301E+21,1.21034E+16,4.98817E+16
74107,9,3,72,178,2018,1,14,6,3,4,1,0,0,1,0,0,0,0,2,8.01697E+20,5.45415E+21,1.31391E+16,4.91659E+16
74108,9,3,75,190,2018,1,4,3,3,3,1,2,0,1,0,0,1,0,1,7.26578E+20,5.44916E+21,1.21075E+16,4.91534E+16
74109,9,3,72,171,2018,1,18,6,2,8,1,2,0,1,0,0,0,0,2,7.69537E+20,5.4726E+21,1.27113E+16,4.93465E+16
74110,9,3,72,153,2018,1,14,3,3,5,3,0,1,1,0,0,0,0,1,7.56138E+20,5.45529E+21,1.25161E+16,4.91969E+16
74111,9,7,75,118,2018,1,7,4,2,6,1,2,0,1,1,0,0,0,2,5.8761E+20,5.34206E+21,1.01796E+16,4.82258E+16
74112,9,3,73,140,2018,1,17,3,3,5,3,2,0,1,0,0,0,0,1,6.88925E+20,5.4705E+21,1.16018E+16,4.93579E+16
74113,9,1,87,170,2018,1,21,6,3,0,1,2,1,0,0,0,0,0,1,7.33382E+20,5.31955E+21,1.2128E+16,4.79867E+16
74114,9,3,76,169,2018,1,17,3,3,5,3,2,0,1,0,0,0,0,1,7.25596E+20,5.47935E+21,1.21111E+16,4.94249E+16
74115,9,1,84,123,2018,1,21,6,3,5,3,2,0,1,0,0,0,0,1,7.03686E+20,5.3317E+21,1.17363E+16,4.8106E+16
74116,9,5,64,0,2018,1,7,5,3,5,3,2,0,1,0,0,0,0,1,6.47091E+20,5.47096E+21,1.10263E+16,4.93736E+16
74117,9,3,76,141,2018,1,18,3,2,4,6,2,0,1,0,0,0,0,1,7.25656E+20,5.45256E+21,1.20968E+16,4.91843E+16
74118,9,5,62,0,2018,1,7,6,3,5,3,2,1,1,0,0,0,0,1,6.41881E+20,5.49147E+21,1.09619E+16,4.95591E+16
74119,9,3,61,0,2018,1,17,3,3,2,6,2,0,1,0,0,0,0,1,7.06535E+20,5.48096E+21,1.18495E+16,4.94462E+16
74120,9,1,71,112,2018,1,22,5,3,0,1,2,1,0,0,0,0,0,1,7.84764E+20,5.3425E+21,1.28305E+16,4.81719E+16
74121,9,3,61,0,2018,1,6,3,2,6,4,2,0,1,1,0,0,0,1,7.07535E+20,5.48078E+21,1.18631E+16,4.94442E+16
74122,9,2,75,128,2018,1,11,6,3,9,6,0,0,1,0,0,0,1,0,8.29922E+20,5.4004E+21,1.34817E+16,4.86693E+16
74123,9,2,63,0,2018,1,17,3,3,2,6,2,0,1,0,0,0,0,0,7.62249E+20,5.41794E+21,1.25757E+16,4.88589E+16
74124,9,1,76,124,2018,1,22,6,3,9,1,2,0,1,0,0,0,0,2,6.68165E+20,5.41191E+21,1.12918E+16,4.88373E+16
74125,9,2,76,138,2018,1,16,3,2,5,3,1,0,1,0,0,0,0,1,8.02435E+20,5.43385E+21,1.3134E+16,4.89834E+16
74126,9,7,80,128,2018,1,8,6,3,4,1,0,0,1,0,0,0,0,2,6.09685E+20,5.27664E+21,1.04601E+16,4.76339E+16
74127,9,7,63,0,2018,1,11,4,3,2,6,0,0,1,0,0,1,0,2,5.97864E+20,5.28724E+21,1.03052E+16,4.77311E+16
74128,9,4,78,120,2018,1,8,5,3,0,1,0,0,1,0,0,0,0,2,6.35401E+20,5.54849E+21,1.08922E+16,5.00733E+16
74129,9,2,76,138,2018,1,13,3,3,5,2,0,0,1,0,0,0,0,1,8.02441E+20,5.43384E+21,1.31341E+16,4.89833E+16
74130,9,1,61,0,2018,1,19,6,3,5,2,2,0,1,0,0,0,0,1,6.77262E+20,5.40399E+21,1.14122E+16,4.87637E+16
74131,9,2,76,146,2018,1,17,3,3,9,7,2,0,1,0,0,0,0,2,7.95097E+20,5.43508E+21,1.30348E+16,4.8998E+16
74132,9,7,78,214,2018,1,7,6,2,5,3,0,0,1,0,0,1,0,1,5.97237E+20,5.3227E+21,1.03048E+16,4.80502E+16
74133,9,4,75,154,2018,1,23,5,3,9,1,2,0,0,0,0,0,1,2,6.96077E+20,5.56095E+21,1.17457E+16,5.01683E+16
74134,9,2,71,132,2018,1,7,3,3,4,2,0,0,1,0,0,0,1,1,7.87208E+20,5.41761E+21,1.2915E+16,4.88449E+16
74135,9,5,64,0,2018,1,7,6,3,2,6,0,0,1,0,0,0,0,1,6.4863E+20,5.48429E+21,1.10525E+16,4.9493E+16
74136,9,2,75,126,2018,1,7,3,2,5,3,0,0,1,0,0,0,1,2,8.396E+20,5.40082E+21,1.3613E+16,4.8668E+16
74137,9,1,61,0,2018,1,6,5,3,6,2,2,0,1,1,0,0,0,1,6.7927E+20,5.40104E+21,1.14382E+16,4.87366E+16
74138,9,2,75,156,2018,1,9,3,3,4,1,0,0,1,0,0,0,0,2,8.53877E+20,5.39601E+21,1.38022E+16,4.86169E+16
74139,9,2,61,0,2018,1,18,6,3,5,3,2,0,1,0,0,0,0,1,7.31829E+20,5.38118E+21,1.2141E+16,4.85408E+16
74140,9,2,77,138,2018,1,13,3,3,2,6,0,0,1,0,1,0,0,1,7.91215E+20,5.37198E+21,1.29374E+16,4.84335E+16
74141,9,1,81,135,2018,1,23,6,3,4,1,2,0,0,0,0,1,1,2,6.46538E+20,5.31073E+21,1.09619E+16,4.79331E+16
74142,9,2,75,143,2018,1,5,3,3,9,1,2,0,1,0,0,0,0,1,8.13786E+20,5.36808E+21,1.32388E+16,4.83877E+16
74143,9,7,72,125,2018,1,15,6,3,2,6,0,0,1,0,0,0,0,0,6.37442E+20,5.34693E+21,1.08519E+16,4.82607E+16
74144,9,4,61,0,2018,1,7,5,3,5,3,1,0,1,0,0,0,0,1,6.3341E+20,5.53085E+21,1.08583E+16,4.99151E+16
74145,9,2,72,129,2018,1,6,3,3,4,1,1,0,1,0,0,0,0,2,8.45488E+20,5.40699E+21,1.36979E+16,4.872E+16
74146,9,7,72,145,2018,1,19,4,2,4,1,2,0,1,0,0,0,0,2,6.35115E+20,5.36871E+21,1.08275E+16,4.8457E+16
74147,9,4,72,199,2018,1,7,6,3,7,6,2,0,1,0,0,0,0,2,6.97607E+20,5.53603E+21,1.17543E+16,4.99439E+16
74148,9,2,61,0,2018,1,8,3,3,3,3,0,1,1,0,0,0,0,1,7.30017E+20,5.38168E+21,1.21167E+16,4.8546E+16
74149,9,1,75,122,2018,1,10,5,2,0,1,0,0,1,0,0,0,0,1,7.21043E+20,5.3256E+21,1.1966E+16,4.80454E+16
74150,9,5,74,132,2018,1,9,4,2,4,6,0,0,1,0,0,0,0,2,6.78497E+20,5.48734E+21,1.14659E+16,4.95124E+16
74151,9,1,89,124,2018,1,17,6,3,2,6,2,0,1,0,0,0,1,2,7.8057E+20,5.2977E+21,1.2745E+16,4.77715E+16
74152,9,1,74,146,2018,1,4,2,3,8,1,2,0,1,0,0,0,0,2,6.64903E+20,5.3518E+21,1.12235E+16,4.82979E+16
74153,9,4,76,152,2018,1,19,3,3,1,5,2,0,1,0,0,0,0,1,6.69219E+20,5.59563E+21,1.13856E+16,5.04882E+16
74154,9,1,88,139,2018,1,16,2,3,2,6,1,0,1,0,0,0,0,1,6.69378E+20,5.31879E+21,1.12707E+16,4.79999E+16
74155,9,1,81,118,2018,1,9,2,3,8,1,0,0,1,0,0,0,0,2,6.51122E+20,5.32945E+21,1.10299E+16,4.81004E+16
74156,9,1,61,0,2018,1,7,3,3,2,6,1,0,1,0,0,0,0,1,6.70808E+20,5.40605E+21,1.13253E+16,4.8784E+16
74157,9,1,79,136,2018,1,8,2,3,4,1,0,0,1,0,0,0,1,1,6.5952E+20,5.34019E+21,1.11466E+16,4.81948E+16
74158,9,5,64,0,2018,1,6,2,3,6,2,2,0,1,1,0,0,0,1,6.47509E+20,5.47257E+21,1.10326E+16,4.9388E+16
74159,9,1,74,143,2018,1,11,2,3,1,6,0,0,1,0,0,0,0,2,6.74829E+20,5.35266E+21,1.13576E+16,4.8303E+16
74160,9,1,84,131,2018,1,16,2,3,2,6,0,0,0,0,0,1,0,1,7.04448E+20,5.33745E+21,1.17492E+16,4.81574E+16
74161,9,3,63,0,2018,1,18,3,2,6,2,2,0,1,1,0,0,0,1,7.28104E+20,5.50927E+21,1.2163E+16,4.96927E+16
74162,9,1,84,131,2018,1,9,2,2,5,3,0,0,1,0,0,1,0,2,7.03969E+20,5.33821E+21,1.17432E+16,4.81644E+16
74163,9,1,77,133,2018,1,16,2,2,5,3,0,0,1,0,0,0,0,1,7.13814E+20,5.35581E+21,1.18843E+16,4.83193E+16
74164,9,1,62,0,2018,1,17,2,2,6,2,2,0,1,1,0,0,0,1,7.006E+20,5.33264E+21,1.16953E+16,4.81154E+16
74165,9,1,77,121,2018,1,7,2,3,4,1,0,0,1,0,0,0,0,2,7.314E+20,5.36264E+21,1.21249E+16,4.83744E+16
74166,9,5,61,0,2018,1,13,2,3,2,1,0,0,1,0,0,0,0,1,6.10364E+20,5.45992E+21,1.05175E+16,4.92821E+16
74167,9,1,62,0,2018,1,18,1,3,8,1,2,0,1,0,0,0,0,1,6.88839E+20,5.33888E+21,1.15402E+16,4.8175E+16
74168,9,5,75,153,2018,1,17,2,3,2,6,2,0,1,0,0,0,0,0,6.17333E+20,5.4891E+21,1.06219E+16,4.95432E+16
74169,9,3,76,149,2018,1,17,2,3,1,7,2,0,1,0,0,0,0,0,7.39907E+20,5.45365E+21,1.22927E+16,4.91887E+16
74170,9,2,76,139,2018,1,13,2,3,6,4,0,0,1,1,0,0,0,1,8.0775E+20,5.43193E+21,1.3205E+16,4.89636E+16
74171,9,1,84,135,2018,1,23,1,3,2,6,2,0,1,0,0,0,0,1,6.92273E+20,5.34478E+21,1.1589E+16,4.82271E+16
74172,9,1,62,0,2018,1,12,1,3,1,5,0,0,1,0,0,0,0,1,6.84412E+20,5.33541E+21,1.14792E+16,4.81452E+16
74173,9,3,72,116,2018,1,11,3,2,5,3,0,0,1,0,0,0,0,1,7.65864E+20,5.45554E+21,1.26495E+16,4.9195E+16
74174,9,1,62,0,2018,1,17,1,3,2,2,2,0,1,0,0,0,0,2,6.87417E+20,5.34048E+21,1.15218E+16,4.81899E+16
74175,9,1,62,0,2018,1,17,1,3,2,6,2,0,1,0,0,0,0,0,6.86166E+20,5.33328E+21,1.15018E+16,4.81256E+16
74176,9,7,75,152,2018,1,12,2,2,2,6,0,0,1,0,0,0,0,0,5.77152E+20,5.35324E+21,1.00409E+16,4.83276E+16
74177,9,7,75,139,2018,1,2,1,3,9,7,2,0,1,0,0,0,0,2,5.81272E+20,5.3666E+21,1.0099E+16,4.84473E+16
74178,9,4,74,145,2018,1,20,2,2,9,1,1,0,1,0,0,0,0,1,6.5419E+20,5.50562E+21,1.11376E+16,4.96834E+16
74179,9,7,78,214,2018,1,7,1,2,8,1,1,0,1,0,0,0,0,1,5.95217E+20,5.31922E+21,1.02769E+16,4.80192E+16
74180,9,7,78,151,2018,1,16,1,3,9,1,1,0,1,0,0,0,0,2,5.92158E+20,5.32063E+21,1.02362E+16,4.80323E+16
74181,9,7,78,164,2018,1,1,1,3,6,7,2,0,1,1,0,0,0,1,5.83705E+20,5.30538E+21,1.01199E+16,4.78963E+16
74182,9,2,61,0,2018,1,6,3,3,8,3,2,0,1,0,0,0,0,0,7.31664E+20,5.37974E+21,1.21379E+16,4.8528E+16
74183,9,7,74,143,2018,1,15,1,3,2,6,0,0,1,0,0,0,1,1,5.9692E+20,5.36059E+21,1.03092E+16,4.8391E+16
74184,9,7,80,120,2018,1,15,1,3,4,2,0,0,1,0,0,0,0,1,6.00574E+20,5.28394E+21,1.03405E+16,4.7701E+16
74185,9,7,61,0,2018,1,16,1,3,2,6,0,0,1,0,0,0,0,0,6.41948E+20,5.35763E+21,1.09162E+16,4.83558E+16
74186,9,2,77,138,2018,1,13,3,2,5,3,0,0,1,0,0,0,0,0,7.94543E+20,5.37742E+21,1.29861E+16,4.84808E+16
74187,9,6,79,130,2018,1,8,1,3,8,1,0,0,1,0,0,0,0,2,5.71669E+20,5.52099E+21,9.99667E+15,4.98371E+16
74188,9,7,61,0,2018,1,4,2,3,3,1,2,0,1,0,0,1,0,2,6.37455E+20,5.35945E+21,1.08561E+16,4.83733E+16
74189,9,6,79,177,2018,1,15,1,3,9,1,0,0,1,0,0,0,0,1,5.47143E+20,5.51458E+21,9.65485E+15,4.97818E+16
74190,9,3,75,196,2018,1,9,2,3,5,3,0,0,1,0,0,0,0,1,7.30853E+20,5.4137E+21,1.21459E+16,4.88333E+16
74191,9,6,75,127,2018,1,5,1,3,8,1,2,0,1,0,0,0,0,2,6.02642E+20,5.51663E+21,1.04261E+16,4.97933E+16
74192,9,5,64,0,2018,1,18,3,3,5,3,2,0,1,0,0,0,0,0,6.49389E+20,5.46849E+21,1.1057E+16,4.93508E+16
74193,9,6,72,136,2018,1,12,1,3,9,1,0,0,1,0,0,0,0,1,5.79451E+20,5.56318E+21,1.01136E+16,5.02155E+16
74194,9,1,76,137,2018,1,10,1,3,3,6,0,0,1,0,0,0,0,1,6.72427E+20,5.43183E+21,1.13582E+16,4.90152E+16
74195,9,1,87,170,2018,1,9,3,3,5,3,0,0,1,0,0,0,1,1,7.342E+20,5.31866E+21,1.21384E+16,4.79784E+16
74196,9,5,76,122,2018,1,18,1,3,3,6,2,0,1,0,0,0,0,1,6.70648E+20,5.4354E+21,1.13354E+16,4.90478E+16
74197,9,5,74,138,2018,1,15,2,3,0,3,0,0,1,0,1,0,0,1,6.67384E+20,5.48804E+21,1.13128E+16,4.95219E+16
74198,9,5,74,164,2018,1,23,1,2,2,7,2,0,1,0,0,1,0,1,6.67147E+20,5.47447E+21,1.13038E+16,4.94E+16
74199,9,5,76,128,2018,1,6,2,3,2,6,2,0,1,0,0,0,0,1,6.45318E+20,5.46375E+21,1.09992E+16,4.93092E+16
74200,9,1,76,137,2018,1,20,1,3,3,6,2,0,1,0,0,0,0,2,6.72254E+20,5.4308E+21,1.13554E+16,4.9006E+16