OBJECTID_1,ULAND,UREGBEZ,UKREIS,UGEMEINDE,UJAHR,UMONAT,USTUNDE,UWOCHENTAG,UKATEGORIE,UART,UTYP1,ULICHTVERH,IstRad,IstPKW,IstFuss,IstKrad,IstGkfz,IstSonstig,STRZUSTAND,LINREFX,LINREFY,XGCSWGS84,YGCSWGS84
74201,9,2,71,113,2018,1,15,2,3,8,1,1,0,1,0,0,0,0,2,8.01841E+20,5.41442E+21,1.31115E+16,4.88093E+16
74202,9,5,76,127,2018,1,5,1,3,8,1,2,0,1,0,0,0,0,2,6.58764E+20,5.44859E+21,1.11781E+16,4.91696E+16
74203,9,4,72,119,2018,1,9,3,3,5,3,0,0,1,0,0,0,0,1,6.87195E+20,5.53978E+21,1.16111E+16,4.99809E+16
74204,9,5,63,0,2018,1,20,1,3,4,1,2,0,1,0,0,0,0,2,6.44966E+20,5.48747E+21,1.10031E+16,4.95225E+16
74205,9,5,75,119,2018,1,14,1,3,3,6,0,0,1,0,0,0,0,1,6.0882E+20,5.48889E+21,1.05042E+16,4.95429E+16
74206,9,1,81,130,2018,1,6,3,3,5,3,2,0,1,0,0,0,0,1,6.39174E+20,5.32275E+21,1.08673E+16,4.80429E+16
74207,9,5,71,136,2018,1,0,1,2,9,7,2,0,1,0,0,0,0,1,5.90139E+20,5.43902E+21,1.02348E+16,4.90974E+16
74208,9,5,71,114,2018,1,7,2,3,8,6,1,0,1,0,0,0,0,2,5.99568E+20,5.45535E+21,1.0368E+16,4.92428E+16
74209,9,3,76,170,2018,1,10,2,3,1,1,0,0,1,0,0,0,1,1,7.23462E+20,5.45637E+21,1.20689E+16,4.92193E+16
74210,9,2,77,154,2018,1,6,2,3,5,3,1,0,1,0,0,1,0,2,7.87478E+20,5.35418E+21,1.28748E+16,4.82755E+16
74211,9,5,75,135,2018,1,3,1,3,9,1,2,0,1,0,0,0,0,1,6.1039E+20,5.4847E+21,1.05247E+16,4.95048E+16
74212,9,4,79,166,2018,1,3,1,3,9,1,2,0,1,0,0,0,0,2,7.06905E+20,5.55316E+21,1.18929E+16,5.00946E+16
74213,9,3,74,168,2018,1,18,3,3,5,2,2,0,1,0,0,0,0,1,7.28901E+20,5.52181E+21,1.21814E+16,4.9805E+16
74214,9,4,78,139,2018,1,16,1,3,2,1,1,0,1,0,0,0,0,1,6.45985E+20,5.56402E+21,1.1046E+16,5.02104E+16
74215,9,3,71,141,2018,1,8,2,3,9,1,0,0,1,0,0,0,0,2,6.93357E+20,5.48942E+21,1.1672E+16,4.95265E+16
74216,9,3,72,157,2018,1,18,1,3,2,6,2,0,1,0,0,0,0,1,7.61772E+20,5.47221E+21,1.26043E+16,4.93464E+16
74217,9,3,71,126,2018,1,9,1,3,0,3,0,0,1,0,0,0,0,2,7.03519E+20,5.49079E+21,1.1813E+16,4.95355E+16
74218,9,4,71,145,2018,1,18,3,3,2,6,2,0,1,0,0,0,0,0,6.44547E+20,5.52072E+21,1.10096E+16,4.98215E+16
74219,9,2,76,135,2018,1,15,1,2,0,7,0,0,1,0,0,0,1,1,7.7737E+20,5.44738E+21,1.28015E+16,4.91166E+16
74220,9,2,71,143,2018,1,20,1,3,8,1,2,0,1,0,0,0,0,2,7.77738E+20,5.408E+21,1.27797E+16,4.87629E+16
74221,9,1,78,123,2018,1,6,3,3,5,1,1,0,1,1,0,0,0,1,6.89922E+20,5.35842E+21,1.15635E+16,4.83504E+16
74222,9,2,71,141,2018,1,1,1,3,5,3,2,0,1,0,0,0,0,2,7.91879E+20,5.39346E+21,1.29614E+16,4.8626E+16
74223,9,5,71,190,2018,1,5,2,3,4,1,2,0,1,0,0,0,0,2,6.281E+20,5.46256E+21,1.07621E+16,4.93023E+16
74224,9,2,76,146,2018,1,14,2,3,9,1,0,0,1,0,0,0,0,2,7.94474E+20,5.43298E+21,1.30248E+16,4.89794E+16
74225,9,2,77,148,2018,1,17,1,3,9,1,2,0,1,0,0,0,0,2,7.87627E+20,5.36122E+21,1.28816E+16,4.83386E+16
74226,9,2,75,124,2018,1,12,1,3,4,1,0,0,1,0,0,0,0,2,8.10472E+20,5.37966E+21,1.32027E+16,4.84932E+16
74227,9,2,71,119,2018,1,20,3,3,2,6,2,0,1,0,0,0,0,0,7.92306E+20,5.41324E+21,1.29812E+16,4.88034E+16
74228,9,2,72,127,2018,1,11,1,3,5,3,0,0,1,0,0,0,0,2,8.30501E+20,5.42332E+21,1.35079E+16,4.88746E+16
74229,9,7,76,115,2018,1,19,2,3,2,6,2,0,1,0,0,0,0,1,5.59885E+20,5.27486E+21,9.79703E+15,4.76244E+16
74230,9,2,74,153,2018,1,18,1,2,0,1,2,0,1,0,0,0,0,2,7.3078E+20,5.40396E+21,1.21395E+16,4.87459E+16
74231,9,1,62,0,2018,1,15,2,3,2,6,0,0,1,0,0,0,0,1,6.86163E+20,5.33522E+21,1.15026E+16,4.8143E+16
74232,9,2,74,184,2018,1,12,1,3,8,1,0,0,1,0,0,0,0,1,7.48127E+20,5.36914E+21,1.23543E+16,4.84265E+16
74233,9,4,78,116,2018,1,10,2,3,9,1,0,0,1,0,0,0,0,1,6.60714E+20,5.56018E+21,1.12507E+16,5.0172E+16
74234,9,2,74,172,2018,1,17,1,3,9,1,2,0,1,0,0,0,0,2,7.13385E+20,5.39786E+21,1.19E+16,4.86972E+16
74235,9,2,74,165,2018,1,15,1,3,4,1,0,0,1,0,0,0,0,2,7.17065E+20,5.38988E+21,1.19458E+16,4.86243E+16
74236,9,2,74,172,2018,1,16,1,3,9,1,2,0,1,0,0,0,0,2,7.16204E+20,5.39564E+21,1.19371E+16,4.86763E+16
74237,9,2,75,151,2018,1,10,3,3,4,2,0,0,1,0,0,0,0,1,8.24839E+20,5.39607E+21,1.34094E+16,4.86332E+16
74238,9,2,73,163,2018,1,16,1,3,8,1,1,0,1,0,0,0,0,1,7.05778E+20,5.39922E+21,1.17974E+16,4.87121E+16
74239,9,6,77,131,2018,1,5,2,3,8,1,2,0,1,0,0,0,0,1,5.47567E+20,5.54684E+21,9.66472E+15,5.00719E+16
74240,9,2,72,120,2018,1,11,2,3,5,3,0,0,1,0,0,0,0,1,8.22368E+20,5.42032E+21,1.3395E+16,4.88519E+16
74241,9,3,62,0,2018,1,8,2,3,9,7,0,0,1,0,0,0,0,2,7.2823E+20,5.43826E+21,1.2124E+16,4.90549E+16
74242,9,2,61,0,2018,1,16,1,3,2,6,0,0,1,0,0,0,0,1,7.31515E+20,5.38177E+21,1.2137E+16,4.85462E+16
74243,9,2,79,122,2018,1,6,1,3,9,7,2,0,1,0,0,0,0,2,7.71691E+20,5.39072E+21,1.26862E+16,4.86105E+16
74244,9,4,64,0,2018,1,19,3,3,5,3,2,0,1,0,0,0,0,1,7.05904E+20,5.57882E+21,1.18929E+16,5.03255E+16
74245,9,1,89,145,2018,1,9,1,2,3,1,0,0,1,0,0,1,0,2,7.74784E+20,5.3034E+21,1.26715E+16,4.78252E+16
74246,9,1,89,124,2018,1,4,1,3,7,7,2,0,1,0,0,0,0,2,7.79859E+20,5.29548E+21,1.27341E+16,4.77519E+16
74247,9,4,61,0,2018,1,17,2,3,6,2,2,0,1,1,0,0,0,1,6.3559E+20,5.52903E+21,1.0888E+16,4.98983E+16
74248,9,1,83,129,2018,1,17,1,3,4,6,1,0,1,0,0,0,0,2,7.6176E+20,5.36429E+21,1.25352E+16,4.83774E+16
74249,9,1,89,129,2018,1,11,1,3,4,1,0,0,1,0,0,0,0,2,7.58697E+20,5.29381E+21,1.24513E+16,4.77458E+16
74250,9,1,72,130,2018,1,7,1,2,4,6,0,0,1,0,0,0,0,2,7.93302E+20,5.31108E+21,1.29236E+16,4.7886E+16
74251,9,2,79,112,2018,1,19,3,3,2,6,2,0,1,0,0,0,0,1,7.5931E+20,5.39456E+21,1.2521E+16,4.86502E+16
74252,9,1,85,123,2018,1,12,1,3,5,3,0,0,1,0,0,0,0,1,6.72793E+20,5.39069E+21,1.13459E+16,4.86453E+16
74253,9,5,72,132,2018,1,11,2,3,2,6,0,0,1,0,0,0,0,1,6.37008E+20,5.49338E+21,1.08952E+16,4.95775E+16
74254,9,2,74,134,2018,1,18,2,3,1,6,2,0,1,0,0,0,0,1,7.40639E+20,5.3716E+21,1.22546E+16,4.84515E+16
74255,9,1,86,158,2018,1,16,1,3,8,1,0,0,1,0,0,0,0,2,6.92913E+20,5.40696E+21,1.16264E+16,4.87857E+16
74256,9,2,77,138,2018,1,8,2,2,8,1,0,0,1,0,0,0,0,2,7.94507E+20,5.37733E+21,1.29855E+16,4.84801E+16
74257,9,1,76,132,2018,1,18,1,3,4,1,2,0,1,0,0,0,0,2,6.70519E+20,5.41753E+21,1.13262E+16,4.88872E+16
74258,9,4,71,119,2018,1,7,3,2,2,6,2,0,1,0,0,0,0,0,6.34958E+20,5.53617E+21,1.08817E+16,4.99626E+16
74259,9,1,74,135,2018,1,5,1,3,8,1,2,0,1,0,0,0,0,2,6.6064E+20,5.35521E+21,1.11674E+16,4.83296E+16
74260,9,1,62,0,2018,1,13,1,2,3,1,0,0,1,0,0,0,0,1,6.78115E+20,5.33503E+21,1.13945E+16,4.81435E+16
74261,9,1,79,121,2018,1,6,3,3,6,4,2,0,1,1,0,0,0,1,6.67785E+20,5.33834E+21,1.1257E+16,4.81761E+16
74262,9,2,74,111,2018,1,6,2,3,4,1,1,0,1,0,0,0,0,2,7.4114E+20,5.38008E+21,1.22663E+16,4.85274E+16
74263,9,7,71,129,2018,1,5,1,3,8,1,2,0,1,0,0,0,0,1,6.60407E+20,5.35545E+21,1.11643E+16,4.83319E+16
74264,9,5,77,151,2018,1,10,2,2,6,4,0,0,1,1,0,0,0,1,6.55756E+20,5.43486E+21,1.11316E+16,4.90469E+16
74265,9,1,74,135,2018,1,4,1,3,9,1,2,0,1,0,0,0,0,2,6.60753E+20,5.35511E+21,1.11689E+16,4.83287E+16
74266,9,1,61,0,2018,1,18,3,3,2,6,2,0,1,0,0,0,0,0,6.78083E+20,5.40328E+21,1.14231E+16,4.87571E+16
74267,9,1,88,132,2018,1,17,1,3,2,6,2,0,1,0,0,0,1,2,6.65275E+20,5.32157E+21,1.12168E+16,4.8026E+16
74268,9,5,63,0,2018,1,7,2,3,5,2,0,0,1,0,0,0,0,1,6.44006E+20,5.4806E+21,1.09873E+16,4.9461E+16
74269,9,2,74,153,2018,1,7,2,3,4,2,0,0,1,0,0,0,0,2,7.32531E+20,5.40229E+21,1.21623E+16,4.87302E+16
74270,9,1,74,141,2018,1,5,1,3,0,1,2,0,1,0,0,0,0,2,6.79035E+20,5.35717E+21,1.14162E+16,4.83423E+16
74271,9,1,84,121,2018,1,18,1,3,8,1,2,0,1,0,0,0,0,0,7.0389E+20,5.32908E+21,1.17377E+16,4.80823E+16
74272,9,4,61,0,2018,1,17,3,3,4,2,2,0,1,0,0,0,0,1,6.38006E+20,5.52868E+21,1.09215E+16,4.98945E+16
74273,9,1,62,0,2018,1,8,1,2,2,6,0,0,1,0,0,0,0,1,6.94419E+20,5.34127E+21,1.16163E+16,4.81948E+16
74274,9,1,77,142,2018,1,18,1,2,9,1,2,0,1,0,0,0,0,2,7.20466E+20,5.3506E+21,1.19712E+16,4.82702E+16
74275,9,1,75,116,2018,1,0,3,2,7,7,2,0,1,0,0,0,1,1,7.09512E+20,5.32049E+21,1.18089E+16,4.80033E+16
74276,9,2,74,119,2018,1,7,2,2,5,3,0,0,1,0,0,0,0,2,7.42231E+20,5.40094E+21,1.22932E+16,4.87144E+16
74277,9,1,77,113,2018,1,11,1,3,5,3,0,0,1,0,0,0,0,0,7.20712E+20,5.35187E+21,1.19752E+16,4.82815E+16
74278,9,5,61,0,2018,1,13,2,3,9,1,0,0,1,0,0,0,0,1,6.0872E+20,5.45951E+21,1.04948E+16,4.92787E+16
74279,9,2,61,0,2018,1,5,2,3,8,1,2,0,1,0,0,0,0,2,7.3292E+20,5.3783E+21,1.21541E+16,4.85146E+16
74280,9,1,77,117,2018,1,0,1,3,5,3,2,0,1,0,0,0,0,1,7.16331E+20,5.35487E+21,1.19177E+16,4.831E+16
74281,9,1,84,135,2018,1,20,7,3,4,6,2,0,1,0,0,0,0,2,6.92648E+20,5.34908E+21,1.1596E+16,4.82656E+16
74282,9,7,75,149,2018,1,3,7,3,9,1,2,0,1,0,0,0,0,2,5.93911E+20,5.34591E+21,1.02653E+16,4.82594E+16
74283,9,3,75,119,2018,1,14,3,3,1,6,0,0,1,0,0,0,0,0,7.36603E+20,5.44279E+21,1.22411E+16,4.90924E+16
74284,9,7,75,152,2018,1,18,7,3,6,2,2,0,1,1,0,0,0,1,5.77402E+20,5.35282E+21,1.00442E+16,4.83238E+16
74285,9,7,78,118,2018,1,7,7,3,0,1,0,0,1,0,0,0,0,1,5.91461E+20,5.31298E+21,1.02252E+16,4.79636E+16
74286,9,7,75,134,2018,1,3,2,3,8,1,2,0,1,0,0,0,0,1,5.81087E+20,5.36376E+21,1.0096E+16,4.84218E+16
74287,9,2,74,194,2018,1,8,2,3,8,1,1,0,1,0,0,0,0,2,7.22364E+20,5.38197E+21,1.20134E+16,4.85514E+16
74288,9,7,74,185,2018,1,20,7,2,4,6,2,0,1,0,0,0,0,2,6.07583E+20,5.34956E+21,1.04504E+16,4.82901E+16
74289,9,4,62,0,2018,1,13,2,3,2,6,0,0,1,0,0,0,1,1,6.86767E+20,5.53716E+21,1.16039E+16,4.99575E+16
74290,9,7,75,111,2018,1,2,7,2,8,1,2,0,1,0,0,0,0,2,5.82264E+20,5.33764E+21,1.01068E+16,4.81867E+16
74291,9,7,80,114,2018,1,16,7,2,4,6,1,0,1,0,0,0,1,0,6.04596E+20,5.28976E+21,1.03955E+16,4.77527E+16
74292,9,7,63,0,2018,1,3,7,3,9,1,2,0,1,0,0,0,0,2,6.00006E+20,5.29081E+21,1.03345E+16,4.77629E+16
74293,9,2,61,0,2018,1,20,3,3,0,1,2,1,0,0,0,0,0,1,7.32059E+20,5.38256E+21,1.21449E+16,4.85531E+16
74294,9,7,80,139,2018,1,11,7,3,2,6,0,0,1,0,0,0,0,1,5.95761E+20,5.26258E+21,1.02717E+16,4.75096E+16
74295,9,6,71,119,2018,1,15,2,2,4,6,0,0,1,0,0,0,0,1,5.15811E+20,5.55388E+21,9.22124E+15,5.0137E+16
74296,9,7,63,0,2018,1,13,7,3,2,6,0,0,1,0,0,0,0,0,5.99203E+20,5.28903E+21,1.03234E+16,4.7747E+16
74297,9,2,77,145,2018,1,10,3,3,2,6,0,0,1,0,0,0,0,1,7.98307E+20,5.35421E+21,1.30205E+16,4.82708E+16
74298,9,7,77,154,2018,1,19,7,3,8,1,2,0,1,0,0,0,0,2,6.06215E+20,5.30078E+21,1.04198E+16,4.78515E+16
74299,9,7,62,0,2018,1,18,2,3,6,4,2,0,1,1,0,0,0,1,6.21178E+20,5.30448E+21,1.06208E+16,4.78822E+16
74300,9,2,61,0,2018,1,6,2,3,2,6,2,0,1,0,1,0,0,2,7.32125E+20,5.38072E+21,1.21447E+16,4.85366E+16
74301,9,7,77,176,2018,1,19,7,3,9,1,2,0,1,0,0,0,0,2,6.01882E+20,5.2988E+21,1.03615E+16,4.78345E+16
74302,9,3,62,0,2018,1,11,2,3,1,6,0,0,0,0,0,1,0,1,7.30197E+20,5.43197E+21,1.21473E+16,4.89976E+16
74303,9,7,79,181,2018,1,0,7,3,8,1,2,0,1,0,0,1,0,1,6.34804E+20,5.39121E+21,1.08306E+16,4.86594E+16
74304,9,5,64,0,2018,1,16,3,3,3,7,1,0,1,0,0,0,1,0,6.49777E+20,5.47695E+21,1.10655E+16,4.94268E+16
74305,9,7,72,184,2018,1,23,7,3,5,3,2,0,1,0,0,0,0,1,6.35871E+20,5.36153E+21,1.08354E+16,4.83923E+16
74306,9,7,71,130,2018,1,13,7,3,0,3,0,0,1,0,0,0,0,1,6.45028E+20,5.36087E+21,1.09588E+16,4.83843E+16
74307,9,1,71,135,2018,1,8,3,3,8,1,0,0,1,0,0,0,0,1,7.71284E+20,5.34134E+21,1.26488E+16,4.81674E+16
74308,9,7,61,0,2018,1,17,7,3,5,2,2,0,1,0,0,0,0,2,6.40727E+20,5.35557E+21,1.0899E+16,4.83376E+16
74309,9,5,74,138,2018,1,7,2,3,9,1,1,0,1,0,0,0,0,2,6.65739E+20,5.48731E+21,1.12898E+16,4.95158E+16
74310,9,2,61,0,2018,1,18,2,3,0,1,2,1,0,0,0,0,0,0,7.32622E+20,5.38177E+21,1.2152E+16,4.85458E+16
74311,9,6,79,176,2018,1,1,7,2,8,1,2,0,1,0,0,0,0,2,5.67346E+20,5.50836E+21,9.93437E+15,4.9724E+16
74312,9,6,79,174,2018,1,0,7,3,9,1,2,0,1,0,0,0,0,2,5.80301E+20,5.5238E+21,1.01173E+16,4.98612E+16
74313,9,4,71,119,2018,1,7,3,3,2,6,1,0,1,0,0,0,0,1,6.34893E+20,5.53626E+21,1.08809E+16,4.99635E+16
74314,9,2,74,182,2018,1,9,2,3,9,1,0,0,1,0,0,0,0,2,7.28704E+20,5.37797E+21,1.20969E+16,4.85131E+16
74315,9,6,77,125,2018,1,12,7,3,0,3,0,0,1,0,0,0,0,1,5.46932E+20,5.51718E+21,9.65223E+15,4.98052E+16
74316,9,6,78,123,2018,1,20,7,3,2,6,2,0,1,0,0,0,0,1,5.87398E+20,5.54768E+21,1.02214E+16,5.00749E+16
74317,9,4,76,145,2018,1,19,3,3,5,3,2,0,1,0,0,0,0,1,6.65371E+20,5.56631E+21,1.13185E+16,5.02258E+16
74318,9,6,76,116,2018,1,14,7,3,5,2,0,0,1,0,0,0,0,1,5.18851E+20,5.50617E+21,9.26145E+15,4.97078E+16
74319,9,6,71,139,2018,1,9,7,3,4,1,0,0,1,0,0,0,0,1,5.23353E+20,5.53949E+21,9.3259E+15,5.00073E+16
74320,9,1,62,0,2018,1,13,3,3,3,6,0,0,1,0,0,1,0,1,6.8378E+20,5.34257E+21,1.14738E+16,4.82097E+16
74321,9,1,90,157,2018,1,19,2,3,2,6,2,0,1,0,0,0,0,1,6.60396E+20,5.30039E+21,1.11435E+16,4.78369E+16
74322,9,6,71,130,2018,1,17,7,1,6,4,2,0,0,1,1,0,0,1,5.15745E+20,5.53929E+21,9.21972E+15,5.00057E+16
74323,9,5,73,134,2018,1,17,2,2,4,7,2,0,1,0,0,0,0,1,6.40519E+20,5.47788E+21,1.09383E+16,4.94374E+16
74324,9,1,90,157,2018,1,7,2,3,2,6,0,0,1,0,0,0,0,2,6.56345E+20,5.3024E+21,1.10901E+16,4.78559E+16
74325,9,3,76,161,2018,1,13,2,3,1,4,0,0,1,1,0,0,0,1,7.25337E+20,5.46706E+21,1.21006E+16,4.93147E+16
74326,9,5,72,131,2018,1,21,7,3,8,1,2,0,1,0,0,0,0,1,6.51906E+20,5.48642E+21,1.10985E+16,4.95114E+16
74327,9,3,73,156,2018,1,22,7,2,8,1,2,0,1,0,0,0,0,1,6.6047E+20,5.46405E+21,1.12077E+16,4.93081E+16
74328,9,3,74,147,2018,1,6,3,3,5,3,2,0,1,0,0,0,0,1,7.45454E+20,5.50476E+21,1.24003E+16,4.96454E+16
74329,9,5,76,122,2018,1,10,7,3,2,6,0,0,1,0,0,0,0,1,6.66736E+20,5.44117E+21,1.12843E+16,4.91008E+16
74330,9,5,62,0,2018,1,13,7,3,3,2,0,1,1,0,0,0,0,0,6.44918E+20,5.49359E+21,1.10046E+16,4.95775E+16
74331,9,1,84,135,2018,1,14,2,3,5,3,0,0,1,0,0,1,0,1,6.93166E+20,5.34722E+21,1.16021E+16,4.82488E+16
74332,9,1,89,148,2018,1,16,2,2,5,3,1,0,1,0,0,0,0,1,7.74425E+20,5.30966E+21,1.26707E+16,4.78816E+16
74333,9,5,74,141,2018,1,9,7,3,5,3,0,0,1,0,0,0,0,1,6.69632E+20,5.49034E+21,1.13448E+16,4.95419E+16
74334,9,5,74,138,2018,1,21,7,3,9,1,2,0,1,0,0,0,0,2,6.64197E+20,5.49072E+21,1.12699E+16,4.95468E+16
74335,9,1,62,0,2018,1,18,3,3,2,6,2,0,1,0,0,0,0,1,6.92904E+20,5.33933E+21,1.1595E+16,4.81779E+16
74336,9,1,89,114,2018,1,9,2,3,8,1,0,0,1,0,0,0,0,2,7.61279E+20,5.31359E+21,1.24976E+16,4.79223E+16
74337,9,5,74,117,2018,1,11,7,3,5,3,0,0,1,0,0,0,0,1,6.67736E+20,5.46907E+21,1.13097E+16,4.93512E+16
74338,9,5,71,165,2018,1,15,2,3,5,3,0,0,1,0,1,0,0,1,6.30928E+20,5.46718E+21,1.08025E+16,4.93433E+16
74339,9,1,72,116,2018,1,7,2,3,9,1,0,0,1,0,0,0,0,2,8.03948E+20,5.28616E+21,1.30482E+16,4.76573E+16
74340,9,5,74,123,2018,1,8,7,3,8,1,0,0,1,0,0,0,0,2,6.64849E+20,5.47221E+21,1.12712E+16,4.93803E+16
74341,9,5,74,139,2018,1,7,7,3,9,1,1,0,1,0,0,0,0,2,6.70266E+20,5.4816E+21,1.13498E+16,4.94632E+16
74342,9,3,61,0,2018,1,17,3,3,2,6,1,0,1,0,0,0,0,1,7.06132E+20,5.48064E+21,1.18437E+16,4.94435E+16
74343,9,3,75,190,2018,1,8,2,3,9,1,0,0,1,0,0,0,0,2,7.22846E+20,5.44832E+21,1.2056E+16,4.91472E+16
74344,9,5,73,125,2018,1,14,7,2,8,1,0,0,1,0,0,0,0,1,6.38705E+20,5.47192E+21,1.09112E+16,4.93841E+16
74345,9,7,64,0,2018,1,6,2,3,0,7,2,1,0,0,0,0,0,2,5.88434E+20,5.31474E+21,1.01851E+16,4.79799E+16
74346,9,1,87,179,2018,1,9,2,3,4,6,0,0,1,0,0,0,0,2,7.23258E+20,5.31104E+21,1.19881E+16,4.79138E+16
74347,9,5,73,130,2018,1,8,7,2,4,6,0,0,1,0,0,0,0,1,6.36277E+20,5.48628E+21,1.08827E+16,4.95138E+16
74348,9,4,74,154,2018,1,6,2,3,1,1,2,0,1,0,0,0,0,2,6.53746E+20,5.49793E+21,1.11284E+16,4.96143E+16
74349,9,1,61,0,2018,1,5,2,3,8,1,2,0,1,0,0,0,0,2,6.82008E+20,5.40553E+21,1.14774E+16,4.87762E+16
74350,9,5,77,173,2018,1,23,7,3,7,7,2,0,1,0,0,0,0,2,6.34861E+20,5.42726E+21,1.08433E+16,4.89835E+16
74351,9,5,77,173,2018,1,8,7,3,9,1,0,0,1,0,0,0,0,1,6.39703E+20,5.42373E+21,1.09082E+16,4.89507E+16
74352,9,4,64,0,2018,1,4,2,3,5,3,2,0,1,0,0,0,0,1,7.07472E+20,5.57817E+21,1.19145E+16,5.03191E+16
74353,9,1,86,151,2018,1,7,2,2,4,1,0,0,1,0,0,0,0,2,6.82641E+20,5.37432E+21,1.14723E+16,4.84954E+16
74354,9,5,77,172,2018,1,7,7,3,9,1,1,0,1,0,0,0,0,2,6.36037E+20,5.43775E+21,1.08628E+16,4.90775E+16
74355,9,5,75,152,2018,1,5,7,3,9,1,2,0,1,0,0,0,0,1,6.20904E+20,5.47827E+21,1.06679E+16,4.94451E+16
74356,9,5,71,113,2018,1,9,7,3,2,1,0,0,1,0,0,0,1,2,6.15444E+20,5.44211E+21,1.05822E+16,4.9121E+16
74357,9,2,77,114,2018,1,14,3,3,5,3,0,0,1,0,0,0,0,0,7.93932E+20,5.37977E+21,1.29795E+16,4.85022E+16
74358,9,5,71,113,2018,1,8,7,3,9,1,0,0,1,0,0,0,0,2,6.15444E+20,5.44211E+21,1.05822E+16,4.9121E+16
74359,9,6,79,122,2018,1,14,2,3,8,1,0,0,1,0,0,0,0,1,5.63423E+20,5.49523E+21,9.87782E+15,4.96063E+16
74360,9,1,76,120,2018,1,11,2,3,0,6,0,0,1,0,0,0,0,1,6.80048E+20,5.41818E+21,1.14563E+16,4.88904E+16
74361,9,5,71,183,2018,1,20,7,3,8,1,2,0,1,0,0,0,0,2,6.04066E+20,5.47548E+21,1.0435E+16,4.94231E+16
74362,9,5,71,174,2018,1,18,7,3,4,1,2,0,1,0,0,0,0,2,6.01538E+20,5.4621E+21,1.03967E+16,4.93032E+16
74363,9,5,71,166,2018,1,18,3,3,4,2,2,0,1,0,0,0,0,0,6.09374E+20,5.45764E+21,1.05033E+16,4.92618E+16
74364,9,5,61,0,2018,1,13,7,3,2,6,0,0,1,0,0,0,0,1,6.14112E+20,5.46305E+21,1.05699E+16,4.93095E+16
74365,9,5,71,113,2018,1,5,7,3,8,1,2,0,1,0,0,0,0,2,6.21155E+20,5.44593E+21,1.06616E+16,4.91542E+16
74366,9,1,76,161,2018,1,23,3,3,2,6,2,0,0,0,0,1,1,0,6.80822E+20,5.41371E+21,1.14649E+16,4.88499E+16
74367,9,4,75,171,2018,1,20,7,3,3,1,2,0,1,0,0,0,0,1,6.98836E+20,5.57817E+21,1.17933E+16,5.0322E+16
74368,9,4,78,139,2018,1,9,7,3,5,3,0,0,1,0,0,0,0,1,6.45367E+20,5.55695E+21,1.10346E+16,5.01469E+16
74369,9,2,79,126,2018,1,12,3,2,5,3,0,0,1,0,1,0,0,0,7.64032E+20,5.38755E+21,1.25805E+16,4.85853E+16
74370,9,5,74,155,2018,1,19,7,3,8,1,2,0,1,0,0,0,0,2,6.7402E+20,5.49935E+21,1.14094E+16,4.96216E+16
74371,9,5,72,111,2018,1,15,2,3,2,6,0,0,1,0,0,0,0,0,6.35585E+20,5.50715E+21,1.08803E+16,4.97016E+16
74372,9,7,71,111,2018,1,4,2,3,8,1,2,0,1,0,0,1,0,2,6.58517E+20,5.35719E+21,1.11395E+16,4.8348E+16
74373,9,4,62,0,2018,1,9,7,3,9,1,0,0,1,0,0,0,0,1,6.86963E+20,5.53113E+21,1.16037E+16,4.99033E+16
74374,9,2,77,149,2018,1,20,2,3,7,7,2,0,1,0,0,0,0,1,7.99941E+20,5.36888E+21,1.30528E+16,4.84016E+16
74375,9,4,74,126,2018,1,18,7,3,6,2,2,0,1,1,0,0,0,1,6.49612E+20,5.50917E+21,1.10755E+16,4.97165E+16
74376,9,4,72,119,2018,1,10,3,3,9,1,0,0,1,0,0,0,0,1,6.89132E+20,5.5396E+21,1.1638E+16,4.99787E+16
74377,9,3,77,141,2018,1,13,7,3,9,1,0,0,1,0,0,0,0,1,7.31391E+20,5.53501E+21,1.22238E+16,4.99226E+16
74378,9,3,75,213,2018,1,7,7,3,8,1,0,0,1,0,0,0,0,1,7.25773E+20,5.44299E+21,1.20931E+16,4.90983E+16
74379,9,1,88,124,2018,1,19,3,3,0,7,2,0,1,0,0,0,0,1,6.62372E+20,5.31836E+21,1.11767E+16,4.79979E+16
74380,9,1,74,113,2018,1,13,2,3,2,1,0,0,1,0,0,1,0,1,6.73817E+20,5.34537E+21,1.1341E+16,4.82377E+16
74381,9,3,75,171,2018,1,4,7,3,8,1,2,0,1,0,0,0,0,2,7.5034E+20,5.42469E+21,1.24177E+16,4.89244E+16
74382,9,5,71,208,2018,1,8,2,3,8,1,0,0,1,0,0,0,0,2,6.16864E+20,5.43992E+21,1.0601E+16,4.9101E+16
74383,9,1,81,146,2018,1,6,2,3,8,6,2,0,1,0,0,1,0,2,6.48432E+20,5.32531E+21,1.09923E+16,4.80638E+16
74384,9,3,75,208,2018,1,9,7,3,8,1,0,0,1,0,0,0,0,2,7.30708E+20,5.43972E+21,1.21587E+16,4.90671E+16
74385,9,3,72,137,2018,1,9,7,3,4,1,0,0,1,0,0,0,0,2,7.79819E+20,5.45344E+21,1.28391E+16,4.91699E+16
74386,9,5,74,138,2018,1,7,2,3,8,1,0,0,1,0,0,0,0,2,6.68255E+20,5.48311E+21,1.13227E+16,4.94773E+16
74387,9,3,71,151,2018,1,10,7,2,4,2,0,0,1,0,0,0,0,2,6.98719E+20,5.4839E+21,1.17432E+16,4.94752E+16
74388,9,3,71,126,2018,1,8,7,3,4,6,0,0,1,0,0,0,0,2,7.05439E+20,5.49003E+21,1.18391E+16,4.9528E+16