OBJECTID_1,ULAND,UREGBEZ,UKREIS,UGEMEINDE,UJAHR,UMONAT,USTUNDE,UWOCHENTAG,UKATEGORIE,UART,UTYP1,ULICHTVERH,IstRad,IstPKW,IstFuss,IstKrad,IstGkfz,IstSonstig,STRZUSTAND,LINREFX,LINREFY,XGCSWGS84,YGCSWGS84
74389,9,4,71,174,2018,1,19,3,3,9,1,2,0,0,0,1,0,0,0,6.34159E+20,5.54202E+21,1.08726E+16,5.00154E+16
74390,9,3,76,161,2018,1,13,7,2,5,3,0,0,1,0,0,0,1,1,7.23399E+20,5.47059E+21,1.20759E+16,4.93471E+16
74391,9,3,76,159,2018,1,9,7,2,5,3,0,0,1,0,0,0,0,2,7.24721E+20,5.47924E+21,1.2099E+16,4.94242E+16
74392,9,1,78,143,2018,1,17,3,3,2,6,2,0,1,0,0,0,0,1,7.19141E+20,5.37214E+21,1.19646E+16,4.84642E+16
74393,9,2,78,139,2018,1,0,7,2,2,6,2,0,0,0,0,1,1,2,7.72451E+20,5.42574E+21,1.27197E+16,4.89246E+16
74394,9,5,71,136,2018,1,7,2,3,4,3,0,0,1,0,0,0,0,2,5.98418E+20,5.43546E+21,1.03473E+16,4.90642E+16
74395,9,2,76,122,2018,1,7,7,3,9,1,1,0,1,0,0,0,0,2,7.92404E+20,5.44116E+21,1.30025E+16,4.90538E+16
74396,9,2,62,0,2018,1,21,7,3,5,3,2,0,1,0,0,0,0,1,8.29089E+20,5.38952E+21,1.34618E+16,4.85722E+16
74397,9,2,63,0,2018,1,18,3,3,3,2,2,1,1,0,0,0,0,0,7.61997E+20,5.42061E+21,1.2574E+16,4.8883E+16
74398,9,2,75,124,2018,1,23,7,3,8,1,2,0,1,0,0,0,0,2,8.10493E+20,5.38051E+21,1.32037E+16,4.85009E+16
74399,9,3,75,204,2018,1,17,3,3,2,6,2,0,1,0,0,0,0,0,7.31291E+20,5.43493E+21,1.21639E+16,4.90238E+16
74400,9,2,74,187,2018,1,3,7,3,9,1,2,0,1,0,0,0,0,2,7.23558E+20,5.38746E+21,1.20325E+16,4.86003E+16
74401,9,2,74,128,2018,1,23,7,3,8,1,2,0,1,0,0,0,0,2,7.36656E+20,5.39143E+21,1.22121E+16,4.86311E+16
74402,9,1,62,0,2018,1,6,2,3,2,6,1,0,1,0,0,1,0,2,6.88519E+20,5.33431E+21,1.15339E+16,4.81341E+16
74403,9,2,74,128,2018,1,13,7,3,2,6,0,0,1,0,0,0,0,1,7.35659E+20,5.38739E+21,1.21963E+16,4.85952E+16
74404,9,4,73,158,2018,1,9,2,3,9,1,0,0,1,0,0,0,0,2,6.22317E+20,5.57908E+21,1.07193E+16,5.03511E+16
74405,9,2,79,113,2018,1,19,7,2,4,1,2,0,1,0,0,0,0,1,7.88448E+20,5.39335E+21,1.29148E+16,4.86266E+16
74406,9,1,89,133,2018,1,20,7,3,9,1,2,0,1,0,0,0,0,2,7.52921E+20,5.32305E+21,1.23915E+16,4.80106E+16
74407,9,1,89,143,2018,1,18,7,2,6,4,2,0,1,1,0,0,0,1,7.58629E+20,5.31483E+21,1.24629E+16,4.79345E+16
74408,9,2,75,128,2018,1,11,3,3,8,1,0,0,1,0,0,0,0,1,8.28587E+20,5.3993E+21,1.34627E+16,4.86602E+16
74409,9,1,72,118,2018,1,12,7,3,1,6,0,0,1,0,0,0,0,1,7.96935E+20,5.30435E+21,1.29674E+16,4.78238E+16
74410,9,6,76,139,2018,1,18,2,3,1,3,2,0,1,0,0,0,0,1,5.18664E+20,5.50587E+21,9.25884E+15,4.9705E+16
74411,9,3,72,115,2018,1,14,2,3,0,1,0,0,1,0,0,0,0,1,7.7657E+20,5.4541E+21,1.27951E+16,4.91773E+16
74412,9,1,71,113,2018,1,23,7,2,6,5,2,0,1,1,0,0,0,2,7.79172E+20,5.33779E+21,1.27524E+16,4.8132E+16
74413,9,1,72,117,2018,1,2,7,2,6,6,2,0,1,1,0,0,0,2,7.96136E+20,5.28488E+21,1.29435E+16,4.76495E+16
74414,9,7,76,111,2018,1,11,2,3,6,4,0,0,1,1,0,0,0,1,5.50126E+20,5.26818E+21,9.66638E+15,4.75651E+16
74415,9,1,87,173,2018,1,8,7,3,3,6,0,0,1,0,1,0,0,1,7.41012E+20,5.31845E+21,1.22295E+16,4.79739E+16
74416,9,3,74,117,2018,1,17,2,3,2,2,2,0,1,0,0,0,0,1,7.04129E+20,5.51511E+21,1.1834E+16,4.97538E+16
74417,9,1,87,177,2018,1,18,7,3,5,3,2,0,1,0,0,0,0,0,7.36336E+20,5.30569E+21,1.21599E+16,4.7861E+16
74418,9,1,87,117,2018,1,22,7,3,8,1,2,0,1,0,0,0,0,2,7.26667E+20,5.30848E+21,1.20323E+16,4.78896E+16
74419,9,1,61,0,2018,1,10,7,3,2,6,0,0,1,0,0,0,0,1,6.80655E+20,5.40368E+21,1.14582E+16,4.87599E+16
74420,9,1,71,112,2018,1,16,3,3,5,3,0,1,1,0,0,0,0,1,7.84696E+20,5.34195E+21,1.28292E+16,4.8167E+16
74421,9,1,76,120,2018,1,21,7,3,3,1,2,0,1,0,0,0,0,2,6.78615E+20,5.42436E+21,1.14395E+16,4.89463E+16
74422,9,5,76,141,2018,1,9,2,2,9,1,0,0,1,0,0,0,0,2,6.44278E+20,5.44817E+21,1.09793E+16,4.91694E+16
74423,9,1,85,131,2018,1,3,7,1,4,1,2,0,1,0,0,1,0,2,6.65187E+20,5.37649E+21,1.12371E+16,4.85197E+16
74424,9,2,75,143,2018,1,7,2,2,4,1,0,0,1,0,0,0,0,2,8.12215E+20,5.36465E+21,1.32151E+16,4.83578E+16
74425,9,1,85,149,2018,1,21,7,2,4,6,2,0,1,0,0,1,0,2,6.65917E+20,5.40124E+21,1.12569E+16,4.87421E+16
74426,9,4,71,119,2018,1,7,3,3,2,6,0,0,1,0,0,0,0,1,6.34922E+20,5.53622E+21,1.08812E+16,4.99631E+16
74427,9,1,76,126,2018,1,15,7,3,5,3,0,1,1,0,0,0,0,2,6.74562E+20,5.40583E+21,1.13763E+16,4.87809E+16
74428,9,1,74,126,2018,1,18,3,3,5,3,2,0,1,0,0,0,0,0,6.83653E+20,5.34397E+21,1.14727E+16,4.82224E+16
74429,9,1,63,0,2018,1,15,5,3,0,1,0,1,0,0,0,0,0,0,7.33676E+20,5.30503E+21,1.21241E+16,4.78561E+16
74430,9,1,88,139,2018,1,15,2,3,2,6,0,0,1,0,0,0,0,0,6.75295E+20,5.31913E+21,1.13501E+16,4.80014E+16
74431,9,1,82,120,2018,1,18,5,3,4,2,2,0,1,0,0,0,0,0,7.01975E+20,5.30616E+21,1.17013E+16,4.7877E+16
74432,9,1,78,124,2018,1,7,6,3,2,6,2,0,1,0,0,0,0,0,7.03353E+20,5.36551E+21,1.1748E+16,4.84099E+16
74433,9,6,77,125,2018,1,8,7,3,9,1,0,0,1,0,0,0,0,1,5.45767E+20,5.5183E+21,9.63617E+15,4.98154E+16
74434,9,1,82,116,2018,1,14,5,3,1,6,0,0,1,0,0,0,0,1,7.06315E+20,5.2918E+21,1.17524E+16,4.77466E+16
74435,9,3,73,115,2018,1,7,5,2,8,1,1,0,1,0,0,0,0,0,6.95246E+20,5.44152E+21,1.16746E+16,4.90955E+16
74436,9,7,77,167,2018,1,7,6,2,4,6,0,0,1,0,0,0,0,0,6.20557E+20,5.2953E+21,1.06099E+16,4.77998E+16
74437,9,3,72,116,2018,1,18,2,3,5,3,2,0,1,0,0,0,0,0,7.66653E+20,5.45624E+21,1.26608E+16,4.92009E+16
74438,9,1,61,0,2018,1,9,5,3,5,3,0,0,1,0,0,0,0,0,6.79345E+20,5.40089E+21,1.14392E+16,4.87352E+16
74439,9,1,62,0,2018,1,19,1,3,0,7,2,1,0,0,0,0,0,0,6.86042E+20,5.33525E+21,1.1501E+16,4.81432E+16
74440,9,1,62,0,2018,1,8,5,3,2,6,2,0,1,0,0,0,0,0,6.79629E+20,5.33779E+21,1.1416E+16,4.8168E+16
74441,9,7,73,139,2018,1,8,5,3,2,6,0,0,1,0,0,0,0,0,6.1523E+20,5.38597E+21,1.05635E+16,4.86161E+16
74442,9,4,76,145,2018,1,18,7,3,2,6,2,0,1,0,0,0,0,1,6.6533E+20,5.56662E+21,1.1318E+16,5.02286E+16
74443,9,1,79,118,2018,1,12,5,3,5,3,0,0,1,0,0,0,0,0,6.73066E+20,5.33705E+21,1.13275E+16,4.81631E+16
74444,9,7,64,0,2018,1,16,5,3,5,3,1,1,1,0,0,0,0,0,5.88298E+20,5.31306E+21,1.01829E+16,4.79647E+16
74445,9,5,62,0,2018,1,11,7,2,4,2,0,1,1,0,0,0,0,0,6.43532E+20,5.49316E+21,1.09853E+16,4.9574E+16
74446,9,1,81,141,2018,1,17,5,3,4,1,1,0,1,0,0,0,0,0,6.41919E+20,5.32013E+21,1.09032E+16,4.80186E+16
74447,9,4,73,166,2018,1,12,6,3,2,6,0,0,1,0,0,0,0,0,6.50032E+20,5.5684E+21,1.11044E+16,5.02487E+16
74448,9,4,72,190,2018,1,15,6,3,4,2,0,0,1,0,0,0,0,0,6.99147E+20,5.52855E+21,1.17719E+16,4.98762E+16
74449,9,2,78,123,2018,1,8,5,3,8,1,0,0,1,0,0,0,0,2,7.44887E+20,5.41663E+21,1.23386E+16,4.88543E+16
74450,9,7,61,0,2018,1,14,6,3,4,2,0,0,1,0,0,0,0,0,6.40994E+20,5.3604E+21,1.09042E+16,4.8381E+16
74451,9,2,77,113,2018,1,17,2,2,2,6,2,0,1,0,0,0,0,0,7.96999E+20,5.37341E+21,1.30164E+16,4.84436E+16
74452,9,1,88,120,2018,1,12,5,3,6,3,0,0,1,1,0,0,0,0,6.77796E+20,5.32655E+21,1.13867E+16,4.80675E+16
74453,9,5,61,0,2018,1,11,1,3,3,6,0,0,1,0,0,0,0,0,6.15519E+20,5.45782E+21,1.05878E+16,4.92622E+16
74454,9,1,79,130,2018,1,18,5,3,5,3,2,0,1,0,0,0,0,0,6.56619E+20,5.33518E+21,1.11058E+16,4.81506E+16
74455,9,6,71,111,2018,1,6,5,2,5,3,1,0,1,0,0,0,0,1,5.05736E+20,5.54446E+21,9.08013E+15,5.00524E+16
74456,9,3,61,0,2018,1,22,7,3,5,3,2,0,1,0,0,0,0,0,7.06041E+20,5.4805E+21,1.18424E+16,4.94422E+16
74457,9,1,75,132,2018,1,15,5,3,2,6,0,0,1,0,0,1,0,0,7.06541E+20,5.3361E+21,1.17767E+16,4.81446E+16
74458,9,1,90,159,2018,1,10,5,2,5,3,0,0,1,0,0,0,0,0,6.63277E+20,5.3058E+21,1.1184E+16,4.78848E+16
74459,9,5,64,0,2018,1,14,6,3,2,6,0,0,1,0,0,0,0,0,6.50477E+20,5.46727E+21,1.10715E+16,4.93395E+16
74460,9,1,87,129,2018,1,18,2,3,2,6,2,0,1,0,0,0,0,0,7.22635E+20,5.30078E+21,1.19745E+16,4.78218E+16
74461,9,1,84,149,2018,1,15,4,3,5,3,0,1,1,0,0,0,0,0,6.90314E+20,5.35076E+21,1.15654E+16,4.82814E+16
74462,9,2,77,133,2018,1,7,5,3,5,3,1,0,1,0,0,0,0,0,7.67543E+20,5.36653E+21,1.26146E+16,4.83951E+16
74463,9,6,72,138,2018,1,7,6,3,9,1,1,0,1,0,1,0,0,1,5.56389E+20,5.57085E+21,9.79155E+15,5.02871E+16
74464,9,2,74,128,2018,1,13,2,3,2,6,0,0,1,0,0,0,0,0,7.37247E+20,5.38958E+21,1.2219E+16,4.86143E+16
74465,9,7,75,135,2018,1,7,4,3,1,6,1,0,1,0,0,0,0,0,5.73898E+20,5.35779E+21,9.99778E+15,4.83689E+16
74466,9,2,62,0,2018,1,17,1,3,5,6,1,0,1,0,0,0,0,0,8.24586E+20,5.38619E+21,1.33983E+16,4.85447E+16
74467,9,7,74,119,2018,1,8,4,2,5,3,0,0,1,0,0,0,1,1,5.88041E+20,5.36013E+21,1.01892E+16,4.83882E+16
74468,9,5,61,0,2018,1,18,5,3,2,6,1,0,1,0,0,0,0,0,6.1524E+20,5.45894E+21,1.05842E+16,4.92724E+16
74469,9,2,75,138,2018,1,15,7,3,9,1,0,0,1,0,0,0,0,0,8.10588E+20,5.38735E+21,1.321E+16,4.85622E+16
74470,9,7,63,0,2018,1,8,4,3,5,3,0,0,1,0,0,0,0,0,5.98303E+20,5.28797E+21,1.03112E+16,4.77376E+16
74471,9,7,80,120,2018,1,11,4,2,6,4,0,0,1,1,0,0,0,0,6.00592E+20,5.2839E+21,1.03408E+16,4.77007E+16
74472,9,5,64,0,2018,1,9,6,3,0,4,0,0,0,1,0,0,1,0,6.49824E+20,5.48171E+21,1.1068E+16,4.94696E+16
74473,9,1,87,150,2018,1,19,2,3,8,1,0,0,1,0,0,0,0,0,7.29793E+20,5.30338E+21,1.20713E+16,4.78426E+16
74474,9,7,80,143,2018,1,8,4,3,2,6,0,0,1,0,0,0,1,1,5.97952E+20,5.28151E+21,1.03051E+16,4.76795E+16
74475,9,1,62,0,2018,1,14,6,3,2,6,0,0,1,0,0,0,0,0,6.95661E+20,5.3455E+21,1.16349E+16,4.82326E+16
74476,9,7,71,142,2018,1,6,7,3,4,6,2,1,0,0,0,0,0,0,6.45287E+20,5.35368E+21,1.09598E+16,4.83196E+16
74477,9,7,62,0,2018,1,18,4,3,5,3,1,1,1,0,0,0,0,0,6.2254E+20,5.30488E+21,1.06391E+16,4.78855E+16
74478,9,3,74,164,2018,1,23,5,3,2,6,2,0,1,0,0,0,0,0,7.54191E+20,5.50479E+21,1.25211E+16,4.96421E+16
74479,9,1,74,113,2018,1,11,6,3,8,7,0,0,0,0,0,0,1,0,6.72411E+20,5.34632E+21,1.13224E+16,4.82466E+16
74480,9,1,79,138,2018,1,20,1,3,5,3,2,0,1,0,0,0,0,1,6.54397E+20,5.33573E+21,1.10761E+16,4.81561E+16
74481,9,7,77,166,2018,1,8,4,3,5,3,0,0,1,0,0,0,0,1,6.30643E+20,5.2824E+21,1.07407E+16,4.76817E+16
74482,9,4,76,145,2018,1,17,5,3,4,2,2,0,1,0,0,0,0,1,6.64361E+20,5.57098E+21,1.13064E+16,5.02681E+16
74483,9,1,89,137,2018,1,13,7,3,4,2,0,0,1,0,0,0,0,0,7.50333E+20,5.31744E+21,1.23536E+16,4.79612E+16
74484,9,4,62,0,2018,1,20,6,3,5,3,2,1,1,0,0,0,0,0,6.84333E+20,5.5355E+21,1.15692E+16,4.99433E+16
74485,9,7,77,166,2018,1,6,4,2,9,1,2,0,1,0,0,0,0,1,6.26396E+20,5.27936E+21,1.06833E+16,4.76552E+16
74486,9,1,74,146,2018,1,17,2,3,2,6,2,0,1,0,0,0,0,0,6.68468E+20,5.34885E+21,1.12704E+16,4.82704E+16
74487,9,7,73,182,2018,1,14,4,2,8,1,0,0,1,0,0,0,0,1,6.29581E+20,5.37996E+21,1.07562E+16,4.85593E+16
74488,9,1,77,115,2018,1,18,6,2,8,1,2,0,1,0,0,0,0,0,7.31383E+20,5.35539E+21,1.21207E+16,4.83093E+16
74489,9,6,72,135,2018,1,8,7,3,5,1,0,0,1,0,0,0,0,2,5.80494E+20,5.56716E+21,1.01291E+16,5.02511E+16
74490,9,7,73,136,2018,1,15,4,3,3,2,0,0,1,0,1,0,0,0,6.01358E+20,5.3788E+21,1.03736E+16,4.85541E+16
74491,9,4,73,174,2018,1,14,6,2,9,1,0,0,1,0,0,0,0,0,6.52754E+20,5.56406E+21,1.11408E+16,5.0209E+16
74492,9,3,74,134,2018,1,14,6,3,5,3,0,0,1,0,0,0,0,0,7.19309E+20,5.50452E+21,1.20385E+16,4.96533E+16
74493,9,3,76,147,2018,1,17,5,3,5,3,2,0,1,0,0,0,0,1,7.46078E+20,5.47156E+21,1.23883E+16,4.9347E+16
74494,9,7,61,0,2018,1,12,6,3,2,6,0,0,1,0,0,0,0,0,6.39342E+20,5.36088E+21,1.08821E+16,4.83857E+16
74495,9,3,61,0,2018,1,19,2,3,2,6,2,0,1,0,0,0,0,0,7.07568E+20,5.4808E+21,1.18636E+16,4.94444E+16
74496,9,7,71,130,2018,1,16,4,2,2,6,0,0,1,0,0,0,0,0,6.47817E+20,5.36279E+21,1.09971E+16,4.84009E+16
74497,9,5,77,168,2018,1,6,6,3,4,3,1,0,1,0,0,1,0,1,6.46073E+20,5.41772E+21,1.0993E+16,4.88952E+16
74498,9,1,84,135,2018,1,14,6,3,2,6,0,0,1,0,0,0,0,0,6.92125E+20,5.34471E+21,1.1587E+16,4.82265E+16
74499,9,4,74,126,2018,1,6,2,3,3,6,0,1,1,0,0,0,0,0,6.48346E+20,5.51013E+21,1.10583E+16,4.97253E+16
74500,9,7,71,130,2018,1,16,4,3,2,6,0,0,1,0,0,0,0,0,6.47816E+20,5.36279E+21,1.09971E+16,4.84009E+16
74501,9,1,77,117,2018,1,7,2,3,4,6,1,0,1,0,0,0,0,0,7.16935E+20,5.34988E+21,1.19233E+16,4.8265E+16
74502,9,6,75,147,2018,1,18,4,2,4,2,2,0,1,0,1,0,0,0,5.82963E+20,5.50274E+21,1.01498E+16,4.96715E+16
74503,9,7,74,143,2018,1,10,5,3,5,3,0,0,1,0,0,0,0,0,5.96792E+20,5.35818E+21,1.03069E+16,4.83693E+16
74504,9,5,71,198,2018,1,16,7,3,5,3,0,0,1,0,0,0,0,0,5.91882E+20,5.4596E+21,1.02634E+16,4.92823E+16
74505,9,6,75,141,2018,1,14,4,3,1,6,0,0,1,0,0,0,0,0,5.79737E+20,5.51251E+21,1.01071E+16,4.97598E+16
74506,9,4,77,157,2018,1,1,6,3,8,1,2,0,1,0,0,0,0,1,6.72136E+20,5.54392E+21,1.14031E+16,5.00227E+16
74507,9,2,71,122,2018,1,17,5,2,2,7,2,0,1,0,1,0,0,1,7.91526E+20,5.42428E+21,1.29784E+16,4.89028E+16
74508,9,6,73,130,2018,1,20,6,3,8,1,2,0,1,0,0,0,0,0,5.95347E+20,5.58423E+21,1.03417E+16,5.04023E+16
74509,9,2,62,0,2018,1,15,2,3,2,6,0,0,1,0,0,0,0,0,8.26202E+20,5.38971E+21,1.34229E+16,4.85754E+16
74510,9,6,61,0,2018,1,7,4,3,5,2,2,1,1,0,0,0,0,0,5.09334E+20,5.53642E+21,9.13019E+15,4.998E+16
74511,9,3,63,0,2018,1,17,1,1,2,6,1,0,1,0,0,1,0,1,7.26333E+20,5.5064E+21,1.21368E+16,4.96676E+16
74512,9,6,61,0,2018,1,14,4,3,5,2,0,0,1,0,0,0,0,1,5.11304E+20,5.5371E+21,9.15768E+15,4.99861E+16
74513,9,5,64,0,2018,1,14,5,3,0,6,0,0,1,0,0,0,1,0,6.51038E+20,5.47734E+21,1.1083E+16,4.943E+16
74514,9,2,78,190,2018,1,19,7,2,5,3,2,0,1,0,0,0,0,0,7.65109E+20,5.42827E+21,1.26213E+16,4.89504E+16
74515,9,5,65,0,2018,1,15,1,3,2,6,0,0,1,0,0,0,0,0,6.49938E+20,5.46681E+21,1.10639E+16,4.93355E+16
74516,9,6,61,0,2018,1,9,4,3,3,2,0,0,1,0,0,0,0,1,5.10077E+20,5.53717E+21,9.14056E+15,4.99868E+16
74517,9,6,78,193,2018,1,12,5,3,2,6,0,0,1,0,0,0,1,0,5.75241E+20,5.53745E+21,1.00495E+16,4.99846E+16
74518,9,3,72,170,2018,1,7,7,2,4,6,0,0,1,0,0,0,0,1,7.4638E+20,5.45353E+21,1.23813E+16,4.9185E+16
74519,9,6,71,134,2018,1,18,4,3,1,6,1,0,1,0,0,0,0,0,5.00379E+20,5.54582E+21,9.00529E+15,5.00646E+16
74520,9,2,74,165,2018,1,10,5,1,6,7,0,0,0,1,0,1,0,0,7.17171E+20,5.38916E+21,1.19468E+16,4.86178E+16
74521,9,6,71,122,2018,1,13,6,3,5,3,0,0,1,0,0,0,0,0,5.05514E+20,5.53002E+21,9.07681E+15,4.99225E+16
74522,9,1,90,157,2018,1,17,2,2,8,7,0,0,1,0,0,0,0,0,6.60638E+20,5.29972E+21,1.11465E+16,4.78307E+16
74523,9,5,76,143,2018,1,18,4,3,5,3,2,0,1,0,0,0,0,0,6.51331E+20,5.46033E+21,1.10806E+16,4.9277E+16
74524,9,2,74,126,2018,1,14,1,2,8,1,0,1,0,0,0,0,0,0,7.33388E+20,5.38264E+21,1.21629E+16,4.85534E+16
74525,9,5,72,158,2018,1,13,4,3,2,6,0,0,1,0,0,0,0,0,6.50086E+20,5.4959E+21,1.1077E+16,4.9597E+16
74526,9,3,75,148,2018,1,17,6,3,5,2,1,0,1,0,0,0,0,0,7.02384E+20,5.43685E+21,1.177E+16,4.90513E+16
74527,9,4,78,165,2018,1,18,6,2,9,1,2,0,1,0,0,0,0,1,6.43873E+20,5.5523E+21,1.1012E+16,5.01055E+16
74528,9,5,71,113,2018,1,7,5,3,8,1,2,0,1,0,0,0,0,0,6.19309E+20,5.44619E+21,1.06364E+16,4.91569E+16
74529,9,2,72,142,2018,1,9,7,3,4,6,0,0,1,0,0,0,1,0,8.18823E+20,5.41427E+21,1.33421E+16,4.87996E+16
74530,9,5,74,155,2018,1,16,4,3,5,3,0,0,1,0,1,0,0,0,6.67584E+20,5.49314E+21,1.13178E+16,4.95676E+16
74531,9,5,64,0,2018,1,17,6,3,3,6,2,0,1,0,0,0,0,0,6.49196E+20,5.48309E+21,1.10598E+16,4.94821E+16
74532,9,5,74,123,2018,1,14,4,3,2,6,0,0,1,0,0,0,0,0,6.62148E+20,5.4725E+21,1.12342E+16,4.93836E+16
74533,9,1,89,134,2018,1,14,5,2,5,3,0,0,1,0,0,0,1,0,7.70901E+20,5.32126E+21,1.2631E+16,4.79872E+16
74534,9,5,74,154,2018,1,17,6,2,2,6,2,0,1,0,0,0,0,0,6.6275E+20,5.48507E+21,1.12476E+16,4.94965E+16
74535,9,1,63,0,2018,1,7,2,3,5,2,0,0,1,0,0,0,0,0,7.326E+20,5.30696E+21,1.21107E+16,4.78738E+16
74536,9,5,64,0,2018,1,17,4,3,5,3,1,0,1,0,0,0,0,0,6.53646E+20,5.47433E+21,1.11178E+16,4.94022E+16
74537,9,1,79,121,2018,1,11,6,3,0,7,0,1,0,0,0,0,0,0,6.66803E+20,5.33834E+21,1.12438E+16,4.81764E+16
74538,9,1,62,0,2018,1,11,7,3,5,2,0,0,1,0,0,0,0,0,6.94646E+20,5.33207E+21,1.16151E+16,4.81122E+16
74539,9,5,64,0,2018,1,17,4,3,9,1,2,0,1,0,0,0,0,0,6.47504E+20,5.48604E+21,1.10376E+16,4.9509E+16
74540,9,3,75,210,2018,1,8,6,3,5,2,0,0,1,0,0,0,1,1,7.45983E+20,5.43299E+21,1.23634E+16,4.90008E+16
74541,9,4,77,138,2018,1,9,5,3,5,2,0,0,1,0,0,0,0,1,6.85397E+20,5.56115E+21,1.15964E+16,5.01735E+16
74542,9,1,85,113,2018,1,19,7,2,8,1,2,0,1,0,0,0,0,0,6.67383E+20,5.3761E+21,1.12666E+16,4.85157E+16
74543,9,4,71,159,2018,1,16,2,3,3,1,0,0,1,0,0,0,0,0,6.40986E+20,5.5343E+21,1.0965E+16,4.99444E+16
74544,9,3,73,167,2018,1,3,6,1,2,6,2,0,1,0,0,1,0,1,6.9332E+20,5.45388E+21,1.16542E+16,4.92072E+16
74545,9,4,75,168,2018,1,10,4,2,5,3,0,0,1,0,0,1,0,1,7.09494E+20,5.56737E+21,1.19369E+16,5.02214E+16
74546,9,1,78,140,2018,1,6,2,3,2,6,2,0,1,0,0,0,0,0,7.07695E+20,5.36358E+21,1.18057E+16,4.83911E+16
74547,9,4,79,169,2018,1,11,4,3,5,2,0,0,1,0,0,0,1,0,7.20574E+20,5.55044E+21,1.20822E+16,5.00653E+16
74548,9,3,75,190,2018,1,5,6,2,4,2,2,0,1,0,0,0,0,0,7.26512E+20,5.44542E+21,1.21045E+16,4.91199E+16
74549,9,1,84,140,2018,1,15,5,3,1,7,0,0,1,0,0,0,0,0,7.006E+20,5.32795E+21,1.16931E+16,4.80732E+16
74550,9,5,72,135,2018,1,9,7,2,3,6,0,0,1,0,0,1,0,0,6.29688E+20,5.51096E+21,1.07999E+16,4.97372E+16
74551,9,4,75,154,2018,1,7,4,3,2,6,1,0,1,0,0,0,0,1,6.99778E+20,5.56411E+21,1.17991E+16,5.01954E+16
74552,9,1,76,123,2018,1,5,2,2,5,3,2,0,1,0,0,0,0,0,6.61447E+20,5.41708E+21,1.12023E+16,4.88856E+16
74553,9,3,63,0,2018,1,6,4,2,4,2,2,0,1,0,1,0,0,1,7.25711E+20,5.5082E+21,1.21292E+16,4.9684E+16
74554,9,1,78,143,2018,1,19,6,2,5,2,2,1,1,0,0,0,0,0,7.16752E+20,5.37311E+21,1.19328E+16,4.84737E+16
74555,9,6,63,0,2018,1,6,7,3,9,1,2,0,1,0,0,0,0,1,5.7111E+20,5.51968E+21,9.98866E+15,4.98253E+16
74556,9,3,74,124,2018,1,21,4,3,8,1,2,0,1,0,0,0,0,1,7.1189E+20,5.51151E+21,1.19397E+16,4.97187E+16
74557,9,3,71,157,2018,1,20,6,3,1,6,2,0,1,0,0,0,0,0,6.88491E+20,5.48639E+21,1.16034E+16,4.95008E+16
74558,9,3,72,167,2018,1,7,5,2,0,1,1,0,1,0,0,0,0,2,7.49047E+20,5.44571E+21,1.2413E+16,4.91138E+16
74559,9,7,78,116,2018,1,10,6,3,5,3,0,0,1,0,0,0,0,0,6.20403E+20,5.31802E+21,1.06142E+16,4.80041E+16
74560,9,3,75,170,2018,1,15,2,3,9,1,0,0,0,0,1,0,0,1,7.38312E+20,5.42732E+21,1.22554E+16,4.89529E+16
74561,9,3,73,134,2018,1,7,4,3,8,1,1,0,1,0,0,0,0,1,7.10366E+20,5.4527E+21,1.18873E+16,4.91909E+16
74562,9,1,62,0,2018,1,18,1,3,2,6,2,0,1,0,0,0,0,0,6.89251E+20,5.33903E+21,1.15458E+16,4.81763E+16
74563,9,3,72,146,2018,1,1,4,1,4,6,2,0,0,0,0,1,1,1,7.6364E+20,5.46488E+21,1.26252E+16,4.92797E+16
74564,9,3,76,144,2018,1,19,6,3,5,3,2,1,1,0,0,0,0,0,7.30621E+20,5.48258E+21,1.21822E+16,4.94521E+16
74565,9,7,76,114,2018,1,18,5,3,8,1,2,0,1,0,0,0,0,0,5.65079E+20,5.27713E+21,9.86648E+15,4.76443E+16
74566,9,5,71,136,2018,1,14,7,2,9,1,0,0,1,0,0,0,0,0,5.94304E+20,5.43576E+21,1.02911E+16,4.90674E+16
74567,9,2,62,0,2018,1,17,4,3,1,6,2,0,1,0,0,0,0,0,8.25253E+20,5.38579E+21,1.3407E+16,4.85408E+16
74568,9,3,76,125,2018,1,10,6,3,5,3,0,0,1,0,0,0,0,0,7.22376E+20,5.47657E+21,1.20652E+16,4.94012E+16
74569,9,2,75,124,2018,1,7,5,3,3,1,0,0,1,0,0,1,0,1,8.08698E+20,5.37323E+21,1.31741E+16,4.84364E+16
74570,9,6,73,160,2018,1,13,6,2,2,6,0,0,1,0,0,0,0,0,5.95962E+20,5.57491E+21,1.03479E+16,5.03185E+16
74571,9,2,77,119,2018,1,21,2,3,2,6,2,0,1,0,0,0,1,0,7.75949E+20,5.37316E+21,1.27322E+16,4.8451E+16
74572,9,2,76,135,2018,1,10,5,3,2,2,0,0,1,0,0,0,0,0,7.80435E+20,5.4444E+21,1.28413E+16,4.90885E+16
74573,9,7,61,0,2018,1,6,6,3,6,4,2,0,1,1,0,0,0,0,6.43351E+20,5.36066E+21,1.09361E+16,4.83828E+16
74574,9,2,75,134,2018,1,15,2,3,2,6,0,0,0,0,0,1,0,0,8.23658E+20,5.37414E+21,1.33764E+16,4.84371E+16
74575,9,2,62,0,2018,1,15,4,2,5,3,0,0,1,0,0,0,0,1,8.30149E+20,5.39184E+21,1.34779E+16,4.85924E+16