OBJECTID_1,ULAND,UREGBEZ,UKREIS,UGEMEINDE,UJAHR,UMONAT,USTUNDE,UWOCHENTAG,UKATEGORIE,UART,UTYP1,ULICHTVERH,IstRad,IstPKW,IstFuss,IstKrad,IstGkfz,IstSonstig,STRZUSTAND,LINREFX,LINREFY,XGCSWGS84,YGCSWGS84
74764,9,5,71,183,2018,2,14,7,3,8,7,0,0,1,0,0,0,0,1,6.00427E+20,5.4731E+21,1.03842E+16,4.94023E+16
74765,9,5,61,0,2018,2,11,5,3,3,2,0,1,0,0,0,1,0,1,6.15243E+20,5.46174E+21,1.05851E+16,4.92975E+16
74766,9,3,75,119,2018,1,6,4,2,4,2,2,0,1,0,0,0,0,0,7.37994E+20,5.44572E+21,1.22618E+16,4.91182E+16
74767,9,7,79,228,2018,2,12,6,2,4,2,0,0,1,0,0,0,0,0,6.26495E+20,5.41244E+21,1.07244E+16,4.88521E+16
74768,9,3,75,165,2018,1,11,4,3,2,6,0,0,1,0,0,0,0,0,7.2636E+20,5.43704E+21,1.20978E+16,4.90446E+16
74769,9,3,74,117,2018,2,20,6,1,4,6,2,0,1,0,0,0,0,1,7.05721E+20,5.51641E+21,1.18568E+16,4.97649E+16
74770,9,6,71,155,2018,1,14,4,3,2,6,0,0,1,0,0,0,0,0,5.03475E+20,5.53731E+21,9.04847E+15,4.99881E+16
74771,9,3,76,170,2018,1,8,4,3,2,6,0,0,1,0,0,0,0,0,7.27226E+20,5.4608E+21,1.2123E+16,4.92577E+16
74772,9,7,75,152,2018,2,16,5,3,8,1,0,0,1,0,0,0,0,1,5.78582E+20,5.35371E+21,1.00603E+16,4.83317E+16
74773,9,3,74,137,2018,1,20,4,3,8,1,2,0,1,0,0,0,0,1,7.46477E+20,5.49784E+21,1.24101E+16,4.95828E+16
74774,9,1,83,123,2018,2,15,7,3,8,1,0,0,1,0,0,0,0,1,7.36737E+20,5.34436E+21,1.21866E+16,4.82082E+16
74775,9,2,75,154,2018,1,11,4,3,2,6,0,0,1,0,0,0,0,0,8.08989E+20,5.3956E+21,1.31946E+16,4.8637E+16
74776,9,1,78,124,2018,2,19,6,3,2,2,2,0,1,0,0,0,0,0,7.03478E+20,5.36475E+21,1.17494E+16,4.8403E+16
74777,9,2,74,184,2018,1,18,4,3,4,6,2,0,1,0,0,1,0,1,7.47177E+20,5.36854E+21,1.23411E+16,4.84215E+16
74778,9,2,77,154,2018,2,1,7,2,8,1,2,0,1,0,0,0,0,0,7.84829E+20,5.35635E+21,1.28407E+16,4.82962E+16
74779,9,4,62,0,2018,2,18,5,3,6,2,2,0,1,1,0,0,0,1,6.84487E+20,5.53576E+21,1.15715E+16,4.99456E+16
74780,9,2,74,126,2018,1,7,4,3,4,2,0,0,1,0,0,0,0,1,7.32473E+20,5.38444E+21,1.21515E+16,4.85699E+16
74781,9,6,63,0,2018,2,8,6,3,5,2,0,1,1,0,0,0,0,1,5.67323E+20,5.51685E+21,9.93552E+15,4.98003E+16
74782,9,2,79,113,2018,1,6,4,2,8,7,2,0,1,0,0,0,0,0,7.77917E+20,5.39702E+21,1.27747E+16,4.86644E+16
74783,9,3,71,131,2018,2,5,6,2,8,1,2,0,0,0,0,0,1,1,6.96772E+20,5.47769E+21,1.17133E+16,4.94201E+16
74784,9,5,62,0,2018,1,13,4,3,2,6,0,0,1,0,0,0,0,1,6.39919E+20,5.49893E+21,1.09375E+16,4.96267E+16
74785,9,2,79,115,2018,1,23,4,3,4,2,2,0,1,0,0,0,0,0,7.61162E+20,5.38148E+21,1.25378E+16,4.8532E+16
74786,9,7,72,125,2018,2,0,7,1,8,1,2,0,1,0,0,0,0,0,6.30207E+20,5.34673E+21,1.07544E+16,4.82604E+16
74787,9,7,80,132,2018,2,18,5,2,4,1,2,0,1,0,0,1,0,2,5.76165E+20,5.26675E+21,1.00123E+16,4.75497E+16
74788,9,2,79,115,2018,1,12,4,3,5,3,0,0,1,0,0,0,0,0,7.61433E+20,5.38105E+21,1.25412E+16,4.8528E+16
74789,9,1,86,137,2018,2,19,7,2,5,3,0,0,1,0,0,0,0,0,6.84329E+20,5.39893E+21,1.1506E+16,4.87162E+16
74790,9,3,72,150,2018,2,9,5,3,5,3,0,0,1,0,0,0,0,1,7.51116E+20,5.4395E+21,1.24375E+16,4.90571E+16
74791,9,2,79,130,2018,1,17,4,3,0,3,0,0,1,0,1,0,0,1,7.48234E+20,5.38486E+21,1.2365E+16,4.85677E+16
74792,9,5,72,139,2018,2,16,6,2,5,3,0,0,1,0,0,0,0,1,6.27224E+20,5.50607E+21,1.07641E+16,4.96937E+16
74793,9,7,75,164,2018,1,5,4,3,8,1,1,0,1,0,0,0,0,0,5.84498E+20,5.35139E+21,1.01396E+16,4.831E+16
74794,9,3,74,111,2018,2,18,5,3,4,2,2,0,1,0,0,0,1,0,7.27114E+20,5.51273E+21,1.21513E+16,4.97241E+16
74795,9,1,73,147,2018,1,5,4,3,4,2,2,1,1,0,0,0,0,0,6.81408E+20,5.30952E+21,1.14279E+16,4.79133E+16
74796,9,6,78,135,2018,2,18,6,3,2,6,2,0,1,0,0,0,0,1,5.94607E+20,5.54202E+21,1.03207E+16,5.00229E+16
74797,9,1,83,140,2018,1,14,4,3,5,3,0,0,1,0,0,0,0,0,7.40224E+20,5.34026E+21,1.22312E+16,4.81701E+16
74798,9,2,71,119,2018,2,15,6,3,2,6,0,0,1,0,0,0,0,0,7.90337E+20,5.41738E+21,1.29573E+16,4.88414E+16
74799,9,4,75,120,2018,1,7,4,3,2,6,1,0,1,0,0,0,0,0,7.09908E+20,5.57451E+21,1.19466E+16,5.02854E+16
74800,9,5,75,165,2018,1,6,2,3,8,1,2,0,1,0,0,0,0,1,6.05416E+20,5.49684E+21,1.04593E+16,4.96149E+16
74801,9,6,72,127,2018,2,12,7,2,5,3,0,0,1,0,0,0,0,0,5.65022E+20,5.55132E+21,9.90937E+15,5.01106E+16
74802,9,7,71,146,2018,2,19,5,3,2,2,2,1,1,0,0,0,0,1,6.47148E+20,5.34862E+21,1.09832E+16,4.82736E+16
74803,9,1,89,157,2018,1,13,4,2,1,1,0,0,1,0,0,0,1,1,7.68487E+20,5.32446E+21,1.26007E+16,4.8017E+16
74804,9,1,79,121,2018,2,14,7,3,4,1,0,0,1,0,0,0,0,0,6.65713E+20,5.33956E+21,1.12297E+16,4.81876E+16
74805,9,1,89,150,2018,1,13,4,2,5,6,0,0,1,0,0,0,0,0,7.78274E+20,5.31955E+21,1.27285E+16,4.79687E+16
74806,9,5,64,0,2018,2,17,6,2,5,2,2,0,1,0,1,0,0,0,6.47637E+20,5.47466E+21,1.10352E+16,4.94067E+16
74807,9,2,78,113,2018,2,6,5,3,2,6,2,0,1,0,0,0,0,1,7.71892E+20,5.42127E+21,1.27091E+16,4.88847E+16
74808,9,7,80,119,2018,1,16,4,3,5,2,0,0,1,0,0,0,0,0,5.96876E+20,5.29503E+21,1.02937E+16,4.78013E+16
74809,9,5,61,0,2018,1,16,2,3,5,3,1,0,1,0,0,0,0,0,6.11845E+20,5.46419E+21,1.05391E+16,4.93202E+16
74810,9,1,71,124,2018,1,13,4,3,2,6,0,0,1,0,0,1,0,0,7.79874E+20,5.34384E+21,1.27657E+16,4.81861E+16
74811,9,1,85,158,2018,2,14,6,3,2,6,0,0,1,0,0,0,0,0,6.6799E+20,5.38179E+21,1.12771E+16,4.85667E+16
74812,9,1,72,128,2018,1,17,4,3,2,2,1,0,1,0,0,0,0,0,7.93811E+20,5.29859E+21,1.29219E+16,4.77736E+16
74813,9,4,74,126,2018,2,12,7,3,4,1,0,0,1,0,0,0,0,1,6.53214E+20,5.51075E+21,1.1126E+16,4.97298E+16
74814,9,5,64,0,2018,2,13,7,3,5,3,0,0,1,0,0,0,0,0,6.50174E+20,5.48172E+21,1.10728E+16,4.94696E+16
74815,9,2,63,0,2018,2,8,5,2,5,2,0,1,0,0,0,1,0,1,7.62229E+20,5.42038E+21,1.2577E+16,4.88809E+16
74816,9,1,87,174,2018,1,16,4,3,5,3,2,0,1,0,0,0,0,0,7.41033E+20,5.30992E+21,1.2225E+16,4.78973E+16
74817,9,1,90,111,2018,2,7,6,3,1,1,1,0,1,0,0,0,1,2,6.37545E+20,5.29614E+21,1.0837E+16,4.78039E+16
74818,9,1,61,0,2018,1,11,4,3,4,2,0,0,1,0,0,0,0,0,6.7914E+20,5.40134E+21,1.14366E+16,4.87393E+16
74819,9,4,76,164,2018,2,11,7,3,1,1,0,0,1,0,0,0,0,2,6.65679E+20,5.58263E+21,1.133E+16,5.03724E+16
74820,9,5,76,122,2018,2,15,7,3,2,6,0,0,1,0,0,0,0,0,6.69267E+20,5.43721E+21,1.13173E+16,4.90644E+16
74821,9,6,75,174,2018,2,3,5,2,8,7,2,0,1,0,0,0,0,1,5.88292E+20,5.5277E+21,1.02293E+16,4.98952E+16
74822,9,1,86,152,2018,1,8,4,3,2,6,0,0,1,0,0,0,0,0,6.9102E+20,5.376E+21,1.15863E+16,4.85081E+16
74823,9,1,84,135,2018,2,6,6,3,4,2,2,0,1,0,0,0,0,1,6.93154E+20,5.34723E+21,1.1602E+16,4.82488E+16
74824,9,1,61,0,2018,1,15,4,2,4,6,0,0,1,0,0,0,0,0,6.7233E+20,5.40371E+21,1.1345E+16,4.87626E+16
74825,9,4,77,127,2018,2,6,6,3,5,3,2,0,1,0,0,0,0,1,6.7903E+20,5.55485E+21,1.15044E+16,5.01188E+16
74826,9,2,75,126,2018,2,12,5,2,5,3,0,0,1,0,0,0,0,1,8.37301E+20,5.39828E+21,1.35798E+16,4.86464E+16
74827,9,6,63,0,2018,1,20,4,3,4,6,2,0,1,0,0,0,0,1,5.68426E+20,5.51684E+21,9.95085E+15,4.98001E+16
74828,9,1,86,158,2018,1,15,4,3,5,3,0,0,1,0,0,0,1,1,6.93278E+20,5.40521E+21,1.16305E+16,4.87699E+16
74829,9,1,74,115,2018,2,8,6,3,5,3,0,0,1,0,0,0,0,0,6.81291E+20,5.34709E+21,1.14423E+16,4.8251E+16
74830,9,1,76,111,2018,1,18,4,3,4,6,2,0,1,0,0,0,0,1,6.64262E+20,5.41419E+21,1.12395E+16,4.88589E+16
74831,9,3,72,146,2018,2,8,7,3,4,3,0,0,1,0,0,0,1,0,7.64071E+20,5.46411E+21,1.26306E+16,4.92726E+16
74832,9,5,71,205,2018,2,20,5,3,2,6,2,0,1,0,0,0,0,1,5.87407E+20,5.47331E+21,1.02049E+16,4.94062E+16
74833,9,1,62,0,2018,1,15,4,3,2,6,0,0,1,0,0,0,0,0,6.86568E+20,5.33329E+21,1.15072E+16,4.81255E+16
74834,9,6,63,0,2018,2,12,6,3,2,6,0,0,1,0,0,0,1,0,5.64883E+20,5.51161E+21,9.90074E+15,4.97535E+16
74835,9,1,78,120,2018,1,11,4,3,2,6,0,0,1,0,0,1,0,0,6.95213E+20,5.3531E+21,1.16324E+16,4.83009E+16
74836,9,5,74,155,2018,2,13,5,2,2,6,0,0,1,0,0,0,0,1,6.68828E+20,5.49352E+21,1.13351E+16,4.95707E+16
74837,9,1,78,137,2018,1,17,4,3,4,6,0,0,1,0,0,0,0,1,6.94237E+20,5.36622E+21,1.16253E+16,4.84192E+16
74838,9,7,78,150,2018,2,15,6,3,2,6,0,0,1,0,0,0,0,0,5.8422E+20,5.32081E+21,1.01298E+16,4.8035E+16
74839,9,1,62,0,2018,1,14,3,3,6,4,0,0,1,1,0,0,0,0,6.90063E+20,5.3393E+21,1.15568E+16,4.81785E+16
74840,9,4,71,119,2018,2,23,6,3,8,1,2,0,1,0,0,0,0,2,6.35158E+20,5.53618E+21,1.08845E+16,4.99627E+16
74841,9,6,73,161,2018,1,7,4,3,2,6,0,0,1,0,0,0,0,1,5.84719E+20,5.5722E+21,1.01895E+16,5.02958E+16
74842,9,1,84,137,2018,1,17,3,3,5,3,1,0,1,0,0,0,0,0,7.06318E+20,5.31687E+21,1.17644E+16,4.79719E+16
74843,9,1,84,134,2018,2,16,5,3,6,7,0,0,1,1,0,0,0,1,6.93867E+20,5.32273E+21,1.16004E+16,4.80284E+16
74844,9,7,75,134,2018,1,16,3,3,2,6,1,0,1,0,0,0,0,1,5.81309E+20,5.36302E+21,1.00989E+16,4.84151E+16
74845,9,2,61,0,2018,2,13,7,3,5,3,0,0,1,0,0,0,0,0,7.33729E+20,5.38138E+21,1.21668E+16,4.85419E+16
74846,9,4,74,158,2018,2,9,5,3,8,1,0,0,1,0,0,0,0,1,6.52E+20,5.50732E+21,1.11079E+16,4.96992E+16
74847,9,7,78,184,2018,1,19,3,3,7,7,2,0,0,0,1,0,0,0,5.99697E+20,5.32922E+21,1.03393E+16,4.81084E+16
74848,9,6,77,154,2018,2,16,6,3,4,6,1,0,1,0,0,0,0,1,5.42698E+20,5.51714E+21,9.5934E+15,4.98052E+16
74849,9,2,75,120,2018,2,9,5,3,2,6,0,0,1,0,0,0,0,1,8.12755E+20,5.40242E+21,1.32507E+16,4.86964E+16
74850,9,2,78,113,2018,2,9,5,2,4,6,0,0,1,0,0,0,1,1,7.64311E+20,5.41796E+21,1.26037E+16,4.88582E+16
74851,9,7,77,129,2018,1,9,3,2,5,3,0,0,1,0,0,1,0,0,6.25103E+20,5.27031E+21,1.06635E+16,4.75742E+16
74852,9,3,61,0,2018,2,7,6,3,2,6,1,0,1,0,0,0,1,0,7.06126E+20,5.48214E+21,1.18444E+16,4.94569E+16
74853,9,5,64,0,2018,1,16,4,3,2,6,1,0,1,0,0,0,0,1,6.45343E+20,5.4783E+21,1.10049E+16,4.94399E+16
74854,9,7,71,122,2018,1,11,3,3,9,6,0,0,1,0,0,0,0,1,6.49925E+20,5.3608E+21,1.10249E+16,4.83825E+16
74855,9,6,79,156,2018,2,14,7,3,3,6,0,0,1,0,0,0,0,0,5.74865E+20,5.52263E+21,1.00414E+16,4.98514E+16
74856,9,7,79,131,2018,2,7,5,3,5,2,0,0,1,0,0,0,0,1,6.33036E+20,5.39602E+21,1.08082E+16,4.8703E+16
74857,9,3,62,0,2018,2,12,6,2,4,2,0,1,1,0,0,0,0,0,7.30535E+20,5.43166E+21,1.21517E+16,4.89948E+16
74858,9,6,71,114,2018,1,6,4,3,4,6,2,1,0,0,0,0,0,1,5.01096E+20,5.5447E+21,9.01531E+15,5.00546E+16
74859,9,7,71,146,2018,1,7,3,3,2,2,1,1,1,0,0,0,0,0,6.47665E+20,5.34869E+21,1.09901E+16,4.82742E+16
74860,9,7,75,164,2018,2,17,5,3,5,3,0,0,1,0,1,0,0,0,5.85566E+20,5.35033E+21,1.01538E+16,4.83003E+16
74861,9,7,61,0,2018,1,7,3,3,6,2,1,0,0,1,0,0,1,0,6.38747E+20,5.36113E+21,1.08741E+16,4.83881E+16
74862,9,1,71,113,2018,2,12,7,3,0,6,0,0,1,0,0,1,0,1,7.79468E+20,5.33831E+21,1.27567E+16,4.81366E+16
74863,9,3,75,180,2018,2,13,5,3,8,1,0,0,1,0,0,0,0,1,7.25884E+20,5.42554E+21,1.20849E+16,4.89415E+16
74864,9,7,71,141,2018,1,17,3,3,8,6,0,0,1,0,0,0,1,0,6.56275E+20,5.3737E+21,1.11154E+16,4.8497E+16
74865,9,6,71,112,2018,2,20,6,2,9,1,2,0,1,0,0,0,0,1,5.18137E+20,5.5378E+21,9.25303E+15,4.99923E+16
74866,9,2,77,140,2018,2,17,5,2,6,7,2,0,1,1,0,0,0,1,7.93029E+20,5.35976E+21,1.29533E+16,4.8323E+16
74867,9,1,62,0,2018,1,8,4,3,5,2,0,0,1,0,0,0,0,0,6.87428E+20,5.34048E+21,1.1522E+16,4.81898E+16
74868,9,6,75,139,2018,1,7,3,2,5,3,2,0,1,0,0,0,0,1,5.92472E+20,5.50471E+21,1.0282E+16,4.96878E+16
74869,9,2,74,126,2018,2,16,6,3,4,2,0,0,1,0,0,0,0,0,7.31901E+20,5.38399E+21,1.21435E+16,4.8566E+16
74870,9,6,72,117,2018,1,8,3,3,5,3,0,0,1,0,0,0,0,1,5.69938E+20,5.56686E+21,9.98097E+15,5.02498E+16
74871,9,5,61,0,2018,1,8,2,2,5,3,0,1,1,0,0,0,0,0,6.10219E+20,5.4599E+21,1.05155E+16,4.92819E+16
74872,9,6,71,157,2018,2,12,7,3,5,3,0,0,1,0,0,0,0,1,5.27995E+20,5.52738E+21,9.3898E+15,4.98982E+16
74873,9,7,71,169,2018,2,5,5,2,4,6,2,0,1,0,0,1,0,1,6.38557E+20,5.37326E+21,1.08756E+16,4.84972E+16
74874,9,6,62,0,2018,1,14,3,3,1,3,0,0,1,1,0,0,0,0,5.88125E+20,5.54506E+21,1.0231E+16,5.00513E+16
74875,9,1,78,113,2018,2,6,7,3,8,1,2,0,1,0,0,0,0,0,6.91476E+20,5.36881E+21,1.15892E+16,4.84433E+16
74876,9,2,74,153,2018,2,16,5,2,0,1,0,0,1,0,0,0,0,2,7.30429E+20,5.40536E+21,1.21355E+16,4.87586E+16
74877,9,6,78,193,2018,1,5,3,3,9,1,2,0,1,0,0,0,0,1,5.77461E+20,5.53363E+21,1.00797E+16,4.995E+16
74878,9,6,78,186,2018,1,6,3,3,2,6,1,0,1,0,0,0,1,0,5.91149E+20,5.55135E+21,1.02747E+16,5.01074E+16
74879,9,1,61,0,2018,2,15,7,3,4,1,0,0,1,0,0,0,0,1,6.81965E+20,5.4053E+21,1.14767E+16,4.8774E+16
74880,9,3,73,147,2018,2,18,5,3,4,2,2,0,1,0,0,0,0,1,6.78137E+20,5.45906E+21,1.14483E+16,4.92584E+16
74881,9,6,72,145,2018,1,6,3,1,4,1,2,0,1,0,0,0,0,2,5.61496E+20,5.57426E+21,9.86379E+15,5.03172E+16
74882,9,5,74,138,2018,2,17,6,3,4,2,1,0,1,0,0,0,0,0,6.67091E+20,5.48751E+21,1.13085E+16,4.95172E+16
74883,9,2,74,134,2018,2,8,5,2,9,1,0,0,1,0,0,0,0,1,7.3812E+20,5.37254E+21,1.22211E+16,4.84609E+16
74884,9,7,78,173,2018,1,18,4,3,5,3,2,1,1,0,0,0,0,0,6.12294E+20,5.32244E+21,1.05067E+16,4.80453E+16
74885,9,6,76,126,2018,1,8,3,3,2,6,0,0,1,0,0,0,0,0,5.10149E+20,5.52572E+21,9.14128E+15,4.98838E+16
74886,9,1,72,117,2018,2,10,6,2,5,3,0,0,1,0,0,0,0,1,7.99535E+20,5.28245E+21,1.2987E+16,4.76261E+16
74887,9,6,76,112,2018,1,12,3,3,2,6,0,0,1,0,0,0,0,0,5.15655E+20,5.49956E+21,9.21686E+15,4.96484E+16
74888,9,4,77,121,2018,2,6,7,3,2,1,2,0,1,0,0,0,0,1,6.88691E+20,5.55017E+21,1.16371E+16,5.00738E+16
74889,9,5,74,139,2018,2,10,7,3,8,1,0,0,0,0,0,0,1,1,6.62519E+20,5.48144E+21,1.12429E+16,4.94638E+16
74890,9,6,77,157,2018,2,18,5,3,2,6,2,0,1,0,0,0,0,0,5.38163E+20,5.52001E+21,9.53065E+15,4.98313E+16
74891,9,6,61,0,2018,1,17,3,2,4,6,1,0,1,0,0,0,0,0,5.11491E+20,5.5372E+21,9.16029E+15,4.9987E+16
74892,9,1,62,0,2018,2,13,6,3,3,6,0,0,1,0,0,0,1,0,6.95663E+20,5.33393E+21,1.16296E+16,4.81285E+16
74893,9,2,73,165,2018,2,15,5,3,9,6,0,0,1,0,0,0,0,2,7.1551E+20,5.40997E+21,1.19352E+16,4.88053E+16
74894,9,6,61,0,2018,1,8,3,3,2,2,0,0,1,0,1,0,0,2,5.10781E+20,5.53624E+21,9.15037E+15,4.99784E+16
74895,9,4,72,199,2018,2,19,6,3,0,3,2,0,1,0,0,0,0,1,6.9663E+20,5.53568E+21,1.17405E+16,4.99411E+16
74896,9,2,74,126,2018,2,20,5,3,5,2,2,1,1,0,0,0,0,0,7.33262E+20,5.3827E+21,1.21612E+16,4.85539E+16
74897,9,6,77,157,2018,1,18,4,3,6,4,2,0,1,1,0,0,0,1,5.43128E+20,5.52186E+21,9.59989E+15,4.98476E+16
74898,9,5,65,0,2018,1,12,3,3,2,6,0,0,1,0,0,0,0,0,6.50055E+20,5.4669E+21,1.10656E+16,4.93363E+16
74899,9,1,74,150,2018,2,12,6,3,0,1,0,1,0,0,0,0,0,0,6.8332E+20,5.35995E+21,1.14752E+16,4.83661E+16
74900,9,5,76,151,2018,1,6,3,3,3,6,2,0,1,0,0,1,0,0,6.54351E+20,5.47079E+21,1.11262E+16,4.93703E+16
74901,9,4,76,164,2018,2,6,6,2,4,7,2,0,1,0,0,0,0,1,6.66635E+20,5.5837E+21,1.13439E+16,5.03817E+16
74902,9,7,79,154,2018,1,9,4,3,8,7,0,0,0,0,0,1,0,0,6.19202E+20,5.4258E+21,1.06289E+16,4.89736E+16
74903,9,5,76,151,2018,1,6,3,3,5,3,2,1,1,0,0,0,0,1,6.54302E+20,5.46866E+21,1.11247E+16,4.93511E+16
74904,9,1,88,139,2018,2,9,6,3,2,6,0,0,1,0,0,0,0,0,6.73585E+20,5.32165E+21,1.13282E+16,4.80245E+16
74905,9,5,74,112,2018,1,15,3,3,2,6,0,0,1,0,0,0,0,0,6.68841E+20,5.47203E+21,1.13261E+16,4.93776E+16
74906,9,3,77,139,2018,2,14,7,3,9,1,0,0,1,0,0,0,0,2,7.52986E+20,5.53511E+21,1.25242E+16,4.99147E+16
74907,9,5,71,228,2018,2,16,7,3,5,3,0,0,1,0,0,0,0,1,5.90363E+20,5.45697E+21,1.02419E+16,4.92588E+16
74908,9,5,64,0,2018,2,15,5,3,5,2,0,0,1,0,0,0,1,0,6.44568E+20,5.478E+21,1.09941E+16,4.94374E+16
74909,9,5,64,0,2018,1,14,3,2,5,2,0,1,1,0,0,0,0,0,6.47605E+20,5.47494E+21,1.10348E+16,4.94092E+16
74910,9,7,74,191,2018,2,7,6,3,5,2,1,0,1,0,0,0,0,0,5.96759E+20,5.35721E+21,1.03063E+16,4.83607E+16
74911,9,2,61,0,2018,2,13,5,3,6,4,0,0,1,1,0,0,0,0,7.31972E+20,5.38132E+21,1.2143E+16,4.85421E+16
74912,9,5,64,0,2018,1,14,3,3,5,2,0,0,1,0,0,0,0,0,6.51997E+20,5.47751E+21,1.10963E+16,4.94312E+16
74913,9,4,61,0,2018,2,17,6,3,1,6,2,0,1,0,0,0,0,0,6.37376E+20,5.53065E+21,1.09135E+16,4.99124E+16
74914,9,6,78,174,2018,1,18,4,3,4,6,2,0,1,0,0,0,0,1,5.98657E+20,5.55203E+21,1.03798E+16,5.01123E+16
74915,9,5,64,0,2018,1,13,3,3,5,2,0,1,1,0,0,0,0,0,6.5093E+20,5.47738E+21,1.10816E+16,4.94304E+16
74916,9,1,84,112,2018,2,7,5,3,0,7,1,0,0,1,0,0,1,1,7.01991E+20,5.33884E+21,1.17169E+16,4.81707E+16
74917,9,5,64,0,2018,1,13,3,2,0,6,0,1,1,0,0,0,0,0,6.51169E+20,5.47729E+21,1.10848E+16,4.94295E+16
74918,9,2,79,124,2018,2,11,7,3,4,6,0,0,1,0,0,0,0,0,7.54502E+20,5.38595E+21,1.24505E+16,4.85749E+16
74919,9,4,61,0,2018,2,10,5,3,2,6,0,0,1,0,0,0,0,1,6.35381E+20,5.52992E+21,1.08854E+16,4.99063E+16
74920,9,5,77,136,2018,1,13,3,3,2,6,0,0,1,0,0,0,0,1,6.22525E+20,5.43959E+21,1.06785E+16,4.9097E+16
74921,9,6,75,165,2018,2,13,6,3,5,3,0,0,1,0,0,0,0,0,5.89186E+20,5.51691E+21,1.02393E+16,4.9798E+16
74922,9,2,78,167,2018,2,5,7,1,4,6,2,0,1,0,0,0,1,0,7.67684E+20,5.41378E+21,1.26469E+16,4.88193E+16
74923,9,4,79,152,2018,2,9,5,3,0,1,0,0,1,0,0,0,0,1,7.21523E+20,5.5644E+21,1.21035E+16,5.01903E+16
74924,9,5,71,165,2018,1,16,3,3,0,7,0,0,0,0,1,0,0,0,6.29724E+20,5.46674E+21,1.07858E+16,4.93395E+16
74925,9,6,63,0,2018,2,4,6,3,8,1,2,0,1,0,0,0,0,2,5.6481E+20,5.51704E+21,9.90063E+15,4.98023E+16
74926,9,1,80,124,2018,2,18,5,3,2,6,2,0,1,0,0,0,0,1,6.64877E+20,5.28296E+21,1.11967E+16,4.7679E+16
74927,9,5,61,0,2018,1,18,3,3,2,6,2,0,1,0,0,0,0,0,6.15063E+20,5.45936E+21,1.05819E+16,4.92761E+16
74928,9,3,76,162,2018,2,18,6,3,9,6,2,0,1,0,0,0,0,1,7.29042E+20,5.47628E+21,1.21568E+16,4.9396E+16
74929,9,5,76,113,2018,1,9,4,3,8,7,0,0,0,0,0,1,1,0,6.61516E+20,5.45647E+21,1.1219E+16,4.92397E+16
74930,9,4,75,169,2018,1,13,3,2,0,1,0,1,0,0,0,0,0,0,6.84737E+20,5.57498E+21,1.15939E+16,5.0298E+16
74931,9,7,71,122,2018,2,2,7,2,9,1,2,0,1,0,0,0,0,0,6.51989E+20,5.35995E+21,1.10525E+16,4.83744E+16
74932,9,7,77,112,2018,2,4,5,3,9,7,2,0,1,0,0,0,0,1,6.2254E+20,5.30074E+21,1.0638E+16,4.78483E+16
74933,9,4,72,127,2018,1,2,3,3,8,1,2,0,1,0,0,0,0,1,6.8779E+20,5.52752E+21,1.16135E+16,4.98706E+16
74934,9,1,87,177,2018,2,7,7,3,2,2,2,0,1,0,1,0,0,0,7.35751E+20,5.30744E+21,1.21531E+16,4.7877E+16
74935,9,3,75,210,2018,2,4,5,3,8,7,2,0,1,0,0,0,0,1,7.51104E+20,5.43227E+21,1.24328E+16,4.89922E+16
74936,9,4,77,128,2018,1,16,3,3,5,2,1,0,1,0,0,0,0,0,6.74858E+20,5.55265E+21,1.14451E+16,5.01004E+16
74937,9,5,74,152,2018,2,18,6,3,2,6,2,0,1,0,0,0,0,0,6.63256E+20,5.48201E+21,1.12533E+16,4.94688E+16
74938,9,1,73,133,2018,2,7,5,3,2,6,1,0,1,0,0,0,0,1,6.78409E+20,5.28143E+21,1.13763E+16,4.76616E+16
74939,9,1,84,121,2018,1,18,4,3,5,3,2,0,1,0,0,0,1,0,7.05959E+20,5.32547E+21,1.17638E+16,4.80493E+16
74940,9,4,71,195,2018,1,9,3,3,5,3,0,1,1,0,0,0,0,0,6.41264E+20,5.52346E+21,1.09649E+16,4.98469E+16
74941,9,2,74,128,2018,2,13,6,3,3,6,0,1,1,0,0,0,0,0,7.35277E+20,5.38929E+21,1.21922E+16,4.86124E+16
74942,9,4,61,0,2018,1,12,3,2,5,3,0,0,1,0,0,0,0,0,6.38061E+20,5.52793E+21,1.0922E+16,4.98879E+16
74943,9,1,83,128,2018,2,14,5,3,4,1,0,0,1,0,0,0,1,1,7.61262E+20,5.34943E+21,1.25193E+16,4.82442E+16
74944,9,3,62,0,2018,1,6,3,3,1,6,2,0,1,0,0,0,0,1,7.2716E+20,5.43524E+21,1.21077E+16,4.90281E+16
74945,9,2,63,0,2018,2,13,6,3,2,6,0,0,1,0,0,0,0,0,7.62272E+20,5.42035E+21,1.25775E+16,4.88805E+16
74946,9,5,75,117,2018,1,15,4,3,9,1,0,0,1,0,0,0,0,0,6.23151E+20,5.49995E+21,1.07057E+16,4.96396E+16
74947,9,6,75,144,2018,2,18,7,2,8,1,2,0,1,0,0,0,0,1,5.88135E+20,5.50582E+21,1.02222E+16,4.96984E+16
74948,9,7,72,121,2018,2,7,5,3,5,7,0,0,1,0,0,0,0,1,6.33972E+20,5.37524E+21,1.08142E+16,4.8516E+16
74949,9,3,75,210,2018,1,9,3,3,0,7,0,1,0,0,0,0,0,1,7.49118E+20,5.43342E+21,1.24064E+16,4.90033E+16
74950,9,1,79,125,2018,2,21,7,3,4,6,2,0,1,0,0,0,0,1,6.60172E+20,5.33125E+21,1.1152E+16,4.81144E+16