OBJECTID_1,ULAND,UREGBEZ,UKREIS,UGEMEINDE,UJAHR,UMONAT,USTUNDE,UWOCHENTAG,UKATEGORIE,UART,UTYP1,ULICHTVERH,IstRad,IstPKW,IstFuss,IstKrad,IstGkfz,IstSonstig,STRZUSTAND,LINREFX,LINREFY,XGCSWGS84,YGCSWGS84
74951,9,1,89,154,2018,2,8,5,2,4,2,0,0,1,0,0,0,0,1,7.67942E+20,5.31913E+21,1.259E+16,4.79693E+16
74952,9,3,71,136,2018,2,23,5,3,9,7,2,0,1,0,0,0,0,1,7.0876E+20,5.47516E+21,1.18771E+16,4.93933E+16
74953,9,3,72,117,2018,1,21,3,3,9,1,2,0,1,0,0,0,0,1,7.71953E+20,5.45509E+21,1.27326E+16,4.91883E+16
74954,9,5,63,0,2018,2,9,6,3,2,7,0,0,1,0,0,0,0,1,6.44456E+20,5.48356E+21,1.09946E+16,4.94875E+16
74955,9,1,63,0,2018,2,10,5,3,3,3,0,1,1,0,0,0,0,1,7.33557E+20,5.3051E+21,1.21225E+16,4.78567E+16
74956,9,7,80,146,2018,1,17,4,2,6,7,0,0,1,1,0,0,0,0,5.93896E+20,5.2868E+21,1.02522E+16,4.77277E+16
74957,9,2,76,138,2018,2,13,5,3,0,1,0,0,0,0,1,0,0,1,7.97443E+20,5.43402E+21,1.30661E+16,4.89874E+16
74958,9,3,72,116,2018,1,9,3,3,3,6,0,0,1,0,0,0,0,0,7.64075E+20,5.45658E+21,1.26257E+16,4.92051E+16
74959,9,1,61,0,2018,2,12,6,2,3,2,0,1,0,0,0,1,0,0,6.77479E+20,5.39989E+21,1.14134E+16,4.87268E+16
74960,9,3,71,151,2018,1,13,3,2,2,2,0,0,1,0,1,0,0,0,7.01115E+20,5.48579E+21,1.17772E+16,4.94914E+16
74961,9,4,72,139,2018,2,15,7,3,8,1,0,0,1,0,0,0,0,2,6.97897E+20,5.55071E+21,1.17659E+16,5.00757E+16
74962,9,5,64,0,2018,2,21,7,3,2,6,2,0,1,0,0,0,0,0,6.4865E+20,5.48099E+21,1.10515E+16,4.94633E+16
74963,9,5,64,0,2018,2,6,5,3,9,6,2,0,1,0,0,0,0,1,6.59738E+20,5.47635E+21,1.12025E+16,4.94189E+16
74964,9,3,76,149,2018,1,17,3,2,0,7,2,0,1,0,0,0,1,1,7.34451E+20,5.45534E+21,1.22189E+16,4.9206E+16
74965,9,7,78,173,2018,2,17,6,2,4,2,1,0,1,0,0,0,0,1,6.12624E+20,5.32058E+21,1.05107E+16,4.80286E+16
74966,9,1,63,0,2018,2,19,5,3,2,6,2,0,1,0,0,0,0,1,7.33592E+20,5.3032E+21,1.21219E+16,4.78397E+16
74967,9,4,79,169,2018,2,18,7,3,4,7,2,0,1,0,0,0,0,1,7.14749E+20,5.54541E+21,1.19981E+16,5.00222E+16
74968,9,5,72,135,2018,2,11,7,3,2,6,0,0,1,0,0,0,0,0,6.32048E+20,5.50913E+21,1.0832E+16,4.97201E+16
74969,9,6,63,0,2018,2,18,5,3,3,2,2,1,1,0,0,0,0,0,5.68069E+20,5.5167E+21,9.94587E+15,4.97989E+16
74970,9,2,78,151,2018,1,17,3,3,5,3,2,0,1,0,0,0,0,0,7.69248E+20,5.43212E+21,1.26803E+16,4.89832E+16
74971,9,1,62,0,2018,2,19,6,2,5,3,2,0,1,0,0,0,0,0,6.91749E+20,5.3319E+21,1.15762E+16,4.81115E+16
74972,9,1,85,158,2018,2,11,5,1,4,6,0,0,0,0,0,1,1,1,6.67888E+20,5.38008E+21,1.12751E+16,4.85513E+16
74973,9,2,75,114,2018,1,10,3,2,4,6,0,0,1,0,0,0,0,0,8.01098E+20,5.39103E+21,1.30844E+16,4.85998E+16
74974,9,4,77,163,2018,2,19,6,3,5,2,2,0,1,0,0,0,0,1,6.85794E+20,5.55335E+21,1.15982E+16,5.01033E+16
74975,9,1,76,143,2018,2,14,5,3,2,6,0,0,1,0,0,0,0,1,6.80751E+20,5.41001E+21,1.14623E+16,4.88167E+16
74976,9,7,79,181,2018,1,9,4,3,3,7,0,0,0,0,0,1,1,0,6.35232E+20,5.38856E+21,1.08356E+16,4.86354E+16
74977,9,2,79,116,2018,1,20,3,3,2,6,2,0,1,0,0,1,0,0,7.59444E+20,5.39591E+21,1.25236E+16,4.86623E+16
74978,9,1,81,130,2018,2,10,6,3,0,5,0,1,1,0,0,0,0,0,6.39449E+20,5.32305E+21,1.08711E+16,4.80455E+16
74979,9,2,74,174,2018,1,5,3,3,4,2,2,0,1,0,0,0,0,1,7.45361E+20,5.39386E+21,1.23315E+16,4.86496E+16
74980,9,3,76,117,2018,2,9,5,3,2,1,0,0,1,0,0,0,0,1,7.39773E+20,5.46191E+21,1.22958E+16,4.92629E+16
74981,9,3,75,208,2018,2,15,7,3,2,6,0,0,1,0,0,0,0,0,7.30725E+20,5.44018E+21,1.21592E+16,4.90712E+16
74982,9,5,71,205,2018,2,20,5,3,2,6,2,0,1,0,0,0,0,1,5.87407E+20,5.47332E+21,1.02049E+16,4.94062E+16
74983,9,2,73,133,2018,1,9,3,2,4,1,0,0,1,0,1,0,0,1,7.10856E+20,5.4245E+21,1.18794E+16,4.89375E+16
74984,9,6,75,142,2018,2,14,6,3,2,6,0,0,1,0,0,0,0,0,5.95126E+20,5.51433E+21,1.03212E+16,4.97739E+16
74985,9,1,76,123,2018,2,19,5,2,5,3,2,1,1,0,0,0,0,0,6.59513E+20,5.41814E+21,1.11764E+16,4.88957E+16
74986,9,2,73,137,2018,1,18,3,3,2,6,2,0,1,0,0,0,0,0,7.1063E+20,5.42161E+21,1.18748E+16,4.89116E+16
74987,9,3,74,124,2018,2,7,6,3,2,2,0,0,1,0,0,0,0,1,7.10238E+20,5.51156E+21,1.19168E+16,4.97198E+16
74988,9,1,76,114,2018,2,6,5,2,1,3,1,0,1,0,0,1,0,0,6.86682E+20,5.427E+21,1.15508E+16,4.89677E+16
74989,9,6,61,0,2018,1,19,4,3,6,2,2,0,1,1,0,0,0,1,5.09773E+20,5.53704E+21,9.13633E+15,4.99856E+16
74990,9,2,79,112,2018,1,15,3,3,2,6,0,0,1,0,0,0,0,0,7.57464E+20,5.39244E+21,1.24946E+16,4.8632E+16
74991,9,1,73,123,2018,1,13,3,3,9,1,0,0,1,0,0,0,0,0,6.78356E+20,5.30269E+21,1.13843E+16,4.78527E+16
74992,9,4,74,154,2018,2,8,6,3,5,3,0,0,1,0,0,0,0,0,6.54551E+20,5.49706E+21,1.11392E+16,4.96063E+16
74993,9,1,74,126,2018,2,12,5,3,2,6,0,0,1,0,0,0,0,1,6.83842E+20,5.3438E+21,1.14752E+16,4.82208E+16
74994,9,6,78,122,2018,1,18,4,3,6,6,2,0,1,1,0,0,0,1,5.99844E+20,5.52917E+21,1.03905E+16,4.99066E+16
74995,9,1,90,120,2018,1,12,3,1,4,1,0,0,1,0,0,0,0,0,6.67017E+20,5.29558E+21,1.12301E+16,4.77919E+16
74996,9,1,62,0,2018,2,13,5,3,5,2,0,0,1,0,0,0,0,2,6.88711E+20,5.32899E+21,1.15341E+16,4.80863E+16
74997,9,1,89,157,2018,1,18,3,3,2,6,2,0,1,0,0,0,0,0,7.64395E+20,5.32529E+21,1.25464E+16,4.80261E+16
74998,9,2,73,165,2018,2,15,7,3,2,6,0,0,1,0,0,0,0,2,7.14885E+20,5.409E+21,1.19262E+16,4.87969E+16
74999,9,4,62,0,2018,2,8,5,3,3,6,1,0,1,0,0,0,0,1,6.87113E+20,5.53798E+21,1.16091E+16,4.99648E+16
75000,9,1,87,163,2018,1,6,3,3,2,6,1,0,1,0,0,0,0,1,7.38471E+20,5.30872E+21,1.21901E+16,4.78875E+16
75001,9,6,79,170,2018,2,11,6,2,5,3,0,0,1,0,0,0,0,0,5.77726E+20,5.50048E+21,1.00768E+16,4.96518E+16
75002,9,1,74,115,2018,2,9,5,3,5,3,0,0,1,0,0,0,0,1,6.8334E+20,5.34778E+21,1.14701E+16,4.82567E+16
75003,9,1,76,126,2018,1,12,3,3,5,3,0,0,1,0,0,0,1,0,6.75433E+20,5.40649E+21,1.13884E+16,4.87866E+16
75004,9,3,71,144,2018,2,10,6,3,5,3,0,0,1,0,0,0,1,1,7.03547E+20,5.4842E+21,1.18099E+16,4.94763E+16
75005,9,5,63,0,2018,1,13,4,3,2,6,0,0,1,0,0,0,0,1,6.44672E+20,5.48277E+21,1.09973E+16,4.94803E+16
75006,9,1,85,149,2018,1,8,3,3,5,3,0,0,1,0,0,0,0,1,6.63129E+20,5.39873E+21,1.1218E+16,4.87202E+16
75007,9,7,61,0,2018,2,16,7,3,8,1,0,0,1,0,0,0,0,0,6.40822E+20,5.36056E+21,1.0902E+16,4.83825E+16
75008,9,7,79,181,2018,2,0,5,2,8,1,2,0,1,0,0,0,0,1,6.32171E+20,5.39228E+21,1.07952E+16,4.86695E+16
75009,9,1,88,120,2018,1,9,3,3,5,3,0,0,1,0,0,0,0,0,6.76552E+20,5.32534E+21,1.13695E+16,4.80569E+16
75010,9,1,86,149,2018,2,12,7,3,2,6,0,0,1,0,0,0,0,0,6.8825E+20,5.38637E+21,1.15536E+16,4.86021E+16
75011,9,3,73,147,2018,2,11,5,3,1,6,0,0,1,0,0,1,0,0,6.80423E+20,5.46358E+21,1.14817E+16,4.92983E+16
75012,9,7,75,152,2018,2,15,5,3,8,1,0,0,1,0,0,1,0,2,5.7759E+20,5.35384E+21,1.00469E+16,4.83329E+16
75013,9,1,84,112,2018,1,7,3,3,2,6,2,0,1,0,0,0,0,0,7.03327E+20,5.33915E+21,1.1735E+16,4.81731E+16
75014,9,1,89,145,2018,2,10,7,3,2,6,0,0,1,0,0,0,0,2,7.73588E+20,5.30266E+21,1.26551E+16,4.78191E+16
75015,9,3,75,180,2018,2,19,5,3,4,2,2,0,1,0,0,0,0,1,7.24304E+20,5.42957E+21,1.20655E+16,4.89783E+16
75016,9,1,84,147,2018,1,6,3,3,2,6,2,0,1,0,0,0,0,0,6.99615E+20,5.34143E+21,1.16862E+16,4.81947E+16
75017,9,6,72,139,2018,2,18,6,3,1,2,2,0,1,0,0,0,0,1,5.70622E+20,5.55915E+21,9.98914E+15,5.01803E+16
75018,9,1,78,145,2018,2,17,5,3,3,6,2,0,1,0,0,0,0,2,6.93681E+20,5.35629E+21,1.16132E+16,4.83301E+16
75019,9,1,62,0,2018,1,17,3,3,3,6,1,0,1,0,0,1,0,1,6.95898E+20,5.3463E+21,1.16385E+16,4.82397E+16
75020,9,2,62,0,2018,2,4,6,3,8,1,2,0,1,0,0,1,0,1,8.25186E+20,5.3869E+21,1.3407E+16,4.85508E+16
75021,9,1,62,0,2018,1,7,3,3,3,6,0,0,1,0,0,0,0,0,6.85923E+20,5.34322E+21,1.15029E+16,4.82149E+16
75022,9,4,78,139,2018,1,14,2,3,0,1,0,0,1,0,0,1,0,0,6.43374E+20,5.55912E+21,1.10076E+16,5.01669E+16
75023,9,6,73,161,2018,2,13,7,3,1,6,0,0,1,0,0,0,0,1,5.84715E+20,5.57219E+21,1.01894E+16,5.02957E+16
75024,9,7,61,0,2018,2,7,5,3,4,2,1,0,1,0,0,0,0,1,6.39831E+20,5.35248E+21,1.08859E+16,4.831E+16
75025,9,1,78,120,2018,1,5,3,3,5,2,2,0,1,0,1,0,0,0,6.95197E+20,5.35308E+21,1.16322E+16,4.83008E+16
75026,9,1,74,121,2018,2,6,7,3,9,1,2,0,1,0,0,0,0,0,6.87768E+20,5.35326E+21,1.15322E+16,4.83046E+16
75027,9,1,77,133,2018,2,17,5,3,2,6,2,0,1,0,0,0,0,1,7.12573E+20,5.3544E+21,1.18669E+16,4.83071E+16
75028,9,1,77,126,2018,1,7,3,3,5,3,1,0,1,0,0,0,0,1,7.20907E+20,5.36949E+21,1.1987E+16,4.84397E+16
75029,9,5,77,177,2018,2,10,6,3,5,3,0,1,1,0,0,0,0,0,6.43693E+20,5.43253E+21,1.09658E+16,4.90289E+16
75030,9,1,77,117,2018,2,6,5,3,4,2,2,0,1,0,0,0,0,1,7.16423E+20,5.35429E+21,1.19187E+16,4.83047E+16
75031,9,7,63,0,2018,1,7,4,3,6,4,0,0,1,1,0,0,0,0,5.99694E+20,5.28511E+21,1.03291E+16,4.77117E+16
75032,9,1,84,141,2018,1,15,2,3,2,6,0,0,1,0,0,0,0,0,6.98191E+20,5.31239E+21,1.16536E+16,4.79342E+16
75033,9,1,84,148,2018,1,14,2,2,6,4,0,0,1,1,0,0,0,0,6.9518E+20,5.32759E+21,1.16202E+16,4.80717E+16
75034,9,5,72,164,2018,2,10,6,3,5,3,0,0,1,0,0,1,0,0,6.29575E+20,5.49792E+21,1.0794E+16,4.962E+16
75035,9,7,75,135,2018,1,16,4,3,0,6,0,0,1,0,0,0,0,0,5.80793E+20,5.36278E+21,1.00918E+16,4.8413E+16
75036,9,1,84,146,2018,1,18,2,3,5,2,2,0,1,0,1,0,0,0,6.97499E+20,5.32836E+21,1.16517E+16,4.80779E+16
75037,9,1,83,120,2018,2,9,6,2,4,2,0,0,1,0,0,0,0,0,7.51535E+20,5.3498E+21,1.23887E+16,4.82514E+16
75038,9,7,64,0,2018,1,7,2,3,2,6,0,0,1,0,0,0,0,0,5.88307E+20,5.31305E+21,1.0183E+16,4.79646E+16
75039,9,4,73,153,2018,2,9,7,3,4,2,0,0,1,0,0,0,0,0,6.42133E+20,5.56543E+21,1.09926E+16,5.0224E+16
75040,9,5,74,140,2018,2,22,7,2,8,1,2,0,1,0,0,0,0,2,6.83214E+20,5.50114E+21,1.15374E+16,4.9635E+16
75041,9,6,62,0,2018,2,19,5,2,5,3,2,1,1,0,0,0,0,1,5.88234E+20,5.54563E+21,1.02326E+16,5.00564E+16
75042,9,7,74,135,2018,1,16,2,3,2,6,0,0,1,0,0,0,0,0,5.95734E+20,5.36425E+21,1.0294E+16,4.84241E+16
75043,9,1,62,0,2018,2,11,6,3,5,3,0,1,1,0,0,0,0,0,6.82124E+20,5.33546E+21,1.14485E+16,4.81463E+16
75044,9,7,77,128,2018,1,14,2,3,4,6,0,0,1,0,0,1,0,0,6.12915E+20,5.30243E+21,1.05098E+16,4.78653E+16
75045,9,4,77,138,2018,2,21,6,3,9,1,2,0,1,0,0,0,0,2,6.88714E+20,5.55927E+21,1.16419E+16,5.01556E+16
75046,9,6,79,138,2018,1,18,4,3,4,2,2,0,1,0,0,0,0,1,5.68384E+20,5.49939E+21,9.94721E+15,4.96431E+16
75047,9,7,77,124,2018,1,18,2,3,8,1,2,0,1,0,0,0,0,0,6.13829E+20,5.30611E+21,1.0523E+16,4.78983E+16
75048,9,1,74,126,2018,2,16,6,3,2,6,1,0,1,0,0,0,0,0,6.83709E+20,5.34396E+21,1.14735E+16,4.82222E+16
75049,9,7,77,130,2018,1,17,2,3,4,6,1,0,1,0,0,0,0,0,6.25808E+20,5.31395E+21,1.06855E+16,4.79665E+16
75050,9,3,61,0,2018,2,13,7,3,2,6,0,0,1,0,0,0,0,1,7.06336E+20,5.4854E+21,1.1849E+16,4.94862E+16
75051,9,5,75,168,2018,2,9,5,3,8,1,0,0,1,0,0,0,0,0,5.88382E+20,5.48532E+21,1.0221E+16,4.95141E+16
75052,9,7,73,139,2018,1,19,2,3,0,7,2,0,1,0,0,0,1,0,6.17171E+20,5.38463E+21,1.05894E+16,4.86038E+16
75053,9,1,88,145,2018,2,21,6,3,9,1,2,0,1,0,0,0,0,0,6.65731E+20,5.32837E+21,1.12255E+16,4.8087E+16
75054,9,7,71,130,2018,1,17,2,3,0,2,2,1,0,0,0,0,0,0,6.45619E+20,5.35773E+21,1.09657E+16,4.83559E+16
75055,9,4,71,145,2018,2,12,7,3,2,6,0,0,1,0,0,0,0,1,6.43859E+20,5.52064E+21,1.1E+16,4.98209E+16
75056,9,5,75,127,2018,2,11,7,2,7,1,0,0,1,0,0,0,0,1,5.84169E+20,5.48987E+21,1.01638E+16,4.95556E+16
75057,9,5,72,135,2018,2,15,5,3,5,3,0,0,1,0,1,0,0,1,6.30866E+20,5.50647E+21,1.08147E+16,4.96966E+16
75058,9,7,71,145,2018,1,7,2,3,4,2,1,0,1,0,1,0,0,1,6.47504E+20,5.34631E+21,1.09872E+16,4.82528E+16
75059,9,7,78,219,2018,2,21,6,3,8,1,2,0,1,0,0,0,0,0,5.91538E+20,5.30705E+21,1.0225E+16,4.79102E+16
75060,9,4,71,220,2018,1,22,2,3,8,1,2,0,1,0,0,0,0,1,6.20314E+20,5.51016E+21,1.06696E+16,4.97319E+16
75061,9,4,71,220,2018,2,6,6,3,4,1,0,0,1,0,0,0,0,2,6.14813E+20,5.51363E+21,1.05943E+16,4.97641E+16
75062,9,6,78,123,2018,1,7,4,3,1,6,1,0,1,0,0,0,0,1,5.86054E+20,5.54748E+21,1.02026E+16,5.00734E+16
75063,9,6,63,0,2018,1,14,2,3,4,6,0,0,1,0,0,0,1,0,5.6871E+20,5.51328E+21,9.95417E+15,4.97681E+16
75064,9,1,84,123,2018,2,7,5,3,6,7,1,0,1,1,0,0,0,1,7.0219E+20,5.33215E+21,1.17164E+16,4.81105E+16
75065,9,6,63,0,2018,1,21,2,3,2,6,2,0,1,0,0,0,0,0,5.66266E+20,5.51713E+21,9.92088E+15,4.98029E+16
75066,9,2,79,132,2018,2,3,7,3,0,7,2,0,1,0,0,0,0,0,7.70776E+20,5.40051E+21,1.26802E+16,4.86988E+16
75067,9,4,71,195,2018,2,9,5,1,6,4,0,0,1,1,0,0,0,1,6.41556E+20,5.52321E+21,1.09689E+16,4.98446E+16
75068,9,6,79,182,2018,1,16,2,3,5,2,1,0,1,0,0,0,0,0,5.70392E+20,5.48474E+21,9.97239E+15,4.95112E+16
75069,9,6,77,151,2018,2,15,6,3,5,3,0,0,1,0,0,0,0,1,5.38309E+20,5.5138E+21,9.53207E+15,4.97754E+16
75070,9,2,78,177,2018,2,10,5,2,5,3,0,0,1,0,0,0,0,1,7.54343E+20,5.42304E+21,1.24713E+16,4.8908E+16
75071,9,6,75,141,2018,1,11,2,3,8,7,0,0,1,0,0,0,0,0,5.86822E+20,5.51161E+21,1.02053E+16,4.97507E+16
75072,9,2,78,113,2018,2,10,6,3,9,1,0,0,1,0,0,0,0,0,7.69131E+20,5.41638E+21,1.26683E+16,4.8842E+16
75073,9,6,79,185,2018,2,3,6,2,8,1,2,0,0,0,0,0,1,1,5.75943E+20,5.51437E+21,1.00548E+16,4.9777E+16
75074,9,6,75,158,2018,1,15,2,3,9,7,0,0,1,0,0,0,0,0,5.99797E+20,5.51734E+21,1.03868E+16,4.98002E+16
75075,9,3,76,141,2018,2,14,6,3,2,6,0,0,1,0,0,0,1,0,7.27395E+20,5.45179E+21,1.21202E+16,4.91767E+16
75076,9,5,65,0,2018,1,7,4,3,2,6,0,0,1,0,0,0,0,0,6.49864E+20,5.46673E+21,1.10629E+16,4.93349E+16
75077,9,6,78,150,2018,1,20,2,3,1,6,2,0,1,0,0,0,0,0,5.90701E+20,5.53537E+21,1.02646E+16,4.99637E+16
75078,9,7,80,119,2018,2,9,5,3,3,1,0,0,1,0,0,0,0,2,5.9671E+20,5.2973E+21,1.0292E+16,4.78218E+16
75079,9,5,62,0,2018,1,7,2,3,6,4,2,0,1,1,0,0,0,0,6.44298E+20,5.49493E+21,1.09966E+16,4.95897E+16
75080,9,1,72,129,2018,2,12,7,3,1,1,0,0,1,0,0,0,0,2,7.90112E+20,5.28042E+21,1.28606E+16,4.76122E+16
75081,9,3,75,115,2018,2,21,5,2,4,6,2,0,1,0,0,0,0,1,7.39494E+20,5.41967E+21,1.2267E+16,4.88837E+16
75082,9,5,74,135,2018,1,14,2,3,9,1,0,0,1,0,0,0,0,0,6.76137E+20,5.49034E+21,1.14347E+16,4.954E+16
75083,9,6,76,144,2018,2,17,6,3,5,3,1,0,1,0,0,0,0,1,5.08405E+20,5.52907E+21,9.11707E+15,4.9914E+16
75084,9,1,84,132,2018,1,17,4,3,3,2,2,1,1,0,0,0,0,0,6.83832E+20,5.32942E+21,1.14688E+16,4.80915E+16
75085,9,5,74,123,2018,1,6,2,3,5,3,2,0,1,0,0,0,0,1,6.61755E+20,5.47069E+21,1.1228E+16,4.93674E+16
75086,9,2,74,113,2018,2,18,6,3,5,3,2,1,1,0,0,0,0,0,7.28487E+20,5.38155E+21,1.2096E+16,4.85454E+16
75087,9,5,73,130,2018,1,19,2,3,5,2,2,0,1,0,0,0,0,0,6.3582E+20,5.48559E+21,1.08761E+16,4.95077E+16
75088,9,4,77,128,2018,1,7,2,3,7,7,2,0,1,0,0,0,0,1,6.76867E+20,5.54953E+21,1.14717E+16,5.00717E+16
75089,9,6,61,0,2018,2,21,7,3,8,1,2,0,0,0,1,0,0,0,5.1257E+20,5.53454E+21,9.17526E+15,4.99631E+16
75090,9,6,79,130,2018,2,17,5,3,8,1,2,0,1,0,0,0,0,0,5.71676E+20,5.52099E+21,9.99677E+15,4.98371E+16
75091,9,3,72,149,2018,2,21,4,3,9,1,2,0,1,0,0,0,0,2,7.43029E+20,5.45386E+21,1.23356E+16,4.91894E+16
75092,9,3,73,113,2018,2,13,3,3,2,6,0,0,1,0,0,1,0,0,6.77184E+20,5.46745E+21,1.14389E+16,4.9334E+16
75093,9,1,62,0,2018,2,17,5,3,5,2,2,0,1,0,0,0,0,1,6.96811E+20,5.33369E+21,1.16449E+16,4.8126E+16
75094,9,2,76,135,2018,2,18,3,3,5,3,2,0,1,0,0,0,0,1,7.7941E+20,5.44474E+21,1.28275E+16,4.9092E+16
75095,9,1,89,155,2018,2,12,4,2,6,4,0,0,1,1,0,0,0,2,7.715E+20,5.30792E+21,1.26306E+16,4.78671E+16
75096,9,2,77,126,2018,2,18,3,3,6,6,2,0,1,1,0,0,0,0,7.92287E+20,5.38405E+21,1.29603E+16,4.85413E+16
75097,9,1,76,129,2018,2,5,5,3,8,1,2,0,1,0,0,0,0,1,6.87314E+20,5.40842E+21,1.15509E+16,4.88005E+16
75098,9,2,72,150,2018,2,17,3,3,2,6,1,0,1,0,0,0,0,0,8.14742E+20,5.40921E+21,1.32828E+16,4.87562E+16
75099,9,1,77,123,2018,2,19,4,3,2,7,2,0,1,0,0,0,0,2,7.29963E+20,5.3425E+21,1.20946E+16,4.8194E+16
75100,9,6,79,130,2018,2,5,4,3,8,7,2,0,1,0,0,0,0,0,5.71661E+20,5.52308E+21,9.99694E+15,4.98558E+16
75101,9,2,77,111,2018,2,14,3,2,9,7,0,0,1,0,0,0,1,0,7.78908E+20,5.38664E+21,1.27812E+16,4.85707E+16
75102,9,2,79,132,2018,2,6,3,3,3,6,0,0,1,0,0,0,0,0,7.70273E+20,5.4001E+21,1.26731E+16,4.86953E+16
75103,9,2,75,114,2018,2,6,4,3,8,7,1,0,1,0,0,0,0,1,7.9923E+20,5.39054E+21,1.30588E+16,4.85964E+16
75104,9,2,74,176,2018,2,6,3,3,5,3,1,1,1,0,0,0,0,1,7.23465E+20,5.39709E+21,1.20364E+16,4.86868E+16
75105,9,6,63,0,2018,2,18,5,2,0,6,2,0,1,0,0,0,1,0,5.67409E+20,5.51683E+21,9.93671E+15,4.98002E+16
75106,9,2,74,172,2018,2,16,3,2,1,6,0,0,1,0,0,0,0,0,7.18827E+20,5.39302E+21,1.19713E+16,4.86519E+16
75107,9,1,82,114,2018,2,7,4,3,4,6,0,0,1,0,0,0,0,1,7.21297E+20,5.29139E+21,1.19518E+16,4.77379E+16
75108,9,1,78,155,2018,2,8,5,3,9,1,0,0,1,0,0,0,0,2,7.15469E+20,5.37535E+21,1.19166E+16,4.84943E+16
75109,9,2,74,176,2018,2,1,3,3,0,1,2,0,1,0,0,0,0,1,7.23613E+20,5.39683E+21,1.20383E+16,4.86845E+16
75110,9,7,73,170,2018,2,17,5,3,9,1,1,0,1,0,0,0,0,0,5.95481E+20,5.38932E+21,1.02964E+16,4.86496E+16
75111,9,2,74,156,2018,2,7,3,3,9,1,1,0,1,0,0,0,0,1,7.43014E+20,5.38802E+21,1.22963E+16,4.8598E+16
75112,9,1,71,137,2018,2,18,4,3,2,2,2,0,1,0,0,0,0,2,7.70883E+20,5.35245E+21,1.26505E+16,4.82673E+16
75113,9,1,81,130,2018,2,14,5,3,2,6,0,0,1,0,0,0,0,1,6.36255E+20,5.32298E+21,1.08282E+16,4.80456E+16
75114,9,2,74,128,2018,2,19,3,3,2,6,2,0,1,0,0,0,0,0,7.36888E+20,5.3892E+21,1.2214E+16,4.8611E+16
75115,9,7,71,113,2018,2,17,3,3,3,6,1,0,1,0,0,0,1,1,6.60598E+20,5.36612E+21,1.1171E+16,4.84278E+16
75116,9,7,75,111,2018,2,13,3,3,3,6,0,0,1,0,0,1,0,0,5.83234E+20,5.33329E+21,1.0119E+16,4.81474E+16
75117,9,7,61,0,2018,2,19,7,3,2,6,2,0,1,0,0,0,0,1,6.37898E+20,5.36173E+21,1.08629E+16,4.83936E+16
75118,9,6,76,126,2018,2,22,4,3,9,1,2,0,1,0,0,0,0,2,5.11025E+20,5.52372E+21,9.15341E+15,4.98658E+16
75119,9,1,84,142,2018,2,11,3,3,3,3,0,0,1,0,0,1,0,0,6.81211E+20,5.31853E+21,1.14291E+16,4.79944E+16
75120,9,1,80,124,2018,2,15,3,3,6,2,0,0,1,1,0,0,0,0,6.65316E+20,5.28326E+21,1.12027E+16,4.76816E+16
75121,9,2,72,120,2018,2,16,4,2,4,1,1,0,1,0,0,0,0,2,8.22293E+20,5.42192E+21,1.33952E+16,4.88664E+16
75122,9,1,73,126,2018,2,7,3,3,2,2,0,0,1,0,0,0,0,0,6.83728E+20,5.30618E+21,1.14575E+16,4.78826E+16
75123,9,4,64,0,2018,2,9,5,3,5,3,0,0,1,0,0,0,0,2,7.08424E+20,5.57765E+21,1.19276E+16,5.03141E+16
75124,9,6,78,193,2018,2,16,5,2,5,3,0,1,0,0,0,1,0,2,5.78548E+20,5.53799E+21,1.00958E+16,4.99891E+16
75125,9,1,89,126,2018,2,19,3,2,9,1,2,0,1,0,0,0,0,2,7.60723E+20,5.32616E+21,1.24978E+16,4.80355E+16
75126,9,1,86,152,2018,2,21,4,3,8,1,2,0,1,0,0,0,0,2,6.95841E+20,5.37631E+21,1.16517E+16,4.85094E+16
75127,9,7,75,164,2018,2,19,4,3,8,1,2,0,1,0,0,0,0,2,5.8344E+20,5.34758E+21,1.01246E+16,4.82759E+16
75128,9,1,83,132,2018,2,6,3,2,5,3,2,0,1,0,0,0,0,0,7.52529E+20,5.3532E+21,1.24041E+16,4.82816E+16
75129,9,5,64,0,2018,2,12,4,3,1,6,0,0,1,0,0,0,0,0,6.52624E+20,5.47682E+21,1.11047E+16,4.94249E+16
75130,9,1,87,169,2018,2,6,3,2,4,6,2,1,1,0,0,0,0,1,7.36938E+20,5.29792E+21,1.21637E+16,4.7791E+16
75131,9,1,79,128,2018,2,8,6,3,2,6,0,0,1,0,0,0,0,2,6.57279E+20,5.34348E+21,1.11177E+16,4.82251E+16
75132,9,1,87,117,2018,2,8,3,2,0,1,0,0,0,0,0,1,0,0,7.23436E+20,5.30625E+21,1.1988E+16,4.78707E+16
75133,9,2,79,137,2018,2,15,4,3,8,1,0,0,1,0,0,0,0,2,7.79569E+20,5.39886E+21,1.27983E+16,4.86801E+16
75134,9,5,72,132,2018,2,7,4,3,8,1,0,0,1,0,0,0,0,0,6.33063E+20,5.49043E+21,1.08397E+16,4.95518E+16
75135,9,1,62,0,2018,2,7,3,3,2,6,0,0,1,0,0,0,1,0,6.80473E+20,5.33963E+21,1.14281E+16,4.81843E+16
75136,9,1,79,142,2018,2,14,3,3,4,6,0,0,1,0,0,0,0,0,6.73198E+20,5.33905E+21,1.13301E+16,4.8181E+16
75137,9,2,74,176,2018,2,20,4,3,8,1,2,0,1,0,0,0,0,2,7.21134E+20,5.39809E+21,1.20053E+16,4.86967E+16
75138,9,1,74,143,2018,2,16,3,3,8,1,0,0,1,0,0,0,0,0,6.75805E+20,5.35222E+21,1.13706E+16,4.82987E+16