OBJECTID_1,ULAND,UREGBEZ,UKREIS,UGEMEINDE,UJAHR,UMONAT,USTUNDE,UWOCHENTAG,UKATEGORIE,UART,UTYP1,ULICHTVERH,IstRad,IstPKW,IstFuss,IstKrad,IstGkfz,IstSonstig,STRZUSTAND,LINREFX,LINREFY,XGCSWGS84,YGCSWGS84
75139,9,3,75,117,2018,2,7,5,3,2,1,0,0,1,0,0,0,0,1,7.37421E+20,5.43168E+21,1.22458E+16,4.89923E+16
75140,9,6,61,0,2018,2,18,5,3,0,7,2,0,1,0,0,0,0,0,5.12551E+20,5.53456E+21,9.175E+15,4.99632E+16
75141,9,1,62,0,2018,2,6,3,3,2,6,2,0,1,0,0,0,0,0,6.88042E+20,5.3444E+21,1.15319E+16,4.82249E+16
75142,9,1,88,126,2018,2,8,4,3,0,6,0,0,1,0,0,0,0,0,6.59918E+20,5.32784E+21,1.11473E+16,4.80837E+16
75143,9,7,79,154,2018,2,14,4,3,5,3,0,0,1,0,0,0,0,0,6.18796E+20,5.42338E+21,1.06226E+16,4.89519E+16
75144,9,1,75,123,2018,2,17,3,3,2,6,0,0,1,0,0,1,0,0,7.22149E+20,5.33786E+21,1.19872E+16,4.81551E+16
75145,9,3,72,124,2018,2,16,4,3,9,1,1,0,1,0,0,0,0,2,7.87205E+20,5.46635E+21,1.29495E+16,4.92823E+16
75146,9,1,84,145,2018,2,21,2,3,0,6,2,0,1,0,0,0,0,0,6.94797E+20,5.32319E+21,1.16131E+16,4.80323E+16
75147,9,1,62,0,2018,2,4,5,3,5,3,2,0,1,0,0,0,0,2,6.88874E+20,5.34014E+21,1.15412E+16,4.81864E+16
75148,9,7,78,116,2018,2,18,2,3,8,1,1,0,1,0,0,0,0,0,6.19092E+20,5.32231E+21,1.05979E+16,4.8043E+16
75149,9,1,73,134,2018,2,8,4,2,9,7,0,0,1,0,0,0,0,0,6.82873E+20,5.29946E+21,1.14432E+16,4.78225E+16
75150,9,7,80,117,2018,2,8,2,3,4,1,0,0,1,0,0,0,0,1,5.93876E+20,5.28487E+21,1.02515E+16,4.77103E+16
75151,9,1,71,115,2018,2,2,5,3,8,1,2,0,1,0,0,0,0,2,7.7695E+20,5.35749E+21,1.27354E+16,4.83099E+16
75152,9,7,76,113,2018,2,12,2,3,5,3,0,0,1,0,0,0,0,0,5.75806E+20,5.27553E+21,1.0009E+16,4.76287E+16
75153,9,1,77,113,2018,2,6,4,3,5,3,2,0,1,0,0,0,0,0,7.24858E+20,5.35827E+21,1.20344E+16,4.83376E+16
75154,9,7,73,136,2018,2,7,2,3,5,2,2,0,1,0,0,0,0,1,5.99965E+20,5.3791E+21,1.03548E+16,4.8557E+16
75155,9,3,76,150,2018,2,11,5,3,4,2,0,0,1,0,0,0,0,0,7.27126E+20,5.49151E+21,1.21392E+16,4.95336E+16
75156,9,5,77,172,2018,2,7,5,3,8,1,0,0,1,0,0,0,0,1,6.32835E+20,5.43738E+21,1.08189E+16,4.90749E+16
75157,9,6,79,154,2018,2,13,2,2,8,7,0,0,1,0,0,0,0,0,5.61855E+20,5.51084E+21,9.85859E+15,4.97468E+16
75158,9,1,78,129,2018,2,10,4,3,2,2,0,0,1,0,0,1,0,0,7.07808E+20,5.371E+21,1.18109E+16,4.84578E+16
75159,9,7,71,122,2018,2,6,4,3,2,6,1,0,1,0,0,0,1,0,6.50401E+20,5.36139E+21,1.10315E+16,4.83877E+16
75160,9,6,75,117,2018,2,10,2,3,0,7,0,0,1,0,0,1,0,0,5.85913E+20,5.51549E+21,1.01935E+16,4.97857E+16
75161,9,7,71,130,2018,2,12,7,2,8,1,0,0,1,0,0,0,0,0,6.43522E+20,5.36333E+21,1.09393E+16,4.84067E+16
75162,9,2,78,139,2018,2,20,4,3,3,6,2,0,1,0,0,0,0,2,7.73776E+20,5.4253E+21,1.27374E+16,4.892E+16
75163,9,6,77,157,2018,2,14,2,3,2,6,0,0,1,0,0,0,0,0,5.42269E+20,5.52169E+21,9.58793E+15,4.98462E+16
75164,9,7,79,111,2018,2,15,5,3,5,3,0,0,1,0,0,0,0,0,6.19433E+20,5.41141E+21,1.06278E+16,4.88442E+16
75165,9,6,75,174,2018,2,6,2,2,9,1,2,0,1,0,0,0,0,2,5.89232E+20,5.5222E+21,1.02411E+16,4.98455E+16
75166,9,1,89,154,2018,2,1,4,3,9,1,2,0,1,0,0,0,0,0,7.68669E+20,5.31502E+21,1.25972E+16,4.79321E+16
75167,9,1,85,149,2018,2,18,5,3,4,2,2,0,1,0,0,0,0,1,6.60197E+20,5.39824E+21,1.11779E+16,4.87166E+16
75168,9,6,78,135,2018,2,12,2,3,7,7,0,0,1,0,0,1,0,0,5.95393E+20,5.54161E+21,1.03316E+16,5.00191E+16
75169,9,6,79,138,2018,2,16,3,3,5,2,0,0,1,0,0,0,0,1,5.68268E+20,5.50222E+21,9.94609E+15,4.96686E+16
75170,9,1,77,115,2018,2,17,4,3,9,1,2,0,1,0,0,0,0,2,7.30895E+20,5.34834E+21,1.21103E+16,4.82462E+16
75171,9,7,71,111,2018,2,11,7,3,2,6,0,0,1,0,0,0,0,1,6.57895E+20,5.35799E+21,1.11314E+16,4.83553E+16
75172,9,6,77,182,2018,2,19,4,3,2,6,2,0,1,0,0,0,0,1,5.36272E+20,5.52155E+21,9.50451E+15,4.98453E+16
75173,9,6,76,145,2018,2,11,2,3,2,6,0,0,1,0,0,0,0,0,5.10626E+20,5.52058E+21,9.14777E+15,4.98375E+16
75174,9,6,71,122,2018,2,14,2,3,1,3,0,0,1,0,0,0,0,0,5.07052E+20,5.53155E+21,9.09826E+15,4.99362E+16
75175,9,2,62,0,2018,2,14,4,2,8,1,0,0,1,0,0,0,0,2,8.31202E+20,5.39251E+21,1.34927E+16,4.85979E+16
75176,9,7,72,177,2018,2,6,3,3,8,1,1,0,1,0,0,0,0,0,6.35798E+20,5.37781E+21,1.08397E+16,4.85387E+16
75177,9,7,71,155,2018,2,18,4,2,4,1,2,0,1,0,0,0,1,2,6.48776E+20,5.37477E+21,1.10144E+16,4.85084E+16
75178,9,5,62,0,2018,2,8,2,3,2,6,0,0,1,0,0,0,1,0,6.42286E+20,5.49162E+21,1.09676E+16,4.95604E+16
75179,9,5,72,126,2018,2,7,2,3,9,1,0,0,1,0,0,0,0,0,6.34119E+20,5.50548E+21,1.08594E+16,4.96869E+16
75180,9,2,75,111,2018,2,16,4,3,2,6,0,0,1,0,0,1,0,2,8.15988E+20,5.40084E+21,1.32933E+16,4.86805E+16
75181,9,5,72,121,2018,2,10,2,2,4,6,0,0,1,0,0,0,0,0,6.59941E+20,5.49627E+21,1.12134E+16,4.95979E+16
75182,9,7,72,147,2018,2,7,5,3,5,3,0,0,1,0,0,0,1,1,6.36063E+20,5.36411E+21,1.08389E+16,4.84155E+16
75183,9,5,76,142,2018,2,17,2,3,8,1,1,0,1,0,0,0,0,1,6.42413E+20,5.4696E+21,1.09614E+16,4.93625E+16
75184,9,1,87,159,2018,2,15,4,3,9,1,0,0,1,0,0,0,0,2,7.31572E+20,5.32853E+21,1.21086E+16,4.8068E+16
75185,9,1,88,117,2018,2,5,5,3,9,1,2,0,1,0,0,0,0,2,6.62199E+20,5.31329E+21,1.11724E+16,4.79524E+16
75186,9,5,63,0,2018,2,10,2,3,2,6,0,0,1,0,0,0,1,0,6.4237E+20,5.48299E+21,1.09656E+16,4.94828E+16
75187,9,6,74,129,2018,2,14,3,3,5,3,0,0,1,0,0,0,0,0,6.19661E+20,5.53828E+21,1.06692E+16,4.99848E+16
75188,9,7,74,121,2018,2,17,3,3,0,6,1,0,1,0,0,0,0,1,6.02905E+20,5.36704E+21,1.03916E+16,4.84481E+16
75189,9,5,76,151,2018,2,6,4,3,2,6,2,0,1,0,0,0,0,1,6.58381E+20,5.47059E+21,1.11816E+16,4.93674E+16
75190,9,5,64,0,2018,2,10,2,2,5,3,0,1,1,0,0,0,0,0,6.47774E+20,5.47792E+21,1.10383E+16,4.9436E+16
75191,9,5,64,0,2018,2,10,2,2,6,1,0,0,1,1,0,0,0,0,6.4763E+20,5.47458E+21,1.1035E+16,4.9406E+16
75192,9,2,72,141,2018,2,16,4,3,9,1,0,0,1,0,0,0,0,2,8.33042E+20,5.40817E+21,1.35302E+16,4.87374E+16
75193,9,5,64,0,2018,2,7,2,3,5,2,2,1,1,0,0,0,0,1,6.53441E+20,5.47446E+21,1.1115E+16,4.94035E+16
75194,9,4,72,155,2018,2,13,5,3,1,1,0,0,0,0,0,1,1,0,6.80253E+20,5.52441E+21,1.15072E+16,4.9845E+16
75195,9,6,78,168,2018,2,6,5,3,4,2,1,0,1,0,0,0,0,0,5.82797E+20,5.54957E+21,1.01575E+16,5.00926E+16
75196,9,5,64,0,2018,2,16,2,3,5,3,0,1,1,0,0,0,0,0,6.53975E+20,5.47397E+21,1.11222E+16,4.93989E+16
75197,9,1,86,162,2018,2,19,4,3,9,1,2,0,1,0,0,0,0,2,6.93549E+20,5.38342E+21,1.1624E+16,4.8574E+16
75198,9,7,80,140,2018,2,6,4,3,2,3,2,0,1,0,0,0,0,0,5.99746E+20,5.28196E+21,1.03291E+16,4.76833E+16
75199,9,5,64,0,2018,2,14,2,3,5,3,0,0,1,0,0,0,0,0,6.51272E+20,5.47349E+21,1.10848E+16,4.93953E+16
75200,9,6,77,131,2018,2,19,5,3,5,3,2,0,1,0,0,0,0,0,5.50223E+20,5.54443E+21,9.70152E+15,5.00501E+16
75201,9,5,77,140,2018,2,9,2,3,0,2,0,1,0,0,0,0,0,0,6.26716E+20,5.42776E+21,1.07321E+16,4.89897E+16
75202,9,1,87,179,2018,2,19,4,3,9,1,2,0,1,0,0,0,0,2,7.23255E+20,5.31094E+21,1.1988E+16,4.79129E+16
75203,9,7,78,214,2018,2,20,4,3,9,1,2,0,1,0,0,0,0,2,5.95537E+20,5.3195E+21,1.02813E+16,4.80217E+16
75204,9,5,71,166,2018,2,16,2,3,5,3,0,0,1,0,0,0,0,0,6.08663E+20,5.45373E+21,1.04924E+16,4.92267E+16
75205,9,5,76,111,2018,2,7,4,3,4,6,1,0,0,0,0,1,1,0,6.4065E+20,5.45607E+21,1.09324E+16,4.92412E+16
75206,9,4,64,0,2018,2,6,2,3,3,6,2,0,1,0,0,1,0,1,7.06986E+20,5.57736E+21,1.19072E+16,5.03119E+16
75207,9,1,86,128,2018,2,16,6,3,2,6,0,0,1,0,0,0,0,1,6.78166E+20,5.38572E+21,1.14166E+16,4.85992E+16
75208,9,4,72,175,2018,2,8,2,3,8,1,0,0,1,0,0,0,0,1,6.79559E+20,5.51869E+21,1.14949E+16,4.97938E+16
75209,9,2,74,146,2018,2,17,4,2,4,6,2,0,1,0,0,1,0,2,7.3423E+20,5.37699E+21,1.21711E+16,4.85023E+16
75210,9,4,77,156,2018,2,17,2,3,8,1,2,0,1,0,0,0,0,1,6.79379E+20,5.56269E+21,1.1513E+16,5.01892E+16
75211,9,3,62,0,2018,2,22,5,2,4,7,2,0,1,0,0,0,0,0,7.30033E+20,5.43502E+21,1.21468E+16,4.90251E+16
75212,9,5,62,0,2018,2,17,5,3,5,3,2,1,1,0,0,0,0,0,6.47052E+20,5.49176E+21,1.10335E+16,4.95606E+16
75213,9,4,77,121,2018,2,6,2,1,6,4,2,0,1,1,0,0,0,0,6.86374E+20,5.54928E+21,1.16043E+16,5.00665E+16
75214,9,1,74,113,2018,2,12,4,3,5,3,0,0,1,0,1,0,0,1,6.77726E+20,5.34768E+21,1.13945E+16,4.82574E+16
75215,9,6,74,171,2018,2,6,3,3,2,6,2,0,1,0,0,0,0,2,6.2139E+20,5.55973E+21,1.07001E+16,5.01773E+16
75216,9,7,79,203,2018,2,17,3,3,5,3,2,0,1,0,0,0,0,1,6.14062E+20,5.40904E+21,1.0554E+16,4.88239E+16
75217,9,7,73,125,2018,2,14,4,3,5,2,0,0,1,0,0,0,0,0,6.09854E+20,5.38148E+21,1.04894E+16,4.85768E+16
75218,9,4,74,126,2018,2,20,2,3,5,3,2,0,1,0,0,0,0,0,6.48502E+20,5.50723E+21,1.10594E+16,4.96992E+16
75219,9,3,75,205,2018,2,14,4,3,9,1,0,0,1,0,0,0,0,0,7.32556E+20,5.42357E+21,1.21747E+16,4.89213E+16
75220,9,4,71,195,2018,2,7,2,3,2,6,0,0,1,0,0,0,0,2,6.40679E+20,5.52425E+21,1.09571E+16,4.98542E+16
75221,9,4,71,195,2018,2,7,2,3,2,6,0,0,1,0,0,0,0,2,6.40674E+20,5.52426E+21,1.0957E+16,4.98543E+16
75222,9,4,64,0,2018,2,7,4,3,5,3,0,0,1,0,0,0,0,0,7.08449E+20,5.57985E+21,1.19291E+16,5.03338E+16
75223,9,4,71,195,2018,2,7,2,3,0,6,0,0,1,0,0,0,0,2,6.40675E+20,5.52426E+21,1.09571E+16,4.98542E+16
75224,9,1,74,126,2018,2,8,6,3,2,6,0,0,1,0,0,0,0,0,6.83702E+20,5.34395E+21,1.14734E+16,4.82222E+16
75225,9,3,74,133,2018,2,9,2,2,2,6,0,0,1,0,0,0,0,0,7.26107E+20,5.49329E+21,1.21261E+16,4.955E+16
75226,9,2,79,134,2018,2,21,4,2,5,3,2,0,1,0,0,0,0,2,7.69989E+20,5.38963E+21,1.26625E+16,4.86014E+16
75227,9,3,75,196,2018,2,9,2,3,0,1,0,0,0,0,0,0,1,2,7.33235E+20,5.41322E+21,1.21781E+16,4.88281E+16
75228,9,1,73,112,2018,2,7,5,2,4,6,0,0,1,0,0,0,0,2,6.92952E+20,5.29694E+21,1.15766E+16,4.77969E+16
75229,9,5,71,196,2018,2,10,5,3,2,6,0,0,1,0,0,0,0,1,6.21619E+20,5.46029E+21,1.06723E+16,4.92832E+16
75230,9,3,75,190,2018,2,6,2,3,5,3,2,0,1,0,0,1,0,0,7.2665E+20,5.44963E+21,1.21088E+16,4.91576E+16
75231,9,1,77,133,2018,2,18,4,3,4,1,2,0,1,0,0,0,0,2,7.06333E+20,5.35496E+21,1.17831E+16,4.83141E+16
75232,9,6,72,112,2018,2,16,3,2,7,1,0,0,1,0,0,0,0,0,5.76609E+20,5.56879E+21,1.00749E+16,5.02663E+16
75233,9,7,71,130,2018,2,21,4,3,1,6,0,0,1,0,0,0,0,2,6.4473E+20,5.35766E+21,1.09537E+16,4.83555E+16
75234,9,3,71,154,2018,2,15,2,2,8,1,0,0,0,0,0,1,0,0,7.02551E+20,5.47546E+21,1.17917E+16,4.93981E+16
75235,9,7,72,130,2018,2,15,7,3,2,6,0,0,1,0,0,0,0,1,6.31326E+20,5.35697E+21,1.07726E+16,4.83522E+16
75236,9,2,71,127,2018,2,16,4,3,4,6,1,0,1,0,0,0,0,2,8.05261E+20,5.40676E+21,1.31523E+16,4.8739E+16
75237,9,3,71,116,2018,2,7,2,2,9,6,0,0,1,0,0,1,0,1,6.90573E+20,5.47388E+21,1.16261E+16,4.93878E+16
75238,9,7,73,144,2018,2,6,5,2,8,1,1,0,1,0,0,0,0,1,6.07233E+20,5.3793E+21,1.04533E+16,4.85576E+16
75239,9,3,71,151,2018,2,12,2,2,4,2,0,0,1,0,0,1,0,1,6.97155E+20,5.48753E+21,1.17235E+16,4.95083E+16
75240,9,1,71,123,2018,2,18,4,3,9,1,2,0,1,0,0,0,0,2,7.84061E+20,5.35327E+21,1.28283E+16,4.82689E+16
75241,9,6,78,176,2018,2,15,3,3,6,7,0,0,1,1,0,0,0,2,5.89149E+20,5.5393E+21,1.02439E+16,4.99994E+16
75242,9,1,61,0,2018,2,18,5,3,0,3,2,0,1,0,0,0,0,0,6.78885E+20,5.40236E+21,1.14336E+16,4.87486E+16
75243,9,1,62,0,2018,2,14,5,3,2,6,0,0,1,0,0,0,0,2,6.85145E+20,5.34167E+21,1.14918E+16,4.82012E+16
75244,9,2,76,135,2018,2,12,2,3,2,6,0,0,1,0,0,0,1,0,7.78439E+20,5.44539E+21,1.28147E+16,4.90983E+16
75245,9,1,89,142,2018,2,17,4,3,8,1,1,0,1,0,0,0,0,2,7.52931E+20,5.33543E+21,1.23989E+16,4.81218E+16
75246,9,2,63,0,2018,2,7,2,3,2,6,0,0,1,0,0,0,0,1,7.62112E+20,5.42135E+21,1.2576E+16,4.88896E+16
75247,9,1,82,136,2018,2,7,5,3,9,1,0,0,1,0,0,0,0,2,7.0381E+20,5.29982E+21,1.17228E+16,4.78194E+16
75248,9,2,79,124,2018,2,8,2,3,2,6,0,0,1,0,0,0,0,0,7.5175E+20,5.39349E+21,1.24179E+16,4.86437E+16
75249,9,1,75,121,2018,2,16,4,2,8,1,1,0,1,0,0,0,0,1,7.11613E+20,5.32152E+21,1.18376E+16,4.80119E+16
75250,9,5,64,0,2018,2,6,3,3,2,6,2,0,1,0,0,0,0,1,6.52719E+20,5.47352E+21,1.11047E+16,4.93952E+16
75251,9,6,75,113,2018,2,15,4,2,2,6,0,0,0,0,0,1,0,0,5.77018E+20,5.51356E+21,1.00696E+16,4.97696E+16
75252,9,2,79,112,2018,2,12,2,3,3,1,0,0,1,0,0,1,0,0,7.53828E+20,5.39421E+21,1.24465E+16,4.86493E+16
75253,9,2,74,135,2018,2,3,2,3,8,1,2,0,1,0,0,0,0,2,7.51898E+20,5.37731E+21,1.24101E+16,4.84984E+16
75254,9,2,75,154,2018,2,17,4,3,2,6,1,0,1,0,0,0,0,2,8.08373E+20,5.39537E+21,1.3186E+16,4.86352E+16
75255,9,2,74,172,2018,2,7,2,2,4,2,1,0,1,0,0,0,0,1,7.18846E+20,5.39493E+21,1.19726E+16,4.8669E+16
75256,9,7,71,113,2018,2,13,5,3,5,3,0,0,1,0,0,0,0,2,6.58435E+20,5.36968E+21,1.11431E+16,4.84603E+16
75257,9,2,73,147,2018,2,18,2,2,4,2,2,0,1,0,0,0,0,0,7.04711E+20,5.3905E+21,1.17786E+16,4.8634E+16
75258,9,1,87,118,2018,2,16,4,3,8,6,0,0,1,0,0,0,0,2,7.50586E+20,5.30284E+21,1.23485E+16,4.783E+16
75259,9,5,62,0,2018,2,18,3,3,2,6,2,0,1,0,0,0,0,0,6.39671E+20,5.49201E+21,1.09316E+16,4.95646E+16
75260,9,1,84,135,2018,2,17,5,3,2,6,1,0,0,0,0,0,1,1,6.92565E+20,5.34498E+21,1.1593E+16,4.82288E+16
75261,9,2,61,0,2018,2,17,2,3,5,3,1,0,1,0,0,0,0,0,7.26678E+20,5.38009E+21,1.20707E+16,4.85329E+16
75262,9,7,77,114,2018,2,6,3,3,4,1,1,0,1,0,0,0,0,1,6.1666E+20,5.31359E+21,1.05629E+16,4.7965E+16
75263,9,5,72,121,2018,2,19,3,3,1,7,2,0,1,0,0,0,0,0,6.60222E+20,5.49534E+21,1.12169E+16,4.95894E+16
75264,9,5,72,133,2018,2,18,4,3,5,3,2,0,1,0,0,0,0,0,6.37943E+20,5.49893E+21,1.09101E+16,4.96272E+16
75265,9,2,74,124,2018,2,17,2,2,4,6,0,0,1,0,0,0,0,0,7.26778E+20,5.37691E+21,1.20703E+16,4.85043E+16
75266,9,2,79,112,2018,2,6,2,2,4,6,1,0,1,0,0,1,0,0,7.5599E+20,5.39421E+21,1.24758E+16,4.86485E+16
75267,9,1,62,0,2018,2,18,3,3,4,2,1,0,1,0,0,0,0,1,6.99212E+20,5.33305E+21,1.16769E+16,4.81195E+16
75268,9,6,71,112,2018,2,23,4,3,9,1,2,0,1,0,0,0,0,0,5.18373E+20,5.53728E+21,9.2563E+15,4.99876E+16
75269,9,1,80,117,2018,2,10,2,2,4,2,0,0,1,0,1,0,0,0,6.58657E+20,5.26214E+21,1.11064E+16,4.74934E+16
75270,9,1,80,127,2018,2,12,2,3,4,2,0,0,1,0,0,0,0,0,6.65615E+20,5.27739E+21,1.12045E+16,4.76287E+16
75271,9,2,72,146,2018,2,17,4,3,5,1,2,0,1,0,0,0,0,2,8.26515E+20,5.42261E+21,1.34532E+16,4.88704E+16
75272,9,1,89,149,2018,2,7,2,2,4,6,0,0,1,0,0,0,0,0,7.59756E+20,5.32943E+21,1.24868E+16,4.80652E+16
75273,9,4,75,120,2018,2,16,5,3,6,4,1,0,1,1,0,0,0,0,7.09622E+20,5.57447E+21,1.19426E+16,5.02851E+16
75274,9,6,78,150,2018,2,8,5,3,5,6,0,0,1,0,0,0,1,1,5.90004E+20,5.52751E+21,1.02531E+16,4.98932E+16
75275,9,1,89,155,2018,2,11,2,3,5,3,0,0,1,0,0,0,0,0,7.71333E+20,5.30729E+21,1.26279E+16,4.78616E+16
75276,9,1,85,158,2018,2,20,4,3,8,1,2,0,1,0,0,0,0,2,6.67256E+20,5.38041E+21,1.12666E+16,4.85544E+16
75277,9,5,65,0,2018,2,7,3,3,4,3,0,0,1,0,0,0,0,1,6.47637E+20,5.46605E+21,1.1032E+16,4.93293E+16
75278,9,7,75,164,2018,2,19,4,3,9,1,2,0,1,0,0,0,0,2,5.83434E+20,5.34759E+21,1.01245E+16,4.8276E+16
75279,9,1,72,130,2018,2,21,2,2,4,6,2,0,1,0,0,0,0,0,7.95716E+20,5.31223E+21,1.29566E+16,4.78952E+16
75280,9,5,64,0,2018,2,16,4,3,2,6,1,0,1,0,0,0,0,0,6.47572E+20,5.47503E+21,1.10344E+16,4.941E+16
75281,9,1,84,145,2018,2,21,2,3,3,6,2,0,1,0,0,0,0,1,6.94791E+20,5.32318E+21,1.1613E+16,4.80322E+16
75282,9,1,79,134,2018,2,12,6,3,5,3,0,0,1,0,0,0,0,1,6.68665E+20,5.34564E+21,1.12718E+16,4.82415E+16
75283,9,1,82,123,2018,2,19,2,3,1,1,2,0,1,0,0,0,0,0,7.17613E+20,5.30154E+21,1.19078E+16,4.78304E+16
75284,9,2,74,174,2018,2,16,4,3,9,1,1,0,1,0,0,0,0,2,7.425E+20,5.39281E+21,1.22921E+16,4.86413E+16
75285,9,1,87,168,2018,2,10,2,3,5,3,0,0,1,0,0,0,0,0,7.49555E+20,5.30829E+21,1.23379E+16,4.78794E+16
75286,9,3,76,151,2018,2,15,5,3,5,3,0,0,1,0,0,0,0,0,7.50455E+20,5.48528E+21,1.24571E+16,4.94684E+16
75287,9,5,64,0,2018,2,14,5,3,2,6,0,0,1,0,0,0,0,0,6.48939E+20,5.47891E+21,1.10547E+16,4.94446E+16
75288,9,1,87,122,2018,2,15,2,2,5,3,0,0,1,0,0,0,0,0,7.19465E+20,5.30546E+21,1.19345E+16,4.7865E+16
75289,9,1,77,133,2018,2,17,4,3,4,6,2,0,1,0,0,0,0,2,7.13133E+20,5.35605E+21,1.18752E+16,4.83217E+16
75290,9,1,61,0,2018,2,18,2,3,2,6,2,0,1,0,0,0,0,1,6.80786E+20,5.40508E+21,1.14606E+16,4.87724E+16
75291,9,2,74,145,2018,2,15,4,3,8,1,0,0,1,0,0,0,0,2,7.47093E+20,5.37809E+21,1.23456E+16,4.85072E+16
75292,9,1,85,149,2018,2,10,2,3,2,6,0,0,1,0,0,1,0,0,6.60033E+20,5.39829E+21,1.11757E+16,4.87171E+16
75293,9,4,61,0,2018,2,7,5,3,2,6,0,0,1,0,0,0,0,0,6.38919E+20,5.52959E+21,1.09345E+16,4.99025E+16
75294,9,6,76,121,2018,2,14,5,3,1,6,0,0,1,0,0,0,0,0,5.10887E+20,5.52055E+21,9.1514E+15,4.98372E+16
75295,9,1,85,149,2018,2,20,2,2,8,1,2,0,1,0,0,0,0,1,6.59989E+20,5.40349E+21,1.11772E+16,4.87639E+16
75296,9,1,62,0,2018,2,17,4,3,3,6,2,0,1,0,0,1,0,2,6.86736E+20,5.33326E+21,1.15095E+16,4.81252E+16
75297,9,5,74,132,2018,2,14,3,3,5,3,0,1,1,0,0,0,0,0,6.76539E+20,5.4872E+21,1.14388E+16,4.95117E+16
75298,9,7,79,163,2018,2,18,4,3,4,6,2,0,1,0,0,0,0,2,6.43743E+20,5.38624E+21,1.09502E+16,4.86127E+16
75299,9,1,74,115,2018,2,22,2,3,6,2,2,0,1,1,0,0,0,1,6.80899E+20,5.34765E+21,1.14372E+16,4.82563E+16
75300,9,4,72,139,2018,2,17,4,3,8,1,1,0,1,0,0,0,0,1,6.98029E+20,5.55295E+21,1.17689E+16,5.00958E+16
75301,9,1,74,115,2018,2,11,2,3,2,6,0,0,1,0,0,0,0,1,6.81111E+20,5.34735E+21,1.144E+16,4.82535E+16
75302,9,1,78,157,2018,2,10,6,3,5,3,0,0,1,0,0,0,0,1,7.03654E+20,5.3705E+21,1.17545E+16,4.84547E+16
75303,9,1,75,111,2018,2,7,2,2,5,3,0,0,1,0,0,1,0,0,7.12236E+20,5.33788E+21,1.1854E+16,4.81587E+16
75304,9,1,73,120,2018,2,16,4,3,2,6,0,0,1,0,0,0,0,2,6.87649E+20,5.30962E+21,1.15114E+16,4.79124E+16
75305,9,1,78,124,2018,2,23,2,3,5,3,2,1,1,0,0,0,0,0,7.03487E+20,5.36475E+21,1.17495E+16,4.8403E+16
75306,9,1,72,114,2018,2,19,5,2,6,4,2,0,1,1,0,0,0,1,7.95116E+20,5.29821E+21,1.2939E+16,4.77696E+16
75307,9,1,78,157,2018,2,17,2,2,4,6,1,0,1,0,0,0,0,0,7.04468E+20,5.3702E+21,1.17654E+16,4.84517E+16
75308,9,1,77,116,2018,2,7,4,3,4,2,0,0,1,0,0,0,0,1,7.14511E+20,5.35633E+21,1.18939E+16,4.83237E+16
75309,9,5,64,0,2018,2,9,3,3,2,6,0,0,1,0,0,0,1,0,6.47634E+20,5.47825E+21,1.10365E+16,4.9439E+16
75310,9,7,61,0,2018,2,5,4,3,6,2,2,0,1,1,0,0,0,2,6.41428E+20,5.35273E+21,1.09075E+16,4.83119E+16
75311,9,1,78,133,2018,2,16,2,3,2,6,0,0,1,0,0,0,0,0,6.86647E+20,5.36695E+21,1.15232E+16,4.8428E+16
75312,9,5,64,0,2018,2,18,3,3,2,6,2,0,1,0,0,0,0,0,6.4786E+20,5.47996E+21,1.10402E+16,4.94543E+16
75313,9,7,72,145,2018,2,19,4,3,9,1,2,0,1,0,0,0,0,2,6.34351E+20,5.36658E+21,1.08165E+16,4.8438E+16
75314,9,1,77,137,2018,2,20,2,3,8,1,2,0,1,0,0,0,0,1,7.29496E+20,5.34568E+21,1.209E+16,4.82228E+16
75315,9,3,76,153,2018,2,12,4,3,3,6,0,0,1,0,0,1,0,0,7.30919E+20,5.48691E+21,1.21888E+16,4.94908E+16
75316,9,1,62,0,2018,2,14,1,3,2,6,0,0,1,0,0,0,1,1,6.97237E+20,5.32901E+21,1.16485E+16,4.80838E+16
75317,9,7,78,136,2018,2,11,5,3,8,1,0,0,1,0,0,0,0,1,6.02592E+20,5.32237E+21,1.03766E+16,4.80464E+16
75318,9,7,80,117,2018,2,1,1,3,5,3,2,0,1,0,0,0,0,1,5.95555E+20,5.28262E+21,1.02734E+16,4.76899E+16
75319,9,1,89,114,2018,2,16,4,1,9,1,1,0,1,0,0,0,0,2,7.63728E+20,5.31398E+21,1.25305E+16,4.79248E+16
75320,9,5,77,114,2018,2,18,3,3,5,3,2,0,1,0,0,0,0,0,6.25191E+20,5.44649E+21,1.07171E+16,4.91585E+16
75321,9,7,80,134,2018,2,21,1,3,2,6,2,0,1,0,0,0,0,1,5.95314E+20,5.26114E+21,1.02655E+16,4.74967E+16
75322,9,1,85,113,2018,2,7,5,3,5,1,1,0,1,0,0,0,0,2,6.67619E+20,5.37573E+21,1.12697E+16,4.85123E+16
75323,9,7,80,121,2018,2,16,1,3,2,6,0,0,1,0,0,0,0,0,5.95933E+20,5.25589E+21,1.02726E+16,4.74494E+16
75324,9,1,77,139,2018,2,19,4,3,2,6,2,0,1,0,0,0,0,2,7.31151E+20,5.35926E+21,1.21197E+16,4.83442E+16
75325,9,4,76,178,2018,2,7,3,3,0,7,0,0,0,0,1,0,0,1,6.6265E+20,5.57734E+21,1.12851E+16,5.03257E+16