OBJECTID_1,ULAND,UREGBEZ,UKREIS,UGEMEINDE,UJAHR,UMONAT,USTUNDE,UWOCHENTAG,UKATEGORIE,UART,UTYP1,ULICHTVERH,IstRad,IstPKW,IstFuss,IstKrad,IstGkfz,IstSonstig,STRZUSTAND,LINREFX,LINREFY,XGCSWGS84,YGCSWGS84
75326,9,7,71,113,2018,2,18,3,2,6,4,2,0,1,1,0,0,0,1,6.57379E+20,5.36918E+21,1.11286E+16,4.8456E+16
75327,9,6,79,170,2018,2,6,4,3,9,7,2,0,0,0,0,1,0,0,5.78397E+20,5.49949E+21,1.00859E+16,4.96429E+16
75328,9,7,72,147,2018,2,18,1,3,3,3,1,0,1,0,0,0,0,1,6.38124E+20,5.36412E+21,1.08667E+16,4.84151E+16
75329,9,7,72,147,2018,2,12,1,3,3,1,0,0,1,0,0,0,0,2,6.29118E+20,5.36415E+21,1.07451E+16,4.84172E+16
75330,9,2,75,150,2018,2,17,4,3,4,6,2,0,1,0,0,0,0,2,8.35515E+20,5.39567E+21,1.35536E+16,4.8624E+16
75331,9,6,75,127,2018,2,14,1,2,2,6,0,0,1,0,0,0,0,2,6.08038E+20,5.51385E+21,1.05003E+16,4.97674E+16
75332,9,6,79,170,2018,2,7,5,3,2,6,0,0,1,0,0,0,1,0,5.75579E+20,5.50234E+21,1.00474E+16,4.96688E+16
75333,9,6,77,154,2018,2,2,1,3,9,1,2,0,1,0,0,0,0,0,5.43326E+20,5.51713E+21,9.60212E+15,4.98051E+16
75334,9,1,82,120,2018,2,22,4,3,4,6,2,0,1,0,0,0,0,2,7.02638E+20,5.30602E+21,1.17101E+16,4.78755E+16
75335,9,4,73,120,2018,2,13,3,3,0,1,0,0,0,0,1,0,0,0,6.41991E+20,5.57165E+21,1.09929E+16,5.02799E+16
75336,9,6,77,157,2018,2,14,1,3,4,6,0,0,1,0,0,0,0,1,5.43459E+20,5.52127E+21,9.60443E+15,4.98423E+16
75337,9,2,78,189,2018,2,11,4,3,4,6,0,0,0,0,0,1,0,0,7.65881E+20,5.44151E+21,1.26405E+16,4.9069E+16
75338,9,6,75,142,2018,2,10,1,3,4,1,0,0,1,0,0,0,0,2,5.92704E+20,5.51393E+21,1.02874E+16,4.97707E+16
75339,9,7,72,209,2018,2,16,5,3,2,1,0,0,1,0,0,0,0,1,6.36055E+20,5.33712E+21,1.08301E+16,4.81728E+16
75340,9,6,75,117,2018,2,11,1,3,9,1,0,0,1,0,0,0,0,2,5.82998E+20,5.51642E+21,1.01532E+16,4.97945E+16
75341,9,1,87,167,2018,2,8,4,3,5,3,0,0,1,0,0,0,0,1,7.43318E+20,5.30619E+21,1.22534E+16,4.78629E+16
75342,9,4,62,0,2018,2,10,3,3,9,1,0,0,1,0,0,0,0,1,6.86711E+20,5.53409E+21,1.16016E+16,4.993E+16
75343,9,1,88,117,2018,2,8,5,3,2,6,1,0,1,0,0,0,0,2,6.62198E+20,5.31329E+21,1.11724E+16,4.79523E+16
75344,9,6,75,141,2018,2,8,1,3,8,6,0,0,1,0,0,0,0,2,5.86478E+20,5.5141E+21,1.0201E+16,4.97732E+16
75345,9,7,74,121,2018,2,6,3,2,2,6,2,0,1,0,0,1,0,0,6.0322E+20,5.36396E+21,1.03951E+16,4.84203E+16
75346,9,4,77,128,2018,2,7,3,3,8,1,1,0,1,0,0,0,0,0,6.74921E+20,5.55222E+21,1.14458E+16,5.00965E+16
75347,9,6,71,155,2018,2,21,4,3,9,1,2,0,1,0,0,0,0,0,5.03615E+20,5.53391E+21,9.0504E+15,4.99575E+16
75348,9,6,77,114,2018,2,13,1,2,8,1,0,0,1,0,0,0,0,1,5.69042E+20,5.54189E+21,9.96388E+15,5.00253E+16
75349,9,7,79,201,2018,2,8,3,3,4,6,0,0,1,0,0,0,0,1,6.4295E+20,5.39515E+21,1.09425E+16,4.8693E+16
75350,9,6,72,121,2018,2,14,1,3,8,1,0,0,0,0,1,0,0,1,5.68563E+20,5.55591E+21,9.95971E+15,5.01514E+16
75351,9,2,72,136,2018,2,16,4,3,8,1,0,0,1,0,0,0,0,2,8.50263E+20,5.40667E+21,1.37623E+16,4.87145E+16
75352,9,6,74,111,2018,2,11,1,3,9,1,0,0,1,0,0,0,0,2,6.03758E+20,5.55857E+21,1.04529E+16,5.01702E+16
75353,9,4,76,189,2018,2,14,5,3,4,6,0,0,1,0,0,0,0,0,6.68978E+20,5.57308E+21,1.1372E+16,5.02856E+16
75354,9,6,78,176,2018,2,8,5,3,5,3,0,0,1,0,0,0,0,0,5.89518E+20,5.53803E+21,1.02488E+16,4.99879E+16
75355,9,6,73,113,2018,2,13,1,2,4,1,0,0,1,0,0,0,0,1,6.00733E+20,5.57779E+21,1.04157E+16,5.03435E+16
75356,9,1,85,127,2018,2,20,4,3,7,1,2,0,1,0,0,0,0,2,6.56159E+20,5.38905E+21,1.11196E+16,4.8635E+16
75357,9,4,77,142,2018,2,7,3,2,4,6,0,0,1,0,0,0,1,0,6.79295E+20,5.54125E+21,1.15017E+16,4.99966E+16
75358,9,7,74,127,2018,2,18,4,2,8,1,2,0,1,0,0,0,0,2,6.0327E+20,5.36911E+21,1.03971E+16,4.84666E+16
75359,9,6,72,131,2018,2,9,1,3,9,1,0,0,1,0,0,0,0,2,5.91865E+20,5.5601E+21,1.02868E+16,5.0186E+16
75360,9,4,77,136,2018,2,11,3,3,5,3,0,0,1,0,0,0,0,0,6.70663E+20,5.55292E+21,1.13866E+16,5.0104E+16
75361,9,5,77,113,2018,2,3,4,3,9,1,2,0,1,0,0,0,0,0,6.35974E+20,5.43479E+21,1.0861E+16,4.9051E+16
75362,9,1,84,135,2018,2,16,4,3,2,6,0,0,1,0,0,0,0,2,6.89423E+20,5.34725E+21,1.15518E+16,4.82502E+16
75363,9,6,72,114,2018,2,18,1,3,8,1,2,0,1,0,0,0,0,2,5.78616E+20,5.56223E+21,1.01017E+16,5.02071E+16
75364,9,4,62,0,2018,2,7,3,3,2,6,0,0,1,0,1,0,0,0,6.8552E+20,5.53597E+21,1.1586E+16,4.99472E+16
75365,9,5,76,143,2018,2,19,4,3,5,2,2,0,1,0,0,0,0,0,6.53693E+20,5.45691E+21,1.11118E+16,4.92456E+16
75366,9,6,62,0,2018,2,11,1,3,4,6,0,0,1,0,0,0,0,2,5.88676E+20,5.54119E+21,1.02378E+16,5.00165E+16
75367,9,5,76,151,2018,2,21,1,3,9,7,2,0,1,0,0,0,0,1,6.55445E+20,5.47141E+21,1.11415E+16,4.93755E+16
75368,9,2,74,153,2018,2,11,4,3,5,3,0,0,1,0,0,0,0,1,7.32531E+20,5.40229E+21,1.21623E+16,4.87302E+16
75369,9,4,72,175,2018,2,18,1,3,4,2,2,0,1,0,0,0,0,1,6.8084E+20,5.51192E+21,1.15096E+16,4.97326E+16
75370,9,3,75,180,2018,2,15,5,3,0,7,0,0,1,0,0,0,0,0,7.24353E+20,5.42983E+21,1.20663E+16,4.89806E+16
75371,9,5,72,133,2018,2,5,5,3,4,2,2,0,1,0,0,0,0,0,6.38056E+20,5.49914E+21,1.09117E+16,4.9629E+16
75372,9,4,77,128,2018,2,9,1,3,0,6,0,0,1,0,0,0,0,2,6.7646E+20,5.55021E+21,1.14663E+16,5.0078E+16
75373,9,1,74,131,2018,2,17,4,3,4,1,2,0,1,0,0,0,0,2,6.76093E+20,5.36227E+21,1.13786E+16,4.8389E+16
75374,9,4,61,0,2018,2,12,3,3,6,4,0,0,1,1,0,0,0,0,6.36921E+20,5.53034E+21,1.0907E+16,4.99097E+16
75375,9,7,79,194,2018,2,17,4,3,4,2,0,0,1,0,0,0,0,0,6.11163E+20,5.41349E+21,1.05157E+16,4.88644E+16
75376,9,4,71,165,2018,2,13,1,3,9,1,0,0,1,0,0,0,0,2,6.30117E+20,5.53515E+21,1.08139E+16,4.99545E+16
75377,9,3,75,196,2018,2,21,4,2,4,2,2,0,1,0,0,0,0,2,7.33206E+20,5.41415E+21,1.21782E+16,4.88365E+16
75378,9,4,71,195,2018,2,12,1,3,4,6,0,0,0,0,0,0,1,2,6.4178E+20,5.52437E+21,1.09725E+16,4.98549E+16
75379,9,1,62,0,2018,2,16,5,3,3,2,1,1,1,0,0,0,0,2,6.8548E+20,5.32873E+21,1.14907E+16,4.80848E+16
75380,9,3,77,154,2018,2,17,1,3,5,3,1,0,1,0,0,0,0,0,7.37784E+20,5.53201E+21,1.23109E+16,4.98931E+16
75381,9,1,83,118,2018,2,14,4,3,9,1,0,0,1,0,0,0,0,2,7.4826E+20,5.34184E+21,1.234E+16,4.81812E+16
75382,9,3,75,117,2018,2,7,1,3,2,6,1,0,1,0,0,0,0,0,7.37768E+20,5.43173E+21,1.22505E+16,4.89926E+16
75383,9,3,73,147,2018,2,19,1,3,8,1,2,0,1,0,0,0,0,1,6.82303E+20,5.46153E+21,1.15066E+16,4.92793E+16
75384,9,1,74,131,2018,2,17,6,3,2,6,1,0,1,0,0,0,0,1,6.76599E+20,5.35783E+21,1.13836E+16,4.83489E+16
75385,9,3,76,161,2018,2,15,1,3,8,6,0,0,1,0,0,0,0,0,7.27734E+20,5.46646E+21,1.21332E+16,4.93083E+16
75386,9,2,73,152,2018,2,19,4,3,4,1,2,0,1,0,0,0,0,2,6.99114E+20,5.41063E+21,1.17125E+16,4.88168E+16
75387,9,3,76,119,2018,2,14,1,3,8,1,0,0,1,0,0,0,0,0,7.19521E+20,5.45636E+21,1.20148E+16,4.92206E+16
75388,9,1,90,139,2018,2,6,5,2,4,1,2,0,1,0,0,0,0,2,6.55393E+20,5.29346E+21,1.10742E+16,4.77757E+16
75389,9,5,71,200,2018,2,19,5,2,4,6,2,0,1,0,0,0,0,1,5.95298E+20,5.44037E+21,1.03058E+16,4.91087E+16
75390,9,2,76,142,2018,2,16,1,3,8,1,0,0,1,0,0,0,0,1,7.90026E+20,5.43246E+21,1.29638E+16,4.89769E+16
75391,9,1,78,124,2018,2,18,4,3,2,6,2,0,1,0,0,0,0,2,7.02288E+20,5.36547E+21,1.17336E+16,4.84099E+16
75392,9,3,74,132,2018,2,17,3,2,5,3,2,0,1,0,0,0,0,0,7.33889E+20,5.50013E+21,1.22376E+16,4.96084E+16
75393,9,7,71,145,2018,2,18,4,3,8,1,2,0,1,0,0,0,0,2,6.49478E+20,5.34448E+21,1.10131E+16,4.82359E+16
75394,9,2,75,145,2018,2,15,1,3,2,6,0,0,1,0,0,0,0,0,8.23499E+20,5.37623E+21,1.33759E+16,4.84559E+16
75395,9,7,72,131,2018,2,16,7,3,5,3,0,0,1,0,0,0,0,1,6.21588E+20,5.35703E+21,1.06413E+16,4.83547E+16
75396,9,2,71,111,2018,2,22,4,2,8,1,2,0,1,0,0,0,0,2,7.85898E+20,5.40354E+21,1.28874E+16,4.87192E+16
75397,9,2,77,122,2018,2,18,1,2,8,1,2,0,1,0,0,0,0,2,7.68394E+20,5.36229E+21,1.26233E+16,4.83566E+16
75398,9,7,79,148,2018,2,6,5,3,3,6,1,0,1,0,0,0,1,0,6.30007E+20,5.41369E+21,1.07726E+16,4.88626E+16
75399,9,2,74,172,2018,2,10,1,3,5,3,0,0,1,0,0,0,1,1,7.18254E+20,5.39449E+21,1.19643E+16,4.86653E+16
75400,9,1,83,128,2018,2,15,4,3,5,3,0,0,1,0,0,0,0,1,7.62526E+20,5.34774E+21,1.25352E+16,4.82285E+16
75401,9,3,75,180,2018,2,11,3,3,1,1,0,0,1,0,0,0,0,0,7.26258E+20,5.42463E+21,1.20895E+16,4.89332E+16
75402,9,1,76,126,2018,2,6,5,3,8,1,2,0,1,0,0,0,0,2,6.7475E+20,5.40753E+21,1.13796E+16,4.87962E+16
75403,9,2,73,163,2018,2,13,1,3,8,6,0,0,1,0,0,0,0,0,7.08823E+20,5.39813E+21,1.18382E+16,4.87012E+16
75404,9,1,62,0,2018,2,13,3,3,2,6,0,0,1,0,0,0,0,0,6.85709E+20,5.33529E+21,1.14966E+16,4.81437E+16
75405,9,3,75,179,2018,2,11,3,3,3,2,0,0,1,0,0,1,0,0,7.32267E+20,5.42899E+21,1.21739E+16,4.89701E+16
75406,9,6,77,203,2018,2,7,4,3,5,3,0,0,1,0,0,0,0,0,5.58091E+20,5.52793E+21,9.80891E+15,4.99009E+16
75407,9,1,87,116,2018,2,5,5,3,8,1,2,0,1,0,0,0,0,2,7.46685E+20,5.32684E+21,1.23102E+16,4.80471E+16
75408,9,2,73,125,2018,2,11,1,3,9,1,0,0,1,0,0,0,0,2,7.21625E+20,5.41666E+21,1.2022E+16,4.88633E+16
75409,9,1,75,124,2018,2,17,4,2,8,1,1,0,1,0,0,0,1,2,7.1589E+20,5.32848E+21,1.18984E+16,4.8073E+16
75410,9,6,75,127,2018,2,7,4,3,9,7,0,0,1,0,0,0,0,1,6.03473E+20,5.51568E+21,1.04374E+16,4.97847E+16
75411,9,2,73,125,2018,2,11,1,3,2,6,0,0,1,0,0,0,0,2,7.21625E+20,5.41666E+21,1.2022E+16,4.88633E+16
75412,9,2,73,125,2018,2,11,1,3,3,1,0,0,1,0,0,0,0,2,7.21625E+20,5.41666E+21,1.2022E+16,4.88633E+16
75413,9,2,75,154,2018,2,11,4,3,6,2,0,0,0,1,0,0,1,0,8.08308E+20,5.3953E+21,1.31851E+16,4.86346E+16
75414,9,2,73,166,2018,2,9,1,3,8,1,0,0,1,0,0,0,0,2,7.1268E+20,5.41719E+21,1.19004E+16,4.88712E+16
75415,9,7,61,0,2018,2,5,5,3,4,3,2,0,1,0,0,0,0,2,6.41498E+20,5.35783E+21,1.09102E+16,4.83577E+16
75416,9,1,89,148,2018,2,0,1,3,8,1,2,0,1,0,0,0,0,2,7.77772E+20,5.30843E+21,1.27146E+16,4.7869E+16
75417,9,1,87,181,2018,2,18,4,3,9,1,2,0,1,0,0,0,0,1,7.36416E+20,5.31111E+21,1.2164E+16,4.79097E+16
75418,9,1,81,114,2018,2,13,5,2,5,3,0,0,1,0,0,0,1,2,6.47896E+20,5.31605E+21,1.09819E+16,4.79807E+16
75419,9,1,72,118,2018,2,12,1,3,5,3,0,1,1,0,0,0,0,1,7.97627E+20,5.3064E+21,1.29781E+16,4.7842E+16
75420,9,7,77,112,2018,2,21,3,2,5,3,2,1,1,0,0,0,0,0,6.22831E+20,5.29866E+21,1.06412E+16,4.78296E+16
75421,9,5,76,151,2018,2,6,4,3,2,6,2,0,1,0,0,0,0,0,6.58746E+20,5.47055E+21,1.11866E+16,4.9367E+16
75422,9,1,71,117,2018,2,12,1,3,9,1,0,0,1,0,0,0,0,1,7.66081E+20,5.33596E+21,1.25756E+16,4.81212E+16
75423,9,1,87,165,2018,2,10,1,3,9,1,0,0,1,0,0,0,0,0,7.33339E+20,5.2997E+21,1.21167E+16,4.78083E+16
75424,9,2,74,145,2018,2,16,4,3,4,1,1,0,1,0,0,0,0,2,7.47341E+20,5.37654E+21,1.2348E+16,4.84933E+16
75425,9,1,87,114,2018,2,14,1,2,0,4,0,0,0,1,1,0,0,0,7.45038E+20,5.28717E+21,1.22656E+16,4.76914E+16
75426,9,4,71,145,2018,2,13,5,3,6,4,0,1,0,1,0,0,0,0,6.43726E+20,5.52058E+21,1.09981E+16,4.98204E+16
75427,9,1,61,0,2018,2,13,1,3,6,2,0,0,1,1,0,0,0,0,6.80023E+20,5.4067E+21,1.14509E+16,4.87872E+16
75428,9,1,61,0,2018,2,9,1,3,9,1,0,0,1,0,0,0,0,1,6.80858E+20,5.40523E+21,1.14617E+16,4.87738E+16
75429,9,2,75,143,2018,2,17,4,3,8,1,1,0,1,0,0,0,0,2,8.12512E+20,5.36559E+21,1.32198E+16,4.8366E+16
75430,9,1,76,167,2018,2,14,1,2,4,2,0,0,1,0,0,0,0,0,6.78318E+20,5.40939E+21,1.14289E+16,4.88119E+16
75431,9,6,74,147,2018,2,16,5,2,5,3,0,0,1,0,0,0,1,0,6.11419E+20,5.5427E+21,1.05556E+16,5.00261E+16
75432,9,1,76,123,2018,2,5,1,3,9,1,2,0,1,0,0,0,0,1,6.62382E+20,5.41673E+21,1.12149E+16,4.88822E+16
75433,9,1,61,0,2018,2,9,4,3,5,2,0,1,0,0,0,1,0,0,6.7609E+20,5.40505E+21,1.13967E+16,4.87736E+16
75434,9,7,75,111,2018,2,20,4,3,8,1,2,0,1,0,0,0,0,1,5.83222E+20,5.3333E+21,1.01188E+16,4.81475E+16
75435,9,1,79,145,2018,2,18,1,3,0,3,1,1,1,0,0,0,0,2,6.73326E+20,5.33688E+21,1.13309E+16,4.81615E+16
75436,9,5,74,155,2018,2,18,4,2,8,1,2,0,1,0,0,0,0,0,6.69472E+20,5.49216E+21,1.13434E+16,4.95583E+16
75437,9,1,74,131,2018,2,13,1,3,2,6,0,0,1,0,0,0,0,0,6.76959E+20,5.3548E+21,1.13872E+16,4.83216E+16
75438,9,1,62,0,2018,2,17,6,3,2,6,2,0,1,0,0,0,0,0,6.80261E+20,5.33983E+21,1.14253E+16,4.81861E+16
75439,9,1,74,118,2018,2,12,1,3,5,3,0,0,1,0,0,0,0,1,6.68683E+20,5.35486E+21,1.12757E+16,4.83244E+16
75440,9,2,61,0,2018,2,13,4,3,5,3,0,0,1,0,0,0,0,0,7.32674E+20,5.37876E+21,1.21511E+16,4.85188E+16
75441,9,1,78,120,2018,2,15,1,3,3,1,0,0,1,0,0,0,1,2,6.93985E+20,5.35555E+21,1.1617E+16,4.83233E+16
75442,9,3,76,161,2018,2,17,5,3,1,6,1,0,1,0,0,0,0,0,7.25767E+20,5.46789E+21,1.2107E+16,4.93219E+16
75443,9,5,76,113,2018,2,3,5,3,0,7,2,0,1,0,0,0,0,0,6.64831E+20,5.45712E+21,1.12648E+16,4.92447E+16
75444,9,1,84,119,2018,2,14,1,3,8,1,0,0,1,0,0,0,0,0,6.96246E+20,5.34747E+21,1.16437E+16,4.82501E+16
75445,9,1,75,111,2018,2,16,4,3,8,1,2,0,1,0,0,0,0,2,7.13772E+20,5.33856E+21,1.1875E+16,4.81643E+16
75446,9,7,72,147,2018,2,14,3,3,2,6,0,0,1,0,0,0,0,0,6.38399E+20,5.36427E+21,1.08705E+16,4.84164E+16
75447,9,7,72,147,2018,2,13,4,3,2,6,0,0,1,0,0,0,0,0,6.38427E+20,5.36676E+21,1.08717E+16,4.84388E+16
75448,9,1,75,135,2018,2,3,1,3,8,7,2,1,0,0,0,0,0,1,7.09296E+20,5.33913E+21,1.18152E+16,4.81709E+16
75449,9,6,71,155,2018,2,10,5,3,2,6,0,0,1,0,0,0,0,0,5.02157E+20,5.53733E+21,9.03008E+15,4.99883E+16
75450,9,1,78,124,2018,2,16,1,3,4,6,0,0,1,0,0,0,0,2,7.0147E+20,5.36022E+21,1.17201E+16,4.8363E+16
75451,9,1,76,153,2018,2,16,4,2,4,1,1,0,1,0,0,0,0,1,6.95436E+20,5.41223E+21,1.16632E+16,4.88323E+16
75452,9,7,77,147,2018,2,13,4,3,1,1,0,0,1,0,1,0,0,1,6.34971E+20,5.28398E+21,1.07988E+16,4.76951E+16
75453,9,1,62,0,2018,2,13,7,3,2,6,0,0,1,0,0,0,0,0,6.89637E+20,5.34016E+21,1.15515E+16,4.81863E+16
75454,9,5,74,155,2018,2,20,4,2,2,1,2,0,1,0,0,0,0,1,6.74296E+20,5.49973E+21,1.14134E+16,4.96249E+16
75455,9,7,74,144,2018,2,1,7,3,3,6,2,0,1,0,0,0,0,0,6.12715E+20,5.36245E+21,1.0523E+16,4.84051E+16
75456,9,1,75,127,2018,2,17,6,2,6,4,2,0,1,1,0,0,0,1,7.13292E+20,5.34156E+21,1.18701E+16,4.81914E+16
75457,9,7,78,115,2018,2,18,7,3,6,4,2,0,1,1,0,0,0,1,5.92834E+20,5.33282E+21,1.02479E+16,4.81418E+16
75458,9,2,79,115,2018,2,16,4,3,4,1,0,0,1,0,0,0,0,2,7.60355E+20,5.38142E+21,1.25269E+16,4.85318E+16
75459,9,7,64,0,2018,2,19,7,3,4,6,2,0,1,0,0,0,0,2,5.86307E+20,5.31655E+21,1.01569E+16,4.79964E+16
75460,9,1,73,111,2018,2,7,5,3,4,6,0,0,1,0,0,0,0,2,6.82294E+20,5.29046E+21,1.14317E+16,4.77418E+16
75461,9,7,64,0,2018,2,22,7,3,6,6,2,0,0,1,0,0,1,1,5.87538E+20,5.31476E+21,1.01731E+16,4.79801E+16
75462,9,1,77,120,2018,2,15,4,3,9,1,0,0,1,0,0,0,0,2,7.25404E+20,5.36305E+21,1.20443E+16,4.83803E+16
75463,9,7,61,0,2018,2,6,4,3,4,2,2,1,1,0,0,0,0,0,6.44629E+20,5.35765E+21,1.09523E+16,4.83554E+16
75464,9,7,77,151,2018,2,13,7,3,5,3,0,1,1,0,0,0,0,0,6.21834E+20,5.29438E+21,1.06267E+16,4.77913E+16
75465,9,7,72,157,2018,2,20,7,3,5,3,2,0,1,0,0,0,0,0,6.27757E+20,5.33571E+21,1.07181E+16,4.81618E+16
75466,9,2,71,122,2018,2,12,4,3,2,6,0,0,1,0,0,0,0,0,7.91605E+20,5.42583E+21,1.29806E+16,4.89166E+16
75467,9,1,74,115,2018,2,18,2,3,5,2,2,1,1,0,0,0,0,1,6.83275E+20,5.34826E+21,1.14695E+16,4.8261E+16
75468,9,1,87,132,2018,2,16,5,2,4,6,1,0,1,0,0,0,0,2,7.46734E+20,5.30068E+21,1.22958E+16,4.78121E+16
75469,9,6,75,144,2018,2,10,2,3,2,6,0,0,1,0,0,0,1,0,5.87876E+20,5.50686E+21,1.02188E+16,4.97078E+16
75470,9,7,77,121,2018,2,19,4,2,2,6,2,0,1,0,0,1,0,0,6.30652E+20,5.32189E+21,1.07527E+16,4.80369E+16
75471,9,1,74,131,2018,2,22,2,1,4,1,2,0,1,0,0,0,0,1,6.75243E+20,5.36052E+21,1.13664E+16,4.83735E+16
75472,9,6,75,141,2018,2,13,4,2,5,3,0,0,1,0,0,1,0,0,5.83141E+20,5.50997E+21,1.01538E+16,4.97364E+16
75473,9,4,72,121,2018,2,14,2,2,2,6,0,0,1,0,0,0,0,2,6.96368E+20,5.54732E+21,1.17428E+16,5.00457E+16
75474,9,1,78,120,2018,2,7,2,2,9,1,0,0,1,0,0,0,0,1,6.9691E+20,5.35161E+21,1.16546E+16,4.8287E+16
75475,9,4,77,143,2018,2,10,3,3,9,1,0,0,1,0,0,0,0,1,6.84584E+20,5.54917E+21,1.15793E+16,5.00661E+16
75476,9,1,78,143,2018,2,17,2,3,5,3,2,0,1,0,0,0,0,0,7.19539E+20,5.37332E+21,1.19706E+16,4.84746E+16
75477,9,2,71,148,2018,2,16,4,3,4,6,0,0,1,0,0,0,0,2,7.96453E+20,5.41778E+21,1.30408E+16,4.88421E+16
75478,9,1,78,143,2018,2,13,2,3,5,3,0,0,1,0,0,0,0,0,7.16947E+20,5.37237E+21,1.1935E+16,4.8467E+16
75479,9,1,88,113,2018,2,16,3,3,2,6,0,0,1,0,0,0,0,0,6.7601E+20,5.31497E+21,1.13579E+16,4.79638E+16
75480,9,3,75,118,2018,2,22,5,1,8,7,2,0,1,0,0,0,0,1,7.09334E+20,5.44575E+21,1.18696E+16,4.91289E+16
75481,9,7,80,128,2018,2,6,2,3,9,1,2,0,1,0,0,0,0,2,6.09767E+20,5.27884E+21,1.04618E+16,4.76537E+16
75482,9,1,77,119,2018,2,22,2,2,0,1,2,0,1,0,0,0,0,1,7.21684E+20,5.33932E+21,1.19817E+16,4.81685E+16
75483,9,1,74,118,2018,2,15,5,3,9,1,0,0,1,0,0,0,0,1,6.68297E+20,5.3527E+21,1.12696E+16,4.83051E+16
75484,9,5,76,151,2018,2,19,2,3,9,1,2,0,1,0,0,0,0,1,6.60146E+20,5.46824E+21,1.12049E+16,4.93459E+16
75485,9,7,75,135,2018,2,10,3,3,2,6,0,0,1,0,0,0,0,0,5.80329E+20,5.35844E+21,1.00847E+16,4.8374E+16
75486,9,1,75,123,2018,2,16,2,3,5,2,0,1,1,0,0,0,0,1,7.23029E+20,5.33801E+21,1.19991E+16,4.81562E+16
75487,9,5,74,132,2018,2,18,4,3,2,6,1,0,1,0,0,0,0,0,6.76294E+20,5.48629E+21,1.1435E+16,4.95036E+16
75488,9,3,71,113,2018,2,17,2,3,9,1,2,0,1,0,0,0,0,2,6.88367E+20,5.50585E+21,1.1611E+16,4.96757E+16
75489,9,1,75,115,2018,2,16,2,3,2,2,0,0,1,0,0,1,0,2,7.2186E+20,5.33194E+21,1.19802E+16,4.8102E+16
75490,9,3,62,0,2018,2,16,3,3,2,6,0,0,1,0,0,1,0,0,7.25345E+20,5.43103E+21,1.20806E+16,4.8991E+16
75491,9,5,74,141,2018,2,11,5,3,3,6,0,0,1,0,0,0,0,0,6.67778E+20,5.49015E+21,1.13192E+16,4.95407E+16
75492,9,1,62,0,2018,2,9,3,3,6,2,0,0,1,1,0,0,0,0,6.84639E+20,5.32912E+21,1.14795E+16,4.80886E+16
75493,9,1,75,131,2018,2,8,2,3,9,1,0,0,1,0,0,0,0,2,7.07847E+20,5.32385E+21,1.17883E+16,4.8034E+16
75494,9,6,71,155,2018,2,9,4,3,2,6,0,0,1,0,0,0,0,0,5.05082E+20,5.53539E+21,9.07087E+15,4.99709E+16
75495,9,4,71,159,2018,2,11,2,3,4,6,0,0,1,0,0,0,0,1,6.41441E+20,5.53427E+21,1.09714E+16,4.9944E+16
75496,9,1,77,124,2018,2,11,2,3,9,1,0,0,1,0,0,0,1,1,7.28068E+20,5.36605E+21,1.20818E+16,4.84063E+16
75497,9,4,61,0,2018,2,19,3,3,3,3,2,1,1,0,0,0,0,1,6.38007E+20,5.52867E+21,1.09215E+16,4.98945E+16
75498,9,2,73,165,2018,2,7,2,2,5,3,0,0,1,0,0,0,0,0,7.14641E+20,5.4105E+21,1.19236E+16,4.88104E+16
75499,9,1,62,0,2018,2,11,1,3,5,2,0,0,1,0,0,0,0,2,6.88016E+20,5.32785E+21,1.15243E+16,4.80762E+16
75500,9,2,79,132,2018,2,13,6,3,2,6,0,0,1,0,0,1,0,0,7.65897E+20,5.39847E+21,1.26127E+16,4.86826E+16
75501,9,2,77,119,2018,2,7,4,3,5,3,0,0,1,0,0,0,0,0,7.75591E+20,5.37506E+21,1.27287E+16,4.84682E+16
75502,9,1,62,0,2018,2,18,1,3,6,4,2,0,1,1,0,0,0,1,6.80225E+20,5.335E+21,1.14228E+16,4.81427E+16
75503,9,1,62,0,2018,2,11,2,3,3,6,2,0,1,0,0,1,0,0,6.87347E+20,5.33251E+21,1.15173E+16,4.81182E+16
75504,9,2,71,119,2018,2,17,5,3,8,6,2,0,1,0,0,0,0,1,7.93613E+20,5.41779E+21,1.30022E+16,4.88436E+16
75505,9,7,63,0,2018,2,22,2,3,9,1,2,0,1,0,0,0,0,1,5.99243E+20,5.28661E+21,1.03234E+16,4.77252E+16
75506,9,1,62,0,2018,2,3,1,3,2,6,2,0,1,0,0,0,0,0,6.983E+20,5.33322E+21,1.16647E+16,4.81213E+16
75507,9,1,62,0,2018,2,8,4,3,4,6,0,0,1,0,0,0,0,0,6.97764E+20,5.33008E+21,1.1656E+16,4.80933E+16
75508,9,5,73,126,2018,2,6,2,3,8,1,2,0,1,0,0,0,0,2,6.34975E+20,5.48342E+21,1.08637E+16,4.94884E+16
75509,9,7,63,0,2018,2,18,1,3,3,7,2,0,1,0,0,0,0,1,5.97688E+20,5.28642E+21,1.03026E+16,4.77237E+16
75510,9,7,79,148,2018,2,7,3,2,8,1,0,0,1,0,0,0,0,2,6.30061E+20,5.4087E+21,1.07718E+16,4.88176E+16
75511,9,7,77,151,2018,2,17,1,2,8,1,0,0,1,0,0,0,0,1,6.26376E+20,5.29365E+21,1.06871E+16,4.77838E+16
75512,9,5,75,152,2018,2,16,4,3,4,2,2,0,1,0,0,0,0,0,6.19218E+20,5.47889E+21,1.06449E+16,4.94509E+16