OBJECTID_1,ULAND,UREGBEZ,UKREIS,UGEMEINDE,UJAHR,UMONAT,USTUNDE,UWOCHENTAG,UKATEGORIE,UART,UTYP1,ULICHTVERH,IstRad,IstPKW,IstFuss,IstKrad,IstGkfz,IstSonstig,STRZUSTAND,LINREFX,LINREFY,XGCSWGS84,YGCSWGS84
75700,9,1,82,123,2018,2,15,2,3,2,6,0,0,1,0,0,0,0,1,7.19844E+20,5.30087E+21,1.19373E+16,4.78236E+16
75701,9,5,75,117,2018,2,18,4,1,5,3,2,0,1,0,1,0,0,0,6.23529E+20,5.50072E+21,1.07112E+16,4.96463E+16
75702,9,2,75,127,2018,2,16,2,3,4,1,0,0,1,0,0,0,0,2,8.0922E+20,5.40138E+21,1.3202E+16,4.86887E+16
75703,9,3,71,131,2018,2,3,7,3,2,6,2,0,0,0,0,1,1,0,6.93835E+20,5.47822E+21,1.16731E+16,4.94257E+16
75704,9,3,76,175,2018,2,13,3,3,8,1,0,0,1,0,0,0,0,1,7.30104E+20,5.46697E+21,1.2166E+16,4.93121E+16
75705,9,5,76,132,2018,2,17,5,3,8,1,2,0,1,0,0,0,0,2,6.5234E+20,5.46546E+21,1.10964E+16,4.93228E+16
75706,9,1,82,129,2018,2,16,4,3,6,4,0,0,1,1,0,0,0,0,7.07893E+20,5.28574E+21,1.17706E+16,4.76916E+16
75707,9,3,76,160,2018,2,18,7,3,0,1,2,0,1,0,0,0,0,0,7.5674E+20,5.49104E+21,1.25474E+16,4.95176E+16
75708,9,1,80,135,2018,2,20,5,3,8,1,2,0,1,0,0,0,0,2,6.52921E+20,5.2745E+21,1.10346E+16,4.76058E+16
75709,9,7,73,144,2018,2,14,2,3,2,6,0,0,1,0,0,0,0,0,6.03146E+20,5.38037E+21,1.03982E+16,4.85679E+16
75710,9,3,61,0,2018,2,18,7,3,2,6,2,0,1,0,0,0,0,1,7.07823E+20,5.48074E+21,1.18671E+16,4.94438E+16
75711,9,7,79,131,2018,2,7,4,3,5,3,0,1,1,0,0,0,0,0,6.31267E+20,5.39744E+21,1.07846E+16,4.87161E+16
75712,9,5,71,136,2018,2,12,2,2,8,7,0,0,1,0,0,0,0,1,5.90334E+20,5.43906E+21,1.02375E+16,4.90977E+16
75713,9,2,75,126,2018,2,0,7,2,9,1,2,0,1,0,0,0,0,0,8.40525E+20,5.39963E+21,1.36246E+16,4.86568E+16
75714,9,6,76,144,2018,2,18,3,3,7,1,2,0,1,0,0,0,0,0,5.09251E+20,5.52907E+21,9.12886E+15,4.99139E+16
75715,9,2,79,128,2018,2,17,7,2,0,6,2,0,1,0,0,0,0,0,7.55506E+20,5.39508E+21,1.24697E+16,4.86565E+16
75716,9,2,74,120,2018,2,12,7,3,0,2,0,0,1,0,0,0,1,0,7.52827E+20,5.36965E+21,1.2418E+16,4.84292E+16
75717,9,7,75,135,2018,2,11,4,2,5,3,0,1,1,0,0,0,0,0,5.75754E+20,5.36143E+21,1.00235E+16,4.84015E+16
75718,9,5,71,228,2018,2,10,2,3,8,1,0,0,0,0,0,1,0,2,5.89071E+20,5.4523E+21,1.02231E+16,4.9217E+16
75719,9,1,90,141,2018,2,3,7,3,9,1,2,0,1,0,0,0,0,0,6.79974E+20,5.2905E+21,1.14008E+16,4.77427E+16
75720,9,6,79,193,2018,2,15,3,1,2,6,0,0,0,0,0,1,0,0,5.75649E+20,5.51205E+21,1.00503E+16,4.97562E+16
75721,9,1,73,134,2018,2,23,7,2,8,7,2,0,1,0,0,0,0,1,6.85288E+20,5.29717E+21,1.14745E+16,4.78012E+16
75722,9,1,87,131,2018,2,9,2,3,2,6,0,0,0,0,0,1,0,2,7.36781E+20,5.28838E+21,1.21564E+16,4.77054E+16
75723,9,4,75,141,2018,2,14,4,3,4,6,0,0,1,0,0,0,0,0,7.00699E+20,5.58059E+21,1.18208E+16,5.03432E+16
75724,9,1,89,150,2018,2,10,7,3,2,6,0,0,1,0,0,0,0,0,7.78693E+20,5.31791E+21,1.2733E+16,4.79538E+16
75725,9,2,61,0,2018,2,11,3,3,5,3,0,0,1,0,0,0,0,0,7.32675E+20,5.37876E+21,1.21511E+16,4.85188E+16
75726,9,5,75,152,2018,2,16,5,3,1,1,0,0,1,0,0,0,1,2,6.20173E+20,5.47824E+21,1.06578E+16,4.94449E+16
75727,9,1,71,121,2018,2,16,7,3,9,1,0,0,1,0,0,0,0,0,7.72452E+20,5.3427E+21,1.26654E+16,4.8179E+16
75728,9,1,71,127,2018,2,5,5,3,9,7,2,0,1,0,0,0,0,0,7.66497E+20,5.35591E+21,1.25937E+16,4.83002E+16
75729,9,7,71,112,2018,2,12,2,3,0,6,0,1,0,0,0,0,0,0,6.42971E+20,5.36703E+21,1.09332E+16,4.84402E+16
75730,9,1,87,182,2018,2,12,7,3,2,2,0,0,1,0,0,0,0,0,7.41571E+20,5.32832E+21,1.22425E+16,4.80623E+16
75731,9,7,72,216,2018,2,10,4,2,9,1,0,0,1,0,0,0,0,0,6.19568E+20,5.36711E+21,1.06169E+16,4.84458E+16
75732,9,4,77,157,2018,2,13,2,3,3,1,0,0,1,0,0,1,0,0,6.71458E+20,5.54319E+21,1.13934E+16,5.00163E+16
75733,9,1,86,152,2018,2,7,7,3,2,6,0,0,1,0,0,0,0,0,6.91143E+20,5.37824E+21,1.1589E+16,4.85281E+16
75734,9,5,64,0,2018,2,10,3,3,2,6,0,0,1,0,0,1,0,0,6.47604E+20,5.4793E+21,1.10364E+16,4.94484E+16
75735,9,1,79,145,2018,2,19,7,3,4,1,2,0,1,0,0,0,0,0,6.75414E+20,5.33792E+21,1.13594E+16,4.81703E+16
75736,9,1,87,116,2018,2,18,2,3,9,1,2,0,1,0,0,0,0,2,7.43182E+20,5.32982E+21,1.2265E+16,4.80752E+16
75737,9,3,62,0,2018,2,11,4,3,0,6,0,1,1,0,0,0,0,0,7.25364E+20,5.43235E+21,1.20815E+16,4.90029E+16
75738,9,1,75,132,2018,2,15,7,3,3,7,0,0,1,0,0,0,0,0,7.0961E+20,5.33735E+21,1.18185E+16,4.81548E+16
75739,9,1,82,116,2018,2,8,3,2,8,1,0,0,1,0,0,0,0,1,7.0671E+20,5.2918E+21,1.17577E+16,4.77464E+16
75740,9,4,71,195,2018,2,8,5,3,2,6,0,0,1,0,0,0,0,0,6.41652E+20,5.5249E+21,1.09709E+16,4.98598E+16
75741,9,7,64,0,2018,2,1,2,3,8,7,2,0,1,0,0,0,0,1,5.88382E+20,5.31282E+21,1.0184E+16,4.79626E+16
75742,9,1,82,131,2018,2,5,2,3,8,1,2,0,1,0,0,0,0,2,7.15314E+20,5.28849E+21,1.18707E+16,4.77139E+16
75743,9,3,75,117,2018,2,9,4,2,1,1,0,0,0,0,0,1,1,0,7.42976E+20,5.43231E+21,1.23219E+16,4.89958E+16
75744,9,1,84,114,2018,2,8,7,3,2,6,0,0,1,0,0,0,0,0,6.99627E+20,5.32398E+21,1.16782E+16,4.80379E+16
75745,9,1,80,127,2018,2,13,3,3,5,3,0,0,1,0,0,0,0,0,6.65615E+20,5.27739E+21,1.12045E+16,4.76287E+16
75746,9,5,75,125,2018,2,16,5,3,9,1,0,0,1,0,0,0,0,1,6.2432E+20,5.4971E+21,1.0721E+16,4.96136E+16
75747,9,1,84,119,2018,2,10,7,3,2,6,0,0,1,0,0,0,0,0,6.96045E+20,5.34675E+21,1.16407E+16,4.82436E+16
75748,9,1,87,139,2018,2,10,5,2,4,2,0,0,1,0,0,0,0,0,7.43505E+20,5.31699E+21,1.2262E+16,4.79599E+16
75749,9,6,75,141,2018,2,13,2,3,4,6,0,0,1,0,0,0,0,0,5.84273E+20,5.50984E+21,1.01695E+16,4.97351E+16
75750,9,1,79,123,2018,2,21,4,2,8,7,2,0,1,0,0,0,0,0,6.76552E+20,5.33426E+21,1.13732E+16,4.81371E+16
75751,9,1,84,119,2018,2,15,7,3,2,6,0,0,1,0,0,0,0,0,6.96218E+20,5.34733E+21,1.16433E+16,4.82488E+16
75752,9,1,87,165,2018,2,8,2,3,2,6,0,0,1,0,0,0,0,2,7.33418E+20,5.29796E+21,1.21168E+16,4.77926E+16
75753,9,6,73,162,2018,2,8,4,2,2,6,0,0,1,0,0,0,1,0,5.71526E+20,5.57739E+21,1.00052E+16,5.03443E+16
75754,9,4,74,135,2018,2,20,2,3,8,1,2,0,1,0,0,0,0,2,6.4396E+20,5.50636E+21,1.09961E+16,4.96926E+16
75755,9,1,84,119,2018,2,10,7,3,1,6,0,0,1,0,0,0,0,0,6.96045E+20,5.34675E+21,1.16407E+16,4.82436E+16
75756,9,4,72,119,2018,2,22,3,3,0,6,2,0,1,0,0,0,0,0,6.88397E+20,5.54247E+21,1.16292E+16,5.00047E+16
75757,9,1,84,119,2018,2,13,7,3,2,6,0,0,1,0,0,0,0,0,6.96179E+20,5.34985E+21,1.16439E+16,4.82715E+16
75758,9,1,82,116,2018,2,15,2,3,9,1,0,0,1,0,0,0,0,1,7.04436E+20,5.29184E+21,1.17274E+16,4.77475E+16
75759,9,2,77,113,2018,2,18,4,2,6,6,2,0,1,1,0,0,0,0,8.02655E+20,5.37351E+21,1.30928E+16,4.84419E+16
75760,9,2,79,112,2018,2,18,2,2,4,1,2,0,1,0,0,0,0,0,7.57155E+20,5.39547E+21,1.24923E+16,4.86593E+16
75761,9,1,78,150,2018,2,6,7,3,2,6,2,0,1,0,0,0,0,0,6.91262E+20,5.37142E+21,1.15875E+16,4.84668E+16
75762,9,1,81,141,2018,2,9,3,3,4,6,0,0,1,0,0,0,1,0,6.44122E+20,5.31903E+21,1.09324E+16,4.80083E+16
75763,9,3,72,143,2018,2,17,5,3,4,2,2,0,1,0,0,0,0,0,7.74233E+20,5.45193E+21,1.27617E+16,4.91588E+16
75764,9,7,80,143,2018,2,3,2,3,8,1,2,0,1,0,0,0,0,2,5.97504E+20,5.27956E+21,1.02987E+16,4.76621E+16
75765,9,1,86,152,2018,2,9,7,3,1,6,0,0,1,0,0,0,0,0,6.91133E+20,5.37284E+21,1.15864E+16,4.84796E+16
75766,9,1,74,113,2018,2,9,5,1,4,1,0,0,1,0,0,0,0,0,6.78342E+20,5.35007E+21,1.14038E+16,4.82787E+16
75767,9,5,62,0,2018,2,18,2,3,0,7,2,1,0,0,0,0,0,1,6.44548E+20,5.49587E+21,1.10004E+16,4.95981E+16
75768,9,7,75,164,2018,2,9,3,3,8,1,0,0,1,0,0,0,0,1,5.88013E+20,5.35278E+21,1.01873E+16,4.8322E+16
75769,9,1,78,124,2018,2,19,7,3,1,6,2,0,1,0,0,0,0,1,7.02858E+20,5.35906E+21,1.17382E+16,4.83521E+16
75770,9,1,82,116,2018,2,8,2,3,4,6,0,0,1,0,0,1,0,1,7.04641E+20,5.29355E+21,1.1731E+16,4.77628E+16
75771,9,1,77,117,2018,2,12,7,3,2,6,0,0,1,0,0,0,0,0,7.17243E+20,5.36036E+21,1.19328E+16,4.8359E+16
75772,9,1,76,112,2018,2,7,5,2,8,1,0,0,1,0,0,0,0,2,6.93354E+20,5.41819E+21,1.16377E+16,4.88864E+16
75773,9,6,78,153,2018,2,18,2,3,8,1,2,0,1,0,0,0,0,2,5.9743E+20,5.52645E+21,1.03562E+16,4.98825E+16
75774,9,1,84,118,2018,2,14,3,1,4,1,0,0,1,0,0,0,1,0,7.01526E+20,5.33681E+21,1.17097E+16,4.81526E+16
75775,9,1,84,138,2018,2,1,6,3,8,1,2,0,1,0,0,0,0,1,6.81979E+20,5.33059E+21,1.14445E+16,4.81025E+16
75776,9,1,87,122,2018,4,10,6,3,4,6,0,0,1,0,0,0,0,0,7.21219E+20,5.30728E+21,1.19589E+16,4.78807E+16
75777,9,5,74,123,2018,2,22,4,1,8,7,2,0,0,0,0,0,1,0,6.60078E+20,5.47693E+21,1.12074E+16,4.94239E+16
75778,9,4,61,0,2018,2,17,2,3,3,2,0,1,1,0,0,0,0,0,6.35333E+20,5.53002E+21,1.08848E+16,4.99072E+16
75779,9,1,84,148,2018,2,8,6,3,2,6,0,0,1,0,0,0,0,1,6.96104E+20,5.32633E+21,1.16321E+16,4.80601E+16
75780,9,3,63,0,2018,2,6,3,3,4,2,1,0,1,0,0,0,0,0,7.25485E+20,5.50826E+21,1.21261E+16,4.96846E+16
75781,9,1,62,0,2018,2,12,6,3,3,6,2,0,1,0,0,1,0,0,6.91715E+20,5.33927E+21,1.1579E+16,4.81777E+16
75782,9,7,72,131,2018,2,19,5,2,9,1,2,0,1,0,0,0,0,1,6.19821E+20,5.35186E+21,1.0616E+16,4.83086E+16
75783,9,1,87,122,2018,2,13,2,3,4,6,0,0,1,0,0,0,0,1,7.21685E+20,5.30707E+21,1.1965E+16,4.78787E+16
75784,9,2,74,194,2018,2,21,4,3,2,6,2,0,1,0,0,1,0,0,7.22461E+20,5.37655E+21,1.20118E+16,4.85027E+16
75785,9,1,84,142,2018,2,6,6,3,5,3,1,0,1,0,0,1,0,1,6.81739E+20,5.31854E+21,1.14361E+16,4.79943E+16
75786,9,1,84,119,2018,2,10,2,3,0,3,0,1,1,0,0,0,0,1,6.96961E+20,5.34763E+21,1.16534E+16,4.82513E+16
75787,9,2,71,119,2018,2,7,5,3,2,6,1,0,1,0,0,0,0,1,7.94058E+20,5.4196E+21,1.30095E+16,4.88596E+16
75788,9,7,63,0,2018,2,5,2,3,4,2,2,0,1,0,0,0,0,2,5.99202E+20,5.28901E+21,1.03234E+16,4.77469E+16
75789,9,2,77,113,2018,2,18,2,2,8,1,2,0,1,0,0,0,0,0,7.9729E+20,5.37357E+21,1.30204E+16,4.8445E+16
75790,9,1,62,0,2018,2,23,6,3,9,1,2,0,1,0,0,0,0,2,6.84826E+20,5.32905E+21,1.1482E+16,4.80879E+16
75791,9,1,62,0,2018,2,9,4,3,0,1,0,0,0,0,1,0,0,1,6.89193E+20,5.33062E+21,1.15413E+16,4.81008E+16
75792,9,5,63,0,2018,2,12,2,3,2,6,0,0,1,0,0,0,1,1,6.44519E+20,5.48157E+21,1.09947E+16,4.94695E+16
75793,9,7,78,187,2018,2,11,6,3,5,3,0,0,1,0,0,0,0,0,6.08046E+20,5.33049E+21,1.04518E+16,4.81185E+16
75794,9,7,72,207,2018,2,16,3,3,1,2,0,0,1,0,0,0,0,0,6.39193E+20,5.38069E+21,1.08867E+16,4.85639E+16
75795,9,7,74,150,2018,2,11,6,3,1,2,0,0,1,0,0,0,0,1,6.00916E+20,5.3447E+21,1.03594E+16,4.82475E+16
75796,9,1,87,137,2018,2,13,2,3,9,1,0,0,1,0,0,0,0,2,7.2672E+20,5.30868E+21,1.20331E+16,4.78914E+16
75797,9,4,79,158,2018,2,8,4,3,9,1,0,0,1,0,0,0,0,1,7.21671E+20,5.55052E+21,1.20976E+16,5.00656E+16
75798,9,7,74,160,2018,2,13,6,2,5,3,0,0,1,0,0,0,1,0,6.07373E+20,5.353E+21,1.04484E+16,4.83211E+16
75799,9,2,75,154,2018,2,6,3,3,2,6,2,0,1,0,0,0,0,1,8.02452E+20,5.39816E+21,1.31079E+16,4.86632E+16
75800,9,5,64,0,2018,2,11,5,3,5,3,0,0,1,0,0,0,0,0,6.48649E+20,5.48098E+21,1.10515E+16,4.94633E+16
75801,9,1,87,179,2018,2,12,2,3,8,1,0,0,1,0,0,0,0,2,7.23276E+20,5.31151E+21,1.19886E+16,4.7918E+16
75802,9,1,76,126,2018,2,7,4,3,2,6,0,0,1,0,0,0,0,0,6.71785E+20,5.40643E+21,1.13388E+16,4.87871E+16
75803,9,7,63,0,2018,2,12,6,3,2,6,0,0,1,0,0,0,0,0,5.97085E+20,5.29015E+21,1.02954E+16,4.77574E+16
75804,9,5,64,0,2018,2,14,4,3,2,6,0,0,1,0,0,0,0,0,6.47579E+20,5.47848E+21,1.10358E+16,4.94411E+16
75805,9,3,71,113,2018,2,5,2,3,6,2,2,0,1,1,0,0,0,1,6.89609E+20,5.50768E+21,1.16291E+16,4.96918E+16
75806,9,7,80,146,2018,2,11,6,2,8,7,0,0,1,0,0,0,0,2,5.93721E+20,5.2894E+21,1.02504E+16,4.77512E+16
75807,9,3,75,190,2018,2,7,3,3,4,2,0,0,1,0,0,0,0,0,7.26507E+20,5.44543E+21,1.21045E+16,4.91199E+16
75808,9,5,76,147,2018,2,16,5,3,8,1,0,0,1,0,0,0,0,1,6.43078E+20,5.44837E+21,1.0963E+16,4.91715E+16
75809,9,1,87,179,2018,2,9,2,3,4,1,0,0,1,0,0,1,0,2,7.2331E+20,5.30957E+21,1.1988E+16,4.79005E+16
75810,9,1,90,141,2018,2,18,4,2,5,3,2,1,1,0,0,0,0,0,6.78667E+20,5.29266E+21,1.13843E+16,4.77625E+16
75811,9,7,76,112,2018,2,13,6,3,2,6,0,0,1,0,0,0,0,1,5.74323E+20,5.27872E+21,9.98982E+15,4.76576E+16
75812,9,1,90,113,2018,2,18,5,3,8,1,2,0,1,0,0,0,0,2,6.71363E+20,5.2927E+21,1.12869E+16,4.77649E+16
75813,9,7,77,129,2018,2,12,2,3,4,6,0,0,1,0,0,0,0,2,6.22597E+20,5.27058E+21,1.06302E+16,4.75771E+16
75814,9,7,80,128,2018,2,15,6,3,2,6,0,0,1,0,0,0,0,1,6.1011E+20,5.27896E+21,1.04664E+16,4.76547E+16
75815,9,7,64,0,2018,2,4,4,3,0,7,2,1,0,0,0,0,0,0,5.88244E+20,5.31367E+21,1.01823E+16,4.79703E+16
75816,9,5,75,121,2018,2,0,2,2,8,1,2,0,1,0,0,0,0,0,6.23278E+20,5.49164E+21,1.07048E+16,4.95648E+16
75817,9,1,81,127,2018,2,16,6,3,2,6,0,0,1,0,0,0,0,1,6.34518E+20,5.32273E+21,1.08049E+16,4.80437E+16
75818,9,6,79,176,2018,2,18,3,3,4,6,2,0,1,0,0,0,0,0,5.67263E+20,5.50913E+21,9.93335E+15,4.97309E+16
75819,9,7,79,131,2018,2,20,6,2,4,6,2,0,1,0,0,0,0,1,6.30633E+20,5.40198E+21,1.07774E+16,4.87571E+16
75820,9,1,86,137,2018,2,7,2,3,9,1,1,0,1,0,0,0,0,2,6.86078E+20,5.39687E+21,1.15289E+16,4.86971E+16
75821,9,4,71,145,2018,2,12,4,3,2,6,0,0,1,0,0,0,0,0,6.44128E+20,5.52238E+21,1.10044E+16,4.98365E+16
75822,9,7,73,125,2018,2,22,6,2,0,7,2,0,0,1,0,0,1,0,6.09857E+20,5.38118E+21,1.04893E+16,4.85741E+16
75823,9,1,73,120,2018,2,8,3,3,8,1,0,0,1,0,0,0,0,2,6.89977E+20,5.31167E+21,1.15434E+16,4.79301E+16
75824,9,5,77,177,2018,2,9,5,3,5,3,0,0,1,0,0,0,0,0,6.43844E+20,5.4329E+21,1.09679E+16,4.90322E+16
75825,9,7,61,0,2018,2,17,6,3,3,6,1,0,1,0,0,1,0,1,6.38429E+20,5.3625E+21,1.08703E+16,4.84004E+16
75826,9,1,87,170,2018,2,16,5,2,4,6,2,0,1,0,0,0,0,2,7.32374E+20,5.32139E+21,1.21155E+16,4.80035E+16
75827,9,6,79,187,2018,2,19,2,2,8,7,2,0,1,0,0,0,0,1,5.73806E+20,5.50579E+21,1.00235E+16,4.97001E+16
75828,9,7,72,184,2018,2,12,6,3,6,6,0,1,0,1,0,0,0,1,6.35688E+20,5.36176E+21,1.0833E+16,4.83944E+16
75829,9,6,79,193,2018,2,19,4,3,2,6,2,0,1,0,0,1,1,0,5.74907E+20,5.51139E+21,1.00398E+16,4.97503E+16
75830,9,1,89,126,2018,2,20,5,3,8,1,2,0,1,0,0,0,0,2,7.57153E+20,5.32647E+21,1.24502E+16,4.80397E+16
75831,9,7,72,217,2018,2,8,2,3,1,7,0,0,1,0,0,1,0,0,6.3596E+20,5.38223E+21,1.08434E+16,4.85784E+16
75832,9,7,72,177,2018,2,5,6,3,4,6,2,1,0,0,0,0,0,0,6.3779E+20,5.38036E+21,1.08675E+16,4.85612E+16
75833,9,7,61,0,2018,2,21,4,3,2,6,2,0,1,0,0,1,0,0,6.39862E+20,5.35438E+21,1.08869E+16,4.83271E+16
75834,9,4,75,175,2018,2,14,2,2,2,6,0,0,1,0,0,0,1,1,6.96056E+20,5.5583E+21,1.17441E+16,5.01445E+16
75835,9,7,71,122,2018,2,18,6,3,4,6,2,0,1,0,0,0,0,0,6.53487E+20,5.36258E+21,1.10736E+16,4.83977E+16
75836,9,6,61,0,2018,2,9,3,3,5,3,0,1,1,0,0,0,0,0,5.09747E+20,5.53633E+21,9.13595E+15,4.99792E+16
75837,9,7,71,113,2018,2,13,6,3,4,2,0,1,1,0,0,0,0,1,6.57688E+20,5.36969E+21,1.1133E+16,4.84606E+16
75838,9,1,85,158,2018,2,6,2,3,8,1,2,0,1,0,0,0,0,2,6.67726E+20,5.38396E+21,1.12744E+16,4.85862E+16
75839,9,3,75,183,2018,2,13,4,3,2,2,0,0,1,0,0,0,0,0,7.45476E+20,5.42963E+21,1.23544E+16,4.89708E+16
75840,9,6,79,209,2018,2,18,6,3,8,1,1,0,1,0,0,0,0,0,5.61968E+20,5.51642E+21,9.86106E+15,4.9797E+16
75841,9,1,89,155,2018,2,4,3,3,9,1,2,0,1,0,0,0,0,2,7.72072E+20,5.30855E+21,1.26386E+16,4.78726E+16
75842,9,4,73,158,2018,2,20,5,3,9,1,2,0,1,0,0,0,0,2,6.23534E+20,5.57891E+21,1.07364E+16,5.03493E+16
75843,9,1,86,152,2018,2,17,6,3,3,6,1,0,1,0,0,0,0,0,6.91428E+20,5.38032E+21,1.15938E+16,4.85468E+16
75844,9,6,77,122,2018,2,11,6,3,0,7,0,0,0,0,1,0,0,1,5.46327E+20,5.55517E+21,9.6484E+15,5.01469E+16
75845,9,1,87,165,2018,2,16,5,3,8,1,1,0,1,0,0,0,0,1,7.27183E+20,5.30004E+21,1.20348E+16,4.78136E+16
75846,9,6,75,131,2018,2,14,2,3,2,2,0,0,1,0,0,0,0,2,5.89384E+20,5.5121E+21,1.02409E+16,4.97548E+16
75847,9,1,74,115,2018,2,8,4,3,0,1,1,0,0,0,1,0,0,1,6.80147E+20,5.34833E+21,1.14274E+16,4.82625E+16
75848,9,6,75,174,2018,2,23,6,3,9,1,2,0,1,0,0,0,0,2,5.89247E+20,5.52459E+21,1.02419E+16,4.98671E+16
75849,9,1,85,118,2018,2,13,2,3,2,6,0,0,1,0,0,0,0,1,6.61142E+20,5.40432E+21,1.11932E+16,4.8771E+16
75850,9,6,76,139,2018,2,20,4,3,5,3,2,0,1,0,0,0,0,0,5.17755E+20,5.50595E+21,9.24625E+15,4.97058E+16
75851,9,4,74,124,2018,2,17,2,3,4,1,2,0,1,0,0,1,0,2,6.65013E+20,5.51131E+21,1.12899E+16,4.97316E+16
75852,9,6,74,187,2018,2,8,6,3,8,1,0,0,1,0,0,0,0,1,6.11658E+20,5.52706E+21,1.05543E+16,4.98855E+16
75853,9,4,62,0,2018,2,12,3,3,6,7,0,0,1,1,0,0,0,0,6.84544E+20,5.53521E+21,1.1572E+16,4.99407E+16
75854,9,6,72,114,2018,2,12,6,3,2,2,0,0,1,0,0,0,0,0,5.75137E+20,5.56101E+21,1.00527E+16,5.01965E+16
75855,9,1,62,0,2018,2,6,2,3,2,6,1,0,1,0,0,1,0,1,6.82461E+20,5.34199E+21,1.14558E+16,4.82049E+16
75856,9,2,75,124,2018,2,22,4,3,8,7,2,0,1,0,0,0,0,1,8.10509E+20,5.37652E+21,1.32009E+16,4.8465E+16
75857,9,6,72,113,2018,2,7,6,3,3,6,0,0,0,0,1,0,1,0,5.59139E+20,5.57423E+21,9.83068E+15,5.03172E+16
75858,9,4,77,148,2018,2,4,2,3,8,1,2,0,1,0,0,0,0,2,6.80186E+20,5.56926E+21,1.15274E+16,5.0248E+16
75859,9,6,76,139,2018,2,17,6,3,5,2,1,1,1,0,0,0,0,0,5.17156E+20,5.50569E+21,9.23792E+15,4.97035E+16
75860,9,5,73,125,2018,2,8,3,2,4,6,0,0,1,0,0,0,0,2,6.37273E+20,5.47008E+21,1.08908E+16,4.9368E+16
75861,9,5,72,131,2018,2,13,6,3,3,7,0,0,1,0,0,1,0,0,6.54659E+20,5.48667E+21,1.11366E+16,4.95129E+16
75862,9,3,76,116,2018,2,18,4,3,5,3,2,0,1,0,0,0,0,0,7.36403E+20,5.46423E+21,1.22509E+16,4.9285E+16
75863,9,5,65,0,2018,2,11,6,3,5,7,0,0,1,0,0,0,1,0,6.46855E+20,5.46582E+21,1.10211E+16,4.93274E+16
75864,9,1,74,113,2018,2,22,3,3,3,6,2,0,1,0,0,0,0,0,6.74048E+20,5.34517E+21,1.1344E+16,4.82359E+16
75865,9,3,63,0,2018,2,9,5,3,7,7,0,0,1,0,0,0,1,0,7.25946E+20,5.50934E+21,1.21331E+16,4.96942E+16
75866,9,7,74,174,2018,2,19,2,3,0,6,2,0,1,0,0,0,0,0,6.01531E+20,5.369E+21,1.03735E+16,4.84659E+16
75867,9,5,76,143,2018,2,19,6,2,5,3,2,0,1,0,0,0,0,0,6.53096E+20,5.4571E+21,1.11036E+16,4.92475E+16
75868,9,1,88,120,2018,2,12,5,3,1,6,0,0,1,0,0,1,0,0,6.76296E+20,5.32544E+21,1.13661E+16,4.80579E+16
75869,9,6,76,126,2018,2,7,2,3,2,6,0,0,1,0,0,0,0,1,5.10475E+20,5.52487E+21,9.14579E+15,4.98762E+16
75870,9,1,62,0,2018,2,17,3,3,5,3,0,0,1,0,0,0,0,0,6.85304E+20,5.33534E+21,1.14912E+16,4.81443E+16
75871,9,5,76,113,2018,2,8,6,3,5,3,0,0,1,0,0,0,0,0,6.60082E+20,5.4548E+21,1.11986E+16,4.9225E+16
75872,9,5,65,0,2018,2,8,4,3,2,6,0,0,1,0,0,0,0,0,6.48778E+20,5.46536E+21,1.10474E+16,4.93229E+16
75873,9,3,74,129,2018,2,17,2,3,4,6,0,0,1,0,0,0,0,1,6.92237E+20,5.51241E+21,1.16678E+16,4.97334E+16
75874,9,5,73,126,2018,2,7,6,3,3,6,1,0,1,0,0,0,0,0,6.36039E+20,5.48276E+21,1.08782E+16,4.94822E+16
75875,9,3,62,0,2018,2,12,3,3,2,1,0,0,1,0,0,1,0,0,7.30196E+20,5.43197E+21,1.21473E+16,4.89976E+16
75876,9,5,64,0,2018,2,11,6,3,5,3,0,0,1,0,0,0,0,0,6.53434E+20,5.4745E+21,1.1115E+16,4.94038E+16
75877,9,7,72,207,2018,2,16,5,3,8,1,0,0,1,0,0,0,0,2,6.40719E+20,5.38299E+21,1.09081E+16,4.85842E+16
75878,9,2,79,135,2018,2,5,4,2,4,5,2,0,1,0,0,1,1,0,7.76721E+20,5.38654E+21,1.27515E+16,4.85708E+16
75879,9,5,64,0,2018,2,6,6,3,2,6,2,0,1,0,0,0,0,0,6.52513E+20,5.47756E+21,1.11035E+16,4.94315E+16
75880,9,2,72,118,2018,2,5,5,2,8,1,2,0,1,0,0,0,0,2,8.32828E+20,5.41607E+21,1.35337E+16,4.88083E+16
75881,9,7,80,119,2018,2,5,2,3,4,6,2,0,1,0,1,0,0,2,5.99708E+20,5.29697E+21,1.0332E+16,4.78183E+16
75882,9,5,71,181,2018,2,15,6,3,5,3,0,0,1,0,0,0,0,0,5.88396E+20,5.4695E+21,1.02176E+16,4.93718E+16
75883,9,7,75,164,2018,2,9,4,3,8,1,0,1,0,0,0,0,0,0,5.85709E+20,5.35122E+21,1.01559E+16,4.83083E+16
75884,9,5,71,228,2018,2,18,2,3,8,1,2,0,1,0,0,0,0,2,5.88749E+20,5.45268E+21,1.02188E+16,4.92205E+16
75885,9,5,71,193,2018,2,23,6,3,8,1,2,0,1,0,0,0,0,0,5.87181E+20,5.4725E+21,1.02016E+16,4.93989E+16
75886,9,1,75,111,2018,2,15,3,3,9,7,0,0,1,0,0,0,1,0,7.12473E+20,5.33822E+21,1.18574E+16,4.81617E+16