OBJECTID_1,ULAND,UREGBEZ,UKREIS,UGEMEINDE,UJAHR,UMONAT,USTUNDE,UWOCHENTAG,UKATEGORIE,UART,UTYP1,ULICHTVERH,IstRad,IstPKW,IstFuss,IstKrad,IstGkfz,IstSonstig,STRZUSTAND,LINREFX,LINREFY,XGCSWGS84,YGCSWGS84
75887,9,3,71,116,2018,2,17,5,3,5,3,1,0,1,0,1,0,0,2,6.92395E+20,5.47838E+21,1.16533E+16,4.94276E+16
75888,9,7,77,118,2018,2,8,2,3,5,3,0,0,1,0,0,1,0,2,6.28816E+20,5.29971E+21,1.07215E+16,4.78379E+16
75889,9,5,75,146,2018,2,10,6,3,9,1,0,0,1,0,0,0,0,1,5.94854E+20,5.49082E+21,1.03117E+16,4.95625E+16
75890,9,1,75,132,2018,2,1,5,3,4,2,2,0,1,0,0,0,0,0,7.07236E+20,5.33676E+21,1.17864E+16,4.81503E+16
75891,9,5,76,151,2018,2,5,2,2,0,1,2,1,0,0,0,0,0,2,6.57047E+20,5.46938E+21,1.11627E+16,4.93569E+16
75892,9,7,78,199,2018,2,16,3,3,8,7,0,0,1,0,0,0,0,0,6.07225E+20,5.31856E+21,1.04377E+16,4.80113E+16
75893,9,5,71,174,2018,2,20,6,3,8,1,2,0,0,0,1,0,0,0,6.01431E+20,5.46307E+21,1.03955E+16,4.93119E+16
75894,9,5,64,0,2018,2,14,4,3,5,3,0,1,1,0,0,0,0,0,6.47626E+20,5.47941E+21,1.10368E+16,4.94494E+16
75895,9,2,71,138,2018,2,9,2,3,2,6,0,0,1,0,0,0,0,0,7.95989E+20,5.4105E+21,1.30292E+16,4.8777E+16
75896,9,5,61,0,2018,2,14,6,3,2,6,0,0,1,0,0,0,0,0,6.10218E+20,5.4599E+21,1.05155E+16,4.92819E+16
75897,9,3,71,118,2018,2,22,3,3,2,6,2,0,0,0,0,0,1,0,7.12333E+20,5.47581E+21,1.19266E+16,4.9398E+16
75898,9,5,72,131,2018,2,15,5,3,3,6,0,0,1,0,0,0,0,1,6.5451E+20,5.48571E+21,1.11341E+16,4.95043E+16
75899,9,1,72,115,2018,2,19,4,3,8,1,2,0,1,0,0,0,0,2,7.94309E+20,5.29142E+21,1.29237E+16,4.7709E+16
75900,9,4,72,175,2018,2,13,6,2,8,1,0,0,0,0,0,0,1,1,6.764E+20,5.51152E+21,1.14478E+16,4.97303E+16
75901,9,1,80,124,2018,2,15,5,3,2,6,0,0,1,0,0,0,0,1,6.65382E+20,5.28367E+21,1.12037E+16,4.76852E+16
75902,9,7,73,183,2018,2,15,2,3,5,3,0,0,1,0,0,0,0,0,6.0465E+20,5.38598E+21,1.042E+16,4.86182E+16
75903,9,4,72,150,2018,2,19,6,3,5,2,2,0,1,0,0,0,0,0,6.80706E+20,5.5394E+21,1.15205E+16,4.99796E+16
75904,9,7,62,0,2018,2,11,4,3,2,6,0,0,1,0,0,0,0,0,6.218E+20,5.30318E+21,1.06288E+16,4.78704E+16
75905,9,5,71,199,2018,2,17,2,3,8,1,1,0,1,0,0,0,0,2,5.88922E+20,5.44908E+21,1.02203E+16,4.91881E+16
75906,9,4,74,154,2018,2,8,6,2,4,1,1,0,1,0,0,0,0,1,6.53677E+20,5.49674E+21,1.1127E+16,4.96037E+16
75907,9,6,78,193,2018,2,12,3,2,6,2,0,0,1,1,0,0,0,0,5.78658E+20,5.53702E+21,1.00971E+16,4.99803E+16
75908,9,3,75,210,2018,2,6,6,2,3,6,2,0,1,0,0,0,1,0,7.49165E+20,5.43254E+21,1.24065E+16,4.89954E+16
75909,9,2,72,142,2018,2,16,2,3,4,1,0,0,1,0,0,0,0,2,8.20302E+20,5.41397E+21,1.33619E+16,4.87961E+16
75910,9,3,63,0,2018,2,16,4,3,2,6,0,0,1,0,0,0,0,1,7.27692E+20,5.50699E+21,1.21559E+16,4.96724E+16
75911,9,3,62,0,2018,2,17,6,3,2,1,1,0,1,0,0,0,0,0,7.2584E+20,5.43099E+21,1.20873E+16,4.89905E+16
75912,9,1,90,148,2018,2,7,3,3,5,2,0,0,1,0,0,0,0,1,6.41807E+20,5.29748E+21,1.08943E+16,4.7815E+16
75913,9,5,75,145,2018,2,16,5,3,8,1,0,0,1,0,0,0,0,1,6.16622E+20,5.48452E+21,1.06107E+16,4.95021E+16
75914,9,7,72,125,2018,2,8,3,3,6,2,0,0,1,1,0,0,0,0,6.35859E+20,5.34774E+21,1.08308E+16,4.82683E+16
75915,9,3,75,210,2018,2,5,6,2,2,1,2,0,1,0,0,1,0,0,7.48967E+20,5.43257E+21,1.24038E+16,4.89958E+16
75916,9,4,64,0,2018,2,12,4,3,5,2,0,0,1,0,0,0,0,0,7.07772E+20,5.57665E+21,1.19179E+16,5.03053E+16
75917,9,3,75,183,2018,2,7,6,3,2,6,0,0,1,0,0,1,0,0,7.40652E+20,5.43005E+21,1.22889E+16,4.89764E+16
75918,9,2,74,113,2018,2,15,3,3,4,2,0,0,1,0,0,0,0,0,7.28396E+20,5.38393E+21,1.2096E+16,4.85668E+16
75919,9,5,64,0,2018,2,10,5,3,3,6,0,0,1,0,0,1,0,0,6.47588E+20,5.47543E+21,1.10348E+16,4.94136E+16
75920,9,3,72,137,2018,2,6,6,2,5,3,2,1,1,0,0,0,0,0,7.8095E+20,5.45485E+21,1.28556E+16,4.91821E+16
75921,9,1,72,112,2018,2,11,5,3,5,3,0,0,1,0,0,0,0,0,7.89474E+20,5.30133E+21,1.2866E+16,4.78001E+16
75922,9,7,71,165,2018,2,21,2,3,8,1,1,0,1,0,0,0,0,2,6.56734E+20,5.36245E+21,1.11174E+16,4.83957E+16
75923,9,2,71,146,2018,2,19,6,3,2,6,2,0,1,0,0,0,0,1,7.87085E+20,5.41236E+21,1.29096E+16,4.87978E+16
75924,9,7,61,0,2018,2,14,4,3,2,6,0,0,1,0,0,0,0,0,6.40232E+20,5.35558E+21,1.08923E+16,4.83378E+16
75925,9,4,76,183,2018,2,18,2,3,1,6,2,0,1,0,0,0,0,1,6.70231E+20,5.56875E+21,1.13876E+16,5.02463E+16
75926,9,2,63,0,2018,2,14,6,3,2,6,0,0,1,0,0,0,0,0,7.62062E+20,5.41875E+21,1.25737E+16,4.88663E+16
75927,9,5,76,122,2018,2,17,3,3,3,6,2,0,1,0,0,0,0,0,6.70517E+20,5.43554E+21,1.13337E+16,4.90491E+16
75928,9,2,78,113,2018,2,7,6,2,4,6,0,0,1,0,0,1,0,0,7.72094E+20,5.42188E+21,1.27122E+16,4.88901E+16
75929,9,3,75,131,2018,2,9,4,3,4,6,0,0,1,0,0,0,0,2,7.13741E+20,5.44491E+21,1.19295E+16,4.91198E+16
75930,9,2,77,131,2018,2,10,6,3,2,6,0,0,1,0,0,0,0,0,7.76904E+20,5.38166E+21,1.27507E+16,4.85269E+16
75931,9,1,89,152,2018,2,6,3,2,4,1,1,0,1,0,0,0,0,0,7.78413E+20,5.33279E+21,1.27389E+16,4.80875E+16
75932,9,4,71,195,2018,2,8,5,3,2,6,0,0,1,0,0,0,0,0,6.41652E+20,5.5249E+21,1.09709E+16,4.98598E+16
75933,9,7,74,121,2018,2,16,2,3,1,6,0,0,1,0,0,0,0,0,6.03035E+20,5.36408E+21,1.03927E+16,4.84215E+16
75934,9,1,61,0,2018,2,8,6,2,0,1,0,1,0,0,0,0,0,2,6.74973E+20,5.40395E+21,1.13811E+16,4.8764E+16
75935,9,1,86,125,2018,2,17,5,2,8,1,2,0,1,0,0,0,0,2,6.73951E+20,5.37368E+21,1.13545E+16,4.84922E+16
75936,9,6,72,121,2018,2,6,2,2,8,1,2,0,1,0,0,0,0,2,5.68507E+20,5.55603E+21,9.95895E+15,5.01526E+16
75937,9,5,63,0,2018,2,6,2,3,9,1,0,0,1,0,0,0,0,2,6.42656E+20,5.4829E+21,1.09695E+16,4.9482E+16
75938,9,2,74,153,2018,2,17,5,2,5,3,0,0,1,0,1,0,0,0,7.34615E+20,5.40312E+21,1.21911E+16,4.87369E+16
75939,9,3,71,151,2018,2,13,4,3,2,6,0,0,1,0,0,0,1,0,6.97162E+20,5.48753E+21,1.17236E+16,4.95083E+16
75940,9,1,71,135,2018,2,8,2,3,5,3,0,1,1,0,0,0,0,1,7.68648E+20,5.33954E+21,1.26123E+16,4.81523E+16
75941,9,7,74,135,2018,2,17,7,3,4,1,1,0,1,0,0,0,0,2,5.92495E+20,5.37328E+21,1.02523E+16,4.85058E+16
75942,9,7,74,143,2018,2,10,7,3,8,1,0,0,1,0,0,0,0,2,5.914E+20,5.36003E+21,1.02345E+16,4.83868E+16
75943,9,7,79,131,2018,2,11,4,3,4,2,0,0,1,0,0,0,0,0,6.31333E+20,5.39614E+21,1.07851E+16,4.87044E+16
75944,9,6,73,174,2018,2,15,3,2,8,1,0,0,1,0,0,0,0,0,6.11724E+20,5.57094E+21,1.05681E+16,5.028E+16
75945,9,7,80,143,2018,2,16,7,3,4,2,0,0,1,0,0,0,0,1,5.97963E+20,5.28173E+21,1.03053E+16,4.76816E+16
75946,9,1,62,0,2018,2,13,6,3,2,6,0,0,0,0,0,1,1,0,6.78262E+20,5.33461E+21,1.13963E+16,4.81398E+16
75947,9,7,63,0,2018,2,21,7,3,5,3,2,0,1,0,0,0,0,1,5.97029E+20,5.28558E+21,1.02937E+16,4.77163E+16
75948,9,1,86,149,2018,2,8,3,3,2,6,0,0,1,0,0,0,0,0,6.88464E+20,5.38616E+21,1.15564E+16,4.86002E+16
75949,9,4,75,165,2018,2,13,5,3,2,6,0,0,1,0,0,0,0,0,6.97272E+20,5.57337E+21,1.17689E+16,5.02795E+16
75950,9,7,77,130,2018,2,14,7,3,4,1,0,0,1,0,0,0,0,2,6.24642E+20,5.30919E+21,1.06685E+16,4.79239E+16
75951,9,4,72,143,2018,2,16,2,1,4,6,0,0,1,0,0,0,0,0,6.90368E+20,5.5411E+21,1.1656E+16,4.99918E+16
75952,9,7,77,168,2018,2,19,7,3,4,1,2,0,1,0,0,0,0,1,6.15229E+20,5.27821E+21,1.05343E+16,4.7647E+16
75953,9,1,87,122,2018,2,17,5,3,8,1,1,0,1,0,0,0,0,1,7.18295E+20,5.31234E+21,1.19224E+16,4.79272E+16
75954,9,1,89,159,2018,2,17,4,3,6,6,0,0,1,1,0,0,0,0,7.6063E+20,5.303E+21,1.24825E+16,4.78275E+16
75955,9,1,78,120,2018,2,5,2,3,5,3,2,0,1,0,0,0,0,2,6.94972E+20,5.35293E+21,1.16291E+16,4.82995E+16
75956,9,7,77,130,2018,2,12,7,3,5,3,0,0,1,0,0,0,0,2,6.24039E+20,5.30898E+21,1.06604E+16,4.79222E+16
75957,9,7,77,130,2018,2,12,7,2,4,1,0,0,1,0,0,0,0,1,6.2433E+20,5.31093E+21,1.06648E+16,4.79396E+16
75958,9,6,78,178,2018,2,17,4,3,5,3,1,1,1,0,0,0,0,0,5.89672E+20,5.54349E+21,1.02522E+16,5.00369E+16
75959,9,4,78,127,2018,2,11,3,3,4,6,0,0,1,0,0,0,0,0,6.56191E+20,5.55624E+21,1.11857E+16,5.01378E+16
75960,9,7,73,125,2018,2,20,7,3,9,1,2,0,1,0,0,0,0,2,6.11918E+20,5.37753E+21,1.05163E+16,4.85409E+16
75961,9,1,77,133,2018,2,16,6,3,4,6,1,0,1,0,0,0,0,0,7.11474E+20,5.3587E+21,1.18542E+16,4.83461E+16
75962,9,7,72,211,2018,2,13,7,3,4,1,0,0,1,0,0,0,0,2,6.2239E+20,5.35453E+21,1.06514E+16,4.83321E+16
75963,9,1,84,119,2018,2,18,2,3,2,6,2,0,1,0,0,0,0,1,6.9631E+20,5.34641E+21,1.16441E+16,4.82405E+16
75964,9,7,72,223,2018,2,13,7,3,2,6,0,0,1,0,0,0,0,2,6.18341E+20,5.3632E+21,1.05992E+16,4.84108E+16
75965,9,7,71,140,2018,2,13,4,2,9,1,0,0,1,0,0,0,0,1,6.5162E+20,5.37144E+21,1.10516E+16,4.84778E+16
75966,9,5,64,0,2018,2,17,3,3,5,7,0,0,1,0,0,0,0,0,6.47646E+20,5.47472E+21,1.10353E+16,4.94073E+16
75967,9,7,72,200,2018,2,12,7,3,4,6,0,0,1,0,0,1,0,2,6.28218E+20,5.33918E+21,1.07253E+16,4.81929E+16
75968,9,1,81,132,2018,2,6,6,3,9,1,0,0,1,0,0,0,0,2,6.42771E+20,5.3252E+21,1.09163E+16,4.80641E+16
75969,9,6,79,144,2018,2,18,7,3,2,6,2,0,1,0,0,0,0,0,5.52215E+20,5.5136E+21,9.72516E+15,4.97726E+16
75970,9,3,73,147,2018,2,19,1,3,2,6,2,0,1,0,0,0,0,0,6.86582E+20,5.46239E+21,1.15658E+16,4.92857E+16
75971,9,1,78,120,2018,2,18,3,3,0,6,2,0,1,0,0,1,0,1,6.94377E+20,5.35481E+21,1.16219E+16,4.83166E+16
75972,9,7,76,124,2018,2,14,5,3,5,3,0,0,1,0,0,1,0,1,5.69837E+20,5.2741E+21,9.92934E+15,4.76165E+16
75973,9,4,77,128,2018,2,14,5,3,2,6,0,0,1,0,0,0,0,0,6.71555E+20,5.55265E+21,1.13989E+16,5.01013E+16
75974,9,6,77,120,2018,2,8,7,3,8,7,0,0,1,0,0,0,0,1,5.3124E+20,5.52536E+21,9.43483E+15,4.98798E+16
75975,9,3,74,162,2018,2,1,2,3,2,6,2,0,1,0,0,1,0,0,7.40343E+20,5.50024E+21,1.23269E+16,4.96069E+16
75976,9,5,76,113,2018,2,4,7,3,3,6,2,0,1,0,0,1,0,0,6.6108E+20,5.45864E+21,1.12139E+16,4.92593E+16
75977,9,1,61,0,2018,2,13,5,3,2,6,0,0,1,0,0,0,0,0,6.76282E+20,5.40451E+21,1.13991E+16,4.87686E+16
75978,9,1,85,149,2018,2,15,4,2,1,6,0,0,1,0,0,0,0,0,6.65615E+20,5.39736E+21,1.12512E+16,4.87073E+16
75979,9,7,61,0,2018,2,16,1,3,4,2,0,0,1,0,0,0,0,0,6.44703E+20,5.35715E+21,1.09532E+16,4.83509E+16
75980,9,5,74,157,2018,2,17,7,3,1,1,0,0,1,0,0,0,0,1,6.67017E+20,5.46745E+21,1.12991E+16,4.93369E+16
75981,9,2,73,147,2018,2,19,6,2,6,4,2,0,1,1,0,0,0,0,7.04704E+20,5.39039E+21,1.17785E+16,4.8633E+16
75982,9,5,64,0,2018,2,1,7,3,0,1,2,0,1,0,0,0,0,0,6.47595E+20,5.47544E+21,1.10349E+16,4.94137E+16
75983,9,5,64,0,2018,2,14,4,3,5,3,0,0,1,0,0,0,0,0,6.51762E+20,5.48185E+21,1.10948E+16,4.94703E+16
75984,9,3,75,180,2018,2,18,3,3,2,6,2,0,1,0,0,0,0,1,7.2568E+20,5.42492E+21,1.20817E+16,4.8936E+16
75985,9,5,64,0,2018,2,18,7,3,6,2,2,0,1,1,0,0,0,1,6.47774E+20,5.47775E+21,1.10382E+16,4.94344E+16
75986,9,7,75,135,2018,2,14,5,3,5,3,0,0,1,0,0,0,0,1,5.74736E+20,5.36065E+21,1.00096E+16,4.83946E+16
75987,9,5,64,0,2018,2,18,7,3,4,7,2,0,1,0,0,0,0,1,6.47705E+20,5.47411E+21,1.10359E+16,4.94018E+16
75988,9,7,72,223,2018,2,21,2,3,8,1,2,0,1,0,0,0,0,0,6.25324E+20,5.36425E+21,1.06938E+16,4.84189E+16
75989,9,2,63,0,2018,2,16,5,3,2,6,0,0,1,0,0,0,0,0,7.62402E+20,5.41751E+21,1.25775E+16,4.8855E+16
75990,9,3,71,156,2018,2,0,2,3,7,1,2,0,1,0,0,0,0,0,7.01887E+20,5.49483E+21,1.17925E+16,4.95723E+16
75991,9,5,77,177,2018,2,14,7,3,8,1,0,0,1,0,0,0,0,2,6.5037E+20,5.42621E+21,1.10547E+16,4.89705E+16
75992,9,1,62,0,2018,2,19,4,3,5,2,2,0,1,0,0,0,0,1,6.84614E+20,5.34265E+21,1.14851E+16,4.82102E+16
75993,9,3,75,181,2018,2,5,5,3,2,1,2,0,1,0,0,0,0,0,7.21636E+20,5.43549E+21,1.20324E+16,4.90324E+16
75994,9,3,73,112,2018,2,13,2,3,2,6,0,0,1,0,0,0,0,1,6.78506E+20,5.44224E+21,1.14459E+16,4.91071E+16
75995,9,5,77,158,2018,2,3,7,3,9,1,2,0,1,0,0,0,0,2,6.42578E+20,5.42299E+21,1.09472E+16,4.89434E+16
75996,9,1,84,131,2018,2,10,5,3,2,6,0,0,1,0,0,1,0,0,7.04188E+20,5.33788E+21,1.1746E+16,4.81613E+16
75997,9,1,84,135,2018,2,7,3,3,5,3,0,1,1,0,0,0,0,1,6.89706E+20,5.34786E+21,1.15559E+16,4.82555E+16
75998,9,5,76,127,2018,2,11,1,3,2,6,0,0,1,0,0,0,0,0,6.65164E+20,5.44726E+21,1.12653E+16,4.91559E+16
75999,9,5,71,146,2018,2,11,7,3,8,1,0,0,1,0,0,0,0,1,6.11044E+20,5.46988E+21,1.05296E+16,4.93715E+16
76000,9,1,71,113,2018,2,15,6,3,8,1,0,0,1,0,0,0,0,0,7.75636E+20,5.33929E+21,1.27059E+16,4.81471E+16
76001,9,4,78,120,2018,2,21,7,3,8,6,2,0,1,0,0,0,0,0,6.40608E+20,5.54711E+21,1.09645E+16,5.00596E+16
76002,9,5,71,175,2018,2,15,4,3,2,6,0,0,1,0,0,0,0,0,6.25774E+20,5.45943E+21,1.07291E+16,4.92747E+16
76003,9,2,77,113,2018,2,22,3,3,8,1,2,0,1,0,0,0,0,2,7.96319E+20,5.37663E+21,1.30095E+16,4.84729E+16
76004,9,7,61,0,2018,2,16,5,3,2,6,1,0,1,0,0,0,1,0,6.40188E+20,5.36402E+21,1.08945E+16,4.84138E+16
76005,9,4,73,121,2018,2,9,7,3,0,1,0,0,1,0,0,0,0,1,6.47546E+20,5.56681E+21,1.1069E+16,5.0235E+16
76006,9,6,71,136,2018,2,10,2,3,0,7,0,1,1,0,0,0,0,0,5.04216E+20,5.53892E+21,9.05883E+15,5.00026E+16
76007,9,2,72,141,2018,2,22,5,3,0,3,2,0,1,0,0,0,0,0,8.33228E+20,5.4063E+21,1.35312E+16,4.87205E+16
76008,9,3,77,157,2018,2,13,4,3,5,3,0,0,1,0,0,0,0,0,7.24337E+20,5.54159E+21,1.21295E+16,4.99844E+16
76009,9,2,73,166,2018,2,17,2,3,5,3,0,0,1,0,0,0,0,0,7.14035E+20,5.41583E+21,1.19182E+16,4.88585E+16
76010,9,4,74,126,2018,2,13,7,3,5,2,0,0,1,0,0,0,0,0,6.48963E+20,5.50721E+21,1.10657E+16,4.96989E+16
76011,9,7,77,151,2018,2,17,4,3,2,6,0,0,1,0,0,0,1,1,6.19807E+20,5.29226E+21,1.05991E+16,4.77725E+16
76012,9,7,61,0,2018,2,14,3,3,2,6,0,0,1,0,0,0,0,1,6.38698E+20,5.36119E+21,1.08735E+16,4.83886E+16
76013,9,3,74,137,2018,2,17,7,2,4,6,1,0,1,0,0,0,0,2,7.50737E+20,5.49835E+21,1.24692E+16,4.95857E+16
76014,9,1,76,161,2018,2,13,6,3,1,6,0,0,1,0,0,0,0,0,6.80808E+20,5.41421E+21,1.14649E+16,4.88545E+16
76015,9,3,75,208,2018,2,15,7,3,1,1,0,0,1,0,0,0,1,2,7.3071E+20,5.43972E+21,1.21587E+16,4.90671E+16
76016,9,1,72,124,2018,2,12,3,3,8,6,0,0,1,0,0,0,0,0,8.0298E+20,5.28776E+21,1.30364E+16,4.76722E+16
76017,9,7,74,115,2018,2,12,3,3,5,3,0,0,1,0,0,0,0,1,6.10955E+20,5.34455E+21,1.04945E+16,4.82445E+16
76018,9,2,72,150,2018,2,5,6,3,5,3,2,0,1,0,0,0,0,0,8.16501E+20,5.41245E+21,1.33091E+16,4.87844E+16
76019,9,3,73,160,2018,2,13,7,3,2,6,0,0,1,0,0,0,0,2,6.91173E+20,5.44983E+21,1.16228E+16,4.91715E+16
76020,9,1,82,137,2018,2,12,6,3,2,6,0,0,1,0,0,0,0,0,7.10419E+20,5.30271E+21,1.18124E+16,4.78433E+16
76021,9,3,72,130,2018,2,15,7,3,4,6,0,0,1,0,0,0,0,2,7.83347E+20,5.45591E+21,1.28892E+16,4.91904E+16
76022,9,4,72,139,2018,2,13,4,3,1,6,0,0,1,0,0,0,0,0,6.95428E+20,5.55273E+21,1.17324E+16,5.00946E+16
76023,9,1,73,140,2018,2,17,3,3,2,6,1,0,1,0,0,0,0,2,6.9532E+20,5.29469E+21,1.16072E+16,4.77759E+16
76024,9,6,61,0,2018,2,10,5,2,2,6,0,0,1,0,0,1,0,0,5.10777E+20,5.5378E+21,9.15035E+15,4.99924E+16
76025,9,3,76,144,2018,2,9,7,3,7,1,0,0,1,0,0,0,1,1,7.27122E+20,5.48467E+21,1.21352E+16,4.94722E+16
76026,9,5,64,0,2018,2,4,2,3,8,7,2,0,1,0,0,0,0,0,6.532E+20,5.47574E+21,1.11122E+16,4.9415E+16
76027,9,7,77,176,2018,2,7,5,3,5,3,0,0,1,0,0,0,0,0,6.04194E+20,5.29776E+21,1.03921E+16,4.78248E+16
76028,9,1,83,144,2018,2,20,5,3,8,1,2,0,1,0,0,0,0,2,7.42743E+20,5.35137E+21,1.22714E+16,4.8269E+16
76029,9,2,75,137,2018,2,14,4,3,8,7,0,0,1,0,0,0,0,0,8.39731E+20,5.38963E+21,1.36057E+16,4.85676E+16
76030,9,1,87,128,2018,2,18,2,3,2,6,2,0,1,0,0,0,0,0,7.46359E+20,5.31153E+21,1.2297E+16,4.79097E+16
76031,9,3,76,144,2018,2,9,7,3,9,1,0,0,1,0,0,0,0,1,7.27122E+20,5.48467E+21,1.21352E+16,4.94721E+16
76032,9,3,76,161,2018,2,16,7,3,4,1,0,0,1,0,0,0,0,2,7.20398E+20,5.46667E+21,1.20325E+16,4.9313E+16
76033,9,7,73,183,2018,2,6,4,2,8,1,1,0,1,0,0,0,0,2,6.0634E+20,5.38383E+21,1.04423E+16,4.85985E+16
76034,9,5,74,152,2018,2,13,3,3,5,3,0,0,1,0,0,0,0,0,6.61657E+20,5.48324E+21,1.12318E+16,4.94802E+16
76035,9,2,76,144,2018,2,9,7,3,2,6,0,0,1,0,1,0,0,1,7.82936E+20,5.44334E+21,1.28747E+16,4.90778E+16
76036,9,1,62,0,2018,2,10,6,2,8,1,0,0,1,0,0,0,0,0,6.79194E+20,5.33333E+21,1.14082E+16,4.81279E+16
76037,9,2,63,0,2018,2,23,6,3,8,1,2,0,1,0,0,0,0,1,7.62208E+20,5.41838E+21,1.25754E+16,4.88629E+16
76038,9,2,78,118,2018,2,3,1,2,9,6,2,0,1,0,0,0,0,1,7.71168E+20,5.42666E+21,1.27028E+16,4.89334E+16
76039,9,1,85,149,2018,2,14,3,3,2,6,0,0,1,0,0,0,0,1,6.60619E+20,5.40167E+21,1.1185E+16,4.87474E+16
76040,9,7,80,132,2018,2,18,5,3,4,1,2,0,1,0,0,0,0,2,5.76135E+20,5.26672E+21,1.00119E+16,4.75495E+16
76041,9,4,76,146,2018,2,16,5,2,6,4,0,0,1,1,0,0,0,0,6.62271E+20,5.56267E+21,1.12735E+16,5.0194E+16
76042,9,2,78,113,2018,2,23,7,3,8,1,2,0,0,0,0,0,1,2,7.68631E+20,5.41631E+21,1.26614E+16,4.88416E+16
76043,9,4,74,173,2018,2,6,2,3,5,3,1,0,1,0,0,0,0,1,6.62652E+20,5.50004E+21,1.12524E+16,4.9631E+16
76044,9,2,76,116,2018,2,16,7,2,4,1,0,0,1,0,0,0,0,2,8.01594E+20,5.42532E+21,1.31162E+16,4.89073E+16
76045,9,1,85,158,2018,2,8,5,3,8,1,0,0,1,0,0,0,0,0,6.61967E+20,5.3803E+21,1.1195E+16,4.85549E+16
76046,9,1,71,132,2018,2,9,4,3,5,3,0,0,1,0,0,0,0,0,7.67588E+20,5.35208E+21,1.2606E+16,4.82653E+16
76047,9,4,63,0,2018,2,19,1,3,5,3,2,0,1,0,0,0,0,0,6.38973E+20,5.5709E+21,1.09503E+16,5.02738E+16
76048,9,5,64,0,2018,2,11,5,3,3,6,0,0,1,0,0,0,0,0,6.48189E+20,5.47712E+21,1.10437E+16,4.94287E+16
76049,9,2,61,0,2018,2,5,7,3,5,3,2,0,1,0,0,0,0,0,7.34444E+20,5.38195E+21,1.21768E+16,4.85468E+16
76050,9,5,75,163,2018,2,7,2,3,9,1,0,0,1,0,0,0,0,2,5.83447E+20,5.48892E+21,1.01536E+16,4.95471E+16
76051,9,2,74,183,2018,2,18,7,2,4,1,2,0,1,0,0,0,0,2,7.44777E+20,5.36548E+21,1.23069E+16,4.83949E+16
76052,9,1,82,120,2018,2,12,5,3,5,3,0,0,1,0,0,0,0,1,7.01731E+20,5.30585E+21,1.16979E+16,4.78743E+16
76053,9,1,73,111,2018,2,7,4,2,9,7,0,0,0,0,0,0,1,2,6.85602E+20,5.2911E+21,1.14761E+16,4.77466E+16
76054,9,1,81,127,2018,2,7,2,2,8,1,0,0,1,0,0,0,0,1,6.36646E+20,5.3275E+21,1.08349E+16,4.80861E+16
76055,9,2,74,134,2018,2,16,7,2,8,6,0,0,1,0,0,0,0,2,7.40626E+20,5.37185E+21,1.22546E+16,4.84537E+16
76056,9,2,74,132,2018,2,15,7,3,9,1,0,0,0,0,0,0,1,2,7.2445E+20,5.38625E+21,1.20439E+16,4.85891E+16
76057,9,6,79,180,2018,2,15,4,2,9,1,0,0,1,0,0,0,0,0,5.6894E+20,5.52293E+21,9.95907E+15,4.98548E+16
76058,9,5,71,165,2018,2,11,3,3,9,1,0,0,1,0,0,0,0,0,6.30069E+20,5.46471E+21,1.07899E+16,4.93212E+16
76059,9,2,73,147,2018,2,14,7,3,4,6,0,0,1,0,0,0,0,2,7.04464E+20,5.38721E+21,1.17737E+16,4.86045E+16
76060,9,1,88,120,2018,2,0,6,3,9,1,2,0,1,0,0,0,0,1,6.7176E+20,5.32421E+21,1.13048E+16,4.80481E+16
76061,9,2,73,165,2018,2,21,7,3,8,1,2,0,1,0,0,0,0,2,7.16194E+20,5.41094E+21,1.1945E+16,4.88138E+16
76062,9,2,71,135,2018,2,17,1,3,5,3,1,0,1,0,0,0,0,1,7.91588E+20,5.40606E+21,1.29663E+16,4.87392E+16
76063,9,1,75,112,2018,2,11,3,3,5,3,0,0,1,0,0,0,0,1,7.21743E+20,5.32033E+21,1.19726E+16,4.79977E+16
76064,9,4,71,208,2018,2,15,5,3,8,1,0,0,1,0,0,0,0,0,6.2926E+20,5.52605E+21,1.07989E+16,4.98729E+16
76065,9,2,61,0,2018,2,17,7,3,4,6,1,0,1,0,0,0,0,2,7.2379E+20,5.37814E+21,1.20306E+16,4.85165E+16
76066,9,3,74,159,2018,2,17,2,2,5,3,1,0,1,0,0,0,0,0,7.4034E+20,5.49198E+21,1.23218E+16,4.95327E+16
76067,9,2,79,132,2018,2,11,7,3,9,3,0,0,1,0,0,0,0,2,7.69831E+20,5.40405E+21,1.26697E+16,4.8731E+16
76068,9,1,79,142,2018,2,6,5,3,2,6,0,0,1,0,0,0,0,0,6.77081E+20,5.34267E+21,1.13838E+16,4.82125E+16
76069,9,1,84,131,2018,2,11,4,3,2,6,0,0,0,0,0,1,1,0,7.04514E+20,5.33738E+21,1.17501E+16,4.81567E+16
76070,9,5,76,113,2018,2,12,1,3,2,6,0,0,1,0,0,0,0,0,6.62342E+20,5.45358E+21,1.12292E+16,4.92135E+16
76071,9,2,73,165,2018,2,17,7,3,8,1,2,0,1,0,0,0,0,2,7.18872E+20,5.406E+21,1.19788E+16,4.87685E+16
76072,9,1,89,142,2018,2,13,6,3,8,7,0,0,1,0,0,0,0,2,7.53159E+20,5.32953E+21,1.23985E+16,4.80687E+16
76073,9,1,73,137,2018,2,19,7,3,8,1,2,0,1,0,0,0,0,2,6.79416E+20,5.30627E+21,1.13999E+16,4.78847E+16