OBJECTID_1,ULAND,UREGBEZ,UKREIS,UGEMEINDE,UJAHR,UMONAT,USTUNDE,UWOCHENTAG,UKATEGORIE,UART,UTYP1,ULICHTVERH,IstRad,IstPKW,IstFuss,IstKrad,IstGkfz,IstSonstig,STRZUSTAND,LINREFX,LINREFY,XGCSWGS84,YGCSWGS84
76637,9,4,79,166,2018,2,1,7,3,8,1,2,0,1,0,0,0,0,0,7.04937E+20,5.55304E+21,1.18654E+16,5.00942E+16
76638,9,1,89,140,2018,3,12,6,2,2,2,0,0,1,0,0,0,0,1,7.77626E+20,5.29555E+21,1.27044E+16,4.77535E+16
76639,9,6,61,0,2018,2,15,3,3,3,5,0,1,1,0,0,0,0,0,5.11147E+20,5.53572E+21,9.15546E+15,4.99737E+16
76640,9,5,76,122,2018,3,3,1,3,9,1,2,0,0,0,0,0,1,2,6.71193E+20,5.43495E+21,1.13427E+16,4.90436E+16
76641,9,4,72,146,2018,2,19,7,2,9,7,2,0,1,0,0,0,0,0,6.84419E+20,5.52869E+21,1.15672E+16,4.98822E+16
76642,9,5,72,114,2018,3,0,7,3,8,1,2,0,1,0,0,0,0,2,6.32279E+20,5.49327E+21,1.08298E+16,4.95776E+16
76643,9,3,61,0,2018,3,15,5,2,8,7,0,0,1,0,0,0,0,0,7.06042E+20,5.48051E+21,1.18424E+16,4.94423E+16
76644,9,1,62,0,2018,2,20,2,2,3,2,2,1,1,0,0,0,0,1,6.92115E+20,5.34002E+21,1.15847E+16,4.81843E+16
76645,9,4,62,0,2018,2,19,7,3,6,4,2,0,1,1,0,0,0,0,6.84363E+20,5.53552E+21,1.15696E+16,4.99435E+16
76646,9,3,75,170,2018,2,7,2,3,5,3,0,0,1,0,0,1,0,0,7.36941E+20,5.43108E+21,1.22388E+16,4.89871E+16
76647,9,1,74,115,2018,3,18,7,3,4,2,2,0,1,0,0,0,0,1,6.83269E+20,5.34831E+21,1.14694E+16,4.82615E+16
76648,9,5,62,0,2018,2,7,4,3,5,3,0,0,1,0,0,0,0,0,6.44536E+20,5.49753E+21,1.10008E+16,4.96131E+16
76649,9,4,71,123,2018,2,14,7,3,0,7,0,0,1,0,0,0,0,0,6.44975E+20,5.51908E+21,1.10149E+16,4.98066E+16
76650,9,4,61,0,2018,3,11,6,3,2,6,0,0,1,0,0,0,0,0,6.38053E+20,5.52817E+21,1.0922E+16,4.989E+16
76651,9,1,75,111,2018,2,10,4,3,2,6,0,0,1,0,0,0,0,0,7.10718E+20,5.33829E+21,1.18339E+16,4.81629E+16
76652,9,1,87,128,2018,3,17,2,3,5,3,0,0,1,0,0,0,0,0,7.46225E+20,5.31179E+21,1.22954E+16,4.79121E+16
76653,9,4,74,126,2018,2,9,7,3,1,6,0,0,1,0,0,0,0,0,6.48523E+20,5.50723E+21,1.10597E+16,4.96993E+16
76654,9,1,77,124,2018,3,17,1,3,5,3,0,0,1,0,0,0,0,0,7.25338E+20,5.36449E+21,1.20442E+16,4.83933E+16
76655,9,4,61,0,2018,2,15,7,3,4,1,0,0,1,0,1,0,0,0,6.34073E+20,5.52941E+21,1.0867E+16,4.99021E+16
76656,9,1,86,139,2018,3,5,6,2,5,3,2,0,1,0,0,0,0,0,6.97296E+20,5.40324E+21,1.16842E+16,4.87509E+16
76657,9,4,75,162,2018,2,16,3,3,1,6,0,0,1,0,0,0,0,0,7.14813E+20,5.57293E+21,1.20145E+16,5.02693E+16
76658,9,2,71,128,2018,3,14,1,2,4,6,0,0,1,0,0,0,0,0,8.01197E+20,5.39871E+21,1.30913E+16,4.86687E+16
76659,9,3,77,146,2018,2,18,7,3,0,6,1,0,1,0,0,0,0,0,7.37532E+20,5.51831E+21,1.2299E+16,4.97703E+16
76660,9,3,75,148,2018,2,17,2,2,8,1,0,0,1,0,0,0,0,0,7.01439E+20,5.43461E+21,1.1756E+16,4.90314E+16
76661,9,4,75,123,2018,3,8,7,3,9,1,0,0,1,0,0,0,0,2,7.06338E+20,5.58166E+21,1.19005E+16,5.03508E+16
76662,9,1,79,118,2018,3,7,5,2,0,3,0,1,0,0,0,0,1,0,6.73272E+20,5.33861E+21,1.13309E+16,4.81771E+16
76663,9,7,73,125,2018,2,11,2,3,2,6,0,0,1,0,0,0,0,0,6.10178E+20,5.38196E+21,1.04939E+16,4.8581E+16
76664,9,3,73,113,2018,2,12,7,3,2,6,0,0,1,0,0,0,0,0,6.80208E+20,5.46547E+21,1.14796E+16,4.93153E+16
76665,9,3,73,126,2018,2,11,2,3,8,3,0,0,1,0,0,0,0,0,6.69633E+20,5.45319E+21,1.1329E+16,4.9208E+16
76666,9,7,76,116,2018,3,7,6,3,6,2,1,0,1,1,0,0,0,0,5.51239E+20,5.2681E+21,9.68118E+15,4.75643E+16
76667,9,3,74,147,2018,2,0,4,3,2,6,2,0,1,0,0,0,0,0,7.50165E+20,5.50356E+21,1.24647E+16,4.96327E+16
76668,9,3,71,150,2018,2,3,7,2,8,1,2,0,1,0,0,0,0,0,7.23011E+20,5.49196E+21,1.20826E+16,4.95392E+16
76669,9,7,74,198,2018,2,17,2,3,2,7,0,0,1,0,0,0,0,0,6.12798E+20,5.34818E+21,1.05203E+16,4.82768E+16
76670,9,2,76,144,2018,2,20,7,3,2,7,2,0,1,0,0,0,0,0,7.83586E+20,5.44783E+21,1.28868E+16,4.91178E+16
76671,9,1,77,117,2018,3,17,7,3,8,1,0,0,1,0,0,0,0,0,7.16749E+20,5.35403E+21,1.19229E+16,4.83023E+16
76672,9,5,64,0,2018,2,20,4,3,2,6,2,0,1,0,0,0,0,0,6.56644E+20,5.47648E+21,1.116E+16,4.94209E+16
76673,9,2,62,0,2018,2,7,7,3,2,6,0,0,0,0,0,1,1,0,8.22458E+20,5.38915E+21,1.33719E+16,4.85724E+16
76674,9,3,76,153,2018,3,13,6,2,2,6,0,0,1,0,0,0,0,0,7.30909E+20,5.48713E+21,1.21888E+16,4.94928E+16
76675,9,1,84,146,2018,2,5,3,2,4,2,2,0,1,0,0,0,0,1,6.95083E+20,5.32897E+21,1.16196E+16,4.80841E+16
76676,9,1,79,113,2018,3,14,2,3,2,6,0,0,1,0,0,0,1,0,6.72195E+20,5.33573E+21,1.13152E+16,4.81515E+16
76677,9,2,75,152,2018,2,21,7,2,4,6,2,0,1,0,0,0,0,2,8.22039E+20,5.40421E+21,1.33779E+16,4.87076E+16
76678,9,7,75,162,2018,3,10,7,3,5,6,0,0,1,0,0,0,0,0,5.82746E+20,5.34886E+21,1.01155E+16,4.82876E+16
76679,9,2,62,0,2018,2,14,7,3,2,6,0,0,1,0,0,0,0,0,8.25441E+20,5.38953E+21,1.34125E+16,4.85742E+16
76680,9,7,61,0,2018,3,13,5,3,2,3,0,0,1,0,0,1,0,0,6.37516E+20,5.35995E+21,1.08571E+16,4.83778E+16
76681,9,1,84,135,2018,3,16,6,3,2,6,0,0,1,0,0,0,0,0,6.92565E+20,5.34498E+21,1.1593E+16,4.82288E+16
76682,9,3,77,115,2018,2,14,3,3,1,5,0,0,1,0,0,0,1,0,7.08596E+20,5.53614E+21,1.19073E+16,4.99411E+16
76683,9,1,89,155,2018,3,20,1,3,4,2,2,0,1,0,0,0,0,1,7.71646E+20,5.30787E+21,1.26325E+16,4.78667E+16
76684,9,2,74,126,2018,2,10,7,3,2,6,0,0,1,0,0,0,0,0,7.33284E+20,5.3837E+21,1.21621E+16,4.8563E+16
76685,9,3,72,137,2018,2,6,2,3,8,1,1,0,1,0,0,0,0,1,7.80732E+20,5.45735E+21,1.28544E+16,4.92046E+16
76686,9,4,74,129,2018,3,3,7,3,8,1,2,0,0,0,0,1,0,2,6.68478E+20,5.51633E+21,1.13401E+16,4.97758E+16
76687,9,1,84,135,2018,2,17,4,3,5,3,0,1,1,0,0,0,0,0,6.89798E+20,5.34815E+21,1.15572E+16,4.82581E+16
76688,9,2,61,0,2018,2,11,7,3,5,3,0,0,1,0,0,0,0,0,7.31872E+20,5.38386E+21,1.21431E+16,4.85649E+16
76689,9,7,61,0,2018,3,10,6,3,5,2,0,0,1,0,0,0,0,0,6.36913E+20,5.35958E+21,1.08489E+16,4.83745E+16
76690,9,2,76,117,2018,2,9,4,3,5,3,0,0,1,0,0,0,1,0,7.9772E+20,5.44388E+21,1.30771E+16,4.90757E+16
76691,9,1,80,124,2018,2,6,7,2,6,4,2,0,1,1,0,0,0,0,6.65305E+20,5.2842E+21,1.12029E+16,4.76901E+16
76692,9,2,74,126,2018,3,23,6,3,0,1,2,0,1,0,0,0,0,0,7.33567E+20,5.38594E+21,1.21672E+16,4.85829E+16
76693,9,6,79,176,2018,2,16,3,3,2,6,0,0,1,0,0,0,0,1,5.67291E+20,5.50933E+21,9.93378E+15,4.97327E+16
76694,9,7,80,128,2018,3,9,1,3,2,6,0,0,1,0,0,0,0,1,6.09277E+20,5.27888E+21,1.04552E+16,4.76541E+16
76695,9,1,80,129,2018,2,11,7,2,5,3,0,0,1,0,0,0,1,1,6.52467E+20,5.28166E+21,1.10311E+16,4.76704E+16
76696,9,6,72,122,2018,3,5,7,3,8,1,2,0,1,0,0,0,0,2,5.74996E+20,5.55822E+21,1.00502E+16,5.01714E+16
76697,9,4,72,116,2018,3,17,5,1,8,1,0,0,0,0,0,1,0,0,6.86644E+20,5.54497E+21,1.1606E+16,5.00277E+16
76698,9,7,80,128,2018,3,7,5,1,9,1,0,0,1,0,0,0,0,0,6.09736E+20,5.27667E+21,1.04608E+16,4.76341E+16
76699,9,1,72,112,2018,2,11,3,2,6,4,0,0,1,1,0,0,0,1,7.86534E+20,5.30336E+21,1.28281E+16,4.78197E+16
76700,9,2,75,138,2018,3,10,6,3,8,1,0,0,1,0,0,0,0,0,8.10794E+20,5.38656E+21,1.32122E+16,4.8555E+16
76701,9,7,74,145,2018,2,6,3,3,5,3,1,0,1,0,0,0,0,0,6.01082E+20,5.35863E+21,1.03649E+16,4.83727E+16
76702,9,1,75,123,2018,3,6,2,3,5,2,1,0,1,0,0,0,0,0,7.25595E+20,5.33632E+21,1.20326E+16,4.81401E+16
76703,9,1,83,135,2018,2,18,7,2,5,3,2,0,1,0,0,0,0,0,7.43983E+20,5.35155E+21,1.22882E+16,4.82701E+16
76704,9,7,72,223,2018,3,13,7,3,2,6,0,0,1,0,0,1,0,0,6.18986E+20,5.36309E+21,1.06079E+16,4.84098E+16
76705,9,1,89,152,2018,2,20,7,2,2,6,2,0,1,0,0,0,0,0,7.803E+20,5.33007E+21,1.27624E+16,4.80623E+16
76706,9,6,77,148,2018,3,12,5,3,1,6,0,0,1,0,0,0,0,0,5.55357E+20,5.53401E+21,9.77171E+15,4.99559E+16
76707,9,1,84,129,2018,3,13,5,2,3,3,0,1,1,0,0,0,0,0,6.98891E+20,5.3257E+21,1.16691E+16,4.80535E+16
76708,9,2,78,116,2018,2,14,3,3,5,3,0,0,1,0,0,0,0,0,7.64612E+20,5.43371E+21,1.26181E+16,4.89995E+16
76709,9,1,71,117,2018,2,5,7,3,8,1,2,0,1,0,0,0,0,2,7.65654E+20,5.33972E+21,1.25722E+16,4.81551E+16
76710,9,2,75,137,2018,2,5,2,1,4,1,2,0,1,0,0,0,0,0,8.40106E+20,5.38938E+21,1.36105E+16,4.85651E+16
76711,9,3,61,0,2018,3,15,7,3,6,2,0,0,1,1,0,0,0,0,7.08202E+20,5.48058E+21,1.18722E+16,4.94422E+16
76712,9,7,62,0,2018,2,13,4,3,0,6,0,0,1,0,0,0,0,0,6.23297E+20,5.30615E+21,1.06496E+16,4.78968E+16
76713,9,1,87,129,2018,2,11,7,3,5,2,0,0,1,0,0,0,0,0,7.22775E+20,5.30106E+21,1.19765E+16,4.78243E+16
76714,9,6,72,140,2018,3,15,6,3,2,6,0,0,1,0,0,0,0,0,5.84051E+20,5.55682E+21,1.01767E+16,5.01577E+16
76715,9,1,90,140,2018,2,5,4,2,9,1,1,0,1,0,0,0,0,0,6.45514E+20,5.29228E+21,1.0942E+16,4.77674E+16
76716,9,3,74,165,2018,3,13,2,2,9,1,0,0,1,0,0,0,0,0,7.37025E+20,5.50886E+21,1.22862E+16,4.96856E+16
76717,9,1,87,117,2018,2,12,7,2,5,3,0,0,1,0,0,0,0,0,7.25876E+20,5.30803E+21,1.20215E+16,4.78858E+16
76718,9,1,76,131,2018,2,14,7,3,2,6,0,0,1,0,0,0,0,0,6.81406E+20,5.41081E+21,1.14716E+16,4.88238E+16
76719,9,1,84,142,2018,3,20,6,3,8,1,2,0,1,0,0,0,0,2,6.81222E+20,5.31847E+21,1.14292E+16,4.79938E+16
76720,9,6,78,178,2018,2,17,3,2,5,3,0,1,1,0,0,0,0,0,5.89307E+20,5.54312E+21,1.0247E+16,5.00336E+16
76721,9,7,72,223,2018,3,16,1,3,3,6,0,0,1,0,0,0,0,0,6.18466E+20,5.36311E+21,1.06009E+16,4.841E+16
76722,9,1,85,158,2018,2,8,7,2,5,3,0,0,1,0,0,0,0,0,6.66815E+20,5.3819E+21,1.12613E+16,4.8568E+16
76723,9,5,76,127,2018,3,8,7,3,2,6,0,0,1,0,0,0,0,0,6.65205E+20,5.44695E+21,1.12657E+16,4.91531E+16
76724,9,3,73,167,2018,3,22,5,3,6,6,2,0,1,1,0,0,0,0,6.91954E+20,5.45706E+21,1.1637E+16,4.92362E+16
76725,9,1,82,120,2018,2,16,3,3,4,6,0,0,1,0,0,0,0,0,7.02567E+20,5.30781E+21,1.171E+16,4.78916E+16
76726,9,1,76,120,2018,2,0,7,3,8,1,2,0,1,0,0,0,0,2,6.80812E+20,5.42423E+21,1.14694E+16,4.89445E+16
76727,9,2,75,154,2018,2,8,2,3,1,6,0,0,1,0,0,0,0,0,8.08484E+20,5.39531E+21,1.31875E+16,4.86347E+16
76728,9,1,86,147,2018,3,6,7,3,2,6,2,0,1,0,0,0,0,0,6.84538E+20,5.39407E+21,1.15067E+16,4.86724E+16
76729,9,5,76,151,2018,2,15,4,3,3,6,0,0,1,0,0,0,0,0,6.56193E+20,5.4712E+21,1.11517E+16,4.93735E+16
76730,9,1,79,117,2018,2,20,7,3,8,1,2,0,1,0,0,0,0,2,6.62731E+20,5.34428E+21,1.11914E+16,4.82309E+16
76731,9,1,81,120,2018,2,13,7,3,8,1,0,0,1,0,0,0,0,1,6.49451E+20,5.32177E+21,1.10048E+16,4.80317E+16
76732,9,2,72,141,2018,2,23,2,3,8,1,2,0,1,0,0,0,0,0,8.33326E+20,5.40646E+21,1.35327E+16,4.87219E+16
76733,9,2,72,127,2018,3,14,7,2,5,2,0,0,1,0,0,0,0,0,8.32483E+20,5.4218E+21,1.35336E+16,4.88599E+16
76734,9,6,62,0,2018,2,19,4,3,5,3,2,0,1,0,0,0,0,0,5.89132E+20,5.5448E+21,1.0245E+16,5.00488E+16
76735,9,1,74,143,2018,2,11,7,2,2,6,0,1,1,0,0,0,0,1,6.705E+20,5.35299E+21,1.12994E+16,4.83071E+16
76736,9,5,63,0,2018,3,11,6,3,2,7,0,0,1,0,0,0,0,0,6.43261E+20,5.48386E+21,1.09782E+16,4.94905E+16
76737,9,1,86,147,2018,2,9,4,3,2,6,0,0,1,0,0,0,1,0,6.84944E+20,5.39282E+21,1.15116E+16,4.86611E+16
76738,9,2,74,194,2018,3,7,2,3,2,6,0,0,1,0,0,0,0,1,7.22583E+20,5.37792E+21,1.20142E+16,4.85149E+16
76739,9,1,74,143,2018,2,10,7,3,6,7,0,0,1,1,0,0,0,0,6.75273E+20,5.35252E+21,1.13635E+16,4.83015E+16
76740,9,1,87,130,2018,3,7,1,3,8,1,0,0,1,0,0,0,0,1,7.14807E+20,5.30702E+21,1.18731E+16,4.78805E+16
76741,9,1,84,129,2018,2,8,7,3,2,6,0,0,1,0,0,0,0,0,7.00243E+20,5.32513E+21,1.1687E+16,4.8048E+16
76742,9,1,83,129,2018,3,17,6,3,6,4,1,0,1,1,0,0,0,0,7.59528E+20,5.36239E+21,1.25039E+16,4.83613E+16
76743,9,5,72,121,2018,2,0,3,2,9,1,2,0,1,0,0,0,0,0,6.55718E+20,5.4948E+21,1.11544E+16,4.95857E+16
76744,9,5,76,113,2018,3,13,1,3,5,3,0,0,1,0,0,0,0,0,6.61725E+20,5.45747E+21,1.12223E+16,4.92486E+16
76745,9,1,84,135,2018,2,18,7,3,2,6,2,0,1,0,0,0,0,0,6.92466E+20,5.34499E+21,1.15917E+16,4.82289E+16
76746,9,2,77,116,2018,2,15,2,3,2,6,0,0,1,0,0,0,1,0,7.79745E+20,5.36839E+21,1.27803E+16,4.84065E+16
76747,9,5,64,0,2018,3,18,7,3,2,6,2,0,1,0,0,0,0,0,6.53367E+20,5.47481E+21,1.11142E+16,4.94066E+16
76748,9,1,80,127,2018,3,12,5,3,5,3,0,0,1,0,0,0,0,0,6.65621E+20,5.2774E+21,1.12045E+16,4.76288E+16
76749,9,1,62,0,2018,2,8,2,3,3,6,0,0,1,0,0,0,1,0,6.94443E+20,5.33661E+21,1.16145E+16,4.8153E+16
76750,9,1,78,120,2018,2,8,7,2,9,1,0,0,1,0,0,0,0,2,6.95606E+20,5.35223E+21,1.16373E+16,4.8293E+16
76751,9,2,77,133,2018,2,15,2,3,9,1,0,0,1,0,0,0,0,0,7.69787E+20,5.36662E+21,1.26449E+16,4.8395E+16
76752,9,1,84,119,2018,3,22,7,3,3,6,2,0,1,0,0,0,0,1,6.93952E+20,5.34484E+21,1.16116E+16,4.82271E+16
76753,9,7,72,216,2018,2,17,2,3,5,3,0,0,1,0,0,0,0,0,6.22112E+20,5.36965E+21,1.0652E+16,4.84681E+16
76754,9,5,63,0,2018,2,14,4,3,2,6,0,0,1,0,0,0,1,0,6.43217E+20,5.48801E+21,1.09791E+16,4.95278E+16
76755,9,1,77,117,2018,2,10,7,3,1,5,0,0,1,0,0,0,0,1,7.16022E+20,5.35224E+21,1.19122E+16,4.82865E+16
76756,9,3,73,147,2018,3,23,6,2,2,1,2,0,1,0,0,0,1,0,6.83681E+20,5.46507E+21,1.15272E+16,4.93107E+16
76757,9,1,84,135,2018,2,10,3,3,2,6,0,0,1,0,0,0,1,0,6.92587E+20,5.34899E+21,1.15952E+16,4.82649E+16
76758,9,1,85,127,2018,3,17,2,2,3,6,0,0,0,0,1,0,0,0,6.52692E+20,5.38958E+21,1.10728E+16,4.86407E+16
76759,9,1,75,113,2018,2,7,7,3,8,1,0,0,1,0,0,0,0,2,7.17113E+20,5.31678E+21,1.19088E+16,4.79675E+16
76760,9,1,84,132,2018,3,14,7,2,2,6,0,1,0,0,0,0,0,0,6.84815E+20,5.32712E+21,1.1481E+16,4.80706E+16
76761,9,1,75,123,2018,2,10,7,3,4,6,0,0,1,0,0,0,0,0,7.26221E+20,5.33625E+21,1.2041E+16,4.81392E+16
76762,9,1,88,113,2018,3,17,6,3,2,6,1,0,1,0,0,0,0,0,6.76308E+20,5.3171E+21,1.13628E+16,4.79829E+16
76763,9,4,73,132,2018,2,6,3,3,5,3,0,0,1,0,0,0,0,0,6.38801E+20,5.55996E+21,1.09439E+16,5.01755E+16
76764,9,2,73,181,2018,3,15,1,3,2,2,0,0,1,0,0,0,0,0,7.12815E+20,5.39993E+21,1.18933E+16,4.8716E+16
76765,9,1,75,123,2018,2,9,7,3,2,6,0,0,1,0,0,0,0,0,7.24255E+20,5.33706E+21,1.2015E+16,4.81472E+16
76766,9,1,83,123,2018,2,14,2,3,5,2,0,0,1,0,0,0,0,0,7.35092E+20,5.34005E+21,1.21621E+16,4.81701E+16
76767,9,4,75,156,2018,3,13,6,3,5,3,0,0,1,0,0,0,0,0,6.92507E+20,5.57801E+21,1.17045E+16,5.03227E+16
76768,9,1,79,121,2018,2,20,4,3,2,6,2,0,1,0,0,0,0,0,6.67811E+20,5.33834E+21,1.12574E+16,4.81761E+16
76769,9,1,83,144,2018,3,16,2,3,6,4,0,0,1,1,0,0,0,0,7.4233E+20,5.3516E+21,1.22659E+16,4.82712E+16
76770,9,1,62,0,2018,2,12,6,3,5,3,0,0,1,0,0,0,0,1,6.85235E+20,5.3289E+21,1.14874E+16,4.80864E+16
76771,9,1,75,127,2018,3,16,1,3,0,7,0,0,0,0,1,0,0,0,7.13201E+20,5.34151E+21,1.18688E+16,4.8191E+16
76772,9,1,62,0,2018,2,21,6,3,5,3,2,0,1,0,0,0,0,2,6.97593E+20,5.33017E+21,1.16538E+16,4.80941E+16
76773,9,1,87,113,2018,3,13,6,2,4,6,0,0,1,0,0,0,1,0,7.45502E+20,5.32458E+21,1.2293E+16,4.80273E+16
76774,9,5,71,190,2018,2,5,3,2,5,3,2,0,1,0,0,0,0,0,6.25296E+20,5.46482E+21,1.07243E+16,4.93232E+16
76775,9,3,75,180,2018,3,11,1,3,9,1,0,0,1,0,0,0,0,0,7.2395E+20,5.43164E+21,1.20618E+16,4.8997E+16
76776,9,1,84,149,2018,2,8,6,3,1,6,0,0,1,0,0,1,0,1,6.92314E+20,5.34977E+21,1.15918E+16,4.82719E+16
76777,9,1,89,134,2018,2,15,2,2,0,7,0,0,1,0,0,0,0,0,7.70798E+20,5.32109E+21,1.26295E+16,4.79857E+16
76778,9,5,75,115,2018,3,14,7,3,9,7,0,0,0,0,0,0,1,1,5.9517E+20,5.47692E+21,1.03127E+16,4.94375E+16
76779,9,1,82,131,2018,3,22,5,3,8,7,2,0,1,0,0,0,0,2,7.16893E+20,5.28504E+21,1.189E+16,4.76823E+16
76780,9,7,78,204,2018,2,15,2,2,8,1,0,0,1,0,0,0,0,2,6.16404E+20,5.32558E+21,1.05627E+16,4.80729E+16
76781,9,1,62,0,2018,2,15,6,3,2,6,0,0,1,0,0,0,0,0,6.95297E+20,5.33403E+21,1.16248E+16,4.81295E+16
76782,9,1,71,125,2018,2,19,2,2,4,1,1,0,1,0,0,0,0,0,7.76728E+20,5.34766E+21,1.2726E+16,4.82217E+16
76783,9,1,84,136,2018,3,9,6,2,2,6,0,0,1,0,0,0,0,0,6.98703E+20,5.32609E+21,1.16668E+16,4.80571E+16
76784,9,4,63,0,2018,2,16,4,3,2,6,0,0,1,0,0,0,0,0,6.36756E+20,5.57286E+21,1.09199E+16,5.0292E+16
76785,9,7,75,143,2018,2,5,6,3,0,1,2,0,1,0,0,0,0,2,5.82891E+20,5.35598E+21,1.01188E+16,4.83516E+16
76786,9,2,78,187,2018,3,5,6,2,5,6,2,0,1,0,0,1,0,0,7.79934E+20,5.42244E+21,1.28193E+16,4.88916E+16
76787,9,7,73,125,2018,2,7,2,2,2,1,0,0,1,0,0,0,0,0,6.13597E+20,5.38384E+21,1.05407E+16,4.85973E+16
76788,9,7,78,173,2018,2,13,3,3,2,1,0,0,1,0,0,0,0,0,6.11553E+20,5.3227E+21,1.04968E+16,4.80479E+16
76789,9,1,74,137,2018,3,22,2,3,8,1,2,0,0,0,0,0,1,0,6.61029E+20,5.35172E+21,1.11713E+16,4.82982E+16
76790,9,7,75,135,2018,2,14,6,3,2,6,0,0,1,0,0,0,0,1,5.73652E+20,5.35911E+21,9.99471E+15,4.83808E+16
76791,9,7,77,112,2018,3,20,7,2,3,6,2,0,1,0,0,0,0,0,6.22472E+20,5.29595E+21,1.06357E+16,4.78052E+16
76792,9,7,78,150,2018,2,14,6,3,0,1,0,0,0,0,1,0,0,2,5.8613E+20,5.32215E+21,1.01557E+16,4.80468E+16
76793,9,7,61,0,2018,3,22,5,3,1,6,2,0,1,0,0,0,0,0,6.39617E+20,5.36089E+21,1.08858E+16,4.83857E+16
76794,9,1,84,119,2018,3,7,6,3,9,6,0,0,1,0,0,0,0,0,6.96456E+20,5.34881E+21,1.16472E+16,4.8262E+16
76795,9,3,71,151,2018,2,16,3,2,6,7,0,0,0,1,0,0,1,0,6.98716E+20,5.48713E+21,1.17448E+16,4.95042E+16
76796,9,1,82,137,2018,3,7,1,3,3,6,0,0,1,0,0,0,0,0,7.10845E+20,5.30521E+21,1.18193E+16,4.78656E+16
76797,9,7,78,165,2018,2,17,6,3,9,1,0,0,1,0,0,0,0,2,5.83818E+20,5.30391E+21,1.01211E+16,4.78831E+16
76798,9,1,87,159,2018,2,8,2,2,5,3,0,0,1,0,0,0,1,2,7.30009E+20,5.32373E+21,1.20851E+16,4.80254E+16
76799,9,3,63,0,2018,3,19,7,3,4,2,2,0,1,0,0,0,0,0,7.28019E+20,5.50781E+21,1.2161E+16,4.96796E+16
76800,9,7,78,199,2018,2,15,4,3,5,3,0,0,1,0,0,0,0,0,6.07449E+20,5.32107E+21,1.04414E+16,4.80338E+16
76801,9,7,74,111,2018,2,6,6,3,8,7,2,0,1,0,0,0,0,2,6.0472E+20,5.3402E+21,1.04095E+16,4.82064E+16
76802,9,1,87,163,2018,2,12,2,3,2,6,0,0,1,0,0,0,0,0,7.39236E+20,5.30928E+21,1.22006E+16,4.78922E+16
76803,9,4,71,220,2018,3,11,6,3,2,6,0,0,1,0,0,0,1,0,6.16575E+20,5.51214E+21,1.06183E+16,4.97504E+16
76804,9,2,75,120,2018,2,11,4,3,5,3,0,0,1,0,0,0,0,0,8.13399E+20,5.40309E+21,1.32599E+16,4.8702E+16
76805,9,4,72,177,2018,3,13,7,3,1,6,0,0,1,0,0,0,0,0,6.76888E+20,5.50274E+21,1.14506E+16,4.96513E+16
76806,9,1,81,114,2018,3,13,5,3,5,3,0,0,1,0,0,0,0,0,6.56397E+20,5.31271E+21,1.10946E+16,4.79486E+16
76807,9,7,80,143,2018,2,18,6,3,4,2,2,0,1,0,0,0,0,0,5.97916E+20,5.28152E+21,1.03046E+16,4.76796E+16
76808,9,1,82,125,2018,2,15,2,2,2,2,0,0,1,0,0,0,0,1,7.1382E+20,5.29846E+21,1.18557E+16,4.7804E+16
76809,9,7,79,131,2018,3,8,6,3,5,2,0,0,1,0,0,0,0,0,6.31257E+20,5.39744E+21,1.07845E+16,4.87161E+16
76810,9,3,72,116,2018,2,8,4,3,3,6,0,0,1,0,0,1,0,0,7.67527E+20,5.45933E+21,1.26748E+16,4.92283E+16
76811,9,7,76,124,2018,2,6,6,3,4,1,0,0,1,0,0,0,1,2,5.70028E+20,5.27359E+21,9.93181E+15,4.7612E+16
76812,9,2,75,135,2018,3,22,6,3,0,7,2,0,1,0,0,0,0,1,8.20187E+20,5.40231E+21,1.33513E+16,4.86916E+16
76813,9,7,72,223,2018,2,20,3,3,5,3,2,0,1,0,0,0,0,0,6.17409E+20,5.36309E+21,1.05866E+16,4.841E+16
76814,9,7,74,144,2018,3,14,1,2,2,1,0,0,1,0,0,0,0,0,6.08796E+20,5.36319E+21,1.04703E+16,4.84125E+16
76815,9,7,77,153,2018,2,14,6,3,2,6,0,0,1,0,0,0,0,1,6.13301E+20,5.27512E+21,1.05078E+16,4.76196E+16
76816,9,6,75,131,2018,3,5,7,3,9,1,2,0,1,0,0,0,0,2,5.89725E+20,5.51041E+21,1.02453E+16,4.97395E+16
76817,9,7,79,163,2018,2,10,6,3,0,7,0,0,1,0,0,1,0,0,6.44103E+20,5.38865E+21,1.09559E+16,4.86343E+16
76818,9,5,76,117,2018,3,17,5,3,4,7,0,0,1,0,0,0,0,0,6.47062E+20,5.45989E+21,1.10218E+16,4.92741E+16
76819,9,7,75,164,2018,3,16,5,3,2,6,1,0,1,0,0,0,0,0,5.8538E+20,5.35034E+21,1.01513E+16,4.83005E+16
76820,9,2,61,0,2018,2,16,3,3,0,6,0,0,1,0,0,0,0,0,7.31897E+20,5.38107E+21,1.21418E+16,4.85398E+16
76821,9,7,72,214,2018,2,8,6,3,9,1,0,0,1,0,0,0,0,2,6.1838E+20,5.34466E+21,1.05945E+16,4.82441E+16
76822,9,1,76,126,2018,2,17,2,3,0,7,1,1,1,0,0,0,0,0,6.74541E+20,5.40652E+21,1.13763E+16,4.87872E+16
76823,9,2,71,146,2018,3,16,7,3,3,6,0,0,1,0,0,0,0,0,7.87268E+20,5.41245E+21,1.29122E+16,4.87986E+16