OBJECTID_1,ULAND,UREGBEZ,UKREIS,UGEMEINDE,UJAHR,UMONAT,USTUNDE,UWOCHENTAG,UKATEGORIE,UART,UTYP1,ULICHTVERH,IstRad,IstPKW,IstFuss,IstKrad,IstGkfz,IstSonstig,STRZUSTAND,LINREFX,LINREFY,XGCSWGS84,YGCSWGS84
76824,9,7,72,223,2018,2,14,4,3,0,6,0,0,1,0,0,0,1,0,6.19631E+20,5.36318E+21,1.06166E+16,4.84104E+16
76825,9,7,72,184,2018,2,19,6,3,5,3,2,0,1,0,0,0,0,0,6.35612E+20,5.36185E+21,1.0832E+16,4.83952E+16
76826,9,6,76,125,2018,3,15,6,3,0,3,0,0,1,0,0,0,0,0,5.16575E+20,5.5077E+21,9.22995E+15,4.97215E+16
76827,9,1,87,124,2018,2,7,4,2,4,6,0,0,1,0,0,0,0,0,7.3534E+20,5.33018E+21,1.216E+16,4.80814E+16
76828,9,3,73,147,2018,3,14,2,2,2,6,0,0,1,0,0,0,0,0,6.72898E+20,5.46441E+21,1.13787E+16,4.93079E+16
76829,9,7,71,160,2018,2,23,6,3,9,1,2,0,1,0,0,0,0,1,6.56346E+20,5.3513E+21,1.1108E+16,4.82956E+16
76830,9,7,71,145,2018,2,19,6,3,2,2,2,0,1,0,0,0,1,2,6.48289E+20,5.34512E+21,1.09973E+16,4.82419E+16
76831,9,1,73,126,2018,3,6,6,3,2,6,1,0,1,0,0,0,0,1,6.84599E+20,5.30319E+21,1.14679E+16,4.78555E+16
76832,9,6,76,122,2018,2,11,3,3,5,3,0,0,1,0,0,0,0,0,5.11217E+20,5.51952E+21,9.15596E+15,4.9828E+16
76833,9,5,65,0,2018,3,15,1,3,2,6,0,0,1,0,0,0,0,0,6.4857E+20,5.46514E+21,1.10445E+16,4.93209E+16
76834,9,6,75,113,2018,2,15,6,3,2,6,0,0,0,0,0,1,0,0,5.78429E+20,5.51454E+21,1.00894E+16,4.97782E+16
76835,9,6,63,0,2018,2,15,6,3,5,2,0,1,1,0,0,0,0,0,5.66629E+20,5.51675E+21,9.92587E+15,4.97995E+16
76836,9,6,77,131,2018,2,21,6,2,8,7,2,0,1,0,0,0,0,0,5.47328E+20,5.5461E+21,9.66128E+15,5.00653E+16
76837,9,2,74,127,2018,3,14,6,3,0,7,0,0,1,0,0,0,0,0,7.36149E+20,5.39663E+21,1.22082E+16,4.8678E+16
76838,9,6,73,142,2018,2,12,3,2,8,1,0,0,1,0,0,0,0,0,5.94719E+20,5.5815E+21,1.03321E+16,5.03779E+16
76839,9,7,62,0,2018,3,16,1,3,2,6,0,0,1,0,0,0,0,0,6.21418E+20,5.30417E+21,1.06239E+16,4.78793E+16
76840,9,6,62,0,2018,2,17,6,3,3,7,0,0,1,0,0,0,0,0,5.87465E+20,5.54374E+21,1.02215E+16,5.00396E+16
76841,9,6,73,135,2018,3,23,7,2,9,1,2,0,1,0,0,0,0,1,5.83292E+20,5.57469E+21,1.017E+16,5.03184E+16
76842,9,4,74,171,2018,3,10,5,3,4,2,0,0,1,0,0,0,0,0,6.54076E+20,5.51274E+21,1.11388E+16,4.97474E+16
76843,9,7,73,144,2018,3,20,5,3,4,1,2,0,1,0,1,0,0,0,6.04367E+20,5.37991E+21,1.04146E+16,4.85636E+16
76844,9,1,83,143,2018,2,8,3,3,9,6,0,0,0,0,0,1,1,0,7.53606E+20,5.36055E+21,1.2423E+16,4.83472E+16
76845,9,6,78,193,2018,2,17,6,3,5,3,1,0,1,0,0,0,0,0,5.78626E+20,5.53988E+21,1.00973E+16,5.00061E+16
76846,9,1,85,113,2018,2,11,2,3,5,3,0,0,1,0,0,0,0,0,6.71311E+20,5.37912E+21,1.1321E+16,4.85418E+16
76847,9,2,73,116,2018,3,1,7,3,1,6,2,0,1,0,0,0,0,2,7.25606E+20,5.4204E+21,1.20782E+16,4.88954E+16
76848,9,6,71,122,2018,2,22,4,3,5,3,2,0,1,0,0,0,0,0,5.0595E+20,5.53075E+21,9.0829E+15,4.99291E+16
76849,9,6,61,0,2018,2,7,6,3,5,3,0,0,1,0,0,0,0,0,5.12765E+20,5.53642E+21,9.17804E+15,4.998E+16
76850,9,4,77,128,2018,2,12,2,3,2,6,0,0,1,0,0,1,0,0,6.74753E+20,5.55265E+21,1.14436E+16,5.01003E+16
76851,9,5,64,0,2018,3,9,6,3,2,6,0,0,1,0,0,0,1,0,6.47573E+20,5.47856E+21,1.10357E+16,4.94418E+16
76852,9,1,81,132,2018,2,13,4,3,0,6,0,0,1,0,0,1,0,0,6.45711E+20,5.32458E+21,1.09556E+16,4.80579E+16
76853,9,2,79,122,2018,3,15,2,3,5,3,0,0,0,0,0,1,1,0,7.7266E+20,5.39588E+21,1.27027E+16,4.86564E+16
76854,9,5,72,131,2018,2,12,6,3,3,6,0,0,1,0,0,0,0,0,6.56818E+20,5.48365E+21,1.11652E+16,4.94852E+16
76855,9,1,79,113,2018,3,14,1,3,0,6,0,0,1,0,1,0,0,0,6.71069E+20,5.33451E+21,1.12996E+16,4.81409E+16
76856,9,5,72,132,2018,2,17,6,3,6,7,1,0,1,1,0,0,0,0,6.37463E+20,5.49335E+21,1.09015E+16,4.95771E+16
76857,9,1,71,113,2018,3,18,6,2,5,3,2,0,1,0,0,0,0,0,7.79537E+20,5.33992E+21,1.27586E+16,4.8151E+16
76858,9,5,71,199,2018,2,18,3,3,2,6,2,0,1,0,0,0,0,0,5.90105E+20,5.44968E+21,1.02367E+16,4.91933E+16
76859,9,5,64,0,2018,3,18,1,3,0,6,2,0,1,0,0,0,1,0,6.55582E+20,5.48126E+21,1.11472E+16,4.9464E+16
76860,9,5,71,226,2018,2,13,6,3,2,6,0,0,1,0,0,0,0,0,6.38221E+20,5.45672E+21,1.08992E+16,4.92477E+16
76861,9,1,85,118,2018,2,14,2,3,1,6,0,0,1,0,0,0,0,0,6.63807E+20,5.40272E+21,1.12288E+16,4.87559E+16
76862,9,5,64,0,2018,3,12,7,3,2,6,0,0,1,0,0,0,1,1,6.4603E+20,5.48091E+21,1.10153E+16,4.94633E+16
76863,9,1,89,154,2018,3,15,5,3,2,6,0,0,1,0,0,0,0,0,7.68893E+20,5.31469E+21,1.26E+16,4.79291E+16
76864,9,7,74,150,2018,2,9,2,3,2,3,0,0,1,0,0,0,0,0,6.01246E+20,5.34563E+21,1.0364E+16,4.82558E+16
76865,9,5,74,139,2018,2,8,6,3,5,3,0,0,1,0,0,0,0,0,6.69663E+20,5.4792E+21,1.13405E+16,4.94418E+16
76866,9,1,76,138,2018,2,13,2,3,5,3,0,0,1,0,0,0,0,0,6.76938E+20,5.4176E+21,1.14137E+16,4.88861E+16
76867,9,1,75,133,2018,3,15,7,3,5,3,0,0,1,0,0,0,0,0,7.10533E+20,5.34216E+21,1.18333E+16,4.81977E+16
76868,9,5,64,0,2018,2,15,4,3,0,6,0,0,1,0,0,0,1,0,6.48558E+20,5.47729E+21,1.10488E+16,4.94301E+16
76869,9,5,74,152,2018,3,10,7,3,8,6,0,0,1,0,0,0,0,1,6.60404E+20,5.48161E+21,1.12138E+16,4.9466E+16
76870,9,3,61,0,2018,3,16,5,3,2,6,0,0,1,0,0,0,0,0,7.07915E+20,5.48073E+21,1.18683E+16,4.94436E+16
76871,9,1,81,146,2018,2,9,3,3,2,6,0,0,1,0,0,1,1,0,6.51219E+20,5.32613E+21,1.103E+16,4.80705E+16
76872,9,5,64,0,2018,2,19,6,3,2,6,2,0,1,0,0,0,0,0,6.4696E+20,5.48056E+21,1.1028E+16,4.94599E+16
76873,9,1,81,115,2018,3,13,7,3,3,6,0,0,1,0,0,0,0,0,6.57478E+20,5.32705E+21,1.11143E+16,4.80773E+16
76874,9,5,74,123,2018,2,15,4,3,2,6,0,0,1,0,0,0,0,0,6.64422E+20,5.47907E+21,1.12682E+16,4.9442E+16
76875,9,5,73,134,2018,2,15,6,3,5,2,0,1,1,0,0,0,0,0,6.42522E+20,5.47801E+21,1.09659E+16,4.94381E+16
76876,9,4,76,182,2018,3,6,6,3,8,1,0,0,1,0,0,0,0,0,6.75312E+20,5.58676E+21,1.14672E+16,5.04067E+16
76877,9,1,84,119,2018,2,18,4,3,2,6,2,0,1,0,0,0,1,0,6.95918E+20,5.34632E+21,1.16388E+16,4.82398E+16
76878,9,1,71,112,2018,3,15,2,2,0,7,0,1,0,0,0,0,0,0,7.846E+20,5.34529E+21,1.28302E+16,4.8197E+16
76879,9,5,71,134,2018,2,13,6,3,4,1,0,0,1,0,0,0,0,0,5.88421E+20,5.46186E+21,1.02163E+16,4.93031E+16
76880,9,1,77,121,2018,3,3,1,3,8,1,2,0,1,0,0,0,0,2,7.30826E+20,5.36224E+21,1.2117E+16,4.83711E+16
76881,9,5,71,180,2018,2,14,6,3,5,2,0,0,1,0,0,0,0,0,6.30329E+20,5.4628E+21,1.07928E+16,4.9304E+16
76882,9,1,87,117,2018,3,15,6,3,1,6,0,0,1,0,0,0,0,0,7.23426E+20,5.30506E+21,1.19872E+16,4.786E+16
76883,9,4,75,136,2018,2,21,3,1,2,6,2,0,1,0,0,1,0,0,6.99803E+20,5.57232E+21,1.18038E+16,5.02692E+16
76884,9,2,78,159,2018,3,10,1,3,8,1,0,0,1,0,0,0,0,0,7.81061E+20,5.42087E+21,1.28336E+16,4.8877E+16
76885,9,5,71,145,2018,2,6,6,2,5,2,1,0,1,0,0,0,0,0,5.93249E+20,5.45365E+21,1.02808E+16,4.92285E+16
76886,9,4,75,169,2018,3,7,7,3,4,1,0,0,1,0,0,0,0,2,6.89821E+20,5.57167E+21,1.16636E+16,5.02666E+16
76887,9,1,87,131,2018,3,13,5,3,1,6,0,0,1,0,0,0,0,0,7.33915E+20,5.29063E+21,1.21195E+16,4.77266E+16
76888,9,7,62,0,2018,2,22,2,3,5,3,2,0,1,0,1,0,0,1,6.22873E+20,5.30602E+21,1.06439E+16,4.78958E+16
76889,9,5,71,171,2018,2,8,6,1,4,6,0,0,1,0,0,0,0,1,6.09614E+20,5.4662E+21,1.05089E+16,4.93387E+16
76890,9,7,64,0,2018,3,20,6,3,9,1,2,0,1,0,0,0,0,1,5.88449E+20,5.31156E+21,1.01846E+16,4.79512E+16
76891,9,4,61,0,2018,2,17,4,3,2,6,0,0,1,0,0,0,1,0,6.38583E+20,5.52686E+21,1.09289E+16,4.98781E+16
76892,9,4,72,139,2018,2,15,6,3,2,6,0,0,1,0,0,0,0,0,6.94929E+20,5.55548E+21,1.17269E+16,5.01196E+16
76893,9,2,71,125,2018,3,11,6,2,1,6,0,0,1,0,0,0,0,0,7.98286E+20,5.40714E+21,1.3058E+16,4.87458E+16
76894,9,7,74,135,2018,2,19,3,3,5,3,2,0,1,0,0,0,0,0,5.9486E+20,5.37003E+21,1.02835E+16,4.84762E+16
76895,9,1,78,125,2018,3,15,2,3,5,3,0,0,1,0,0,0,0,0,7.17158E+20,5.381E+21,1.19424E+16,4.85445E+16
76896,9,4,75,168,2018,2,14,6,2,2,6,0,0,1,0,0,0,0,0,7.0485E+20,5.56637E+21,1.18713E+16,5.0214E+16
76897,9,7,76,127,2018,3,23,7,3,9,1,2,0,1,0,0,0,0,2,5.7233E+20,5.27027E+21,9.96188E+15,4.75818E+16
76898,9,4,76,145,2018,2,12,6,2,8,7,0,0,1,0,0,0,0,0,6.63837E+20,5.57309E+21,1.12999E+16,5.02871E+16
76899,9,6,77,122,2018,3,16,5,3,2,6,0,0,1,0,0,0,0,0,5.46146E+20,5.55517E+21,9.64586E+15,5.01469E+16
76900,9,4,72,119,2018,2,14,6,3,2,6,0,0,1,0,0,0,0,0,6.86818E+20,5.54166E+21,1.16068E+16,4.99979E+16
76901,9,3,72,155,2018,3,13,6,3,2,6,0,0,1,0,0,0,0,0,7.70366E+20,5.45825E+21,1.2713E+16,4.92173E+16
76902,9,1,84,131,2018,2,9,3,3,4,2,0,0,1,0,0,0,0,1,7.05653E+20,5.3373E+21,1.17653E+16,4.81557E+16
76903,9,1,88,121,2018,3,8,2,3,0,7,0,1,0,0,0,0,0,1,6.7007E+20,5.32929E+21,1.12841E+16,4.80942E+16
76904,9,4,77,142,2018,2,11,6,3,0,7,0,0,1,0,0,1,0,0,6.82192E+20,5.54552E+21,1.15441E+16,5.00341E+16
76905,9,7,78,113,2018,3,6,7,2,9,1,1,0,1,0,0,0,0,1,6.11992E+20,5.32053E+21,1.05022E+16,4.80282E+16
76906,9,4,74,126,2018,2,11,6,3,2,6,0,0,1,0,0,0,0,0,6.4984E+20,5.50909E+21,1.10786E+16,4.97156E+16
76907,9,1,74,115,2018,3,11,6,3,1,6,0,0,1,0,0,0,0,1,6.82417E+20,5.35067E+21,1.1459E+16,4.8283E+16
76908,9,4,74,121,2018,2,12,3,3,5,3,0,0,1,0,0,0,1,0,6.57049E+20,5.51698E+21,1.11817E+16,4.97847E+16
76909,9,1,89,111,2018,3,13,1,3,2,6,0,0,1,0,0,0,0,0,7.63474E+20,5.32299E+21,1.25327E+16,4.80058E+16
76910,9,4,74,126,2018,2,15,6,3,2,6,0,0,1,0,0,0,0,0,6.47901E+20,5.51166E+21,1.10527E+16,4.97392E+16
76911,9,4,74,126,2018,3,12,7,3,5,3,0,0,1,0,0,0,0,1,6.48812E+20,5.5103E+21,1.10648E+16,4.97268E+16
76912,9,1,75,119,2018,3,0,5,3,8,1,2,0,1,0,0,0,0,2,7.25323E+20,5.32451E+21,1.20227E+16,4.80341E+16
76913,9,4,61,0,2018,2,14,6,3,0,1,0,0,0,0,1,0,0,0,6.32786E+20,5.52989E+21,1.08493E+16,4.99066E+16
76914,9,7,71,130,2018,3,14,6,3,2,6,0,0,1,0,0,0,0,0,6.48136E+20,5.36276E+21,1.10014E+16,4.84006E+16
76915,9,3,76,170,2018,2,16,4,3,5,3,0,0,1,0,0,0,0,0,7.24608E+20,5.45483E+21,1.20837E+16,4.9205E+16
76916,9,3,74,111,2018,2,14,6,3,3,6,0,0,1,0,0,0,0,0,7.27512E+20,5.51171E+21,1.21562E+16,4.97148E+16
76917,9,2,77,111,2018,3,15,6,2,8,1,0,0,1,0,0,0,0,0,7.84757E+20,5.38927E+21,1.28621E+16,4.85917E+16
76918,9,7,71,145,2018,2,12,3,3,0,1,0,1,0,0,0,0,0,2,6.47402E+20,5.34553E+21,1.09855E+16,4.82459E+16
76919,9,7,78,144,2018,3,6,1,3,8,1,1,0,1,0,0,0,0,2,5.95006E+20,5.30266E+21,1.02704E+16,4.78703E+16
76920,9,3,77,131,2018,2,14,6,3,8,1,0,0,1,0,0,0,0,0,7.30275E+20,5.54474E+21,1.22141E+16,5.00104E+16
76921,9,6,79,143,2018,3,7,7,3,3,1,0,0,1,0,0,0,0,2,5.72752E+20,5.53268E+21,1.00139E+16,4.99421E+16
76922,9,4,63,0,2018,3,6,5,3,3,6,1,0,1,0,0,1,0,0,6.39378E+20,5.57026E+21,1.09558E+16,5.0268E+16
76923,9,7,75,118,2018,3,7,5,3,3,6,0,0,1,0,0,0,0,0,5.85869E+20,5.34246E+21,1.01563E+16,4.82295E+16
76924,9,1,90,157,2018,2,12,3,3,1,6,0,0,1,0,0,0,0,1,6.59884E+20,5.30102E+21,1.11369E+16,4.78427E+16
76925,9,3,74,149,2018,2,21,6,3,0,1,2,1,0,0,0,0,0,0,7.113E+20,5.5171E+21,1.19345E+16,4.97692E+16
76926,9,6,75,144,2018,2,10,2,3,0,7,0,0,1,0,0,0,1,0,5.87821E+20,5.50692E+21,1.02181E+16,4.97084E+16
76927,9,2,75,127,2018,3,6,7,3,8,1,1,0,1,0,0,0,0,2,8.05389E+20,5.39833E+21,1.31478E+16,4.86632E+16
76928,9,7,72,223,2018,2,15,4,3,2,6,0,0,1,0,0,0,0,0,6.1995E+20,5.36318E+21,1.06209E+16,4.84104E+16
76929,9,1,77,115,2018,3,10,6,3,5,3,0,0,1,0,0,0,0,0,7.33784E+20,5.35139E+21,1.21508E+16,4.82725E+16
76930,9,2,76,138,2018,2,10,3,3,5,3,0,0,1,0,0,0,1,0,8.02737E+20,5.43191E+21,1.31367E+16,4.89658E+16
76931,9,3,72,115,2018,2,19,6,3,5,3,2,0,1,0,0,0,0,0,7.79576E+20,5.45264E+21,1.28353E+16,4.91628E+16
76932,9,3,76,117,2018,3,5,7,2,8,1,1,0,1,0,0,0,0,2,7.3563E+20,5.45992E+21,1.22378E+16,4.92466E+16
76933,9,7,74,133,2018,2,15,4,3,5,3,0,0,1,0,0,0,0,0,5.98149E+20,5.3548E+21,1.03245E+16,4.83387E+16
76934,9,3,71,148,2018,2,8,6,3,5,3,0,0,1,0,0,0,0,0,7.1277E+20,5.46135E+21,1.19249E+16,4.92679E+16
76935,9,6,75,117,2018,3,9,6,1,5,3,0,0,1,0,0,0,0,0,5.7999E+20,5.51592E+21,1.01113E+16,4.97904E+16
76936,9,2,73,166,2018,2,11,4,3,0,3,0,0,1,0,0,1,0,0,7.13437E+20,5.41676E+21,1.19105E+16,4.8867E+16
76937,9,3,74,159,2018,3,22,2,3,9,1,2,0,1,0,0,0,0,2,7.39555E+20,5.49463E+21,1.23125E+16,4.95568E+16
76938,9,2,71,138,2018,2,12,6,2,2,6,0,0,1,0,0,0,0,0,7.94553E+20,5.41166E+21,1.30106E+16,4.87881E+16
76939,9,2,76,122,2018,2,7,6,3,8,1,0,0,1,0,0,0,0,0,7.88719E+20,5.43907E+21,1.29507E+16,4.90368E+16
76940,9,1,80,126,2018,3,15,6,3,2,6,0,0,1,0,0,0,0,0,6.60976E+20,5.27012E+21,1.11401E+16,4.75646E+16
76941,9,6,72,135,2018,2,6,3,2,4,2,0,0,1,0,0,0,0,0,5.82964E+20,5.56422E+21,1.01631E+16,5.02244E+16
76942,9,7,79,198,2018,3,14,1,2,1,1,0,0,1,0,0,0,0,0,6.31777E+20,5.41477E+21,1.07971E+16,4.88719E+16
76943,9,2,71,141,2018,2,13,6,3,5,3,0,0,1,0,0,0,0,0,7.89041E+20,5.39817E+21,1.29262E+16,4.86696E+16
76944,9,6,71,134,2018,3,0,7,3,4,1,2,0,1,0,0,0,0,2,5.00449E+20,5.54626E+21,9.00627E+15,5.00687E+16
76945,9,3,74,111,2018,3,13,5,3,1,6,0,0,1,0,0,0,0,0,7.27387E+20,5.51122E+21,1.21542E+16,4.97105E+16
76946,9,1,87,142,2018,2,7,3,3,5,3,0,0,1,0,0,0,0,2,7.33564E+20,5.31687E+21,1.2129E+16,4.79625E+16
76947,9,2,75,126,2018,2,9,6,3,1,3,0,0,1,0,0,0,0,0,8.42959E+20,5.39661E+21,1.3655E+16,4.86284E+16
76948,9,1,87,129,2018,3,8,7,3,5,3,0,0,1,0,0,0,0,1,7.25583E+20,5.29664E+21,1.20116E+16,4.77836E+16
76949,9,5,62,0,2018,2,8,4,2,2,6,0,0,1,0,0,1,0,0,6.44399E+20,5.49586E+21,1.09983E+16,4.9598E+16
76950,9,2,75,138,2018,2,15,6,3,5,2,0,0,1,0,0,0,0,0,8.09354E+20,5.38663E+21,1.31928E+16,4.85564E+16
76951,9,4,74,126,2018,2,17,2,3,5,3,0,0,1,0,0,1,0,0,6.48026E+20,5.51159E+21,1.10544E+16,4.97386E+16
76952,9,5,71,174,2018,3,9,6,3,5,3,0,0,1,0,0,0,0,0,6.02576E+20,5.46153E+21,1.04109E+16,4.92979E+16
76953,9,1,81,133,2018,2,20,4,3,9,1,2,0,1,0,0,0,0,0,6.44003E+20,5.31577E+21,1.09297E+16,4.7979E+16
76954,9,1,89,155,2018,3,9,2,2,0,7,0,1,0,0,0,0,0,1,7.71661E+20,5.30973E+21,1.26338E+16,4.78834E+16
76955,9,2,77,138,2018,2,14,6,3,6,2,0,0,1,1,0,0,0,0,7.91478E+20,5.37187E+21,1.29409E+16,4.84324E+16
76956,9,1,78,124,2018,3,14,1,3,3,6,0,0,1,0,0,0,1,0,7.03218E+20,5.36114E+21,1.17441E+16,4.83707E+16
76957,9,6,74,180,2018,3,17,4,3,4,2,1,0,1,0,0,0,0,0,6.02915E+20,5.53984E+21,1.04361E+16,5.0002E+16
76958,9,3,75,201,2018,3,12,6,2,3,6,0,0,1,0,1,0,0,0,7.4734E+20,5.41637E+21,1.23718E+16,4.88509E+16
76959,9,6,72,114,2018,3,15,4,3,2,6,0,0,1,0,0,0,0,0,5.76949E+20,5.55974E+21,1.00778E+16,5.01848E+16
76960,9,3,76,116,2018,3,4,1,3,9,1,2,0,1,0,0,0,0,1,7.42159E+20,5.46334E+21,1.23294E+16,4.92748E+16
76961,9,6,78,178,2018,3,15,4,3,8,1,0,0,1,0,0,0,0,0,5.90367E+20,5.54287E+21,1.02618E+16,5.00312E+16
76962,9,2,75,156,2018,3,11,3,2,8,7,0,0,1,0,0,0,0,0,8.52787E+20,5.39764E+21,1.37888E+16,4.86321E+16
76963,9,7,75,135,2018,3,11,3,3,2,6,0,0,1,0,0,0,1,0,5.74759E+20,5.35759E+21,1.00094E+16,4.8367E+16
76964,9,1,81,123,2018,3,20,6,3,2,6,2,0,1,0,0,0,0,0,6.55704E+20,5.32667E+21,1.10904E+16,4.80742E+16
76965,9,6,76,144,2018,3,7,4,2,8,1,0,0,1,0,0,0,0,0,5.08127E+20,5.5298E+21,9.11322E+15,4.99205E+16
76966,9,6,79,154,2018,3,14,7,3,2,6,0,0,1,0,0,0,0,0,5.61312E+20,5.51097E+21,9.85108E+15,4.97481E+16
76967,9,7,61,0,2018,3,13,2,3,0,6,0,0,1,0,0,0,0,0,6.39951E+20,5.35529E+21,1.08884E+16,4.83353E+16
76968,9,1,89,154,2018,3,12,7,3,8,7,0,1,0,0,0,0,0,0,7.68888E+20,5.31702E+21,1.26014E+16,4.795E+16
76969,9,2,78,118,2018,3,5,3,3,5,3,2,0,1,0,0,0,0,1,7.73433E+20,5.42529E+21,1.27327E+16,4.892E+16
76970,9,5,75,121,2018,3,17,5,2,4,2,0,1,1,0,0,0,0,0,6.24018E+20,5.49002E+21,1.07146E+16,4.95501E+16
76971,9,6,76,144,2018,3,8,4,3,4,7,0,0,1,0,0,0,0,1,5.08608E+20,5.52964E+21,9.11991E+15,4.99191E+16
76972,9,2,61,0,2018,3,17,2,3,5,3,0,0,1,0,0,0,0,1,7.32663E+20,5.38294E+21,1.21532E+16,4.85563E+16
76973,9,5,74,156,2018,3,11,6,3,2,7,0,0,1,0,0,0,0,0,6.58004E+20,5.48238E+21,1.11811E+16,4.94735E+16
76974,9,1,88,132,2018,3,18,2,3,2,6,1,0,1,0,0,0,0,1,6.64813E+20,5.32169E+21,1.12106E+16,4.80272E+16
76975,9,6,76,125,2018,3,18,4,3,5,2,1,0,1,0,0,1,0,0,5.17124E+20,5.50696E+21,9.23754E+15,4.97149E+16
76976,9,2,71,135,2018,3,0,6,3,7,7,2,0,0,0,1,0,0,0,7.89708E+20,5.40621E+21,1.29409E+16,4.87414E+16
76977,9,6,71,141,2018,3,16,4,2,4,2,0,0,1,0,1,0,0,0,5.20479E+20,5.52985E+21,9.28528E+15,4.99207E+16
76978,9,1,73,137,2018,3,16,1,2,8,1,0,1,0,0,0,0,0,1,6.79068E+20,5.30674E+21,1.13955E+16,4.7889E+16
76979,9,6,71,143,2018,3,14,4,2,9,1,0,0,1,0,0,0,0,0,5.11276E+20,5.54449E+21,9.15751E+15,5.00526E+16
76980,9,1,87,167,2018,3,16,3,3,5,2,0,0,1,0,0,0,0,0,7.43315E+20,5.30619E+21,1.22534E+16,4.7863E+16
76981,9,6,63,0,2018,3,20,3,2,5,3,2,0,1,0,1,0,0,1,5.6971E+20,5.51518E+21,9.96839E+15,4.9785E+16
76982,9,1,62,0,2018,3,17,5,3,5,2,0,1,1,0,0,0,0,0,6.84875E+20,5.33538E+21,1.14854E+16,4.81448E+16
76983,9,5,72,164,2018,3,22,4,3,8,1,2,0,1,0,0,0,0,1,6.31545E+20,5.49928E+21,1.08217E+16,4.96317E+16
76984,9,4,72,111,2018,3,9,7,3,2,6,0,0,1,0,0,0,0,1,6.7146E+20,5.52237E+21,1.13841E+16,4.98293E+16
76985,9,6,76,126,2018,3,11,2,3,8,1,0,0,1,0,0,0,0,1,5.11127E+20,5.5236E+21,9.15482E+15,4.98647E+16
76986,9,1,84,135,2018,3,14,7,3,2,6,0,0,1,0,0,0,0,0,6.92704E+20,5.34498E+21,1.15949E+16,4.82288E+16
76987,9,5,62,0,2018,3,13,4,3,8,3,0,0,1,0,0,0,0,0,6.40607E+20,5.49234E+21,1.09446E+16,4.95673E+16
76988,9,1,89,154,2018,3,10,3,2,3,2,0,1,1,0,0,0,0,0,7.66081E+20,5.32029E+21,1.25659E+16,4.79805E+16
76989,9,7,79,155,2018,3,10,3,3,5,3,0,0,1,0,0,0,0,0,6.25788E+20,5.40231E+21,1.07116E+16,4.87611E+16
76990,9,1,78,124,2018,3,17,6,2,9,1,0,0,1,0,0,0,0,0,7.03178E+20,5.36201E+21,1.1744E+16,4.83785E+16
76991,9,5,74,157,2018,3,15,4,3,5,3,0,0,1,0,0,0,0,0,6.64334E+20,5.46898E+21,1.12628E+16,4.93514E+16
76992,9,5,74,164,2018,3,13,7,3,2,7,0,0,1,0,0,0,0,0,6.64495E+20,5.47838E+21,1.12689E+16,4.94358E+16
76993,9,6,75,162,2018,3,17,2,3,4,2,0,0,1,0,0,1,0,0,5.96908E+20,5.51437E+21,1.03459E+16,4.9774E+16
76994,9,1,83,116,2018,3,13,5,3,8,1,0,0,1,0,0,0,0,0,7.65352E+20,5.35286E+21,1.25764E+16,4.82733E+16
76995,9,1,61,0,2018,3,16,7,3,2,6,0,0,1,0,0,0,0,1,6.76284E+20,5.4045E+21,1.13991E+16,4.87686E+16
76996,9,1,71,131,2018,3,16,5,3,5,3,0,1,1,0,0,0,0,0,7.68775E+20,5.34793E+21,1.26193E+16,4.82276E+16
76997,9,4,61,0,2018,3,11,5,3,5,3,0,0,1,0,0,0,1,0,6.37881E+20,5.52945E+21,1.092E+16,4.99015E+16
76998,9,5,73,114,2018,3,16,4,3,5,3,0,0,1,0,0,0,0,0,6.34546E+20,5.48228E+21,1.08574E+16,4.94783E+16
76999,9,1,82,129,2018,3,15,2,3,2,6,0,0,1,0,0,0,0,0,7.07253E+20,5.28528E+21,1.17618E+16,4.76877E+16
77000,9,5,64,0,2018,3,20,6,3,3,6,2,0,1,0,0,1,0,1,6.47595E+20,5.47844E+21,1.1036E+16,4.94407E+16
77001,9,7,80,120,2018,3,14,1,3,9,1,0,0,0,0,1,0,0,0,6.00295E+20,5.28439E+21,1.03369E+16,4.77051E+16
77002,9,5,75,112,2018,3,15,4,3,8,1,0,0,1,0,0,0,0,0,6.02505E+20,5.48298E+21,1.04154E+16,4.94908E+16
77003,9,1,71,112,2018,3,11,4,3,4,6,0,0,1,0,0,0,0,1,7.83725E+20,5.34393E+21,1.28175E+16,4.81852E+16
77004,9,2,74,146,2018,3,12,6,3,2,6,0,0,1,0,0,0,0,1,7.33187E+20,5.3778E+21,1.21575E+16,4.851E+16
77005,9,5,61,0,2018,3,15,4,3,2,6,0,0,1,0,0,0,0,0,6.14542E+20,5.46101E+21,1.05752E+16,4.92911E+16
77006,9,1,71,137,2018,3,9,1,3,0,1,0,0,0,0,1,0,0,1,7.70882E+20,5.35256E+21,1.26506E+16,4.82683E+16
77007,9,4,75,169,2018,3,10,4,3,4,1,0,0,1,0,0,0,0,2,6.86506E+20,5.57546E+21,1.1619E+16,5.03017E+16
77008,9,1,81,134,2018,3,20,3,2,9,1,2,0,1,0,0,0,0,0,6.44785E+20,5.34036E+21,1.09485E+16,4.82E+16
77009,9,5,63,0,2018,3,10,3,3,9,6,0,0,1,0,0,0,0,0,6.44169E+20,5.48747E+21,1.09921E+16,4.95227E+16
77010,9,7,74,119,2018,3,1,5,3,0,1,2,0,1,0,1,0,0,0,5.88634E+20,5.3612E+21,1.01974E+16,4.83978E+16