OBJECTID_1,ULAND,UREGBEZ,UKREIS,UGEMEINDE,UJAHR,UMONAT,USTUNDE,UWOCHENTAG,UKATEGORIE,UART,UTYP1,ULICHTVERH,IstRad,IstPKW,IstFuss,IstKrad,IstGkfz,IstSonstig,STRZUSTAND,LINREFX,LINREFY,XGCSWGS84,YGCSWGS84
77198,9,6,76,116,2018,3,19,3,3,5,2,2,0,1,0,0,0,0,0,5.18851E+20,5.50617E+21,9.26145E+15,4.97078E+16
77199,9,1,87,165,2018,3,11,3,3,2,6,0,0,0,0,0,1,0,0,7.27308E+20,5.30049E+21,1.20366E+16,4.78175E+16
77200,9,1,75,133,2018,3,7,5,3,2,6,0,0,1,0,0,0,0,0,7.09335E+20,5.34238E+21,1.18173E+16,4.82001E+16
77201,9,6,79,209,2018,3,13,3,3,2,6,0,0,1,0,0,0,0,0,5.63148E+20,5.51703E+21,9.87754E+15,4.98024E+16
77202,9,1,62,0,2018,3,10,5,3,2,7,0,0,1,0,0,0,0,0,6.92229E+20,5.33121E+21,1.15823E+16,4.81051E+16
77203,9,5,76,148,2018,3,13,3,3,7,6,0,0,1,0,0,1,0,0,6.67125E+20,5.43926E+21,1.12888E+16,4.90835E+16
77204,9,4,75,120,2018,3,14,7,3,5,3,0,0,1,0,0,0,0,0,7.09677E+20,5.57523E+21,1.19438E+16,5.02919E+16
77205,9,6,78,135,2018,3,18,2,3,4,2,1,0,1,0,0,1,0,1,5.90439E+20,5.54279E+21,1.02628E+16,5.00305E+16
77206,9,1,74,126,2018,3,8,7,3,5,3,0,0,1,0,0,0,0,0,6.82897E+20,5.34461E+21,1.14628E+16,4.82284E+16
77207,9,1,78,113,2018,3,18,5,3,4,2,2,0,1,0,0,0,0,0,6.91386E+20,5.36718E+21,1.15873E+16,4.84287E+16
77208,9,2,78,139,2018,3,6,5,3,9,1,0,0,1,0,0,0,0,1,7.71775E+20,5.42619E+21,1.27108E+16,4.89289E+16
77209,9,5,62,0,2018,3,16,3,3,6,7,0,1,0,1,0,0,0,0,6.42769E+20,5.49511E+21,1.09755E+16,4.95917E+16
77210,9,5,75,168,2018,3,6,6,3,9,1,2,0,1,0,0,0,0,2,5.90063E+20,5.48368E+21,1.02438E+16,4.94991E+16
77211,9,7,61,0,2018,3,10,1,3,1,6,0,0,1,0,0,0,0,0,6.41566E+20,5.35988E+21,1.09118E+16,4.83762E+16
77212,9,6,77,157,2018,3,9,2,3,6,4,0,0,1,1,0,0,0,1,5.43339E+20,5.52139E+21,9.60277E+15,4.98434E+16
77213,9,1,76,143,2018,3,14,7,3,2,6,0,0,1,0,0,0,0,0,6.80962E+20,5.40817E+21,1.14644E+16,4.88002E+16
77214,9,4,61,0,2018,3,7,5,2,5,3,0,1,0,0,0,0,1,0,6.37082E+20,5.53041E+21,1.09093E+16,4.99103E+16
77215,9,5,74,138,2018,3,20,3,2,4,6,2,0,1,0,0,0,0,1,6.6498E+20,5.4886E+21,1.12799E+16,4.95276E+16
77216,9,1,62,0,2018,3,9,2,3,3,6,0,0,1,0,0,0,0,1,6.94548E+20,5.33118E+21,1.16134E+16,4.81041E+16
77217,9,5,64,0,2018,3,16,6,3,2,6,0,0,1,0,0,0,0,1,6.52408E+20,5.47131E+21,1.10996E+16,4.93754E+16
77218,9,7,74,118,2018,3,10,1,2,8,1,0,0,1,0,0,0,0,0,5.934E+20,5.36482E+21,1.02626E+16,4.84296E+16
77219,9,5,76,122,2018,3,16,3,3,4,2,0,0,1,0,0,0,0,1,6.71534E+20,5.43529E+21,1.13475E+16,4.90466E+16
77220,9,1,83,120,2018,3,6,4,2,5,3,1,0,1,0,0,0,0,1,7.51377E+20,5.34728E+21,1.23851E+16,4.82289E+16
77221,9,2,74,135,2018,3,16,6,2,0,7,0,1,1,0,0,0,0,0,7.53301E+20,5.37821E+21,1.24296E+16,4.85059E+16
77222,9,5,63,0,2018,3,18,3,3,1,6,2,0,1,0,0,0,0,1,6.44215E+20,5.48254E+21,1.09909E+16,4.94784E+16
77223,9,1,89,129,2018,3,15,1,3,5,3,0,0,1,0,0,0,0,0,7.59375E+20,5.29626E+21,1.24618E+16,4.77674E+16
77224,9,5,64,0,2018,3,10,3,3,3,2,0,0,1,0,0,1,1,0,6.48725E+20,5.48109E+21,1.10526E+16,4.94643E+16
77225,9,1,74,113,2018,3,8,3,3,9,6,0,0,1,0,0,0,0,0,6.71347E+20,5.34707E+21,1.13084E+16,4.82536E+16
77226,9,1,77,120,2018,3,7,5,3,9,1,0,0,1,0,0,0,0,0,7.20229E+20,5.36012E+21,1.1973E+16,4.83558E+16
77227,9,6,71,122,2018,3,3,3,2,8,7,2,0,1,0,0,0,0,0,5.05079E+20,5.52756E+21,9.07072E+15,4.99004E+16
77228,9,7,75,129,2018,3,18,5,2,9,1,1,0,1,0,0,0,0,0,5.82306E+20,5.34283E+21,1.01084E+16,4.82333E+16
77229,9,5,64,0,2018,3,8,3,3,3,6,0,0,0,0,1,1,0,0,6.47615E+20,5.47829E+21,1.10362E+16,4.94394E+16
77230,9,3,75,175,2018,3,19,7,3,8,1,2,0,1,0,0,0,0,1,7.17195E+20,5.43631E+21,1.19721E+16,4.90413E+16
77231,9,5,63,0,2018,3,16,2,3,3,6,0,0,1,0,1,0,0,0,6.45235E+20,5.48137E+21,1.10045E+16,4.94676E+16
77232,9,1,77,138,2018,3,14,7,2,9,1,0,0,1,0,0,0,0,1,7.30057E+20,5.3603E+21,1.21055E+16,4.83539E+16
77233,9,2,75,126,2018,3,15,5,3,0,7,0,0,0,0,0,1,0,0,8.41336E+20,5.39775E+21,1.3634E+16,4.86395E+16
77234,9,5,64,0,2018,3,16,3,3,5,2,0,1,1,0,0,0,0,1,6.49227E+20,5.47878E+21,1.10586E+16,4.94433E+16
77235,9,4,73,166,2018,3,15,6,1,4,6,0,0,1,0,0,1,0,1,6.51849E+20,5.56451E+21,1.11283E+16,5.02132E+16
77236,9,6,71,150,2018,3,9,1,2,0,1,0,0,0,0,1,0,0,1,5.2111E+20,5.54279E+21,9.29479E+15,5.0037E+16
77237,9,5,64,0,2018,3,16,3,3,0,2,0,0,1,0,0,0,0,1,6.54068E+20,5.47386E+21,1.11234E+16,4.93979E+16
77238,9,1,75,132,2018,3,18,4,3,9,7,2,0,1,0,0,0,0,0,7.07792E+20,5.33014E+21,1.17906E+16,4.80906E+16
77239,9,1,87,117,2018,3,7,6,3,2,6,0,0,1,0,0,0,0,0,7.25545E+20,5.30106E+21,1.20134E+16,4.78233E+16
77240,9,5,71,199,2018,3,8,3,2,2,6,0,0,1,0,0,0,0,0,5.90719E+20,5.44771E+21,1.02447E+16,4.91755E+16
77241,9,1,88,139,2018,3,10,1,3,8,1,0,0,0,0,1,0,0,1,6.72305E+20,5.32266E+21,1.13114E+16,4.8034E+16
77242,9,5,75,153,2018,3,16,3,2,2,2,0,0,1,0,1,0,0,0,6.15183E+20,5.49342E+21,1.05935E+16,4.95824E+16
77243,9,1,62,0,2018,3,8,2,3,2,6,0,0,1,0,0,0,0,1,7.01133E+20,5.33239E+21,1.17023E+16,4.8113E+16
77244,9,2,75,153,2018,3,16,7,3,8,1,0,0,0,0,1,0,0,0,8.42622E+20,5.39006E+21,1.36451E+16,4.85698E+16
77245,9,5,71,113,2018,3,13,3,2,8,1,0,0,1,0,0,0,0,0,6.20999E+20,5.44605E+21,1.06595E+16,4.91553E+16
77246,9,1,88,118,2018,3,8,4,3,9,1,0,0,1,0,0,0,0,1,6.70427E+20,5.31115E+21,1.12817E+16,4.7931E+16
77247,9,1,90,138,2018,3,7,6,3,4,6,0,0,1,0,0,0,1,0,6.63127E+20,5.30737E+21,1.11826E+16,4.78989E+16
77248,9,4,75,145,2018,3,10,3,3,4,3,0,0,1,0,0,0,0,0,7.00125E+20,5.57481E+21,1.18097E+16,5.02914E+16
77249,9,1,85,153,2018,3,5,1,2,9,1,2,0,1,0,0,0,0,0,6.5356E+20,5.40164E+21,1.1089E+16,4.87488E+16
77250,9,4,79,112,2018,3,19,3,3,8,1,2,0,1,0,0,0,0,2,7.28893E+20,5.54883E+21,1.21973E+16,5.00477E+16
77251,9,1,84,135,2018,3,11,3,3,2,6,0,0,0,0,0,1,1,0,6.92798E+20,5.34498E+21,1.15962E+16,4.82287E+16
77252,9,1,62,0,2018,3,10,4,3,1,4,0,0,1,1,0,0,0,0,6.8163E+20,5.33576E+21,1.1442E+16,4.81491E+16
77253,9,5,65,0,2018,3,19,3,2,6,2,2,0,1,1,0,0,0,1,6.46693E+20,5.46527E+21,1.10187E+16,4.93225E+16
77254,9,7,72,223,2018,3,15,5,3,8,1,0,0,1,0,0,1,0,0,6.2306E+20,5.36369E+21,1.06631E+16,4.84144E+16
77255,9,4,79,136,2018,3,15,3,3,4,6,0,0,1,0,0,0,1,1,7.23225E+20,5.54383E+21,1.21153E+16,5.00049E+16
77256,9,4,63,0,2018,3,17,2,3,5,3,0,1,1,0,0,0,0,0,6.38585E+20,5.56981E+21,1.09445E+16,5.02642E+16
77257,9,7,75,129,2018,3,14,6,3,2,6,0,0,1,0,0,0,0,0,5.81905E+20,5.34196E+21,1.01028E+16,4.82256E+16
77258,9,4,64,0,2018,3,15,3,3,0,5,0,0,1,0,0,0,0,1,7.07175E+20,5.58006E+21,1.19114E+16,5.03362E+16
77259,9,4,71,122,2018,3,6,6,3,5,3,0,0,1,0,0,0,0,1,6.14942E+20,5.52039E+21,1.05981E+16,4.98249E+16
77260,9,5,71,132,2018,3,6,1,3,8,7,0,0,1,0,0,0,0,0,6.03041E+20,5.44054E+21,1.04119E+16,4.91091E+16
77261,9,4,76,180,2018,3,15,3,3,9,1,0,0,1,0,0,0,0,2,6.70314E+20,5.58544E+21,1.13963E+16,5.03963E+16
77262,9,1,62,0,2018,3,15,3,3,2,6,0,0,1,0,0,0,0,0,6.96341E+20,5.33145E+21,1.16376E+16,4.8106E+16
77263,9,1,61,0,2018,3,14,6,3,2,6,0,0,1,0,0,0,0,0,6.752E+20,5.40503E+21,1.13846E+16,4.87736E+16
77264,9,4,76,179,2018,3,15,3,2,8,1,0,0,1,0,0,0,0,2,6.63167E+20,5.58958E+21,1.12977E+16,5.04356E+16
77265,9,7,72,184,2018,3,9,7,3,2,6,0,0,1,0,0,0,0,1,6.34426E+20,5.35904E+21,1.08151E+16,4.83702E+16
77266,9,7,80,143,2018,3,14,2,3,2,6,0,0,1,0,0,0,0,1,5.98348E+20,5.28271E+21,1.03106E+16,4.76903E+16
77267,9,2,74,183,2018,3,14,7,3,5,3,0,0,1,0,0,0,0,0,7.39954E+20,5.36217E+21,1.224E+16,4.8367E+16
77268,9,1,62,0,2018,3,15,4,3,1,6,0,0,1,0,0,0,0,0,6.87343E+20,5.33508E+21,1.15184E+16,4.81414E+16
77269,9,3,75,165,2018,3,16,3,3,4,2,0,0,1,0,0,0,0,0,7.25894E+20,5.43766E+21,1.20917E+16,4.90504E+16
77270,9,5,74,164,2018,3,19,5,3,3,7,2,0,1,0,0,0,0,0,6.64603E+20,5.47835E+21,1.12704E+16,4.94355E+16
77271,9,4,72,177,2018,3,7,3,3,5,3,0,0,1,0,0,0,1,0,6.78197E+20,5.50302E+21,1.14689E+16,4.96534E+16
77272,9,3,61,0,2018,3,15,2,3,2,6,0,0,1,0,0,1,0,1,7.09599E+20,5.47961E+21,1.1891E+16,4.9433E+16
77273,9,7,71,130,2018,3,19,6,3,5,3,2,0,1,0,0,0,0,0,6.44696E+20,5.36321E+21,1.09552E+16,4.84054E+16
77274,9,1,86,147,2018,3,15,2,3,2,6,0,0,1,0,0,0,0,0,6.8081E+20,5.38989E+21,1.14543E+16,4.86359E+16
77275,9,1,62,0,2018,3,8,4,3,2,6,0,0,1,0,0,0,0,0,6.84589E+20,5.33541E+21,1.14816E+16,4.81451E+16
77276,9,5,75,143,2018,3,9,3,3,4,2,0,0,1,0,0,0,0,0,5.98823E+20,5.47756E+21,1.03632E+16,4.94426E+16
77277,9,6,73,114,2018,3,19,5,3,5,3,2,0,1,0,0,0,0,1,5.87229E+20,5.57686E+21,1.02258E+16,5.03374E+16
77278,9,4,77,128,2018,3,6,3,3,6,4,2,0,1,1,0,0,0,0,6.75942E+20,5.55335E+21,1.14605E+16,5.01063E+16
77279,9,3,75,180,2018,3,10,2,3,1,6,0,0,1,0,0,0,0,0,7.23048E+20,5.42722E+21,1.20471E+16,4.89576E+16
77280,9,7,76,122,2018,3,19,6,1,6,4,2,0,1,1,0,0,0,0,5.62233E+20,5.27489E+21,9.82828E+15,4.76245E+16
77281,9,4,77,124,2018,3,17,3,3,8,1,1,0,1,0,0,0,0,2,6.71024E+20,5.54782E+21,1.13894E+16,5.00581E+16
77282,9,3,72,153,2018,3,11,6,3,2,2,0,0,1,0,0,1,0,0,7.56908E+20,5.45649E+21,1.25274E+16,4.92073E+16
77283,9,4,74,126,2018,3,18,3,3,2,6,2,0,1,0,0,0,0,1,6.4844E+20,5.50594E+21,1.1058E+16,4.96877E+16
77284,9,3,61,0,2018,3,18,1,3,5,3,1,0,1,0,0,0,0,0,7.06095E+20,5.48065E+21,1.18432E+16,4.94435E+16
77285,9,4,71,145,2018,3,12,3,3,5,3,0,0,1,0,1,0,0,1,6.42151E+20,5.51855E+21,1.09755E+16,4.98026E+16
77286,9,2,75,124,2018,3,15,3,2,5,3,0,0,1,0,0,0,0,0,8.10578E+20,5.38352E+21,1.3207E+16,4.85278E+16
77287,9,7,75,164,2018,3,13,4,3,1,2,0,0,1,0,0,0,0,0,5.84198E+20,5.34938E+21,1.01351E+16,4.8292E+16
77288,9,7,80,139,2018,3,16,3,3,0,2,0,0,1,0,0,0,0,0,5.96473E+20,5.26417E+21,1.02815E+16,4.75238E+16
77289,9,1,74,115,2018,3,15,6,3,2,6,0,0,1,0,0,0,0,0,6.8012E+20,5.34837E+21,1.14271E+16,4.82629E+16
77290,9,3,75,117,2018,3,16,3,3,1,6,0,0,1,0,0,1,0,0,7.3704E+20,5.43152E+21,1.22405E+16,4.8991E+16
77291,9,6,62,0,2018,3,16,7,3,2,6,0,0,1,0,0,0,0,1,5.88078E+20,5.54581E+21,1.02305E+16,5.00581E+16
77292,9,7,61,0,2018,3,13,2,3,2,1,0,0,1,0,1,0,0,0,6.39999E+20,5.35592E+21,1.08893E+16,4.83409E+16
77293,9,1,83,114,2018,3,20,7,3,6,6,2,0,1,1,0,0,0,0,7.42522E+20,5.35428E+21,1.22701E+16,4.82951E+16
77294,9,7,75,139,2018,3,18,4,3,6,4,2,0,1,1,0,0,0,0,5.80165E+20,5.36666E+21,1.00841E+16,4.8448E+16
77295,9,4,72,139,2018,3,17,5,3,2,6,0,0,1,0,0,0,0,0,6.95041E+20,5.55558E+21,1.17285E+16,5.01204E+16
77296,9,3,75,162,2018,3,13,3,2,5,2,0,0,1,0,0,0,0,0,7.10142E+20,5.4406E+21,1.1878E+16,4.90824E+16
77297,9,1,89,130,2018,3,16,5,3,2,6,0,0,1,0,0,0,0,0,7.66213E+20,5.31283E+21,1.2563E+16,4.79135E+16
77298,9,1,83,113,2018,3,13,2,3,4,6,0,0,1,0,0,0,0,0,7.50648E+20,5.34393E+21,1.23733E+16,4.81991E+16
77299,9,5,72,114,2018,3,11,6,3,2,6,0,0,1,0,0,0,0,1,6.34322E+20,5.49314E+21,1.0858E+16,4.95759E+16
77300,9,1,74,113,2018,3,6,2,3,2,6,1,0,1,0,0,0,0,1,6.7442E+20,5.34494E+21,1.13489E+16,4.82337E+16
77301,9,3,62,0,2018,3,17,3,3,9,6,1,0,1,0,0,0,0,1,7.24074E+20,5.43559E+21,1.20657E+16,4.90324E+16
77302,9,1,90,111,2018,3,10,4,3,5,1,0,0,1,0,0,0,0,0,6.40945E+20,5.29868E+21,1.08832E+16,4.7826E+16
77303,9,2,75,128,2018,3,11,6,3,4,6,0,0,1,0,0,0,0,0,8.28518E+20,5.3995E+21,1.34619E+16,4.8662E+16
77304,9,3,71,151,2018,3,5,3,3,5,3,2,1,1,0,0,0,0,0,6.98843E+20,5.48683E+21,1.17464E+16,4.95015E+16
77305,9,1,90,141,2018,3,6,1,3,5,3,1,0,1,0,0,0,0,1,6.78521E+20,5.29137E+21,1.13818E+16,4.7751E+16
77306,9,3,76,163,2018,3,13,3,3,5,3,0,0,1,0,0,1,0,0,7.25665E+20,5.47423E+21,1.21092E+16,4.93789E+16
77307,9,1,87,179,2018,3,9,3,2,2,6,0,0,1,0,0,0,0,0,7.19117E+20,5.31853E+21,1.19365E+16,4.79825E+16
77308,9,7,64,0,2018,3,17,4,3,4,2,0,0,1,0,0,0,0,0,5.87565E+20,5.31477E+21,1.01734E+16,4.79802E+16
77309,9,3,71,121,2018,3,10,3,3,5,3,0,0,1,0,0,1,0,0,7.09693E+20,5.4997E+21,1.19029E+16,4.96134E+16
77310,9,2,78,118,2018,3,13,6,3,2,6,0,0,1,0,1,0,0,1,7.7686E+20,5.42375E+21,1.27784E+16,4.89047E+16
77311,9,3,71,127,2018,3,18,3,3,2,6,2,0,1,0,0,0,0,1,7.13454E+20,5.49205E+21,1.19508E+16,4.95434E+16
77312,9,2,77,119,2018,3,18,1,3,5,3,1,0,1,0,0,0,0,0,7.7518E+20,5.37429E+21,1.27226E+16,4.84615E+16
77313,9,2,75,124,2018,3,18,3,3,8,1,1,0,1,0,0,0,0,0,8.12956E+20,5.37976E+21,1.32363E+16,4.84929E+16
77314,9,1,83,128,2018,3,19,3,3,4,3,2,0,1,0,0,0,0,0,7.57882E+20,5.34968E+21,1.2474E+16,4.82478E+16
77315,9,7,74,116,2018,3,15,4,3,5,3,0,0,1,0,0,0,0,0,6.0719E+20,5.34681E+21,1.04444E+16,4.82655E+16
77316,9,7,72,185,2018,3,13,3,3,4,2,0,0,1,0,0,0,1,0,6.35323E+20,5.38399E+21,1.08353E+16,4.85943E+16
77317,9,1,77,117,2018,3,11,6,2,8,1,0,0,1,0,0,0,0,0,7.17333E+20,5.35366E+21,1.19306E+16,4.82988E+16
77318,9,2,72,146,2018,3,15,3,3,8,2,0,0,1,0,0,0,0,0,8.27816E+20,5.42285E+21,1.3471E+16,4.88718E+16
77319,9,5,77,161,2018,3,23,7,2,5,3,2,0,1,0,0,0,0,0,6.46059E+20,5.44173E+21,1.10014E+16,4.9111E+16
77320,9,6,75,147,2018,3,15,2,3,5,3,0,0,1,0,1,0,0,0,5.82534E+20,5.5024E+21,1.01438E+16,4.96685E+16
77321,9,1,76,167,2018,3,15,7,3,5,2,0,0,1,0,0,0,0,1,6.78317E+20,5.40939E+21,1.14289E+16,4.88119E+16
77322,9,7,74,178,2018,3,17,4,2,5,3,0,0,1,0,0,0,0,0,6.06288E+20,5.36395E+21,1.04366E+16,4.84197E+16
77323,9,3,77,159,2018,3,8,5,3,5,2,0,0,1,0,0,0,0,0,7.29397E+20,5.53284E+21,1.21948E+16,4.99039E+16
77324,9,2,72,126,2018,3,16,3,3,1,6,1,0,1,0,0,0,0,1,8.3645E+20,5.41901E+21,1.35852E+16,4.88327E+16
77325,9,1,87,117,2018,3,16,2,3,2,6,0,0,1,0,0,0,1,0,7.22439E+20,5.30484E+21,1.19739E+16,4.78583E+16
77326,9,5,64,0,2018,3,21,6,3,6,4,2,0,1,1,0,0,0,1,6.52637E+20,5.47676E+21,1.11049E+16,4.94243E+16
77327,9,7,77,121,2018,3,16,1,2,5,3,0,0,1,0,0,0,0,0,6.27693E+20,5.31893E+21,1.07122E+16,4.80109E+16
77328,9,2,74,134,2018,3,12,3,3,1,6,0,0,1,0,0,0,0,0,7.40038E+20,5.37452E+21,1.22482E+16,4.84779E+16
77329,9,1,62,0,2018,3,18,5,3,9,1,1,0,1,0,0,0,0,0,6.864E+20,5.33082E+21,1.15039E+16,4.81033E+16
77330,9,1,71,111,2018,3,18,4,3,2,6,2,0,1,0,0,0,0,1,7.74047E+20,5.34866E+21,1.26906E+16,4.82319E+16
77331,9,2,79,137,2018,3,0,6,3,8,7,2,0,1,0,0,0,0,0,7.78375E+20,5.40184E+21,1.27842E+16,4.87073E+16
77332,9,2,74,127,2018,3,11,3,3,1,6,0,0,1,0,0,0,0,0,7.35781E+20,5.39809E+21,1.2204E+16,4.86913E+16
77333,9,1,82,137,2018,3,18,1,3,4,2,0,0,1,0,0,0,0,0,7.09104E+20,5.30523E+21,1.17961E+16,4.78664E+16
77334,9,2,73,159,2018,3,23,3,3,8,1,2,0,1,0,0,0,0,1,7.06306E+20,5.43201E+21,1.18211E+16,4.90065E+16
77335,9,1,74,150,2018,3,16,3,3,5,2,0,0,1,0,0,0,0,0,6.82169E+20,5.35921E+21,1.14593E+16,4.83597E+16
77336,9,7,62,0,2018,3,14,4,3,5,3,0,0,0,0,1,1,0,0,6.23177E+20,5.30625E+21,1.0648E+16,4.78978E+16
77337,9,5,74,123,2018,3,13,3,3,1,6,0,0,1,0,0,0,1,0,6.59062E+20,5.47358E+21,1.11921E+16,4.93942E+16
77338,9,7,63,0,2018,3,18,5,3,5,3,1,0,1,0,0,0,0,0,5.9732E+20,5.28572E+21,1.02976E+16,4.77175E+16
77339,9,1,73,134,2018,3,17,3,3,2,2,0,0,1,0,0,0,0,0,6.85885E+20,5.29934E+21,1.14834E+16,4.78206E+16
77340,9,5,71,165,2018,3,10,2,3,4,2,0,0,1,0,0,0,0,0,6.29263E+20,5.46601E+21,1.07792E+16,4.93331E+16
77341,9,1,62,0,2018,3,1,6,3,1,3,2,0,1,0,1,0,0,0,6.97275E+20,5.33363E+21,1.16511E+16,4.81253E+16
77342,9,7,72,147,2018,3,18,4,1,2,6,1,0,1,0,0,0,0,0,6.35361E+20,5.36437E+21,1.08295E+16,4.84179E+16
77343,9,2,79,137,2018,3,17,5,3,0,1,0,0,0,0,1,0,0,0,7.75802E+20,5.40475E+21,1.27512E+16,4.87346E+16
77344,9,1,80,117,2018,3,11,3,3,2,6,0,0,1,0,0,0,0,0,6.58712E+20,5.26421E+21,1.11079E+16,4.75119E+16
77345,9,6,73,182,2018,3,21,3,3,8,1,2,0,1,0,0,0,0,1,5.87333E+20,5.59591E+21,1.02317E+16,5.05087E+16
77346,9,7,74,144,2018,3,3,5,3,8,1,2,0,0,0,0,1,0,0,6.13182E+20,5.36227E+21,1.05293E+16,4.84034E+16
77347,9,1,87,132,2018,3,11,3,3,2,6,0,0,1,0,0,0,0,1,7.49122E+20,5.3E+21,1.23273E+16,4.78051E+16
77348,9,4,74,134,2018,3,14,7,2,5,3,0,0,1,0,1,0,0,0,6.47256E+20,5.50749E+21,1.10422E+16,4.97019E+16
77349,9,6,71,143,2018,3,12,2,3,3,2,0,0,1,0,0,0,0,1,5.11928E+20,5.54616E+21,9.16667E+15,5.00676E+16
77350,9,1,86,152,2018,3,12,7,3,2,6,0,0,1,0,0,0,0,0,6.91131E+20,5.37284E+21,1.15864E+16,4.84796E+16
77351,9,7,74,144,2018,3,14,4,3,2,1,0,0,1,0,0,1,0,0,6.14119E+20,5.36193E+21,1.05418E+16,4.84002E+16
77352,9,2,76,126,2018,3,16,5,3,5,3,0,0,1,0,0,0,0,0,8.07444E+20,5.42474E+21,1.31954E+16,4.88992E+16
77353,9,1,63,0,2018,3,18,3,3,5,3,2,0,1,0,0,0,0,0,7.33757E+20,5.30329E+21,1.21242E+16,4.78404E+16
77354,9,5,71,177,2018,3,12,6,3,2,6,0,0,1,0,0,0,0,0,6.23968E+20,5.45091E+21,1.07017E+16,4.91984E+16
77355,9,6,72,121,2018,3,13,1,3,4,2,0,0,1,0,0,0,0,0,5.68241E+20,5.55277E+21,9.95465E+15,5.01232E+16
77356,9,1,82,119,2018,3,8,3,3,0,7,0,0,1,0,0,0,1,0,7.12225E+20,5.29257E+21,1.18316E+16,4.77515E+16
77357,9,1,81,128,2018,3,17,4,3,2,6,0,0,1,0,0,0,0,0,6.38646E+20,5.32668E+21,1.08615E+16,4.80783E+16
77358,9,1,63,0,2018,3,13,6,3,0,1,0,0,0,0,1,0,0,0,7.32893E+20,5.30246E+21,1.21122E+16,4.78332E+16
77359,9,1,82,136,2018,3,12,3,3,1,6,0,0,1,0,0,0,0,1,7.03072E+20,5.29946E+21,1.17128E+16,4.78164E+16
77360,9,1,76,148,2018,3,11,1,3,0,6,0,1,1,0,0,0,0,0,6.47182E+20,5.41502E+21,1.10071E+16,4.88706E+16
77361,9,1,87,117,2018,3,16,3,3,6,4,0,0,1,1,0,0,0,0,7.25305E+20,5.30593E+21,1.20128E+16,4.78671E+16
77362,9,1,77,133,2018,3,16,3,2,4,6,0,0,1,0,0,0,0,0,7.08497E+20,5.3617E+21,1.18156E+16,4.83739E+16
77363,9,3,71,151,2018,3,12,7,3,4,2,0,0,1,0,0,0,0,0,6.97622E+20,5.48636E+21,1.17293E+16,4.94977E+16
77364,9,7,72,184,2018,3,10,4,3,4,6,0,1,1,0,0,0,0,0,6.35633E+20,5.36182E+21,1.08323E+16,4.8395E+16
77365,9,5,64,0,2018,3,15,3,3,0,7,0,0,0,1,0,0,1,0,6.48135E+20,5.47727E+21,1.1043E+16,4.943E+16
77366,9,7,61,0,2018,3,19,5,3,5,2,2,0,1,0,0,0,0,0,6.41425E+20,5.35272E+21,1.09074E+16,4.83118E+16
77367,9,1,76,120,2018,3,3,3,2,8,7,2,0,1,0,0,0,0,0,6.80814E+20,5.41834E+21,1.14668E+16,4.88916E+16
77368,9,4,71,145,2018,3,11,2,3,4,6,0,0,1,0,0,1,1,1,6.41292E+20,5.52006E+21,1.09641E+16,4.98163E+16
77369,9,7,74,148,2018,3,20,6,3,0,1,2,1,0,0,0,0,0,0,5.94959E+20,5.36271E+21,1.02832E+16,4.84104E+16
77370,9,1,62,0,2018,3,7,3,3,2,1,0,0,1,0,0,1,0,1,6.81766E+20,5.3419E+21,1.14464E+16,4.82043E+16
77371,9,3,63,0,2018,3,11,6,3,2,6,0,0,1,0,0,0,0,0,7.28792E+20,5.50752E+21,1.21715E+16,4.96767E+16
77372,9,3,75,209,2018,3,8,1,3,5,3,0,0,1,0,0,0,0,0,7.43887E+20,5.43452E+21,1.23357E+16,4.90153E+16
77373,9,1,62,0,2018,3,8,3,3,2,6,0,0,1,0,0,0,0,0,6.80427E+20,5.33966E+21,1.14275E+16,4.81845E+16
77374,9,7,75,135,2018,3,7,3,3,2,6,0,0,1,0,0,0,0,0,5.80535E+20,5.36264E+21,1.00883E+16,4.84117E+16
77375,9,1,81,130,2018,3,22,6,2,5,3,2,0,1,0,0,0,0,0,6.42258E+20,5.32457E+21,1.09093E+16,4.80585E+16
77376,9,4,74,135,2018,3,7,6,2,8,1,0,0,1,0,0,0,0,1,6.42533E+20,5.50787E+21,1.09769E+16,4.97065E+16
77377,9,5,72,126,2018,3,13,1,2,2,6,0,0,1,0,0,0,0,0,6.33952E+20,5.5064E+21,1.08574E+16,4.96952E+16
77378,9,1,81,141,2018,3,7,3,2,5,3,0,0,1,0,0,0,0,0,6.43078E+20,5.32149E+21,1.09192E+16,4.80307E+16
77379,9,1,84,118,2018,3,8,3,3,3,6,0,0,1,0,1,0,0,0,7.03481E+20,5.33563E+21,1.17354E+16,4.81414E+16
77380,9,1,87,122,2018,3,12,6,3,5,3,0,0,1,0,0,1,0,0,7.20752E+20,5.30517E+21,1.19516E+16,4.78619E+16
77381,9,1,74,115,2018,3,18,3,3,5,2,1,0,1,1,0,0,0,0,6.8103E+20,5.34749E+21,1.14389E+16,4.82547E+16
77382,9,1,84,135,2018,3,18,7,3,4,2,1,0,1,0,0,0,0,1,6.87871E+20,5.34746E+21,1.1531E+16,4.82525E+16
77383,9,1,62,0,2018,3,16,2,3,2,6,0,0,1,0,0,0,0,0,6.92794E+20,5.33904E+21,1.15934E+16,4.81754E+16
77384,9,7,75,135,2018,3,19,2,3,5,3,2,1,1,0,0,0,0,0,5.74534E+20,5.36115E+21,1.0007E+16,4.83991E+16