OBJECTID_1,ULAND,UREGBEZ,UKREIS,UGEMEINDE,UJAHR,UMONAT,USTUNDE,UWOCHENTAG,UKATEGORIE,UART,UTYP1,ULICHTVERH,IstRad,IstPKW,IstFuss,IstKrad,IstGkfz,IstSonstig,STRZUSTAND,LINREFX,LINREFY,XGCSWGS84,YGCSWGS84
77385,9,2,62,0,2018,3,17,7,3,2,6,0,0,1,0,0,0,0,0,8.26263E+20,5.38949E+21,1.34235E+16,4.85735E+16
77386,9,7,61,0,2018,3,6,4,3,5,2,2,1,1,0,0,0,0,1,6.4156E+20,5.35324E+21,1.09094E+16,4.83165E+16
77387,9,4,71,195,2018,3,23,3,3,9,7,2,0,1,0,0,0,0,1,6.40827E+20,5.52824E+21,1.09606E+16,4.98899E+16
77388,9,5,74,164,2018,3,9,5,3,2,6,0,0,1,0,0,0,0,0,6.64654E+20,5.47818E+21,1.1271E+16,4.9434E+16
77389,9,1,62,0,2018,3,15,2,3,3,6,0,0,1,0,0,1,0,0,6.94652E+20,5.33418E+21,1.16162E+16,4.81311E+16
77390,9,3,72,175,2018,3,17,2,3,2,2,0,0,1,0,0,0,0,1,7.66954E+20,5.46097E+21,1.2668E+16,4.92432E+16
77391,9,7,79,117,2018,3,16,6,3,2,2,0,0,1,0,0,0,0,1,6.18631E+20,5.4294E+21,1.06221E+16,4.90061E+16
77392,9,1,86,122,2018,3,13,5,2,5,3,0,1,1,0,0,0,0,0,6.91656E+20,5.39951E+21,1.16058E+16,4.87191E+16
77393,9,1,62,0,2018,3,10,2,3,5,3,0,0,1,0,0,0,0,0,6.87111E+20,5.33195E+21,1.15139E+16,4.81133E+16
77394,9,3,71,136,2018,3,17,6,3,2,6,0,0,1,0,0,0,0,0,7.09074E+20,5.4778E+21,1.18828E+16,4.94169E+16
77395,9,7,74,155,2018,3,12,2,3,8,7,0,0,1,0,0,1,0,0,5.88476E+20,5.36753E+21,1.01966E+16,4.84547E+16
77396,9,2,78,190,2018,3,18,1,2,1,2,1,0,1,0,0,0,0,0,7.6576E+20,5.42836E+21,1.26302E+16,4.8951E+16
77397,9,7,75,135,2018,3,23,2,3,9,7,2,0,1,0,0,0,0,1,5.73524E+20,5.35777E+21,9.99274E+15,4.83688E+16
77398,9,2,74,119,2018,3,11,3,3,8,1,0,0,1,0,0,0,0,0,7.41106E+20,5.39956E+21,1.22771E+16,4.87025E+16
77399,9,6,79,206,2018,3,20,4,3,5,3,2,0,1,0,0,0,1,0,5.73166E+20,5.50665E+21,1.00148E+16,4.97079E+16
77400,9,7,80,127,2018,3,7,3,3,9,1,0,0,1,0,0,0,0,2,5.87261E+20,5.27149E+21,1.01607E+16,4.75909E+16
77401,9,1,84,118,2018,3,20,6,2,0,7,2,0,1,0,0,0,1,0,7.04357E+20,5.33584E+21,1.17473E+16,4.8143E+16
77402,9,7,74,144,2018,3,13,2,3,7,6,0,0,1,0,0,1,0,0,6.11312E+20,5.36284E+21,1.05042E+16,4.84089E+16
77403,9,6,71,136,2018,3,19,7,2,0,6,2,0,1,0,0,1,0,0,5.05292E+20,5.5377E+21,9.07383E+15,4.99916E+16
77404,9,6,79,182,2018,3,6,2,3,8,6,0,0,1,0,0,0,0,1,5.70008E+20,5.48517E+21,9.96717E+15,4.95151E+16
77405,9,1,86,152,2018,3,9,7,3,2,6,0,0,1,0,0,0,0,0,6.91031E+20,5.38124E+21,1.15889E+16,4.85551E+16
77406,9,6,74,221,2018,3,18,4,2,9,1,1,0,1,0,0,0,0,0,6.16901E+20,5.5426E+21,1.0632E+16,5.00242E+16
77407,9,4,71,145,2018,3,10,5,2,2,6,0,0,1,0,0,0,0,1,6.41987E+20,5.5187E+21,1.09733E+16,4.98039E+16
77408,9,7,78,187,2018,3,15,2,3,2,6,0,0,1,0,0,0,0,0,6.06514E+20,5.33245E+21,1.04317E+16,4.81364E+16
77409,9,7,64,0,2018,3,7,2,2,0,7,0,1,0,0,0,0,0,1,5.88296E+20,5.31214E+21,1.01827E+16,4.79565E+16
77410,9,7,61,0,2018,3,13,7,3,2,6,0,0,1,0,0,0,0,1,6.402E+20,5.36056E+21,1.08936E+16,4.83826E+16
77411,9,7,80,124,2018,3,12,2,3,5,3,0,0,1,0,0,0,0,1,5.94369E+20,5.27286E+21,1.02555E+16,4.76023E+16
77412,9,2,73,137,2018,3,18,7,3,5,3,2,0,1,0,0,0,0,1,7.07393E+20,5.41914E+21,1.18294E+16,4.88905E+16
77413,9,3,73,147,2018,3,9,3,3,5,3,0,1,1,0,0,0,0,1,6.7976E+20,5.46251E+21,1.14721E+16,4.92888E+16
77414,9,5,76,143,2018,3,7,5,3,2,6,0,0,1,0,0,0,0,0,6.53368E+20,5.47292E+21,1.11134E+16,4.93897E+16
77415,9,7,63,0,2018,3,17,2,3,4,6,0,0,1,0,0,0,0,0,5.97599E+20,5.2889E+21,1.0302E+16,4.77461E+16
77416,9,2,78,143,2018,3,14,2,2,8,1,0,0,1,0,0,1,0,1,7.71334E+20,5.44076E+21,1.27145E+16,4.90599E+16
77417,9,5,76,113,2018,3,13,6,3,2,6,0,0,1,0,0,0,0,0,6.61409E+20,5.45695E+21,1.12177E+16,4.9244E+16
77418,9,1,74,135,2018,3,6,2,3,2,6,1,0,1,0,0,0,0,1,6.60576E+20,5.35527E+21,1.11665E+16,4.83302E+16
77419,9,7,63,0,2018,3,17,2,3,2,6,0,0,1,0,0,0,0,0,5.97814E+20,5.28681E+21,1.03044E+16,4.77272E+16
77420,9,2,78,192,2018,3,18,6,3,4,6,2,0,1,0,0,0,0,1,7.7155E+20,5.4188E+21,1.27028E+16,4.88626E+16
77421,9,7,62,0,2018,3,10,2,2,5,2,0,0,1,0,0,0,0,0,6.22175E+20,5.30472E+21,1.06342E+16,4.78841E+16
77422,9,2,74,113,2018,3,8,1,3,4,2,0,0,1,0,0,0,0,0,7.28395E+20,5.38393E+21,1.2096E+16,4.85668E+16
77423,9,7,62,0,2018,3,8,2,3,2,6,0,0,1,0,0,0,1,0,6.2162E+20,5.3037E+21,1.06265E+16,4.78751E+16
77424,9,1,89,120,2018,3,10,3,2,0,1,0,1,0,0,0,0,0,0,7.5855E+20,5.29749E+21,1.24515E+16,4.77789E+16
77425,9,6,63,0,2018,3,15,3,2,6,2,0,0,0,1,0,0,1,1,5.68011E+20,5.5126E+21,9.94434E+15,4.9762E+16
77426,9,1,62,0,2018,3,7,5,3,2,6,0,0,1,0,0,1,0,0,7.01417E+20,5.33593E+21,1.17078E+16,4.81447E+16
77427,9,7,79,149,2018,3,19,2,3,5,3,1,0,1,0,0,0,1,0,6.38495E+20,5.39521E+21,1.08821E+16,4.86946E+16
77428,9,5,75,168,2018,3,17,7,3,5,3,2,0,1,0,0,0,0,1,5.92068E+20,5.48641E+21,1.02721E+16,4.95233E+16
77429,9,6,78,193,2018,3,4,2,3,8,7,2,0,1,0,0,0,0,1,5.77438E+20,5.53289E+21,1.00793E+16,4.99434E+16
77430,9,1,79,126,2018,3,10,7,2,0,7,0,0,0,0,0,0,1,0,6.76472E+20,5.3403E+21,1.13746E+16,4.81914E+16
77431,9,3,76,147,2018,3,10,5,3,5,3,0,0,1,0,0,0,0,0,7.46153E+20,5.47188E+21,1.23895E+16,4.93499E+16
77432,9,7,71,130,2018,3,6,2,3,5,3,1,1,1,0,0,0,0,1,6.48685E+20,5.3569E+21,1.10068E+16,4.83478E+16
77433,9,5,71,224,2018,3,11,6,2,4,2,0,0,1,0,0,0,0,0,5.99383E+20,5.43308E+21,1.03599E+16,4.90426E+16
77434,9,7,72,223,2018,3,16,1,3,5,3,0,0,1,0,0,0,0,0,6.19121E+20,5.36197E+21,1.06094E+16,4.83996E+16
77435,9,7,71,112,2018,3,17,2,3,4,2,1,0,1,0,0,0,0,1,6.42685E+20,5.36678E+21,1.09292E+16,4.8438E+16
77436,9,1,84,120,2018,3,15,4,2,8,1,0,0,1,0,0,0,0,0,6.81203E+20,5.33329E+21,1.14352E+16,4.81271E+16
77437,9,1,80,119,2018,3,20,6,2,5,3,2,0,1,0,0,0,0,0,6.71463E+20,5.28242E+21,1.12842E+16,4.76724E+16
77438,9,6,79,131,2018,3,15,2,2,8,7,0,0,1,0,0,0,0,0,5.79912E+20,5.50579E+21,1.01082E+16,4.96993E+16
77439,9,1,85,158,2018,3,16,1,3,2,6,0,0,1,0,0,0,0,0,6.68953E+20,5.38159E+21,1.12901E+16,4.85646E+16
77440,9,1,89,134,2018,3,16,2,3,4,1,0,0,0,0,0,1,1,0,7.71156E+20,5.32181E+21,1.26347E+16,4.7992E+16
77441,9,5,74,138,2018,3,15,6,3,2,6,0,0,1,0,0,0,0,1,6.64652E+20,5.48589E+21,1.12742E+16,4.95033E+16
77442,9,1,84,134,2018,3,16,1,3,5,7,0,0,1,0,0,0,0,0,6.94265E+20,5.32334E+21,1.1606E+16,4.80338E+16
77443,9,6,63,0,2018,3,9,2,2,2,6,0,0,1,0,0,0,0,0,5.71384E+20,5.51636E+21,9.99186E+15,4.97954E+16
77444,9,1,80,133,2018,3,16,4,3,2,6,0,0,1,0,0,0,0,0,6.65059E+20,5.28775E+21,1.1201E+16,4.7722E+16
77445,9,2,77,111,2018,3,20,6,3,8,6,2,0,1,0,0,0,0,1,7.82307E+20,5.38548E+21,1.28264E+16,4.85588E+16
77446,9,6,75,174,2018,3,17,2,3,2,6,0,0,1,0,0,0,0,0,5.877E+20,5.52431E+21,1.02203E+16,4.98648E+16
77447,9,1,89,145,2018,3,23,1,3,8,1,2,0,1,0,0,0,0,0,7.78058E+20,5.30401E+21,1.27156E+16,4.78293E+16
77448,9,6,76,144,2018,3,20,2,1,3,6,2,0,1,0,0,0,0,0,5.08367E+20,5.52896E+21,9.11654E+15,4.99129E+16
77449,9,1,85,149,2018,3,17,3,3,9,2,0,0,1,0,0,0,0,0,6.61088E+20,5.40189E+21,1.11915E+16,4.87492E+16
77450,9,6,73,146,2018,3,5,3,3,2,6,2,1,0,0,0,0,1,0,5.84916E+20,5.57325E+21,1.01925E+16,5.03052E+16
77451,9,7,75,135,2018,3,5,5,3,2,6,2,0,1,0,0,0,0,0,5.76726E+20,5.3598E+21,1.00363E+16,4.83867E+16
77452,9,6,71,155,2018,3,14,2,3,8,1,0,0,1,0,0,0,0,0,5.03844E+20,5.53373E+21,9.05359E+15,4.99559E+16
77453,9,3,63,0,2018,3,0,7,3,1,5,2,0,1,0,0,0,1,1,7.26765E+20,5.50482E+21,1.21419E+16,4.96532E+16
77454,9,5,65,0,2018,3,11,2,3,5,2,0,0,1,0,0,0,0,0,6.4709E+20,5.466E+21,1.10244E+16,4.9329E+16
77455,9,1,75,122,2018,3,12,7,3,5,3,0,1,1,0,0,0,0,0,7.21094E+20,5.32591E+21,1.19668E+16,4.80482E+16
77456,9,2,78,154,2018,3,5,5,3,8,1,2,0,1,0,0,0,0,1,7.75841E+20,5.431E+21,1.27694E+16,4.89703E+16
77457,9,5,74,123,2018,3,16,2,2,4,2,0,0,1,0,0,0,1,0,6.60098E+20,5.47652E+21,1.12076E+16,4.94203E+16
77458,9,4,73,120,2018,3,23,6,2,9,1,2,0,1,0,0,0,0,1,6.42698E+20,5.57338E+21,1.10035E+16,5.02953E+16
77459,9,6,76,144,2018,3,18,1,2,8,7,2,0,1,0,0,0,0,1,5.08711E+20,5.52829E+21,9.12132E+15,4.99069E+16
77460,9,5,64,0,2018,3,9,2,3,5,2,0,1,0,0,0,1,0,0,6.52004E+20,5.47751E+21,1.10964E+16,4.94312E+16
77461,9,1,74,131,2018,3,12,4,3,8,1,0,0,1,0,0,0,0,0,6.78682E+20,5.35846E+21,1.1412E+16,4.8354E+16
77462,9,1,87,126,2018,3,7,6,3,5,3,0,0,1,0,0,0,0,0,7.41044E+20,5.32574E+21,1.2234E+16,4.80394E+16
77463,9,5,64,0,2018,3,16,2,3,2,6,0,0,1,0,0,0,0,0,6.52336E+20,5.47034E+21,1.10982E+16,4.93667E+16
77464,9,1,81,127,2018,3,12,1,1,0,1,0,0,0,0,1,0,0,0,6.34969E+20,5.32295E+21,1.0811E+16,4.80456E+16
77465,9,5,64,0,2018,3,19,2,3,2,6,2,0,1,0,0,0,0,0,6.55154E+20,5.48112E+21,1.11412E+16,4.94629E+16
77466,9,1,84,136,2018,3,19,2,2,6,4,2,0,1,1,0,0,0,0,6.99309E+20,5.32741E+21,1.16755E+16,4.80688E+16
77467,9,2,71,141,2018,3,9,7,3,9,1,0,0,0,0,1,0,0,0,7.97667E+20,5.40352E+21,1.3047E+16,4.87136E+16
77468,9,5,75,115,2018,3,17,3,3,5,3,0,0,1,0,0,0,0,1,5.95998E+20,5.47838E+21,1.03245E+16,4.94504E+16
77469,9,1,80,117,2018,3,21,5,3,2,5,2,0,1,0,0,0,0,0,6.56317E+20,5.26169E+21,1.10752E+16,4.74898E+16
77470,9,6,75,142,2018,3,10,5,2,2,6,0,0,1,0,0,1,0,0,5.91103E+20,5.51516E+21,1.02655E+16,4.9782E+16
77471,9,5,61,0,2018,3,14,2,3,2,6,0,0,1,0,0,0,0,0,6.14719E+20,5.46114E+21,1.05777E+16,4.92922E+16
77472,9,4,71,195,2018,3,13,2,3,2,6,1,0,1,0,1,0,0,1,6.40569E+20,5.52444E+21,1.09556E+16,4.98559E+16
77473,9,7,76,131,2018,3,17,6,2,2,6,0,0,1,0,1,0,0,0,5.6414E+20,5.27862E+21,9.85421E+15,4.76578E+16
77474,9,4,79,136,2018,3,14,2,3,2,6,0,0,1,0,0,0,0,0,7.20722E+20,5.54315E+21,1.20801E+16,4.99997E+16
77475,9,1,74,122,2018,3,7,3,3,5,3,0,1,1,0,0,0,0,0,6.83251E+20,5.35139E+21,1.14705E+16,4.82891E+16
77476,9,5,76,128,2018,3,5,3,3,8,1,1,0,0,0,0,1,0,1,6.44397E+20,5.46291E+21,1.09863E+16,4.93019E+16
77477,9,7,72,147,2018,3,8,5,3,2,6,0,0,1,0,0,1,0,0,6.38988E+20,5.36408E+21,1.08784E+16,4.84145E+16
77478,9,4,64,0,2018,3,7,2,2,6,2,0,0,1,1,0,0,0,0,7.07565E+20,5.5776E+21,1.19155E+16,5.0314E+16
77479,9,4,78,165,2018,3,7,2,2,0,1,0,0,0,0,1,0,0,1,6.43835E+20,5.55264E+21,1.10116E+16,5.01086E+16
77480,9,7,75,135,2018,3,9,6,1,3,6,0,0,1,0,0,1,0,0,5.73962E+20,5.3592E+21,9.9989E+15,4.83816E+16
77481,9,4,73,121,2018,3,12,2,3,9,1,0,0,1,0,0,0,0,0,6.45767E+20,5.56772E+21,1.10444E+16,5.02436E+16
77482,9,4,74,143,2018,3,5,6,3,8,7,2,0,0,0,0,1,0,1,6.56144E+20,5.51023E+21,1.11665E+16,4.97243E+16
77483,9,5,73,114,2018,3,13,1,2,4,6,0,0,1,0,1,0,0,0,6.32646E+20,5.4785E+21,1.08299E+16,4.94447E+16
77484,9,4,76,145,2018,3,6,2,3,9,7,0,0,1,0,0,0,0,1,6.65395E+20,5.5676E+21,1.13194E+16,5.02374E+16
77485,9,1,84,139,2018,3,10,3,3,5,2,0,0,1,0,0,0,0,0,6.86716E+20,5.32451E+21,1.15054E+16,4.80465E+16
77486,9,1,86,147,2018,3,12,6,3,2,6,0,0,1,0,0,0,0,0,6.85762E+20,5.39017E+21,1.15216E+16,4.8637E+16
77487,9,4,72,175,2018,3,14,2,2,8,1,0,0,1,0,0,0,0,0,6.8313E+20,5.51485E+21,1.15427E+16,4.97582E+16
77488,9,7,74,185,2018,3,19,7,3,5,3,2,0,1,0,0,0,0,1,6.07963E+20,5.34938E+21,1.04555E+16,4.82884E+16
77489,9,7,76,130,2018,3,12,2,3,0,1,0,0,0,1,0,1,0,1,5.55208E+20,5.27138E+21,9.73435E+15,4.75935E+16
77490,9,2,74,120,2018,3,15,7,2,0,1,0,1,0,0,0,0,0,0,7.52523E+20,5.36403E+21,1.24105E+16,4.83788E+16
77491,9,3,74,129,2018,3,14,3,3,9,1,0,0,1,0,0,0,0,1,6.90554E+20,5.52003E+21,1.16482E+16,4.98024E+16
77492,9,5,72,131,2018,3,19,5,3,2,7,2,0,1,0,0,0,0,0,6.54817E+20,5.48684E+21,1.11388E+16,4.95144E+16
77493,9,4,72,199,2018,3,21,2,3,8,7,2,0,1,0,0,0,0,0,6.91467E+20,5.53897E+21,1.16703E+16,4.99723E+16
77494,9,3,76,141,2018,3,9,2,2,8,1,0,0,1,0,0,0,0,1,7.25983E+20,5.45017E+21,1.21E+16,4.91627E+16
77495,9,7,61,0,2018,3,14,6,3,5,3,0,0,1,0,0,0,0,0,6.4031E+20,5.36047E+21,1.0895E+16,4.83818E+16
77496,9,1,85,127,2018,3,18,2,2,9,1,1,0,1,0,0,0,0,1,6.57068E+20,5.39293E+21,1.11334E+16,4.86697E+16
77497,9,1,76,116,2018,3,10,5,2,9,7,0,0,1,0,0,0,0,0,6.73645E+20,5.41458E+21,1.13675E+16,4.88598E+16
77498,9,4,74,133,2018,3,11,2,3,4,2,0,0,1,0,0,0,0,0,6.45356E+20,5.51492E+21,1.10186E+16,4.97692E+16
77499,9,3,75,210,2018,3,15,6,2,2,6,0,0,1,0,0,0,1,0,7.53449E+20,5.43119E+21,1.24642E+16,4.89815E+16
77500,9,2,72,151,2018,3,15,1,3,9,1,0,0,1,0,0,0,0,0,8.36403E+20,5.41122E+21,1.35782E+16,4.87629E+16
77501,9,1,90,152,2018,3,17,2,2,8,1,1,0,1,0,0,0,0,2,6.71835E+20,5.29706E+21,1.12949E+16,4.78039E+16
77502,9,2,76,127,2018,3,7,5,3,5,3,0,0,1,0,0,0,0,0,8.12166E+20,5.42612E+21,1.32607E+16,4.89092E+16
77503,9,6,72,114,2018,3,10,3,3,2,6,0,0,1,0,0,0,1,2,5.76902E+20,5.56013E+21,1.00773E+16,5.01883E+16
77504,9,6,78,115,2018,3,19,7,3,8,1,2,0,1,0,0,0,0,0,5.83557E+20,5.54156E+21,1.01664E+16,5.00205E+16
77505,9,5,65,0,2018,3,7,6,3,6,4,1,0,1,1,0,0,0,0,6.46518E+20,5.46529E+21,1.10163E+16,4.93227E+16
77506,9,5,72,126,2018,3,13,6,2,2,6,0,0,1,0,0,0,0,1,6.33972E+20,5.50634E+21,1.08577E+16,4.96947E+16
77507,9,1,75,116,2018,3,17,2,3,8,6,0,0,1,0,0,1,0,2,7.10341E+20,5.3203E+21,1.18199E+16,4.80014E+16
77508,9,5,64,0,2018,3,6,6,3,9,6,0,0,1,0,0,0,0,0,6.5192E+20,5.47344E+21,1.10937E+16,4.93947E+16
77509,9,1,87,162,2018,3,6,3,3,6,1,0,0,1,1,0,0,0,2,7.5086E+20,5.30319E+21,1.23523E+16,4.7833E+16
77510,9,1,83,131,2018,3,22,6,3,3,7,2,0,1,0,0,0,0,0,7.62587E+20,5.35805E+21,1.25424E+16,4.83211E+16
77511,9,5,72,133,2018,3,15,6,3,5,3,0,0,1,0,0,0,0,0,6.37465E+20,5.49937E+21,1.09036E+16,4.96312E+16
77512,9,4,71,123,2018,3,9,4,2,2,6,0,0,1,0,0,0,0,0,6.45701E+20,5.51788E+21,1.10245E+16,4.97957E+16
77513,9,5,75,127,2018,3,15,1,3,2,6,0,0,1,0,0,0,0,0,5.84712E+20,5.4925E+21,1.01718E+16,4.95792E+16
77514,9,5,65,0,2018,3,21,6,3,2,6,2,0,1,0,0,0,0,0,6.47718E+20,5.46564E+21,1.10329E+16,4.93256E+16
77515,9,4,75,169,2018,3,10,2,3,5,3,0,0,1,0,0,0,0,1,6.87678E+20,5.57352E+21,1.16345E+16,5.0284E+16
77516,9,6,79,176,2018,3,17,5,3,2,6,1,0,1,0,0,0,1,0,5.67807E+20,5.50503E+21,9.94019E+15,4.9694E+16
77517,9,1,81,145,2018,3,6,4,3,9,1,1,0,1,0,0,0,0,2,6.49277E+20,5.32916E+21,1.1005E+16,4.80982E+16
77518,9,1,87,182,2018,3,9,1,3,6,4,0,0,1,1,0,0,0,0,7.38278E+20,5.32813E+21,1.21983E+16,4.80619E+16
77519,9,5,76,128,2018,3,23,6,3,9,1,2,0,1,0,0,0,0,0,6.45427E+20,5.46399E+21,1.10008E+16,4.93113E+16
77520,9,5,76,113,2018,3,13,6,3,4,2,0,0,1,0,0,0,0,0,6.62402E+20,5.45822E+21,1.12319E+16,4.92551E+16
77521,9,1,89,150,2018,3,16,2,2,8,1,0,0,1,0,0,0,0,2,7.77058E+20,5.32035E+21,1.27127E+16,4.79764E+16
77522,9,1,89,152,2018,3,7,5,3,2,6,0,0,1,0,0,0,0,0,7.79044E+20,5.3312E+21,1.27463E+16,4.8073E+16
77523,9,5,71,217,2018,3,10,3,3,8,2,0,0,1,0,0,0,0,0,6.19256E+20,5.46561E+21,1.06414E+16,4.93316E+16
77524,9,3,76,116,2018,3,23,7,3,8,1,2,0,1,0,0,0,0,2,7.37327E+20,5.46402E+21,1.22635E+16,4.92828E+16
77525,9,4,77,157,2018,3,19,6,3,8,1,2,0,1,0,0,0,0,1,6.70116E+20,5.54447E+21,1.13752E+16,5.00283E+16
77526,9,5,74,123,2018,3,0,6,3,5,3,2,0,1,0,0,0,0,0,6.61755E+20,5.47069E+21,1.1228E+16,4.93674E+16
77527,9,7,72,160,2018,3,5,1,3,8,1,2,0,1,0,0,0,0,2,6.35662E+20,5.34202E+21,1.08263E+16,4.82169E+16
77528,9,5,63,0,2018,3,19,6,3,3,6,2,0,1,0,0,0,0,1,6.44366E+20,5.48201E+21,1.09928E+16,4.94735E+16
77529,9,1,84,142,2018,3,17,2,3,2,6,0,0,1,0,0,0,0,2,6.83347E+20,5.31696E+21,1.1457E+16,4.79797E+16
77530,9,1,88,141,2018,3,7,6,3,4,6,0,0,1,0,0,0,0,2,6.67212E+20,5.30997E+21,1.12382E+16,4.79213E+16
77531,9,5,64,0,2018,3,6,6,3,2,6,0,0,1,0,0,0,1,1,6.53487E+20,5.47305E+21,1.11151E+16,4.93907E+16
77532,9,2,62,0,2018,3,13,4,2,2,2,0,0,1,0,0,0,0,0,8.30166E+20,5.39171E+21,1.34781E+16,4.85913E+16
77533,9,4,72,131,2018,3,6,1,3,8,1,1,0,1,0,0,0,0,2,6.80268E+20,5.53433E+21,1.15121E+16,4.99341E+16
77534,9,5,64,0,2018,3,0,6,3,8,6,2,0,1,0,0,0,0,1,6.52626E+20,5.4717E+21,1.11028E+16,4.93789E+16
77535,9,5,71,145,2018,3,10,6,2,3,6,0,0,1,0,0,0,0,1,5.93698E+20,5.45359E+21,1.02869E+16,4.92279E+16
77536,9,1,88,144,2018,3,7,3,2,4,1,0,0,1,0,0,0,1,2,6.70261E+20,5.32696E+21,1.12857E+16,4.80731E+16
77537,9,1,82,123,2018,3,18,6,3,2,6,1,0,1,0,0,0,0,0,7.155E+20,5.30194E+21,1.18798E+16,4.78346E+16
77538,9,5,71,175,2018,3,14,6,3,9,1,0,0,0,0,0,0,1,0,6.24279E+20,5.45911E+21,1.07085E+16,4.92721E+16
77539,9,3,76,141,2018,3,19,4,2,8,1,2,0,1,0,0,0,0,0,7.2579E+20,5.45323E+21,1.2099E+16,4.91902E+16
77540,9,4,79,166,2018,3,12,1,3,8,1,0,0,1,0,0,0,0,2,7.02545E+20,5.55318E+21,1.18321E+16,5.00963E+16
77541,9,5,71,193,2018,3,13,6,3,1,6,0,0,1,0,0,0,0,0,5.87635E+20,5.47002E+21,1.02073E+16,4.93766E+16
77542,9,1,75,132,2018,3,20,7,3,9,1,2,0,1,0,0,1,0,1,7.09611E+20,5.33735E+21,1.18185E+16,4.81548E+16
77543,9,3,63,0,2018,3,10,2,3,4,6,0,0,1,0,0,0,0,0,7.23562E+20,5.50873E+21,1.20998E+16,4.96896E+16
77544,9,2,61,0,2018,3,18,4,3,4,2,2,0,1,0,0,0,0,0,7.32796E+20,5.38306E+21,1.21551E+16,4.85573E+16
77545,9,5,72,131,2018,3,4,5,2,2,6,2,0,1,0,0,1,0,0,6.56175E+20,5.48411E+21,1.11565E+16,4.94895E+16
77546,9,1,75,123,2018,3,13,4,3,5,2,0,0,1,0,0,1,0,0,7.25596E+20,5.33632E+21,1.20326E+16,4.81401E+16
77547,9,1,62,0,2018,3,8,1,3,2,6,0,0,1,0,0,0,0,2,6.84693E+20,5.34252E+21,1.14861E+16,4.82091E+16
77548,9,5,71,218,2018,3,6,6,3,0,3,0,0,1,0,1,0,0,1,6.06214E+20,5.43266E+21,1.04533E+16,4.90377E+16
77549,9,4,72,175,2018,3,13,6,2,4,6,0,0,1,0,0,0,0,1,6.76763E+20,5.51065E+21,1.14525E+16,4.97224E+16
77550,9,1,87,134,2018,3,17,2,3,9,1,1,0,1,0,0,0,0,2,7.38994E+20,5.31957E+21,1.22031E+16,4.79847E+16
77551,9,1,81,113,2018,3,7,5,3,5,3,0,0,1,0,0,0,0,1,6.38573E+20,5.30857E+21,1.08547E+16,4.79155E+16
77552,9,4,74,129,2018,3,18,3,3,9,1,2,0,1,0,0,0,0,2,6.67235E+20,5.51037E+21,1.13203E+16,4.97226E+16
77553,9,1,89,111,2018,3,12,7,3,2,6,0,0,1,0,0,0,0,0,7.63529E+20,5.3229E+21,1.25334E+16,4.8005E+16
77554,9,7,64,0,2018,3,7,4,3,5,3,0,0,1,0,0,0,0,1,5.89419E+20,5.31504E+21,1.01983E+16,4.79824E+16
77555,9,4,71,145,2018,3,14,6,3,2,6,0,0,1,0,0,0,1,0,6.44226E+20,5.5221E+21,1.10056E+16,4.9834E+16
77556,9,4,77,124,2018,3,9,6,2,4,2,0,0,1,0,0,1,0,1,6.68596E+20,5.54516E+21,1.13543E+16,5.00348E+16
77557,9,6,71,150,2018,3,9,4,3,5,3,0,0,1,0,0,0,0,0,5.19244E+20,5.54166E+21,9.26867E+15,5.0027E+16
77558,9,6,74,164,2018,3,8,1,3,4,6,0,0,1,0,0,0,0,2,6.13767E+20,5.54695E+21,1.05896E+16,5.0064E+16
77559,9,4,62,0,2018,3,23,6,2,6,2,2,0,1,1,0,0,0,1,6.84922E+20,5.53594E+21,1.15776E+16,4.99471E+16
77560,9,7,62,0,2018,3,16,2,2,4,6,0,0,1,0,0,1,0,1,6.23801E+20,5.30261E+21,1.06553E+16,4.78649E+16
77561,9,1,78,143,2018,3,14,6,3,2,6,0,0,1,0,0,1,0,0,7.20874E+20,5.37361E+21,1.19888E+16,4.84768E+16
77562,9,4,71,159,2018,3,12,6,3,2,6,0,0,1,0,0,0,1,0,6.41445E+20,5.53495E+21,1.09717E+16,4.99502E+16
77563,9,2,74,179,2018,3,5,4,2,8,1,1,0,0,0,0,0,1,1,7.56225E+20,5.37428E+21,1.24667E+16,4.84694E+16
77564,9,3,76,141,2018,3,6,1,3,8,1,0,0,1,0,0,0,0,2,7.27994E+20,5.45568E+21,1.21306E+16,4.92115E+16
77565,9,4,71,159,2018,3,12,6,3,2,1,0,0,1,0,0,1,0,1,6.41445E+20,5.53495E+21,1.09717E+16,4.99502E+16
77566,9,2,73,125,2018,3,10,2,3,8,1,0,0,1,0,0,1,0,0,7.1949E+20,5.41383E+21,1.19914E+16,4.88386E+16
77567,9,4,73,121,2018,3,18,5,2,2,6,2,0,1,0,0,1,0,1,6.48673E+20,5.56441E+21,1.10838E+16,5.02132E+16
77568,9,7,80,146,2018,3,7,3,3,8,1,0,0,1,0,0,0,1,2,5.91942E+20,5.28562E+21,1.02259E+16,4.77174E+16
77569,9,1,84,135,2018,3,13,7,3,5,3,0,1,1,0,0,0,0,0,6.85915E+20,5.34755E+21,1.15047E+16,4.82539E+16
77570,9,4,61,0,2018,3,19,6,2,6,4,2,0,1,1,0,0,0,1,6.37152E+20,5.53045E+21,1.09103E+16,4.99107E+16
77571,9,1,61,0,2018,3,8,2,3,0,1,0,1,0,0,0,0,0,2,6.78961E+20,5.40485E+21,1.14357E+16,4.87709E+16
77572,9,1,88,139,2018,3,14,3,3,2,6,0,0,1,0,0,0,1,0,6.76313E+20,5.31912E+21,1.13637E+16,4.8001E+16