OBJECTID_1,ULAND,UREGBEZ,UKREIS,UGEMEINDE,UJAHR,UMONAT,USTUNDE,UWOCHENTAG,UKATEGORIE,UART,UTYP1,ULICHTVERH,IstRad,IstPKW,IstFuss,IstKrad,IstGkfz,IstSonstig,STRZUSTAND,LINREFX,LINREFY,XGCSWGS84,YGCSWGS84
77573,9,2,63,0,2018,3,19,2,3,5,3,2,1,1,0,0,0,0,0,7.62507E+20,5.42011E+21,1.25806E+16,4.88783E+16
77574,9,5,74,155,2018,3,15,5,2,8,1,0,0,1,0,0,0,0,1,6.70121E+20,5.49478E+21,1.13535E+16,4.95817E+16
77575,9,1,62,0,2018,3,19,3,3,2,6,2,0,1,0,0,0,0,0,6.94996E+20,5.33306E+21,1.16203E+16,4.81209E+16
77576,9,1,86,152,2018,3,12,1,3,2,6,0,0,1,0,0,0,0,1,6.91666E+20,5.37479E+21,1.15945E+16,4.84969E+16
77577,9,3,74,147,2018,3,19,6,3,5,3,2,0,1,0,0,0,0,1,7.45456E+20,5.50476E+21,1.24003E+16,4.96454E+16
77578,9,1,82,131,2018,3,16,2,3,4,1,0,0,1,0,0,0,0,2,7.1673E+20,5.28469E+21,1.18877E+16,4.76793E+16
77579,9,1,78,120,2018,3,9,5,3,0,1,0,0,1,0,0,0,0,0,6.95196E+20,5.35307E+21,1.16322E+16,4.83007E+16
77580,9,3,71,127,2018,3,18,3,3,2,6,2,0,1,0,0,0,0,2,7.09988E+20,5.48864E+21,1.19011E+16,4.9514E+16
77581,9,7,79,194,2018,3,16,4,2,5,3,0,0,1,0,1,0,0,0,6.12896E+20,5.41434E+21,1.05396E+16,4.88718E+16
77582,9,4,71,142,2018,3,9,6,3,8,1,0,0,0,0,0,0,1,1,6.55709E+20,5.52766E+21,1.11674E+16,4.98811E+16
77583,9,3,75,210,2018,3,7,6,3,5,3,0,0,1,0,0,0,0,0,7.49343E+20,5.43258E+21,1.2409E+16,4.89957E+16
77584,9,5,76,121,2018,3,19,4,3,4,6,2,0,1,0,0,0,0,1,6.50166E+20,5.4483E+21,1.10601E+16,4.91691E+16
77585,9,6,76,132,2018,3,13,1,3,8,6,0,0,1,0,0,0,1,0,5.14755E+20,5.50723E+21,9.20468E+15,4.97174E+16
77586,9,3,62,0,2018,3,18,6,2,0,2,2,1,1,0,0,0,0,0,7.27538E+20,5.43193E+21,1.2111E+16,4.89983E+16
77587,9,7,61,0,2018,3,18,2,3,2,6,1,0,1,0,0,0,0,0,6.40861E+20,5.36047E+21,1.09024E+16,4.83817E+16
77588,9,1,62,0,2018,3,15,5,3,2,6,0,0,1,0,0,0,0,0,6.90495E+20,5.33197E+21,1.15594E+16,4.81125E+16
77589,9,1,73,118,2018,3,7,4,3,4,1,0,0,1,0,0,0,1,2,6.93446E+20,5.30731E+21,1.15879E+16,4.789E+16
77590,9,2,75,159,2018,3,21,1,2,8,1,2,0,1,0,0,1,0,0,8.16343E+20,5.3962E+21,1.32946E+16,4.86387E+16
77591,9,3,62,0,2018,3,16,6,3,0,1,0,1,0,0,0,0,0,0,7.26665E+20,5.43723E+21,1.2102E+16,4.90462E+16
77592,9,1,73,137,2018,3,18,2,3,4,1,2,0,1,0,0,0,0,2,6.78875E+20,5.3066E+21,1.13928E+16,4.78878E+16
77593,9,3,75,183,2018,3,15,5,3,5,2,0,0,1,0,0,0,0,0,7.41427E+20,5.4299E+21,1.22994E+16,4.89748E+16
77594,9,6,79,187,2018,3,12,3,3,0,6,0,0,1,0,1,0,0,0,5.7427E+20,5.50676E+21,1.00301E+16,4.97088E+16
77595,9,7,72,131,2018,3,7,7,3,9,1,0,0,0,0,0,0,1,0,6.23131E+20,5.35803E+21,1.06624E+16,4.83634E+16
77596,9,6,62,0,2018,3,4,6,3,0,3,2,1,1,0,0,0,0,1,5.87381E+20,5.54334E+21,1.02202E+16,5.00359E+16
77597,9,3,62,0,2018,3,7,6,3,2,6,0,0,1,0,0,0,1,1,7.2762E+20,5.43534E+21,1.2114E+16,4.90289E+16
77598,9,1,81,141,2018,3,20,2,3,9,1,2,0,1,0,0,0,0,2,6.4346E+20,5.32136E+21,1.09243E+16,4.80294E+16
77599,9,1,89,162,2018,3,7,3,2,5,1,0,0,1,0,0,0,0,2,7.79904E+20,5.31522E+21,1.27474E+16,4.79291E+16
77600,9,6,75,141,2018,3,8,4,3,6,4,0,0,0,1,0,0,1,0,5.83524E+20,5.50983E+21,1.01591E+16,4.97352E+16
77601,9,1,90,138,2018,3,9,6,3,2,6,0,0,1,0,0,0,0,0,6.60992E+20,5.31052E+21,1.11552E+16,4.79277E+16
77602,9,3,72,116,2018,3,12,6,3,2,6,0,0,1,0,0,0,0,0,7.67169E+20,5.45742E+21,1.26686E+16,4.92112E+16
77603,9,4,76,146,2018,3,11,4,3,1,6,0,0,1,0,0,0,1,1,6.62817E+20,5.56479E+21,1.12821E+16,5.02129E+16
77604,9,5,64,0,2018,3,6,1,3,4,6,1,0,1,0,0,0,0,2,6.52567E+20,5.47163E+21,1.11019E+16,4.93783E+16
77605,9,2,76,138,2018,3,12,6,3,1,6,0,0,1,0,0,0,0,0,8.07266E+20,5.43492E+21,1.32007E+16,4.89906E+16
77606,9,5,75,153,2018,3,14,2,3,4,2,0,0,1,0,0,0,0,1,6.1636E+20,5.49215E+21,1.06094E+16,4.95708E+16
77607,9,7,72,168,2018,3,7,4,2,8,1,0,0,1,0,0,0,0,2,6.17718E+20,5.34722E+21,1.05863E+16,4.82673E+16
77608,9,3,76,149,2018,3,5,6,3,1,1,0,0,1,0,0,0,1,0,7.3931E+20,5.45243E+21,1.22838E+16,4.9178E+16
77609,9,2,78,143,2018,3,13,6,2,5,2,0,0,1,0,0,1,1,1,7.71916E+20,5.44407E+21,1.27247E+16,4.90894E+16
77610,9,5,77,161,2018,3,7,4,3,2,6,0,0,1,0,0,0,1,0,6.4679E+20,5.4424E+21,1.10117E+16,4.91169E+16
77611,9,5,76,151,2018,3,12,1,3,8,1,0,0,1,0,0,0,0,2,6.52499E+20,5.46718E+21,1.10993E+16,4.93383E+16
77612,9,2,75,159,2018,3,5,6,3,2,6,2,0,0,0,0,1,1,1,8.12119E+20,5.40007E+21,1.32403E+16,4.86755E+16
77613,9,5,72,115,2018,3,13,2,3,2,6,0,0,1,0,0,0,0,0,6.47222E+20,5.50362E+21,1.10403E+16,4.96671E+16
77614,9,7,74,144,2018,3,16,5,2,2,6,0,0,1,0,0,0,0,0,6.06244E+20,5.36316E+21,1.04358E+16,4.84127E+16
77615,9,1,72,130,2018,3,8,4,3,4,6,0,0,1,0,0,0,0,2,7.95866E+20,5.31024E+21,1.29572E+16,4.78772E+16
77616,9,2,77,111,2018,3,4,1,3,9,7,2,0,1,0,0,0,0,2,7.82871E+20,5.38463E+21,1.28334E+16,4.85509E+16
77617,9,2,75,114,2018,3,11,6,3,8,7,0,0,1,0,0,0,0,0,8.01059E+20,5.39112E+21,1.30839E+16,4.86006E+16
77618,9,2,61,0,2018,3,7,4,3,2,6,0,0,1,0,0,0,0,1,7.31223E+20,5.38356E+21,1.21341E+16,4.85625E+16
77619,9,1,89,157,2018,3,13,2,2,8,1,0,0,1,0,0,0,0,2,7.66362E+20,5.32462E+21,1.25723E+16,4.80193E+16
77620,9,2,74,134,2018,3,20,5,3,5,6,2,0,1,0,0,0,0,0,7.3898E+20,5.37578E+21,1.22346E+16,4.84897E+16
77621,9,6,71,155,2018,3,17,3,3,4,1,0,0,1,0,0,0,0,1,5.02477E+20,5.53405E+21,9.03453E+15,4.99588E+16
77622,9,6,78,174,2018,3,19,7,3,8,1,2,0,1,0,0,0,0,2,5.98938E+20,5.5466E+21,1.03824E+16,5.00635E+16
77623,9,5,64,0,2018,3,17,6,3,2,6,0,0,1,0,0,0,0,0,6.47463E+20,5.48034E+21,1.10349E+16,4.94578E+16
77624,9,2,62,0,2018,3,9,6,3,4,2,0,0,1,0,0,0,0,1,8.2572E+20,5.38955E+21,1.34162E+16,4.85742E+16
77625,9,1,84,135,2018,3,12,1,3,5,3,0,0,1,0,0,0,0,0,6.89436E+20,5.34733E+21,1.1552E+16,4.82509E+16
77626,9,2,75,141,2018,3,16,6,3,2,6,0,0,1,0,0,0,0,0,8.23515E+20,5.37382E+21,1.33743E+16,4.84343E+16
77627,9,1,82,116,2018,3,15,3,3,2,6,0,0,1,0,0,0,0,0,7.04025E+20,5.29523E+21,1.17235E+16,4.77781E+16
77628,9,1,89,155,2018,3,20,6,3,5,3,2,0,1,0,0,0,0,0,7.72251E+20,5.30798E+21,1.26406E+16,4.78673E+16
77629,9,2,74,111,2018,3,13,6,2,9,1,0,0,1,0,0,0,0,0,7.42154E+20,5.38003E+21,1.228E+16,4.85266E+16
77630,9,3,63,0,2018,3,8,4,2,5,3,0,0,1,0,0,0,0,0,7.30044E+20,5.50767E+21,1.21889E+16,4.96776E+16
77631,9,5,71,190,2018,3,13,1,3,8,1,0,0,1,0,0,0,0,1,6.2355E+20,5.46459E+21,1.07002E+16,4.93215E+16
77632,9,2,79,113,2018,3,15,6,3,5,3,0,0,1,0,0,0,0,0,7.8234E+20,5.39515E+21,1.28334E+16,4.86456E+16
77633,9,1,77,117,2018,3,10,7,2,5,2,0,0,1,0,0,0,0,0,7.14482E+20,5.35543E+21,1.18931E+16,4.83156E+16
77634,9,4,75,112,2018,3,6,2,3,9,1,0,0,1,0,0,0,0,0,6.85215E+20,5.58373E+21,1.16049E+16,5.03764E+16
77635,9,2,73,125,2018,3,16,4,3,5,3,0,0,1,0,0,0,1,0,7.20551E+20,5.41569E+21,1.20068E+16,4.88549E+16
77636,9,6,75,141,2018,3,15,5,3,2,6,0,0,1,0,0,0,0,1,5.83244E+20,5.51006E+21,1.01553E+16,4.97373E+16
77637,9,1,81,114,2018,3,14,4,3,5,3,0,0,1,0,0,0,0,0,6.57029E+20,5.31265E+21,1.1103E+16,4.79479E+16
77638,9,1,85,163,2018,3,6,1,3,9,1,2,0,1,0,0,0,0,2,6.59935E+20,5.39134E+21,1.11717E+16,4.86546E+16
77639,9,1,71,126,2018,3,21,6,3,0,1,2,1,0,0,0,0,0,0,7.81108E+20,5.35251E+21,1.27881E+16,4.82633E+16
77640,9,1,71,111,2018,3,11,6,3,2,6,0,0,1,0,0,0,0,0,7.71519E+20,5.34803E+21,1.26563E+16,4.82273E+16
77641,9,1,71,133,2018,3,18,2,2,8,1,2,0,1,0,0,0,0,2,7.66567E+20,5.34734E+21,1.25893E+16,4.82232E+16
77642,9,1,76,143,2018,3,15,5,3,2,6,0,0,1,0,0,0,0,0,6.8104E+20,5.40916E+21,1.14659E+16,4.88091E+16
77643,9,4,75,161,2018,3,16,3,2,3,3,0,0,1,0,0,0,0,1,7.16479E+20,5.57258E+21,1.20377E+16,5.02656E+16
77644,9,2,73,165,2018,3,22,7,2,8,1,2,0,1,0,0,0,0,2,7.14202E+20,5.40821E+21,1.19165E+16,4.879E+16
77645,9,1,84,148,2018,3,11,4,3,6,7,0,0,1,1,0,0,0,0,6.9498E+20,5.32694E+21,1.16173E+16,4.80659E+16
77646,9,7,78,203,2018,3,17,5,3,1,6,1,0,1,0,0,0,0,1,6.20632E+20,5.32185E+21,1.06184E+16,4.80385E+16
77647,9,1,88,121,2018,3,23,7,3,8,1,2,0,1,0,0,0,0,1,6.69928E+20,5.3292E+21,1.12822E+16,4.80934E+16
77648,9,1,87,179,2018,3,7,4,3,4,6,0,0,1,0,0,0,0,2,7.25217E+20,5.31085E+21,1.20142E+16,4.79114E+16
77649,9,1,89,124,2018,3,1,1,3,6,6,2,1,0,1,0,0,0,0,7.81049E+20,5.29603E+21,1.27503E+16,4.77563E+16
77650,9,1,87,177,2018,3,7,6,3,2,6,0,0,1,0,0,0,0,0,7.35946E+20,5.30441E+21,1.2154E+16,4.78497E+16
77651,9,1,86,147,2018,3,15,6,3,2,6,0,0,1,0,0,0,0,0,6.85593E+20,5.39053E+21,1.15194E+16,4.86403E+16
77652,9,1,89,148,2018,3,17,2,3,8,1,0,0,1,0,0,0,0,2,7.77817E+20,5.30842E+21,1.27152E+16,4.7869E+16
77653,9,1,73,112,2018,3,14,5,3,2,6,0,0,1,0,0,0,0,0,6.93452E+20,5.29286E+21,1.15815E+16,4.776E+16
77654,9,5,72,111,2018,3,14,3,3,5,3,0,0,1,0,0,0,0,1,6.35795E+20,5.50806E+21,1.08835E+16,4.97097E+16
77655,9,3,73,147,2018,3,22,7,3,8,1,2,0,1,0,0,0,0,2,6.85669E+20,5.46354E+21,1.15538E+16,4.92964E+16
77656,9,4,75,123,2018,3,11,6,3,5,3,0,0,0,0,0,1,0,1,7.05647E+20,5.58387E+21,1.1892E+16,5.03709E+16
77657,9,1,85,139,2018,3,7,6,3,5,3,0,1,1,0,0,0,0,0,6.68507E+20,5.39486E+21,1.12894E+16,4.8684E+16
77658,9,7,74,198,2018,3,12,1,3,8,3,0,0,1,0,0,0,0,1,6.13242E+20,5.34904E+21,1.05265E+16,4.82844E+16
77659,9,1,85,118,2018,3,6,6,2,0,1,1,0,1,0,0,0,0,0,6.66999E+20,5.40209E+21,1.12719E+16,4.87494E+16
77660,9,1,76,126,2018,3,17,3,3,1,6,1,0,1,0,0,0,0,1,6.73527E+20,5.40588E+21,1.13622E+16,4.87817E+16
77661,9,1,82,125,2018,3,10,6,3,2,2,0,0,1,0,0,0,0,1,7.10432E+20,5.29616E+21,1.18094E+16,4.77844E+16
77662,9,1,76,112,2018,3,12,6,2,8,1,0,0,1,0,0,0,0,0,6.89328E+20,5.42289E+21,1.1585E+16,4.893E+16
77663,9,2,71,119,2018,3,17,4,3,2,6,0,0,1,0,0,0,0,0,7.91696E+20,5.41368E+21,1.29732E+16,4.88075E+16
77664,9,4,77,157,2018,3,3,1,2,8,1,2,0,1,0,0,0,0,2,6.71747E+20,5.5415E+21,1.13966E+16,5.0001E+16
77665,9,1,62,0,2018,3,14,6,2,2,6,0,0,1,0,0,0,0,0,6.86437E+20,5.33329E+21,1.15055E+16,4.81255E+16
77666,9,1,84,131,2018,3,13,6,2,4,7,0,0,1,0,0,0,0,0,7.05257E+20,5.33715E+21,1.176E+16,4.81545E+16
77667,9,3,72,126,2018,3,21,2,3,2,2,2,0,1,0,0,0,0,0,7.79524E+20,5.4703E+21,1.28469E+16,4.93214E+16
77668,9,5,72,121,2018,3,8,5,3,5,3,0,0,1,0,0,0,0,0,6.60874E+20,5.4959E+21,1.12261E+16,4.95943E+16
77669,9,1,75,122,2018,3,12,4,3,5,3,0,0,1,0,0,0,0,2,7.19963E+20,5.32706E+21,1.19522E+16,4.80588E+16
77670,9,1,81,130,2018,3,9,1,3,3,3,0,0,1,0,0,0,0,0,6.37157E+20,5.32347E+21,1.08405E+16,4.80498E+16
77671,9,1,79,117,2018,3,13,6,2,6,4,0,0,1,1,0,0,0,0,6.59784E+20,5.35011E+21,1.11539E+16,4.8284E+16
77672,9,1,88,126,2018,3,10,6,3,9,1,0,0,0,0,0,1,0,0,6.60782E+20,5.32431E+21,1.11576E+16,4.80518E+16
77673,9,1,87,181,2018,3,17,2,2,8,1,0,0,1,0,0,0,0,2,7.36663E+20,5.31142E+21,1.21674E+16,4.79124E+16
77674,9,1,88,124,2018,3,9,5,2,4,6,0,0,1,0,0,1,1,0,6.60312E+20,5.31896E+21,1.11493E+16,4.80038E+16
77675,9,3,74,147,2018,3,14,3,1,2,6,0,0,0,0,0,1,0,0,7.50641E+20,5.50369E+21,1.24713E+16,4.96337E+16
77676,9,7,63,0,2018,3,9,4,3,2,6,0,0,1,0,0,0,0,0,5.98337E+20,5.28645E+21,1.03113E+16,4.7724E+16
77677,9,4,74,126,2018,3,10,6,2,6,4,0,0,1,1,0,0,0,1,6.47725E+20,5.51009E+21,1.10497E+16,4.97252E+16
77678,9,1,74,115,2018,3,9,6,3,2,6,0,0,1,0,0,0,0,0,6.83361E+20,5.34892E+21,1.14709E+16,4.82669E+16
77679,9,5,64,0,2018,3,10,4,3,2,6,0,0,1,0,0,0,0,0,6.59816E+20,5.47648E+21,1.12037E+16,4.942E+16
77680,9,6,73,149,2018,3,11,1,3,5,3,0,0,1,0,0,0,0,1,5.79452E+20,5.58791E+21,1.01188E+16,5.04378E+16
77681,9,1,74,135,2018,3,17,6,3,5,3,0,0,1,0,0,1,0,1,6.63469E+20,5.35285E+21,1.12046E+16,4.83077E+16
77682,9,7,77,163,2018,3,7,2,2,4,1,0,0,1,0,0,0,0,1,6.29375E+20,5.27596E+21,1.07219E+16,4.76241E+16
77683,9,1,75,123,2018,3,15,6,3,4,6,0,0,1,0,0,0,0,0,7.22943E+20,5.33729E+21,1.19975E+16,4.81498E+16
77684,9,2,73,137,2018,3,8,4,3,8,1,0,0,1,0,0,0,0,1,7.13418E+20,5.42676E+21,1.19155E+16,4.89569E+16
77685,9,4,77,128,2018,3,15,6,3,1,6,0,0,1,0,0,0,0,0,6.74727E+20,5.55433E+21,1.1444E+16,5.01155E+16
77686,9,1,74,118,2018,3,7,6,2,8,1,0,0,1,0,0,0,0,0,6.696E+20,5.35269E+21,1.12872E+16,4.83047E+16
77687,9,6,79,180,2018,3,14,1,3,8,1,0,0,1,0,0,0,0,2,5.70452E+20,5.52144E+21,9.97983E+15,4.98413E+16
77688,9,1,74,131,2018,3,7,6,3,2,6,0,0,1,0,0,0,0,0,6.76991E+20,5.35505E+21,1.13877E+16,4.83239E+16
77689,9,7,75,139,2018,3,8,2,3,2,6,0,0,1,0,0,0,0,1,5.78191E+20,5.36725E+21,1.00575E+16,4.84535E+16
77690,9,1,74,115,2018,3,13,6,3,2,6,0,0,1,0,0,0,0,0,6.79802E+20,5.34784E+21,1.14226E+16,4.82583E+16
77691,9,1,86,152,2018,3,18,6,3,2,6,0,0,1,0,0,0,0,1,6.91354E+20,5.3734E+21,1.15897E+16,4.84846E+16
77692,9,2,75,124,2018,3,10,4,3,5,3,0,0,1,0,0,0,1,0,8.1434E+20,5.36941E+21,1.32473E+16,4.83994E+16
77693,9,4,74,156,2018,3,11,1,3,8,1,0,0,1,0,0,0,0,0,6.65805E+20,5.50823E+21,1.12996E+16,4.97038E+16
77694,9,1,78,137,2018,3,11,6,2,5,3,0,0,1,0,0,0,0,0,6.9087E+20,5.36242E+21,1.15781E+16,4.83861E+16
77695,9,2,78,148,2018,3,10,2,3,8,1,0,0,0,0,0,0,1,0,7.30232E+20,5.40637E+21,1.21334E+16,4.87677E+16
77696,9,5,64,0,2018,3,16,5,3,2,6,1,0,1,0,0,0,0,1,6.49917E+20,5.47569E+21,1.1067E+16,4.94154E+16
77697,9,7,75,135,2018,3,17,3,3,2,6,0,0,1,0,0,0,0,0,5.73107E+20,5.36001E+21,9.9875E+15,4.8389E+16
77698,9,1,62,0,2018,3,7,1,3,3,1,0,0,1,0,0,1,0,2,6.84691E+20,5.34254E+21,1.1486E+16,4.82092E+16
77699,9,1,77,115,2018,3,14,6,2,9,1,0,0,1,0,0,0,0,0,7.31196E+20,5.35306E+21,1.21169E+16,4.82885E+16
77700,9,1,82,116,2018,3,7,2,3,1,6,0,0,1,0,0,0,0,1,7.04917E+20,5.29323E+21,1.17345E+16,4.77598E+16
77701,9,1,78,133,2018,3,21,5,3,5,3,2,0,1,0,0,0,0,1,6.86329E+20,5.36868E+21,1.15196E+16,4.84436E+16
77702,9,2,75,114,2018,3,14,3,1,6,4,0,0,1,1,0,0,0,0,8.0009E+20,5.38993E+21,1.307E+16,4.85904E+16
77703,9,7,73,125,2018,3,16,4,3,2,6,0,0,1,0,0,0,0,0,6.08452E+20,5.38148E+21,1.04704E+16,4.8577E+16
77704,9,3,72,155,2018,3,7,6,3,5,3,0,0,1,0,0,1,0,0,7.73512E+20,5.45831E+21,1.27561E+16,4.92164E+16
77705,9,1,84,141,2018,3,8,5,3,2,6,0,0,1,0,0,0,0,0,6.97022E+20,5.31942E+21,1.16412E+16,4.79977E+16
77706,9,5,64,0,2018,3,5,4,2,9,1,0,0,1,0,0,0,0,1,6.4982E+20,5.47546E+21,1.10655E+16,4.94134E+16
77707,9,5,76,122,2018,3,3,1,3,9,1,2,0,0,0,0,1,0,2,6.67885E+20,5.43817E+21,1.12988E+16,4.90735E+16
77708,9,1,62,0,2018,3,17,5,3,2,6,1,0,1,0,0,0,0,0,6.94804E+20,5.33238E+21,1.16174E+16,4.81148E+16
77709,9,6,71,136,2018,3,5,2,3,5,3,2,0,1,0,0,0,0,0,5.03286E+20,5.54152E+21,9.04587E+15,5.0026E+16
77710,9,1,62,0,2018,3,9,6,3,5,2,0,0,1,0,0,0,1,1,6.89658E+20,5.34012E+21,1.15518E+16,4.81859E+16
77711,9,1,86,147,2018,3,11,7,3,2,6,0,0,1,0,0,0,0,0,6.85109E+20,5.39195E+21,1.15135E+16,4.86531E+16
77712,9,1,62,0,2018,3,8,5,3,6,4,0,0,1,1,0,0,0,0,6.9356E+20,5.33954E+21,1.16039E+16,4.81796E+16
77713,9,1,89,154,2018,3,7,4,3,1,1,0,0,1,0,0,0,0,2,7.6805E+20,5.31914E+21,1.25915E+16,4.79694E+16
77714,9,2,77,149,2018,3,10,1,3,8,1,0,0,1,0,0,0,0,2,7.92856E+20,5.36792E+21,1.29567E+16,4.83964E+16
77715,9,1,84,134,2018,3,3,5,3,9,1,2,0,1,0,0,0,0,1,6.92436E+20,5.32008E+21,1.15801E+16,4.80051E+16
77716,9,1,73,120,2018,3,17,2,3,8,1,1,0,1,0,0,0,0,2,6.91967E+20,5.31296E+21,1.15706E+16,4.79412E+16
77717,9,3,61,0,2018,3,7,5,3,2,6,0,0,1,0,0,0,0,0,7.0612E+20,5.48064E+21,1.18436E+16,4.94435E+16
77718,9,6,73,114,2018,3,17,3,2,0,7,0,0,1,0,0,0,0,0,5.84027E+20,5.57723E+21,1.01809E+16,5.03412E+16
77719,9,6,77,200,2018,3,14,7,3,0,7,0,0,0,0,1,0,0,0,5.33119E+20,5.54238E+21,9.46245E+15,5.00328E+16
77720,9,3,61,0,2018,3,0,1,3,5,3,2,0,1,0,0,0,0,2,7.06535E+20,5.48096E+21,1.18494E+16,4.94461E+16
77721,9,1,84,119,2018,3,12,5,3,2,7,0,0,1,0,0,1,0,0,6.98232E+20,5.34623E+21,1.16698E+16,4.82383E+16
77722,9,2,73,137,2018,3,8,2,3,2,6,0,0,1,0,0,0,0,0,7.13866E+20,5.42077E+21,1.19185E+16,4.89029E+16
77723,9,4,76,185,2018,3,21,5,3,9,6,2,0,1,0,0,0,0,2,6.70337E+20,5.56273E+21,1.13864E+16,5.01922E+16
77724,9,7,73,140,2018,3,16,3,3,2,6,0,0,1,0,0,0,0,0,6.13036E+20,5.37455E+21,1.05306E+16,4.85139E+16
77725,9,7,74,119,2018,3,10,7,3,5,3,0,0,1,0,0,0,0,0,5.88669E+20,5.36118E+21,1.01979E+16,4.83975E+16
77726,9,6,77,135,2018,3,7,6,3,0,1,0,0,0,0,1,0,0,2,5.42502E+20,5.52291E+21,9.59131E+15,4.98571E+16
77727,9,1,84,119,2018,3,15,5,3,2,6,0,0,1,0,0,1,0,0,6.97486E+20,5.34635E+21,1.16599E+16,4.82396E+16
77728,9,1,61,0,2018,3,13,2,3,2,6,0,0,1,0,0,0,1,1,6.78799E+20,5.40265E+21,1.14325E+16,4.87512E+16
77729,9,1,90,139,2018,3,11,3,3,2,6,0,0,1,0,0,0,0,1,6.56734E+20,5.29721E+21,1.10935E+16,4.78092E+16
77730,9,6,79,154,2018,3,15,4,2,2,6,0,0,0,0,0,1,1,0,5.6057E+20,5.51107E+21,9.84079E+15,4.97491E+16
77731,9,3,71,156,2018,3,18,6,2,1,6,2,0,1,0,0,0,0,0,7.01222E+20,5.49998E+21,1.17859E+16,4.96188E+16
77732,9,7,74,192,2018,3,8,5,2,9,6,0,0,1,0,1,0,0,0,5.98651E+20,5.33846E+21,1.03274E+16,4.81917E+16
77733,9,4,75,123,2018,3,16,4,3,3,6,0,0,1,0,0,0,1,0,7.05643E+20,5.5837E+21,1.18919E+16,5.03694E+16
77734,9,5,76,147,2018,3,21,1,3,9,1,2,0,1,0,0,0,0,1,6.41349E+20,5.44877E+21,1.09394E+16,4.91754E+16
77735,9,7,77,128,2018,3,3,5,3,8,1,2,0,1,0,0,0,0,0,6.15042E+20,5.30365E+21,1.05385E+16,4.78758E+16
77736,9,5,64,0,2018,3,9,2,3,5,2,0,0,1,0,0,0,0,0,6.49456E+20,5.47714E+21,1.10612E+16,4.94285E+16
77737,9,7,75,135,2018,3,13,6,3,5,2,0,0,1,0,0,0,0,0,5.74613E+20,5.35841E+21,1.00076E+16,4.83745E+16
77738,9,7,78,150,2018,3,19,5,2,6,7,2,0,1,1,0,0,0,1,5.8604E+20,5.32177E+21,1.01544E+16,4.80434E+16
77739,9,1,87,117,2018,3,7,4,3,4,1,0,0,1,0,0,1,0,2,7.26158E+20,5.30808E+21,1.20253E+16,4.78862E+16
77740,9,2,74,153,2018,3,8,1,3,3,3,0,0,1,0,0,0,0,2,7.32327E+20,5.40224E+21,1.21595E+16,4.87298E+16
77741,9,7,79,218,2018,3,8,5,2,2,6,0,0,1,0,0,1,0,0,6.24981E+20,5.39316E+21,1.06979E+16,4.8679E+16
77742,9,2,73,164,2018,3,17,4,3,9,6,0,0,1,0,0,1,0,0,6.96069E+20,5.42475E+21,1.16778E+16,4.89446E+16
77743,9,1,89,157,2018,3,15,2,2,4,1,0,0,1,0,0,1,0,2,7.67008E+20,5.32492E+21,1.25812E+16,4.80217E+16
77744,9,1,80,127,2018,3,11,5,3,2,7,0,0,1,0,0,0,0,0,6.68654E+20,5.28124E+21,1.12463E+16,4.76625E+16
77745,9,5,65,0,2018,3,14,3,3,2,6,0,0,1,0,0,0,1,0,6.48347E+20,5.46491E+21,1.10413E+16,4.93189E+16
77746,9,5,76,113,2018,3,23,7,3,9,1,2,0,1,0,0,0,0,2,6.61393E+20,5.45695E+21,1.12175E+16,4.9244E+16
77747,9,5,71,115,2018,3,9,6,3,4,6,0,0,1,0,0,0,0,0,6.13247E+20,5.45119E+21,1.05547E+16,4.9203E+16
77748,9,7,71,122,2018,3,18,5,3,2,6,2,0,1,0,0,0,0,0,6.53476E+20,5.36165E+21,1.10731E+16,4.83893E+16
77749,9,7,75,135,2018,3,0,1,3,5,3,2,0,1,0,0,0,0,2,5.79241E+20,5.35733E+21,1.00698E+16,4.83641E+16
77750,9,7,72,126,2018,3,16,5,3,5,3,0,1,1,0,0,0,0,0,6.26982E+20,5.36627E+21,1.07169E+16,4.84368E+16
77751,9,1,81,130,2018,3,6,3,3,9,1,0,0,1,0,0,0,0,2,6.38598E+20,5.31849E+21,1.08582E+16,4.80047E+16
77752,9,7,77,151,2018,3,8,6,3,0,2,0,0,1,1,0,0,0,0,6.20973E+20,5.29248E+21,1.06147E+16,4.77743E+16
77753,9,1,71,133,2018,3,8,6,3,4,6,0,0,1,0,0,0,0,1,7.67924E+20,5.34598E+21,1.26066E+16,4.82104E+16
77754,9,7,61,0,2018,3,5,5,3,5,3,2,0,0,0,0,0,1,1,6.43355E+20,5.36133E+21,1.09364E+16,4.83888E+16
77755,9,3,73,147,2018,3,15,4,3,4,2,0,0,1,0,0,0,0,0,6.79718E+20,5.46253E+21,1.14715E+16,4.92891E+16
77756,9,4,79,166,2018,3,13,1,3,1,1,0,0,1,0,0,0,0,2,7.02545E+20,5.55318E+21,1.18321E+16,5.00963E+16
77757,9,5,74,123,2018,3,17,6,3,5,2,0,0,1,0,0,0,0,1,6.5937E+20,5.47442E+21,1.11967E+16,4.94015E+16
77758,9,7,61,0,2018,3,16,5,3,2,6,0,0,1,0,0,0,0,0,6.44214E+20,5.3576E+21,1.09467E+16,4.83551E+16
77759,9,1,77,126,2018,3,22,2,3,8,1,2,0,1,0,0,0,0,2,7.20752E+20,5.36766E+21,1.1984E+16,4.84234E+16