OBJECTID_1,ULAND,UREGBEZ,UKREIS,UGEMEINDE,UJAHR,UMONAT,USTUNDE,UWOCHENTAG,UKATEGORIE,UART,UTYP1,ULICHTVERH,IstRad,IstPKW,IstFuss,IstKrad,IstGkfz,IstSonstig,STRZUSTAND,LINREFX,LINREFY,XGCSWGS84,YGCSWGS84
77760,9,1,87,169,2018,3,6,3,3,4,1,0,0,1,0,0,0,0,2,7.36787E+20,5.29983E+21,1.21627E+16,4.78082E+16
77761,9,1,80,117,2018,3,14,6,3,8,1,0,0,1,0,0,0,0,1,6.58693E+20,5.2642E+21,1.11076E+16,4.75119E+16
77762,9,6,79,124,2018,3,7,5,3,4,2,0,0,1,0,0,0,0,0,5.71432E+20,5.50975E+21,9.99131E+15,4.9736E+16
77763,9,4,62,0,2018,3,7,4,3,2,6,0,0,1,0,0,1,0,0,6.84469E+20,5.53573E+21,1.15712E+16,4.99454E+16
77764,9,5,77,136,2018,3,9,1,3,5,3,0,0,1,0,0,1,0,2,6.31336E+20,5.44298E+21,1.08002E+16,4.91256E+16
77765,9,6,72,117,2018,3,15,5,2,5,3,0,0,1,0,0,0,0,0,5.69938E+20,5.56686E+21,9.98097E+15,5.02498E+16
77766,9,4,79,152,2018,3,11,2,3,3,3,0,0,1,0,0,0,0,0,7.22784E+20,5.56376E+21,1.21208E+16,5.01841E+16
77767,9,7,79,148,2018,3,8,6,3,2,2,0,0,1,0,0,0,0,0,6.28849E+20,5.4103E+21,1.07558E+16,4.88323E+16
77768,9,7,72,223,2018,3,7,5,3,2,6,0,0,1,0,0,1,0,0,6.25486E+20,5.36425E+21,1.0696E+16,4.84189E+16
77769,9,1,76,123,2018,3,9,4,3,9,6,0,0,1,0,0,1,0,2,6.62973E+20,5.41998E+21,1.12243E+16,4.89113E+16
77770,9,1,89,155,2018,3,16,1,3,5,3,0,1,1,0,0,0,0,0,7.71332E+20,5.30732E+21,1.26279E+16,4.78618E+16
77771,9,5,62,0,2018,3,17,5,3,2,6,0,0,1,0,0,0,0,0,6.39226E+20,5.4946E+21,1.09263E+16,4.95879E+16
77772,9,5,76,128,2018,3,13,5,3,2,6,0,0,1,0,0,1,0,0,6.4465E+20,5.46385E+21,1.09901E+16,4.93102E+16
77773,9,1,83,125,2018,3,17,2,3,8,1,1,0,1,0,0,0,0,2,7.54553E+20,5.35507E+21,1.24325E+16,4.82976E+16
77774,9,1,89,155,2018,3,10,5,3,2,6,0,0,1,0,0,0,0,1,7.73056E+20,5.30766E+21,1.26512E+16,4.78641E+16
77775,9,5,64,0,2018,3,13,3,3,2,6,0,0,1,0,1,0,0,0,6.47591E+20,5.47299E+21,1.10339E+16,4.93917E+16
77776,9,3,71,141,2018,3,19,7,1,5,3,2,0,1,0,0,0,0,0,6.93997E+20,5.48931E+21,1.16808E+16,4.95253E+16
77777,9,4,77,139,2018,3,13,6,3,3,1,0,0,1,0,0,0,1,0,6.88108E+20,5.55295E+21,1.16303E+16,5.0099E+16
77778,9,5,72,132,2018,3,18,5,3,4,1,0,0,1,0,1,0,0,0,6.3867E+20,5.49403E+21,1.09184E+16,4.95829E+16
77779,9,7,72,111,2018,3,1,1,3,8,1,2,0,1,0,0,0,0,2,6.26911E+20,5.36497E+21,1.07155E+16,4.8425E+16
77780,9,5,72,132,2018,3,11,5,2,2,6,0,1,1,0,0,0,0,0,6.36169E+20,5.49353E+21,1.08837E+16,4.9579E+16
77781,9,1,78,138,2018,3,16,3,3,1,6,0,0,1,0,0,0,0,0,7.09281E+20,5.36763E+21,1.18291E+16,4.8427E+16
77782,9,7,73,182,2018,3,10,6,3,0,7,0,1,0,0,0,0,0,0,6.24521E+20,5.37983E+21,1.06876E+16,4.85592E+16
77783,9,1,88,113,2018,3,14,6,2,5,2,0,1,1,0,0,0,0,0,6.7583E+20,5.31513E+21,1.13556E+16,4.79653E+16
77784,9,5,74,117,2018,3,6,5,2,5,3,1,0,1,0,0,0,0,0,6.68256E+20,5.46718E+21,1.1316E+16,4.93341E+16
77785,9,2,75,154,2018,3,6,4,3,2,6,0,0,1,0,0,0,0,0,8.09457E+20,5.39464E+21,1.32002E+16,4.86282E+16
77786,9,4,72,140,2018,3,8,1,2,9,6,0,0,1,0,0,0,0,1,6.82903E+20,5.52842E+21,1.15459E+16,4.98802E+16
77787,9,5,64,0,2018,3,12,5,3,1,6,0,0,1,0,0,0,0,0,6.50799E+20,5.47061E+21,1.10772E+16,4.93695E+16
77788,9,3,76,149,2018,3,13,2,3,0,1,0,0,1,0,0,0,1,0,7.3888E+20,5.45509E+21,1.22795E+16,4.9202E+16
77789,9,7,72,223,2018,3,16,6,3,2,6,0,0,1,0,0,0,0,1,6.149E+20,5.36202E+21,1.05524E+16,4.84008E+16
77790,9,5,76,128,2018,3,9,5,3,4,2,0,0,1,0,0,0,0,0,6.45278E+20,5.46378E+21,1.09987E+16,4.93095E+16
77791,9,1,62,0,2018,3,17,3,3,5,3,0,1,1,0,0,0,0,0,6.82637E+20,5.33746E+21,1.14562E+16,4.81641E+16
77792,9,1,84,135,2018,3,10,1,3,2,6,0,0,1,0,0,0,0,1,6.88027E+20,5.34775E+21,1.15332E+16,4.82551E+16
77793,9,5,64,0,2018,3,14,5,3,5,3,0,1,1,0,0,0,0,0,6.47633E+20,5.47446E+21,1.1035E+16,4.94049E+16
77794,9,5,77,177,2018,3,17,5,3,5,3,0,0,1,0,0,0,0,0,6.45113E+20,5.43226E+21,1.09851E+16,4.90261E+16
77795,9,4,71,165,2018,3,19,2,3,2,7,2,0,1,0,0,1,0,0,6.2627E+20,5.5342E+21,1.076E+16,4.99468E+16
77796,9,6,71,121,2018,3,13,5,3,2,6,0,0,1,0,0,0,0,1,5.12998E+20,5.538E+21,9.18135E+15,4.99942E+16
77797,9,1,78,145,2018,3,18,4,3,4,2,2,0,1,0,0,0,0,0,7.00009E+20,5.35687E+21,1.16988E+16,4.83333E+16
77798,9,7,71,129,2018,3,20,1,3,0,6,2,0,1,0,0,0,0,0,6.60284E+20,5.35561E+21,1.11627E+16,4.83334E+16
77799,9,5,77,136,2018,3,16,5,2,4,2,0,0,1,0,0,0,0,0,6.26744E+20,5.44232E+21,1.07371E+16,4.91206E+16
77800,9,5,71,115,2018,3,17,5,3,1,7,0,0,1,0,0,0,0,0,6.13794E+20,5.4471E+21,1.0561E+16,4.91662E+16
77801,9,1,82,123,2018,3,14,2,3,2,6,0,0,1,0,0,1,1,1,7.17326E+20,5.3015E+21,1.1904E+16,4.78301E+16
77802,9,1,86,128,2018,3,7,5,3,4,2,0,0,1,0,0,0,0,0,6.78628E+20,5.38605E+21,1.1423E+16,4.8602E+16
77803,9,4,74,126,2018,3,10,3,3,2,2,0,0,1,0,0,0,1,0,6.52383E+20,5.50967E+21,1.11141E+16,4.97202E+16
77804,9,2,73,125,2018,3,17,7,2,8,1,0,0,1,0,0,0,0,0,7.17264E+20,5.41719E+21,1.19629E+16,4.88696E+16
77805,9,1,62,0,2018,3,11,4,3,5,2,0,0,1,0,0,0,0,1,6.91097E+20,5.33071E+21,1.15669E+16,4.81009E+16
77806,9,4,62,0,2018,3,6,6,3,1,6,0,0,1,0,0,0,0,1,6.81737E+20,5.53408E+21,1.15324E+16,4.99314E+16
77807,9,5,75,168,2018,3,6,5,3,0,7,1,0,1,0,0,0,0,1,5.87798E+20,5.48521E+21,1.02129E+16,4.95132E+16
77808,9,6,76,123,2018,3,17,4,3,5,3,0,0,1,0,0,0,0,0,5.17903E+20,5.51834E+21,9.24887E+15,4.98173E+16
77809,9,6,77,132,2018,3,0,1,3,9,1,2,0,1,0,0,0,0,2,5.5582E+20,5.54164E+21,9.77928E+15,5.00244E+16
77810,9,5,71,174,2018,3,6,5,3,1,3,0,0,1,0,0,0,0,0,6.02308E+20,5.46219E+21,1.04074E+16,4.93039E+16
77811,9,7,80,143,2018,3,6,2,3,9,1,0,0,1,0,0,0,0,2,5.97641E+20,5.28075E+21,1.03007E+16,4.76728E+16
77812,9,7,72,223,2018,3,16,6,3,2,6,0,0,1,0,0,0,0,1,6.16786E+20,5.36285E+21,1.05781E+16,4.8408E+16
77813,9,1,78,143,2018,3,16,6,3,1,3,0,0,1,0,0,0,1,0,7.21094E+20,5.37402E+21,1.19919E+16,4.84804E+16
77814,9,4,75,154,2018,3,15,5,3,8,3,0,0,1,0,0,1,0,0,6.98128E+20,5.56511E+21,1.17766E+16,5.02049E+16
77815,9,2,74,128,2018,3,7,4,3,2,6,0,0,1,0,0,0,0,0,7.35145E+20,5.38621E+21,1.21887E+16,4.85848E+16
77816,9,3,77,127,2018,3,13,1,3,4,6,0,0,1,0,0,0,1,2,7.06308E+20,5.53133E+21,1.18729E+16,4.98987E+16
77817,9,4,79,136,2018,3,8,5,3,5,3,0,0,1,0,0,0,0,0,7.20743E+20,5.54316E+21,1.20804E+16,4.99998E+16
77818,9,2,74,120,2018,3,18,2,2,0,1,1,0,1,0,0,1,0,1,7.52575E+20,5.37071E+21,1.24152E+16,4.84388E+16
77819,9,4,75,161,2018,3,12,5,3,9,1,0,0,1,0,0,0,0,1,7.16154E+20,5.57293E+21,1.20333E+16,5.02689E+16
77820,9,7,64,0,2018,3,9,3,3,2,6,0,0,1,0,0,0,0,1,5.8817E+20,5.31465E+21,1.01815E+16,4.7979E+16
77821,9,1,78,136,2018,3,17,1,3,5,2,0,0,1,0,0,0,0,1,6.96332E+20,5.37061E+21,1.16557E+16,4.84579E+16
77822,9,4,75,123,2018,3,15,5,2,4,2,0,0,1,0,0,1,0,0,7.05704E+20,5.58363E+21,1.18927E+16,5.03687E+16
77823,9,1,87,117,2018,3,13,2,3,5,3,0,1,1,0,0,0,0,1,7.25371E+20,5.30606E+21,1.20137E+16,4.78683E+16
77824,9,1,84,145,2018,3,20,4,3,3,6,2,0,1,0,0,0,0,0,6.97867E+20,5.32434E+21,1.16548E+16,4.80417E+16
77825,9,2,79,122,2018,3,18,3,3,2,6,1,0,1,0,0,0,0,0,7.72385E+20,5.39784E+21,1.27003E+16,4.86741E+16
77826,9,7,72,209,2018,3,5,4,2,5,2,2,1,1,0,0,0,0,1,6.34818E+20,5.33573E+21,1.0813E+16,4.81605E+16
77827,9,3,76,151,2018,3,12,6,3,1,5,0,0,1,0,0,0,0,1,7.47523E+20,5.48424E+21,1.2416E+16,4.94603E+16
77828,9,4,72,139,2018,3,18,5,1,2,1,2,0,1,0,0,1,0,0,6.92702E+20,5.55273E+21,1.16944E+16,5.00955E+16
77829,9,5,64,0,2018,3,13,4,3,2,6,0,0,1,0,0,0,0,0,6.48035E+20,5.48028E+21,1.10428E+16,4.94572E+16
77830,9,5,72,137,2018,3,4,1,3,9,1,2,0,1,0,0,0,0,2,6.53188E+20,5.49377E+21,1.1119E+16,4.95771E+16
77831,9,4,74,121,2018,3,17,5,3,5,3,0,0,1,0,0,0,0,0,6.64451E+20,5.51491E+21,1.12836E+16,4.97641E+16
77832,9,5,62,0,2018,3,17,2,3,5,3,0,0,1,0,0,0,0,0,6.45171E+20,5.49682E+21,1.10093E+16,4.96065E+16
77833,9,1,87,168,2018,3,16,2,3,4,6,0,0,1,0,0,1,0,2,7.50184E+20,5.30956E+21,1.2347E+16,4.78906E+16
77834,9,1,78,123,2018,3,8,5,3,5,2,0,0,1,0,0,0,0,0,6.89959E+20,5.35832E+21,1.1564E+16,4.83495E+16
77835,9,3,73,155,2018,3,8,3,3,2,6,0,0,1,0,0,0,0,1,6.71435E+20,5.46394E+21,1.13583E+16,4.93041E+16
77836,9,7,77,129,2018,3,19,4,2,5,3,2,0,1,0,0,0,0,0,6.27483E+20,5.27235E+21,1.06957E+16,4.7592E+16
77837,9,4,74,132,2018,3,8,6,3,2,6,0,0,1,0,0,0,0,1,6.62513E+20,5.50067E+21,1.12508E+16,4.96367E+16
77838,9,4,71,119,2018,3,14,5,3,9,3,0,1,1,0,0,0,0,1,6.35864E+20,5.53711E+21,1.08947E+16,4.99709E+16
77839,9,5,72,121,2018,3,19,4,3,2,6,2,0,1,0,0,0,0,0,6.5978E+20,5.49498E+21,1.12107E+16,4.95863E+16
77840,9,6,76,122,2018,3,12,1,3,9,6,0,0,1,0,0,0,0,1,5.1466E+20,5.51631E+21,9.20371E+15,4.97991E+16
77841,9,4,61,0,2018,3,7,5,3,3,6,0,0,1,0,0,0,0,0,6.39054E+20,5.52648E+21,1.09353E+16,4.98745E+16
77842,9,7,61,0,2018,3,23,2,3,9,1,2,0,1,0,0,0,0,0,6.42098E+20,5.36343E+21,1.09202E+16,4.8408E+16
77843,9,7,72,151,2018,3,14,6,2,4,1,0,0,1,0,0,0,0,0,6.33214E+20,5.34445E+21,1.07942E+16,4.82392E+16
77844,9,1,84,141,2018,3,14,5,3,2,6,0,0,1,0,0,0,0,0,6.97156E+20,5.31892E+21,1.16428E+16,4.79932E+16
77845,9,1,90,139,2018,3,8,4,3,8,1,0,0,1,0,0,0,0,2,6.53188E+20,5.29722E+21,1.10461E+16,4.78101E+16
77846,9,2,78,197,2018,3,18,1,3,8,7,1,0,1,0,0,0,0,1,7.59063E+20,5.43849E+21,1.25454E+16,4.90448E+16
77847,9,3,77,154,2018,3,13,5,3,5,3,0,0,1,0,0,0,0,0,7.42882E+20,5.5318E+21,1.23816E+16,4.98892E+16
77848,9,1,73,123,2018,3,18,2,2,4,6,2,0,1,0,0,0,0,2,6.81525E+20,5.3036E+21,1.1427E+16,4.78601E+16
77849,9,3,74,121,2018,3,22,5,3,8,1,2,0,1,0,0,0,0,2,7.34105E+20,5.50988E+21,1.22464E+16,4.96958E+16
77850,9,6,79,175,2018,3,11,3,3,2,6,0,0,0,0,0,1,1,0,5.71908E+20,5.51012E+21,9.99799E+15,4.97393E+16
77851,9,7,79,194,2018,3,21,7,2,6,2,2,0,1,1,0,0,0,0,6.09879E+20,5.41146E+21,1.04977E+16,4.88464E+16
77852,9,6,77,127,2018,3,8,6,2,9,1,0,0,1,0,0,0,0,1,5.56664E+20,5.53615E+21,9.79025E+15,4.9975E+16
77853,9,3,74,148,2018,3,8,5,3,9,3,0,0,1,0,0,0,0,0,7.0758E+20,5.52005E+21,1.18845E+16,4.97969E+16
77854,9,1,81,121,2018,3,19,2,2,8,1,2,0,1,0,0,0,0,2,6.39264E+20,5.31113E+21,1.08647E+16,4.79383E+16
77855,9,1,89,115,2018,3,8,3,3,2,6,0,0,1,0,0,0,0,1,7.6214E+20,5.33308E+21,1.2521E+16,4.8097E+16
77856,9,6,79,206,2018,3,16,4,2,4,6,0,0,1,0,0,0,0,0,5.71999E+20,5.50775E+21,9.99882E+15,4.9718E+16
77857,9,2,72,145,2018,3,9,6,3,5,3,1,0,1,0,0,0,0,0,8.10228E+20,5.41929E+21,1.32292E+16,4.88489E+16
77858,9,3,72,137,2018,3,16,5,3,4,2,0,0,1,0,1,0,0,0,7.81752E+20,5.45415E+21,1.28661E+16,4.91754E+16
77859,9,4,63,0,2018,3,16,4,3,2,6,0,1,0,0,0,0,0,0,6.39523E+20,5.56928E+21,1.09574E+16,5.02592E+16
77860,9,5,63,0,2018,3,11,1,3,8,1,0,0,1,0,0,0,0,1,6.40548E+20,5.48829E+21,1.09424E+16,4.95309E+16
77861,9,3,71,126,2018,3,13,5,3,0,3,0,0,0,0,0,1,0,0,7.06721E+20,5.49086E+21,1.18572E+16,4.9535E+16
77862,9,5,77,136,2018,3,13,6,3,5,3,0,0,1,0,0,0,0,0,6.23444E+20,5.43971E+21,1.06911E+16,4.90979E+16
77863,9,7,71,146,2018,3,13,6,3,4,6,0,0,1,0,0,0,0,0,6.44696E+20,5.3479E+21,1.09499E+16,4.82677E+16
77864,9,7,78,116,2018,3,7,5,3,2,6,0,0,1,0,0,0,0,0,6.20251E+20,5.31611E+21,1.06117E+16,4.7987E+16
77865,9,1,87,122,2018,3,6,4,3,4,1,0,0,1,0,0,0,0,2,7.1907E+20,5.31178E+21,1.19325E+16,4.79219E+16
77866,9,1,90,152,2018,3,11,1,3,4,1,0,0,1,0,0,0,0,1,6.69707E+20,5.29776E+21,1.12668E+16,4.78108E+16
77867,9,3,76,117,2018,3,12,5,3,2,1,0,0,1,0,0,0,0,0,7.39938E+20,5.46144E+21,1.22978E+16,4.92586E+16
77868,9,3,76,119,2018,3,18,5,3,8,1,0,0,0,0,1,0,0,0,7.24129E+20,5.45472E+21,1.20771E+16,4.92043E+16
77869,9,1,89,148,2018,3,16,2,3,9,1,0,0,1,0,0,0,0,2,7.75606E+20,5.30746E+21,1.26851E+16,4.78613E+16
77870,9,7,72,163,2018,3,16,6,3,1,6,0,0,1,0,0,0,0,0,6.39051E+20,5.34654E+21,1.08734E+16,4.82568E+16
77871,9,1,84,137,2018,3,19,5,3,2,6,2,0,1,0,0,0,0,0,7.06315E+20,5.31687E+21,1.17644E+16,4.79718E+16
77872,9,1,89,146,2018,3,6,4,3,8,1,0,0,1,0,0,0,0,1,7.61841E+20,5.29791E+21,1.24956E+16,4.77813E+16
77873,9,2,75,133,2018,3,21,1,2,4,2,2,0,1,0,0,0,0,0,8.26701E+20,5.38319E+21,1.34245E+16,4.85167E+16
77874,9,3,71,156,2018,3,18,5,3,4,2,2,0,1,0,0,0,0,0,7.00967E+20,5.50067E+21,1.17828E+16,4.96251E+16
77875,9,1,80,122,2018,3,16,2,2,4,1,0,0,1,0,0,0,0,2,6.69467E+20,5.26163E+21,1.12496E+16,4.7486E+16
77876,9,2,77,114,2018,3,12,5,3,5,3,0,0,1,0,0,0,0,0,7.87126E+20,5.37647E+21,1.28853E+16,4.84757E+16
77877,9,6,71,136,2018,3,17,3,3,8,1,0,0,1,0,0,0,0,1,5.03526E+20,5.54111E+21,9.04922E+15,5.00223E+16
77878,9,6,78,135,2018,3,10,7,3,5,3,0,0,1,0,0,0,0,0,5.91231E+20,5.54194E+21,1.02736E+16,5.00228E+16
77879,9,5,64,0,2018,3,12,6,3,5,3,0,0,1,0,0,0,0,0,6.52145E+20,5.47752E+21,1.10984E+16,4.94313E+16
77880,9,3,61,0,2018,3,7,5,3,2,6,0,0,1,0,0,0,0,0,7.08299E+20,5.4808E+21,1.18737E+16,4.94441E+16
77881,9,1,77,115,2018,3,18,2,3,8,7,0,0,1,0,0,0,0,2,7.31376E+20,5.35541E+21,1.21206E+16,4.83095E+16
77882,9,2,78,190,2018,3,3,5,2,2,6,2,0,1,0,0,0,1,1,7.62166E+20,5.42743E+21,1.25806E+16,4.89442E+16
77883,9,1,87,165,2018,3,10,3,3,3,6,0,0,1,0,0,1,0,2,7.33591E+20,5.29957E+21,1.212E+16,4.78071E+16
77884,9,7,71,113,2018,3,14,6,3,5,3,0,0,1,0,0,0,0,0,6.59293E+20,5.36657E+21,1.11535E+16,4.84321E+16
77885,9,1,89,119,2018,3,5,6,3,4,1,1,0,1,0,0,0,0,2,7.69842E+20,5.30822E+21,1.26086E+16,4.78706E+16
77886,9,2,63,0,2018,3,12,5,2,1,5,0,0,1,0,0,1,0,0,7.62895E+20,5.42065E+21,1.25862E+16,4.8883E+16
77887,9,4,61,0,2018,3,19,4,3,5,3,2,1,1,0,0,0,0,0,6.3856E+20,5.52686E+21,1.09286E+16,4.98781E+16
77888,9,5,75,165,2018,3,19,1,2,8,1,2,0,1,0,0,0,0,2,6.03905E+20,5.49778E+21,1.04387E+16,4.96237E+16
77889,9,2,71,128,2018,3,15,5,2,5,3,0,0,1,0,0,0,0,0,7.97992E+20,5.39685E+21,1.30466E+16,4.86536E+16
77890,9,4,75,112,2018,3,17,2,3,5,3,0,0,1,0,0,0,0,0,6.87142E+20,5.58346E+21,1.16319E+16,5.03734E+16
77891,9,7,71,113,2018,3,5,6,3,3,6,0,0,1,0,0,0,0,1,6.5457E+20,5.3644E+21,1.10889E+16,4.84137E+16
77892,9,6,77,149,2018,3,15,5,2,8,1,0,0,1,0,0,0,0,1,5.57161E+20,5.54731E+21,9.79885E+15,5.00753E+16
77893,9,1,74,111,2018,3,17,7,1,4,1,0,0,1,0,0,0,0,0,6.63862E+20,5.36182E+21,1.12134E+16,4.83883E+16
77894,9,1,88,124,2018,3,7,4,3,9,1,0,0,1,0,0,0,0,2,6.59654E+20,5.31982E+21,1.11408E+16,4.80117E+16
77895,9,1,85,118,2018,3,9,1,3,9,1,0,0,1,0,0,0,0,2,6.60953E+20,5.40387E+21,1.11904E+16,4.8767E+16
77896,9,2,78,139,2018,3,18,5,3,5,3,0,0,1,0,1,0,0,0,7.70769E+20,5.428E+21,1.26983E+16,4.89456E+16
77897,9,2,75,127,2018,3,19,5,3,1,6,2,0,1,0,0,0,0,0,8.09237E+20,5.40119E+21,1.32021E+16,4.8687E+16
77898,9,1,71,134,2018,3,14,2,3,8,6,0,0,1,0,0,1,0,2,7.74216E+20,5.32914E+21,1.26803E+16,4.80565E+16
77899,9,1,71,112,2018,3,13,5,3,9,1,0,0,1,0,0,0,0,0,7.83517E+20,5.3405E+21,1.28124E+16,4.81544E+16
77900,9,5,71,228,2018,3,6,3,3,3,6,0,0,1,0,0,0,0,1,5.89824E+20,5.45751E+21,1.02346E+16,4.92638E+16
77901,9,2,77,148,2018,3,23,7,2,9,1,2,0,1,0,0,0,0,2,7.91429E+20,5.36297E+21,1.2934E+16,4.83526E+16
77902,9,4,77,128,2018,3,12,6,1,5,3,0,0,1,0,0,0,0,1,6.73519E+20,5.55898E+21,1.14293E+16,5.01576E+16
77903,9,2,62,0,2018,3,9,5,3,5,2,0,0,1,0,0,0,0,0,8.26474E+20,5.38819E+21,1.34254E+16,4.85617E+16
77904,9,7,71,130,2018,3,9,1,3,4,1,0,0,1,0,0,0,0,1,6.45086E+20,5.35888E+21,1.09589E+16,4.83664E+16
77905,9,2,72,147,2018,3,21,5,3,2,6,2,0,1,0,0,0,0,0,8.17878E+20,5.41779E+21,1.3332E+16,4.88316E+16
77906,9,1,84,145,2018,3,18,2,3,2,6,2,0,1,0,0,0,0,2,6.95138E+20,5.32559E+21,1.16188E+16,4.80537E+16
77907,9,6,79,126,2018,3,8,6,3,2,6,0,0,1,0,0,0,0,1,5.58643E+20,5.51083E+21,9.81401E+15,4.97471E+16
77908,9,1,80,124,2018,3,7,5,2,4,6,0,0,1,0,0,0,0,0,6.65358E+20,5.28461E+21,1.12038E+16,4.76937E+16
77909,9,5,76,151,2018,3,21,3,3,9,1,2,0,1,0,0,0,0,0,6.56157E+20,5.47118E+21,1.11512E+16,4.93733E+16
77910,9,5,71,190,2018,3,20,7,2,5,3,2,1,1,0,0,0,0,0,6.23209E+20,5.4656E+21,1.06958E+16,4.93307E+16
77911,9,5,71,216,2018,3,14,6,3,5,3,0,0,1,0,0,0,0,0,6.20528E+20,5.45148E+21,1.06547E+16,4.92042E+16
77912,9,2,74,146,2018,3,14,5,2,5,3,0,0,1,0,0,0,0,0,7.33466E+20,5.37648E+21,1.21605E+16,4.8498E+16
77913,9,7,78,173,2018,3,10,1,3,5,3,0,0,1,0,0,0,0,0,6.10934E+20,5.32238E+21,1.04884E+16,4.8045E+16
77914,9,2,73,164,2018,3,6,5,3,8,1,1,0,1,0,0,0,0,2,6.97826E+20,5.43063E+21,1.17046E+16,4.89969E+16
77915,9,1,74,126,2018,3,17,3,3,6,6,0,1,0,1,0,0,0,0,6.83584E+20,5.34403E+21,1.14718E+16,4.82229E+16
77916,9,6,63,0,2018,3,11,6,3,5,3,0,1,1,0,0,0,0,1,5.66862E+20,5.51681E+21,9.92911E+15,4.98E+16
77917,9,1,87,177,2018,3,16,6,3,2,2,0,0,1,0,0,1,0,0,7.36048E+20,5.30426E+21,1.21553E+16,4.78483E+16
77918,9,2,79,112,2018,3,21,5,3,8,7,2,0,1,0,0,0,0,0,7.54834E+20,5.39115E+21,1.24582E+16,4.86215E+16
77919,9,3,71,150,2018,3,17,4,3,5,3,0,0,1,0,0,0,0,0,7.21754E+20,5.48835E+21,1.20633E+16,4.95072E+16
77920,9,4,73,141,2018,3,0,1,3,8,1,2,0,1,0,0,0,0,2,6.40193E+20,5.5772E+21,1.09698E+16,5.03302E+16
77921,9,1,80,119,2018,3,8,5,3,2,6,0,0,1,0,0,0,0,0,6.71429E+20,5.28245E+21,1.12838E+16,4.76727E+16
77922,9,3,77,146,2018,3,12,2,3,2,6,0,0,1,0,0,0,1,0,7.38499E+20,5.5204E+21,1.23137E+16,4.97887E+16
77923,9,6,78,178,2018,3,7,6,3,5,3,0,1,0,0,0,1,0,1,5.89999E+20,5.54325E+21,1.02567E+16,5.00348E+16
77924,9,5,76,127,2018,3,12,5,3,2,6,0,0,1,0,0,0,0,0,6.65582E+20,5.44488E+21,1.127E+16,4.91344E+16
77925,9,1,75,115,2018,3,16,4,3,4,6,0,0,1,0,0,1,0,0,7.17378E+20,5.33657E+21,1.19224E+16,4.81452E+16
77926,9,1,79,142,2018,3,0,1,2,8,1,2,0,1,0,0,0,0,1,6.76003E+20,5.34356E+21,1.13696E+16,4.82208E+16
77927,9,1,89,157,2018,3,13,5,2,0,1,0,0,1,0,0,1,0,0,7.61385E+20,5.32766E+21,1.25076E+16,4.80487E+16
77928,9,1,87,181,2018,3,12,5,3,3,6,0,0,1,0,0,0,0,0,7.37531E+20,5.31265E+21,1.21797E+16,4.79231E+16
77929,9,1,87,174,2018,3,18,2,3,2,6,2,0,1,0,0,0,1,2,7.43866E+20,5.31038E+21,1.22631E+16,4.79004E+16
77930,9,1,81,122,2018,3,7,5,3,3,6,0,0,1,0,0,1,0,0,6.50343E+20,5.33197E+21,1.10203E+16,4.81232E+16
77931,9,1,86,147,2018,3,11,7,3,2,6,0,0,1,0,0,0,0,0,6.85119E+20,5.3919E+21,1.15136E+16,4.86527E+16
77932,9,4,74,129,2018,3,7,3,2,8,1,0,0,1,0,0,0,0,0,6.6767E+20,5.5108E+21,1.13265E+16,4.97263E+16
77933,9,7,74,124,2018,3,6,4,3,8,1,2,0,1,0,0,0,0,1,5.99943E+20,5.34647E+21,1.03467E+16,4.82636E+16
77934,9,4,61,0,2018,3,12,6,3,9,7,0,0,1,0,0,0,0,1,6.39202E+20,5.53074E+21,1.09389E+16,4.99128E+16
77935,9,1,61,0,2018,3,9,5,3,3,2,0,1,0,0,0,1,0,0,6.7746E+20,5.40149E+21,1.14138E+16,4.87411E+16
77936,9,6,71,143,2018,3,21,4,2,0,1,2,0,0,0,1,0,0,0,5.10457E+20,5.54859E+21,9.14618E+15,5.00895E+16
77937,9,6,78,138,2018,3,16,1,3,4,6,0,0,1,0,0,0,0,2,5.93562E+20,5.53871E+21,1.03054E+16,4.99934E+16
77938,9,1,61,0,2018,3,17,5,3,5,3,0,0,1,0,1,0,0,0,6.77644E+20,5.40088E+21,1.14161E+16,4.87356E+16
77939,9,7,80,145,2018,3,14,2,3,8,1,0,0,1,0,0,0,0,2,6.07654E+20,5.26982E+21,1.04314E+16,4.75728E+16
77940,9,6,76,145,2018,3,23,6,3,8,1,2,0,1,0,0,0,0,1,5.10133E+20,5.51999E+21,9.1409E+15,4.98323E+16
77941,9,1,78,113,2018,3,13,6,2,2,6,0,0,1,0,0,0,0,0,6.91531E+20,5.36766E+21,1.15894E+16,4.84329E+16
77942,9,2,73,147,2018,3,7,4,3,2,6,0,0,1,0,0,0,0,0,7.05446E+20,5.39485E+21,1.17907E+16,4.86729E+16
77943,9,3,71,146,2018,3,18,1,3,5,3,2,0,1,0,0,0,0,1,7.14019E+20,5.46768E+21,1.19454E+16,4.93243E+16
77944,9,1,85,158,2018,3,17,5,3,5,3,0,1,1,0,0,0,0,0,6.66804E+20,5.38187E+21,1.12611E+16,4.85677E+16
77945,9,6,76,121,2018,3,15,6,3,2,6,0,0,1,0,0,0,0,1,5.11279E+20,5.51995E+21,9.15683E+15,4.98319E+16
77946,9,2,79,132,2018,3,4,2,3,5,2,1,0,1,0,0,0,1,0,7.7039E+20,5.40032E+21,1.26749E+16,4.86972E+16