OBJECTID_1,ULAND,UREGBEZ,UKREIS,UGEMEINDE,UJAHR,UMONAT,USTUNDE,UWOCHENTAG,UKATEGORIE,UART,UTYP1,ULICHTVERH,IstRad,IstPKW,IstFuss,IstKrad,IstGkfz,IstSonstig,STRZUSTAND,LINREFX,LINREFY,XGCSWGS84,YGCSWGS84
77947,9,4,77,148,2018,3,15,5,3,8,1,0,0,1,0,0,0,0,2,6.81837E+20,5.56878E+21,1.15503E+16,5.02432E+16
77948,9,7,77,147,2018,3,7,3,3,9,1,0,0,1,0,0,0,0,2,6.32601E+20,5.28339E+21,1.07671E+16,4.76903E+16
77949,9,1,74,126,2018,3,14,6,3,2,6,0,0,1,0,0,0,0,0,6.83502E+20,5.3441E+21,1.14707E+16,4.82236E+16
77950,9,1,76,155,2018,3,6,5,2,9,1,0,0,1,0,0,0,0,2,6.62347E+20,5.42471E+21,1.12176E+16,4.8954E+16
77951,9,2,62,0,2018,3,17,4,3,2,2,0,0,1,0,0,0,0,0,8.26152E+20,5.38786E+21,1.34208E+16,4.85589E+16
77952,9,4,74,146,2018,3,14,1,3,8,1,0,0,1,0,0,0,0,1,6.483E+20,5.50045E+21,1.1054E+16,4.96384E+16
77953,9,1,79,128,2018,3,8,5,3,8,1,0,0,0,0,1,0,0,0,6.57733E+20,5.34314E+21,1.11237E+16,4.82219E+16
77954,9,6,76,139,2018,3,14,6,3,4,2,0,0,1,0,0,0,0,1,5.18551E+20,5.50566E+21,9.25726E+15,4.97032E+16
77955,9,2,75,125,2018,3,21,2,3,9,1,2,0,1,0,0,0,0,2,8.08246E+20,5.3774E+21,1.3171E+16,4.8474E+16
77956,9,5,74,138,2018,3,13,5,2,5,3,0,1,1,0,0,0,0,0,6.64444E+20,5.48356E+21,1.12704E+16,4.94824E+16
77957,9,1,62,0,2018,3,14,3,3,2,6,0,0,1,0,1,0,0,1,6.93166E+20,5.33759E+21,1.15978E+16,4.81622E+16
77958,9,1,78,124,2018,3,10,1,3,8,1,0,0,1,0,0,0,0,2,7.02813E+20,5.36053E+21,1.17383E+16,4.83653E+16
77959,9,1,74,113,2018,3,19,5,3,5,3,2,0,1,0,0,0,0,0,6.77717E+20,5.35109E+21,1.13959E+16,4.8288E+16
77960,9,1,87,165,2018,3,1,2,3,9,1,2,0,1,0,0,0,0,0,7.31506E+20,5.29556E+21,1.209E+16,4.77718E+16
77961,9,1,78,136,2018,3,7,5,3,5,3,0,0,1,0,0,0,0,0,6.98268E+20,5.37078E+21,1.16819E+16,4.84589E+16
77962,9,2,71,122,2018,3,8,3,3,9,1,0,0,0,0,0,1,0,0,7.91547E+20,5.42677E+21,1.29805E+16,4.89251E+16
77963,9,7,73,179,2018,3,14,4,3,5,3,0,0,0,0,0,1,0,0,6.17362E+20,5.37692E+21,1.05898E+16,4.85344E+16
77964,9,3,74,111,2018,3,7,6,3,5,3,0,0,1,0,0,0,0,1,7.27115E+20,5.51273E+21,1.21513E+16,4.97241E+16
77965,9,1,74,115,2018,3,6,5,3,5,3,1,0,1,0,1,0,0,0,6.81073E+20,5.34888E+21,1.14401E+16,4.82672E+16
77966,9,5,64,0,2018,3,8,4,3,2,6,0,0,1,0,0,0,0,1,6.57902E+20,5.47569E+21,1.1177E+16,4.94134E+16
77967,9,6,71,122,2018,3,6,1,3,8,1,1,0,1,0,0,0,0,2,5.03852E+20,5.53338E+21,9.0537E+15,4.99527E+16
77968,9,1,62,0,2018,3,8,5,3,3,6,0,0,1,0,0,1,0,0,6.84958E+20,5.34258E+21,1.14897E+16,4.82095E+16
77969,9,6,77,146,2018,3,6,2,2,8,1,0,0,1,0,0,0,0,2,5.4712E+20,5.52374E+21,9.65564E+15,4.98642E+16
77970,9,6,76,116,2018,3,8,6,2,4,3,0,0,1,0,0,1,0,1,5.18843E+20,5.5063E+21,9.26135E+15,4.97089E+16
77971,9,1,84,122,2018,3,7,5,3,2,6,0,0,1,0,0,0,0,1,6.88301E+20,5.32367E+21,1.15263E+16,4.80385E+16
77972,9,1,80,117,2018,3,12,4,3,1,5,0,0,1,0,0,0,0,1,6.5937E+20,5.26154E+21,1.11156E+16,4.74878E+16
77973,9,2,75,138,2018,3,9,1,3,9,1,0,0,1,0,0,0,0,2,8.14696E+20,5.38654E+21,1.32649E+16,4.85529E+16
77974,9,1,78,130,2018,3,19,5,3,5,3,2,1,1,0,0,0,0,0,7.02354E+20,5.35422E+21,1.17291E+16,4.83088E+16
77975,9,1,73,120,2018,3,18,2,2,4,1,2,0,1,0,0,0,0,2,6.87674E+20,5.31039E+21,1.15121E+16,4.79193E+16
77976,9,3,62,0,2018,3,14,5,3,1,6,0,0,1,0,0,0,0,0,7.29119E+20,5.43181E+21,1.21325E+16,4.89967E+16
77977,9,6,72,122,2018,3,10,3,3,8,1,0,0,1,0,0,0,0,2,5.74898E+20,5.55821E+21,1.00488E+16,5.01714E+16
77978,9,6,79,206,2018,3,18,7,3,5,3,1,0,1,0,0,0,0,0,5.73168E+20,5.50664E+21,1.00148E+16,4.97079E+16
77979,9,6,72,163,2018,3,14,6,3,5,3,0,0,1,0,0,0,1,1,5.65524E+20,5.58138E+21,9.92158E+15,5.03808E+16
77980,9,1,77,116,2018,3,15,5,3,8,1,0,0,0,0,1,0,0,0,7.13599E+20,5.36672E+21,1.18869E+16,4.84174E+16
77981,9,1,78,115,2018,3,7,2,3,2,6,0,0,1,0,0,0,0,1,7.038E+20,5.37588E+21,1.17591E+16,4.8503E+16
77982,9,1,84,114,2018,3,17,3,2,2,6,0,0,1,0,0,1,0,0,7.00163E+20,5.31811E+21,1.16826E+16,4.7985E+16
77983,9,6,74,219,2018,3,21,4,3,7,7,2,0,1,0,0,0,0,1,6.03842E+20,5.53876E+21,1.04487E+16,4.99921E+16
77984,9,7,75,152,2018,3,22,7,2,8,1,2,0,1,0,0,0,0,2,5.82429E+20,5.35169E+21,1.01118E+16,4.8313E+16
77985,9,1,75,113,2018,3,15,5,1,5,2,0,0,1,0,0,0,0,0,7.17325E+20,5.31845E+21,1.19125E+16,4.79824E+16
77986,9,1,86,137,2018,3,15,2,3,8,1,0,0,1,0,0,0,0,0,6.881E+20,5.40048E+21,1.1558E+16,4.87289E+16
77987,9,1,88,113,2018,3,12,3,3,8,7,0,0,1,0,0,0,0,0,6.80011E+20,5.31462E+21,1.14114E+16,4.79595E+16
77988,9,7,71,113,2018,3,7,4,3,2,6,0,0,1,0,0,0,0,0,6.59426E+20,5.37174E+21,1.11573E+16,4.84786E+16
77989,9,3,71,156,2018,3,5,6,3,2,6,2,0,1,0,0,0,1,1,7.05846E+20,5.50043E+21,1.18501E+16,4.96213E+16
77990,9,1,77,123,2018,3,17,5,2,5,3,0,0,1,0,0,0,0,0,7.27352E+20,5.34077E+21,1.20586E+16,4.81795E+16
77991,9,5,71,193,2018,3,11,4,3,1,6,0,0,1,0,0,1,0,0,5.86219E+20,5.47022E+21,1.01878E+16,4.93786E+16
77992,9,5,65,0,2018,3,13,1,3,5,3,0,0,1,0,0,0,0,1,6.46842E+20,5.46687E+21,1.10213E+16,4.93369E+16
77993,9,1,62,0,2018,3,17,4,3,3,7,1,0,1,0,0,0,0,0,6.90319E+20,5.33193E+21,1.1557E+16,4.81121E+16
77994,9,5,64,0,2018,3,13,2,3,1,7,0,0,1,0,0,1,0,0,6.50545E+20,5.47739E+21,1.10763E+16,4.94306E+16
77995,9,6,71,121,2018,3,17,6,3,3,6,0,0,1,0,0,0,0,1,5.12288E+20,5.53773E+21,9.17143E+15,4.99918E+16
77996,9,7,75,135,2018,3,7,5,3,2,6,0,0,1,0,0,0,0,0,5.79309E+20,5.35982E+21,1.00712E+16,4.83866E+16
77997,9,1,87,139,2018,3,19,4,3,2,2,2,0,1,0,0,0,0,0,7.44516E+20,5.31615E+21,1.2275E+16,4.79519E+16
77998,9,2,74,153,2018,3,14,1,3,0,1,0,0,1,0,0,0,0,1,7.32932E+20,5.40096E+21,1.2167E+16,4.87181E+16
77999,9,1,84,149,2018,3,15,4,3,5,3,0,1,1,0,0,0,0,0,6.90316E+20,5.35076E+21,1.15654E+16,4.82814E+16
78000,9,2,79,128,2018,3,13,4,2,5,2,0,0,1,0,0,0,1,1,7.49771E+20,5.39521E+21,1.23921E+16,4.866E+16
78001,9,1,89,111,2018,3,17,2,3,4,1,0,0,1,0,0,0,0,2,7.62899E+20,5.31907E+21,1.25226E+16,4.79709E+16
78002,9,2,74,119,2018,3,15,5,2,5,2,0,0,1,0,0,0,0,0,7.42231E+20,5.40095E+21,1.22932E+16,4.87144E+16
78003,9,6,71,111,2018,3,18,3,3,8,1,0,0,0,0,0,0,1,1,5.10285E+20,5.54901E+21,9.14379E+15,5.00932E+16
78004,9,5,76,113,2018,3,22,7,3,8,7,2,0,1,0,0,0,0,2,6.62598E+20,5.45315E+21,1.12325E+16,4.92095E+16
78005,9,5,71,165,2018,3,22,6,3,4,2,2,0,1,0,0,0,0,0,6.29235E+20,5.46582E+21,1.07788E+16,4.93314E+16
78006,9,1,62,0,2018,3,12,4,3,1,6,0,0,1,0,0,0,1,1,6.98833E+20,5.33305E+21,1.16718E+16,4.81196E+16
78007,9,7,78,219,2018,3,2,1,3,8,1,2,0,1,0,0,0,0,2,5.91365E+20,5.30808E+21,1.02229E+16,4.79195E+16
78008,9,7,74,155,2018,3,22,4,2,9,6,2,0,1,0,0,0,0,0,5.90164E+20,5.36525E+21,1.0219E+16,4.84339E+16
78009,9,1,85,163,2018,3,15,3,2,4,3,0,0,1,0,0,1,0,0,6.64188E+20,5.3969E+21,1.12316E+16,4.87035E+16
78010,9,6,61,0,2018,3,6,6,3,5,3,0,1,0,0,0,0,1,1,5.11097E+20,5.53603E+21,9.15477E+15,4.99766E+16
78011,9,1,89,154,2018,3,10,6,3,5,3,0,0,1,0,0,1,0,1,7.66071E+20,5.31996E+21,1.25655E+16,4.79776E+16
78012,9,7,75,139,2018,3,8,4,3,2,6,0,0,1,0,0,0,0,0,5.78241E+20,5.36726E+21,1.00582E+16,4.84536E+16
78013,9,3,72,124,2018,3,15,4,3,5,3,0,0,1,0,0,0,0,0,7.84947E+20,5.46765E+21,1.29194E+16,4.9295E+16
78014,9,5,71,115,2018,3,10,1,3,8,1,0,0,1,0,0,0,0,2,6.13885E+20,5.44631E+21,1.0562E+16,4.91591E+16
78015,9,7,78,219,2018,3,14,4,2,9,1,0,0,1,0,0,0,0,0,5.89541E+20,5.30953E+21,1.01988E+16,4.79328E+16
78016,9,4,72,115,2018,3,18,2,2,8,1,1,0,1,0,0,0,0,0,6.59678E+20,5.53114E+21,1.12241E+16,4.99113E+16
78017,9,5,72,126,2018,3,15,6,3,2,6,0,0,1,0,0,0,0,1,6.3405E+20,5.50611E+21,1.08587E+16,4.96926E+16
78018,9,6,61,0,2018,3,14,5,3,2,6,0,0,1,0,0,0,0,1,5.09129E+20,5.53636E+21,9.12733E+15,4.99796E+16
78019,9,1,84,135,2018,3,16,4,3,2,6,0,0,1,0,0,0,0,0,6.92564E+20,5.34498E+21,1.1593E+16,4.82288E+16
78020,9,1,62,0,2018,3,0,1,3,8,1,2,0,1,0,0,0,0,1,6.84178E+20,5.33299E+21,1.1475E+16,4.81235E+16
78021,9,1,80,125,2018,3,6,6,3,9,1,2,0,1,0,0,0,0,2,6.56158E+20,5.27151E+21,1.10766E+16,4.75782E+16
78022,9,7,75,129,2018,3,9,4,3,5,3,0,0,1,0,0,0,0,1,5.82006E+20,5.34006E+21,1.01038E+16,4.82085E+16
78023,9,4,77,128,2018,3,8,4,3,2,6,0,0,1,0,0,0,1,0,6.75156E+20,5.55207E+21,1.1449E+16,5.0095E+16
78024,9,5,64,0,2018,3,2,1,3,4,1,2,0,1,0,0,0,0,2,6.52712E+20,5.47189E+21,1.1104E+16,4.93805E+16
78025,9,7,74,155,2018,3,14,4,1,4,6,0,0,0,0,0,1,1,0,5.88523E+20,5.36581E+21,1.01969E+16,4.84392E+16
78026,9,5,71,174,2018,3,10,2,3,9,1,0,0,1,0,0,0,0,0,5.99682E+20,5.45931E+21,1.03705E+16,4.92784E+16
78027,9,7,79,187,2018,3,10,5,3,1,6,0,0,1,0,0,1,0,0,6.40464E+20,5.38741E+21,1.09062E+16,4.8624E+16
78028,9,1,86,137,2018,3,8,4,3,2,6,0,0,1,0,0,0,0,0,6.81993E+20,5.40013E+21,1.14748E+16,4.87276E+16
78029,9,1,89,161,2018,3,13,1,3,5,3,0,0,1,0,0,0,0,0,7.69676E+20,5.30532E+21,1.26046E+16,4.78446E+16
78030,9,7,76,116,2018,3,17,4,3,3,2,0,1,1,0,0,0,0,0,5.52966E+20,5.26737E+21,9.70405E+15,4.75576E+16
78031,9,7,73,153,2018,3,19,4,3,2,7,2,0,1,0,0,0,0,0,5.97214E+20,5.37952E+21,1.03176E+16,4.85612E+16
78032,9,1,89,155,2018,3,14,2,3,5,3,0,0,1,0,0,0,0,2,7.71282E+20,5.30977E+21,1.26288E+16,4.78839E+16
78033,9,1,89,149,2018,3,17,5,3,5,3,0,0,1,0,0,0,0,0,7.6214E+20,5.33308E+21,1.2521E+16,4.8097E+16
78034,9,5,74,141,2018,3,15,3,3,1,1,0,1,1,0,0,0,0,1,6.69212E+20,5.49037E+21,1.1339E+16,4.95423E+16
78035,9,3,73,147,2018,3,12,7,3,3,6,0,0,1,0,0,0,0,0,6.7836E+20,5.46098E+21,1.14522E+16,4.92756E+16
78036,9,4,76,145,2018,3,6,6,3,9,1,2,0,1,0,0,0,0,2,6.6507E+20,5.56838E+21,1.13152E+16,5.02445E+16
78037,9,6,79,143,2018,3,11,4,3,9,7,0,0,1,0,0,0,1,0,5.71899E+20,5.52801E+21,1.00012E+16,4.99002E+16
78038,9,7,72,167,2018,3,1,1,3,0,1,2,0,1,0,0,0,0,2,6.25855E+20,5.35958E+21,1.06996E+16,4.83768E+16
78039,9,6,72,135,2018,3,15,4,3,5,3,0,0,1,0,0,0,0,0,5.82961E+20,5.56423E+21,1.0163E+16,5.02244E+16
78040,9,1,78,123,2018,3,8,3,3,5,1,0,0,1,0,0,0,0,1,6.90468E+20,5.35765E+21,1.15705E+16,4.83433E+16
78041,9,1,87,120,2018,3,19,6,3,4,1,2,0,1,0,0,0,0,1,7.32812E+20,5.29252E+21,1.21058E+16,4.7744E+16
78042,9,6,71,124,2018,3,16,4,3,2,6,0,0,1,0,0,0,0,0,5.13569E+20,5.53466E+21,9.18919E+15,4.99642E+16
78043,9,2,63,0,2018,3,7,4,3,2,6,0,0,1,0,0,0,0,0,7.60629E+20,5.42211E+21,1.25563E+16,4.88971E+16
78044,9,4,72,139,2018,3,10,1,2,8,1,0,0,1,0,0,0,0,2,6.96721E+20,5.5517E+21,1.175E+16,5.0085E+16
78045,9,5,72,115,2018,3,19,4,3,4,2,2,0,1,0,0,0,0,0,6.47724E+20,5.50458E+21,1.10476E+16,4.96757E+16
78046,9,3,75,119,2018,3,23,2,1,4,6,2,0,1,0,0,1,0,0,7.38631E+20,5.44843E+21,1.22721E+16,4.91423E+16
78047,9,5,72,158,2018,3,7,5,1,5,3,0,0,0,0,1,0,1,0,6.49339E+20,5.49579E+21,1.10666E+16,4.95963E+16
78048,9,1,75,122,2018,3,7,4,3,1,6,0,0,1,0,0,0,1,1,7.19541E+20,5.32664E+21,1.19464E+16,4.80553E+16
78049,9,1,74,131,2018,3,8,1,3,4,1,0,0,1,0,0,0,0,1,6.76971E+20,5.35488E+21,1.13874E+16,4.83223E+16
78050,9,5,63,0,2018,3,16,4,3,2,6,0,0,1,0,0,0,0,0,6.43411E+20,5.48275E+21,1.09799E+16,4.94804E+16
78051,9,1,87,174,2018,3,17,2,3,8,1,0,0,1,0,0,0,0,2,7.39906E+20,5.31057E+21,1.22103E+16,4.79036E+16
78052,9,1,88,121,2018,3,18,5,2,6,4,2,0,1,1,0,0,0,1,6.70989E+20,5.33119E+21,1.12972E+16,4.8111E+16
78053,9,3,77,132,2018,3,7,3,1,4,1,0,0,1,0,0,0,0,0,7.21985E+20,5.52327E+21,1.20862E+16,4.98207E+16
78054,9,7,62,0,2018,3,7,4,3,2,1,0,0,1,0,0,0,0,2,6.22017E+20,5.3021E+21,1.06313E+16,4.78606E+16
78055,9,4,74,171,2018,3,7,6,3,5,3,0,0,1,0,0,0,0,1,6.54075E+20,5.51274E+21,1.11388E+16,4.97474E+16
78056,9,5,64,0,2018,3,12,4,3,1,7,0,0,1,0,0,0,0,0,6.48295E+20,5.47077E+21,1.10428E+16,4.93716E+16
78057,9,5,62,0,2018,3,17,4,3,4,2,0,1,1,0,0,0,0,0,6.45119E+20,5.49542E+21,1.10081E+16,4.9594E+16
78058,9,5,73,127,2018,3,17,4,3,5,3,0,1,1,0,0,0,0,0,6.46466E+20,5.47578E+21,1.10194E+16,4.94171E+16
78059,9,5,77,136,2018,3,11,4,3,4,1,0,0,0,0,1,1,0,1,6.23716E+20,5.43933E+21,1.06947E+16,4.90944E+16
78060,9,1,71,121,2018,3,13,2,3,0,6,0,0,1,0,0,1,0,0,7.74341E+20,5.34503E+21,1.26922E+16,4.81991E+16
78061,9,1,61,0,2018,3,18,5,3,4,2,2,0,1,0,0,0,0,0,6.78966E+20,5.40486E+21,1.14358E+16,4.8771E+16
78062,9,4,71,165,2018,3,8,3,1,6,7,0,0,0,1,0,1,0,0,6.2724E+20,5.53308E+21,1.07731E+16,4.99365E+16
78063,9,2,74,134,2018,3,14,7,3,2,6,0,0,1,0,0,0,0,0,7.38258E+20,5.37647E+21,1.22253E+16,4.84962E+16
78064,9,1,62,0,2018,3,22,4,3,5,3,2,0,1,0,0,0,0,0,6.8573E+20,5.33529E+21,1.14969E+16,4.81437E+16
78065,9,4,77,157,2018,3,13,6,3,4,3,0,0,1,0,0,0,0,0,6.71671E+20,5.54477E+21,1.1397E+16,5.00304E+16
78066,9,5,71,214,2018,3,16,4,3,2,6,0,0,1,0,0,0,0,0,6.16027E+20,5.4333E+21,1.05877E+16,4.90417E+16
78067,9,6,79,149,2018,3,6,1,3,9,1,0,0,1,0,0,0,0,2,5.48513E+20,5.51445E+21,9.67387E+15,4.97805E+16
78068,9,4,75,128,2018,3,11,4,3,5,3,0,0,1,0,0,0,0,1,6.86218E+20,5.57949E+21,1.16169E+16,5.0338E+16
78069,9,7,80,143,2018,3,15,2,3,4,2,0,0,1,0,0,0,0,0,5.97964E+20,5.28173E+21,1.03053E+16,4.76816E+16
78070,9,1,86,152,2018,3,15,6,3,2,6,0,0,1,0,0,0,0,0,6.91579E+20,5.37395E+21,1.1593E+16,4.84895E+16
78071,9,4,72,179,2018,3,15,4,2,5,3,0,0,1,0,0,0,0,0,6.77439E+20,5.52288E+21,1.14674E+16,4.98321E+16
78072,9,2,77,111,2018,3,7,4,3,2,6,0,0,1,0,0,0,1,1,7.80185E+20,5.38615E+21,1.27981E+16,4.85657E+16
78073,9,4,71,191,2018,3,20,1,3,0,1,2,1,0,0,0,0,0,1,6.34095E+20,5.52435E+21,1.08656E+16,4.98565E+16
78074,9,4,77,143,2018,3,6,4,1,8,1,1,0,1,0,0,0,0,1,6.83117E+20,5.55183E+21,1.15601E+16,5.00905E+16
78075,9,2,74,184,2018,3,15,2,3,8,1,0,0,1,0,0,0,0,1,7.47119E+20,5.3684E+21,1.23402E+16,4.84203E+16
78076,9,5,61,0,2018,3,15,5,3,2,6,0,0,1,0,0,0,0,1,6.1385E+20,5.46257E+21,1.05662E+16,4.93052E+16
78077,9,7,64,0,2018,3,16,3,3,2,6,0,0,1,0,0,0,0,0,5.86377E+20,5.31631E+21,1.01578E+16,4.79943E+16
78078,9,1,78,120,2018,3,11,1,3,9,1,0,0,1,0,0,0,0,1,6.93432E+20,5.35448E+21,1.1609E+16,4.83139E+16
78079,9,4,77,163,2018,3,6,4,3,3,7,1,0,1,0,0,0,0,1,6.85813E+20,5.55337E+21,1.15985E+16,5.01034E+16
78080,9,1,87,179,2018,3,20,2,3,8,1,2,0,1,0,0,0,0,2,7.2548E+20,5.3138E+21,1.20192E+16,4.79378E+16
78081,9,1,77,144,2018,3,13,5,3,5,3,0,0,1,0,0,0,0,0,7.14059E+20,5.34748E+21,1.18834E+16,4.82444E+16
78082,9,2,74,111,2018,3,6,3,2,5,3,1,0,1,0,0,0,0,1,7.40498E+20,5.38045E+21,1.22578E+16,4.8531E+16
78083,9,7,72,130,2018,3,14,4,3,2,6,0,0,1,0,0,1,1,0,6.31987E+20,5.35762E+21,1.07818E+16,4.8358E+16
78084,9,3,71,140,2018,3,5,6,2,9,3,2,0,1,0,0,0,0,1,6.86923E+20,5.49095E+21,1.15839E+16,4.95423E+16
78085,9,4,71,195,2018,3,8,4,3,2,6,0,0,1,0,0,1,0,0,6.40762E+20,5.52547E+21,1.09587E+16,4.98651E+16
78086,9,5,64,0,2018,3,13,4,3,6,4,0,0,1,1,0,0,0,0,6.47421E+20,5.47218E+21,1.10313E+16,4.93844E+16
78087,9,3,73,156,2018,3,7,1,3,2,6,0,0,1,0,0,0,0,1,6.6047E+20,5.46405E+21,1.12077E+16,4.93081E+16
78088,9,3,75,180,2018,3,7,4,3,2,6,0,0,1,0,0,0,0,0,7.2428E+20,5.43098E+21,1.2066E+16,4.8991E+16
78089,9,5,62,0,2018,3,7,2,2,0,7,0,1,0,0,0,0,0,0,6.44567E+20,5.49579E+21,1.10006E+16,4.95974E+16
78090,9,1,85,125,2018,3,13,7,3,3,7,0,0,1,0,0,0,0,0,6.50413E+20,5.39758E+21,1.10448E+16,4.87131E+16
78091,9,1,62,0,2018,3,20,5,3,5,2,2,0,1,0,0,0,0,1,6.92042E+20,5.34127E+21,1.15843E+16,4.81956E+16
78092,9,1,89,135,2018,3,7,4,2,0,1,0,1,0,0,0,0,0,2,7.84971E+20,5.31364E+21,1.28141E+16,4.79127E+16
78093,9,2,62,0,2018,3,22,1,2,9,1,2,0,1,0,0,0,0,0,8.21963E+20,5.39272E+21,1.33679E+16,4.86046E+16
78094,9,3,75,117,2018,3,9,4,3,1,6,0,0,1,0,0,0,0,1,7.3381E+20,5.43221E+21,1.21968E+16,4.89985E+16
78095,9,6,72,163,2018,3,7,1,3,4,6,0,0,1,0,0,0,0,2,5.6712E+20,5.58148E+21,9.94405E+15,5.03816E+16
78096,9,3,75,174,2018,3,20,4,3,4,2,2,0,1,0,0,0,0,0,7.3364E+20,5.43177E+21,1.21942E+16,4.89946E+16
78097,9,7,77,129,2018,3,7,2,2,8,1,0,0,1,0,0,0,0,2,6.27546E+20,5.27206E+21,1.06964E+16,4.75894E+16
78098,9,1,77,115,2018,3,17,6,3,2,6,0,0,1,0,0,0,0,0,7.34107E+20,5.35096E+21,1.21549E+16,4.82685E+16
78099,9,2,73,137,2018,3,8,4,3,8,1,0,0,1,0,0,0,0,1,7.13418E+20,5.42677E+21,1.19155E+16,4.89569E+16
78100,9,2,78,190,2018,3,0,1,3,8,1,2,0,1,0,0,0,0,2,7.6612E+20,5.42789E+21,1.26348E+16,4.89466E+16
78101,9,3,73,140,2018,3,15,4,3,7,7,0,0,1,0,0,0,0,0,6.85444E+20,5.474E+21,1.15555E+16,4.93904E+16
78102,9,2,79,126,2018,3,19,2,3,2,6,2,0,1,0,0,0,0,2,7.59959E+20,5.38404E+21,1.25232E+16,4.85555E+16
78103,9,3,63,0,2018,3,15,5,2,5,3,0,0,1,0,0,0,0,0,7.27833E+20,5.50759E+21,1.21582E+16,4.96777E+16
78104,9,7,71,169,2018,3,16,3,3,6,4,0,0,1,1,0,0,0,0,6.41309E+20,5.37533E+21,1.09135E+16,4.85152E+16
78105,9,7,80,143,2018,3,18,7,3,5,2,2,0,1,0,0,0,0,1,5.97915E+20,5.28151E+21,1.03046E+16,4.76796E+16
78106,9,6,75,141,2018,3,11,6,3,5,3,0,1,1,0,0,0,0,0,5.84772E+20,5.50963E+21,1.01764E+16,4.97332E+16
78107,9,3,76,175,2018,3,10,4,1,3,6,0,0,1,0,0,1,0,0,7.29115E+20,5.46632E+21,1.21521E+16,4.93066E+16
78108,9,1,62,0,2018,3,8,2,3,2,6,2,0,1,0,0,1,0,0,6.78706E+20,5.33674E+21,1.14031E+16,4.81588E+16
78109,9,1,80,128,2018,3,6,3,3,9,1,0,0,1,0,0,0,0,2,6.66977E+20,5.28762E+21,1.12265E+16,4.77204E+16
78110,9,6,79,193,2018,3,8,4,3,2,6,0,0,1,0,0,0,0,0,5.74251E+20,5.51179E+21,1.00308E+16,4.9754E+16
78111,9,2,75,127,2018,3,8,6,3,9,1,0,0,1,0,0,0,0,1,8.05414E+20,5.39828E+21,1.31481E+16,4.86628E+16
78112,9,3,61,0,2018,3,8,4,2,9,1,0,0,1,0,0,0,0,1,7.10561E+20,5.48074E+21,1.19048E+16,4.94428E+16
78113,9,4,79,136,2018,3,16,4,3,5,3,0,0,1,0,0,0,0,0,7.20755E+20,5.5433E+21,1.20806E+16,5.00011E+16
78114,9,5,76,113,2018,3,14,1,2,5,3,0,0,1,0,0,0,0,1,6.64329E+20,5.45837E+21,1.12584E+16,4.9256E+16
78115,9,2,71,141,2018,3,10,4,2,5,3,0,0,1,0,0,1,0,0,7.95901E+20,5.40182E+21,1.30218E+16,4.86992E+16
78116,9,5,73,134,2018,3,7,2,2,4,6,1,0,1,0,0,0,0,2,6.40208E+20,5.47521E+21,1.0933E+16,4.94134E+16
78117,9,7,78,120,2018,3,15,5,3,4,6,0,0,0,0,0,1,0,0,5.88746E+20,5.32495E+21,1.01914E+16,4.80716E+16
78118,9,1,87,130,2018,3,6,4,3,4,6,1,0,1,0,0,0,0,0,7.14462E+20,5.30897E+21,1.18695E+16,4.78981E+16
78119,9,3,75,205,2018,3,9,1,3,8,1,0,0,1,0,0,0,0,2,7.26253E+20,5.42277E+21,1.20884E+16,4.89165E+16
78120,9,2,75,127,2018,3,11,4,2,4,6,0,0,1,0,0,0,0,1,8.05389E+20,5.39833E+21,1.31478E+16,4.86632E+16
78121,9,2,72,120,2018,3,15,4,3,9,1,0,0,1,0,0,0,0,1,8.21249E+20,5.42471E+21,1.33832E+16,4.88919E+16
78122,9,1,90,159,2018,3,10,4,2,5,3,0,1,1,0,0,0,0,0,6.62281E+20,5.30511E+21,1.11705E+16,4.78788E+16
78123,9,1,89,148,2018,3,14,2,2,8,1,0,0,1,0,0,0,0,2,7.75229E+20,5.31068E+21,1.26821E+16,4.78904E+16
78124,9,1,90,159,2018,3,11,5,3,5,3,0,0,1,0,0,0,0,0,6.63278E+20,5.30579E+21,1.1184E+16,4.78847E+16
78125,9,3,73,156,2018,3,6,3,3,2,6,0,0,0,0,0,1,0,0,6.6056E+20,5.46287E+21,1.12084E+16,4.92974E+16
78126,9,5,74,147,2018,3,19,7,2,5,2,2,1,1,0,0,0,0,0,6.81218E+20,5.49061E+21,1.1505E+16,4.9541E+16
78127,9,5,75,146,2018,3,12,6,2,5,2,0,0,1,0,0,0,0,0,5.9832E+20,5.49112E+21,1.03597E+16,4.95647E+16
78128,9,7,78,180,2018,3,9,1,3,8,1,0,0,1,0,0,0,0,2,6.04097E+20,5.32222E+21,1.03967E+16,4.80447E+16
78129,9,3,61,0,2018,3,12,2,3,5,3,0,0,1,0,0,0,0,0,7.08179E+20,5.47974E+21,1.18715E+16,4.94346E+16
78130,9,1,62,0,2018,3,15,3,3,5,7,0,1,1,0,0,0,0,0,6.88384E+20,5.34019E+21,1.15347E+16,4.81869E+16
78131,9,3,71,156,2018,3,16,2,2,0,7,0,1,0,0,0,0,0,0,7.02201E+20,5.49952E+21,1.17992E+16,4.96144E+16
78132,9,2,71,138,2018,3,22,2,3,2,6,1,0,1,0,0,0,0,1,7.96777E+20,5.40992E+21,1.30395E+16,4.87714E+16
78133,9,5,71,171,2018,3,22,3,3,0,6,2,0,1,0,0,0,0,1,6.13833E+20,5.46661E+21,1.05671E+16,4.93415E+16