OBJECTID_1,ULAND,UREGBEZ,UKREIS,UGEMEINDE,UJAHR,UMONAT,USTUNDE,UWOCHENTAG,UKATEGORIE,UART,UTYP1,ULICHTVERH,IstRad,IstPKW,IstFuss,IstKrad,IstGkfz,IstSonstig,STRZUSTAND,LINREFX,LINREFY,XGCSWGS84,YGCSWGS84
78509,9,7,72,168,2018,4,15,2,3,0,1,0,1,0,0,0,0,0,0,6.18325E+20,5.34726E+21,1.05945E+16,4.82675E+16
78510,9,6,73,160,2018,3,17,5,3,2,6,0,0,1,0,0,0,0,0,5.96939E+20,5.57454E+21,1.03616E+16,5.0315E+16
78511,9,3,74,134,2018,4,16,2,3,5,2,0,0,1,0,0,0,0,0,7.19013E+20,5.51047E+21,1.20378E+16,4.97069E+16
78512,9,4,73,144,2018,3,19,7,3,5,3,0,0,1,0,0,0,0,0,6.35268E+20,5.57362E+21,1.08993E+16,5.02991E+16
78513,9,6,72,114,2018,3,13,5,3,2,2,0,0,1,0,0,0,0,0,5.75536E+20,5.56053E+21,1.00582E+16,5.01921E+16
78514,9,1,79,123,2018,4,20,2,3,5,2,2,0,1,0,0,0,0,0,6.77443E+20,5.33196E+21,1.13842E+16,4.81162E+16
78515,9,5,73,127,2018,3,11,7,3,2,6,0,0,1,0,0,0,0,0,6.46408E+20,5.47567E+21,1.10186E+16,4.94161E+16
78516,9,6,72,135,2018,3,15,5,3,5,3,0,0,1,0,0,0,0,0,5.85066E+20,5.56647E+21,1.0193E+16,5.02443E+16
78517,9,6,71,122,2018,3,21,5,3,4,2,2,0,1,0,0,0,0,0,5.04493E+20,5.52894E+21,9.06258E+15,4.99128E+16
78518,9,1,77,137,2018,4,13,1,3,2,6,0,0,1,0,0,0,0,0,7.33713E+20,5.3435E+21,1.21455E+16,4.82017E+16
78519,9,6,76,136,2018,3,18,5,3,1,5,0,0,1,0,1,0,0,0,5.16927E+20,5.52684E+21,9.23567E+15,4.98937E+16
78520,9,5,74,123,2018,4,1,2,2,0,6,2,0,1,0,0,0,0,1,6.59753E+20,5.4725E+21,1.12012E+16,4.93842E+16
78521,9,4,73,175,2018,3,17,7,3,0,7,0,0,0,0,0,0,1,0,6.36187E+20,5.56978E+21,1.09108E+16,5.02645E+16
78522,9,5,72,133,2018,3,16,5,3,2,6,0,0,1,0,0,0,0,0,6.36125E+20,5.50306E+21,1.08864E+16,4.96647E+16
78523,9,2,72,142,2018,4,13,2,3,8,1,0,0,0,0,1,0,0,0,8.21226E+20,5.41253E+21,1.33734E+16,4.87827E+16
78524,9,5,72,131,2018,3,14,5,3,2,6,0,0,1,0,0,0,0,0,6.55461E+20,5.48462E+21,1.11468E+16,4.94943E+16
78525,9,6,77,155,2018,4,15,2,2,3,6,0,0,1,0,1,0,0,0,5.40519E+20,5.53806E+21,9.5653E+15,4.99935E+16
78526,9,5,74,112,2018,3,23,5,3,3,7,2,0,1,0,0,1,0,1,6.70773E+20,5.47214E+21,1.13527E+16,4.9378E+16
78527,9,3,71,146,2018,4,16,2,3,2,2,0,0,1,0,0,0,0,0,7.14084E+20,5.4633E+21,1.1944E+16,4.92849E+16
78528,9,4,77,128,2018,3,11,7,3,4,2,0,0,1,0,0,0,0,0,6.74853E+20,5.55411E+21,1.14457E+16,5.01135E+16
78529,9,5,76,113,2018,3,17,5,3,2,6,0,0,1,0,0,0,0,0,6.61891E+20,5.45501E+21,1.12235E+16,4.92265E+16
78530,9,7,80,145,2018,4,23,1,3,2,7,2,0,1,0,0,0,0,1,6.07616E+20,5.26971E+21,1.04309E+16,4.75719E+16
78531,9,5,62,0,2018,3,12,5,3,3,6,0,0,1,0,0,0,0,0,6.45104E+20,5.49542E+21,1.10079E+16,4.95939E+16
78532,9,5,64,0,2018,3,14,5,3,2,6,0,0,1,0,0,0,0,0,6.49221E+20,5.47878E+21,1.10585E+16,4.94434E+16
78533,9,7,63,0,2018,3,15,7,3,2,6,0,0,1,0,0,0,0,0,5.9938E+20,5.28935E+21,1.03259E+16,4.77499E+16
78534,9,5,64,0,2018,3,15,5,3,5,3,0,0,1,0,0,0,0,0,6.47626E+20,5.47941E+21,1.10368E+16,4.94494E+16
78535,9,5,64,0,2018,4,12,2,3,5,3,0,0,1,0,0,0,0,0,6.48226E+20,5.47719E+21,1.10442E+16,4.94293E+16
78536,9,4,74,129,2018,3,11,7,2,5,3,0,0,1,0,0,0,0,0,6.63015E+20,5.51345E+21,1.12631E+16,4.97514E+16
78537,9,5,64,0,2018,3,16,5,3,3,2,0,1,1,0,0,0,0,0,6.47602E+20,5.47937E+21,1.10364E+16,4.9449E+16
78538,9,2,73,137,2018,4,15,2,3,9,1,0,0,1,0,0,0,0,0,7.13408E+20,5.42666E+21,1.19153E+16,4.8956E+16
78539,9,3,72,116,2018,3,10,7,3,2,6,0,0,1,0,0,0,0,0,7.66975E+20,5.45669E+21,1.26655E+16,4.92047E+16
78540,9,5,64,0,2018,3,5,5,3,1,1,2,1,1,0,0,0,0,1,6.48647E+20,5.47729E+21,1.10501E+16,4.94301E+16
78541,9,5,64,0,2018,4,14,1,3,2,6,0,0,1,0,0,0,0,1,6.49813E+20,5.48168E+21,1.10678E+16,4.94693E+16
78542,9,5,64,0,2018,3,11,5,3,5,3,0,0,1,0,0,0,0,0,6.49454E+20,5.47715E+21,1.10611E+16,4.94287E+16
78543,9,6,79,154,2018,4,9,1,3,9,1,0,0,1,0,0,0,0,0,5.59545E+20,5.50836E+21,9.82616E+15,4.97248E+16
78544,9,5,64,0,2018,3,12,5,3,5,2,0,1,1,0,0,0,0,0,6.46349E+20,5.47612E+21,1.1018E+16,4.94201E+16
78545,9,5,64,0,2018,3,13,5,3,0,2,0,0,1,0,0,0,1,0,6.44564E+20,5.478E+21,1.0994E+16,4.94375E+16
78546,9,5,73,134,2018,3,21,5,3,5,3,2,0,1,0,0,0,0,0,6.42284E+20,5.47763E+21,1.09625E+16,4.94347E+16
78547,9,5,71,188,2018,4,14,2,3,2,6,0,0,1,0,0,0,0,0,5.88397E+20,5.48166E+21,1.02204E+16,4.94811E+16
78548,9,3,61,0,2018,3,14,7,3,2,6,0,0,1,0,0,0,0,0,7.08305E+20,5.48051E+21,1.18736E+16,4.94415E+16
78549,9,5,75,153,2018,3,16,5,3,9,1,0,0,1,0,0,0,0,0,6.16175E+20,5.49359E+21,1.06072E+16,4.95837E+16
78550,9,1,73,141,2018,4,18,2,3,4,6,0,0,1,0,0,0,0,0,6.95902E+20,5.29784E+21,1.16164E+16,4.7804E+16
78551,9,5,75,153,2018,3,12,5,3,2,6,0,0,1,0,0,0,0,0,6.17055E+20,5.49399E+21,1.06195E+16,4.95871E+16
78552,9,5,71,171,2018,3,11,5,2,4,6,0,0,1,0,0,0,0,0,6.08377E+20,5.46806E+21,1.04924E+16,4.93557E+16
78553,9,3,75,210,2018,4,12,1,1,2,6,0,0,1,0,0,0,0,0,7.49278E+20,5.4325E+21,1.2408E+16,4.8995E+16
78554,9,4,75,184,2018,3,22,5,2,8,1,2,0,0,0,0,0,1,0,7.07827E+20,5.5606E+21,1.19099E+16,5.01612E+16
78555,9,7,72,167,2018,4,16,2,2,8,1,0,0,0,0,1,0,0,0,6.25535E+20,5.35839E+21,1.06949E+16,4.83662E+16
78556,9,4,76,164,2018,3,14,5,2,8,1,0,0,1,0,0,0,0,0,6.66774E+20,5.58263E+21,1.13453E+16,5.03721E+16
78557,9,4,62,0,2018,4,18,2,3,2,6,0,0,1,0,1,0,0,0,6.84606E+20,5.53583E+21,1.15732E+16,4.99462E+16
78558,9,4,77,128,2018,3,8,5,2,3,2,0,1,1,0,0,0,0,0,6.74709E+20,5.55437E+21,1.14438E+16,5.01158E+16
78559,9,7,76,117,2018,4,15,2,3,7,1,0,0,0,0,1,0,0,0,5.6612E+20,5.27107E+21,9.87943E+15,4.75897E+16
78560,9,3,62,0,2018,3,6,5,3,3,6,1,0,1,0,0,0,0,1,7.26866E+20,5.43115E+21,1.21014E+16,4.89916E+16
78561,9,5,61,0,2018,4,7,2,2,8,7,0,0,1,0,0,0,0,1,6.14296E+20,5.46253E+21,1.05723E+16,4.93048E+16
78562,9,3,71,151,2018,3,10,7,3,4,6,0,0,1,0,0,0,0,0,7.01718E+20,5.48571E+21,1.17855E+16,4.94905E+16
78563,9,3,72,171,2018,3,14,5,3,3,6,0,1,1,0,0,0,0,0,7.69581E+20,5.4724E+21,1.27118E+16,4.93447E+16
78564,9,1,87,169,2018,4,20,2,3,2,6,2,0,1,0,0,0,0,0,7.3754E+20,5.29923E+21,1.21725E+16,4.78026E+16
78565,9,3,75,117,2018,3,10,5,3,1,6,0,0,1,0,0,0,0,0,7.3472E+20,5.43296E+21,1.22096E+16,4.90048E+16
78566,9,3,75,208,2018,3,20,5,3,8,1,2,0,1,0,0,0,0,1,7.3433E+20,5.44097E+21,1.22089E+16,4.9077E+16
78567,9,2,74,120,2018,4,20,1,2,8,1,2,0,1,0,0,0,0,1,7.51155E+20,5.3659E+21,1.23932E+16,4.83962E+16
78568,9,3,75,165,2018,3,20,5,2,4,2,2,0,1,0,0,0,0,0,7.25888E+20,5.43769E+21,1.20917E+16,4.90506E+16
78569,9,7,61,0,2018,4,23,2,3,0,7,2,1,0,0,0,0,0,0,6.40207E+20,5.36055E+21,1.08937E+16,4.83826E+16
78570,9,3,62,0,2018,3,13,5,3,4,2,0,0,1,0,0,0,0,0,7.31108E+20,5.43355E+21,1.21606E+16,4.90115E+16
78571,9,3,73,112,2018,4,17,2,3,3,6,0,0,1,0,1,0,0,0,6.85297E+20,5.4451E+21,1.15401E+16,4.91308E+16
78572,9,2,78,123,2018,3,10,7,3,6,7,0,0,1,1,0,0,0,0,7.48869E+20,5.41375E+21,1.2391E+16,4.88268E+16
78573,9,3,76,175,2018,3,11,5,3,2,6,0,0,1,0,0,0,0,0,7.2918E+20,5.46666E+21,1.21532E+16,4.93096E+16
78574,9,1,74,111,2018,4,19,2,3,0,1,0,0,0,0,1,0,0,0,6.6757E+20,5.3587E+21,1.12622E+16,4.83592E+16
78575,9,3,61,0,2018,3,12,5,3,5,3,0,1,1,0,0,0,0,0,7.06566E+20,5.48272E+21,1.18508E+16,4.94619E+16
78576,9,2,78,189,2018,3,14,7,3,2,6,0,0,1,0,0,0,0,0,7.65876E+20,5.44146E+21,1.26404E+16,4.90685E+16
78577,9,2,76,142,2018,3,17,5,3,4,6,0,0,1,0,0,0,0,0,7.91192E+20,5.43227E+21,1.29796E+16,4.89746E+16
78578,9,1,88,113,2018,4,15,2,3,2,6,0,0,1,0,0,0,0,0,6.76029E+20,5.31558E+21,1.13585E+16,4.79693E+16
78579,9,2,75,154,2018,3,15,5,3,2,2,0,0,0,0,0,1,1,0,8.08854E+20,5.39332E+21,1.3191E+16,4.86166E+16
78580,9,2,77,138,2018,3,10,5,3,6,4,0,0,1,1,0,0,0,0,7.91306E+20,5.37167E+21,1.29384E+16,4.84307E+16
78581,9,1,61,0,2018,4,13,1,3,2,6,0,0,1,0,0,0,0,0,6.79671E+20,5.40327E+21,1.14447E+16,4.87565E+16
78582,9,2,75,133,2018,3,15,5,2,4,2,0,0,1,0,0,0,0,0,8.27538E+20,5.38116E+21,1.34342E+16,4.84981E+16
78583,9,6,74,159,2018,4,18,2,3,0,1,0,0,0,0,1,0,0,0,6.15412E+20,5.53318E+21,1.06084E+16,4.99398E+16
78584,9,2,77,152,2018,3,15,7,3,0,3,0,0,1,0,0,0,0,0,7.95278E+20,5.36008E+21,1.29838E+16,4.83249E+16
78585,9,2,75,141,2018,3,14,5,3,2,6,0,0,1,0,0,0,0,0,8.1948E+20,5.36895E+21,1.33162E+16,4.83927E+16
78586,9,2,71,125,2018,4,14,2,3,1,6,0,0,1,0,0,0,0,0,7.98495E+20,5.40877E+21,1.3062E+16,4.87603E+16
78587,9,2,75,151,2018,3,15,7,2,9,1,0,0,1,0,0,0,0,0,8.19713E+20,5.39941E+21,1.33426E+16,4.86658E+16
78588,9,6,71,156,2018,3,0,7,1,2,6,2,0,0,0,0,1,1,0,5.2284E+20,5.53425E+21,9.31843E+15,4.99602E+16
78589,9,2,75,145,2018,3,16,5,3,5,3,0,0,1,0,0,0,0,0,8.20792E+20,5.37296E+21,1.33369E+16,4.8428E+16
78590,9,7,73,170,2018,4,8,1,2,5,3,0,0,1,0,0,0,0,1,5.96026E+20,5.38862E+21,1.03036E+16,4.86432E+16
78591,9,2,74,179,2018,3,3,5,3,7,7,2,0,1,0,0,0,0,1,7.51699E+20,5.37658E+21,1.24069E+16,4.84919E+16
78592,9,2,73,116,2018,3,20,5,3,8,1,2,0,1,0,0,0,0,0,7.26201E+20,5.41925E+21,1.20857E+16,4.88849E+16
78593,9,2,61,0,2018,3,15,5,3,5,3,0,1,1,0,0,0,0,0,7.33294E+20,5.38113E+21,1.21608E+16,4.85398E+16
78594,9,5,73,115,2018,4,15,2,2,9,1,0,0,0,0,1,0,0,0,6.3367E+20,5.47207E+21,1.08419E+16,4.93867E+16
78595,9,2,74,184,2018,3,11,7,3,5,2,0,0,1,0,0,0,0,0,7.45725E+20,5.36772E+21,1.2321E+16,4.84146E+16
78596,9,2,79,113,2018,3,4,5,3,9,1,2,0,1,0,0,0,0,1,7.77772E+20,5.39028E+21,1.27682E+16,4.86039E+16
78597,9,7,78,186,2018,3,12,7,2,4,6,0,0,1,0,0,0,0,0,5.96479E+20,5.31133E+21,1.02921E+16,4.7948E+16
78598,9,1,88,139,2018,3,9,5,3,3,6,0,0,1,0,0,0,1,0,6.80421E+20,5.32154E+21,1.14197E+16,4.80217E+16
78599,9,5,74,155,2018,4,6,2,2,8,1,0,0,1,0,0,0,0,0,6.68156E+20,5.49231E+21,1.13253E+16,4.956E+16
78600,9,1,89,152,2018,3,13,7,2,5,3,0,0,1,0,0,0,1,0,7.82334E+20,5.32656E+21,1.27873E+16,4.80298E+16
78601,9,1,71,112,2018,3,21,5,3,2,6,2,0,1,0,0,0,0,1,7.83918E+20,5.34395E+21,1.28201E+16,4.81852E+16
78602,9,2,74,141,2018,4,18,2,3,8,1,0,0,1,0,0,0,0,0,7.27831E+20,5.39748E+21,1.20958E+16,4.86887E+16
78603,9,1,72,128,2018,3,15,7,3,2,6,0,0,1,0,0,0,1,1,7.92212E+20,5.29664E+21,1.28993E+16,4.77568E+16
78604,9,1,87,126,2018,3,7,5,3,5,3,1,1,1,0,0,0,0,0,7.42098E+20,5.32237E+21,1.22462E+16,4.80087E+16
78605,9,6,78,193,2018,4,17,1,3,9,6,0,0,1,0,0,0,0,0,5.80876E+20,5.53949E+21,1.01286E+16,5.00022E+16
78606,9,1,61,0,2018,3,17,5,3,0,2,0,1,1,0,0,0,0,0,6.79255E+20,5.40439E+21,1.14395E+16,4.87667E+16
78607,9,7,75,129,2018,4,11,2,2,2,6,0,0,1,0,1,0,0,0,5.8189E+20,5.34129E+21,1.01025E+16,4.82195E+16
78608,9,7,77,182,2018,3,23,7,2,8,1,2,1,0,0,0,0,0,0,6.28252E+20,5.31056E+21,1.07172E+16,4.79355E+16
78609,9,1,86,162,2018,3,12,5,3,2,6,0,0,1,0,0,0,1,0,6.89459E+20,5.38504E+21,1.15693E+16,4.85898E+16
78610,9,5,75,116,2018,4,18,2,3,8,1,0,0,0,0,1,0,0,0,6.11343E+20,5.50951E+21,1.05449E+16,4.97278E+16
78611,9,1,76,129,2018,3,12,7,3,5,3,0,0,1,0,0,0,0,0,6.83327E+20,5.40551E+21,1.14954E+16,4.87756E+16
78612,9,1,86,152,2018,3,13,5,3,1,6,0,0,1,0,0,0,1,0,6.91498E+20,5.37983E+21,1.15946E+16,4.85423E+16
78613,9,1,89,114,2018,4,16,2,3,2,2,0,0,0,0,1,0,0,0,7.6394E+20,5.30778E+21,1.25296E+16,4.78691E+16
78614,9,1,79,142,2018,3,20,7,3,8,6,2,0,1,0,0,1,0,0,6.77498E+20,5.34227E+21,1.13892E+16,4.82088E+16
78615,9,1,76,139,2018,3,15,5,2,0,1,0,0,0,0,1,0,0,0,6.86598E+20,5.41183E+21,1.15427E+16,4.88313E+16
78616,9,1,85,158,2018,3,13,5,3,5,3,0,1,1,0,0,0,0,0,6.67534E+20,5.38041E+21,1.12704E+16,4.85543E+16
78617,9,1,90,111,2018,4,13,2,3,0,3,0,0,1,0,0,0,0,0,6.40723E+20,5.2987E+21,1.08802E+16,4.78262E+16
78618,9,1,74,113,2018,3,14,7,3,3,6,0,0,1,0,0,0,0,0,6.70936E+20,5.34735E+21,1.1303E+16,4.82563E+16
78619,9,1,62,0,2018,3,20,5,3,5,6,2,0,1,0,0,0,0,1,6.81105E+20,5.34E+21,1.14367E+16,4.81874E+16
78620,9,1,74,135,2018,3,8,5,3,2,6,0,0,0,0,0,0,1,0,6.63878E+20,5.35267E+21,1.121E+16,4.8306E+16
78621,9,4,73,175,2018,4,15,1,3,8,1,0,0,1,0,0,0,0,1,6.34753E+20,5.56934E+21,1.08906E+16,5.02608E+16
78622,9,1,84,121,2018,3,11,5,3,2,6,0,0,1,0,0,0,0,0,7.04331E+20,5.32988E+21,1.1744E+16,4.80894E+16
78623,9,7,80,143,2018,4,4,2,3,8,1,2,0,1,0,0,0,0,2,5.97367E+20,5.27874E+21,1.02967E+16,4.76547E+16
78624,9,1,84,121,2018,3,10,5,3,2,6,0,0,1,0,0,0,0,0,7.04984E+20,5.33168E+21,1.17537E+16,4.81054E+16
78625,9,4,75,154,2018,4,18,2,3,5,3,0,0,1,0,0,0,0,0,6.99239E+20,5.56371E+21,1.17914E+16,5.0192E+16
78626,9,1,75,115,2018,3,12,7,3,2,6,0,0,1,0,0,0,0,0,7.19115E+20,5.32749E+21,1.19411E+16,4.8063E+16
78627,9,1,62,0,2018,3,9,5,3,3,6,0,0,1,0,0,1,0,0,6.96451E+20,5.34324E+21,1.16445E+16,4.8212E+16
78628,9,1,61,0,2018,4,15,2,3,2,6,0,0,1,0,0,0,0,0,6.80817E+20,5.40502E+21,1.1461E+16,4.87719E+16
78629,9,1,86,152,2018,3,15,5,3,2,6,0,0,1,0,0,0,0,0,6.9118E+20,5.37293E+21,1.15871E+16,4.84804E+16
78630,9,1,84,119,2018,3,4,5,2,2,6,2,0,1,0,0,0,0,1,6.96387E+20,5.3479E+21,1.16458E+16,4.82539E+16
78631,9,2,73,152,2018,4,17,1,3,2,6,0,0,1,0,0,0,0,0,7.03383E+20,5.41077E+21,1.17706E+16,4.88166E+16
78632,9,7,78,173,2018,3,6,4,3,2,6,1,0,1,0,0,0,0,1,6.12704E+20,5.3207E+21,1.05118E+16,4.80296E+16
78633,9,6,79,175,2018,4,12,2,3,2,6,0,0,1,0,0,0,0,0,5.69676E+20,5.5129E+21,9.96751E+15,4.97645E+16
78634,9,7,78,144,2018,3,16,4,3,4,2,0,0,1,0,0,0,0,1,5.93043E+20,5.30403E+21,1.02445E+16,4.78829E+16
78635,9,3,73,113,2018,4,13,1,3,5,2,0,0,1,0,0,0,0,1,6.7996E+20,5.4652E+21,1.14761E+16,4.9313E+16
78636,9,7,63,0,2018,3,16,4,3,2,6,0,0,1,0,0,0,0,1,5.99537E+20,5.28775E+21,1.03276E+16,4.77355E+16
78637,9,7,72,200,2018,4,21,2,2,8,1,2,0,1,0,0,0,0,0,6.28602E+20,5.33905E+21,1.07304E+16,4.81916E+16
78638,9,7,80,143,2018,3,17,4,3,2,6,0,0,1,0,0,0,0,1,5.97922E+20,5.28156E+21,1.03047E+16,4.768E+16
78639,9,4,71,220,2018,4,20,2,2,6,4,2,0,1,1,0,0,0,0,6.16765E+20,5.51286E+21,1.06211E+16,4.97569E+16
78640,9,1,84,136,2018,3,0,6,3,4,6,2,0,1,0,0,0,0,0,6.97425E+20,5.32723E+21,1.16502E+16,4.80677E+16
78641,9,7,62,0,2018,3,12,4,3,4,2,0,0,1,0,0,0,0,0,6.20458E+20,5.30309E+21,1.06108E+16,4.78698E+16
78642,9,1,81,130,2018,4,8,2,3,5,2,0,1,1,0,0,0,0,0,6.38963E+20,5.32267E+21,1.08645E+16,4.80422E+16
78643,9,5,77,111,2018,3,14,7,3,8,7,0,0,1,0,0,0,0,0,6.33295E+20,5.44757E+21,1.08285E+16,4.91665E+16
78644,9,7,78,203,2018,3,18,4,2,0,1,0,1,0,0,0,0,0,1,6.20873E+20,5.32245E+21,1.06218E+16,4.80439E+16
78645,9,7,79,111,2018,3,14,4,3,5,3,0,0,1,0,0,0,0,0,6.19432E+20,5.41141E+21,1.06278E+16,4.88442E+16
78646,9,1,84,135,2018,4,19,1,3,2,6,2,0,1,0,0,0,0,0,6.88009E+20,5.34707E+21,1.15327E+16,4.8249E+16
78647,9,7,72,217,2018,3,16,4,3,3,6,0,0,1,0,0,0,0,0,6.36332E+20,5.3807E+21,1.08479E+16,4.85645E+16
78648,9,6,71,152,2018,4,13,2,3,5,3,0,0,1,0,1,0,0,0,5.14286E+20,5.55033E+21,9.19977E+15,5.0105E+16
78649,9,1,62,0,2018,3,17,6,3,2,7,0,0,1,0,1,0,0,0,6.85135E+20,5.34167E+21,1.14916E+16,4.82012E+16
78650,9,7,72,217,2018,3,18,4,3,4,1,0,0,1,0,0,0,0,1,6.3638E+20,5.37995E+21,1.08483E+16,4.85578E+16
78651,9,2,75,154,2018,4,18,2,3,6,4,0,0,1,1,0,0,0,0,8.08656E+20,5.39462E+21,1.31893E+16,4.86284E+16
78652,9,1,62,0,2018,3,17,6,3,6,6,0,0,1,1,0,0,0,0,6.95E+20,5.34136E+21,1.16241E+16,4.81955E+16
78653,9,7,71,146,2018,3,18,4,3,5,2,0,0,1,0,0,0,0,1,6.46781E+20,5.34872E+21,1.09783E+16,4.82747E+16
78654,9,7,72,177,2018,4,18,1,3,4,2,0,0,1,0,0,0,0,1,6.37215E+20,5.37603E+21,1.08583E+16,4.85224E+16
78655,9,6,75,174,2018,3,16,4,3,0,7,0,1,0,0,0,0,0,1,5.84678E+20,5.5242E+21,1.01783E+16,4.98642E+16
78656,9,3,72,116,2018,4,13,2,1,8,7,0,0,0,0,1,0,0,0,7.69705E+20,5.45502E+21,1.27018E+16,4.91886E+16
78657,9,6,75,139,2018,3,12,4,1,4,6,0,0,1,0,0,1,0,0,5.97145E+20,5.50866E+21,1.03478E+16,4.97226E+16
78658,9,7,64,0,2018,4,19,1,3,5,3,0,1,1,0,0,0,0,0,5.87766E+20,5.31675E+21,1.01765E+16,4.7998E+16
78659,9,6,72,114,2018,3,12,4,3,4,2,0,0,1,0,0,0,0,0,5.76874E+20,5.56013E+21,1.00769E+16,5.01884E+16
78660,9,6,76,160,2018,3,11,4,2,2,6,0,0,1,0,0,0,0,1,5.10628E+20,5.52933E+21,9.14804E+15,4.99163E+16
78661,9,7,80,140,2018,3,19,7,3,8,1,2,0,1,0,0,0,0,2,6.0569E+20,5.28109E+21,1.0408E+16,4.76746E+16
78662,9,6,76,121,2018,3,14,4,3,2,6,0,0,1,0,0,0,0,0,5.11253E+20,5.52048E+21,9.15649E+15,4.98367E+16
78663,9,5,74,139,2018,4,10,2,3,6,4,0,0,1,1,0,0,0,0,6.66805E+20,5.48026E+21,1.13015E+16,4.94521E+16
78664,9,6,61,0,2018,3,17,4,3,2,6,0,0,1,0,0,0,0,1,5.11106E+20,5.53597E+21,9.1549E+15,4.9976E+16
78665,9,2,79,113,2018,4,14,2,2,8,1,0,0,0,0,1,0,0,0,7.83207E+20,5.39389E+21,1.28443E+16,4.86339E+16
78666,9,6,71,114,2018,3,19,4,3,4,1,2,0,1,0,0,0,0,1,5.00911E+20,5.54487E+21,9.01272E+15,5.00561E+16
78667,9,5,72,139,2018,4,12,1,2,8,1,0,0,0,0,1,0,0,1,6.24071E+20,5.50864E+21,1.07212E+16,4.97174E+16
78668,9,5,74,123,2018,3,18,4,3,2,6,0,0,1,0,0,1,0,1,6.58395E+20,5.47337E+21,1.11828E+16,4.93924E+16
78669,9,7,76,129,2018,4,12,2,3,8,1,0,0,0,0,1,0,0,0,5.69352E+20,5.2699E+21,9.92222E+15,4.75788E+16
78670,9,5,76,148,2018,3,15,4,3,2,7,0,0,1,0,0,1,0,0,6.66635E+20,5.44168E+21,1.12831E+16,4.91054E+16
78671,9,5,72,132,2018,3,15,4,3,2,6,0,0,1,0,0,1,0,0,6.38527E+20,5.49275E+21,1.0916E+16,4.95715E+16
78672,9,5,77,161,2018,3,17,4,3,2,6,0,0,1,0,0,0,0,1,6.4796E+20,5.44402E+21,1.10283E+16,4.91312E+16
78673,9,5,71,188,2018,4,14,2,3,2,6,0,0,1,0,0,0,0,0,5.88398E+20,5.48165E+21,1.02204E+16,4.94811E+16
78674,9,4,63,0,2018,3,7,4,3,2,6,1,0,1,0,0,1,0,0,6.40911E+20,5.57234E+21,1.0978E+16,5.02863E+16
78675,9,1,80,124,2018,4,13,2,3,4,6,0,0,1,0,0,0,0,0,6.63283E+20,5.28222E+21,1.11752E+16,4.76728E+16
78676,9,4,73,132,2018,3,18,4,3,1,6,0,0,1,0,0,0,0,0,6.38116E+20,5.55858E+21,1.09338E+16,5.01633E+16
78677,9,4,61,0,2018,3,21,4,3,0,7,2,1,0,0,0,0,0,1,6.38077E+20,5.52783E+21,1.09222E+16,4.98869E+16
78678,9,4,71,123,2018,4,12,1,3,8,1,0,0,1,0,0,0,0,1,6.4507E+20,5.5189E+21,1.10161E+16,4.9805E+16
78679,9,3,75,180,2018,3,11,4,3,5,3,0,0,1,0,0,1,0,1,7.23989E+20,5.43135E+21,1.20622E+16,4.89943E+16
78680,9,7,79,169,2018,4,17,2,3,8,1,0,0,1,0,0,0,0,0,6.30501E+20,5.40341E+21,1.07761E+16,4.877E+16
78681,9,3,72,126,2018,3,15,4,2,4,2,0,0,1,0,0,0,0,0,7.81691E+20,5.46285E+21,1.28714E+16,4.92535E+16
78682,9,4,72,115,2018,4,15,2,3,2,2,0,0,0,0,1,0,0,0,6.5957E+20,5.52777E+21,1.12212E+16,4.9881E+16
78683,9,6,77,114,2018,3,8,7,2,8,1,0,0,1,0,0,0,0,1,5.73369E+20,5.54044E+21,1.0024E+16,5.00117E+16
78684,9,3,73,147,2018,3,5,4,3,0,6,1,0,1,0,0,0,0,1,6.77295E+20,5.46016E+21,1.14372E+16,4.92685E+16
78685,9,1,86,162,2018,4,17,2,3,5,2,0,0,1,0,1,0,0,0,6.93337E+20,5.38731E+21,1.16229E+16,4.86089E+16
78686,9,3,73,147,2018,3,17,4,3,8,1,0,0,1,0,0,0,0,0,6.68442E+20,5.45646E+21,1.13141E+16,4.92378E+16
78687,9,5,61,0,2018,4,23,2,3,4,2,2,0,1,0,0,0,0,0,6.15015E+20,5.46233E+21,1.05821E+16,4.93029E+16
78688,9,3,76,147,2018,3,6,4,3,5,3,2,0,1,0,0,0,0,1,7.45612E+20,5.47173E+21,1.2382E+16,4.93488E+16
78689,9,1,72,117,2018,4,15,2,2,5,2,0,0,0,0,1,0,0,0,7.98325E+20,5.2848E+21,1.29726E+16,4.76478E+16
78690,9,3,76,149,2018,3,8,4,3,2,7,0,0,0,0,0,0,1,1,7.39692E+20,5.45778E+21,1.22922E+16,4.92259E+16
78691,9,3,61,0,2018,3,21,4,3,5,3,2,1,1,0,0,0,0,1,7.0717E+20,5.48001E+21,1.18577E+16,4.94374E+16
78692,9,2,75,141,2018,4,13,1,3,2,6,0,0,1,0,0,0,0,0,8.19948E+20,5.37002E+21,1.33233E+16,4.8402E+16
78693,9,3,71,122,2018,3,19,4,3,8,1,1,0,1,0,0,0,0,1,7.1337E+20,5.48037E+21,1.19433E+16,4.94385E+16
78694,9,7,71,142,2018,4,8,2,3,5,3,0,1,1,0,0,0,0,0,6.45601E+20,5.35187E+21,1.09635E+16,4.83033E+16
78695,9,2,78,167,2018,3,15,4,3,5,3,0,0,1,0,0,0,0,0,7.69173E+20,5.40807E+21,1.26634E+16,4.87674E+16