OBJECTID_1,ULAND,UREGBEZ,UKREIS,UGEMEINDE,UJAHR,UMONAT,USTUNDE,UWOCHENTAG,UKATEGORIE,UART,UTYP1,ULICHTVERH,IstRad,IstPKW,IstFuss,IstKrad,IstGkfz,IstSonstig,STRZUSTAND,LINREFX,LINREFY,XGCSWGS84,YGCSWGS84
78696,9,3,77,148,2018,4,20,2,3,8,1,2,0,1,0,0,0,0,0,7.14244E+20,5.53496E+21,1.19852E+16,4.99286E+16
78697,9,2,63,0,2018,3,20,4,3,6,4,1,0,1,1,0,0,0,0,7.61483E+20,5.42021E+21,1.25667E+16,4.88796E+16
78698,9,1,81,120,2018,4,16,2,1,8,1,0,0,0,0,1,0,0,0,6.50205E+20,5.31995E+21,1.10142E+16,4.80152E+16
78699,9,4,64,0,2018,3,21,7,3,1,7,2,0,1,0,0,0,0,0,7.07862E+20,5.57764E+21,1.19197E+16,5.03142E+16
78700,9,2,78,172,2018,3,17,4,3,2,2,0,0,1,0,0,0,0,0,7.52507E+20,5.41768E+21,1.24429E+16,4.88607E+16
78701,9,7,78,187,2018,3,17,7,2,0,1,0,1,0,0,0,0,0,0,6.08452E+20,5.33073E+21,1.04573E+16,4.81205E+16
78702,9,7,78,123,2018,3,16,6,3,0,7,0,1,0,0,0,0,0,0,5.85018E+20,5.31315E+21,1.0139E+16,4.7966E+16
78703,9,5,76,151,2018,4,12,2,3,2,6,0,0,1,0,0,0,0,0,6.55563E+20,5.47215E+21,1.11434E+16,4.93821E+16
78704,9,6,78,193,2018,4,22,6,3,4,6,2,0,1,0,0,0,0,0,5.80637E+20,5.54103E+21,1.01256E+16,5.00161E+16
78705,9,5,77,136,2018,4,17,4,3,5,3,0,0,1,0,0,0,0,0,6.25677E+20,5.44163E+21,1.07222E+16,4.91146E+16
78706,9,3,72,153,2018,4,11,4,3,2,2,0,0,1,0,0,0,0,0,7.53925E+20,5.45618E+21,1.24863E+16,4.92058E+16
78707,9,3,72,137,2018,4,15,6,3,4,2,0,0,1,0,1,0,0,0,7.81279E+20,5.45367E+21,1.28593E+16,4.91713E+16
78708,9,3,72,117,2018,4,16,4,3,0,7,0,1,0,0,0,0,0,0,7.71617E+20,5.45459E+21,1.27277E+16,4.91839E+16
78709,9,1,61,0,2018,4,18,6,3,1,6,0,0,1,0,0,0,0,0,6.75693E+20,5.40473E+21,1.13912E+16,4.87707E+16
78710,9,3,76,141,2018,4,19,4,3,9,1,1,0,1,0,0,0,0,1,7.27431E+20,5.45322E+21,1.21215E+16,4.91895E+16
78711,9,7,74,143,2018,4,15,6,3,0,1,0,1,0,0,0,0,0,0,5.97066E+20,5.36042E+21,1.03111E+16,4.83895E+16
78712,9,5,77,173,2018,4,20,5,3,5,3,1,0,1,0,0,0,0,0,6.3648E+20,5.42453E+21,1.08645E+16,4.89586E+16
78713,9,2,76,128,2018,4,12,4,3,9,1,0,0,1,0,0,0,0,0,7.8459E+20,5.43867E+21,1.28941E+16,4.90351E+16
78714,9,5,64,0,2018,4,11,6,3,3,3,0,0,1,0,1,1,0,0,6.55723E+20,5.48131E+21,1.11492E+16,4.94644E+16
78715,9,3,75,175,2018,4,10,4,3,5,3,0,0,1,0,1,0,0,0,7.16219E+20,5.43448E+21,1.19578E+16,4.90253E+16
78716,9,2,78,192,2018,4,16,4,3,5,3,0,0,1,0,0,0,0,0,7.72151E+20,5.41577E+21,1.2709E+16,4.88352E+16
78717,9,2,72,121,2018,4,20,6,2,7,1,2,0,1,0,0,0,1,0,8.41957E+20,5.4126E+21,1.36547E+16,4.87722E+16
78718,9,2,63,0,2018,4,12,4,3,3,6,0,1,1,0,0,0,0,0,7.63097E+20,5.41948E+21,1.25882E+16,4.88724E+16
78719,9,1,84,119,2018,4,17,5,3,1,6,0,0,1,0,0,1,0,0,6.96325E+20,5.34642E+21,1.16443E+16,4.82406E+16
78720,9,2,71,119,2018,4,13,4,3,3,2,0,1,1,0,0,0,0,0,7.91071E+20,5.4156E+21,1.29661E+16,4.88251E+16
78721,9,7,72,202,2018,4,13,6,3,2,6,0,0,1,0,0,0,0,0,6.36647E+20,5.35966E+21,1.08453E+16,4.83753E+16
78722,9,1,88,139,2018,4,8,6,3,2,6,0,0,1,0,0,0,0,0,6.69696E+20,5.31903E+21,1.1275E+16,4.8002E+16
78723,9,2,75,111,2018,4,20,4,3,2,6,2,0,1,0,0,0,1,0,8.20119E+20,5.40116E+21,1.33495E+16,4.86813E+16
78724,9,2,75,127,2018,4,13,5,1,4,2,0,0,1,0,1,0,0,0,8.0641E+20,5.39742E+21,1.3161E+16,4.86546E+16
78725,9,7,77,170,2018,4,20,6,3,4,6,2,0,1,0,0,0,1,0,6.18507E+20,5.27903E+21,1.05782E+16,4.76538E+16
78726,9,2,75,143,2018,4,15,5,3,2,2,0,0,1,0,0,0,0,0,8.11116E+20,5.36539E+21,1.32009E+16,4.83649E+16
78727,9,7,62,0,2018,4,10,4,2,6,7,0,0,1,1,0,0,0,0,6.22187E+20,5.30778E+21,1.06352E+16,4.79117E+16
78728,9,4,64,0,2018,4,14,5,2,5,3,0,0,1,0,0,1,0,0,7.07074E+20,5.58037E+21,1.19101E+16,5.03389E+16
78729,9,2,75,133,2018,4,17,4,3,1,6,0,0,1,0,0,0,0,0,8.28221E+20,5.38259E+21,1.34446E+16,4.85105E+16
78730,9,4,64,0,2018,4,17,6,2,6,4,0,0,1,1,0,0,0,0,7.06449E+20,5.57783E+21,1.19E+16,5.03164E+16
78731,9,2,75,148,2018,4,16,4,2,0,1,0,1,0,0,0,0,0,0,8.50188E+20,5.39909E+21,1.37549E+16,4.86466E+16
78732,9,1,88,139,2018,4,12,6,3,3,6,0,0,1,0,0,1,0,0,6.80869E+20,5.32233E+21,1.14261E+16,4.80286E+16
78733,9,2,61,0,2018,4,18,4,3,4,2,0,0,1,0,0,0,0,0,7.33035E+20,5.3821E+21,1.21578E+16,4.85487E+16
78734,9,7,77,158,2018,4,14,5,3,2,6,0,0,1,0,0,0,0,0,6.19828E+20,5.30807E+21,1.06038E+16,4.79148E+16
78735,9,2,74,191,2018,4,17,4,3,5,3,0,0,1,0,0,0,0,0,7.46178E+20,5.39099E+21,1.23409E+16,4.86235E+16
78736,9,7,71,112,2018,4,14,6,3,2,2,0,0,1,0,0,0,1,0,6.47069E+20,5.36857E+21,1.09891E+16,4.84531E+16
78737,9,6,71,156,2018,4,15,4,3,2,6,0,0,1,0,0,1,0,0,5.2068E+20,5.5356E+21,9.2884E+15,4.99724E+16
78738,9,2,79,116,2018,4,18,4,3,2,6,0,0,1,0,0,0,0,0,7.59539E+20,5.39438E+21,1.2524E+16,4.86485E+16
78739,9,4,61,0,2018,4,8,6,2,4,2,0,0,1,0,0,1,0,0,6.40035E+20,5.5254E+21,1.09486E+16,4.98647E+16
78740,9,1,80,115,2018,4,15,4,2,8,1,0,0,0,0,1,0,0,0,6.53915E+20,5.27091E+21,1.10465E+16,4.75733E+16
78741,9,6,63,0,2018,4,19,4,2,3,3,0,1,0,0,0,0,1,0,5.6523E+20,5.51614E+21,9.90633E+15,4.97941E+16
78742,9,3,74,133,2018,4,15,5,3,8,1,0,0,1,0,0,0,0,1,7.25716E+20,5.49474E+21,1.21216E+16,4.95631E+16
78743,9,1,89,155,2018,4,9,4,2,6,4,0,0,1,1,0,0,0,0,7.7172E+20,5.30965E+21,1.26346E+16,4.78826E+16
78744,9,4,78,116,2018,4,13,6,3,5,3,0,0,1,0,0,0,0,0,6.65346E+20,5.5549E+21,1.13132E+16,5.01233E+16
78745,9,1,89,154,2018,4,8,4,2,4,2,0,0,1,0,0,1,0,0,7.6795E+20,5.31913E+21,1.25902E+16,4.79693E+16
78746,9,1,72,130,2018,4,12,6,2,4,6,0,0,0,0,1,0,1,0,7.95097E+20,5.31235E+21,1.29484E+16,4.78966E+16
78747,9,1,89,141,2018,4,12,4,3,5,2,0,0,1,0,0,0,0,0,7.54557E+20,5.2906E+21,1.23943E+16,4.77185E+16
78748,9,7,79,181,2018,4,6,5,3,0,7,1,0,1,0,0,0,0,0,6.31206E+20,5.38947E+21,1.07812E+16,4.86445E+16
78749,9,1,89,120,2018,4,18,4,3,5,3,0,0,1,0,0,0,0,0,7.55457E+20,5.29902E+21,1.24112E+16,4.77939E+16
78750,9,6,78,150,2018,4,14,6,2,9,1,0,0,1,0,0,0,0,0,5.90431E+20,5.53601E+21,1.0261E+16,4.99696E+16
78751,9,5,64,0,2018,4,16,4,3,2,6,0,0,1,0,0,1,0,0,6.46871E+20,5.47608E+21,1.10251E+16,4.94197E+16
78752,9,1,71,117,2018,4,14,4,3,2,6,0,0,1,0,0,0,0,0,7.67577E+20,5.33486E+21,1.2595E+16,4.81108E+16
78753,9,3,75,175,2018,4,21,6,3,8,1,2,0,0,0,1,0,0,0,7.16631E+20,5.43489E+21,1.19637E+16,4.90288E+16
78754,9,1,87,129,2018,4,9,4,3,2,6,0,0,1,0,0,0,0,0,7.22337E+20,5.30079E+21,1.19705E+16,4.7822E+16
78755,9,1,87,117,2018,4,13,6,3,5,2,0,0,1,0,1,0,0,0,7.23702E+20,5.30704E+21,1.19919E+16,4.78777E+16
78756,9,1,82,119,2018,4,14,4,3,2,2,0,0,1,0,0,0,0,0,7.09975E+20,5.29247E+21,1.18015E+16,4.77514E+16
78757,9,7,75,164,2018,4,13,6,3,2,6,0,0,1,0,0,0,0,0,5.86086E+20,5.34978E+21,1.01607E+16,4.82953E+16
78758,9,1,87,120,2018,4,14,6,2,1,6,0,0,0,0,0,1,0,0,7.33385E+20,5.29364E+21,1.2114E+16,4.77539E+16
78759,9,1,86,137,2018,4,14,4,3,5,3,0,0,1,0,0,1,0,0,6.84634E+20,5.39925E+21,1.15103E+16,4.87189E+16
78760,9,6,78,168,2018,4,13,5,3,9,1,0,0,1,0,0,0,0,1,5.82635E+20,5.55504E+21,1.01565E+16,5.01418E+16
78761,9,1,86,152,2018,4,10,4,3,2,6,0,0,1,0,0,0,0,0,6.91472E+20,5.37991E+21,1.15943E+16,4.85431E+16
78762,9,6,72,113,2018,4,17,6,3,5,3,0,0,1,0,0,0,0,0,5.54879E+20,5.57614E+21,9.77112E+15,5.03348E+16
78763,9,2,74,128,2018,4,14,5,2,2,6,0,0,1,0,0,0,0,0,7.38809E+20,5.38863E+21,1.22397E+16,4.86051E+16
78764,9,5,71,180,2018,4,15,4,3,2,2,0,0,1,0,0,0,0,0,6.30329E+20,5.46279E+21,1.07928E+16,4.9304E+16
78765,9,1,76,161,2018,4,19,4,1,4,1,1,0,1,0,1,0,0,0,6.79556E+20,5.41544E+21,1.14484E+16,4.88659E+16
78766,9,3,76,150,2018,4,18,6,3,5,3,0,0,1,0,1,0,0,0,7.28703E+20,5.49223E+21,1.21614E+16,4.95395E+16
78767,9,1,79,142,2018,4,16,4,2,5,3,0,1,1,0,0,0,0,0,6.74816E+20,5.34095E+21,1.13526E+16,4.81977E+16
78768,9,1,86,162,2018,4,0,6,3,4,6,2,1,1,0,0,0,0,0,6.92757E+20,5.38707E+21,1.1615E+16,4.8607E+16
78769,9,1,88,117,2018,4,17,4,2,5,2,0,0,1,0,1,0,0,0,6.63918E+20,5.31529E+21,1.11962E+16,4.79699E+16
78770,9,2,77,140,2018,4,17,5,2,5,3,0,0,1,0,0,0,0,0,7.93023E+20,5.35934E+21,1.2953E+16,4.83193E+16
78771,9,7,76,113,2018,4,16,6,3,3,2,0,0,1,0,1,0,0,0,5.79787E+20,5.27441E+21,1.00618E+16,4.76182E+16
78772,9,2,74,128,2018,4,14,5,2,1,6,0,0,1,0,0,0,0,0,7.38819E+20,5.38862E+21,1.22398E+16,4.8605E+16
78773,9,5,71,175,2018,4,14,5,3,5,3,0,0,1,0,0,0,0,0,6.24641E+20,5.45757E+21,1.0713E+16,4.92582E+16
78774,9,1,75,135,2018,4,16,4,3,2,6,0,0,1,0,0,0,0,0,7.08323E+20,5.33902E+21,1.18021E+16,4.81702E+16
78775,9,5,73,127,2018,4,15,6,3,4,2,0,0,1,0,0,0,0,0,6.46409E+20,5.47568E+21,1.10186E+16,4.94161E+16
78776,9,3,72,158,2018,4,17,4,3,2,2,0,0,1,0,0,0,0,0,7.64507E+20,5.45406E+21,1.26299E+16,4.91822E+16
78777,9,5,64,0,2018,4,20,5,3,0,7,2,1,1,0,0,0,0,0,6.47183E+20,5.48047E+21,1.10311E+16,4.9459E+16
78778,9,2,71,125,2018,4,22,5,2,4,2,2,0,1,0,0,0,0,0,7.96922E+20,5.40997E+21,1.30415E+16,4.87718E+16
78779,9,1,78,143,2018,4,10,4,2,2,7,0,0,1,0,0,0,0,0,7.19076E+20,5.37304E+21,1.19642E+16,4.84723E+16
78780,9,5,72,135,2018,4,14,6,3,2,6,0,0,1,0,0,0,0,0,6.31607E+20,5.51177E+21,1.08267E+16,4.9744E+16
78781,9,4,71,115,2018,4,16,4,3,8,1,0,0,1,0,0,0,0,0,6.30773E+20,5.54037E+21,1.08248E+16,5.00013E+16
78782,9,1,84,147,2018,4,12,3,3,2,6,0,0,1,0,0,0,0,0,6.9556E+20,5.3399E+21,1.1631E+16,4.81822E+16
78783,9,2,77,140,2018,4,14,6,3,2,6,0,0,1,0,0,0,0,0,7.92876E+20,5.36022E+21,1.29516E+16,4.83272E+16
78784,9,1,84,135,2018,4,7,3,3,4,2,0,1,1,0,0,0,0,0,6.89738E+20,5.34791E+21,1.15563E+16,4.8256E+16
78785,9,1,81,127,2018,4,10,6,3,9,6,0,0,1,0,0,0,0,0,6.3635E+20,5.32678E+21,1.08307E+16,4.80797E+16
78786,9,1,62,0,2018,4,18,3,3,2,6,0,0,1,0,0,0,0,0,6.84512E+20,5.34301E+21,1.14839E+16,4.82134E+16
78787,9,2,77,149,2018,4,21,5,3,9,1,2,0,1,0,0,0,0,1,7.95874E+20,5.36801E+21,1.29974E+16,4.83957E+16
78788,9,7,79,111,2018,4,12,6,3,5,3,0,1,1,0,0,0,0,0,6.19182E+20,5.41137E+21,1.06244E+16,4.88439E+16
78789,9,7,61,0,2018,4,9,4,3,2,6,0,0,1,0,0,0,0,0,6.40484E+20,5.36399E+21,1.08985E+16,4.84134E+16
78790,9,4,71,220,2018,4,12,5,3,5,3,0,0,1,0,0,0,0,1,6.16764E+20,5.51287E+21,1.06211E+16,4.9757E+16
78791,9,1,62,0,2018,4,16,3,3,3,6,0,0,1,0,0,0,0,0,6.92031E+20,5.33151E+21,1.15798E+16,4.81079E+16
78792,9,4,64,0,2018,4,14,6,3,5,3,0,0,1,0,0,0,0,0,7.05194E+20,5.57743E+21,1.18821E+16,5.03132E+16
78793,9,7,78,123,2018,4,12,3,3,2,6,0,0,1,0,0,0,0,0,5.85089E+20,5.31603E+21,1.01405E+16,4.79919E+16
78794,9,1,80,117,2018,4,12,6,3,5,3,0,1,1,0,0,0,0,0,6.59084E+20,5.26182E+21,1.1112E+16,4.74904E+16
78795,9,7,75,135,2018,4,11,3,3,2,6,0,0,1,0,0,0,0,0,5.74721E+20,5.36067E+21,1.00094E+16,4.83948E+16
78796,9,7,77,163,2018,4,22,5,3,7,7,2,0,1,0,0,0,0,0,6.29393E+20,5.27598E+21,1.07221E+16,4.76243E+16
78797,9,2,73,164,2018,4,22,6,3,9,1,2,0,1,0,0,0,0,0,6.93705E+20,5.42534E+21,1.16458E+16,4.89506E+16
78798,9,7,78,221,2018,4,11,3,3,5,3,0,0,1,0,0,0,0,0,5.95853E+20,5.33886E+21,1.02899E+16,4.81957E+16
78799,9,1,84,118,2018,4,19,5,2,3,7,2,0,1,0,0,0,0,1,7.03216E+20,5.33631E+21,1.17322E+16,4.81476E+16
78800,9,7,74,150,2018,4,18,3,3,5,3,0,0,1,0,0,0,0,0,6.01056E+20,5.34433E+21,1.03612E+16,4.82441E+16
78801,9,7,61,0,2018,4,7,6,3,2,6,0,0,1,0,0,0,0,0,6.42416E+20,5.35926E+21,1.0923E+16,4.83705E+16
78802,9,6,73,116,2018,4,5,4,2,0,7,2,0,1,0,0,0,0,1,5.86044E+20,5.58333E+21,1.02106E+16,5.03957E+16
78803,9,3,72,158,2018,4,17,5,3,8,1,0,0,1,0,0,0,0,1,7.62682E+20,5.45067E+21,1.26027E+16,4.91526E+16
78804,9,7,73,150,2018,4,11,3,2,5,3,0,1,1,0,0,0,0,0,6.1194E+20,5.38667E+21,1.0519E+16,4.8623E+16
78805,9,4,77,142,2018,4,15,6,2,4,6,0,0,1,0,0,0,0,0,6.77613E+20,5.54299E+21,1.14791E+16,5.00127E+16
78806,9,7,71,145,2018,4,12,3,3,0,1,0,1,0,0,0,0,0,0,6.47664E+20,5.34593E+21,1.09892E+16,4.82494E+16
78807,9,1,72,134,2018,4,19,6,3,5,2,0,0,1,0,0,0,0,0,7.87405E+20,5.30583E+21,1.28414E+16,4.78415E+16
78808,9,6,79,154,2018,4,15,3,1,2,6,0,0,1,0,0,1,0,0,5.58562E+20,5.51084E+21,9.81288E+15,4.97472E+16
78809,9,2,73,166,2018,4,12,5,3,5,3,0,0,1,0,0,0,0,0,7.13433E+20,5.41675E+21,1.19105E+16,4.8867E+16
78810,9,2,76,143,2018,4,18,5,3,1,6,0,0,1,0,0,0,0,1,7.91791E+20,5.43965E+21,1.2993E+16,4.90405E+16
78811,9,7,72,200,2018,4,15,5,3,0,7,0,1,0,0,0,0,0,0,6.29752E+20,5.33724E+21,1.07454E+16,4.81751E+16
78812,9,6,79,201,2018,4,9,3,2,8,7,0,0,1,0,0,1,0,0,5.71395E+20,5.52558E+21,9.9937E+15,4.98784E+16
78813,9,6,73,114,2018,4,16,6,3,0,3,0,1,1,0,1,0,0,0,5.86371E+20,5.57499E+21,1.02133E+16,5.03206E+16
78814,9,5,77,115,2018,4,20,4,3,7,7,2,0,1,0,0,0,0,0,6.57328E+20,5.43852E+21,1.11545E+16,4.90794E+16
78815,9,6,79,143,2018,4,21,3,2,5,3,2,0,1,0,0,0,0,0,5.73653E+20,5.52919E+21,1.00258E+16,4.99105E+16
78816,9,6,79,156,2018,4,13,3,3,4,2,0,0,1,0,0,0,0,0,5.74095E+20,5.52263E+21,1.00307E+16,4.98515E+16
78817,9,6,79,124,2018,4,18,6,3,4,1,0,0,1,0,0,0,0,0,5.71482E+20,5.50904E+21,9.99187E+15,4.97296E+16
78818,9,5,76,151,2018,4,23,4,3,2,6,2,0,1,0,0,0,0,0,6.54277E+20,5.47068E+21,1.11251E+16,4.93693E+16
78819,9,6,63,0,2018,4,12,3,3,1,6,0,0,1,0,0,0,0,0,5.67599E+20,5.5135E+21,9.93877E+15,4.97702E+16
78820,9,3,77,141,2018,4,13,6,3,1,6,0,0,1,0,0,0,0,0,7.32124E+20,5.53669E+21,1.2235E+16,4.99374E+16
78821,9,6,75,141,2018,4,14,3,3,8,7,0,0,1,0,0,0,0,0,5.82354E+20,5.51041E+21,1.0143E+16,4.97405E+16
78822,9,1,87,128,2018,4,12,6,3,8,6,0,0,1,0,0,0,0,0,7.45724E+20,5.31337E+21,1.22896E+16,4.79265E+16
78823,9,6,77,203,2018,4,9,3,2,8,6,0,0,1,0,0,0,0,1,5.53827E+20,5.52767E+21,9.7495E+15,4.9899E+16
78824,9,1,90,132,2018,4,6,5,2,4,2,1,0,1,0,1,0,0,0,6.75449E+20,5.29361E+21,1.13418E+16,4.7772E+16
78825,9,5,76,151,2018,4,22,5,3,0,7,2,0,1,0,0,0,0,0,6.59298E+20,5.47025E+21,1.1194E+16,4.93641E+16
78826,9,6,74,149,2018,4,12,3,3,2,6,0,0,1,0,0,0,0,0,6.08734E+20,5.55444E+21,1.05214E+16,5.01322E+16
78827,9,6,61,0,2018,4,9,6,3,2,6,0,0,1,0,0,0,0,0,5.10023E+20,5.53871E+21,9.13985E+15,5.00007E+16
78828,9,2,74,134,2018,4,13,5,3,4,6,0,0,1,0,0,0,1,0,7.40632E+20,5.3718E+21,1.22547E+16,4.84533E+16
78829,9,5,75,133,2018,4,16,4,3,4,6,0,0,1,0,0,0,0,0,6.04417E+20,5.47934E+21,1.04409E+16,4.94577E+16
78830,9,6,76,139,2018,4,7,3,3,5,3,0,1,1,0,0,0,0,0,5.18651E+20,5.50582E+21,9.25866E+15,4.97046E+16
78831,9,2,76,122,2018,4,18,6,3,2,2,0,0,1,0,0,0,0,0,7.90386E+20,5.43784E+21,1.29726E+16,4.9025E+16
78832,9,5,74,164,2018,4,9,3,3,2,6,0,0,1,0,0,0,1,0,6.67097E+20,5.47454E+21,1.13032E+16,4.94006E+16
78833,9,1,83,124,2018,4,18,5,3,8,1,0,0,1,0,0,0,0,1,7.53396E+20,5.33997E+21,1.24079E+16,4.81625E+16
78834,9,1,76,114,2018,4,12,6,2,2,6,0,0,1,0,0,0,0,0,6.80299E+20,5.43425E+21,1.14669E+16,4.90347E+16
78835,9,5,74,123,2018,4,6,3,2,1,6,0,0,1,0,0,1,0,0,6.62692E+20,5.48083E+21,1.12451E+16,4.94583E+16
78836,9,3,73,159,2018,4,18,6,2,9,1,0,0,0,0,1,0,0,0,6.81321E+20,5.45827E+21,1.14916E+16,4.92503E+16
78837,9,5,72,127,2018,4,19,3,2,1,6,1,0,1,0,1,0,0,0,6.35434E+20,5.49935E+21,1.08755E+16,4.96315E+16
78838,9,1,76,120,2018,4,7,6,3,8,6,0,0,1,0,0,0,0,0,6.8018E+20,5.42283E+21,1.14602E+16,4.89321E+16
78839,9,5,72,133,2018,4,18,3,1,4,6,0,0,1,0,1,0,0,0,6.37499E+20,5.49717E+21,1.09033E+16,4.96115E+16
78840,9,7,75,152,2018,4,14,6,3,2,6,0,0,1,0,0,0,0,0,5.81179E+20,5.3522E+21,1.0095E+16,4.83177E+16
78841,9,1,89,157,2018,4,12,5,3,5,3,0,0,1,0,0,0,0,0,7.63524E+20,5.32568E+21,1.2535E+16,4.803E+16
78842,9,5,64,0,2018,4,16,5,3,2,6,0,0,1,0,0,0,0,0,6.55059E+20,5.48215E+21,1.11403E+16,4.94722E+16
78843,9,5,72,121,2018,4,13,3,2,5,3,0,1,1,0,0,0,0,0,6.5612E+20,5.49472E+21,1.11599E+16,4.95849E+16
78844,9,5,76,121,2018,4,20,6,3,4,6,2,0,1,0,0,1,0,0,6.50146E+20,5.44827E+21,1.10598E+16,4.91689E+16
78845,9,3,62,0,2018,4,16,4,3,2,6,0,0,1,0,0,0,0,0,7.29463E+20,5.43526E+21,1.21392E+16,4.90275E+16
78846,9,5,74,112,2018,4,17,3,3,2,2,0,0,1,0,0,0,0,0,6.70221E+20,5.47271E+21,1.13454E+16,4.93833E+16
78847,9,2,75,124,2018,4,2,6,3,1,1,2,0,1,0,0,0,0,0,8.10261E+20,5.38231E+21,1.32019E+16,4.85172E+16
78848,9,5,63,0,2018,4,11,3,3,6,4,0,1,0,1,0,0,0,0,6.44626E+20,5.48278E+21,1.09967E+16,4.94804E+16
78849,9,1,71,137,2018,4,12,5,3,4,2,0,0,1,0,0,0,0,0,7.70873E+20,5.35202E+21,1.26501E+16,4.82634E+16
78850,9,1,77,144,2018,4,9,6,3,5,3,0,0,1,0,0,0,0,0,7.15191E+20,5.34763E+21,1.18987E+16,4.82453E+16
78851,9,5,71,183,2018,4,14,3,2,9,1,0,0,1,0,0,0,0,0,6.05021E+20,5.47197E+21,1.04472E+16,4.93913E+16
78852,9,7,72,171,2018,4,8,6,3,3,6,0,0,1,0,0,0,0,0,6.38948E+20,5.36965E+21,1.08797E+16,4.84646E+16
78853,9,1,61,0,2018,4,14,5,3,0,7,0,1,0,0,0,0,0,0,6.79036E+20,5.40492E+21,1.14367E+16,4.87715E+16
78854,9,7,72,200,2018,4,15,4,3,5,3,0,0,1,0,0,0,0,0,6.29164E+20,5.33677E+21,1.07373E+16,4.81711E+16
78855,9,4,61,0,2018,4,15,5,3,2,6,0,0,1,0,0,0,0,1,6.37889E+20,5.52924E+21,1.09201E+16,4.98996E+16
78856,9,5,71,190,2018,4,11,3,3,6,4,0,0,1,1,0,0,0,0,6.27009E+20,5.4633E+21,1.07473E+16,4.93092E+16
78857,9,4,78,139,2018,4,18,6,3,2,6,0,0,1,0,0,0,0,0,6.51472E+20,5.55796E+21,1.11204E+16,5.01545E+16
78858,9,7,77,170,2018,4,13,6,1,5,3,0,1,1,0,0,0,0,0,6.1845E+20,5.27904E+21,1.05774E+16,4.76539E+16
78859,9,4,75,154,2018,4,6,5,3,4,2,1,0,1,0,0,0,0,1,6.9784E+20,5.56317E+21,1.17715E+16,5.01876E+16
78860,9,5,71,135,2018,4,6,3,3,8,1,2,0,1,0,0,0,0,0,6.24323E+20,5.47324E+21,1.07135E+16,4.93991E+16
78861,9,5,75,166,2018,4,13,6,3,5,6,0,0,0,0,0,0,1,0,6.13842E+20,5.47991E+21,1.0571E+16,4.94612E+16
78862,9,3,72,125,2018,4,16,4,2,5,3,0,1,1,0,0,0,0,0,7.56093E+20,5.44246E+21,1.25073E+16,4.90817E+16
78863,9,1,62,0,2018,4,7,6,3,3,6,0,0,1,0,0,1,0,0,6.86996E+20,5.33134E+21,1.15121E+16,4.81079E+16
78864,9,4,77,121,2018,4,12,3,2,8,7,0,0,1,0,0,0,0,0,6.87418E+20,5.54885E+21,1.16187E+16,5.00624E+16
78865,9,1,85,158,2018,4,13,5,3,5,3,0,0,1,0,0,1,0,0,6.66495E+20,5.38133E+21,1.12567E+16,4.8563E+16
78866,9,7,75,129,2018,4,10,5,3,2,6,0,0,1,0,0,0,1,0,5.81926E+20,5.34173E+21,1.0103E+16,4.82235E+16
78867,9,4,72,131,2018,4,18,3,3,0,1,0,0,0,0,1,0,0,0,6.72746E+20,5.53465E+21,1.14075E+16,4.99392E+16
78868,9,7,71,158,2018,4,15,6,2,8,1,0,0,0,0,1,0,0,0,6.4023E+20,5.37255E+21,1.0898E+16,4.84904E+16
78869,9,6,71,111,2018,4,18,4,3,0,1,0,0,1,0,0,0,0,0,5.0253E+20,5.54804E+21,9.03537E+15,5.00846E+16
78870,9,3,73,112,2018,4,5,5,3,2,6,1,0,1,0,0,0,1,0,6.8357E+20,5.44401E+21,1.1516E+16,4.91215E+16
78871,9,4,74,126,2018,4,14,3,3,1,6,0,0,1,0,0,0,0,0,6.48409E+20,5.50587E+21,1.10576E+16,4.96871E+16
78872,9,4,74,126,2018,4,16,6,3,3,6,0,0,1,0,1,0,0,0,6.4851E+20,5.50711E+21,1.10594E+16,4.96982E+16
78873,9,4,74,129,2018,4,15,3,3,9,1,0,0,1,0,0,0,0,0,6.6706E+20,5.51581E+21,1.13202E+16,4.97715E+16
78874,9,1,87,165,2018,4,9,6,3,8,7,0,0,0,0,0,1,0,0,7.31575E+20,5.29923E+21,1.20929E+16,4.78048E+16
78875,9,4,61,0,2018,4,22,3,3,4,2,2,0,1,0,0,0,0,0,6.37887E+20,5.52929E+21,1.09201E+16,4.99001E+16
78876,9,3,77,146,2018,4,6,3,1,5,3,0,0,1,0,1,0,0,0,7.4138E+20,5.52351E+21,1.23556E+16,4.98154E+16
78877,9,1,83,120,2018,4,20,6,3,2,6,2,0,1,0,0,0,0,0,7.51534E+20,5.34981E+21,1.23887E+16,4.82515E+16
78878,9,3,74,111,2018,4,13,3,3,2,6,0,0,1,0,0,0,0,0,7.2776E+20,5.51265E+21,1.21602E+16,4.97232E+16
78879,9,1,88,121,2018,4,6,5,3,3,6,1,0,1,0,0,1,0,0,6.72384E+20,5.3296E+21,1.13153E+16,4.80963E+16
78880,9,7,79,201,2018,4,6,5,3,5,3,1,0,1,0,0,1,0,0,6.41666E+20,5.3963E+21,1.09255E+16,4.87037E+16
78881,9,3,73,167,2018,4,14,3,3,3,6,0,0,1,0,0,1,0,0,6.94474E+20,5.45332E+21,1.16698E+16,4.92018E+16
78882,9,6,77,177,2018,4,17,6,2,4,6,0,0,1,0,0,0,0,0,5.47313E+20,5.55111E+21,9.6617E+15,5.01104E+16