OBJECTID_1,ULAND,UREGBEZ,UKREIS,UGEMEINDE,UJAHR,UMONAT,USTUNDE,UWOCHENTAG,UKATEGORIE,UART,UTYP1,ULICHTVERH,IstRad,IstPKW,IstFuss,IstKrad,IstGkfz,IstSonstig,STRZUSTAND,LINREFX,LINREFY,XGCSWGS84,YGCSWGS84
78883,9,5,72,131,2018,4,6,4,3,2,6,1,0,1,0,0,0,0,0,6.56427E+20,5.48247E+21,1.11593E+16,4.94747E+16
78884,9,3,62,0,2018,4,16,3,3,2,6,0,0,1,0,1,0,0,0,7.307E+20,5.43492E+21,1.21559E+16,4.9024E+16
78885,9,3,77,148,2018,4,17,6,2,5,2,0,0,1,0,0,0,0,0,7.17573E+20,5.53845E+21,1.20335E+16,4.99587E+16
78886,9,3,71,126,2018,4,16,3,3,2,6,0,0,1,0,0,0,0,0,7.03553E+20,5.4893E+21,1.18127E+16,4.95221E+16
78887,9,1,87,130,2018,4,15,6,3,4,3,0,1,1,0,0,0,0,0,7.16821E+20,5.31343E+21,1.19032E+16,4.79375E+16
78888,9,3,76,170,2018,4,0,3,2,8,1,2,0,1,0,0,0,0,0,7.26525E+20,5.45671E+21,1.21111E+16,4.92213E+16
78889,9,1,79,121,2018,4,14,5,3,2,6,0,0,1,0,0,0,0,0,6.67635E+20,5.33857E+21,1.12551E+16,4.81783E+16
78890,9,5,64,0,2018,4,12,5,3,2,6,0,0,1,0,0,1,0,1,6.48343E+20,5.47727E+21,1.10459E+16,4.943E+16
78891,9,3,71,136,2018,4,13,3,3,2,6,0,0,1,0,0,0,0,0,7.11489E+20,5.47869E+21,1.19165E+16,4.9424E+16
78892,9,5,65,0,2018,4,12,6,3,2,6,0,0,1,0,0,0,0,0,6.49086E+20,5.46576E+21,1.10518E+16,4.93263E+16
78893,9,4,74,126,2018,4,14,4,2,0,1,0,0,0,0,1,0,0,0,6.48594E+20,5.50631E+21,1.10603E+16,4.9691E+16
78894,9,1,78,143,2018,4,9,5,3,5,2,0,0,1,0,1,0,0,0,7.1902E+20,5.37216E+21,1.1963E+16,4.84644E+16
78895,9,6,77,148,2018,4,13,5,3,5,3,0,0,1,0,0,0,0,1,5.54442E+20,5.5342E+21,9.75899E+15,4.99577E+16
78896,9,2,76,127,2018,4,8,3,3,8,1,0,0,0,0,0,0,1,0,8.11648E+20,5.423E+21,1.32513E+16,4.88815E+16
78897,9,6,78,168,2018,4,20,6,3,5,3,2,0,1,0,0,0,0,0,5.82121E+20,5.54833E+21,1.01478E+16,5.00816E+16
78898,9,5,75,121,2018,4,13,4,3,2,6,0,0,1,0,1,0,0,0,6.21679E+20,5.49166E+21,1.06827E+16,4.95653E+16
78899,9,2,71,119,2018,4,16,3,3,4,2,0,0,1,0,0,0,0,0,7.92577E+20,5.41861E+21,1.29887E+16,4.88514E+16
78900,9,3,72,177,2018,4,12,6,2,2,2,0,0,1,0,1,1,0,0,7.71177E+20,5.44679E+21,1.27164E+16,4.9114E+16
78901,9,2,78,118,2018,4,15,3,2,8,1,0,0,0,0,1,0,0,0,7.75165E+20,5.42571E+21,1.27566E+16,4.89231E+16
78902,9,1,77,117,2018,4,18,5,3,3,6,0,0,1,0,0,0,0,1,7.14446E+20,5.35546E+21,1.18926E+16,4.83159E+16
78903,9,1,86,116,2018,4,5,6,3,4,2,2,0,1,0,1,0,0,0,6.90999E+20,5.4006E+21,1.15974E+16,4.87291E+16
78904,9,2,75,153,2018,4,15,3,3,2,1,0,0,1,0,0,0,0,0,8.45928E+20,5.39079E+21,1.36903E+16,4.85746E+16
78905,9,7,76,112,2018,4,14,6,3,0,1,0,1,0,0,0,0,0,0,5.73106E+20,5.27751E+21,9.97341E+15,4.76469E+16
78906,9,1,77,117,2018,4,10,5,3,1,6,0,0,1,0,0,0,0,0,7.1588E+20,5.3551E+21,1.19118E+16,4.83122E+16
78907,9,5,71,226,2018,4,13,5,3,8,6,0,0,1,0,0,0,0,0,6.356E+20,5.45682E+21,1.08633E+16,4.92491E+16
78908,9,2,75,151,2018,4,9,5,3,2,6,0,0,1,0,0,0,0,0,8.21543E+20,5.39344E+21,1.33628E+16,4.86113E+16
78909,9,2,75,119,2018,4,17,3,2,4,6,0,0,0,0,1,0,1,0,8.32388E+20,5.40191E+21,1.35163E+16,4.86816E+16
78910,9,5,64,0,2018,4,16,6,3,3,6,0,0,1,0,0,0,0,0,6.5295E+20,5.47599E+21,1.11089E+16,4.94174E+16
78911,9,3,75,130,2018,4,17,4,1,4,6,0,0,1,0,0,1,0,0,7.34024E+20,5.43548E+21,1.22016E+16,4.90278E+16
78912,9,2,74,184,2018,4,5,6,3,5,3,1,0,1,0,0,0,0,0,7.47812E+20,5.37039E+21,1.23508E+16,4.84379E+16
78913,9,2,75,143,2018,4,10,3,2,5,3,0,0,1,0,0,0,1,0,8.09255E+20,5.36992E+21,1.31791E+16,4.84064E+16
78914,9,1,84,145,2018,4,8,4,3,5,3,0,0,1,0,0,0,0,0,6.98329E+20,5.32448E+21,1.1661E+16,4.80428E+16
78915,9,2,72,143,2018,4,11,3,3,9,1,0,0,1,0,0,0,0,0,8.22092E+20,5.42552E+21,1.33953E+16,4.88987E+16
78916,9,2,78,143,2018,4,14,6,3,5,3,0,0,1,0,1,0,0,0,7.71378E+20,5.44118E+21,1.27154E+16,4.90636E+16
78917,9,2,77,144,2018,4,14,3,2,4,2,0,0,0,0,1,0,1,0,7.85249E+20,5.37922E+21,1.28619E+16,4.85013E+16
78918,9,1,62,0,2018,4,15,4,2,4,2,0,0,1,0,1,0,0,0,7.01858E+20,5.33531E+21,1.17134E+16,4.8139E+16
78919,9,1,81,145,2018,4,17,6,2,8,1,0,0,0,0,1,0,0,0,6.47293E+20,5.32953E+21,1.09785E+16,4.8102E+16
78920,9,2,73,166,2018,4,7,3,3,2,5,0,0,1,0,0,0,0,0,7.12422E+20,5.41523E+21,1.18959E+16,4.88536E+16
78921,9,7,79,188,2018,4,7,6,3,8,7,1,0,1,0,0,0,0,0,6.22403E+20,5.41877E+21,1.06705E+16,4.89098E+16
78922,9,1,62,0,2018,4,16,4,3,2,6,0,0,1,0,0,0,0,0,6.94588E+20,5.33612E+21,1.16162E+16,4.81486E+16
78923,9,7,80,124,2018,4,14,4,2,0,1,0,1,0,0,0,0,0,0,5.92608E+20,5.26748E+21,1.02309E+16,4.75541E+16
78924,9,4,74,154,2018,4,10,5,3,5,3,0,1,0,0,0,0,0,0,6.5383E+20,5.49766E+21,1.11294E+16,4.96119E+16
78925,9,2,73,164,2018,4,14,3,2,3,2,0,0,0,0,1,0,1,0,6.96817E+20,5.42398E+21,1.16876E+16,4.89374E+16
78926,9,4,75,169,2018,4,15,6,3,5,3,0,0,1,0,0,0,0,0,6.87046E+20,5.57452E+21,1.16261E+16,5.02931E+16
78927,9,2,79,134,2018,4,13,3,2,5,3,0,0,1,0,0,0,0,0,7.68491E+20,5.38368E+21,1.26383E+16,4.85487E+16
78928,9,2,71,119,2018,4,13,5,3,2,6,0,0,0,0,0,1,0,0,7.87314E+20,5.41581E+21,1.29151E+16,4.88287E+16
78929,9,1,90,142,2018,4,16,6,3,4,6,0,0,1,0,0,0,0,0,6.62907E+20,5.29517E+21,1.11751E+16,4.77892E+16
78930,9,2,79,127,2018,4,8,3,3,4,2,0,0,1,0,0,1,0,0,7.56537E+20,5.40626E+21,1.24907E+16,4.87564E+16
78931,9,7,75,135,2018,4,16,4,3,5,3,0,1,1,0,0,0,0,0,5.76137E+20,5.36161E+21,1.00287E+16,4.84031E+16
78932,9,7,77,159,2018,4,15,5,3,2,6,0,0,1,0,0,0,0,0,6.17014E+20,5.2722E+21,1.05565E+16,4.75927E+16
78933,9,2,79,127,2018,4,13,3,3,9,1,0,0,1,0,0,0,0,0,7.5246E+20,5.40155E+21,1.24324E+16,4.87158E+16
78934,9,6,79,128,2018,4,15,6,3,5,3,0,0,1,0,0,0,0,0,5.60414E+20,5.52388E+21,9.84063E+15,4.98643E+16
78935,9,7,74,143,2018,4,13,4,2,2,6,0,0,1,0,0,0,0,0,5.94716E+20,5.35964E+21,1.02792E+16,4.83828E+16
78936,9,5,65,0,2018,4,14,4,3,3,6,0,0,1,0,0,1,0,0,6.49455E+20,5.46623E+21,1.10571E+16,4.93305E+16
78937,9,1,84,136,2018,4,9,5,3,5,2,0,1,0,0,0,0,0,0,6.98016E+20,5.32736E+21,1.16582E+16,4.80687E+16
78938,9,1,88,113,2018,4,16,3,3,2,6,0,0,1,0,1,0,0,0,6.80412E+20,5.31619E+21,1.14174E+16,4.79735E+16
78939,9,7,61,0,2018,4,18,6,3,2,6,0,0,1,0,0,0,0,0,6.44984E+20,5.35546E+21,1.09564E+16,4.83357E+16
78940,9,7,74,135,2018,4,16,4,2,5,3,0,0,1,0,0,0,0,0,5.9486E+20,5.37003E+21,1.02835E+16,4.84763E+16
78941,9,6,75,127,2018,4,13,4,3,2,2,0,0,1,0,0,0,0,0,6.03978E+20,5.51578E+21,1.04445E+16,4.97855E+16
78942,9,3,73,134,2018,4,22,5,1,2,6,2,0,1,0,0,0,1,0,7.07132E+20,5.44874E+21,1.1841E+16,4.91565E+16
78943,9,1,90,111,2018,4,16,3,3,5,3,0,0,1,0,0,0,0,0,6.39138E+20,5.29631E+21,1.08583E+16,4.78051E+16
78944,9,4,77,142,2018,4,18,6,3,5,2,0,0,1,0,0,0,0,0,6.79023E+20,5.54176E+21,1.14982E+16,5.00012E+16
78945,9,1,90,113,2018,4,8,3,3,5,3,0,0,1,0,1,0,0,0,6.73031E+20,5.29104E+21,1.13085E+16,4.77495E+16
78946,9,1,72,134,2018,4,15,6,3,8,1,0,0,0,0,1,0,0,0,7.80772E+20,5.30433E+21,1.27519E+16,4.78309E+16
78947,9,1,73,118,2018,4,20,3,2,0,7,0,0,0,0,1,0,0,0,6.85923E+20,5.30705E+21,1.14872E+16,4.78898E+16
78948,9,7,63,0,2018,4,17,4,2,3,2,0,1,1,0,0,0,0,0,5.98161E+20,5.28771E+21,1.03092E+16,4.77353E+16
78949,9,7,73,136,2018,4,12,5,3,1,3,0,0,1,0,0,0,0,0,6.0054E+20,5.37812E+21,1.03623E+16,4.85481E+16
78950,9,1,72,114,2018,4,17,3,3,2,6,0,0,1,0,0,0,0,0,7.95258E+20,5.29808E+21,1.29408E+16,4.77684E+16
78951,9,6,73,135,2018,4,7,6,3,4,6,0,0,1,0,0,0,0,0,5.84255E+20,5.57472E+21,1.01835E+16,5.03185E+16
78952,9,5,75,133,2018,4,9,4,2,5,3,0,0,1,0,1,0,0,0,6.01014E+20,5.48289E+21,1.03948E+16,4.94902E+16
78953,9,1,72,112,2018,4,19,3,2,1,6,1,0,1,0,0,0,0,0,7.90577E+20,5.29914E+21,1.28792E+16,4.77801E+16
78954,9,3,62,0,2018,4,20,6,3,0,7,2,1,0,0,0,0,0,0,7.27546E+20,5.43412E+21,1.21123E+16,4.9018E+16
78955,9,1,89,159,2018,4,13,3,3,2,6,0,0,1,0,0,0,0,0,7.57916E+20,5.30381E+21,1.24468E+16,4.78359E+16
78956,9,1,71,125,2018,4,3,3,3,3,6,2,0,1,0,0,0,0,0,7.75733E+20,5.35127E+21,1.2715E+16,4.82546E+16
78957,9,3,63,0,2018,4,15,6,3,2,6,0,0,1,0,0,0,0,0,7.27341E+20,5.50444E+21,1.21496E+16,4.96496E+16
78958,9,1,89,145,2018,4,6,3,3,8,6,0,0,1,0,0,0,0,0,7.78869E+20,5.304E+21,1.27264E+16,4.78288E+16
78959,9,1,87,165,2018,4,10,6,3,2,6,0,0,1,0,0,0,0,0,7.31516E+20,5.29723E+21,1.20911E+16,4.77868E+16
78960,9,1,83,112,2018,4,18,3,3,5,3,0,0,1,0,0,0,0,0,7.53721E+20,5.3506E+21,1.24186E+16,4.82577E+16
78961,9,7,77,151,2018,4,7,4,3,4,6,0,0,1,0,0,0,0,0,6.22871E+20,5.29075E+21,1.06395E+16,4.77584E+16
78962,9,5,76,142,2018,4,12,5,2,8,1,0,0,1,0,0,0,0,1,6.38829E+20,5.46353E+21,1.091E+16,4.93088E+16
78963,9,1,83,129,2018,4,17,3,3,3,6,0,0,1,0,0,0,0,0,7.58659E+20,5.36041E+21,1.2491E+16,4.83438E+16
78964,9,6,72,166,2018,4,16,6,3,6,1,0,0,0,1,0,0,1,0,5.46293E+20,5.56811E+21,9.6495E+15,5.02633E+16
78965,9,2,74,165,2018,4,16,5,3,5,3,0,0,1,0,0,1,1,0,7.1695E+20,5.38538E+21,1.19419E+16,4.85839E+16
78966,9,5,71,114,2018,4,21,4,2,0,7,2,1,0,0,0,0,0,0,6.02597E+20,5.45541E+21,1.04096E+16,4.92429E+16
78967,9,1,89,118,2018,4,17,3,3,2,6,0,0,1,0,0,0,0,0,7.87592E+20,5.32139E+21,1.28542E+16,4.79811E+16
78968,9,2,76,123,2018,4,15,6,3,2,6,0,0,1,0,0,0,0,0,7.90984E+20,5.43024E+21,1.29753E+16,4.89565E+16
78969,9,1,71,112,2018,4,10,3,3,5,3,0,0,1,0,0,0,0,0,7.81945E+20,5.33892E+21,1.27903E+16,4.8141E+16
78970,9,7,76,125,2018,4,10,4,3,2,6,0,0,1,0,0,0,0,0,5.64604E+20,5.27134E+21,9.85931E+15,4.75922E+16
78971,9,1,76,114,2018,4,14,6,3,8,1,0,0,1,0,0,0,0,0,6.81488E+20,5.43525E+21,1.14836E+16,4.90433E+16
78972,9,1,72,114,2018,4,17,3,2,9,1,0,0,1,0,1,0,0,0,7.85522E+20,5.29054E+21,1.28062E+16,4.7705E+16
78973,9,7,80,145,2018,4,10,6,1,8,1,0,0,1,0,0,0,0,0,6.05304E+20,5.2724E+21,1.04008E+16,4.75965E+16
78974,9,7,76,130,2018,4,18,4,3,3,1,0,0,1,0,0,0,0,0,5.5493E+20,5.2725E+21,9.73079E+15,4.76036E+16
78975,9,4,75,136,2018,4,17,5,2,6,4,0,0,0,1,0,1,0,1,6.98461E+20,5.56944E+21,1.17835E+16,5.02438E+16
78976,9,1,72,114,2018,4,16,3,3,8,7,0,0,1,0,0,0,0,0,7.91706E+20,5.29479E+21,1.28913E+16,4.77405E+16
78977,9,1,61,0,2018,4,12,6,3,0,6,0,0,1,0,0,0,1,0,6.78777E+20,5.39907E+21,1.14307E+16,4.8719E+16
78978,9,1,71,126,2018,4,17,3,3,0,1,0,0,0,0,1,0,0,0,7.79689E+20,5.35284E+21,1.27692E+16,4.82669E+16
78979,9,7,75,149,2018,4,15,6,2,5,2,0,0,1,0,1,0,0,0,5.91843E+20,5.34973E+21,1.02383E+16,4.82941E+16
78980,9,5,64,0,2018,4,18,5,3,2,6,0,0,1,0,0,0,0,0,6.49097E+20,5.47722E+21,1.10562E+16,4.94294E+16
78981,9,1,87,129,2018,4,20,3,3,9,7,2,0,1,0,0,1,0,0,7.25389E+20,5.30074E+21,1.20112E+16,4.78205E+16
78982,9,5,72,139,2018,4,4,6,3,5,3,2,0,1,0,0,0,0,0,6.27224E+20,5.50607E+21,1.07641E+16,4.96937E+16
78983,9,3,63,0,2018,4,10,4,3,0,7,0,0,1,0,0,1,0,0,7.26848E+20,5.50568E+21,1.21435E+16,4.96609E+16
78984,9,1,87,117,2018,4,17,3,3,0,2,0,1,1,0,0,0,0,0,7.22601E+20,5.30487E+21,1.19761E+16,4.78586E+16
78985,9,2,75,122,2018,4,15,6,3,8,1,0,0,1,0,0,0,0,0,8.15282E+20,5.38943E+21,1.32751E+16,4.85786E+16
78986,9,1,86,152,2018,4,10,3,3,2,6,0,0,1,0,0,0,0,0,6.91087E+20,5.37592E+21,1.15872E+16,4.85073E+16
78987,9,1,77,133,2018,4,16,6,3,8,3,0,0,1,0,0,1,0,0,7.11379E+20,5.36149E+21,1.18543E+16,4.83712E+16
78988,9,1,61,0,2018,4,14,3,3,0,1,0,0,0,0,1,0,0,0,6.78574E+20,5.40283E+21,1.14295E+16,4.87528E+16
78989,9,7,72,211,2018,4,12,6,3,2,6,0,0,1,0,0,0,0,0,6.21873E+20,5.35282E+21,1.06439E+16,4.83168E+16
78990,9,7,72,215,2018,4,13,4,2,5,3,0,0,1,0,1,0,0,0,6.32692E+20,5.34624E+21,1.07877E+16,4.82554E+16
78991,9,4,71,155,2018,4,8,5,3,2,7,0,0,1,0,0,0,0,0,6.44309E+20,5.53072E+21,1.101E+16,4.99114E+16
78992,9,1,76,150,2018,4,11,3,3,8,1,0,0,1,0,0,0,0,0,6.89523E+20,5.41202E+21,1.15826E+16,4.88322E+16
78993,9,4,78,165,2018,4,12,6,2,3,6,0,0,1,0,0,0,1,0,6.43289E+20,5.55061E+21,1.10032E+16,5.00905E+16
78994,9,1,79,123,2018,4,16,3,3,2,6,0,0,1,0,0,1,0,0,6.78579E+20,5.33259E+21,1.13997E+16,4.81215E+16
78995,9,1,83,118,2018,4,17,6,2,5,6,0,0,1,0,1,0,0,0,7.47955E+20,5.33837E+21,1.23339E+16,4.81502E+16
78996,9,5,71,181,2018,4,1,6,3,1,6,2,0,1,0,0,0,0,0,5.88478E+20,5.46996E+21,1.02189E+16,4.93759E+16
78997,9,3,72,158,2018,4,14,4,3,2,2,0,0,1,0,0,0,0,0,7.61558E+20,5.45201E+21,1.25882E+16,4.91651E+16
78998,9,2,79,127,2018,4,7,6,3,1,5,0,0,1,0,0,0,0,0,7.50755E+20,5.40078E+21,1.24088E+16,4.87096E+16
78999,9,1,88,145,2018,4,18,3,3,5,3,0,0,1,0,0,0,0,0,6.65728E+20,5.32842E+21,1.12255E+16,4.80874E+16
79000,9,7,75,111,2018,4,21,5,2,8,1,2,0,1,0,0,0,0,0,5.82277E+20,5.33759E+21,1.0107E+16,4.81862E+16
79001,9,1,88,121,2018,4,5,3,3,5,2,2,0,1,0,0,0,0,1,6.70068E+20,5.32929E+21,1.12841E+16,4.80941E+16
79002,9,7,71,113,2018,4,18,6,3,5,3,0,0,1,0,1,0,0,0,6.57489E+20,5.36885E+21,1.113E+16,4.84531E+16
79003,9,6,73,142,2018,4,14,4,3,2,6,0,0,1,0,0,0,0,0,5.92524E+20,5.58665E+21,1.03026E+16,5.04246E+16
79004,9,3,73,113,2018,4,15,5,3,2,6,0,0,1,0,0,0,0,1,6.77298E+20,5.46704E+21,1.14403E+16,4.93303E+16
79005,9,1,79,132,2018,4,7,3,2,5,3,0,0,1,0,0,0,1,0,6.60917E+20,5.33737E+21,1.11643E+16,4.81692E+16
79006,9,4,62,0,2018,4,14,6,3,5,3,0,0,1,0,0,0,0,0,6.85559E+20,5.53599E+21,1.15865E+16,4.99474E+16
79007,9,1,78,124,2018,4,16,3,3,2,6,0,0,1,0,0,0,0,0,7.03705E+20,5.36172E+21,1.17509E+16,4.83757E+16
79008,9,1,84,145,2018,4,7,6,3,3,6,0,0,1,0,0,0,0,0,6.97574E+20,5.3242E+21,1.16508E+16,4.80405E+16
79009,9,1,78,145,2018,4,17,3,2,5,3,0,0,1,0,1,0,0,0,6.9906E+20,5.35481E+21,1.1685E+16,4.83151E+16
79010,9,2,71,146,2018,4,13,5,2,4,6,0,0,1,0,0,0,0,0,7.83307E+20,5.4107E+21,1.28571E+16,4.87847E+16
79011,9,6,77,114,2018,4,7,5,3,8,1,0,0,1,0,0,0,0,0,5.70216E+20,5.53395E+21,9.97882E+15,4.99537E+16
79012,9,1,78,124,2018,4,12,3,3,5,3,0,0,1,0,0,0,0,0,7.0153E+20,5.36811E+21,1.17247E+16,4.84339E+16
79013,9,1,78,138,2018,4,7,3,3,9,1,1,0,1,0,0,0,0,0,7.10296E+20,5.36844E+21,1.18432E+16,4.84339E+16
79014,9,7,77,169,2018,4,14,5,3,0,7,0,1,0,0,0,0,0,0,6.30357E+20,5.26874E+21,1.07328E+16,4.7559E+16
79015,9,1,75,114,2018,4,12,3,3,8,1,0,0,1,0,0,0,1,0,7.17508E+20,5.3232E+21,1.19174E+16,4.8025E+16
79016,9,6,77,119,2018,4,18,6,3,4,1,0,0,1,0,0,0,0,0,5.53057E+20,5.52515E+21,9.73844E+15,4.98764E+16
79017,9,5,74,141,2018,4,16,4,3,2,6,0,0,1,0,0,0,0,0,6.68008E+20,5.48751E+21,1.13212E+16,4.95169E+16
79018,9,1,62,0,2018,4,14,2,2,0,7,0,0,1,0,1,0,0,0,6.93268E+20,5.33849E+21,1.15995E+16,4.81702E+16
79019,9,3,74,137,2018,4,21,6,3,9,1,2,0,1,0,0,0,0,0,7.47847E+20,5.49848E+21,1.24294E+16,4.9588E+16
79020,9,1,84,127,2018,4,16,2,3,5,3,0,1,0,0,0,0,0,0,7.05188E+20,5.32459E+21,1.1753E+16,4.80416E+16
79021,9,1,82,131,2018,4,11,6,2,0,6,0,1,0,0,0,0,1,0,7.15326E+20,5.28817E+21,1.18707E+16,4.7711E+16
79022,9,1,84,132,2018,4,15,2,2,0,1,0,1,0,0,0,0,0,0,6.80929E+20,5.32275E+21,1.14271E+16,4.80324E+16
79023,9,5,62,0,2018,4,17,5,3,3,3,0,1,0,0,0,0,0,0,6.43208E+20,5.49639E+21,1.0982E+16,4.96031E+16
79024,9,7,78,123,2018,4,12,2,2,2,6,0,0,1,0,0,0,0,0,5.85852E+20,5.3161E+21,1.01507E+16,4.79924E+16
79025,9,5,65,0,2018,4,15,6,3,2,6,0,0,1,0,0,0,0,0,6.49393E+20,5.46615E+21,1.10562E+16,4.93298E+16
79026,9,2,61,0,2018,4,13,5,2,5,3,0,0,1,0,0,0,0,0,7.32284E+20,5.38005E+21,1.21465E+16,4.85306E+16
79027,9,4,72,190,2018,4,8,4,2,3,6,0,0,1,0,0,0,0,0,7.01729E+20,5.5287E+21,1.18078E+16,4.98767E+16
79028,9,7,64,0,2018,4,12,2,3,2,6,0,0,1,0,0,0,0,0,5.85889E+20,5.31534E+21,1.01511E+16,4.79856E+16
79029,9,2,71,125,2018,4,19,6,3,4,2,0,0,1,0,0,0,0,0,7.97993E+20,5.4102E+21,1.30562E+16,4.87733E+16
79030,9,2,73,137,2018,4,17,1,3,2,5,0,0,1,0,1,0,0,0,7.12841E+20,5.41795E+21,1.1903E+16,4.8878E+16
79031,9,6,78,150,2018,4,7,2,2,1,2,0,0,1,0,1,0,0,0,5.91146E+20,5.5281E+21,1.02691E+16,4.98984E+16
79032,9,2,73,133,2018,4,19,1,3,8,1,1,0,1,0,0,0,0,0,7.08027E+20,5.42717E+21,1.18422E+16,4.89624E+16
79033,9,2,63,0,2018,4,12,2,3,6,7,0,0,1,1,0,0,0,0,7.64079E+20,5.42086E+21,1.26025E+16,4.88843E+16
79034,9,2,73,111,2018,4,16,1,3,0,7,0,1,0,0,0,0,0,0,7.07839E+20,5.41567E+21,1.18337E+16,4.88592E+16
79035,9,3,71,150,2018,4,15,3,2,5,3,0,1,1,0,0,0,0,0,7.21582E+20,5.49227E+21,1.20631E+16,4.95425E+16
79036,9,1,84,132,2018,4,22,1,2,7,5,2,0,1,1,0,0,0,0,6.81744E+20,5.3238E+21,1.14384E+16,4.80416E+16
79037,9,1,84,113,2018,4,15,1,2,4,6,0,0,1,0,0,0,0,0,6.85454E+20,5.32163E+21,1.14872E+16,4.80211E+16
79038,9,1,62,0,2018,4,20,1,3,2,6,2,0,1,0,0,0,0,0,6.86856E+20,5.3312E+21,1.15102E+16,4.81067E+16
79039,9,1,62,0,2018,4,18,2,3,5,2,0,1,0,0,0,0,0,0,6.88731E+20,5.33779E+21,1.15383E+16,4.81653E+16
79040,9,1,62,0,2018,4,15,1,3,2,6,0,0,1,0,0,0,0,0,6.86664E+20,5.33105E+21,1.15075E+16,4.81053E+16
79041,9,5,64,0,2018,4,8,2,3,4,6,0,1,0,0,0,0,0,0,6.52383E+20,5.48215E+21,1.11034E+16,4.94729E+16
79042,9,1,90,154,2018,4,15,1,2,2,2,0,0,0,0,1,0,0,0,6.39668E+20,5.28502E+21,1.08617E+16,4.77035E+16
79043,9,1,80,134,2018,4,11,2,3,4,6,0,0,1,0,1,0,0,0,6.54456E+20,5.28719E+21,1.10595E+16,4.77196E+16
79044,9,1,90,159,2018,4,12,1,3,2,6,0,0,1,0,0,0,0,0,6.62811E+20,5.30515E+21,1.11775E+16,4.7879E+16
79045,9,1,80,129,2018,4,20,3,2,5,3,2,0,1,0,0,0,0,0,6.52202E+20,5.28021E+21,1.1027E+16,4.76574E+16
79046,9,1,90,140,2018,4,13,1,1,9,1,0,0,0,0,1,0,0,0,6.45411E+20,5.29985E+21,1.09432E+16,4.78355E+16
79047,9,2,77,119,2018,4,19,2,3,2,6,0,0,1,0,0,0,0,0,7.72907E+20,5.36913E+21,1.26886E+16,4.84162E+16
79048,9,1,73,112,2018,4,19,1,2,8,1,0,0,0,0,1,0,0,0,6.91055E+20,5.29593E+21,1.15509E+16,4.77883E+16
79049,9,5,76,122,2018,4,12,1,2,1,7,0,0,1,0,0,0,1,0,6.72098E+20,5.4347E+21,1.13549E+16,4.90411E+16
79050,9,2,72,138,2018,4,11,3,3,4,6,0,0,1,0,0,0,1,0,8.27254E+20,5.41015E+21,1.34533E+16,4.87582E+16
79051,9,1,73,111,2018,4,10,1,3,0,1,0,1,0,0,0,0,0,0,6.83723E+20,5.29024E+21,1.14507E+16,4.77393E+16
79052,9,5,74,138,2018,4,11,1,2,5,3,0,1,1,0,0,0,0,0,6.64044E+20,5.4869E+21,1.12662E+16,4.95125E+16
79053,9,7,62,0,2018,4,14,1,3,3,6,0,0,1,0,1,0,0,0,6.23291E+20,5.30609E+21,1.06495E+16,4.78962E+16
79054,9,1,89,155,2018,4,17,1,3,2,6,0,0,1,0,0,0,0,0,7.72082E+20,5.30801E+21,1.26384E+16,4.78677E+16
79055,9,7,75,162,2018,4,9,2,3,3,6,0,0,1,0,0,0,1,0,5.82701E+20,5.34884E+21,1.01149E+16,4.82874E+16
79056,9,1,89,154,2018,4,14,1,3,0,1,0,1,0,0,0,0,0,0,7.68527E+20,5.31547E+21,1.25956E+16,4.79362E+16
79057,9,5,61,0,2018,4,7,2,3,2,6,0,0,1,0,0,0,0,0,6.12837E+20,5.46193E+21,1.05521E+16,4.92997E+16
79058,9,1,72,130,2018,4,15,1,3,5,3,0,1,0,0,0,0,0,0,7.95065E+20,5.30694E+21,1.29443E+16,4.7848E+16
79059,9,1,89,162,2018,4,13,2,2,0,1,0,1,0,0,0,0,0,0,7.78903E+20,5.31724E+21,1.27354E+16,4.79477E+16
79060,9,1,72,114,2018,4,16,1,3,2,6,0,0,1,0,0,0,0,0,7.91082E+20,5.29437E+21,1.28827E+16,4.77369E+16
79061,9,1,87,122,2018,4,11,3,3,5,3,0,0,1,0,0,0,1,0,7.20182E+20,5.30754E+21,1.19452E+16,4.78834E+16
79062,9,1,84,145,2018,4,20,1,2,9,7,1,0,0,0,1,0,0,0,6.93258E+20,5.32574E+21,1.15936E+16,4.80556E+16
79063,9,6,74,121,2018,4,11,1,3,5,3,0,0,1,0,0,0,1,0,6.1699E+20,5.55558E+21,1.06372E+16,5.01409E+16
79064,9,7,72,151,2018,4,13,2,3,1,1,0,1,1,0,0,0,0,0,6.32231E+20,5.34308E+21,1.07805E+16,4.82271E+16
79065,9,1,84,145,2018,4,10,1,3,2,6,0,0,1,0,0,0,0,0,6.96067E+20,5.32276E+21,1.16299E+16,4.8028E+16
79066,9,6,63,0,2018,4,4,1,3,0,6,2,0,1,0,0,0,0,0,5.65939E+20,5.51731E+21,9.91637E+15,4.98046E+16
79067,9,1,63,0,2018,4,16,1,3,9,7,0,0,1,0,0,0,0,0,7.30903E+20,5.30339E+21,1.20862E+16,4.78424E+16
79068,9,7,77,151,2018,4,18,2,3,5,3,0,0,1,0,1,0,0,0,6.20984E+20,5.29327E+21,1.06151E+16,4.77815E+16