OBJECTID_1,ULAND,UREGBEZ,UKREIS,UGEMEINDE,UJAHR,UMONAT,USTUNDE,UWOCHENTAG,UKATEGORIE,UART,UTYP1,ULICHTVERH,IstRad,IstPKW,IstFuss,IstKrad,IstGkfz,IstSonstig,STRZUSTAND,LINREFX,LINREFY,XGCSWGS84,YGCSWGS84
79818,9,1,86,147,2018,4,18,3,2,5,3,0,0,1,1,0,0,0,0,6.85059E+20,5.39034E+21,1.15121E+16,4.86387E+16
79819,9,7,80,124,2018,4,17,4,3,5,2,0,1,1,0,0,0,0,0,5.92624E+20,5.26735E+21,1.02311E+16,4.7553E+16
79820,9,4,71,172,2018,4,19,3,3,5,3,1,0,1,0,0,0,0,0,6.30353E+20,5.51505E+21,1.08104E+16,4.97738E+16
79821,9,1,61,0,2018,4,17,5,3,5,2,0,1,1,0,0,0,0,0,6.79719E+20,5.40568E+21,1.14464E+16,4.87781E+16
79822,9,3,72,150,2018,4,14,4,2,8,1,0,0,0,0,1,0,0,0,7.49746E+20,5.43814E+21,1.24179E+16,4.90455E+16
79823,9,1,77,112,2018,4,16,6,3,2,6,0,0,1,0,0,0,0,0,7.16445E+20,5.36407E+21,1.1924E+16,4.83926E+16
79824,9,1,88,139,2018,4,7,3,3,2,6,0,0,1,0,0,0,0,0,6.73164E+20,5.31909E+21,1.13215E+16,4.80017E+16
79825,9,1,81,116,2018,4,12,3,3,5,3,0,0,1,0,0,0,0,0,6.46834E+20,5.33852E+21,1.09754E+16,4.81829E+16
79826,9,1,86,143,2018,4,16,4,2,1,6,0,0,1,0,0,0,0,0,6.85487E+20,5.37946E+21,1.1513E+16,4.85408E+16
79827,9,6,61,0,2018,4,8,5,3,0,5,0,0,1,0,0,0,1,0,5.10372E+20,5.53621E+21,9.14466E+15,4.99782E+16
79828,9,1,81,130,2018,4,7,3,2,5,2,0,1,1,0,0,0,0,0,6.4005E+20,5.32323E+21,1.08792E+16,4.8047E+16
79829,9,1,78,113,2018,4,10,5,3,3,6,0,0,1,0,0,1,0,0,6.9159E+20,5.36596E+21,1.15895E+16,4.84176E+16
79830,9,6,79,187,2018,4,10,3,2,2,6,0,0,1,0,1,0,0,0,5.74586E+20,5.50385E+21,1.00339E+16,4.96826E+16
79831,9,2,75,124,2018,4,16,5,2,0,1,0,0,1,0,0,0,0,0,8.12226E+20,5.37682E+21,1.32243E+16,4.84669E+16
79832,9,1,78,144,2018,4,15,3,3,5,3,0,0,1,0,0,0,0,0,7.06908E+20,5.37995E+21,1.18032E+16,4.85385E+16
79833,9,6,62,0,2018,4,7,4,3,0,7,0,0,0,0,0,0,1,0,5.88152E+20,5.54494E+21,1.02313E+16,5.00502E+16
79834,9,1,78,140,2018,4,8,3,3,5,3,0,0,1,0,0,0,0,0,7.06625E+20,5.36161E+21,1.17903E+16,4.83738E+16
79835,9,1,61,0,2018,4,10,5,3,5,3,0,1,1,0,0,0,0,0,6.77182E+20,5.40444E+21,1.14113E+16,4.87677E+16
79836,9,7,77,130,2018,4,16,3,3,0,7,0,0,1,0,1,0,0,1,6.24275E+20,5.30788E+21,1.06632E+16,4.79122E+16
79837,9,2,71,125,2018,4,15,5,3,5,3,0,1,1,0,0,0,1,0,7.97706E+20,5.40892E+21,1.30514E+16,4.8762E+16
79838,9,1,77,135,2018,4,9,3,3,2,6,0,0,1,0,0,0,1,0,7.18693E+20,5.34546E+21,1.19447E+16,4.82246E+16
79839,9,6,63,0,2018,4,19,4,3,1,6,0,0,1,0,0,0,0,0,5.65601E+20,5.51576E+21,9.91142E+15,4.97907E+16
79840,9,2,78,146,2018,4,19,4,2,5,3,0,0,1,0,0,0,0,0,7.58396E+20,5.40843E+21,1.25173E+16,4.87751E+16
79841,9,1,62,0,2018,4,1,5,2,0,2,2,0,1,0,0,0,1,0,6.87363E+20,5.33508E+21,1.15187E+16,4.81414E+16
79842,9,1,75,124,2018,4,21,3,3,1,6,2,0,1,0,0,0,0,0,7.13812E+20,5.32931E+21,1.18709E+16,4.80812E+16
79843,9,1,84,141,2018,4,12,2,3,1,7,0,0,1,0,1,0,0,1,6.98135E+20,5.31657E+21,1.16548E+16,4.79718E+16
79844,9,1,79,118,2018,4,7,4,3,5,3,0,0,1,0,0,0,0,0,6.72708E+20,5.3377E+21,1.13229E+16,4.8169E+16
79845,9,5,72,141,2018,4,0,5,3,9,1,2,0,1,0,0,0,0,0,6.49182E+20,5.49787E+21,1.10652E+16,4.9615E+16
79846,9,1,84,135,2018,4,14,2,3,5,3,0,0,1,0,0,0,0,1,6.86621E+20,5.34751E+21,1.15142E+16,4.82533E+16
79847,9,1,78,124,2018,4,18,5,3,0,1,0,0,1,0,0,0,0,0,7.00429E+20,5.3575E+21,1.17047E+16,4.83388E+16
79848,9,5,72,131,2018,4,20,3,3,5,3,2,0,1,0,0,1,0,0,6.57707E+20,5.48276E+21,1.11771E+16,4.9477E+16
79849,9,2,61,0,2018,4,18,5,3,2,6,1,0,1,0,0,0,0,0,7.34252E+20,5.38222E+21,1.21743E+16,4.85493E+16
79850,9,1,84,135,2018,4,11,2,3,2,6,0,0,1,0,0,1,1,1,6.86334E+20,5.34753E+21,1.15103E+16,4.82536E+16
79851,9,5,74,123,2018,4,13,4,3,8,7,0,0,1,0,0,0,1,1,6.624E+20,5.48086E+21,1.12411E+16,4.94586E+16
79852,9,1,84,127,2018,4,10,2,3,0,7,0,1,0,0,0,0,0,1,7.02256E+20,5.32179E+21,1.17124E+16,4.80173E+16
79853,9,1,90,139,2018,4,17,4,2,4,1,0,0,1,0,0,0,0,0,6.5318E+20,5.29723E+21,1.1046E+16,4.78102E+16
79854,9,7,77,112,2018,4,6,5,3,1,6,0,0,1,0,0,0,0,0,6.22725E+20,5.30016E+21,1.06403E+16,4.78431E+16
79855,9,7,64,0,2018,4,7,2,2,5,2,0,0,1,0,1,0,0,1,5.89506E+20,5.31494E+21,1.01995E+16,4.79815E+16
79856,9,7,62,0,2018,4,19,2,3,0,1,1,0,0,0,1,0,0,0,6.22228E+20,5.30462E+21,1.06349E+16,4.78833E+16
79857,9,2,73,147,2018,4,12,4,3,4,6,0,0,0,0,0,1,1,0,7.04425E+20,5.38712E+21,1.17731E+16,4.86037E+16
79858,9,7,75,135,2018,4,7,5,3,0,7,0,1,0,1,0,0,0,0,5.73284E+20,5.35819E+21,9.98957E+15,4.83726E+16
79859,9,7,61,0,2018,4,0,2,3,9,1,2,0,1,0,0,0,0,1,6.40435E+20,5.36399E+21,1.08979E+16,4.84134E+16
79860,9,7,71,111,2018,4,22,2,3,2,6,2,0,1,0,0,1,0,0,6.57832E+20,5.35812E+21,1.11306E+16,4.83566E+16
79861,9,1,78,120,2018,4,9,4,3,2,6,0,0,1,0,0,1,0,0,6.93663E+20,5.3543E+21,1.16121E+16,4.83122E+16
79862,9,5,64,0,2018,4,17,5,3,0,7,0,1,0,0,0,0,0,0,6.47588E+20,5.47855E+21,1.10359E+16,4.94417E+16
79863,9,7,71,145,2018,4,11,2,3,2,7,0,0,1,0,0,0,0,0,6.49091E+20,5.34443E+21,1.10079E+16,4.82355E+16
79864,9,2,75,127,2018,4,14,1,3,2,6,0,0,1,0,0,0,0,0,8.07851E+20,5.40003E+21,1.31824E+16,4.86773E+16
79865,9,1,62,0,2018,4,8,4,3,3,2,0,1,0,0,0,1,0,0,6.92152E+20,5.34237E+21,1.15863E+16,4.82055E+16
79866,9,5,64,0,2018,4,14,3,2,5,3,0,1,1,0,0,0,0,0,6.559E+20,5.48138E+21,1.11516E+16,4.9465E+16
79867,9,1,90,139,2018,4,7,5,3,7,7,0,0,1,0,0,0,1,0,6.55169E+20,5.29378E+21,1.10713E+16,4.77786E+16
79868,9,5,63,0,2018,4,12,4,3,5,3,0,0,1,0,0,0,0,0,6.44003E+20,5.4806E+21,1.09873E+16,4.9461E+16
79869,9,1,81,122,2018,4,20,6,3,0,1,2,0,0,0,1,0,0,0,6.50195E+20,5.33221E+21,1.10184E+16,4.81254E+16
79870,9,7,71,130,2018,4,15,2,3,5,3,0,0,1,0,0,0,0,0,6.47033E+20,5.35755E+21,1.09847E+16,4.8354E+16
79871,9,7,72,151,2018,4,13,2,3,8,1,0,0,1,0,0,0,0,1,6.27089E+20,5.3457E+21,1.07121E+16,4.82517E+16
79872,9,1,73,112,2018,4,18,4,3,2,6,0,0,1,0,0,0,0,0,6.93456E+20,5.29286E+21,1.15815E+16,4.776E+16
79873,9,7,61,0,2018,4,18,5,3,0,7,0,1,0,0,0,0,0,0,6.40564E+20,5.36022E+21,1.08984E+16,4.83795E+16
79874,9,7,61,0,2018,4,14,2,3,3,6,0,0,0,0,0,1,1,0,6.37473E+20,5.35946E+21,1.08564E+16,4.83733E+16
79875,9,3,75,148,2018,4,8,3,2,8,1,0,0,1,0,0,0,0,0,7.02083E+20,5.43651E+21,1.17657E+16,4.90483E+16
79876,9,7,61,0,2018,4,12,2,3,4,2,0,0,1,0,0,0,0,0,6.41234E+20,5.36094E+21,1.09076E+16,4.83858E+16
79877,9,2,62,0,2018,4,16,1,3,8,7,0,0,1,1,0,0,0,0,8.28418E+20,5.39036E+21,1.34534E+16,4.85801E+16
79878,9,1,62,0,2018,4,14,3,3,3,6,2,0,1,0,0,1,0,0,6.94621E+20,5.33457E+21,1.16159E+16,4.81346E+16
79879,9,3,74,149,2018,4,20,5,3,4,6,0,1,1,0,0,0,0,0,7.11758E+20,5.5165E+21,1.19406E+16,4.97636E+16
79880,9,6,63,0,2018,4,20,2,3,0,6,2,0,1,0,1,0,0,0,5.67873E+20,5.51669E+21,9.94314E+15,4.97988E+16
79881,9,7,76,117,2018,4,16,4,2,4,2,0,0,1,0,1,0,0,0,5.66716E+20,5.2724E+21,9.88756E+15,4.76015E+16
79882,9,4,74,122,2018,4,15,3,3,4,1,0,0,1,0,0,0,1,0,6.50899E+20,5.50376E+21,1.10912E+16,4.96675E+16
79883,9,1,87,118,2018,4,13,5,3,8,7,0,1,0,0,0,0,1,0,7.51097E+20,5.29975E+21,1.23535E+16,4.78021E+16
79884,9,3,62,0,2018,4,8,3,2,2,1,0,0,0,0,0,1,0,0,7.24876E+20,5.43099E+21,1.20741E+16,4.89908E+16
79885,9,1,77,118,2018,4,15,4,1,4,6,0,0,1,0,0,1,0,0,7.11421E+20,5.3435E+21,1.18459E+16,4.82095E+16
79886,9,5,71,136,2018,4,18,5,3,2,6,0,0,1,0,0,0,0,0,5.96338E+20,5.43747E+21,1.03193E+16,4.90825E+16
79887,9,6,79,188,2018,4,22,2,2,5,3,2,0,1,0,0,0,0,0,5.68704E+20,5.49329E+21,9.95056E+15,4.95883E+16
79888,9,7,78,187,2018,4,14,4,2,5,3,0,0,1,0,0,0,0,0,6.07384E+20,5.32964E+21,1.04427E+16,4.8111E+16
79889,9,4,76,145,2018,4,14,3,3,0,7,0,0,1,0,0,0,0,0,6.65454E+20,5.56842E+21,1.13206E+16,5.02448E+16
79890,9,1,89,134,2018,4,7,5,2,5,3,0,1,1,0,0,0,0,0,7.7119E+20,5.32236E+21,1.26355E+16,4.79969E+16
79891,9,5,71,166,2018,4,17,4,2,5,3,0,0,1,0,0,0,0,0,6.05604E+20,5.45727E+21,1.04514E+16,4.92591E+16
79892,9,1,74,113,2018,4,14,6,3,4,2,0,0,1,0,0,0,0,0,6.78214E+20,5.35026E+21,1.14022E+16,4.82804E+16
79893,9,6,75,141,2018,4,7,2,3,5,2,0,1,1,0,0,0,0,0,5.83038E+20,5.51021E+21,1.01524E+16,4.97387E+16
79894,9,6,75,150,2018,4,6,2,3,7,7,0,0,0,0,1,0,0,0,5.84291E+20,5.49712E+21,1.0167E+16,4.96208E+16
79895,9,1,87,148,2018,4,17,4,3,5,3,0,0,1,0,1,0,0,0,7.39411E+20,5.27901E+21,1.21863E+16,4.76202E+16
79896,9,6,73,151,2018,4,16,5,3,2,6,0,0,1,0,0,1,0,0,5.93653E+20,5.58361E+21,1.03177E+16,5.03971E+16
79897,9,6,73,113,2018,4,10,2,2,5,3,0,0,1,0,0,0,0,0,6.02887E+20,5.57685E+21,1.04457E+16,5.03348E+16
79898,9,3,75,165,2018,4,17,3,3,2,6,0,0,1,0,0,0,0,0,7.2636E+20,5.43704E+21,1.20978E+16,4.90446E+16
79899,9,6,73,114,2018,4,7,2,3,2,6,0,0,1,0,0,0,0,1,5.89007E+20,5.57663E+21,1.02507E+16,5.0335E+16
79900,9,7,75,135,2018,4,13,3,3,5,3,0,1,1,0,0,0,0,0,5.73134E+20,5.35939E+21,9.98775E+15,4.83835E+16
79901,9,3,76,160,2018,4,7,5,3,8,1,0,0,0,0,1,0,0,0,7.55237E+20,5.48851E+21,1.2525E+16,4.94955E+16
79902,9,6,73,114,2018,4,5,2,3,5,3,2,0,1,0,0,1,0,0,5.87357E+20,5.57641E+21,1.02275E+16,5.03333E+16
79903,9,7,61,0,2018,4,7,4,3,2,6,0,0,1,0,0,0,0,0,6.38562E+20,5.36282E+21,1.08722E+16,4.84033E+16
79904,9,3,73,143,2018,4,21,4,2,7,7,1,0,0,0,1,0,0,0,7.0144E+20,5.4486E+21,1.17629E+16,4.91571E+16
79905,9,1,84,129,2018,4,14,5,3,3,6,0,1,0,0,0,0,0,0,7.00219E+20,5.32501E+21,1.16866E+16,4.8047E+16
79906,9,6,72,126,2018,4,16,2,3,8,1,0,0,1,0,0,0,0,0,5.65889E+20,5.56961E+21,9.92467E+15,5.02749E+16
79907,9,6,78,176,2018,4,5,2,3,7,1,1,0,1,0,0,0,0,0,5.89153E+20,5.53766E+21,1.02436E+16,4.99846E+16
79908,9,4,74,126,2018,4,18,4,3,4,2,0,0,1,0,0,0,0,0,6.48601E+20,5.51011E+21,1.10618E+16,4.97252E+16
79909,9,1,75,111,2018,4,10,6,2,5,3,0,0,1,0,1,0,0,0,7.12223E+20,5.33707E+21,1.18535E+16,4.81515E+16
79910,9,6,71,130,2018,4,14,2,3,8,1,0,0,1,0,0,0,0,0,5.15377E+20,5.53675E+21,9.21448E+15,4.99829E+16
79911,9,5,63,0,2018,4,14,2,3,2,6,0,0,1,0,0,0,0,0,6.44169E+20,5.4882E+21,1.09923E+16,4.95292E+16
79912,9,1,76,120,2018,4,4,4,3,8,7,2,0,1,0,0,0,0,0,6.80917E+20,5.41911E+21,1.14686E+16,4.88985E+16
79913,9,6,76,145,2018,4,16,5,3,5,3,0,0,1,0,1,0,0,0,5.10322E+20,5.52061E+21,9.14354E+15,4.98378E+16
79914,9,5,76,113,2018,4,19,2,2,8,7,0,0,0,0,0,1,0,0,6.62608E+20,5.45317E+21,1.12326E+16,4.92097E+16
79915,9,5,65,0,2018,4,4,2,3,2,6,2,0,0,0,0,1,0,0,6.499E+20,5.46677E+21,1.10634E+16,4.93352E+16
79916,9,1,62,0,2018,4,7,5,3,2,6,0,0,1,0,0,0,0,0,6.81856E+20,5.34191E+21,1.14477E+16,4.82043E+16
79917,9,7,73,183,2018,4,15,3,3,5,3,0,1,1,0,0,0,0,0,6.06211E+20,5.3854E+21,1.0441E+16,4.86127E+16
79918,9,2,78,129,2018,4,14,5,3,9,7,0,0,0,0,1,0,0,0,7.74122E+20,5.43836E+21,1.27509E+16,4.90371E+16
79919,9,5,76,151,2018,4,8,2,3,2,6,0,0,1,0,0,0,0,0,6.54531E+20,5.47217E+21,1.11292E+16,4.93826E+16
79920,9,6,75,141,2018,4,16,4,3,2,6,0,0,1,0,0,0,0,0,5.85396E+20,5.50931E+21,1.0185E+16,4.97302E+16
79921,9,5,64,0,2018,4,5,2,3,2,6,1,0,1,0,0,1,0,0,6.50457E+20,5.46727E+21,1.10712E+16,4.93396E+16
79922,9,2,72,120,2018,4,11,4,3,2,6,0,0,1,0,0,0,0,0,8.22401E+20,5.42245E+21,1.33971E+16,4.8871E+16
79923,9,1,62,0,2018,4,12,5,3,6,4,0,0,1,1,0,0,0,0,6.9443E+20,5.33186E+21,1.16121E+16,4.81103E+16
79924,9,5,76,128,2018,4,7,2,3,2,6,0,0,1,0,0,1,0,0,6.43706E+20,5.46212E+21,1.09765E+16,4.92949E+16
79925,9,5,63,0,2018,4,10,2,3,5,3,0,1,1,0,0,0,0,0,6.43993E+20,5.48171E+21,1.09875E+16,4.9471E+16
79926,9,3,73,140,2018,4,17,3,3,0,1,0,0,1,0,0,0,0,0,6.79736E+20,5.47691E+21,1.14783E+16,4.94182E+16
79927,9,4,61,0,2018,4,16,3,3,0,7,0,1,0,0,0,0,0,0,6.3598E+20,5.52973E+21,1.08937E+16,4.99044E+16
79928,9,1,79,121,2018,4,13,4,3,2,2,0,0,1,0,0,1,0,0,6.62227E+20,5.33794E+21,1.11822E+16,4.8174E+16
79929,9,5,74,157,2018,4,6,5,3,4,6,0,1,0,0,0,0,0,0,6.63976E+20,5.46955E+21,1.12581E+16,4.93566E+16
79930,9,5,64,0,2018,4,15,2,3,2,6,0,0,1,0,0,0,0,0,6.48694E+20,5.47021E+21,1.10481E+16,4.93665E+16
79931,9,1,62,0,2018,4,10,4,3,3,6,1,0,1,0,0,0,0,0,6.87389E+20,5.33176E+21,1.15176E+16,4.81115E+16
79932,9,5,72,135,2018,4,13,3,3,2,6,0,1,0,0,1,0,0,0,6.30533E+20,5.5065E+21,1.08101E+16,4.96969E+16
79933,9,2,73,164,2018,4,9,5,3,5,1,0,0,1,0,0,0,0,0,6.95029E+20,5.42467E+21,1.16636E+16,4.89442E+16
79934,9,1,76,160,2018,4,7,4,2,4,2,0,0,1,0,0,0,0,0,6.57833E+20,5.42212E+21,1.1155E+16,4.89319E+16
79935,9,5,62,0,2018,4,16,5,3,4,2,0,1,1,0,0,0,0,0,6.46787E+20,5.4957E+21,1.10313E+16,4.9596E+16
79936,9,5,75,143,2018,4,17,2,3,2,6,0,0,1,0,0,0,0,0,5.98102E+20,5.48056E+21,1.0354E+16,4.94698E+16
79937,9,1,75,127,2018,4,16,5,3,0,7,0,1,0,0,0,0,0,0,7.13246E+20,5.34114E+21,1.18693E+16,4.81877E+16
79938,9,6,72,114,2018,4,12,3,3,0,2,0,0,1,0,0,0,0,0,5.70974E+20,5.56577E+21,9.9953E+15,5.02398E+16
79939,9,2,74,153,2018,4,6,5,3,7,7,1,0,0,0,1,0,0,0,7.29587E+20,5.40493E+21,1.21238E+16,4.8755E+16
79940,9,5,61,0,2018,4,10,2,3,0,7,0,1,0,0,0,0,0,0,6.14955E+20,5.4613E+21,1.0581E+16,4.92936E+16
79941,9,6,71,156,2018,4,3,4,3,0,7,2,0,1,0,0,0,0,0,5.19897E+20,5.53606E+21,9.27749E+15,4.99765E+16
79942,9,5,71,216,2018,4,13,2,2,8,1,0,0,1,0,0,0,0,0,6.18112E+20,5.4513E+21,1.06214E+16,4.92031E+16
79943,9,2,79,132,2018,4,14,4,3,5,3,0,0,1,0,0,0,0,0,7.69692E+20,5.40395E+21,1.26678E+16,4.87302E+16
79944,9,7,74,116,2018,4,7,5,3,0,7,0,0,0,0,1,0,0,1,6.06758E+20,5.34684E+21,1.04386E+16,4.82658E+16
79945,9,5,61,0,2018,4,11,2,3,0,7,0,0,0,0,1,0,0,0,6.11592E+20,5.46451E+21,1.05357E+16,4.93231E+16
79946,9,4,75,156,2018,4,16,2,3,4,6,0,0,1,0,0,1,0,0,6.91719E+20,5.57762E+21,1.16932E+16,5.03195E+16
79947,9,3,73,140,2018,4,7,3,2,5,3,1,0,1,0,0,1,0,0,6.86166E+20,5.47308E+21,1.1565E+16,4.93819E+16
79948,9,1,78,124,2018,4,15,4,3,4,6,0,0,1,0,0,0,1,0,7.03216E+20,5.36156E+21,1.17443E+16,4.83745E+16
79949,9,5,61,0,2018,4,11,5,3,5,3,0,0,1,0,1,0,0,0,6.17547E+20,5.46369E+21,1.06173E+16,4.93147E+16
79950,9,4,75,162,2018,4,6,2,3,4,2,0,0,1,0,0,0,0,1,7.16216E+20,5.57095E+21,1.2033E+16,5.02511E+16
79951,9,2,75,122,2018,4,17,1,3,9,6,0,0,1,0,0,0,0,0,8.18028E+20,5.38355E+21,1.33077E+16,4.85244E+16
79952,9,7,78,180,2018,4,9,4,3,2,6,0,0,1,0,0,0,0,0,6.06585E+20,5.321E+21,1.04298E+16,4.80334E+16
79953,9,5,71,193,2018,4,18,3,3,0,1,0,0,0,0,1,0,0,0,5.84945E+20,5.471E+21,1.01704E+16,4.93858E+16
79954,9,1,89,155,2018,4,17,5,2,5,3,0,1,1,0,0,0,0,0,7.73034E+20,5.30828E+21,1.26513E+16,4.78697E+16
79955,9,5,77,177,2018,4,7,4,3,5,3,0,0,1,0,0,0,0,0,6.40566E+20,5.43169E+21,1.09227E+16,4.90221E+16
79956,9,1,74,126,2018,4,11,6,3,5,3,0,1,1,0,0,0,0,0,6.83308E+20,5.34427E+21,1.14682E+16,4.82252E+16
79957,9,4,78,165,2018,4,12,2,3,3,6,0,0,1,0,0,0,0,0,6.44035E+20,5.55277E+21,1.10144E+16,5.01097E+16
79958,9,4,74,126,2018,4,12,2,3,3,6,0,0,1,0,0,1,0,0,6.48409E+20,5.50587E+21,1.10576E+16,4.96871E+16
79959,9,3,73,114,2018,4,7,3,3,1,6,0,0,1,0,0,0,0,0,6.73879E+20,5.45769E+21,1.13892E+16,4.92473E+16
79960,9,1,83,128,2018,4,18,4,3,0,7,0,1,0,0,0,0,0,0,7.61574E+20,5.34981E+21,1.25237E+16,4.82475E+16
79961,9,6,77,155,2018,4,14,5,3,1,6,0,0,1,0,0,0,1,0,5.42798E+20,5.53963E+21,9.59727E+15,5.00074E+16
79962,9,4,74,122,2018,4,15,2,3,9,1,0,0,1,0,0,0,0,0,6.52164E+20,5.50355E+21,1.11087E+16,4.96652E+16
79963,9,3,63,0,2018,4,7,2,2,6,4,0,0,1,1,0,0,0,1,7.28107E+20,5.50797E+21,1.21623E+16,4.96811E+16
79964,9,5,72,135,2018,4,20,4,3,0,1,2,1,0,0,0,0,0,0,6.30739E+20,5.50729E+21,1.08132E+16,4.97039E+16
79965,9,3,77,146,2018,4,16,2,3,8,1,0,0,1,0,0,0,0,1,7.37593E+20,5.51844E+21,1.22999E+16,4.97714E+16
79966,9,3,75,190,2018,4,7,2,3,2,1,0,0,1,0,0,0,0,1,7.26615E+20,5.44531E+21,1.21059E+16,4.91188E+16
79967,9,1,90,148,2018,4,18,4,3,2,6,0,0,1,0,0,0,0,0,6.41054E+20,5.29464E+21,1.08833E+16,4.77897E+16
79968,9,7,72,223,2018,4,9,5,3,3,6,0,0,1,0,0,1,0,0,6.19356E+20,5.36312E+21,1.06129E+16,4.84099E+16
79969,9,3,75,179,2018,4,16,2,3,1,6,0,0,1,0,0,1,0,0,7.3222E+20,5.42908E+21,1.21733E+16,4.89709E+16
79970,9,3,72,158,2018,4,17,2,3,4,6,0,0,1,0,0,0,0,0,7.63844E+20,5.45299E+21,1.26202E+16,4.91729E+16
79971,9,3,71,151,2018,4,15,3,2,4,6,0,0,1,0,0,0,0,0,7.00659E+20,5.48517E+21,1.17706E+16,4.94859E+16
79972,9,1,62,0,2018,4,17,3,2,0,1,0,0,0,0,1,0,0,1,6.92119E+20,5.34202E+21,1.15857E+16,4.82023E+16
79973,9,4,77,157,2018,4,21,5,3,0,1,2,0,0,0,0,0,1,0,6.69353E+20,5.54247E+21,1.13637E+16,5.00105E+16
79974,9,3,62,0,2018,4,14,2,3,5,2,0,0,1,0,0,0,0,0,7.30094E+20,5.43376E+21,1.21469E+16,4.90138E+16
79975,9,7,74,145,2018,4,7,4,2,5,3,0,0,1,0,0,0,0,0,6.01014E+20,5.36384E+21,1.03653E+16,4.84196E+16
79976,9,4,72,118,2018,4,16,3,2,2,6,0,0,1,0,0,1,0,0,6.75376E+20,5.5014E+21,1.14291E+16,4.96397E+16
79977,9,1,87,170,2018,4,15,5,3,0,7,0,0,0,0,1,0,1,1,7.35335E+20,5.32096E+21,1.21549E+16,4.79986E+16
79978,9,4,76,145,2018,4,10,4,3,3,6,0,0,1,0,0,1,0,0,6.65184E+20,5.56659E+21,1.1316E+16,5.02284E+16
79979,9,1,75,132,2018,4,12,6,2,9,7,0,0,0,0,1,0,0,0,7.05311E+20,5.33413E+21,1.17592E+16,4.81273E+16
79980,9,3,72,113,2018,4,15,2,3,4,6,0,0,1,0,0,0,1,1,7.91083E+20,5.45404E+21,1.29937E+16,4.91701E+16
79981,9,3,61,0,2018,4,18,2,3,2,6,0,0,1,0,0,0,0,1,7.06846E+20,5.48059E+21,1.18535E+16,4.94428E+16
79982,9,3,71,120,2018,4,10,3,3,8,1,0,0,1,0,0,0,0,0,7.13869E+20,5.46863E+21,1.19439E+16,4.93329E+16
79983,9,1,82,116,2018,4,19,4,3,2,6,0,0,1,0,0,0,0,0,7.04134E+20,5.29162E+21,1.17233E+16,4.77456E+16
79984,9,6,74,219,2018,4,20,5,3,9,1,2,0,1,0,0,0,0,0,6.05438E+20,5.54143E+21,1.04717E+16,5.00158E+16
79985,9,2,71,143,2018,4,19,2,3,9,1,1,0,1,0,0,0,0,1,7.79409E+20,5.40984E+21,1.28036E+16,4.87787E+16
79986,9,2,76,115,2018,4,20,2,3,0,1,2,0,0,0,1,0,0,1,8.07399E+20,5.44449E+21,1.32097E+16,4.90764E+16
79987,9,3,71,136,2018,4,17,3,3,2,6,0,0,1,0,0,0,0,0,7.08612E+20,5.47818E+21,1.18766E+16,4.94205E+16
79988,9,7,77,112,2018,4,18,3,3,2,6,0,0,1,0,0,0,0,0,6.22871E+20,5.29879E+21,1.06418E+16,4.78307E+16
79989,9,2,78,113,2018,4,5,5,3,7,7,0,0,1,0,0,0,0,0,7.70447E+20,5.4221E+21,1.269E+16,4.88928E+16
79990,9,2,78,159,2018,4,15,2,2,4,2,0,0,1,0,0,1,0,0,7.78495E+20,5.42268E+21,1.27999E+16,4.88944E+16
79991,9,2,75,152,2018,4,13,2,3,5,3,0,0,1,0,0,0,1,0,8.21085E+20,5.40678E+21,1.3367E+16,4.87312E+16
79992,9,1,62,0,2018,4,20,3,3,5,2,2,1,1,0,0,0,0,0,6.99316E+20,5.33304E+21,1.16782E+16,4.81194E+16
79993,9,3,62,0,2018,4,16,5,2,4,6,0,1,0,0,0,0,0,0,7.29102E+20,5.43368E+21,1.21333E+16,4.90135E+16
79994,9,2,75,144,2018,4,20,2,3,0,6,1,0,1,0,1,0,0,0,8.24955E+20,5.39742E+21,1.34121E+16,4.86453E+16
79995,9,7,80,124,2018,4,17,4,3,5,2,0,1,1,0,0,0,0,0,5.91921E+20,5.26824E+21,1.02219E+16,4.75611E+16
79996,9,4,71,214,2018,4,17,3,3,5,3,0,1,1,0,0,0,0,0,6.38345E+20,5.54239E+21,1.09312E+16,5.00178E+16
79997,9,1,76,126,2018,4,14,5,1,4,2,0,0,1,0,1,0,0,0,6.74914E+20,5.40689E+21,1.13815E+16,4.87904E+16
79998,9,3,77,154,2018,4,16,4,3,6,4,0,0,1,1,0,0,0,0,7.40095E+20,5.5307E+21,1.23422E+16,4.98804E+16
79999,9,1,77,120,2018,4,7,6,2,5,3,0,0,1,0,0,0,0,0,7.25014E+20,5.35879E+21,1.20368E+16,4.83422E+16
80000,9,2,75,119,2018,4,14,2,3,6,4,0,0,1,1,0,0,0,1,8.32647E+20,5.40034E+21,1.35185E+16,4.86673E+16
80001,9,2,75,145,2018,4,7,2,2,4,1,0,0,1,0,0,0,0,1,8.20483E+20,5.37302E+21,1.33328E+16,4.84287E+16
80002,9,3,61,0,2018,4,6,3,3,5,3,1,1,1,0,0,0,0,1,7.06515E+20,5.48235E+21,1.18499E+16,4.94587E+16
80003,9,1,76,143,2018,4,17,4,2,5,3,0,0,1,0,0,1,0,0,6.79155E+20,5.40911E+21,1.14402E+16,4.88092E+16
80004,9,6,71,122,2018,4,4,5,3,8,7,2,0,1,0,0,0,0,0,5.04986E+20,5.53223E+21,9.06949E+15,4.99424E+16
80005,9,2,77,111,2018,4,9,2,3,2,6,0,0,1,0,0,0,0,0,7.82212E+20,5.38613E+21,1.28255E+16,4.85647E+16