OBJECTID_1,ULAND,UREGBEZ,UKREIS,UGEMEINDE,UJAHR,UMONAT,USTUNDE,UWOCHENTAG,UKATEGORIE,UART,UTYP1,ULICHTVERH,IstRad,IstPKW,IstFuss,IstKrad,IstGkfz,IstSonstig,STRZUSTAND,LINREFX,LINREFY,XGCSWGS84,YGCSWGS84
80193,9,4,61,0,2018,4,14,1,2,0,6,0,1,0,0,0,0,0,0,6.36398E+20,5.53001E+21,1.08996E+16,4.99069E+16
80194,9,3,75,117,2018,4,9,1,2,9,1,0,0,1,0,0,0,0,0,7.41699E+20,5.43206E+21,1.23044E+16,4.89941E+16
80195,9,3,74,158,2018,4,4,3,3,9,1,2,0,1,0,0,0,0,0,7.31748E+20,5.51363E+21,1.2216E+16,4.97305E+16
80196,9,1,74,135,2018,4,18,4,3,3,6,0,1,1,0,0,0,0,0,6.63319E+20,5.35351E+21,1.12028E+16,4.83137E+16
80197,9,5,63,0,2018,4,19,5,3,6,4,0,1,0,1,0,0,0,0,6.44222E+20,5.48255E+21,1.0991E+16,4.94784E+16
80198,9,3,71,151,2018,4,16,4,3,2,2,0,0,1,0,0,0,1,0,7.01828E+20,5.48554E+21,1.17869E+16,4.94889E+16
80199,9,1,62,0,2018,4,11,5,3,2,6,0,0,1,0,0,1,1,0,6.88763E+20,5.33862E+21,1.15391E+16,4.81727E+16
80200,9,3,75,210,2018,4,19,1,3,5,3,0,0,1,0,0,0,1,0,7.54847E+20,5.43126E+21,1.24833E+16,4.89816E+16
80201,9,3,72,167,2018,4,11,1,3,9,1,0,0,0,0,1,0,0,0,7.49586E+20,5.44895E+21,1.24224E+16,4.91426E+16
80202,9,1,84,120,2018,4,16,4,2,3,6,0,0,1,0,1,0,0,0,6.80265E+20,5.33363E+21,1.14228E+16,4.81304E+16
80203,9,5,62,0,2018,4,7,5,2,0,7,0,1,0,0,0,0,1,0,6.44308E+20,5.49496E+21,1.09967E+16,4.959E+16
80204,9,3,72,116,2018,4,14,1,2,3,6,0,0,1,0,1,0,0,0,7.70484E+20,5.45767E+21,1.27142E+16,4.92121E+16
80205,9,1,75,135,2018,4,17,5,3,0,6,0,1,0,0,0,0,0,0,7.08539E+20,5.33911E+21,1.1805E+16,4.8171E+16
80206,9,6,76,141,2018,4,12,3,3,2,6,0,0,1,0,0,0,0,0,5.18392E+20,5.51628E+21,9.25556E+15,4.97987E+16
80207,9,2,73,172,2018,4,15,5,1,4,6,0,0,1,0,0,0,1,0,7.07881E+20,5.4036E+21,1.18282E+16,4.87507E+16
80208,9,3,76,151,2018,4,19,1,3,3,6,0,1,0,0,0,0,0,0,7.46874E+20,5.48472E+21,1.24074E+16,4.94649E+16
80209,9,6,61,0,2018,4,12,4,3,3,6,0,0,1,0,1,0,0,0,5.09318E+20,5.53641E+21,9.12996E+15,4.998E+16
80210,9,2,78,148,2018,4,1,1,3,9,1,2,0,1,0,0,0,0,0,7.3693E+20,5.40673E+21,1.22246E+16,4.87685E+16
80211,9,1,62,0,2018,4,11,4,3,1,6,0,0,1,0,0,0,0,0,6.85308E+20,5.3288E+21,1.14884E+16,4.80855E+16
80212,9,7,75,142,2018,4,20,5,3,1,6,1,0,1,0,1,0,0,0,5.8672E+20,5.33094E+21,1.01654E+16,4.81258E+16
80213,9,2,78,170,2018,4,12,1,3,5,2,0,0,1,0,1,0,0,0,7.62897E+20,5.42286E+21,1.25876E+16,4.89028E+16
80214,9,2,71,146,2018,4,13,1,3,5,3,0,0,1,0,1,0,0,0,7.8339E+20,5.40935E+21,1.28573E+16,4.87725E+16
80215,9,1,78,124,2018,4,16,4,3,2,6,0,0,1,0,0,0,0,0,7.03233E+20,5.36147E+21,1.17445E+16,4.83736E+16
80216,9,5,71,127,2018,4,13,5,3,4,6,0,0,0,0,0,1,0,0,6.15502E+20,5.45263E+21,1.0586E+16,4.92155E+16
80217,9,2,71,119,2018,4,17,1,3,5,3,0,0,1,0,0,0,0,0,7.9215E+20,5.41745E+21,1.2982E+16,4.88412E+16
80218,9,2,72,141,2018,4,13,1,3,2,1,0,0,1,0,1,0,0,0,8.33326E+20,5.40646E+21,1.35327E+16,4.87219E+16
80219,9,7,74,144,2018,4,9,4,3,3,6,0,0,1,0,0,0,1,0,6.11349E+20,5.36282E+21,1.05046E+16,4.84087E+16
80220,9,5,75,156,2018,4,11,3,3,5,3,0,0,1,0,0,0,0,0,6.05661E+20,5.47857E+21,1.04578E+16,4.94506E+16
80221,9,1,89,140,2018,4,18,5,2,8,1,0,0,0,0,1,0,0,0,7.77045E+20,5.29557E+21,1.26967E+16,4.77539E+16
80222,9,5,77,177,2018,4,5,4,3,8,1,1,0,1,0,0,0,0,0,6.41179E+20,5.43345E+21,1.09317E+16,4.90377E+16
80223,9,1,74,143,2018,4,17,6,3,0,4,0,1,0,1,0,0,0,0,6.75832E+20,5.35221E+21,1.13709E+16,4.82986E+16
80224,9,3,75,148,2018,4,11,1,3,5,3,0,0,1,0,0,0,0,0,7.01318E+20,5.43986E+21,1.17569E+16,4.90787E+16
80225,9,1,87,122,2018,4,13,7,3,5,3,0,0,1,0,1,0,0,0,7.18797E+20,5.30844E+21,1.19271E+16,4.7892E+16
80226,9,7,79,187,2018,4,17,3,3,8,1,0,0,0,0,1,0,0,0,6.40467E+20,5.38736E+21,1.09062E+16,4.86236E+16
80227,9,7,61,0,2018,4,17,6,3,2,6,0,0,1,0,0,0,0,0,6.41329E+20,5.35576E+21,1.09072E+16,4.83392E+16
80228,9,3,72,153,2018,4,13,2,3,2,2,0,0,1,0,0,0,0,0,7.55582E+20,5.45645E+21,1.25092E+16,4.92075E+16
80229,9,1,87,182,2018,4,11,1,3,2,3,0,0,1,0,0,0,0,0,7.38325E+20,5.32818E+21,1.21989E+16,4.80623E+16
80230,9,7,72,141,2018,4,14,6,3,2,2,0,0,1,0,0,0,0,0,6.22472E+20,5.35126E+21,1.06515E+16,4.83027E+16
80231,9,3,75,117,2018,4,9,3,3,2,1,0,0,1,0,0,1,0,0,7.33785E+20,5.43216E+21,1.21964E+16,4.8998E+16
80232,9,1,76,137,2018,4,17,1,2,8,1,0,0,0,0,1,0,0,0,6.73956E+20,5.43043E+21,1.13785E+16,4.90023E+16
80233,9,1,75,118,2018,4,13,2,3,5,3,0,0,1,0,0,0,0,0,7.14678E+20,5.33957E+21,1.18877E+16,4.81731E+16
80234,9,7,71,160,2018,4,15,6,3,3,2,0,0,1,0,0,0,0,0,6.5558E+20,5.35111E+21,1.10977E+16,4.8294E+16
80235,9,1,74,113,2018,4,13,3,3,5,3,0,0,1,0,0,0,0,0,6.77729E+20,5.34768E+21,1.13946E+16,4.82574E+16
80236,9,5,74,131,2018,4,19,1,3,2,6,0,0,1,0,0,0,0,0,6.74098E+20,5.48629E+21,1.14047E+16,4.95042E+16
80237,9,7,71,142,2018,4,9,6,1,0,7,0,1,0,0,0,0,0,0,6.47261E+20,5.3511E+21,1.09856E+16,4.8296E+16
80238,9,5,65,0,2018,4,3,2,3,2,6,2,0,0,0,0,1,1,0,6.50035E+20,5.4669E+21,1.10653E+16,4.93363E+16
80239,9,1,62,0,2018,4,15,3,3,3,6,0,0,1,0,0,1,0,0,6.88685E+20,5.3369E+21,1.15373E+16,4.81574E+16
80240,9,2,71,116,2018,4,12,1,2,4,6,0,0,1,0,1,0,0,0,7.87407E+20,5.42692E+21,1.29242E+16,4.89284E+16
80241,9,1,75,133,2018,4,7,7,3,5,2,0,0,1,0,1,0,0,0,7.07954E+20,5.34205E+21,1.17986E+16,4.81976E+16
80242,9,6,72,114,2018,4,17,3,3,8,1,0,0,1,0,0,0,0,0,5.79036E+20,5.55852E+21,1.01068E+16,5.01736E+16
80243,9,7,61,0,2018,4,8,6,3,5,3,0,0,1,0,0,0,0,0,6.39831E+20,5.35248E+21,1.08859E+16,4.831E+16
80244,9,2,62,0,2018,4,7,2,3,2,6,0,0,1,0,0,0,0,0,8.25637E+20,5.38992E+21,1.34154E+16,4.85776E+16
80245,9,7,61,0,2018,4,11,6,3,0,1,0,0,0,0,1,0,0,0,6.42928E+20,5.35853E+21,1.09297E+16,4.83637E+16
80246,9,2,74,146,2018,4,17,3,3,5,3,0,1,1,0,0,0,0,0,7.33361E+20,5.37759E+21,1.21597E+16,4.8508E+16
80247,9,1,84,137,2018,4,12,7,3,2,6,0,0,0,0,1,1,0,0,7.06609E+20,5.31659E+21,1.17682E+16,4.79693E+16
80248,9,7,80,137,2018,4,14,1,2,2,2,0,0,1,0,1,0,0,0,5.9629E+20,5.26866E+21,1.02801E+16,4.75642E+16
80249,9,7,71,156,2018,4,18,6,3,3,2,0,0,1,0,1,0,0,0,6.5594E+20,5.37882E+21,1.11128E+16,4.85431E+16
80250,9,1,62,0,2018,4,14,2,3,2,6,0,0,1,0,0,0,0,0,6.92072E+20,5.3405E+21,1.15844E+16,4.81887E+16
80251,9,4,72,111,2018,4,18,1,3,8,1,0,0,0,0,1,0,0,0,6.71085E+20,5.52231E+21,1.13789E+16,4.98288E+16
80252,9,1,84,136,2018,4,8,1,3,0,1,0,1,0,0,0,0,0,0,6.97661E+20,5.32671E+21,1.16531E+16,4.80631E+16
80253,9,6,77,154,2018,4,12,6,2,2,6,0,0,1,0,0,0,0,0,5.41892E+20,5.51995E+21,9.5825E+15,4.98305E+16
80254,9,1,75,121,2018,4,7,3,3,0,2,0,1,1,0,0,0,0,1,7.1417E+20,5.31882E+21,1.18705E+16,4.79868E+16
80255,9,5,75,145,2018,4,15,7,3,4,2,0,0,1,0,0,0,0,0,6.19947E+20,5.48367E+21,1.06564E+16,4.94938E+16
80256,9,5,73,115,2018,4,13,1,3,2,6,0,1,0,0,0,0,0,0,6.29013E+20,5.47267E+21,1.07779E+16,4.93931E+16
80257,9,4,77,135,2018,4,13,7,2,4,2,0,0,1,0,1,0,0,0,6.83068E+20,5.55629E+21,1.15615E+16,5.01306E+16
80258,9,1,84,114,2018,4,17,3,3,5,3,0,0,1,0,0,0,0,0,7.00966E+20,5.32284E+21,1.16956E+16,4.80272E+16
80259,9,6,75,127,2018,4,7,6,3,9,1,0,0,1,0,1,0,0,0,6.03469E+20,5.51654E+21,1.04376E+16,4.97924E+16
80260,9,5,64,0,2018,4,18,2,3,0,7,0,1,0,1,0,0,0,0,6.47573E+20,5.4789E+21,1.10359E+16,4.94448E+16
80261,9,2,75,122,2018,4,12,1,2,8,6,0,0,0,0,1,0,0,0,8.16362E+20,5.38947E+21,1.32897E+16,4.85784E+16
80262,9,1,77,115,2018,4,10,7,3,5,3,0,1,1,0,0,0,0,0,7.34112E+20,5.35122E+21,1.21552E+16,4.82708E+16
80263,9,6,71,150,2018,4,13,3,2,6,4,0,0,1,1,0,0,0,0,5.18137E+20,5.54098E+21,9.25319E+15,5.00209E+16
80264,9,6,74,130,2018,4,13,6,3,8,1,0,0,1,0,0,0,0,0,6.30761E+20,5.55269E+21,1.08289E+16,5.0112E+16
80265,9,6,73,183,2018,4,14,6,2,5,3,0,0,1,0,0,0,0,0,5.86465E+20,5.57876E+21,1.02155E+16,5.03545E+16
80266,9,1,73,111,2018,4,13,3,3,5,3,0,0,1,0,0,0,0,0,6.85166E+20,5.29104E+21,1.14702E+16,4.77461E+16
80267,9,7,78,221,2018,4,22,7,3,9,7,2,0,1,0,0,0,0,0,5.91965E+20,5.33836E+21,1.02375E+16,4.81918E+16
80268,9,7,71,130,2018,4,18,1,3,1,6,0,0,1,0,1,0,0,0,6.45569E+20,5.35772E+21,1.0965E+16,4.83559E+16
80269,9,6,62,0,2018,4,10,6,1,0,6,0,0,1,0,0,0,0,0,5.8723E+20,5.54465E+21,1.02184E+16,5.00478E+16
80270,9,7,63,0,2018,4,17,2,3,2,6,0,0,1,0,0,0,0,0,5.95646E+20,5.28467E+21,1.0275E+16,4.77083E+16
80271,9,4,62,0,2018,4,0,1,3,5,3,2,0,1,0,0,0,0,0,6.85545E+20,5.53598E+21,1.15863E+16,4.99473E+16
80272,9,1,83,113,2018,4,11,7,2,0,7,0,1,0,0,0,0,0,0,7.50058E+20,5.34387E+21,1.23654E+16,4.81988E+16
80273,9,7,78,130,2018,4,18,3,2,2,6,0,0,1,0,1,0,0,0,5.96972E+20,5.32795E+21,1.03024E+16,4.80975E+16
80274,9,6,62,0,2018,4,7,6,3,2,6,0,0,1,0,1,0,0,0,5.87396E+20,5.54328E+21,1.02204E+16,5.00354E+16
80275,9,4,62,0,2018,4,2,2,3,5,3,2,0,1,0,0,0,0,0,6.8424E+20,5.53523E+21,1.15678E+16,4.9941E+16
80276,9,1,89,149,2018,4,14,1,2,8,6,0,0,0,0,1,0,1,0,7.58703E+20,5.33264E+21,1.24747E+16,4.80945E+16
80277,9,7,63,0,2018,4,21,6,2,6,4,2,0,1,1,0,0,0,0,5.99184E+20,5.2886E+21,1.03231E+16,4.77431E+16
80278,9,5,73,127,2018,4,18,3,3,1,2,0,0,1,0,1,0,0,0,6.45468E+20,5.47512E+21,1.10055E+16,4.94113E+16
80279,9,1,90,130,2018,4,18,7,3,2,6,0,1,0,0,1,0,0,0,6.49535E+20,5.29693E+21,1.09973E+16,4.78083E+16
80280,9,7,64,0,2018,4,14,3,3,9,6,0,0,1,0,0,1,0,0,5.83512E+20,5.31388E+21,1.01189E+16,4.79728E+16
80281,9,6,72,166,2018,4,9,6,3,9,1,0,0,0,0,0,1,0,0,5.48005E+20,5.56779E+21,9.67348E+15,5.02603E+16
80282,9,5,75,112,2018,4,7,2,3,4,6,0,0,1,0,0,0,0,0,6.02318E+20,5.48466E+21,1.04133E+16,4.95059E+16
80283,9,2,79,112,2018,4,15,1,3,4,6,0,0,1,0,0,0,1,0,7.58883E+20,5.39171E+21,1.25134E+16,4.86248E+16
80284,9,7,75,135,2018,4,12,6,3,4,7,0,0,1,0,0,0,0,0,5.77409E+20,5.36003E+21,1.00456E+16,4.83887E+16
80285,9,5,72,139,2018,4,16,3,3,5,3,0,0,1,0,0,0,0,0,6.27224E+20,5.50607E+21,1.07641E+16,4.96937E+16
80286,9,1,90,148,2018,4,11,2,2,2,6,0,0,1,0,1,0,0,0,6.42574E+20,5.29678E+21,1.09043E+16,4.78085E+16
80287,9,6,76,160,2018,4,9,6,3,5,3,0,0,1,0,0,0,0,0,5.10861E+20,5.52836E+21,9.15125E+15,4.99075E+16
80288,9,1,71,133,2018,4,17,3,3,0,1,0,1,0,0,0,0,0,0,7.67619E+20,5.34607E+21,1.26026E+16,4.82114E+16
80289,9,7,72,111,2018,4,16,7,3,3,6,0,0,1,0,0,0,0,0,6.28451E+20,5.36409E+21,1.0736E+16,4.84169E+16
80290,9,6,75,142,2018,4,13,1,2,3,6,0,1,0,0,0,0,0,0,5.89399E+20,5.51646E+21,1.02421E+16,4.97939E+16
80291,9,6,76,126,2018,4,8,6,3,1,6,0,0,1,0,0,0,0,0,5.10465E+20,5.52677E+21,9.1457E+15,4.98932E+16
80292,9,7,72,171,2018,4,6,2,3,2,6,0,0,1,0,0,0,0,0,6.38903E+20,5.36989E+21,1.08791E+16,4.84668E+16
80293,9,1,61,0,2018,4,18,4,3,2,6,0,0,1,0,1,0,0,0,6.80485E+20,5.40279E+21,1.14555E+16,4.87519E+16
80294,9,3,77,133,2018,4,14,1,1,4,6,0,0,1,0,1,0,0,0,7.10513E+20,5.53129E+21,1.19313E+16,4.98969E+16
80295,9,1,87,132,2018,4,0,7,2,9,1,2,0,1,0,0,0,0,0,7.46528E+20,5.29988E+21,1.22927E+16,4.7805E+16
80296,9,7,77,152,2018,4,12,3,3,4,6,0,0,1,0,1,0,0,0,6.2549E+20,5.30343E+21,1.06781E+16,4.7872E+16
80297,9,6,71,150,2018,4,7,6,3,2,6,0,0,1,0,0,0,0,0,5.18551E+20,5.54137E+21,9.25897E+15,5.00244E+16
80298,9,3,74,146,2018,4,16,2,2,2,6,0,0,1,0,0,1,0,0,7.27704E+20,5.4997E+21,1.21519E+16,4.96069E+16
80299,9,1,72,116,2018,4,11,1,3,8,1,0,0,0,0,1,0,0,0,8.0604E+20,5.28256E+21,1.30735E+16,4.7624E+16
80300,9,7,76,116,2018,4,5,6,3,5,3,0,0,1,0,1,0,0,0,5.54797E+20,5.26637E+21,9.72826E+15,4.75484E+16
80301,9,4,62,0,2018,4,8,3,3,4,2,0,1,1,0,0,0,0,0,6.84491E+20,5.53576E+21,1.15715E+16,4.99457E+16
80302,9,1,86,137,2018,4,18,1,3,0,1,0,1,0,0,0,0,0,0,6.81485E+20,5.40001E+21,1.14679E+16,4.87267E+16
80303,9,1,79,130,2018,4,8,2,3,5,2,0,0,1,0,0,0,0,0,6.56615E+20,5.33518E+21,1.11057E+16,4.81506E+16
80304,9,6,61,0,2018,4,7,6,3,0,7,0,0,0,0,1,0,0,0,5.10067E+20,5.53474E+21,9.14036E+15,4.99649E+16
80305,9,1,62,0,2018,4,18,3,3,2,6,1,0,1,0,0,0,0,0,6.86835E+20,5.33324E+21,1.15108E+16,4.8125E+16
80306,9,6,61,0,2018,4,15,7,3,2,6,0,0,1,0,0,0,0,0,5.06904E+20,5.53223E+21,9.09622E+15,4.99424E+16
80307,9,5,72,159,2018,4,21,1,2,0,7,2,1,0,0,0,0,0,0,6.17157E+20,5.50606E+21,1.06245E+16,4.96956E+16
80308,9,1,87,120,2018,4,13,2,3,5,3,0,0,1,0,0,0,0,0,7.33282E+20,5.29158E+21,1.21116E+16,4.77354E+16
80309,9,6,61,0,2018,4,19,6,3,3,6,0,0,1,0,0,0,0,0,5.09295E+20,5.5364E+21,9.12965E+15,4.99799E+16
80310,9,1,87,117,2018,4,18,3,3,2,6,0,0,1,0,0,0,0,0,7.22834E+20,5.3065E+21,1.19801E+16,4.78731E+16
80311,9,7,61,0,2018,4,17,7,2,0,7,0,1,0,0,0,0,0,0,6.3698E+20,5.36015E+21,1.085E+16,4.83797E+16
80312,9,6,73,114,2018,4,11,1,2,1,1,0,0,1,0,0,0,0,0,5.86262E+20,5.57595E+21,1.0212E+16,5.03293E+16
80313,9,5,76,143,2018,4,12,6,2,3,6,0,0,1,0,0,1,1,0,6.52852E+20,5.45559E+21,1.10997E+16,4.9234E+16
80314,9,5,72,160,2018,4,15,2,2,3,6,0,0,1,0,0,1,1,0,6.24069E+20,5.51015E+21,1.07216E+16,4.9731E+16
80315,9,1,79,137,2018,4,18,4,3,8,1,0,0,1,0,0,0,0,0,6.53607E+20,5.34881E+21,1.10702E+16,4.82739E+16
80316,9,3,73,159,2018,4,15,1,3,4,6,0,1,0,0,0,0,0,0,6.78705E+20,5.45451E+21,1.1454E+16,4.92173E+16
80317,9,4,72,116,2018,4,14,7,3,3,6,0,1,0,0,1,0,0,0,6.90716E+20,5.54686E+21,1.16637E+16,5.00434E+16
80318,9,1,85,158,2018,4,18,7,2,5,3,0,0,1,0,1,0,0,0,6.67218E+20,5.38008E+21,1.1266E+16,4.85515E+16
80319,9,7,73,122,2018,4,11,3,3,5,3,0,0,1,0,0,0,0,0,6.25796E+20,5.38331E+21,1.0706E+16,4.85903E+16
80320,9,5,76,151,2018,4,22,6,3,8,7,2,0,1,0,0,0,0,0,6.60129E+20,5.46723E+21,1.12043E+16,4.93368E+16
80321,9,3,76,161,2018,4,22,2,1,8,1,2,0,1,0,0,0,0,0,7.2579E+20,5.46795E+21,1.21073E+16,4.93225E+16
80322,9,1,63,0,2018,4,9,1,3,0,1,0,1,0,0,0,0,0,0,7.3258E+20,5.30203E+21,1.21078E+16,4.78296E+16
80323,9,5,62,0,2018,4,14,6,3,5,3,0,1,1,0,0,0,0,0,6.4729E+20,5.49618E+21,1.10384E+16,4.96002E+16
80324,9,3,75,156,2018,4,13,3,2,5,3,0,1,0,0,0,1,0,0,7.15205E+20,5.44852E+21,1.19514E+16,4.91517E+16
80325,9,1,88,113,2018,4,11,1,3,8,1,0,1,0,0,0,0,0,0,6.7614E+20,5.31598E+21,1.13601E+16,4.79729E+16
80326,9,1,78,124,2018,4,16,2,3,4,2,0,0,1,0,1,0,0,0,7.00147E+20,5.35708E+21,1.17008E+16,4.83351E+16
80327,9,5,76,147,2018,4,16,6,2,4,1,0,0,1,0,1,0,0,0,6.3985E+20,5.44782E+21,1.09185E+16,4.91672E+16
80328,9,1,62,0,2018,4,16,3,3,2,6,0,0,1,0,0,0,0,0,6.85522E+20,5.34286E+21,1.14974E+16,4.82118E+16
80329,9,4,75,169,2018,4,4,7,3,2,6,1,0,1,0,0,0,0,0,6.89965E+20,5.57101E+21,1.16653E+16,5.02606E+16
80330,9,5,74,164,2018,4,15,1,3,5,3,0,0,1,0,1,0,0,0,6.70056E+20,5.47786E+21,1.13453E+16,4.94296E+16
80331,9,4,74,146,2018,4,11,7,2,0,1,0,1,0,0,0,0,0,0,6.49E+20,5.50078E+21,1.10638E+16,4.96412E+16
80332,9,5,74,155,2018,4,17,6,3,2,6,0,0,1,0,1,0,0,0,6.69257E+20,5.49277E+21,1.13407E+16,4.95638E+16
80333,9,5,76,128,2018,4,14,2,3,0,7,0,0,0,0,0,1,0,0,6.45335E+20,5.46386E+21,1.09995E+16,4.93102E+16
80334,9,2,75,159,2018,4,8,1,3,2,6,0,0,1,0,0,1,0,0,8.15732E+20,5.39694E+21,1.32868E+16,4.86456E+16
80335,9,1,75,111,2018,4,14,7,3,5,3,0,1,1,0,0,0,0,0,7.12232E+20,5.33597E+21,1.1853E+16,4.81415E+16
80336,9,6,78,176,2018,4,16,3,3,2,3,0,0,1,0,0,0,0,0,5.89264E+20,5.53891E+21,1.02454E+16,4.99958E+16
80337,9,5,72,131,2018,4,8,6,3,1,6,0,0,1,0,0,0,0,0,6.57283E+20,5.48268E+21,1.11712E+16,4.94763E+16
80338,9,5,64,0,2018,4,0,7,3,0,1,2,1,0,0,0,0,0,0,6.47805E+20,5.47656E+21,1.10382E+16,4.94237E+16
80339,9,5,63,0,2018,4,7,6,3,2,6,0,0,1,0,0,0,0,0,6.41933E+20,5.48841E+21,1.09615E+16,4.95316E+16
80340,9,5,72,444,2018,4,12,2,3,3,6,0,0,1,0,0,0,0,1,6.49811E+20,5.48785E+21,1.10701E+16,4.95248E+16
80341,9,1,77,112,2018,4,14,4,3,5,3,0,0,1,0,1,0,0,0,7.16433E+20,5.36389E+21,1.19237E+16,4.8391E+16
80342,9,2,71,125,2018,4,15,1,3,8,1,0,0,1,0,0,0,0,0,8.01301E+20,5.40736E+21,1.3099E+16,4.87463E+16
80343,9,1,79,138,2018,4,12,7,2,0,1,0,0,0,0,1,0,0,0,6.54142E+20,5.33386E+21,1.1072E+16,4.81393E+16
80344,9,6,75,142,2018,4,13,3,3,8,7,0,0,1,0,0,0,0,0,5.92039E+20,5.51317E+21,1.0278E+16,4.97639E+16
80345,9,5,64,0,2018,4,11,6,3,0,2,0,1,1,0,0,0,0,0,6.4746E+20,5.48034E+21,1.10348E+16,4.94578E+16
80346,9,2,77,127,2018,4,12,2,3,4,7,0,0,1,0,0,0,1,0,7.89938E+20,5.35195E+21,1.29064E+16,4.82543E+16
80347,9,1,82,132,2018,4,13,1,3,0,1,0,1,0,0,0,0,0,0,7.0648E+20,5.28814E+21,1.17529E+16,4.77136E+16
80348,9,5,64,0,2018,4,12,6,3,2,6,0,0,0,0,0,0,1,0,6.53774E+20,5.4788E+21,1.11213E+16,4.94424E+16
80349,9,2,62,0,2018,4,13,3,2,3,6,0,0,1,0,0,0,0,0,8.26795E+20,5.38988E+21,1.3431E+16,4.85766E+16
80350,9,1,75,123,2018,4,16,1,3,2,6,0,0,1,0,0,0,0,0,7.24056E+20,5.33721E+21,1.20124E+16,4.81486E+16
80351,9,7,74,135,2018,4,10,1,3,0,1,0,1,0,0,0,0,0,0,5.93257E+20,5.36638E+21,1.0261E+16,4.84436E+16
80352,9,5,64,0,2018,4,21,6,3,0,6,2,0,1,0,0,0,0,0,6.50425E+20,5.47735E+21,1.10746E+16,4.94302E+16
80353,9,1,62,0,2018,4,21,2,3,0,7,2,0,0,0,1,0,0,0,6.85205E+20,5.32891E+21,1.1487E+16,4.80866E+16
80354,9,4,72,175,2018,4,14,7,2,5,3,0,0,1,0,0,0,0,0,6.82065E+20,5.51301E+21,1.15271E+16,4.9742E+16
80355,9,4,73,159,2018,4,15,1,2,9,1,0,0,1,0,0,0,0,0,6.43231E+20,5.57422E+21,1.10113E+16,5.03027E+16
80356,9,1,62,0,2018,4,13,3,3,2,6,0,0,1,0,0,0,0,0,6.89482E+20,5.3406E+21,1.15496E+16,4.81904E+16
80357,9,5,73,130,2018,4,10,6,3,4,6,0,0,1,0,1,0,0,0,6.37602E+20,5.48703E+21,1.09012E+16,4.95202E+16
80358,9,5,75,161,2018,4,6,2,3,7,7,1,0,0,0,1,0,0,0,6.0789E+20,5.50416E+21,1.04956E+16,4.96803E+16
80359,9,2,77,133,2018,4,19,1,3,0,7,0,1,0,0,0,0,0,0,7.67088E+20,5.36859E+21,1.26097E+16,4.84138E+16
80360,9,1,62,0,2018,4,23,6,3,5,2,2,0,1,0,0,0,0,0,6.85938E+20,5.34077E+21,1.1502E+16,4.81929E+16
80361,9,5,74,123,2018,4,12,3,2,2,6,0,0,1,0,0,1,0,0,6.61956E+20,5.48114E+21,1.1235E+16,4.94613E+16
80362,9,2,61,0,2018,4,19,2,3,5,7,0,1,1,0,0,0,0,0,7.32674E+20,5.37876E+21,1.21511E+16,4.85188E+16
80363,9,5,61,0,2018,4,11,6,3,1,6,0,0,1,0,0,0,0,0,6.15508E+20,5.45782E+21,1.05876E+16,4.92622E+16
80364,9,1,89,120,2018,4,7,3,3,4,6,0,0,1,0,0,0,0,1,7.60248E+20,5.29823E+21,1.24746E+16,4.77848E+16
80365,9,7,77,151,2018,4,12,7,2,5,3,0,0,1,0,1,0,0,0,6.21895E+20,5.28961E+21,1.06262E+16,4.77483E+16
80366,9,6,63,0,2018,4,18,1,2,5,3,0,0,1,0,1,0,0,0,5.6785E+20,5.5144E+21,9.94241E+15,4.97782E+16
80367,9,5,71,198,2018,4,9,6,3,4,1,0,0,1,0,0,0,0,0,5.91991E+20,5.45885E+21,1.02647E+16,4.92755E+16
80368,9,1,90,139,2018,4,15,3,3,4,2,0,0,1,0,0,0,1,0,6.52956E+20,5.29397E+21,1.10419E+16,4.7781E+16
80369,9,1,62,0,2018,4,17,7,3,5,3,0,0,1,0,1,0,0,0,6.85483E+20,5.32873E+21,1.14907E+16,4.80848E+16
80370,9,7,79,217,2018,4,17,1,3,5,3,0,0,1,0,1,0,0,0,6.44901E+20,5.40982E+21,1.09742E+16,4.88245E+16
80371,9,5,71,136,2018,4,14,6,3,2,6,0,0,1,0,0,1,0,0,5.9708E+20,5.4358E+21,1.03291E+16,4.90674E+16
80372,9,1,62,0,2018,4,9,2,3,5,3,0,0,1,0,0,0,0,0,6.87109E+20,5.33194E+21,1.15139E+16,4.81132E+16
80373,9,4,77,158,2018,4,10,1,3,9,7,0,0,1,0,0,0,0,0,6.82467E+20,5.54951E+21,1.15499E+16,5.00698E+16
80374,9,1,73,126,2018,4,19,7,2,2,7,0,1,0,0,0,0,0,0,6.8145E+20,5.30632E+21,1.14271E+16,4.78846E+16
80375,9,7,75,139,2018,4,13,3,3,0,7,0,0,0,0,1,0,0,0,5.8217E+20,5.36739E+21,1.01113E+16,4.84543E+16
80376,9,5,71,127,2018,4,10,6,3,2,6,0,0,1,0,0,0,0,0,6.16827E+20,5.45562E+21,1.06051E+16,4.92422E+16
80377,9,4,78,139,2018,4,15,2,3,5,3,0,0,1,0,0,0,1,0,6.47098E+20,5.55832E+21,1.10594E+16,5.01588E+16
80378,9,1,90,141,2018,4,11,1,2,0,1,0,1,0,0,0,0,0,1,6.80261E+20,5.29053E+21,1.14047E+16,4.7743E+16
80379,9,7,64,0,2018,4,15,6,3,4,2,0,0,1,0,0,0,0,0,5.88873E+20,5.31477E+21,1.0191E+16,4.79801E+16