OBJECTID_1,ULAND,UREGBEZ,UKREIS,UGEMEINDE,UJAHR,UMONAT,USTUNDE,UWOCHENTAG,UKATEGORIE,UART,UTYP1,ULICHTVERH,IstRad,IstPKW,IstFuss,IstKrad,IstGkfz,IstSonstig,STRZUSTAND,LINREFX,LINREFY,XGCSWGS84,YGCSWGS84
80567,9,1,77,123,2018,4,11,7,1,8,1,0,0,0,0,1,0,0,0,7.28163E+20,5.34544E+21,1.2072E+16,4.82211E+16
80568,9,5,74,123,2018,4,22,3,3,9,7,2,0,1,0,0,0,0,0,6.62881E+20,5.4808E+21,1.12477E+16,4.9458E+16
80569,9,5,76,142,2018,4,12,7,3,1,7,0,1,1,0,0,0,0,0,6.41861E+20,5.47052E+21,1.09541E+16,4.93709E+16
80570,9,2,79,122,2018,4,21,6,2,4,1,2,0,1,0,0,0,0,0,7.7339E+20,5.39296E+21,1.27107E+16,4.86299E+16
80571,9,1,83,138,2018,4,16,3,2,4,6,0,0,1,0,0,0,0,0,7.45769E+20,5.35122E+21,1.2312E+16,4.82664E+16
80572,9,7,63,0,2018,4,18,7,2,6,7,0,0,1,1,0,0,0,0,6.00165E+20,5.28662E+21,1.03357E+16,4.77252E+16
80573,9,7,61,0,2018,4,17,1,3,2,6,0,0,1,0,0,0,0,0,6.41504E+20,5.35782E+21,1.09102E+16,4.83577E+16
80574,9,2,74,134,2018,4,16,7,3,3,2,0,1,1,0,0,0,0,0,7.40789E+20,5.37394E+21,1.2258E+16,4.84724E+16
80575,9,2,79,115,2018,4,15,6,3,3,6,0,0,1,0,0,0,1,0,7.59037E+20,5.38195E+21,1.25094E+16,4.85371E+16
80576,9,7,77,121,2018,4,12,2,3,4,2,0,0,1,0,1,0,0,0,6.28215E+20,5.32159E+21,1.072E+16,4.80347E+16
80577,9,4,74,123,2018,4,9,1,3,2,6,0,0,1,0,0,0,0,0,6.48417E+20,5.51287E+21,1.10603E+16,4.97499E+16
80578,9,2,74,127,2018,4,16,7,3,0,1,0,0,0,0,1,0,0,0,7.35501E+20,5.39881E+21,1.22007E+16,4.86978E+16
80579,9,1,89,154,2018,4,10,7,3,5,3,0,0,1,0,0,0,0,0,7.65598E+20,5.3175E+21,1.25577E+16,4.79557E+16
80580,9,7,74,135,2018,4,12,3,3,2,6,0,0,1,0,0,0,1,0,5.95311E+20,5.37057E+21,1.02898E+16,4.8481E+16
80581,9,1,88,139,2018,4,16,6,2,9,7,0,0,1,0,0,0,0,0,6.80234E+20,5.32081E+21,1.14169E+16,4.80151E+16
80582,9,1,84,136,2018,4,17,2,3,6,4,0,0,1,1,0,0,0,0,6.97936E+20,5.32749E+21,1.16571E+16,4.80699E+16
80583,9,4,77,148,2018,4,10,1,3,8,1,0,0,0,0,1,0,0,0,6.83272E+20,5.56888E+21,1.15704E+16,5.02437E+16
80584,9,2,73,178,2018,4,19,7,2,9,1,0,0,1,0,0,0,0,0,7.11289E+20,5.38575E+21,1.18654E+16,4.85892E+16
80585,9,1,90,148,2018,4,9,7,3,2,6,0,0,1,0,0,0,0,0,6.41008E+20,5.29466E+21,1.08827E+16,4.77899E+16
80586,9,7,74,135,2018,4,11,3,3,2,6,0,0,1,0,0,1,0,0,5.98235E+20,5.36564E+21,1.03281E+16,4.84362E+16
80587,9,1,90,159,2018,4,16,6,3,5,3,0,0,1,0,0,0,0,0,6.62453E+20,5.30454E+21,1.11725E+16,4.78737E+16
80588,9,5,75,168,2018,4,16,2,2,5,3,0,0,1,0,0,0,0,0,5.87329E+20,5.48515E+21,1.02064E+16,4.95127E+16
80589,9,1,90,138,2018,4,13,1,3,3,7,0,1,0,0,0,0,0,0,6.60746E+20,5.31051E+21,1.1152E+16,4.79277E+16
80590,9,7,78,173,2018,4,17,6,2,5,3,0,1,1,0,0,0,0,0,6.12215E+20,5.32226E+21,1.05056E+16,4.80438E+16
80591,9,5,72,132,2018,4,15,3,3,2,6,0,0,1,0,0,0,0,0,6.36649E+20,5.49355E+21,1.08903E+16,4.95791E+16
80592,9,1,89,155,2018,4,16,2,3,2,6,0,0,1,0,0,0,0,0,7.73285E+20,5.30821E+21,1.26546E+16,4.78691E+16
80593,9,1,90,157,2018,4,9,6,3,5,3,0,0,1,0,1,0,0,0,6.60458E+20,5.30004E+21,1.11442E+16,4.78337E+16
80594,9,1,82,123,2018,4,15,3,1,3,6,0,0,1,0,0,1,0,0,7.15997E+20,5.30157E+21,1.18863E+16,4.78311E+16
80595,9,7,72,147,2018,4,14,7,3,2,6,0,0,1,0,0,0,0,0,6.35993E+20,5.36443E+21,1.0838E+16,4.84183E+16
80596,9,6,75,177,2018,4,16,1,3,9,7,0,0,1,0,0,0,0,0,5.92602E+20,5.51014E+21,1.02851E+16,4.97366E+16
80597,9,2,61,0,2018,4,23,7,3,5,3,2,0,1,0,0,0,0,0,7.32795E+20,5.38306E+21,1.21551E+16,4.85574E+16
80598,9,1,90,152,2018,4,19,6,3,9,1,1,0,0,0,1,0,0,0,6.69717E+20,5.29776E+21,1.12669E+16,4.78108E+16
80599,9,7,61,0,2018,4,8,2,3,2,6,0,0,1,0,0,0,0,0,6.43806E+20,5.36067E+21,1.09423E+16,4.83828E+16
80600,9,1,86,162,2018,4,13,4,3,5,3,0,0,1,0,0,0,0,0,6.94567E+20,5.38572E+21,1.16389E+16,4.85943E+16
80601,9,3,72,124,2018,4,19,1,3,4,6,1,0,1,0,0,0,0,0,7.84256E+20,5.46772E+21,1.291E+16,4.9296E+16
80602,9,1,82,119,2018,4,8,7,2,5,3,0,0,1,0,1,0,0,0,7.11867E+20,5.29504E+21,1.1828E+16,4.77738E+16
80603,9,7,77,154,2018,4,15,3,2,4,6,0,0,1,0,0,0,0,0,6.05701E+20,5.29932E+21,1.04126E+16,4.78385E+16
80604,9,1,80,112,2018,4,13,6,3,2,6,0,0,1,0,0,0,1,0,6.52933E+20,5.28163E+21,1.10372E+16,4.767E+16
80605,9,3,63,0,2018,4,10,2,3,0,2,0,1,0,0,0,0,1,0,7.27993E+20,5.50737E+21,1.21603E+16,4.96757E+16
80606,9,1,71,137,2018,4,16,1,2,4,2,0,0,1,0,1,0,0,0,7.69522E+20,5.35189E+21,1.26319E+16,4.82629E+16
80607,9,7,79,178,2018,4,10,6,3,8,6,0,0,1,0,1,0,0,0,6.41718E+20,5.40624E+21,1.09296E+16,4.8793E+16
80608,9,4,74,126,2018,4,10,3,3,9,7,0,0,1,0,0,0,0,0,6.45953E+20,5.51465E+21,1.10268E+16,4.97666E+16
80609,9,1,85,113,2018,4,18,1,2,3,6,0,0,0,0,1,0,0,0,6.70033E+20,5.37404E+21,1.13016E+16,4.84965E+16
80610,9,1,81,114,2018,4,7,2,2,1,7,0,1,1,0,0,0,1,0,6.56618E+20,5.31276E+21,1.10976E+16,4.7949E+16
80611,9,1,80,119,2018,4,19,6,2,5,3,0,0,1,0,0,0,0,0,6.71462E+20,5.28242E+21,1.12842E+16,4.76724E+16
80612,9,4,62,0,2018,4,18,2,2,2,6,0,0,1,0,0,0,0,0,6.84403E+20,5.53547E+21,1.15702E+16,4.99431E+16
80613,9,1,89,133,2018,4,14,1,3,2,1,0,1,0,0,0,0,0,0,7.53386E+20,5.32182E+21,1.2397E+16,4.79994E+16
80614,9,7,80,128,2018,4,13,6,2,5,3,0,0,1,0,0,0,1,0,6.09553E+20,5.27652E+21,1.04583E+16,4.76328E+16
80615,9,5,75,125,2018,4,21,3,3,0,7,2,0,0,0,1,0,0,0,6.2398E+20,5.4991E+21,1.07169E+16,4.96318E+16
80616,9,1,61,0,2018,4,14,2,3,2,6,0,0,1,0,0,0,0,0,6.78762E+20,5.40277E+21,1.14321E+16,4.87522E+16
80617,9,1,73,134,2018,4,16,6,2,5,3,0,0,1,0,1,0,0,0,6.85945E+20,5.29991E+21,1.14844E+16,4.78256E+16
80618,9,1,61,0,2018,4,17,3,3,2,6,0,0,1,0,0,0,0,0,6.78774E+20,5.40317E+21,1.14324E+16,4.87558E+16
80619,9,7,61,0,2018,4,14,7,3,4,2,0,1,1,0,0,0,0,0,6.38471E+20,5.35601E+21,1.08687E+16,4.83421E+16
80620,9,6,72,117,2018,4,11,1,3,5,3,0,0,1,0,0,0,0,0,5.70315E+20,5.57107E+21,9.98705E+15,5.02876E+16
80621,9,2,79,113,2018,4,17,7,2,5,3,0,0,1,0,1,0,0,0,7.90366E+20,5.39248E+21,1.29402E+16,4.86179E+16
80622,9,1,89,159,2018,4,15,6,2,2,6,0,0,1,0,1,0,0,0,7.58004E+20,5.30386E+21,1.2448E+16,4.78363E+16
80623,9,6,74,133,2018,4,7,2,3,6,7,0,0,0,1,0,1,0,0,6.1916E+20,5.53686E+21,1.06618E+16,4.99721E+16
80624,9,1,74,126,2018,4,16,4,3,2,6,0,0,1,0,0,0,0,0,6.84148E+20,5.34432E+21,1.14795E+16,4.82253E+16
80625,9,3,73,119,2018,4,16,1,3,0,1,0,0,0,0,1,0,0,0,6.83183E+20,5.45678E+21,1.15165E+16,4.92363E+16
80626,9,4,74,129,2018,4,12,7,2,0,1,0,1,0,0,0,0,0,0,6.65781E+20,5.51783E+21,1.13033E+16,4.979E+16
80627,9,1,86,143,2018,4,13,7,3,9,1,0,0,1,1,0,0,0,0,6.85561E+20,5.37907E+21,1.15139E+16,4.85373E+16
80628,9,7,73,136,2018,4,19,3,2,4,6,0,0,1,0,1,0,0,0,6.01184E+20,5.37885E+21,1.03712E+16,4.85546E+16
80629,9,1,71,137,2018,4,17,6,3,2,6,0,0,1,0,0,1,0,0,7.69134E+20,5.35107E+21,1.26261E+16,4.82556E+16
80630,9,3,76,119,2018,4,16,2,3,1,1,0,0,1,0,0,0,0,0,7.21682E+20,5.45461E+21,1.20435E+16,4.92042E+16
80631,9,1,87,168,2018,4,14,1,3,5,3,0,1,1,0,0,0,0,0,7.49661E+20,5.30659E+21,1.23383E+16,4.7864E+16
80632,9,1,89,161,2018,4,13,6,3,8,6,0,0,1,0,0,0,0,0,7.69045E+20,5.30415E+21,1.25955E+16,4.78344E+16
80633,9,3,72,116,2018,4,21,3,2,4,1,2,0,1,0,0,0,0,0,7.66337E+20,5.4555E+21,1.2656E+16,4.91944E+16
80634,9,1,88,132,2018,4,9,1,3,5,3,0,0,1,0,0,0,0,0,6.6431E+20,5.32237E+21,1.12042E+16,4.80335E+16
80635,9,1,84,149,2018,4,13,1,3,4,2,0,0,1,0,0,0,0,0,6.91164E+20,5.35253E+21,1.15776E+16,4.82971E+16
80636,9,2,79,127,2018,4,16,7,3,5,7,0,1,1,0,0,0,0,0,7.52738E+20,5.40177E+21,1.24363E+16,4.87177E+16
80637,9,1,89,162,2018,4,17,6,3,8,1,0,0,0,0,1,0,0,0,7.74215E+20,5.31528E+21,1.26715E+16,4.79321E+16
80638,9,1,75,118,2018,4,9,3,3,2,6,0,0,0,0,0,1,0,0,7.18678E+20,5.33865E+21,1.1941E+16,4.81634E+16
80639,9,5,64,0,2018,4,12,1,2,2,6,0,0,1,0,1,0,0,0,6.48388E+20,5.4706E+21,1.1044E+16,4.937E+16
80640,9,1,90,142,2018,4,18,7,3,4,2,0,0,1,0,0,0,0,0,6.57832E+20,5.29798E+21,1.11084E+16,4.78158E+16
80641,9,1,72,134,2018,4,7,6,2,3,6,0,0,1,0,0,0,0,0,7.7966E+20,5.30774E+21,1.27393E+16,4.78621E+16
80642,9,5,63,0,2018,4,17,2,3,2,6,0,0,1,0,1,0,0,0,6.43575E+20,5.48271E+21,1.09821E+16,4.948E+16
80643,9,1,87,177,2018,4,14,6,3,2,6,0,0,1,0,0,0,0,0,7.36761E+20,5.30606E+21,1.21658E+16,4.78642E+16
80644,9,1,79,134,2018,4,14,3,2,0,3,0,0,1,0,1,0,0,0,6.66301E+20,5.34213E+21,1.12386E+16,4.82106E+16
80645,9,5,72,131,2018,4,14,7,3,1,6,0,0,1,0,0,0,0,0,6.54842E+20,5.48503E+21,1.11385E+16,4.94981E+16
80646,9,5,72,133,2018,4,13,1,1,4,6,0,0,1,0,1,0,0,0,6.37076E+20,5.49929E+21,1.08982E+16,4.96305E+16
80647,9,1,63,0,2018,4,6,6,3,5,2,0,1,1,0,0,0,0,0,7.30671E+20,5.30343E+21,1.20831E+16,4.78428E+16
80648,9,5,76,143,2018,4,13,2,3,2,6,0,0,1,0,0,0,0,0,6.60615E+20,5.46165E+21,1.12087E+16,4.92865E+16
80649,9,1,75,116,2018,4,18,4,2,5,3,0,0,1,0,1,0,0,0,7.07679E+20,5.3211E+21,1.17847E+16,4.80095E+16
80650,9,2,63,0,2018,4,17,1,1,5,2,0,0,1,0,1,0,0,0,7.67128E+20,5.4199E+21,1.26433E+16,4.88744E+16
80651,9,1,79,130,2018,4,14,7,2,2,6,0,0,1,0,1,0,0,0,6.56648E+20,5.33517E+21,1.11061E+16,4.81505E+16
80652,9,6,75,141,2018,4,17,3,3,2,6,0,0,1,0,0,0,0,0,5.84223E+20,5.50984E+21,1.01688E+16,4.97352E+16
80653,9,1,87,145,2018,4,15,6,3,4,6,0,0,1,0,0,0,0,0,7.47568E+20,5.31508E+21,1.23152E+16,4.79412E+16
80654,9,2,75,135,2018,4,6,2,3,2,2,0,0,1,0,0,0,0,0,8.22688E+20,5.40287E+21,1.33856E+16,4.86953E+16
80655,9,1,87,128,2018,4,13,6,3,6,7,0,1,0,1,0,0,0,0,7.46357E+20,5.31154E+21,1.2297E+16,4.79098E+16
80656,9,2,72,142,2018,4,14,3,3,1,6,0,0,1,0,0,0,0,0,8.21497E+20,5.41094E+21,1.33758E+16,4.87683E+16
80657,9,1,77,127,2018,4,12,1,2,4,2,0,1,1,0,0,0,0,0,7.25682E+20,5.34928E+21,1.20407E+16,4.82565E+16
80658,9,7,80,121,2018,4,13,1,3,0,1,0,1,0,0,0,0,0,0,5.9639E+20,5.25708E+21,1.02789E+16,4.746E+16
80659,9,1,82,114,2018,4,15,6,3,2,3,0,0,1,0,0,0,0,0,7.18131E+20,5.29472E+21,1.19113E+16,4.77689E+16
80660,9,1,84,134,2018,4,15,2,2,0,2,0,1,0,0,0,0,0,0,6.9161E+20,5.31598E+21,1.15672E+16,4.79685E+16
80661,9,4,76,184,2018,4,20,1,3,2,6,1,0,1,0,1,0,0,0,6.73696E+20,5.57236E+21,1.14379E+16,5.02778E+16
80662,9,1,62,0,2018,4,18,3,3,5,2,0,1,1,0,0,0,0,0,6.85673E+20,5.33179E+21,1.14946E+16,4.81123E+16
80663,9,1,61,0,2018,4,3,6,3,3,6,2,0,1,0,0,1,0,0,6.81239E+20,5.40148E+21,1.14652E+16,4.874E+16
80664,9,5,71,165,2018,4,5,2,3,6,4,0,0,1,1,0,0,0,0,6.29784E+20,5.46625E+21,1.07865E+16,4.93352E+16
80665,9,2,61,0,2018,4,15,1,3,4,2,0,0,0,0,1,0,1,0,7.33159E+20,5.38098E+21,1.21589E+16,4.85386E+16
80666,9,7,75,164,2018,4,12,6,3,2,6,0,0,1,0,0,0,0,0,5.85965E+20,5.35135E+21,1.01594E+16,4.83095E+16
80667,9,5,64,0,2018,4,8,3,2,2,6,0,0,0,0,1,1,0,0,6.57857E+20,5.48258E+21,1.11791E+16,4.94753E+16
80668,9,1,90,117,2018,4,18,2,3,0,1,0,1,0,0,0,0,0,0,6.5303E+20,5.29308E+21,1.10426E+16,4.77729E+16
80669,9,2,75,153,2018,4,10,1,3,8,7,0,1,0,0,0,0,0,0,8.42437E+20,5.38989E+21,1.36424E+16,4.85684E+16
80670,9,1,77,143,2018,4,18,7,2,8,1,0,0,1,0,1,0,0,0,7.23227E+20,5.36561E+21,1.20163E+16,4.8404E+16
80671,9,6,76,126,2018,4,17,3,3,3,6,0,0,1,0,0,0,0,0,5.11108E+20,5.5236E+21,9.15456E+15,4.98647E+16
80672,9,1,76,161,2018,4,14,6,3,5,3,0,0,1,0,0,0,0,0,6.80618E+20,5.41422E+21,1.14623E+16,4.88546E+16
80673,9,1,61,0,2018,4,18,6,3,6,4,0,0,1,1,0,0,0,0,6.79369E+20,5.40432E+21,1.1441E+16,4.8766E+16
80674,9,1,73,126,2018,4,7,3,2,5,3,0,0,1,0,0,0,0,1,6.85056E+20,5.30387E+21,1.14743E+16,4.78615E+16
80675,9,7,75,139,2018,4,11,7,3,5,3,0,1,1,0,0,0,0,0,5.78205E+20,5.36535E+21,1.00573E+16,4.84365E+16
80676,9,7,73,122,2018,4,19,1,3,0,7,0,1,0,0,0,0,0,0,6.26851E+20,5.38394E+21,1.07204E+16,4.85957E+16
80677,9,1,61,0,2018,4,6,6,2,4,2,0,0,1,0,1,0,0,0,6.78746E+20,5.40281E+21,1.14319E+16,4.87527E+16
80678,9,7,75,135,2018,4,7,2,3,2,6,0,0,1,0,0,1,1,0,5.7348E+20,5.3597E+21,9.99248E+15,4.83862E+16
80679,9,4,72,198,2018,4,15,1,2,8,1,0,0,0,0,1,0,0,0,6.98641E+20,5.54565E+21,1.17736E+16,5.003E+16
80680,9,1,73,118,2018,4,11,7,3,9,1,0,0,1,0,0,0,0,0,6.85845E+20,5.30702E+21,1.14861E+16,4.78896E+16
80681,9,7,64,0,2018,4,15,3,3,5,3,0,0,0,0,1,0,0,0,5.88251E+20,5.31204E+21,1.01821E+16,4.79556E+16
80682,9,1,61,0,2018,4,19,6,3,3,6,1,0,1,0,0,0,0,0,6.80642E+20,5.40359E+21,1.1458E+16,4.87591E+16
80683,9,4,77,136,2018,4,17,2,2,8,1,0,1,0,0,0,0,0,0,6.68436E+20,5.5499E+21,1.13542E+16,5.00775E+16
80684,9,1,73,134,2018,4,17,1,3,5,3,0,1,1,0,0,0,0,0,6.85946E+20,5.29991E+21,1.14844E+16,4.78256E+16
80685,9,7,75,129,2018,4,13,6,2,4,2,0,0,1,0,0,0,1,0,5.81939E+20,5.33976E+21,1.01028E+16,4.82057E+16
80686,9,5,63,0,2018,4,11,3,2,9,7,0,0,1,0,0,0,0,0,6.4327E+20,5.48382E+21,1.09783E+16,4.94901E+16
80687,9,1,63,0,2018,4,17,2,3,5,3,0,0,1,0,0,0,0,0,7.33183E+20,5.30289E+21,1.21163E+16,4.7837E+16
80688,9,1,61,0,2018,4,12,6,3,3,6,0,0,1,0,0,0,0,0,6.8061E+20,5.40335E+21,1.14574E+16,4.87569E+16
80689,9,1,87,114,2018,4,8,3,3,1,3,0,0,0,0,1,0,1,0,7.49083E+20,5.29658E+21,1.23248E+16,4.77744E+16
80690,9,7,72,209,2018,4,13,7,3,5,3,0,1,1,0,0,0,0,0,6.35765E+20,5.3356E+21,1.08257E+16,4.81591E+16
80691,9,6,74,180,2018,4,17,1,2,0,1,0,1,0,0,0,0,0,1,6.04511E+20,5.54185E+21,1.04589E+16,5.00198E+16
80692,9,5,74,139,2018,4,16,7,3,0,1,0,1,0,0,0,0,0,0,6.69788E+20,5.4787E+21,1.1342E+16,4.94373E+16
80693,9,1,86,125,2018,4,15,6,3,9,1,0,0,1,0,0,0,0,0,6.75587E+20,5.37474E+21,1.13771E+16,4.85012E+16
80694,9,7,61,0,2018,4,17,2,3,5,3,0,1,1,0,0,0,0,0,6.42775E+20,5.35757E+21,1.09273E+16,4.83552E+16
80695,9,1,88,139,2018,4,16,4,3,6,4,0,0,1,1,0,0,0,0,6.73962E+20,5.32024E+21,1.13327E+16,4.80118E+16
80696,9,1,61,0,2018,4,12,6,2,3,2,0,1,1,0,0,0,0,0,6.77433E+20,5.40582E+21,1.14153E+16,4.878E+16
80697,9,1,71,123,2018,4,6,3,3,8,1,1,0,1,0,0,0,0,1,7.843E+20,5.34834E+21,1.28282E+16,4.82245E+16
80698,9,7,76,117,2018,4,10,7,3,4,6,0,0,1,0,0,0,0,0,5.6522E+20,5.27428E+21,9.86794E+15,4.76186E+16
80699,9,6,75,146,2018,4,15,1,3,2,6,0,0,1,0,1,0,0,0,5.79456E+20,5.515E+21,1.01037E+16,4.97822E+16
80700,9,1,61,0,2018,4,7,6,3,2,6,0,1,0,0,0,0,0,0,6.79012E+20,5.40537E+21,1.14366E+16,4.87755E+16
80701,9,7,73,136,2018,4,18,2,3,5,3,0,0,1,0,0,0,0,0,6.0303E+20,5.38028E+21,1.03966E+16,4.85671E+16
80702,9,1,86,137,2018,4,17,4,2,2,6,0,0,1,0,1,0,0,0,6.8527E+20,5.40033E+21,1.15194E+16,4.87284E+16
80703,9,4,71,123,2018,4,19,1,3,5,2,0,0,1,0,0,0,0,0,6.45986E+20,5.51812E+21,1.10286E+16,4.97978E+16
80704,9,1,71,131,2018,4,8,7,3,2,6,0,0,1,0,0,0,0,0,7.69596E+20,5.34799E+21,1.26304E+16,4.82278E+16
80705,9,7,77,151,2018,4,8,3,3,2,6,0,0,1,0,0,0,0,0,6.17466E+20,5.2928E+21,1.0568E+16,4.77778E+16
80706,9,1,61,0,2018,4,14,6,3,5,3,0,1,1,0,0,0,0,0,6.79006E+20,5.40167E+21,1.14349E+16,4.87423E+16
80707,9,4,74,171,2018,4,15,2,3,2,6,0,0,1,0,0,0,0,0,6.54075E+20,5.51274E+21,1.11388E+16,4.97474E+16
80708,9,1,72,134,2018,4,14,1,3,2,6,0,0,0,0,1,0,0,0,7.85076E+20,5.30645E+21,1.28107E+16,4.78481E+16
80709,9,7,80,117,2018,4,9,6,3,2,6,0,0,1,0,0,0,0,0,5.94141E+20,5.28387E+21,1.02548E+16,4.77014E+16
80710,9,5,61,0,2018,4,12,3,3,2,6,0,0,1,0,0,0,0,0,6.15821E+20,5.46178E+21,1.0593E+16,4.92977E+16
80711,9,1,87,179,2018,4,15,1,3,3,2,0,0,1,0,1,0,0,0,7.28485E+20,5.31319E+21,1.20591E+16,4.79312E+16
80712,9,1,88,139,2018,4,7,2,3,2,6,0,0,1,0,0,0,0,0,6.74454E+20,5.31855E+21,1.13386E+16,4.79964E+16
80713,9,1,76,153,2018,4,13,6,2,5,3,0,0,1,0,0,0,1,0,6.9748E+20,5.4148E+21,1.16923E+16,4.88547E+16
80714,9,1,86,143,2018,4,17,3,3,2,6,0,0,1,0,0,0,0,0,6.85408E+20,5.37782E+21,1.15112E+16,4.85261E+16
80715,9,6,74,184,2018,4,12,7,3,4,2,0,1,1,0,0,0,0,0,6.24186E+20,5.55632E+21,1.07381E+16,5.01461E+16
80716,9,6,71,155,2018,4,1,1,2,9,7,2,0,1,0,0,0,0,0,5.03406E+20,5.53386E+21,9.04749E+15,4.99571E+16
80717,9,1,62,0,2018,4,15,6,3,2,6,0,0,1,0,0,0,0,0,6.86151E+20,5.33332E+21,1.15016E+16,4.81259E+16
80718,9,6,76,134,2018,4,15,2,2,8,1,0,1,0,0,0,0,0,0,5.12871E+20,5.51504E+21,9.17881E+15,4.97877E+16
80719,9,1,75,133,2018,4,17,4,2,5,3,0,0,1,0,0,0,0,0,7.08664E+20,5.34077E+21,1.18075E+16,4.81859E+16
80720,9,3,71,156,2018,4,1,1,3,6,7,2,0,1,1,0,0,0,0,7.02642E+20,5.49915E+21,1.18052E+16,4.96109E+16
80721,9,4,74,171,2018,4,15,7,3,7,7,0,0,1,0,0,0,0,0,6.54129E+20,5.51286E+21,1.11396E+16,4.97485E+16
80722,9,1,62,0,2018,4,18,7,3,9,6,0,0,1,0,0,0,0,0,6.80554E+20,5.33956E+21,1.14292E+16,4.81836E+16
80723,9,6,79,194,2018,4,14,3,2,4,6,0,0,1,0,0,0,0,0,5.60305E+20,5.52573E+21,9.83939E+15,4.98809E+16
80724,9,1,88,139,2018,4,12,6,3,6,4,0,0,0,1,0,0,1,0,6.74736E+20,5.31899E+21,1.13425E+16,4.80003E+16
80725,9,2,76,128,2018,4,13,2,3,4,2,0,0,1,0,0,0,0,0,7.85379E+20,5.43824E+21,1.29045E+16,4.90309E+16
80726,9,1,82,134,2018,4,15,1,2,8,1,0,1,0,0,0,0,0,0,7.01567E+20,5.29453E+21,1.16904E+16,4.77726E+16
80727,9,2,75,138,2018,4,16,3,3,2,6,0,0,1,0,0,0,0,0,8.0893E+20,5.38708E+21,1.31874E+16,4.85606E+16
80728,9,1,74,141,2018,4,14,1,3,0,1,0,1,0,0,0,0,0,0,6.83037E+20,5.35571E+21,1.14695E+16,4.8328E+16
80729,9,7,72,223,2018,4,14,5,3,9,1,0,0,1,0,0,0,0,0,6.25375E+20,5.36424E+21,1.06945E+16,4.84189E+16
80730,9,7,80,124,2018,4,18,1,3,0,1,0,1,0,0,0,0,0,0,5.90335E+20,5.26925E+21,1.02011E+16,4.75703E+16
80731,9,1,80,119,2018,4,14,7,2,4,2,0,0,1,0,1,0,0,0,6.71466E+20,5.28242E+21,1.12842E+16,4.76725E+16
80732,9,7,61,0,2018,4,14,5,3,0,1,0,1,0,0,0,0,0,0,6.41182E+20,5.36078E+21,1.09069E+16,4.83844E+16
80733,9,3,76,161,2018,4,13,1,2,8,1,0,0,0,0,1,0,0,0,7.23147E+20,5.46395E+21,1.20688E+16,4.92875E+16
80734,9,7,61,0,2018,4,12,5,3,2,6,0,0,1,0,0,0,0,0,6.41359E+20,5.35253E+21,1.09065E+16,4.83101E+16
80735,9,7,78,116,2018,4,9,6,3,2,6,0,0,1,0,0,0,0,0,6.20177E+20,5.32212E+21,1.06123E+16,4.80411E+16
80736,9,7,61,0,2018,4,22,5,3,2,6,2,0,1,0,0,0,0,0,6.40383E+20,5.36039E+21,1.0896E+16,4.8381E+16
80737,9,3,76,168,2018,4,21,2,2,4,3,2,0,1,0,0,0,0,0,7.28988E+20,5.46365E+21,1.21488E+16,4.92827E+16
80738,9,1,84,121,2018,4,4,7,3,5,3,2,0,1,0,0,0,0,0,7.05442E+20,5.33112E+21,1.17595E+16,4.81002E+16
80739,9,5,62,0,2018,4,15,6,3,4,6,0,0,1,0,0,0,1,0,6.44429E+20,5.4973E+21,1.09993E+16,4.9611E+16
80740,9,6,77,157,2018,4,7,5,3,5,2,0,1,1,0,0,0,0,0,5.4361E+20,5.52116E+21,9.60652E+15,4.98412E+16
80741,9,1,76,129,2018,4,9,2,3,8,1,0,0,1,0,0,0,0,1,6.85693E+20,5.40589E+21,1.15277E+16,4.87783E+16
80742,9,5,77,161,2018,4,6,7,3,8,1,0,0,1,0,0,0,0,0,6.47657E+20,5.44351E+21,1.1024E+16,4.91266E+16
80743,9,3,76,147,2018,4,13,7,3,9,7,0,0,0,0,1,0,0,1,7.45341E+20,5.47528E+21,1.23804E+16,4.93807E+16
80744,9,2,75,154,2018,4,12,6,3,5,2,0,1,1,0,0,0,0,0,8.08427E+20,5.39416E+21,1.31859E+16,4.86244E+16
80745,9,6,77,131,2018,4,14,5,3,1,6,0,0,1,0,0,0,1,0,5.49485E+20,5.54497E+21,9.69128E+15,5.00549E+16
80746,9,6,78,150,2018,4,12,1,2,4,2,0,0,1,0,0,0,0,0,5.90656E+20,5.53371E+21,1.02636E+16,4.99488E+16
80747,9,1,86,162,2018,4,14,7,3,2,6,0,0,1,0,0,0,0,0,6.91192E+20,5.3825E+21,1.15916E+16,4.85664E+16
80748,9,2,74,183,2018,4,14,1,3,0,1,0,0,0,0,1,0,0,0,7.39828E+20,5.36253E+21,1.22385E+16,4.83703E+16
80749,9,6,77,155,2018,4,12,5,3,4,2,0,0,1,0,0,0,0,0,5.4209E+20,5.53623E+21,9.58702E+15,4.9977E+16
80750,9,7,77,121,2018,4,16,6,3,0,1,0,1,0,0,0,0,0,0,6.27728E+20,5.32199E+21,1.07136E+16,4.80384E+16
80751,9,6,75,141,2018,4,14,5,3,2,6,0,0,1,0,0,0,0,0,5.83656E+20,5.50988E+21,1.01609E+16,4.97356E+16
80752,9,7,76,125,2018,4,19,7,3,5,3,0,1,1,0,0,0,0,0,5.64009E+20,5.27037E+21,9.85126E+15,4.75836E+16
80753,9,5,75,168,2018,4,16,6,2,7,7,0,0,0,0,1,0,0,0,5.84099E+20,5.48632E+21,1.0162E+16,4.95236E+16