OBJECTID_1,ULAND,UREGBEZ,UKREIS,UGEMEINDE,UJAHR,UMONAT,USTUNDE,UWOCHENTAG,UKATEGORIE,UART,UTYP1,ULICHTVERH,IstRad,IstPKW,IstFuss,IstKrad,IstGkfz,IstSonstig,STRZUSTAND,LINREFX,LINREFY,XGCSWGS84,YGCSWGS84
81316,9,4,71,169,2018,5,14,4,2,4,6,0,0,1,0,0,0,0,0,6.38847E+20,5.52265E+21,1.09311E+16,4.98401E+16
81317,9,3,73,134,2018,5,17,7,3,9,1,0,0,1,0,0,0,0,0,7.05794E+20,5.45013E+21,1.18234E+16,4.91695E+16
81318,9,3,75,204,2018,5,19,5,3,4,6,0,1,0,0,0,0,0,0,7.31729E+20,5.43502E+21,1.217E+16,4.90245E+16
81319,9,7,79,131,2018,5,16,7,2,3,2,0,0,1,0,1,0,0,0,6.33141E+20,5.39772E+21,1.08101E+16,4.87183E+16
81320,9,6,73,133,2018,5,10,6,3,5,3,0,0,1,0,0,0,0,0,5.89246E+20,5.57822E+21,1.02544E+16,5.03493E+16
81321,9,4,61,0,2018,5,16,4,3,2,6,0,0,1,0,0,0,0,0,6.38663E+20,5.52955E+21,1.0931E+16,4.99022E+16
81322,9,7,74,166,2018,5,16,1,3,8,7,0,0,0,0,1,0,0,0,6.15044E+20,5.3415E+21,1.05487E+16,4.82163E+16
81323,9,4,74,176,2018,5,15,7,2,9,1,0,0,0,0,1,0,0,0,6.61582E+20,5.52266E+21,1.1247E+16,4.98346E+16
81324,9,2,76,143,2018,5,5,6,3,7,7,0,0,1,0,0,0,0,0,7.97026E+20,5.43458E+21,1.30608E+16,4.89926E+16
81325,9,3,63,0,2018,5,16,4,3,2,6,0,0,1,0,0,0,0,0,7.27068E+20,5.50448E+21,1.21459E+16,4.96501E+16
81326,9,3,72,116,2018,5,15,2,3,2,1,0,0,1,0,0,0,0,0,7.6853E+20,5.45777E+21,1.26875E+16,4.92138E+16
81327,9,2,74,126,2018,5,3,6,2,2,6,2,0,1,0,0,0,1,0,7.33549E+20,5.38593E+21,1.21669E+16,4.85829E+16
81328,9,4,77,124,2018,5,19,1,3,8,1,0,0,0,0,1,0,0,0,6.70395E+20,5.54719E+21,1.13803E+16,5.00525E+16
81329,9,3,72,153,2018,5,8,4,3,2,6,0,0,1,0,0,0,0,0,7.53794E+20,5.45628E+21,1.24846E+16,4.92067E+16
81330,9,3,77,158,2018,4,0,2,3,9,7,2,0,1,0,0,0,0,0,7.3767E+20,5.54582E+21,1.23178E+16,5.00173E+16
81331,9,1,87,124,2018,5,16,2,3,2,6,0,0,0,0,1,0,1,0,7.32992E+20,5.3296E+21,1.21282E+16,4.8077E+16
81332,9,7,79,130,2018,5,15,5,3,2,6,0,0,1,0,0,0,0,0,6.13313E+20,5.41348E+21,1.0545E+16,4.8864E+16
81333,9,1,87,169,2018,5,18,1,3,2,6,0,0,1,0,0,0,0,0,7.41364E+20,5.29878E+21,1.22232E+16,4.77971E+16
81334,9,1,74,135,2018,5,12,7,3,9,7,0,0,1,0,0,0,0,0,6.61971E+20,5.35427E+21,1.1185E+16,4.83208E+16
81335,9,3,76,147,2018,5,10,4,1,0,7,0,1,0,0,0,0,0,0,7.45816E+20,5.47158E+21,1.23847E+16,4.93473E+16
81336,9,2,61,0,2018,5,9,5,3,5,3,0,0,1,0,1,0,0,0,7.33029E+20,5.37818E+21,1.21555E+16,4.85135E+16
81337,9,6,74,118,2018,5,14,7,3,8,1,0,0,1,0,0,0,0,0,6.21003E+20,5.54109E+21,1.06888E+16,5.00098E+16
81338,9,5,62,0,2018,5,11,6,3,2,6,0,0,1,0,0,0,1,0,6.47885E+20,5.4967E+21,1.10468E+16,4.96048E+16
81339,9,2,76,122,2018,5,22,4,3,8,1,2,0,0,0,1,0,0,0,7.91562E+20,5.43753E+21,1.29884E+16,4.90216E+16
81340,9,1,76,111,2018,5,7,5,3,2,6,0,0,1,0,0,0,0,0,6.63883E+20,5.41417E+21,1.12344E+16,4.88588E+16
81341,9,6,75,127,2018,5,12,1,2,9,7,0,0,1,0,0,0,0,0,6.10711E+20,5.51397E+21,1.05374E+16,4.9768E+16
81342,9,2,78,121,2018,5,16,4,3,0,6,0,0,1,0,1,0,0,0,7.62408E+20,5.41696E+21,1.25772E+16,4.88501E+16
81343,9,3,77,141,2018,4,13,2,3,5,3,0,0,1,0,0,0,0,0,7.34328E+20,5.53668E+21,1.22657E+16,4.99365E+16
81344,9,2,76,138,2018,5,11,7,3,5,3,0,0,1,0,0,0,0,0,8.02778E+20,5.43261E+21,1.31378E+16,4.89721E+16
81345,9,2,78,190,2018,5,8,4,3,8,1,0,0,1,0,0,0,0,0,7.65053E+20,5.428E+21,1.26204E+16,4.8948E+16
81346,9,2,71,151,2018,5,19,2,3,5,3,0,0,1,0,0,0,0,0,7.79112E+20,5.41405E+21,1.28024E+16,4.88167E+16
81347,9,1,63,0,2018,5,15,6,3,2,6,0,0,1,0,0,0,0,0,7.35767E+20,5.30391E+21,1.21514E+16,4.78453E+16
81348,9,3,76,116,2018,5,21,1,2,8,1,2,0,1,0,0,0,0,0,7.36401E+20,5.46423E+21,1.22509E+16,4.9285E+16
81349,9,2,71,141,2018,5,13,4,2,5,3,0,0,1,0,0,0,0,0,7.97595E+20,5.40324E+21,1.30458E+16,4.87111E+16
81350,9,1,74,122,2018,5,19,2,3,5,3,0,1,1,0,0,0,0,0,6.84449E+20,5.35305E+21,1.14874E+16,4.83037E+16
81351,9,6,72,114,2018,5,14,5,3,6,4,0,0,1,1,0,0,0,0,5.76201E+20,5.56459E+21,1.00684E+16,5.02286E+16
81352,9,2,75,126,2018,5,13,6,3,2,1,0,0,1,0,0,1,0,0,8.35898E+20,5.40097E+21,1.3563E+16,4.86713E+16
81353,9,1,83,120,2018,5,15,5,3,4,6,0,0,1,0,0,0,1,0,7.50129E+20,5.34909E+21,1.23694E+16,4.82456E+16
81354,9,2,75,126,2018,5,6,4,3,9,1,0,0,1,0,0,0,0,0,8.43764E+20,5.39809E+21,1.36671E+16,4.86412E+16
81355,9,3,76,119,2018,5,18,2,3,5,2,0,0,1,0,0,0,0,0,7.21857E+20,5.45457E+21,1.20459E+16,4.92037E+16
81356,9,1,90,131,2018,5,13,6,3,5,2,0,0,1,0,0,1,0,0,6.63336E+20,5.29176E+21,1.11795E+16,4.77585E+16
81357,9,4,74,121,2018,5,14,1,2,8,1,0,0,0,0,1,0,0,0,6.56029E+20,5.51664E+21,1.11674E+16,4.97819E+16
81358,9,2,75,138,2018,5,9,4,3,0,1,0,0,0,0,0,1,0,0,8.10814E+20,5.38657E+21,1.32125E+16,4.85551E+16
81359,9,1,85,125,2018,5,8,2,3,5,3,0,0,1,0,0,0,0,0,6.50759E+20,5.39327E+21,1.10479E+16,4.86743E+16
81360,9,6,63,0,2018,5,7,5,3,3,6,0,0,1,0,0,1,0,0,5.66061E+20,5.51177E+21,9.91713E+15,4.97548E+16
81361,9,1,86,128,2018,5,8,1,3,2,6,0,0,1,0,0,0,0,0,6.77623E+20,5.38516E+21,1.1409E+16,4.85943E+16
81362,9,1,75,139,2018,5,19,7,2,4,2,0,0,1,0,1,0,0,0,7.10389E+20,5.33107E+21,1.18259E+16,4.80982E+16
81363,9,2,62,0,2018,5,13,4,3,3,6,0,0,1,0,0,1,0,0,8.29364E+20,5.39009E+21,1.34659E+16,4.85771E+16
81364,9,1,73,145,2018,5,14,5,3,5,3,0,0,1,0,1,0,0,0,6.91713E+20,5.2876E+21,1.1556E+16,4.77133E+16
81365,9,5,72,132,2018,5,12,7,2,0,6,0,0,1,0,0,0,0,0,6.39691E+20,5.48983E+21,1.09311E+16,4.95449E+16
81366,9,5,64,0,2018,5,13,6,3,2,6,0,0,1,0,0,0,0,0,6.48338E+20,5.48061E+21,1.10471E+16,4.946E+16
81367,9,2,75,150,2018,5,16,4,3,5,3,0,0,1,0,0,0,0,0,8.34167E+20,5.39276E+21,1.3533E+16,4.85986E+16
81368,9,5,71,199,2018,5,11,2,3,2,6,0,0,1,0,0,0,0,0,5.85821E+20,5.45148E+21,1.01783E+16,4.92101E+16
81369,9,2,75,151,2018,5,16,4,2,5,3,0,0,1,0,0,0,0,0,8.25185E+20,5.39605E+21,1.34141E+16,4.86328E+16
81370,9,1,62,0,2018,5,8,5,3,2,6,0,0,0,0,1,0,1,0,6.79859E+20,5.33806E+21,1.14192E+16,4.81703E+16
81371,9,6,76,145,2018,5,16,1,2,0,3,0,1,1,0,0,0,0,0,5.11019E+20,5.52215E+21,9.15329E+15,4.98517E+16
81372,9,2,77,121,2018,5,7,4,3,2,6,0,0,1,0,0,0,0,0,7.66159E+20,5.36934E+21,1.25977E+16,4.84209E+16
81373,9,2,72,146,2018,5,21,7,3,7,7,2,0,0,0,1,0,0,0,8.28244E+20,5.4224E+21,1.34765E+16,4.88676E+16
81374,9,2,74,134,2018,5,18,4,2,4,2,0,0,1,0,1,0,0,0,7.41248E+20,5.37472E+21,1.22646E+16,4.84793E+16
81375,9,2,75,120,2018,5,16,2,2,4,2,0,0,1,0,0,0,0,0,8.14732E+20,5.40323E+21,1.32781E+16,4.87026E+16
81376,9,1,76,112,2018,5,6,6,3,4,6,0,0,1,0,0,0,0,0,6.90752E+20,5.42053E+21,1.16033E+16,4.89083E+16
81377,9,2,77,142,2018,5,17,1,2,8,1,0,0,0,0,1,0,0,0,7.8624E+20,5.38784E+21,1.28812E+16,4.85781E+16
81378,9,2,61,0,2018,5,18,4,3,1,7,0,1,1,0,0,0,0,0,7.32107E+20,5.37996E+21,1.21441E+16,4.85298E+16
81379,9,5,77,114,2018,5,2,5,3,3,6,2,0,1,0,0,0,0,0,6.25314E+20,5.44847E+21,1.07194E+16,4.91762E+16
81380,9,1,62,0,2018,5,19,7,3,5,2,0,0,1,0,1,0,0,0,6.84233E+20,5.34336E+21,1.14803E+16,4.82167E+16
81381,9,7,64,0,2018,5,10,6,3,5,3,0,1,1,0,0,0,0,0,5.89357E+20,5.31649E+21,1.01978E+16,4.79955E+16
81382,9,2,61,0,2018,5,11,4,3,0,3,0,1,1,0,0,0,0,0,7.32384E+20,5.38035E+21,1.2148E+16,4.85332E+16
81383,9,4,78,120,2018,5,15,7,3,9,1,0,0,1,0,0,0,0,0,6.40849E+20,5.5472E+21,1.09679E+16,5.00604E+16
81384,9,4,72,146,2018,5,6,6,3,8,7,0,0,0,0,0,0,1,0,6.82567E+20,5.52773E+21,1.15409E+16,4.98741E+16
81385,9,2,61,0,2018,5,15,4,3,5,2,0,1,1,0,0,0,0,0,7.3182E+20,5.38119E+21,1.21409E+16,4.8541E+16
81386,9,1,79,147,2018,5,18,1,2,8,1,0,1,0,0,0,0,0,0,6.63901E+20,5.33477E+21,1.12034E+16,4.81451E+16
81387,9,1,62,0,2018,5,13,6,3,5,3,0,0,1,0,0,0,0,0,6.97386E+20,5.33132E+21,1.16515E+16,4.81045E+16
81388,9,2,73,111,2018,5,9,4,3,3,6,0,0,1,0,0,1,0,0,7.10253E+20,5.41015E+21,1.18638E+16,4.88087E+16
81389,9,5,73,115,2018,5,11,7,3,8,1,0,0,1,0,0,0,0,0,6.29305E+20,5.47323E+21,1.07821E+16,4.9398E+16
81390,9,5,71,226,2018,5,14,6,3,5,3,0,1,1,0,0,0,0,0,6.3276E+20,5.45622E+21,1.08241E+16,4.92443E+16
81391,9,2,73,111,2018,5,15,4,3,0,1,0,1,0,0,0,0,0,0,7.09167E+20,5.41077E+21,1.18493E+16,4.88146E+16
81392,9,4,75,161,2018,5,6,2,2,8,7,0,0,1,0,0,0,0,0,7.19236E+20,5.57735E+21,1.2079E+16,5.03075E+16
81393,9,6,71,139,2018,5,12,1,3,1,5,0,0,1,0,0,0,0,0,5.20897E+20,5.54016E+21,9.29167E+15,5.00134E+16
81394,9,1,73,130,2018,5,6,4,2,3,6,0,0,1,0,0,0,0,0,6.80051E+20,5.31345E+21,1.14114E+16,4.79491E+16
81395,9,1,90,138,2018,5,22,7,3,9,7,2,0,1,0,0,0,0,0,6.62045E+20,5.30835E+21,1.11685E+16,4.7908E+16
81396,9,1,90,148,2018,5,13,4,3,2,6,0,0,1,0,0,0,0,0,6.42666E+20,5.29679E+21,1.09055E+16,4.78086E+16
81397,9,2,77,121,2018,5,13,2,3,9,7,0,0,1,0,0,0,0,0,7.61057E+20,5.37225E+21,1.25307E+16,4.84492E+16
81398,9,1,75,118,2018,5,16,6,3,5,3,0,0,1,0,0,0,0,0,7.16642E+20,5.34067E+21,1.19146E+16,4.81823E+16
81399,9,2,74,188,2018,5,17,1,2,9,1,0,0,0,0,1,0,0,0,7.48835E+20,5.39588E+21,1.23798E+16,4.86664E+16
81400,9,1,80,113,2018,5,13,4,3,4,6,0,0,1,0,1,0,0,0,6.48524E+20,5.28579E+21,1.098E+16,4.77084E+16
81401,9,4,71,185,2018,5,9,5,3,7,7,0,0,0,0,0,1,0,0,6.51397E+20,5.53934E+21,1.1112E+16,4.99871E+16
81402,9,7,76,122,2018,5,12,7,2,8,1,0,0,0,0,1,0,0,0,5.64762E+20,5.27458E+21,9.8619E+15,4.76214E+16
81403,9,7,72,223,2018,5,7,6,3,4,6,0,0,1,0,0,0,0,0,6.16577E+20,5.35777E+21,1.05739E+16,4.83623E+16
81404,9,1,73,127,2018,5,16,4,3,0,1,0,1,0,0,0,0,0,0,6.95181E+20,5.29321E+21,1.16047E+16,4.77627E+16
81405,9,1,84,145,2018,5,15,1,3,5,3,0,0,1,0,0,0,0,0,6.95138E+20,5.32558E+21,1.16188E+16,4.80537E+16
81406,9,1,88,144,2018,5,9,5,3,5,2,0,0,1,0,0,0,0,0,6.65827E+20,5.3283E+21,1.12268E+16,4.80864E+16
81407,9,1,84,114,2018,5,10,5,2,2,6,0,0,1,0,0,1,0,0,7.00045E+20,5.31853E+21,1.16813E+16,4.79887E+16
81408,9,4,72,115,2018,5,14,7,2,5,6,0,0,1,0,1,0,0,0,6.59687E+20,5.52964E+21,1.12236E+16,4.98978E+16
81409,9,3,72,178,2018,5,11,6,3,8,1,0,0,0,0,1,0,0,0,8.00491E+20,5.45561E+21,1.31237E+16,4.91796E+16
81410,9,1,83,148,2018,5,13,4,3,2,6,0,0,1,0,0,1,0,0,7.54556E+20,5.34354E+21,1.24256E+16,4.8194E+16
81411,9,3,63,0,2018,5,18,2,2,4,2,0,0,1,0,1,0,0,0,7.2614E+20,5.50688E+21,1.21344E+16,4.9672E+16
81412,9,2,72,126,2018,5,21,6,2,8,1,2,0,0,0,1,0,0,0,8.3667E+20,5.41757E+21,1.3587E+16,4.88197E+16
81413,9,5,75,145,2018,5,9,1,2,4,6,0,0,1,0,0,0,0,0,6.21751E+20,5.48242E+21,1.06809E+16,4.94822E+16
81414,9,1,89,155,2018,5,15,4,3,0,7,0,1,0,0,0,0,0,0,7.70804E+20,5.30996E+21,1.26226E+16,4.78858E+16
81415,9,1,83,118,2018,5,16,2,2,0,1,0,0,0,0,1,0,0,0,7.46906E+20,5.34031E+21,1.23209E+16,4.8168E+16
81416,9,7,74,144,2018,5,15,5,3,1,6,0,0,1,0,0,0,0,0,6.05063E+20,5.36137E+21,1.04194E+16,4.83967E+16
81417,9,1,89,155,2018,5,14,1,3,3,6,0,0,1,0,1,0,0,0,7.73315E+20,5.30829E+21,1.2655E+16,4.78697E+16
81418,9,4,72,175,2018,5,7,2,3,4,6,0,0,1,0,0,0,0,0,6.80202E+20,5.5121E+21,1.15008E+16,4.97344E+16
81419,9,5,62,0,2018,5,11,1,3,5,3,0,1,1,0,0,0,0,0,6.44161E+20,5.49666E+21,1.09953E+16,4.96053E+16
81420,9,1,71,135,2018,5,9,4,3,4,6,0,0,1,0,0,0,0,0,7.68518E+20,5.34019E+21,1.2611E+16,4.81582E+16
81421,9,1,87,132,2018,5,15,4,3,2,6,0,0,1,0,0,0,0,0,7.46412E+20,5.29968E+21,1.2291E+16,4.78033E+16
81422,9,2,74,126,2018,5,14,2,3,1,7,0,0,1,0,1,0,0,0,7.33779E+20,5.38402E+21,1.21689E+16,4.85656E+16
81423,9,1,62,0,2018,5,12,5,3,5,3,0,1,1,0,0,0,0,0,6.92177E+20,5.3313E+21,1.15816E+16,4.81059E+16
81424,9,1,73,130,2018,5,13,1,3,6,7,0,0,1,1,0,0,0,0,6.81806E+20,5.31367E+21,1.1435E+16,4.79505E+16
81425,9,1,73,135,2018,5,12,7,3,2,6,0,0,0,0,1,0,0,0,6.92718E+20,5.27476E+21,1.15637E+16,4.75975E+16
81426,9,1,82,112,2018,5,5,4,2,8,7,0,0,1,0,0,0,0,0,7.21816E+20,5.28645E+21,1.19562E+16,4.76933E+16
81427,9,3,71,136,2018,5,18,5,2,5,3,0,1,1,0,0,0,0,0,7.091E+20,5.47856E+21,1.18835E+16,4.94237E+16
81428,9,7,72,159,2018,5,18,7,2,5,3,0,0,1,0,1,0,0,0,6.2686E+20,5.36255E+21,1.07141E+16,4.84034E+16
81429,9,6,73,114,2018,5,16,6,2,2,6,0,0,1,0,1,0,0,0,5.85565E+20,5.57478E+21,1.02019E+16,5.03189E+16
81430,9,1,87,150,2018,5,18,4,3,3,2,0,1,1,0,0,0,0,0,7.28439E+20,5.30446E+21,1.20538E+16,4.78528E+16
81431,9,7,75,118,2018,5,20,1,2,0,1,0,1,0,0,0,0,0,0,5.87515E+20,5.34157E+21,1.01782E+16,4.82214E+16
81432,9,1,88,120,2018,5,15,5,3,5,3,0,1,1,0,0,0,0,0,6.78043E+20,5.32687E+21,1.13901E+16,4.80702E+16
81433,9,3,74,148,2018,5,16,7,2,5,3,0,0,1,0,0,0,0,0,7.09967E+20,5.51843E+21,1.19168E+16,4.97816E+16
81434,9,2,78,192,2018,5,12,6,3,8,1,0,0,1,0,0,0,0,0,7.71386E+20,5.41477E+21,1.26979E+16,4.88266E+16
81435,9,1,61,0,2018,5,14,4,3,5,3,0,1,1,0,0,0,0,0,6.79947E+20,5.4031E+21,1.14483E+16,4.87549E+16
81436,9,3,76,153,2018,5,7,2,3,9,7,0,0,1,0,0,0,0,0,7.288E+20,5.4878E+21,1.21601E+16,4.94997E+16
81437,9,2,74,111,2018,5,14,6,2,8,7,0,0,1,0,0,0,0,0,7.47234E+20,5.38015E+21,1.23487E+16,4.85257E+16
81438,9,4,79,166,2018,5,17,1,2,3,6,0,1,1,0,0,0,0,0,7.01349E+20,5.55314E+21,1.18153E+16,5.00964E+16
81439,9,1,76,111,2018,5,10,4,3,0,7,0,0,1,0,0,0,0,0,6.65772E+20,5.41382E+21,1.126E+16,4.88552E+16
81440,9,3,72,146,2018,4,12,2,2,9,1,0,0,1,0,0,0,0,1,7.63886E+20,5.46871E+21,1.26311E+16,4.9314E+16
81441,9,1,87,177,2018,5,16,2,3,5,3,0,1,1,0,0,0,0,0,7.35629E+20,5.30463E+21,1.21499E+16,4.78518E+16
81442,9,7,72,177,2018,5,16,5,3,1,6,0,0,1,0,0,0,1,0,6.37351E+20,5.38011E+21,1.08615E+16,4.8559E+16
81443,9,1,82,133,2018,5,15,1,2,8,1,0,0,0,0,1,0,0,0,7.08294E+20,5.30582E+21,1.17855E+16,4.78719E+16
81444,9,1,81,146,2018,5,7,7,2,8,1,0,0,1,0,0,0,0,0,6.47946E+20,5.32505E+21,1.09857E+16,4.80616E+16
81445,9,1,81,115,2018,5,9,4,3,2,6,0,0,1,0,0,0,0,0,6.57681E+20,5.32711E+21,1.1117E+16,4.80778E+16
81446,9,1,90,148,2018,5,10,5,3,2,6,0,0,1,0,0,1,0,0,6.42297E+20,5.30029E+21,1.09018E+16,4.78402E+16
81447,9,1,79,121,2018,5,16,5,2,5,3,0,1,1,0,0,0,0,0,6.69364E+20,5.33722E+21,1.12778E+16,4.81656E+16
81448,9,6,78,181,2018,5,18,7,2,4,1,0,0,1,0,0,0,0,0,5.98673E+20,5.55978E+21,1.03821E+16,5.0182E+16
81449,9,5,74,150,2018,5,16,6,3,5,3,0,0,1,0,0,0,0,0,6.71786E+20,5.48721E+21,1.13732E+16,4.95131E+16
81450,9,1,74,146,2018,5,7,4,3,2,6,0,0,1,0,0,0,0,0,6.69071E+20,5.34955E+21,1.12788E+16,4.82766E+16
81451,9,1,87,157,2018,5,8,7,2,9,1,0,0,0,0,1,0,0,0,7.30959E+20,5.28452E+21,1.20769E+16,4.76728E+16
81452,9,1,81,128,2018,5,8,4,3,4,2,0,0,1,0,1,0,0,0,6.38327E+20,5.32761E+21,1.08575E+16,4.80868E+16
81453,9,2,75,126,2018,5,16,5,2,4,3,0,0,1,0,1,0,0,0,8.41135E+20,5.39838E+21,1.36318E+16,4.86453E+16
81454,9,6,75,141,2018,5,13,7,3,2,6,0,0,1,0,0,0,0,0,5.83706E+20,5.50987E+21,1.01616E+16,4.97355E+16
81455,9,6,71,155,2018,5,13,6,3,2,6,0,0,1,0,0,0,0,0,5.05476E+20,5.53395E+21,9.07635E+15,4.99578E+16
81456,9,1,74,143,2018,5,16,4,3,5,3,0,0,1,0,0,0,0,0,6.7614E+20,5.35191E+21,1.1375E+16,4.82959E+16
81457,9,6,63,0,2018,5,9,1,3,3,7,0,0,1,0,0,0,0,0,5.66798E+20,5.51089E+21,9.92721E+15,4.97467E+16
81458,9,1,84,119,2018,5,8,5,3,2,6,0,0,1,0,0,0,0,0,6.96428E+20,5.34889E+21,1.16468E+16,4.82627E+16
81459,9,1,62,0,2018,5,18,4,3,9,6,0,0,1,0,0,0,0,0,6.94333E+20,5.34471E+21,1.16167E+16,4.82258E+16
81460,9,3,72,168,2018,5,13,7,2,8,1,0,0,0,0,1,0,0,0,7.67329E+20,5.46601E+21,1.26765E+16,4.92883E+16
81461,9,2,75,138,2018,5,12,6,2,0,6,0,0,1,0,0,0,0,0,8.13352E+20,5.38305E+21,1.32442E+16,4.85222E+16
81462,9,1,77,116,2018,5,7,4,3,5,3,0,0,1,0,0,0,0,0,7.11968E+20,5.36148E+21,1.18623E+16,4.83708E+16
81463,9,2,76,143,2018,5,15,2,2,2,6,0,0,1,0,1,0,0,0,7.96988E+20,5.43461E+21,1.30603E+16,4.89929E+16
81464,9,1,90,141,2018,5,10,6,2,5,3,0,0,1,0,0,0,0,0,6.8057E+20,5.29056E+21,1.14088E+16,4.77431E+16
81465,9,3,76,150,2018,5,2,1,3,2,6,2,0,1,0,0,0,0,0,7.26685E+20,5.49213E+21,1.21334E+16,4.95393E+16
81466,9,1,84,135,2018,5,21,3,3,5,2,2,0,1,0,1,0,0,0,6.87867E+20,5.34746E+21,1.15309E+16,4.82525E+16
81467,9,1,81,130,2018,5,14,2,3,5,3,0,0,1,0,0,0,0,0,6.41986E+20,5.3221E+21,1.09048E+16,4.80364E+16
81468,9,6,77,131,2018,5,11,5,2,0,1,0,0,0,0,1,0,0,0,5.43032E+20,5.54514E+21,9.60115E+15,5.0057E+16
81469,9,1,62,0,2018,5,18,1,3,2,6,0,0,1,0,0,0,0,0,6.83828E+20,5.33301E+21,1.14703E+16,4.81238E+16
81470,9,1,62,0,2018,5,13,6,3,5,2,0,1,1,0,0,0,0,0,6.88389E+20,5.34019E+21,1.15347E+16,4.8187E+16
81471,9,1,84,142,2018,5,17,3,3,5,3,0,0,1,0,1,0,0,0,6.83664E+20,5.31803E+21,1.14617E+16,4.79892E+16
81472,9,1,89,155,2018,5,16,5,3,8,6,0,0,1,0,0,0,0,0,7.72694E+20,5.31472E+21,1.26508E+16,4.79277E+16
81473,9,1,84,135,2018,5,9,5,3,2,6,0,0,1,0,0,1,0,0,6.93061E+20,5.34497E+21,1.15997E+16,4.82286E+16
81474,9,5,64,0,2018,5,14,7,3,5,3,0,0,1,0,0,0,0,0,6.59946E+20,5.47648E+21,1.12055E+16,4.94199E+16
81475,9,5,64,0,2018,5,15,6,3,3,6,0,0,1,0,1,0,0,0,6.53466E+20,5.47807E+21,1.11168E+16,4.94359E+16
81476,9,1,62,0,2018,5,14,3,3,7,6,0,1,0,0,0,0,0,0,6.87553E+20,5.32697E+21,1.15177E+16,4.80684E+16
81477,9,5,75,119,2018,5,7,2,2,5,3,0,0,1,0,0,0,0,0,6.16231E+20,5.48922E+21,1.06067E+16,4.95444E+16
81478,9,6,76,124,2018,5,11,1,3,2,2,0,0,1,0,1,0,0,0,5.32553E+20,5.51469E+21,9.4522E+15,4.97838E+16
81479,9,1,62,0,2018,5,7,5,3,2,6,0,0,1,0,0,0,0,0,6.95155E+20,5.34375E+21,1.16273E+16,4.8217E+16
81480,9,7,75,149,2018,5,10,3,2,0,7,0,1,0,1,0,0,0,0,5.90123E+20,5.34905E+21,1.0215E+16,4.82882E+16
81481,9,2,73,147,2018,5,9,7,2,9,1,0,0,1,0,0,0,0,0,6.98958E+20,5.3896E+21,1.17002E+16,4.86278E+16
81482,9,7,80,120,2018,5,18,3,2,8,1,0,0,0,0,1,0,1,0,6.01226E+20,5.28325E+21,1.03491E+16,4.76947E+16
81483,9,2,62,0,2018,5,18,2,3,1,6,0,0,1,0,0,0,0,0,8.25711E+20,5.38955E+21,1.34161E+16,4.85743E+16
81484,9,7,77,121,2018,5,4,6,2,3,6,2,0,1,0,0,1,0,0,6.30772E+20,5.32189E+21,1.07544E+16,4.80369E+16
81485,9,2,75,141,2018,5,15,1,3,4,6,0,1,0,0,0,0,0,0,8.19174E+20,5.36645E+21,1.33101E+16,4.83704E+16
81486,9,7,79,188,2018,5,6,3,3,8,7,0,0,1,0,0,0,0,0,6.23371E+20,5.41871E+21,1.06837E+16,4.89091E+16
81487,9,7,79,198,2018,5,17,3,3,8,1,0,0,0,0,1,0,0,0,6.32165E+20,5.41743E+21,1.08032E+16,4.88957E+16
81488,9,6,77,189,2018,5,16,1,3,8,1,0,0,0,0,1,0,0,0,5.60039E+20,5.53136E+21,9.83656E+15,4.99316E+16
81489,9,7,72,207,2018,5,19,3,2,8,1,0,0,1,0,0,0,0,0,6.4346E+20,5.38079E+21,1.09445E+16,4.85638E+16
81490,9,2,78,197,2018,5,14,7,3,8,1,0,0,0,0,1,0,0,0,7.62049E+20,5.44068E+21,1.25876E+16,4.90632E+16
81491,9,6,79,176,2018,5,16,3,2,8,1,0,0,0,0,1,0,0,0,5.65477E+20,5.50935E+21,9.90861E+15,4.9733E+16
81492,9,2,75,127,2018,5,14,2,3,3,6,0,0,1,0,0,1,0,0,8.09506E+20,5.40131E+21,1.32058E+16,4.8688E+16
81493,9,1,76,120,2018,5,15,6,3,2,6,0,0,1,0,0,0,0,0,6.80816E+20,5.41841E+21,1.14669E+16,4.88923E+16
81494,9,2,76,111,2018,5,11,1,2,8,1,0,0,0,0,1,0,0,0,7.86887E+20,5.42801E+21,1.29179E+16,4.89384E+16
81495,9,6,72,127,2018,5,12,3,3,5,3,0,0,1,0,0,0,0,0,5.66003E+20,5.54458E+21,9.92193E+15,5.00499E+16
81496,9,1,74,115,2018,5,9,2,2,5,3,0,1,1,0,0,0,0,0,6.83309E+20,5.34793E+21,1.14698E+16,4.8258E+16
81497,9,5,76,151,2018,5,16,5,3,0,7,0,0,1,0,1,0,0,0,6.55004E+20,5.46893E+21,1.11344E+16,4.93534E+16
81498,9,1,78,120,2018,5,22,1,3,2,6,2,0,1,0,0,1,0,0,6.95031E+20,5.35313E+21,1.163E+16,4.83013E+16
81499,9,1,84,147,2018,5,12,6,3,2,6,0,0,1,0,0,0,0,0,6.95562E+20,5.33991E+21,1.1631E+16,4.81823E+16
81500,9,6,78,170,2018,5,18,3,2,0,1,0,1,0,0,0,0,0,0,5.84877E+20,5.5327E+21,1.01829E+16,4.99406E+16
81501,9,1,84,138,2018,5,13,4,3,0,7,0,1,0,1,0,0,0,0,6.80401E+20,5.33035E+21,1.14232E+16,4.81009E+16
81502,9,4,75,113,2018,5,16,7,3,2,6,0,0,1,0,0,0,0,0,6.97478E+20,5.58527E+21,1.1778E+16,5.03863E+16