OBJECTID_1,ULAND,UREGBEZ,UKREIS,UGEMEINDE,UJAHR,UMONAT,USTUNDE,UWOCHENTAG,UKATEGORIE,UART,UTYP1,ULICHTVERH,IstRad,IstPKW,IstFuss,IstKrad,IstGkfz,IstSonstig,STRZUSTAND,LINREFX,LINREFY,XGCSWGS84,YGCSWGS84
81503,9,4,75,175,2018,5,4,6,3,8,7,2,0,1,0,0,0,0,0,6.96292E+20,5.55996E+21,1.17482E+16,5.01593E+16
81504,9,6,71,155,2018,5,8,3,2,5,3,0,0,1,0,0,0,0,0,5.05786E+20,5.53403E+21,9.08066E+15,4.99586E+16
81505,9,4,73,134,2018,5,17,2,2,2,6,0,0,0,0,0,1,1,0,6.45772E+20,5.56533E+21,1.10435E+16,5.02221E+16
81506,9,5,76,122,2018,5,7,1,3,2,6,0,0,1,0,0,0,0,0,6.6709E+20,5.43941E+21,1.12884E+16,4.90848E+16
81507,9,6,71,130,2018,5,16,3,2,0,1,0,0,0,0,1,0,0,0,5.15915E+20,5.53924E+21,9.22209E+15,5.00053E+16
81508,9,1,73,142,2018,5,10,7,3,2,6,0,0,1,0,0,0,0,0,6.73459E+20,5.28175E+21,1.13105E+16,4.76659E+16
81509,9,6,61,0,2018,5,14,3,3,0,2,0,0,0,0,1,0,0,0,5.09682E+20,5.53432E+21,9.13499E+15,4.99612E+16
81510,9,2,73,119,2018,5,15,2,2,4,2,0,0,1,0,0,0,0,0,7.08452E+20,5.40786E+21,1.18381E+16,4.87888E+16
81511,9,1,62,0,2018,5,9,5,3,0,7,0,1,0,0,0,0,0,0,6.88713E+20,5.33627E+21,1.15374E+16,4.81517E+16
81512,9,2,73,116,2018,5,16,1,3,2,5,0,0,1,0,0,0,0,0,7.20676E+20,5.4234E+21,1.20127E+16,4.89241E+16
81513,9,5,72,135,2018,5,10,3,3,2,6,0,0,1,0,0,0,0,0,6.32754E+20,5.50849E+21,1.08415E+16,4.97143E+16
81514,9,3,77,112,2018,5,13,5,3,9,7,0,0,1,0,0,0,0,0,7.4375E+20,5.52584E+21,1.23899E+16,4.98354E+16
81515,9,7,76,116,2018,5,16,7,3,5,3,0,0,1,0,1,0,0,0,5.54571E+20,5.26616E+21,9.72523E+15,4.75466E+16
81516,9,7,71,160,2018,5,15,6,3,0,1,0,1,0,0,0,0,0,0,6.51593E+20,5.35062E+21,1.10438E+16,4.82906E+16
81517,9,5,72,137,2018,5,20,3,3,0,1,0,1,0,0,0,0,0,0,6.53133E+20,5.49106E+21,1.11172E+16,4.95528E+16
81518,9,7,78,123,2018,5,11,1,3,0,7,0,0,1,0,1,0,0,1,5.85749E+20,5.31632E+21,1.01494E+16,4.79945E+16
81519,9,5,71,196,2018,5,22,5,1,9,1,2,0,0,0,1,0,0,0,6.20269E+20,5.4628E+21,1.06545E+16,4.93061E+16
81520,9,7,75,135,2018,5,17,7,3,0,7,0,1,0,0,0,0,0,0,5.73204E+20,5.35798E+21,9.98845E+15,4.83708E+16
81521,9,7,79,130,2018,5,13,6,3,2,6,0,0,1,0,0,0,0,0,6.15778E+20,5.41356E+21,1.05787E+16,4.88642E+16
81522,9,5,76,141,2018,5,12,3,3,8,7,0,0,1,0,0,0,0,0,6.4847E+20,5.44572E+21,1.10359E+16,4.91464E+16
81523,9,1,84,131,2018,5,6,4,3,5,3,0,1,0,0,0,0,0,0,7.05995E+20,5.33818E+21,1.17704E+16,4.81635E+16
81524,9,4,78,144,2018,5,17,7,3,5,3,0,1,1,0,0,0,0,0,6.57289E+20,5.55844E+21,1.1202E+16,5.01572E+16
81525,9,4,74,126,2018,5,14,6,3,5,3,0,0,1,0,1,0,0,0,6.49061E+20,5.51045E+21,1.10683E+16,4.9728E+16
81526,9,5,74,147,2018,5,9,3,3,5,3,0,0,1,0,0,0,0,0,6.81103E+20,5.48651E+21,1.15015E+16,4.95042E+16
81527,9,4,62,0,2018,5,14,2,3,0,3,0,1,1,0,0,0,0,0,6.83791E+20,5.53521E+21,1.15615E+16,4.99409E+16
81528,9,5,76,127,2018,5,14,1,2,4,2,0,0,1,0,1,0,0,0,6.59614E+20,5.4504E+21,1.11905E+16,4.91856E+16
81529,9,5,73,126,2018,5,15,3,3,2,6,0,0,1,0,0,0,0,0,6.35927E+20,5.48331E+21,1.08768E+16,4.94872E+16
81530,9,5,75,134,2018,5,14,3,3,8,7,0,0,1,0,0,0,0,0,5.86755E+20,5.49372E+21,1.02004E+16,4.95898E+16
81531,9,1,80,117,2018,5,18,2,3,5,3,0,1,1,0,0,0,0,0,6.59547E+20,5.26137E+21,1.11179E+16,4.74862E+16
81532,9,7,78,186,2018,5,14,5,3,5,3,0,0,1,0,0,0,0,0,5.9799E+20,5.31129E+21,1.03123E+16,4.79474E+16
81533,9,1,80,115,2018,5,12,1,2,8,1,0,0,0,0,1,0,0,0,6.52648E+20,5.27085E+21,1.10297E+16,4.75731E+16
81534,9,1,89,140,2018,5,10,7,2,2,6,0,1,0,0,0,0,0,0,7.72994E+20,5.29663E+21,1.26434E+16,4.77651E+16
81535,9,4,72,139,2018,5,12,3,3,2,7,0,0,1,0,0,0,0,0,6.9357E+20,5.5543E+21,1.17073E+16,5.01094E+16
81536,9,2,76,118,2018,5,22,5,2,5,3,2,0,1,0,0,0,0,0,7.94621E+20,5.44098E+21,1.30326E+16,4.90511E+16
81537,9,6,63,0,2018,5,17,7,3,0,1,0,0,0,0,1,0,0,0,5.688E+20,5.51669E+21,9.95601E+15,4.97987E+16
81538,9,6,62,0,2018,5,14,6,3,2,6,0,0,1,0,0,0,0,0,5.87483E+20,5.54451E+21,1.02219E+16,5.00465E+16
81539,9,4,79,136,2018,5,11,3,2,6,4,0,0,1,1,0,0,0,0,7.20508E+20,5.54381E+21,1.20775E+16,5.00058E+16
81540,9,7,80,140,2018,5,19,1,2,0,1,0,0,0,0,1,0,0,0,6.05936E+20,5.28147E+21,1.04114E+16,4.76779E+16
81541,9,1,84,136,2018,5,20,4,3,3,2,1,1,1,0,0,0,0,0,6.97665E+20,5.32672E+21,1.16532E+16,4.80631E+16
81542,9,4,75,120,2018,5,17,3,3,0,1,0,0,0,0,1,0,0,0,7.10304E+20,5.57322E+21,1.19515E+16,5.02736E+16
81543,9,3,62,0,2018,5,12,7,3,0,1,0,1,0,0,0,0,0,0,7.2867E+20,5.43234E+21,1.21267E+16,4.90016E+16
81544,9,2,78,189,2018,5,22,6,2,5,2,2,0,1,0,0,0,0,0,7.66116E+20,5.44057E+21,1.26431E+16,4.90604E+16
81545,9,4,75,120,2018,5,21,3,3,7,7,2,0,1,0,0,0,0,0,7.12607E+20,5.5734E+21,1.19839E+16,5.02744E+16
81546,9,3,76,119,2018,5,21,2,3,9,7,2,0,1,0,0,0,0,0,7.20032E+20,5.45604E+21,1.20217E+16,4.92176E+16
81547,9,2,73,152,2018,5,12,6,3,2,5,0,0,1,0,0,0,0,0,7.03857E+20,5.41113E+21,1.17773E+16,4.88197E+16
81548,9,4,71,123,2018,5,22,1,3,9,1,2,0,1,0,0,0,0,0,6.49448E+20,5.52376E+21,1.10788E+16,4.98476E+16
81549,9,4,73,159,2018,5,17,3,3,3,1,0,0,1,0,0,0,0,0,6.43714E+20,5.57107E+21,1.10169E+16,5.02742E+16
81550,9,1,62,0,2018,5,18,4,3,2,6,0,0,1,0,1,0,0,0,6.88418E+20,5.34018E+21,1.15351E+16,4.81869E+16
81551,9,4,74,121,2018,5,17,7,2,2,1,0,0,0,0,1,0,0,0,6.56468E+20,5.51703E+21,1.11737E+16,4.97853E+16
81552,9,3,61,0,2018,5,13,6,3,4,2,0,0,1,0,0,0,0,0,7.07841E+20,5.48074E+21,1.18673E+16,4.94437E+16
81553,9,4,72,111,2018,5,17,3,2,4,2,0,0,1,0,1,0,0,0,6.74146E+20,5.5239E+21,1.14221E+16,4.98422E+16
81554,9,3,62,0,2018,5,17,2,3,2,6,0,0,1,0,0,0,0,0,7.30038E+20,5.43502E+21,1.21469E+16,4.90251E+16
81555,9,2,77,134,2018,5,2,6,3,8,7,2,0,1,0,0,0,0,0,7.75072E+20,5.36376E+21,1.27142E+16,4.8367E+16
81556,9,4,76,164,2018,5,16,1,3,9,6,0,0,1,0,0,0,1,0,6.66613E+20,5.58367E+21,1.13435E+16,5.03814E+16
81557,9,4,61,0,2018,5,14,3,3,5,3,0,1,0,0,0,0,0,0,6.38053E+20,5.52837E+21,1.09221E+16,4.98918E+16
81558,9,1,71,112,2018,5,10,2,2,5,3,0,0,1,0,1,0,0,0,7.84077E+20,5.34126E+21,1.28204E+16,4.81611E+16
81559,9,7,63,0,2018,5,15,5,3,2,6,0,0,1,0,0,1,0,0,5.9928E+20,5.28763E+21,1.03241E+16,4.77344E+16
81560,9,1,72,122,2018,5,14,1,3,5,6,0,0,1,0,1,0,0,0,7.9246E+20,5.31702E+21,1.29164E+16,4.79396E+16
81561,9,1,76,165,2018,5,15,7,2,2,6,0,0,1,0,1,0,0,0,6.66714E+20,5.4182E+21,1.12746E+16,4.88943E+16
81562,9,4,61,0,2018,5,0,3,2,5,3,2,0,1,0,0,0,0,0,6.37062E+20,5.53084E+21,1.09092E+16,4.99142E+16
81563,9,2,74,184,2018,5,7,5,3,5,3,0,1,1,0,0,0,0,0,7.48094E+20,5.37182E+21,1.23554E+16,4.84505E+16
81564,9,1,84,118,2018,5,19,4,3,5,3,0,1,0,0,0,0,1,0,7.04023E+20,5.33622E+21,1.1743E+16,4.81465E+16
81565,9,6,74,133,2018,5,10,7,1,4,2,0,0,1,0,1,0,0,0,6.23917E+20,5.53381E+21,1.07271E+16,4.99438E+16
81566,9,5,65,0,2018,5,12,6,3,2,6,0,0,1,0,0,0,0,0,6.49393E+20,5.46615E+21,1.10562E+16,4.93298E+16
81567,9,3,77,158,2018,5,16,3,3,5,2,0,0,1,0,1,0,0,0,7.3847E+20,5.54662E+21,1.23295E+16,5.00241E+16
81568,9,6,79,170,2018,5,9,1,2,0,7,0,1,0,0,0,0,0,0,5.77596E+20,5.50169E+21,1.00752E+16,4.96628E+16
81569,9,1,62,0,2018,5,15,4,3,5,7,0,0,1,0,0,0,0,0,6.99704E+20,5.33294E+21,1.16834E+16,4.81184E+16
81570,9,3,75,181,2018,5,13,3,3,4,3,0,1,0,0,0,0,0,0,7.19413E+20,5.43434E+21,1.20014E+16,4.90229E+16
81571,9,2,63,0,2018,5,15,7,2,5,3,0,1,1,0,0,0,0,0,7.64161E+20,5.41928E+21,1.26026E+16,4.88702E+16
81572,9,2,62,0,2018,5,13,6,3,2,2,0,0,1,0,0,0,0,0,8.26141E+20,5.38948E+21,1.34219E+16,4.85734E+16
81573,9,1,72,134,2018,5,17,5,3,4,6,0,0,1,0,0,0,0,0,7.8063E+20,5.30435E+21,1.27501E+16,4.78312E+16
81574,9,3,72,151,2018,5,21,3,3,8,1,2,0,1,0,0,0,0,0,7.81395E+20,5.46043E+21,1.28656E+16,4.92319E+16
81575,9,2,63,0,2018,5,15,2,2,5,2,0,0,0,0,1,1,0,0,7.58118E+20,5.42265E+21,1.25224E+16,4.89029E+16
81576,9,1,87,169,2018,5,12,6,3,2,6,0,0,1,0,0,0,0,0,7.38989E+20,5.29902E+21,1.21916E+16,4.78001E+16
81577,9,3,71,116,2018,5,13,1,2,9,1,0,0,0,0,1,0,0,0,6.91287E+20,5.47625E+21,1.16371E+16,4.94089E+16
81578,9,2,71,122,2018,5,17,3,3,0,7,0,0,0,0,1,0,0,0,7.90988E+20,5.42282E+21,1.29701E+16,4.88899E+16
81579,9,1,79,123,2018,5,7,2,3,5,2,0,1,1,0,0,0,0,0,6.75958E+20,5.33356E+21,1.13649E+16,4.81309E+16
81580,9,6,74,147,2018,5,20,5,3,9,1,0,0,0,0,1,0,0,0,6.06116E+20,5.54502E+21,1.04822E+16,5.0048E+16
81581,9,1,88,139,2018,5,13,1,3,0,6,0,0,1,0,1,0,0,0,6.75963E+20,5.32236E+21,1.13604E+16,4.80303E+16
81582,9,1,62,0,2018,5,10,6,3,3,6,0,0,1,0,0,0,0,0,6.88295E+20,5.33499E+21,1.15312E+16,4.81403E+16
81583,9,2,75,154,2018,5,17,3,2,3,3,0,1,0,0,1,0,0,0,8.02412E+20,5.39808E+21,1.31073E+16,4.86625E+16
81584,9,1,84,134,2018,5,16,4,2,0,1,0,1,0,0,0,0,0,0,6.91889E+20,5.31772E+21,1.15717E+16,4.7984E+16
81585,9,1,86,137,2018,5,10,2,3,2,6,0,0,1,0,0,0,0,0,6.82017E+20,5.40008E+21,1.14751E+16,4.87272E+16
81586,9,7,71,144,2018,5,8,5,3,9,6,0,0,1,0,0,0,0,0,6.60568E+20,5.37441E+21,1.11738E+16,4.85022E+16
81587,9,1,61,0,2018,5,12,1,2,4,2,0,0,1,0,1,0,0,0,6.82255E+20,5.40622E+21,1.14811E+16,4.87822E+16
81588,9,1,88,117,2018,5,11,7,3,5,3,0,1,1,0,0,0,0,0,6.63051E+20,5.31493E+21,1.11845E+16,4.79669E+16
81589,9,2,72,118,2018,5,10,3,3,9,1,0,0,1,0,0,0,0,0,8.34964E+20,5.42034E+21,1.35662E+16,4.88455E+16
81590,9,1,73,118,2018,5,17,5,2,3,6,0,0,1,0,0,0,0,0,6.89124E+20,5.30167E+21,1.15276E+16,4.78405E+16
81591,9,7,78,144,2018,5,15,4,3,9,1,0,0,1,0,0,0,0,0,5.90791E+20,5.30405E+21,1.02144E+16,4.78834E+16
81592,9,5,65,0,2018,5,14,7,3,2,6,0,0,1,0,0,1,0,0,6.49269E+20,5.46599E+21,1.10544E+16,4.93284E+16
81593,9,5,64,0,2018,5,7,6,3,5,2,0,1,1,0,0,0,0,0,6.54396E+20,5.47337E+21,1.11278E+16,4.93935E+16
81594,9,2,72,138,2018,5,9,3,3,9,1,0,0,1,0,0,0,0,0,8.26943E+20,5.41122E+21,1.34499E+16,4.8768E+16
81595,9,5,73,114,2018,5,17,2,3,2,6,0,0,1,0,0,0,0,0,6.34768E+20,5.48065E+21,1.08599E+16,4.94635E+16
81596,9,2,79,132,2018,5,10,3,3,9,1,0,0,1,0,0,0,0,0,7.70453E+20,5.40021E+21,1.26756E+16,4.86962E+16
81597,9,6,71,112,2018,5,4,1,2,9,7,1,0,1,0,0,0,0,0,5.18317E+20,5.53737E+21,9.25552E+15,4.99884E+16
81598,9,7,64,0,2018,5,10,4,3,4,2,0,0,1,0,0,0,0,0,5.87969E+20,5.31644E+21,1.01792E+16,4.79952E+16
81599,9,1,90,157,2018,5,21,3,3,0,3,2,0,1,0,1,0,0,0,6.60214E+20,5.30003E+21,1.1141E+16,4.78337E+16
81600,9,2,75,154,2018,5,14,7,3,0,1,0,0,0,0,1,0,0,1,8.09286E+20,5.39476E+21,1.31979E+16,4.86293E+16
81601,9,1,90,139,2018,5,12,3,3,6,7,0,0,1,0,0,0,1,0,6.55789E+20,5.29648E+21,1.10806E+16,4.78028E+16
81602,9,2,75,137,2018,5,10,2,3,6,7,0,0,1,1,0,0,0,0,8.42093E+20,5.38833E+21,1.36365E+16,4.85546E+16
81603,9,1,86,122,2018,5,19,6,2,0,2,1,1,0,0,0,0,0,0,6.92557E+20,5.39513E+21,1.1616E+16,4.86795E+16
81604,9,2,78,146,2018,5,11,1,3,5,3,0,1,1,0,0,0,0,0,7.54452E+20,5.40805E+21,1.24634E+16,4.87734E+16
81605,9,1,90,152,2018,5,14,3,3,9,7,0,0,1,0,0,0,0,0,6.70093E+20,5.29784E+21,1.1272E+16,4.78114E+16
81606,9,1,83,136,2018,5,5,5,3,2,6,0,0,1,0,0,0,0,0,7.62691E+20,5.34747E+21,1.25373E+16,4.8226E+16
81607,9,5,77,127,2018,5,19,5,3,3,6,0,1,1,0,0,0,0,0,6.49339E+20,5.43831E+21,1.10451E+16,4.90795E+16
81608,9,1,62,0,2018,5,13,7,3,1,6,0,0,1,0,1,0,0,0,6.92162E+20,5.33931E+21,1.15851E+16,4.8178E+16
81609,9,7,78,115,2018,5,13,6,3,8,1,0,0,0,0,1,0,0,0,5.92159E+20,5.33246E+21,1.02388E+16,4.81387E+16
81610,9,1,83,126,2018,5,14,3,1,5,3,0,0,1,0,1,0,0,0,7.30783E+20,5.3385E+21,1.21034E+16,4.81579E+16
81611,9,7,80,143,2018,5,7,4,3,8,1,0,0,1,0,0,0,0,0,5.95974E+20,5.27546E+21,1.02774E+16,4.76254E+16
81612,9,4,75,182,2018,5,8,7,3,0,7,0,1,0,0,0,0,0,0,7.09964E+20,5.58326E+21,1.19523E+16,5.03639E+16
81613,9,4,78,139,2018,5,12,6,3,5,3,0,0,1,0,0,0,0,0,6.48331E+20,5.55606E+21,1.10758E+16,5.01382E+16
81614,9,1,89,133,2018,5,17,3,3,3,6,0,0,1,0,1,0,0,0,7.50267E+20,5.32359E+21,1.23563E+16,4.80166E+16
81615,9,4,63,0,2018,5,7,2,3,2,6,0,0,1,0,0,0,0,0,6.3962E+20,5.56866E+21,1.09586E+16,5.02535E+16
81616,9,5,62,0,2018,5,19,1,3,5,3,0,1,1,0,0,0,0,0,6.42756E+20,5.49466E+21,1.09752E+16,4.95876E+16
81617,9,7,63,0,2018,5,17,4,3,2,6,0,0,1,0,0,0,0,0,5.98688E+20,5.28648E+21,1.0316E+16,4.77242E+16
81618,9,1,83,120,2018,5,3,3,2,5,3,2,0,1,0,0,0,0,0,7.51634E+20,5.34779E+21,1.23889E+16,4.82334E+16
81619,9,1,87,176,2018,5,14,3,2,8,7,0,0,1,0,0,0,0,0,7.38001E+20,5.3315E+21,1.21964E+16,4.80923E+16
81620,9,5,64,0,2018,5,11,7,3,1,5,0,1,1,0,0,0,0,0,6.47744E+20,5.47401E+21,1.10364E+16,4.94009E+16
81621,9,5,73,115,2018,5,21,6,2,8,7,2,0,1,0,0,0,0,0,6.29231E+20,5.47316E+21,1.07811E+16,4.93974E+16
81622,9,1,86,162,2018,5,10,3,3,5,3,0,0,1,0,1,0,0,0,6.93922E+20,5.38607E+21,1.16303E+16,4.85977E+16
81623,9,5,71,194,2018,5,20,2,3,5,2,0,0,1,0,1,0,0,0,6.16059E+20,5.47313E+21,1.05996E+16,4.93998E+16
81624,9,6,71,133,2018,5,17,1,3,5,3,0,0,1,0,1,0,0,0,5.09531E+20,5.54112E+21,9.13305E+15,5.00223E+16
81625,9,7,62,0,2018,5,13,4,2,0,7,0,1,0,0,0,0,0,0,6.22166E+20,5.30422E+21,1.06339E+16,4.78797E+16
81626,9,1,74,111,2018,5,18,3,2,3,6,0,1,1,0,0,0,0,0,6.65336E+20,5.36137E+21,1.12331E+16,4.83838E+16
81627,9,2,73,125,2018,5,2,7,2,8,1,2,0,1,0,0,0,0,0,7.20483E+20,5.41743E+21,1.20068E+16,4.88706E+16
81628,9,1,77,133,2018,5,15,3,3,0,1,0,1,0,0,0,0,0,0,7.11117E+20,5.35441E+21,1.18473E+16,4.83076E+16
81629,9,2,72,140,2018,5,7,2,3,5,3,0,0,1,0,0,0,0,0,8.26817E+20,5.41591E+21,1.34519E+16,4.88101E+16
81630,9,1,81,133,2018,5,5,6,2,8,1,2,0,1,0,0,0,0,0,6.44623E+20,5.31458E+21,1.09376E+16,4.79681E+16
81631,9,2,73,163,2018,5,16,1,3,8,1,0,0,0,0,1,0,0,0,7.06136E+20,5.39949E+21,1.18024E+16,4.87143E+16
81632,9,1,84,135,2018,4,13,2,3,5,3,0,1,1,0,0,0,0,0,6.89375E+20,5.34705E+21,1.15511E+16,4.82484E+16
81633,9,4,73,151,2018,5,14,5,3,3,6,0,0,0,0,0,1,1,0,6.49318E+20,5.57355E+21,1.10964E+16,5.02951E+16
81634,9,7,63,0,2018,5,16,7,2,0,1,0,1,0,0,0,0,0,0,5.99258E+20,5.284E+21,1.0323E+16,4.77017E+16
81635,9,7,61,0,2018,5,7,6,3,2,6,0,0,1,0,0,0,0,0,6.37479E+20,5.35977E+21,1.08566E+16,4.83761E+16
81636,9,1,62,0,2018,4,17,2,3,2,6,0,0,1,0,0,0,0,0,6.85578E+20,5.3353E+21,1.14948E+16,4.81439E+16
81637,9,1,77,115,2018,5,18,2,3,1,6,0,0,1,0,0,0,0,0,7.33149E+20,5.35241E+21,1.21429E+16,4.82819E+16
81638,9,7,77,129,2018,5,9,4,3,5,2,0,1,1,0,0,0,0,0,6.28117E+20,5.27134E+21,1.07038E+16,4.75828E+16
81639,9,4,72,198,2018,5,14,7,3,2,6,0,0,1,0,1,0,0,0,6.98433E+20,5.54009E+21,1.17679E+16,4.99801E+16
81640,9,3,62,0,2018,5,8,6,3,2,1,0,0,1,0,0,1,0,0,7.26347E+20,5.43107E+21,1.20943E+16,4.8991E+16
81641,9,1,62,0,2018,4,14,2,2,3,6,0,0,1,0,1,0,0,0,6.91882E+20,5.33177E+21,1.15779E+16,4.81102E+16
81642,9,3,63,0,2018,5,16,2,3,4,2,0,0,1,0,1,0,0,0,7.28183E+20,5.509E+21,1.21639E+16,4.96903E+16
81643,9,5,64,0,2018,5,19,1,3,4,7,0,0,1,0,0,0,0,0,6.47653E+20,5.48023E+21,1.10375E+16,4.94568E+16
81644,9,7,74,124,2018,4,14,2,3,5,3,0,0,1,0,0,0,1,0,5.98324E+20,5.34562E+21,1.03247E+16,4.82562E+16
81645,9,1,73,133,2018,5,19,2,3,7,7,1,0,0,0,1,0,0,0,6.73086E+20,5.27124E+21,1.13014E+16,4.75715E+16
81646,9,7,74,162,2018,5,12,5,3,2,6,0,0,1,0,0,0,0,0,6.01603E+20,5.35171E+21,1.03703E+16,4.83104E+16
81647,9,1,89,113,2018,5,16,1,2,8,1,0,0,0,0,1,0,0,0,7.70421E+20,5.30101E+21,1.26119E+16,4.78056E+16
81648,9,1,87,114,2018,5,16,7,3,5,3,0,0,1,0,1,0,0,0,7.48762E+20,5.29724E+21,1.23209E+16,4.77805E+16
81649,9,7,80,139,2018,4,21,2,3,5,2,2,0,1,0,0,0,1,0,5.97111E+20,5.26324E+21,1.02898E+16,4.75154E+16
81650,9,2,78,118,2018,5,18,5,2,5,3,0,0,1,0,0,0,0,0,7.75081E+20,5.42125E+21,1.27525E+16,4.88831E+16
81651,9,6,77,155,2018,5,14,7,3,8,7,0,0,1,0,0,0,0,0,5.39581E+20,5.54069E+21,9.55249E+15,5.00172E+16
81652,9,2,74,113,2018,5,15,2,3,2,6,0,0,1,0,0,0,0,0,7.28453E+20,5.3839E+21,1.20968E+16,4.85665E+16
81653,9,1,62,0,2018,5,5,5,3,5,3,0,0,1,0,0,0,0,0,6.91075E+20,5.33923E+21,1.15704E+16,4.81775E+16
81654,9,1,62,0,2018,5,15,1,3,2,6,0,0,1,0,0,0,1,0,6.87009E+20,5.33133E+21,1.15123E+16,4.81077E+16
81655,9,7,76,129,2018,4,18,2,3,8,7,0,0,0,0,1,0,0,0,5.69019E+20,5.27034E+21,9.91787E+15,4.75828E+16
81656,9,3,76,170,2018,5,11,5,3,0,1,0,0,0,0,1,0,0,0,7.24615E+20,5.45653E+21,1.20848E+16,4.92204E+16
81657,9,7,73,144,2018,5,15,7,3,5,3,0,0,1,0,0,0,0,0,6.03132E+20,5.37983E+21,1.03978E+16,4.85631E+16
81658,9,6,72,121,2018,5,17,6,2,5,3,0,1,0,0,0,0,1,0,5.6798E+20,5.55307E+21,9.95105E+15,5.0126E+16
81659,9,7,76,120,2018,4,17,2,3,2,2,0,0,1,0,0,0,0,0,5.46751E+20,5.26928E+21,9.62165E+15,4.75752E+16
81660,9,7,74,185,2018,5,13,1,3,8,7,0,0,0,0,1,0,0,0,6.10214E+20,5.34602E+21,1.04849E+16,4.82578E+16
81661,9,7,77,129,2018,5,16,4,3,2,3,0,0,1,0,0,0,0,0,6.26252E+20,5.27096E+21,1.06789E+16,4.75798E+16
81662,9,3,63,0,2018,5,15,7,2,5,3,0,0,1,0,1,0,0,0,7.22964E+20,5.50589E+21,1.20899E+16,4.96643E+16
81663,9,2,63,0,2018,5,12,6,3,4,2,0,0,1,0,1,0,0,0,7.62063E+20,5.41886E+21,1.25737E+16,4.88672E+16
81664,9,7,80,137,2018,4,14,2,3,8,1,0,0,1,0,0,0,0,0,5.9447E+20,5.2698E+21,1.02562E+16,4.75747E+16
81665,9,3,72,116,2018,5,14,2,1,4,6,0,0,1,0,0,1,0,0,7.72134E+20,5.46084E+21,1.2739E+16,4.92397E+16
81666,9,2,74,184,2018,5,16,6,2,4,6,0,0,1,0,0,0,0,0,7.46631E+20,5.37171E+21,1.23356E+16,4.84502E+16
81667,9,4,72,116,2018,5,11,1,2,0,1,0,1,0,0,0,0,0,0,6.89946E+20,5.54538E+21,1.16522E+16,5.00304E+16
81668,9,7,80,137,2018,4,15,2,2,4,6,0,0,1,0,1,0,0,0,6.00419E+20,5.27155E+21,1.03356E+16,4.75896E+16
81669,9,3,74,132,2018,4,13,2,3,9,1,0,0,1,0,0,0,0,0,7.34797E+20,5.49532E+21,1.22473E+16,4.95649E+16
81670,9,1,87,170,2018,5,21,2,3,2,5,2,0,1,0,0,0,1,0,7.33707E+20,5.31832E+21,1.21317E+16,4.79754E+16
81671,9,7,72,147,2018,5,20,5,3,2,6,2,0,1,0,0,0,0,0,6.35143E+20,5.36439E+21,1.08265E+16,4.84182E+16
81672,9,1,82,125,2018,5,10,1,3,2,6,0,0,1,0,0,0,0,0,7.12277E+20,5.29604E+21,1.18339E+16,4.77827E+16
81673,9,1,74,135,2018,5,13,7,2,2,6,0,0,1,0,0,0,0,0,6.63617E+20,5.35293E+21,1.12066E+16,4.83084E+16
81674,9,7,79,201,2018,4,10,2,3,2,6,0,0,1,0,0,0,0,0,6.41314E+20,5.39491E+21,1.09202E+16,4.86912E+16
81675,9,2,79,127,2018,5,16,5,3,5,3,0,0,1,0,0,0,0,0,7.52432E+20,5.40153E+21,1.2432E+16,4.87156E+16
81676,9,7,77,121,2018,5,12,4,3,4,7,0,0,1,0,0,0,0,0,6.26448E+20,5.32287E+21,1.06967E+16,4.80466E+16
81677,9,6,72,117,2018,5,10,7,3,1,5,0,0,1,0,0,0,0,0,5.70174E+20,5.5707E+21,9.98499E+15,5.02842E+16
81678,9,5,76,121,2018,5,7,6,3,5,3,0,0,1,0,1,0,0,0,6.47125E+20,5.45085E+21,1.10194E+16,4.91928E+16
81679,9,7,79,155,2018,4,18,2,3,5,3,0,0,1,0,1,0,0,0,6.20098E+20,5.40645E+21,1.06354E+16,4.87995E+16
81680,9,6,75,174,2018,5,11,1,2,8,1,0,0,0,0,1,0,0,0,5.91391E+20,5.52594E+21,1.0272E+16,4.98789E+16
81681,9,7,79,155,2018,5,18,4,3,8,1,0,0,0,0,1,0,0,0,6.22563E+20,5.40625E+21,1.06689E+16,4.87972E+16
81682,9,7,79,154,2018,4,13,2,3,4,6,0,0,1,0,0,0,0,0,6.19932E+20,5.42639E+21,1.0639E+16,4.89787E+16
81683,9,2,78,129,2018,5,18,7,3,9,1,0,0,0,0,1,0,0,0,7.71106E+20,5.43738E+21,1.27091E+16,4.90296E+16
81684,9,7,79,115,2018,4,16,2,3,0,7,0,0,0,0,1,0,0,0,6.34153E+20,5.39381E+21,1.08226E+16,4.86829E+16
81685,9,2,71,141,2018,5,16,2,2,8,1,0,0,0,0,0,0,1,0,7.93084E+20,5.3971E+21,1.29803E+16,4.86581E+16
81686,9,1,76,126,2018,5,18,6,2,8,1,0,0,1,0,0,0,0,0,6.73943E+20,5.41259E+21,1.13707E+16,4.88419E+16
81687,9,6,71,114,2018,5,6,6,3,2,6,0,0,1,0,0,0,0,0,5.03139E+20,5.5418E+21,9.04382E+15,5.00285E+16
81688,9,7,61,0,2018,4,13,2,3,2,2,0,0,1,0,0,0,0,0,6.42049E+20,5.36486E+21,1.092E+16,4.84208E+16
81689,9,7,61,0,2018,5,3,1,3,0,7,2,1,0,0,0,0,0,0,6.40557E+20,5.36023E+21,1.08983E+16,4.83795E+16