OBJECTID_1,ULAND,UREGBEZ,UKREIS,UGEMEINDE,UJAHR,UMONAT,USTUNDE,UWOCHENTAG,UKATEGORIE,UART,UTYP1,ULICHTVERH,IstRad,IstPKW,IstFuss,IstKrad,IstGkfz,IstSonstig,STRZUSTAND,LINREFX,LINREFY,XGCSWGS84,YGCSWGS84
81690,9,7,61,0,2018,4,12,2,3,2,6,0,0,1,0,0,0,0,0,6.41432E+20,5.35274E+21,1.09076E+16,4.8312E+16
81691,9,3,73,119,2018,5,16,7,3,5,3,0,0,1,0,0,0,0,0,6.84056E+20,5.45317E+21,1.15268E+16,4.92037E+16
81692,9,2,75,153,2018,5,7,6,3,9,1,0,0,0,0,1,0,0,1,8.3793E+20,5.39225E+21,1.35835E+16,4.8592E+16
81693,9,7,61,0,2018,4,12,2,2,2,6,0,0,1,0,1,0,0,0,6.37865E+20,5.35303E+21,1.08596E+16,4.83154E+16
81694,9,2,71,151,2018,5,4,2,2,2,6,2,0,0,0,0,0,1,0,7.82208E+20,5.41195E+21,1.28431E+16,4.87964E+16
81695,9,1,90,140,2018,5,11,6,2,0,7,0,1,0,0,0,0,0,0,6.45363E+20,5.303E+21,1.09436E+16,4.78639E+16
81696,9,4,61,0,2018,5,14,1,3,2,6,0,0,1,0,1,0,0,0,6.37953E+20,5.52884E+21,1.09208E+16,4.9896E+16
81697,9,6,77,154,2018,4,19,2,3,3,6,0,0,1,0,0,1,0,0,5.41552E+20,5.51547E+21,9.57728E+15,4.97902E+16
81698,9,1,76,161,2018,5,7,2,2,0,1,0,0,0,0,1,0,0,0,6.83497E+20,5.41611E+21,1.15024E+16,4.88708E+16
81699,9,6,77,151,2018,5,10,5,3,5,3,0,0,1,0,0,0,0,0,5.39233E+20,5.51462E+21,9.54498E+15,4.97827E+16
81700,9,1,85,127,2018,5,10,1,2,9,1,0,0,1,0,0,0,0,0,6.51341E+20,5.38708E+21,1.10535E+16,4.86185E+16
81701,9,1,75,114,2018,5,18,7,1,8,1,0,0,1,0,0,0,0,0,7.18353E+20,5.32403E+21,1.19291E+16,4.80322E+16
81702,9,6,77,154,2018,4,20,2,3,3,6,0,0,1,0,0,0,0,0,5.41614E+20,5.51555E+21,9.57816E+15,4.97909E+16
81703,9,1,83,119,2018,5,15,5,3,5,6,0,0,1,0,0,0,0,0,7.3454E+20,5.33964E+21,1.21545E+16,4.81667E+16
81704,9,5,63,0,2018,5,9,7,3,3,6,0,0,1,0,0,0,0,0,6.44464E+20,5.48184E+21,1.09941E+16,4.9472E+16
81705,9,5,64,0,2018,5,8,6,3,5,2,0,1,1,0,0,0,0,0,6.49268E+20,5.48287E+21,1.10607E+16,4.94801E+16
81706,9,6,63,0,2018,4,11,2,3,0,6,0,1,0,1,0,0,0,0,5.67251E+20,5.51686E+21,9.93452E+15,4.98004E+16
81707,9,5,71,193,2018,5,16,2,3,5,3,0,0,1,0,1,0,0,0,5.86169E+20,5.4703E+21,1.01872E+16,4.93793E+16
81708,9,6,76,144,2018,5,16,1,2,2,1,0,0,1,0,1,0,0,0,5.0961E+20,5.52774E+21,9.13382E+15,4.9902E+16
81709,9,6,63,0,2018,4,15,2,3,2,6,0,0,1,0,0,1,0,0,5.68822E+20,5.51669E+21,9.95633E+15,4.97987E+16
81710,9,2,74,126,2018,5,22,7,2,8,1,2,0,0,0,1,0,0,0,7.34514E+20,5.38618E+21,1.21801E+16,4.85848E+16
81711,9,6,79,206,2018,4,18,2,3,1,6,0,0,1,0,0,1,0,0,5.73168E+20,5.50665E+21,1.00148E+16,4.97079E+16
81712,9,2,62,0,2018,5,16,2,3,1,6,0,0,1,0,0,0,0,0,8.26089E+20,5.38914E+21,1.34209E+16,4.85704E+16
81713,9,1,79,142,2018,5,16,6,3,3,6,0,0,1,0,0,1,0,0,6.76696E+20,5.34299E+21,1.13787E+16,4.82155E+16
81714,9,2,77,149,2018,5,14,1,3,2,6,0,0,0,0,1,0,0,0,7.9508E+20,5.36472E+21,1.29844E+16,4.83666E+16
81715,9,6,77,135,2018,4,15,2,2,0,1,0,1,0,0,0,0,0,0,5.41515E+20,5.52584E+21,9.57788E+15,4.98836E+16
81716,9,5,71,165,2018,5,8,5,3,3,6,0,1,1,0,0,0,0,0,6.30468E+20,5.4678E+21,1.07964E+16,4.9349E+16
81717,9,7,75,135,2018,5,8,7,2,9,7,0,0,1,0,0,0,0,0,5.74938E+20,5.36034E+21,1.00123E+16,4.83917E+16
81718,9,7,62,0,2018,5,23,6,3,9,1,2,0,1,0,0,0,0,0,6.22212E+20,5.30416E+21,1.06345E+16,4.78791E+16
81719,9,6,75,141,2018,4,12,2,3,2,6,0,0,1,0,0,0,0,0,5.84073E+20,5.50984E+21,1.01667E+16,4.97352E+16
81720,9,3,76,153,2018,5,11,1,2,4,6,0,0,1,0,1,0,1,0,7.30215E+20,5.48586E+21,1.21785E+16,4.94817E+16
81721,9,6,73,171,2018,4,11,2,2,8,7,0,0,1,0,0,0,0,0,5.9052E+20,5.57214E+21,1.02709E+16,5.02944E+16
81722,9,1,74,135,2018,5,17,2,3,0,1,0,1,0,0,0,0,0,0,6.63416E+20,5.35283E+21,1.12039E+16,4.83075E+16
81723,9,5,74,112,2018,5,0,5,3,9,1,2,0,1,0,0,0,0,0,6.7346E+20,5.47489E+21,1.13909E+16,4.9402E+16
81724,9,1,74,126,2018,5,18,1,3,6,6,0,1,0,1,0,0,0,0,6.83042E+20,5.3445E+21,1.14647E+16,4.82273E+16
81725,9,1,84,134,2018,5,16,6,2,8,7,0,0,1,0,0,0,0,0,6.94177E+20,5.3231E+21,1.16048E+16,4.80316E+16
81726,9,6,74,221,2018,4,19,2,3,0,2,0,0,1,0,1,0,0,0,6.14661E+20,5.54059E+21,1.06002E+16,5.00065E+16
81727,9,5,77,136,2018,5,17,7,3,5,3,0,0,1,0,1,0,0,0,6.25674E+20,5.4406E+21,1.07219E+16,4.91054E+16
81728,9,5,75,179,2018,5,7,6,3,0,6,0,0,1,0,1,0,0,0,5.91638E+20,5.49178E+21,1.02675E+16,4.95717E+16
81729,9,6,72,149,2018,4,15,2,3,8,1,0,0,0,0,1,0,0,0,5.58976E+20,5.56557E+21,9.82703E+15,5.02394E+16
81730,9,4,64,0,2018,5,11,2,3,9,1,0,0,1,0,0,0,0,0,7.07743E+20,5.57498E+21,1.19166E+16,5.02903E+16
81731,9,6,71,162,2018,5,18,1,2,0,1,0,0,0,0,1,0,0,0,5.25968E+20,5.55218E+21,9.36326E+15,5.01213E+16
81732,9,6,76,128,2018,4,20,2,2,8,1,0,0,1,0,1,0,0,0,5.15849E+20,5.52434E+21,9.22056E+15,4.98713E+16
81733,9,1,90,113,2018,5,13,7,3,3,6,0,0,1,0,0,0,1,0,6.72165E+20,5.29198E+21,1.12973E+16,4.77582E+16
81734,9,6,71,135,2018,4,5,2,3,8,1,0,0,1,0,0,0,0,0,5.18948E+20,5.54998E+21,9.26496E+15,5.01017E+16
81735,9,2,77,116,2018,5,13,2,3,1,6,0,0,1,0,0,0,0,0,7.78738E+20,5.36721E+21,1.27659E+16,4.83964E+16
81736,9,1,75,133,2018,5,10,6,2,1,6,0,0,1,0,0,0,0,0,7.07934E+20,5.34211E+21,1.17983E+16,4.81982E+16
81737,9,2,73,127,2018,5,15,1,2,0,7,0,1,0,0,0,0,0,0,7.23839E+20,5.40611E+21,1.20464E+16,4.87677E+16
81738,9,5,76,143,2018,4,22,2,3,6,7,2,0,1,1,0,0,0,1,6.52095E+20,5.45733E+21,1.109E+16,4.92498E+16
81739,9,3,63,0,2018,5,16,5,3,5,3,0,1,1,0,0,0,0,0,7.26949E+20,5.50693E+21,1.21456E+16,4.96721E+16
81740,9,7,76,130,2018,5,16,7,3,8,1,0,0,0,0,1,0,0,0,5.55278E+20,5.26953E+21,9.73505E+15,4.75768E+16
81741,9,7,71,130,2018,5,14,6,3,2,1,0,0,1,0,0,0,0,0,6.44644E+20,5.36302E+21,1.09544E+16,4.84038E+16
81742,9,5,76,143,2018,4,20,2,3,4,2,0,0,1,0,0,0,0,0,6.53097E+20,5.4571E+21,1.11036E+16,4.92475E+16
81743,9,1,84,122,2018,5,17,1,3,2,6,0,1,1,0,0,0,0,0,6.87824E+20,5.32386E+21,1.152E+16,4.80404E+16
81744,9,1,87,182,2018,5,12,5,2,4,1,0,0,1,0,0,0,0,0,7.39944E+20,5.32803E+21,1.22205E+16,4.80604E+16
81745,9,4,79,135,2018,5,16,7,1,5,3,0,1,0,0,1,0,0,0,7.15147E+20,5.55925E+21,1.20114E+16,5.01464E+16
81746,9,3,71,131,2018,5,17,6,2,8,1,0,1,0,0,0,0,0,0,6.96177E+20,5.4776E+21,1.17051E+16,4.94194E+16
81747,9,5,74,156,2018,4,15,2,3,0,1,0,1,0,0,0,0,0,0,6.59519E+20,5.48333E+21,1.12023E+16,4.94817E+16
81748,9,3,74,144,2018,5,12,2,2,4,6,0,0,1,0,0,0,0,0,7.18007E+20,5.51079E+21,1.2024E+16,4.97101E+16
81749,9,2,72,151,2018,5,7,6,3,1,6,0,0,0,0,1,0,1,1,8.36403E+20,5.41122E+21,1.35782E+16,4.87629E+16
81750,9,4,75,154,2018,5,20,1,2,5,3,0,1,1,0,0,0,0,0,6.99712E+20,5.56361E+21,1.1798E+16,5.01909E+16
81751,9,4,78,120,2018,5,17,7,3,8,1,0,0,1,0,0,0,0,0,6.36764E+20,5.55176E+21,1.09125E+16,5.01023E+16
81752,9,4,71,185,2018,5,19,6,3,2,6,0,0,1,0,0,0,0,0,6.46731E+20,5.5387E+21,1.10467E+16,4.99826E+16
81753,9,5,64,0,2018,4,23,2,2,0,1,2,1,0,0,0,0,0,0,6.50269E+20,5.47731E+21,1.10724E+16,4.94299E+16
81754,9,4,77,164,2018,5,7,2,3,5,3,0,0,1,0,1,0,0,0,6.67344E+20,5.53968E+21,1.13345E+16,4.9986E+16
81755,9,5,74,158,2018,5,18,1,3,2,6,0,0,1,0,1,0,0,0,6.67242E+20,5.49963E+21,1.13158E+16,4.96261E+16
81756,9,5,64,0,2018,4,16,2,3,5,3,0,0,1,0,1,0,0,0,6.58636E+20,5.4733E+21,1.11861E+16,4.93917E+16
81757,9,5,64,0,2018,4,13,2,3,2,6,0,0,1,0,0,0,0,0,6.5049E+20,5.47237E+21,1.10736E+16,4.93854E+16
81758,9,1,90,152,2018,5,17,2,3,2,2,0,0,1,0,0,0,0,0,6.74026E+20,5.29888E+21,1.13249E+16,4.78197E+16
81759,9,7,64,0,2018,5,18,5,3,0,7,1,1,0,0,0,0,0,0,5.85941E+20,5.31709E+21,1.01521E+16,4.80014E+16
81760,9,1,90,114,2018,5,16,1,3,0,1,0,0,0,0,1,0,0,0,6.34281E+20,5.2901E+21,1.07915E+16,4.77503E+16
81761,9,1,89,157,2018,5,0,7,3,8,1,2,0,0,0,1,0,0,1,7.64708E+20,5.32534E+21,1.25506E+16,4.80264E+16
81762,9,5,75,168,2018,4,18,2,3,9,1,0,0,1,0,0,0,0,0,5.86574E+20,5.48723E+21,1.01964E+16,4.95315E+16
81763,9,2,76,111,2018,5,18,5,2,5,3,0,0,1,0,1,0,0,0,7.88256E+20,5.43159E+21,1.29391E+16,4.89699E+16
81764,9,7,61,0,2018,5,20,7,3,0,1,0,1,0,0,0,0,0,0,6.40497E+20,5.35417E+21,1.08954E+16,4.83251E+16
81765,9,6,73,135,2018,5,13,6,3,5,3,0,0,1,0,0,0,1,0,5.83849E+20,5.57445E+21,1.01777E+16,5.03162E+16
81766,9,4,79,159,2018,4,14,2,2,2,6,0,0,1,0,0,1,0,0,7.21373E+20,5.55612E+21,1.20966E+16,5.0116E+16
81767,9,7,78,116,2018,5,16,1,3,5,2,0,0,1,0,0,0,1,0,6.20468E+20,5.31228E+21,1.06135E+16,4.79525E+16
81768,9,4,79,169,2018,4,15,2,2,8,1,0,0,1,0,0,0,0,0,7.17388E+20,5.54723E+21,1.20359E+16,5.00376E+16
81769,9,3,72,153,2018,5,13,7,2,5,2,0,0,1,0,1,0,0,0,7.56905E+20,5.45413E+21,1.25259E+16,4.91861E+16
81770,9,2,71,116,2018,5,18,6,3,4,6,0,0,1,0,0,0,0,0,7.88182E+20,5.42112E+21,1.29307E+16,4.8876E+16
81771,9,4,78,139,2018,4,17,2,3,2,7,0,0,1,0,0,0,0,0,6.44867E+20,5.55737E+21,1.10278E+16,5.01508E+16
81772,9,3,76,149,2018,5,15,2,3,4,3,0,0,1,0,0,0,0,0,7.34845E+20,5.45925E+21,1.22266E+16,4.92409E+16
81773,9,2,79,122,2018,5,3,6,2,8,1,2,0,0,0,0,0,1,0,7.74798E+20,5.39489E+21,1.2731E+16,4.86466E+16
81774,9,4,72,138,2018,5,15,1,3,5,3,0,0,0,0,1,1,0,0,7.05086E+20,5.54356E+21,1.18624E+16,5.0009E+16
81775,9,4,76,146,2018,4,16,2,3,9,7,0,0,1,0,0,0,0,0,6.62863E+20,5.5606E+21,1.12809E+16,5.01752E+16
81776,9,3,71,141,2018,4,10,2,2,0,2,0,1,1,0,0,0,0,0,6.90042E+20,5.48959E+21,1.16263E+16,4.95291E+16
81777,9,1,87,165,2018,5,16,2,3,0,7,0,0,0,0,1,1,0,0,7.27193E+20,5.30004E+21,1.20349E+16,4.78136E+16
81778,9,7,72,147,2018,5,17,5,3,0,1,0,0,0,0,1,0,0,0,6.34294E+20,5.36655E+21,1.08158E+16,4.84378E+16
81779,9,1,76,129,2018,5,19,1,3,5,3,0,0,1,0,0,0,0,0,6.84523E+20,5.40441E+21,1.15111E+16,4.87654E+16
81780,9,1,81,130,2018,5,14,7,3,2,6,0,0,1,0,0,0,0,0,6.3957E+20,5.3232E+21,1.08728E+16,4.80468E+16
81781,9,7,73,139,2018,5,10,3,2,2,6,0,0,1,0,0,0,0,0,6.15E+20,5.3851E+21,1.05601E+16,4.86084E+16
81782,9,6,61,0,2018,5,17,4,3,2,6,0,0,1,0,1,0,0,0,5.08702E+20,5.53533E+21,9.12135E+15,4.99702E+16
81783,9,7,71,122,2018,5,7,3,3,2,6,0,0,1,0,0,1,0,0,6.55972E+20,5.35944E+21,1.1106E+16,4.83688E+16
81784,9,7,72,217,2018,5,16,3,2,7,6,0,0,0,0,1,0,1,0,6.36447E+20,5.38021E+21,1.08493E+16,4.85601E+16
81785,9,3,73,147,2018,5,8,4,3,5,3,0,0,1,0,0,0,0,0,6.84224E+20,5.46175E+21,1.15331E+16,4.92807E+16
81786,9,7,71,142,2018,5,9,3,3,2,6,0,0,1,0,0,0,0,0,6.4549E+20,5.35253E+21,1.09622E+16,4.83092E+16
81787,9,1,83,148,2018,5,16,4,3,5,3,0,0,1,0,0,0,0,0,7.5395E+20,5.34553E+21,1.24186E+16,4.82121E+16
81788,9,7,61,0,2018,5,18,3,3,5,3,0,0,1,0,0,0,0,0,6.38047E+20,5.36136E+21,1.08647E+16,4.83903E+16
81789,9,7,61,0,2018,5,16,3,3,2,6,0,0,1,0,0,0,0,0,6.39348E+20,5.36088E+21,1.08822E+16,4.83857E+16
81790,9,7,61,0,2018,5,6,3,3,0,7,0,1,0,0,0,0,0,0,6.44207E+20,5.3576E+21,1.09466E+16,4.83551E+16
81791,9,5,65,0,2018,5,9,4,3,6,2,0,0,1,1,0,0,0,0,6.47098E+20,5.46619E+21,1.10246E+16,4.93307E+16
81792,9,6,77,154,2018,5,10,3,2,3,6,0,0,1,0,0,1,0,0,5.41366E+20,5.51524E+21,9.57467E+15,4.97882E+16
81793,9,2,78,113,2018,5,15,4,2,4,3,0,0,1,0,1,1,0,0,7.67027E+20,5.41456E+21,1.26385E+16,4.88266E+16
81794,9,6,63,0,2018,5,9,3,3,2,6,0,0,0,0,0,1,0,0,5.64744E+20,5.51155E+21,9.89881E+15,4.9753E+16
81795,9,6,77,155,2018,5,15,3,3,5,3,0,0,1,0,1,0,0,0,5.41322E+20,5.53794E+21,9.57649E+15,4.99923E+16
81796,9,3,71,156,2018,5,19,4,3,2,6,0,0,1,0,0,0,0,0,7.02668E+20,5.50029E+21,1.18061E+16,4.96211E+16
81797,9,6,75,141,2018,5,22,3,2,4,7,2,1,0,0,0,0,0,0,5.84578E+20,5.50968E+21,1.01737E+16,4.97336E+16
81798,9,1,62,0,2018,5,17,4,3,2,6,0,0,1,0,0,0,0,0,6.96158E+20,5.33508E+21,1.16368E+16,4.81387E+16
81799,9,1,78,125,2018,5,7,4,2,4,2,0,0,1,0,0,1,0,0,7.1733E+20,5.38149E+21,1.1945E+16,4.85488E+16
81800,9,1,87,125,2018,5,10,4,3,5,3,0,0,1,0,0,0,1,0,7.52509E+20,5.31276E+21,1.23799E+16,4.79184E+16
81801,9,6,75,174,2018,5,9,3,3,2,6,0,0,1,0,0,0,0,0,5.93484E+20,5.52402E+21,1.03007E+16,4.98613E+16
81802,9,6,74,147,2018,5,15,3,2,5,3,0,0,1,0,1,0,0,0,6.08502E+20,5.54387E+21,1.05152E+16,5.00372E+16
81803,9,5,64,0,2018,5,18,4,3,2,6,0,0,1,0,0,0,0,0,6.48882E+20,5.48377E+21,1.10557E+16,4.94883E+16
81804,9,6,78,134,2018,5,20,3,3,8,1,1,0,0,0,1,0,0,0,5.94984E+20,5.52862E+21,1.03227E+16,4.99024E+16
81805,9,2,75,116,2018,5,8,4,3,5,3,0,1,1,0,0,0,0,0,8.1965E+20,5.36297E+21,1.33139E+16,4.83389E+16
81806,9,6,78,134,2018,5,11,3,2,5,3,0,0,1,0,0,0,0,0,5.96711E+20,5.52905E+21,1.03468E+16,4.9906E+16
81807,9,1,81,141,2018,5,10,4,3,2,6,0,0,1,0,0,0,0,0,6.43961E+20,5.31989E+21,1.09305E+16,4.8016E+16
81808,9,6,74,118,2018,5,2,3,2,8,1,2,0,1,0,0,0,0,0,6.21833E+20,5.54161E+21,1.07005E+16,5.00144E+16
81809,9,1,61,0,2018,5,8,4,3,2,6,0,0,1,0,0,0,0,0,6.7655E+20,5.4045E+21,1.14028E+16,4.87684E+16
81810,9,6,73,114,2018,5,0,3,2,7,1,2,0,1,0,0,0,0,0,5.87357E+20,5.57641E+21,1.02275E+16,5.03333E+16
81811,9,6,62,0,2018,5,22,3,2,5,3,2,0,1,0,0,0,0,0,5.87849E+20,5.5447E+21,1.0227E+16,5.00481E+16
81812,9,5,71,200,2018,5,19,4,3,8,1,0,0,1,0,0,0,0,0,5.97016E+20,5.4412E+21,1.03295E+16,4.9116E+16
81813,9,6,62,0,2018,5,16,3,3,5,2,0,0,1,0,0,0,1,0,5.86688E+20,5.5427E+21,1.02104E+16,5.00303E+16
81814,9,2,61,0,2018,5,21,4,2,8,1,2,0,1,0,0,0,0,0,7.29061E+20,5.38085E+21,1.21034E+16,4.85389E+16
81815,9,6,78,181,2018,5,4,3,2,7,7,1,0,0,0,1,0,0,0,6.00288E+20,5.55734E+21,1.0404E+16,5.01598E+16
81816,9,6,62,0,2018,5,7,3,3,0,7,0,0,0,0,1,0,0,0,5.85922E+20,5.54226E+21,1.01996E+16,5.00265E+16
81817,9,6,71,150,2018,5,14,4,2,4,1,0,0,1,0,0,0,0,0,5.23241E+20,5.54374E+21,9.3246E+15,5.00455E+16
81818,9,6,76,139,2018,5,5,3,3,5,3,0,0,1,0,1,0,0,0,5.18347E+20,5.50534E+21,9.25443E+15,4.97003E+16
81819,9,6,71,156,2018,5,17,3,3,3,6,0,1,1,0,0,0,0,0,5.20702E+20,5.53611E+21,9.28873E+15,4.9977E+16
81820,9,3,73,147,2018,5,17,4,3,4,2,0,0,1,0,0,0,0,0,6.86835E+20,5.46205E+21,1.15691E+16,4.92826E+16
81821,9,6,71,155,2018,5,15,3,3,2,6,0,0,1,0,0,0,0,0,5.04716E+20,5.5361E+21,9.06577E+15,4.99772E+16
81822,9,2,79,124,2018,5,17,4,3,2,6,0,0,1,0,0,0,0,0,7.52877E+20,5.3916E+21,1.2432E+16,4.86263E+16
81823,9,6,71,111,2018,5,12,3,3,1,3,0,0,1,0,0,0,0,0,5.07376E+20,5.55002E+21,9.10314E+15,5.01024E+16
81824,9,4,74,176,2018,5,18,4,2,0,1,0,0,0,0,1,0,0,0,6.62852E+20,5.52121E+21,1.12641E+16,4.98212E+16
81825,9,5,62,0,2018,5,8,3,3,3,6,0,0,1,0,0,1,0,0,6.44832E+20,5.49131E+21,1.10026E+16,4.95571E+16
81826,9,2,74,182,2018,5,15,4,3,8,1,0,1,0,0,0,0,0,0,7.28647E+20,5.3778E+21,1.20961E+16,4.85116E+16
81827,9,5,72,135,2018,5,18,3,3,2,6,0,0,1,0,0,0,0,0,6.46993E+20,5.48901E+21,1.10316E+16,4.95358E+16
81828,9,5,74,152,2018,5,10,3,3,3,6,0,0,1,0,0,0,0,0,6.63868E+20,5.48276E+21,1.12621E+16,4.94753E+16
81829,9,1,78,124,2018,5,8,4,3,0,3,0,1,1,0,0,0,0,0,7.01949E+20,5.3642E+21,1.17285E+16,4.83986E+16
81830,9,5,62,0,2018,5,9,3,3,0,7,0,1,0,0,0,0,0,0,6.44271E+20,5.49483E+21,1.09962E+16,4.95888E+16
81831,9,5,76,113,2018,5,22,4,2,3,6,2,0,1,0,0,0,0,0,6.61178E+20,5.45821E+21,1.1215E+16,4.92554E+16
81832,9,5,65,0,2018,5,13,3,3,5,2,0,0,1,0,0,0,0,0,6.46518E+20,5.46529E+21,1.10163E+16,4.93227E+16
81833,9,5,74,160,2018,5,14,3,2,8,1,0,0,0,0,1,0,0,1,6.82012E+20,5.49851E+21,1.15196E+16,4.96117E+16
81834,9,3,73,147,2018,5,20,4,3,8,1,1,0,1,0,0,0,0,0,6.78983E+20,5.46357E+21,1.14619E+16,4.92986E+16
81835,9,5,64,0,2018,5,7,3,3,0,6,0,0,1,0,1,0,0,0,6.52722E+20,5.48069E+21,1.11075E+16,4.94596E+16
81836,9,1,78,145,2018,5,18,4,2,5,2,0,1,1,0,0,0,0,0,6.96818E+20,5.35461E+21,1.16547E+16,4.8314E+16
81837,9,1,77,133,2018,5,14,4,3,2,6,0,0,1,0,0,0,0,0,7.13749E+20,5.35581E+21,1.18834E+16,4.83193E+16
81838,9,1,72,118,2018,5,16,4,3,2,6,0,0,1,0,0,0,0,0,7.98881E+20,5.3058E+21,1.29944E+16,4.7836E+16
81839,9,5,64,0,2018,5,1,3,2,5,3,2,1,1,0,0,0,0,0,6.52137E+20,5.48173E+21,1.10999E+16,4.94691E+16
81840,9,5,64,0,2018,5,16,3,3,1,7,0,0,1,0,0,0,0,0,6.51425E+20,5.47467E+21,1.10874E+16,4.94059E+16
81841,9,5,64,0,2018,5,17,3,3,6,2,0,0,1,1,0,0,0,0,6.55191E+20,5.48113E+21,1.11418E+16,4.9463E+16
81842,9,1,81,139,2018,5,15,4,3,2,6,0,0,1,0,0,0,0,0,6.55645E+20,5.32456E+21,1.10888E+16,4.80553E+16
81843,9,5,63,0,2018,5,17,3,3,2,6,0,0,1,0,0,0,0,0,6.39853E+20,5.48339E+21,1.0931E+16,4.9487E+16
81844,9,5,77,158,2018,5,15,3,3,0,7,0,1,0,0,0,0,0,0,6.4451E+20,5.42179E+21,1.09731E+16,4.89321E+16
81845,9,5,72,115,2018,5,8,4,3,2,2,0,0,1,0,0,0,0,0,6.46598E+20,5.5021E+21,1.10311E+16,4.96536E+16
81846,9,5,75,128,2018,5,18,3,3,3,6,0,0,1,0,0,0,1,0,6.16312E+20,5.49837E+21,1.06106E+16,4.96267E+16
81847,9,5,61,0,2018,5,13,3,3,0,4,0,0,1,1,0,0,0,0,6.14282E+20,5.46258E+21,1.05721E+16,4.93053E+16
81848,9,3,61,0,2018,5,7,4,3,5,3,0,1,1,0,0,0,0,0,7.07546E+20,5.48077E+21,1.18633E+16,4.94442E+16
81849,9,4,79,135,2018,5,18,3,3,2,6,0,0,1,0,1,0,0,0,7.15763E+20,5.55928E+21,1.20201E+16,5.01464E+16
81850,9,1,78,143,2018,5,13,4,3,2,3,0,0,1,0,0,0,0,0,7.15657E+20,5.37114E+21,1.1917E+16,4.84564E+16
81851,9,1,87,128,2018,5,18,4,3,1,6,0,0,1,0,0,0,1,0,7.46767E+20,5.31104E+21,1.23022E+16,4.79052E+16
81852,9,4,75,128,2018,5,21,3,3,0,7,0,0,0,0,1,0,0,0,6.83439E+20,5.57987E+21,1.15781E+16,5.03423E+16
81853,9,4,64,0,2018,5,9,3,2,2,6,0,0,1,0,1,0,0,0,7.07226E+20,5.57712E+21,1.19105E+16,5.03098E+16
81854,9,5,64,0,2018,5,10,4,3,5,3,0,1,0,0,0,0,1,0,6.50682E+20,5.48172E+21,1.10798E+16,4.94695E+16
81855,9,4,64,0,2018,5,10,3,3,8,1,0,1,0,0,0,0,0,0,7.05159E+20,5.57423E+21,1.18799E+16,5.02845E+16
81856,9,2,77,133,2018,5,16,4,3,2,6,0,0,1,0,0,0,0,0,7.68186E+20,5.36741E+21,1.26238E+16,4.84027E+16
81857,9,4,72,199,2018,5,19,3,2,0,1,0,0,0,0,1,0,0,0,6.95126E+20,5.53539E+21,1.17194E+16,4.9939E+16
81858,9,5,76,121,2018,5,17,4,3,5,3,0,0,1,0,0,0,0,0,6.46668E+20,5.44773E+21,1.10119E+16,4.91648E+16
81859,9,4,71,120,2018,5,7,3,3,5,3,0,0,1,0,0,0,0,0,6.25036E+20,5.52081E+21,1.07385E+16,4.98267E+16
81860,9,2,77,113,2018,5,16,4,2,0,1,0,0,0,0,1,0,0,0,8.02801E+20,5.37245E+21,1.3094E+16,4.84323E+16
81861,9,4,61,0,2018,5,22,3,3,5,3,2,0,1,0,0,0,0,0,6.37373E+20,5.53065E+21,1.09134E+16,4.99124E+16
81862,9,1,61,0,2018,5,10,4,3,5,2,0,1,1,0,0,0,0,0,6.79262E+20,5.40349E+21,1.14392E+16,4.87586E+16
81863,9,4,61,0,2018,5,13,3,3,5,3,0,1,0,0,0,0,1,0,6.37821E+20,5.53012E+21,1.09195E+16,4.99075E+16
81864,9,3,63,0,2018,5,7,3,3,5,3,0,0,1,0,0,0,0,0,7.27063E+20,5.50447E+21,1.21458E+16,4.965E+16
81865,9,4,75,184,2018,5,9,4,3,4,1,0,0,1,0,0,0,1,0,7.01728E+20,5.56366E+21,1.18262E+16,5.01907E+16
81866,9,3,77,157,2018,5,9,3,2,9,1,0,0,1,0,0,0,0,0,7.19403E+20,5.54058E+21,1.20602E+16,4.99771E+16
81867,9,1,62,0,2018,5,6,3,3,5,2,0,1,1,0,0,0,0,0,6.89218E+20,5.33014E+21,1.15414E+16,4.80964E+16
81868,9,1,88,121,2018,5,16,4,3,2,6,0,0,1,0,0,0,0,0,6.71339E+20,5.33087E+21,1.13018E+16,4.8108E+16
81869,9,2,61,0,2018,5,10,4,3,4,2,0,0,1,0,0,0,0,0,7.31901E+20,5.38399E+21,1.21435E+16,4.8566E+16
81870,9,3,74,149,2018,5,8,3,3,2,6,0,0,1,0,0,0,1,0,7.11112E+20,5.51551E+21,1.19311E+16,4.97549E+16
81871,9,3,75,210,2018,5,11,3,2,1,1,0,0,0,0,0,1,1,0,7.44445E+20,5.43261E+21,1.23422E+16,4.89979E+16
81872,9,3,75,117,2018,5,13,3,2,1,6,0,0,0,0,0,1,0,0,7.3762E+20,5.43171E+21,1.22485E+16,4.89925E+16
81873,9,6,71,150,2018,5,7,4,3,4,1,0,0,1,0,0,0,0,0,5.18112E+20,5.54322E+21,9.25294E+15,5.0041E+16
81874,9,3,72,158,2018,5,18,3,3,5,3,0,1,1,0,0,0,0,0,7.61749E+20,5.45187E+21,1.25907E+16,4.91638E+16
81875,9,3,62,0,2018,5,16,3,3,5,3,0,0,1,0,0,0,0,0,7.28194E+20,5.43539E+21,1.21219E+16,4.90291E+16
81876,9,3,62,0,2018,5,16,3,3,5,2,0,1,0,0,0,1,0,0,7.28107E+20,5.43539E+21,1.21207E+16,4.90292E+16