OBJECTID_1,ULAND,UREGBEZ,UKREIS,UGEMEINDE,UJAHR,UMONAT,USTUNDE,UWOCHENTAG,UKATEGORIE,UART,UTYP1,ULICHTVERH,IstRad,IstPKW,IstFuss,IstKrad,IstGkfz,IstSonstig,STRZUSTAND,LINREFX,LINREFY,XGCSWGS84,YGCSWGS84
82439,9,1,75,132,2018,5,18,5,3,2,6,0,0,1,0,0,0,0,0,7.05077E+20,5.33584E+21,1.17569E+16,4.81427E+16
82440,9,3,63,0,2018,5,15,3,3,4,2,0,0,1,0,0,0,0,0,7.27691E+20,5.50699E+21,1.21559E+16,4.96724E+16
82441,9,7,77,130,2018,5,20,1,2,8,1,1,0,1,0,0,0,0,1,6.24964E+20,5.31199E+21,1.06736E+16,4.79491E+16
82442,9,5,71,166,2018,5,7,5,3,5,3,0,0,1,0,0,0,0,1,6.08998E+20,5.45444E+21,1.04972E+16,4.9233E+16
82443,9,5,72,111,2018,5,17,2,3,2,6,0,0,1,0,0,0,0,0,6.35584E+20,5.50715E+21,1.08803E+16,4.97016E+16
82444,9,1,81,113,2018,5,10,5,3,5,3,0,0,1,0,0,0,0,0,6.4248E+20,5.30834E+21,1.09069E+16,4.79126E+16
82445,9,4,74,134,2018,5,6,3,3,2,6,0,0,1,0,0,0,1,0,6.45721E+20,5.50748E+21,1.10209E+16,4.97022E+16
82446,9,7,79,154,2018,5,20,1,3,8,1,1,0,1,0,0,0,0,1,6.19875E+20,5.42631E+21,1.06382E+16,4.8978E+16
82447,9,5,64,0,2018,5,8,4,3,2,6,0,0,1,0,0,0,0,1,6.47437E+20,5.4762E+21,1.1033E+16,4.94206E+16
82448,9,6,72,140,2018,5,16,2,3,5,3,0,0,1,0,0,0,0,0,5.82189E+20,5.55537E+21,1.01503E+16,5.01448E+16
82449,9,7,79,149,2018,5,16,1,2,0,1,0,0,0,0,1,0,0,1,6.34446E+20,5.39659E+21,1.08275E+16,4.87079E+16
82450,9,1,84,132,2018,5,19,4,3,8,1,0,0,1,0,0,0,0,1,6.85177E+20,5.32769E+21,1.14861E+16,4.80756E+16
82451,9,2,75,141,2018,5,12,2,3,0,1,0,1,0,0,0,0,0,0,8.18832E+20,5.36766E+21,1.33065E+16,4.83814E+16
82452,9,7,72,149,2018,5,6,3,2,5,3,0,0,0,0,1,1,0,0,6.35209E+20,5.33894E+21,1.08193E+16,4.81893E+16
82453,9,7,74,144,2018,5,9,1,3,2,7,0,0,1,0,0,0,0,0,6.14117E+20,5.36192E+21,1.05418E+16,4.84001E+16
82454,9,1,84,136,2018,5,21,4,3,1,5,2,0,1,0,1,0,0,0,6.99341E+20,5.32742E+21,1.1676E+16,4.80689E+16
82455,9,3,72,135,2018,5,21,3,2,4,6,2,0,1,0,0,0,0,1,7.84228E+20,5.45805E+21,1.29028E+16,4.92092E+16
82456,9,7,71,122,2018,5,14,1,2,8,6,0,0,1,0,0,0,0,0,6.51351E+20,5.36238E+21,1.10447E+16,4.83964E+16
82457,9,1,73,126,2018,5,18,3,3,2,6,0,0,1,0,0,0,0,0,6.84075E+20,5.30545E+21,1.14618E+16,4.7876E+16
82458,9,2,61,0,2018,5,11,3,3,2,6,0,0,1,0,0,1,0,1,7.34455E+20,5.38172E+21,1.21768E+16,4.85448E+16
82459,9,4,76,179,2018,5,13,4,3,5,3,0,0,1,0,1,0,0,0,6.60258E+20,5.59321E+21,1.12583E+16,5.0469E+16
82460,9,5,64,0,2018,5,18,2,3,2,6,0,0,1,0,0,0,0,0,6.49547E+20,5.47839E+21,1.10629E+16,4.94398E+16
82461,9,7,72,223,2018,5,19,1,3,2,6,0,0,1,0,0,0,0,1,6.17383E+20,5.363E+21,1.05862E+16,4.84093E+16
82462,9,3,63,0,2018,5,17,5,3,0,5,0,1,1,0,0,0,0,0,7.26871E+20,5.50511E+21,1.21435E+16,4.96559E+16
82463,9,1,71,113,2018,5,13,4,3,2,6,0,0,1,0,0,0,1,1,7.76657E+20,5.34257E+21,1.27217E+16,4.8176E+16
82464,9,6,79,205,2018,5,18,1,3,2,6,0,0,1,0,0,0,0,1,5.55058E+20,5.5162E+21,9.76501E+15,4.97957E+16
82465,9,6,79,176,2018,5,14,1,3,0,6,0,0,1,0,1,0,0,0,5.6727E+20,5.50918E+21,9.93346E+15,4.97314E+16
82466,9,1,83,134,2018,5,16,4,3,8,1,0,0,1,0,0,0,0,0,7.60613E+20,5.34122E+21,1.25055E+16,4.81707E+16
82467,9,6,78,193,2018,5,19,1,3,8,1,0,0,1,0,0,0,0,1,5.79555E+20,5.53931E+21,1.01101E+16,5.00008E+16
82468,9,5,72,119,2018,5,7,3,3,2,6,0,0,1,0,0,0,0,0,6.45029E+20,5.49931E+21,1.10083E+16,4.96289E+16
82469,9,6,78,132,2018,5,18,1,3,9,1,0,0,1,0,0,0,0,1,5.82326E+20,5.54522E+21,1.015E+16,5.00536E+16
82470,9,7,78,183,2018,5,4,4,3,0,7,1,0,0,0,1,0,0,0,6.06929E+20,5.32715E+21,1.04359E+16,4.80886E+16
82471,9,2,77,119,2018,5,16,3,3,5,3,0,0,1,0,0,0,0,1,7.75729E+20,5.37444E+21,1.27301E+16,4.84625E+16
82472,9,6,73,142,2018,5,17,1,3,0,1,0,1,0,0,0,0,0,0,5.92305E+20,5.5868E+21,1.02995E+16,5.04259E+16
82473,9,1,83,123,2018,5,18,3,3,9,1,0,0,1,0,0,0,0,1,7.37391E+20,5.34362E+21,1.2195E+16,4.82014E+16
82474,9,3,75,190,2018,5,12,4,2,8,1,0,0,1,0,0,0,0,1,7.26479E+20,5.44775E+21,1.21054E+16,4.91408E+16
82475,9,5,75,152,2018,5,21,2,2,8,1,2,1,0,0,0,0,0,1,6.19107E+20,5.48085E+21,1.06439E+16,4.94686E+16
82476,9,7,75,152,2018,5,22,7,3,5,3,2,0,1,0,0,0,0,0,5.77162E+20,5.3536E+21,1.00411E+16,4.83309E+16
82477,9,3,62,0,2018,5,7,5,3,5,3,0,0,1,0,0,0,0,1,7.31112E+20,5.43355E+21,1.21607E+16,4.90115E+16
82478,9,1,79,147,2018,5,9,4,3,8,1,0,0,1,0,0,0,0,1,6.64313E+20,5.33342E+21,1.12085E+16,4.81328E+16
82479,9,6,71,111,2018,5,17,1,3,0,1,0,0,0,0,1,0,0,1,5.02249E+20,5.54955E+21,9.03145E+15,5.00982E+16
82480,9,1,80,124,2018,5,15,5,2,2,6,0,0,0,0,1,0,1,0,6.65754E+20,5.28067E+21,1.12075E+16,4.76582E+16
82481,9,5,71,136,2018,5,10,3,3,5,3,0,1,1,0,0,0,0,0,5.96986E+20,5.43576E+21,1.03278E+16,4.9067E+16
82482,9,5,72,135,2018,5,0,1,3,1,6,2,0,0,0,0,0,1,0,6.30783E+20,5.5104E+21,1.08148E+16,4.97318E+16
82483,9,1,83,124,2018,5,16,3,3,2,6,0,0,1,0,0,0,0,0,7.56966E+20,5.3419E+21,1.24569E+16,4.81783E+16
82484,9,6,75,147,2018,5,9,4,3,2,6,0,0,1,0,0,0,0,0,5.82869E+20,5.50263E+21,1.01485E+16,4.96705E+16
82485,9,6,79,126,2018,5,7,2,2,0,6,0,0,1,0,0,1,0,0,5.5928E+20,5.51099E+21,9.82287E+15,4.97485E+16
82486,9,2,74,146,2018,5,7,5,2,8,1,1,0,1,0,0,0,0,0,7.3473E+20,5.37679E+21,1.21777E+16,4.85003E+16
82487,9,5,74,141,2018,5,8,3,3,5,3,0,0,1,0,0,0,0,0,6.67785E+20,5.48855E+21,1.13186E+16,4.95264E+16
82488,9,5,76,151,2018,5,9,1,3,3,6,0,0,1,0,0,0,0,0,6.60032E+20,5.46882E+21,1.12036E+16,4.93511E+16
82489,9,7,79,130,2018,5,1,4,3,8,7,2,0,1,0,0,0,0,0,6.17525E+20,5.41366E+21,1.06025E+16,4.88647E+16
82490,9,7,73,182,2018,5,16,2,3,2,6,0,0,1,0,0,0,0,0,6.27361E+20,5.37839E+21,1.07257E+16,4.85457E+16
82491,9,5,72,130,2018,5,15,1,2,0,1,0,1,0,0,0,0,0,0,6.39785E+20,5.505E+21,1.09378E+16,4.96813E+16
82492,9,1,89,133,2018,5,18,3,3,5,3,0,0,1,0,0,0,0,0,7.50727E+20,5.32521E+21,1.23634E+16,4.80309E+16
82493,9,2,62,0,2018,5,14,4,3,0,1,0,0,0,0,1,0,0,1,8.28645E+20,5.38978E+21,1.3456E+16,4.85748E+16
82494,9,4,77,128,2018,5,12,2,2,5,2,0,1,1,0,0,0,0,0,6.74221E+20,5.5531E+21,1.14364E+16,5.01046E+16
82495,9,2,77,114,2018,5,7,5,3,2,6,0,0,1,0,1,0,0,0,7.87294E+20,5.37969E+21,1.28898E+16,4.85046E+16
82496,9,1,77,117,2018,5,15,4,3,2,6,0,0,1,0,0,0,0,0,7.14268E+20,5.3503E+21,1.18876E+16,4.82697E+16
82497,9,5,62,0,2018,5,10,1,3,4,2,0,1,1,0,0,0,0,0,6.47152E+20,5.49567E+21,1.10363E+16,4.95956E+16
82498,9,1,85,158,2018,5,12,5,3,2,6,0,0,1,0,0,0,1,0,6.6739E+20,5.38051E+21,1.12685E+16,4.85553E+16
82499,9,4,62,0,2018,5,12,3,3,2,6,0,0,1,0,0,1,0,0,6.87034E+20,5.53678E+21,1.16074E+16,4.9954E+16
82500,9,5,74,161,2018,5,13,1,2,4,1,0,0,1,0,1,0,0,0,6.79584E+20,5.49485E+21,1.14843E+16,4.95795E+16
82501,9,1,72,118,2018,5,12,3,3,6,2,0,0,1,1,0,0,0,1,7.97853E+20,5.30637E+21,1.29811E+16,4.78416E+16
82502,9,5,62,0,2018,5,8,4,3,5,3,0,0,1,0,1,0,0,1,6.44274E+20,5.49484E+21,1.09962E+16,4.95889E+16
82503,9,6,75,165,2018,5,14,2,3,5,2,0,0,1,0,0,0,0,1,5.87171E+20,5.51526E+21,1.02109E+16,4.97835E+16
82504,9,5,73,126,2018,5,11,1,1,4,1,0,0,1,0,1,0,0,0,6.35876E+20,5.48399E+21,1.08763E+16,4.94933E+16
82505,9,1,63,0,2018,5,22,3,3,5,3,2,0,1,0,0,0,0,1,7.33404E+20,5.30318E+21,1.21194E+16,4.78396E+16
82506,9,2,73,137,2018,5,11,4,3,4,1,0,0,1,0,0,0,1,1,7.11156E+20,5.4235E+21,1.18829E+16,4.89283E+16
82507,9,2,77,113,2018,5,16,2,3,2,6,0,0,1,0,0,0,0,0,8.02803E+20,5.37245E+21,1.3094E+16,4.84323E+16
82508,9,5,64,0,2018,5,13,1,3,4,6,0,1,0,0,0,0,0,0,6.52398E+20,5.47113E+21,1.10994E+16,4.93738E+16
82509,9,2,73,125,2018,5,17,4,3,3,6,0,0,1,0,0,1,0,0,7.2206E+20,5.41691E+21,1.2028E+16,4.88653E+16
82510,9,3,71,135,2018,5,10,2,3,2,2,0,0,1,0,0,0,1,0,6.89322E+20,5.49845E+21,1.16206E+16,4.9609E+16
82511,9,1,62,0,2018,5,7,3,3,4,2,0,0,1,0,0,0,0,0,6.84229E+20,5.34337E+21,1.14802E+16,4.82168E+16
82512,9,5,77,158,2018,5,14,1,3,8,1,0,0,0,0,1,0,0,0,6.42147E+20,5.41934E+21,1.094E+16,4.89107E+16
82513,9,1,74,113,2018,5,16,5,3,9,1,0,0,1,0,0,0,0,1,6.76884E+20,5.3457E+21,1.13824E+16,4.82398E+16
82514,9,4,71,159,2018,5,17,3,3,5,6,0,1,0,1,0,0,0,1,6.38837E+20,5.532E+21,1.09343E+16,4.99243E+16
82515,9,5,77,172,2018,5,9,1,2,0,2,0,1,0,0,0,0,0,0,6.33377E+20,5.43575E+21,1.08258E+16,4.90601E+16
82516,9,1,82,119,2018,5,16,3,3,5,3,0,1,1,0,0,0,0,0,7.11908E+20,5.29349E+21,1.18278E+16,4.77599E+16
82517,9,5,64,0,2018,5,19,4,3,2,6,0,0,1,0,0,1,0,1,6.47773E+20,5.47772E+21,1.10382E+16,4.94342E+16
82518,9,6,71,155,2018,5,6,2,3,0,7,1,0,0,0,1,0,0,1,5.05777E+20,5.53403E+21,9.08054E+15,4.99586E+16
82519,9,4,76,178,2018,5,16,1,3,5,2,0,1,1,0,0,0,0,0,6.62514E+20,5.57569E+21,1.12825E+16,5.03109E+16
82520,9,1,80,124,2018,5,13,4,2,5,3,0,0,1,0,0,0,0,1,6.63706E+20,5.28228E+21,1.11809E+16,4.76732E+16
82521,9,3,73,167,2018,5,12,1,2,8,1,0,0,1,0,0,0,0,0,6.89582E+20,5.45976E+21,1.16057E+16,4.92612E+16
82522,9,6,63,0,2018,5,7,3,3,0,7,0,1,0,0,0,0,0,0,5.67059E+20,5.51062E+21,9.93079E+15,4.97444E+16
82523,9,3,75,183,2018,5,12,1,3,5,3,0,0,1,0,0,0,0,0,7.43433E+20,5.42921E+21,1.23263E+16,4.89678E+16
82524,9,7,75,152,2018,5,18,4,3,8,1,0,0,1,0,0,0,0,1,5.80684E+20,5.35336E+21,1.00885E+16,4.83283E+16
82525,9,3,61,0,2018,5,15,3,3,1,6,0,0,1,0,0,1,0,0,7.07294E+20,5.48063E+21,1.18597E+16,4.94429E+16
82526,9,3,75,175,2018,5,19,1,3,6,1,0,0,1,1,0,0,0,0,7.1525E+20,5.43448E+21,1.19446E+16,4.90256E+16
82527,9,7,72,111,2018,5,2,3,3,2,6,2,0,1,0,0,0,1,0,6.25576E+20,5.36424E+21,1.06972E+16,4.84188E+16
82528,9,3,75,175,2018,5,19,1,3,8,1,0,0,1,0,0,0,0,0,7.15275E+20,5.43452E+21,1.19449E+16,4.9026E+16
82529,9,1,78,120,2018,5,17,5,3,5,1,0,0,1,0,1,0,0,1,6.94704E+20,5.35276E+21,1.16254E+16,4.82981E+16
82530,9,3,62,0,2018,5,17,3,3,2,1,0,0,1,0,0,0,0,1,7.24372E+20,5.43437E+21,1.20691E+16,4.90213E+16
82531,9,3,73,167,2018,5,14,1,3,5,3,0,0,0,0,1,1,0,0,6.97393E+20,5.45542E+21,1.17108E+16,4.92197E+16
82532,9,1,61,0,2018,5,15,3,2,5,3,0,1,1,0,0,0,0,0,6.80837E+20,5.40179E+21,1.14599E+16,4.87428E+16
82533,9,5,71,227,2018,5,12,4,3,8,1,0,0,1,0,0,0,0,1,6.08779E+20,5.43635E+21,1.04893E+16,4.90704E+16
82534,9,5,74,132,2018,5,10,2,3,2,6,0,0,1,0,0,0,0,0,6.76293E+20,5.48629E+21,1.1435E+16,4.95036E+16
82535,9,3,73,112,2018,5,16,1,2,4,6,0,0,1,0,0,0,0,0,6.78172E+20,5.44351E+21,1.14419E+16,4.91186E+16
82536,9,1,89,162,2018,5,7,4,3,0,6,0,0,1,0,1,0,1,1,7.79669E+20,5.31539E+21,1.27444E+16,4.79308E+16
82537,9,3,72,137,2018,5,16,1,3,2,6,0,0,1,0,0,0,0,1,7.81281E+20,5.45367E+21,1.28593E+16,4.91713E+16
82538,9,5,74,164,2018,5,8,3,1,2,6,0,0,0,0,0,1,0,0,6.6455E+20,5.47854E+21,1.12697E+16,4.94372E+16
82539,9,2,78,141,2018,5,10,1,3,2,6,0,0,1,0,0,0,0,0,7.55375E+20,5.43033E+21,1.24899E+16,4.89731E+16
82540,9,7,62,0,2018,5,6,4,3,0,1,0,0,0,0,1,0,0,1,6.21157E+20,5.30447E+21,1.06205E+16,4.78821E+16
82541,9,2,71,138,2018,5,11,1,3,2,6,0,0,1,0,0,0,0,0,7.96725E+20,5.40997E+21,1.30388E+16,4.87719E+16
82542,9,1,85,158,2018,5,7,3,3,0,3,0,1,1,0,0,0,0,1,6.67644E+20,5.38018E+21,1.12718E+16,4.85523E+16
82543,9,3,72,153,2018,5,9,4,2,4,2,0,0,1,0,0,0,0,0,7.56912E+20,5.45413E+21,1.2526E+16,4.91861E+16
82544,9,4,75,154,2018,5,14,2,3,5,3,0,1,1,0,0,0,0,0,7.00787E+20,5.56358E+21,1.1813E+16,5.01903E+16
82545,9,3,61,0,2018,5,13,5,3,5,3,0,1,1,0,0,0,0,0,7.07536E+20,5.48078E+21,1.18631E+16,4.94442E+16
82546,9,1,86,122,2018,5,10,3,3,2,2,0,0,1,0,0,0,1,0,6.92507E+20,5.39523E+21,1.16154E+16,4.86804E+16
82547,9,3,74,129,2018,5,7,4,3,3,6,0,0,1,0,0,0,0,0,6.92064E+20,5.51925E+21,1.16688E+16,4.9795E+16
82548,9,5,64,0,2018,5,9,2,3,2,6,0,0,1,0,0,0,0,0,6.48631E+20,5.48429E+21,1.10525E+16,4.9493E+16
82549,9,2,78,146,2018,5,20,1,2,0,7,1,0,0,0,1,0,0,0,7.53713E+20,5.4116E+21,1.24556E+16,4.88056E+16
82550,9,3,75,179,2018,5,14,5,3,4,2,0,0,1,0,0,0,0,0,7.31684E+20,5.42855E+21,1.21657E+16,4.89664E+16
82551,9,1,87,132,2018,5,10,4,3,2,6,0,0,1,0,0,0,1,1,7.46293E+20,5.29965E+21,1.22894E+16,4.7803E+16
82552,9,2,76,116,2018,5,11,1,3,5,3,0,1,1,0,0,0,0,0,8.01383E+20,5.42542E+21,1.31134E+16,4.89083E+16
82553,9,1,84,132,2018,5,16,5,3,9,1,0,0,1,0,0,0,0,1,6.82346E+20,5.32428E+21,1.14467E+16,4.80457E+16
82554,9,5,64,0,2018,5,13,3,3,2,6,0,0,1,0,0,1,0,1,6.47917E+20,5.47734E+21,1.104E+16,4.94307E+16
82555,9,2,71,119,2018,5,13,1,3,5,3,0,0,1,0,1,0,0,0,7.91741E+20,5.41466E+21,1.29745E+16,4.88163E+16
82556,9,1,76,124,2018,5,6,3,3,2,6,0,0,1,0,0,0,0,0,6.71147E+20,5.41067E+21,1.13319E+16,4.88254E+16
82557,9,7,72,147,2018,5,17,4,3,2,6,0,0,1,0,0,0,0,1,6.38341E+20,5.3644E+21,1.08697E+16,4.84176E+16
82558,9,7,72,159,2018,5,16,2,3,2,6,0,0,1,0,0,0,0,0,6.2396E+20,5.36215E+21,1.06748E+16,4.84003E+16
82559,9,2,75,128,2018,5,14,1,3,3,6,0,0,1,0,0,0,0,0,8.32648E+20,5.40499E+21,1.35223E+16,4.87091E+16
82560,9,1,75,132,2018,5,19,3,3,3,1,1,0,1,0,0,0,0,1,7.09192E+20,5.33708E+21,1.18128E+16,4.81525E+16
82561,9,2,77,138,2018,5,17,4,3,2,6,0,0,1,0,0,0,0,1,7.92398E+20,5.37188E+21,1.29533E+16,4.84321E+16
82562,9,3,75,210,2018,5,2,2,3,2,6,2,0,0,0,0,1,1,0,7.46156E+20,5.43293E+21,1.23657E+16,4.90001E+16
82563,9,2,73,137,2018,5,20,3,3,0,7,0,0,0,0,1,0,0,1,7.10427E+20,5.42166E+21,1.18721E+16,4.89121E+16
82564,9,2,74,183,2018,5,14,5,2,8,1,0,0,1,0,0,0,0,0,7.44935E+20,5.36401E+21,1.23082E+16,4.83817E+16
82565,9,1,84,136,2018,5,17,3,3,5,2,0,1,1,0,0,0,0,0,6.99062E+20,5.32734E+21,1.16722E+16,4.80683E+16
82566,9,2,72,118,2018,5,3,1,3,8,1,2,0,1,0,0,0,0,0,8.31238E+20,5.41662E+21,1.35125E+16,4.88141E+16
82567,9,1,88,137,2018,5,12,5,2,4,6,0,0,1,0,0,0,0,0,6.73894E+20,5.31664E+21,1.13303E+16,4.79794E+16
82568,9,4,77,142,2018,5,7,3,3,8,1,0,0,1,0,0,0,0,0,6.75723E+20,5.54394E+21,1.14532E+16,5.00218E+16
82569,9,2,77,134,2018,5,21,1,2,6,2,2,0,0,1,1,0,0,0,7.76634E+20,5.36188E+21,1.27341E+16,4.83495E+16
82570,9,1,62,0,2018,5,16,3,3,3,6,0,0,1,0,0,0,0,1,6.92944E+20,5.33943E+21,1.15956E+16,4.81788E+16
82571,9,1,74,113,2018,5,21,4,3,8,1,2,0,1,0,0,0,0,1,6.74733E+20,5.34527E+21,1.13533E+16,4.82365E+16
82572,9,2,77,111,2018,5,9,1,2,4,6,0,0,1,0,0,0,0,0,7.85825E+20,5.38368E+21,1.28727E+16,4.85411E+16
82573,9,1,72,131,2018,5,6,5,2,8,1,0,0,1,0,0,0,0,1,7.81518E+20,5.29338E+21,1.27548E+16,4.77323E+16
82574,9,4,76,183,2018,5,17,3,3,0,7,0,1,0,0,0,0,0,1,6.71626E+20,5.57124E+21,1.14083E+16,5.02683E+16
82575,9,2,73,137,2018,5,6,1,3,9,1,1,0,1,0,0,0,0,0,7.09403E+20,5.42123E+21,1.18579E+16,4.89085E+16
82576,9,1,78,138,2018,5,15,3,3,0,1,0,0,0,0,1,0,0,1,7.09352E+20,5.3677E+21,1.18301E+16,4.84276E+16
82577,9,6,71,152,2018,5,8,4,3,5,3,0,0,1,0,0,0,0,0,5.14284E+20,5.55034E+21,9.19974E+15,5.01051E+16
82578,9,6,79,170,2018,5,18,2,3,2,6,0,0,1,0,0,0,0,0,5.75728E+20,5.50221E+21,1.00495E+16,4.96676E+16
82579,9,2,73,116,2018,5,10,1,2,8,7,0,0,0,0,1,0,0,0,7.27386E+20,5.41815E+21,1.21012E+16,4.88746E+16
82580,9,1,78,124,2018,5,15,3,3,2,6,0,0,1,0,0,0,0,0,7.02636E+20,5.36292E+21,1.17371E+16,4.83869E+16
82581,9,2,61,0,2018,5,16,4,2,6,4,0,0,1,1,0,0,0,1,7.32082E+20,5.37995E+21,1.21437E+16,4.85297E+16
82582,9,2,76,144,2018,5,11,2,3,6,4,0,0,1,1,0,0,0,0,7.82225E+20,5.44357E+21,1.28652E+16,4.90802E+16
82583,9,7,75,135,2018,5,17,3,3,5,3,0,0,1,0,0,0,0,1,5.74736E+20,5.36065E+21,1.00096E+16,4.83946E+16
82584,9,2,73,125,2018,5,17,3,3,8,1,0,0,1,0,0,0,0,1,7.17112E+20,5.41235E+21,1.19582E+16,4.88262E+16
82585,9,2,73,137,2018,5,19,1,2,5,2,0,0,1,0,1,0,0,0,7.10113E+20,5.4229E+21,1.18684E+16,4.89233E+16
82586,9,1,74,126,2018,5,8,5,3,0,7,0,0,0,1,0,0,1,0,6.83079E+20,5.34447E+21,1.14652E+16,4.8227E+16
82587,9,3,63,0,2018,5,14,3,2,0,1,0,1,0,0,0,0,0,0,7.27084E+20,5.50546E+21,1.21466E+16,4.96589E+16
82588,9,1,80,127,2018,5,7,1,3,2,1,0,0,1,0,0,0,0,0,6.67774E+20,5.28057E+21,1.12344E+16,4.76567E+16
82589,9,1,78,124,2018,5,13,3,3,0,1,0,0,0,0,1,0,0,1,7.03238E+20,5.36521E+21,1.17463E+16,4.84072E+16
82590,9,5,75,152,2018,5,8,4,3,3,6,0,0,1,0,0,1,0,1,6.17893E+20,5.47794E+21,1.06263E+16,4.94427E+16
82591,9,5,76,143,2018,5,5,2,1,8,1,0,0,1,0,0,0,0,1,6.52613E+20,5.45927E+21,1.10978E+16,4.92671E+16
82592,9,1,80,127,2018,5,7,1,3,3,6,0,0,1,0,0,0,0,0,6.67775E+20,5.28057E+21,1.12344E+16,4.76567E+16
82593,9,7,75,164,2018,5,9,2,3,5,2,0,0,1,0,0,0,0,0,5.85553E+20,5.35117E+21,1.01538E+16,4.83079E+16
82594,9,1,89,157,2018,5,21,4,2,8,1,2,0,1,0,0,0,0,1,7.67277E+20,5.32481E+21,1.25847E+16,4.80206E+16
82595,9,1,80,115,2018,5,14,1,2,6,4,0,0,1,1,0,0,0,1,6.57482E+20,5.27047E+21,1.10938E+16,4.75685E+16
82596,9,5,76,117,2018,5,7,4,3,2,6,0,0,1,0,0,0,0,1,6.50566E+20,5.45928E+21,1.10697E+16,4.92677E+16
82597,9,6,74,160,2018,5,17,2,3,8,1,0,0,0,0,1,0,0,0,6.20734E+20,5.54633E+21,1.06867E+16,5.0057E+16
82598,9,1,87,182,2018,5,16,1,3,9,1,0,0,0,0,1,0,0,0,7.39493E+20,5.32777E+21,1.22144E+16,4.80582E+16
82599,9,7,74,198,2018,5,7,2,3,5,3,0,0,0,0,0,0,1,0,6.15243E+20,5.35185E+21,1.05542E+16,4.83093E+16
82600,9,2,79,128,2018,5,19,4,2,0,3,0,1,1,0,0,0,0,0,7.5119E+20,5.39577E+21,1.24116E+16,4.86644E+16
82601,9,2,62,0,2018,5,14,2,3,3,2,0,0,1,0,0,0,0,0,8.26392E+20,5.38812E+21,1.34242E+16,4.8561E+16
82602,9,7,72,115,2018,5,13,3,3,1,6,0,0,1,0,0,0,0,0,6.17559E+20,5.36922E+21,1.05903E+16,4.84651E+16
82603,9,1,83,148,2018,5,17,1,2,0,7,0,1,0,0,0,0,0,0,7.54138E+20,5.34497E+21,1.24208E+16,4.82071E+16
82604,9,1,62,0,2018,5,20,4,3,9,1,1,0,1,0,0,0,0,1,6.83808E+20,5.33554E+21,1.14712E+16,4.81465E+16
82605,9,3,73,147,2018,5,16,3,3,3,6,0,0,1,0,0,1,0,0,6.78798E+20,5.46348E+21,1.14593E+16,4.92979E+16
82606,9,1,89,157,2018,5,9,1,2,5,3,0,0,1,0,1,0,0,0,7.66445E+20,5.32494E+21,1.25736E+16,4.80221E+16
82607,9,7,80,143,2018,5,7,2,3,2,6,0,0,1,0,0,0,0,0,5.97987E+20,5.28182E+21,1.03056E+16,4.76823E+16
82608,9,4,79,112,2018,5,13,4,3,0,3,0,0,1,0,1,0,0,1,7.28098E+20,5.54976E+21,1.21867E+16,5.00563E+16
82609,9,5,63,0,2018,5,8,2,3,5,3,0,1,1,0,0,0,0,0,6.44982E+20,5.48142E+21,1.10011E+16,4.94681E+16
82610,9,1,89,114,2018,5,15,1,2,8,1,0,0,0,0,1,0,0,0,7.62221E+20,5.31507E+21,1.25111E+16,4.79352E+16
82611,9,1,72,114,2018,5,16,4,3,5,3,0,0,1,0,0,0,0,1,7.90645E+20,5.29221E+21,1.28755E+16,4.77177E+16
82612,9,1,83,114,2018,5,4,1,2,8,1,2,0,1,0,0,0,0,0,7.45905E+20,5.35394E+21,1.23154E+16,4.82908E+16
82613,9,5,76,151,2018,5,7,3,3,2,2,0,0,1,0,0,0,0,0,6.59288E+20,5.46662E+21,1.11924E+16,4.93315E+16
82614,9,1,83,116,2018,5,17,1,2,5,3,0,0,1,0,1,0,0,0,7.65192E+20,5.3537E+21,1.25748E+16,4.82809E+16
82615,9,6,73,167,2018,5,14,3,2,9,1,0,0,1,0,0,0,0,0,5.82766E+20,5.58934E+21,1.01658E+16,5.04502E+16
82616,9,1,72,131,2018,5,9,1,3,5,3,0,0,1,0,1,0,0,0,7.85412E+20,5.28879E+21,1.28036E+16,4.76894E+16
82617,9,7,75,135,2018,5,7,4,3,5,3,0,0,1,0,0,0,0,1,5.79303E+20,5.35699E+21,1.00706E+16,4.83611E+16
82618,9,2,62,0,2018,5,16,3,3,0,2,0,0,0,0,1,0,0,1,8.28566E+20,5.39005E+21,1.34551E+16,4.85772E+16
82619,9,1,87,129,2018,5,12,1,2,1,6,0,0,1,0,0,0,0,0,7.21036E+20,5.30127E+21,1.19534E+16,4.78267E+16
82620,9,7,77,154,2018,5,16,2,3,5,3,0,0,1,0,0,0,0,0,6.06036E+20,5.30075E+21,1.04174E+16,4.78513E+16
82621,9,3,75,190,2018,5,18,4,3,2,1,0,0,1,0,0,0,0,1,7.26047E+20,5.44384E+21,1.20973E+16,4.91058E+16
82622,9,5,71,125,2018,5,14,2,3,9,1,0,0,0,0,1,0,0,0,5.92323E+20,5.46463E+21,1.02706E+16,4.93274E+16
82623,9,1,87,164,2018,5,16,1,3,0,2,0,0,1,0,1,0,0,0,7.35467E+20,5.32108E+21,1.21567E+16,4.79997E+16
82624,9,7,75,143,2018,5,19,7,3,9,1,0,0,0,0,1,0,0,0,5.82466E+20,5.35637E+21,1.01132E+16,4.83551E+16
82625,9,3,75,153,2018,5,6,5,2,5,3,0,0,1,0,0,0,0,1,7.20492E+20,5.44729E+21,1.20232E+16,4.91388E+16