OBJECTID_1,ULAND,UREGBEZ,UKREIS,UGEMEINDE,UJAHR,UMONAT,USTUNDE,UWOCHENTAG,UKATEGORIE,UART,UTYP1,ULICHTVERH,IstRad,IstPKW,IstFuss,IstKrad,IstGkfz,IstSonstig,STRZUSTAND,LINREFX,LINREFY,XGCSWGS84,YGCSWGS84
82813,9,4,74,176,2018,5,17,6,3,2,6,0,0,1,0,0,0,0,0,6.62368E+20,5.51948E+21,1.12566E+16,4.98058E+16
82814,9,5,63,0,2018,5,3,7,3,0,1,2,0,1,0,0,0,0,0,6.43583E+20,5.482E+21,1.0982E+16,4.94736E+16
82815,9,1,83,128,2018,5,22,2,2,4,6,2,0,1,0,1,0,0,0,7.62467E+20,5.34992E+21,1.25358E+16,4.82481E+16
82816,9,4,71,120,2018,5,20,6,3,9,1,1,0,1,0,0,0,0,0,6.29646E+20,5.52159E+21,1.08028E+16,4.98327E+16
82817,9,5,75,116,2018,5,12,2,2,9,1,0,0,0,0,1,0,0,0,6.13283E+20,5.51084E+21,1.05722E+16,4.97394E+16
82818,9,5,62,0,2018,5,23,7,3,9,1,2,1,0,0,0,0,0,0,6.44712E+20,5.49543E+21,1.10025E+16,4.95941E+16
82819,9,1,80,119,2018,5,15,2,3,3,1,0,0,1,0,0,0,0,1,6.69925E+20,5.28165E+21,1.12634E+16,4.76659E+16
82820,9,3,63,0,2018,5,12,6,3,2,6,0,0,1,0,0,0,0,0,7.29843E+20,5.50772E+21,1.21861E+16,4.96782E+16
82821,9,5,72,126,2018,5,12,2,2,0,1,0,0,0,0,1,0,0,1,6.3331E+20,5.50683E+21,1.08487E+16,4.96992E+16
82822,9,4,72,115,2018,5,11,1,2,8,1,0,0,0,0,1,0,0,0,6.60592E+20,5.53152E+21,1.12369E+16,4.99144E+16
82823,9,3,74,162,2018,5,14,6,3,5,3,0,1,1,0,0,0,0,0,7.41862E+20,5.50158E+21,1.23487E+16,4.96183E+16
82824,9,3,74,121,2018,5,16,6,3,1,6,0,0,1,0,0,0,0,0,7.36774E+20,5.5134E+21,1.22855E+16,4.97265E+16
82825,9,1,84,119,2018,5,15,7,2,2,6,0,1,1,0,0,0,0,0,6.98026E+20,5.34625E+21,1.16671E+16,4.82385E+16
82826,9,3,77,132,2018,5,5,6,3,7,7,1,0,1,0,0,0,0,0,7.22515E+20,5.52487E+21,1.20945E+16,4.98349E+16
82827,9,1,77,137,2018,5,13,7,3,6,1,0,0,1,1,0,0,0,0,7.34448E+20,5.34884E+21,1.21584E+16,4.82494E+16
82828,9,4,75,145,2018,5,15,2,3,2,6,0,0,1,0,0,0,0,0,6.98695E+20,5.57439E+21,1.17894E+16,5.02881E+16
82829,9,3,74,157,2018,5,13,6,3,5,3,0,0,1,0,0,0,0,0,7.06391E+20,5.51674E+21,1.18663E+16,4.97677E+16
82830,9,7,63,0,2018,5,21,2,3,6,6,2,1,0,1,0,0,0,0,5.9932E+20,5.28644E+21,1.03244E+16,4.77237E+16
82831,9,5,71,115,2018,5,10,7,2,5,3,0,1,1,0,0,0,0,0,6.13794E+20,5.44711E+21,1.0561E+16,4.91662E+16
82832,9,2,75,159,2018,5,14,7,3,8,1,0,0,1,0,0,0,0,1,8.11404E+20,5.39669E+21,1.32281E+16,4.86456E+16
82833,9,1,77,126,2018,5,0,7,3,2,7,2,0,1,0,0,0,0,0,7.18141E+20,5.36885E+21,1.19493E+16,4.8435E+16
82834,9,1,76,143,2018,5,19,2,3,2,6,0,0,1,0,0,0,0,0,6.80751E+20,5.41001E+21,1.14623E+16,4.88167E+16
82835,9,3,62,0,2018,5,5,6,3,2,1,1,0,0,0,0,1,1,0,7.28646E+20,5.43154E+21,1.21259E+16,4.89943E+16
82836,9,3,76,161,2018,5,14,6,3,4,6,0,0,1,0,0,0,0,0,7.28178E+20,5.47072E+21,1.21417E+16,4.93465E+16
82837,9,2,71,140,2018,5,20,1,3,3,6,0,0,1,0,0,0,0,0,7.84094E+20,5.41848E+21,1.28732E+16,4.88542E+16
82838,9,3,71,151,2018,5,12,6,3,1,2,0,0,1,0,0,0,1,0,6.98719E+20,5.4839E+21,1.17432E+16,4.94752E+16
82839,9,1,62,0,2018,5,18,6,3,2,5,0,0,1,0,1,0,0,0,6.96978E+20,5.32945E+21,1.16452E+16,4.80878E+16
82840,9,3,76,162,2018,5,11,6,2,3,6,0,0,1,0,0,1,0,0,7.31832E+20,5.4738E+21,1.21937E+16,4.93727E+16
82841,9,7,76,115,2018,5,17,7,3,5,3,0,0,1,0,0,0,0,0,5.59366E+20,5.27433E+21,9.79006E+15,4.76197E+16
82842,9,3,61,0,2018,5,11,6,3,5,3,0,1,0,0,0,0,0,0,7.06538E+20,5.48097E+21,1.18495E+16,4.94463E+16
82843,9,4,71,159,2018,5,1,1,3,0,1,2,1,0,0,0,0,0,0,6.43574E+20,5.53387E+21,1.10009E+16,4.99399E+16
82844,9,2,78,190,2018,5,10,6,3,0,7,0,0,1,0,0,1,0,0,7.64189E+20,5.42756E+21,1.26083E+16,4.89445E+16
82845,9,2,71,119,2018,5,20,6,3,2,6,0,0,1,0,0,0,0,0,7.91144E+20,5.41402E+21,1.29659E+16,4.88109E+16
82846,9,7,75,162,2018,5,19,7,3,3,1,0,0,1,0,0,0,0,1,5.82614E+20,5.34764E+21,1.01135E+16,4.82766E+16
82847,9,1,84,130,2018,5,17,6,3,4,6,0,0,1,0,0,0,0,0,6.99582E+20,5.34567E+21,1.16877E+16,4.82328E+16
82848,9,4,71,131,2018,5,22,2,3,0,7,2,0,1,0,0,0,1,0,6.32327E+20,5.52165E+21,1.08401E+16,4.98326E+16
82849,9,2,78,148,2018,5,12,6,3,2,2,0,0,1,0,1,0,0,0,7.39105E+20,5.41074E+21,1.22565E+16,4.88036E+16
82850,9,7,76,116,2018,5,10,2,2,0,7,0,0,0,1,0,0,1,0,5.55037E+20,5.2654E+21,9.73133E+15,4.75397E+16
82851,9,6,74,201,2018,5,11,7,3,8,1,0,0,1,0,0,0,0,0,6.23763E+20,5.53608E+21,1.07257E+16,4.99642E+16
82852,9,2,74,191,2018,5,9,7,3,3,6,0,0,1,0,0,0,1,0,7.46043E+20,5.39096E+21,1.2339E+16,4.86232E+16
82853,9,1,88,141,2018,5,16,2,3,0,1,0,0,0,0,1,0,0,0,6.69468E+20,5.307E+21,1.12672E+16,4.78939E+16
82854,9,2,63,0,2018,5,22,6,3,1,5,2,1,1,0,0,0,0,0,7.60722E+20,5.42024E+21,1.25564E+16,4.88803E+16
82855,9,2,78,140,2018,5,15,6,2,3,2,0,0,0,0,1,1,0,0,7.7495E+20,5.41436E+21,1.27461E+16,4.88213E+16
82856,9,2,71,125,2018,5,18,1,3,8,1,0,0,0,0,1,0,0,0,8.02002E+20,5.40755E+21,1.31087E+16,4.87477E+16
82857,9,2,71,143,2018,5,14,6,3,2,6,0,0,1,0,0,0,1,0,7.81369E+20,5.40837E+21,1.28292E+16,4.87646E+16
82858,9,1,62,0,2018,5,14,6,3,2,6,0,0,1,0,0,0,0,0,6.85489E+20,5.3409E+21,1.14961E+16,4.81942E+16
82859,9,2,75,127,2018,5,17,6,3,2,6,0,0,1,0,0,0,0,0,8.10491E+20,5.40073E+21,1.32187E+16,4.86823E+16
82860,9,6,75,141,2018,5,10,7,3,2,6,0,0,1,0,0,0,0,0,5.84893E+20,5.50955E+21,1.0178E+16,4.97325E+16
82861,9,1,62,0,2018,5,7,6,2,5,2,0,1,1,0,0,0,0,0,6.92035E+20,5.34131E+21,1.15843E+16,4.81959E+16
82862,9,3,72,178,2018,5,12,2,3,9,1,0,0,0,0,1,0,0,0,8.01724E+20,5.45407E+21,1.31394E+16,4.91651E+16
82863,9,2,77,154,2018,5,18,6,2,2,6,0,0,1,0,1,0,0,0,7.87478E+20,5.35418E+21,1.28748E+16,4.82755E+16
82864,9,6,72,127,2018,5,1,2,2,8,1,2,1,0,0,0,0,0,0,5.62534E+20,5.55466E+21,9.87513E+15,5.01409E+16
82865,9,1,87,169,2018,5,19,7,2,9,7,0,0,1,0,0,0,0,1,7.37792E+20,5.29922E+21,1.21758E+16,4.78024E+16
82866,9,3,74,157,2018,5,18,2,2,5,3,0,1,1,0,0,0,0,0,7.03847E+20,5.51921E+21,1.18323E+16,4.97907E+16
82867,9,2,72,141,2018,5,12,6,3,0,3,0,0,1,0,1,0,0,0,8.32443E+20,5.40749E+21,1.35215E+16,4.87316E+16
82868,9,7,61,0,2018,5,19,2,3,5,2,0,1,1,0,0,0,0,0,6.40848E+20,5.36049E+21,1.09023E+16,4.83818E+16
82869,9,1,73,123,2018,5,18,7,3,9,1,0,0,1,0,0,0,0,1,6.77905E+20,5.30215E+21,1.1378E+16,4.78481E+16
82870,9,7,78,121,2018,5,9,1,2,0,7,0,0,0,0,1,0,0,0,6.03253E+20,5.32998E+21,1.03873E+16,4.81147E+16
82871,9,2,77,131,2018,5,11,6,3,9,7,0,0,0,0,0,1,0,0,7.76439E+20,5.37907E+21,1.27427E+16,4.85038E+16
82872,9,2,77,121,2018,5,12,6,2,2,6,0,0,1,0,0,0,1,0,7.62868E+20,5.37506E+21,1.25569E+16,4.84737E+16
82873,9,2,74,111,2018,5,15,1,3,5,2,0,0,1,0,0,0,0,0,7.42891E+20,5.37955E+21,1.22896E+16,4.8522E+16
82874,9,2,77,121,2018,5,4,6,3,4,6,1,0,1,0,0,0,0,0,7.61344E+20,5.37218E+21,1.25345E+16,4.84485E+16
82875,9,1,84,134,2018,5,19,6,3,5,3,0,0,1,0,0,0,1,0,6.94271E+20,5.32334E+21,1.16061E+16,4.80338E+16
82876,9,3,75,180,2018,5,15,6,3,2,6,0,0,1,0,0,0,0,0,7.26245E+20,5.42446E+21,1.20892E+16,4.89317E+16
82877,9,6,72,114,2018,5,17,7,2,2,2,0,0,1,0,1,0,0,0,5.7576E+20,5.56069E+21,1.00614E+16,5.01936E+16
82878,9,2,75,143,2018,5,13,2,2,8,1,0,0,1,0,0,0,0,0,8.09004E+20,5.36597E+21,1.31728E+16,4.83711E+16
82879,9,2,74,126,2018,5,6,6,3,0,6,0,0,1,0,0,0,0,0,7.30245E+20,5.38871E+21,1.21237E+16,4.86091E+16
82880,9,6,71,156,2018,5,13,2,3,1,1,0,1,1,0,0,0,0,0,5.22286E+20,5.53584E+21,9.31081E+15,4.99745E+16
82881,9,4,75,161,2018,5,0,1,3,8,7,2,1,0,0,0,0,0,0,7.16985E+20,5.57655E+21,1.2047E+16,5.03011E+16
82882,9,2,74,121,2018,5,5,6,3,2,6,0,0,1,0,0,1,0,0,7.2222E+20,5.372E+21,1.20061E+16,4.84619E+16
82883,9,1,73,123,2018,5,15,6,3,4,6,0,0,1,0,0,0,0,0,6.81065E+20,5.30245E+21,1.14203E+16,4.78498E+16
82884,9,1,81,144,2018,5,15,1,2,4,6,0,0,1,0,0,0,0,0,6.55101E+20,5.3185E+21,1.10793E+16,4.8001E+16
82885,9,1,90,138,2018,5,9,6,2,5,2,0,1,1,0,0,0,0,0,6.6206E+20,5.30611E+21,1.11679E+16,4.78879E+16
82886,9,5,72,137,2018,5,16,1,3,0,1,0,0,0,0,1,0,0,0,6.54221E+20,5.49157E+21,1.11325E+16,4.95571E+16
82887,9,1,90,140,2018,5,12,6,2,9,1,0,0,0,0,1,0,0,0,6.47554E+20,5.30181E+21,1.09725E+16,4.78527E+16
82888,9,1,90,145,2018,5,14,6,3,2,6,0,0,1,0,0,0,0,0,6.48071E+20,5.28605E+21,1.0974E+16,4.77108E+16
82889,9,1,61,0,2018,5,20,1,3,2,6,0,0,1,0,1,0,0,0,6.77261E+20,5.40399E+21,1.14122E+16,4.87637E+16
82890,9,1,80,124,2018,5,16,6,2,0,1,0,1,0,0,0,0,0,0,6.62553E+20,5.28209E+21,1.11655E+16,4.76718E+16
82891,9,1,84,142,2018,5,14,6,2,4,1,0,0,1,0,1,0,0,0,6.83813E+20,5.31741E+21,1.14634E+16,4.79836E+16
82892,9,1,80,124,2018,5,17,6,3,2,6,0,0,1,0,1,0,0,0,6.65358E+20,5.28461E+21,1.12038E+16,4.76937E+16
82893,9,5,72,133,2018,5,23,7,2,2,6,2,0,1,0,0,0,0,0,6.38563E+20,5.499E+21,1.09187E+16,4.96276E+16
82894,9,1,80,116,2018,5,16,2,3,2,6,2,0,1,0,0,0,0,0,6.59608E+20,5.26515E+21,1.11201E+16,4.75201E+16
82895,9,1,80,123,2018,5,9,6,2,0,1,0,0,0,0,1,0,0,1,6.70416E+20,5.25477E+21,1.12595E+16,4.74241E+16
82896,9,5,74,156,2018,5,13,2,3,0,3,0,1,1,0,0,0,0,0,6.59523E+20,5.48334E+21,1.12024E+16,4.94817E+16
82897,9,4,74,147,2018,5,17,1,2,0,1,0,0,0,0,1,0,0,1,6.56255E+20,5.50673E+21,1.11666E+16,4.96928E+16
82898,9,1,73,133,2018,5,14,6,2,8,1,0,0,0,0,1,0,0,0,6.76784E+20,5.27832E+21,1.13534E+16,4.76341E+16
82899,9,1,71,125,2018,5,17,6,3,8,6,0,0,1,0,0,0,0,0,7.78943E+20,5.3508E+21,1.27578E+16,4.82489E+16
82900,9,1,84,142,2018,5,9,7,3,5,3,0,1,1,0,0,0,0,0,6.81315E+20,5.31857E+21,1.14305E+16,4.79947E+16
82901,9,1,84,135,2018,5,11,6,3,2,6,0,0,1,0,0,0,0,0,6.87272E+20,5.34747E+21,1.15229E+16,4.82528E+16
82902,9,4,77,138,2018,5,17,2,2,8,7,0,1,0,0,0,0,0,0,6.87953E+20,5.56319E+21,1.16332E+16,5.01911E+16
82903,9,1,89,143,2018,5,14,6,3,0,7,0,0,0,0,1,0,0,0,7.59412E+20,5.31506E+21,1.24735E+16,4.79363E+16
82904,9,7,76,126,2018,5,2,2,3,8,1,2,0,0,0,1,0,0,0,5.61284E+20,5.27159E+21,9.81519E+15,4.75949E+16
82905,9,4,75,175,2018,5,14,7,3,2,6,0,0,1,0,0,0,1,0,6.96185E+20,5.55863E+21,1.1746E+16,5.01474E+16
82906,9,2,72,120,2018,5,18,7,2,4,1,0,0,1,0,0,0,0,1,8.20985E+20,5.41977E+21,1.33757E+16,4.88478E+16
82907,9,1,76,123,2018,5,17,2,2,8,1,0,0,0,0,1,0,0,0,6.57929E+20,5.41908E+21,1.11551E+16,4.89045E+16
82908,9,1,84,145,2018,5,20,6,3,4,2,0,0,1,0,0,0,0,0,6.9433E+20,5.32323E+21,1.16069E+16,4.80328E+16
82909,9,1,83,128,2018,5,9,6,3,5,3,0,0,1,0,1,0,0,0,7.60147E+20,5.35018E+21,1.25047E+16,4.82514E+16
82910,9,5,64,0,2018,5,12,7,3,5,3,0,0,1,0,0,0,0,0,6.52087E+20,5.48162E+21,1.10991E+16,4.94681E+16
82911,9,3,72,137,2018,5,9,7,2,3,1,0,0,0,0,1,0,1,0,7.82855E+20,5.45557E+21,1.28822E+16,4.91876E+16
82912,9,1,71,137,2018,5,18,2,3,0,1,0,1,0,0,0,0,0,0,7.73373E+20,5.35075E+21,1.26829E+16,4.82509E+16
82913,9,1,72,118,2018,5,4,6,3,7,7,2,0,1,0,0,0,1,0,7.95495E+20,5.30653E+21,1.29497E+16,4.78441E+16
82914,9,1,71,113,2018,5,18,6,3,2,6,0,0,1,0,1,0,0,0,7.777E+20,5.34146E+21,1.2735E+16,4.81657E+16
82915,9,3,72,164,2018,5,22,1,2,4,1,2,0,1,0,0,0,0,0,7.66033E+20,5.45001E+21,1.26482E+16,4.91452E+16
82916,9,1,71,133,2018,5,7,6,3,2,6,0,0,1,0,0,0,0,0,7.70079E+20,5.3473E+21,1.26364E+16,4.82214E+16
82917,9,7,78,214,2018,5,14,6,3,2,6,0,0,1,0,0,0,0,0,5.94829E+20,5.3193E+21,1.02717E+16,4.802E+16
82918,9,1,87,116,2018,5,7,6,3,5,3,0,0,1,0,0,1,0,0,7.47341E+20,5.32969E+21,1.23206E+16,4.80725E+16
82919,9,7,80,147,2018,5,13,7,3,0,7,0,1,0,0,0,0,0,1,6.05352E+20,5.29169E+21,1.04061E+16,4.777E+16
82920,9,7,78,144,2018,5,7,6,3,3,6,0,0,1,0,0,1,0,0,5.94409E+20,5.30241E+21,1.02624E+16,4.78681E+16
82921,9,4,71,142,2018,5,11,2,3,8,1,0,0,0,0,1,0,0,0,6.54325E+20,5.52998E+21,1.11491E+16,4.99023E+16
82922,9,1,87,170,2018,5,8,6,3,5,3,0,0,1,0,0,1,0,0,7.33367E+20,5.31972E+21,1.21279E+16,4.79882E+16
82923,9,1,88,139,2018,5,14,7,3,0,1,0,1,0,0,0,0,0,0,6.701E+20,5.31992E+21,1.12808E+16,4.80099E+16
82924,9,7,79,201,2018,5,4,2,1,8,1,1,0,1,0,0,0,0,0,6.44028E+20,5.39169E+21,1.0956E+16,4.86617E+16
82925,9,4,74,129,2018,5,13,7,3,5,3,0,0,1,0,1,0,0,0,6.68689E+20,5.5146E+21,1.13423E+16,4.97602E+16
82926,9,2,73,152,2018,5,2,7,3,8,1,2,0,1,0,0,0,0,0,7.05303E+20,5.41006E+21,1.17964E+16,4.88096E+16
82927,9,1,78,124,2018,5,16,2,3,8,6,0,0,1,0,1,0,0,0,7.02464E+20,5.35985E+21,1.17333E+16,4.83593E+16
82928,9,1,87,179,2018,5,19,6,3,5,3,0,0,1,0,1,0,0,0,7.24909E+20,5.31321E+21,1.20113E+16,4.79327E+16
82929,9,1,61,0,2018,5,13,6,2,0,7,0,0,0,0,0,0,1,0,6.7801E+20,5.40333E+21,1.14221E+16,4.87575E+16
82930,9,2,62,0,2018,5,14,1,3,3,6,0,0,1,0,0,0,0,0,8.25253E+20,5.38578E+21,1.3407E+16,4.85407E+16
82931,9,1,85,113,2018,5,17,6,3,9,1,0,0,0,0,1,0,0,0,6.6949E+20,5.3751E+21,1.12947E+16,4.85061E+16
82932,9,7,78,123,2018,5,8,6,3,3,6,0,0,1,0,0,1,0,0,5.85116E+20,5.31607E+21,1.01409E+16,4.79923E+16
82933,9,1,86,143,2018,5,14,6,3,0,7,0,1,0,0,0,0,0,0,6.85465E+20,5.37794E+21,1.15121E+16,4.85272E+16
82934,9,1,85,157,2018,5,14,6,3,5,7,0,1,1,0,0,0,0,0,6.58617E+20,5.39493E+21,1.11552E+16,4.86872E+16
82935,9,2,63,0,2018,5,17,1,2,2,2,0,0,1,0,1,0,0,0,7.59254E+20,5.42216E+21,1.25376E+16,4.88981E+16
82936,9,1,86,162,2018,5,15,6,2,9,1,0,0,1,0,0,0,0,0,6.91139E+20,5.39038E+21,1.15946E+16,4.86373E+16
82937,9,7,74,118,2018,5,17,6,2,2,6,0,0,1,0,0,0,0,0,5.93201E+20,5.36483E+21,1.02599E+16,4.84297E+16
82938,9,1,62,0,2018,5,13,6,3,2,6,0,0,1,0,0,0,1,0,6.8378E+20,5.34257E+21,1.14738E+16,4.82097E+16
82939,9,7,77,170,2018,5,4,7,3,8,1,2,0,1,0,0,0,0,0,6.20569E+20,5.27908E+21,1.06056E+16,4.76539E+16
82940,9,7,74,171,2018,5,17,6,2,4,2,0,0,1,0,1,0,0,0,6.02506E+20,5.3707E+21,1.03871E+16,4.8481E+16
82941,9,3,72,112,2018,5,15,2,2,0,6,0,0,0,0,1,0,1,0,7.78098E+20,5.46686E+21,1.28249E+16,4.92912E+16
82942,9,1,74,113,2018,5,16,6,3,3,7,0,0,1,0,1,0,0,0,6.74301E+20,5.34475E+21,1.13472E+16,4.8232E+16
82943,9,6,79,154,2018,5,10,2,3,8,6,0,0,1,0,0,0,0,0,5.55417E+20,5.51328E+21,9.76958E+15,4.97694E+16
82944,9,1,90,141,2018,5,10,7,3,5,3,0,1,1,0,0,0,0,0,6.78471E+20,5.292E+21,1.13814E+16,4.77566E+16
82945,9,7,76,130,2018,5,11,1,2,1,5,0,1,1,0,0,0,0,0,5.54745E+20,5.27084E+21,9.72812E+15,4.75887E+16
82946,9,1,79,142,2018,5,16,6,3,5,3,0,1,1,0,0,0,0,0,6.73171E+20,5.33931E+21,1.13298E+16,4.81834E+16
82947,9,1,87,165,2018,5,17,7,2,8,1,0,0,0,0,1,0,0,0,7.32289E+20,5.29572E+21,1.21006E+16,4.7773E+16
82948,9,1,79,142,2018,5,17,6,2,3,6,0,0,1,0,1,0,0,0,6.70854E+20,5.34117E+21,1.12994E+16,4.82007E+16
82949,9,1,80,123,2018,5,14,1,3,4,6,0,0,1,0,0,0,0,0,6.7084E+20,5.2523E+21,1.12642E+16,4.74017E+16
82950,9,1,79,142,2018,5,11,6,3,0,6,0,0,1,0,0,0,0,0,6.7264E+20,5.34352E+21,1.13244E+16,4.82214E+16
82951,9,7,63,0,2018,5,17,6,3,4,2,0,0,1,0,1,0,0,0,6.0008E+20,5.29118E+21,1.03356E+16,4.77662E+16
82952,9,1,81,128,2018,5,12,6,3,2,6,0,0,1,0,0,0,0,0,6.38577E+20,5.32695E+21,1.08607E+16,4.80808E+16
82953,9,6,71,155,2018,5,11,7,3,0,7,0,1,1,0,0,0,0,0,5.04677E+20,5.53618E+21,9.06523E+15,4.99779E+16
82954,9,7,77,112,2018,5,21,6,3,9,1,2,0,1,0,0,0,0,0,6.22278E+20,5.2957E+21,1.0633E+16,4.7803E+16
82955,9,2,74,120,2018,5,12,2,3,5,2,0,0,1,0,0,0,0,0,7.53551E+20,5.37142E+21,1.24288E+16,4.84448E+16
82956,9,1,81,137,2018,5,20,6,2,4,1,0,0,1,0,0,0,0,0,6.46639E+20,5.3065E+21,1.09619E+16,4.78951E+16
82957,9,5,76,143,2018,5,19,2,2,8,7,0,0,1,0,1,0,0,0,6.52161E+20,5.45993E+21,1.10919E+16,4.92732E+16
82958,9,1,81,111,2018,5,17,6,3,4,1,0,0,1,0,1,0,0,0,6.45458E+20,5.30434E+21,1.09453E+16,4.78759E+16
82959,9,6,74,219,2018,5,19,7,3,5,6,0,1,1,0,0,0,0,0,6.04272E+20,5.5391E+21,1.04548E+16,4.99951E+16
82960,9,7,77,144,2018,5,9,6,3,5,6,0,0,1,0,0,0,1,0,6.09197E+20,5.29416E+21,1.0458E+16,4.77915E+16
82961,9,3,71,131,2018,5,15,2,3,8,1,0,0,0,0,1,0,0,0,6.95578E+20,5.48238E+21,1.16992E+16,4.94626E+16
82962,9,1,79,121,2018,5,14,6,3,2,6,0,0,1,0,0,0,0,0,6.68365E+20,5.33811E+21,1.12647E+16,4.81739E+16
82963,9,6,76,112,2018,5,16,2,2,0,1,0,0,0,0,1,0,0,0,5.14475E+20,5.4997E+21,9.20052E+15,4.96496E+16
82964,9,5,73,134,2018,5,11,1,2,1,6,0,0,1,0,0,0,0,0,6.43157E+20,5.47901E+21,1.0975E+16,4.94469E+16
82965,9,1,79,125,2018,5,13,6,3,4,6,0,0,1,0,0,0,0,0,6.61127E+20,5.33248E+21,1.11653E+16,4.81251E+16
82966,9,1,74,115,2018,5,17,6,3,4,6,0,1,0,0,0,0,0,0,6.83265E+20,5.34845E+21,1.14694E+16,4.82627E+16
82967,9,1,88,113,2018,5,22,1,3,0,1,2,1,0,0,0,0,0,0,6.76176E+20,5.31767E+21,1.13613E+16,4.7988E+16
82968,9,1,74,122,2018,5,15,6,3,3,6,0,1,1,0,0,0,0,0,6.86046E+20,5.35438E+21,1.15095E+16,4.83152E+16
82969,9,7,77,170,2018,5,17,6,3,5,3,0,0,1,0,0,0,0,1,6.18704E+20,5.27893E+21,1.05807E+16,4.76529E+16
82970,9,1,78,130,2018,5,11,6,3,2,1,0,0,1,0,1,0,0,0,7.03759E+20,5.35585E+21,1.17488E+16,4.8323E+16
82971,9,5,74,138,2018,5,9,7,3,2,6,0,0,1,0,0,0,0,0,6.64647E+20,5.48589E+21,1.12741E+16,4.95033E+16
82972,9,1,89,143,2018,5,11,2,2,0,7,0,1,0,0,0,0,0,0,7.60023E+20,5.31901E+21,1.24841E+16,4.79715E+16
82973,9,1,78,130,2018,5,12,6,3,2,1,0,0,1,0,0,0,0,0,7.01657E+20,5.35414E+21,1.17197E+16,4.83083E+16
82974,9,5,75,145,2018,5,18,2,3,0,2,0,1,1,0,0,0,0,0,6.19989E+20,5.48364E+21,1.0657E+16,4.94936E+16
82975,9,4,71,195,2018,5,15,1,3,4,6,0,0,1,0,0,0,0,0,6.40573E+20,5.52444E+21,1.09557E+16,4.98558E+16
82976,9,1,84,123,2018,5,16,5,3,5,3,0,1,1,0,0,0,0,1,7.02676E+20,5.33197E+21,1.17228E+16,4.81087E+16
82977,9,4,64,0,2018,5,12,1,3,3,1,0,0,1,0,0,0,0,0,7.06693E+20,5.57807E+21,1.19035E+16,5.03185E+16
82978,9,1,84,138,2018,5,18,5,3,0,1,0,0,0,0,1,0,0,1,6.80423E+20,5.33093E+21,1.14237E+16,4.81061E+16
82979,9,1,84,147,2018,5,12,5,3,2,6,0,0,1,0,0,0,0,0,6.95545E+20,5.33991E+21,1.16308E+16,4.81823E+16
82980,9,1,78,124,2018,5,3,1,3,9,1,2,0,1,0,0,0,0,1,7.00956E+20,5.36457E+21,1.17152E+16,4.84022E+16
82981,9,1,62,0,2018,5,16,5,3,5,7,0,0,1,0,0,0,0,1,6.86255E+20,5.33179E+21,1.15024E+16,4.81122E+16
82982,9,7,61,0,2018,5,14,6,3,2,6,0,0,1,0,0,0,1,0,6.39644E+20,5.35231E+21,1.08833E+16,4.83086E+16
82983,9,1,62,0,2018,5,18,5,3,1,6,0,0,1,0,0,0,0,0,6.88868E+20,5.34011E+21,1.15411E+16,4.81862E+16
82984,9,7,78,203,2018,5,18,2,3,2,6,0,0,1,0,1,0,0,0,6.20868E+20,5.32244E+21,1.06217E+16,4.80438E+16
82985,9,5,71,145,2018,5,13,7,2,2,6,0,0,1,0,1,0,0,0,5.94682E+20,5.45376E+21,1.03005E+16,4.92293E+16
82986,9,2,75,153,2018,5,21,7,2,4,1,2,0,1,0,1,0,0,0,8.47143E+20,5.38829E+21,1.37047E+16,4.85515E+16
82987,9,1,78,157,2018,5,15,7,3,2,6,0,0,1,0,0,0,0,1,7.04471E+20,5.36994E+21,1.17653E+16,4.84493E+16
82988,9,1,82,123,2018,5,13,2,2,0,1,0,0,0,0,1,0,0,0,7.18459E+20,5.30219E+21,1.19195E+16,4.7836E+16
82989,9,1,84,146,2018,5,5,5,3,0,1,1,0,1,0,0,0,0,1,6.94836E+20,5.32942E+21,1.16165E+16,4.80883E+16
82990,9,1,84,148,2018,5,13,5,3,1,7,0,1,1,0,0,0,0,1,6.95355E+20,5.32631E+21,1.1622E+16,4.80602E+16
82991,9,3,71,136,2018,5,16,1,2,2,6,0,0,1,0,0,0,1,0,7.11509E+20,5.47867E+21,1.19168E+16,4.94239E+16
82992,9,1,62,0,2018,5,9,5,3,2,6,0,0,1,0,0,0,0,0,6.93236E+20,5.33843E+21,1.15991E+16,4.81697E+16
82993,9,7,71,122,2018,5,18,6,3,2,6,0,0,1,0,0,0,0,0,6.52968E+20,5.3621E+21,1.10664E+16,4.83935E+16
82994,9,7,75,135,2018,5,6,5,3,5,7,1,0,1,0,0,0,0,0,5.75161E+20,5.36001E+21,1.00152E+16,4.83888E+16
82995,9,7,77,151,2018,5,10,7,3,0,1,0,1,0,0,0,0,0,0,6.19792E+20,5.29224E+21,1.05989E+16,4.77724E+16
82996,9,7,61,0,2018,5,16,6,3,2,6,0,0,1,0,0,0,0,0,6.39889E+20,5.36405E+21,1.08905E+16,4.8414E+16
82997,9,3,74,128,2018,5,12,2,2,9,1,0,0,0,0,1,0,0,0,7.23613E+20,5.51584E+21,1.21046E+16,4.97534E+16
82998,9,7,78,173,2018,5,12,5,3,5,3,0,0,1,0,0,0,0,0,6.10475E+20,5.32239E+21,1.04823E+16,4.80452E+16