OBJECTID_1,ULAND,UREGBEZ,UKREIS,UGEMEINDE,UJAHR,UMONAT,USTUNDE,UWOCHENTAG,UKATEGORIE,UART,UTYP1,ULICHTVERH,IstRad,IstPKW,IstFuss,IstKrad,IstGkfz,IstSonstig,STRZUSTAND,LINREFX,LINREFY,XGCSWGS84,YGCSWGS84
83186,9,3,74,129,2018,5,22,6,3,9,1,2,0,1,0,0,0,0,0,6.96252E+20,5.51411E+21,1.17243E+16,4.97474E+16
83187,9,1,89,154,2018,5,16,4,2,0,1,0,1,0,0,0,0,0,0,7.64623E+20,5.32083E+21,1.25467E+16,4.7986E+16
83188,9,1,87,157,2018,5,17,7,2,8,1,0,0,0,0,1,0,0,0,7.30751E+20,5.28421E+21,1.2074E+16,4.76701E+16
83189,9,1,87,169,2018,5,11,6,3,2,6,0,0,1,0,0,0,0,0,7.36185E+20,5.29943E+21,1.21545E+16,4.78048E+16
83190,9,1,89,152,2018,5,11,4,3,2,6,0,0,1,0,0,0,1,0,7.78675E+20,5.32979E+21,1.27405E+16,4.80605E+16
83191,9,1,62,0,2018,5,15,4,2,4,1,0,0,1,0,1,0,0,0,6.79161E+20,5.34109E+21,1.14111E+16,4.81977E+16
83192,9,1,63,0,2018,5,15,5,3,1,6,0,0,1,0,0,0,0,0,7.33288E+20,5.30317E+21,1.21179E+16,4.78395E+16
83193,9,7,63,0,2018,5,12,5,3,9,1,0,0,1,0,0,0,0,1,6.01992E+20,5.28621E+21,1.036E+16,4.77212E+16
83194,9,1,72,134,2018,5,10,4,3,5,3,0,0,1,0,0,0,0,0,7.85066E+20,5.30645E+21,1.28106E+16,4.78481E+16
83195,9,5,72,131,2018,5,22,6,3,5,3,2,0,1,0,0,1,0,0,6.54376E+20,5.48528E+21,1.11321E+16,4.95005E+16
83196,9,1,71,112,2018,5,22,4,3,0,1,2,1,0,0,0,0,0,0,7.84818E+20,5.34221E+21,1.2831E+16,4.81692E+16
83197,9,3,71,131,2018,5,15,5,3,8,1,0,0,1,0,0,0,0,1,6.98247E+20,5.47735E+21,1.17334E+16,4.94165E+16
83198,9,3,77,117,2018,5,10,7,3,3,6,0,1,1,0,0,0,0,0,7.28068E+20,5.52763E+21,1.21732E+16,4.98576E+16
83199,9,2,76,138,2018,5,23,6,3,5,3,2,0,1,0,0,0,0,0,8.02737E+20,5.43191E+21,1.31367E+16,4.89658E+16
83200,9,1,71,113,2018,5,18,4,2,5,3,0,0,1,0,1,0,0,0,7.78296E+20,5.34073E+21,1.27425E+16,4.81588E+16
83201,9,6,73,171,2018,5,14,6,3,9,7,0,0,1,0,0,0,0,0,5.90997E+20,5.57285E+21,1.02777E+16,5.03007E+16
83202,9,1,72,114,2018,5,16,4,3,2,6,0,0,1,0,0,0,0,1,7.91363E+20,5.29462E+21,1.28866E+16,4.77391E+16
83203,9,4,72,131,2018,5,10,5,3,2,6,0,0,1,0,0,0,1,1,6.81139E+20,5.53302E+21,1.15236E+16,4.99221E+16
83204,9,4,74,145,2018,5,12,7,3,5,3,0,0,1,0,0,0,0,0,6.56859E+20,5.50391E+21,1.11738E+16,4.96673E+16
83205,9,3,75,190,2018,5,23,6,3,3,6,2,0,1,0,0,0,0,0,7.2665E+20,5.44933E+21,1.21086E+16,4.91549E+16
83206,9,1,71,133,2018,5,17,4,2,4,6,0,0,1,0,0,0,0,0,7.68418E+20,5.34478E+21,1.26125E+16,4.81994E+16
83207,9,1,81,141,2018,5,13,7,2,4,2,0,1,0,0,0,0,1,0,6.42018E+20,5.31816E+21,1.09039E+16,4.80009E+16
83208,9,1,82,134,2018,5,13,6,3,2,6,0,0,1,0,0,0,1,0,7.0387E+20,5.2965E+21,1.17221E+16,4.77896E+16
83209,9,1,82,137,2018,5,19,4,3,0,1,0,0,0,0,1,0,0,1,7.11551E+20,5.30513E+21,1.18287E+16,4.78646E+16
83210,9,1,84,114,2018,5,11,4,3,2,6,0,0,1,0,0,0,0,0,7.00942E+20,5.32289E+21,1.16953E+16,4.80277E+16
83211,9,1,87,128,2018,5,12,4,3,1,6,0,0,1,0,1,0,0,0,7.46537E+20,5.3113E+21,1.22993E+16,4.79076E+16
83212,9,6,75,113,2018,5,7,5,2,2,6,0,0,0,0,0,1,0,0,5.77003E+20,5.51355E+21,1.00694E+16,4.97695E+16
83213,9,1,87,117,2018,5,12,4,3,4,2,0,0,1,0,1,0,0,0,7.25377E+20,5.30608E+21,1.20138E+16,4.78685E+16
83214,9,6,74,130,2018,5,14,7,2,8,1,0,0,0,0,1,0,0,0,6.28607E+20,5.5509E+21,1.07982E+16,5.00965E+16
83215,9,5,76,113,2018,5,9,6,3,0,7,0,0,0,0,1,0,0,0,6.61035E+20,5.45735E+21,1.12127E+16,4.92477E+16
83216,9,1,61,0,2018,5,15,4,3,0,6,0,1,0,0,0,0,0,0,6.78713E+20,5.40291E+21,1.14315E+16,4.87536E+16
83217,9,1,75,139,2018,5,16,5,3,2,2,0,0,1,0,0,0,0,0,7.09339E+20,5.32908E+21,1.18108E+16,4.80806E+16
83218,9,1,85,168,2018,5,18,4,3,0,1,0,1,0,0,0,0,0,0,6.70667E+20,5.39771E+21,1.13199E+16,4.87091E+16
83219,9,2,78,149,2018,5,19,5,3,8,7,0,0,1,0,0,0,0,0,7.81262E+20,5.41633E+21,1.28332E+16,4.88362E+16
83220,9,3,76,161,2018,5,11,7,3,6,4,0,0,1,1,0,0,0,0,7.25713E+20,5.46889E+21,1.21068E+16,4.93309E+16
83221,9,2,72,128,2018,5,8,6,2,9,1,0,0,0,0,0,0,1,0,8.14025E+20,5.41627E+21,1.32785E+16,4.882E+16
83222,9,1,76,121,2018,5,15,4,3,4,6,0,0,1,0,0,1,0,0,6.50122E+20,5.41669E+21,1.10478E+16,4.8885E+16
83223,9,7,75,135,2018,5,19,6,3,9,7,0,0,1,0,0,0,0,0,5.74396E+20,5.35704E+21,1.00044E+16,4.83621E+16
83224,9,1,62,0,2018,5,8,4,2,2,6,0,0,1,0,0,0,0,0,6.8497E+20,5.33198E+21,1.14852E+16,4.81142E+16
83225,9,1,74,111,2018,5,15,6,2,8,1,0,0,0,0,1,0,0,0,6.63706E+20,5.36195E+21,1.12113E+16,4.83894E+16
83226,9,1,88,139,2018,5,12,4,2,4,6,0,0,1,0,0,0,0,0,6.74026E+20,5.32014E+21,1.13335E+16,4.80108E+16
83227,9,1,79,142,2018,5,13,4,3,2,6,0,0,1,0,0,0,0,0,6.70961E+20,5.34113E+21,1.13008E+16,4.82004E+16
83228,9,1,62,0,2018,5,9,6,3,2,6,0,0,1,0,0,0,0,0,6.87379E+20,5.33164E+21,1.15174E+16,4.81104E+16
83229,9,1,74,146,2018,5,13,6,3,2,6,0,0,1,0,0,0,0,0,6.68411E+20,5.35E+21,1.12701E+16,4.82808E+16
83230,9,1,88,132,2018,5,20,4,3,7,7,1,0,1,0,0,0,0,1,6.68133E+20,5.32285E+21,1.12556E+16,4.80368E+16
83231,9,1,84,123,2018,5,10,4,3,4,6,0,0,0,0,0,1,1,0,7.03906E+20,5.33207E+21,1.17394E+16,4.81092E+16
83232,9,1,79,121,2018,5,11,4,3,5,3,0,1,1,0,0,0,0,0,6.67366E+20,5.33923E+21,1.12517E+16,4.81842E+16
83233,9,6,78,193,2018,5,16,5,3,8,1,0,0,1,0,0,0,0,0,5.81454E+20,5.54059E+21,1.01369E+16,5.0012E+16
83234,9,1,79,138,2018,5,17,4,3,8,1,0,0,0,0,1,0,0,0,6.53182E+20,5.33416E+21,1.10592E+16,4.81423E+16
83235,9,6,76,139,2018,5,17,7,3,0,1,0,0,0,0,1,0,0,0,5.18015E+20,5.50529E+21,9.24982E+15,4.96998E+16
83236,9,5,71,136,2018,5,12,6,3,5,3,0,0,1,0,0,0,0,0,5.95437E+20,5.4331E+21,1.0306E+16,4.90434E+16
83237,9,1,74,126,2018,5,8,4,3,5,3,0,0,1,0,0,0,0,0,6.82899E+20,5.34461E+21,1.14629E+16,4.82283E+16
83238,9,1,78,122,2018,5,5,4,2,4,2,0,0,0,0,1,0,1,0,7.02639E+20,5.38441E+21,1.17476E+16,4.858E+16
83239,9,2,74,141,2018,5,6,5,2,4,6,0,0,1,0,0,0,0,0,7.22899E+20,5.39491E+21,1.20275E+16,4.86675E+16
83240,9,2,78,129,2018,5,14,7,2,4,6,0,0,1,0,1,0,0,0,7.72053E+20,5.43819E+21,1.27226E+16,4.90365E+16
83241,9,1,90,136,2018,5,22,6,1,8,1,2,0,1,0,0,0,0,0,6.67451E+20,5.2891E+21,1.12334E+16,4.77336E+16
83242,9,1,75,123,2018,5,7,4,3,4,6,0,1,0,0,0,0,0,0,7.20589E+20,5.33797E+21,1.19663E+16,4.81567E+16
83243,9,7,77,167,2018,5,15,6,3,2,6,0,1,0,0,0,0,1,0,6.19121E+20,5.29765E+21,1.05914E+16,4.78211E+16
83244,9,7,74,155,2018,5,2,4,2,2,6,2,0,1,0,0,1,0,0,5.88921E+20,5.36712E+21,1.02026E+16,4.8451E+16
83245,9,1,84,140,2018,5,11,5,3,2,6,0,0,1,0,0,0,0,1,7.01184E+20,5.32872E+21,1.17013E+16,4.808E+16
83246,9,1,77,124,2018,5,14,4,3,8,1,0,0,0,0,0,1,0,0,7.25888E+20,5.36694E+21,1.20529E+16,4.84151E+16
83247,9,7,62,0,2018,5,23,6,3,4,2,2,0,1,0,0,0,0,0,6.23018E+20,5.30625E+21,1.06459E+16,4.78978E+16
83248,9,7,75,135,2018,5,16,4,2,2,6,0,0,1,0,0,0,0,0,5.75147E+20,5.36003E+21,1.00151E+16,4.8389E+16
83249,9,1,84,147,2018,5,6,3,3,5,3,0,0,1,0,0,0,1,0,6.95685E+20,5.33996E+21,1.16327E+16,4.81828E+16
83250,9,5,63,0,2018,5,17,5,2,6,3,0,0,1,1,0,0,0,0,6.43865E+20,5.48178E+21,1.09858E+16,4.94716E+16
83251,9,5,77,159,2018,5,16,7,2,1,5,0,1,1,0,0,0,0,0,6.35068E+20,5.4433E+21,1.08514E+16,4.91277E+16
83252,9,4,61,0,2018,5,7,6,3,3,6,0,0,1,0,0,1,0,0,6.38537E+20,5.53154E+21,1.09299E+16,4.99202E+16
83253,9,1,62,0,2018,5,9,3,3,8,1,0,0,1,0,0,0,0,0,6.82675E+20,5.33759E+21,1.14568E+16,4.81653E+16
83254,9,1,62,0,2018,5,15,3,3,4,2,0,0,1,0,1,0,0,0,6.97599E+20,5.33017E+21,1.16539E+16,4.80941E+16
83255,9,5,74,123,2018,5,10,5,2,2,6,0,0,0,0,0,1,0,0,6.59431E+20,5.47372E+21,1.11973E+16,4.93953E+16
83256,9,5,74,138,2018,5,9,7,3,2,6,0,0,1,0,0,0,0,0,6.65721E+20,5.48731E+21,1.12896E+16,4.95157E+16
83257,9,4,76,146,2018,5,17,6,2,8,7,0,0,1,0,0,0,0,0,6.6322E+20,5.56394E+21,1.12873E+16,5.02051E+16
83258,9,1,62,0,2018,5,10,3,3,5,3,0,1,1,0,0,0,0,0,6.81588E+20,5.33537E+21,1.14413E+16,4.81457E+16
83259,9,1,84,118,2018,5,7,3,3,2,6,0,0,1,0,1,0,0,0,7.04079E+20,5.33572E+21,1.17435E+16,4.8142E+16
83260,9,1,73,133,2018,5,14,7,3,9,1,0,0,0,0,1,0,0,0,6.73497E+20,5.27265E+21,1.13074E+16,4.7584E+16
83261,9,1,83,116,2018,5,0,6,3,8,1,2,0,1,0,0,0,0,1,7.67016E+20,5.35245E+21,1.25985E+16,4.82689E+16
83262,9,1,62,0,2018,5,11,3,3,3,2,0,1,1,0,0,0,0,0,6.92195E+20,5.33929E+21,1.15855E+16,4.81778E+16
83263,9,7,74,124,2018,5,8,4,3,8,7,0,0,1,0,0,0,0,0,5.97177E+20,5.34594E+21,1.03093E+16,4.82593E+16
83264,9,7,78,203,2018,5,9,5,2,8,1,0,0,0,0,1,0,0,0,6.20766E+20,5.32214E+21,1.06203E+16,4.80411E+16
83265,9,1,62,0,2018,5,9,3,3,5,2,0,1,0,0,1,0,0,0,6.94442E+20,5.33187E+21,1.16123E+16,4.81104E+16
83266,9,6,63,0,2018,5,15,6,3,2,6,0,0,1,0,0,0,0,0,5.6514E+20,5.51168E+21,9.90433E+15,4.97541E+16
83267,9,7,75,152,2018,5,23,3,3,1,6,2,0,1,0,0,0,0,0,5.78178E+20,5.35373E+21,1.00548E+16,4.83319E+16
83268,9,4,75,156,2018,5,16,5,3,4,6,0,0,1,0,0,0,0,0,6.92777E+20,5.57913E+21,1.17088E+16,5.03326E+16
83269,9,4,72,175,2018,5,11,7,2,4,2,0,0,1,0,1,0,0,0,6.78585E+20,5.51152E+21,1.14781E+16,4.97296E+16
83270,9,3,72,153,2018,5,20,6,3,8,1,0,0,1,0,0,0,0,0,7.58183E+20,5.45171E+21,1.25418E+16,4.91638E+16
83271,9,7,75,135,2018,5,9,3,3,3,6,0,0,0,0,1,0,1,0,5.81934E+20,5.36112E+21,1.01069E+16,4.83979E+16
83272,9,1,61,0,2018,5,19,7,3,0,6,1,0,1,0,1,0,0,0,6.77917E+20,5.40501E+21,1.14216E+16,4.87727E+16
83273,9,1,82,114,2018,5,17,6,2,8,1,0,0,0,0,1,0,0,0,7.2038E+20,5.28833E+21,1.19381E+16,4.77107E+16
83274,9,7,75,134,2018,5,15,3,3,2,2,0,0,1,0,0,0,0,0,5.83889E+20,5.36461E+21,1.0134E+16,4.8429E+16
83275,9,7,75,134,2018,5,13,3,2,8,1,0,0,0,0,1,0,0,0,5.84416E+20,5.36186E+21,1.01406E+16,4.84042E+16
83276,9,1,89,145,2018,5,12,7,3,2,2,0,0,1,0,0,0,0,0,7.72754E+20,5.3005E+21,1.26426E+16,4.78001E+16
83277,9,1,89,159,2018,5,19,6,3,5,3,0,0,1,0,0,0,0,0,7.6171E+20,5.30206E+21,1.24964E+16,4.78186E+16
83278,9,7,78,203,2018,5,21,3,3,6,7,2,0,1,1,0,0,0,0,6.22841E+20,5.32221E+21,1.06481E+16,4.80413E+16
83279,9,7,75,129,2018,5,19,4,2,5,3,0,0,1,0,1,0,0,0,5.84219E+20,5.33943E+21,1.01335E+16,4.82025E+16
83280,9,7,74,116,2018,5,17,5,3,2,3,0,0,1,0,0,0,0,0,6.0721E+20,5.34785E+21,1.04449E+16,4.82747E+16
83281,9,7,80,114,2018,5,14,3,3,0,7,0,1,0,0,0,0,0,0,6.03194E+20,5.28778E+21,1.03764E+16,4.77352E+16
83282,9,6,73,114,2018,5,18,6,3,2,6,0,0,1,0,0,0,0,0,5.87635E+20,5.57674E+21,1.02314E+16,5.03362E+16
83283,9,7,76,124,2018,5,10,3,3,4,1,0,0,1,0,0,0,0,0,5.72484E+20,5.27596E+21,9.96488E+15,4.76329E+16
83284,9,3,75,175,2018,5,19,5,2,2,1,0,0,1,0,0,1,0,0,7.14417E+20,5.43573E+21,1.19339E+16,4.90372E+16
83285,9,4,74,140,2018,5,20,7,2,4,6,1,0,1,0,0,0,0,0,6.61315E+20,5.49735E+21,1.12329E+16,4.96072E+16
83286,9,2,78,141,2018,5,16,6,3,8,1,0,0,1,0,0,0,0,1,7.58868E+20,5.42922E+21,1.25368E+16,4.89616E+16
83287,9,7,77,169,2018,5,16,3,3,8,1,0,1,0,0,0,0,0,1,6.30634E+20,5.27073E+21,1.07371E+16,4.75768E+16
83288,9,1,78,124,2018,5,5,7,3,0,1,1,1,0,0,0,0,0,0,7.03412E+20,5.36421E+21,1.17482E+16,4.83982E+16
83289,9,1,85,149,2018,5,18,6,2,8,1,0,0,0,0,0,1,0,0,6.66898E+20,5.39836E+21,1.1269E+16,4.87159E+16
83290,9,7,61,0,2018,5,13,3,3,2,6,0,0,1,0,0,0,1,0,6.39377E+20,5.35133E+21,1.08794E+16,4.82998E+16
83291,9,7,74,133,2018,5,11,4,2,4,6,0,0,1,0,0,1,0,0,5.97766E+20,5.3554E+21,1.03194E+16,4.83442E+16
83292,9,7,61,0,2018,5,19,3,3,5,3,0,1,1,0,0,0,0,1,6.40738E+20,5.35557E+21,1.08991E+16,4.83376E+16
83293,9,6,79,154,2018,5,15,5,3,5,3,0,0,1,0,0,0,0,0,5.59367E+20,5.50839E+21,9.82369E+15,4.97251E+16
83294,9,7,61,0,2018,5,13,3,3,2,6,0,0,1,0,0,0,0,0,6.4072E+20,5.35556E+21,1.08989E+16,4.83375E+16
83295,9,6,73,117,2018,5,11,7,3,5,3,0,0,1,0,0,0,0,0,5.72548E+20,5.58302E+21,1.00207E+16,5.03948E+16
83296,9,5,64,0,2018,5,10,6,2,0,6,0,0,1,0,0,1,0,0,6.56542E+20,5.47654E+21,1.11586E+16,4.94213E+16
83297,9,6,79,156,2018,5,16,3,3,5,3,0,1,1,0,0,0,0,0,5.74101E+20,5.52264E+21,1.00308E+16,4.98516E+16
83298,9,6,75,174,2018,5,19,3,2,4,6,0,0,1,0,1,0,0,1,5.88079E+20,5.52522E+21,1.02258E+16,4.98729E+16
83299,9,2,77,113,2018,5,13,5,3,4,6,0,0,1,0,0,0,0,0,8.01291E+20,5.37379E+21,1.30746E+16,4.8445E+16
83300,9,7,74,196,2018,5,19,4,3,2,6,0,1,0,0,0,0,0,0,6.1037E+20,5.36999E+21,1.04933E+16,4.84733E+16
83301,9,7,76,130,2018,5,12,5,3,0,1,0,0,0,0,0,0,1,0,5.54768E+20,5.27088E+21,9.72843E+15,4.7589E+16
83302,9,6,72,135,2018,5,18,3,2,8,7,0,1,0,0,0,0,0,0,5.90795E+20,5.56579E+21,1.02732E+16,5.02373E+16
83303,9,6,77,129,2018,5,11,7,1,1,5,0,0,1,0,1,0,0,0,5.34521E+20,5.54527E+21,9.48227E+15,5.00588E+16
83304,9,5,65,0,2018,5,9,6,3,2,6,0,0,1,0,0,1,0,0,6.48498E+20,5.46504E+21,1.10434E+16,4.93201E+16
83305,9,6,72,135,2018,5,19,3,3,0,1,0,0,0,0,1,0,0,0,5.84415E+20,5.56554E+21,1.01837E+16,5.0236E+16
83306,9,6,78,168,2018,5,15,3,2,8,7,0,0,1,0,0,0,0,0,5.83701E+20,5.55322E+21,1.0171E+16,5.01253E+16
83307,9,2,76,134,2018,5,18,5,3,4,6,0,0,1,0,0,0,0,1,7.91664E+20,5.43704E+21,1.29894E+16,4.90172E+16
83308,9,3,72,126,2018,5,16,7,2,4,2,0,0,1,0,1,0,0,0,7.77791E+20,5.47055E+21,1.28233E+16,4.93244E+16
83309,9,2,75,153,2018,5,17,6,3,8,1,0,0,1,0,0,0,0,1,8.42751E+20,5.39459E+21,1.36505E+16,4.86103E+16
83310,9,5,76,151,2018,5,17,3,3,3,6,0,0,1,0,0,0,0,0,6.60319E+20,5.46564E+21,1.12062E+16,4.93225E+16
83311,9,1,62,0,2018,5,15,6,3,2,6,0,0,1,0,0,0,0,0,6.8776E+20,5.33159E+21,1.15225E+16,4.81099E+16
83312,9,7,63,0,2018,5,17,4,3,5,3,0,0,1,0,0,0,0,0,5.98209E+20,5.28773E+21,1.03099E+16,4.77355E+16
83313,9,1,79,121,2018,5,13,6,3,0,1,0,1,0,0,0,0,0,0,6.64568E+20,5.33853E+21,1.12139E+16,4.81787E+16
83314,9,5,76,113,2018,5,12,3,3,2,6,0,0,1,0,0,0,0,0,6.61626E+20,5.45597E+21,1.12203E+16,4.92352E+16
83315,9,7,77,153,2018,5,13,4,3,5,2,0,0,1,0,1,0,0,0,6.13489E+20,5.27503E+21,1.05103E+16,4.76188E+16
83316,9,5,74,141,2018,5,6,3,3,2,6,0,0,1,0,0,0,0,0,6.67747E+20,5.48996E+21,1.13186E+16,4.9539E+16
83317,9,6,76,132,2018,5,11,5,3,5,3,0,0,1,0,0,0,0,0,5.1571E+20,5.50655E+21,9.21791E+15,4.97112E+16
83318,9,1,61,0,2018,5,5,5,3,4,6,1,0,1,0,0,0,0,1,6.79655E+20,5.40017E+21,1.14431E+16,4.87287E+16
83319,9,5,72,142,2018,5,20,3,3,0,1,0,1,0,0,0,0,0,0,6.44715E+20,5.50133E+21,1.10047E+16,4.96471E+16
83320,9,5,72,135,2018,5,0,7,2,2,6,2,0,1,0,1,0,0,0,6.37774E+20,5.51315E+21,1.09128E+16,4.9755E+16
83321,9,4,75,113,2018,5,16,6,3,4,3,0,0,1,0,0,1,0,0,6.9869E+20,5.58371E+21,1.17942E+16,5.03719E+16
83322,9,5,72,131,2018,5,8,3,3,2,2,0,0,1,0,0,0,0,0,6.56803E+20,5.49123E+21,1.1168E+16,4.95533E+16
83323,9,5,72,121,2018,5,9,3,3,2,1,0,0,1,0,0,0,0,0,6.62389E+20,5.49492E+21,1.12467E+16,4.95851E+16
83324,9,2,61,0,2018,5,7,5,3,3,6,0,0,1,0,0,1,0,0,7.33054E+20,5.38216E+21,1.21581E+16,4.85492E+16
83325,9,2,75,125,2018,5,15,7,3,9,1,0,0,0,0,1,0,0,0,8.07057E+20,5.37847E+21,1.31558E+16,4.84843E+16
83326,9,1,73,133,2018,5,14,6,3,8,1,0,0,0,0,1,0,0,0,6.76917E+20,5.27818E+21,1.13551E+16,4.76329E+16
83327,9,5,74,138,2018,5,15,3,3,3,6,0,0,1,0,0,0,0,0,6.67105E+20,5.48758E+21,1.13088E+16,4.95178E+16
83328,9,7,73,140,2018,5,13,4,2,8,1,0,0,0,0,1,0,0,0,6.11245E+20,5.37474E+21,1.05064E+16,4.8516E+16
83329,9,2,76,116,2018,5,13,7,2,4,1,0,0,1,0,1,0,0,0,7.95876E+20,5.42941E+21,1.30413E+16,4.89468E+16
83330,9,2,79,132,2018,5,11,6,3,0,6,0,0,0,0,1,1,0,0,7.68992E+20,5.40515E+21,1.26591E+16,4.87412E+16
83331,9,5,64,0,2018,5,23,3,3,2,6,2,0,1,0,0,0,0,0,6.52598E+20,5.48078E+21,1.11059E+16,4.94605E+16
83332,9,7,74,143,2018,5,20,6,3,0,1,1,1,0,0,0,0,0,0,5.93143E+20,5.35771E+21,1.02576E+16,4.83657E+16
83333,9,7,61,0,2018,5,16,4,3,1,6,0,0,1,0,0,0,0,0,6.39884E+20,5.35428E+21,1.08872E+16,4.83262E+16
83334,9,1,78,143,2018,5,13,6,3,5,2,0,0,1,0,0,0,0,0,7.15692E+20,5.37261E+21,1.19182E+16,4.84696E+16
83335,9,5,64,0,2018,5,14,3,3,5,7,0,1,0,0,0,1,0,0,6.47773E+20,5.47773E+21,1.10382E+16,4.94342E+16
83336,9,7,61,0,2018,5,11,4,3,2,7,0,1,1,0,0,0,0,0,6.41566E+20,5.35334E+21,1.09096E+16,4.83174E+16
83337,9,5,64,0,2018,5,8,3,2,5,3,0,0,1,0,0,1,0,0,6.49726E+20,5.47709E+21,1.10649E+16,4.94281E+16
83338,9,5,64,0,2018,5,7,5,2,2,6,0,0,1,0,0,1,0,1,6.51657E+20,5.46799E+21,1.1088E+16,4.93458E+16
83339,9,5,64,0,2018,5,12,7,3,5,3,0,0,1,0,0,0,0,0,6.52479E+20,5.47755E+21,1.1103E+16,4.94315E+16
83340,9,4,72,177,2018,5,14,6,3,2,6,0,0,1,0,0,0,0,0,6.78067E+20,5.5054E+21,1.14682E+16,4.96748E+16
83341,9,5,71,145,2018,5,21,3,2,8,1,2,0,0,0,0,1,0,0,5.92005E+20,5.45287E+21,1.02635E+16,4.92217E+16
83342,9,5,71,169,2018,5,16,3,2,5,3,0,0,1,0,0,1,0,0,5.82866E+20,5.46449E+21,1.01404E+16,4.93275E+16
83343,9,1,89,127,2018,5,4,5,2,8,1,2,0,1,0,0,0,0,0,7.86469E+20,5.31819E+21,1.28371E+16,4.79528E+16
83344,9,1,83,126,2018,5,8,7,2,5,3,0,1,1,0,0,0,0,0,7.33013E+20,5.33683E+21,1.21325E+16,4.8142E+16
83345,9,1,83,140,2018,5,2,6,3,0,1,2,0,0,0,0,0,1,1,7.42997E+20,5.34555E+21,1.22714E+16,4.82166E+16
83346,9,5,71,128,2018,5,14,3,3,8,1,0,0,1,0,0,0,0,0,6.07511E+20,5.44237E+21,1.04736E+16,4.91248E+16
83347,9,6,77,154,2018,5,15,4,3,8,1,0,0,1,0,0,0,0,1,5.41236E+20,5.51497E+21,9.57284E+15,4.97858E+16
83348,9,7,75,135,2018,5,14,5,3,0,6,0,0,1,0,0,0,0,0,5.79055E+20,5.35985E+21,1.00678E+16,4.83868E+16
83349,9,5,75,179,2018,5,10,3,3,4,6,0,0,1,0,0,1,0,0,5.89761E+20,5.49152E+21,1.02414E+16,4.95696E+16
83350,9,6,72,135,2018,5,17,6,3,8,1,0,0,1,0,0,0,0,1,5.8675E+20,5.56645E+21,1.02166E+16,5.02438E+16
83351,9,6,73,114,2018,5,19,4,3,5,3,0,0,1,0,0,0,0,0,5.88087E+20,5.57606E+21,1.02376E+16,5.03301E+16
83352,9,5,61,0,2018,5,13,3,3,1,6,0,0,1,0,0,0,0,0,6.11245E+20,5.46011E+21,1.05297E+16,4.92836E+16
83353,9,4,72,175,2018,5,16,5,3,9,1,0,0,1,0,0,0,0,1,6.78418E+20,5.5224E+21,1.14808E+16,4.98275E+16
83354,9,1,84,118,2018,5,17,5,3,2,6,0,0,1,0,0,0,0,0,7.03019E+20,5.33626E+21,1.17295E+16,4.81472E+16
83355,9,4,76,145,2018,5,7,3,3,4,2,0,0,1,0,1,0,0,0,6.65442E+20,5.56843E+21,1.13204E+16,5.02448E+16
83356,9,7,80,124,2018,5,14,6,3,5,3,0,0,1,0,1,0,0,0,5.94245E+20,5.268E+21,1.02528E+16,4.75586E+16
83357,9,6,71,121,2018,5,15,4,3,4,2,0,0,1,0,0,0,0,0,5.12331E+20,5.5378E+21,9.17203E+15,4.99924E+16
83358,9,4,72,119,2018,5,19,3,2,9,7,0,0,0,0,1,0,0,0,6.82493E+20,5.54014E+21,1.15458E+16,4.99856E+16
83359,9,5,64,0,2018,5,9,5,3,5,7,0,0,1,0,0,0,0,0,6.54239E+20,5.4817E+21,1.11289E+16,4.94684E+16
83360,9,4,75,128,2018,5,17,7,3,5,3,0,1,1,0,0,0,0,0,6.84458E+20,5.58312E+21,1.1594E+16,5.03712E+16
83361,9,4,74,129,2018,5,17,6,2,8,1,0,0,0,0,1,0,0,0,6.68656E+20,5.51985E+21,1.13441E+16,4.98074E+16
83362,9,4,71,119,2018,5,13,3,3,2,6,0,0,1,0,0,0,0,0,6.35046E+20,5.5384E+21,1.08837E+16,4.99827E+16
83363,9,1,87,128,2018,5,13,7,3,5,3,0,0,1,0,1,0,0,0,7.46227E+20,5.31179E+21,1.22954E+16,4.79121E+16
83364,9,1,71,125,2018,5,5,6,3,5,3,0,1,0,0,0,0,0,0,7.7328E+20,5.34978E+21,1.2681E+16,4.82422E+16
83365,9,3,63,0,2018,5,14,3,3,3,6,0,0,1,0,1,0,0,0,7.26023E+20,5.50684E+21,1.21328E+16,4.96717E+16
83366,9,6,71,134,2018,5,6,4,3,5,3,0,1,1,0,0,0,0,0,5.01458E+20,5.54768E+21,9.02037E+15,5.00814E+16
83367,9,7,63,0,2018,5,13,5,3,6,5,0,0,1,1,0,0,0,0,5.99587E+20,5.28541E+21,1.03277E+16,4.77144E+16
83368,9,3,73,119,2018,5,6,3,3,5,3,0,0,1,0,0,0,0,0,6.86305E+20,5.4569E+21,1.15594E+16,4.92365E+16
83369,9,6,71,122,2018,5,16,6,3,6,4,0,0,1,1,0,0,0,0,5.0426E+20,5.5285E+21,9.05933E+15,4.99088E+16
83370,9,3,76,119,2018,5,10,3,3,5,2,0,1,1,0,0,0,0,0,7.22437E+20,5.45426E+21,1.20536E+16,4.92007E+16
83371,9,3,62,0,2018,5,14,5,3,3,2,0,0,1,0,1,0,0,0,7.26481E+20,5.43321E+21,1.20973E+16,4.90102E+16
83372,9,3,77,131,2018,5,9,7,2,5,3,0,0,1,0,0,0,1,0,7.32898E+20,5.54452E+21,1.22505E+16,5.00075E+16