OBJECTID_1,ULAND,UREGBEZ,UKREIS,UGEMEINDE,UJAHR,UMONAT,USTUNDE,UWOCHENTAG,UKATEGORIE,UART,UTYP1,ULICHTVERH,IstRad,IstPKW,IstFuss,IstKrad,IstGkfz,IstSonstig,STRZUSTAND,LINREFX,LINREFY,XGCSWGS84,YGCSWGS84
83373,9,2,78,141,2018,5,13,6,3,2,2,0,0,1,0,0,0,0,1,7.59382E+20,5.42872E+21,1.25435E+16,4.89569E+16
83374,9,3,61,0,2018,5,9,3,3,3,6,0,0,1,0,0,1,0,0,7.07183E+20,5.48057E+21,1.18582E+16,4.94424E+16
83375,9,1,62,0,2018,5,12,6,3,2,6,0,0,1,0,0,0,0,0,6.98262E+20,5.33324E+21,1.16642E+16,4.81215E+16
83376,9,1,76,147,2018,5,11,6,2,2,6,0,0,1,0,1,1,0,0,6.9308E+20,5.41587E+21,1.16328E+16,4.88657E+16
83377,9,4,71,214,2018,5,16,7,3,9,1,0,0,1,0,0,0,0,0,6.39677E+20,5.54284E+21,1.09499E+16,5.00215E+16
83378,9,3,72,155,2018,5,15,6,1,3,2,0,0,1,0,1,0,0,0,7.71935E+20,5.46022E+21,1.27358E+16,4.92342E+16
83379,9,2,76,122,2018,5,15,3,3,8,1,0,0,1,0,1,0,0,0,7.88509E+20,5.44043E+21,1.29488E+16,4.90491E+16
83380,9,1,79,117,2018,5,10,7,2,1,5,0,0,1,0,1,0,0,0,6.62583E+20,5.34554E+21,1.11899E+16,4.82422E+16
83381,9,1,87,169,2018,5,16,6,3,5,3,0,0,1,0,0,0,0,0,7.4063E+20,5.29859E+21,1.22133E+16,4.77957E+16
83382,9,2,78,141,2018,5,17,3,3,8,1,0,0,1,0,0,0,0,0,7.59141E+20,5.4302E+21,1.25412E+16,4.89703E+16
83383,9,5,72,131,2018,5,11,4,3,5,3,0,0,1,0,0,1,0,0,6.54376E+20,5.48528E+21,1.11321E+16,4.95005E+16
83384,9,7,61,0,2018,5,16,5,3,0,7,0,1,0,0,0,0,0,0,6.41597E+20,5.35986E+21,1.09122E+16,4.8376E+16
83385,9,2,78,139,2018,5,6,3,3,5,3,0,1,0,0,0,0,1,0,7.73134E+20,5.42824E+21,1.27307E+16,4.89467E+16
83386,9,6,72,134,2018,5,18,7,2,3,1,0,0,1,0,0,0,0,0,5.53326E+20,5.57759E+21,9.7495E+15,5.03479E+16
83387,9,5,72,121,2018,5,21,6,2,0,1,1,1,0,0,0,0,0,0,6.58267E+20,5.49304E+21,1.1189E+16,4.95693E+16
83388,9,2,75,153,2018,5,16,3,2,9,7,0,0,0,0,1,0,0,0,8.48242E+20,5.38473E+21,1.37165E+16,4.8519E+16
83389,9,1,84,134,2018,5,8,4,3,2,6,0,0,1,0,0,0,1,0,6.92998E+20,5.32343E+21,1.15891E+16,4.8035E+16
83390,9,2,72,121,2018,5,20,3,3,5,6,1,0,1,0,0,0,0,1,8.41863E+20,5.41491E+21,1.36553E+16,4.8793E+16
83391,9,2,71,119,2018,5,13,5,3,8,1,0,0,1,0,0,0,0,0,7.93442E+20,5.41789E+21,1.29999E+16,4.88445E+16
83392,9,3,73,134,2018,5,11,7,1,8,1,0,0,0,0,1,0,0,0,7.08257E+20,5.45332E+21,1.18588E+16,4.91973E+16
83393,9,2,72,120,2018,5,14,6,2,8,1,0,0,1,0,0,0,0,1,8.19983E+20,5.41823E+21,1.33609E+16,4.88345E+16
83394,9,2,79,132,2018,5,11,3,3,3,6,0,0,1,0,0,1,0,0,7.6609E+20,5.39853E+21,1.26154E+16,4.8683E+16
83395,9,1,62,0,2018,5,21,6,3,2,6,1,0,1,0,0,0,0,0,6.90863E+20,5.33204E+21,1.15643E+16,4.8113E+16
83396,9,5,74,155,2018,5,11,4,3,3,3,0,0,1,0,0,1,0,0,6.68552E+20,5.4931E+21,1.13311E+16,4.9567E+16
83397,9,1,79,147,2018,5,18,6,2,8,1,0,0,0,0,1,0,0,0,6.64313E+20,5.33341E+21,1.12084E+16,4.81327E+16
83398,9,2,74,132,2018,5,14,3,2,9,1,0,0,1,0,0,0,0,0,7.24013E+20,5.38636E+21,1.2038E+16,4.85902E+16
83399,9,5,62,0,2018,5,16,4,3,3,2,0,1,1,0,0,0,0,0,6.44218E+20,5.49462E+21,1.09953E+16,4.9587E+16
83400,9,1,73,123,2018,5,18,3,3,4,2,0,0,1,0,1,0,0,1,6.80098E+20,5.29933E+21,1.14061E+16,4.7822E+16
83401,9,5,76,142,2018,5,13,5,1,2,6,0,0,0,0,0,1,1,1,6.37767E+20,5.46404E+21,1.08955E+16,4.93136E+16
83402,9,5,76,141,2018,5,13,7,3,8,7,0,0,1,0,0,0,0,0,6.46671E+20,5.44763E+21,1.10119E+16,4.91639E+16
83403,9,1,80,126,2018,5,17,3,3,1,6,0,0,1,0,0,0,0,0,6.60839E+20,5.2695E+21,1.1138E+16,4.75589E+16
83404,9,1,73,133,2018,5,12,3,2,8,6,0,0,0,0,1,0,0,0,6.76656E+20,5.27835E+21,1.13517E+16,4.76344E+16
83405,9,6,72,139,2018,5,18,5,3,4,1,0,0,1,0,0,0,0,1,5.70902E+20,5.55915E+21,9.99305E+15,5.01803E+16
83406,9,1,73,133,2018,5,10,3,3,4,2,0,0,1,0,1,0,0,0,6.77187E+20,5.28133E+21,1.136E+16,4.76611E+16
83407,9,6,76,126,2018,5,2,7,3,9,1,2,0,1,0,0,0,0,0,5.11008E+20,5.5238E+21,9.15318E+15,4.98665E+16
83408,9,5,71,226,2018,5,4,6,3,7,1,1,0,1,0,0,0,0,0,6.38121E+20,5.45623E+21,1.08977E+16,4.92433E+16
83409,9,1,73,111,2018,5,17,3,3,1,2,0,0,1,0,1,0,0,0,6.84781E+20,5.29105E+21,1.14651E+16,4.77464E+16
83410,9,1,89,149,2018,5,19,3,3,4,1,0,0,1,0,1,0,0,1,7.57994E+20,5.33275E+21,1.24652E+16,4.80957E+16
83411,9,2,74,113,2018,5,20,5,2,8,1,2,0,1,0,0,0,0,1,7.26733E+20,5.38217E+21,1.20726E+16,4.85516E+16
83412,9,2,71,143,2018,5,12,7,3,5,2,0,0,1,0,0,0,0,0,7.78123E+20,5.40858E+21,1.27853E+16,4.8768E+16
83413,9,2,73,175,2018,5,8,6,2,5,3,0,0,1,0,0,0,0,0,7.20814E+20,5.41986E+21,1.20127E+16,4.88923E+16
83414,9,1,89,119,2018,5,6,3,3,4,6,0,0,1,0,0,1,0,0,7.63871E+20,5.30417E+21,1.25265E+16,4.78366E+16
83415,9,7,63,0,2018,5,17,6,2,6,4,0,1,0,1,0,0,0,0,5.99405E+20,5.2856E+21,1.03253E+16,4.77161E+16
83416,9,1,75,121,2018,5,19,6,3,2,6,0,0,1,0,0,0,0,0,7.14096E+20,5.3188E+21,1.18695E+16,4.79867E+16
83417,9,1,83,125,2018,5,8,3,3,5,3,0,1,1,0,0,0,0,0,7.55559E+20,5.35829E+21,1.2448E+16,4.83261E+16
83418,9,7,77,157,2018,5,16,6,3,2,6,0,1,1,0,0,0,0,0,6.30636E+20,5.30347E+21,1.07469E+16,4.78712E+16
83419,9,1,72,130,2018,5,10,3,2,4,6,0,1,0,0,0,0,0,0,7.96149E+20,5.30935E+21,1.29604E+16,4.78691E+16
83420,9,5,72,115,2018,5,17,5,3,5,3,0,0,1,0,0,0,0,1,6.45296E+20,5.5028E+21,1.10133E+16,4.96603E+16
83421,9,5,77,168,2018,5,15,7,2,8,1,0,0,0,0,1,0,0,0,6.4545E+20,5.41696E+21,1.09842E+16,4.88885E+16
83422,9,4,72,116,2018,5,17,6,3,0,1,0,1,0,0,0,0,0,0,6.89945E+20,5.54538E+21,1.16522E+16,5.00304E+16
83423,9,1,72,134,2018,5,20,3,2,6,7,0,0,1,1,0,0,0,0,7.84693E+20,5.30851E+21,1.2807E+16,4.78667E+16
83424,9,1,84,114,2018,5,15,3,3,9,7,0,0,0,0,0,0,1,0,7.00035E+20,5.31865E+21,1.16812E+16,4.79898E+16
83425,9,1,89,145,2018,5,11,7,3,4,2,0,0,1,0,0,0,0,0,7.71981E+20,5.30436E+21,1.26347E+16,4.7835E+16
83426,9,1,89,120,2018,5,14,6,2,5,3,0,1,1,0,0,0,0,0,7.59719E+20,5.29854E+21,1.24677E+16,4.77878E+16
83427,9,4,78,155,2018,5,19,6,3,5,2,0,1,0,0,0,0,0,0,6.58204E+20,5.56269E+21,1.12166E+16,5.01952E+16
83428,9,1,87,134,2018,5,17,3,2,4,2,0,0,1,0,1,0,1,0,7.36792E+20,5.31982E+21,1.21738E+16,4.79878E+16
83429,9,1,87,177,2018,5,7,3,3,5,3,0,1,1,0,0,0,0,0,7.38338E+20,5.30493E+21,1.21862E+16,4.78535E+16
83430,9,1,90,154,2018,5,16,5,2,4,6,0,0,1,0,0,0,0,1,6.41316E+20,5.28928E+21,1.08851E+16,4.77414E+16
83431,9,2,74,184,2018,5,10,7,3,0,1,0,1,0,0,0,0,0,0,7.48259E+20,5.37189E+21,1.23577E+16,4.84512E+16
83432,9,1,73,145,2018,5,16,6,3,4,6,0,0,1,0,0,0,0,0,6.88354E+20,5.29139E+21,1.15129E+16,4.77484E+16
83433,9,1,87,177,2018,5,14,3,3,5,3,0,1,1,0,0,0,0,0,7.37126E+20,5.30544E+21,1.21703E+16,4.78585E+16
83434,9,7,78,219,2018,5,8,5,3,2,6,0,0,1,0,0,0,0,0,5.89985E+20,5.30956E+21,1.02048E+16,4.7933E+16
83435,9,1,87,128,2018,5,10,3,3,1,7,0,1,1,0,0,0,0,0,7.49271E+20,5.31133E+21,1.23358E+16,4.79068E+16
83436,9,6,79,143,2018,5,15,6,3,5,2,0,0,1,0,0,0,0,0,5.72432E+20,5.52934E+21,1.00088E+16,4.9912E+16
83437,9,1,76,126,2018,5,3,3,3,0,1,2,1,0,0,0,0,0,0,6.74561E+20,5.40588E+21,1.13763E+16,4.87814E+16
83438,9,5,73,115,2018,5,7,5,3,4,6,0,0,1,0,0,0,0,0,6.32549E+20,5.47525E+21,1.08275E+16,4.94155E+16
83439,9,4,79,136,2018,5,14,7,3,1,6,0,0,1,0,0,0,0,0,7.20383E+20,5.54448E+21,1.20761E+16,5.00118E+16
83440,9,3,75,210,2018,5,16,6,3,8,1,0,0,0,0,1,0,0,1,7.48677E+20,5.43417E+21,1.24009E+16,4.90103E+16
83441,9,1,76,137,2018,5,17,3,2,5,3,0,0,0,0,1,0,1,0,6.73725E+20,5.43044E+21,1.13754E+16,4.90024E+16
83442,9,1,87,122,2018,5,13,7,3,2,6,0,0,1,0,1,0,0,0,7.21999E+20,5.30692E+21,1.19691E+16,4.78772E+16
83443,9,1,87,128,2018,5,11,6,3,5,3,0,0,1,0,0,0,0,0,7.46225E+20,5.31179E+21,1.22954E+16,4.79121E+16
83444,9,1,76,112,2018,5,1,3,3,8,1,2,0,1,0,0,0,0,0,6.90897E+20,5.42026E+21,1.16052E+16,4.89059E+16
83445,9,1,87,177,2018,5,13,5,3,5,3,0,1,1,0,0,0,0,1,7.35571E+20,5.30535E+21,1.21495E+16,4.78583E+16
83446,9,7,77,151,2018,5,9,5,3,7,7,0,0,0,0,1,0,0,0,6.22201E+20,5.29156E+21,1.06308E+16,4.77658E+16
83447,9,1,88,145,2018,5,11,3,3,3,6,0,1,0,0,0,0,0,0,6.63816E+20,5.32817E+21,1.11998E+16,4.80858E+16
83448,9,6,79,201,2018,5,9,7,2,0,1,0,0,0,0,1,0,0,0,5.71916E+20,5.5274E+21,1.00013E+16,4.98947E+16
83449,9,5,64,0,2018,5,8,6,3,1,6,0,0,0,0,1,1,0,0,6.50237E+20,5.47485E+21,1.10711E+16,4.94078E+16
83450,9,1,79,145,2018,5,11,3,3,5,3,0,0,1,0,0,1,0,0,6.73919E+20,5.33591E+21,1.13385E+16,4.81526E+16
83451,9,1,79,123,2018,5,9,3,3,5,2,0,0,1,0,0,0,0,0,6.77443E+20,5.33197E+21,1.13842E+16,4.81162E+16
83452,9,7,78,183,2018,5,12,5,2,0,7,0,1,0,0,0,0,0,0,6.0615E+20,5.32674E+21,1.04254E+16,4.80851E+16
83453,9,1,74,121,2018,5,9,3,2,4,6,0,0,1,0,0,0,0,0,6.90649E+20,5.35386E+21,1.15713E+16,4.83092E+16
83454,9,6,74,163,2018,5,16,6,3,4,1,0,0,1,0,1,0,0,1,6.11048E+20,5.539E+21,1.05493E+16,4.9993E+16
83455,9,1,86,152,2018,5,7,3,3,2,6,0,0,1,0,0,0,0,0,6.91504E+20,5.37377E+21,1.15919E+16,4.84878E+16
83456,9,4,71,117,2018,5,12,5,3,0,1,0,0,0,0,1,0,0,1,6.30878E+20,5.53077E+21,1.0823E+16,4.9915E+16
83457,9,4,74,126,2018,5,17,7,3,1,6,0,0,1,0,1,0,0,0,6.51646E+20,5.50932E+21,1.11037E+16,4.97173E+16
83458,9,2,78,141,2018,5,12,6,2,0,7,0,0,0,0,1,0,0,1,7.5879E+20,5.42925E+21,1.25358E+16,4.89619E+16
83459,9,1,75,118,2018,5,16,3,3,4,6,0,0,1,0,0,0,1,0,7.18865E+20,5.33857E+21,1.19434E+16,4.81627E+16
83460,9,1,79,130,2018,5,10,7,3,2,2,0,0,1,0,1,0,0,0,6.59273E+20,5.33713E+21,1.11421E+16,4.81674E+16
83461,9,1,86,143,2018,5,14,6,3,5,3,0,1,0,0,0,0,1,0,6.85552E+20,5.37921E+21,1.15138E+16,4.85386E+16
83462,9,1,62,0,2018,5,13,2,3,4,2,0,0,1,0,1,0,0,0,6.98785E+20,5.33304E+21,1.16711E+16,4.81196E+16
83463,9,1,62,0,2018,5,10,2,3,4,6,0,1,0,0,0,0,0,0,6.93395E+20,5.33149E+21,1.15981E+16,4.81073E+16
83464,9,6,79,144,2018,5,6,5,3,8,1,1,0,1,0,0,0,0,1,5.50899E+20,5.51354E+21,9.70688E+15,4.97722E+16
83465,9,7,78,123,2018,5,18,2,3,9,1,0,0,1,0,0,0,0,1,5.85314E+20,5.31786E+21,1.01439E+16,4.80083E+16
83466,9,6,73,117,2018,5,12,7,2,3,6,0,1,1,0,0,0,0,0,5.70995E+20,5.5854E+21,9.99928E+15,5.04163E+16
83467,9,5,63,0,2018,5,12,6,3,1,7,0,0,1,0,0,1,0,0,6.44401E+20,5.48193E+21,1.09932E+16,4.94728E+16
83468,9,7,75,164,2018,5,17,2,3,8,7,0,0,0,0,1,0,0,0,5.89883E+20,5.35249E+21,1.02124E+16,4.83192E+16
83469,9,1,62,0,2018,5,14,4,3,2,6,0,0,1,0,0,0,0,0,6.87775E+20,5.3316E+21,1.15227E+16,4.811E+16
83470,9,7,74,178,2018,5,6,2,3,8,1,0,0,1,0,0,0,0,0,6.07986E+20,5.36495E+21,1.04598E+16,4.84284E+16
83471,9,2,75,127,2018,5,13,5,3,2,6,0,0,1,0,0,0,0,0,8.07951E+20,5.39914E+21,1.31831E+16,4.86692E+16
83472,9,2,76,118,2018,5,15,7,2,0,1,0,1,0,0,0,0,0,0,7.92757E+20,5.44027E+21,1.30067E+16,4.90457E+16
83473,9,2,72,151,2018,5,23,6,2,9,1,2,0,0,0,1,0,0,0,8.41447E+20,5.40722E+21,1.36433E+16,4.87243E+16
83474,9,4,74,144,2018,5,6,2,2,1,7,0,0,1,0,1,0,0,0,6.56177E+20,5.49577E+21,1.11611E+16,4.95943E+16
83475,9,3,77,132,2018,5,9,3,3,8,1,0,0,1,0,0,0,0,0,7.23584E+20,5.52618E+21,1.21101E+16,4.98463E+16
83476,9,3,74,124,2018,5,12,2,3,2,2,0,0,1,0,0,0,0,0,7.09214E+20,5.51236E+21,1.19031E+16,4.97273E+16
83477,9,4,75,171,2018,5,18,4,3,2,6,0,0,1,0,1,0,0,0,6.97136E+20,5.57556E+21,1.17681E+16,5.02992E+16
83478,9,4,74,156,2018,5,15,5,2,5,3,0,0,1,0,1,0,0,0,6.70953E+20,5.50673E+21,1.13702E+16,4.96888E+16
83479,9,1,82,129,2018,5,15,3,2,2,6,0,0,1,0,0,1,0,0,7.07416E+20,5.28536E+21,1.1764E+16,4.76883E+16
83480,9,3,72,154,2018,5,5,2,3,5,3,0,0,1,0,0,1,0,0,7.54084E+20,5.4766E+21,1.25015E+16,4.9389E+16
83481,9,1,88,121,2018,5,14,4,3,3,6,0,0,0,0,1,1,0,0,6.69926E+20,5.32917E+21,1.12821E+16,4.80931E+16
83482,9,1,79,142,2018,5,19,5,3,4,6,0,0,1,0,0,0,0,1,6.73028E+20,5.33985E+21,1.13281E+16,4.81883E+16
83483,9,3,75,113,2018,5,12,2,3,5,3,0,0,1,0,0,0,0,0,7.34806E+20,5.42458E+21,1.2206E+16,4.89296E+16
83484,9,6,72,112,2018,5,23,3,3,8,1,2,0,1,0,0,0,0,1,5.77508E+20,5.56814E+21,1.00874E+16,5.02603E+16
83485,9,7,61,0,2018,5,12,4,2,2,2,0,0,1,0,0,0,0,0,6.42853E+20,5.36004E+21,1.09292E+16,4.83773E+16
83486,9,3,75,204,2018,5,17,2,3,0,7,0,0,0,0,1,0,0,0,7.32622E+20,5.43515E+21,1.21822E+16,4.90253E+16
83487,9,6,76,131,2018,5,14,5,3,8,1,0,0,0,0,1,0,0,0,5.15018E+20,5.49355E+21,9.20781E+15,4.95944E+16
83488,9,3,75,175,2018,5,8,2,3,5,3,0,0,1,0,0,0,0,0,7.18481E+20,5.4351E+21,1.1989E+16,4.903E+16
83489,9,2,63,0,2018,5,8,3,3,5,2,0,0,1,0,0,0,1,0,7.62213E+20,5.41813E+21,1.25753E+16,4.88607E+16
83490,9,3,75,181,2018,5,8,2,3,2,1,0,0,1,0,0,0,0,0,7.22256E+20,5.43486E+21,1.20405E+16,4.90265E+16
83491,9,3,62,0,2018,5,10,4,2,2,1,0,0,0,0,0,1,0,0,7.30273E+20,5.43199E+21,1.21484E+16,4.89978E+16
83492,9,2,74,134,2018,5,12,5,2,9,1,0,0,1,0,0,0,0,0,7.38217E+20,5.37255E+21,1.22225E+16,4.8461E+16
83493,9,1,78,138,2018,5,22,3,3,5,3,2,0,1,0,0,0,0,0,7.12004E+20,5.36899E+21,1.18666E+16,4.84383E+16
83494,9,3,73,151,2018,5,6,2,3,2,6,0,0,1,0,0,0,0,0,6.98014E+20,5.44902E+21,1.17162E+16,4.9162E+16
83495,9,1,84,145,2018,5,6,3,3,5,3,0,0,1,0,0,0,1,0,6.99239E+20,5.32481E+21,1.16734E+16,4.80454E+16
83496,9,1,84,138,2018,5,17,4,3,5,3,0,1,1,0,0,0,0,0,6.80867E+20,5.33072E+21,1.14296E+16,4.8104E+16
83497,9,3,73,147,2018,5,17,2,3,2,6,0,0,1,0,0,0,0,0,6.80009E+20,5.46106E+21,1.14749E+16,4.92758E+16
83498,9,7,77,121,2018,5,5,3,3,3,1,1,0,1,0,0,1,0,0,6.3034E+20,5.32181E+21,1.07485E+16,4.80363E+16
83499,9,3,73,147,2018,5,15,2,3,4,2,0,1,1,0,0,0,0,0,6.78155E+20,5.46091E+21,1.14493E+16,4.9275E+16
83500,9,1,77,112,2018,5,16,4,3,5,3,0,0,1,0,0,0,0,0,7.16925E+20,5.36307E+21,1.19299E+16,4.83834E+16
83501,9,1,88,126,2018,5,15,5,2,5,3,0,0,1,0,0,0,0,0,6.59859E+20,5.32933E+21,1.11471E+16,4.80971E+16
83502,9,6,74,130,2018,5,16,2,3,9,1,0,0,1,0,0,0,0,0,6.26447E+20,5.55298E+21,1.07687E+16,5.01156E+16
83503,9,6,78,178,2018,5,17,2,3,0,6,0,0,0,0,0,0,1,0,5.89879E+20,5.54338E+21,1.02551E+16,5.00359E+16
83504,9,3,72,137,2018,5,10,2,2,2,6,0,0,1,0,1,0,0,0,7.798E+20,5.45851E+21,1.28424E+16,4.92154E+16
83505,9,5,74,154,2018,5,17,3,3,5,3,0,1,1,0,0,0,0,0,6.62383E+20,5.48475E+21,1.12424E+16,4.94937E+16
83506,9,6,77,157,2018,5,15,4,2,4,2,0,0,1,0,1,0,0,0,5.40154E+20,5.51846E+21,9.55817E+15,4.98173E+16
83507,9,3,76,161,2018,5,11,2,3,5,3,0,0,1,0,0,0,0,0,7.25484E+20,5.46735E+21,1.21028E+16,4.93172E+16
83508,9,5,74,139,2018,5,22,5,2,8,7,2,1,0,0,0,0,0,1,6.70035E+20,5.48102E+21,1.13464E+16,4.9458E+16
83509,9,2,77,144,2018,5,16,3,3,5,3,0,0,1,0,0,0,0,0,7.83227E+20,5.37749E+21,1.28334E+16,4.84867E+16
83510,9,3,71,118,2018,5,16,2,3,9,7,0,0,1,0,0,0,0,0,7.17459E+20,5.47491E+21,1.19966E+16,4.9388E+16
83511,9,2,75,143,2018,5,15,4,3,5,3,0,0,1,0,0,0,0,0,8.09253E+20,5.36992E+21,1.31791E+16,4.84065E+16
83512,9,2,79,126,2018,5,13,5,2,1,6,0,0,0,0,1,0,0,0,7.59317E+20,5.38483E+21,1.2515E+16,4.85629E+16
83513,9,1,84,137,2018,5,18,2,3,1,7,0,1,1,0,0,0,0,0,7.03996E+20,5.3191E+21,1.17344E+16,4.79927E+16
83514,9,2,75,137,2018,5,22,2,3,4,7,2,0,1,0,0,0,1,0,8.41692E+20,5.3915E+21,1.36337E+16,4.85833E+16
83515,9,7,75,135,2018,5,14,3,3,5,3,0,1,1,0,0,0,0,0,5.73134E+20,5.35939E+21,9.98776E+15,4.83834E+16
83516,9,1,84,132,2018,5,15,4,3,5,2,0,0,1,0,0,0,0,0,6.83125E+20,5.32884E+21,1.14591E+16,4.80865E+16
83517,9,2,75,124,2018,5,15,2,3,2,6,0,1,1,0,0,0,0,0,8.10265E+20,5.37326E+21,1.31952E+16,4.84359E+16
83518,9,2,77,111,2018,5,19,2,2,8,7,0,0,1,0,0,0,0,0,7.79956E+20,5.38372E+21,1.27934E+16,4.8544E+16
83519,9,4,78,116,2018,5,10,3,2,1,6,0,0,1,0,0,1,0,0,6.58336E+20,5.55784E+21,1.12164E+16,5.01516E+16
83520,9,5,64,0,2018,5,17,4,3,5,3,0,1,1,0,0,0,0,0,6.54058E+20,5.47797E+21,1.11249E+16,4.94348E+16
83521,9,2,74,113,2018,5,12,2,2,2,6,0,0,1,1,0,0,0,0,7.26747E+20,5.38058E+21,1.20719E+16,4.85373E+16
83522,9,4,75,161,2018,5,17,5,3,9,1,0,0,1,0,0,0,0,1,7.15341E+20,5.57521E+21,1.20232E+16,5.02896E+16
83523,9,1,90,148,2018,5,7,3,2,6,4,0,1,0,1,0,0,0,0,6.42381E+20,5.29716E+21,1.09018E+16,4.7812E+16
83524,9,2,74,113,2018,5,9,2,2,5,7,0,1,0,0,0,0,0,0,7.28504E+20,5.38156E+21,1.20962E+16,4.85455E+16
83525,9,5,64,0,2018,5,13,3,3,5,3,0,1,1,0,0,0,0,0,6.47457E+20,5.48034E+21,1.10348E+16,4.94578E+16
83526,9,5,72,135,2018,5,23,4,3,9,7,2,0,0,0,0,0,1,0,6.32248E+20,5.50896E+21,1.08347E+16,4.97186E+16
83527,9,2,61,0,2018,5,17,2,3,5,3,0,1,1,0,0,0,0,0,7.32361E+20,5.38205E+21,1.21487E+16,4.85484E+16
83528,9,5,71,145,2018,5,21,5,3,8,1,2,0,1,0,0,0,0,1,5.92174E+20,5.45299E+21,1.02659E+16,4.92228E+16
83529,9,2,79,112,2018,5,12,3,3,5,3,0,1,1,0,0,0,0,0,7.57485E+20,5.39274E+21,1.24951E+16,4.86346E+16
83530,9,2,74,194,2018,5,16,2,3,0,1,0,1,0,0,0,0,0,0,7.23074E+20,5.37821E+21,1.20209E+16,4.85174E+16
83531,9,3,75,180,2018,5,17,4,3,2,6,0,0,1,0,0,0,0,0,7.2626E+20,5.42456E+21,1.20895E+16,4.89326E+16
83532,9,1,89,157,2018,5,3,5,3,0,7,2,0,1,1,0,0,0,0,7.67563E+20,5.32723E+21,1.259E+16,4.80422E+16
83533,9,7,74,135,2018,5,12,2,3,5,2,0,0,1,0,1,0,0,0,5.95666E+20,5.36746E+21,1.02938E+16,4.8453E+16
83534,9,2,79,134,2018,5,8,2,2,5,3,0,0,1,0,0,0,0,0,7.7065E+20,5.38502E+21,1.26684E+16,4.85598E+16
83535,9,7,63,0,2018,5,15,3,2,0,1,0,1,0,0,0,0,0,0,5.98803E+20,5.28647E+21,1.03175E+16,4.7724E+16
83536,9,7,75,129,2018,5,17,4,3,2,6,0,0,1,0,0,0,1,0,5.81348E+20,5.33978E+21,1.00949E+16,4.8206E+16
83537,9,1,80,118,2018,5,10,2,3,9,1,0,0,1,0,0,0,0,0,6.52359E+20,5.26068E+21,1.10223E+16,4.74817E+16
83538,9,1,73,135,2018,5,12,2,3,2,6,0,0,1,0,1,0,0,0,6.94814E+20,5.27722E+21,1.15927E+16,4.76191E+16
83539,9,4,74,126,2018,5,19,3,2,5,3,0,1,1,0,0,0,0,0,6.4836E+20,5.51013E+21,1.10585E+16,4.97254E+16
83540,9,5,63,0,2018,5,18,4,2,5,3,0,1,1,0,0,0,0,0,6.44172E+20,5.47968E+21,1.09893E+16,4.94526E+16
83541,9,1,73,112,2018,5,13,2,3,5,2,0,0,1,0,0,0,1,0,6.92375E+20,5.293E+21,1.15672E+16,4.77616E+16
83542,9,4,77,142,2018,5,17,5,3,8,1,0,0,1,0,0,0,0,1,6.82094E+20,5.54554E+21,1.15428E+16,5.00343E+16
83543,9,1,71,112,2018,5,14,3,3,5,7,0,0,1,0,1,0,0,0,7.84414E+20,5.34052E+21,1.28245E+16,4.81543E+16
83544,9,1,87,118,2018,5,17,2,3,2,6,0,0,1,0,0,0,0,1,7.54818E+20,5.30343E+21,1.24053E+16,4.78337E+16
83545,9,1,61,0,2018,5,13,4,3,2,6,0,0,1,0,0,0,0,0,6.80426E+20,5.40281E+21,1.14547E+16,4.87521E+16
83546,9,1,61,0,2018,5,17,5,2,0,7,0,1,0,0,0,0,0,0,6.76007E+20,5.40502E+21,1.13956E+16,4.87733E+16
83547,9,1,89,154,2018,5,15,2,3,2,6,0,0,1,0,0,0,0,0,7.66339E+20,5.31789E+21,1.25678E+16,4.79589E+16
83548,9,1,89,111,2018,5,14,2,3,5,3,0,0,1,0,0,0,0,0,7.63856E+20,5.3214E+21,1.25368E+16,4.79914E+16
83549,9,1,87,148,2018,5,13,4,3,4,6,0,0,1,0,0,0,0,0,7.40229E+20,5.27882E+21,1.21971E+16,4.76182E+16
83550,9,1,87,154,2018,5,16,5,3,8,1,0,0,1,0,0,0,0,0,7.35233E+20,5.29594E+21,1.21399E+16,4.77739E+16
83551,9,7,77,129,2018,5,13,2,3,5,3,0,0,1,0,0,0,0,0,6.28555E+20,5.27264E+21,1.071E+16,4.75945E+16
83552,9,1,89,150,2018,5,13,2,3,2,6,0,0,1,0,0,1,0,0,7.78099E+20,5.32217E+21,1.27278E+16,4.79923E+16
83553,9,7,72,162,2018,5,15,3,3,0,1,0,1,0,0,0,0,0,0,6.36184E+20,5.33551E+21,1.08313E+16,4.81582E+16
83554,9,7,80,124,2018,5,7,4,3,2,6,0,0,1,0,0,0,1,0,5.90209E+20,5.26849E+21,1.01992E+16,4.75635E+16
83555,9,1,72,134,2018,5,12,2,3,4,6,0,0,1,0,0,0,0,0,7.81337E+20,5.3045E+21,1.27596E+16,4.78322E+16
83556,9,6,79,202,2018,5,15,5,2,2,6,0,0,1,0,0,0,0,0,5.62271E+20,5.52212E+21,9.86617E+15,4.98483E+16
83557,9,6,71,130,2018,5,7,2,3,3,6,0,0,1,0,0,0,0,0,5.15875E+20,5.53899E+21,9.22153E+15,5.0003E+16
83558,9,1,84,114,2018,5,22,2,3,3,6,2,0,1,0,0,0,0,0,6.99811E+20,5.31916E+21,1.16784E+16,4.79945E+16
83559,9,3,75,190,2018,5,19,3,3,5,3,0,1,1,0,0,0,0,0,7.28098E+20,5.44539E+21,1.21262E+16,4.9119E+16