OBJECTID_1,ULAND,UREGBEZ,UKREIS,UGEMEINDE,UJAHR,UMONAT,USTUNDE,UWOCHENTAG,UKATEGORIE,UART,UTYP1,ULICHTVERH,IstRad,IstPKW,IstFuss,IstKrad,IstGkfz,IstSonstig,STRZUSTAND,LINREFX,LINREFY,XGCSWGS84,YGCSWGS84
83934,9,5,74,135,2018,6,17,3,2,8,1,0,0,0,0,1,0,0,0,6.76137E+20,5.49034E+21,1.14347E+16,4.954E+16
83935,9,7,78,218,2018,6,14,2,3,8,1,0,0,0,0,0,0,1,0,5.92637E+20,5.30612E+21,1.02395E+16,4.79018E+16
83936,9,2,74,184,2018,6,16,7,2,0,7,0,0,1,0,1,0,0,1,7.48059E+20,5.36915E+21,1.23534E+16,4.84266E+16
83937,9,3,76,149,2018,6,12,1,2,0,3,0,0,1,0,0,0,0,0,7.39427E+20,5.45267E+21,1.22856E+16,4.918E+16
83938,9,1,89,119,2018,6,2,3,2,7,1,2,0,1,0,0,0,0,0,7.63876E+20,5.30679E+21,1.25281E+16,4.78602E+16
83939,9,3,75,127,2018,6,14,2,2,0,1,0,1,0,0,0,0,0,0,7.12461E+20,5.43609E+21,1.19073E+16,4.9041E+16
83940,9,2,73,165,2018,6,5,7,2,9,1,0,0,1,0,0,0,0,0,7.14669E+20,5.41051E+21,1.1924E+16,4.88105E+16
83941,9,1,62,0,2018,6,8,3,3,2,6,0,0,1,0,0,0,1,0,6.84464E+20,5.33297E+21,1.14788E+16,4.81232E+16
83942,9,1,81,127,2018,6,16,4,3,1,6,0,0,1,0,0,0,0,1,6.34608E+20,5.32278E+21,1.08061E+16,4.80441E+16
83943,9,5,77,136,2018,6,11,7,3,1,3,0,1,1,0,0,0,0,0,6.27615E+20,5.44304E+21,1.07492E+16,4.9127E+16
83944,9,1,76,138,2018,6,18,2,3,3,6,0,0,0,0,0,0,1,0,6.77003E+20,5.42623E+21,1.14183E+16,4.89636E+16
83945,9,2,61,0,2018,6,16,7,3,9,7,0,0,1,0,0,0,0,0,7.41325E+20,5.38694E+21,1.22728E+16,4.8589E+16
83946,9,1,62,0,2018,6,12,2,3,9,1,0,0,1,0,0,0,0,0,6.977E+20,5.33515E+21,1.16575E+16,4.81388E+16
83947,9,7,71,130,2018,6,15,3,3,5,3,0,0,1,0,0,0,0,0,6.44698E+20,5.36322E+21,1.09552E+16,4.84055E+16
83948,9,2,73,111,2018,6,14,7,3,0,7,0,1,0,0,0,0,0,0,7.0868E+20,5.41011E+21,1.18424E+16,4.88089E+16
83949,9,6,76,134,2018,6,15,1,3,4,6,0,1,1,0,0,0,0,0,5.14756E+20,5.51429E+21,9.20497E+15,4.97809E+16
83950,9,4,74,126,2018,6,15,3,3,2,6,0,0,1,0,0,0,1,0,6.4844E+20,5.50594E+21,1.1058E+16,4.96877E+16
83951,9,6,75,117,2018,6,7,2,3,4,2,0,0,1,0,0,0,0,0,5.82981E+20,5.51736E+21,1.01532E+16,4.98029E+16
83952,9,2,79,128,2018,6,17,7,3,2,6,0,0,1,0,0,0,0,0,7.55225E+20,5.39638E+21,1.24667E+16,4.86683E+16
83953,9,2,75,126,2018,6,16,2,3,2,1,0,0,1,0,0,0,0,0,8.40655E+20,5.39914E+21,1.36259E+16,4.86523E+16
83954,9,2,79,116,2018,6,11,7,3,5,3,0,1,1,0,0,0,0,0,7.59462E+20,5.39147E+21,1.25211E+16,4.86225E+16
83955,9,1,62,0,2018,6,7,2,3,2,6,0,0,1,0,0,0,0,0,6.89525E+20,5.33902E+21,1.15495E+16,4.81761E+16
83956,9,1,62,0,2018,6,19,3,3,4,2,0,1,1,0,0,0,0,0,6.89058E+20,5.32958E+21,1.1539E+16,4.80914E+16
83957,9,4,71,145,2018,6,15,7,2,2,1,0,0,1,0,0,0,1,0,6.44732E+20,5.51984E+21,1.10118E+16,4.98135E+16
83958,9,2,71,151,2018,6,16,1,3,4,1,0,0,1,0,0,0,0,0,7.76012E+20,5.41381E+21,1.27601E+16,4.88159E+16
83959,9,2,78,117,2018,6,21,2,3,3,6,1,0,1,0,0,0,0,0,7.57357E+20,5.42062E+21,1.25108E+16,4.8885E+16
83960,9,1,90,159,2018,6,14,7,2,0,6,0,0,1,0,0,0,0,0,6.65104E+20,5.30585E+21,1.12085E+16,4.78848E+16
83961,9,1,84,135,2018,6,18,3,3,9,6,0,0,1,0,0,0,0,0,6.92662E+20,5.34498E+21,1.15944E+16,4.82288E+16
83962,9,1,80,117,2018,6,17,1,3,1,5,0,0,1,0,0,0,0,0,6.55476E+20,5.26095E+21,1.10638E+16,4.74834E+16
83963,9,1,74,115,2018,6,8,4,3,5,3,0,0,1,0,0,1,0,0,6.8235E+20,5.35066E+21,1.14581E+16,4.82829E+16
83964,9,4,78,165,2018,6,14,7,2,0,1,0,1,0,0,0,0,0,0,6.46784E+20,5.55377E+21,1.10532E+16,5.0118E+16
83965,9,1,73,112,2018,6,14,1,3,2,6,0,0,1,0,0,0,0,0,6.93166E+20,5.29265E+21,1.15776E+16,4.77582E+16
83966,9,1,90,151,2018,6,17,7,3,0,6,0,0,1,0,1,0,0,0,6.33653E+20,5.29962E+21,1.07861E+16,4.7836E+16
83967,9,7,78,207,2018,6,10,1,2,9,1,0,0,0,0,1,0,0,0,6.11069E+20,5.31411E+21,1.04881E+16,4.79706E+16
83968,9,6,74,130,2018,6,6,3,3,5,3,0,0,1,0,0,0,0,0,6.27644E+20,5.55067E+21,1.07846E+16,5.00945E+16
83969,9,1,90,148,2018,6,10,7,3,2,6,0,0,1,0,0,0,0,0,6.39822E+20,5.29631E+21,1.08674E+16,4.7805E+16
83970,9,5,73,122,2018,6,21,1,3,4,6,0,1,0,0,0,0,0,0,6.43907E+20,5.47791E+21,1.0985E+16,4.94368E+16
83971,9,3,74,124,2018,6,18,3,3,0,1,0,0,0,0,1,0,0,0,7.1316E+20,5.50764E+21,1.19552E+16,4.96836E+16
83972,9,6,78,186,2018,6,19,2,3,0,1,0,1,0,0,0,0,0,0,5.89345E+20,5.55039E+21,1.02493E+16,5.00991E+16
83973,9,1,73,131,2018,6,10,7,2,8,1,0,0,1,0,0,0,0,0,6.7249E+20,5.26976E+21,1.12929E+16,4.75583E+16
83974,9,2,77,133,2018,6,14,2,1,4,6,0,0,1,0,0,1,0,0,7.66715E+20,5.36894E+21,1.26049E+16,4.84171E+16
83975,9,1,83,139,2018,6,17,7,3,9,1,0,0,0,0,1,0,0,0,7.35157E+20,5.3308E+21,1.21579E+16,4.8087E+16
83976,9,1,62,0,2018,6,16,3,3,1,6,0,0,1,0,0,0,0,0,6.98664E+20,5.32958E+21,1.16679E+16,4.80885E+16
83977,9,3,71,122,2018,6,19,7,3,2,6,0,0,1,0,0,0,1,0,7.1461E+20,5.48062E+21,1.19605E+16,4.94403E+16
83978,9,1,89,149,2018,6,15,7,3,8,1,0,0,1,0,0,0,0,1,7.57903E+20,5.33267E+21,1.2464E+16,4.80951E+16
83979,9,7,73,139,2018,6,10,1,3,8,7,0,0,0,0,1,0,0,0,6.15879E+20,5.39229E+21,1.0574E+16,4.86729E+16
83980,9,6,61,0,2018,6,10,3,2,6,7,0,0,1,1,0,0,0,0,5.10394E+20,5.53604E+21,9.14496E+15,4.99766E+16
83981,9,1,89,155,2018,6,8,7,2,5,3,0,1,1,0,0,0,0,0,7.71323E+20,5.3073E+21,1.26278E+16,4.78617E+16
83982,9,1,71,123,2018,6,20,7,2,9,7,1,0,0,0,1,0,0,0,7.85214E+20,5.35225E+21,1.28431E+16,4.82592E+16
83983,9,7,80,139,2018,6,15,1,3,3,6,0,1,0,0,0,0,0,0,5.98544E+20,5.2624E+21,1.03087E+16,4.75076E+16
83984,9,6,78,115,2018,6,12,3,3,1,3,0,0,1,0,0,0,0,0,5.846E+20,5.54005E+21,1.01806E+16,5.00068E+16
83985,9,1,63,0,2018,6,14,7,2,2,7,0,0,1,0,1,0,0,0,7.30719E+20,5.30342E+21,1.20837E+16,4.78427E+16
83986,9,4,78,111,2018,6,6,1,3,5,3,0,0,1,0,0,0,0,0,6.61262E+20,5.55284E+21,1.12552E+16,5.01059E+16
83987,9,3,73,160,2018,6,13,3,3,5,3,0,0,1,0,1,0,0,0,6.95799E+20,5.4465E+21,1.16846E+16,4.91401E+16
83988,9,5,72,135,2018,6,7,2,3,5,3,0,0,1,0,0,0,0,0,6.3008E+20,5.50627E+21,1.08037E+16,4.96949E+16
83989,9,1,63,0,2018,6,8,7,3,5,3,0,1,1,0,0,0,0,0,7.33518E+20,5.30274E+21,1.21207E+16,4.78356E+16
83990,9,1,89,130,2018,6,16,4,2,3,6,0,0,1,0,1,0,0,0,7.69274E+20,5.31375E+21,1.26045E+16,4.79205E+16
83991,9,2,74,146,2018,6,16,2,3,0,7,0,1,0,0,0,0,0,0,7.33471E+20,5.37752E+21,1.21611E+16,4.85073E+16
83992,9,1,87,145,2018,6,16,7,3,5,3,0,0,1,0,0,0,0,0,7.48388E+20,5.31633E+21,1.23269E+16,4.79521E+16
83993,9,1,84,123,2018,6,18,3,3,5,3,0,1,1,0,0,0,0,0,7.02394E+20,5.33209E+21,1.17191E+16,4.81099E+16
83994,9,2,75,137,2018,6,18,7,3,5,3,0,1,1,0,0,0,0,0,8.36977E+20,5.38903E+21,1.3568E+16,4.85636E+16
83995,9,1,87,139,2018,6,13,7,3,2,6,0,0,1,0,0,0,0,0,7.45278E+20,5.31409E+21,1.2284E+16,4.79331E+16
83996,9,7,72,125,2018,6,18,1,3,1,6,0,0,1,0,0,0,0,0,6.29342E+20,5.34678E+21,1.07427E+16,4.8261E+16
83997,9,5,72,158,2018,6,14,3,3,5,6,0,1,0,0,1,0,0,0,6.50573E+20,5.49579E+21,1.10837E+16,4.95959E+16
83998,9,7,75,152,2018,6,9,2,3,0,1,0,1,0,0,0,0,0,0,5.76728E+20,5.35284E+21,1.00351E+16,4.83241E+16
83999,9,1,87,148,2018,6,12,7,3,2,6,0,0,1,0,0,0,0,0,7.39388E+20,5.2776E+21,1.21852E+16,4.76076E+16
84000,9,3,72,153,2018,6,14,1,3,4,6,0,0,0,0,1,0,0,0,7.52866E+20,5.45134E+21,1.24688E+16,4.91628E+16
84001,9,1,90,157,2018,6,14,3,3,0,6,0,1,0,0,0,1,0,0,6.60476E+20,5.30069E+21,1.11447E+16,4.78395E+16
84002,9,3,73,153,2018,6,15,2,3,8,6,0,0,0,0,0,0,1,0,6.81194E+20,5.46536E+21,1.14931E+16,4.9314E+16
84003,9,1,82,132,2018,6,15,7,2,3,6,0,0,1,0,1,0,0,0,7.06679E+20,5.28757E+21,1.17553E+16,4.77084E+16
84004,9,1,86,143,2018,6,7,3,3,5,3,0,0,1,0,0,0,1,0,6.87771E+20,5.37766E+21,1.15432E+16,4.85239E+16
84005,9,1,61,0,2018,6,7,4,3,2,6,0,0,1,0,0,0,0,0,6.80742E+20,5.40261E+21,1.14589E+16,4.87503E+16
84006,9,5,74,152,2018,6,13,7,3,2,6,0,0,1,0,0,0,0,0,6.61721E+20,5.48329E+21,1.12327E+16,4.94807E+16
84007,9,4,71,145,2018,6,19,1,2,4,2,0,0,1,0,0,0,0,0,6.44661E+20,5.52104E+21,1.10113E+16,4.98243E+16
84008,9,2,75,133,2018,6,7,3,3,5,3,0,0,1,0,0,0,0,0,8.24683E+20,5.3852E+21,1.33989E+16,4.85358E+16
84009,9,4,79,112,2018,6,18,2,3,4,6,0,0,1,0,0,0,0,0,7.28028E+20,5.55064E+21,1.21863E+16,5.00643E+16
84010,9,1,61,0,2018,6,16,7,3,5,3,0,1,1,0,0,0,0,0,6.80177E+20,5.40152E+21,1.14508E+16,4.87406E+16
84011,9,1,82,116,2018,6,5,3,2,9,1,0,0,1,0,0,0,0,0,7.05796E+20,5.28944E+21,1.17444E+16,4.77255E+16
84012,9,1,87,145,2018,6,8,4,2,5,3,0,0,1,0,1,0,0,0,7.48219E+20,5.31644E+21,1.23247E+16,4.79531E+16
84013,9,1,73,115,2018,6,13,2,2,5,3,0,0,0,0,1,0,1,0,6.81038E+20,5.28993E+21,1.14148E+16,4.77373E+16
84014,9,1,85,143,2018,6,15,7,3,8,1,0,0,1,0,0,0,0,0,6.64268E+20,5.38432E+21,1.12277E+16,4.85904E+16
84015,9,1,76,114,2018,6,5,2,3,8,1,0,0,0,0,1,0,0,0,6.81076E+20,5.43337E+21,1.14771E+16,4.90266E+16
84016,9,7,80,137,2018,6,15,3,3,8,7,0,0,1,0,0,0,0,0,5.94221E+20,5.27078E+21,1.0253E+16,4.75836E+16
84017,9,1,76,161,2018,6,18,7,3,8,1,0,1,0,0,0,0,0,0,6.81047E+20,5.41479E+21,1.14684E+16,4.88596E+16
84018,9,1,89,133,2018,6,14,1,2,5,3,0,0,1,0,0,0,0,0,7.55241E+20,5.32208E+21,1.24219E+16,4.8001E+16
84019,9,6,79,182,2018,6,11,1,2,8,7,0,0,0,0,0,0,1,0,5.73699E+20,5.48806E+21,1.00187E+16,4.95406E+16
84020,9,5,64,0,2018,6,16,3,3,2,6,0,0,1,0,0,0,0,0,6.46563E+20,5.48075E+21,1.10226E+16,4.94617E+16
84021,9,7,62,0,2018,6,15,2,2,4,6,0,1,1,0,0,0,0,0,6.20719E+20,5.30415E+21,1.06146E+16,4.78794E+16
84022,9,1,76,114,2018,6,15,7,3,4,2,0,0,1,0,1,0,0,0,6.81084E+20,5.43479E+21,1.14778E+16,4.90394E+16
84023,9,2,78,190,2018,6,15,1,2,2,6,0,0,1,0,0,0,0,0,7.6484E+20,5.42737E+21,1.2617E+16,4.89425E+16
84024,9,1,83,128,2018,6,13,3,3,0,7,0,0,1,0,1,0,0,1,7.62927E+20,5.35156E+21,1.2543E+16,4.82626E+16
84025,9,3,72,137,2018,6,13,2,3,0,1,0,0,1,0,1,0,0,1,7.83132E+20,5.4558E+21,1.28862E+16,4.91896E+16
84026,9,7,71,129,2018,6,14,7,3,2,6,0,0,1,0,0,0,0,0,6.59872E+20,5.35622E+21,1.11574E+16,4.83389E+16
84027,9,1,81,126,2018,6,8,3,3,2,6,0,0,1,0,0,1,0,0,6.3638E+20,5.33196E+21,1.08328E+16,4.81262E+16
84028,9,1,80,117,2018,6,18,1,3,5,3,0,1,1,0,0,0,0,0,6.58326E+20,5.26311E+21,1.11024E+16,4.75021E+16
84029,9,1,88,118,2018,6,10,4,3,8,1,0,0,0,0,1,0,0,0,6.7155E+20,5.31291E+21,1.12974E+16,4.79465E+16
84030,9,5,75,153,2018,6,12,7,3,2,6,0,0,1,0,0,0,0,0,6.14609E+20,5.4929E+21,1.05854E+16,4.95778E+16
84031,9,1,71,112,2018,6,18,1,3,4,6,0,0,1,0,0,0,0,0,7.83945E+20,5.34413E+21,1.28206E+16,4.81869E+16
84032,9,1,88,139,2018,6,11,7,3,2,6,0,0,1,0,0,0,0,0,6.77165E+20,5.31904E+21,1.13751E+16,4.80001E+16
84033,9,1,75,115,2018,6,18,2,2,0,2,0,0,1,0,1,0,0,0,7.21026E+20,5.32993E+21,1.1968E+16,4.80842E+16
84034,9,6,75,174,2018,6,8,3,3,9,7,0,0,1,0,0,0,0,0,5.91987E+20,5.52427E+21,1.02799E+16,4.98637E+16
84035,9,1,79,118,2018,6,1,7,3,0,1,2,1,0,0,0,0,0,0,6.72657E+20,5.33804E+21,1.13224E+16,4.81721E+16
84036,9,5,72,114,2018,6,15,1,3,5,3,0,1,0,0,0,0,0,0,6.32322E+20,5.4933E+21,1.08304E+16,4.95778E+16
84037,9,1,87,134,2018,6,7,2,3,0,7,0,1,0,0,0,0,0,0,7.36174E+20,5.32043E+21,1.21658E+16,4.79935E+16
84038,9,1,80,122,2018,6,16,1,2,0,1,0,0,0,0,1,0,0,0,6.69859E+20,5.26249E+21,1.12551E+16,4.74936E+16
84039,9,1,88,120,2018,6,2,7,3,0,7,2,1,0,0,0,0,0,0,6.75709E+20,5.32679E+21,1.13588E+16,4.80702E+16
84040,9,1,79,145,2018,6,15,2,3,4,6,0,0,1,0,0,0,1,0,6.73482E+20,5.33566E+21,1.13325E+16,4.81505E+16
84041,9,7,79,146,2018,6,10,3,3,8,1,0,0,1,0,0,0,0,0,6.05528E+20,5.4014E+21,1.04358E+16,4.87567E+16
84042,9,1,81,123,2018,6,12,7,3,5,2,0,0,1,0,1,0,0,0,6.56255E+20,5.32675E+21,1.10978E+16,4.80748E+16
84043,9,6,74,149,2018,6,16,1,3,5,3,0,1,1,0,0,0,0,0,6.0809E+20,5.55227E+21,1.05118E+16,5.01128E+16
84044,9,4,78,111,2018,6,11,3,3,5,3,0,1,1,0,0,0,0,0,6.60293E+20,5.55559E+21,1.12428E+16,5.01309E+16
84045,9,7,61,0,2018,6,9,2,3,2,6,0,0,1,0,0,1,0,0,6.44945E+20,5.35571E+21,1.09559E+16,4.83379E+16
84046,9,1,74,115,2018,6,13,7,3,2,6,0,0,1,0,0,0,0,0,6.83345E+20,5.34867E+21,1.14706E+16,4.82647E+16
84047,9,2,72,118,2018,6,21,1,2,4,2,2,0,1,0,0,0,1,0,8.32392E+20,5.41617E+21,1.35278E+16,4.88095E+16
84048,9,2,71,141,2018,6,17,2,3,8,1,0,0,0,0,0,0,1,0,7.95802E+20,5.40599E+21,1.30234E+16,4.87366E+16
84049,9,1,75,139,2018,6,18,7,3,8,7,0,0,1,0,0,0,0,0,7.10636E+20,5.33131E+21,1.18293E+16,4.81002E+16
84050,9,1,78,143,2018,6,7,3,3,2,6,0,0,1,0,0,0,0,0,7.15606E+20,5.37228E+21,1.19169E+16,4.84666E+16
84051,9,1,73,133,2018,6,12,1,3,5,3,0,1,1,0,0,0,0,0,6.77335E+20,5.27948E+21,1.13612E+16,4.76444E+16
84052,9,1,75,132,2018,6,13,4,3,5,3,0,1,0,0,0,0,1,0,7.0699E+20,5.33039E+21,1.178E+16,4.80931E+16
84053,9,4,73,170,2018,6,21,7,3,0,1,2,1,0,0,0,0,0,0,6.41047E+20,5.56367E+21,1.09767E+16,5.02084E+16
84054,9,1,62,0,2018,6,8,6,3,5,3,0,1,1,0,0,0,0,1,6.93027E+20,5.33133E+21,1.15931E+16,4.81059E+16
84055,9,7,80,112,2018,6,16,1,3,5,3,0,0,1,0,0,0,0,0,5.86494E+20,5.29353E+21,1.01548E+16,4.77894E+16
84056,9,6,73,114,2018,6,14,3,3,0,4,0,0,0,1,0,1,0,0,5.85593E+20,5.57479E+21,1.02023E+16,5.0319E+16
84057,9,1,62,0,2018,6,2,6,2,5,3,2,0,1,0,0,1,0,0,6.88513E+20,5.33498E+21,1.15341E+16,4.81401E+16
84058,9,5,61,0,2018,6,16,1,3,2,6,0,0,1,0,1,0,0,0,6.14615E+20,5.46235E+21,1.05766E+16,4.93032E+16
84059,9,3,75,175,2018,6,18,3,3,2,1,0,0,1,0,0,0,0,0,7.17615E+20,5.43526E+21,1.19773E+16,4.90318E+16
84060,9,6,61,0,2018,6,12,2,3,0,7,0,1,0,0,0,0,0,0,5.09566E+20,5.53482E+21,9.13339E+15,4.99657E+16
84061,9,1,62,0,2018,6,17,6,2,1,5,0,0,1,0,1,0,0,0,6.95488E+20,5.33094E+21,1.16259E+16,4.81017E+16
84062,9,2,74,120,2018,6,7,2,3,0,1,0,1,0,0,0,0,0,0,7.53238E+20,5.37015E+21,1.24238E+16,4.84335E+16
84063,9,1,62,0,2018,6,18,6,3,9,1,0,0,1,0,0,0,0,0,6.8423E+20,5.32919E+21,1.14741E+16,4.80894E+16
84064,9,4,61,0,2018,6,13,3,3,2,6,0,0,1,0,0,0,0,0,6.37886E+20,5.5293E+21,1.09201E+16,4.99002E+16
84065,9,6,72,121,2018,6,8,2,3,2,6,0,0,1,0,0,0,0,0,5.68386E+20,5.55285E+21,9.95668E+15,5.0124E+16
84066,9,7,78,205,2018,6,15,6,3,5,3,0,0,1,0,1,0,0,0,5.94484E+20,5.31766E+21,1.02668E+16,4.80052E+16
84067,9,2,75,133,2018,6,0,2,3,9,6,2,0,0,0,1,0,0,0,8.24943E+20,5.38532E+21,1.34024E+16,4.85367E+16
84068,9,7,74,144,2018,6,22,6,3,3,1,2,0,1,0,0,0,1,1,6.10022E+20,5.36301E+21,1.04868E+16,4.84106E+16
84069,9,1,62,0,2018,6,15,3,2,9,1,0,0,0,0,1,0,0,0,6.88072E+20,5.34023E+21,1.15305E+16,4.81874E+16
84070,9,3,72,124,2018,6,12,7,2,2,6,0,0,1,0,1,0,0,0,7.86378E+20,5.46953E+21,1.29404E+16,4.93112E+16
84071,9,7,75,135,2018,6,14,6,3,2,6,0,0,1,0,0,0,0,0,5.74728E+20,5.36066E+21,1.00095E+16,4.83947E+16
84072,9,7,62,0,2018,6,18,1,3,2,6,0,0,1,0,0,0,0,0,6.20869E+20,5.30444E+21,1.06167E+16,4.78819E+16
84073,9,6,61,0,2018,6,16,3,3,6,4,0,0,1,1,0,0,0,0,5.09679E+20,5.53432E+21,9.13495E+15,4.99611E+16
84074,9,7,75,135,2018,6,14,6,2,2,6,0,0,1,0,0,0,0,0,5.73589E+20,5.35908E+21,9.99384E+15,4.83806E+16
84075,9,4,77,128,2018,6,12,1,3,1,6,0,1,1,0,0,0,0,0,6.76999E+20,5.55418E+21,1.14757E+16,5.01135E+16
84076,9,3,71,136,2018,6,16,3,3,2,6,0,0,1,0,0,0,0,0,7.11538E+20,5.47864E+21,1.19171E+16,4.94236E+16
84077,9,5,64,0,2018,6,16,2,3,3,6,0,1,1,0,0,0,0,0,6.47159E+20,5.47621E+21,1.10292E+16,4.94208E+16
84078,9,7,80,124,2018,6,13,6,3,7,1,0,0,1,0,0,0,0,0,5.93733E+20,5.26807E+21,1.0246E+16,4.75593E+16
84079,9,1,71,122,2018,6,17,4,2,8,1,0,0,1,0,0,0,0,0,7.71043E+20,5.33242E+21,1.26399E+16,4.80874E+16
84080,9,1,82,136,2018,6,2,1,3,5,3,2,0,1,0,0,0,0,0,7.06557E+20,5.29521E+21,1.17573E+16,4.77771E+16
84081,9,2,73,164,2018,6,11,1,3,0,7,0,1,0,0,0,0,0,0,6.96932E+20,5.42659E+21,1.16905E+16,4.89609E+16
84082,9,2,73,137,2018,6,9,2,3,5,7,0,1,1,0,0,0,0,0,7.12375E+20,5.42102E+21,1.18983E+16,4.89056E+16
84083,9,7,80,123,2018,6,13,6,3,4,6,0,0,1,0,1,0,0,0,6.04663E+20,5.26283E+21,1.039E+16,4.75105E+16
84084,9,1,85,158,2018,6,7,2,3,5,3,0,0,1,0,0,0,0,0,6.68564E+20,5.38596E+21,1.12866E+16,4.8604E+16
84085,9,7,75,164,2018,6,16,3,2,2,2,0,0,1,0,0,0,0,0,5.8601E+20,5.35435E+21,1.01606E+16,4.83365E+16
84086,9,2,62,0,2018,6,9,7,3,6,7,0,0,1,1,0,0,0,0,8.28711E+20,5.38974E+21,1.34568E+16,4.85744E+16
84087,9,7,77,175,2018,6,14,6,2,2,6,0,1,1,0,1,0,0,0,6.13999E+20,5.29406E+21,1.05221E+16,4.77898E+16
84088,9,6,79,117,2018,6,14,1,2,0,6,0,0,0,0,1,0,0,0,5.76178E+20,5.5267E+21,1.00605E+16,4.98878E+16
84089,9,1,84,138,2018,6,8,3,3,1,6,0,0,1,0,0,0,0,0,6.80416E+20,5.33055E+21,1.14235E+16,4.81027E+16
84090,9,2,71,146,2018,6,13,7,2,4,2,0,0,1,0,1,0,0,0,7.84274E+20,5.41035E+21,1.287E+16,4.87811E+16
84091,9,7,77,112,2018,6,10,6,3,5,3,0,0,1,0,0,1,0,0,6.22823E+20,5.29668E+21,1.06406E+16,4.78118E+16
84092,9,7,72,211,2018,6,17,1,3,2,3,0,0,1,0,1,0,0,0,6.22644E+20,5.35306E+21,1.06544E+16,4.83188E+16
84093,9,5,72,159,2018,6,17,3,3,8,7,0,0,1,0,0,0,0,0,6.19128E+20,5.50531E+21,1.06516E+16,4.96885E+16
84094,9,1,62,0,2018,6,7,2,3,1,6,0,0,1,0,0,1,0,0,6.85463E+20,5.3409E+21,1.14957E+16,4.81943E+16
84095,9,7,76,116,2018,6,11,6,2,1,5,0,0,1,0,1,0,0,0,5.5191E+20,5.26716E+21,9.68998E+15,4.75558E+16
84096,9,4,71,128,2018,6,15,1,3,2,6,0,0,1,0,1,0,0,0,6.07194E+20,5.52281E+21,1.04911E+16,4.98481E+16
84097,9,2,74,146,2018,6,16,3,2,4,2,0,0,1,0,1,0,0,0,7.33338E+20,5.37762E+21,1.21594E+16,4.85083E+16
84098,9,4,71,145,2018,6,11,2,3,0,3,0,1,1,0,0,0,0,0,6.40932E+20,5.51868E+21,1.09586E+16,4.9804E+16
84099,9,7,76,116,2018,6,11,6,3,2,6,0,0,1,0,0,0,0,0,5.5504E+20,5.2654E+21,9.73136E+15,4.75397E+16
84100,9,1,61,0,2018,6,16,3,3,2,6,0,0,1,0,0,0,0,0,6.75975E+20,5.40461E+21,1.1395E+16,4.87696E+16
84101,9,1,61,0,2018,6,15,4,3,2,6,0,0,1,0,1,0,0,0,6.79331E+20,5.40364E+21,1.14402E+16,4.87599E+16
84102,9,1,82,134,2018,6,14,1,3,0,1,0,1,0,0,0,0,0,0,7.01666E+20,5.29358E+21,1.16913E+16,4.7764E+16
84103,9,6,76,169,2018,6,1,7,3,0,1,2,0,0,0,1,0,0,0,5.12497E+20,5.51469E+21,9.17361E+15,4.97846E+16
84104,9,1,83,139,2018,6,22,2,2,8,1,2,0,0,0,1,0,0,0,7.35122E+20,5.33109E+21,1.21576E+16,4.80896E+16
84105,9,7,77,153,2018,6,19,6,3,0,6,0,1,0,0,0,0,0,0,6.12645E+20,5.27563E+21,1.04992E+16,4.76243E+16
84106,9,1,62,0,2018,6,17,2,2,2,6,0,0,1,0,0,1,0,0,6.80257E+20,5.33851E+21,1.14247E+16,4.81742E+16
84107,9,7,77,130,2018,6,19,3,2,0,7,0,1,0,0,0,0,0,0,6.23537E+20,5.30706E+21,1.06531E+16,4.79049E+16
84108,9,7,79,201,2018,6,18,6,2,8,1,0,0,0,0,1,0,0,0,6.45309E+20,5.38966E+21,1.09727E+16,4.86431E+16
84109,9,1,84,114,2018,6,23,1,3,9,7,2,0,1,0,0,0,0,0,7.01947E+20,5.31289E+21,1.17041E+16,4.79375E+16
84110,9,6,77,148,2018,6,19,1,2,5,3,0,0,1,0,0,0,0,0,5.55858E+20,5.53437E+21,9.77876E+15,4.99591E+16
84111,9,5,71,198,2018,6,15,3,3,5,3,0,0,1,0,0,0,0,0,5.91571E+20,5.45946E+21,1.02591E+16,4.92811E+16
84112,9,7,79,130,2018,6,17,2,2,2,2,0,0,1,0,0,0,0,0,6.13311E+20,5.41348E+21,1.0545E+16,4.8864E+16
84113,9,7,61,0,2018,6,12,6,3,2,6,0,0,1,0,0,0,0,0,6.36814E+20,5.36037E+21,1.08478E+16,4.83816E+16
84114,9,2,63,0,2018,6,15,1,3,3,2,0,1,1,0,0,0,0,0,7.62614E+20,5.42007E+21,1.2582E+16,4.88779E+16
84115,9,1,87,122,2018,6,9,1,3,2,6,0,0,1,0,0,0,0,0,7.175E+20,5.30834E+21,1.19098E+16,4.78915E+16
84116,9,2,76,128,2018,6,7,2,2,4,6,0,0,0,0,0,1,1,0,7.80784E+20,5.44151E+21,1.28441E+16,4.90624E+16
84117,9,7,61,0,2018,6,16,6,2,2,2,0,0,1,0,0,0,0,0,6.41103E+20,5.36507E+21,1.09073E+16,4.8423E+16
84118,9,1,88,120,2018,6,16,3,3,2,6,0,0,1,0,0,0,0,0,6.77189E+20,5.32657E+21,1.13785E+16,4.80678E+16
84119,9,5,74,152,2018,6,16,3,3,2,6,0,0,1,0,0,0,0,0,6.62065E+20,5.48343E+21,1.12375E+16,4.94818E+16
84120,9,7,78,158,2018,6,15,2,3,8,6,0,0,0,0,0,0,1,0,6.10682E+20,5.33593E+21,1.04886E+16,4.81669E+16