OBJECTID_1,ULAND,UREGBEZ,UKREIS,UGEMEINDE,UJAHR,UMONAT,USTUNDE,UWOCHENTAG,UKATEGORIE,UART,UTYP1,ULICHTVERH,IstRad,IstPKW,IstFuss,IstKrad,IstGkfz,IstSonstig,STRZUSTAND,LINREFX,LINREFY,XGCSWGS84,YGCSWGS84
84121,9,6,75,178,2018,6,9,6,3,2,6,0,0,1,0,0,1,0,0,6.00979E+20,5.51501E+21,1.04026E+16,4.9779E+16
84122,9,3,73,147,2018,6,22,1,3,4,6,2,0,1,0,0,0,0,0,6.79259E+20,5.46361E+21,1.14657E+16,4.92989E+16
84123,9,1,73,111,2018,6,16,3,3,2,6,0,0,1,0,0,0,0,0,6.82175E+20,5.28907E+21,1.14296E+16,4.77293E+16
84124,9,3,75,179,2018,6,17,2,3,2,6,0,0,1,0,0,0,0,0,7.3233E+20,5.42744E+21,1.21738E+16,4.89562E+16
84125,9,6,63,0,2018,6,8,6,3,5,3,0,0,1,0,1,0,0,0,5.63788E+20,5.5174E+21,9.88649E+15,4.98056E+16
84126,9,1,61,0,2018,6,16,3,3,3,6,0,0,1,0,0,0,0,0,6.75484E+20,5.40483E+21,1.13884E+16,4.87717E+16
84127,9,1,76,153,2018,6,16,4,3,4,1,0,0,1,0,1,0,0,0,6.96962E+20,5.40981E+21,1.16828E+16,4.881E+16
84128,9,1,85,158,2018,6,12,1,3,2,6,0,0,1,0,0,0,0,0,6.67194E+20,5.38063E+21,1.12659E+16,4.85565E+16
84129,9,5,73,114,2018,6,13,7,2,2,6,0,0,1,0,1,0,0,0,6.33416E+20,5.4818E+21,1.08416E+16,4.94742E+16
84130,9,1,87,117,2018,6,18,2,1,5,3,0,0,1,0,1,0,0,0,7.26542E+20,5.30796E+21,1.20303E+16,4.78849E+16
84131,9,6,63,0,2018,6,17,6,3,2,6,0,0,1,0,0,0,0,0,5.70204E+20,5.51493E+21,9.9752E+15,4.97827E+16
84132,9,1,74,115,2018,6,12,2,3,0,1,0,0,0,0,1,0,0,0,6.83369E+20,5.34887E+21,1.1471E+16,4.82665E+16
84133,9,7,72,157,2018,6,16,3,3,2,2,0,0,1,0,0,0,0,0,6.28878E+20,5.33648E+21,1.07334E+16,4.81685E+16
84134,9,6,72,122,2018,6,19,6,3,1,6,0,0,1,0,0,0,0,0,5.71161E+20,5.5548E+21,9.99587E+15,5.01412E+16
84135,9,6,71,136,2018,6,13,1,3,2,6,0,0,1,0,0,0,0,0,5.03127E+20,5.54067E+21,9.04364E+15,5.00183E+16
84136,9,4,72,155,2018,6,19,3,3,8,1,0,0,1,0,0,0,0,0,6.78823E+20,5.52584E+21,1.1488E+16,4.98583E+16
84137,9,7,61,0,2018,6,18,2,3,2,2,0,1,1,0,0,0,0,0,6.36986E+20,5.36015E+21,1.085E+16,4.83796E+16
84138,9,6,78,115,2018,6,17,6,2,4,2,0,0,1,0,1,0,0,0,5.8468E+20,5.54025E+21,1.01818E+16,5.00086E+16
84139,9,2,74,165,2018,6,13,1,2,8,1,0,0,0,0,1,0,0,0,7.16807E+20,5.38709E+21,1.19408E+16,4.85993E+16
84140,9,1,76,121,2018,6,12,1,3,8,7,0,0,0,0,1,0,0,0,6.5155E+20,5.41646E+21,1.10672E+16,4.88825E+16
84141,9,2,71,125,2018,6,17,2,3,1,6,0,0,1,0,0,0,1,0,8.00901E+20,5.40884E+21,1.30947E+16,4.87597E+16
84142,9,3,73,140,2018,6,19,6,3,8,1,0,0,0,0,0,0,1,0,6.83922E+20,5.47601E+21,1.15355E+16,4.94089E+16
84143,9,1,77,139,2018,6,9,3,2,5,3,0,0,1,0,0,0,0,0,7.32019E+20,5.35946E+21,1.21315E+16,4.83457E+16
84144,9,1,78,143,2018,6,6,4,2,4,6,0,0,1,0,0,0,1,0,7.19156E+20,5.3731E+21,1.19653E+16,4.84728E+16
84145,9,1,76,148,2018,6,9,1,2,0,6,0,1,0,0,0,0,0,0,6.48172E+20,5.40993E+21,1.10188E+16,4.88247E+16
84146,9,4,72,190,2018,6,14,7,2,5,3,0,0,1,0,0,0,0,0,6.99144E+20,5.5287E+21,1.17719E+16,4.98776E+16
84147,9,5,72,135,2018,6,12,6,3,8,6,0,0,1,0,0,0,1,0,6.35399E+20,5.51326E+21,1.08799E+16,4.97566E+16
84148,9,7,63,0,2018,6,6,1,3,8,1,0,0,1,0,0,0,0,0,5.99601E+20,5.29006E+21,1.0329E+16,4.77562E+16
84149,9,6,62,0,2018,6,15,3,3,1,3,0,0,1,0,0,0,0,0,5.88068E+20,5.54534E+21,1.02302E+16,5.00538E+16
84150,9,5,72,133,2018,6,11,6,3,4,2,0,0,1,0,0,0,0,0,6.38056E+20,5.49914E+21,1.09117E+16,4.9629E+16
84151,9,1,81,122,2018,6,17,4,3,5,3,0,0,1,0,0,0,0,0,6.47545E+20,5.33256E+21,1.09829E+16,4.81292E+16
84152,9,3,77,157,2018,6,11,7,3,2,2,0,0,1,0,0,0,0,0,7.20062E+20,5.54257E+21,1.20705E+16,4.99948E+16
84153,9,5,62,0,2018,6,14,6,3,4,2,0,1,1,0,0,0,0,0,6.46138E+20,5.49543E+21,1.10222E+16,4.95938E+16
84154,9,7,75,139,2018,6,11,1,3,0,7,0,1,0,0,0,0,0,0,5.78559E+20,5.36585E+21,1.00622E+16,4.84409E+16
84155,9,6,74,160,2018,6,14,3,3,1,7,0,0,1,0,1,0,0,0,6.22818E+20,5.54488E+21,1.07153E+16,5.00436E+16
84156,9,5,74,147,2018,6,9,6,3,2,6,0,0,1,0,0,0,0,0,6.80042E+20,5.48662E+21,1.14869E+16,4.95055E+16
84157,9,5,64,0,2018,6,20,1,3,5,3,0,1,0,0,0,0,1,0,6.49818E+20,5.4817E+21,1.10679E+16,4.94695E+16
84158,9,3,63,0,2018,6,16,3,3,2,2,0,0,1,0,1,0,0,0,7.27518E+20,5.5078E+21,1.2154E+16,4.96797E+16
84159,9,6,73,117,2018,6,16,2,2,8,1,0,0,0,0,0,1,0,0,5.69147E+20,5.58174E+21,9.97261E+15,5.03837E+16
84160,9,5,74,128,2018,6,14,6,3,8,1,0,0,0,0,1,0,0,0,6.77721E+20,5.48402E+21,1.14537E+16,4.94828E+16
84161,9,1,76,123,2018,6,9,1,3,5,3,0,0,1,0,0,0,0,0,6.58758E+20,5.41734E+21,1.11658E+16,4.88887E+16
84162,9,2,72,141,2018,6,17,2,2,5,2,0,0,1,0,0,0,0,0,8.31125E+20,5.41202E+21,1.35073E+16,4.87729E+16
84163,9,5,64,0,2018,6,13,6,3,2,6,0,0,1,0,0,0,0,0,6.47563E+20,5.47871E+21,1.10357E+16,4.94431E+16
84164,9,1,84,145,2018,6,17,3,2,5,6,0,0,1,0,1,0,0,0,6.95899E+20,5.32511E+21,1.16287E+16,4.80492E+16
84165,9,3,76,149,2018,6,14,7,3,5,3,0,0,1,0,1,0,0,0,7.37985E+20,5.45447E+21,1.22669E+16,4.91968E+16
84166,9,5,64,0,2018,6,12,6,3,6,2,0,0,1,1,0,0,0,0,6.49783E+20,5.47709E+21,1.10656E+16,4.9428E+16
84167,9,7,79,111,2018,6,13,1,3,5,3,0,0,1,0,0,0,0,0,6.19719E+20,5.41048E+21,1.06315E+16,4.88358E+16
84168,9,6,71,139,2018,6,7,3,3,2,6,0,0,1,0,1,0,0,0,5.19151E+20,5.53956E+21,9.26726E+15,5.0008E+16
84169,9,5,64,0,2018,6,9,6,3,5,3,0,1,1,0,0,0,0,0,6.53646E+20,5.47433E+21,1.11178E+16,4.94022E+16
84170,9,4,72,138,2018,6,11,1,2,0,7,0,0,0,0,1,0,0,0,7.04352E+20,5.5441E+21,1.18524E+16,5.00141E+16
84171,9,2,78,118,2018,6,13,3,3,9,7,0,0,1,0,0,0,0,0,7.74776E+20,5.42478E+21,1.27507E+16,4.89149E+16
84172,9,5,73,122,2018,6,9,2,3,1,6,0,0,1,0,0,0,0,0,6.42601E+20,5.47765E+21,1.09669E+16,4.94348E+16
84173,9,5,75,129,2018,6,23,6,3,1,5,2,0,1,0,0,0,0,0,6.28579E+20,5.4885E+21,1.07771E+16,4.95355E+16
84174,9,1,82,111,2018,6,10,3,3,5,3,0,0,1,0,0,0,0,0,7.03997E+20,5.28838E+21,1.17199E+16,4.77166E+16
84175,9,4,78,165,2018,6,14,1,2,5,3,0,0,1,0,0,0,0,0,6.39396E+20,5.55456E+21,1.09503E+16,5.01269E+16
84176,9,3,72,125,2018,6,14,3,2,8,1,0,0,0,0,1,0,0,0,7.54184E+20,5.44535E+21,1.24831E+16,4.91084E+16
84177,9,5,62,0,2018,6,18,2,3,2,6,0,0,1,0,0,0,0,0,6.44052E+20,5.4917E+21,1.0992E+16,4.95607E+16
84178,9,5,71,165,2018,6,14,6,3,4,2,0,1,1,0,0,0,0,0,6.29909E+20,5.46643E+21,1.07882E+16,4.93368E+16
84179,9,1,89,140,2018,6,18,4,3,0,2,0,1,1,0,0,0,0,1,7.75444E+20,5.29489E+21,1.26749E+16,4.77485E+16
84180,9,1,79,130,2018,6,11,1,3,0,6,0,0,1,0,1,0,0,0,6.58721E+20,5.33743E+21,1.11348E+16,4.81702E+16
84181,9,2,74,132,2018,6,14,2,2,4,6,0,0,1,0,0,0,0,0,7.22802E+20,5.38622E+21,1.20216E+16,4.85894E+16
84182,9,5,71,145,2018,6,14,6,3,1,6,0,0,1,0,0,0,0,0,5.97471E+20,5.44929E+21,1.03377E+16,4.91887E+16
84183,9,1,62,0,2018,6,13,3,3,5,3,0,1,1,0,0,0,0,0,6.87665E+20,5.33503E+21,1.15227E+16,4.81408E+16
84184,9,2,71,125,2018,6,15,7,3,0,1,0,1,0,0,0,0,0,0,7.97596E+20,5.41027E+21,1.30509E+16,4.87741E+16
84185,9,5,75,112,2018,6,20,6,3,5,3,0,0,1,0,0,0,0,0,6.03141E+20,5.48642E+21,1.04251E+16,4.95216E+16
84186,9,7,72,114,2018,6,16,1,2,8,1,0,0,1,0,0,0,0,0,6.35238E+20,5.38826E+21,1.08355E+16,4.86327E+16
84187,9,5,62,0,2018,6,19,3,3,2,6,0,0,1,0,0,0,0,0,6.44843E+20,5.4967E+21,1.10048E+16,4.96055E+16
84188,9,7,78,123,2018,6,16,2,3,3,6,0,0,1,0,0,0,0,0,5.85173E+20,5.31807E+21,1.0142E+16,4.80102E+16
84189,9,5,61,0,2018,6,12,6,3,0,6,0,1,0,0,0,0,0,0,6.13686E+20,5.46272E+21,1.0564E+16,4.93066E+16
84190,9,3,75,120,2018,6,15,1,3,8,7,0,0,1,0,1,0,0,0,7.44219E+20,5.44183E+21,1.23446E+16,4.90808E+16
84191,9,1,73,147,2018,6,17,3,3,5,3,0,0,1,0,0,0,0,0,6.82353E+20,5.30784E+21,1.14398E+16,4.7898E+16
84192,9,3,63,0,2018,6,15,2,3,6,2,0,0,1,1,0,0,0,0,7.26831E+20,5.50503E+21,1.21429E+16,4.96551E+16
84193,9,4,75,113,2018,6,15,6,3,2,6,0,0,1,0,0,0,1,0,6.98288E+20,5.58315E+21,1.17883E+16,5.0367E+16
84194,9,1,86,152,2018,6,15,3,3,5,3,0,0,1,0,0,0,0,0,6.91072E+20,5.37574E+21,1.15869E+16,4.85057E+16
84195,9,1,86,149,2018,6,18,4,3,2,6,0,0,1,0,0,0,0,0,6.89052E+20,5.39018E+21,1.15662E+16,4.86361E+16
84196,9,1,79,138,2018,6,15,1,3,8,1,0,0,0,0,1,0,0,0,6.55042E+20,5.33916E+21,1.1086E+16,4.81867E+16
84197,9,5,76,128,2018,6,10,7,1,4,6,0,0,1,0,0,1,0,0,6.40081E+20,5.46013E+21,1.0926E+16,4.92778E+16
84198,9,1,87,167,2018,6,14,2,3,5,2,0,0,1,0,1,0,0,0,7.37011E+20,5.30334E+21,1.21676E+16,4.78397E+16
84199,9,4,75,156,2018,6,8,6,3,4,3,0,0,1,0,0,0,0,1,6.93129E+20,5.5785E+21,1.17134E+16,5.03269E+16
84200,9,1,81,128,2018,6,16,2,2,5,3,0,0,1,0,0,0,0,0,6.37715E+20,5.33031E+21,1.08502E+16,4.81111E+16
84201,9,7,79,130,2018,6,18,3,2,5,3,0,0,1,0,0,0,0,0,6.13312E+20,5.41348E+21,1.0545E+16,4.8864E+16
84202,9,4,79,112,2018,6,20,6,2,0,6,1,0,1,0,0,0,0,0,7.27228E+20,5.54689E+21,1.21729E+16,5.00309E+16
84203,9,1,87,174,2018,6,16,4,3,0,1,0,1,0,0,0,0,0,1,7.41431E+20,5.31393E+21,1.22325E+16,4.79331E+16
84204,9,1,75,118,2018,6,3,1,3,1,5,2,0,1,0,0,0,0,0,7.1623E+20,5.34048E+21,1.1909E+16,4.81808E+16
84205,9,1,90,157,2018,6,10,2,3,2,6,0,0,1,0,0,0,0,0,6.60457E+20,5.30062E+21,1.11444E+16,4.78388E+16
84206,9,4,78,165,2018,6,15,6,2,8,1,0,1,0,0,0,0,0,0,6.4776E+20,5.5483E+21,1.10648E+16,5.00686E+16
84207,9,1,76,114,2018,6,9,2,3,8,7,0,0,1,0,0,0,0,0,6.8087E+20,5.42589E+21,1.14709E+16,4.89594E+16
84208,9,7,80,122,2018,6,16,3,3,3,6,0,0,1,0,1,0,0,0,6.04569E+20,5.29162E+21,1.03956E+16,4.77695E+16
84209,9,2,79,124,2018,6,16,7,3,8,7,0,0,1,0,0,0,0,0,7.51351E+20,5.3934E+21,1.24124E+16,4.86431E+16
84210,9,6,79,114,2018,6,16,1,3,5,3,0,1,1,0,0,0,0,0,5.76025E+20,5.48912E+21,1.0051E+16,4.95499E+16
84211,9,5,63,0,2018,6,13,3,2,5,3,0,0,1,0,1,0,0,0,6.43219E+20,5.48294E+21,1.09773E+16,4.94822E+16
84212,9,7,75,129,2018,6,17,2,3,5,3,0,0,1,0,0,0,0,0,5.82695E+20,5.34359E+21,1.01138E+16,4.82402E+16
84213,9,4,77,156,2018,6,16,6,3,0,1,0,0,1,0,0,0,0,0,6.78896E+20,5.55958E+21,1.15047E+16,5.01614E+16
84214,9,3,76,119,2018,6,16,1,2,0,1,0,0,0,0,1,0,0,0,7.2237E+20,5.45573E+21,1.20535E+16,4.9214E+16
84215,9,1,78,120,2018,6,9,1,3,2,6,0,0,1,0,0,0,0,0,6.9441E+20,5.35451E+21,1.16222E+16,4.83139E+16
84216,9,1,89,119,2018,6,2,3,2,8,1,2,0,1,0,0,0,0,0,7.63876E+20,5.30679E+21,1.25281E+16,4.78602E+16
84217,9,3,75,130,2018,6,7,2,3,2,6,0,0,1,0,0,0,0,0,7.36217E+20,5.4357E+21,1.22316E+16,4.90289E+16
84218,9,3,72,142,2018,6,19,6,2,4,6,0,0,1,0,0,0,0,0,7.59799E+20,5.44623E+21,1.25604E+16,4.9114E+16
84219,9,1,88,121,2018,6,8,3,2,2,6,0,0,1,0,0,0,0,0,6.72629E+20,5.32961E+21,1.13186E+16,4.80964E+16
84220,9,1,74,113,2018,6,17,4,3,8,1,0,0,1,0,0,1,0,1,6.70863E+20,5.34742E+21,1.1302E+16,4.82569E+16
84221,9,1,75,127,2018,6,19,1,3,2,7,0,0,0,0,1,0,1,0,7.13054E+20,5.3405E+21,1.18664E+16,4.8182E+16
84222,9,5,77,114,2018,6,15,7,2,5,7,0,0,1,0,0,0,1,0,6.26573E+20,5.44483E+21,1.07355E+16,4.91432E+16
84223,9,1,85,158,2018,6,16,2,3,0,2,0,0,1,0,1,0,0,0,6.66495E+20,5.38133E+21,1.12567E+16,4.8563E+16
84224,9,1,80,126,2018,6,19,1,2,1,6,0,0,1,0,1,0,0,0,6.60264E+20,5.2703E+21,1.11307E+16,4.75663E+16
84225,9,3,72,153,2018,6,13,6,1,9,1,0,0,0,0,0,0,1,0,7.5408E+20,5.4561E+21,1.24884E+16,4.9205E+16
84226,9,1,77,135,2018,6,11,2,3,3,6,0,0,1,0,1,0,0,0,7.17578E+20,5.3427E+21,1.19283E+16,4.82002E+16
84227,9,6,79,179,2018,6,14,3,2,8,1,0,0,1,0,0,0,0,0,5.72107E+20,5.49044E+21,9.99712E+15,4.95622E+16
84228,9,3,73,114,2018,6,17,6,3,5,3,0,0,1,0,0,0,0,0,6.74488E+20,5.45789E+21,1.13977E+16,4.92489E+16
84229,9,5,74,123,2018,6,6,1,3,9,7,0,0,1,0,0,0,0,0,6.64354E+20,5.47934E+21,1.12674E+16,4.94445E+16
84230,9,4,71,185,2018,6,11,3,3,3,6,0,0,1,0,0,0,0,0,6.42203E+20,5.5356E+21,1.09825E+16,4.99558E+16
84231,9,6,77,148,2018,6,18,2,3,8,1,1,0,1,0,0,0,0,0,5.5322E+20,5.5365E+21,9.74228E+15,4.99785E+16
84232,9,3,76,149,2018,6,16,6,2,6,1,0,0,1,1,0,0,0,0,7.38313E+20,5.45455E+21,1.22714E+16,4.91974E+16
84233,9,1,78,155,2018,6,11,1,2,0,3,0,0,1,0,1,0,0,0,7.16102E+20,5.37498E+21,1.1925E+16,4.84908E+16
84234,9,6,74,147,2018,6,16,1,2,4,6,0,0,1,0,1,0,0,0,6.05647E+20,5.54529E+21,1.04757E+16,5.00506E+16
84235,9,4,64,0,2018,6,11,3,3,5,7,0,0,1,0,0,0,0,0,7.0742E+20,5.57794E+21,1.19136E+16,5.0317E+16
84236,9,7,79,155,2018,6,20,2,2,8,1,1,0,1,0,0,0,0,0,6.2565E+20,5.40245E+21,1.07098E+16,4.87624E+16
84237,9,3,61,0,2018,6,8,6,3,2,6,0,0,1,0,0,0,1,0,7.0654E+20,5.48434E+21,1.18513E+16,4.94765E+16
84238,9,2,71,151,2018,6,17,1,3,0,1,0,1,0,0,0,0,0,0,7.80595E+20,5.41442E+21,1.28228E+16,4.88193E+16
84239,9,1,84,122,2018,6,22,7,3,0,7,2,1,0,0,0,0,0,0,6.88143E+20,5.32387E+21,1.15242E+16,4.80404E+16
84240,9,2,78,113,2018,6,7,2,2,4,2,0,1,1,0,0,0,0,0,7.65049E+20,5.41705E+21,1.26132E+16,4.88498E+16
84241,9,2,78,190,2018,6,17,6,3,0,7,0,0,1,0,0,0,0,0,7.65649E+20,5.4272E+21,1.2628E+16,4.89406E+16
84242,9,1,78,124,2018,6,8,3,3,2,6,0,0,1,0,0,1,0,0,7.0237E+20,5.35956E+21,1.17319E+16,4.83568E+16
84243,9,1,78,113,2018,6,19,4,3,8,1,0,0,1,0,0,0,0,1,6.91536E+20,5.36721E+21,1.15893E+16,4.84289E+16
84244,9,7,74,118,2018,6,1,7,3,2,6,2,0,1,0,0,1,0,0,5.91905E+20,5.36475E+21,1.02424E+16,4.84292E+16
84245,9,4,76,177,2018,6,9,7,3,2,6,0,1,1,0,0,0,0,0,6.74686E+20,5.57393E+21,1.14525E+16,5.02916E+16
84246,9,2,63,0,2018,6,12,6,3,4,6,0,0,1,0,1,0,0,0,7.59248E+20,5.42216E+21,1.25375E+16,4.88981E+16
84247,9,7,75,129,2018,6,19,1,3,2,6,0,0,1,0,0,0,0,0,5.81904E+20,5.34231E+21,1.01029E+16,4.82287E+16
84248,9,6,73,172,2018,6,12,3,2,5,3,0,0,1,0,0,0,0,0,6.12141E+20,5.56536E+21,1.05723E+16,5.02298E+16
84249,9,2,63,0,2018,6,9,6,3,8,1,0,0,0,0,0,1,0,0,7.62919E+20,5.42067E+21,1.25865E+16,4.88831E+16
84250,9,2,79,113,2018,6,12,1,1,8,1,2,0,0,0,1,0,0,0,7.81674E+20,5.39356E+21,1.28233E+16,4.86315E+16
84251,9,5,77,159,2018,6,20,1,3,9,1,0,0,1,0,0,0,0,0,6.34809E+20,5.44215E+21,1.08475E+16,4.91174E+16
84252,9,3,74,129,2018,6,17,3,3,5,3,0,0,1,0,0,0,0,0,6.94988E+20,5.51714E+21,1.17083E+16,4.9775E+16
84253,9,6,71,111,2018,6,22,2,2,0,3,2,0,1,0,0,0,0,0,5.02548E+20,5.54794E+21,9.03561E+15,5.00838E+16
84254,9,2,76,116,2018,6,11,6,3,5,3,0,0,1,0,0,0,0,0,8.00218E+20,5.42486E+21,1.30972E+16,4.89038E+16
84255,9,7,76,116,2018,6,12,7,3,5,3,0,1,1,0,0,0,0,0,5.54619E+20,5.26607E+21,9.72586E+15,4.75457E+16
84256,9,2,74,128,2018,6,13,2,3,2,6,0,0,1,0,0,0,0,0,7.35607E+20,5.38646E+21,1.21951E+16,4.85869E+16
84257,9,2,71,138,2018,6,15,6,3,8,1,0,0,0,0,1,0,0,0,7.95157E+20,5.40979E+21,1.30174E+16,4.87711E+16
84258,9,1,62,0,2018,6,15,3,3,5,3,0,1,1,0,0,0,0,0,6.87615E+20,5.33505E+21,1.15221E+16,4.8141E+16
84259,9,7,77,159,2018,6,14,7,2,5,2,0,0,1,0,0,0,0,0,6.14936E+20,5.27407E+21,1.05293E+16,4.76098E+16
84260,9,2,71,146,2018,6,10,7,2,8,1,0,0,1,0,0,0,0,0,7.86777E+20,5.41243E+21,1.29055E+16,4.87987E+16
84261,9,2,72,143,2018,6,17,6,3,6,7,0,0,1,1,0,0,0,0,8.24539E+20,5.42446E+21,1.34278E+16,4.8888E+16
84262,9,2,77,138,2018,6,15,2,3,0,6,0,0,1,0,1,0,0,0,7.9167E+20,5.37138E+21,1.29431E+16,4.8428E+16
84263,9,2,77,116,2018,6,9,6,2,3,3,0,0,1,0,0,0,0,0,7.79565E+20,5.36826E+21,1.27778E+16,4.84054E+16
84264,9,1,62,0,2018,6,18,3,3,2,6,0,0,1,0,0,0,0,0,6.85446E+20,5.34092E+21,1.14955E+16,4.81944E+16
84265,9,7,61,0,2018,6,12,7,3,2,6,0,0,1,0,0,0,0,0,6.39724E+20,5.35263E+21,1.08845E+16,4.83114E+16
84266,9,3,74,162,2018,6,12,7,2,4,3,0,0,1,0,1,0,0,0,7.41335E+20,5.50144E+21,1.23413E+16,4.96173E+16
84267,9,2,61,0,2018,6,15,6,3,5,3,0,0,1,0,0,0,0,0,7.3182E+20,5.38119E+21,1.21409E+16,4.8541E+16
84268,9,7,80,122,2018,6,17,1,3,2,6,0,0,1,0,0,0,1,0,6.0082E+20,5.29509E+21,1.03464E+16,4.78013E+16
84269,9,6,78,181,2018,6,15,3,3,5,1,0,1,1,0,0,0,0,0,5.97772E+20,5.55996E+21,1.03695E+16,5.01837E+16
84270,9,2,74,183,2018,6,9,6,3,2,6,0,0,1,0,0,0,1,0,7.44458E+20,5.36513E+21,1.23024E+16,4.83919E+16
84271,9,4,72,175,2018,6,23,1,3,7,7,2,0,1,0,0,0,0,0,6.82062E+20,5.52067E+21,1.15306E+16,4.98108E+16
84272,9,3,76,153,2018,6,15,3,3,3,6,0,0,1,0,0,1,0,0,7.28114E+20,5.48799E+21,1.21508E+16,4.95016E+16
84273,9,5,76,111,2018,6,18,2,2,4,6,0,0,1,0,0,0,0,0,6.41098E+20,5.4561E+21,1.09385E+16,4.92414E+16
84274,9,2,73,139,2018,6,17,6,2,5,3,0,0,1,0,1,0,0,0,7.13551E+20,5.40595E+21,1.19065E+16,4.87698E+16
84275,9,1,83,112,2018,6,17,4,3,2,6,0,0,1,0,0,0,0,0,7.53319E+20,5.34898E+21,1.24122E+16,4.82434E+16
84276,9,6,63,0,2018,6,10,7,3,2,6,0,0,1,0,0,0,0,0,5.68734E+20,5.51684E+21,9.95513E+15,4.98E+16
84277,9,2,74,126,2018,6,19,2,3,2,1,0,0,1,0,1,0,0,0,7.33428E+20,5.38263E+21,1.21634E+16,4.85533E+16
84278,9,2,61,0,2018,6,14,6,3,8,1,0,0,1,0,0,0,0,0,7.30837E+20,5.37932E+21,1.21265E+16,4.85245E+16
84279,9,7,75,139,2018,6,14,3,3,9,1,0,0,0,0,0,0,1,0,5.78599E+20,5.36732E+21,1.0063E+16,4.84541E+16
84280,9,2,75,153,2018,6,12,7,3,8,1,0,1,0,0,0,0,0,0,8.44698E+20,5.38629E+21,1.367E+16,4.85349E+16
84281,9,2,61,0,2018,6,11,6,3,2,6,0,0,1,0,1,0,0,0,7.32431E+20,5.38167E+21,1.21494E+16,4.8545E+16
84282,9,6,75,142,2018,6,18,1,3,2,6,0,0,1,0,0,0,0,0,5.93571E+20,5.51489E+21,1.02997E+16,4.97792E+16
84283,9,5,74,152,2018,6,11,3,3,2,6,0,0,1,0,0,0,0,0,6.62528E+20,5.48374E+21,1.1244E+16,4.94845E+16
84284,9,7,75,135,2018,6,16,2,3,5,4,0,0,1,1,0,0,0,0,5.74761E+20,5.35758E+21,1.00094E+16,4.8367E+16
84285,9,2,79,132,2018,6,14,6,3,5,3,0,0,1,0,0,0,0,0,7.70026E+20,5.40202E+21,1.2671E+16,4.87127E+16
84286,9,3,73,143,2018,6,22,1,3,7,7,2,0,0,0,1,0,0,0,7.02673E+20,5.44904E+21,1.178E+16,4.91607E+16
84287,9,7,72,147,2018,6,16,1,3,3,6,0,0,1,0,0,0,1,0,6.31458E+20,5.36443E+21,1.07768E+16,4.84193E+16
84288,9,5,74,138,2018,6,1,3,3,2,6,2,0,1,0,0,1,0,0,6.64953E+20,5.48461E+21,1.12778E+16,4.94916E+16
84289,9,2,73,141,2018,6,17,6,2,5,3,0,1,1,0,0,0,0,0,7.23654E+20,5.41307E+21,1.20476E+16,4.88303E+16
84290,9,4,71,155,2018,6,18,1,2,9,1,0,0,0,0,1,0,0,0,6.44514E+20,5.5302E+21,1.10126E+16,4.99067E+16
84291,9,2,74,194,2018,6,13,3,3,5,3,0,0,1,0,0,0,0,0,7.21122E+20,5.37896E+21,1.19949E+16,4.85248E+16
84292,9,4,63,0,2018,6,17,2,3,8,7,0,0,1,0,0,0,0,0,6.40843E+20,5.57108E+21,1.09766E+16,5.0275E+16
84293,9,1,83,118,2018,6,14,6,2,5,3,0,0,1,0,0,0,0,0,7.466E+20,5.3379E+21,1.23154E+16,4.81465E+16
84294,9,1,87,150,2018,6,21,3,3,5,3,1,0,1,0,0,0,0,0,7.29326E+20,5.30337E+21,1.20651E+16,4.78427E+16
84295,9,1,87,139,2018,6,18,4,3,1,6,0,0,1,0,0,0,0,1,7.44389E+20,5.31644E+21,1.22735E+16,4.79546E+16
84296,9,6,73,133,2018,6,22,7,3,8,1,1,0,1,0,0,0,0,0,5.88849E+20,5.57739E+21,1.02486E+16,5.03419E+16
84297,9,1,73,112,2018,6,3,2,2,4,6,2,0,1,0,0,1,0,0,6.92675E+20,5.29211E+21,1.15708E+16,4.77536E+16
84298,9,1,72,118,2018,6,19,6,3,2,6,0,0,1,0,0,0,0,1,7.98454E+20,5.30615E+21,1.29889E+16,4.78393E+16
84299,9,1,62,0,2018,6,18,2,3,2,6,0,0,1,0,0,1,0,0,6.81088E+20,5.33994E+21,1.14365E+16,4.81868E+16
84300,9,7,80,134,2018,6,16,3,3,5,3,0,0,1,0,0,1,0,0,5.95399E+20,5.25967E+21,1.02663E+16,4.74834E+16
84301,9,1,71,137,2018,6,14,6,2,5,3,0,0,1,0,1,0,0,0,7.72022E+20,5.35096E+21,1.26649E+16,4.82534E+16
84302,9,1,87,182,2018,6,16,1,2,5,3,0,1,1,0,0,0,0,0,7.40455E+20,5.3263E+21,1.22264E+16,4.80446E+16
84303,9,6,75,127,2018,6,18,1,3,3,6,0,0,1,0,0,0,0,0,6.086E+20,5.51426E+21,1.05082E+16,4.9771E+16
84304,9,5,75,145,2018,6,16,3,2,9,3,0,0,1,0,0,0,0,0,6.22737E+20,5.48571E+21,1.06955E+16,4.95116E+16
84305,9,7,79,192,2018,6,16,2,2,4,1,0,0,1,0,0,1,0,0,6.40196E+20,5.3962E+21,1.09055E+16,4.87031E+16
84306,9,1,87,118,2018,6,18,6,3,0,3,0,1,1,0,0,0,0,0,7.51461E+20,5.30266E+21,1.236E+16,4.78281E+16
84307,9,2,78,148,2018,6,18,1,2,0,6,0,0,0,0,1,0,0,0,7.34114E+20,5.40706E+21,1.21865E+16,4.87725E+16
84308,9,6,72,112,2018,6,12,7,3,0,6,0,0,1,0,1,0,0,0,5.75676E+20,5.56758E+21,1.00616E+16,5.02555E+16