OBJECTID_1,ULAND,UREGBEZ,UKREIS,UGEMEINDE,UJAHR,UMONAT,USTUNDE,UWOCHENTAG,UKATEGORIE,UART,UTYP1,ULICHTVERH,IstRad,IstPKW,IstFuss,IstKrad,IstGkfz,IstSonstig,STRZUSTAND,LINREFX,LINREFY,XGCSWGS84,YGCSWGS84
84683,9,1,84,119,2018,6,15,4,3,3,2,0,0,1,0,1,0,0,0,6.98177E+20,5.34623E+21,1.16691E+16,4.82383E+16
84684,9,1,88,137,2018,6,21,7,2,8,7,1,0,1,0,0,0,0,0,6.72638E+20,5.31688E+21,1.13136E+16,4.79819E+16
84685,9,2,75,133,2018,6,16,2,3,2,2,0,0,1,0,0,0,0,0,8.27972E+20,5.38145E+21,1.34403E+16,4.85004E+16
84686,9,6,74,147,2018,6,19,7,3,8,1,0,0,1,0,0,0,0,1,6.0898E+20,5.54481E+21,1.05221E+16,5.00456E+16
84687,9,1,86,162,2018,6,21,3,3,9,1,2,0,0,0,0,0,1,1,6.90884E+20,5.38416E+21,1.15882E+16,4.85814E+16
84688,9,1,84,135,2018,6,19,4,2,3,6,0,0,1,0,1,0,0,1,6.92121E+20,5.34466E+21,1.15869E+16,4.8226E+16
84689,9,6,79,118,2018,6,11,6,3,5,3,0,0,1,0,0,0,0,0,5.7354E+20,5.48375E+21,1.00157E+16,4.95019E+16
84690,9,1,88,141,2018,6,19,2,3,4,6,0,0,1,0,0,0,0,0,6.69683E+20,5.30753E+21,1.12703E+16,4.78987E+16
84691,9,6,63,0,2018,6,15,2,3,0,1,0,0,0,0,1,0,1,1,5.71872E+20,5.51585E+21,9.99854E+15,4.97908E+16
84692,9,7,77,121,2018,6,16,4,3,8,1,0,0,1,0,0,0,0,1,6.28581E+20,5.32065E+21,1.07246E+16,4.80262E+16
84693,9,4,75,161,2018,6,16,6,3,1,6,0,0,1,0,0,0,0,0,7.16101E+20,5.5729E+21,1.20325E+16,5.02687E+16
84694,9,4,73,121,2018,6,6,1,3,5,3,0,0,1,0,0,0,0,0,6.47123E+20,5.5655E+21,1.10625E+16,5.02234E+16
84695,9,7,74,155,2018,6,21,4,3,3,6,2,0,1,0,0,1,0,1,5.86683E+20,5.36802E+21,1.01725E+16,4.84594E+16
84696,9,2,73,181,2018,6,15,7,3,2,6,0,0,1,0,0,0,0,1,7.12815E+20,5.39993E+21,1.18933E+16,4.8716E+16
84697,9,7,62,0,2018,6,7,2,3,3,6,0,1,0,0,0,0,0,0,6.20436E+20,5.30633E+21,1.06114E+16,4.7899E+16
84698,9,7,75,139,2018,6,7,4,3,2,6,0,0,1,0,0,0,0,0,5.78655E+20,5.36733E+21,1.00638E+16,4.84542E+16
84699,9,5,71,193,2018,6,12,6,3,3,3,0,0,1,0,0,0,0,0,5.86549E+20,5.46843E+21,1.0192E+16,4.93624E+16
84700,9,5,72,135,2018,6,11,1,3,2,6,0,0,1,0,0,0,0,0,6.32094E+20,5.50909E+21,1.08326E+16,4.97198E+16
84701,9,7,75,135,2018,6,10,4,2,5,3,0,0,1,0,0,0,0,0,5.81179E+20,5.35462E+21,1.00955E+16,4.83395E+16
84702,9,2,71,119,2018,6,4,7,3,2,6,1,0,1,0,0,1,0,0,7.87071E+20,5.41599E+21,1.2912E+16,4.88305E+16
84703,9,1,62,0,2018,6,8,5,3,1,7,0,0,1,0,1,0,0,0,6.8267E+20,5.33596E+21,1.1456E+16,4.81506E+16
84704,9,1,80,119,2018,6,16,6,3,7,7,0,0,1,0,0,0,0,1,6.71696E+20,5.28264E+21,1.12874E+16,4.76743E+16
84705,9,1,82,112,2018,6,11,1,2,8,1,0,0,0,0,1,0,0,0,7.26351E+20,5.28537E+21,1.2016E+16,4.76821E+16
84706,9,7,64,0,2018,6,18,4,3,5,3,0,1,1,0,0,0,0,0,5.88296E+20,5.31411E+21,1.01831E+16,4.79742E+16
84707,9,1,62,0,2018,6,16,7,3,8,1,0,0,1,0,0,0,0,0,6.89669E+20,5.34466E+21,1.15539E+16,4.82268E+16
84708,9,2,74,187,2018,6,11,2,2,8,1,0,0,1,0,0,0,0,0,7.22557E+20,5.3884E+21,1.20194E+16,4.8609E+16
84709,9,6,61,0,2018,6,10,7,3,2,6,0,0,1,0,0,0,0,0,5.09466E+20,5.53396E+21,9.13197E+15,4.99579E+16
84710,9,1,62,0,2018,6,22,3,3,3,1,2,0,1,0,0,1,0,1,6.784E+20,5.33425E+21,1.1398E+16,4.81365E+16
84711,9,7,80,140,2018,6,20,4,2,2,6,1,0,1,0,0,0,0,1,6.05831E+20,5.28096E+21,1.04099E+16,4.76733E+16
84712,9,6,78,132,2018,6,13,6,3,5,3,0,0,1,0,0,0,0,0,5.82437E+20,5.54592E+21,1.01517E+16,5.00598E+16
84713,9,1,77,115,2018,6,7,2,3,4,6,0,0,1,0,0,1,0,0,7.28064E+20,5.35341E+21,1.20749E+16,4.82927E+16
84714,9,7,77,151,2018,6,15,4,3,6,4,0,0,1,1,0,0,0,0,6.21232E+20,5.29308E+21,1.06183E+16,4.77796E+16
84715,9,6,78,134,2018,6,20,2,3,4,6,1,0,1,0,0,1,0,1,5.97416E+20,5.52708E+21,1.03562E+16,4.98882E+16
84716,9,7,76,125,2018,6,7,4,3,1,6,0,0,1,0,0,0,0,0,5.6438E+20,5.26998E+21,9.85614E+15,4.758E+16
84717,9,4,71,152,2018,6,12,6,3,0,1,0,0,0,0,1,0,0,0,6.28088E+20,5.53622E+21,1.0786E+16,4.99646E+16
84718,9,3,77,117,2018,6,10,1,2,5,2,0,0,1,0,1,0,0,0,7.31318E+20,5.52849E+21,1.22189E+16,4.98641E+16
84719,9,7,76,124,2018,6,15,4,2,0,2,0,1,0,0,0,0,0,0,5.7224E+20,5.27649E+21,9.96172E+15,4.76378E+16
84720,9,1,83,140,2018,6,16,7,1,6,4,0,0,1,1,0,0,0,0,7.40253E+20,5.33993E+21,1.22314E+16,4.81672E+16
84721,9,1,62,0,2018,6,14,5,3,0,1,0,1,0,0,0,0,0,0,6.85631E+20,5.3353E+21,1.14955E+16,4.81438E+16
84722,9,1,87,165,2018,6,22,6,3,3,7,2,0,1,0,0,0,0,0,7.33037E+20,5.29969E+21,1.21127E+16,4.78084E+16
84723,9,1,84,141,2018,6,16,7,3,5,6,0,0,1,0,0,0,0,1,6.97024E+20,5.31941E+21,1.16412E+16,4.79976E+16
84724,9,5,64,0,2018,6,11,3,3,2,6,0,0,1,0,0,0,0,0,6.47853E+20,5.47998E+21,1.10401E+16,4.94544E+16
84725,9,7,76,126,2018,6,8,4,3,8,1,0,1,0,0,0,0,0,0,5.60258E+20,5.27287E+21,9.80172E+15,4.76064E+16
84726,9,3,71,136,2018,6,4,3,3,7,7,2,0,1,0,0,0,0,1,7.06639E+20,5.47554E+21,1.18481E+16,4.93975E+16
84727,9,7,76,116,2018,6,12,4,3,0,1,0,0,1,1,0,0,0,0,5.55038E+20,5.2654E+21,9.73134E+15,4.75397E+16
84728,9,7,64,0,2018,6,19,6,2,8,1,0,0,0,0,0,0,1,0,5.86508E+20,5.31007E+21,1.01583E+16,4.79381E+16
84729,9,1,90,148,2018,6,14,2,3,0,1,0,1,0,0,0,0,0,0,6.42338E+20,5.29726E+21,1.09013E+16,4.7813E+16
84730,9,5,71,228,2018,6,17,7,3,8,1,0,0,1,0,0,0,0,1,5.8845E+20,5.45491E+21,1.02152E+16,4.92406E+16
84731,9,7,75,135,2018,6,19,5,2,0,7,0,1,0,0,0,0,0,0,5.76899E+20,5.35584E+21,1.00379E+16,4.83511E+16
84732,9,1,89,154,2018,6,11,6,3,5,3,0,1,1,0,0,0,0,0,7.68464E+20,5.31782E+21,1.25962E+16,4.79573E+16
84733,9,1,88,139,2018,6,11,1,3,8,1,0,1,0,0,0,0,0,0,6.79142E+20,5.32006E+21,1.1402E+16,4.80087E+16
84734,9,6,71,150,2018,6,13,3,2,8,1,0,0,1,0,0,0,0,1,5.18173E+20,5.54217E+21,9.25375E+15,5.00315E+16
84735,9,7,80,114,2018,6,7,4,3,2,6,0,0,1,0,0,0,0,0,6.02297E+20,5.28778E+21,1.03644E+16,4.77353E+16
84736,9,4,76,185,2018,6,7,3,3,6,4,0,0,1,1,0,0,0,1,6.67384E+20,5.56364E+21,1.13455E+16,5.02012E+16
84737,9,7,79,181,2018,6,12,4,3,0,7,0,0,1,0,0,1,0,0,6.35089E+20,5.39014E+21,1.08341E+16,4.86497E+16
84738,9,1,84,127,2018,6,14,6,3,0,7,0,1,0,0,0,0,0,0,7.02697E+20,5.32204E+21,1.17184E+16,4.80195E+16
84739,9,2,79,130,2018,6,6,2,3,2,6,0,0,1,0,0,0,0,0,7.49156E+20,5.39101E+21,1.23812E+16,4.86225E+16
84740,9,5,74,138,2018,6,14,7,3,0,1,0,1,0,0,0,0,0,1,6.61577E+20,5.49125E+21,1.1234E+16,4.95523E+16
84741,9,1,88,121,2018,6,17,3,3,5,3,0,1,1,0,0,0,0,0,6.7007E+20,5.32929E+21,1.12841E+16,4.80942E+16
84742,9,7,72,147,2018,6,15,4,2,8,1,0,0,0,0,0,1,0,1,6.38729E+20,5.36321E+21,1.08746E+16,4.84068E+16
84743,9,6,76,134,2018,6,18,6,3,5,3,0,1,1,0,0,0,0,0,5.13253E+20,5.513E+21,9.18404E+15,4.97693E+16
84744,9,7,75,135,2018,6,12,1,3,3,6,0,0,1,0,0,0,0,1,5.80402E+20,5.35973E+21,1.0086E+16,4.83856E+16
84745,9,7,72,131,2018,6,22,4,3,9,7,2,1,0,0,0,0,0,0,6.16737E+20,5.35671E+21,1.05757E+16,4.83528E+16
84746,9,5,64,0,2018,6,15,2,3,2,6,0,0,1,0,0,0,1,0,6.51294E+20,5.47726E+21,1.10865E+16,4.94292E+16
84747,9,7,72,134,2018,6,16,4,3,2,6,0,0,1,0,1,0,0,0,6.33347E+20,5.38453E+21,1.08087E+16,4.85996E+16
84748,9,7,78,137,2018,6,6,5,2,5,3,0,0,1,0,0,0,0,0,6.25108E+20,5.32943E+21,1.06806E+16,4.81058E+16
84749,9,3,73,121,2018,6,11,6,2,0,7,0,0,1,0,0,0,0,0,6.89784E+20,5.43459E+21,1.15967E+16,4.90349E+16
84750,9,3,73,156,2018,6,18,1,3,2,6,0,0,1,0,0,0,0,0,6.60579E+20,5.46404E+21,1.12092E+16,4.93079E+16
84751,9,7,71,130,2018,6,5,4,2,2,6,0,0,1,0,1,0,0,0,6.44482E+20,5.36153E+21,1.09517E+16,4.83904E+16
84752,9,1,87,128,2018,6,19,7,3,0,1,0,1,0,0,0,0,0,0,7.47066E+20,5.31032E+21,1.23058E+16,4.78986E+16
84753,9,7,76,126,2018,6,18,5,2,8,1,0,0,0,0,1,0,0,0,5.61533E+20,5.2715E+21,9.81849E+15,4.7594E+16
84754,9,7,75,164,2018,6,6,7,3,8,1,0,0,1,0,0,0,0,0,5.85828E+20,5.35283E+21,1.01578E+16,4.83228E+16
84755,9,4,79,169,2018,6,14,3,3,0,1,0,1,0,0,0,0,0,0,7.15597E+20,5.54726E+21,1.2011E+16,5.00386E+16
84756,9,7,61,0,2018,6,7,4,3,5,3,0,1,1,0,0,0,0,0,6.40349E+20,5.35558E+21,1.08939E+16,4.83378E+16
84757,9,1,86,122,2018,6,23,6,3,1,1,2,1,1,0,0,0,0,0,6.93572E+20,5.39564E+21,1.163E+16,4.86837E+16
84758,9,2,74,187,2018,6,18,3,2,0,1,0,1,0,0,0,0,0,1,7.24393E+20,5.38781E+21,1.2044E+16,4.86031E+16
84759,9,7,61,0,2018,6,11,4,3,5,3,0,1,1,0,0,0,0,0,6.4229E+20,5.35942E+21,1.09214E+16,4.83719E+16
84760,9,7,62,0,2018,6,12,6,3,2,6,0,0,1,0,0,0,0,0,6.20412E+20,5.30638E+21,1.06111E+16,4.78994E+16
84761,9,1,89,154,2018,6,14,2,3,0,7,0,1,0,0,0,0,0,0,7.65887E+20,5.31926E+21,1.25626E+16,4.79713E+16
84762,9,5,71,114,2018,6,11,7,3,2,6,0,0,1,0,0,0,1,0,6.03659E+20,5.45619E+21,1.04244E+16,4.92497E+16
84763,9,1,62,0,2018,6,8,2,3,5,2,0,1,1,0,0,0,0,0,6.92164E+20,5.33948E+21,1.15852E+16,4.81795E+16
84764,9,6,63,0,2018,6,10,4,3,3,6,0,0,1,0,1,0,0,0,5.64958E+20,5.51705E+21,9.9027E+15,4.98024E+16
84765,9,5,76,127,2018,6,15,6,2,5,2,0,1,1,0,0,0,0,0,6.59543E+20,5.45034E+21,1.11895E+16,4.91851E+16
84766,9,7,79,136,2018,6,14,1,2,4,1,0,0,1,0,1,0,0,1,6.086E+20,5.40569E+21,1.04787E+16,4.87947E+16
84767,9,6,75,139,2018,6,17,4,3,5,3,0,0,1,0,0,0,0,0,5.89826E+20,5.50684E+21,1.02458E+16,4.97074E+16
84768,9,4,71,189,2018,6,14,7,3,7,1,0,0,1,0,0,0,0,1,6.56804E+20,5.54087E+21,1.1188E+16,4.99995E+16
84769,9,7,62,0,2018,6,7,5,2,4,2,0,1,1,0,0,0,0,0,6.20544E+20,5.30404E+21,1.06122E+16,4.78784E+16
84770,9,1,78,113,2018,6,15,3,3,2,6,0,0,1,0,0,1,0,0,6.91571E+20,5.36674E+21,1.15896E+16,4.84247E+16
84771,9,6,74,221,2018,6,7,4,3,5,3,0,0,1,0,1,0,0,0,6.13711E+20,5.54134E+21,1.05871E+16,5.00135E+16
84772,9,5,74,123,2018,6,10,6,3,3,6,0,0,1,0,0,1,0,0,6.5877E+20,5.47349E+21,1.11881E+16,4.93934E+16
84773,9,7,80,123,2018,6,16,1,3,0,1,0,1,0,0,0,0,0,0,6.05369E+20,5.26323E+21,1.03995E+16,4.7514E+16
84774,9,6,78,164,2018,6,17,4,2,0,7,0,1,0,0,0,0,1,0,5.99855E+20,5.52517E+21,1.03896E+16,4.98706E+16
84775,9,4,75,154,2018,6,11,7,3,5,3,0,0,1,0,0,0,0,0,6.98045E+20,5.56537E+21,1.17756E+16,5.02074E+16
84776,9,5,71,145,2018,6,8,2,3,5,3,0,0,1,0,0,0,0,0,6.02301E+20,5.44061E+21,1.04018E+16,4.91099E+16
84777,9,6,72,140,2018,6,6,4,2,0,1,0,0,1,0,0,0,0,0,5.79005E+20,5.55435E+21,1.01055E+16,5.01361E+16
84778,9,7,72,111,2018,6,20,5,3,3,1,1,0,1,0,0,1,0,1,6.26272E+20,5.36418E+21,1.07066E+16,4.84181E+16
84779,9,3,71,136,2018,6,17,6,3,8,1,0,0,0,0,1,0,0,0,7.07019E+20,5.47461E+21,1.18528E+16,4.9389E+16
84780,9,2,77,119,2018,6,12,1,2,8,1,0,0,0,0,1,0,0,0,7.76884E+20,5.37731E+21,1.27476E+16,4.84879E+16
84781,9,6,72,157,2018,6,16,4,3,5,3,0,0,1,0,1,0,0,0,5.9425E+20,5.5599E+21,1.03202E+16,5.01838E+16
84782,9,1,61,0,2018,6,17,7,3,0,1,0,1,0,0,0,0,0,0,6.79183E+20,5.40496E+21,1.14388E+16,4.87719E+16
84783,9,7,72,184,2018,6,18,5,2,3,2,0,1,1,0,0,0,0,0,6.3286E+20,5.35858E+21,1.07938E+16,4.83664E+16
84784,9,7,73,136,2018,6,20,7,2,2,2,0,0,1,0,0,0,0,0,5.98379E+20,5.37411E+21,1.03321E+16,4.85124E+16
84785,9,1,89,155,2018,6,16,3,2,5,3,0,0,1,0,0,0,0,1,7.70036E+20,5.30826E+21,1.26112E+16,4.78708E+16
84786,9,6,61,0,2018,6,15,4,3,2,6,0,0,1,0,0,0,0,0,5.09374E+20,5.53557E+21,9.13073E+15,4.99724E+16
84787,9,7,73,182,2018,6,8,6,3,0,7,0,0,0,0,1,0,1,1,6.22041E+20,5.37787E+21,1.06535E+16,4.8542E+16
84788,9,1,61,0,2018,6,13,2,3,2,6,0,0,1,0,0,0,0,0,6.74225E+20,5.40574E+21,1.13717E+16,4.87802E+16
84789,9,1,61,0,2018,6,10,6,3,6,4,0,0,1,1,0,0,0,0,6.78936E+20,5.40185E+21,1.1434E+16,4.87439E+16
84790,9,7,64,0,2018,6,14,2,3,8,7,0,0,1,0,0,0,0,0,5.89542E+20,5.31671E+21,1.02003E+16,4.79974E+16
84791,9,5,76,143,2018,6,16,4,3,8,1,0,0,1,0,0,0,0,1,6.53206E+20,5.45861E+21,1.11057E+16,4.9261E+16
84792,9,5,64,0,2018,6,13,6,3,5,3,0,1,1,0,0,0,0,0,6.52102E+20,5.48164E+21,1.10994E+16,4.94684E+16
84793,9,6,72,157,2018,6,20,1,3,7,7,0,0,0,0,1,0,0,0,5.95783E+20,5.55974E+21,1.03416E+16,5.01821E+16
84794,9,5,72,133,2018,6,8,4,3,4,6,0,0,1,0,1,1,0,0,6.36935E+20,5.50041E+21,1.08967E+16,4.96407E+16
84795,9,3,76,150,2018,6,15,7,3,8,1,0,0,1,0,0,0,0,1,7.31956E+20,5.49508E+21,1.22079E+16,4.95638E+16
84796,9,7,72,177,2018,6,15,5,3,2,6,0,1,0,0,0,0,0,0,6.37025E+20,5.37933E+21,1.08568E+16,4.85521E+16
84797,9,2,61,0,2018,6,17,6,3,5,3,0,0,1,0,0,0,0,1,7.31659E+20,5.38222E+21,1.21392E+16,4.85503E+16
84798,9,1,72,129,2018,6,11,1,3,8,6,0,0,0,0,1,0,0,0,7.96074E+20,5.28036E+21,1.29397E+16,4.7609E+16
84799,9,5,72,133,2018,6,18,4,3,4,1,0,0,1,0,0,0,0,0,6.37796E+20,5.49788E+21,1.09077E+16,4.96178E+16
84800,9,1,81,139,2018,6,12,7,3,0,3,0,1,1,0,0,0,0,0,6.56031E+20,5.32592E+21,1.10945E+16,4.80675E+16
84801,9,2,75,128,2018,6,6,2,3,8,6,0,0,1,0,0,0,0,0,8.30639E+20,5.40222E+21,1.34928E+16,4.86853E+16
84802,9,6,75,127,2018,6,17,5,3,2,6,0,0,1,0,0,0,0,1,6.07251E+20,5.514E+21,1.04894E+16,4.97689E+16
84803,9,6,73,141,2018,6,10,7,2,0,3,0,0,1,0,0,0,0,0,6.04848E+20,5.57219E+21,1.0472E+16,5.02926E+16
84804,9,2,77,138,2018,6,17,6,3,8,1,0,0,1,0,0,0,0,0,7.93925E+20,5.37432E+21,1.29756E+16,4.84532E+16
84805,9,1,80,136,2018,6,11,1,3,0,1,0,1,0,0,0,0,1,0,6.72385E+20,5.26843E+21,1.1291E+16,4.75464E+16
84806,9,5,62,0,2018,6,7,4,3,4,6,0,1,0,0,0,0,0,0,6.43719E+20,5.4904E+21,1.09869E+16,4.95491E+16
84807,9,1,61,0,2018,6,12,7,3,0,1,0,0,0,0,1,0,0,0,6.78336E+20,5.40318E+21,1.14265E+16,4.8756E+16
84808,9,2,78,190,2018,6,10,2,3,5,7,0,0,1,0,0,0,1,0,7.65254E+20,5.42727E+21,1.26226E+16,4.89414E+16
84809,9,6,79,154,2018,6,10,5,2,2,1,0,0,1,0,0,0,0,0,5.61855E+20,5.51084E+21,9.85859E+15,4.97468E+16
84810,9,7,72,159,2018,6,9,7,3,5,3,0,1,1,0,0,0,0,0,6.25421E+20,5.36152E+21,1.06943E+16,4.83944E+16
84811,9,1,87,165,2018,6,16,3,3,2,6,0,0,1,0,1,0,0,1,7.33593E+20,5.29938E+21,1.21199E+16,4.78053E+16
84812,9,5,76,113,2018,6,17,4,2,4,6,0,1,0,0,0,0,0,0,6.61018E+20,5.45726E+21,1.12125E+16,4.92469E+16
84813,9,7,71,113,2018,6,16,6,3,3,2,0,0,1,0,0,0,0,0,6.56529E+20,5.37124E+21,1.11179E+16,4.84748E+16
84814,9,1,74,135,2018,6,19,2,3,8,1,0,0,1,0,0,0,0,1,6.60663E+20,5.35519E+21,1.11677E+16,4.83294E+16
84815,9,7,73,125,2018,6,11,2,3,3,2,0,1,1,0,0,0,0,0,6.1026E+20,5.38199E+21,1.0495E+16,4.85813E+16
84816,9,5,64,0,2018,6,11,4,3,1,7,0,0,1,0,0,0,0,0,6.48533E+20,5.48085E+21,1.10498E+16,4.94621E+16
84817,9,5,71,208,2018,6,15,6,3,5,3,0,0,1,0,0,0,0,0,6.18147E+20,5.4379E+21,1.0618E+16,4.90826E+16
84818,9,5,63,0,2018,6,15,1,3,5,2,0,0,1,0,1,0,0,0,6.43031E+20,5.4827E+21,1.09746E+16,4.94801E+16
84819,9,5,73,130,2018,6,15,4,2,5,2,0,0,1,0,1,0,0,0,6.36362E+20,5.48555E+21,1.08836E+16,4.95072E+16
84820,9,2,62,0,2018,6,11,7,3,3,2,0,0,1,0,0,0,0,0,8.28614E+20,5.38987E+21,1.34556E+16,4.85756E+16
84821,9,6,79,138,2018,6,15,5,3,9,7,0,0,1,0,0,0,0,0,5.68474E+20,5.49665E+21,9.94797E+15,4.96186E+16
84822,9,1,83,140,2018,6,12,6,3,2,6,0,0,1,0,0,0,0,0,7.40879E+20,5.3412E+21,1.22405E+16,4.81783E+16
84823,9,1,76,137,2018,6,14,1,3,9,6,0,0,1,0,1,0,0,0,6.72647E+20,5.42824E+21,1.13597E+16,4.89829E+16
84824,9,6,72,135,2018,6,6,3,3,8,1,0,0,1,0,0,0,0,1,5.84371E+20,5.56556E+21,1.01831E+16,5.02362E+16
84825,9,5,71,152,2018,6,18,4,3,8,1,0,0,0,0,1,0,0,0,5.9002E+20,5.46605E+21,1.02392E+16,4.93405E+16
84826,9,1,84,147,2018,6,11,6,3,5,3,0,1,1,0,0,0,0,0,6.95619E+20,5.33977E+21,1.16317E+16,4.8181E+16
84827,9,2,61,0,2018,6,15,2,3,4,6,0,0,1,0,0,0,0,0,7.3521E+20,5.38056E+21,1.21864E+16,4.8534E+16
84828,9,5,62,0,2018,6,13,7,3,2,6,0,0,1,0,0,0,0,0,6.44941E+20,5.49359E+21,1.1005E+16,4.95775E+16
84829,9,1,74,113,2018,6,19,3,3,8,1,0,0,1,0,0,0,0,1,6.7076E+20,5.34753E+21,1.13007E+16,4.82579E+16
84830,9,5,71,134,2018,6,16,4,1,2,1,0,0,0,0,0,1,1,0,5.8926E+20,5.45966E+21,1.02273E+16,4.92832E+16
84831,9,6,72,126,2018,6,11,6,3,0,1,0,0,0,0,1,0,0,0,5.6359E+20,5.57019E+21,9.89251E+15,5.02804E+16
84832,9,1,84,113,2018,6,18,1,2,0,2,0,1,0,0,1,0,0,0,6.84465E+20,5.32033E+21,1.14734E+16,4.80096E+16
84833,9,5,71,214,2018,6,4,4,3,2,6,1,0,1,0,1,0,0,0,6.17374E+20,5.43481E+21,1.06065E+16,4.9055E+16
84834,9,5,76,151,2018,6,8,2,3,5,2,0,0,1,0,0,0,1,0,6.57277E+20,5.47057E+21,1.11663E+16,4.93676E+16
84835,9,5,71,216,2018,6,15,4,3,9,1,0,0,0,0,1,0,0,0,6.20393E+20,5.45137E+21,1.06528E+16,4.92033E+16
84836,9,3,77,157,2018,6,17,6,3,1,6,0,0,1,0,0,0,0,0,7.19568E+20,5.54065E+21,1.20626E+16,4.99777E+16
84837,9,3,72,144,2018,6,12,1,2,9,6,0,0,1,0,1,0,0,0,7.87937E+20,5.46527E+21,1.29587E+16,4.92723E+16
84838,9,1,61,0,2018,6,23,3,2,1,6,2,0,1,0,0,1,0,1,6.80656E+20,5.40358E+21,1.14582E+16,4.8759E+16
84839,9,5,61,0,2018,6,12,4,3,2,6,0,0,1,0,0,0,0,0,6.16349E+20,5.45611E+21,1.05987E+16,4.92467E+16
84840,9,6,62,0,2018,6,20,6,3,2,6,2,0,1,0,0,0,0,0,5.88273E+20,5.54195E+21,1.02323E+16,5.00233E+16
84841,9,1,79,114,2018,6,12,2,2,8,1,0,0,1,0,1,0,0,0,6.51452E+20,5.34424E+21,1.10396E+16,4.82333E+16
84842,9,6,75,178,2018,6,12,2,3,5,3,0,0,1,0,0,0,0,0,5.96515E+20,5.51614E+21,1.03409E+16,4.979E+16
84843,9,4,64,0,2018,6,12,4,3,6,4,0,0,1,1,0,0,0,0,7.08598E+20,5.57533E+21,1.19287E+16,5.02932E+16
84844,9,4,78,176,2018,6,6,6,3,1,5,0,0,0,0,0,1,1,0,6.61132E+20,5.54196E+21,1.12488E+16,5.00081E+16
84845,9,4,72,116,2018,6,16,1,2,8,1,0,0,0,0,1,0,0,0,6.96356E+20,5.54729E+21,1.17426E+16,5.00454E+16
84846,9,4,78,165,2018,6,9,4,2,8,1,0,0,1,0,0,0,0,0,6.44436E+20,5.55374E+21,1.10204E+16,5.01183E+16
84847,9,1,90,142,2018,6,12,7,2,4,2,0,0,1,0,1,0,0,0,6.59707E+20,5.29862E+21,1.11337E+16,4.78211E+16
84848,9,6,75,141,2018,6,15,5,3,0,1,0,0,0,0,1,0,0,1,5.83368E+20,5.50911E+21,1.01568E+16,4.97287E+16
84849,9,1,71,112,2018,6,8,6,3,6,7,0,1,0,1,0,0,0,0,7.84049E+20,5.34067E+21,1.28197E+16,4.81557E+16
84850,9,1,74,143,2018,6,19,1,3,0,3,0,1,0,0,0,0,0,0,6.76145E+20,5.35191E+21,1.1375E+16,4.82958E+16
84851,9,5,74,141,2018,6,15,3,3,3,6,0,0,1,0,1,0,0,0,6.69142E+20,5.48778E+21,1.1337E+16,4.9519E+16
84852,9,4,76,146,2018,6,13,4,3,2,3,0,1,1,0,0,0,0,0,6.62021E+20,5.56268E+21,1.127E+16,5.01941E+16
84853,9,4,74,121,2018,6,12,3,3,8,1,0,0,1,0,0,0,0,0,6.58156E+20,5.51804E+21,1.11975E+16,4.97939E+16
84854,9,4,76,178,2018,6,7,4,2,4,6,0,0,1,0,0,1,0,0,6.62516E+20,5.57568E+21,1.12825E+16,5.03108E+16
84855,9,7,78,214,2018,6,16,6,3,2,6,0,0,1,0,0,0,1,0,5.977E+20,5.31996E+21,1.03104E+16,4.80255E+16
84856,9,1,84,132,2018,6,12,2,3,0,7,0,0,0,0,1,0,0,0,6.83317E+20,5.32533E+21,1.14602E+16,4.80549E+16
84857,9,1,78,133,2018,6,19,6,3,5,2,0,0,1,0,0,0,0,0,6.86593E+20,5.36739E+21,1.15226E+16,4.8432E+16
84858,9,5,64,0,2018,6,3,7,3,8,1,1,0,1,0,0,0,0,0,6.48767E+20,5.48111E+21,1.10532E+16,4.94644E+16
84859,9,1,74,121,2018,6,14,3,2,4,1,0,0,1,0,0,0,0,0,6.90257E+20,5.35374E+21,1.15659E+16,4.83082E+16
84860,9,4,72,175,2018,6,8,4,3,1,6,0,0,1,0,0,0,0,0,6.82307E+20,5.51446E+21,1.15311E+16,4.9755E+16
84861,9,6,61,0,2018,6,16,6,3,0,7,0,0,0,0,1,0,0,1,5.13003E+20,5.53426E+21,9.18129E+15,4.99605E+16
84862,9,7,75,129,2018,6,18,1,2,0,1,0,0,0,0,1,0,0,0,5.8163E+20,5.34395E+21,1.00995E+16,4.82435E+16
84863,9,4,77,142,2018,6,13,4,3,2,6,0,0,0,0,1,0,1,0,6.79228E+20,5.54367E+21,1.15019E+16,5.00183E+16
84864,9,5,71,193,2018,6,21,2,3,7,7,2,0,1,0,0,0,0,1,5.84673E+20,5.47147E+21,1.01668E+16,4.939E+16
84865,9,4,71,185,2018,6,14,4,3,9,1,0,0,1,0,0,0,1,0,6.42977E+20,5.53674E+21,1.09937E+16,4.99658E+16
84866,9,6,73,153,2018,6,8,5,2,5,2,0,1,1,0,0,0,0,0,5.88255E+20,5.59055E+21,1.02434E+16,5.04603E+16
84867,9,3,73,155,2018,6,14,6,3,5,3,0,0,1,0,0,0,1,0,6.71413E+20,5.4647E+21,1.13584E+16,4.93109E+16
84868,9,3,71,118,2018,6,13,1,3,8,1,0,0,0,0,1,0,0,0,7.19158E+20,5.47392E+21,1.20195E+16,4.93785E+16
84869,9,4,74,126,2018,6,15,4,3,3,7,0,1,0,0,0,0,0,0,6.49082E+20,5.50943E+21,1.10682E+16,4.97189E+16