OBJECTID_1,ULAND,UREGBEZ,UKREIS,UGEMEINDE,UJAHR,UMONAT,USTUNDE,UWOCHENTAG,UKATEGORIE,UART,UTYP1,ULICHTVERH,IstRad,IstPKW,IstFuss,IstKrad,IstGkfz,IstSonstig,STRZUSTAND,LINREFX,LINREFY,XGCSWGS84,YGCSWGS84
84870,9,1,87,150,2018,6,11,7,3,1,6,0,0,1,0,0,0,0,0,7.28878E+20,5.30347E+21,1.20592E+16,4.78438E+16
84871,9,6,74,147,2018,6,12,5,3,0,3,0,0,1,0,0,0,0,0,6.09007E+20,5.54317E+21,1.0522E+16,5.00308E+16
84872,9,7,63,0,2018,6,14,7,3,5,3,0,0,1,0,0,0,0,0,5.99997E+20,5.2865E+21,1.03334E+16,4.77241E+16
84873,9,2,79,116,2018,6,14,3,3,2,6,0,0,1,0,0,0,0,0,7.59533E+20,5.3943E+21,1.25238E+16,4.86478E+16
84874,9,4,71,191,2018,6,9,4,3,4,2,0,0,1,0,0,0,0,0,6.3279E+20,5.525E+21,1.08477E+16,4.98627E+16
84875,9,4,61,0,2018,6,17,4,3,1,6,0,1,0,0,0,0,0,0,6.38213E+20,5.53148E+21,1.09254E+16,4.99197E+16
84876,9,1,72,130,2018,6,21,7,3,0,1,1,1,0,0,0,0,0,0,7.96174E+20,5.30951E+21,1.29608E+16,4.78705E+16
84877,9,1,63,0,2018,6,13,6,3,4,2,0,1,1,0,0,0,0,0,7.32995E+20,5.30543E+21,1.21152E+16,4.78599E+16
84878,9,1,84,149,2018,6,14,7,3,4,2,0,1,1,0,0,0,0,0,6.90377E+20,5.3506E+21,1.15661E+16,4.828E+16
84879,9,5,64,0,2018,6,17,3,3,0,7,0,0,0,0,1,0,1,1,6.45356E+20,5.47817E+21,1.1005E+16,4.94388E+16
84880,9,3,74,149,2018,6,18,4,3,8,1,0,0,1,0,0,0,0,0,7.12345E+20,5.51608E+21,1.19485E+16,4.97596E+16
84881,9,2,71,119,2018,6,17,3,3,2,6,0,0,1,0,0,0,0,0,7.9072E+20,5.41759E+21,1.29627E+16,4.88431E+16
84882,9,3,75,199,2018,6,11,4,3,2,6,0,0,1,0,0,1,0,0,7.18989E+20,5.43271E+21,1.19947E+16,4.90084E+16
84883,9,7,80,143,2018,6,16,6,2,8,1,0,0,1,0,0,0,0,1,5.92605E+20,5.28044E+21,1.02336E+16,4.76707E+16
84884,9,1,73,133,2018,6,13,2,2,9,1,0,0,0,0,1,0,0,0,6.73024E+20,5.27128E+21,1.13006E+16,4.75718E+16
84885,9,5,75,163,2018,6,18,7,2,9,1,1,0,1,0,0,0,0,1,5.84785E+20,5.48801E+21,1.01719E+16,4.95387E+16
84886,9,1,78,113,2018,6,10,3,3,0,1,0,1,0,0,0,0,0,0,6.93327E+20,5.36737E+21,1.16136E+16,4.84297E+16
84887,9,3,75,175,2018,6,18,4,3,2,1,0,0,1,0,0,0,0,0,7.17258E+20,5.43524E+21,1.19724E+16,4.90317E+16
84888,9,5,62,0,2018,6,14,6,3,5,3,0,1,1,0,0,0,0,0,6.43833E+20,5.49068E+21,1.09886E+16,4.95516E+16
84889,9,7,76,113,2018,6,18,1,3,4,1,0,0,1,0,1,0,0,0,5.79991E+20,5.27452E+21,1.00645E+16,4.76191E+16
84890,9,3,75,175,2018,6,21,4,3,0,1,1,0,0,0,1,0,0,0,7.16347E+20,5.43378E+21,1.19592E+16,4.9019E+16
84891,9,4,64,0,2018,6,15,7,3,2,6,0,0,1,0,0,0,0,1,7.0699E+20,5.57737E+21,1.19073E+16,5.0312E+16
84892,9,4,72,131,2018,6,11,2,2,0,1,0,0,1,0,0,0,0,0,6.7767E+20,5.5338E+21,1.14756E+16,4.99301E+16
84893,9,3,76,170,2018,6,15,4,3,8,1,0,0,1,0,0,0,0,1,7.27737E+20,5.45978E+21,1.21294E+16,4.92483E+16
84894,9,2,76,126,2018,6,16,6,3,4,1,0,0,1,0,0,0,0,0,8.05443E+20,5.42525E+21,1.31686E+16,4.89047E+16
84895,9,2,61,0,2018,6,2,1,3,0,1,2,1,0,0,0,0,0,0,7.3227E+20,5.38004E+21,1.21463E+16,4.85305E+16
84896,9,3,76,161,2018,6,16,4,2,5,2,0,0,1,0,0,0,0,0,7.25224E+20,5.46608E+21,1.20985E+16,4.93059E+16
84897,9,1,85,158,2018,6,14,7,3,2,6,0,0,1,0,0,0,0,0,6.68963E+20,5.38158E+21,1.12902E+16,4.85645E+16
84898,9,4,71,117,2018,6,18,2,3,5,3,0,0,1,0,0,0,0,1,6.32063E+20,5.53014E+21,1.08393E+16,4.9909E+16
84899,9,7,72,147,2018,6,13,7,3,2,6,0,0,1,0,0,0,1,0,6.36182E+20,5.36429E+21,1.08405E+16,4.8417E+16
84900,9,1,72,134,2018,6,17,3,2,8,6,0,0,1,0,0,0,0,1,7.80922E+20,5.30437E+21,1.2754E+16,4.78312E+16
84901,9,3,71,141,2018,6,17,4,3,4,6,0,0,1,0,0,0,0,0,6.92562E+20,5.48671E+21,1.16597E+16,4.95025E+16
84902,9,7,71,122,2018,6,20,6,3,9,1,0,0,1,0,0,0,0,1,6.53802E+20,5.36135E+21,1.10774E+16,4.83866E+16
84903,9,1,76,149,2018,6,17,2,2,6,4,0,0,1,1,0,0,0,0,6.6305E+20,5.40763E+21,1.12204E+16,4.88003E+16
84904,9,7,80,137,2018,6,11,2,3,8,1,0,0,1,0,0,0,0,0,5.9408E+20,5.27054E+21,1.02511E+16,4.75814E+16
84905,9,3,76,161,2018,6,23,4,3,9,6,2,0,1,0,0,0,0,0,7.26664E+20,5.46976E+21,1.21204E+16,4.93384E+16
84906,9,5,71,169,2018,6,15,6,3,2,6,0,0,1,0,1,0,0,0,5.84822E+20,5.46382E+21,1.01672E+16,4.93212E+16
84907,9,6,71,155,2018,6,12,1,3,3,6,0,0,1,0,0,0,0,0,5.02256E+20,5.53729E+21,9.03147E+15,4.9988E+16
84908,9,3,61,0,2018,6,14,4,3,0,1,0,1,0,0,0,0,0,0,7.0808E+20,5.48066E+21,1.18706E+16,4.94429E+16
84909,9,7,62,0,2018,6,11,6,3,5,6,0,0,1,0,0,0,0,0,6.23422E+20,5.3063E+21,1.06513E+16,4.78982E+16
84910,9,1,72,131,2018,6,21,2,3,0,1,1,0,1,0,0,0,0,1,7.81512E+20,5.29309E+21,1.27545E+16,4.77298E+16
84911,9,5,61,0,2018,6,20,7,3,2,6,0,0,1,0,0,0,0,0,6.14627E+20,5.46235E+21,1.05768E+16,4.93031E+16
84912,9,1,62,0,2018,6,8,2,2,6,4,0,0,1,1,0,0,0,0,6.78959E+20,5.33872E+21,1.14074E+16,4.81765E+16
84913,9,2,71,125,2018,6,16,4,3,8,7,0,0,0,0,1,1,0,1,7.96849E+20,5.41482E+21,1.3044E+16,4.88154E+16
84914,9,5,74,112,2018,6,8,6,3,0,7,0,1,0,0,0,0,1,1,6.71293E+20,5.47294E+21,1.13603E+16,4.93851E+16
84915,9,7,71,122,2018,6,14,1,3,9,1,0,0,1,0,0,0,0,1,6.50676E+20,5.36231E+21,1.10356E+16,4.83959E+16
84916,9,2,78,178,2018,6,22,4,3,8,1,2,0,1,0,0,0,0,0,7.72459E+20,5.44696E+21,1.2734E+16,4.91151E+16
84917,9,3,75,170,2018,6,10,7,3,2,6,0,0,1,0,0,0,0,0,7.3776E+20,5.42558E+21,1.22468E+16,4.89374E+16
84918,9,2,72,120,2018,6,14,6,3,8,1,0,0,0,0,1,0,0,0,8.22291E+20,5.42191E+21,1.33952E+16,4.88663E+16
84919,9,1,80,125,2018,6,18,1,3,5,2,0,0,1,0,0,0,0,0,6.53948E+20,5.27394E+21,1.10481E+16,4.76006E+16
84920,9,2,78,149,2018,6,16,4,3,0,2,0,0,1,0,0,0,0,0,7.80833E+20,5.41957E+21,1.28296E+16,4.88655E+16
84921,9,1,76,114,2018,6,17,7,3,5,3,0,0,1,0,0,0,0,1,6.81001E+20,5.43473E+21,1.14767E+16,4.90389E+16
84922,9,2,78,140,2018,6,6,2,3,0,1,0,1,0,0,0,0,0,0,7.74812E+20,5.41644E+21,1.27456E+16,4.884E+16
84923,9,7,61,0,2018,6,9,7,3,2,6,0,0,1,0,0,0,0,0,6.38702E+20,5.36118E+21,1.08735E+16,4.83885E+16
84924,9,1,61,0,2018,6,9,3,3,3,2,0,1,0,0,0,1,0,0,6.7609E+20,5.40505E+21,1.13967E+16,4.87735E+16
84925,9,2,75,138,2018,6,13,4,2,2,2,0,0,1,0,0,0,1,0,8.08074E+20,5.38702E+21,1.31758E+16,4.85604E+16
84926,9,6,75,117,2018,6,17,6,2,3,6,0,0,1,0,0,1,0,0,5.78089E+20,5.51531E+21,1.00848E+16,4.97852E+16
84927,9,1,88,113,2018,6,14,2,3,0,1,0,0,0,0,1,0,0,1,6.76061E+20,5.31561E+21,1.13589E+16,4.79696E+16
84928,9,7,61,0,2018,6,21,2,3,0,7,2,1,0,0,0,0,0,1,6.41116E+20,5.36026E+21,1.09058E+16,4.83797E+16
84929,9,2,77,138,2018,6,12,4,3,6,4,0,0,1,1,0,0,0,0,7.91739E+20,5.3719E+21,1.29444E+16,4.84326E+16
84930,9,4,79,129,2018,6,14,6,2,5,3,0,0,0,0,1,1,0,0,7.10251E+20,5.56457E+21,1.19459E+16,5.01959E+16
84931,9,4,79,136,2018,6,12,1,3,3,7,0,0,1,0,0,0,0,0,7.2286E+20,5.54474E+21,1.21108E+16,5.00133E+16
84932,9,2,72,120,2018,6,11,4,3,2,2,0,0,1,0,0,0,0,0,8.23624E+20,5.41888E+21,1.34109E+16,4.88384E+16
84933,9,2,74,120,2018,6,22,7,1,8,1,2,0,1,0,0,0,0,0,7.51856E+20,5.3661E+21,1.24028E+16,4.83977E+16
84934,9,1,83,148,2018,6,12,6,3,5,2,0,0,1,0,0,0,0,0,7.53679E+20,5.34361E+21,1.24138E+16,4.8195E+16
84935,9,1,85,163,2018,6,14,6,3,5,3,0,0,1,0,0,0,0,0,6.6435E+20,5.39381E+21,1.12326E+16,4.86757E+16
84936,9,1,74,113,2018,6,15,1,3,2,1,0,0,1,0,1,0,0,1,6.74336E+20,5.34479E+21,1.13477E+16,4.82324E+16
84937,9,6,76,122,2018,6,7,3,3,5,3,0,0,1,0,1,0,0,0,5.14227E+20,5.51586E+21,9.19768E+15,4.9795E+16
84938,9,2,74,113,2018,6,17,4,3,2,6,0,0,1,0,0,0,0,0,7.28604E+20,5.38407E+21,1.20989E+16,4.8568E+16
84939,9,4,78,139,2018,6,7,3,3,9,1,0,0,1,0,0,0,0,1,6.49011E+20,5.55735E+21,1.10858E+16,5.01496E+16
84940,9,2,74,126,2018,6,15,4,3,3,2,0,1,1,0,0,0,0,0,7.32931E+20,5.38319E+21,1.2157E+16,4.85585E+16
84941,9,1,62,0,2018,6,16,6,3,0,2,0,0,1,0,0,0,1,0,6.89652E+20,5.34013E+21,1.15517E+16,4.81861E+16
84942,9,2,79,112,2018,6,18,2,3,3,6,0,0,1,0,0,1,0,0,7.55826E+20,5.39463E+21,1.24738E+16,4.86523E+16
84943,9,3,61,0,2018,6,21,7,3,2,2,0,0,1,0,0,0,0,0,7.07683E+20,5.48066E+21,1.18651E+16,4.94431E+16
84944,9,1,90,111,2018,6,13,6,3,9,1,0,0,1,0,0,0,0,0,6.39717E+20,5.29915E+21,1.08669E+16,4.78305E+16
84945,9,1,87,159,2018,6,14,1,3,0,7,0,1,0,0,0,0,0,0,7.31666E+20,5.32711E+21,1.21091E+16,4.80552E+16
84946,9,2,74,126,2018,6,10,4,3,4,2,0,0,1,0,0,0,0,0,7.32471E+20,5.38444E+21,1.21515E+16,4.85699E+16
84947,9,1,62,0,2018,6,7,7,3,0,1,0,0,0,0,1,0,0,0,6.92818E+20,5.33912E+21,1.15938E+16,4.8176E+16
84948,9,2,72,118,2018,6,13,2,2,3,6,0,0,1,0,1,0,0,0,8.31666E+20,5.41626E+21,1.3518E+16,4.88107E+16
84949,9,6,61,0,2018,6,12,7,3,5,3,0,1,1,0,0,0,0,0,5.09672E+20,5.53642E+21,9.1349E+15,4.99801E+16
84950,9,1,86,162,2018,6,1,3,3,5,2,2,1,1,0,0,0,0,0,6.91286E+20,5.38918E+21,1.1596E+16,4.86264E+16
84951,9,1,90,113,2018,6,16,4,2,8,7,0,0,1,0,0,0,0,0,6.74622E+20,5.2923E+21,1.13302E+16,4.77604E+16
84952,9,6,73,114,2018,6,18,6,3,5,3,0,0,1,0,0,1,0,0,5.87234E+20,5.57686E+21,1.02258E+16,5.03374E+16
84953,9,1,78,137,2018,6,20,2,3,9,1,1,0,1,0,0,0,0,1,6.93364E+20,5.3627E+21,1.16119E+16,4.83878E+16
84954,9,1,73,130,2018,6,16,4,2,8,7,0,1,0,0,0,0,0,1,6.81438E+20,5.31321E+21,1.14299E+16,4.79465E+16
84955,9,6,74,149,2018,6,15,2,2,5,3,0,1,1,0,0,0,0,0,6.09013E+20,5.55521E+21,1.05255E+16,5.01391E+16
84956,9,1,73,137,2018,6,16,4,3,2,6,0,0,1,0,0,0,1,1,6.79194E+20,5.30825E+21,1.13978E+16,4.79025E+16
84957,9,4,74,129,2018,6,15,6,3,5,3,0,1,0,0,0,0,0,0,6.67797E+20,5.51514E+21,1.13301E+16,4.97653E+16
84958,9,4,74,132,2018,6,11,1,3,2,6,0,0,0,0,1,0,0,0,6.61829E+20,5.50135E+21,1.12416E+16,4.9643E+16
84959,9,1,83,148,2018,6,8,4,3,9,1,0,0,1,0,0,0,0,0,7.54031E+20,5.34362E+21,1.24186E+16,4.81949E+16
84960,9,1,89,145,2018,6,12,7,2,2,6,0,0,1,0,1,0,0,0,7.71437E+20,5.30363E+21,1.2627E+16,4.78287E+16
84961,9,1,71,129,2018,6,10,6,3,4,6,0,0,1,0,0,0,0,0,7.75296E+20,5.35374E+21,1.27107E+16,4.8277E+16
84962,9,1,62,0,2018,6,18,7,3,4,2,0,0,1,0,0,0,0,1,6.92153E+20,5.34238E+21,1.15863E+16,4.82056E+16
84963,9,5,64,0,2018,6,17,3,3,2,6,0,0,1,0,1,0,0,0,6.50065E+20,5.46906E+21,1.10665E+16,4.93557E+16
84964,9,1,89,126,2018,6,8,4,3,5,3,0,0,1,0,0,0,0,0,7.58085E+20,5.32612E+21,1.24624E+16,4.80362E+16
84965,9,3,71,127,2018,6,14,3,3,2,6,0,0,1,0,0,0,0,0,7.1345E+20,5.49174E+21,1.19505E+16,4.95406E+16
84966,9,1,89,143,2018,6,9,4,3,8,7,0,0,1,0,0,0,0,0,7.5827E+20,5.31472E+21,1.24581E+16,4.79337E+16
84967,9,7,75,135,2018,6,15,6,3,2,6,0,0,1,0,0,0,0,0,5.75445E+20,5.35971E+21,1.0019E+16,4.8386E+16
84968,9,1,90,139,2018,6,12,2,3,2,6,0,0,1,0,0,0,0,0,6.56124E+20,5.29654E+21,1.10851E+16,4.78033E+16
84969,9,1,78,124,2018,6,19,6,3,0,6,0,0,0,0,1,0,0,1,7.03266E+20,5.36077E+21,1.17446E+16,4.83673E+16
84970,9,5,64,0,2018,6,15,7,3,2,4,0,0,1,1,0,0,0,0,6.49187E+20,5.47873E+21,1.10581E+16,4.94429E+16
84971,9,1,78,124,2018,6,20,3,3,3,1,0,0,1,0,0,0,0,1,7.00607E+20,5.35728E+21,1.1707E+16,4.83368E+16
84972,9,1,89,157,2018,6,17,4,3,5,3,0,1,1,0,0,0,0,0,7.64326E+20,5.32527E+21,1.25455E+16,4.8026E+16
84973,9,5,76,148,2018,6,13,6,3,9,6,0,0,1,0,0,1,0,0,6.66179E+20,5.44308E+21,1.12775E+16,4.91181E+16
84974,9,7,80,123,2018,6,11,1,2,4,2,0,0,1,0,1,0,0,0,6.06427E+20,5.266E+21,1.04142E+16,4.75387E+16
84975,9,5,72,139,2018,6,8,5,2,2,6,0,0,1,0,0,0,1,0,6.27241E+20,5.5061E+21,1.07643E+16,4.96939E+16
84976,9,5,71,136,2018,6,16,1,1,4,6,0,0,1,0,0,0,0,0,5.90139E+20,5.43902E+21,1.02348E+16,4.90974E+16
84977,9,3,73,147,2018,6,8,7,3,4,2,0,0,1,0,0,0,0,0,6.78137E+20,5.45907E+21,1.14483E+16,4.92584E+16
84978,9,1,87,125,2018,6,17,6,3,5,3,0,1,1,0,0,0,0,0,7.50469E+20,5.31621E+21,1.23547E+16,4.79502E+16
84979,9,5,72,139,2018,6,8,5,3,5,3,0,0,1,0,0,0,0,0,6.27224E+20,5.50607E+21,1.07641E+16,4.96937E+16
84980,9,3,73,147,2018,6,16,3,3,5,3,0,0,1,0,1,0,0,0,6.79598E+20,5.46106E+21,1.14692E+16,4.92759E+16
84981,9,1,82,124,2018,6,15,1,3,5,1,0,1,0,0,0,0,0,0,7.04981E+20,5.28618E+21,1.1732E+16,4.76965E+16
84982,9,1,74,115,2018,6,12,7,3,0,3,0,0,1,0,1,0,0,0,6.8334E+20,5.34778E+21,1.14701E+16,4.82567E+16
84983,9,5,72,114,2018,6,18,5,3,1,6,0,0,1,0,0,0,0,0,6.33752E+20,5.49324E+21,1.08502E+16,4.95769E+16
84984,9,2,79,112,2018,6,16,2,3,5,3,0,1,1,0,0,0,0,0,7.57403E+20,5.39231E+21,1.24937E+16,4.86308E+16
84985,9,1,87,150,2018,6,10,3,3,5,7,0,1,1,0,0,0,0,0,7.29368E+20,5.30336E+21,1.20657E+16,4.78426E+16
84986,9,6,73,117,2018,6,18,7,2,8,1,0,0,0,0,1,0,0,0,5.70204E+20,5.5833E+21,9.98777E+15,5.03976E+16
84987,9,5,62,0,2018,6,18,6,3,9,7,0,0,1,0,0,0,0,0,6.44843E+20,5.49671E+21,1.10048E+16,4.96056E+16
84988,9,5,72,133,2018,6,7,5,3,2,6,0,0,1,0,0,0,0,0,6.38537E+20,5.49909E+21,1.09184E+16,4.96285E+16
84989,9,7,73,111,2018,6,10,1,3,2,6,0,0,0,0,1,0,0,0,6.08477E+20,5.37397E+21,1.04687E+16,4.85094E+16
84990,9,6,76,126,2018,6,17,2,3,0,2,0,1,0,0,0,0,1,0,5.106E+20,5.5256E+21,9.14755E+15,4.98827E+16
84991,9,2,75,153,2018,6,17,6,3,0,7,0,1,0,0,0,0,0,0,8.4427E+20,5.3909E+21,1.3668E+16,4.85764E+16
84992,9,5,62,0,2018,6,7,5,3,0,7,0,1,0,0,0,0,0,0,6.4353E+20,5.49673E+21,1.09866E+16,4.96061E+16
84993,9,5,74,154,2018,6,17,5,3,5,3,0,1,1,0,0,0,0,0,6.62025E+20,5.48458E+21,1.12374E+16,4.94922E+16
84994,9,3,73,159,2018,6,8,1,3,5,3,0,1,1,0,0,0,0,0,6.75641E+20,5.45402E+21,1.14118E+16,4.92138E+16
84995,9,2,73,137,2018,6,19,7,3,0,7,0,1,0,0,0,0,0,0,7.10263E+20,5.42213E+21,1.18701E+16,4.89164E+16
84996,9,1,62,0,2018,6,18,6,3,2,6,2,0,1,0,0,0,0,0,6.7927E+20,5.33744E+21,1.1411E+16,4.81649E+16
84997,9,5,63,0,2018,6,23,5,3,0,7,2,1,0,0,0,0,0,0,6.44006E+20,5.4806E+21,1.09873E+16,4.9461E+16
84998,9,2,75,154,2018,6,21,3,3,5,3,2,0,1,0,0,0,0,0,8.11392E+20,5.3935E+21,1.32255E+16,4.8617E+16
84999,9,1,78,156,2018,6,18,1,3,8,7,0,0,1,0,0,0,0,0,6.9859E+20,5.37524E+21,1.16884E+16,4.84989E+16
85000,9,1,84,138,2018,6,19,6,3,0,1,0,1,0,0,0,0,0,0,6.80414E+20,5.33056E+21,1.14235E+16,4.81027E+16
85001,9,5,64,0,2018,6,10,5,3,3,6,0,0,1,0,0,1,0,0,6.48822E+20,5.48121E+21,1.1054E+16,4.94653E+16
85002,9,1,61,0,2018,6,12,2,3,5,3,0,1,1,0,0,0,0,0,6.79943E+20,5.40455E+21,1.14489E+16,4.87679E+16
85003,9,1,86,152,2018,6,6,3,3,5,3,0,0,1,0,0,0,0,0,6.91232E+20,5.37563E+21,1.1589E+16,4.85047E+16
85004,9,5,74,138,2018,6,20,7,3,8,1,0,0,1,0,0,0,0,0,6.67575E+20,5.4874E+21,1.13152E+16,4.95161E+16
85005,9,5,64,0,2018,6,17,6,3,5,7,0,0,1,0,0,0,1,0,6.49775E+20,5.47692E+21,1.10655E+16,4.94265E+16
85006,9,5,64,0,2018,6,8,5,3,2,6,0,0,1,0,0,0,0,0,6.51406E+20,5.47452E+21,1.1087E+16,4.94045E+16
85007,9,5,64,0,2018,6,12,5,3,3,6,0,0,1,0,1,0,0,0,6.47645E+20,5.47472E+21,1.10353E+16,4.94072E+16
85008,9,1,87,165,2018,6,15,2,3,2,6,0,0,1,0,0,0,0,0,7.31647E+20,5.29937E+21,1.20939E+16,4.78059E+16
85009,9,1,81,130,2018,6,18,3,3,0,6,0,0,0,0,1,0,0,0,6.38536E+20,5.31789E+21,1.08572E+16,4.79993E+16
85010,9,6,71,134,2018,6,14,7,3,0,7,0,0,1,0,1,0,0,1,5.00455E+20,5.54618E+21,9.00636E+15,5.00679E+16
85011,9,5,64,0,2018,6,22,6,3,5,3,2,1,1,0,0,0,0,0,6.5237E+20,5.48216E+21,1.11032E+16,4.9473E+16
85012,9,1,62,0,2018,6,16,5,3,1,6,0,1,1,0,0,0,0,0,6.86222E+20,5.33178E+21,1.15019E+16,4.81121E+16
85013,9,1,62,0,2018,6,19,5,3,3,2,0,0,1,0,1,0,0,0,6.92014E+20,5.33152E+21,1.15795E+16,4.8108E+16
85014,9,5,64,0,2018,6,0,5,3,5,3,2,0,1,0,0,0,1,0,6.45278E+20,5.48756E+21,1.10074E+16,4.95232E+16
85015,9,6,79,180,2018,6,16,1,3,8,1,0,0,0,0,1,0,0,0,5.69286E+20,5.5252E+21,9.96428E+15,4.98752E+16
85016,9,5,62,0,2018,6,15,2,3,1,6,0,0,1,0,0,0,0,0,6.45942E+20,5.49545E+21,1.10195E+16,4.9594E+16
85017,9,2,74,191,2018,6,14,6,3,4,2,0,0,1,0,0,0,0,0,7.44755E+20,5.39128E+21,1.23217E+16,4.86266E+16
85018,9,5,73,115,2018,6,17,5,3,2,2,0,0,1,0,0,0,0,0,6.29124E+20,5.47286E+21,1.07795E+16,4.93947E+16
85019,9,2,71,153,2018,6,15,1,3,2,6,0,0,0,0,1,0,0,0,8.02249E+20,5.40288E+21,1.31086E+16,4.87056E+16
85020,9,1,90,145,2018,6,10,7,2,9,2,0,0,0,0,1,0,1,0,6.49058E+20,5.28662E+21,1.09874E+16,4.77158E+16
85021,9,1,75,135,2018,6,9,6,3,6,7,0,1,0,1,0,0,0,0,7.08991E+20,5.33944E+21,1.18112E+16,4.81738E+16
85022,9,5,75,135,2018,6,18,5,3,3,6,0,1,0,0,1,0,0,0,6.07681E+20,5.48494E+21,1.04874E+16,4.95075E+16
85023,9,2,73,133,2018,6,15,3,3,5,3,0,0,1,0,0,0,0,0,7.10957E+20,5.42483E+21,1.18809E+16,4.89404E+16
85024,9,1,84,145,2018,6,17,7,2,4,2,0,0,1,0,0,0,0,0,6.96463E+20,5.32286E+21,1.16353E+16,4.80288E+16
85025,9,7,64,0,2018,6,19,6,3,2,7,0,1,0,0,0,0,0,0,5.89396E+20,5.31503E+21,1.0198E+16,4.79824E+16
85026,9,4,77,138,2018,6,17,5,3,0,7,0,0,1,0,0,0,0,0,6.89929E+20,5.56185E+21,1.16602E+16,5.01783E+16
85027,9,1,79,123,2018,6,17,2,3,2,6,0,0,1,0,0,0,0,0,6.77998E+20,5.3322E+21,1.13917E+16,4.81182E+16
85028,9,7,75,111,2018,6,16,2,3,5,3,0,1,1,0,0,0,0,0,5.82899E+20,5.33459E+21,1.01148E+16,4.81591E+16
85029,9,5,64,0,2018,6,17,7,3,5,2,0,1,1,0,0,0,0,0,6.4758E+20,5.47844E+21,1.10358E+16,4.94407E+16
85030,9,5,71,122,2018,6,16,6,3,4,2,0,0,1,0,0,0,0,0,6.23036E+20,5.46851E+21,1.06943E+16,4.93568E+16
85031,9,4,72,150,2018,6,12,5,2,3,6,0,0,0,0,1,0,1,0,6.79412E+20,5.54093E+21,1.15032E+16,4.99937E+16
85032,9,4,62,0,2018,6,15,5,2,5,3,0,0,1,0,0,0,0,0,6.8353E+20,5.53215E+21,1.15564E+16,4.99135E+16
85033,9,6,61,0,2018,6,7,1,2,0,7,0,1,0,0,0,0,0,0,5.106E+20,5.53572E+21,9.14782E+15,4.99737E+16
85034,9,4,75,120,2018,6,13,7,3,5,3,0,0,1,0,0,0,0,0,7.12259E+20,5.57335E+21,1.19789E+16,5.02741E+16
85035,9,4,72,175,2018,6,10,2,3,7,5,0,0,0,1,0,1,0,0,6.7967E+20,5.52178E+21,1.14979E+16,4.98215E+16
85036,9,1,89,154,2018,6,12,6,3,2,6,0,0,1,0,0,0,0,0,7.69194E+20,5.31659E+21,1.26052E+16,4.7946E+16
85037,9,4,71,207,2018,6,17,5,1,4,2,0,0,1,0,1,0,0,0,6.26551E+20,5.53191E+21,1.07632E+16,4.99262E+16
85038,9,4,75,136,2018,6,15,3,3,7,7,0,0,1,1,0,0,0,0,6.86893E+20,5.56758E+21,1.16205E+16,5.02308E+16
85039,9,1,89,119,2018,6,13,1,3,8,6,0,0,0,0,1,0,1,0,7.63769E+20,5.30727E+21,1.2527E+16,4.78645E+16
85040,9,1,61,0,2018,6,9,7,3,8,1,0,0,0,0,1,0,0,0,6.77583E+20,5.40526E+21,1.14171E+16,4.87749E+16
85041,9,3,63,0,2018,6,11,5,3,0,7,0,0,0,0,0,0,1,0,7.28986E+20,5.5075E+21,1.21741E+16,4.96765E+16
85042,9,6,74,147,2018,6,9,1,3,0,1,0,1,0,0,0,0,0,0,6.0931E+20,5.54558E+21,1.05269E+16,5.00524E+16
85043,9,5,77,177,2018,6,16,7,3,0,1,0,1,0,0,0,0,0,0,6.44308E+20,5.43291E+21,1.09743E+16,4.90322E+16
85044,9,5,75,161,2018,6,18,2,2,5,3,0,0,1,0,1,0,0,0,6.0535E+20,5.50224E+21,1.04599E+16,4.96635E+16
85045,9,2,73,116,2018,6,15,6,3,2,5,0,0,1,0,0,0,1,0,7.1818E+20,5.42248E+21,1.19782E+16,4.89168E+16
85046,9,3,73,160,2018,6,19,5,3,0,3,0,0,1,0,0,0,0,0,6.93628E+20,5.44716E+21,1.16552E+16,4.91467E+16
85047,9,2,74,172,2018,6,4,1,2,8,1,0,0,1,0,0,0,0,0,7.16745E+20,5.39366E+21,1.19434E+16,4.86583E+16
85048,9,1,89,157,2018,6,16,7,2,0,1,0,1,0,0,0,0,0,0,7.65297E+20,5.32535E+21,1.25585E+16,4.80263E+16
85049,9,3,62,0,2018,6,11,5,3,3,6,0,0,1,0,0,0,1,0,7.31207E+20,5.43222E+21,1.21612E+16,4.89996E+16
85050,9,1,72,128,2018,6,12,3,3,2,6,0,0,1,0,0,1,0,0,7.93709E+20,5.29785E+21,1.292E+16,4.7767E+16
85051,9,7,74,185,2018,6,12,7,3,5,3,0,1,1,0,0,0,0,0,6.08041E+20,5.34934E+21,1.04565E+16,4.8288E+16
85052,9,7,72,184,2018,6,1,6,3,5,3,2,0,1,0,0,0,0,0,6.35178E+20,5.36238E+21,1.08263E+16,4.84001E+16
85053,9,3,75,117,2018,6,14,5,3,5,2,0,0,1,0,0,0,1,0,7.34848E+20,5.43245E+21,1.22111E+16,4.90002E+16
85054,9,1,79,134,2018,6,22,2,2,8,1,2,0,0,0,1,0,0,0,6.68958E+20,5.34269E+21,1.12745E+16,4.82149E+16
85055,9,7,77,121,2018,6,14,2,3,1,7,0,0,1,0,0,0,0,0,6.2812E+20,5.32154E+21,1.07187E+16,4.80343E+16
85056,9,5,71,145,2018,6,16,7,3,2,6,0,0,1,0,0,0,1,0,5.94323E+20,5.45367E+21,1.02955E+16,4.92286E+16