OBJECTID_1,ULAND,UREGBEZ,UKREIS,UGEMEINDE,UJAHR,UMONAT,USTUNDE,UWOCHENTAG,UKATEGORIE,UART,UTYP1,ULICHTVERH,IstRad,IstPKW,IstFuss,IstKrad,IstGkfz,IstSonstig,STRZUSTAND,LINREFX,LINREFY,XGCSWGS84,YGCSWGS84
85245,9,7,62,0,2018,6,14,4,3,2,6,0,0,1,0,0,0,1,1,6.2086E+20,5.30482E+21,1.06166E+16,4.78853E+16
85246,9,6,74,147,2018,6,16,1,2,8,3,0,0,1,0,1,0,0,0,6.07912E+20,5.54356E+21,1.05068E+16,5.00346E+16
85247,9,5,71,175,2018,6,18,2,2,8,1,0,0,1,0,0,0,0,0,6.1968E+20,5.45679E+21,1.06446E+16,4.92522E+16
85248,9,2,73,111,2018,6,13,6,3,2,5,0,0,1,0,0,0,0,0,7.10174E+20,5.41032E+21,1.18628E+16,4.88103E+16
85249,9,7,73,125,2018,6,13,4,2,1,7,0,0,1,0,0,0,0,0,6.09944E+20,5.38187E+21,1.04907E+16,4.85803E+16
85250,9,7,72,126,2018,6,22,4,3,9,1,2,0,0,0,0,0,1,0,6.29511E+20,5.36727E+21,1.07513E+16,4.84452E+16
85251,9,7,61,0,2018,6,20,1,3,5,3,0,0,1,0,0,0,0,0,6.37625E+20,5.3527E+21,1.08562E+16,4.83125E+16
85252,9,5,64,0,2018,6,15,2,3,3,6,0,0,1,0,0,0,0,0,6.5313E+20,5.47345E+21,1.11104E+16,4.93945E+16
85253,9,2,73,119,2018,6,13,6,2,2,6,0,0,1,0,1,0,0,0,7.09391E+20,5.40932E+21,1.18516E+16,4.88016E+16
85254,9,7,72,202,2018,6,18,4,3,5,3,0,1,1,0,0,0,0,0,6.36745E+20,5.35914E+21,1.08465E+16,4.83706E+16
85255,9,2,76,111,2018,6,11,1,3,4,1,0,0,1,0,1,0,0,0,7.87473E+20,5.42788E+21,1.29258E+16,4.8937E+16
85256,9,1,90,157,2018,6,11,7,3,0,7,0,0,0,0,1,0,0,0,6.58535E+20,5.30148E+21,1.11191E+16,4.78471E+16
85257,9,1,62,0,2018,6,17,6,3,9,1,0,0,1,0,0,0,0,0,6.95235E+20,5.34403E+21,1.16285E+16,4.82194E+16
85258,9,7,61,0,2018,6,17,4,3,3,2,0,1,1,0,0,0,0,0,6.40195E+20,5.36056E+21,1.08935E+16,4.83826E+16
85259,9,2,61,0,2018,6,11,3,3,3,2,0,1,0,0,0,1,0,0,7.32653E+20,5.38178E+21,1.21525E+16,4.85459E+16
85260,9,1,62,0,2018,6,8,7,3,0,1,0,1,0,0,0,0,0,0,6.94553E+20,5.33195E+21,1.16138E+16,4.81111E+16
85261,9,7,78,214,2018,6,13,6,2,1,2,0,0,1,0,1,1,0,0,5.95521E+20,5.32176E+21,1.02816E+16,4.8042E+16
85262,9,7,79,197,2018,6,11,5,3,5,3,0,0,1,0,0,0,0,0,6.16783E+20,5.42255E+21,1.05949E+16,4.89448E+16
85263,9,6,77,129,2018,6,17,4,2,0,1,0,0,0,0,1,0,0,0,5.30164E+20,5.54745E+21,9.42157E+15,5.00785E+16
85264,9,1,76,123,2018,6,17,2,2,4,6,0,0,1,0,0,0,0,0,6.62017E+20,5.41814E+21,1.12105E+16,4.8895E+16
85265,9,1,84,148,2018,6,9,2,3,2,6,0,0,1,0,0,0,0,0,6.93341E+20,5.32887E+21,1.15962E+16,4.80838E+16
85266,9,5,64,0,2018,6,18,7,3,2,6,0,0,1,0,0,0,0,0,6.53503E+20,5.47307E+21,1.11154E+16,4.93909E+16
85267,9,5,75,157,2018,6,5,6,3,9,1,0,0,1,0,0,0,0,0,6.03783E+20,5.50584E+21,1.04391E+16,4.96961E+16
85268,9,6,75,170,2018,6,16,4,2,5,3,0,0,1,0,1,0,0,0,5.81905E+20,5.50704E+21,1.01361E+16,4.97103E+16
85269,9,6,77,114,2018,6,13,4,2,9,1,0,1,1,0,0,0,0,0,5.69517E+20,5.53674E+21,9.96958E+15,4.99789E+16
85270,9,6,78,176,2018,6,2,1,2,9,1,2,0,0,0,0,1,0,0,5.89198E+20,5.53758E+21,1.02442E+16,4.99839E+16
85271,9,5,71,177,2018,6,9,7,2,0,1,0,1,0,0,0,0,0,0,6.24976E+20,5.44944E+21,1.07151E+16,4.9185E+16
85272,9,4,76,154,2018,6,15,2,3,9,7,0,0,1,0,0,0,0,0,6.57298E+20,5.56745E+21,1.12059E+16,5.02383E+16
85273,9,1,89,148,2018,6,17,6,3,2,6,0,0,0,0,0,0,1,0,7.76504E+20,5.30765E+21,1.26972E+16,4.78626E+16
85274,9,6,73,114,2018,6,16,4,2,9,1,0,0,1,0,0,0,0,0,5.86559E+20,5.57647E+21,1.02163E+16,5.0334E+16
85275,9,4,72,177,2018,6,20,3,3,1,5,0,0,1,0,0,1,0,0,6.76149E+20,5.50256E+21,1.14403E+16,4.96498E+16
85276,9,1,90,154,2018,6,18,1,3,3,6,0,0,1,0,1,0,0,0,6.3948E+20,5.28265E+21,1.08585E+16,4.76822E+16
85277,9,1,86,152,2018,6,9,7,3,2,6,0,0,0,0,0,0,1,0,6.91577E+20,5.37922E+21,1.15954E+16,4.85368E+16
85278,9,6,62,0,2018,6,14,4,3,5,3,0,1,0,0,0,0,1,0,5.8826E+20,5.54564E+21,1.0233E+16,5.00565E+16
85279,9,1,72,122,2018,6,15,3,2,2,6,0,0,1,0,0,1,0,0,7.90236E+20,5.31414E+21,1.28847E+16,4.79149E+16
85280,9,7,76,116,2018,6,13,7,2,1,1,0,0,1,0,0,0,0,0,5.50797E+20,5.26902E+21,9.67541E+15,4.75726E+16
85281,9,6,77,114,2018,6,16,6,3,5,3,0,0,1,0,0,1,0,0,5.69636E+20,5.5365E+21,9.9712E+15,4.99768E+16
85282,9,2,72,142,2018,6,16,1,2,8,1,0,0,0,0,1,0,0,0,8.20771E+20,5.41315E+21,1.33677E+16,4.87885E+16
85283,9,1,83,139,2018,6,18,7,3,0,1,0,1,0,0,0,0,0,0,7.34623E+20,5.3341E+21,1.21526E+16,4.81169E+16
85284,9,6,71,130,2018,6,7,4,2,2,6,0,0,0,0,1,1,0,0,5.15524E+20,5.53897E+21,9.21663E+15,5.00028E+16
85285,9,1,73,133,2018,6,20,3,1,4,1,0,0,0,0,1,0,0,0,6.76673E+20,5.27849E+21,1.1352E+16,4.76357E+16
85286,9,7,78,134,2018,6,15,7,2,4,6,0,0,0,0,1,1,0,0,6.12189E+20,5.33279E+21,1.0508E+16,4.81385E+16
85287,9,7,72,149,2018,6,7,6,3,5,3,0,0,1,0,0,0,0,0,6.37746E+20,5.34031E+21,1.08538E+16,4.82011E+16
85288,9,7,79,148,2018,6,16,5,3,2,2,0,0,1,0,0,0,0,0,6.28849E+20,5.4103E+21,1.07558E+16,4.88323E+16
85289,9,6,71,122,2018,6,3,4,3,9,1,2,0,1,0,0,0,0,0,5.066E+20,5.53173E+21,9.09198E+15,4.99379E+16
85290,9,1,81,146,2018,6,8,2,3,9,1,0,0,1,0,0,0,0,0,6.52817E+20,5.32651E+21,1.10516E+16,4.80735E+16
85291,9,7,77,140,2018,6,17,2,3,0,3,0,0,1,0,1,0,0,0,6.28387E+20,5.31807E+21,1.07212E+16,4.80031E+16
85292,9,5,73,114,2018,6,21,7,2,3,6,1,0,0,0,1,1,0,0,6.34876E+20,5.48146E+21,1.08617E+16,4.94708E+16
85293,9,4,62,0,2018,6,15,6,3,5,3,0,1,0,0,1,0,0,0,6.83529E+20,5.53215E+21,1.15564E+16,4.99135E+16
85294,9,5,72,141,2018,6,8,4,3,0,7,0,0,0,0,1,0,0,0,6.45963E+20,5.49795E+21,1.10207E+16,4.96164E+16
85295,9,5,76,127,2018,6,12,4,1,4,6,0,0,1,0,1,0,0,0,6.58274E+20,5.44691E+21,1.11707E+16,4.91546E+16
85296,9,5,77,136,2018,6,20,1,3,5,3,0,0,1,0,0,0,0,0,6.29108E+20,5.44315E+21,1.07697E+16,4.91277E+16
85297,9,3,74,122,2018,6,13,7,2,8,1,0,0,0,0,1,0,0,0,7.41356E+20,5.51299E+21,1.23487E+16,4.9721E+16
85298,9,3,77,117,2018,6,14,2,3,2,6,0,1,0,0,0,0,0,0,7.2962E+20,5.52808E+21,1.21951E+16,4.98611E+16
85299,9,1,72,116,2018,6,10,6,2,0,5,0,0,1,0,0,1,0,0,8.01994E+20,5.28442E+21,1.3021E+16,4.76426E+16
85300,9,5,76,127,2018,6,10,4,3,5,3,0,1,1,0,0,0,0,0,6.59452E+20,5.45134E+21,1.11886E+16,4.91941E+16
85301,9,3,75,179,2018,6,11,3,3,1,6,0,0,1,0,0,0,0,0,7.31954E+20,5.42829E+21,1.21692E+16,4.89639E+16
85302,9,1,87,168,2018,6,11,1,3,4,6,0,0,1,0,1,0,0,0,7.50941E+20,5.30933E+21,1.2357E+16,4.78882E+16
85303,9,1,86,122,2018,6,13,7,3,5,2,0,0,1,0,0,0,0,0,6.93015E+20,5.39436E+21,1.16219E+16,4.86724E+16
85304,9,5,63,0,2018,6,9,4,3,3,6,0,0,1,0,0,0,1,0,6.43222E+20,5.48273E+21,1.09773E+16,4.94803E+16
85305,9,2,77,126,2018,6,15,2,2,4,6,0,0,1,0,1,0,0,0,7.94115E+20,5.38586E+21,1.29863E+16,4.85568E+16
85306,9,1,87,177,2018,6,16,3,3,5,6,0,1,1,0,0,0,0,0,7.35685E+20,5.30541E+21,1.21511E+16,4.78588E+16
85307,9,7,61,0,2018,6,20,7,3,0,7,0,1,0,0,0,0,0,0,6.41007E+20,5.36055E+21,1.09044E+16,4.83824E+16
85308,9,5,76,148,2018,6,14,6,3,2,6,0,0,1,0,1,0,0,0,6.66064E+20,5.44359E+21,1.12761E+16,4.91227E+16
85309,9,7,72,156,2018,6,18,5,3,5,2,0,0,1,0,0,0,1,0,6.26046E+20,5.3702E+21,1.07054E+16,4.84723E+16
85310,9,5,64,0,2018,6,19,4,3,5,3,0,0,1,0,1,0,1,0,6.52144E+20,5.48135E+21,1.10998E+16,4.94658E+16
85311,9,1,84,132,2018,6,14,1,3,3,6,0,1,0,0,1,0,0,0,6.82018E+20,5.32406E+21,1.14422E+16,4.80438E+16
85312,9,6,78,135,2018,6,11,2,3,9,1,0,0,1,0,0,0,0,0,5.94892E+20,5.54195E+21,1.03247E+16,5.00223E+16
85313,9,3,71,150,2018,6,11,6,3,8,1,0,0,1,0,0,0,0,0,7.2093E+20,5.49269E+21,1.20543E+16,4.95465E+16
85314,9,5,71,199,2018,6,22,4,3,2,6,2,0,1,0,0,0,0,0,5.90121E+20,5.44938E+21,1.02369E+16,4.91906E+16
85315,9,5,71,175,2018,6,16,4,3,8,6,0,0,1,0,0,1,0,0,6.21198E+20,5.4575E+21,1.06657E+16,4.92583E+16
85316,9,3,74,128,2018,6,6,1,3,8,1,0,0,1,0,0,0,0,0,7.26994E+20,5.51783E+21,1.21526E+16,4.977E+16
85317,9,2,74,111,2018,6,15,7,3,8,1,0,0,1,0,0,0,0,0,7.43488E+20,5.3831E+21,1.22998E+16,4.85537E+16
85318,9,7,72,171,2018,6,18,5,3,5,3,0,1,1,0,0,0,0,0,6.38307E+20,5.36872E+21,1.08707E+16,4.84564E+16
85319,9,5,75,145,2018,6,16,4,2,5,3,0,0,1,0,1,0,0,0,6.19627E+20,5.48385E+21,1.0652E+16,4.94955E+16
85320,9,1,86,152,2018,6,6,2,3,2,6,0,0,1,0,0,0,0,0,6.91334E+20,5.37335E+21,1.15894E+16,4.84841E+16
85321,9,4,71,220,2018,6,10,2,3,2,6,0,0,1,0,0,0,0,0,6.19077E+20,5.51099E+21,1.06527E+16,4.97396E+16
85322,9,4,61,0,2018,6,16,6,3,6,7,0,0,1,1,0,0,0,0,6.37261E+20,5.53055E+21,1.09118E+16,4.99116E+16
85323,9,4,72,190,2018,6,13,4,3,4,6,0,0,1,0,0,0,0,0,7.02219E+20,5.52876E+21,1.18147E+16,4.9877E+16
85324,9,4,74,126,2018,6,13,4,3,5,3,0,0,1,0,0,0,0,0,6.50496E+20,5.50899E+21,1.10877E+16,4.97146E+16
85325,9,4,77,156,2018,6,19,1,3,4,6,0,0,1,0,0,0,0,0,6.80094E+20,5.5645E+21,1.15238E+16,5.02052E+16
85326,9,2,78,113,2018,6,14,7,2,8,1,0,0,0,0,1,0,0,0,7.72442E+20,5.42128E+21,1.27166E+16,4.88845E+16
85327,9,1,87,120,2018,6,17,6,3,0,1,0,1,0,0,0,0,0,0,7.32894E+20,5.29162E+21,1.21064E+16,4.77359E+16
85328,9,4,74,126,2018,6,15,4,3,3,6,0,0,1,0,0,0,0,0,6.48973E+20,5.50721E+21,1.10659E+16,4.9699E+16
85329,9,3,72,116,2018,6,5,3,3,8,1,0,0,1,0,0,0,0,0,7.608E+20,5.45661E+21,1.25808E+16,4.92067E+16
85330,9,1,87,117,2018,6,22,1,3,0,7,2,0,1,0,0,0,0,1,7.2348E+20,5.30587E+21,1.19884E+16,4.78673E+16
85331,9,1,78,140,2018,6,14,7,3,2,6,0,0,1,0,0,1,0,0,7.08402E+20,5.36364E+21,1.18153E+16,4.83914E+16
85332,9,7,71,130,2018,6,6,5,3,5,3,0,0,1,0,0,0,0,0,6.45414E+20,5.3577E+21,1.09629E+16,4.83557E+16
85333,9,4,71,195,2018,6,16,4,2,9,7,0,0,1,0,0,0,0,0,6.43886E+20,5.52354E+21,1.10014E+16,4.9847E+16
85334,9,1,73,126,2018,6,15,2,3,2,6,0,0,1,0,0,0,1,0,6.83641E+20,5.3063E+21,1.14564E+16,4.78838E+16
85335,9,1,61,0,2018,6,10,3,3,5,3,0,1,0,0,0,0,1,0,6.75588E+20,5.40477E+21,1.13898E+16,4.87711E+16
85336,9,6,72,114,2018,6,11,7,3,4,1,0,0,1,0,1,0,0,0,5.75903E+20,5.56377E+21,1.0064E+16,5.02212E+16
85337,9,5,65,0,2018,6,21,6,2,8,7,1,0,1,0,0,0,0,0,6.46959E+20,5.46893E+21,1.10237E+16,4.93553E+16
85338,9,7,72,202,2018,6,16,5,3,5,3,0,0,1,0,1,0,0,0,6.36378E+20,5.35777E+21,1.08411E+16,4.83584E+16
85339,9,4,71,195,2018,6,14,4,3,2,6,0,0,1,0,0,0,0,0,6.41583E+20,5.52317E+21,1.09693E+16,4.98443E+16
85340,9,7,72,159,2018,6,11,1,2,9,1,0,1,1,0,0,0,0,0,6.28891E+20,5.36057E+21,1.07409E+16,4.83851E+16
85341,9,1,62,0,2018,6,7,5,3,0,7,0,1,0,0,0,0,0,0,6.8509E+20,5.33536E+21,1.14883E+16,4.81446E+16
85342,9,6,76,145,2018,6,9,2,2,5,6,0,0,1,0,1,0,0,0,5.10234E+20,5.52036E+21,9.14231E+15,4.98356E+16
85343,9,2,75,126,2018,6,0,6,3,0,7,2,0,0,0,1,0,0,0,8.43781E+20,5.39918E+21,1.36683E+16,4.86509E+16
85344,9,3,75,174,2018,6,11,4,3,4,2,0,0,1,0,0,0,0,0,7.32944E+20,5.43033E+21,1.21839E+16,4.89819E+16
85345,9,3,72,116,2018,6,13,4,2,2,6,0,0,1,0,0,0,0,0,7.66646E+20,5.45626E+21,1.26607E+16,4.92011E+16
85346,9,3,61,0,2018,6,16,1,2,4,6,0,0,1,0,0,0,0,0,7.05833E+20,5.48074E+21,1.18397E+16,4.94444E+16
85347,9,2,73,137,2018,6,8,7,2,4,2,0,0,0,0,1,0,1,0,7.1283E+20,5.41776E+21,1.19028E+16,4.88763E+16
85348,9,1,79,137,2018,6,15,6,3,5,2,0,0,1,0,0,0,0,0,6.5603E+20,5.34526E+21,1.11016E+16,4.82413E+16
85349,9,3,71,151,2018,6,19,4,3,0,7,0,1,0,0,0,0,0,0,6.98658E+20,5.48753E+21,1.17442E+16,4.95078E+16
85350,9,2,77,154,2018,6,10,3,3,5,3,0,0,1,0,0,1,0,0,7.84331E+20,5.35694E+21,1.28344E+16,4.83017E+16
85351,9,1,75,123,2018,6,18,1,3,2,6,0,0,1,0,0,0,0,0,7.23992E+20,5.33728E+21,1.20116E+16,4.81493E+16
85352,9,7,75,135,2018,6,20,6,3,3,6,0,0,1,0,0,0,1,0,5.80624E+20,5.35423E+21,1.00879E+16,4.83361E+16
85353,9,6,79,202,2018,6,11,5,1,4,6,0,0,0,0,1,1,0,0,5.62512E+20,5.52163E+21,9.86944E+15,4.98438E+16
85354,9,1,61,0,2018,6,13,6,3,2,6,0,0,1,0,0,0,1,0,6.81936E+20,5.4002E+21,1.14741E+16,4.87283E+16
85355,9,3,76,175,2018,6,12,4,3,4,3,0,0,1,0,0,0,0,0,7.29329E+20,5.46709E+21,1.21554E+16,4.93134E+16
85356,9,2,76,115,2018,6,19,3,2,8,6,0,0,0,0,1,0,0,0,8.05467E+20,5.44592E+21,1.31844E+16,4.90902E+16
85357,9,1,79,123,2018,6,16,1,3,5,2,0,0,1,0,0,0,0,0,6.76729E+20,5.33375E+21,1.13753E+16,4.81324E+16
85358,9,1,84,123,2018,6,7,6,2,4,2,0,1,1,0,0,0,0,0,7.03004E+20,5.33189E+21,1.17272E+16,4.81079E+16
85359,9,6,79,176,2018,6,17,5,3,1,6,0,0,1,0,0,0,0,0,5.65768E+20,5.50929E+21,9.91265E+15,4.97325E+16
85360,9,3,61,0,2018,6,16,4,3,1,7,0,0,1,0,1,0,0,0,7.07781E+20,5.48058E+21,1.18664E+16,4.94424E+16
85361,9,1,87,177,2018,6,16,2,3,4,2,0,1,1,0,0,0,0,0,7.35044E+20,5.30511E+21,1.21423E+16,4.78563E+16
85362,9,1,81,139,2018,6,19,3,3,0,1,0,0,1,0,0,0,0,0,6.55743E+20,5.32324E+21,1.10896E+16,4.80434E+16
85363,9,5,62,0,2018,6,9,7,3,3,6,0,0,1,0,0,1,0,0,6.44532E+20,5.49145E+21,1.09985E+16,4.95584E+16
85364,9,5,64,0,2018,6,10,6,2,5,3,0,1,1,0,0,0,0,0,6.47335E+20,5.47169E+21,1.10299E+16,4.938E+16
85365,9,6,73,175,2018,6,13,5,3,2,6,0,0,1,0,0,0,0,0,5.89325E+20,5.5813E+21,1.02563E+16,5.0377E+16
85366,9,2,78,192,2018,6,21,4,3,8,1,1,0,1,0,0,0,0,0,7.71899E+20,5.41253E+21,1.27034E+16,4.88062E+16
85367,9,6,77,157,2018,6,14,1,3,8,1,0,0,1,0,0,0,0,0,5.41963E+20,5.52359E+21,9.58387E+15,4.98633E+16
85368,9,5,76,147,2018,6,17,2,3,8,1,0,0,0,0,1,0,0,0,6.39712E+20,5.44733E+21,1.09164E+16,4.91629E+16
85369,9,2,74,113,2018,6,17,6,3,0,1,0,0,0,0,1,0,0,0,7.26633E+20,5.38135E+21,1.20708E+16,4.85442E+16
85370,9,2,71,132,2018,6,13,4,3,2,6,0,0,1,0,0,0,0,0,7.85483E+20,5.41794E+21,1.28917E+16,4.88487E+16
85371,9,2,78,159,2018,6,16,1,2,4,2,0,0,1,0,1,0,0,0,7.81203E+20,5.42208E+21,1.28364E+16,4.88878E+16
85372,9,1,90,141,2018,6,7,7,3,1,5,0,0,1,0,0,0,0,0,6.77903E+20,5.2912E+21,1.13735E+16,4.77496E+16
85373,9,1,78,122,2018,6,21,6,3,5,3,1,0,1,0,0,0,0,0,6.99222E+20,5.38668E+21,1.17024E+16,4.86014E+16
85374,9,2,62,0,2018,6,12,4,3,5,3,0,0,1,0,0,0,0,1,8.30065E+20,5.39235E+21,1.34772E+16,4.85971E+16
85375,9,2,79,116,2018,6,11,3,3,9,1,0,0,1,0,0,0,0,0,7.59023E+20,5.38922E+21,1.25137E+16,4.86024E+16
85376,9,1,62,0,2018,6,11,7,2,0,7,0,1,0,0,0,1,0,0,7.01041E+20,5.33242E+21,1.17011E+16,4.81133E+16
85377,9,7,74,121,2018,6,14,6,2,5,3,0,0,1,0,1,0,0,0,6.04317E+20,5.3663E+21,1.04105E+16,4.84412E+16
85378,9,6,74,195,2018,6,6,5,3,2,6,0,0,1,0,1,0,0,0,6.13855E+20,5.53929E+21,1.05885E+16,4.9995E+16
85379,9,2,74,134,2018,6,7,4,3,4,6,0,0,1,0,0,0,0,1,7.39592E+20,5.37528E+21,1.22426E+16,4.84849E+16
85380,9,7,71,111,2018,6,23,2,3,2,6,2,0,1,0,0,0,0,0,6.58313E+20,5.35738E+21,1.11368E+16,4.83497E+16
85381,9,7,80,119,2018,6,3,2,3,0,1,2,0,1,0,0,0,0,1,5.97075E+20,5.29664E+21,1.02968E+16,4.78158E+16
85382,9,5,64,0,2018,6,9,7,3,2,6,0,0,1,0,0,0,0,0,6.53254E+20,5.47547E+21,1.11129E+16,4.94126E+16
85383,9,5,61,0,2018,6,15,6,3,1,6,0,0,1,0,0,0,0,0,6.1551E+20,5.45782E+21,1.05876E+16,4.92622E+16
85384,9,1,62,0,2018,6,12,4,3,3,6,0,0,1,0,0,1,0,1,6.86996E+20,5.33134E+21,1.15121E+16,4.81079E+16
85385,9,6,62,0,2018,6,4,5,2,0,1,1,1,0,1,0,0,0,0,5.888E+20,5.54371E+21,1.02401E+16,5.0039E+16
85386,9,1,90,131,2018,6,12,4,3,9,7,0,0,1,0,0,0,0,1,6.61473E+20,5.29289E+21,1.11551E+16,4.77691E+16
85387,9,6,71,150,2018,6,11,1,3,4,1,0,0,1,0,0,0,0,0,5.22003E+20,5.5445E+21,9.30735E+15,5.00524E+16
85388,9,4,72,118,2018,6,23,7,3,0,7,2,0,1,0,0,0,1,0,6.75656E+20,5.50175E+21,1.14331E+16,4.96427E+16
85389,9,4,74,123,2018,6,7,2,3,2,6,0,0,1,0,0,1,0,0,6.47518E+20,5.51482E+21,1.10486E+16,4.97678E+16
85390,9,1,90,157,2018,6,10,4,3,4,6,0,0,1,0,0,0,0,1,6.652E+20,5.29871E+21,1.1207E+16,4.78205E+16
85391,9,1,61,0,2018,6,16,2,2,9,7,0,0,1,0,0,0,0,0,6.80831E+20,5.40742E+21,1.14622E+16,4.87934E+16
85392,9,1,62,0,2018,6,15,3,3,3,6,0,0,1,0,0,1,0,0,6.94282E+20,5.34081E+21,1.16142E+16,4.81907E+16
85393,9,5,63,0,2018,6,21,7,3,0,7,1,0,0,0,1,0,0,0,6.44138E+20,5.48243E+21,1.09898E+16,4.94774E+16
85394,9,5,73,122,2018,6,15,6,3,2,6,0,0,1,0,0,0,1,0,6.43107E+20,5.4777E+21,1.09739E+16,4.94351E+16
85395,9,1,80,124,2018,6,12,4,3,2,6,0,0,1,0,0,0,0,1,6.65338E+20,5.28339E+21,1.1203E+16,4.76827E+16
85396,9,6,76,145,2018,6,14,5,3,1,6,0,0,1,0,0,0,0,0,5.10625E+20,5.52058E+21,9.14776E+15,4.98375E+16
85397,9,1,80,117,2018,6,13,4,3,2,6,0,0,1,0,0,1,0,1,6.58571E+20,5.26384E+21,1.11059E+16,4.75087E+16
85398,9,6,74,221,2018,6,14,1,3,2,6,0,0,1,0,0,0,0,0,6.12319E+20,5.5424E+21,1.0568E+16,5.00233E+16
85399,9,5,71,193,2018,6,13,7,3,1,6,0,0,1,0,1,0,0,0,5.85433E+20,5.47043E+21,1.0177E+16,4.93806E+16
85400,9,5,75,135,2018,6,12,2,2,0,1,0,1,0,0,0,0,0,0,6.06467E+20,5.48613E+21,1.0471E+16,4.95184E+16
85401,9,2,73,152,2018,6,15,6,3,8,6,0,0,1,0,0,0,0,0,7.04875E+20,5.40981E+21,1.17904E+16,4.88075E+16
85402,9,1,87,118,2018,6,13,4,3,8,1,0,0,1,0,0,0,0,1,7.51978E+20,5.30131E+21,1.23661E+16,4.78157E+16
85403,9,2,79,122,2018,6,14,1,3,5,3,0,0,1,0,0,0,0,0,7.76843E+20,5.40153E+21,1.27632E+16,4.87053E+16
85404,9,1,89,152,2018,6,9,7,2,8,1,0,0,0,0,1,0,0,0,7.75801E+20,5.32862E+21,1.27012E+16,4.80512E+16
85405,9,1,83,147,2018,6,8,4,3,0,1,0,0,1,0,0,0,0,0,7.46594E+20,5.33385E+21,1.2313E+16,4.81101E+16
85406,9,1,89,145,2018,6,9,3,3,0,7,0,0,0,0,1,0,0,0,7.76373E+20,5.30381E+21,1.2693E+16,4.78282E+16
85407,9,7,75,129,2018,6,20,7,3,0,1,1,1,0,0,0,0,0,0,5.81896E+20,5.34141E+21,1.01026E+16,4.82206E+16
85408,9,6,79,204,2018,6,18,6,2,2,6,0,0,1,0,0,1,0,0,5.57807E+20,5.51093E+21,9.80243E+15,4.97481E+16
85409,9,6,61,0,2018,6,19,5,3,8,1,0,0,1,0,0,0,0,0,5.10032E+20,5.53823E+21,9.13997E+15,4.99963E+16
85410,9,1,83,148,2018,6,9,4,3,8,1,0,0,0,0,0,1,0,1,7.54119E+20,5.34358E+21,1.24197E+16,4.81945E+16
85411,9,1,74,147,2018,6,22,2,3,9,7,2,0,1,0,0,0,0,0,6.73894E+20,5.36634E+21,1.13507E+16,4.84262E+16
85412,9,7,73,182,2018,6,16,2,3,1,6,0,0,1,0,1,0,0,0,6.2458E+20,5.37917E+21,1.06882E+16,4.85533E+16
85413,9,4,71,145,2018,6,19,6,1,2,6,0,0,1,0,1,1,0,0,6.44502E+20,5.521E+21,1.1009E+16,4.9824E+16
85414,9,1,89,120,2018,6,16,4,3,4,2,0,0,1,0,0,0,0,1,7.5544E+20,5.29904E+21,1.2411E+16,4.7794E+16
85415,9,1,62,0,2018,6,12,4,3,3,1,0,0,1,0,0,0,0,1,6.94564E+20,5.33119E+21,1.16136E+16,4.81043E+16
85416,9,5,75,153,2018,6,10,1,2,9,1,0,0,1,0,0,0,0,0,6.15159E+20,5.49342E+21,1.05931E+16,4.95824E+16
85417,9,3,75,210,2018,6,16,7,3,4,6,0,0,1,0,0,0,1,0,7.48769E+20,5.43461E+21,1.24024E+16,4.90142E+16
85418,9,3,75,114,2018,6,16,2,3,8,7,0,0,1,0,0,0,0,0,7.40637E+20,5.44196E+21,1.22957E+16,4.90834E+16
85419,9,1,87,117,2018,6,9,6,3,2,6,0,0,1,0,0,0,1,0,7.25535E+20,5.30111E+21,1.20133E+16,4.78238E+16
85420,9,1,87,164,2018,6,18,4,3,0,6,0,1,0,0,0,0,0,1,7.33016E+20,5.32352E+21,1.21252E+16,4.80224E+16
85421,9,3,75,213,2018,6,9,3,3,4,6,0,0,1,0,0,1,0,0,7.26735E+20,5.44046E+21,1.21048E+16,4.90752E+16
85422,9,1,82,114,2018,6,3,1,3,8,1,2,0,1,0,0,0,0,0,7.16217E+20,5.29423E+21,1.18856E+16,4.77652E+16
85423,9,1,74,136,2018,6,15,7,3,0,1,0,0,0,0,1,0,0,0,6.84429E+20,5.36298E+21,1.14915E+16,4.8393E+16
85424,9,1,87,174,2018,6,7,4,3,4,6,0,0,1,0,0,0,1,1,7.43747E+20,5.31038E+21,1.22615E+16,4.79004E+16
85425,9,2,73,119,2018,6,17,2,3,2,6,0,0,1,0,0,0,0,0,7.09477E+20,5.40937E+21,1.18528E+16,4.8802E+16
85426,9,1,89,154,2018,6,22,6,3,0,1,2,0,0,0,0,0,1,0,7.68472E+20,5.31782E+21,1.25963E+16,4.79573E+16
85427,9,1,87,174,2018,6,8,4,3,2,6,0,0,1,0,0,0,0,1,7.43786E+20,5.31038E+21,1.2262E+16,4.79004E+16
85428,9,4,72,167,2018,6,5,3,3,9,6,0,0,1,0,0,0,0,0,6.75977E+20,5.53004E+21,1.14504E+16,4.98969E+16
85429,9,1,82,137,2018,6,13,1,3,5,3,0,0,1,0,0,0,0,0,7.09054E+20,5.30507E+21,1.17953E+16,4.78649E+16
85430,9,1,86,149,2018,6,17,7,3,9,6,0,0,1,0,0,0,0,0,6.88648E+20,5.38598E+21,1.15588E+16,4.85984E+16
85431,9,1,87,128,2018,6,12,4,3,0,1,0,0,0,0,1,0,0,0,7.46008E+20,5.31235E+21,1.22928E+16,4.79172E+16