OBJECTID_1,ULAND,UREGBEZ,UKREIS,UGEMEINDE,UJAHR,UMONAT,USTUNDE,UWOCHENTAG,UKATEGORIE,UART,UTYP1,ULICHTVERH,IstRad,IstPKW,IstFuss,IstKrad,IstGkfz,IstSonstig,STRZUSTAND,LINREFX,LINREFY,XGCSWGS84,YGCSWGS84
85432,9,2,78,118,2018,6,15,2,3,5,3,0,0,1,0,0,0,0,0,7.73434E+20,5.42527E+21,1.27327E+16,4.89199E+16
85433,9,1,71,135,2018,6,12,3,3,2,2,0,0,1,0,0,0,0,0,7.69901E+20,5.34233E+21,1.26309E+16,4.81768E+16
85434,9,7,77,159,2018,6,11,7,3,0,6,0,0,0,0,1,0,0,0,6.16885E+20,5.27238E+21,1.05548E+16,4.75943E+16
85435,9,6,62,0,2018,6,16,6,2,5,3,0,1,1,0,0,0,0,0,5.88143E+20,5.54497E+21,1.02312E+16,5.00505E+16
85436,9,6,71,143,2018,6,7,5,3,0,6,0,0,1,0,0,1,0,0,5.0762E+20,5.54378E+21,9.10642E+15,5.00463E+16
85437,9,1,87,168,2018,6,8,4,3,9,1,0,0,1,0,0,0,0,1,7.50944E+20,5.31019E+21,1.23575E+16,4.78959E+16
85438,9,1,78,113,2018,6,22,2,2,5,6,2,0,1,0,0,1,0,0,6.93746E+20,5.36715E+21,1.16191E+16,4.84277E+16
85439,9,6,63,0,2018,6,8,2,3,6,7,0,1,0,1,0,0,0,0,5.66264E+20,5.51659E+21,9.92076E+15,4.97981E+16
85440,9,3,71,136,2018,6,10,6,2,3,6,0,0,1,0,0,1,0,0,7.07256E+20,5.47556E+21,1.18566E+16,4.93974E+16
85441,9,1,87,168,2018,6,7,4,3,8,1,0,0,1,0,0,0,0,1,7.50942E+20,5.31019E+21,1.23575E+16,4.78959E+16
85442,9,7,64,0,2018,6,16,5,3,2,6,0,0,1,0,0,0,0,0,5.88306E+20,5.31305E+21,1.0183E+16,4.79647E+16
85443,9,1,76,139,2018,6,15,4,3,2,7,0,0,1,0,0,1,0,0,6.8278E+20,5.40837E+21,1.14892E+16,4.88014E+16
85444,9,4,74,121,2018,6,15,1,2,8,1,0,0,0,0,1,0,0,0,6.54652E+20,5.51828E+21,1.1149E+16,4.97971E+16
85445,9,2,75,122,2018,6,15,7,3,8,6,0,0,0,0,1,0,0,0,8.1931E+20,5.38404E+21,1.33254E+16,4.85281E+16
85446,9,1,86,152,2018,6,16,6,3,1,6,0,0,1,0,0,1,0,0,6.91553E+20,5.37932E+21,1.15951E+16,4.85377E+16
85447,9,1,61,0,2018,6,15,4,3,2,6,0,0,1,0,1,0,0,0,6.79175E+20,5.40126E+21,1.1437E+16,4.87386E+16
85448,9,3,76,163,2018,6,18,3,3,5,3,0,1,1,0,0,0,0,0,7.2567E+20,5.47424E+21,1.21092E+16,4.9379E+16
85449,9,1,76,132,2018,6,17,1,3,9,1,0,0,0,0,1,0,0,0,6.70617E+20,5.41976E+21,1.13284E+16,4.89073E+16
85450,9,1,78,132,2018,6,12,7,2,8,1,0,0,0,0,1,0,0,0,7.11937E+20,5.38469E+21,1.18736E+16,4.85794E+16
85451,9,5,65,0,2018,6,6,5,3,2,6,0,0,1,0,0,1,0,0,6.49204E+20,5.46591E+21,1.10535E+16,4.93276E+16
85452,9,1,86,162,2018,6,18,4,3,9,1,0,0,1,0,0,0,0,0,6.90959E+20,5.39021E+21,1.1592E+16,4.86358E+16
85453,9,1,72,128,2018,6,7,2,3,2,6,0,0,1,0,0,0,0,1,7.92723E+20,5.29808E+21,1.29071E+16,4.77695E+16
85454,9,1,76,131,2018,6,16,3,2,4,2,0,1,1,0,0,0,0,0,6.80657E+20,5.41118E+21,1.14615E+16,4.88273E+16
85455,9,6,62,0,2018,6,22,7,3,4,2,2,0,1,0,1,0,0,0,5.87301E+20,5.54397E+21,1.02192E+16,5.00416E+16
85456,9,5,76,121,2018,6,15,6,2,4,1,0,0,1,0,0,0,0,0,6.47645E+20,5.45457E+21,1.10279E+16,4.92261E+16
85457,9,5,72,139,2018,6,17,5,3,5,3,0,0,1,0,0,0,0,0,6.27224E+20,5.50607E+21,1.07641E+16,4.96937E+16
85458,9,1,76,124,2018,6,7,4,3,4,2,0,0,1,0,0,0,0,0,6.70152E+20,5.41102E+21,1.13185E+16,4.88288E+16
85459,9,7,72,145,2018,6,9,1,2,5,3,0,0,1,0,0,0,0,0,6.34293E+20,5.36656E+21,1.08157E+16,4.84378E+16
85460,9,5,62,0,2018,6,13,2,3,5,3,0,0,1,0,0,0,0,0,6.44895E+20,5.49361E+21,1.10043E+16,4.95777E+16
85461,9,2,72,116,2018,6,20,6,3,9,1,0,0,1,0,0,0,0,0,8.14009E+20,5.42438E+21,1.32845E+16,4.88927E+16
85462,9,1,82,131,2018,6,8,3,3,5,3,0,0,1,0,1,0,0,0,7.15263E+20,5.28823E+21,1.18699E+16,4.77116E+16
85463,9,6,74,164,2018,6,18,7,2,4,2,0,1,1,0,0,0,0,0,6.17452E+20,5.54562E+21,1.06406E+16,5.00513E+16
85464,9,5,72,132,2018,6,7,6,3,5,3,0,0,1,0,1,0,0,0,6.38507E+20,5.49429E+21,1.09163E+16,4.95853E+16
85465,9,1,76,164,2018,6,8,4,2,8,7,0,0,1,0,0,0,0,0,6.62691E+20,5.43325E+21,1.12257E+16,4.90307E+16
85466,9,7,63,0,2018,6,16,1,3,8,1,0,0,1,0,1,0,0,1,5.99387E+20,5.28612E+21,1.03252E+16,4.77208E+16
85467,9,6,72,112,2018,6,12,2,2,0,1,0,0,0,0,1,1,0,0,5.78726E+20,5.57234E+21,1.01054E+16,5.02979E+16
85468,9,2,62,0,2018,6,17,6,3,0,1,0,0,0,0,1,0,0,0,8.23376E+20,5.38839E+21,1.33837E+16,4.8565E+16
85469,9,1,81,135,2018,6,6,4,3,4,6,0,0,1,0,0,0,0,1,6.42635E+20,5.30908E+21,1.09092E+16,4.79192E+16
85470,9,1,81,137,2018,6,12,4,3,5,3,0,0,1,0,0,0,0,1,6.47518E+20,5.30711E+21,1.09738E+16,4.79003E+16
85471,9,3,75,162,2018,6,21,1,3,5,3,2,0,1,0,0,0,0,0,7.11013E+20,5.44125E+21,1.18902E+16,4.90878E+16
85472,9,2,74,121,2018,6,14,7,3,4,3,0,0,1,0,0,0,0,0,7.29068E+20,5.37008E+21,1.20975E+16,4.84421E+16
85473,9,1,86,143,2018,6,18,6,3,2,6,0,0,1,0,0,0,0,0,6.88393E+20,5.38352E+21,1.15542E+16,4.85764E+16
85474,9,1,79,123,2018,6,18,4,3,8,1,0,0,1,0,0,0,0,1,6.75423E+20,5.33321E+21,1.13576E+16,4.81279E+16
85475,9,2,76,117,2018,6,17,3,2,4,1,0,0,0,0,1,0,1,0,8.02202E+20,5.44291E+21,1.31376E+16,4.90648E+16
85476,9,1,79,119,2018,6,9,1,2,0,2,0,1,1,0,0,0,0,0,6.70789E+20,5.339E+21,1.12977E+16,4.81813E+16
85477,9,1,84,135,2018,6,9,6,3,2,6,0,0,1,0,0,1,0,0,6.93123E+20,5.34724E+21,1.16016E+16,4.82489E+16
85478,9,1,75,127,2018,6,10,4,3,2,2,0,0,1,0,0,1,0,1,7.12938E+20,5.3415E+21,1.18653E+16,4.8191E+16
85479,9,1,61,0,2018,6,10,2,3,2,6,0,0,1,0,0,0,1,0,6.75491E+20,5.40489E+21,1.13885E+16,4.87723E+16
85480,9,1,84,130,2018,6,17,3,3,2,6,0,0,1,0,0,0,1,0,6.97525E+20,5.34236E+21,1.16585E+16,4.82037E+16
85481,9,5,62,0,2018,6,1,7,3,0,2,2,0,1,1,0,0,0,0,6.44478E+20,5.49588E+21,1.09994E+16,4.95982E+16
85482,9,5,64,0,2018,6,15,6,3,2,6,0,0,1,0,1,0,0,0,6.56945E+20,5.47495E+21,1.11635E+16,4.9407E+16
85483,9,1,75,135,2018,6,21,4,3,5,3,2,0,1,0,0,0,0,0,7.08972E+20,5.33947E+21,1.1811E+16,4.81741E+16
85484,9,1,77,138,2018,6,10,4,1,5,3,0,1,1,0,0,0,0,1,7.30092E+20,5.36026E+21,1.2106E+16,4.83536E+16
85485,9,6,78,168,2018,6,7,1,3,8,1,0,0,1,0,0,0,0,0,5.82178E+20,5.55405E+21,1.01499E+16,5.0133E+16
85486,9,5,64,0,2018,6,18,2,3,2,6,0,0,1,0,0,0,0,0,6.50921E+20,5.48174E+21,1.10831E+16,4.94695E+16
85487,9,2,73,152,2018,6,16,6,2,2,5,0,1,0,0,1,0,0,0,7.0406E+20,5.40963E+21,1.17793E+16,4.88061E+16
85488,9,1,77,115,2018,6,19,4,3,8,1,0,0,1,0,0,0,0,0,7.39076E+20,5.35009E+21,1.22213E+16,4.82589E+16
85489,9,2,77,114,2018,6,15,1,3,8,1,0,0,1,0,0,0,0,0,7.97418E+20,5.37833E+21,1.30256E+16,4.84876E+16
85490,9,1,73,135,2018,6,12,7,3,0,7,0,1,0,0,0,0,0,0,6.95577E+20,5.27341E+21,1.16011E+16,4.75846E+16
85491,9,1,84,137,2018,6,19,3,3,3,2,0,0,1,0,0,0,0,1,7.05382E+20,5.31429E+21,1.17507E+16,4.7949E+16
85492,9,1,73,124,2018,6,16,3,3,1,6,0,0,1,0,0,0,0,0,6.92411E+20,5.29082E+21,1.15667E+16,4.7742E+16
85493,9,1,62,0,2018,6,11,3,2,6,7,0,0,1,1,0,0,0,0,7.01947E+20,5.33219E+21,1.17132E+16,4.81109E+16
85494,9,7,78,203,2018,6,16,3,3,3,6,0,0,1,0,0,0,0,0,6.21099E+20,5.32213E+21,1.06247E+16,4.8041E+16
85495,9,2,76,148,2018,6,14,1,2,5,3,0,0,0,0,1,0,1,0,8.10745E+20,5.43778E+21,1.32503E+16,4.90146E+16
85496,9,1,90,158,2018,6,11,7,2,4,6,0,0,1,0,1,0,0,0,6.52228E+20,5.30256E+21,1.10352E+16,4.78583E+16
85497,9,1,81,130,2018,6,16,6,3,0,1,0,1,0,0,0,0,0,0,6.39911E+20,5.32343E+21,1.08774E+16,4.80488E+16
85498,9,7,74,144,2018,6,15,3,2,2,6,0,0,1,0,0,1,0,0,6.12241E+20,5.36261E+21,1.05166E+16,4.84066E+16
85499,9,3,75,196,2018,6,13,3,3,2,6,0,0,1,0,0,1,0,0,7.29988E+20,5.41229E+21,1.21334E+16,4.8821E+16
85500,9,1,62,0,2018,6,14,7,3,0,7,0,1,0,0,0,0,0,0,6.91033E+20,5.33921E+21,1.15698E+16,4.81774E+16
85501,9,7,75,139,2018,6,13,6,3,5,3,0,1,1,0,0,0,0,0,5.79342E+20,5.36634E+21,1.00729E+16,4.84452E+16
85502,9,7,78,121,2018,6,19,3,3,8,1,0,0,1,0,0,0,0,1,6.03558E+20,5.33622E+21,1.03929E+16,4.81708E+16
85503,9,1,85,158,2018,6,18,2,3,4,2,0,1,1,0,0,0,0,0,6.6743E+20,5.38049E+21,1.1269E+16,4.85551E+16
85504,9,1,78,145,2018,6,19,3,3,0,1,0,1,0,0,0,0,0,0,7.0007E+20,5.35463E+21,1.16986E+16,4.83132E+16
85505,9,5,64,0,2018,6,23,7,3,5,3,2,1,1,0,0,0,0,0,6.52382E+20,5.48215E+21,1.11034E+16,4.94728E+16
85506,9,5,77,136,2018,6,17,6,3,0,7,0,0,0,0,1,0,0,0,6.27418E+20,5.4416E+21,1.07461E+16,4.9114E+16
85507,9,7,64,0,2018,6,17,3,2,5,3,0,1,1,0,0,0,0,1,5.89357E+20,5.31649E+21,1.01978E+16,4.79955E+16
85508,9,7,80,112,2018,6,15,3,3,4,6,0,0,1,0,0,0,1,0,5.91003E+20,5.29513E+21,1.02153E+16,4.78031E+16
85509,9,6,72,114,2018,6,13,1,2,0,7,0,1,0,0,0,0,0,0,5.747E+20,5.56379E+21,1.00471E+16,5.02215E+16
85510,9,5,71,113,2018,6,16,7,2,8,1,0,0,1,0,0,0,0,0,6.18991E+20,5.44602E+21,1.0632E+16,4.91555E+16
85511,9,4,78,139,2018,6,0,2,3,8,1,2,0,1,0,0,0,0,0,6.43176E+20,5.55887E+21,1.10047E+16,5.01647E+16
85512,9,1,80,124,2018,6,17,6,3,4,6,0,0,0,0,1,0,0,0,6.60116E+20,5.28152E+21,1.11328E+16,4.76672E+16
85513,9,7,80,117,2018,6,12,3,2,7,7,0,1,0,0,0,0,0,0,5.93014E+20,5.28551E+21,1.02401E+16,4.77163E+16
85514,9,4,78,139,2018,6,19,3,3,9,1,0,0,1,0,0,0,0,0,6.47994E+20,5.55624E+21,1.10711E+16,5.01399E+16
85515,9,2,79,126,2018,6,12,1,2,0,7,0,1,0,0,0,0,0,0,7.63181E+20,5.38554E+21,1.25677E+16,4.85676E+16
85516,9,1,87,165,2018,6,17,7,3,8,6,0,0,1,0,0,0,0,0,7.27387E+20,5.30002E+21,1.20375E+16,4.78133E+16
85517,9,7,77,151,2018,6,16,3,3,4,6,0,0,1,0,0,1,0,1,6.24602E+20,5.29368E+21,1.06635E+16,4.77844E+16
85518,9,1,83,131,2018,6,9,3,3,8,1,0,0,1,0,0,0,0,0,7.64655E+20,5.36093E+21,1.25721E+16,4.8346E+16
85519,9,7,76,113,2018,6,12,7,3,4,7,0,0,1,0,1,0,0,0,5.75154E+20,5.27413E+21,1.00001E+16,4.76162E+16
85520,9,6,77,157,2018,6,10,6,3,4,2,0,0,1,0,0,0,0,0,5.42352E+20,5.52236E+21,9.58915E+15,4.98522E+16
85521,9,1,77,134,2018,6,0,6,3,7,7,2,0,0,0,1,0,0,0,7.13589E+20,5.34525E+21,1.18759E+16,4.82245E+16
85522,9,7,77,151,2018,6,7,3,3,1,3,0,0,1,0,0,1,0,0,6.24403E+20,5.29378E+21,1.06608E+16,4.77854E+16
85523,9,1,78,113,2018,6,14,2,3,2,6,0,0,1,0,0,0,0,0,6.91591E+20,5.36596E+21,1.15895E+16,4.84176E+16
85524,9,7,72,151,2018,6,16,2,3,2,6,0,0,1,0,0,0,0,0,6.32798E+20,5.34311E+21,1.07881E+16,4.82273E+16
85525,9,4,74,129,2018,6,13,6,3,9,1,0,0,1,0,0,0,0,0,6.63078E+20,5.51354E+21,1.1264E+16,4.97522E+16
85526,9,7,78,116,2018,6,16,3,3,3,6,0,0,1,0,0,0,0,0,6.20626E+20,5.31303E+21,1.06158E+16,4.79593E+16
85527,9,7,75,149,2018,6,9,7,3,8,1,0,0,1,0,0,0,0,0,5.90226E+20,5.34635E+21,1.02158E+16,4.82639E+16
85528,9,7,80,124,2018,6,17,6,3,6,4,0,0,1,1,0,0,0,0,5.92646E+20,5.26751E+21,1.02314E+16,4.75544E+16
85529,9,7,77,130,2018,6,11,3,2,4,2,0,0,1,0,0,0,0,0,6.24559E+20,5.30872E+21,1.06672E+16,4.79197E+16
85530,9,1,81,123,2018,6,17,2,3,2,7,0,0,1,0,0,0,0,0,6.5517E+20,5.32654E+21,1.10832E+16,4.80733E+16
85531,9,7,77,169,2018,6,18,2,3,6,6,0,1,0,1,0,0,0,0,6.29945E+20,5.26926E+21,1.07275E+16,4.75637E+16
85532,9,5,73,130,2018,6,11,7,3,5,3,0,0,1,0,1,0,0,0,6.36706E+20,5.48575E+21,1.08884E+16,4.9509E+16
85533,9,4,77,143,2018,6,17,6,3,8,1,0,0,0,0,1,0,0,0,6.77583E+20,5.56676E+21,1.14897E+16,5.02263E+16
85534,9,7,77,159,2018,6,7,3,3,5,7,0,1,1,0,0,0,0,0,6.17288E+20,5.27121E+21,1.05598E+16,4.75837E+16
85535,9,7,72,147,2018,6,22,3,3,8,1,2,0,1,0,0,0,0,1,6.30367E+20,5.36426E+21,1.0762E+16,4.8418E+16
85536,9,5,73,114,2018,6,17,1,3,4,7,0,0,1,0,0,0,0,0,6.34546E+20,5.48228E+21,1.08574E+16,4.94783E+16
85537,9,4,71,186,2018,6,12,7,2,4,6,0,0,1,0,0,0,0,0,6.24259E+20,5.52477E+21,1.0729E+16,4.98625E+16
85538,9,3,63,0,2018,6,10,2,3,2,6,0,0,1,0,0,0,0,0,7.28083E+20,5.50749E+21,1.21616E+16,4.96767E+16
85539,9,1,72,130,2018,6,14,6,2,0,7,0,1,0,0,0,0,0,0,7.95057E+20,5.30697E+21,1.29442E+16,4.78483E+16
85540,9,7,72,147,2018,6,16,3,3,3,6,1,0,1,0,0,1,0,1,6.38289E+20,5.36407E+21,1.08689E+16,4.84146E+16
85541,9,3,75,117,2018,6,16,3,3,9,1,0,0,1,0,0,0,0,0,7.37566E+20,5.43316E+21,1.22486E+16,4.90055E+16
85542,9,1,82,123,2018,6,14,1,3,2,6,0,0,1,0,0,0,0,0,7.17545E+20,5.30173E+21,1.1907E+16,4.78321E+16
85543,9,1,86,144,2018,6,11,7,3,5,3,0,0,1,0,0,0,0,0,6.82789E+20,5.38912E+21,1.14808E+16,4.86284E+16
85544,9,7,72,177,2018,6,7,3,3,2,6,0,0,1,0,0,1,0,0,6.36085E+20,5.37904E+21,1.0844E+16,4.85497E+16
85545,9,2,71,148,2018,6,8,2,3,5,3,0,0,1,0,0,0,0,0,7.9764E+20,5.4166E+21,1.30561E+16,4.88309E+16
85546,9,1,87,129,2018,6,17,3,3,2,7,0,0,1,0,0,0,0,0,7.25266E+20,5.30075E+21,1.20096E+16,4.78206E+16
85547,9,7,72,151,2018,6,22,7,3,8,1,2,0,0,0,1,0,0,0,6.32865E+20,5.34399E+21,1.07893E+16,4.82352E+16
85548,9,6,76,119,2018,6,14,6,3,0,7,0,0,0,0,1,0,0,0,5.26493E+20,5.5014E+21,9.36711E+15,4.96645E+16
85549,9,7,61,0,2018,6,17,3,3,5,3,0,1,1,0,0,0,0,0,6.37989E+20,5.35341E+21,1.08614E+16,4.83188E+16
85550,9,1,62,0,2018,6,22,1,3,4,2,2,0,1,0,0,0,0,1,6.94997E+20,5.333E+21,1.16203E+16,4.81204E+16
85551,9,6,77,131,2018,6,16,2,3,4,1,0,0,1,0,0,0,0,0,5.47565E+20,5.54681E+21,9.66469E+15,5.00716E+16
85552,9,3,61,0,2018,6,14,6,3,2,6,0,0,1,0,0,0,1,0,7.08952E+20,5.48001E+21,1.18823E+16,4.94368E+16
85553,9,6,63,0,2018,6,19,3,2,2,6,0,0,0,0,0,1,1,0,5.64008E+20,5.51113E+21,9.88853E+15,4.97492E+16
85554,9,7,74,135,2018,6,9,5,3,4,2,0,0,1,0,0,0,0,0,5.98243E+20,5.36637E+21,1.03284E+16,4.84428E+16
85555,9,6,75,117,2018,6,18,3,2,4,2,0,0,1,0,0,0,0,0,5.84774E+20,5.51732E+21,1.01781E+16,4.98023E+16
85556,9,4,71,165,2018,6,19,1,3,5,3,0,0,1,0,0,0,0,0,6.28221E+20,5.53304E+21,1.07868E+16,4.9936E+16
85557,9,2,74,112,2018,6,19,7,2,8,1,0,0,1,0,0,0,0,0,7.55984E+20,5.38113E+21,1.24676E+16,4.8531E+16
85558,9,1,61,0,2018,6,17,6,3,3,2,0,1,1,0,0,0,0,0,6.79123E+20,5.40494E+21,1.14379E+16,4.87717E+16
85559,9,3,61,0,2018,6,15,3,3,2,6,0,0,1,0,0,0,0,1,7.06122E+20,5.48064E+21,1.18436E+16,4.94435E+16
85560,9,1,81,130,2018,6,4,1,2,9,1,2,0,1,0,0,0,0,0,6.38484E+20,5.31742E+21,1.08563E+16,4.7995E+16
85561,9,1,78,113,2018,6,21,7,3,5,3,2,0,1,0,1,0,0,0,6.91709E+20,5.3673E+21,1.15917E+16,4.84296E+16
85562,9,7,78,173,2018,6,0,4,2,0,7,2,0,0,0,0,0,1,0,6.13392E+20,5.32086E+21,1.0521E+16,4.80309E+16
85563,9,7,80,112,2018,6,16,5,3,1,6,0,0,1,0,0,0,0,0,5.85068E+20,5.29501E+21,1.01361E+16,4.78028E+16
85564,9,7,75,135,2018,6,18,4,2,3,6,0,0,1,0,1,0,0,0,5.735E+20,5.35856E+21,9.99256E+15,4.83759E+16
85565,9,7,75,135,2018,6,11,4,3,6,4,0,0,1,1,0,0,0,0,5.79333E+20,5.35698E+21,1.0071E+16,4.8361E+16
85566,9,4,79,152,2018,6,8,5,3,1,7,0,0,1,0,0,0,0,0,7.2457E+20,5.56109E+21,1.21442E+16,5.01595E+16
85567,9,7,64,0,2018,6,11,4,3,5,2,0,1,1,0,0,0,0,0,5.87824E+20,5.31678E+21,1.01773E+16,4.79982E+16
85568,9,7,78,221,2018,6,7,4,3,4,6,0,0,1,0,0,0,0,0,5.95114E+20,5.33814E+21,1.02798E+16,4.81893E+16
85569,9,7,78,209,2018,6,7,4,3,5,3,0,0,1,0,0,0,1,0,6.18779E+20,5.32359E+21,1.0594E+16,4.80545E+16
85570,9,6,74,159,2018,6,18,5,3,2,6,0,0,1,0,0,0,0,0,6.20647E+20,5.53084E+21,1.06806E+16,4.99177E+16
85571,9,7,78,204,2018,6,12,4,3,2,6,0,0,1,0,0,0,0,0,6.1613E+20,5.32875E+21,1.05599E+16,4.81014E+16
85572,9,7,80,121,2018,6,17,4,3,5,2,0,1,1,0,0,0,0,0,5.95914E+20,5.2571E+21,1.02726E+16,4.74603E+16
85573,9,3,63,0,2018,6,16,5,3,2,6,0,0,1,0,0,0,0,0,7.27498E+20,5.5078E+21,1.21537E+16,4.96797E+16
85574,9,7,80,121,2018,6,15,4,2,2,6,0,0,1,0,1,0,0,0,5.95563E+20,5.25792E+21,1.02681E+16,4.74677E+16
85575,9,4,77,124,2018,6,0,5,2,8,1,2,0,0,0,1,0,0,0,6.69808E+20,5.54676E+21,1.13719E+16,5.00489E+16
85576,9,7,62,0,2018,6,20,4,3,5,3,0,1,1,0,0,0,0,0,6.21702E+20,5.30354E+21,1.06275E+16,4.78737E+16
85577,9,1,71,137,2018,6,16,5,3,2,2,0,0,1,0,1,0,0,0,7.70364E+20,5.35197E+21,1.26432E+16,4.82632E+16
85578,9,1,87,132,2018,6,14,5,3,2,6,0,0,1,0,0,0,0,0,7.45652E+20,5.29976E+21,1.22809E+16,4.78043E+16
85579,9,7,77,169,2018,6,20,4,3,2,6,0,0,1,0,0,0,1,0,6.31899E+20,5.27141E+21,1.07541E+16,4.75827E+16
85580,9,7,77,121,2018,6,12,4,2,5,2,0,1,1,0,0,0,0,0,6.26843E+20,5.32257E+21,1.07019E+16,4.80438E+16
85581,9,6,61,0,2018,6,12,5,2,0,7,0,0,1,0,0,0,1,0,5.11751E+20,5.53522E+21,9.16386E+15,4.99692E+16
85582,9,7,72,130,2018,6,17,4,3,2,6,0,0,1,0,1,0,0,0,6.30865E+20,5.35935E+21,1.07672E+16,4.83737E+16
85583,9,7,72,209,2018,6,16,4,2,8,1,0,0,0,0,1,0,0,0,6.36819E+20,5.3373E+21,1.08404E+16,4.81742E+16
85584,9,3,75,208,2018,6,16,5,3,2,6,0,0,1,0,0,0,1,0,7.30643E+20,5.44019E+21,1.21581E+16,4.90713E+16
85585,9,7,71,145,2018,6,12,4,3,5,3,0,0,1,0,0,0,0,0,6.46723E+20,5.34684E+21,1.09768E+16,4.82578E+16
85586,9,7,61,0,2018,6,8,4,3,5,3,0,1,1,0,0,0,0,0,6.43249E+20,5.35786E+21,1.09338E+16,4.83577E+16
85587,9,1,84,122,2018,6,2,5,3,6,7,2,0,1,1,0,0,0,0,6.88677E+20,5.32364E+21,1.15313E+16,4.80381E+16
85588,9,7,61,0,2018,6,19,4,3,2,1,0,0,1,0,0,0,0,0,6.4045E+20,5.35559E+21,1.08953E+16,4.83379E+16
85589,9,7,61,0,2018,6,7,4,3,1,2,0,0,1,0,0,0,0,0,6.41015E+20,5.35701E+21,1.09034E+16,4.83505E+16
85590,9,5,71,190,2018,6,6,5,2,0,6,0,0,0,0,0,1,0,0,6.28205E+20,5.46278E+21,1.07636E+16,4.93043E+16
85591,9,6,63,0,2018,6,17,4,3,2,6,0,0,1,0,0,0,0,0,5.66159E+20,5.51175E+21,9.91849E+15,4.97546E+16
85592,9,1,84,147,2018,6,20,5,2,4,6,0,0,1,0,0,0,0,0,6.97656E+20,5.34001E+21,1.16592E+16,4.81826E+16
85593,9,6,77,157,2018,6,17,4,3,4,2,0,0,1,0,0,0,0,0,5.42352E+20,5.52236E+21,9.58915E+15,4.98522E+16
85594,9,6,75,141,2018,6,17,4,3,5,3,0,0,1,0,0,0,1,0,5.83844E+20,5.50985E+21,1.01635E+16,4.97353E+16
85595,9,5,74,155,2018,6,11,5,2,9,1,0,0,1,0,0,0,0,0,6.6872E+20,5.49338E+21,1.13336E+16,4.95695E+16
85596,9,6,75,178,2018,6,13,4,2,8,1,0,0,1,0,0,0,0,0,5.9499E+20,5.51627E+21,1.03197E+16,4.97913E+16
85597,9,2,78,149,2018,6,10,5,2,4,6,0,0,1,0,0,0,0,0,7.78213E+20,5.41738E+21,1.27925E+16,4.88469E+16
85598,9,6,73,123,2018,6,11,4,2,0,1,0,0,0,0,1,0,0,0,5.80123E+20,5.59784E+21,1.01304E+16,5.05271E+16
85599,9,6,72,139,2018,6,6,4,3,8,1,0,0,1,0,0,0,0,0,5.68525E+20,5.55819E+21,9.95959E+15,5.01719E+16
85600,9,7,75,135,2018,6,6,5,3,1,6,0,0,1,0,0,0,0,0,5.76434E+20,5.35885E+21,1.00322E+16,4.83781E+16
85601,9,6,73,163,2018,6,7,4,3,5,2,0,1,1,0,0,0,0,0,5.7853E+20,5.58152E+21,1.01045E+16,5.03805E+16
85602,9,6,73,162,2018,6,22,4,3,0,7,2,0,0,0,1,0,0,0,5.75594E+20,5.5723E+21,1.00614E+16,5.02979E+16
85603,9,5,71,135,2018,6,6,5,3,9,1,0,0,1,0,0,0,0,0,6.24522E+20,5.47322E+21,1.07162E+16,4.93989E+16
85604,9,6,78,192,2018,6,7,4,3,5,3,0,0,1,0,1,0,0,0,5.744E+20,5.54773E+21,1.00398E+16,5.00772E+16
85605,9,6,78,160,2018,6,13,4,3,0,2,0,0,0,0,1,0,0,0,5.83694E+20,5.54622E+21,1.01693E+16,5.00623E+16
85606,9,2,73,137,2018,6,15,5,3,2,5,0,0,1,0,1,0,0,0,7.13868E+20,5.42077E+21,1.19185E+16,4.89029E+16
85607,9,6,77,157,2018,6,3,4,3,8,7,2,0,1,0,0,0,0,0,5.372E+20,5.52051E+21,9.51731E+15,4.98359E+16
85608,9,1,87,164,2018,6,13,5,3,2,6,0,0,0,0,1,0,0,0,7.36417E+20,5.32214E+21,1.217E+16,4.80088E+16
85609,9,6,71,112,2018,6,16,4,3,0,7,0,0,0,0,1,0,0,0,5.19584E+20,5.53245E+21,9.27295E+15,4.99441E+16
85610,9,7,62,0,2018,6,10,5,2,3,2,0,1,0,0,0,0,1,0,6.21512E+20,5.30438E+21,1.06252E+16,4.78812E+16
85611,9,6,61,0,2018,6,15,4,3,2,6,0,0,1,0,0,0,0,0,5.06796E+20,5.5321E+21,9.09471E+15,4.99413E+16
85612,9,6,71,114,2018,6,9,4,2,5,3,0,1,1,0,0,0,0,0,5.01864E+20,5.54357E+21,9.02604E+15,5.00445E+16
85613,9,4,72,139,2018,6,22,5,3,2,6,2,0,1,0,0,0,0,0,6.92763E+20,5.55279E+21,1.16953E+16,5.00961E+16
85614,9,5,76,143,2018,6,8,4,2,2,6,0,0,1,0,0,0,1,0,6.51165E+20,5.45219E+21,1.10753E+16,4.92038E+16
85615,9,1,71,126,2018,6,7,5,2,5,3,0,0,1,0,0,0,0,0,7.79375E+20,5.35268E+21,1.27649E+16,4.82657E+16
85616,9,1,63,0,2018,6,7,5,3,7,7,0,0,1,0,0,0,1,0,7.29577E+20,5.30076E+21,1.20671E+16,4.78192E+16
85617,9,5,71,180,2018,6,8,4,3,2,6,0,0,0,0,0,1,0,0,6.30628E+20,5.4629E+21,1.0797E+16,4.93049E+16
85618,9,5,72,137,2018,6,14,4,3,8,1,0,0,0,0,1,0,0,0,6.49662E+20,5.48828E+21,1.10682E+16,4.95287E+16