OBJECTID_1,ULAND,UREGBEZ,UKREIS,UGEMEINDE,UJAHR,UMONAT,USTUNDE,UWOCHENTAG,UKATEGORIE,UART,UTYP1,ULICHTVERH,IstRad,IstPKW,IstFuss,IstKrad,IstGkfz,IstSonstig,STRZUSTAND,LINREFX,LINREFY,XGCSWGS84,YGCSWGS84
85619,9,6,78,160,2018,6,14,5,3,0,7,0,1,0,0,0,0,0,0,5.83323E+20,5.54589E+21,1.01641E+16,5.00595E+16
85620,9,5,65,0,2018,6,18,4,3,2,6,0,1,0,0,0,1,0,0,6.48381E+20,5.46605E+21,1.10422E+16,4.93291E+16
85621,9,1,83,116,2018,6,14,5,3,3,6,0,0,1,0,0,1,0,0,7.62616E+20,5.35305E+21,1.25397E+16,4.82761E+16
85622,9,5,76,117,2018,6,15,4,2,5,2,0,1,1,0,0,0,0,0,6.50636E+20,5.45926E+21,1.10707E+16,4.92675E+16
85623,9,5,74,156,2018,6,16,4,3,2,6,0,0,1,0,0,0,0,0,6.58537E+20,5.48198E+21,1.11882E+16,4.94698E+16
85624,9,6,77,131,2018,6,17,5,3,1,6,0,0,1,0,0,0,0,0,5.49127E+20,5.54522E+21,9.68631E+15,5.00573E+16
85625,9,5,74,147,2018,6,13,4,2,0,1,0,1,0,0,0,0,0,0,6.85632E+20,5.486E+21,1.15638E+16,4.94982E+16
85626,9,5,63,0,2018,6,13,4,3,5,3,0,0,1,0,0,0,0,0,6.44099E+20,5.48014E+21,1.09884E+16,4.94568E+16
85627,9,4,71,154,2018,6,14,5,3,2,6,0,0,1,0,0,0,0,0,6.24285E+20,5.52834E+21,1.07305E+16,4.98945E+16
85628,9,5,64,0,2018,6,15,4,3,4,6,0,1,0,0,0,0,0,0,6.46591E+20,5.47847E+21,1.10222E+16,4.94412E+16
85629,9,1,84,114,2018,6,21,5,3,9,1,1,0,1,0,0,0,0,0,6.98537E+20,5.32191E+21,1.16626E+16,4.80196E+16
85630,9,1,62,0,2018,6,7,5,3,5,2,0,1,1,0,0,0,0,0,6.89218E+20,5.33014E+21,1.15414E+16,4.80964E+16
85631,9,5,71,175,2018,6,12,4,3,2,6,0,0,1,0,0,1,0,0,6.24008E+20,5.45889E+21,1.07047E+16,4.92702E+16
85632,9,5,77,177,2018,6,19,4,3,5,3,0,1,0,0,0,0,0,0,6.42831E+20,5.43199E+21,1.09538E+16,4.90243E+16
85633,9,6,71,111,2018,6,11,5,3,4,2,0,0,1,0,0,1,0,0,5.03621E+20,5.54378E+21,9.05057E+15,5.00463E+16
85634,9,5,75,161,2018,6,19,4,3,0,1,0,1,0,0,0,0,0,0,6.06131E+20,5.50568E+21,1.04716E+16,4.96943E+16
85635,9,3,76,169,2018,6,22,5,3,4,1,2,1,1,0,0,0,0,0,7.26738E+20,5.47805E+21,1.21261E+16,4.94129E+16
85636,9,4,64,0,2018,6,15,4,3,2,6,0,0,1,0,0,0,0,0,7.07387E+20,5.57846E+21,1.19135E+16,5.03217E+16
85637,9,3,74,111,2018,6,20,5,3,2,6,0,0,1,0,0,0,0,0,7.2777E+20,5.51267E+21,1.21603E+16,4.97234E+16
85638,9,4,64,0,2018,6,10,4,3,5,3,0,0,1,0,0,0,0,0,7.08302E+20,5.5745E+21,1.19241E+16,5.02858E+16
85639,9,4,63,0,2018,6,15,4,3,2,6,0,0,1,0,0,0,0,0,6.39606E+20,5.56879E+21,1.09584E+16,5.02548E+16
85640,9,1,62,0,2018,6,7,5,3,2,7,0,0,1,0,0,0,0,0,6.94557E+20,5.33641E+21,1.16159E+16,4.81511E+16
85641,9,4,76,166,2018,6,12,4,1,9,1,0,0,0,0,1,0,0,0,6.7192E+20,5.58987E+21,1.14209E+16,5.04357E+16
85642,9,4,72,197,2018,6,11,4,3,9,7,0,0,1,0,0,0,0,0,6.71138E+20,5.52726E+21,1.13818E+16,4.98733E+16
85643,9,5,76,147,2018,6,18,5,2,8,1,0,0,0,0,1,0,0,0,6.39718E+20,5.44734E+21,1.09165E+16,4.9163E+16
85644,9,4,72,154,2018,6,9,4,3,2,6,0,0,1,0,0,0,1,0,6.63756E+20,5.53583E+21,1.12828E+16,4.99523E+16
85645,9,2,62,0,2018,6,15,5,2,2,6,0,0,1,0,0,0,0,0,8.25616E+20,5.38959E+21,1.34149E+16,4.85746E+16
85646,9,1,85,158,2018,6,6,5,2,5,3,0,1,1,0,0,0,0,0,6.66815E+20,5.3819E+21,1.12613E+16,4.8568E+16
85647,9,1,90,114,2018,6,20,5,3,9,1,0,0,1,0,0,0,0,0,6.32337E+20,5.28449E+21,1.07639E+16,4.77002E+16
85648,9,4,74,126,2018,6,13,4,3,3,6,0,1,1,0,0,0,0,0,6.52306E+20,5.50971E+21,1.11131E+16,4.97206E+16
85649,9,4,74,176,2018,6,16,4,3,5,3,0,0,1,0,0,0,0,0,6.63961E+20,5.51985E+21,1.12789E+16,4.98086E+16
85650,9,7,74,119,2018,6,15,5,3,9,1,0,0,1,0,0,0,0,0,5.90164E+20,5.36059E+21,1.0218E+16,4.8392E+16
85651,9,4,71,174,2018,6,12,4,3,1,6,0,0,1,0,1,0,0,0,6.35617E+20,5.54184E+21,1.08929E+16,5.00134E+16
85652,9,4,71,185,2018,6,11,4,3,0,1,0,1,0,0,0,0,0,0,6.4572E+20,5.5384E+21,1.10325E+16,4.99802E+16
85653,9,4,71,185,2018,6,15,4,3,8,1,0,0,0,0,1,0,0,0,6.50502E+20,5.53834E+21,1.10992E+16,4.99784E+16
85654,9,1,84,123,2018,6,16,5,3,2,6,0,0,1,0,0,0,0,0,7.0247E+20,5.33205E+21,1.17201E+16,4.81095E+16
85655,9,4,61,0,2018,6,8,4,3,2,6,0,0,1,0,0,1,0,0,6.38673E+20,5.52955E+21,1.09311E+16,4.99022E+16
85656,9,3,77,145,2018,6,14,4,3,2,2,0,0,1,0,0,0,0,0,7.25317E+20,5.54054E+21,1.21426E+16,4.99746E+16
85657,9,5,77,158,2018,6,13,5,3,2,1,0,1,1,0,0,1,0,0,6.42941E+20,5.42191E+21,1.09517E+16,4.89336E+16
85658,9,3,74,124,2018,6,15,4,3,5,3,0,1,1,0,0,0,0,0,7.09137E+20,5.51195E+21,1.19018E+16,4.97237E+16
85659,9,2,73,166,2018,6,7,5,3,3,6,0,1,1,0,0,0,0,0,7.14367E+20,5.42067E+21,1.19252E+16,4.89018E+16
85660,9,1,85,118,2018,6,16,5,3,2,6,0,0,1,0,0,0,0,0,6.66951E+20,5.40195E+21,1.12712E+16,4.87481E+16
85661,9,3,75,210,2018,6,14,4,3,0,7,0,1,0,0,0,0,0,0,7.52543E+20,5.43203E+21,1.24523E+16,4.89895E+16
85662,9,1,82,116,2018,6,17,5,3,5,3,0,0,1,0,0,0,0,0,7.0507E+20,5.29284E+21,1.17363E+16,4.77563E+16
85663,9,3,62,0,2018,6,13,4,3,1,6,0,0,1,0,0,0,0,0,7.27612E+20,5.43543E+21,1.2114E+16,4.90297E+16
85664,9,7,61,0,2018,6,13,5,3,2,6,0,0,1,0,0,0,1,0,6.41369E+20,5.35558E+21,1.09077E+16,4.83375E+16
85665,9,3,73,113,2018,6,17,4,3,8,1,0,0,1,0,0,0,0,0,6.75458E+20,5.47112E+21,1.14168E+16,4.93675E+16
85666,9,3,73,156,2018,6,7,4,3,5,3,0,0,1,0,1,0,0,0,6.67883E+20,5.46295E+21,1.13091E+16,4.92962E+16
85667,9,4,77,158,2018,6,12,5,3,8,7,0,0,0,0,1,0,0,0,6.81894E+20,5.54775E+21,1.1541E+16,5.00542E+16
85668,9,1,85,149,2018,6,13,5,2,5,3,0,0,1,0,0,0,0,0,6.61312E+20,5.39838E+21,1.11931E+16,4.87176E+16
85669,9,3,73,113,2018,6,19,4,3,8,7,0,0,1,0,0,0,0,0,6.76522E+20,5.47237E+21,1.1432E+16,4.93784E+16
85670,9,3,71,113,2018,6,14,4,3,0,7,0,1,0,0,0,0,0,0,6.89395E+20,5.50749E+21,1.1626E+16,4.96901E+16
85671,9,5,61,0,2018,6,16,5,3,2,6,0,0,1,0,1,0,1,0,6.14682E+20,5.46028E+21,1.0577E+16,4.92845E+16
85672,9,2,76,138,2018,6,18,4,3,0,1,0,0,0,0,1,0,0,0,8.03297E+20,5.43027E+21,1.31431E+16,4.89508E+16
85673,9,1,61,0,2018,6,15,5,3,5,2,0,0,1,0,0,0,0,0,6.79129E+20,5.40494E+21,1.1438E+16,4.87717E+16
85674,9,2,71,119,2018,6,12,4,2,9,7,0,0,1,0,0,0,0,0,7.90308E+20,5.42012E+21,1.29589E+16,4.8866E+16
85675,9,2,75,114,2018,6,13,4,3,2,7,0,0,1,0,0,0,0,0,7.99255E+20,5.38985E+21,1.30586E+16,4.85902E+16
85676,9,6,75,174,2018,6,6,5,2,4,2,0,0,1,0,0,0,0,0,5.88397E+20,5.52332E+21,1.02298E+16,4.98557E+16
85677,9,2,77,149,2018,6,18,4,2,8,1,0,0,0,0,0,0,1,0,7.95411E+20,5.3685E+21,1.29915E+16,4.84003E+16
85678,9,2,77,138,2018,6,5,4,3,0,6,0,0,1,0,0,0,0,0,7.94516E+20,5.37694E+21,1.29854E+16,4.84765E+16
85679,9,3,63,0,2018,6,6,5,3,2,6,0,0,1,0,0,0,0,0,7.27342E+20,5.50443E+21,1.21496E+16,4.96496E+16
85680,9,1,61,0,2018,6,14,5,3,4,2,0,0,1,0,0,0,0,0,6.8194E+20,5.40188E+21,1.14749E+16,4.87433E+16
85681,9,2,75,151,2018,6,16,4,3,0,7,0,1,0,0,0,0,0,0,8.24136E+20,5.39525E+21,1.33993E+16,4.86262E+16
85682,9,1,76,137,2018,6,22,5,3,8,1,0,0,1,0,0,0,0,0,6.73696E+20,5.43055E+21,1.1375E+16,4.90034E+16
85683,9,1,62,0,2018,6,18,5,3,4,2,0,0,1,0,0,0,1,0,6.96044E+20,5.33382E+21,1.16347E+16,4.81274E+16
85684,9,2,75,128,2018,6,13,4,3,8,6,0,0,1,0,0,0,0,0,8.30098E+20,5.40452E+21,1.34873E+16,4.87062E+16
85685,9,2,73,119,2018,6,20,4,3,2,6,1,0,1,0,0,0,0,0,7.09907E+20,5.40973E+21,1.18589E+16,4.88051E+16
85686,9,2,79,116,2018,6,6,4,3,4,2,0,1,1,0,0,0,0,0,7.59556E+20,5.3946E+21,1.25243E+16,4.86505E+16
85687,9,6,71,128,2018,6,10,5,2,8,1,0,0,0,0,1,0,0,0,5.24764E+20,5.54503E+21,9.34595E+15,5.0057E+16
85688,9,1,80,126,2018,6,17,4,3,6,7,0,0,0,1,0,0,1,0,6.60843E+20,5.26951E+21,1.11381E+16,4.75591E+16
85689,9,1,73,123,2018,6,15,4,2,5,3,0,0,1,0,1,0,0,0,6.79734E+20,5.29845E+21,1.14009E+16,4.78143E+16
85690,9,3,72,153,2018,6,20,5,3,8,1,0,0,1,0,0,0,0,0,7.55133E+20,5.45941E+21,1.25049E+16,4.92342E+16
85691,9,1,62,0,2018,6,2,5,3,9,6,2,0,1,0,0,0,0,0,6.87442E+20,5.33309E+21,1.15189E+16,4.81234E+16
85692,9,1,90,117,2018,6,18,4,3,0,2,0,0,0,0,1,0,1,0,6.5372E+20,5.28812E+21,1.105E+16,4.77281E+16
85693,9,1,90,148,2018,6,10,4,3,4,6,0,0,1,0,0,1,0,0,6.40931E+20,5.29807E+21,1.08828E+16,4.78205E+16
85694,9,1,62,0,2018,6,6,5,3,1,6,0,0,1,0,1,0,0,0,6.88553E+20,5.33531E+21,1.15348E+16,4.8143E+16
85695,9,1,83,113,2018,6,15,4,3,5,3,0,0,1,0,0,0,0,0,7.50814E+20,5.34467E+21,1.2376E+16,4.82057E+16
85696,9,1,89,157,2018,6,6,4,3,4,1,0,0,1,0,0,0,0,0,7.65415E+20,5.32527E+21,1.25601E+16,4.80255E+16
85697,9,5,64,0,2018,6,7,5,3,5,2,0,0,1,0,1,0,0,0,6.50053E+20,5.48172E+21,1.10711E+16,4.94696E+16
85698,9,1,89,155,2018,6,13,4,2,5,3,0,0,1,0,0,0,0,0,7.72934E+20,5.30777E+21,1.26496E+16,4.78652E+16
85699,9,2,74,121,2018,6,10,5,2,5,3,0,0,1,0,0,0,0,0,7.2186E+20,5.37158E+21,1.2001E+16,4.84582E+16
85700,9,1,89,145,2018,6,8,4,3,6,4,0,0,0,1,1,0,0,0,7.72054E+20,5.30347E+21,1.26352E+16,4.7827E+16
85701,9,5,74,164,2018,6,13,5,3,3,6,0,0,1,0,0,1,0,0,6.64978E+20,5.47734E+21,1.12751E+16,4.94263E+16
85702,9,1,83,114,2018,6,17,4,3,2,6,0,0,1,0,0,0,0,0,7.46092E+20,5.35488E+21,1.23185E+16,4.82992E+16
85703,9,2,78,139,2018,6,12,5,3,5,3,0,0,1,0,0,0,1,0,7.72881E+20,5.43051E+21,1.27287E+16,4.89671E+16
85704,9,1,74,126,2018,6,18,5,3,5,3,0,1,1,0,0,0,0,0,6.83155E+20,5.34441E+21,1.14662E+16,4.82264E+16
85705,9,1,83,136,2018,6,14,4,3,8,1,0,1,0,0,0,0,0,0,7.61588E+20,5.3466E+21,1.25219E+16,4.82187E+16
85706,9,1,82,127,2018,6,5,4,3,2,6,0,0,1,0,0,0,0,0,7.02602E+20,5.31125E+21,1.17121E+16,4.79225E+16
85707,9,7,75,135,2018,6,7,5,3,2,6,0,0,1,0,0,0,0,0,5.76177E+20,5.36162E+21,1.00293E+16,4.84031E+16
85708,9,1,87,170,2018,6,17,4,3,2,3,0,0,0,0,1,0,1,0,7.35338E+20,5.32096E+21,1.21549E+16,4.79986E+16
85709,9,1,87,182,2018,6,17,4,3,0,6,0,0,0,0,1,0,0,0,7.40836E+20,5.32797E+21,1.22325E+16,4.80595E+16
85710,9,5,71,165,2018,6,10,5,3,5,3,0,0,1,0,0,1,0,0,6.29915E+20,5.46643E+21,1.07883E+16,4.93368E+16
85711,9,1,87,126,2018,6,19,4,1,5,3,0,1,1,0,0,0,0,0,7.41047E+20,5.32574E+21,1.2234E+16,4.80394E+16
85712,9,1,86,152,2018,6,11,5,3,2,6,0,0,1,0,0,0,0,0,6.91522E+20,5.37381E+21,1.15921E+16,4.84882E+16
85713,9,1,87,177,2018,6,17,4,3,2,6,0,0,1,0,0,0,0,0,7.36202E+20,5.30571E+21,1.21581E+16,4.78613E+16
85714,9,1,87,157,2018,6,10,4,1,0,1,0,0,0,0,1,0,0,0,7.30937E+20,5.28436E+21,1.20765E+16,4.76714E+16
85715,9,1,77,113,2018,6,7,5,3,2,6,0,0,1,0,0,0,0,0,7.20931E+20,5.35301E+21,1.19787E+16,4.82917E+16
85716,9,1,87,129,2018,6,16,4,2,4,1,0,0,1,0,1,0,0,0,7.26157E+20,5.29909E+21,1.20206E+16,4.78054E+16
85717,9,1,61,0,2018,6,18,4,2,5,3,0,0,1,0,1,0,0,0,6.78918E+20,5.40201E+21,1.14339E+16,4.87454E+16
85718,9,7,80,123,2018,6,18,5,3,8,1,0,0,0,0,1,0,0,0,6.04962E+20,5.26289E+21,1.0394E+16,4.7511E+16
85719,9,1,61,0,2018,6,8,4,3,2,6,0,0,1,0,0,0,0,0,6.76679E+20,5.40882E+21,1.14064E+16,4.88072E+16
85720,9,1,85,158,2018,6,22,4,3,9,1,2,1,0,0,0,0,0,0,6.67063E+20,5.38213E+21,1.12647E+16,4.857E+16
85721,9,4,73,121,2018,6,17,5,2,3,6,0,0,1,0,0,0,0,0,6.46191E+20,5.56523E+21,1.10494E+16,5.02212E+16
85722,9,1,75,124,2018,6,9,5,3,6,4,0,0,1,1,0,0,0,0,7.12625E+20,5.32941E+21,1.18551E+16,4.80824E+16
85723,9,1,85,140,2018,6,16,4,3,9,7,0,0,1,0,0,0,1,0,6.77366E+20,5.39451E+21,1.14095E+16,4.86784E+16
85724,9,1,75,115,2018,6,10,5,2,0,1,0,1,0,0,0,0,0,0,7.20843E+20,5.33037E+21,1.19657E+16,4.80883E+16
85725,9,1,72,114,2018,6,7,5,3,5,3,0,1,0,0,0,0,0,0,7.90341E+20,5.29275E+21,1.28718E+16,4.77227E+16
85726,9,1,61,0,2018,6,17,4,3,5,3,0,1,1,0,0,0,0,0,6.79824E+20,5.40624E+21,1.1448E+16,4.87831E+16
85727,9,1,61,0,2018,6,18,4,3,2,6,0,0,1,0,0,0,0,0,6.75473E+20,5.40391E+21,1.13879E+16,4.87635E+16
85728,9,6,74,147,2018,6,11,5,3,2,6,0,0,1,0,0,0,0,0,6.08407E+20,5.54334E+21,1.05137E+16,5.00325E+16
85729,9,1,76,165,2018,6,20,4,3,0,7,0,1,0,0,0,0,0,0,6.66281E+20,5.41718E+21,1.12683E+16,4.88852E+16
85730,9,1,79,142,2018,6,14,4,3,3,6,0,0,1,0,0,1,0,0,6.77081E+20,5.34267E+21,1.13838E+16,4.82125E+16
85731,9,3,77,117,2018,6,7,5,3,5,2,0,0,1,0,0,0,0,0,7.28467E+20,5.52773E+21,1.21788E+16,4.98584E+16
85732,9,1,62,0,2018,6,0,4,3,9,1,2,0,1,0,0,0,0,0,6.93068E+20,5.33769E+21,1.15965E+16,4.81631E+16
85733,9,6,63,0,2018,6,7,5,3,4,2,0,1,1,0,0,0,0,0,5.6719E+20,5.51686E+21,9.93367E+15,4.98005E+16
85734,9,1,88,126,2018,6,16,4,3,2,6,0,0,1,0,0,0,0,0,6.60185E+20,5.32825E+21,1.11511E+16,4.80874E+16
85735,9,1,74,143,2018,6,17,4,3,5,3,0,0,1,0,0,0,0,0,6.74203E+20,5.35306E+21,1.13493E+16,4.83067E+16
85736,9,4,62,0,2018,6,11,5,3,9,1,0,0,1,0,0,0,0,0,6.83044E+20,5.53661E+21,1.15518E+16,4.99538E+16
85737,9,1,62,0,2018,6,17,4,2,5,2,0,0,1,0,1,0,0,0,6.84285E+20,5.33541E+21,1.14775E+16,4.81452E+16
85738,9,1,74,118,2018,6,16,4,2,5,6,0,1,0,0,0,0,0,0,6.70672E+20,5.35588E+21,1.13029E+16,4.83331E+16
85739,9,1,62,0,2018,6,11,4,3,3,6,0,0,1,0,0,1,1,0,6.87722E+20,5.33347E+21,1.15228E+16,4.81268E+16
85740,9,1,62,0,2018,6,17,5,3,6,7,0,1,0,1,0,0,0,0,6.90138E+20,5.3391E+21,1.15578E+16,4.81767E+16
85741,9,1,84,147,2018,6,19,4,3,0,7,0,0,0,0,1,0,0,0,7.00848E+20,5.34108E+21,1.17026E+16,4.81912E+16
85742,9,1,84,147,2018,6,10,4,2,2,6,0,0,1,0,0,1,0,0,6.97871E+20,5.34215E+21,1.16631E+16,4.82017E+16
85743,9,6,71,152,2018,6,6,5,3,5,3,0,0,1,0,0,0,0,0,5.14284E+20,5.55034E+21,9.19975E+15,5.01051E+16
85744,9,2,73,166,2018,6,0,5,3,0,7,2,0,1,0,0,0,0,0,7.15774E+20,5.41856E+21,1.19433E+16,4.88824E+16
85745,9,1,84,135,2018,6,18,4,2,2,6,0,0,1,0,0,0,0,0,6.88617E+20,5.3455E+21,1.15402E+16,4.82347E+16
85746,9,3,62,0,2018,6,13,5,3,4,2,0,0,1,0,0,0,0,0,7.27335E+20,5.43523E+21,1.21101E+16,4.9028E+16
85747,9,1,62,0,2018,6,16,4,3,4,2,0,0,1,0,1,0,0,0,6.87106E+20,5.33194E+21,1.15139E+16,4.81132E+16
85748,9,1,84,119,2018,6,18,4,3,2,6,0,0,1,0,0,1,0,0,6.96283E+20,5.34946E+21,1.16451E+16,4.82679E+16
85749,9,1,62,0,2018,6,16,4,3,2,1,0,0,1,0,1,0,0,0,6.88731E+20,5.33779E+21,1.15383E+16,4.81653E+16
85750,9,1,84,119,2018,6,16,4,3,2,1,0,0,1,0,1,0,0,0,6.97796E+20,5.34985E+21,1.16657E+16,4.82709E+16
85751,9,1,84,114,2018,6,8,5,3,8,1,0,0,1,0,0,0,0,0,7.01925E+20,5.32031E+21,1.17073E+16,4.80042E+16
85752,9,1,78,137,2018,6,17,4,3,5,3,0,0,1,0,0,0,0,0,6.9174E+20,5.3634E+21,1.15903E+16,4.83946E+16
85753,9,1,84,135,2018,6,0,4,3,8,7,2,0,1,0,0,0,0,0,6.91885E+20,5.3456E+21,1.15842E+16,4.82345E+16
85754,9,1,75,122,2018,6,17,4,3,5,2,0,0,1,0,0,0,1,0,7.19568E+20,5.32464E+21,1.19457E+16,4.80372E+16
85755,9,1,62,0,2018,6,17,5,3,1,6,0,0,1,0,1,0,0,0,6.88675E+20,5.33793E+21,1.15376E+16,4.81666E+16
85756,9,1,62,0,2018,6,18,3,3,4,2,0,0,1,0,0,0,0,0,6.86257E+20,5.33179E+21,1.15024E+16,4.81122E+16
85757,9,1,62,0,2018,6,8,3,3,5,2,0,1,0,0,0,1,0,0,6.88067E+20,5.33499E+21,1.15281E+16,4.81404E+16
85758,9,5,74,123,2018,6,7,5,3,1,6,0,0,1,0,0,0,1,0,6.58867E+20,5.47352E+21,1.11894E+16,4.93936E+16
85759,9,1,62,0,2018,6,6,3,3,2,6,0,0,1,0,0,0,0,0,6.84659E+20,5.34246E+21,1.14856E+16,4.82085E+16
85760,9,2,62,0,2018,6,15,5,3,3,6,0,0,1,0,0,1,0,0,8.29313E+20,5.3901E+21,1.34653E+16,4.85773E+16
85761,9,1,62,0,2018,6,22,4,3,5,2,2,0,1,0,0,0,1,0,6.92104E+20,5.34004E+21,1.15846E+16,4.81845E+16
85762,9,7,75,135,2018,6,18,3,3,3,6,0,0,1,0,1,0,0,0,5.74486E+20,5.36107E+21,1.00063E+16,4.83984E+16
85763,9,7,75,135,2018,6,20,3,2,5,3,0,1,1,0,0,0,0,0,5.79304E+20,5.35699E+21,1.00706E+16,4.83611E+16
85764,9,7,78,127,2018,6,14,5,3,9,2,0,0,0,0,1,0,1,1,6.1387E+20,5.31693E+21,1.05264E+16,4.79955E+16
85765,9,7,78,173,2018,6,18,3,3,3,6,0,1,1,0,0,0,0,0,6.10001E+20,5.32427E+21,1.04764E+16,4.80622E+16
85766,9,7,78,173,2018,6,14,3,3,5,3,0,0,1,0,0,0,0,0,6.12148E+20,5.32124E+21,1.05044E+16,4.80346E+16
85767,9,5,71,135,2018,6,6,5,2,9,1,0,0,1,0,0,0,0,0,6.23515E+20,5.47524E+21,1.0703E+16,4.94173E+16
85768,9,7,78,162,2018,6,11,3,3,9,1,0,0,1,0,0,0,0,0,5.92263E+20,5.31029E+21,1.02354E+16,4.79393E+16
85769,9,7,64,0,2018,6,17,3,3,6,2,0,0,1,1,0,0,0,0,5.86223E+20,5.31415E+21,1.01553E+16,4.79749E+16
85770,9,5,77,173,2018,6,23,5,2,8,1,2,1,0,0,0,0,0,0,6.39694E+20,5.4238E+21,1.09081E+16,4.89513E+16
85771,9,7,74,135,2018,6,14,3,2,2,6,0,0,1,0,0,0,0,0,5.94128E+20,5.36778E+21,1.02731E+16,4.84561E+16
85772,9,2,73,137,2018,6,16,5,3,4,2,0,0,1,0,0,0,0,0,7.13819E+20,5.42218E+21,1.19186E+16,4.89156E+16
85773,9,1,62,0,2018,6,18,4,2,0,7,0,0,0,0,0,0,1,0,6.87828E+20,5.34339E+21,1.15286E+16,4.82159E+16
85774,9,7,79,231,2018,6,15,3,3,5,3,0,0,1,0,0,0,0,0,6.28017E+20,5.41959E+21,1.07473E+16,4.8916E+16
85775,9,1,86,162,2018,6,13,5,3,3,6,0,0,1,0,0,0,1,0,6.9864E+20,5.38835E+21,1.16953E+16,4.86167E+16
85776,9,7,79,131,2018,6,1,3,3,8,1,2,0,1,0,0,0,0,0,6.35119E+20,5.39754E+21,1.0837E+16,4.87162E+16
85777,9,7,72,171,2018,6,6,5,3,5,3,0,0,1,0,0,1,0,0,6.37512E+20,5.3719E+21,1.0861E+16,4.84852E+16
85778,9,7,73,183,2018,6,17,3,3,4,6,0,0,1,0,0,0,0,0,6.03174E+20,5.38647E+21,1.04001E+16,4.86228E+16
85779,9,7,72,149,2018,6,7,3,3,2,2,0,0,1,0,0,1,0,0,6.37748E+20,5.34032E+21,1.08538E+16,4.82011E+16
85780,9,4,72,175,2018,6,16,5,3,3,6,0,0,1,0,1,1,0,0,6.79819E+20,5.52297E+21,1.15005E+16,4.98322E+16
85781,9,1,62,0,2018,6,18,4,3,3,6,0,1,0,0,0,0,0,0,6.88649E+20,5.34017E+21,1.15382E+16,4.81868E+16
85782,9,6,75,146,2018,6,8,3,1,2,6,0,0,0,0,0,1,0,0,5.79315E+20,5.51494E+21,1.01017E+16,4.97817E+16
85783,9,1,84,135,2018,6,17,4,3,5,2,0,1,1,0,0,0,0,0,6.90238E+20,5.34747E+21,1.15629E+16,4.82519E+16
85784,9,6,63,0,2018,6,16,3,3,5,3,0,0,1,0,0,0,0,0,5.69075E+20,5.51687E+21,9.95988E+15,4.98003E+16
85785,9,6,79,188,2018,6,8,3,3,5,2,0,0,1,0,0,0,1,0,5.72335E+20,5.49437E+21,1.0001E+16,4.95976E+16
85786,9,6,77,119,2018,6,15,3,3,2,6,0,0,1,0,0,0,0,0,5.542E+20,5.52517E+21,9.75434E+15,4.98765E+16
85787,9,6,78,193,2018,6,15,3,3,2,6,0,0,1,0,0,1,0,0,5.7877E+20,5.53918E+21,1.00991E+16,4.99998E+16
85788,9,6,75,158,2018,6,15,5,3,5,3,0,0,1,0,0,0,0,0,5.99781E+20,5.52279E+21,1.0388E+16,4.98492E+16
85789,9,6,74,187,2018,6,7,3,3,8,1,0,0,1,0,0,0,0,0,6.10539E+20,5.52745E+21,1.05389E+16,4.98892E+16
85790,9,6,74,184,2018,6,18,3,3,5,3,0,0,1,0,1,0,0,0,6.23991E+20,5.55818E+21,1.0736E+16,5.01628E+16
85791,9,4,61,0,2018,6,12,5,2,4,2,0,1,1,0,0,0,0,0,6.35184E+20,5.53033E+21,1.08828E+16,4.991E+16
85792,9,6,72,114,2018,6,8,3,3,1,6,0,0,1,0,0,0,0,0,5.77311E+20,5.562E+21,1.00834E+16,5.02051E+16
85793,9,1,62,0,2018,6,18,5,3,3,2,0,1,1,0,0,0,0,0,6.98717E+20,5.33305E+21,1.16702E+16,4.81197E+16
85794,9,6,78,178,2018,6,7,3,3,5,3,0,1,1,0,0,0,0,0,5.89733E+20,5.54346E+21,1.0253E+16,5.00367E+16
85795,9,6,76,126,2018,6,16,3,3,5,3,0,1,0,0,1,0,0,0,5.11279E+20,5.52462E+21,9.15697E+15,4.98739E+16
85796,9,5,74,156,2018,6,9,5,3,1,6,0,0,1,0,0,1,0,0,6.58761E+20,5.48165E+21,1.11912E+16,4.94667E+16
85797,9,6,76,145,2018,6,12,3,3,2,6,0,0,1,0,0,0,0,0,5.10594E+20,5.52058E+21,9.14733E+15,4.98375E+16
85798,9,6,62,0,2018,6,7,5,3,5,2,0,1,1,0,0,0,0,0,5.88041E+20,5.54538E+21,1.02299E+16,5.00542E+16
85799,9,5,72,130,2018,6,20,3,3,0,1,0,0,0,0,1,0,0,0,6.39862E+20,5.50519E+21,1.09389E+16,4.9683E+16
85800,9,5,72,133,2018,6,7,3,3,4,6,0,0,1,0,1,0,0,0,6.38057E+20,5.49914E+21,1.09117E+16,4.9629E+16
85801,9,3,75,180,2018,6,9,5,3,2,6,0,0,1,0,0,0,0,0,7.26316E+20,5.42502E+21,1.20905E+16,4.89367E+16
85802,9,5,74,152,2018,6,17,3,3,0,1,0,1,0,0,0,0,0,0,6.64457E+20,5.48232E+21,1.127E+16,4.94712E+16
85803,9,5,64,0,2018,6,8,3,3,5,2,0,1,1,0,0,0,0,0,6.46601E+20,5.48073E+21,1.10231E+16,4.94615E+16
85804,9,1,84,135,2018,6,8,5,3,4,2,0,0,0,0,1,1,0,0,6.8976E+20,5.34878E+21,1.1557E+16,4.82638E+16
85805,9,5,64,0,2018,6,11,3,3,0,7,0,1,0,0,0,0,0,0,6.45941E+20,5.47644E+21,1.10125E+16,4.94231E+16