OBJECTID_1,ULAND,UREGBEZ,UKREIS,UGEMEINDE,UJAHR,UMONAT,USTUNDE,UWOCHENTAG,UKATEGORIE,UART,UTYP1,ULICHTVERH,IstRad,IstPKW,IstFuss,IstKrad,IstGkfz,IstSonstig,STRZUSTAND,LINREFX,LINREFY,XGCSWGS84,YGCSWGS84
85806,9,5,64,0,2018,6,17,3,3,4,2,0,1,1,0,0,0,0,0,6.45945E+20,5.47644E+21,1.10125E+16,4.94231E+16
85807,9,5,63,0,2018,6,12,5,3,3,6,0,0,1,0,1,0,0,0,6.44096E+20,5.48412E+21,1.09898E+16,4.94926E+16
85808,9,5,64,0,2018,6,14,3,3,2,6,0,0,1,0,0,0,0,0,6.52546E+20,5.48266E+21,1.11059E+16,4.94774E+16
85809,9,2,72,142,2018,6,9,5,3,1,1,0,0,0,0,1,0,1,0,8.19949E+20,5.41138E+21,1.33551E+16,4.87731E+16
85810,9,1,89,145,2018,6,14,5,3,2,6,0,0,1,0,0,1,0,0,7.72331E+20,5.30369E+21,1.2639E+16,4.78288E+16
85811,9,5,73,127,2018,6,20,3,3,4,6,0,1,0,0,0,0,0,0,6.46341E+20,5.47561E+21,1.10177E+16,4.94156E+16
85812,9,5,73,122,2018,6,15,3,3,6,4,0,0,1,1,0,0,0,0,6.43127E+20,5.4777E+21,1.09741E+16,4.94351E+16
85813,9,3,71,118,2018,6,6,5,3,4,6,0,0,1,0,0,0,0,0,7.17583E+20,5.47698E+21,1.19995E+16,4.94066E+16
85814,9,5,71,199,2018,6,11,3,2,2,6,0,0,0,0,0,1,1,0,5.89542E+20,5.45074E+21,1.02292E+16,4.9203E+16
85815,9,5,71,180,2018,6,7,3,2,0,7,0,1,0,0,0,0,0,0,6.30234E+20,5.46056E+21,1.07908E+16,4.92839E+16
85816,9,7,75,152,2018,6,19,5,3,2,6,0,0,1,0,0,0,0,0,5.76925E+20,5.35351E+21,1.00379E+16,4.83301E+16
85817,9,5,71,166,2018,6,17,3,3,5,3,0,0,1,0,1,0,0,0,6.06088E+20,5.45771E+21,1.04581E+16,4.9263E+16
85818,9,5,71,166,2018,6,17,3,3,2,6,0,0,1,0,1,0,0,0,6.06088E+20,5.45771E+21,1.04581E+16,4.9263E+16
85819,9,5,75,153,2018,6,14,5,2,2,2,0,0,0,0,1,1,0,0,6.17756E+20,5.4881E+21,1.06275E+16,4.95341E+16
85820,9,5,75,168,2018,6,18,3,3,5,3,0,0,1,0,1,0,0,0,5.89244E+20,5.48869E+21,1.02337E+16,4.95442E+16
85821,9,5,61,0,2018,6,19,3,3,5,2,0,1,1,0,0,0,0,0,6.12966E+20,5.46197E+21,1.05538E+16,4.93E+16
85822,9,1,61,0,2018,6,14,5,2,0,7,0,1,0,0,0,0,0,0,6.79666E+20,5.40557E+21,1.14456E+16,4.87772E+16
85823,9,4,64,0,2018,6,15,3,3,1,6,0,0,1,0,0,0,0,0,7.08349E+20,5.57468E+21,1.19249E+16,5.02875E+16
85824,9,7,71,156,2018,6,12,5,3,0,3,0,0,1,0,0,0,0,0,6.53564E+20,5.38351E+21,1.10824E+16,4.85858E+16
85825,9,4,61,0,2018,6,11,3,3,2,6,0,0,0,0,1,0,0,0,6.34365E+20,5.52922E+21,1.0871E+16,4.99003E+16
85826,9,1,61,0,2018,6,20,1,3,9,1,0,1,0,0,0,0,0,0,6.78792E+20,5.40267E+21,1.14324E+16,4.87514E+16
85827,9,1,86,125,2018,6,4,1,1,9,1,1,0,1,0,0,0,0,0,6.73814E+20,5.37363E+21,1.13526E+16,4.84917E+16
85828,9,1,79,145,2018,6,11,3,3,0,2,0,1,1,0,0,0,0,0,6.75902E+20,5.33837E+21,1.13661E+16,4.81742E+16
85829,9,1,76,153,2018,6,21,1,3,0,7,1,1,0,0,0,0,0,0,6.97167E+20,5.4097E+21,1.16855E+16,4.8809E+16
85830,9,4,72,127,2018,6,15,2,3,2,6,0,0,1,0,0,0,0,0,6.88646E+20,5.5243E+21,1.16238E+16,4.98414E+16
85831,9,1,88,118,2018,6,8,1,3,5,3,0,0,1,0,0,0,0,0,6.71832E+20,5.31353E+21,1.13014E+16,4.7952E+16
85832,9,1,87,122,2018,6,17,2,3,0,7,0,1,0,0,0,0,1,0,7.17504E+20,5.30696E+21,1.19091E+16,4.78791E+16
85833,9,1,62,0,2018,6,11,7,3,2,6,0,0,1,0,0,0,0,0,6.87436E+20,5.33172E+21,1.15182E+16,4.81112E+16
85834,9,1,62,0,2018,6,19,7,3,0,6,0,1,0,0,0,0,0,0,6.87322E+20,5.33216E+21,1.15169E+16,4.81152E+16
85835,9,1,62,0,2018,6,13,7,3,4,2,0,1,1,0,0,0,0,0,6.88507E+20,5.33495E+21,1.1534E+16,4.81399E+16
85836,9,7,79,111,2018,6,16,2,3,0,7,0,0,1,0,0,0,0,0,6.20047E+20,5.41166E+21,1.06363E+16,4.88463E+16
85837,9,1,62,0,2018,6,12,7,3,2,6,0,0,1,0,0,0,0,0,6.82649E+20,5.33722E+21,1.14563E+16,4.8162E+16
85838,9,3,75,117,2018,6,15,2,3,2,6,0,0,1,0,0,1,0,0,7.3752E+20,5.43169E+21,1.22471E+16,4.89924E+16
85839,9,1,62,0,2018,6,11,7,3,3,5,0,0,1,0,1,0,0,0,6.86181E+20,5.33522E+21,1.15029E+16,4.8143E+16
85840,9,4,71,174,2018,6,9,2,3,8,7,0,0,1,0,0,0,0,0,6.37189E+20,5.54052E+21,1.09144E+16,5.00012E+16
85841,9,1,84,148,2018,6,14,7,3,5,3,0,1,1,0,0,0,0,0,6.9514E+20,5.32586E+21,1.16189E+16,4.80562E+16
85842,9,6,76,144,2018,6,10,1,2,2,6,0,1,0,0,0,0,0,0,5.07729E+20,5.52923E+21,9.10766E+15,4.99154E+16
85843,9,5,63,0,2018,6,17,1,2,0,7,0,1,0,0,0,0,0,0,6.43961E+20,5.4816E+21,1.09871E+16,4.947E+16
85844,9,1,85,149,2018,6,11,2,1,2,6,0,0,0,0,1,0,0,0,6.66217E+20,5.3982E+21,1.12597E+16,4.87146E+16
85845,9,1,62,0,2018,6,7,7,2,4,2,0,0,1,0,0,0,0,0,6.95145E+20,5.33779E+21,1.16244E+16,4.81634E+16
85846,9,1,71,123,2018,6,22,3,3,9,1,2,0,0,0,1,0,0,0,7.84722E+20,5.34661E+21,1.28327E+16,4.82088E+16
85847,9,1,62,0,2018,6,23,7,3,5,7,2,0,1,0,0,0,0,0,6.89486E+20,5.33187E+21,1.15458E+16,4.81119E+16
85848,9,7,78,186,2018,6,16,7,3,4,6,0,1,0,0,0,0,0,0,5.96478E+20,5.31133E+21,1.02921E+16,4.7948E+16
85849,9,7,61,0,2018,6,5,2,3,1,6,0,0,1,0,0,0,0,1,6.42049E+20,5.36484E+21,1.092E+16,4.84207E+16
85850,9,7,74,148,2018,6,19,7,3,0,1,0,0,0,0,1,0,0,0,5.96419E+20,5.36155E+21,1.03027E+16,4.83997E+16
85851,9,2,75,154,2018,6,7,2,2,8,1,0,0,1,0,0,0,0,1,8.13504E+20,5.39211E+21,1.3253E+16,4.86034E+16
85852,9,7,77,144,2018,6,13,7,2,0,7,0,0,0,0,1,0,0,0,6.08988E+20,5.29115E+21,1.04545E+16,4.77645E+16
85853,9,7,76,129,2018,6,19,7,3,5,3,0,1,1,0,0,0,0,0,5.67808E+20,5.27001E+21,9.90172E+15,4.75799E+16
85854,9,1,62,0,2018,6,20,1,3,3,2,0,1,1,0,0,0,0,0,6.97392E+20,5.33131E+21,1.16516E+16,4.81044E+16
85855,9,7,76,124,2018,6,14,7,3,3,6,0,1,0,0,1,0,0,0,5.73434E+20,5.27496E+21,9.97735E+15,4.76239E+16
85856,9,1,61,0,2018,6,12,3,3,2,6,0,0,1,0,0,0,0,0,6.76235E+20,5.40452E+21,1.13985E+16,4.87687E+16
85857,9,7,77,158,2018,6,20,7,3,0,1,0,0,0,0,1,0,0,0,6.19807E+20,5.30808E+21,1.06035E+16,4.79148E+16
85858,9,7,61,0,2018,6,6,7,3,4,7,0,0,1,0,0,1,0,0,6.41505E+20,5.36387E+21,1.09123E+16,4.84121E+16
85859,9,1,81,130,2018,6,15,2,3,4,6,0,0,1,0,0,0,0,0,6.42402E+20,5.32173E+21,1.09102E+16,4.8033E+16
85860,9,7,72,134,2018,6,13,7,3,0,7,0,1,0,0,0,0,0,0,6.33962E+20,5.38459E+21,1.08171E+16,4.86E+16
85861,9,1,62,0,2018,6,8,3,3,2,6,0,0,1,0,0,0,1,0,6.92898E+20,5.32964E+21,1.15906E+16,4.80908E+16
85862,9,7,71,129,2018,6,11,7,3,0,7,0,1,0,0,0,0,0,0,6.52673E+20,5.35645E+21,1.10604E+16,4.83428E+16
85863,9,6,72,124,2018,6,16,2,2,6,4,0,0,1,1,0,0,0,0,5.66593E+20,5.55057E+21,9.93121E+15,5.01037E+16
85864,9,6,75,144,2018,6,8,7,3,8,1,0,0,1,0,0,0,0,0,5.86983E+20,5.50813E+21,1.02067E+16,4.97194E+16
85865,9,2,61,0,2018,6,13,2,3,5,3,0,1,1,0,0,0,0,0,7.33723E+20,5.38138E+21,1.21667E+16,4.85419E+16
85866,9,6,71,160,2018,6,15,7,2,8,1,0,0,0,0,1,0,0,0,5.25678E+20,5.52608E+21,9.35745E+15,4.98866E+16
85867,9,5,62,0,2018,6,22,7,2,9,1,2,0,1,0,0,0,0,1,6.39683E+20,5.49326E+21,1.09322E+16,4.95758E+16
85868,9,5,76,117,2018,6,12,7,2,5,3,0,1,1,0,0,0,0,0,6.50632E+20,5.45926E+21,1.10706E+16,4.92675E+16
85869,9,1,79,142,2018,6,15,3,3,0,6,0,0,1,0,1,0,0,0,6.77674E+20,5.34218E+21,1.13915E+16,4.82079E+16
85870,9,5,74,132,2018,6,14,7,3,2,6,0,0,1,0,0,0,0,0,6.74291E+20,5.48683E+21,1.14076E+16,4.9509E+16
85871,9,5,74,129,2018,6,14,2,3,3,6,0,0,1,0,0,0,0,0,6.83041E+20,5.49872E+21,1.15339E+16,4.96133E+16
85872,9,5,74,132,2018,6,19,7,3,0,1,0,0,0,0,1,0,0,1,6.74677E+20,5.48685E+21,1.1413E+16,4.95091E+16
85873,9,6,76,160,2018,6,18,2,3,1,6,0,0,1,0,0,0,0,0,5.10612E+20,5.52943E+21,9.14783E+15,4.99172E+16
85874,9,5,63,0,2018,6,20,7,3,5,3,0,1,1,0,0,0,0,0,6.4218E+20,5.48305E+21,1.0963E+16,4.94834E+16
85875,9,1,83,128,2018,6,7,2,3,3,3,0,0,1,0,1,0,0,0,7.61535E+20,5.34964E+21,1.25231E+16,4.8246E+16
85876,9,5,64,0,2018,6,23,7,3,5,3,2,0,1,0,0,0,0,0,6.49236E+20,5.47877E+21,1.10587E+16,4.94433E+16
85877,9,5,64,0,2018,6,15,1,3,0,1,0,1,0,0,0,0,0,0,6.47873E+20,5.47668E+21,1.10392E+16,4.94248E+16
85878,9,5,64,0,2018,6,18,7,3,2,6,0,0,1,0,1,0,0,0,6.46649E+20,5.4807E+21,1.10238E+16,4.94613E+16
85879,9,5,75,179,2018,6,10,7,3,5,3,0,0,1,0,0,0,0,0,5.9102E+20,5.4925E+21,1.02591E+16,4.95782E+16
85880,9,1,84,131,2018,6,7,3,3,2,6,0,0,1,0,0,0,0,0,7.03955E+20,5.33826E+21,1.1743E+16,4.81649E+16
85881,9,4,72,175,2018,6,23,7,3,8,7,2,0,1,0,0,0,0,0,6.84785E+20,5.51722E+21,1.15668E+16,4.9779E+16
85882,9,4,72,116,2018,6,13,2,2,1,6,0,0,1,0,0,0,0,0,6.91064E+20,5.54696E+21,1.16686E+16,5.00443E+16
85883,9,4,62,0,2018,6,0,7,3,5,3,2,0,1,0,0,0,0,0,6.85548E+20,5.5353E+21,1.1586E+16,4.99412E+16
85884,9,5,76,151,2018,6,16,1,3,3,6,0,0,0,0,0,1,1,0,6.60089E+20,5.46784E+21,1.1204E+16,4.93423E+16
85885,9,5,71,175,2018,6,7,1,1,8,1,0,0,1,0,0,0,0,0,6.20407E+20,5.45715E+21,1.06547E+16,4.92553E+16
85886,9,1,86,147,2018,6,12,2,3,2,6,0,0,1,0,0,0,0,0,6.85083E+20,5.39215E+21,1.15132E+16,4.86549E+16
85887,9,3,77,129,2018,6,13,7,3,9,7,0,0,1,0,0,0,0,0,7.05891E+20,5.52611E+21,1.18643E+16,4.9852E+16
85888,9,1,80,124,2018,6,9,3,3,5,3,0,1,1,0,0,0,0,0,6.65091E+20,5.28194E+21,1.11992E+16,4.76698E+16
85889,9,3,77,133,2018,6,11,7,3,0,7,0,0,0,0,1,0,0,0,7.08589E+20,5.5334E+21,1.19057E+16,4.99165E+16
85890,9,3,73,167,2018,6,5,7,1,2,1,0,0,1,0,0,1,0,0,6.89142E+20,5.46103E+21,1.16003E+16,4.92728E+16
85891,9,1,87,177,2018,6,6,2,3,5,3,0,0,1,0,0,0,0,1,7.36087E+20,5.30433E+21,1.21559E+16,4.78489E+16
85892,9,6,78,174,2018,6,17,1,3,3,6,0,1,0,0,0,0,0,0,5.94327E+20,5.54367E+21,1.03172E+16,5.00379E+16
85893,9,3,72,153,2018,6,18,7,3,5,3,0,1,1,0,0,0,0,0,7.55691E+20,5.45675E+21,1.25109E+16,4.92101E+16
85894,9,3,72,125,2018,6,11,7,2,5,3,0,0,1,0,1,0,0,0,7.54758E+20,5.44336E+21,1.24896E+16,4.90903E+16
85895,9,3,76,119,2018,6,22,7,3,1,1,1,0,1,0,0,0,0,0,7.21381E+20,5.45432E+21,1.20392E+16,4.92016E+16
85896,9,7,75,164,2018,6,7,2,3,5,6,0,0,1,0,1,0,0,0,5.89261E+20,5.3537E+21,1.02043E+16,4.83302E+16
85897,9,2,78,118,2018,6,12,7,3,2,6,0,0,1,0,0,0,0,0,7.74551E+20,5.42485E+21,1.27477E+16,4.89156E+16
85898,9,4,71,145,2018,6,20,2,3,4,2,1,0,1,0,0,0,0,0,6.44374E+20,5.52099E+21,1.10073E+16,4.9824E+16
85899,9,2,76,143,2018,6,5,7,2,9,1,2,0,1,0,0,0,0,1,7.9713E+20,5.43447E+21,1.30621E+16,4.89916E+16
85900,9,5,74,112,2018,6,19,1,3,5,3,0,0,1,0,1,0,0,0,6.72053E+20,5.47256E+21,1.13706E+16,4.93814E+16
85901,9,1,76,123,2018,6,12,2,2,6,3,0,0,1,0,0,0,1,0,6.59712E+20,5.41791E+21,1.1179E+16,4.88935E+16
85902,9,2,62,0,2018,6,13,7,2,5,7,0,1,1,0,0,0,0,0,8.2567E+20,5.38959E+21,1.34156E+16,4.85746E+16
85903,9,1,71,125,2018,6,15,3,3,0,1,0,1,0,0,0,0,0,0,7.73324E+20,5.34968E+21,1.26816E+16,4.82413E+16
85904,9,2,72,151,2018,6,19,7,3,5,5,0,0,1,0,0,0,0,0,8.37632E+20,5.40782E+21,1.35921E+16,4.87318E+16
85905,9,6,79,209,2018,6,7,2,3,2,6,0,0,1,0,0,0,0,0,5.63091E+20,5.51717E+21,9.87677E+15,4.98037E+16
85906,9,2,74,126,2018,6,16,7,2,8,1,0,0,1,0,0,0,0,0,7.31358E+20,5.38696E+21,1.21378E+16,4.85929E+16
85907,9,2,72,140,2018,6,15,2,3,4,1,0,0,1,0,0,0,1,1,8.26631E+20,5.41555E+21,1.34491E+16,4.8807E+16
85908,9,7,71,130,2018,6,16,2,3,4,6,0,0,1,0,0,0,0,0,6.48363E+20,5.3558E+21,1.10021E+16,4.8338E+16
85909,9,2,74,146,2018,6,11,7,3,2,6,0,0,1,0,0,0,0,0,7.3691E+20,5.37787E+21,1.22078E+16,4.85092E+16
85910,9,3,76,161,2018,6,20,2,3,3,6,0,0,1,0,1,0,0,0,7.27626E+20,5.46271E+21,1.21296E+16,4.92748E+16
85911,9,2,74,128,2018,6,6,7,3,4,6,0,0,1,0,0,0,0,0,7.39016E+20,5.38806E+21,1.22421E+16,4.85999E+16
85912,9,2,79,112,2018,6,13,7,3,5,3,0,0,1,0,0,0,0,0,7.5799E+20,5.39197E+21,1.25015E+16,4.86275E+16
85913,9,1,79,113,2018,6,17,2,3,0,1,0,0,0,0,1,0,0,0,6.71249E+20,5.33586E+21,1.13026E+16,4.81529E+16
85914,9,1,90,152,2018,6,16,7,3,1,5,0,1,1,0,0,0,0,0,6.72677E+20,5.29928E+21,1.13071E+16,4.78237E+16
85915,9,1,82,120,2018,6,8,3,3,0,1,0,1,0,0,0,0,0,0,7.01844E+20,5.30643E+21,1.16997E+16,4.78794E+16
85916,9,1,73,134,2018,6,15,7,2,8,1,0,0,0,0,1,0,0,0,6.83468E+20,5.29409E+21,1.14489E+16,4.7774E+16
85917,9,6,78,115,2018,6,19,2,3,5,3,0,0,1,0,1,0,0,0,5.84585E+20,5.54004E+21,1.01804E+16,5.00067E+16
85918,9,1,80,126,2018,6,17,7,3,4,6,0,0,1,0,1,0,0,0,6.58965E+20,5.26962E+21,1.11132E+16,4.75605E+16
85919,9,3,62,0,2018,6,10,1,3,0,1,0,1,0,0,0,0,0,0,7.29139E+20,5.43186E+21,1.21328E+16,4.89971E+16
85920,9,7,71,140,2018,6,14,1,2,0,1,0,0,0,0,1,0,0,0,6.54297E+20,5.37284E+21,1.10883E+16,4.84897E+16
85921,9,1,90,157,2018,6,12,2,3,9,7,0,0,1,0,0,0,0,0,6.60563E+20,5.29989E+21,1.11456E+16,4.78323E+16
85922,9,1,89,114,2018,6,14,7,3,5,3,0,0,1,0,1,0,0,0,7.61197E+20,5.31486E+21,1.24973E+16,4.79337E+16
85923,9,1,89,111,2018,6,23,7,3,4,1,2,0,1,0,0,0,0,1,7.63771E+20,5.32145E+21,1.25357E+16,4.79919E+16
85924,9,1,87,132,2018,6,10,7,3,2,6,0,0,1,0,0,0,0,0,7.43542E+20,5.29902E+21,1.22524E+16,4.77984E+16
85925,9,1,87,181,2018,6,13,7,3,5,2,0,0,1,0,0,0,0,0,7.37479E+20,5.31466E+21,1.21801E+16,4.79412E+16
85926,9,1,87,165,2018,6,12,7,3,5,3,0,1,1,0,0,0,0,0,7.33593E+20,5.29945E+21,1.21199E+16,4.78059E+16
85927,9,7,75,132,2018,6,17,1,3,0,3,0,1,0,0,0,0,0,0,5.84667E+20,5.33005E+21,1.01376E+16,4.81181E+16
85928,9,1,87,169,2018,6,18,7,2,5,2,0,0,1,0,0,0,0,0,7.4063E+20,5.29859E+21,1.22133E+16,4.77957E+16
85929,9,1,86,162,2018,6,6,3,2,8,1,0,0,1,0,0,0,0,0,6.92243E+20,5.38715E+21,1.1608E+16,4.86079E+16
85930,9,1,87,130,2018,6,10,7,3,0,3,0,0,1,0,1,0,0,0,7.15904E+20,5.30637E+21,1.18874E+16,4.78743E+16
85931,9,5,64,0,2018,6,18,2,3,2,6,0,0,1,0,0,0,0,0,6.50872E+20,5.46755E+21,1.1077E+16,4.9342E+16
85932,9,1,85,158,2018,6,3,7,2,8,7,2,0,1,0,0,0,0,0,6.61853E+20,5.38057E+21,1.11935E+16,4.85573E+16
85933,9,3,72,169,2018,6,17,1,2,8,1,0,0,0,0,1,0,0,0,7.45367E+20,5.44854E+21,1.23644E+16,4.91407E+16
85934,9,1,71,113,2018,6,16,2,3,5,3,0,0,1,0,0,0,0,0,7.78665E+20,5.33772E+21,1.27455E+16,4.81316E+16
85935,9,1,85,163,2018,6,0,7,3,7,7,2,0,0,0,1,0,0,0,6.59605E+20,5.38779E+21,1.11659E+16,4.86228E+16
85936,9,4,72,121,2018,6,18,1,2,8,6,0,1,1,0,0,0,0,0,7.004E+20,5.54871E+21,1.17998E+16,5.00569E+16
85937,9,1,86,139,2018,6,13,7,3,5,2,0,0,1,0,0,0,0,0,6.98365E+20,5.40455E+21,1.16994E+16,4.87624E+16
85938,9,1,76,121,2018,6,22,7,3,8,7,2,0,1,0,0,0,0,0,6.5438E+20,5.4174E+21,1.11061E+16,4.88903E+16
85939,9,1,62,0,2018,6,18,2,2,5,3,0,1,1,0,0,0,0,0,6.87749E+20,5.33503E+21,1.15239E+16,4.81408E+16
85940,9,1,79,123,2018,6,23,7,2,6,4,2,0,1,1,0,0,0,0,6.73682E+20,5.33148E+21,1.13335E+16,4.81129E+16
85941,9,3,71,127,2018,6,14,1,2,8,1,0,0,0,0,1,0,0,0,7.08908E+20,5.4873E+21,1.18855E+16,4.95023E+16
85942,9,4,72,176,2018,6,9,2,2,5,3,0,0,1,0,0,0,0,0,6.67741E+20,5.52782E+21,1.13348E+16,4.98792E+16
85943,9,1,79,119,2018,6,0,7,2,0,1,2,1,0,0,0,0,0,0,6.69676E+20,5.33882E+21,1.12826E+16,4.81799E+16
85944,9,1,88,124,2018,6,15,3,2,1,5,0,1,1,0,0,0,0,0,6.62304E+20,5.31823E+21,1.11757E+16,4.79968E+16
85945,9,1,84,131,2018,6,11,7,3,2,6,0,0,1,0,0,0,0,0,7.04065E+20,5.3381E+21,1.17444E+16,4.81633E+16
85946,9,4,64,0,2018,6,19,2,3,2,6,0,0,1,0,0,0,0,0,7.06784E+20,5.57794E+21,1.19047E+16,5.03172E+16
85947,9,1,78,157,2018,6,0,7,3,8,1,2,0,1,0,0,0,0,0,7.06433E+20,5.37362E+21,1.17936E+16,4.84818E+16
85948,9,2,78,190,2018,6,6,1,3,2,6,0,0,1,0,0,0,0,0,7.65589E+20,5.42721E+21,1.26272E+16,4.89407E+16
85949,9,1,87,179,2018,6,18,2,3,2,6,0,1,1,0,0,0,0,0,7.23389E+20,5.30945E+21,1.1989E+16,4.78994E+16
85950,9,1,75,121,2018,6,13,7,2,8,1,0,0,1,0,0,0,0,0,7.12654E+20,5.32016E+21,1.18508E+16,4.79993E+16
85951,9,1,77,124,2018,6,16,7,3,8,1,0,0,0,0,1,0,0,0,7.28118E+20,5.36553E+21,1.20822E+16,4.84016E+16
85952,9,1,62,0,2018,6,16,6,3,2,6,0,0,1,0,0,0,1,0,6.80546E+20,5.33508E+21,1.14271E+16,4.81433E+16
85953,9,7,75,129,2018,6,15,2,3,5,3,0,1,1,0,0,0,0,0,5.81924E+20,5.34176E+21,1.0103E+16,4.82238E+16
85954,9,1,62,0,2018,6,22,6,3,5,2,2,1,1,0,0,0,0,0,6.90889E+20,5.33912E+21,1.15679E+16,4.81767E+16
85955,9,2,75,138,2018,6,3,1,2,9,1,2,0,1,0,0,0,0,0,8.13732E+20,5.38633E+21,1.32518E+16,4.85515E+16
85956,9,3,74,165,2018,6,13,2,2,9,1,0,0,1,0,0,1,0,0,7.41214E+20,5.50856E+21,1.2344E+16,4.96813E+16
85957,9,1,84,122,2018,6,9,6,3,4,2,0,1,0,0,0,0,0,0,6.89611E+20,5.32697E+21,1.15453E+16,4.80678E+16
85958,9,2,74,184,2018,6,16,1,2,0,1,0,1,0,0,0,0,0,0,7.48549E+20,5.37134E+21,1.23613E+16,4.8446E+16
85959,9,1,81,127,2018,6,14,2,3,2,6,0,0,1,0,0,0,0,0,6.33256E+20,5.32239E+21,1.07878E+16,4.80409E+16
85960,9,1,84,136,2018,6,10,6,3,0,7,0,0,0,0,1,0,0,0,6.99396E+20,5.32744E+21,1.16767E+16,4.8069E+16
85961,9,1,82,123,2018,6,15,3,2,2,6,0,0,1,0,0,1,0,0,7.15732E+20,5.30176E+21,1.18829E+16,4.7833E+16
85962,9,1,86,132,2018,6,12,2,3,4,6,0,0,1,0,0,0,0,0,6.79508E+20,5.36718E+21,1.14268E+16,4.84321E+16
85963,9,1,62,0,2018,6,14,6,3,2,6,0,0,1,0,0,0,0,0,6.88262E+20,5.33162E+21,1.15292E+16,4.811E+16
85964,9,1,89,129,2018,6,6,3,2,0,7,0,0,1,0,0,0,1,0,7.59679E+20,5.29515E+21,1.24652E+16,4.77574E+16
85965,9,7,78,150,2018,6,17,6,2,4,6,0,0,1,0,0,0,0,0,5.86536E+20,5.3222E+21,1.01611E+16,4.80472E+16
85966,9,7,75,129,2018,6,11,6,3,6,3,0,0,1,1,0,0,0,0,5.81897E+20,5.34141E+21,1.01026E+16,4.82207E+16
85967,9,7,71,142,2018,6,11,2,3,0,1,0,1,0,0,0,0,0,0,6.46201E+20,5.34965E+21,1.09708E+16,4.82831E+16
85968,9,7,74,121,2018,6,20,6,3,5,3,0,0,1,0,0,0,0,0,6.02066E+20,5.36554E+21,1.03799E+16,4.84347E+16
85969,9,2,73,152,2018,6,15,1,3,0,1,0,0,0,0,1,0,0,0,7.06063E+20,5.40736E+21,1.18054E+16,4.8785E+16
85970,9,2,62,0,2018,6,9,2,3,2,6,0,0,1,0,0,0,0,0,8.26108E+20,5.38948E+21,1.34214E+16,4.85734E+16
85971,9,7,63,0,2018,6,13,6,3,1,6,0,0,1,0,0,0,0,0,5.99192E+20,5.2888E+21,1.03232E+16,4.77449E+16
85972,9,7,80,121,2018,6,15,6,3,5,3,0,0,1,0,1,0,0,0,5.95966E+20,5.25564E+21,1.0273E+16,4.74471E+16
85973,9,1,75,124,2018,6,9,2,3,5,3,0,0,1,0,0,0,0,0,7.15152E+20,5.32862E+21,1.18885E+16,4.80745E+16
85974,9,7,77,112,2018,6,15,6,2,0,7,0,1,0,0,0,0,1,0,6.2461E+20,5.29756E+21,1.06647E+16,4.78193E+16
85975,9,1,86,113,2018,6,9,3,3,2,6,0,0,1,0,0,0,0,0,6.84259E+20,5.39464E+21,1.15032E+16,4.86776E+16
85976,9,7,76,116,2018,6,13,6,3,1,1,0,0,1,0,0,0,0,0,5.53257E+20,5.26929E+21,9.70815E+15,4.75748E+16
85977,9,6,71,156,2018,6,18,2,3,2,6,0,0,1,0,0,1,0,0,5.23123E+20,5.53397E+21,9.32237E+15,4.99577E+16
85978,9,7,62,0,2018,6,16,6,3,2,6,0,0,1,0,0,0,0,0,6.21416E+20,5.30415E+21,1.06239E+16,4.78792E+16
85979,9,7,77,135,2018,6,12,6,2,4,6,0,0,1,0,0,0,0,0,6.23073E+20,5.27428E+21,1.06376E+16,4.76103E+16
85980,9,6,73,129,2018,6,13,2,3,9,1,0,0,0,0,1,0,0,0,5.75415E+20,5.59387E+21,1.00632E+16,5.0492E+16
85981,9,7,79,228,2018,6,8,6,2,5,3,0,0,1,0,0,0,0,0,6.26497E+20,5.41454E+21,1.0725E+16,4.88709E+16
85982,9,2,61,0,2018,6,20,1,3,0,1,0,1,0,0,0,0,0,0,7.31591E+20,5.38156E+21,1.2138E+16,4.85443E+16
85983,9,2,74,113,2018,6,8,2,3,5,3,0,0,1,0,0,0,0,0,7.26621E+20,5.38508E+21,1.20726E+16,4.85778E+16
85984,9,7,72,149,2018,6,19,6,3,5,3,0,0,1,0,0,0,0,0,6.37748E+20,5.34031E+21,1.08539E+16,4.82011E+16
85985,9,7,71,114,2018,6,10,6,3,8,1,0,0,0,0,0,0,1,0,6.47831E+20,5.37137E+21,1.10004E+16,4.84781E+16
85986,9,7,77,169,2018,6,14,1,3,3,6,0,0,1,0,0,0,0,0,6.28723E+20,5.26943E+21,1.07113E+16,4.75655E+16
85987,9,6,61,0,2018,6,14,6,3,1,6,0,0,1,0,0,0,0,0,5.09273E+20,5.5345E+21,9.12929E+15,4.99628E+16
85988,9,1,76,161,2018,6,18,3,2,0,6,0,0,1,0,1,0,0,0,6.7732E+20,5.41376E+21,1.14172E+16,4.88514E+16
85989,9,5,72,111,2018,6,19,6,3,2,6,0,0,1,0,0,0,0,0,6.35449E+20,5.50713E+21,1.08784E+16,4.97015E+16
85990,9,5,76,113,2018,6,6,2,3,4,2,0,0,1,0,0,0,0,0,6.61409E+20,5.45746E+21,1.12179E+16,4.92486E+16
85991,9,5,72,126,2018,6,16,6,3,2,6,0,0,1,0,0,0,0,0,6.32481E+20,5.5066E+21,1.08371E+16,4.96974E+16
85992,9,2,73,137,2018,6,17,1,3,0,3,0,0,1,0,1,0,0,0,7.11871E+20,5.42117E+21,1.18915E+16,4.89072E+16
85993,9,1,71,127,2018,6,17,2,3,4,6,0,0,1,0,0,0,0,0,7.66671E+20,5.35522E+21,1.25956E+16,4.82939E+16