OBJECTID_1,ULAND,UREGBEZ,UKREIS,UGEMEINDE,UJAHR,UMONAT,USTUNDE,UWOCHENTAG,UKATEGORIE,UART,UTYP1,ULICHTVERH,IstRad,IstPKW,IstFuss,IstKrad,IstGkfz,IstSonstig,STRZUSTAND,LINREFX,LINREFY,XGCSWGS84,YGCSWGS84
85994,9,5,76,151,2018,6,12,6,3,2,6,0,0,1,0,1,0,0,0,6.57278E+20,5.47057E+21,1.11664E+16,4.93676E+16
85995,9,5,74,154,2018,6,14,6,3,5,3,0,0,1,0,0,0,0,1,6.62134E+20,5.48463E+21,1.12389E+16,4.94926E+16
85996,9,1,73,137,2018,6,16,1,3,0,1,0,1,0,0,0,0,0,0,6.74478E+20,5.3083E+21,1.13347E+16,4.79043E+16
85997,9,1,73,112,2018,6,6,2,3,5,3,0,0,1,0,0,0,0,1,6.92499E+20,5.29315E+21,1.15689E+16,4.7763E+16
85998,9,5,63,0,2018,6,16,6,3,5,2,0,1,1,0,0,0,0,1,6.43178E+20,5.48277E+21,1.09767E+16,4.94806E+16
85999,9,5,63,0,2018,6,13,6,3,0,3,0,0,1,0,1,0,0,0,6.44857E+20,5.48164E+21,1.09994E+16,4.94701E+16
86000,9,5,64,0,2018,6,20,6,3,5,3,0,0,0,0,1,0,1,0,6.52482E+20,5.47754E+21,1.1103E+16,4.94314E+16
86001,9,1,62,0,2018,6,12,3,3,8,1,0,0,0,0,1,0,0,0,6.95756E+20,5.34388E+21,1.16355E+16,4.82179E+16
86002,9,5,77,179,2018,6,16,6,3,2,2,0,0,1,0,0,0,0,0,6.2364E+20,5.43136E+21,1.06912E+16,4.90227E+16
86003,9,1,90,140,2018,6,14,1,2,2,2,0,0,1,0,1,0,0,0,6.44669E+20,5.29824E+21,1.09327E+16,4.78212E+16
86004,9,4,62,0,2018,6,11,2,3,2,6,0,0,1,0,0,1,0,0,6.86411E+20,5.53646E+21,1.15986E+16,4.99513E+16
86005,9,5,75,143,2018,6,8,6,3,2,6,0,0,1,0,0,0,0,0,5.98437E+20,5.47974E+21,1.03585E+16,4.94624E+16
86006,9,1,73,112,2018,6,1,1,2,5,3,2,0,1,0,0,0,0,1,6.92116E+20,5.29326E+21,1.15639E+16,4.77641E+16
86007,9,1,61,0,2018,6,16,2,3,0,7,0,0,0,0,1,0,1,0,6.74562E+20,5.40583E+21,1.13763E+16,4.87809E+16
86008,9,6,72,140,2018,6,8,1,3,8,1,0,0,0,0,1,0,0,0,5.82156E+20,5.55457E+21,1.01497E+16,5.01376E+16
86009,9,4,79,169,2018,6,13,6,3,8,1,0,0,0,0,0,0,1,1,7.12063E+20,5.54763E+21,1.19619E+16,5.00431E+16
86010,9,4,75,112,2018,6,12,6,3,2,6,0,0,1,0,0,0,0,1,6.88297E+20,5.58272E+21,1.16477E+16,5.03664E+16
86011,9,4,75,162,2018,6,10,6,3,1,6,0,0,1,0,0,0,1,1,7.21433E+20,5.57646E+21,1.21093E+16,5.02987E+16
86012,9,7,73,153,2018,6,21,2,3,8,1,1,0,1,0,0,0,0,0,5.96515E+20,5.3818E+21,1.03086E+16,4.85819E+16
86013,9,4,76,154,2018,6,12,6,2,8,1,0,0,0,0,1,0,0,1,6.60906E+20,5.57135E+21,1.12581E+16,5.02723E+16
86014,9,1,89,159,2018,6,15,1,3,2,6,0,0,1,0,0,0,0,0,7.57742E+20,5.30374E+21,1.24444E+16,4.78353E+16
86015,9,4,72,175,2018,6,15,6,3,1,6,0,0,1,0,0,0,0,0,6.79558E+20,5.51083E+21,1.14913E+16,4.97232E+16
86016,9,7,64,0,2018,6,15,2,3,2,6,0,0,1,0,0,0,0,0,5.88308E+20,5.31304E+21,1.0183E+16,4.79646E+16
86017,9,4,72,175,2018,6,3,6,3,2,6,1,0,1,0,0,0,0,0,6.77769E+20,5.50778E+21,1.14651E+16,4.96963E+16
86018,9,1,89,140,2018,6,14,1,3,5,3,0,0,1,0,0,0,0,0,7.75432E+20,5.29487E+21,1.26747E+16,4.77483E+16
86019,9,4,74,140,2018,6,11,2,3,0,7,0,1,0,0,0,0,0,0,6.61872E+20,5.49941E+21,1.12414E+16,4.96256E+16
86020,9,4,62,0,2018,6,23,6,3,8,6,2,0,0,0,1,0,0,0,6.81925E+20,5.53415E+21,1.1535E+16,4.9932E+16
86021,9,1,89,155,2018,6,11,1,3,2,6,0,0,1,0,1,0,0,0,7.71635E+20,5.30787E+21,1.26323E+16,4.78666E+16
86022,9,1,86,158,2018,6,10,2,3,4,6,0,0,1,0,0,0,0,0,6.90808E+20,5.40626E+21,1.15974E+16,4.878E+16
86023,9,4,72,179,2018,6,17,6,2,8,1,0,0,0,0,0,0,1,1,6.77949E+20,5.52231E+21,1.14742E+16,4.98268E+16
86024,9,1,71,116,2018,6,16,3,3,5,2,0,0,1,0,0,0,0,0,7.67954E+20,5.33098E+21,1.25976E+16,4.80758E+16
86025,9,4,72,127,2018,6,16,6,3,8,1,0,0,1,0,0,0,0,0,6.87795E+20,5.52757E+21,1.16136E+16,4.98711E+16
86026,9,7,72,200,2018,6,18,1,3,0,6,0,0,1,0,0,0,0,0,6.29881E+20,5.33727E+21,1.07471E+16,4.81754E+16
86027,9,7,71,158,2018,6,14,2,3,0,7,0,1,0,0,0,0,0,0,6.39121E+20,5.37237E+21,1.08829E+16,4.8489E+16
86028,9,4,72,175,2018,6,7,6,2,9,1,0,0,1,0,0,0,0,0,6.8848E+20,5.51626E+21,1.16176E+16,4.97693E+16
86029,9,1,72,122,2018,6,14,1,3,0,1,0,1,0,0,0,0,0,0,7.9402E+20,5.31711E+21,1.29373E+16,4.79397E+16
86030,9,2,75,124,2018,6,11,2,2,4,6,0,0,1,0,0,0,0,0,8.0905E+20,5.37203E+21,1.31779E+16,4.84255E+16
86031,9,4,74,123,2018,6,12,6,3,2,6,0,0,1,0,0,0,0,0,6.46048E+20,5.51595E+21,1.10286E+16,4.97782E+16
86032,9,1,72,131,2018,6,15,1,3,2,6,0,0,1,0,0,0,0,0,7.88839E+20,5.28985E+21,1.28499E+16,4.76974E+16
86033,9,4,74,134,2018,6,13,6,1,4,6,0,0,1,0,0,1,0,0,6.45742E+20,5.50748E+21,1.10212E+16,4.97022E+16
86034,9,1,62,0,2018,6,12,1,3,5,3,0,1,1,0,0,0,0,0,6.92218E+20,5.34319E+21,1.15876E+16,4.82128E+16
86035,9,3,73,126,2018,6,17,2,3,5,3,0,0,1,0,0,0,0,0,6.71465E+20,5.45256E+21,1.13539E+16,4.92019E+16
86036,9,4,74,126,2018,6,12,6,3,4,2,0,0,1,0,0,0,0,0,6.48807E+20,5.50721E+21,1.10636E+16,4.9699E+16
86037,9,1,87,116,2018,6,22,1,3,3,6,2,0,1,0,0,0,0,0,7.41213E+20,5.32888E+21,1.2238E+16,4.80675E+16
86038,9,4,74,126,2018,6,8,6,3,1,6,0,0,1,0,0,1,0,0,6.48961E+20,5.50723E+21,1.10657E+16,4.96991E+16
86039,9,1,81,128,2018,6,8,2,3,2,6,0,0,1,0,1,0,0,1,6.38511E+20,5.32721E+21,1.08598E+16,4.80831E+16
86040,9,4,71,131,2018,6,13,6,2,9,1,0,0,1,0,0,0,0,0,6.30569E+20,5.52194E+21,1.08158E+16,4.98357E+16
86041,9,1,87,125,2018,6,13,3,3,8,1,0,1,0,0,0,0,0,0,7.5219E+20,5.31187E+21,1.23751E+16,4.79105E+16
86042,9,4,71,131,2018,6,13,6,3,8,1,0,0,1,0,0,0,0,0,6.3467E+20,5.51674E+21,1.08709E+16,4.9788E+16
86043,9,6,72,136,2018,6,9,2,3,1,7,0,0,1,0,0,0,0,0,5.80356E+20,5.56382E+21,1.01264E+16,5.02211E+16
86044,9,4,61,0,2018,6,15,6,3,2,6,0,0,1,0,1,0,0,0,6.3833E+20,5.53154E+21,1.0927E+16,4.99202E+16
86045,9,1,87,174,2018,6,17,1,2,5,3,0,0,1,0,1,0,0,0,7.40438E+20,5.31379E+21,1.22192E+16,4.79323E+16
86046,9,2,74,182,2018,6,7,2,3,4,6,0,0,1,0,0,0,0,0,7.28723E+20,5.37443E+21,1.20953E+16,4.84814E+16
86047,9,3,77,148,2018,6,17,6,3,5,3,0,0,1,0,0,0,0,0,7.17575E+20,5.53845E+21,1.20336E+16,4.99587E+16
86048,9,3,73,143,2018,6,21,6,3,2,1,0,0,1,0,0,0,0,0,7.03405E+20,5.45028E+21,1.17907E+16,4.91716E+16
86049,9,3,72,126,2018,6,14,6,3,2,6,0,0,1,0,0,0,0,0,7.81208E+20,5.46595E+21,1.28669E+16,4.92815E+16
86050,9,1,79,142,2018,6,14,3,2,9,1,0,0,1,0,0,0,0,0,6.75618E+20,5.34388E+21,1.13646E+16,4.82238E+16
86051,9,3,75,179,2018,6,6,6,2,0,3,0,1,0,0,1,0,0,0,7.31939E+20,5.4281E+21,1.21689E+16,4.89623E+16
86052,9,3,73,151,2018,6,7,6,3,5,3,0,1,1,0,0,0,0,0,6.98019E+20,5.44903E+21,1.17163E+16,4.91621E+16
86053,9,1,61,0,2018,6,18,3,3,1,6,0,0,1,0,0,0,0,0,6.75356E+20,5.40491E+21,1.13867E+16,4.87724E+16
86054,9,3,73,147,2018,6,16,6,3,2,6,0,0,1,0,0,0,0,0,6.80758E+20,5.46409E+21,1.14865E+16,4.93028E+16
86055,9,6,71,111,2018,6,15,2,2,5,2,0,0,1,0,1,0,0,0,5.04876E+20,5.54453E+21,9.06812E+15,5.0053E+16
86056,9,3,76,161,2018,6,7,6,3,5,3,0,1,1,0,0,0,0,0,7.26835E+20,5.46684E+21,1.2121E+16,4.93121E+16
86057,9,1,87,157,2018,6,11,1,3,5,3,0,0,1,0,1,0,0,0,7.38739E+20,5.28197E+21,1.2179E+16,4.76471E+16
86058,9,1,83,144,2018,6,6,2,3,5,3,0,0,1,0,0,0,0,0,7.39772E+20,5.3508E+21,1.22311E+16,4.8265E+16
86059,9,2,71,141,2018,6,14,6,2,6,4,0,0,1,1,0,0,1,0,7.92241E+20,5.4018E+21,1.29722E+16,4.87007E+16
86060,9,4,71,151,2018,6,14,1,3,5,3,0,0,1,0,0,0,0,0,6.5475E+20,5.53257E+21,1.11561E+16,4.99255E+16
86061,9,2,71,113,2018,6,21,6,2,0,1,1,0,1,0,0,0,0,1,8.00441E+20,5.41331E+21,1.30917E+16,4.88001E+16
86062,9,2,71,119,2018,6,16,6,3,6,7,0,1,0,1,0,0,0,0,7.89999E+20,5.41517E+21,1.29512E+16,4.88217E+16
86063,9,1,78,124,2018,6,13,3,3,8,1,0,0,1,0,0,0,0,0,6.96499E+20,5.36107E+21,1.16534E+16,4.83722E+16
86064,9,2,77,138,2018,6,9,6,3,6,4,0,0,1,1,0,0,0,0,7.91671E+20,5.3707E+21,1.29426E+16,4.84218E+16
86065,9,1,87,165,2018,6,16,1,3,5,3,0,1,0,0,1,0,0,0,7.31275E+20,5.2942E+21,1.20862E+16,4.77596E+16
86066,9,4,72,199,2018,6,19,2,2,5,3,0,0,1,0,0,0,1,0,6.89469E+20,5.53767E+21,1.16418E+16,4.99613E+16
86067,9,2,62,0,2018,6,13,6,3,0,2,0,0,0,0,1,0,0,0,8.28597E+20,5.39002E+21,1.34555E+16,4.8577E+16
86068,9,1,86,147,2018,6,11,1,3,2,6,0,0,1,0,0,0,0,0,6.84723E+20,5.3936E+21,1.1509E+16,4.86681E+16
86069,9,1,61,0,2018,6,13,2,3,5,3,0,1,1,0,0,0,0,0,6.7892E+20,5.40203E+21,1.14339E+16,4.87456E+16
86070,9,2,72,120,2018,6,10,6,3,5,3,0,0,1,0,0,0,0,0,8.21469E+20,5.42077E+21,1.33831E+16,4.88565E+16
86071,9,5,64,0,2018,6,20,2,3,6,4,0,0,1,1,0,0,0,0,6.46077E+20,5.47845E+21,1.10151E+16,4.94412E+16
86072,9,2,72,141,2018,6,16,6,3,6,1,0,0,1,1,0,0,0,0,8.32466E+20,5.40846E+21,1.35226E+16,4.87403E+16
86073,9,1,82,134,2018,6,7,2,3,2,6,0,0,1,0,0,0,0,1,7.02886E+20,5.2951E+21,1.17083E+16,4.77773E+16
86074,9,2,74,119,2018,6,0,6,2,8,7,2,0,0,0,1,0,0,0,7.40643E+20,5.39801E+21,1.22699E+16,4.86887E+16
86075,9,2,73,163,2018,6,14,6,3,3,6,0,0,1,0,0,1,0,0,7.04945E+20,5.39868E+21,1.17859E+16,4.87074E+16
86076,9,2,74,126,2018,6,21,6,3,5,3,2,1,1,0,0,0,0,1,7.33297E+20,5.38371E+21,1.21623E+16,4.85631E+16
86077,9,7,75,139,2018,6,17,2,3,2,6,0,0,1,0,0,0,0,0,5.80607E+20,5.36649E+21,1.009E+16,4.84463E+16
86078,9,2,79,122,2018,6,21,6,3,8,1,2,0,1,0,0,0,0,0,7.76777E+20,5.39328E+21,1.27568E+16,4.86313E+16
86079,9,4,71,115,2018,6,14,2,3,2,6,0,0,1,0,0,0,0,0,6.3309E+20,5.53833E+21,1.08564E+16,4.99824E+16
86080,9,2,79,112,2018,6,18,6,3,0,7,0,0,0,0,1,0,1,1,7.57486E+20,5.39247E+21,1.2495E+16,4.86322E+16
86081,9,1,76,111,2018,6,14,2,3,8,1,0,0,0,0,1,0,0,0,6.6321E+20,5.41413E+21,1.12252E+16,4.88586E+16
86082,9,1,73,147,2018,6,12,6,2,0,1,0,1,0,0,0,0,1,0,6.80907E+20,5.30945E+21,1.14212E+16,4.79129E+16
86083,9,1,71,111,2018,6,14,3,3,5,3,0,0,1,0,0,0,1,0,7.71573E+20,5.34805E+21,1.2657E+16,4.82274E+16
86084,9,1,73,140,2018,6,14,6,3,0,1,0,1,0,0,0,0,0,0,6.96817E+20,5.29351E+21,1.16266E+16,4.77648E+16
86085,9,6,63,0,2018,6,18,2,3,2,6,0,0,1,0,0,0,0,0,5.66264E+20,5.51713E+21,9.92085E+15,4.9803E+16
86086,9,1,73,112,2018,6,10,3,3,1,6,0,0,1,0,0,0,0,0,6.92438E+20,5.29296E+21,1.1568E+16,4.77613E+16
86087,9,1,83,148,2018,6,7,6,3,0,6,0,0,0,0,1,1,0,0,7.54913E+20,5.34542E+21,1.24315E+16,4.82108E+16
86088,9,1,84,146,2018,6,16,6,3,5,3,0,0,1,0,1,0,0,0,6.94909E+20,5.32906E+21,1.16173E+16,4.8085E+16
86089,9,7,71,130,2018,6,6,2,3,4,2,0,0,1,0,1,0,0,0,6.47003E+20,5.35768E+21,1.09844E+16,4.83552E+16
86090,9,1,87,169,2018,6,17,6,3,9,7,0,0,1,0,0,0,0,0,7.37342E+20,5.29923E+21,1.21698E+16,4.78027E+16
86091,9,2,78,118,2018,6,13,2,3,2,6,0,0,1,0,0,1,0,0,7.68603E+20,5.42688E+21,1.2668E+16,4.89365E+16
86092,9,1,63,0,2018,6,8,6,3,3,6,0,0,1,0,1,0,0,0,7.33318E+20,5.30317E+21,1.21183E+16,4.78395E+16
86093,9,1,82,133,2018,6,16,6,3,3,6,0,1,1,0,0,0,0,0,7.07486E+20,5.30553E+21,1.17746E+16,4.78696E+16
86094,9,1,78,123,2018,6,16,2,3,1,7,0,0,1,0,0,1,0,0,6.89539E+20,5.35863E+21,1.15585E+16,4.83524E+16
86095,9,1,86,137,2018,6,16,6,3,8,7,0,0,0,0,1,0,0,1,6.82991E+20,5.39817E+21,1.14875E+16,4.87097E+16
86096,9,1,82,111,2018,6,14,3,3,1,6,0,1,1,0,0,0,0,0,7.04415E+20,5.28782E+21,1.17253E+16,4.77114E+16
86097,9,1,85,158,2018,6,15,6,3,5,3,0,0,1,0,1,0,0,0,6.66696E+20,5.38123E+21,1.12594E+16,4.8562E+16
86098,9,6,78,168,2018,6,16,2,3,2,1,0,0,1,0,1,0,0,0,5.82081E+20,5.54975E+21,1.01476E+16,5.00943E+16
86099,9,1,76,166,2018,6,22,6,3,9,7,2,0,0,0,1,0,0,0,6.54594E+20,5.4085E+21,1.11057E+16,4.88102E+16
86100,9,6,74,159,2018,6,13,1,2,5,3,0,0,1,0,1,0,0,0,6.15193E+20,5.53351E+21,1.06055E+16,4.99429E+16
86101,9,1,80,126,2018,6,14,2,3,0,1,0,0,0,0,1,0,0,1,6.59121E+20,5.26961E+21,1.11153E+16,4.75604E+16
86102,9,1,79,123,2018,6,8,6,3,5,3,0,1,1,0,0,0,0,0,6.73678E+20,5.33148E+21,1.13334E+16,4.81129E+16
86103,9,1,88,120,2018,6,17,6,3,8,7,0,0,1,0,0,0,0,0,6.76395E+20,5.32313E+21,1.13665E+16,4.80371E+16
86104,9,2,77,116,2018,6,4,2,3,8,6,1,0,1,0,0,0,0,1,7.75453E+20,5.36728E+21,1.27217E+16,4.83984E+16
86105,9,1,88,120,2018,6,11,6,3,5,3,0,1,1,0,0,0,0,0,6.78193E+20,5.32727E+21,1.13923E+16,4.80738E+16
86106,9,1,78,144,2018,6,19,6,3,8,7,0,0,1,0,0,0,0,0,7.07549E+20,5.3769E+21,1.18103E+16,4.85109E+16
86107,9,7,76,124,2018,6,13,1,3,5,3,0,0,1,0,1,0,0,0,5.70028E+20,5.27361E+21,9.93181E+15,4.76121E+16
86108,9,1,78,115,2018,6,13,6,3,8,1,0,0,1,0,0,0,0,0,7.05988E+20,5.37425E+21,1.17879E+16,4.84876E+16
86109,9,1,76,123,2018,6,19,3,3,0,1,0,0,0,0,1,0,0,0,6.58413E+20,5.41865E+21,1.11616E+16,4.89005E+16
86110,9,1,77,117,2018,6,15,6,3,9,1,0,0,1,0,0,0,0,0,7.16883E+20,5.35038E+21,1.19228E+16,4.82695E+16
86111,9,5,76,122,2018,6,19,2,3,8,1,0,0,0,0,1,0,0,0,6.65046E+20,5.43429E+21,1.12584E+16,4.90393E+16
86112,9,1,77,112,2018,6,23,6,3,5,3,2,0,1,0,0,0,0,0,7.16051E+20,5.36581E+21,1.19196E+16,4.84084E+16
86113,9,1,72,114,2018,6,12,2,3,0,1,0,0,0,0,1,0,0,1,7.88081E+20,5.29208E+21,1.28413E+16,4.77177E+16
86114,9,1,77,124,2018,6,7,6,3,5,3,0,0,1,0,0,0,0,0,7.24702E+20,5.3652E+21,1.2036E+16,4.83999E+16
86115,9,4,71,120,2018,6,13,1,3,8,1,0,0,1,0,0,0,0,0,6.24657E+20,5.52243E+21,1.07337E+16,4.98413E+16
86116,9,1,62,0,2018,6,11,5,3,2,6,0,0,1,0,0,0,0,0,6.95751E+20,5.33391E+21,1.16308E+16,4.81283E+16
86117,9,1,84,141,2018,6,8,2,3,1,6,0,0,1,0,0,0,0,0,6.98058E+20,5.31641E+21,1.16537E+16,4.79703E+16
86118,9,1,61,0,2018,6,9,1,3,0,1,0,1,0,0,0,0,0,0,6.73707E+20,5.40335E+21,1.13636E+16,4.87589E+16
86119,9,1,62,0,2018,6,17,5,3,1,6,0,1,1,0,0,0,0,1,6.8964E+20,5.34015E+21,1.15515E+16,4.81863E+16
86120,9,1,84,135,2018,6,12,4,3,5,2,0,0,1,0,0,0,0,0,6.92027E+20,5.34507E+21,1.15858E+16,4.82297E+16
86121,9,1,62,0,2018,6,12,4,3,6,4,0,0,1,1,0,0,0,0,6.94851E+20,5.33412E+21,1.16188E+16,4.81305E+16
86122,9,5,74,138,2018,6,19,5,3,3,6,0,0,1,0,0,0,1,1,6.67214E+20,5.48805E+21,1.13105E+16,4.9522E+16
86123,9,7,78,118,2018,6,16,4,2,5,3,0,0,1,0,0,0,0,0,5.9099E+20,5.31269E+21,1.02189E+16,4.79611E+16
86124,9,4,79,150,2018,6,15,5,3,8,6,0,0,1,0,0,0,0,1,7.19874E+20,5.56753E+21,1.20823E+16,5.0219E+16
86125,9,5,71,177,2018,6,15,6,3,0,1,0,1,0,0,0,0,0,0,6.2388E+20,5.45136E+21,1.07006E+16,4.92025E+16
86126,9,7,75,162,2018,6,15,4,2,4,6,0,1,0,0,0,0,0,0,5.79648E+20,5.34743E+21,1.00735E+16,4.82751E+16
86127,9,1,72,134,2018,6,15,6,3,8,1,0,0,1,0,0,0,0,1,7.80921E+20,5.30437E+21,1.2754E+16,4.78312E+16
86128,9,7,75,162,2018,6,6,4,3,2,6,0,0,1,0,0,0,0,0,5.82357E+20,5.34917E+21,1.01103E+16,4.82903E+16
86129,9,7,74,198,2018,6,15,5,2,4,6,0,0,1,0,0,1,0,1,6.1459E+20,5.34814E+21,1.05444E+16,4.82761E+16
86130,9,7,74,143,2018,6,16,4,3,0,1,0,1,0,0,0,0,0,0,5.97323E+20,5.35855E+21,1.03142E+16,4.83726E+16
86131,9,7,74,135,2018,6,22,4,3,5,3,2,0,1,0,0,0,0,0,5.95674E+20,5.36738E+21,1.02939E+16,4.84522E+16
86132,9,7,78,116,2018,6,11,4,3,9,1,0,1,0,0,0,0,0,0,6.17409E+20,5.32228E+21,1.05753E+16,4.8043E+16
86133,9,4,71,189,2018,6,7,5,3,3,3,0,0,1,0,0,0,1,0,6.58195E+20,5.54102E+21,1.12075E+16,5.00005E+16
86134,9,4,71,117,2018,6,14,6,3,2,6,0,1,0,0,0,0,0,0,6.31352E+20,5.53062E+21,1.08296E+16,4.99135E+16
86135,9,7,77,153,2018,6,14,4,2,0,3,0,0,1,0,1,0,0,0,6.12658E+20,5.27538E+21,1.04993E+16,4.76221E+16
86136,9,1,76,167,2018,6,12,6,3,5,3,0,0,1,0,0,0,1,0,6.77133E+20,5.40981E+21,1.1413E+16,4.8816E+16
86137,9,4,78,145,2018,6,12,6,3,5,2,0,0,1,0,0,0,0,0,6.50994E+20,5.5587E+21,1.11141E+16,5.01613E+16
86138,9,7,79,186,2018,6,16,4,2,0,7,0,1,0,0,0,0,0,0,6.35598E+20,5.41117E+21,1.0848E+16,4.88387E+16
86139,9,1,83,118,2018,6,19,5,3,9,1,0,0,1,0,0,0,0,1,7.42941E+20,5.33869E+21,1.22668E+16,4.8155E+16
86140,9,1,87,159,2018,6,10,6,3,8,1,0,0,1,0,0,0,1,1,7.29113E+20,5.33024E+21,1.20766E+16,4.80842E+16
86141,9,1,89,159,2018,6,6,5,3,5,2,0,0,0,0,0,0,1,1,7.61653E+20,5.30199E+21,1.24956E+16,4.7818E+16
86142,9,7,73,136,2018,6,12,4,3,3,2,0,1,1,0,0,0,0,0,6.02433E+20,5.37931E+21,1.03882E+16,4.85585E+16
86143,9,7,63,0,2018,6,17,5,3,0,6,0,0,0,0,1,0,0,1,5.99606E+20,5.28537E+21,1.0328E+16,4.7714E+16
86144,9,7,72,147,2018,6,9,4,3,3,6,0,0,1,0,0,1,0,0,6.38655E+20,5.36357E+21,1.08737E+16,4.84101E+16
86145,9,7,72,160,2018,6,22,4,3,8,6,2,0,1,0,1,0,0,0,6.35818E+20,5.34026E+21,1.08279E+16,4.8201E+16
86146,9,7,72,147,2018,6,7,4,2,8,1,0,0,0,0,1,0,0,0,6.35188E+20,5.3645E+21,1.08272E+16,4.84191E+16
86147,9,3,74,162,2018,6,16,5,3,4,1,0,0,1,0,0,0,0,1,7.40039E+20,5.50611E+21,1.23262E+16,4.96597E+16
86148,9,3,62,0,2018,6,19,6,2,9,7,0,0,1,0,0,0,0,0,7.29187E+20,5.43552E+21,1.21355E+16,4.90299E+16
86149,9,7,61,0,2018,6,18,4,3,5,3,0,1,0,0,0,0,0,0,6.40449E+20,5.36031E+21,1.08968E+16,4.83803E+16
86150,9,1,81,127,2018,6,22,6,2,0,6,2,0,0,1,1,0,0,0,6.36576E+20,5.32662E+21,1.08337E+16,4.80782E+16
86151,9,7,71,113,2018,6,10,4,3,0,7,0,1,0,0,0,0,0,0,6.57502E+20,5.36983E+21,1.11306E+16,4.84618E+16
86152,9,6,77,125,2018,6,14,4,2,9,1,0,0,1,0,0,0,0,0,5.46191E+20,5.51742E+21,9.64196E+15,4.98075E+16
86153,9,6,79,180,2018,6,6,5,3,2,6,0,0,1,0,0,0,1,0,5.7055E+20,5.52143E+21,9.98119E+15,4.98411E+16
86154,9,6,77,132,2018,6,18,4,2,4,2,0,0,1,0,1,0,0,0,5.55313E+20,5.54127E+21,9.77215E+15,5.00211E+16
86155,9,6,78,192,2018,6,5,4,3,2,6,0,0,1,0,0,1,0,0,5.75801E+20,5.54456E+21,1.00588E+16,5.00485E+16
86156,9,6,72,127,2018,6,15,4,3,7,1,0,1,0,0,0,0,0,0,5.63932E+20,5.54997E+21,9.8939E+15,5.00986E+16
86157,9,7,72,215,2018,6,19,5,3,5,3,0,0,1,0,0,0,0,1,6.33817E+20,5.34547E+21,1.08026E+16,4.82483E+16
86158,9,6,76,121,2018,6,14,4,3,4,6,0,0,1,0,1,0,0,0,5.17588E+20,5.51737E+21,9.24444E+15,4.98085E+16
86159,9,6,76,139,2018,6,15,4,3,2,6,0,0,1,0,0,0,0,0,5.1851E+20,5.50653E+21,9.25674E+15,4.9711E+16
86160,9,3,72,143,2018,6,13,5,3,2,6,0,0,1,0,0,0,0,1,7.74228E+20,5.45194E+21,1.27616E+16,4.91589E+16
86161,9,2,71,146,2018,6,17,6,3,3,1,0,0,1,0,0,0,0,1,7.85538E+20,5.41251E+21,1.28887E+16,4.87999E+16
86162,9,6,76,112,2018,6,11,4,3,4,1,0,0,1,0,0,0,0,0,5.12208E+20,5.49953E+21,9.16911E+15,4.96482E+16
86163,9,1,62,0,2018,6,16,6,3,2,6,0,0,1,0,0,0,0,0,6.94532E+20,5.34166E+21,1.1618E+16,4.81984E+16
86164,9,6,76,143,2018,6,13,4,3,8,1,0,0,0,0,1,0,0,0,5.28568E+20,5.50293E+21,9.39598E+15,4.96783E+16
86165,9,6,71,130,2018,6,15,4,3,0,7,0,1,1,0,0,0,0,0,5.1658E+20,5.53854E+21,9.23134E+15,4.9999E+16
86166,9,6,76,133,2018,6,16,5,3,5,3,0,0,1,0,1,0,0,0,5.11984E+20,5.52445E+21,9.16678E+15,4.98723E+16
86167,9,6,61,0,2018,6,15,4,3,5,7,0,1,1,0,0,0,0,0,5.11334E+20,5.53709E+21,9.1581E+15,4.9986E+16
86168,9,5,71,135,2018,6,6,5,3,5,3,0,0,1,0,0,0,0,0,6.17412E+20,5.47535E+21,1.06189E+16,4.94195E+16
86169,9,6,71,122,2018,6,15,4,3,4,2,0,0,1,0,0,0,0,0,5.06777E+20,5.53208E+21,9.09444E+15,4.9941E+16
86170,9,2,74,165,2018,6,12,5,2,4,1,0,0,0,0,1,0,1,1,7.17203E+20,5.38909E+21,1.19472E+16,4.86171E+16
86171,9,1,83,128,2018,6,12,6,2,9,1,0,0,0,0,1,0,0,0,7.62121E+20,5.34755E+21,1.25297E+16,4.82269E+16
86172,9,5,76,151,2018,6,15,4,3,5,3,0,0,1,0,0,1,0,0,6.54621E+20,5.47209E+21,1.11304E+16,4.93818E+16
86173,9,2,75,154,2018,6,10,5,3,0,1,0,0,1,0,0,0,0,1,8.03E+20,5.39041E+21,1.31097E+16,4.85934E+16
86174,9,2,72,118,2018,6,11,6,3,1,6,0,0,1,0,0,0,0,0,8.33989E+20,5.41727E+21,1.35504E+16,4.88185E+16
86175,9,5,72,126,2018,6,18,4,3,2,6,0,0,1,0,0,0,0,0,6.33682E+20,5.50681E+21,1.08538E+16,4.9699E+16
86176,9,1,62,0,2018,6,13,5,2,2,7,0,0,1,0,0,0,0,1,6.89201E+20,5.33181E+21,1.15419E+16,4.81114E+16
86177,9,1,72,118,2018,6,17,5,3,4,6,0,0,1,0,0,1,0,1,7.95493E+20,5.30653E+21,1.29497E+16,4.78441E+16
86178,9,5,72,131,2018,6,15,4,3,4,2,0,0,1,0,1,0,0,0,6.5737E+20,5.49193E+21,1.11761E+16,4.95595E+16
86179,9,5,74,132,2018,6,18,4,3,5,3,0,0,1,0,1,0,0,1,6.74691E+20,5.48686E+21,1.14132E+16,4.95091E+16