OBJECTID_1,ULAND,UREGBEZ,UKREIS,UGEMEINDE,UJAHR,UMONAT,USTUNDE,UWOCHENTAG,UKATEGORIE,UART,UTYP1,ULICHTVERH,IstRad,IstPKW,IstFuss,IstKrad,IstGkfz,IstSonstig,STRZUSTAND,LINREFX,LINREFY,XGCSWGS84,YGCSWGS84
86368,9,6,76,139,2018,6,14,3,2,8,1,0,0,0,0,1,0,0,0,5.21067E+20,5.50429E+21,9.29209E+15,4.96908E+16
86369,9,6,63,0,2018,6,7,5,3,5,2,0,1,1,0,0,0,0,0,5.67866E+20,5.5166E+21,9.94302E+15,4.9798E+16
86370,9,6,61,0,2018,6,19,3,3,0,7,0,1,0,0,0,0,0,0,5.09233E+20,5.53581E+21,9.12876E+15,4.99746E+16
86371,9,5,72,444,2018,6,18,3,3,2,6,0,0,1,0,0,0,0,0,6.48486E+20,5.48864E+21,1.10521E+16,4.95322E+16
86372,9,2,75,120,2018,6,17,5,2,4,1,0,0,0,0,1,1,0,1,8.10102E+20,5.40149E+21,1.3214E+16,4.86893E+16
86373,9,2,77,111,2018,6,6,6,3,2,6,0,0,1,0,0,0,0,0,7.81822E+20,5.38474E+21,1.28193E+16,4.85524E+16
86374,9,1,78,133,2018,6,17,5,3,4,6,0,0,1,0,0,1,0,1,6.86544E+20,5.36888E+21,1.15226E+16,4.84454E+16
86375,9,5,62,0,2018,6,8,3,3,2,6,0,0,1,0,0,0,0,0,6.44022E+20,5.48951E+21,1.09908E+16,4.9541E+16
86376,9,1,62,0,2018,6,10,5,3,3,6,0,0,1,0,1,0,0,1,6.81936E+20,5.33541E+21,1.1446E+16,4.81459E+16
86377,9,1,87,176,2018,6,13,5,3,2,2,0,0,1,0,0,0,0,1,7.37778E+20,5.33193E+21,1.21937E+16,4.80963E+16
86378,9,5,62,0,2018,6,6,3,3,0,7,0,0,0,0,1,0,0,0,6.45185E+20,5.4935E+21,1.10083E+16,4.95767E+16
86379,9,5,72,141,2018,6,19,3,3,4,2,0,0,1,0,1,0,0,0,6.49114E+20,5.49816E+21,1.10644E+16,4.96176E+16
86380,9,5,72,132,2018,6,20,5,3,0,1,0,0,0,0,1,0,0,1,6.37331E+20,5.49319E+21,1.08996E+16,4.95757E+16
86381,9,5,72,131,2018,6,17,3,3,5,2,0,0,1,0,1,0,0,0,6.56898E+20,5.49136E+21,1.11694E+16,4.95545E+16
86382,9,4,75,162,2018,6,23,5,3,4,6,2,0,1,0,0,1,0,1,7.14884E+20,5.57009E+21,1.20139E+16,5.02438E+16
86383,9,4,64,0,2018,6,15,6,3,0,1,0,1,0,0,0,0,0,0,7.0928E+20,5.57653E+21,1.1939E+16,5.03037E+16
86384,9,1,77,117,2018,6,12,5,2,2,2,0,0,1,0,0,0,0,1,7.16728E+20,5.35069E+21,1.19209E+16,4.82723E+16
86385,9,5,76,151,2018,6,8,3,3,5,3,0,0,1,0,1,0,0,0,6.55476E+20,5.46928E+21,1.1141E+16,4.93564E+16
86386,9,1,71,133,2018,6,15,6,2,4,6,0,1,1,0,0,0,0,0,7.66651E+20,5.34449E+21,1.25886E+16,4.81976E+16
86387,9,1,62,0,2018,6,18,4,3,5,2,0,1,1,0,0,0,0,0,6.82606E+20,5.34213E+21,1.14578E+16,4.82061E+16
86388,9,5,74,138,2018,6,14,3,3,2,6,0,0,1,0,0,0,0,0,6.64384E+20,5.4863E+21,1.12707E+16,4.9507E+16
86389,9,5,74,112,2018,6,17,3,3,5,2,0,1,1,0,0,0,0,0,6.70741E+20,5.47257E+21,1.13525E+16,4.93818E+16
86390,9,2,73,119,2018,6,2,5,3,2,6,2,0,1,0,0,1,0,0,7.09872E+20,5.4097E+21,1.18584E+16,4.88048E+16
86391,9,1,83,112,2018,6,7,6,3,2,6,0,0,1,0,0,0,0,1,7.53378E+20,5.34828E+21,1.24126E+16,4.82371E+16
86392,9,5,73,120,2018,6,14,3,3,1,6,0,0,1,0,0,0,0,0,6.31884E+20,5.48275E+21,1.08208E+16,4.94831E+16
86393,9,7,75,135,2018,6,10,5,3,0,1,0,1,0,0,0,0,0,0,5.74648E+20,5.35822E+21,1.0008E+16,4.83727E+16
86394,9,5,64,0,2018,6,11,3,3,2,6,0,0,1,0,0,0,0,0,6.52189E+20,5.48181E+21,1.11006E+16,4.94699E+16
86395,9,5,64,0,2018,6,15,3,3,2,6,0,0,1,0,0,0,0,0,6.51045E+20,5.47526E+21,1.10823E+16,4.94112E+16
86396,9,5,64,0,2018,6,13,3,3,3,6,0,0,1,0,0,1,0,0,6.49321E+20,5.47865E+21,1.10599E+16,4.94422E+16
86397,9,4,77,128,2018,6,13,5,3,0,3,0,1,1,0,0,0,0,0,6.74888E+20,5.55226E+21,1.14453E+16,5.00968E+16
86398,9,4,72,150,2018,6,17,6,3,2,6,0,0,1,0,0,0,0,0,6.81673E+20,5.53794E+21,1.15333E+16,4.99661E+16
86399,9,5,64,0,2018,6,18,3,2,3,2,0,1,0,0,0,0,0,0,6.54053E+20,5.47797E+21,1.11248E+16,4.94349E+16
86400,9,1,61,0,2018,6,18,6,3,5,3,0,1,1,0,0,0,0,0,6.79185E+20,5.40455E+21,1.14386E+16,4.87682E+16
86401,9,5,73,130,2018,6,10,3,3,2,6,0,0,1,0,0,0,0,0,6.36277E+20,5.48558E+21,1.08824E+16,4.95075E+16
86402,9,7,71,130,2018,6,16,5,3,8,1,0,0,1,0,0,0,0,1,6.48565E+20,5.36273E+21,1.10072E+16,4.84002E+16
86403,9,5,71,136,2018,6,16,3,3,0,1,0,0,0,0,1,0,0,0,5.96882E+20,5.43599E+21,1.03264E+16,4.90692E+16
86404,9,7,78,116,2018,6,14,5,3,2,6,0,0,1,0,0,0,0,0,6.1836E+20,5.32226E+21,1.0588E+16,4.80426E+16
86405,9,5,71,208,2018,6,6,3,3,4,2,0,0,1,0,0,0,0,0,6.19095E+20,5.43685E+21,1.06307E+16,4.9073E+16
86406,9,4,73,165,2018,6,6,3,3,5,3,0,0,0,0,1,1,0,0,6.31459E+20,5.56124E+21,1.08416E+16,5.01888E+16
86407,9,4,72,133,2018,6,11,3,3,0,7,0,0,0,0,0,0,1,0,6.90432E+20,5.53127E+21,1.1652E+16,4.99034E+16
86408,9,4,71,159,2018,6,0,5,3,9,1,2,0,1,0,0,0,0,0,6.40581E+20,5.5321E+21,1.09586E+16,4.99247E+16
86409,9,3,74,166,2018,6,23,6,2,9,7,2,0,1,0,0,0,0,0,7.19285E+20,5.50181E+21,1.20367E+16,4.9629E+16
86410,9,4,74,126,2018,6,18,3,3,1,5,0,0,1,0,1,0,0,0,6.47526E+20,5.51045E+21,1.10471E+16,4.97285E+16
86411,9,1,76,120,2018,6,17,6,2,5,3,0,0,1,0,1,0,0,0,6.80227E+20,5.42259E+21,1.14607E+16,4.893E+16
86412,9,4,74,138,2018,6,11,3,2,4,6,0,1,1,0,0,0,0,0,6.67441E+20,5.5005E+21,1.13189E+16,4.96339E+16
86413,9,3,63,0,2018,6,15,3,3,2,6,0,0,1,0,0,0,0,0,7.29272E+20,5.50768E+21,1.21782E+16,4.9678E+16
86414,9,7,61,0,2018,6,21,5,3,2,6,1,0,1,0,0,0,0,1,6.40865E+20,5.36046E+21,1.09025E+16,4.83816E+16
86415,9,3,74,132,2018,6,10,3,2,5,3,0,0,1,0,0,0,0,0,7.36576E+20,5.49679E+21,1.22727E+16,4.95774E+16
86416,9,3,76,133,2018,6,15,3,3,9,1,0,0,1,0,0,0,0,0,7.37006E+20,5.48282E+21,1.22703E+16,4.94518E+16
86417,9,2,78,118,2018,6,2,5,3,8,7,2,0,1,0,0,0,0,1,7.71931E+20,5.42442E+21,1.27117E+16,4.89129E+16
86418,9,2,77,138,2018,6,5,6,3,8,1,0,0,1,0,0,0,0,1,7.91094E+20,5.37183E+21,1.29357E+16,4.84322E+16
86419,9,1,90,148,2018,6,11,5,2,9,1,0,0,0,0,1,0,0,1,6.40964E+20,5.29469E+21,1.08821E+16,4.77901E+16
86420,9,2,71,125,2018,6,12,3,3,3,6,0,0,1,0,0,0,0,0,7.99847E+20,5.40801E+21,1.30798E+16,4.87528E+16
86421,9,2,78,190,2018,6,11,3,2,4,6,0,0,0,0,1,0,1,0,7.65149E+20,5.42709E+21,1.26211E+16,4.89399E+16
86422,9,3,62,0,2018,6,16,5,3,1,6,0,0,1,0,0,0,0,1,7.28732E+20,5.43229E+21,1.21275E+16,4.90011E+16
86423,9,3,76,170,2018,6,15,6,3,1,6,0,0,1,0,0,0,0,0,7.27185E+20,5.461E+21,1.21225E+16,4.92595E+16
86424,9,2,75,151,2018,6,16,3,3,0,6,0,0,0,0,1,0,0,0,8.21136E+20,5.39587E+21,1.33592E+16,4.86333E+16
86425,9,1,62,0,2018,6,9,6,3,8,1,0,0,1,0,0,0,0,1,6.98885E+20,5.33513E+21,1.16734E+16,4.81383E+16
86426,9,2,75,122,2018,6,18,3,2,2,2,0,0,1,0,1,0,0,0,8.15802E+20,5.38726E+21,1.32804E+16,4.85588E+16
86427,9,2,62,0,2018,6,16,3,3,3,6,0,1,0,0,1,0,0,0,8.32189E+20,5.39175E+21,1.35054E+16,4.85906E+16
86428,9,6,78,138,2018,6,16,5,2,4,6,0,0,1,0,0,0,0,0,5.92545E+20,5.53835E+21,1.02911E+16,4.99903E+16
86429,9,2,75,122,2018,6,13,3,3,0,2,0,0,0,0,1,0,0,0,8.18357E+20,5.38344E+21,1.33121E+16,4.85232E+16
86430,9,5,64,0,2018,6,14,5,3,0,6,0,0,1,0,0,0,1,0,6.47504E+20,5.47622E+21,1.10339E+16,4.94208E+16
86431,9,2,77,111,2018,6,16,3,3,4,6,0,0,0,0,0,1,0,0,7.79339E+20,5.38322E+21,1.27847E+16,4.85398E+16
86432,9,2,74,141,2018,6,15,5,2,2,6,0,0,1,0,1,0,0,1,7.26425E+20,5.39553E+21,1.20757E+16,4.86717E+16
86433,9,2,73,164,2018,6,7,6,2,8,6,0,0,0,0,0,0,1,1,6.95063E+20,5.42895E+21,1.16661E+16,4.89826E+16
86434,9,2,61,0,2018,6,7,3,3,3,2,0,1,1,0,0,0,0,0,7.32909E+20,5.38126E+21,1.21556E+16,4.85412E+16
86435,9,7,78,216,2018,6,19,5,3,9,7,0,0,1,0,0,0,0,1,6.2499E+20,5.3208E+21,1.06765E+16,4.80283E+16
86436,9,1,63,0,2018,6,14,5,3,0,1,0,0,0,0,1,0,0,1,7.34129E+20,5.30466E+21,1.21299E+16,4.78526E+16
86437,9,1,73,137,2018,6,13,3,3,5,2,0,0,1,0,0,0,1,0,6.79039E+20,5.30824E+21,1.13957E+16,4.79025E+16
86438,9,1,84,135,2018,6,10,4,3,2,6,0,0,1,0,0,1,0,0,6.89888E+20,5.34732E+21,1.15581E+16,4.82506E+16
86439,9,5,76,117,2018,6,8,5,2,5,2,0,0,1,0,1,0,0,0,6.50318E+20,5.45925E+21,1.10663E+16,4.92676E+16
86440,9,4,76,146,2018,6,17,5,3,2,6,0,0,1,0,0,0,0,0,6.63402E+20,5.56424E+21,1.129E+16,5.02078E+16
86441,9,7,72,223,2018,6,22,7,2,0,1,2,0,1,0,0,0,0,0,6.22146E+20,5.36343E+21,1.06507E+16,4.84122E+16
86442,9,6,61,0,2018,7,16,2,3,2,6,0,0,1,0,0,0,0,0,5.10811E+20,5.53609E+21,9.15078E+15,4.99771E+16
86443,9,5,75,116,2018,7,14,1,3,2,6,0,0,1,0,1,0,0,0,6.15751E+20,5.50994E+21,1.06062E+16,4.97308E+16
86444,9,7,72,216,2018,6,18,7,2,5,3,0,1,1,0,0,0,0,0,6.2267E+20,5.36842E+21,1.06592E+16,4.84569E+16
86445,9,2,63,0,2018,7,12,2,3,5,2,0,0,1,0,0,0,1,0,7.58359E+20,5.41874E+21,1.25233E+16,4.88677E+16
86446,9,7,71,130,2018,6,10,7,3,8,1,0,0,1,0,0,0,0,0,6.45317E+20,5.36502E+21,1.09642E+16,4.84216E+16
86447,9,7,61,0,2018,6,21,7,3,9,1,2,0,1,0,0,0,0,0,6.40556E+20,5.36023E+21,1.08982E+16,4.83795E+16
86448,9,1,84,129,2018,7,14,2,1,8,7,0,0,1,0,0,0,0,0,7.01603E+20,5.32598E+21,1.17056E+16,4.80553E+16
86449,9,1,61,0,2018,7,17,2,3,4,6,0,1,0,0,0,0,0,0,6.72704E+20,5.40321E+21,1.13499E+16,4.87579E+16
86450,9,7,63,0,2018,7,17,2,3,5,3,0,1,1,0,0,0,0,0,5.99348E+20,5.28754E+21,1.0325E+16,4.77336E+16
86451,9,6,75,111,2018,6,14,7,3,2,6,0,0,1,0,0,0,1,0,5.97585E+20,5.51447E+21,1.03553E+16,4.97747E+16
86452,9,7,79,155,2018,7,21,1,3,8,1,1,0,0,0,1,0,0,0,6.21837E+20,5.40466E+21,1.06586E+16,4.8783E+16
86453,9,6,63,0,2018,6,14,7,3,2,6,0,0,1,0,0,0,0,0,5.64228E+20,5.51127E+21,9.8916E+15,4.97505E+16
86454,9,5,74,154,2018,7,7,2,3,5,2,0,1,1,0,0,0,0,0,6.62465E+20,5.48482E+21,1.12436E+16,4.94942E+16
86455,9,4,74,147,2018,7,12,1,2,8,1,0,0,1,0,0,0,1,0,6.58274E+20,5.50513E+21,1.11939E+16,4.96779E+16
86456,9,2,74,126,2018,7,12,2,3,5,3,0,1,1,0,0,0,0,0,7.33398E+20,5.38264E+21,1.2163E+16,4.85534E+16
86457,9,6,79,202,2018,6,14,7,3,2,6,0,0,1,0,0,0,0,0,5.63242E+20,5.51949E+21,9.87925E+15,4.98245E+16
86458,9,6,79,130,2018,6,12,7,2,0,6,0,0,1,0,0,0,1,0,5.71541E+20,5.52084E+21,9.99487E+15,4.98357E+16
86459,9,1,81,114,2018,7,13,2,3,0,6,0,0,1,0,0,0,0,0,6.57046E+20,5.31273E+21,1.11033E+16,4.79486E+16
86460,9,7,72,159,2018,7,9,2,2,5,2,0,1,1,0,0,0,0,0,6.25945E+20,5.3608E+21,1.07012E+16,4.83878E+16
86461,9,6,72,114,2018,6,0,7,3,0,2,2,0,1,0,1,0,0,0,5.76874E+20,5.56013E+21,1.00769E+16,5.01884E+16
86462,9,6,71,111,2018,6,1,7,3,0,6,2,1,0,0,0,0,0,0,5.0203E+20,5.54812E+21,9.02838E+15,5.00854E+16
86463,9,1,74,146,2018,7,19,2,2,2,6,1,0,1,0,0,1,0,0,6.66773E+20,5.35097E+21,1.12484E+16,4.82899E+16
86464,9,7,77,129,2018,7,17,2,3,0,6,0,1,0,0,0,0,0,0,6.28123E+20,5.26976E+21,1.07034E+16,4.75686E+16
86465,9,3,71,122,2018,7,15,1,2,9,1,0,0,1,0,0,0,0,0,7.09472E+20,5.48354E+21,1.18913E+16,4.94683E+16
86466,9,6,71,162,2018,6,11,7,3,5,3,0,0,1,0,1,0,0,0,5.25993E+20,5.55127E+21,9.36354E+15,5.01131E+16
86467,9,2,76,134,2018,7,11,1,2,4,1,0,0,1,0,0,0,0,0,7.92457E+20,5.43628E+21,1.29997E+16,4.901E+16
86468,9,6,79,131,2018,7,11,1,3,5,3,0,0,0,0,1,0,0,0,5.79057E+20,5.5026E+21,1.00957E+16,4.96707E+16
86469,9,6,71,134,2018,6,21,7,3,0,7,1,1,0,0,0,0,0,0,5.00186E+20,5.54681E+21,9.0026E+15,5.00736E+16
86470,9,5,71,216,2018,7,10,2,3,4,6,0,0,1,0,0,0,1,0,6.20138E+20,5.45184E+21,1.06494E+16,4.92076E+16
86471,9,3,74,111,2018,7,12,1,3,4,2,0,0,1,0,0,0,0,0,7.27493E+20,5.51167E+21,1.21559E+16,4.97145E+16
86472,9,2,79,124,2018,7,18,2,3,2,6,0,1,1,0,0,0,0,0,7.54881E+20,5.38926E+21,1.24577E+16,4.86044E+16
86473,9,6,71,138,2018,6,22,7,2,0,1,2,1,0,0,0,0,0,0,5.16055E+20,5.54645E+21,9.22435E+15,5.00701E+16
86474,9,5,62,0,2018,6,18,7,3,4,6,0,1,0,0,0,0,0,0,6.42766E+20,5.495E+21,1.09754E+16,4.95907E+16
86475,9,1,76,143,2018,7,17,2,3,2,6,0,0,1,0,0,1,0,0,6.8075E+20,5.41001E+21,1.14623E+16,4.88167E+16
86476,9,5,72,121,2018,6,20,7,3,5,3,0,0,1,0,0,0,0,0,6.56301E+20,5.49426E+21,1.11623E+16,4.95807E+16
86477,9,6,63,0,2018,7,12,2,3,6,7,0,0,1,1,0,0,0,0,5.68093E+20,5.51671E+21,9.9462E+15,4.9799E+16
86478,9,5,76,151,2018,7,0,1,3,2,6,2,0,1,0,0,0,0,0,6.54042E+20,5.47267E+21,1.11226E+16,4.93872E+16
86479,9,5,76,143,2018,6,19,7,2,9,1,0,0,0,0,1,0,0,0,6.4463E+20,5.45203E+21,1.09856E+16,4.9204E+16
86480,9,3,77,143,2018,7,20,2,3,2,6,0,0,1,0,0,0,0,0,7.12271E+20,5.5378E+21,1.19594E+16,4.99548E+16
86481,9,7,72,171,2018,7,17,2,3,2,2,0,0,1,0,1,0,0,0,6.37333E+20,5.37239E+21,1.08587E+16,4.84896E+16
86482,9,6,78,157,2018,7,9,1,2,3,6,0,1,0,0,0,0,0,0,6.02898E+20,5.52869E+21,1.04329E+16,4.99017E+16
86483,9,5,74,138,2018,6,14,7,3,0,1,0,1,0,0,0,0,0,0,6.67094E+20,5.48754E+21,1.13086E+16,4.95175E+16
86484,9,4,72,175,2018,7,13,2,3,2,6,0,0,1,0,0,0,1,0,6.81351E+20,5.51124E+21,1.15163E+16,4.97263E+16
86485,9,1,62,0,2018,6,0,7,3,0,1,2,1,0,0,0,0,0,0,6.94825E+20,5.33206E+21,1.16175E+16,4.8112E+16
86486,9,1,88,145,2018,7,14,3,2,8,1,0,0,0,0,1,0,0,0,6.63716E+20,5.3287E+21,1.11986E+16,4.80905E+16
86487,9,1,72,122,2018,7,17,2,2,0,1,0,1,0,0,0,0,0,0,7.93675E+20,5.31676E+21,1.29324E+16,4.79368E+16
86488,9,5,63,0,2018,6,0,7,3,5,7,2,0,1,0,0,0,0,0,6.43886E+20,5.48124E+21,1.09859E+16,4.94667E+16
86489,9,5,64,0,2018,6,16,7,3,5,3,0,0,1,0,0,0,0,0,6.53538E+20,5.4783E+21,1.11179E+16,4.94379E+16
86490,9,1,73,120,2018,7,18,1,2,3,6,0,0,1,0,1,0,0,0,6.92666E+20,5.31397E+21,1.15804E+16,4.79501E+16
86491,9,5,73,134,2018,6,11,7,3,2,6,0,0,1,0,1,0,0,0,6.40813E+20,5.47744E+21,1.09421E+16,4.94333E+16
86492,9,6,62,0,2018,7,18,2,3,0,1,0,1,0,0,0,0,0,0,5.87424E+20,5.54326E+21,1.02208E+16,5.00352E+16
86493,9,5,76,137,2018,7,16,1,2,1,6,0,0,1,0,1,0,0,0,6.49335E+20,5.46454E+21,1.10548E+16,4.93153E+16
86494,9,5,73,130,2018,6,11,7,3,4,1,0,0,1,0,1,0,0,0,6.36064E+20,5.48539E+21,1.08794E+16,4.95059E+16
86495,9,3,61,0,2018,7,22,2,3,1,1,2,0,1,0,1,0,0,0,7.09135E+20,5.48139E+21,1.18855E+16,4.94492E+16
86496,9,5,77,159,2018,6,20,7,3,7,1,0,0,1,0,0,0,0,0,6.34809E+20,5.44215E+21,1.08475E+16,4.91174E+16
86497,9,7,73,136,2018,6,15,7,2,2,2,0,1,1,0,0,0,0,0,6.00698E+20,5.37707E+21,1.03642E+16,4.85386E+16
86498,9,1,62,0,2018,7,16,2,3,2,6,0,0,1,0,0,0,0,0,6.84653E+20,5.34248E+21,1.14855E+16,4.82087E+16
86499,9,1,82,114,2018,7,8,2,2,3,6,0,1,0,0,1,0,0,0,7.18301E+20,5.29474E+21,1.19136E+16,4.7769E+16
86500,9,5,75,152,2018,6,16,7,2,8,1,0,0,1,0,0,0,0,0,6.21134E+20,5.47826E+21,1.06711E+16,4.94449E+16
86501,9,7,80,143,2018,7,11,2,2,5,3,0,0,1,0,0,0,0,0,5.97961E+20,5.28172E+21,1.03052E+16,4.76815E+16
86502,9,5,71,165,2018,6,12,7,3,0,3,0,0,1,0,1,0,0,0,6.29325E+20,5.46609E+21,1.07801E+16,4.93338E+16
86503,9,7,64,0,2018,6,17,7,3,9,7,0,0,1,0,0,0,0,0,5.88365E+20,5.31204E+21,1.01836E+16,4.79556E+16
86504,9,1,77,137,2018,7,18,3,3,2,6,0,0,1,0,1,0,0,0,7.35246E+20,5.34458E+21,1.21667E+16,4.82108E+16
86505,9,1,82,137,2018,7,12,2,3,2,6,0,0,1,0,0,0,0,0,7.13317E+20,5.30457E+21,1.1852E+16,4.78591E+16
86506,9,5,71,136,2018,6,12,7,3,3,2,0,0,0,0,1,0,1,0,5.96806E+20,5.43653E+21,1.03255E+16,4.9074E+16
86507,9,7,75,135,2018,7,21,2,2,6,7,2,0,0,1,0,1,0,0,5.74229E+20,5.35729E+21,1.00022E+16,4.83644E+16
86508,9,4,64,0,2018,6,11,7,3,5,2,0,0,1,0,0,0,0,0,7.04602E+20,5.57719E+21,1.18737E+16,5.03112E+16
86509,9,7,78,144,2018,7,1,1,3,9,1,2,0,0,0,0,0,1,0,5.92145E+20,5.30639E+21,1.0233E+16,4.79042E+16
86510,9,4,77,142,2018,6,17,7,3,8,7,0,0,1,0,0,0,0,0,6.81612E+20,5.54566E+21,1.15361E+16,5.00355E+16
86511,9,2,78,143,2018,7,12,1,3,8,1,0,0,0,0,1,0,0,0,7.7075E+20,5.44201E+21,1.27073E+16,4.90714E+16
86512,9,5,72,444,2018,7,10,2,3,2,6,0,0,1,0,0,0,0,0,6.51189E+20,5.48679E+21,1.10887E+16,4.95149E+16
86513,9,5,61,0,2018,7,20,1,1,0,7,0,1,0,0,0,0,0,0,6.10128E+20,5.45922E+21,1.05141E+16,4.92759E+16
86514,9,4,72,175,2018,6,17,7,2,3,2,0,1,1,0,0,0,0,0,6.83586E+20,5.51722E+21,1.15501E+16,4.97794E+16
86515,9,2,62,0,2018,7,11,2,3,2,6,0,0,1,0,0,0,0,0,8.22319E+20,5.38926E+21,1.33701E+16,4.85734E+16
86516,9,4,72,184,2018,6,1,7,2,5,3,2,0,1,0,0,0,0,0,6.86233E+20,5.52103E+21,1.15887E+16,4.98128E+16
86517,9,4,72,118,2018,6,1,7,3,6,7,2,0,1,1,0,0,0,0,6.76666E+20,5.51043E+21,1.1451E+16,4.97205E+16
86518,9,1,62,0,2018,7,23,2,3,2,6,2,0,1,0,1,0,0,0,6.92204E+20,5.34291E+21,1.15872E+16,4.82103E+16
86519,9,1,61,0,2018,7,16,2,3,0,1,0,1,0,0,0,0,0,0,6.77256E+20,5.40445E+21,1.14123E+16,4.87678E+16
86520,9,7,77,124,2018,7,12,2,3,5,3,0,0,1,0,0,0,0,0,6.13189E+20,5.30781E+21,1.05149E+16,4.79136E+16
86521,9,3,71,136,2018,7,9,1,3,2,6,0,1,1,0,0,0,0,0,7.1125E+20,5.47566E+21,1.19116E+16,4.93969E+16
86522,9,4,74,126,2018,6,16,7,2,5,3,0,0,1,0,1,0,0,0,6.52763E+20,5.51021E+21,1.11196E+16,4.9725E+16
86523,9,2,77,121,2018,7,13,1,3,0,5,0,0,1,0,1,0,0,0,7.63506E+20,5.37082E+21,1.25628E+16,4.84353E+16
86524,9,6,63,0,2018,7,11,1,3,5,3,0,1,1,0,0,0,0,0,5.67812E+20,5.51661E+21,9.94228E+15,4.97981E+16
86525,9,4,74,176,2018,6,17,7,2,9,1,0,0,0,0,1,0,0,0,6.61583E+20,5.52266E+21,1.1247E+16,4.98346E+16
86526,9,5,64,0,2018,7,19,2,3,2,1,0,0,1,0,0,0,0,0,6.53845E+20,5.4781E+21,1.1122E+16,4.94361E+16
86527,9,4,71,142,2018,7,12,1,3,0,1,0,0,0,0,1,0,1,1,6.50639E+20,5.52719E+21,1.10967E+16,4.98781E+16
86528,9,3,71,126,2018,7,5,1,2,9,7,0,0,1,0,0,0,0,0,7.0367E+20,5.48869E+21,1.1814E+16,4.95166E+16
86529,9,7,80,145,2018,7,9,1,2,4,2,0,0,1,0,1,0,0,0,6.03079E+20,5.27119E+21,1.03709E+16,4.75859E+16
86530,9,4,74,140,2018,6,9,7,3,4,2,0,0,1,0,1,0,0,0,6.61464E+20,5.49889E+21,1.12355E+16,4.9621E+16
86531,9,5,76,143,2018,7,0,2,3,4,2,2,0,1,0,0,0,0,0,6.5369E+20,5.45691E+21,1.11117E+16,4.92456E+16
86532,9,4,72,175,2018,7,23,1,3,9,7,2,0,1,0,0,0,0,0,6.7682E+20,5.51081E+21,1.14533E+16,4.97238E+16
86533,9,4,71,120,2018,6,14,7,3,2,6,0,0,1,0,0,0,0,0,6.25547E+20,5.52088E+21,1.07456E+16,4.98272E+16
86534,9,2,72,116,2018,7,7,2,3,2,6,0,0,1,0,0,0,1,0,8.15163E+20,5.42763E+21,1.33027E+16,4.89212E+16
86535,9,4,71,119,2018,6,21,7,3,0,7,2,0,0,0,1,0,0,0,6.36135E+20,5.53876E+21,1.0899E+16,4.99856E+16
86536,9,3,75,117,2018,6,15,7,3,2,6,0,0,1,0,0,0,0,0,7.42979E+20,5.4323E+21,1.2322E+16,4.89957E+16
86537,9,1,79,126,2018,7,15,2,3,6,7,0,0,1,1,0,0,0,0,6.76109E+20,5.3405E+21,1.13698E+16,4.81933E+16
86538,9,7,79,197,2018,7,17,2,3,5,3,0,1,1,0,0,0,0,0,6.17362E+20,5.42387E+21,1.06032E+16,4.89566E+16
86539,9,3,71,122,2018,7,13,1,2,4,6,0,0,1,0,1,0,0,0,7.14024E+20,5.4805E+21,1.19524E+16,4.94394E+16
86540,9,3,75,180,2018,6,0,7,3,2,6,2,0,1,0,0,0,0,0,7.24221E+20,5.42921E+21,1.20642E+16,4.89751E+16
86541,9,6,74,147,2018,7,4,1,3,9,1,2,0,1,0,0,0,0,0,6.0586E+20,5.54292E+21,1.0478E+16,5.00292E+16
86542,9,3,75,130,2018,6,15,7,3,3,6,0,0,1,0,1,0,0,0,7.35227E+20,5.43573E+21,1.22182E+16,4.90295E+16
86543,9,4,78,176,2018,7,17,2,3,2,6,0,0,1,0,0,0,0,0,6.60175E+20,5.55055E+21,1.12391E+16,5.00856E+16
86544,9,1,84,148,2018,6,2,7,3,4,6,2,0,1,0,0,0,0,0,6.96634E+20,5.32647E+21,1.16392E+16,4.80612E+16
86545,9,1,83,112,2018,7,17,2,2,9,1,0,0,0,0,1,0,0,0,7.47869E+20,5.35313E+21,1.23414E+16,4.82828E+16
86546,9,3,72,150,2018,6,9,7,2,5,3,0,0,1,0,0,0,0,0,7.51435E+20,5.43896E+21,1.24415E+16,4.90522E+16
86547,9,3,75,208,2018,6,13,7,3,2,2,0,0,1,0,0,0,0,0,7.33043E+20,5.44051E+21,1.21911E+16,4.90733E+16
86548,9,2,74,113,2018,7,12,2,3,0,2,0,0,1,0,0,0,0,0,7.28396E+20,5.38393E+21,1.2096E+16,4.85668E+16
86549,9,3,73,112,2018,6,15,7,3,1,6,0,0,1,0,1,0,0,0,6.78418E+20,5.44255E+21,1.14448E+16,4.91099E+16
86550,9,3,73,140,2018,6,5,7,2,2,6,0,0,0,0,0,1,0,0,6.85991E+20,5.47659E+21,1.15643E+16,4.94136E+16
86551,9,1,74,115,2018,7,18,2,3,5,2,0,0,1,0,1,0,0,0,6.80966E+20,5.34862E+21,1.14386E+16,4.82649E+16
86552,9,3,71,151,2018,6,14,7,3,1,6,0,0,1,0,0,0,0,0,7.00898E+20,5.48573E+21,1.17742E+16,4.94909E+16
86553,9,7,71,130,2018,7,22,2,3,7,7,2,0,1,0,0,0,0,0,6.50826E+20,5.35385E+21,1.10346E+16,4.83199E+16
86554,9,5,76,127,2018,7,12,1,2,2,6,0,0,1,0,1,0,0,0,6.62973E+20,5.45255E+21,1.12374E+16,4.92041E+16