OBJECTID_1,ULAND,UREGBEZ,UKREIS,UGEMEINDE,UJAHR,UMONAT,USTUNDE,UWOCHENTAG,UKATEGORIE,UART,UTYP1,ULICHTVERH,IstRad,IstPKW,IstFuss,IstKrad,IstGkfz,IstSonstig,STRZUSTAND,LINREFX,LINREFY,XGCSWGS84,YGCSWGS84
86555,9,3,71,156,2018,6,20,7,3,6,4,0,0,1,1,0,0,0,0,7.02651E+20,5.4992E+21,1.18053E+16,4.96113E+16
86556,9,4,74,154,2018,7,7,2,3,0,6,0,0,0,0,1,0,1,0,6.5306E+20,5.49919E+21,1.11194E+16,4.96259E+16
86557,9,1,62,0,2018,6,14,7,3,5,3,0,1,1,0,0,0,0,0,6.94904E+20,5.33275E+21,1.16189E+16,4.81181E+16
86558,9,1,77,130,2018,7,13,3,3,4,6,0,0,1,0,0,0,0,0,7.05884E+20,5.35073E+21,1.1775E+16,4.82762E+16
86559,9,1,71,113,2018,7,16,2,3,8,7,0,0,1,0,0,0,0,0,7.79026E+20,5.33773E+21,1.27504E+16,4.81315E+16
86560,9,3,61,0,2018,6,15,7,2,0,1,0,0,0,0,1,0,0,0,7.08491E+20,5.48038E+21,1.18761E+16,4.94403E+16
86561,9,3,71,154,2018,6,21,7,2,8,1,0,0,1,0,0,0,0,0,7.06141E+20,5.47002E+21,1.18383E+16,4.9348E+16
86562,9,1,90,157,2018,7,9,1,2,0,7,0,1,0,0,0,0,0,0,6.60301E+20,5.30093E+21,1.11424E+16,4.78417E+16
86563,9,3,72,170,2018,7,19,1,2,8,1,0,0,1,0,0,0,0,0,7.48333E+20,5.45259E+21,1.24075E+16,4.91758E+16
86564,9,7,75,135,2018,7,8,1,2,4,6,0,0,1,0,0,0,0,0,5.79999E+20,5.36209E+21,1.0081E+16,4.84069E+16
86565,9,2,76,122,2018,6,15,7,2,4,2,0,0,1,0,0,0,0,0,7.89972E+20,5.43817E+21,1.29672E+16,4.90281E+16
86566,9,6,61,0,2018,7,7,2,3,2,6,0,0,1,0,0,0,0,0,5.09172E+20,5.53604E+21,9.12792E+15,4.99766E+16
86567,9,5,64,0,2018,7,17,1,3,5,2,0,1,1,0,0,0,0,0,6.53989E+20,5.48152E+21,1.11253E+16,4.94668E+16
86568,9,1,77,123,2018,7,15,2,3,5,3,0,0,1,0,1,0,0,0,7.27104E+20,5.34447E+21,1.20572E+16,4.82128E+16
86569,9,2,71,141,2018,6,9,7,3,5,3,0,0,1,0,0,0,1,0,7.95753E+20,5.40121E+21,1.30194E+16,4.86938E+16
86570,9,6,72,155,2018,7,20,2,2,8,6,0,0,1,0,1,0,0,0,5.74158E+20,5.55349E+21,1.00376E+16,5.01291E+16
86571,9,5,65,0,2018,7,19,1,3,4,3,0,0,1,0,0,0,0,0,6.48815E+20,5.46494E+21,1.10478E+16,4.9319E+16
86572,9,2,75,122,2018,6,16,7,3,5,2,0,0,1,0,1,0,0,0,8.18816E+20,5.38316E+21,1.3318E+16,4.85204E+16
86573,9,3,75,210,2018,7,8,2,3,2,6,0,0,1,0,0,0,0,0,7.44892E+20,5.4327E+21,1.23483E+16,4.89986E+16
86574,9,7,77,158,2018,6,10,7,3,5,3,0,0,1,0,0,0,0,0,6.21727E+20,5.31021E+21,1.06298E+16,4.79336E+16
86575,9,1,62,0,2018,7,9,2,3,3,2,0,1,1,0,0,0,0,0,6.88497E+20,5.34018E+21,1.15362E+16,4.81869E+16
86576,9,1,87,174,2018,7,17,2,3,2,2,0,0,1,0,0,0,0,0,7.4286E+20,5.31029E+21,1.22496E+16,4.78999E+16
86577,9,2,75,149,2018,6,16,7,2,0,7,0,1,0,0,0,0,0,0,8.17641E+20,5.3723E+21,1.32939E+16,4.84237E+16
86578,9,7,75,152,2018,7,9,2,3,3,7,0,0,1,0,0,0,0,0,5.7667E+20,5.35426E+21,1.00346E+16,4.83368E+16
86579,9,2,77,153,2018,6,9,7,3,5,3,0,0,1,0,0,0,0,0,7.80573E+20,5.36315E+21,1.27879E+16,4.83591E+16
86580,9,1,73,111,2018,7,12,1,2,1,6,0,0,1,0,1,0,0,0,6.83324E+20,5.28976E+21,1.14452E+16,4.77352E+16
86581,9,7,80,140,2018,7,12,1,3,2,6,0,1,0,0,0,0,0,0,5.99638E+20,5.28259E+21,1.03278E+16,4.7689E+16
86582,9,2,74,176,2018,6,11,7,2,0,7,0,0,0,0,0,0,1,0,7.28715E+20,5.39989E+21,1.21092E+16,4.87101E+16
86583,9,2,79,137,2018,7,14,1,2,8,1,0,0,0,0,1,0,0,0,7.75132E+20,5.40614E+21,1.2743E+16,4.87474E+16
86584,9,5,74,123,2018,7,13,2,2,8,1,0,0,1,0,0,0,0,0,6.58831E+20,5.47351E+21,1.11889E+16,4.93935E+16
86585,9,4,78,165,2018,7,20,1,2,5,3,0,0,1,0,1,0,0,0,6.43167E+20,5.55193E+21,1.1002E+16,5.01023E+16
86586,9,2,74,113,2018,6,23,7,3,8,1,2,0,1,0,0,0,0,0,7.28802E+20,5.38378E+21,1.21015E+16,4.85653E+16
86587,9,2,72,142,2018,7,15,2,2,8,1,0,0,0,0,1,0,0,0,8.20737E+20,5.41216E+21,1.33664E+16,4.87797E+16
86588,9,2,74,156,2018,6,10,7,3,5,3,0,0,1,0,0,0,0,0,7.44474E+20,5.38953E+21,1.23169E+16,4.8611E+16
86589,9,2,79,124,2018,6,12,7,3,5,3,0,0,1,0,0,0,0,0,7.52029E+20,5.38366E+21,1.24157E+16,4.85554E+16
86590,9,1,73,133,2018,7,22,1,2,7,7,2,0,0,0,1,0,0,0,6.7676E+20,5.27821E+21,1.1353E+16,4.76332E+16
86591,9,1,86,149,2018,7,4,2,3,2,6,2,0,1,0,0,0,0,0,6.87655E+20,5.38699E+21,1.15458E+16,4.86078E+16
86592,9,7,80,124,2018,7,7,2,3,0,1,0,0,0,0,1,0,0,0,5.92659E+20,5.269E+21,1.02319E+16,4.75678E+16
86593,9,1,73,147,2018,6,20,7,2,8,1,0,1,0,0,0,0,0,0,6.81056E+20,5.30913E+21,1.1423E+16,4.79099E+16
86594,9,2,63,0,2018,7,13,2,3,3,2,0,0,1,0,1,0,0,0,7.59865E+20,5.42203E+21,1.25458E+16,4.88966E+16
86595,9,1,73,147,2018,6,14,7,3,0,1,0,0,0,0,1,0,0,0,6.80725E+20,5.30971E+21,1.14188E+16,4.79152E+16
86596,9,1,73,147,2018,6,14,7,3,5,3,0,0,1,0,0,0,0,0,6.8143E+20,5.30802E+21,1.14276E+16,4.78998E+16
86597,9,1,62,0,2018,7,8,2,3,2,6,0,0,1,0,1,0,0,0,6.88686E+20,5.33608E+21,1.15369E+16,4.815E+16
86598,9,1,61,0,2018,7,16,2,2,5,3,0,1,0,0,1,0,0,0,6.77581E+20,5.40524E+21,1.14171E+16,4.87748E+16
86599,9,1,90,157,2018,6,17,7,3,2,6,0,0,1,0,0,0,0,0,6.60454E+20,5.30005E+21,1.11442E+16,4.78338E+16
86600,9,7,76,116,2018,7,7,2,2,5,3,0,1,1,0,0,0,0,0,5.52479E+20,5.27065E+21,9.69797E+15,4.75871E+16
86601,9,1,80,119,2018,6,19,7,2,5,2,0,0,1,0,0,0,0,0,6.71466E+20,5.28242E+21,1.12842E+16,4.76725E+16
86602,9,1,89,159,2018,7,23,1,2,8,7,2,0,1,0,0,0,0,0,7.58371E+20,5.30402E+21,1.2453E+16,4.78375E+16
86603,9,7,77,177,2018,7,1,1,2,2,7,2,0,0,0,1,0,0,0,6.33303E+20,5.31368E+21,1.07858E+16,4.79626E+16
86604,9,1,80,136,2018,6,10,7,3,0,1,0,1,0,0,0,0,0,0,6.722E+20,5.26767E+21,1.12882E+16,4.75396E+16
86605,9,5,74,154,2018,7,15,2,3,0,7,0,0,1,0,0,0,0,0,6.62636E+20,5.48497E+21,1.1246E+16,4.94955E+16
86606,9,4,74,135,2018,7,11,1,3,0,6,0,1,1,0,0,0,0,0,6.42257E+20,5.50775E+21,1.0973E+16,4.97054E+16
86607,9,2,73,178,2018,7,19,2,3,3,2,0,0,1,0,1,0,0,0,7.08588E+20,5.38809E+21,1.183E+16,4.86111E+16
86608,9,1,73,118,2018,6,19,7,3,2,1,0,0,1,0,0,0,0,0,6.88182E+20,5.30341E+21,1.15158E+16,4.78564E+16
86609,9,1,73,111,2018,6,13,7,2,5,6,0,0,1,0,1,0,0,0,6.82431E+20,5.29036E+21,1.14335E+16,4.77408E+16
86610,9,1,89,150,2018,7,18,1,3,0,1,0,1,0,0,0,0,0,0,7.78693E+20,5.31791E+21,1.2733E+16,4.79538E+16
86611,9,1,79,121,2018,7,17,2,3,0,1,0,1,0,0,0,0,0,0,6.65804E+20,5.33953E+21,1.12309E+16,4.81873E+16
86612,9,7,61,0,2018,7,9,2,3,0,3,0,1,1,0,0,0,0,0,6.41934E+20,5.35884E+21,1.09164E+16,4.83667E+16
86613,9,1,89,157,2018,6,0,7,2,8,7,2,0,1,0,0,0,0,1,7.6691E+20,5.32495E+21,1.25799E+16,4.8022E+16
86614,9,1,71,112,2018,7,13,1,3,0,1,0,0,0,0,1,0,0,0,7.83981E+20,5.34095E+21,1.28189E+16,4.81583E+16
86615,9,6,78,157,2018,7,11,1,3,0,1,0,0,0,0,1,0,0,0,6.03185E+20,5.52866E+21,1.04369E+16,4.99014E+16
86616,9,1,89,142,2018,6,14,7,3,8,1,0,0,0,0,1,0,0,0,7.51489E+20,5.32685E+21,1.23745E+16,4.80454E+16
86617,9,1,89,134,2018,6,17,7,3,8,1,0,0,0,0,1,0,0,0,7.74412E+20,5.32336E+21,1.26793E+16,4.80046E+16
86618,9,6,63,0,2018,7,18,1,3,3,2,0,0,1,0,1,0,0,0,5.67825E+20,5.5166E+21,9.94246E+15,4.9798E+16
86619,9,1,89,159,2018,6,16,7,3,4,2,0,0,1,0,0,0,1,0,7.60527E+20,5.30312E+21,1.24812E+16,4.78286E+16
86620,9,5,73,127,2018,7,7,2,3,2,6,0,0,1,0,0,0,0,0,6.45761E+20,5.47522E+21,1.10095E+16,4.94122E+16
86621,9,4,61,0,2018,7,10,1,2,0,1,0,0,0,0,1,0,0,0,6.33297E+20,5.52968E+21,1.08563E+16,4.99046E+16
86622,9,2,73,137,2018,7,13,2,3,0,7,0,1,0,0,0,0,0,0,7.07511E+20,5.41915E+21,1.1831E+16,4.88905E+16
86623,9,1,89,129,2018,6,15,7,3,8,1,0,0,0,0,1,0,0,0,7.58932E+20,5.29382E+21,1.24544E+16,4.77457E+16
86624,9,1,72,118,2018,6,18,7,3,5,3,0,1,1,0,0,0,0,0,7.97997E+20,5.3063E+21,1.29829E+16,4.78409E+16
86625,9,1,72,116,2018,7,14,1,2,0,7,0,0,1,0,0,0,0,0,8.02403E+20,5.28315E+21,1.30256E+16,4.76311E+16
86626,9,1,78,120,2018,7,4,2,3,1,6,1,0,1,0,0,0,0,0,6.96048E+20,5.35034E+21,1.16424E+16,4.82759E+16
86627,9,1,71,112,2018,6,13,7,3,9,1,0,0,0,0,1,0,0,0,7.83969E+20,5.34402E+21,1.28208E+16,4.81858E+16
86628,9,7,71,113,2018,7,8,2,3,5,3,0,0,1,0,0,1,0,0,6.57321E+20,5.37219E+21,1.1129E+16,4.84831E+16
86629,9,5,74,155,2018,7,13,1,2,3,6,0,0,1,0,0,0,0,0,6.68615E+20,5.49322E+21,1.1332E+16,4.9568E+16
86630,9,1,72,116,2018,6,13,7,3,4,6,0,0,1,0,0,0,0,0,8.00549E+20,5.28247E+21,1.30005E+16,4.76258E+16
86631,9,4,71,186,2018,7,14,2,2,9,7,0,0,1,0,0,0,0,0,6.23646E+20,5.52623E+21,1.07209E+16,4.98757E+16
86632,9,7,64,0,2018,6,9,7,3,8,1,0,0,0,0,1,0,0,0,5.91391E+20,5.32099E+21,1.0226E+16,4.80357E+16
86633,9,1,77,115,2018,7,7,3,3,4,6,0,0,1,0,1,0,0,0,7.31608E+20,5.35409E+21,1.2123E+16,4.82976E+16
86634,9,1,71,117,2018,7,18,2,3,2,6,0,0,1,0,0,0,0,0,7.67083E+20,5.3375E+21,1.259E+16,4.81346E+16
86635,9,1,82,136,2018,6,15,7,3,2,6,0,0,1,0,0,0,0,0,7.03778E+20,5.30088E+21,1.17229E+16,4.78289E+16
86636,9,1,84,127,2018,7,6,2,3,4,2,0,1,1,0,0,0,0,0,7.02476E+20,5.32201E+21,1.17154E+16,4.80193E+16
86637,9,4,73,134,2018,7,23,2,3,7,7,2,0,0,0,1,0,0,0,6.42954E+20,5.5654E+21,1.10041E+16,5.02234E+16
86638,9,1,84,135,2018,6,15,7,3,5,3,0,0,1,0,0,0,0,0,6.86622E+20,5.34751E+21,1.15142E+16,4.82533E+16
86639,9,1,79,118,2018,7,8,3,2,5,6,0,1,0,0,0,0,0,0,6.73278E+20,5.33878E+21,1.1331E+16,4.81786E+16
86640,9,1,89,133,2018,7,20,2,3,9,6,1,0,1,0,0,0,0,0,7.5661E+20,5.32209E+21,1.24403E+16,4.80005E+16
86641,9,1,82,116,2018,6,14,7,2,1,6,0,0,1,0,1,0,0,0,7.04024E+20,5.29522E+21,1.17235E+16,4.7778E+16
86642,9,1,87,179,2018,6,14,7,3,5,3,0,0,1,0,1,0,0,0,7.23318E+20,5.30889E+21,1.19878E+16,4.78944E+16
86643,9,1,72,129,2018,7,12,1,3,4,2,0,0,1,0,1,0,0,0,7.93106E+20,5.28009E+21,1.29001E+16,4.76078E+16
86644,9,1,84,148,2018,7,17,1,3,5,3,0,0,1,0,1,0,0,0,6.9563E+20,5.3263E+21,1.16257E+16,4.80599E+16
86645,9,1,86,147,2018,6,15,7,3,2,6,0,0,1,0,0,0,0,0,6.85183E+20,5.39166E+21,1.15144E+16,4.86505E+16
86646,9,6,62,0,2018,7,15,2,2,0,1,0,1,0,0,0,0,0,0,5.86338E+20,5.54254E+21,1.02055E+16,5.00289E+16
86647,9,5,76,122,2018,7,12,1,3,0,7,0,1,0,0,0,0,0,0,6.69726E+20,5.44269E+21,1.13259E+16,4.91136E+16
86648,9,1,86,147,2018,6,15,7,3,2,6,0,0,1,0,0,0,0,0,6.85703E+20,5.39031E+21,1.15208E+16,4.86382E+16
86649,9,3,76,144,2018,7,17,2,2,6,6,0,0,1,1,0,0,0,0,7.31274E+20,5.48259E+21,1.21912E+16,4.94519E+16
86650,9,1,76,143,2018,6,14,7,3,5,3,0,0,1,0,0,0,0,0,6.80573E+20,5.40966E+21,1.14597E+16,4.88137E+16
86651,9,7,80,127,2018,6,10,7,3,8,1,0,1,0,0,0,0,0,0,5.85223E+20,5.27264E+21,1.01338E+16,4.76016E+16
86652,9,1,62,0,2018,7,17,2,3,2,6,0,0,1,0,1,0,0,0,6.94352E+20,5.33181E+21,1.16111E+16,4.81099E+16
86653,9,1,87,118,2018,7,22,2,3,8,1,0,0,1,0,0,0,0,0,7.4951E+20,5.30156E+21,1.23334E+16,4.7819E+16
86654,9,1,76,123,2018,6,14,7,3,0,7,0,1,0,0,0,0,0,0,6.60502E+20,5.417E+21,1.11894E+16,4.88852E+16
86655,9,7,78,165,2018,7,17,2,3,3,2,0,0,1,0,1,0,0,0,5.84451E+20,5.30156E+21,1.01291E+16,4.78618E+16
86656,9,1,88,139,2018,6,12,7,3,2,6,0,0,1,0,0,0,1,0,6.74395E+20,5.31856E+21,1.13378E+16,4.79965E+16
86657,9,1,72,116,2018,7,9,1,2,0,1,0,1,0,0,0,0,0,0,8.03621E+20,5.28596E+21,1.30437E+16,4.76557E+16
86658,9,7,76,127,2018,7,12,1,2,0,1,0,0,0,0,1,0,0,0,5.7649E+20,5.26939E+21,1.0017E+16,4.75734E+16
86659,9,1,81,127,2018,6,11,7,3,9,1,0,0,1,0,0,0,0,0,6.36825E+20,5.32844E+21,1.08376E+16,4.80945E+16
86660,9,5,62,0,2018,7,10,2,3,0,7,0,1,0,0,0,0,0,0,6.44755E+20,5.49543E+21,1.10031E+16,4.95941E+16
86661,9,1,81,132,2018,6,10,7,2,0,1,0,1,0,0,0,0,0,0,6.42039E+20,5.32993E+21,1.09081E+16,4.81068E+16
86662,9,1,72,128,2018,7,21,1,3,8,1,1,1,0,0,0,0,0,0,7.92205E+20,5.29701E+21,1.28994E+16,4.77601E+16
86663,9,7,64,0,2018,7,18,1,3,2,6,0,0,1,0,0,0,0,0,5.86308E+20,5.31656E+21,1.01569E+16,4.79965E+16
86664,9,1,79,121,2018,6,22,7,2,4,6,2,1,0,0,0,0,0,0,6.66605E+20,5.33945E+21,1.12416E+16,4.81864E+16
86665,9,5,72,143,2018,7,10,2,3,3,6,0,0,1,0,1,0,0,0,6.28022E+20,5.511E+21,1.07768E+16,4.97378E+16
86666,9,5,71,165,2018,7,4,1,3,6,7,1,0,1,1,0,0,0,0,6.29221E+20,5.46947E+21,1.07798E+16,4.93643E+16
86667,9,1,74,143,2018,6,22,7,3,5,3,1,0,1,0,0,0,0,0,6.75959E+20,5.35204E+21,1.13726E+16,4.82971E+16
86668,9,2,76,116,2018,7,21,2,2,0,7,0,0,0,0,1,0,0,0,8.00916E+20,5.42516E+21,1.31069E+16,4.89061E+16
86669,9,1,74,126,2018,6,16,7,3,4,2,0,0,1,0,0,0,0,0,6.83683E+20,5.34395E+21,1.14731E+16,4.82221E+16
86670,9,1,74,151,2018,6,17,7,3,9,1,0,0,0,0,1,0,0,0,6.79157E+20,5.36029E+21,1.14192E+16,4.83704E+16
86671,9,1,71,111,2018,7,17,1,3,5,3,0,0,1,0,0,0,0,0,7.71689E+20,5.34802E+21,1.26585E+16,4.82271E+16
86672,9,1,62,0,2018,7,18,2,3,1,6,0,0,1,0,0,0,0,0,6.94644E+20,5.33206E+21,1.16151E+16,4.8112E+16
86673,9,1,76,131,2018,7,9,2,3,9,1,0,0,1,0,0,0,0,0,6.81284E+20,5.41217E+21,1.14705E+16,4.88361E+16
86674,9,7,77,130,2018,7,21,2,3,0,1,1,1,0,0,0,0,0,0,6.24582E+20,5.30895E+21,1.06676E+16,4.79217E+16
86675,9,1,74,126,2018,6,18,7,3,0,3,0,1,1,0,0,0,0,0,6.83683E+20,5.34395E+21,1.14731E+16,4.82221E+16
86676,9,1,87,132,2018,7,20,1,3,2,6,0,0,1,0,0,0,1,0,7.42648E+20,5.29895E+21,1.22404E+16,4.77982E+16
86677,9,3,76,147,2018,7,16,1,3,2,2,0,0,1,0,0,0,0,0,7.46147E+20,5.47166E+21,1.23893E+16,4.93479E+16
86678,9,7,79,186,2018,7,14,1,2,8,1,0,0,0,0,1,0,0,0,6.41504E+20,5.41139E+21,1.09285E+16,4.88393E+16
86679,9,1,74,115,2018,6,12,7,3,1,5,0,1,1,0,0,0,0,0,6.80967E+20,5.34758E+21,1.14381E+16,4.82555E+16
86680,9,5,64,0,2018,7,11,2,3,5,3,0,0,1,0,0,1,0,0,6.5177E+20,5.4774E+21,1.10931E+16,4.94303E+16
86681,9,4,71,117,2018,7,0,1,3,1,7,2,0,1,0,0,0,0,0,6.27666E+20,5.52932E+21,1.07778E+16,4.99026E+16
86682,9,2,61,0,2018,7,18,2,3,2,6,0,0,1,0,0,0,1,0,7.27755E+20,5.38048E+21,1.20855E+16,4.85361E+16
86683,9,1,74,131,2018,6,10,7,3,8,1,0,1,0,0,0,0,0,0,6.73817E+20,5.36341E+21,1.13484E+16,4.83999E+16
86684,9,1,74,143,2018,6,9,7,3,3,6,0,1,1,0,0,0,0,0,6.74798E+20,5.35266E+21,1.13572E+16,4.8303E+16
86685,9,1,87,125,2018,7,11,1,3,5,3,0,1,1,0,0,0,0,0,7.5173E+20,5.3149E+21,1.23708E+16,4.79379E+16
86686,9,4,76,145,2018,7,12,1,2,5,3,0,0,1,0,1,0,0,0,6.69999E+20,5.56554E+21,1.1383E+16,5.02175E+16
86687,9,1,75,135,2018,6,22,7,3,0,7,2,1,0,0,0,0,0,0,7.08978E+20,5.33947E+21,1.18111E+16,4.81741E+16
86688,9,2,72,147,2018,7,11,2,3,4,1,0,0,1,0,1,0,0,0,8.17831E+20,5.41914E+21,1.33324E+16,4.88437E+16
86689,9,1,75,135,2018,6,10,7,3,5,3,0,0,1,0,0,0,0,0,7.08988E+20,5.33947E+21,1.18112E+16,4.81741E+16
86690,9,1,78,145,2018,6,7,7,3,4,5,0,0,1,0,0,0,0,0,6.96825E+20,5.35419E+21,1.16546E+16,4.83103E+16
86691,9,1,82,112,2018,7,13,1,2,8,1,0,0,0,0,1,0,0,0,7.2629E+20,5.28518E+21,1.20151E+16,4.76804E+16
86692,9,1,74,135,2018,7,22,2,3,2,1,2,0,1,0,0,1,1,0,6.62619E+20,5.35384E+21,1.11935E+16,4.83168E+16
86693,9,7,79,138,2018,7,22,2,3,5,3,2,0,1,0,0,0,0,0,6.11044E+20,5.42462E+21,1.05171E+16,4.89645E+16
86694,9,1,62,0,2018,6,12,6,3,2,6,0,0,1,0,0,0,0,0,6.92997E+20,5.3389E+21,1.15961E+16,4.8174E+16
86695,9,1,61,0,2018,7,20,1,3,4,2,0,0,1,0,0,0,0,0,6.78966E+20,5.40486E+21,1.14358E+16,4.8771E+16
86696,9,6,77,148,2018,7,13,1,2,5,3,0,1,1,0,0,0,0,0,5.59156E+20,5.53212E+21,9.82438E+15,4.99385E+16
86697,9,1,84,135,2018,6,7,6,2,1,6,0,0,1,0,0,0,1,1,6.86958E+20,5.34749E+21,1.15187E+16,4.8253E+16
86698,9,4,79,166,2018,7,18,2,3,5,6,0,0,1,0,0,0,0,0,7.03519E+20,5.55312E+21,1.18456E+16,5.00954E+16
86699,9,3,75,165,2018,7,12,1,2,8,1,0,0,0,0,0,0,1,0,7.26387E+20,5.44069E+21,1.21002E+16,4.90774E+16
86700,9,1,90,148,2018,7,19,2,3,4,6,1,1,0,0,0,0,0,0,6.42963E+20,5.29684E+21,1.09095E+16,4.7809E+16
86701,9,1,62,0,2018,6,12,6,3,5,3,0,1,1,0,0,0,0,0,6.92055E+20,5.34058E+21,1.15842E+16,4.81894E+16
86702,9,1,62,0,2018,6,23,6,3,5,7,2,0,1,0,0,0,1,0,6.9016E+20,5.33907E+21,1.1558E+16,4.81764E+16
86703,9,1,76,112,2018,7,19,1,2,8,1,1,0,0,0,1,0,0,0,6.933E+20,5.4189E+21,1.16373E+16,4.88929E+16
86704,9,1,77,116,2018,7,9,2,2,0,7,0,0,0,0,0,0,1,0,7.12281E+20,5.36144E+21,1.18665E+16,4.83704E+16
86705,9,1,62,0,2018,6,7,6,3,2,6,0,1,1,0,0,0,1,1,6.85487E+20,5.33531E+21,1.14936E+16,4.8144E+16
86706,9,1,88,113,2018,7,14,1,3,2,6,0,0,1,0,0,0,1,0,6.76142E+20,5.31476E+21,1.13596E+16,4.79619E+16
86707,9,6,77,157,2018,7,16,2,3,2,6,0,0,1,0,0,0,1,0,5.4004E+20,5.51763E+21,9.5565E+15,4.98097E+16
86708,9,1,74,135,2018,7,4,2,3,5,3,1,0,1,0,0,0,0,0,6.63044E+20,5.35296E+21,1.11989E+16,4.83088E+16
86709,9,1,62,0,2018,6,12,6,3,2,6,0,0,1,0,0,1,0,0,6.92465E+20,5.33923E+21,1.15891E+16,4.81771E+16
86710,9,1,81,141,2018,7,16,1,3,8,1,0,0,0,0,1,0,0,0,6.43798E+20,5.31784E+21,1.09276E+16,4.79977E+16
86711,9,7,72,121,2018,7,13,2,3,5,3,0,0,1,0,0,0,0,0,6.32349E+20,5.37605E+21,1.07925E+16,4.85236E+16
86712,9,6,71,135,2018,7,19,1,3,5,3,0,0,1,0,1,0,0,0,5.23881E+20,5.54809E+21,9.33381E+15,5.00846E+16
86713,9,1,62,0,2018,6,23,6,2,0,1,2,1,0,0,0,0,0,0,6.82707E+20,5.3377E+21,1.14573E+16,4.81663E+16
86714,9,4,77,128,2018,7,19,2,2,5,3,0,1,1,0,0,0,0,0,6.75165E+20,5.55328E+21,1.14497E+16,5.01059E+16
86715,9,1,62,0,2018,6,10,7,3,2,6,0,0,1,0,0,0,0,0,6.93978E+20,5.33168E+21,1.1606E+16,4.81088E+16
86716,9,1,74,113,2018,7,19,3,3,0,1,0,1,1,0,0,0,0,0,6.7811E+20,5.34698E+21,1.13994E+16,4.8251E+16
86717,9,1,89,129,2018,7,17,2,3,5,3,0,1,0,0,0,0,0,0,7.59556E+20,5.29484E+21,1.24633E+16,4.77547E+16
86718,9,7,75,149,2018,6,8,6,3,7,7,0,0,0,0,1,0,0,0,5.92048E+20,5.34926E+21,1.02409E+16,4.82898E+16
86719,9,7,75,135,2018,6,12,6,3,2,6,0,0,1,0,0,0,1,0,5.73607E+20,5.35908E+21,9.99409E+15,4.83806E+16
86720,9,1,88,132,2018,7,16,1,3,5,3,0,0,1,0,1,0,0,0,6.64119E+20,5.32195E+21,1.12014E+16,4.80297E+16
86721,9,7,75,135,2018,7,16,1,3,0,7,0,1,0,0,0,0,0,0,5.77511E+20,5.35989E+21,1.0047E+16,4.83874E+16
86722,9,7,75,135,2018,6,18,6,3,5,3,0,1,1,0,0,0,0,0,5.7529E+20,5.35986E+21,1.00169E+16,4.83874E+16
86723,9,6,76,136,2018,7,6,2,3,6,5,0,0,0,1,0,1,0,0,5.1748E+20,5.5254E+21,9.2433E+15,4.98808E+16
86724,9,5,64,0,2018,7,20,1,2,0,7,0,1,0,0,0,0,0,0,6.55002E+20,5.48216E+21,1.11396E+16,4.94723E+16
86725,9,7,75,135,2018,6,14,6,3,5,3,0,0,1,0,0,0,0,0,5.79178E+20,5.35745E+21,1.0069E+16,4.83652E+16
86726,9,2,76,143,2018,7,12,2,3,2,2,0,0,1,0,0,0,0,0,7.96716E+20,5.43482E+21,1.30567E+16,4.89948E+16
86727,9,7,78,186,2018,6,18,6,3,5,3,0,1,1,0,0,0,0,0,5.96759E+20,5.31018E+21,1.02956E+16,4.79376E+16
86728,9,7,73,139,2018,6,14,7,3,1,6,0,0,1,0,0,0,0,0,6.17222E+20,5.38458E+21,1.05901E+16,4.86034E+16
86729,9,5,62,0,2018,7,14,1,3,3,2,0,1,1,0,0,0,0,0,6.43499E+20,5.49346E+21,1.0985E+16,4.95767E+16
86730,9,7,62,0,2018,6,10,6,3,0,1,0,1,0,0,0,0,0,0,6.2227E+20,5.30408E+21,1.06353E+16,4.78784E+16
86731,9,3,75,210,2018,7,19,2,2,2,6,1,0,1,0,0,0,1,0,7.49234E+20,5.43252E+21,1.24075E+16,4.89952E+16
86732,9,7,76,129,2018,6,12,7,3,2,6,0,0,0,0,1,0,1,0,5.67703E+20,5.27237E+21,9.90068E+15,4.76012E+16
86733,9,1,62,0,2018,7,8,2,3,2,6,0,0,1,0,1,1,0,0,6.88462E+20,5.33417E+21,1.15331E+16,4.81329E+16
86734,9,1,82,123,2018,7,13,2,3,2,6,0,0,1,0,0,0,0,0,7.16168E+20,5.30146E+21,1.18885E+16,4.78302E+16
86735,9,7,62,0,2018,6,19,6,3,6,4,0,0,1,1,0,0,0,0,6.20566E+20,5.30405E+21,1.06125E+16,4.78785E+16
86736,9,7,75,135,2018,7,16,2,3,2,6,0,0,1,0,0,0,1,0,5.73038E+20,5.36007E+21,9.98657E+15,4.83896E+16
86737,9,7,79,186,2018,6,7,6,3,8,1,0,0,1,0,0,0,0,1,6.41093E+20,5.41075E+21,1.09227E+16,4.88337E+16
86738,9,1,88,121,2018,7,18,1,3,1,6,0,0,1,0,1,0,0,0,6.70616E+20,5.3318E+21,1.12925E+16,4.81166E+16
86739,9,7,75,164,2018,7,11,1,3,5,3,0,1,1,0,0,0,0,0,5.85548E+20,5.35117E+21,1.01537E+16,4.83079E+16
86740,9,7,73,125,2018,6,12,6,3,2,6,0,0,1,0,0,1,0,0,6.09921E+20,5.38186E+21,1.04904E+16,4.85802E+16
86741,9,2,74,134,2018,7,17,1,2,8,1,0,0,1,0,0,0,0,0,7.38242E+20,5.37257E+21,1.22228E+16,4.84611E+16