OBJECTID_1,ULAND,UREGBEZ,UKREIS,UGEMEINDE,UJAHR,UMONAT,USTUNDE,UWOCHENTAG,UKATEGORIE,UART,UTYP1,ULICHTVERH,IstRad,IstPKW,IstFuss,IstKrad,IstGkfz,IstSonstig,STRZUSTAND,LINREFX,LINREFY,XGCSWGS84,YGCSWGS84
86742,9,5,74,156,2018,7,9,2,3,2,6,0,0,1,0,0,0,0,0,6.58011E+20,5.4824E+21,1.11811E+16,4.94737E+16
86743,9,4,78,120,2018,7,18,1,3,3,6,0,0,1,0,0,0,0,0,6.41041E+20,5.54741E+21,1.09706E+16,5.00623E+16
86744,9,7,73,147,2018,6,10,6,3,8,1,0,0,0,0,1,0,0,1,6.06412E+20,5.39092E+21,1.04451E+16,4.86622E+16
86745,9,2,77,145,2018,7,17,2,3,0,1,0,1,0,0,0,0,0,0,7.9911E+20,5.35358E+21,1.30308E+16,4.82647E+16
86746,9,7,72,147,2018,6,9,6,3,5,3,0,0,1,0,0,0,0,1,6.38496E+20,5.36529E+21,1.08721E+16,4.84255E+16
86747,9,7,72,215,2018,6,23,6,3,0,1,2,1,0,0,0,0,0,0,6.3275E+20,5.34709E+21,1.07887E+16,4.82631E+16
86748,9,1,84,112,2018,7,13,1,3,2,6,0,0,1,0,0,0,0,0,7.01864E+20,5.3406E+21,1.1716E+16,4.81865E+16
86749,9,1,84,136,2018,7,19,2,3,1,3,0,0,1,0,1,0,0,0,6.99097E+20,5.32735E+21,1.16727E+16,4.80683E+16
86750,9,1,76,139,2018,7,20,2,3,9,1,1,0,1,0,0,0,0,0,6.83517E+20,5.40786E+21,1.1499E+16,4.87966E+16
86751,9,7,80,124,2018,7,17,2,3,5,3,0,1,1,0,0,0,0,0,5.92887E+20,5.26928E+21,1.0235E+16,4.75703E+16
86752,9,7,72,209,2018,6,6,6,3,5,3,0,0,1,0,1,0,0,1,6.34814E+20,5.33576E+21,1.08129E+16,4.81608E+16
86753,9,1,78,124,2018,7,7,1,3,4,6,0,0,1,0,0,0,0,0,7.03209E+20,5.36064E+21,1.17437E+16,4.83662E+16
86754,9,6,63,0,2018,7,16,1,3,2,6,0,0,1,0,0,0,0,0,5.67906E+20,5.51667E+21,9.94359E+15,4.97986E+16
86755,9,1,62,0,2018,7,22,2,3,2,7,2,0,1,0,1,0,0,0,6.92077E+20,5.34045E+21,1.15844E+16,4.81882E+16
86756,9,1,82,120,2018,7,10,2,3,0,1,0,1,0,0,0,0,0,0,7.02004E+20,5.30643E+21,1.17018E+16,4.78794E+16
86757,9,7,61,0,2018,6,22,6,3,4,1,2,1,0,0,0,0,0,0,6.37441E+20,5.35198E+21,1.08535E+16,4.83061E+16
86758,9,7,76,129,2018,7,12,2,2,2,6,0,0,0,0,1,0,0,0,5.66168E+20,5.26673E+21,9.87942E+15,4.75506E+16
86759,9,7,61,0,2018,6,17,6,3,5,2,0,1,1,0,0,0,0,0,6.4157E+20,5.35333E+21,1.09096E+16,4.83173E+16
86760,9,7,77,163,2018,7,12,1,1,5,3,0,0,0,0,1,0,1,0,6.29883E+20,5.27801E+21,1.07293E+16,4.76424E+16
86761,9,6,79,176,2018,6,11,6,3,2,6,0,0,1,0,0,0,0,0,5.6786E+20,5.50494E+21,9.94091E+15,4.96932E+16
86762,9,5,74,152,2018,7,9,2,3,1,5,0,0,1,0,1,0,0,0,6.62547E+20,5.48376E+21,1.12443E+16,4.94847E+16
86763,9,4,72,176,2018,7,17,1,3,0,1,0,0,0,0,1,0,0,0,6.6748E+20,5.52792E+21,1.13312E+16,4.98802E+16
86764,9,2,77,133,2018,7,18,2,3,0,7,0,0,1,0,1,0,0,0,7.67067E+20,5.36617E+21,1.26079E+16,4.83921E+16
86765,9,6,79,201,2018,6,15,6,2,9,1,0,0,1,0,0,0,0,0,5.74783E+20,5.52391E+21,1.00405E+16,4.98629E+16
86766,9,6,77,166,2018,6,16,6,2,0,7,0,1,0,0,0,0,0,0,5.40934E+20,5.53054E+21,9.57029E+15,4.99258E+16
86767,9,1,79,138,2018,7,16,2,3,9,1,0,0,1,0,0,0,0,0,6.5472E+20,5.33906E+21,1.10817E+16,4.81859E+16
86768,9,7,79,197,2018,7,18,2,3,2,6,0,0,0,0,1,0,1,0,6.18882E+20,5.42656E+21,1.06247E+16,4.89805E+16
86769,9,6,75,174,2018,6,16,6,3,4,1,0,1,0,0,1,0,0,0,5.88099E+20,5.52532E+21,1.02261E+16,4.98738E+16
86770,9,6,74,129,2018,7,19,1,3,2,1,0,0,1,0,1,0,0,0,6.17894E+20,5.539E+21,1.06448E+16,4.99916E+16
86771,9,6,75,141,2018,6,12,6,3,2,6,0,1,0,0,0,0,0,0,5.84327E+20,5.50983E+21,1.01702E+16,4.9735E+16
86772,9,4,76,145,2018,7,14,2,3,5,3,0,0,1,0,1,0,0,0,6.67892E+20,5.56714E+21,1.13542E+16,5.02326E+16
86773,9,1,62,0,2018,6,19,7,3,1,7,0,0,1,0,1,0,0,0,6.88628E+20,5.33172E+21,1.15342E+16,4.81108E+16
86774,9,1,88,139,2018,7,16,3,3,5,3,0,1,0,0,1,0,0,0,6.76209E+20,5.319E+21,1.13623E+16,4.8E+16
86775,9,6,72,124,2018,6,17,6,2,4,1,0,0,1,0,1,0,0,0,5.68034E+20,5.54911E+21,9.9511E+15,5.00904E+16
86776,9,5,73,127,2018,7,14,2,2,9,1,0,1,0,0,0,0,0,0,6.42282E+20,5.47231E+21,1.09606E+16,4.93869E+16
86777,9,4,71,142,2018,7,11,1,3,0,3,0,0,1,0,1,0,0,0,6.50145E+20,5.5261E+21,1.10894E+16,4.98685E+16
86778,9,2,74,126,2018,7,14,2,3,2,6,0,0,1,0,0,0,1,0,7.34776E+20,5.38442E+21,1.21827E+16,4.85688E+16
86779,9,6,74,121,2018,6,13,6,3,5,3,0,0,1,0,0,0,0,0,6.17544E+20,5.5554E+21,1.06449E+16,5.01392E+16
86780,9,6,73,117,2018,6,8,6,3,4,1,0,0,0,0,0,1,0,0,5.68805E+20,5.58114E+21,9.96769E+15,5.03783E+16
86781,9,1,62,0,2018,7,11,2,3,2,6,0,0,1,0,0,0,0,0,7.01415E+20,5.33565E+21,1.17077E+16,4.81422E+16
86782,9,6,73,114,2018,6,17,6,3,9,1,0,0,1,0,0,0,0,0,5.86637E+20,5.57709E+21,1.02175E+16,5.03395E+16
86783,9,7,61,0,2018,7,19,2,3,4,1,0,1,1,0,0,0,0,0,6.40741E+20,5.35236E+21,1.08981E+16,4.83088E+16
86784,9,5,76,113,2018,7,14,1,3,1,6,0,0,1,0,0,0,0,0,6.61642E+20,5.45598E+21,1.12205E+16,4.92353E+16
86785,9,6,78,170,2018,6,18,6,3,5,3,0,1,1,0,0,0,0,0,5.86416E+20,5.53564E+21,1.0205E+16,4.99668E+16
86786,9,4,74,121,2018,7,13,2,2,5,3,0,0,1,0,0,0,0,0,6.63792E+20,5.51637E+21,1.12751E+16,4.97775E+16
86787,9,7,64,0,2018,6,3,7,3,5,3,2,1,1,0,0,0,0,0,5.88397E+20,5.31659E+21,1.01849E+16,4.79965E+16
86788,9,1,77,119,2018,7,17,3,3,4,6,0,0,1,0,0,0,0,0,7.21335E+20,5.34019E+21,1.19774E+16,4.81764E+16
86789,9,1,72,116,2018,7,15,2,3,2,6,0,0,1,0,0,0,0,0,8.03163E+20,5.2855E+21,1.30373E+16,4.76518E+16
86790,9,5,74,152,2018,6,17,6,3,2,6,0,0,1,0,0,0,1,0,6.60227E+20,5.48156E+21,1.12114E+16,4.94655E+16
86791,9,5,74,156,2018,6,19,6,3,2,6,0,0,1,0,0,0,0,0,6.58582E+20,5.48175E+21,1.11888E+16,4.94677E+16
86792,9,3,76,161,2018,7,19,1,3,2,6,0,0,1,0,0,0,0,0,7.29196E+20,5.46833E+21,1.21543E+16,4.93246E+16
86793,9,7,78,127,2018,7,12,1,2,0,7,0,0,0,0,1,0,0,0,6.13379E+20,5.31784E+21,1.052E+16,4.80038E+16
86794,9,1,89,154,2018,7,13,2,3,8,6,0,0,0,0,0,1,1,0,7.67853E+20,5.316E+21,1.25869E+16,4.79412E+16
86795,9,5,76,143,2018,6,10,6,3,0,7,0,1,0,1,0,0,0,0,6.52122E+20,5.4566E+21,1.10901E+16,4.92433E+16
86796,9,5,76,143,2018,6,22,6,2,4,2,2,0,1,0,1,0,0,0,6.5342E+20,5.45697E+21,1.1108E+16,4.92463E+16
86797,9,1,84,121,2018,7,16,1,2,5,3,0,0,1,0,1,0,0,0,7.05953E+20,5.32548E+21,1.17637E+16,4.80493E+16
86798,9,5,74,156,2018,6,23,6,3,5,3,2,0,1,0,0,0,0,0,6.59357E+20,5.48318E+21,1.12E+16,4.94803E+16
86799,9,6,72,112,2018,7,6,2,2,4,6,0,0,1,0,0,0,0,0,5.76674E+20,5.5705E+21,1.00762E+16,5.02817E+16
86800,9,5,76,143,2018,7,14,1,2,6,4,0,1,0,1,0,0,0,0,6.53355E+20,5.45624E+21,1.11069E+16,4.92397E+16
86801,9,5,63,0,2018,6,11,6,3,2,6,0,0,1,0,0,0,0,0,6.43883E+20,5.48119E+21,1.09858E+16,4.94663E+16
86802,9,3,73,147,2018,7,7,2,3,2,6,0,0,1,0,0,0,0,0,6.76932E+20,5.45872E+21,1.14316E+16,4.92557E+16
86803,9,5,63,0,2018,6,17,6,3,1,6,0,0,1,0,0,0,0,0,6.44509E+20,5.48347E+21,1.09953E+16,4.94867E+16
86804,9,7,80,132,2018,6,12,7,3,5,2,0,0,1,0,1,0,0,0,5.77803E+20,5.2683E+21,1.00343E+16,4.75635E+16
86805,9,1,62,0,2018,7,18,2,3,4,3,0,1,1,0,0,0,0,0,6.88703E+20,5.34203E+21,1.15398E+16,4.82034E+16
86806,9,1,63,0,2018,7,10,2,3,0,1,0,0,0,0,1,0,0,1,7.3497E+20,5.30369E+21,1.21406E+16,4.78436E+16
86807,9,5,64,0,2018,6,15,6,3,2,6,0,0,1,0,1,0,0,0,6.50322E+20,5.48171E+21,1.10748E+16,4.94694E+16
86808,9,7,75,135,2018,7,14,2,3,1,6,0,0,1,0,1,0,0,0,5.76741E+20,5.35981E+21,1.00365E+16,4.83868E+16
86809,9,5,77,136,2018,6,12,6,3,4,6,0,0,1,0,0,0,0,0,6.22438E+20,5.43962E+21,1.06773E+16,4.90972E+16
86810,9,7,75,111,2018,7,10,1,3,3,6,0,0,1,0,0,0,0,0,5.82647E+20,5.33204E+21,1.01109E+16,4.81362E+16
86811,9,5,71,193,2018,6,20,6,3,1,6,0,0,1,0,0,0,0,0,5.86472E+20,5.46985E+21,1.01912E+16,4.93752E+16
86812,9,2,74,127,2018,7,22,1,3,4,6,2,0,1,0,0,0,0,0,7.36449E+20,5.3962E+21,1.2212E+16,4.8674E+16
86813,9,5,64,0,2018,7,17,2,3,1,6,0,0,1,0,0,0,0,0,6.52226E+20,5.47347E+21,1.10979E+16,4.93949E+16
86814,9,4,76,177,2018,7,17,1,2,5,3,0,1,1,0,0,0,0,0,6.74568E+20,5.57389E+21,1.14508E+16,5.02913E+16
86815,9,5,75,145,2018,6,6,6,2,0,1,0,0,0,0,1,0,0,1,6.19337E+20,5.48375E+21,1.0648E+16,4.94946E+16
86816,9,2,72,128,2018,7,16,2,3,9,7,0,0,1,0,0,0,0,0,8.12941E+20,5.41954E+21,1.32662E+16,4.88498E+16
86817,9,3,75,114,2018,7,14,4,3,5,2,0,0,1,0,1,0,0,0,7.38426E+20,5.43885E+21,1.22637E+16,4.90564E+16
86818,9,7,78,144,2018,7,11,5,3,0,2,0,1,1,0,0,0,0,0,5.91102E+20,5.30356E+21,1.02184E+16,4.78789E+16
86819,9,3,72,153,2018,7,8,4,3,0,3,0,0,1,0,0,0,0,0,7.51877E+20,5.45729E+21,1.2459E+16,4.92165E+16
86820,9,2,74,134,2018,7,14,6,2,8,1,0,0,1,0,0,0,1,0,7.3817E+20,5.37254E+21,1.22218E+16,4.84608E+16
86821,9,3,73,146,2018,7,5,4,3,8,1,0,0,1,0,0,0,0,0,6.81235E+20,5.44663E+21,1.14852E+16,4.91458E+16
86822,9,5,62,0,2018,7,12,5,3,0,7,0,0,1,0,0,0,1,1,6.42446E+20,5.49773E+21,1.0972E+16,4.96153E+16
86823,9,3,71,151,2018,7,17,4,3,0,7,0,0,1,1,0,0,0,0,7.0217E+20,5.48471E+21,1.17912E+16,4.94813E+16
86824,9,2,78,118,2018,7,10,5,3,9,7,0,0,1,0,0,0,0,0,7.69133E+20,5.425E+21,1.2674E+16,4.89194E+16
86825,9,1,74,135,2018,7,10,6,3,3,1,0,0,1,0,0,1,0,1,6.62658E+20,5.3538E+21,1.11941E+16,4.83165E+16
86826,9,3,76,159,2018,7,19,4,3,3,6,0,0,1,0,0,1,0,0,7.22681E+20,5.48114E+21,1.2072E+16,4.94421E+16
86827,9,4,79,112,2018,7,10,6,3,0,7,0,0,0,0,1,0,0,0,7.26558E+20,5.55028E+21,1.21656E+16,5.00616E+16
86828,9,1,79,145,2018,7,15,5,3,1,7,0,0,1,0,0,0,1,0,6.76188E+20,5.33889E+21,1.13702E+16,4.81788E+16
86829,9,3,76,119,2018,7,10,4,3,5,3,0,0,1,0,0,0,0,0,7.22798E+20,5.45393E+21,1.20584E+16,4.91976E+16
86830,9,7,73,112,2018,7,13,5,3,5,3,0,0,1,0,0,0,0,0,5.99363E+20,5.38703E+21,1.03485E+16,4.86285E+16
86831,9,3,76,141,2018,7,1,4,3,7,7,2,0,0,0,1,0,0,0,7.23797E+20,5.45444E+21,1.20724E+16,4.92019E+16
86832,9,1,73,147,2018,7,14,6,3,5,3,0,0,1,0,0,0,0,0,6.80815E+20,5.30938E+21,1.14199E+16,4.79123E+16
86833,9,3,76,125,2018,7,6,4,3,2,6,0,0,1,0,0,0,1,0,7.18758E+20,5.47658E+21,1.20154E+16,4.94026E+16
86834,9,5,71,136,2018,7,7,5,3,1,6,0,0,1,0,0,0,1,0,6.00137E+20,5.4354E+21,1.03708E+16,4.90633E+16
86835,9,2,63,0,2018,7,11,4,3,0,2,0,0,0,0,1,0,0,0,7.61837E+20,5.4203E+21,1.25716E+16,4.88803E+16
86836,9,6,71,140,2018,7,17,6,3,5,3,0,0,1,0,1,0,0,0,5.07876E+20,5.53643E+21,9.10985E+15,4.99802E+16
86837,9,1,73,120,2018,7,17,5,3,4,6,0,0,1,0,0,0,0,1,6.91375E+20,5.3123E+21,1.15624E+16,4.79354E+16
86838,9,5,64,0,2018,7,17,5,3,2,6,0,0,1,0,0,0,0,1,6.47122E+20,5.48E+21,1.10301E+16,4.94548E+16
86839,9,2,76,144,2018,7,18,4,3,8,1,0,0,0,0,1,0,0,0,7.86995E+20,5.44747E+21,1.29331E+16,4.9113E+16
86840,9,6,78,132,2018,7,10,6,2,5,3,0,0,1,0,0,0,0,0,5.82451E+20,5.54591E+21,1.01519E+16,5.00598E+16
86841,9,7,77,170,2018,7,8,4,3,0,6,0,0,0,0,1,0,0,1,6.20308E+20,5.27904E+21,1.06021E+16,4.76536E+16
86842,9,2,74,191,2018,7,19,5,3,5,3,0,0,1,0,0,0,0,0,7.45919E+20,5.39091E+21,1.23373E+16,4.86229E+16
86843,9,7,72,223,2018,7,14,4,3,3,1,0,0,1,0,0,0,0,1,6.19551E+20,5.36315E+21,1.06155E+16,4.84102E+16
86844,9,1,79,142,2018,7,22,6,3,2,6,2,0,1,0,0,0,0,0,6.70861E+20,5.34147E+21,1.12996E+16,4.82035E+16
86845,9,2,71,146,2018,7,11,4,3,5,3,0,0,1,0,1,0,0,0,7.84522E+20,5.4099E+21,1.28731E+16,4.8777E+16
86846,9,3,77,143,2018,7,18,6,2,8,1,0,0,1,0,0,0,0,0,7.12059E+20,5.53778E+21,1.19564E+16,4.99546E+16
86847,9,1,78,145,2018,7,17,5,3,5,2,0,0,1,0,1,0,0,0,6.95963E+20,5.35649E+21,1.16441E+16,4.83312E+16
86848,9,2,75,122,2018,7,20,4,3,5,2,0,0,1,0,1,0,0,0,8.18943E+20,5.38339E+21,1.33199E+16,4.85225E+16
86849,9,7,71,160,2018,7,19,5,2,4,6,0,0,1,0,0,0,0,0,6.56331E+20,5.3513E+21,1.11078E+16,4.82956E+16
86850,9,2,74,126,2018,7,10,4,3,0,2,0,1,0,0,0,1,0,0,7.33259E+20,5.3827E+21,1.21612E+16,4.85539E+16
86851,9,1,72,134,2018,7,9,6,3,5,2,0,0,1,0,0,0,0,1,7.87916E+20,5.30809E+21,1.28497E+16,4.78615E+16
86852,9,2,61,0,2018,7,8,4,3,1,6,0,0,1,0,1,0,0,0,7.36104E+20,5.38303E+21,1.21999E+16,4.85559E+16
86853,9,4,73,144,2018,7,13,5,3,5,3,0,0,1,0,1,0,0,0,6.36643E+20,5.57299E+21,1.09184E+16,5.02932E+16
86854,9,1,90,114,2018,7,19,4,2,4,6,0,1,0,0,1,0,0,0,6.30242E+20,5.28828E+21,1.07371E+16,4.77347E+16
86855,9,5,62,0,2018,7,7,6,3,5,3,0,0,1,0,0,0,0,1,6.39879E+20,5.49921E+21,1.0937E+16,4.96292E+16
86856,9,1,80,117,2018,7,14,5,2,5,3,0,1,1,0,0,0,0,0,6.58311E+20,5.26255E+21,1.1102E+16,4.74971E+16
86857,9,1,90,145,2018,7,7,4,3,2,6,0,0,1,0,0,0,0,0,6.45633E+20,5.28909E+21,1.09425E+16,4.77387E+16
86858,9,1,77,113,2018,7,8,6,3,2,7,0,0,0,0,1,0,1,1,7.20768E+20,5.35307E+21,1.19765E+16,4.82923E+16
86859,9,1,80,124,2018,7,16,4,2,1,1,0,1,1,0,0,0,0,0,6.65382E+20,5.28365E+21,1.12037E+16,4.76851E+16
86860,9,2,78,134,2018,7,17,6,3,7,7,0,0,1,0,0,0,0,1,7.67393E+20,5.43367E+21,1.2656E+16,4.89979E+16
86861,9,7,75,143,2018,7,17,4,2,2,6,0,0,1,0,1,0,0,0,5.85927E+20,5.35674E+21,1.016E+16,4.8358E+16
86862,9,1,83,116,2018,7,11,4,2,1,6,0,0,1,0,0,1,0,0,7.66438E+20,5.35267E+21,1.25909E+16,4.82712E+16
86863,9,6,71,134,2018,7,18,5,3,6,4,0,0,0,1,1,0,0,0,5.00199E+20,5.54651E+21,9.00278E+15,5.00709E+16
86864,9,1,83,128,2018,7,8,4,3,5,3,0,0,1,0,1,0,0,0,7.6135E+20,5.3492E+21,1.25203E+16,4.82421E+16
86865,9,1,74,113,2018,7,14,6,3,5,3,0,0,1,0,0,0,0,1,6.7898E+20,5.34276E+21,1.14093E+16,4.82128E+16
86866,9,1,72,116,2018,7,16,4,3,0,1,0,0,0,0,1,0,0,0,8.03456E+20,5.28604E+21,1.30416E+16,4.76565E+16
86867,9,3,72,116,2018,7,15,6,3,5,3,0,0,1,0,0,0,0,0,7.64286E+20,5.45672E+21,1.26287E+16,4.92062E+16
86868,9,1,84,135,2018,7,21,4,3,5,3,2,0,1,0,1,0,0,0,6.86623E+20,5.34751E+21,1.15142E+16,4.82533E+16
86869,9,1,72,131,2018,7,11,4,3,8,1,0,0,1,0,0,0,0,0,7.8772E+20,5.28791E+21,1.28337E+16,4.76804E+16
86870,9,6,77,148,2018,7,9,5,3,5,3,0,0,1,0,0,0,0,0,5.55631E+20,5.53539E+21,9.77574E+15,4.99683E+16
86871,9,1,71,133,2018,7,8,4,3,3,7,0,0,1,0,0,1,0,0,7.66401E+20,5.34621E+21,1.25863E+16,4.82131E+16
86872,9,3,74,122,2018,7,10,5,2,4,1,0,0,1,0,1,0,0,0,7.44036E+20,5.51651E+21,1.2388E+16,4.97514E+16
86873,9,1,87,131,2018,7,10,4,1,2,1,0,0,0,0,1,0,1,0,7.35247E+20,5.2906E+21,1.21372E+16,4.77259E+16
86874,9,5,64,0,2018,7,18,6,3,5,2,0,0,1,0,0,1,0,0,6.54402E+20,5.47338E+21,1.11279E+16,4.93936E+16
86875,9,1,72,132,2018,7,11,5,1,3,6,0,1,1,0,0,0,0,0,8.00271E+20,5.28042E+21,1.29954E+16,4.76075E+16
86876,9,1,87,113,2018,7,22,4,3,4,6,2,0,1,0,0,0,1,0,7.46108E+20,5.32262E+21,1.23E+16,4.80094E+16
86877,9,1,62,0,2018,7,17,5,3,6,4,0,0,1,1,0,0,0,0,6.86091E+20,5.32899E+21,1.1499E+16,4.8087E+16
86878,9,1,87,134,2018,7,12,4,3,2,6,0,0,1,0,0,0,0,0,7.37047E+20,5.31772E+21,1.2176E+16,4.79689E+16
86879,9,2,75,141,2018,7,17,6,3,2,6,0,0,1,0,0,0,0,1,8.19061E+20,5.36936E+21,1.33108E+16,4.83965E+16
86880,9,7,80,146,2018,7,7,4,3,5,3,0,0,1,0,0,1,1,0,5.9339E+20,5.28922E+21,1.02459E+16,4.77496E+16
86881,9,1,87,132,2018,7,6,4,3,3,6,0,1,1,0,0,0,0,0,7.47257E+20,5.3003E+21,1.23026E+16,4.78085E+16
86882,9,5,74,152,2018,7,20,5,3,9,7,0,0,1,0,0,0,0,0,6.60995E+20,5.48165E+21,1.1222E+16,4.94662E+16
86883,9,1,82,119,2018,7,17,4,2,9,1,0,0,1,0,0,0,0,0,7.14672E+20,5.29395E+21,1.18648E+16,4.77631E+16
86884,9,2,63,0,2018,7,11,5,3,0,7,0,1,0,0,0,0,0,0,7.60564E+20,5.41921E+21,1.25536E+16,4.8871E+16
86885,9,1,82,120,2018,7,11,4,3,0,6,0,1,0,0,0,0,1,0,7.01747E+20,5.30587E+21,1.16981E+16,4.78744E+16
86886,9,3,75,171,2018,7,14,5,3,2,2,0,0,1,0,0,0,0,0,7.51974E+20,5.42307E+21,1.2439E+16,4.89092E+16
86887,9,1,71,113,2018,7,10,6,3,2,2,0,0,1,0,0,0,1,1,7.77971E+20,5.34057E+21,1.27381E+16,4.81576E+16
86888,9,1,82,116,2018,7,18,4,3,3,6,0,0,1,0,1,0,0,0,7.06226E+20,5.29465E+21,1.17526E+16,4.77722E+16
86889,9,5,77,138,2018,7,17,6,2,5,3,0,0,1,0,0,0,0,0,6.32184E+20,5.44618E+21,1.08129E+16,4.91542E+16
86890,9,1,61,0,2018,7,15,5,3,2,6,0,0,1,0,0,0,0,1,6.7623E+20,5.40452E+21,1.13984E+16,4.87687E+16
86891,9,7,61,0,2018,7,7,4,3,5,3,0,1,1,0,0,0,0,0,6.36839E+20,5.36034E+21,1.08481E+16,4.83813E+16
86892,9,1,76,124,2018,7,15,4,3,3,6,0,0,1,0,0,0,0,0,6.68474E+20,5.41169E+21,1.12959E+16,4.88353E+16
86893,9,7,63,0,2018,7,17,5,3,1,6,0,0,1,0,0,1,0,1,5.99276E+20,5.28765E+21,1.03241E+16,4.77346E+16
86894,9,1,76,123,2018,7,14,4,3,4,2,0,1,0,0,0,0,1,0,6.59417E+20,5.41837E+21,1.11752E+16,4.88978E+16
86895,9,2,73,147,2018,7,9,6,3,2,6,0,0,1,0,0,0,0,1,7.00584E+20,5.3898E+21,1.17223E+16,4.86291E+16
86896,9,1,74,126,2018,7,14,4,3,5,3,0,1,1,0,0,0,0,1,6.8348E+20,5.34412E+21,1.14705E+16,4.82238E+16
86897,9,5,74,152,2018,7,17,5,3,5,2,0,0,1,0,1,0,0,1,6.61699E+20,5.48327E+21,1.12324E+16,4.94805E+16
86898,9,1,62,0,2018,7,17,4,3,2,6,0,0,1,0,0,0,0,0,6.95135E+20,5.34369E+21,1.1627E+16,4.82164E+16
86899,9,6,78,168,2018,7,22,6,2,6,4,2,0,1,1,0,0,0,0,5.81839E+20,5.55112E+21,1.01445E+16,5.01067E+16
86900,9,7,73,125,2018,7,15,4,3,5,3,0,0,1,0,0,0,0,0,6.09007E+20,5.38201E+21,1.0478E+16,4.85817E+16
86901,9,2,75,152,2018,7,10,5,3,2,6,0,0,1,0,0,0,1,0,8.20127E+20,5.40782E+21,1.33548E+16,4.8741E+16
86902,9,7,61,0,2018,7,13,4,3,0,2,0,1,1,0,0,0,0,0,6.42764E+20,5.35981E+21,1.09279E+16,4.83753E+16
86903,9,1,62,0,2018,7,6,6,3,0,1,0,0,0,0,1,0,0,1,6.78083E+20,5.33512E+21,1.13941E+16,4.81444E+16
86904,9,1,62,0,2018,7,18,4,3,2,6,0,0,1,0,0,0,0,0,6.94679E+20,5.34215E+21,1.16202E+16,4.82027E+16
86905,9,4,72,116,2018,7,7,6,3,5,3,0,0,1,0,0,0,0,0,6.91366E+20,5.54939E+21,1.1674E+16,5.0066E+16
86906,9,1,75,132,2018,7,12,5,3,3,6,0,0,1,0,0,1,0,0,7.06477E+20,5.33608E+21,1.17758E+16,4.81444E+16
86907,9,1,78,113,2018,7,14,4,3,2,6,0,0,1,0,0,0,0,0,6.9151E+20,5.36781E+21,1.15892E+16,4.84343E+16
86908,9,7,73,170,2018,7,8,5,3,5,3,0,0,1,0,0,0,0,0,5.96157E+20,5.38838E+21,1.03053E+16,4.86411E+16
86909,9,1,62,0,2018,7,9,4,3,2,6,0,0,1,0,0,0,0,0,6.89275E+20,5.34462E+21,1.15486E+16,4.82265E+16
86910,9,1,73,118,2018,7,17,6,2,4,1,0,0,1,0,0,0,0,1,6.85541E+20,5.30685E+21,1.1482E+16,4.78882E+16
86911,9,7,80,124,2018,7,20,4,3,3,2,1,0,1,0,0,0,0,0,5.89201E+20,5.26911E+21,1.0186E+16,4.75693E+16
86912,9,1,82,125,2018,7,14,6,2,5,3,0,0,1,0,1,0,0,1,7.12669E+20,5.29747E+21,1.18399E+16,4.77954E+16
86913,9,1,77,112,2018,7,20,4,3,9,6,0,0,1,0,1,0,0,0,7.17157E+20,5.36095E+21,1.1932E+16,4.83643E+16
86914,9,4,79,150,2018,7,12,6,2,2,6,0,0,1,0,0,0,1,0,7.20758E+20,5.56708E+21,1.20944E+16,5.02147E+16
86915,9,1,76,114,2018,7,6,5,2,5,3,0,0,1,0,0,0,0,0,6.75875E+20,5.43761E+21,1.14078E+16,4.90662E+16
86916,9,1,77,117,2018,7,17,4,3,2,6,0,0,1,0,0,0,0,0,7.1538E+20,5.35518E+21,1.19051E+16,4.83131E+16
86917,9,7,79,201,2018,7,7,5,3,1,6,0,0,1,0,0,1,0,0,6.41468E+20,5.39097E+21,1.0921E+16,4.86557E+16
86918,9,1,62,0,2018,7,10,3,3,3,6,0,0,1,0,0,1,0,0,6.9033E+20,5.33903E+21,1.15603E+16,4.8176E+16
86919,9,2,73,166,2018,7,14,6,3,8,1,0,0,1,0,0,0,0,1,7.12605E+20,5.4171E+21,1.18994E+16,4.88703E+16
86920,9,1,62,0,2018,7,17,3,3,5,7,0,1,1,0,0,0,0,0,6.84468E+20,5.33541E+21,1.148E+16,4.81452E+16
86921,9,5,77,148,2018,7,17,5,2,9,1,0,0,1,0,0,0,0,1,6.37592E+20,5.42004E+21,1.08781E+16,4.8918E+16
86922,9,1,84,119,2018,7,23,3,2,0,7,2,1,0,0,0,0,0,0,6.96821E+20,5.34737E+21,1.16514E+16,4.8249E+16
86923,9,6,76,139,2018,7,15,6,3,0,1,0,1,0,0,0,0,0,0,5.17788E+20,5.50531E+21,9.24667E+15,4.97E+16
86924,9,7,71,130,2018,7,17,4,3,1,6,0,0,1,0,0,0,1,0,6.44696E+20,5.36321E+21,1.09552E+16,4.84054E+16
86925,9,2,74,153,2018,7,6,5,3,5,3,0,0,1,0,1,0,0,0,7.3457E+20,5.40299E+21,1.21904E+16,4.87358E+16
86926,9,1,81,143,2018,7,20,6,3,5,3,1,0,1,0,0,0,0,1,6.38314E+20,5.31591E+21,1.08536E+16,4.79815E+16
86927,9,1,84,138,2018,7,8,3,3,0,3,0,1,0,0,0,0,1,0,6.80782E+20,5.3305E+21,1.14284E+16,4.81021E+16
86928,9,3,75,170,2018,7,11,6,3,2,6,0,0,1,0,0,0,0,1,7.41661E+20,5.4286E+21,1.23018E+16,4.8963E+16
86929,9,1,62,0,2018,7,12,4,3,0,1,0,1,0,0,0,0,0,0,6.95025E+20,5.3333E+21,1.16208E+16,4.8123E+16