OBJECTID_1,ULAND,UREGBEZ,UKREIS,UGEMEINDE,UJAHR,UMONAT,USTUNDE,UWOCHENTAG,UKATEGORIE,UART,UTYP1,ULICHTVERH,IstRad,IstPKW,IstFuss,IstKrad,IstGkfz,IstSonstig,STRZUSTAND,LINREFX,LINREFY,XGCSWGS84,YGCSWGS84
86930,9,7,74,121,2018,7,11,3,3,3,6,0,0,1,0,0,1,0,0,6.0016E+20,5.36522E+21,1.03541E+16,4.84321E+16
86931,9,7,71,130,2018,7,19,5,3,0,1,0,1,0,0,0,0,0,0,6.45434E+20,5.35771E+21,1.09632E+16,4.83558E+16
86932,9,7,78,173,2018,7,17,3,3,4,2,0,0,1,0,0,0,0,0,6.12626E+20,5.32058E+21,1.05107E+16,4.80286E+16
86933,9,4,72,131,2018,7,20,5,1,8,1,0,0,1,0,0,0,0,1,6.81035E+20,5.53463E+21,1.15229E+16,4.99366E+16
86934,9,7,64,0,2018,7,17,3,3,6,2,0,1,1,1,0,0,0,0,5.87497E+20,5.31747E+21,1.01731E+16,4.80045E+16
86935,9,4,75,162,2018,7,7,5,2,5,3,0,0,1,0,0,0,0,0,7.21299E+20,5.57511E+21,1.21067E+16,5.02866E+16
86936,9,7,64,0,2018,7,13,3,3,2,6,0,0,1,0,0,0,0,0,5.88938E+20,5.31664E+21,1.01922E+16,4.79968E+16
86937,9,6,61,0,2018,7,12,6,3,0,7,0,1,0,0,0,0,0,0,5.10122E+20,5.53628E+21,9.14117E+15,4.99787E+16
86938,9,1,90,141,2018,7,17,5,3,5,3,0,0,1,0,0,0,0,1,6.78044E+20,5.29137E+21,1.13755E+16,4.77511E+16
86939,9,7,74,135,2018,7,14,3,3,1,6,0,0,1,0,0,1,0,0,5.94895E+20,5.36833E+21,1.02836E+16,4.84609E+16
86940,9,1,62,0,2018,7,17,6,3,2,6,0,0,1,0,0,0,0,0,6.89773E+20,5.34467E+21,1.15553E+16,4.82268E+16
86941,9,7,74,143,2018,7,16,3,3,2,6,0,0,1,0,1,0,0,0,5.95797E+20,5.35826E+21,1.02935E+16,4.83702E+16
86942,9,2,78,192,2018,7,17,6,3,5,3,0,0,1,0,0,0,0,0,7.70281E+20,5.41614E+21,1.26838E+16,4.88393E+16
86943,9,1,62,0,2018,7,16,4,3,2,6,0,1,0,0,0,0,0,0,6.85379E+20,5.33187E+21,1.14907E+16,4.81131E+16
86944,9,7,74,127,2018,7,3,3,3,0,1,2,0,0,0,1,0,0,0,6.04346E+20,5.36825E+21,1.04114E+16,4.84587E+16
86945,9,6,72,143,2018,7,0,5,3,9,7,2,0,1,0,0,0,1,0,5.87682E+20,5.55875E+21,1.02279E+16,5.01745E+16
86946,9,7,80,121,2018,7,17,3,3,0,1,0,1,0,0,0,0,0,0,5.9419E+20,5.25656E+21,1.02496E+16,4.74557E+16
86947,9,3,75,117,2018,7,18,5,3,2,1,0,0,1,0,0,0,0,0,7.39468E+20,5.43192E+21,1.22738E+16,4.89937E+16
86948,9,6,74,129,2018,7,17,4,3,2,6,0,0,1,0,0,0,1,0,6.17966E+20,5.53896E+21,1.06458E+16,4.99913E+16
86949,9,7,80,133,2018,7,21,4,3,0,1,1,1,0,0,0,0,0,0,5.97283E+20,5.25484E+21,1.02902E+16,4.74398E+16
86950,9,7,76,129,2018,7,20,3,2,0,1,0,1,0,0,0,0,0,0,5.7012E+20,5.27065E+21,9.93256E+15,4.75855E+16
86951,9,5,64,0,2018,7,8,6,3,2,6,0,0,1,0,0,0,0,1,6.51792E+20,5.47742E+21,1.10935E+16,4.94305E+16
86952,9,1,86,137,2018,7,13,5,3,3,6,0,0,1,0,0,1,0,0,6.82065E+20,5.4E+21,1.14757E+16,4.87264E+16
86953,9,7,79,201,2018,7,20,3,2,9,1,0,0,1,0,0,0,0,0,6.45504E+20,5.39279E+21,1.09764E+16,4.86712E+16
86954,9,7,75,135,2018,7,15,5,3,2,6,0,0,1,0,0,1,0,0,5.73448E+20,5.35883E+21,9.9919E+15,4.83783E+16
86955,9,7,79,224,2018,7,7,3,3,4,6,0,1,0,0,1,0,0,0,6.08054E+20,5.41504E+21,1.04738E+16,4.88789E+16
86956,9,2,72,127,2018,7,16,6,3,0,1,0,0,0,0,1,0,0,1,8.32354E+20,5.41986E+21,1.35303E+16,4.88426E+16
86957,9,7,73,136,2018,7,16,3,2,5,3,0,0,1,0,0,0,0,0,6.00089E+20,5.37612E+21,1.03557E+16,4.85302E+16
86958,9,5,74,154,2018,7,10,6,3,1,6,0,0,1,0,0,0,0,0,6.62389E+20,5.48476E+21,1.12425E+16,4.94937E+16
86959,9,1,89,126,2018,7,19,5,3,9,1,0,0,1,0,0,0,0,1,7.61097E+20,5.32614E+21,1.25028E+16,4.80351E+16
86960,9,7,73,125,2018,7,5,3,3,5,3,0,0,1,0,0,0,0,0,6.11725E+20,5.38273E+21,1.05151E+16,4.85877E+16
86961,9,1,84,148,2018,7,16,5,3,1,5,0,1,1,0,0,0,0,0,6.95141E+20,5.32609E+21,1.1619E+16,4.80582E+16
86962,9,7,71,122,2018,7,10,3,3,2,6,0,0,1,0,0,0,0,0,6.54183E+20,5.36099E+21,1.10824E+16,4.83832E+16
86963,9,2,77,113,2018,7,15,6,3,0,1,0,0,0,0,1,0,0,0,8.01674E+20,5.37818E+21,1.30829E+16,4.84842E+16
86964,9,7,75,135,2018,7,13,4,3,7,7,0,1,0,0,0,0,1,0,5.73671E+20,5.35912E+21,9.99496E+15,4.83809E+16
86965,9,7,72,178,2018,7,17,3,2,8,1,0,0,0,0,1,0,0,0,6.22598E+20,5.3431E+21,1.06509E+16,4.82293E+16
86966,9,5,62,0,2018,7,18,5,3,3,6,0,0,1,0,0,1,0,1,6.43435E+20,5.49162E+21,1.09834E+16,4.95602E+16
86967,9,7,72,147,2018,7,14,3,3,0,7,0,1,0,0,0,0,0,1,6.39325E+20,5.36512E+21,1.08833E+16,4.84238E+16
86968,9,3,72,175,2018,7,19,5,3,4,6,0,0,1,0,0,0,0,0,7.67038E+20,5.46178E+21,1.26697E+16,4.92505E+16
86969,9,6,74,129,2018,7,14,4,3,4,2,0,0,1,0,1,0,0,0,6.19878E+20,5.53805E+21,1.06721E+16,4.99827E+16
86970,9,1,84,114,2018,7,11,6,3,2,6,0,0,1,0,0,0,0,1,6.98396E+20,5.3224E+21,1.1661E+16,4.8024E+16
86971,9,7,61,0,2018,7,10,3,3,6,7,0,0,1,1,0,0,0,0,6.41564E+20,5.35988E+21,1.09117E+16,4.83762E+16
86972,9,5,61,0,2018,7,18,6,3,9,6,0,0,1,0,0,0,0,0,6.12193E+20,5.46056E+21,1.05428E+16,4.92875E+16
86973,9,1,76,160,2018,7,6,5,3,5,3,0,0,1,0,1,0,0,0,6.57123E+20,5.42009E+21,1.11445E+16,4.89138E+16
86974,9,6,77,151,2018,7,13,4,2,7,1,0,1,0,0,0,0,0,0,5.37561E+20,5.51393E+21,9.5217E+15,4.97767E+16
86975,9,7,71,156,2018,7,17,3,3,4,6,0,0,1,0,0,0,0,0,6.53326E+20,5.38223E+21,1.10787E+16,4.85744E+16
86976,9,7,62,0,2018,7,7,5,3,1,1,0,1,1,0,0,0,0,0,6.22152E+20,5.30751E+21,1.06347E+16,4.79093E+16
86977,9,6,77,157,2018,7,14,3,3,1,7,0,0,1,0,0,0,1,0,5.43114E+20,5.52188E+21,9.5997E+15,4.98478E+16
86978,9,2,61,0,2018,7,12,6,3,4,2,0,0,0,0,1,0,1,1,7.35944E+20,5.38284E+21,1.21976E+16,4.85542E+16
86979,9,6,77,137,2018,7,11,3,3,1,6,0,0,1,0,0,0,0,0,5.34075E+20,5.51499E+21,9.47338E+15,4.97864E+16
86980,9,5,63,0,2018,7,22,5,3,2,2,2,0,1,0,0,0,0,0,6.4281E+20,5.48279E+21,1.09716E+16,4.94809E+16
86981,9,6,73,141,2018,7,17,4,3,2,2,0,0,1,0,0,0,1,0,6.06062E+20,5.57136E+21,1.04888E+16,5.02849E+16
86982,9,6,75,141,2018,7,18,3,3,2,6,0,0,1,0,0,0,0,0,5.84365E+20,5.50982E+21,1.01708E+16,4.97349E+16
86983,9,6,78,193,2018,7,14,6,3,2,6,0,0,1,0,0,0,0,0,5.77369E+20,5.53213E+21,1.00782E+16,4.99365E+16
86984,9,6,78,134,2018,7,8,3,3,5,3,0,0,1,0,0,0,0,0,5.97726E+20,5.52841E+21,1.03608E+16,4.99E+16
86985,9,5,72,139,2018,7,12,5,3,2,6,0,0,1,0,0,0,0,0,6.28342E+20,5.50692E+21,1.07798E+16,4.97011E+16
86986,9,6,74,130,2018,7,16,3,3,5,3,0,0,1,0,1,0,0,0,6.29586E+20,5.55137E+21,1.0812E+16,5.01004E+16
86987,9,2,78,118,2018,7,21,5,3,2,6,1,0,1,0,1,0,0,0,7.70551E+20,5.42374E+21,1.26925E+16,4.89074E+16
86988,9,6,73,149,2018,7,11,4,3,0,7,0,0,0,0,1,0,1,1,5.76136E+20,5.59084E+21,1.00727E+16,5.04646E+16
86989,9,1,86,137,2018,7,13,6,3,2,6,0,0,1,0,0,0,0,1,6.82409E+20,5.39927E+21,1.14801E+16,4.87198E+16
86990,9,6,73,141,2018,7,10,3,3,4,2,0,0,1,0,1,0,0,0,6.04598E+20,5.56302E+21,1.04659E+16,5.02101E+16
86991,9,4,79,158,2018,7,12,6,3,4,6,0,0,1,0,0,0,0,0,7.25703E+20,5.55246E+21,1.21549E+16,5.00815E+16
86992,9,1,81,130,2018,7,12,5,2,4,2,0,0,1,0,0,0,0,0,6.41988E+20,5.32209E+21,1.09048E+16,4.80363E+16
86993,9,6,73,186,2018,7,16,3,3,6,1,0,0,1,1,0,0,0,0,5.84358E+20,5.56942E+21,1.01838E+16,5.02708E+16
86994,9,7,79,131,2018,7,6,5,2,9,1,2,1,0,0,0,0,0,0,6.34381E+20,5.39779E+21,1.0827E+16,4.87186E+16
86995,9,6,73,114,2018,7,15,3,3,1,6,0,0,1,0,0,0,0,0,5.88754E+20,5.57552E+21,1.02469E+16,5.03251E+16
86996,9,1,84,132,2018,7,9,6,3,9,1,0,0,1,0,0,0,0,1,6.84159E+20,5.32596E+21,1.14717E+16,4.80603E+16
86997,9,6,76,133,2018,7,22,3,2,0,7,2,0,0,0,1,0,0,0,5.12571E+20,5.52387E+21,9.17492E+15,4.98671E+16
86998,9,5,71,166,2018,7,18,5,3,4,1,0,0,1,0,0,0,0,1,6.13037E+20,5.45408E+21,1.05526E+16,4.92291E+16
86999,9,5,72,130,2018,7,10,4,3,2,6,0,0,1,0,0,0,0,0,6.38788E+20,5.50705E+21,1.09247E+16,4.96999E+16
87000,9,5,72,114,2018,7,16,3,3,5,3,0,0,1,0,0,0,0,0,6.32959E+20,5.4934E+21,1.08392E+16,4.95786E+16
87001,9,6,71,124,2018,7,12,6,3,3,6,0,0,1,0,1,0,0,0,5.13544E+20,5.53465E+21,9.18884E+15,4.99641E+16
87002,9,2,79,122,2018,7,15,5,3,4,7,0,0,1,0,0,0,0,0,7.70655E+20,5.39869E+21,1.26774E+16,4.86825E+16
87003,9,5,62,0,2018,7,16,4,3,4,2,0,0,1,0,0,0,0,0,6.44254E+20,5.49084E+21,1.09945E+16,4.95529E+16
87004,9,1,79,121,2018,7,17,6,3,0,7,0,0,0,1,0,0,1,1,6.66799E+20,5.33834E+21,1.12438E+16,4.81764E+16
87005,9,5,62,0,2018,7,11,3,3,0,7,0,1,0,0,0,0,0,0,6.46283E+20,5.49303E+21,1.10233E+16,4.95721E+16
87006,9,3,72,126,2018,7,6,6,3,5,3,0,0,1,0,0,0,0,0,7.79447E+20,5.46962E+21,1.28453E+16,4.93152E+16
87007,9,1,84,141,2018,7,14,4,2,2,2,0,0,1,0,0,0,1,0,6.98292E+20,5.31213E+21,1.16548E+16,4.79318E+16
87008,9,2,74,127,2018,7,16,5,2,9,1,0,0,1,0,0,0,0,1,7.33694E+20,5.39968E+21,1.21766E+16,4.87063E+16
87009,9,1,88,137,2018,7,13,6,3,8,1,0,0,1,0,0,0,0,1,6.7384E+20,5.31655E+21,1.13295E+16,4.79787E+16
87010,9,5,62,0,2018,7,7,3,3,5,3,0,1,0,0,0,0,0,0,6.44618E+20,5.49541E+21,1.10012E+16,4.95939E+16
87011,9,4,71,195,2018,7,19,6,2,9,1,0,0,0,0,1,0,1,0,6.47776E+20,5.52701E+21,1.10568E+16,4.98772E+16
87012,9,1,78,113,2018,7,11,5,3,2,6,0,0,1,0,0,0,0,0,6.915E+20,5.36806E+21,1.15892E+16,4.84365E+16
87013,9,5,65,0,2018,7,13,3,3,3,6,0,1,1,0,0,0,0,0,6.46944E+20,5.46584E+21,1.10224E+16,4.93276E+16
87014,9,7,72,184,2018,7,7,5,3,0,7,0,1,0,0,0,0,0,0,6.36263E+20,5.36103E+21,1.08406E+16,4.83877E+16
87015,9,5,76,143,2018,7,17,3,3,2,6,0,0,1,0,0,0,0,0,6.53336E+20,5.457E+21,1.11069E+16,4.92466E+16
87016,9,1,83,139,2018,7,13,6,3,9,1,0,0,1,0,0,0,0,1,7.34088E+20,5.33547E+21,1.21461E+16,4.81294E+16
87017,9,5,76,117,2018,7,18,3,2,8,1,0,0,0,0,1,0,0,0,6.47296E+20,5.45675E+21,1.10239E+16,4.92457E+16
87018,9,4,76,145,2018,7,6,5,3,2,6,0,1,1,0,0,0,0,0,6.622E+20,5.56828E+21,1.12749E+16,5.02444E+16
87019,9,5,76,143,2018,7,18,4,2,0,7,0,1,0,0,0,0,0,0,6.51391E+20,5.45676E+21,1.10801E+16,4.92449E+16
87020,9,5,76,117,2018,7,17,3,3,7,7,0,1,0,0,0,0,0,0,6.50019E+20,5.45926E+21,1.10622E+16,4.92677E+16
87021,9,5,62,0,2018,7,14,6,3,2,6,0,0,1,0,0,0,0,0,6.39249E+20,5.49552E+21,1.0927E+16,4.95962E+16
87022,9,1,80,124,2018,7,7,5,3,3,6,0,1,1,0,0,0,0,0,6.64516E+20,5.28266E+21,1.11918E+16,4.76764E+16
87023,9,5,73,134,2018,7,7,3,3,2,6,0,0,1,0,0,0,1,0,6.43168E+20,5.47921E+21,1.09752E+16,4.94487E+16
87024,9,1,78,145,2018,7,11,6,2,2,6,0,0,1,0,0,0,0,1,6.93166E+20,5.35755E+21,1.16069E+16,4.83415E+16
87025,9,5,64,0,2018,7,6,3,3,5,3,0,1,0,0,0,0,0,0,6.51127E+20,5.47317E+21,1.10827E+16,4.93925E+16
87026,9,2,71,125,2018,7,15,6,3,4,6,0,0,1,0,0,0,0,1,7.97048E+20,5.41109E+21,1.3044E+16,4.87818E+16
87027,9,7,75,135,2018,7,18,4,3,2,6,0,0,1,0,0,0,0,0,5.73602E+20,5.35782E+21,9.99379E+15,4.83693E+16
87028,9,5,64,0,2018,7,10,3,3,5,3,0,0,1,0,0,0,0,0,6.47645E+20,5.47472E+21,1.10353E+16,4.94072E+16
87029,9,6,71,136,2018,7,19,5,3,0,1,0,0,0,0,1,0,0,1,5.03515E+20,5.54093E+21,9.04907E+15,5.00207E+16
87030,9,5,64,0,2018,7,17,3,3,3,6,0,0,1,0,1,0,0,0,6.52007E+20,5.48149E+21,1.1098E+16,4.9467E+16
87031,9,3,75,174,2018,7,7,5,3,3,1,0,1,0,0,0,0,0,0,7.33719E+20,5.43193E+21,1.21954E+16,4.8996E+16
87032,9,5,64,0,2018,7,12,3,2,2,6,0,0,0,0,1,0,1,0,6.47677E+20,5.47614E+21,1.10363E+16,4.942E+16
87033,9,6,77,131,2018,7,16,5,3,4,6,0,0,1,0,0,0,0,1,5.51712E+20,5.54153E+21,9.72191E+15,5.00239E+16
87034,9,5,71,199,2018,7,17,3,2,5,3,0,0,1,0,1,0,0,0,5.81996E+20,5.45459E+21,1.01264E+16,4.92386E+16
87035,9,4,74,129,2018,7,10,5,2,4,6,0,0,1,0,1,0,1,0,6.68381E+20,5.51151E+21,1.13367E+16,4.97325E+16
87036,9,5,76,127,2018,7,10,4,3,2,6,0,0,1,0,0,0,0,0,6.59614E+20,5.4504E+21,1.11905E+16,4.91856E+16
87037,9,5,71,199,2018,7,17,3,3,2,6,0,0,1,0,0,0,0,0,5.85543E+20,5.45035E+21,1.01743E+16,4.92E+16
87038,9,5,64,0,2018,7,4,6,2,5,3,1,0,1,0,0,0,0,0,6.4758E+20,5.47847E+21,1.10358E+16,4.9441E+16
87039,9,1,71,134,2018,7,13,5,3,4,6,0,0,1,0,0,0,0,0,7.73787E+20,5.32918E+21,1.26746E+16,4.80571E+16
87040,9,5,71,170,2018,7,16,3,3,4,6,0,0,1,0,1,0,0,0,6.07449E+20,5.4422E+21,1.04727E+16,4.91232E+16
87041,9,1,62,0,2018,7,7,5,3,5,2,0,1,1,0,0,0,0,0,6.89064E+20,5.32959E+21,1.15391E+16,4.80915E+16
87042,9,5,71,130,2018,7,16,3,3,8,7,0,0,1,0,0,0,0,0,6.01995E+20,5.46577E+21,1.0404E+16,4.93361E+16
87043,9,2,75,151,2018,7,11,6,3,2,6,0,0,1,0,0,0,0,0,8.25076E+20,5.39709E+21,1.34134E+16,4.86422E+16
87044,9,7,75,135,2018,7,12,4,3,1,6,0,0,1,0,0,0,0,0,5.75177E+20,5.35999E+21,1.00155E+16,4.83886E+16
87045,9,4,79,111,2018,7,10,3,2,7,7,0,0,1,0,0,0,1,0,7.16943E+20,5.54531E+21,1.20286E+16,5.00206E+16
87046,9,5,64,0,2018,7,13,5,3,3,6,0,0,0,0,1,1,0,0,6.53244E+20,5.47341E+21,1.11119E+16,4.9394E+16
87047,9,4,61,0,2018,7,13,3,3,2,6,0,0,1,0,0,0,0,0,6.38051E+20,5.52825E+21,1.0922E+16,4.98907E+16
87048,9,2,71,125,2018,7,12,5,3,2,6,0,0,1,0,0,0,0,0,7.99025E+20,5.40837E+21,1.30689E+16,4.87564E+16
87049,9,5,74,139,2018,7,12,4,3,1,6,0,1,0,1,0,0,0,0,6.66448E+20,5.48071E+21,1.12968E+16,4.94562E+16
87050,9,1,87,186,2018,7,14,6,3,8,1,0,0,1,0,0,0,0,0,7.33101E+20,5.33225E+21,1.21311E+16,4.81009E+16
87051,9,4,78,120,2018,7,14,3,3,8,1,0,0,1,0,0,0,0,0,6.4002E+20,5.54718E+21,1.09563E+16,5.00604E+16
87052,9,4,75,154,2018,7,14,6,2,0,1,0,0,0,0,1,0,0,0,6.96942E+20,5.56263E+21,1.17587E+16,5.01831E+16
87053,9,1,76,161,2018,7,19,5,3,9,1,0,0,1,0,0,0,0,1,6.77287E+20,5.41369E+21,1.14167E+16,4.88508E+16
87054,9,4,76,189,2018,7,20,3,2,9,1,0,0,1,0,0,0,0,0,6.72223E+20,5.58167E+21,1.14215E+16,5.03618E+16
87055,9,5,64,0,2018,7,8,4,3,0,7,0,0,0,0,1,0,1,1,6.53459E+20,5.47806E+21,1.11167E+16,4.94358E+16
87056,9,4,73,165,2018,7,15,3,3,1,6,0,0,1,0,0,1,0,0,6.2875E+20,5.56336E+21,1.08044E+16,5.02084E+16
87057,9,5,73,127,2018,7,6,6,3,5,3,0,0,1,0,1,0,0,1,6.46457E+20,5.47576E+21,1.10193E+16,4.94169E+16
87058,9,1,86,137,2018,7,7,5,3,4,2,0,0,1,0,0,0,0,0,6.8405E+20,5.39799E+21,1.15018E+16,4.87078E+16
87059,9,4,77,142,2018,7,10,3,3,1,6,0,0,1,0,0,1,0,0,6.77199E+20,5.54802E+21,1.14756E+16,5.00581E+16
87060,9,7,78,150,2018,7,14,5,3,2,6,0,0,1,0,0,0,0,1,5.84229E+20,5.32081E+21,1.01299E+16,4.8035E+16
87061,9,4,77,128,2018,7,9,3,2,6,2,0,0,1,1,0,0,0,0,6.74775E+20,5.55259E+21,1.14439E+16,5.00998E+16
87062,9,2,74,187,2018,7,16,6,3,2,6,0,0,1,0,0,0,0,1,7.19222E+20,5.3912E+21,1.19757E+16,4.86354E+16
87063,9,4,72,116,2018,7,7,3,3,0,6,0,0,1,0,0,0,0,0,6.91426E+20,5.54856E+21,1.16745E+16,5.00584E+16
87064,9,5,62,0,2018,7,6,5,3,2,6,0,0,1,0,1,0,0,0,6.41916E+20,5.49167E+21,1.09625E+16,4.9561E+16
87065,9,5,64,0,2018,7,5,4,3,6,1,0,1,0,1,0,0,0,0,6.51319E+20,5.47728E+21,1.10869E+16,4.94293E+16
87066,9,4,71,165,2018,7,20,3,2,2,6,0,0,1,0,0,1,0,0,6.30347E+20,5.53188E+21,1.0816E+16,4.9925E+16
87067,9,6,73,114,2018,7,22,6,3,5,3,2,0,1,0,0,0,0,0,5.87229E+20,5.57686E+21,1.02258E+16,5.03374E+16
87068,9,2,75,137,2018,7,17,5,3,8,1,0,0,0,0,1,0,0,0,8.48183E+20,5.38514E+21,1.37161E+16,4.85226E+16
87069,9,5,64,0,2018,7,8,4,3,2,6,0,0,1,0,0,0,0,0,6.48077E+20,5.47132E+21,1.104E+16,4.93766E+16
87070,9,7,80,132,2018,7,15,4,3,0,1,0,1,0,0,0,0,0,0,5.7881E+20,5.26741E+21,1.00475E+16,4.75554E+16
87071,9,1,81,130,2018,7,11,6,3,9,1,0,0,1,0,0,0,0,1,6.39768E+20,5.32511E+21,1.0876E+16,4.8064E+16
87072,9,4,71,145,2018,7,5,3,3,0,6,0,0,1,0,0,1,0,0,6.44507E+20,5.52096E+21,1.10091E+16,4.98237E+16
87073,9,4,72,188,2018,7,16,6,3,2,6,0,0,1,0,0,0,0,0,6.96227E+20,5.5294E+21,1.17317E+16,4.98848E+16
87074,9,1,74,136,2018,7,7,5,3,0,4,0,0,1,1,1,0,0,0,6.8259E+20,5.36452E+21,1.14673E+16,4.84073E+16
87075,9,4,71,189,2018,7,21,3,2,6,7,1,0,1,1,0,0,0,0,6.55333E+20,5.54025E+21,1.11673E+16,4.99943E+16
87076,9,7,73,144,2018,7,7,5,3,2,6,0,0,1,0,0,0,0,0,6.06352E+20,5.38236E+21,1.04421E+16,4.85853E+16
87077,9,4,71,142,2018,7,19,3,2,5,6,0,0,1,0,1,0,0,0,6.52839E+20,5.52399E+21,1.11261E+16,4.98489E+16
87078,9,1,90,130,2018,7,12,6,3,0,1,0,0,0,0,1,0,0,1,6.51761E+20,5.29455E+21,1.10261E+16,4.77865E+16
87079,9,4,61,0,2018,7,12,3,3,2,6,0,1,1,0,0,0,0,0,6.37229E+20,5.52538E+21,1.09095E+16,4.98651E+16
87080,9,5,61,0,2018,7,6,5,3,2,6,0,0,1,0,0,0,0,0,6.07824E+20,5.45881E+21,1.04823E+16,4.92726E+16
87081,9,5,64,0,2018,7,6,4,2,0,6,0,0,1,0,0,0,0,0,6.55229E+20,5.48115E+21,1.11423E+16,4.94631E+16
87082,9,7,77,152,2018,7,12,5,2,0,1,0,0,0,0,1,0,0,0,6.24833E+20,5.30332E+21,1.06693E+16,4.78711E+16
87083,9,4,61,0,2018,7,11,3,3,3,6,0,0,1,0,1,0,0,0,6.35574E+20,5.52635E+21,1.08869E+16,4.98742E+16
87084,9,2,73,164,2018,7,19,6,2,8,1,1,0,1,0,0,0,0,0,6.96822E+20,5.42668E+21,1.1689E+16,4.89617E+16
87085,9,3,74,162,2018,7,5,3,2,8,1,0,0,1,0,0,0,0,0,7.39136E+20,5.5033E+21,1.2312E+16,4.96348E+16
87086,9,5,64,0,2018,7,13,5,3,5,2,0,1,1,0,0,0,0,0,6.51765E+20,5.4774E+21,1.10931E+16,4.94303E+16
87087,9,5,64,0,2018,7,17,4,2,0,1,0,1,0,0,0,0,0,0,6.51125E+20,5.47317E+21,1.10827E+16,4.93924E+16
87088,9,3,74,111,2018,7,16,3,3,2,6,0,0,0,0,1,0,0,0,7.26477E+20,5.51312E+21,1.21427E+16,4.97279E+16
87089,9,6,72,145,2018,7,9,6,3,2,2,0,0,1,0,0,0,0,0,5.60515E+20,5.57402E+21,9.84996E+15,5.03151E+16
87090,9,2,74,112,2018,7,23,5,3,8,7,2,0,1,0,0,0,0,1,7.55097E+20,5.37729E+21,1.24533E+16,4.84969E+16
87091,9,4,76,164,2018,7,16,4,3,8,7,0,0,1,0,0,0,0,0,6.65127E+20,5.5821E+21,1.1322E+16,5.03678E+16
87092,9,1,81,130,2018,7,19,6,3,0,7,0,1,0,0,0,0,0,1,6.39922E+20,5.32348E+21,1.08776E+16,4.80492E+16
87093,9,3,62,0,2018,7,14,3,3,3,6,0,0,1,0,0,1,0,0,7.26868E+20,5.43115E+21,1.21014E+16,4.89916E+16
87094,9,3,72,126,2018,7,14,6,3,1,6,0,0,1,0,0,0,0,1,7.78319E+20,5.468E+21,1.28287E+16,4.93013E+16
87095,9,1,78,113,2018,7,15,5,3,5,3,0,0,1,0,0,0,1,0,6.91665E+20,5.36728E+21,1.15911E+16,4.84295E+16
87096,9,3,75,117,2018,7,9,3,3,1,1,0,0,0,0,0,1,0,0,7.4317E+20,5.43235E+21,1.23246E+16,4.89961E+16
87097,9,7,63,0,2018,7,15,4,3,2,6,0,0,1,0,0,0,0,1,5.97812E+20,5.2869E+21,1.03044E+16,4.7728E+16
87098,9,7,71,142,2018,7,20,5,3,0,7,0,1,0,0,0,0,0,0,6.45184E+20,5.35427E+21,1.09587E+16,4.8325E+16
87099,9,3,75,117,2018,7,16,3,2,1,6,0,0,0,0,0,1,0,0,7.37058E+20,5.43163E+21,1.22408E+16,4.89921E+16
87100,9,4,72,175,2018,7,19,5,3,9,1,1,0,1,0,0,0,0,1,6.7986E+20,5.52063E+21,1.15E+16,4.98111E+16
87101,9,4,62,0,2018,7,12,4,3,2,6,0,0,1,0,1,0,0,0,6.87422E+20,5.53506E+21,1.1612E+16,4.99384E+16
87102,9,3,62,0,2018,7,22,3,3,3,6,2,0,1,0,0,1,0,0,7.24945E+20,5.43102E+21,1.20751E+16,4.89911E+16
87103,9,5,74,158,2018,7,11,6,3,5,3,0,0,1,0,0,0,0,0,6.72396E+20,5.5023E+21,1.13883E+16,4.96486E+16
87104,9,1,71,116,2018,7,16,5,2,2,2,0,0,1,0,0,0,0,0,7.67955E+20,5.33099E+21,1.25976E+16,4.80758E+16
87105,9,4,74,123,2018,7,11,4,3,2,6,0,0,1,0,0,0,0,0,6.4658E+20,5.51515E+21,1.10357E+16,4.97709E+16
87106,9,3,62,0,2018,7,9,3,3,2,6,0,0,1,0,1,0,0,0,7.30147E+20,5.43195E+21,1.21466E+16,4.89975E+16
87107,9,1,75,128,2018,7,14,6,2,8,6,0,0,1,0,0,0,0,1,7.13037E+20,5.32506E+21,1.18584E+16,4.80432E+16
87108,9,3,75,179,2018,7,7,3,3,8,1,0,0,1,0,0,0,0,0,7.31965E+20,5.42922E+21,1.21699E+16,4.89723E+16
87109,9,6,61,0,2018,7,18,6,3,2,6,0,0,1,0,0,0,0,0,5.11981E+20,5.5374E+21,9.16714E+15,4.99888E+16
87110,9,1,90,133,2018,7,0,5,2,9,7,2,0,1,0,0,0,0,0,6.36549E+20,5.29589E+21,1.08236E+16,4.78019E+16
87111,9,4,74,121,2018,7,15,4,3,2,6,0,0,1,0,0,0,0,0,6.57527E+20,5.51687E+21,1.11883E+16,4.97836E+16
87112,9,3,73,121,2018,7,14,3,3,2,2,0,0,1,0,0,0,0,0,6.86348E+20,5.4361E+21,1.15504E+16,4.90496E+16
87113,9,1,84,135,2018,7,18,6,3,2,6,0,0,1,0,0,0,0,0,6.93163E+20,5.34498E+21,1.16011E+16,4.82286E+16
87114,9,3,73,146,2018,7,14,3,3,5,2,0,0,1,0,0,1,0,0,6.77504E+20,5.44823E+21,1.14348E+16,4.91612E+16
87115,9,2,71,125,2018,7,20,6,3,2,6,0,0,1,0,0,0,0,0,8.00021E+20,5.40796E+21,1.30821E+16,4.87523E+16
87116,9,1,62,0,2018,7,18,4,3,0,7,0,0,0,0,0,0,1,0,6.82722E+20,5.33599E+21,1.14568E+16,4.81508E+16