OBJECTID_1,ULAND,UREGBEZ,UKREIS,UGEMEINDE,UJAHR,UMONAT,USTUNDE,UWOCHENTAG,UKATEGORIE,UART,UTYP1,ULICHTVERH,IstRad,IstPKW,IstFuss,IstKrad,IstGkfz,IstSonstig,STRZUSTAND,LINREFX,LINREFY,XGCSWGS84,YGCSWGS84
87117,9,3,72,117,2018,7,5,3,3,4,6,0,0,1,0,0,1,0,0,7.73438E+20,5.45399E+21,1.27522E+16,4.91777E+16
87118,9,6,73,113,2018,7,17,5,2,8,1,0,0,1,0,0,0,0,1,6.03518E+20,5.57553E+21,1.04542E+16,5.03227E+16
87119,9,3,76,117,2018,7,7,3,3,5,3,0,0,1,0,0,0,0,0,7.4018E+20,5.45933E+21,1.22999E+16,4.92396E+16
87120,9,3,74,121,2018,7,14,5,3,7,7,0,0,1,0,0,0,0,0,7.34426E+20,5.51019E+21,1.22511E+16,4.96986E+16
87121,9,4,71,155,2018,7,6,4,3,5,3,0,1,1,0,0,0,0,0,6.43877E+20,5.53226E+21,1.10045E+16,4.99254E+16
87122,9,3,76,170,2018,7,7,3,3,0,3,0,0,0,0,1,0,1,0,7.28102E+20,5.45651E+21,1.21326E+16,4.92189E+16
87123,9,5,64,0,2018,7,14,6,3,2,6,0,0,1,0,0,0,0,0,6.51792E+20,5.47742E+21,1.10935E+16,4.94305E+16
87124,9,1,87,126,2018,7,12,5,2,0,7,0,1,0,0,0,0,0,0,7.41406E+20,5.32463E+21,1.22382E+16,4.80293E+16
87125,9,3,71,113,2018,7,8,3,3,8,6,0,0,1,0,0,0,0,0,6.88353E+20,5.50566E+21,1.16107E+16,4.9674E+16
87126,9,7,74,121,2018,7,19,5,3,8,1,0,0,1,0,0,0,0,1,6.00059E+20,5.36521E+21,1.03527E+16,4.84321E+16
87127,9,2,71,119,2018,7,12,3,2,0,1,0,0,0,0,0,1,0,0,7.89324E+20,5.41474E+21,1.29417E+16,4.88182E+16
87128,9,2,72,120,2018,7,9,6,2,0,1,0,0,1,0,0,1,0,0,8.21125E+20,5.42047E+21,1.33782E+16,4.8854E+16
87129,9,2,78,151,2018,7,14,3,3,5,2,0,1,1,0,0,0,0,0,7.69387E+20,5.43163E+21,1.26818E+16,4.89788E+16
87130,9,5,76,151,2018,7,11,5,3,5,3,0,0,1,0,0,1,0,0,6.54783E+20,5.47132E+21,1.11323E+16,4.93749E+16
87131,9,2,78,118,2018,7,20,3,3,5,3,0,0,1,0,0,0,0,0,7.70671E+20,5.42778E+21,1.26968E+16,4.89437E+16
87132,9,2,78,134,2018,7,16,6,3,9,7,0,0,1,0,0,0,0,1,7.67247E+20,5.43369E+21,1.2654E+16,4.89982E+16
87133,9,7,75,139,2018,7,16,4,3,5,3,0,0,1,0,0,0,0,0,5.8098E+20,5.3653E+21,1.00948E+16,4.84356E+16
87134,9,2,71,127,2018,7,2,3,2,2,6,2,0,1,0,0,0,0,0,8.08142E+20,5.40276E+21,1.31884E+16,4.87017E+16
87135,9,6,71,111,2018,7,8,5,3,2,6,0,0,1,0,0,0,0,0,5.05766E+20,5.54958E+21,9.08062E+15,5.00985E+16
87136,9,2,75,126,2018,7,6,3,3,5,3,0,0,1,0,1,0,0,0,8.4548E+20,5.40118E+21,1.36929E+16,4.8668E+16
87137,9,3,73,156,2018,7,10,5,3,5,3,0,1,1,0,0,0,0,0,6.68032E+20,5.46026E+21,1.131E+16,4.9272E+16
87138,9,3,77,154,2018,7,16,4,3,9,1,0,0,1,0,0,0,0,0,7.3735E+20,5.53248E+21,1.23051E+16,4.98976E+16
87139,9,1,71,132,2018,7,17,6,3,9,1,0,0,1,0,0,0,0,1,7.67618E+20,5.35156E+21,1.26061E+16,4.82606E+16
87140,9,2,74,114,2018,7,22,3,3,4,6,2,0,1,0,0,0,1,0,7.37051E+20,5.37136E+21,1.2206E+16,4.84507E+16
87141,9,5,75,121,2018,7,6,6,3,2,6,0,0,1,0,0,0,0,1,6.24575E+20,5.49062E+21,1.07225E+16,4.95554E+16
87142,9,1,86,122,2018,7,14,5,3,5,3,0,0,0,0,1,1,0,0,6.92845E+20,5.39464E+21,1.16197E+16,4.8675E+16
87143,9,6,77,157,2018,7,12,4,3,3,7,0,1,1,0,0,0,0,0,5.4331E+20,5.52174E+21,9.60241E+15,4.98465E+16
87144,9,2,73,147,2018,7,14,3,3,5,6,0,0,1,0,0,0,0,0,7.04379E+20,5.38688E+21,1.17724E+16,4.86016E+16
87145,9,7,77,151,2018,7,6,5,3,5,3,0,0,1,0,0,0,0,0,6.24403E+20,5.29378E+21,1.06608E+16,4.77854E+16
87146,9,2,74,146,2018,7,17,3,3,4,2,0,1,1,0,0,0,0,0,7.33119E+20,5.37786E+21,1.21566E+16,4.85105E+16
87147,9,2,61,0,2018,7,22,6,2,4,1,2,0,1,0,0,0,0,0,7.32101E+20,5.38366E+21,1.2146E+16,4.8563E+16
87148,9,2,73,111,2018,7,15,3,3,9,6,0,0,1,0,0,1,0,0,7.11179E+20,5.41209E+21,1.18774E+16,4.88259E+16
87149,9,5,63,0,2018,7,16,5,3,3,3,0,0,1,0,1,0,0,1,6.45757E+20,5.48116E+21,1.10117E+16,4.94656E+16
87150,9,3,62,0,2018,7,17,4,3,2,6,0,0,1,0,0,0,0,1,7.2482E+20,5.43519E+21,1.20757E+16,4.90286E+16
87151,9,2,79,134,2018,7,6,3,2,4,6,0,0,1,0,0,0,0,0,7.6774E+20,5.38795E+21,1.26309E+16,4.85873E+16
87152,9,6,78,193,2018,7,14,6,3,4,2,0,0,1,0,0,0,0,0,5.76608E+20,5.53273E+21,1.00677E+16,4.9942E+16
87153,9,2,75,151,2018,7,9,5,3,5,3,0,0,1,0,0,0,0,0,8.25476E+20,5.39468E+21,1.3417E+16,4.86204E+16
87154,9,3,75,130,2018,7,17,4,2,3,6,0,0,1,0,1,0,0,1,7.37895E+20,5.43786E+21,1.22558E+16,4.90476E+16
87155,9,1,88,113,2018,7,18,6,2,9,1,0,0,1,0,0,0,0,1,6.78101E+20,5.31065E+21,1.13841E+16,4.79244E+16
87156,9,1,88,139,2018,7,18,3,3,0,7,0,0,1,0,0,0,1,0,6.76991E+20,5.31925E+21,1.13728E+16,4.8002E+16
87157,9,4,74,129,2018,7,8,6,3,9,1,0,0,1,0,0,0,0,1,6.66645E+20,5.51826E+21,1.13155E+16,4.97936E+16
87158,9,1,90,138,2018,7,9,3,3,4,6,0,0,0,0,0,1,0,0,6.61232E+20,5.30977E+21,1.11582E+16,4.79209E+16
87159,9,2,76,138,2018,7,23,5,3,0,2,2,0,1,0,0,0,0,0,8.02466E+20,5.43242E+21,1.31334E+16,4.89705E+16
87160,9,1,76,161,2018,7,13,6,3,2,6,0,0,1,0,0,0,0,1,6.81199E+20,5.41239E+21,1.14694E+16,4.8838E+16
87161,9,1,90,117,2018,7,13,3,2,9,7,0,0,1,0,0,0,0,0,6.49819E+20,5.29052E+21,1.09988E+16,4.77506E+16
87162,9,4,75,154,2018,7,7,6,2,8,6,0,0,1,0,0,1,0,0,6.97373E+20,5.56346E+21,1.17652E+16,5.01904E+16
87163,9,1,81,115,2018,7,8,5,3,0,6,0,0,1,0,0,0,0,0,6.57586E+20,5.32708E+21,1.11158E+16,4.80775E+16
87164,9,1,90,154,2018,7,17,3,3,0,7,0,0,1,0,0,0,0,0,6.39324E+20,5.28469E+21,1.0857E+16,4.77005E+16
87165,9,7,79,154,2018,7,16,5,3,0,7,0,0,0,0,1,0,0,1,6.19224E+20,5.42302E+21,1.06284E+16,4.89486E+16
87166,9,1,90,141,2018,7,12,3,3,7,3,0,1,1,0,0,0,0,0,6.77448E+20,5.29243E+21,1.13679E+16,4.77608E+16
87167,9,1,80,127,2018,7,12,6,3,9,1,0,0,1,0,0,0,0,1,6.65745E+20,5.27734E+21,1.12062E+16,4.76282E+16
87168,9,1,90,141,2018,7,13,3,3,0,7,0,1,0,0,0,0,0,0,6.77691E+20,5.29192E+21,1.1371E+16,4.77562E+16
87169,9,5,77,136,2018,7,14,5,2,5,3,0,0,1,0,1,0,0,0,6.25677E+20,5.44163E+21,1.07222E+16,4.91146E+16
87170,9,1,80,134,2018,7,15,3,3,5,3,0,1,1,0,0,0,0,0,6.55575E+20,5.28667E+21,1.10742E+16,4.77147E+16
87171,9,6,71,155,2018,7,20,6,2,9,1,0,0,0,0,1,0,0,0,5.03615E+20,5.53715E+21,9.05043E+15,4.99867E+16
87172,9,2,61,0,2018,7,13,5,3,2,6,0,0,1,0,1,0,0,0,7.31803E+20,5.38122E+21,1.21406E+16,4.85412E+16
87173,9,1,88,126,2018,7,17,6,3,5,2,0,0,1,0,0,0,0,1,6.60111E+20,5.32675E+21,1.11495E+16,4.80739E+16
87174,9,1,80,116,2018,7,13,3,3,3,6,0,0,1,0,1,0,0,0,6.59861E+20,5.26821E+21,1.11246E+16,4.75476E+16
87175,9,3,75,127,2018,7,10,6,3,8,7,0,0,1,0,0,0,0,1,7.07964E+20,5.43379E+21,1.18447E+16,4.90219E+16
87176,9,1,62,0,2018,7,8,4,3,2,2,0,0,1,0,0,0,0,0,6.89194E+20,5.33062E+21,1.15413E+16,4.81008E+16
87177,9,1,87,118,2018,7,8,3,3,2,6,0,0,1,0,0,1,0,0,7.52931E+20,5.30197E+21,1.23792E+16,4.78213E+16
87178,9,6,79,205,2018,7,17,5,3,4,1,0,0,1,0,0,0,0,1,5.59869E+20,5.51532E+21,9.83171E+15,4.97873E+16
87179,9,1,78,113,2018,7,12,5,3,2,6,0,0,1,0,0,0,0,0,6.91703E+20,5.36423E+21,1.15902E+16,4.84021E+16
87180,9,1,83,139,2018,7,14,3,3,5,3,0,0,1,0,0,0,0,0,7.34839E+20,5.33447E+21,1.21557E+16,4.81201E+16
87181,9,7,72,145,2018,7,11,5,3,1,6,0,0,1,0,0,0,0,0,6.32481E+20,5.36686E+21,1.07914E+16,4.84409E+16
87182,9,1,89,133,2018,7,15,3,3,5,3,0,0,1,0,0,0,0,0,7.52663E+20,5.32132E+21,1.2387E+16,4.79952E+16
87183,9,1,80,117,2018,7,12,6,3,2,6,0,0,1,0,0,0,0,1,6.59408E+20,5.26151E+21,1.11161E+16,4.74875E+16
87184,9,1,83,138,2018,7,14,3,3,2,1,0,0,1,0,0,0,0,0,7.45219E+20,5.34557E+21,1.23013E+16,4.82159E+16
87185,9,4,75,168,2018,7,17,5,3,8,6,0,0,1,0,0,0,0,0,7.04006E+20,5.56516E+21,1.18589E+16,5.02034E+16
87186,9,1,83,125,2018,7,17,3,3,3,2,0,0,1,0,1,0,0,0,7.55064E+20,5.35626E+21,1.24401E+16,4.83081E+16
87187,9,6,71,143,2018,7,11,6,3,5,2,0,0,1,0,0,0,1,0,5.10812E+20,5.54821E+21,9.15114E+15,5.0086E+16
87188,9,1,90,141,2018,7,7,5,3,2,6,0,0,1,0,1,0,0,0,6.79479E+20,5.29055E+21,1.13942E+16,4.77433E+16
87189,9,1,63,0,2018,7,10,3,3,5,3,0,1,1,0,0,0,0,0,7.34563E+20,5.30428E+21,1.21355E+16,4.7849E+16
87190,9,1,78,137,2018,7,17,6,3,2,6,0,0,1,0,0,0,0,0,6.91859E+20,5.36376E+21,1.15921E+16,4.83978E+16
87191,9,1,87,167,2018,7,19,3,3,8,1,0,0,1,0,0,0,0,0,7.39159E+20,5.30385E+21,1.21966E+16,4.78435E+16
87192,9,2,71,141,2018,7,15,6,3,2,6,0,0,1,0,0,0,0,1,7.97982E+20,5.40409E+21,1.30516E+16,4.87185E+16
87193,9,7,64,0,2018,7,14,4,3,2,6,0,0,0,0,0,1,1,0,5.88487E+20,5.31685E+21,1.01862E+16,4.79988E+16
87194,9,1,87,177,2018,7,17,3,3,2,6,0,0,1,0,0,0,0,0,7.36044E+20,5.30428E+21,1.21552E+16,4.78484E+16
87195,9,6,62,0,2018,7,17,5,3,1,5,0,0,1,0,1,0,0,1,5.88112E+20,5.54622E+21,1.02311E+16,5.00617E+16
87196,9,1,87,132,2018,7,9,3,3,4,2,0,0,1,0,0,0,0,0,7.46476E+20,5.29989E+21,1.2292E+16,4.78051E+16
87197,9,3,62,0,2018,7,20,5,3,4,1,0,0,1,0,0,0,0,0,7.25157E+20,5.43527E+21,1.20803E+16,4.90292E+16
87198,9,7,76,125,2018,7,19,4,2,5,3,0,0,0,0,1,1,0,0,5.63522E+20,5.27136E+21,9.84493E+15,4.75925E+16
87199,9,1,87,162,2018,7,19,3,3,0,6,0,0,1,0,1,0,0,0,7.50163E+20,5.30566E+21,1.23445E+16,4.78556E+16
87200,9,5,73,134,2018,7,22,6,2,0,1,2,1,0,0,0,0,0,0,6.40281E+20,5.47728E+21,1.09348E+16,4.9432E+16
87201,9,1,61,0,2018,7,9,5,3,2,6,0,0,1,0,0,0,1,0,6.78932E+20,5.40186E+21,1.1434E+16,4.8744E+16
87202,9,1,87,150,2018,7,11,3,2,2,2,0,1,1,0,0,0,0,0,7.28953E+20,5.30434E+21,1.20606E+16,4.78515E+16
87203,9,4,62,0,2018,7,8,5,3,2,6,0,0,1,0,0,0,0,0,6.84392E+20,5.53556E+21,1.15701E+16,4.99439E+16
87204,9,1,61,0,2018,7,7,3,3,2,6,0,0,1,0,0,1,0,0,6.80817E+20,5.40497E+21,1.1461E+16,4.87715E+16
87205,9,5,63,0,2018,7,11,6,3,0,7,0,1,0,0,0,0,0,0,6.44176E+20,5.48248E+21,1.09903E+16,4.94779E+16
87206,9,1,89,145,2018,7,17,5,3,5,3,0,0,1,0,0,0,0,0,7.72601E+20,5.30027E+21,1.26404E+16,4.7798E+16
87207,9,1,86,137,2018,7,22,3,3,4,2,2,0,1,0,1,0,0,0,6.84062E+20,5.39794E+21,1.1502E+16,4.87073E+16
87208,9,1,62,0,2018,7,13,5,3,5,2,0,0,1,0,0,0,0,0,6.9131E+20,5.33112E+21,1.15699E+16,4.81046E+16
87209,9,1,85,149,2018,7,10,3,3,4,6,0,0,1,0,0,1,0,0,6.65762E+20,5.39913E+21,1.12539E+16,4.87231E+16
87210,9,2,75,150,2018,7,12,6,3,1,2,0,0,1,0,0,1,0,0,8.32762E+20,5.39191E+21,1.35133E+16,4.85917E+16
87211,9,7,75,135,2018,7,19,4,3,0,7,0,1,0,0,0,0,0,0,5.75476E+20,5.36143E+21,1.00198E+16,4.84015E+16
87212,9,1,85,163,2018,7,18,3,3,5,2,0,1,1,0,0,0,0,0,6.6475E+20,5.39311E+21,1.12377E+16,4.86693E+16
87213,9,5,62,0,2018,7,1,5,3,1,6,2,0,1,0,0,0,0,0,6.46825E+20,5.48932E+21,1.10294E+16,4.95387E+16
87214,9,1,85,168,2018,7,23,3,3,4,6,2,0,1,0,1,0,0,0,6.71641E+20,5.39623E+21,1.13326E+16,4.86955E+16
87215,9,3,61,0,2018,7,14,5,2,0,1,0,1,0,0,0,0,0,0,7.07861E+20,5.4805E+21,1.18675E+16,4.94416E+16
87216,9,1,87,169,2018,7,11,6,3,2,6,0,0,1,0,0,0,0,1,7.37882E+20,5.29922E+21,1.2177E+16,4.78024E+16
87217,9,1,76,123,2018,7,18,3,3,0,1,0,0,0,0,1,0,0,0,6.57942E+20,5.41904E+21,1.11553E+16,4.89042E+16
87218,9,5,71,171,2018,7,0,6,3,4,6,2,0,0,0,0,1,0,1,6.09812E+20,5.46618E+21,1.05116E+16,4.93385E+16
87219,9,1,76,153,2018,7,5,5,2,5,3,0,0,1,0,1,0,0,0,6.97405E+20,5.40827E+21,1.16881E+16,4.8796E+16
87220,9,6,75,141,2018,7,17,4,2,0,7,0,0,0,0,1,0,0,0,5.83708E+20,5.5084E+21,1.01613E+16,4.97222E+16
87221,9,1,62,0,2018,7,14,3,3,3,6,0,0,1,0,0,1,0,0,6.83333E+20,5.34254E+21,1.14678E+16,4.82096E+16
87222,9,7,62,0,2018,7,17,5,3,4,6,0,1,1,0,0,0,0,0,6.20948E+20,5.30445E+21,1.06177E+16,4.78819E+16
87223,9,1,79,142,2018,7,7,3,2,2,6,0,0,1,0,0,0,0,0,6.76696E+20,5.34299E+21,1.13787E+16,4.82155E+16
87224,9,2,73,137,2018,7,14,6,3,4,1,0,0,1,0,0,0,0,1,7.09391E+20,5.42121E+21,1.18577E+16,4.89084E+16
87225,9,5,64,0,2018,7,8,2,3,5,3,0,1,1,0,0,0,0,0,6.52465E+20,5.47753E+21,1.11028E+16,4.94313E+16
87226,9,1,89,127,2018,7,15,1,3,4,6,0,1,0,0,0,0,0,0,7.8514E+20,5.31995E+21,1.28205E+16,4.79693E+16
87227,9,7,64,0,2018,7,13,3,3,3,6,0,0,1,0,0,1,0,0,5.86142E+20,5.31672E+21,1.01547E+16,4.7998E+16
87228,9,3,77,141,2018,7,19,7,2,2,6,0,0,0,0,1,0,0,0,7.34689E+20,5.54158E+21,1.22737E+16,4.99803E+16
87229,9,6,79,193,2018,7,10,3,3,2,6,0,0,0,0,0,1,0,0,5.7458E+20,5.51115E+21,1.00353E+16,4.97482E+16
87230,9,1,89,149,2018,7,10,2,3,2,6,0,0,1,0,0,0,0,0,7.65772E+20,5.3311E+21,1.25684E+16,4.80777E+16
87231,9,7,71,142,2018,7,13,7,2,0,3,0,0,0,0,1,0,1,0,6.47479E+20,5.35118E+21,1.09885E+16,4.82966E+16
87232,9,1,76,131,2018,7,13,2,3,2,6,0,0,1,0,0,0,0,0,6.8124E+20,5.41227E+21,1.14699E+16,4.88369E+16
87233,9,1,61,0,2018,7,8,3,2,2,6,0,0,1,0,1,0,0,0,6.79743E+20,5.40501E+21,1.14464E+16,4.87721E+16
87234,9,4,75,182,2018,7,21,3,3,9,7,2,0,0,0,0,1,0,0,7.11274E+20,5.58224E+21,1.19701E+16,5.03543E+16
87235,9,7,71,142,2018,7,17,4,3,2,6,0,0,1,0,0,0,0,0,6.454E+20,5.35303E+21,1.09611E+16,4.83138E+16
87236,9,4,61,0,2018,7,17,7,3,6,6,0,1,0,1,0,0,0,0,6.35356E+20,5.52997E+21,1.08851E+16,4.99068E+16
87237,9,7,73,140,2018,7,15,2,3,8,7,0,0,0,0,1,0,0,0,6.11658E+20,5.37257E+21,1.05114E+16,4.84963E+16
87238,9,2,63,0,2018,7,17,4,3,1,3,0,0,1,0,0,0,1,0,7.61967E+20,5.41965E+21,1.25729E+16,4.88744E+16
87239,9,3,63,0,2018,7,18,7,3,4,2,0,0,1,0,0,0,0,0,7.28185E+20,5.50833E+21,1.21635E+16,4.96842E+16
87240,9,3,63,0,2018,7,17,2,3,2,6,0,0,1,0,0,0,0,0,7.25874E+20,5.50901E+21,1.2132E+16,4.96912E+16
87241,9,1,76,143,2018,7,17,1,3,0,1,0,1,0,0,0,0,0,0,6.81548E+20,5.40903E+21,1.14727E+16,4.88077E+16
87242,9,3,77,154,2018,7,18,7,3,0,3,0,1,1,0,0,0,0,0,7.39896E+20,5.53076E+21,1.23395E+16,4.98811E+16
87243,9,6,71,122,2018,7,17,3,2,9,7,0,0,1,0,0,0,0,0,5.0613E+20,5.53084E+21,9.08541E+15,4.99299E+16
87244,9,6,76,144,2018,7,19,7,2,0,7,0,1,0,0,0,0,0,0,5.09217E+20,5.52906E+21,9.12837E+15,4.99139E+16
87245,9,1,77,116,2018,7,8,2,3,2,6,0,0,1,0,0,1,0,0,7.11577E+20,5.36439E+21,1.18585E+16,4.83972E+16
87246,9,1,79,142,2018,7,18,3,3,0,7,0,1,0,0,0,0,0,0,6.72917E+20,5.34169E+21,1.13274E+16,4.82049E+16
87247,9,3,71,136,2018,7,16,3,3,5,3,0,0,1,0,0,0,0,0,7.08318E+20,5.4789E+21,1.18729E+16,4.94271E+16
87248,9,6,72,114,2018,7,15,4,3,2,2,0,0,1,0,0,0,0,0,5.7789E+20,5.56185E+21,1.00915E+16,5.02037E+16
87249,9,3,77,154,2018,7,16,7,3,4,2,0,0,1,0,0,0,0,0,7.39976E+20,5.52885E+21,1.23394E+16,4.98639E+16
87250,9,6,72,135,2018,7,7,2,3,5,3,0,1,1,0,0,0,0,0,5.93584E+20,5.56822E+21,1.03129E+16,5.02587E+16
87251,9,1,62,0,2018,7,17,3,3,1,6,0,0,1,0,0,0,1,1,6.8427E+20,5.34257E+21,1.14804E+16,4.82096E+16
87252,9,3,77,132,2018,7,7,3,3,0,2,0,0,1,0,0,0,0,0,7.21857E+20,5.52384E+21,1.20848E+16,4.98259E+16
87253,9,6,75,178,2018,7,16,4,2,8,7,0,0,1,1,0,0,0,1,5.94166E+20,5.51525E+21,1.03081E+16,4.97823E+16
87254,9,3,77,116,2018,7,10,7,3,0,7,0,0,1,0,1,0,0,0,7.19195E+20,5.52508E+21,1.20485E+16,4.98381E+16
87255,9,5,76,113,2018,7,13,1,3,2,6,0,0,1,0,0,0,0,0,6.61232E+20,5.45782E+21,1.12156E+16,4.92519E+16
87256,9,7,61,0,2018,7,22,2,2,5,3,2,1,0,0,1,0,0,0,6.43623E+20,5.35759E+21,1.09387E+16,4.83551E+16
87257,9,5,74,147,2018,7,15,1,2,8,1,0,0,0,0,1,0,0,0,6.81399E+20,5.49068E+21,1.15075E+16,4.95416E+16
87258,9,1,83,144,2018,7,15,4,3,5,3,0,0,1,0,0,1,0,0,7.43028E+20,5.35204E+21,1.22756E+16,4.82748E+16
87259,9,3,72,112,2018,7,22,7,3,9,1,2,0,1,0,0,0,0,0,7.75169E+20,5.465E+21,1.27834E+16,4.92757E+16
87260,9,3,73,115,2018,7,14,2,2,8,1,0,0,0,0,1,0,0,0,6.93002E+20,5.43738E+21,1.1642E+16,4.90591E+16
87261,9,1,81,138,2018,7,17,1,3,2,6,0,0,1,0,0,0,0,0,6.3997E+20,5.33474E+21,1.08819E+16,4.81505E+16
87262,9,3,72,144,2018,7,15,7,3,8,1,0,0,0,0,1,0,0,0,7.95049E+20,5.46238E+21,1.30541E+16,4.9243E+16
87263,9,5,62,0,2018,7,18,3,3,3,2,0,0,1,0,1,0,0,0,6.43529E+20,5.49289E+21,1.09852E+16,4.95716E+16
87264,9,1,84,122,2018,7,18,4,3,1,5,0,0,1,0,0,0,0,0,6.89393E+20,5.32605E+21,1.1542E+16,4.80596E+16
87265,9,5,76,122,2018,7,18,7,2,0,6,0,1,1,0,0,0,0,0,6.69644E+20,5.43727E+21,1.13225E+16,4.90649E+16
87266,9,1,62,0,2018,7,14,1,3,5,3,0,1,1,0,0,0,0,0,6.88016E+20,5.3439E+21,1.15314E+16,4.82205E+16
87267,9,1,84,118,2018,7,17,2,3,2,6,0,0,1,0,0,0,0,0,7.02615E+20,5.33711E+21,1.17245E+16,4.81549E+16
87268,9,2,77,113,2018,7,18,3,3,5,3,0,0,1,0,1,0,0,0,8.02483E+20,5.37385E+21,1.30907E+16,4.8445E+16
87269,9,5,76,137,2018,7,16,4,2,2,6,0,1,1,0,0,0,0,0,6.51177E+20,5.4618E+21,1.10791E+16,4.92902E+16
87270,9,3,62,0,2018,7,11,7,3,5,3,0,0,1,0,0,0,1,0,7.27486E+20,5.43329E+21,1.2111E+16,4.90106E+16
87271,9,6,71,157,2018,7,16,2,3,2,6,0,0,1,0,1,0,0,0,5.29406E+20,5.5266E+21,9.40939E+15,4.9891E+16
87272,9,2,79,116,2018,7,17,1,2,5,3,0,0,1,0,0,0,0,0,7.59366E+20,5.39603E+21,1.25226E+16,4.86634E+16
87273,9,1,77,133,2018,7,12,4,3,2,6,0,0,1,0,0,0,1,0,7.13198E+20,5.35695E+21,1.18766E+16,4.83297E+16
87274,9,3,73,151,2018,7,16,7,3,1,6,0,0,1,0,0,0,0,0,6.98993E+20,5.45062E+21,1.17304E+16,4.91761E+16
87275,9,2,77,144,2018,7,19,2,3,5,3,0,0,1,0,0,0,0,0,7.83557E+20,5.37932E+21,1.28391E+16,4.85029E+16
87276,9,7,74,135,2018,7,22,7,3,4,2,2,0,1,0,0,0,0,0,5.9371E+20,5.36754E+21,1.02674E+16,4.8454E+16
87277,9,2,62,0,2018,7,17,1,3,0,2,0,0,0,0,1,0,0,0,8.30098E+20,5.39058E+21,1.34762E+16,4.85812E+16
87278,9,1,85,140,2018,7,13,4,3,9,1,0,0,1,0,0,0,0,0,6.77778E+20,5.39086E+21,1.14136E+16,4.86455E+16
87279,9,3,71,151,2018,7,16,7,2,0,7,0,1,0,0,0,0,0,0,6.99653E+20,5.48608E+21,1.17572E+16,4.94945E+16
87280,9,3,71,128,2018,7,13,2,2,5,3,0,1,0,0,0,0,1,0,6.87151E+20,5.49282E+21,1.15879E+16,4.9559E+16
87281,9,1,77,144,2018,7,15,1,2,5,3,0,1,1,0,0,0,0,0,7.16338E+20,5.34718E+21,1.19139E+16,4.82409E+16
87282,9,1,90,139,2018,7,12,3,2,8,1,0,0,0,0,1,0,0,0,6.52518E+20,5.29397E+21,1.1036E+16,4.7781E+16
87283,9,5,64,0,2018,7,14,3,3,2,6,0,0,1,0,0,0,1,0,6.47886E+20,5.47343E+21,1.10381E+16,4.93956E+16
87284,9,7,74,196,2018,7,17,4,3,5,3,0,0,1,0,0,0,0,0,6.10201E+20,5.36989E+21,1.0491E+16,4.84725E+16
87285,9,5,61,0,2018,7,20,7,2,3,6,0,1,1,0,0,0,0,0,6.17546E+20,5.46369E+21,1.06173E+16,4.93146E+16
87286,9,7,64,0,2018,7,9,1,3,9,7,0,0,1,0,0,0,0,0,5.83395E+20,5.31363E+21,1.01173E+16,4.79706E+16
87287,9,7,78,171,2018,7,10,2,3,2,6,0,0,0,0,0,1,0,0,5.91221E+20,5.31695E+21,1.02229E+16,4.79993E+16
87288,9,2,74,128,2018,7,13,3,3,9,1,0,0,0,0,0,1,0,0,7.42106E+20,5.39006E+21,1.22852E+16,4.86167E+16
87289,9,5,64,0,2018,7,7,4,2,5,1,0,0,1,0,1,0,0,1,6.51972E+20,5.4815E+21,1.10975E+16,4.94671E+16
87290,9,2,76,148,2018,7,22,7,3,0,7,2,0,1,0,0,0,0,0,8.10618E+20,5.43843E+21,1.3249E+16,4.90205E+16
87291,9,5,72,115,2018,7,18,2,2,4,6,0,1,0,0,0,0,0,0,6.48276E+20,5.50259E+21,1.10545E+16,4.96576E+16
87292,9,1,89,154,2018,7,16,1,3,5,3,0,1,1,0,0,0,0,0,7.6847E+20,5.31782E+21,1.25963E+16,4.79573E+16
87293,9,7,75,129,2018,7,14,3,3,9,1,0,0,1,0,1,0,0,1,5.82983E+20,5.344E+21,1.01177E+16,4.82438E+16
87294,9,2,76,122,2018,7,13,7,2,8,7,0,0,1,0,0,0,0,0,7.90019E+20,5.43812E+21,1.29678E+16,4.90277E+16
87295,9,7,61,0,2018,7,10,3,2,0,7,0,1,0,0,0,0,0,0,6.42818E+20,5.36031E+21,1.09288E+16,4.83798E+16
87296,9,1,80,117,2018,7,17,2,2,1,3,0,0,0,0,1,1,0,0,6.59165E+20,5.26177E+21,1.1113E+16,4.74899E+16
87297,9,7,73,136,2018,7,19,7,2,2,6,0,0,1,0,0,0,0,0,6.01675E+20,5.37881E+21,1.03779E+16,4.85542E+16
87298,9,1,87,120,2018,7,5,2,3,0,7,0,0,0,0,0,1,0,0,7.31714E+20,5.29064E+21,1.20902E+16,4.77275E+16
87299,9,1,87,129,2018,7,7,3,3,5,2,0,0,1,0,0,0,0,0,7.25644E+20,5.3006E+21,1.20145E+16,4.78192E+16
87300,9,5,75,152,2018,7,19,3,3,9,1,0,0,1,0,0,0,0,0,6.21503E+20,5.48079E+21,1.0677E+16,4.94676E+16
87301,9,7,72,148,2018,7,7,4,3,0,7,0,1,0,0,0,0,0,0,6.28788E+20,5.35463E+21,1.07377E+16,4.83318E+16
87302,9,4,71,185,2018,7,13,7,3,0,1,0,0,0,0,1,0,0,0,6.48876E+20,5.53543E+21,1.10754E+16,4.99526E+16
87303,9,6,77,133,2018,7,0,1,3,7,7,2,0,0,0,1,0,0,0,5.56896E+20,5.54929E+21,9.79544E+15,5.00932E+16