OBJECTID_1,ULAND,UREGBEZ,UKREIS,UGEMEINDE,UJAHR,UMONAT,USTUNDE,UWOCHENTAG,UKATEGORIE,UART,UTYP1,ULICHTVERH,IstRad,IstPKW,IstFuss,IstKrad,IstGkfz,IstSonstig,STRZUSTAND,LINREFX,LINREFY,XGCSWGS84,YGCSWGS84
87304,9,7,77,166,2018,7,19,2,2,2,6,0,0,1,0,0,0,1,0,6.31483E+20,5.28267E+21,1.0752E+16,4.7684E+16
87305,9,1,71,125,2018,7,9,3,3,2,6,0,0,1,0,0,0,0,1,7.73399E+20,5.35048E+21,1.26831E+16,4.82485E+16
87306,9,5,73,111,2018,7,6,3,3,5,2,0,0,1,0,0,0,0,0,6.3379E+20,5.47563E+21,1.08447E+16,4.94186E+16
87307,9,7,62,0,2018,7,10,4,3,5,3,0,1,1,0,0,0,0,0,6.22422E+20,5.30688E+21,1.06381E+16,4.79036E+16
87308,9,5,75,127,2018,7,17,7,3,5,6,0,0,1,0,0,0,0,0,5.86367E+20,5.49225E+21,1.01947E+16,4.95767E+16
87309,9,7,79,224,2018,7,11,1,3,8,1,0,0,0,0,1,0,0,0,6.07467E+20,5.41658E+21,1.04662E+16,4.88928E+16
87310,9,7,74,198,2018,7,15,2,3,4,6,0,0,1,0,1,0,0,0,6.12423E+20,5.34705E+21,1.05149E+16,4.82667E+16
87311,9,4,75,142,2018,7,7,4,3,0,1,0,0,0,0,1,0,1,1,7.03019E+20,5.57245E+21,1.1849E+16,5.02693E+16
87312,9,2,71,119,2018,7,16,7,2,0,7,0,1,0,0,0,0,0,0,7.87357E+20,5.41505E+21,1.29152E+16,4.88219E+16
87313,9,5,73,127,2018,7,7,2,3,5,3,0,1,1,0,0,0,0,0,6.46407E+20,5.47567E+21,1.10186E+16,4.94161E+16
87314,9,5,64,0,2018,7,17,1,3,5,2,0,1,1,0,0,0,0,0,6.48968E+20,5.47896E+21,1.10551E+16,4.9445E+16
87315,9,1,84,114,2018,7,10,1,3,2,6,0,0,1,0,0,0,0,0,6.99315E+20,5.32019E+21,1.16723E+16,4.80039E+16
87316,9,7,80,119,2018,7,17,3,3,3,1,0,0,1,0,0,0,0,1,5.95741E+20,5.30106E+21,1.02799E+16,4.78558E+16
87317,9,2,78,198,2018,7,7,7,2,0,7,0,1,0,0,0,0,0,0,7.7414E+20,5.42782E+21,1.27441E+16,4.89425E+16
87318,9,6,79,154,2018,7,23,3,3,0,7,2,0,1,0,0,1,0,0,5.59943E+20,5.50885E+21,9.83175E+15,4.97292E+16
87319,9,1,72,122,2018,7,13,2,3,6,1,0,0,0,1,0,0,1,0,7.9411E+20,5.31711E+21,1.29385E+16,4.79397E+16
87320,9,6,79,156,2018,7,16,7,3,2,6,0,0,1,0,0,0,0,0,5.74344E+20,5.52086E+21,1.00338E+16,4.98355E+16
87321,9,1,76,111,2018,7,12,2,3,4,6,0,0,1,0,0,1,0,0,6.63985E+20,5.41417E+21,1.12358E+16,4.88588E+16
87322,9,1,86,126,2018,7,16,3,3,4,6,0,0,1,0,0,1,0,0,6.85289E+20,5.37668E+21,1.15091E+16,4.85159E+16
87323,9,4,77,136,2018,7,8,3,3,5,3,0,0,1,0,0,0,0,0,6.70566E+20,5.55242E+21,1.1385E+16,5.00995E+16
87324,9,7,61,0,2018,7,15,4,3,4,2,0,1,1,0,0,0,0,0,6.4031E+20,5.36047E+21,1.0895E+16,4.83818E+16
87325,9,2,78,129,2018,7,18,7,3,9,6,0,0,1,0,1,0,0,0,7.71567E+20,5.43837E+21,1.27161E+16,4.90383E+16
87326,9,5,76,151,2018,7,20,1,3,8,1,0,0,1,0,0,0,0,0,6.53915E+20,5.47282E+21,1.11209E+16,4.93886E+16
87327,9,7,72,130,2018,7,6,2,3,5,3,0,1,1,0,0,0,0,0,6.30491E+20,5.35952E+21,1.07622E+16,4.83753E+16
87328,9,5,73,127,2018,7,20,1,2,0,1,0,1,0,0,0,0,0,0,6.4543E+20,5.47511E+21,1.10049E+16,4.94113E+16
87329,9,2,72,139,2018,7,17,4,3,2,6,0,0,1,0,0,0,0,0,8.44857E+20,5.42473E+21,1.37042E+16,4.88794E+16
87330,9,2,75,120,2018,7,1,7,3,0,1,2,0,1,0,0,0,0,1,8.12193E+20,5.40241E+21,1.32431E+16,4.86965E+16
87331,9,3,77,116,2018,7,7,2,3,8,6,0,0,1,0,0,0,0,0,7.17561E+20,5.52433E+21,1.20254E+16,4.98318E+16
87332,9,1,86,158,2018,7,13,1,3,8,1,0,0,0,0,1,0,0,0,6.92968E+20,5.40739E+21,1.16273E+16,4.87895E+16
87333,9,2,73,147,2018,7,14,7,3,5,3,0,0,1,0,0,0,0,0,7.04698E+20,5.39035E+21,1.17784E+16,4.86327E+16
87334,9,6,61,0,2018,7,6,3,3,2,6,0,0,1,0,0,0,0,0,5.09223E+20,5.53358E+21,9.12857E+15,4.99545E+16
87335,9,4,71,172,2018,7,8,4,3,7,1,0,0,1,0,0,0,0,0,6.30343E+20,5.51505E+21,1.08103E+16,4.97737E+16
87336,9,6,77,148,2018,7,11,1,3,0,6,0,0,1,0,0,0,0,0,5.49887E+20,5.53746E+21,9.69592E+15,4.99873E+16
87337,9,1,90,148,2018,7,16,7,3,5,2,0,0,1,0,1,0,0,0,6.42297E+20,5.30029E+21,1.09018E+16,4.78402E+16
87338,9,4,76,164,2018,7,17,2,3,0,7,0,1,0,0,0,0,0,0,6.64184E+20,5.57946E+21,1.13076E+16,5.03443E+16
87339,9,1,82,124,2018,7,15,1,2,3,6,0,0,1,0,1,0,0,0,7.01833E+20,5.27726E+21,1.1686E+16,4.76173E+16
87340,9,7,71,122,2018,7,18,3,3,3,6,0,0,1,0,1,0,0,0,6.53382E+20,5.36255E+21,1.10722E+16,4.83974E+16
87341,9,1,90,154,2018,7,11,7,3,9,1,0,0,1,0,0,0,0,0,6.3746E+20,5.28464E+21,1.08322E+16,4.77005E+16
87342,9,6,62,0,2018,7,7,3,3,2,6,0,0,1,0,1,0,0,0,5.88091E+20,5.54523E+21,1.02305E+16,5.00528E+16
87343,9,1,87,177,2018,7,8,2,3,2,6,0,0,1,0,0,0,0,0,7.36052E+20,5.30425E+21,1.21553E+16,4.78482E+16
87344,9,6,75,174,2018,7,21,7,3,0,7,1,1,0,0,0,0,0,0,5.85025E+20,5.52433E+21,1.01831E+16,4.98653E+16
87345,9,1,81,130,2018,7,6,2,3,4,2,0,0,1,0,0,0,0,0,6.42249E+20,5.32456E+21,1.09091E+16,4.80585E+16
87346,9,1,79,113,2018,7,16,3,3,2,6,0,0,1,0,1,1,0,1,6.71285E+20,5.33585E+21,1.13031E+16,4.81528E+16
87347,9,3,75,175,2018,7,13,3,3,3,6,0,0,1,0,0,0,0,1,7.15015E+20,5.43529E+21,1.19418E+16,4.9033E+16
87348,9,6,74,147,2018,7,7,4,3,2,6,0,0,1,0,0,0,0,0,6.07447E+20,5.54325E+21,1.05003E+16,5.00319E+16
87349,9,1,80,124,2018,7,13,7,3,4,6,0,0,1,0,0,0,1,0,6.62414E+20,5.28199E+21,1.11636E+16,4.76709E+16
87350,9,5,76,113,2018,7,12,1,2,5,2,0,0,1,0,1,0,0,0,6.61119E+20,5.45738E+21,1.12139E+16,4.9248E+16
87351,9,6,79,196,2018,7,18,2,2,5,3,0,0,1,0,1,0,0,0,5.52278E+20,5.51611E+21,9.72638E+15,4.97952E+16
87352,9,1,87,167,2018,7,17,4,2,5,3,0,0,1,0,0,0,0,0,7.39601E+20,5.30327E+21,1.22022E+16,4.7838E+16
87353,9,1,80,122,2018,7,20,7,3,8,1,1,1,0,0,0,0,0,0,6.70144E+20,5.26283E+21,1.1259E+16,4.74967E+16
87354,9,3,71,140,2018,7,20,2,3,8,7,0,0,1,0,0,0,0,0,6.86347E+20,5.49E+21,1.15755E+16,4.9534E+16
87355,9,1,74,136,2018,7,14,1,2,5,3,0,1,1,0,0,0,0,0,6.83944E+20,5.36294E+21,1.14849E+16,4.83928E+16
87356,9,2,73,147,2018,7,18,3,3,3,2,0,0,1,0,0,0,0,0,7.03396E+20,5.39248E+21,1.17618E+16,4.86522E+16
87357,9,5,76,137,2018,7,15,3,3,5,2,0,0,1,0,0,0,0,0,6.51268E+20,5.46228E+21,1.10805E+16,4.92946E+16
87358,9,1,62,0,2018,7,16,4,3,2,6,0,0,1,0,0,0,1,0,6.93135E+20,5.33881E+21,1.15979E+16,4.81732E+16
87359,9,5,64,0,2018,7,22,7,3,0,1,2,0,0,0,1,0,0,0,6.5214E+20,5.47751E+21,1.10983E+16,4.94312E+16
87360,9,1,62,0,2018,7,17,1,2,5,3,0,0,1,0,0,0,0,0,6.87572E+20,5.33157E+21,1.152E+16,4.81098E+16
87361,9,1,62,0,2018,7,15,2,3,6,4,0,0,1,1,0,0,0,0,6.88302E+20,5.3402E+21,1.15336E+16,4.81871E+16
87362,9,2,75,150,2018,7,19,3,3,4,6,1,0,1,0,0,0,0,1,8.34052E+20,5.39193E+21,1.35308E+16,4.85912E+16
87363,9,5,73,114,2018,7,16,4,3,4,7,0,0,1,0,0,0,0,0,6.34378E+20,5.48353E+21,1.08555E+16,4.94896E+16
87364,9,1,62,0,2018,7,19,4,2,8,6,0,0,1,0,1,0,0,0,6.80895E+20,5.33516E+21,1.14319E+16,4.8144E+16
87365,9,6,71,155,2018,7,8,7,3,0,7,0,0,0,0,1,1,0,1,5.03658E+20,5.53393E+21,9.051E+15,4.99577E+16
87366,9,1,75,122,2018,7,16,2,3,3,6,0,1,1,0,0,0,0,0,7.21005E+20,5.32607E+21,1.19657E+16,4.80496E+16
87367,9,1,78,143,2018,7,5,3,3,5,2,0,0,1,0,0,0,0,0,7.18332E+20,5.37227E+21,1.19537E+16,4.84656E+16
87368,9,2,71,119,2018,7,19,3,3,3,6,0,0,1,0,0,1,0,1,7.92307E+20,5.41324E+21,1.29812E+16,4.88033E+16
87369,9,6,62,0,2018,7,18,4,3,2,2,0,0,1,0,0,0,0,0,5.88444E+20,5.54266E+21,1.02349E+16,5.00297E+16
87370,9,1,73,118,2018,7,19,7,2,8,7,0,0,0,0,1,0,0,0,6.93596E+20,5.30606E+21,1.15893E+16,4.78787E+16
87371,9,6,62,0,2018,7,16,2,3,5,3,0,1,1,0,0,0,0,0,5.88419E+20,5.54481E+21,1.0235E+16,5.0049E+16
87372,9,2,74,128,2018,7,16,1,3,8,1,0,0,1,0,0,0,0,0,7.41045E+20,5.38959E+21,1.22705E+16,4.86129E+16
87373,9,1,88,120,2018,7,15,4,3,0,7,0,1,0,0,0,0,0,0,6.77287E+20,5.32647E+21,1.13798E+16,4.80668E+16
87374,9,1,73,135,2018,7,10,7,3,8,1,0,0,0,0,1,0,0,0,6.9802E+20,5.27311E+21,1.16334E+16,4.75812E+16
87375,9,2,71,119,2018,7,8,2,3,0,7,0,0,0,1,0,1,0,0,7.90877E+20,5.41416E+21,1.29624E+16,4.88122E+16
87376,9,1,62,0,2018,7,11,7,3,2,6,0,0,1,0,0,0,0,0,6.84388E+20,5.33541E+21,1.14789E+16,4.81452E+16
87377,9,1,90,114,2018,7,14,3,3,8,6,0,0,1,0,0,1,0,0,6.33144E+20,5.28877E+21,1.07759E+16,4.77386E+16
87378,9,5,64,0,2018,7,8,3,3,2,6,0,0,1,0,0,0,0,0,6.47041E+20,5.47118E+21,1.10257E+16,4.93756E+16
87379,9,7,63,0,2018,7,12,4,3,5,3,0,1,1,0,0,0,0,0,5.98334E+20,5.28631E+21,1.03112E+16,4.77227E+16
87380,9,5,75,153,2018,7,8,7,3,9,1,0,0,1,0,0,0,0,0,6.09262E+20,5.49318E+21,1.05115E+16,4.95814E+16
87381,9,7,80,147,2018,7,17,1,2,8,1,0,0,0,0,1,0,0,0,6.06183E+20,5.29143E+21,1.04171E+16,4.77675E+16
87382,9,7,78,173,2018,7,17,2,3,5,3,0,1,1,0,0,0,0,0,6.12031E+20,5.32194E+21,1.0503E+16,4.80409E+16
87383,9,5,71,125,2018,7,13,1,2,4,1,0,0,1,0,1,0,0,0,5.96553E+20,5.46302E+21,1.03284E+16,4.93123E+16
87384,9,6,76,139,2018,7,20,1,3,4,6,0,0,1,0,0,0,0,0,5.19916E+20,5.5055E+21,9.27618E+15,4.97017E+16
87385,9,5,77,168,2018,7,18,4,2,9,1,0,0,0,0,1,0,0,0,6.4545E+20,5.41696E+21,1.09842E+16,4.88885E+16
87386,9,1,89,146,2018,7,18,7,3,5,3,0,1,1,0,0,0,0,0,7.60702E+20,5.29768E+21,1.24803E+16,4.77797E+16
87387,9,5,64,0,2018,7,17,2,3,2,6,0,0,1,0,0,0,0,0,6.46997E+20,5.47853E+21,1.10278E+16,4.94416E+16
87388,9,1,89,150,2018,7,14,1,2,4,6,0,0,1,0,0,0,0,0,7.78304E+20,5.31854E+21,1.27282E+16,4.79596E+16
87389,9,7,78,184,2018,7,16,3,3,8,7,0,0,1,0,0,0,0,0,5.95347E+20,5.33166E+21,1.02815E+16,4.8131E+16
87390,9,1,89,143,2018,7,14,7,3,3,7,0,1,1,0,0,0,0,0,7.59806E+20,5.31479E+21,1.24786E+16,4.79337E+16
87391,9,7,71,113,2018,7,12,3,3,5,3,0,1,0,0,1,0,0,0,6.57563E+20,5.36983E+21,1.11314E+16,4.84618E+16
87392,9,1,72,122,2018,7,17,7,2,0,1,0,1,0,0,0,0,0,0,7.92165E+20,5.31714E+21,1.29125E+16,4.79408E+16
87393,9,5,74,123,2018,7,20,2,3,3,6,1,0,1,0,0,1,0,0,6.58821E+20,5.47352E+21,1.11888E+16,4.93936E+16
87394,9,1,73,124,2018,7,13,1,2,4,6,0,0,1,0,0,0,0,0,6.9215E+20,5.28755E+21,1.15618E+16,4.77127E+16
87395,9,1,84,135,2018,7,8,3,3,6,4,0,0,0,1,1,0,0,0,6.89786E+20,5.34835E+21,1.15572E+16,4.82599E+16
87396,9,1,72,116,2018,7,18,7,2,0,1,0,1,0,0,0,0,0,0,8.04552E+20,5.28402E+21,1.30547E+16,4.76379E+16
87397,9,2,74,184,2018,7,14,2,3,2,6,0,0,1,0,0,0,0,0,7.47954E+20,5.36923E+21,1.2352E+16,4.84273E+16
87398,9,7,76,117,2018,7,13,7,3,2,6,0,0,1,0,0,0,0,0,5.66555E+20,5.27128E+21,9.88524E+15,4.75915E+16
87399,9,1,82,137,2018,7,12,3,2,2,6,0,0,1,0,0,0,0,0,7.11053E+20,5.30519E+21,1.18221E+16,4.78654E+16
87400,9,5,71,134,2018,7,11,3,3,9,1,0,0,1,0,0,0,0,1,5.8792E+20,5.46199E+21,1.02094E+16,4.93044E+16
87401,9,7,77,166,2018,7,14,4,2,3,6,0,0,1,0,1,0,0,0,6.3009E+20,5.28163E+21,1.07331E+16,4.7675E+16
87402,9,4,72,127,2018,7,17,7,2,0,7,0,0,0,0,1,0,0,0,6.88467E+20,5.52422E+21,1.16213E+16,4.98407E+16
87403,9,7,79,131,2018,7,22,1,3,0,2,2,0,1,0,0,0,0,0,6.30255E+20,5.39622E+21,1.07705E+16,4.87054E+16
87404,9,7,80,128,2018,7,11,2,2,2,6,0,0,1,0,1,0,0,0,6.10694E+20,5.27864E+21,1.0474E+16,4.76517E+16
87405,9,4,64,0,2018,7,1,1,3,5,3,2,0,1,0,0,0,0,0,7.07379E+20,5.57852E+21,1.19134E+16,5.03222E+16
87406,9,4,73,121,2018,7,23,4,3,0,1,2,0,0,0,1,0,0,1,6.48213E+20,5.56869E+21,1.1079E+16,5.02517E+16
87407,9,1,72,117,2018,7,17,7,2,5,2,0,0,1,0,0,0,0,0,7.98357E+20,5.28154E+21,1.29708E+16,4.76185E+16
87408,9,5,71,114,2018,7,22,2,3,2,6,2,0,1,0,0,1,0,0,6.03286E+20,5.45679E+21,1.04194E+16,4.92552E+16
87409,9,5,77,125,2018,7,4,1,2,6,6,1,1,0,1,0,0,0,0,6.38654E+20,5.43711E+21,1.08984E+16,4.90712E+16
87410,9,1,63,0,2018,7,12,1,3,2,6,0,0,1,0,1,0,0,0,7.33608E+20,5.30321E+21,1.21221E+16,4.78397E+16
87411,9,7,76,116,2018,7,19,3,3,5,3,0,1,1,0,0,0,0,0,5.52928E+20,5.26688E+21,9.70349E+15,4.75532E+16
87412,9,1,63,0,2018,7,17,7,2,4,7,0,0,1,0,0,0,0,0,7.30168E+20,5.30184E+21,1.20755E+16,4.78287E+16
87413,9,6,75,165,2018,7,13,3,3,0,3,0,0,1,0,1,0,0,0,5.87264E+20,5.51726E+21,1.02127E+16,4.98014E+16
87414,9,1,72,128,2018,7,14,2,3,2,6,0,0,1,0,0,0,0,0,7.93333E+20,5.29843E+21,1.29154E+16,4.77724E+16
87415,9,6,79,156,2018,7,16,7,2,0,7,0,0,0,0,1,0,0,0,5.74418E+20,5.52077E+21,1.00349E+16,4.98348E+16
87416,9,1,81,130,2018,7,13,2,3,2,6,0,0,1,0,1,0,0,0,6.39812E+20,5.32332E+21,1.0876E+16,4.80478E+16
87417,9,1,86,162,2018,7,18,3,3,5,3,0,0,0,0,1,0,1,1,6.93566E+20,5.38662E+21,1.16257E+16,4.86027E+16
87418,9,3,77,143,2018,7,10,3,3,8,1,0,0,0,0,0,1,0,1,7.13176E+20,5.53247E+21,1.1969E+16,4.99065E+16
87419,9,4,72,111,2018,7,15,1,2,8,1,0,0,0,0,1,0,0,0,6.76954E+20,5.52293E+21,1.14607E+16,4.98327E+16
87420,9,6,77,131,2018,7,15,4,3,2,6,0,0,1,0,0,0,0,1,5.45933E+20,5.54492E+21,9.64166E+15,5.00548E+16
87421,9,1,87,124,2018,7,9,7,3,5,3,0,1,1,0,0,0,0,0,7.36306E+20,5.32773E+21,1.21716E+16,4.8059E+16
87422,9,1,89,155,2018,7,16,2,3,3,5,0,0,1,0,0,0,0,0,7.72153E+20,5.3085E+21,1.26396E+16,4.78721E+16
87423,9,7,72,197,2018,7,20,7,2,8,1,0,1,0,0,0,0,0,0,6.22188E+20,5.33665E+21,1.06435E+16,4.81713E+16
87424,9,1,86,137,2018,7,7,2,3,5,3,0,0,1,0,0,0,1,0,6.84635E+20,5.39925E+21,1.15103E+16,4.87189E+16
87425,9,1,76,139,2018,7,15,3,3,5,3,0,0,0,0,1,1,0,0,6.82111E+20,5.40917E+21,1.14804E+16,4.88088E+16
87426,9,5,71,224,2018,7,12,3,2,4,6,0,0,1,0,1,0,0,0,6.01451E+20,5.43111E+21,1.03877E+16,4.90245E+16
87427,9,7,72,171,2018,7,22,4,3,5,3,2,0,1,0,0,0,0,0,6.37404E+20,5.37222E+21,1.08596E+16,4.84881E+16
87428,9,4,71,117,2018,7,16,7,2,4,6,0,0,1,0,0,0,0,0,6.28348E+20,5.52936E+21,1.07873E+16,4.99029E+16
87429,9,6,75,146,2018,7,11,1,2,0,7,0,0,0,0,1,0,0,0,5.82879E+20,5.51485E+21,1.01512E+16,4.97804E+16
87430,9,7,73,139,2018,7,16,2,3,5,3,0,1,1,0,0,0,0,0,6.15954E+20,5.38657E+21,1.05734E+16,4.86214E+16
87431,9,4,62,0,2018,7,12,1,3,3,6,0,0,1,0,0,0,0,0,6.82944E+20,5.53461E+21,1.15495E+16,4.99359E+16
87432,9,2,71,132,2018,7,5,4,3,7,7,0,0,1,0,0,1,0,0,7.84994E+20,5.41794E+21,1.28851E+16,4.88489E+16
87433,9,1,87,174,2018,7,18,7,3,4,6,0,1,0,0,0,0,0,0,7.40463E+20,5.31381E+21,1.22195E+16,4.79324E+16
87434,9,4,71,159,2018,7,6,2,3,4,2,0,1,1,0,0,0,0,0,6.4151E+20,5.53395E+21,1.09722E+16,4.99411E+16
87435,9,1,86,149,2018,7,1,1,2,8,1,2,0,1,0,0,0,0,0,6.87253E+20,5.3875E+21,1.15406E+16,4.86125E+16
87436,9,1,87,177,2018,7,11,7,3,2,6,0,0,1,0,0,0,0,0,7.36052E+20,5.30425E+21,1.21553E+16,4.78482E+16
87437,9,6,76,121,2018,7,5,3,3,5,3,1,0,1,0,0,0,0,0,5.17369E+20,5.51813E+21,9.24144E+15,4.98153E+16
87438,9,6,62,0,2018,7,13,7,3,0,7,0,1,0,0,0,0,0,0,5.88117E+20,5.54615E+21,1.02311E+16,5.00611E+16
87439,9,1,74,131,2018,7,15,2,2,9,1,0,0,1,0,0,0,0,0,6.7697E+20,5.35575E+21,1.13877E+16,4.83301E+16
87440,9,1,88,141,2018,7,7,3,3,4,6,0,0,1,0,0,0,0,0,6.67904E+20,5.30676E+21,1.12462E+16,4.78922E+16
87441,9,3,76,161,2018,7,10,3,3,5,7,0,1,1,0,0,0,0,0,7.25603E+20,5.46879E+21,1.21052E+16,4.93301E+16
87442,9,6,74,129,2018,7,22,1,3,8,1,2,0,1,0,0,0,0,0,6.20688E+20,5.53751E+21,1.06833E+16,4.99777E+16
87443,9,6,72,114,2018,7,12,4,3,0,7,0,0,0,0,1,0,0,0,5.75833E+20,5.56056E+21,1.00624E+16,5.01924E+16
87444,9,1,87,145,2018,7,13,7,3,5,3,0,0,1,0,0,0,1,0,7.48767E+20,5.31642E+21,1.2332E+16,4.79527E+16
87445,9,6,72,117,2018,7,17,2,3,3,7,0,0,1,0,1,0,0,0,5.68247E+20,5.56807E+21,9.95747E+15,5.02609E+16
87446,9,4,74,123,2018,7,17,1,3,8,1,0,0,0,0,1,0,0,0,6.53029E+20,5.5196E+21,1.1127E+16,4.98093E+16
87447,9,1,85,113,2018,7,16,4,3,2,6,0,0,1,0,0,1,0,0,6.70708E+20,5.37389E+21,1.13107E+16,4.84949E+16
87448,9,1,87,114,2018,7,12,7,3,5,6,0,0,1,0,0,0,0,0,7.47729E+20,5.2921E+21,1.23042E+16,4.77347E+16
87449,9,3,76,170,2018,7,11,2,3,1,2,0,1,0,0,0,1,0,0,7.24295E+20,5.45652E+21,1.20804E+16,4.92204E+16
87450,9,7,72,171,2018,7,7,2,3,0,7,0,1,0,0,0,0,0,0,6.3706E+20,5.37277E+21,1.08552E+16,4.84931E+16
87451,9,1,83,128,2018,7,6,4,2,4,6,0,0,1,0,0,0,1,1,7.57881E+20,5.34975E+21,1.2474E+16,4.82484E+16
87452,9,1,82,123,2018,7,11,7,3,3,6,0,0,1,0,1,0,0,0,7.16202E+20,5.29977E+21,1.18881E+16,4.78149E+16
87453,9,3,75,119,2018,7,8,2,2,2,6,0,0,1,0,0,0,0,0,7.37984E+20,5.44554E+21,1.22616E+16,4.91166E+16
87454,9,1,76,112,2018,7,9,1,3,8,1,0,0,1,0,0,0,0,0,6.89436E+20,5.42483E+21,1.15874E+16,4.89473E+16
87455,9,1,87,120,2018,7,14,7,3,1,6,0,0,1,0,0,0,0,0,7.31893E+20,5.29232E+21,1.20935E+16,4.77425E+16
87456,9,5,74,112,2018,7,17,3,3,3,6,0,0,1,0,0,1,1,0,6.76155E+20,5.47655E+21,1.14288E+16,4.94161E+16
87457,9,1,62,0,2018,7,7,4,3,5,3,0,0,1,0,0,0,0,0,6.94646E+20,5.33207E+21,1.16151E+16,4.81122E+16
87458,9,5,62,0,2018,7,12,7,3,3,2,0,1,1,0,0,0,0,0,6.43897E+20,5.49378E+21,1.09906E+16,4.95795E+16
87459,9,1,84,136,2018,7,11,1,3,2,6,0,0,1,0,1,0,0,0,7.00193E+20,5.32777E+21,1.16876E+16,4.80717E+16
87460,9,1,84,118,2018,7,16,2,3,2,6,0,0,1,0,0,1,0,0,7.04229E+20,5.33614E+21,1.17457E+16,4.81457E+16
87461,9,2,75,154,2018,7,17,3,2,9,1,0,0,0,0,1,0,0,1,8.15948E+20,5.39249E+21,1.32864E+16,4.86056E+16
87462,9,4,71,169,2018,7,18,1,3,8,1,0,1,0,0,0,0,0,0,6.3866E+20,5.52227E+21,1.09283E+16,4.98368E+16
87463,9,5,72,121,2018,7,17,4,3,4,6,0,0,1,0,0,0,0,0,6.60108E+20,5.49393E+21,1.12148E+16,4.95768E+16
87464,9,1,86,137,2018,7,10,7,3,2,6,0,0,1,0,0,0,0,0,6.82065E+20,5.39999E+21,1.14757E+16,4.87264E+16
87465,9,6,71,150,2018,7,10,2,3,0,6,0,0,0,0,1,0,1,0,5.17919E+20,5.54069E+21,9.25012E+15,5.00182E+16
87466,9,2,74,113,2018,7,17,1,3,5,3,0,0,1,0,1,0,0,0,7.30495E+20,5.38337E+21,1.21241E+16,4.8561E+16
87467,9,1,74,115,2018,7,11,4,3,0,1,0,1,0,0,0,0,0,0,6.79885E+20,5.3479E+21,1.14237E+16,4.82588E+16
87468,9,1,76,167,2018,7,9,7,3,5,3,0,0,1,0,0,0,0,0,6.77363E+20,5.41086E+21,1.14166E+16,4.88254E+16
87469,9,2,75,145,2018,7,16,2,3,4,6,0,0,1,0,1,0,0,0,8.14341E+20,5.3785E+21,1.32541E+16,4.84809E+16
87470,9,7,75,132,2018,7,18,7,3,2,6,0,0,1,0,1,0,0,0,5.83579E+20,5.33042E+21,1.01231E+16,4.81215E+16
87471,9,1,71,119,2018,7,12,3,3,4,6,0,0,1,0,0,0,0,1,7.7303E+20,5.33427E+21,1.26677E+16,4.81031E+16
87472,9,5,64,0,2018,7,21,3,2,9,1,1,0,1,0,0,0,0,0,6.52924E+20,5.48091E+21,1.11104E+16,4.94616E+16
87473,9,7,62,0,2018,7,10,4,2,0,1,0,1,0,0,0,0,0,0,6.22368E+20,5.30466E+21,1.06368E+16,4.78836E+16
87474,9,5,71,180,2018,7,12,7,3,1,5,0,1,1,0,0,0,0,0,6.30075E+20,5.4606E+21,1.07886E+16,4.92843E+16
87475,9,7,62,0,2018,7,16,1,3,2,6,0,0,1,0,1,0,0,0,6.22687E+20,5.30646E+21,1.06415E+16,4.78997E+16
87476,9,1,78,125,2018,7,17,1,3,8,1,0,0,0,0,1,0,0,0,7.17208E+20,5.38435E+21,1.19448E+16,4.85746E+16
87477,9,2,61,0,2018,7,13,3,3,5,2,0,0,1,0,0,0,0,0,7.26843E+20,5.38016E+21,1.2073E+16,4.85335E+16
87478,9,5,76,132,2018,7,6,3,3,8,1,0,0,1,0,0,0,0,0,6.53947E+20,5.46635E+21,1.11189E+16,4.93304E+16
87479,9,7,74,118,2018,7,15,4,1,4,6,0,0,1,0,0,0,1,0,5.93147E+20,5.36422E+21,1.02591E+16,4.84242E+16
87480,9,5,73,133,2018,7,16,7,2,9,1,0,1,0,0,0,0,0,0,6.24646E+20,5.48268E+21,1.07209E+16,4.9484E+16
87481,9,1,84,136,2018,7,10,1,3,0,7,0,1,0,0,0,0,0,0,6.98558E+20,5.32636E+21,1.1665E+16,4.80596E+16
87482,9,1,84,145,2018,7,15,2,3,5,2,0,0,1,0,0,0,0,0,6.96587E+20,5.32175E+21,1.16364E+16,4.80187E+16
87483,9,2,79,137,2018,7,17,3,3,2,6,0,0,1,0,0,0,0,1,7.74026E+20,5.40362E+21,1.27264E+16,4.87253E+16
87484,9,4,71,155,2018,7,17,1,3,4,7,0,0,1,0,1,0,0,0,6.49338E+20,5.53197E+21,1.10805E+16,4.99215E+16
87485,9,5,64,0,2018,7,6,4,3,3,6,0,0,1,0,0,1,0,1,6.49266E+20,5.47868E+21,1.10591E+16,4.94424E+16
87486,9,1,76,123,2018,7,11,7,2,3,6,0,1,1,0,0,0,0,0,6.61826E+20,5.41692E+21,1.12074E+16,4.88841E+16
87487,9,5,72,133,2018,7,20,2,3,4,6,0,1,1,0,0,0,0,0,6.37465E+20,5.49937E+21,1.09036E+16,4.96312E+16
87488,9,1,89,119,2018,7,14,1,3,4,6,0,1,0,0,0,0,0,0,7.63832E+20,5.30703E+21,1.25277E+16,4.78624E+16
87489,9,1,84,147,2018,7,8,3,3,0,1,0,0,0,0,1,0,0,0,6.9588E+20,5.33967E+21,1.16352E+16,4.818E+16
87490,9,1,88,113,2018,7,14,7,2,2,6,0,1,0,0,0,0,0,0,6.75858E+20,5.31525E+21,1.1356E+16,4.79664E+16