OBJECTID_1,ULAND,UREGBEZ,UKREIS,UGEMEINDE,UJAHR,UMONAT,USTUNDE,UWOCHENTAG,UKATEGORIE,UART,UTYP1,ULICHTVERH,IstRad,IstPKW,IstFuss,IstKrad,IstGkfz,IstSonstig,STRZUSTAND,LINREFX,LINREFY,XGCSWGS84,YGCSWGS84
87491,9,7,61,0,2018,7,16,3,3,2,7,0,0,1,0,1,0,0,1,6.42057E+20,5.36455E+21,1.092E+16,4.84181E+16
87492,9,2,73,152,2018,7,22,2,2,0,1,2,1,0,0,0,0,0,0,6.9858E+20,5.40478E+21,1.17024E+16,4.87643E+16
87493,9,7,79,197,2018,7,11,7,3,5,3,0,1,1,0,0,0,0,0,6.18802E+20,5.42716E+21,1.06238E+16,4.89859E+16
87494,9,1,87,177,2018,7,18,2,3,8,1,0,1,0,0,0,0,0,0,7.37988E+20,5.305E+21,1.21816E+16,4.78542E+16
87495,9,1,87,162,2018,7,17,3,3,1,6,0,0,1,0,0,0,0,0,7.50373E+20,5.30441E+21,1.23465E+16,4.78442E+16
87496,9,5,71,169,2018,7,7,3,3,5,3,0,0,1,0,0,0,0,0,5.82863E+20,5.46448E+21,1.01404E+16,4.93274E+16
87497,9,7,71,122,2018,7,13,4,3,4,7,0,0,1,0,0,0,1,0,6.52965E+20,5.3623E+21,1.10665E+16,4.83953E+16
87498,9,4,71,120,2018,7,18,7,3,8,1,0,0,1,0,0,0,0,0,6.26244E+20,5.52114E+21,1.07554E+16,4.98294E+16
87499,9,6,75,162,2018,7,12,1,2,2,6,0,0,1,0,0,0,0,0,5.96101E+20,5.5144E+21,1.03347E+16,4.97744E+16
87500,9,7,62,0,2018,7,7,2,3,5,3,0,1,1,0,0,0,0,0,6.22757E+20,5.30367E+21,1.06417E+16,4.78746E+16
87501,9,4,71,195,2018,7,15,1,3,2,6,0,0,1,0,0,0,0,0,6.41127E+20,5.52358E+21,1.09631E+16,4.9848E+16
87502,9,4,71,195,2018,7,18,4,3,8,1,0,0,0,0,0,0,1,1,6.47385E+20,5.52692E+21,1.10514E+16,4.98765E+16
87503,9,1,79,111,2018,7,15,7,1,9,1,0,0,0,0,1,0,0,0,6.55507E+20,5.34206E+21,1.10933E+16,4.82127E+16
87504,9,4,73,166,2018,7,14,2,3,4,2,0,0,1,0,0,0,0,0,6.51256E+20,5.56515E+21,1.11203E+16,5.02191E+16
87505,9,1,87,168,2018,7,14,1,3,3,6,0,1,1,0,0,0,0,0,7.49539E+20,5.30801E+21,1.23375E+16,4.78769E+16
87506,9,7,64,0,2018,7,7,2,3,4,2,0,1,0,0,1,0,0,0,5.87486E+20,5.31474E+21,1.01724E+16,4.79799E+16
87507,9,3,63,0,2018,7,18,1,3,3,6,0,1,0,0,0,0,0,0,7.28526E+20,5.50752E+21,1.21678E+16,4.96768E+16
87508,9,5,61,0,2018,7,13,4,3,5,3,0,1,1,0,0,0,0,0,6.14295E+20,5.46262E+21,1.05723E+16,4.93056E+16
87509,9,1,74,131,2018,7,12,7,3,5,3,0,0,1,0,0,0,0,0,6.76347E+20,5.35857E+21,1.13805E+16,4.83557E+16
87510,9,5,73,114,2018,7,17,2,3,5,2,0,0,1,0,0,0,1,0,6.34009E+20,5.48362E+21,1.08504E+16,4.94904E+16
87511,9,1,71,123,2018,7,16,1,3,8,1,0,0,1,0,0,0,0,0,7.85145E+20,5.353E+21,1.28427E+16,4.8266E+16
87512,9,7,74,122,2018,7,17,3,2,8,1,0,1,0,0,0,0,0,0,6.04982E+20,5.35467E+21,1.04166E+16,4.83365E+16
87513,9,1,78,124,2018,7,19,7,3,2,6,0,0,1,0,0,0,0,0,7.02645E+20,5.36297E+21,1.17373E+16,4.83874E+16
87514,9,6,79,193,2018,7,6,3,3,2,6,0,0,0,0,0,1,0,0,5.75982E+20,5.51242E+21,1.0055E+16,4.97595E+16
87515,9,1,89,148,2018,7,13,2,3,4,6,0,0,1,0,0,0,0,0,7.78167E+20,5.30838E+21,1.27198E+16,4.78685E+16
87516,9,7,61,0,2018,7,16,7,2,0,1,0,1,0,0,0,0,0,0,6.3995E+20,5.36065E+21,1.08902E+16,4.83835E+16
87517,9,1,86,149,2018,7,1,2,2,8,7,2,0,1,0,0,0,0,0,6.86291E+20,5.38836E+21,1.15279E+16,4.86206E+16
87518,9,1,85,113,2018,7,7,3,3,0,7,0,1,0,0,0,0,0,0,6.69087E+20,5.37874E+21,1.12908E+16,4.8539E+16
87519,9,4,62,0,2018,7,11,3,3,3,6,0,0,1,0,0,1,0,0,6.84403E+20,5.53558E+21,1.15702E+16,4.99441E+16
87520,9,3,74,123,2018,7,10,1,3,5,3,0,1,1,0,0,0,0,0,7.49192E+20,5.50995E+21,1.24553E+16,4.96905E+16
87521,9,7,71,130,2018,7,15,4,3,2,6,0,0,1,0,0,0,0,0,6.47067E+20,5.35743E+21,1.09851E+16,4.83529E+16
87522,9,1,77,117,2018,7,13,7,2,4,2,0,0,1,0,1,0,0,0,7.16507E+20,5.3542E+21,1.19197E+16,4.83039E+16
87523,9,7,71,111,2018,7,6,2,3,3,6,0,0,1,0,0,1,0,0,6.57636E+20,5.35842E+21,1.11281E+16,4.83592E+16
87524,9,3,74,122,2018,7,18,1,3,8,1,0,0,1,0,0,0,0,0,7.43832E+20,5.5169E+21,1.23854E+16,4.9755E+16
87525,9,2,72,127,2018,7,18,4,2,5,2,0,0,1,0,0,0,0,0,8.28935E+20,5.42019E+21,1.34841E+16,4.88473E+16
87526,9,6,76,160,2018,7,18,1,3,2,6,0,0,1,0,1,0,0,0,5.10854E+20,5.52861E+21,9.15116E+15,4.99097E+16
87527,9,1,77,139,2018,7,15,7,3,4,6,0,1,1,0,0,0,0,0,7.35421E+20,5.35732E+21,1.21762E+16,4.83252E+16
87528,9,3,63,0,2018,7,6,2,2,4,2,0,0,1,0,0,0,0,0,7.2734E+20,5.50445E+21,1.21496E+16,4.96497E+16
87529,9,1,76,139,2018,7,19,1,3,0,7,0,1,0,0,0,0,0,0,6.84157E+20,5.40946E+21,1.15084E+16,4.88109E+16
87530,9,1,62,0,2018,7,13,6,3,1,7,0,0,1,0,0,1,0,1,6.80296E+20,5.33502E+21,1.14238E+16,4.81428E+16
87531,9,6,61,0,2018,7,9,3,3,5,3,0,0,1,0,0,0,0,0,5.11418E+20,5.5355E+21,9.15922E+15,4.99717E+16
87532,9,1,78,155,2018,7,18,5,2,4,6,0,0,1,0,1,0,0,0,7.13055E+20,5.37381E+21,1.18832E+16,4.84813E+16
87533,9,6,76,160,2018,7,9,7,2,8,7,0,1,0,0,0,0,0,0,5.10759E+20,5.52803E+21,9.14983E+15,4.99046E+16
87534,9,1,86,152,2018,7,6,2,3,2,6,0,0,1,0,0,0,0,0,6.91504E+20,5.37377E+21,1.15919E+16,4.84878E+16
87535,9,1,75,132,2018,7,15,3,3,2,7,0,0,1,0,0,1,0,0,7.05309E+20,5.33432E+21,1.17593E+16,4.8129E+16
87536,9,2,71,119,2018,7,18,3,3,2,6,0,0,1,0,0,0,1,0,7.876E+20,5.41562E+21,1.29189E+16,4.88269E+16
87537,9,3,72,124,2018,7,3,1,3,9,1,2,0,1,0,0,0,0,0,7.83979E+20,5.46572E+21,1.29048E+16,4.92782E+16
87538,9,7,79,186,2018,7,8,3,2,5,3,0,0,0,0,1,0,1,0,6.34688E+20,5.41185E+21,1.08358E+16,4.8845E+16
87539,9,1,62,0,2018,7,12,6,3,1,6,0,0,1,0,0,0,1,1,6.88699E+20,5.33795E+21,1.15379E+16,4.81667E+16
87540,9,6,73,114,2018,7,10,3,2,5,2,0,0,1,0,0,0,0,0,5.89007E+20,5.57663E+21,1.02507E+16,5.0335E+16
87541,9,1,87,170,2018,7,14,2,3,5,3,0,0,1,0,0,0,0,0,7.33426E+20,5.32012E+21,1.21289E+16,4.79917E+16
87542,9,6,77,155,2018,7,16,7,3,3,6,0,0,1,0,0,0,1,0,5.41472E+20,5.53823E+21,9.57861E+15,4.9995E+16
87543,9,1,81,122,2018,7,15,2,3,0,1,0,0,0,0,1,0,0,0,6.46392E+20,5.33629E+21,1.09687E+16,4.8163E+16
87544,9,1,88,121,2018,7,14,3,1,8,1,0,0,1,0,0,0,0,0,6.69956E+20,5.32918E+21,1.12825E+16,4.80932E+16
87545,9,3,75,175,2018,7,13,3,3,1,1,0,0,1,0,0,1,0,1,7.15762E+20,5.43485E+21,1.19518E+16,4.90288E+16
87546,9,3,73,112,2018,7,19,1,1,4,2,0,0,1,0,1,0,0,0,6.83652E+20,5.44411E+21,1.15172E+16,4.91223E+16
87547,9,6,78,138,2018,7,18,4,3,2,1,0,0,1,0,0,0,0,1,5.98358E+20,5.54036E+21,1.03727E+16,5.00075E+16
87548,9,1,62,0,2018,7,15,6,3,2,6,0,0,1,0,0,0,0,0,6.95692E+20,5.33392E+21,1.163E+16,4.81284E+16
87549,9,7,71,112,2018,7,7,2,3,4,6,0,1,0,0,0,0,0,0,6.42483E+20,5.36644E+21,1.09264E+16,4.8435E+16
87550,9,3,72,178,2018,7,15,1,2,8,1,0,0,0,0,1,0,0,0,8.02207E+20,5.45153E+21,1.31441E+16,4.91422E+16
87551,9,1,83,129,2018,7,6,4,3,0,1,0,0,0,0,1,0,0,1,7.58868E+20,5.36305E+21,1.24954E+16,4.83675E+16
87552,9,7,75,152,2018,7,1,6,1,6,4,2,0,1,1,0,0,0,0,5.7834E+20,5.35373E+21,1.0057E+16,4.83319E+16
87553,9,3,71,154,2018,7,11,2,3,4,2,0,0,1,0,0,0,0,0,7.00707E+20,5.47661E+21,1.17669E+16,4.94091E+16
87554,9,1,81,139,2018,7,16,1,2,0,6,0,1,1,0,0,0,0,0,6.55674E+20,5.32449E+21,1.10892E+16,4.80547E+16
87555,9,6,75,141,2018,7,13,1,3,4,6,0,0,1,0,0,0,0,0,5.83973E+20,5.50984E+21,1.01653E+16,4.97352E+16
87556,9,5,65,0,2018,7,14,3,3,5,3,0,0,1,0,0,0,0,0,6.4669E+20,5.46529E+21,1.10187E+16,4.93227E+16
87557,9,1,62,0,2018,7,15,4,3,6,2,0,0,1,1,0,0,0,0,6.88144E+20,5.32801E+21,1.15261E+16,4.80776E+16
87558,9,5,64,0,2018,7,16,7,3,0,1,0,0,0,0,1,0,0,0,6.52498E+20,5.47754E+21,1.11032E+16,4.94314E+16
87559,9,1,84,132,2018,7,12,1,3,2,6,0,0,0,0,1,0,0,0,6.83773E+20,5.32912E+21,1.14679E+16,4.80888E+16
87560,9,1,62,0,2018,7,17,2,3,1,3,0,0,1,0,1,0,0,0,6.92079E+20,5.34043E+21,1.15844E+16,4.81881E+16
87561,9,2,62,0,2018,7,9,3,2,0,1,0,0,0,0,1,0,0,1,8.30517E+20,5.38946E+21,1.3481E+16,4.8571E+16
87562,9,3,72,116,2018,7,16,1,3,8,1,0,0,1,0,0,0,0,0,7.66251E+20,5.45493E+21,1.26544E+16,4.91893E+16
87563,9,5,76,113,2018,7,10,4,3,4,3,0,0,1,0,0,0,0,0,6.59532E+20,5.45777E+21,1.11923E+16,4.92519E+16
87564,9,7,74,121,2018,7,15,6,3,9,1,0,0,1,0,0,0,0,1,6.0194E+20,5.36484E+21,1.0378E+16,4.84284E+16
87565,9,5,76,127,2018,7,9,2,2,2,6,0,0,1,0,0,0,0,0,6.65546E+20,5.44508E+21,1.12696E+16,4.91362E+16
87566,9,3,76,175,2018,7,14,1,3,0,6,0,0,1,0,0,0,0,0,7.29077E+20,5.46612E+21,1.21514E+16,4.93048E+16
87567,9,1,80,115,2018,7,13,1,3,0,2,0,0,0,0,1,0,0,0,6.54848E+20,5.27079E+21,1.10589E+16,4.7572E+16
87568,9,1,77,137,2018,7,10,4,3,3,6,0,1,0,0,0,1,0,0,7.32884E+20,5.34591E+21,1.21357E+16,4.82236E+16
87569,9,6,78,193,2018,7,11,4,3,4,2,0,0,1,0,0,0,0,0,5.81146E+20,5.54186E+21,1.01328E+16,5.00235E+16
87570,9,7,78,196,2018,7,20,6,3,4,1,0,0,1,0,0,0,0,0,6.00113E+20,5.31501E+21,1.03416E+16,4.79806E+16
87571,9,6,62,0,2018,7,7,2,3,4,2,0,1,1,0,0,0,0,0,5.86301E+20,5.54252E+21,1.02049E+16,5.00288E+16
87572,9,3,61,0,2018,7,12,1,2,4,2,0,0,1,0,1,0,0,0,7.0818E+20,5.47975E+21,1.18715E+16,4.94347E+16
87573,9,2,75,141,2018,7,3,1,2,8,1,2,0,1,0,0,0,0,0,8.18786E+20,5.36786E+21,1.3306E+16,4.83832E+16
87574,9,1,79,123,2018,7,8,4,3,5,2,0,0,1,0,0,0,0,0,6.76729E+20,5.33375E+21,1.13753E+16,4.81324E+16
87575,9,7,74,140,2018,7,7,6,3,5,3,0,0,1,0,1,0,0,1,6.0555E+20,5.36666E+21,1.04273E+16,4.84442E+16
87576,9,3,71,122,2018,7,20,2,2,5,3,0,1,1,0,0,0,0,0,7.13035E+20,5.47972E+21,1.19383E+16,4.94328E+16
87577,9,1,84,146,2018,7,23,7,3,4,1,2,1,0,0,0,0,0,0,6.95287E+20,5.32868E+21,1.16222E+16,4.80815E+16
87578,9,1,90,131,2018,7,16,3,3,8,1,0,0,1,0,0,0,0,0,6.62924E+20,5.29178E+21,1.1174E+16,4.77588E+16
87579,9,5,64,0,2018,7,17,3,3,2,6,0,0,1,0,0,0,0,0,6.53457E+20,5.48043E+21,1.11176E+16,4.94572E+16
87580,9,7,63,0,2018,7,7,4,3,8,7,0,0,1,0,0,0,0,0,5.99869E+20,5.28943E+21,1.03324E+16,4.77505E+16
87581,9,5,75,147,2018,7,2,7,3,0,1,2,0,1,0,0,0,0,0,6.11101E+20,5.50537E+21,1.05404E+16,4.96906E+16
87582,9,7,75,164,2018,7,15,1,2,4,2,0,0,1,0,1,0,0,0,5.87416E+20,5.34965E+21,1.01786E+16,4.8294E+16
87583,9,7,75,135,2018,7,19,2,3,2,6,0,0,1,0,0,0,0,0,5.74612E+20,5.35842E+21,1.00075E+16,4.83745E+16
87584,9,3,75,180,2018,7,13,3,3,4,2,0,0,1,0,0,0,0,1,7.26429E+20,5.42472E+21,1.20918E+16,4.89339E+16
87585,9,2,71,140,2018,7,17,1,3,2,6,0,0,1,0,0,0,0,0,7.82359E+20,5.41937E+21,1.28502E+16,4.88629E+16
87586,9,5,64,0,2018,7,7,4,3,2,6,0,0,1,0,0,0,0,1,6.49189E+20,5.47873E+21,1.10581E+16,4.94429E+16
87587,9,7,80,119,2018,7,10,6,3,2,6,0,0,1,0,0,0,0,1,5.96251E+20,5.29851E+21,1.02862E+16,4.78328E+16
87588,9,5,74,156,2018,7,17,2,3,0,1,0,1,0,0,0,0,0,0,6.59968E+20,5.4825E+21,1.12082E+16,4.9474E+16
87589,9,1,83,128,2018,7,11,1,3,8,6,0,0,1,0,0,0,0,0,7.57844E+20,5.34962E+21,1.24734E+16,4.82473E+16
87590,9,7,75,135,2018,7,16,3,3,1,6,0,0,1,0,1,0,0,0,5.75204E+20,5.3596E+21,1.00157E+16,4.83851E+16
87591,9,7,76,130,2018,7,17,6,3,0,1,0,0,1,0,1,0,0,1,5.54412E+20,5.2704E+21,9.72363E+15,4.75847E+16
87592,9,7,71,165,2018,7,18,3,2,5,3,0,0,1,0,0,1,0,0,6.59928E+20,5.36069E+21,1.11599E+16,4.83791E+16
87593,9,1,73,115,2018,7,19,2,3,2,6,0,0,1,0,0,0,0,0,6.81028E+20,5.28999E+21,1.14147E+16,4.77378E+16
87594,9,7,71,122,2018,7,19,7,3,2,6,0,0,1,0,0,0,0,0,6.53143E+20,5.36197E+21,1.10688E+16,4.83923E+16
87595,9,1,82,134,2018,7,13,2,3,2,6,0,0,1,0,0,1,0,0,7.0207E+20,5.29481E+21,1.16973E+16,4.77749E+16
87596,9,1,82,134,2018,7,8,3,3,5,3,0,0,1,0,0,0,0,0,7.00417E+20,5.2943E+21,1.1675E+16,4.77709E+16
87597,9,5,71,166,2018,7,12,3,3,5,3,0,0,1,0,0,0,0,1,6.05353E+20,5.45144E+21,1.04464E+16,4.92067E+16
87598,9,7,80,143,2018,7,15,6,3,8,2,0,0,1,0,0,0,0,1,5.95851E+20,5.27421E+21,1.02755E+16,4.76142E+16
87599,9,2,77,111,2018,7,8,2,3,2,6,0,0,1,0,0,0,0,0,7.81554E+20,5.38551E+21,1.28162E+16,4.85594E+16
87600,9,7,80,119,2018,7,9,7,3,8,1,0,0,0,0,1,0,0,0,5.93741E+20,5.29675E+21,1.02523E+16,4.78173E+16
87601,9,1,62,0,2018,7,15,3,3,2,6,0,0,1,0,0,0,0,0,6.94654E+20,5.33204E+21,1.16152E+16,4.81119E+16
87602,9,5,71,228,2018,7,7,3,3,3,6,0,0,1,0,0,1,0,0,5.88774E+20,5.45265E+21,1.02191E+16,4.92202E+16
87603,9,7,80,124,2018,7,10,4,3,4,2,0,0,1,0,0,0,0,0,5.92837E+20,5.26921E+21,1.02343E+16,4.75696E+16
87604,9,4,64,0,2018,7,11,7,3,5,3,0,1,1,0,0,0,0,0,7.06027E+20,5.57779E+21,1.1894E+16,5.03162E+16
87605,9,7,79,131,2018,7,22,1,3,8,1,2,0,1,0,0,0,0,0,6.27761E+20,5.39504E+21,1.07362E+16,4.86953E+16
87606,9,7,78,116,2018,7,15,2,3,0,7,0,0,0,0,0,0,1,0,6.19004E+20,5.31964E+21,1.05959E+16,4.8019E+16
87607,9,2,71,119,2018,7,19,1,3,5,3,0,0,1,0,0,0,0,0,7.9326E+20,5.41913E+21,1.29983E+16,4.88558E+16
87608,9,4,78,176,2018,7,14,4,3,1,3,0,1,1,0,0,0,0,1,6.60555E+20,5.55066E+21,1.12444E+16,5.00865E+16
87609,9,7,62,0,2018,7,12,6,3,6,4,0,0,1,1,0,0,0,1,6.22153E+20,5.30795E+21,1.06348E+16,4.79133E+16
87610,9,5,71,193,2018,7,15,2,3,0,7,0,0,0,0,1,0,0,0,5.86111E+20,5.46955E+21,1.01862E+16,4.93726E+16
87611,9,5,77,173,2018,7,14,1,3,2,6,0,0,1,0,0,0,0,0,6.39394E+20,5.42651E+21,1.09049E+16,4.89757E+16
87612,9,1,87,169,2018,7,17,1,3,2,6,0,0,1,0,0,0,0,0,7.41346E+20,5.29877E+21,1.22229E+16,4.7797E+16
87613,9,7,80,143,2018,7,7,3,3,2,6,0,0,1,0,0,0,0,0,5.97953E+20,5.28169E+21,1.03051E+16,4.76812E+16
87614,9,7,77,155,2018,7,14,6,3,9,1,0,0,1,0,0,0,0,1,6.311E+20,5.31186E+21,1.07557E+16,4.79466E+16
87615,9,6,63,0,2018,7,9,3,3,0,6,0,0,1,0,0,0,1,0,5.6727E+20,5.51686E+21,9.93479E+15,4.98004E+16
87616,9,1,72,115,2018,7,17,2,2,5,3,0,1,1,0,0,0,0,0,7.93355E+20,5.2923E+21,1.29116E+16,4.77174E+16
87617,9,6,75,127,2018,7,10,7,3,1,6,0,0,1,0,0,0,0,0,6.03278E+20,5.51573E+21,1.04347E+16,4.97851E+16
87618,9,1,62,0,2018,7,17,2,3,3,6,0,0,1,0,1,0,0,0,6.85387E+20,5.3331E+21,1.14913E+16,4.81241E+16
87619,9,1,61,0,2018,7,17,3,2,5,3,0,0,1,0,1,0,0,0,6.81602E+20,5.40205E+21,1.14704E+16,4.8745E+16
87620,9,4,62,0,2018,7,17,3,3,6,2,0,0,0,1,0,0,1,0,6.84488E+20,5.53576E+21,1.15715E+16,4.99456E+16
87621,9,2,78,187,2018,7,17,1,3,8,1,0,0,0,0,1,0,0,0,7.79183E+20,5.42682E+21,1.28121E+16,4.89313E+16
87622,9,6,79,142,2018,7,15,4,3,4,1,0,0,1,0,0,0,0,0,5.65087E+20,5.52251E+21,9.90541E+15,4.98514E+16
87623,9,7,79,130,2018,7,0,6,3,8,1,2,0,1,0,0,0,0,1,6.14782E+20,5.4133E+21,1.0565E+16,4.8862E+16
87624,9,7,72,200,2018,7,16,2,3,5,3,0,0,1,0,0,0,0,0,6.25299E+20,5.34164E+21,1.06868E+16,4.82156E+16
87625,9,2,75,154,2018,7,17,1,3,0,7,0,0,0,0,1,0,1,0,8.05171E+20,5.395E+21,1.31424E+16,4.86335E+16
87626,9,2,61,0,2018,7,5,4,3,5,3,1,1,1,0,0,0,0,0,7.30017E+20,5.38168E+21,1.21167E+16,4.8546E+16
87627,9,7,79,228,2018,7,22,6,3,5,3,2,0,1,0,0,0,0,0,6.26624E+20,5.41498E+21,1.07269E+16,4.88749E+16
87628,9,7,72,209,2018,7,16,4,3,3,6,0,1,1,0,0,0,0,0,6.34972E+20,5.33575E+21,1.08151E+16,4.81606E+16
87629,9,4,71,220,2018,7,16,7,2,0,7,0,0,1,0,0,0,0,0,6.15666E+20,5.51332E+21,1.0606E+16,4.97612E+16
87630,9,6,77,155,2018,7,14,1,3,0,1,0,1,0,0,0,0,0,0,5.41809E+20,5.53658E+21,9.58313E+15,4.99801E+16
87631,9,7,77,169,2018,7,11,2,3,5,3,0,0,1,0,0,0,0,0,6.31396E+20,5.27053E+21,1.07472E+16,4.75749E+16
87632,9,3,76,117,2018,7,6,4,2,5,3,0,0,1,0,0,0,0,0,7.4031E+20,5.46098E+21,1.23026E+16,4.92543E+16
87633,9,7,79,131,2018,7,11,6,2,5,3,0,0,1,0,0,1,0,0,6.31331E+20,5.39603E+21,1.0785E+16,4.87035E+16
87634,9,4,77,156,2018,7,21,2,3,8,1,1,0,0,0,1,0,0,0,6.80259E+20,5.56443E+21,1.15261E+16,5.02046E+16
87635,9,1,82,124,2018,7,12,1,2,5,3,0,0,1,0,1,0,0,0,7.06424E+20,5.28211E+21,1.17493E+16,4.76595E+16
87636,9,7,61,0,2018,7,15,3,3,1,6,0,0,1,0,0,0,0,0,6.37416E+20,5.35948E+21,1.08556E+16,4.83735E+16
87637,9,7,79,155,2018,7,19,6,3,2,6,0,0,1,0,0,0,0,0,6.26361E+20,5.40185E+21,1.07193E+16,4.87568E+16
87638,9,6,76,145,2018,7,17,3,3,2,6,0,0,1,0,0,0,0,0,5.10653E+20,5.5207E+21,9.14815E+15,4.98387E+16
87639,9,6,72,131,2018,7,15,7,2,8,1,0,0,0,0,1,0,0,0,5.91894E+20,5.56011E+21,1.02872E+16,5.0186E+16
87640,9,1,88,120,2018,7,17,2,3,5,2,0,0,1,0,0,1,0,0,6.71709E+20,5.32452E+21,1.13042E+16,4.80509E+16
87641,9,1,88,139,2018,7,7,3,3,0,1,0,0,0,0,1,0,0,0,6.74164E+20,5.31749E+21,1.13343E+16,4.7987E+16
87642,9,3,75,175,2018,7,13,3,3,2,1,0,0,1,0,0,0,0,1,7.16099E+20,5.43484E+21,1.19564E+16,4.90285E+16
87643,9,6,73,114,2018,7,12,4,2,4,2,0,0,1,0,0,0,0,0,5.89007E+20,5.57663E+21,1.02507E+16,5.0335E+16
87644,9,7,73,183,2018,7,12,6,2,8,1,0,0,0,0,1,0,0,0,6.06196E+20,5.38396E+21,1.04404E+16,4.85997E+16
87645,9,6,78,136,2018,7,9,2,3,5,3,0,0,1,0,0,1,0,0,5.87022E+20,5.5403E+21,1.02145E+16,5.00086E+16
87646,9,1,61,0,2018,7,6,4,2,0,6,0,0,1,0,1,0,0,0,6.77963E+20,5.40249E+21,1.14211E+16,4.875E+16
87647,9,7,73,125,2018,7,15,6,2,5,3,0,0,1,0,0,0,1,0,6.15027E+20,5.37959E+21,1.05589E+16,4.85589E+16
87648,9,3,71,126,2018,7,17,2,3,2,6,0,0,1,0,0,0,0,0,7.02956E+20,5.49238E+21,1.1806E+16,4.955E+16
87649,9,1,74,131,2018,7,14,1,3,2,6,0,0,1,0,1,0,0,0,6.77003E+20,5.35513E+21,1.13879E+16,4.83246E+16
87650,9,2,74,126,2018,7,19,3,3,5,3,0,0,1,0,0,0,0,0,7.33301E+20,5.38372E+21,1.21623E+16,4.85631E+16
87651,9,5,76,143,2018,7,16,3,3,0,7,0,1,0,0,0,0,0,0,6.51827E+20,5.45501E+21,1.10854E+16,4.9229E+16
87652,9,7,74,166,2018,7,10,4,3,5,3,0,0,1,0,0,0,0,0,6.12416E+20,5.34584E+21,1.05145E+16,4.82558E+16
87653,9,3,75,205,2018,7,8,2,3,5,3,0,1,1,0,0,0,0,0,7.32572E+20,5.42363E+21,1.2175E+16,4.89219E+16
87654,9,1,76,112,2018,7,14,1,2,0,6,0,0,1,0,1,0,0,0,6.95756E+20,5.41684E+21,1.16697E+16,4.88736E+16
87655,9,7,72,171,2018,7,15,6,3,2,6,0,0,1,0,0,0,0,0,6.37733E+20,5.37204E+21,1.0864E+16,4.84864E+16
87656,9,6,71,114,2018,7,17,3,3,0,1,0,0,1,0,1,0,0,0,4.9911E+20,5.54359E+21,8.98757E+15,5.00446E+16
87657,9,1,62,0,2018,7,10,4,3,9,1,0,1,0,0,0,0,0,0,6.88997E+20,5.34166E+21,1.15436E+16,4.82E+16
87658,9,3,73,113,2018,7,17,7,3,9,7,0,0,1,0,0,0,0,0,6.74994E+20,5.47089E+21,1.14103E+16,4.93655E+16
87659,9,1,62,0,2018,7,9,1,3,5,2,0,1,1,0,0,0,0,0,6.99334E+20,5.32913E+21,1.16767E+16,4.80842E+16
87660,9,1,77,133,2018,7,14,3,3,2,6,0,0,1,0,0,0,0,0,7.1367E+20,5.35589E+21,1.18824E+16,4.832E+16
87661,9,2,76,146,2018,7,11,3,3,8,7,0,0,0,0,0,0,1,0,7.96607E+20,5.43012E+21,1.30518E+16,4.89528E+16
87662,9,6,72,149,2018,7,6,4,3,8,1,0,0,1,0,0,0,0,1,5.58974E+20,5.56754E+21,9.82732E+15,5.02571E+16
87663,9,7,61,0,2018,7,17,6,3,2,6,0,0,1,0,0,0,0,0,6.39293E+20,5.36088E+21,1.08814E+16,4.83857E+16
87664,9,6,76,125,2018,7,20,2,3,5,3,1,0,1,0,0,0,0,0,5.15988E+20,5.50833E+21,9.22183E+15,4.97273E+16
87665,9,2,74,135,2018,7,18,1,2,8,1,0,1,0,0,0,0,0,0,7.49255E+20,5.37717E+21,1.23743E+16,4.84981E+16
87666,9,1,74,136,2018,7,5,4,3,4,6,1,0,1,0,1,0,0,0,6.81188E+20,5.36576E+21,1.14489E+16,4.84189E+16
87667,9,6,75,141,2018,7,11,6,3,1,6,0,0,1,0,1,0,0,0,5.82795E+20,5.51029E+21,1.01491E+16,4.97394E+16
87668,9,2,78,170,2018,7,7,2,2,2,6,0,0,1,0,0,0,0,0,7.64909E+20,5.42406E+21,1.26158E+16,4.89128E+16
87669,9,7,78,150,2018,7,15,7,3,5,2,0,0,1,0,1,0,0,0,5.85874E+20,5.3207E+21,1.0152E+16,4.80338E+16
87670,9,1,89,119,2018,7,20,3,3,5,3,0,0,1,0,0,0,0,0,7.64875E+20,5.30582E+21,1.25409E+16,4.78511E+16
87671,9,5,64,0,2018,7,12,3,3,2,6,0,0,1,0,0,0,0,0,6.4865E+20,5.48427E+21,1.10527E+16,4.94928E+16
87672,9,7,77,151,2018,7,15,4,2,5,2,0,1,1,0,0,0,0,0,6.20997E+20,5.29329E+21,1.06153E+16,4.77816E+16
87673,9,5,71,190,2018,7,18,7,3,8,7,0,0,1,0,0,0,0,0,6.26488E+20,5.46527E+21,1.07408E+16,4.9327E+16
87674,9,7,76,129,2018,7,7,1,2,9,1,0,0,0,0,1,0,0,0,5.70923E+20,5.27172E+21,9.9434E+15,4.7595E+16
87675,9,7,64,0,2018,7,17,2,3,2,6,0,0,1,0,0,0,0,0,5.88299E+20,5.31409E+21,1.01831E+16,4.7974E+16
87676,9,5,72,131,2018,7,12,1,3,8,1,0,0,1,0,0,0,0,0,6.57197E+20,5.48333E+21,1.11703E+16,4.94822E+16
87677,9,5,77,179,2018,7,11,4,3,9,1,0,0,1,0,0,0,0,0,6.20693E+20,5.42783E+21,1.06499E+16,4.89916E+16