OBJECTID_1,ULAND,UREGBEZ,UKREIS,UGEMEINDE,UJAHR,UMONAT,USTUNDE,UWOCHENTAG,UKATEGORIE,UART,UTYP1,ULICHTVERH,IstRad,IstPKW,IstFuss,IstKrad,IstGkfz,IstSonstig,STRZUSTAND,LINREFX,LINREFY,XGCSWGS84,YGCSWGS84
87678,9,6,63,0,2018,7,18,6,3,1,6,0,0,1,0,0,0,0,0,5.66262E+20,5.51659E+21,9.92074E+15,4.97981E+16
87679,9,5,64,0,2018,7,14,7,3,2,6,0,0,1,0,1,0,0,0,6.52859E+20,5.47221E+21,1.11062E+16,4.93834E+16
87680,9,1,62,0,2018,7,22,1,3,2,7,2,0,1,0,0,0,0,0,6.94992E+20,5.33754E+21,1.16223E+16,4.81612E+16
87681,9,1,84,135,2018,7,11,2,3,2,6,0,1,0,0,0,0,0,0,6.89487E+20,5.34749E+21,1.15528E+16,4.82522E+16
87682,9,2,77,111,2018,7,15,3,3,0,6,0,0,1,0,1,0,0,0,7.84808E+20,5.38731E+21,1.28614E+16,4.8574E+16
87683,9,5,64,0,2018,7,9,4,3,5,2,0,0,1,0,0,0,0,0,6.52002E+20,5.47751E+21,1.10964E+16,4.94312E+16
87684,9,6,75,158,2018,7,7,6,3,9,1,0,0,1,0,0,0,0,1,5.95688E+20,5.51984E+21,1.03303E+16,4.98233E+16
87685,9,5,72,135,2018,7,17,2,3,5,3,0,0,1,0,1,0,0,0,6.27747E+20,5.50561E+21,1.07712E+16,4.96895E+16
87686,9,1,89,155,2018,7,13,1,3,6,7,0,0,0,0,1,0,1,0,7.70169E+20,5.31028E+21,1.26143E+16,4.78889E+16
87687,9,1,62,0,2018,7,19,3,3,5,3,0,0,0,0,0,1,1,1,6.86345E+20,5.3318E+21,1.15036E+16,4.81122E+16
87688,9,6,77,148,2018,7,15,6,3,4,3,0,0,1,0,0,0,1,0,5.58003E+20,5.53147E+21,9.80822E+15,4.99328E+16
87689,9,2,74,128,2018,7,12,2,3,8,1,0,0,1,0,0,0,0,0,7.3664E+20,5.39293E+21,1.22127E+16,4.86446E+16
87690,9,7,62,0,2018,7,18,7,2,6,1,0,1,0,1,0,0,0,0,6.21229E+20,5.30449E+21,1.06215E+16,4.78823E+16
87691,9,1,87,177,2018,7,13,2,3,2,6,0,0,1,0,0,0,0,0,7.36412E+20,5.30582E+21,1.2161E+16,4.78622E+16
87692,9,1,87,170,2018,7,12,3,2,4,6,0,0,1,0,1,0,0,1,7.34653E+20,5.31914E+21,1.21448E+16,4.79825E+16
87693,9,5,71,134,2018,7,11,3,3,2,1,0,0,1,0,0,0,1,1,5.87919E+20,5.462E+21,1.02094E+16,4.93044E+16
87694,9,7,61,0,2018,7,9,4,2,2,1,0,0,1,0,0,1,0,0,6.41853E+20,5.36368E+21,1.09169E+16,4.84103E+16
87695,9,4,74,176,2018,7,13,7,2,2,6,0,0,1,0,1,0,0,0,6.59966E+20,5.51995E+21,1.12234E+16,4.98107E+16
87696,9,7,71,113,2018,7,19,1,3,5,3,0,0,1,0,0,1,0,0,6.57734E+20,5.36979E+21,1.11337E+16,4.84614E+16
87697,9,7,80,122,2018,7,18,2,3,5,3,0,1,1,0,0,0,0,0,6.03519E+20,5.29103E+21,1.03815E+16,4.77643E+16
87698,9,4,72,199,2018,7,17,4,3,4,6,0,0,1,0,0,0,0,0,6.90148E+20,5.53752E+21,1.16512E+16,4.99597E+16
87699,9,6,78,178,2018,7,19,6,3,3,6,0,0,1,0,0,0,0,0,5.89092E+20,5.54225E+21,1.02438E+16,5.00259E+16
87700,9,4,75,127,2018,7,14,2,2,4,6,0,0,1,0,0,1,0,0,7.125E+20,5.57857E+21,1.19853E+16,5.03209E+16
87701,9,5,77,162,2018,7,9,1,2,8,1,0,0,0,0,1,0,0,0,6.2855E+20,5.42166E+21,1.07553E+16,4.89345E+16
87702,9,1,87,162,2018,7,9,1,3,5,3,0,1,0,0,0,0,1,0,7.50766E+20,5.30382E+21,1.23514E+16,4.78388E+16
87703,9,7,77,145,2018,7,10,3,3,5,3,0,0,1,0,0,0,0,0,6.29572E+20,5.32767E+21,1.074E+16,4.80892E+16
87704,9,6,62,0,2018,7,20,3,3,2,6,0,0,1,0,0,1,0,0,5.86795E+20,5.54189E+21,1.02117E+16,5.0023E+16
87705,9,1,71,117,2018,7,11,2,2,5,3,0,1,1,0,0,0,0,0,7.65957E+20,5.33665E+21,1.25744E+16,4.81275E+16
87706,9,6,77,178,2018,7,15,7,3,8,1,0,0,0,0,1,0,0,0,5.43841E+20,5.52672E+21,9.61036E+15,4.98913E+16
87707,9,1,81,145,2018,7,5,2,3,8,7,1,0,0,0,1,0,0,0,6.42351E+20,5.33038E+21,1.09124E+16,4.81107E+16
87708,9,4,75,162,2018,7,14,6,3,2,1,0,0,1,0,0,0,0,0,7.1404E+20,5.5699E+21,1.2002E+16,5.02425E+16
87709,9,7,80,123,2018,7,11,7,3,3,6,0,1,0,0,0,0,0,0,6.00317E+20,5.26211E+21,1.03321E+16,4.75047E+16
87710,9,1,90,115,2018,7,19,2,2,5,3,0,1,1,0,0,0,0,0,6.70267E+20,5.30508E+21,1.12772E+16,4.78765E+16
87711,9,1,80,135,2018,7,19,3,3,2,2,0,0,1,0,0,0,0,0,6.52591E+20,5.27664E+21,1.10309E+16,4.76252E+16
87712,9,2,62,0,2018,7,19,3,3,5,3,0,0,1,0,0,0,0,0,8.24493E+20,5.39039E+21,1.34003E+16,4.85824E+16
87713,9,4,73,134,2018,7,13,6,3,2,6,0,0,1,0,0,0,0,0,6.44163E+20,5.56498E+21,1.10209E+16,5.02194E+16
87714,9,2,71,119,2018,7,10,7,3,4,6,0,1,1,0,0,0,0,0,7.89708E+20,5.41815E+21,1.29493E+16,4.88486E+16
87715,9,7,80,117,2018,7,1,1,3,8,1,2,0,1,0,0,0,0,0,5.94113E+20,5.28367E+21,1.02544E+16,4.76995E+16
87716,9,4,73,174,2018,7,15,6,3,2,6,0,0,1,0,0,0,0,0,6.52743E+20,5.56353E+21,1.11405E+16,5.02042E+16
87717,9,4,77,138,2018,7,14,6,2,5,3,0,1,0,0,0,0,1,1,6.89256E+20,5.56408E+21,1.16519E+16,5.01986E+16
87718,9,4,71,111,2018,7,12,1,2,8,1,0,0,0,0,1,0,0,0,6.45116E+20,5.5171E+21,1.10161E+16,4.97888E+16
87719,9,7,79,203,2018,7,14,2,3,8,7,0,0,1,0,0,0,0,0,6.12958E+20,5.40967E+21,1.05391E+16,4.88298E+16
87720,9,1,76,112,2018,7,13,7,3,5,3,0,0,1,0,1,0,0,0,6.87909E+20,5.42438E+21,1.15663E+16,4.89438E+16
87721,9,1,62,0,2018,7,17,6,2,6,4,0,0,0,1,0,0,1,0,6.94476E+20,5.33657E+21,1.16149E+16,4.81526E+16
87722,9,4,72,154,2018,7,6,6,3,8,1,0,0,1,0,0,0,0,0,6.6235E+20,5.53386E+21,1.12624E+16,4.99351E+16
87723,9,1,87,129,2018,7,14,1,3,2,6,0,0,1,0,0,0,0,0,7.23584E+20,5.30082E+21,1.19871E+16,4.78219E+16
87724,9,4,62,0,2018,7,7,2,3,2,6,0,0,1,0,0,0,1,0,6.85993E+20,5.53467E+21,1.15919E+16,4.99354E+16
87725,9,5,77,136,2018,7,16,3,3,1,2,0,0,1,0,0,0,0,0,6.27232E+20,5.44182E+21,1.07436E+16,4.9116E+16
87726,9,4,71,142,2018,7,18,6,3,5,2,0,0,1,0,0,0,0,0,6.52152E+20,5.52699E+21,1.11177E+16,4.9876E+16
87727,9,4,79,126,2018,7,13,7,2,3,6,0,0,1,0,0,0,0,0,7.21949E+20,5.55196E+21,1.21023E+16,5.00785E+16
87728,9,1,76,161,2018,7,11,2,3,8,1,0,0,1,0,0,0,0,1,6.80832E+20,5.41364E+21,1.1465E+16,4.88493E+16
87729,9,1,61,0,2018,7,13,3,3,9,1,0,0,1,0,0,0,0,0,6.80611E+20,5.40309E+21,1.14574E+16,4.87546E+16
87730,9,1,73,135,2018,7,12,7,3,0,7,0,1,0,0,0,0,0,0,6.92008E+20,5.27873E+21,1.1556E+16,4.76335E+16
87731,9,6,77,129,2018,7,17,1,3,8,6,0,0,1,0,1,0,0,0,5.30152E+20,5.54738E+21,9.4214E+15,5.00779E+16
87732,9,4,61,0,2018,7,18,6,3,4,2,0,1,1,0,0,0,0,0,6.35294E+20,5.5301E+21,1.08843E+16,4.99079E+16
87733,9,3,63,0,2018,7,7,6,2,2,6,0,0,1,0,0,0,1,0,7.27659E+20,5.5077E+21,1.21559E+16,4.96788E+16
87734,9,3,76,169,2018,7,17,1,3,0,6,0,0,1,0,1,0,0,0,7.26749E+20,5.47803E+21,1.21262E+16,4.94126E+16
87735,9,6,73,175,2018,7,13,2,3,0,1,0,1,0,0,0,0,0,0,5.8934E+20,5.58138E+21,1.02565E+16,5.03777E+16
87736,9,7,80,121,2018,7,16,6,3,0,6,0,0,0,0,1,0,1,0,5.95447E+20,5.25888E+21,1.02668E+16,4.74764E+16
87737,9,3,75,196,2018,7,15,6,3,5,3,0,0,1,0,0,0,0,0,7.30855E+20,5.41231E+21,1.21452E+16,4.88208E+16
87738,9,1,81,130,2018,7,8,1,3,9,1,0,0,1,0,0,0,0,0,6.3593E+20,5.32187E+21,1.08235E+16,4.80356E+16
87739,9,3,76,175,2018,7,13,2,3,5,3,0,0,1,0,0,0,0,0,7.30115E+20,5.46698E+21,1.21662E+16,4.93121E+16
87740,9,3,73,119,2018,7,11,6,3,0,7,0,1,0,0,0,0,1,0,6.84844E+20,5.45509E+21,1.15385E+16,4.92206E+16
87741,9,3,75,175,2018,7,11,1,3,2,1,0,0,1,0,0,0,0,0,7.18459E+20,5.4357E+21,1.19891E+16,4.90354E+16
87742,9,7,61,0,2018,7,8,2,3,5,1,0,0,1,0,0,0,0,0,6.41423E+20,5.35272E+21,1.09074E+16,4.83118E+16
87743,9,7,75,152,2018,7,12,6,2,2,6,0,0,1,0,1,0,0,0,5.81024E+20,5.35186E+21,1.00928E+16,4.83147E+16
87744,9,7,72,125,2018,7,12,6,2,5,3,0,0,1,0,0,0,0,0,6.33169E+20,5.34786E+21,1.07946E+16,4.82699E+16
87745,9,3,73,126,2018,7,18,6,3,8,1,0,0,0,0,1,0,0,0,6.72649E+20,5.45151E+21,1.13697E+16,4.91921E+16
87746,9,1,86,122,2018,7,9,1,2,5,7,0,0,1,0,0,0,0,0,6.91804E+20,5.399E+21,1.16076E+16,4.87145E+16
87747,9,3,75,117,2018,7,13,2,3,2,7,0,0,1,0,0,1,0,0,7.41501E+20,5.43203E+21,1.23016E+16,4.89939E+16
87748,9,6,63,0,2018,7,15,6,3,6,7,0,0,0,1,1,0,0,0,5.69163E+20,5.51762E+21,9.96122E+15,4.9807E+16
87749,9,4,73,151,2018,7,15,3,2,8,1,0,1,0,0,0,0,0,0,6.49199E+20,5.57333E+21,1.10947E+16,5.02932E+16
87750,9,3,72,143,2018,7,19,6,3,5,3,0,0,1,0,1,0,0,0,7.74442E+20,5.4514E+21,1.27642E+16,4.9154E+16
87751,9,4,74,176,2018,7,18,7,2,0,1,0,1,0,0,0,0,0,0,6.59863E+20,5.52024E+21,1.12221E+16,4.98132E+16
87752,9,1,79,142,2018,7,16,2,3,2,6,0,0,1,0,0,0,0,0,6.70506E+20,5.34171E+21,1.12949E+16,4.82057E+16
87753,9,1,62,0,2018,7,10,3,3,0,6,0,0,1,0,0,1,0,0,6.80893E+20,5.33936E+21,1.14336E+16,4.81817E+16
87754,9,1,72,129,2018,7,10,7,2,5,2,0,0,1,0,1,0,0,0,7.9449E+20,5.27979E+21,1.29182E+16,4.76045E+16
87755,9,5,74,112,2018,7,12,1,3,8,1,0,0,1,0,0,0,0,1,6.74856E+20,5.47609E+21,1.14107E+16,4.94123E+16
87756,9,3,71,136,2018,7,12,6,3,2,6,0,0,1,0,0,0,0,0,7.10742E+20,5.47536E+21,1.19044E+16,4.93945E+16
87757,9,3,76,175,2018,7,10,6,3,5,3,0,0,1,0,0,0,0,0,7.31958E+20,5.46495E+21,1.21903E+16,4.92932E+16
87758,9,2,71,151,2018,7,15,1,2,0,1,0,0,0,0,1,0,0,1,7.76807E+20,5.41339E+21,1.27707E+16,4.88117E+16
87759,9,6,71,156,2018,7,9,2,3,3,1,0,0,1,0,0,0,0,1,5.25187E+20,5.53117E+21,9.35095E+15,4.99323E+16
87760,9,6,73,114,2018,7,9,3,3,1,7,0,0,1,0,0,0,0,0,5.8645E+20,5.57497E+21,1.02144E+16,5.03205E+16
87761,9,3,76,161,2018,7,15,6,2,5,3,0,1,1,0,0,0,0,0,7.25926E+20,5.46809E+21,1.21093E+16,4.93237E+16
87762,9,1,62,0,2018,7,20,7,3,5,2,0,1,1,0,0,0,0,0,6.88674E+20,5.33784E+21,1.15375E+16,4.81658E+16
87763,9,3,61,0,2018,7,16,2,2,2,6,0,0,1,0,0,0,0,0,7.09434E+20,5.47975E+21,1.18888E+16,4.94343E+16
87764,9,3,76,161,2018,7,13,3,3,5,3,0,1,1,0,0,0,0,0,7.25453E+20,5.4673E+21,1.21023E+16,4.93167E+16
87765,9,3,76,112,2018,7,12,6,3,5,3,0,0,1,0,0,0,0,0,7.36442E+20,5.47936E+21,1.22604E+16,4.94209E+16
87766,9,3,71,156,2018,7,8,7,3,5,3,0,1,0,0,0,0,0,0,7.02811E+20,5.49932E+21,1.18076E+16,4.96124E+16
87767,9,1,75,123,2018,7,5,2,3,5,2,1,0,1,0,0,0,1,0,7.22273E+20,5.3375E+21,1.19886E+16,4.81518E+16
87768,9,4,74,158,2018,7,15,3,3,5,3,0,0,1,0,0,0,0,0,6.52573E+20,5.50786E+21,1.1116E+16,4.97039E+16
87769,9,3,76,163,2018,7,13,6,3,5,3,0,1,1,0,0,0,0,0,7.26694E+20,5.4753E+21,1.21239E+16,4.93882E+16
87770,9,3,62,0,2018,7,15,7,3,2,6,0,0,1,0,0,0,0,0,7.2462E+20,5.43094E+21,1.20706E+16,4.89904E+16
87771,9,1,62,0,2018,7,7,2,3,1,6,0,0,1,0,0,0,0,1,6.93168E+20,5.33976E+21,1.15988E+16,4.81817E+16
87772,9,3,71,146,2018,7,7,6,3,2,6,0,0,1,0,0,0,0,0,7.13903E+20,5.46779E+21,1.19439E+16,4.93253E+16
87773,9,1,75,132,2018,7,16,3,2,5,2,0,1,1,0,0,0,0,0,7.07236E+20,5.33676E+21,1.17864E+16,4.81503E+16
87774,9,1,63,0,2018,7,21,7,3,5,2,2,1,1,0,0,0,0,0,7.34138E+20,5.30465E+21,1.213E+16,4.78525E+16
87775,9,5,76,127,2018,7,10,1,3,2,6,0,0,1,0,1,0,0,0,6.59486E+20,5.45049E+21,1.11887E+16,4.91865E+16
87776,9,2,78,118,2018,7,17,6,3,5,3,0,0,1,0,0,0,0,0,7.70861E+20,5.42429E+21,1.2697E+16,4.89123E+16
87777,9,2,76,144,2018,7,16,6,3,4,6,0,0,1,0,0,0,0,0,7.85479E+20,5.44612E+21,1.29114E+16,4.91016E+16
87778,9,2,74,183,2018,7,14,1,3,5,3,0,0,1,0,0,0,0,0,7.4188E+20,5.36328E+21,1.22666E+16,4.83762E+16
87779,9,5,62,0,2018,7,9,2,3,0,1,0,0,0,0,1,0,0,1,6.39749E+20,5.49199E+21,1.09326E+16,4.95643E+16
87780,9,6,71,143,2018,7,19,3,2,0,6,0,0,1,0,1,0,0,1,5.10068E+20,5.54348E+21,9.14061E+15,5.00436E+16
87781,9,2,78,189,2018,7,18,6,3,0,2,0,0,1,0,1,0,0,0,7.65884E+20,5.44159E+21,1.26406E+16,4.90697E+16
87782,9,7,75,118,2018,7,1,7,3,0,1,2,0,1,0,0,0,0,0,5.87519E+20,5.34237E+21,1.01785E+16,4.82285E+16
87783,9,1,90,121,2018,7,10,2,3,8,1,0,0,1,0,0,0,0,1,6.63243E+20,5.28806E+21,1.11769E+16,4.77253E+16
87784,9,2,73,116,2018,7,22,3,2,5,3,2,0,1,0,0,0,0,0,7.19132E+20,5.42263E+21,1.19912E+16,4.89178E+16
87785,9,2,75,153,2018,7,16,3,3,9,1,0,0,1,0,0,0,0,0,8.38059E+20,5.39227E+21,1.35852E+16,4.85921E+16
87786,9,2,78,197,2018,7,11,6,3,8,1,0,0,0,0,1,0,0,0,7.58625E+20,5.43312E+21,1.2536E+16,4.89967E+16
87787,9,2,76,111,2018,7,20,7,1,4,1,0,0,1,0,1,0,0,0,7.87483E+20,5.42784E+21,1.29259E+16,4.89366E+16
87788,9,7,75,152,2018,7,10,1,2,5,3,0,1,1,0,0,0,0,0,5.77858E+20,5.35236E+21,1.00502E+16,4.83196E+16
87789,9,2,62,0,2018,7,7,6,3,0,7,0,1,0,0,0,0,1,1,8.29022E+20,5.38947E+21,1.34608E+16,4.85719E+16
87790,9,2,75,141,2018,7,21,6,3,3,6,1,0,1,0,1,0,0,0,8.1877E+20,5.36793E+21,1.33058E+16,4.83838E+16
87791,9,4,76,164,2018,7,9,1,3,4,2,0,0,1,0,1,0,0,0,6.64209E+20,5.5797E+21,1.1308E+16,5.03464E+16
87792,9,7,63,0,2018,7,7,2,3,5,3,0,1,1,0,0,0,0,0,5.99351E+20,5.28638E+21,1.03248E+16,4.77231E+16
87793,9,1,85,139,2018,7,14,7,2,5,2,0,1,1,0,0,0,0,0,6.67792E+20,5.39443E+21,1.12796E+16,4.86803E+16
87794,9,2,75,149,2018,7,8,6,3,5,3,0,0,1,0,0,0,1,0,8.13525E+20,5.37113E+21,1.32376E+16,4.84152E+16
87795,9,1,62,0,2018,7,13,6,3,8,1,0,0,0,0,1,0,1,1,6.81701E+20,5.33537E+21,1.14428E+16,4.81456E+16
87796,9,2,77,116,2018,7,7,6,3,8,1,0,0,0,0,1,0,0,0,7.76794E+20,5.36675E+21,1.27394E+16,4.83931E+16
87797,9,1,89,129,2018,7,16,1,2,0,1,0,0,0,0,1,0,0,0,7.59507E+20,5.29513E+21,1.24628E+16,4.77572E+16
87798,9,4,64,0,2018,7,16,2,3,5,3,0,0,1,0,0,0,0,0,7.07819E+20,5.57662E+21,1.19185E+16,5.0305E+16
87799,9,2,74,111,2018,7,0,6,3,8,1,2,0,1,0,0,0,0,1,7.41184E+20,5.38481E+21,1.22696E+16,4.85699E+16
87800,9,7,78,173,2018,7,13,2,3,5,2,0,0,1,0,0,0,0,0,6.11745E+20,5.32159E+21,1.04991E+16,4.80378E+16
87801,9,1,87,122,2018,7,11,7,3,2,6,0,0,0,0,1,0,0,0,7.17665E+20,5.30829E+21,1.19119E+16,4.7891E+16
87802,9,5,75,127,2018,7,15,1,3,2,6,0,0,1,0,0,0,0,0,5.84689E+20,5.49117E+21,1.01712E+16,4.95672E+16
87803,9,2,74,126,2018,7,15,6,3,1,6,0,0,1,0,1,0,0,0,7.33125E+20,5.38349E+21,1.21598E+16,4.85611E+16
87804,9,1,75,135,2018,7,17,7,3,5,7,0,1,1,0,0,0,0,0,7.06948E+20,5.33856E+21,1.17834E+16,4.81666E+16
87805,9,2,79,112,2018,7,7,6,2,4,6,0,0,1,0,0,0,0,0,7.56002E+20,5.39357E+21,1.24755E+16,4.86428E+16
87806,9,1,90,133,2018,7,7,1,3,0,1,0,1,0,0,0,0,0,0,6.3337E+20,5.29819E+21,1.07819E+16,4.78232E+16
87807,9,5,64,0,2018,7,16,2,3,5,3,0,0,1,0,1,0,0,0,6.49254E+20,5.47868E+21,1.1059E+16,4.94424E+16
87808,9,5,72,126,2018,7,13,3,2,8,1,0,0,0,0,1,0,0,0,6.33962E+20,5.50597E+21,1.08574E+16,4.96913E+16
87809,9,2,79,112,2018,7,15,6,3,3,2,0,1,1,0,0,0,0,0,7.57464E+20,5.39242E+21,1.24946E+16,4.86317E+16
87810,9,6,77,148,2018,7,7,7,3,2,6,0,0,1,0,0,0,0,0,5.5315E+20,5.53854E+21,9.74157E+15,4.99968E+16
87811,9,1,89,155,2018,7,12,2,3,4,6,0,0,1,0,0,0,0,0,7.7248E+20,5.30485E+21,1.26417E+16,4.78392E+16
87812,9,6,75,141,2018,7,14,6,1,8,6,0,0,1,0,1,0,0,0,5.85015E+20,5.51106E+21,1.01801E+16,4.9746E+16
87813,9,1,83,123,2018,7,9,3,3,3,7,0,0,1,0,0,0,0,0,7.35233E+20,5.33962E+21,1.21638E+16,4.81663E+16
87814,9,2,74,128,2018,7,16,3,3,4,2,0,0,1,0,0,0,0,0,7.36917E+20,5.38923E+21,1.22144E+16,4.86113E+16
87815,9,1,88,139,2018,7,6,6,3,7,7,0,0,1,0,0,0,1,0,6.80464E+20,5.32163E+21,1.14204E+16,4.80225E+16
87816,9,2,61,0,2018,7,19,7,3,0,6,0,0,1,0,1,0,0,0,7.31513E+20,5.38176E+21,1.2137E+16,4.85462E+16
87817,9,7,80,117,2018,7,15,1,3,0,6,0,0,1,0,1,0,0,0,5.84134E+20,5.28897E+21,1.01224E+16,4.77486E+16
87818,9,1,90,121,2018,7,15,6,2,5,3,0,0,1,0,0,0,0,0,6.6411E+20,5.28837E+21,1.11886E+16,4.77279E+16
87819,9,1,90,141,2018,7,11,6,3,2,6,0,0,1,0,0,0,0,0,6.79776E+20,5.2905E+21,1.13982E+16,4.77428E+16
87820,9,3,74,123,2018,7,13,1,2,8,1,0,0,0,0,1,0,0,0,7.46636E+20,5.51232E+21,1.24214E+16,4.97128E+16
87821,9,7,72,147,2018,7,17,2,3,3,6,0,0,1,0,0,0,0,0,6.38987E+20,5.36406E+21,1.08783E+16,4.84144E+16
87822,9,1,88,144,2018,7,15,7,2,5,3,0,1,1,0,0,0,0,0,6.67892E+20,5.3272E+21,1.12541E+16,4.8076E+16
87823,9,7,75,162,2018,7,16,6,3,2,6,0,0,1,0,1,0,0,0,5.82636E+20,5.34722E+21,1.01137E+16,4.82728E+16
87824,9,6,79,174,2018,7,14,6,3,9,1,0,0,1,0,0,0,0,0,5.81091E+20,5.52475E+21,1.01285E+16,4.98696E+16
87825,9,1,80,124,2018,7,16,6,3,3,6,0,1,0,0,0,1,0,0,6.64546E+20,5.28268E+21,1.11922E+16,4.76765E+16
87826,9,1,87,148,2018,7,15,1,3,2,6,0,1,1,0,0,0,0,0,7.39427E+20,5.27888E+21,1.21864E+16,4.7619E+16
87827,9,4,74,122,2018,7,8,2,3,9,1,0,0,1,0,0,0,0,1,6.51173E+20,5.50408E+21,1.10952E+16,4.96703E+16
87828,9,6,74,187,2018,7,19,6,3,5,3,0,0,1,0,0,0,0,0,6.1125E+20,5.52765E+21,1.05488E+16,4.98909E+16
87829,9,5,75,161,2018,7,8,3,3,5,3,0,0,1,0,0,0,0,0,6.0391E+20,5.50413E+21,1.04404E+16,4.96807E+16
87830,9,1,73,133,2018,7,16,6,3,8,1,0,0,0,0,1,0,0,0,6.76816E+20,5.27814E+21,1.13537E+16,4.76325E+16
87831,9,4,75,154,2018,7,8,7,3,5,3,0,1,1,0,0,0,0,0,7.00984E+20,5.56345E+21,1.18157E+16,5.01891E+16
87832,9,1,85,149,2018,7,17,2,3,1,6,0,0,1,0,0,0,0,0,6.65374E+20,5.39829E+21,1.12483E+16,4.87157E+16
87833,9,1,76,131,2018,7,7,3,3,2,6,0,0,1,0,0,0,0,0,6.8055E+20,5.41214E+21,1.14605E+16,4.88359E+16
87834,9,7,73,139,2018,7,20,6,3,4,2,0,0,1,0,0,0,1,0,6.1682E+20,5.38728E+21,1.05854E+16,4.86277E+16
87835,9,5,74,123,2018,7,15,3,3,4,1,0,0,1,0,0,0,0,0,6.60264E+20,5.47092E+21,1.12076E+16,4.93699E+16
87836,9,1,83,140,2018,7,6,6,3,0,6,0,0,1,0,0,0,0,0,7.4032E+20,5.34029E+21,1.22325E+16,4.81704E+16
87837,9,5,65,0,2018,7,15,7,3,0,6,0,1,0,0,0,0,0,0,6.47287E+20,5.46964E+21,1.10285E+16,4.93617E+16
87838,9,1,87,164,2018,7,16,2,3,2,6,0,0,1,0,0,0,0,0,7.36357E+20,5.32209E+21,1.21692E+16,4.80084E+16
87839,9,1,71,126,2018,7,19,3,3,3,2,0,1,1,0,0,0,0,0,7.81085E+20,5.35251E+21,1.27878E+16,4.82633E+16
87840,9,1,89,157,2018,7,17,6,3,2,6,0,0,1,0,0,0,0,0,7.6444E+20,5.32531E+21,1.2547E+16,4.80262E+16
87841,9,1,90,129,2018,7,14,7,2,4,7,0,0,1,0,0,0,0,0,6.42047E+20,5.30079E+21,1.08986E+16,4.78447E+16
87842,9,7,72,177,2018,7,14,1,3,2,6,0,0,1,0,0,0,0,1,6.35564E+20,5.37592E+21,1.08359E+16,4.85218E+16
87843,9,1,83,138,2018,7,16,6,3,2,6,0,0,1,0,0,0,0,0,7.46539E+20,5.34732E+21,1.23201E+16,4.82311E+16
87844,9,1,89,146,2018,7,11,6,3,4,6,0,1,0,0,0,0,0,0,7.62521E+20,5.29852E+21,1.2505E+16,4.77865E+16
87845,9,3,73,151,2018,7,16,1,3,0,1,0,1,0,0,0,0,0,0,6.97044E+20,5.44931E+21,1.17031E+16,4.9165E+16
87846,9,6,79,193,2018,7,1,2,3,2,6,2,0,0,0,0,1,1,0,5.7587E+20,5.5123E+21,1.00534E+16,4.97584E+16
87847,9,7,74,122,2018,7,15,6,3,5,3,0,0,1,0,0,0,0,0,6.07436E+20,5.35683E+21,1.04503E+16,4.83555E+16
87848,9,6,79,201,2018,7,17,6,3,2,6,0,0,1,0,1,0,0,0,5.7584E+20,5.52598E+21,1.00556E+16,4.98814E+16
87849,9,1,71,111,2018,7,23,6,3,4,1,2,0,1,0,0,0,0,0,7.71212E+20,5.34789E+21,1.2652E+16,4.82261E+16
87850,9,1,88,137,2018,7,17,1,2,6,4,0,0,1,1,0,0,0,1,6.72937E+20,5.3148E+21,1.13168E+16,4.79632E+16
87851,9,3,73,159,2018,7,15,2,3,0,1,0,0,0,0,1,0,0,0,6.75884E+20,5.45445E+21,1.14153E+16,4.92176E+16
87852,9,4,78,165,2018,7,16,3,3,4,6,0,0,1,0,0,0,0,0,6.43439E+20,5.55076E+21,1.10053E+16,5.00917E+16
87853,9,1,71,137,2018,7,13,6,3,5,2,0,0,1,0,1,0,0,0,7.70913E+20,5.35215E+21,1.26507E+16,4.82645E+16
87854,9,3,74,122,2018,7,15,7,2,9,1,0,0,0,0,1,0,0,0,7.44034E+20,5.5165E+21,1.2388E+16,4.97514E+16
87855,9,1,79,123,2018,7,15,2,3,4,6,0,1,0,0,0,0,0,0,6.75396E+20,5.33319E+21,1.13572E+16,4.81278E+16
87856,9,1,71,131,2018,7,16,6,3,2,6,0,0,1,0,0,0,0,0,7.68134E+20,5.34782E+21,1.26106E+16,4.82269E+16
87857,9,1,88,132,2018,7,20,3,2,5,3,1,0,1,0,1,0,0,1,6.6476E+20,5.32332E+21,1.12106E+16,4.80419E+16
87858,9,1,72,128,2018,7,10,7,3,2,6,0,0,1,0,0,0,0,0,7.92204E+20,5.29704E+21,1.28995E+16,4.77604E+16
87859,9,5,76,122,2018,7,12,1,3,2,6,0,0,1,0,0,0,0,0,6.70796E+20,5.43526E+21,1.13374E+16,4.90466E+16
87860,9,1,87,169,2018,7,18,6,3,2,6,0,0,1,0,0,0,0,0,7.36084E+20,5.29942E+21,1.21531E+16,4.78048E+16
87861,9,1,82,123,2018,7,11,6,3,4,2,0,0,1,0,0,0,0,0,7.17269E+20,5.3014E+21,1.19032E+16,4.78292E+16
87862,9,2,71,128,2018,7,19,1,3,9,1,0,0,1,0,0,0,0,1,7.98692E+20,5.39428E+21,1.30542E+16,4.86302E+16
87863,9,5,76,151,2018,7,4,2,3,2,6,2,0,1,0,0,0,0,0,6.60075E+20,5.46774E+21,1.12037E+16,4.93413E+16
87864,9,1,83,131,2018,7,16,7,3,9,1,0,0,1,0,0,0,0,0,7.65473E+20,5.36259E+21,1.25841E+16,4.83606E+16