OBJECTID_1,ULAND,UREGBEZ,UKREIS,UGEMEINDE,UJAHR,UMONAT,USTUNDE,UWOCHENTAG,UKATEGORIE,UART,UTYP1,ULICHTVERH,IstRad,IstPKW,IstFuss,IstKrad,IstGkfz,IstSonstig,STRZUSTAND,LINREFX,LINREFY,XGCSWGS84,YGCSWGS84
87865,9,6,78,181,2018,7,8,1,2,9,7,0,0,0,0,1,0,0,1,6.02601E+20,5.56256E+21,1.04378E+16,5.02064E+16
87866,9,1,87,148,2018,7,12,6,3,0,7,0,1,0,0,0,0,0,0,7.39628E+20,5.27828E+21,1.21888E+16,4.76136E+16
87867,9,1,82,136,2018,7,17,6,3,2,6,0,0,1,0,0,0,0,0,7.07776E+20,5.2953E+21,1.17736E+16,4.77776E+16
87868,9,2,76,135,2018,7,11,1,2,5,3,0,0,1,0,0,0,0,0,7.76588E+20,5.44857E+21,1.27916E+16,4.91276E+16
87869,9,6,78,168,2018,7,10,2,3,4,2,0,0,1,0,0,0,0,0,5.82796E+20,5.54957E+21,1.01575E+16,5.00926E+16
87870,9,1,87,130,2018,7,14,6,3,9,1,0,0,0,0,1,0,0,1,7.15921E+20,5.31157E+21,1.18903E+16,4.7921E+16
87871,9,1,74,115,2018,7,3,1,3,5,3,2,0,1,0,0,0,0,0,6.83264E+20,5.34845E+21,1.14694E+16,4.82627E+16
87872,9,3,71,151,2018,7,17,2,3,0,2,0,1,1,0,0,0,0,1,7.00564E+20,5.4856E+21,1.17695E+16,4.94899E+16
87873,9,3,75,170,2018,7,7,3,3,5,3,0,1,1,0,0,0,0,0,7.36203E+20,5.42703E+21,1.22264E+16,4.8951E+16
87874,9,1,61,0,2018,7,13,6,3,2,7,0,0,1,1,0,0,0,0,6.79525E+20,5.40504E+21,1.14434E+16,4.87725E+16
87875,9,3,75,199,2018,7,14,7,3,5,3,0,0,1,0,0,0,0,0,7.21749E+20,5.4315E+21,1.20317E+16,4.89965E+16
87876,9,1,78,124,2018,7,7,2,3,4,6,0,1,0,0,0,0,0,0,7.02846E+20,5.36398E+21,1.17405E+16,4.83963E+16
87877,9,1,85,113,2018,7,21,6,2,0,7,1,0,0,0,1,0,0,0,6.72312E+20,5.37848E+21,1.13343E+16,4.85358E+16
87878,9,1,62,0,2018,7,16,2,3,0,4,0,0,0,1,0,0,1,0,6.82874E+20,5.34004E+21,1.14605E+16,4.81873E+16
87879,9,1,87,118,2018,7,14,7,3,2,6,0,0,1,0,1,0,0,0,7.52117E+20,5.3006E+21,1.23676E+16,4.78094E+16
87880,9,5,64,0,2018,7,17,1,3,3,7,0,0,1,0,1,0,0,0,6.53635E+20,5.47824E+21,1.11192E+16,4.94374E+16
87881,9,1,86,162,2018,7,18,6,3,8,1,0,0,0,0,1,0,0,0,6.92351E+20,5.38846E+21,1.16101E+16,4.86197E+16
87882,9,1,76,123,2018,7,13,6,3,5,3,0,1,1,0,0,0,0,0,6.59755E+20,5.41784E+21,1.11796E+16,4.88929E+16
87883,9,2,73,111,2018,7,17,1,3,0,1,0,1,0,0,0,0,0,0,7.11138E+20,5.4102E+21,1.18758E+16,4.88089E+16
87884,9,5,63,0,2018,7,7,2,3,2,6,0,0,1,0,0,0,0,1,6.44091E+20,5.48281E+21,1.09893E+16,4.94808E+16
87885,9,6,73,114,2018,7,13,6,2,1,6,0,0,1,0,0,0,0,0,5.87233E+20,5.57631E+21,1.02257E+16,5.03324E+16
87886,9,7,77,153,2018,7,17,6,2,5,2,0,0,1,0,1,0,0,0,6.12526E+20,5.27561E+21,1.04976E+16,4.76241E+16
87887,9,5,62,0,2018,7,9,3,3,2,6,0,0,1,0,0,0,1,0,6.43197E+20,5.49161E+21,1.09801E+16,4.95602E+16
87888,9,1,76,147,2018,7,15,6,3,2,6,0,0,1,0,0,0,0,0,6.92712E+20,5.41727E+21,1.16285E+16,4.88784E+16
87889,9,7,80,139,2018,7,15,7,3,0,6,0,0,0,0,1,0,0,0,5.96506E+20,5.26409E+21,1.0282E+16,4.7523E+16
87890,9,1,90,117,2018,7,7,2,2,0,1,0,0,0,0,1,0,0,1,6.53319E+20,5.29323E+21,1.10465E+16,4.77742E+16
87891,9,1,90,141,2018,7,11,3,3,6,4,0,0,0,1,0,1,0,0,6.78043E+20,5.29137E+21,1.13754E+16,4.77511E+16
87892,9,2,75,128,2018,7,17,3,2,4,2,0,0,1,0,0,0,1,0,8.29747E+20,5.39832E+21,1.34776E+16,4.86508E+16
87893,9,6,76,145,2018,7,10,3,3,2,6,0,0,1,0,0,0,0,0,5.10625E+20,5.52058E+21,9.14776E+15,4.98375E+16
87894,9,1,76,120,2018,7,16,6,3,5,3,0,1,0,0,0,0,1,0,6.79814E+20,5.42233E+21,1.1455E+16,4.89278E+16
87895,9,1,62,0,2018,7,22,7,1,5,3,2,0,1,0,0,0,0,0,6.84622E+20,5.34266E+21,1.14852E+16,4.82103E+16
87896,9,2,77,148,2018,7,18,2,3,5,3,0,0,1,0,0,0,0,0,7.88657E+20,5.35849E+21,1.28936E+16,4.83136E+16
87897,9,2,76,135,2018,7,19,3,3,2,2,0,0,1,0,0,0,0,1,7.80535E+20,5.44438E+21,1.28427E+16,4.90882E+16
87898,9,1,62,0,2018,7,14,6,3,2,6,0,0,1,0,0,0,0,0,6.87289E+20,5.33317E+21,1.15169E+16,4.81242E+16
87899,9,2,78,118,2018,7,10,7,3,2,6,0,0,1,0,0,0,0,0,7.70566E+20,5.42678E+21,1.26947E+16,4.89348E+16
87900,9,1,62,0,2018,7,12,1,3,0,7,0,1,0,0,0,0,0,0,6.88139E+20,5.328E+21,1.1526E+16,4.80775E+16
87901,9,1,62,0,2018,7,13,6,3,2,6,0,0,1,0,0,0,0,0,6.7941E+20,5.33759E+21,1.14129E+16,4.81662E+16
87902,9,7,74,148,2018,7,15,2,2,4,6,0,0,1,0,0,0,0,0,5.96027E+20,5.36332E+21,1.02978E+16,4.84157E+16
87903,9,1,85,131,2018,7,7,7,1,8,1,0,0,1,0,0,0,0,0,6.666E+20,5.37179E+21,1.12543E+16,4.84771E+16
87904,9,1,81,138,2018,7,10,6,3,2,6,0,0,1,0,0,0,0,0,6.39026E+20,5.33468E+21,1.08692E+16,4.81502E+16
87905,9,1,62,0,2018,7,13,6,3,3,6,0,0,1,0,1,0,0,0,6.94747E+20,5.33224E+21,1.16166E+16,4.81136E+16
87906,9,1,81,121,2018,7,6,6,3,8,1,0,0,1,0,0,0,0,0,6.36629E+20,5.31348E+21,1.08302E+16,4.79601E+16
87907,9,1,83,127,2018,7,18,1,3,9,7,0,0,1,0,0,0,0,1,7.57317E+20,5.35235E+21,1.2468E+16,4.82721E+16
87908,9,5,71,155,2018,7,19,2,3,2,6,0,0,1,0,0,0,1,0,5.92886E+20,5.46959E+21,1.02795E+16,4.93719E+16
87909,9,6,72,131,2018,7,13,6,1,4,6,0,0,1,0,1,0,0,1,5.92091E+20,5.55808E+21,1.02895E+16,5.01678E+16
87910,9,5,72,131,2018,7,1,3,3,9,1,2,0,1,0,0,0,0,0,6.56615E+20,5.48991E+21,1.11649E+16,4.95415E+16
87911,9,1,81,146,2018,7,15,6,3,5,3,0,0,1,0,0,0,0,0,6.49377E+20,5.3255E+21,1.10051E+16,4.80653E+16
87912,9,6,72,139,2018,7,18,7,2,9,7,0,1,0,0,0,0,0,0,5.67523E+20,5.56112E+21,9.94608E+15,5.01984E+16
87913,9,1,89,159,2018,7,19,2,3,0,1,0,0,0,0,1,0,0,1,7.60688E+20,5.30063E+21,1.24819E+16,4.78062E+16
87914,9,6,72,139,2018,7,19,6,3,4,2,0,0,1,0,0,0,0,0,5.67901E+20,5.561E+21,9.95136E+15,5.01973E+16
87915,9,1,89,143,2018,7,18,3,3,0,1,0,0,0,0,1,0,0,0,7.61918E+20,5.31799E+21,1.25088E+16,4.79615E+16
87916,9,1,81,130,2018,7,19,6,3,5,3,0,0,1,0,0,0,0,0,6.38926E+20,5.32545E+21,1.08648E+16,4.80672E+16
87917,9,2,61,0,2018,7,18,7,3,1,6,0,0,1,0,0,0,0,0,7.34388E+20,5.38205E+21,1.21761E+16,4.85477E+16
87918,9,7,72,147,2018,7,15,1,3,9,1,0,0,1,0,0,0,0,1,6.34436E+20,5.36446E+21,1.0817E+16,4.8419E+16
87919,9,1,81,130,2018,7,10,6,3,0,1,0,1,0,0,0,0,0,0,6.38568E+20,5.32324E+21,1.08593E+16,4.80474E+16
87920,9,1,88,121,2018,7,23,6,3,0,7,2,1,0,0,0,0,0,0,6.70506E+20,5.33192E+21,1.1291E+16,4.81177E+16
87921,9,3,75,175,2018,7,11,1,3,1,1,0,0,1,0,0,0,0,0,7.18459E+20,5.4357E+21,1.19891E+16,4.90354E+16
87922,9,7,72,215,2018,7,15,2,3,1,1,0,0,1,0,0,1,0,1,6.33433E+20,5.34483E+21,1.07972E+16,4.82427E+16
87923,9,6,72,113,2018,7,14,6,2,8,1,0,0,0,0,1,0,0,0,5.56077E+20,5.5743E+21,9.78767E+15,5.03181E+16
87924,9,7,78,113,2018,7,15,6,3,2,6,0,0,1,0,0,0,0,0,6.1235E+20,5.32063E+21,1.0507E+16,4.80291E+16
87925,9,1,74,143,2018,7,16,6,3,0,1,0,1,0,0,0,0,0,0,6.74812E+20,5.35266E+21,1.13574E+16,4.8303E+16
87926,9,2,76,127,2018,7,14,7,2,5,3,0,0,1,0,1,0,0,0,8.12171E+20,5.42611E+21,1.32608E+16,4.89091E+16
87927,9,7,74,185,2018,7,13,1,3,8,7,0,1,0,0,0,0,0,0,6.0823E+20,5.34925E+21,1.0459E+16,4.82872E+16
87928,9,1,84,119,2018,7,14,6,3,2,6,0,0,1,0,0,0,0,0,6.95817E+20,5.34598E+21,1.16372E+16,4.82368E+16
87929,9,1,84,135,2018,7,7,6,3,1,3,0,0,1,0,0,0,0,0,6.92081E+20,5.34485E+21,1.15865E+16,4.82278E+16
87930,9,4,77,138,2018,7,13,1,2,8,1,0,0,1,0,0,0,0,0,6.87766E+20,5.56317E+21,1.16306E+16,5.01909E+16
87931,9,7,76,122,2018,7,17,2,2,5,3,0,0,1,0,1,0,0,0,5.64529E+20,5.27498E+21,9.85885E+15,4.7625E+16
87932,9,1,76,165,2018,7,15,7,1,4,1,0,0,1,0,1,0,0,0,6.71453E+20,5.42352E+21,1.13414E+16,4.89408E+16
87933,9,1,77,121,2018,7,23,6,3,0,7,2,0,1,0,0,0,0,0,7.31407E+20,5.36595E+21,1.21268E+16,4.84042E+16
87934,9,1,84,147,2018,7,12,6,3,2,6,0,0,1,0,1,0,0,0,6.95678E+20,5.33995E+21,1.16326E+16,4.81826E+16
87935,9,1,75,132,2018,7,18,6,3,5,2,0,0,1,0,0,0,0,0,7.07242E+20,5.33027E+21,1.17833E+16,4.8092E+16
87936,9,1,84,141,2018,7,18,1,3,3,7,0,0,1,0,0,0,1,0,7.00487E+20,5.31658E+21,1.16863E+16,4.79711E+16
87937,9,4,77,142,2018,7,17,2,3,8,1,0,0,1,0,0,0,0,0,6.81986E+20,5.54717E+21,1.1542E+16,5.00489E+16
87938,9,6,76,160,2018,7,18,6,3,2,6,0,0,1,0,0,0,0,0,5.10902E+20,5.52706E+21,9.15179E+15,4.98958E+16
87939,9,5,77,161,2018,7,8,3,1,5,3,0,0,1,0,0,0,0,0,6.44513E+20,5.4399E+21,1.09796E+16,4.9095E+16
87940,9,1,75,121,2018,7,7,6,2,4,2,0,0,1,0,0,0,0,0,7.1376E+20,5.31617E+21,1.18637E+16,4.79631E+16
87941,9,5,71,226,2018,7,21,7,3,0,7,0,0,0,0,1,0,0,0,6.35035E+20,5.45465E+21,1.08548E+16,4.92297E+16
87942,9,1,61,0,2018,7,14,2,3,4,2,0,0,1,0,1,0,0,0,6.7925E+20,5.4044E+21,1.14394E+16,4.87668E+16
87943,9,1,61,0,2018,7,20,3,2,0,1,0,1,0,0,0,0,0,0,6.79898E+20,5.40454E+21,1.14483E+16,4.87679E+16
87944,9,1,73,141,2018,7,16,7,3,5,6,0,0,1,0,0,0,0,0,6.98032E+20,5.29832E+21,1.1645E+16,4.78077E+16
87945,9,6,77,157,2018,7,12,1,3,2,6,0,0,1,0,1,0,0,0,5.40922E+20,5.52052E+21,9.56907E+15,4.98357E+16
87946,9,1,77,139,2018,7,13,6,3,5,3,0,0,1,0,0,0,0,0,7.3142E+20,5.3567E+21,1.21219E+16,4.83211E+16
87947,9,1,62,0,2018,7,10,5,3,3,2,0,0,1,0,0,0,1,0,6.84681E+20,5.34241E+21,1.14859E+16,4.8208E+16
87948,9,3,71,151,2018,7,15,1,3,5,3,0,1,1,0,0,0,0,1,6.98388E+20,5.4891E+21,1.17413E+16,4.9522E+16
87949,9,6,79,137,2018,7,13,2,2,0,1,0,0,0,0,1,0,0,0,5.62741E+20,5.50187E+21,9.86945E+15,4.96661E+16
87950,9,6,76,132,2018,7,7,6,3,5,3,0,0,1,0,0,0,1,0,5.15733E+20,5.50644E+21,9.21822E+15,4.97102E+16
87951,9,7,78,209,2018,7,18,6,2,5,3,0,0,1,0,1,0,0,0,6.18779E+20,5.32359E+21,1.0594E+16,4.80545E+16
87952,9,1,62,0,2018,7,18,5,3,4,2,0,0,1,0,0,0,0,0,6.9739E+20,5.33133E+21,1.16516E+16,4.81047E+16
87953,9,1,81,132,2018,7,13,1,2,3,6,0,1,0,0,0,0,0,0,6.4657E+20,5.32831E+21,1.09684E+16,4.80912E+16
87954,9,3,72,175,2018,7,15,2,3,5,3,0,0,1,0,0,0,0,0,7.67194E+20,5.46094E+21,1.26713E+16,4.92428E+16
87955,9,5,72,133,2018,7,12,6,3,2,6,0,0,1,0,0,0,0,0,6.3704E+20,5.50182E+21,1.08986E+16,4.96533E+16
87956,9,4,72,175,2018,7,15,3,3,5,3,0,0,1,0,0,0,0,0,6.79716E+20,5.52224E+21,1.14988E+16,4.98257E+16
87957,9,1,62,0,2018,7,13,5,3,4,7,0,0,1,0,0,0,0,0,6.92043E+20,5.34127E+21,1.15843E+16,4.81956E+16
87958,9,3,74,140,2018,7,8,7,1,5,3,0,0,1,0,0,0,0,0,7.04153E+20,5.52434E+21,1.18392E+16,4.98367E+16
87959,9,1,74,115,2018,7,8,2,3,5,3,0,0,1,0,0,0,0,0,6.82415E+20,5.35068E+21,1.14589E+16,4.8283E+16
87960,9,1,62,0,2018,7,16,5,2,5,2,0,0,1,0,0,0,1,0,6.89111E+20,5.32969E+21,1.15398E+16,4.80924E+16
87961,9,1,85,150,2018,7,17,1,3,8,1,0,0,1,0,0,0,0,1,6.55268E+20,5.39381E+21,1.11093E+16,4.8678E+16
87962,9,3,73,147,2018,7,14,2,2,8,1,0,0,1,0,0,0,0,1,6.85368E+20,5.46422E+21,1.15499E+16,4.93026E+16
87963,9,4,64,0,2018,7,15,3,3,0,1,0,0,0,0,1,0,0,0,7.07988E+20,5.57953E+21,1.19225E+16,5.03311E+16
87964,9,7,64,0,2018,7,6,5,3,5,2,0,1,1,0,0,0,0,0,5.89317E+20,5.31644E+21,1.01972E+16,4.7995E+16
87965,9,4,72,118,2018,7,16,7,2,5,3,0,0,1,0,1,0,0,0,6.72562E+20,5.50767E+21,1.13929E+16,4.96968E+16
87966,9,1,81,130,2018,7,5,2,3,8,1,0,0,1,0,0,0,0,1,6.42284E+20,5.32446E+21,1.09096E+16,4.80575E+16
87967,9,1,88,145,2018,7,22,3,3,3,6,2,0,1,0,0,0,0,0,6.62966E+20,5.32803E+21,1.11883E+16,4.80847E+16
87968,9,1,72,134,2018,7,14,7,2,8,6,0,0,0,0,0,1,1,0,7.8767E+20,5.30581E+21,1.28449E+16,4.78412E+16
87969,9,6,71,134,2018,7,12,1,3,2,6,0,1,1,0,0,0,0,0,5.00101E+20,5.54827E+21,9.00141E+15,5.00867E+16
87970,9,7,62,0,2018,7,16,5,3,2,6,0,0,1,0,0,0,0,0,6.2328E+20,5.30607E+21,1.06494E+16,4.78961E+16
87971,9,7,80,132,2018,7,20,5,3,8,1,1,0,0,0,1,0,0,0,5.74319E+20,5.26751E+21,9.98786E+15,4.75567E+16
87972,9,2,76,138,2018,7,14,1,3,2,6,0,0,1,0,1,0,0,0,8.07566E+20,5.43529E+21,1.3205E+16,4.89938E+16
87973,9,6,71,156,2018,7,17,2,3,0,1,0,0,1,0,0,0,0,1,5.21825E+20,5.53466E+21,9.30431E+15,4.99639E+16
87974,9,5,74,123,2018,7,18,6,3,2,6,0,0,1,0,0,0,0,0,6.58345E+20,5.47335E+21,1.11822E+16,4.93923E+16
87975,9,6,78,183,2018,7,20,3,3,0,1,0,0,1,0,0,0,0,0,5.96072E+20,5.53142E+21,1.03385E+16,4.99274E+16
87976,9,7,77,170,2018,7,12,5,3,2,6,0,0,1,0,0,0,0,0,6.20298E+20,5.27901E+21,1.0602E+16,4.76533E+16
87977,9,1,75,124,2018,7,16,1,3,2,6,0,0,1,0,0,0,0,0,7.12912E+20,5.32936E+21,1.18589E+16,4.80819E+16
87978,9,3,76,147,2018,7,19,2,2,9,1,0,0,0,0,1,0,0,1,7.45324E+20,5.47526E+21,1.23802E+16,4.93806E+16
87979,9,3,72,155,2018,7,14,3,3,2,6,0,0,1,0,0,0,0,0,7.70733E+20,5.45858E+21,1.27182E+16,4.92201E+16
87980,9,7,77,129,2018,7,7,5,3,1,2,0,0,1,0,0,0,0,0,6.28394E+20,5.27141E+21,1.07075E+16,4.75834E+16
87981,9,3,76,161,2018,7,16,7,3,1,6,0,0,1,0,0,0,0,0,7.2581E+20,5.46821E+21,1.21077E+16,4.93248E+16
87982,9,1,77,117,2018,7,10,2,3,2,6,0,0,1,0,0,0,0,0,7.16023E+20,5.35224E+21,1.19122E+16,4.82865E+16
87983,9,7,72,117,2018,7,7,5,3,2,6,0,0,1,0,0,0,0,0,6.31594E+20,5.36284E+21,1.07781E+16,4.84049E+16
87984,9,7,75,135,2018,7,13,2,3,3,6,0,1,0,0,0,0,0,1,5.75338E+20,5.35639E+21,1.0017E+16,4.83562E+16
87985,9,1,87,156,2018,7,19,7,2,0,1,0,0,0,0,1,0,0,0,7.37019E+20,5.29056E+21,1.21608E+16,4.77249E+16
87986,9,5,71,175,2018,7,12,1,3,8,7,0,0,1,0,0,0,0,1,6.25298E+20,5.4602E+21,1.07228E+16,4.92817E+16
87987,9,7,61,0,2018,7,17,5,2,5,3,0,0,1,0,1,0,0,0,6.43355E+20,5.36133E+21,1.09364E+16,4.83888E+16
87988,9,1,79,123,2018,7,12,7,3,1,6,0,0,1,0,0,0,0,0,6.7738E+20,5.33221E+21,1.13834E+16,4.81185E+16
87989,9,6,77,120,2018,7,5,5,1,9,1,2,0,1,0,0,0,0,1,5.34681E+20,5.52592E+21,9.48276E+15,4.98847E+16
87990,9,1,74,115,2018,7,7,3,3,5,6,0,0,1,0,1,0,0,0,6.77772E+20,5.35163E+21,1.13968E+16,4.82929E+16
87991,9,1,87,113,2018,7,17,7,2,8,7,0,0,0,0,1,0,0,0,7.44399E+20,5.32491E+21,1.22785E+16,4.80307E+16
87992,9,5,74,141,2018,7,21,1,3,0,1,1,1,0,0,0,0,0,0,6.67788E+20,5.48903E+21,1.13188E+16,4.95306E+16
87993,9,6,77,157,2018,7,15,5,2,8,1,0,0,0,0,1,0,0,0,5.42831E+20,5.52183E+21,9.59575E+15,4.98473E+16
87994,9,6,72,113,2018,7,12,5,3,1,6,0,0,0,0,0,1,1,0,5.55036E+20,5.57619E+21,9.77334E+15,5.03353E+16
87995,9,2,75,120,2018,7,10,1,3,2,6,0,0,1,0,1,0,0,0,8.13164E+20,5.40496E+21,1.32582E+16,4.87189E+16
87996,9,5,64,0,2018,7,14,2,3,2,7,0,0,1,0,0,1,0,0,6.51133E+20,5.4677E+21,1.10807E+16,4.93432E+16
87997,9,5,74,156,2018,7,17,6,3,3,6,0,0,1,0,0,0,0,0,6.58764E+20,5.48163E+21,1.11912E+16,4.94666E+16
87998,9,6,71,112,2018,7,14,3,3,5,3,0,0,1,0,0,1,0,0,5.18242E+20,5.53709E+21,9.25446E+15,4.99858E+16
87999,9,6,78,134,2018,7,14,5,3,0,1,0,1,0,0,0,0,0,0,5.9898E+20,5.52659E+21,1.03778E+16,4.98835E+16
88000,9,7,75,135,2018,7,12,7,3,2,6,0,0,1,0,0,0,1,0,5.79154E+20,5.35983E+21,1.00691E+16,4.83867E+16
88001,9,2,74,174,2018,7,13,2,3,3,6,0,0,1,0,0,1,0,0,7.46236E+20,5.39207E+21,1.23423E+16,4.86332E+16
88002,9,2,71,141,2018,7,19,3,2,0,1,1,1,0,0,0,0,0,0,7.96043E+20,5.40184E+21,1.30237E+16,4.86992E+16
88003,9,6,76,132,2018,7,15,5,3,0,1,0,1,0,0,0,0,0,0,5.16008E+20,5.50708E+21,9.22206E+15,4.9716E+16
88004,9,2,76,113,2018,7,19,7,3,4,1,0,0,1,0,0,0,0,0,7.89763E+20,5.44918E+21,1.29722E+16,4.91271E+16
88005,9,7,75,162,2018,7,14,1,2,9,1,0,0,1,0,0,0,0,1,5.82684E+20,5.34901E+21,1.01147E+16,4.82889E+16
88006,9,6,76,139,2018,7,15,5,2,8,1,0,0,0,0,1,0,0,0,5.16045E+20,5.50628E+21,9.22254E+15,4.97088E+16
88007,9,5,76,113,2018,7,15,5,2,8,7,0,0,1,0,0,1,1,0,6.60975E+20,5.4593E+21,1.12127E+16,4.92653E+16
88008,9,4,73,159,2018,7,18,1,2,8,1,0,0,1,0,0,0,0,1,6.43491E+20,5.57201E+21,1.10141E+16,5.02828E+16
88009,9,7,80,144,2018,7,5,2,2,9,7,1,0,0,0,0,0,1,0,5.82076E+20,5.27923E+21,1.00931E+16,4.76612E+16
88010,9,1,85,158,2018,7,17,7,3,0,7,0,1,0,0,0,0,0,0,6.67124E+20,5.3807E+21,1.1265E+16,4.85571E+16
88011,9,5,74,152,2018,7,15,5,3,2,6,0,0,1,0,0,1,0,0,6.60413E+20,5.4816E+21,1.1214E+16,4.94658E+16
88012,9,1,62,0,2018,7,10,6,2,5,3,0,0,1,0,0,0,0,0,6.85233E+20,5.3289E+21,1.14874E+16,4.80864E+16
88013,9,5,76,127,2018,7,18,5,3,2,6,0,0,1,0,0,1,0,0,6.6337E+20,5.45188E+21,1.12426E+16,4.91979E+16
88014,9,1,89,135,2018,7,12,1,3,4,1,0,1,0,0,0,0,0,0,7.84467E+20,5.31533E+21,1.28084E+16,4.79281E+16
88015,9,4,79,136,2018,7,17,2,2,1,6,0,0,1,0,0,1,0,0,7.24142E+20,5.54219E+21,1.21271E+16,4.99898E+16
88016,9,5,72,133,2018,7,15,6,3,5,3,0,0,1,0,0,0,0,0,6.38057E+20,5.49914E+21,1.09117E+16,4.9629E+16
88017,9,5,76,127,2018,7,16,3,3,2,6,0,0,1,0,0,0,0,0,6.59927E+20,5.45054E+21,1.11948E+16,4.91868E+16
88018,9,5,72,126,2018,7,15,5,3,4,6,0,0,1,0,0,1,0,0,6.31626E+20,5.50648E+21,1.08252E+16,4.96965E+16
88019,9,5,72,135,2018,7,9,7,3,0,7,0,0,0,0,1,0,0,0,6.30251E+20,5.508E+21,1.08067E+16,4.97105E+16
88020,9,1,87,169,2018,7,7,2,3,9,7,0,0,0,0,0,1,0,0,7.40153E+20,5.29865E+21,1.2207E+16,4.77963E+16
88021,9,5,62,0,2018,7,10,5,2,0,7,0,0,0,0,0,0,1,0,6.45325E+20,5.49544E+21,1.1011E+16,4.95941E+16
88022,9,1,90,145,2018,7,11,1,2,5,2,0,1,1,0,0,0,0,0,6.47411E+20,5.28863E+21,1.09661E+16,4.77342E+16
88023,9,5,64,0,2018,7,11,2,3,5,3,0,0,1,0,0,0,0,0,6.53597E+20,5.47328E+21,1.11167E+16,4.93928E+16
88024,9,5,62,0,2018,7,14,6,3,5,2,0,1,1,0,0,0,0,0,6.46167E+20,5.49574E+21,1.10227E+16,4.95966E+16
88025,9,5,74,123,2018,7,15,3,3,8,1,0,0,0,0,0,1,1,0,6.60765E+20,5.47789E+21,1.12173E+16,4.94324E+16
88026,9,5,74,131,2018,7,6,5,3,8,1,0,0,1,0,0,0,0,1,6.73559E+20,5.48596E+21,1.13971E+16,4.95014E+16
88027,9,6,75,113,2018,7,1,7,3,1,6,2,0,1,0,0,1,1,0,5.78132E+20,5.51436E+21,1.00852E+16,4.97766E+16
88028,9,1,90,141,2018,7,7,2,3,2,6,0,0,1,0,0,0,0,1,6.77711E+20,5.29217E+21,1.13713E+16,4.77584E+16
88029,9,1,73,112,2018,7,7,3,3,0,7,0,0,0,0,0,1,0,0,6.92695E+20,5.2927E+21,1.15713E+16,4.77589E+16
88030,9,2,72,127,2018,7,17,3,3,8,1,0,0,1,0,0,0,0,0,8.32939E+20,5.42147E+21,1.35395E+16,4.88567E+16
88031,9,5,74,132,2018,7,11,5,3,0,7,0,0,1,0,1,0,0,0,6.76171E+20,5.48709E+21,1.14337E+16,4.95108E+16
88032,9,2,72,141,2018,7,19,7,3,1,6,0,0,1,0,0,0,0,0,8.33326E+20,5.40646E+21,1.35327E+16,4.87219E+16
88033,9,7,63,0,2018,7,16,1,3,5,3,0,0,1,0,1,0,0,0,5.96632E+20,5.28531E+21,1.02883E+16,4.7714E+16
88034,9,5,74,117,2018,7,16,5,3,0,1,0,1,0,0,0,0,0,0,6.68623E+20,5.46986E+21,1.13222E+16,4.93581E+16
88035,9,5,64,0,2018,7,14,5,3,2,6,0,0,1,0,0,0,0,0,6.50649E+20,5.48172E+21,1.10793E+16,4.94695E+16
88036,9,3,74,162,2018,7,15,1,3,8,1,0,0,1,0,0,0,0,1,7.39361E+20,5.49882E+21,1.23124E+16,4.95945E+16
88037,9,7,73,125,2018,7,18,2,3,8,1,0,0,1,0,0,0,0,0,6.08595E+20,5.38417E+21,1.0473E+16,4.86012E+16
88038,9,5,65,0,2018,7,9,6,3,6,7,0,0,1,1,0,0,0,0,6.46561E+20,5.46545E+21,1.1017E+16,4.93242E+16
88039,9,1,81,146,2018,7,17,7,2,8,1,0,0,1,0,0,0,0,0,6.4974E+20,5.32557E+21,1.101E+16,4.80658E+16
88040,9,7,78,173,2018,7,15,6,3,2,6,0,0,1,0,1,0,0,0,6.08622E+20,5.32082E+21,1.04571E+16,4.80314E+16
88041,9,5,64,0,2018,7,18,5,3,3,6,0,1,1,0,0,0,0,0,6.46585E+20,5.48075E+21,1.10229E+16,4.94617E+16
88042,9,1,87,163,2018,7,17,1,3,8,7,0,1,0,0,0,0,0,0,7.37379E+20,5.30721E+21,1.21747E+16,4.78743E+16
88043,9,4,71,185,2018,7,18,2,3,9,1,0,0,1,0,0,0,0,0,6.51248E+20,5.53932E+21,1.11099E+16,4.9987E+16
88044,9,5,65,0,2018,7,19,6,3,8,7,0,1,0,0,0,0,0,0,6.44881E+20,5.46595E+21,1.0994E+16,4.93291E+16
88045,9,7,73,125,2018,7,16,6,3,5,6,0,0,1,0,0,0,1,0,6.16867E+20,5.38026E+21,1.05841E+16,4.85646E+16
88046,9,5,75,153,2018,7,17,3,2,5,3,0,1,1,0,0,0,0,0,6.14425E+20,5.49285E+21,1.05828E+16,4.95774E+16
88047,9,5,77,173,2018,7,14,5,3,2,2,0,0,1,0,0,0,0,0,6.39599E+20,5.42529E+21,1.09073E+16,4.89648E+16
88048,9,4,75,127,2018,7,16,7,2,9,1,0,0,1,0,0,0,0,0,7.11481E+20,5.58186E+21,1.19728E+16,5.03508E+16
88049,9,1,85,153,2018,7,7,2,3,0,1,0,1,0,0,0,0,0,0,6.50894E+20,5.40218E+21,1.1053E+16,4.87544E+16
88050,9,1,61,0,2018,7,5,3,3,0,1,0,1,0,0,0,0,0,0,6.77863E+20,5.40711E+21,1.14217E+16,4.87915E+16
88051,9,1,89,111,2018,7,18,7,3,0,7,0,0,0,0,0,0,1,0,7.6298E+20,5.32266E+21,1.25259E+16,4.80031E+16