OBJECTID_1,ULAND,UREGBEZ,UKREIS,UGEMEINDE,UJAHR,UMONAT,USTUNDE,UWOCHENTAG,UKATEGORIE,UART,UTYP1,ULICHTVERH,IstRad,IstPKW,IstFuss,IstKrad,IstGkfz,IstSonstig,STRZUSTAND,LINREFX,LINREFY,XGCSWGS84,YGCSWGS84
88239,9,1,78,120,2018,7,22,5,1,8,1,2,0,0,0,1,0,0,0,6.94E+20,5.35416E+21,1.16166E+16,4.83109E+16
88240,9,2,61,0,2018,7,15,7,3,2,6,0,0,1,0,0,0,0,0,7.32699E+20,5.38297E+21,1.21537E+16,4.85566E+16
88241,9,7,61,0,2018,7,15,1,3,2,6,0,0,1,0,0,0,0,1,6.40973E+20,5.36388E+21,1.09051E+16,4.84123E+16
88242,9,2,73,165,2018,7,7,5,3,3,6,0,0,1,0,0,0,0,0,7.1585E+20,5.41046E+21,1.19401E+16,4.88096E+16
88243,9,5,72,119,2018,7,11,6,3,3,6,0,0,1,0,0,0,0,0,6.46288E+20,5.49905E+21,1.10256E+16,4.96263E+16
88244,9,4,64,0,2018,7,15,2,3,2,6,0,0,1,0,0,0,0,1,7.05255E+20,5.57956E+21,1.18842E+16,5.03323E+16
88245,9,1,89,155,2018,7,17,1,3,2,2,0,0,1,0,0,0,0,1,7.71413E+20,5.30763E+21,1.26292E+16,4.78646E+16
88246,9,2,73,165,2018,7,15,5,3,9,6,0,0,1,0,0,1,0,0,7.14409E+20,5.40843E+21,1.19194E+16,4.87919E+16
88247,9,5,77,113,2018,7,14,5,3,5,3,0,0,1,0,0,0,0,0,6.34772E+20,5.43521E+21,1.08447E+16,4.9055E+16
88248,9,2,61,0,2018,7,21,5,3,5,3,0,1,1,0,0,0,0,0,7.31866E+20,5.37984E+21,1.21407E+16,4.85288E+16
88249,9,2,78,190,2018,7,17,6,3,2,6,0,0,1,0,0,0,0,0,7.64381E+20,5.4275E+21,1.26109E+16,4.89439E+16
88250,9,1,83,129,2018,7,17,2,3,0,7,0,1,0,0,0,0,0,0,7.61333E+20,5.36493E+21,1.25298E+16,4.83833E+16
88251,9,7,61,0,2018,7,18,7,3,1,1,0,0,1,0,0,0,0,0,6.41447E+20,5.35448E+21,1.09083E+16,4.83277E+16
88252,9,2,74,128,2018,7,19,5,3,0,7,0,1,0,0,0,0,0,0,7.42459E+20,5.38942E+21,1.22896E+16,4.86108E+16
88253,9,1,79,142,2018,7,23,6,3,9,1,2,0,1,0,0,0,0,1,6.77544E+20,5.34229E+21,1.13898E+16,4.82089E+16
88254,9,4,72,179,2018,7,12,7,3,9,1,0,0,1,0,0,0,0,1,6.77831E+20,5.5224E+21,1.14726E+16,4.98277E+16
88255,9,1,62,0,2018,7,15,5,3,1,6,0,0,1,0,0,0,0,0,6.87086E+20,5.33139E+21,1.15134E+16,4.81083E+16
88256,9,7,80,124,2018,7,2,6,3,0,1,2,1,0,0,0,0,0,0,5.92601E+20,5.26747E+21,1.02308E+16,4.75541E+16
88257,9,6,75,165,2018,7,5,2,2,9,7,1,0,1,0,0,0,0,0,5.88698E+20,5.51461E+21,1.0232E+16,4.97774E+16
88258,9,5,71,127,2018,7,15,1,3,5,3,0,0,1,0,0,0,0,0,6.15905E+20,5.45502E+21,1.05922E+16,4.9237E+16
88259,9,7,61,0,2018,7,11,5,3,0,1,0,1,0,0,0,0,0,0,6.39436E+20,5.36089E+21,1.08833E+16,4.83857E+16
88260,9,1,87,131,2018,7,22,7,3,2,6,2,0,1,0,0,0,0,1,7.36755E+20,5.28844E+21,1.21561E+16,4.77059E+16
88261,9,1,90,133,2018,7,19,5,2,4,1,0,0,1,0,0,0,0,0,6.36599E+20,5.2959E+21,1.08243E+16,4.7802E+16
88262,9,5,75,181,2018,7,5,6,2,7,7,1,0,0,0,1,0,0,0,6.26258E+20,5.49106E+21,1.07458E+16,4.95589E+16
88263,9,3,76,153,2018,7,11,2,2,2,6,0,0,0,0,0,1,0,0,7.30783E+20,5.48768E+21,1.21874E+16,4.94978E+16
88264,9,1,81,130,2018,7,22,1,3,5,3,2,1,0,0,0,0,1,1,6.395E+20,5.32316E+21,1.08718E+16,4.80464E+16
88265,9,1,80,118,2018,7,18,5,2,8,7,0,0,1,0,0,0,0,0,6.52265E+20,5.26066E+21,1.10211E+16,4.74816E+16
88266,9,1,87,114,2018,7,17,5,3,7,1,0,1,0,0,0,0,0,0,7.5035E+20,5.29864E+21,1.23429E+16,4.77924E+16
88267,9,1,73,118,2018,7,6,6,3,4,2,0,0,1,0,1,0,0,0,6.94188E+20,5.30682E+21,1.15976E+16,4.78853E+16
88268,9,1,61,0,2018,7,14,2,3,5,3,0,1,1,0,0,0,0,0,6.77361E+20,5.40596E+21,1.14144E+16,4.87813E+16
88269,9,6,72,121,2018,7,11,7,2,1,2,0,0,1,0,0,0,0,1,5.69372E+20,5.55375E+21,9.97065E+15,5.0132E+16
88270,9,1,82,120,2018,7,17,5,3,2,6,0,0,1,0,0,0,0,0,7.03318E+20,5.30634E+21,1.17193E+16,4.78782E+16
88271,9,1,75,115,2018,7,12,6,2,5,3,0,0,1,0,1,0,0,0,7.20979E+20,5.32946E+21,1.19671E+16,4.808E+16
88272,9,3,76,161,2018,7,11,7,3,5,2,0,0,1,0,1,0,0,0,7.23206E+20,5.46851E+21,1.20721E+16,4.93284E+16
88273,9,1,87,129,2018,7,18,5,3,5,3,0,0,1,0,1,0,0,0,7.2346E+20,5.29822E+21,1.19841E+16,4.77986E+16
88274,9,2,75,126,2018,7,13,6,3,4,7,0,0,1,0,0,0,0,0,8.39365E+20,5.39829E+21,1.36078E+16,4.86454E+16
88275,9,1,82,116,2018,7,15,2,3,2,6,0,0,1,0,0,0,0,0,7.05249E+20,5.29236E+21,1.17385E+16,4.7752E+16
88276,9,6,77,157,2018,7,11,7,3,8,1,0,0,1,0,0,0,0,1,5.36814E+20,5.51931E+21,9.51183E+15,4.98251E+16
88277,9,1,61,0,2018,7,9,5,3,3,2,0,1,0,0,0,0,0,0,6.78668E+20,5.40307E+21,1.14309E+16,4.8755E+16
88278,9,1,86,152,2018,7,10,6,3,2,6,0,0,1,0,0,0,0,0,6.91523E+20,5.37382E+21,1.15921E+16,4.84883E+16
88279,9,4,79,166,2018,7,11,5,3,5,3,0,1,1,0,0,0,0,0,7.06538E+20,5.55438E+21,1.18885E+16,5.01057E+16
88280,9,4,71,145,2018,7,13,7,3,1,6,0,0,1,0,0,0,0,1,6.42975E+20,5.52006E+21,1.09875E+16,4.98159E+16
88281,9,1,86,152,2018,7,17,5,3,8,7,0,0,1,0,0,0,0,0,6.9438E+20,5.37619E+21,1.16319E+16,4.85087E+16
88282,9,4,78,139,2018,7,7,5,3,8,1,0,0,1,0,0,0,0,0,6.45651E+20,5.56297E+21,1.10409E+16,5.0201E+16
88283,9,7,72,147,2018,7,23,6,3,5,3,2,1,1,0,0,0,0,0,6.39148E+20,5.36519E+21,1.08809E+16,4.84245E+16
88284,9,6,76,116,2018,7,7,2,2,0,7,0,0,1,0,1,0,0,0,5.20663E+20,5.50936E+21,9.28676E+15,4.97364E+16
88285,9,4,72,139,2018,7,11,1,2,9,1,0,0,0,0,1,0,0,1,6.97596E+20,5.55261E+21,1.17626E+16,5.00928E+16
88286,9,6,63,0,2018,7,18,5,2,6,4,0,0,1,1,0,0,0,0,5.66244E+20,5.51658E+21,9.92048E+15,4.9798E+16
88287,9,1,74,113,2018,7,19,7,3,8,1,0,0,1,0,0,0,0,1,6.70793E+20,5.34749E+21,1.13011E+16,4.82576E+16
88288,9,1,61,0,2018,7,10,5,3,2,6,0,1,0,0,0,0,0,0,6.81735E+20,5.40197E+21,1.14721E+16,4.87442E+16
88289,9,4,62,0,2018,7,3,6,3,5,2,2,0,1,0,0,0,0,0,6.85156E+20,5.53582E+21,1.15808E+16,4.9946E+16
88290,9,2,78,148,2018,7,8,2,3,7,7,0,0,1,0,0,0,0,0,7.36921E+20,5.4102E+21,1.22265E+16,4.87996E+16
88291,9,1,78,120,2018,7,12,1,3,8,1,0,0,1,0,0,0,0,1,6.94289E+20,5.35489E+21,1.16208E+16,4.83173E+16
88292,9,1,62,0,2018,7,11,5,3,2,6,0,0,1,0,0,0,0,0,6.78385E+20,5.33429E+21,1.13978E+16,4.81369E+16
88293,9,1,79,123,2018,7,18,5,3,2,6,0,0,1,0,1,0,0,0,6.7556E+20,5.33159E+21,1.13587E+16,4.81133E+16
88294,9,1,83,127,2018,7,14,6,2,3,6,0,0,1,0,1,0,0,0,7.57347E+20,5.34906E+21,1.24664E+16,4.82424E+16
88295,9,1,79,121,2018,7,9,2,2,5,2,0,0,1,0,1,0,0,0,6.6806E+20,5.33842E+21,1.12607E+16,4.81768E+16
88296,9,5,64,0,2018,7,14,7,3,2,6,0,0,1,0,0,0,0,1,6.50322E+20,5.46714E+21,1.10693E+16,4.93384E+16
88297,9,1,88,139,2018,7,11,5,3,5,3,0,1,1,0,0,0,0,0,6.75295E+20,5.31945E+21,1.13502E+16,4.80043E+16
88298,9,1,62,0,2018,7,19,5,3,4,2,0,1,1,0,0,0,0,0,6.84467E+20,5.33541E+21,1.148E+16,4.81452E+16
88299,9,2,76,115,2018,7,11,7,3,8,1,0,0,0,0,1,0,0,0,8.06617E+20,5.44519E+21,1.31996E+16,4.9083E+16
88300,9,1,81,130,2018,7,12,5,3,0,4,0,0,1,1,0,0,0,0,6.39848E+20,5.32346E+21,1.08766E+16,4.80491E+16
88301,9,6,73,114,2018,7,10,6,3,5,1,0,1,1,0,0,0,0,0,5.8665E+20,5.57491E+21,1.02172E+16,5.03199E+16
88302,9,5,64,0,2018,7,16,2,3,4,2,0,0,1,0,0,0,0,0,6.53744E+20,5.47995E+21,1.11213E+16,4.94527E+16
88303,9,2,74,187,2018,7,15,1,3,0,1,0,0,0,0,1,0,0,1,7.24348E+20,5.38775E+21,1.20433E+16,4.86026E+16
88304,9,5,74,141,2018,7,13,5,3,4,6,0,0,1,0,0,0,0,0,6.69501E+20,5.48985E+21,1.13428E+16,4.95375E+16
88305,9,1,62,0,2018,7,4,6,2,4,2,1,1,1,0,0,0,0,0,6.94999E+20,5.33301E+21,1.16203E+16,4.81205E+16
88306,9,1,88,124,2018,7,14,5,3,1,7,0,0,1,0,0,0,0,0,6.62294E+20,5.31821E+21,1.11756E+16,4.79966E+16
88307,9,3,73,151,2018,7,13,6,3,0,1,0,0,0,0,1,0,0,0,6.98687E+20,5.44998E+21,1.17259E+16,4.91704E+16
88308,9,1,90,157,2018,7,14,2,3,0,6,0,0,1,0,0,0,1,0,6.56442E+20,5.3024E+21,1.10914E+16,4.78559E+16
88309,9,7,76,116,2018,7,0,7,3,5,3,2,0,1,0,0,0,0,0,5.52961E+20,5.26753E+21,9.70399E+15,4.7559E+16
88310,9,7,61,0,2018,7,23,6,3,4,2,2,0,1,0,0,0,0,1,6.4099E+20,5.3604E+21,1.09042E+16,4.8381E+16
88311,9,5,72,131,2018,7,8,2,3,2,6,0,0,1,0,0,0,0,0,6.56333E+20,5.48245E+21,1.1158E+16,4.94745E+16
88312,9,2,71,119,2018,7,21,1,3,5,3,2,0,1,0,0,0,0,1,7.90795E+20,5.41764E+21,1.29638E+16,4.88435E+16
88313,9,5,76,122,2018,7,16,5,3,9,6,0,0,1,0,0,0,0,0,6.72913E+20,5.43232E+21,1.13651E+16,4.90195E+16
88314,9,1,84,130,2018,7,15,7,3,2,6,0,0,1,0,0,0,0,0,6.97277E+20,5.34252E+21,1.16553E+16,4.82052E+16
88315,9,1,88,121,2018,7,12,5,3,1,5,0,1,1,0,0,0,0,0,6.70989E+20,5.33119E+21,1.12972E+16,4.8111E+16
88316,9,3,75,118,2018,7,13,6,3,2,1,0,0,1,0,0,0,0,0,7.04623E+20,5.45028E+21,1.18074E+16,4.91712E+16
88317,9,2,73,147,2018,7,17,2,3,9,1,0,0,1,0,0,0,0,1,7.00984E+20,5.39346E+21,1.17295E+16,4.86618E+16
88318,9,7,63,0,2018,7,19,7,3,2,2,0,1,1,0,0,0,0,0,5.99731E+20,5.28503E+21,1.03296E+16,4.7711E+16
88319,9,1,79,130,2018,7,9,5,2,8,1,0,0,0,0,1,0,0,0,6.58027E+20,5.33618E+21,1.11251E+16,4.81592E+16
88320,9,1,74,141,2018,7,7,5,3,5,3,0,0,1,0,0,0,0,0,6.83067E+20,5.35571E+21,1.14699E+16,4.8328E+16
88321,9,1,87,182,2018,7,8,6,3,5,3,0,0,1,0,1,0,0,0,7.37665E+20,5.32768E+21,1.21898E+16,4.80581E+16
88322,9,7,75,139,2018,7,11,1,3,5,3,0,1,0,0,0,0,0,0,5.83236E+20,5.367E+21,1.01257E+16,4.84507E+16
88323,9,5,74,132,2018,7,15,7,2,0,1,0,0,0,0,1,0,0,1,6.73989E+20,5.48692E+21,1.14035E+16,4.95099E+16
88324,9,1,84,135,2018,7,17,5,3,2,6,0,0,1,0,0,1,0,0,6.92691E+20,5.34498E+21,1.15947E+16,4.82288E+16
88325,9,1,62,0,2018,7,14,5,3,2,6,0,0,1,0,0,0,0,0,6.89385E+20,5.33903E+21,1.15476E+16,4.81763E+16
88326,9,2,78,134,2018,7,17,7,3,2,6,0,0,1,0,0,0,0,0,7.68091E+20,5.43318E+21,1.26652E+16,4.89933E+16
88327,9,1,84,119,2018,7,16,5,3,2,6,0,0,1,0,0,0,0,0,6.95794E+20,5.34595E+21,1.16369E+16,4.82365E+16
88328,9,6,76,145,2018,7,7,6,3,1,6,0,0,1,0,0,0,0,0,5.10458E+20,5.52102E+21,9.14545E+15,4.98415E+16
88329,9,5,71,174,2018,7,17,2,3,8,1,0,0,1,0,0,0,0,0,6.01968E+20,5.46503E+21,1.04034E+16,4.93294E+16
88330,9,1,80,125,2018,7,15,1,3,2,2,0,0,1,0,0,0,0,0,6.53948E+20,5.27394E+21,1.10481E+16,4.76006E+16
88331,9,1,78,145,2018,7,15,5,2,2,3,0,0,1,0,0,0,0,0,6.99394E+20,5.35479E+21,1.16895E+16,4.83148E+16
88332,9,5,64,0,2018,7,6,5,2,5,2,0,0,1,0,1,0,0,0,6.44903E+20,5.47808E+21,1.09988E+16,4.94381E+16
88333,9,7,75,135,2018,7,14,6,3,2,6,0,0,1,0,0,0,0,0,5.75388E+20,5.35967E+21,1.00182E+16,4.83857E+16
88334,9,1,78,115,2018,7,22,5,3,4,6,2,0,1,0,0,0,0,0,7.03586E+20,5.37653E+21,1.17565E+16,4.85089E+16
88335,9,3,76,149,2018,7,11,6,3,0,1,0,0,0,0,0,0,1,0,7.35798E+20,5.45858E+21,1.22393E+16,4.92345E+16
88336,9,1,83,127,2018,7,8,2,3,2,2,0,0,1,0,0,0,0,0,7.5725E+20,5.35026E+21,1.24658E+16,4.82533E+16
88337,9,7,72,217,2018,7,14,7,2,8,1,0,0,0,0,1,0,0,1,6.36357E+20,5.37997E+21,1.0848E+16,4.8558E+16
88338,9,1,77,117,2018,7,9,5,3,5,3,0,1,1,0,0,0,0,0,7.16423E+20,5.35429E+21,1.19187E+16,4.83047E+16
88339,9,1,85,139,2018,7,12,6,2,4,6,0,0,1,0,0,0,0,0,6.69895E+20,5.39195E+21,1.13071E+16,4.86575E+16
88340,9,6,71,156,2018,7,16,1,3,8,7,0,0,1,0,0,0,0,0,5.20312E+20,5.53579E+21,9.28327E+15,4.99741E+16
88341,9,5,75,127,2018,7,22,7,3,8,7,2,0,1,0,0,0,0,1,5.8632E+20,5.49127E+21,1.01938E+16,4.95679E+16
88342,9,1,77,117,2018,7,19,5,3,0,1,0,1,0,0,0,0,0,0,7.17887E+20,5.35143E+21,1.19369E+16,4.82785E+16
88343,9,1,77,133,2018,7,16,5,2,4,6,0,0,1,0,0,0,0,0,7.1309E+20,5.35705E+21,1.18752E+16,4.83307E+16
88344,9,1,75,137,2018,7,11,5,3,2,6,0,0,1,0,0,0,1,0,7.27886E+20,5.33009E+21,1.206E+16,4.80833E+16
88345,9,1,87,129,2018,7,14,6,3,5,3,0,1,1,0,0,0,0,0,7.27761E+20,5.29451E+21,1.20396E+16,4.77637E+16
88346,9,7,72,159,2018,7,5,1,3,8,1,1,0,1,0,0,0,0,1,6.28231E+20,5.36322E+21,1.07328E+16,4.84091E+16
88347,9,5,75,128,2018,7,6,7,3,8,1,0,0,1,0,0,0,0,1,6.19609E+20,5.49921E+21,1.06564E+16,4.96336E+16
88348,9,1,62,0,2018,7,10,4,2,2,6,0,0,1,0,1,0,0,0,6.9265E+20,5.33913E+21,1.15915E+16,4.81762E+16
88349,9,7,77,155,2018,7,10,2,3,5,3,0,0,1,0,0,0,0,0,6.30781E+20,5.31175E+21,1.07514E+16,4.79457E+16
88350,9,6,71,162,2018,7,11,1,3,8,1,0,0,0,0,1,0,0,0,5.26445E+20,5.5531E+21,9.36999E+15,5.01296E+16
88351,9,7,80,143,2018,7,15,5,3,1,6,0,0,1,0,0,0,1,0,5.97967E+20,5.28175E+21,1.03053E+16,4.76817E+16
88352,9,2,75,144,2018,7,17,7,2,8,1,0,0,0,0,1,0,0,0,8.25823E+20,5.39858E+21,1.34247E+16,4.86552E+16
88353,9,1,62,0,2018,7,16,4,2,0,7,0,1,0,0,0,0,0,0,6.85654E+20,5.33179E+21,1.14943E+16,4.81123E+16
88354,9,4,63,0,2018,7,18,5,2,1,6,0,0,1,0,0,0,0,0,6.39114E+20,5.57091E+21,1.09523E+16,5.0274E+16
88355,9,5,63,0,2018,7,18,6,3,3,2,0,0,1,0,0,0,0,0,6.43803E+20,5.48071E+21,1.09845E+16,4.9462E+16
88356,9,4,61,0,2018,7,12,2,3,5,3,0,0,0,0,1,0,1,0,6.334E+20,5.53086E+21,1.08582E+16,4.99152E+16
88357,9,1,72,117,2018,7,22,1,3,9,6,2,0,0,0,1,0,0,1,7.98478E+20,5.28364E+21,1.29738E+16,4.76372E+16
88358,9,7,80,117,2018,7,17,4,2,5,3,0,0,1,0,1,0,0,0,5.92413E+20,5.28349E+21,1.02317E+16,4.76982E+16
88359,9,5,75,121,2018,7,20,5,3,8,1,0,0,1,0,0,0,0,0,6.23504E+20,5.49346E+21,1.07085E+16,4.95811E+16
88360,9,7,75,129,2018,7,9,4,2,2,6,0,0,1,0,0,1,0,0,5.83121E+20,5.34374E+21,1.01195E+16,4.82414E+16
88361,9,2,71,119,2018,7,19,6,3,5,3,0,0,1,0,0,0,0,0,7.90586E+20,5.41876E+21,1.29617E+16,4.88536E+16
88362,9,1,72,111,2018,7,14,2,3,8,1,0,0,0,0,1,0,0,0,7.94883E+20,5.3001E+21,1.29372E+16,4.77867E+16
88363,9,6,79,130,2018,7,14,7,3,2,1,0,0,1,0,0,0,0,1,5.71153E+20,5.51979E+21,9.98928E+15,4.98263E+16
88364,9,7,74,155,2018,7,2,4,3,2,6,2,0,1,0,0,1,0,0,5.89399E+20,5.3664E+21,1.02089E+16,4.84444E+16
88365,9,1,88,121,2018,7,17,6,3,2,6,0,0,1,0,0,0,0,0,6.70816E+20,5.33135E+21,1.1295E+16,4.81125E+16
88366,9,4,75,146,2018,7,6,5,3,5,3,0,0,1,0,0,0,0,0,6.89834E+20,5.58428E+21,1.16701E+16,5.03799E+16
88367,9,4,71,207,2018,7,16,7,3,0,1,0,0,0,0,1,0,0,1,6.27183E+20,5.53175E+21,1.07719E+16,4.99246E+16
88368,9,7,75,143,2018,7,14,4,3,8,7,0,0,1,0,0,0,0,0,5.87583E+20,5.35671E+21,1.01823E+16,4.83575E+16
88369,9,4,72,175,2018,7,18,5,2,2,6,0,0,1,0,1,0,0,0,6.79842E+20,5.50744E+21,1.14937E+16,4.96926E+16
88370,9,7,73,125,2018,7,12,6,3,0,6,0,0,0,0,0,0,1,0,6.14475E+20,5.37964E+21,1.05515E+16,4.85594E+16
88371,9,6,72,161,2018,7,12,2,3,4,1,0,0,1,0,0,0,0,0,5.59147E+20,5.56314E+21,9.82905E+15,5.02175E+16
88372,9,4,78,165,2018,7,18,1,3,4,6,0,0,1,0,0,0,0,0,6.46536E+20,5.54933E+21,1.10481E+16,5.00781E+16
88373,9,6,79,205,2018,7,6,5,3,5,3,0,0,1,0,0,1,0,0,5.58154E+20,5.51447E+21,9.80777E+15,4.97798E+16
88374,9,1,86,128,2018,7,17,7,3,8,1,0,0,1,0,0,0,0,0,6.78166E+20,5.38572E+21,1.14166E+16,4.85992E+16
88375,9,7,75,129,2018,7,15,4,3,5,3,0,1,1,0,0,0,0,0,5.81897E+20,5.34141E+21,1.01026E+16,4.82207E+16
88376,9,4,76,146,2018,7,10,6,2,5,2,0,1,1,0,0,0,0,0,6.62233E+20,5.56256E+21,1.12729E+16,5.0193E+16
88377,9,3,76,144,2018,7,8,2,3,8,7,0,0,1,0,0,0,0,0,7.24879E+20,5.48533E+21,1.21046E+16,4.94789E+16
88378,9,1,62,0,2018,7,5,1,2,0,6,1,0,1,0,0,0,0,1,6.94864E+20,5.34278E+21,1.1623E+16,4.82083E+16
88379,9,7,80,128,2018,7,15,4,2,1,1,0,0,0,0,0,1,1,0,6.10557E+20,5.27868E+21,1.04722E+16,4.76521E+16
88380,9,5,71,174,2018,7,9,5,2,4,2,0,0,1,0,0,0,0,0,6.03735E+20,5.46152E+21,1.04268E+16,4.92976E+16
88381,9,7,78,136,2018,7,13,6,3,5,3,0,0,1,0,0,0,0,0,5.98877E+20,5.32014E+21,1.03262E+16,4.80269E+16
88382,9,6,63,0,2018,7,13,2,3,2,6,0,0,1,0,1,0,0,0,5.68794E+20,5.5168E+21,9.95595E+15,4.97997E+16
88383,9,5,72,135,2018,7,11,1,3,0,1,0,0,0,0,1,0,0,1,6.30674E+20,5.50818E+21,1.08126E+16,4.97119E+16
88384,9,7,79,188,2018,7,7,5,3,8,7,0,0,1,0,0,0,0,0,6.17071E+20,5.41913E+21,1.05979E+16,4.8914E+16
88385,9,2,73,111,2018,7,13,7,3,0,1,0,0,0,0,1,0,0,1,7.10442E+20,5.41026E+21,1.18664E+16,4.88097E+16
88386,9,7,80,140,2018,7,14,4,3,5,2,0,0,1,0,0,0,0,0,5.99756E+20,5.28183E+21,1.03292E+16,4.76822E+16
88387,9,5,63,0,2018,7,18,6,3,0,7,0,1,0,0,0,0,0,0,6.4446E+20,5.48168E+21,1.0994E+16,4.94705E+16
88388,9,3,75,210,2018,7,15,2,3,0,7,0,1,0,0,0,0,0,1,7.49197E+20,5.43284E+21,1.24071E+16,4.89981E+16
88389,9,1,81,146,2018,7,9,1,3,2,6,0,0,1,0,0,0,1,0,6.50986E+20,5.32594E+21,1.10268E+16,4.80688E+16
88390,9,7,80,114,2018,7,16,4,3,5,3,0,1,1,0,0,0,0,0,6.02689E+20,5.28592E+21,1.03692E+16,4.77185E+16
88391,9,7,80,143,2018,7,16,4,3,3,6,0,0,1,0,0,0,0,0,5.98501E+20,5.28165E+21,1.03124E+16,4.76807E+16
88392,9,2,61,0,2018,7,9,6,3,2,6,0,0,1,0,0,0,0,0,7.36712E+20,5.38163E+21,1.22073E+16,4.85431E+16
88393,9,1,87,122,2018,7,17,2,3,0,6,0,0,1,0,0,0,0,0,7.16938E+20,5.30612E+21,1.19011E+16,4.78717E+16
88394,9,6,75,174,2018,7,12,7,3,2,6,0,0,1,0,0,0,0,1,5.87969E+20,5.52409E+21,1.0224E+16,4.98628E+16
88395,9,7,76,115,2018,7,18,4,1,5,2,0,1,1,0,0,0,0,0,5.57406E+20,5.27332E+21,9.76384E+15,4.76107E+16
88396,9,1,78,150,2018,7,10,6,3,2,6,0,0,1,0,1,0,0,0,6.91407E+20,5.37094E+21,1.15893E+16,4.84625E+16
88397,9,4,75,136,2018,7,11,5,2,5,3,0,0,1,0,0,0,0,0,6.94439E+20,5.5687E+21,1.17268E+16,5.02385E+16
88398,9,3,75,204,2018,7,22,7,3,9,1,2,1,0,0,0,0,0,1,7.31213E+20,5.43492E+21,1.21629E+16,4.90238E+16
88399,9,7,77,129,2018,7,9,4,2,2,6,0,0,1,0,0,0,0,0,6.28168E+20,5.27064E+21,1.07043E+16,4.75765E+16
88400,9,7,71,122,2018,7,19,6,3,0,1,0,1,0,0,0,0,0,0,6.55042E+20,5.36126E+21,1.10941E+16,4.83855E+16
88401,9,5,76,151,2018,7,2,2,3,2,6,2,0,1,0,0,0,0,0,6.561E+20,5.47267E+21,1.1151E+16,4.93867E+16
88402,9,3,72,153,2018,7,15,1,2,8,1,0,0,1,0,0,0,0,0,7.55518E+20,5.45862E+21,1.25097E+16,4.9227E+16
88403,9,5,65,0,2018,7,15,5,3,2,6,0,0,0,0,0,1,1,0,6.49327E+20,5.46606E+21,1.10552E+16,4.9329E+16
88404,9,1,79,113,2018,7,16,7,3,1,6,0,0,1,0,0,0,0,1,6.70378E+20,5.33641E+21,1.12911E+16,4.81581E+16
88405,9,7,79,131,2018,7,15,4,3,0,7,0,1,0,1,0,0,0,0,6.31985E+20,5.3973E+21,1.07943E+16,4.87147E+16
88406,9,4,74,147,2018,7,7,6,3,4,2,0,0,1,0,0,0,1,0,6.5653E+20,5.50641E+21,1.11703E+16,4.96899E+16
88407,9,2,75,130,2018,7,15,2,2,5,3,0,0,1,0,0,0,0,0,8.16513E+20,5.36411E+21,1.32726E+16,4.83507E+16
88408,9,1,62,0,2018,7,16,7,3,4,6,0,0,1,0,0,0,0,1,6.88047E+20,5.34031E+21,1.15302E+16,4.81882E+16
88409,9,7,79,186,2018,7,8,4,3,5,3,0,0,1,0,0,1,0,0,6.35538E+20,5.41111E+21,1.08471E+16,4.88382E+16
88410,9,7,72,147,2018,7,17,4,3,1,7,0,0,1,0,0,0,0,0,6.38135E+20,5.36406E+21,1.08668E+16,4.84145E+16
88411,9,1,72,122,2018,7,10,6,3,5,3,0,0,1,0,0,0,0,0,7.9096E+20,5.31498E+21,1.28949E+16,4.7922E+16
88412,9,1,77,130,2018,7,11,2,3,2,6,0,0,1,0,0,0,0,0,7.07657E+20,5.35095E+21,1.1799E+16,4.82777E+16
88413,9,5,76,151,2018,7,14,7,3,2,6,0,0,1,0,0,0,0,1,6.53915E+20,5.47282E+21,1.11209E+16,4.93886E+16
88414,9,7,72,147,2018,7,18,4,3,2,6,0,0,1,0,0,0,0,0,6.33291E+20,5.36455E+21,1.08016E+16,4.842E+16
88415,9,7,72,209,2018,7,20,4,3,0,1,0,1,0,0,0,0,0,0,6.35034E+20,5.33574E+21,1.08159E+16,4.81605E+16
88416,9,1,73,126,2018,7,15,6,3,2,6,0,0,1,0,0,0,0,0,6.8561E+20,5.3038E+21,1.14816E+16,4.78607E+16
88417,9,1,61,0,2018,7,19,2,3,5,3,0,0,1,0,1,0,0,1,6.79757E+20,5.40178E+21,1.14452E+16,4.8743E+16
88418,9,6,62,0,2018,7,11,7,3,4,2,0,1,1,0,0,0,0,1,5.87568E+20,5.54465E+21,1.02231E+16,5.00477E+16
88419,9,7,71,122,2018,7,10,4,3,4,6,0,0,1,0,0,0,1,0,6.53669E+20,5.36268E+21,1.10761E+16,4.83985E+16
88420,9,1,84,130,2018,7,14,5,3,3,6,0,0,1,0,0,0,0,0,6.99526E+20,5.3461E+21,1.16872E+16,4.82367E+16
88421,9,3,76,119,2018,7,19,7,2,5,3,0,0,1,0,0,0,0,0,7.19049E+20,5.46077E+21,1.20108E+16,4.92604E+16
88422,9,7,71,130,2018,7,18,4,3,3,6,0,0,1,0,1,0,0,0,6.44993E+20,5.36091E+21,1.09584E+16,4.83847E+16
88423,9,6,77,133,2018,7,22,6,2,9,7,2,0,1,0,0,0,0,0,5.53604E+20,5.55292E+21,9.74993E+15,5.01261E+16
88424,9,5,76,113,2018,7,22,2,3,2,6,2,0,1,0,0,0,0,0,6.63386E+20,5.45709E+21,1.12449E+16,4.92448E+16
88425,9,2,62,0,2018,7,10,1,3,5,6,0,1,1,0,0,0,0,1,8.28979E+20,5.3895E+21,1.34603E+16,4.85721E+16
88426,9,5,65,0,2018,7,0,5,3,2,2,2,0,0,0,1,0,0,0,6.48389E+20,5.46605E+21,1.10423E+16,4.93291E+16