OBJECTID_1,ULAND,UREGBEZ,UKREIS,UGEMEINDE,UJAHR,UMONAT,USTUNDE,UWOCHENTAG,UKATEGORIE,UART,UTYP1,ULICHTVERH,IstRad,IstPKW,IstFuss,IstKrad,IstGkfz,IstSonstig,STRZUSTAND,LINREFX,LINREFY,XGCSWGS84,YGCSWGS84
88427,9,1,78,145,2018,7,6,7,3,2,6,1,0,1,0,0,1,0,0,6.93991E+20,5.35554E+21,1.16171E+16,4.83232E+16
88428,9,7,61,0,2018,7,13,4,3,6,4,0,1,0,1,0,0,0,0,6.39214E+20,5.36088E+21,1.08804E+16,4.83857E+16
88429,9,3,62,0,2018,7,0,6,3,5,7,2,1,1,0,0,0,0,0,7.26792E+20,5.43323E+21,1.21015E+16,4.90102E+16
88430,9,2,73,137,2018,7,19,2,2,0,1,0,1,0,0,0,0,0,1,7.09846E+20,5.42169E+21,1.18642E+16,4.89126E+16
88431,9,7,76,125,2018,7,16,7,3,5,3,0,0,1,0,0,0,0,1,5.64907E+20,5.27156E+21,9.86338E+15,4.75942E+16
88432,9,6,79,154,2018,7,12,4,3,2,6,0,0,1,0,0,0,0,0,5.6209E+20,5.51079E+21,9.86185E+15,4.97464E+16
88433,9,6,79,180,2018,7,18,4,3,5,3,0,1,1,0,0,0,0,0,5.68581E+20,5.52313E+21,9.95411E+15,4.98567E+16
88434,9,1,87,121,2018,7,10,6,3,0,1,0,0,0,0,1,0,0,0,7.53689E+20,5.30972E+21,1.23939E+16,4.78906E+16
88435,9,7,80,128,2018,7,9,1,3,5,3,0,0,1,0,1,0,0,1,6.09378E+20,5.2791E+21,1.04566E+16,4.76561E+16
88436,9,5,64,0,2018,7,11,7,3,2,6,0,0,1,0,0,0,0,0,6.52637E+20,5.47676E+21,1.11049E+16,4.94243E+16
88437,9,6,74,221,2018,7,14,4,3,3,1,0,0,1,0,0,0,1,0,6.12077E+20,5.54254E+21,1.05647E+16,5.00246E+16
88438,9,4,74,133,2018,7,23,5,2,8,1,2,0,0,0,1,0,0,0,6.44426E+20,5.5149E+21,1.10057E+16,4.97692E+16
88439,9,5,71,227,2018,7,19,5,2,4,6,0,0,1,0,0,1,0,0,6.04071E+20,5.43474E+21,1.04245E+16,4.90567E+16
88440,9,7,75,139,2018,7,22,5,3,2,6,2,0,1,0,0,0,0,0,5.80606E+20,5.36648E+21,1.009E+16,4.84463E+16
88441,9,2,77,138,2018,7,17,7,3,5,3,0,1,1,0,0,0,0,0,7.90178E+20,5.3746E+21,1.29252E+16,4.84576E+16
88442,9,6,74,133,2018,7,13,4,3,2,6,0,0,1,0,0,0,0,0,6.19449E+20,5.53629E+21,1.06656E+16,4.9967E+16
88443,9,5,72,132,2018,7,16,6,3,5,3,0,0,1,0,0,0,0,0,6.34795E+20,5.49321E+21,1.08646E+16,4.95765E+16
88444,9,4,75,156,2018,7,21,2,3,7,7,1,0,1,0,0,0,0,0,6.89283E+20,5.57528E+21,1.16578E+16,5.02992E+16
88445,9,1,87,118,2018,7,14,1,3,2,6,0,0,1,0,0,0,0,1,7.51062E+20,5.30089E+21,1.23537E+16,4.78123E+16
88446,9,6,78,150,2018,7,9,4,2,8,1,0,0,1,0,0,0,0,0,5.9011E+20,5.53224E+21,1.02557E+16,4.99357E+16
88447,9,5,71,145,2018,7,23,5,3,7,7,2,0,1,0,0,0,0,0,5.91955E+20,5.44338E+21,1.02607E+16,4.91363E+16
88448,9,1,62,0,2018,7,14,5,3,3,6,0,0,0,0,0,0,1,0,6.87337E+20,5.33206E+21,1.1517E+16,4.81142E+16
88449,9,2,78,172,2018,7,11,7,3,0,1,0,0,0,0,1,0,0,0,7.52817E+20,5.41988E+21,1.24485E+16,4.88802E+16
88450,9,6,78,181,2018,7,15,4,3,0,1,0,1,0,0,0,0,0,0,5.98892E+20,5.55639E+21,1.03843E+16,5.01515E+16
88451,9,6,78,136,2018,7,16,6,3,4,3,0,0,1,0,1,0,0,0,5.8818E+20,5.54085E+21,1.02308E+16,5.00134E+16
88452,9,5,75,129,2018,7,18,2,3,4,6,0,0,1,0,0,0,0,0,6.27244E+20,5.48759E+21,1.07584E+16,4.95276E+16
88453,9,2,74,146,2018,7,2,1,1,4,6,2,0,1,0,0,0,0,1,7.33462E+20,5.37333E+21,1.21587E+16,4.84697E+16
88454,9,5,74,128,2018,7,13,5,2,2,2,0,0,1,0,0,0,0,0,6.78382E+20,5.48565E+21,1.14636E+16,4.94973E+16
88455,9,7,75,139,2018,7,8,6,2,3,6,0,0,1,0,0,1,0,0,5.82618E+20,5.36787E+21,1.01175E+16,4.84585E+16
88456,9,6,76,121,2018,7,11,4,3,1,5,0,0,1,0,0,0,1,0,5.14564E+20,5.51985E+21,9.2025E+15,4.98309E+16
88457,9,3,76,175,2018,7,21,6,2,4,3,1,0,1,0,1,0,0,0,7.29339E+20,5.46708E+21,1.21556E+16,4.93134E+16
88458,9,1,90,111,2018,7,18,2,3,4,6,0,0,1,0,0,0,0,0,6.37567E+20,5.29615E+21,1.08373E+16,4.7804E+16
88459,9,7,73,170,2018,7,6,7,3,0,1,1,1,0,0,0,0,0,0,5.95472E+20,5.38905E+21,1.02962E+16,4.86472E+16
88460,9,5,72,444,2018,7,18,4,2,2,6,0,0,1,0,1,0,0,0,6.48762E+20,5.48853E+21,1.10559E+16,4.95311E+16
88461,9,1,61,0,2018,7,7,6,3,5,3,0,1,1,0,0,0,0,0,6.7736E+20,5.40596E+21,1.14144E+16,4.87814E+16
88462,9,6,75,174,2018,7,20,1,3,5,3,1,0,1,0,0,0,0,0,5.90715E+20,5.52322E+21,1.0262E+16,4.98545E+16
88463,9,5,75,129,2018,7,15,7,3,2,2,0,0,1,0,0,0,0,1,6.26488E+20,5.4871E+21,1.07478E+16,4.95233E+16
88464,9,5,65,0,2018,7,15,4,3,2,6,0,0,1,0,0,1,0,0,6.47538E+20,5.46432E+21,1.103E+16,4.93137E+16
88465,9,4,71,220,2018,7,5,5,3,8,1,0,0,1,0,0,0,0,0,6.19244E+20,5.51602E+21,1.06565E+16,4.97848E+16
88466,9,7,71,130,2018,7,7,2,3,2,6,0,0,1,0,0,0,0,1,6.45029E+20,5.36299E+21,1.09596E+16,4.84034E+16
88467,9,5,72,133,2018,7,10,1,3,3,6,0,0,1,0,0,0,0,1,6.38501E+20,5.49929E+21,1.0918E+16,4.96303E+16
88468,9,7,62,0,2018,7,14,5,3,0,7,0,0,0,0,1,0,1,0,6.20639E+20,5.30515E+21,1.06138E+16,4.78883E+16
88469,9,2,61,0,2018,7,14,7,3,0,2,0,0,1,0,1,0,0,0,7.32332E+20,5.38263E+21,1.21486E+16,4.85537E+16
88470,9,3,73,156,2018,7,7,4,3,3,6,0,0,1,0,0,0,1,0,6.60548E+20,5.46277E+21,1.12082E+16,4.92966E+16
88471,9,4,72,119,2018,7,6,5,2,8,1,0,0,0,0,1,0,0,0,6.88811E+20,5.54415E+21,1.16358E+16,5.00197E+16
88472,9,5,64,0,2018,7,14,6,2,4,2,0,0,1,0,1,0,0,0,6.45275E+20,5.48756E+21,1.10074E+16,4.95232E+16
88473,9,3,63,0,2018,7,14,2,3,5,3,0,0,1,0,0,0,0,0,7.25298E+20,5.50831E+21,1.21236E+16,4.96852E+16
88474,9,1,87,177,2018,7,10,1,3,5,3,0,0,1,0,0,0,0,1,7.36053E+20,5.30426E+21,1.21554E+16,4.78483E+16
88475,9,5,65,0,2018,7,18,4,3,3,6,0,1,1,0,0,0,0,0,6.47817E+20,5.46559E+21,1.10343E+16,4.93251E+16
88476,9,5,74,132,2018,7,15,4,3,2,6,0,0,1,0,0,0,0,0,6.75544E+20,5.48601E+21,1.14246E+16,4.95013E+16
88477,9,2,78,178,2018,7,22,6,3,7,7,2,0,0,0,1,0,0,0,7.73367E+20,5.44401E+21,1.27444E+16,4.90882E+16
88478,9,1,82,114,2018,7,9,2,3,5,3,0,0,1,0,1,0,0,0,7.19625E+20,5.28782E+21,1.19278E+16,4.77064E+16
88479,9,6,79,170,2018,7,14,7,2,2,6,0,0,1,0,0,0,0,1,5.77731E+20,5.50047E+21,1.00769E+16,4.96518E+16
88480,9,5,64,0,2018,7,18,4,3,2,6,0,0,1,0,0,0,0,0,6.4492E+20,5.47808E+21,1.0999E+16,4.94381E+16
88481,9,4,71,140,2018,7,4,5,3,0,7,2,0,0,0,1,0,0,0,6.35238E+20,5.53471E+21,1.08851E+16,4.99494E+16
88482,9,5,64,0,2018,7,11,4,3,2,6,0,0,1,0,0,0,0,0,6.47312E+20,5.47621E+21,1.10313E+16,4.94207E+16
88483,9,3,71,148,2018,7,18,6,2,8,1,0,0,1,0,0,0,0,0,7.15095E+20,5.45982E+21,1.1956E+16,4.92533E+16
88484,9,1,89,119,2018,7,18,2,3,0,7,0,1,0,0,0,0,0,0,7.689E+20,5.3086E+21,1.25963E+16,4.78744E+16
88485,9,7,61,0,2018,7,14,7,3,5,3,0,0,1,0,0,0,0,1,6.42847E+20,5.36005E+21,1.09291E+16,4.83774E+16
88486,9,5,73,127,2018,7,16,4,3,2,6,0,0,1,0,0,0,0,0,6.46356E+20,5.47563E+21,1.10179E+16,4.94157E+16
88487,9,1,76,112,2018,7,16,6,2,4,6,0,0,1,0,0,0,1,0,6.88527E+20,5.42467E+21,1.15749E+16,4.89462E+16
88488,9,4,73,158,2018,7,19,7,3,9,1,0,0,1,0,0,0,0,1,6.22291E+20,5.57908E+21,1.0719E+16,5.03511E+16
88489,9,5,71,166,2018,7,17,4,3,2,6,0,0,1,0,0,0,1,0,6.08872E+20,5.45717E+21,1.04962E+16,4.92576E+16
88490,9,4,61,0,2018,7,14,5,3,3,2,0,1,1,0,0,0,0,0,6.37887E+20,5.52927E+21,1.09201E+16,4.98999E+16
88491,9,7,74,150,2018,7,14,6,3,2,6,0,0,1,0,0,0,0,0,6.0059E+20,5.34551E+21,1.03552E+16,4.82548E+16
88492,9,6,75,144,2018,7,20,2,2,8,7,0,0,0,0,1,0,0,0,5.86564E+20,5.50571E+21,1.02004E+16,4.96977E+16
88493,9,5,63,0,2018,7,11,1,3,1,6,0,0,1,0,0,0,0,1,6.43552E+20,5.48273E+21,1.09818E+16,4.94802E+16
88494,9,7,72,115,2018,7,12,5,3,0,7,0,1,0,0,0,0,0,0,6.18734E+20,5.37089E+21,1.06067E+16,4.84799E+16
88495,9,1,83,129,2018,7,12,7,3,5,3,0,0,1,0,0,0,0,0,7.59977E+20,5.36051E+21,1.25088E+16,4.83443E+16
88496,9,5,77,173,2018,7,17,4,2,2,2,0,0,1,0,1,0,0,0,6.3884E+20,5.42248E+21,1.0896E+16,4.89396E+16
88497,9,5,75,121,2018,7,16,6,3,4,6,0,0,1,0,0,0,0,0,6.24671E+20,5.49065E+21,1.07238E+16,4.95556E+16
88498,9,3,73,160,2018,7,11,2,3,2,2,0,0,1,0,0,0,0,0,6.91577E+20,5.4486E+21,1.16278E+16,4.91603E+16
88499,9,1,88,139,2018,7,13,1,3,0,1,0,0,0,0,1,0,0,1,6.74414E+20,5.31949E+21,1.13384E+16,4.80049E+16
88500,9,5,77,122,2018,7,16,4,2,4,7,0,0,1,0,0,0,0,0,6.31132E+20,5.43846E+21,1.07959E+16,4.9085E+16
88501,9,5,75,147,2018,7,9,4,3,5,3,0,0,1,0,0,0,0,0,6.11553E+20,5.50255E+21,1.05459E+16,4.96652E+16
88502,9,2,79,116,2018,7,17,6,2,0,3,0,0,1,0,0,1,0,0,7.61677E+20,5.39498E+21,1.25533E+16,4.8653E+16
88503,9,1,86,137,2018,7,19,2,3,3,1,0,0,1,0,0,0,0,1,6.83281E+20,5.39668E+21,1.14908E+16,4.86962E+16
88504,9,6,74,163,2018,7,19,7,3,2,6,0,0,1,0,0,0,0,0,6.10044E+20,5.53823E+21,1.05351E+16,4.99862E+16
88505,9,5,75,167,2018,7,10,4,3,4,1,0,0,1,0,0,0,0,0,6.24247E+20,5.50345E+21,1.0722E+16,4.96707E+16
88506,9,3,75,180,2018,7,6,5,3,2,6,0,0,1,0,0,0,0,0,7.26034E+20,5.42483E+21,1.20865E+16,4.89351E+16
88507,9,1,75,137,2018,7,18,6,3,2,6,0,0,1,0,0,0,1,0,7.25708E+20,5.33038E+21,1.2031E+16,4.80867E+16
88508,9,3,73,112,2018,7,7,7,2,0,1,2,1,0,0,0,0,0,0,6.78941E+20,5.44704E+21,1.1454E+16,4.91501E+16
88509,9,5,71,190,2018,7,16,4,2,5,3,0,0,1,0,1,0,0,0,6.23236E+20,5.46556E+21,1.06962E+16,4.93304E+16
88510,9,3,73,167,2018,7,6,5,3,9,7,0,0,1,0,0,0,0,0,6.95106E+20,5.45593E+21,1.16797E+16,4.9225E+16
88511,9,7,61,0,2018,7,8,6,3,2,1,0,0,1,0,0,0,0,0,6.44399E+20,5.35761E+21,1.09492E+16,4.83551E+16
88512,9,5,76,143,2018,7,7,2,2,0,7,0,0,0,0,1,0,0,1,6.48418E+20,5.45657E+21,1.10392E+16,4.92439E+16
88513,9,3,71,131,2018,7,15,1,2,9,7,0,0,0,0,1,0,0,0,6.95161E+20,5.47806E+21,1.16913E+16,4.94239E+16
88514,9,5,76,122,2018,7,17,5,3,2,6,0,0,1,0,0,0,0,0,6.68612E+20,5.43766E+21,1.13085E+16,4.90687E+16
88515,9,1,74,113,2018,7,14,7,3,5,6,0,0,1,0,0,0,0,1,6.74451E+20,5.34498E+21,1.13493E+16,4.82341E+16
88516,9,5,75,115,2018,7,8,4,2,8,1,0,0,1,0,0,0,0,0,5.95205E+20,5.47696E+21,1.03132E+16,4.94378E+16
88517,9,1,81,114,2018,7,13,6,3,0,7,0,0,0,0,0,0,1,0,6.56174E+20,5.31659E+21,1.1093E+16,4.79835E+16
88518,9,4,71,142,2018,7,14,7,3,5,2,0,0,1,0,0,0,0,1,6.50131E+20,5.52608E+21,1.10892E+16,4.98683E+16
88519,9,4,78,120,2018,7,19,4,3,2,6,0,0,1,0,1,0,0,0,6.40813E+20,5.54765E+21,1.09675E+16,5.00644E+16
88520,9,7,72,162,2018,7,22,6,3,6,4,2,0,1,1,0,0,0,0,6.35959E+20,5.33558E+21,1.08283E+16,4.8159E+16
88521,9,6,76,145,2018,7,11,2,3,5,2,0,0,1,0,0,0,0,0,5.09839E+20,5.51995E+21,9.13682E+15,4.98319E+16
88522,9,4,72,131,2018,7,10,1,2,8,1,0,0,1,0,0,0,0,1,6.81036E+20,5.53463E+21,1.15229E+16,4.99366E+16
88523,9,6,63,0,2018,7,17,5,3,2,6,0,0,1,0,0,0,0,0,5.68137E+20,5.51671E+21,9.9468E+15,4.9799E+16
88524,9,1,76,121,2018,7,18,7,2,9,1,0,0,1,0,0,0,0,0,6.52511E+20,5.4172E+21,1.10806E+16,4.88889E+16
88525,9,4,72,179,2018,7,11,4,3,6,7,0,1,0,1,0,0,0,0,6.73811E+20,5.51499E+21,1.14135E+16,4.97622E+16
88526,9,4,72,139,2018,7,16,6,3,6,4,0,0,1,1,0,0,0,0,6.95844E+20,5.55277E+21,1.17383E+16,5.00949E+16
88527,9,2,78,148,2018,7,13,2,3,1,1,0,0,1,0,0,0,0,0,7.38875E+20,5.4077E+21,1.22516E+16,4.87764E+16
88528,9,1,78,124,2018,7,10,1,3,8,1,0,0,1,0,0,0,0,1,7.05467E+20,5.363E+21,1.17753E+16,4.83866E+16
88529,9,4,77,158,2018,7,10,4,3,4,1,0,0,1,0,0,0,0,0,6.80493E+20,5.5493E+21,1.15222E+16,5.00686E+16
88530,9,4,77,128,2018,7,15,4,3,5,3,0,1,1,0,0,0,0,0,6.74858E+20,5.5523E+21,1.14449E+16,5.00972E+16
88531,9,1,89,154,2018,7,15,6,2,4,6,0,1,0,0,0,0,0,0,7.68983E+20,5.31679E+21,1.26025E+16,4.79479E+16
88532,9,1,76,114,2018,7,12,2,3,5,3,0,1,1,0,0,0,0,0,6.84676E+20,5.43297E+21,1.15261E+16,4.90219E+16
88533,9,5,72,126,2018,7,15,7,3,2,6,0,0,1,0,0,0,0,1,6.35083E+20,5.50411E+21,1.08723E+16,4.96743E+16
88534,9,4,71,115,2018,7,17,4,2,4,6,0,0,1,0,0,0,1,0,6.33322E+20,5.53789E+21,1.08595E+16,4.99784E+16
88535,9,3,73,147,2018,7,17,5,3,5,3,0,0,1,0,0,0,0,0,6.79973E+20,5.46351E+21,1.14755E+16,4.92978E+16
88536,9,1,84,142,2018,7,8,5,3,2,2,0,0,1,0,1,0,0,0,6.83487E+20,5.31837E+21,1.14595E+16,4.79922E+16
88537,9,3,71,119,2018,7,14,7,3,8,1,0,0,0,0,1,0,0,0,6.96084E+20,5.49634E+21,1.17131E+16,4.95879E+16
88538,9,4,71,128,2018,7,11,4,3,5,3,0,0,1,0,1,0,0,0,6.0612E+20,5.52281E+21,1.04761E+16,4.98483E+16
88539,9,6,78,138,2018,7,18,6,3,0,6,0,0,1,0,0,0,1,0,5.93123E+20,5.53823E+21,1.02991E+16,4.99891E+16
88540,9,5,64,0,2018,7,17,2,3,0,3,0,1,0,0,0,0,0,0,6.56222E+20,5.48149E+21,1.11561E+16,4.9466E+16
88541,9,2,77,121,2018,7,9,1,2,9,1,0,0,1,0,0,0,0,0,7.6345E+20,5.37593E+21,1.25653E+16,4.84813E+16
88542,9,5,74,141,2018,7,15,5,2,0,6,0,0,1,0,0,0,1,0,6.67901E+20,5.48854E+21,1.13202E+16,4.95262E+16
88543,9,1,84,137,2018,7,14,6,3,2,2,0,0,1,0,0,0,0,0,7.06311E+20,5.31687E+21,1.17643E+16,4.79718E+16
88544,9,3,76,150,2018,7,8,4,3,2,6,0,0,1,0,0,0,0,0,7.26829E+20,5.49192E+21,1.21353E+16,4.95374E+16
88545,9,3,73,167,2018,7,15,6,3,8,7,0,0,1,0,0,0,0,0,6.93606E+20,5.45709E+21,1.16597E+16,4.9236E+16
88546,9,1,73,123,2018,7,16,2,3,8,1,0,0,1,0,0,0,0,0,6.79953E+20,5.29695E+21,1.14032E+16,4.78007E+16
88547,9,7,76,122,2018,7,16,7,3,0,4,0,0,1,0,0,0,1,0,5.62388E+20,5.27696E+21,9.83064E+15,4.76431E+16
88548,9,3,74,166,2018,7,18,4,3,2,6,0,0,1,0,0,0,0,0,7.22098E+20,5.50043E+21,1.20748E+16,4.96155E+16
88549,9,3,72,117,2018,7,10,4,3,2,6,0,0,0,0,0,1,0,0,7.7272E+20,5.45642E+21,1.2744E+16,4.91999E+16
88550,9,1,87,120,2018,7,20,6,2,0,1,0,1,0,0,0,0,0,0,7.33825E+20,5.29163E+21,1.21188E+16,4.77357E+16
88551,9,7,79,115,2018,7,7,1,3,8,1,0,0,1,0,0,0,0,1,6.3438E+20,5.39326E+21,1.08255E+16,4.86779E+16
88552,9,5,71,152,2018,7,14,7,3,9,7,0,0,1,0,0,0,0,1,5.87281E+20,5.46629E+21,1.02016E+16,4.93431E+16
88553,9,3,74,162,2018,7,15,6,2,5,3,0,0,1,0,1,0,0,0,7.42207E+20,5.50129E+21,1.23533E+16,4.96155E+16
88554,9,2,73,163,2018,7,17,2,2,1,6,0,0,1,0,1,0,0,1,7.0422E+20,5.39834E+21,1.17758E+16,4.87046E+16
88555,9,7,80,119,2018,7,16,7,2,3,1,0,0,1,0,0,0,0,1,5.95907E+20,5.30028E+21,1.0282E+16,4.78487E+16
88556,9,3,76,150,2018,7,7,4,3,2,6,0,0,1,0,0,1,0,0,7.26741E+20,5.49204E+21,1.21342E+16,4.95384E+16
88557,9,3,76,116,2018,7,19,4,3,2,6,0,1,1,0,0,0,0,0,7.42309E+20,5.46333E+21,1.23315E+16,4.92747E+16
88558,9,1,87,129,2018,7,14,6,3,2,6,0,0,1,0,0,0,0,0,7.25079E+20,5.30076E+21,1.20071E+16,4.78208E+16
88559,9,7,75,135,2018,7,4,1,3,3,6,2,0,1,0,0,0,0,0,5.80882E+20,5.36186E+21,1.00929E+16,4.84047E+16
88560,9,5,65,0,2018,7,17,7,3,4,2,0,0,1,0,0,0,0,1,6.48055E+20,5.46549E+21,1.10375E+16,4.93242E+16
88561,9,2,78,113,2018,7,18,4,3,9,1,0,0,1,0,0,0,0,0,7.63932E+20,5.41533E+21,1.25969E+16,4.88348E+16
88562,9,3,73,114,2018,7,19,5,3,0,1,0,1,0,0,0,0,0,0,6.75573E+20,5.45845E+21,1.14128E+16,4.92536E+16
88563,9,1,62,0,2018,7,10,5,3,2,6,0,0,1,0,0,0,0,0,6.89044E+20,5.33905E+21,1.1543E+16,4.81766E+16
88564,9,2,71,122,2018,7,20,7,3,8,1,0,0,1,0,0,0,0,0,7.9043E+20,5.42138E+21,1.29614E+16,4.88772E+16
88565,9,2,71,151,2018,7,19,4,3,8,7,0,0,0,0,1,0,0,0,7.77935E+20,5.41471E+21,1.27869E+16,4.88231E+16
88566,9,6,76,134,2018,7,6,6,3,9,1,0,0,0,0,1,0,0,0,5.1438E+20,5.51476E+21,9.19976E+15,4.97851E+16
88567,9,5,71,180,2018,7,15,2,3,5,3,0,0,1,0,0,0,0,0,6.30329E+20,5.46299E+21,1.07929E+16,4.93057E+16
88568,9,1,90,136,2018,7,14,1,3,4,1,0,0,1,0,0,0,0,1,6.66495E+20,5.29051E+21,1.12212E+16,4.77465E+16
88569,9,5,64,0,2018,7,15,5,3,2,6,0,0,1,0,0,0,0,0,6.53525E+20,5.48029E+21,1.11185E+16,4.94558E+16
88570,9,7,75,139,2018,7,13,6,3,2,6,0,0,1,0,0,0,0,0,5.7841E+20,5.36576E+21,1.00602E+16,4.84401E+16
88571,9,2,71,139,2018,7,19,4,3,8,6,1,0,0,0,1,0,0,0,7.79406E+20,5.40293E+21,1.27989E+16,4.87167E+16
88572,9,3,76,153,2018,7,7,6,2,5,3,0,0,1,0,0,0,0,0,7.31619E+20,5.49042E+21,1.22005E+16,4.95221E+16
88573,9,1,80,117,2018,7,17,2,3,2,6,0,0,0,0,1,1,0,0,6.55781E+20,5.26121E+21,1.10679E+16,4.74856E+16
88574,9,7,72,159,2018,7,12,7,3,8,1,0,0,1,0,0,0,1,1,6.2678E+20,5.36104E+21,1.07125E+16,4.83898E+16
88575,9,2,71,141,2018,7,15,4,3,2,6,0,0,1,0,0,0,0,0,7.94999E+20,5.40281E+21,1.30103E+16,4.87085E+16
88576,9,1,86,147,2018,7,8,6,3,2,6,0,0,1,0,0,0,0,0,6.85227E+20,5.39102E+21,1.15147E+16,4.86448E+16
88577,9,6,74,139,2018,7,16,1,2,8,1,0,0,1,0,0,0,0,0,5.99084E+20,5.54161E+21,1.03831E+16,5.00185E+16
88578,9,5,71,132,2018,7,17,7,3,9,1,0,0,1,0,0,0,0,1,6.02738E+20,5.44587E+21,1.04091E+16,4.9157E+16
88579,9,2,71,125,2018,7,14,4,3,7,7,0,0,0,0,0,1,0,0,7.97104E+20,5.41116E+21,1.30448E+16,4.87824E+16
88580,9,3,72,117,2018,7,19,5,2,5,2,0,1,1,0,0,0,0,0,7.72736E+20,5.45664E+21,1.27444E+16,4.92018E+16
88581,9,6,79,205,2018,7,16,2,2,9,1,0,0,1,0,0,0,0,0,5.5852E+20,5.51469E+21,9.81289E+15,4.97819E+16
88582,9,5,76,113,2018,7,18,1,3,2,7,0,0,1,0,0,1,0,0,6.61159E+20,5.45831E+21,1.12148E+16,4.92563E+16
88583,9,7,79,188,2018,7,7,5,3,1,6,0,0,1,0,0,0,0,0,6.17055E+20,5.41914E+21,1.05977E+16,4.89141E+16
88584,9,2,61,0,2018,7,13,7,3,2,6,0,0,1,0,0,0,0,0,7.32242E+20,5.38157E+21,1.21468E+16,4.85442E+16
88585,9,2,71,153,2018,7,17,4,3,5,3,0,0,1,0,1,0,0,0,8.03177E+20,5.4018E+21,1.31204E+16,4.86955E+16
88586,9,2,75,153,2018,7,7,4,2,5,2,0,0,0,0,1,1,0,0,8.43278E+20,5.39007E+21,1.36539E+16,4.85695E+16
88587,9,3,71,141,2018,7,20,5,2,4,1,0,0,1,0,1,0,0,0,6.91575E+20,5.49335E+21,1.16493E+16,4.95624E+16
88588,9,7,77,124,2018,7,18,2,2,0,1,0,1,0,0,0,0,0,0,6.12779E+20,5.30797E+21,1.05094E+16,4.79152E+16
88589,9,7,78,137,2018,7,18,5,2,5,3,0,1,1,0,0,0,0,0,6.22803E+20,5.32918E+21,1.06496E+16,4.81041E+16
88590,9,2,62,0,2018,7,18,7,3,0,1,0,1,0,0,0,0,0,0,8.28404E+20,5.39036E+21,1.34532E+16,4.85801E+16
88591,9,2,75,138,2018,7,16,4,3,4,2,0,0,1,0,0,0,0,0,8.07348E+20,5.38858E+21,1.31671E+16,4.85748E+16
88592,9,5,76,127,2018,7,15,6,2,1,6,0,0,1,0,0,0,0,0,6.59527E+20,5.45105E+21,1.11895E+16,4.91915E+16
88593,9,4,62,0,2018,7,8,2,3,3,6,0,0,1,0,0,1,0,0,6.87012E+20,5.53755E+21,1.16075E+16,4.9961E+16
88594,9,1,89,115,2018,7,15,1,3,8,1,0,0,1,0,0,0,0,1,7.65669E+20,5.33395E+21,1.25688E+16,4.81034E+16
88595,9,2,75,135,2018,7,16,4,3,5,2,0,0,1,0,0,0,0,0,8.2241E+20,5.40149E+21,1.33808E+16,4.8683E+16
88596,9,5,75,163,2018,7,16,5,3,5,2,0,0,1,0,0,0,1,0,5.83912E+20,5.48703E+21,1.01596E+16,4.95301E+16
88597,9,2,72,127,2018,7,7,4,3,7,7,0,0,0,0,1,0,0,0,8.32802E+20,5.42041E+21,1.35368E+16,4.88473E+16
88598,9,2,71,141,2018,7,15,6,3,2,3,0,0,1,0,0,0,0,0,7.9493E+20,5.4029E+21,1.30094E+16,4.87093E+16
88599,9,1,72,130,2018,7,1,2,3,8,1,2,0,1,0,0,0,0,1,7.93258E+20,5.3083E+21,1.29211E+16,4.7861E+16
88600,9,6,79,126,2018,7,15,7,3,3,6,0,0,1,0,0,0,1,1,5.58643E+20,5.51083E+21,9.81401E+15,4.97471E+16
88601,9,2,73,147,2018,7,10,4,3,5,3,0,1,0,0,0,1,0,0,7.0471E+20,5.39051E+21,1.17786E+16,4.86341E+16
88602,9,3,76,176,2018,7,17,5,3,5,2,0,0,1,0,0,0,1,0,7.59651E+20,5.48611E+21,1.25843E+16,4.94721E+16
88603,9,1,74,135,2018,7,12,6,2,8,7,0,0,0,0,0,0,1,0,6.6233E+20,5.35403E+21,1.11897E+16,4.83186E+16
88604,9,4,77,127,2018,7,19,7,3,4,2,0,0,1,0,0,0,0,0,6.79029E+20,5.55484E+21,1.15044E+16,5.01188E+16
88605,9,2,74,126,2018,7,18,4,2,4,2,0,0,1,0,0,0,0,0,7.31901E+20,5.38399E+21,1.21435E+16,4.8566E+16
88606,9,3,61,0,2018,7,17,5,3,3,7,0,0,1,0,1,0,0,0,7.06153E+20,5.4821E+21,1.18448E+16,4.94565E+16
88607,9,4,79,152,2018,7,12,5,2,8,1,0,0,1,0,0,0,0,0,7.21615E+20,5.56433E+21,1.21048E+16,5.01896E+16
88608,9,7,80,127,2018,7,18,6,2,8,1,0,0,1,0,0,0,0,0,5.86228E+20,5.2716E+21,1.01469E+16,4.7592E+16
88609,9,6,78,193,2018,7,16,2,1,2,6,0,0,0,0,0,1,1,0,5.76521E+20,5.54149E+21,1.00682E+16,5.00208E+16
88610,9,4,73,166,2018,7,9,1,2,5,3,0,0,1,0,1,0,0,1,6.54935E+20,5.56653E+21,1.11724E+16,5.02307E+16
88611,9,6,79,174,2018,7,20,5,3,1,5,0,0,1,0,0,0,1,0,5.80842E+20,5.52426E+21,1.01249E+16,4.98653E+16
88612,9,1,76,120,2018,7,6,7,2,8,7,0,0,1,0,0,0,0,0,6.79162E+20,5.42393E+21,1.14468E+16,4.89423E+16