OBJECTID_1,ULAND,UREGBEZ,UKREIS,UGEMEINDE,UJAHR,UMONAT,USTUNDE,UWOCHENTAG,UKATEGORIE,UART,UTYP1,ULICHTVERH,IstRad,IstPKW,IstFuss,IstKrad,IstGkfz,IstSonstig,STRZUSTAND,LINREFX,LINREFY,XGCSWGS84,YGCSWGS84
88988,9,3,63,0,2018,7,11,7,3,5,3,0,1,1,0,0,0,0,0,7.2666E+20,5.50211E+21,1.21388E+16,4.9629E+16
88989,9,5,61,0,2018,7,7,5,3,4,2,0,0,1,0,0,0,0,0,6.13835E+20,5.4634E+21,1.05662E+16,4.93127E+16
88990,9,3,73,113,2018,7,14,7,3,2,6,0,0,1,0,0,0,0,0,6.77842E+20,5.46619E+21,1.14474E+16,4.93225E+16
88991,9,1,84,135,2018,7,7,3,3,2,7,0,0,1,0,0,0,0,0,6.92114E+20,5.3447E+21,1.15868E+16,4.82264E+16
88992,9,1,84,129,2018,7,19,3,3,4,2,0,0,1,0,1,0,0,0,7.01607E+20,5.32523E+21,1.17053E+16,4.80485E+16
88993,9,2,75,128,2018,7,10,5,3,9,7,0,0,1,0,0,0,0,0,8.32665E+20,5.40438E+21,1.3522E+16,4.87036E+16
88994,9,1,62,0,2018,7,12,5,3,5,3,0,1,0,0,1,0,0,0,6.92104E+20,5.34002E+21,1.15846E+16,4.81844E+16
88995,9,1,84,142,2018,7,16,6,3,2,6,0,0,1,0,1,0,0,0,6.83484E+20,5.31836E+21,1.14594E+16,4.79922E+16
88996,9,1,62,0,2018,7,19,3,3,0,7,0,0,0,0,1,0,0,0,6.81759E+20,5.33537E+21,1.14436E+16,4.81456E+16
88997,9,1,61,0,2018,7,18,1,3,2,6,0,1,0,0,0,0,0,0,6.77037E+20,5.39801E+21,1.14066E+16,4.871E+16
88998,9,1,62,0,2018,7,17,3,3,8,1,0,1,0,0,0,0,0,0,6.97706E+20,5.33012E+21,1.16553E+16,4.80936E+16
88999,9,2,71,116,2018,7,17,5,3,0,6,0,1,1,0,0,0,0,0,7.86081E+20,5.42326E+21,1.29036E+16,4.88962E+16
89000,9,1,74,115,2018,7,10,6,2,0,1,0,0,0,0,1,0,0,0,6.83291E+20,5.34809E+21,1.14696E+16,4.82595E+16
89001,9,1,81,132,2018,7,15,7,3,4,2,0,0,1,0,0,0,0,0,6.46606E+20,5.32836E+21,1.09689E+16,4.80917E+16
89002,9,7,75,135,2018,7,17,3,3,3,6,0,0,1,0,0,1,0,0,5.74817E+20,5.35949E+21,1.00105E+16,4.83841E+16
89003,9,1,87,116,2018,7,18,1,3,0,7,0,1,0,0,0,0,0,0,7.4813E+20,5.33221E+21,1.23327E+16,4.80948E+16
89004,9,1,86,130,2018,7,14,5,3,2,6,0,0,0,0,1,0,0,0,6.83435E+20,5.3741E+21,1.14829E+16,4.84933E+16
89005,9,5,76,142,2018,7,14,6,3,2,6,0,0,1,0,0,1,0,0,6.38739E+20,5.46357E+21,1.09087E+16,4.93091E+16
89006,9,7,75,152,2018,7,7,3,3,5,2,0,1,1,0,0,0,0,0,5.77144E+20,5.35325E+21,1.00408E+16,4.83277E+16
89007,9,6,75,127,2018,7,16,7,3,2,6,0,0,1,0,0,0,0,0,6.09745E+20,5.51347E+21,1.05239E+16,4.97637E+16
89008,9,7,73,140,2018,7,17,5,3,0,7,0,0,0,0,1,0,1,0,6.12656E+20,5.3745E+21,1.05254E+16,4.85135E+16
89009,9,7,77,152,2018,7,7,4,3,2,6,0,0,1,0,0,0,0,0,6.24301E+20,5.3053E+21,1.06628E+16,4.7889E+16
89010,9,2,79,116,2018,7,9,6,3,8,7,0,0,0,0,0,1,0,0,7.59125E+20,5.3958E+21,1.25192E+16,4.86614E+16
89011,9,7,75,152,2018,7,18,3,3,5,2,0,1,1,0,0,0,0,0,5.78412E+20,5.35106E+21,1.00575E+16,4.83079E+16
89012,9,4,62,0,2018,7,15,5,3,3,2,0,1,1,0,0,0,0,0,6.84574E+20,5.53515E+21,1.15724E+16,4.99402E+16
89013,9,2,75,124,2018,7,17,7,3,5,3,0,0,1,0,0,0,0,0,8.09151E+20,5.37133E+21,1.31788E+16,4.84192E+16
89014,9,7,75,135,2018,7,16,3,3,5,3,0,0,1,0,1,0,0,0,5.76137E+20,5.36159E+21,1.00287E+16,4.84028E+16
89015,9,7,78,115,2018,7,19,3,3,5,3,0,1,1,0,0,0,0,0,5.92342E+20,5.3321E+21,1.02412E+16,4.81355E+16
89016,9,2,74,141,2018,7,19,5,2,2,6,0,0,1,0,1,0,0,0,7.28093E+20,5.39333E+21,1.20971E+16,4.86514E+16
89017,9,7,75,134,2018,7,12,5,2,8,1,0,0,0,0,1,0,0,0,5.87142E+20,5.36517E+21,1.01781E+16,4.84337E+16
89018,9,7,78,173,2018,7,15,6,3,0,7,0,1,0,0,0,0,0,0,6.11646E+20,5.32273E+21,1.04981E+16,4.80481E+16
89019,9,7,74,148,2018,7,16,3,3,1,6,0,0,1,0,0,0,0,0,5.95439E+20,5.3629E+21,1.02897E+16,4.8412E+16
89020,9,5,61,0,2018,7,20,4,3,4,2,0,0,1,0,1,0,0,0,6.15245E+20,5.46175E+21,1.05851E+16,4.92976E+16
89021,9,1,88,139,2018,7,19,1,3,5,2,0,0,1,0,1,0,0,0,6.73459E+20,5.31786E+21,1.1325E+16,4.79905E+16
89022,9,5,76,143,2018,7,21,4,3,0,6,0,1,1,0,0,0,0,0,6.56585E+20,5.45354E+21,1.11502E+16,4.92146E+16
89023,9,1,78,120,2018,7,11,5,3,2,6,0,0,1,0,0,1,0,0,6.91718E+20,5.35277E+21,1.15852E+16,4.82991E+16
89024,9,5,71,223,2018,7,13,6,2,8,7,0,0,0,0,1,0,0,0,6.08259E+20,5.44811E+21,1.04854E+16,4.91763E+16
89025,9,7,63,0,2018,7,21,3,3,4,2,2,0,1,0,1,0,0,0,5.98825E+20,5.28647E+21,1.03178E+16,4.7724E+16
89026,9,5,76,113,2018,7,13,7,3,3,6,0,0,1,0,0,0,0,0,6.61391E+20,5.45705E+21,1.12175E+16,4.92449E+16
89027,9,6,73,182,2018,7,5,5,3,7,7,0,0,0,0,1,0,0,0,5.88811E+20,5.59581E+21,1.02525E+16,5.05075E+16
89028,9,7,71,113,2018,7,7,4,2,0,2,0,0,1,0,1,0,0,0,6.56879E+20,5.37085E+21,1.11225E+16,4.84712E+16
89029,9,7,80,147,2018,7,17,3,3,5,3,0,0,1,0,0,0,0,0,6.0735E+20,5.29078E+21,1.04325E+16,4.77614E+16
89030,9,1,88,120,2018,7,11,5,3,5,3,0,0,1,0,1,0,1,0,6.78003E+20,5.32679E+21,1.13895E+16,4.80696E+16
89031,9,5,76,127,2018,7,15,6,3,2,6,0,0,0,0,1,0,0,1,6.61512E+20,5.45018E+21,1.12164E+16,4.91831E+16
89032,9,7,63,0,2018,7,22,3,2,8,1,2,1,0,0,0,0,0,0,5.99263E+20,5.28398E+21,1.03231E+16,4.77015E+16
89033,9,6,76,151,2018,7,13,7,3,1,1,0,1,1,0,0,0,0,0,5.17513E+20,5.51345E+21,9.24322E+15,4.97733E+16
89034,9,7,71,130,2018,7,18,5,3,2,6,0,0,1,0,0,0,0,0,6.46906E+20,5.35813E+21,1.09832E+16,4.83592E+16
89035,9,7,73,136,2018,7,16,4,3,2,6,0,0,1,0,0,0,0,0,5.98994E+20,5.37478E+21,1.03406E+16,4.85183E+16
89036,9,1,73,130,2018,7,15,6,2,4,2,0,0,1,0,1,0,0,0,6.8187E+20,5.31376E+21,1.14359E+16,4.79513E+16
89037,9,7,76,116,2018,7,8,3,2,5,3,0,0,1,0,1,0,0,0,5.55444E+20,5.26673E+21,9.7369E+15,4.75516E+16
89038,9,4,61,0,2018,7,6,5,2,4,2,0,0,1,0,1,0,0,0,6.38054E+20,5.52814E+21,1.0922E+16,4.98898E+16
89039,9,2,79,132,2018,7,10,7,3,4,6,0,0,1,0,0,0,0,0,7.66856E+20,5.40028E+21,1.26269E+16,4.86984E+16
89040,9,7,76,120,2018,7,10,3,3,2,6,0,0,1,0,0,0,0,0,5.46753E+20,5.26928E+21,9.62167E+15,4.75752E+16
89041,9,2,79,112,2018,7,22,5,3,3,6,2,1,1,0,0,0,0,0,7.55262E+20,5.39329E+21,1.24653E+16,4.86405E+16
89042,9,7,62,0,2018,7,18,5,3,5,3,0,0,1,0,0,0,0,0,6.2254E+20,5.30488E+21,1.06391E+16,4.78855E+16
89043,9,7,76,114,2018,7,14,6,3,4,6,0,0,1,0,0,0,0,0,5.65103E+20,5.27723E+21,9.86683E+15,4.76452E+16
89044,9,7,77,154,2018,7,19,3,3,5,3,0,0,1,0,0,0,0,0,6.09799E+20,5.30079E+21,1.04677E+16,4.7851E+16
89045,9,4,79,129,2018,7,14,4,2,9,6,0,0,1,1,0,0,0,0,7.12045E+20,5.56048E+21,1.19688E+16,5.01585E+16
89046,9,1,62,0,2018,7,15,7,3,2,6,0,0,1,0,0,0,0,0,6.94803E+20,5.33237E+21,1.16174E+16,4.81148E+16
89047,9,1,78,157,2018,7,22,5,3,0,7,2,0,0,0,1,0,0,0,7.01586E+20,5.37086E+21,1.17268E+16,4.84585E+16
89048,9,4,72,177,2018,7,15,6,3,2,6,0,0,1,0,0,1,0,0,6.78146E+20,5.5049E+21,1.1469E+16,4.96702E+16
89049,9,7,77,166,2018,7,13,3,3,8,1,0,1,0,0,0,0,0,0,6.31114E+20,5.27955E+21,1.07461E+16,4.76561E+16
89050,9,5,73,127,2018,7,14,7,3,2,5,0,0,1,0,0,0,0,0,6.45953E+20,5.4753E+21,1.10122E+16,4.94129E+16
89051,9,7,74,198,2018,7,11,2,3,5,7,0,0,1,0,0,1,0,0,6.13068E+20,5.34854E+21,1.0524E+16,4.828E+16
89052,9,6,61,0,2018,7,19,5,3,2,6,0,0,1,0,0,0,0,0,5.09369E+20,5.53558E+21,9.13066E+15,4.99725E+16
89053,9,6,74,130,2018,7,11,4,3,5,3,0,0,1,0,1,0,0,0,6.28826E+20,5.55054E+21,1.08011E+16,5.00932E+16
89054,9,7,79,185,2018,7,15,3,3,8,1,0,0,1,0,0,0,0,0,6.16688E+20,5.40619E+21,1.0589E+16,4.87977E+16
89055,9,1,71,123,2018,7,14,6,3,8,1,0,0,0,0,0,0,1,0,7.85225E+20,5.3524E+21,1.28433E+16,4.82605E+16
89056,9,7,79,197,2018,7,7,3,3,5,3,0,1,1,0,0,0,0,0,6.18802E+20,5.42716E+21,1.06238E+16,4.89859E+16
89057,9,3,73,147,2018,7,10,5,3,5,3,0,0,1,0,1,0,0,0,6.76917E+20,5.46286E+21,1.14332E+16,4.92928E+16
89058,9,1,79,123,2018,7,15,6,3,2,6,0,0,1,0,0,0,0,0,6.74932E+20,5.33128E+21,1.13502E+16,4.81107E+16
89059,9,2,71,116,2018,7,11,1,3,5,3,0,0,1,0,0,0,0,0,7.84446E+20,5.42552E+21,1.28829E+16,4.89172E+16
89060,9,1,87,134,2018,7,20,7,2,5,2,0,0,1,0,1,0,0,0,7.37096E+20,5.3188E+21,1.21773E+16,4.79785E+16
89061,9,7,79,217,2018,7,7,3,3,5,3,0,0,1,0,1,0,0,0,6.4473E+20,5.40985E+21,1.09719E+16,4.88248E+16
89062,9,4,75,168,2018,7,7,4,2,4,2,0,0,1,0,1,0,0,0,7.10763E+20,5.56802E+21,1.1955E+16,5.02267E+16
89063,9,1,83,148,2018,7,21,1,3,4,2,1,0,1,0,0,0,0,0,7.5395E+20,5.34553E+21,1.24186E+16,4.82121E+16
89064,9,1,87,165,2018,7,12,5,3,2,6,0,0,1,0,0,0,0,0,7.33168E+20,5.2977E+21,1.21133E+16,4.77904E+16
89065,9,1,83,140,2018,7,13,6,2,4,6,0,0,1,0,1,0,0,0,7.44366E+20,5.34442E+21,1.22892E+16,4.82059E+16
89066,9,7,79,228,2018,7,15,3,2,5,3,0,0,1,0,1,0,0,0,6.26497E+20,5.41454E+21,1.0725E+16,4.88709E+16
89067,9,3,72,153,2018,7,7,5,2,5,3,0,0,1,0,0,0,0,0,7.58638E+20,5.45795E+21,1.25521E+16,4.92196E+16
89068,9,1,61,0,2018,7,21,6,2,0,1,0,1,0,0,0,0,0,0,6.78853E+20,5.40475E+21,1.14342E+16,4.877E+16
89069,9,3,62,0,2018,7,16,1,3,2,1,0,1,0,0,0,0,0,0,7.28063E+20,5.43539E+21,1.21201E+16,4.90291E+16
89070,9,1,89,133,2018,7,19,7,3,4,2,0,0,0,0,1,0,1,0,7.55038E+20,5.32112E+21,1.24187E+16,4.79924E+16
89071,9,7,61,0,2018,7,17,3,3,2,6,0,0,1,0,0,0,0,0,6.37766E+20,5.35702E+21,1.08595E+16,4.83514E+16
89072,9,2,73,137,2018,7,12,1,2,0,1,0,1,0,0,0,0,0,0,7.09785E+20,5.42154E+21,1.18632E+16,4.89112E+16
89073,9,1,80,134,2018,7,13,5,3,0,7,0,0,0,0,1,0,0,0,6.61367E+20,5.28676E+21,1.11514E+16,4.7714E+16
89074,9,7,79,178,2018,7,13,5,3,0,7,0,1,0,0,0,0,0,0,6.42622E+20,5.40057E+21,1.094E+16,4.87418E+16
89075,9,7,73,125,2018,7,10,6,3,5,3,0,0,1,0,0,0,0,0,6.14312E+20,5.37959E+21,1.05493E+16,4.85589E+16
89076,9,7,61,0,2018,7,13,3,3,2,6,0,0,1,0,0,0,1,0,6.40976E+20,5.36389E+21,1.09051E+16,4.84124E+16
89077,9,4,72,146,2018,7,1,4,3,2,6,2,0,1,0,0,1,0,0,6.86645E+20,5.52966E+21,1.15986E+16,4.98902E+16
89078,9,7,75,115,2018,7,2,7,3,0,1,2,1,0,0,0,0,0,0,5.81328E+20,5.345E+21,1.00956E+16,4.8253E+16
89079,9,1,62,0,2018,7,19,4,3,4,6,0,0,1,0,0,0,0,0,6.87951E+20,5.34294E+21,1.15301E+16,4.82118E+16
89080,9,4,61,0,2018,7,15,6,3,5,3,0,0,1,0,0,1,0,0,6.33401E+20,5.53086E+21,1.08582E+16,4.99152E+16
89081,9,7,72,131,2018,7,1,3,2,5,3,2,0,1,0,0,0,0,0,6.16793E+20,5.35416E+21,1.05758E+16,4.83299E+16
89082,9,5,61,0,2018,7,3,7,3,7,3,2,0,1,0,0,1,0,0,6.13436E+20,5.46136E+21,1.05601E+16,4.92944E+16
89083,9,5,64,0,2018,7,6,5,3,3,6,0,0,1,0,0,0,0,0,6.49076E+20,5.47882E+21,1.10566E+16,4.94437E+16
89084,9,5,72,131,2018,7,10,4,3,3,3,0,0,1,0,0,1,0,0,6.54202E+20,5.48538E+21,1.11298E+16,4.95014E+16
89085,9,7,72,162,2018,7,18,3,3,5,6,0,1,1,0,0,0,0,0,6.35889E+20,5.33558E+21,1.08273E+16,4.8159E+16
89086,9,7,72,160,2018,7,17,3,3,0,1,0,1,0,0,0,0,0,0,6.38558E+20,5.34268E+21,1.08655E+16,4.82222E+16
89087,9,2,76,144,2018,7,19,5,2,8,1,0,0,0,0,1,0,0,0,7.85387E+20,5.44537E+21,1.29097E+16,4.90949E+16
89088,9,1,88,126,2018,7,13,6,3,5,2,0,1,1,0,0,0,0,0,6.60239E+20,5.32694E+21,1.11513E+16,4.80756E+16
89089,9,2,72,121,2018,7,21,1,3,9,1,2,0,0,0,1,0,0,0,8.41091E+20,5.41239E+21,1.36428E+16,4.87709E+16
89090,9,1,74,146,2018,7,8,7,3,0,7,0,0,1,0,0,0,0,0,6.6809E+20,5.35021E+21,1.12658E+16,4.82828E+16
89091,9,7,71,146,2018,7,10,3,3,3,6,0,1,0,0,0,0,0,0,6.46783E+20,5.3487E+21,1.09783E+16,4.82745E+16
89092,9,4,72,118,2018,7,15,4,3,5,3,0,0,1,0,0,0,0,0,6.74891E+20,5.50601E+21,1.14245E+16,4.96812E+16
89093,9,1,89,141,2018,7,11,1,2,8,1,0,0,0,0,1,0,0,0,7.54348E+20,5.28805E+21,1.239E+16,4.76957E+16
89094,9,1,61,0,2018,7,16,5,3,5,3,0,1,1,0,0,0,0,0,6.79325E+20,5.40383E+21,1.14402E+16,4.87616E+16
89095,9,6,76,121,2018,7,10,6,3,5,2,0,0,1,0,0,0,0,0,5.1346E+20,5.52058E+21,9.18718E+15,4.98375E+16
89096,9,6,79,193,2018,7,9,3,1,2,6,0,0,0,0,0,1,0,0,5.74506E+20,5.51109E+21,1.00342E+16,4.97476E+16
89097,9,4,77,128,2018,7,22,4,3,1,1,2,1,1,0,0,0,0,0,6.72681E+20,5.55151E+21,1.14142E+16,5.00907E+16
89098,9,7,72,141,2018,7,15,7,3,2,6,0,0,1,0,0,0,0,0,6.23132E+20,5.35012E+21,1.06601E+16,4.82923E+16
89099,9,7,75,162,2018,7,19,4,3,0,7,0,1,0,0,0,0,0,0,5.80086E+20,5.34758E+21,1.00794E+16,4.82764E+16
89100,9,2,71,119,2018,7,7,6,3,3,6,0,0,1,0,0,1,0,0,7.9028E+20,5.41673E+21,1.29561E+16,4.88356E+16
89101,9,6,79,146,2018,7,7,3,3,1,6,0,0,1,0,0,0,0,0,5.5997E+20,5.51649E+21,9.8333E+15,4.97979E+16
89102,9,6,77,126,2018,7,8,6,3,2,6,0,0,1,0,0,0,0,0,5.38711E+20,5.52245E+21,9.53851E+15,4.98532E+16
89103,9,6,75,141,2018,7,11,3,3,2,6,0,0,1,0,0,1,0,0,5.79455E+20,5.51259E+21,1.01032E+16,4.97606E+16
89104,9,7,77,153,2018,7,14,7,2,0,7,0,1,0,0,0,0,0,0,6.11322E+20,5.27643E+21,1.04818E+16,4.76317E+16
89105,9,1,62,0,2018,7,11,4,3,5,3,0,1,1,0,0,0,0,0,6.88446E+20,5.32853E+21,1.15303E+16,4.80821E+16
89106,9,3,76,161,2018,7,13,6,3,2,6,0,0,1,0,0,0,0,0,7.25833E+20,5.46815E+21,1.2108E+16,4.93243E+16
89107,9,6,73,160,2018,7,12,3,2,0,1,0,0,0,0,1,0,0,0,5.96932E+20,5.57418E+21,1.03614E+16,5.03118E+16
89108,9,4,71,145,2018,7,15,7,1,4,6,0,0,1,0,0,0,0,0,6.41113E+20,5.52033E+21,1.09617E+16,4.98188E+16
89109,9,5,71,136,2018,7,21,5,3,2,6,0,0,1,0,1,1,1,0,5.96073E+20,5.43399E+21,1.03149E+16,4.90512E+16
89110,9,5,72,119,2018,7,18,4,3,2,6,0,0,1,0,0,0,0,0,6.4474E+20,5.49844E+21,1.1004E+16,4.96211E+16
89111,9,6,72,138,2018,7,9,3,3,2,1,0,0,1,0,0,0,0,0,5.6007E+20,5.57165E+21,9.84334E+15,5.02939E+16
89112,9,6,72,138,2018,7,9,3,3,0,6,0,0,1,0,0,0,0,0,5.6007E+20,5.57165E+21,9.84334E+15,5.02939E+16
89113,9,2,71,132,2018,7,13,5,3,0,7,0,0,0,0,0,0,1,0,7.86975E+20,5.41827E+21,1.29122E+16,4.8851E+16
89114,9,1,77,117,2018,7,13,6,3,5,7,0,1,1,0,0,0,0,0,7.15713E+20,5.35512E+21,1.19095E+16,4.83124E+16
89115,9,1,62,0,2018,7,12,6,3,0,1,0,1,0,0,0,0,0,0,6.95296E+20,5.34215E+21,1.16285E+16,4.82025E+16
89116,9,6,61,0,2018,7,14,3,3,2,6,0,0,1,0,1,0,0,0,5.07677E+20,5.533E+21,9.10701E+15,4.99493E+16
89117,9,4,72,140,2018,7,10,4,3,2,6,0,0,1,0,1,0,0,0,6.82733E+20,5.53113E+21,1.15449E+16,4.99046E+16
89118,9,1,87,118,2018,7,16,1,3,4,6,0,0,1,0,0,0,0,0,7.51803E+20,5.30118E+21,1.23637E+16,4.78147E+16
89119,9,1,81,113,2018,7,15,5,3,4,6,0,0,1,0,0,1,0,0,6.39636E+20,5.30973E+21,1.08693E+16,4.79257E+16
89120,9,5,76,142,2018,7,9,6,2,4,6,0,0,1,0,0,1,0,0,6.37283E+20,5.46688E+21,1.08898E+16,4.93392E+16
89121,9,6,71,119,2018,7,20,3,2,4,6,0,1,1,0,0,0,0,0,5.13928E+20,5.55234E+21,9.19484E+15,5.01231E+16
89122,9,6,77,148,2018,7,18,7,2,8,1,0,0,0,0,1,0,0,0,5.53018E+20,5.53363E+21,9.73906E+15,4.99527E+16
89123,9,7,72,111,2018,7,15,5,3,5,3,0,0,1,0,1,0,0,0,6.27176E+20,5.36432E+21,1.07189E+16,4.84192E+16
89124,9,7,79,131,2018,7,21,4,3,0,1,2,0,0,0,1,0,0,1,6.32412E+20,5.39729E+21,1.08001E+16,4.87145E+16
89125,9,2,61,0,2018,7,13,6,2,4,2,0,0,1,0,0,0,0,0,7.3306E+20,5.38107E+21,1.21576E+16,4.85394E+16
89126,9,5,74,156,2018,7,8,3,3,2,6,0,0,1,0,0,0,1,0,6.5801E+20,5.4824E+21,1.11811E+16,4.94737E+16
89127,9,4,71,145,2018,7,20,5,3,0,1,0,0,0,0,1,0,0,0,6.42596E+20,5.51909E+21,1.09819E+16,4.98073E+16
89128,9,2,61,0,2018,7,21,7,3,0,7,1,1,0,0,0,0,0,0,7.31415E+20,5.3811E+21,1.21353E+16,4.85403E+16
89129,9,5,72,111,2018,7,10,3,2,4,6,0,0,1,0,0,0,1,0,6.35885E+20,5.50716E+21,1.08845E+16,4.97016E+16
89130,9,5,65,0,2018,7,9,3,3,5,3,0,0,1,0,1,0,0,0,6.48195E+20,5.46607E+21,1.10397E+16,4.93293E+16
89131,9,2,74,128,2018,7,16,5,3,0,7,0,0,0,0,1,0,0,0,7.36564E+20,5.39181E+21,1.22111E+16,4.86346E+16
89132,9,7,75,111,2018,7,15,5,2,4,6,0,0,1,0,0,0,1,0,5.82211E+20,5.33784E+21,1.01061E+16,4.81884E+16
89133,9,4,79,112,2018,7,1,5,3,6,7,2,0,0,1,0,1,0,0,7.26904E+20,5.54952E+21,1.217E+16,5.00547E+16
89134,9,2,71,146,2018,7,10,7,3,3,6,0,0,1,0,0,0,0,0,7.87106E+20,5.41237E+21,1.29099E+16,4.87979E+16
89135,9,5,76,111,2018,7,23,3,2,4,6,2,0,1,0,0,0,0,0,6.37563E+20,5.45366E+21,1.08892E+16,4.92203E+16
89136,9,5,64,0,2018,7,10,3,3,0,7,0,1,0,0,0,0,0,0,6.57204E+20,5.48184E+21,1.11698E+16,4.94688E+16
89137,9,2,77,121,2018,7,22,5,3,4,6,2,0,1,0,0,0,0,1,7.62909E+20,5.37318E+21,1.25562E+16,4.84568E+16
89138,9,1,62,0,2018,7,16,5,3,2,6,0,0,1,0,0,0,0,0,6.93268E+20,5.33849E+21,1.15995E+16,4.81702E+16
89139,9,1,84,142,2018,7,16,6,3,5,3,0,0,1,0,1,0,0,0,6.83217E+20,5.31685E+21,1.14552E+16,4.79787E+16
89140,9,5,64,0,2018,7,12,3,2,8,1,0,0,1,0,0,0,0,0,6.50649E+20,5.47585E+21,1.10771E+16,4.94167E+16
89141,9,4,74,126,2018,7,15,4,3,5,3,0,1,1,0,0,0,0,0,6.5103E+20,5.50909E+21,1.10951E+16,4.97154E+16
89142,9,1,76,166,2018,7,14,1,2,9,1,0,0,0,0,1,0,0,0,6.54766E+20,5.40848E+21,1.1108E+16,4.881E+16
89143,9,1,79,125,2018,7,6,5,2,0,1,0,1,0,0,0,0,0,0,6.62338E+20,5.33288E+21,1.11817E+16,4.81285E+16
89144,9,5,64,0,2018,7,14,6,3,5,7,0,0,1,0,0,0,1,0,6.53477E+20,5.48122E+21,1.11182E+16,4.94643E+16
89145,9,5,64,0,2018,7,16,3,3,5,2,0,1,1,0,0,0,0,0,6.46599E+20,5.48073E+21,1.10231E+16,4.94615E+16
89146,9,6,71,143,2018,7,12,7,3,3,2,0,1,1,0,0,0,0,0,5.11003E+20,5.54822E+21,9.1538E+15,5.00861E+16
89147,9,6,77,155,2018,7,22,5,3,0,7,2,0,0,0,1,0,1,1,5.41491E+20,5.53849E+21,9.57891E+15,4.99973E+16
89148,9,7,72,184,2018,7,12,4,3,0,1,0,1,0,0,0,0,0,0,6.35749E+20,5.36168E+21,1.08338E+16,4.83937E+16
89149,9,1,80,117,2018,7,12,6,2,5,3,0,0,1,0,1,0,0,0,6.58745E+20,5.26201E+21,1.11075E+16,4.74922E+16
89150,9,5,64,0,2018,7,16,3,3,5,3,0,1,1,0,0,0,0,0,6.54261E+20,5.48063E+21,1.11287E+16,4.94588E+16
89151,9,3,72,144,2018,7,15,5,3,3,2,0,1,0,0,1,0,0,0,7.88752E+20,5.46422E+21,1.29692E+16,4.92625E+16
89152,9,1,82,134,2018,7,14,6,3,2,6,0,0,1,0,0,0,0,0,7.0395E+20,5.29624E+21,1.1723E+16,4.77872E+16
89153,9,1,80,136,2018,7,13,7,3,5,2,0,0,1,0,1,0,0,0,6.71968E+20,5.26595E+21,1.12845E+16,4.75242E+16
89154,9,5,73,122,2018,7,7,3,2,0,6,0,0,1,0,1,0,0,0,6.4317E+20,5.47771E+21,1.09747E+16,4.94352E+16
89155,9,1,90,159,2018,7,5,5,1,4,6,0,0,1,0,0,1,0,0,6.62099E+20,5.30416E+21,1.11677E+16,4.78703E+16
89156,9,7,77,129,2018,7,10,5,3,0,6,0,0,0,0,0,0,1,0,6.22551E+20,5.2706E+21,1.06296E+16,4.75773E+16
89157,9,7,80,124,2018,7,14,6,3,8,1,0,0,0,0,1,0,0,0,5.93123E+20,5.26921E+21,1.02381E+16,4.75697E+16
89158,9,5,75,121,2018,7,6,3,3,4,6,0,0,1,0,0,0,0,0,6.23383E+20,5.49443E+21,1.07072E+16,4.95899E+16
89159,9,4,71,155,2018,7,12,4,2,8,1,0,0,0,0,1,0,0,0,6.4407E+20,5.53176E+21,1.1007E+16,4.99208E+16
89160,9,7,75,139,2018,7,16,7,3,3,7,0,1,0,0,0,0,0,0,5.82642E+20,5.36703E+21,1.01176E+16,4.8451E+16
89161,9,1,84,121,2018,7,10,4,3,5,3,0,0,1,0,0,0,0,0,7.03183E+20,5.33056E+21,1.1729E+16,4.80959E+16
89162,9,4,62,0,2018,7,6,6,3,2,7,0,0,0,0,1,1,0,0,6.84492E+20,5.53502E+21,1.15712E+16,4.9939E+16
89163,9,5,71,229,2018,7,16,3,3,5,3,0,0,1,0,1,0,0,0,6.26329E+20,5.45072E+21,1.0734E+16,4.91963E+16
89164,9,5,75,125,2018,7,11,7,3,1,1,0,0,1,0,0,0,0,0,6.24257E+20,5.49857E+21,1.07206E+16,4.96269E+16
89165,9,6,61,0,2018,7,14,5,3,9,7,0,0,1,0,0,0,0,0,5.08918E+20,5.53648E+21,9.12438E+15,4.99806E+16
89166,9,7,63,0,2018,7,6,6,3,8,1,0,0,1,0,0,0,0,0,5.98981E+20,5.28804E+21,1.03202E+16,4.77382E+16
89167,9,5,71,145,2018,7,11,3,2,3,2,0,0,1,0,1,0,0,0,5.96579E+20,5.44517E+21,1.03245E+16,4.91518E+16
89168,9,4,71,155,2018,7,16,4,3,4,7,0,0,1,0,0,0,0,0,6.42589E+20,5.53105E+21,1.09862E+16,4.99148E+16
89169,9,1,62,0,2018,7,16,1,3,2,6,0,0,1,0,0,0,0,0,6.94523E+20,5.34168E+21,1.16179E+16,4.81985E+16
89170,9,1,75,111,2018,7,8,5,3,2,6,0,0,1,0,0,0,0,0,7.10717E+20,5.3383E+21,1.18339E+16,4.8163E+16
89171,9,5,71,136,2018,7,8,6,3,2,6,0,0,1,0,0,0,0,0,5.96808E+20,5.43553E+21,1.03253E+16,4.90651E+16
89172,9,5,71,115,2018,7,11,3,1,8,7,0,0,0,0,0,0,1,0,6.11918E+20,5.44445E+21,1.05345E+16,4.91427E+16
89173,9,5,72,120,2018,7,12,7,3,4,1,0,0,1,0,0,0,0,1,6.48193E+20,5.49548E+21,1.10506E+16,4.95938E+16
89174,9,6,74,130,2018,7,9,5,3,4,6,0,0,1,0,0,0,0,0,6.26034E+20,5.55353E+21,1.07631E+16,5.01207E+16