OBJECTID_1,ULAND,UREGBEZ,UKREIS,UGEMEINDE,UJAHR,UMONAT,USTUNDE,UWOCHENTAG,UKATEGORIE,UART,UTYP1,ULICHTVERH,IstRad,IstPKW,IstFuss,IstKrad,IstGkfz,IstSonstig,STRZUSTAND,LINREFX,LINREFY,XGCSWGS84,YGCSWGS84
89175,9,6,79,170,2018,7,15,4,3,6,4,0,0,1,1,0,0,0,0,5.7643E+20,5.50247E+21,1.00592E+16,4.96699E+16
89176,9,4,75,171,2018,7,5,3,1,4,6,0,0,1,0,0,1,0,0,6.96135E+20,5.57935E+21,1.17561E+16,5.03336E+16
89177,9,1,89,139,2018,7,13,6,2,2,6,0,0,1,0,1,0,0,0,7.66021E+20,5.28515E+21,1.25435E+16,4.76649E+16
89178,9,4,64,0,2018,7,18,3,3,6,2,0,0,1,1,0,0,0,0,7.06649E+20,5.57812E+21,1.19029E+16,5.03189E+16
89179,9,3,62,0,2018,7,7,5,3,5,3,0,1,1,0,0,0,0,0,7.28714E+20,5.43542E+21,1.2129E+16,4.90292E+16
89180,9,1,85,158,2018,7,14,6,3,2,6,0,0,1,0,0,0,0,0,6.68413E+20,5.38301E+21,1.12834E+16,4.85775E+16
89181,9,2,71,125,2018,7,11,1,3,1,6,0,0,1,0,0,0,0,0,7.999E+20,5.40801E+21,1.30805E+16,4.87527E+16
89182,9,1,71,123,2018,7,16,7,2,5,7,0,0,1,0,0,0,1,0,7.84194E+20,5.34765E+21,1.28263E+16,4.82184E+16
89183,9,4,76,145,2018,7,15,3,3,5,3,0,0,1,0,1,0,0,0,6.64223E+20,5.572E+21,1.13049E+16,5.02773E+16
89184,9,4,61,0,2018,7,18,4,3,2,6,0,1,0,0,0,0,0,0,6.3788E+20,5.52961E+21,1.09201E+16,4.9903E+16
89185,9,1,90,117,2018,7,11,1,3,8,1,0,0,0,0,1,0,0,0,6.53321E+20,5.29324E+21,1.10465E+16,4.77743E+16
89186,9,1,89,154,2018,7,16,5,2,4,6,0,0,1,0,0,0,0,0,7.67911E+20,5.31586E+21,1.25876E+16,4.794E+16
89187,9,7,71,142,2018,7,14,6,3,1,6,0,0,1,0,0,0,0,0,6.45359E+20,5.35327E+21,1.09607E+16,4.83159E+16
89188,9,4,72,175,2018,7,7,3,3,8,1,0,0,0,0,0,0,1,0,6.79623E+20,5.52128E+21,1.1497E+16,4.98171E+16
89189,9,3,63,0,2018,7,7,4,3,1,5,0,1,0,0,0,0,1,0,7.28203E+20,5.50889E+21,1.21641E+16,4.96893E+16
89190,9,7,78,116,2018,7,15,7,1,5,3,0,0,1,0,0,1,0,0,6.20245E+20,5.32069E+21,1.06129E+16,4.80282E+16
89191,9,5,64,0,2018,7,13,4,3,0,6,0,0,1,0,1,0,0,0,6.5374E+20,5.47421E+21,1.11191E+16,4.94012E+16
89192,9,1,84,112,2018,7,13,4,3,3,7,0,1,0,0,0,0,0,0,7.02443E+20,5.33753E+21,1.17223E+16,4.81588E+16
89193,9,3,75,175,2018,7,13,6,2,4,1,0,1,1,0,0,0,0,0,7.18153E+20,5.43521E+21,1.19846E+16,4.90312E+16
89194,9,4,72,175,2018,7,7,3,3,4,3,0,0,1,0,0,0,0,0,6.83272E+20,5.51558E+21,1.1545E+16,4.97647E+16
89195,9,4,75,162,2018,7,17,7,3,5,3,0,1,1,0,0,0,0,0,7.16828E+20,5.57084E+21,1.20415E+16,5.02498E+16
89196,9,5,64,0,2018,7,17,5,3,2,6,0,0,1,0,0,0,0,0,6.53274E+20,5.47543E+21,1.11131E+16,4.94123E+16
89197,9,5,64,0,2018,7,11,4,3,3,6,0,0,1,0,0,1,0,0,6.5796E+20,5.47329E+21,1.11768E+16,4.93918E+16
89198,9,4,77,128,2018,7,12,3,3,4,1,0,0,1,0,0,0,0,0,6.69543E+20,5.56148E+21,1.13748E+16,5.01812E+16
89199,9,4,71,214,2018,7,12,3,3,2,6,0,0,1,0,0,1,0,0,6.40117E+20,5.5444E+21,1.09566E+16,5.00354E+16
89200,9,2,78,192,2018,7,10,5,3,2,2,0,0,1,0,0,1,0,0,7.70284E+20,5.41614E+21,1.26838E+16,4.88393E+16
89201,9,1,79,131,2018,7,15,6,3,2,2,0,1,1,0,0,0,0,0,6.59485E+20,5.33229E+21,1.11432E+16,4.81238E+16
89202,9,1,81,130,2018,7,19,7,3,3,2,0,1,1,0,0,0,0,0,6.38966E+20,5.32268E+21,1.08645E+16,4.80422E+16
89203,9,4,74,122,2018,7,18,3,3,3,6,0,0,1,0,1,0,0,0,6.51033E+20,5.50206E+21,1.10924E+16,4.96522E+16
89204,9,3,77,148,2018,7,15,4,3,0,2,0,0,1,0,0,0,1,0,7.15983E+20,5.53628E+21,1.20102E+16,4.99398E+16
89205,9,1,87,132,2018,7,20,1,3,1,6,0,0,1,0,0,0,0,0,7.45702E+20,5.29976E+21,1.22816E+16,4.78042E+16
89206,9,6,78,135,2018,7,16,4,3,5,3,0,0,1,0,1,0,0,0,5.94737E+20,5.54145E+21,1.03224E+16,5.00178E+16
89207,9,4,71,115,2018,7,11,3,2,5,3,0,0,1,0,0,0,1,0,6.3289E+20,5.53908E+21,1.08539E+16,4.99892E+16
89208,9,1,87,148,2018,7,15,6,3,1,1,0,0,1,0,1,0,0,0,7.39536E+20,5.27862E+21,1.21877E+16,4.76167E+16
89209,9,4,61,0,2018,7,9,3,3,2,6,0,1,1,0,0,0,0,0,6.35417E+20,5.52985E+21,1.08859E+16,4.99057E+16
89210,9,3,76,161,2018,7,17,5,3,5,3,0,0,1,0,1,0,0,0,7.25313E+20,5.4642E+21,1.20986E+16,4.9289E+16
89211,9,1,88,141,2018,7,19,6,3,3,6,0,0,1,0,1,0,0,0,6.69519E+20,5.30705E+21,1.12679E+16,4.78944E+16
89212,9,2,75,137,2018,7,13,1,3,8,1,0,0,0,0,1,0,0,0,8.37878E+20,5.38959E+21,1.35806E+16,4.85682E+16
89213,9,1,61,0,2018,7,12,7,3,4,2,0,0,1,0,0,0,0,0,6.79367E+20,5.40345E+21,1.14406E+16,4.87582E+16
89214,9,3,63,0,2018,7,17,3,3,4,2,0,0,1,0,1,0,0,0,7.27704E+20,5.50714E+21,1.21562E+16,4.96737E+16
89215,9,3,62,0,2018,7,12,4,3,2,6,0,0,1,0,1,0,0,0,7.27294E+20,5.43267E+21,1.21081E+16,4.90051E+16
89216,9,1,89,115,2018,7,20,1,2,0,7,1,1,0,0,0,0,0,0,7.6542E+20,5.33416E+21,1.25656E+16,4.81053E+16
89217,9,1,86,137,2018,7,18,5,3,2,6,0,0,1,0,0,0,0,0,6.81174E+20,5.3988E+21,1.14631E+16,4.87158E+16
89218,9,6,72,131,2018,7,10,6,2,2,2,0,0,1,0,1,0,0,0,5.88177E+20,5.56527E+21,1.02364E+16,5.0233E+16
89219,9,3,77,118,2018,7,17,3,3,9,1,0,0,1,0,0,0,0,0,7.22743E+20,5.5322E+21,1.21019E+16,4.99007E+16
89220,9,3,62,0,2018,7,8,4,3,3,7,0,0,1,0,1,0,0,0,7.29441E+20,5.43527E+21,1.21389E+16,4.90276E+16
89221,9,7,79,169,2018,7,21,7,3,4,6,2,0,1,0,0,0,0,0,6.30641E+20,5.40388E+21,1.07781E+16,4.87742E+16
89222,9,7,75,111,2018,7,12,4,3,3,7,0,0,1,0,1,0,0,0,5.83003E+20,5.33296E+21,1.01158E+16,4.81445E+16
89223,9,2,78,141,2018,7,11,6,1,2,6,0,0,1,0,0,1,0,0,7.59352E+20,5.42901E+21,1.25433E+16,4.89595E+16
89224,9,3,77,127,2018,7,4,3,3,7,7,1,0,0,0,1,0,0,0,7.06459E+20,5.53101E+21,1.18748E+16,4.98958E+16
89225,9,4,61,0,2018,7,11,7,3,0,7,0,1,0,0,0,0,0,0,6.37887E+20,5.52927E+21,1.09201E+16,4.98999E+16
89226,9,5,71,177,2018,7,17,5,3,4,2,0,0,1,0,0,0,0,0,6.24985E+20,5.4494E+21,1.07152E+16,4.91847E+16
89227,9,5,76,137,2018,7,22,4,3,4,2,2,0,1,0,0,0,0,0,6.50366E+20,5.46363E+21,1.10686E+16,4.93069E+16
89228,9,3,75,122,2018,7,6,3,3,8,1,0,0,1,0,0,0,0,0,7.11828E+20,5.44303E+21,1.19023E+16,4.91036E+16
89229,9,3,61,0,2018,7,14,3,2,4,2,0,0,1,0,0,0,0,0,7.06041E+20,5.4805E+21,1.18424E+16,4.94422E+16
89230,9,2,75,127,2018,7,6,5,2,5,3,0,0,1,0,0,0,0,0,8.09328E+20,5.40129E+21,1.32034E+16,4.86878E+16
89231,9,1,62,0,2018,7,12,5,3,1,2,0,0,1,0,0,0,0,0,6.82673E+20,5.33596E+21,1.14561E+16,4.81507E+16
89232,9,1,73,137,2018,7,22,6,3,0,6,2,0,1,0,0,0,0,0,6.79318E+20,5.30528E+21,1.13982E+16,4.78758E+16
89233,9,2,62,0,2018,7,6,3,3,2,6,0,0,1,0,0,0,0,0,8.30024E+20,5.3924E+21,1.34767E+16,4.85976E+16
89234,9,3,73,119,2018,7,15,4,2,5,3,0,0,1,0,0,0,0,0,6.86217E+20,5.45472E+21,1.15572E+16,4.9217E+16
89235,9,1,82,131,2018,7,17,1,2,0,7,0,1,0,0,0,0,0,0,7.14088E+20,5.29109E+21,1.18557E+16,4.77376E+16
89236,9,1,79,123,2018,7,1,5,2,5,3,2,0,1,0,0,0,0,0,6.7685E+20,5.33334E+21,1.13768E+16,4.81287E+16
89237,9,5,76,127,2018,7,11,6,3,5,3,0,0,1,0,0,0,0,0,6.59402E+20,5.45022E+21,1.11875E+16,4.9184E+16
89238,9,2,75,151,2018,7,11,3,2,5,3,0,0,1,0,1,0,0,0,8.19443E+20,5.39542E+21,1.33359E+16,4.86301E+16
89239,9,3,61,0,2018,7,12,4,2,1,7,0,1,1,0,0,0,0,0,7.08685E+20,5.48089E+21,1.1879E+16,4.94448E+16
89240,9,6,72,113,2018,7,19,7,3,8,1,0,0,1,0,0,0,0,1,5.55122E+20,5.57265E+21,9.77403E+15,5.03034E+16
89241,9,7,72,223,2018,7,9,5,2,3,2,0,0,0,0,1,0,1,0,6.18286E+20,5.36393E+21,1.05987E+16,4.84174E+16
89242,9,1,85,143,2018,7,17,5,3,2,6,0,0,0,0,1,0,1,0,6.63744E+20,5.38545E+21,1.12211E+16,4.86007E+16
89243,9,5,64,0,2018,7,14,6,3,2,6,0,0,1,0,0,0,0,0,6.5318E+20,5.47272E+21,1.11108E+16,4.93879E+16
89244,9,2,72,151,2018,7,11,3,3,5,3,0,0,1,0,0,0,0,0,8.41216E+20,5.40736E+21,1.36403E+16,4.87257E+16
89245,9,3,71,136,2018,7,18,4,1,2,6,0,0,1,0,1,0,0,0,7.11501E+20,5.47868E+21,1.19167E+16,4.94239E+16
89246,9,7,61,0,2018,7,19,7,3,2,1,0,0,1,0,0,0,0,0,6.41476E+20,5.35767E+21,1.09098E+16,4.83564E+16
89247,9,7,79,218,2018,7,19,5,3,5,3,0,0,1,0,0,0,0,0,6.25762E+20,5.39356E+21,1.07086E+16,4.86824E+16
89248,9,7,76,130,2018,7,10,4,3,0,1,0,1,0,0,0,0,0,0,5.54768E+20,5.27088E+21,9.72843E+15,4.7589E+16
89249,9,2,72,136,2018,7,7,6,3,1,1,0,0,1,0,1,1,0,0,8.49092E+20,5.4105E+21,1.37497E+16,4.87495E+16
89250,9,1,90,138,2018,7,23,3,3,9,7,2,1,0,0,0,0,0,0,6.60588E+20,5.31295E+21,1.11508E+16,4.79497E+16
89251,9,4,73,144,2018,7,16,5,2,8,1,0,0,1,0,0,0,0,0,6.39421E+20,5.57567E+21,1.09584E+16,5.03166E+16
89252,9,2,75,141,2018,7,15,7,3,8,1,0,0,1,0,0,0,0,0,8.23366E+20,5.37371E+21,1.33722E+16,4.84334E+16
89253,9,1,90,140,2018,7,17,3,3,8,1,0,0,0,0,1,0,0,0,6.47053E+20,5.3016E+21,1.09657E+16,4.78509E+16
89254,9,1,80,134,2018,7,15,3,3,0,6,0,1,0,0,1,0,0,0,6.6142E+20,5.28701E+21,1.11522E+16,4.77163E+16
89255,9,2,74,127,2018,7,16,5,3,2,3,0,1,1,0,0,0,0,0,7.35697E+20,5.39863E+21,1.22032E+16,4.86961E+16
89256,9,7,75,135,2018,7,13,5,3,2,6,0,0,1,0,0,0,0,0,5.76694E+20,5.3598E+21,1.00359E+16,4.83867E+16
89257,9,7,75,164,2018,7,15,6,3,0,7,0,0,0,0,1,0,0,0,5.86177E+20,5.34887E+21,1.01617E+16,4.82871E+16
89258,9,1,80,133,2018,7,6,3,3,5,3,0,0,1,0,0,0,0,0,6.66808E+20,5.28739E+21,1.12241E+16,4.77183E+16
89259,9,2,78,123,2018,7,16,4,1,4,1,0,0,1,0,0,1,0,0,7.53089E+20,5.41144E+21,1.2447E+16,4.88044E+16
89260,9,1,84,120,2018,7,13,1,3,9,1,0,0,1,0,0,0,0,0,6.8297E+20,5.33306E+21,1.14588E+16,4.81244E+16
89261,9,1,78,113,2018,7,19,5,3,2,6,0,0,1,0,0,1,1,0,6.91508E+20,5.36921E+21,1.15898E+16,4.84469E+16
89262,9,5,77,159,2018,7,11,6,2,4,2,0,0,0,0,1,0,1,0,6.32853E+20,5.4397E+21,1.08199E+16,4.90958E+16
89263,9,1,73,126,2018,7,5,3,3,3,3,1,0,1,0,0,1,0,0,6.83737E+20,5.30619E+21,1.14576E+16,4.78827E+16
89264,9,5,74,152,2018,7,21,7,1,2,6,2,0,1,0,0,0,0,0,6.61795E+20,5.48133E+21,1.12329E+16,4.94631E+16
89265,9,6,75,179,2018,7,13,5,3,8,7,0,0,0,0,1,0,0,0,5.90651E+20,5.50124E+21,1.0256E+16,4.96569E+16
89266,9,7,61,0,2018,7,20,4,3,3,1,2,1,1,0,0,0,0,0,6.44639E+20,5.35764E+21,1.09525E+16,4.83554E+16
89267,9,1,73,142,2018,7,18,3,3,3,6,0,1,0,0,0,0,0,0,6.75435E+20,5.28153E+21,1.13367E+16,4.76634E+16
89268,9,1,73,131,2018,7,18,6,2,4,3,0,0,0,0,1,0,1,0,6.73135E+20,5.27106E+21,1.1302E+16,4.75698E+16
89269,9,1,73,135,2018,7,11,3,3,6,7,0,1,0,1,0,0,0,0,6.9291E+20,5.28416E+21,1.15704E+16,4.7682E+16
89270,9,3,72,153,2018,7,11,5,2,4,6,0,0,1,0,0,0,1,0,7.57909E+20,5.45425E+21,1.25397E+16,4.91868E+16
89271,9,1,82,111,2018,7,13,6,2,0,1,0,1,0,0,0,0,0,0,7.03804E+20,5.28946E+21,1.17179E+16,4.77263E+16
89272,9,3,62,0,2018,7,10,1,3,1,6,0,0,1,0,0,0,0,0,7.26661E+20,5.43716E+21,1.21019E+16,4.90456E+16
89273,9,1,73,135,2018,7,12,7,3,2,6,0,0,0,0,1,0,0,0,6.92484E+20,5.28541E+21,1.15653E+16,4.76934E+16
89274,9,1,89,155,2018,7,9,3,3,2,6,0,0,1,0,0,0,0,0,7.72176E+20,5.30655E+21,1.26387E+16,4.78546E+16
89275,9,2,73,141,2018,7,16,1,2,8,1,0,0,1,0,0,0,0,0,7.23562E+20,5.41825E+21,1.20492E+16,4.88769E+16
89276,9,7,73,183,2018,7,21,4,3,0,1,2,1,0,0,0,0,0,0,6.06266E+20,5.38537E+21,1.04417E+16,4.86124E+16
89277,9,2,79,127,2018,7,12,6,3,8,6,0,0,0,0,1,0,0,0,7.5499E+20,5.40434E+21,1.24685E+16,4.87398E+16
89278,9,1,89,135,2018,7,8,3,3,1,6,0,0,1,0,0,1,0,0,7.87705E+20,5.3108E+21,1.28487E+16,4.7886E+16
89279,9,4,61,0,2018,7,14,5,3,1,6,0,0,1,0,1,0,0,0,6.37887E+20,5.52928E+21,1.09201E+16,4.99E+16
89280,9,2,79,135,2018,7,14,7,3,8,1,0,0,1,0,0,0,0,0,7.75474E+20,5.38459E+21,1.27334E+16,4.85538E+16
89281,9,1,72,116,2018,7,15,3,2,3,6,0,1,1,0,0,0,0,0,8.02031E+20,5.28443E+21,1.30215E+16,4.76427E+16
89282,9,2,79,127,2018,7,16,5,3,2,6,0,0,1,0,1,0,0,0,7.53078E+20,5.40209E+21,1.24411E+16,4.87205E+16
89283,9,7,80,128,2018,7,19,5,2,5,3,0,0,1,0,1,0,0,0,6.10234E+20,5.27692E+21,1.04675E+16,4.76363E+16
89284,9,7,80,121,2018,7,10,6,3,1,6,0,0,1,0,0,0,0,0,5.95675E+20,5.25668E+21,1.02693E+16,4.74565E+16
89285,9,1,71,111,2018,7,14,3,3,5,3,0,0,1,0,0,0,0,0,7.73938E+20,5.34856E+21,1.26891E+16,4.8231E+16
89286,9,2,78,148,2018,7,17,4,2,3,6,0,1,0,0,0,1,0,0,7.35121E+20,5.41036E+21,1.22021E+16,4.88017E+16
89287,9,1,62,0,2018,7,1,7,3,2,7,2,0,1,0,0,0,0,0,6.9215E+20,5.34236E+21,1.15863E+16,4.82054E+16
89288,9,1,78,143,2018,7,20,5,2,2,6,0,0,1,0,1,0,0,0,7.19604E+20,5.37335E+21,1.19715E+16,4.84749E+16
89289,9,4,73,121,2018,7,8,6,3,2,6,0,0,1,0,0,1,0,0,6.46292E+20,5.56535E+21,1.10508E+16,5.02222E+16
89290,9,1,82,133,2018,7,10,3,2,2,6,0,0,0,0,0,1,1,0,7.05063E+20,5.30734E+21,1.17431E+16,4.78866E+16
89291,9,5,74,117,2018,7,10,7,3,2,6,0,0,1,0,0,0,0,0,6.69657E+20,5.46585E+21,1.13347E+16,4.93218E+16
89292,9,7,75,129,2018,7,13,2,3,0,7,0,1,0,0,0,0,0,0,5.81906E+20,5.34223E+21,1.01029E+16,4.8228E+16
89293,9,6,76,121,2018,7,11,5,3,8,1,0,0,0,0,1,0,0,0,5.16207E+20,5.52223E+21,9.22546E+15,4.98523E+16
89294,9,6,74,149,2018,7,16,4,3,5,3,0,1,1,0,0,0,0,0,6.11485E+20,5.55496E+21,1.05601E+16,5.01364E+16
89295,9,1,84,114,2018,7,15,3,3,9,1,0,0,0,0,1,0,0,0,6.98016E+20,5.32261E+21,1.1656E+16,4.8026E+16
89296,9,1,71,121,2018,7,21,6,2,9,1,2,0,1,0,0,0,0,0,7.74394E+20,5.34597E+21,1.26936E+16,4.82076E+16
89297,9,1,87,118,2018,7,16,3,3,3,3,0,0,1,0,0,1,0,0,7.51715E+20,5.30125E+21,1.23626E+16,4.78153E+16
89298,9,3,73,140,2018,7,10,5,3,2,6,0,0,1,0,1,0,0,0,6.87017E+20,5.46802E+21,1.15744E+16,4.93362E+16
89299,9,1,76,112,2018,7,13,6,3,5,3,0,0,1,0,0,0,1,0,6.91299E+20,5.41701E+21,1.16091E+16,4.88765E+16
89300,9,2,76,120,2018,7,5,1,2,4,7,0,0,1,0,0,0,0,0,7.92071E+20,5.44497E+21,1.30007E+16,4.90882E+16
89301,9,1,71,125,2018,7,15,7,3,4,3,0,1,1,0,0,0,0,0,7.73327E+20,5.35013E+21,1.26819E+16,4.82454E+16
89302,9,1,87,159,2018,7,4,3,3,5,3,2,0,1,0,0,0,0,0,7.30894E+20,5.32354E+21,1.20968E+16,4.80234E+16
89303,9,2,63,0,2018,7,17,4,2,1,6,0,0,1,0,0,0,0,1,7.62436E+20,5.42226E+21,1.2581E+16,4.88976E+16
89304,9,1,73,135,2018,7,15,1,3,5,3,0,0,1,0,0,0,0,0,6.87415E+20,5.27027E+21,1.14913E+16,4.75588E+16
89305,9,1,87,125,2018,7,7,5,3,5,3,0,1,1,0,0,0,0,0,7.52542E+20,5.31353E+21,1.23808E+16,4.79253E+16
89306,9,7,71,149,2018,7,14,6,3,5,3,0,1,1,0,0,0,0,0,6.53035E+20,5.3643E+21,1.10682E+16,4.84133E+16
89307,9,1,87,181,2018,7,15,3,2,2,6,0,0,0,0,1,0,1,0,7.37042E+20,5.31201E+21,1.21728E+16,4.79176E+16
89308,9,2,75,148,2018,7,11,4,3,2,1,0,0,1,0,0,0,0,0,8.46478E+20,5.40282E+21,1.37078E+16,4.86821E+16
89309,9,7,80,123,2018,7,13,7,3,4,6,0,0,1,0,1,0,0,0,6.04505E+20,5.26279E+21,1.03879E+16,4.75101E+16
89310,9,1,62,0,2018,7,22,4,3,3,6,2,1,0,0,0,0,0,0,6.85125E+20,5.32893E+21,1.1486E+16,4.80867E+16
89311,9,1,90,152,2018,7,17,5,2,3,2,0,0,1,0,0,0,1,0,6.71449E+20,5.29956E+21,1.12908E+16,4.78265E+16
89312,9,7,77,121,2018,7,12,5,3,0,1,0,1,0,0,0,0,0,0,6.28098E+20,5.32153E+21,1.07184E+16,4.80342E+16
89313,9,7,79,155,2018,7,18,6,2,8,7,0,0,0,0,1,0,0,0,6.26208E+20,5.40571E+21,1.07184E+16,4.87916E+16
89314,9,1,82,119,2018,7,12,3,2,8,7,0,1,0,0,0,0,0,0,7.13078E+20,5.29214E+21,1.18427E+16,4.77474E+16
89315,9,7,74,116,2018,7,9,7,3,2,3,0,0,1,0,0,0,0,0,6.07659E+20,5.3479E+21,1.0451E+16,4.82752E+16
89316,9,1,62,0,2018,7,15,4,2,6,4,0,0,1,1,0,0,0,0,7.01818E+20,5.3322E+21,1.17114E+16,4.81111E+16
89317,9,4,74,123,2018,7,9,6,3,3,6,0,0,1,0,1,0,0,0,6.48362E+20,5.51257E+21,1.10595E+16,4.97473E+16
89318,9,1,87,169,2018,7,9,3,3,1,6,0,0,1,0,0,0,0,0,7.41402E+20,5.29858E+21,1.22236E+16,4.77953E+16
89319,9,5,75,127,2018,7,16,7,3,2,6,0,0,0,0,1,0,1,0,5.83341E+20,5.49124E+21,1.01526E+16,4.9568E+16
89320,9,5,62,0,2018,7,16,5,3,2,6,0,0,1,0,1,0,0,0,6.43938E+20,5.494E+21,1.09913E+16,4.95814E+16
89321,9,5,72,115,2018,7,16,4,3,1,6,0,0,1,0,0,0,0,0,6.46567E+20,5.50188E+21,1.10305E+16,4.96517E+16
89322,9,1,82,129,2018,7,7,3,3,5,2,0,1,1,0,0,0,0,0,7.07908E+20,5.28554E+21,1.17707E+16,4.76898E+16
89323,9,1,87,130,2018,7,14,3,3,3,6,0,1,1,0,0,0,0,0,7.11884E+20,5.30966E+21,1.18354E+16,4.79052E+16
89324,9,3,61,0,2018,7,15,5,3,5,3,0,1,1,0,0,0,0,0,7.07174E+20,5.47998E+21,1.18577E+16,4.94372E+16
89325,9,1,81,130,2018,7,9,6,2,0,1,0,1,0,0,0,0,0,0,6.40064E+20,5.32324E+21,1.08794E+16,4.80471E+16
89326,9,2,75,143,2018,7,16,1,3,3,6,0,0,1,0,1,0,0,0,8.10335E+20,5.36975E+21,1.31936E+16,4.84044E+16
89327,9,1,76,123,2018,7,13,7,2,0,1,0,0,0,0,1,0,0,0,6.5794E+20,5.41904E+21,1.11553E+16,4.89042E+16
89328,9,1,86,137,2018,7,14,3,3,5,3,0,0,1,0,1,1,0,0,6.82982E+20,5.39817E+21,1.14874E+16,4.87097E+16
89329,9,1,89,162,2018,7,3,1,3,1,6,2,1,1,0,0,0,0,0,7.78982E+20,5.318E+21,1.27369E+16,4.79544E+16
89330,9,1,61,0,2018,7,14,5,3,5,3,0,0,1,0,0,0,0,0,6.76026E+20,5.40866E+21,1.13974E+16,4.8806E+16
89331,9,6,62,0,2018,7,16,6,3,1,5,0,1,0,0,1,0,0,0,5.87498E+20,5.54357E+21,1.02219E+16,5.0038E+16
89332,9,1,76,143,2018,7,11,3,3,3,3,0,0,1,0,0,1,0,0,6.81046E+20,5.40954E+21,1.14661E+16,4.88125E+16
89333,9,7,72,131,2018,7,15,7,3,0,5,0,0,1,0,1,0,0,0,6.17763E+20,5.35593E+21,1.05894E+16,4.83455E+16
89334,9,7,74,162,2018,7,15,4,3,5,2,0,0,0,0,1,0,1,0,6.01943E+20,5.35221E+21,1.0375E+16,4.83148E+16
89335,9,2,71,125,2018,7,14,6,3,3,6,0,0,1,0,1,0,0,0,7.98393E+20,5.40675E+21,1.30592E+16,4.87422E+16
89336,9,1,76,126,2018,7,8,3,2,5,3,0,1,1,0,0,0,0,0,6.74541E+20,5.40652E+21,1.13763E+16,4.87872E+16
89337,9,4,79,152,2018,7,9,5,3,1,6,0,0,0,0,0,1,0,0,7.20466E+20,5.55955E+21,1.20859E+16,5.01471E+16
89338,9,2,78,139,2018,7,15,7,3,2,6,0,0,1,0,0,0,0,0,7.71404E+20,5.42651E+21,1.27059E+16,4.89319E+16
89339,9,1,76,167,2018,7,7,3,3,2,6,0,0,1,0,1,0,0,0,6.77132E+20,5.40981E+21,1.1413E+16,4.8816E+16
89340,9,1,61,0,2018,7,14,3,2,5,3,0,1,1,0,0,0,0,0,6.76103E+20,5.40863E+21,1.13984E+16,4.88057E+16
89341,9,3,71,118,2018,7,19,6,3,2,3,0,0,1,0,0,0,0,0,7.15503E+20,5.47692E+21,1.19708E+16,4.94068E+16
89342,9,1,85,143,2018,7,12,3,3,0,1,0,1,0,0,0,0,0,0,6.63111E+20,5.38599E+21,1.12127E+16,4.86057E+16
89343,9,4,72,154,2018,7,23,7,3,8,1,2,0,0,0,0,0,1,0,6.69406E+20,5.53442E+21,1.13609E+16,4.99381E+16
89344,9,5,64,0,2018,7,6,5,3,2,6,0,1,1,0,0,0,0,0,6.47595E+20,5.47933E+21,1.10363E+16,4.94487E+16
89345,9,5,62,0,2018,7,3,4,3,5,3,2,1,1,0,0,0,0,0,6.46636E+20,5.49571E+21,1.10292E+16,4.95962E+16
89346,9,1,85,143,2018,7,18,3,1,8,1,0,0,1,0,0,0,0,0,6.64228E+20,5.38437E+21,1.12272E+16,4.85908E+16
89347,9,1,61,0,2018,7,17,3,3,2,6,0,0,1,0,0,0,0,0,6.74979E+20,5.40531E+21,1.13817E+16,4.87761E+16
89348,9,2,71,149,2018,7,16,5,3,8,1,0,0,0,0,1,0,0,0,8.11097E+20,5.41285E+21,1.32361E+16,4.87907E+16
89349,9,1,74,126,2018,7,13,6,3,1,6,0,0,1,0,0,0,0,0,6.83306E+20,5.34428E+21,1.14682E+16,4.82252E+16
89350,9,1,78,142,2018,7,15,7,3,0,6,0,1,1,0,0,0,0,0,7.10634E+20,5.37762E+21,1.18524E+16,4.85163E+16
89351,9,1,86,162,2018,7,17,3,3,8,1,0,0,0,0,1,0,0,0,6.9805E+20,5.38933E+21,1.16878E+16,4.86257E+16
89352,9,1,87,118,2018,7,16,1,3,2,6,0,0,1,0,0,0,0,0,7.51378E+20,5.30294E+21,1.23591E+16,4.78306E+16
89353,9,1,85,153,2018,7,12,5,2,1,6,0,0,1,0,0,0,0,0,6.53072E+20,5.40165E+21,1.10824E+16,4.87491E+16
89354,9,5,65,0,2018,7,9,6,3,2,6,0,0,1,0,0,0,0,0,6.49636E+20,5.46646E+21,1.10596E+16,4.93325E+16
89355,9,1,76,123,2018,7,9,3,3,0,2,0,1,1,0,0,0,0,0,6.59628E+20,5.41802E+21,1.11779E+16,4.88945E+16
89356,9,6,75,174,2018,7,13,7,2,9,1,0,0,0,0,1,0,0,0,5.88044E+20,5.52292E+21,1.02248E+16,4.98523E+16
89357,9,7,73,147,2018,7,20,5,3,9,1,1,0,1,0,0,0,0,0,6.06213E+20,5.39041E+21,1.04423E+16,4.86577E+16
89358,9,7,62,0,2018,7,17,4,3,0,1,0,0,0,0,1,0,0,1,6.22675E+20,5.30646E+21,1.06414E+16,4.78998E+16
89359,9,2,73,172,2018,7,8,6,3,5,3,0,0,1,0,0,0,0,0,7.11468E+20,5.40154E+21,1.18759E+16,4.8731E+16
89360,9,1,76,160,2018,7,7,3,2,2,1,0,0,1,0,0,0,0,0,6.56874E+20,5.42013E+21,1.11412E+16,4.89143E+16
89361,9,4,74,121,2018,7,18,5,3,5,3,0,0,1,0,0,0,0,0,6.55483E+20,5.51439E+21,1.1159E+16,4.97619E+16