OBJECTID_1,ULAND,UREGBEZ,UKREIS,UGEMEINDE,UJAHR,UMONAT,USTUNDE,UWOCHENTAG,UKATEGORIE,UART,UTYP1,ULICHTVERH,IstRad,IstPKW,IstFuss,IstKrad,IstGkfz,IstSonstig,STRZUSTAND,LINREFX,LINREFY,XGCSWGS84,YGCSWGS84
89362,9,2,77,111,2018,7,17,7,3,8,1,0,0,0,0,1,0,0,0,7.7923E+20,5.38312E+21,1.27832E+16,4.85389E+16
89363,9,1,76,123,2018,7,9,3,3,5,3,0,0,1,0,1,0,0,0,6.6146E+20,5.41892E+21,1.12032E+16,4.89021E+16
89364,9,1,74,141,2018,7,12,3,3,0,1,0,1,0,0,0,0,0,0,6.85026E+20,5.35769E+21,1.14972E+16,4.83453E+16
89365,9,2,73,116,2018,7,9,5,3,2,6,0,0,1,0,0,0,0,0,7.25456E+20,5.41989E+21,1.20759E+16,4.88909E+16
89366,9,7,75,135,2018,7,19,5,3,3,6,0,0,1,0,0,1,0,0,5.75845E+20,5.35978E+21,1.00244E+16,4.83867E+16
89367,9,7,75,111,2018,7,9,6,3,6,2,0,0,0,1,1,0,0,0,5.82768E+20,5.33504E+21,1.01131E+16,4.81632E+16
89368,9,1,84,131,2018,7,8,3,3,2,6,0,0,1,0,0,0,0,0,7.04092E+20,5.33806E+21,1.17448E+16,4.8163E+16
89369,9,1,79,123,2018,7,0,1,3,5,3,2,0,1,0,0,0,0,0,6.75956E+20,5.33356E+21,1.13649E+16,4.81309E+16
89370,9,5,76,127,2018,7,17,4,2,0,5,0,1,1,0,0,0,0,0,6.59323E+20,5.45007E+21,1.11863E+16,4.91827E+16
89371,9,1,75,111,2018,7,8,5,3,7,7,0,0,1,0,0,0,0,0,7.10717E+20,5.33831E+21,1.18339E+16,4.8163E+16
89372,9,2,75,119,2018,7,12,5,3,5,3,0,0,1,0,0,0,0,0,8.32575E+20,5.40043E+21,1.35176E+16,4.86682E+16
89373,9,1,62,0,2018,7,20,5,2,0,7,0,1,0,0,0,0,0,0,6.94543E+20,5.33468E+21,1.16149E+16,4.81356E+16
89374,9,1,84,142,2018,7,10,6,2,2,6,0,1,1,0,0,0,0,0,6.8392E+20,5.31733E+21,1.14648E+16,4.79828E+16
89375,9,1,75,111,2018,7,14,3,3,5,3,0,0,1,0,1,0,0,0,7.12312E+20,5.33811E+21,1.18552E+16,4.81608E+16
89376,9,1,86,146,2018,7,7,1,3,8,1,0,0,1,0,0,0,0,0,6.84687E+20,5.37072E+21,1.14984E+16,4.84625E+16
89377,9,1,79,121,2018,7,18,5,3,0,1,0,1,0,0,0,0,0,0,6.67374E+20,5.33837E+21,1.12515E+16,4.81765E+16
89378,9,5,74,132,2018,7,11,6,3,1,6,0,0,1,0,0,0,0,0,6.76341E+20,5.48629E+21,1.14357E+16,4.95036E+16
89379,9,1,75,133,2018,7,17,3,3,5,3,0,1,0,0,0,0,1,0,7.06535E+20,5.34098E+21,1.1779E+16,4.81885E+16
89380,9,6,71,155,2018,7,22,7,3,5,3,2,0,1,0,0,0,0,0,5.05777E+20,5.53403E+21,9.08054E+15,4.99586E+16
89381,9,6,79,117,2018,7,6,5,3,5,3,0,0,1,0,0,0,0,0,5.7715E+20,5.53076E+21,1.00748E+16,4.99242E+16
89382,9,7,72,141,2018,7,15,4,3,2,6,0,1,1,0,0,0,0,0,6.22804E+20,5.34991E+21,1.06556E+16,4.82905E+16
89383,9,1,90,159,2018,7,12,6,3,5,3,0,0,1,0,0,0,1,0,6.62441E+20,5.30453E+21,1.11724E+16,4.78735E+16
89384,9,1,78,145,2018,7,20,3,3,5,3,0,1,1,0,0,0,0,0,7.0022E+20,5.35462E+21,1.17006E+16,4.8313E+16
89385,9,3,74,134,2018,7,8,5,3,9,1,0,0,1,0,0,0,0,0,7.18234E+20,5.50482E+21,1.20238E+16,4.96564E+16
89386,9,1,87,129,2018,7,9,6,3,4,6,0,0,0,0,0,0,1,0,7.26157E+20,5.29909E+21,1.20206E+16,4.78054E+16
89387,9,1,62,0,2018,7,18,7,3,2,6,0,0,1,0,0,0,0,0,6.85338E+20,5.32997E+21,1.14893E+16,4.8096E+16
89388,9,1,62,0,2018,7,17,2,3,2,6,0,0,1,0,1,0,0,0,6.9379E+20,5.33698E+21,1.16059E+16,4.81565E+16
89389,9,2,79,130,2018,7,8,5,3,5,3,0,0,1,0,0,0,0,0,7.48925E+20,5.3879E+21,1.23762E+16,4.85946E+16
89390,9,7,77,159,2018,7,13,5,3,9,1,0,0,1,0,0,0,0,0,6.18501E+20,5.27193E+21,1.05762E+16,4.75899E+16
89391,9,7,76,126,2018,7,14,6,3,2,6,0,0,1,0,0,0,0,0,5.55373E+20,5.26982E+21,9.73634E+15,4.75794E+16
89392,9,1,84,127,2018,7,8,2,3,5,2,0,0,1,0,0,0,0,0,7.01995E+20,5.32163E+21,1.17088E+16,4.8016E+16
89393,9,7,75,135,2018,7,18,7,3,4,3,0,0,1,0,0,0,0,0,5.79176E+20,5.35745E+21,1.0069E+16,4.83653E+16
89394,9,1,84,142,2018,7,18,4,3,2,6,0,1,0,0,0,0,0,0,6.83572E+20,5.31862E+21,1.14607E+16,4.79945E+16
89395,9,4,72,119,2018,7,18,6,2,8,1,0,0,1,0,0,0,0,0,6.89033E+20,5.53927E+21,1.16365E+16,4.99758E+16
89396,9,7,75,152,2018,7,7,2,2,8,1,0,0,1,0,0,0,0,0,5.77937E+20,5.35404E+21,1.00516E+16,4.83347E+16
89397,9,5,77,162,2018,7,6,7,3,2,6,0,1,1,0,0,0,0,0,6.23936E+20,5.41938E+21,1.06916E+16,4.8915E+16
89398,9,7,80,143,2018,7,6,2,3,8,1,0,0,1,0,0,0,0,1,5.93101E+20,5.28041E+21,1.02402E+16,4.76704E+16
89399,9,6,61,0,2018,7,7,5,3,5,2,0,1,1,0,0,0,0,0,5.11266E+20,5.53563E+21,9.15711E+15,4.99729E+16
89400,9,6,72,163,2018,7,5,4,3,7,7,1,0,0,0,1,0,0,0,5.54517E+20,5.57526E+21,9.76591E+15,5.03269E+16
89401,9,1,87,125,2018,7,7,6,3,5,3,0,0,1,0,0,0,0,0,7.52151E+20,5.31176E+21,1.23745E+16,4.79096E+16
89402,9,2,75,114,2018,7,16,4,3,5,3,0,0,1,0,0,0,0,0,7.99255E+20,5.38985E+21,1.30586E+16,4.85902E+16
89403,9,3,72,143,2018,7,12,5,3,5,3,0,0,1,0,0,1,0,0,7.74235E+20,5.45193E+21,1.27617E+16,4.91588E+16
89404,9,1,62,0,2018,7,18,6,3,2,6,0,0,1,0,0,0,0,0,6.85725E+20,5.33321E+21,1.14959E+16,4.8125E+16
89405,9,7,80,128,2018,7,13,2,2,2,6,0,1,0,0,0,0,0,0,6.02669E+20,5.27604E+21,1.03666E+16,4.76297E+16
89406,9,2,77,140,2018,7,18,3,3,9,1,0,0,0,0,1,0,0,0,7.9215E+20,5.36038E+21,1.29419E+16,4.8329E+16
89407,9,7,80,133,2018,7,15,2,3,4,6,0,1,0,0,0,0,0,0,5.95725E+20,5.253E+21,1.02692E+16,4.74234E+16
89408,9,7,76,116,2018,7,13,2,3,5,3,0,0,1,0,1,0,0,0,5.5297E+20,5.26817E+21,9.7042E+15,4.75648E+16
89409,9,7,62,0,2018,7,15,2,3,3,2,0,1,1,0,0,0,0,0,6.2075E+20,5.30445E+21,1.06151E+16,4.7882E+16
89410,9,7,78,173,2018,7,15,3,3,5,3,0,0,1,0,0,0,0,0,6.12317E+20,5.32249E+21,1.0507E+16,4.80458E+16
89411,9,7,77,154,2018,7,13,2,3,4,6,0,0,1,0,1,0,0,0,6.07085E+20,5.30051E+21,1.04314E+16,4.7849E+16
89412,9,5,71,127,2018,7,20,3,2,8,1,0,0,1,0,0,0,0,0,6.1666E+20,5.45485E+21,1.06026E+16,4.92353E+16
89413,9,7,77,169,2018,7,18,2,1,3,6,0,1,1,0,0,0,0,0,6.31791E+20,5.27136E+21,1.07527E+16,4.75823E+16
89414,9,2,73,116,2018,7,5,3,3,0,7,1,1,0,0,0,0,0,0,7.27424E+20,5.41824E+21,1.21018E+16,4.88754E+16
89415,9,7,77,121,2018,7,16,2,3,0,1,0,0,0,0,1,0,0,0,6.28164E+20,5.32156E+21,1.07193E+16,4.80345E+16
89416,9,7,79,148,2018,7,8,2,3,5,3,0,0,1,0,0,0,0,0,6.27521E+20,5.41211E+21,1.07382E+16,4.88489E+16
89417,9,7,79,186,2018,7,16,3,3,3,2,0,1,1,0,0,0,0,0,6.35853E+20,5.41124E+21,1.08515E+16,4.88393E+16
89418,9,7,72,151,2018,7,14,2,3,0,1,0,0,0,0,1,0,0,0,6.31962E+20,5.342E+21,1.07765E+16,4.82175E+16
89419,9,7,71,130,2018,7,21,2,3,8,1,2,0,0,0,1,0,0,0,6.45045E+20,5.35852E+21,1.09583E+16,4.83632E+16
89420,9,7,62,0,2018,7,9,3,2,8,3,0,0,0,0,1,0,0,0,6.22061E+20,5.30436E+21,1.06326E+16,4.78809E+16
89421,9,1,83,122,2018,7,16,3,2,4,6,0,0,1,0,0,0,0,0,7.51317E+20,5.34008E+21,1.238E+16,4.81642E+16
89422,9,6,79,146,2018,7,14,2,2,0,6,0,0,1,0,1,0,0,0,5.59172E+20,5.51645E+21,9.8222E+15,4.97976E+16
89423,9,1,86,137,2018,7,1,3,3,2,6,2,0,1,0,0,0,0,0,6.8248E+20,5.39909E+21,1.1481E+16,4.87181E+16
89424,9,4,74,158,2018,7,10,3,3,5,2,0,0,1,0,0,0,0,0,6.50357E+20,5.50648E+21,1.10848E+16,4.96921E+16
89425,9,6,63,0,2018,7,14,2,3,8,7,0,0,1,0,0,0,0,0,5.68765E+20,5.51667E+21,9.95553E+15,4.97985E+16
89426,9,6,77,120,2018,7,7,2,3,2,6,0,0,1,0,0,0,0,0,5.36348E+20,5.52396E+21,9.50579E+15,4.9867E+16
89427,9,6,77,131,2018,7,10,2,3,4,6,0,0,1,0,0,0,1,0,5.50527E+20,5.5442E+21,9.70573E+15,5.0048E+16
89428,9,6,79,176,2018,7,14,3,2,2,6,0,0,1,0,0,1,0,0,5.67852E+20,5.50496E+21,9.94081E+15,4.96933E+16
89429,9,6,74,149,2018,7,12,2,3,0,2,0,0,1,0,0,0,1,0,6.10316E+20,5.55641E+21,1.05441E+16,5.01497E+16
89430,9,3,72,117,2018,7,16,3,3,1,6,0,0,1,0,0,0,0,0,7.72642E+20,5.45673E+21,1.27431E+16,4.92027E+16
89431,9,6,74,184,2018,7,15,2,3,5,3,0,1,1,0,0,0,0,0,6.23478E+20,5.55792E+21,1.07287E+16,5.01606E+16
89432,9,3,63,0,2018,7,10,3,3,2,6,0,0,1,0,0,0,0,0,7.26693E+20,5.50455E+21,1.21407E+16,4.96508E+16
89433,9,6,72,140,2018,7,15,2,1,5,3,0,0,1,0,0,0,0,0,5.82459E+20,5.55909E+21,1.01549E+16,5.01782E+16
89434,9,6,78,132,2018,7,4,2,2,8,1,2,0,1,0,0,0,0,0,5.82445E+20,5.54591E+21,1.01518E+16,5.00598E+16
89435,9,1,84,112,2018,8,6,4,3,2,6,0,0,1,0,0,0,0,0,7.02556E+20,5.34003E+21,1.17251E+16,4.81812E+16
89436,9,6,76,136,2018,7,12,2,3,2,6,0,0,1,0,0,0,0,0,5.16202E+20,5.52768E+21,9.22561E+15,4.99013E+16
89437,9,6,61,0,2018,7,21,2,3,0,7,1,0,1,0,0,0,0,0,5.07878E+20,5.53496E+21,9.10985E+15,4.99669E+16
89438,9,6,62,0,2018,7,9,3,2,5,3,0,0,1,0,0,0,0,0,5.87849E+20,5.5447E+21,1.0227E+16,5.00481E+16
89439,9,5,72,142,2018,7,15,2,3,5,3,0,1,1,0,0,0,0,0,6.44669E+20,5.50049E+21,1.10038E+16,4.96396E+16
89440,9,2,76,138,2018,7,18,3,3,1,6,0,0,1,0,0,0,0,0,7.97688E+20,5.43378E+21,1.30692E+16,4.89851E+16
89441,9,5,65,0,2018,7,17,2,3,5,2,0,0,1,0,0,0,0,0,6.46897E+20,5.46582E+21,1.10217E+16,4.93274E+16
89442,9,5,64,0,2018,7,6,2,3,5,2,0,0,1,0,0,0,0,0,6.47207E+20,5.48714E+21,1.10339E+16,4.9519E+16
89443,9,5,64,0,2018,7,19,2,3,2,6,0,0,0,0,1,1,0,0,6.52348E+20,5.48205E+21,1.11029E+16,4.9472E+16
89444,9,7,75,139,2018,7,11,3,3,2,6,0,0,1,0,0,0,1,0,5.78588E+20,5.36732E+21,1.00629E+16,4.84541E+16
89445,9,5,64,0,2018,7,13,2,1,4,1,0,0,1,0,0,0,0,0,6.57529E+20,5.47437E+21,1.11713E+16,4.94016E+16
89446,9,5,73,120,2018,7,9,2,2,5,3,0,0,0,0,1,1,0,0,6.29266E+20,5.48282E+21,1.07847E+16,4.94842E+16
89447,9,5,77,161,2018,7,13,2,2,1,6,0,0,1,0,0,1,1,0,6.44515E+20,5.4399E+21,1.09796E+16,4.9095E+16
89448,9,1,62,0,2018,7,10,3,3,3,2,0,1,0,0,0,0,0,0,6.9373E+20,5.33978E+21,1.16063E+16,4.81817E+16
89449,9,5,71,166,2018,7,14,2,2,2,2,0,0,1,0,0,0,0,0,6.0624E+20,5.4522E+21,1.04588E+16,4.92133E+16
89450,9,4,64,0,2018,7,0,2,3,2,6,2,0,1,0,0,0,0,0,7.08037E+20,5.57772E+21,1.19222E+16,5.03148E+16
89451,9,5,74,117,2018,7,19,3,3,3,6,0,1,1,0,0,0,0,0,6.68771E+20,5.4679E+21,1.13234E+16,4.93405E+16
89452,9,4,78,120,2018,7,15,2,3,2,1,0,0,1,0,0,0,0,0,6.41399E+20,5.54974E+21,1.09765E+16,5.00831E+16
89453,9,1,61,0,2018,7,10,3,3,5,3,0,1,1,0,0,0,0,0,6.79365E+20,5.40432E+21,1.1441E+16,4.8766E+16
89454,9,2,62,0,2018,7,16,3,3,5,2,0,1,1,0,0,0,0,0,8.26111E+20,5.38948E+21,1.34215E+16,4.85734E+16
89455,9,4,76,184,2018,7,21,2,2,0,7,1,1,0,0,0,0,0,0,6.77001E+20,5.57075E+21,1.14835E+16,5.02623E+16
89456,9,4,77,136,2018,7,15,2,3,4,1,0,0,1,0,1,0,0,0,6.70392E+20,5.55411E+21,1.13834E+16,5.01147E+16
89457,9,4,77,128,2018,7,14,2,3,6,4,0,0,0,1,1,0,0,0,6.75127E+20,5.55326E+21,1.14491E+16,5.01057E+16
89458,9,7,80,119,2018,7,6,3,1,9,1,1,0,1,0,0,0,0,0,5.9816E+20,5.29454E+21,1.03108E+16,4.77968E+16
89459,9,1,84,114,2018,7,12,3,2,2,6,0,0,1,0,0,0,0,0,7.00543E+20,5.31633E+21,1.16869E+16,4.79688E+16
89460,9,4,77,142,2018,7,8,2,3,2,6,0,0,1,0,0,0,0,0,6.78397E+20,5.54576E+21,1.14913E+16,5.00373E+16
89461,9,1,86,152,2018,7,0,3,3,8,1,2,0,1,0,0,0,0,0,6.94388E+20,5.37619E+21,1.1632E+16,4.85087E+16
89462,9,4,76,185,2018,7,18,3,3,4,6,0,0,1,0,0,0,0,0,6.67359E+20,5.56368E+21,1.13452E+16,5.02016E+16
89463,9,4,62,0,2018,7,19,2,3,6,3,0,0,1,1,0,0,0,0,6.83333E+20,5.5348E+21,1.15549E+16,4.99374E+16
89464,9,1,80,124,2018,7,16,3,2,5,3,0,1,1,0,0,0,0,0,6.65879E+20,5.28003E+21,1.1209E+16,4.76524E+16
89465,9,5,77,159,2018,7,17,3,3,2,2,0,0,1,0,1,0,0,0,6.33144E+20,5.44245E+21,1.08248E+16,4.91205E+16
89466,9,4,62,0,2018,7,19,2,3,0,7,0,1,0,0,0,0,0,0,6.83711E+20,5.53515E+21,1.15604E+16,4.99404E+16
89467,9,2,74,176,2018,7,16,3,3,0,1,0,1,0,0,0,0,0,0,7.21945E+20,5.39967E+21,1.20172E+16,4.87105E+16
89468,9,4,74,126,2018,7,8,2,3,3,6,0,0,1,0,0,1,0,0,6.48722E+20,5.50685E+21,1.10623E+16,4.96958E+16
89469,9,4,74,126,2018,7,9,2,3,0,7,0,0,0,0,1,0,0,1,6.49213E+20,5.50945E+21,1.10701E+16,4.97191E+16
89470,9,4,74,171,2018,7,10,2,3,4,6,0,0,1,0,0,0,0,0,6.54368E+20,5.51317E+21,1.1143E+16,4.97512E+16
89471,9,7,77,147,2018,7,19,3,3,0,6,0,1,0,0,0,0,0,0,6.34726E+20,5.28458E+21,1.07957E+16,4.77005E+16
89472,9,1,87,150,2018,7,17,3,3,4,6,0,0,1,0,0,0,0,0,7.25366E+20,5.3031E+21,1.20121E+16,4.78417E+16
89473,9,3,74,133,2018,7,12,2,2,8,1,0,0,1,0,0,0,0,0,7.27094E+20,5.49828E+21,1.21426E+16,4.95944E+16
89474,9,4,71,145,2018,7,9,3,3,5,3,0,0,1,0,0,1,0,0,6.44663E+20,5.52104E+21,1.10113E+16,4.98243E+16
89475,9,3,77,116,2018,7,11,2,3,0,7,0,0,0,0,1,0,0,0,7.16426E+20,5.52364E+21,1.20093E+16,4.98261E+16
89476,9,3,75,115,2018,7,18,2,3,8,7,0,0,1,0,0,0,0,0,7.42142E+20,5.41851E+21,1.23024E+16,4.88722E+16
89477,9,1,79,123,2018,8,6,4,3,2,6,0,0,0,0,0,1,1,0,6.77263E+20,5.33205E+21,1.13818E+16,4.8117E+16
89478,9,3,73,134,2018,7,17,2,3,5,3,0,0,1,0,0,0,0,0,7.054E+20,5.45144E+21,1.18186E+16,4.91813E+16
89479,9,3,76,169,2018,7,14,2,2,4,6,0,0,1,0,0,1,0,0,7.26701E+20,5.47849E+21,1.21258E+16,4.94168E+16
89480,9,3,61,0,2018,7,12,2,3,5,2,0,1,1,0,0,0,0,0,7.08598E+20,5.48028E+21,1.18775E+16,4.94393E+16
89481,9,2,76,144,2018,7,16,2,2,5,3,0,0,1,0,1,0,0,0,7.84348E+20,5.44229E+21,1.28933E+16,4.90677E+16
89482,9,7,72,215,2018,7,18,3,3,0,1,0,0,0,0,1,0,0,0,6.33413E+20,5.34524E+21,1.07971E+16,4.82464E+16
89483,9,2,63,0,2018,7,12,2,3,5,3,0,1,1,0,0,0,0,0,7.61368E+20,5.42032E+21,1.25652E+16,4.88807E+16
89484,9,3,75,179,2018,7,16,3,2,2,7,0,0,1,0,0,0,1,0,7.32281E+20,5.42893E+21,1.2174E+16,4.89695E+16
89485,9,2,71,143,2018,7,22,2,3,3,1,2,0,1,0,1,0,0,0,7.77846E+20,5.40816E+21,1.27812E+16,4.87644E+16
89486,9,2,71,119,2018,7,11,2,3,5,3,0,1,1,0,0,0,0,0,7.9067E+20,5.41603E+21,1.29609E+16,4.88291E+16
89487,9,1,75,135,2018,8,9,4,3,2,6,0,0,1,0,0,0,0,0,7.0853E+20,5.3391E+21,1.18049E+16,4.81709E+16
89488,9,2,71,119,2018,7,8,2,3,3,6,0,0,1,0,0,0,0,0,7.90381E+20,5.41687E+21,1.29576E+16,4.88368E+16
89489,9,2,78,197,2018,7,17,2,1,8,7,0,0,0,0,1,0,0,0,7.58723E+20,5.44086E+21,1.25423E+16,4.90662E+16
89490,9,1,76,123,2018,7,20,3,2,4,2,0,0,1,0,1,0,0,0,6.62081E+20,5.41801E+21,1.12113E+16,4.88938E+16
89491,9,1,89,124,2018,7,19,3,3,0,3,0,1,1,0,0,0,0,0,7.80581E+20,5.29767E+21,1.27451E+16,4.77712E+16
89492,9,5,76,113,2018,7,15,3,3,2,6,0,0,1,0,0,0,0,0,6.61087E+20,5.4587E+21,1.1214E+16,4.92598E+16
89493,9,2,78,189,2018,7,2,2,2,9,7,2,0,1,0,0,0,0,0,7.67084E+20,5.43865E+21,1.2655E+16,4.90428E+16
89494,9,2,75,128,2018,7,1,3,3,1,6,2,0,1,0,0,0,1,0,8.29844E+20,5.39992E+21,1.34802E+16,4.86651E+16
89495,9,6,73,156,2018,7,19,3,3,3,6,0,0,1,0,1,0,0,0,5.91387E+20,5.57612E+21,1.0284E+16,5.03301E+16
89496,9,2,75,134,2018,7,16,2,3,5,3,0,0,1,0,0,0,1,0,8.25325E+20,5.37465E+21,1.33993E+16,4.84408E+16
89497,9,3,76,149,2018,7,7,3,3,2,1,0,0,1,0,0,0,0,0,7.30622E+20,5.45806E+21,1.2168E+16,4.92319E+16
89498,9,2,62,0,2018,7,8,2,3,3,6,0,0,1,0,0,1,0,0,8.29265E+20,5.39011E+21,1.34646E+16,4.85774E+16
89499,9,2,72,127,2018,7,18,2,2,4,2,0,0,1,0,0,0,0,0,8.28933E+20,5.42019E+21,1.34841E+16,4.88473E+16
89500,9,1,84,114,2018,7,16,3,3,4,2,0,0,1,0,0,0,0,0,7.00965E+20,5.32285E+21,1.16956E+16,4.80273E+16
89501,9,2,74,126,2018,7,14,2,3,2,6,0,0,1,0,0,1,0,0,7.34318E+20,5.38614E+21,1.21774E+16,4.85845E+16
89502,9,2,74,134,2018,7,12,2,3,2,6,0,0,1,0,0,0,0,0,7.39514E+20,5.37463E+21,1.22412E+16,4.84791E+16
89503,9,1,62,0,2018,7,16,3,3,2,6,0,0,1,0,0,0,0,0,6.85952E+20,5.33329E+21,1.1499E+16,4.81257E+16
89504,9,5,64,0,2018,7,13,3,2,6,4,0,0,1,1,0,0,0,0,6.50917E+20,5.46797E+21,1.10778E+16,4.93457E+16
89505,9,2,73,165,2018,7,9,2,3,3,6,0,0,1,0,0,1,0,0,7.1442E+20,5.40842E+21,1.19196E+16,4.87918E+16
89506,9,1,86,152,2018,7,9,3,3,9,1,0,0,1,0,0,0,0,0,6.9114E+20,5.37566E+21,1.15878E+16,4.85049E+16
89507,9,2,75,141,2018,7,10,3,3,0,1,0,1,0,0,0,0,0,0,8.18817E+20,5.36824E+21,1.33067E+16,4.83867E+16
89508,9,2,61,0,2018,7,13,2,3,5,3,0,0,1,0,0,0,0,0,7.30197E+20,5.38089E+21,1.21187E+16,4.85389E+16
89509,9,2,73,141,2018,7,8,2,2,1,2,0,1,1,0,0,0,0,0,7.27193E+20,5.41517E+21,1.2097E+16,4.88479E+16
89510,9,2,79,124,2018,7,19,2,3,0,7,0,0,0,0,1,0,0,0,7.54794E+20,5.39071E+21,1.24574E+16,4.86175E+16
89511,9,1,74,126,2018,7,7,3,3,2,6,0,0,1,0,0,0,0,0,6.80358E+20,5.34189E+21,1.14275E+16,4.82046E+16
89512,9,7,63,0,2018,7,16,3,3,2,6,0,0,1,0,1,0,0,0,5.98499E+20,5.28489E+21,1.03131E+16,4.77099E+16
89513,9,1,73,118,2018,7,18,2,3,5,3,0,0,1,0,0,0,0,0,6.88182E+20,5.30341E+21,1.15158E+16,4.78565E+16
89514,9,1,73,147,2018,7,9,2,3,3,6,0,1,1,0,0,0,0,0,6.80826E+20,5.30936E+21,1.14201E+16,4.79121E+16
89515,9,1,90,139,2018,7,14,2,2,8,1,0,0,0,0,1,0,0,0,6.52662E+20,5.2972E+21,1.10391E+16,4.781E+16
89516,9,7,75,135,2018,7,9,3,3,2,6,0,0,1,0,0,0,0,0,5.79385E+20,5.36144E+21,1.00726E+16,4.84011E+16
89517,9,1,90,140,2018,7,19,2,2,4,1,0,0,1,0,1,0,0,0,6.4677E+20,5.30055E+21,1.09616E+16,4.78416E+16
89518,9,1,73,134,2018,7,16,2,2,4,6,0,0,1,0,0,0,0,0,6.85114E+20,5.30182E+21,1.14742E+16,4.7843E+16
89519,9,1,88,139,2018,7,7,3,3,0,7,0,1,0,0,0,0,0,0,6.794E+20,5.32039E+21,1.14056E+16,4.80116E+16
89520,9,5,75,116,2018,7,7,3,2,5,3,0,0,1,0,0,0,0,0,6.10135E+20,5.50941E+21,1.05282E+16,4.97271E+16
89521,9,1,80,125,2018,7,13,2,3,4,2,0,0,1,0,1,0,0,0,6.53952E+20,5.27393E+21,1.10481E+16,4.76005E+16
89522,9,2,73,147,2018,7,7,3,3,3,6,0,0,1,0,0,1,0,0,6.99265E+20,5.39006E+21,1.17046E+16,4.86318E+16
89523,9,1,73,145,2018,7,21,2,2,3,6,2,0,1,0,0,0,0,0,6.90234E+20,5.29394E+21,1.1539E+16,4.77707E+16
89524,9,1,73,112,2018,7,16,2,3,0,1,0,1,0,0,0,0,0,0,6.9249E+20,5.29315E+21,1.15688E+16,4.7763E+16
89525,9,1,81,130,2018,7,17,3,2,8,1,0,0,1,0,0,0,0,0,6.38537E+20,5.3179E+21,1.08572E+16,4.79994E+16
89526,9,7,77,177,2018,7,8,3,3,0,7,0,1,0,0,0,0,0,0,6.33406E+20,5.31391E+21,1.07872E+16,4.79646E+16
89527,9,1,89,161,2018,7,19,2,3,5,2,0,0,1,0,1,0,0,0,7.68775E+20,5.30645E+21,1.25933E+16,4.78551E+16
89528,9,1,81,128,2018,7,16,3,3,8,1,0,1,0,0,0,0,0,0,6.38606E+20,5.32763E+21,1.08613E+16,4.80869E+16
89529,9,3,77,141,2018,7,16,3,2,5,2,0,0,1,0,0,0,0,0,7.33729E+20,5.53722E+21,1.22577E+16,4.99416E+16
89530,9,1,89,111,2018,7,7,2,3,3,3,0,0,1,0,0,0,0,0,7.63856E+20,5.3214E+21,1.25368E+16,4.79914E+16
89531,9,1,89,154,2018,7,22,2,3,7,7,2,0,1,0,0,0,1,0,7.68273E+20,5.31562E+21,1.25923E+16,4.79376E+16
89532,9,4,71,145,2018,7,8,3,3,2,6,0,0,1,0,0,0,0,0,6.43825E+20,5.52293E+21,1.10003E+16,4.98416E+16
89533,9,1,83,114,2018,7,14,2,3,5,3,0,0,0,0,0,0,1,0,7.42762E+20,5.35371E+21,1.2273E+16,4.829E+16
89534,9,1,89,120,2018,7,14,2,2,0,1,0,1,0,0,0,0,0,0,7.5662E+20,5.29815E+21,1.24262E+16,4.77855E+16
89535,9,1,72,111,2018,7,17,2,3,2,6,0,0,1,0,0,0,0,0,7.95638E+20,5.30113E+21,1.29479E+16,4.77956E+16
89536,9,1,88,126,2018,7,10,3,3,5,3,0,0,1,0,0,0,0,0,6.59856E+20,5.32777E+21,1.11465E+16,4.80831E+16
89537,9,6,79,156,2018,7,18,3,3,0,6,0,0,1,0,1,0,0,0,5.72727E+20,5.52235E+21,1.00116E+16,4.98492E+16
89538,9,1,71,117,2018,7,15,2,3,4,6,0,0,1,0,0,1,0,0,7.66078E+20,5.33606E+21,1.25756E+16,4.81221E+16
89539,9,3,73,147,2018,7,12,3,3,3,6,0,0,1,0,0,1,0,0,6.78368E+20,5.46098E+21,1.14523E+16,4.92756E+16
89540,9,1,87,174,2018,7,10,2,3,4,6,0,0,1,0,0,0,0,0,7.41235E+20,5.31375E+21,1.22298E+16,4.79316E+16
89541,9,1,87,128,2018,7,19,2,2,2,6,0,0,1,0,1,0,1,0,7.44418E+20,5.31064E+21,1.22706E+16,4.79025E+16
89542,9,1,75,128,2018,8,11,4,2,5,2,0,0,0,0,1,0,1,0,7.14311E+20,5.32387E+21,1.18749E+16,4.80322E+16
89543,9,1,82,132,2018,7,17,2,3,2,6,0,1,1,0,0,0,0,0,7.07542E+20,5.28671E+21,1.17663E+16,4.77004E+16
89544,9,1,87,150,2018,7,15,2,3,4,6,0,0,1,0,1,0,0,0,7.25537E+20,5.30394E+21,1.20148E+16,4.78492E+16
89545,9,1,79,132,2018,8,18,4,2,5,3,0,0,1,0,1,0,0,0,6.61447E+20,5.33753E+21,1.11715E+16,4.81705E+16
89546,9,1,86,162,2018,7,9,2,3,2,6,0,0,1,0,0,0,0,0,6.90154E+20,5.38448E+21,1.15785E+16,4.85846E+16
89547,9,1,61,0,2018,7,17,2,3,5,3,0,1,1,0,0,0,0,0,6.80057E+20,5.40303E+21,1.14498E+16,4.87542E+16
89548,9,1,75,132,2018,7,20,3,3,5,3,0,1,1,0,0,0,0,0,7.09851E+20,5.33665E+21,1.18214E+16,4.81484E+16