OBJECTID_1,ULAND,UREGBEZ,UKREIS,UGEMEINDE,UJAHR,UMONAT,USTUNDE,UWOCHENTAG,UKATEGORIE,UART,UTYP1,ULICHTVERH,IstRad,IstPKW,IstFuss,IstKrad,IstGkfz,IstSonstig,STRZUSTAND,LINREFX,LINREFY,XGCSWGS84,YGCSWGS84
89549,9,6,78,181,2018,7,16,3,2,0,1,0,0,0,0,1,0,0,0,6.01227E+20,5.55809E+21,1.04174E+16,5.01664E+16
89550,9,1,86,125,2018,7,15,2,3,5,3,0,0,1,0,1,0,0,0,6.74365E+20,5.37391E+21,1.13602E+16,4.84941E+16
89551,9,2,76,128,2018,7,7,3,3,4,1,0,0,1,0,0,0,0,0,7.85599E+20,5.43687E+21,1.29066E+16,4.90185E+16
89552,9,1,86,143,2018,7,12,2,2,0,6,0,0,1,0,1,0,0,0,6.85393E+20,5.37985E+21,1.15119E+16,4.85443E+16
89553,9,1,85,118,2018,7,15,2,2,5,3,0,0,1,0,0,0,0,0,6.63824E+20,5.40273E+21,1.1229E+16,4.8756E+16
89554,9,1,86,139,2018,7,8,2,3,5,3,0,0,1,0,0,0,0,0,6.97465E+20,5.40371E+21,1.16867E+16,4.8755E+16
89555,9,1,62,0,2018,7,14,3,3,3,6,0,0,1,0,1,0,0,0,6.9211E+20,5.33996E+21,1.15846E+16,4.81838E+16
89556,9,1,76,123,2018,7,13,2,3,2,6,0,0,1,0,0,0,0,0,6.62328E+20,5.41595E+21,1.12139E+16,4.88752E+16
89557,9,1,76,166,2018,7,13,2,3,0,7,0,0,0,0,1,0,0,0,6.54905E+20,5.40949E+21,1.11103E+16,4.8819E+16
89558,9,1,78,143,2018,7,19,3,3,0,1,0,1,0,0,0,0,0,0,7.20112E+20,5.37199E+21,1.19776E+16,4.84625E+16
89559,9,5,64,0,2018,7,7,3,3,4,2,0,1,1,0,0,0,0,0,6.50053E+20,5.48172E+21,1.10711E+16,4.94696E+16
89560,9,1,81,130,2018,7,13,2,3,3,2,0,0,0,0,1,0,1,0,6.38896E+20,5.32269E+21,1.08636E+16,4.80424E+16
89561,9,1,88,145,2018,7,20,2,3,2,6,0,1,1,0,0,0,0,0,6.6405E+20,5.32609E+21,1.12021E+16,4.8067E+16
89562,9,1,78,116,2018,7,8,3,3,4,6,0,0,1,0,0,0,0,0,7.03547E+20,5.37867E+21,1.17571E+16,4.85281E+16
89563,9,5,76,132,2018,7,20,3,2,9,1,0,0,0,0,1,0,0,0,6.53842E+20,5.46255E+21,1.1116E+16,4.92963E+16
89564,9,1,79,123,2018,7,10,2,3,3,6,0,1,1,0,0,0,0,0,6.75932E+20,5.33355E+21,1.13645E+16,4.81309E+16
89565,9,2,62,0,2018,7,11,3,3,2,6,0,0,1,0,0,0,0,0,8.26551E+20,5.38985E+21,1.34277E+16,4.85765E+16
89566,9,1,81,114,2018,7,10,2,3,0,7,0,1,0,0,1,0,0,0,6.56463E+20,5.31645E+21,1.10968E+16,4.79822E+16
89567,9,1,75,132,2018,7,18,2,3,2,6,0,0,1,0,0,0,0,0,7.05177E+20,5.33587E+21,1.17583E+16,4.81429E+16
89568,9,1,62,0,2018,7,19,2,3,8,7,0,0,0,0,0,1,0,0,6.90682E+20,5.34472E+21,1.15676E+16,4.8227E+16
89569,9,1,78,138,2018,7,16,3,3,0,7,0,1,0,0,0,0,0,0,7.10986E+20,5.36842E+21,1.18525E+16,4.84335E+16
89570,9,7,64,0,2018,7,14,3,3,7,7,0,1,0,0,0,0,0,0,5.86221E+20,5.30889E+21,1.01542E+16,4.79275E+16
89571,9,1,62,0,2018,7,10,2,3,0,7,0,0,0,0,0,0,1,0,6.85851E+20,5.34315E+21,1.15019E+16,4.82143E+16
89572,9,1,77,122,2018,7,6,3,2,9,1,0,0,0,0,0,1,0,0,7.29567E+20,5.35889E+21,1.20982E+16,4.83414E+16
89573,9,1,73,133,2018,7,13,3,2,9,1,0,0,0,0,1,0,0,0,6.76672E+20,5.27849E+21,1.1352E+16,4.76357E+16
89574,9,4,78,165,2018,7,16,3,2,2,6,0,0,1,0,0,0,0,0,6.43245E+20,5.55051E+21,1.10025E+16,5.00895E+16
89575,9,1,78,138,2018,7,10,2,3,2,6,0,0,1,0,0,0,0,0,7.09285E+20,5.36764E+21,1.18292E+16,4.84271E+16
89576,9,1,77,143,2018,7,15,2,3,2,6,0,0,1,0,0,0,0,0,7.20776E+20,5.36505E+21,1.19829E+16,4.83999E+16
89577,9,1,75,137,2018,7,7,2,2,5,3,0,0,1,0,1,0,0,0,7.27933E+20,5.33008E+21,1.20607E+16,4.80832E+16
89578,9,1,62,0,2018,7,10,2,3,4,2,0,1,1,0,0,0,0,0,6.81817E+20,5.33538E+21,1.14443E+16,4.81457E+16
89579,9,2,74,134,2018,7,13,3,3,3,6,0,0,0,0,1,0,1,0,7.40896E+20,5.3723E+21,1.22585E+16,4.84577E+16
89580,9,1,77,139,2018,7,9,2,3,5,3,0,0,1,0,0,0,0,0,7.31339E+20,5.35932E+21,1.21223E+16,4.83447E+16
89581,9,1,62,0,2018,7,13,1,3,8,1,0,0,1,0,0,0,0,0,6.92471E+20,5.33058E+21,1.15853E+16,4.80994E+16
89582,9,1,62,0,2018,7,20,1,3,5,3,0,0,1,0,0,0,0,0,6.8524E+20,5.32884E+21,1.14875E+16,4.80859E+16
89583,9,1,84,135,2018,7,18,2,3,3,6,0,0,1,0,1,0,0,0,6.89201E+20,5.34627E+21,1.15484E+16,4.82414E+16
89584,9,7,77,173,2018,7,14,3,3,0,6,0,1,0,0,0,0,0,0,6.33663E+20,5.27827E+21,1.07797E+16,4.7644E+16
89585,9,1,62,0,2018,7,11,1,3,2,6,0,0,1,0,0,0,0,0,6.90515E+20,5.33198E+21,1.15596E+16,4.81125E+16
89586,9,1,84,142,2018,7,19,2,3,4,2,0,1,1,0,0,0,0,0,6.83341E+20,5.31814E+21,1.14574E+16,4.79903E+16
89587,9,4,74,124,2018,7,7,3,2,2,6,0,0,1,0,1,0,0,0,6.63317E+20,5.50767E+21,1.12648E+16,4.96994E+16
89588,9,1,62,0,2018,7,4,1,3,8,5,2,0,1,0,0,0,1,0,6.87984E+20,5.34378E+21,1.15309E+16,4.82194E+16
89589,9,1,90,152,2018,7,10,3,2,5,3,0,0,1,0,1,0,0,0,6.71151E+20,5.29959E+21,1.12868E+16,4.78269E+16
89590,9,1,62,0,2018,7,23,1,2,3,6,2,0,1,0,1,0,0,0,6.88627E+20,5.34018E+21,1.15379E+16,4.81868E+16
89591,9,1,62,0,2018,7,16,1,2,5,3,0,0,1,0,1,0,0,0,6.78116E+20,5.33532E+21,1.13946E+16,4.81462E+16
89592,9,1,84,135,2018,7,20,2,3,5,3,0,0,1,0,0,0,0,0,6.89441E+20,5.34733E+21,1.15521E+16,4.82509E+16
89593,9,6,63,0,2018,7,7,3,3,1,6,0,0,1,0,0,0,0,0,5.6864E+20,5.51682E+21,9.95381E+15,4.97999E+16
89594,9,1,62,0,2018,7,14,1,3,0,7,0,1,0,0,0,0,0,0,6.78557E+20,5.33457E+21,1.14002E+16,4.81393E+16
89595,9,1,62,0,2018,7,15,2,3,2,6,0,0,1,0,1,0,0,0,6.91736E+20,5.33192E+21,1.1576E+16,4.81116E+16
89596,9,7,72,209,2018,7,17,3,3,5,3,0,1,1,0,0,0,0,0,6.36842E+20,5.33731E+21,1.08407E+16,4.81743E+16
89597,9,7,74,118,2018,7,4,1,3,7,6,2,0,1,0,0,0,1,0,5.92906E+20,5.36479E+21,1.02559E+16,4.84294E+16
89598,9,1,62,0,2018,7,18,2,2,6,7,0,1,0,1,0,0,0,0,6.93565E+20,5.33955E+21,1.1604E+16,4.81796E+16
89599,9,3,72,154,2018,7,18,3,2,0,1,0,0,0,0,1,0,0,0,7.56233E+20,5.47279E+21,1.25286E+16,4.93539E+16
89600,9,7,74,144,2018,7,1,1,2,8,1,2,0,1,0,0,0,0,0,6.13909E+20,5.36198E+21,1.0539E+16,4.84007E+16
89601,9,7,75,135,2018,7,20,1,2,4,2,0,0,1,0,0,0,0,0,5.79823E+20,5.35954E+21,1.00781E+16,4.83839E+16
89602,9,1,62,0,2018,8,14,4,3,3,6,0,0,1,0,0,1,0,0,6.96213E+20,5.34345E+21,1.16414E+16,4.82139E+16
89603,9,7,75,134,2018,7,14,1,3,5,3,0,0,1,0,0,0,0,0,5.8606E+20,5.36467E+21,1.01634E+16,4.84293E+16
89604,9,7,78,144,2018,7,0,1,2,9,1,2,0,1,0,0,0,0,0,5.91773E+20,5.30682E+21,1.02281E+16,4.79081E+16
89605,9,1,62,0,2018,7,10,2,3,2,6,0,0,1,0,0,0,0,0,6.90525E+20,5.33198E+21,1.15598E+16,4.81125E+16
89606,9,6,61,0,2018,7,17,3,3,3,6,0,1,1,0,0,0,0,0,5.11269E+20,5.53562E+21,9.15716E+15,4.99728E+16
89607,9,7,74,148,2018,7,15,1,3,2,6,0,0,1,0,0,0,0,0,5.96193E+20,5.36266E+21,1.02999E+16,4.84098E+16
89608,9,2,71,119,2018,7,17,3,3,2,6,0,0,1,0,1,0,0,0,7.94389E+20,5.41248E+21,1.30089E+16,4.87955E+16
89609,9,7,80,146,2018,7,10,1,2,5,3,0,0,1,0,0,0,0,0,5.92097E+20,5.289E+21,1.02286E+16,4.77478E+16
89610,9,7,80,123,2018,7,14,1,2,4,6,0,0,1,0,1,0,0,0,6.04195E+20,5.26281E+21,1.03838E+16,4.75104E+16
89611,9,7,77,172,2018,7,19,1,3,4,6,0,0,1,0,1,0,0,0,6.27322E+20,5.30623E+21,1.07035E+16,4.78968E+16
89612,9,3,76,144,2018,7,6,3,2,3,6,0,0,1,0,0,1,0,0,7.31127E+20,5.48172E+21,1.21887E+16,4.94441E+16
89613,9,7,62,0,2018,7,15,1,3,2,6,0,0,1,0,1,0,0,0,6.21275E+20,5.30447E+21,1.06221E+16,4.78821E+16
89614,9,7,77,124,2018,7,15,1,2,8,1,0,0,0,0,1,0,0,0,6.10917E+20,5.30859E+21,1.04847E+16,4.7921E+16
89615,9,1,84,141,2018,7,13,3,3,5,3,0,0,1,0,0,0,0,0,6.98277E+20,5.31216E+21,1.16546E+16,4.79321E+16
89616,9,7,73,117,2018,7,20,1,2,8,6,0,0,1,0,0,0,0,0,6.13561E+20,5.3995E+21,1.05445E+16,4.87382E+16
89617,9,7,73,113,2018,7,16,1,2,9,1,0,0,0,0,1,0,0,0,5.9617E+20,5.37757E+21,1.0303E+16,4.85439E+16
89618,9,7,78,115,2018,7,13,2,3,0,7,0,1,0,0,0,0,0,0,5.93312E+20,5.33305E+21,1.02544E+16,4.81439E+16
89619,9,5,63,0,2018,7,9,3,3,0,3,0,1,1,0,0,0,0,0,6.42219E+20,5.48303E+21,1.09635E+16,4.94833E+16
89620,9,7,73,125,2018,7,16,1,2,4,6,0,0,1,0,0,0,0,0,6.0864E+20,5.38401E+21,1.04736E+16,4.85998E+16
89621,9,1,86,152,2018,7,14,3,3,9,6,0,0,1,0,0,0,0,0,6.94451E+20,5.37627E+21,1.16329E+16,4.85094E+16
89622,9,2,75,141,2018,7,16,3,3,2,6,0,0,1,0,0,0,0,0,8.17457E+20,5.3674E+21,1.32877E+16,4.83798E+16
89623,9,7,71,122,2018,7,13,1,3,1,1,0,0,1,0,0,0,0,0,6.53788E+20,5.36137E+21,1.10773E+16,4.83867E+16
89624,9,7,72,200,2018,7,1,1,2,0,1,2,1,0,0,0,0,0,0,6.2556E+20,5.33835E+21,1.06893E+16,4.8186E+16
89625,9,7,72,117,2018,7,0,1,3,2,6,2,0,1,0,0,0,0,0,6.31126E+20,5.36274E+21,1.07717E+16,4.84042E+16
89626,9,7,75,161,2018,7,16,2,3,3,6,0,0,1,0,0,0,1,0,5.90118E+20,5.33907E+21,1.02128E+16,4.81984E+16
89627,9,7,80,146,2018,7,18,3,3,0,1,0,0,0,0,1,0,0,0,5.93897E+20,5.28663E+21,1.02521E+16,4.77262E+16
89628,9,7,72,171,2018,7,15,1,2,8,1,0,0,1,0,0,0,0,0,6.37088E+20,5.37394E+21,1.08559E+16,4.85036E+16
89629,9,7,74,144,2018,7,12,2,2,4,6,0,0,1,0,1,0,0,0,6.06065E+20,5.359E+21,1.04323E+16,4.83752E+16
89630,9,4,73,165,2018,7,10,3,3,4,6,0,0,1,0,0,0,0,0,6.31864E+20,5.5588E+21,1.08464E+16,5.01668E+16
89631,9,7,74,118,2018,7,8,3,3,3,6,0,0,1,0,0,0,0,0,5.93203E+20,5.36483E+21,1.02599E+16,4.84297E+16
89632,9,6,77,116,2018,7,15,1,3,8,6,0,0,1,0,1,0,0,0,5.38903E+20,5.55832E+21,9.54482E+15,5.01758E+16
89633,9,6,77,155,2018,7,16,1,3,4,6,0,0,1,0,0,0,0,0,5.43649E+20,5.5406E+21,9.60925E+15,5.00161E+16
89634,9,5,71,125,2018,7,20,3,3,9,7,1,0,0,0,1,0,0,0,5.93433E+20,5.46423E+21,1.02858E+16,4.93236E+16
89635,9,6,77,129,2018,7,12,1,3,8,1,0,0,0,0,1,0,0,0,5.30164E+20,5.54745E+21,9.42157E+15,5.00785E+16
89636,9,2,74,141,2018,7,8,3,2,8,1,0,0,0,0,1,0,0,0,7.32866E+20,5.39544E+21,1.2163E+16,4.86686E+16
89637,9,6,77,203,2018,7,13,1,3,4,6,0,0,1,0,1,0,0,0,5.58917E+20,5.52855E+21,9.82051E+15,4.99064E+16
89638,9,6,73,117,2018,7,13,1,2,4,1,0,0,0,0,1,0,0,0,5.68014E+20,5.58084E+21,9.95651E+15,5.03757E+16
89639,9,7,77,147,2018,7,18,3,3,8,1,0,1,0,0,0,0,0,0,6.3483E+20,5.28431E+21,1.07971E+16,4.76981E+16
89640,9,6,73,116,2018,7,10,1,2,4,6,0,0,1,0,0,0,0,0,5.79544E+20,5.58069E+21,1.01186E+16,5.03729E+16
89641,9,4,61,0,2018,7,11,3,3,3,6,0,0,1,0,0,0,0,0,6.38051E+20,5.52825E+21,1.0922E+16,4.98907E+16
89642,9,6,73,160,2018,7,5,1,2,8,1,0,0,1,0,0,0,0,0,5.95937E+20,5.57493E+21,1.03476E+16,5.03186E+16
89643,9,5,76,151,2018,7,17,1,3,2,6,0,0,1,0,0,0,0,0,6.53839E+20,5.47288E+21,1.11199E+16,4.93892E+16
89644,9,5,72,135,2018,7,12,1,2,0,7,0,0,0,0,1,0,0,0,6.30344E+20,5.50472E+21,1.08069E+16,4.96809E+16
89645,9,5,72,114,2018,7,19,1,3,3,6,0,0,1,0,1,0,0,0,6.3359E+20,5.49329E+21,1.08479E+16,4.95774E+16
89646,9,5,64,0,2018,7,16,1,3,0,1,0,0,0,0,1,0,0,0,6.52007E+20,5.48151E+21,1.1098E+16,4.94672E+16
89647,9,7,71,113,2018,7,13,3,3,0,1,0,1,0,0,0,0,0,0,6.5779E+20,5.36986E+21,1.11345E+16,4.84621E+16
89648,9,5,73,126,2018,7,22,1,3,4,2,2,0,1,0,0,0,0,0,6.35704E+20,5.48289E+21,1.08736E+16,4.94834E+16
89649,9,3,75,175,2018,7,14,3,3,2,1,0,0,1,0,0,0,0,0,7.17746E+20,5.43526E+21,1.19791E+16,4.90317E+16
89650,9,5,61,0,2018,7,17,1,3,4,2,0,0,1,0,0,0,0,0,6.17012E+20,5.4635E+21,1.06099E+16,4.9313E+16
89651,9,4,76,145,2018,7,17,1,3,1,5,0,0,1,0,0,0,0,0,6.63886E+20,5.57287E+21,1.13005E+16,5.02852E+16
89652,9,1,77,117,2018,8,23,4,3,8,1,2,0,1,0,0,0,0,0,7.14523E+20,5.35627E+21,1.18941E+16,4.83232E+16
89653,9,4,72,118,2018,7,14,1,3,6,7,0,0,1,1,0,0,0,0,6.74142E+20,5.506E+21,1.14141E+16,4.96814E+16
89654,9,4,72,115,2018,7,17,1,3,9,1,0,0,1,0,0,0,0,0,6.62223E+20,5.528E+21,1.12582E+16,4.98824E+16
89655,9,1,83,147,2018,7,16,3,2,5,3,0,0,1,0,0,0,0,0,7.48293E+20,5.33512E+21,1.23365E+16,4.81209E+16
89656,9,5,62,0,2018,7,13,3,3,0,7,0,0,0,0,1,0,1,1,6.44366E+20,5.49588E+21,1.09979E+16,4.95982E+16
89657,9,1,88,139,2018,8,22,4,3,3,6,2,0,1,0,1,0,0,1,6.74758E+20,5.31904E+21,1.13428E+16,4.80007E+16
89658,9,4,71,140,2018,7,13,1,3,9,1,0,0,1,0,0,0,0,0,6.36416E+20,5.53185E+21,1.09005E+16,4.99235E+16
89659,9,4,74,158,2018,7,11,1,3,0,7,0,0,1,0,0,0,0,0,6.50181E+20,5.50684E+21,1.10825E+16,4.96954E+16
89660,9,6,72,117,2018,7,17,3,3,5,3,0,0,1,0,0,0,0,0,5.70793E+20,5.56637E+21,9.99287E+15,5.02452E+16
89661,9,4,74,124,2018,7,14,1,2,9,1,0,0,0,0,1,0,0,0,6.66194E+20,5.51096E+21,1.13061E+16,4.97282E+16
89662,9,3,61,0,2018,7,17,3,3,4,2,0,1,1,0,0,0,0,0,7.08553E+20,5.48087E+21,1.18772E+16,4.94447E+16
89663,9,4,71,191,2018,7,12,1,2,4,6,0,0,1,0,0,0,0,0,6.35109E+20,5.52436E+21,1.08797E+16,4.98564E+16
89664,9,4,61,0,2018,7,21,1,3,4,2,2,1,1,0,0,0,0,0,6.37881E+20,5.52945E+21,1.092E+16,4.99016E+16
89665,9,3,63,0,2018,7,17,1,2,0,2,0,1,0,0,0,0,0,0,7.27534E+20,5.50704E+21,1.21538E+16,4.96729E+16
89666,9,1,62,0,2018,7,10,3,3,6,4,0,0,0,1,1,0,0,0,6.94772E+20,5.3337E+21,1.16176E+16,4.81267E+16
89667,9,3,75,204,2018,7,13,1,3,0,1,0,1,0,0,0,0,0,0,7.32999E+20,5.43525E+21,1.21874E+16,4.9026E+16
89668,9,3,75,204,2018,7,13,1,3,0,1,0,1,0,0,0,0,0,0,7.33002E+20,5.43525E+21,1.21875E+16,4.9026E+16
89669,9,5,64,0,2018,7,17,3,3,5,3,0,0,1,0,0,0,0,0,6.54172E+20,5.4806E+21,1.11275E+16,4.94585E+16
89670,9,3,75,148,2018,7,20,1,2,9,1,0,0,1,0,0,0,0,0,7.0425E+20,5.43666E+21,1.17954E+16,4.90489E+16
89671,9,1,85,163,2018,7,7,3,3,5,3,0,0,1,0,0,0,0,0,6.62175E+20,5.39434E+21,1.12033E+16,4.86811E+16
89672,9,2,77,119,2018,7,13,3,3,8,7,0,1,0,0,0,0,0,0,7.75497E+20,5.37486E+21,1.27272E+16,4.84664E+16
89673,9,3,75,130,2018,7,7,1,2,2,6,0,1,0,0,0,0,0,0,7.35949E+20,5.4357E+21,1.2228E+16,4.9029E+16
89674,9,3,75,205,2018,8,16,5,1,4,1,0,0,1,0,1,0,0,1,7.32336E+20,5.42323E+21,1.21715E+16,4.89184E+16
89675,9,1,61,0,2018,8,19,6,2,3,6,0,1,1,0,0,0,0,0,6.79389E+20,5.40277E+21,1.14406E+16,4.87521E+16
89676,9,3,72,113,2018,8,16,5,2,5,3,0,0,1,0,0,0,0,0,7.91698E+20,5.4572E+21,1.30045E+16,4.91981E+16
89677,9,6,63,0,2018,8,23,5,3,1,6,2,0,1,0,0,0,0,0,5.67362E+20,5.51684E+21,9.93606E+15,4.98002E+16
89678,9,3,76,116,2018,8,21,5,3,7,7,2,0,1,0,0,0,0,0,7.34727E+20,5.46458E+21,1.22281E+16,4.92889E+16
89679,9,3,76,160,2018,8,10,5,3,3,6,0,1,0,0,0,1,0,0,7.56719E+20,5.49018E+21,1.25465E+16,4.95099E+16
89680,9,5,72,121,2018,8,20,6,3,8,7,1,1,0,0,0,0,0,0,6.5665E+20,5.49334E+21,1.11667E+16,4.95723E+16
89681,9,3,76,150,2018,8,14,5,3,8,1,0,0,1,0,0,0,0,0,7.32551E+20,5.49278E+21,1.22148E+16,4.9543E+16
89682,9,2,77,126,2018,8,6,6,3,3,6,0,0,1,0,0,1,0,0,7.91298E+20,5.3828E+21,1.2946E+16,4.85306E+16
89683,9,3,76,149,2018,8,11,5,3,8,1,0,0,1,0,0,1,0,0,7.4126E+20,5.45491E+21,1.2312E+16,4.91994E+16
89684,9,1,79,121,2018,8,12,6,2,2,6,0,0,1,0,0,0,0,0,6.68508E+20,5.33786E+21,1.12666E+16,4.81716E+16
89685,9,3,71,113,2018,8,5,5,2,0,7,1,1,0,0,0,0,0,0,6.88405E+20,5.51145E+21,1.16142E+16,4.9726E+16
89686,9,3,71,146,2018,8,7,5,3,5,3,0,0,1,0,0,0,0,0,7.14594E+20,5.46506E+21,1.19519E+16,4.93006E+16
89687,9,4,78,139,2018,8,14,6,3,0,3,0,0,1,0,0,0,0,0,6.4511E+20,5.55696E+21,1.10311E+16,5.01471E+16
89688,9,3,71,122,2018,8,23,5,3,9,1,2,0,1,0,0,0,0,0,7.0941E+20,5.4842E+21,1.18908E+16,4.94743E+16
89689,9,1,80,117,2018,8,10,6,3,5,2,0,0,1,0,1,0,0,0,6.60415E+20,5.26136E+21,1.11294E+16,4.74859E+16
89690,9,3,61,0,2018,8,16,5,3,5,3,0,0,1,0,0,0,0,0,7.08441E+20,5.48082E+21,1.18756E+16,4.94443E+16
89691,9,5,64,0,2018,8,11,6,3,2,6,0,0,1,0,0,0,1,0,6.47714E+20,5.47965E+21,1.10381E+16,4.94515E+16
89692,9,5,76,143,2018,8,7,5,3,2,6,0,0,1,0,0,0,0,0,6.5342E+20,5.45699E+21,1.1108E+16,4.92464E+16
89693,9,2,71,125,2018,8,10,5,3,2,6,0,0,1,0,0,0,0,0,7.98646E+20,5.40864E+21,1.30639E+16,4.87591E+16
89694,9,2,79,135,2018,8,6,6,2,5,2,0,0,1,0,0,0,0,0,7.75449E+20,5.38478E+21,1.27331E+16,4.85555E+16
89695,9,1,86,162,2018,8,11,4,3,8,1,0,0,0,0,1,0,0,0,6.93419E+20,5.3871E+21,1.1624E+16,4.86071E+16
89696,9,2,76,148,2018,8,0,5,3,9,1,2,0,1,0,0,0,0,0,8.09232E+20,5.43686E+21,1.32289E+16,4.9007E+16
89697,9,1,62,0,2018,8,17,5,3,5,3,0,0,1,0,0,0,0,0,6.9572E+20,5.33391E+21,1.16304E+16,4.81283E+16
89698,9,2,76,148,2018,8,13,5,3,8,1,0,0,1,0,0,0,0,1,8.06993E+20,5.44008E+21,1.32008E+16,4.9037E+16
89699,9,2,71,128,2018,8,19,5,2,5,3,0,0,1,0,0,0,0,0,7.97994E+20,5.39686E+21,1.30466E+16,4.86537E+16
89700,9,3,75,117,2018,8,16,6,3,4,3,0,0,1,0,0,0,0,0,7.34848E+20,5.43245E+21,1.22111E+16,4.90002E+16
89701,9,2,78,159,2018,8,9,5,3,8,7,0,1,0,0,0,0,0,0,7.78799E+20,5.42121E+21,1.28031E+16,4.88811E+16
89702,9,1,72,116,2018,8,20,6,2,8,1,2,0,0,0,1,0,0,0,8.07132E+20,5.2839E+21,1.30889E+16,4.76355E+16
89703,9,2,77,145,2018,8,16,5,3,5,3,0,1,1,0,0,0,0,0,7.9862E+20,5.35369E+21,1.30243E+16,4.82659E+16
89704,9,7,80,124,2018,8,8,5,2,5,2,0,1,1,0,0,0,0,0,5.92215E+20,5.26841E+21,1.02259E+16,4.75626E+16
89705,9,2,77,112,2018,8,20,5,3,5,3,0,1,1,0,0,0,0,0,8.04257E+20,5.37216E+21,1.31134E+16,4.8429E+16
89706,9,7,75,135,2018,8,21,5,3,2,2,2,1,1,0,0,0,0,0,5.77821E+20,5.36213E+21,1.00516E+16,4.84075E+16
89707,9,2,75,134,2018,8,13,5,3,4,2,0,0,1,0,0,1,0,0,8.23815E+20,5.37402E+21,1.33785E+16,4.84359E+16
89708,9,6,63,0,2018,8,8,6,3,2,6,0,0,1,0,0,0,0,0,5.67626E+20,5.51331E+21,9.93911E+15,4.97685E+16
89709,9,2,77,121,2018,8,15,5,2,5,3,0,0,1,0,1,0,0,0,7.63138E+20,5.37185E+21,1.25585E+16,4.84448E+16
89710,9,2,78,148,2018,8,15,5,3,3,7,0,0,1,0,1,0,0,0,7.37932E+20,5.40715E+21,1.22384E+16,4.87718E+16
89711,9,3,75,209,2018,8,11,6,3,0,6,0,0,0,0,1,0,0,0,7.47272E+20,5.43367E+21,1.23814E+16,4.90064E+16
89712,9,3,75,196,2018,8,15,5,3,9,1,0,0,1,0,0,0,0,1,7.30914E+20,5.40997E+21,1.21447E+16,4.87998E+16
89713,9,1,82,111,2018,8,11,6,2,5,3,0,1,1,0,0,0,0,0,7.04221E+20,5.28815E+21,1.17228E+16,4.77144E+16
89714,9,2,74,114,2018,8,6,5,2,8,1,0,0,1,0,0,0,0,0,7.35198E+20,5.36944E+21,1.21799E+16,4.84342E+16
89715,9,7,61,0,2018,8,7,5,3,5,3,0,1,1,0,0,0,0,0,6.38547E+20,5.36127E+21,1.08715E+16,4.83893E+16
89716,9,2,74,182,2018,8,17,5,3,8,6,0,0,1,0,1,0,0,1,7.2958E+20,5.37243E+21,1.21057E+16,4.8463E+16
89717,9,2,73,166,2018,8,17,5,2,5,5,0,0,1,0,0,0,1,0,7.16312E+20,5.41786E+21,1.19503E+16,4.8876E+16
89718,9,5,62,0,2018,8,13,6,3,2,6,0,0,1,0,0,0,0,0,6.43965E+20,5.49254E+21,1.09911E+16,4.95683E+16
89719,9,2,73,137,2018,8,14,5,3,0,1,0,1,0,0,0,0,0,0,7.10414E+20,5.42205E+21,1.18721E+16,4.89156E+16
89720,9,2,73,127,2018,8,16,5,2,4,6,0,0,1,0,0,1,0,1,7.26484E+20,5.40672E+21,1.20826E+16,4.87723E+16
89721,9,2,71,146,2018,8,18,6,3,5,3,0,0,1,0,0,0,0,0,7.84921E+20,5.40955E+21,1.28783E+16,4.87736E+16
89722,9,2,73,166,2018,8,12,5,3,0,7,0,1,0,0,0,0,0,0,7.14013E+20,5.42073E+21,1.19205E+16,4.89025E+16
89723,9,6,77,120,2018,8,9,6,3,2,6,0,0,1,0,0,0,0,0,5.33223E+20,5.52392E+21,9.4623E+15,4.98668E+16
89724,9,2,79,112,2018,8,9,5,3,5,3,0,1,0,0,0,0,1,0,7.56524E+20,5.38847E+21,1.24795E+16,4.85967E+16
89725,9,1,80,119,2018,8,17,5,3,4,6,0,0,1,0,0,0,0,0,6.71465E+20,5.28242E+21,1.12842E+16,4.76724E+16
89726,9,3,76,153,2018,8,16,6,2,8,1,0,0,0,0,1,0,0,0,7.32999E+20,5.48702E+21,1.22176E+16,4.9491E+16
89727,9,1,73,133,2018,8,18,5,2,8,1,0,0,0,0,1,0,0,0,6.76784E+20,5.27832E+21,1.13534E+16,4.76341E+16
89728,9,1,61,0,2018,8,18,6,3,3,6,0,0,1,0,0,0,0,0,6.75585E+20,5.4049E+21,1.13898E+16,4.87723E+16
89729,9,1,76,121,2018,8,20,4,2,1,7,0,0,1,0,0,0,1,0,6.54143E+20,5.41616E+21,1.11024E+16,4.88792E+16
89730,9,1,73,145,2018,8,12,5,3,0,7,0,1,0,0,0,0,0,0,6.88481E+20,5.29139E+21,1.15146E+16,4.77483E+16
89731,9,6,75,144,2018,8,4,5,3,8,1,0,0,1,0,0,0,0,1,5.88012E+20,5.50658E+21,1.02206E+16,4.97053E+16
89732,9,1,83,127,2018,8,17,5,3,2,6,0,0,1,0,0,0,0,0,7.5527E+20,5.34977E+21,1.24389E+16,4.82497E+16
89733,9,1,89,162,2018,8,12,5,2,5,3,0,0,1,0,0,0,0,0,7.78716E+20,5.3153E+21,1.27316E+16,4.79303E+16
89734,9,5,76,143,2018,8,11,6,3,2,6,0,0,1,0,0,0,0,0,6.59862E+20,5.46104E+21,1.11981E+16,4.92812E+16
89735,9,5,65,0,2018,8,7,5,3,2,2,0,0,1,0,0,0,0,0,6.48674E+20,5.46505E+21,1.10459E+16,4.932E+16
89736,9,1,89,120,2018,8,13,5,3,0,1,0,1,0,0,0,0,0,0,7.59509E+20,5.29812E+21,1.24647E+16,4.77841E+16