OBJECTID_1,ULAND,UREGBEZ,UKREIS,UGEMEINDE,UJAHR,UMONAT,USTUNDE,UWOCHENTAG,UKATEGORIE,UART,UTYP1,ULICHTVERH,IstRad,IstPKW,IstFuss,IstKrad,IstGkfz,IstSonstig,STRZUSTAND,LINREFX,LINREFY,XGCSWGS84,YGCSWGS84
89737,9,2,77,133,2018,8,10,6,3,2,6,0,0,1,0,1,0,0,0,7.6716E+20,5.3685E+21,1.26106E+16,4.84129E+16
89738,9,1,76,123,2018,8,14,4,3,5,3,0,1,1,0,0,0,0,0,6.59673E+20,5.41796E+21,1.11785E+16,4.8894E+16
89739,9,1,71,134,2018,8,16,5,2,4,6,0,0,1,0,0,0,1,0,7.69878E+20,5.32764E+21,1.26213E+16,4.80449E+16
89740,9,1,78,115,2018,8,15,6,2,4,6,0,0,1,0,0,0,0,0,7.02407E+20,5.37622E+21,1.17404E+16,4.85064E+16
89741,9,6,77,120,2018,8,15,5,3,2,6,0,0,1,0,0,1,0,0,5.31634E+20,5.52513E+21,9.44029E+15,4.98777E+16
89742,9,1,71,122,2018,8,10,5,3,5,3,0,1,1,0,0,0,0,0,7.71178E+20,5.33211E+21,1.26415E+16,4.80845E+16
89743,9,1,88,141,2018,8,18,6,2,5,3,0,1,1,0,0,0,0,0,6.69747E+20,5.30763E+21,1.12712E+16,4.78995E+16
89744,9,1,71,121,2018,8,13,5,3,2,6,0,0,1,0,0,0,1,0,7.70821E+20,5.34491E+21,1.26449E+16,4.81996E+16
89745,9,1,71,117,2018,8,5,5,3,2,6,0,0,1,0,1,0,0,0,7.66722E+20,5.33717E+21,1.2585E+16,4.81319E+16
89746,9,1,87,145,2018,8,17,5,3,0,3,0,0,1,0,0,0,0,0,7.45479E+20,5.31378E+21,1.22866E+16,4.79303E+16
89747,9,5,75,128,2018,8,8,6,3,1,6,0,0,1,0,0,0,0,0,6.18129E+20,5.49659E+21,1.06352E+16,4.96104E+16
89748,9,5,72,111,2018,8,17,5,3,0,7,0,0,1,1,0,0,0,0,6.35997E+20,5.50917E+21,1.08867E+16,4.97197E+16
89749,9,1,82,114,2018,8,7,5,3,5,3,0,1,1,0,0,0,0,0,7.19626E+20,5.28782E+21,1.19278E+16,4.77064E+16
89750,9,1,90,142,2018,8,8,6,2,2,6,0,0,1,0,1,0,0,0,6.63094E+20,5.29433E+21,1.11773E+16,4.77817E+16
89751,9,1,82,111,2018,8,12,5,3,5,1,0,1,1,0,0,0,0,0,7.0452E+20,5.28769E+21,1.17266E+16,4.77102E+16
89752,9,1,62,0,2018,8,16,5,2,3,6,0,0,1,0,1,0,0,0,6.8854E+20,5.33527E+21,1.15346E+16,4.81427E+16
89753,9,1,87,179,2018,8,6,5,3,5,3,0,0,1,0,0,0,0,0,7.27362E+20,5.31452E+21,1.20448E+16,4.79436E+16
89754,9,7,72,163,2018,8,18,6,2,5,3,0,1,1,0,0,0,0,0,6.39261E+20,5.34506E+21,1.08758E+16,4.82434E+16
89755,9,1,61,0,2018,8,13,5,3,3,6,0,1,0,0,0,0,0,0,6.79307E+20,5.40398E+21,1.144E+16,4.8763E+16
89756,9,1,76,143,2018,8,16,5,3,0,7,0,1,0,0,0,0,0,1,6.8167E+20,5.40904E+21,1.14744E+16,4.88078E+16
89757,9,3,72,126,2018,8,6,6,3,2,6,0,0,1,0,0,0,0,0,7.80466E+20,5.46724E+21,1.28577E+16,4.92935E+16
89758,9,1,61,0,2018,8,6,5,3,4,2,0,0,1,0,0,0,0,0,6.76913E+20,5.40647E+21,1.14085E+16,4.8786E+16
89759,9,1,88,139,2018,8,16,5,2,4,1,0,0,1,0,1,0,0,0,6.75809E+20,5.3228E+21,1.13585E+16,4.80343E+16
89760,9,4,62,0,2018,8,19,6,3,2,6,0,0,1,0,0,0,0,0,6.86369E+20,5.53673E+21,1.15982E+16,4.99538E+16
89761,9,1,81,113,2018,8,6,5,2,5,2,0,0,1,0,0,0,1,0,6.4011E+20,5.3083E+21,1.08751E+16,4.79127E+16
89762,9,1,89,154,2018,8,8,6,3,8,7,0,0,0,0,0,1,0,0,7.68519E+20,5.31773E+21,1.25969E+16,4.79566E+16
89763,9,1,78,124,2018,8,12,5,3,2,6,0,0,1,0,0,0,0,0,7.01488E+20,5.35834E+21,1.17194E+16,4.83461E+16
89764,9,7,77,112,2018,8,11,5,3,5,3,0,0,1,0,0,0,1,0,6.23437E+20,5.29601E+21,1.06486E+16,4.78056E+16
89765,9,1,62,0,2018,8,7,4,2,3,6,0,0,1,0,1,0,0,0,6.84277E+20,5.33541E+21,1.14774E+16,4.81452E+16
89766,9,6,73,171,2018,8,20,6,2,9,1,1,0,1,0,0,0,0,0,5.86869E+20,5.56947E+21,1.0219E+16,5.02709E+16
89767,9,1,84,148,2018,8,17,4,3,3,6,0,1,1,0,0,0,0,0,6.95043E+20,5.32637E+21,1.16178E+16,4.80608E+16
89768,9,1,62,0,2018,8,18,4,3,5,2,0,1,0,0,0,0,0,0,6.95155E+20,5.33404E+21,1.16229E+16,4.81297E+16
89769,9,3,76,162,2018,8,12,6,3,2,6,0,0,1,0,0,0,0,0,7.296E+20,5.47841E+21,1.21657E+16,4.9415E+16
89770,9,5,72,126,2018,8,20,5,3,9,6,1,0,1,0,0,0,0,1,6.34349E+20,5.50434E+21,1.08622E+16,4.96766E+16
89771,9,6,75,127,2018,8,13,5,3,5,3,0,0,1,0,0,0,0,0,6.06475E+20,5.51442E+21,1.04788E+16,4.97728E+16
89772,9,1,62,0,2018,8,17,4,3,2,6,0,0,1,0,0,0,0,0,6.92919E+20,5.33895E+21,1.15951E+16,4.81745E+16
89773,9,1,76,126,2018,8,11,6,3,0,6,0,0,1,0,1,0,0,0,6.75035E+20,5.40683E+21,1.13832E+16,4.87899E+16
89774,9,1,84,135,2018,8,7,4,2,3,2,0,0,1,0,0,0,1,0,6.93184E+20,5.35022E+21,1.16038E+16,4.82757E+16
89775,9,1,87,142,2018,8,14,6,3,5,3,0,1,1,0,0,0,0,0,7.33467E+20,5.31454E+21,1.21264E+16,4.79416E+16
89776,9,1,62,0,2018,8,17,4,3,5,2,0,1,1,0,0,0,0,0,6.92142E+20,5.33973E+21,1.1585E+16,4.81817E+16
89777,9,7,77,121,2018,8,15,5,2,0,1,0,1,0,0,0,0,0,0,6.28008E+20,5.32193E+21,1.07173E+16,4.80378E+16
89778,9,1,84,136,2018,8,10,4,3,5,2,0,1,1,0,0,0,0,0,6.98234E+20,5.32697E+21,1.16609E+16,4.80652E+16
89779,9,6,76,145,2018,8,18,6,3,6,4,0,0,1,1,0,0,0,0,5.10356E+20,5.52078E+21,9.14402E+15,4.98394E+16
89780,9,7,75,111,2018,8,10,4,3,8,7,0,0,1,0,0,0,0,0,5.84102E+20,5.33496E+21,1.0131E+16,4.81623E+16
89781,9,7,78,144,2018,8,16,4,3,9,1,0,0,1,0,0,0,0,0,5.93155E+20,5.30399E+21,1.0246E+16,4.78825E+16
89782,9,2,71,125,2018,8,15,6,3,8,1,0,0,1,0,0,0,0,0,7.99754E+20,5.40805E+21,1.30786E+16,4.87532E+16
89783,9,5,62,0,2018,8,14,5,3,2,6,0,0,1,0,0,0,0,0,6.40464E+20,5.49217E+21,1.09426E+16,4.95658E+16
89784,9,7,75,152,2018,8,10,4,3,2,6,0,0,1,0,1,0,0,0,5.77048E+20,5.35336E+21,1.00395E+16,4.83287E+16
89785,9,1,76,149,2018,8,13,6,3,8,6,0,0,1,0,0,0,0,0,6.66753E+20,5.40764E+21,1.12708E+16,4.87994E+16
89786,9,1,76,112,2018,8,12,4,3,2,6,0,0,1,0,0,0,0,0,6.91378E+20,5.41721E+21,1.16103E+16,4.88783E+16
89787,9,7,74,150,2018,8,8,4,3,5,3,0,1,1,0,0,0,0,0,6.01015E+20,5.34477E+21,1.03607E+16,4.82481E+16
89788,9,6,75,169,2018,8,17,5,3,5,3,0,0,1,0,0,0,0,0,5.88291E+20,5.52107E+21,1.02278E+16,4.98355E+16
89789,9,7,74,166,2018,8,4,4,3,8,7,1,0,1,0,0,0,0,0,6.12673E+20,5.34549E+21,1.05179E+16,4.82526E+16
89790,9,7,74,116,2018,8,11,4,3,0,7,0,1,0,0,0,0,0,0,6.06775E+20,5.34771E+21,1.0439E+16,4.82736E+16
89791,9,5,74,164,2018,8,17,6,3,4,2,0,0,1,0,0,0,0,0,6.69997E+20,5.47555E+21,1.13435E+16,4.94089E+16
89792,9,5,62,0,2018,8,10,5,3,5,3,0,0,1,0,0,0,0,0,6.46161E+20,5.49567E+21,1.10226E+16,4.95959E+16
89793,9,7,74,122,2018,8,19,4,3,5,3,0,0,1,0,0,0,0,0,6.07437E+20,5.35683E+21,1.04503E+16,4.83555E+16
89794,9,6,79,176,2018,8,12,5,3,3,6,0,1,1,0,0,0,0,0,5.66204E+20,5.50966E+21,9.91875E+15,4.97358E+16
89795,9,7,76,114,2018,8,14,4,3,8,1,0,0,1,0,0,0,0,0,5.70588E+20,5.27445E+21,9.93939E+15,4.76196E+16
89796,9,7,76,130,2018,8,16,4,3,2,6,0,0,1,0,1,0,0,0,5.55192E+20,5.27143E+21,9.73414E+15,4.7594E+16
89797,9,5,74,123,2018,8,14,6,3,2,6,0,0,1,0,0,0,0,0,6.62607E+20,5.48088E+21,1.12439E+16,4.94588E+16
89798,9,7,62,0,2018,8,12,4,3,2,6,0,0,1,0,0,0,0,0,6.23073E+20,5.30608E+21,1.06466E+16,4.78963E+16
89799,9,7,62,0,2018,8,13,4,3,4,6,0,0,1,0,1,0,0,0,6.18951E+20,5.30348E+21,1.05908E+16,4.78736E+16
89800,9,2,77,152,2018,8,14,6,3,8,1,0,0,0,0,1,0,0,0,7.99213E+20,5.36196E+21,1.30381E+16,4.83398E+16
89801,9,5,76,137,2018,8,17,5,3,2,6,0,0,1,0,1,0,0,1,6.49335E+20,5.46454E+21,1.10548E+16,4.93153E+16
89802,9,7,73,182,2018,8,17,4,3,8,1,0,0,1,0,0,0,0,0,6.2452E+20,5.37784E+21,1.0687E+16,4.85413E+16
89803,9,1,79,123,2018,8,14,6,3,5,2,0,0,1,0,1,0,0,0,6.76719E+20,5.33378E+21,1.13752E+16,4.81327E+16
89804,9,7,72,125,2018,8,11,4,3,0,1,0,1,0,0,0,0,0,0,6.32849E+20,5.34807E+21,1.07904E+16,4.82719E+16
89805,9,6,75,162,2018,8,17,4,2,8,7,0,0,0,0,0,1,0,0,5.96813E+20,5.51451E+21,1.03446E+16,4.97752E+16
89806,9,5,61,0,2018,8,22,6,2,6,4,2,0,1,1,0,0,0,0,6.16255E+20,5.4631E+21,1.05994E+16,4.93096E+16
89807,9,5,74,147,2018,8,18,5,2,5,3,0,1,1,0,0,0,0,0,6.80005E+20,5.48723E+21,1.14867E+16,4.95109E+16
89808,9,6,79,176,2018,8,8,4,3,1,6,0,0,1,0,0,0,0,0,5.67277E+20,5.50923E+21,9.93357E+15,4.97318E+16
89809,9,1,80,117,2018,8,10,6,3,8,7,0,0,0,0,1,0,0,0,6.46877E+20,5.26038E+21,1.09495E+16,4.74803E+16
89810,9,5,64,0,2018,8,9,5,2,4,2,0,0,1,0,1,0,0,0,6.50986E+20,5.47737E+21,1.10823E+16,4.94302E+16
89811,9,6,63,0,2018,8,17,4,3,3,6,0,0,1,0,1,0,0,0,5.70497E+20,5.51773E+21,9.97978E+15,4.98079E+16
89812,9,7,74,135,2018,8,18,5,3,8,7,0,0,1,0,0,0,0,1,5.97921E+20,5.3657E+21,1.03239E+16,4.84368E+16
89813,9,6,63,0,2018,8,12,4,3,5,3,0,1,1,0,0,0,0,0,5.67499E+20,5.51681E+21,9.93796E+15,4.98E+16
89814,9,2,74,128,2018,8,23,6,3,4,6,2,0,1,0,0,0,0,0,7.351E+20,5.38652E+21,1.21882E+16,4.85876E+16
89815,9,6,79,138,2018,8,12,4,3,5,3,0,0,1,0,0,0,0,0,5.68426E+20,5.50104E+21,9.94808E+15,4.9658E+16
89816,9,1,84,135,2018,8,7,5,3,5,2,0,1,1,0,0,0,0,0,6.89452E+20,5.34738E+21,1.15522E+16,4.82513E+16
89817,9,6,75,158,2018,8,17,4,3,4,6,0,0,1,0,0,0,0,0,5.96448E+20,5.52179E+21,1.03414E+16,4.98408E+16
89818,9,6,78,153,2018,8,15,4,3,5,3,0,0,1,0,0,0,0,0,5.94866E+20,5.52476E+21,1.03201E+16,4.98677E+16
89819,9,4,74,122,2018,8,23,6,3,4,3,2,0,1,0,0,1,0,0,6.5088E+20,5.50366E+21,1.10909E+16,4.96666E+16
89820,9,5,64,0,2018,8,10,5,3,4,2,0,0,1,0,0,0,0,0,6.47554E+20,5.47508E+21,1.10342E+16,4.94105E+16
89821,9,6,73,117,2018,8,13,4,3,2,7,0,0,1,0,0,0,0,0,5.66852E+20,5.58545E+21,9.94099E+15,5.04173E+16
89822,9,1,89,160,2018,8,14,6,2,8,1,0,1,0,0,0,0,0,0,7.61002E+20,5.28887E+21,1.2479E+16,4.77004E+16
89823,9,6,76,122,2018,8,16,4,3,2,6,0,0,1,0,1,0,0,0,5.11861E+20,5.51657E+21,9.16483E+15,4.98014E+16
89824,9,7,63,0,2018,8,17,5,3,1,6,0,0,1,0,0,0,0,0,5.98321E+20,5.28645E+21,1.03111E+16,4.77239E+16
89825,9,6,76,139,2018,8,22,4,3,4,6,2,0,1,0,0,0,0,1,5.21339E+20,5.5054E+21,9.29591E+15,4.97007E+16
89826,9,6,62,0,2018,8,12,6,3,0,6,0,0,1,0,0,0,1,0,5.88623E+20,5.54428E+21,1.02377E+16,5.00442E+16
89827,9,6,61,0,2018,8,21,4,3,0,7,1,1,0,0,0,0,0,1,5.09241E+20,5.53636E+21,9.12888E+15,4.99795E+16
89828,9,5,71,180,2018,8,22,4,2,2,6,2,0,1,0,0,1,0,0,6.31704E+20,5.46308E+21,1.08118E+16,4.93062E+16
89829,9,6,75,142,2018,8,15,6,3,3,6,0,0,1,0,1,0,0,0,5.91791E+20,5.51528E+21,1.02751E+16,4.97829E+16
89830,9,5,76,143,2018,8,18,4,3,8,1,0,0,1,0,0,0,0,0,6.53463E+20,5.4568E+21,1.11085E+16,4.92447E+16
89831,9,5,76,143,2018,8,10,4,3,1,6,0,0,1,0,0,0,0,0,6.60645E+20,5.46147E+21,1.1209E+16,4.92849E+16
89832,9,3,75,130,2018,8,19,6,3,5,2,0,0,1,0,1,0,0,0,7.33905E+20,5.43549E+21,1.22E+16,4.90279E+16
89833,9,5,73,127,2018,8,16,5,3,5,2,0,1,1,0,0,0,0,0,6.46084E+20,5.47537E+21,1.1014E+16,4.94135E+16
89834,9,5,72,132,2018,8,5,4,3,3,3,0,0,1,0,1,0,0,0,6.38554E+20,5.49277E+21,1.09164E+16,4.95716E+16
89835,9,1,82,125,2018,8,8,6,3,5,3,0,1,1,0,0,0,0,0,7.12496E+20,5.29833E+21,1.1838E+16,4.78032E+16
89836,9,5,74,154,2018,8,17,4,3,0,7,0,0,0,0,1,0,1,0,6.62501E+20,5.48485E+21,1.12441E+16,4.94945E+16
89837,9,7,72,147,2018,8,12,5,3,2,6,0,0,1,0,0,0,0,0,6.38157E+20,5.36512E+21,1.08675E+16,4.84241E+16
89838,9,5,74,128,2018,8,17,4,3,1,6,0,0,1,0,0,0,0,0,6.78091E+20,5.48609E+21,1.14598E+16,4.95013E+16
89839,9,5,63,0,2018,8,22,4,3,5,3,2,0,1,0,0,0,0,0,6.4558E+20,5.48127E+21,1.10093E+16,4.94666E+16
89840,9,6,71,143,2018,8,6,6,2,0,1,0,0,0,0,1,0,0,0,5.10461E+20,5.54872E+21,9.14624E+15,5.00907E+16
89841,9,5,64,0,2018,8,0,4,2,5,3,2,1,1,0,0,0,0,0,6.54163E+20,5.47791E+21,1.11263E+16,4.94343E+16
89842,9,5,64,0,2018,8,11,4,3,5,3,0,0,1,0,0,0,0,0,6.4982E+20,5.47096E+21,1.10638E+16,4.93729E+16
89843,9,2,78,192,2018,8,14,6,3,5,3,0,0,1,0,0,0,0,0,7.70968E+20,5.41741E+21,1.26939E+16,4.88504E+16
89844,9,5,75,145,2018,8,14,5,3,2,6,0,0,1,0,0,1,0,0,6.14733E+20,5.48416E+21,1.05845E+16,4.94992E+16
89845,9,5,64,0,2018,8,14,4,3,5,3,0,1,1,0,0,0,0,0,6.49017E+20,5.46925E+21,1.10521E+16,4.93577E+16
89846,9,1,76,112,2018,8,10,6,3,5,3,0,0,1,0,0,1,0,0,6.87909E+20,5.42438E+21,1.15663E+16,4.89438E+16
89847,9,5,77,136,2018,8,18,4,3,1,6,0,0,1,0,0,0,0,0,6.26741E+20,5.44232E+21,1.0737E+16,4.91206E+16
89848,9,3,76,144,2018,8,6,6,2,9,1,1,0,1,0,0,0,0,0,7.26044E+20,5.48479E+21,1.21204E+16,4.94736E+16
89849,9,5,75,125,2018,8,22,5,3,8,7,2,0,0,0,1,0,0,0,6.24433E+20,5.49622E+21,1.07223E+16,4.96057E+16
89850,9,5,71,190,2018,8,19,4,3,0,7,0,1,0,0,0,0,0,0,6.26535E+20,5.46724E+21,1.07421E+16,4.93447E+16
89851,9,1,76,126,2018,8,11,6,3,0,1,0,1,0,0,0,0,0,0,6.74541E+20,5.40653E+21,1.13763E+16,4.87873E+16
89852,9,5,71,145,2018,8,11,4,3,2,6,0,0,1,0,0,0,0,0,5.9732E+20,5.44869E+21,1.03355E+16,4.91833E+16
89853,9,6,75,141,2018,8,19,5,3,5,3,0,1,0,0,0,0,0,0,5.84688E+20,5.50964E+21,1.01752E+16,4.97333E+16
89854,9,5,75,135,2018,8,11,4,2,9,1,0,0,0,0,1,0,0,0,6.10971E+20,5.48647E+21,1.05333E+16,4.95206E+16
89855,9,5,75,168,2018,8,8,4,3,0,7,0,0,0,0,1,0,0,1,5.90026E+20,5.48819E+21,1.02443E+16,4.95396E+16
89856,9,5,72,121,2018,8,1,6,3,8,1,2,0,0,0,0,1,0,0,6.58499E+20,5.49418E+21,1.11926E+16,4.95794E+16
89857,9,5,71,135,2018,8,11,5,3,8,7,0,0,1,0,0,0,0,0,6.22673E+20,5.47304E+21,1.06907E+16,4.93977E+16
89858,9,4,79,169,2018,8,16,4,3,2,6,0,0,1,0,1,0,0,0,7.15978E+20,5.54591E+21,1.20155E+16,5.00263E+16
89859,9,2,75,141,2018,8,17,6,3,9,7,0,0,0,0,1,0,0,0,8.22191E+20,5.37063E+21,1.3354E+16,4.84063E+16
89860,9,5,71,130,2018,8,8,5,3,5,6,0,0,1,0,0,0,0,0,6.02077E+20,5.46603E+21,1.04052E+16,4.93384E+16
89861,9,6,71,148,2018,8,20,5,1,8,1,0,0,0,0,1,0,0,0,5.27821E+20,5.53782E+21,9.38814E+15,4.99921E+16
89862,9,4,73,166,2018,8,23,4,3,0,1,2,1,0,0,0,0,0,0,6.51079E+20,5.56727E+21,1.11186E+16,5.02383E+16
89863,9,1,78,129,2018,8,22,6,2,4,6,2,0,1,0,0,0,0,0,7.10937E+20,5.37142E+21,1.18534E+16,4.84605E+16
89864,9,4,71,140,2018,8,7,4,3,8,7,0,0,0,0,0,1,0,0,6.35019E+20,5.53164E+21,1.0881E+16,4.99219E+16
89865,9,4,74,126,2018,8,10,4,2,5,2,0,0,1,0,1,0,0,0,6.4948E+20,5.50674E+21,1.10727E+16,4.96946E+16
89866,9,4,76,178,2018,8,3,6,3,9,7,2,0,1,0,0,0,0,0,6.62681E+20,5.57721E+21,1.12855E+16,5.03245E+16
89867,9,5,71,183,2018,8,17,5,3,4,6,0,0,1,0,0,1,0,0,6.03205E+20,5.47456E+21,1.04229E+16,4.94149E+16
89868,9,4,74,140,2018,8,16,4,2,2,6,0,0,1,0,1,0,0,0,6.61308E+20,5.49855E+21,1.12332E+16,4.9618E+16
89869,9,4,71,142,2018,8,18,4,3,0,6,0,0,1,0,1,0,0,0,6.52106E+20,5.52696E+21,1.1117E+16,4.98757E+16
89870,9,4,61,0,2018,8,18,4,3,4,2,0,1,1,0,0,0,0,0,6.37071E+20,5.53083E+21,1.09093E+16,4.99142E+16
89871,9,5,77,172,2018,8,7,6,3,2,2,0,0,1,0,0,0,0,0,6.3208E+20,5.4387E+21,1.0809E+16,4.90869E+16
89872,9,4,75,156,2018,8,16,5,3,1,6,0,0,1,0,0,0,0,0,6.92048E+20,5.58031E+21,1.16992E+16,5.03436E+16
89873,9,4,61,0,2018,8,14,4,3,1,3,0,1,1,0,0,0,0,0,6.37944E+20,5.52785E+21,1.09204E+16,4.98871E+16
89874,9,1,90,132,2018,8,10,6,3,5,3,0,1,1,0,0,0,0,0,6.75297E+20,5.29376E+21,1.13398E+16,4.77734E+16
89875,9,4,63,0,2018,8,15,5,3,2,2,0,0,1,0,0,0,0,0,6.39721E+20,5.56808E+21,1.09598E+16,5.02484E+16
89876,9,3,74,162,2018,8,17,4,2,4,6,0,0,1,0,0,1,0,0,7.4412E+20,5.5E+21,1.23789E+16,4.96032E+16
89877,9,1,62,0,2018,8,15,5,2,3,6,0,0,1,0,1,0,0,0,6.93285E+20,5.33869E+21,1.15999E+16,4.8172E+16
89878,9,6,75,147,2018,8,16,5,3,2,6,0,0,1,0,0,0,0,0,5.82518E+20,5.5024E+21,1.01436E+16,4.96685E+16
89879,9,7,79,131,2018,8,18,6,3,8,1,0,0,1,0,0,0,0,0,6.32777E+20,5.39644E+21,1.08048E+16,4.87069E+16
89880,9,3,73,134,2018,8,17,4,3,9,6,0,0,1,0,0,0,0,0,7.07094E+20,5.4489E+21,1.18405E+16,4.91579E+16
89881,9,3,75,165,2018,8,15,4,3,1,6,0,0,1,0,0,0,0,0,7.261E+20,5.43688E+21,1.20941E+16,4.90433E+16
89882,9,3,72,126,2018,8,17,6,2,4,2,0,0,1,0,0,0,0,1,7.80467E+20,5.46724E+21,1.28577E+16,4.92935E+16
89883,9,4,73,151,2018,8,12,5,3,8,1,0,0,1,0,0,0,0,1,6.50253E+20,5.57532E+21,1.11103E+16,5.03108E+16
89884,9,3,73,147,2018,8,20,4,3,8,1,0,0,1,0,0,0,0,1,6.78764E+20,5.46352E+21,1.14589E+16,4.92983E+16
89885,9,1,82,123,2018,8,14,6,3,4,2,0,0,1,0,0,0,0,0,7.17203E+20,5.30137E+21,1.19023E+16,4.7829E+16
89886,9,4,76,175,2018,8,16,5,2,8,1,0,0,0,0,1,0,0,0,6.67394E+20,5.58733E+21,1.13561E+16,5.04141E+16
89887,9,3,71,131,2018,8,17,4,3,8,1,0,0,1,0,0,0,0,1,6.95072E+20,5.47805E+21,1.16901E+16,4.94238E+16
89888,9,1,89,155,2018,8,19,6,3,5,3,0,1,1,0,0,0,0,0,7.72049E+20,5.30859E+21,1.26383E+16,4.78729E+16
89889,9,4,62,0,2018,8,12,5,3,5,3,0,0,1,0,0,1,0,0,6.87141E+20,5.53844E+21,1.16097E+16,4.9969E+16
89890,9,3,76,150,2018,8,4,4,3,7,7,2,0,1,0,0,0,0,0,7.2402E+20,5.49207E+21,1.20966E+16,4.95398E+16
89891,9,7,64,0,2018,8,21,5,3,5,3,1,0,1,0,0,0,0,0,5.8752E+20,5.31745E+21,1.01734E+16,4.80044E+16
89892,9,3,76,150,2018,8,18,4,3,8,1,0,0,1,0,0,0,0,0,7.28978E+20,5.49162E+21,1.21648E+16,4.95338E+16
89893,9,6,77,131,2018,8,19,6,2,8,1,0,0,0,0,1,0,0,0,5.47558E+20,5.54685E+21,9.6646E+15,5.00721E+16
89894,9,3,71,118,2018,8,19,4,3,8,1,0,0,0,0,1,0,0,0,7.19113E+20,5.47395E+21,1.20189E+16,4.93788E+16
89895,9,3,61,0,2018,8,19,4,3,0,1,0,0,0,0,1,0,0,1,7.06041E+20,5.4805E+21,1.18424E+16,4.94422E+16
89896,9,3,73,156,2018,8,15,6,2,5,3,0,0,1,0,1,0,0,0,6.67672E+20,5.45942E+21,1.13047E+16,4.92646E+16
89897,9,4,74,121,2018,8,8,5,3,4,6,0,0,1,0,0,0,0,0,6.58108E+20,5.51795E+21,1.11968E+16,4.97932E+16
89898,9,2,63,0,2018,8,17,4,3,1,6,0,0,1,0,0,0,0,0,7.59934E+20,5.41993E+21,1.25454E+16,4.88778E+16
89899,9,1,82,132,2018,8,7,6,3,4,6,0,0,1,0,0,0,0,0,7.07251E+20,5.28681E+21,1.17625E+16,4.77014E+16
89900,9,2,78,146,2018,8,6,4,3,0,6,0,0,1,0,0,0,1,0,7.57217E+20,5.40706E+21,1.25004E+16,4.87634E+16
89901,9,6,75,146,2018,8,15,5,3,8,7,0,0,1,0,0,0,0,0,5.82536E+20,5.51537E+21,1.01466E+16,4.97851E+16
89902,9,2,71,126,2018,8,20,4,2,0,7,1,0,0,0,1,0,0,0,8.04E+20,5.41972E+21,1.31448E+16,4.88559E+16
89903,9,2,78,189,2018,8,12,4,3,8,7,0,0,0,0,0,0,1,0,7.67147E+20,5.43897E+21,1.26561E+16,4.90456E+16
89904,9,5,74,112,2018,8,15,6,3,3,6,0,0,1,0,0,0,0,0,6.75823E+20,5.47649E+21,1.14242E+16,4.94157E+16
89905,9,3,72,125,2018,8,15,4,3,9,1,0,0,0,0,1,0,0,0,7.57038E+20,5.43982E+21,1.25186E+16,4.90576E+16
89906,9,7,80,145,2018,8,13,5,3,0,1,0,1,0,0,0,0,0,0,6.06118E+20,5.27141E+21,1.04114E+16,4.75874E+16
89907,9,2,77,126,2018,8,21,4,2,0,1,2,1,0,0,0,0,0,0,7.91539E+20,5.38334E+21,1.29497E+16,4.85353E+16
89908,9,6,76,145,2018,8,10,6,2,5,3,0,1,1,0,0,0,0,0,5.0984E+20,5.51994E+21,9.13682E+15,4.98318E+16
89909,9,2,77,138,2018,8,12,4,3,2,6,0,0,1,0,0,0,0,0,7.91678E+20,5.3713E+21,1.29432E+16,4.84273E+16
89910,9,2,75,150,2018,8,13,4,3,4,2,0,0,1,0,0,0,0,0,8.32767E+20,5.39191E+21,1.35134E+16,4.85917E+16
89911,9,3,71,113,2018,8,6,6,2,9,1,0,0,1,0,0,0,0,0,6.87968E+20,5.5128E+21,1.16088E+16,4.97382E+16
89912,9,4,71,174,2018,8,18,5,2,5,2,0,0,1,0,0,0,0,0,6.35492E+20,5.54189E+21,1.08912E+16,5.00139E+16
89913,9,2,62,0,2018,8,6,4,3,3,6,0,1,1,0,0,0,0,0,8.26263E+20,5.38796E+21,1.34223E+16,4.85597E+16
89914,9,1,76,124,2018,8,7,6,3,4,6,0,0,0,0,0,1,1,0,6.6991E+20,5.40977E+21,1.13146E+16,4.88177E+16
89915,9,1,79,142,2018,8,7,4,3,2,6,0,0,1,0,0,1,0,0,6.77432E+20,5.34235E+21,1.13884E+16,4.82095E+16
89916,9,2,72,150,2018,8,21,4,2,8,1,2,0,0,0,1,0,0,0,8.19633E+20,5.40802E+21,1.33482E+16,4.8743E+16
89917,9,6,75,141,2018,8,16,5,2,0,7,0,1,0,0,0,0,0,0,5.83658E+20,5.51026E+21,1.01611E+16,4.9739E+16
89918,9,2,72,149,2018,8,15,4,3,3,2,0,0,1,0,1,0,0,0,8.17914E+20,5.42664E+21,1.33393E+16,4.8911E+16
89919,9,2,72,149,2018,8,10,4,2,8,1,0,0,0,0,1,0,0,0,8.19914E+20,5.42654E+21,1.33665E+16,4.89091E+16
89920,9,5,74,160,2018,8,14,6,2,0,1,0,0,0,0,1,0,0,0,6.81813E+20,5.49832E+21,1.15167E+16,4.961E+16
89921,9,3,63,0,2018,8,15,5,3,0,1,0,1,0,0,0,0,0,0,7.28103E+20,5.50796E+21,1.21622E+16,4.96809E+16
89922,9,2,72,145,2018,8,13,4,3,5,2,0,0,1,0,0,0,0,0,8.10323E+20,5.41926E+21,1.32304E+16,4.88486E+16
89923,9,2,61,0,2018,8,19,6,2,3,6,0,0,1,0,0,0,0,0,7.34237E+20,5.38223E+21,1.21741E+16,4.85494E+16