OBJECTID_1,ULAND,UREGBEZ,UKREIS,UGEMEINDE,UJAHR,UMONAT,USTUNDE,UWOCHENTAG,UKATEGORIE,UART,UTYP1,ULICHTVERH,IstRad,IstPKW,IstFuss,IstKrad,IstGkfz,IstSonstig,STRZUSTAND,LINREFX,LINREFY,XGCSWGS84,YGCSWGS84
89924,9,3,62,0,2018,8,17,5,3,3,3,0,0,1,0,0,0,1,0,7.28952E+20,5.43211E+21,1.21304E+16,4.89994E+16
89925,9,2,72,141,2018,8,18,4,3,1,6,0,0,1,0,0,0,0,0,8.33238E+20,5.40632E+21,1.35313E+16,4.87207E+16
89926,9,2,72,141,2018,8,22,4,3,0,1,2,0,0,0,1,0,0,0,8.31185E+20,5.41183E+21,1.35079E+16,4.87712E+16
89927,9,2,77,145,2018,8,19,6,3,0,1,0,1,0,0,0,0,0,0,7.98953E+20,5.35396E+21,1.3029E+16,4.82682E+16
89928,9,2,77,122,2018,8,15,4,3,5,3,0,0,1,0,1,0,0,0,7.70965E+20,5.36274E+21,1.26582E+16,4.83596E+16
89929,9,1,81,143,2018,8,10,6,2,5,3,0,0,1,0,0,1,0,0,6.38172E+20,5.31592E+21,1.08517E+16,4.79817E+16
89930,9,2,73,165,2018,8,17,4,3,2,6,0,0,1,0,0,0,0,0,7.1559E+20,5.41092E+21,1.19368E+16,4.88138E+16
89931,9,2,79,112,2018,8,17,4,3,2,6,0,0,1,0,1,0,0,0,7.56698E+20,5.39386E+21,1.24851E+16,4.86451E+16
89932,9,5,75,112,2018,8,10,6,3,2,6,0,0,1,0,0,1,0,0,6.0263E+20,5.48691E+21,1.04182E+16,4.95261E+16
89933,9,1,90,135,2018,8,18,4,2,5,3,0,0,0,0,1,0,1,0,6.59876E+20,5.29426E+21,1.11343E+16,4.77819E+16
89934,9,1,80,135,2018,8,16,6,3,0,7,0,1,0,0,0,0,0,0,6.52521E+20,5.27596E+21,1.10298E+16,4.76191E+16
89935,9,1,90,132,2018,8,15,4,2,9,1,0,0,1,0,0,0,0,0,6.74395E+20,5.29527E+21,1.13284E+16,4.77872E+16
89936,9,1,62,0,2018,8,11,5,3,4,2,0,1,1,0,0,0,0,0,6.87277E+20,5.33509E+21,1.15175E+16,4.81415E+16
89937,9,1,80,114,2018,8,8,4,3,5,3,0,0,1,0,0,0,0,0,6.64089E+20,5.27419E+21,1.1183E+16,4.76003E+16
89938,9,7,71,112,2018,8,20,6,3,5,2,0,0,1,0,0,0,0,0,6.44913E+20,5.36729E+21,1.09595E+16,4.84421E+16
89939,9,1,73,133,2018,8,13,4,2,8,1,0,0,0,0,1,0,0,0,6.76816E+20,5.27745E+21,1.13534E+16,4.76263E+16
89940,9,1,75,115,2018,8,14,6,2,4,6,0,0,1,0,0,0,0,0,7.2291E+20,5.32982E+21,1.19932E+16,4.80826E+16
89941,9,1,89,149,2018,8,11,4,3,8,1,0,0,0,0,1,0,0,0,7.57799E+20,5.3326E+21,1.24625E+16,4.80944E+16
89942,9,1,89,157,2018,8,16,4,3,5,3,0,0,1,0,0,0,1,0,7.67679E+20,5.32846E+21,1.25924E+16,4.80532E+16
89943,9,4,71,165,2018,8,15,6,3,0,3,0,0,1,0,0,1,0,0,6.27653E+20,5.53262E+21,1.07788E+16,4.99323E+16
89944,9,1,89,133,2018,8,17,4,3,2,6,0,0,1,0,1,0,0,0,7.5276E+20,5.32325E+21,1.23894E+16,4.80125E+16
89945,9,1,83,120,2018,8,11,6,2,5,3,0,0,1,0,0,1,0,0,7.47947E+20,5.35057E+21,1.23409E+16,4.82597E+16
89946,9,1,89,154,2018,8,16,4,3,5,2,0,1,1,0,0,0,0,0,7.67991E+20,5.31876E+21,1.25905E+16,4.79659E+16
89947,9,7,77,183,2018,8,16,5,3,8,1,0,0,0,0,1,0,0,0,6.31016E+20,5.29447E+21,1.07493E+16,4.77902E+16
89948,9,1,83,128,2018,8,21,4,3,8,1,2,0,0,0,1,0,0,0,7.62094E+20,5.34754E+21,1.25293E+16,4.82268E+16
89949,9,6,72,114,2018,8,23,6,2,8,1,2,0,0,0,1,0,0,0,5.78957E+20,5.55642E+21,1.01053E+16,5.01547E+16
89950,9,1,83,144,2018,8,6,4,3,5,2,0,1,1,0,0,0,0,0,7.41688E+20,5.35168E+21,1.22574E+16,4.82722E+16
89951,9,1,89,152,2018,8,16,4,3,5,3,0,1,1,0,0,0,0,0,7.75492E+20,5.32874E+21,1.26972E+16,4.80524E+16
89952,9,3,76,162,2018,8,18,6,3,8,1,0,0,1,0,0,0,0,1,7.29522E+20,5.47803E+21,1.21644E+16,4.94116E+16
89953,9,6,74,147,2018,8,5,5,3,0,1,0,0,0,0,1,0,0,1,6.07891E+20,5.54354E+21,1.05066E+16,5.00344E+16
89954,9,1,71,123,2018,8,13,4,3,0,1,0,1,0,0,0,0,0,0,7.84246E+20,5.34805E+21,1.28272E+16,4.82219E+16
89955,9,1,87,165,2018,8,4,4,3,8,7,2,0,0,0,0,1,0,0,7.27359E+20,5.30047E+21,1.20373E+16,4.78173E+16
89956,9,3,75,175,2018,8,11,6,2,0,1,0,1,0,0,0,0,0,0,7.18053E+20,5.43523E+21,1.19833E+16,4.90314E+16
89957,9,1,87,168,2018,8,8,4,1,0,7,0,1,0,0,0,0,0,0,7.49626E+20,5.30847E+21,1.23389E+16,4.7881E+16
89958,9,1,87,118,2018,8,12,6,3,2,6,0,0,1,0,0,0,0,0,7.52624E+20,5.30084E+21,1.23745E+16,4.78112E+16
89959,9,1,82,114,2018,8,18,4,2,4,6,0,0,1,0,0,0,1,0,7.20251E+20,5.28825E+21,1.19363E+16,4.77101E+16
89960,9,7,72,147,2018,8,10,5,3,9,7,0,0,1,0,0,0,0,0,6.38195E+20,5.3648E+21,1.08679E+16,4.84212E+16
89961,9,1,87,129,2018,8,11,4,2,4,7,0,0,1,0,0,0,0,0,7.25984E+20,5.29858E+21,1.2018E+16,4.78009E+16
89962,9,1,82,116,2018,8,2,4,2,8,1,2,0,0,0,1,0,0,0,7.03998E+20,5.29599E+21,1.17235E+16,4.77849E+16
89963,9,6,71,114,2018,8,15,6,2,5,3,0,0,1,0,1,0,0,0,5.03098E+20,5.543E+21,9.04326E+15,5.00393E+16
89964,9,1,82,129,2018,8,22,4,3,5,2,2,1,1,0,0,0,0,0,7.07886E+20,5.28579E+21,1.17705E+16,4.7692E+16
89965,9,1,87,117,2018,8,10,4,3,2,6,0,0,1,0,0,0,0,0,7.25439E+20,5.3064E+21,1.20148E+16,4.78713E+16
89966,9,2,71,119,2018,8,16,6,3,2,6,0,0,1,0,0,0,0,0,7.91823E+20,5.4136E+21,1.29749E+16,4.88067E+16
89967,9,1,85,153,2018,8,15,4,2,8,1,0,0,0,0,1,0,0,0,6.53679E+20,5.40626E+21,1.10924E+16,4.87903E+16
89968,9,1,76,112,2018,8,19,6,3,3,6,0,1,1,0,0,0,0,0,6.91531E+20,5.41745E+21,1.16125E+16,4.88804E+16
89969,9,1,74,113,2018,8,6,4,3,7,6,0,0,1,0,0,1,0,0,6.70376E+20,5.34805E+21,1.12957E+16,4.82628E+16
89970,9,3,75,175,2018,8,15,5,3,8,1,0,0,1,0,0,0,0,1,7.15773E+20,5.43484E+21,1.19519E+16,4.90286E+16
89971,9,5,64,0,2018,8,8,1,3,8,1,0,0,1,0,0,0,0,0,6.52432E+20,5.47754E+21,1.11023E+16,4.94314E+16
89972,9,2,71,119,2018,8,17,3,3,0,1,0,0,0,0,1,0,0,0,7.89184E+20,5.41657E+21,1.29411E+16,4.88346E+16
89973,9,5,64,0,2018,8,16,1,3,2,6,0,0,1,0,1,0,0,0,6.47781E+20,5.47392E+21,1.10369E+16,4.94E+16
89974,9,7,75,162,2018,8,11,2,3,2,6,0,0,1,0,0,0,0,0,5.79836E+20,5.34762E+21,1.0076E+16,4.82768E+16
89975,9,5,77,113,2018,8,11,1,3,5,3,0,0,1,0,0,0,0,0,6.34069E+20,5.43458E+21,1.08348E+16,4.90495E+16
89976,9,5,77,177,2018,8,15,1,2,8,1,0,0,0,0,1,0,0,0,6.46222E+20,5.42649E+21,1.09981E+16,4.8974E+16
89977,9,4,72,175,2018,8,6,2,3,8,1,0,0,0,0,0,0,1,0,6.79413E+20,5.51902E+21,1.14931E+16,4.97968E+16
89978,9,5,71,216,2018,8,13,1,3,9,6,0,0,1,0,0,0,0,0,6.20757E+20,5.45208E+21,1.0658E+16,4.92096E+16
89979,9,1,90,131,2018,8,7,2,2,4,6,0,0,1,0,0,1,0,0,6.61665E+20,5.2924E+21,1.11575E+16,4.77647E+16
89980,9,4,64,0,2018,8,18,1,2,5,3,0,0,0,0,1,0,1,0,7.08302E+20,5.5745E+21,1.19241E+16,5.02858E+16
89981,9,1,83,130,2018,8,15,3,3,4,6,0,0,1,0,0,0,0,0,7.64107E+20,5.35655E+21,1.2562E+16,4.8307E+16
89982,9,6,79,180,2018,8,4,2,2,2,6,2,0,1,0,0,1,0,0,5.7139E+20,5.52379E+21,9.99331E+15,4.98622E+16
89983,9,4,76,180,2018,8,12,1,3,8,1,0,1,0,0,0,0,0,0,6.6914E+20,5.58505E+21,1.13797E+16,5.03931E+16
89984,9,4,76,183,2018,8,21,1,3,8,6,2,0,1,0,1,0,0,0,6.71349E+20,5.57058E+21,1.14041E+16,5.02625E+16
89985,9,3,71,131,2018,8,12,2,2,8,1,0,0,0,0,1,0,0,0,6.95008E+20,5.47903E+21,1.16897E+16,4.94327E+16
89986,9,4,74,123,2018,8,18,1,2,0,1,0,0,0,0,1,0,0,0,6.51483E+20,5.51304E+21,1.11029E+16,4.97507E+16
89987,9,4,77,143,2018,8,17,3,3,1,6,0,0,1,0,0,0,0,0,6.8574E+20,5.55329E+21,1.15974E+16,5.01028E+16
89988,9,4,74,123,2018,8,9,1,3,0,1,0,0,0,0,1,0,1,0,6.46533E+20,5.51526E+21,1.10351E+16,4.97719E+16
89989,9,4,71,165,2018,8,20,2,2,7,7,0,0,1,0,0,0,0,0,6.25797E+20,5.53392E+21,1.07533E+16,4.99444E+16
89990,9,7,74,171,2018,8,17,1,3,8,1,0,0,1,0,0,0,0,0,6.00136E+20,5.36956E+21,1.03548E+16,4.84712E+16
89991,9,4,74,140,2018,8,10,1,2,4,7,0,1,1,0,0,0,0,0,6.63552E+20,5.49781E+21,1.1264E+16,4.96107E+16
89992,9,7,74,185,2018,8,15,6,3,1,3,0,0,1,0,0,0,0,0,6.08523E+20,5.34989E+21,1.04631E+16,4.82929E+16
89993,9,1,87,165,2018,8,12,2,3,2,6,0,0,1,0,0,0,0,0,7.32998E+20,5.29968E+21,1.21121E+16,4.78082E+16
89994,9,4,71,131,2018,8,13,1,2,5,6,0,0,1,0,1,0,0,0,6.34141E+20,5.51661E+21,1.08636E+16,4.97869E+16
89995,9,1,82,127,2018,8,9,3,3,6,2,0,0,1,1,0,0,0,0,6.99925E+20,5.30963E+21,1.16755E+16,4.79088E+16
89996,9,6,73,135,2018,8,10,2,3,0,1,0,1,0,0,0,0,0,0,5.8348E+20,5.57431E+21,1.01725E+16,5.0315E+16
89997,9,3,77,157,2018,8,13,1,2,0,6,0,0,1,0,1,0,0,0,7.21901E+20,5.53301E+21,1.20906E+16,4.99083E+16
89998,9,3,72,116,2018,8,15,1,3,8,1,0,0,1,0,0,0,0,0,7.67396E+20,5.45978E+21,1.26733E+16,4.92324E+16
89999,9,2,78,123,2018,8,23,2,2,9,1,2,1,0,0,0,0,0,0,7.48361E+20,5.41333E+21,1.23839E+16,4.88233E+16
90000,9,3,76,150,2018,8,14,1,3,0,7,0,0,1,0,0,0,0,0,7.32992E+20,5.49569E+21,1.22226E+16,4.95689E+16
90001,9,3,74,162,2018,8,17,3,3,5,3,0,0,1,0,0,1,0,0,7.4221E+20,5.50129E+21,1.23533E+16,4.96155E+16
90002,9,1,74,122,2018,8,16,2,3,2,6,0,0,1,0,0,0,0,0,6.84717E+20,5.35439E+21,1.14916E+16,4.83157E+16
90003,9,3,76,153,2018,8,17,1,2,8,1,0,1,0,0,0,0,0,0,7.34498E+20,5.48906E+21,1.22394E+16,4.95088E+16
90004,9,1,75,122,2018,8,17,3,3,5,3,0,0,1,0,1,0,0,1,7.21006E+20,5.32607E+21,1.19657E+16,4.80496E+16
90005,9,1,86,146,2018,8,8,2,3,2,2,0,0,1,0,1,0,0,0,6.85403E+20,5.37136E+21,1.15083E+16,4.8468E+16
90006,9,3,71,156,2018,8,11,1,2,2,6,0,1,1,0,0,0,0,0,7.02679E+20,5.50029E+21,1.18062E+16,4.96211E+16
90007,9,1,84,118,2018,8,21,3,3,9,6,2,0,1,0,0,0,0,0,7.01747E+20,5.33563E+21,1.17121E+16,4.81419E+16
90008,9,3,71,129,2018,8,14,1,2,9,1,0,0,0,0,1,0,0,0,7.04714E+20,5.46378E+21,1.18155E+16,4.92924E+16
90009,9,6,71,111,2018,8,16,2,3,4,2,0,1,1,0,0,0,0,0,5.02275E+20,5.54816E+21,9.0318E+15,5.00857E+16
90010,9,3,61,0,2018,8,12,1,2,6,4,0,0,0,1,1,0,0,0,7.07199E+20,5.48057E+21,1.18584E+16,4.94425E+16
90011,9,3,71,154,2018,8,18,1,1,4,1,0,0,1,0,1,0,0,0,7.00317E+20,5.47658E+21,1.17616E+16,4.94089E+16
90012,9,2,75,145,2018,8,13,2,3,8,6,0,0,0,0,1,0,0,0,8.24436E+20,5.37882E+21,1.33906E+16,4.84787E+16
90013,9,2,76,144,2018,8,14,1,3,0,1,0,0,0,0,1,0,0,0,7.84424E+20,5.44523E+21,1.28964E+16,4.90941E+16
90014,9,3,71,121,2018,8,11,3,3,1,5,0,0,1,0,0,0,0,0,7.09922E+20,5.50023E+21,1.19064E+16,4.96181E+16
90015,9,1,75,122,2018,8,9,2,2,1,6,0,0,1,0,1,0,0,0,7.19766E+20,5.32727E+21,1.19497E+16,4.80609E+16
90016,9,2,71,141,2018,8,15,1,2,4,7,0,0,1,0,1,0,0,0,7.97332E+20,5.40113E+21,1.30407E+16,4.86923E+16
90017,9,7,75,139,2018,8,13,2,3,4,6,0,1,0,0,0,0,0,0,5.78562E+20,5.365E+21,1.00621E+16,4.84332E+16
90018,9,2,78,143,2018,8,10,1,2,4,6,0,0,0,0,1,0,0,0,7.71337E+20,5.44022E+21,1.27142E+16,4.9055E+16
90019,9,2,78,143,2018,8,16,1,3,8,1,0,0,0,0,1,0,0,0,7.70733E+20,5.44201E+21,1.27071E+16,4.90714E+16
90020,9,4,64,0,2018,8,12,2,3,1,6,0,0,1,0,0,1,0,0,7.05195E+20,5.57743E+21,1.18822E+16,5.03133E+16
90021,9,2,77,145,2018,8,10,1,2,5,3,0,0,1,0,1,0,0,0,7.9985E+20,5.35452E+21,1.30414E+16,4.82728E+16
90022,9,2,75,134,2018,8,12,1,2,9,1,0,0,0,0,1,0,0,0,8.26154E+20,5.37697E+21,1.34123E+16,4.84612E+16
90023,9,2,62,0,2018,8,19,1,3,2,6,0,0,1,0,1,0,0,0,8.29198E+20,5.38963E+21,1.34633E+16,4.85732E+16
90024,9,5,73,130,2018,8,14,2,3,5,2,0,0,1,0,0,0,0,0,6.36047E+20,5.48563E+21,1.08793E+16,4.9508E+16
90025,9,2,74,128,2018,8,2,1,3,8,1,2,0,1,0,0,0,0,0,7.4229E+20,5.38931E+21,1.22872E+16,4.86099E+16
90026,9,2,74,172,2018,8,17,1,3,0,6,0,0,1,0,0,0,0,0,7.15839E+20,5.39596E+21,1.19323E+16,4.86793E+16
90027,9,2,77,131,2018,8,14,2,2,4,6,0,0,1,0,0,0,0,0,7.75165E+20,5.38157E+21,1.27272E+16,4.85268E+16
90028,9,2,61,0,2018,8,17,1,3,2,6,0,0,1,0,1,0,0,0,7.31332E+20,5.38207E+21,1.21348E+16,4.85491E+16
90029,9,2,75,141,2018,8,9,3,3,3,7,0,0,1,0,0,0,0,0,8.2074E+20,5.37104E+21,1.33347E+16,4.84108E+16
90030,9,7,78,204,2018,8,10,6,3,2,6,0,0,1,0,0,0,0,0,6.16916E+20,5.32862E+21,1.05704E+16,4.81001E+16
90031,9,2,61,0,2018,8,17,1,3,5,3,0,0,1,0,1,0,0,0,7.32795E+20,5.38306E+21,1.21551E+16,4.85574E+16
90032,9,7,74,178,2018,8,5,2,3,8,1,0,0,1,0,0,0,0,0,6.06234E+20,5.36416E+21,1.04359E+16,4.84216E+16
90033,9,2,79,112,2018,8,18,1,3,2,6,0,0,1,0,0,0,0,0,7.5368E+20,5.39313E+21,1.24438E+16,4.86397E+16
90034,9,2,79,130,2018,8,11,1,3,2,7,0,0,1,0,0,0,0,0,7.47932E+20,5.39192E+21,1.23652E+16,4.86312E+16
90035,9,4,74,126,2018,8,16,2,3,9,1,0,0,1,0,0,0,0,0,6.49964E+20,5.50683E+21,1.10795E+16,4.96953E+16
90036,9,7,80,112,2018,8,15,1,3,0,7,0,1,0,1,0,0,0,0,5.91057E+20,5.29444E+21,1.02159E+16,4.77969E+16
90037,9,1,90,138,2018,8,13,1,3,5,3,0,0,1,0,1,0,0,0,6.61005E+20,5.31053E+21,1.11554E+16,4.79278E+16
90038,9,7,80,117,2018,8,20,6,2,0,6,0,0,1,0,0,0,0,0,5.90307E+20,5.28643E+21,1.02042E+16,4.77249E+16
90039,9,1,72,117,2018,8,12,2,3,0,3,0,0,1,0,1,0,0,0,7.99535E+20,5.28245E+21,1.2987E+16,4.76261E+16
90040,9,1,90,140,2018,8,10,1,2,9,1,0,0,0,0,1,0,0,0,6.4511E+20,5.30394E+21,1.09406E+16,4.78724E+16
90041,9,1,72,112,2018,8,16,3,2,4,6,0,0,1,0,0,0,0,0,7.89495E+20,5.30458E+21,1.28684E+16,4.78293E+16
90042,9,1,84,142,2018,8,17,1,3,5,3,0,0,1,0,0,0,0,0,6.80627E+20,5.31852E+21,1.14212E+16,4.79944E+16
90043,9,2,74,174,2018,8,13,2,3,0,7,0,1,0,0,0,1,0,0,7.46076E+20,5.39398E+21,1.23413E+16,4.86504E+16
90044,9,1,90,152,2018,8,10,1,3,8,1,0,0,0,0,1,0,0,0,6.71749E+20,5.29709E+21,1.12938E+16,4.78043E+16
90045,9,1,80,117,2018,8,18,3,3,3,6,0,1,0,0,0,0,1,0,6.5915E+20,5.26178E+21,1.11128E+16,4.749E+16
90046,9,1,80,134,2018,8,13,1,3,8,1,0,1,0,0,0,0,0,0,6.58803E+20,5.28678E+21,1.11173E+16,4.77149E+16
90047,9,7,74,151,2018,8,5,2,3,7,7,1,1,0,0,0,0,0,0,6.13102E+20,5.36495E+21,1.05289E+16,4.84275E+16
90048,9,1,89,119,2018,8,18,1,3,2,6,0,0,1,0,0,0,0,0,7.65908E+20,5.30323E+21,1.25531E+16,4.78274E+16
90049,9,1,89,149,2018,8,13,1,2,5,3,0,0,1,0,0,0,0,0,7.63354E+20,5.33079E+21,1.25359E+16,4.80759E+16
90050,9,3,75,156,2018,8,16,2,3,3,6,0,0,1,0,0,0,1,0,7.16658E+20,5.44926E+21,1.19717E+16,4.91579E+16
90051,9,7,63,0,2018,8,9,1,3,5,7,0,0,1,0,0,0,0,0,5.99401E+20,5.28939E+21,1.03262E+16,4.77502E+16
90052,9,1,89,142,2018,8,9,1,3,5,3,0,0,1,0,0,0,0,0,7.53979E+20,5.33083E+21,1.24102E+16,4.80801E+16
90053,9,4,78,155,2018,8,7,3,3,2,6,0,0,1,0,0,0,0,0,6.57216E+20,5.56063E+21,1.12019E+16,5.01769E+16
90054,9,1,82,132,2018,8,6,2,3,1,3,0,1,1,0,0,0,0,0,7.07136E+20,5.28689E+21,1.1761E+16,4.77021E+16
90055,9,1,72,132,2018,8,2,1,2,0,4,2,0,1,1,0,0,0,0,7.98833E+20,5.27971E+21,1.29758E+16,4.76018E+16
90056,9,1,87,179,2018,8,16,3,3,2,6,0,0,1,0,0,0,1,0,7.2562E+20,5.31448E+21,1.20214E+16,4.79438E+16
90057,9,1,72,129,2018,8,14,1,3,2,2,0,0,1,0,1,0,0,0,7.91789E+20,5.28099E+21,1.28832E+16,4.76166E+16
90058,9,6,78,178,2018,8,9,2,3,5,6,0,0,1,0,0,0,0,0,5.89202E+20,5.54296E+21,1.02455E+16,5.00323E+16
90059,9,1,72,129,2018,8,10,1,3,4,6,0,0,1,0,1,0,0,0,7.93889E+20,5.28032E+21,1.29106E+16,4.76095E+16
90060,9,1,84,114,2018,8,10,1,3,2,6,0,0,1,0,0,0,0,0,6.99563E+20,5.3197E+21,1.16753E+16,4.79994E+16
90061,9,2,77,145,2018,8,16,2,3,6,7,0,0,1,1,0,0,0,0,7.99278E+20,5.35331E+21,1.30329E+16,4.82622E+16
90062,9,6,77,137,2018,8,17,2,3,4,1,0,0,1,0,0,0,0,0,5.33897E+20,5.51463E+21,9.47086E+15,4.97832E+16
90063,9,1,87,131,2018,8,15,1,3,3,7,0,0,1,0,0,0,0,0,7.34515E+20,5.29188E+21,1.21281E+16,4.77376E+16
90064,9,1,87,177,2018,8,13,1,3,2,6,0,0,1,0,0,0,0,0,7.37589E+20,5.3052E+21,1.21764E+16,4.78562E+16
90065,9,2,78,190,2018,8,3,2,3,8,1,2,0,1,0,0,0,0,0,7.60642E+20,5.42799E+21,1.25602E+16,4.89498E+16
90066,9,1,82,137,2018,8,0,1,3,8,1,2,1,0,0,0,0,0,0,7.09305E+20,5.30671E+21,1.17995E+16,4.78795E+16
90067,9,4,74,133,2018,8,10,3,2,6,4,0,0,1,1,0,0,0,0,6.42765E+20,5.51376E+21,1.09822E+16,4.97593E+16
90068,9,1,61,0,2018,8,15,2,3,5,3,0,0,1,0,0,1,0,0,6.80509E+20,5.40505E+21,1.14568E+16,4.87723E+16
90069,9,1,87,179,2018,8,13,1,3,5,2,0,0,1,0,0,0,0,0,7.26396E+20,5.31523E+21,1.20322E+16,4.79503E+16
90070,9,1,78,124,2018,8,15,3,3,2,6,0,0,1,0,0,0,0,0,7.02502E+20,5.3599E+21,1.17339E+16,4.83598E+16
90071,9,1,86,143,2018,8,16,1,3,8,1,0,0,0,0,1,0,0,0,6.81E+20,5.38075E+21,1.14529E+16,4.85537E+16
90072,9,5,74,123,2018,8,9,2,3,2,6,0,0,0,0,0,1,0,0,6.62973E+20,5.48067E+21,1.12489E+16,4.94568E+16
90073,9,1,76,138,2018,8,16,1,2,8,1,0,0,0,0,1,0,0,0,6.71404E+20,5.42751E+21,1.13424E+16,4.89767E+16
90074,9,1,88,141,2018,8,15,1,3,0,1,0,1,0,0,0,0,0,0,6.69363E+20,5.30663E+21,1.12657E+16,4.78907E+16
90075,9,7,63,0,2018,8,11,1,3,3,7,0,0,1,0,0,0,0,0,6.02078E+20,5.28588E+21,1.0361E+16,4.77182E+16
90076,9,7,74,117,2018,8,13,1,3,2,6,0,1,0,0,0,0,0,0,5.9664E+20,5.34347E+21,1.03015E+16,4.8237E+16
90077,9,2,75,143,2018,8,20,2,3,7,7,1,0,1,0,0,0,0,0,8.12758E+20,5.36441E+21,1.32222E+16,4.83553E+16
90078,9,1,88,132,2018,8,21,1,2,5,3,1,0,1,0,1,0,0,0,6.64119E+20,5.32195E+21,1.12014E+16,4.80298E+16
90079,9,2,63,0,2018,8,13,3,3,1,6,0,0,1,0,0,0,0,0,7.60659E+20,5.42126E+21,1.25562E+16,4.88894E+16
90080,9,1,62,0,2018,8,15,1,3,3,6,0,0,1,0,0,0,0,0,6.87422E+20,5.33285E+21,1.15185E+16,4.81213E+16
90081,9,1,79,121,2018,8,9,1,3,2,2,0,1,0,0,0,0,0,0,6.6306E+20,5.33824E+21,1.11935E+16,4.81765E+16
90082,9,3,72,126,2018,8,17,3,2,4,6,0,0,1,0,0,0,0,0,7.79994E+20,5.4687E+21,1.28522E+16,4.93068E+16
90083,9,1,78,140,2018,8,7,2,3,8,1,0,0,1,0,0,0,0,0,7.06605E+20,5.36339E+21,1.17909E+16,4.83898E+16
90084,9,1,81,144,2018,8,17,1,3,8,1,0,0,1,0,0,0,0,0,6.53836E+20,5.32286E+21,1.10639E+16,4.80405E+16
90085,9,1,84,119,2018,8,7,2,3,5,3,0,0,1,0,0,1,0,0,6.96636E+20,5.34904E+21,1.16497E+16,4.82641E+16
90086,9,1,74,115,2018,8,12,1,3,5,3,0,1,1,0,0,0,0,0,6.81032E+20,5.34748E+21,1.1439E+16,4.82547E+16
90087,9,5,71,114,2018,8,6,2,3,8,1,0,0,1,0,0,0,0,0,5.97738E+20,5.45509E+21,1.03428E+16,4.92408E+16
90088,9,1,78,129,2018,8,13,1,3,0,1,0,1,0,0,0,0,0,0,7.09259E+20,5.37109E+21,1.18305E+16,4.84581E+16
90089,9,1,75,123,2018,8,12,1,3,2,2,0,0,1,0,0,0,0,0,7.21425E+20,5.33792E+21,1.19775E+16,4.8156E+16
90090,9,7,80,131,2018,8,19,1,2,0,1,0,0,0,0,1,0,0,0,5.9305E+20,5.25582E+21,1.02343E+16,4.74491E+16
90091,9,2,74,134,2018,8,7,2,3,5,3,0,0,1,0,0,0,0,0,7.38706E+20,5.37607E+21,1.22311E+16,4.84924E+16
90092,9,1,77,115,2018,8,15,1,3,2,6,0,0,1,0,0,0,0,0,7.28655E+20,5.35315E+21,1.20828E+16,4.82902E+16
90093,9,2,73,137,2018,8,22,3,3,4,1,2,0,1,0,0,0,1,0,7.13382E+20,5.42225E+21,1.19126E+16,4.89164E+16
90094,9,7,76,126,2018,8,1,6,3,0,6,2,1,0,0,0,0,0,0,5.60118E+20,5.27267E+21,9.79984E+15,4.76047E+16
90095,9,1,62,0,2018,8,16,7,3,2,6,0,0,1,0,0,0,0,0,6.9444E+20,5.33187E+21,1.16123E+16,4.81103E+16
90096,9,7,80,133,2018,8,13,2,2,4,6,0,0,1,0,1,0,0,0,5.86863E+20,5.25418E+21,1.0152E+16,4.74353E+16
90097,9,7,64,0,2018,8,12,7,3,0,7,0,0,0,0,1,0,1,1,5.89259E+20,5.3164E+21,1.01965E+16,4.79946E+16
90098,9,7,74,122,2018,8,11,7,2,5,3,0,0,1,0,1,0,0,0,6.07431E+20,5.35684E+21,1.04502E+16,4.83556E+16
90099,9,7,76,114,2018,8,16,1,3,8,2,0,0,1,0,1,0,0,0,5.6842E+20,5.27525E+21,9.91067E+15,4.76271E+16
90100,9,4,71,122,2018,8,13,2,2,0,1,0,1,0,0,0,0,0,0,6.17018E+20,5.52046E+21,1.06269E+16,4.98251E+16
90101,9,7,80,140,2018,8,7,7,2,5,3,0,0,1,0,1,0,0,0,6.00167E+20,5.28104E+21,1.03345E+16,4.7675E+16
90102,9,7,75,129,2018,8,14,2,2,5,3,0,0,1,0,1,0,0,0,5.83917E+20,5.33976E+21,1.01295E+16,4.82055E+16
90103,9,7,80,131,2018,8,17,7,2,4,6,0,0,1,0,1,0,0,0,5.86506E+20,5.25431E+21,1.01472E+16,4.74365E+16
90104,9,7,77,171,2018,8,8,7,3,2,6,0,0,1,0,0,0,0,0,6.2589E+20,5.28811E+21,1.0679E+16,4.7734E+16
90105,9,4,76,184,2018,8,16,2,3,8,7,0,0,0,0,1,0,0,0,6.79331E+20,5.57137E+21,1.15164E+16,5.02672E+16
90106,9,7,80,124,2018,8,9,7,3,1,6,0,0,1,0,0,0,0,0,5.92753E+20,5.26759E+21,1.02329E+16,4.75551E+16
90107,9,7,79,197,2018,8,5,7,1,9,7,1,0,1,0,0,0,0,0,6.14948E+20,5.41924E+21,1.05689E+16,4.89154E+16
90108,9,7,77,164,2018,8,15,1,3,8,1,0,0,0,0,1,0,0,0,6.23415E+20,5.31066E+21,1.06525E+16,4.79373E+16
90109,9,2,73,137,2018,8,19,2,3,3,6,0,1,1,0,0,0,0,0,7.16348E+20,5.42214E+21,1.1953E+16,4.89144E+16