OBJECTID_1,ULAND,UREGBEZ,UKREIS,UGEMEINDE,UJAHR,UMONAT,USTUNDE,UWOCHENTAG,UKATEGORIE,UART,UTYP1,ULICHTVERH,IstRad,IstPKW,IstFuss,IstKrad,IstGkfz,IstSonstig,STRZUSTAND,LINREFX,LINREFY,XGCSWGS84,YGCSWGS84
90110,9,7,73,122,2018,8,12,7,3,5,3,0,0,1,0,1,0,0,0,6.26673E+20,5.38432E+21,1.07182E+16,4.85992E+16
90111,9,1,89,155,2018,8,12,3,3,5,3,0,1,1,0,0,0,0,0,7.72606E+20,5.3134E+21,1.26488E+16,4.79159E+16
90112,9,7,61,0,2018,8,10,2,3,5,2,0,0,1,0,0,0,0,0,6.39519E+20,5.36089E+21,1.08845E+16,4.83857E+16
90113,9,7,72,147,2018,8,8,7,3,2,6,0,0,1,0,0,0,0,0,6.34975E+20,5.3644E+21,1.08243E+16,4.84182E+16
90114,9,7,72,147,2018,8,10,7,3,2,6,0,0,1,0,0,0,0,0,6.34683E+20,5.36443E+21,1.08203E+16,4.84186E+16
90115,9,7,79,136,2018,8,12,1,3,8,1,0,0,0,0,1,0,0,0,6.08304E+20,5.40558E+21,1.04747E+16,4.87938E+16
90116,9,3,72,174,2018,8,18,2,3,9,7,0,0,1,0,0,0,0,0,7.72436E+20,5.46511E+21,1.2746E+16,4.9278E+16
90117,9,7,72,134,2018,8,2,7,3,0,1,2,1,0,0,0,0,0,0,6.33898E+20,5.38462E+21,1.08162E+16,4.86003E+16
90118,9,7,71,130,2018,8,19,1,3,3,3,0,0,1,0,0,1,0,0,6.44245E+20,5.36317E+21,1.0949E+16,4.84051E+16
90119,9,4,72,175,2018,8,20,3,3,8,6,2,0,1,0,0,0,0,0,6.76106E+20,5.51152E+21,1.14438E+16,4.97304E+16
90120,9,1,85,131,2018,8,8,2,3,0,6,0,0,1,0,0,1,0,0,6.65659E+20,5.37842E+21,1.12442E+16,4.8537E+16
90121,9,7,71,130,2018,8,7,7,3,2,6,0,0,1,0,0,0,0,0,6.46572E+20,5.35809E+21,1.09787E+16,4.8359E+16
90122,9,1,86,137,2018,8,8,3,3,4,2,0,1,1,0,0,0,0,0,6.82986E+20,5.39899E+21,1.14878E+16,4.8717E+16
90123,9,7,72,163,2018,8,18,7,3,5,3,0,0,1,0,0,0,0,0,6.40436E+20,5.34591E+21,1.08919E+16,4.82508E+16
90124,9,1,71,135,2018,8,12,2,3,2,6,0,0,1,0,1,0,0,0,7.70186E+20,5.34358E+21,1.26355E+16,4.81879E+16
90125,9,7,72,186,2018,8,8,7,2,5,1,0,0,1,0,0,0,0,0,6.37619E+20,5.3439E+21,1.08533E+16,4.82333E+16
90126,9,1,87,128,2018,8,17,3,3,4,2,0,0,1,0,0,0,0,0,7.46225E+20,5.31179E+21,1.22954E+16,4.79121E+16
90127,9,6,74,130,2018,8,16,2,2,3,6,0,1,1,0,0,0,0,0,6.18383E+20,5.54959E+21,1.06549E+16,5.00867E+16
90128,9,7,61,0,2018,8,22,7,3,6,4,2,1,0,1,0,0,0,0,6.4384E+20,5.35757E+21,1.09417E+16,4.83549E+16
90129,9,7,71,113,2018,8,13,7,3,2,2,0,0,1,0,0,0,1,0,6.59459E+20,5.37194E+21,1.11578E+16,4.84804E+16
90130,9,7,72,115,2018,8,15,1,2,8,7,0,0,0,0,1,0,0,0,6.17364E+20,5.3675E+21,1.05872E+16,4.84497E+16
90131,9,2,71,119,2018,8,10,2,3,2,6,0,0,1,0,0,0,1,0,7.9339E+20,5.41244E+21,1.29953E+16,4.87956E+16
90132,9,6,63,0,2018,8,17,7,3,9,1,0,0,1,0,0,0,0,0,5.71807E+20,5.51598E+21,9.99767E+15,4.9792E+16
90133,9,4,71,172,2018,8,16,3,3,4,6,0,0,1,0,0,0,0,0,6.31408E+20,5.51177E+21,1.0824E+16,4.97441E+16
90134,9,1,88,139,2018,8,10,2,3,5,4,0,0,1,1,0,0,0,0,6.75547E+20,5.31904E+21,1.13534E+16,4.80005E+16
90135,9,6,79,138,2018,8,11,7,2,4,2,0,0,1,0,1,0,0,0,5.68392E+20,5.50046E+21,9.9475E+15,4.96528E+16
90136,9,1,77,117,2018,8,9,3,3,2,6,0,0,1,0,0,1,0,0,7.1277E+20,5.35216E+21,1.18684E+16,4.82868E+16
90137,9,6,72,131,2018,8,10,7,2,4,2,0,0,1,0,1,0,0,0,5.88235E+20,5.56168E+21,1.02364E+16,5.02007E+16
90138,9,5,64,0,2018,8,11,2,3,3,6,0,0,1,0,0,0,1,0,6.48184E+20,5.48046E+21,1.10449E+16,4.94587E+16
90139,9,6,62,0,2018,8,9,7,3,5,3,0,1,1,0,0,0,0,0,5.88237E+20,5.54563E+21,1.02327E+16,5.00564E+16
90140,9,6,77,120,2018,8,7,7,2,9,7,0,0,1,0,0,0,0,0,5.31988E+20,5.52481E+21,9.44519E+15,4.98748E+16
90141,9,6,71,155,2018,8,14,2,3,2,6,0,0,1,0,0,1,0,0,5.0392E+20,5.53387E+21,9.05465E+15,4.99572E+16
90142,9,6,71,155,2018,8,13,7,3,5,3,0,1,1,0,0,0,0,0,5.05012E+20,5.53552E+21,9.06989E+15,4.9972E+16
90143,9,6,71,150,2018,8,10,7,2,4,6,0,0,1,0,0,0,0,0,5.18333E+20,5.54138E+21,9.25593E+15,5.00244E+16
90144,9,7,72,200,2018,8,16,1,3,8,7,0,0,1,0,0,0,0,0,6.31462E+20,5.33722E+21,1.07683E+16,4.81746E+16
90145,9,2,75,128,2018,8,8,2,3,5,3,0,1,1,0,0,0,0,0,8.30073E+20,5.40037E+21,1.34837E+16,4.8669E+16
90146,9,6,71,150,2018,8,20,7,2,9,1,0,0,0,0,1,0,0,0,5.24098E+20,5.54317E+21,9.33653E+15,5.00404E+16
90147,9,3,75,165,2018,8,14,3,1,4,6,0,0,1,0,1,0,0,0,7.2608E+20,5.43723E+21,1.2094E+16,4.90464E+16
90148,9,1,75,118,2018,8,16,2,3,4,6,0,1,0,0,0,0,0,0,7.14833E+20,5.33934E+21,1.18897E+16,4.8171E+16
90149,9,5,76,151,2018,8,16,7,3,2,6,0,0,1,0,0,0,0,1,6.54235E+20,5.47246E+21,1.11252E+16,4.93853E+16
90150,9,7,75,152,2018,8,21,2,3,0,1,2,0,0,0,1,0,0,0,5.7821E+20,5.35157E+21,1.00549E+16,4.83125E+16
90151,9,5,74,164,2018,8,17,7,3,8,1,0,0,1,0,0,0,0,1,6.69707E+20,5.47547E+21,1.13395E+16,4.94082E+16
90152,9,5,65,0,2018,8,10,7,2,5,3,0,1,0,0,0,0,0,0,6.47765E+20,5.46561E+21,1.10336E+16,4.93253E+16
90153,9,5,75,179,2018,8,20,2,3,3,6,0,1,1,0,0,0,0,0,5.91786E+20,5.49015E+21,1.02691E+16,4.9557E+16
90154,9,5,76,127,2018,8,3,7,1,6,1,2,0,1,1,0,0,0,0,6.59258E+20,5.4499E+21,1.11854E+16,4.91813E+16
90155,9,5,74,131,2018,8,6,7,3,9,7,0,0,1,0,0,0,0,0,6.75113E+20,5.48593E+21,1.14186E+16,4.95007E+16
90156,9,7,72,215,2018,8,12,1,3,8,1,0,0,0,0,1,0,0,0,6.32635E+20,5.34687E+21,1.07871E+16,4.82611E+16
90157,9,2,74,128,2018,8,15,2,2,4,6,0,0,1,0,0,0,0,0,7.38705E+20,5.38777E+21,1.22378E+16,4.85975E+16
90158,9,5,64,0,2018,8,11,7,3,2,6,0,0,1,0,0,0,0,0,6.50342E+20,5.48173E+21,1.10751E+16,4.94696E+16
90159,9,1,90,139,2018,8,9,3,3,9,6,0,0,1,0,0,0,1,0,6.5449E+20,5.29694E+21,1.10634E+16,4.78072E+16
90160,9,5,73,134,2018,8,20,7,2,0,1,0,1,0,0,0,0,0,0,6.38909E+20,5.48E+21,1.09168E+16,4.94567E+16
90161,9,7,61,0,2018,8,12,1,3,5,3,0,1,1,0,0,0,0,0,6.4133E+20,5.36509E+21,1.09103E+16,4.84231E+16
90162,9,2,72,150,2018,8,17,2,2,5,3,0,0,1,0,1,0,0,0,8.17282E+20,5.4101E+21,1.33179E+16,4.8763E+16
90163,9,5,73,130,2018,8,12,7,3,1,5,0,1,1,0,0,0,0,0,6.36691E+20,5.48568E+21,1.08882E+16,4.95083E+16
90164,9,2,62,0,2018,8,14,3,3,8,6,0,0,1,0,0,0,0,0,8.28899E+20,5.38955E+21,1.34592E+16,4.85726E+16
90165,9,5,71,145,2018,8,11,7,3,2,6,0,0,1,0,0,0,0,0,5.92214E+20,5.44434E+21,1.02644E+16,4.9145E+16
90166,9,7,74,135,2018,8,10,2,3,4,6,0,0,0,0,1,0,0,0,5.9538E+20,5.36664E+21,1.02898E+16,4.84457E+16
90167,9,5,71,141,2018,8,19,7,3,9,1,0,0,1,0,0,0,0,0,6.11329E+20,5.43927E+21,1.05251E+16,4.90962E+16
90168,9,5,61,0,2018,8,22,7,3,7,7,2,0,1,0,0,0,0,0,6.10014E+20,5.46225E+21,1.05133E+16,4.93031E+16
90169,9,6,79,154,2018,8,19,1,2,8,7,0,0,1,0,0,0,0,0,5.58145E+20,5.51085E+21,9.8071E+15,4.97473E+16
90170,9,4,72,179,2018,8,18,2,3,5,3,0,0,1,0,0,0,1,0,6.77437E+20,5.52288E+21,1.14674E+16,4.98321E+16
90171,9,4,75,145,2018,8,15,7,3,2,6,0,0,1,0,1,0,0,0,6.99783E+20,5.57471E+21,1.18048E+16,5.02906E+16
90172,9,6,79,165,2018,8,16,1,2,5,3,0,0,1,0,1,0,0,0,5.52221E+20,5.50868E+21,9.72459E+15,4.97284E+16
90173,9,7,75,149,2018,8,16,1,3,4,6,0,0,0,0,1,0,0,0,5.9161E+20,5.34745E+21,1.02346E+16,4.82736E+16
90174,9,1,73,118,2018,8,9,2,3,4,2,0,1,1,0,0,0,0,0,6.90596E+20,5.30406E+21,1.15483E+16,4.78616E+16
90175,9,4,72,139,2018,8,23,7,2,0,1,2,1,0,0,0,0,0,1,6.96254E+20,5.55231E+21,1.17438E+16,5.00906E+16
90176,9,1,83,144,2018,8,12,3,3,8,1,0,0,1,0,0,0,0,0,7.41896E+20,5.35169E+21,1.22602E+16,4.82722E+16
90177,9,6,79,187,2018,8,15,2,2,5,3,0,0,1,0,0,0,1,0,5.73788E+20,5.50675E+21,1.00234E+16,4.97087E+16
90178,9,4,74,126,2018,8,11,7,3,0,1,0,1,0,0,0,0,0,0,6.4815E+20,5.50616E+21,1.10541E+16,4.96898E+16
90179,9,4,74,147,2018,8,16,7,2,9,7,0,1,0,0,0,0,0,0,6.57402E+20,5.50681E+21,1.11825E+16,4.96932E+16
90180,9,6,63,0,2018,8,16,1,2,3,6,0,0,1,0,1,0,0,0,5.6848E+20,5.51628E+21,9.9515E+15,4.97951E+16
90181,9,3,76,150,2018,8,17,7,3,9,1,0,0,1,0,0,0,0,1,7.26229E+20,5.49302E+21,1.21277E+16,4.95475E+16
90182,9,7,77,154,2018,8,13,2,3,1,6,0,0,0,0,1,0,0,0,6.06562E+20,5.30067E+21,1.04244E+16,4.78505E+16
90183,9,3,63,0,2018,8,14,7,3,5,3,0,1,1,0,0,0,0,0,7.27665E+20,5.50678E+21,1.21555E+16,4.96706E+16
90184,9,3,74,137,2018,8,15,7,2,5,3,0,1,1,0,0,0,0,0,7.46218E+20,5.49879E+21,1.24071E+16,4.95915E+16
90185,9,6,79,170,2018,8,12,1,2,1,7,0,0,1,0,1,0,0,0,5.76275E+20,5.50253E+21,1.00571E+16,4.96705E+16
90186,9,3,75,165,2018,8,13,2,3,0,7,0,0,0,0,0,1,0,0,7.26325E+20,5.43676E+21,1.20971E+16,4.90421E+16
90187,9,3,77,116,2018,8,13,7,3,3,1,0,1,0,0,0,0,1,0,7.18523E+20,5.52444E+21,1.20388E+16,4.98325E+16
90188,9,6,74,171,2018,8,10,1,3,8,1,0,0,1,0,0,0,0,0,6.19296E+20,5.5644E+21,1.06723E+16,5.02197E+16
90189,9,1,87,113,2018,8,12,2,3,8,1,0,0,1,0,0,0,0,0,7.47743E+20,5.32032E+21,1.23206E+16,4.79882E+16
90190,9,3,74,129,2018,8,9,7,3,4,6,0,0,1,0,0,0,0,0,6.94533E+20,5.51524E+21,1.1701E+16,4.97582E+16
90191,9,1,87,156,2018,8,14,3,3,5,3,0,0,1,0,0,0,0,0,7.36625E+20,5.29255E+21,1.21566E+16,4.77428E+16
90192,9,1,84,144,2018,8,8,1,3,4,2,0,0,1,0,0,0,0,0,6.87566E+20,5.31924E+21,1.15145E+16,4.79989E+16
90193,9,6,78,193,2018,8,14,2,3,4,2,0,0,1,0,1,0,0,0,5.79051E+20,5.53755E+21,1.01027E+16,4.9985E+16
90194,9,3,75,180,2018,8,10,7,3,3,6,0,0,0,0,1,0,0,0,7.2397E+20,5.43122E+21,1.20619E+16,4.89932E+16
90195,9,3,75,175,2018,8,12,7,2,1,1,0,0,0,0,1,0,0,0,7.13788E+20,5.43437E+21,1.19245E+16,4.90252E+16
90196,9,6,73,117,2018,8,10,1,3,0,1,0,0,0,0,1,0,0,0,5.67969E+20,5.58082E+21,9.95587E+15,5.03755E+16
90197,9,2,63,0,2018,8,16,2,3,5,3,0,1,1,0,0,0,0,0,7.64773E+20,5.42091E+21,1.26119E+16,4.88845E+16
90198,9,3,71,144,2018,8,3,7,3,8,7,2,1,0,0,0,0,0,0,7.04767E+20,5.48644E+21,1.18279E+16,4.9496E+16
90199,9,6,78,186,2018,8,9,1,3,0,4,0,0,0,1,1,0,0,0,5.89318E+20,5.55036E+21,1.02489E+16,5.00988E+16
90200,9,3,74,129,2018,8,20,3,2,0,7,1,0,0,0,1,0,0,0,6.90222E+20,5.51691E+21,1.16421E+16,4.97745E+16
90201,9,1,74,111,2018,8,18,2,3,8,1,0,0,1,0,0,0,0,0,6.63496E+20,5.36018E+21,1.12078E+16,4.83736E+16
90202,9,3,71,135,2018,8,10,2,2,5,3,0,0,1,0,1,0,0,0,6.93592E+20,5.49786E+21,1.16794E+16,4.96022E+16
90203,9,2,71,119,2018,8,15,7,3,0,7,0,0,0,0,1,0,0,1,7.9067E+20,5.41603E+21,1.29609E+16,4.88291E+16
90204,9,6,71,139,2018,8,10,1,3,0,7,0,0,0,0,1,0,0,0,5.25165E+20,5.54183E+21,9.35135E+15,5.00282E+16
90205,9,4,72,190,2018,8,8,3,2,2,6,0,0,1,0,0,1,0,0,6.99144E+20,5.5287E+21,1.17719E+16,4.98775E+16
90206,9,1,85,127,2018,8,16,2,2,0,7,0,0,0,0,1,0,0,0,6.52123E+20,5.39072E+21,1.10655E+16,4.8651E+16
90207,9,2,71,113,2018,8,13,7,3,5,3,0,0,1,0,1,0,0,0,8.0166E+20,5.41421E+21,1.31089E+16,4.88076E+16
90208,9,1,62,0,2018,8,14,3,3,3,6,0,0,1,0,0,1,0,0,6.96005E+20,5.34367E+21,1.16387E+16,4.8216E+16
90209,9,2,78,118,2018,8,17,7,3,5,3,0,0,1,0,1,0,0,0,7.6888E+20,5.42506E+21,1.26706E+16,4.892E+16
90210,9,5,62,0,2018,8,12,2,3,3,6,0,0,1,0,0,1,0,0,6.45499E+20,5.49062E+21,1.10116E+16,4.95506E+16
90211,9,2,75,151,2018,8,12,7,3,5,3,0,0,1,0,0,0,0,0,8.25477E+20,5.39468E+21,1.3417E+16,4.86204E+16
90212,9,2,74,153,2018,8,16,7,3,9,1,0,0,1,0,0,0,0,1,7.30439E+20,5.40522E+21,1.21355E+16,4.87573E+16
90213,9,5,72,160,2018,8,14,1,3,2,6,0,0,1,0,0,0,0,0,6.24466E+20,5.5102E+21,1.07272E+16,4.97314E+16
90214,9,2,75,124,2018,8,22,2,3,4,6,2,0,1,0,0,0,0,0,8.08765E+20,5.37532E+21,1.31765E+16,4.84551E+16
90215,9,2,74,145,2018,8,21,7,3,0,1,2,0,0,0,1,0,0,1,7.47414E+20,5.37648E+21,1.2349E+16,4.84927E+16
90216,9,2,78,190,2018,8,13,3,3,9,1,0,0,1,0,0,0,0,0,7.61272E+20,5.4276E+21,1.25686E+16,4.89461E+16
90217,9,1,62,0,2018,8,1,1,3,5,3,2,1,1,0,0,0,0,0,6.94781E+20,5.33229E+21,1.1617E+16,4.8114E+16
90218,9,2,74,185,2018,8,14,7,3,2,6,0,0,1,0,0,1,0,0,7.31552E+20,5.36786E+21,1.21299E+16,4.84213E+16
90219,9,7,64,0,2018,8,8,2,3,0,1,0,0,0,0,1,0,0,1,5.85229E+20,5.31891E+21,1.0143E+16,4.80178E+16
90220,9,2,74,184,2018,8,19,7,3,8,7,0,0,0,0,1,0,0,0,7.46212E+20,5.36825E+21,1.23279E+16,4.84193E+16
90221,9,2,74,132,2018,8,15,7,2,2,6,0,0,1,0,0,0,0,0,7.26119E+20,5.38551E+21,1.20661E+16,4.85819E+16
90222,9,2,74,188,2018,8,14,7,2,4,6,0,0,1,0,0,0,0,1,7.48856E+20,5.3959E+21,1.23801E+16,4.86665E+16
90223,9,1,75,121,2018,8,16,3,2,5,2,0,0,0,0,1,1,0,0,7.1547E+20,5.31993E+21,1.18884E+16,4.79963E+16
90224,9,2,73,164,2018,8,17,7,3,0,7,0,1,0,0,0,0,0,0,6.9657E+20,5.42497E+21,1.16847E+16,4.89464E+16
90225,9,5,73,122,2018,8,18,2,3,3,6,0,0,1,0,0,0,0,0,6.43913E+20,5.47792E+21,1.0985E+16,4.94369E+16
90226,9,2,79,127,2018,8,18,7,2,2,6,0,0,1,0,0,0,0,0,7.53124E+20,5.40213E+21,1.24418E+16,4.87207E+16
90227,9,1,90,138,2018,8,10,7,2,5,3,0,0,1,0,0,0,0,0,6.63529E+20,5.30718E+21,1.11879E+16,4.78971E+16
90228,9,5,62,0,2018,8,13,1,3,2,6,0,0,1,0,0,0,0,0,6.39484E+20,5.49366E+21,1.09296E+16,4.95794E+16
90229,9,2,79,132,2018,8,15,2,3,2,6,0,0,1,0,0,0,0,0,7.70786E+20,5.4005E+21,1.26803E+16,4.86987E+16
90230,9,1,90,141,2018,8,14,7,3,2,6,0,0,1,0,0,0,0,0,6.7784E+20,5.29112E+21,1.13726E+16,4.77489E+16
90231,9,2,72,147,2018,8,11,3,3,2,2,0,0,1,0,0,0,0,0,8.19741E+20,5.41742E+21,1.3357E+16,4.88273E+16
90232,9,7,77,159,2018,8,9,6,2,6,7,0,0,0,1,0,1,0,0,6.1729E+20,5.27119E+21,1.05598E+16,4.75835E+16
90233,9,1,80,136,2018,8,3,7,3,5,1,2,1,1,0,0,0,0,0,6.71873E+20,5.26512E+21,1.12829E+16,4.75168E+16
90234,9,7,80,112,2018,8,4,2,3,7,7,2,0,1,0,0,0,1,0,5.88722E+20,5.29584E+21,1.0185E+16,4.78098E+16
90235,9,1,73,118,2018,8,15,7,2,0,6,0,0,1,0,0,0,0,0,6.93421E+20,5.3054E+21,1.15867E+16,4.78728E+16
90236,9,1,80,117,2018,8,12,7,2,1,1,0,0,1,0,0,0,0,0,6.61252E+20,5.26134E+21,1.11405E+16,4.74855E+16
90237,9,5,62,0,2018,8,12,1,2,8,7,0,0,1,0,0,0,0,0,6.45626E+20,5.49547E+21,1.10151E+16,4.95943E+16
90238,9,4,74,121,2018,8,18,2,2,0,2,0,1,1,0,0,0,0,0,6.56648E+20,5.51661E+21,1.1176E+16,4.97815E+16
90239,9,1,73,112,2018,8,12,7,2,9,1,0,0,1,0,0,0,0,0,6.91043E+20,5.29678E+21,1.15511E+16,4.7796E+16
90240,9,5,74,129,2018,8,10,1,3,2,6,0,0,1,0,1,0,0,0,6.78642E+20,5.49635E+21,1.1472E+16,4.95933E+16
90241,9,1,72,114,2018,8,14,2,3,0,1,0,0,0,0,1,0,0,0,7.85525E+20,5.29053E+21,1.28063E+16,4.7705E+16
90242,9,4,64,0,2018,8,13,2,3,0,1,0,1,0,0,0,0,0,0,7.07024E+20,5.57795E+21,1.19081E+16,5.03173E+16
90243,9,1,83,120,2018,8,1,7,3,0,1,2,0,1,0,0,0,0,0,7.51514E+20,5.34991E+21,1.23885E+16,4.82525E+16
90244,9,1,89,120,2018,8,8,7,3,0,1,0,1,0,0,0,0,0,0,7.59246E+20,5.29746E+21,1.24608E+16,4.77783E+16
90245,9,2,73,164,2018,8,15,2,3,8,1,0,0,0,0,1,0,0,0,6.96945E+20,5.42754E+21,1.16911E+16,4.89693E+16
90246,9,1,87,164,2018,8,13,7,2,8,1,0,1,0,0,0,0,0,0,7.34614E+20,5.32357E+21,1.21467E+16,4.80223E+16
90247,9,1,89,139,2018,8,11,3,2,8,1,0,0,1,0,0,0,0,0,7.66049E+20,5.28551E+21,1.25441E+16,4.76682E+16
90248,9,7,72,209,2018,8,13,2,3,5,2,0,0,1,0,0,0,0,0,6.36075E+20,5.33712E+21,1.08303E+16,4.81728E+16
90249,9,1,87,167,2018,8,14,7,3,0,6,0,0,0,0,1,0,0,0,7.41428E+20,5.30262E+21,1.22262E+16,4.78316E+16
90250,9,1,63,0,2018,8,11,7,3,0,7,0,1,0,0,0,0,0,0,7.33755E+20,5.30499E+21,1.21251E+16,4.78556E+16
90251,9,3,72,115,2018,8,6,2,3,2,1,1,0,1,0,0,0,0,0,7.79355E+20,5.45197E+21,1.28318E+16,4.91569E+16
90252,9,1,87,162,2018,8,10,7,2,5,3,0,1,1,0,0,0,0,0,7.50229E+20,5.30482E+21,1.23448E+16,4.78479E+16
90253,9,4,76,145,2018,8,11,3,3,5,3,0,1,1,0,0,0,0,0,6.6715E+20,5.56718E+21,1.13438E+16,5.02332E+16
90254,9,1,61,0,2018,8,21,2,3,5,3,2,1,1,0,0,0,0,0,6.79208E+20,5.40448E+21,1.14389E+16,4.87675E+16
90255,9,1,87,128,2018,8,8,7,3,5,3,0,1,1,0,0,0,0,0,7.466E+20,5.31161E+21,1.23003E+16,4.79104E+16
90256,9,1,61,0,2018,8,12,3,3,2,6,0,0,1,0,0,0,0,0,6.80994E+20,5.40506E+21,1.14634E+16,4.87722E+16
90257,9,1,82,127,2018,8,4,7,3,8,1,2,1,0,0,0,0,0,0,7.00016E+20,5.30888E+21,1.16764E+16,4.7902E+16
90258,9,6,76,134,2018,8,17,2,3,2,6,0,0,1,0,0,0,0,0,5.1292E+20,5.51441E+21,9.17946E+15,4.9782E+16
90259,9,1,82,132,2018,8,12,7,3,6,1,0,1,0,1,0,0,0,0,7.07829E+20,5.28652E+21,1.17701E+16,4.76986E+16
90260,9,1,87,124,2018,8,9,3,2,5,3,0,0,1,0,0,0,0,0,7.32998E+20,5.3296E+21,1.21283E+16,4.8077E+16
90261,9,6,77,148,2018,8,19,2,3,0,1,0,0,0,0,1,0,0,0,5.55599E+20,5.53539E+21,9.77529E+15,4.99683E+16
90262,9,1,82,111,2018,8,10,7,2,0,1,0,1,0,0,0,0,0,0,7.03712E+20,5.29005E+21,1.17169E+16,4.77317E+16
90263,9,1,87,117,2018,8,9,7,3,8,1,0,1,0,0,0,0,0,0,7.22608E+20,5.30488E+21,1.19762E+16,4.78586E+16
90264,9,2,78,141,2018,8,14,2,1,8,1,0,0,1,0,0,0,0,0,7.55423E+20,5.43032E+21,1.24905E+16,4.89729E+16
90265,9,1,74,121,2018,8,20,7,3,0,1,0,1,0,0,0,0,0,0,6.88638E+20,5.35387E+21,1.15442E+16,4.83099E+16
90266,9,4,71,174,2018,8,16,3,2,8,1,0,0,0,0,1,0,0,0,6.35178E+20,5.54035E+21,1.08863E+16,5.00002E+16
90267,9,1,81,127,2018,8,7,2,3,2,6,0,0,1,0,0,0,0,0,6.33897E+20,5.32257E+21,1.07965E+16,4.80423E+16
90268,9,1,88,118,2018,8,16,7,3,5,3,0,1,1,0,0,0,0,0,6.71476E+20,5.31176E+21,1.1296E+16,4.79362E+16
90269,9,1,78,123,2018,8,18,3,3,5,2,0,0,1,0,0,0,0,0,6.88099E+20,5.36189E+21,1.15405E+16,4.83821E+16
90270,9,1,81,135,2018,8,6,7,3,8,1,0,0,1,0,0,0,0,0,6.44004E+20,5.30938E+21,1.09276E+16,4.79216E+16
90271,9,5,65,0,2018,8,20,2,3,5,3,1,0,1,0,0,0,0,0,6.48055E+20,5.46549E+21,1.10375E+16,4.93242E+16
90272,9,1,79,125,2018,8,13,7,3,0,1,0,0,0,0,1,0,0,0,6.60501E+20,5.33201E+21,1.11567E+16,4.81211E+16
90273,9,1,86,152,2018,8,18,7,3,0,1,0,0,1,0,0,0,0,0,6.91311E+20,5.37325E+21,1.1589E+16,4.84833E+16
90274,9,7,74,127,2018,8,21,1,2,0,1,1,0,0,0,1,0,0,0,6.0408E+20,5.36794E+21,1.04077E+16,4.8456E+16
90275,9,2,72,150,2018,8,12,2,3,8,1,0,0,0,0,1,0,0,0,8.16585E+20,5.41227E+21,1.33101E+16,4.87827E+16
90276,9,1,78,145,2018,8,15,7,3,0,6,0,0,1,0,0,0,0,0,6.98004E+20,5.35669E+21,1.16717E+16,4.83324E+16
90277,9,1,78,140,2018,8,19,7,1,4,2,0,0,1,0,1,0,0,0,7.06625E+20,5.36161E+21,1.17903E+16,4.83738E+16
90278,9,2,77,139,2018,8,11,2,2,8,1,0,0,1,0,0,0,0,0,7.87542E+20,5.37167E+21,1.28876E+16,4.84325E+16
90279,9,1,62,0,2018,8,15,6,3,2,6,0,0,1,0,0,0,0,0,6.94915E+20,5.33279E+21,1.16191E+16,4.81185E+16
90280,9,3,75,148,2018,8,15,3,2,5,3,0,0,0,0,1,0,1,0,7.03042E+20,5.43644E+21,1.17788E+16,4.90473E+16
90281,9,1,77,112,2018,8,16,2,3,2,6,0,0,1,0,0,0,0,0,7.16748E+20,5.36341E+21,1.19277E+16,4.83866E+16
90282,9,1,84,145,2018,8,18,6,3,5,2,0,0,1,0,0,0,0,0,6.96498E+20,5.32254E+21,1.16356E+16,4.80259E+16
90283,9,7,75,139,2018,8,2,2,2,2,1,2,0,1,0,0,1,0,0,5.77102E+20,5.36729E+21,1.00428E+16,4.8454E+16
90284,9,1,62,0,2018,8,11,6,3,0,1,0,1,0,0,0,0,0,0,6.85854E+20,5.33178E+21,1.1497E+16,4.81121E+16
90285,9,1,62,0,2018,8,14,6,3,3,2,0,0,1,0,1,0,0,0,6.85312E+20,5.33188E+21,1.14898E+16,4.81132E+16
90286,9,5,71,214,2018,8,14,2,2,4,6,0,0,1,0,0,0,0,0,6.17896E+20,5.43189E+21,1.06128E+16,4.90286E+16
90287,9,7,78,151,2018,8,22,6,2,2,6,2,0,1,0,0,0,1,0,5.92706E+20,5.31787E+21,1.0243E+16,4.80074E+16
90288,9,7,78,173,2018,8,14,6,3,4,6,0,0,1,0,0,0,0,0,6.1238E+20,5.32434E+21,1.05084E+16,4.80625E+16
90289,9,2,73,111,2018,8,16,2,3,2,6,0,0,1,0,0,0,0,0,7.14136E+20,5.41034E+21,1.19167E+16,4.88091E+16
90290,9,7,78,202,2018,8,20,6,3,0,1,0,1,0,0,0,0,0,0,5.8972E+20,5.31689E+21,1.02027E+16,4.7999E+16
90291,9,2,79,128,2018,8,13,3,3,0,7,0,0,0,0,1,0,0,0,7.55012E+20,5.39725E+21,1.24644E+16,4.86762E+16
90292,9,7,79,201,2018,8,16,6,3,3,6,0,0,1,0,1,0,0,0,6.43819E+20,5.39694E+21,1.0955E+16,4.87089E+16
90293,9,5,64,0,2018,8,22,1,2,0,1,2,1,0,0,0,0,0,0,6.56169E+20,5.48147E+21,1.11554E+16,4.94658E+16
90294,9,7,76,131,2018,8,11,2,3,5,6,0,0,1,0,0,0,0,0,5.64527E+20,5.27889E+21,9.85941E+15,4.76602E+16
90295,9,1,73,123,2018,8,11,6,3,9,1,0,0,1,0,0,0,0,1,6.78519E+20,5.3029E+21,1.13865E+16,4.78546E+16
90296,9,1,84,132,2018,8,19,5,3,8,1,0,0,1,0,0,0,1,1,6.8267E+20,5.32464E+21,1.14512E+16,4.80488E+16