OBJECTID_1,ULAND,UREGBEZ,UKREIS,UGEMEINDE,UJAHR,UMONAT,USTUNDE,UWOCHENTAG,UKATEGORIE,UART,UTYP1,ULICHTVERH,IstRad,IstPKW,IstFuss,IstKrad,IstGkfz,IstSonstig,STRZUSTAND,LINREFX,LINREFY,XGCSWGS84,YGCSWGS84
90297,9,1,89,148,2018,8,16,7,2,4,6,0,0,1,0,0,0,0,0,7.74801E+20,5.31024E+21,1.26761E+16,4.78866E+16
90298,9,1,62,0,2018,8,9,5,3,3,6,0,0,1,0,0,1,0,0,6.95219E+20,5.33499E+21,1.16242E+16,4.81382E+16
90299,9,1,73,147,2018,8,19,5,3,0,7,0,1,0,0,0,0,1,1,6.80639E+20,5.30938E+21,1.14176E+16,4.79123E+16
90300,9,7,71,130,2018,8,15,6,3,4,6,0,0,1,0,0,0,1,0,6.44294E+20,5.36176E+21,1.09492E+16,4.83925E+16
90301,9,1,73,147,2018,8,19,5,3,0,7,0,1,0,0,0,0,1,1,6.80636E+20,5.30928E+21,1.14175E+16,4.79114E+16
90302,9,3,75,118,2018,8,12,6,2,7,1,0,0,0,0,1,1,0,1,7.07713E+20,5.44789E+21,1.18485E+16,4.91486E+16
90303,9,3,76,170,2018,8,13,5,3,0,3,0,0,1,0,0,0,0,0,7.24615E+20,5.45653E+21,1.20848E+16,4.92204E+16
90304,9,7,73,182,2018,8,0,7,3,4,6,2,0,1,0,0,0,1,0,6.26707E+20,5.37858E+21,1.07169E+16,4.85475E+16
90305,9,1,73,137,2018,8,19,5,2,3,6,0,1,0,0,0,0,0,0,6.7444E+20,5.30815E+21,1.13342E+16,4.79029E+16
90306,9,5,77,162,2018,8,18,7,2,0,2,0,0,0,0,1,0,1,0,6.22434E+20,5.42034E+21,1.06714E+16,4.89239E+16
90307,9,1,89,120,2018,8,14,6,3,2,1,0,0,1,0,0,0,0,0,7.58145E+20,5.29738E+21,1.2446E+16,4.77781E+16
90308,9,1,90,157,2018,8,15,5,2,4,2,0,0,1,0,1,0,0,0,6.61308E+20,5.30039E+21,1.11557E+16,4.78366E+16
90309,9,1,85,153,2018,8,9,7,2,8,1,0,0,1,0,0,0,0,0,6.53377E+20,5.40163E+21,1.10865E+16,4.87488E+16
90310,9,1,80,115,2018,8,17,5,3,8,1,0,0,1,0,0,0,0,0,6.53962E+20,5.2709E+21,1.10472E+16,4.75732E+16
90311,9,6,76,119,2018,8,9,6,3,0,1,0,1,0,0,0,0,0,0,5.24154E+20,5.5054E+21,9.33496E+15,4.97006E+16
90312,9,1,73,124,2018,8,17,5,3,4,6,0,0,1,0,0,0,0,0,6.92508E+20,5.28959E+21,1.15674E+16,4.7731E+16
90313,9,2,62,0,2018,8,12,6,3,0,6,0,0,0,0,1,0,0,1,8.28642E+20,5.38977E+21,1.34559E+16,4.85747E+16
90314,9,1,89,149,2018,8,16,5,3,2,6,0,0,1,0,0,0,0,0,7.6139E+20,5.3321E+21,1.25104E+16,4.80885E+16
90315,9,6,74,133,2018,8,19,6,2,3,6,0,1,0,0,0,0,0,0,6.16527E+20,5.53811E+21,1.06254E+16,4.99839E+16
90316,9,1,89,133,2018,8,19,5,3,0,1,0,0,0,0,1,0,0,0,7.52245E+20,5.32133E+21,1.23814E+16,4.79954E+16
90317,9,7,77,121,2018,8,6,5,3,5,3,0,0,1,0,1,0,0,0,6.27233E+20,5.32132E+21,1.07067E+16,4.80325E+16
90318,9,3,72,116,2018,8,14,6,3,2,6,0,0,1,0,0,0,0,0,7.67146E+20,5.4572E+21,1.26682E+16,4.92093E+16
90319,9,2,77,144,2018,8,16,5,2,8,1,0,0,1,0,0,0,0,0,7.87304E+20,5.37889E+21,1.28894E+16,4.84974E+16
90320,9,5,64,0,2018,8,15,3,3,0,1,0,1,1,0,0,0,0,0,6.49824E+20,5.47096E+21,1.10639E+16,4.93729E+16
90321,9,6,77,157,2018,8,17,7,3,5,2,0,1,0,0,1,0,0,0,5.43659E+20,5.52099E+21,9.60718E+15,4.98398E+16
90322,9,1,89,140,2018,8,13,5,2,4,6,0,0,1,0,0,0,0,0,7.73988E+20,5.29526E+21,1.26558E+16,4.77525E+16
90323,9,3,73,147,2018,8,21,7,3,7,7,2,0,0,0,1,0,0,0,6.74367E+20,5.46413E+21,1.13987E+16,4.9305E+16
90324,9,1,82,125,2018,8,12,6,3,3,6,0,0,1,0,1,0,0,0,7.12691E+20,5.29671E+21,1.18398E+16,4.77886E+16
90325,9,1,83,114,2018,8,11,5,2,5,3,0,0,1,0,0,0,0,0,7.44924E+20,5.35564E+21,1.23032E+16,4.83064E+16
90326,9,1,79,125,2018,8,16,7,3,1,6,0,0,1,0,0,0,0,0,6.60266E+20,5.33292E+21,1.11539E+16,4.81293E+16
90327,9,1,72,124,2018,8,13,5,2,8,7,0,0,1,0,0,0,0,0,8.03589E+20,5.29028E+21,1.30463E+16,4.76945E+16
90328,9,5,65,0,2018,8,7,6,3,2,2,0,0,0,0,0,1,1,0,6.45483E+20,5.4659E+21,1.10023E+16,4.93285E+16
90329,9,1,72,116,2018,8,11,5,2,0,2,0,1,1,0,0,0,0,0,8.0059E+20,5.282E+21,1.30007E+16,4.76216E+16
90330,9,2,77,119,2018,8,14,6,3,2,6,0,0,1,0,0,0,0,1,7.7558E+20,5.37504E+21,1.27285E+16,4.8468E+16
90331,9,1,86,151,2018,8,19,5,3,9,1,0,0,1,0,0,0,0,0,6.77848E+20,5.37645E+21,1.14084E+16,4.8516E+16
90332,9,6,71,152,2018,8,16,7,2,9,1,0,0,1,0,1,0,0,0,5.16484E+20,5.54793E+21,9.23041E+15,5.00834E+16
90333,9,1,74,115,2018,8,22,5,2,5,3,2,0,1,0,0,0,0,1,6.83371E+20,5.34771E+21,1.14705E+16,4.8256E+16
90334,9,2,79,134,2018,8,9,7,3,5,3,0,0,1,0,0,0,0,0,7.68159E+20,5.37646E+21,1.26292E+16,4.8484E+16
90335,9,1,78,113,2018,8,16,6,3,1,6,0,0,1,0,0,0,0,0,6.91522E+20,5.36786E+21,1.15894E+16,4.84348E+16
90336,9,1,62,0,2018,8,17,5,3,2,6,0,0,1,0,0,0,1,0,6.78351E+20,5.33442E+21,1.13974E+16,4.8138E+16
90337,9,6,73,136,2018,8,12,7,3,8,1,0,0,1,0,0,0,0,0,5.93469E+20,5.57737E+21,1.03135E+16,5.0341E+16
90338,9,1,88,120,2018,8,19,5,3,4,6,0,1,0,0,0,0,0,0,6.75627E+20,5.32679E+21,1.13577E+16,4.80702E+16
90339,9,2,75,159,2018,8,12,7,3,2,6,0,0,1,0,0,0,0,0,8.1733E+20,5.39582E+21,1.33076E+16,4.86348E+16
90340,9,1,62,0,2018,8,11,6,3,3,1,0,0,1,0,0,0,0,1,6.78105E+20,5.33506E+21,1.13944E+16,4.81439E+16
90341,9,1,74,126,2018,8,16,5,3,1,6,0,0,1,0,0,0,1,0,6.83842E+20,5.3438E+21,1.14752E+16,4.82208E+16
90342,9,1,84,135,2018,8,5,6,3,5,3,1,0,1,0,1,0,0,1,6.92028E+20,5.34506E+21,1.15859E+16,4.82297E+16
90343,9,1,74,126,2018,8,14,5,3,0,1,0,1,0,0,0,0,0,0,6.83232E+20,5.34434E+21,1.14672E+16,4.82258E+16
90344,9,5,64,0,2018,8,15,6,3,2,7,0,0,1,0,0,0,1,0,6.52018E+20,5.48153E+21,1.10982E+16,4.94674E+16
90345,9,1,84,119,2018,8,19,5,3,3,6,0,0,1,0,0,1,0,1,6.95816E+20,5.34598E+21,1.16372E+16,4.82367E+16
90346,9,2,74,126,2018,8,15,6,3,4,2,0,0,1,0,0,0,0,0,7.32471E+20,5.38444E+21,1.21515E+16,4.85699E+16
90347,9,1,77,115,2018,8,13,5,3,5,3,0,0,1,0,0,0,0,0,7.31946E+20,5.35308E+21,1.2127E+16,4.82884E+16
90348,9,5,74,131,2018,8,7,7,3,0,1,0,0,0,0,1,0,0,0,6.73735E+20,5.48604E+21,1.13996E+16,4.95021E+16
90349,9,1,84,145,2018,8,14,4,3,5,3,0,0,1,0,1,0,0,0,6.96028E+20,5.3243E+21,1.16301E+16,4.80419E+16
90350,9,1,83,118,2018,8,19,7,3,4,6,0,0,1,0,0,0,0,0,7.4843E+20,5.33867E+21,1.23404E+16,4.81527E+16
90351,9,1,77,133,2018,8,22,6,2,4,6,2,0,1,0,0,0,0,0,7.13543E+20,5.35491E+21,1.18802E+16,4.83113E+16
90352,9,1,84,135,2018,8,19,4,3,5,3,0,1,1,0,0,0,0,0,6.89473E+20,5.34746E+21,1.15526E+16,4.8252E+16
90353,9,7,72,160,2018,8,12,6,3,2,6,0,0,1,0,1,0,0,0,6.37923E+20,5.34078E+21,1.08564E+16,4.82052E+16
90354,9,7,75,152,2018,8,12,4,3,2,6,0,0,1,0,0,0,0,0,5.80193E+20,5.35211E+21,1.00817E+16,4.83171E+16
90355,9,4,74,135,2018,8,16,6,3,2,6,0,0,1,0,0,0,0,0,6.40454E+20,5.50714E+21,1.09478E+16,4.97004E+16
90356,9,3,75,117,2018,8,18,5,3,5,3,0,0,1,0,0,0,0,0,7.34714E+20,5.43284E+21,1.22095E+16,4.90038E+16
90357,9,7,75,161,2018,8,13,6,2,4,6,0,0,1,0,1,0,1,0,5.88116E+20,5.33869E+21,1.01857E+16,4.81953E+16
90358,9,7,75,152,2018,8,12,4,3,2,6,0,0,1,0,0,0,0,0,5.80191E+20,5.35211E+21,1.00817E+16,4.83171E+16
90359,9,5,77,136,2018,8,17,6,3,0,2,0,0,0,0,1,0,0,0,6.25484E+20,5.44058E+21,1.07193E+16,4.91053E+16
90360,9,7,78,127,2018,8,17,4,3,5,3,0,0,1,0,1,0,0,0,6.12146E+20,5.31785E+21,1.05035E+16,4.80041E+16
90361,9,1,73,120,2018,8,14,6,2,8,1,0,0,0,0,0,0,1,1,6.85521E+20,5.31073E+21,1.14834E+16,4.7923E+16
90362,9,7,78,187,2018,8,12,4,2,4,6,0,0,1,0,0,0,0,0,6.09152E+20,5.33064E+21,1.04667E+16,4.81197E+16
90363,9,5,64,0,2018,8,15,3,3,6,3,0,0,1,1,0,0,0,0,6.47808E+20,5.47384E+21,1.10372E+16,4.93993E+16
90364,9,1,72,116,2018,8,10,7,2,4,1,0,0,1,0,1,0,0,0,8.06205E+20,5.2849E+21,1.30773E+16,4.76449E+16
90365,9,7,75,135,2018,8,12,5,3,2,2,0,0,1,0,0,0,0,0,5.75969E+20,5.3553E+21,1.00253E+16,4.83463E+16
90366,9,7,78,190,2018,8,15,4,3,3,2,0,0,1,0,1,0,0,0,6.08816E+20,5.3338E+21,1.0463E+16,4.81481E+16
90367,9,7,61,0,2018,8,13,6,3,1,1,0,0,1,0,0,0,0,0,6.42429E+20,5.3593E+21,1.09232E+16,4.83708E+16
90368,9,7,78,165,2018,8,17,4,1,5,3,0,1,1,0,0,0,0,0,5.83921E+20,5.29975E+21,1.01217E+16,4.78456E+16
90369,9,7,73,122,2018,8,18,5,3,2,6,0,0,1,0,0,0,1,0,6.29659E+20,5.38793E+21,1.07598E+16,4.8631E+16
90370,9,3,75,210,2018,8,18,6,3,0,7,0,0,0,0,1,0,0,0,7.49203E+20,5.43312E+21,1.24074E+16,4.90006E+16
90371,9,2,78,170,2018,8,11,5,3,0,6,0,0,1,0,1,0,0,0,7.63442E+20,5.42429E+21,1.2596E+16,4.89154E+16
90372,9,5,75,128,2018,8,20,3,3,8,1,0,0,1,0,0,0,0,0,6.17054E+20,5.49771E+21,1.06206E+16,4.96206E+16
90373,9,7,71,145,2018,8,12,7,3,5,3,0,0,1,0,0,0,0,0,6.47505E+20,5.3463E+21,1.09872E+16,4.82527E+16
90374,9,7,78,116,2018,8,16,4,2,2,6,0,0,1,0,0,0,0,0,6.1846E+20,5.32226E+21,1.05894E+16,4.80426E+16
90375,9,4,75,156,2018,8,15,7,3,5,3,0,0,1,0,0,0,0,0,6.91848E+20,5.57528E+21,1.16938E+16,5.02984E+16
90376,9,1,71,117,2018,8,5,6,2,8,1,1,0,0,0,0,1,0,1,7.6608E+20,5.33604E+21,1.25757E+16,4.81219E+16
90377,9,7,62,0,2018,8,11,4,2,4,6,0,1,0,0,0,0,0,0,6.20436E+20,5.30633E+21,1.06114E+16,4.7899E+16
90378,9,1,62,0,2018,8,5,7,3,3,6,0,0,1,0,0,0,0,0,6.86765E+20,5.33326E+21,1.15099E+16,4.81251E+16
90379,9,7,76,128,2018,8,22,5,3,8,1,2,0,1,0,0,0,0,0,5.48363E+20,5.27065E+21,9.64322E+15,4.75875E+16
90380,9,7,63,0,2018,8,16,7,3,9,1,0,0,1,0,0,0,0,0,5.99848E+20,5.28947E+21,1.03321E+16,4.77509E+16
90381,9,7,73,113,2018,8,16,4,2,4,6,0,0,0,0,1,1,0,0,5.96193E+20,5.37755E+21,1.03033E+16,4.85437E+16
90382,9,1,80,117,2018,8,16,6,3,1,5,0,1,1,0,0,0,0,0,6.55869E+20,5.26129E+21,1.10691E+16,4.74864E+16
90383,9,7,72,200,2018,8,10,4,3,8,1,0,0,1,0,0,0,0,1,6.2782E+20,5.3397E+21,1.07201E+16,4.81977E+16
90384,9,1,82,116,2018,8,10,7,3,6,7,0,1,0,1,0,0,0,0,7.05212E+20,5.2909E+21,1.17373E+16,4.77388E+16
90385,9,7,72,215,2018,8,10,4,3,5,3,0,1,1,0,0,0,0,1,6.32772E+20,5.34613E+21,1.07887E+16,4.82544E+16
90386,9,6,78,178,2018,8,20,6,3,4,6,0,1,0,0,0,0,0,0,5.89077E+20,5.54368E+21,1.02439E+16,5.00387E+16
90387,9,6,63,0,2018,8,14,4,3,3,6,0,0,1,0,0,1,0,0,5.6357E+20,5.51089E+21,9.8824E+15,4.97472E+16
90388,9,7,71,122,2018,8,23,5,3,9,7,2,0,0,0,0,0,1,0,6.53128E+20,5.36198E+21,1.10686E+16,4.83924E+16
90389,9,3,61,0,2018,8,12,6,3,5,2,0,1,1,0,0,0,0,0,7.07147E+20,5.48004E+21,1.18574E+16,4.94377E+16
90390,9,6,63,0,2018,8,15,4,3,0,1,0,0,0,0,1,0,0,0,5.70401E+20,5.51712E+21,9.97834E+15,4.98024E+16
90391,9,6,78,132,2018,8,9,7,3,8,1,0,0,1,0,0,0,0,0,5.814E+20,5.54342E+21,1.01367E+16,5.00375E+16
90392,9,6,79,170,2018,8,8,4,3,1,6,0,0,1,0,0,0,1,0,5.75704E+20,5.50223E+21,1.00491E+16,4.96678E+16
90393,9,3,72,137,2018,8,12,7,3,2,6,0,0,1,0,0,0,0,0,7.80394E+20,5.4544E+21,1.28477E+16,4.91783E+16
90394,9,1,61,0,2018,8,15,6,2,0,7,0,1,0,0,0,0,0,0,6.79494E+20,5.4024E+21,1.14419E+16,4.87488E+16
90395,9,6,75,141,2018,8,20,4,3,4,2,1,0,1,0,0,0,0,0,5.8372E+20,5.50987E+21,1.01618E+16,4.97355E+16
90396,9,1,84,119,2018,8,12,7,3,3,6,0,0,1,0,0,0,0,0,6.96462E+20,5.34876E+21,1.16472E+16,4.82616E+16
90397,9,6,72,149,2018,8,6,4,3,3,6,0,0,1,0,0,1,0,0,5.63265E+20,5.56479E+21,9.88704E+15,5.02319E+16
90398,9,5,76,143,2018,8,12,6,3,0,7,0,1,0,0,0,0,0,0,6.51755E+20,5.45781E+21,1.10855E+16,4.92543E+16
90399,9,6,71,150,2018,8,16,4,3,5,3,0,0,1,0,0,0,0,0,5.17818E+20,5.54033E+21,9.24869E+15,5.00151E+16
90400,9,5,76,143,2018,8,11,4,2,8,1,0,0,1,0,0,0,0,1,6.51751E+20,5.454E+21,1.1084E+16,4.922E+16
90401,9,5,76,113,2018,8,16,6,3,2,6,0,0,1,0,0,0,0,0,6.6266E+20,5.45308E+21,1.12333E+16,4.92089E+16
90402,9,5,64,0,2018,8,23,4,3,4,6,2,0,1,0,0,0,1,0,6.5282E+20,5.47216E+21,1.11056E+16,4.93829E+16
90403,9,2,72,147,2018,8,23,6,3,8,1,2,0,1,0,0,0,0,1,8.18525E+20,5.41804E+21,1.3341E+16,4.88335E+16
90404,9,5,64,0,2018,8,14,4,3,2,6,0,0,1,0,0,0,0,0,6.46098E+20,5.47846E+21,1.10154E+16,4.94412E+16
90405,9,6,78,123,2018,8,18,7,3,0,7,0,0,0,0,1,0,0,0,5.87197E+20,5.54847E+21,1.02188E+16,5.00821E+16
90406,9,5,73,129,2018,8,17,4,3,9,1,0,0,1,0,0,0,0,0,6.33986E+20,5.48889E+21,1.08519E+16,4.95378E+16
90407,9,2,75,152,2018,8,12,7,1,4,6,0,0,1,0,0,0,0,0,8.2116E+20,5.40613E+21,1.33675E+16,4.87253E+16
90408,9,1,81,130,2018,8,6,6,2,9,1,1,1,0,0,0,0,0,1,6.38547E+20,5.32327E+21,1.08591E+16,4.80477E+16
90409,9,5,71,193,2018,8,11,4,3,1,6,0,0,1,0,0,1,1,0,5.86164E+20,5.47032E+21,1.01871E+16,4.93795E+16
90410,9,1,84,141,2018,8,12,6,3,0,1,0,0,0,0,1,0,0,1,6.97021E+20,5.31942E+21,1.16412E+16,4.79977E+16
90411,9,5,71,199,2018,8,13,4,3,2,6,0,0,1,0,0,0,0,0,5.88915E+20,5.45154E+21,1.02208E+16,4.92102E+16
90412,9,5,64,0,2018,8,11,6,3,2,6,0,0,1,0,0,0,0,0,6.47783E+20,5.47782E+21,1.10384E+16,4.9435E+16
90413,9,7,72,147,2018,8,18,5,3,2,1,0,0,1,0,0,1,0,0,6.3379E+20,5.36453E+21,1.08083E+16,4.84197E+16
90414,9,7,77,151,2018,8,18,5,3,8,6,0,0,1,0,1,0,0,0,6.22962E+20,5.29071E+21,1.06408E+16,4.77581E+16
90415,9,5,71,214,2018,8,16,4,3,2,6,0,0,1,0,0,0,1,0,6.13268E+20,5.43232E+21,1.05496E+16,4.90333E+16
90416,9,2,73,111,2018,8,13,6,3,0,7,0,0,0,0,1,0,0,1,7.10497E+20,5.41025E+21,1.18671E+16,4.88095E+16
90417,9,5,75,168,2018,8,18,4,3,4,3,0,0,1,0,0,0,0,0,5.92112E+20,5.48548E+21,1.02725E+16,4.95149E+16
90418,9,5,73,122,2018,8,13,7,3,8,1,0,0,0,0,1,0,0,0,6.43778E+20,5.47783E+21,1.09832E+16,4.94361E+16
90419,9,5,75,143,2018,8,12,4,3,2,6,0,0,1,0,0,0,0,0,5.98133E+20,5.48048E+21,1.03545E+16,4.9469E+16
90420,9,1,89,149,2018,8,17,7,3,5,3,0,0,1,0,0,0,0,0,7.63354E+20,5.33079E+21,1.25359E+16,4.80759E+16
90421,9,2,74,183,2018,8,10,6,2,5,3,0,0,1,0,0,0,0,1,7.41626E+20,5.36208E+21,1.22625E+16,4.83656E+16
90422,9,4,64,0,2018,8,7,4,3,5,3,0,1,1,0,0,0,0,0,7.08407E+20,5.57626E+21,1.19266E+16,5.03016E+16
90423,9,5,74,123,2018,8,13,7,3,2,6,0,0,1,0,0,0,1,0,6.58436E+20,5.47338E+21,1.11834E+16,4.93925E+16
90424,9,4,78,127,2018,8,17,4,3,2,6,0,0,1,0,1,0,0,0,6.5521E+20,5.55762E+21,1.11726E+16,5.01505E+16
90425,9,1,80,118,2018,8,14,7,2,8,1,0,1,0,0,0,0,0,0,6.51104E+20,5.25846E+21,1.10049E+16,4.74621E+16
90426,9,1,78,143,2018,8,2,6,3,5,3,2,1,1,0,0,0,0,1,7.16982E+20,5.37244E+21,1.19356E+16,4.84676E+16
90427,9,4,76,184,2018,8,21,4,2,8,7,2,0,1,0,0,0,0,0,6.78785E+20,5.57546E+21,1.15107E+16,5.03041E+16
90428,9,7,80,139,2018,8,9,6,3,0,1,0,0,0,0,1,0,0,1,5.9546E+20,5.26426E+21,1.02681E+16,4.75247E+16
90429,9,4,71,120,2018,8,13,4,3,3,6,0,0,1,0,1,0,0,0,6.20421E+20,5.52013E+21,1.06741E+16,4.98215E+16
90430,9,5,71,216,2018,8,14,6,3,8,1,0,0,0,0,1,0,0,1,6.17979E+20,5.45431E+21,1.06205E+16,4.92302E+16
90431,9,7,72,147,2018,8,14,5,3,5,6,0,0,1,0,0,0,0,0,6.39291E+20,5.36406E+21,1.08824E+16,4.84143E+16
90432,9,3,63,0,2018,8,9,5,3,2,6,0,0,1,0,0,0,1,0,7.25818E+20,5.50719E+21,1.21301E+16,4.96749E+16
90433,9,4,61,0,2018,8,12,4,3,5,3,0,0,1,0,0,0,0,0,6.37849E+20,5.53128E+21,1.09203E+16,4.9918E+16
90434,9,1,90,153,2018,8,18,6,3,5,3,0,0,1,0,1,0,0,0,6.74434E+20,5.28868E+21,1.13263E+16,4.77279E+16
90435,9,3,77,131,2018,8,14,4,2,8,1,0,0,1,0,0,0,0,1,7.31471E+20,5.54299E+21,1.22297E+16,4.99943E+16
90436,9,5,71,135,2018,8,17,3,2,4,7,0,0,1,0,0,0,0,0,6.28168E+20,5.47235E+21,1.07662E+16,4.93904E+16
90437,9,1,82,120,2018,8,21,7,3,5,3,2,0,1,0,0,0,0,0,7.03262E+20,5.30606E+21,1.17184E+16,4.78757E+16
90438,9,7,80,131,2018,8,11,5,2,4,6,0,0,0,0,1,0,0,0,5.86139E+20,5.25462E+21,1.01424E+16,4.74393E+16
90439,9,3,75,179,2018,8,17,4,3,2,1,0,0,1,0,0,0,0,0,7.31677E+20,5.42855E+21,1.21656E+16,4.89664E+16
90440,9,6,73,142,2018,8,12,6,3,1,6,0,0,1,0,0,0,0,0,5.92615E+20,5.58734E+21,1.0304E+16,5.04308E+16
90441,9,7,72,131,2018,8,7,5,3,8,1,0,0,0,0,0,0,1,0,6.21996E+20,5.35752E+21,1.06469E+16,4.8359E+16
90442,9,3,73,119,2018,8,8,4,2,8,1,0,0,1,0,0,0,0,0,6.83515E+20,5.44861E+21,1.15173E+16,4.91629E+16
90443,9,1,84,123,2018,8,7,5,3,0,7,0,1,0,0,0,0,1,0,7.02974E+20,5.33192E+21,1.17268E+16,4.81082E+16
90444,9,3,73,112,2018,8,21,4,3,2,6,2,0,1,0,0,0,0,0,6.78685E+20,5.44575E+21,1.14499E+16,4.91386E+16
90445,9,7,71,145,2018,8,20,6,2,0,1,0,1,0,0,0,0,0,0,6.49455E+20,5.34448E+21,1.10128E+16,4.82359E+16
90446,9,3,73,147,2018,8,11,4,3,3,2,0,1,1,0,0,0,0,0,6.78915E+20,5.45917E+21,1.1459E+16,4.92591E+16
90447,9,4,71,185,2018,8,7,6,3,0,1,0,0,1,0,0,0,0,0,6.44633E+20,5.53872E+21,1.10175E+16,4.99833E+16
90448,9,6,63,0,2018,8,15,5,2,8,1,0,0,0,0,1,0,0,0,5.68139E+20,5.51772E+21,9.94701E+15,4.9808E+16
90449,9,3,71,144,2018,8,9,5,3,5,3,0,1,1,0,0,0,0,0,7.04717E+20,5.48395E+21,1.18259E+16,4.94736E+16
90450,9,7,80,137,2018,8,18,7,3,5,3,0,1,1,0,0,0,0,0,5.96632E+20,5.26898E+21,1.02847E+16,4.75671E+16
90451,9,3,73,113,2018,8,15,4,3,4,3,0,0,1,0,1,0,0,0,6.79959E+20,5.4652E+21,1.14761E+16,4.9313E+16
90452,9,5,64,0,2018,8,13,7,3,5,3,0,0,1,0,1,0,0,0,6.52325E+20,5.48123E+21,1.11023E+16,4.94646E+16
90453,9,1,89,152,2018,8,6,6,3,8,1,0,0,1,0,0,0,0,1,7.75551E+20,5.33351E+21,1.2701E+16,4.80952E+16
90454,9,3,71,116,2018,8,11,4,3,3,6,0,0,1,0,0,1,0,0,6.92365E+20,5.47854E+21,1.1653E+16,4.9429E+16
90455,9,1,85,149,2018,8,19,7,2,8,1,0,0,1,0,0,0,0,0,6.6618E+20,5.39678E+21,1.12586E+16,4.87019E+16
90456,9,3,76,175,2018,8,16,4,3,3,2,0,0,1,0,1,0,0,0,7.31785E+20,5.46776E+21,1.21896E+16,4.93185E+16
90457,9,6,71,155,2018,8,8,6,2,1,6,0,0,1,0,0,0,0,0,5.05056E+20,5.53763E+21,9.07053E+15,4.99909E+16
90458,9,6,77,203,2018,8,19,5,3,9,1,0,0,1,0,0,0,0,1,5.55164E+20,5.52546E+21,9.7678E+15,4.9879E+16
90459,9,2,71,119,2018,8,21,4,2,2,6,2,0,1,0,0,0,0,0,7.90465E+20,5.41434E+21,1.29569E+16,4.8814E+16
90460,9,2,75,154,2018,8,10,6,3,2,6,0,0,1,0,0,1,0,1,8.07228E+20,5.39454E+21,1.31699E+16,4.86284E+16
90461,9,6,74,133,2018,8,11,5,3,2,2,0,0,1,0,0,0,0,0,6.23778E+20,5.53412E+21,1.07253E+16,4.99466E+16
90462,9,2,76,148,2018,8,16,4,3,0,6,0,1,0,0,0,0,0,0,8.08844E+20,5.44074E+21,1.32266E+16,4.90421E+16
90463,9,6,74,147,2018,8,12,7,3,0,1,0,0,0,0,1,0,0,1,6.08668E+20,5.54443E+21,1.05176E+16,5.00422E+16
90464,9,2,78,170,2018,8,16,4,3,2,6,0,0,1,0,0,0,0,0,7.65437E+20,5.42433E+21,1.26232E+16,4.8915E+16
90465,9,2,78,113,2018,8,20,7,3,9,1,1,0,1,0,0,0,0,0,7.6648E+20,5.41616E+21,1.26321E+16,4.88412E+16
90466,9,1,86,158,2018,8,6,6,2,8,1,0,0,0,0,1,0,0,1,6.92359E+20,5.40479E+21,1.16178E+16,4.87664E+16
90467,9,2,78,170,2018,8,18,4,2,2,6,0,0,1,0,1,0,0,0,7.64998E+20,5.42411E+21,1.26171E+16,4.89132E+16
90468,9,3,73,147,2018,8,18,6,3,8,1,0,0,0,0,1,0,0,0,6.81422E+20,5.45852E+21,1.14931E+16,4.92525E+16
90469,9,2,72,136,2018,8,11,5,3,4,6,0,0,1,0,0,1,0,0,8.47394E+20,5.41135E+21,1.37274E+16,4.87581E+16
90470,9,6,63,0,2018,8,13,7,3,2,6,0,0,1,0,0,0,0,0,5.64974E+20,5.51705E+21,9.90292E+15,4.98024E+16
90471,9,2,78,141,2018,8,11,4,3,2,6,0,0,0,0,1,0,0,0,7.59233E+20,5.42981E+21,1.25422E+16,4.89668E+16
90472,9,4,72,146,2018,8,6,7,3,8,1,0,0,1,0,0,0,0,1,6.82481E+20,5.52768E+21,1.15397E+16,4.98737E+16
90473,9,1,87,177,2018,8,20,6,3,5,3,1,0,1,0,0,0,0,0,7.36737E+20,5.30361E+21,1.21641E+16,4.78422E+16
90474,9,2,76,138,2018,8,17,4,1,5,3,0,0,1,0,1,0,0,0,8.04031E+20,5.43124E+21,1.31538E+16,4.89592E+16
90475,9,1,88,120,2018,8,11,7,3,0,7,0,0,0,0,1,0,0,0,6.77556E+20,5.32641E+21,1.13834E+16,4.80662E+16
90476,9,2,78,187,2018,8,7,4,3,2,2,0,0,1,0,0,0,0,0,7.79203E+20,5.42528E+21,1.28113E+16,4.89174E+16
90477,9,5,72,131,2018,8,13,6,3,5,3,0,0,1,0,1,0,0,0,6.56301E+20,5.49426E+21,1.11623E+16,4.95807E+16
90478,9,6,76,123,2018,8,7,5,3,8,1,0,0,1,0,0,0,0,0,5.20665E+20,5.51802E+21,9.28724E+15,4.98143E+16
90479,9,2,75,154,2018,8,19,4,3,1,6,1,0,1,0,0,0,0,0,8.0891E+20,5.39485E+21,1.31929E+16,4.86303E+16
90480,9,2,72,151,2018,8,12,6,3,8,1,0,0,0,0,0,0,1,1,8.399E+20,5.41135E+21,1.36258E+16,4.87622E+16
90481,9,2,77,128,2018,8,6,4,1,4,6,0,0,1,0,0,1,1,0,7.90905E+20,5.34981E+21,1.29179E+16,4.82347E+16
90482,9,6,71,124,2018,8,16,7,3,4,2,0,0,1,0,1,0,0,0,5.14809E+20,5.53425E+21,9.20646E+15,4.99604E+16
90483,9,2,77,149,2018,8,11,4,3,0,1,0,0,1,0,0,0,0,0,7.96787E+20,5.36797E+21,1.30097E+16,4.8395E+16