OBJECTID_1,ULAND,UREGBEZ,UKREIS,UGEMEINDE,UJAHR,UMONAT,USTUNDE,UWOCHENTAG,UKATEGORIE,UART,UTYP1,ULICHTVERH,IstRad,IstPKW,IstFuss,IstKrad,IstGkfz,IstSonstig,STRZUSTAND,LINREFX,LINREFY,XGCSWGS84,YGCSWGS84
90484,9,2,75,145,2018,8,17,7,2,4,1,0,0,1,0,0,0,0,0,8.17917E+20,5.37785E+21,1.33019E+16,4.84733E+16
90485,9,1,84,112,2018,8,13,6,3,2,6,0,0,1,0,0,0,0,1,7.02486E+20,5.3401E+21,1.17242E+16,4.81818E+16
90486,9,2,75,119,2018,8,10,4,3,4,6,0,0,1,0,0,1,0,0,8.34274E+20,5.39905E+21,1.35395E+16,4.8655E+16
90487,9,7,75,129,2018,8,14,6,3,2,6,0,0,1,0,0,0,0,0,5.83493E+20,5.34036E+21,1.01239E+16,4.8211E+16
90488,9,2,75,151,2018,8,8,4,2,5,3,0,0,1,0,0,1,0,0,8.23177E+20,5.3975E+21,1.33881E+16,4.86469E+16
90489,9,1,62,0,2018,8,12,6,3,1,6,0,0,1,0,0,0,1,0,6.78403E+20,5.33449E+21,1.13981E+16,4.81387E+16
90490,9,2,72,120,2018,8,8,4,3,2,6,0,0,1,0,0,0,0,0,8.2353E+20,5.42055E+21,1.34109E+16,4.88535E+16
90491,9,5,74,132,2018,8,16,6,3,5,2,0,0,1,0,1,0,0,0,6.7817E+20,5.4873E+21,1.14614E+16,4.95121E+16
90492,9,6,71,111,2018,8,18,5,3,4,1,0,0,1,0,0,0,0,1,5.07391E+20,5.55237E+21,9.1034E+15,5.01235E+16
90493,9,2,77,116,2018,8,16,4,3,0,7,0,0,0,0,1,0,1,0,7.75749E+20,5.36653E+21,1.27252E+16,4.83916E+16
90494,9,2,61,0,2018,8,14,6,3,3,6,0,1,1,0,0,0,0,0,7.32651E+20,5.38208E+21,1.21526E+16,4.85486E+16
90495,9,2,74,191,2018,8,10,4,3,0,6,0,0,1,0,0,1,0,0,7.4494E+20,5.39154E+21,1.23244E+16,4.86289E+16
90496,9,5,65,0,2018,8,11,7,3,2,6,0,1,0,0,0,0,1,0,6.48367E+20,5.46605E+21,1.1042E+16,4.93292E+16
90497,9,2,74,176,2018,8,16,4,3,4,6,0,0,1,0,0,0,0,0,7.18789E+20,5.39909E+21,1.1974E+16,4.87064E+16
90498,9,1,73,112,2018,8,16,7,3,3,6,0,0,1,0,1,0,0,0,6.92408E+20,5.29198E+21,1.15672E+16,4.77525E+16
90499,9,1,78,124,2018,8,10,6,3,2,6,0,0,1,0,0,1,0,0,7.00974E+20,5.36458E+21,1.17155E+16,4.84023E+16
90500,9,2,73,139,2018,8,11,4,2,8,1,0,0,0,0,1,0,0,0,7.12392E+20,5.40536E+21,1.18904E+16,4.8765E+16
90501,9,7,71,122,2018,8,17,6,3,2,6,0,0,1,0,0,0,0,0,6.5354E+20,5.36159E+21,1.1074E+16,4.83887E+16
90502,9,2,79,112,2018,8,7,4,2,5,3,0,1,1,0,0,0,0,0,7.57063E+20,5.3908E+21,1.24882E+16,4.86174E+16
90503,9,4,62,0,2018,8,6,6,3,2,6,0,0,1,0,0,0,0,0,6.86785E+20,5.53717E+21,1.16042E+16,4.99576E+16
90504,9,5,72,135,2018,8,23,5,2,2,6,2,0,1,0,0,1,0,0,6.32009E+20,5.50916E+21,1.08314E+16,4.97204E+16
90505,9,3,62,0,2018,8,10,5,3,2,1,0,0,1,0,0,0,0,0,7.3229E+20,5.43238E+21,1.21761E+16,4.90006E+16
90506,9,1,90,141,2018,8,8,4,3,5,3,0,1,1,0,0,0,0,0,6.77693E+20,5.29195E+21,1.1371E+16,4.77565E+16
90507,9,1,80,117,2018,8,12,6,3,2,6,0,0,1,0,0,0,0,1,6.61029E+20,5.26131E+21,1.11376E+16,4.74853E+16
90508,9,1,80,122,2018,8,16,4,2,4,1,0,0,1,0,0,0,0,0,6.66864E+20,5.26194E+21,1.12152E+16,4.74895E+16
90509,9,5,73,120,2018,8,14,6,3,9,1,0,0,1,0,0,0,0,0,6.26281E+20,5.4833E+21,1.07437E+16,4.94892E+16
90510,9,5,72,132,2018,8,17,5,3,5,3,0,1,1,0,0,0,0,0,6.38233E+20,5.49416E+21,1.09124E+16,4.95842E+16
90511,9,1,83,124,2018,8,15,4,3,5,3,0,0,1,0,0,0,0,0,7.53893E+20,5.34061E+21,1.24149E+16,4.8168E+16
90512,9,1,88,113,2018,8,8,6,3,8,1,0,0,1,0,0,0,0,1,6.79427E+20,5.31171E+21,1.14023E+16,4.79336E+16
90513,9,1,89,133,2018,8,7,4,3,4,6,0,0,1,0,1,1,0,0,7.56842E+20,5.322E+21,1.24433E+16,4.79996E+16
90514,9,1,83,129,2018,8,13,7,3,9,7,0,0,0,0,1,0,0,0,7.65449E+20,5.36258E+21,1.25838E+16,4.83605E+16
90515,9,1,62,0,2018,8,12,5,3,3,6,0,0,1,0,1,0,0,0,6.87576E+20,5.33321E+21,1.15207E+16,4.81245E+16
90516,9,1,89,162,2018,8,19,4,1,5,3,0,1,1,0,0,0,0,0,7.8061E+20,5.31586E+21,1.27573E+16,4.79346E+16
90517,9,7,71,122,2018,8,19,6,3,5,3,0,0,1,0,0,0,0,0,6.49635E+20,5.36069E+21,1.1021E+16,4.83816E+16
90518,9,5,74,112,2018,8,18,5,3,5,3,0,0,1,0,0,0,0,0,6.71765E+20,5.4724E+21,1.13665E+16,4.938E+16
90519,9,1,89,135,2018,8,11,4,3,1,6,0,0,1,0,0,0,0,0,7.82934E+20,5.31466E+21,1.27875E+16,4.79227E+16
90520,9,3,62,0,2018,8,15,6,3,2,6,0,0,1,0,0,0,1,0,7.31401E+20,5.43227E+21,1.21639E+16,4.89999E+16
90521,9,5,77,161,2018,8,14,5,2,5,3,0,0,1,0,1,0,0,0,6.41063E+20,5.44136E+21,1.09329E+16,4.91089E+16
90522,9,2,76,146,2018,8,12,5,3,4,1,0,0,1,0,0,0,0,0,7.96411E+20,5.42982E+21,1.30489E+16,4.89501E+16
90523,9,7,77,153,2018,8,16,5,3,5,2,0,0,1,0,0,0,0,0,6.1331E+20,5.27512E+21,1.0508E+16,4.76195E+16
90524,9,7,71,142,2018,8,10,7,3,5,2,0,0,1,0,1,0,0,0,6.45428E+20,5.35287E+21,1.09615E+16,4.83123E+16
90525,9,1,89,162,2018,8,15,4,3,0,7,0,0,1,0,1,0,0,1,7.79283E+20,5.31552E+21,1.27393E+16,4.7932E+16
90526,9,4,75,136,2018,8,17,7,2,2,6,0,0,1,0,0,0,0,0,6.99321E+20,5.57104E+21,1.17964E+16,5.02578E+16
90527,9,1,71,112,2018,8,9,6,3,6,1,0,1,0,1,0,0,0,1,7.84885E+20,5.34208E+21,1.28318E+16,4.8168E+16
90528,9,1,89,146,2018,8,8,4,3,0,1,0,1,0,0,0,0,0,0,7.63984E+20,5.29921E+21,1.2525E+16,4.77921E+16
90529,9,1,81,130,2018,8,4,7,3,0,1,2,0,1,0,0,0,0,0,6.36499E+20,5.32305E+21,1.08315E+16,4.80461E+16
90530,9,1,72,118,2018,8,11,4,3,2,6,0,0,1,0,0,0,0,0,7.98415E+20,5.30621E+21,1.29884E+16,4.78399E+16
90531,9,5,62,0,2018,8,3,6,2,3,6,2,0,1,0,0,0,0,0,6.39253E+20,5.4957E+21,1.09271E+16,4.95978E+16
90532,9,5,77,177,2018,8,19,5,3,8,1,0,0,0,0,1,0,0,0,6.50949E+20,5.43364E+21,1.10654E+16,4.90371E+16
90533,9,1,82,124,2018,8,13,7,2,4,6,0,0,1,0,0,0,0,0,6.99758E+20,5.27661E+21,1.16581E+16,4.76121E+16
90534,9,1,71,122,2018,8,17,4,3,8,1,0,0,1,0,0,0,0,0,7.7035E+20,5.33409E+21,1.26317E+16,4.81026E+16
90535,9,6,72,121,2018,8,20,6,3,0,7,1,0,0,0,1,0,0,0,5.68543E+20,5.55143E+21,9.95863E+15,5.01112E+16
90536,9,5,71,155,2018,8,12,5,3,5,3,0,0,1,0,0,1,0,0,5.93903E+20,5.46914E+21,1.02934E+16,4.93678E+16
90537,9,1,71,122,2018,8,11,4,3,8,1,0,0,1,0,0,0,0,0,7.70539E+20,5.33314E+21,1.26336E+16,4.8094E+16
90538,9,3,71,151,2018,8,5,6,3,0,1,1,0,0,0,1,0,0,1,6.98809E+20,5.48841E+21,1.17467E+16,4.95157E+16
90539,9,5,71,177,2018,8,23,5,3,8,1,2,0,1,0,0,0,0,0,6.24226E+20,5.4504E+21,1.07051E+16,4.91938E+16
90540,9,2,74,132,2018,8,19,5,3,2,6,0,0,0,0,1,0,0,0,7.25667E+20,5.38582E+21,1.20601E+16,4.85848E+16
90541,9,6,77,137,2018,8,19,7,3,5,3,0,0,1,0,0,0,0,0,5.35427E+20,5.51832E+21,9.49245E+15,4.98163E+16
90542,9,1,87,177,2018,8,17,4,3,4,2,0,0,1,0,1,0,0,0,7.35899E+20,5.30594E+21,1.21542E+16,4.78634E+16
90543,9,3,73,156,2018,8,17,7,2,4,2,0,0,1,0,1,0,0,0,6.66771E+20,5.46307E+21,1.12939E+16,4.92976E+16
90544,9,1,87,129,2018,8,16,6,3,5,3,0,0,1,0,1,0,0,0,7.25952E+20,5.29958E+21,1.20181E+16,4.78099E+16
90545,9,1,87,118,2018,8,7,4,2,5,3,0,0,1,0,1,0,0,0,7.52961E+20,5.30037E+21,1.23787E+16,4.78069E+16
90546,9,7,77,151,2018,8,15,5,3,8,7,0,0,1,0,0,0,0,0,6.21222E+20,5.29304E+21,1.06182E+16,4.77793E+16
90547,9,1,75,132,2018,8,18,7,3,2,6,0,0,1,0,0,0,0,0,7.07222E+20,5.33661E+21,1.17861E+16,4.8149E+16
90548,9,1,82,125,2018,8,14,4,2,0,7,0,1,0,0,0,0,0,0,7.15293E+20,5.29622E+21,1.18742E+16,4.77833E+16
90549,9,5,76,141,2018,8,13,6,3,8,1,0,0,0,0,1,0,0,0,6.46703E+20,5.44699E+21,1.10122E+16,4.91582E+16
90550,9,4,75,136,2018,8,6,5,2,8,1,0,0,1,0,0,0,0,0,6.99298E+20,5.57093E+21,1.1796E+16,5.02568E+16
90551,9,1,87,179,2018,8,17,4,1,5,3,0,1,1,0,0,0,0,0,7.20825E+20,5.31761E+21,1.19589E+16,4.79736E+16
90552,9,2,74,128,2018,8,17,6,3,1,1,0,0,1,0,0,0,0,0,7.35101E+20,5.38632E+21,1.21881E+16,4.85858E+16
90553,9,4,64,0,2018,8,7,5,3,5,3,0,0,1,0,0,0,0,0,7.08349E+20,5.57468E+21,1.19249E+16,5.02874E+16
90554,9,1,88,118,2018,8,17,4,3,5,3,0,0,1,0,1,0,0,0,6.71175E+20,5.31045E+21,1.12914E+16,4.79245E+16
90555,9,5,62,0,2018,8,14,7,3,8,1,0,0,1,0,0,0,0,0,6.44116E+20,5.49128E+21,1.09927E+16,4.9557E+16
90556,9,1,88,139,2018,8,10,4,3,4,6,0,0,1,0,0,1,0,0,6.75806E+20,5.32277E+21,1.13584E+16,4.8034E+16
90557,9,1,79,117,2018,8,9,4,2,8,1,0,0,0,0,1,0,0,0,6.62482E+20,5.34876E+21,1.11897E+16,4.82712E+16
90558,9,2,75,134,2018,8,16,6,3,5,3,0,0,1,0,0,0,1,0,8.23626E+20,5.3739E+21,1.33758E+16,4.8435E+16
90559,9,4,64,0,2018,8,12,5,3,2,6,0,0,1,0,0,0,0,0,7.06455E+20,5.57833E+21,1.19003E+16,5.03209E+16
90560,9,1,81,122,2018,8,11,4,3,0,1,0,0,0,0,1,0,0,1,6.51586E+20,5.33014E+21,1.10363E+16,4.81065E+16
90561,9,6,73,114,2018,8,8,7,3,5,3,0,0,1,0,0,0,0,0,5.85404E+20,5.57473E+21,1.01996E+16,5.03185E+16
90562,9,1,74,115,2018,8,18,4,3,2,6,0,0,1,0,0,0,0,0,6.81186E+20,5.34723E+21,1.14409E+16,4.82524E+16
90563,9,2,75,111,2018,8,13,7,3,8,1,0,0,0,0,1,0,0,0,8.16828E+20,5.40049E+21,1.33044E+16,4.8677E+16
90564,9,1,79,142,2018,8,11,6,2,0,1,0,0,0,0,1,0,0,1,6.736E+20,5.34116E+21,1.13363E+16,4.81999E+16
90565,9,1,74,141,2018,8,7,4,3,5,3,0,0,1,0,1,0,0,0,6.84746E+20,5.35437E+21,1.1492E+16,4.83155E+16
90566,9,1,84,127,2018,8,15,6,3,5,3,0,1,1,0,0,0,0,0,7.0175E+20,5.3234E+21,1.17064E+16,4.8032E+16
90567,9,1,78,124,2018,8,17,4,3,0,6,0,0,0,0,1,1,0,0,7.04433E+20,5.36517E+21,1.17625E+16,4.84065E+16
90568,9,5,64,0,2018,8,20,6,3,2,7,1,0,1,0,1,0,0,0,6.47306E+20,5.48041E+21,1.10327E+16,4.94585E+16
90569,9,4,78,139,2018,8,22,5,3,7,7,2,0,1,0,0,0,1,0,6.51887E+20,5.55244E+21,1.1124E+16,5.01048E+16
90570,9,1,77,112,2018,8,22,4,2,0,1,2,1,0,0,0,0,0,0,7.16567E+20,5.36366E+21,1.19254E+16,4.83889E+16
90571,9,2,61,0,2018,8,16,6,3,6,7,0,0,1,1,0,0,0,0,7.34073E+20,5.38154E+21,1.21715E+16,4.85432E+16
90572,9,1,77,134,2018,8,4,4,3,9,1,1,0,1,0,0,0,0,0,7.12463E+20,5.34488E+21,1.18606E+16,4.82216E+16
90573,9,5,74,164,2018,8,15,7,3,0,7,0,0,0,0,1,0,0,1,6.68383E+20,5.47178E+21,1.13197E+16,4.93754E+16
90574,9,1,77,115,2018,8,0,4,3,8,1,2,0,1,0,0,0,0,0,7.31911E+20,5.35306E+21,1.21265E+16,4.82882E+16
90575,9,1,89,111,2018,8,15,7,3,2,6,0,0,1,0,0,0,0,0,7.60248E+20,5.32297E+21,1.24895E+16,4.8007E+16
90576,9,1,62,0,2018,8,19,5,3,2,6,0,0,1,0,0,0,0,0,6.84516E+20,5.33307E+21,1.14796E+16,4.81242E+16
90577,9,1,62,0,2018,8,15,3,3,6,7,0,1,0,1,0,0,0,0,6.91702E+20,5.33175E+21,1.15755E+16,4.81102E+16
90578,9,7,72,114,2018,8,13,6,3,5,3,0,0,1,0,0,0,1,0,6.33427E+20,5.38503E+21,1.08099E+16,4.86041E+16
90579,9,1,73,126,2018,8,16,7,3,2,6,0,0,0,0,1,0,0,0,6.84618E+20,5.30393E+21,1.14684E+16,4.78622E+16
90580,9,1,78,145,2018,8,23,6,3,4,1,2,0,1,0,0,0,1,0,6.97314E+20,5.35441E+21,1.16613E+16,4.83121E+16
90581,9,1,84,119,2018,8,16,3,3,5,2,0,0,1,0,1,0,0,0,6.96318E+20,5.34643E+21,1.16442E+16,4.82406E+16
90582,9,7,74,119,2018,8,8,6,3,0,1,0,0,0,0,1,0,0,1,5.90622E+20,5.36161E+21,1.02244E+16,4.84012E+16
90583,9,1,62,0,2018,8,19,3,3,1,6,0,0,1,0,1,0,0,0,6.92228E+20,5.33114E+21,1.15823E+16,4.81045E+16
90584,9,5,71,223,2018,8,19,6,3,0,1,0,0,0,0,1,0,0,0,6.08055E+20,5.44643E+21,1.04821E+16,4.91611E+16
90585,9,4,74,175,2018,8,18,5,3,2,6,0,0,1,0,0,0,0,0,6.53547E+20,5.50935E+21,1.11301E+16,4.97171E+16
90586,9,1,84,119,2018,8,19,3,3,0,7,0,1,0,0,0,0,0,0,6.96056E+20,5.34485E+21,1.16399E+16,4.82265E+16
90587,9,1,90,148,2018,8,19,6,3,0,1,0,1,0,0,0,0,0,0,6.43426E+20,5.29711E+21,1.09158E+16,4.78114E+16
90588,9,7,75,152,2018,8,11,3,3,8,1,0,0,1,0,0,0,0,1,5.78571E+20,5.35371E+21,1.00601E+16,4.83317E+16
90589,9,5,75,179,2018,8,7,3,2,9,1,0,0,1,0,0,0,0,0,5.90773E+20,5.49423E+21,1.02561E+16,4.95938E+16
90590,9,1,87,132,2018,8,16,7,3,0,1,0,0,0,0,1,0,0,0,7.45611E+20,5.29952E+21,1.22802E+16,4.78021E+16
90591,9,7,74,143,2018,8,18,5,2,2,6,0,0,1,0,1,0,0,0,5.96868E+20,5.36073E+21,1.03085E+16,4.83923E+16
90592,9,7,75,139,2018,8,13,3,3,8,7,0,0,1,0,0,0,0,1,5.80773E+20,5.3658E+21,1.00921E+16,4.84402E+16
90593,9,6,73,123,2018,8,13,6,1,8,1,0,0,1,0,0,0,0,0,5.8062E+20,5.59956E+21,1.01378E+16,5.05425E+16
90594,9,4,74,121,2018,8,7,5,3,5,3,0,0,1,0,0,0,0,0,6.54632E+20,5.51829E+21,1.11487E+16,4.97971E+16
90595,9,7,74,150,2018,8,14,3,3,4,2,0,0,1,0,1,0,0,0,6.01406E+20,5.34487E+21,1.0366E+16,4.82489E+16
90596,9,3,72,125,2018,8,16,6,2,9,1,0,0,1,0,0,0,0,0,7.57164E+20,5.44065E+21,1.25208E+16,4.9065E+16
90597,9,4,71,195,2018,8,9,5,3,0,7,0,0,1,0,0,0,0,0,6.42365E+20,5.52169E+21,1.09796E+16,4.98307E+16
90598,9,2,77,111,2018,8,19,5,2,9,1,0,0,1,0,0,0,0,0,7.84822E+20,5.38733E+21,1.28616E+16,4.85743E+16
90599,9,6,75,162,2018,8,23,7,3,3,6,2,0,1,0,0,0,0,0,5.95605E+20,5.51435E+21,1.03278E+16,4.9774E+16
90600,9,7,74,174,2018,8,16,3,2,5,3,0,0,1,0,1,0,0,0,5.98496E+20,5.368E+21,1.03322E+16,4.84574E+16
90601,9,4,63,0,2018,8,9,7,3,8,1,0,0,1,0,0,0,0,0,6.41105E+20,5.56584E+21,1.09783E+16,5.02278E+16
90602,9,7,80,131,2018,8,16,3,3,8,6,0,0,1,0,1,0,0,0,5.88068E+20,5.254E+21,1.01679E+16,4.74335E+16
90603,9,4,74,121,2018,8,12,6,3,2,6,0,0,1,0,0,0,0,0,6.57339E+20,5.51666E+21,1.11856E+16,4.97818E+16
90604,9,3,75,190,2018,8,19,5,3,1,2,0,0,1,0,0,1,0,0,7.26657E+20,5.44962E+21,1.21089E+16,4.91575E+16
90605,9,7,77,139,2018,8,16,7,3,4,6,0,0,1,0,1,0,0,0,6.14494E+20,5.30697E+21,1.05321E+16,4.79059E+16
90606,9,7,76,113,2018,8,20,3,2,8,1,0,0,0,0,1,0,0,0,5.80543E+20,5.27495E+21,1.0072E+16,4.7623E+16
90607,9,1,89,157,2018,8,7,6,3,9,1,0,0,1,0,0,0,0,1,7.61674E+20,5.32601E+21,1.25104E+16,4.80337E+16
90608,9,7,62,0,2018,8,19,3,3,0,1,0,1,0,0,0,0,0,0,6.22474E+20,5.30378E+21,1.06379E+16,4.78757E+16
90609,9,1,61,0,2018,8,10,7,3,5,3,0,1,1,0,0,0,0,0,6.79599E+20,5.40503E+21,1.14444E+16,4.87724E+16
90610,9,7,80,115,2018,8,20,3,3,5,3,1,0,1,0,1,0,0,0,5.94675E+20,5.26624E+21,1.02581E+16,4.75427E+16
90611,9,6,72,134,2018,8,11,6,3,5,3,0,0,1,0,0,0,1,0,5.54022E+20,5.58596E+21,9.76049E+15,5.04232E+16
90612,9,7,77,121,2018,8,21,3,3,0,1,2,1,0,0,0,0,0,0,6.28048E+20,5.32192E+21,1.07178E+16,4.80378E+16
90613,9,2,78,118,2018,8,14,6,3,0,7,0,0,0,0,1,0,0,1,7.7052E+20,5.42396E+21,1.26922E+16,4.89094E+16
90614,9,7,79,197,2018,8,18,3,3,5,3,0,1,1,0,0,0,0,0,6.16529E+20,5.42404E+21,1.05919E+16,4.89583E+16
90615,9,6,78,192,2018,8,2,7,3,2,6,2,0,1,0,0,0,1,0,5.7573E+20,5.54463E+21,1.00578E+16,5.00492E+16
90616,9,7,72,147,2018,8,18,3,3,4,2,0,0,1,0,0,0,0,0,6.36043E+20,5.36415E+21,1.08386E+16,4.84158E+16
90617,9,3,71,113,2018,8,18,7,3,0,1,0,0,0,0,1,0,0,0,6.88163E+20,5.50879E+21,1.16096E+16,4.97022E+16
90618,9,1,76,143,2018,8,11,6,3,2,6,0,0,1,0,0,0,0,1,6.81447E+20,5.40979E+21,1.14717E+16,4.88146E+16
90619,9,7,72,147,2018,8,13,3,3,1,6,0,0,1,0,0,0,0,0,6.38217E+20,5.36515E+21,1.08683E+16,4.84243E+16
90620,9,1,78,124,2018,8,20,7,3,0,1,1,1,0,0,0,0,0,0,7.02428E+20,5.36621E+21,1.17359E+16,4.84165E+16
90621,9,7,71,142,2018,8,14,3,3,0,1,0,0,0,0,1,0,0,0,6.45307E+20,5.35357E+21,1.09601E+16,4.83186E+16
90622,9,1,87,182,2018,8,19,6,2,5,3,0,0,1,0,0,0,0,1,7.38458E+20,5.3283E+21,1.22008E+16,4.80633E+16
90623,9,7,71,141,2018,8,14,3,3,4,3,0,0,1,0,0,0,1,0,6.55756E+20,5.37789E+21,1.111E+16,4.85347E+16
90624,9,1,79,117,2018,8,9,7,3,8,7,0,0,1,0,0,0,0,0,6.60718E+20,5.34772E+21,1.11656E+16,4.82623E+16
90625,9,6,63,0,2018,8,7,3,2,1,6,0,0,0,0,0,1,0,0,5.70717E+20,5.51006E+21,9.98145E+15,4.97389E+16
90626,9,5,62,0,2018,8,22,6,3,3,2,2,0,1,0,0,0,0,0,6.43532E+20,5.49346E+21,1.09854E+16,4.95767E+16
90627,9,6,79,130,2018,8,14,3,3,9,1,0,0,1,0,0,0,0,0,5.71361E+20,5.52049E+21,9.9923E+15,4.98326E+16
90628,9,2,72,136,2018,8,16,6,3,9,7,0,0,1,0,0,0,0,0,8.48878E+20,5.40794E+21,1.37446E+16,4.87267E+16
90629,9,6,77,129,2018,8,12,3,1,3,6,0,1,1,0,0,0,1,0,5.33403E+20,5.54611E+21,9.46673E+15,5.00664E+16
90630,9,6,76,123,2018,8,12,7,2,8,1,0,0,0,0,1,0,0,0,5.23144E+20,5.51711E+21,9.32165E+15,4.9806E+16
90631,9,6,72,121,2018,8,13,3,3,0,7,0,0,1,0,0,0,0,0,5.68845E+20,5.55709E+21,9.96387E+15,5.0162E+16
90632,9,2,62,0,2018,8,14,7,3,2,6,0,0,1,0,0,0,0,0,8.25487E+20,5.3896E+21,1.34131E+16,4.85748E+16
90633,9,1,79,121,2018,8,11,6,3,2,6,0,0,1,0,0,0,0,1,6.67486E+20,5.33844E+21,1.1253E+16,4.81771E+16
90634,9,6,72,139,2018,8,12,3,3,2,6,0,0,1,0,0,1,0,0,5.65298E+20,5.56287E+21,9.91521E+15,5.02144E+16
90635,9,7,64,0,2018,8,17,6,3,0,7,0,1,0,0,0,0,0,0,5.87447E+20,5.31472E+21,1.01718E+16,4.79798E+16
90636,9,6,73,151,2018,8,7,3,2,8,1,0,0,1,0,0,0,0,0,5.91729E+20,5.5851E+21,1.0291E+16,5.04108E+16
90637,9,5,73,120,2018,8,16,6,2,5,3,0,0,1,0,0,0,0,0,6.25996E+20,5.48326E+21,1.07397E+16,4.94889E+16
90638,9,7,77,175,2018,8,11,5,3,0,1,0,0,0,0,1,0,0,1,6.12945E+20,5.29196E+21,1.05075E+16,4.77711E+16
90639,9,6,76,140,2018,8,5,3,3,0,7,0,0,0,0,1,0,1,1,5.059E+20,5.52288E+21,9.08208E+15,4.98583E+16
90640,9,5,74,138,2018,8,15,6,3,5,3,0,1,0,0,0,0,1,0,6.63716E+20,5.4852E+21,1.1261E+16,4.94973E+16
90641,9,5,72,131,2018,8,13,3,3,2,1,0,0,1,0,0,0,0,0,6.54605E+20,5.48517E+21,1.11353E+16,4.94995E+16
90642,9,2,74,134,2018,8,15,6,3,9,1,0,0,1,0,0,0,0,0,7.3826E+20,5.37258E+21,1.22231E+16,4.84612E+16
90643,9,5,72,131,2018,8,21,3,3,3,6,1,0,1,0,0,0,1,0,6.56988E+20,5.48353E+21,1.11675E+16,4.94841E+16
90644,9,5,62,0,2018,8,3,7,3,0,7,2,1,0,0,0,0,0,0,6.40263E+20,5.49877E+21,1.09422E+16,4.96252E+16
90645,9,5,76,113,2018,8,14,3,3,2,6,0,0,1,0,0,1,0,0,6.60813E+20,5.46018E+21,1.12108E+16,4.92732E+16
90646,9,1,73,135,2018,8,13,7,2,8,1,0,0,0,0,1,0,0,0,6.91445E+20,5.27271E+21,1.15459E+16,4.75796E+16
90647,9,1,78,124,2018,8,21,6,3,5,2,2,0,1,0,0,0,0,0,7.02782E+20,5.3587E+21,1.1737E+16,4.83489E+16
90648,9,5,72,132,2018,8,10,3,3,5,3,0,0,1,0,0,0,0,0,6.3696E+20,5.495E+21,1.08951E+16,4.9592E+16
90649,9,7,79,169,2018,8,15,6,3,7,7,0,1,0,0,0,0,0,0,6.36623E+20,5.3993E+21,1.0858E+16,4.87318E+16
90650,9,5,65,0,2018,8,12,3,3,9,7,0,0,1,0,0,0,0,0,6.44157E+20,5.46854E+21,1.0985E+16,4.93525E+16
90651,9,4,77,156,2018,8,15,6,3,0,1,0,0,0,0,1,0,0,0,6.80087E+20,5.56446E+21,1.15237E+16,5.02049E+16
90652,9,3,74,149,2018,8,12,5,3,9,1,0,0,1,0,0,0,0,0,7.1429E+20,5.52106E+21,1.19782E+16,4.98037E+16
90653,9,5,63,0,2018,8,12,3,3,3,6,0,0,1,0,0,0,0,0,6.37928E+20,5.48244E+21,1.09041E+16,4.94789E+16
90654,9,1,80,118,2018,8,12,6,3,5,3,0,0,1,0,0,1,0,0,6.54811E+20,5.26054E+21,1.10548E+16,4.74799E+16
90655,9,5,64,0,2018,8,12,3,3,0,3,0,1,0,0,0,0,0,0,6.49965E+20,5.4772E+21,1.10682E+16,4.9429E+16
90656,9,5,71,174,2018,8,8,3,3,5,3,0,0,1,0,0,0,0,0,6.03389E+20,5.46064E+21,1.04218E+16,4.92897E+16
90657,9,1,87,165,2018,8,12,7,3,2,6,0,0,1,0,0,0,0,0,7.33593E+20,5.29937E+21,1.21199E+16,4.78053E+16
90658,9,5,64,0,2018,8,16,2,3,2,6,0,0,1,0,0,0,0,0,6.49804E+20,5.47709E+21,1.10659E+16,4.9428E+16
90659,9,5,73,125,2018,8,6,2,3,2,6,0,0,1,0,0,1,0,0,6.35504E+20,5.4738E+21,1.08677E+16,4.94018E+16
90660,9,2,71,119,2018,8,13,4,3,5,7,0,1,0,0,0,0,0,0,7.91075E+20,5.41793E+21,1.29678E+16,4.8846E+16
90661,9,5,77,138,2018,8,10,2,3,5,3,0,0,1,0,0,0,0,0,6.31675E+20,5.44607E+21,1.08058E+16,4.91533E+16
90662,9,1,84,119,2018,8,8,5,2,5,3,0,0,1,0,1,0,0,0,6.97264E+20,5.34889E+21,1.16581E+16,4.82625E+16
90663,9,5,75,161,2018,8,17,2,2,5,3,0,1,1,0,0,0,0,0,6.03994E+20,5.50419E+21,1.04416E+16,4.96813E+16
90664,9,1,62,0,2018,8,17,3,3,3,6,0,0,1,0,0,0,0,0,6.84606E+20,5.34279E+21,1.1485E+16,4.82115E+16
90665,9,3,75,183,2018,8,17,5,1,4,6,0,0,1,0,0,0,0,0,7.40528E+20,5.43009E+21,1.22872E+16,4.89768E+16
90666,9,1,87,165,2018,8,10,5,3,2,6,0,0,1,0,0,0,0,0,7.29672E+20,5.30021E+21,1.2068E+16,4.78142E+16
90667,9,4,71,214,2018,8,15,2,3,9,1,0,0,1,0,1,0,0,0,6.39681E+20,5.54359E+21,1.09502E+16,5.00282E+16
90668,9,4,71,186,2018,8,16,3,3,0,1,0,0,0,0,1,0,0,0,6.24254E+20,5.52477E+21,1.07289E+16,4.98624E+16
90669,9,4,61,0,2018,8,21,2,1,4,6,2,1,0,0,1,0,0,1,6.38259E+20,5.5315E+21,1.0926E+16,4.99199E+16
90670,9,6,79,154,2018,8,9,4,2,8,1,0,0,1,0,0,0,0,0,5.59884E+20,5.50877E+21,9.83092E+15,4.97285E+16