OBJECTID_1,ULAND,UREGBEZ,UKREIS,UGEMEINDE,UJAHR,UMONAT,USTUNDE,UWOCHENTAG,UKATEGORIE,UART,UTYP1,ULICHTVERH,IstRad,IstPKW,IstFuss,IstKrad,IstGkfz,IstSonstig,STRZUSTAND,LINREFX,LINREFY,XGCSWGS84,YGCSWGS84
90671,9,4,61,0,2018,8,14,2,3,2,6,0,0,1,0,0,0,0,0,6.35288E+20,5.5261E+21,1.08828E+16,4.9872E+16
90672,9,1,87,165,2018,8,13,6,3,2,6,0,0,1,0,0,0,0,0,7.30035E+20,5.30013E+21,1.20728E+16,4.78134E+16
90673,9,3,63,0,2018,8,9,2,3,1,2,0,0,1,0,0,1,0,0,7.27542E+20,5.50608E+21,1.21533E+16,4.96643E+16
90674,9,1,83,118,2018,8,16,4,3,8,1,0,0,0,0,1,0,0,0,7.4547E+20,5.33875E+21,1.23008E+16,4.81546E+16
90675,9,6,75,161,2018,8,10,5,3,5,3,0,0,1,0,1,0,0,0,5.89512E+20,5.50964E+21,1.02421E+16,4.97326E+16
90676,9,3,77,154,2018,8,15,2,3,5,2,0,0,1,0,0,0,0,0,7.3998E+20,5.52885E+21,1.23394E+16,4.98639E+16
90677,9,6,79,201,2018,8,15,3,3,2,6,0,0,1,0,0,0,0,0,5.71662E+20,5.52637E+21,9.99756E+15,4.98854E+16
90678,9,2,61,0,2018,8,8,5,3,2,6,0,0,1,0,0,0,0,0,7.31877E+20,5.37981E+21,1.21409E+16,4.85285E+16
90679,9,1,85,150,2018,8,12,5,2,0,1,0,0,0,0,1,0,0,0,6.54077E+20,5.39847E+21,1.10949E+16,4.87202E+16
90680,9,3,75,196,2018,8,7,2,3,5,3,0,0,1,0,0,0,0,0,7.36159E+20,5.41486E+21,1.22188E+16,4.88418E+16
90681,9,3,75,130,2018,8,13,2,2,8,7,0,0,1,0,0,0,0,0,7.358E+20,5.43571E+21,1.2226E+16,4.90291E+16
90682,9,7,76,127,2018,8,19,3,3,5,3,0,0,1,0,1,0,0,0,5.75662E+20,5.27343E+21,1.00067E+16,4.76099E+16
90683,9,2,63,0,2018,8,9,5,2,4,2,0,0,1,0,0,0,0,0,7.60801E+20,5.42359E+21,1.25596E+16,4.89102E+16
90684,9,1,76,122,2018,8,16,3,3,4,6,0,0,1,0,1,0,0,0,6.63838E+20,5.40607E+21,1.12305E+16,4.8786E+16
90685,9,1,82,124,2018,8,13,5,3,0,6,0,0,0,0,1,0,0,0,7.07088E+20,5.28445E+21,1.17592E+16,4.76803E+16
90686,9,3,73,114,2018,8,18,2,2,5,3,0,0,1,0,0,0,0,1,6.75563E+20,5.45844E+21,1.14127E+16,4.92535E+16
90687,9,7,74,185,2018,8,15,7,2,0,7,0,1,0,0,0,0,0,0,6.09671E+20,5.3473E+21,1.04779E+16,4.82694E+16
90688,9,2,76,115,2018,8,15,3,2,7,1,0,0,1,0,1,0,0,0,8.02794E+20,5.44867E+21,1.315E+16,4.91162E+16
90689,9,3,71,116,2018,8,7,2,3,5,3,0,0,1,0,0,0,0,0,6.92394E+20,5.47837E+21,1.16533E+16,4.94275E+16
90690,9,5,76,151,2018,8,5,4,3,7,1,1,0,1,0,0,0,0,0,6.53849E+20,5.47289E+21,1.11201E+16,4.93893E+16
90691,9,2,71,119,2018,8,9,2,2,2,6,0,0,1,0,0,0,0,0,7.88599E+20,5.41503E+21,1.29321E+16,4.88211E+16
90692,9,1,87,150,2018,8,8,6,3,5,3,0,0,0,0,0,0,1,0,7.27975E+20,5.30325E+21,1.2047E+16,4.78421E+16
90693,9,2,71,119,2018,8,9,2,3,2,6,0,0,1,0,0,0,0,0,7.886E+20,5.41503E+21,1.29321E+16,4.88211E+16
90694,9,1,82,136,2018,8,16,4,3,5,6,0,1,1,0,0,0,0,0,7.0419E+20,5.30189E+21,1.17289E+16,4.78379E+16
90695,9,5,64,0,2018,8,17,5,3,2,6,0,0,1,0,0,0,0,0,6.5143E+20,5.47728E+21,1.10884E+16,4.94293E+16
90696,9,2,71,138,2018,8,10,2,3,2,6,0,0,1,0,0,0,0,0,7.94431E+20,5.41175E+21,1.3009E+16,4.8789E+16
90697,9,6,74,149,2018,8,18,3,2,0,3,0,0,1,0,1,0,0,0,6.09012E+20,5.55521E+21,1.05255E+16,5.01391E+16
90698,9,1,80,123,2018,8,11,5,2,2,3,0,0,1,0,1,0,0,0,6.70499E+20,5.25306E+21,1.126E+16,4.74087E+16
90699,9,1,79,121,2018,8,14,5,3,1,6,0,0,1,0,0,0,0,0,6.67374E+20,5.33837E+21,1.12515E+16,4.81765E+16
90700,9,2,78,148,2018,8,22,2,3,8,1,2,0,1,0,0,0,0,1,7.29872E+20,5.40755E+21,1.21291E+16,4.87784E+16
90701,9,1,89,145,2018,8,23,3,3,8,1,2,0,1,0,0,0,0,0,7.75862E+20,5.30361E+21,1.2686E+16,4.78266E+16
90702,9,2,63,0,2018,8,5,2,3,1,1,1,0,1,0,1,0,0,0,7.62587E+20,5.4205E+21,1.25819E+16,4.88817E+16
90703,9,5,71,190,2018,8,18,4,2,5,2,0,0,0,0,1,0,1,0,6.24128E+20,5.46432E+21,1.0708E+16,4.9319E+16
90704,9,2,62,0,2018,8,9,2,2,6,7,0,1,0,1,0,0,0,0,8.27898E+20,5.38971E+21,1.34458E+16,4.85745E+16
90705,9,1,84,119,2018,8,14,6,3,3,6,0,0,1,0,0,0,0,0,6.96028E+20,5.3467E+21,1.16404E+16,4.82431E+16
90706,9,2,74,183,2018,8,22,3,3,8,1,2,0,1,0,0,0,0,0,7.41145E+20,5.35826E+21,1.22538E+16,4.83315E+16
90707,9,2,75,133,2018,8,16,2,2,4,2,0,0,1,0,1,0,0,0,8.276E+20,5.3812E+21,1.34351E+16,4.84984E+16
90708,9,5,74,138,2018,8,14,4,2,5,3,0,0,1,0,0,0,0,0,6.6464E+20,5.4859E+21,1.1274E+16,4.95034E+16
90709,9,2,62,0,2018,8,17,2,3,5,3,0,0,1,0,0,0,0,0,8.28898E+20,5.38955E+21,1.34592E+16,4.85726E+16
90710,9,1,76,138,2018,8,8,6,3,4,6,0,0,1,0,0,0,1,0,6.70029E+20,5.4251E+21,1.13226E+16,4.89555E+16
90711,9,2,75,130,2018,8,16,2,3,5,3,0,0,1,0,0,1,0,0,8.14808E+20,5.36402E+21,1.32495E+16,4.83508E+16
90712,9,1,86,158,2018,8,13,4,2,8,1,0,0,0,0,1,0,0,0,6.92968E+20,5.40739E+21,1.16273E+16,4.87895E+16
90713,9,4,75,162,2018,8,16,5,3,5,3,0,0,1,0,0,0,0,0,7.14571E+20,5.57287E+21,1.20111E+16,5.02689E+16
90714,9,2,72,119,2018,8,8,2,3,9,1,0,0,0,0,0,0,1,0,8.28251E+20,5.40576E+21,1.34633E+16,4.87183E+16
90715,9,6,72,113,2018,8,18,3,3,1,6,0,0,1,0,0,0,0,0,5.56853E+20,5.574E+21,9.79853E+15,5.03153E+16
90716,9,1,75,122,2018,8,11,5,3,0,3,0,1,1,0,0,0,0,0,7.2101E+20,5.32607E+21,1.19658E+16,4.80496E+16
90717,9,2,74,134,2018,8,13,2,3,5,3,0,0,1,0,0,0,0,0,7.46287E+20,5.37673E+21,1.23339E+16,4.84954E+16
90718,9,2,74,184,2018,8,10,2,3,5,6,0,0,1,0,0,0,0,0,7.48117E+20,5.36914E+21,1.23541E+16,4.84265E+16
90719,9,3,74,134,2018,8,17,4,3,5,3,0,0,1,0,1,0,0,0,7.19611E+20,5.50417E+21,1.20425E+16,4.965E+16
90720,9,2,74,146,2018,8,7,2,3,5,3,0,0,1,0,0,0,0,0,7.33311E+20,5.37766E+21,1.21591E+16,4.85087E+16
90721,9,1,75,114,2018,8,12,6,3,9,1,0,0,0,0,1,0,0,0,7.14713E+20,5.32203E+21,1.18794E+16,4.80155E+16
90722,9,2,61,0,2018,8,10,2,2,0,7,0,1,0,0,0,0,0,0,7.3444E+20,5.38196E+21,1.21767E+16,4.85469E+16
90723,9,1,62,0,2018,8,7,3,3,5,3,0,1,0,0,0,0,1,1,6.92125E+20,5.34208E+21,1.15858E+16,4.82029E+16
90724,9,3,77,143,2018,8,12,5,3,5,3,0,0,1,0,1,0,0,0,7.13115E+20,5.53554E+21,1.19698E+16,4.99342E+16
90725,9,1,71,113,2018,8,0,5,2,8,1,2,0,1,0,0,0,0,0,7.76911E+20,5.34244E+21,1.27251E+16,4.81748E+16
90726,9,2,79,137,2018,8,17,2,3,2,6,0,0,1,0,0,0,0,0,7.75502E+20,5.4051E+21,1.27474E+16,4.87379E+16
90727,9,4,75,123,2018,8,9,3,3,6,4,0,1,0,1,0,0,0,0,7.09808E+20,5.58284E+21,1.19499E+16,5.03602E+16
90728,9,2,79,113,2018,8,11,2,3,5,3,0,0,1,0,0,0,0,0,7.77029E+20,5.39143E+21,1.27589E+16,4.86145E+16
90729,9,1,88,132,2018,8,19,4,3,5,2,0,0,1,0,0,0,0,0,6.66183E+20,5.32116E+21,1.12288E+16,4.80221E+16
90730,9,4,74,126,2018,8,18,5,3,0,1,0,1,0,0,0,0,0,0,6.49213E+20,5.50945E+21,1.10701E+16,4.97191E+16
90731,9,1,89,141,2018,8,11,5,2,0,7,0,1,0,0,0,0,0,0,7.54877E+20,5.28894E+21,1.23976E+16,4.77035E+16
90732,9,1,80,124,2018,8,14,2,3,2,6,0,0,1,0,0,0,0,0,6.64669E+20,5.2831E+21,1.1194E+16,4.76803E+16
90733,9,5,63,0,2018,8,8,3,3,5,3,0,1,1,0,0,0,0,0,6.43705E+20,5.48064E+21,1.09832E+16,4.94614E+16
90734,9,1,84,142,2018,8,12,4,3,3,6,0,1,1,0,0,0,0,0,6.83369E+20,5.31822E+21,1.14578E+16,4.7991E+16
90735,9,1,73,134,2018,8,9,2,3,0,7,0,0,0,0,1,0,0,0,6.85897E+20,5.29939E+21,1.14836E+16,4.7821E+16
90736,9,7,75,162,2018,8,12,7,3,2,6,0,0,1,0,0,0,0,0,5.80312E+20,5.3494E+21,1.00828E+16,4.82927E+16
90737,9,1,73,133,2018,8,9,2,3,8,1,0,0,1,0,0,0,0,0,6.75509E+20,5.27514E+21,1.13351E+16,4.76059E+16
90738,9,2,75,154,2018,8,16,4,3,2,6,0,0,0,0,1,0,0,0,8.098E+20,5.39509E+21,1.32052E+16,4.86321E+16
90739,9,1,83,123,2018,8,12,2,3,2,6,0,0,1,0,0,0,0,0,7.37443E+20,5.33987E+21,1.21936E+16,4.81677E+16
90740,9,1,62,0,2018,8,14,5,3,5,2,0,0,1,0,0,0,0,0,6.94643E+20,5.33207E+21,1.16151E+16,4.81121E+16
90741,9,1,83,124,2018,8,11,2,3,8,1,0,1,0,0,0,0,0,0,7.59099E+20,5.34419E+21,1.2487E+16,4.8198E+16
90742,9,1,84,118,2018,8,6,3,3,1,6,0,0,1,0,0,0,1,0,7.04224E+20,5.33605E+21,1.17456E+16,4.81449E+16
90743,9,3,75,190,2018,8,7,5,2,0,1,0,0,0,0,1,0,0,0,7.28178E+20,5.4447E+21,1.21269E+16,4.91128E+16
90744,9,1,76,123,2018,8,16,3,3,4,2,0,0,1,0,0,0,0,0,6.61031E+20,5.41948E+21,1.11976E+16,4.89073E+16
90745,9,1,87,121,2018,8,15,5,3,2,6,0,0,1,0,0,0,0,0,7.53181E+20,5.30975E+21,1.23871E+16,4.78911E+16
90746,9,1,89,126,2018,8,20,2,3,8,1,2,0,1,0,0,0,0,1,7.61931E+20,5.32708E+21,1.25145E+16,4.80432E+16
90747,9,7,80,140,2018,8,15,7,2,8,1,0,0,0,0,1,0,0,0,6.01865E+20,5.28159E+21,1.03572E+16,4.76797E+16
90748,9,3,77,139,2018,8,9,3,2,0,1,0,1,0,0,0,0,0,0,7.50217E+20,5.53059E+21,1.24828E+16,4.98753E+16
90749,9,1,89,119,2018,8,3,2,3,9,1,2,0,1,0,0,0,0,1,7.6377E+20,5.30728E+21,1.2527E+16,4.78646E+16
90750,9,6,78,138,2018,8,12,4,3,9,7,0,0,1,0,0,0,0,0,5.98451E+20,5.53897E+21,1.03736E+16,4.99949E+16
90751,9,1,89,154,2018,8,23,2,3,5,3,2,0,1,0,0,0,0,0,7.69521E+20,5.31916E+21,1.26112E+16,4.7969E+16
90752,9,1,82,136,2018,8,13,6,2,8,7,0,0,1,0,0,0,0,0,7.03072E+20,5.29946E+21,1.17128E+16,4.78164E+16
90753,9,1,83,128,2018,8,6,2,3,2,6,0,0,1,0,0,0,0,0,7.61678E+20,5.35034E+21,1.25254E+16,4.82522E+16
90754,9,1,71,135,2018,8,19,3,2,8,1,0,0,0,0,1,0,0,0,7.68738E+20,5.33949E+21,1.26135E+16,4.81519E+16
90755,9,7,72,207,2018,8,19,4,3,4,1,0,0,1,0,0,0,0,0,6.4055E+20,5.38148E+21,1.09053E+16,4.85706E+16
90756,9,1,72,134,2018,8,8,2,2,4,6,0,0,1,0,0,0,0,0,7.8786E+20,5.30532E+21,1.28471E+16,4.78367E+16
90757,9,1,71,135,2018,8,13,6,3,4,6,0,0,1,0,0,0,0,0,7.68906E+20,5.34149E+21,1.2617E+16,4.81697E+16
90758,9,1,72,116,2018,8,15,2,2,4,2,0,0,1,0,1,0,0,0,8.04794E+20,5.28533E+21,1.30589E+16,4.76495E+16
90759,9,2,73,166,2018,8,14,4,2,9,1,0,0,0,0,1,0,0,0,7.12539E+20,5.41693E+21,1.18984E+16,4.88689E+16
90760,9,7,79,155,2018,8,16,5,3,4,6,0,0,1,0,0,0,0,0,6.21694E+20,5.40627E+21,1.06571E+16,4.87975E+16
90761,9,1,72,131,2018,10,16,7,3,2,6,0,1,1,0,0,0,0,0,7.82745E+20,5.28729E+21,1.27672E+16,4.76771E+16
90762,9,7,73,170,2018,8,18,3,3,5,3,0,0,1,0,1,0,0,0,5.96157E+20,5.38838E+21,1.03053E+16,4.86411E+16
90763,9,2,78,189,2018,8,17,5,2,8,1,0,0,0,0,1,0,0,0,7.68212E+20,5.44198E+21,1.26726E+16,4.90722E+16
90764,9,1,81,130,2018,8,14,3,3,5,3,0,0,1,0,0,0,0,0,6.39594E+20,5.32321E+21,1.08731E+16,4.80469E+16
90765,9,1,61,0,2018,8,17,5,3,4,1,0,1,0,0,0,0,0,0,6.79998E+20,5.40725E+21,1.14508E+16,4.87922E+16
90766,9,1,87,165,2018,8,14,2,2,0,7,0,0,0,0,1,0,0,0,7.33116E+20,5.29969E+21,1.21137E+16,4.78083E+16
90767,9,2,75,114,2018,8,15,3,2,8,1,0,0,0,0,1,0,0,0,8.03041E+20,5.38923E+21,1.31094E+16,4.85828E+16
90768,9,1,87,117,2018,8,17,2,3,2,6,0,0,1,0,0,0,0,1,7.23526E+20,5.3064E+21,1.19892E+16,4.7872E+16
90769,9,5,62,0,2018,8,8,4,3,0,7,0,0,0,0,1,0,1,0,6.44494E+20,5.49644E+21,1.09998E+16,4.96032E+16
90770,9,1,87,150,2018,8,19,2,3,4,1,0,0,1,0,0,0,0,1,7.2571E+20,5.30399E+21,1.20172E+16,4.78496E+16
90771,9,1,86,137,2018,8,10,6,2,4,2,0,0,1,0,0,0,0,0,6.84633E+20,5.39925E+21,1.15103E+16,4.87189E+16
90772,9,1,61,0,2018,8,8,2,2,4,2,0,1,1,0,0,0,0,0,6.79865E+20,5.40651E+21,1.14487E+16,4.87855E+16
90773,9,1,61,0,2018,8,14,4,2,9,1,0,0,1,0,0,0,0,0,6.79703E+20,5.40763E+21,1.1447E+16,4.87957E+16
90774,9,5,75,165,2018,8,16,5,3,8,1,0,0,0,0,1,0,0,0,6.05595E+20,5.497E+21,1.04618E+16,4.96163E+16
90775,9,1,74,135,2018,8,8,2,3,8,1,0,0,1,0,0,0,0,0,6.62949E+20,5.35356E+21,1.11979E+16,4.83142E+16
90776,9,6,72,140,2018,8,6,3,2,4,6,1,0,1,0,0,0,0,0,5.82081E+20,5.55632E+21,1.0149E+16,5.01534E+16
90777,9,1,89,140,2018,8,17,4,3,0,1,0,1,0,0,0,0,0,0,7.73047E+20,5.29542E+21,1.26433E+16,4.77542E+16
90778,9,6,61,0,2018,8,12,5,3,5,3,0,0,1,0,0,0,0,0,5.10315E+20,5.53621E+21,9.14387E+15,4.99781E+16
90779,9,1,81,114,2018,8,17,2,3,0,1,0,1,0,0,0,0,0,1,6.57176E+20,5.31211E+21,1.11048E+16,4.7943E+16
90780,9,6,63,0,2018,8,15,3,2,3,6,0,0,1,0,1,0,0,0,5.67237E+20,5.51289E+21,9.93365E+15,4.97647E+16
90781,9,1,73,137,2018,8,15,5,2,2,7,0,0,1,0,0,1,0,0,6.79326E+20,5.30531E+21,1.13983E+16,4.78761E+16
90782,9,1,76,153,2018,8,19,5,1,4,6,0,0,1,0,1,0,1,0,6.97853E+20,5.40781E+21,1.1694E+16,4.87918E+16
90783,9,1,74,113,2018,8,8,2,2,5,3,0,1,1,0,0,0,0,0,6.74666E+20,5.34766E+21,1.13533E+16,4.82581E+16
90784,9,2,61,0,2018,8,10,3,3,4,2,0,0,1,0,0,0,0,0,7.26681E+20,5.38009E+21,1.20707E+16,4.85329E+16
90785,9,1,77,116,2018,8,6,2,3,2,6,0,0,1,0,0,0,1,0,7.13237E+20,5.36514E+21,1.18813E+16,4.84033E+16
90786,9,5,64,0,2018,8,18,4,3,5,2,0,0,1,0,0,0,0,0,6.44571E+20,5.478E+21,1.09942E+16,4.94375E+16
90787,9,1,78,120,2018,8,14,2,3,3,6,0,0,1,0,0,0,1,0,6.9378E+20,5.35439E+21,1.16137E+16,4.8313E+16
90788,9,1,88,118,2018,8,15,6,3,2,6,0,0,1,0,0,0,0,0,6.71162E+20,5.31046E+21,1.12913E+16,4.79246E+16
90789,9,1,84,119,2018,8,20,2,3,3,6,2,0,1,0,0,1,0,0,6.96446E+20,5.34886E+21,1.1647E+16,4.82625E+16
90790,9,1,76,137,2018,8,11,4,2,0,7,0,1,0,0,0,0,0,0,6.78699E+20,5.43042E+21,1.14433E+16,4.90008E+16
90791,9,4,73,159,2018,8,5,5,3,9,1,1,0,1,0,0,0,0,0,6.44719E+20,5.57847E+21,1.10338E+16,5.03405E+16
90792,9,1,80,117,2018,8,18,5,3,5,3,0,0,1,0,1,0,0,0,6.572E+20,5.26222E+21,1.10871E+16,4.74944E+16
90793,9,1,78,124,2018,8,4,2,2,0,6,2,0,1,0,1,0,0,0,7.02873E+20,5.35913E+21,1.17385E+16,4.83527E+16
90794,9,1,77,133,2018,8,12,3,3,4,2,0,0,1,0,0,0,0,0,7.09908E+20,5.36012E+21,1.18338E+16,4.83593E+16
90795,9,1,86,137,2018,8,16,3,3,2,6,0,0,1,0,0,0,0,0,6.82017E+20,5.40008E+21,1.14751E+16,4.87272E+16
90796,9,6,76,145,2018,8,14,3,3,3,6,0,0,1,0,0,0,0,0,5.10428E+20,5.52034E+21,9.14501E+15,4.98354E+16
90797,9,1,84,136,2018,8,18,4,3,4,5,0,0,1,0,0,0,0,0,6.9807E+20,5.32688E+21,1.16587E+16,4.80645E+16
90798,9,1,77,117,2018,8,6,2,3,1,6,0,0,1,0,0,0,0,0,7.16502E+20,5.3542E+21,1.19197E+16,4.83039E+16
90799,9,1,62,0,2018,8,15,1,3,5,3,0,1,1,0,0,0,0,0,6.85631E+20,5.32869E+21,1.14927E+16,4.80845E+16
90800,9,2,78,141,2018,8,14,4,3,3,6,0,1,0,0,0,0,0,0,7.59787E+20,5.42745E+21,1.25482E+16,4.89453E+16
90801,9,1,74,141,2018,8,14,5,3,0,6,0,0,1,0,1,0,0,0,6.84282E+20,5.35463E+21,1.14858E+16,4.8318E+16
90802,9,1,84,112,2018,8,13,1,2,3,6,0,0,1,0,1,0,0,0,7.00987E+20,5.34096E+21,1.17044E+16,4.819E+16
90803,9,7,78,173,2018,8,21,1,2,2,6,2,0,1,0,0,0,1,0,6.14847E+20,5.32119E+21,1.05406E+16,4.80337E+16
90804,9,4,78,176,2018,8,14,4,2,4,6,0,0,1,0,1,0,0,0,6.57662E+20,5.54275E+21,1.12008E+16,5.00162E+16
90805,9,7,75,129,2018,8,12,1,3,1,6,0,0,1,0,0,0,0,0,5.83246E+20,5.34341E+21,1.01211E+16,4.82385E+16
90806,9,1,75,111,2018,8,15,6,3,4,1,0,0,1,0,1,0,0,0,7.11431E+20,5.33782E+21,1.18432E+16,4.81584E+16
90807,9,7,74,144,2018,8,19,1,2,8,1,0,0,1,0,0,0,0,0,6.10878E+20,5.3629E+21,1.04983E+16,4.84095E+16
90808,9,1,81,114,2018,8,18,4,3,5,3,0,0,1,0,1,0,0,0,6.5699E+20,5.31361E+21,1.11028E+16,4.79565E+16
90809,9,4,74,126,2018,8,10,5,2,4,6,0,0,1,0,0,0,0,0,6.52973E+20,5.5103E+21,1.11225E+16,4.97258E+16
90810,9,1,89,154,2018,8,13,5,3,2,6,0,0,1,0,0,1,0,0,7.66331E+20,5.31784E+21,1.25677E+16,4.79584E+16
90811,9,7,75,135,2018,8,11,1,3,2,6,0,0,1,0,0,0,0,0,5.80651E+20,5.35401E+21,1.00882E+16,4.83341E+16
90812,9,1,77,123,2018,8,19,3,2,8,1,0,0,1,0,0,0,0,0,7.2759E+20,5.34051E+21,1.20616E+16,4.8177E+16
90813,9,5,64,0,2018,8,7,3,3,5,3,0,0,1,0,1,0,0,0,6.50101E+20,5.47726E+21,1.10701E+16,4.94295E+16
90814,9,7,77,151,2018,8,18,4,3,5,2,0,0,1,0,0,0,0,0,6.21199E+20,5.29279E+21,1.06178E+16,4.7777E+16
90815,9,7,75,164,2018,8,9,1,3,0,7,0,1,0,0,0,0,0,0,5.87552E+20,5.34961E+21,1.01804E+16,4.82936E+16
90816,9,7,80,121,2018,8,11,7,2,4,6,0,0,1,0,1,0,0,0,5.94189E+20,5.25656E+21,1.02496E+16,4.74557E+16
90817,9,7,80,118,2018,8,2,1,2,8,1,2,0,0,0,1,0,0,0,5.95059E+20,5.26685E+21,1.02633E+16,4.75481E+16
90818,9,2,77,154,2018,8,13,4,3,8,1,0,0,0,0,1,0,0,0,7.89693E+20,5.35538E+21,1.29054E+16,4.82853E+16
90819,9,7,80,131,2018,8,15,1,3,0,1,0,0,0,0,1,0,1,0,5.93254E+20,5.25586E+21,1.0237E+16,4.74495E+16
90820,9,7,80,140,2018,8,10,5,3,5,3,0,0,1,0,1,0,0,0,6.00314E+20,5.2775E+21,1.03356E+16,4.76431E+16
90821,9,7,80,131,2018,8,17,1,3,8,1,0,1,0,0,0,0,0,0,5.87879E+20,5.25401E+21,1.01654E+16,4.74336E+16
90822,9,1,62,0,2018,8,18,2,3,5,3,0,1,0,0,1,0,0,1,6.94723E+20,5.33219E+21,1.16162E+16,4.81132E+16
90823,9,7,80,140,2018,8,8,3,3,8,1,0,0,1,0,0,0,0,1,6.0438E+20,5.28116E+21,1.03906E+16,4.76754E+16
90824,9,3,76,150,2018,8,12,5,2,8,6,0,0,1,0,0,0,0,0,7.28309E+20,5.49059E+21,1.2155E+16,4.95249E+16
90825,9,7,76,125,2018,8,9,1,2,5,3,0,0,1,0,1,0,0,0,5.6593E+20,5.27001E+21,9.87674E+15,4.75801E+16
90826,9,1,62,0,2018,8,5,5,3,5,3,0,1,1,0,0,0,0,0,6.92157E+20,5.33938E+21,1.1585E+16,4.81786E+16
90827,9,7,62,0,2018,8,10,1,3,0,1,0,1,0,0,0,0,0,0,6.2053E+20,5.30541E+21,1.06124E+16,4.78907E+16
90828,9,1,62,0,2018,8,17,3,2,5,2,0,0,1,0,1,0,0,0,6.90115E+20,5.32864E+21,1.15528E+16,4.80826E+16
90829,9,3,75,122,2018,8,11,5,3,9,1,0,0,1,0,0,0,0,0,7.12577E+20,5.43943E+21,1.19107E+16,4.9071E+16
90830,9,1,87,165,2018,8,10,5,3,2,6,0,0,1,0,0,0,0,0,7.29473E+20,5.30024E+21,1.20654E+16,4.78145E+16
90831,9,7,80,115,2018,8,13,1,2,4,6,0,1,0,0,0,0,0,0,5.94519E+20,5.26665E+21,1.02561E+16,4.75464E+16
90832,9,1,62,0,2018,8,17,2,3,2,6,0,0,1,0,0,0,0,1,6.94126E+20,5.34037E+21,1.16119E+16,4.81869E+16
90833,9,4,72,154,2018,8,15,3,3,8,1,0,0,1,0,0,0,0,1,6.66581E+20,5.53122E+21,1.13202E+16,4.99102E+16
90834,9,7,77,159,2018,8,13,1,2,8,1,0,0,1,0,0,0,0,0,6.16611E+20,5.27271E+21,1.05512E+16,4.75973E+16
90835,9,7,71,140,2018,8,20,4,3,4,6,0,1,0,0,0,0,0,0,6.50649E+20,5.37002E+21,1.1038E+16,4.84653E+16
90836,9,7,79,184,2018,8,14,1,2,8,1,0,0,1,0,0,0,0,0,6.19769E+20,5.4013E+21,1.06295E+16,4.87532E+16
90837,9,1,82,137,2018,8,12,6,3,2,6,0,0,1,0,0,0,1,0,7.10262E+20,5.30514E+21,1.18115E+16,4.78651E+16
90838,9,7,61,0,2018,8,17,1,3,3,1,0,0,1,0,1,0,0,0,6.43348E+20,5.35759E+21,1.0935E+16,4.83552E+16
90839,9,1,83,123,2018,8,14,4,2,4,3,0,0,1,0,0,0,0,0,7.38686E+20,5.33997E+21,1.22104E+16,4.81681E+16
90840,9,6,77,151,2018,8,5,5,2,0,7,0,0,0,0,1,0,0,0,5.39259E+20,5.51466E+21,9.54535E+15,4.97831E+16
90841,9,7,61,0,2018,8,20,1,3,3,1,0,1,1,0,0,0,0,0,6.42189E+20,5.35757E+21,1.09194E+16,4.83553E+16
90842,9,7,64,0,2018,8,22,2,2,8,1,2,0,1,0,0,0,0,1,5.88407E+20,5.31284E+21,1.01843E+16,4.79627E+16
90843,9,7,71,145,2018,8,14,3,3,4,2,0,0,1,0,0,0,0,0,6.47505E+20,5.3463E+21,1.09872E+16,4.82528E+16
90844,9,2,72,146,2018,8,13,5,3,2,6,0,0,1,0,0,0,0,0,8.26151E+20,5.42811E+21,1.34526E+16,4.89198E+16
90845,9,1,86,128,2018,8,5,5,3,0,7,1,0,0,0,1,0,0,0,6.78292E+20,5.38731E+21,1.1419E+16,4.86134E+16
90846,9,6,79,167,2018,8,12,1,2,4,2,0,0,1,0,1,0,0,0,5.82714E+20,5.52461E+21,1.0151E+16,4.98681E+16
90847,9,7,75,115,2018,8,21,2,3,0,7,2,0,1,0,0,0,0,0,5.80908E+20,5.34615E+21,1.00902E+16,4.82634E+16
90848,9,2,75,125,2018,8,18,3,3,4,6,0,0,1,0,0,0,0,0,8.10495E+20,5.37779E+21,1.32017E+16,4.84764E+16
90849,9,6,77,127,2018,8,11,1,3,3,6,0,0,0,0,1,0,0,0,5.60253E+20,5.53984E+21,9.84088E+15,5.00079E+16
90850,9,5,76,121,2018,8,20,4,3,9,1,1,0,0,0,1,0,0,0,6.46715E+20,5.44833E+21,1.10128E+16,4.91702E+16
90851,9,6,72,114,2018,8,19,1,2,3,6,0,1,1,0,0,0,0,0,5.76968E+20,5.55965E+21,1.00781E+16,5.0184E+16
90852,9,1,76,123,2018,8,17,6,3,5,3,0,0,1,0,0,0,1,0,6.59382E+20,5.41875E+21,1.11748E+16,4.89012E+16
90853,9,1,82,111,2018,8,18,5,3,5,3,0,1,1,0,0,0,0,0,7.03902E+20,5.2886E+21,1.17188E+16,4.77186E+16
90854,9,6,73,129,2018,8,13,1,3,8,1,0,0,0,0,1,0,0,0,5.8166E+20,5.59542E+21,1.01516E+16,5.0505E+16
90855,9,3,76,144,2018,8,17,3,3,2,6,0,0,1,0,0,0,0,0,7.31429E+20,5.48271E+21,1.21934E+16,4.9453E+16
90856,9,6,78,150,2018,8,10,1,3,0,1,0,1,0,0,0,0,0,0,5.85472E+20,5.528E+21,1.01901E+16,4.98983E+16
90857,9,5,76,122,2018,8,12,4,3,9,6,0,0,1,0,0,1,0,0,6.73065E+20,5.43268E+21,1.13673E+16,4.90227E+16
90858,9,6,73,117,2018,8,15,1,2,0,1,0,0,0,0,1,0,0,0,5.72428E+20,5.58172E+21,1.00187E+16,5.03831E+16