OBJECTID_1,ULAND,UREGBEZ,UKREIS,UGEMEINDE,UJAHR,UMONAT,USTUNDE,UWOCHENTAG,UKATEGORIE,UART,UTYP1,ULICHTVERH,IstRad,IstPKW,IstFuss,IstKrad,IstGkfz,IstSonstig,STRZUSTAND,LINREFX,LINREFY,XGCSWGS84,YGCSWGS84
91046,9,4,77,124,2018,8,17,5,3,8,1,0,0,0,0,1,0,0,0,6.68404E+20,5.54437E+21,1.13513E+16,5.00278E+16
91047,9,1,73,112,2018,8,11,5,2,4,7,0,1,0,0,0,0,0,0,6.92194E+20,5.29164E+21,1.15642E+16,4.77495E+16
91048,9,1,77,137,2018,8,15,1,2,8,7,0,0,1,0,0,0,0,0,7.33622E+20,5.34729E+21,1.21464E+16,4.82357E+16
91049,9,1,61,0,2018,8,9,3,3,3,6,0,0,1,0,1,0,0,0,6.79197E+20,5.40495E+21,1.14389E+16,4.87717E+16
91050,9,5,62,0,2018,8,18,3,3,3,6,0,0,1,0,0,1,0,0,6.44763E+20,5.49135E+21,1.10017E+16,4.95575E+16
91051,9,1,62,0,2018,8,16,4,3,5,3,0,0,1,0,0,0,0,0,6.79875E+20,5.33492E+21,1.14181E+16,4.8142E+16
91052,9,1,62,0,2018,8,8,7,3,2,6,0,0,1,0,0,0,0,0,6.85208E+20,5.33535E+21,1.14899E+16,4.81444E+16
91053,9,6,62,0,2018,8,17,3,3,2,6,0,0,1,0,0,0,0,0,5.87272E+20,5.54427E+21,1.02189E+16,5.00443E+16
91054,9,1,78,150,2018,8,9,5,3,2,6,0,0,1,0,0,0,0,0,6.91407E+20,5.37094E+21,1.15893E+16,4.84625E+16
91055,9,1,84,134,2018,8,17,7,2,2,6,0,0,1,0,0,0,0,0,6.93642E+20,5.32219E+21,1.15972E+16,4.80236E+16
91056,9,1,84,137,2018,8,16,7,3,0,2,0,0,1,0,0,0,0,0,7.0631E+20,5.31687E+21,1.17643E+16,4.79719E+16
91057,9,4,62,0,2018,8,15,4,3,2,3,0,0,1,0,1,0,0,0,6.88199E+20,5.53786E+21,1.16242E+16,4.99633E+16
91058,9,7,74,121,2018,8,18,7,3,2,1,0,0,1,0,0,0,0,0,5.99564E+20,5.36526E+21,1.0346E+16,4.84326E+16
91059,9,1,78,136,2018,8,20,6,3,0,1,1,0,0,0,1,0,1,1,6.9587E+20,5.37057E+21,1.16494E+16,4.84578E+16
91060,9,7,74,121,2018,8,18,7,3,9,1,0,0,1,0,0,0,0,0,5.99961E+20,5.36523E+21,1.03514E+16,4.84323E+16
91061,9,1,77,133,2018,8,15,4,3,5,3,0,0,1,0,0,0,0,0,7.11143E+20,5.35412E+21,1.18475E+16,4.8305E+16
91062,9,4,61,0,2018,8,14,5,3,3,6,0,1,0,0,0,0,0,0,6.3836E+20,5.52949E+21,1.09267E+16,4.99018E+16
91063,9,1,89,127,2018,8,9,5,2,8,7,0,0,1,0,0,0,0,0,7.82638E+20,5.31796E+21,1.27857E+16,4.79525E+16
91064,9,7,78,158,2018,8,20,7,3,0,1,1,0,0,0,1,0,0,0,6.09632E+20,5.33653E+21,1.04746E+16,4.81726E+16
91065,9,5,71,136,2018,8,15,3,3,0,7,0,0,0,0,1,0,0,0,6.01127E+20,5.43517E+21,1.03843E+16,4.90611E+16
91066,9,7,77,159,2018,8,9,4,3,5,3,0,1,1,0,0,0,0,0,6.16841E+20,5.27241E+21,1.05542E+16,4.75946E+16
91067,9,7,78,218,2018,8,15,7,2,0,1,0,1,0,0,0,0,0,0,5.94508E+20,5.30529E+21,1.02644E+16,4.78939E+16
91068,9,1,72,129,2018,8,16,6,2,0,7,0,1,0,0,0,0,0,0,7.87756E+20,5.27747E+21,1.28273E+16,4.75868E+16
91069,9,7,76,125,2018,8,20,7,3,8,1,0,0,0,0,1,0,0,0,5.64295E+20,5.27092E+21,9.85514E+15,4.75885E+16
91070,9,2,77,138,2018,8,15,4,3,9,1,0,0,1,0,0,0,0,0,7.92888E+20,5.37144E+21,1.29596E+16,4.84279E+16
91071,9,7,80,124,2018,8,10,5,3,0,2,0,1,1,0,0,0,0,0,5.92766E+20,5.26728E+21,1.0233E+16,4.75523E+16
91072,9,1,62,0,2018,8,12,2,3,0,6,0,0,0,0,1,0,0,0,6.89165E+20,5.3413E+21,1.15457E+16,4.81967E+16
91073,9,1,85,158,2018,8,12,4,3,5,3,0,0,1,0,0,0,1,0,6.67917E+20,5.38175E+21,1.12761E+16,4.85663E+16
91074,9,1,84,135,2018,8,6,3,2,3,6,0,0,1,0,0,0,0,0,6.92204E+20,5.34402E+21,1.15877E+16,4.82202E+16
91075,9,4,78,155,2018,8,13,2,2,2,6,0,0,0,0,0,1,0,0,6.58103E+20,5.55986E+21,1.1214E+16,5.01698E+16
91076,9,1,62,0,2018,8,14,7,3,2,6,0,0,1,0,0,0,0,0,6.92911E+20,5.32964E+21,1.15907E+16,4.80908E+16
91077,9,1,86,162,2018,8,17,1,2,8,1,0,0,0,0,1,0,0,0,6.94727E+20,5.38854E+21,1.16423E+16,4.86196E+16
91078,9,5,63,0,2018,8,19,3,3,4,2,0,1,1,0,0,0,0,0,6.4331E+20,5.48366E+21,1.09788E+16,4.94887E+16
91079,9,1,82,119,2018,8,15,2,3,2,6,0,0,1,0,1,0,0,0,7.12854E+20,5.29244E+21,1.18399E+16,4.77502E+16
91080,9,1,87,167,2018,8,19,7,3,0,1,0,1,0,0,0,0,0,0,7.41559E+20,5.30509E+21,1.22293E+16,4.78537E+16
91081,9,4,75,161,2018,8,16,7,3,1,3,0,0,1,0,0,0,0,0,7.16252E+20,5.57273E+21,1.20346E+16,5.02671E+16
91082,9,1,80,117,2018,8,18,3,3,5,3,0,1,1,0,0,0,0,0,6.55922E+20,5.26135E+21,1.10698E+16,4.74869E+16
91083,9,2,71,135,2018,8,17,4,3,5,3,0,0,1,0,0,0,1,0,7.91575E+20,5.40585E+21,1.2966E+16,4.87374E+16
91084,9,7,61,0,2018,8,17,1,2,8,7,0,1,0,0,0,0,0,0,6.39265E+20,5.35436E+21,1.08789E+16,4.83271E+16
91085,9,2,73,152,2018,8,2,7,3,2,5,2,0,1,0,0,0,0,0,6.99064E+20,5.40564E+21,1.17094E+16,4.87719E+16
91086,9,7,77,182,2018,8,13,2,1,3,6,0,0,0,0,1,0,1,0,6.27497E+20,5.30751E+21,1.07062E+16,4.79082E+16
91087,9,1,87,117,2018,8,18,7,3,5,3,0,0,1,0,1,0,0,0,7.22598E+20,5.30487E+21,1.19761E+16,4.78586E+16
91088,9,7,79,115,2018,8,17,3,3,5,3,0,0,1,0,0,0,0,0,6.33597E+20,5.39416E+21,1.08152E+16,4.86862E+16
91089,9,3,72,130,2018,8,12,2,3,4,6,0,0,0,0,0,1,0,0,7.8197E+20,5.45583E+21,1.28703E+16,4.91903E+16
91090,9,1,61,0,2018,8,1,7,3,0,1,2,1,0,0,0,0,0,0,6.76886E+20,5.39873E+21,1.14048E+16,4.87165E+16
91091,9,1,84,113,2018,8,14,7,2,0,1,0,1,0,0,0,0,0,0,6.83767E+20,5.31752E+21,1.14629E+16,4.79846E+16
91092,9,4,78,155,2018,8,16,3,3,1,6,0,0,1,0,0,0,0,0,6.57263E+20,5.55994E+21,1.12023E+16,5.01707E+16
91093,9,1,78,120,2018,8,16,2,3,3,6,0,0,1,0,0,1,0,0,6.95113E+20,5.35525E+21,1.16321E+16,4.83203E+16
91094,9,1,85,166,2018,8,3,7,3,0,1,2,1,0,0,0,0,0,0,6.72458E+20,5.38436E+21,1.13387E+16,4.85886E+16
91095,9,4,71,142,2018,8,9,7,3,0,1,0,0,0,0,1,0,0,0,6.58146E+20,5.52429E+21,1.11999E+16,4.98501E+16
91096,9,1,85,118,2018,8,16,3,3,2,6,0,0,1,0,0,0,0,0,6.67031E+20,5.40218E+21,1.12724E+16,4.87503E+16
91097,9,1,78,124,2018,8,17,1,3,0,3,0,0,1,0,0,0,0,0,7.02857E+20,5.35905E+21,1.17382E+16,4.8352E+16
91098,9,5,73,111,2018,8,22,3,3,5,3,2,0,1,0,0,0,0,0,6.34377E+20,5.47566E+21,1.08528E+16,4.94187E+16
91099,9,1,86,147,2018,8,19,2,3,2,6,1,0,1,0,0,0,0,0,6.85125E+20,5.39103E+21,1.15133E+16,4.86449E+16
91100,9,1,85,113,2018,8,23,7,2,9,7,2,0,1,0,0,0,1,0,6.70131E+20,5.37402E+21,1.1303E+16,4.84963E+16
91101,9,4,72,111,2018,8,14,7,3,8,6,0,0,1,0,1,0,0,0,6.74798E+20,5.5275E+21,1.14328E+16,4.98743E+16
91102,9,3,72,113,2018,8,13,1,2,9,1,0,0,0,0,1,0,0,0,7.92027E+20,5.45564E+21,1.30078E+16,4.9184E+16
91103,9,1,84,145,2018,8,4,3,3,2,6,2,0,1,0,0,0,0,0,6.93412E+20,5.32527E+21,1.15955E+16,4.80514E+16
91104,9,2,77,124,2018,8,18,6,3,4,3,0,0,1,0,1,0,0,0,7.81008E+20,5.3693E+21,1.27979E+16,4.84141E+16
91105,9,2,75,141,2018,8,16,4,2,5,3,0,0,1,0,0,0,0,0,8.20087E+20,5.36817E+21,1.33237E+16,4.83853E+16
91106,9,6,76,165,2018,8,11,1,2,8,1,0,0,0,0,1,0,0,0,5.11229E+20,5.50353E+21,9.15566E+15,4.96842E+16
91107,9,1,89,134,2018,8,16,7,2,0,6,0,0,1,0,1,0,0,0,7.71432E+20,5.32279E+21,1.2639E+16,4.80008E+16
91108,9,7,61,0,2018,8,14,2,1,4,1,0,0,1,0,1,0,0,0,6.41069E+20,5.36058E+21,1.09053E+16,4.83826E+16
91109,9,1,76,114,2018,8,10,7,3,8,1,0,0,1,0,0,0,0,0,6.78319E+20,5.4356E+21,1.14404E+16,4.90474E+16
91110,9,6,79,154,2018,8,22,3,2,5,3,2,0,1,0,0,1,0,0,5.55695E+20,5.51302E+21,9.77341E+15,4.9767E+16
91111,9,2,75,153,2018,8,20,2,3,8,1,2,0,1,0,0,0,0,1,8.44612E+20,5.39283E+21,1.36743E+16,4.85936E+16
91112,9,1,81,114,2018,8,12,7,2,4,2,0,0,1,0,1,0,0,0,6.56651E+20,5.31533E+21,1.10989E+16,4.79721E+16
91113,9,7,77,153,2018,8,5,7,3,1,6,2,0,1,0,0,0,0,0,6.12792E+20,5.27531E+21,1.05011E+16,4.76214E+16
91114,9,4,72,150,2018,8,15,3,3,0,1,0,1,0,0,0,0,0,0,6.81295E+20,5.53839E+21,1.15283E+16,4.99703E+16
91115,9,7,75,139,2018,8,22,1,2,8,1,2,0,1,0,0,0,0,0,5.81915E+20,5.36984E+21,1.01084E+16,4.84763E+16
91116,9,1,74,150,2018,8,11,7,3,5,3,0,0,1,0,1,0,0,0,6.80679E+20,5.35892E+21,1.14391E+16,4.83575E+16
91117,9,3,73,167,2018,8,3,7,2,8,1,2,0,1,0,0,0,0,0,6.9114E+20,5.45806E+21,1.16263E+16,4.92454E+16
91118,9,1,88,145,2018,8,18,3,2,5,3,0,1,0,0,0,0,0,0,6.64049E+20,5.32695E+21,1.12024E+16,4.80747E+16
91119,9,1,72,112,2018,8,14,4,2,2,6,0,0,1,0,1,0,0,0,7.89421E+20,5.30053E+21,1.28647E+16,4.7793E+16
91120,9,5,75,165,2018,8,14,1,2,9,1,0,0,1,0,0,0,0,0,5.96561E+20,5.4969E+21,1.03368E+16,4.9617E+16
91121,9,5,63,0,2018,8,10,2,3,6,4,0,0,1,1,0,0,0,0,6.43955E+20,5.48075E+21,1.09867E+16,4.94623E+16
91122,9,1,75,118,2018,8,13,7,3,4,6,0,0,1,0,0,0,0,0,7.1797E+20,5.33922E+21,1.19317E+16,4.81688E+16
91123,9,2,79,112,2018,8,22,4,2,4,6,2,1,0,0,1,0,0,0,7.57475E+20,5.39248E+21,1.24948E+16,4.86323E+16
91124,9,5,74,155,2018,8,17,1,3,2,6,0,0,1,0,0,0,0,0,6.69502E+20,5.49483E+21,1.1345E+16,4.95823E+16
91125,9,6,72,117,2018,8,17,2,3,9,7,0,0,1,0,0,0,0,0,5.73917E+20,5.57301E+21,1.0038E+16,5.03046E+16
91126,9,1,78,136,2018,8,20,7,2,8,1,1,0,0,0,1,0,0,0,6.97173E+20,5.36915E+21,1.16663E+16,4.84446E+16
91127,9,6,78,170,2018,8,12,3,3,0,1,0,1,0,0,0,0,0,0,5.84872E+20,5.53191E+21,1.01826E+16,4.99335E+16
91128,9,2,73,141,2018,8,11,2,3,2,5,0,0,1,0,0,0,0,0,7.23203E+20,5.41085E+21,1.20403E+16,4.88105E+16
91129,9,1,75,121,2018,8,11,7,3,5,3,0,1,1,0,0,0,0,0,7.13933E+20,5.31885E+21,1.18673E+16,4.79871E+16
91130,9,6,75,141,2018,8,14,7,3,5,3,0,0,1,0,1,0,0,0,5.82984E+20,5.50845E+21,1.01513E+16,4.97228E+16
91131,9,2,71,114,2018,8,12,3,2,5,2,0,0,1,0,0,0,0,0,8.08374E+20,5.40731E+21,1.3195E+16,4.87424E+16
91132,9,7,80,139,2018,8,16,1,3,2,6,0,0,1,0,0,0,0,0,5.97283E+20,5.26299E+21,1.0292E+16,4.75131E+16
91133,9,3,73,121,2018,8,19,7,3,8,1,0,0,0,0,1,0,0,0,6.90804E+20,5.43452E+21,1.16106E+16,4.9034E+16
91134,9,1,78,157,2018,8,12,3,3,4,6,0,0,1,0,0,0,1,0,7.02388E+20,5.37078E+21,1.17376E+16,4.84576E+16
91135,9,1,87,134,2018,8,7,4,3,2,6,0,0,1,0,0,0,1,0,7.36436E+20,5.31982E+21,1.2169E+16,4.79879E+16
91136,9,4,75,174,2018,8,21,1,3,0,7,2,0,0,0,1,0,0,0,7.00768E+20,5.56063E+21,1.18112E+16,5.01638E+16
91137,9,1,75,137,2018,8,16,4,3,2,6,0,0,1,0,0,0,0,0,7.27933E+20,5.33008E+21,1.20607E+16,4.80832E+16
91138,9,4,72,139,2018,8,6,2,3,3,6,0,0,1,0,0,0,0,0,6.94466E+20,5.5551E+21,1.17202E+16,5.01163E+16
91139,9,1,75,115,2018,8,9,7,3,9,7,0,0,0,0,1,0,0,0,7.22116E+20,5.32927E+21,1.19822E+16,4.80779E+16
91140,9,5,74,154,2018,8,18,3,2,0,6,0,1,0,0,0,0,0,0,6.62526E+20,5.48487E+21,1.12444E+16,4.94947E+16
91141,9,1,71,119,2018,8,19,2,3,5,3,0,0,1,0,0,0,0,0,7.73495E+20,5.33678E+21,1.26756E+16,4.81254E+16
91142,9,1,77,139,2018,8,19,7,2,9,1,0,0,0,0,1,0,0,0,7.38155E+20,5.3605E+21,1.22148E+16,4.83527E+16
91143,9,5,73,134,2018,8,18,7,3,5,3,0,0,1,0,0,0,0,0,6.42549E+20,5.47843E+21,1.09664E+16,4.94418E+16
91144,9,2,61,0,2018,8,13,3,3,5,3,0,0,1,0,0,1,0,0,7.31596E+20,5.38155E+21,1.2138E+16,4.85442E+16
91145,9,5,74,123,2018,8,9,3,2,3,6,0,0,1,0,0,1,0,0,6.61314E+20,5.47873E+21,1.12252E+16,4.94398E+16
91146,9,1,90,141,2018,8,14,2,3,3,2,0,1,1,0,0,0,0,0,6.7816E+20,5.29153E+21,1.13771E+16,4.77525E+16
91147,9,1,84,146,2018,8,17,6,3,5,3,0,1,1,0,0,0,0,0,6.97496E+20,5.32837E+21,1.16517E+16,4.8078E+16
91148,9,5,65,0,2018,8,14,7,3,9,1,0,0,0,0,1,0,0,0,6.48709E+20,5.46528E+21,1.10464E+16,4.93221E+16
91149,9,3,75,204,2018,8,18,4,3,2,6,0,0,1,0,0,0,0,0,7.31083E+20,5.43492E+21,1.21611E+16,4.90238E+16
91150,9,7,77,129,2018,8,14,1,3,2,6,0,1,1,0,0,0,0,0,6.27941E+20,5.27E+21,1.07011E+16,4.75708E+16
91151,9,2,76,144,2018,8,9,7,2,0,1,0,0,0,0,1,0,0,0,7.84784E+20,5.44417E+21,1.29006E+16,4.90844E+16
91152,9,1,84,122,2018,8,11,2,3,1,5,0,0,1,0,0,0,0,0,6.89316E+20,5.3259E+21,1.15409E+16,4.80583E+16
91153,9,2,74,156,2018,8,5,6,3,5,3,0,1,1,0,0,0,0,0,7.43769E+20,5.39023E+21,1.23078E+16,4.86176E+16
91154,9,1,88,113,2018,8,13,4,2,4,6,0,1,0,0,0,0,0,0,6.76277E+20,5.31718E+21,1.13624E+16,4.79836E+16
91155,9,1,62,0,2018,8,10,3,3,2,6,0,0,1,0,0,0,0,0,6.87735E+20,5.33159E+21,1.15222E+16,4.81099E+16
91156,9,4,77,128,2018,8,12,2,3,5,3,0,0,1,0,0,1,0,0,6.75099E+20,5.55322E+21,1.14487E+16,5.01054E+16
91157,9,1,84,149,2018,8,15,6,3,4,6,0,1,0,0,0,0,0,0,6.90374E+20,5.35059E+21,1.15661E+16,4.82798E+16
91158,9,1,81,141,2018,8,21,1,1,4,6,2,0,0,0,1,0,0,0,6.42001E+20,5.31699E+21,1.09033E+16,4.79905E+16
91159,9,5,64,0,2018,8,16,3,3,2,6,0,0,1,0,0,0,0,0,6.48747E+20,5.47905E+21,1.10521E+16,4.94459E+16
91160,9,1,85,158,2018,8,16,2,3,0,1,0,1,0,0,0,0,0,0,6.66812E+20,5.38189E+21,1.12612E+16,4.85679E+16
91161,9,1,84,119,2018,8,16,6,3,5,3,0,0,1,0,1,0,0,0,6.97065E+20,5.34842E+21,1.16552E+16,4.82583E+16
91162,9,4,76,152,2018,8,14,7,2,4,1,0,0,1,0,1,0,0,0,6.68141E+20,5.59785E+21,1.13714E+16,5.05085E+16
91163,9,3,72,113,2018,8,11,1,3,0,1,0,0,0,0,1,0,0,0,7.90712E+20,5.45347E+21,1.29883E+16,4.91651E+16
91164,9,1,89,111,2018,8,17,3,3,2,6,0,0,1,0,0,0,1,0,7.57384E+20,5.32175E+21,1.24504E+16,4.79972E+16
91165,9,1,83,139,2018,8,10,6,3,2,6,0,0,1,0,1,0,0,0,7.37171E+20,5.33434E+21,1.21869E+16,4.81181E+16
91166,9,2,75,120,2018,8,15,4,3,2,6,0,0,1,0,0,0,0,0,8.13976E+20,5.40521E+21,1.32694E+16,4.87208E+16
91167,9,6,77,132,2018,8,18,1,2,8,1,0,0,0,0,1,0,0,0,5.56547E+20,5.54032E+21,9.78923E+15,5.00125E+16
91168,9,1,73,147,2018,8,12,7,2,0,1,0,1,0,0,0,0,0,0,6.79921E+20,5.30826E+21,1.14075E+16,4.79024E+16
91169,9,7,73,164,2018,8,16,2,1,5,3,0,1,1,0,0,0,0,0,6.21361E+20,5.38782E+21,1.06472E+16,4.86317E+16
91170,9,1,62,0,2018,8,7,6,3,4,2,0,1,1,0,0,0,0,0,6.81992E+20,5.33543E+21,1.14467E+16,4.8146E+16
91171,9,7,72,223,2018,8,2,3,2,0,7,2,0,0,0,1,0,0,0,6.15805E+20,5.36354E+21,1.0565E+16,4.84144E+16
91172,9,3,71,132,2018,8,18,4,3,8,1,0,0,0,0,1,0,0,0,6.98068E+20,5.46848E+21,1.17266E+16,4.93368E+16
91173,9,3,75,118,2018,8,14,1,3,5,3,0,0,1,0,1,0,0,0,7.07996E+20,5.44715E+21,1.1852E+16,4.91419E+16
91174,9,7,72,130,2018,8,10,1,3,7,7,0,1,0,0,0,0,0,0,6.30495E+20,5.3595E+21,1.07622E+16,4.83752E+16
91175,9,2,77,148,2018,8,21,7,3,9,1,2,0,0,0,1,0,0,0,7.88222E+20,5.35908E+21,1.28882E+16,4.83191E+16
91176,9,7,77,170,2018,8,17,2,3,2,6,0,0,1,0,0,1,0,0,6.16791E+20,5.27745E+21,1.05549E+16,4.76399E+16
91177,9,7,78,123,2018,8,21,6,3,2,6,2,0,1,0,0,0,0,0,5.85365E+20,5.31779E+21,1.01445E+16,4.80077E+16
91178,9,1,74,113,2018,8,18,4,3,5,3,0,1,0,0,0,0,0,0,6.726E+20,5.34923E+21,1.13262E+16,4.82727E+16
91179,9,7,63,0,2018,8,18,3,3,0,7,0,0,0,0,1,0,0,0,5.9942E+20,5.28498E+21,1.03254E+16,4.77106E+16
91180,9,3,74,148,2018,8,17,2,3,5,3,0,0,1,0,0,0,0,0,7.09967E+20,5.51843E+21,1.19168E+16,4.97816E+16
91181,9,7,75,135,2018,8,15,6,3,2,6,0,0,1,0,1,0,0,1,5.75464E+20,5.35971E+21,1.00193E+16,4.83861E+16
91182,9,1,77,135,2018,8,17,1,3,5,2,0,0,1,0,0,0,0,0,7.19011E+20,5.34451E+21,1.19485E+16,4.8216E+16
91183,9,5,61,0,2018,8,22,3,3,5,3,2,0,1,0,0,0,0,0,6.13835E+20,5.4634E+21,1.05662E+16,4.93127E+16
91184,9,1,84,120,2018,8,17,2,2,3,6,0,0,1,0,0,0,0,0,6.82175E+20,5.33328E+21,1.14482E+16,4.81267E+16
91185,9,7,78,165,2018,8,16,6,3,4,6,0,0,1,0,0,0,0,0,5.84489E+20,5.30127E+21,1.01296E+16,4.78592E+16
91186,9,4,72,138,2018,8,11,7,1,0,1,0,0,1,0,0,0,0,0,7.04413E+20,5.54242E+21,1.18524E+16,4.9999E+16
91187,9,3,76,153,2018,8,21,1,3,5,3,2,0,1,0,1,0,0,0,7.29726E+20,5.48749E+21,1.21727E+16,4.94965E+16
91188,9,1,87,169,2018,8,23,3,1,9,1,2,0,1,0,0,0,0,0,7.42275E+20,5.29809E+21,1.22349E+16,4.77905E+16
91189,9,2,74,128,2018,8,20,4,3,5,3,1,1,1,0,0,0,0,0,7.39525E+20,5.38841E+21,1.22492E+16,4.86029E+16
91190,9,5,74,123,2018,8,14,1,2,2,6,0,0,1,0,0,0,0,0,6.58817E+20,5.47351E+21,1.11887E+16,4.93935E+16
91191,9,1,72,112,2018,8,19,7,2,5,3,0,1,1,0,0,0,0,0,7.89929E+20,5.29964E+21,1.28709E+16,4.77848E+16
91192,9,7,71,144,2018,8,7,2,3,8,7,0,0,0,0,0,1,0,0,6.60479E+20,5.37246E+21,1.11718E+16,4.84847E+16
91193,9,7,63,0,2018,8,10,6,2,1,6,0,0,1,0,0,0,0,0,5.98402E+20,5.28786E+21,1.03125E+16,4.77366E+16
91194,9,6,74,187,2018,8,17,3,3,5,6,0,0,1,0,1,0,0,0,6.1707E+20,5.52592E+21,1.06293E+16,4.98742E+16
91195,9,2,75,145,2018,8,10,2,3,5,3,0,0,1,0,0,0,0,0,8.19399E+20,5.37543E+21,1.332E+16,4.84508E+16
91196,9,7,63,0,2018,8,13,6,3,5,3,0,1,1,0,0,0,0,0,5.96251E+20,5.2921E+21,1.02847E+16,4.77751E+16
91197,9,7,61,0,2018,8,13,7,3,5,3,0,0,1,0,0,0,0,0,6.43355E+20,5.36133E+21,1.09364E+16,4.83888E+16
91198,9,3,76,175,2018,8,13,3,3,5,3,0,0,1,0,0,0,0,0,7.31954E+20,5.46495E+21,1.21903E+16,4.92932E+16
91199,9,7,74,133,2018,8,21,1,3,8,1,2,0,1,0,0,0,0,0,5.97896E+20,5.3536E+21,1.03208E+16,4.8328E+16
91200,9,3,76,147,2018,8,11,2,3,3,3,0,0,1,0,0,0,0,0,7.46157E+20,5.47166E+21,1.23894E+16,4.93479E+16
91201,9,7,80,113,2018,8,23,6,3,8,1,2,0,1,0,0,0,0,0,5.85948E+20,5.25479E+21,1.01399E+16,4.74409E+16
91202,9,7,75,132,2018,8,20,7,3,8,1,1,0,1,0,0,0,0,0,5.85064E+20,5.32973E+21,1.01429E+16,4.81152E+16
91203,9,4,63,0,2018,8,17,3,3,5,2,0,0,1,0,1,0,0,0,6.40047E+20,5.5704E+21,1.09652E+16,5.02692E+16
91204,9,1,88,120,2018,8,17,1,2,6,4,0,1,0,1,0,0,0,0,6.79344E+20,5.32928E+21,1.14086E+16,4.80915E+16
91205,9,7,80,124,2018,8,10,6,3,8,1,0,1,0,0,0,0,0,0,5.93316E+20,5.27433E+21,1.02418E+16,4.76157E+16
91206,9,4,61,0,2018,8,16,7,2,5,3,0,0,1,0,1,0,0,0,6.37946E+20,5.52946E+21,1.0921E+16,4.99016E+16
91207,9,1,76,143,2018,8,20,3,3,5,3,0,0,1,0,0,0,0,0,6.80574E+20,5.40966E+21,1.14597E+16,4.88136E+16
91208,9,1,73,133,2018,8,11,4,2,2,6,0,0,0,0,1,0,0,0,6.76825E+20,5.27831E+21,1.13539E+16,4.76341E+16
91209,9,5,76,148,2018,8,9,1,2,9,1,0,0,0,0,1,0,0,0,6.59254E+20,5.44253E+21,1.11824E+16,4.91149E+16
91210,9,5,76,147,2018,8,15,2,3,2,2,0,0,1,0,1,0,0,0,6.4398E+20,5.44822E+21,1.09753E+16,4.91699E+16
91211,9,7,71,111,2018,8,11,6,3,2,6,0,0,1,0,0,0,0,0,6.57318E+20,5.3588E+21,1.11239E+16,4.83627E+16
91212,9,6,76,153,2018,8,11,3,2,8,1,0,0,1,0,0,0,0,0,5.13816E+20,5.50644E+21,9.19163E+15,4.97103E+16
91213,9,2,79,112,2018,8,17,2,2,4,1,0,0,1,0,0,0,0,0,7.56079E+20,5.39416E+21,1.24769E+16,4.8648E+16
91214,9,7,61,0,2018,8,15,6,3,8,1,0,0,1,0,0,0,0,0,6.37294E+20,5.3512E+21,1.08513E+16,4.82991E+16
91215,9,6,78,150,2018,8,18,7,3,2,6,0,0,1,0,0,0,0,0,5.88733E+20,5.52901E+21,1.02358E+16,4.99069E+16
91216,9,3,76,119,2018,8,15,1,2,5,1,0,0,1,0,1,0,0,0,7.21658E+20,5.45534E+21,1.20436E+16,4.92107E+16
91217,9,4,71,159,2018,8,1,1,2,4,2,2,0,1,0,0,0,0,0,6.39652E+20,5.53269E+21,1.09459E+16,4.99302E+16
91218,9,7,77,151,2018,8,15,1,3,0,3,0,0,1,0,1,0,0,0,6.17063E+20,5.29189E+21,1.05624E+16,4.77697E+16
91219,9,3,72,115,2018,8,17,7,3,9,1,0,0,1,0,0,0,0,0,7.79357E+20,5.45319E+21,1.28327E+16,4.91679E+16
91220,9,1,84,132,2018,8,16,2,3,4,2,0,1,1,0,0,0,0,0,6.84124E+20,5.32925E+21,1.14727E+16,4.80899E+16
91221,9,1,87,157,2018,8,10,4,3,0,1,0,1,0,0,0,0,0,0,7.38258E+20,5.28249E+21,1.21729E+16,4.76519E+16
91222,9,4,77,158,2018,8,22,1,3,8,7,2,0,0,0,1,0,0,0,6.81895E+20,5.54775E+21,1.15411E+16,5.00542E+16
91223,9,1,62,0,2018,8,17,3,3,1,5,0,1,1,0,0,0,0,0,6.86472E+20,5.33521E+21,1.15068E+16,4.81427E+16
91224,9,3,72,154,2018,8,17,7,2,0,1,0,0,0,0,1,0,0,1,7.54062E+20,5.47665E+21,1.25012E+16,4.93895E+16
91225,9,1,79,121,2018,8,13,3,3,5,3,0,0,1,0,0,0,0,0,6.66107E+20,5.3395E+21,1.12349E+16,4.8187E+16
91226,9,1,89,120,2018,8,14,4,3,5,3,0,0,1,0,0,0,0,0,7.55448E+20,5.29903E+21,1.24111E+16,4.77939E+16
91227,9,5,71,136,2018,8,11,1,3,5,3,0,0,1,0,0,0,0,0,5.95057E+20,5.43673E+21,1.03016E+16,4.90761E+16
91228,9,5,73,122,2018,8,11,2,3,5,2,0,0,1,0,0,0,1,0,6.42917E+20,5.47769E+21,1.09712E+16,4.94351E+16
91229,9,6,75,141,2018,8,10,6,3,2,6,0,0,1,0,0,0,0,0,5.87333E+20,5.51505E+21,1.02131E+16,4.97816E+16
91230,9,5,72,158,2018,8,18,3,3,4,2,0,1,1,0,0,0,0,0,6.49888E+20,5.49589E+21,1.10742E+16,4.95969E+16
91231,9,1,80,117,2018,8,19,2,2,0,1,0,1,0,0,0,0,0,0,6.60037E+20,5.2612E+21,1.11244E+16,4.74846E+16