OBJECTID_1,ULAND,UREGBEZ,UKREIS,UGEMEINDE,UJAHR,UMONAT,USTUNDE,UWOCHENTAG,UKATEGORIE,UART,UTYP1,ULICHTVERH,IstRad,IstPKW,IstFuss,IstKrad,IstGkfz,IstSonstig,STRZUSTAND,LINREFX,LINREFY,XGCSWGS84,YGCSWGS84
91232,9,6,79,144,2018,8,8,6,3,8,1,0,0,1,0,0,0,0,0,5.51054E+20,5.51127E+21,9.70873E+15,4.97518E+16
91233,9,5,72,121,2018,8,16,7,3,0,1,0,0,0,0,1,0,0,0,6.60755E+20,5.49594E+21,1.12245E+16,4.95947E+16
91234,9,3,71,136,2018,8,9,1,2,9,7,0,0,1,0,0,0,0,0,7.12749E+20,5.48054E+21,1.19348E+16,4.94403E+16
91235,9,2,78,187,2018,8,15,3,3,2,6,0,0,1,0,0,1,0,0,7.79248E+20,5.42602E+21,1.28124E+16,4.8924E+16
91236,9,3,75,190,2018,8,16,4,2,5,2,0,0,1,0,1,0,0,0,7.27281E+20,5.44495E+21,1.21148E+16,4.91154E+16
91237,9,7,73,147,2018,8,15,1,3,0,1,0,0,0,0,1,0,0,0,6.06422E+20,5.39087E+21,1.04453E+16,4.86618E+16
91238,9,2,76,138,2018,8,10,7,2,5,3,0,0,1,0,1,0,0,0,8.02724E+20,5.43259E+21,1.3137E+16,4.89719E+16
91239,9,7,75,135,2018,8,11,2,3,2,6,0,0,1,0,0,0,0,0,5.80581E+20,5.3545E+21,1.00874E+16,4.83386E+16
91240,9,1,89,119,2018,8,18,6,3,2,2,0,0,1,0,0,0,0,0,7.69313E+20,5.3084E+21,1.26017E+16,4.78724E+16
91241,9,1,79,145,2018,8,17,4,3,0,7,0,0,0,0,0,0,1,0,6.75907E+20,5.33859E+21,1.13663E+16,4.81761E+16
91242,9,1,62,0,2018,8,7,3,3,1,6,0,0,1,0,0,0,1,0,6.93846E+20,5.33165E+21,1.16042E+16,4.81086E+16
91243,9,3,63,0,2018,8,11,2,3,5,3,0,0,1,0,0,0,0,0,7.27873E+20,5.50754E+21,1.21588E+16,4.96773E+16
91244,9,6,79,122,2018,8,10,6,3,5,3,0,0,1,0,0,0,0,0,5.64211E+20,5.49467E+21,9.88864E+15,4.96012E+16
91245,9,1,88,124,2018,8,19,1,3,0,2,0,0,1,0,1,0,0,0,6.62262E+20,5.31816E+21,1.11751E+16,4.79961E+16
91246,9,5,64,0,2018,8,10,3,3,4,2,0,1,1,0,0,0,0,0,6.4914E+20,5.4772E+21,1.10568E+16,4.94292E+16
91247,9,2,76,111,2018,8,9,1,2,4,2,0,0,1,0,0,0,0,0,7.87711E+20,5.4319E+21,1.29319E+16,4.89729E+16
91248,9,1,85,149,2018,8,7,2,3,2,6,0,0,1,0,0,0,1,0,6.61002E+20,5.40183E+21,1.11903E+16,4.87487E+16
91249,9,6,73,123,2018,8,18,6,3,5,3,0,0,1,0,1,0,0,0,5.8059E+20,5.5976E+21,1.01369E+16,5.05248E+16
91250,9,4,79,129,2018,8,14,2,3,0,1,0,1,0,0,0,0,0,0,7.11224E+20,5.56484E+21,1.19597E+16,5.0198E+16
91251,9,6,74,221,2018,8,13,6,2,2,6,0,0,1,0,1,0,0,0,6.11697E+20,5.54273E+21,1.05594E+16,5.00264E+16
91252,9,5,76,127,2018,8,18,3,3,9,1,0,0,1,0,0,0,0,0,6.57297E+20,5.45274E+21,1.11596E+16,4.92072E+16
91253,9,1,87,182,2018,8,14,2,2,4,6,0,1,0,0,0,0,0,0,7.38651E+20,5.32824E+21,1.22033E+16,4.80628E+16
91254,9,6,78,134,2018,8,8,6,3,0,3,0,0,1,0,1,0,0,0,5.96711E+20,5.52905E+21,1.03468E+16,4.9906E+16
91255,9,5,61,0,2018,8,11,7,3,8,1,0,1,0,0,0,0,0,0,6.13614E+20,5.46382E+21,1.05633E+16,4.93165E+16
91256,9,2,78,184,2018,8,13,1,3,3,6,0,0,1,0,1,0,0,0,7.77439E+20,5.43502E+21,1.27939E+16,4.90056E+16
91257,9,2,73,137,2018,8,17,3,3,2,6,0,0,1,0,0,0,0,0,7.09307E+20,5.42306E+21,1.18575E+16,4.8925E+16
91258,9,2,78,141,2018,8,17,4,3,8,1,0,0,1,0,0,0,0,0,7.55951E+20,5.4302E+21,1.24977E+16,4.89717E+16
91259,9,7,61,0,2018,8,16,1,3,4,2,0,0,1,0,1,0,0,0,6.39224E+20,5.36087E+21,1.08805E+16,4.83857E+16
91260,9,2,74,128,2018,8,11,7,1,9,1,0,0,0,0,1,0,0,0,7.41296E+20,5.3897E+21,1.2274E+16,4.86138E+16
91261,9,7,77,158,2018,8,15,2,3,1,6,0,0,1,0,0,0,1,0,6.19408E+20,5.30898E+21,1.05984E+16,4.79231E+16
91262,9,6,71,156,2018,8,18,6,3,2,6,0,0,1,0,0,0,0,0,5.2032E+20,5.53578E+21,9.28338E+15,4.9974E+16
91263,9,7,77,112,2018,8,11,3,2,4,3,0,0,1,0,1,0,0,0,6.23035E+20,5.29657E+21,1.06434E+16,4.78107E+16
91264,9,3,73,126,2018,8,16,2,3,5,3,0,0,1,0,0,0,0,0,6.69741E+20,5.45699E+21,1.13321E+16,4.92421E+16
91265,9,6,76,123,2018,8,14,6,3,4,6,0,0,1,0,0,0,0,0,5.2224E+20,5.51765E+21,9.30911E+15,4.98109E+16
91266,9,1,62,0,2018,8,12,7,3,5,2,0,1,1,0,0,0,0,0,6.84231E+20,5.33541E+21,1.14768E+16,4.81453E+16
91267,9,4,75,181,2018,8,9,3,3,5,3,0,0,1,0,0,0,1,0,7.05092E+20,5.58525E+21,1.1885E+16,5.03835E+16
91268,9,2,78,197,2018,8,10,1,2,8,1,0,0,0,0,1,0,0,0,7.62091E+20,5.43935E+21,1.25873E+16,4.90512E+16
91269,9,1,74,150,2018,8,12,2,3,0,7,0,0,0,0,1,0,0,0,6.80479E+20,5.35984E+21,1.14368E+16,4.83659E+16
91270,9,6,61,0,2018,8,13,6,3,5,3,0,1,1,0,0,0,0,0,5.1198E+20,5.53503E+21,9.16704E+15,4.99675E+16
91271,9,4,71,155,2018,8,17,7,3,0,6,0,1,0,0,1,0,0,0,6.44491E+20,5.53009E+21,1.10123E+16,4.99057E+16
91272,9,2,72,149,2018,8,19,1,2,4,2,0,1,1,0,0,0,0,0,8.17864E+20,5.42664E+21,1.33387E+16,4.8911E+16
91273,9,1,85,143,2018,8,7,3,3,8,1,0,0,1,0,1,0,0,0,6.64268E+20,5.38432E+21,1.12277E+16,4.85904E+16
91274,9,2,73,159,2018,8,15,4,3,4,2,0,0,1,0,0,0,0,0,7.04694E+20,5.43172E+21,1.1799E+16,4.90044E+16
91275,9,5,76,127,2018,8,17,1,3,1,6,0,0,1,0,0,0,0,0,6.65217E+20,5.44696E+21,1.12659E+16,4.91532E+16
91276,9,6,77,157,2018,8,17,2,3,2,6,0,0,1,0,0,0,1,0,5.43157E+20,5.52241E+21,9.60035E+15,4.98525E+16
91277,9,3,73,156,2018,8,12,6,3,2,6,0,0,1,0,0,0,0,0,6.60707E+20,5.46078E+21,1.12096E+16,4.92786E+16
91278,9,4,72,146,2018,8,14,7,3,2,6,0,0,1,0,0,0,1,0,6.815E+20,5.5275E+21,1.1526E+16,4.98723E+16
91279,9,1,71,113,2018,8,15,3,3,5,3,0,0,1,0,0,0,0,0,7.78296E+20,5.34073E+21,1.27425E+16,4.81588E+16
91280,9,2,75,150,2018,8,16,4,3,3,6,0,0,1,0,0,0,0,0,8.33595E+20,5.39282E+21,1.35253E+16,4.85994E+16
91281,9,6,72,134,2018,8,13,1,3,8,1,0,0,0,0,1,0,0,0,5.54496E+20,5.58111E+21,9.76646E+15,5.03795E+16
91282,9,1,80,117,2018,8,16,7,2,8,1,0,0,0,0,1,0,0,0,6.58693E+20,5.26429E+21,1.11076E+16,4.75127E+16
91283,9,7,71,142,2018,8,13,2,3,5,3,0,0,1,0,1,0,0,0,6.45428E+20,5.35287E+21,1.09615E+16,4.83123E+16
91284,9,5,74,150,2018,8,12,6,3,5,3,0,0,1,0,1,0,0,0,6.71523E+20,5.48729E+21,1.13696E+16,4.95139E+16
91285,9,7,61,0,2018,8,20,3,2,5,3,2,0,1,0,1,0,0,0,6.41416E+20,5.36511E+21,1.09115E+16,4.84232E+16
91286,9,2,71,132,2018,8,15,2,3,3,6,0,0,1,0,0,0,0,0,7.87802E+20,5.41719E+21,1.29227E+16,4.88409E+16
91287,9,5,73,126,2018,8,15,6,2,4,6,0,0,1,0,0,0,0,0,6.34636E+20,5.4835E+21,1.08591E+16,4.94892E+16
91288,9,7,62,0,2018,8,15,7,3,2,6,0,0,1,0,0,0,0,0,6.20532E+20,5.30403E+21,1.0612E+16,4.78783E+16
91289,9,4,72,139,2018,8,14,3,2,2,6,0,0,1,0,1,0,0,0,6.92772E+20,5.55594E+21,1.1697E+16,5.01243E+16
91290,9,2,77,116,2018,8,18,1,3,0,7,0,0,0,0,1,0,0,0,7.7723E+20,5.37089E+21,1.2748E+16,4.84301E+16
91291,9,7,78,171,2018,8,19,1,3,2,6,0,0,1,0,0,0,0,0,5.90544E+20,5.31681E+21,1.02138E+16,4.79982E+16
91292,9,5,64,0,2018,8,14,6,3,4,3,0,0,1,0,0,0,1,0,6.54439E+20,5.48076E+21,1.11312E+16,4.94598E+16
91293,9,3,73,167,2018,8,5,7,3,5,6,1,0,1,0,0,1,0,0,6.90521E+20,5.45849E+21,1.1618E+16,4.92495E+16
91294,9,1,88,132,2018,8,10,3,3,5,2,0,1,1,0,0,0,0,0,6.64414E+20,5.32222E+21,1.12055E+16,4.8032E+16
91295,9,1,73,112,2018,8,19,4,2,0,1,0,0,0,0,1,0,0,0,6.92505E+20,5.29316E+21,1.1569E+16,4.7763E+16
91296,9,5,75,145,2018,8,14,1,2,5,3,0,1,1,0,0,0,0,0,6.19947E+20,5.48367E+21,1.06564E+16,4.94938E+16
91297,9,5,72,132,2018,8,8,2,3,3,6,0,1,1,0,0,0,0,0,6.36167E+20,5.4935E+21,1.08836E+16,4.95788E+16
91298,9,5,64,0,2018,8,13,6,3,4,2,0,0,1,0,0,0,0,0,6.52339E+20,5.47035E+21,1.10983E+16,4.93668E+16
91299,9,5,62,0,2018,8,13,3,3,3,6,0,0,1,0,0,1,0,0,6.44349E+20,5.49153E+21,1.0996E+16,4.95592E+16
91300,9,1,90,149,2018,8,10,2,2,0,7,0,1,0,0,0,0,1,0,6.37285E+20,5.29855E+21,1.08342E+16,4.78256E+16
91301,9,5,64,0,2018,8,14,6,3,1,6,0,0,1,0,0,0,0,0,6.49266E+20,5.48288E+21,1.10607E+16,4.94802E+16
91302,9,6,71,143,2018,8,14,7,3,0,1,0,1,0,0,0,0,0,0,5.08226E+20,5.54432E+21,9.11491E+15,5.00511E+16
91303,9,6,73,116,2018,8,14,3,2,5,3,0,0,1,0,0,0,0,0,5.86367E+20,5.58311E+21,1.02151E+16,5.03937E+16
91304,9,2,74,126,2018,8,11,2,3,2,6,0,0,0,0,1,1,0,0,7.32916E+20,5.38318E+21,1.21568E+16,4.85584E+16
91305,9,5,64,0,2018,8,10,6,3,0,1,0,1,0,0,0,0,0,0,6.53149E+20,5.48072E+21,1.11134E+16,4.94598E+16
91306,9,6,77,157,2018,8,14,7,3,5,3,0,0,1,0,1,0,0,0,5.38359E+20,5.51881E+21,9.53326E+15,4.98205E+16
91307,9,2,76,135,2018,8,20,3,3,9,1,0,0,0,0,1,1,0,0,7.77727E+20,5.44554E+21,1.28051E+16,4.91E+16
91308,9,1,80,117,2018,8,16,1,2,5,3,0,0,1,0,1,0,0,0,6.5687E+20,5.26187E+21,1.10826E+16,4.74914E+16
91309,9,7,80,119,2018,8,12,1,3,0,7,0,1,0,0,0,0,0,0,5.93868E+20,5.29631E+21,1.02539E+16,4.78133E+16
91310,9,3,75,210,2018,8,12,7,3,3,6,0,0,1,0,0,0,0,0,7.46025E+20,5.43318E+21,1.23641E+16,4.90025E+16
91311,9,1,78,124,2018,8,19,3,3,5,2,0,0,1,0,0,0,0,0,7.03877E+20,5.36479E+21,1.17548E+16,4.84033E+16
91312,9,1,87,182,2018,8,9,4,3,2,6,0,0,1,0,0,0,0,0,7.36499E+20,5.32799E+21,1.21743E+16,4.80613E+16
91313,9,4,79,129,2018,8,20,1,3,7,7,0,0,0,0,1,0,0,0,7.08189E+20,5.55648E+21,1.19127E+16,5.0124E+16
91314,9,1,74,113,2018,8,14,4,3,5,3,0,0,1,0,0,0,0,0,6.77731E+20,5.34768E+21,1.13946E+16,4.82574E+16
91315,9,5,71,171,2018,8,12,2,3,5,3,0,0,1,0,0,0,1,0,6.12365E+20,5.46858E+21,1.05474E+16,4.93596E+16
91316,9,5,64,0,2018,8,9,6,3,2,6,0,0,1,0,0,0,1,0,6.49131E+20,5.47721E+21,1.10567E+16,4.94292E+16
91317,9,5,76,151,2018,8,11,3,2,0,7,0,1,0,0,0,0,0,0,6.59138E+20,5.46688E+21,1.11905E+16,4.93338E+16
91318,9,1,83,129,2018,8,15,2,3,0,1,0,1,0,0,0,0,0,0,7.60715E+20,5.36241E+21,1.25199E+16,4.8361E+16
91319,9,5,73,114,2018,8,16,6,2,4,6,0,0,1,0,0,0,0,0,6.32756E+20,5.48151E+21,1.08324E+16,4.94717E+16
91320,9,5,64,0,2018,8,10,7,3,1,7,0,0,1,0,0,0,1,0,6.51133E+20,5.4773E+21,1.10843E+16,4.94296E+16
91321,9,1,73,145,2018,8,12,1,2,5,3,0,0,1,0,1,0,0,0,6.88329E+20,5.29895E+21,1.15158E+16,4.78163E+16
91322,9,2,74,184,2018,8,14,3,2,0,1,0,1,0,0,0,0,0,0,7.47479E+20,5.37073E+21,1.23465E+16,4.8441E+16
91323,9,3,61,0,2018,8,16,4,3,0,1,0,1,0,0,0,0,0,0,7.07948E+20,5.48039E+21,1.18686E+16,4.94406E+16
91324,9,7,73,125,2018,8,12,1,3,8,1,0,0,1,0,0,0,0,0,6.08936E+20,5.38238E+21,1.04772E+16,4.8585E+16
91325,9,2,75,153,2018,8,9,7,3,0,7,0,0,1,0,1,0,0,0,8.42882E+20,5.39452E+21,1.36523E+16,4.86097E+16
91326,9,7,78,188,2018,8,16,2,2,4,6,0,0,1,0,0,0,0,0,5.85687E+20,5.32741E+21,1.01508E+16,4.80942E+16
91327,9,5,75,168,2018,8,10,6,3,3,6,0,0,1,0,0,0,0,0,5.85919E+20,5.48719E+21,1.01874E+16,4.95312E+16
91328,9,1,83,148,2018,8,13,1,3,0,7,0,1,0,0,0,0,0,0,7.52717E+20,5.34381E+21,1.2401E+16,4.81972E+16
91329,9,7,76,124,2018,8,14,1,3,0,1,0,1,0,0,0,0,0,0,5.73475E+20,5.27472E+21,9.97786E+15,4.76217E+16
91330,9,3,76,151,2018,8,13,7,3,2,6,0,0,1,0,0,0,0,0,7.47668E+20,5.48326E+21,1.24174E+16,4.94514E+16
91331,9,1,84,131,2018,8,16,2,2,4,6,0,0,1,0,0,0,0,0,7.05229E+20,5.3392E+21,1.17606E+16,4.81729E+16
91332,9,1,62,0,2018,8,8,4,3,2,6,0,0,1,0,0,1,1,0,6.87523E+20,5.33311E+21,1.152E+16,4.81236E+16
91333,9,1,84,130,2018,8,7,3,3,2,3,0,1,1,0,0,0,0,0,6.97509E+20,5.34325E+21,1.16587E+16,4.82117E+16
91334,9,4,76,146,2018,8,13,2,2,7,7,0,0,1,0,0,0,0,0,6.61779E+20,5.56474E+21,1.12675E+16,5.02127E+16
91335,9,5,71,188,2018,8,19,6,3,5,3,1,0,1,0,0,1,0,1,5.87388E+20,5.48245E+21,1.02066E+16,4.94884E+16
91336,9,1,76,164,2018,8,16,1,3,0,7,0,0,1,0,0,0,0,0,6.61595E+20,5.42895E+21,1.1209E+16,4.89923E+16
91337,9,5,64,0,2018,8,19,3,3,5,6,1,1,1,0,0,0,0,0,6.50788E+20,5.47567E+21,1.1079E+16,4.9415E+16
91338,9,1,89,155,2018,8,20,1,3,0,7,1,0,0,0,1,0,0,0,7.71746E+20,5.30792E+21,1.26338E+16,4.7867E+16
91339,9,1,82,132,2018,8,20,2,3,4,2,2,0,1,0,1,0,0,0,7.06711E+20,5.28758E+21,1.17557E+16,4.77085E+16
91340,9,5,71,115,2018,8,11,6,3,5,3,0,0,1,0,1,0,0,0,6.13026E+20,5.44627E+21,1.05502E+16,4.91588E+16
91341,9,4,64,0,2018,8,19,7,3,5,2,0,1,1,0,0,0,0,0,7.0766E+20,5.57652E+21,1.19162E+16,5.03042E+16
91342,9,1,89,113,2018,8,18,1,3,0,7,0,1,0,0,0,0,0,0,7.6882E+20,5.30036E+21,1.25901E+16,4.78004E+16
91343,9,1,80,117,2018,8,0,3,2,0,1,2,1,0,0,0,0,0,0,6.61006E+20,5.26131E+21,1.11373E+16,4.74853E+16
91344,9,2,71,114,2018,8,12,4,3,0,3,0,0,1,0,1,0,0,0,8.11184E+20,5.40516E+21,1.32315E+16,4.87216E+16
91345,9,3,73,113,2018,8,11,1,2,0,1,0,0,0,0,1,0,0,0,6.7561E+20,5.4711E+21,1.14189E+16,4.93673E+16
91346,9,6,63,0,2018,8,16,1,3,4,2,0,0,1,0,1,0,0,0,5.67192E+20,5.51686E+21,9.93371E+15,4.98005E+16
91347,9,1,73,120,2018,8,17,7,2,5,3,0,0,1,0,1,0,0,0,6.86641E+20,5.31206E+21,1.1499E+16,4.79347E+16
91348,9,7,78,116,2018,8,19,2,3,5,3,0,0,1,0,0,0,0,0,6.20008E+20,5.31891E+21,1.06092E+16,4.80123E+16
91349,9,5,71,130,2018,8,13,6,1,3,7,0,1,1,0,0,0,0,0,6.00681E+20,5.47044E+21,1.03871E+16,4.93784E+16
91350,9,7,73,117,2018,8,14,3,3,5,3,0,0,1,0,1,0,0,0,6.19235E+20,5.39685E+21,1.06209E+16,4.87133E+16
91351,9,3,76,161,2018,8,12,2,3,3,6,0,0,1,0,0,0,0,0,7.29246E+20,5.46773E+21,1.21547E+16,4.93192E+16
91352,9,5,71,113,2018,8,14,6,2,9,1,0,0,1,0,0,0,0,0,6.19098E+20,5.44468E+21,1.0633E+16,4.91434E+16
91353,9,7,75,135,2018,8,20,7,3,2,6,0,0,1,0,0,0,0,0,5.74581E+20,5.36083E+21,1.00076E+16,4.83962E+16
91354,9,4,76,145,2018,8,12,3,3,2,6,0,0,1,0,0,0,0,0,6.66233E+20,5.56749E+21,1.13311E+16,5.02362E+16
91355,9,1,72,111,2018,8,22,1,1,4,6,2,0,1,0,0,0,0,0,7.96108E+20,5.30178E+21,1.29546E+16,4.78012E+16
91356,9,1,79,114,2018,8,18,4,3,2,6,0,0,1,0,0,0,0,0,6.53383E+20,5.34431E+21,1.10656E+16,4.82334E+16
91357,9,7,63,0,2018,8,15,3,3,2,6,0,0,1,0,0,0,0,0,5.98514E+20,5.28374E+21,1.0313E+16,4.76996E+16
91358,9,3,74,144,2018,8,15,2,3,5,3,0,0,1,0,0,0,0,0,7.19012E+20,5.51048E+21,1.20378E+16,4.97069E+16
91359,9,4,79,112,2018,8,19,6,2,0,7,0,0,1,0,1,0,0,0,7.26844E+20,5.54873E+21,1.21687E+16,5.00476E+16
91360,9,1,75,132,2018,8,15,1,3,5,2,0,0,1,0,0,0,1,0,7.07237E+20,5.33676E+21,1.17864E+16,4.81503E+16
91361,9,5,75,152,2018,8,16,3,3,0,3,0,1,1,0,0,0,0,0,6.18678E+20,5.47969E+21,1.06377E+16,4.94583E+16
91362,9,1,71,113,2018,8,22,1,3,3,6,2,0,1,0,0,0,0,0,7.78837E+20,5.33672E+21,1.27472E+16,4.81226E+16
91363,9,1,76,123,2018,8,17,2,3,0,1,0,1,0,0,0,0,0,0,6.5976E+20,5.41784E+21,1.11796E+16,4.88929E+16
91364,9,4,73,166,2018,8,19,6,3,8,1,1,0,0,0,1,0,0,0,6.55815E+20,5.5706E+21,1.11864E+16,5.0267E+16
91365,9,4,77,128,2018,8,10,7,3,2,6,0,0,0,0,1,0,1,0,6.72358E+20,5.55272E+21,1.14102E+16,5.01017E+16
91366,9,1,72,114,2018,8,15,1,3,9,6,0,1,0,0,0,0,0,0,7.88404E+20,5.29229E+21,1.28457E+16,4.77195E+16
91367,9,1,87,118,2018,8,11,3,3,0,7,0,0,0,0,0,0,1,0,7.53161E+20,5.30202E+21,1.23823E+16,4.78216E+16
91368,9,2,75,149,2018,8,22,4,3,9,1,2,0,1,0,0,0,0,0,8.14502E+20,5.37101E+21,1.32506E+16,4.84136E+16
91369,9,6,71,111,2018,8,17,1,3,4,2,0,0,1,0,0,0,0,0,5.03617E+20,5.54377E+21,9.05052E+15,5.00463E+16
91370,9,1,71,112,2018,8,9,7,2,0,1,0,1,0,0,0,0,0,0,7.84984E+20,5.34179E+21,1.2833E+16,4.81654E+16
91371,9,7,61,0,2018,8,16,2,3,3,2,0,1,1,0,0,0,0,0,6.41587E+20,5.35777E+21,1.09113E+16,4.83572E+16
91372,9,4,76,145,2018,8,22,6,2,4,6,2,0,1,0,0,0,0,1,6.65332E+20,5.56743E+21,1.13184E+16,5.02359E+16
91373,9,4,71,159,2018,8,13,1,3,0,1,0,1,0,0,0,0,0,0,6.40304E+20,5.53528E+21,1.09559E+16,4.99534E+16
91374,9,6,79,135,2018,8,17,3,3,9,7,0,0,1,0,0,0,0,0,5.76852E+20,5.49316E+21,1.00633E+16,4.95862E+16
91375,9,2,77,138,2018,8,11,2,3,4,2,0,0,1,0,0,0,0,0,7.91227E+20,5.37194E+21,1.29375E+16,4.84331E+16
91376,9,4,76,145,2018,8,12,6,3,5,7,0,0,1,0,1,0,0,0,6.63945E+20,5.57273E+21,1.13013E+16,5.02839E+16
91377,9,7,79,149,2018,8,15,7,3,2,6,0,0,1,0,0,0,0,0,6.36118E+20,5.39668E+21,1.08503E+16,4.87083E+16
91378,9,3,77,154,2018,8,17,3,3,5,3,0,0,1,0,0,0,0,0,7.38817E+20,5.5311E+21,1.23247E+16,4.98845E+16
91379,9,1,72,115,2018,8,17,1,1,4,6,0,0,0,0,1,0,0,0,7.93093E+20,5.29236E+21,1.29081E+16,4.7718E+16
91380,9,7,78,144,2018,8,6,1,3,9,7,0,0,1,0,0,0,0,0,5.90044E+20,5.30237E+21,1.0204E+16,4.78683E+16
91381,9,3,72,157,2018,8,15,7,2,4,2,0,0,1,0,0,0,0,0,7.61264E+20,5.47271E+21,1.25977E+16,4.9351E+16
91382,9,1,87,113,2018,8,14,1,3,1,6,0,1,1,0,0,0,0,0,7.46726E+20,5.32084E+21,1.23073E+16,4.79932E+16
91383,9,1,79,113,2018,8,23,3,2,5,3,2,0,1,0,1,0,0,0,6.71168E+20,5.33489E+21,1.13011E+16,4.81442E+16
91384,9,1,89,114,2018,8,16,4,3,5,3,0,0,1,0,1,0,0,0,7.64228E+20,5.30941E+21,1.25344E+16,4.78836E+16
91385,9,5,75,147,2018,8,17,1,3,8,1,0,0,1,0,0,0,0,0,6.14151E+20,5.50621E+21,1.05829E+16,4.96975E+16
91386,9,1,77,115,2018,8,12,2,3,1,7,0,0,1,0,0,0,1,0,7.38334E+20,5.35446E+21,1.22138E+16,4.82984E+16
91387,9,4,62,0,2018,8,18,6,3,5,2,0,0,1,0,0,0,0,0,6.84288E+20,5.53548E+21,1.15686E+16,4.99432E+16
91388,9,4,61,0,2018,8,19,7,3,4,2,0,1,1,0,0,0,0,0,6.34391E+20,5.5292E+21,1.08714E+16,4.99001E+16
91389,9,1,63,0,2018,8,11,1,3,9,1,0,0,1,0,0,0,0,0,7.32682E+20,5.30565E+21,1.21111E+16,4.7862E+16
91390,9,1,85,149,2018,8,12,3,3,2,6,0,0,1,0,0,0,0,0,6.60032E+20,5.39829E+21,1.11757E+16,4.87171E+16
91391,9,1,73,133,2018,8,19,4,3,8,1,1,0,0,0,1,0,0,1,6.76782E+20,5.27832E+21,1.13533E+16,4.76341E+16
91392,9,5,76,113,2018,8,14,1,2,2,6,0,0,1,0,1,0,0,0,6.59702E+20,5.45448E+21,1.11933E+16,4.92223E+16
91393,9,6,78,196,2018,8,11,2,3,0,1,0,1,0,0,0,0,0,0,5.8424E+20,5.53368E+21,1.01742E+16,4.99495E+16
91394,9,4,74,161,2018,8,19,6,2,0,7,0,1,0,0,0,0,0,0,6.60892E+20,5.51211E+21,1.12331E+16,4.974E+16
91395,9,6,79,117,2018,8,22,3,3,8,1,2,0,0,0,1,0,0,0,5.80555E+20,5.52757E+21,1.01216E+16,4.98951E+16
91396,9,2,73,137,2018,8,17,2,3,2,6,0,0,1,0,1,0,0,0,7.11139E+20,5.42271E+21,1.18823E+16,4.89212E+16
91397,9,4,71,155,2018,8,22,6,3,9,1,2,0,1,0,0,0,0,0,6.44746E+20,5.53032E+21,1.10159E+16,4.99077E+16
91398,9,6,73,153,2018,8,10,7,3,5,3,0,0,1,0,1,0,0,0,5.87727E+20,5.59004E+21,1.02358E+16,5.04558E+16
91399,9,2,78,159,2018,8,13,3,3,1,2,0,0,1,0,0,0,0,0,7.7833E+20,5.42193E+21,1.27972E+16,4.88878E+16
91400,9,1,82,111,2018,8,12,1,3,5,3,0,0,1,0,1,0,0,0,7.04373E+20,5.28802E+21,1.17248E+16,4.77132E+16
91401,9,7,80,123,2018,8,16,1,3,8,1,0,0,0,0,1,0,0,0,6.04956E+20,5.26289E+21,1.03939E+16,4.7511E+16
91402,9,3,72,113,2018,8,9,7,2,5,2,0,1,1,0,0,0,0,0,7.91729E+20,5.45723E+21,1.30049E+16,4.91984E+16
91403,9,1,75,122,2018,8,10,3,3,6,1,0,0,1,1,0,0,0,0,7.21021E+20,5.32555E+21,1.19656E+16,4.80449E+16
91404,9,1,87,162,2018,8,16,4,3,0,7,0,1,0,0,0,0,0,0,7.50069E+20,5.30566E+21,1.23432E+16,4.78556E+16
91405,9,4,76,164,2018,8,8,1,3,0,1,0,0,0,0,1,0,0,0,6.67073E+20,5.57776E+21,1.13474E+16,5.03283E+16
91406,9,1,62,0,2018,8,14,3,3,3,6,0,1,0,0,0,0,0,0,7.02032E+20,5.33218E+21,1.17143E+16,4.81108E+16
91407,9,4,75,120,2018,8,17,2,2,8,1,0,0,0,0,1,0,0,0,7.11294E+20,5.57489E+21,1.19663E+16,5.02882E+16
91408,9,4,61,0,2018,8,10,6,3,5,2,0,1,1,0,0,0,0,0,6.37143E+20,5.53045E+21,1.09101E+16,4.99107E+16
91409,9,5,74,155,2018,8,15,3,2,4,6,0,0,1,0,1,0,0,0,6.69538E+20,5.49145E+21,1.1344E+16,4.95519E+16
91410,9,5,73,126,2018,8,2,2,3,8,1,2,0,0,0,1,0,0,0,6.35901E+20,5.48312E+21,1.08764E+16,4.94855E+16
91411,9,3,74,122,2018,8,11,6,3,8,6,0,0,1,0,0,0,0,0,7.41432E+20,5.51296E+21,1.23497E+16,4.97206E+16
91412,9,5,72,132,2018,8,16,3,3,3,6,0,0,1,0,0,0,0,0,6.37293E+20,5.49321E+21,1.08991E+16,4.95759E+16
91413,9,1,80,136,2018,8,16,2,3,2,6,0,0,1,0,1,0,0,0,6.71979E+20,5.26619E+21,1.12847E+16,4.75264E+16
91414,9,3,62,0,2018,8,11,6,3,8,1,2,0,1,0,0,0,0,0,7.25371E+20,5.43567E+21,1.20835E+16,4.90326E+16
91415,9,5,65,0,2018,8,14,7,3,2,6,0,0,1,0,0,0,0,0,6.49939E+20,5.46681E+21,1.10639E+16,4.93356E+16
91416,9,1,86,137,2018,8,17,1,3,5,3,0,1,1,0,0,0,0,0,6.81946E+20,5.39887E+21,1.14736E+16,4.87163E+16
91417,9,3,75,114,2018,8,20,4,2,0,7,0,0,0,0,1,0,0,0,7.40587E+20,5.44196E+21,1.2295E+16,4.90834E+16
91418,9,7,79,186,2018,8,10,1,2,4,6,0,0,1,0,1,0,0,0,6.36269E+20,5.41581E+21,1.08587E+16,4.88803E+16