OBJECTID_1,ULAND,UREGBEZ,UKREIS,UGEMEINDE,UJAHR,UMONAT,USTUNDE,UWOCHENTAG,UKATEGORIE,UART,UTYP1,ULICHTVERH,IstRad,IstPKW,IstFuss,IstKrad,IstGkfz,IstSonstig,STRZUSTAND,LINREFX,LINREFY,XGCSWGS84,YGCSWGS84
91419,9,2,76,144,2018,8,10,7,3,1,6,0,0,1,0,0,0,0,0,7.85539E+20,5.44138E+21,1.29089E+16,4.9059E+16
91420,9,7,75,139,2018,8,13,2,3,2,6,0,0,1,0,0,0,0,0,5.78541E+20,5.3673E+21,1.00623E+16,4.84539E+16
91421,9,1,83,128,2018,8,22,6,3,0,7,2,1,0,0,0,0,0,0,7.60148E+20,5.35019E+21,1.25048E+16,4.82514E+16
91422,9,1,81,121,2018,8,14,4,3,9,1,0,0,1,0,0,0,0,0,6.39059E+20,5.31304E+21,1.08626E+16,4.79556E+16
91423,9,1,62,0,2018,8,14,3,3,2,6,0,1,1,0,0,0,0,0,6.96774E+20,5.33371E+21,1.16444E+16,4.81262E+16
91424,9,4,71,185,2018,8,17,2,3,5,3,0,0,1,0,1,0,0,0,6.51061E+20,5.53812E+21,1.11069E+16,4.99763E+16
91425,9,3,72,154,2018,8,18,6,2,2,2,0,0,1,0,1,0,0,0,7.56873E+20,5.47153E+21,1.25366E+16,4.93424E+16
91426,9,1,81,145,2018,8,11,1,3,5,3,0,1,1,0,0,0,0,0,6.4449E+20,5.33098E+21,1.09414E+16,4.81157E+16
91427,9,5,64,0,2018,8,13,3,3,2,6,0,0,1,0,1,0,0,0,6.49265E+20,5.47875E+21,1.10591E+16,4.9443E+16
91428,9,1,85,166,2018,8,17,1,2,4,2,0,0,1,0,1,0,0,0,6.74381E+20,5.38357E+21,1.13644E+16,4.85809E+16
91429,9,1,86,143,2018,8,22,2,3,1,1,2,0,1,0,0,0,0,0,6.83329E+20,5.37921E+21,1.14837E+16,4.85392E+16
91430,9,3,75,174,2018,8,21,6,3,4,2,2,0,1,0,0,0,0,0,7.32943E+20,5.43033E+21,1.21839E+16,4.89819E+16
91431,9,4,73,153,2018,8,10,7,2,4,2,0,0,1,0,0,0,1,0,6.42133E+20,5.56543E+21,1.09926E+16,5.0224E+16
91432,9,1,76,166,2018,8,16,1,3,5,3,0,0,1,0,0,0,0,0,6.53931E+20,5.40961E+21,1.10971E+16,4.88204E+16
91433,9,1,89,159,2018,8,12,3,3,0,1,0,1,0,0,0,0,0,0,7.6053E+20,5.30311E+21,1.24813E+16,4.78285E+16
91434,9,2,62,0,2018,8,16,4,3,2,6,0,0,1,0,0,0,0,0,8.29659E+20,5.39003E+21,1.34699E+16,4.85765E+16
91435,9,6,79,167,2018,8,4,1,3,8,1,2,0,1,0,0,0,0,0,5.84867E+20,5.52674E+21,1.01814E+16,4.9887E+16
91436,9,1,84,145,2018,8,16,2,3,2,6,0,0,1,0,0,0,0,0,6.96489E+20,5.32254E+21,1.16355E+16,4.80259E+16
91437,9,3,76,160,2018,8,9,6,3,1,6,0,0,0,0,1,0,1,0,7.56389E+20,5.49016E+21,1.2542E+16,4.95098E+16
91438,9,5,73,130,2018,8,19,7,2,0,1,0,1,0,0,0,0,0,0,6.35389E+20,5.4856E+21,1.08702E+16,4.95079E+16
91439,9,2,74,124,2018,8,15,3,3,2,6,0,0,1,0,1,0,0,0,7.26925E+20,5.37705E+21,1.20724E+16,4.85055E+16
91440,9,3,71,132,2018,8,18,4,2,8,1,0,0,0,0,1,0,0,0,6.98069E+20,5.46848E+21,1.17266E+16,4.93368E+16
91441,9,7,72,145,2018,8,20,1,1,8,1,1,0,1,0,0,0,0,0,6.32995E+20,5.36685E+21,1.07983E+16,4.84407E+16
91442,9,2,74,128,2018,8,19,7,3,8,1,0,0,1,0,0,0,0,0,7.35234E+20,5.38633E+21,1.21899E+16,4.85858E+16
91443,9,7,62,0,2018,8,22,2,3,5,3,2,0,1,0,0,0,0,0,6.22777E+20,5.3064E+21,1.06427E+16,4.78992E+16
91444,9,3,76,117,2018,8,5,6,3,4,3,0,0,1,0,0,0,0,0,7.4018E+20,5.45933E+21,1.22999E+16,4.92396E+16
91445,9,1,74,151,2018,8,13,4,3,3,6,0,1,0,0,0,1,0,0,6.79069E+20,5.36149E+21,1.14185E+16,4.83811E+16
91446,9,7,80,118,2018,8,17,3,3,5,3,0,1,1,0,0,0,0,0,5.96475E+20,5.26426E+21,1.02816E+16,4.75246E+16
91447,9,3,75,199,2018,8,15,2,3,2,6,0,0,1,0,0,0,0,0,7.22434E+20,5.43184E+21,1.20413E+16,4.89994E+16
91448,9,3,76,119,2018,8,19,6,3,6,1,0,0,1,1,0,0,0,0,7.21384E+20,5.45513E+21,1.20397E+16,4.92089E+16
91449,9,1,62,0,2018,8,11,7,3,5,3,0,1,1,0,0,0,0,0,6.92157E+20,5.33938E+21,1.1585E+16,4.81786E+16
91450,9,5,71,146,2018,8,21,3,3,0,6,2,0,1,0,1,0,0,0,6.11679E+20,5.47257E+21,1.05391E+16,4.93956E+16
91451,9,1,88,145,2018,8,4,2,3,2,6,2,0,1,0,0,1,0,0,6.63914E+20,5.32806E+21,1.1201E+16,4.80847E+16
91452,9,3,71,150,2018,8,9,6,2,8,1,0,0,1,0,0,0,0,0,7.19142E+20,5.49312E+21,1.20299E+16,4.95509E+16
91453,9,4,74,161,2018,8,16,7,2,8,1,0,0,1,0,1,0,0,0,6.59817E+20,5.51254E+21,1.12183E+16,4.97441E+16
91454,9,1,82,132,2018,8,21,3,3,4,7,2,1,0,0,0,0,0,0,7.0648E+20,5.28789E+21,1.17528E+16,4.77113E+16
91455,9,2,61,0,2018,8,19,4,3,0,1,0,1,0,0,0,0,0,0,7.31859E+20,5.37984E+21,1.21406E+16,4.85288E+16
91456,9,5,76,113,2018,8,9,1,3,2,6,0,0,1,0,0,0,0,0,6.61142E+20,5.45831E+21,1.12146E+16,4.92563E+16
91457,9,6,79,144,2018,8,7,2,2,8,1,0,0,0,0,0,0,1,0,5.51761E+20,5.51328E+21,9.71881E+15,4.97697E+16
91458,9,2,79,137,2018,8,7,6,2,8,1,0,0,1,0,0,0,0,0,7.77123E+20,5.40775E+21,1.27711E+16,4.8761E+16
91459,9,6,74,147,2018,8,14,3,3,2,6,0,0,1,0,0,0,0,0,6.08359E+20,5.54337E+21,1.0513E+16,5.00328E+16
91460,9,2,74,146,2018,8,13,2,2,6,4,0,0,1,1,0,0,0,0,7.33328E+20,5.37764E+21,1.21593E+16,4.85085E+16
91461,9,2,71,119,2018,8,15,6,3,2,6,0,0,1,0,0,0,0,0,7.90128E+20,5.41443E+21,1.29524E+16,4.88151E+16
91462,9,1,80,118,2018,8,19,7,3,5,3,0,1,1,0,0,0,0,0,6.54601E+20,5.26043E+21,1.1052E+16,4.7479E+16
91463,9,7,72,163,2018,8,14,2,3,6,4,0,0,1,1,0,0,0,0,6.38825E+20,5.3492E+21,1.08713E+16,4.82807E+16
91464,9,2,76,121,2018,8,21,6,2,8,1,2,0,0,0,1,0,0,0,8.14407E+20,5.43315E+21,1.32966E+16,4.89712E+16
91465,9,7,72,156,2018,8,20,3,3,2,6,1,0,1,0,0,0,0,0,6.28268E+20,5.36891E+21,1.0735E+16,4.84602E+16
91466,9,3,71,135,2018,8,10,2,2,5,3,0,0,1,0,1,0,0,0,6.9047E+20,5.49896E+21,1.16368E+16,4.96131E+16
91467,9,2,71,125,2018,8,11,6,3,5,3,0,0,1,0,0,0,0,0,7.97843E+20,5.40853E+21,1.3053E+16,4.87584E+16
91468,9,7,63,0,2018,8,14,7,2,8,1,0,0,1,0,0,0,0,0,6.00357E+20,5.2886E+21,1.03387E+16,4.7743E+16
91469,9,4,72,118,2018,8,19,3,2,8,1,0,0,0,0,1,0,0,0,6.71629E+20,5.50683E+21,1.13796E+16,4.96895E+16
91470,9,1,62,0,2018,8,11,1,3,6,4,0,0,1,1,0,0,0,0,6.91758E+20,5.33191E+21,1.15763E+16,4.81115E+16
91471,9,2,78,154,2018,8,6,6,2,9,7,0,0,0,0,0,0,1,0,7.77284E+20,5.43215E+21,1.27899E+16,4.89799E+16
91472,9,3,77,159,2018,8,13,7,3,3,1,0,0,1,0,0,1,0,0,7.28811E+20,5.52865E+21,1.21842E+16,4.98665E+16
91473,9,7,71,111,2018,8,20,3,3,3,6,2,0,1,0,0,0,0,0,6.58595E+20,5.35713E+21,1.11405E+16,4.83474E+16
91474,9,1,73,112,2018,8,17,4,2,8,1,0,0,0,0,1,0,0,0,6.91234E+20,5.29553E+21,1.15531E+16,4.77847E+16
91475,9,5,64,0,2018,8,11,1,2,4,7,0,0,1,0,0,0,1,0,6.49529E+20,5.47828E+21,1.10626E+16,4.94388E+16
91476,9,5,72,135,2018,8,16,2,3,2,6,0,0,1,0,0,0,0,0,6.31667E+20,5.51179E+21,1.08276E+16,4.97441E+16
91477,9,2,75,126,2018,8,13,6,3,0,1,0,0,1,0,0,0,0,0,8.45329E+20,5.40098E+21,1.36907E+16,4.86662E+16
91478,9,6,71,153,2018,8,20,3,2,8,1,0,0,0,0,1,0,0,0,5.22053E+20,5.54521E+21,9.30808E+15,5.00588E+16
91479,9,1,90,159,2018,8,6,2,3,5,3,0,0,1,0,0,0,0,0,6.63278E+20,5.30579E+21,1.1184E+16,4.78847E+16
91480,9,2,75,133,2018,8,15,6,3,9,6,0,0,1,0,0,0,0,0,8.23218E+20,5.38385E+21,1.3378E+16,4.85245E+16
91481,9,6,76,160,2018,8,10,7,2,8,1,0,1,0,0,0,0,0,0,5.1075E+20,5.52798E+21,9.14971E+15,4.99041E+16
91482,9,4,61,0,2018,8,15,1,3,5,3,0,1,0,0,0,0,0,0,6.36847E+20,5.53093E+21,1.09062E+16,4.9915E+16
91483,9,7,76,121,2018,8,16,1,3,4,1,0,0,1,0,1,0,0,0,5.70091E+20,5.26876E+21,9.93187E+15,4.75685E+16
91484,9,3,72,116,2018,8,10,7,3,5,3,0,0,1,0,0,0,0,0,7.72212E+20,5.461E+21,1.27401E+16,4.92412E+16
91485,9,7,71,113,2018,8,10,7,3,9,1,0,0,1,0,1,0,0,0,6.60331E+20,5.36629E+21,1.11674E+16,4.84294E+16
91486,9,3,76,170,2018,8,19,3,2,5,2,0,0,1,0,0,1,0,0,7.25549E+20,5.45913E+21,1.2099E+16,4.92434E+16
91487,9,7,63,0,2018,8,11,1,3,0,3,0,0,1,0,1,0,0,0,5.97772E+20,5.28864E+21,1.03043E+16,4.77438E+16
91488,9,3,75,170,2018,8,10,7,3,6,4,0,1,0,1,0,0,0,0,7.37231E+20,5.42739E+21,1.22406E+16,4.89539E+16
91489,9,1,75,111,2018,8,17,3,3,2,6,0,1,0,0,0,0,0,0,7.13761E+20,5.33774E+21,1.18745E+16,4.8157E+16
91490,9,1,71,116,2018,8,11,4,2,0,1,0,1,0,0,0,0,0,0,7.68478E+20,5.33216E+21,1.26054E+16,4.80861E+16
91491,9,5,71,113,2018,8,16,1,3,0,1,0,1,0,0,0,0,0,0,6.18604E+20,5.44565E+21,1.06265E+16,4.91522E+16
91492,9,5,71,127,2018,8,10,2,3,0,7,0,0,1,0,1,0,0,0,6.1592E+20,5.45497E+21,1.05924E+16,4.92365E+16
91493,9,2,62,0,2018,8,12,6,3,1,6,0,0,1,0,0,0,1,0,8.28477E+20,5.39022E+21,1.3454E+16,4.85789E+16
91494,9,5,72,131,2018,8,9,3,3,2,6,0,0,1,0,1,0,0,0,6.54495E+20,5.48492E+21,1.11336E+16,4.94972E+16
91495,9,1,89,145,2018,8,16,2,3,0,7,0,0,1,0,0,1,0,0,7.72519E+20,5.30018E+21,1.26393E+16,4.77973E+16
91496,9,2,72,128,2018,8,10,6,3,2,6,0,0,1,0,0,0,0,0,8.15933E+20,5.41962E+21,1.3307E+16,4.88491E+16
91497,9,5,63,0,2018,8,18,7,3,5,3,0,0,1,0,0,0,1,0,6.42917E+20,5.48011E+21,1.09721E+16,4.94568E+16
91498,9,2,75,124,2018,8,14,3,3,4,2,0,0,1,0,0,1,0,0,8.1203E+20,5.37102E+21,1.32173E+16,4.8415E+16
91499,9,3,62,0,2018,8,22,4,3,3,6,2,0,1,0,0,1,0,0,7.30408E+20,5.4321E+21,1.21503E+16,4.89987E+16
91500,9,7,73,136,2018,8,14,1,3,1,3,0,0,1,0,1,0,0,0,6.03031E+20,5.38027E+21,1.03966E+16,4.85671E+16
91501,9,2,78,118,2018,8,10,7,3,0,3,0,0,1,0,0,0,0,0,7.68774E+20,5.42503E+21,1.26691E+16,4.89198E+16
91502,9,7,78,173,2018,8,9,2,3,5,2,0,0,1,0,1,0,0,0,6.10687E+20,5.32233E+21,1.04851E+16,4.80447E+16
91503,9,2,72,120,2018,8,17,6,1,0,1,0,0,1,0,1,0,0,0,8.22191E+20,5.42307E+21,1.33947E+16,4.88768E+16
91504,9,1,89,162,2018,8,11,6,3,2,6,0,0,1,0,0,0,1,0,7.79861E+20,5.31591E+21,1.27473E+16,4.79354E+16
91505,9,1,79,121,2018,8,8,4,3,0,3,0,0,1,0,1,0,0,0,6.67975E+20,5.3384E+21,1.12596E+16,4.81766E+16
91506,9,7,74,185,2018,8,12,3,2,9,7,0,0,1,0,0,0,0,0,6.10243E+20,5.34965E+21,1.04863E+16,4.82904E+16
91507,9,3,63,0,2018,8,10,2,3,0,1,0,1,0,0,0,0,0,0,7.27735E+20,5.50727E+21,1.21567E+16,4.96749E+16
91508,9,4,73,151,2018,8,18,7,3,0,7,0,0,1,0,1,0,0,0,6.50097E+20,5.57119E+21,1.11064E+16,5.02737E+16
91509,9,1,79,142,2018,8,11,6,3,5,3,0,0,1,0,0,0,1,1,6.73177E+20,5.34144E+21,1.13308E+16,4.82026E+16
91510,9,1,84,147,2018,8,5,3,3,2,6,2,0,1,0,0,1,0,0,7.00041E+20,5.3413E+21,1.16919E+16,4.81934E+16
91511,9,1,62,0,2018,8,9,6,1,5,3,0,1,0,0,0,0,1,0,6.97131E+20,5.33066E+21,1.16478E+16,4.80987E+16
91512,9,1,74,126,2018,8,13,6,3,5,6,0,0,1,0,0,0,0,1,6.83778E+20,5.34683E+21,1.14756E+16,4.8248E+16
91513,9,6,75,142,2018,8,7,6,3,2,6,0,0,1,0,0,1,0,0,5.92503E+20,5.51388E+21,1.02846E+16,4.97702E+16
91514,9,5,71,216,2018,8,14,1,3,8,1,0,1,0,0,0,0,0,0,6.19602E+20,5.45104E+21,1.06418E+16,4.92004E+16
91515,9,5,73,125,2018,8,6,2,2,2,6,0,0,1,0,0,1,0,0,6.39828E+20,5.4715E+21,1.09265E+16,4.93801E+16
91516,9,1,74,135,2018,8,11,6,3,4,2,0,0,1,0,0,0,0,1,6.63044E+20,5.35296E+21,1.11989E+16,4.83088E+16
91517,9,7,71,113,2018,8,22,3,3,5,3,2,1,1,0,0,0,0,0,6.5747E+20,5.36885E+21,1.11298E+16,4.84531E+16
91518,9,7,75,135,2018,8,13,7,3,2,6,0,0,1,0,0,0,0,0,5.80775E+20,5.36138E+21,1.00913E+16,4.84004E+16
91519,9,1,74,150,2018,8,14,6,3,5,3,0,0,1,0,0,0,0,0,6.80216E+20,5.35873E+21,1.14328E+16,4.8356E+16
91520,9,1,87,132,2018,8,14,2,2,3,7,0,0,0,0,1,1,0,0,7.46908E+20,5.29977E+21,1.22977E+16,4.78039E+16
91521,9,1,74,131,2018,8,8,6,3,8,1,0,0,1,0,0,0,0,1,6.74026E+20,5.35836E+21,1.13491E+16,4.83544E+16
91522,9,2,79,130,2018,8,22,3,2,2,6,2,0,0,0,1,1,0,0,7.49598E+20,5.39196E+21,1.23878E+16,4.86308E+16
91523,9,3,71,116,2018,8,10,7,2,5,3,0,0,1,0,1,0,0,0,6.89708E+20,5.47936E+21,1.16168E+16,4.94373E+16
91524,9,1,62,0,2018,8,11,6,3,2,6,0,0,1,0,0,0,1,1,6.92995E+20,5.33952E+21,1.15963E+16,4.81796E+16
91525,9,7,74,155,2018,8,4,2,2,1,6,2,0,1,0,0,1,0,0,5.87275E+20,5.36794E+21,1.01805E+16,4.84585E+16
91526,9,1,78,124,2018,8,16,6,3,9,6,0,0,1,0,0,0,0,1,7.01718E+20,5.35853E+21,1.17226E+16,4.83477E+16
91527,9,6,61,0,2018,8,15,6,3,2,6,0,0,1,0,0,0,0,0,5.11108E+20,5.53599E+21,9.15492E+15,4.99762E+16
91528,9,3,75,183,2018,8,18,1,2,4,6,0,0,1,0,0,0,0,0,7.4633E+20,5.42823E+21,1.23652E+16,4.89579E+16
91529,9,3,72,157,2018,8,18,2,2,5,2,0,0,1,0,1,0,0,0,7.62106E+20,5.47151E+21,1.26085E+16,4.934E+16
91530,9,1,78,124,2018,8,14,6,3,9,1,0,0,1,0,0,0,0,1,7.00174E+20,5.3569E+21,1.1701E+16,4.83335E+16
91531,9,5,73,120,2018,8,8,3,2,5,3,0,0,1,0,1,0,0,0,6.29265E+20,5.48282E+21,1.07847E+16,4.94842E+16
91532,9,6,78,193,2018,8,1,7,3,0,7,2,1,0,0,0,0,0,0,5.77424E+20,5.53332E+21,1.00792E+16,4.99472E+16
91533,9,1,78,120,2018,8,16,6,3,2,1,0,0,1,0,0,0,0,1,6.9509E+20,5.35301E+21,1.16307E+16,4.83002E+16
91534,9,4,62,0,2018,8,6,1,2,0,7,0,0,0,0,1,0,0,0,6.87147E+20,5.53203E+21,1.16067E+16,4.99113E+16
91535,9,4,76,145,2018,8,19,2,3,0,6,0,1,1,0,0,0,0,1,6.66414E+20,5.56799E+21,1.13338E+16,5.02406E+16
91536,9,1,78,157,2018,8,17,6,3,4,6,0,0,1,0,0,0,1,1,7.01195E+20,5.37085E+21,1.17215E+16,4.84586E+16
91537,9,2,78,179,2018,8,16,6,3,5,3,0,0,1,0,0,0,0,0,7.67008E+20,5.43737E+21,1.26532E+16,4.90314E+16
91538,9,6,71,136,2018,8,6,3,3,5,3,0,0,1,0,0,0,0,0,5.04142E+20,5.53913E+21,9.0578E+15,5.00045E+16
91539,9,6,75,170,2018,8,22,7,3,8,7,2,0,1,0,0,0,0,1,5.79675E+20,5.50651E+21,1.0105E+16,4.97058E+16
91540,9,1,62,0,2018,8,17,5,3,5,3,0,0,1,0,0,0,0,0,6.90218E+20,5.33904E+21,1.15588E+16,4.81761E+16
91541,9,2,75,144,2018,8,6,6,3,1,6,0,0,1,0,0,0,0,0,8.24931E+20,5.39744E+21,1.34118E+16,4.86454E+16
91542,9,1,74,113,2018,8,14,2,3,5,3,0,1,1,0,0,0,0,0,6.78981E+20,5.34277E+21,1.14094E+16,4.82129E+16
91543,9,1,84,118,2018,8,18,5,3,2,6,0,0,1,0,0,0,1,1,7.0355E+20,5.33519E+21,1.17361E+16,4.81374E+16
91544,9,1,89,143,2018,8,21,3,3,0,7,2,1,0,0,0,0,0,0,7.60181E+20,5.31476E+21,1.24836E+16,4.79332E+16
91545,9,2,73,116,2018,8,21,7,2,9,1,2,0,1,0,0,0,0,0,7.25615E+20,5.42036E+21,1.20783E+16,4.88951E+16
91546,9,1,62,0,2018,8,12,5,3,2,2,0,1,1,0,0,0,0,0,6.94987E+20,5.33301E+21,1.16201E+16,4.81204E+16
91547,9,7,79,192,2018,8,20,2,3,2,6,1,0,1,0,0,0,0,0,6.42807E+20,5.39948E+21,1.09421E+16,4.8732E+16
91548,9,1,84,141,2018,8,14,5,3,4,6,0,0,1,0,0,0,0,0,6.98379E+20,5.31194E+21,1.16559E+16,4.79301E+16
91549,9,4,75,136,2018,8,12,6,3,2,6,0,0,1,0,0,0,0,0,6.99163E+20,5.57056E+21,1.17939E+16,5.02536E+16
91550,9,2,78,143,2018,8,22,1,3,2,7,2,0,1,0,0,0,0,0,7.71108E+20,5.44618E+21,1.2715E+16,4.91086E+16
91551,9,2,71,119,2018,8,17,2,3,2,6,0,0,1,0,1,0,0,0,7.90956E+20,5.41577E+21,1.29646E+16,4.88267E+16
91552,9,1,84,147,2018,8,18,5,3,0,1,0,0,0,0,1,0,0,1,7.00032E+20,5.34074E+21,1.16915E+16,4.81883E+16
91553,9,4,71,131,2018,8,8,3,2,4,6,0,0,1,0,0,0,1,0,6.34429E+20,5.52158E+21,1.08693E+16,4.98316E+16
91554,9,5,76,121,2018,8,14,7,3,5,3,0,0,1,0,0,0,0,0,6.46932E+20,5.45022E+21,1.10165E+16,4.91872E+16
91555,9,7,75,135,2018,8,10,5,3,3,6,0,0,1,0,1,0,0,0,5.73208E+20,5.35992E+21,9.98884E+15,4.83882E+16
91556,9,7,75,162,2018,8,14,1,3,2,6,0,0,1,0,0,0,0,0,5.81461E+20,5.35119E+21,1.00986E+16,4.83086E+16
91557,9,7,75,135,2018,8,13,5,3,0,1,0,0,0,0,1,0,0,1,5.76361E+20,5.3589E+21,1.00312E+16,4.83787E+16
91558,9,1,76,137,2018,8,18,3,3,0,1,0,1,0,0,0,0,0,0,6.75864E+20,5.4303E+21,1.14045E+16,4.90005E+16
91559,9,1,71,113,2018,8,19,7,3,4,1,1,0,1,0,0,0,0,1,7.77429E+20,5.34154E+21,1.27314E+16,4.81665E+16
91560,9,7,64,0,2018,8,17,5,3,5,2,0,1,1,0,0,0,0,1,5.87834E+20,5.31675E+21,1.01774E+16,4.7998E+16
91561,9,1,62,0,2018,8,15,1,3,1,7,0,0,1,0,1,0,0,0,6.95603E+20,5.33853E+21,1.16309E+16,4.81699E+16
91562,9,7,75,162,2018,8,11,5,3,4,6,0,0,1,0,0,0,0,0,5.8216E+20,5.3496E+21,1.01077E+16,4.82943E+16
91563,9,1,87,182,2018,8,14,3,3,0,3,0,0,1,0,1,0,0,0,7.401E+20,5.32672E+21,1.22219E+16,4.80486E+16
91564,9,1,90,145,2018,8,14,7,2,9,1,0,0,1,0,0,0,0,1,6.49539E+20,5.28774E+21,1.09941E+16,4.77257E+16
91565,9,7,75,162,2018,8,14,5,3,5,1,0,1,1,0,0,0,0,0,5.81021E+20,5.34786E+21,1.0092E+16,4.82788E+16
91566,9,6,75,158,2018,8,15,1,3,2,6,0,0,1,0,1,0,0,0,5.99778E+20,5.52279E+21,1.03879E+16,4.98492E+16
91567,9,6,75,141,2018,8,16,2,3,4,6,0,0,1,0,0,0,0,0,5.8467E+20,5.50964E+21,1.0175E+16,4.97333E+16
91568,9,7,74,136,2018,8,13,5,3,5,3,0,0,1,0,0,0,0,1,6.02496E+20,5.37158E+21,1.03872E+16,4.8489E+16
91569,9,3,63,0,2018,8,12,6,2,5,3,0,1,1,0,0,0,0,0,7.28535E+20,5.50752E+21,1.21679E+16,4.96768E+16
91570,9,1,84,114,2018,8,12,1,3,2,6,0,0,1,0,0,0,0,0,6.99917E+20,5.31898E+21,1.16797E+16,4.79928E+16
91571,9,2,74,113,2018,8,10,2,3,2,6,0,0,0,0,1,1,0,0,7.28419E+20,5.38392E+21,1.20963E+16,4.85667E+16
91572,9,7,80,128,2018,8,18,5,3,8,1,0,0,1,0,0,0,0,1,6.0788E+20,5.27893E+21,1.04366E+16,4.76548E+16
91573,9,3,72,115,2018,8,14,3,3,2,2,0,0,1,0,0,0,0,0,7.79346E+20,5.45197E+21,1.28317E+16,4.91569E+16
91574,9,5,71,169,2018,8,19,7,3,3,2,0,0,1,0,0,0,1,0,5.84821E+20,5.46382E+21,1.01672E+16,4.93212E+16
91575,9,7,63,0,2018,8,10,5,3,2,6,0,0,1,0,0,0,0,0,5.99339E+20,5.28762E+21,1.03249E+16,4.77343E+16
91576,9,7,80,122,2018,8,17,5,3,8,1,0,0,0,0,0,0,1,1,5.98935E+20,5.29429E+21,1.03211E+16,4.77943E+16
91577,9,1,79,125,2018,8,15,3,3,4,6,0,0,1,0,0,1,0,0,6.61322E+20,5.33261E+21,1.1168E+16,4.81263E+16
91578,9,1,87,177,2018,8,16,7,3,2,6,0,0,1,0,0,0,0,1,7.35516E+20,5.30468E+21,1.21484E+16,4.78523E+16
91579,9,7,77,157,2018,8,11,5,2,0,1,0,1,0,0,0,0,0,1,6.30386E+20,5.30185E+21,1.07431E+16,4.78567E+16
91580,9,7,61,0,2018,8,13,6,3,0,7,0,0,0,0,1,0,0,1,6.42197E+20,5.35948E+21,1.09202E+16,4.83724E+16
91581,9,5,77,173,2018,8,16,1,3,3,3,0,0,1,0,1,0,0,0,6.3968E+20,5.4242E+21,1.0908E+16,4.89549E+16
91582,9,5,64,0,2018,8,19,2,3,2,6,1,0,1,0,0,0,0,0,6.47718E+20,5.47969E+21,1.10382E+16,4.94519E+16
91583,9,7,79,226,2018,8,0,5,3,8,1,2,0,1,0,0,0,0,0,6.17639E+20,5.41686E+21,1.0605E+16,4.88935E+16
91584,9,3,71,141,2018,8,8,6,2,4,6,0,0,1,0,1,0,0,0,6.90921E+20,5.4864E+21,1.16369E+16,4.95002E+16
91585,9,7,61,0,2018,8,16,3,3,1,1,0,0,1,0,0,0,0,0,6.40623E+20,5.35238E+21,1.08965E+16,4.83089E+16
91586,9,1,77,113,2018,8,14,1,2,9,1,0,0,1,0,0,0,0,0,7.24831E+20,5.35767E+21,1.20337E+16,4.83322E+16
91587,9,7,73,182,2018,8,12,5,2,4,6,0,0,0,0,0,1,1,1,6.24587E+20,5.37936E+21,1.06884E+16,4.8555E+16
91588,9,1,83,129,2018,8,18,2,3,5,3,0,1,1,0,0,0,0,0,7.57999E+20,5.3635E+21,1.2484E+16,4.83719E+16
91589,9,6,71,155,2018,8,14,1,2,0,1,0,0,0,0,1,0,0,0,5.03688E+20,5.53392E+21,9.05142E+15,4.99577E+16
91590,9,5,74,155,2018,8,7,2,3,2,6,0,0,1,0,0,0,1,0,6.68537E+20,5.49314E+21,1.13309E+16,4.95673E+16
91591,9,7,73,136,2018,8,22,5,3,0,1,2,1,0,0,0,0,0,1,6.01968E+20,5.37889E+21,1.03818E+16,4.85548E+16
91592,9,3,62,0,2018,8,17,6,3,4,6,0,0,1,0,0,0,0,1,7.28164E+20,5.43813E+21,1.2123E+16,4.90537E+16
91593,9,1,85,163,2018,8,10,1,2,2,6,0,0,1,0,0,0,0,0,6.62164E+20,5.39433E+21,1.12031E+16,4.8681E+16
91594,9,1,90,130,2018,8,13,2,3,5,3,0,0,1,0,0,0,0,0,6.48702E+20,5.29594E+21,1.09858E+16,4.77997E+16
91595,9,7,73,125,2018,8,20,5,3,5,3,2,0,1,0,0,0,0,1,6.09782E+20,5.38182E+21,1.04885E+16,4.85798E+16
91596,9,2,71,148,2018,8,12,3,3,2,6,0,0,1,0,0,0,0,0,7.97663E+20,5.4216E+21,1.306E+16,4.88758E+16
91597,9,4,74,135,2018,8,3,7,2,8,1,2,0,1,0,0,0,0,0,6.41572E+20,5.50627E+21,1.0963E+16,4.96923E+16
91598,9,7,71,122,2018,8,0,5,3,1,1,2,0,0,0,0,1,0,0,6.53388E+20,5.36173E+21,1.1072E+16,4.83901E+16
91599,9,2,72,128,2018,8,19,6,2,0,1,0,0,1,0,0,0,0,1,8.1397E+20,5.42E+21,1.32806E+16,4.88534E+16
91600,9,1,77,126,2018,8,7,3,3,2,6,0,0,1,0,0,0,0,0,7.19167E+20,5.37033E+21,1.1964E+16,4.84479E+16
91601,9,7,78,113,2018,8,8,6,2,2,6,0,0,1,0,0,1,0,0,6.12142E+20,5.32059E+21,1.05042E+16,4.80287E+16
91602,9,7,71,114,2018,8,8,5,3,2,2,0,0,1,0,0,1,0,0,6.44237E+20,5.3752E+21,1.09531E+16,4.85134E+16
91603,9,6,72,139,2018,8,13,6,3,3,6,0,0,1,0,0,0,0,0,5.67237E+20,5.5605E+21,9.94197E+15,5.01929E+16
91604,9,4,75,158,2018,8,12,1,3,9,7,0,1,0,0,0,0,0,0,7.0918E+20,5.5712E+21,1.19346E+16,5.02559E+16
91605,9,5,61,0,2018,8,6,2,3,0,7,0,1,0,0,0,0,0,0,6.13379E+20,5.46245E+21,1.05597E+16,4.93043E+16