OBJECTID_1,ULAND,UREGBEZ,UKREIS,UGEMEINDE,UJAHR,UMONAT,USTUNDE,UWOCHENTAG,UKATEGORIE,UART,UTYP1,ULICHTVERH,IstRad,IstPKW,IstFuss,IstKrad,IstGkfz,IstSonstig,STRZUSTAND,LINREFX,LINREFY,XGCSWGS84,YGCSWGS84
91606,9,6,77,149,2018,8,19,5,2,5,3,0,0,1,0,0,0,0,0,5.55077E+20,5.54386E+21,9.76923E+15,5.00445E+16
91607,9,2,75,150,2018,8,15,6,3,4,1,0,0,1,0,0,0,0,1,8.32755E+20,5.39257E+21,1.35137E+16,4.85976E+16
91608,9,6,77,148,2018,8,15,3,3,9,6,0,0,1,0,0,0,0,0,5.52062E+20,5.53885E+21,9.72644E+15,4.99997E+16
91609,9,7,62,0,2018,8,12,7,3,4,2,0,1,1,0,0,0,0,0,6.2235E+20,5.30466E+21,1.06365E+16,4.78836E+16
91610,9,6,75,141,2018,8,20,5,3,5,3,0,0,1,0,0,0,0,0,5.84509E+20,5.50972E+21,1.01727E+16,4.97341E+16
91611,9,2,77,151,2018,8,13,6,3,0,7,0,0,0,0,1,0,0,0,7.7229E+20,5.366E+21,1.26782E+16,4.83883E+16
91612,9,1,82,133,2018,8,14,2,2,0,1,0,1,0,0,0,0,0,0,7.06568E+20,5.31153E+21,1.17652E+16,4.79237E+16
91613,9,6,78,168,2018,8,8,5,2,4,1,0,0,1,0,0,0,0,0,5.82638E+20,5.55505E+21,1.01565E+16,5.01419E+16
91614,9,1,80,134,2018,8,17,3,3,2,6,0,0,1,0,1,0,0,0,6.61616E+20,5.28709E+21,1.11548E+16,4.77169E+16
91615,9,2,78,113,2018,8,17,7,3,2,6,0,0,1,0,0,0,0,0,7.65893E+20,5.41581E+21,1.26239E+16,4.88383E+16
91616,9,6,73,170,2018,8,21,5,3,7,7,2,0,0,0,1,0,0,0,5.91429E+20,5.58937E+21,1.02878E+16,5.04492E+16
91617,9,2,63,0,2018,8,12,6,2,5,3,0,0,1,0,0,0,0,1,7.65367E+20,5.41933E+21,1.2619E+16,4.88701E+16
91618,9,6,71,155,2018,8,21,5,3,3,6,2,0,1,0,0,1,0,1,5.02981E+20,5.53724E+21,9.04159E+15,4.99875E+16
91619,9,2,74,120,2018,8,12,3,3,5,3,0,0,1,0,0,0,0,0,7.52092E+20,5.36907E+21,1.24077E+16,4.84243E+16
91620,9,3,74,124,2018,8,18,7,3,1,6,0,0,1,0,0,0,0,0,7.09396E+20,5.51146E+21,1.19051E+16,4.97192E+16
91621,9,6,71,111,2018,8,10,5,2,9,6,0,0,0,0,1,1,0,0,5.05408E+20,5.54479E+21,9.07554E+15,5.00554E+16
91622,9,1,84,138,2018,8,20,2,3,3,6,0,1,1,0,0,0,0,0,6.80816E+20,5.33053E+21,1.14288E+16,4.81024E+16
91623,9,7,72,223,2018,8,7,6,3,8,1,0,0,1,0,0,0,0,1,6.15082E+20,5.35985E+21,1.05543E+16,4.83813E+16
91624,9,5,62,0,2018,8,21,5,3,4,2,2,1,1,0,0,0,0,0,6.44898E+20,5.4936E+21,1.10044E+16,4.95776E+16
91625,9,6,78,150,2018,8,10,6,3,6,7,0,0,0,1,0,0,1,0,5.90483E+20,5.52999E+21,1.02604E+16,4.99154E+16
91626,9,4,71,165,2018,8,17,1,3,4,2,0,0,1,0,1,0,0,0,6.30195E+20,5.53269E+21,1.08142E+16,4.99323E+16
91627,9,3,63,0,2018,8,17,2,3,4,2,0,0,1,0,1,0,0,0,7.27332E+20,5.50705E+21,1.2151E+16,4.96731E+16
91628,9,5,72,115,2018,8,16,5,2,3,6,0,0,1,0,0,0,0,0,6.47841E+20,5.50457E+21,1.10492E+16,4.96756E+16
91629,9,2,62,0,2018,8,0,6,3,8,1,2,0,1,0,0,0,0,0,8.26113E+20,5.38948E+21,1.34215E+16,4.85734E+16
91630,9,5,65,0,2018,8,14,3,3,5,2,0,1,1,0,0,0,0,0,6.47382E+20,5.4698E+21,1.10299E+16,4.93631E+16
91631,9,6,73,149,2018,8,15,7,3,8,1,0,0,0,0,1,0,0,1,5.74658E+20,5.59071E+21,1.00519E+16,5.04636E+16
91632,9,5,64,0,2018,8,15,5,3,2,6,0,0,1,0,0,0,0,0,6.51052E+20,5.46765E+21,1.10796E+16,4.93429E+16
91633,9,1,84,119,2018,8,9,2,3,2,6,0,0,1,0,0,1,0,0,6.96085E+20,5.34693E+21,1.16413E+16,4.82453E+16
91634,9,5,71,226,2018,8,17,5,3,9,7,0,0,1,0,0,0,0,0,6.35204E+20,5.45212E+21,1.08563E+16,4.92069E+16
91635,9,1,71,112,2018,8,20,3,3,5,3,2,1,1,0,0,0,0,0,7.84077E+20,5.34126E+21,1.28204E+16,4.81611E+16
91636,9,2,61,0,2018,8,12,7,3,2,6,0,0,1,0,0,0,0,0,7.32456E+20,5.38274E+21,1.21503E+16,4.85547E+16
91637,9,5,72,126,2018,8,13,5,2,8,1,0,0,0,0,1,0,0,0,6.33903E+20,5.50602E+21,1.08566E+16,4.96918E+16
91638,9,7,74,143,2018,8,19,1,3,8,1,0,0,0,0,1,0,0,0,5.914E+20,5.36003E+21,1.02345E+16,4.83868E+16
91639,9,7,71,111,2018,8,5,2,3,8,6,2,0,1,0,0,0,0,0,6.57744E+20,5.35825E+21,1.11295E+16,4.83577E+16
91640,9,5,72,111,2018,8,7,5,2,5,3,0,1,1,0,0,0,0,0,6.35366E+20,5.50553E+21,1.08767E+16,4.96871E+16
91641,9,4,77,128,2018,8,21,6,3,5,2,2,0,1,0,0,0,0,0,6.74773E+20,5.5526E+21,1.14439E+16,5.00999E+16
91642,9,2,74,134,2018,8,11,1,3,1,1,0,1,1,0,0,0,0,0,7.4117E+20,5.37426E+21,1.22633E+16,4.84752E+16
91643,9,2,72,152,2018,8,17,2,3,8,6,0,0,1,0,0,0,0,0,8.11587E+20,5.41314E+21,1.3243E+16,4.8793E+16
91644,9,5,74,156,2018,8,8,5,2,5,3,0,0,1,0,1,0,0,0,6.58738E+20,5.48303E+21,1.11914E+16,4.94791E+16
91645,9,7,80,133,2018,8,17,2,2,0,1,0,1,0,0,0,0,0,0,5.95119E+20,5.25189E+21,1.02609E+16,4.74136E+16
91646,9,5,76,126,2018,8,7,5,3,0,7,0,0,1,0,0,0,0,0,6.54111E+20,5.44102E+21,1.11114E+16,4.91027E+16
91647,9,5,72,132,2018,8,13,6,3,3,2,0,1,1,0,0,0,0,0,6.35841E+20,5.49226E+21,1.08787E+16,4.95677E+16
91648,9,3,71,120,2018,8,11,1,2,5,3,0,0,1,0,1,0,0,0,7.13233E+20,5.46915E+21,1.19354E+16,4.93378E+16
91649,9,2,63,0,2018,8,15,2,3,5,2,0,1,1,0,0,0,0,0,7.61551E+20,5.41967E+21,1.25673E+16,4.88748E+16
91650,9,5,74,132,2018,8,11,5,3,2,6,0,0,0,0,0,1,1,0,6.74054E+20,5.48645E+21,1.14042E+16,4.95057E+16
91651,9,5,75,125,2018,8,16,3,2,1,3,0,0,0,0,1,0,1,0,6.21981E+20,5.49875E+21,1.06891E+16,4.9629E+16
91652,9,6,77,157,2018,8,2,7,3,2,3,2,0,1,0,0,1,0,0,5.40324E+20,5.51849E+21,9.56054E+15,4.98175E+16
91653,9,5,64,0,2018,8,20,5,3,5,5,0,1,1,0,0,0,0,0,6.49805E+20,5.48176E+21,1.10677E+16,4.947E+16
91654,9,1,62,0,2018,8,15,1,3,5,3,0,1,1,0,0,0,0,0,6.95623E+20,5.34303E+21,1.16333E+16,4.82103E+16
91655,9,5,73,111,2018,8,16,5,2,9,6,0,0,1,0,0,0,0,0,6.3537E+20,5.47585E+21,1.08666E+16,4.94203E+16
91656,9,1,87,167,2018,8,16,3,3,5,3,0,0,1,0,1,0,0,0,7.44198E+20,5.30523E+21,1.22646E+16,4.78539E+16
91657,9,1,80,117,2018,8,12,7,3,6,4,0,0,1,1,0,0,0,1,6.5718E+20,5.26204E+21,1.10868E+16,4.74928E+16
91658,9,5,71,115,2018,8,11,5,3,0,1,0,1,0,0,0,0,0,0,6.14463E+20,5.44832E+21,1.05705E+16,4.9177E+16
91659,9,6,76,134,2018,8,10,1,3,0,7,0,0,1,0,0,0,0,0,5.12809E+20,5.51434E+21,9.17793E+15,4.97814E+16
91660,9,6,78,176,2018,8,16,2,3,3,7,0,1,0,0,0,0,0,0,5.89265E+20,5.54093E+21,1.02459E+16,5.0014E+16
91661,9,5,71,141,2018,8,5,5,3,8,7,0,0,1,0,0,0,0,0,6.14657E+20,5.43802E+21,1.05703E+16,4.90844E+16
91662,9,3,75,199,2018,8,14,6,3,2,1,0,0,1,0,0,0,0,0,7.1518E+20,5.42908E+21,1.19408E+16,4.89771E+16
91663,9,1,76,143,2018,8,9,1,2,5,2,0,1,1,0,0,0,0,0,6.80601E+20,5.40868E+21,1.14597E+16,4.88048E+16
91664,9,2,74,126,2018,8,0,6,3,0,7,2,1,0,0,0,0,0,1,7.33176E+20,5.38288E+21,1.21602E+16,4.85556E+16
91665,9,3,61,0,2018,8,12,6,3,2,2,0,0,1,0,0,0,0,0,7.08247E+20,5.48055E+21,1.18728E+16,4.94419E+16
91666,9,2,73,125,2018,8,16,2,3,8,1,0,0,1,0,0,0,0,0,7.15972E+20,5.41284E+21,1.1943E+16,4.8831E+16
91667,9,5,75,143,2018,8,15,5,3,4,6,0,0,1,0,0,1,0,0,5.9933E+20,5.47832E+21,1.03704E+16,4.94494E+16
91668,9,3,76,117,2018,8,15,3,3,5,3,0,0,1,0,0,0,0,0,7.4018E+20,5.45933E+21,1.22999E+16,4.92396E+16
91669,9,4,79,169,2018,8,16,7,3,2,6,0,0,1,0,0,0,0,0,7.14553E+20,5.54681E+21,1.19962E+16,5.00349E+16
91670,9,4,78,145,2018,8,11,5,1,4,7,0,1,0,0,0,1,0,0,6.50882E+20,5.55904E+21,1.11126E+16,5.01644E+16
91671,9,4,77,128,2018,8,15,5,3,4,2,0,0,1,0,1,0,0,0,6.72881E+20,5.55164E+21,1.1417E+16,5.00918E+16
91672,9,1,74,131,2018,8,8,3,2,5,3,0,0,1,0,0,0,0,0,6.76347E+20,5.35857E+21,1.13805E+16,4.83557E+16
91673,9,3,75,180,2018,8,7,3,3,3,6,0,0,1,0,0,0,0,0,7.23329E+20,5.43206E+21,1.20536E+16,4.9001E+16
91674,9,5,64,0,2018,8,3,7,2,0,1,2,0,0,0,1,0,0,0,6.49828E+20,5.4817E+21,1.1068E+16,4.94694E+16
91675,9,4,71,150,2018,8,12,5,3,2,6,0,0,1,0,0,0,0,0,6.351E+20,5.53599E+21,1.08836E+16,4.99609E+16
91676,9,3,63,0,2018,8,12,5,2,3,6,0,0,1,0,1,0,0,0,7.24819E+20,5.50679E+21,1.21161E+16,4.96717E+16
91677,9,1,88,126,2018,8,22,3,3,2,6,2,0,1,0,0,0,1,0,6.60253E+20,5.32785E+21,1.11518E+16,4.80838E+16
91678,9,1,72,117,2018,8,19,7,3,2,6,0,0,1,0,0,0,0,1,7.96442E+20,5.2868E+21,1.29489E+16,4.76665E+16
91679,9,3,74,149,2018,8,13,5,2,0,1,0,0,0,0,1,0,0,1,7.1056E+20,5.51667E+21,1.1924E+16,4.97656E+16
91680,9,5,74,123,2018,8,15,1,3,2,6,0,0,1,0,0,0,0,0,6.5958E+20,5.47381E+21,1.11993E+16,4.9396E+16
91681,9,5,76,142,2018,8,16,2,3,0,7,0,1,0,0,0,0,0,0,6.37498E+20,5.46695E+21,1.08928E+16,4.93398E+16
91682,9,3,73,121,2018,8,13,5,2,7,1,0,0,0,0,1,0,0,0,6.91157E+20,5.43333E+21,1.16148E+16,4.90233E+16
91683,9,3,73,113,2018,8,16,6,3,5,3,0,1,1,0,0,0,0,0,6.77563E+20,5.46653E+21,1.14437E+16,4.93256E+16
91684,9,1,79,142,2018,8,18,1,3,3,1,0,0,1,0,0,0,0,0,6.75156E+20,5.34426E+21,1.13585E+16,4.82274E+16
91685,9,2,61,0,2018,8,10,6,3,5,3,0,1,1,0,0,0,0,1,7.32751E+20,5.38159E+21,1.21537E+16,4.85442E+16
91686,9,3,76,161,2018,8,16,5,3,2,6,0,0,1,0,1,0,0,0,7.23526E+20,5.47068E+21,1.20777E+16,4.93479E+16
91687,9,1,73,135,2018,8,15,2,2,4,6,0,1,1,0,0,0,0,0,6.92322E+20,5.285E+21,1.15629E+16,4.76897E+16
91688,9,2,77,140,2018,8,18,5,3,9,1,0,0,1,0,0,0,0,0,7.91859E+20,5.35849E+21,1.29367E+16,4.83122E+16
91689,9,2,75,152,2018,8,11,3,2,4,6,0,0,1,0,0,0,0,0,8.21244E+20,5.40538E+21,1.3368E+16,4.87185E+16
91690,9,4,71,155,2018,8,12,7,3,2,6,0,0,1,0,0,0,1,1,6.44217E+20,5.53108E+21,1.10088E+16,4.99147E+16
91691,9,2,75,135,2018,8,14,5,3,5,3,0,0,1,0,0,1,0,0,8.2272E+20,5.40293E+21,1.33861E+16,4.86958E+16
91692,9,2,74,111,2018,8,15,6,1,0,1,0,1,0,0,0,0,0,0,7.38958E+20,5.38178E+21,1.22378E+16,4.85435E+16
91693,9,1,77,118,2018,8,7,3,3,5,3,0,1,1,0,0,0,0,0,7.07959E+20,5.34425E+21,1.17997E+16,4.82173E+16
91694,9,7,79,192,2018,8,16,6,3,2,6,0,0,1,0,0,1,0,1,6.40355E+20,5.39619E+21,1.09077E+16,4.8703E+16
91695,9,2,62,0,2018,8,16,5,3,5,3,0,0,1,0,1,0,0,0,8.31503E+20,5.39021E+21,1.34949E+16,4.85772E+16
91696,9,6,72,139,2018,8,13,6,3,0,6,0,0,1,0,0,0,0,0,5.67238E+20,5.5605E+21,9.94198E+15,5.01929E+16
91697,9,4,72,115,2018,8,13,1,3,8,1,0,0,0,0,1,0,0,0,6.62587E+20,5.52789E+21,1.12632E+16,4.98813E+16
91698,9,2,79,112,2018,8,13,6,3,2,6,0,0,1,0,0,0,0,1,7.54904E+20,5.39323E+21,1.24604E+16,4.86401E+16
91699,9,4,75,169,2018,8,20,2,2,8,1,1,0,0,0,1,0,0,0,6.81165E+20,5.57244E+21,1.15426E+16,5.02762E+16
91700,9,2,75,152,2018,8,18,5,2,5,3,0,0,1,0,1,0,0,0,8.21365E+20,5.40693E+21,1.33709E+16,4.87324E+16
91701,9,1,77,112,2018,8,14,7,2,3,6,0,0,1,0,0,0,1,0,7.14843E+20,5.36624E+21,1.19035E+16,4.84126E+16
91702,9,2,75,151,2018,8,17,5,3,5,2,0,0,1,0,1,0,0,0,8.254E+20,5.39471E+21,1.3416E+16,4.86207E+16
91703,9,6,79,146,2018,8,15,6,3,2,6,0,0,1,0,0,0,0,0,5.58822E+20,5.51645E+21,9.81735E+15,4.97977E+16
91704,9,5,71,208,2018,8,17,1,2,0,7,0,1,0,0,0,0,0,0,6.18994E+20,5.4396E+21,1.06301E+16,4.90978E+16
91705,9,5,73,134,2018,8,7,2,3,0,1,0,0,0,0,1,0,0,0,6.40444E+20,5.47815E+21,1.09373E+16,4.94398E+16
91706,9,2,77,133,2018,8,21,5,3,5,3,2,0,1,0,0,0,1,1,7.69345E+20,5.36663E+21,1.26389E+16,4.83953E+16
91707,9,3,71,154,2018,8,18,6,2,9,1,0,0,0,0,1,0,0,1,7.05726E+20,5.4718E+21,1.18336E+16,4.93641E+16
91708,9,7,61,0,2018,8,16,3,3,5,3,0,1,1,0,0,0,0,0,6.41635E+20,5.35969E+21,1.09126E+16,4.83745E+16
91709,9,1,62,0,2018,8,10,7,3,0,3,0,0,1,0,0,0,1,0,6.88635E+20,5.32948E+21,1.15333E+16,4.80906E+16
91710,9,1,73,137,2018,8,20,6,3,8,1,2,0,1,0,0,0,0,1,6.7671E+20,5.29817E+21,1.13604E+16,4.78126E+16
91711,9,2,77,144,2018,8,19,5,3,0,7,0,0,0,0,1,0,0,0,7.83824E+20,5.37731E+21,1.28413E+16,4.84847E+16
91712,9,1,72,116,2018,8,16,2,3,5,2,0,1,1,0,0,0,0,0,8.00679E+20,5.28276E+21,1.30024E+16,4.76284E+16
91713,9,2,74,194,2018,8,18,5,3,9,1,0,0,1,0,0,0,0,1,7.2342E+20,5.37825E+21,1.20256E+16,4.85175E+16
91714,9,2,73,111,2018,8,13,3,2,2,6,0,0,1,0,1,0,0,0,7.09158E+20,5.41073E+21,1.18492E+16,4.88143E+16
91715,9,3,71,131,2018,8,6,7,3,8,7,1,0,0,0,0,0,1,0,6.96703E+20,5.47773E+21,1.17124E+16,4.94204E+16
91716,9,2,61,0,2018,8,16,5,3,4,6,0,0,1,0,0,1,0,1,7.34954E+20,5.38074E+21,1.2183E+16,4.85357E+16
91717,9,1,84,119,2018,8,18,2,3,5,3,0,0,1,0,0,0,0,0,6.97582E+20,5.34951E+21,1.16626E+16,4.82679E+16
91718,9,2,79,128,2018,8,23,5,3,9,1,2,0,1,0,0,0,0,1,7.5639E+20,5.39686E+21,1.24828E+16,4.86721E+16
91719,9,6,71,156,2018,8,17,6,3,5,3,0,0,1,0,0,0,0,0,5.18705E+20,5.53705E+21,9.26092E+15,4.99855E+16
91720,9,3,75,162,2018,8,13,1,3,8,1,0,0,0,0,1,0,0,0,7.12311E+20,5.43718E+21,1.19058E+16,4.90509E+16
91721,9,1,90,154,2018,8,10,6,2,4,1,0,0,1,0,0,0,0,0,6.39183E+20,5.28165E+21,1.08542E+16,4.76732E+16
91722,9,3,75,117,2018,8,7,2,3,2,1,0,0,1,0,0,0,0,0,7.37124E+20,5.43164E+21,1.22417E+16,4.89921E+16
91723,9,1,80,117,2018,8,15,5,3,5,3,0,0,1,0,0,0,0,1,6.56454E+20,5.26177E+21,1.1077E+16,4.74905E+16
91724,9,5,64,0,2018,8,16,3,3,5,3,0,1,1,0,0,0,0,0,6.53645E+20,5.47433E+21,1.11178E+16,4.94022E+16
91725,9,6,73,162,2018,8,14,7,3,8,7,0,0,1,0,0,0,0,1,5.74539E+20,5.57296E+21,1.00467E+16,5.03041E+16
91726,9,1,73,126,2018,8,18,6,3,9,1,0,0,0,0,1,0,0,1,6.84649E+20,5.30395E+21,1.14689E+16,4.78624E+16
91727,9,1,73,147,2018,8,9,5,2,0,7,0,0,0,0,1,0,1,0,6.81898E+20,5.30963E+21,1.14345E+16,4.79142E+16
91728,9,1,77,139,2018,8,8,2,3,0,1,0,0,0,0,1,0,0,0,7.27927E+20,5.35497E+21,1.20739E+16,4.83068E+16
91729,9,1,73,135,2018,8,22,5,3,8,1,2,0,1,0,0,0,0,1,6.93171E+20,5.27513E+21,1.15699E+16,4.76008E+16
91730,9,1,72,115,2018,8,13,3,3,4,6,0,0,1,0,0,0,0,0,7.92397E+20,5.29253E+21,1.2899E+16,4.77198E+16
91731,9,1,90,139,2018,8,17,7,3,4,1,0,0,1,0,0,0,0,1,6.52436E+20,5.29402E+21,1.1035E+16,4.77815E+16
91732,9,1,71,137,2018,8,21,5,3,8,1,2,0,1,0,0,0,0,1,7.68191E+20,5.35173E+21,1.26139E+16,4.82619E+16
91733,9,6,78,150,2018,8,7,3,3,5,3,0,0,1,0,1,0,0,0,5.90653E+20,5.53371E+21,1.02636E+16,4.99489E+16
91734,9,7,73,150,2018,8,18,7,2,5,3,0,0,0,0,1,0,1,1,6.09703E+20,5.38944E+21,1.04894E+16,4.86484E+16
91735,9,1,83,128,2018,8,16,5,2,4,6,0,0,1,0,0,1,0,0,7.61238E+20,5.35032E+21,1.25195E+16,4.82522E+16
91736,9,1,81,133,2018,8,11,2,3,8,1,0,0,0,0,1,0,0,0,6.40488E+20,5.31326E+21,1.08818E+16,4.79572E+16
91737,9,1,83,148,2018,8,14,5,3,5,3,0,0,1,0,0,0,0,0,7.56008E+20,5.34572E+21,1.24464E+16,4.8213E+16
91738,9,1,73,111,2018,8,21,3,2,5,3,2,0,1,0,1,0,0,1,6.83725E+20,5.29024E+21,1.14507E+16,4.77393E+16
91739,9,2,75,131,2018,8,17,7,3,9,1,0,0,1,0,0,0,0,1,8.06572E+20,5.36591E+21,1.314E+16,4.83718E+16
91740,9,1,89,129,2018,8,16,5,2,6,7,0,1,0,1,0,0,0,0,7.59519E+20,5.29493E+21,1.24629E+16,4.77555E+16
91741,9,7,77,158,2018,8,14,2,3,5,3,0,0,1,0,0,0,0,0,6.21568E+20,5.30922E+21,1.06274E+16,4.79247E+16
91742,9,1,71,115,2018,8,12,5,3,5,3,0,0,1,0,0,0,0,0,7.77168E+20,5.35823E+21,1.27388E+16,4.83164E+16
91743,9,5,61,0,2018,8,19,6,2,5,3,0,1,1,0,0,0,0,0,6.11162E+20,5.46224E+21,1.05291E+16,4.93028E+16
91744,9,2,76,117,2018,8,14,1,2,8,1,0,0,0,0,1,0,0,0,8.03911E+20,5.44462E+21,1.31622E+16,4.90793E+16
91745,9,1,83,119,2018,8,22,6,2,4,6,2,0,1,0,0,0,0,1,7.38023E+20,5.33921E+21,1.2201E+16,4.81615E+16
91746,9,2,76,138,2018,8,9,2,2,8,1,0,0,1,0,0,0,0,0,7.98104E+20,5.43319E+21,1.30745E+16,4.89796E+16
91747,9,1,87,168,2018,8,10,5,3,2,6,0,1,1,0,0,0,0,0,7.49514E+20,5.30839E+21,1.23374E+16,4.78803E+16
91748,9,4,74,140,2018,8,13,3,1,2,6,0,1,1,0,0,0,0,0,6.61718E+20,5.49783E+21,1.12386E+16,4.96114E+16
91749,9,5,72,135,2018,8,17,7,2,4,6,0,0,1,0,0,0,0,0,6.31038E+20,5.51056E+21,1.08184E+16,4.97333E+16
91750,9,1,82,111,2018,8,16,5,3,0,1,0,1,0,0,0,0,0,1,7.03766E+20,5.28888E+21,1.17171E+16,4.77212E+16
91751,9,7,75,129,2018,8,18,1,3,2,6,0,0,1,0,0,0,0,0,5.83128E+20,5.34368E+21,1.01196E+16,4.82409E+16
91752,9,1,82,116,2018,8,12,5,3,2,6,0,0,1,0,0,0,0,0,7.05849E+20,5.29164E+21,1.17461E+16,4.77452E+16
91753,9,1,82,136,2018,8,10,3,3,0,7,0,1,0,0,0,0,0,0,7.03753E+20,5.30128E+21,1.17227E+16,4.78326E+16
91754,9,1,89,120,2018,8,15,7,2,0,1,0,1,0,0,0,0,0,1,7.59916E+20,5.29752E+21,1.24697E+16,4.77786E+16
91755,9,1,87,130,2018,8,12,5,2,8,1,0,0,1,0,0,0,0,0,7.12216E+20,5.31267E+21,1.18413E+16,4.79322E+16
91756,9,6,76,119,2018,8,14,1,2,8,1,0,0,0,0,1,0,0,0,5.28567E+20,5.50297E+21,9.39597E+15,4.96786E+16
91757,9,5,76,122,2018,8,6,2,3,9,7,0,0,0,0,0,0,1,0,6.70146E+20,5.43601E+21,1.13288E+16,4.90535E+16
91758,9,1,61,0,2018,8,14,5,3,5,3,0,1,1,0,0,0,0,0,6.77419E+20,5.4047E+21,1.14147E+16,4.877E+16
91759,9,3,72,153,2018,8,10,6,2,1,1,0,0,1,0,0,0,0,1,7.56899E+20,5.45652E+21,1.25273E+16,4.92076E+16
91760,9,7,72,125,2018,8,10,1,3,5,3,0,0,1,0,0,0,0,0,6.36547E+20,5.34884E+21,1.08404E+16,4.82781E+16
91761,9,6,79,170,2018,8,23,2,3,9,1,2,0,1,0,0,0,0,0,5.75257E+20,5.502E+21,1.00429E+16,4.96659E+16
91762,9,1,85,123,2018,8,6,5,3,5,7,0,0,1,0,0,0,0,0,6.69924E+20,5.39123E+21,1.13072E+16,4.8651E+16
91763,9,4,61,0,2018,8,14,6,3,2,6,0,0,1,0,0,0,0,0,6.36412E+20,5.53128E+21,1.09003E+16,4.99183E+16
91764,9,1,71,112,2018,8,5,1,3,9,1,2,0,1,0,0,0,0,1,7.83954E+20,5.34399E+21,1.28206E+16,4.81856E+16
91765,9,1,89,126,2018,8,14,6,3,4,6,0,0,1,0,1,0,0,1,7.59952E+20,5.3252E+21,1.24869E+16,4.80272E+16
91766,9,2,61,0,2018,8,6,2,2,1,1,0,0,1,0,0,1,0,0,7.25807E+20,5.37816E+21,1.20579E+16,4.85159E+16
91767,9,1,88,139,2018,8,7,5,2,8,1,0,0,1,0,0,0,0,0,6.68927E+20,5.3184E+21,1.12645E+16,4.79965E+16
91768,9,3,73,112,2018,8,16,3,2,4,2,0,0,1,0,1,0,0,0,6.78406E+20,5.44257E+21,1.14446E+16,4.91101E+16
91769,9,5,77,148,2018,8,22,7,2,2,6,2,0,1,0,0,0,0,0,6.37449E+20,5.41699E+21,1.08751E+16,4.88906E+16
91770,9,1,88,121,2018,8,6,5,2,5,6,0,0,1,0,1,0,0,0,6.72454E+20,5.32907E+21,1.1316E+16,4.80916E+16
91771,9,1,79,121,2018,8,22,5,3,5,3,2,0,1,0,0,0,0,1,6.65465E+20,5.33974E+21,1.12264E+16,4.81893E+16
91772,9,1,79,142,2018,8,20,3,3,5,2,1,0,1,0,0,0,0,0,6.70855E+20,5.34147E+21,1.12995E+16,4.82035E+16
91773,9,1,82,137,2018,8,20,7,3,3,6,2,0,1,0,0,1,0,1,7.08403E+20,5.30548E+21,1.17868E+16,4.78688E+16
91774,9,1,84,147,2018,8,13,5,3,8,1,0,0,1,0,0,0,0,1,7.00572E+20,5.3412E+21,1.16989E+16,4.81923E+16
91775,9,7,72,163,2018,8,10,6,3,2,6,0,0,1,0,0,0,0,1,6.3866E+20,5.34665E+21,1.08682E+16,4.82579E+16
91776,9,5,76,142,2018,8,13,1,2,2,6,0,1,0,0,0,0,0,0,6.35495E+20,5.46772E+21,1.08655E+16,4.93471E+16
91777,9,5,63,0,2018,8,18,2,3,0,7,0,1,0,0,0,0,1,0,6.43082E+20,5.48271E+21,1.09753E+16,4.94801E+16
91778,9,1,84,112,2018,8,7,5,3,2,6,0,0,1,0,0,0,0,0,7.01122E+20,5.34098E+21,1.17062E+16,4.81902E+16
91779,9,3,71,154,2018,8,18,6,3,8,1,0,0,1,0,0,0,0,1,6.99933E+20,5.4768E+21,1.17564E+16,4.9411E+16
91780,9,7,61,0,2018,8,16,3,3,3,1,0,0,1,0,0,1,0,0,6.40603E+20,5.35557E+21,1.08973E+16,4.83376E+16
91781,9,1,74,135,2018,8,18,1,3,8,1,0,0,1,0,0,0,0,0,6.64489E+20,5.35029E+21,1.12174E+16,4.82844E+16
91782,9,1,89,149,2018,8,13,6,2,0,3,0,1,1,0,0,0,0,0,7.65858E+20,5.33145E+21,1.25698E+16,4.80808E+16
91783,9,1,78,124,2018,8,10,5,2,8,1,0,0,0,0,0,0,1,0,7.00064E+20,5.35697E+21,1.16996E+16,4.83342E+16
91784,9,1,83,145,2018,8,9,2,2,5,2,0,0,1,0,0,0,1,0,7.55853E+20,5.3368E+21,1.24389E+16,4.81329E+16
91785,9,1,78,123,2018,8,8,5,3,0,7,0,0,0,0,1,0,0,0,6.92355E+20,5.35941E+21,1.15968E+16,4.83585E+16
91786,9,2,74,113,2018,8,10,3,3,8,1,0,0,1,0,0,0,0,0,7.27784E+20,5.38439E+21,1.2088E+16,4.85711E+16
91787,9,3,74,121,2018,8,15,7,2,0,1,0,0,0,0,1,0,0,1,7.37242E+20,5.50967E+21,1.22897E+16,4.96927E+16
91788,9,1,78,145,2018,8,11,5,3,5,3,0,1,1,0,0,0,0,0,6.98136E+20,5.35468E+21,1.16725E+16,4.83142E+16
91789,9,1,76,120,2018,8,14,1,3,2,6,0,0,1,0,0,0,0,0,6.79162E+20,5.42393E+21,1.14468E+16,4.89423E+16
91790,9,1,89,154,2018,8,16,6,3,2,6,0,0,1,0,0,0,1,0,7.67682E+20,5.31882E+21,1.25864E+16,4.79667E+16
91791,9,1,90,138,2018,8,9,2,3,2,6,0,0,1,0,0,0,0,0,6.61548E+20,5.30805E+21,1.11618E+16,4.79054E+16
91792,9,1,62,0,2018,8,23,4,3,5,2,2,0,1,0,0,0,0,0,6.95008E+20,5.33348E+21,1.16206E+16,4.81247E+16