OBJECTID_1,ULAND,UREGBEZ,UKREIS,UGEMEINDE,UJAHR,UMONAT,USTUNDE,UWOCHENTAG,UKATEGORIE,UART,UTYP1,ULICHTVERH,IstRad,IstPKW,IstFuss,IstKrad,IstGkfz,IstSonstig,STRZUSTAND,LINREFX,LINREFY,XGCSWGS84,YGCSWGS84
91793,9,2,78,113,2018,8,16,3,2,2,6,0,0,1,0,0,0,0,0,7.70693E+20,5.42181E+21,1.26931E+16,4.88901E+16
91794,9,4,76,171,2018,8,5,7,3,7,7,1,0,1,0,0,0,0,1,6.59247E+20,5.56471E+21,1.1232E+16,5.02131E+16
91795,9,1,84,144,2018,8,19,4,2,5,3,0,1,1,0,0,0,0,0,6.87526E+20,5.32029E+21,1.15144E+16,4.80084E+16
91796,9,1,77,126,2018,8,7,3,3,2,6,0,0,1,0,0,0,0,0,7.19166E+20,5.37033E+21,1.1964E+16,4.84479E+16
91797,9,1,62,0,2018,8,13,6,3,3,6,0,0,1,0,1,0,0,1,6.95908E+20,5.33384E+21,1.16329E+16,4.81277E+16
91798,9,1,84,142,2018,8,10,4,2,5,3,0,0,1,0,0,0,0,0,6.83432E+20,5.31711E+21,1.14582E+16,4.7981E+16
91799,9,6,77,148,2018,8,23,6,3,8,1,2,0,1,0,0,0,0,1,5.58943E+20,5.53408E+21,9.82172E+15,4.99562E+16
91800,9,4,75,162,2018,8,19,1,3,8,1,0,0,1,0,0,0,0,0,7.1715E+20,5.57045E+21,1.20458E+16,5.02462E+16
91801,9,1,71,113,2018,8,14,6,3,1,6,0,0,1,0,0,1,0,1,7.777E+20,5.34146E+21,1.2735E+16,4.81657E+16
91802,9,5,71,174,2018,8,12,2,3,8,1,0,0,1,0,0,0,0,0,6.0437E+20,5.46446E+21,1.04363E+16,4.93239E+16
91803,9,1,62,0,2018,8,10,4,3,4,2,0,1,1,0,0,0,0,0,6.8736E+20,5.33507E+21,1.15186E+16,4.81413E+16
91804,9,6,75,162,2018,8,12,3,3,0,7,0,0,0,0,1,0,0,1,5.96555E+20,5.51429E+21,1.0341E+16,4.97734E+16
91805,9,7,78,205,2018,8,18,7,3,0,7,0,0,0,0,1,0,0,1,5.95009E+20,5.3191E+21,1.02741E+16,4.80181E+16
91806,9,1,82,137,2018,8,19,6,3,3,6,2,0,1,0,0,0,0,1,7.10845E+20,5.30523E+21,1.18193E+16,4.78657E+16
91807,9,1,62,0,2018,8,16,4,3,2,6,0,0,1,0,0,0,0,0,6.88545E+20,5.33534E+21,1.15347E+16,4.81434E+16
91808,9,1,87,128,2018,8,14,2,2,4,6,0,0,1,0,0,0,0,0,7.48014E+20,5.31166E+21,1.23192E+16,4.79103E+16
91809,9,2,78,118,2018,8,17,6,3,0,7,0,1,0,0,0,0,0,0,7.69788E+20,5.42416E+21,1.26824E+16,4.89116E+16
91810,9,1,84,140,2018,8,22,4,3,5,3,2,0,1,0,1,0,0,0,7.0162E+20,5.32837E+21,1.1707E+16,4.80767E+16
91811,9,1,90,121,2018,8,17,3,3,8,6,0,0,1,0,0,0,0,0,6.63653E+20,5.29103E+21,1.11835E+16,4.77518E+16
91812,9,3,71,118,2018,8,13,7,2,4,2,0,0,1,0,0,0,0,1,7.16081E+20,5.47638E+21,1.19785E+16,4.94018E+16
91813,9,1,62,0,2018,8,11,4,3,1,6,0,0,1,0,1,0,0,0,6.9548E+20,5.33034E+21,1.16255E+16,4.80963E+16
91814,9,7,64,0,2018,8,9,2,3,8,7,0,1,0,0,0,0,0,0,5.87733E+20,5.31673E+21,1.01761E+16,4.79979E+16
91815,9,1,62,0,2018,8,15,4,3,2,6,0,0,1,0,0,0,0,0,6.97334E+20,5.33361E+21,1.16519E+16,4.81251E+16
91816,9,5,72,132,2018,8,14,6,3,9,1,0,0,1,0,0,0,0,0,6.39531E+20,5.49002E+21,1.09289E+16,4.95467E+16
91817,9,3,71,144,2018,8,16,1,3,8,1,0,0,0,0,1,0,0,0,7.04786E+20,5.48392E+21,1.18269E+16,4.94733E+16
91818,9,1,87,126,2018,8,14,6,2,4,6,0,0,1,0,0,0,0,0,7.4256E+20,5.32593E+21,1.22544E+16,4.80406E+16
91819,9,1,62,0,2018,8,8,2,3,1,2,0,0,1,0,1,0,0,0,6.98833E+20,5.33303E+21,1.16718E+16,4.81195E+16
91820,9,7,71,111,2018,8,11,6,3,8,1,0,0,1,0,0,0,0,1,6.57694E+20,5.35835E+21,1.11288E+16,4.83587E+16
91821,9,7,75,139,2018,8,8,4,3,5,2,0,0,1,0,0,0,0,0,5.80244E+20,5.36668E+21,1.00852E+16,4.84482E+16
91822,9,6,74,129,2018,8,11,6,2,9,6,0,0,1,0,1,0,0,0,6.20081E+20,5.53825E+21,1.0675E+16,4.99845E+16
91823,9,4,71,115,2018,8,11,1,3,0,7,0,0,0,0,1,0,0,0,6.32631E+20,5.53866E+21,1.08501E+16,4.99855E+16
91824,9,1,61,0,2018,8,15,6,3,5,3,0,1,1,0,0,0,0,1,6.76655E+20,5.40875E+21,1.1406E+16,4.88066E+16
91825,9,3,77,137,2018,8,13,2,2,8,7,0,0,1,0,0,0,0,0,7.38252E+20,5.54006E+21,1.23223E+16,4.99652E+16
91826,9,7,75,129,2018,8,12,4,3,5,3,0,1,1,0,0,0,0,0,5.81727E+20,5.34358E+21,1.01007E+16,4.82402E+16
91827,9,5,72,119,2018,8,6,3,3,9,1,0,0,1,0,0,0,0,0,6.44949E+20,5.49889E+21,1.1007E+16,4.96252E+16
91828,9,6,73,160,2018,8,14,7,2,5,3,0,1,0,0,0,1,0,0,5.96949E+20,5.57454E+21,1.03617E+16,5.0315E+16
91829,9,1,61,0,2018,8,13,6,3,5,3,0,0,1,0,0,0,0,0,6.78894E+20,5.40233E+21,1.14337E+16,4.87483E+16
91830,9,7,74,119,2018,8,22,4,2,0,1,2,1,0,0,0,0,0,0,5.88149E+20,5.36023E+21,1.01907E+16,4.83891E+16
91831,9,1,62,0,2018,8,9,2,3,3,6,0,0,1,0,0,1,0,0,6.96306E+20,5.34338E+21,1.16426E+16,4.82133E+16
91832,9,7,74,119,2018,8,6,4,3,5,3,0,0,1,0,0,0,0,0,5.88042E+20,5.36013E+21,1.01892E+16,4.83882E+16
91833,9,1,89,140,2018,8,11,3,3,4,3,0,0,1,0,1,0,0,0,7.7458E+20,5.2941E+21,1.26629E+16,4.77417E+16
91834,9,2,61,0,2018,8,10,7,3,5,3,0,0,1,0,0,1,0,0,7.32091E+20,5.38198E+21,1.2145E+16,4.85479E+16
91835,9,7,78,116,2018,8,12,4,2,5,3,0,0,1,0,0,0,0,0,6.20652E+20,5.31326E+21,1.06162E+16,4.79613E+16
91836,9,3,71,136,2018,8,6,6,3,5,3,0,0,1,0,0,0,1,0,7.1186E+20,5.48067E+21,1.19227E+16,4.94417E+16
91837,9,7,73,140,2018,8,16,2,3,5,3,0,0,1,0,1,0,0,0,6.13285E+20,5.37467E+21,1.0534E+16,4.85149E+16
91838,9,7,63,0,2018,8,10,4,3,2,6,0,0,1,0,0,0,0,0,5.98424E+20,5.28451E+21,1.0312E+16,4.77065E+16
91839,9,4,78,116,2018,8,13,6,3,4,6,0,0,1,0,0,1,0,0,6.62551E+20,5.55538E+21,1.12743E+16,5.01284E+16
91840,9,2,62,0,2018,8,22,1,3,5,2,2,0,1,0,0,0,0,0,8.25556E+20,5.3897E+21,1.34142E+16,4.85757E+16
91841,9,1,61,0,2018,8,8,6,3,5,3,0,0,1,0,1,0,0,1,6.77454E+20,5.40577E+21,1.14156E+16,4.87796E+16
91842,9,2,75,135,2018,8,14,2,3,6,7,0,0,1,1,0,0,0,0,8.21611E+20,5.40185E+21,1.33702E+16,4.86867E+16
91843,9,7,76,124,2018,8,17,4,3,0,7,0,1,0,0,0,0,1,1,5.72245E+20,5.2765E+21,9.96178E+15,4.76378E+16
91844,9,3,74,149,2018,8,11,3,2,8,1,0,0,1,0,0,0,0,0,7.1773E+20,5.51786E+21,1.20241E+16,4.97737E+16
91845,9,5,64,0,2018,8,18,7,2,5,3,0,0,1,0,1,0,0,0,6.58465E+20,5.47631E+21,1.1185E+16,4.94188E+16
91846,9,1,85,153,2018,8,11,6,3,1,7,0,0,1,0,0,0,0,0,6.46308E+20,5.40096E+21,1.09902E+16,4.87444E+16
91847,9,7,62,0,2018,8,13,4,3,5,3,0,1,1,0,0,0,0,0,6.21881E+20,5.30307E+21,1.06298E+16,4.78694E+16
91848,9,7,75,162,2018,8,14,1,3,2,6,0,0,1,0,0,0,0,0,5.82708E+20,5.34865E+21,1.01149E+16,4.82857E+16
91849,9,7,80,132,2018,8,18,4,2,8,1,0,0,0,0,1,0,0,0,5.74361E+20,5.26596E+21,9.98816E+15,4.75428E+16
91850,9,3,73,146,2018,8,17,2,2,0,1,0,1,0,0,0,0,0,0,6.77501E+20,5.45069E+21,1.14358E+16,4.91833E+16
91851,9,7,80,124,2018,8,16,4,3,2,6,0,0,1,0,1,0,0,0,5.86051E+20,5.26831E+21,1.01439E+16,4.75625E+16
91852,9,5,75,119,2018,8,13,3,2,2,6,0,0,1,0,0,0,0,0,6.15394E+20,5.48938E+21,1.05952E+16,4.9546E+16
91853,9,6,77,182,2018,8,15,7,3,2,6,0,0,1,0,0,0,0,1,5.36208E+20,5.52173E+21,9.50363E+15,4.98469E+16
91854,9,1,85,149,2018,8,18,6,2,0,7,0,0,1,0,0,0,0,0,6.58672E+20,5.39963E+21,1.11578E+16,4.87295E+16
91855,9,7,79,115,2018,8,15,4,1,8,7,0,0,1,0,0,0,0,0,6.34326E+20,5.39345E+21,1.08249E+16,4.86797E+16
91856,9,1,84,139,2018,8,19,1,2,5,3,0,0,1,0,1,0,0,0,6.86505E+20,5.32382E+21,1.15023E+16,4.80404E+16
91857,9,7,72,184,2018,8,11,4,3,2,6,0,0,1,0,1,0,0,0,6.34914E+20,5.36245E+21,1.08228E+16,4.84008E+16
91858,9,1,87,173,2018,8,23,3,3,0,1,2,0,0,0,0,0,1,0,7.43381E+20,5.32041E+21,1.22623E+16,4.79906E+16
91859,9,1,80,124,2018,8,12,7,2,2,6,0,1,1,0,0,0,0,0,6.65232E+20,5.28223E+21,1.12012E+16,4.76724E+16
91860,9,7,72,184,2018,8,10,4,3,2,6,0,0,1,0,1,0,0,0,6.35666E+20,5.36179E+21,1.08327E+16,4.83946E+16
91861,9,6,72,138,2018,8,16,1,3,5,3,0,0,1,0,0,0,0,0,5.5751E+20,5.56961E+21,9.80709E+15,5.02759E+16
91862,9,6,73,146,2018,8,6,2,3,8,1,0,0,0,0,1,0,0,0,5.845E+20,5.57115E+21,1.01861E+16,5.02864E+16
91863,9,7,61,0,2018,8,17,4,3,0,1,0,1,0,0,0,0,0,0,6.43849E+20,5.35757E+21,1.09418E+16,4.83549E+16
91864,9,3,73,167,2018,8,16,6,3,8,1,0,0,0,0,1,0,0,1,6.88805E+20,5.46159E+21,1.15959E+16,4.92779E+16
91865,9,1,82,123,2018,8,6,1,3,8,1,0,0,1,0,0,0,0,1,7.20015E+20,5.30104E+21,1.19396E+16,4.7825E+16
91866,9,1,76,138,2018,8,14,6,3,5,3,0,0,1,0,0,0,0,1,6.70585E+20,5.42531E+21,1.13303E+16,4.89572E+16
91867,9,2,61,0,2018,8,11,2,3,0,1,0,1,0,0,0,0,0,0,7.32608E+20,5.37884E+21,1.21502E+16,4.85196E+16
91868,9,7,61,0,2018,8,16,4,3,3,2,0,0,1,0,1,0,0,0,6.41779E+20,5.36183E+21,1.09153E+16,4.83937E+16
91869,9,3,76,175,2018,8,18,3,3,8,1,0,0,0,0,1,0,0,0,7.31939E+20,5.4649E+21,1.219E+16,4.92928E+16
91870,9,5,75,133,2018,8,11,7,1,5,3,0,1,0,0,0,0,1,0,6.00613E+20,5.48257E+21,1.03892E+16,4.94874E+16
91871,9,7,61,0,2018,8,12,4,3,2,6,0,0,1,0,0,0,0,0,6.41221E+20,5.36089E+21,1.09074E+16,4.83853E+16
91872,9,7,61,0,2018,8,6,4,2,5,1,0,1,1,0,0,0,0,0,6.42311E+20,5.35917E+21,1.09216E+16,4.83697E+16
91873,9,1,74,111,2018,8,18,3,2,9,1,0,0,1,0,0,0,0,0,6.62313E+20,5.35706E+21,1.11906E+16,4.83458E+16
91874,9,1,88,121,2018,8,17,7,3,0,1,0,0,0,0,1,0,0,1,6.72236E+20,5.32966E+21,1.13133E+16,4.8097E+16
91875,9,7,71,169,2018,8,7,4,3,8,6,0,0,1,0,0,0,0,0,6.39796E+20,5.37457E+21,1.08928E+16,4.85087E+16
91876,9,7,71,144,2018,8,1,6,1,9,1,2,0,0,0,1,0,0,0,6.61438E+20,5.37327E+21,1.11851E+16,4.84918E+16
91877,9,5,71,199,2018,8,5,1,3,8,7,1,0,1,0,0,0,0,0,5.82193E+20,5.45354E+21,1.01289E+16,4.92291E+16
91878,9,5,64,0,2018,8,16,2,3,3,6,0,0,1,0,1,0,0,0,6.48585E+20,5.47457E+21,1.10482E+16,4.94057E+16
91879,9,1,76,114,2018,8,15,3,3,8,7,0,0,0,0,1,0,0,0,6.81356E+20,5.43394E+21,1.14812E+16,4.90316E+16
91880,9,1,72,129,2018,8,22,7,2,8,7,2,1,0,0,0,0,0,1,7.91157E+20,5.28E+21,1.28742E+16,4.7608E+16
91881,9,6,77,155,2018,8,6,4,3,5,3,0,1,1,0,0,0,0,0,5.40796E+20,5.53826E+21,9.56919E+15,4.99953E+16
91882,9,5,76,151,2018,8,17,1,3,3,6,0,0,1,0,0,0,0,0,6.55403E+20,5.47198E+21,1.11411E+16,4.93807E+16
91883,9,5,65,0,2018,8,11,2,3,5,2,0,0,1,0,0,0,0,0,6.46842E+20,5.46687E+21,1.10213E+16,4.93369E+16
91884,9,6,73,127,2018,8,22,4,2,0,1,2,0,0,0,1,0,0,0,6.01145E+20,5.57311E+21,1.04202E+16,5.03014E+16
91885,9,3,73,147,2018,8,13,6,3,0,3,0,0,1,0,0,0,0,1,6.77397E+20,5.46088E+21,1.14389E+16,4.92749E+16
91886,9,1,85,118,2018,8,23,1,3,8,1,2,0,1,0,0,0,0,0,6.6686E+20,5.40348E+21,1.12706E+16,4.87619E+16
91887,9,1,62,0,2018,8,14,6,3,2,6,2,0,1,0,0,0,0,0,6.78637E+20,5.33667E+21,1.14022E+16,4.81582E+16
91888,9,1,80,122,2018,8,13,2,2,2,1,0,0,1,0,1,0,0,0,6.68799E+20,5.26124E+21,1.12406E+16,4.74827E+16
91889,9,6,72,112,2018,8,18,4,2,4,2,0,0,1,0,1,0,0,0,5.77016E+20,5.56869E+21,1.00806E+16,5.02653E+16
91890,9,2,77,152,2018,8,7,3,2,5,3,0,0,1,0,0,0,1,0,7.93265E+20,5.36154E+21,1.29577E+16,4.83389E+16
91891,9,4,74,176,2018,8,4,7,3,8,1,2,0,1,0,0,0,0,0,6.64643E+20,5.51889E+21,1.1288E+16,4.97999E+16
91892,9,6,76,139,2018,8,14,4,2,5,3,0,0,1,0,1,0,0,0,5.18343E+20,5.50535E+21,9.25438E+15,4.97004E+16
91893,9,2,73,163,2018,8,18,6,3,0,7,0,0,1,0,0,0,0,0,7.04048E+20,5.39826E+21,1.17735E+16,4.87039E+16
91894,9,1,77,116,2018,8,15,3,3,2,6,0,0,1,0,0,0,0,0,7.14665E+20,5.35844E+21,1.18971E+16,4.83427E+16
91895,9,7,63,0,2018,8,10,6,3,1,6,0,0,1,0,0,0,1,1,5.99155E+20,5.28695E+21,1.03223E+16,4.77283E+16
91896,9,6,71,130,2018,8,8,4,3,5,6,0,0,1,0,1,0,0,0,5.15013E+20,5.53918E+21,9.2095E+15,5.00047E+16
91897,9,6,72,139,2018,8,13,6,3,2,6,0,0,1,0,0,0,0,0,5.67237E+20,5.5605E+21,9.94197E+15,5.01929E+16
91898,9,4,72,179,2018,8,15,1,2,8,1,0,0,0,0,1,0,0,0,6.73857E+20,5.51943E+21,1.14161E+16,4.98021E+16
91899,9,7,71,129,2018,8,17,6,3,2,6,0,0,1,0,0,0,0,1,6.60547E+20,5.3553E+21,1.11662E+16,4.83305E+16
91900,9,4,75,136,2018,8,7,2,3,3,6,0,0,1,0,0,0,0,0,6.98974E+20,5.57015E+21,1.17911E+16,5.025E+16
91901,9,5,62,0,2018,8,13,4,3,0,5,0,0,1,0,1,0,0,0,6.41784E+20,5.48896E+21,1.09597E+16,4.95367E+16
91902,9,6,62,0,2018,8,13,3,3,2,3,0,0,1,0,1,0,0,0,5.88036E+20,5.54552E+21,1.02298E+16,5.00554E+16
91903,9,7,77,169,2018,8,14,7,3,1,6,0,0,1,0,0,0,0,1,6.28579E+20,5.26952E+21,1.07094E+16,4.75664E+16
91904,9,1,79,142,2018,8,10,6,3,2,3,0,0,1,0,0,1,1,1,6.71026E+20,5.34137E+21,1.13018E+16,4.82025E+16
91905,9,5,62,0,2018,8,13,4,3,6,6,0,1,0,1,0,0,0,0,6.44687E+20,5.49542E+21,1.10021E+16,4.9594E+16
91906,9,1,74,113,2018,8,15,2,3,0,7,0,0,1,0,0,1,1,0,6.69648E+20,5.34901E+21,1.12863E+16,4.82715E+16
91907,9,5,63,0,2018,8,18,4,3,6,4,0,0,1,1,0,0,0,0,6.43958E+20,5.48076E+21,1.09867E+16,4.94624E+16
91908,9,5,63,0,2018,8,7,4,3,5,7,0,1,1,0,0,0,0,0,6.44257E+20,5.48228E+21,1.09914E+16,4.9476E+16
91909,9,3,76,151,2018,8,17,6,2,5,3,0,0,1,0,1,0,0,1,7.4937E+20,5.48331E+21,1.24409E+16,4.94512E+16
91910,9,7,61,0,2018,8,9,3,3,0,1,0,0,0,0,0,0,1,0,6.4304E+20,5.35825E+21,1.09311E+16,4.83612E+16
91911,9,1,62,0,2018,8,14,7,3,3,7,0,0,1,0,0,0,0,1,6.85029E+20,5.33537E+21,1.14875E+16,4.81446E+16
91912,9,5,64,0,2018,8,16,4,3,2,6,0,0,1,0,0,0,0,0,6.47884E+20,5.47344E+21,1.10381E+16,4.93957E+16
91913,9,1,83,138,2018,8,9,2,3,3,6,0,1,1,0,0,0,0,0,7.45439E+20,5.3446E+21,1.23037E+16,4.82071E+16
91914,9,5,64,0,2018,8,18,4,2,3,2,0,1,1,0,0,0,0,0,6.52408E+20,5.48232E+21,1.11038E+16,4.94744E+16
91915,9,2,73,152,2018,8,11,3,3,4,6,0,0,1,0,0,0,0,0,7.00946E+20,5.41407E+21,1.17391E+16,4.8847E+16
91916,9,3,73,112,2018,8,14,7,3,9,1,0,0,0,0,1,0,0,1,6.83391E+20,5.44709E+21,1.15149E+16,4.91493E+16
91917,9,5,64,0,2018,8,14,4,3,3,6,0,0,1,0,0,0,0,0,6.45338E+20,5.47831E+21,1.10048E+16,4.944E+16
91918,9,1,62,0,2018,8,16,2,3,3,2,0,1,0,0,1,0,0,0,6.93013E+20,5.33132E+21,1.15929E+16,4.81059E+16
91919,9,5,64,0,2018,8,17,4,3,5,2,0,1,1,0,0,0,0,0,6.53424E+20,5.47456E+21,1.11149E+16,4.94044E+16
91920,9,6,77,157,2018,8,16,6,3,2,6,0,0,1,0,0,0,0,0,5.39325E+20,5.51888E+21,9.54669E+15,4.9821E+16
91921,9,3,77,132,2018,8,21,1,3,0,7,2,0,0,0,1,0,0,0,7.23877E+20,5.52534E+21,1.21137E+16,4.98386E+16
91922,9,3,77,112,2018,8,15,2,3,5,3,0,0,1,0,0,0,0,0,7.48225E+20,5.52313E+21,1.24503E+16,4.98092E+16
91923,9,5,71,181,2018,8,15,4,3,2,6,0,0,1,0,0,0,0,0,5.88075E+20,5.46999E+21,1.02133E+16,4.93763E+16
91924,9,5,64,0,2018,8,5,3,3,5,2,1,1,1,0,0,0,0,0,6.54565E+20,5.48088E+21,1.1133E+16,4.94609E+16
91925,9,6,73,114,2018,8,14,7,3,5,1,0,1,0,0,1,0,0,1,5.86926E+20,5.57545E+21,1.02212E+16,5.03248E+16
91926,9,5,75,153,2018,8,14,4,3,8,1,0,0,1,0,0,0,0,0,6.15202E+20,5.49341E+21,1.05937E+16,4.95823E+16
91927,9,1,78,124,2018,8,15,2,3,2,2,0,0,1,0,0,0,0,0,7.03192E+20,5.36214E+21,1.17442E+16,4.83797E+16
91928,9,5,71,174,2018,8,17,4,3,2,7,0,0,1,0,0,0,0,0,6.01989E+20,5.46489E+21,1.04037E+16,4.93282E+16
91929,9,1,71,113,2018,8,13,3,3,2,6,0,0,1,0,0,0,0,0,7.79537E+20,5.33992E+21,1.27586E+16,4.8151E+16
91930,9,1,73,137,2018,8,21,7,3,4,2,2,0,1,0,0,0,0,1,6.80503E+20,5.3077E+21,1.1415E+16,4.78972E+16
91931,9,4,77,138,2018,8,18,4,2,4,6,0,0,1,0,1,0,0,0,6.90389E+20,5.55915E+21,1.16653E+16,5.01539E+16
91932,9,7,72,163,2018,8,10,1,3,9,1,0,0,1,0,0,0,0,0,6.38844E+20,5.3494E+21,1.08716E+16,4.82826E+16
91933,9,7,71,113,2018,8,13,2,3,3,2,0,1,1,0,0,0,0,0,6.57724E+20,5.36961E+21,1.11335E+16,4.84599E+16
91934,9,4,76,145,2018,8,18,4,3,2,6,0,0,1,0,0,0,1,0,6.6502E+20,5.56629E+21,1.13136E+16,5.02258E+16
91935,9,1,73,135,2018,8,16,3,3,4,1,0,0,1,0,1,0,0,0,6.91566E+20,5.27348E+21,1.15478E+16,4.75864E+16
91936,9,2,78,112,2018,8,13,7,3,5,3,0,0,1,0,1,0,0,0,7.57045E+20,5.42495E+21,1.25093E+16,4.8924E+16
91937,9,4,73,138,2018,8,14,4,3,0,1,0,1,0,0,0,0,0,0,6.37144E+20,5.55719E+21,1.09197E+16,5.01511E+16
91938,9,7,63,0,2018,8,15,2,3,2,6,0,0,1,0,0,0,0,0,5.99339E+20,5.28762E+21,1.03249E+16,4.77343E+16
91939,9,4,77,127,2018,8,8,4,2,4,6,0,0,0,0,0,0,1,0,6.79535E+20,5.55432E+21,1.15112E+16,5.0114E+16
91940,9,5,71,145,2018,8,8,6,2,5,3,0,0,1,0,1,0,0,0,5.96371E+20,5.44493E+21,1.03216E+16,4.91496E+16
91941,9,2,63,0,2018,8,14,1,3,0,1,0,1,0,0,0,0,0,0,7.61266E+20,5.42049E+21,1.25639E+16,4.88822E+16
91942,9,2,78,170,2018,8,15,2,3,5,2,0,0,1,0,1,0,0,0,7.61626E+20,5.42694E+21,1.2573E+16,4.894E+16
91943,9,4,77,128,2018,8,11,4,3,4,2,0,0,1,0,0,0,0,0,6.74772E+20,5.5526E+21,1.14439E+16,5.01E+16
91944,9,4,74,124,2018,8,9,3,3,9,1,0,0,0,0,1,0,0,0,6.60562E+20,5.50985E+21,1.12276E+16,4.97198E+16
91945,9,5,76,122,2018,8,15,7,3,3,6,0,0,1,0,0,1,0,0,6.72601E+20,5.43375E+21,1.13614E+16,4.90324E+16
91946,9,4,77,128,2018,8,8,4,3,2,6,0,0,1,0,0,0,0,0,6.74235E+20,5.55309E+21,1.14366E+16,5.01045E+16
91947,9,7,75,129,2018,8,19,1,2,2,6,0,0,1,0,1,0,0,0,5.83456E+20,5.3428E+21,1.01239E+16,4.8233E+16
91948,9,4,62,0,2018,8,12,4,3,2,6,0,0,1,0,0,0,0,0,6.86402E+20,5.5368E+21,1.15986E+16,4.99544E+16
91949,9,1,87,163,2018,8,17,3,3,2,6,0,0,1,0,0,0,0,0,7.39433E+20,5.30943E+21,1.22033E+16,4.78934E+16
91950,9,1,89,154,2018,8,4,7,3,4,6,2,0,1,0,0,1,0,1,7.69172E+20,5.31415E+21,1.26034E+16,4.79241E+16
91951,9,4,71,119,2018,8,7,4,3,7,7,0,0,0,0,1,1,0,0,6.346E+20,5.53729E+21,1.08771E+16,4.99728E+16
91952,9,6,76,119,2018,8,21,1,2,0,7,2,0,0,0,0,0,1,0,5.28194E+20,5.50228E+21,9.39076E+15,4.96724E+16
91953,9,6,76,160,2018,8,16,2,3,2,6,0,0,1,0,0,0,0,0,5.10902E+20,5.52706E+21,9.15179E+15,4.98958E+16
91954,9,4,74,121,2018,8,23,4,3,9,1,2,0,1,0,0,0,0,0,6.56306E+20,5.51721E+21,1.11715E+16,4.9787E+16
91955,9,3,75,175,2018,8,12,6,3,5,3,0,1,1,0,0,0,0,0,7.17033E+20,5.43519E+21,1.19693E+16,4.90314E+16
91956,9,1,61,0,2018,8,12,1,3,8,1,0,0,0,0,1,0,0,0,6.81422E+20,5.40479E+21,1.14691E+16,4.87697E+16
91957,9,2,76,128,2018,8,12,6,2,8,1,0,0,1,0,0,0,0,1,7.83944E+20,5.43928E+21,1.28857E+16,4.90409E+16
91958,9,1,90,158,2018,8,18,2,2,0,7,0,1,0,0,0,0,0,0,6.53985E+20,5.30143E+21,1.10583E+16,4.78478E+16
91959,9,6,74,133,2018,8,17,4,3,2,6,0,0,1,0,0,1,0,0,6.19841E+20,5.53751E+21,1.06715E+16,4.99779E+16
91960,9,3,71,127,2018,8,23,3,2,8,1,2,0,1,0,0,0,0,0,7.09965E+20,5.48859E+21,1.19008E+16,4.95136E+16
91961,9,4,71,207,2018,8,12,6,2,4,2,0,0,1,0,0,0,0,0,6.26104E+20,5.53212E+21,1.0757E+16,4.99281E+16
91962,9,2,79,127,2018,8,17,1,3,8,7,0,0,0,0,1,0,0,0,7.56922E+20,5.40093E+21,1.24926E+16,4.87085E+16
91963,9,2,72,141,2018,8,10,2,3,2,6,0,0,1,0,0,0,0,0,8.33326E+20,5.40646E+21,1.35327E+16,4.87219E+16
91964,9,4,74,135,2018,8,17,4,3,5,3,0,0,1,0,1,0,0,0,6.44559E+20,5.50628E+21,1.10044E+16,4.96917E+16
91965,9,3,73,167,2018,8,7,3,3,5,3,0,0,1,0,0,0,0,0,6.9612E+20,5.4525E+21,1.16919E+16,4.91939E+16
91966,9,5,64,0,2018,8,0,7,3,0,1,2,1,0,0,0,0,0,0,6.47294E+20,5.4804E+21,1.10326E+16,4.94584E+16
91967,9,4,74,121,2018,8,17,4,3,8,1,0,0,0,0,1,0,0,0,6.55317E+20,5.51788E+21,1.1158E+16,4.97933E+16
91968,9,4,61,0,2018,8,18,4,3,3,6,0,0,1,0,0,0,1,0,6.37036E+20,5.52742E+21,1.09076E+16,4.98835E+16
91969,9,1,74,146,2018,8,5,3,3,2,6,1,0,1,0,0,0,0,0,6.67306E+20,5.35069E+21,1.12555E+16,4.82873E+16
91970,9,1,71,137,2018,8,16,7,3,5,2,0,0,1,0,1,0,0,1,7.70873E+20,5.35202E+21,1.26501E+16,4.82634E+16
91971,9,4,71,159,2018,8,7,4,3,1,7,0,1,0,0,0,0,1,0,6.38087E+20,5.53239E+21,1.0924E+16,4.99279E+16
91972,9,7,72,178,2018,8,13,6,3,4,1,0,0,1,0,0,0,0,1,6.23082E+20,5.3427E+21,1.06573E+16,4.82255E+16
91973,9,5,72,137,2018,8,11,1,2,6,4,0,1,0,1,0,0,0,0,6.53189E+20,5.49113E+21,1.1118E+16,4.95533E+16
91974,9,5,74,164,2018,8,14,2,3,2,6,0,1,1,0,0,0,0,0,6.64487E+20,5.47584E+21,1.12678E+16,4.9413E+16
91975,9,3,77,158,2018,8,15,4,2,3,1,0,1,1,0,0,0,0,0,7.33876E+20,5.54431E+21,1.2264E+16,5.00052E+16
91976,9,3,71,136,2018,8,10,6,3,8,1,0,0,0,0,0,1,0,0,7.07796E+20,5.4754E+21,1.18639E+16,4.93958E+16
91977,9,1,81,114,2018,8,16,1,3,2,6,0,0,0,0,1,0,1,0,6.5665E+20,5.31533E+21,1.10989E+16,4.79721E+16
91978,9,3,74,144,2018,8,12,4,3,2,6,0,0,1,0,0,0,1,0,7.17826E+20,5.51087E+21,1.20216E+16,4.97109E+16
91979,9,1,72,114,2018,8,17,2,3,2,6,0,0,1,0,0,0,0,0,7.95418E+20,5.2981E+21,1.2943E+16,4.77684E+16
91980,9,3,72,171,2018,8,14,4,3,5,3,0,0,1,0,0,0,0,0,7.69174E+20,5.47703E+21,1.27093E+16,4.93864E+16