OBJECTID_1,ULAND,UREGBEZ,UKREIS,UGEMEINDE,UJAHR,UMONAT,USTUNDE,UWOCHENTAG,UKATEGORIE,UART,UTYP1,ULICHTVERH,IstRad,IstPKW,IstFuss,IstKrad,IstGkfz,IstSonstig,STRZUSTAND,LINREFX,LINREFY,XGCSWGS84,YGCSWGS84
92355,9,2,72,152,2018,8,16,4,2,5,3,0,0,0,0,1,0,1,0,8.13576E+20,5.4103E+21,1.32678E+16,4.87666E+16
92356,9,3,76,161,2018,9,13,3,3,2,6,0,0,1,0,1,0,0,0,7.28177E+20,5.47072E+21,1.21417E+16,4.93464E+16
92357,9,1,83,144,2018,9,9,7,3,8,1,0,0,1,0,0,0,0,1,7.39715E+20,5.35073E+21,1.22303E+16,4.82644E+16
92358,9,5,72,133,2018,8,15,5,3,2,6,0,0,1,0,0,0,0,0,6.37303E+20,5.50143E+21,1.09021E+16,4.96498E+16
92359,9,1,89,135,2018,9,14,2,1,4,6,0,0,1,0,0,1,0,0,7.85532E+20,5.31265E+21,1.28209E+16,4.79035E+16
92360,9,2,72,138,2018,8,17,4,3,0,6,0,0,1,0,1,0,0,0,8.26817E+20,5.41209E+21,1.34489E+16,4.87759E+16
92361,9,6,79,138,2018,8,14,6,2,5,3,0,0,1,0,0,0,0,0,5.68384E+20,5.49939E+21,9.94721E+15,4.96431E+16
92362,9,5,76,113,2018,8,3,5,2,2,6,2,0,1,0,0,1,1,1,6.61428E+20,5.45685E+21,1.12179E+16,4.92432E+16
92363,9,1,87,116,2018,9,17,3,3,2,2,0,0,1,0,0,0,0,0,7.44401E+20,5.32854E+21,1.22805E+16,4.80633E+16
92364,9,2,72,151,2018,9,3,1,3,9,1,2,0,1,0,0,0,0,1,8.35158E+20,5.40733E+21,1.35582E+16,4.87287E+16
92365,9,5,77,136,2018,9,17,1,3,8,1,0,0,1,0,0,0,0,1,6.29235E+20,5.44325E+21,1.07715E+16,4.91285E+16
92366,9,2,74,141,2018,8,10,4,2,5,3,0,0,1,0,1,0,0,0,7.26298E+20,5.39565E+21,1.2074E+16,4.86728E+16
92367,9,2,75,154,2018,8,17,6,3,4,1,0,0,1,0,0,0,0,1,8.0826E+20,5.3961E+21,1.31851E+16,4.86419E+16
92368,9,1,61,0,2018,8,10,6,3,1,6,0,0,1,0,0,0,0,0,6.79189E+20,5.40123E+21,1.14372E+16,4.87383E+16
92369,9,7,72,185,2018,9,22,2,3,8,1,2,0,1,0,0,0,0,0,6.34398E+20,5.38466E+21,1.0823E+16,4.86006E+16
92370,9,6,61,0,2018,9,13,3,3,7,7,0,1,0,0,0,0,0,0,5.09269E+20,5.5345E+21,9.12924E+15,4.99628E+16
92371,9,4,73,121,2018,9,16,7,3,5,3,0,0,1,0,0,0,0,0,6.48986E+20,5.56435E+21,1.10882E+16,5.02125E+16
92372,9,2,73,152,2018,8,21,4,3,2,6,2,0,1,0,0,0,0,1,7.04435E+20,5.40716E+21,1.17831E+16,4.87838E+16
92373,9,3,75,208,2018,9,17,2,3,1,6,0,0,1,0,0,0,0,1,7.3237E+20,5.44016E+21,1.21817E+16,4.90704E+16
92374,9,2,73,172,2018,8,14,4,2,5,2,0,0,1,0,1,0,0,0,7.08295E+20,5.40505E+21,1.18346E+16,4.87636E+16
92375,9,1,85,158,2018,9,11,7,3,0,3,0,0,1,0,1,0,0,1,6.67815E+20,5.37987E+21,1.1274E+16,4.85495E+16
92376,9,5,72,115,2018,8,6,5,2,0,1,0,1,0,0,0,0,0,1,6.4746E+20,5.50125E+21,1.10427E+16,4.96457E+16
92377,9,1,85,125,2018,9,7,2,2,5,3,0,0,1,0,1,0,0,0,6.48679E+20,5.39608E+21,1.10207E+16,4.87E+16
92378,9,2,79,134,2018,8,10,4,3,2,6,0,0,1,0,0,1,0,0,7.70978E+20,5.38878E+21,1.26753E+16,4.85934E+16
92379,9,5,76,113,2018,8,18,6,3,5,3,0,0,1,0,0,1,0,1,6.61257E+20,5.45778E+21,1.1216E+16,4.92515E+16
92380,9,5,77,161,2018,8,19,5,2,6,4,0,0,1,1,0,0,0,0,6.48229E+20,5.44405E+21,1.1032E+16,4.91314E+16
92381,9,1,75,111,2018,9,2,3,3,8,1,2,0,1,0,0,0,0,1,7.10784E+20,5.33791E+21,1.18346E+16,4.81594E+16
92382,9,1,76,167,2018,9,9,2,2,4,1,0,0,1,0,0,0,0,0,6.78143E+20,5.40942E+21,1.14265E+16,4.88122E+16
92383,9,2,73,137,2018,8,16,4,3,4,1,0,1,0,0,0,0,0,0,7.13994E+20,5.42074E+21,1.19202E+16,4.89026E+16
92384,9,6,76,160,2018,8,21,6,2,2,7,2,0,1,0,1,0,0,0,5.13845E+20,5.52978E+21,9.19287E+15,4.99202E+16
92385,9,5,71,205,2018,8,5,5,3,5,3,2,0,1,0,1,0,0,0,5.87911E+20,5.47496E+21,1.02122E+16,4.9421E+16
92386,9,1,76,161,2018,9,8,3,3,1,1,0,0,1,0,0,0,0,0,6.80788E+20,5.41764E+21,1.14662E+16,4.88853E+16
92387,9,1,81,146,2018,9,16,4,2,8,1,0,0,1,0,0,0,1,0,6.52122E+20,5.32657E+21,1.10423E+16,4.80743E+16
92388,9,1,89,118,2018,9,13,1,2,2,6,0,0,1,0,0,0,0,0,7.87013E+20,5.32223E+21,1.28471E+16,4.79889E+16
92389,9,4,73,121,2018,9,6,1,3,9,1,0,0,1,0,0,0,0,0,6.46218E+20,5.5652E+21,1.10497E+16,5.02208E+16
92390,9,2,73,111,2018,8,19,4,3,5,3,0,0,1,0,1,0,0,0,7.09156E+20,5.41072E+21,1.18491E+16,4.88143E+16
92391,9,2,74,141,2018,8,10,6,2,5,3,0,0,1,0,1,0,0,0,7.26298E+20,5.39565E+21,1.2074E+16,4.86728E+16
92392,9,6,75,150,2018,9,8,2,3,2,6,0,0,1,0,0,0,0,0,5.82627E+20,5.5005E+21,1.01447E+16,4.96513E+16
92393,9,1,73,134,2018,8,12,4,2,4,6,0,0,1,0,0,0,0,0,6.87033E+20,5.29825E+21,1.14982E+16,4.78104E+16
92394,9,5,76,151,2018,9,16,3,3,2,6,0,0,1,0,0,0,0,1,6.53364E+20,5.46806E+21,1.11115E+16,4.9346E+16
92395,9,3,77,154,2018,9,5,7,2,2,6,2,1,1,0,0,0,0,0,7.39927E+20,5.5287E+21,1.23386E+16,4.98626E+16
92396,9,1,73,133,2018,8,16,4,2,8,1,0,1,0,0,0,0,0,0,6.77428E+20,5.27997E+21,1.13626E+16,4.76487E+16
92397,9,2,63,0,2018,9,10,2,3,6,4,0,0,1,1,0,0,0,1,7.62251E+20,5.41792E+21,1.25757E+16,4.88587E+16
92398,9,1,89,140,2018,8,17,4,2,3,2,0,0,1,0,1,0,0,0,7.73263E+20,5.29113E+21,1.26435E+16,4.77157E+16
92399,9,1,81,130,2018,9,11,7,2,4,6,0,0,1,0,0,0,0,1,6.36991E+20,5.32309E+21,1.08381E+16,4.80463E+16
92400,9,4,79,169,2018,8,19,5,3,0,1,0,0,0,0,1,0,0,1,7.1464E+20,5.54731E+21,1.19976E+16,5.00393E+16
92401,9,1,81,130,2018,9,8,2,3,9,7,0,0,1,0,0,0,0,0,6.42115E+20,5.32194E+21,1.09065E+16,4.80349E+16
92402,9,1,83,116,2018,8,18,4,3,5,3,0,0,1,0,1,0,0,0,7.63612E+20,5.35321E+21,1.25532E+16,4.82772E+16
92403,9,5,73,130,2018,8,15,6,3,5,1,0,0,1,0,0,0,0,0,6.33722E+20,5.48525E+21,1.0847E+16,4.95051E+16
92404,9,1,62,0,2018,9,8,2,3,5,3,0,0,1,0,0,0,0,0,6.83949E+20,5.33204E+21,1.14715E+16,4.81151E+16
92405,9,7,75,135,2018,9,16,3,3,5,3,0,0,1,0,0,0,0,0,5.73622E+20,5.35908E+21,9.9943E+15,4.83806E+16
92406,9,7,74,119,2018,9,19,7,2,5,3,0,0,1,0,0,0,0,0,5.88043E+20,5.36013E+21,1.01892E+16,4.83882E+16
92407,9,3,72,117,2018,9,7,1,3,9,1,0,0,1,0,0,0,0,1,7.73114E+20,5.4541E+21,1.27478E+16,4.91788E+16
92408,9,1,83,131,2018,8,13,4,3,9,1,0,0,0,0,1,0,0,0,7.65409E+20,5.36255E+21,1.25833E+16,4.83602E+16
92409,9,1,72,118,2018,8,8,6,1,4,6,0,0,0,0,1,0,1,0,7.98794E+20,5.30681E+21,1.29939E+16,4.78451E+16
92410,9,1,71,112,2018,8,23,4,2,5,3,2,0,1,0,1,0,0,0,7.84633E+20,5.34189E+21,1.28283E+16,4.81664E+16
92411,9,5,64,0,2018,9,17,2,3,5,2,0,0,1,0,0,0,0,0,6.45276E+20,5.48756E+21,1.10074E+16,4.95232E+16
92412,9,1,71,133,2018,8,7,4,3,1,6,0,0,1,0,0,0,0,0,7.71557E+20,5.34634E+21,1.26557E+16,4.82121E+16
92413,9,4,75,169,2018,9,17,3,3,2,1,0,0,1,0,1,0,0,0,6.89556E+20,5.5722E+21,1.16601E+16,5.02715E+16
92414,9,2,74,184,2018,9,9,7,3,2,6,0,0,1,0,0,0,0,1,7.48414E+20,5.37167E+21,1.23596E+16,4.84491E+16
92415,9,1,74,147,2018,9,11,4,3,4,6,0,0,0,0,1,0,0,0,6.72177E+20,5.36841E+21,1.13283E+16,4.84453E+16
92416,9,1,84,129,2018,9,9,7,3,3,1,0,0,1,0,0,0,0,1,7.0193E+20,5.32693E+21,1.17104E+16,4.80637E+16
92417,9,3,74,121,2018,9,13,1,3,0,6,0,0,0,0,1,0,1,1,7.37258E+20,5.5171E+21,1.22944E+16,4.97595E+16
92418,9,1,87,176,2018,8,11,4,3,0,7,0,1,0,0,0,0,0,0,7.39507E+20,5.3289E+21,1.22152E+16,4.80684E+16
92419,9,1,90,157,2018,8,13,6,3,2,7,0,0,1,0,0,0,0,1,6.60749E+20,5.29943E+21,1.11479E+16,4.78281E+16
92420,9,6,72,136,2018,9,12,2,2,4,1,0,0,1,0,1,0,0,1,5.80253E+20,5.56425E+21,1.01251E+16,5.0225E+16
92421,9,1,63,0,2018,8,9,4,3,1,6,0,0,1,0,0,0,0,0,7.33801E+20,5.30494E+21,1.21257E+16,4.78553E+16
92422,9,5,75,152,2018,9,5,3,3,9,1,2,0,1,0,0,0,0,0,6.21679E+20,5.48097E+21,1.06795E+16,4.94691E+16
92423,9,2,75,153,2018,9,9,7,3,4,1,0,0,1,0,0,0,0,1,8.43013E+20,5.39514E+21,1.36545E+16,4.86152E+16
92424,9,1,82,114,2018,8,14,4,2,5,3,0,0,1,0,1,0,0,0,7.2104E+20,5.29379E+21,1.19496E+16,4.77595E+16
92425,9,2,79,132,2018,9,20,2,3,9,1,2,0,1,0,0,0,0,1,7.675E+20,5.39885E+21,1.26347E+16,4.86853E+16
92426,9,1,61,0,2018,8,17,4,3,8,7,0,0,1,0,0,1,0,0,6.80691E+20,5.40634E+21,1.14599E+16,4.87838E+16
92427,9,1,84,140,2018,8,5,6,3,0,7,2,0,0,0,1,0,0,0,6.99879E+20,5.32897E+21,1.16839E+16,4.80826E+16
92428,9,4,75,171,2018,8,4,5,2,8,1,2,0,1,0,0,0,0,1,6.97174E+20,5.5781E+21,1.177E+16,5.0322E+16
92429,9,7,73,125,2018,9,3,1,3,0,1,2,1,0,0,0,0,0,1,6.11991E+20,5.38288E+21,1.05187E+16,4.8589E+16
92430,9,1,61,0,2018,8,17,4,2,5,3,0,0,1,0,1,0,0,0,6.7549E+20,5.40489E+21,1.13885E+16,4.87723E+16
92431,9,4,73,141,2018,8,14,6,3,4,6,0,0,1,0,0,1,0,0,6.40797E+20,5.57342E+21,1.09768E+16,5.02961E+16
92432,9,1,78,143,2018,8,3,6,3,8,1,2,0,1,0,0,0,0,0,7.20558E+20,5.37302E+21,1.19842E+16,4.84716E+16
92433,9,7,74,144,2018,9,14,2,3,2,6,0,0,1,0,0,0,0,1,6.06806E+20,5.3632E+21,1.04434E+16,4.84129E+16
92434,9,7,77,111,2018,9,16,3,3,2,6,0,0,1,0,0,0,0,0,6.14181E+20,5.30031E+21,1.05261E+16,4.78459E+16
92435,9,7,61,0,2018,9,14,7,3,2,6,0,0,1,0,0,0,0,0,6.40961E+20,5.36053E+21,1.09038E+16,4.83822E+16
92436,9,1,61,0,2018,8,21,4,3,9,7,2,0,0,0,0,1,0,0,6.82226E+20,5.40615E+21,1.14807E+16,4.87816E+16
92437,9,1,87,179,2018,8,6,6,3,5,3,0,0,1,0,0,0,0,0,7.27363E+20,5.31452E+21,1.20448E+16,4.79436E+16
92438,9,1,61,0,2018,8,18,4,2,4,2,0,0,1,0,1,0,0,0,6.78845E+20,5.40578E+21,1.14345E+16,4.87793E+16
92439,9,4,78,116,2018,9,9,2,3,2,6,0,0,1,0,0,0,0,1,6.58269E+20,5.55789E+21,1.12155E+16,5.0152E+16
92440,9,1,61,0,2018,8,9,4,3,1,6,0,1,1,0,0,0,0,0,6.82466E+20,5.40518E+21,1.14835E+16,4.87728E+16
92441,9,3,72,112,2018,9,19,3,3,8,1,0,0,0,0,1,0,0,1,7.78156E+20,5.46679E+21,1.28256E+16,4.92904E+16
92442,9,1,80,127,2018,9,7,7,3,9,1,0,0,1,0,0,0,0,1,6.65584E+20,5.27722E+21,1.1204E+16,4.76272E+16
92443,9,4,64,0,2018,8,15,5,2,9,1,0,0,1,0,0,0,0,0,7.03483E+20,5.57682E+21,1.18578E+16,5.03084E+16
92444,9,1,89,140,2018,9,9,2,3,2,6,0,0,1,0,0,0,0,0,7.74149E+20,5.2943E+21,1.26573E+16,4.77437E+16
92445,9,1,86,162,2018,8,16,4,3,2,6,0,0,1,0,0,0,0,0,6.93473E+20,5.38335E+21,1.16229E+16,4.85733E+16
92446,9,7,79,131,2018,8,12,6,3,5,2,0,0,1,0,0,0,0,1,6.32323E+20,5.39574E+21,1.07984E+16,4.87007E+16
92447,9,4,76,145,2018,8,20,5,3,5,3,2,0,1,0,0,0,0,0,6.66346E+20,5.56778E+21,1.13328E+16,5.02388E+16
92448,9,1,89,127,2018,9,8,3,2,5,3,0,1,1,0,0,0,0,0,7.86371E+20,5.31821E+21,1.28358E+16,4.79531E+16
92449,9,2,75,120,2018,9,17,1,3,2,6,0,0,1,0,0,0,0,0,8.14992E+20,5.40306E+21,1.32815E+16,4.87009E+16
92450,9,1,84,120,2018,8,14,4,2,2,1,0,0,0,0,1,1,0,0,6.82422E+20,5.33315E+21,1.14515E+16,4.81254E+16
92451,9,2,73,166,2018,9,21,2,2,8,1,2,0,1,0,0,0,0,1,7.17123E+20,5.42053E+21,1.19627E+16,4.88997E+16
92452,9,1,62,0,2018,8,18,4,3,2,6,0,0,1,0,0,0,0,0,6.78765E+20,5.33682E+21,1.1404E+16,4.81595E+16
92453,9,7,78,144,2018,8,22,6,3,4,6,2,0,1,0,0,0,0,1,5.90481E+20,5.30302E+21,1.021E+16,4.78742E+16
92454,9,2,74,126,2018,9,9,3,3,4,2,0,0,1,0,0,1,0,0,7.33148E+20,5.38288E+21,1.21598E+16,4.85556E+16
92455,9,6,72,163,2018,9,15,1,3,8,1,0,0,0,0,1,0,0,1,5.64784E+20,5.58055E+21,9.91104E+15,5.03735E+16
92456,9,1,88,141,2018,8,16,4,3,0,1,0,1,0,0,0,0,0,0,6.69371E+20,5.3069E+21,1.12659E+16,4.78931E+16
92457,9,3,77,133,2018,8,19,6,3,9,1,2,0,1,0,0,0,0,1,7.08222E+20,5.53413E+21,1.1901E+16,4.99232E+16
92458,9,7,80,122,2018,9,9,2,3,5,3,0,1,1,0,0,0,0,0,6.01054E+20,5.29466E+21,1.03494E+16,4.77973E+16
92459,9,6,77,157,2018,9,14,3,3,8,1,0,0,0,0,0,1,0,0,5.41292E+20,5.52278E+21,9.57445E+15,4.9856E+16
92460,9,6,62,0,2018,9,9,7,3,0,7,0,0,0,0,1,0,0,0,5.85292E+20,5.54145E+21,1.01906E+16,5.00193E+16
92461,9,1,81,133,2018,8,16,4,2,8,1,0,0,0,0,1,0,0,0,6.40458E+20,5.31337E+21,1.08814E+16,4.79582E+16
92462,9,4,62,0,2018,9,16,2,3,0,1,0,0,0,0,1,0,0,1,6.88817E+20,5.53373E+21,1.16308E+16,4.99261E+16
92463,9,1,79,126,2018,8,21,4,3,1,7,2,0,1,1,1,0,0,1,6.76203E+20,5.34046E+21,1.1371E+16,4.81929E+16
92464,9,3,76,119,2018,9,7,3,3,0,1,0,0,0,0,1,0,0,1,7.1788E+20,5.4583E+21,1.19934E+16,4.92387E+16
92465,9,1,83,114,2018,9,14,7,3,8,1,0,0,1,0,0,0,0,1,7.42438E+20,5.35456E+21,1.22691E+16,4.82977E+16
92466,9,1,72,118,2018,9,15,2,3,3,6,0,1,0,0,1,0,0,0,7.96671E+20,5.30651E+21,1.29654E+16,4.78434E+16
92467,9,1,84,131,2018,8,16,4,3,2,6,0,0,1,0,0,0,0,0,7.04361E+20,5.33763E+21,1.17482E+16,4.81591E+16
92468,9,6,73,149,2018,8,6,6,3,9,1,1,0,1,0,0,0,0,0,5.76109E+20,5.59093E+21,1.00724E+16,5.04654E+16
92469,9,1,87,122,2018,9,11,3,3,2,6,0,0,1,0,0,0,0,1,7.20516E+20,5.30751E+21,1.19496E+16,4.78831E+16
92470,9,2,61,0,2018,9,16,1,3,5,2,0,1,1,0,0,0,0,0,7.32396E+20,5.38051E+21,1.21483E+16,4.85347E+16
92471,9,5,61,0,2018,9,16,1,3,3,7,0,0,1,0,1,0,0,0,6.13833E+20,5.46256E+21,1.05659E+16,4.93052E+16
92472,9,1,78,143,2018,8,5,4,3,2,6,2,0,1,0,0,0,0,0,7.21094E+20,5.37409E+21,1.1992E+16,4.84811E+16
92473,9,2,75,141,2018,8,11,6,3,2,6,0,0,1,0,0,1,0,0,8.17449E+20,5.36739E+21,1.32876E+16,4.83797E+16
92474,9,7,71,141,2018,9,15,2,1,3,6,0,0,1,0,1,0,0,0,6.56377E+20,5.37439E+21,1.11171E+16,4.85031E+16
92475,9,1,78,124,2018,8,12,4,3,3,6,0,1,0,0,0,0,0,0,7.03384E+20,5.36723E+21,1.17493E+16,4.84254E+16
92476,9,5,76,113,2018,9,23,3,3,9,7,2,0,1,0,0,0,0,0,6.60932E+20,5.45953E+21,1.12122E+16,4.92673E+16
92477,9,4,74,121,2018,9,14,7,3,5,2,0,1,0,0,0,0,1,0,6.57233E+20,5.51647E+21,1.11841E+16,4.97801E+16
92478,9,5,62,0,2018,9,11,1,3,0,1,0,0,1,0,0,0,0,1,6.44587E+20,5.49537E+21,1.10007E+16,4.95936E+16
92479,9,1,84,141,2018,8,9,3,3,9,1,0,0,1,0,0,0,0,0,6.97172E+20,5.31638E+21,1.16418E+16,4.79703E+16
92480,9,2,78,190,2018,8,15,6,3,2,6,0,0,1,0,0,0,0,1,7.63238E+20,5.42795E+21,1.25956E+16,4.89484E+16
92481,9,7,79,224,2018,9,15,2,2,1,7,0,0,1,0,0,1,0,0,6.09367E+20,5.41795E+21,1.04924E+16,4.89048E+16
92482,9,6,78,150,2018,9,6,3,3,9,1,1,0,1,0,0,0,0,0,5.91563E+20,5.5334E+21,1.02762E+16,4.9946E+16
92483,9,5,75,145,2018,9,15,7,2,8,7,0,0,0,0,1,0,0,0,6.21795E+20,5.48557E+21,1.06825E+16,4.95105E+16
92484,9,1,84,137,2018,8,11,3,3,0,7,0,0,0,0,1,0,0,0,7.07308E+20,5.31678E+21,1.17776E+16,4.79707E+16
92485,9,3,72,126,2018,9,9,2,3,5,3,0,0,1,0,0,0,0,0,7.78115E+20,5.46901E+21,1.28266E+16,4.93104E+16
92486,9,1,62,0,2018,8,6,3,3,4,6,0,1,0,0,0,0,0,0,6.85619E+20,5.3353E+21,1.14954E+16,4.81438E+16
92487,9,2,75,111,2018,9,15,3,3,5,3,0,0,1,0,0,0,0,0,8.16492E+20,5.40058E+21,1.32999E+16,4.86779E+16
92488,9,1,87,150,2018,9,12,7,3,3,6,0,1,1,0,0,0,0,1,7.2844E+20,5.30446E+21,1.20539E+16,4.78528E+16
92489,9,1,85,158,2018,9,18,2,2,4,1,0,0,1,0,0,0,0,0,6.68897E+20,5.38143E+21,1.12893E+16,4.85632E+16
92490,9,1,62,0,2018,8,17,3,3,1,6,0,1,1,0,0,0,0,0,6.88651E+20,5.33604E+21,1.15364E+16,4.81496E+16
92491,9,6,71,150,2018,8,8,6,3,0,7,0,0,0,0,1,0,0,0,5.17352E+20,5.53905E+21,9.24214E+15,5.00035E+16
92492,9,1,86,137,2018,9,7,3,3,4,2,0,0,1,0,0,0,0,1,6.84637E+20,5.39925E+21,1.15103E+16,4.87189E+16
92493,9,1,88,113,2018,9,16,4,3,5,3,0,0,1,0,0,0,0,0,6.76269E+20,5.31653E+21,1.1362E+16,4.79777E+16
92494,9,1,74,136,2018,9,1,1,3,9,7,2,0,1,0,0,0,0,1,6.81188E+20,5.36576E+21,1.14489E+16,4.84189E+16
92495,9,4,74,126,2018,9,4,1,3,8,7,2,0,1,0,0,0,0,0,6.47939E+20,5.50588E+21,1.1051E+16,4.96873E+16
92496,9,1,84,129,2018,8,8,3,3,4,2,0,0,1,0,0,1,0,0,7.01763E+20,5.32653E+21,1.1708E+16,4.80601E+16
92497,9,2,61,0,2018,8,15,6,3,1,6,0,0,1,0,0,1,0,1,7.31597E+20,5.38155E+21,1.2138E+16,4.85442E+16
92498,9,6,73,161,2018,9,11,2,3,2,6,0,0,1,0,0,0,0,1,5.86133E+20,5.57378E+21,1.02097E+16,5.03099E+16
92499,9,1,84,130,2018,8,16,3,3,2,6,0,0,1,0,0,0,0,0,6.98401E+20,5.34497E+21,1.16715E+16,4.82269E+16
92500,9,5,64,0,2018,9,9,3,3,2,6,0,0,1,0,0,0,1,0,6.50653E+20,5.48174E+21,1.10794E+16,4.94696E+16
92501,9,3,73,167,2018,9,14,7,2,3,6,0,0,1,0,0,0,0,0,6.93046E+20,5.4543E+21,1.16507E+16,4.9211E+16
92502,9,1,62,0,2018,8,8,3,3,4,2,0,1,1,0,0,0,0,0,6.94648E+20,5.33416E+21,1.16161E+16,4.81309E+16
92503,9,2,75,137,2018,9,17,2,3,2,7,0,1,1,0,0,0,0,0,8.41705E+20,5.38847E+21,1.36314E+16,4.85561E+16
92504,9,7,75,152,2018,8,13,3,3,1,6,0,0,1,0,0,0,0,0,5.767E+20,5.35415E+21,1.0035E+16,4.83359E+16
92505,9,1,77,113,2018,9,4,7,2,8,1,2,0,1,0,0,0,0,1,7.21472E+20,5.35291E+21,1.19859E+16,4.82906E+16
92506,9,1,81,127,2018,8,16,6,3,3,6,0,0,1,0,1,0,0,1,6.35508E+20,5.323E+21,1.08182E+16,4.80459E+16
92507,9,1,77,133,2018,9,5,2,3,5,3,0,0,1,0,0,0,0,0,7.09263E+20,5.36014E+21,1.18251E+16,4.83597E+16
92508,9,7,75,135,2018,8,16,3,3,2,6,0,0,1,0,0,0,1,0,5.73049E+20,5.35967E+21,9.98666E+15,4.8386E+16
92509,9,3,73,160,2018,9,11,2,2,0,1,0,0,0,0,1,0,0,1,6.95797E+20,5.4465E+21,1.16846E+16,4.91401E+16
92510,9,7,75,111,2018,8,23,3,2,0,7,2,1,0,0,0,0,1,0,5.82754E+20,5.33464E+21,1.01128E+16,4.81596E+16
92511,9,1,74,113,2018,9,15,7,3,2,6,0,0,1,0,0,0,0,1,6.79409E+20,5.34194E+21,1.14148E+16,4.82053E+16
92512,9,1,76,123,2018,9,13,2,3,3,6,0,1,1,0,0,0,0,0,6.58417E+20,5.4154E+21,1.11604E+16,4.88713E+16
92513,9,7,74,148,2018,8,8,3,3,0,3,0,0,1,0,1,0,0,0,5.94235E+20,5.36226E+21,1.02733E+16,4.84065E+16
92514,9,5,76,122,2018,8,12,6,3,9,1,0,0,1,0,0,0,0,0,6.69581E+20,5.43695E+21,1.13215E+16,4.9062E+16
92515,9,1,78,113,2018,9,7,3,3,0,1,0,0,0,0,1,0,0,1,6.91266E+20,5.36716E+21,1.15856E+16,4.84285E+16
92516,9,1,75,133,2018,9,16,4,3,0,7,0,1,0,0,0,0,0,0,7.07944E+20,5.34212E+21,1.17985E+16,4.81982E+16
92517,9,1,62,0,2018,9,12,7,3,2,6,0,0,1,0,0,0,0,1,6.91341E+20,5.33927E+21,1.1574E+16,4.81778E+16
92518,9,3,77,133,2018,9,13,1,3,9,1,0,0,1,0,0,0,0,1,7.08222E+20,5.53413E+21,1.1901E+16,4.99232E+16
92519,9,7,74,122,2018,8,20,3,2,9,1,2,0,1,0,0,0,0,0,6.06603E+20,5.35504E+21,1.04386E+16,4.83395E+16
92520,9,1,80,124,2018,8,9,6,3,8,1,0,0,1,0,0,0,0,1,6.61084E+20,5.28166E+21,1.11458E+16,4.76683E+16
92521,9,7,76,116,2018,8,12,3,3,5,3,0,0,1,0,1,0,0,0,5.55085E+20,5.26535E+21,9.73195E+15,4.75393E+16
92522,9,5,62,0,2018,9,15,2,3,6,3,0,0,1,1,0,0,0,0,6.43632E+20,5.49353E+21,1.09869E+16,4.95773E+16
92523,9,7,77,128,2018,8,19,3,3,4,2,0,0,1,0,0,0,0,0,6.17192E+20,5.30332E+21,1.05672E+16,4.78726E+16
92524,9,5,71,226,2018,9,1,3,3,9,7,2,0,1,0,0,0,0,0,6.38117E+20,5.45623E+21,1.08976E+16,4.92433E+16
92525,9,2,75,133,2018,9,10,7,3,2,6,0,0,1,0,0,0,0,1,8.28262E+20,5.38166E+21,1.34444E+16,4.85022E+16
92526,9,7,61,0,2018,8,12,3,3,2,6,0,0,1,0,0,1,1,0,6.37496E+20,5.35989E+21,1.08568E+16,4.83772E+16
92527,9,2,74,126,2018,9,9,2,3,0,6,0,0,1,0,1,0,0,0,7.33266E+20,5.38269E+21,1.21613E+16,4.85539E+16
92528,9,7,72,159,2018,8,11,3,2,1,1,0,0,1,0,1,0,0,0,6.26833E+20,5.36267E+21,1.07137E+16,4.84044E+16
92529,9,7,78,136,2018,8,16,6,2,5,3,0,0,1,0,0,0,0,0,5.98879E+20,5.32013E+21,1.03262E+16,4.80268E+16
92530,9,6,78,135,2018,9,11,1,3,3,6,0,0,1,0,0,0,0,0,5.9475E+20,5.54194E+21,1.03227E+16,5.00222E+16
92531,9,7,72,209,2018,8,8,3,3,2,6,0,0,1,0,0,0,1,0,6.34673E+20,5.33573E+21,1.0811E+16,4.81605E+16
92532,9,4,77,124,2018,8,9,6,3,8,1,0,0,1,0,0,0,0,0,6.66825E+20,5.54422E+21,1.13292E+16,5.00269E+16
92533,9,1,75,137,2018,8,7,6,2,8,1,1,0,1,0,0,0,0,0,7.26191E+20,5.33318E+21,1.2039E+16,4.81117E+16
92534,9,7,74,144,2018,9,14,2,3,9,1,0,0,1,0,0,0,0,1,6.05276E+20,5.36314E+21,1.04227E+16,4.84126E+16
92535,9,7,79,197,2018,9,12,3,2,0,7,0,1,0,0,0,0,0,0,6.17928E+20,5.42584E+21,1.06115E+16,4.89742E+16
92536,9,6,77,114,2018,9,19,7,2,8,1,0,0,1,0,0,0,0,0,5.66577E+20,5.53609E+21,9.92847E+15,4.99735E+16
92537,9,7,61,0,2018,8,19,3,3,0,1,0,1,0,0,0,0,0,0,6.39045E+20,5.36101E+21,1.08781E+16,4.83869E+16
92538,9,5,64,0,2018,9,11,2,3,5,3,0,0,1,0,0,0,0,0,6.53937E+20,5.48403E+21,1.11256E+16,4.94894E+16
92539,9,1,78,113,2018,9,13,6,2,2,6,0,0,1,0,1,0,0,0,6.91661E+20,5.36466E+21,1.15898E+16,4.84059E+16
92540,9,5,64,0,2018,9,11,3,3,2,6,0,0,1,0,0,1,0,0,6.51995E+20,5.48149E+21,1.10978E+16,4.9467E+16
92541,9,4,72,154,2018,9,15,7,3,2,6,0,0,1,0,1,0,0,0,6.64894E+20,5.53346E+21,1.12976E+16,4.99307E+16