OBJECTID_1,ULAND,UREGBEZ,UKREIS,UGEMEINDE,UJAHR,UMONAT,USTUNDE,UWOCHENTAG,UKATEGORIE,UART,UTYP1,ULICHTVERH,IstRad,IstPKW,IstFuss,IstKrad,IstGkfz,IstSonstig,STRZUSTAND,LINREFX,LINREFY,XGCSWGS84,YGCSWGS84
92542,9,1,90,157,2018,9,8,2,3,1,7,0,0,0,0,1,1,0,0,6.60646E+20,5.30113E+21,1.11471E+16,4.78434E+16
92543,9,1,84,149,2018,9,0,6,2,2,6,2,0,1,0,0,1,0,1,6.91202E+20,5.35237E+21,1.1578E+16,4.82956E+16
92544,9,1,87,165,2018,9,8,2,3,1,3,0,1,1,0,0,0,0,0,7.33587E+20,5.29951E+21,1.21199E+16,4.78065E+16
92545,9,1,75,132,2018,9,13,6,3,2,6,0,0,1,0,0,0,0,0,7.07041E+20,5.33037E+21,1.17806E+16,4.80929E+16
92546,9,1,80,122,2018,9,7,3,3,2,1,0,0,1,0,0,0,0,0,6.69688E+20,5.2622E+21,1.12528E+16,4.74911E+16
92547,9,1,75,135,2018,9,12,6,2,5,3,0,1,1,0,0,0,0,0,7.08332E+20,5.33902E+21,1.18022E+16,4.81703E+16
92548,9,1,74,122,2018,9,9,7,3,5,3,0,0,1,0,1,0,0,0,6.84546E+20,5.35314E+21,1.14887E+16,4.83045E+16
92549,9,7,73,147,2018,9,12,1,3,3,6,0,0,1,0,1,0,0,0,6.06394E+20,5.39101E+21,1.04449E+16,4.86631E+16
92550,9,1,73,111,2018,9,11,1,3,5,6,0,0,1,0,1,0,0,0,6.81759E+20,5.29033E+21,1.14245E+16,4.77407E+16
92551,9,7,79,162,2018,9,17,2,3,4,1,0,0,1,0,0,0,0,0,6.12631E+20,5.40344E+21,1.0533E+16,4.87737E+16
92552,9,1,75,132,2018,9,10,6,3,2,6,0,0,1,0,0,0,0,1,7.06076E+20,5.33082E+21,1.17679E+16,4.80973E+16
92553,9,5,62,0,2018,9,14,6,3,2,6,0,0,1,0,0,0,0,0,6.44274E+20,5.49484E+21,1.09962E+16,4.95889E+16
92554,9,4,71,159,2018,9,22,1,3,8,1,2,0,1,0,0,0,0,0,6.39701E+20,5.5338E+21,1.0947E+16,4.99402E+16
92555,9,7,73,125,2018,9,14,7,2,5,3,0,0,1,0,1,0,0,0,6.10795E+20,5.38073E+21,1.05019E+16,4.85699E+16
92556,9,4,71,185,2018,9,17,2,2,8,1,0,0,0,0,1,0,0,0,6.50358E+20,5.53837E+21,1.10972E+16,4.99787E+16
92557,9,1,78,124,2018,9,8,6,2,5,1,0,1,1,0,0,0,0,1,7.03896E+20,5.36481E+21,1.1755E+16,4.84035E+16
92558,9,4,71,165,2018,9,13,3,3,1,6,0,0,1,0,0,1,0,0,6.27806E+20,5.53266E+21,1.07809E+16,4.99326E+16
92559,9,2,78,192,2018,9,10,7,3,5,3,0,0,1,0,0,0,1,0,7.72909E+20,5.41549E+21,1.27191E+16,4.88324E+16
92560,9,1,88,124,2018,9,16,2,3,0,7,0,1,0,0,0,0,0,0,6.62431E+20,5.31846E+21,1.11775E+16,4.79988E+16
92561,9,1,75,124,2018,9,11,6,1,4,6,0,0,1,0,1,0,0,1,7.13653E+20,5.32937E+21,1.18688E+16,4.80818E+16
92562,9,1,87,132,2018,9,11,3,3,2,6,0,0,1,0,0,0,0,0,7.47072E+20,5.30028E+21,1.23001E+16,4.78084E+16
92563,9,1,62,0,2018,9,19,5,3,2,6,1,0,1,0,0,0,0,1,6.8804E+20,5.32788E+21,1.15246E+16,4.80764E+16
92564,9,7,76,116,2018,9,9,6,3,0,3,0,0,1,0,0,0,0,0,5.53301E+20,5.26944E+21,9.70875E+15,4.75761E+16
92565,9,6,72,131,2018,9,13,1,3,8,1,0,0,1,0,0,0,0,0,5.8686E+20,5.56166E+21,1.02171E+16,5.02007E+16
92566,9,1,87,163,2018,9,0,1,3,2,6,2,0,1,0,0,0,0,0,7.35922E+20,5.30932E+21,1.21564E+16,4.78938E+16
92567,9,6,75,141,2018,9,10,2,3,8,6,0,0,1,0,0,0,0,0,5.84171E+20,5.51106E+21,1.01683E+16,4.97461E+16
92568,9,1,62,0,2018,9,18,5,3,4,2,0,0,1,0,0,0,0,0,6.7795E+20,5.33531E+21,1.13924E+16,4.81461E+16
92569,9,1,89,120,2018,9,15,3,3,2,1,0,0,1,0,1,0,0,0,7.56467E+20,5.2983E+21,1.24242E+16,4.77869E+16
92570,9,1,62,0,2018,9,21,5,2,5,2,2,0,1,0,0,0,1,1,6.86257E+20,5.33179E+21,1.15024E+16,4.81122E+16
92571,9,1,62,0,2018,9,16,6,3,2,6,0,0,1,0,0,0,0,0,6.9516E+20,5.33783E+21,1.16247E+16,4.81638E+16
92572,9,7,61,0,2018,9,17,1,3,0,6,0,0,1,0,1,0,0,0,6.41475E+20,5.35415E+21,1.09086E+16,4.83247E+16
92573,9,2,75,154,2018,9,7,6,3,8,1,0,0,1,0,0,0,0,0,8.07657E+20,5.39136E+21,1.31734E+16,4.85996E+16
92574,9,1,89,159,2018,9,19,1,2,1,3,0,0,1,0,0,0,0,0,7.60489E+20,5.30437E+21,1.24815E+16,4.78398E+16
92575,9,7,71,145,2018,9,16,2,3,5,3,0,0,1,0,0,0,0,0,6.44028E+20,5.34768E+21,1.09408E+16,4.8266E+16
92576,9,1,62,0,2018,9,18,5,3,2,6,0,0,1,0,0,0,1,0,6.90632E+20,5.33201E+21,1.15612E+16,4.81128E+16
92577,9,1,89,157,2018,9,5,4,3,5,3,1,0,1,0,0,1,0,0,7.65153E+20,5.32549E+21,1.25567E+16,4.80276E+16
92578,9,5,73,120,2018,9,13,6,3,2,6,0,0,1,0,0,0,0,0,6.27328E+20,5.4836E+21,1.07582E+16,4.94916E+16
92579,9,6,78,160,2018,9,7,7,3,8,1,0,0,1,0,0,0,0,0,5.82093E+20,5.54676E+21,1.01471E+16,5.00674E+16
92580,9,3,75,210,2018,9,23,2,2,1,1,2,0,0,0,0,1,0,0,7.44935E+20,5.43271E+21,1.23489E+16,4.89986E+16
92581,9,1,84,148,2018,9,10,5,3,5,3,0,0,1,0,1,0,0,0,6.94105E+20,5.32761E+21,1.16058E+16,4.80722E+16
92582,9,3,75,117,2018,9,12,3,3,2,1,0,0,0,0,0,1,0,0,7.42249E+20,5.43217E+21,1.23119E+16,4.89948E+16
92583,9,2,75,119,2018,9,17,7,3,5,2,0,0,1,0,0,0,0,0,8.32134E+20,5.39948E+21,1.35109E+16,4.866E+16
92584,9,1,78,143,2018,9,9,2,3,3,6,0,0,1,0,1,0,0,0,7.16659E+20,5.37202E+21,1.1931E+16,4.84639E+16
92585,9,1,84,119,2018,9,22,5,3,4,2,2,0,0,0,1,1,0,1,6.95571E+20,5.34724E+21,1.16345E+16,4.82481E+16
92586,9,1,86,143,2018,9,19,3,3,8,1,0,0,1,0,0,0,0,0,6.90163E+20,5.37841E+21,1.15758E+16,4.85299E+16
92587,9,1,62,0,2018,9,18,5,3,1,6,1,0,1,0,0,0,0,0,6.88287E+20,5.34462E+21,1.15353E+16,4.82268E+16
92588,9,7,61,0,2018,9,10,6,3,4,1,0,0,1,0,0,0,0,0,6.41912E+20,5.35763E+21,1.09157E+16,4.83559E+16
92589,9,5,62,0,2018,9,2,1,3,0,7,2,1,0,0,0,0,0,0,6.4178E+20,5.49108E+21,1.09604E+16,4.95557E+16
92590,9,1,81,128,2018,9,0,1,3,4,6,2,1,0,0,0,0,0,0,6.39117E+20,5.32787E+21,1.08682E+16,4.80889E+16
92591,9,6,74,147,2018,9,21,2,2,0,1,2,1,0,0,0,0,0,0,6.09288E+20,5.54566E+21,1.05267E+16,5.00532E+16
92592,9,1,62,0,2018,9,8,5,3,2,6,0,0,1,0,0,0,0,0,6.89065E+20,5.33135E+21,1.15399E+16,4.81073E+16
92593,9,3,72,169,2018,9,22,6,3,3,6,2,0,1,0,0,0,0,0,7.43333E+20,5.4484E+21,1.23365E+16,4.91402E+16
92594,9,5,72,133,2018,9,17,3,3,2,6,0,0,1,0,0,0,0,0,6.37336E+20,5.49975E+21,1.0902E+16,4.96347E+16
92595,9,5,73,114,2018,9,14,7,2,0,1,0,1,0,0,0,0,0,0,6.34889E+20,5.48136E+21,1.08618E+16,4.94699E+16
92596,9,2,73,178,2018,9,6,2,3,8,1,0,0,1,0,0,0,0,0,7.10157E+20,5.38722E+21,1.18508E+16,4.86027E+16
92597,9,7,75,162,2018,9,13,5,2,3,6,0,1,1,0,0,0,0,0,5.79568E+20,5.34739E+21,1.00724E+16,4.82748E+16
92598,9,1,89,143,2018,9,18,2,3,4,2,0,0,1,0,1,0,0,0,7.61483E+20,5.3169E+21,1.25023E+16,4.7952E+16
92599,9,2,71,143,2018,9,16,3,3,2,6,0,0,1,0,0,1,0,0,7.7785E+20,5.40885E+21,1.27818E+16,4.87705E+16
92600,9,4,74,121,2018,9,11,6,3,2,6,0,0,1,0,0,0,0,1,6.57565E+20,5.51692E+21,1.11889E+16,4.97841E+16
92601,9,6,62,0,2018,9,17,3,3,0,1,0,1,0,0,0,0,0,0,5.87417E+20,5.54325E+21,1.02207E+16,5.00351E+16
92602,9,6,61,0,2018,9,17,7,3,5,3,0,0,1,0,1,0,0,0,5.12774E+20,5.53437E+21,9.1781E+15,4.99615E+16
92603,9,3,76,116,2018,9,18,2,3,0,1,0,1,0,0,0,0,0,0,7.41749E+20,5.46317E+21,1.23237E+16,4.92734E+16
92604,9,7,74,140,2018,9,6,5,3,9,1,1,0,1,0,0,0,0,0,6.06219E+20,5.36561E+21,1.04361E+16,4.84347E+16
92605,9,3,73,160,2018,9,7,3,3,3,2,0,0,1,0,0,0,0,0,6.92781E+20,5.45155E+21,1.16457E+16,4.91864E+16
92606,9,7,74,121,2018,9,18,5,3,2,1,0,0,1,0,0,0,1,0,6.0209E+20,5.36553E+21,1.03802E+16,4.84347E+16
92607,9,2,74,128,2018,9,17,7,2,9,7,0,1,0,0,0,0,0,0,7.38606E+20,5.39035E+21,1.22379E+16,4.86207E+16
92608,9,1,84,121,2018,9,14,1,2,0,7,0,0,1,0,1,0,0,0,7.04303E+20,5.32702E+21,1.17423E+16,4.80637E+16
92609,9,7,74,121,2018,9,7,5,3,9,1,0,0,1,0,0,0,0,1,5.99417E+20,5.36567E+21,1.03441E+16,4.84364E+16
92610,9,1,88,120,2018,9,8,3,3,4,2,0,0,1,0,1,0,0,0,6.7726E+20,5.32649E+21,1.13794E+16,4.8067E+16
92611,9,1,84,147,2018,9,22,2,3,2,6,2,0,1,0,0,0,0,0,6.95532E+20,5.33991E+21,1.16306E+16,4.81823E+16
92612,9,7,76,127,2018,9,13,5,3,5,3,0,0,1,0,0,0,0,0,5.75664E+20,5.27343E+21,1.00068E+16,4.76099E+16
92613,9,6,75,141,2018,9,13,6,3,2,6,0,0,1,0,0,0,0,0,5.82829E+20,5.51028E+21,1.01496E+16,4.97393E+16
92614,9,5,63,0,2018,9,10,1,3,5,3,0,0,1,0,0,0,0,0,6.40848E+20,5.48865E+21,1.09466E+16,4.95341E+16
92615,9,1,84,112,2018,9,10,7,3,2,6,0,0,1,0,0,0,0,0,7.01747E+20,5.3394E+21,1.17139E+16,4.81757E+16
92616,9,5,76,122,2018,9,9,2,3,8,1,0,0,0,0,0,0,1,0,6.72043E+20,5.43464E+21,1.13542E+16,4.90407E+16
92617,9,7,76,116,2018,9,11,5,2,0,1,0,0,0,0,1,0,0,0,5.50565E+20,5.27098E+21,9.67255E+15,4.75902E+16
92618,9,5,64,0,2018,9,8,3,3,1,6,0,0,1,0,0,0,0,0,6.46384E+20,5.47844E+21,1.10193E+16,4.94409E+16
92619,9,4,78,165,2018,9,15,7,3,4,1,0,0,1,0,1,0,0,0,6.44416E+20,5.55347E+21,1.102E+16,5.01159E+16
92620,9,1,80,133,2018,9,18,2,3,0,6,0,0,0,0,1,0,1,0,6.65064E+20,5.28778E+21,1.1201E+16,4.77222E+16
92621,9,7,77,135,2018,9,11,5,3,8,1,0,0,0,0,1,0,0,0,6.23173E+20,5.27393E+21,1.06388E+16,4.7607E+16
92622,9,1,72,116,2018,9,14,2,2,5,3,0,0,1,0,1,0,0,0,8.01639E+20,5.28407E+21,1.30161E+16,4.76397E+16
92623,9,7,73,122,2018,9,16,5,3,1,6,0,0,1,0,0,0,0,0,6.26015E+20,5.38632E+21,1.07098E+16,4.86172E+16
92624,9,2,79,122,2018,9,17,3,3,2,6,0,0,1,0,0,0,0,0,7.75909E+20,5.39412E+21,1.27456E+16,4.86392E+16
92625,9,7,72,147,2018,9,22,5,3,8,1,2,0,1,0,0,0,0,1,6.38341E+20,5.36799E+21,1.08709E+16,4.84498E+16
92626,9,1,76,120,2018,9,9,7,3,2,6,0,0,1,0,0,0,0,0,6.80888E+20,5.42131E+21,1.14691E+16,4.89182E+16
92627,9,7,79,201,2018,9,15,1,3,8,1,0,0,1,0,0,0,0,0,6.43355E+20,5.39171E+21,1.09468E+16,4.8662E+16
92628,9,6,73,129,2018,9,16,5,3,8,1,0,0,1,0,0,0,0,0,5.78499E+20,5.59308E+21,1.01065E+16,5.04844E+16
92629,9,1,90,111,2018,9,11,1,2,0,7,0,1,0,0,0,0,0,0,6.38046E+20,5.29603E+21,1.08436E+16,4.78028E+16
92630,9,7,75,162,2018,9,13,2,3,6,7,0,0,1,1,0,0,0,0,5.79834E+20,5.34761E+21,1.0076E+16,4.82767E+16
92631,9,6,73,142,2018,9,5,5,3,0,1,2,1,1,0,0,0,0,0,5.92361E+20,5.58664E+21,1.03003E+16,5.04245E+16
92632,9,5,74,164,2018,9,17,6,3,2,6,0,0,1,0,0,0,0,0,6.66185E+20,5.4747E+21,1.12907E+16,4.94023E+16
92633,9,6,72,114,2018,9,12,5,3,6,4,0,0,1,1,0,0,0,0,5.77028E+20,5.55933E+21,1.00789E+16,5.01811E+16
92634,9,1,73,135,2018,9,13,7,2,2,6,0,0,1,0,1,0,0,0,6.934E+20,5.27521E+21,1.1573E+16,4.76015E+16
92635,9,7,76,126,2018,9,14,1,2,0,1,0,0,0,0,1,0,0,0,5.61359E+20,5.27151E+21,9.81618E+15,4.75941E+16
92636,9,6,76,139,2018,9,9,5,1,4,1,0,0,1,0,0,0,0,0,5.21381E+20,5.50603E+21,9.29654E+15,4.97064E+16
92637,9,1,74,115,2018,9,12,3,3,3,2,0,0,1,0,1,0,0,0,6.81479E+20,5.34681E+21,1.14447E+16,4.82485E+16
92638,9,2,72,149,2018,9,12,1,2,9,6,0,0,1,0,1,0,0,0,8.16602E+20,5.42764E+21,1.33223E+16,4.89206E+16
92639,9,7,75,135,2018,9,14,2,3,5,3,0,0,1,0,0,0,0,0,5.7444E+20,5.36106E+21,1.00057E+16,4.83983E+16
92640,9,5,74,152,2018,9,12,5,3,3,6,0,0,1,0,0,1,0,0,6.63038E+20,5.48161E+21,1.12502E+16,4.94653E+16
92641,9,6,76,145,2018,9,14,6,3,9,1,0,0,1,0,0,0,0,0,5.10833E+20,5.52115E+21,9.15067E+15,4.98427E+16
92642,9,5,77,136,2018,9,17,1,3,5,3,0,0,1,0,0,0,0,0,6.23444E+20,5.43971E+21,1.06911E+16,4.90979E+16
92643,9,7,75,135,2018,9,3,7,3,2,6,2,0,1,0,0,0,0,0,5.77317E+20,5.35995E+21,1.00443E+16,4.8388E+16
92644,9,5,73,123,2018,9,8,2,3,5,2,0,0,1,0,0,0,0,0,6.39358E+20,5.48817E+21,1.09259E+16,4.95301E+16
92645,9,5,74,152,2018,9,12,5,3,2,6,0,0,1,0,0,0,0,0,6.63116E+20,5.48175E+21,1.12513E+16,4.94665E+16
92646,9,1,89,119,2018,9,17,4,3,8,1,0,1,0,0,0,0,0,0,7.67619E+20,5.30975E+21,1.25799E+16,4.78852E+16
92647,9,5,64,0,2018,9,10,3,1,2,2,0,0,1,0,1,0,1,0,6.51947E+20,5.46907E+21,1.10924E+16,4.93554E+16
92648,9,3,74,164,2018,9,17,7,3,8,1,0,0,0,0,1,0,0,0,7.50771E+20,5.50383E+21,1.24732E+16,4.96349E+16
92649,9,1,90,117,2018,9,2,2,1,8,7,2,1,0,0,0,0,0,0,6.5325E+20,5.29318E+21,1.10455E+16,4.77738E+16
92650,9,5,62,0,2018,9,23,5,3,0,7,2,1,0,0,0,0,0,1,6.43554E+20,5.49335E+21,1.09857E+16,4.95757E+16
92651,9,1,76,139,2018,9,11,2,2,4,2,0,0,1,0,0,0,0,0,6.8372E+20,5.40982E+21,1.15026E+16,4.88142E+16
92652,9,5,62,0,2018,9,18,5,2,0,7,0,1,0,0,0,0,0,0,6.45924E+20,5.49337E+21,1.10185E+16,4.95753E+16
92653,9,1,89,113,2018,9,11,3,3,5,3,0,0,1,0,0,0,0,0,7.68809E+20,5.30026E+21,1.25899E+16,4.77995E+16
92654,9,5,65,0,2018,9,13,5,3,2,6,0,0,1,0,0,0,0,0,6.47382E+20,5.4698E+21,1.10299E+16,4.93631E+16
92655,9,1,74,122,2018,9,13,7,2,4,2,0,0,1,0,1,0,0,0,6.83285E+20,5.35144E+21,1.1471E+16,4.82896E+16
92656,9,7,72,147,2018,9,12,1,2,2,6,0,0,1,0,0,0,0,0,6.34345E+20,5.36447E+21,1.08158E+16,4.84191E+16
92657,9,2,77,111,2018,9,6,6,3,0,6,0,0,0,0,1,0,0,0,7.79956E+20,5.38372E+21,1.27934E+16,4.8544E+16
92658,9,1,89,159,2018,9,18,1,2,0,6,0,0,0,0,1,0,0,0,7.56563E+20,5.30352E+21,1.24286E+16,4.78338E+16
92659,9,7,79,167,2018,9,16,2,3,4,2,0,0,1,0,0,0,1,0,6.24764E+20,5.41012E+21,1.07001E+16,4.88315E+16
92660,9,5,63,0,2018,9,16,5,2,5,3,0,0,1,0,0,0,1,0,6.43498E+20,5.48274E+21,1.09811E+16,4.94803E+16
92661,9,1,72,132,2018,9,19,4,2,0,7,0,1,0,0,0,0,0,0,7.98976E+20,5.27959E+21,1.29777E+16,4.76007E+16
92662,9,5,63,0,2018,9,10,6,3,0,7,0,0,0,0,1,0,0,1,6.43881E+20,5.48114E+21,1.09858E+16,4.94658E+16
92663,9,4,71,220,2018,9,10,7,3,2,6,0,0,1,0,0,0,0,0,6.17179E+20,5.5117E+21,1.06265E+16,4.97463E+16
92664,9,4,61,0,2018,9,7,2,3,1,5,0,0,1,0,0,0,0,0,6.33736E+20,5.52956E+21,1.08624E+16,4.99035E+16
92665,9,5,64,0,2018,9,22,5,3,5,2,2,1,1,0,0,0,0,1,6.47708E+20,5.48022E+21,1.10382E+16,4.94567E+16
92666,9,3,74,111,2018,9,13,3,3,4,2,0,0,1,0,0,0,0,0,7.27608E+20,5.51208E+21,1.21577E+16,4.97181E+16
92667,9,2,75,154,2018,9,12,6,3,1,6,0,0,1,0,0,0,0,0,8.07221E+20,5.39453E+21,1.31698E+16,4.86283E+16
92668,9,4,77,148,2018,9,13,1,3,2,6,0,0,0,0,1,0,0,0,6.82874E+20,5.56748E+21,1.15642E+16,5.02312E+16
92669,9,1,90,133,2018,9,19,7,3,0,1,0,0,0,0,1,0,0,0,6.33429E+20,5.29721E+21,1.07823E+16,4.78144E+16
92670,9,4,72,111,2018,9,18,2,3,9,1,0,0,1,0,0,0,0,0,6.74755E+20,5.52158E+21,1.14295E+16,4.98212E+16
92671,9,5,77,177,2018,9,8,5,3,2,6,0,0,1,0,0,0,0,0,6.4602E+20,5.43165E+21,1.09972E+16,4.90204E+16
92672,9,4,72,118,2018,9,16,3,3,2,6,0,0,1,0,0,0,0,0,6.70231E+20,5.5052E+21,1.13596E+16,4.96753E+16
92673,9,3,71,126,2018,9,16,7,3,4,2,0,0,0,0,1,0,1,0,7.0295E+20,5.49229E+21,1.18059E+16,4.95492E+16
92674,9,5,71,145,2018,9,8,5,3,2,2,0,0,1,0,0,0,0,0,5.95069E+20,5.45196E+21,1.03054E+16,4.9213E+16
92675,9,1,81,130,2018,9,15,2,3,2,6,0,0,1,0,0,0,0,0,6.38924E+20,5.32546E+21,1.08648E+16,4.80673E+16
92676,9,5,71,196,2018,9,16,5,3,5,3,0,0,1,0,1,0,0,0,6.18935E+20,5.46038E+21,1.06354E+16,4.92846E+16
92677,9,1,71,137,2018,9,16,3,3,5,3,0,0,1,0,1,0,0,0,7.72021E+20,5.35116E+21,1.2665E+16,4.82552E+16
92678,9,4,75,113,2018,9,23,5,3,9,1,2,0,1,0,0,0,0,1,6.97838E+20,5.58233E+21,1.17815E+16,5.03598E+16
92679,9,7,75,135,2018,9,18,6,3,2,6,0,0,1,0,1,0,0,0,5.77733E+20,5.35809E+21,1.00496E+16,4.83712E+16
92680,9,6,75,150,2018,9,15,1,3,7,7,0,0,1,0,0,0,1,0,5.8486E+20,5.4949E+21,1.01744E+16,4.96007E+16
92681,9,2,79,137,2018,9,15,6,3,8,1,0,0,1,0,0,0,0,1,7.76774E+20,5.40722E+21,1.27661E+16,4.87564E+16
92682,9,1,72,129,2018,9,11,1,3,0,6,0,0,1,0,1,0,0,0,7.94681E+20,5.27973E+21,1.29207E+16,4.76039E+16
92683,9,6,79,204,2018,9,10,2,3,8,1,0,0,1,0,0,0,0,0,5.56633E+20,5.51351E+21,9.78651E+15,4.97714E+16
92684,9,4,73,170,2018,9,7,5,3,4,6,0,0,1,0,0,0,0,0,6.41587E+20,5.56028E+21,1.0983E+16,5.01778E+16
92685,9,5,71,130,2018,9,17,6,3,2,2,0,0,1,0,0,0,1,0,6.02687E+20,5.46747E+21,1.04139E+16,4.93513E+16
92686,9,6,78,115,2018,9,11,7,3,0,3,0,0,1,0,1,0,0,0,5.85071E+20,5.54107E+21,1.01874E+16,5.00159E+16
92687,9,3,72,157,2018,9,18,2,3,5,3,0,0,1,0,0,0,0,0,7.60492E+20,5.47652E+21,1.25896E+16,4.93856E+16
92688,9,4,76,175,2018,9,21,5,3,4,1,2,0,1,0,0,0,0,1,6.67396E+20,5.58714E+21,1.13561E+16,5.04124E+16
92689,9,3,75,148,2018,9,15,3,3,4,6,0,0,1,0,0,0,0,0,6.96144E+20,5.43898E+21,1.16857E+16,4.90724E+16
92690,9,4,78,111,2018,9,16,5,1,4,1,0,0,1,0,1,0,0,1,6.64629E+20,5.55434E+21,1.13029E+16,5.01185E+16
92691,9,2,77,119,2018,9,9,7,3,2,6,0,0,1,0,0,0,0,0,7.75861E+20,5.37578E+21,1.27328E+16,4.84746E+16
92692,9,1,77,117,2018,9,7,2,3,4,6,0,0,1,0,0,0,0,0,7.13301E+20,5.35455E+21,1.18767E+16,4.83081E+16
92693,9,4,74,126,2018,9,18,5,1,4,1,0,0,1,0,1,0,0,0,6.53195E+20,5.5107E+21,1.11258E+16,4.97293E+16
92694,9,1,76,123,2018,9,17,3,3,2,2,0,0,1,0,1,0,0,0,6.6238E+20,5.41768E+21,1.12153E+16,4.88908E+16
92695,9,4,71,128,2018,9,17,5,2,8,1,0,0,0,0,1,0,0,1,6.0476E+20,5.52276E+21,1.04572E+16,4.98481E+16
92696,9,6,79,154,2018,9,11,6,2,1,6,0,0,1,0,1,0,0,0,5.61269E+20,5.51097E+21,9.85049E+15,4.97481E+16
92697,9,2,77,138,2018,9,8,7,3,5,3,0,0,1,0,0,0,0,0,7.91323E+20,5.37163E+21,1.29386E+16,4.84304E+16
92698,9,1,78,120,2018,9,14,2,3,5,6,0,0,1,0,0,0,0,0,6.94361E+20,5.35479E+21,1.16217E+16,4.83164E+16
92699,9,4,71,111,2018,9,15,5,3,2,6,0,0,1,0,0,0,0,0,6.44886E+20,5.51763E+21,1.10131E+16,4.97936E+16
92700,9,1,61,0,2018,9,6,3,3,2,6,1,1,1,0,0,0,0,0,6.79274E+20,5.40349E+21,1.14394E+16,4.87586E+16
92701,9,4,71,175,2018,9,1,5,3,9,7,2,0,1,0,0,0,0,0,6.30662E+20,5.54418E+21,1.08246E+16,5.00356E+16
92702,9,7,73,122,2018,9,17,6,3,0,1,0,1,0,0,0,0,0,0,6.26772E+20,5.3843E+21,1.07195E+16,4.85989E+16
92703,9,6,76,126,2018,9,15,1,3,2,6,0,0,1,0,0,0,0,0,5.10111E+20,5.52559E+21,9.14075E+15,4.98826E+16
92704,9,1,61,0,2018,9,17,1,2,2,6,0,0,1,0,1,0,0,0,6.76085E+20,5.40503E+21,1.13967E+16,4.87734E+16
92705,9,6,75,144,2018,9,17,2,1,5,3,0,0,1,0,1,0,0,0,5.8681E+20,5.50821E+21,1.02043E+16,4.97201E+16
92706,9,3,77,127,2018,9,15,5,3,4,2,0,0,1,0,0,0,0,0,7.05094E+20,5.53235E+21,1.18565E+16,4.99083E+16
92707,9,3,63,0,2018,9,8,6,3,5,3,0,0,1,0,0,0,0,0,7.27064E+20,5.50447E+21,1.21458E+16,4.965E+16
92708,9,6,71,136,2018,9,18,3,3,2,6,0,0,1,0,0,0,1,0,5.05297E+20,5.53765E+21,9.07389E+15,4.99912E+16
92709,9,5,76,122,2018,9,15,7,3,5,3,0,0,1,0,1,0,0,0,6.72194E+20,5.43518E+21,1.13565E+16,4.90455E+16
92710,9,2,75,138,2018,9,14,2,3,9,6,0,0,1,0,0,1,0,0,8.13872E+20,5.38636E+21,1.32537E+16,4.85517E+16
92711,9,3,75,170,2018,9,17,5,2,5,3,0,1,0,0,0,0,0,0,7.37614E+20,5.42715E+21,1.22457E+16,4.89516E+16
92712,9,3,73,147,2018,9,8,3,3,5,3,0,1,1,0,0,0,0,0,6.7905E+20,5.46119E+21,1.14618E+16,4.92772E+16
92713,9,3,75,170,2018,9,8,5,2,4,1,0,0,1,0,0,0,0,0,7.36329E+20,5.42718E+21,1.22282E+16,4.89523E+16
92714,9,1,90,130,2018,9,11,7,3,4,1,0,0,1,0,0,0,0,0,6.48988E+20,5.29558E+21,1.09895E+16,4.77963E+16
92715,9,7,75,135,2018,9,13,1,3,5,2,0,0,1,0,0,0,0,0,5.74684E+20,5.35802E+21,1.00084E+16,4.83709E+16
92716,9,3,75,175,2018,9,7,5,3,4,1,0,0,1,0,0,0,0,0,7.14796E+20,5.43527E+21,1.19388E+16,4.90329E+16
92717,9,1,79,125,2018,9,20,3,3,2,6,2,0,1,0,0,0,0,0,6.60596E+20,5.33218E+21,1.11581E+16,4.81227E+16
92718,9,2,78,184,2018,9,18,1,2,8,7,0,1,0,0,0,0,0,0,7.7689E+20,5.43566E+21,1.27869E+16,4.90116E+16
92719,9,7,78,219,2018,9,3,2,3,8,7,2,0,1,0,0,0,0,1,5.90099E+20,5.30939E+21,1.02062E+16,4.79314E+16
92720,9,3,73,143,2018,9,18,5,3,8,1,0,0,0,0,1,0,0,0,7.02139E+20,5.44839E+21,1.17724E+16,4.9155E+16
92721,9,2,61,0,2018,9,13,6,3,5,3,0,0,1,0,0,0,0,0,7.31662E+20,5.37974E+21,1.21379E+16,4.85279E+16
92722,9,3,61,0,2018,9,12,6,2,6,4,0,0,1,1,0,0,0,0,7.07582E+20,5.48075E+21,1.18638E+16,4.94439E+16
92723,9,6,78,136,2018,9,8,6,2,4,2,0,0,1,0,0,0,0,0,5.87037E+20,5.5403E+21,1.02147E+16,5.00086E+16
92724,9,5,77,161,2018,9,17,1,3,5,2,0,0,1,0,0,0,0,0,6.45397E+20,5.43987E+21,1.09917E+16,4.90945E+16
92725,9,1,62,0,2018,9,10,7,2,3,2,0,1,1,0,0,0,0,0,6.98784E+20,5.33305E+21,1.16711E+16,4.81197E+16
92726,9,5,64,0,2018,9,17,2,3,0,3,0,1,1,0,0,0,0,0,6.50056E+20,5.48171E+21,1.10712E+16,4.94695E+16
92727,9,3,73,156,2018,9,18,5,3,4,2,0,0,1,0,1,0,0,0,6.68365E+20,5.45961E+21,1.13143E+16,4.92661E+16
92728,9,5,64,0,2018,9,18,3,3,5,3,0,0,1,0,0,0,0,0,6.53595E+20,5.47327E+21,1.11167E+16,4.93928E+16