OBJECTID_1,ULAND,UREGBEZ,UKREIS,UGEMEINDE,UJAHR,UMONAT,USTUNDE,UWOCHENTAG,UKATEGORIE,UART,UTYP1,ULICHTVERH,IstRad,IstPKW,IstFuss,IstKrad,IstGkfz,IstSonstig,STRZUSTAND,LINREFX,LINREFY,XGCSWGS84,YGCSWGS84
93103,9,5,72,133,2018,9,15,5,3,2,6,0,0,1,0,0,0,0,0,6.38658E+20,5.49855E+21,1.09199E+16,4.96236E+16
93104,9,7,74,122,2018,9,18,4,2,0,1,0,1,0,0,0,0,0,0,6.07945E+20,5.3576E+21,1.04573E+16,4.83623E+16
93105,9,7,76,126,2018,9,15,4,2,5,3,0,0,0,0,1,0,0,0,5.58997E+20,5.27179E+21,9.7848E+15,4.75968E+16
93106,9,1,71,125,2018,9,20,5,3,9,1,2,0,1,0,0,0,0,0,7.81474E+20,5.3512E+21,1.27921E+16,4.82514E+16
93107,9,7,76,117,2018,9,7,4,3,4,2,0,0,1,0,1,0,0,0,5.66877E+20,5.27274E+21,9.88976E+15,4.76046E+16
93108,9,7,75,135,2018,9,6,5,3,0,7,1,0,0,0,1,0,0,1,5.76202E+20,5.36163E+21,1.00296E+16,4.84032E+16
93109,9,7,76,131,2018,9,11,4,3,4,1,0,0,1,0,0,0,1,0,5.62672E+20,5.27794E+21,9.83456E+15,4.76518E+16
93110,9,4,64,0,2018,9,22,5,3,3,6,2,0,1,0,0,0,0,0,7.07912E+20,5.57765E+21,1.19204E+16,5.03143E+16
93111,9,7,77,154,2018,9,15,4,3,4,2,0,1,1,0,0,0,0,0,6.06172E+20,5.30015E+21,1.04191E+16,4.78459E+16
93112,9,7,79,224,2018,9,15,4,3,3,7,0,1,0,0,0,0,0,0,6.09369E+20,5.41792E+21,1.04925E+16,4.89046E+16
93113,9,5,74,120,2018,9,14,5,3,2,2,0,0,1,0,0,0,0,0,6.72856E+20,5.48235E+21,1.13859E+16,4.94692E+16
93114,9,7,79,198,2018,9,12,4,3,5,3,0,0,1,0,0,0,0,0,6.31863E+20,5.41479E+21,1.07983E+16,4.88721E+16
93115,9,1,62,0,2018,9,6,5,3,2,6,0,0,1,0,0,0,0,0,6.82165E+20,5.34193E+21,1.14518E+16,4.82045E+16
93116,9,7,79,131,2018,9,11,4,3,5,2,0,1,1,0,0,0,0,0,6.36328E+20,5.39866E+21,1.08538E+16,4.87261E+16
93117,9,6,63,0,2018,9,16,3,2,0,1,0,1,0,0,0,0,0,0,5.67691E+20,5.51677E+21,9.94062E+15,4.97996E+16
93118,9,7,61,0,2018,9,16,4,3,2,6,0,0,1,0,0,0,0,0,6.37904E+20,5.35696E+21,1.08614E+16,4.83508E+16
93119,9,7,80,140,2018,9,18,5,3,8,1,0,0,1,0,0,0,0,0,6.0161E+20,5.28186E+21,1.03539E+16,4.76822E+16
93120,9,7,72,223,2018,9,13,4,3,0,7,0,1,0,0,0,0,0,0,6.17048E+20,5.35923E+21,1.05806E+16,4.83754E+16
93121,9,3,77,141,2018,9,12,5,3,2,6,0,0,1,0,0,0,0,1,7.32307E+20,5.53779E+21,1.22382E+16,4.99472E+16
93122,9,7,72,184,2018,9,16,4,3,2,6,0,0,1,0,1,0,0,0,6.35615E+20,5.36185E+21,1.08321E+16,4.83952E+16
93123,9,7,71,130,2018,9,7,4,3,3,2,0,0,0,0,1,0,1,0,6.44784E+20,5.35768E+21,1.09544E+16,4.83556E+16
93124,9,7,72,125,2018,9,18,4,3,5,3,1,1,1,0,0,0,0,0,6.36202E+20,5.34815E+21,1.08356E+16,4.82719E+16
93125,9,7,61,0,2018,9,13,4,3,1,6,0,0,1,0,1,0,0,0,6.41741E+20,5.36179E+21,1.09148E+16,4.83934E+16
93126,9,7,77,129,2018,9,17,5,3,4,1,0,0,1,0,0,0,0,0,6.23178E+20,5.27023E+21,1.06379E+16,4.75738E+16
93127,9,7,71,113,2018,9,7,4,3,1,2,0,0,1,0,1,0,0,0,6.57805E+20,5.37234E+21,1.11356E+16,4.84844E+16
93128,9,6,79,154,2018,9,17,4,2,3,6,0,0,1,0,0,1,0,0,5.58442E+20,5.51083E+21,9.81122E+15,4.97471E+16
93129,9,3,75,180,2018,9,17,5,3,2,1,0,0,1,0,0,1,0,1,7.22633E+20,5.43196E+21,1.2044E+16,4.90004E+16
93130,9,6,79,154,2018,9,14,4,3,3,6,0,0,1,0,0,1,0,0,5.58901E+20,5.50728E+21,9.81706E+15,4.97152E+16
93131,9,2,75,122,2018,9,6,5,3,8,7,0,0,1,0,0,0,0,1,8.21187E+20,5.37803E+21,1.33461E+16,4.84733E+16
93132,9,6,63,0,2018,9,7,4,3,5,3,0,1,1,0,0,0,0,0,5.64197E+20,5.51621E+21,9.89198E+15,4.97949E+16
93133,9,6,78,193,2018,9,17,4,3,9,1,0,0,0,0,0,1,0,0,5.77182E+20,5.53959E+21,1.0077E+16,5.00036E+16
93134,9,6,74,149,2018,9,16,4,3,3,6,0,0,1,0,1,0,0,0,6.09935E+20,5.55179E+21,1.05375E+16,5.01082E+16
93135,9,6,78,176,2018,9,6,5,2,8,7,1,0,1,0,0,0,0,0,5.90765E+20,5.53791E+21,1.02661E+16,4.99866E+16
93136,9,6,74,171,2018,9,13,4,2,4,1,0,0,1,0,0,1,0,0,6.18629E+20,5.56134E+21,1.0662E+16,5.01924E+16
93137,9,6,73,116,2018,9,13,4,2,5,3,0,0,1,0,0,0,0,0,5.86366E+20,5.58311E+21,1.02151E+16,5.03937E+16
93138,9,6,62,0,2018,9,15,4,3,5,3,0,1,1,0,0,0,0,0,5.87965E+20,5.54472E+21,1.02287E+16,5.00483E+16
93139,9,1,90,113,2018,9,16,5,3,4,6,0,0,1,0,0,0,1,0,6.7256E+20,5.29079E+21,1.13021E+16,4.77474E+16
93140,9,6,63,0,2018,9,18,5,3,5,2,0,0,1,0,1,0,0,0,5.67177E+20,5.51686E+21,9.93349E+15,4.98005E+16
93141,9,6,78,193,2018,9,12,4,3,2,7,0,0,1,0,0,0,0,0,5.78345E+20,5.53607E+21,1.00925E+16,4.99718E+16
93142,9,5,65,0,2018,9,10,4,3,2,6,0,0,1,0,0,0,0,0,6.49206E+20,5.46591E+21,1.10535E+16,4.93277E+16
93143,9,3,75,208,2018,9,13,5,3,4,6,0,0,1,0,1,0,0,1,7.30711E+20,5.43972E+21,1.21587E+16,4.90671E+16
93144,9,5,76,151,2018,9,12,4,3,5,3,0,0,1,0,0,0,0,0,6.56391E+20,5.47147E+21,1.11545E+16,4.93759E+16
93145,9,2,73,165,2018,9,20,5,3,2,6,2,0,1,0,0,0,0,0,7.16057E+20,5.41093E+21,1.19431E+16,4.88138E+16
93146,9,5,72,126,2018,9,9,4,3,0,7,0,1,0,0,0,0,0,0,6.32271E+20,5.50652E+21,1.08342E+16,4.96966E+16
93147,9,6,79,134,2018,9,12,3,2,5,3,0,0,1,0,0,0,0,0,5.7213E+20,5.49565E+21,9.9984E+15,4.96091E+16
93148,9,5,62,0,2018,9,10,4,3,3,2,0,1,0,0,0,1,0,0,6.43308E+20,5.49682E+21,1.09836E+16,4.96069E+16
93149,9,5,74,156,2018,9,11,4,2,5,3,0,1,1,0,0,0,0,0,6.5895E+20,5.48214E+21,1.1194E+16,4.94711E+16
93150,9,5,76,151,2018,9,20,5,2,5,3,2,0,1,0,0,0,0,0,6.57089E+20,5.46938E+21,1.11633E+16,4.93569E+16
93151,9,5,74,157,2018,9,9,4,3,5,3,0,0,1,0,0,1,0,0,6.63289E+20,5.47006E+21,1.12489E+16,4.93613E+16
93152,9,1,62,0,2018,9,7,5,3,2,6,0,0,1,0,0,1,0,0,6.8051E+20,5.33958E+21,1.14286E+16,4.81838E+16
93153,9,5,64,0,2018,9,0,4,3,0,1,2,0,0,0,1,0,0,0,6.47717E+20,5.47966E+21,1.10381E+16,4.94516E+16
93154,9,6,77,203,2018,9,7,3,3,5,3,0,0,1,0,1,0,0,0,5.58091E+20,5.52793E+21,9.80891E+15,4.99009E+16
93155,9,1,71,123,2018,9,21,5,3,5,2,2,0,1,0,0,0,0,0,7.84624E+20,5.35074E+21,1.28341E+16,4.82459E+16
93156,9,5,64,0,2018,9,16,4,3,5,3,0,1,1,0,0,0,0,0,6.50806E+20,5.47562E+21,1.10792E+16,4.94146E+16
93157,9,7,78,173,2018,9,5,5,3,2,6,1,0,1,0,0,0,0,1,6.11761E+20,5.3216E+21,1.04993E+16,4.80379E+16
93158,9,1,76,124,2018,9,17,5,2,5,3,0,0,1,0,1,0,0,0,6.71367E+20,5.40993E+21,1.13345E+16,4.88187E+16
93159,9,5,64,0,2018,9,6,4,3,3,2,0,1,1,0,0,0,0,0,6.466E+20,5.48073E+21,1.10231E+16,4.94615E+16
93160,9,1,62,0,2018,9,14,5,3,2,6,0,0,1,0,0,0,0,0,6.96266E+20,5.33143E+21,1.16366E+16,4.81059E+16
93161,9,5,73,122,2018,9,9,4,2,6,6,0,1,0,1,0,0,0,0,6.43912E+20,5.47791E+21,1.0985E+16,4.94368E+16
93162,9,5,77,173,2018,9,6,4,3,0,7,1,0,0,0,1,0,0,0,6.31262E+20,5.42513E+21,1.07934E+16,4.89651E+16
93163,9,5,71,225,2018,9,15,5,3,2,6,0,0,1,0,0,1,0,0,5.90218E+20,5.47246E+21,1.02434E+16,4.93982E+16
93164,9,5,77,136,2018,9,19,4,3,3,2,1,0,1,0,0,0,0,0,6.27247E+20,5.44087E+21,1.07435E+16,4.91075E+16
93165,9,1,79,142,2018,9,15,5,3,2,6,0,0,1,0,0,0,0,0,6.72832E+20,5.34177E+21,1.13263E+16,4.82056E+16
93166,9,5,71,223,2018,9,18,4,2,3,6,0,0,1,0,0,1,0,0,6.08263E+20,5.44806E+21,1.04854E+16,4.91758E+16
93167,9,5,71,113,2018,9,7,4,2,8,6,0,0,1,0,0,0,0,0,6.20342E+20,5.44066E+21,1.06489E+16,4.9107E+16
93168,9,7,76,115,2018,9,14,5,3,3,6,0,1,0,0,0,0,0,0,5.58615E+20,5.27399E+21,9.78001E+15,4.76167E+16
93169,9,5,71,189,2018,9,10,4,3,0,7,0,1,0,0,0,0,0,0,6.20627E+20,5.44892E+21,1.06553E+16,4.91812E+16
93170,9,4,79,169,2018,9,16,4,3,0,1,0,1,0,0,0,0,0,0,7.16308E+20,5.54783E+21,1.20212E+16,5.00434E+16
93171,9,3,77,119,2018,9,6,5,2,1,1,0,0,1,0,1,0,0,1,7.25689E+20,5.53493E+21,1.21445E+16,4.99241E+16
93172,9,4,75,174,2018,9,18,4,3,0,6,0,0,1,0,1,0,0,0,7.0379E+20,5.55908E+21,1.18526E+16,5.01489E+16
93173,9,3,71,113,2018,9,8,5,3,2,6,0,0,1,0,0,0,0,0,6.8896E+20,5.5096E+21,1.1621E+16,4.97093E+16
93174,9,4,63,0,2018,9,17,4,2,1,7,0,0,1,0,0,0,0,0,6.39665E+20,5.57151E+21,1.09603E+16,5.02792E+16
93175,9,4,72,154,2018,9,6,5,3,1,6,0,0,1,0,1,0,0,1,6.64701E+20,5.53379E+21,1.12951E+16,4.99337E+16
93176,9,4,73,175,2018,9,15,4,3,0,7,0,0,1,0,0,1,0,0,6.32848E+20,5.56614E+21,1.08627E+16,5.02325E+16
93177,9,4,63,0,2018,9,7,4,3,5,3,0,0,1,0,0,0,0,0,6.39735E+20,5.56806E+21,1.096E+16,5.02481E+16
93178,9,4,78,165,2018,9,18,4,3,3,6,0,1,1,0,0,0,0,0,6.41577E+20,5.55465E+21,1.09808E+16,5.01272E+16
93179,9,7,72,162,2018,9,13,5,3,5,3,0,0,1,0,1,0,0,0,6.367E+20,5.33543E+21,1.08382E+16,4.81574E+16
93180,9,4,78,139,2018,9,17,4,3,2,6,0,0,1,0,0,0,0,0,6.49895E+20,5.55488E+21,1.10972E+16,5.01272E+16
93181,9,4,73,174,2018,9,23,4,3,5,3,2,0,1,0,1,0,0,0,6.53945E+20,5.56355E+21,1.11573E+16,5.02041E+16
93182,9,3,72,124,2018,9,17,5,3,2,2,0,0,1,0,1,0,0,0,7.86409E+20,5.46715E+21,1.29391E+16,4.92899E+16
93183,9,4,72,175,2018,9,3,4,1,6,4,2,0,1,1,0,1,0,0,6.80872E+20,5.51401E+21,1.1511E+16,4.97513E+16
93184,9,1,81,113,2018,9,19,5,3,4,6,0,0,1,0,0,0,0,0,6.42468E+20,5.30837E+21,1.09067E+16,4.79128E+16
93185,9,1,61,0,2018,9,14,5,3,5,2,0,1,1,0,0,0,0,0,6.78809E+20,5.40474E+21,1.14336E+16,4.87699E+16
93186,9,2,77,131,2018,9,16,5,2,5,3,0,0,1,0,0,1,0,0,7.75734E+20,5.38196E+21,1.27351E+16,4.85301E+16
93187,9,4,77,136,2018,9,8,4,3,2,2,0,0,1,0,0,0,1,0,6.67605E+20,5.55405E+21,1.13444E+16,5.01151E+16
93188,9,4,62,0,2018,9,7,4,3,0,2,0,1,0,0,0,0,1,0,6.83736E+20,5.53625E+21,1.15613E+16,4.99503E+16
93189,9,4,61,0,2018,9,11,4,3,1,6,0,0,1,0,1,0,0,0,6.38729E+20,5.53137E+21,1.09325E+16,4.99186E+16
93190,9,6,62,0,2018,9,20,5,2,2,6,2,0,1,0,0,0,0,0,5.86669E+20,5.54189E+21,1.02099E+16,5.0023E+16
93191,9,4,61,0,2018,9,9,4,2,3,2,0,1,1,0,0,0,0,0,6.37819E+20,5.53012E+21,1.09194E+16,4.99076E+16
93192,9,3,63,0,2018,9,12,4,3,2,6,0,0,1,0,0,0,0,0,7.27656E+20,5.5067E+21,1.21553E+16,4.96698E+16
93193,9,3,72,116,2018,9,9,5,3,2,6,0,0,1,0,0,0,0,0,7.66646E+20,5.45626E+21,1.26607E+16,4.92011E+16
93194,9,3,74,134,2018,9,8,4,3,3,6,0,0,1,0,0,0,0,0,7.22155E+20,5.50544E+21,1.20784E+16,4.96605E+16
93195,9,1,81,132,2018,9,6,5,3,8,1,0,0,1,0,0,0,0,1,6.4197E+20,5.32937E+21,1.0907E+16,4.81018E+16
93196,9,1,73,137,2018,9,19,5,2,8,1,1,0,1,0,0,1,0,1,6.76675E+20,5.29877E+21,1.13602E+16,4.7818E+16
93197,9,3,75,130,2018,9,10,4,3,0,1,0,1,0,0,0,0,0,0,7.34911E+20,5.43503E+21,1.22134E+16,4.90234E+16
93198,9,6,74,195,2018,9,7,3,3,8,1,0,0,1,0,0,0,0,0,6.12949E+20,5.53787E+21,1.05755E+16,4.99825E+16
93199,9,1,62,0,2018,9,16,6,3,2,6,0,0,1,0,0,0,0,0,6.95298E+20,5.34424E+21,1.16295E+16,4.82213E+16
93200,9,3,75,196,2018,9,17,4,2,3,6,0,0,1,0,1,0,0,0,7.31197E+20,5.41502E+21,1.21514E+16,4.8845E+16
93201,9,3,75,175,2018,9,7,4,3,2,1,0,0,1,0,0,0,0,0,7.13792E+20,5.43583E+21,1.19254E+16,4.90383E+16
93202,9,5,76,113,2018,9,7,5,3,2,6,0,0,1,0,0,0,0,0,6.61409E+20,5.45746E+21,1.12179E+16,4.92486E+16
93203,9,3,72,167,2018,9,18,4,2,8,1,0,0,0,0,1,0,0,0,7.50772E+20,5.44904E+21,1.24387E+16,4.9143E+16
93204,9,1,81,130,2018,9,14,5,3,0,1,0,1,1,0,0,0,0,0,6.38819E+20,5.32281E+21,1.08626E+16,4.80435E+16
93205,9,3,72,158,2018,9,7,4,3,2,6,0,0,1,0,0,0,0,0,7.61974E+20,5.4516E+21,1.25936E+16,4.91612E+16
93206,9,3,73,167,2018,9,19,4,1,8,1,0,0,0,0,1,0,0,0,6.89955E+20,5.46214E+21,1.1612E+16,4.92825E+16
93207,9,6,71,141,2018,9,6,5,1,0,7,1,0,0,0,1,0,0,0,5.22969E+20,5.52999E+21,9.31998E+15,4.99219E+16
93208,9,3,73,160,2018,9,9,4,3,5,3,0,0,1,0,0,0,0,0,6.92779E+20,5.45155E+21,1.16457E+16,4.91864E+16
93209,9,3,76,161,2018,9,6,4,2,5,3,1,0,1,0,0,0,0,0,7.23396E+20,5.47059E+21,1.20759E+16,4.93471E+16
93210,9,3,61,0,2018,9,7,4,3,6,2,0,0,1,1,0,0,0,0,7.08973E+20,5.48095E+21,1.1883E+16,4.94453E+16
93211,9,1,81,127,2018,9,7,5,3,4,2,0,0,1,0,0,0,0,1,6.36487E+20,5.32661E+21,1.08325E+16,4.80781E+16
93212,9,1,73,127,2018,9,21,5,2,4,1,2,0,1,0,0,0,0,1,6.94637E+20,5.29297E+21,1.15973E+16,4.77607E+16
93213,9,3,76,161,2018,9,15,4,3,9,1,0,0,1,0,0,0,0,0,7.30249E+20,5.47081E+21,1.21702E+16,4.93465E+16
93214,9,7,75,135,2018,9,5,5,3,5,3,2,0,1,0,0,0,0,1,5.74577E+20,5.36083E+21,1.00075E+16,4.83962E+16
93215,9,3,76,150,2018,9,6,4,3,3,2,1,1,1,0,0,0,0,0,7.28375E+20,5.49208E+21,1.21567E+16,4.95382E+16
93216,9,4,75,154,2018,9,9,5,3,1,1,0,0,1,0,1,0,0,1,6.98397E+20,5.5637E+21,1.17796E+16,5.01922E+16
93217,9,3,76,117,2018,9,17,4,3,2,1,0,0,1,0,0,0,0,0,7.43244E+20,5.46112E+21,1.2343E+16,4.92545E+16
93218,9,1,79,113,2018,9,16,5,3,0,7,0,1,0,0,0,0,0,0,6.70982E+20,5.3336E+21,1.12981E+16,4.81327E+16
93219,9,3,61,0,2018,9,7,4,3,5,3,0,1,1,0,0,0,0,0,7.07538E+20,5.48078E+21,1.18632E+16,4.94442E+16
93220,9,1,79,149,2018,9,13,5,3,6,4,0,0,0,1,0,0,1,0,6.55045E+20,5.32995E+21,1.10827E+16,4.81039E+16
93221,9,2,71,119,2018,9,15,4,1,2,6,0,0,1,0,1,1,0,0,7.93658E+20,5.41221E+21,1.29988E+16,4.87935E+16
93222,9,2,71,125,2018,9,15,4,3,2,6,0,0,1,0,0,0,0,0,7.98571E+20,5.40871E+21,1.3063E+16,4.87597E+16
93223,9,2,76,130,2018,9,14,4,2,5,3,0,0,1,0,0,0,0,0,8.09271E+20,5.44293E+21,1.32341E+16,4.90615E+16
93224,9,7,74,148,2018,9,10,5,3,2,6,0,0,1,0,0,0,0,0,5.96381E+20,5.36164E+21,1.03022E+16,4.84006E+16
93225,9,2,78,148,2018,9,12,4,3,0,1,0,1,0,0,0,0,0,0,7.37584E+20,5.40701E+21,1.22336E+16,4.87707E+16
93226,9,4,61,0,2018,9,8,5,3,5,3,0,1,0,0,0,0,0,0,6.37881E+20,5.52946E+21,1.092E+16,4.99016E+16
93227,9,2,71,125,2018,9,15,4,2,3,2,0,0,0,0,1,0,1,0,8.01632E+20,5.4088E+21,1.31046E+16,4.8759E+16
93228,9,1,78,124,2018,9,10,5,3,1,6,0,0,1,0,0,0,0,0,7.03234E+20,5.36648E+21,1.17469E+16,4.84187E+16
93229,9,2,78,118,2018,9,12,4,3,2,6,0,0,1,0,0,0,0,0,7.72094E+20,5.42263E+21,1.27127E+16,4.88968E+16
93230,9,2,75,126,2018,9,8,4,3,2,7,0,0,1,0,0,1,0,0,8.40644E+20,5.39883E+21,1.36255E+16,4.86496E+16
93231,9,6,63,0,2018,9,8,5,2,6,4,0,1,0,1,0,0,0,0,5.67815E+20,5.51661E+21,9.94231E+15,4.97981E+16
93232,9,2,75,112,2018,9,13,4,3,4,3,0,1,1,0,0,0,0,0,8.0165E+20,5.38743E+21,1.30893E+16,4.85673E+16
93233,9,2,77,148,2018,9,10,4,3,5,2,0,0,1,0,1,0,0,0,7.88622E+20,5.35844E+21,1.28931E+16,4.83132E+16
93234,9,7,77,129,2018,9,16,5,3,0,6,0,1,0,0,0,0,0,0,6.27675E+20,5.26918E+21,1.06973E+16,4.75635E+16
93235,9,2,62,0,2018,9,10,4,3,3,6,0,1,0,0,0,1,0,0,8.32082E+20,5.39034E+21,1.35029E+16,4.8578E+16
93236,9,2,75,130,2018,9,18,4,3,7,1,0,1,0,0,0,0,0,0,8.16712E+20,5.36411E+21,1.32752E+16,4.83506E+16
93237,9,3,74,124,2018,9,15,5,3,5,3,0,0,1,0,0,0,0,0,7.09707E+20,5.51292E+21,1.19102E+16,4.97322E+16
93238,9,2,72,134,2018,9,16,4,2,5,6,0,0,1,0,1,0,0,0,8.35545E+20,5.42283E+21,1.35761E+16,4.88675E+16
93239,9,1,75,111,2018,9,17,5,3,2,2,0,0,1,0,0,0,0,0,7.12333E+20,5.33811E+21,1.18555E+16,4.81607E+16
93240,9,2,77,139,2018,9,17,5,3,2,6,0,0,1,0,1,0,0,0,7.88131E+20,5.37125E+21,1.28953E+16,4.84284E+16
93241,9,2,77,131,2018,9,8,4,3,5,3,0,0,1,0,0,0,0,0,7.75731E+20,5.38196E+21,1.27351E+16,4.85301E+16
93242,9,2,74,120,2018,9,10,4,2,5,3,0,0,1,0,0,1,0,0,7.50499E+20,5.36977E+21,1.23866E+16,4.84312E+16
93243,9,2,74,156,2018,9,11,4,3,5,3,0,0,1,0,1,0,0,0,7.44478E+20,5.3887E+21,1.23165E+16,4.86035E+16
93244,9,6,72,135,2018,9,20,5,1,4,7,2,1,1,0,0,0,0,0,5.8403E+20,5.5656E+21,1.01783E+16,5.02366E+16
93245,9,2,79,137,2018,9,4,4,2,8,7,2,0,1,0,0,0,0,0,7.72959E+20,5.405E+21,1.27128E+16,4.87382E+16
93246,9,2,73,164,2018,9,17,4,3,4,3,0,0,1,0,0,0,0,0,6.97645E+20,5.42627E+21,1.17E+16,4.89577E+16
93247,9,3,76,150,2018,9,19,5,3,1,6,0,0,1,0,0,0,0,0,7.2781E+20,5.49181E+21,1.21488E+16,4.9536E+16
93248,9,1,73,147,2018,9,14,4,3,0,7,0,1,0,0,0,0,0,0,6.81082E+20,5.30946E+21,1.14235E+16,4.79129E+16
93249,9,1,75,123,2018,9,14,5,3,2,6,0,0,1,0,0,0,1,0,7.1892E+20,5.33855E+21,1.19442E+16,4.81625E+16
93250,9,1,73,137,2018,9,13,5,3,5,2,0,0,1,0,0,0,1,0,6.76172E+20,5.31002E+21,1.13581E+16,4.79193E+16
93251,9,1,90,158,2018,9,11,4,2,8,1,0,0,0,0,1,0,0,0,6.52202E+20,5.30271E+21,1.10349E+16,4.78597E+16
93252,9,3,72,153,2018,9,13,5,3,0,7,0,0,1,0,0,0,0,0,7.54274E+20,5.45343E+21,1.24894E+16,4.91809E+16
93253,9,1,90,154,2018,9,15,4,2,4,2,0,0,0,0,1,0,0,0,6.37461E+20,5.28464E+21,1.08322E+16,4.77005E+16
93254,9,1,77,130,2018,9,8,5,3,2,6,0,0,1,0,0,1,0,0,7.12668E+20,5.35212E+21,1.1867E+16,4.82865E+16
93255,9,2,74,187,2018,9,15,5,1,8,1,0,0,0,0,1,0,0,0,7.22678E+20,5.39173E+21,1.20228E+16,4.86389E+16
93256,9,1,80,124,2018,9,15,4,3,2,6,0,0,1,0,1,0,0,0,6.61224E+20,5.2817E+21,1.11476E+16,4.76686E+16
93257,9,1,80,115,2018,9,16,4,3,2,6,0,0,1,0,1,0,0,0,6.46633E+20,5.26993E+21,1.09495E+16,4.75662E+16
93258,9,1,73,145,2018,9,15,4,2,0,7,0,1,0,0,0,0,0,0,6.90096E+20,5.29452E+21,1.15375E+16,4.7776E+16
93259,9,5,62,0,2018,9,16,5,3,3,6,0,0,1,0,0,1,0,0,6.46878E+20,5.48969E+21,1.10303E+16,4.9542E+16
93260,9,1,73,135,2018,9,8,4,2,8,1,0,0,0,0,1,0,0,0,6.95435E+20,5.27339E+21,1.15992E+16,4.75844E+16
93261,9,1,77,115,2018,9,13,5,2,9,1,0,0,0,0,1,0,0,0,7.32742E+20,5.34981E+21,1.21359E+16,4.82587E+16
93262,9,1,89,114,2018,9,7,4,3,8,7,0,0,0,0,0,0,1,0,7.61299E+20,5.31358E+21,1.24978E+16,4.79222E+16
93263,9,1,62,0,2018,9,20,4,2,5,2,2,1,1,0,0,0,0,0,6.95441E+20,5.3299E+21,1.16248E+16,4.80924E+16
93264,9,1,89,113,2018,9,8,5,2,2,2,0,0,1,0,0,0,0,0,7.68958E+20,5.30258E+21,1.25933E+16,4.78203E+16
93265,9,1,76,124,2018,9,14,5,3,9,1,0,0,1,0,0,0,0,1,6.71201E+20,5.40866E+21,1.13318E+16,4.88073E+16
93266,9,1,83,128,2018,9,14,4,2,5,3,0,0,1,0,0,0,0,0,7.60535E+20,5.35248E+21,1.25114E+16,4.82719E+16
93267,9,7,78,173,2018,9,16,5,3,4,2,0,1,1,0,0,0,0,1,6.12313E+20,5.32248E+21,1.0507E+16,4.80458E+16
93268,9,1,83,135,2018,9,7,4,3,5,2,0,0,1,0,0,0,0,0,7.45371E+20,5.35121E+21,1.23066E+16,4.82665E+16
93269,9,4,63,0,2018,9,23,5,3,2,6,2,0,1,0,0,0,0,0,6.40386E+20,5.56737E+21,1.09688E+16,5.02418E+16
93270,9,1,87,182,2018,9,12,4,3,5,3,0,1,1,0,0,0,0,0,7.40695E+20,5.32779E+21,1.22305E+16,4.8058E+16
93271,9,1,62,0,2018,9,8,4,3,2,1,0,0,1,0,1,0,0,0,6.88212E+20,5.335E+21,1.15301E+16,4.81404E+16
93272,9,1,75,122,2018,9,17,6,3,5,2,0,1,0,0,0,0,0,0,7.21082E+20,5.32594E+21,1.19667E+16,4.80484E+16
93273,9,1,87,118,2018,9,17,4,3,5,3,0,0,0,0,1,0,0,0,7.51696E+20,5.30156E+21,1.23625E+16,4.78181E+16
93274,9,1,82,114,2018,9,16,4,3,3,6,0,0,1,0,0,0,1,0,7.16991E+20,5.29437E+21,1.1896E+16,4.77662E+16
93275,9,5,75,129,2018,9,9,5,2,4,6,0,0,1,0,0,0,0,1,6.27075E+20,5.48673E+21,1.07557E+16,4.95198E+16
93276,9,1,87,154,2018,9,11,4,3,2,6,0,0,1,0,0,0,1,0,7.36023E+20,5.29723E+21,1.21511E+16,4.77852E+16
93277,9,1,62,0,2018,9,10,4,3,2,6,1,0,1,0,0,0,1,0,6.94557E+20,5.33566E+21,1.16156E+16,4.81444E+16
93278,9,1,82,111,2018,9,16,4,3,3,6,0,0,1,0,1,0,0,0,7.0466E+20,5.28746E+21,1.17283E+16,4.77081E+16
93279,9,1,84,112,2018,9,8,4,2,5,3,0,0,1,0,1,0,0,0,7.02434E+20,5.33756E+21,1.17222E+16,4.81591E+16
93280,9,1,87,137,2018,9,7,4,3,2,6,0,0,1,0,0,0,0,0,7.297E+20,5.31112E+21,1.20742E+16,4.79123E+16
93281,9,1,82,116,2018,9,14,5,3,5,3,0,1,1,0,0,0,0,0,7.05221E+20,5.29252E+21,1.17382E+16,4.77534E+16
93282,9,7,80,140,2018,9,7,5,3,0,1,0,0,0,0,1,0,0,0,5.99765E+20,5.28207E+21,1.03293E+16,4.76843E+16
93283,9,1,87,150,2018,9,17,4,2,4,2,0,0,1,0,1,0,0,0,7.27977E+20,5.30325E+21,1.2047E+16,4.78421E+16
93284,9,3,77,154,2018,9,22,5,3,9,7,2,0,1,0,0,0,0,0,7.37284E+20,5.53272E+21,1.23044E+16,4.98998E+16
93285,9,1,61,0,2018,9,7,4,3,3,6,0,0,1,0,0,1,0,0,6.8085E+20,5.40508E+21,1.14615E+16,4.87725E+16
93286,9,1,62,0,2018,9,17,4,3,1,6,0,0,1,0,0,1,0,0,6.94991E+20,5.34134E+21,1.1624E+16,4.81953E+16
93287,9,1,61,0,2018,9,22,4,3,0,1,2,1,0,0,0,0,0,0,6.79889E+20,5.40454E+21,1.14482E+16,4.87679E+16
93288,9,1,62,0,2018,9,12,4,3,2,6,0,0,1,0,0,0,0,0,6.8467E+20,5.34243E+21,1.14857E+16,4.82082E+16
93289,9,1,61,0,2018,9,13,4,3,2,6,0,0,1,0,0,1,0,0,6.8138E+20,5.4022E+21,1.14674E+16,4.87464E+16