OBJECTID_1,ULAND,UREGBEZ,UKREIS,UGEMEINDE,UJAHR,UMONAT,USTUNDE,UWOCHENTAG,UKATEGORIE,UART,UTYP1,ULICHTVERH,IstRad,IstPKW,IstFuss,IstKrad,IstGkfz,IstSonstig,STRZUSTAND,LINREFX,LINREFY,XGCSWGS84,YGCSWGS84
93478,9,4,76,177,2018,9,14,1,2,4,1,0,0,1,0,1,0,0,0,6.78565E+20,5.57883E+21,1.15092E+16,5.03345E+16
93479,9,7,80,114,2018,9,13,6,3,2,2,0,0,0,0,1,0,0,0,6.02685E+20,5.28591E+21,1.03691E+16,4.77184E+16
93480,9,7,77,176,2018,9,10,6,2,5,3,0,1,1,0,0,0,0,0,6.04194E+20,5.29777E+21,1.03921E+16,4.78248E+16
93481,9,1,73,115,2018,9,17,1,3,2,6,0,0,1,0,0,0,0,0,6.81028E+20,5.28998E+21,1.14147E+16,4.77378E+16
93482,9,7,77,159,2018,9,14,6,2,9,1,0,0,1,0,0,0,0,0,6.17775E+20,5.26946E+21,1.05658E+16,4.75678E+16
93483,9,7,71,122,2018,9,10,7,3,3,6,0,0,1,0,0,1,0,0,6.53403E+20,5.36255E+21,1.10725E+16,4.83974E+16
93484,9,7,77,140,2018,9,8,6,2,5,3,0,0,1,0,0,0,0,0,6.28307E+20,5.31745E+21,1.072E+16,4.79974E+16
93485,9,7,79,218,2018,9,19,6,3,8,1,0,0,1,0,0,0,0,0,6.23707E+20,5.39477E+21,1.06811E+16,4.86937E+16
93486,9,2,79,112,2018,9,21,1,2,5,3,2,0,1,0,0,0,0,0,7.57143E+20,5.39302E+21,1.24906E+16,4.86373E+16
93487,9,7,73,136,2018,9,17,6,3,2,6,0,0,1,0,0,0,0,0,5.99317E+20,5.37514E+21,1.0345E+16,4.85215E+16
93488,9,7,72,223,2018,9,21,6,3,8,7,2,0,1,0,0,0,1,0,6.17758E+20,5.36308E+21,1.05913E+16,4.84099E+16
93489,9,1,77,138,2018,9,17,1,2,8,7,0,0,0,0,1,0,0,0,7.27542E+20,5.36386E+21,1.20736E+16,4.83868E+16
93490,9,7,72,163,2018,9,15,6,3,2,7,0,0,1,0,0,0,0,0,6.38806E+20,5.34516E+21,1.08697E+16,4.82445E+16
93491,9,7,71,162,2018,9,13,7,2,5,3,0,0,1,0,1,0,0,0,6.66191E+20,5.36905E+21,1.12477E+16,4.84527E+16
93492,9,1,79,123,2018,9,15,2,3,5,2,0,0,1,0,0,0,0,0,6.77443E+20,5.33196E+21,1.13842E+16,4.81162E+16
93493,9,7,72,156,2018,9,15,6,2,8,1,0,0,0,0,1,0,0,0,6.27836E+20,5.36931E+21,1.07293E+16,4.84639E+16
93494,9,4,74,122,2018,9,13,1,3,0,3,0,0,1,0,1,0,0,0,6.51206E+20,5.50292E+21,1.10952E+16,4.96599E+16
93495,9,7,71,122,2018,9,7,6,2,5,3,0,0,1,0,0,0,0,1,6.55831E+20,5.35891E+21,1.11039E+16,4.83641E+16
93496,9,1,89,145,2018,9,16,1,3,4,6,0,0,1,0,0,0,0,0,7.72545E+20,5.3002E+21,1.26397E+16,4.77974E+16
93497,9,7,71,142,2018,9,16,6,3,2,6,0,0,1,0,0,0,0,0,6.45223E+20,5.35406E+21,1.09591E+16,4.8323E+16
93498,9,6,79,187,2018,9,18,7,2,5,3,0,0,1,0,0,0,0,0,5.73554E+20,5.50697E+21,1.00202E+16,4.97107E+16
93499,9,7,71,145,2018,9,15,6,2,9,7,0,0,1,0,0,0,0,0,6.47692E+20,5.34386E+21,1.09888E+16,4.82307E+16
93500,9,6,75,178,2018,9,16,7,1,8,7,0,0,1,0,0,0,0,0,5.96246E+20,5.51786E+21,1.03376E+16,4.98055E+16
93501,9,7,74,135,2018,9,15,1,3,0,6,0,0,1,0,0,0,1,0,5.95328E+20,5.36584E+21,1.02889E+16,4.84385E+16
93502,9,7,71,142,2018,9,13,6,3,2,6,0,0,1,0,0,0,0,0,6.4554E+20,5.35223E+21,1.09628E+16,4.83065E+16
93503,9,7,61,0,2018,9,7,6,3,5,1,0,1,1,0,0,0,0,1,6.42314E+20,5.35918E+21,1.09216E+16,4.83697E+16
93504,9,1,84,118,2018,9,0,1,3,5,2,2,1,1,0,0,0,0,0,7.03142E+20,5.3363E+21,1.17312E+16,4.81475E+16
93505,9,7,61,0,2018,9,9,6,3,0,1,0,1,0,0,0,0,0,1,6.41581E+20,5.35987E+21,1.0912E+16,4.83761E+16
93506,9,3,74,158,2018,9,15,1,3,5,3,0,0,1,0,1,0,0,0,7.30193E+20,5.5156E+21,1.21956E+16,4.97488E+16
93507,9,6,79,154,2018,9,16,6,3,2,6,0,0,1,0,0,0,0,0,5.60462E+20,5.51108E+21,9.83929E+15,4.97492E+16
93508,9,1,87,142,2018,9,17,1,3,2,6,1,1,1,0,0,0,0,0,7.3116E+20,5.30983E+21,1.2093E+16,4.79001E+16
93509,9,6,63,0,2018,9,16,6,3,1,6,0,0,1,0,0,0,0,0,5.66352E+20,5.51171E+21,9.92116E+15,4.97542E+16
93510,9,6,78,115,2018,9,14,7,3,4,6,0,0,1,0,0,0,0,0,5.84977E+20,5.54093E+21,1.01861E+16,5.00147E+16
93511,9,1,89,150,2018,9,17,2,3,5,3,0,0,1,0,0,0,0,0,7.78693E+20,5.31791E+21,1.2733E+16,4.79538E+16
93512,9,6,77,151,2018,9,15,6,2,4,6,0,0,1,0,0,0,0,0,5.39332E+20,5.51509E+21,9.54641E+15,4.9787E+16
93513,9,7,71,114,2018,9,16,1,3,0,1,0,1,0,0,0,0,0,0,6.44574E+20,5.37519E+21,1.09576E+16,4.85132E+16
93514,9,6,75,147,2018,9,13,6,3,2,6,0,0,1,0,0,0,0,0,5.81231E+20,5.50209E+21,1.01257E+16,4.96659E+16
93515,9,2,76,144,2018,9,11,1,3,4,6,0,0,1,0,1,0,0,0,7.8451E+20,5.44498E+21,1.28974E+16,4.90918E+16
93516,9,6,75,127,2018,9,8,6,3,2,6,0,0,1,0,0,0,0,0,6.05395E+20,5.51461E+21,1.04638E+16,4.97747E+16
93517,9,6,77,203,2018,9,12,6,3,5,3,0,0,1,0,0,0,0,0,5.58577E+20,5.52895E+21,9.81583E+15,4.991E+16
93518,9,1,81,130,2018,9,19,1,3,0,7,0,1,0,0,0,0,0,0,6.40704E+20,5.32359E+21,1.08881E+16,4.805E+16
93519,9,3,72,113,2018,9,15,1,3,0,1,0,0,0,0,1,0,0,0,7.92117E+20,5.45565E+21,1.30091E+16,4.9184E+16
93520,9,6,78,192,2018,9,14,6,3,2,6,0,0,1,0,0,0,0,0,5.71872E+20,5.54795E+21,1.00045E+16,5.00794E+16
93521,9,6,73,142,2018,9,14,6,3,5,3,0,0,1,0,1,0,0,0,5.9279E+20,5.58792E+21,1.03066E+16,5.0436E+16
93522,9,1,76,112,2018,9,1,1,3,8,1,2,0,1,0,0,0,0,0,6.91146E+20,5.41991E+21,1.16084E+16,4.89026E+16
93523,9,6,74,164,2018,9,14,6,3,9,1,0,0,1,0,0,0,0,0,6.19476E+20,5.54628E+21,1.06691E+16,5.00568E+16
93524,9,6,72,138,2018,9,11,7,3,9,1,0,0,1,0,0,0,0,0,5.55709E+20,5.56862E+21,9.78167E+15,5.02671E+16
93525,9,1,61,0,2018,9,10,2,3,0,7,0,1,0,0,0,0,0,0,6.75845E+20,5.40571E+21,1.13937E+16,4.87795E+16
93526,9,6,72,122,2018,9,13,6,2,8,1,0,0,1,0,0,0,0,0,5.73825E+20,5.55492E+21,1.00332E+16,5.01419E+16
93527,9,5,62,0,2018,9,13,1,3,5,3,0,0,1,0,0,0,0,0,6.45811E+20,5.49546E+21,1.10177E+16,4.95941E+16
93528,9,6,73,183,2018,9,5,6,2,5,3,2,0,1,0,0,0,0,0,5.86313E+20,5.58002E+21,1.02136E+16,5.03659E+16
93529,9,6,71,155,2018,9,21,6,3,0,7,2,0,0,0,0,0,1,0,5.04179E+20,5.53749E+21,9.0583E+15,4.99897E+16
93530,9,2,77,131,2018,9,11,1,3,5,3,0,0,1,0,0,0,0,0,7.75732E+20,5.38196E+21,1.27351E+16,4.85301E+16
93531,9,6,61,0,2018,9,19,6,3,2,6,2,0,1,0,0,0,0,0,5.11263E+20,5.5377E+21,9.15713E+15,4.99915E+16
93532,9,5,62,0,2018,9,13,6,3,3,6,0,1,0,0,0,0,0,0,6.44786E+20,5.49365E+21,1.10028E+16,4.95781E+16
93533,9,1,77,117,2018,9,14,1,3,3,6,0,0,1,0,0,0,0,0,7.14998E+20,5.35188E+21,1.18982E+16,4.82836E+16
93534,9,5,65,0,2018,9,15,6,3,5,2,0,0,1,0,0,0,0,0,6.47637E+20,5.46605E+21,1.1032E+16,4.93293E+16
93535,9,6,76,116,2018,9,3,7,3,9,1,2,0,1,0,0,0,0,0,5.20142E+20,5.50891E+21,9.2795E+15,4.97323E+16
93536,9,1,81,130,2018,9,13,2,3,8,1,0,1,0,0,0,0,0,0,6.36749E+20,5.31972E+21,1.08338E+16,4.80162E+16
93537,9,5,63,0,2018,9,17,6,3,4,2,0,0,1,0,0,0,0,0,6.44003E+20,5.4806E+21,1.09873E+16,4.9461E+16
93538,9,5,64,0,2018,9,16,6,3,3,6,0,0,1,0,0,0,0,0,6.53966E+20,5.47802E+21,1.11237E+16,4.94354E+16
93539,9,6,71,111,2018,9,17,7,3,5,2,0,0,1,0,1,0,0,0,5.07389E+20,5.55009E+21,9.10332E+15,5.0103E+16
93540,9,1,86,122,2018,9,18,2,3,5,3,0,0,1,0,0,0,0,0,6.92222E+20,5.39561E+21,1.16117E+16,4.86839E+16
93541,9,5,64,0,2018,9,17,6,3,2,6,0,0,1,0,0,1,0,0,6.48944E+20,5.47891E+21,1.10548E+16,4.94446E+16
93542,9,5,64,0,2018,9,15,1,3,2,6,0,0,1,0,0,0,0,0,6.49249E+20,5.47876E+21,1.10589E+16,4.94432E+16
93543,9,5,64,0,2018,9,16,6,3,3,6,0,0,1,0,0,0,0,0,6.52496E+20,5.47751E+21,1.11032E+16,4.94312E+16
93544,9,5,64,0,2018,9,22,6,3,2,6,2,0,1,0,0,0,0,0,6.50756E+20,5.4774E+21,1.10792E+16,4.94306E+16
93545,9,1,73,120,2018,9,11,1,3,1,5,0,1,1,0,0,0,0,0,6.92339E+20,5.31301E+21,1.15756E+16,4.79415E+16
93546,9,5,71,114,2018,9,16,6,2,2,6,0,0,1,0,0,0,0,0,5.99993E+20,5.45539E+21,1.03738E+16,4.92432E+16
93547,9,5,74,123,2018,9,10,7,3,2,6,0,0,1,0,0,0,0,0,6.59132E+20,5.47361E+21,1.11931E+16,4.93943E+16
93548,9,7,75,139,2018,9,11,7,3,2,6,0,0,1,0,0,0,0,0,5.76566E+20,5.3674E+21,1.00356E+16,4.84551E+16
93549,9,5,77,173,2018,9,17,6,2,8,1,0,0,1,0,0,0,0,0,6.41761E+20,5.42489E+21,1.09367E+16,4.89607E+16
93550,9,5,72,121,2018,9,11,7,3,5,7,0,0,1,0,0,0,0,0,6.60459E+20,5.49357E+21,1.12195E+16,4.95734E+16
93551,9,7,77,151,2018,9,10,7,3,5,3,0,0,1,0,0,0,0,0,6.21122E+20,5.29254E+21,1.06167E+16,4.77748E+16
93552,9,1,78,120,2018,9,10,2,3,5,2,0,0,1,0,0,0,0,0,6.95172E+20,5.35307E+21,1.16318E+16,4.83007E+16
93553,9,5,77,136,2018,9,23,6,3,6,7,2,0,1,1,0,0,0,0,6.31098E+20,5.43877E+21,1.07956E+16,4.90878E+16
93554,9,4,74,147,2018,9,10,1,2,0,7,0,0,1,0,1,0,0,0,6.58452E+20,5.5072E+21,1.11972E+16,4.96965E+16
93555,9,4,75,162,2018,9,13,6,2,3,6,0,0,1,0,0,0,1,0,7.18355E+20,5.57248E+21,1.20639E+16,5.02641E+16
93556,9,1,71,123,2018,9,10,1,3,5,2,0,1,1,0,0,0,0,0,7.85076E+20,5.35136E+21,1.28406E+16,4.82512E+16
93557,9,4,75,158,2018,9,19,6,3,2,6,1,0,1,0,0,0,0,0,7.09045E+20,5.57158E+21,1.19329E+16,5.02593E+16
93558,9,5,63,0,2018,9,11,7,2,5,3,0,1,0,0,0,0,1,0,6.42337E+20,5.48792E+21,1.09669E+16,4.95271E+16
93559,9,4,76,183,2018,9,3,1,2,8,1,2,0,0,0,1,0,0,0,6.71613E+20,5.57129E+21,1.14082E+16,5.02687E+16
93560,9,4,78,116,2018,9,10,6,3,5,3,0,0,1,0,1,0,0,0,6.57885E+20,5.55811E+21,1.12102E+16,5.01542E+16
93561,9,4,76,154,2018,9,10,6,1,2,6,0,0,0,0,0,1,1,0,6.58838E+20,5.56901E+21,1.12281E+16,5.02518E+16
93562,9,1,87,118,2018,9,20,1,3,2,6,2,0,1,0,0,0,0,0,7.52119E+20,5.30137E+21,1.23681E+16,4.78163E+16
93563,9,4,77,142,2018,9,7,6,3,2,6,0,0,1,0,0,0,0,0,6.77774E+20,5.54726E+21,1.14833E+16,5.0051E+16
93564,9,5,64,0,2018,9,14,7,3,2,6,0,0,1,0,0,0,0,0,6.47768E+20,5.47647E+21,1.10376E+16,4.94229E+16
93565,9,4,62,0,2018,9,14,6,3,2,6,0,0,1,0,0,0,0,0,6.8426E+20,5.53422E+21,1.15676E+16,4.99319E+16
93566,9,5,77,177,2018,9,17,7,3,5,3,0,1,1,0,0,0,0,0,6.43579E+20,5.43255E+21,1.09642E+16,4.90291E+16
93567,9,1,62,0,2018,9,14,1,3,2,6,0,0,1,0,0,0,0,0,6.91784E+20,5.3319E+21,1.15766E+16,4.81115E+16
93568,9,4,74,122,2018,9,3,6,2,8,1,2,0,1,0,0,0,0,0,6.51044E+20,5.50211E+21,1.10926E+16,4.96526E+16
93569,9,7,75,152,2018,9,18,7,3,2,2,0,1,1,0,0,0,0,0,5.76705E+20,5.35285E+21,1.00348E+16,4.83241E+16
93570,9,3,75,210,2018,9,15,1,3,2,6,0,0,1,0,0,0,0,0,7.46079E+20,5.43342E+21,1.2365E+16,4.90046E+16
93571,9,4,74,123,2018,9,12,6,3,5,3,0,0,1,0,0,0,0,0,6.5149E+20,5.51303E+21,1.1103E+16,4.97507E+16
93572,9,1,86,152,2018,9,15,1,3,2,6,0,0,1,0,1,0,0,0,6.92398E+20,5.37573E+21,1.16049E+16,4.85052E+16
93573,9,3,77,118,2018,9,12,6,3,0,1,0,0,0,0,1,0,0,0,7.22946E+20,5.53029E+21,1.21036E+16,4.98835E+16
93574,9,5,77,168,2018,9,11,7,2,8,1,0,1,0,0,0,0,0,0,6.45448E+20,5.41695E+21,1.09842E+16,4.88885E+16
93575,9,1,87,117,2018,9,17,2,3,2,6,0,0,1,0,0,0,0,0,7.25545E+20,5.30106E+21,1.20134E+16,4.78233E+16
93576,9,3,74,158,2018,9,8,6,3,8,1,0,0,1,0,0,0,0,1,7.3017E+20,5.51616E+21,1.21956E+16,4.97538E+16
93577,9,5,71,193,2018,9,17,7,2,5,3,0,1,1,0,0,0,0,0,5.86315E+20,5.47122E+21,1.01894E+16,4.93876E+16
93578,9,6,78,138,2018,9,14,1,3,5,2,0,0,1,0,0,0,0,0,5.97341E+20,5.54079E+21,1.03586E+16,5.00114E+16
93579,9,3,77,129,2018,9,4,6,3,8,1,2,0,0,0,0,1,0,0,7.0684E+20,5.52712E+21,1.1878E+16,4.98608E+16
93580,9,5,75,179,2018,9,19,7,2,8,1,1,0,1,0,0,0,0,0,5.91565E+20,5.49122E+21,1.02663E+16,4.95666E+16
93581,9,7,77,171,2018,9,5,1,3,8,1,2,0,1,0,0,0,0,0,6.2658E+20,5.28879E+21,1.06884E+16,4.77401E+16
93582,9,3,76,164,2018,9,12,6,3,9,1,0,0,1,0,0,0,0,0,7.41346E+20,5.47256E+21,1.23238E+16,4.93579E+16
93583,9,3,76,161,2018,9,17,1,2,2,3,0,0,1,0,1,0,0,0,7.27952E+20,5.47066E+21,1.21386E+16,4.93461E+16
93584,9,3,76,116,2018,9,12,6,3,5,2,0,0,0,0,1,0,1,0,7.40996E+20,5.46299E+21,1.23132E+16,4.92721E+16
93585,9,3,76,119,2018,9,1,6,3,0,1,2,0,1,0,0,0,0,1,7.19516E+20,5.45636E+21,1.20148E+16,4.92206E+16
93586,9,1,81,132,2018,9,17,1,3,7,7,0,0,1,0,0,0,0,0,6.47676E+20,5.32492E+21,1.09821E+16,4.80605E+16
93587,9,3,61,0,2018,9,12,6,3,3,2,0,1,1,0,0,0,0,0,7.06424E+20,5.48098E+21,1.18479E+16,4.94464E+16
93588,9,5,61,0,2018,9,22,7,2,5,3,2,1,1,0,0,0,0,0,6.11836E+20,5.4642E+21,1.05389E+16,4.93203E+16
93589,9,1,85,149,2018,9,16,2,3,5,3,0,1,1,0,0,0,0,0,6.66204E+20,5.39676E+21,1.12589E+16,4.87017E+16
93590,9,3,71,122,2018,9,6,6,3,4,2,2,0,1,0,0,0,0,1,7.0846E+20,5.48608E+21,1.18787E+16,4.94915E+16
93591,9,5,72,121,2018,9,17,1,3,8,1,0,1,0,0,0,0,0,0,6.60376E+20,5.49632E+21,1.12194E+16,4.95982E+16
93592,9,3,71,136,2018,9,21,6,3,2,6,2,0,0,0,1,0,0,0,7.08543E+20,5.47786E+21,1.18755E+16,4.94176E+16
93593,9,3,71,122,2018,9,7,6,3,4,2,0,0,1,0,0,0,0,1,7.08465E+20,5.48609E+21,1.18787E+16,4.94916E+16
93594,9,2,79,125,2018,9,11,1,3,8,1,0,0,1,0,0,0,0,0,7.64742E+20,5.3944E+21,1.25945E+16,4.86465E+16
93595,9,2,71,140,2018,9,5,6,3,3,6,2,0,0,0,0,0,1,1,7.83324E+20,5.41884E+21,1.2863E+16,4.88578E+16
93596,9,2,63,0,2018,9,17,6,2,0,1,0,0,1,0,0,0,0,0,7.59295E+20,5.42214E+21,1.25381E+16,4.88979E+16
93597,9,2,78,187,2018,9,13,1,2,8,1,0,0,0,0,1,0,0,0,7.81303E+20,5.424E+21,1.28391E+16,4.8905E+16
93598,9,2,78,190,2018,9,13,6,3,5,2,0,0,1,0,0,1,0,0,7.63337E+20,5.42799E+21,1.2597E+16,4.89487E+16
93599,9,2,78,146,2018,9,5,6,3,8,1,2,0,1,0,0,0,0,1,7.64515E+20,5.40651E+21,1.25991E+16,4.87553E+16
93600,9,1,81,114,2018,9,10,1,3,2,6,0,0,1,0,1,0,0,0,6.5704E+20,5.31265E+21,1.11032E+16,4.79479E+16
93601,9,2,76,127,2018,9,13,6,2,4,3,0,0,1,0,1,0,0,1,8.10306E+20,5.42619E+21,1.32355E+16,4.89108E+16
93602,9,5,61,0,2018,9,2,7,1,9,1,2,0,1,0,0,0,0,0,6.17387E+20,5.46055E+21,1.06142E+16,4.92865E+16
93603,9,1,76,112,2018,9,16,2,3,5,2,0,0,1,0,0,0,0,0,6.91782E+20,5.41773E+21,1.1616E+16,4.88828E+16
93604,9,2,71,146,2018,9,11,6,2,5,3,0,0,1,0,0,1,0,1,7.86755E+20,5.41211E+21,1.2905E+16,4.87957E+16
93605,9,1,74,146,2018,9,2,6,3,0,1,2,0,1,0,0,0,0,1,6.65226E+20,5.35162E+21,1.12278E+16,4.82962E+16
93606,9,5,75,144,2018,9,23,1,2,9,1,2,0,1,0,0,0,0,0,6.04345E+20,5.50144E+21,1.04457E+16,4.96565E+16
93607,9,2,71,119,2018,9,13,6,3,1,6,0,0,1,0,0,1,0,0,7.90802E+20,5.41589E+21,1.29626E+16,4.88278E+16
93608,9,2,71,113,2018,9,7,6,3,4,6,0,0,1,0,0,1,0,1,8.00245E+20,5.41541E+21,1.30906E+16,4.8819E+16
93609,9,1,80,117,2018,9,12,1,2,0,1,0,1,0,0,0,0,0,0,6.62504E+20,5.26162E+21,1.11572E+16,4.74877E+16
93610,9,2,75,153,2018,9,12,6,3,1,7,0,0,1,0,1,0,0,1,8.44045E+20,5.39115E+21,1.36652E+16,4.85788E+16
93611,9,4,75,168,2018,9,18,7,3,4,2,0,0,1,0,1,0,0,0,7.10751E+20,5.56618E+21,1.19538E+16,5.02102E+16
93612,9,2,75,154,2018,9,7,6,3,2,6,1,0,1,0,0,0,0,1,8.08333E+20,5.39539E+21,1.31855E+16,4.86354E+16
93613,9,4,76,145,2018,9,14,7,3,5,2,0,1,1,0,0,0,0,0,6.65851E+20,5.56706E+21,1.13255E+16,5.02324E+16
93614,9,1,62,0,2018,9,23,1,3,5,2,2,0,1,0,0,0,0,1,6.86893E+20,5.33515E+21,1.15124E+16,4.81421E+16
93615,9,2,75,154,2018,9,13,6,3,4,6,0,0,1,0,0,1,0,0,8.06383E+20,5.39167E+21,1.31564E+16,4.86031E+16
93616,9,1,77,127,2018,9,17,1,3,3,2,0,0,1,0,1,0,0,0,7.25958E+20,5.35316E+21,1.20465E+16,4.82913E+16
93617,9,2,62,0,2018,9,7,6,3,1,6,0,0,1,0,0,0,0,1,8.28599E+20,5.38996E+21,1.34555E+16,4.85764E+16
93618,9,1,79,126,2018,9,8,2,3,5,3,0,1,1,0,0,0,0,0,6.76789E+20,5.34002E+21,1.13787E+16,4.81888E+16
93619,9,2,75,116,2018,9,10,6,2,8,1,0,0,1,0,0,0,0,1,8.21248E+20,5.36622E+21,1.33379E+16,4.83672E+16
93620,9,6,74,133,2018,9,15,1,3,3,6,0,0,1,0,0,0,0,0,6.2027E+20,5.53752E+21,1.06775E+16,4.99779E+16
93621,9,2,72,120,2018,9,17,6,1,4,1,0,0,0,0,1,1,0,1,8.23432E+20,5.42072E+21,1.34098E+16,4.88551E+16
93622,9,1,89,114,2018,9,18,1,3,5,3,0,1,1,0,0,0,0,0,7.64232E+20,5.30988E+21,1.25348E+16,4.78878E+16
93623,9,2,77,138,2018,9,15,6,3,8,1,0,0,1,0,0,0,0,0,7.88521E+20,5.37532E+21,1.29034E+16,4.84648E+16
93624,9,2,77,116,2018,9,7,6,3,2,6,0,0,1,0,1,0,0,1,7.7895E+20,5.36684E+21,1.27685E+16,4.83929E+16
93625,9,7,75,152,2018,9,15,1,3,0,7,0,1,0,0,0,0,0,0,5.80184E+20,5.35211E+21,1.00816E+16,4.83171E+16
93626,9,2,79,116,2018,9,8,6,3,2,6,0,0,1,0,0,0,0,1,7.59356E+20,5.39589E+21,1.25224E+16,4.86622E+16
93627,9,3,75,165,2018,9,12,1,3,2,6,0,0,0,0,1,0,0,0,7.2141E+20,5.44231E+21,1.2033E+16,4.90938E+16
93628,9,2,74,111,2018,9,18,6,3,9,1,0,0,1,0,0,0,0,0,7.43244E+20,5.38294E+21,1.22964E+16,4.85523E+16
93629,9,2,61,0,2018,9,16,6,3,4,6,0,0,1,0,0,0,0,0,7.40704E+20,5.38662E+21,1.22642E+16,4.85863E+16
93630,9,4,61,0,2018,9,19,1,3,2,6,2,0,1,0,0,0,0,0,6.38006E+20,5.52868E+21,1.09215E+16,4.98946E+16
93631,9,2,79,135,2018,9,15,6,3,5,3,0,0,1,0,0,0,0,0,7.75281E+20,5.3848E+21,1.27309E+16,4.85558E+16
93632,9,1,63,0,2018,9,14,1,3,2,6,0,0,1,0,1,0,0,0,7.33534E+20,5.30278E+21,1.21209E+16,4.78359E+16
93633,9,1,90,157,2018,9,8,6,3,5,3,0,1,1,0,0,0,0,1,6.60427E+20,5.30052E+21,1.1144E+16,4.7838E+16
93634,9,1,90,141,2018,9,11,6,3,4,2,0,0,1,0,1,0,0,0,6.77503E+20,5.29071E+21,1.1368E+16,4.77453E+16
93635,9,7,61,0,2018,9,1,1,3,8,1,2,0,1,0,0,0,0,0,6.43398E+20,5.36075E+21,1.09368E+16,4.83836E+16
93636,9,1,80,112,2018,9,11,6,3,6,2,0,1,0,1,0,0,0,0,6.53973E+20,5.28126E+21,1.1051E+16,4.76664E+16
93637,9,2,71,125,2018,9,11,1,3,2,6,0,0,1,0,0,0,0,0,7.97696E+20,5.40937E+21,1.30516E+16,4.87661E+16
93638,9,1,80,123,2018,9,19,6,2,8,1,1,0,0,0,1,0,0,0,6.70157E+20,5.25567E+21,1.12565E+16,4.74323E+16
93639,9,1,80,117,2018,9,13,6,2,3,6,0,0,1,0,1,0,0,0,6.58333E+20,5.26313E+21,1.11025E+16,4.75024E+16
93640,9,1,88,139,2018,9,18,1,3,2,6,0,0,1,0,0,0,0,0,6.74108E+20,5.31726E+21,1.13334E+16,4.79849E+16
93641,9,1,89,133,2018,9,6,6,3,7,7,0,0,1,0,0,0,0,1,7.58392E+20,5.32148E+21,1.24637E+16,4.79943E+16
93642,9,7,75,135,2018,9,17,7,2,5,3,0,1,0,0,0,0,0,0,5.74694E+20,5.36071E+21,1.0009E+16,4.83951E+16
93643,9,1,86,137,2018,9,17,2,3,4,2,0,0,1,0,1,0,0,0,6.84636E+20,5.39925E+21,1.15103E+16,4.87189E+16
93644,9,1,89,154,2018,9,13,6,3,9,1,0,0,1,0,0,0,0,1,7.67233E+20,5.31665E+21,1.2579E+16,4.79473E+16
93645,9,1,76,124,2018,9,10,1,3,3,6,0,0,0,0,1,0,0,0,6.69735E+20,5.41098E+21,1.13128E+16,4.88286E+16
93646,9,1,83,128,2018,9,12,6,3,5,3,0,0,1,0,0,0,0,0,7.61378E+20,5.34906E+21,1.25206E+16,4.82408E+16
93647,9,1,61,0,2018,9,12,2,3,3,6,0,1,1,0,0,0,0,0,6.72235E+20,5.40402E+21,1.13439E+16,4.87654E+16
93648,9,1,72,122,2018,9,18,6,2,6,4,0,0,1,1,0,0,0,1,7.93574E+20,5.31676E+21,1.29311E+16,4.79368E+16
93649,9,5,74,164,2018,9,12,1,3,3,6,0,0,1,0,0,0,0,0,6.66979E+20,5.4747E+21,1.13016E+16,4.94021E+16
93650,9,1,71,119,2018,9,12,6,2,8,1,0,0,1,0,0,0,0,1,7.75012E+20,5.33533E+21,1.2695E+16,4.81118E+16
93651,9,1,71,123,2018,9,6,6,2,4,2,1,0,1,0,1,0,0,1,7.84626E+20,5.35074E+21,1.28342E+16,4.82459E+16
93652,9,2,62,0,2018,9,13,1,3,2,6,0,0,0,0,1,0,0,0,8.30108E+20,5.38787E+21,1.34742E+16,4.85569E+16
93653,9,1,71,115,2018,9,12,6,3,2,6,0,0,1,0,0,1,0,1,7.77171E+20,5.35796E+21,1.27387E+16,4.8314E+16
93654,9,1,87,169,2018,9,7,6,3,9,1,0,0,1,0,0,0,0,1,7.3784E+20,5.29922E+21,1.21764E+16,4.78024E+16
93655,9,1,74,126,2018,9,15,1,3,6,2,0,0,1,1,0,0,0,0,6.83681E+20,5.34395E+21,1.14731E+16,4.82221E+16
93656,9,1,63,0,2018,9,6,6,3,5,3,1,0,1,0,1,0,0,1,7.30922E+20,5.30339E+21,1.20864E+16,4.78423E+16
93657,9,1,74,146,2018,9,6,2,3,2,6,1,0,1,0,0,0,0,0,6.66911E+20,5.35091E+21,1.12502E+16,4.82894E+16
93658,9,1,61,0,2018,9,13,6,2,4,6,0,1,0,0,1,0,0,0,6.78682E+20,5.40302E+21,1.14311E+16,4.87545E+16
93659,9,1,79,121,2018,9,11,6,3,5,3,0,1,1,0,0,0,0,0,6.65838E+20,5.33858E+21,1.1231E+16,4.81788E+16
93660,9,4,78,144,2018,9,16,1,3,8,1,0,0,1,0,0,0,0,0,6.56064E+20,5.55874E+21,1.1185E+16,5.01603E+16
93661,9,4,76,145,2018,9,14,7,2,9,1,0,0,0,0,1,0,0,0,6.64046E+20,5.56496E+21,1.12993E+16,5.02141E+16
93662,9,1,62,0,2018,9,17,3,3,2,6,0,0,1,0,0,0,0,0,6.93757E+20,5.33701E+21,1.16054E+16,4.81568E+16
93663,9,5,64,0,2018,9,17,5,1,6,3,0,1,0,1,0,0,0,0,6.47569E+20,5.48027E+21,1.10363E+16,4.94572E+16