OBJECTID_1,ULAND,UREGBEZ,UKREIS,UGEMEINDE,UJAHR,UMONAT,USTUNDE,UWOCHENTAG,UKATEGORIE,UART,UTYP1,ULICHTVERH,IstRad,IstPKW,IstFuss,IstKrad,IstGkfz,IstSonstig,STRZUSTAND,LINREFX,LINREFY,XGCSWGS84,YGCSWGS84
93851,9,1,84,135,2018,9,16,2,3,5,3,0,0,1,0,1,0,0,0,6.89631E+20,5.34774E+21,1.15548E+16,4.82545E+16
93852,9,1,74,113,2018,9,10,4,3,2,6,0,0,1,0,0,0,0,0,6.7891E+20,5.34198E+21,1.14081E+16,4.82058E+16
93853,9,5,64,0,2018,9,5,4,3,2,6,1,0,1,0,0,0,0,0,6.52531E+20,5.48263E+21,1.11057E+16,4.94772E+16
93854,9,1,84,132,2018,9,13,2,3,1,6,0,0,1,0,0,0,0,0,6.83988E+20,5.32933E+21,1.14709E+16,4.80907E+16
93855,9,4,79,112,2018,9,16,5,3,2,6,0,0,1,0,1,0,0,0,7.25737E+20,5.5472E+21,1.21523E+16,5.00343E+16
93856,9,1,62,0,2018,9,18,2,3,3,2,0,1,1,0,0,0,0,0,6.9868E+20,5.32957E+21,1.16681E+16,4.80884E+16
93857,9,1,81,135,2018,9,6,4,3,5,3,2,0,1,0,1,0,0,0,6.45791E+20,5.30848E+21,1.09512E+16,4.79131E+16
93858,9,5,74,154,2018,9,18,4,3,5,2,0,1,1,0,0,0,0,0,6.6224E+20,5.48468E+21,1.12404E+16,4.94931E+16
93859,9,1,62,0,2018,9,8,2,2,6,2,0,0,1,1,0,0,0,0,6.9288E+20,5.33125E+21,1.1591E+16,4.81053E+16
93860,9,5,77,138,2018,9,12,5,3,4,6,0,0,1,0,0,1,0,0,6.33723E+20,5.45037E+21,1.08353E+16,4.91915E+16
93861,9,3,61,0,2018,9,15,4,3,2,6,0,0,1,0,0,0,0,0,7.06578E+20,5.48289E+21,1.1851E+16,4.94635E+16
93862,9,7,75,152,2018,9,8,2,3,0,2,0,0,0,0,1,1,0,0,5.7978E+20,5.35215E+21,1.00761E+16,4.83175E+16
93863,9,1,90,130,2018,9,12,5,3,8,1,0,0,1,0,0,0,0,0,6.50445E+20,5.29435E+21,1.10085E+16,4.77849E+16
93864,9,7,75,135,2018,9,18,2,3,3,2,0,1,1,0,0,0,0,0,5.74523E+20,5.36088E+21,1.00068E+16,4.83967E+16
93865,9,7,63,0,2018,9,18,2,3,5,3,0,1,1,0,0,0,0,0,5.98333E+20,5.28631E+21,1.03112E+16,4.77226E+16
93866,9,1,88,124,2018,9,22,4,3,0,7,2,1,0,0,0,0,0,0,6.59136E+20,5.32249E+21,1.11348E+16,4.80359E+16
93867,9,7,63,0,2018,9,7,4,3,5,3,0,1,1,0,0,0,0,0,5.98404E+20,5.28788E+21,1.03125E+16,4.77368E+16
93868,9,7,80,143,2018,9,12,2,2,8,1,0,0,1,0,0,0,0,0,5.97476E+20,5.2805E+21,1.02985E+16,4.76705E+16
93869,9,1,81,123,2018,9,18,4,2,2,6,0,0,1,0,1,0,0,0,6.5578E+20,5.32669E+21,1.10914E+16,4.80744E+16
93870,9,1,72,118,2018,9,14,4,3,3,2,0,1,0,0,0,1,0,0,7.97119E+20,5.30649E+21,1.29713E+16,4.7843E+16
93871,9,4,64,0,2018,9,7,4,3,6,2,0,0,1,1,0,0,0,1,7.08213E+20,5.5764E+21,1.19239E+16,5.0303E+16
93872,9,7,76,116,2018,9,11,2,3,0,1,0,1,0,0,0,0,0,0,5.53033E+20,5.2671E+21,9.7049E+15,4.75551E+16
93873,9,3,74,118,2018,9,15,5,3,2,2,0,0,1,0,1,0,0,0,7.5516E+20,5.49703E+21,1.25295E+16,4.9572E+16
93874,9,2,79,112,2018,9,17,4,2,2,1,0,0,1,0,0,0,0,0,7.58346E+20,5.39561E+21,1.25086E+16,4.86601E+16
93875,9,1,87,142,2018,9,12,5,3,2,6,0,0,1,0,0,0,0,0,7.33904E+20,5.3152E+21,1.21326E+16,4.79474E+16
93876,9,7,77,169,2018,9,22,2,2,5,2,2,0,1,0,0,0,0,0,6.28706E+20,5.26944E+21,1.07111E+16,4.75656E+16
93877,9,7,79,155,2018,9,8,2,3,4,2,0,0,1,0,0,0,0,0,6.24374E+20,5.40466E+21,1.06931E+16,4.87825E+16
93878,9,1,74,126,2018,9,14,4,3,3,6,0,0,1,0,0,0,0,0,6.83381E+20,5.34421E+21,1.14692E+16,4.82246E+16
93879,9,2,75,130,2018,9,11,4,3,2,6,0,0,1,0,0,0,0,0,8.13281E+20,5.36215E+21,1.32276E+16,4.83347E+16
93880,9,7,72,147,2018,9,23,2,3,2,6,2,0,1,0,0,0,0,0,6.37924E+20,5.36411E+21,1.0864E+16,4.84151E+16
93881,9,1,89,155,2018,9,8,5,3,5,3,0,0,1,0,1,0,0,0,7.72939E+20,5.30777E+21,1.26497E+16,4.78652E+16
93882,9,7,71,160,2018,9,5,2,3,4,1,0,0,1,0,0,0,1,0,6.55118E+20,5.34915E+21,1.10907E+16,4.82765E+16
93883,9,7,71,130,2018,9,17,2,3,5,3,0,1,1,0,0,0,0,0,6.47032E+20,5.35755E+21,1.09847E+16,4.8354E+16
93884,9,1,74,115,2018,9,8,4,3,5,3,0,0,1,0,0,0,0,0,6.8235E+20,5.35066E+21,1.14581E+16,4.82829E+16
93885,9,7,73,125,2018,9,17,4,3,5,3,0,0,1,0,1,0,0,0,6.11685E+20,5.37956E+21,1.05137E+16,4.85592E+16
93886,9,7,72,125,2018,9,14,2,3,5,3,0,1,1,0,0,0,0,0,6.35789E+20,5.34762E+21,1.08298E+16,4.82673E+16
93887,9,1,75,111,2018,9,9,4,3,2,6,0,0,1,0,0,0,0,0,7.10717E+20,5.3383E+21,1.18339E+16,4.8163E+16
93888,9,4,77,142,2018,9,7,4,3,8,1,0,0,0,0,1,0,0,0,6.8027E+20,5.5445E+21,1.15169E+16,5.00255E+16
93889,9,7,71,112,2018,9,16,2,2,5,3,0,1,1,0,0,0,0,0,6.42969E+20,5.36703E+21,1.09331E+16,4.84402E+16
93890,9,3,71,151,2018,9,13,5,3,2,6,0,0,1,0,0,0,0,0,7.00936E+20,5.48575E+21,1.17747E+16,4.94911E+16
93891,9,1,90,115,2018,9,10,4,3,0,7,0,1,0,0,0,0,0,0,6.70861E+20,5.30462E+21,1.12849E+16,4.78722E+16
93892,9,1,88,139,2018,9,9,5,3,0,1,0,1,0,0,0,0,0,0,6.73229E+20,5.31766E+21,1.13218E+16,4.79888E+16
93893,9,7,71,156,2018,9,6,2,3,9,7,2,0,1,0,0,0,0,0,6.49167E+20,5.38364E+21,1.10228E+16,4.8588E+16
93894,9,7,71,113,2018,9,7,2,3,2,6,0,0,1,0,0,0,0,0,6.58493E+20,5.36768E+21,1.11431E+16,4.84423E+16
93895,9,1,62,0,2018,9,6,4,3,9,1,1,0,1,0,0,0,0,1,6.95261E+20,5.34412E+21,1.16289E+16,4.82202E+16
93896,9,6,77,164,2018,9,16,4,2,8,1,0,0,0,0,1,0,0,0,5.44797E+20,5.54154E+21,9.62539E+15,5.00245E+16
93897,9,6,79,185,2018,9,4,2,3,9,1,2,0,1,0,0,0,0,1,5.75933E+20,5.51436E+21,1.00547E+16,4.97769E+16
93898,9,1,75,132,2018,9,15,4,3,5,3,0,0,1,0,0,1,0,0,7.07798E+20,5.33356E+21,1.17923E+16,4.81214E+16
93899,9,5,62,0,2018,9,13,5,3,2,6,0,0,0,0,1,0,0,0,6.4755E+20,5.49558E+21,1.10418E+16,4.95948E+16
93900,9,7,71,113,2018,9,5,4,3,2,6,2,0,1,0,0,0,0,0,6.56739E+20,5.36681E+21,1.11191E+16,4.84349E+16
93901,9,6,73,172,2018,9,14,2,2,8,1,0,0,1,0,0,0,0,0,6.09879E+20,5.56887E+21,1.05416E+16,5.02617E+16
93902,9,1,78,124,2018,9,19,4,3,4,2,2,0,1,0,0,0,0,1,7.03302E+20,5.36105E+21,1.17452E+16,4.83698E+16
93903,9,3,74,162,2018,9,17,4,3,9,1,0,0,1,0,0,0,0,0,7.41837E+20,5.50162E+21,1.23484E+16,4.96187E+16
93904,9,6,73,173,2018,9,22,2,2,8,1,2,0,0,0,0,1,0,0,5.99732E+20,5.56767E+21,1.0399E+16,5.02527E+16
93905,9,2,75,122,2018,9,13,5,2,2,6,0,0,1,0,0,1,0,0,8.23012E+20,5.37864E+21,1.33712E+16,4.84778E+16
93906,9,6,72,114,2018,9,16,2,3,0,7,0,0,1,1,0,0,0,0,5.75368E+20,5.56041E+21,1.00558E+16,5.01911E+16
93907,9,1,74,113,2018,9,18,5,3,4,2,0,0,1,0,0,0,0,0,6.78214E+20,5.35026E+21,1.14022E+16,4.82804E+16
93908,9,6,78,181,2018,9,11,2,3,5,3,0,0,1,0,1,0,0,0,5.95212E+20,5.55645E+21,1.03328E+16,5.01527E+16
93909,9,6,78,136,2018,9,6,2,2,4,6,1,0,0,0,1,0,0,0,5.85929E+20,5.53876E+21,1.01989E+16,4.99949E+16
93910,9,1,77,117,2018,9,10,4,3,4,6,0,0,1,0,0,0,0,0,7.18017E+20,5.35463E+21,1.19403E+16,4.83072E+16
93911,9,5,62,0,2018,9,10,4,3,3,6,0,1,0,0,0,0,0,0,6.4567E+20,5.49346E+21,1.1015E+16,4.95762E+16
93912,9,6,76,145,2018,9,15,2,3,2,6,0,0,1,0,0,0,0,0,5.10624E+20,5.52057E+21,9.14774E+15,4.98375E+16
93913,9,5,63,0,2018,9,17,5,3,6,4,0,0,1,1,0,0,0,0,6.43591E+20,5.48197E+21,1.09821E+16,4.94734E+16
93914,9,3,71,116,2018,9,7,4,3,4,2,1,0,1,0,0,0,0,1,6.92469E+20,5.47862E+21,1.16545E+16,4.94297E+16
93915,9,5,76,151,2018,9,15,2,3,3,6,0,0,1,0,0,0,0,0,6.60159E+20,5.46714E+21,1.12046E+16,4.9336E+16
93916,9,2,74,121,2018,9,16,5,3,5,3,0,0,1,0,0,0,0,0,7.25121E+20,5.36853E+21,1.20434E+16,4.84296E+16
93917,9,5,72,132,2018,9,16,2,2,3,6,0,1,0,0,0,0,0,0,6.3894E+20,5.49346E+21,1.0922E+16,4.95777E+16
93918,9,5,76,142,2018,9,7,2,3,3,6,1,1,1,0,0,0,0,1,6.37854E+20,5.46695E+21,1.08977E+16,4.93397E+16
93919,9,3,73,147,2018,9,7,4,3,6,4,1,0,1,1,0,0,0,1,6.79075E+20,5.46119E+21,1.14621E+16,4.92772E+16
93920,9,5,74,138,2018,9,8,2,3,2,6,0,0,1,0,0,0,0,0,6.66689E+20,5.48757E+21,1.1303E+16,4.95179E+16
93921,9,2,77,151,2018,9,6,5,3,5,3,1,0,1,0,0,0,0,0,7.73596E+20,5.36666E+21,1.26962E+16,4.83937E+16
93922,9,5,74,161,2018,9,7,2,3,2,6,1,0,1,0,0,0,0,0,6.80209E+20,5.49238E+21,1.14918E+16,4.95572E+16
93923,9,1,75,133,2018,9,12,5,3,9,2,0,0,1,0,0,0,1,0,7.08666E+20,5.34077E+21,1.18075E+16,4.81858E+16
93924,9,5,64,0,2018,9,13,2,3,1,6,0,0,1,0,0,0,0,0,6.49548E+20,5.48223E+21,1.10643E+16,4.94743E+16
93925,9,5,64,0,2018,9,18,2,3,5,3,0,0,1,0,0,0,0,0,6.44572E+20,5.478E+21,1.09942E+16,4.94375E+16
93926,9,1,77,115,2018,9,16,4,3,0,1,0,1,0,0,0,0,0,0,7.30967E+20,5.3484E+21,1.21113E+16,4.82467E+16
93927,9,5,74,128,2018,9,7,4,3,4,6,0,0,1,0,0,0,0,0,6.78974E+20,5.48623E+21,1.1472E+16,4.95023E+16
93928,9,5,73,114,2018,9,11,2,3,2,6,0,0,1,0,0,0,0,0,6.34048E+20,5.48379E+21,1.0851E+16,4.94919E+16
93929,9,1,89,139,2018,9,15,2,2,2,2,0,1,0,0,1,0,0,0,7.66172E+20,5.28578E+21,1.25459E+16,4.76706E+16
93930,9,5,75,135,2018,9,19,5,1,4,6,0,0,0,0,1,0,1,0,6.09071E+20,5.48722E+21,1.05072E+16,4.95278E+16
93931,9,2,76,138,2018,9,12,4,2,5,3,0,0,1,0,0,0,0,0,8.02438E+20,5.43385E+21,1.3134E+16,4.89834E+16
93932,9,5,71,228,2018,9,7,2,3,8,1,0,0,1,0,0,1,0,0,5.89094E+20,5.45227E+21,1.02234E+16,4.92167E+16
93933,9,1,73,133,2018,9,17,5,3,9,7,0,0,0,0,1,0,1,1,6.7689E+20,5.27866E+21,1.13549E+16,4.76371E+16
93934,9,5,75,145,2018,9,17,2,3,4,1,0,0,1,0,0,0,0,0,6.21115E+20,5.48485E+21,1.06729E+16,4.95041E+16
93935,9,5,75,168,2018,9,14,2,3,2,6,0,0,1,0,0,0,0,0,5.89119E+20,5.48889E+21,1.0232E+16,4.95461E+16
93936,9,1,77,139,2018,9,12,4,3,6,7,0,0,1,1,0,0,0,0,7.35692E+20,5.3602E+21,1.21814E+16,4.83509E+16
93937,9,7,77,151,2018,9,12,4,2,9,1,0,0,1,0,0,0,0,0,6.22464E+20,5.29099E+21,1.06342E+16,4.77607E+16
93938,9,4,73,166,2018,9,18,2,3,2,5,0,0,1,0,1,0,0,0,6.5016E+20,5.56828E+21,1.11062E+16,5.02475E+16
93939,9,1,62,0,2018,9,9,3,3,0,3,0,0,0,0,0,0,1,0,6.82918E+20,5.33547E+21,1.14592E+16,4.81462E+16
93940,9,4,63,0,2018,9,7,4,3,0,1,0,1,0,0,0,0,0,0,6.3692E+20,5.56916E+21,1.09209E+16,5.02587E+16
93941,9,7,75,135,2018,9,9,4,3,2,6,0,0,1,0,0,1,0,0,5.76539E+20,5.35983E+21,1.00338E+16,4.8387E+16
93942,9,4,78,165,2018,9,15,2,3,4,3,0,0,1,0,1,0,0,0,6.43019E+20,5.55182E+21,1.09999E+16,5.01014E+16
93943,9,4,78,176,2018,9,14,2,2,8,1,0,0,0,0,0,0,1,0,6.6147E+20,5.54178E+21,1.12535E+16,5.00064E+16
93944,9,5,71,171,2018,9,18,4,2,8,1,0,1,0,0,0,0,0,0,6.1134E+20,5.46694E+21,1.05329E+16,4.9345E+16
93945,9,4,74,126,2018,9,15,2,3,3,2,0,0,1,0,1,0,0,0,6.51023E+20,5.50909E+21,1.1095E+16,4.97154E+16
93946,9,4,77,139,2018,9,14,5,3,2,6,0,0,1,0,0,0,1,0,6.89874E+20,5.55056E+21,1.16538E+16,5.00769E+16
93947,9,2,77,121,2018,9,15,4,3,8,1,0,0,1,0,0,0,0,0,7.67669E+20,5.37441E+21,1.26213E+16,4.84658E+16
93948,9,1,89,154,2018,9,19,5,3,3,2,0,1,1,0,0,0,0,0,7.68224E+20,5.31828E+21,1.25933E+16,4.79616E+16
93949,9,4,71,119,2018,9,18,2,2,2,6,0,0,1,0,0,0,0,0,6.3554E+20,5.53715E+21,1.08902E+16,4.99713E+16
93950,9,4,71,115,2018,9,14,2,3,5,3,0,1,1,0,0,0,0,0,6.32876E+20,5.53852E+21,1.08535E+16,4.99842E+16
93951,9,7,72,216,2018,9,9,4,3,1,5,0,0,1,0,0,0,0,0,6.22701E+20,5.36833E+21,1.06596E+16,4.84561E+16
93952,9,3,77,132,2018,9,13,2,3,0,7,0,0,0,0,1,0,0,0,7.21959E+20,5.52367E+21,1.20861E+16,4.98244E+16
93953,9,4,61,0,2018,9,18,4,3,1,7,0,1,1,0,0,0,0,0,6.35443E+20,5.52979E+21,1.08862E+16,4.99052E+16
93954,9,3,77,129,2018,9,7,2,3,5,3,0,0,1,0,0,0,1,0,7.07754E+20,5.52536E+21,1.18898E+16,4.98446E+16
93955,9,3,76,141,2018,9,12,5,3,0,1,0,0,0,0,0,0,1,0,7.2515E+20,5.45095E+21,1.2089E+16,4.917E+16
93956,9,3,72,142,2018,9,19,2,2,8,1,2,0,0,0,1,0,0,0,7.59522E+20,5.44892E+21,1.25584E+16,4.91382E+16
93957,9,3,72,116,2018,9,17,2,3,2,6,0,0,1,0,0,0,0,0,7.67166E+20,5.45739E+21,1.26686E+16,4.92109E+16
93958,9,3,72,161,2018,9,6,5,3,2,2,0,0,1,0,0,0,1,0,7.56148E+20,5.46374E+21,1.25216E+16,4.92727E+16
93959,9,2,79,132,2018,9,6,4,2,5,2,1,0,0,0,1,1,0,0,7.70395E+20,5.40007E+21,1.26748E+16,4.8695E+16
93960,9,1,87,137,2018,9,16,5,3,2,6,0,0,1,0,0,0,0,0,7.27579E+20,5.30831E+21,1.20444E+16,4.78877E+16
93961,9,3,71,151,2018,9,17,2,3,3,2,0,1,1,0,0,0,0,0,6.97624E+20,5.48636E+21,1.17294E+16,4.94977E+16
93962,9,3,76,163,2018,9,7,2,3,2,7,0,0,1,0,0,0,0,0,7.27577E+20,5.4753E+21,1.21361E+16,4.93878E+16
93963,9,6,63,0,2018,9,13,4,2,2,6,0,0,1,0,1,0,0,0,5.71524E+20,5.51621E+21,9.99378E+15,4.97941E+16
93964,9,3,71,150,2018,9,8,2,3,4,2,0,0,1,0,0,0,1,0,7.15583E+20,5.49206E+21,1.19802E+16,4.95427E+16
93965,9,3,75,180,2018,9,6,4,3,3,6,0,0,1,0,0,1,0,0,7.24392E+20,5.43096E+21,1.20675E+16,4.89907E+16
93966,9,2,78,116,2018,9,15,2,3,4,6,0,0,1,0,0,1,0,0,7.66387E+20,5.43545E+21,1.26434E+16,4.90144E+16
93967,9,2,75,134,2018,9,23,5,3,8,6,2,0,0,0,1,0,0,0,8.26136E+20,5.37533E+21,1.34108E+16,4.84465E+16
93968,9,2,75,111,2018,9,21,2,2,0,1,2,0,1,0,0,0,0,0,8.15539E+20,5.40212E+21,1.32882E+16,4.86922E+16
93969,9,1,62,0,2018,9,18,5,3,2,6,0,0,1,0,0,0,0,0,6.94477E+20,5.34147E+21,1.16172E+16,4.81966E+16
93970,9,2,77,145,2018,9,9,2,3,6,4,0,0,1,1,0,0,0,0,7.98734E+20,5.3538E+21,1.30259E+16,4.82669E+16
93971,9,2,62,0,2018,9,17,2,2,2,6,0,0,1,0,1,0,0,0,8.26476E+20,5.38982E+21,1.34267E+16,4.85763E+16
93972,9,1,89,143,2018,9,19,4,3,8,6,1,0,1,0,1,0,0,0,7.5921E+20,5.3152E+21,1.24709E+16,4.79376E+16
93973,9,5,76,137,2018,9,5,4,3,8,1,2,0,1,0,0,0,0,1,6.51927E+20,5.46257E+21,1.10897E+16,4.9297E+16
93974,9,1,79,113,2018,9,17,5,3,5,2,0,0,1,0,1,0,0,0,6.71067E+20,5.33454E+21,1.12996E+16,4.81411E+16
93975,9,2,74,127,2018,9,16,2,2,5,3,0,0,1,0,0,0,0,0,7.36481E+20,5.39557E+21,1.22121E+16,4.86684E+16
93976,9,2,61,0,2018,9,7,2,3,6,4,1,0,1,1,0,0,0,0,7.31973E+20,5.37977E+21,1.21421E+16,4.85282E+16
93977,9,6,76,140,2018,9,14,4,2,3,6,0,1,0,0,0,1,0,0,5.05056E+20,5.52172E+21,9.07033E+15,4.98479E+16
93978,9,2,74,113,2018,9,13,2,3,5,3,0,1,1,0,0,0,0,0,7.28624E+20,5.38162E+21,1.20979E+16,4.8546E+16
93979,9,5,62,0,2018,9,8,5,3,5,3,0,1,1,0,0,0,0,0,6.43546E+20,5.49233E+21,1.09852E+16,4.95665E+16
93980,9,3,72,116,2018,9,10,4,3,5,3,0,0,1,0,0,0,0,0,7.67757E+20,5.45768E+21,1.26769E+16,4.92133E+16
93981,9,2,61,0,2018,9,14,2,3,0,1,0,0,0,0,1,0,0,0,7.31557E+20,5.38106E+21,1.21372E+16,4.85399E+16
93982,9,2,74,172,2018,9,19,5,2,7,7,2,0,0,0,1,0,0,0,7.15043E+20,5.39648E+21,1.19218E+16,4.86843E+16
93983,9,2,74,126,2018,9,16,2,3,4,2,0,1,1,0,0,0,0,0,7.33013E+20,5.3833E+21,1.21582E+16,4.85594E+16
93984,9,2,74,121,2018,9,7,2,3,8,1,0,0,1,0,0,0,0,0,7.24307E+20,5.37069E+21,1.20336E+16,4.84493E+16
93985,9,1,75,115,2018,9,10,5,2,5,2,0,0,1,0,0,0,1,0,7.24289E+20,5.33017E+21,1.20118E+16,4.80853E+16
93986,9,2,73,137,2018,9,17,2,3,5,3,0,0,1,0,0,0,0,0,7.10264E+20,5.42287E+21,1.18705E+16,4.8923E+16
93987,9,2,73,111,2018,9,18,2,3,2,6,0,0,1,0,1,0,1,0,7.11904E+20,5.4134E+21,1.18879E+16,4.88374E+16
93988,9,5,64,0,2018,9,12,4,3,5,2,0,0,1,0,0,0,0,0,6.5005E+20,5.48172E+21,1.10711E+16,4.94696E+16
93989,9,2,79,112,2018,9,18,2,3,0,7,0,1,0,0,0,0,0,0,7.58183E+20,5.39435E+21,1.25056E+16,4.86488E+16
93990,9,1,89,114,2018,9,20,2,3,2,2,2,0,1,0,0,0,1,0,7.64841E+20,5.31169E+21,1.2544E+16,4.79038E+16
93991,9,4,79,169,2018,9,17,5,3,5,3,0,1,1,0,0,0,0,0,7.15464E+20,5.54742E+21,1.20092E+16,5.00401E+16
93992,9,2,75,134,2018,9,11,4,3,4,2,0,0,1,0,1,0,0,0,8.23815E+20,5.37402E+21,1.33785E+16,4.84359E+16
93993,9,1,62,0,2018,9,12,3,3,5,3,0,1,1,0,0,0,0,0,6.99723E+20,5.33294E+21,1.16837E+16,4.81184E+16
93994,9,1,72,112,2018,9,16,5,3,2,6,0,0,1,0,0,0,0,0,7.88389E+20,5.30147E+21,1.28516E+16,4.78019E+16
93995,9,1,61,0,2018,9,10,3,3,5,2,0,1,1,0,0,0,0,0,6.791E+20,5.40145E+21,1.14361E+16,4.87403E+16
93996,9,1,72,115,2018,9,7,7,3,1,1,0,0,1,0,0,0,0,1,7.92783E+20,5.29353E+21,1.29048E+16,4.77287E+16
93997,9,6,75,174,2018,9,13,1,3,8,1,0,0,1,0,0,0,0,1,5.89739E+20,5.52485E+21,1.02488E+16,4.98693E+16
93998,9,1,71,117,2018,9,17,7,3,5,3,0,1,1,0,0,0,0,0,7.66951E+20,5.3374E+21,1.25882E+16,4.81338E+16
93999,9,1,71,113,2018,9,6,7,3,4,2,2,0,1,0,0,0,0,0,7.76411E+20,5.3426E+21,1.27184E+16,4.81765E+16
94000,9,2,63,0,2018,9,1,1,2,8,1,2,0,1,0,0,0,0,1,7.56488E+20,5.41847E+21,1.24976E+16,4.88661E+16
94001,9,7,79,224,2018,9,14,3,2,1,6,0,0,1,0,0,0,0,0,6.0803E+20,5.41394E+21,1.04731E+16,4.8869E+16
94002,9,5,73,127,2018,9,9,2,3,2,6,0,0,1,0,0,0,1,0,6.45635E+20,5.47517E+21,1.10078E+16,4.94117E+16
94003,9,1,87,131,2018,9,17,7,2,9,7,0,0,1,0,0,0,0,0,7.37275E+20,5.28719E+21,1.21623E+16,4.76945E+16
94004,9,7,78,186,2018,9,2,7,1,8,1,2,0,1,0,0,0,0,0,6.00884E+20,5.30718E+21,1.03501E+16,4.791E+16
94005,9,3,71,144,2018,9,7,3,2,5,3,0,0,1,0,0,0,0,0,7.0293E+20,5.48424E+21,1.18015E+16,4.94769E+16
94006,9,1,90,157,2018,9,14,2,3,2,3,0,0,1,0,0,0,0,0,6.60461E+20,5.30004E+21,1.11442E+16,4.78336E+16
94007,9,1,61,0,2018,9,18,7,3,2,6,0,0,1,0,0,0,0,0,6.78854E+20,5.40247E+21,1.14332E+16,4.87495E+16
94008,9,7,77,121,2018,9,11,2,3,3,6,0,0,1,0,0,1,0,0,6.27491E+20,5.32046E+21,1.07099E+16,4.80247E+16
94009,9,1,76,138,2018,9,18,7,2,8,1,0,0,0,0,1,0,0,0,6.71782E+20,5.42418E+21,1.13462E+16,4.89467E+16
94010,9,5,71,199,2018,9,22,1,3,9,1,2,0,1,0,0,0,0,1,5.8632E+20,5.45128E+21,1.01851E+16,4.92082E+16
94011,9,1,76,114,2018,9,15,7,2,8,1,0,0,0,0,1,0,0,0,6.79931E+20,5.436E+21,1.14626E+16,4.90506E+16
94012,9,7,72,223,2018,9,16,2,3,2,6,0,0,1,0,0,0,0,0,6.17879E+20,5.36308E+21,1.05929E+16,4.84098E+16
94013,9,1,84,118,2018,9,11,7,3,9,1,0,0,1,0,0,0,0,0,7.0314E+20,5.33576E+21,1.17309E+16,4.81426E+16
94014,9,2,73,111,2018,9,15,1,3,0,1,0,0,0,0,1,0,0,1,7.07295E+20,5.40957E+21,1.18232E+16,4.88045E+16
94015,9,6,61,0,2018,9,16,3,3,5,3,0,1,1,0,0,0,0,0,5.09129E+20,5.53638E+21,9.12733E+15,4.99797E+16
94016,9,4,71,137,2018,9,14,2,3,8,3,0,0,1,0,0,1,0,0,6.377E+20,5.53235E+21,1.09186E+16,4.99276E+16
94017,9,1,75,132,2018,9,15,7,3,2,6,0,0,1,0,0,0,0,0,7.07456E+20,5.33642E+21,1.17891E+16,4.81471E+16
94018,9,2,79,130,2018,9,15,3,3,8,1,0,0,0,0,0,0,1,0,7.48702E+20,5.38602E+21,1.23721E+16,4.85778E+16
94019,9,1,84,130,2018,9,17,3,3,6,2,0,0,1,1,0,0,0,0,6.987E+20,5.3453E+21,1.16757E+16,4.82298E+16
94020,9,2,61,0,2018,9,1,1,3,9,1,2,0,1,0,0,0,0,1,7.2344E+20,5.37825E+21,1.20259E+16,4.85176E+16
94021,9,6,75,141,2018,9,7,3,3,8,7,0,0,1,0,0,0,0,0,5.84938E+20,5.50953E+21,1.01787E+16,4.97323E+16
94022,9,4,62,0,2018,9,19,2,2,2,6,2,0,1,0,0,1,1,0,6.86843E+20,5.53857E+21,1.16056E+16,4.99702E+16
94023,9,1,75,121,2018,9,12,7,1,4,2,0,0,1,0,0,0,0,0,7.15472E+20,5.31993E+21,1.18885E+16,4.79964E+16
94024,9,7,71,146,2018,9,15,7,3,1,6,0,1,0,0,0,0,0,0,6.46647E+20,5.34899E+21,1.09766E+16,4.82771E+16
94025,9,2,77,138,2018,9,20,3,2,5,2,2,0,1,0,1,0,0,0,7.94543E+20,5.37742E+21,1.29861E+16,4.84808E+16
94026,9,6,75,141,2018,9,14,7,3,5,3,0,0,0,0,1,0,1,0,5.82532E+20,5.51009E+21,1.01454E+16,4.97376E+16
94027,9,1,87,116,2018,9,17,2,3,2,2,0,0,1,0,0,0,0,0,7.45346E+20,5.33266E+21,1.22956E+16,4.80999E+16
94028,9,1,84,149,2018,9,17,6,3,9,1,0,0,1,0,0,0,0,0,6.92157E+20,5.35091E+21,1.15902E+16,4.82822E+16
94029,9,7,80,117,2018,9,17,2,3,8,7,0,0,0,0,1,0,0,0,5.94334E+20,5.28293E+21,1.02572E+16,4.76928E+16
94030,9,1,84,119,2018,9,16,6,3,1,6,0,0,1,0,0,0,0,0,6.97572E+20,5.34949E+21,1.16625E+16,4.82678E+16
94031,9,4,76,154,2018,9,18,1,3,8,1,1,0,1,0,0,0,0,1,6.60778E+20,5.57055E+21,1.12559E+16,5.02652E+16
94032,9,1,84,120,2018,9,7,6,3,5,2,0,1,1,0,0,0,0,0,6.81358E+20,5.33205E+21,1.14368E+16,4.81159E+16
94033,9,6,79,205,2018,9,14,2,2,9,1,0,0,1,0,0,0,0,0,5.58819E+20,5.51487E+21,9.81706E+15,4.97834E+16
94034,9,7,75,139,2018,9,22,6,3,8,6,2,0,1,0,0,0,0,1,5.82563E+20,5.3671E+21,1.01166E+16,4.84516E+16
94035,9,1,80,133,2018,9,21,1,3,0,6,2,0,1,0,0,0,0,1,6.65082E+20,5.28598E+21,1.12006E+16,4.77061E+16
94036,9,5,63,0,2018,9,8,3,3,2,6,0,0,1,0,0,0,0,0,6.42375E+20,5.48298E+21,1.09657E+16,4.94828E+16
94037,9,3,75,117,2018,9,8,2,3,5,2,0,0,1,0,0,0,0,0,7.3534E+20,5.43254E+21,1.22178E+16,4.90008E+16
94038,9,7,78,134,2018,9,13,6,3,8,1,0,0,0,0,1,0,0,0,6.16337E+20,5.3393E+21,1.05655E+16,4.81962E+16