OBJECTID_1,ULAND,UREGBEZ,UKREIS,UGEMEINDE,UJAHR,UMONAT,USTUNDE,UWOCHENTAG,UKATEGORIE,UART,UTYP1,ULICHTVERH,IstRad,IstPKW,IstFuss,IstKrad,IstGkfz,IstSonstig,STRZUSTAND,LINREFX,LINREFY,XGCSWGS84,YGCSWGS84
94413,9,5,74,164,2018,9,1,7,3,3,6,2,0,1,0,0,0,1,0,6.6867E+20,5.47542E+21,1.13252E+16,4.94081E+16
94414,9,6,76,151,2018,9,22,5,3,0,7,2,0,0,0,1,0,0,0,5.17076E+20,5.51346E+21,9.23716E+15,4.97734E+16
94415,9,6,61,0,2018,9,11,1,3,5,3,0,0,1,0,0,0,0,1,5.10429E+20,5.53586E+21,9.14544E+15,4.99749E+16
94416,9,6,76,132,2018,9,13,5,3,4,1,0,0,1,0,0,1,0,0,5.145E+20,5.50797E+21,9.20118E+15,4.9724E+16
94417,9,2,75,130,2018,9,14,7,2,2,2,0,0,1,0,0,0,0,0,8.13291E+20,5.36217E+21,1.32277E+16,4.83349E+16
94418,9,6,77,149,2018,9,14,5,3,3,2,0,0,1,0,0,0,0,0,5.55493E+20,5.5437E+21,9.77502E+15,5.0043E+16
94419,9,6,77,148,2018,9,17,5,3,4,2,0,1,0,0,0,0,1,0,5.54953E+20,5.53433E+21,9.76613E+15,4.99588E+16
94420,9,4,75,162,2018,9,15,1,2,4,2,0,0,1,0,1,0,0,0,7.17426E+20,5.57359E+21,1.20515E+16,5.02743E+16
94421,9,7,63,0,2018,9,13,6,3,2,6,0,0,1,0,0,0,0,0,5.97821E+20,5.28711E+21,1.03046E+16,4.773E+16
94422,9,6,62,0,2018,9,12,5,3,3,6,0,0,1,0,0,0,0,0,5.85866E+20,5.54172E+21,1.01987E+16,5.00216E+16
94423,9,1,85,127,2018,9,11,1,3,2,7,0,1,1,0,0,0,0,0,6.55573E+20,5.39321E+21,1.11132E+16,4.86726E+16
94424,9,5,74,138,2018,9,10,6,3,5,3,0,0,1,0,0,0,0,0,6.64728E+20,5.48568E+21,1.12752E+16,4.95013E+16
94425,9,6,74,180,2018,9,6,5,2,2,6,2,0,1,0,0,1,0,0,6.01408E+20,5.53989E+21,1.04151E+16,5.00027E+16
94426,9,7,80,132,2018,9,12,7,1,2,6,0,0,1,0,1,0,0,0,5.81416E+20,5.26753E+21,1.00822E+16,4.75561E+16
94427,9,2,74,146,2018,9,20,6,3,0,7,2,0,0,0,1,0,0,0,7.37062E+20,5.37856E+21,1.22103E+16,4.85154E+16
94428,9,6,73,114,2018,9,17,5,3,2,6,0,0,1,0,0,0,0,0,5.89002E+20,5.57663E+21,1.02506E+16,5.0335E+16
94429,9,1,82,129,2018,9,18,7,3,1,6,0,1,1,0,0,0,0,0,7.07888E+20,5.28578E+21,1.17705E+16,4.7692E+16
94430,9,6,73,116,2018,9,16,5,3,2,6,0,0,1,0,0,0,0,0,5.85506E+20,5.58403E+21,1.02032E+16,5.04021E+16
94431,9,6,62,0,2018,9,17,5,3,1,2,0,0,1,0,0,0,0,0,5.87287E+20,5.5443E+21,1.02191E+16,5.00446E+16
94432,9,2,75,126,2018,9,14,1,3,0,1,0,0,0,0,1,0,0,0,8.39309E+20,5.40101E+21,1.36093E+16,4.86698E+16
94433,9,7,79,218,2018,9,15,6,3,2,6,0,0,1,0,0,0,0,0,6.26152E+20,5.39387E+21,1.0714E+16,4.86851E+16
94434,9,6,78,176,2018,9,13,5,3,0,1,0,1,0,0,0,0,0,0,5.88826E+20,5.54059E+21,1.02397E+16,5.0011E+16
94435,9,4,76,145,2018,9,15,6,3,8,7,0,0,1,0,0,0,0,0,6.65112E+20,5.56697E+21,1.13151E+16,5.02318E+16
94436,9,6,72,163,2018,9,12,5,2,2,6,0,0,0,0,1,0,0,0,5.63042E+20,5.57854E+21,9.8862E+15,5.03556E+16
94437,9,6,73,116,2018,9,10,7,3,5,3,0,0,1,0,0,0,0,0,5.86366E+20,5.58311E+21,1.02151E+16,5.03937E+16
94438,9,5,74,139,2018,9,15,7,3,8,1,0,0,1,0,0,0,0,0,6.62781E+20,5.48158E+21,1.12466E+16,4.9465E+16
94439,9,4,72,118,2018,9,11,7,3,5,3,0,0,1,0,0,0,0,0,6.7604E+20,5.50936E+21,1.14419E+16,4.9711E+16
94440,9,5,75,128,2018,9,8,6,3,8,1,0,0,1,0,0,0,0,0,6.17263E+20,5.4975E+21,1.06234E+16,4.96186E+16
94441,9,6,71,122,2018,9,18,5,3,4,1,0,0,1,0,0,0,0,0,5.04965E+20,5.52992E+21,9.06916E+15,4.99216E+16
94442,9,6,77,125,2018,9,20,7,3,8,1,2,0,1,0,0,0,0,0,5.4524E+20,5.51816E+21,9.62883E+15,4.98141E+16
94443,9,6,76,165,2018,9,18,7,2,4,6,0,0,1,0,1,0,0,0,5.10533E+20,5.50389E+21,9.14603E+15,4.96874E+16
94444,9,1,86,152,2018,9,13,6,3,2,6,0,0,1,0,0,0,0,0,6.91448E+20,5.37534E+21,1.15918E+16,4.8502E+16
94445,9,5,71,175,2018,9,12,7,3,9,1,0,0,1,0,0,0,0,0,6.23793E+20,5.46167E+21,1.07026E+16,4.92952E+16
94446,9,1,78,155,2018,9,14,6,3,1,6,0,0,1,0,0,0,0,0,7.16481E+20,5.37554E+21,1.19304E+16,4.84957E+16
94447,9,1,83,116,2018,9,14,6,2,2,6,0,0,1,0,0,0,0,0,7.65384E+20,5.3529E+21,1.25769E+16,4.82737E+16
94448,9,6,71,152,2018,9,12,5,3,5,3,0,0,1,0,1,0,0,0,5.17628E+20,5.54798E+21,9.2464E+15,5.00838E+16
94449,9,1,76,112,2018,9,18,7,2,8,7,0,0,0,0,1,0,0,0,6.91674E+20,5.41971E+21,1.16155E+16,4.89007E+16
94450,9,6,71,114,2018,9,12,5,3,5,2,0,1,1,0,0,0,0,0,5.01185E+20,5.54456E+21,9.01655E+15,5.00534E+16
94451,9,5,76,151,2018,9,8,5,3,2,6,0,0,1,0,0,0,0,0,6.53915E+20,5.47281E+21,1.11209E+16,4.93886E+16
94452,9,1,62,0,2018,9,18,1,3,2,6,0,0,1,0,0,0,1,0,6.85252E+20,5.32979E+21,1.1488E+16,4.80944E+16
94453,9,6,75,141,2018,9,19,6,3,5,2,2,0,1,0,0,0,0,0,5.85083E+20,5.51065E+21,1.01809E+16,4.97423E+16
94454,9,5,64,0,2018,9,8,5,3,2,6,0,0,1,0,0,0,0,0,6.51347E+20,5.46782E+21,1.10837E+16,4.93443E+16
94455,9,4,71,185,2018,9,4,6,1,8,1,2,0,0,0,0,1,0,0,6.50059E+20,5.53892E+21,1.10932E+16,4.99837E+16
94456,9,5,76,147,2018,9,15,5,3,1,6,0,0,1,0,1,0,0,0,6.4013E+20,5.44886E+21,1.09227E+16,4.91765E+16
94457,9,5,73,126,2018,9,15,7,3,2,6,0,0,1,0,0,0,1,0,6.3571E+20,5.48289E+21,1.08737E+16,4.94835E+16
94458,9,3,76,150,2018,9,0,7,2,1,6,2,0,1,0,0,0,1,0,7.31395E+20,5.49436E+21,1.21997E+16,4.95576E+16
94459,9,5,62,0,2018,9,16,5,3,2,6,0,0,1,0,0,0,0,0,6.47294E+20,5.49618E+21,1.10385E+16,4.96002E+16
94460,9,1,85,118,2018,9,23,6,3,7,1,2,0,1,0,0,0,0,0,6.6686E+20,5.40348E+21,1.12706E+16,4.87619E+16
94461,9,5,62,0,2018,9,15,5,3,2,6,0,0,1,0,0,0,0,0,6.47281E+20,5.49566E+21,1.10381E+16,4.95955E+16
94462,9,5,76,143,2018,9,12,1,3,5,3,0,0,1,0,0,0,0,0,6.5156E+20,5.45817E+21,1.10829E+16,4.92575E+16
94463,9,7,78,123,2018,9,12,6,2,2,6,0,0,1,0,0,0,1,0,5.85267E+20,5.31795E+21,1.01433E+16,4.80091E+16
94464,9,5,76,111,2018,9,13,5,3,5,3,0,0,1,0,0,0,0,0,6.39523E+20,5.45612E+21,1.09169E+16,4.92419E+16
94465,9,5,74,147,2018,9,15,5,3,2,6,0,0,1,0,1,0,0,0,6.84901E+20,5.48585E+21,1.15536E+16,4.94971E+16
94466,9,1,71,122,2018,9,6,6,2,8,1,1,0,1,0,0,0,0,0,7.70994E+20,5.33262E+21,1.26394E+16,4.80891E+16
94467,9,5,64,0,2018,9,10,5,2,4,2,0,1,1,0,0,0,0,0,6.47581E+20,5.47844E+21,1.10358E+16,4.94407E+16
94468,9,6,78,181,2018,9,10,1,3,2,2,0,0,1,0,1,0,0,0,5.96739E+20,5.55987E+21,1.0355E+16,5.01831E+16
94469,9,1,62,0,2018,9,9,6,3,4,2,0,0,1,0,0,0,0,0,6.98796E+20,5.33305E+21,1.16713E+16,4.81197E+16
94470,9,5,64,0,2018,9,17,5,3,2,6,0,0,1,0,0,0,0,0,6.5897E+20,5.47499E+21,1.11914E+16,4.94068E+16
94471,9,1,80,134,2018,9,20,1,3,0,7,0,1,0,0,0,0,0,0,6.59473E+20,5.28687E+21,1.11262E+16,4.77155E+16
94472,9,6,73,186,2018,9,15,6,3,1,2,0,0,1,0,0,0,0,0,5.85142E+20,5.56912E+21,1.01947E+16,5.02681E+16
94473,9,5,64,0,2018,9,9,5,3,6,2,0,0,1,1,0,0,0,0,6.52599E+20,5.48079E+21,1.11059E+16,4.94606E+16
94474,9,3,73,151,2018,9,18,6,3,0,2,0,0,0,0,1,0,0,0,6.96934E+20,5.45044E+21,1.17021E+16,4.91752E+16
94475,9,5,64,0,2018,9,15,5,3,2,6,0,0,1,0,0,0,0,0,6.49489E+20,5.46827E+21,1.10583E+16,4.93488E+16
94476,9,2,78,197,2018,9,16,7,2,0,6,0,0,1,0,1,0,0,0,7.58251E+20,5.43382E+21,1.25313E+16,4.90032E+16
94477,9,5,73,134,2018,9,11,5,3,0,6,0,0,1,0,0,0,1,0,6.39883E+20,5.47711E+21,1.09292E+16,4.94306E+16
94478,9,5,77,136,2018,9,5,5,3,4,6,2,0,1,0,0,0,0,0,6.30324E+20,5.43927E+21,1.07851E+16,4.90925E+16
94479,9,5,61,0,2018,9,20,1,3,2,3,2,0,1,0,1,0,0,0,6.15575E+20,5.45754E+21,1.05884E+16,4.92597E+16
94480,9,7,75,111,2018,9,11,6,2,4,6,0,0,1,0,0,1,0,0,5.8266E+20,5.33536E+21,1.01117E+16,4.81661E+16
94481,9,4,76,178,2018,9,14,5,3,2,6,0,0,1,0,0,0,0,0,6.6329E+20,5.57343E+21,1.12924E+16,5.02904E+16
94482,9,1,87,129,2018,9,11,1,3,3,7,0,0,0,0,1,0,0,0,7.25969E+20,5.29954E+21,1.20183E+16,4.78095E+16
94483,9,5,76,111,2018,9,15,6,3,2,6,0,0,1,0,0,0,0,0,6.38423E+20,5.45749E+21,1.09023E+16,4.92545E+16
94484,9,4,71,195,2018,9,16,5,3,5,3,0,0,1,0,0,0,0,0,6.50132E+20,5.52608E+21,1.10892E+16,4.98683E+16
94485,9,7,75,139,2018,9,17,7,3,5,3,0,0,1,0,1,0,0,0,5.8061E+20,5.36649E+21,1.00901E+16,4.84464E+16
94486,9,1,83,116,2018,9,16,1,3,5,3,0,1,1,0,0,0,0,0,7.64045E+20,5.35287E+21,1.25588E+16,4.82739E+16
94487,9,5,74,123,2018,9,15,6,3,2,6,0,0,1,0,0,0,0,0,6.59808E+20,5.4731E+21,1.12022E+16,4.93896E+16
94488,9,4,71,145,2018,9,16,5,3,2,6,0,0,1,0,0,0,0,0,6.43516E+20,5.5205E+21,1.09952E+16,4.98197E+16
94489,9,1,79,149,2018,9,13,1,3,0,7,0,0,1,0,1,0,0,0,6.55308E+20,5.33042E+21,1.10864E+16,4.81081E+16
94490,9,2,75,138,2018,9,16,6,3,4,6,0,0,1,0,0,0,0,0,8.14241E+20,5.38305E+21,1.32562E+16,4.85218E+16
94491,9,3,74,150,2018,9,7,5,2,5,3,0,0,1,0,0,1,0,0,7.32758E+20,5.51652E+21,1.22317E+16,4.97561E+16
94492,9,2,77,151,2018,9,19,7,3,5,3,1,0,1,0,0,0,0,0,7.74531E+20,5.36707E+21,1.27091E+16,4.83969E+16
94493,9,1,77,117,2018,9,10,6,2,4,2,0,0,1,0,0,0,0,0,7.1521E+20,5.35176E+21,1.1901E+16,4.82824E+16
94494,9,3,73,121,2018,9,16,5,2,4,2,0,0,1,0,1,0,0,0,6.89861E+20,5.43419E+21,1.15975E+16,4.90313E+16
94495,9,3,76,161,2018,9,6,5,3,1,6,0,0,1,0,0,0,0,0,7.25675E+20,5.46831E+21,1.21059E+16,4.93258E+16
94496,9,4,77,128,2018,9,17,1,2,6,7,0,0,1,1,0,0,0,0,6.74852E+20,5.55231E+21,1.14449E+16,5.00973E+16
94497,9,7,77,151,2018,9,14,6,2,3,6,0,1,1,0,0,0,0,0,6.21122E+20,5.29428E+21,1.06172E+16,4.77905E+16
94498,9,2,76,139,2018,9,19,5,2,4,6,2,0,0,0,1,0,1,0,8.07311E+20,5.43074E+21,1.31981E+16,4.89531E+16
94499,9,1,76,138,2018,9,13,1,3,0,6,0,0,1,0,1,0,0,0,6.75249E+20,5.4274E+21,1.13949E+16,4.89746E+16
94500,9,5,64,0,2018,9,7,6,3,6,2,0,0,1,1,0,0,0,0,6.47774E+20,5.47774E+21,1.10382E+16,4.94344E+16
94501,9,2,71,126,2018,9,6,5,3,2,6,0,0,1,0,0,0,0,0,8.0604E+20,5.41884E+21,1.31719E+16,4.8847E+16
94502,9,7,79,198,2018,9,9,7,3,3,2,0,0,1,0,1,0,0,0,6.30588E+20,5.41467E+21,1.07808E+16,4.88713E+16
94503,9,1,78,145,2018,9,1,6,3,9,1,2,0,1,0,0,0,0,1,6.93728E+20,5.35642E+21,1.16139E+16,4.83312E+16
94504,9,1,77,133,2018,9,17,6,3,3,3,0,0,1,0,0,0,1,0,7.13713E+20,5.35601E+21,1.1883E+16,4.83211E+16
94505,9,2,79,126,2018,9,11,6,3,1,6,0,0,1,0,1,0,0,0,7.59107E+20,5.38564E+21,1.25126E+16,4.85702E+16
94506,9,2,75,153,2018,9,13,5,3,0,7,0,0,0,0,1,0,0,0,8.37895E+20,5.39221E+21,1.35829E+16,4.85917E+16
94507,9,1,61,0,2018,9,13,7,3,4,2,0,1,1,0,0,0,0,0,6.76837E+20,5.39887E+21,1.14042E+16,4.87177E+16
94508,9,2,75,154,2018,9,18,5,3,2,6,0,0,1,0,0,0,0,0,8.09132E+20,5.3948E+21,1.31959E+16,4.86298E+16
94509,9,2,62,0,2018,9,21,5,3,5,2,2,0,1,0,1,0,0,1,8.25388E+20,5.38931E+21,1.34116E+16,4.85723E+16
94510,9,1,74,131,2018,9,13,6,3,5,3,0,1,1,0,0,0,0,0,6.76207E+20,5.3591E+21,1.13789E+16,4.83605E+16
94511,9,2,75,149,2018,9,14,6,2,2,6,0,0,1,0,1,0,0,0,8.12977E+20,5.37113E+21,1.32302E+16,4.84154E+16
94512,9,2,72,118,2018,9,13,5,3,0,4,0,0,0,1,0,0,1,0,8.34329E+20,5.41621E+21,1.35542E+16,4.88088E+16
94513,9,1,71,111,2018,9,8,7,3,2,6,0,0,1,0,0,0,0,0,7.74052E+20,5.34866E+21,1.26907E+16,4.82319E+16
94514,9,2,77,133,2018,9,16,5,3,0,7,0,0,0,0,1,0,0,0,7.67991E+20,5.36755E+21,1.26212E+16,4.84041E+16
94515,9,2,73,172,2018,9,7,5,2,5,3,0,0,1,0,0,0,0,0,7.08314E+20,5.40508E+21,1.18348E+16,4.87639E+16
94516,9,3,75,190,2018,9,15,1,3,3,6,0,0,1,0,1,0,0,0,7.21934E+20,5.44726E+21,1.20429E+16,4.91381E+16
94517,9,7,79,196,2018,9,14,6,3,5,3,0,0,1,0,1,0,0,0,6.37584E+20,5.39193E+21,1.08686E+16,4.86652E+16
94518,9,2,73,172,2018,9,13,5,3,5,3,0,0,1,0,0,0,0,0,7.08316E+20,5.40509E+21,1.18349E+16,4.87639E+16
94519,9,5,75,146,2018,9,17,6,3,9,1,0,0,1,0,0,0,0,0,5.92919E+20,5.49013E+21,1.02848E+16,4.95566E+16
94520,9,2,74,113,2018,9,19,5,3,5,2,2,0,1,0,0,1,0,0,7.28396E+20,5.38393E+21,1.2096E+16,4.85668E+16
94521,9,6,77,127,2018,9,11,7,2,4,2,0,1,0,0,0,0,1,0,5.62939E+20,5.54083E+21,9.87852E+15,5.00164E+16
94522,9,5,76,113,2018,9,17,7,2,2,6,0,0,1,0,1,0,0,0,6.60905E+20,5.45969E+21,1.12119E+16,4.92687E+16
94523,9,1,78,130,2018,9,13,6,3,6,1,0,0,1,1,0,0,0,0,7.03519E+20,5.3553E+21,1.17453E+16,4.83181E+16
94524,9,5,71,145,2018,9,11,7,3,1,3,0,1,1,0,0,0,0,0,5.96774E+20,5.44641E+21,1.03274E+16,4.91629E+16
94525,9,1,83,128,2018,9,9,6,3,5,3,0,1,0,0,0,0,1,0,7.6219E+20,5.34875E+21,1.25313E+16,4.82377E+16
94526,9,2,74,194,2018,9,19,5,3,4,6,2,0,1,0,0,0,1,0,7.20965E+20,5.37871E+21,1.19927E+16,4.85226E+16
94527,9,6,63,0,2018,9,17,1,3,5,2,0,0,1,0,1,0,0,0,5.69332E+20,5.51817E+21,9.96367E+15,4.98119E+16
94528,9,1,79,145,2018,9,12,7,3,8,1,0,0,0,0,1,0,0,0,6.74321E+20,5.33508E+21,1.13435E+16,4.81451E+16
94529,9,2,61,0,2018,9,15,5,3,2,6,0,0,1,0,0,0,0,0,7.31811E+20,5.38121E+21,1.21407E+16,4.85411E+16
94530,9,1,90,157,2018,9,11,1,3,5,6,0,0,1,0,0,0,0,0,6.60485E+20,5.30062E+21,1.11448E+16,4.78389E+16
94531,9,6,73,147,2018,9,23,6,3,9,1,2,0,1,0,0,0,0,0,5.83283E+20,5.5946E+21,1.01743E+16,5.04974E+16
94532,9,2,79,122,2018,9,18,5,2,5,3,0,0,1,0,0,0,0,0,7.73612E+20,5.39954E+21,1.2718E+16,4.86888E+16
94533,9,4,71,120,2018,9,22,6,3,3,6,2,0,1,0,1,0,0,0,6.25861E+20,5.52101E+21,1.075E+16,4.98283E+16
94534,9,2,61,0,2018,9,17,1,3,3,2,0,1,1,0,0,0,0,0,7.31114E+20,5.38198E+21,1.21317E+16,4.85483E+16
94535,9,7,71,122,2018,9,16,6,3,2,6,0,0,1,0,0,0,0,0,6.4963E+20,5.3607E+21,1.10209E+16,4.83817E+16
94536,9,2,73,125,2018,9,14,5,3,5,3,0,0,1,0,0,0,0,0,7.21928E+20,5.41496E+21,1.20252E+16,4.88479E+16
94537,9,4,76,145,2018,9,6,6,3,2,6,0,0,1,0,0,0,0,0,6.6372E+20,5.56483E+21,1.12947E+16,5.0213E+16
94538,9,2,79,115,2018,9,7,5,3,9,1,0,0,1,0,0,0,0,0,7.58752E+20,5.38185E+21,1.25055E+16,4.85364E+16
94539,9,5,64,0,2018,9,18,7,3,6,7,0,1,0,1,0,0,0,0,6.48977E+20,5.48135E+21,1.10561E+16,4.94665E+16
94540,9,3,73,147,2018,9,19,7,3,4,3,1,0,1,0,0,0,0,0,6.79715E+20,5.46254E+21,1.14715E+16,4.92891E+16
94541,9,2,79,115,2018,9,15,5,3,3,6,0,0,1,0,1,0,0,0,7.59636E+20,5.37927E+21,1.25158E+16,4.85128E+16
94542,9,1,82,119,2018,9,16,6,3,5,3,0,0,1,0,0,0,0,0,7.12344E+20,5.29309E+21,1.18334E+16,4.77562E+16
94543,9,2,79,115,2018,9,16,5,3,5,3,0,1,1,0,0,0,0,0,7.61433E+20,5.38348E+21,1.25428E+16,4.85499E+16
94544,9,6,71,156,2018,9,16,1,2,9,1,0,0,0,0,1,0,0,0,5.2479E+20,5.53168E+21,9.34546E+15,4.99369E+16
94545,9,1,62,0,2018,9,17,6,3,2,6,0,0,1,0,0,0,0,0,6.88528E+20,5.33502E+21,1.15343E+16,4.81405E+16
94546,9,1,73,135,2018,9,13,5,3,8,7,0,0,0,0,0,0,1,0,6.93057E+20,5.28336E+21,1.1572E+16,4.76748E+16
94547,9,1,89,149,2018,9,14,1,1,4,1,0,1,1,0,1,0,0,0,7.60604E+20,5.33107E+21,1.24992E+16,4.80795E+16
94548,9,6,71,122,2018,9,13,6,2,0,1,0,1,0,0,0,0,0,0,5.05673E+20,5.53037E+21,9.07904E+15,4.99257E+16
94549,9,1,83,128,2018,9,9,5,3,5,3,0,0,1,0,0,0,0,0,7.61514E+20,5.35226E+21,1.25244E+16,4.82695E+16
94550,9,1,62,0,2018,9,18,5,3,2,6,2,0,1,0,0,0,0,0,6.87381E+20,5.33168E+21,1.15174E+16,4.81108E+16
94551,9,1,79,123,2018,9,16,6,3,2,6,0,0,1,0,0,0,0,0,6.77368E+20,5.33226E+21,1.13833E+16,4.81189E+16
94552,9,3,76,153,2018,9,23,6,3,2,6,2,0,1,0,0,0,0,0,7.29155E+20,5.48968E+21,1.21661E+16,4.95164E+16
94553,9,1,71,113,2018,9,13,5,2,3,6,0,1,0,0,0,0,1,0,7.71588E+20,5.33765E+21,1.26506E+16,4.81341E+16
94554,9,2,62,0,2018,9,13,7,3,2,2,0,0,1,0,0,0,0,0,8.31298E+20,5.39005E+21,1.3492E+16,4.85758E+16
94555,9,1,82,133,2018,9,9,5,2,2,6,0,0,1,0,0,1,0,0,7.07281E+20,5.30608E+21,1.17721E+16,4.78746E+16
94556,9,1,63,0,2018,9,14,5,3,0,7,0,1,0,0,0,0,0,0,7.33577E+20,5.30084E+21,1.21205E+16,4.78185E+16
94557,9,1,87,130,2018,9,17,5,2,8,1,0,0,0,0,1,0,0,0,7.14694E+20,5.31057E+21,1.18734E+16,4.79125E+16
94558,9,5,71,134,2018,9,10,7,3,3,6,0,0,1,0,0,1,0,0,5.87632E+20,5.46296E+21,1.02057E+16,4.9313E+16
94559,9,2,78,141,2018,9,14,7,3,2,6,0,0,1,0,0,0,0,0,7.59225E+20,5.42987E+21,1.25421E+16,4.89673E+16
94560,9,1,61,0,2018,9,20,5,3,5,2,2,1,1,0,0,0,0,0,6.79276E+20,5.40349E+21,1.14394E+16,4.87586E+16
94561,9,1,76,114,2018,9,6,6,3,2,6,0,0,1,0,0,0,0,0,6.82174E+20,5.42961E+21,1.14904E+16,4.89925E+16
94562,9,1,61,0,2018,9,9,5,2,5,3,0,1,1,0,0,0,0,0,6.75566E+20,5.40478E+21,1.13895E+16,4.87712E+16
94563,9,5,71,193,2018,9,13,1,2,2,7,0,0,1,0,1,0,0,0,5.86091E+20,5.47039E+21,1.01861E+16,4.93801E+16
94564,9,7,75,126,2018,9,18,6,3,0,7,1,0,0,0,1,0,0,0,5.80977E+20,5.35921E+21,1.00936E+16,4.83808E+16
94565,9,1,76,114,2018,9,13,5,3,4,6,0,0,1,0,0,0,0,0,6.83672E+20,5.43696E+21,1.15142E+16,4.90581E+16
94566,9,1,71,132,2018,9,13,1,2,3,6,0,1,1,0,0,0,0,0,7.6629E+20,5.35086E+21,1.25878E+16,4.82549E+16
94567,9,5,71,180,2018,9,15,6,3,2,6,0,0,1,0,0,0,0,0,6.32091E+20,5.46318E+21,1.08172E+16,4.9307E+16
94568,9,1,74,113,2018,9,9,5,2,2,6,0,0,1,0,0,0,0,0,6.72411E+20,5.34632E+21,1.13224E+16,4.82466E+16
94569,9,1,84,132,2018,9,13,7,3,5,2,0,0,1,0,0,0,0,0,6.83123E+20,5.32884E+21,1.14591E+16,4.80865E+16
94570,9,1,84,138,2018,9,11,5,3,0,7,0,0,0,0,1,0,0,0,6.7899E+20,5.33101E+21,1.14045E+16,4.81072E+16
94571,9,2,77,138,2018,9,9,6,3,7,1,0,0,1,0,0,0,0,0,7.91163E+20,5.37238E+21,1.2937E+16,4.84371E+16
94572,9,1,79,134,2018,9,15,5,3,5,2,0,0,1,0,0,0,0,0,6.65928E+20,5.34358E+21,1.12341E+16,4.82237E+16
94573,9,2,74,126,2018,9,13,7,3,2,2,0,0,1,0,0,0,0,0,7.32464E+20,5.38444E+21,1.21514E+16,4.85699E+16
94574,9,1,77,116,2018,9,12,6,2,4,2,0,0,1,0,1,0,0,0,7.14716E+20,5.35944E+21,1.18983E+16,4.83516E+16
94575,9,1,81,122,2018,9,10,5,3,4,2,0,1,1,0,0,0,0,0,6.51335E+20,5.33111E+21,1.10333E+16,4.81153E+16
94576,9,1,88,124,2018,9,15,5,3,6,4,0,0,1,1,0,0,0,0,6.62052E+20,5.31869E+21,1.11725E+16,4.8001E+16
94577,9,4,71,159,2018,9,10,1,2,8,1,0,0,1,0,0,0,0,0,6.41209E+20,5.53498E+21,1.09684E+16,4.99504E+16
94578,9,7,76,114,2018,9,18,6,2,5,3,0,0,1,0,0,0,1,0,5.6691E+20,5.27562E+21,9.89063E+15,4.76305E+16
94579,9,1,88,117,2018,9,14,5,2,4,6,0,0,1,0,1,0,0,0,6.64156E+20,5.31531E+21,1.11994E+16,4.79701E+16
94580,9,1,62,0,2018,9,14,5,3,5,7,0,1,1,0,0,0,0,0,6.88529E+20,5.33501E+21,1.15343E+16,4.81403E+16
94581,9,5,77,113,2018,9,9,6,3,0,3,0,0,1,0,1,0,0,0,6.36809E+20,5.42992E+21,1.08708E+16,4.9007E+16
94582,9,1,88,144,2018,9,11,5,2,5,3,0,0,1,0,1,0,0,0,6.6693E+20,5.32609E+21,1.12407E+16,4.80662E+16
94583,9,7,71,129,2018,9,15,7,2,9,1,0,0,0,0,1,0,0,0,6.52808E+20,5.35623E+21,1.10622E+16,4.83407E+16
94584,9,4,75,171,2018,9,16,1,2,8,1,0,0,0,0,1,0,0,0,6.97328E+20,5.57814E+21,1.17722E+16,5.03223E+16
94585,9,7,63,0,2018,9,15,6,3,2,6,0,0,1,0,0,0,0,0,5.97821E+20,5.28711E+21,1.03046E+16,4.773E+16
94586,9,1,74,113,2018,9,11,5,3,4,6,0,0,1,0,0,1,0,0,6.74841E+20,5.34531E+21,1.13547E+16,4.82369E+16
94587,9,1,86,130,2018,9,15,1,3,0,1,0,0,0,0,0,0,1,0,6.83804E+20,5.37397E+21,1.14878E+16,4.8492E+16
94588,9,5,74,158,2018,9,14,6,2,2,6,0,0,0,0,1,0,1,0,6.67242E+20,5.49963E+21,1.13158E+16,4.96261E+16
94589,9,1,74,143,2018,9,16,5,3,5,3,0,0,1,0,1,0,0,0,6.72857E+20,5.3531E+21,1.13312E+16,4.83075E+16
94590,9,7,76,126,2018,9,13,7,2,3,2,0,1,0,0,1,0,0,0,5.56467E+20,5.27099E+21,9.75104E+15,4.75899E+16
94591,9,1,62,0,2018,9,11,5,3,1,5,0,0,1,0,0,0,0,0,6.98248E+20,5.33325E+21,1.1664E+16,4.81216E+16
94592,9,2,74,146,2018,9,13,6,3,5,3,0,0,1,0,0,0,0,0,7.36558E+20,5.37862E+21,1.22035E+16,4.85161E+16
94593,9,1,74,118,2018,9,7,5,3,5,3,0,0,1,0,1,0,0,0,6.68172E+20,5.3556E+21,1.12691E+16,4.83312E+16
94594,9,1,87,128,2018,9,14,7,3,4,2,0,0,1,0,0,0,0,0,7.48016E+20,5.31166E+21,1.23192E+16,4.79103E+16
94595,9,1,62,0,2018,9,20,5,3,3,6,2,0,1,0,0,0,1,0,6.98559E+20,5.33511E+21,1.1669E+16,4.81383E+16
94596,9,1,78,124,2018,9,17,5,3,4,6,0,0,1,0,1,0,0,0,6.99951E+20,5.35697E+21,1.16981E+16,4.83343E+16
94597,9,3,76,172,2018,9,17,1,3,4,6,0,0,1,0,1,0,0,0,7.49108E+20,5.47408E+21,1.24315E+16,4.93685E+16
94598,9,7,79,186,2018,9,6,6,3,5,3,0,0,1,0,0,0,0,1,6.34513E+20,5.41181E+21,1.08334E+16,4.88447E+16
94599,9,1,78,157,2018,9,9,5,3,4,6,0,0,1,0,0,0,0,0,7.06423E+20,5.37422E+21,1.17938E+16,4.84872E+16