OBJECTID_1,ULAND,UREGBEZ,UKREIS,UGEMEINDE,UJAHR,UMONAT,USTUNDE,UWOCHENTAG,UKATEGORIE,UART,UTYP1,ULICHTVERH,IstRad,IstPKW,IstFuss,IstKrad,IstGkfz,IstSonstig,STRZUSTAND,LINREFX,LINREFY,XGCSWGS84,YGCSWGS84
94973,9,1,76,126,2018,10,15,3,3,5,3,0,0,1,0,1,0,0,0,6.74541E+20,5.40652E+21,1.13763E+16,4.87872E+16
94974,9,5,76,148,2018,10,7,6,3,3,6,0,0,1,0,0,1,0,0,6.65669E+20,5.44455E+21,1.12711E+16,4.91315E+16
94975,9,1,82,116,2018,10,13,4,3,4,3,0,0,1,0,0,0,0,1,7.04951E+20,5.29316E+21,1.17349E+16,4.77592E+16
94976,9,3,73,167,2018,10,12,5,3,2,1,0,0,1,0,0,0,0,0,6.88384E+20,5.46187E+21,1.15903E+16,4.92806E+16
94977,9,4,61,0,2018,10,14,4,3,2,6,0,0,1,0,0,0,0,0,6.37881E+20,5.52946E+21,1.092E+16,4.99016E+16
94978,9,1,85,168,2018,10,13,3,3,5,3,0,0,1,0,0,0,1,0,6.72803E+20,5.39693E+21,1.13486E+16,4.87014E+16
94979,9,1,82,120,2018,10,6,5,3,1,6,0,0,1,0,0,0,0,0,7.03464E+20,5.30706E+21,1.17216E+16,4.78846E+16
94980,9,1,61,0,2018,10,17,3,3,2,6,0,0,1,0,0,0,0,0,6.79141E+20,5.40134E+21,1.14366E+16,4.87393E+16
94981,9,1,89,154,2018,10,10,7,2,7,7,0,0,1,0,0,0,0,0,7.68307E+20,5.31805E+21,1.25943E+16,4.79595E+16
94982,9,1,89,154,2018,10,11,6,3,1,6,0,0,1,0,0,0,0,0,7.66115E+20,5.31913E+21,1.25656E+16,4.79701E+16
94983,9,1,61,0,2018,10,17,3,3,2,6,0,0,1,0,0,0,0,0,6.79156E+20,5.4013E+21,1.14368E+16,4.8739E+16
94984,9,1,76,124,2018,10,6,3,3,5,3,2,0,1,0,0,0,0,0,6.70147E+20,5.41101E+21,1.13184E+16,4.88288E+16
94985,9,4,71,155,2018,10,15,6,2,0,1,0,1,0,0,0,0,0,0,6.4316E+20,5.53065E+21,1.0994E+16,4.99111E+16
94986,9,1,72,114,2018,10,12,5,3,1,6,0,0,1,0,0,0,0,0,7.9025E+20,5.29266E+21,1.28705E+16,4.7722E+16
94987,9,1,79,121,2018,10,6,3,3,9,1,1,0,1,0,0,0,0,1,6.66705E+20,5.33947E+21,1.12429E+16,4.81865E+16
94988,9,1,80,124,2018,10,14,7,3,0,7,0,1,0,0,0,0,0,0,6.66797E+20,5.28404E+21,1.12227E+16,4.76882E+16
94989,9,1,90,140,2018,10,14,6,3,2,1,0,0,1,0,0,0,0,0,6.42503E+20,5.29397E+21,1.09024E+16,4.77833E+16
94990,9,1,74,111,2018,10,10,3,3,5,3,0,0,1,0,0,0,0,0,6.62713E+20,5.36352E+21,1.11985E+16,4.84038E+16
94991,9,1,78,140,2018,10,14,3,3,9,6,0,0,0,0,1,0,0,0,7.06712E+20,5.36605E+21,1.17936E+16,4.84137E+16
94992,9,7,75,135,2018,10,12,6,3,5,3,0,0,1,0,0,0,0,0,5.73134E+20,5.35939E+21,9.98775E+15,4.83835E+16
94993,9,1,62,0,2018,10,14,5,3,2,6,0,0,1,0,0,0,0,0,6.93161E+20,5.33826E+21,1.1598E+16,4.81682E+16
94994,9,1,84,141,2018,10,6,2,3,4,2,1,0,1,0,1,0,0,1,6.99963E+20,5.31704E+21,1.16795E+16,4.79754E+16
94995,9,5,62,0,2018,10,15,6,3,2,6,0,0,1,0,0,0,0,0,6.45709E+20,5.49345E+21,1.10155E+16,4.95761E+16
94996,9,1,82,116,2018,10,11,4,3,8,6,0,0,1,0,0,0,0,0,7.0443E+20,5.29184E+21,1.17273E+16,4.77475E+16
94997,9,3,76,161,2018,10,17,5,3,2,6,0,0,1,0,0,0,0,0,7.25722E+20,5.46828E+21,1.21066E+16,4.93254E+16
94998,9,3,77,159,2018,10,16,7,3,8,1,0,0,0,0,1,0,0,0,7.27086E+20,5.53232E+21,1.21624E+16,4.99001E+16
94999,9,3,76,119,2018,10,3,6,3,8,1,2,1,0,0,0,0,0,0,7.21481E+20,5.45526E+21,1.20411E+16,4.921E+16
95000,9,1,62,0,2018,10,12,2,3,5,3,0,0,1,0,0,0,0,0,7.00007E+20,5.3329E+21,1.16875E+16,4.8118E+16
95001,9,1,85,158,2018,10,6,5,3,1,3,2,0,1,0,1,0,0,0,6.66571E+20,5.37946E+21,1.1257E+16,4.85461E+16
95002,9,1,82,119,2018,10,11,4,2,3,6,0,0,0,0,1,0,0,1,7.10422E+20,5.29267E+21,1.18076E+16,4.7753E+16
95003,9,1,62,0,2018,10,0,2,3,4,6,2,0,1,0,0,0,0,0,6.8806E+20,5.34025E+21,1.15303E+16,4.81876E+16
95004,9,1,71,127,2018,10,13,7,3,5,3,0,0,1,0,0,0,0,0,7.65839E+20,5.35753E+21,1.25859E+16,4.8315E+16
95005,9,1,72,117,2018,10,7,6,3,5,3,1,0,1,0,1,0,0,1,7.98216E+20,5.28148E+21,1.29689E+16,4.7618E+16
95006,9,1,84,147,2018,10,16,2,3,4,1,0,0,1,0,0,0,0,0,6.96591E+20,5.34149E+21,1.16456E+16,4.81962E+16
95007,9,7,78,173,2018,10,7,2,3,8,1,0,0,1,0,0,0,0,1,6.09521E+20,5.32035E+21,1.0469E+16,4.80271E+16
95008,9,7,80,124,2018,10,11,6,3,3,2,0,1,1,0,0,0,0,0,5.92236E+20,5.26845E+21,1.02262E+16,4.75629E+16
95009,9,7,72,177,2018,10,7,5,3,2,6,2,0,0,0,1,1,0,1,6.37483E+20,5.37441E+21,1.08614E+16,4.85078E+16
95010,9,1,81,122,2018,10,0,4,3,0,1,2,1,0,0,0,0,0,0,6.51606E+20,5.33051E+21,1.10368E+16,4.81098E+16
95011,9,5,63,0,2018,10,11,5,3,5,3,0,0,1,0,0,0,0,0,6.43019E+20,5.48432E+21,1.0975E+16,4.94947E+16
95012,9,7,74,144,2018,10,18,2,3,8,1,0,0,1,0,0,0,0,0,6.06444E+20,5.36345E+21,1.04385E+16,4.84152E+16
95013,9,5,77,151,2018,10,14,6,3,9,1,0,0,0,0,1,0,0,0,6.58087E+20,5.43572E+21,1.11638E+16,4.9054E+16
95014,9,7,63,0,2018,10,16,2,3,1,6,0,0,1,0,0,0,0,1,5.99281E+20,5.28762E+21,1.03242E+16,4.77343E+16
95015,9,7,74,150,2018,10,12,6,3,5,3,0,0,1,0,0,0,0,0,6.00966E+20,5.34456E+21,1.036E+16,4.82462E+16
95016,9,7,76,126,2018,10,16,5,3,5,3,0,0,1,0,0,0,0,0,5.59005E+20,5.27179E+21,9.78491E+15,4.75968E+16
95017,9,5,74,123,2018,10,5,5,3,8,1,2,0,1,0,0,0,0,0,6.61962E+20,5.48111E+21,1.12351E+16,4.9461E+16
95018,9,7,80,144,2018,10,7,2,3,8,1,2,0,1,0,0,0,0,1,5.8186E+20,5.2763E+21,1.00897E+16,4.76349E+16
95019,9,5,63,0,2018,10,10,6,3,5,3,0,1,1,0,0,0,0,0,6.44411E+20,5.48363E+21,1.0994E+16,4.94881E+16
95020,9,1,79,121,2018,10,21,4,3,5,3,2,0,1,0,0,0,0,0,6.66939E+20,5.33947E+21,1.12461E+16,4.81865E+16
95021,9,2,71,151,2018,10,18,5,3,5,3,0,0,1,0,0,0,0,0,7.81483E+20,5.41144E+21,1.28329E+16,4.87922E+16
95022,9,3,71,151,2018,10,22,7,3,2,6,2,0,1,0,0,0,0,0,6.99788E+20,5.48592E+21,1.1759E+16,4.9493E+16
95023,9,2,63,0,2018,10,12,6,2,2,6,0,0,1,0,0,0,0,0,7.6586E+20,5.41949E+21,1.26258E+16,4.88713E+16
95024,9,7,63,0,2018,10,19,2,3,3,6,2,0,1,0,0,0,0,0,5.97726E+20,5.28648E+21,1.03032E+16,4.77243E+16
95025,9,1,79,142,2018,10,13,5,3,2,6,0,0,1,0,0,0,0,0,6.72587E+20,5.3414E+21,1.13228E+16,4.82023E+16
95026,9,7,63,0,2018,10,9,2,3,9,1,0,0,1,0,0,0,0,1,6.02085E+20,5.28592E+21,1.03611E+16,4.77186E+16
95027,9,1,87,122,2018,10,10,7,3,3,2,0,0,1,0,1,0,0,0,7.19469E+20,5.31274E+21,1.19383E+16,4.79304E+16
95028,9,1,87,126,2018,10,15,6,3,4,2,0,1,1,0,0,1,0,0,7.41601E+20,5.32592E+21,1.22416E+16,4.80408E+16
95029,9,7,63,0,2018,10,8,2,3,1,6,0,0,1,0,0,1,0,1,5.97871E+20,5.2873E+21,1.03053E+16,4.77317E+16
95030,9,7,79,201,2018,10,12,2,3,0,7,0,1,0,0,0,0,0,0,6.41631E+20,5.39444E+21,1.09244E+16,4.86869E+16
95031,9,7,72,184,2018,10,16,6,3,8,1,0,1,0,0,0,0,0,0,6.35027E+20,5.36423E+21,1.08249E+16,4.84168E+16
95032,9,6,74,221,2018,10,19,5,2,0,1,2,1,0,0,0,0,0,0,6.16364E+20,5.54212E+21,1.06244E+16,5.002E+16
95033,9,1,78,123,2018,10,18,4,3,0,1,1,0,1,0,0,0,0,0,6.91102E+20,5.35808E+21,1.15793E+16,4.83469E+16
95034,9,4,71,220,2018,10,14,5,3,5,3,0,0,1,0,0,0,0,0,6.17644E+20,5.51159E+21,1.0633E+16,4.97453E+16
95035,9,7,73,125,2018,10,5,2,3,5,3,1,0,1,0,0,1,0,1,6.09781E+20,5.38181E+21,1.04885E+16,4.85798E+16
95036,9,5,71,229,2018,10,13,6,3,2,6,0,0,1,0,0,0,0,0,6.25456E+20,5.45408E+21,1.07231E+16,4.92266E+16
95037,9,1,62,0,2018,10,17,3,3,9,1,0,0,1,0,0,0,0,0,6.94717E+20,5.34088E+21,1.16201E+16,4.81913E+16
95038,9,1,72,114,2018,10,15,5,3,2,6,0,0,1,0,0,0,0,0,7.94713E+20,5.29802E+21,1.29335E+16,4.77681E+16
95039,9,2,73,137,2018,10,16,7,3,0,1,0,1,0,0,0,0,0,0,7.12627E+20,5.421E+21,1.19017E+16,4.89054E+16
95040,9,2,61,0,2018,10,23,6,3,2,3,2,0,1,0,0,0,0,0,7.32446E+20,5.38273E+21,1.21502E+16,4.85546E+16
95041,9,7,72,147,2018,10,8,2,3,9,1,0,0,1,0,0,0,0,1,6.35629E+20,5.36433E+21,1.08331E+16,4.84175E+16
95042,9,2,61,0,2018,10,16,5,3,4,2,0,0,1,0,0,0,0,0,7.32981E+20,5.38114E+21,1.21565E+16,4.85401E+16
95043,9,2,75,145,2018,10,17,7,3,2,1,0,0,1,0,0,0,0,0,8.23428E+20,5.37663E+21,1.33753E+16,4.84595E+16
95044,9,2,62,0,2018,10,7,6,3,4,6,0,0,1,0,0,0,0,0,8.22766E+20,5.39254E+21,1.33787E+16,4.86026E+16
95045,9,4,71,220,2018,10,17,2,3,2,6,0,0,1,0,0,0,0,1,6.17623E+20,5.51144E+21,1.06326E+16,4.97439E+16
95046,9,6,77,131,2018,10,11,4,3,1,6,0,0,1,0,0,0,0,0,5.48995E+20,5.54551E+21,9.68451E+15,5.00599E+16
95047,9,6,62,0,2018,10,11,2,3,0,5,0,0,0,0,0,1,1,0,5.87802E+20,5.54187E+21,1.02257E+16,5.00226E+16
95048,9,1,62,0,2018,10,17,7,2,3,6,0,0,1,0,1,0,0,0,6.86706E+20,5.33327E+21,1.15091E+16,4.81252E+16
95049,9,1,76,139,2018,10,13,6,3,6,4,0,0,1,1,0,0,0,0,6.83713E+20,5.41039E+21,1.15028E+16,4.88193E+16
95050,9,6,61,0,2018,10,22,2,3,8,1,2,0,0,0,1,0,0,1,5.10021E+20,5.53867E+21,9.13983E+15,5.00002E+16
95051,9,6,71,130,2018,10,17,2,3,2,6,0,0,1,0,0,0,0,0,5.16109E+20,5.53537E+21,9.22464E+15,4.99705E+16
95052,9,6,75,117,2018,10,10,6,3,5,3,0,0,1,0,1,0,0,0,5.83785E+20,5.51718E+21,1.01643E+16,4.98013E+16
95053,9,1,62,0,2018,10,9,3,3,0,6,0,0,0,0,1,0,0,1,6.887E+20,5.33725E+21,1.15376E+16,4.81605E+16
95054,9,4,75,136,2018,10,18,5,2,5,6,0,0,0,0,1,0,1,0,6.8957E+20,5.56993E+21,1.16592E+16,5.02511E+16
95055,9,6,71,112,2018,10,8,2,3,4,2,0,0,1,0,0,0,0,0,5.18702E+20,5.53705E+21,9.26088E+15,4.99855E+16
95056,9,4,62,0,2018,10,17,6,2,3,2,0,1,1,0,0,0,0,0,6.85774E+20,5.53611E+21,1.15896E+16,4.99484E+16
95057,9,1,89,162,2018,10,13,5,2,5,3,0,0,1,0,1,0,0,0,7.78725E+20,5.3153E+21,1.27317E+16,4.79304E+16
95058,9,6,71,134,2018,10,20,2,3,4,1,1,1,1,0,0,0,0,0,5.00384E+20,5.54585E+21,9.00537E+15,5.00649E+16
95059,9,1,73,120,2018,10,12,7,2,4,6,0,0,1,0,0,0,0,0,6.85815E+20,5.31077E+21,1.14874E+16,4.79233E+16
95060,9,1,73,120,2018,10,16,6,2,0,1,0,1,0,0,0,0,0,0,6.89297E+20,5.31105E+21,1.1534E+16,4.79248E+16
95061,9,6,71,114,2018,10,17,2,2,8,1,0,0,0,0,1,0,0,0,5.00562E+20,5.54523E+21,9.00784E+15,5.00593E+16
95062,9,5,72,149,2018,10,6,2,2,5,3,1,0,1,0,1,0,0,0,6.39073E+20,5.50383E+21,1.09275E+16,4.9671E+16
95063,9,1,84,130,2018,10,0,6,3,7,7,2,0,1,0,0,0,0,0,7.00175E+20,5.34711E+21,1.16964E+16,4.82456E+16
95064,9,1,62,0,2018,10,16,6,3,2,6,0,0,1,0,0,0,0,0,6.95233E+20,5.34402E+21,1.16285E+16,4.82193E+16
95065,9,5,72,164,2018,10,14,2,3,5,3,0,0,1,0,0,0,0,0,6.32869E+20,5.49886E+21,1.08399E+16,4.96277E+16
95066,9,5,74,156,2018,10,9,6,3,5,3,0,0,1,0,0,0,0,0,6.59451E+20,5.48228E+21,1.1201E+16,4.94722E+16
95067,9,5,64,0,2018,10,17,2,3,0,7,0,0,1,0,1,0,0,1,6.57792E+20,5.47572E+21,1.11755E+16,4.94137E+16
95068,9,1,75,137,2018,10,15,7,2,4,6,0,0,1,0,0,0,0,0,7.2621E+20,5.33016E+21,1.20376E+16,4.80845E+16
95069,9,1,79,142,2018,10,15,6,3,2,6,0,0,1,0,0,0,0,0,6.70757E+20,5.34104E+21,1.12981E+16,4.81996E+16
95070,9,5,64,0,2018,10,6,2,3,5,2,1,0,1,0,1,0,0,0,6.54619E+20,5.48093E+21,1.11338E+16,4.94613E+16
95071,9,6,71,138,2018,10,16,6,3,9,1,0,0,1,0,0,0,0,0,5.14987E+20,5.5473E+21,9.20946E+15,5.00778E+16
95072,9,1,62,0,2018,10,21,3,2,4,2,2,0,1,0,1,0,0,0,6.93558E+20,5.33952E+21,1.16039E+16,4.81794E+16
95073,9,4,71,131,2018,10,9,5,3,8,1,0,0,1,0,0,0,0,0,6.33863E+20,5.51651E+21,1.08597E+16,4.97861E+16
95074,9,5,63,0,2018,10,20,2,3,1,6,2,0,1,0,0,0,0,0,6.44144E+20,5.47992E+21,1.0989E+16,4.94548E+16
95075,9,3,74,162,2018,10,18,6,2,2,6,0,0,1,0,0,0,0,0,7.39043E+20,5.49877E+21,1.2308E+16,4.95942E+16
95076,9,1,87,165,2018,10,5,5,2,2,1,2,0,1,0,0,0,1,0,7.33518E+20,5.3005E+21,1.21195E+16,4.78154E+16
95077,9,5,75,138,2018,10,16,2,3,8,6,0,0,1,0,0,0,0,0,6.09409E+20,5.49643E+21,1.05145E+16,4.96105E+16
95078,9,1,73,112,2018,10,10,7,3,0,3,0,0,1,0,0,0,0,0,6.92194E+20,5.29167E+21,1.15642E+16,4.77497E+16
95079,9,1,90,132,2018,10,17,6,3,2,6,0,0,1,0,0,0,0,0,6.75702E+20,5.29337E+21,1.1345E+16,4.77697E+16
95080,9,5,71,136,2018,10,12,2,3,4,2,0,0,1,0,0,0,0,0,5.96732E+20,5.43698E+21,1.03246E+16,4.90781E+16
95081,9,4,75,113,2018,10,15,2,2,8,1,0,0,1,0,0,0,0,1,6.99536E+20,5.58362E+21,1.1806E+16,5.03708E+16
95082,9,7,78,186,2018,10,13,6,3,5,2,0,0,1,0,0,0,0,0,5.96589E+20,5.3099E+21,1.02932E+16,4.79351E+16
95083,9,7,74,148,2018,10,16,5,2,5,3,0,1,1,0,0,0,0,0,5.94585E+20,5.36244E+21,1.02781E+16,4.8408E+16
95084,9,4,79,112,2018,10,13,2,2,4,6,0,0,1,0,0,0,0,0,7.26942E+20,5.55193E+21,1.21719E+16,5.00763E+16
95085,9,5,72,158,2018,10,18,6,2,2,2,0,0,1,0,1,0,0,0,6.50691E+20,5.49577E+21,1.10853E+16,4.95957E+16
95086,9,7,74,144,2018,10,4,3,3,2,1,2,0,1,0,0,1,0,0,6.07005E+20,5.36321E+21,1.04461E+16,4.8413E+16
95087,9,3,76,141,2018,10,7,5,3,5,3,0,0,1,0,0,0,0,0,7.2581E+20,5.45167E+21,1.20984E+16,4.91762E+16
95088,9,3,72,153,2018,10,15,7,3,5,3,0,0,1,0,0,0,0,0,7.51293E+20,5.45578E+21,1.245E+16,4.92033E+16
95089,9,3,61,0,2018,10,14,6,2,5,3,0,0,1,0,1,0,0,0,7.06523E+20,5.48063E+21,1.18491E+16,4.94432E+16
95090,9,4,64,0,2018,10,1,2,3,7,7,2,0,1,0,0,0,0,1,7.08801E+20,5.57598E+21,1.19319E+16,5.0299E+16
95091,9,1,76,165,2018,10,17,5,3,0,3,0,1,1,0,0,0,0,0,6.7208E+20,5.42159E+21,1.13492E+16,4.89233E+16
95092,9,4,76,164,2018,10,6,2,3,5,3,0,1,1,0,0,0,0,0,6.64101E+20,5.5794E+21,1.13064E+16,5.03438E+16
95093,9,1,87,124,2018,10,19,7,2,8,1,2,0,1,0,0,0,0,0,7.34696E+20,5.32529E+21,1.21487E+16,4.80377E+16
95094,9,7,74,160,2018,10,11,3,3,4,2,0,0,1,0,0,0,0,0,6.07919E+20,5.35161E+21,1.04554E+16,4.83085E+16
95095,9,3,72,177,2018,10,17,5,3,3,2,0,0,1,0,1,0,0,0,7.71646E+20,5.45155E+21,1.2726E+16,4.91566E+16
95096,9,4,78,116,2018,10,10,2,3,6,7,0,0,1,1,0,0,0,0,6.60749E+20,5.55687E+21,1.12497E+16,5.01423E+16
95097,9,1,61,0,2018,10,9,5,3,2,6,0,0,1,0,0,0,0,0,6.80408E+20,5.40469E+21,1.14553E+16,4.8769E+16
95098,9,4,72,150,2018,10,21,2,2,5,3,2,0,1,0,0,0,0,1,6.82296E+20,5.53737E+21,1.15417E+16,4.99608E+16
95099,9,1,72,122,2018,10,13,7,2,0,1,0,1,0,0,0,0,0,0,7.92548E+20,5.3142E+21,1.29156E+16,4.79143E+16
95100,9,1,83,144,2018,10,8,6,3,5,3,0,0,1,0,0,0,0,0,7.39961E+20,5.35146E+21,1.2234E+16,4.82709E+16
95101,9,4,72,139,2018,10,15,2,3,8,1,0,0,0,0,1,0,0,1,6.9351E+20,5.55405E+21,1.17063E+16,5.01072E+16
95102,9,4,62,0,2018,10,20,2,3,3,6,2,0,1,0,1,0,0,1,6.84411E+20,5.5356E+21,1.15703E+16,4.99443E+16
95103,9,7,77,151,2018,10,11,6,3,5,3,0,0,1,0,0,0,0,0,6.17475E+20,5.2928E+21,1.05681E+16,4.77778E+16
95104,9,7,73,182,2018,10,7,5,3,2,6,0,0,1,0,0,0,0,0,6.27576E+20,5.3782E+21,1.07285E+16,4.85439E+16
95105,9,7,63,0,2018,10,7,3,3,5,3,0,1,1,0,0,0,0,0,5.98326E+20,5.28628E+21,1.03111E+16,4.77225E+16
95106,9,5,76,147,2018,10,12,5,2,2,6,0,1,1,0,0,0,0,0,6.403E+20,5.44875E+21,1.0925E+16,4.91755E+16
95107,9,4,71,159,2018,10,9,2,2,3,3,0,1,1,0,0,0,0,0,6.40869E+20,5.53356E+21,1.09631E+16,4.99377E+16
95108,9,5,71,169,2018,10,22,6,3,9,1,2,0,0,0,1,0,0,1,5.84722E+20,5.4619E+21,1.01654E+16,4.9304E+16
95109,9,7,76,114,2018,10,10,3,3,3,6,0,0,1,0,0,0,1,0,5.68541E+20,5.27518E+21,9.91227E+15,4.76264E+16
95110,9,2,77,126,2018,10,19,5,3,0,7,2,0,1,0,0,1,0,0,7.87812E+20,5.38276E+21,1.28989E+16,4.85319E+16
95111,9,3,76,141,2018,10,1,7,3,5,3,2,0,1,0,0,0,0,0,7.25769E+20,5.45041E+21,1.20972E+16,4.9165E+16
95112,9,2,71,146,2018,10,15,6,3,2,6,0,0,1,0,0,0,0,0,7.8639E+20,5.41134E+21,1.28995E+16,4.87891E+16
95113,9,4,61,0,2018,10,13,4,3,2,6,0,0,1,0,0,0,0,0,6.3866E+20,5.52954E+21,1.09309E+16,4.99022E+16
95114,9,4,71,195,2018,10,4,2,3,4,2,2,0,1,0,0,0,0,0,6.41932E+20,5.52269E+21,1.0974E+16,4.98398E+16
95115,9,1,78,130,2018,10,17,5,2,3,2,0,0,1,0,0,0,0,0,7.01293E+20,5.35397E+21,1.17147E+16,4.83068E+16
95116,9,3,63,0,2018,10,16,2,3,2,6,0,0,1,0,0,0,0,0,7.26689E+20,5.50455E+21,1.21407E+16,4.96508E+16
95117,9,1,86,149,2018,10,12,7,3,9,6,0,0,1,0,0,0,0,0,6.87454E+20,5.38727E+21,1.15432E+16,4.86104E+16
95118,9,1,61,0,2018,10,16,6,3,2,6,0,0,1,0,0,0,0,0,6.70865E+20,5.40612E+21,1.13261E+16,4.87846E+16
95119,9,3,62,0,2018,10,6,2,3,1,1,0,0,1,0,0,0,0,0,7.24037E+20,5.43201E+21,1.20632E+16,4.90003E+16
95120,9,3,75,181,2018,10,6,2,3,2,1,1,0,1,0,0,0,1,1,7.20846E+20,5.43711E+21,1.20225E+16,4.90473E+16
95121,9,6,79,146,2018,10,14,6,3,4,6,0,0,1,0,0,1,0,0,5.60068E+20,5.5165E+21,9.83467E+15,4.9798E+16
95122,9,7,76,116,2018,10,17,3,3,1,1,0,0,1,0,0,0,0,0,5.54599E+20,5.26625E+21,9.72561E+15,4.75473E+16
95123,9,5,75,146,2018,10,11,5,2,5,3,0,0,1,0,0,0,0,0,5.97844E+20,5.49085E+21,1.0353E+16,4.95624E+16
95124,9,1,87,169,2018,10,15,6,3,2,6,0,0,1,0,0,0,0,0,7.35885E+20,5.29943E+21,1.21505E+16,4.7805E+16
95125,9,3,75,115,2018,10,12,2,1,9,7,0,0,0,0,0,1,0,0,7.39306E+20,5.41817E+21,1.22635E+16,4.88703E+16
95126,9,3,73,167,2018,10,15,2,3,8,3,0,0,1,0,0,0,1,1,6.97393E+20,5.45542E+21,1.17108E+16,4.92197E+16
95127,9,7,77,129,2018,10,15,6,3,4,6,0,1,0,0,0,0,0,0,6.28518E+20,5.26956E+21,1.07086E+16,4.75667E+16
95128,9,7,71,113,2018,10,7,5,2,4,2,0,1,1,0,0,0,0,0,6.58026E+20,5.36972E+21,1.11376E+16,4.84607E+16
95129,9,7,72,207,2018,10,14,3,3,2,2,0,0,1,0,0,1,1,0,6.40907E+20,5.37935E+21,1.09094E+16,4.85514E+16
95130,9,5,64,0,2018,10,11,5,3,0,2,0,0,1,0,0,0,1,0,6.47759E+20,5.47397E+21,1.10366E+16,4.94005E+16
95131,9,3,76,161,2018,10,20,2,3,2,6,2,0,1,0,0,0,0,1,7.25278E+20,5.4648E+21,1.20985E+16,4.92943E+16
95132,9,5,71,198,2018,10,17,6,3,4,1,0,0,1,0,1,0,0,0,5.95658E+20,5.46087E+21,1.03156E+16,4.92931E+16
95133,9,7,72,171,2018,10,21,3,3,8,1,2,0,1,0,0,0,0,0,6.37605E+20,5.37209E+21,1.08623E+16,4.84869E+16
95134,9,2,74,128,2018,10,11,5,3,2,6,0,0,1,0,0,0,0,0,7.36553E+20,5.38883E+21,1.22092E+16,4.86078E+16
95135,9,2,73,152,2018,10,16,7,2,2,6,0,0,1,0,0,0,0,0,7.04608E+20,5.40719E+21,1.17855E+16,4.8784E+16
95136,9,2,75,125,2018,10,9,6,3,5,3,0,0,1,0,0,0,0,0,8.105E+20,5.3768E+21,1.3201E+16,4.84676E+16
95137,9,3,61,0,2018,10,20,2,3,0,3,2,0,1,0,1,0,0,1,7.07601E+20,5.48078E+21,1.18641E+16,4.94442E+16
95138,9,6,71,135,2018,10,13,4,3,0,3,0,0,1,0,1,0,0,0,5.19811E+20,5.55076E+21,9.27706E+15,5.01088E+16
95139,9,2,63,0,2018,10,7,2,3,1,6,0,0,1,0,0,1,0,0,7.62337E+20,5.41753E+21,1.25766E+16,4.88552E+16
95140,9,1,74,118,2018,10,14,7,3,5,3,0,1,1,0,0,0,0,0,6.70755E+20,5.35579E+21,1.1304E+16,4.83322E+16
95141,9,1,88,121,2018,10,12,6,3,2,6,0,0,1,0,0,0,0,0,6.74448E+20,5.3309E+21,1.13435E+16,4.81075E+16
95142,9,4,61,0,2018,10,16,4,2,0,1,0,0,0,0,1,0,0,0,6.39927E+20,5.52557E+21,1.09471E+16,4.98662E+16
95143,9,2,71,141,2018,10,7,2,2,5,3,0,0,0,0,1,1,0,1,7.97005E+20,5.40075E+21,1.3036E+16,4.86891E+16
95144,9,6,78,138,2018,10,12,6,3,1,6,0,0,1,0,0,0,0,0,5.93778E+20,5.53839E+21,1.03083E+16,4.99905E+16
95145,9,7,71,113,2018,10,7,3,3,0,7,0,1,0,0,0,0,0,0,6.57996E+20,5.36972E+21,1.11372E+16,4.84608E+16
95146,9,4,78,111,2018,10,10,5,3,0,3,0,0,1,0,1,0,0,0,6.60393E+20,5.55581E+21,1.12443E+16,5.01329E+16
95147,9,2,78,118,2018,10,15,2,2,4,6,0,0,1,0,0,0,0,0,7.74821E+20,5.42124E+21,1.27489E+16,4.88831E+16
95148,9,4,74,161,2018,10,15,6,3,5,3,0,0,1,0,0,0,0,0,6.56518E+20,5.51356E+21,1.1173E+16,4.97542E+16
95149,9,6,79,193,2018,10,16,3,2,1,6,0,0,0,0,0,1,1,0,5.76099E+20,5.51259E+21,1.00566E+16,4.9761E+16
95150,9,1,72,128,2018,10,16,5,3,2,2,0,0,1,0,0,0,0,0,7.92717E+20,5.29807E+21,1.2907E+16,4.77694E+16
95151,9,2,78,149,2018,10,16,2,3,3,6,0,0,1,0,0,0,0,0,7.78106E+20,5.41748E+21,1.27911E+16,4.88479E+16
95152,9,1,90,140,2018,10,13,7,3,2,1,0,0,1,0,1,0,0,0,6.42811E+20,5.29318E+21,1.09063E+16,4.77761E+16
95153,9,1,90,159,2018,10,12,6,3,8,7,0,0,1,0,0,0,0,0,6.62455E+20,5.30455E+21,1.11726E+16,4.78737E+16
95154,9,2,75,154,2018,10,7,2,3,6,4,0,0,1,1,0,0,0,1,8.08668E+20,5.3946E+21,1.31895E+16,4.86282E+16
95155,9,4,75,142,2018,10,17,6,2,9,1,0,0,0,0,1,0,0,0,7.00629E+20,5.56785E+21,1.1813E+16,5.02288E+16
95156,9,6,63,0,2018,10,12,3,3,2,6,0,0,1,0,0,0,0,1,5.64888E+20,5.5116E+21,9.90082E+15,4.97534E+16
95157,9,1,89,143,2018,10,14,5,3,0,7,0,1,0,0,0,0,0,0,7.61339E+20,5.31768E+21,1.25009E+16,4.79591E+16