OBJECTID_1,ULAND,UREGBEZ,UKREIS,UGEMEINDE,UJAHR,UMONAT,USTUNDE,UWOCHENTAG,UKATEGORIE,UART,UTYP1,ULICHTVERH,IstRad,IstPKW,IstFuss,IstKrad,IstGkfz,IstSonstig,STRZUSTAND,LINREFX,LINREFY,XGCSWGS84,YGCSWGS84
95158,9,2,75,112,2018,10,15,2,2,0,3,0,0,1,0,1,0,0,0,8.01251E+20,5.3876E+21,1.3084E+16,4.8569E+16
95159,9,2,73,159,2018,10,14,7,2,8,1,0,0,0,0,1,0,0,0,7.06811E+20,5.43353E+21,1.18288E+16,4.90199E+16
95160,9,2,61,0,2018,10,14,6,3,4,2,0,0,1,0,0,0,0,0,7.31691E+20,5.38383E+21,1.21406E+16,4.85647E+16
95161,9,2,75,154,2018,10,9,2,3,5,3,0,0,1,0,0,0,0,1,8.07902E+20,5.39313E+21,1.3178E+16,4.86154E+16
95162,9,2,73,137,2018,10,6,2,3,5,3,2,0,1,0,0,0,0,1,7.11163E+20,5.42285E+21,1.18827E+16,4.89225E+16
95163,9,1,84,136,2018,10,19,6,2,4,2,2,0,1,0,1,0,0,0,6.99397E+20,5.32744E+21,1.16767E+16,4.8069E+16
95164,9,1,79,123,2018,10,13,6,2,0,7,0,1,0,0,0,0,0,0,6.77007E+20,5.33383E+21,1.13791E+16,4.81331E+16
95165,9,2,79,112,2018,10,17,2,3,5,3,1,1,1,0,0,0,0,0,7.57485E+20,5.39274E+21,1.24951E+16,4.86347E+16
95166,9,5,76,127,2018,10,11,6,3,2,6,0,0,1,0,0,0,0,0,6.63424E+20,5.45179E+21,1.12433E+16,4.91971E+16
95167,9,6,79,209,2018,10,12,3,3,9,7,0,0,0,0,0,1,0,1,5.62973E+20,5.51653E+21,9.87503E+15,4.97979E+16
95168,9,3,74,149,2018,10,18,5,3,5,3,0,1,1,0,0,0,0,0,7.11461E+20,5.5167E+21,1.19366E+16,4.97656E+16
95169,9,1,90,130,2018,10,22,2,3,5,3,2,0,1,0,0,0,0,1,6.49915E+20,5.29586E+21,1.1002E+16,4.77987E+16
95170,9,1,82,125,2018,10,11,5,2,5,3,0,0,1,0,0,0,0,0,7.12496E+20,5.29834E+21,1.1838E+16,4.78033E+16
95171,9,1,73,126,2018,10,7,2,3,4,7,0,0,1,0,0,0,0,1,6.87837E+20,5.30343E+21,1.15112E+16,4.78567E+16
95172,9,1,89,119,2018,10,13,7,2,4,6,0,0,1,0,1,0,0,0,7.6377E+20,5.30724E+21,1.2527E+16,4.78643E+16
95173,9,1,89,155,2018,10,7,6,2,4,6,0,0,1,0,0,0,1,0,7.68703E+20,5.30995E+21,1.25945E+16,4.78866E+16
95174,9,1,80,117,2018,10,7,2,3,4,6,0,0,1,0,0,0,1,1,6.59263E+20,5.26164E+21,1.11143E+16,4.74887E+16
95175,9,1,83,127,2018,10,8,2,2,9,1,0,0,1,0,0,0,0,1,7.55164E+20,5.34991E+21,1.24376E+16,4.8251E+16
95176,9,7,64,0,2018,10,10,6,3,5,2,0,1,1,0,0,0,0,0,5.88297E+20,5.3141E+21,1.01831E+16,4.79741E+16
95177,9,7,77,151,2018,10,9,5,3,5,3,0,1,1,0,0,0,0,0,6.21E+20,5.29339E+21,1.06153E+16,4.77825E+16
95178,9,6,61,0,2018,10,13,5,3,5,3,0,1,1,0,0,0,0,0,5.09472E+20,5.53397E+21,9.13206E+15,4.9958E+16
95179,9,1,89,111,2018,10,18,2,3,1,6,2,0,1,0,0,0,0,1,7.62922E+20,5.32265E+21,1.25251E+16,4.80031E+16
95180,9,1,89,154,2018,10,7,2,3,5,3,0,0,1,0,0,0,0,1,7.71583E+20,5.31818E+21,1.26381E+16,4.79592E+16
95181,9,7,75,135,2018,10,19,6,3,5,3,2,0,1,0,1,0,0,0,5.79775E+20,5.35953E+21,1.00775E+16,4.83839E+16
95182,9,1,84,119,2018,10,18,5,3,3,6,0,0,1,0,1,0,0,0,6.94177E+20,5.34744E+21,1.16159E+16,4.82504E+16
95183,9,1,87,128,2018,10,0,2,3,7,7,2,1,0,0,0,0,0,0,7.46766E+20,5.31168E+21,1.23026E+16,4.79109E+16
95184,9,5,62,0,2018,10,9,6,3,6,2,0,0,1,1,0,0,0,0,6.44161E+20,5.4944E+21,1.09945E+16,4.9585E+16
95185,9,6,75,113,2018,10,8,3,3,2,6,0,0,1,0,0,0,1,0,5.76891E+20,5.51357E+21,1.00678E+16,4.97696E+16
95186,9,3,76,175,2018,10,16,5,3,4,2,0,0,1,0,0,0,0,0,7.29224E+20,5.4671E+21,1.2154E+16,4.93136E+16
95187,9,3,76,151,2018,10,17,6,2,5,3,0,0,0,1,0,0,1,0,7.47612E+20,5.48385E+21,1.2417E+16,4.94567E+16
95188,9,1,87,118,2018,10,12,2,3,5,3,0,0,1,0,0,0,1,1,7.52539E+20,5.30093E+21,1.23734E+16,4.78121E+16
95189,9,1,61,0,2018,10,21,5,3,5,3,2,1,1,0,0,0,0,0,6.76479E+20,5.4069E+21,1.14028E+16,4.879E+16
95190,9,1,82,137,2018,10,14,4,3,0,2,0,0,0,0,1,0,0,1,7.11719E+20,5.30419E+21,1.18305E+16,4.78561E+16
95191,9,1,82,127,2018,10,7,2,3,0,1,0,1,0,0,0,0,0,1,6.9977E+20,5.30949E+21,1.16734E+16,4.79076E+16
95192,9,1,72,114,2018,10,15,7,3,1,6,0,0,1,0,1,0,0,0,7.95048E+20,5.29797E+21,1.29379E+16,4.77675E+16
95193,9,1,72,118,2018,10,12,6,3,2,6,0,0,1,0,0,0,0,0,7.98223E+20,5.30784E+21,1.2987E+16,4.78546E+16
95194,9,1,76,167,2018,10,7,2,2,4,7,1,0,1,0,0,0,0,1,6.78559E+20,5.4102E+21,1.14326E+16,4.88191E+16
95195,9,1,76,139,2018,10,17,2,2,6,4,0,0,1,1,0,0,0,0,6.83965E+20,5.40952E+21,1.15058E+16,4.88115E+16
95196,9,7,62,0,2018,10,7,6,3,3,2,0,1,1,0,0,0,0,0,6.21505E+20,5.30393E+21,1.0625E+16,4.78772E+16
95197,9,7,72,151,2018,10,16,5,3,5,3,0,0,1,0,0,0,0,0,6.33661E+20,5.34264E+21,1.07996E+16,4.82229E+16
95198,9,6,73,142,2018,10,13,3,3,8,6,0,0,1,0,0,0,1,1,5.97516E+20,5.58547E+21,1.03725E+16,5.04132E+16
95199,9,5,74,139,2018,10,6,5,3,5,3,1,0,1,0,0,0,0,0,6.69663E+20,5.4792E+21,1.13405E+16,4.94418E+16
95200,9,1,61,0,2018,10,16,2,3,2,6,0,0,1,0,1,0,0,0,6.78795E+20,5.40317E+21,1.14327E+16,4.87558E+16
95201,9,5,77,177,2018,10,7,6,3,5,2,0,0,1,0,0,0,0,0,6.47628E+20,5.43165E+21,1.10192E+16,4.90201E+16
95202,9,6,74,133,2018,10,0,3,2,8,7,2,0,1,0,0,0,0,0,6.18984E+20,5.53438E+21,1.06585E+16,4.995E+16
95203,9,2,74,112,2018,10,8,5,3,3,6,0,0,1,0,0,0,0,0,7.57228E+20,5.38114E+21,1.24844E+16,4.85306E+16
95204,9,2,63,0,2018,10,12,7,3,8,1,0,0,1,0,0,0,0,0,7.64153E+20,5.41925E+21,1.26024E+16,4.88699E+16
95205,9,2,62,0,2018,10,19,6,2,2,6,2,0,1,0,1,0,0,0,8.29354E+20,5.3896E+21,1.34654E+16,4.85728E+16
95206,9,1,76,120,2018,10,13,2,3,2,6,0,0,1,0,0,0,0,0,6.80818E+20,5.42417E+21,1.14695E+16,4.8944E+16
95207,9,1,76,137,2018,10,13,2,3,9,1,0,1,0,0,0,0,0,0,6.75993E+20,5.43023E+21,1.14063E+16,4.89999E+16
95208,9,5,74,132,2018,10,16,6,3,4,2,0,0,1,0,1,0,0,0,6.75388E+20,5.48688E+21,1.14228E+16,4.95092E+16
95209,9,2,78,113,2018,10,13,5,3,2,6,0,0,1,0,0,0,0,0,7.65333E+20,5.41623E+21,1.26165E+16,4.88422E+16
95210,9,3,62,0,2018,10,21,7,3,1,6,2,0,1,0,0,0,0,0,7.27613E+20,5.43542E+21,1.2114E+16,4.90296E+16
95211,9,2,71,119,2018,10,8,6,3,2,7,0,0,1,0,0,0,1,0,7.89416E+20,5.41521E+21,1.29433E+16,4.88223E+16
95212,9,1,74,126,2018,10,19,2,3,5,3,0,1,1,0,0,0,0,1,6.837E+20,5.34393E+21,1.14733E+16,4.8222E+16
95213,9,1,74,146,2018,10,17,5,3,3,6,0,0,1,0,0,0,1,0,6.66607E+20,5.35104E+21,1.12462E+16,4.82906E+16
95214,9,1,75,132,2018,10,7,2,3,2,2,0,0,1,0,0,0,0,1,7.09352E+20,5.33651E+21,1.18146E+16,4.81473E+16
95215,9,1,87,157,2018,10,16,7,3,8,1,0,0,0,0,1,0,0,0,7.31024E+20,5.28433E+21,1.20776E+16,4.76711E+16
95216,9,1,87,182,2018,10,19,6,3,4,6,2,0,1,0,0,0,0,0,7.38092E+20,5.32771E+21,1.21955E+16,4.80582E+16
95217,9,1,78,124,2018,10,10,2,3,4,3,0,0,1,0,0,0,0,0,7.0301E+20,5.36387E+21,1.17426E+16,4.83953E+16
95218,9,1,78,124,2018,10,6,2,3,0,3,2,1,0,0,0,0,1,1,7.01952E+20,5.3642E+21,1.17285E+16,4.83986E+16
95219,9,7,73,117,2018,10,13,6,3,2,6,0,0,1,0,0,0,0,0,6.18832E+20,5.39713E+21,1.06155E+16,4.87159E+16
95220,9,6,63,0,2018,10,14,5,3,5,3,0,0,1,0,1,0,0,0,5.67822E+20,5.5166E+21,9.94241E+15,4.97981E+16
95221,9,5,71,181,2018,10,6,5,3,2,6,1,0,1,0,0,0,0,0,5.88213E+20,5.46998E+21,1.02152E+16,4.93762E+16
95222,9,1,77,133,2018,10,7,2,3,5,3,1,0,1,0,0,0,0,1,7.08848E+20,5.36174E+21,1.18203E+16,4.83742E+16
95223,9,5,71,175,2018,10,13,6,2,5,3,0,0,1,0,1,0,0,0,6.2739E+20,5.459E+21,1.07512E+16,4.92705E+16
95224,9,1,73,118,2018,10,9,5,3,4,2,0,0,1,0,0,0,0,0,6.87499E+20,5.30619E+21,1.15079E+16,4.78817E+16
95225,9,2,74,126,2018,10,9,7,3,4,2,0,0,1,0,0,0,0,0,7.32469E+20,5.38444E+21,1.21514E+16,4.85699E+16
95226,9,2,74,119,2018,10,13,6,3,5,3,0,0,1,0,0,0,0,0,7.42525E+20,5.39961E+21,1.22964E+16,4.87023E+16
95227,9,1,84,134,2018,9,14,1,3,2,6,0,0,1,0,0,0,0,0,6.93671E+20,5.3223E+21,1.15976E+16,4.80246E+16
95228,9,1,62,0,2018,9,12,1,3,6,4,0,0,1,1,0,0,0,0,6.88448E+20,5.34019E+21,1.15355E+16,4.8187E+16
95229,9,1,75,118,2018,10,15,7,3,0,1,0,1,0,0,0,0,0,0,7.15812E+20,5.33784E+21,1.19021E+16,4.81572E+16
95230,9,1,88,124,2018,10,11,6,3,2,6,0,0,1,0,0,0,0,0,6.61879E+20,5.31881E+21,1.11702E+16,4.80021E+16
95231,9,7,77,151,2018,10,21,4,2,8,1,2,0,1,0,0,0,0,0,6.25133E+20,5.29316E+21,1.06704E+16,4.77796E+16
95232,9,7,74,121,2018,9,14,1,3,5,3,0,0,1,0,0,0,0,0,6.03336E+20,5.36675E+21,1.03974E+16,4.84454E+16
95233,9,1,76,148,2018,10,14,7,2,8,1,0,0,0,0,1,0,0,0,6.48119E+20,5.40995E+21,1.10181E+16,4.88248E+16
95234,9,1,85,158,2018,10,13,6,3,3,2,0,1,1,0,0,0,0,0,6.6748E+20,5.38046E+21,1.12697E+16,4.85548E+16
95235,9,7,75,143,2018,9,16,1,3,5,3,0,0,1,0,1,0,0,0,5.85984E+20,5.35638E+21,1.01607E+16,4.83547E+16
95236,9,7,78,186,2018,9,17,1,3,5,2,0,0,1,0,0,0,0,0,5.96341E+20,5.31126E+21,1.02902E+16,4.79474E+16
95237,9,6,77,137,2018,10,12,6,2,2,2,0,0,1,0,1,0,0,0,5.3558E+20,5.5154E+21,9.49431E+15,4.979E+16
95238,9,4,75,154,2018,10,17,5,3,5,3,0,0,1,0,0,0,0,0,6.98268E+20,5.56506E+21,1.17785E+16,5.02045E+16
95239,9,7,80,128,2018,9,19,1,3,3,6,2,0,1,0,0,0,0,0,6.09725E+20,5.27888E+21,1.04612E+16,4.7654E+16
95240,9,4,72,175,2018,10,13,6,3,1,6,0,0,1,0,0,0,0,0,6.81075E+20,5.51219E+21,1.1513E+16,4.97349E+16
95241,9,1,83,120,2018,10,8,5,3,4,6,0,0,0,0,0,1,1,0,7.48554E+20,5.34799E+21,1.23476E+16,4.82364E+16
95242,9,7,80,122,2018,9,11,1,2,0,7,0,0,0,0,1,0,0,0,6.00772E+20,5.29199E+21,1.0345E+16,4.77734E+16
95243,9,2,73,125,2018,10,12,7,3,5,2,0,0,1,0,0,0,0,0,7.21042E+20,5.41562E+21,1.20135E+16,4.88541E+16
95244,9,2,73,111,2018,10,12,6,3,0,7,0,0,0,0,1,0,0,0,7.09165E+20,5.41076E+21,1.18493E+16,4.88146E+16
95245,9,7,80,131,2018,9,15,1,2,8,1,0,0,0,0,1,0,0,0,5.87828E+20,5.25401E+21,1.01647E+16,4.74336E+16
95246,9,7,77,167,2018,9,13,1,3,4,7,0,0,1,0,0,0,0,0,6.20812E+20,5.29534E+21,1.06134E+16,4.78001E+16
95247,9,1,62,0,2018,10,17,6,3,1,7,0,0,1,0,1,0,0,0,6.78166E+20,5.33437E+21,1.13949E+16,4.81377E+16
95248,9,1,84,147,2018,10,8,6,3,9,7,0,0,1,0,0,0,0,0,6.99211E+20,5.34154E+21,1.16808E+16,4.81958E+16
95249,9,7,76,122,2018,9,17,1,3,2,2,0,0,1,0,0,0,1,0,5.63108E+20,5.27546E+21,9.84E+15,4.76294E+16
95250,9,5,74,123,2018,10,13,6,3,1,6,0,0,1,0,0,0,0,0,6.59728E+20,5.47174E+21,1.12005E+16,4.93774E+16
95251,9,3,62,0,2018,10,16,5,3,2,6,0,0,1,0,0,0,0,0,7.26642E+20,5.43321E+21,1.20995E+16,4.90101E+16
95252,9,3,74,146,2018,10,15,4,2,3,6,0,0,1,0,0,0,0,0,7.27753E+20,5.50049E+21,1.2153E+16,4.9614E+16
95253,9,7,77,176,2018,9,15,1,3,8,1,0,0,0,0,1,0,0,0,6.01284E+20,5.29991E+21,1.03537E+16,4.78445E+16
95254,9,7,77,140,2018,9,6,1,3,9,7,0,0,1,0,0,0,0,0,6.27623E+20,5.31562E+21,1.07103E+16,4.79811E+16
95255,9,6,76,126,2018,10,14,6,3,5,7,0,0,1,0,0,0,0,0,5.10725E+20,5.52519E+21,9.14928E+15,4.98791E+16
95256,9,4,77,151,2018,10,18,5,2,9,1,0,0,0,0,1,0,0,0,6.74058E+20,5.56388E+21,1.1439E+16,5.02015E+16
95257,9,7,73,116,2018,9,12,1,3,5,3,0,0,1,0,0,0,0,0,6.21044E+20,5.3796E+21,1.06405E+16,4.85578E+16
95258,9,4,61,0,2018,10,13,6,3,2,6,0,0,1,0,0,0,0,0,6.38052E+20,5.5282E+21,1.0922E+16,4.98903E+16
95259,9,1,71,126,2018,10,7,5,3,5,7,0,0,1,0,0,0,0,0,7.79814E+20,5.35284E+21,1.27709E+16,4.82668E+16
95260,9,7,73,117,2018,9,17,1,3,8,1,1,0,0,0,1,0,0,0,6.11519E+20,5.39819E+21,1.05164E+16,4.87268E+16
95261,9,1,73,135,2018,10,11,7,2,8,1,0,0,0,0,1,0,0,0,6.95359E+20,5.27332E+21,1.15982E+16,4.75838E+16
95262,9,1,90,152,2018,10,19,6,3,4,1,2,0,1,0,0,0,1,0,6.69256E+20,5.29671E+21,1.12604E+16,4.78015E+16
95263,9,7,72,200,2018,9,17,1,3,8,1,0,0,0,0,1,0,0,0,6.306E+20,5.33625E+21,1.07564E+16,4.81661E+16
95264,9,7,72,214,2018,9,12,1,3,5,3,0,1,1,0,0,0,0,0,6.18146E+20,5.34226E+21,1.05907E+16,4.82226E+16
95265,9,7,75,135,2018,10,7,6,3,4,2,0,0,1,0,1,0,0,0,5.74685E+20,5.35801E+21,1.00084E+16,4.83709E+16
95266,9,7,78,173,2018,10,9,5,3,2,6,0,1,1,0,0,0,0,0,6.1114E+20,5.32249E+21,1.04912E+16,4.80461E+16
95267,9,7,71,146,2018,9,15,1,3,0,2,0,0,1,0,1,0,0,0,6.46765E+20,5.34669E+21,1.09773E+16,4.82564E+16
95268,9,5,62,0,2018,10,7,6,3,5,3,0,0,1,0,0,0,0,0,6.41882E+20,5.49147E+21,1.09619E+16,4.95592E+16
95269,9,3,76,122,2018,10,17,5,2,8,6,0,0,1,0,1,0,0,0,7.45958E+20,5.47631E+21,1.23895E+16,4.93897E+16
95270,9,2,78,172,2018,10,14,7,3,1,2,0,1,0,0,0,1,0,0,7.52637E+20,5.41758E+21,1.24446E+16,4.88597E+16
95271,9,3,61,0,2018,10,15,6,3,5,2,0,1,0,0,0,0,1,0,7.06463E+20,5.48063E+21,1.18483E+16,4.94433E+16
95272,9,7,71,144,2018,9,15,1,3,0,1,0,1,0,0,0,0,0,1,6.62898E+20,5.37237E+21,1.12045E+16,4.84833E+16
95273,9,1,76,111,2018,10,17,5,3,1,6,0,0,1,0,1,0,0,0,6.59006E+20,5.41244E+21,1.11673E+16,4.88445E+16
95274,9,1,87,165,2018,10,13,4,3,1,6,0,0,1,0,0,0,0,0,7.33596E+20,5.29977E+21,1.21201E+16,4.78088E+16
95275,9,6,79,144,2018,9,12,1,2,8,6,0,0,1,0,0,0,0,0,5.51955E+20,5.51393E+21,9.7216E+15,4.97756E+16
95276,9,1,71,132,2018,10,16,7,2,6,4,0,0,1,1,0,0,0,0,7.66871E+20,5.3513E+21,1.25958E+16,4.82587E+16
95277,9,1,72,114,2018,10,6,6,3,5,3,1,0,1,0,0,0,1,0,7.89632E+20,5.29257E+21,1.28622E+16,4.77215E+16
95278,9,6,73,116,2018,10,14,3,2,4,1,0,0,1,0,0,0,0,1,5.85159E+20,5.58236E+21,1.01979E+16,5.03871E+16
95279,9,7,77,169,2018,10,12,6,2,0,6,0,1,0,0,0,0,0,0,6.31854E+20,5.27139E+21,1.07535E+16,4.75825E+16
95280,9,6,73,186,2018,10,16,2,3,6,4,0,0,1,1,0,0,0,0,5.83958E+20,5.56996E+21,1.01783E+16,5.02758E+16
95281,9,1,77,113,2018,10,18,2,3,5,3,0,0,1,0,0,0,0,0,7.20781E+20,5.35303E+21,1.19767E+16,4.82919E+16
95282,9,1,81,115,2018,10,7,5,3,2,6,0,0,1,0,0,0,1,0,6.57212E+20,5.32694E+21,1.11107E+16,4.80764E+16
95283,9,5,62,0,2018,10,17,3,3,4,1,1,0,1,0,0,0,0,0,6.43471E+20,5.4895E+21,1.09832E+16,4.95411E+16
95284,9,1,62,0,2018,10,17,1,3,9,1,0,0,1,0,0,0,0,0,6.92423E+20,5.33069E+21,1.15847E+16,4.81004E+16
95285,9,6,75,112,2018,10,15,4,3,5,3,0,0,1,0,0,0,0,0,5.83513E+20,5.51357E+21,1.01597E+16,4.97688E+16
95286,9,2,78,146,2018,10,7,3,3,5,3,1,0,1,0,0,0,0,1,7.60618E+20,5.41098E+21,1.25491E+16,4.87971E+16
95287,9,2,73,163,2018,10,0,2,3,8,1,2,0,1,0,0,0,0,0,7.03007E+20,5.39787E+21,1.17592E+16,4.87008E+16
95288,9,7,74,121,2018,10,18,1,3,2,6,1,0,1,0,0,0,0,0,6.02083E+20,5.36474E+21,1.03799E+16,4.84276E+16
95289,9,5,64,0,2018,10,8,5,3,2,6,0,0,1,0,0,0,0,0,6.52177E+20,5.48179E+21,1.11004E+16,4.94697E+16
95290,9,3,76,144,2018,10,18,4,3,2,3,0,1,1,0,0,0,0,0,7.31753E+20,5.48304E+21,1.21981E+16,4.94558E+16
95291,9,4,64,0,2018,10,11,4,3,5,3,0,0,1,0,1,0,0,0,7.06852E+20,5.58081E+21,1.19073E+16,5.0343E+16
95292,9,1,78,124,2018,10,15,3,3,2,6,0,0,1,0,0,0,0,0,7.02865E+20,5.35905E+21,1.17383E+16,4.8352E+16
95293,9,7,75,139,2018,10,8,1,3,2,6,0,0,1,0,0,0,0,0,5.80442E+20,5.36816E+21,1.00881E+16,4.84615E+16
95294,9,2,75,122,2018,10,11,5,3,5,3,0,0,1,0,0,1,0,0,8.15111E+20,5.38917E+21,1.32725E+16,4.85762E+16
95295,9,1,62,0,2018,10,7,3,3,4,3,0,1,1,0,0,0,0,0,6.87774E+20,5.32755E+21,1.15209E+16,4.80736E+16
95296,9,7,75,164,2018,10,18,1,3,1,3,0,1,1,0,0,0,0,0,5.85832E+20,5.35288E+21,1.01579E+16,4.83233E+16
95297,9,1,62,0,2018,10,13,4,3,5,2,0,1,1,0,0,0,0,0,6.95E+20,5.33302E+21,1.16203E+16,4.81205E+16
95298,9,5,64,0,2018,10,12,3,3,0,7,0,0,0,0,1,0,1,1,6.47609E+20,5.47933E+21,1.10365E+16,4.94487E+16
95299,9,7,78,173,2018,10,16,1,3,5,3,0,0,1,0,0,0,0,0,6.12622E+20,5.32059E+21,1.05106E+16,4.80287E+16
95300,9,6,61,0,2018,10,9,4,3,6,2,0,0,1,1,0,0,0,0,5.10067E+20,5.53717E+21,9.14044E+15,4.99868E+16
95301,9,1,80,115,2018,10,14,3,2,8,1,0,0,0,0,1,0,0,0,6.52648E+20,5.27085E+21,1.10297E+16,4.75731E+16
95302,9,1,72,117,2018,10,12,2,3,0,7,0,1,0,0,0,0,0,0,7.96351E+20,5.28683E+21,1.29477E+16,4.76669E+16
95303,9,7,64,0,2018,10,15,1,3,5,3,0,1,1,0,0,0,0,0,5.85776E+20,5.3196E+21,1.01504E+16,4.8024E+16
95304,9,4,77,121,2018,10,20,5,3,4,2,2,0,1,0,0,0,0,0,6.87019E+20,5.54813E+21,1.16127E+16,5.0056E+16
95305,9,2,74,128,2018,10,6,4,3,2,6,2,0,1,0,0,0,0,0,7.37194E+20,5.39E+21,1.22186E+16,4.86181E+16
95306,9,6,72,114,2018,10,16,4,3,5,2,0,0,1,0,1,0,0,0,5.78226E+20,5.55985E+21,1.00958E+16,5.01857E+16
95307,9,2,74,174,2018,10,6,3,3,2,6,2,0,1,0,0,0,1,0,7.47495E+20,5.39235E+21,1.23595E+16,4.86352E+16
95308,9,1,80,117,2018,10,5,2,3,1,5,2,0,1,0,0,0,0,0,6.59275E+20,5.26163E+21,1.11144E+16,4.74886E+16
95309,9,7,77,163,2018,10,15,1,3,3,7,0,0,1,0,0,0,0,0,6.30214E+20,5.27731E+21,1.07335E+16,4.76361E+16
95310,9,5,71,145,2018,10,19,5,3,2,1,2,0,1,0,0,0,0,0,5.90953E+20,5.45144E+21,1.02488E+16,4.9209E+16
95311,9,6,71,138,2018,10,11,2,3,4,2,0,0,1,0,1,0,0,0,5.14821E+20,5.548E+21,9.20717E+15,5.00841E+16
95312,9,2,78,187,2018,10,12,4,3,8,1,0,0,0,0,1,0,0,0,7.82662E+20,5.42465E+21,1.2858E+16,4.89102E+16
95313,9,4,72,199,2018,10,15,4,3,2,6,0,0,1,0,0,0,0,0,6.9152E+20,5.53901E+21,1.1671E+16,4.99727E+16
95314,9,5,62,0,2018,10,13,2,3,5,3,0,1,1,0,0,0,0,0,6.42857E+20,5.4973E+21,1.09775E+16,4.96114E+16
95315,9,1,84,132,2018,10,2,2,2,9,1,2,0,1,0,0,0,0,0,6.7943E+20,5.32728E+21,1.14089E+16,4.80735E+16
95316,9,7,77,166,2018,10,12,1,3,9,1,0,0,1,0,0,0,0,1,6.2611E+20,5.27943E+21,1.06795E+16,4.7656E+16
95317,9,2,74,182,2018,10,11,5,3,0,1,0,1,0,0,0,0,0,0,7.28875E+20,5.37803E+21,1.20993E+16,4.85136E+16
95318,9,7,75,135,2018,10,14,3,3,1,6,0,0,1,0,1,0,0,0,5.74474E+20,5.35936E+21,1.00058E+16,4.8383E+16
95319,9,7,79,148,2018,10,21,1,2,4,1,2,1,1,0,0,0,0,0,6.31459E+20,5.41303E+21,1.07922E+16,4.88563E+16
95320,9,7,78,173,2018,10,19,4,2,5,2,2,0,1,0,0,0,0,0,6.12398E+20,5.32276E+21,1.05082E+16,4.80483E+16
95321,9,4,75,161,2018,10,16,3,3,2,7,0,0,1,0,1,0,0,0,7.16557E+20,5.57664E+21,1.20411E+16,5.03021E+16
95322,9,7,79,148,2018,10,14,1,3,4,2,0,0,1,0,0,0,0,0,6.29881E+20,5.409E+21,1.07694E+16,4.88204E+16
95323,9,7,77,164,2018,10,7,5,2,9,7,0,0,0,0,1,0,0,0,6.22673E+20,5.31191E+21,1.06429E+16,4.79487E+16
95324,9,5,64,0,2018,10,13,4,3,2,6,0,0,1,0,0,0,0,0,6.5321E+20,5.47341E+21,1.11115E+16,4.9394E+16
95325,9,1,89,127,2018,10,17,3,3,3,2,0,0,1,0,1,0,0,0,7.86581E+20,5.31821E+21,1.28386E+16,4.7953E+16
95326,9,1,86,137,2018,10,8,2,3,2,6,0,0,1,0,0,0,0,0,6.84593E+20,5.40039E+21,1.15103E+16,4.87292E+16
95327,9,6,79,175,2018,10,6,1,2,8,7,1,0,1,0,0,0,0,0,5.73633E+20,5.5106E+21,1.0022E+16,4.97434E+16
95328,9,4,71,172,2018,10,17,5,3,2,6,0,0,1,0,0,0,0,0,6.31313E+20,5.51617E+21,1.08241E+16,4.97836E+16
95329,9,1,89,154,2018,10,15,4,3,2,6,0,0,1,0,0,1,0,0,7.68405E+20,5.31536E+21,1.25939E+16,4.79352E+16
95330,9,7,80,117,2018,10,9,2,3,5,3,0,0,1,0,0,0,1,0,5.9318E+20,5.28318E+21,1.02418E+16,4.76953E+16
95331,9,6,63,0,2018,10,17,1,3,2,6,0,0,1,0,0,0,0,0,5.67851E+20,5.5144E+21,9.94243E+15,4.97782E+16
95332,9,1,87,150,2018,10,14,5,3,1,6,0,0,1,0,0,1,0,0,7.29288E+20,5.30338E+21,1.20646E+16,4.78428E+16
95333,9,6,75,113,2018,10,13,3,1,2,6,0,0,0,0,0,1,1,0,5.76827E+20,5.51339E+21,1.00669E+16,4.9768E+16
95334,9,6,75,111,2018,10,12,1,2,4,6,0,0,1,0,1,0,0,0,6.02194E+20,5.5137E+21,1.04191E+16,4.97671E+16
95335,9,7,74,144,2018,10,1,2,2,8,1,2,0,1,0,0,0,0,0,6.10856E+20,5.36289E+21,1.0498E+16,4.84094E+16
95336,9,6,77,114,2018,10,12,1,3,5,3,0,0,1,0,0,0,0,0,5.69695E+20,5.53632E+21,9.97199E+15,4.99751E+16
95337,9,1,89,155,2018,10,9,5,3,5,3,0,0,1,0,0,0,0,0,7.71283E+20,5.30977E+21,1.26288E+16,4.78839E+16
95338,9,7,72,163,2018,10,17,3,1,8,1,0,0,0,0,1,0,0,0,6.39024E+20,5.35005E+21,1.08742E+16,4.82883E+16
95339,9,6,74,159,2018,10,9,1,3,8,7,0,0,1,0,0,0,0,1,6.13519E+20,5.53477E+21,1.05825E+16,4.99544E+16
95340,9,7,80,139,2018,10,6,4,3,4,6,2,0,1,0,0,0,0,0,5.95753E+20,5.26243E+21,1.02716E+16,4.75082E+16
95341,9,4,77,119,2018,10,9,3,3,1,6,0,0,1,0,0,0,0,0,6.8395E+20,5.54454E+21,1.15682E+16,5.00248E+16
95342,9,6,73,116,2018,10,12,1,3,5,3,0,0,1,0,0,0,0,0,5.86366E+20,5.58311E+21,1.02151E+16,5.03937E+16
95343,9,7,61,0,2018,10,23,5,3,5,3,2,1,1,0,0,0,0,0,6.43208E+20,5.36056E+21,1.09342E+16,4.8382E+16