OBJECTID_1,ULAND,UREGBEZ,UKREIS,UGEMEINDE,UJAHR,UMONAT,USTUNDE,UWOCHENTAG,UKATEGORIE,UART,UTYP1,ULICHTVERH,IstRad,IstPKW,IstFuss,IstKrad,IstGkfz,IstSonstig,STRZUSTAND,LINREFX,LINREFY,XGCSWGS84,YGCSWGS84
95344,9,5,74,152,2018,10,12,4,3,4,7,0,1,0,0,0,0,0,0,6.62831E+20,5.4829E+21,1.12478E+16,4.94769E+16
95345,9,1,82,112,2018,10,13,3,3,2,6,0,0,1,0,0,0,0,0,7.24264E+20,5.28554E+21,1.19883E+16,4.76843E+16
95346,9,1,81,130,2018,10,13,2,2,4,6,0,0,1,0,1,0,0,0,6.40507E+20,5.32552E+21,1.08861E+16,4.80675E+16
95347,9,6,73,161,2018,10,10,1,2,0,1,0,1,0,0,0,0,0,0,5.86055E+20,5.57372E+21,1.02085E+16,5.03093E+16
95348,9,3,75,182,2018,10,16,5,3,5,3,0,0,1,0,1,0,0,0,7.37772E+20,5.41698E+21,1.2242E+16,4.88602E+16
95349,9,1,71,111,2018,10,16,4,3,2,6,0,0,1,0,0,0,0,0,7.73916E+20,5.34869E+21,1.26889E+16,4.82322E+16
95350,9,6,63,0,2018,10,17,2,2,0,1,0,0,0,0,0,0,1,0,5.67773E+20,5.51321E+21,9.94115E+15,4.97676E+16
95351,9,6,62,0,2018,10,17,1,2,0,7,0,1,0,0,0,0,0,1,5.88079E+20,5.54519E+21,1.02304E+16,5.00525E+16
95352,9,1,86,132,2018,10,8,5,2,4,6,0,0,1,0,0,0,0,0,6.76947E+20,5.36706E+21,1.13922E+16,4.84318E+16
95353,9,5,65,0,2018,10,8,3,3,2,6,0,0,1,0,0,0,0,0,6.4939E+20,5.46614E+21,1.10561E+16,4.93297E+16
95354,9,6,78,176,2018,10,14,1,3,1,2,0,0,1,0,0,0,0,0,5.893E+20,5.53881E+21,1.02459E+16,4.99949E+16
95355,9,7,71,145,2018,10,12,4,3,5,3,0,1,1,0,0,0,0,0,6.47691E+20,5.34595E+21,1.09896E+16,4.82496E+16
95356,9,3,72,126,2018,10,16,3,3,2,6,0,0,1,0,0,0,0,0,7.82564E+20,5.46766E+21,1.28867E+16,4.92962E+16
95357,9,2,72,147,2018,10,6,2,3,8,1,2,0,1,0,0,0,0,1,8.20523E+20,5.41633E+21,1.33668E+16,4.88172E+16
95358,9,6,62,0,2018,10,11,1,2,4,6,0,0,1,0,0,0,0,0,5.85663E+20,5.542E+21,1.01959E+16,5.00241E+16
95359,9,5,74,138,2018,10,9,5,2,2,6,0,0,1,0,0,0,0,0,6.64556E+20,5.48961E+21,1.12744E+16,4.95367E+16
95360,9,3,75,127,2018,10,13,4,3,2,1,0,0,1,0,1,0,0,0,7.1254E+20,5.43615E+21,1.19084E+16,4.90415E+16
95361,9,4,75,171,2018,10,7,4,3,5,3,0,0,1,0,0,0,0,0,6.95512E+20,5.57712E+21,1.17462E+16,5.03137E+16
95362,9,1,79,123,2018,10,10,3,3,1,5,0,0,1,0,0,0,0,0,6.77368E+20,5.33226E+21,1.13833E+16,4.81189E+16
95363,9,6,71,140,2018,10,2,1,2,6,4,2,0,1,1,0,0,0,0,5.07934E+20,5.53648E+21,9.11067E+15,4.99806E+16
95364,9,7,61,0,2018,10,16,4,3,2,6,0,0,1,0,0,0,0,0,6.37635E+20,5.36074E+21,1.0859E+16,4.83848E+16
95365,9,4,61,0,2018,10,12,3,2,1,1,0,0,1,0,0,0,1,0,6.32982E+20,5.52985E+21,1.0852E+16,4.99062E+16
95366,9,3,76,147,2018,10,7,2,3,8,7,0,0,0,0,0,1,0,0,7.43502E+20,5.47095E+21,1.23525E+16,4.93426E+16
95367,9,6,61,0,2018,10,18,1,3,0,7,0,1,0,0,0,0,0,0,5.111E+20,5.53589E+21,9.1548E+15,4.99753E+16
95368,9,6,71,126,2018,10,16,5,2,8,1,0,0,0,0,1,0,0,1,5.25074E+20,5.54177E+21,9.35006E+15,5.00277E+16
95369,9,5,63,0,2018,10,7,4,3,2,6,0,0,1,0,1,0,0,0,6.43954E+20,5.48075E+21,1.09866E+16,4.94623E+16
95370,9,1,88,121,2018,10,17,3,3,2,6,0,0,1,0,0,0,0,0,6.73152E+20,5.32973E+21,1.13257E+16,4.80973E+16
95371,9,1,78,157,2018,10,7,2,3,2,6,0,0,1,0,1,0,0,1,7.04464E+20,5.37018E+21,1.17653E+16,4.84515E+16
95372,9,3,72,143,2018,10,8,5,3,4,2,0,0,1,0,0,0,0,0,7.7479E+20,5.45109E+21,1.27687E+16,4.91511E+16
95373,9,1,82,129,2018,10,15,4,3,1,6,0,0,1,0,1,0,0,0,7.07567E+20,5.28544E+21,1.17661E+16,4.7689E+16
95374,9,5,65,0,2018,10,11,2,2,5,2,0,1,1,0,0,0,0,0,6.47251E+20,5.46597E+21,1.10266E+16,4.93287E+16
95375,9,5,72,131,2018,10,14,1,3,2,6,0,0,1,0,1,0,0,0,6.49928E+20,5.48776E+21,1.10717E+16,4.95239E+16
95376,9,1,88,124,2018,10,14,5,3,9,1,0,0,0,0,1,0,0,0,6.62996E+20,5.31852E+21,1.11851E+16,4.79992E+16
95377,9,5,62,0,2018,10,15,3,3,2,6,0,0,1,0,0,0,0,0,6.43611E+20,5.49349E+21,1.09866E+16,4.9577E+16
95378,9,5,74,123,2018,10,11,1,3,2,6,0,0,1,0,0,0,0,0,6.58961E+20,5.47355E+21,1.11907E+16,4.93939E+16
95379,9,6,77,203,2018,10,7,4,3,0,6,1,0,1,0,0,0,0,0,5.58859E+20,5.52815E+21,9.81964E+15,4.99029E+16
95380,9,2,75,111,2018,10,7,3,1,4,6,0,0,1,0,1,0,0,0,8.1914E+20,5.39984E+21,1.33352E+16,4.86699E+16
95381,9,1,73,120,2018,10,20,2,3,4,6,2,0,1,0,0,0,0,0,6.87535E+20,5.31119E+21,1.15105E+16,4.79266E+16
95382,9,5,74,123,2018,10,12,1,3,2,6,0,0,1,0,0,0,0,0,6.59008E+20,5.47357E+21,1.11914E+16,4.9394E+16
95383,9,5,64,0,2018,10,9,5,3,5,3,0,0,1,0,0,0,0,0,6.48317E+20,5.47249E+21,1.10437E+16,4.93871E+16
95384,9,5,64,0,2018,10,16,2,3,8,1,0,0,0,0,1,0,0,0,6.50786E+20,5.47365E+21,1.10782E+16,4.93969E+16
95385,9,2,71,119,2018,10,9,4,2,9,1,0,0,1,0,0,0,0,0,7.89962E+20,5.41621E+21,1.29514E+16,4.88311E+16
95386,9,4,76,152,2018,10,6,4,3,5,3,2,0,1,0,1,0,0,1,6.71046E+20,5.59157E+21,1.14094E+16,5.04511E+16
95387,9,5,74,138,2018,10,14,2,3,5,3,0,1,1,0,0,0,0,0,6.65175E+20,5.48732E+21,1.1282E+16,4.9516E+16
95388,9,1,62,0,2018,10,12,2,3,6,2,0,0,1,1,0,0,0,0,6.92906E+20,5.33126E+21,1.15914E+16,4.81054E+16
95389,9,5,76,122,2018,10,13,1,2,2,6,0,0,1,0,0,0,0,0,6.68806E+20,5.43753E+21,1.13111E+16,4.90675E+16
95390,9,2,75,134,2018,10,18,5,3,0,7,0,1,0,0,0,0,0,0,8.26745E+20,5.37697E+21,1.34203E+16,4.84609E+16
95391,9,1,84,131,2018,10,8,3,3,5,3,0,0,1,0,0,0,0,0,7.04866E+20,5.33697E+21,1.17546E+16,4.81529E+16
95392,9,5,64,0,2018,10,11,1,3,2,6,0,0,1,0,0,0,0,0,6.59684E+20,5.47627E+21,1.12018E+16,4.94181E+16
95393,9,1,62,0,2018,10,21,4,1,9,1,2,0,0,0,1,0,0,0,6.94603E+20,5.33397E+21,1.16154E+16,4.81292E+16
95394,9,6,76,125,2018,10,14,2,2,6,7,0,1,0,1,0,0,0,0,5.16201E+20,5.50724E+21,9.22474E+15,4.97174E+16
95395,9,2,71,143,2018,10,10,5,3,7,1,0,1,0,0,0,0,0,0,7.78063E+20,5.40689E+21,1.27833E+16,4.87529E+16
95396,9,1,84,131,2018,10,9,4,3,2,6,0,0,0,0,0,1,0,0,7.04464E+20,5.33746E+21,1.17495E+16,4.81575E+16
95397,9,5,72,132,2018,10,0,1,3,4,3,2,0,1,0,0,0,0,0,6.37917E+20,5.49291E+21,1.09076E+16,4.9573E+16
95398,9,1,75,132,2018,10,12,5,3,5,3,0,0,1,0,1,0,0,0,7.07437E+20,5.33645E+21,1.17889E+16,4.81475E+16
95399,9,5,64,0,2018,10,17,3,2,5,3,0,1,1,0,0,0,0,0,6.49298E+20,5.47717E+21,1.1059E+16,4.94289E+16
95400,9,5,62,0,2018,10,4,1,3,0,7,2,0,1,0,0,0,0,0,6.40457E+20,5.49216E+21,1.09425E+16,4.95657E+16
95401,9,6,76,160,2018,10,21,4,2,8,1,2,0,1,0,0,0,0,0,5.16034E+20,5.53105E+21,9.22342E+15,4.99316E+16
95402,9,2,73,165,2018,10,10,3,3,3,6,0,0,1,0,0,0,0,0,7.16207E+20,5.41094E+21,1.19452E+16,4.88138E+16
95403,9,1,83,139,2018,10,17,2,3,5,3,0,0,1,0,0,0,0,0,7.34836E+20,5.33447E+21,1.21556E+16,4.81201E+16
95404,9,5,76,151,2018,10,21,1,3,9,7,2,1,0,0,0,0,0,0,6.56129E+20,5.47185E+21,1.1151E+16,4.93794E+16
95405,9,5,71,216,2018,10,6,5,3,9,1,2,0,0,0,1,0,0,0,6.19897E+20,5.45244E+21,1.06463E+16,4.9213E+16
95406,9,5,64,0,2018,10,19,2,3,5,3,2,0,1,0,1,0,0,0,6.47319E+20,5.47161E+21,1.10297E+16,4.93794E+16
95407,9,2,77,127,2018,10,17,4,3,4,6,0,0,1,0,0,0,0,0,7.91997E+20,5.35155E+21,1.29338E+16,4.82498E+16
95408,9,3,75,162,2018,10,18,4,3,8,6,1,0,1,0,0,0,0,0,7.11771E+20,5.44081E+21,1.19004E+16,4.90837E+16
95409,9,1,84,112,2018,10,20,2,2,6,4,2,0,1,1,0,0,0,0,7.0194E+20,5.33897E+21,1.17163E+16,4.81718E+16
95410,9,5,74,146,2018,10,9,1,3,1,6,0,0,1,0,0,0,0,0,6.6964E+20,5.48775E+21,1.13438E+16,4.95186E+16
95411,9,2,61,0,2018,10,17,5,3,7,7,1,1,0,0,0,0,0,0,7.31756E+20,5.38129E+21,1.214E+16,4.85418E+16
95412,9,7,80,118,2018,10,17,3,3,4,6,0,0,1,0,0,0,0,0,5.95353E+20,5.26548E+21,1.0267E+16,4.75357E+16
95413,9,5,76,148,2018,10,17,1,3,9,1,0,0,1,0,0,0,0,1,6.58903E+20,5.44422E+21,1.11783E+16,4.91303E+16
95414,9,7,63,0,2018,10,18,4,3,4,2,2,1,1,0,0,0,0,0,5.98826E+20,5.28647E+21,1.03178E+16,4.7724E+16
95415,9,4,76,159,2018,10,7,3,3,8,1,1,0,1,0,0,0,0,1,6.77908E+20,5.58201E+21,1.15015E+16,5.03633E+16
95416,9,5,74,145,2018,10,14,1,2,8,1,0,0,0,0,1,0,0,0,6.75457E+20,5.47974E+21,1.14206E+16,4.9445E+16
95417,9,7,73,125,2018,10,19,5,3,5,2,2,0,1,0,0,0,0,0,6.08466E+20,5.38148E+21,1.04706E+16,4.8577E+16
95418,9,5,72,132,2018,10,10,4,2,5,3,0,0,1,0,0,0,0,0,6.38666E+20,5.49169E+21,1.09176E+16,4.95619E+16
95419,9,1,71,129,2018,10,23,3,2,9,1,2,0,0,0,1,0,0,0,7.75519E+20,5.35304E+21,1.27133E+16,4.82706E+16
95420,9,1,88,145,2018,10,17,2,3,2,6,0,0,1,0,0,0,0,0,6.63914E+20,5.32806E+21,1.1201E+16,4.80847E+16
95421,9,5,77,136,2018,10,7,3,3,4,1,2,0,1,0,1,0,0,1,6.24013E+20,5.44377E+21,1.07001E+16,4.91343E+16
95422,9,5,64,0,2018,10,19,1,3,1,6,2,0,1,0,0,0,0,0,6.49473E+20,5.47715E+21,1.10614E+16,4.94286E+16
95423,9,5,76,122,2018,10,13,4,3,2,6,0,0,1,0,0,0,0,0,6.67525E+20,5.43853E+21,1.1294E+16,4.90768E+16
95424,9,1,73,124,2018,10,15,3,2,4,6,0,0,1,0,1,0,0,0,6.92543E+20,5.2876E+21,1.1567E+16,4.77131E+16
95425,9,1,61,0,2018,10,14,2,2,5,3,0,0,1,0,1,1,0,0,6.80241E+20,5.40463E+21,1.1453E+16,4.87685E+16
95426,9,5,64,0,2018,10,17,1,3,3,2,0,1,1,0,0,0,0,0,6.5401E+20,5.48154E+21,1.11256E+16,4.94669E+16
95427,9,4,74,173,2018,10,15,5,3,5,3,0,0,1,0,0,0,0,0,6.62514E+20,5.49985E+21,1.12505E+16,4.96293E+16
95428,9,1,73,135,2018,10,16,4,3,3,6,0,1,1,0,0,0,0,0,6.88767E+20,5.27052E+21,1.15094E+16,4.75606E+16
95429,9,7,64,0,2018,10,15,2,3,5,3,0,0,1,0,1,0,0,0,5.88713E+20,5.31472E+21,1.01888E+16,4.79796E+16
95430,9,4,75,123,2018,10,17,1,2,0,7,0,0,1,0,0,0,1,0,7.07333E+20,5.58459E+21,1.19161E+16,5.03768E+16
95431,9,1,87,139,2018,10,14,5,2,4,6,0,0,1,0,0,0,0,0,7.4561E+20,5.31683E+21,1.229E+16,4.79576E+16
95432,9,7,71,130,2018,10,22,3,3,0,1,2,0,0,0,1,0,0,1,6.449E+20,5.35769E+21,1.0956E+16,4.83557E+16
95433,9,4,78,139,2018,10,16,1,2,0,1,0,1,0,0,0,0,0,0,6.50661E+20,5.55272E+21,1.1107E+16,5.01076E+16
95434,9,7,62,0,2018,10,16,4,3,1,6,0,0,1,0,0,0,0,0,6.23281E+20,5.30607E+21,1.06494E+16,4.78961E+16
95435,9,4,61,0,2018,10,15,3,3,2,6,0,0,1,0,0,0,0,0,6.3833E+20,5.53154E+21,1.0927E+16,4.99202E+16
95436,9,4,76,154,2018,10,10,1,3,5,3,0,1,1,0,0,0,0,0,6.57969E+20,5.56875E+21,1.12158E+16,5.02498E+16
95437,9,7,71,112,2018,10,17,5,3,0,7,0,0,0,0,1,0,1,1,6.43392E+20,5.36706E+21,1.09389E+16,4.84404E+16
95438,9,5,74,112,2018,10,17,4,3,2,2,0,0,1,0,1,0,0,0,6.68708E+20,5.47188E+21,1.13242E+16,4.93762E+16
95439,9,5,64,0,2018,10,14,2,3,5,3,0,1,1,0,0,0,0,0,6.47728E+20,5.47405E+21,1.10362E+16,4.94012E+16
95440,9,6,76,126,2018,10,7,2,3,1,6,0,0,1,0,0,0,0,0,5.11036E+20,5.52361E+21,9.15356E+15,4.98648E+16
95441,9,1,76,167,2018,10,17,3,3,4,6,0,1,0,0,0,0,0,0,6.77147E+20,5.40982E+21,1.14132E+16,4.88161E+16
95442,9,1,74,113,2018,10,11,2,3,5,3,0,0,1,0,0,0,0,0,6.78981E+20,5.34277E+21,1.14094E+16,4.82129E+16
95443,9,3,75,183,2018,10,17,5,2,5,3,1,0,1,0,0,0,0,0,7.45522E+20,5.42818E+21,1.23542E+16,4.89577E+16
95444,9,1,71,123,2018,10,22,4,3,8,1,2,0,0,0,1,0,0,0,7.85252E+20,5.35308E+21,1.28442E+16,4.82666E+16
95445,9,6,75,174,2018,10,6,2,2,9,7,2,0,1,0,0,0,0,0,5.88254E+20,5.526E+21,1.02284E+16,4.98799E+16
95446,9,4,73,141,2018,10,11,1,2,9,7,0,0,1,0,0,0,0,0,6.40687E+20,5.57533E+21,1.0976E+16,5.03132E+16
95447,9,1,86,162,2018,10,17,5,3,2,6,0,0,1,0,1,0,1,0,6.94724E+20,5.38845E+21,1.16423E+16,4.86188E+16
95448,9,5,72,135,2018,10,16,3,3,3,3,0,1,1,0,0,0,0,0,6.30054E+20,5.50652E+21,1.08034E+16,4.96972E+16
95449,9,4,62,0,2018,10,17,1,3,1,6,0,0,1,0,0,0,0,0,6.85543E+20,5.53598E+21,1.15863E+16,4.99473E+16
95450,9,4,61,0,2018,10,5,5,3,6,2,2,0,1,1,0,0,0,0,6.37528E+20,5.52754E+21,1.09145E+16,4.98845E+16
95451,9,1,89,159,2018,10,15,4,3,4,6,0,1,0,0,0,0,0,0,7.6104E+20,5.30433E+21,1.24888E+16,4.78393E+16
95452,9,7,73,183,2018,10,16,2,3,5,3,0,0,1,0,0,0,0,0,6.05955E+20,5.38658E+21,1.04378E+16,4.86233E+16
95453,9,4,71,214,2018,10,6,1,3,8,7,0,0,1,0,0,0,0,0,6.39983E+20,5.54421E+21,1.09547E+16,5.00337E+16
95454,9,1,87,150,2018,10,8,5,3,2,6,0,0,1,0,0,0,0,0,7.29334E+20,5.30337E+21,1.20652E+16,4.78427E+16
95455,9,6,75,117,2018,10,7,3,3,0,7,2,0,1,0,0,0,0,0,5.79985E+20,5.51597E+21,1.01113E+16,4.97908E+16
95456,9,4,74,126,2018,10,11,1,3,2,6,0,0,1,0,0,0,0,0,6.50248E+20,5.50681E+21,1.10834E+16,4.9695E+16
95457,9,7,72,147,2018,10,6,4,3,2,6,0,0,1,0,0,0,0,1,6.38341E+20,5.36799E+21,1.08709E+16,4.84498E+16
95458,9,3,74,139,2018,10,7,3,3,0,2,0,1,1,0,0,0,0,0,7.28362E+20,5.51345E+21,1.2169E+16,4.97301E+16
95459,9,2,78,172,2018,10,6,2,3,9,7,2,0,1,0,0,0,0,0,7.52438E+20,5.41999E+21,1.24434E+16,4.88814E+16
95460,9,4,74,126,2018,10,3,1,2,8,1,2,0,1,0,0,0,0,0,6.47921E+20,5.5058E+21,1.10508E+16,4.96866E+16
95461,9,5,74,155,2018,10,14,5,3,2,6,0,0,1,0,0,0,0,0,6.68039E+20,5.49163E+21,1.13234E+16,4.95539E+16
95462,9,5,64,0,2018,10,16,4,2,0,7,0,0,0,0,0,0,1,0,6.49172E+20,5.4772E+21,1.10573E+16,4.94291E+16
95463,9,5,64,0,2018,10,13,2,3,2,6,0,0,1,0,0,0,0,0,6.52494E+20,5.47747E+21,1.11032E+16,4.94308E+16
95464,9,1,88,121,2018,10,9,3,3,2,6,0,0,1,0,0,0,0,0,6.74397E+20,5.33084E+21,1.13428E+16,4.81069E+16
95465,9,4,74,122,2018,10,13,1,2,0,1,0,1,0,0,0,0,0,0,6.53456E+20,5.50413E+21,1.11268E+16,4.96701E+16
95466,9,3,76,161,2018,10,8,5,3,2,6,0,0,1,0,0,0,0,0,7.27646E+20,5.46649E+21,1.2132E+16,4.93087E+16
95467,9,1,61,0,2018,10,18,4,3,4,6,0,1,0,0,0,0,0,0,6.77207E+20,5.40426E+21,1.14116E+16,4.87661E+16
95468,9,5,63,0,2018,10,19,2,3,0,7,2,1,0,0,0,0,0,0,6.44316E+20,5.47876E+21,1.09909E+16,4.94444E+16
95469,9,4,74,121,2018,10,16,1,3,2,6,0,0,1,0,0,0,0,0,6.57318E+20,5.51664E+21,1.11853E+16,4.97816E+16
95470,9,1,84,135,2018,10,17,5,3,3,6,0,0,1,0,0,0,0,0,6.88545E+20,5.34563E+21,1.15392E+16,4.82358E+16
95471,9,5,74,156,2018,10,14,3,3,2,6,0,0,1,0,1,0,0,0,6.58835E+20,5.48207E+21,1.11924E+16,4.94705E+16
95472,9,3,77,159,2018,10,11,1,2,2,6,0,0,1,0,0,0,0,0,7.3119E+20,5.5336E+21,1.22202E+16,4.991E+16
95473,9,6,72,135,2018,10,19,4,3,4,6,2,0,1,0,0,0,1,1,5.90807E+20,5.56587E+21,1.02734E+16,5.0238E+16
95474,9,5,71,208,2018,10,7,2,3,5,3,0,0,1,0,0,1,0,1,6.17988E+20,5.43816E+21,1.06159E+16,4.9085E+16
95475,9,2,72,152,2018,10,17,3,2,9,7,0,0,1,0,0,0,0,0,8.10731E+20,5.41506E+21,1.32328E+16,4.88108E+16
95476,9,1,80,133,2018,10,18,2,3,9,1,0,0,1,0,0,0,0,0,6.65096E+20,5.28791E+21,1.12015E+16,4.77235E+16
95477,9,3,77,159,2018,10,11,1,3,2,6,0,0,1,0,0,0,0,0,7.31191E+20,5.53359E+21,1.22202E+16,4.991E+16
95478,9,5,64,0,2018,10,17,5,3,5,2,0,1,1,0,0,0,0,0,6.49115E+20,5.48331E+21,1.10588E+16,4.94841E+16
95479,9,3,77,141,2018,10,11,1,2,2,1,0,0,1,0,0,1,1,0,7.31232E+20,5.53443E+21,1.22213E+16,4.99174E+16
95480,9,6,75,141,2018,10,17,4,3,2,6,0,0,1,0,1,0,0,0,5.83973E+20,5.50984E+21,1.01653E+16,4.97352E+16
95481,9,3,71,156,2018,10,10,3,3,5,3,0,0,1,0,0,0,0,0,7.02302E+20,5.49886E+21,1.18003E+16,4.96084E+16
95482,9,2,73,115,2018,10,16,2,2,8,1,0,0,0,0,1,0,0,0,7.12768E+20,5.39563E+21,1.18905E+16,4.86774E+16
95483,9,3,77,159,2018,10,11,1,3,2,6,0,0,1,0,0,0,0,0,7.31171E+20,5.53414E+21,1.22202E+16,4.99148E+16
95484,9,5,63,0,2018,10,20,5,3,0,7,2,0,1,1,0,0,0,0,6.43885E+20,5.48122E+21,1.09859E+16,4.94666E+16
95485,9,3,72,174,2018,10,8,4,2,9,1,0,0,1,0,0,0,0,0,7.72506E+20,5.46324E+21,1.27457E+16,4.92611E+16
95486,9,4,75,142,2018,10,18,4,3,2,6,1,0,1,0,0,0,0,0,7.01519E+20,5.57295E+21,1.18282E+16,5.02742E+16
95487,9,4,73,153,2018,10,16,2,3,2,6,0,1,1,0,0,0,0,0,6.41522E+20,5.56454E+21,1.09837E+16,5.02161E+16
95488,9,1,75,111,2018,10,12,3,2,2,6,0,0,0,0,1,0,1,0,7.11556E+20,5.33809E+21,1.1845E+16,4.81609E+16
95489,9,3,71,123,2018,10,14,1,2,5,3,0,0,1,0,0,0,0,0,7.10041E+20,5.49122E+21,1.19032E+16,4.95371E+16
95490,9,2,77,154,2018,10,19,5,2,4,2,2,0,1,0,1,0,0,0,7.84888E+20,5.35652E+21,1.28416E+16,4.82976E+16
95491,9,1,62,0,2018,10,8,3,3,3,6,0,0,1,0,1,0,0,0,6.8601E+20,5.33525E+21,1.15006E+16,4.81433E+16
95492,9,2,78,148,2018,10,18,1,3,5,3,2,0,1,0,0,0,0,0,7.36921E+20,5.40672E+21,1.22245E+16,4.87684E+16
95493,9,1,77,120,2018,10,16,5,3,8,1,0,0,1,0,0,0,0,0,7.24293E+20,5.35837E+21,1.20268E+16,4.83386E+16
95494,9,5,64,0,2018,10,10,3,3,5,3,0,0,1,0,0,0,0,0,6.53049E+20,5.47247E+21,1.11089E+16,4.93857E+16
95495,9,2,76,116,2018,10,8,1,3,9,1,0,0,1,0,0,0,0,0,8.00421E+20,5.4251E+21,1.31001E+16,4.89059E+16
95496,9,6,71,130,2018,10,7,4,2,5,3,0,0,1,0,0,0,1,0,5.15125E+20,5.54169E+21,9.21116E+15,5.00274E+16
95497,9,4,72,175,2018,10,10,2,2,5,3,0,0,1,0,0,0,0,0,6.75336E+20,5.50684E+21,1.1431E+16,4.96886E+16
95498,9,1,90,157,2018,10,15,3,3,5,3,0,0,1,0,0,0,0,0,6.60213E+20,5.30003E+21,1.11409E+16,4.78337E+16
95499,9,1,71,113,2018,10,7,2,3,0,7,0,0,0,1,0,0,1,0,7.78063E+20,5.34105E+21,1.27396E+16,4.81618E+16
95500,9,2,75,111,2018,10,17,1,3,0,1,0,0,1,0,0,0,0,1,8.19054E+20,5.39989E+21,1.33341E+16,4.86704E+16
95501,9,4,76,145,2018,10,7,5,2,6,2,1,0,0,1,0,0,1,0,6.66414E+20,5.568E+21,1.13338E+16,5.02407E+16
95502,9,2,74,141,2018,10,17,4,2,0,1,0,0,0,0,1,0,0,0,7.2321E+20,5.39436E+21,1.20315E+16,4.86624E+16
95503,9,4,72,139,2018,10,11,2,2,8,1,0,0,0,0,1,0,0,0,6.9383E+20,5.55173E+21,1.17096E+16,5.00862E+16
95504,9,1,84,121,2018,10,5,2,2,5,3,2,0,0,0,0,0,1,0,7.05964E+20,5.32547E+21,1.17638E+16,4.80492E+16
95505,9,2,62,0,2018,10,21,1,2,4,1,2,0,1,0,0,0,0,1,8.32188E+20,5.39175E+21,1.35054E+16,4.85906E+16
95506,9,1,89,157,2018,10,16,5,2,7,1,0,0,0,0,1,0,1,0,7.63172E+20,5.32602E+21,1.25305E+16,4.80332E+16
95507,9,7,73,147,2018,10,17,3,3,9,1,0,0,0,0,1,0,0,0,6.06524E+20,5.39125E+21,1.04467E+16,4.86653E+16
95508,9,2,71,113,2018,10,6,4,3,8,1,2,0,0,0,1,0,0,0,8.00319E+20,5.41315E+21,1.30899E+16,4.87987E+16
95509,9,4,77,127,2018,10,6,4,3,4,2,1,0,1,0,0,0,0,0,6.79029E+20,5.55484E+21,1.15044E+16,5.01188E+16
95510,9,1,84,145,2018,10,16,2,2,2,6,0,0,1,0,0,1,0,0,6.95154E+20,5.3245E+21,1.16185E+16,4.80439E+16
95511,9,2,77,116,2018,10,17,1,3,0,1,0,0,0,0,1,0,0,1,7.78527E+20,5.36729E+21,1.27631E+16,4.83971E+16
95512,9,2,61,0,2018,10,17,5,3,2,6,0,0,1,0,1,0,0,0,7.33127E+20,5.38101E+21,1.21584E+16,4.85388E+16
95513,9,7,74,144,2018,10,11,3,3,2,6,0,0,1,0,0,1,1,0,6.06709E+20,5.36318E+21,1.04421E+16,4.84128E+16
95514,9,2,74,113,2018,10,16,1,3,4,2,0,0,1,0,0,0,0,0,7.28394E+20,5.38393E+21,1.2096E+16,4.85668E+16
95515,9,1,62,0,2018,10,13,4,3,5,2,0,0,1,0,0,0,0,0,6.87732E+20,5.32943E+21,1.15212E+16,4.80905E+16
95516,9,4,79,112,2018,10,6,3,2,4,1,2,0,1,0,0,1,0,1,7.28734E+20,5.5489E+21,1.21951E+16,5.00484E+16
95517,9,2,79,130,2018,10,18,1,2,8,6,1,0,1,0,1,0,0,0,7.49045E+20,5.3911E+21,1.23798E+16,4.86234E+16
95518,9,5,71,226,2018,10,16,4,2,2,6,0,0,1,0,0,1,0,0,6.37073E+20,5.4642E+21,1.0886E+16,4.93152E+16
95519,9,4,72,119,2018,10,7,2,3,4,6,0,0,1,0,0,0,0,0,6.87223E+20,5.54119E+21,1.16122E+16,4.99936E+16
95520,9,1,89,161,2018,10,17,3,2,1,3,0,1,1,0,0,0,0,0,7.7E+20,5.30528E+21,1.26089E+16,4.78441E+16
95521,9,1,86,137,2018,10,15,2,3,5,3,0,0,1,0,0,0,0,0,6.84604E+20,5.39956E+21,1.151E+16,4.87218E+16
95522,9,1,80,115,2018,10,14,1,2,8,1,0,0,0,0,1,0,0,1,6.46633E+20,5.26993E+21,1.09495E+16,4.75662E+16
95523,9,4,71,120,2018,10,17,5,3,2,6,0,0,1,0,0,0,0,0,6.25582E+20,5.52089E+21,1.07461E+16,4.98273E+16
95524,9,1,89,155,2018,10,12,4,3,2,6,0,0,1,0,0,0,0,0,7.71636E+20,5.30789E+21,1.26324E+16,4.78668E+16
95525,9,7,76,126,2018,10,9,2,2,2,6,0,0,1,0,0,0,0,0,5.58494E+20,5.27167E+21,9.7781E+15,4.75958E+16
95526,9,1,73,124,2018,10,16,1,3,3,5,0,0,0,0,1,0,1,0,6.9298E+20,5.29227E+21,1.15749E+16,4.77549E+16
95527,9,1,87,129,2018,10,7,5,1,4,6,0,0,1,0,0,1,0,0,7.26314E+20,5.29985E+21,1.20231E+16,4.78122E+16
95528,9,7,61,0,2018,10,19,3,3,5,3,1,1,0,0,0,0,0,0,6.44204E+20,5.3576E+21,1.09466E+16,4.83551E+16
95529,9,1,73,111,2018,10,15,1,3,2,6,0,0,1,0,1,0,0,0,6.83201E+20,5.29341E+21,1.14451E+16,4.7768E+16