OBJECTID_1,ULAND,UREGBEZ,UKREIS,UGEMEINDE,UJAHR,UMONAT,USTUNDE,UWOCHENTAG,UKATEGORIE,UART,UTYP1,ULICHTVERH,IstRad,IstPKW,IstFuss,IstKrad,IstGkfz,IstSonstig,STRZUSTAND,LINREFX,LINREFY,XGCSWGS84,YGCSWGS84
95530,9,7,77,159,2018,10,10,4,3,0,3,0,0,1,0,1,0,0,0,6.17027E+20,5.27037E+21,1.05561E+16,4.75762E+16
95531,9,4,71,131,2018,10,18,3,3,5,3,0,0,1,0,0,0,0,0,6.34164E+20,5.5206E+21,1.08652E+16,4.98228E+16
95532,9,1,72,128,2018,10,13,1,3,4,2,0,0,1,0,0,0,0,1,7.92636E+20,5.29785E+21,1.29057E+16,4.77675E+16
95533,9,6,78,174,2018,10,11,5,3,6,4,0,0,0,1,1,0,0,0,5.93599E+20,5.54479E+21,1.03073E+16,5.0048E+16
95534,9,1,83,116,2018,10,14,1,3,2,6,0,0,1,0,0,0,0,1,7.6362E+20,5.35304E+21,1.25532E+16,4.82756E+16
95535,9,7,80,143,2018,10,12,4,3,2,6,0,0,1,0,0,0,0,0,5.98182E+20,5.28213E+21,1.03083E+16,4.76851E+16
95536,9,4,72,197,2018,10,17,3,3,5,3,0,0,1,0,1,0,0,0,6.71028E+20,5.52489E+21,1.13792E+16,4.9852E+16
95537,9,1,72,115,2018,10,14,1,3,0,7,0,0,1,0,1,0,0,1,7.94718E+20,5.29102E+21,1.29288E+16,4.77053E+16
95538,9,7,71,130,2018,10,13,5,3,3,6,0,0,1,0,0,0,1,0,6.45475E+20,5.35805E+21,1.09639E+16,4.83589E+16
95539,9,5,62,0,2018,10,17,4,2,4,2,0,0,1,0,1,0,0,0,6.46255E+20,5.49574E+21,1.10239E+16,4.95965E+16
95540,9,4,62,0,2018,10,8,2,3,5,2,0,1,1,0,0,0,0,0,6.84908E+20,5.53594E+21,1.15774E+16,4.99472E+16
95541,9,1,87,132,2018,10,2,3,2,2,6,2,0,1,0,0,1,0,0,7.4374E+20,5.29906E+21,1.2255E+16,4.77987E+16
95542,9,1,88,141,2018,10,9,2,3,5,3,0,0,1,0,0,0,0,0,6.65773E+20,5.30573E+21,1.12174E+16,4.78835E+16
95543,9,1,87,167,2018,10,13,1,3,4,6,0,0,1,0,0,0,0,1,7.43013E+20,5.30279E+21,1.22474E+16,4.78325E+16
95544,9,3,62,0,2018,10,17,5,2,2,6,0,0,1,0,0,1,0,0,7.25247E+20,5.43106E+21,1.20792E+16,4.89913E+16
95545,9,1,71,127,2018,10,17,4,3,5,2,0,0,1,0,0,0,0,0,7.6785E+20,5.3579E+21,1.26132E+16,4.83175E+16
95546,9,7,61,0,2018,10,17,2,3,5,2,0,1,1,0,0,0,0,0,6.41708E+20,5.36176E+21,1.09143E+16,4.83931E+16
95547,9,1,82,111,2018,10,8,1,2,4,1,0,0,1,0,0,0,0,0,7.04418E+20,5.2878E+21,1.17253E+16,4.77112E+16
95548,9,1,61,0,2018,10,18,5,2,4,2,1,0,1,0,1,0,0,0,6.76429E+20,5.40844E+21,1.14028E+16,4.88039E+16
95549,9,6,76,144,2018,10,19,3,2,9,7,2,0,1,0,0,0,0,0,5.07765E+20,5.52922E+21,9.10816E+15,4.99153E+16
95550,9,1,87,137,2018,10,23,1,3,6,7,2,0,1,1,0,0,0,0,7.29258E+20,5.31236E+21,1.2069E+16,4.79235E+16
95551,9,7,71,130,2018,10,16,4,3,1,2,0,0,1,0,0,0,1,0,6.45485E+20,5.36314E+21,1.09658E+16,4.84046E+16
95552,9,3,75,179,2018,10,16,3,3,5,3,0,0,1,0,0,0,0,0,7.27718E+20,5.42676E+21,1.21106E+16,4.89518E+16
95553,9,2,77,138,2018,10,11,2,3,4,7,0,0,1,0,0,0,0,0,7.92888E+20,5.37144E+21,1.29596E+16,4.84279E+16
95554,9,1,76,139,2018,10,5,1,3,8,7,2,0,1,0,0,0,0,0,6.85614E+20,5.41102E+21,1.15289E+16,4.88244E+16
95555,9,5,72,132,2018,10,8,5,2,5,3,0,1,1,0,0,0,0,0,6.37133E+20,5.49306E+21,1.08968E+16,4.95746E+16
95556,9,3,75,175,2018,10,6,4,3,5,3,2,0,1,0,0,0,1,0,7.15784E+20,5.43472E+21,1.1952E+16,4.90276E+16
95557,9,4,79,158,2018,10,18,4,3,9,1,1,0,0,0,0,0,1,0,7.21674E+20,5.55044E+21,1.20975E+16,5.00649E+16
95558,9,4,74,134,2018,10,14,2,3,2,6,0,0,1,0,0,0,0,0,6.44782E+20,5.50794E+21,1.10081E+16,4.97066E+16
95559,9,1,79,134,2018,10,7,3,3,0,1,0,1,0,0,0,0,0,0,6.68572E+20,5.34383E+21,1.12698E+16,4.82252E+16
95560,9,1,62,0,2018,10,20,1,3,0,6,2,0,1,0,0,0,1,0,6.81127E+20,5.34011E+21,1.14371E+16,4.81884E+16
95561,9,2,76,144,2018,10,18,5,3,5,3,0,0,1,0,1,0,0,0,7.84875E+20,5.44442E+21,1.2902E+16,4.90866E+16
95562,9,1,88,139,2018,10,17,4,3,0,1,0,0,0,0,1,0,0,0,6.73532E+20,5.32091E+21,1.13272E+16,4.80179E+16
95563,9,1,74,113,2018,10,8,1,2,9,1,0,0,1,0,0,0,0,0,6.72237E+20,5.34842E+21,1.13209E+16,4.82656E+16
95564,9,5,63,0,2018,10,18,4,3,6,4,2,0,1,1,0,0,0,0,6.4405E+20,5.48283E+21,1.09887E+16,4.9481E+16
95565,9,4,71,117,2018,10,14,2,2,2,6,0,0,1,0,0,0,0,0,6.31072E+20,5.53073E+21,1.08257E+16,4.99146E+16
95566,9,1,85,158,2018,10,9,3,3,5,3,0,1,1,0,0,0,0,0,6.66558E+20,5.3813E+21,1.12575E+16,4.85626E+16
95567,9,1,78,142,2018,10,17,2,2,0,3,0,0,1,0,1,0,0,0,7.13753E+20,5.37824E+21,1.18949E+16,4.85209E+16
95568,9,3,72,151,2018,10,13,5,3,5,3,0,0,1,0,0,0,0,0,7.80132E+20,5.45933E+21,1.28475E+16,4.92226E+16
95569,9,1,87,132,2018,10,10,4,3,5,3,0,0,1,0,0,1,0,0,7.46476E+20,5.29989E+21,1.2292E+16,4.78051E+16
95570,9,6,78,190,2018,10,17,2,2,4,7,0,0,1,0,0,0,0,0,5.82395E+20,5.53469E+21,1.01487E+16,4.99589E+16
95571,9,1,74,115,2018,10,14,1,2,4,1,0,0,1,0,0,0,0,0,6.81788E+20,5.3503E+21,1.14503E+16,4.82798E+16
95572,9,1,79,117,2018,10,14,5,3,3,6,0,0,1,0,0,1,0,0,6.60291E+20,5.34698E+21,1.11596E+16,4.82557E+16
95573,9,5,62,0,2018,10,20,3,3,0,7,2,1,0,0,0,0,0,0,6.43539E+20,5.49346E+21,1.09855E+16,4.95767E+16
95574,9,1,62,0,2018,10,3,1,3,8,1,2,0,1,0,0,0,0,1,6.88874E+20,5.34459E+21,1.15432E+16,4.82264E+16
95575,9,6,75,117,2018,10,9,4,3,5,2,0,0,1,0,0,0,0,0,5.84773E+20,5.51732E+21,1.01781E+16,4.98023E+16
95576,9,4,71,220,2018,10,15,2,3,6,4,0,0,1,1,0,0,0,0,6.16797E+20,5.51283E+21,1.06216E+16,4.97566E+16
95577,9,2,75,117,2018,10,16,3,3,5,3,0,0,1,0,0,0,0,0,8.04066E+20,5.38698E+21,1.31216E+16,4.8562E+16
95578,9,2,79,132,2018,10,14,2,3,2,6,0,0,1,0,0,0,0,0,7.66392E+20,5.39782E+21,1.2619E+16,4.86766E+16
95579,9,1,78,157,2018,10,12,1,2,9,1,0,0,1,0,0,0,0,0,7.07897E+20,5.37572E+21,1.18144E+16,4.85001E+16
95580,9,5,64,0,2018,10,0,5,3,9,1,2,0,1,0,0,0,0,0,6.52699E+20,5.47183E+21,1.11038E+16,4.938E+16
95581,9,3,71,127,2018,10,13,4,2,5,3,0,0,1,0,0,0,0,0,7.16053E+20,5.49507E+21,1.19883E+16,4.95696E+16
95582,9,4,73,174,2018,10,14,4,3,3,6,0,0,1,0,1,1,0,0,6.55195E+20,5.56429E+21,1.11751E+16,5.02104E+16
95583,9,3,74,165,2018,10,6,2,3,9,1,2,0,1,0,0,0,0,1,7.37542E+20,5.50931E+21,1.22936E+16,4.96894E+16
95584,9,1,62,0,2018,10,7,2,3,5,3,0,0,1,0,0,0,1,1,6.84617E+20,5.34263E+21,1.14851E+16,4.821E+16
95585,9,1,84,134,2018,10,15,7,3,3,6,0,1,0,0,0,0,0,0,6.94392E+20,5.32139E+21,1.16069E+16,4.80162E+16
95586,9,6,76,125,2018,10,14,2,2,4,7,0,0,1,0,0,1,0,0,5.16831E+20,5.5071E+21,9.23348E+15,4.97162E+16
95587,9,2,62,0,2018,10,9,5,3,3,6,0,0,1,0,0,1,0,0,8.29972E+20,5.39012E+21,1.34742E+16,4.85772E+16
95588,9,1,84,123,2018,10,12,3,2,5,3,0,1,1,0,0,0,0,0,7.03885E+20,5.33204E+21,1.17391E+16,4.81089E+16
95589,9,1,84,148,2018,10,12,7,3,2,6,0,1,0,0,0,0,0,0,6.947E+20,5.32697E+21,1.16135E+16,4.80663E+16
95590,9,1,84,127,2018,10,18,4,3,0,7,0,1,0,0,0,0,0,0,7.02806E+20,5.32206E+21,1.17199E+16,4.80196E+16
95591,9,5,71,166,2018,10,15,3,3,2,6,0,0,1,0,0,1,0,0,6.06288E+20,5.4562E+21,1.04605E+16,4.92494E+16
95592,9,1,84,136,2018,10,10,7,3,5,3,0,1,1,0,0,0,0,0,6.97993E+20,5.32685E+21,1.16576E+16,4.80642E+16
95593,9,6,71,134,2018,10,17,4,2,6,7,0,1,0,1,0,0,0,0,5.00449E+20,5.54626E+21,9.00627E+15,5.00687E+16
95594,9,3,75,117,2018,10,16,2,2,2,1,0,0,0,0,0,1,0,0,7.42963E+20,5.43231E+21,1.23218E+16,4.89958E+16
95595,9,1,77,116,2018,10,8,5,3,2,6,0,0,1,0,0,0,1,0,7.1205E+20,5.36458E+21,1.1865E+16,4.83987E+16
95596,9,5,64,0,2018,10,19,3,3,2,6,2,0,1,0,0,0,0,0,6.56688E+20,5.47548E+21,1.11602E+16,4.94118E+16
95597,9,7,78,186,2018,10,12,7,2,0,7,0,1,0,0,0,0,0,0,5.96164E+20,5.31132E+21,1.02879E+16,4.79479E+16
95598,9,6,62,0,2018,10,6,4,3,5,3,0,1,1,0,0,0,0,0,5.88751E+20,5.54458E+21,1.02396E+16,5.00469E+16
95599,9,3,75,196,2018,10,6,2,3,8,1,2,0,0,0,0,0,1,1,7.38715E+20,5.41465E+21,1.22535E+16,4.88388E+16
95600,9,2,74,191,2018,10,5,3,2,3,6,2,0,1,0,0,0,0,0,7.44726E+20,5.39142E+21,1.23214E+16,4.86279E+16
95601,9,1,73,111,2018,10,16,2,2,4,6,0,0,1,0,1,0,0,0,6.833E+20,5.29027E+21,1.14451E+16,4.77397E+16
95602,9,7,75,129,2018,10,12,7,3,5,3,0,0,1,0,0,0,0,0,5.82006E+20,5.34006E+21,1.01038E+16,4.82085E+16
95603,9,5,71,174,2018,10,16,5,2,8,1,0,0,0,0,1,0,0,0,5.99047E+20,5.46251E+21,1.03626E+16,4.93073E+16
95604,9,2,75,153,2018,10,11,4,3,5,3,0,0,1,0,0,0,1,0,8.44909E+20,5.3904E+21,1.36762E+16,4.85716E+16
95605,9,4,71,185,2018,10,13,4,3,4,2,0,0,1,0,0,0,0,0,6.46647E+20,5.5388E+21,1.10456E+16,4.99835E+16
95606,9,3,75,156,2018,10,6,2,3,5,2,2,0,1,0,0,0,0,0,7.16849E+20,5.45139E+21,1.19755E+16,4.9177E+16
95607,9,1,84,112,2018,10,7,2,3,6,4,0,0,1,1,0,0,0,0,7.0197E+20,5.33889E+21,1.17166E+16,4.81711E+16
95608,9,7,75,132,2018,10,9,7,3,2,6,0,0,1,0,0,0,0,0,5.83558E+20,5.331E+21,1.01229E+16,4.81268E+16
95609,9,2,74,182,2018,10,12,5,3,5,3,0,0,1,0,0,0,0,0,7.29188E+20,5.37818E+21,1.21036E+16,4.85148E+16
95610,9,7,78,151,2018,10,20,3,3,0,7,2,0,0,0,1,0,1,0,5.93856E+20,5.31945E+21,1.02587E+16,4.80214E+16
95611,9,7,74,151,2018,10,14,7,3,8,1,0,0,1,0,0,0,0,0,6.12884E+20,5.36515E+21,1.0526E+16,4.84294E+16
95612,9,6,71,112,2018,10,16,2,3,3,3,0,0,1,0,0,1,0,0,5.18599E+20,5.53703E+21,9.25945E+15,4.99853E+16
95613,9,7,74,145,2018,10,8,4,3,9,1,0,0,1,0,0,0,0,1,6.01357E+20,5.35463E+21,1.03677E+16,4.83367E+16
95614,9,4,64,0,2018,10,13,3,3,2,6,0,0,1,0,0,0,0,0,7.07801E+20,5.57939E+21,1.19198E+16,5.03299E+16
95615,9,7,78,209,2018,10,12,7,2,9,1,0,0,1,0,0,0,0,0,6.16898E+20,5.32552E+21,1.05693E+16,4.80722E+16
95616,9,7,79,131,2018,10,11,5,2,5,2,0,0,1,0,1,0,0,0,6.32433E+20,5.39729E+21,1.08004E+16,4.87146E+16
95617,9,5,76,122,2018,10,13,4,3,2,6,0,0,1,0,0,0,0,0,6.66749E+20,5.44118E+21,1.12845E+16,4.91009E+16
95618,9,3,75,190,2018,10,7,2,3,2,6,0,0,1,0,0,0,0,0,7.27405E+20,5.44491E+21,1.21165E+16,4.91149E+16
95619,9,1,89,152,2018,10,9,3,2,5,3,0,0,1,0,0,0,0,0,7.80282E+20,5.3288E+21,1.27613E+16,4.80509E+16
95620,9,1,86,143,2018,10,17,2,3,2,6,0,0,1,0,1,0,0,0,6.85556E+20,5.37917E+21,1.15139E+16,4.85382E+16
95621,9,7,78,173,2018,10,15,7,3,5,3,0,1,1,0,0,0,0,0,6.10667E+20,5.32241E+21,1.04849E+16,4.80454E+16
95622,9,4,71,185,2018,10,15,5,3,5,3,0,0,1,0,0,0,0,0,6.45575E+20,5.5379E+21,1.10303E+16,4.99757E+16
95623,9,1,83,136,2018,10,6,4,3,8,1,1,0,0,0,1,0,1,1,7.65245E+20,5.34107E+21,1.25676E+16,4.81675E+16
95624,9,3,73,147,2018,10,19,2,2,5,3,2,0,1,0,1,0,0,0,6.78904E+20,5.45917E+21,1.14589E+16,4.92591E+16
95625,9,7,79,194,2018,10,16,2,3,5,3,0,0,1,0,0,0,0,0,6.09596E+20,5.41137E+21,1.04938E+16,4.88456E+16
95626,9,7,80,146,2018,10,14,7,3,3,2,0,0,1,0,1,0,0,0,5.91363E+20,5.28969E+21,1.0219E+16,4.77541E+16
95627,9,1,80,117,2018,10,17,3,2,4,2,0,1,1,0,0,0,0,0,6.56629E+20,5.26182E+21,1.10794E+16,4.74909E+16
95628,9,1,87,177,2018,10,16,2,3,2,6,0,0,1,0,0,0,0,0,7.3711E+20,5.30652E+21,1.21707E+16,4.78682E+16
95629,9,7,63,0,2018,10,19,7,3,3,2,1,1,1,0,0,0,0,0,5.98822E+20,5.28647E+21,1.03178E+16,4.7724E+16
95630,9,4,77,157,2018,10,14,5,2,8,1,0,0,1,0,0,0,0,0,6.71772E+20,5.54066E+21,1.13966E+16,4.99935E+16
95631,9,2,73,116,2018,10,16,4,3,2,5,0,0,1,0,0,0,0,0,7.17713E+20,5.42214E+21,1.19716E+16,4.89139E+16
95632,9,3,73,147,2018,10,13,2,3,5,3,0,0,1,0,0,0,0,0,6.84222E+20,5.46175E+21,1.15331E+16,4.92807E+16
95633,9,7,75,135,2018,10,17,2,3,3,6,0,0,1,0,0,0,0,0,5.74614E+20,5.35841E+21,1.00076E+16,4.83744E+16
95634,9,7,80,139,2018,10,16,7,3,1,6,0,0,1,0,0,0,0,0,5.95502E+20,5.26406E+21,1.02686E+16,4.7523E+16
95635,9,1,63,0,2018,10,15,5,1,4,6,0,0,1,0,0,0,1,0,7.30144E+20,5.30199E+21,1.20753E+16,4.783E+16
95636,9,7,72,130,2018,10,15,3,3,2,6,0,0,1,0,0,0,0,0,6.30574E+20,5.35945E+21,1.07633E+16,4.83747E+16
95637,9,7,76,116,2018,10,11,7,3,2,6,0,0,1,0,1,0,0,0,5.50745E+20,5.26962E+21,9.67479E+15,4.7578E+16
95638,9,7,77,158,2018,10,19,4,3,8,6,2,0,1,0,0,0,0,0,6.22338E+20,5.30885E+21,1.06375E+16,4.79213E+16
95639,9,4,72,198,2018,10,14,3,3,2,6,0,0,1,0,1,0,0,0,6.99128E+20,5.54149E+21,1.17783E+16,4.99925E+16
95640,9,7,76,116,2018,10,16,7,3,3,2,0,1,0,0,1,0,0,0,5.5516E+20,5.26528E+21,9.73294E+15,4.75386E+16
95641,9,7,61,0,2018,10,19,5,3,0,1,2,1,0,0,0,0,0,0,6.41145E+20,5.35654E+21,1.0905E+16,4.83462E+16
95642,9,5,76,127,2018,10,19,4,3,3,6,2,0,1,0,1,0,0,0,6.57167E+20,5.45283E+21,1.11579E+16,4.92081E+16
95643,9,3,73,112,2018,10,5,2,3,7,7,1,0,0,0,1,0,0,0,6.76563E+20,5.44675E+21,1.14212E+16,4.91482E+16
95644,9,1,82,116,2018,10,18,3,3,5,2,2,1,1,0,0,0,0,0,7.05221E+20,5.29252E+21,1.17382E+16,4.77534E+16
95645,9,1,88,132,2018,10,15,2,3,5,3,0,1,1,0,0,0,0,0,6.62022E+20,5.32336E+21,1.11739E+16,4.80429E+16
95646,9,3,75,196,2018,10,16,5,2,8,1,0,0,0,0,1,0,0,0,7.29681E+20,5.41009E+21,1.2128E+16,4.88014E+16
95647,9,1,71,127,2018,10,6,4,3,9,1,1,0,1,0,0,0,0,1,7.71647E+20,5.35916E+21,1.26651E+16,4.83272E+16
95648,9,6,77,126,2018,10,16,2,3,6,4,0,0,1,1,0,0,0,0,5.38049E+20,5.52232E+21,9.5293E+15,4.98521E+16
95649,9,7,63,0,2018,10,13,7,3,0,7,0,1,0,0,0,0,0,0,5.99188E+20,5.2887E+21,1.03232E+16,4.77441E+16
95650,9,1,86,147,2018,10,19,5,3,4,2,1,0,1,0,0,0,0,0,6.85503E+20,5.39118E+21,1.15185E+16,4.86461E+16
95651,9,5,74,138,2018,10,12,3,3,2,6,0,0,1,0,0,0,1,0,6.66285E+20,5.4866E+21,1.1297E+16,4.95092E+16
95652,9,7,77,177,2018,10,20,7,3,9,7,2,0,1,0,0,0,0,1,6.33051E+20,5.31635E+21,1.07832E+16,4.79866E+16
95653,9,7,61,0,2018,10,18,4,3,5,3,0,1,0,0,0,0,0,0,6.42662E+20,5.35959E+21,1.09265E+16,4.83733E+16
95654,9,3,75,165,2018,10,20,3,3,2,6,2,0,1,0,1,0,0,0,7.22091E+20,5.44072E+21,1.20414E+16,4.90793E+16
95655,9,2,79,124,2018,10,5,2,3,3,1,2,0,1,0,0,0,0,0,7.50775E+20,5.39327E+21,1.24045E+16,4.86421E+16
95656,9,1,87,150,2018,10,5,5,3,4,2,2,1,1,0,0,0,0,0,7.28875E+20,5.30403E+21,1.20594E+16,4.78488E+16
95657,9,6,79,176,2018,10,10,3,3,2,6,0,0,1,0,0,0,0,0,5.68125E+20,5.50419E+21,9.94445E+15,4.96864E+16
95658,9,6,73,153,2018,10,3,7,3,8,7,2,0,1,0,0,0,0,0,5.88551E+20,5.59074E+21,1.02476E+16,5.04619E+16
95659,9,7,72,141,2018,10,10,4,3,3,6,0,0,1,0,0,0,0,0,6.2262E+20,5.34992E+21,1.06531E+16,4.82906E+16
95660,9,4,61,0,2018,10,6,3,3,0,7,1,1,0,0,0,0,0,1,6.35668E+20,5.52921E+21,1.08892E+16,4.98999E+16
95661,9,3,76,149,2018,10,16,2,2,1,3,0,0,1,0,1,0,0,0,7.37844E+20,5.45449E+21,1.22649E+16,4.9197E+16
95662,9,6,74,219,2018,10,15,7,2,5,3,0,0,0,0,1,0,1,0,6.04725E+20,5.53809E+21,1.04609E+16,4.99859E+16
95663,9,5,74,152,2018,10,12,5,3,2,6,0,0,1,0,0,1,0,0,6.60906E+20,5.48166E+21,1.12208E+16,4.94663E+16
95664,9,5,64,0,2018,10,9,4,3,3,6,0,0,1,0,0,1,0,0,6.47812E+20,5.47656E+21,1.10383E+16,4.94237E+16
95665,9,3,72,177,2018,10,16,2,2,5,3,0,0,1,0,0,0,0,0,7.72936E+20,5.44883E+21,1.27418E+16,4.91316E+16
95666,9,1,74,135,2018,10,18,3,3,9,7,0,0,1,0,0,0,0,0,6.63481E+20,5.35306E+21,1.12049E+16,4.83096E+16
95667,9,1,78,136,2018,10,6,2,3,4,6,1,0,1,0,0,1,0,1,6.97593E+20,5.37256E+21,1.16736E+16,4.84751E+16
95668,9,3,72,116,2018,10,15,5,2,2,6,0,0,1,0,1,0,0,0,7.70444E+20,5.46082E+21,1.27158E+16,4.92404E+16
95669,9,1,87,130,2018,10,13,4,3,0,1,0,0,0,0,1,0,0,0,7.11428E+20,5.30895E+21,1.18289E+16,4.7899E+16
95670,9,5,64,0,2018,10,6,2,3,2,6,2,0,1,0,0,0,0,0,6.50553E+20,5.47741E+21,1.10764E+16,4.94307E+16
95671,9,6,73,114,2018,10,13,7,3,2,6,0,0,1,0,0,0,0,0,5.86927E+20,5.57542E+21,1.02212E+16,5.03245E+16
95672,9,1,62,0,2018,10,19,5,3,2,6,2,0,1,0,0,0,1,0,6.92995E+20,5.33952E+21,1.15963E+16,4.81796E+16
95673,9,5,65,0,2018,10,18,3,3,4,2,0,0,1,0,1,0,0,0,6.47633E+20,5.46605E+21,1.10319E+16,4.93293E+16
95674,9,6,72,114,2018,10,14,7,3,4,2,0,1,1,0,0,0,0,0,5.76874E+20,5.56013E+21,1.00769E+16,5.01884E+16
95675,9,6,78,134,2018,10,8,4,3,2,6,0,0,1,0,0,0,0,0,5.97856E+20,5.52847E+21,1.03626E+16,4.99006E+16
95676,9,3,72,116,2018,10,12,2,3,2,6,0,0,1,0,0,0,0,0,7.69378E+20,5.45786E+21,1.26992E+16,4.92142E+16
95677,9,2,77,138,2018,10,3,3,3,9,1,2,0,0,0,0,1,0,0,7.95978E+20,5.37265E+21,1.30021E+16,4.84373E+16
95678,9,1,90,132,2018,10,10,2,3,2,6,0,0,1,0,1,0,0,0,6.75689E+20,5.29338E+21,1.13449E+16,4.77698E+16
95679,9,6,78,178,2018,10,20,7,3,2,6,2,0,1,0,1,0,0,0,5.89316E+20,5.54313E+21,1.02472E+16,5.00338E+16
95680,9,5,64,0,2018,10,19,5,3,5,7,2,0,1,0,0,0,0,0,6.45818E+20,5.48115E+21,1.10125E+16,4.94655E+16
95681,9,2,78,148,2018,10,19,4,2,5,3,2,0,1,0,1,0,0,0,7.38847E+20,5.40769E+21,1.22512E+16,4.87763E+16
95682,9,4,72,179,2018,10,13,4,2,8,1,0,1,0,0,0,0,0,0,6.75523E+20,5.52035E+21,1.14397E+16,4.98099E+16
95683,9,3,76,161,2018,10,15,2,3,2,6,0,0,1,0,0,0,1,0,7.24892E+20,5.47207E+21,1.20973E+16,4.93598E+16
95684,9,1,84,147,2018,10,22,2,3,8,1,2,0,1,0,0,0,0,0,6.95977E+20,5.33923E+21,1.16363E+16,4.81761E+16
95685,9,6,76,125,2018,10,15,7,3,2,6,0,0,1,0,1,0,0,0,5.16642E+20,5.50763E+21,9.23087E+15,4.97209E+16
95686,9,2,72,129,2018,10,16,5,3,0,1,0,1,0,0,0,0,0,0,8.42803E+20,5.40769E+21,1.36621E+16,4.87278E+16
95687,9,6,76,131,2018,10,10,7,3,4,6,0,0,1,0,0,0,0,0,5.12944E+20,5.49632E+21,9.1792E+15,4.96193E+16
95688,9,5,74,123,2018,10,19,5,3,5,3,2,0,1,0,0,0,0,0,6.60144E+20,5.4705E+21,1.12058E+16,4.93661E+16
95689,9,3,73,126,2018,10,12,4,3,4,6,0,0,1,0,0,1,0,0,6.67094E+20,5.45639E+21,1.12955E+16,4.92375E+16
95690,9,4,75,136,2018,10,16,4,3,0,7,0,1,0,0,0,0,0,0,6.94818E+20,5.56874E+21,1.17321E+16,5.02386E+16
95691,9,1,74,115,2018,10,11,3,3,1,6,0,0,1,0,0,0,0,0,6.81105E+20,5.34736E+21,1.14399E+16,4.82536E+16
95692,9,6,71,122,2018,10,17,7,3,6,4,0,0,1,1,0,0,0,0,5.04068E+20,5.5281E+21,9.05666E+15,4.99052E+16
95693,9,2,71,125,2018,10,18,5,3,5,3,0,0,1,0,1,0,0,0,7.9772E+20,5.41019E+21,1.30525E+16,4.87734E+16
95694,9,1,78,120,2018,10,15,4,2,8,1,0,0,1,0,0,0,0,0,6.91475E+20,5.35557E+21,1.15832E+16,4.83243E+16
95695,9,5,62,0,2018,10,18,7,3,6,4,1,0,1,1,0,0,0,0,6.39352E+20,5.49403E+21,1.09279E+16,4.95828E+16
95696,9,1,78,113,2018,10,15,5,2,4,6,0,0,1,0,0,0,0,0,6.92419E+20,5.36889E+21,1.1602E+16,4.84438E+16
95697,9,5,64,0,2018,10,14,3,3,0,2,0,1,1,0,0,0,0,0,6.47928E+20,5.47676E+21,1.104E+16,4.94255E+16
95698,9,5,72,121,2018,10,6,7,3,0,7,1,0,0,0,1,0,0,0,6.60941E+20,5.49541E+21,1.12269E+16,4.95898E+16
95699,9,6,71,136,2018,10,19,4,3,2,6,2,0,1,0,0,0,0,0,5.04972E+20,5.53805E+21,9.06937E+15,4.99948E+16
95700,9,1,90,121,2018,10,13,3,3,2,6,0,0,1,0,0,0,0,0,6.64834E+20,5.28901E+21,1.11984E+16,4.77334E+16
95701,9,1,89,152,2018,10,18,2,2,5,3,1,0,1,0,0,0,0,0,7.76975E+20,5.32504E+21,1.27146E+16,4.80186E+16
95702,9,5,76,148,2018,10,10,7,3,6,4,0,1,0,1,0,0,0,0,6.61443E+20,5.44298E+21,1.12126E+16,4.91184E+16
95703,9,4,64,0,2018,10,16,5,3,6,4,0,0,1,1,0,0,0,0,7.07912E+20,5.57765E+21,1.19204E+16,5.03143E+16
95704,9,2,74,111,2018,10,17,4,3,2,6,0,0,1,0,0,0,0,0,7.47837E+20,5.38038E+21,1.2357E+16,4.85276E+16
95705,9,3,75,213,2018,10,1,4,3,6,7,2,0,0,1,0,1,0,0,7.26118E+20,5.44196E+21,1.20972E+16,4.90889E+16
95706,9,1,84,137,2018,10,6,2,3,6,2,2,0,1,1,0,0,0,0,7.08621E+20,5.3138E+21,1.17938E+16,4.79435E+16
95707,9,5,74,140,2018,10,16,7,1,4,6,0,0,1,0,1,0,0,0,6.83021E+20,5.50109E+21,1.15347E+16,4.96346E+16
95708,9,1,87,132,2018,10,18,5,3,2,6,0,0,1,0,0,0,0,0,7.44768E+20,5.29944E+21,1.22689E+16,4.78017E+16
95709,9,7,73,125,2018,10,13,3,3,8,1,0,1,0,0,0,0,0,0,6.0989E+20,5.38129E+21,1.04898E+16,4.8575E+16
95710,9,5,74,132,2018,10,16,7,3,0,1,0,0,0,0,1,0,0,0,6.7553E+20,5.48844E+21,1.14254E+16,4.95231E+16
95711,9,7,80,140,2018,10,15,4,3,5,3,0,1,0,0,0,1,0,0,6.05378E+20,5.28142E+21,1.04039E+16,4.76776E+16
95712,9,4,72,115,2018,10,16,3,2,0,1,0,0,0,0,1,1,0,0,6.6535E+20,5.52741E+21,1.13014E+16,4.98763E+16
95713,9,1,62,0,2018,10,10,3,3,3,6,0,0,1,0,0,1,0,0,6.94595E+20,5.33417E+21,1.16154E+16,4.8131E+16
95714,9,5,73,130,2018,10,13,7,3,5,3,0,1,1,0,0,0,0,0,6.36372E+20,5.48554E+21,1.08837E+16,4.95072E+16