OBJECTID_1,ULAND,UREGBEZ,UKREIS,UGEMEINDE,UJAHR,UMONAT,USTUNDE,UWOCHENTAG,UKATEGORIE,UART,UTYP1,ULICHTVERH,IstRad,IstPKW,IstFuss,IstKrad,IstGkfz,IstSonstig,STRZUSTAND,LINREFX,LINREFY,XGCSWGS84,YGCSWGS84
95715,9,1,84,148,2018,10,13,4,3,6,7,0,1,0,1,0,0,0,0,6.93974E+20,5.32784E+21,1.16042E+16,4.80743E+16
95716,9,5,71,193,2018,10,15,3,3,5,7,0,0,1,0,0,0,0,0,5.82111E+20,5.46581E+21,1.01303E+16,4.93395E+16
95717,9,5,77,177,2018,10,20,7,3,4,2,2,1,1,0,0,0,0,0,6.43376E+20,5.43253E+21,1.09614E+16,4.9029E+16
95718,9,5,65,0,2018,10,15,4,3,2,6,0,0,1,0,0,0,0,0,6.49082E+20,5.46575E+21,1.10517E+16,4.93263E+16
95719,9,1,72,112,2018,10,23,3,3,2,6,2,0,1,0,0,1,0,0,7.8714E+20,5.30247E+21,1.28356E+16,4.78114E+16
95720,9,1,61,0,2018,10,7,2,3,2,2,1,0,1,0,0,1,0,0,6.76786E+20,5.39733E+21,1.14029E+16,4.87039E+16
95721,9,5,77,158,2018,10,13,7,2,4,1,0,0,1,0,1,0,0,0,6.42589E+20,5.42366E+21,1.09475E+16,4.89494E+16
95722,9,4,74,171,2018,10,15,5,2,5,2,0,0,1,0,0,0,0,0,6.54076E+20,5.51274E+21,1.11388E+16,4.97474E+16
95723,9,1,72,118,2018,10,17,4,2,2,6,0,0,1,0,1,0,0,0,7.98173E+20,5.30626E+21,1.29852E+16,4.78405E+16
95724,9,7,74,135,2018,10,16,2,3,2,6,0,0,1,0,0,0,1,0,5.96093E+20,5.36733E+21,1.02996E+16,4.84518E+16
95725,9,5,75,157,2018,10,16,7,3,8,1,0,0,1,0,0,0,0,0,6.01192E+20,5.50966E+21,1.04042E+16,4.97309E+16
95726,9,1,87,154,2018,10,7,5,3,0,7,1,0,0,0,1,0,0,0,7.35737E+20,5.29678E+21,1.21471E+16,4.77812E+16
95727,9,7,61,0,2018,10,9,3,3,5,3,0,1,0,0,0,0,1,0,6.4366E+20,5.35924E+21,1.09398E+16,4.837E+16
95728,9,4,75,145,2018,10,14,7,2,1,6,0,1,0,0,0,0,1,0,7.0007E+20,5.57419E+21,1.18085E+16,5.02859E+16
95729,9,7,80,137,2018,10,23,4,3,7,7,2,0,1,0,0,0,0,0,5.94512E+20,5.26987E+21,1.02567E+16,4.75753E+16
95730,9,4,71,165,2018,10,6,3,2,3,6,1,0,1,0,0,1,0,0,6.25341E+20,5.53509E+21,1.07473E+16,4.9955E+16
95731,9,4,72,175,2018,10,21,7,3,0,7,2,0,1,0,0,0,0,0,6.82092E+20,5.51064E+21,1.15263E+16,4.97207E+16
95732,9,6,75,147,2018,10,15,5,3,0,7,0,0,0,0,1,0,1,1,5.81915E+20,5.50215E+21,1.01352E+16,4.96663E+16
95733,9,5,74,123,2018,10,17,4,3,5,2,0,1,1,0,0,0,0,0,6.60759E+20,5.47158E+21,1.12147E+16,4.93757E+16
95734,9,6,76,144,2018,10,9,2,3,2,6,0,0,1,0,0,0,0,0,5.09038E+20,5.52767E+21,9.12585E+15,4.99014E+16
95735,9,1,61,0,2018,10,17,3,3,8,6,0,0,1,0,0,0,0,0,6.78702E+20,5.40295E+21,1.14313E+16,4.87539E+16
95736,9,1,84,147,2018,10,11,2,3,8,1,0,0,1,0,0,0,0,0,6.9921E+20,5.34154E+21,1.16808E+16,4.81958E+16
95737,9,3,62,0,2018,10,11,5,3,5,7,0,0,1,0,0,1,0,0,7.25822E+20,5.43522E+21,1.20894E+16,4.90285E+16
95738,9,1,63,0,2018,10,20,4,3,4,2,2,1,1,0,0,0,0,0,7.32698E+20,5.3056E+21,1.21113E+16,4.78616E+16
95739,9,4,72,179,2018,10,16,7,2,4,6,0,0,0,0,1,0,1,0,6.7149E+20,5.51683E+21,1.13821E+16,4.97795E+16
95740,9,7,73,136,2018,10,16,5,2,5,2,0,1,1,0,0,0,0,0,6.02009E+20,5.37891E+21,1.03824E+16,4.8555E+16
95741,9,5,72,164,2018,10,12,4,3,3,7,0,0,1,0,1,0,0,0,6.31866E+20,5.49833E+21,1.08258E+16,4.96231E+16
95742,9,1,71,113,2018,10,17,3,3,1,2,0,0,1,0,0,0,0,0,7.76591E+20,5.34258E+21,1.27209E+16,4.81762E+16
95743,9,1,62,0,2018,10,8,2,3,2,6,2,0,1,0,0,0,0,0,6.79766E+20,5.33794E+21,1.14179E+16,4.81693E+16
95744,9,4,72,154,2018,10,13,7,2,4,6,0,0,1,0,1,0,0,0,6.63038E+20,5.53853E+21,1.12739E+16,4.99768E+16
95745,9,3,74,164,2018,10,7,5,3,1,6,0,0,1,0,0,0,0,0,7.53114E+20,5.50489E+21,1.25063E+16,4.96434E+16
95746,9,1,71,113,2018,10,9,4,2,0,1,0,0,1,0,0,0,1,1,7.74359E+20,5.33878E+21,1.26884E+16,4.8143E+16
95747,9,7,72,147,2018,10,14,2,3,3,6,0,0,1,0,1,0,0,0,6.386E+20,5.36377E+21,1.0873E+16,4.84119E+16
95748,9,4,72,119,2018,10,20,7,2,1,1,2,0,1,0,0,0,0,0,6.88842E+20,5.5391E+21,1.16337E+16,4.99743E+16
95749,9,1,61,0,2018,10,12,5,3,0,3,0,1,1,0,0,0,0,0,6.80201E+20,5.40293E+21,1.14517E+16,4.87533E+16
95750,9,6,75,174,2018,10,7,3,3,1,1,1,0,1,0,1,0,0,0,5.88183E+20,5.52694E+21,1.02276E+16,4.98884E+16
95751,9,4,74,123,2018,10,12,7,2,5,3,0,0,1,0,1,0,0,0,6.48089E+20,5.51513E+21,1.10566E+16,4.97704E+16
95752,9,7,72,147,2018,10,7,4,3,2,6,0,0,1,0,0,0,1,0,6.38412E+20,5.36764E+21,1.08718E+16,4.84467E+16
95753,9,3,74,131,2018,10,5,3,3,2,7,2,0,1,0,0,0,0,1,7.18212E+20,5.49851E+21,1.202E+16,4.95997E+16
95754,9,2,78,121,2018,10,7,2,3,0,1,1,0,0,0,0,0,1,1,7.62156E+20,5.4154E+21,1.25728E+16,4.88362E+16
95755,9,4,74,124,2018,10,15,7,2,8,1,0,0,0,0,1,0,0,0,6.59493E+20,5.50852E+21,1.12122E+16,4.97081E+16
95756,9,5,76,151,2018,10,6,5,3,2,6,1,0,1,0,0,0,0,0,6.5514E+20,5.4719E+21,1.11375E+16,4.938E+16
95757,9,5,77,177,2018,10,15,4,3,2,6,0,0,1,0,0,0,0,0,6.43015E+20,5.43014E+21,1.09556E+16,4.90075E+16
95758,9,1,88,141,2018,10,15,3,3,0,1,0,1,0,0,0,0,0,0,6.70639E+20,5.30927E+21,1.12838E+16,4.7914E+16
95759,9,4,74,143,2018,10,12,7,2,0,1,0,1,0,0,0,0,0,0,6.54555E+20,5.51123E+21,1.11448E+16,4.97337E+16
95760,9,3,61,0,2018,10,10,5,3,5,3,0,0,1,0,1,0,0,0,7.0657E+20,5.48103E+21,1.185E+16,4.94468E+16
95761,9,1,62,0,2018,10,14,4,1,2,6,0,0,0,0,0,1,1,0,6.78348E+20,5.33626E+21,1.13981E+16,4.81546E+16
95762,9,5,64,0,2018,10,12,2,3,0,6,0,0,1,0,1,0,0,0,6.53535E+20,5.4783E+21,1.11178E+16,4.9438E+16
95763,9,4,61,0,2018,10,19,7,3,4,2,2,0,1,0,0,0,0,0,6.35295E+20,5.53009E+21,1.08843E+16,4.99079E+16
95764,9,1,62,0,2018,10,15,5,3,1,6,0,0,1,0,0,0,1,0,6.94584E+20,5.34184E+21,1.16188E+16,4.81999E+16
95765,9,5,74,135,2018,10,7,3,3,0,6,0,0,1,0,0,0,1,0,6.76128E+20,5.49029E+21,1.14345E+16,4.95396E+16
95766,9,7,78,186,2018,10,11,7,3,8,1,0,1,0,0,0,0,0,0,5.96541E+20,5.31102E+21,1.02928E+16,4.79452E+16
95767,9,2,73,141,2018,10,6,3,3,1,6,2,0,1,0,0,0,0,0,7.256E+20,5.41321E+21,1.20742E+16,4.88308E+16
95768,9,7,77,151,2018,10,14,6,2,4,2,0,0,1,0,1,0,0,0,6.17781E+20,5.29197E+21,1.0572E+16,4.77703E+16
95769,9,1,74,113,2018,10,7,2,3,2,6,0,0,1,0,0,0,0,0,6.70275E+20,5.34817E+21,1.12944E+16,4.82638E+16
95770,9,7,79,201,2018,10,16,6,3,1,7,0,1,1,0,0,0,0,0,6.45874E+20,5.39336E+21,1.09816E+16,4.86763E+16
95771,9,5,65,0,2018,10,20,7,2,5,3,2,0,1,0,0,0,0,0,6.48662E+20,5.46506E+21,1.10457E+16,4.93201E+16
95772,9,1,84,119,2018,10,12,2,3,5,3,0,0,1,0,0,0,0,0,6.93166E+20,5.34723E+21,1.16021E+16,4.82488E+16
95773,9,5,72,137,2018,10,10,1,3,5,3,0,1,1,0,0,0,0,0,6.53337E+20,5.49349E+21,1.1121E+16,4.95746E+16
95774,9,2,74,120,2018,10,16,1,3,0,1,0,0,1,0,1,0,0,0,7.51644E+20,5.36637E+21,1.24001E+16,4.84002E+16
95775,9,7,73,125,2018,10,11,6,3,6,3,0,0,1,1,0,0,0,0,6.10677E+20,5.38214E+21,1.05007E+16,4.85826E+16
95776,9,1,73,120,2018,10,10,7,3,3,6,0,0,1,0,1,0,0,0,6.86658E+20,5.31124E+21,1.14988E+16,4.79273E+16
95777,9,4,72,175,2018,10,13,2,3,5,3,0,0,1,0,0,0,0,0,6.82926E+20,5.51402E+21,1.15395E+16,4.97508E+16
95778,9,1,72,115,2018,10,16,7,3,3,6,0,0,1,0,1,0,0,0,7.9472E+20,5.29102E+21,1.29289E+16,4.77053E+16
95779,9,2,78,143,2018,10,13,1,3,2,6,0,0,1,0,1,0,0,1,7.72532E+20,5.44422E+21,1.27332E+16,4.90904E+16
95780,9,7,72,121,2018,10,11,6,3,8,7,0,0,0,0,0,0,1,0,6.31077E+20,5.37649E+21,1.07754E+16,4.85278E+16
95781,9,1,76,139,2018,10,18,1,3,8,1,0,0,1,0,0,0,0,0,6.8554E+20,5.41095E+21,1.15279E+16,4.88238E+16
95782,9,3,75,190,2018,10,11,3,3,4,6,0,0,1,0,0,0,1,0,7.297E+20,5.44794E+21,1.21496E+16,4.91413E+16
95783,9,7,71,113,2018,10,5,6,3,2,2,2,0,1,0,0,0,0,0,6.58605E+20,5.36752E+21,1.11446E+16,4.84409E+16
95784,9,2,79,127,2018,10,15,2,2,8,1,0,0,1,0,0,0,0,0,7.50343E+20,5.39801E+21,1.24015E+16,4.86849E+16
95785,9,7,71,176,2018,10,16,6,3,0,1,0,0,0,0,1,0,1,0,6.44477E+20,5.38407E+21,1.09594E+16,4.8593E+16
95786,9,7,80,137,2018,10,13,7,2,8,1,0,1,0,0,0,0,0,0,5.96719E+20,5.26914E+21,1.02859E+16,4.75684E+16
95787,9,1,87,169,2018,10,14,3,3,5,3,0,0,1,0,0,0,1,0,7.36361E+20,5.30084E+21,1.21576E+16,4.78175E+16
95788,9,1,62,0,2018,10,18,1,3,2,6,0,0,1,0,0,0,0,0,6.94824E+20,5.33206E+21,1.16175E+16,4.8112E+16
95789,9,4,71,220,2018,10,12,6,3,2,6,0,0,1,0,0,0,0,0,6.19872E+20,5.51039E+21,1.06635E+16,4.9734E+16
95790,9,4,77,164,2018,10,15,7,2,8,1,0,0,0,0,1,0,0,0,6.67641E+20,5.54011E+21,1.13388E+16,4.99897E+16
95791,9,7,77,179,2018,10,20,2,3,2,6,2,0,1,0,0,0,0,0,6.16559E+20,5.28534E+21,1.05539E+16,4.77109E+16
95792,9,6,61,0,2018,10,9,2,3,6,2,0,0,1,1,0,0,0,0,5.10396E+20,5.53605E+21,9.14499E+15,4.99767E+16
95793,9,5,75,143,2018,10,16,1,3,3,2,0,0,0,0,1,0,1,0,5.98633E+20,5.48069E+21,1.03614E+16,4.94708E+16
95794,9,1,90,115,2018,10,15,1,3,0,6,0,1,1,0,1,0,0,0,6.70446E+20,5.30226E+21,1.12784E+16,4.78511E+16
95795,9,6,79,205,2018,10,20,6,3,5,3,2,0,1,0,0,0,0,0,5.57749E+20,5.51438E+21,9.80213E+15,4.97791E+16
95796,9,3,76,144,2018,10,20,2,2,2,6,2,0,1,0,0,1,1,0,7.30702E+20,5.48086E+21,1.21823E+16,4.94366E+16
95797,9,1,81,129,2018,10,12,7,3,3,6,0,0,1,0,0,0,0,0,6.4159E+20,5.30428E+21,1.08936E+16,4.78762E+16
95798,9,6,79,144,2018,10,14,6,2,9,1,0,0,0,0,1,0,0,0,5.46971E+20,5.51372E+21,9.65236E+15,4.97741E+16
95799,9,1,79,142,2018,10,12,1,3,0,1,0,0,0,0,1,0,0,0,6.73198E+20,5.33893E+21,1.133E+16,4.818E+16
95800,9,2,71,119,2018,10,23,3,3,5,3,2,0,1,0,0,0,0,0,7.90501E+20,5.41747E+21,1.29596E+16,4.88421E+16
95801,9,5,64,0,2018,10,12,1,2,5,3,0,1,1,0,0,0,0,0,6.4864E+20,5.48097E+21,1.10513E+16,4.94632E+16
95802,9,1,62,0,2018,10,16,1,3,3,6,0,0,1,0,1,0,0,0,6.85834E+20,5.33038E+21,1.14961E+16,4.80996E+16
95803,9,6,77,155,2018,10,15,6,3,2,6,0,0,1,0,0,0,0,0,5.40667E+20,5.53844E+21,9.56741E+15,4.99969E+16
95804,9,3,63,0,2018,10,14,2,3,0,1,0,1,0,0,0,0,0,0,7.28218E+20,5.50846E+21,1.21641E+16,4.96854E+16
95805,9,1,87,165,2018,10,16,7,3,9,1,0,0,0,0,1,0,0,0,7.31011E+20,5.29437E+21,1.20828E+16,4.77613E+16
95806,9,1,84,130,2018,10,11,7,3,2,6,0,0,1,0,0,1,0,0,6.97696E+20,5.34225E+21,1.16608E+16,4.82027E+16
95807,9,6,77,170,2018,10,14,6,3,4,2,0,0,1,0,1,0,0,0,5.36792E+20,5.54354E+21,9.51383E+15,5.0043E+16
95808,9,1,76,143,2018,10,18,1,3,5,3,0,0,1,0,0,0,0,0,6.80702E+20,5.4093E+21,1.14613E+16,4.88104E+16
95809,9,3,76,149,2018,10,15,3,3,4,1,0,0,0,0,0,0,1,0,7.36546E+20,5.45482E+21,1.22474E+16,4.92005E+16
95810,9,7,75,135,2018,10,7,5,3,5,2,1,1,1,0,0,0,0,0,5.74683E+20,5.35802E+21,1.00084E+16,4.83709E+16
95811,9,6,75,117,2018,10,13,6,3,5,3,0,1,1,0,0,0,0,0,5.83091E+20,5.51675E+21,1.01546E+16,4.97974E+16
95812,9,1,89,133,2018,10,14,2,3,4,6,0,0,1,0,0,1,0,0,7.51516E+20,5.32445E+21,1.23735E+16,4.80238E+16
95813,9,6,75,141,2018,10,11,6,3,3,2,0,1,1,0,0,0,0,0,5.83455E+20,5.50972E+21,1.01581E+16,4.97342E+16
95814,9,7,61,0,2018,10,14,7,3,3,6,0,0,1,0,0,1,0,0,6.43445E+20,5.36117E+21,1.09376E+16,4.83874E+16
95815,9,1,82,124,2018,10,11,3,3,5,3,0,1,1,0,0,0,0,0,7.06415E+20,5.28542E+21,1.17507E+16,4.76892E+16
95816,9,7,76,116,2018,10,13,1,3,0,1,0,1,0,0,0,0,0,0,5.52748E+20,5.26683E+21,9.70108E+15,4.75527E+16
95817,9,6,75,141,2018,10,14,6,3,2,6,0,0,1,0,0,0,0,0,5.8538E+20,5.50931E+21,1.01847E+16,4.97302E+16
95818,9,3,63,0,2018,10,13,7,3,5,3,0,1,1,0,0,0,0,0,7.28259E+20,5.50756E+21,1.21641E+16,4.96773E+16
95819,9,7,71,130,2018,10,8,2,3,3,3,0,0,1,0,0,0,1,0,6.44876E+20,5.35769E+21,1.09557E+16,4.83557E+16
95820,9,5,76,143,2018,10,17,2,3,0,3,0,0,1,0,1,0,0,0,6.51257E+20,5.45917E+21,1.10792E+16,4.92666E+16
95821,9,4,77,128,2018,10,15,1,3,2,6,0,0,1,0,1,0,0,0,6.71869E+20,5.55271E+21,1.14034E+16,5.01017E+16
95822,9,1,73,124,2018,10,16,1,2,3,6,0,0,1,0,1,0,0,0,6.9215E+20,5.28752E+21,1.15618E+16,4.77125E+16
95823,9,6,75,141,2018,10,16,6,3,2,6,0,0,1,0,0,0,0,0,5.84455E+20,5.50976E+21,1.0172E+16,4.97344E+16
95824,9,3,71,151,2018,10,8,2,3,2,2,0,0,0,0,1,0,1,0,7.01716E+20,5.48529E+21,1.17853E+16,4.94867E+16
95825,9,6,78,181,2018,10,14,6,2,5,3,0,0,1,0,0,0,1,0,6.01223E+20,5.5581E+21,1.04173E+16,5.01664E+16
95826,9,1,62,0,2018,10,22,1,3,2,6,2,0,1,0,0,0,0,0,6.85641E+20,5.34296E+21,1.1499E+16,4.82127E+16
95827,9,2,75,131,2018,10,6,3,2,5,3,2,0,1,0,1,0,0,0,8.06537E+20,5.36823E+21,1.31413E+16,4.83926E+16
95828,9,6,74,180,2018,10,9,6,2,2,6,0,0,1,0,0,0,0,0,6.02914E+20,5.53984E+21,1.04361E+16,5.0002E+16
95829,9,1,87,122,2018,10,16,2,3,5,3,0,0,1,0,1,0,0,0,7.17892E+20,5.30763E+21,1.19146E+16,4.7885E+16
95830,9,6,78,157,2018,10,8,6,2,7,6,0,0,1,0,0,0,1,0,6.02927E+20,5.52867E+21,1.04333E+16,4.99016E+16
95831,9,6,73,114,2018,10,20,7,3,0,7,0,0,1,0,1,0,0,0,5.86323E+20,5.575E+21,1.02126E+16,5.03208E+16
95832,9,1,84,131,2018,10,11,3,3,2,6,0,0,0,0,0,1,0,0,7.04463E+20,5.33746E+21,1.17494E+16,4.81575E+16
95833,9,6,77,149,2018,10,15,1,3,2,6,0,0,1,0,1,0,0,0,5.57149E+20,5.54728E+21,9.79867E+15,5.00751E+16
95834,9,6,73,163,2018,10,13,6,2,5,3,0,0,1,0,1,0,0,0,5.78286E+20,5.58219E+21,1.01012E+16,5.03865E+16
95835,9,1,87,181,2018,10,14,2,3,2,6,0,0,1,0,0,0,0,0,7.36074E+20,5.31075E+21,1.21592E+16,4.79066E+16
95836,9,6,73,114,2018,10,7,6,2,5,3,0,0,1,0,1,0,0,0,5.84699E+20,5.57604E+21,1.019E+16,5.03303E+16
95837,9,6,74,163,2018,10,14,7,3,0,6,0,1,1,0,0,0,0,0,6.12206E+20,5.53592E+21,1.05646E+16,4.99651E+16
95838,9,1,88,139,2018,10,18,3,3,5,3,1,1,1,0,0,0,0,0,6.72893E+20,5.31919E+21,1.13179E+16,4.80026E+16
95839,9,7,77,129,2018,10,13,1,3,6,6,0,1,0,1,0,0,0,0,6.27795E+20,5.26928E+21,1.06989E+16,4.75643E+16
95840,9,6,72,114,2018,10,11,6,3,5,3,0,0,1,0,0,0,1,0,5.7576E+20,5.56069E+21,1.00614E+16,5.01936E+16
95841,9,3,72,117,2018,10,17,7,2,8,1,0,0,1,0,0,0,0,0,7.75815E+20,5.45523E+21,1.27856E+16,4.91878E+16
95842,9,6,78,134,2018,10,18,2,3,5,3,0,0,1,0,0,0,0,0,5.97082E+20,5.52818E+21,1.03518E+16,4.98981E+16
95843,9,5,64,0,2018,10,12,2,3,2,6,0,0,1,0,1,0,0,0,6.49825E+20,5.4771E+21,1.10662E+16,4.94281E+16
95844,9,3,75,116,2018,10,16,1,2,2,2,0,0,1,0,1,0,0,0,7.4196E+20,5.43497E+21,1.23097E+16,4.90201E+16
95845,9,1,71,122,2018,10,22,1,2,9,1,2,0,1,0,0,0,0,0,7.70197E+20,5.3357E+21,1.26307E+16,4.81172E+16
95846,9,5,63,0,2018,10,15,3,3,2,6,0,1,1,0,0,0,0,0,6.44136E+20,5.48243E+21,1.09898E+16,4.94773E+16
95847,9,6,72,114,2018,10,16,6,3,0,7,0,0,1,0,1,0,0,0,5.77886E+20,5.56185E+21,1.00914E+16,5.02037E+16
95848,9,3,76,147,2018,10,12,2,3,5,3,0,0,1,0,0,0,0,0,7.42103E+20,5.47057E+21,1.2333E+16,4.93398E+16
95849,9,6,78,186,2018,10,21,6,2,8,1,2,0,1,0,0,0,0,0,5.90909E+20,5.55109E+21,1.02713E+16,5.01051E+16
95850,9,7,78,113,2018,10,16,7,2,5,3,0,1,1,0,0,0,0,0,6.09935E+20,5.31737E+21,1.04738E+16,4.80001E+16
95851,9,2,74,126,2018,10,7,3,3,5,3,0,1,1,0,0,0,0,0,7.33909E+20,5.38247E+21,1.21698E+16,4.85517E+16
95852,9,6,78,176,2018,10,13,6,3,4,7,0,0,1,0,1,0,0,0,5.89076E+20,5.5396E+21,1.0243E+16,5.00021E+16
95853,9,1,86,139,2018,10,14,2,3,2,6,0,0,1,0,0,0,0,0,6.97463E+20,5.4037E+21,1.16867E+16,4.8755E+16
95854,9,6,78,123,2018,10,8,6,3,5,7,0,1,1,0,0,0,0,1,5.8725E+20,5.54809E+21,1.02194E+16,5.00787E+16
95855,9,5,62,0,2018,10,14,7,3,2,6,0,0,1,0,0,0,0,0,6.39276E+20,5.4958E+21,1.09274E+16,4.95987E+16
95856,9,1,77,133,2018,10,15,3,3,4,6,0,0,1,0,0,0,0,0,7.12814E+20,5.35727E+21,1.18716E+16,4.83327E+16
95857,9,6,71,111,2018,10,18,1,3,9,1,0,0,1,0,0,0,0,0,5.02303E+20,5.54958E+21,9.0322E+15,5.00984E+16
95858,9,2,75,124,2018,10,17,1,3,8,1,0,0,0,0,1,0,0,0,8.11433E+20,5.37623E+21,1.32132E+16,4.8462E+16
95859,9,6,78,193,2018,10,18,6,3,0,7,0,0,0,0,1,0,0,0,5.76792E+20,5.54242E+21,1.00722E+16,5.00291E+16
95860,9,2,79,130,2018,10,9,7,3,5,3,0,0,1,0,0,0,0,0,7.48231E+20,5.38486E+21,1.2365E+16,4.85676E+16
95861,9,4,73,159,2018,10,19,2,3,5,3,2,0,1,0,0,0,0,0,6.43333E+20,5.57247E+21,1.10121E+16,5.0287E+16
95862,9,1,89,159,2018,10,15,7,2,9,1,0,0,1,0,0,0,0,0,7.61194E+20,5.30092E+21,1.24888E+16,4.78086E+16
95863,9,3,71,136,2018,10,18,1,2,9,1,0,0,1,0,1,0,0,0,7.06827E+20,5.47619E+21,1.1851E+16,4.94032E+16
95864,9,6,76,139,2018,10,21,6,3,0,6,2,0,1,0,0,0,0,0,5.15914E+20,5.50537E+21,9.22068E+15,4.97007E+16
95865,9,1,87,150,2018,10,20,1,3,4,6,2,0,1,0,0,0,0,1,7.24976E+20,5.30416E+21,1.20075E+16,4.78514E+16
95866,9,3,77,157,2018,10,17,3,2,9,1,2,0,1,0,0,0,0,0,7.21717E+20,5.53446E+21,1.20889E+16,4.99213E+16
95867,9,5,65,0,2018,10,17,6,3,2,6,0,0,1,0,0,0,0,0,6.49205E+20,5.46591E+21,1.10535E+16,4.93277E+16
95868,9,5,62,0,2018,10,11,6,3,2,6,0,0,1,0,0,0,0,0,6.40311E+20,5.49205E+21,1.09404E+16,4.95648E+16
95869,9,2,75,154,2018,10,17,7,3,3,2,0,1,1,0,0,0,0,0,8.07948E+20,5.39317E+21,1.31787E+16,4.86157E+16
95870,9,5,75,168,2018,10,11,2,2,5,2,0,0,1,0,0,0,0,0,5.88509E+20,5.4888E+21,1.02235E+16,4.95453E+16
95871,9,1,89,133,2018,10,13,7,3,5,2,0,0,1,0,0,0,0,0,7.57048E+20,5.3219E+21,1.2446E+16,4.79987E+16
95872,9,3,72,116,2018,10,16,1,3,2,6,0,0,1,0,0,0,0,0,7.69121E+20,5.45783E+21,1.26956E+16,4.92141E+16
95873,9,1,87,157,2018,10,17,1,2,5,3,0,0,1,0,1,0,0,0,7.37932E+20,5.28415E+21,1.21694E+16,4.7667E+16
95874,9,5,71,130,2018,10,15,3,1,2,6,0,0,1,0,0,0,1,0,6.00648E+20,5.46943E+21,1.03863E+16,4.93693E+16
95875,9,5,64,0,2018,10,19,6,3,6,2,1,0,1,1,0,0,0,0,6.51288E+20,5.47727E+21,1.10865E+16,4.94293E+16
95876,9,2,71,119,2018,10,17,2,3,6,4,0,0,1,1,0,0,0,0,7.90422E+20,5.41627E+21,1.29577E+16,4.88314E+16
95877,9,5,64,0,2018,10,10,6,3,2,6,0,0,1,0,0,0,0,0,6.53782E+20,5.47883E+21,1.11214E+16,4.94427E+16
95878,9,7,80,112,2018,10,20,7,3,5,3,2,1,1,0,0,0,0,0,5.91914E+20,5.29501E+21,1.02275E+16,4.78019E+16
95879,9,1,90,158,2018,10,13,3,3,1,2,0,0,1,0,1,0,0,0,6.52221E+20,5.30259E+21,1.10351E+16,4.78586E+16
95880,9,7,78,199,2018,10,12,5,2,8,1,0,1,0,0,0,0,0,0,6.08148E+20,5.31757E+21,1.04499E+16,4.80023E+16
95881,9,1,88,120,2018,10,18,2,3,2,6,0,0,1,0,0,0,0,0,6.71726E+20,5.3263E+21,1.13051E+16,4.80668E+16
95882,9,5,73,120,2018,10,12,6,3,2,6,0,0,1,0,0,0,0,0,6.33387E+20,5.48373E+21,1.08419E+16,4.94915E+16
95883,9,5,73,120,2018,10,12,7,1,0,7,0,0,1,0,0,0,0,0,6.29429E+20,5.48292E+21,1.0787E+16,4.94851E+16
95884,9,7,77,121,2018,10,6,2,2,9,1,1,0,1,0,0,0,0,0,6.30117E+20,5.32167E+21,1.07455E+16,4.80351E+16
95885,9,5,76,147,2018,10,14,1,2,2,6,0,0,1,0,1,0,0,0,6.40727E+20,5.4473E+21,1.09304E+16,4.91624E+16
95886,9,2,79,132,2018,10,13,1,3,6,7,0,0,1,1,0,0,0,0,7.68566E+20,5.40034E+21,1.26501E+16,4.86982E+16
95887,9,5,73,122,2018,10,11,6,3,5,3,0,0,1,0,0,0,0,0,6.43221E+20,5.47773E+21,1.09754E+16,4.94353E+16
95888,9,1,73,134,2018,10,11,7,1,5,3,0,1,0,0,1,0,0,0,6.85503E+20,5.3005E+21,1.14788E+16,4.78311E+16
95889,9,4,71,208,2018,10,11,2,3,0,7,0,0,1,1,0,0,0,0,6.28881E+20,5.52598E+21,1.07936E+16,4.98724E+16
95890,9,1,71,123,2018,10,8,7,3,5,3,0,0,1,0,0,0,0,0,7.85298E+20,5.35161E+21,1.28438E+16,4.82534E+16
95891,9,1,75,133,2018,10,16,7,2,0,7,0,1,0,0,0,0,0,0,7.08665E+20,5.34077E+21,1.18075E+16,4.81859E+16
95892,9,5,71,175,2018,10,13,6,3,9,6,0,0,1,0,0,1,0,0,6.25075E+20,5.45989E+21,1.07197E+16,4.9279E+16
95893,9,1,61,0,2018,10,19,1,3,7,7,2,0,1,0,0,0,0,0,6.81251E+20,5.40149E+21,1.14654E+16,4.874E+16
95894,9,3,73,147,2018,10,15,3,3,4,2,0,0,1,0,0,1,0,0,6.78137E+20,5.45907E+21,1.14483E+16,4.92584E+16
95895,9,7,78,218,2018,10,13,5,3,2,6,0,0,1,0,0,0,0,0,5.94406E+20,5.30459E+21,1.02629E+16,4.78877E+16
95896,9,5,77,113,2018,10,10,6,3,5,3,0,0,1,0,0,0,0,0,6.34766E+20,5.43521E+21,1.08446E+16,4.9055E+16
95897,9,1,73,126,2018,10,8,2,2,4,7,0,0,1,0,0,0,0,0,6.84107E+20,5.30537E+21,1.14622E+16,4.78753E+16
95898,9,5,77,161,2018,10,8,6,3,3,3,0,0,1,0,0,1,0,0,6.45007E+20,5.43984E+21,1.09863E+16,4.90943E+16
95899,9,7,79,228,2018,10,23,7,2,0,1,2,0,1,0,0,0,0,0,6.26504E+20,5.41277E+21,1.07246E+16,4.8855E+16