OBJECTID_1,ULAND,UREGBEZ,UKREIS,UGEMEINDE,UJAHR,UMONAT,USTUNDE,UWOCHENTAG,UKATEGORIE,UART,UTYP1,ULICHTVERH,IstRad,IstPKW,IstFuss,IstKrad,IstGkfz,IstSonstig,STRZUSTAND,LINREFX,LINREFY,XGCSWGS84,YGCSWGS84
95900,9,1,63,0,2018,10,17,3,3,2,6,0,0,1,0,0,0,0,0,7.33191E+20,5.30319E+21,1.21166E+16,4.78397E+16
95901,9,7,64,0,2018,10,5,1,3,7,7,2,0,1,0,0,0,0,0,5.8826E+20,5.31334E+21,1.01824E+16,4.79673E+16
95902,9,1,74,131,2018,10,16,7,2,9,1,0,0,0,0,1,0,0,0,6.76132E+20,5.36246E+21,1.13793E+16,4.83907E+16
95903,9,2,74,126,2018,10,12,2,2,1,6,0,0,0,0,0,1,1,0,7.31009E+20,5.38726E+21,1.21333E+16,4.85957E+16
95904,9,5,71,181,2018,10,13,6,2,2,6,0,0,1,0,0,1,0,0,5.88092E+20,5.47009E+21,1.02136E+16,4.93772E+16
95905,9,7,77,112,2018,10,17,7,3,2,6,0,0,1,0,0,0,0,0,6.22944E+20,5.29618E+21,1.06421E+16,4.78072E+16
95906,9,1,83,136,2018,10,6,3,3,9,7,1,0,1,0,0,0,0,1,7.66036E+20,5.34817E+21,1.25827E+16,4.82309E+16
95907,9,1,77,115,2018,10,13,2,3,2,6,0,0,1,0,1,0,0,0,7.30734E+20,5.35314E+21,1.21107E+16,4.82894E+16
95908,9,5,75,153,2018,10,13,6,3,9,6,0,0,1,0,0,0,0,0,6.17249E+20,5.48944E+21,1.06208E+16,4.95462E+16
95909,9,5,75,133,2018,10,9,7,2,0,6,0,0,1,0,1,0,0,0,6.02949E+20,5.47956E+21,1.04207E+16,4.946E+16
95910,9,7,78,116,2018,10,19,2,2,3,6,2,1,1,0,0,0,0,0,6.17806E+20,5.32201E+21,1.05805E+16,4.80405E+16
95911,9,6,62,0,2018,10,13,2,3,2,6,0,0,1,0,0,0,0,0,5.85582E+20,5.54519E+21,1.01955E+16,5.00528E+16
95912,9,5,71,145,2018,10,11,1,2,3,6,0,0,1,0,0,0,0,0,5.91216E+20,5.44715E+21,1.02514E+16,4.91703E+16
95913,9,1,80,123,2018,10,14,1,3,0,1,0,1,0,0,0,0,0,0,6.70093E+20,5.25602E+21,1.12558E+16,4.74354E+16
95914,9,5,75,152,2018,10,22,6,2,9,1,2,0,1,0,0,0,0,0,6.18977E+20,5.47972E+21,1.06418E+16,4.94584E+16
95915,9,3,75,170,2018,10,20,2,3,0,7,2,0,0,0,1,1,0,0,7.3968E+20,5.42426E+21,1.22722E+16,4.89248E+16
95916,9,1,76,147,2018,10,2,7,3,6,4,2,0,1,1,0,0,0,0,6.93786E+20,5.41422E+21,1.16417E+16,4.88506E+16
95917,9,1,75,127,2018,10,8,7,3,0,3,0,0,1,0,1,0,0,0,7.13221E+20,5.34133E+21,1.1869E+16,4.81894E+16
95918,9,5,75,121,2018,10,12,6,2,9,6,0,0,1,0,1,0,0,0,6.26927E+20,5.491E+21,1.07551E+16,4.95583E+16
95919,9,1,88,144,2018,10,18,1,2,2,6,2,0,1,0,0,0,0,0,6.66468E+20,5.32879E+21,1.12356E+16,4.80906E+16
95920,9,2,78,182,2018,10,11,3,3,4,1,0,0,1,0,0,0,0,0,7.62158E+20,5.41487E+21,1.25725E+16,4.88314E+16
95921,9,5,75,112,2018,10,10,6,3,6,4,0,0,1,1,0,0,0,0,6.02496E+20,5.4848E+21,1.04158E+16,4.95072E+16
95922,9,1,72,111,2018,10,17,2,2,5,3,1,1,1,0,0,0,0,0,7.95347E+20,5.30319E+21,1.29455E+16,4.78142E+16
95923,9,4,75,189,2018,10,12,6,2,5,3,0,0,1,0,1,0,0,0,7.0113E+20,5.55783E+21,1.18147E+16,5.01386E+16
95924,9,6,79,175,2018,10,5,7,2,4,3,2,0,1,0,0,0,0,0,5.70937E+20,5.5116E+21,9.98477E+15,4.97527E+16
95925,9,1,61,0,2018,10,9,3,3,5,3,0,0,1,0,1,0,0,0,6.72701E+20,5.40321E+21,1.13499E+16,4.87579E+16
95926,9,7,77,158,2018,10,14,1,2,3,6,0,1,0,0,1,0,0,0,6.18106E+20,5.31257E+21,1.0582E+16,4.79555E+16
95927,9,4,73,141,2018,10,14,6,3,9,6,0,0,1,0,0,0,0,0,6.40319E+20,5.57294E+21,1.097E+16,5.02919E+16
95928,9,3,75,148,2018,10,12,7,3,5,3,0,0,1,0,0,0,0,0,7.05732E+20,5.43736E+21,1.1816E+16,4.90547E+16
95929,9,6,79,196,2018,10,14,2,3,9,1,0,0,1,0,0,0,0,0,5.52615E+20,5.51614E+21,9.73106E+15,4.97954E+16
95930,9,5,76,122,2018,10,9,2,3,8,1,0,0,1,0,0,0,0,0,6.69644E+20,5.43727E+21,1.13225E+16,4.90649E+16
95931,9,4,71,159,2018,10,13,1,3,2,6,0,0,1,0,0,0,0,0,6.38579E+20,5.53171E+21,1.09306E+16,4.99217E+16
95932,9,1,83,124,2018,10,11,1,2,0,6,0,0,1,0,1,0,0,0,7.58138E+20,5.34403E+21,1.2474E+16,4.81969E+16
95933,9,4,78,176,2018,10,11,6,3,5,3,0,0,1,0,1,0,0,0,6.63854E+20,5.54701E+21,1.12889E+16,5.00528E+16
95934,9,3,76,161,2018,10,15,2,3,5,3,0,0,1,0,0,0,0,0,7.24281E+20,5.46962E+21,1.20875E+16,4.93381E+16
95935,9,4,78,139,2018,10,10,6,3,2,6,0,0,0,0,0,1,0,0,6.49085E+20,5.55539E+21,1.1086E+16,5.0132E+16
95936,9,4,74,126,2018,10,13,7,3,2,6,0,0,1,0,0,0,0,0,6.4852E+20,5.50722E+21,1.10596E+16,4.96992E+16
95937,9,7,73,139,2018,10,16,2,3,2,6,0,0,1,0,0,0,0,0,6.15663E+20,5.38633E+21,1.05694E+16,4.86193E+16
95938,9,5,76,147,2018,10,13,2,2,8,1,0,0,1,0,0,0,0,0,6.42983E+20,5.44836E+21,1.09616E+16,4.91713E+16
95939,9,5,71,174,2018,10,19,1,3,8,1,0,0,0,0,1,0,0,0,5.99713E+20,5.46268E+21,1.03718E+16,4.93087E+16
95940,9,1,90,141,2018,10,11,1,2,3,2,0,1,1,0,0,0,0,0,6.80589E+20,5.29055E+21,1.1409E+16,4.7743E+16
95941,9,4,76,171,2018,10,15,6,2,4,2,0,0,1,0,0,0,0,0,6.59005E+20,5.56466E+21,1.12286E+16,5.02127E+16
95942,9,3,76,141,2018,10,14,2,3,8,6,0,0,1,0,0,0,0,0,7.27315E+20,5.45167E+21,1.2119E+16,4.91757E+16
95943,9,4,76,145,2018,10,21,6,3,4,2,2,0,1,0,0,0,0,0,6.66414E+20,5.56798E+21,1.13338E+16,5.02405E+16
95944,9,1,88,144,2018,10,17,1,2,8,7,0,0,0,0,1,0,0,0,6.7008E+20,5.32704E+21,1.12834E+16,4.80739E+16
95945,9,2,75,159,2018,10,7,3,3,4,3,0,0,1,0,0,0,0,0,8.13649E+20,5.39921E+21,1.32604E+16,4.8667E+16
95946,9,4,72,119,2018,10,16,6,2,3,6,0,0,1,0,0,1,0,0,6.86981E+20,5.54223E+21,1.16093E+16,5.0003E+16
95947,9,1,87,120,2018,10,14,2,3,5,3,0,1,1,0,0,0,0,0,7.3396E+20,5.29171E+21,1.21207E+16,4.77363E+16
95948,9,4,62,0,2018,10,6,6,3,0,1,1,0,0,0,1,0,0,1,6.8679E+20,5.53413E+21,1.16027E+16,4.99303E+16
95949,9,6,78,183,2018,10,13,7,3,2,6,0,0,1,0,0,0,0,0,5.95614E+20,5.5318E+21,1.03323E+16,4.99309E+16
95950,9,1,79,121,2018,10,16,3,3,4,6,0,0,1,0,0,0,0,0,6.65316E+20,5.33818E+21,1.12238E+16,4.81754E+16
95951,9,7,71,130,2018,10,22,1,2,8,1,2,1,0,0,0,0,0,0,6.50392E+20,5.35435E+21,1.10289E+16,4.83244E+16
95952,9,4,77,121,2018,10,15,6,3,2,6,0,0,1,0,0,0,0,0,6.87532E+20,5.54803E+21,1.16199E+16,5.0055E+16
95953,9,2,71,128,2018,10,17,7,3,0,1,0,0,1,0,0,0,0,0,8.00151E+20,5.3986E+21,1.30771E+16,4.86683E+16
95954,9,5,64,0,2018,10,20,2,3,5,2,2,0,1,0,0,0,0,0,6.46335E+20,5.48087E+21,1.10195E+16,4.94629E+16
95955,9,3,72,153,2018,10,14,1,2,8,1,0,0,0,0,1,0,0,1,7.53285E+20,5.4526E+21,1.24753E+16,4.91739E+16
95956,9,1,87,169,2018,10,19,1,3,1,6,2,0,1,0,0,0,0,0,7.37692E+20,5.29923E+21,1.21745E+16,4.78025E+16
95957,9,5,64,0,2018,10,14,3,3,2,6,0,1,1,0,0,0,0,0,6.51292E+20,5.47726E+21,1.10865E+16,4.94292E+16
95958,9,1,78,143,2018,10,14,7,3,2,6,0,0,1,0,0,0,0,0,7.20645E+20,5.3739E+21,1.19858E+16,4.84795E+16
95959,9,1,88,124,2018,10,13,7,3,4,6,0,0,1,0,0,0,1,0,6.59488E+20,5.32207E+21,1.11394E+16,4.8032E+16
95960,9,4,77,128,2018,10,15,6,3,2,6,0,0,1,0,0,0,0,0,6.70416E+20,5.56029E+21,1.13864E+16,5.01703E+16
95961,9,2,71,138,2018,10,5,2,3,2,6,1,0,1,0,0,0,0,0,7.96426E+20,5.41017E+21,1.30349E+16,4.87738E+16
95962,9,4,77,136,2018,10,6,6,3,0,1,2,0,0,0,1,0,0,1,6.71094E+20,5.55267E+21,1.13925E+16,5.01016E+16
95963,9,7,78,120,2018,10,18,7,3,8,1,1,0,0,0,1,0,0,0,5.89271E+20,5.32675E+21,1.01988E+16,4.80877E+16
95964,9,2,79,122,2018,10,17,3,3,5,3,0,0,1,0,1,0,0,0,7.71691E+20,5.39803E+21,1.2691E+16,4.86761E+16
95965,9,4,72,121,2018,10,10,6,3,8,1,0,0,1,0,0,0,0,1,6.99234E+20,5.54738E+21,1.17828E+16,5.00453E+16
95966,9,1,79,142,2018,10,7,2,3,2,6,0,0,1,0,0,0,0,0,6.76742E+20,5.34295E+21,1.13793E+16,4.82151E+16
95967,9,4,62,0,2018,10,7,6,3,7,1,0,1,0,0,0,0,0,1,6.86332E+20,5.53622E+21,1.15974E+16,4.99492E+16
95968,9,4,74,126,2018,10,11,6,3,4,2,0,0,1,0,0,0,0,0,6.47312E+20,5.50913E+21,1.10436E+16,4.97167E+16
95969,9,1,62,0,2018,10,21,7,2,9,1,2,0,1,0,0,0,0,0,6.92751E+20,5.33906E+21,1.15928E+16,4.81755E+16
95970,9,2,72,120,2018,10,14,3,3,2,6,0,0,1,0,0,0,0,0,8.22728E+20,5.42023E+21,1.33998E+16,4.8851E+16
95971,9,4,74,126,2018,10,10,6,3,4,2,0,0,1,0,0,0,0,0,6.49048E+20,5.50877E+21,1.10675E+16,4.9713E+16
95972,9,1,61,0,2018,10,13,2,3,5,2,0,1,1,0,0,0,0,0,6.78641E+20,5.40496E+21,1.14314E+16,4.8772E+16
95973,9,3,62,0,2018,10,15,6,3,2,1,0,0,1,0,0,1,0,0,7.23916E+20,5.43244E+21,1.20618E+16,4.90042E+16
95974,9,6,76,160,2018,10,16,7,3,0,5,0,1,0,0,0,0,0,0,5.15017E+20,5.53009E+21,9.20921E+15,4.9923E+16
95975,9,1,75,132,2018,10,20,3,3,5,2,2,1,1,0,0,0,0,0,7.06315E+20,5.33151E+21,1.17714E+16,4.81034E+16
95976,9,6,74,133,2018,10,9,1,3,8,1,0,0,0,0,1,0,0,0,6.21381E+20,5.53377E+21,1.06918E+16,4.99439E+16
95977,9,3,72,124,2018,10,18,6,3,9,1,0,0,1,0,0,0,0,0,7.87207E+20,5.4665E+21,1.29496E+16,4.92836E+16
95978,9,2,72,150,2018,10,13,7,3,0,1,0,0,0,0,1,0,1,1,8.14876E+20,5.41317E+21,1.32876E+16,4.87917E+16
95979,9,5,71,216,2018,10,7,2,3,1,6,0,0,1,0,0,0,0,0,6.20282E+20,5.45155E+21,1.06513E+16,4.92049E+16
95980,9,1,89,145,2018,10,15,7,3,5,3,0,1,1,0,0,0,0,0,7.72816E+20,5.30064E+21,1.26435E+16,4.78013E+16
95981,9,3,76,161,2018,10,15,1,2,0,1,0,0,0,0,1,0,0,0,7.29205E+20,5.47287E+21,1.21571E+16,4.93654E+16
95982,9,1,87,129,2018,10,12,1,3,2,2,0,0,1,0,1,0,0,0,7.20881E+20,5.29955E+21,1.19504E+16,4.78114E+16
95983,9,4,78,139,2018,10,20,3,3,5,3,2,0,1,0,0,0,0,0,6.46179E+20,5.55516E+21,1.10453E+16,5.01307E+16
95984,9,1,78,144,2018,10,8,7,3,6,1,0,0,1,1,0,0,0,0,7.06944E+20,5.37993E+21,1.18036E+16,4.85383E+16
95985,9,3,72,149,2018,10,16,6,3,8,1,0,0,0,0,1,0,0,0,7.43619E+20,5.45134E+21,1.23422E+16,4.91665E+16
95986,9,2,78,198,2018,10,4,2,3,0,7,2,0,1,0,0,0,0,0,7.76444E+20,5.42791E+21,1.27755E+16,4.89423E+16
95987,9,3,73,147,2018,10,14,6,2,8,1,0,0,0,0,1,0,0,0,6.81322E+20,5.45849E+21,1.14917E+16,4.92523E+16
95988,9,7,80,116,2018,10,12,7,3,4,6,0,0,1,0,0,0,0,0,5.93651E+20,5.25665E+21,1.02425E+16,4.74565E+16
95989,9,1,73,126,2018,10,15,3,3,2,6,0,0,1,0,0,0,0,0,6.84391E+20,5.30517E+21,1.14659E+16,4.78734E+16
95990,9,7,80,112,2018,10,11,5,2,9,1,0,0,0,0,1,0,0,0,5.95675E+20,5.29279E+21,1.02772E+16,4.77814E+16
95991,9,1,74,126,2018,10,9,2,3,5,3,0,1,1,0,0,0,0,0,6.83681E+20,5.34395E+21,1.14731E+16,4.82221E+16
95992,9,3,72,116,2018,10,14,6,3,5,3,0,0,1,0,0,0,0,0,7.70162E+20,5.46055E+21,1.27117E+16,4.92381E+16
95993,9,5,64,0,2018,10,18,7,2,2,6,0,0,1,0,0,0,1,0,6.52311E+20,5.48201E+21,1.11024E+16,4.94717E+16
95994,9,7,75,152,2018,10,10,2,3,2,6,0,0,1,0,0,0,1,0,5.78682E+20,5.35371E+21,1.00616E+16,4.83316E+16
95995,9,5,64,0,2018,10,13,1,3,5,3,0,0,1,0,0,0,0,0,6.51291E+20,5.47726E+21,1.10865E+16,4.94292E+16
95996,9,2,73,166,2018,10,15,1,2,4,1,0,0,1,0,1,0,0,0,7.12589E+20,5.41558E+21,1.18984E+16,4.88568E+16
95997,9,1,75,119,2018,10,10,7,3,8,1,0,0,1,0,0,0,0,0,7.27171E+20,5.32512E+21,1.20478E+16,4.80389E+16
95998,9,3,76,161,2018,10,13,6,3,8,6,0,0,0,0,0,0,1,0,7.23316E+20,5.46321E+21,1.20707E+16,4.92808E+16
95999,9,3,63,0,2018,10,11,2,3,5,3,0,1,1,0,0,0,0,0,7.27686E+20,5.50699E+21,1.21559E+16,4.96724E+16
96000,9,1,82,125,2018,10,12,7,3,3,2,0,0,1,0,1,0,0,0,7.12501E+20,5.2988E+21,1.18383E+16,4.78075E+16
96001,9,5,64,0,2018,10,14,7,3,2,6,0,0,1,0,0,0,0,0,6.59779E+20,5.47639E+21,1.12031E+16,4.94192E+16
96002,9,1,62,0,2018,10,0,2,3,0,1,2,1,0,0,0,0,0,0,6.78194E+20,5.33439E+21,1.13953E+16,4.81378E+16
96003,9,5,62,0,2018,10,16,1,3,0,7,0,1,0,0,0,0,0,0,6.42399E+20,5.49216E+21,1.09693E+16,4.95652E+16
96004,9,2,77,153,2018,10,12,1,3,4,2,0,0,1,0,0,0,0,0,7.79382E+20,5.36097E+21,1.27705E+16,4.83401E+16
96005,9,2,76,122,2018,10,17,6,2,2,2,0,0,1,0,0,0,0,0,7.89425E+20,5.44134E+21,1.2962E+16,4.90569E+16
96006,9,1,73,137,2018,10,14,7,1,5,3,0,0,1,0,1,0,0,0,6.75138E+20,5.30307E+21,1.13414E+16,4.78571E+16
96007,9,4,73,158,2018,10,5,2,3,8,7,2,0,1,0,0,0,0,0,6.31336E+20,5.57567E+21,1.08449E+16,5.03185E+16
96008,9,1,72,132,2018,10,8,7,3,8,7,0,0,0,0,1,0,0,0,7.98688E+20,5.28046E+21,1.29744E+16,4.76087E+16
96009,9,2,76,138,2018,10,1,1,3,5,3,2,0,1,0,0,0,0,0,8.02737E+20,5.43191E+21,1.31367E+16,4.89658E+16
96010,9,2,76,142,2018,10,15,6,3,5,3,0,0,1,0,0,0,0,0,7.91255E+20,5.43258E+21,1.29807E+16,4.89774E+16
96011,9,1,61,0,2018,10,11,1,3,4,2,0,1,1,0,0,0,0,0,6.79255E+20,5.40439E+21,1.14395E+16,4.87667E+16
96012,9,3,62,0,2018,10,17,3,2,2,1,0,0,0,0,0,1,0,0,7.25541E+20,5.431E+21,1.20832E+16,4.89906E+16
96013,9,1,62,0,2018,10,10,6,3,5,3,0,1,1,0,0,0,0,0,6.90877E+20,5.33912E+21,1.15677E+16,4.81766E+16
96014,9,2,76,139,2018,10,10,6,3,2,6,0,0,1,0,0,0,0,0,8.07425E+20,5.4298E+21,1.3199E+16,4.89446E+16
96015,9,2,73,166,2018,10,19,2,2,2,5,2,0,1,0,0,0,0,0,7.16893E+20,5.42094E+21,1.19598E+16,4.89034E+16
96016,9,2,71,141,2018,10,10,6,3,5,3,0,0,1,0,0,0,0,0,7.95847E+20,5.40179E+21,1.30211E+16,4.86989E+16
96017,9,7,62,0,2018,10,17,7,3,0,1,0,1,0,0,0,0,0,1,6.20633E+20,5.30374E+21,1.06133E+16,4.78756E+16
96018,9,1,84,145,2018,10,15,3,2,2,6,0,0,1,0,0,1,0,0,6.97916E+20,5.32333E+21,1.1655E+16,4.80325E+16
96019,9,1,62,0,2018,10,15,1,3,5,2,0,0,1,0,0,0,0,0,6.96039E+20,5.33381E+21,1.16346E+16,4.81273E+16
96020,9,2,71,149,2018,10,19,6,3,8,1,2,0,0,0,1,0,0,0,8.06211E+20,5.40788E+21,1.3166E+16,4.87485E+16
96021,9,4,75,112,2018,10,12,7,2,4,1,0,0,1,0,0,0,0,0,6.88736E+20,5.58161E+21,1.16533E+16,5.03563E+16
96022,9,7,63,0,2018,10,12,2,3,0,2,0,1,1,0,0,0,0,0,5.97225E+20,5.28568E+21,1.02963E+16,4.77171E+16
96023,9,6,71,122,2018,10,22,2,3,5,3,2,0,1,0,0,0,0,0,5.05869E+20,5.53063E+21,9.08177E+15,4.9928E+16
96024,9,5,75,181,2018,10,17,1,3,5,3,0,1,1,0,0,0,0,0,6.26041E+20,5.49107E+21,1.07429E+16,4.95591E+16
96025,9,1,90,140,2018,10,18,1,3,4,6,2,0,1,0,0,0,0,0,6.42122E+20,5.2941E+21,1.08974E+16,4.77845E+16
96026,9,1,84,136,2018,10,10,6,2,1,6,0,0,1,0,1,0,0,0,6.97559E+20,5.3275E+21,1.16521E+16,4.80701E+16
96027,9,2,71,119,2018,10,9,6,3,1,6,0,0,1,0,0,0,0,0,7.91514E+20,5.41794E+21,1.29737E+16,4.88459E+16
96028,9,3,73,113,2018,10,7,2,3,8,7,0,0,1,0,0,0,0,0,6.76166E+20,5.47088E+21,1.14264E+16,4.93651E+16
96029,9,1,76,165,2018,10,16,7,2,4,6,0,0,1,0,1,0,0,0,6.67713E+20,5.42086E+21,1.12893E+16,4.89179E+16
96030,9,2,75,154,2018,10,13,6,2,5,3,0,0,1,0,1,0,0,0,8.03971E+20,5.39089E+21,1.31232E+16,4.85972E+16
96031,9,1,88,139,2018,10,14,1,3,5,2,0,1,1,0,0,0,0,0,6.76205E+20,5.31829E+21,1.13619E+16,4.79937E+16
96032,9,2,71,135,2018,10,11,3,3,5,2,0,0,1,0,0,0,0,0,7.90024E+20,5.40614E+21,1.29452E+16,4.87407E+16
96033,9,1,62,0,2018,10,15,6,3,2,6,2,0,1,0,1,0,0,0,6.87321E+20,5.33244E+21,1.1517E+16,4.81176E+16
96034,9,2,77,152,2018,10,18,6,2,0,1,0,0,0,0,1,0,0,0,7.96827E+20,5.36409E+21,1.30075E+16,4.83601E+16
96035,9,1,84,148,2018,10,7,2,2,2,6,0,0,1,0,0,0,0,0,6.96246E+20,5.32684E+21,1.16342E+16,4.80647E+16
96036,9,2,77,145,2018,10,17,6,3,2,6,0,0,1,0,1,0,0,0,7.9844E+20,5.35353E+21,1.30218E+16,4.82646E+16
96037,9,6,73,142,2018,10,0,7,3,8,1,2,0,1,0,0,0,0,0,5.92029E+20,5.58579E+21,1.02954E+16,5.04169E+16
96038,9,1,74,146,2018,10,6,3,3,2,6,1,0,1,0,0,0,0,0,6.66312E+20,5.35116E+21,1.12422E+16,4.82918E+16
96039,9,2,77,142,2018,10,12,6,3,8,1,0,0,1,0,0,0,1,0,7.86441E+20,5.38806E+21,1.2884E+16,4.85801E+16
96040,9,1,86,132,2018,10,13,1,3,0,1,0,0,0,0,1,0,0,0,6.78835E+20,5.36748E+21,1.14179E+16,4.84351E+16
96041,9,3,71,140,2018,10,18,3,2,5,3,1,1,1,0,0,0,0,0,6.87273E+20,5.48914E+21,1.15879E+16,4.95259E+16
96042,9,2,62,0,2018,10,19,6,3,2,6,2,0,1,0,0,0,0,0,8.26303E+20,5.38889E+21,1.34236E+16,4.85681E+16
96043,9,1,80,117,2018,10,14,2,3,0,1,0,1,0,0,0,0,0,0,6.58814E+20,5.26195E+21,1.11084E+16,4.74916E+16
96044,9,2,75,141,2018,10,14,6,3,4,2,0,0,1,0,0,0,1,0,8.23497E+20,5.37082E+21,1.33717E+16,4.84073E+16
96045,9,7,72,186,2018,10,8,7,3,1,5,0,0,1,0,0,0,0,0,6.38307E+20,5.34433E+21,1.08627E+16,4.82371E+16
96046,9,1,82,119,2018,10,8,3,3,4,2,0,0,1,0,0,0,0,0,7.09495E+20,5.29239E+21,1.17951E+16,4.77509E+16
96047,9,7,80,131,2018,10,17,1,2,8,1,0,0,0,0,1,0,0,0,5.86531E+20,5.2543E+21,1.01476E+16,4.74364E+16
96048,9,2,72,142,2018,10,18,6,3,8,1,0,0,0,0,1,0,0,0,8.20234E+20,5.41385E+21,1.33609E+16,4.87951E+16
96049,9,4,71,142,2018,10,14,7,2,3,2,0,0,1,0,1,0,0,0,6.57561E+20,5.52733E+21,1.1193E+16,4.98776E+16
96050,9,7,72,147,2018,10,8,2,3,2,6,0,0,1,0,0,1,0,0,6.38839E+20,5.36883E+21,1.08779E+16,4.84573E+16
96051,9,5,65,0,2018,10,8,2,3,1,6,0,0,1,0,0,0,0,0,6.48345E+20,5.46533E+21,1.10414E+16,4.93227E+16
96052,9,4,76,145,2018,10,15,1,3,2,6,0,0,1,0,0,0,0,0,6.65711E+20,5.56693E+21,1.13235E+16,5.02313E+16
96053,9,1,80,117,2018,10,16,1,2,0,1,0,1,0,0,0,0,0,0,6.55753E+20,5.26118E+21,1.10675E+16,4.74854E+16
96054,9,1,62,0,2018,10,17,6,3,3,2,0,1,1,0,0,0,0,0,6.92066E+20,5.33143E+21,1.15802E+16,4.81071E+16
96055,9,2,72,151,2018,10,18,6,3,3,2,1,0,1,0,1,0,0,0,8.40615E+20,5.41232E+21,1.36363E+16,4.87705E+16
96056,9,3,71,151,2018,10,10,2,3,2,6,0,0,1,0,0,0,0,0,6.98785E+20,5.48686E+21,1.17456E+16,4.95018E+16
96057,9,2,72,141,2018,10,9,6,3,5,3,0,0,1,0,0,0,0,0,8.32308E+20,5.41212E+21,1.35234E+16,4.87732E+16
96058,9,1,74,115,2018,10,17,1,3,3,6,0,0,1,0,1,0,0,0,6.81021E+20,5.3475E+21,1.14388E+16,4.82548E+16
96059,9,2,75,141,2018,10,16,3,3,2,2,0,0,1,0,0,0,0,0,8.21327E+20,5.3727E+21,1.33439E+16,4.84254E+16
96060,9,2,79,128,2018,10,13,6,3,2,6,0,0,1,0,0,0,0,0,7.62592E+20,5.39732E+21,1.25672E+16,4.86737E+16
96061,9,1,87,122,2018,10,17,2,2,5,3,0,0,0,0,1,0,0,0,7.18798E+20,5.30844E+21,1.19271E+16,4.7892E+16
96062,9,2,79,128,2018,10,13,6,3,2,6,0,0,1,0,0,0,0,0,7.61652E+20,5.39698E+21,1.25542E+16,4.8671E+16
96063,9,6,73,184,2018,10,15,7,3,1,1,0,0,1,0,1,0,0,0,5.92809E+20,5.57534E+21,1.03038E+16,5.03228E+16
96064,9,1,74,136,2018,10,17,3,3,8,1,0,0,0,0,1,0,0,0,6.82355E+20,5.36439E+21,1.14641E+16,4.84063E+16
96065,9,6,79,175,2018,10,19,1,2,4,7,2,0,1,0,0,0,0,0,5.7112E+20,5.51125E+21,9.98726E+15,4.97495E+16
96066,9,2,74,184,2018,10,14,6,3,5,2,0,0,1,0,0,0,0,0,7.47107E+20,5.36836E+21,1.234E+16,4.84198E+16
96067,9,2,75,156,2018,10,15,7,2,9,7,0,0,0,0,1,0,0,0,8.5207E+20,5.3903E+21,1.37729E+16,4.85667E+16
96068,9,5,71,224,2018,10,6,2,2,8,7,2,0,1,0,0,0,0,0,6.01553E+20,5.43125E+21,1.03892E+16,4.90258E+16
96069,9,1,89,142,2018,10,9,7,3,5,3,0,0,1,0,0,0,0,0,7.5398E+20,5.33083E+21,1.24103E+16,4.80801E+16
96070,9,3,72,137,2018,10,17,1,3,8,1,0,0,1,0,0,0,0,0,7.82658E+20,5.45172E+21,1.28768E+16,4.91532E+16
96071,9,7,77,129,2018,10,17,1,3,5,6,0,0,1,0,0,0,0,0,6.28401E+20,5.27221E+21,1.07078E+16,4.75906E+16
96072,9,2,74,126,2018,10,18,6,3,4,6,1,0,1,0,0,0,0,0,7.32295E+20,5.38429E+21,1.2149E+16,4.85686E+16
96073,9,3,62,0,2018,10,17,7,3,0,1,0,1,0,0,0,0,0,0,7.27619E+20,5.43491E+21,1.21138E+16,4.9025E+16
96074,9,6,74,147,2018,10,8,2,2,0,1,0,0,0,0,1,0,0,0,6.08594E+20,5.54328E+21,1.05163E+16,5.00319E+16
96075,9,5,64,0,2018,10,9,2,3,2,6,0,0,1,0,0,0,0,0,6.49254E+20,5.47876E+21,1.1059E+16,4.94431E+16
96076,9,3,73,143,2018,10,16,1,3,8,1,0,0,1,0,0,0,0,0,6.99736E+20,5.4508E+21,1.17407E+16,4.91775E+16
96077,9,1,72,118,2018,10,12,1,2,0,1,0,0,0,0,1,0,0,0,7.98272E+20,5.30623E+21,1.29865E+16,4.78402E+16
96078,9,1,84,135,2018,10,0,6,3,9,6,2,0,1,0,0,0,0,0,6.92374E+20,5.34476E+21,1.15904E+16,4.82269E+16
96079,9,2,73,137,2018,10,15,6,2,5,3,0,1,1,0,0,0,0,0,7.1023E+20,5.42242E+21,1.18698E+16,4.8919E+16
96080,9,3,76,151,2018,10,7,2,3,2,6,0,0,1,0,1,0,0,0,7.47113E+20,5.48344E+21,1.24099E+16,4.94533E+16
96081,9,2,73,166,2018,10,10,6,3,2,5,0,0,1,0,0,0,0,0,7.14513E+20,5.42133E+21,1.19276E+16,4.89077E+16
96082,9,1,62,0,2018,10,17,7,3,0,7,0,1,0,0,0,0,0,0,6.82737E+20,5.33501E+21,1.14565E+16,4.81421E+16
96083,9,2,61,0,2018,10,7,3,3,5,3,0,0,1,0,0,0,0,0,7.32193E+20,5.37934E+21,1.21449E+16,4.85242E+16
96084,9,2,79,125,2018,10,12,6,2,8,1,0,0,1,0,0,0,0,0,7.66442E+20,5.39416E+21,1.26173E+16,4.86437E+16