OBJECTID_1,ULAND,UREGBEZ,UKREIS,UGEMEINDE,UJAHR,UMONAT,USTUNDE,UWOCHENTAG,UKATEGORIE,UART,UTYP1,ULICHTVERH,IstRad,IstPKW,IstFuss,IstKrad,IstGkfz,IstSonstig,STRZUSTAND,LINREFX,LINREFY,XGCSWGS84,YGCSWGS84
97012,9,6,77,114,2018,10,13,4,3,9,6,0,0,1,0,0,0,0,0,5.73959E+20,5.53466E+21,1.00311E+16,4.99597E+16
97013,9,4,72,175,2018,10,1,5,2,9,1,2,0,1,0,0,0,0,1,6.79772E+20,5.5223E+21,1.14996E+16,4.98261E+16
97014,9,6,78,192,2018,10,11,4,3,9,1,0,0,1,0,0,1,0,1,5.73703E+20,5.54719E+21,1.003E+16,5.00724E+16
97015,9,7,71,111,2018,10,8,5,3,3,6,0,1,1,0,0,0,0,0,6.58378E+20,5.35828E+21,1.1138E+16,4.83578E+16
97016,9,6,78,130,2018,10,7,5,2,7,7,1,0,1,0,0,0,0,0,5.94346E+20,5.52749E+21,1.03135E+16,4.98924E+16
97017,9,6,78,150,2018,10,14,4,3,9,1,0,0,1,0,0,0,0,0,5.90638E+20,5.52878E+21,1.02622E+16,4.99045E+16
97018,9,6,73,173,2018,10,17,4,3,8,1,0,0,1,0,0,0,0,1,6.00115E+20,5.56914E+21,1.04047E+16,5.02659E+16
97019,9,3,76,161,2018,10,13,6,3,3,2,0,0,1,0,0,0,0,0,7.25267E+20,5.46688E+21,1.20995E+16,4.93131E+16
97020,9,6,73,117,2018,10,19,4,3,7,7,2,0,1,0,0,0,0,1,5.75938E+20,5.58394E+21,1.00686E+16,5.04026E+16
97021,9,1,86,162,2018,10,21,6,3,8,1,2,0,1,0,0,0,0,0,6.92963E+20,5.39268E+21,1.16204E+16,4.86573E+16
97022,9,1,89,114,2018,10,16,5,3,5,3,0,0,1,0,0,0,0,0,7.64682E+20,5.31046E+21,1.25411E+16,4.78928E+16
97023,9,4,72,139,2018,10,11,5,2,4,6,0,0,1,0,0,0,0,1,6.98141E+20,5.55305E+21,1.17705E+16,5.00966E+16
97024,9,1,88,113,2018,10,19,5,3,4,6,2,1,0,0,0,0,0,0,6.76164E+20,5.31781E+21,1.13612E+16,4.79893E+16
97025,9,6,78,132,2018,10,7,4,3,2,6,0,0,1,0,1,0,0,1,5.84673E+20,5.5441E+21,1.01826E+16,5.00432E+16
97026,9,5,64,0,2018,10,12,5,2,0,1,0,1,0,0,0,0,0,1,6.48883E+20,5.47726E+21,1.10533E+16,4.94297E+16
97027,9,6,77,182,2018,10,16,4,3,1,6,0,0,1,0,0,0,0,1,5.36272E+20,5.52155E+21,9.50451E+15,4.98453E+16
97028,9,6,76,134,2018,10,11,4,3,5,3,0,0,1,0,1,0,0,0,5.12761E+20,5.51433E+21,9.17725E+15,4.97813E+16
97029,9,2,74,126,2018,10,14,6,3,2,6,0,0,1,0,0,0,0,0,7.32183E+20,5.38537E+21,1.21481E+16,4.85783E+16
97030,9,6,76,139,2018,10,11,4,3,4,6,0,0,1,0,0,1,0,1,5.15914E+20,5.50537E+21,9.22068E+15,4.97007E+16
97031,9,6,71,150,2018,10,18,4,3,2,6,2,0,1,0,0,0,0,1,5.21143E+20,5.54283E+21,9.29525E+15,5.00374E+16
97032,9,2,78,167,2018,10,16,6,2,5,3,0,0,1,0,0,0,0,0,7.69171E+20,5.40807E+21,1.26634E+16,4.87673E+16
97033,9,6,71,156,2018,10,16,4,3,0,1,0,0,1,0,0,0,0,1,5.22769E+20,5.53116E+21,9.31726E+15,4.99324E+16
97034,9,1,81,126,2018,10,12,6,3,2,6,0,0,1,0,0,0,0,0,6.36076E+20,5.33208E+21,1.08287E+16,4.81274E+16
97035,9,1,84,146,2018,10,12,5,2,2,6,0,0,1,0,0,0,0,0,6.94884E+20,5.32926E+21,1.1617E+16,4.80868E+16
97036,9,1,74,115,2018,10,15,5,3,5,3,0,1,1,0,0,0,0,1,6.81784E+20,5.34649E+21,1.14487E+16,4.82455E+16
97037,9,6,71,160,2018,10,16,4,1,4,1,0,0,1,0,0,1,0,1,5.2672E+20,5.52616E+21,9.37196E+15,4.98872E+16
97038,9,5,62,0,2018,10,17,4,3,2,6,0,0,1,0,0,0,0,1,6.43747E+20,5.49356E+21,1.09884E+16,4.95776E+16
97039,9,5,76,151,2018,10,15,4,3,9,1,1,0,1,0,0,0,0,1,6.54855E+20,5.47186E+21,1.11335E+16,4.93798E+16
97040,9,2,73,172,2018,10,16,6,3,5,3,0,0,1,0,0,0,0,0,7.10661E+20,5.40384E+21,1.18661E+16,4.87519E+16
97041,9,3,75,199,2018,10,7,5,3,2,1,0,0,1,0,0,0,0,0,7.22393E+20,5.43182E+21,1.20407E+16,4.89991E+16
97042,9,5,77,161,2018,10,7,5,3,2,6,2,0,1,0,0,0,0,1,6.44463E+20,5.439E+21,1.09786E+16,4.90869E+16
97043,9,5,74,155,2018,10,13,4,3,9,1,0,0,1,0,0,0,0,1,6.69693E+20,5.49474E+21,1.13476E+16,4.95814E+16
97044,9,7,76,122,2018,10,23,5,3,5,3,2,0,1,0,1,0,0,0,5.62656E+20,5.27521E+21,9.83396E+15,4.76272E+16
97045,9,5,76,122,2018,10,12,4,2,2,6,0,0,1,0,0,1,0,1,6.6965E+20,5.43688E+21,1.13224E+16,4.90614E+16
97046,9,1,84,127,2018,10,0,5,3,8,6,2,0,1,0,0,0,0,1,7.01001E+20,5.32285E+21,1.16961E+16,4.80273E+16
97047,9,1,61,0,2018,10,18,5,3,5,2,2,1,1,0,0,0,0,0,6.7944E+20,5.39944E+21,1.14398E+16,4.87221E+16
97048,9,1,62,0,2018,10,17,4,3,5,2,2,0,1,0,0,0,0,1,6.90875E+20,5.33013E+21,1.15636E+16,4.80958E+16
97049,9,5,72,132,2018,10,8,4,3,0,3,0,0,1,0,0,0,0,1,6.38861E+20,5.49397E+21,1.09211E+16,4.95824E+16
97050,9,5,62,0,2018,10,16,4,3,5,3,0,1,1,0,0,0,0,0,6.44391E+20,5.49383E+21,1.09975E+16,4.95798E+16
97051,9,5,62,0,2018,10,13,4,2,3,2,0,0,1,0,1,0,0,1,6.4378E+20,5.49056E+21,1.09878E+16,4.95506E+16
97052,9,1,90,138,2018,10,16,6,3,5,3,0,1,1,0,0,0,0,0,6.61009E+20,5.31052E+21,1.11555E+16,4.79277E+16
97053,9,3,75,148,2018,10,13,5,3,4,1,0,0,1,0,0,0,0,1,7.09217E+20,5.43544E+21,1.18627E+16,4.90363E+16
97054,9,5,62,0,2018,10,16,4,3,0,7,0,1,0,0,0,0,0,1,6.44557E+20,5.49531E+21,1.10003E+16,4.95931E+16
97055,9,7,61,0,2018,10,7,5,3,2,6,0,0,1,0,0,0,0,0,6.37401E+20,5.35921E+21,1.08553E+16,4.8371E+16
97056,9,6,72,149,2018,10,7,5,3,8,1,0,0,1,0,0,0,0,1,5.62646E+20,5.56916E+21,9.87909E+15,5.02713E+16
97057,9,5,74,132,2018,10,6,4,3,5,3,2,0,1,0,1,0,0,1,6.75971E+20,5.48699E+21,1.14309E+16,4.95099E+16
97058,9,3,74,139,2018,10,8,5,2,8,1,0,0,1,0,0,0,0,1,7.2997E+20,5.51427E+21,1.21917E+16,4.97369E+16
97059,9,5,63,0,2018,10,15,4,3,5,3,0,1,1,0,0,0,0,0,6.42622E+20,5.48471E+21,1.09697E+16,4.94982E+16
97060,9,3,72,137,2018,10,12,6,3,5,3,0,0,1,0,0,0,0,0,7.81917E+20,5.45349E+21,1.28679E+16,4.91694E+16
97061,9,3,75,162,2018,10,13,5,3,9,1,0,0,1,0,0,0,0,1,7.12826E+20,5.43908E+21,1.19139E+16,4.90677E+16
97062,9,5,64,0,2018,10,15,4,3,0,6,0,0,1,0,1,1,0,0,6.48256E+20,5.47726E+21,1.10447E+16,4.94299E+16
97063,9,1,76,137,2018,10,13,6,2,3,6,0,0,1,0,0,0,0,0,6.74533E+20,5.42891E+21,1.13858E+16,4.89884E+16
97064,9,5,64,0,2018,10,11,4,3,2,6,0,0,1,0,0,0,0,1,6.52345E+20,5.46921E+21,1.10979E+16,4.93565E+16
97065,9,5,73,124,2018,10,9,4,2,5,2,0,0,1,0,1,0,0,1,6.32595E+20,5.48721E+21,1.08321E+16,4.9523E+16
97066,9,1,87,169,2018,10,11,6,3,1,6,0,0,1,0,0,0,0,0,7.3758E+20,5.29923E+21,1.2173E+16,4.78026E+16
97067,9,3,62,0,2018,10,6,5,3,3,6,2,0,1,0,0,0,1,0,7.2955E+20,5.43519E+21,1.21403E+16,4.90268E+16
97068,9,5,71,136,2018,10,18,4,2,4,6,1,0,1,0,0,0,0,1,5.95061E+20,5.43673E+21,1.03017E+16,4.90761E+16
97069,9,7,71,144,2018,10,6,5,3,8,7,2,0,1,0,0,0,0,1,6.62076E+20,5.37358E+21,1.11938E+16,4.84944E+16
97070,9,6,76,141,2018,10,18,5,3,9,1,1,0,1,0,0,0,0,0,5.19996E+20,5.51522E+21,9.2778E+15,4.97891E+16
97071,9,4,75,145,2018,10,7,4,3,5,3,1,0,1,0,0,1,0,1,7.00121E+20,5.57481E+21,1.18096E+16,5.02914E+16
97072,9,4,76,154,2018,10,17,4,3,9,1,0,0,1,0,0,0,0,1,6.60781E+20,5.57056E+21,1.1256E+16,5.02652E+16
97073,9,3,76,147,2018,10,12,6,3,2,6,0,0,1,0,0,0,1,0,7.45306E+20,5.47405E+21,1.23792E+16,4.93697E+16
97074,9,3,75,190,2018,10,12,5,3,1,6,0,0,1,0,0,1,0,1,7.26744E+20,5.44523E+21,1.21076E+16,4.91181E+16
97075,9,4,76,145,2018,10,12,4,3,2,6,0,0,1,0,0,0,0,1,6.65724E+20,5.56694E+21,1.13237E+16,5.02314E+16
97076,9,1,81,132,2018,10,14,6,2,2,6,0,0,1,0,0,0,0,0,6.45564E+20,5.32456E+21,1.09536E+16,4.80577E+16
97077,9,1,83,127,2018,10,6,5,3,5,2,2,0,1,0,0,0,0,1,7.55113E+20,5.35001E+21,1.24369E+16,4.82519E+16
97078,9,3,73,147,2018,10,14,5,3,4,2,0,0,1,0,0,0,0,0,6.76382E+20,5.46143E+21,1.14252E+16,4.92801E+16
97079,9,1,79,113,2018,10,6,5,3,8,1,2,0,0,0,0,0,1,1,6.7101E+20,5.33377E+21,1.12985E+16,4.81342E+16
97080,9,4,72,177,2018,10,6,4,3,2,6,2,0,1,0,0,0,0,1,6.77995E+20,5.50598E+21,1.14674E+16,4.968E+16
97081,9,5,61,0,2018,10,15,5,2,5,3,0,0,1,0,0,0,0,0,6.14665E+20,5.46235E+21,1.05773E+16,4.93032E+16
97082,9,4,77,128,2018,10,16,4,3,4,2,0,0,1,0,0,0,0,1,6.69597E+20,5.56259E+21,1.1376E+16,5.01912E+16
97083,9,1,72,111,2018,10,18,5,3,2,6,2,0,1,0,0,0,0,0,7.96076E+20,5.30459E+21,1.29561E+16,4.78264E+16
97084,9,4,72,188,2018,10,6,4,3,2,6,2,0,1,0,0,0,0,1,6.9553E+20,5.52953E+21,1.17221E+16,4.98862E+16
97085,9,5,62,0,2018,10,15,5,3,9,1,0,0,1,0,0,0,0,0,6.39194E+20,5.49238E+21,1.09251E+16,4.9568E+16
97086,9,4,72,139,2018,10,12,4,3,1,6,0,0,1,0,0,0,0,1,6.92884E+20,5.55274E+21,1.16969E+16,5.00956E+16
97087,9,4,71,165,2018,10,10,4,3,8,6,0,0,1,0,0,1,0,1,6.27801E+20,5.53253E+21,1.07808E+16,4.99314E+16
97088,9,2,75,151,2018,10,12,6,3,2,2,0,0,0,0,1,0,1,0,8.24352E+20,5.39528E+21,1.34022E+16,4.86263E+16
97089,9,3,73,147,2018,10,5,5,3,8,1,2,0,1,0,0,0,0,1,6.77327E+20,5.46327E+21,1.1439E+16,4.92964E+16
97090,9,4,74,126,2018,10,11,4,3,5,3,0,0,1,0,0,0,0,1,6.48973E+20,5.50721E+21,1.10659E+16,4.9699E+16
97091,9,1,78,145,2018,10,18,6,3,4,2,1,0,1,0,0,0,0,0,7.00008E+20,5.35687E+21,1.16988E+16,4.83333E+16
97092,9,1,87,177,2018,10,20,5,3,0,1,2,1,0,0,0,0,0,0,7.35119E+20,5.30516E+21,1.21434E+16,4.78567E+16
97093,9,1,78,124,2018,10,16,5,3,2,7,0,1,1,0,0,0,0,0,7.02276E+20,5.36429E+21,1.17329E+16,4.83993E+16
97094,9,4,74,154,2018,10,17,4,3,8,1,0,0,1,0,0,0,0,1,6.52281E+20,5.4998E+21,1.11088E+16,4.96315E+16
97095,9,4,61,0,2018,10,8,4,3,2,6,0,0,1,0,0,0,0,0,6.37136E+20,5.52741E+21,1.0909E+16,4.98834E+16
97096,9,3,63,0,2018,10,7,4,2,6,4,2,0,1,1,0,0,0,1,7.26912E+20,5.50518E+21,1.21441E+16,4.96565E+16
97097,9,2,79,112,2018,10,12,6,3,1,6,0,0,1,0,0,0,0,0,7.53719E+20,5.39313E+21,1.24443E+16,4.86397E+16
97098,9,3,63,0,2018,10,7,4,3,6,2,2,0,1,1,0,0,0,1,7.27677E+20,5.50703E+21,1.21558E+16,4.96728E+16
97099,9,2,74,127,2018,10,12,6,2,5,3,0,0,1,0,0,0,0,0,7.36482E+20,5.39557E+21,1.22121E+16,4.86683E+16
97100,9,3,72,138,2018,10,11,5,3,1,6,0,0,1,0,0,0,0,1,7.95273E+20,5.45673E+21,1.30531E+16,4.91922E+16
97101,9,3,63,0,2018,10,6,4,3,2,6,2,0,1,0,0,0,0,1,7.30056E+20,5.50766E+21,1.21891E+16,4.96776E+16
97102,9,7,75,135,2018,10,6,5,3,5,3,2,0,1,0,1,0,0,1,5.74441E+20,5.36106E+21,1.00057E+16,4.83983E+16
97103,9,3,74,168,2018,10,13,4,3,5,3,0,0,1,0,0,0,0,1,7.28891E+20,5.5218E+21,1.21812E+16,4.9805E+16
97104,9,3,73,143,2018,10,22,4,3,2,1,2,0,1,0,0,0,1,1,7.00684E+20,5.4508E+21,1.17537E+16,4.91772E+16
97105,9,3,75,180,2018,10,16,4,3,8,1,0,0,1,0,0,0,0,1,7.23772E+20,5.43125E+21,1.20592E+16,4.89936E+16
97106,9,3,75,118,2018,10,18,4,2,4,1,2,0,1,0,0,0,0,1,7.0545E+20,5.44083E+21,1.18139E+16,4.9086E+16
97107,9,1,71,125,2018,10,16,6,3,3,6,0,0,1,0,0,0,0,0,7.76996E+20,5.35083E+21,1.27317E+16,4.825E+16
97108,9,3,76,116,2018,10,17,5,2,1,6,0,0,1,0,0,1,0,0,7.34832E+20,5.46456E+21,1.22296E+16,4.92886E+16
97109,9,3,72,153,2018,10,16,4,2,0,2,0,1,0,0,0,0,0,1,7.56514E+20,5.45535E+21,1.25213E+16,4.91972E+16
97110,9,7,72,147,2018,10,18,5,2,5,3,2,0,1,0,0,0,0,0,6.35993E+20,5.36443E+21,1.0838E+16,4.84183E+16
97111,9,6,74,129,2018,10,15,5,3,8,1,0,0,1,0,0,0,0,0,6.19657E+20,5.53826E+21,1.06691E+16,4.99847E+16
97112,9,3,73,147,2018,10,13,4,3,1,6,0,0,1,0,1,0,0,1,6.79719E+20,5.46253E+21,1.14716E+16,4.92891E+16
97113,9,3,76,150,2018,10,13,5,3,9,1,0,0,1,0,0,0,0,1,7.26894E+20,5.49475E+21,1.21378E+16,4.95628E+16
97114,9,3,76,117,2018,10,17,4,3,5,3,0,0,1,0,0,0,0,1,7.4018E+20,5.45933E+21,1.22999E+16,4.92396E+16
97115,9,7,79,131,2018,10,6,5,3,5,3,2,0,1,0,0,0,0,1,6.3375E+20,5.3965E+21,1.0818E+16,4.87072E+16
97116,9,6,75,117,2018,10,14,5,2,5,3,0,0,1,0,0,0,0,0,5.83011E+20,5.51654E+21,1.01534E+16,4.97956E+16
97117,9,3,71,113,2018,10,11,4,3,5,3,0,0,1,0,0,0,0,1,6.89797E+20,5.50762E+21,1.16317E+16,4.96912E+16
97118,9,3,71,122,2018,10,13,4,2,4,2,0,0,1,0,0,0,0,0,7.09397E+20,5.4844E+21,1.18907E+16,4.94761E+16
97119,9,3,61,0,2018,10,19,5,3,2,6,0,0,1,0,0,0,0,0,7.07742E+20,5.48062E+21,1.18659E+16,4.94427E+16
97120,9,2,75,126,2018,10,17,4,3,4,1,1,0,1,0,0,0,0,1,8.40034E+20,5.40068E+21,1.36188E+16,4.86664E+16
97121,9,1,87,142,2018,10,16,6,2,4,2,0,0,1,0,0,0,0,0,7.34057E+20,5.31266E+21,1.21333E+16,4.79245E+16
97122,9,3,71,122,2018,10,16,5,3,2,6,0,0,1,0,0,0,0,0,7.09381E+20,5.48443E+21,1.18905E+16,4.94763E+16
97123,9,4,72,118,2018,10,11,5,2,9,1,0,0,1,0,0,0,0,1,6.75139E+20,5.50607E+21,1.14279E+16,4.96817E+16
97124,9,2,77,138,2018,10,15,4,3,5,3,0,1,1,0,0,0,0,1,7.9146E+20,5.37168E+21,1.29405E+16,4.84307E+16
97125,9,6,63,0,2018,10,18,5,3,2,6,2,0,1,0,0,0,1,0,5.63662E+20,5.51756E+21,9.88478E+15,4.98071E+16
97126,9,6,71,160,2018,10,12,5,3,9,1,0,0,1,0,0,0,1,1,5.25543E+20,5.52594E+21,9.35557E+15,4.98853E+16
97127,9,2,77,138,2018,10,13,4,3,5,3,0,1,1,0,0,0,0,1,7.91658E+20,5.37145E+21,1.2943E+16,4.84285E+16
97128,9,2,75,128,2018,10,7,4,3,9,1,0,0,1,0,0,0,0,1,8.28843E+20,5.40561E+21,1.34712E+16,4.87167E+16
97129,9,2,76,111,2018,10,14,6,2,4,7,0,0,1,0,1,0,1,0,7.88981E+20,5.43224E+21,1.29494E+16,4.89754E+16
97130,9,2,71,151,2018,10,6,5,3,2,6,1,0,1,0,0,0,0,0,7.82589E+20,5.41221E+21,1.28484E+16,4.87986E+16
97131,9,2,72,120,2018,10,5,4,3,3,6,2,0,1,0,1,0,0,1,8.20707E+20,5.41887E+21,1.33713E+16,4.88398E+16
97132,9,3,76,116,2018,10,16,6,3,2,6,0,0,1,0,0,0,0,0,7.35744E+20,5.46422E+21,1.22419E+16,4.92852E+16
97133,9,2,71,116,2018,10,20,5,3,9,7,2,0,1,0,0,0,0,0,7.8403E+20,5.42545E+21,1.28772E+16,4.89168E+16
97134,9,2,72,146,2018,10,11,4,3,5,3,0,0,1,0,0,0,0,1,8.27115E+20,5.42259E+21,1.34613E+16,4.88699E+16
97135,9,1,85,125,2018,10,15,6,2,0,7,0,0,1,0,0,0,0,0,6.46948E+20,5.39612E+21,1.09972E+16,4.87008E+16
97136,9,1,89,139,2018,10,12,5,2,9,7,0,0,1,0,0,0,0,0,7.61052E+20,5.28563E+21,1.24777E+16,4.76713E+16
97137,9,2,77,128,2018,10,5,5,3,2,7,2,0,1,0,0,0,0,1,7.96779E+20,5.35169E+21,1.29981E+16,4.82488E+16
97138,9,1,61,0,2018,10,19,5,3,5,3,2,1,1,0,0,0,0,0,6.79133E+20,5.40136E+21,1.14365E+16,4.87395E+16
97139,9,2,72,118,2018,10,15,4,2,2,6,0,0,1,0,0,1,0,1,8.30828E+20,5.41635E+21,1.35067E+16,4.8812E+16
97140,9,5,72,121,2018,10,8,5,3,3,2,0,1,1,0,0,0,0,1,6.59499E+20,5.49451E+21,1.12066E+16,4.95821E+16
97141,9,2,77,141,2018,10,13,4,2,9,1,0,0,1,0,0,0,0,1,7.72648E+20,5.37157E+21,1.26866E+16,4.84382E+16
97142,9,5,77,161,2018,10,7,5,3,2,6,2,0,1,0,0,0,0,1,6.44487E+20,5.43904E+21,1.09789E+16,4.90873E+16
97143,9,2,77,124,2018,10,18,4,3,2,6,2,0,1,0,0,0,1,1,7.82338E+20,5.36968E+21,1.28161E+16,4.8417E+16
97144,9,2,72,120,2018,10,12,6,3,5,3,0,0,1,0,0,0,0,0,8.22394E+20,5.41362E+21,1.33901E+16,4.87919E+16
97145,9,2,72,120,2018,10,7,5,3,2,6,1,0,1,0,0,0,0,1,8.22006E+20,5.42327E+21,1.33924E+16,4.88786E+16
97146,9,2,74,111,2018,10,6,4,3,0,1,2,1,0,0,0,0,0,1,7.44186E+20,5.37991E+21,1.23074E+16,4.85248E+16
97147,9,1,62,0,2018,10,19,5,3,5,2,2,1,1,0,0,0,0,0,6.92163E+20,5.33931E+21,1.15851E+16,4.81779E+16
97148,9,1,61,0,2018,10,18,5,3,0,7,1,0,1,0,0,0,0,0,6.82001E+20,5.40557E+21,1.14773E+16,4.87765E+16
97149,9,2,72,127,2018,10,9,5,3,8,1,0,0,1,0,0,0,0,1,8.27241E+20,5.41969E+21,1.34607E+16,4.88438E+16
97150,9,1,75,124,2018,10,23,5,3,8,1,2,0,1,0,0,0,0,0,7.12909E+20,5.3261E+21,1.18572E+16,4.80526E+16
97151,9,2,61,0,2018,10,16,4,3,4,2,0,0,1,0,0,0,0,0,7.32138E+20,5.37998E+21,1.21445E+16,4.85299E+16
97152,9,2,61,0,2018,10,11,4,3,5,3,0,0,1,0,0,0,0,1,7.31792E+20,5.38123E+21,1.21405E+16,4.85413E+16
97153,9,1,62,0,2018,10,10,6,3,3,6,0,0,1,0,0,1,0,0,6.83333E+20,5.34254E+21,1.14678E+16,4.82096E+16
97154,9,1,72,111,2018,10,17,5,2,4,6,0,0,1,0,0,0,0,0,7.96921E+20,5.30324E+21,1.29665E+16,4.78139E+16
97155,9,2,79,132,2018,10,17,5,3,1,7,0,0,1,0,0,1,0,0,7.70289E+20,5.40013E+21,1.26734E+16,4.86956E+16
97156,9,1,74,115,2018,10,17,5,3,2,6,0,0,1,0,0,0,0,0,6.81274E+20,5.34711E+21,1.14421E+16,4.82513E+16
97157,9,2,74,126,2018,10,6,4,3,4,2,2,0,1,0,0,0,0,1,7.32467E+20,5.38444E+21,1.21514E+16,4.85699E+16
97158,9,2,79,115,2018,10,13,4,3,4,6,0,0,1,0,0,0,0,0,7.61244E+20,5.38342E+21,1.25402E+16,4.85494E+16
97159,9,2,79,112,2018,10,11,4,3,5,3,0,0,1,0,0,0,0,0,7.57061E+20,5.38887E+21,1.2487E+16,4.86001E+16
97160,9,2,74,132,2018,10,17,6,3,4,3,0,1,1,0,0,0,0,0,7.22901E+20,5.38624E+21,1.20229E+16,4.85895E+16
97161,9,2,74,156,2018,10,15,5,3,8,1,0,0,0,0,1,0,0,0,7.44786E+20,5.38869E+21,1.23206E+16,4.86033E+16
97162,9,1,89,155,2018,10,12,4,3,5,3,0,0,1,0,0,0,0,1,7.71527E+20,5.30791E+21,1.26309E+16,4.78671E+16
97163,9,7,77,151,2018,10,13,5,3,5,3,0,0,1,0,0,0,0,0,6.20977E+20,5.29328E+21,1.0615E+16,4.77815E+16
97164,9,1,72,131,2018,10,16,4,1,4,6,0,0,1,0,0,1,0,1,7.83601E+20,5.28783E+21,1.27789E+16,4.76815E+16
97165,9,1,72,128,2018,10,13,4,3,5,3,0,0,1,0,0,0,1,1,7.9224E+20,5.29728E+21,1.29001E+16,4.77626E+16
97166,9,1,71,114,2018,10,13,4,3,2,6,0,0,1,0,0,0,0,1,7.77685E+20,5.34696E+21,1.27384E+16,4.8215E+16
97167,9,1,71,111,2018,10,13,4,3,5,3,0,0,1,0,0,0,0,1,7.71538E+20,5.34998E+21,1.26578E+16,4.82448E+16
97168,9,1,73,147,2018,10,14,6,3,5,3,0,0,1,0,0,0,0,0,6.81424E+20,5.30802E+21,1.14275E+16,4.78998E+16
97169,9,2,79,122,2018,10,7,5,3,0,1,0,0,0,0,1,0,0,1,7.72484E+20,5.39757E+21,1.27014E+16,4.86716E+16
97170,9,1,82,125,2018,10,17,4,3,5,3,1,0,1,0,0,0,0,1,7.10946E+20,5.29611E+21,1.18162E+16,4.77838E+16
97171,9,7,73,136,2018,10,15,5,3,5,3,0,0,1,0,0,0,0,0,6.00929E+20,5.37772E+21,1.03675E+16,4.85445E+16
97172,9,6,75,165,2018,10,7,5,2,2,6,2,0,1,0,1,0,0,1,5.8977E+20,5.51717E+21,1.02475E+16,4.98003E+16
97173,9,1,61,0,2018,10,21,4,3,5,3,2,1,1,0,0,0,0,1,6.79106E+20,5.40508E+21,1.14378E+16,4.87729E+16
97174,9,3,74,148,2018,10,13,5,3,5,3,0,0,1,0,0,0,0,1,7.09171E+20,5.51636E+21,1.19046E+16,4.97633E+16
97175,9,1,61,0,2018,10,7,4,3,5,2,0,0,1,0,1,0,0,0,6.79494E+20,5.40338E+21,1.14423E+16,4.87575E+16
97176,9,1,90,131,2018,10,15,5,2,8,1,0,1,0,0,0,0,0,1,6.60669E+20,5.29346E+21,1.11446E+16,4.77745E+16
97177,9,1,85,149,2018,10,15,4,3,2,6,0,0,1,0,0,0,0,0,6.61314E+20,5.39838E+21,1.11932E+16,4.87176E+16
97178,9,1,87,130,2018,10,15,6,3,1,6,0,0,0,0,0,1,1,0,7.14555E+20,5.30893E+21,1.18707E+16,4.78978E+16
97179,9,1,80,117,2018,10,16,5,3,5,3,0,0,1,0,0,0,0,0,6.58278E+20,5.26292E+21,1.11016E+16,4.75005E+16
97180,9,1,61,0,2018,10,15,4,3,4,1,0,0,1,0,0,0,0,1,6.78557E+20,5.40642E+21,1.14309E+16,4.87851E+16
97181,9,1,86,158,2018,10,6,4,3,2,6,1,0,1,0,0,0,1,1,6.93278E+20,5.40521E+21,1.16305E+16,4.87698E+16
97182,9,1,71,135,2018,10,16,6,3,3,6,0,0,1,0,1,0,0,0,7.69998E+20,5.34295E+21,1.26326E+16,4.81824E+16
97183,9,1,76,123,2018,10,18,4,3,2,6,2,0,1,0,1,0,0,1,6.61157E+20,5.41659E+21,1.11982E+16,4.88813E+16
97184,9,7,71,130,2018,10,15,5,3,2,6,0,0,1,0,0,0,0,0,6.45559E+20,5.35772E+21,1.09649E+16,4.83559E+16
97185,9,6,72,114,2018,10,12,5,3,5,3,0,0,1,0,0,0,1,0,5.77246E+20,5.56052E+21,1.00822E+16,5.01918E+16
97186,9,1,76,114,2018,10,8,4,3,4,6,0,0,1,0,0,0,0,1,6.82172E+20,5.4296E+21,1.14904E+16,4.89924E+16
97187,9,1,88,145,2018,10,16,4,2,3,1,0,0,1,0,0,0,0,1,6.65768E+20,5.32839E+21,1.1226E+16,4.80872E+16
97188,9,3,76,147,2018,10,15,6,2,5,3,0,0,1,0,0,0,0,0,7.42096E+20,5.47057E+21,1.23329E+16,4.93398E+16
97189,9,1,62,0,2018,10,16,4,3,2,6,0,0,1,0,0,0,0,1,6.86368E+20,5.3333E+21,1.15045E+16,4.81256E+16
97190,9,1,81,146,2018,10,18,6,3,2,6,1,0,1,0,0,0,0,0,6.52323E+20,5.32659E+21,1.1045E+16,4.80744E+16
97191,9,1,89,119,2018,10,9,5,3,5,3,0,0,1,0,0,1,0,0,7.68407E+20,5.30848E+21,1.25896E+16,4.78735E+16
97192,9,1,79,123,2018,10,17,5,2,5,2,1,0,1,0,0,0,0,0,6.76632E+20,5.33405E+21,1.13741E+16,4.81352E+16
97193,9,1,81,146,2018,10,15,4,3,2,6,0,0,1,0,0,0,1,1,6.51626E+20,5.32641E+21,1.10356E+16,4.80729E+16
97194,9,5,71,194,2018,10,9,5,3,8,1,0,0,1,0,0,0,0,1,6.15454E+20,5.47368E+21,1.05915E+16,4.94048E+16
97195,9,1,88,137,2018,10,19,4,3,9,1,2,0,1,0,0,0,0,1,6.73361E+20,5.31518E+21,1.13226E+16,4.79664E+16
97196,9,1,81,133,2018,10,7,4,3,2,6,1,0,1,0,0,0,0,1,6.44342E+20,5.31517E+21,1.0934E+16,4.79736E+16