OBJECTID_1,ULAND,UREGBEZ,UKREIS,UGEMEINDE,UJAHR,UMONAT,USTUNDE,UWOCHENTAG,UKATEGORIE,UART,UTYP1,ULICHTVERH,IstRad,IstPKW,IstFuss,IstKrad,IstGkfz,IstSonstig,STRZUSTAND,LINREFX,LINREFY,XGCSWGS84,YGCSWGS84
97197,9,5,74,123,2018,10,8,5,3,2,6,0,0,1,0,0,1,0,1,6.62537E+20,5.4811E+21,1.1243E+16,4.94608E+16
97198,9,1,81,114,2018,10,7,4,3,8,7,0,0,1,0,0,0,0,1,6.54078E+20,5.31386E+21,1.10639E+16,4.79595E+16
97199,9,1,74,122,2018,10,10,4,3,5,3,0,0,1,0,0,0,0,0,6.83204E+20,5.35131E+21,1.14698E+16,4.82885E+16
97200,9,2,63,0,2018,10,13,6,3,5,3,0,1,1,0,0,0,0,0,7.61996E+20,5.42117E+21,1.25743E+16,4.88881E+16
97201,9,1,74,146,2018,10,10,4,3,5,3,0,0,1,0,0,0,0,0,6.65975E+20,5.35209E+21,1.12381E+16,4.83002E+16
97202,9,1,74,126,2018,10,15,6,2,5,3,0,0,1,0,1,0,0,0,6.83775E+20,5.34684E+21,1.14756E+16,4.82481E+16
97203,9,1,82,123,2018,10,7,5,3,3,6,1,0,1,0,0,0,1,0,7.17783E+20,5.30153E+21,1.19101E+16,4.78302E+16
97204,9,1,78,143,2018,10,7,5,3,9,6,0,0,1,0,0,0,0,0,7.20545E+20,5.37299E+21,1.1984E+16,4.84713E+16
97205,9,1,75,118,2018,10,4,4,2,2,6,2,0,1,0,0,0,0,1,7.16148E+20,5.34042E+21,1.19079E+16,4.81802E+16
97206,9,1,62,0,2018,10,16,4,3,2,6,0,0,1,0,0,0,0,1,6.96457E+20,5.33511E+21,1.16408E+16,4.81389E+16
97207,9,1,78,120,2018,10,5,4,3,3,6,2,0,1,0,0,1,0,0,6.94746E+20,5.35378E+21,1.16264E+16,4.83072E+16
97208,9,2,73,137,2018,10,5,6,3,5,3,2,1,1,0,0,0,0,0,7.12728E+20,5.42097E+21,1.19031E+16,4.89051E+16
97209,9,4,76,146,2018,10,7,5,3,5,3,0,0,1,0,0,0,1,0,6.62428E+20,5.56472E+21,1.12766E+16,5.02124E+16
97210,9,1,78,145,2018,10,15,4,3,1,6,0,0,1,0,0,0,0,1,6.97514E+20,5.35659E+21,1.1665E+16,4.83316E+16
97211,9,7,62,0,2018,10,14,5,3,5,3,0,0,1,0,0,0,1,0,6.20547E+20,5.30536E+21,1.06126E+16,4.78903E+16
97212,9,6,79,179,2018,10,9,5,3,8,7,0,0,1,0,0,0,0,1,5.70549E+20,5.48795E+21,9.97514E+15,4.95401E+16
97213,9,2,74,184,2018,10,15,6,3,6,4,0,0,0,1,1,0,0,0,7.48469E+20,5.37212E+21,1.23606E+16,4.84531E+16
97214,9,1,75,139,2018,10,18,4,3,2,6,2,0,1,0,0,0,0,1,7.11108E+20,5.32893E+21,1.18345E+16,4.80787E+16
97215,9,1,62,0,2018,10,9,5,3,0,1,0,0,0,0,1,0,0,1,6.99744E+20,5.33295E+21,1.1684E+16,4.81185E+16
97216,9,1,84,145,2018,10,8,4,3,4,2,0,0,1,0,0,0,0,1,6.98259E+20,5.32446E+21,1.16601E+16,4.80426E+16
97217,9,1,77,113,2018,10,16,4,3,5,3,0,0,1,0,0,0,0,1,7.20782E+20,5.35303E+21,1.19767E+16,4.82919E+16
97218,9,1,84,130,2018,10,11,3,3,2,6,0,0,1,0,0,0,0,0,6.99827E+20,5.34408E+21,1.16903E+16,4.82184E+16
97219,9,7,75,152,2018,10,7,3,3,6,4,0,0,1,1,0,0,0,0,5.81504E+20,5.352E+21,1.00994E+16,4.83159E+16
97220,9,1,73,134,2018,10,11,6,3,2,2,0,0,1,0,0,0,0,0,6.85885E+20,5.29934E+21,1.14834E+16,4.78206E+16
97221,9,7,74,117,2018,10,16,3,3,2,7,0,0,1,0,0,0,0,0,5.97856E+20,5.34306E+21,1.03178E+16,4.82332E+16
97222,9,7,72,141,2018,10,6,5,3,4,1,2,0,1,0,0,0,0,1,6.22608E+20,5.35061E+21,1.06532E+16,4.82968E+16
97223,9,6,73,142,2018,10,12,5,3,5,3,0,0,1,0,0,0,0,0,5.92104E+20,5.5865E+21,1.02966E+16,5.04233E+16
97224,9,7,80,140,2018,10,11,3,3,3,3,0,0,0,0,0,0,1,0,6.02709E+20,5.28237E+21,1.03686E+16,4.76866E+16
97225,9,3,62,0,2018,10,14,5,3,3,6,0,0,1,0,0,0,0,0,7.2757E+20,5.43441E+21,1.21128E+16,4.90206E+16
97226,9,3,72,177,2018,10,6,6,3,4,6,1,0,1,0,0,0,0,0,7.70555E+20,5.45258E+21,1.27118E+16,4.91663E+16
97227,9,6,61,0,2018,10,15,3,3,3,1,0,0,1,0,0,0,0,1,5.09127E+20,5.53641E+21,9.12731E+15,4.998E+16
97228,9,1,82,133,2018,10,10,1,2,2,6,0,0,1,0,0,0,0,1,7.07193E+20,5.30613E+21,1.1771E+16,4.78751E+16
97229,9,2,78,192,2018,10,10,3,2,2,2,0,0,1,0,0,0,0,0,7.74926E+20,5.41437E+21,1.27458E+16,4.88214E+16
97230,9,6,62,0,2018,10,6,7,3,5,3,2,0,1,0,0,0,0,1,5.88078E+20,5.54582E+21,1.02305E+16,5.00582E+16
97231,9,7,76,116,2018,10,12,2,3,0,1,0,1,0,0,0,0,0,0,5.53049E+20,5.26713E+21,9.70512E+15,4.75554E+16
97232,9,6,76,121,2018,10,10,7,3,2,1,0,0,1,0,0,0,0,1,5.17377E+20,5.51801E+21,9.24154E+15,4.98143E+16
97233,9,4,61,0,2018,10,3,1,2,5,3,2,0,1,0,0,0,0,1,6.37071E+20,5.53083E+21,1.09093E+16,4.99142E+16
97234,9,2,78,170,2018,10,15,2,3,5,3,0,0,0,0,0,1,1,0,7.63358E+20,5.42394E+21,1.25946E+16,4.89123E+16
97235,9,6,76,160,2018,10,13,7,3,5,3,0,0,1,0,1,0,0,0,5.11212E+20,5.52852E+21,9.15615E+15,4.9909E+16
97236,9,1,87,165,2018,10,7,2,3,8,1,0,0,1,0,0,0,0,1,7.31853E+20,5.29982E+21,1.20969E+16,4.78099E+16
97237,9,5,64,0,2018,10,17,7,3,2,6,1,0,1,0,0,1,0,0,6.57911E+20,5.47329E+21,1.11761E+16,4.93918E+16
97238,9,5,73,124,2018,10,10,3,3,2,6,0,0,1,0,0,0,0,0,6.32788E+20,5.48729E+21,1.08348E+16,4.95236E+16
97239,9,1,81,114,2018,10,20,1,3,5,3,2,0,1,0,0,0,0,1,6.57053E+20,5.31266E+21,1.11033E+16,4.79479E+16
97240,9,1,83,128,2018,10,6,3,2,3,6,0,0,0,0,1,0,1,0,7.6159E+20,5.34986E+21,1.25239E+16,4.82479E+16
97241,9,5,72,111,2018,10,19,7,3,5,3,2,0,1,0,0,0,0,0,6.38071E+20,5.50708E+21,1.09147E+16,4.97004E+16
97242,9,6,79,143,2018,10,21,2,3,8,1,2,0,1,0,0,0,0,1,5.71667E+20,5.53114E+21,9.99852E+15,4.99283E+16
97243,9,5,74,138,2018,10,9,7,2,0,7,0,0,0,0,1,0,0,1,6.6474E+20,5.4857E+21,1.12753E+16,4.95015E+16
97244,9,7,71,111,2018,10,6,2,3,2,6,2,0,1,0,0,0,1,1,6.58141E+20,5.35759E+21,1.11346E+16,4.83517E+16
97245,9,4,73,120,2018,10,18,7,3,9,1,1,0,1,0,0,0,0,0,6.43339E+20,5.57246E+21,1.10121E+16,5.02869E+16
97246,9,1,75,127,2018,10,16,2,3,5,3,1,1,1,0,0,0,0,0,7.12419E+20,5.34135E+21,1.18582E+16,4.81898E+16
97247,9,4,74,126,2018,10,17,6,3,0,1,0,1,0,0,0,0,0,0,6.47446E+20,5.51061E+21,1.1046E+16,4.97299E+16
97248,9,3,72,124,2018,10,13,1,3,8,1,0,0,1,0,0,0,0,2,7.83316E+20,5.46455E+21,1.28949E+16,4.9268E+16
97249,9,1,61,0,2018,10,17,2,3,5,3,2,1,1,0,0,0,0,1,6.79958E+20,5.4031E+21,1.14485E+16,4.87549E+16
97250,9,4,76,145,2018,10,20,7,2,4,6,2,0,1,0,0,0,0,0,6.65421E+20,5.56881E+21,1.13203E+16,5.02483E+16
97251,9,5,71,199,2018,10,16,3,2,5,2,0,0,1,0,0,0,0,1,5.85398E+20,5.45141E+21,1.01725E+16,4.92096E+16
97252,9,1,84,122,2018,10,10,7,3,3,2,0,1,1,0,0,0,0,1,6.87909E+20,5.32306E+21,1.15207E+16,4.80331E+16
97253,9,1,86,137,2018,10,18,3,3,0,7,2,1,0,0,0,0,1,0,6.82983E+20,5.39899E+21,1.14878E+16,4.8717E+16
97254,9,4,73,175,2018,10,12,7,2,4,1,0,0,1,0,0,0,0,0,6.3551E+20,5.56981E+21,1.09014E+16,5.02649E+16
97255,9,5,72,130,2018,10,17,2,3,2,6,2,0,1,0,0,0,1,0,6.39615E+20,5.50473E+21,1.09353E+16,4.96789E+16
97256,9,4,77,128,2018,10,14,7,3,5,3,0,1,1,0,0,0,0,0,6.75538E+20,5.55352E+21,1.1455E+16,5.01079E+16
97257,9,2,79,112,2018,10,13,1,3,8,1,0,0,1,0,0,0,0,0,7.56074E+20,5.39527E+21,1.24775E+16,4.86579E+16
97258,9,3,74,168,2018,10,21,3,3,7,7,2,0,1,0,0,0,0,0,7.2351E+20,5.52292E+21,1.21072E+16,4.9817E+16
97259,9,7,72,171,2018,10,12,7,3,2,6,0,0,1,0,0,0,0,1,6.37732E+20,5.37206E+21,1.0864E+16,4.84865E+16
97260,9,2,71,148,2018,10,0,1,3,6,7,2,0,1,0,0,0,1,0,7.98463E+20,5.41804E+21,1.30683E+16,4.88435E+16
97261,9,4,62,0,2018,10,11,3,3,0,3,0,0,1,0,0,0,1,0,6.83284E+20,5.53475E+21,1.15542E+16,4.9937E+16
97262,9,7,75,162,2018,10,6,7,2,8,1,2,0,1,0,0,1,0,1,5.82645E+20,5.34805E+21,1.0114E+16,4.82803E+16
97263,9,1,81,130,2018,10,6,3,3,5,3,0,0,1,0,0,0,0,0,6.41873E+20,5.32415E+21,1.0904E+16,4.80549E+16
97264,9,4,71,185,2018,10,14,7,3,9,1,0,0,1,0,0,0,0,0,6.43019E+20,5.53511E+21,1.09937E+16,4.99512E+16
97265,9,5,71,194,2018,10,10,2,3,8,1,0,0,1,0,0,0,0,1,6.15473E+20,5.4737E+21,1.05917E+16,4.9405E+16
97266,9,3,75,162,2018,10,14,7,3,9,7,0,0,1,0,0,0,0,0,7.13747E+20,5.43758E+21,1.19257E+16,4.9054E+16
97267,9,6,76,136,2018,10,9,3,2,8,1,0,0,1,0,0,0,0,1,5.17953E+20,5.52714E+21,9.24997E+15,4.98964E+16
97268,9,1,90,154,2018,10,20,1,3,9,1,2,0,1,0,0,0,0,1,6.41462E+20,5.285E+21,1.08856E+16,4.77029E+16
97269,9,3,71,113,2018,10,20,3,3,2,6,2,0,1,0,0,0,0,1,6.87913E+20,5.50853E+21,1.1606E+16,4.97E+16
97270,9,7,61,0,2018,10,14,7,3,2,1,0,0,1,0,0,0,0,0,6.41466E+20,5.35841E+21,1.09099E+16,4.8363E+16
97271,9,7,75,152,2018,10,13,2,3,2,6,0,0,1,0,0,0,0,1,5.77988E+20,5.35218E+21,1.0052E+16,4.8318E+16
97272,9,3,76,151,2018,10,10,7,2,3,6,0,0,1,0,0,0,0,1,7.47671E+20,5.48326E+21,1.24174E+16,4.94514E+16
97273,9,4,64,0,2018,10,2,1,3,5,3,2,0,1,0,0,0,0,0,7.07187E+20,5.57794E+21,1.19104E+16,5.03171E+16
97274,9,1,78,124,2018,10,9,3,2,5,2,0,0,1,0,0,0,0,0,7.03009E+20,5.36387E+21,1.17426E+16,4.83952E+16
97275,9,3,76,147,2018,10,11,7,2,5,3,0,0,1,0,0,0,0,1,7.44156E+20,5.47091E+21,1.23615E+16,4.9342E+16
97276,9,4,71,195,2018,10,5,2,2,5,3,2,0,1,0,0,0,0,0,6.45639E+20,5.52623E+21,1.10268E+16,4.98708E+16
97277,9,3,71,121,2018,10,15,7,2,4,2,0,0,1,0,0,0,0,0,7.0871E+20,5.49583E+21,1.18873E+16,4.9579E+16
97278,9,1,88,139,2018,10,16,2,2,9,1,1,0,1,0,0,0,0,1,6.79587E+20,5.32043E+21,1.14081E+16,4.80119E+16
97279,9,3,75,210,2018,10,8,7,3,3,6,0,0,1,0,0,1,0,0,7.53152E+20,5.43135E+21,1.24602E+16,4.89831E+16
97280,9,5,76,143,2018,10,15,3,3,5,3,0,0,1,0,0,0,0,1,6.51941E+20,5.45751E+21,1.10879E+16,4.92515E+16
97281,9,4,74,161,2018,10,22,6,2,4,7,2,0,1,0,0,0,0,0,6.60123E+20,5.5133E+21,1.12229E+16,4.97509E+16
97282,9,1,86,162,2018,10,16,1,3,3,1,1,0,1,0,0,0,0,1,6.95895E+20,5.38739E+21,1.16576E+16,4.86089E+16
97283,9,2,62,0,2018,10,14,3,3,5,3,0,0,1,0,0,0,0,0,8.28759E+20,5.38965E+21,1.34574E+16,4.85735E+16
97284,9,6,71,156,2018,10,10,7,2,3,1,0,0,1,0,0,0,0,1,5.20676E+20,5.53559E+21,9.28834E+15,4.99723E+16
97285,9,7,73,164,2018,10,8,2,2,8,1,0,0,1,0,0,0,0,1,6.24583E+20,5.38782E+21,1.06909E+16,4.8631E+16
97286,9,2,71,151,2018,10,15,7,3,4,3,0,0,1,0,0,0,0,1,7.78165E+20,5.41276E+21,1.27887E+16,4.88055E+16
97287,9,1,84,130,2018,10,6,1,3,8,1,1,0,1,0,0,0,0,1,7.00886E+20,5.34827E+21,1.17065E+16,4.82557E+16
97288,9,4,74,121,2018,10,17,6,2,5,3,1,0,1,0,0,0,0,0,6.55482E+20,5.51439E+21,1.11589E+16,4.97619E+16
97289,9,3,74,128,2018,10,16,1,3,4,6,1,0,1,0,0,0,1,1,7.25741E+20,5.51795E+21,1.21353E+16,4.97716E+16
97290,9,2,62,0,2018,10,20,7,3,9,2,2,0,1,0,0,0,0,1,8.2861E+20,5.39005E+21,1.34557E+16,4.85772E+16
97291,9,1,87,121,2018,10,20,2,3,8,1,2,0,1,0,0,0,0,1,7.51548E+20,5.31042E+21,1.23657E+16,4.78977E+16
97292,9,2,75,133,2018,10,19,7,3,4,1,2,0,1,0,0,0,0,1,8.25409E+20,5.38535E+21,1.34088E+16,4.85367E+16
97293,9,5,75,165,2018,10,5,3,3,8,1,2,0,1,0,0,0,0,0,6.06759E+20,5.49689E+21,1.04779E+16,4.96151E+16
97294,9,1,78,113,2018,10,14,1,2,2,2,0,0,1,0,0,0,0,1,6.91695E+20,5.36729E+21,1.15915E+16,4.84296E+16
97295,9,3,73,112,2018,10,14,2,3,4,6,0,0,1,0,0,0,0,0,6.82513E+20,5.44251E+21,1.15008E+16,4.91083E+16
97296,9,1,86,152,2018,10,19,2,3,2,6,2,0,1,0,0,0,0,1,6.91474E+20,5.37529E+21,1.15922E+16,4.85016E+16
97297,9,2,62,0,2018,10,16,7,3,8,1,0,0,1,0,0,0,0,1,8.26845E+20,5.39009E+21,1.34319E+16,4.85785E+16
97298,9,1,89,119,2018,10,14,2,3,5,3,0,0,1,0,0,0,0,0,7.64875E+20,5.30582E+21,1.25409E+16,4.78511E+16
97299,9,2,75,144,2018,10,17,7,3,8,1,0,0,1,0,0,0,0,1,8.26269E+20,5.399E+21,1.34311E+16,4.86587E+16
97300,9,5,64,0,2018,10,19,3,3,5,3,2,0,1,0,0,0,0,1,6.47673E+20,5.4742E+21,1.10355E+16,4.94026E+16
97301,9,1,76,165,2018,10,9,1,3,9,1,0,0,1,0,0,0,0,1,6.67424E+20,5.42369E+21,1.12865E+16,4.89434E+16
97302,9,1,72,128,2018,10,0,3,3,2,6,2,0,1,0,0,0,1,1,7.93081E+20,5.29772E+21,1.29116E+16,4.77661E+16
97303,9,2,75,128,2018,10,0,7,3,5,3,2,0,1,0,0,0,0,0,8.31841E+20,5.4039E+21,1.35105E+16,4.86998E+16
97304,9,7,72,167,2018,10,11,2,2,5,3,0,1,0,0,0,0,1,1,6.24357E+20,5.35354E+21,1.06776E+16,4.83228E+16
97305,9,2,73,115,2018,10,19,7,3,9,1,2,0,0,0,0,0,1,1,7.06945E+20,5.39152E+21,1.18094E+16,4.86425E+16
97306,9,7,75,149,2018,10,13,1,3,4,6,0,0,1,0,0,0,0,1,5.91007E+20,5.34737E+21,1.02265E+16,4.8273E+16
97307,9,3,76,116,2018,10,20,1,3,9,1,2,0,1,0,0,0,0,1,7.37242E+20,5.46405E+21,1.22624E+16,4.92831E+16
97308,9,1,76,155,2018,10,11,2,2,5,3,0,0,1,0,0,0,0,0,6.61063E+20,5.41993E+21,1.11982E+16,4.89114E+16
97309,9,2,73,172,2018,10,13,7,3,9,1,0,0,1,0,0,0,0,1,7.08466E+20,5.40475E+21,1.18367E+16,4.87609E+16
97310,9,4,64,0,2018,10,20,3,3,1,6,2,0,1,0,0,0,0,1,7.06656E+20,5.57812E+21,1.1903E+16,5.03189E+16
97311,9,1,62,0,2018,10,14,7,3,0,6,0,0,0,0,0,0,1,1,6.883E+20,5.3402E+21,1.15335E+16,4.81871E+16
97312,9,1,76,114,2018,10,17,3,3,0,7,1,0,1,0,1,0,0,1,6.85034E+20,5.43027E+21,1.15298E+16,4.89976E+16
97313,9,2,74,121,2018,10,21,7,2,4,6,2,0,1,0,0,0,0,1,7.28828E+20,5.37004E+21,1.20943E+16,4.84419E+16
97314,9,5,76,142,2018,10,16,2,3,5,3,0,1,1,0,0,0,0,0,6.43478E+20,5.46628E+21,1.09748E+16,4.93324E+16
97315,9,1,87,122,2018,10,10,3,3,5,3,0,0,1,0,0,0,0,0,7.22014E+20,5.30691E+21,1.19693E+16,4.78771E+16
97316,9,2,74,113,2018,10,8,7,3,4,2,0,0,1,0,0,0,0,1,7.28396E+20,5.38393E+21,1.2096E+16,4.85668E+16
97317,9,6,62,0,2018,10,17,2,3,3,2,1,1,1,0,0,0,0,0,5.86798E+20,5.54468E+21,1.02124E+16,5.00481E+16
97318,9,2,73,137,2018,10,14,7,2,4,1,0,0,1,0,0,0,0,1,7.08902E+20,5.41987E+21,1.18504E+16,4.88965E+16
97319,9,2,77,118,2018,10,20,1,2,4,6,2,0,1,0,0,0,0,1,8.05146E+20,5.35721E+21,1.31145E+16,4.82944E+16
97320,9,4,74,126,2018,10,7,3,3,0,2,0,1,1,0,0,0,0,0,6.49627E+20,5.50917E+21,1.10757E+16,4.97164E+16
97321,9,7,80,133,2018,10,6,7,3,6,6,2,1,0,1,0,0,0,0,5.95587E+20,5.25318E+21,1.02674E+16,4.7425E+16
97322,9,1,84,129,2018,10,13,3,3,8,7,0,0,0,0,0,1,0,0,7.00228E+20,5.32505E+21,1.16867E+16,4.80473E+16
97323,9,1,80,119,2018,10,15,7,3,2,1,0,0,1,0,0,0,0,1,6.72286E+20,5.28363E+21,1.12956E+16,4.76831E+16
97324,9,7,75,118,2018,10,9,1,3,5,3,0,0,1,0,0,0,0,2,5.91279E+20,5.34398E+21,1.02294E+16,4.82425E+16
97325,9,1,62,0,2018,10,9,2,2,0,6,0,0,1,0,0,1,0,1,6.8388E+20,5.34257E+21,1.14752E+16,4.82097E+16
97326,9,5,75,157,2018,10,12,2,3,8,1,0,0,1,0,0,0,0,0,6.05758E+20,5.51097E+21,1.04679E+16,4.97419E+16
97327,9,1,90,138,2018,10,10,7,2,4,1,0,0,1,0,0,0,0,1,6.63409E+20,5.30816E+21,1.11867E+16,4.7906E+16
97328,9,2,75,135,2018,10,10,2,3,5,3,0,0,1,0,0,0,0,0,8.21379E+20,5.4013E+21,1.33667E+16,4.86819E+16
97329,9,6,71,150,2018,10,15,3,3,8,1,0,0,1,0,0,0,0,1,5.21474E+20,5.54409E+21,9.29994E+15,5.00487E+16
97330,9,1,72,117,2018,10,16,1,3,8,1,0,0,1,0,0,0,0,1,7.9824E+20,5.28172E+21,1.29693E+16,4.76201E+16
97331,9,1,80,132,2018,10,17,7,3,6,6,0,1,0,1,0,0,0,0,6.64815E+20,5.28328E+21,1.1196E+16,4.76819E+16
97332,9,6,72,135,2018,10,7,3,3,8,1,0,0,1,0,0,0,0,1,5.84461E+20,5.56554E+21,1.01843E+16,5.0236E+16
97333,9,2,74,126,2018,10,10,1,3,5,3,0,0,1,0,0,0,0,1,7.33296E+20,5.38371E+21,1.21622E+16,4.8563E+16
97334,9,3,75,190,2018,10,13,3,3,5,3,0,0,1,0,0,0,0,0,7.27279E+20,5.44495E+21,1.21148E+16,4.91154E+16
97335,9,7,71,146,2018,10,13,7,3,2,6,0,0,1,0,0,0,0,1,6.46784E+20,5.34869E+21,1.09783E+16,4.82744E+16
97336,9,1,77,133,2018,10,6,3,3,2,6,2,0,1,0,0,1,0,0,7.13283E+20,5.35454E+21,1.18765E+16,4.83081E+16
97337,9,1,80,117,2018,10,3,7,3,9,1,2,0,1,0,0,0,0,0,6.56366E+20,5.26172E+21,1.10759E+16,4.74901E+16
97338,9,7,75,111,2018,10,9,1,3,8,1,0,0,1,0,0,0,0,2,5.83176E+20,5.33321E+21,1.01182E+16,4.81467E+16
97339,9,5,71,170,2018,10,19,1,3,9,1,2,0,1,0,0,0,0,1,6.07448E+20,5.4422E+21,1.04727E+16,4.91232E+16
97340,9,3,75,175,2018,10,11,2,3,0,6,0,0,1,0,0,0,0,0,7.15828E+20,5.43478E+21,1.19526E+16,4.90281E+16
97341,9,1,73,124,2018,10,0,7,3,9,1,2,0,1,0,0,0,0,0,6.92951E+20,5.29221E+21,1.15745E+16,4.77544E+16
97342,9,1,90,157,2018,10,14,2,3,2,2,0,1,1,0,0,0,0,0,6.60497E+20,5.30077E+21,1.1145E+16,4.78402E+16
97343,9,1,87,118,2018,10,19,7,3,0,1,2,0,1,0,0,0,0,1,7.5199E+20,5.30131E+21,1.23663E+16,4.78158E+16
97344,9,5,64,0,2018,10,14,3,3,6,2,0,0,0,1,0,1,0,1,6.49774E+20,5.47707E+21,1.10655E+16,4.94279E+16
97345,9,3,74,147,2018,10,21,6,3,8,1,2,0,1,0,0,0,0,0,7.49724E+20,5.50368E+21,1.24587E+16,4.96339E+16
97346,9,1,85,127,2018,10,3,1,2,9,1,2,0,1,0,0,0,0,1,6.53882E+20,5.38884E+21,1.10886E+16,4.86337E+16
97347,9,2,73,147,2018,10,3,3,3,7,7,2,0,1,0,0,1,0,1,6.99527E+20,5.39048E+21,1.17083E+16,4.86355E+16
97348,9,1,83,135,2018,10,14,7,3,4,6,0,0,1,0,0,0,0,1,7.44871E+20,5.35125E+21,1.22999E+16,4.8267E+16
97349,9,7,74,143,2018,10,21,1,3,4,6,2,0,1,0,0,0,0,1,5.92728E+20,5.35766E+21,1.0252E+16,4.83653E+16
97350,9,7,71,130,2018,10,20,2,3,9,1,2,0,0,0,0,0,1,1,6.48135E+20,5.36276E+21,1.10014E+16,4.84006E+16
97351,9,1,83,127,2018,10,18,7,3,8,1,2,0,1,0,0,0,0,1,7.57744E+20,5.34977E+21,1.24722E+16,4.82487E+16
97352,9,3,71,122,2018,10,11,3,3,5,3,0,0,1,0,0,0,0,0,7.16065E+20,5.48522E+21,1.19831E+16,4.94811E+16
97353,9,6,78,150,2018,10,21,7,2,8,1,2,0,1,0,0,0,0,1,5.89713E+20,5.5274E+21,1.0249E+16,4.98923E+16
97354,9,7,77,175,2018,10,22,2,2,9,7,2,0,1,0,0,0,0,1,6.14069E+20,5.29229E+21,1.05225E+16,4.77739E+16
97355,9,1,83,135,2018,10,14,7,3,2,6,0,0,1,0,0,0,0,1,7.45371E+20,5.35121E+21,1.23066E+16,4.82665E+16
97356,9,7,63,0,2018,10,5,1,3,8,1,2,0,1,0,0,0,0,1,5.99281E+20,5.29154E+21,1.0325E+16,4.77696E+16
97357,9,4,71,120,2018,10,21,1,3,9,1,2,0,1,0,0,0,0,0,6.25423E+20,5.52532E+21,1.07453E+16,4.98672E+16
97358,9,3,61,0,2018,10,9,2,3,0,1,0,1,0,0,0,0,0,1,7.08178E+20,5.47981E+21,1.18715E+16,4.94353E+16
97359,9,1,83,134,2018,10,15,7,3,4,1,0,0,1,0,0,0,0,1,7.61969E+20,5.33963E+21,1.25227E+16,4.81559E+16
97360,9,1,89,157,2018,10,22,2,3,7,1,2,0,1,0,0,0,0,1,7.69307E+20,5.32963E+21,1.26149E+16,4.8063E+16
97361,9,1,89,162,2018,10,16,7,3,8,1,0,0,1,0,0,0,0,1,7.78918E+20,5.31711E+21,1.27355E+16,4.79465E+16
97362,9,5,73,114,2018,10,7,3,3,5,3,0,0,1,0,1,0,0,0,6.34546E+20,5.48018E+21,1.08567E+16,4.94594E+16
97363,9,1,81,130,2018,10,1,1,3,8,1,2,0,1,0,0,0,0,1,6.4196E+20,5.32214E+21,1.09045E+16,4.80367E+16
97364,9,1,89,145,2018,10,14,3,3,9,1,0,0,1,0,0,0,0,0,7.73738E+20,5.30271E+21,1.26571E+16,4.78194E+16
97365,9,1,76,118,2018,10,14,7,3,9,1,0,0,1,0,0,0,0,1,6.67561E+20,5.40976E+21,1.12827E+16,4.88183E+16
97366,9,7,80,125,2018,10,22,1,3,4,1,2,0,1,0,0,0,0,1,6.00188E+20,5.29146E+21,1.03371E+16,4.77687E+16
97367,9,6,79,156,2018,10,18,2,3,5,3,2,1,1,0,0,0,0,0,5.75906E+20,5.52278E+21,1.00559E+16,4.98526E+16
97368,9,1,85,125,2018,10,10,7,3,8,1,0,0,1,0,0,0,0,1,6.49699E+20,5.39653E+21,1.10347E+16,4.87038E+16
97369,9,7,77,151,2018,10,16,1,2,9,1,0,0,1,0,0,0,0,1,6.14935E+20,5.29213E+21,1.05341E+16,4.77723E+16
97370,9,2,76,138,2018,10,12,1,3,8,1,0,0,1,0,0,0,0,1,8.02426E+20,5.43188E+21,1.31324E+16,4.89658E+16
97371,9,1,76,123,2018,10,15,7,3,9,1,0,0,1,0,0,0,0,1,6.59328E+20,5.41659E+21,1.11733E+16,4.88818E+16
97372,9,4,76,185,2018,10,14,3,2,0,7,0,1,0,0,0,0,0,1,6.6537E+20,5.56529E+21,1.1318E+16,5.02167E+16
97373,9,3,73,153,2018,10,6,1,2,8,1,1,0,1,0,0,0,0,1,6.81587E+20,5.46544E+21,1.14985E+16,4.93146E+16
97374,9,1,61,0,2018,10,22,2,3,5,3,2,0,1,0,1,0,0,0,6.79325E+20,5.40092E+21,1.14389E+16,4.87355E+16
97375,9,1,76,114,2018,10,2,7,3,9,1,2,0,1,0,0,0,0,0,6.79976E+20,5.43707E+21,1.14637E+16,4.90602E+16
97376,9,5,71,177,2018,10,7,3,3,8,7,0,0,0,0,0,0,1,1,6.25545E+20,5.44979E+21,1.0723E+16,4.91881E+16
97377,9,1,62,0,2018,10,17,7,3,2,6,0,0,1,0,0,0,0,1,6.89288E+20,5.33181E+21,1.15431E+16,4.81114E+16
97378,9,1,87,130,2018,10,5,3,3,7,1,2,1,0,0,0,0,0,0,7.10165E+20,5.31143E+21,1.18133E+16,4.79217E+16
97379,9,7,71,129,2018,10,7,7,3,3,6,0,0,1,0,0,0,0,1,6.60075E+20,5.35595E+21,1.116E+16,4.83365E+16
97380,9,7,77,141,2018,10,20,1,2,9,1,2,0,1,0,0,0,0,1,6.29271E+20,5.30853E+21,1.07302E+16,4.79171E+16
97381,9,5,76,122,2018,10,22,2,3,8,1,2,0,0,0,0,0,1,1,6.73065E+20,5.43268E+21,1.13673E+16,4.90227E+16