OBJECTID_1,ULAND,UREGBEZ,UKREIS,UGEMEINDE,UJAHR,UMONAT,USTUNDE,UWOCHENTAG,UKATEGORIE,UART,UTYP1,ULICHTVERH,IstRad,IstPKW,IstFuss,IstKrad,IstGkfz,IstSonstig,STRZUSTAND,LINREFX,LINREFY,XGCSWGS84,YGCSWGS84
97567,9,4,61,0,2018,11,9,5,3,2,6,0,0,1,0,0,0,0,0,6.36553E+20,5.5272E+21,1.09008E+16,4.98816E+16
97568,9,3,73,155,2018,11,5,2,3,4,6,2,1,0,0,1,0,0,0,6.70316E+20,5.4617E+21,1.1342E+16,4.92843E+16
97569,9,2,71,153,2018,11,17,5,3,2,6,2,0,1,0,0,0,0,0,8.00013E+20,5.40449E+21,1.30795E+16,4.87212E+16
97570,9,7,61,0,2018,11,5,1,3,8,1,2,0,1,0,0,0,0,0,6.42353E+20,5.35937E+21,1.09222E+16,4.83715E+16
97571,9,7,61,0,2018,11,9,5,3,2,6,0,0,1,0,0,0,0,0,6.41232E+20,5.36093E+21,1.09076E+16,4.83857E+16
97572,9,1,81,130,2018,11,17,1,3,2,6,2,0,1,0,0,0,0,0,6.40749E+20,5.32452E+21,1.0889E+16,4.80584E+16
97573,9,7,71,130,2018,11,11,2,3,8,1,0,0,0,0,1,0,0,0,6.45099E+20,5.35841E+21,1.09589E+16,4.83621E+16
97574,9,2,75,145,2018,11,13,5,3,0,7,0,0,1,0,0,0,1,0,8.23429E+20,5.37662E+21,1.33753E+16,4.84595E+16
97575,9,5,64,0,2018,11,6,2,3,4,2,2,1,1,0,0,0,0,0,6.52216E+20,5.48131E+21,1.11008E+16,4.94654E+16
97576,9,1,82,116,2018,11,15,1,3,8,1,0,0,1,0,0,0,0,0,7.07943E+20,5.292E+21,1.17742E+16,4.77478E+16
97577,9,2,62,0,2018,11,10,5,3,0,1,0,0,0,0,1,0,0,0,8.25652E+20,5.38958E+21,1.34154E+16,4.85745E+16
97578,9,5,62,0,2018,11,17,2,3,4,2,2,0,1,0,0,0,0,0,6.44055E+20,5.48951E+21,1.09912E+16,4.9541E+16
97579,9,2,63,0,2018,11,23,7,3,0,2,2,0,1,0,0,0,1,0,7.61268E+20,5.42049E+21,1.25639E+16,4.88822E+16
97580,9,1,76,111,2018,11,10,7,1,4,6,0,0,1,0,0,0,1,0,6.63272E+20,5.41319E+21,1.12257E+16,4.88502E+16
97581,9,1,80,114,2018,11,14,5,2,4,6,0,0,1,0,0,0,0,0,6.63579E+20,5.27286E+21,1.11757E+16,4.75886E+16
97582,9,2,73,166,2018,11,11,2,3,2,5,0,0,1,0,0,0,0,0,7.14507E+20,5.42011E+21,1.19269E+16,4.88968E+16
97583,9,1,80,112,2018,11,15,5,3,2,2,0,0,1,0,0,0,0,0,6.56607E+20,5.28126E+21,1.1086E+16,4.76658E+16
97584,9,6,61,0,2018,11,12,1,3,6,4,0,0,1,1,0,0,0,0,5.11765E+20,5.53766E+21,9.16413E+15,4.99912E+16
97585,9,1,90,148,2018,11,22,5,2,4,2,2,0,1,0,0,0,0,0,6.41115E+20,5.29881E+21,1.08855E+16,4.78272E+16
97586,9,7,75,135,2018,11,18,7,3,4,6,2,0,1,0,0,0,0,0,5.78005E+20,5.35801E+21,1.00533E+16,4.83705E+16
97587,9,6,77,126,2018,11,13,2,3,2,6,0,0,1,0,0,0,0,0,5.38374E+20,5.52241E+21,9.53383E+15,4.98529E+16
97588,9,1,73,112,2018,11,4,5,1,9,1,2,0,1,0,0,0,0,0,6.90875E+20,5.29637E+21,1.15487E+16,4.77924E+16
97589,9,5,71,166,2018,11,13,2,3,0,6,0,0,1,0,0,0,0,0,6.11841E+20,5.45445E+21,1.05363E+16,4.92326E+16
97590,9,1,62,0,2018,11,15,6,3,6,7,0,0,1,1,0,0,0,0,7.00533E+20,5.3327E+21,1.16944E+16,4.8116E+16
97591,9,1,89,111,2018,11,11,5,2,4,2,0,0,1,0,1,0,0,0,7.58661E+20,5.32241E+21,1.24679E+16,4.80026E+16
97592,9,1,82,119,2018,11,1,2,3,6,6,2,0,1,1,0,0,0,0,7.12077E+20,5.29324E+21,1.18299E+16,4.77576E+16
97593,9,1,80,124,2018,11,1,6,2,8,1,2,0,1,0,0,0,0,0,6.62095E+20,5.28193E+21,1.11593E+16,4.76704E+16
97594,9,1,62,0,2018,11,10,6,3,1,6,0,0,1,0,1,0,0,0,6.92072E+20,5.34051E+21,1.15844E+16,4.81887E+16
97595,9,1,71,112,2018,11,12,5,2,9,1,0,0,0,0,1,0,0,0,7.82556E+20,5.33982E+21,1.27991E+16,4.81488E+16
97596,9,1,83,128,2018,11,7,2,3,1,2,0,1,1,0,0,0,0,0,7.6191E+20,5.34888E+21,1.25276E+16,4.8239E+16
97597,9,2,75,146,2018,11,6,6,1,4,6,0,0,1,0,0,1,0,0,8.2985E+20,5.39556E+21,1.34768E+16,4.8626E+16
97598,9,1,61,0,2018,11,14,5,3,5,2,0,0,1,0,0,0,0,0,6.76089E+20,5.40505E+21,1.13967E+16,4.87735E+16
97599,9,5,71,227,2018,11,4,1,3,8,1,2,0,1,0,0,0,0,0,6.08195E+20,5.4352E+21,1.0481E+16,4.90601E+16
97600,9,1,78,120,2018,11,10,5,3,8,1,0,0,1,0,0,0,0,0,6.92904E+20,5.35369E+21,1.16016E+16,4.8307E+16
97601,9,1,77,133,2018,11,22,5,1,4,6,2,0,1,0,0,0,0,0,7.11305E+20,5.36016E+21,1.18527E+16,4.83592E+16
97602,9,7,61,0,2018,10,21,3,3,9,7,2,0,1,0,0,0,0,0,6.39868E+20,5.35332E+21,1.08867E+16,4.83176E+16
97603,9,7,71,130,2018,11,17,7,3,1,6,2,0,1,0,0,0,0,0,6.45568E+20,5.35772E+21,1.0965E+16,4.83559E+16
97604,9,1,62,0,2018,10,17,4,3,2,6,1,0,1,0,0,0,0,0,6.92062E+20,5.34147E+21,1.15847E+16,4.81974E+16
97605,9,4,76,159,2018,11,17,2,2,8,1,2,0,0,0,1,0,0,0,6.82119E+20,5.58377E+21,1.15615E+16,5.03777E+16
97606,9,1,62,0,2018,10,20,4,3,3,2,1,1,1,0,0,0,0,0,6.84791E+20,5.33539E+21,1.14843E+16,4.81449E+16
97607,9,1,74,115,2018,11,15,2,3,0,3,0,1,1,0,0,0,0,0,6.83255E+20,5.34958E+21,1.14698E+16,4.82729E+16
97608,9,6,77,151,2018,11,5,6,3,9,1,2,0,1,0,0,0,0,1,5.38131E+20,5.51357E+21,9.52958E+15,4.97734E+16
97609,9,1,87,165,2018,11,6,6,3,5,2,0,1,1,0,0,0,0,0,7.32799E+20,5.29462E+21,1.21068E+16,4.77629E+16
97610,9,6,79,179,2018,10,8,3,2,8,1,0,0,0,0,1,0,0,1,5.70736E+20,5.48879E+21,9.97786E+15,4.95476E+16
97611,9,2,71,125,2018,11,17,1,3,5,3,1,0,1,0,0,0,0,0,7.97247E+20,5.4153E+21,1.30498E+16,4.88195E+16
97612,9,7,75,139,2018,10,18,4,3,2,6,2,0,1,0,0,0,0,0,5.78517E+20,5.36731E+21,1.00619E+16,4.8454E+16
97613,9,7,75,143,2018,10,17,4,2,5,3,2,0,1,0,1,0,0,0,5.85984E+20,5.35638E+21,1.01607E+16,4.83547E+16
97614,9,4,61,0,2018,11,12,7,3,2,6,0,0,1,0,0,0,0,0,6.36246E+20,5.52681E+21,1.08964E+16,4.98781E+16
97615,9,1,89,142,2018,11,16,7,2,4,1,0,0,1,0,0,0,0,0,7.54288E+20,5.33475E+21,1.24167E+16,4.81152E+16
97616,9,7,75,134,2018,10,16,4,3,3,6,0,0,1,0,0,1,0,0,5.81596E+20,5.3632E+21,1.01028E+16,4.84167E+16
97617,9,3,75,180,2018,11,12,1,3,5,3,0,0,1,0,0,0,0,0,7.24228E+20,5.42929E+21,1.20643E+16,4.89758E+16
97618,9,7,63,0,2018,11,14,6,2,0,7,0,1,0,0,0,0,0,0,5.9909E+20,5.28765E+21,1.03216E+16,4.77346E+16
97619,9,7,78,158,2018,10,10,4,3,5,3,0,0,1,0,0,0,0,0,6.09339E+20,5.33778E+21,1.0471E+16,4.81839E+16
97620,9,7,78,144,2018,10,8,4,3,5,3,0,0,1,0,0,0,0,0,5.93251E+20,5.30416E+21,1.02473E+16,4.7884E+16
97621,9,4,75,184,2018,11,18,7,3,4,6,2,0,1,0,0,0,0,0,7.01873E+20,5.5635E+21,1.18281E+16,5.01893E+16
97622,9,7,75,129,2018,10,21,4,3,8,1,2,1,0,0,0,0,0,0,5.81906E+20,5.34223E+21,1.01029E+16,4.8228E+16
97623,9,4,61,0,2018,11,14,2,3,4,6,0,0,1,0,0,0,0,0,6.37595E+20,5.52759E+21,1.09154E+16,4.98849E+16
97624,9,7,74,121,2018,10,8,4,3,5,2,0,0,1,0,0,0,0,0,6.02179E+20,5.36551E+21,1.03814E+16,4.84344E+16
97625,9,1,78,150,2018,11,16,2,3,2,6,0,0,1,0,0,0,0,0,6.91378E+20,5.37104E+21,1.15889E+16,4.84633E+16
97626,9,6,72,127,2018,11,12,6,3,2,6,0,0,1,0,0,0,0,0,5.6265E+20,5.55502E+21,9.87681E+15,5.01441E+16
97627,9,1,75,111,2018,11,18,6,2,8,1,2,0,1,0,0,0,0,1,7.11423E+20,5.33785E+21,1.18431E+16,4.81587E+16
97628,9,1,83,143,2018,11,12,1,2,9,1,0,0,1,0,0,0,0,1,7.53087E+20,5.36093E+21,1.24163E+16,4.83508E+16
97629,9,7,78,203,2018,10,18,4,3,5,3,2,0,1,0,0,0,0,0,6.20634E+20,5.32185E+21,1.06184E+16,4.80386E+16
97630,9,7,63,0,2018,10,17,4,3,1,6,2,0,1,0,0,0,0,0,5.98403E+20,5.28475E+21,1.03118E+16,4.77087E+16
97631,9,6,72,114,2018,11,7,2,3,2,2,0,0,1,0,0,0,0,0,5.76874E+20,5.56013E+21,1.00769E+16,5.01884E+16
97632,9,3,62,0,2018,11,10,7,3,2,7,0,0,1,0,0,0,0,0,7.26555E+20,5.43761E+21,1.21007E+16,4.90496E+16
97633,9,1,87,117,2018,11,9,7,3,5,3,0,0,1,0,0,0,0,0,7.25373E+20,5.30248E+21,1.20119E+16,4.78362E+16
97634,9,7,76,117,2018,10,14,4,3,1,2,0,1,0,0,1,0,0,0,5.66602E+20,5.27242E+21,9.88604E+15,4.76018E+16
97635,9,2,75,145,2018,11,12,2,3,2,6,0,0,1,0,0,1,0,0,8.23541E+20,5.37533E+21,1.33758E+16,4.84478E+16
97636,9,7,77,130,2018,10,1,4,2,8,7,2,0,0,0,0,0,1,0,6.23539E+20,5.30706E+21,1.06531E+16,4.7905E+16
97637,9,6,79,131,2018,11,7,1,2,8,7,0,0,1,0,0,0,0,0,5.794E+20,5.50219E+21,1.01003E+16,4.9667E+16
97638,9,7,80,132,2018,10,16,4,2,1,1,0,0,1,0,0,0,1,0,5.7465E+20,5.2649E+21,9.99182E+15,4.75333E+16
97639,9,3,75,161,2018,11,18,2,3,1,6,2,0,1,0,0,0,0,0,7.34423E+20,5.42569E+21,1.22014E+16,4.89396E+16
97640,9,7,79,149,2018,10,15,4,3,4,6,0,0,0,0,0,1,1,0,6.3786E+20,5.39525E+21,1.08734E+16,4.86951E+16
97641,9,1,62,0,2018,11,12,1,3,5,2,0,0,1,0,1,0,0,0,6.92105E+20,5.34002E+21,1.15846E+16,4.81843E+16
97642,9,1,62,0,2018,11,8,5,2,4,2,0,0,1,0,1,0,0,0,6.93555E+20,5.33951E+21,1.16039E+16,4.81794E+16
97643,9,1,85,127,2018,11,12,1,3,9,1,0,0,1,0,0,0,0,1,6.52903E+20,5.38941E+21,1.10756E+16,4.8639E+16
97644,9,7,72,171,2018,10,6,4,3,2,6,2,0,1,0,0,0,0,0,6.37669E+20,5.37168E+21,1.0863E+16,4.84831E+16
97645,9,5,72,137,2018,11,9,2,2,5,3,0,0,1,0,0,0,0,0,6.54842E+20,5.49501E+21,1.11424E+16,4.95878E+16
97646,9,2,73,147,2018,11,23,7,3,8,7,2,0,1,0,0,0,0,1,7.07955E+20,5.38967E+21,1.18222E+16,4.86255E+16
97647,9,1,75,122,2018,11,14,7,3,5,3,0,0,1,0,0,0,0,0,7.23149E+20,5.32322E+21,1.19929E+16,4.80233E+16
97648,9,7,71,142,2018,10,18,4,3,2,6,1,0,1,0,0,0,0,0,6.45776E+20,5.35087E+21,1.09655E+16,4.82942E+16
97649,9,1,90,132,2018,11,13,2,3,5,3,0,1,0,0,0,0,0,0,6.75088E+20,5.29381E+21,1.1337E+16,4.77738E+16
97650,9,6,73,116,2018,11,13,6,3,3,2,0,0,1,0,0,1,0,0,5.87075E+20,5.58181E+21,1.02247E+16,5.03819E+16
97651,9,7,74,162,2018,11,6,6,3,4,6,0,0,0,0,0,1,1,0,6.05942E+20,5.34914E+21,1.04282E+16,4.82866E+16
97652,9,7,72,125,2018,10,11,4,3,5,3,0,0,1,0,0,0,0,0,6.36744E+20,5.34647E+21,1.08423E+16,4.82566E+16
97653,9,5,74,123,2018,11,15,1,3,5,3,0,0,1,0,0,0,0,0,6.61755E+20,5.47069E+21,1.1228E+16,4.93674E+16
97654,9,4,71,220,2018,10,12,4,3,2,6,0,0,1,0,0,0,0,0,6.16821E+20,5.51197E+21,1.06217E+16,4.97488E+16
97655,9,6,63,0,2018,10,19,4,3,2,6,2,0,1,0,0,0,0,0,5.65861E+20,5.51179E+21,9.91436E+15,4.97549E+16
97656,9,7,75,129,2018,11,16,7,2,5,3,0,0,1,0,1,0,0,0,5.81926E+20,5.34173E+21,1.0103E+16,4.82235E+16
97657,9,6,74,147,2018,11,16,2,3,2,6,0,1,0,0,1,0,0,0,6.10294E+20,5.54383E+21,1.05402E+16,5.00366E+16
97658,9,6,79,138,2018,10,5,4,2,5,3,2,0,1,0,1,0,0,0,5.68384E+20,5.49939E+21,9.94721E+15,4.96431E+16
97659,9,1,77,133,2018,11,13,1,3,8,1,0,0,1,0,0,0,0,0,7.09705E+20,5.35849E+21,1.18303E+16,4.83447E+16
97660,9,7,61,0,2018,11,15,2,3,6,4,0,1,0,1,0,0,0,0,6.44015E+20,5.35758E+21,1.0944E+16,4.8355E+16
97661,9,6,77,148,2018,10,5,4,2,8,1,2,0,1,0,0,0,0,0,5.46106E+20,5.53881E+21,9.64334E+15,4.99998E+16
97662,9,5,73,125,2018,11,12,2,3,3,6,0,0,1,0,0,0,0,0,6.38954E+20,5.47117E+21,1.09143E+16,4.93774E+16
97663,9,1,62,0,2018,11,12,6,3,1,5,0,1,1,0,0,0,0,0,6.86382E+20,5.3318E+21,1.15041E+16,4.81122E+16
97664,9,6,75,150,2018,10,13,4,3,8,1,0,0,1,0,0,0,0,0,5.83315E+20,5.49689E+21,1.01534E+16,4.96188E+16
97665,9,1,89,162,2018,11,12,2,3,2,6,0,0,1,0,0,0,0,0,7.79189E+20,5.31546E+21,1.2738E+16,4.79316E+16
97666,9,2,75,122,2018,11,13,6,3,1,2,0,0,1,0,0,0,0,0,8.19458E+20,5.38381E+21,1.33272E+16,4.85259E+16
97667,9,6,72,140,2018,11,11,6,3,2,6,0,0,1,1,0,0,0,0,5.81304E+20,5.55275E+21,1.01373E+16,5.01214E+16
97668,9,6,73,142,2018,10,18,4,3,5,3,2,0,1,0,0,0,0,0,5.92792E+20,5.58793E+21,1.03066E+16,5.0436E+16
97669,9,4,79,136,2018,11,16,1,2,8,7,1,0,1,0,0,0,0,0,7.2234E+20,5.54769E+21,1.21052E+16,5.004E+16
97670,9,6,73,149,2018,10,23,4,2,8,1,2,0,1,0,0,0,0,1,5.78579E+20,5.58624E+21,1.01062E+16,5.0423E+16
97671,9,6,72,114,2018,10,8,4,3,2,6,0,0,1,0,0,1,0,0,5.78383E+20,5.5621E+21,1.00984E+16,5.02059E+16
97672,9,6,77,155,2018,10,15,3,3,5,3,0,0,1,0,0,0,0,1,5.41521E+20,5.53731E+21,9.57921E+15,4.99866E+16
97673,9,6,74,133,2018,11,17,7,3,1,6,1,0,1,0,0,0,0,0,6.23772E+20,5.53413E+21,1.07252E+16,4.99467E+16
97674,9,6,61,0,2018,10,5,4,3,6,2,2,0,1,1,0,0,0,0,5.11569E+20,5.53537E+21,9.16133E+15,4.99706E+16
97675,9,4,72,177,2018,11,14,2,2,1,1,0,0,0,0,0,1,0,0,6.77963E+20,5.50404E+21,1.14661E+16,4.96626E+16
97676,9,6,71,130,2018,11,17,6,3,5,3,2,0,1,0,1,0,0,0,5.1394E+20,5.53873E+21,9.19451E+15,5.00007E+16
97677,9,5,65,0,2018,10,18,4,3,1,7,2,0,1,0,1,0,0,0,6.47501E+20,5.46577E+21,1.103E+16,4.93268E+16
97678,9,1,62,0,2018,11,8,2,3,3,6,0,0,1,0,0,1,0,0,6.96599E+20,5.34308E+21,1.16464E+16,4.82105E+16
97679,9,5,62,0,2018,10,4,4,3,9,1,2,0,1,0,0,0,0,1,6.43359E+20,5.49417E+21,1.09833E+16,4.95831E+16
97680,9,5,61,0,2018,11,8,2,3,2,6,0,0,1,0,0,0,0,0,6.1735E+20,5.46366E+21,1.06146E+16,4.93144E+16
97681,9,5,72,121,2018,10,22,4,3,5,3,2,0,1,0,0,0,0,0,6.59252E+20,5.4938E+21,1.12029E+16,4.95758E+16
97682,9,1,62,0,2018,11,15,2,3,2,6,0,0,1,0,0,0,0,0,6.79108E+20,5.33725E+21,1.14087E+16,4.81633E+16
97683,9,1,72,116,2018,11,17,6,2,6,4,2,0,1,1,0,0,0,1,8.00564E+20,5.28245E+21,1.30007E+16,4.76256E+16
97684,9,6,61,0,2018,11,8,6,3,0,7,1,0,0,0,1,0,0,1,5.07832E+20,5.53494E+21,9.1092E+15,4.99667E+16
97685,9,5,76,132,2018,10,6,4,3,8,1,0,0,1,0,0,0,0,2,6.52783E+20,5.46294E+21,1.11016E+16,4.93001E+16
97686,9,3,62,0,2018,11,6,1,3,4,6,2,0,1,0,0,0,1,0,7.31272E+20,5.43346E+21,1.21628E+16,4.90107E+16
97687,9,5,74,157,2018,10,8,4,3,1,3,0,0,1,0,0,0,1,1,6.66239E+20,5.46777E+21,1.12885E+16,4.934E+16
97688,9,5,64,0,2018,10,18,4,3,2,7,2,0,1,0,0,0,0,0,6.52186E+20,5.47752E+21,1.10989E+16,4.94313E+16
97689,9,4,73,120,2018,11,12,7,3,0,7,0,1,0,0,0,0,0,0,6.42528E+20,5.57198E+21,1.10006E+16,5.02828E+16
97690,9,5,64,0,2018,10,12,4,3,2,6,0,0,1,0,0,0,1,0,6.52395E+20,5.48233E+21,1.11037E+16,4.94745E+16
97691,9,3,77,129,2018,11,10,2,3,8,1,0,0,1,0,0,0,0,0,7.10078E+20,5.52779E+21,1.19234E+16,4.98656E+16
97692,9,5,64,0,2018,11,5,6,3,5,3,1,0,1,0,0,1,0,0,6.53597E+20,5.47328E+21,1.11167E+16,4.93929E+16
97693,9,5,64,0,2018,10,7,4,2,6,2,0,0,1,1,0,0,0,0,6.53775E+20,5.47886E+21,1.11213E+16,4.94429E+16
97694,9,1,78,130,2018,11,6,2,3,2,1,0,0,1,0,0,0,1,1,7.02294E+20,5.35688E+21,1.17296E+16,4.83327E+16
97695,9,1,75,115,2018,11,14,6,2,4,1,0,0,1,0,0,1,0,0,7.20988E+20,5.32961E+21,1.19673E+16,4.80814E+16
97696,9,5,64,0,2018,11,10,6,3,4,2,0,0,1,0,0,0,0,0,6.53509E+20,5.47308E+21,1.11154E+16,4.9391E+16
97697,9,1,82,120,2018,11,3,1,1,4,6,2,0,1,0,0,0,0,0,7.03159E+20,5.30943E+21,1.17186E+16,4.7906E+16
97698,9,5,64,0,2018,10,14,4,3,5,3,0,1,1,0,0,0,0,0,6.46665E+20,5.47595E+21,1.10223E+16,4.94185E+16
97699,9,5,63,0,2018,11,17,2,3,3,6,2,0,1,0,0,1,0,0,6.46078E+20,5.48175E+21,1.10163E+16,4.94708E+16
97700,9,1,61,0,2018,11,17,6,3,2,6,2,0,1,0,0,0,0,0,6.81005E+20,5.40508E+21,1.14636E+16,4.87723E+16
97701,9,1,72,112,2018,11,18,1,3,2,6,2,0,1,0,0,0,0,0,7.89731E+20,5.30013E+21,1.28686E+16,4.77892E+16
97702,9,5,64,0,2018,10,7,4,3,2,6,0,0,1,0,0,0,0,0,6.48022E+20,5.47152E+21,1.10393E+16,4.93783E+16
97703,9,5,71,216,2018,10,14,4,3,5,3,0,0,1,0,0,0,0,1,6.20526E+20,5.45147E+21,1.06546E+16,4.92042E+16
97704,9,4,71,207,2018,11,13,7,3,1,5,0,0,1,0,0,0,0,0,6.27724E+20,5.53163E+21,1.07794E+16,4.99234E+16
97705,9,1,89,155,2018,11,3,7,3,5,3,2,0,1,0,0,0,0,1,7.71579E+20,5.30641E+21,1.26307E+16,4.78536E+16
97706,9,5,77,177,2018,10,12,4,2,3,3,0,0,1,0,1,0,0,0,6.44879E+20,5.43199E+21,1.09818E+16,4.90238E+16
97707,9,3,73,159,2018,11,17,2,2,5,3,2,0,1,0,0,0,1,0,6.78709E+20,5.4551E+21,1.14544E+16,4.92226E+16
97708,9,5,77,173,2018,11,12,6,2,2,6,0,0,1,0,0,0,0,0,6.38544E+20,5.42701E+21,1.08935E+16,4.89804E+16
97709,9,5,77,173,2018,10,19,4,3,2,6,2,0,1,0,0,0,0,0,6.37015E+20,5.42721E+21,1.08727E+16,4.89826E+16
97710,9,7,77,121,2018,11,3,1,3,9,1,2,0,1,0,0,0,0,0,6.29083E+20,5.32177E+21,1.07317E+16,4.80361E+16
97711,9,7,72,217,2018,11,1,5,3,8,1,2,0,1,0,0,0,0,0,6.36397E+20,5.38041E+21,1.08487E+16,4.85619E+16
97712,9,1,86,162,2018,11,1,1,2,8,1,2,0,1,0,0,0,0,0,6.92392E+20,5.38716E+21,1.16101E+16,4.86079E+16
97713,9,5,71,145,2018,10,7,4,3,9,1,0,0,1,0,0,0,0,2,5.92326E+20,5.44471E+21,1.02661E+16,4.91483E+16
97714,9,5,64,0,2018,11,12,2,3,9,1,0,0,1,1,0,0,0,0,6.4763E+20,5.47455E+21,1.1035E+16,4.94057E+16
97715,9,1,80,126,2018,11,14,7,3,4,7,0,0,1,0,0,0,0,0,6.60667E+20,5.26896E+21,1.11356E+16,4.75541E+16
97716,9,1,62,0,2018,11,17,6,3,0,3,2,1,1,0,0,0,0,1,6.94825E+20,5.33206E+21,1.16175E+16,4.8112E+16
97717,9,5,71,136,2018,10,5,4,3,4,6,2,0,1,0,0,0,0,0,5.89549E+20,5.43876E+21,1.02267E+16,4.90952E+16
97718,9,1,89,157,2018,11,22,2,3,5,3,2,0,1,0,0,0,0,0,7.67187E+20,5.32806E+21,1.25855E+16,4.80498E+16
97719,9,2,78,118,2018,11,8,7,3,2,6,0,0,1,0,0,0,0,0,7.70311E+20,5.42674E+21,1.26912E+16,4.89345E+16
97720,9,1,85,149,2018,11,12,7,3,5,3,0,0,1,0,0,0,0,0,6.61309E+20,5.39838E+21,1.11931E+16,4.87176E+16
97721,9,5,71,177,2018,10,5,4,3,9,1,1,0,1,0,0,0,0,1,6.21851E+20,5.4516E+21,1.06728E+16,4.92051E+16
97722,9,2,74,156,2018,11,0,2,3,0,1,2,1,0,0,0,0,0,0,7.42555E+20,5.38948E+21,1.22909E+16,4.86114E+16
97723,9,5,71,177,2018,11,9,6,3,5,3,0,0,1,0,0,0,0,0,6.24984E+20,5.44941E+21,1.07152E+16,4.91847E+16
97724,9,4,75,171,2018,10,5,4,3,9,1,2,0,1,0,0,0,0,2,6.94011E+20,5.57777E+21,1.17254E+16,5.032E+16
97725,9,6,62,0,2018,11,12,1,3,5,3,0,1,1,0,0,0,0,0,5.85914E+20,5.54496E+21,1.02001E+16,5.00507E+16
97726,9,4,75,113,2018,10,8,4,3,8,1,0,0,1,0,0,0,0,2,7.00097E+20,5.58707E+21,1.18158E+16,5.04015E+16
97727,9,1,62,0,2018,11,11,7,3,2,6,0,0,1,0,0,0,0,0,6.92152E+20,5.34238E+21,1.15863E+16,4.82055E+16
97728,9,6,79,138,2018,11,17,2,3,2,6,2,0,1,0,0,0,0,0,5.68383E+20,5.49914E+21,9.94715E+15,4.96409E+16
97729,9,4,75,154,2018,10,7,4,3,9,1,0,0,1,0,0,0,0,2,6.92497E+20,5.5625E+21,1.16964E+16,5.01834E+16
97730,9,5,71,223,2018,11,12,2,3,2,6,0,0,1,0,0,0,0,0,6.08275E+20,5.44673E+21,1.04852E+16,4.91638E+16
97731,9,1,62,0,2018,11,15,6,3,0,7,0,0,0,0,1,0,0,0,6.81797E+20,5.33538E+21,1.14441E+16,4.81456E+16
97732,9,4,75,168,2018,10,22,4,3,0,1,2,0,1,0,0,0,1,1,7.05534E+20,5.56651E+21,1.1881E+16,5.0215E+16
97733,9,1,72,112,2018,11,15,2,3,5,3,0,0,1,0,0,0,0,0,7.89689E+20,5.30452E+21,1.2871E+16,4.78288E+16
97734,9,1,90,142,2018,11,10,6,3,2,7,0,0,0,0,1,1,0,0,6.59132E+20,5.29727E+21,1.11255E+16,4.78091E+16
97735,9,5,71,183,2018,11,7,6,3,2,6,0,0,1,0,0,0,0,0,6.0188E+20,5.47512E+21,1.04048E+16,4.94202E+16
97736,9,4,75,168,2018,10,18,4,3,9,7,2,0,1,0,0,0,0,0,7.09098E+20,5.56804E+21,1.19317E+16,5.02275E+16
97737,9,3,74,129,2018,11,18,1,3,5,3,2,0,1,0,0,0,0,0,6.9152E+20,5.51704E+21,1.16601E+16,4.97752E+16
97738,9,4,76,152,2018,10,6,4,2,9,1,1,0,1,0,0,0,0,2,6.66397E+20,5.59081E+21,1.13437E+16,5.04457E+16
97739,9,5,74,155,2018,10,11,4,3,3,6,0,0,1,0,0,0,1,0,6.74235E+20,5.49962E+21,1.14125E+16,4.9624E+16
97740,9,4,73,132,2018,11,8,6,3,5,3,0,0,1,0,0,0,0,0,6.38118E+20,5.55859E+21,1.09338E+16,5.01634E+16
97741,9,4,77,136,2018,10,17,4,3,5,2,2,0,1,0,0,0,0,0,6.70672E+20,5.55291E+21,1.13867E+16,5.01039E+16
97742,9,5,71,180,2018,11,18,1,3,5,3,2,0,1,0,1,0,0,0,6.32112E+20,5.4606E+21,1.08166E+16,4.92839E+16
97743,9,4,77,159,2018,10,7,4,3,2,6,0,0,1,0,0,0,0,0,6.80776E+20,5.55641E+21,1.15295E+16,5.01324E+16
97744,9,4,71,145,2018,10,18,4,3,2,6,2,0,1,0,0,0,0,0,6.44665E+20,5.52013E+21,1.1011E+16,4.98162E+16
97745,9,7,72,147,2018,11,18,7,3,2,6,2,0,1,0,0,0,0,0,6.36E+20,5.36442E+21,1.08381E+16,4.84183E+16
97746,9,3,63,0,2018,10,14,4,3,4,2,0,0,1,0,0,0,0,0,7.27733E+20,5.50544E+21,1.21556E+16,4.96584E+16
97747,9,4,79,152,2018,11,20,2,3,8,7,2,0,1,0,0,0,0,0,7.24551E+20,5.56725E+21,1.21476E+16,5.02147E+16
97748,9,4,78,111,2018,11,23,6,3,5,3,2,0,1,0,0,1,0,0,6.60376E+20,5.55575E+21,1.12441E+16,5.01323E+16
97749,9,3,75,190,2018,10,14,4,2,2,1,0,0,1,0,1,0,0,0,7.26761E+20,5.44952E+21,1.21102E+16,4.91566E+16
97750,9,1,79,145,2018,11,15,2,2,0,1,0,0,0,0,0,0,1,0,6.7622E+20,5.33894E+21,1.13706E+16,4.81793E+16
97751,9,1,72,128,2018,11,9,6,3,2,6,0,0,1,0,0,0,0,0,7.92591E+20,5.29598E+21,1.29039E+16,4.77508E+16
97752,9,4,76,171,2018,11,17,6,3,5,3,1,0,1,0,0,0,0,0,6.58551E+20,5.56472E+21,1.12223E+16,5.02134E+16