OBJECTID_1,ULAND,UREGBEZ,UKREIS,UGEMEINDE,UJAHR,UMONAT,USTUNDE,UWOCHENTAG,UKATEGORIE,UART,UTYP1,ULICHTVERH,IstRad,IstPKW,IstFuss,IstKrad,IstGkfz,IstSonstig,STRZUSTAND,LINREFX,LINREFY,XGCSWGS84,YGCSWGS84
97939,9,1,82,119,2018,11,9,7,3,2,6,0,0,1,0,0,0,1,0,7.11905E+20,5.2935E+21,1.18277E+16,4.776E+16
97940,9,2,73,125,2018,11,12,5,3,0,7,0,1,0,0,0,0,0,0,7.17498E+20,5.41709E+21,1.1966E+16,4.88686E+16
97941,9,6,78,193,2018,11,22,7,2,0,1,2,0,0,0,1,0,0,1,5.78982E+20,5.53755E+21,1.01017E+16,4.9985E+16
97942,9,3,73,147,2018,11,6,4,3,2,6,2,0,1,0,0,0,0,0,6.80099E+20,5.45931E+21,1.14753E+16,4.926E+16
97943,9,7,71,122,2018,11,8,5,3,8,1,0,0,1,0,0,0,0,1,6.48375E+20,5.35947E+21,1.10035E+16,4.83709E+16
97944,9,3,73,147,2018,11,22,4,3,5,3,2,0,1,0,0,0,0,0,6.8018E+20,5.46312E+21,1.14782E+16,4.92943E+16
97945,9,1,89,145,2018,11,7,7,3,2,6,0,0,1,0,0,0,0,1,7.73598E+20,5.30272E+21,1.26553E+16,4.78196E+16
97946,9,3,76,147,2018,11,7,5,3,5,3,1,0,1,0,0,0,0,1,7.47267E+20,5.46958E+21,1.24034E+16,4.93288E+16
97947,9,7,80,139,2018,11,19,7,3,5,2,2,0,1,0,1,0,0,0,5.97798E+20,5.26264E+21,1.02988E+16,4.75098E+16
97948,9,3,76,116,2018,11,17,4,3,2,6,2,0,1,0,0,1,0,0,7.38261E+20,5.46328E+21,1.22759E+16,4.92758E+16
97949,9,5,64,0,2018,11,15,6,3,2,7,0,0,1,0,0,0,0,0,6.47695E+20,5.4757E+21,1.10364E+16,4.9416E+16
97950,9,1,75,139,2018,11,11,5,3,5,3,0,0,1,0,0,0,1,0,7.09693E+20,5.3294E+21,1.18157E+16,4.80834E+16
97951,9,3,71,127,2018,11,5,4,2,2,6,2,0,1,0,0,1,0,1,7.15077E+20,5.49205E+21,1.19732E+16,4.95428E+16
97952,9,1,61,0,2018,11,18,6,3,2,6,2,0,1,0,0,0,0,0,6.8071E+20,5.40408E+21,1.14591E+16,4.87635E+16
97953,9,2,76,127,2018,11,20,4,3,8,1,2,0,0,0,1,0,0,0,8.09774E+20,5.42585E+21,1.3228E+16,4.8908E+16
97954,9,6,78,160,2018,11,7,5,3,3,6,0,0,1,0,0,0,0,1,5.85408E+20,5.54544E+21,1.01931E+16,5.00551E+16
97955,9,2,75,154,2018,11,14,4,3,8,1,0,0,0,0,0,1,0,0,8.08798E+20,5.39336E+21,1.31903E+16,4.8617E+16
97956,9,1,88,120,2018,11,13,5,3,0,7,0,1,0,0,0,0,0,0,6.77175E+20,5.3266E+21,1.13783E+16,4.8068E+16
97957,9,1,81,123,2018,11,12,7,3,3,6,0,0,1,0,0,0,0,0,6.54996E+20,5.3265E+21,1.10808E+16,4.80729E+16
97958,9,1,75,132,2018,11,8,5,3,5,3,0,0,1,0,0,0,0,0,7.05874E+20,5.33471E+21,1.17671E+16,4.81323E+16
97959,9,5,64,0,2018,11,17,7,3,2,6,2,0,1,0,0,0,0,0,6.53027E+20,5.47593E+21,1.11099E+16,4.94168E+16
97960,9,2,62,0,2018,11,17,4,3,2,6,1,0,1,0,0,0,0,0,8.27879E+20,5.38971E+21,1.34456E+16,4.85746E+16
97961,9,4,73,112,2018,11,13,6,3,9,1,0,0,1,0,0,0,0,0,6.37334E+20,5.56626E+21,1.09256E+16,5.02326E+16
97962,9,2,75,124,2018,11,8,4,3,5,3,0,0,1,0,0,0,0,0,8.10492E+20,5.38051E+21,1.32036E+16,4.85009E+16
97963,9,2,61,0,2018,11,14,4,3,4,2,0,1,1,0,0,0,0,0,7.32332E+20,5.38263E+21,1.21486E+16,4.85537E+16
97964,9,2,61,0,2018,11,9,4,3,1,6,0,0,1,0,1,0,0,0,7.31605E+20,5.38153E+21,1.21381E+16,4.85441E+16
97965,9,1,82,120,2018,11,17,5,3,5,3,2,1,1,0,0,0,0,0,7.01908E+20,5.30635E+21,1.17005E+16,4.78787E+16
97966,9,5,71,198,2018,11,13,6,3,5,3,0,0,1,0,0,0,0,0,5.92993E+20,5.45993E+21,1.02787E+16,4.92851E+16
97967,9,2,73,152,2018,11,21,4,3,9,1,2,0,1,0,0,0,0,1,7.00605E+20,5.41082E+21,1.17328E+16,4.8818E+16
97968,9,1,78,122,2018,11,19,6,3,8,1,2,0,1,0,0,0,0,0,7.06599E+20,5.38514E+21,1.18016E+16,4.85853E+16
97969,9,2,73,111,2018,11,5,4,3,5,2,2,1,1,0,0,0,0,0,7.08557E+20,5.41127E+21,1.18413E+16,4.88193E+16
97970,9,4,79,129,2018,11,13,7,3,2,6,0,0,1,0,0,0,0,0,7.12046E+20,5.55875E+21,1.19678E+16,5.0143E+16
97971,9,5,76,137,2018,11,15,5,3,2,6,0,0,1,0,0,0,0,0,6.49259E+20,5.4646E+21,1.10537E+16,4.93159E+16
97972,9,1,90,138,2018,11,7,4,3,5,3,0,0,1,0,0,0,0,0,6.61005E+20,5.31052E+21,1.11554E+16,4.79278E+16
97973,9,1,79,138,2018,11,12,5,3,8,1,0,0,0,0,0,1,0,1,6.53327E+20,5.33579E+21,1.10618E+16,4.81568E+16
97974,9,1,62,0,2018,11,18,6,3,2,6,2,1,1,0,0,0,0,0,6.82866E+20,5.33528E+21,1.14584E+16,4.81445E+16
97975,9,1,73,135,2018,11,15,4,3,2,6,0,0,1,0,0,0,0,0,6.9418E+20,5.2818E+21,1.15863E+16,4.76604E+16
97976,9,3,72,116,2018,11,12,6,2,4,2,0,0,1,0,0,0,0,0,7.70268E+20,5.46212E+21,1.27142E+16,4.92521E+16
97977,9,1,72,111,2018,11,17,4,2,5,3,2,0,1,0,0,0,0,0,7.96691E+20,5.30279E+21,1.29631E+16,4.781E+16
97978,9,1,83,148,2018,11,8,4,3,5,3,0,0,1,0,0,0,0,0,7.53953E+20,5.34552E+21,1.24187E+16,4.8212E+16
97979,9,1,63,0,2018,11,22,4,3,2,6,2,0,1,0,0,0,0,0,7.3463E+20,5.30374E+21,1.21361E+16,4.78442E+16
97980,9,7,74,160,2018,11,6,5,3,5,3,2,1,1,0,0,0,0,0,6.07373E+20,5.35302E+21,1.04484E+16,4.83212E+16
97981,9,1,82,133,2018,11,8,4,3,2,6,0,0,1,0,0,0,0,0,7.03358E+20,5.30614E+21,1.17198E+16,4.78764E+16
97982,9,3,76,161,2018,11,14,7,3,2,6,0,0,1,0,0,0,0,0,7.26928E+20,5.47006E+21,1.21242E+16,4.9341E+16
97983,9,4,62,0,2018,11,17,5,2,5,3,2,0,0,0,1,0,1,0,6.84372E+20,5.53526E+21,1.15696E+16,4.99413E+16
97984,9,1,81,115,2018,11,2,1,3,2,6,2,0,1,0,0,0,0,0,6.57404E+20,5.32703E+21,1.11133E+16,4.80771E+16
97985,9,1,87,122,2018,11,14,4,3,5,3,0,0,1,0,0,0,0,0,7.20188E+20,5.30754E+21,1.19453E+16,4.78834E+16
97986,9,1,62,0,2018,11,16,5,3,2,6,2,0,1,0,0,0,0,0,6.89725E+20,5.33902E+21,1.15522E+16,4.81761E+16
97987,9,1,85,149,2018,11,8,4,2,0,7,0,1,0,0,0,0,0,0,6.60148E+20,5.40093E+21,1.11783E+16,4.87408E+16
97988,9,4,71,185,2018,11,17,7,2,6,4,2,0,1,1,0,0,0,0,6.45816E+20,5.53798E+21,1.10337E+16,4.99763E+16
97989,9,5,61,0,2018,11,17,5,3,5,3,2,0,1,0,0,0,0,1,6.15197E+20,5.46222E+21,1.05846E+16,4.93019E+16
97990,9,1,61,0,2018,11,7,4,3,2,6,0,0,1,0,0,0,0,0,6.81002E+20,5.40508E+21,1.14635E+16,4.87724E+16
97991,9,7,63,0,2018,11,20,6,3,5,2,2,0,1,0,0,0,0,0,5.98496E+20,5.28491E+21,1.03131E+16,4.77101E+16
97992,9,1,76,153,2018,11,17,4,2,5,2,1,0,1,0,1,0,0,0,6.98257E+20,5.41074E+21,1.17009E+16,4.8818E+16
97993,9,2,75,133,2018,11,11,6,3,5,3,0,0,1,0,0,0,0,0,8.24061E+20,5.38357E+21,1.33892E+16,4.85215E+16
97994,9,1,88,144,2018,11,17,4,3,2,6,2,0,1,0,0,0,0,0,6.67788E+20,5.32897E+21,1.12534E+16,4.80919E+16
97995,9,1,81,130,2018,11,17,4,3,2,6,0,0,1,0,0,0,0,0,6.42124E+20,5.32444E+21,1.09074E+16,4.80574E+16
97996,9,1,81,113,2018,11,6,4,2,4,6,2,1,0,0,0,0,0,0,6.39293E+20,5.31025E+21,1.08648E+16,4.79304E+16
97997,9,7,77,169,2018,11,8,5,3,0,6,0,0,0,0,1,1,0,1,6.30492E+20,5.27059E+21,1.07352E+16,4.75756E+16
97998,9,1,79,121,2018,11,15,4,3,4,2,0,1,1,0,0,0,0,0,6.65734E+20,5.3386E+21,1.12296E+16,4.8179E+16
97999,9,2,61,0,2018,11,16,7,3,2,6,0,0,1,0,0,0,0,0,7.32797E+20,5.38306E+21,1.21551E+16,4.85574E+16
98000,9,1,62,0,2018,11,19,4,3,5,2,2,1,1,0,0,0,0,0,6.92081E+20,5.34038E+21,1.15845E+16,4.81876E+16
98001,9,3,73,121,2018,11,16,5,2,8,1,0,0,1,0,0,0,0,0,6.89153E+20,5.43233E+21,1.1587E+16,4.90148E+16
98002,9,1,72,111,2018,11,13,5,3,5,3,0,1,1,0,0,0,0,0,7.96243E+20,5.30225E+21,1.29568E+16,4.78054E+16
98003,9,1,84,137,2018,11,16,7,3,5,3,0,0,1,0,0,0,1,0,7.06319E+20,5.31687E+21,1.17644E+16,4.79719E+16
98004,9,1,74,126,2018,11,15,4,3,4,2,0,0,1,0,0,1,0,0,6.83778E+20,5.34684E+21,1.14756E+16,4.82481E+16
98005,9,5,64,0,2018,11,0,6,3,2,6,2,0,1,0,0,1,0,0,6.53074E+20,5.47347E+21,1.11096E+16,4.93946E+16
98006,9,1,74,131,2018,11,8,4,3,2,6,0,0,1,0,0,0,0,0,6.75346E+20,5.35723E+21,1.13665E+16,4.83439E+16
98007,9,1,89,154,2018,11,13,6,3,5,3,0,1,1,0,0,0,0,0,7.68272E+20,5.31814E+21,1.25938E+16,4.79603E+16
98008,9,6,75,139,2018,11,7,6,3,5,3,0,0,1,0,0,0,0,0,5.9764E+20,5.50367E+21,1.03534E+16,4.96776E+16
98009,9,1,84,121,2018,11,19,4,3,3,6,2,0,1,0,0,0,1,0,7.04844E+20,5.33113E+21,1.17515E+16,4.81005E+16
98010,9,1,90,139,2018,11,8,6,3,4,6,0,0,1,0,0,0,0,0,6.55439E+20,5.29378E+21,1.10749E+16,4.77786E+16
98011,9,1,84,131,2018,11,11,4,2,2,6,0,0,0,0,0,1,0,0,7.04412E+20,5.33755E+21,1.17488E+16,4.81583E+16
98012,9,1,78,120,2018,11,13,4,3,8,1,0,0,1,0,0,0,0,0,6.95439E+20,5.35214E+21,1.1635E+16,4.82922E+16
98013,9,6,63,0,2018,11,8,5,3,9,1,0,0,1,0,0,0,0,1,5.68114E+20,5.51098E+21,9.94549E+15,4.97475E+16
98014,9,1,62,0,2018,11,12,4,3,0,6,0,0,1,0,0,1,0,0,6.96092E+20,5.34357E+21,1.16398E+16,4.82151E+16
98015,9,1,83,134,2018,11,13,7,2,9,1,0,0,1,0,0,0,0,0,7.61969E+20,5.33963E+21,1.25227E+16,4.81559E+16
98016,9,1,85,163,2018,11,16,1,2,5,3,1,0,1,0,0,0,0,0,6.62173E+20,5.39435E+21,1.12033E+16,4.86811E+16
98017,9,1,62,0,2018,11,13,4,3,5,2,0,1,1,0,0,0,0,0,6.92035E+20,5.34131E+21,1.15843E+16,4.81959E+16
98018,9,2,78,197,2018,11,6,5,3,2,2,0,0,1,0,1,0,0,1,7.59871E+20,5.43854E+21,1.25565E+16,4.90449E+16
98019,9,7,72,145,2018,11,18,7,3,3,6,2,0,1,0,0,0,0,0,6.37274E+20,5.36737E+21,1.08563E+16,4.84445E+16
98020,9,1,75,127,2018,11,18,4,1,5,2,2,1,1,0,0,0,0,0,7.14064E+20,5.3403E+21,1.18798E+16,4.81799E+16
98021,9,5,64,0,2018,11,17,6,2,6,4,2,0,0,1,1,0,0,0,6.477E+20,5.47413E+21,1.10358E+16,4.94019E+16
98022,9,1,78,129,2018,11,17,5,3,0,1,2,0,0,0,1,0,0,1,7.09035E+20,5.37109E+21,1.18275E+16,4.84582E+16
98023,9,1,78,120,2018,11,17,4,3,0,1,1,1,0,0,0,0,0,0,6.98413E+20,5.35088E+21,1.16745E+16,4.828E+16
98024,9,1,88,144,2018,11,14,6,2,5,3,0,0,1,0,0,0,0,0,6.68561E+20,5.32705E+21,1.1263E+16,4.80744E+16
98025,9,1,78,143,2018,11,15,4,3,5,3,0,0,1,0,0,0,0,0,7.17482E+20,5.37212E+21,1.19422E+16,4.84646E+16
98026,9,1,62,0,2018,11,11,4,3,0,1,0,0,0,0,1,0,0,0,6.9171E+20,5.33193E+21,1.15756E+16,4.81117E+16
98027,9,5,64,0,2018,11,14,5,3,2,6,0,0,1,0,0,0,1,0,6.52727E+20,5.4735E+21,1.11048E+16,4.9395E+16
98028,9,1,75,122,2018,11,10,4,3,5,3,0,1,1,0,0,0,0,0,7.21383E+20,5.32576E+21,1.19706E+16,4.80467E+16
98029,9,1,62,0,2018,11,7,3,3,0,4,0,0,1,1,0,0,0,0,6.9519E+20,5.33405E+21,1.16233E+16,4.81297E+16
98030,9,6,72,140,2018,11,7,5,3,2,2,0,0,1,0,0,0,0,0,5.82201E+20,5.55455E+21,1.01503E+16,5.01374E+16
98031,9,1,62,0,2018,11,15,3,3,5,2,0,0,1,0,0,0,0,0,6.94984E+20,5.333E+21,1.16201E+16,4.81203E+16
98032,9,1,87,169,2018,11,15,7,2,4,1,0,0,1,0,1,0,0,0,7.42724E+20,5.29795E+21,1.22409E+16,4.77891E+16
98033,9,1,84,131,2018,11,8,4,3,3,7,0,0,1,0,0,0,0,0,7.05384E+20,5.33986E+21,1.1763E+16,4.81788E+16
98034,9,2,73,111,2018,11,6,5,3,2,5,0,0,1,0,1,0,0,1,7.08737E+20,5.41048E+21,1.18433E+16,4.88122E+16
98035,9,6,71,130,2018,11,14,7,3,8,1,0,0,1,0,0,0,0,0,5.14676E+20,5.54237E+21,9.20493E+15,5.00335E+16
98036,9,1,84,118,2018,11,7,3,3,5,3,0,1,1,0,0,0,0,0,7.02651E+20,5.33701E+21,1.17249E+16,4.8154E+16
98037,9,5,71,189,2018,11,14,6,1,4,6,0,0,1,0,0,1,0,0,6.20861E+20,5.44682E+21,1.06578E+16,4.91623E+16
98038,9,1,84,134,2018,11,13,3,3,4,2,0,0,1,0,0,1,0,0,6.94266E+20,5.32334E+21,1.16061E+16,4.80338E+16
98039,9,1,62,0,2018,11,6,5,3,5,2,2,1,1,0,0,0,0,0,6.85937E+20,5.34077E+21,1.1502E+16,4.81929E+16
98040,9,1,62,0,2018,11,12,3,3,3,6,2,0,1,0,0,1,0,0,6.87391E+20,5.33269E+21,1.1518E+16,4.81199E+16
98041,9,4,74,126,2018,11,10,7,3,4,2,0,0,1,0,0,0,0,0,6.49048E+20,5.50877E+21,1.10675E+16,4.9713E+16
98042,9,1,84,131,2018,11,17,4,2,2,2,2,0,1,0,0,0,0,0,7.05642E+20,5.3373E+21,1.17652E+16,4.81556E+16
98043,9,5,63,0,2018,11,21,5,3,5,3,2,0,1,0,0,0,0,0,6.42954E+20,5.48633E+21,1.09749E+16,4.95127E+16
98044,9,7,75,152,2018,11,17,3,3,3,3,1,0,1,0,0,0,0,0,5.80713E+20,5.35287E+21,1.00888E+16,4.83239E+16
98045,9,1,62,0,2018,11,22,6,3,4,2,2,0,1,0,0,0,0,0,6.97041E+20,5.3304E+21,1.16465E+16,4.80964E+16
98046,9,1,62,0,2018,11,9,4,3,4,2,0,0,1,0,0,0,0,0,6.98797E+20,5.33305E+21,1.16713E+16,4.81197E+16
98047,9,7,75,135,2018,11,16,3,3,5,2,0,1,1,0,0,0,0,0,5.7722E+20,5.36203E+21,1.00434E+16,4.84067E+16
98048,9,3,76,160,2018,11,12,6,3,5,3,0,0,1,0,0,0,1,0,7.5646E+20,5.49018E+21,1.2543E+16,4.951E+16
98049,9,7,74,162,2018,11,17,3,3,2,6,2,0,1,0,1,0,0,0,6.0143E+20,5.35147E+21,1.03679E+16,4.83083E+16
98050,9,1,74,115,2018,11,18,7,3,5,3,2,0,1,0,1,0,0,0,6.8149E+20,5.34678E+21,1.14448E+16,4.82483E+16
98051,9,7,63,0,2018,11,11,3,3,5,3,0,0,1,0,0,0,1,0,5.98486E+20,5.28649E+21,1.03133E+16,4.77242E+16
98052,9,4,61,0,2018,11,18,6,3,2,6,2,0,1,0,0,0,0,0,6.3529E+20,5.5261E+21,1.08828E+16,4.9872E+16
98053,9,7,77,151,2018,11,14,3,3,5,7,0,1,0,0,0,0,1,0,6.21267E+20,5.29303E+21,1.06188E+16,4.77792E+16
98054,9,7,80,119,2018,11,16,3,3,2,6,1,0,1,0,0,0,0,0,5.97433E+20,5.29604E+21,1.03014E+16,4.78103E+16
98055,9,7,78,186,2018,11,12,5,3,8,1,0,0,1,0,0,0,0,0,5.97791E+20,5.30822E+21,1.03089E+16,4.79199E+16
98056,9,7,77,159,2018,11,9,3,3,4,2,0,0,1,0,1,0,0,0,6.17291E+20,5.27106E+21,1.05598E+16,4.75823E+16
98057,9,3,75,190,2018,11,18,7,2,9,1,2,1,0,0,0,0,0,0,7.30097E+20,5.44875E+21,1.21555E+16,4.91484E+16
98058,9,7,75,135,2018,11,13,4,3,3,6,0,0,1,0,0,1,0,0,5.80478E+20,5.35499E+21,1.00861E+16,4.8343E+16
98059,9,5,61,0,2018,11,19,5,3,4,6,2,0,1,0,0,0,0,0,6.15729E+20,5.46181E+21,1.05918E+16,4.92981E+16
98060,9,7,72,125,2018,11,7,3,3,5,3,0,0,1,0,0,0,0,0,6.36583E+20,5.34895E+21,1.0841E+16,4.8279E+16
98061,9,7,72,200,2018,11,11,6,3,5,3,0,0,1,0,0,0,0,0,6.30051E+20,5.33736E+21,1.07494E+16,4.81762E+16
98062,9,6,79,185,2018,11,19,3,3,2,6,2,0,1,0,0,0,1,0,5.72226E+20,5.51558E+21,1.00034E+16,4.97883E+16
98063,9,2,61,0,2018,11,23,6,3,4,2,2,0,1,0,0,0,0,0,7.32794E+20,5.38306E+21,1.21551E+16,4.85574E+16
98064,9,6,79,136,2018,11,7,3,3,0,1,0,0,0,0,1,0,0,0,5.71097E+20,5.51556E+21,9.98773E+15,4.97883E+16
98065,9,6,79,194,2018,11,16,3,3,2,6,0,0,1,0,0,0,0,0,5.60695E+20,5.52454E+21,9.84464E+15,4.98702E+16
98066,9,6,63,0,2018,11,12,3,3,4,6,0,0,1,0,0,0,0,0,5.6801E+20,5.51379E+21,9.94454E+15,4.97727E+16
98067,9,7,72,177,2018,11,7,5,3,8,1,0,0,1,0,0,0,0,1,6.35295E+20,5.37607E+21,1.08324E+16,4.85231E+16
98068,9,6,75,127,2018,11,6,3,3,4,2,2,0,1,0,0,0,0,0,6.06222E+20,5.51404E+21,1.04751E+16,4.97694E+16
98069,9,1,80,122,2018,11,18,7,3,6,7,2,0,1,1,0,0,0,0,6.71602E+20,5.26423E+21,1.12789E+16,4.75089E+16
98070,9,6,75,141,2018,11,17,3,3,2,6,2,0,1,0,0,1,0,0,5.82644E+20,5.51035E+21,1.0147E+16,4.974E+16
98071,9,6,73,161,2018,11,15,3,2,4,1,0,0,1,0,0,0,0,0,5.85155E+20,5.57357E+21,1.01959E+16,5.03081E+16
98072,9,7,78,203,2018,11,0,5,2,8,1,2,0,1,0,0,0,0,0,6.21142E+20,5.32462E+21,1.0626E+16,4.80634E+16
98073,9,5,76,151,2018,11,6,3,3,2,6,1,0,1,0,0,0,0,0,6.52185E+20,5.46828E+21,1.10954E+16,4.93483E+16
98074,9,2,76,139,2018,11,11,7,3,4,1,0,0,1,0,0,0,0,0,8.07548E+20,5.431E+21,1.32015E+16,4.89553E+16
98075,9,7,75,135,2018,11,18,4,3,2,6,2,0,1,0,0,0,0,1,5.74032E+20,5.35921E+21,9.99985E+15,4.83817E+16
98076,9,4,71,173,2018,11,6,5,3,8,1,1,0,1,0,0,0,0,1,6.21916E+20,5.52998E+21,1.0698E+16,4.99097E+16
98077,9,1,78,155,2018,11,16,1,2,2,6,0,1,1,0,0,0,0,0,7.191E+20,5.37688E+21,1.19665E+16,4.85068E+16
98078,9,5,62,0,2018,11,17,3,3,4,6,2,1,0,0,0,0,0,1,6.46831E+20,5.4915E+21,1.10303E+16,4.95582E+16
98079,9,6,74,130,2018,11,9,6,3,5,2,0,0,1,0,0,0,0,0,6.26909E+20,5.55066E+21,1.07743E+16,5.00946E+16
98080,9,5,62,0,2018,11,16,3,3,6,2,0,0,1,1,0,0,0,0,6.46641E+20,5.49571E+21,1.10293E+16,4.95962E+16
98081,9,1,90,141,2018,11,18,6,3,4,2,2,0,1,0,0,0,0,0,6.77694E+20,5.29196E+21,1.1371E+16,4.77565E+16
98082,9,5,72,121,2018,11,18,3,2,6,4,1,0,1,1,0,0,0,0,6.60425E+20,5.49554E+21,1.12198E+16,4.95911E+16
98083,9,5,76,127,2018,11,17,3,3,5,3,1,0,1,0,0,0,0,0,6.64697E+20,5.44698E+21,1.12588E+16,4.91536E+16
98084,9,6,78,193,2018,11,18,5,3,2,2,2,0,1,0,0,0,0,1,5.79035E+20,5.53768E+21,1.01025E+16,4.99862E+16
98085,9,5,64,0,2018,11,11,3,2,2,6,0,0,1,0,0,0,0,0,6.53269E+20,5.47546E+21,1.11131E+16,4.94125E+16
98086,9,1,87,182,2018,11,9,7,3,2,6,0,0,1,0,0,0,0,0,7.38274E+20,5.32812E+21,1.21982E+16,4.80618E+16
98087,9,1,76,114,2018,11,15,1,2,5,3,0,0,1,0,0,0,0,0,6.81767E+20,5.4286E+21,1.14844E+16,4.89835E+16
98088,9,7,78,219,2018,11,14,4,3,4,6,0,0,1,0,0,0,0,0,5.89844E+20,5.30831E+21,1.02026E+16,4.79218E+16
98089,9,2,77,116,2018,11,16,5,2,5,3,1,0,1,0,0,0,0,0,7.7746E+20,5.37051E+21,1.27509E+16,4.84265E+16
98090,9,6,78,193,2018,11,8,7,2,0,7,0,1,0,0,0,0,1,1,5.7837E+20,5.53572E+21,1.00928E+16,4.99687E+16
98091,9,5,64,0,2018,11,9,3,3,0,7,0,0,1,0,0,0,0,0,6.48438E+20,5.48488E+21,1.105E+16,4.94984E+16
98092,9,5,71,198,2018,11,9,6,3,5,3,0,0,1,0,0,0,0,0,5.91877E+20,5.4596E+21,1.02633E+16,4.92822E+16
98093,9,7,75,129,2018,11,17,4,3,5,3,2,1,1,0,0,0,0,0,5.81727E+20,5.34358E+21,1.01007E+16,4.82402E+16
98094,9,3,76,161,2018,11,14,5,3,3,6,0,0,1,0,1,0,0,0,7.25301E+20,5.46697E+21,1.21001E+16,4.93139E+16
98095,9,7,80,140,2018,11,9,7,3,4,2,0,0,1,0,0,0,0,0,5.99756E+20,5.28183E+21,1.03292E+16,4.76822E+16
98096,9,5,64,0,2018,11,6,3,3,6,2,2,0,1,1,0,0,0,0,6.52854E+20,5.47607E+21,1.11076E+16,4.94181E+16
98097,9,5,63,0,2018,11,14,6,3,6,2,0,0,1,1,0,0,0,0,6.44673E+20,5.48314E+21,1.09974E+16,4.94836E+16
98098,9,5,64,0,2018,11,11,3,3,2,6,0,0,1,0,1,0,0,0,6.49077E+20,5.46906E+21,1.10529E+16,4.9356E+16
98099,9,1,61,0,2018,11,17,6,2,6,4,2,0,1,1,0,0,0,0,6.77236E+20,5.40618E+21,1.14128E+16,4.87833E+16
98100,9,5,71,193,2018,11,8,3,3,4,3,0,0,1,0,0,0,0,0,5.86084E+20,5.47084E+21,1.01861E+16,4.93842E+16
98101,9,7,62,0,2018,11,16,4,3,2,6,0,0,1,0,0,0,0,0,6.23123E+20,5.30369E+21,1.06466E+16,4.78747E+16
98102,9,6,78,193,2018,11,17,5,1,5,3,2,1,1,0,0,0,0,1,5.79079E+20,5.53756E+21,1.01031E+16,4.99851E+16
98103,9,4,75,136,2018,11,9,3,3,4,6,0,0,1,0,0,0,0,1,6.87482E+20,5.56895E+21,1.16295E+16,5.0243E+16
98104,9,1,61,0,2018,11,14,7,3,2,6,0,0,1,0,0,0,0,0,6.79146E+20,5.4033E+21,1.14375E+16,4.8757E+16
98105,9,7,79,136,2018,11,18,4,3,4,6,2,0,1,0,0,0,1,0,6.09756E+20,5.4059E+21,1.04945E+16,4.87964E+16
98106,9,5,64,0,2018,11,18,7,3,1,7,2,0,1,0,0,0,0,0,6.5879E+20,5.47506E+21,1.1189E+16,4.94075E+16
98107,9,4,73,158,2018,11,6,3,2,8,6,0,0,1,0,0,0,0,0,6.26365E+20,5.57672E+21,1.07754E+16,5.0329E+16
98108,9,1,61,0,2018,11,8,5,3,2,6,0,0,1,0,0,0,0,0,6.69956E+20,5.40474E+21,1.13132E+16,4.87725E+16
98109,9,4,78,139,2018,11,12,6,3,4,3,0,0,1,0,0,0,0,0,6.47648E+20,5.5562E+21,1.10663E+16,5.01396E+16
98110,9,4,62,0,2018,11,6,3,3,8,6,2,0,1,0,0,1,0,0,6.86792E+20,5.53436E+21,1.16029E+16,4.99324E+16
98111,9,1,62,0,2018,11,19,5,3,5,2,2,0,1,0,0,0,0,0,6.92105E+20,5.34187E+21,1.15854E+16,4.8201E+16
98112,9,4,62,0,2018,11,13,3,3,5,3,0,1,1,0,0,0,0,0,6.84307E+20,5.53438E+21,1.15683E+16,4.99334E+16
98113,9,4,71,169,2018,11,10,7,3,4,6,0,0,1,0,0,0,0,0,6.3723E+20,5.52124E+21,1.09081E+16,4.98279E+16
98114,9,7,79,228,2018,11,5,4,3,5,2,2,0,1,0,0,0,1,1,6.26503E+20,5.41277E+21,1.07246E+16,4.8855E+16
98115,9,4,74,126,2018,11,13,3,3,6,4,0,1,0,1,0,0,0,0,6.48802E+20,5.50985E+21,1.10645E+16,4.97227E+16
98116,9,1,78,120,2018,11,13,6,3,2,6,0,0,1,0,0,0,0,0,6.92668E+20,5.35351E+21,1.15983E+16,4.83054E+16
98117,9,4,74,143,2018,11,12,3,3,2,2,0,1,1,0,0,0,0,0,6.53851E+20,5.50992E+21,1.11345E+16,4.97221E+16
98118,9,5,75,155,2018,11,15,7,2,6,4,0,0,1,1,0,0,0,0,5.79941E+20,5.49522E+21,1.01064E+16,4.96043E+16
98119,9,7,73,136,2018,11,7,4,3,5,3,1,0,1,0,0,0,0,0,6.00087E+20,5.37611E+21,1.03557E+16,4.85301E+16
98120,9,5,76,137,2018,11,15,5,3,2,6,0,0,1,0,0,0,0,0,6.49259E+20,5.4646E+21,1.10537E+16,4.93159E+16
98121,9,4,71,155,2018,11,6,3,2,0,3,1,1,1,0,0,0,0,0,6.43029E+20,5.53076E+21,1.09922E+16,4.99121E+16
98122,9,1,84,141,2018,11,8,6,3,5,3,0,0,1,0,0,0,0,0,6.97948E+20,5.31705E+21,1.16525E+16,4.79761E+16
98123,9,7,72,121,2018,11,7,4,3,8,1,0,0,0,0,0,1,0,0,6.33406E+20,5.37496E+21,1.08064E+16,4.85136E+16