OBJECTID_1,ULAND,UREGBEZ,UKREIS,UGEMEINDE,UJAHR,UMONAT,USTUNDE,UWOCHENTAG,UKATEGORIE,UART,UTYP1,ULICHTVERH,IstRad,IstPKW,IstFuss,IstKrad,IstGkfz,IstSonstig,STRZUSTAND,LINREFX,LINREFY,XGCSWGS84,YGCSWGS84
98124,9,4,71,117,2018,11,7,3,2,2,6,0,0,1,0,0,0,0,0,6.29192E+20,5.52999E+21,1.07993E+16,4.99084E+16
98125,9,3,62,0,2018,11,16,6,3,2,1,2,0,1,0,0,0,0,0,7.23952E+20,5.43234E+21,1.20623E+16,4.90033E+16
98126,9,4,71,169,2018,11,6,3,2,4,2,2,0,1,0,0,0,0,0,6.38675E+20,5.52229E+21,1.09285E+16,4.9837E+16
98127,9,4,61,0,2018,11,9,3,3,2,6,0,0,1,0,0,0,0,0,6.38678E+20,5.52679E+21,1.09302E+16,4.98774E+16
98128,9,1,71,123,2018,11,6,5,1,4,6,2,0,1,0,0,1,0,0,7.85314E+20,5.35058E+21,1.28433E+16,4.82442E+16
98129,9,3,75,180,2018,11,7,3,3,5,3,0,0,1,0,0,0,0,0,7.24232E+20,5.42929E+21,1.20644E+16,4.89758E+16
98130,9,7,74,150,2018,11,16,5,1,4,6,0,0,1,0,0,0,0,0,6.00289E+20,5.34599E+21,1.03512E+16,4.82592E+16
98131,9,3,75,210,2018,11,6,3,3,5,3,1,0,1,0,1,0,0,0,7.48205E+20,5.43294E+21,1.23937E+16,4.89994E+16
98132,9,3,72,117,2018,11,14,7,3,5,3,0,0,1,0,0,0,0,0,7.75424E+20,5.45661E+21,1.27812E+16,4.92003E+16
98133,9,7,71,122,2018,11,18,4,3,2,6,2,0,1,0,0,0,0,0,6.48513E+20,5.35993E+21,1.10055E+16,4.83751E+16
98134,9,4,75,162,2018,11,7,5,2,4,7,0,0,1,0,0,0,0,0,7.1533E+20,5.57188E+21,1.20211E+16,5.02597E+16
98135,9,3,72,143,2018,11,17,3,2,3,2,2,0,1,0,0,0,1,0,7.74406E+20,5.4515E+21,1.27637E+16,4.91549E+16
98136,9,6,77,129,2018,11,19,6,2,8,1,2,0,0,0,1,0,0,0,5.30492E+20,5.54547E+21,9.426E+15,5.00608E+16
98137,9,7,61,0,2018,11,12,4,3,5,3,0,0,1,0,0,0,0,0,6.44105E+20,5.36077E+21,1.09463E+16,4.83837E+16
98138,9,3,76,122,2018,11,15,3,3,5,3,0,0,1,0,1,0,0,0,7.46521E+20,5.47655E+21,1.23974E+16,4.93917E+16
98139,9,5,64,0,2018,11,6,5,2,6,2,2,0,1,1,0,0,0,1,6.54076E+20,5.47385E+21,1.11236E+16,4.93978E+16
98140,9,2,71,146,2018,11,15,3,3,4,6,0,0,0,0,1,0,1,0,7.83248E+20,5.40926E+21,1.28553E+16,4.87718E+16
98141,9,7,74,155,2018,11,15,6,3,5,3,0,0,1,0,0,0,0,0,5.89576E+20,5.36761E+21,1.02115E+16,4.84553E+16
98142,9,7,61,0,2018,11,12,4,3,6,2,0,0,1,1,0,0,0,0,6.4352E+20,5.35934E+21,1.0938E+16,4.83709E+16
98143,9,2,71,135,2018,11,17,3,3,5,2,1,0,1,0,0,0,0,0,7.90022E+20,5.40614E+21,1.29451E+16,4.87407E+16
98144,9,2,62,0,2018,11,14,6,3,1,6,0,0,1,0,0,0,0,0,8.25236E+20,5.38946E+21,1.34096E+16,4.85737E+16
98145,9,2,78,118,2018,11,12,3,3,5,3,0,0,1,0,0,0,0,0,7.68269E+20,5.42493E+21,1.26622E+16,4.89191E+16
98146,9,2,62,0,2018,11,12,3,2,4,2,0,0,1,0,0,0,0,0,8.23026E+20,5.39148E+21,1.33813E+16,4.8593E+16
98147,9,2,74,111,2018,11,13,3,3,2,6,0,1,1,0,0,0,0,0,7.40431E+20,5.38048E+21,1.22569E+16,4.85313E+16
98148,9,7,77,175,2018,11,7,5,3,5,3,0,0,1,0,0,0,0,0,6.12699E+20,5.29212E+21,1.05042E+16,4.77726E+16
98149,9,2,74,194,2018,11,21,3,3,8,1,2,0,0,0,1,0,0,0,7.23619E+20,5.38E+21,1.20293E+16,4.85332E+16
98150,9,2,72,120,2018,11,1,7,3,8,1,2,0,1,0,0,0,0,0,8.2209E+20,5.42187E+21,1.33924E+16,4.8866E+16
98151,9,7,61,0,2018,11,17,4,3,2,6,1,0,1,0,0,0,0,0,6.42107E+20,5.36355E+21,1.09203E+16,4.84091E+16
98152,9,3,75,117,2018,11,14,5,3,1,6,0,0,1,0,0,1,0,0,7.37348E+20,5.4331E+21,1.22456E+16,4.90051E+16
98153,9,1,75,122,2018,11,12,1,3,4,2,0,0,1,0,0,0,0,0,7.21871E+20,5.3255E+21,1.1977E+16,4.80442E+16
98154,9,2,74,113,2018,11,17,3,3,4,2,2,0,1,0,0,0,0,0,7.28396E+20,5.38393E+21,1.2096E+16,4.85668E+16
98155,9,6,71,152,2018,11,12,6,3,5,3,0,1,1,0,0,0,0,0,5.17622E+20,5.54799E+21,9.24632E+15,5.00839E+16
98156,9,2,79,116,2018,11,6,3,3,4,2,2,0,1,0,0,0,0,0,7.59366E+20,5.39603E+21,1.25226E+16,4.86634E+16
98157,9,1,89,154,2018,11,14,6,3,5,2,0,1,1,0,0,0,0,0,7.68462E+20,5.31781E+21,1.25962E+16,4.79572E+16
98158,9,1,90,118,2018,11,14,3,3,4,1,0,0,1,0,0,1,0,0,6.36204E+20,5.29324E+21,1.08181E+16,4.77782E+16
98159,9,1,90,111,2018,11,13,3,2,4,6,0,0,1,0,0,1,1,0,6.37566E+20,5.29615E+21,1.08372E+16,4.7804E+16
98160,9,6,72,114,2018,11,13,5,3,5,3,0,0,1,0,0,0,1,0,5.73898E+20,5.56427E+21,1.0036E+16,5.0226E+16
98161,9,2,74,121,2018,11,23,6,2,4,2,2,0,1,0,0,0,0,0,7.22229E+20,5.37202E+21,1.20062E+16,4.8462E+16
98162,9,1,89,143,2018,11,15,3,3,0,3,0,0,1,0,0,0,1,0,7.59446E+20,5.31506E+21,1.2474E+16,4.79363E+16
98163,9,1,89,137,2018,11,18,3,2,0,7,2,1,0,0,0,0,0,0,7.50586E+20,5.32027E+21,1.23586E+16,4.79866E+16
98164,9,7,71,145,2018,11,17,5,3,0,1,2,1,0,0,0,0,0,0,6.49706E+20,5.34443E+21,1.10161E+16,4.82354E+16
98165,9,1,72,111,2018,11,7,3,3,8,1,1,0,1,0,0,0,0,0,7.92579E+20,5.30559E+21,1.29102E+16,4.7837E+16
98166,9,1,83,125,2018,11,20,7,3,5,7,2,0,1,0,0,0,0,0,7.55757E+20,5.35708E+21,1.24499E+16,4.83151E+16
98167,9,7,61,0,2018,11,7,4,3,0,1,1,1,0,0,0,0,0,0,6.41303E+20,5.35588E+21,1.09069E+16,4.83403E+16
98168,9,3,71,132,2018,11,21,5,2,9,1,2,0,1,0,0,0,0,0,6.97959E+20,5.46869E+21,1.17252E+16,4.93388E+16
98169,9,7,61,0,2018,11,16,7,3,3,3,1,0,1,0,0,0,0,0,6.41075E+20,5.36387E+21,1.09065E+16,4.84122E+16
98170,9,1,82,127,2018,11,22,3,3,2,6,2,0,1,0,0,1,1,0,7.0279E+20,5.31057E+21,1.17143E+16,4.79164E+16
98171,9,5,64,0,2018,11,7,6,3,5,3,0,1,0,0,0,0,1,0,6.52408E+20,5.47131E+21,1.10996E+16,4.93754E+16
98172,9,1,78,133,2018,11,14,5,3,0,6,0,0,0,0,1,1,0,0,6.89171E+20,5.36691E+21,1.15572E+16,4.84269E+16
98173,9,1,84,114,2018,11,12,3,3,3,6,0,0,1,0,0,1,0,0,7.00734E+20,5.31561E+21,1.16891E+16,4.79623E+16
98174,9,1,61,0,2018,11,19,6,3,3,2,2,1,1,0,0,0,0,0,6.7893E+20,5.40187E+21,1.1434E+16,4.87441E+16
98175,9,1,82,125,2018,11,16,3,3,5,3,0,1,0,0,0,0,1,0,7.12362E+20,5.29619E+21,1.18351E+16,4.7784E+16
98176,9,7,71,113,2018,11,12,4,3,5,3,0,0,0,0,1,0,1,0,6.58527E+20,5.37042E+21,1.11446E+16,4.84669E+16
98177,9,6,71,134,2018,11,9,5,3,4,6,0,0,1,0,0,0,0,0,5.0045E+20,5.54617E+21,9.00629E+15,5.00678E+16
98178,9,1,82,119,2018,11,7,3,3,4,6,0,0,1,0,0,0,0,0,7.10533E+20,5.29268E+21,1.18091E+16,4.77531E+16
98179,9,1,74,115,2018,11,14,7,3,2,6,0,0,1,0,0,0,0,0,6.79562E+20,5.34778E+21,1.14193E+16,4.82577E+16
98180,9,6,79,193,2018,11,5,4,1,2,6,2,0,0,0,0,1,0,0,5.7474E+20,5.51127E+21,1.00375E+16,4.97493E+16
98181,9,5,64,0,2018,11,5,7,3,5,2,2,0,1,0,0,0,1,0,6.47922E+20,5.48012E+21,1.10411E+16,4.94557E+16
98182,9,1,82,120,2018,11,9,3,3,2,6,0,0,1,0,0,0,0,0,7.03433E+20,5.30691E+21,1.17211E+16,4.78833E+16
98183,9,1,87,179,2018,11,18,3,3,3,6,2,0,1,0,0,0,0,0,7.25231E+20,5.3109E+21,1.20144E+16,4.79119E+16
98184,9,1,87,165,2018,11,11,7,3,2,6,0,0,1,0,0,0,0,0,7.33606E+20,5.29903E+21,1.21199E+16,4.78022E+16
98185,9,2,73,111,2018,11,15,5,2,3,6,0,1,1,0,0,0,0,0,7.09139E+20,5.41091E+21,1.1849E+16,4.88159E+16
98186,9,6,72,113,2018,11,14,7,3,1,6,0,0,1,0,0,0,0,0,5.5485E+20,5.57616E+21,9.77072E+15,5.0335E+16
98187,9,1,61,0,2018,11,13,3,2,5,2,0,1,1,0,0,0,0,0,6.77582E+20,5.40525E+21,1.14171E+16,4.87749E+16
98188,9,5,71,115,2018,11,7,6,1,4,1,1,0,1,0,0,0,0,1,6.11344E+20,5.44377E+21,1.05265E+16,4.91367E+16
98189,9,1,61,0,2018,11,15,3,3,3,2,0,1,1,0,0,0,0,0,6.79132E+20,5.40494E+21,1.14381E+16,4.87717E+16
98190,9,1,62,0,2018,11,17,5,2,0,4,2,1,0,1,0,0,0,0,7.011E+20,5.3324E+21,1.17019E+16,4.81131E+16
98191,9,1,76,114,2018,11,7,3,3,3,2,0,0,1,0,0,1,1,0,6.82019E+20,5.42909E+21,1.14881E+16,4.89878E+16
98192,9,4,79,161,2018,11,13,7,2,2,6,0,0,1,0,0,0,0,0,7.09379E+20,5.54747E+21,1.19244E+16,5.00427E+16
98193,9,5,74,112,2018,11,13,5,3,4,2,0,0,1,0,0,0,1,0,6.68708E+20,5.47188E+21,1.13242E+16,4.93762E+16
98194,9,1,76,114,2018,11,5,3,3,8,1,2,0,0,0,1,0,0,1,6.81471E+20,5.43487E+21,1.14831E+16,4.904E+16
98195,9,1,62,0,2018,11,15,6,3,8,7,0,0,1,0,0,0,0,0,6.82668E+20,5.34111E+21,1.14582E+16,4.8197E+16
98196,9,1,88,121,2018,11,17,3,3,2,6,2,0,1,0,0,0,0,0,6.69906E+20,5.32919E+21,1.12819E+16,4.80933E+16
98197,9,3,72,174,2018,11,6,6,3,4,2,2,0,1,0,0,0,0,0,7.73012E+20,5.46384E+21,1.2753E+16,4.92663E+16
98198,9,1,81,130,2018,11,18,3,2,2,6,2,0,1,0,0,0,0,0,6.38925E+20,5.32545E+21,1.08648E+16,4.80672E+16
98199,9,1,79,121,2018,11,18,3,3,5,3,2,1,1,0,0,0,0,0,6.63314E+20,5.33836E+21,1.11969E+16,4.81775E+16
98200,9,1,74,143,2018,11,6,3,3,5,3,2,0,1,0,0,0,0,0,6.74427E+20,5.35284E+21,1.13523E+16,4.83047E+16
98201,9,7,74,143,2018,11,7,5,3,0,3,1,1,1,0,0,0,0,0,5.97016E+20,5.36008E+21,1.03104E+16,4.83864E+16
98202,9,1,75,118,2018,11,10,3,3,0,6,0,0,1,0,0,1,0,0,7.16133E+20,5.3404E+21,1.19077E+16,4.81801E+16
98203,9,4,72,175,2018,11,19,6,3,5,3,2,0,1,0,0,0,0,1,6.79846E+20,5.5223E+21,1.15006E+16,4.98261E+16
98204,9,1,75,135,2018,11,15,3,3,0,2,0,1,0,0,0,0,1,0,7.06823E+20,5.3385E+21,1.17817E+16,4.81661E+16
98205,9,1,78,124,2018,11,13,3,2,1,1,0,1,1,0,0,0,0,0,7.0323E+20,5.36512E+21,1.17462E+16,4.84065E+16
98206,9,7,75,134,2018,11,15,5,3,2,6,0,0,1,0,0,0,0,0,5.83195E+20,5.36444E+21,1.01246E+16,4.84276E+16
98207,9,1,78,115,2018,11,17,3,3,2,7,2,0,1,0,0,0,1,0,7.03415E+20,5.37775E+21,1.17548E+16,4.85198E+16
98208,9,3,63,0,2018,11,10,7,3,3,2,0,0,1,0,0,0,0,0,7.27556E+20,5.50614E+21,1.21536E+16,4.96648E+16
98209,9,5,77,173,2018,11,18,5,3,3,6,2,0,0,0,1,1,0,0,6.42008E+20,5.42489E+21,1.094E+16,4.89606E+16
98210,9,1,62,0,2018,11,16,2,3,6,4,0,0,1,1,0,0,0,0,6.94649E+20,5.33417E+21,1.16161E+16,4.8131E+16
98211,9,7,63,0,2018,11,17,6,3,4,6,1,0,1,0,0,0,0,0,5.97024E+20,5.28557E+21,1.02936E+16,4.77162E+16
98212,9,1,62,0,2018,11,12,2,3,3,6,0,0,1,0,0,1,0,0,6.94755E+20,5.33372E+21,1.16173E+16,4.81269E+16
98213,9,2,77,111,2018,11,16,6,2,5,3,0,1,0,0,0,0,1,0,7.78616E+20,5.38295E+21,1.27748E+16,4.85378E+16
98214,9,1,62,0,2018,11,9,2,3,2,6,0,0,1,0,1,0,0,0,6.94595E+20,5.33461E+21,1.16156E+16,4.81349E+16
98215,9,1,62,0,2018,11,10,2,3,1,3,0,0,1,0,0,1,0,0,6.93229E+20,5.33755E+21,1.15986E+16,4.81618E+16
98216,9,7,78,136,2018,11,12,2,3,5,3,0,0,1,0,0,0,0,0,5.99372E+20,5.32043E+21,1.03329E+16,4.80294E+16
98217,9,7,72,184,2018,11,20,5,3,5,3,2,0,1,0,0,0,0,0,6.34885E+20,5.36246E+21,1.08224E+16,4.84008E+16
98218,9,7,78,186,2018,11,18,2,3,2,6,2,0,1,0,0,0,0,0,5.99071E+20,5.31325E+21,1.03272E+16,4.79649E+16
98219,9,2,61,0,2018,11,13,7,2,3,2,0,1,1,0,0,0,0,0,7.3074E+20,5.38096E+21,1.21261E+16,4.85393E+16
98220,9,3,71,151,2018,11,15,5,3,2,6,0,0,1,0,0,0,0,0,6.99122E+20,5.48379E+21,1.17487E+16,4.94741E+16
98221,9,1,87,182,2018,11,17,5,2,4,6,2,0,1,0,1,0,1,0,7.36789E+20,5.32797E+21,1.21782E+16,4.8061E+16
98222,9,1,62,0,2018,11,22,7,3,3,2,2,1,1,0,0,0,0,0,6.88507E+20,5.33495E+21,1.1534E+16,4.81399E+16
98223,9,7,75,129,2018,11,17,2,3,5,3,2,1,1,0,0,0,0,0,5.8189E+20,5.34128E+21,1.01025E+16,4.82194E+16
98224,9,5,62,0,2018,11,5,6,3,5,3,2,0,1,0,0,0,1,0,6.43902E+20,5.49378E+21,1.09907E+16,4.95795E+16
98225,9,2,76,144,2018,11,8,7,3,5,3,0,0,1,0,0,0,1,1,7.84888E+20,5.44443E+21,1.29022E+16,4.90867E+16
98226,9,4,71,195,2018,11,7,5,3,9,1,0,0,0,0,1,0,0,1,6.49694E+20,5.52618E+21,1.10832E+16,4.98693E+16
98227,9,1,62,0,2018,11,17,1,2,2,6,2,0,1,0,0,0,0,0,6.94383E+20,5.34118E+21,1.16158E+16,4.81941E+16
98228,9,7,63,0,2018,11,15,2,3,1,6,0,0,1,0,0,0,0,0,5.9488E+20,5.29015E+21,1.0266E+16,4.77577E+16
98229,9,6,74,221,2018,11,18,6,2,5,6,2,0,1,0,1,0,0,0,6.14025E+20,5.5416E+21,1.05916E+16,5.00158E+16
98230,9,7,76,117,2018,11,8,2,3,2,6,0,0,1,0,0,0,0,0,5.66588E+20,5.27255E+21,9.88588E+15,4.76029E+16
98231,9,1,90,148,2018,11,18,6,2,5,3,2,1,1,0,0,0,0,0,6.42373E+20,5.29691E+21,1.09017E+16,4.78098E+16
98232,9,7,76,118,2018,11,6,2,2,0,1,2,1,0,0,0,0,0,0,5.7794E+20,5.28042E+21,1.00383E+16,4.76724E+16
98233,9,7,79,154,2018,11,14,2,2,5,3,0,1,1,0,0,0,0,0,6.18793E+20,5.42338E+21,1.06226E+16,4.89519E+16
98234,9,6,62,0,2018,11,7,5,3,3,6,0,0,0,0,0,1,1,0,5.85149E+20,5.5417E+21,1.01887E+16,5.00215E+16
98235,9,7,73,182,2018,11,18,2,3,5,3,2,1,1,0,0,0,0,0,6.24503E+20,5.37992E+21,1.06874E+16,4.856E+16
98236,9,1,71,129,2018,11,11,7,3,8,1,0,0,1,0,0,0,0,0,7.75242E+20,5.35834E+21,1.2713E+16,4.83183E+16
98237,9,1,76,111,2018,11,11,1,3,8,1,0,0,1,0,0,0,0,1,6.59593E+20,5.41262E+21,1.11753E+16,4.8846E+16
98238,9,2,75,154,2018,11,10,5,3,1,6,0,0,1,0,0,0,0,0,8.07802E+20,5.39297E+21,1.31765E+16,4.8614E+16
98239,9,6,75,112,2018,11,21,7,3,9,1,2,0,0,0,1,0,0,0,5.83479E+20,5.51348E+21,1.01593E+16,4.9768E+16
98240,9,7,73,136,2018,11,18,2,3,4,2,2,0,1,0,0,0,0,0,6.01072E+20,5.37889E+21,1.03697E+16,4.8555E+16
98241,9,5,77,177,2018,11,14,6,3,5,3,0,0,1,0,0,0,1,0,6.46614E+20,5.43064E+21,1.1005E+16,4.90112E+16
98242,9,1,78,113,2018,11,8,5,3,0,3,0,0,1,0,0,0,0,0,6.91814E+20,5.36734E+21,1.15931E+16,4.843E+16
98243,9,7,72,147,2018,11,6,2,3,2,6,0,0,1,0,0,0,0,0,6.38709E+20,5.3641E+21,1.08746E+16,4.84148E+16
98244,9,1,74,131,2018,11,18,6,3,2,6,2,0,1,0,0,0,0,0,6.76631E+20,5.35773E+21,1.1384E+16,4.83481E+16
98245,9,3,71,156,2018,11,6,4,3,8,1,2,0,1,0,0,0,0,1,7.0401E+20,5.50033E+21,1.18247E+16,4.96211E+16
98246,9,1,73,147,2018,11,7,5,3,2,6,0,0,1,0,1,0,0,0,6.80975E+20,5.31065E+21,1.14226E+16,4.79236E+16
98247,9,1,62,0,2018,11,13,2,3,8,7,0,0,1,0,0,0,0,0,6.92797E+20,5.33903E+21,1.15935E+16,4.81753E+16
98248,9,1,75,133,2018,11,16,4,3,8,7,1,0,1,0,0,0,0,0,7.10649E+20,5.34235E+21,1.1835E+16,4.81994E+16
98249,9,1,62,0,2018,11,14,2,3,2,6,0,0,1,0,0,0,0,0,6.85447E+20,5.34092E+21,1.14955E+16,4.81944E+16
98250,9,1,83,128,2018,11,7,5,3,5,3,0,0,1,0,0,0,0,0,7.62927E+20,5.35156E+21,1.2543E+16,4.82626E+16
98251,9,5,71,180,2018,11,10,3,3,0,6,0,0,1,0,0,1,0,0,6.30819E+20,5.46293E+21,1.07996E+16,4.93051E+16
98252,9,7,74,145,2018,11,14,5,2,4,1,0,0,1,0,0,1,0,1,6.03234E+20,5.3603E+21,1.03944E+16,4.83874E+16
98253,9,1,62,0,2018,11,8,2,3,2,6,0,0,1,0,0,0,0,0,6.88672E+20,5.33592E+21,1.15367E+16,4.81486E+16
98254,9,1,62,0,2018,11,17,2,3,0,5,1,1,0,0,0,0,1,0,6.85893E+20,5.33178E+21,1.14975E+16,4.81121E+16
98255,9,5,72,131,2018,11,17,4,3,3,6,2,0,1,0,0,1,0,0,6.55426E+20,5.48462E+21,1.11464E+16,4.94943E+16
98256,9,4,61,0,2018,11,14,5,3,2,6,0,0,1,0,0,0,0,0,6.38006E+20,5.52868E+21,1.09215E+16,4.98945E+16
98257,9,7,75,135,2018,11,17,2,3,6,4,2,0,1,1,0,0,0,0,5.74518E+20,5.36089E+21,1.00067E+16,4.83967E+16
98258,9,2,74,113,2018,11,7,4,3,9,1,0,0,1,0,0,0,0,1,7.28836E+20,5.38379E+21,1.21019E+16,4.85654E+16
98259,9,7,78,118,2018,11,5,2,3,0,7,2,1,0,0,0,0,0,0,5.94261E+20,5.3121E+21,1.02625E+16,4.79552E+16
98260,9,7,78,134,2018,11,18,3,3,9,1,2,0,1,0,0,0,0,1,6.12072E+20,5.3332E+21,1.05066E+16,4.81422E+16
98261,9,7,78,221,2018,11,15,2,2,8,6,0,0,1,0,1,0,0,0,5.95578E+20,5.33851E+21,1.02861E+16,4.81926E+16
98262,9,7,63,0,2018,11,15,2,3,2,6,0,0,1,0,0,0,0,0,5.99695E+20,5.28511E+21,1.03291E+16,4.77117E+16
98263,9,1,75,132,2018,11,17,5,3,2,6,2,0,1,0,0,0,0,0,7.05302E+20,5.33385E+21,1.1759E+16,4.81248E+16
98264,9,4,73,141,2018,11,7,3,3,2,6,1,0,1,0,0,0,0,0,6.40986E+20,5.57265E+21,1.09792E+16,5.02891E+16
98265,9,7,71,146,2018,11,18,5,3,2,6,2,0,1,0,0,0,0,0,6.46785E+20,5.34868E+21,1.09783E+16,4.82743E+16
98266,9,7,80,117,2018,11,11,2,3,9,1,0,0,0,0,0,1,0,0,5.88874E+20,5.28118E+21,1.01841E+16,4.76779E+16
98267,9,7,77,121,2018,11,13,3,3,3,6,0,0,1,0,0,1,0,1,6.27414E+20,5.32043E+21,1.07089E+16,4.80244E+16
98268,9,7,80,119,2018,11,14,2,3,7,7,0,0,1,0,0,1,0,0,5.97213E+20,5.29651E+21,1.02986E+16,4.78146E+16
98269,9,7,80,118,2018,11,11,2,2,8,1,0,1,0,0,0,0,0,0,5.96693E+20,5.2654E+21,1.02847E+16,4.75348E+16
98270,9,1,74,135,2018,11,18,5,3,2,6,2,0,1,0,0,0,1,0,6.63229E+20,5.3533E+21,1.12015E+16,4.83118E+16
98271,9,5,74,138,2018,11,12,3,3,4,2,0,0,1,0,0,1,0,1,6.67082E+20,5.48751E+21,1.13084E+16,4.95172E+16
98272,9,7,73,125,2018,11,16,5,3,2,6,1,0,1,0,0,0,0,0,6.10577E+20,5.3821E+21,1.04993E+16,4.85823E+16
98273,9,1,89,127,2018,11,17,3,3,6,4,2,0,1,1,0,0,0,0,7.84514E+20,5.31718E+21,1.28103E+16,4.79447E+16
98274,9,7,76,111,2018,11,16,2,3,5,3,1,0,1,0,0,0,0,0,5.49915E+20,5.26827E+21,9.6636E+15,4.75659E+16
98275,9,1,72,132,2018,11,4,1,3,6,4,2,0,1,1,0,0,0,0,8.00218E+20,5.28033E+21,1.29946E+16,4.76068E+16
98276,9,5,61,0,2018,11,17,4,3,2,6,2,0,1,0,0,0,0,0,6.16391E+20,5.4613E+21,1.06007E+16,4.92933E+16
98277,9,3,72,171,2018,11,18,5,3,0,7,2,0,1,0,0,0,0,1,7.71549E+20,5.47417E+21,1.274E+16,4.93597E+16
98278,9,7,77,154,2018,11,19,2,3,6,7,2,0,1,0,0,0,1,0,6.06891E+20,5.30103E+21,1.04289E+16,4.78537E+16
98279,9,1,90,148,2018,11,17,4,3,2,5,2,0,1,0,0,0,0,0,6.42242E+20,5.29748E+21,1.09001E+16,4.78149E+16
98280,9,7,77,154,2018,11,17,2,1,4,6,2,0,1,0,0,0,0,0,6.06565E+20,5.30067E+21,1.04245E+16,4.78505E+16
98281,9,7,80,139,2018,11,21,3,3,4,6,2,0,1,0,0,0,0,1,5.95758E+20,5.26252E+21,1.02717E+16,4.7509E+16
98282,9,7,77,129,2018,11,14,2,3,5,2,0,0,1,0,0,0,0,0,6.26268E+20,5.27096E+21,1.06791E+16,4.75798E+16
98283,9,7,79,228,2018,11,17,2,3,4,7,2,0,1,0,0,0,0,0,6.25585E+20,5.41474E+21,1.07127E+16,4.88729E+16
98284,9,1,62,0,2018,11,18,4,3,2,6,2,0,1,0,0,0,0,1,6.89014E+20,5.32949E+21,1.15384E+16,4.80907E+16
98285,9,4,74,122,2018,11,7,3,3,2,6,0,0,1,0,0,0,1,1,6.51042E+20,5.50276E+21,1.10928E+16,4.96584E+16
98286,9,6,73,183,2018,11,15,5,3,5,3,0,0,1,0,0,0,0,0,5.86325E+20,5.57992E+21,1.02138E+16,5.0365E+16
98287,9,7,79,169,2018,11,19,2,3,6,6,2,0,1,1,0,0,0,1,6.31203E+20,5.4067E+21,1.07867E+16,4.87994E+16
98288,9,3,62,0,2018,11,7,4,3,2,6,0,0,1,0,0,1,0,0,7.25168E+20,5.43538E+21,1.20805E+16,4.90302E+16
98289,9,2,75,150,2018,11,22,5,3,7,7,2,0,0,0,1,0,1,1,8.32712E+20,5.39248E+21,1.35131E+16,4.85969E+16
98290,9,7,73,137,2018,11,23,2,2,0,1,2,0,1,0,0,0,0,1,6.01573E+20,5.38325E+21,1.03775E+16,4.8594E+16
98291,9,1,85,149,2018,11,16,4,3,2,6,2,0,1,0,0,0,0,0,6.62841E+20,5.40204E+21,1.12154E+16,4.87501E+16
98292,9,4,75,154,2018,11,14,4,3,2,6,0,0,1,0,0,1,0,0,6.99432E+20,5.56245E+21,1.17934E+16,5.01806E+16
98293,9,2,76,115,2018,11,7,5,2,4,6,0,0,1,0,0,0,0,0,8.08046E+20,5.44401E+21,1.32182E+16,4.90718E+16
98294,9,7,61,0,2018,11,13,2,3,2,5,0,0,1,0,0,0,0,0,6.41368E+20,5.35558E+21,1.09076E+16,4.83376E+16
98295,9,1,72,118,2018,11,6,4,3,2,6,1,0,1,0,0,0,0,0,7.98213E+20,5.30784E+21,1.29869E+16,4.78546E+16
98296,9,7,72,159,2018,11,22,2,2,4,6,2,0,1,0,0,0,0,1,6.26955E+20,5.36101E+21,1.07149E+16,4.83894E+16
98297,9,7,77,155,2018,11,7,3,3,5,2,0,0,1,0,0,0,0,0,6.28298E+20,5.31228E+21,1.07183E+16,4.7951E+16
98298,9,7,72,130,2018,11,9,2,3,4,2,0,0,1,0,0,0,0,0,6.30503E+20,5.35949E+21,1.07623E+16,4.8375E+16
98299,9,7,72,141,2018,11,11,2,1,4,6,0,0,1,0,1,0,0,0,6.24033E+20,5.35064E+21,1.06724E+16,4.82968E+16
98300,9,7,79,186,2018,11,18,4,3,5,3,2,0,1,0,1,0,0,1,6.36053E+20,5.4114E+21,1.08542E+16,4.88406E+16
98301,9,3,75,180,2018,11,17,3,3,2,1,1,0,1,0,0,0,0,1,7.23607E+20,5.43194E+21,1.20573E+16,4.89998E+16
98302,9,5,62,0,2018,11,18,5,3,7,7,2,1,0,0,0,0,1,0,6.47746E+20,5.49547E+21,1.10445E+16,4.95938E+16
98303,9,7,71,163,2018,11,12,2,3,8,1,0,0,1,0,0,0,0,0,6.47164E+20,5.34203E+21,1.09811E+16,4.82144E+16
98304,9,3,73,147,2018,11,20,4,3,5,3,2,0,1,0,0,0,0,0,6.8422E+20,5.46175E+21,1.1533E+16,4.92808E+16
98305,9,2,77,122,2018,11,14,5,3,4,6,0,0,1,0,0,1,0,0,7.71456E+20,5.36008E+21,1.26631E+16,4.83355E+16
98306,9,7,61,0,2018,11,7,2,3,0,1,0,0,0,0,1,0,0,1,6.36426E+20,5.36086E+21,1.08427E+16,4.83861E+16
98307,9,1,84,131,2018,11,14,4,3,2,6,0,0,0,0,0,1,0,0,7.04024E+20,5.33813E+21,1.17439E+16,4.81636E+16
98308,9,7,61,0,2018,11,22,2,3,2,6,2,0,1,0,0,0,0,0,6.43365E+20,5.36131E+21,1.09365E+16,4.83887E+16
98309,9,6,72,113,2018,11,13,3,3,9,1,0,0,0,0,1,0,0,1,5.58657E+20,5.5744E+21,9.82393E+15,5.03188E+16