OBJECTID_1,ULAND,UREGBEZ,UKREIS,UGEMEINDE,UJAHR,UMONAT,USTUNDE,UWOCHENTAG,UKATEGORIE,UART,UTYP1,ULICHTVERH,IstRad,IstPKW,IstFuss,IstKrad,IstGkfz,IstSonstig,STRZUSTAND,LINREFX,LINREFY,XGCSWGS84,YGCSWGS84
98310,9,1,62,0,2018,11,22,5,3,5,2,2,0,1,0,0,0,0,1,6.94984E+20,5.33299E+21,1.16201E+16,4.81203E+16
98311,9,7,61,0,2018,11,13,2,2,3,6,0,0,1,0,0,1,0,0,6.4285E+20,5.36002E+21,1.09291E+16,4.83772E+16
98312,9,7,61,0,2018,11,12,2,3,5,1,0,0,1,0,0,0,0,0,6.411E+20,5.35556E+21,1.0904E+16,4.83374E+16
98313,9,6,63,0,2018,11,12,2,3,0,1,0,1,0,0,0,0,0,0,5.68158E+20,5.51671E+21,9.94711E+15,4.9799E+16
98314,9,6,79,205,2018,11,6,3,3,5,2,1,0,1,0,0,0,0,1,5.55045E+20,5.51619E+21,9.76483E+15,4.97956E+16
98315,9,6,75,141,2018,11,15,2,3,5,3,0,0,1,0,0,1,0,0,5.83141E+20,5.50996E+21,1.01538E+16,4.97364E+16
98316,9,6,75,162,2018,11,20,2,2,0,7,2,1,0,0,0,0,0,0,5.96645E+20,5.5148E+21,1.03424E+16,4.97778E+16
98317,9,6,75,149,2018,11,15,4,2,5,3,0,0,1,0,0,0,0,0,5.82543E+20,5.50443E+21,1.01443E+16,4.96868E+16
98318,9,3,76,119,2018,11,14,3,3,1,6,0,0,1,0,0,0,0,1,7.19049E+20,5.46076E+21,1.20108E+16,4.92604E+16
98319,9,4,75,169,2018,11,12,5,3,9,1,0,0,0,0,1,0,0,0,6.89603E+20,5.57271E+21,1.1661E+16,5.02761E+16
98320,9,6,73,114,2018,11,12,2,3,5,3,0,0,1,0,0,0,0,0,5.84893E+20,5.57411E+21,1.01923E+16,5.0313E+16
98321,9,1,87,177,2018,11,4,1,2,8,1,2,0,1,0,0,0,0,0,7.36242E+20,5.30584E+21,1.21587E+16,4.78624E+16
98322,9,2,71,146,2018,11,12,4,2,5,2,0,1,1,0,0,0,0,0,7.83552E+20,5.41059E+21,1.28604E+16,4.87836E+16
98323,9,1,80,127,2018,11,18,5,3,2,6,2,0,1,0,0,0,0,0,6.65635E+20,5.27743E+21,1.12047E+16,4.76291E+16
98324,9,6,72,114,2018,11,9,2,3,8,1,0,0,1,0,0,0,0,1,5.73802E+20,5.56425E+21,1.00346E+16,5.02258E+16
98325,9,1,62,0,2018,11,8,3,3,2,6,0,0,1,0,0,0,0,0,6.90227E+20,5.32904E+21,1.15545E+16,4.80862E+16
98326,9,6,71,156,2018,11,15,2,2,9,6,0,0,0,0,0,1,0,0,5.23704E+20,5.53316E+21,9.33041E+15,4.99503E+16
98327,9,1,87,179,2018,11,13,5,2,2,6,0,0,1,0,1,0,0,0,7.24894E+20,5.31314E+21,1.2011E+16,4.79321E+16
98328,9,5,62,0,2018,11,18,3,3,1,5,2,1,1,0,0,0,0,0,6.44796E+20,5.49643E+21,1.1004E+16,4.96031E+16
98329,9,7,63,0,2018,11,18,5,3,0,3,2,0,1,0,0,0,0,0,6.00214E+20,5.28885E+21,1.03369E+16,4.77453E+16
98330,9,1,89,152,2018,11,17,3,3,1,6,2,0,1,0,0,0,0,0,7.80588E+20,5.33022E+21,1.27664E+16,4.80635E+16
98331,9,5,76,151,2018,11,15,2,3,2,6,0,0,1,0,0,1,0,0,6.60048E+20,5.47048E+21,1.12044E+16,4.9366E+16
98332,9,1,63,0,2018,11,15,1,3,5,3,0,1,1,0,0,0,0,0,7.33576E+20,5.30319E+21,1.21217E+16,4.78395E+16
98333,9,5,76,127,2018,11,7,4,3,2,6,0,0,1,0,0,0,1,0,6.58292E+20,5.44696E+21,1.1171E+16,4.9155E+16
98334,9,3,63,0,2018,11,9,5,3,5,3,0,1,1,0,0,0,0,0,7.27947E+20,5.50954E+21,1.2161E+16,4.96952E+16
98335,9,5,72,132,2018,11,18,2,3,5,3,2,0,1,0,0,0,0,1,6.3696E+20,5.49502E+21,1.08951E+16,4.95922E+16
98336,9,2,73,111,2018,11,13,4,3,2,5,0,0,1,0,0,0,0,0,7.08313E+20,5.41124E+21,1.18379E+16,4.88192E+16
98337,9,6,72,114,2018,11,14,4,3,8,1,0,0,1,0,0,0,0,1,5.80684E+20,5.55929E+21,1.01301E+16,5.01803E+16
98338,9,2,73,166,2018,11,21,3,3,5,3,2,0,1,0,1,0,0,1,7.16843E+20,5.42093E+21,1.19591E+16,4.89033E+16
98339,9,4,74,133,2018,11,16,5,2,8,1,2,0,0,0,1,0,0,0,6.41143E+20,5.51234E+21,1.09592E+16,4.9747E+16
98340,9,5,65,0,2018,11,6,2,3,0,2,2,0,1,0,1,0,0,1,6.46842E+20,5.46688E+21,1.10213E+16,4.93369E+16
98341,9,2,73,125,2018,11,0,4,3,7,7,2,0,1,0,0,1,0,0,7.17114E+20,5.41235E+21,1.19583E+16,4.88262E+16
98342,9,5,63,0,2018,11,7,2,3,4,6,1,0,1,0,0,0,1,0,6.42869E+20,5.48625E+21,1.09737E+16,4.9512E+16
98343,9,7,75,143,2018,11,19,3,3,2,6,2,0,1,0,0,0,0,1,5.85907E+20,5.35691E+21,1.01597E+16,4.83595E+16
98344,9,5,63,0,2018,11,13,2,2,0,7,0,1,0,0,0,0,0,0,6.44034E+20,5.48049E+21,1.09877E+16,4.946E+16
98345,9,5,63,0,2018,11,16,2,3,4,2,0,0,1,0,1,0,0,0,6.43905E+20,5.48293E+21,1.09868E+16,4.94819E+16
98346,9,1,81,130,2018,11,6,5,3,3,6,2,0,1,0,0,0,0,1,6.36962E+20,5.32343E+21,1.08379E+16,4.80495E+16
98347,9,5,73,114,2018,11,5,3,3,5,3,2,0,1,0,1,0,0,1,6.34965E+20,5.48019E+21,1.08625E+16,4.94594E+16
98348,9,7,72,131,2018,11,15,5,2,5,3,0,0,1,0,0,0,0,0,6.21596E+20,5.35703E+21,1.06414E+16,4.83547E+16
98349,9,1,87,165,2018,11,18,3,2,5,3,2,0,1,0,1,0,0,1,7.29836E+20,5.29457E+21,1.20672E+16,4.77635E+16
98350,9,5,71,229,2018,11,8,2,2,8,7,0,0,1,0,0,0,0,0,6.25227E+20,5.45494E+21,1.07202E+16,4.92344E+16
98351,9,5,75,145,2018,11,7,4,3,8,1,0,0,0,0,1,0,0,1,6.21115E+20,5.48485E+21,1.06729E+16,4.95041E+16
98352,9,3,75,208,2018,11,19,5,3,4,6,2,0,1,0,0,0,0,0,7.30758E+20,5.44047E+21,1.21598E+16,4.90738E+16
98353,9,5,71,175,2018,11,6,2,3,8,1,2,0,1,0,0,0,0,1,6.22488E+20,5.45629E+21,1.0683E+16,4.92471E+16
98354,9,1,83,131,2018,11,17,4,3,0,7,2,0,1,1,0,0,0,1,7.63606E+20,5.36049E+21,1.25577E+16,4.83426E+16
98355,9,5,71,128,2018,11,18,2,3,9,1,2,0,1,0,0,0,0,1,6.06627E+20,5.44366E+21,1.04618E+16,4.91365E+16
98356,9,7,77,114,2018,11,22,3,3,8,1,2,0,1,0,0,0,0,0,6.14881E+20,5.3126E+21,1.05388E+16,4.79564E+16
98357,9,5,61,0,2018,11,21,2,3,0,7,2,1,0,0,0,0,0,0,6.15279E+20,5.46181E+21,1.05856E+16,4.92981E+16
98358,9,5,71,196,2018,11,16,2,3,5,3,0,1,1,0,0,0,0,0,6.20666E+20,5.46039E+21,1.06592E+16,4.92843E+16
98359,9,7,74,185,2018,11,10,4,3,0,1,0,0,0,0,1,0,0,1,6.10631E+20,5.3494E+21,1.04914E+16,4.82881E+16
98360,9,4,75,181,2018,11,17,2,1,4,6,2,0,1,0,0,0,0,0,7.03847E+20,5.58681E+21,1.18683E+16,5.03979E+16
98361,9,7,74,135,2018,11,6,3,3,0,1,2,1,0,0,0,0,0,0,5.94965E+20,5.36868E+21,1.02846E+16,4.84641E+16
98362,9,4,63,0,2018,11,16,2,3,2,6,1,0,1,0,0,0,0,0,6.39558E+20,5.56905E+21,1.09578E+16,5.02571E+16
98363,9,4,73,134,2018,11,13,2,3,2,6,0,0,1,0,1,0,0,0,6.45716E+20,5.56534E+21,1.10427E+16,5.02222E+16
98364,9,1,84,119,2018,11,16,5,3,2,6,2,0,1,0,0,0,0,0,6.95958E+20,5.34646E+21,1.16394E+16,4.8241E+16
98365,9,5,74,155,2018,11,13,3,2,8,1,0,0,1,0,0,0,0,1,6.73988E+20,5.49931E+21,1.1409E+16,4.96213E+16
98366,9,7,61,0,2018,11,19,5,3,0,1,2,1,0,0,0,0,0,1,6.41494E+20,5.35389E+21,1.09088E+16,4.83223E+16
98367,9,4,74,154,2018,11,15,2,3,5,3,0,1,1,0,0,0,0,0,6.54218E+20,5.49748E+21,1.11347E+16,4.96102E+16
98368,9,4,64,0,2018,11,12,4,2,5,3,0,0,1,0,1,0,0,0,7.0616E+20,5.57786E+21,1.18959E+16,5.03167E+16
98369,9,2,71,151,2018,11,7,5,3,5,2,0,0,1,0,0,0,0,0,7.79258E+20,5.41231E+21,1.28032E+16,4.8801E+16
98370,9,4,74,126,2018,11,10,2,3,1,6,0,0,1,0,0,0,0,0,6.48946E+20,5.50721E+21,1.10655E+16,4.9699E+16
98371,9,1,63,0,2018,11,16,4,2,0,7,1,1,0,0,0,0,0,0,7.32608E+20,5.30652E+21,1.21106E+16,4.78698E+16
98372,9,4,74,126,2018,11,6,2,3,1,6,1,0,1,0,0,0,0,0,6.48941E+20,5.50721E+21,1.10654E+16,4.9699E+16
98373,9,7,61,0,2018,11,18,3,3,2,6,2,0,1,0,0,0,0,1,6.39812E+20,5.35249E+21,1.08856E+16,4.83102E+16
98374,9,4,74,173,2018,11,11,2,3,2,6,0,0,1,0,0,0,0,0,6.62497E+20,5.49983E+21,1.12502E+16,4.96291E+16
98375,9,1,87,131,2018,11,6,3,3,1,7,0,0,1,0,0,0,1,0,7.34418E+20,5.29019E+21,1.21259E+16,4.77225E+16
98376,9,3,77,154,2018,11,15,2,3,0,1,0,1,0,0,0,0,0,0,7.45945E+20,5.52867E+21,1.24222E+16,4.98599E+16
98377,9,2,79,128,2018,11,21,3,2,8,1,2,0,1,0,0,0,0,0,7.5421E+20,5.39621E+21,1.24529E+16,4.86671E+16
98378,9,7,71,130,2018,11,8,4,3,4,1,0,0,1,0,0,0,0,1,6.51281E+20,5.35173E+21,1.104E+16,4.83007E+16
98379,9,3,75,165,2018,11,6,3,3,0,7,1,0,1,0,0,0,0,1,7.20167E+20,5.44412E+21,1.2017E+16,4.91104E+16
98380,9,5,76,113,2018,11,17,5,3,2,6,2,0,1,0,0,0,0,0,6.6431E+20,5.45499E+21,1.12567E+16,4.92256E+16
98381,9,3,77,118,2018,11,16,2,3,2,6,0,0,1,0,0,0,1,0,7.22968E+20,5.52951E+21,1.21035E+16,4.98764E+16
98382,9,3,73,147,2018,11,7,4,3,0,6,0,0,0,0,1,1,0,1,6.78112E+20,5.45966E+21,1.14482E+16,4.92637E+16
98383,9,2,61,0,2018,11,8,5,3,5,3,0,1,1,0,0,0,0,0,7.30856E+20,5.38186E+21,1.21282E+16,4.85473E+16
98384,9,3,74,131,2018,11,17,2,3,5,3,2,0,1,0,0,0,1,1,7.18173E+20,5.49848E+21,1.20195E+16,4.95995E+16
98385,9,3,74,128,2018,11,8,3,2,8,6,0,0,1,0,0,0,0,0,7.27109E+20,5.51811E+21,1.21543E+16,4.97725E+16
98386,9,5,74,112,2018,11,19,5,3,8,1,2,0,1,0,0,0,0,0,6.72243E+20,5.47479E+21,1.13741E+16,4.94014E+16
98387,9,3,75,117,2018,11,6,2,3,2,6,0,0,1,0,0,1,0,1,7.42976E+20,5.43231E+21,1.23219E+16,4.89958E+16
98388,9,3,75,130,2018,11,17,4,2,5,3,1,0,1,0,0,0,0,0,7.34404E+20,5.43544E+21,1.22067E+16,4.90273E+16
98389,9,2,72,120,2018,11,12,5,3,5,3,0,0,1,0,0,0,0,0,8.22306E+20,5.42019E+21,1.3394E+16,4.88508E+16
98390,9,3,62,0,2018,11,16,2,3,1,5,0,1,1,0,0,0,1,0,7.27899E+20,5.43294E+21,1.21165E+16,4.90072E+16
98391,9,1,79,123,2018,11,17,4,3,2,6,2,0,1,0,0,0,0,0,6.78211E+20,5.33229E+21,1.13946E+16,4.81189E+16
98392,9,3,75,153,2018,11,7,2,3,8,1,0,0,1,0,0,0,0,1,7.20854E+20,5.44719E+21,1.20281E+16,4.91378E+16
98393,9,6,63,0,2018,11,7,3,3,3,6,0,0,1,0,1,0,0,1,5.71024E+20,5.51951E+21,9.98743E+15,4.98238E+16
98394,9,3,62,0,2018,11,6,2,3,3,6,1,0,1,0,0,0,0,1,7.3045E+20,5.432E+21,1.21508E+16,4.89978E+16
98395,9,1,87,137,2018,11,8,3,3,5,3,0,0,1,0,0,0,0,0,7.2946E+20,5.31196E+21,1.20715E+16,4.79198E+16
98396,9,3,73,159,2018,11,9,2,3,5,3,0,0,1,0,0,0,1,0,6.78709E+20,5.4551E+21,1.14544E+16,4.92226E+16
98397,9,6,77,148,2018,11,15,4,2,8,1,0,0,0,0,1,0,0,1,5.59074E+20,5.53205E+21,9.82323E+15,4.99379E+16
98398,9,4,72,155,2018,11,17,5,3,2,6,2,0,1,0,0,1,0,0,6.80037E+20,5.52396E+21,1.1504E+16,4.9841E+16
98399,9,3,73,147,2018,11,9,2,3,6,4,0,0,1,1,0,0,0,0,6.78638E+20,5.46116E+21,1.14561E+16,4.9277E+16
98400,9,1,87,157,2018,11,13,1,3,0,1,0,1,0,0,0,0,0,0,7.31025E+20,5.2845E+21,1.20778E+16,4.76726E+16
98401,9,2,78,139,2018,11,18,4,3,6,4,2,0,1,1,0,0,0,1,7.71637E+20,5.42625E+21,1.27089E+16,4.89295E+16
98402,9,3,73,155,2018,11,5,2,3,5,3,1,0,1,0,0,0,0,1,6.71512E+20,5.46301E+21,1.1359E+16,4.92958E+16
98403,9,7,78,202,2018,11,18,3,3,4,1,0,0,1,0,0,0,0,1,5.89659E+20,5.31691E+21,1.02019E+16,4.79992E+16
98404,9,1,87,122,2018,11,9,3,3,1,5,0,0,1,0,0,1,0,0,7.17976E+20,5.30664E+21,1.19153E+16,4.7876E+16
98405,9,3,73,112,2018,11,18,2,3,5,3,2,0,1,0,0,0,0,0,6.79147E+20,5.43997E+21,1.14536E+16,4.90865E+16
98406,9,1,85,158,2018,11,17,5,3,5,3,2,0,1,0,0,0,0,0,6.67431E+20,5.38049E+21,1.1269E+16,4.85551E+16
98407,9,1,78,145,2018,11,5,4,3,2,6,2,0,1,0,0,0,0,1,6.96022E+20,5.35603E+21,1.16447E+16,4.83271E+16
98408,9,3,73,147,2018,11,16,2,3,3,2,1,1,1,0,0,0,0,1,6.78638E+20,5.46116E+21,1.14561E+16,4.9277E+16
98409,9,1,89,154,2018,11,6,5,3,4,2,2,0,1,0,1,0,0,1,7.68396E+20,5.31547E+21,1.25938E+16,4.79363E+16
98410,9,5,72,133,2018,11,11,3,2,3,1,0,0,1,0,0,0,0,1,6.38477E+20,5.49933E+21,1.09176E+16,4.96307E+16
98411,9,7,78,115,2018,11,15,5,3,2,6,0,0,1,0,0,0,0,0,5.93548E+20,5.33313E+21,1.02576E+16,4.81445E+16
98412,9,3,76,150,2018,11,19,2,2,3,6,2,0,1,0,0,0,0,1,7.29154E+20,5.49017E+21,1.21664E+16,4.95208E+16
98413,9,1,61,0,2018,11,0,3,2,5,3,2,0,1,0,0,0,0,1,6.8136E+20,5.40222E+21,1.14671E+16,4.87465E+16
98414,9,3,76,161,2018,11,19,2,3,2,6,2,0,1,0,0,0,0,0,7.27382E+20,5.46247E+21,1.21261E+16,4.92727E+16
98415,9,6,71,152,2018,11,7,4,2,0,7,0,1,0,0,0,0,0,0,5.1735E+20,5.54841E+21,9.24254E+15,5.00877E+16
98416,9,4,61,0,2018,11,17,5,3,4,2,2,0,1,0,0,0,0,0,6.37377E+20,5.53065E+21,1.09135E+16,4.99124E+16
98417,9,3,76,164,2018,11,14,2,3,8,7,0,0,1,0,0,0,0,0,7.42106E+20,5.47304E+21,1.23346E+16,4.9362E+16
98418,9,2,74,113,2018,11,5,4,3,2,6,2,0,1,0,0,0,0,0,7.28384E+20,5.38393E+21,1.20959E+16,4.85668E+16
98419,9,3,76,170,2018,11,7,2,3,8,1,1,0,1,0,0,0,0,0,7.26227E+20,5.4567E+21,1.2107E+16,4.92212E+16
98420,9,7,75,135,2018,11,17,3,3,2,7,2,0,1,0,0,1,0,1,5.75387E+20,5.35967E+21,1.00182E+16,4.83857E+16
98421,9,3,71,121,2018,11,11,2,3,4,6,0,0,1,0,0,0,0,0,7.1045E+20,5.50059E+21,1.19139E+16,4.96212E+16
98422,9,1,61,0,2018,11,17,3,3,0,2,2,1,1,0,0,0,0,1,6.79248E+20,5.40313E+21,1.14388E+16,4.87553E+16
98423,9,2,76,117,2018,11,12,2,3,2,2,0,0,1,0,0,0,0,0,7.99374E+20,5.44201E+21,1.30983E+16,4.90581E+16
98424,9,1,84,112,2018,11,17,5,3,2,6,2,0,1,0,0,0,1,0,7.01604E+20,5.34075E+21,1.17126E+16,4.8188E+16
98425,9,4,75,136,2018,11,14,3,3,5,3,0,0,1,0,0,0,0,1,6.93155E+20,5.56795E+21,1.17084E+16,5.02321E+16
98426,9,7,72,217,2018,11,20,5,3,8,1,2,0,1,0,0,0,0,0,6.36023E+20,5.38203E+21,1.08442E+16,4.85766E+16
98427,9,2,71,135,2018,11,18,2,3,2,1,2,0,1,0,0,0,0,1,7.91729E+20,5.40557E+21,1.29679E+16,4.87347E+16
98428,9,1,76,126,2018,11,18,3,3,2,6,2,0,1,0,0,0,0,1,6.74798E+20,5.40691E+21,1.138E+16,4.87906E+16
98429,9,5,61,0,2018,11,7,4,2,4,6,0,0,1,0,0,1,0,1,6.1496E+20,5.45957E+21,1.05806E+16,4.92781E+16
98430,9,3,72,164,2018,11,9,5,3,8,1,0,0,0,0,1,0,0,0,7.66057E+20,5.45338E+21,1.26507E+16,4.91755E+16
98431,9,2,75,126,2018,11,18,2,3,8,7,2,0,0,0,1,0,0,0,8.40053E+20,5.40067E+21,1.3619E+16,4.86663E+16
98432,9,5,74,138,2018,11,15,3,3,2,6,0,0,1,0,1,0,0,1,6.66758E+20,5.48752E+21,1.1304E+16,4.95173E+16
98433,9,7,79,228,2018,11,6,5,3,8,6,1,0,1,0,0,0,0,1,6.27584E+20,5.41495E+21,1.074E+16,4.88744E+16
98434,9,2,75,153,2018,11,6,2,3,5,3,1,0,1,0,0,0,0,0,8.46401E+20,5.3942E+21,1.36996E+16,4.86048E+16
98435,9,5,64,0,2018,11,14,4,3,5,7,0,0,1,0,0,0,0,0,6.53259E+20,5.48316E+21,1.11159E+16,4.94817E+16
98436,9,3,75,210,2018,11,18,5,3,3,6,2,0,1,0,0,0,1,0,7.48429E+20,5.43269E+21,1.23966E+16,4.89971E+16
98437,9,2,62,0,2018,11,15,2,2,6,4,0,0,1,1,0,0,0,0,8.26307E+20,5.38801E+21,1.3423E+16,4.85602E+16
98438,9,1,90,120,2018,11,13,4,2,5,3,0,0,1,0,1,0,0,0,6.65153E+20,5.29699E+21,1.12057E+16,4.7805E+16
98439,9,2,62,0,2018,11,10,2,3,2,6,0,0,1,0,0,0,0,0,8.23541E+20,5.38833E+21,1.33859E+16,4.85645E+16
98440,9,7,80,118,2018,11,15,3,3,4,6,1,0,1,0,0,0,0,0,5.94475E+20,5.26739E+21,1.02557E+16,4.75531E+16
98441,9,2,75,130,2018,11,17,2,3,2,6,1,0,1,0,0,0,0,0,8.14827E+20,5.36409E+21,1.32499E+16,4.83514E+16
98442,9,1,61,0,2018,11,17,3,3,2,6,2,0,1,0,0,0,0,0,6.77184E+20,5.40428E+21,1.14113E+16,4.87663E+16
98443,9,2,74,134,2018,11,13,2,3,6,4,0,0,1,1,0,0,0,0,7.40361E+20,5.37435E+21,1.22525E+16,4.84763E+16
98444,9,1,77,143,2018,11,12,5,3,3,6,0,0,1,0,0,0,1,0,7.19037E+20,5.36387E+21,1.19588E+16,4.83899E+16
98445,9,4,74,160,2018,11,12,3,3,8,1,0,0,1,0,0,0,0,1,6.49991E+20,5.50446E+21,1.10789E+16,4.9674E+16
98446,9,6,73,114,2018,11,17,5,3,5,3,2,1,1,0,0,0,0,1,5.85789E+20,5.57484E+21,1.02051E+16,5.03194E+16
98447,9,2,74,184,2018,11,6,2,3,2,6,1,0,1,0,0,0,0,0,7.47954E+20,5.36923E+21,1.2352E+16,4.84274E+16
98448,9,4,61,0,2018,11,15,4,3,2,6,0,0,1,0,0,0,0,0,6.36421E+20,5.53133E+21,1.09004E+16,4.99187E+16
98449,9,2,75,146,2018,11,6,5,3,4,2,2,1,1,0,0,0,0,1,8.30498E+20,5.39322E+21,1.34837E+16,4.86046E+16
98450,9,2,61,0,2018,11,16,2,2,4,2,1,1,1,0,0,0,0,0,7.31676E+20,5.38223E+21,1.21395E+16,4.85503E+16
98451,9,1,82,116,2018,11,14,4,3,5,3,0,0,1,0,0,0,0,0,7.05744E+20,5.29163E+21,1.17447E+16,4.77452E+16
98452,9,2,74,128,2018,11,7,2,3,2,6,0,0,1,0,0,0,0,0,7.41632E+20,5.38895E+21,1.22781E+16,4.8607E+16
98453,9,7,72,111,2018,11,6,3,3,3,6,1,0,1,0,0,0,0,0,6.27721E+20,5.36406E+21,1.07262E+16,4.84167E+16
98454,9,2,79,134,2018,11,7,2,2,9,1,1,0,1,0,0,0,0,1,7.65265E+20,5.38909E+21,1.25982E+16,4.85986E+16
98455,9,1,89,118,2018,11,13,4,3,2,6,0,0,1,0,0,1,0,0,7.85071E+20,5.32466E+21,1.28227E+16,4.80116E+16
98456,9,2,79,134,2018,11,21,2,2,4,6,2,0,1,0,0,0,0,0,7.67349E+20,5.38383E+21,1.2623E+16,4.85505E+16
98457,9,7,77,140,2018,11,15,3,3,4,1,0,0,1,0,1,0,0,1,6.28983E+20,5.31763E+21,1.07291E+16,4.7999E+16
98458,9,2,79,128,2018,11,12,2,3,2,6,0,0,1,0,0,0,0,0,7.55561E+20,5.39523E+21,1.24706E+16,4.86578E+16
98459,9,1,88,144,2018,11,10,3,3,2,6,0,0,1,0,0,0,0,0,6.66203E+20,5.32863E+21,1.1232E+16,4.80893E+16
98460,9,1,90,152,2018,11,14,2,3,5,3,0,0,0,0,1,1,0,0,6.68289E+20,5.29995E+21,1.12487E+16,4.78309E+16
98461,9,7,77,151,2018,11,18,4,3,5,3,2,0,1,0,0,0,0,1,6.20178E+20,5.29239E+21,1.06041E+16,4.77736E+16
98462,9,3,74,163,2018,11,9,3,2,9,1,0,0,1,0,0,0,0,1,6.9714E+20,5.52168E+21,1.17405E+16,4.98152E+16
98463,9,5,76,128,2018,11,13,5,3,1,6,0,0,1,0,0,0,0,0,6.42265E+20,5.46315E+21,1.09571E+16,4.93045E+16
98464,9,1,89,140,2018,11,12,2,3,0,1,0,1,0,0,0,0,0,0,7.7458E+20,5.29416E+21,1.2663E+16,4.77423E+16
98465,9,3,73,119,2018,11,6,4,3,8,7,1,0,1,0,0,0,0,1,6.84781E+20,5.45288E+21,1.15366E+16,4.92008E+16
98466,9,2,77,116,2018,11,13,5,3,2,6,0,0,1,0,0,0,0,0,7.7724E+20,5.37087E+21,1.27481E+16,4.84299E+16
98467,9,1,89,154,2018,11,19,2,3,4,2,2,0,1,0,0,0,0,1,7.65972E+20,5.31907E+21,1.25637E+16,4.79696E+16
98468,9,1,81,145,2018,11,19,4,3,2,6,2,0,1,0,0,0,0,1,6.47595E+20,5.33044E+21,1.09829E+16,4.81102E+16
98469,9,1,83,128,2018,11,8,2,3,4,2,0,0,1,0,0,0,0,1,7.61908E+20,5.34888E+21,1.25276E+16,4.8239E+16
98470,9,6,74,164,2018,11,14,3,3,4,2,0,0,1,0,0,0,0,0,6.11975E+20,5.54867E+21,1.05651E+16,5.00798E+16
98471,9,1,84,136,2018,11,12,5,3,0,7,0,0,0,0,0,0,1,0,6.98976E+20,5.32732E+21,1.1671E+16,4.80681E+16
98472,9,1,89,134,2018,11,19,2,3,4,6,2,1,0,0,0,0,0,1,7.71011E+20,5.32154E+21,1.26326E+16,4.79897E+16
98473,9,1,79,142,2018,11,18,3,3,5,3,2,0,1,0,1,0,0,0,6.70964E+20,5.34113E+21,1.13009E+16,4.82004E+16
98474,9,1,89,120,2018,11,17,2,3,4,1,0,0,1,0,0,0,0,0,7.60543E+20,5.29868E+21,1.24788E+16,4.77887E+16
98475,9,6,72,139,2018,11,5,4,2,4,1,2,0,1,0,0,0,0,1,5.68562E+20,5.56087E+21,9.96059E+15,5.0196E+16
98476,9,4,62,0,2018,11,19,5,2,2,6,2,0,1,0,1,0,0,0,6.84406E+20,5.53559E+21,1.15703E+16,4.99442E+16
98477,9,1,72,111,2018,11,7,2,3,5,3,0,0,1,0,0,0,0,0,7.95625E+20,5.301E+21,1.29477E+16,4.77944E+16
98478,9,1,81,129,2018,11,20,3,3,9,1,2,0,1,0,0,0,0,1,6.43186E+20,5.30439E+21,1.0915E+16,4.78769E+16
98479,9,1,71,129,2018,11,12,2,3,8,1,0,0,1,0,0,0,0,0,7.75272E+20,5.35827E+21,1.27133E+16,4.83176E+16
98480,9,6,79,205,2018,11,13,4,3,2,6,0,0,1,0,0,0,0,0,5.54547E+20,5.51649E+21,9.75796E+15,4.97984E+16
98481,9,3,76,163,2018,11,2,3,3,8,1,2,0,1,0,0,0,0,1,7.30543E+20,5.47575E+21,1.21771E+16,4.93907E+16
98482,9,5,63,0,2018,11,12,5,3,2,6,0,0,1,0,0,0,0,0,6.42107E+20,5.48743E+21,1.09636E+16,4.95228E+16
98483,9,1,71,133,2018,11,6,2,3,0,1,2,0,0,0,1,0,0,1,7.67921E+20,5.34598E+21,1.26066E+16,4.82104E+16
98484,9,2,76,134,2018,11,23,4,3,7,1,2,0,1,0,0,0,0,0,7.91124E+20,5.43666E+21,1.29818E+16,4.9014E+16
98485,9,1,90,148,2018,11,6,5,3,6,1,1,1,0,1,0,0,0,1,6.42575E+20,5.29678E+21,1.09043E+16,4.78085E+16
98486,9,1,84,148,2018,11,12,2,3,2,6,0,0,1,0,0,0,0,0,6.93362E+20,5.32631E+21,1.15953E+16,4.80607E+16
98487,9,1,78,124,2018,11,16,4,3,5,1,0,1,1,0,0,0,0,0,7.035E+20,5.36476E+21,1.17497E+16,4.84031E+16
98488,9,1,81,130,2018,11,7,3,3,5,3,0,1,1,0,0,0,0,1,6.39911E+20,5.32343E+21,1.08774E+16,4.80488E+16
98489,9,1,87,170,2018,11,7,2,3,6,3,0,0,1,1,0,0,0,0,7.33507E+20,5.31826E+21,1.2129E+16,4.7975E+16
98490,9,1,89,152,2018,11,12,5,3,5,7,0,0,1,0,0,0,0,0,7.7899E+20,5.3282E+21,1.27437E+16,4.8046E+16
98491,9,5,72,111,2018,11,13,3,3,4,6,0,0,1,0,0,0,0,1,6.36328E+20,5.50883E+21,1.08912E+16,4.97165E+16
98492,9,7,78,204,2018,11,0,5,3,9,1,2,0,1,0,0,0,0,1,6.15469E+20,5.32637E+21,1.05504E+16,4.80801E+16
98493,9,1,87,124,2018,11,6,2,1,5,3,1,0,1,0,1,0,0,1,7.33E+20,5.3296E+21,1.21283E+16,4.8077E+16
98494,9,1,78,120,2018,11,22,3,3,4,6,2,0,1,0,0,0,0,1,6.9138E+20,5.35243E+21,1.15805E+16,4.82961E+16
98495,9,5,65,0,2018,11,8,4,3,1,6,0,0,1,0,0,0,0,0,6.49207E+20,5.46591E+21,1.10535E+16,4.93277E+16