OBJECTID_1,ULAND,UREGBEZ,UKREIS,UGEMEINDE,UJAHR,UMONAT,USTUNDE,UWOCHENTAG,UKATEGORIE,UART,UTYP1,ULICHTVERH,IstRad,IstPKW,IstFuss,IstKrad,IstGkfz,IstSonstig,STRZUSTAND,LINREFX,LINREFY,XGCSWGS84,YGCSWGS84
98496,9,2,79,127,2018,11,6,3,3,5,3,2,0,1,0,0,0,0,0,7.53064E+20,5.40208E+21,1.24409E+16,4.87204E+16
98497,9,3,63,0,2018,11,20,5,2,3,6,2,0,1,0,0,1,0,0,7.25581E+20,5.50814E+21,1.21274E+16,4.96836E+16
98498,9,1,82,124,2018,11,8,2,3,0,1,0,1,0,0,0,0,0,0,7.07027E+20,5.28466E+21,1.17585E+16,4.76822E+16
98499,9,2,61,0,2018,11,10,4,3,2,6,0,0,1,0,0,0,0,0,7.34048E+20,5.38153E+21,1.21712E+16,4.85431E+16
98500,9,1,76,143,2018,11,17,2,3,4,6,2,0,1,0,0,0,0,0,6.80824E+20,5.40885E+21,1.14628E+16,4.88064E+16
98501,9,7,75,115,2018,11,12,3,3,4,6,0,0,1,0,0,0,0,0,5.81327E+20,5.34501E+21,1.00956E+16,4.82531E+16
98502,9,1,85,168,2018,11,21,2,3,0,1,2,0,1,0,0,0,0,1,6.73107E+20,5.39624E+21,1.13525E+16,4.86952E+16
98503,9,1,77,126,2018,11,15,3,3,3,6,0,0,1,0,0,0,0,1,7.19222E+20,5.37041E+21,1.19648E+16,4.84486E+16
98504,9,2,75,120,2018,11,16,4,3,2,6,1,0,1,0,0,0,0,0,8.13975E+20,5.40521E+21,1.32693E+16,4.87207E+16
98505,9,1,85,149,2018,11,11,2,3,2,6,0,0,1,0,0,0,0,0,6.61088E+20,5.4019E+21,1.11915E+16,4.87492E+16
98506,9,7,75,152,2018,11,15,3,3,8,1,0,0,1,0,0,0,0,1,5.80718E+20,5.35301E+21,1.00889E+16,4.83252E+16
98507,9,1,86,122,2018,11,16,2,3,5,3,0,1,0,0,0,1,0,0,6.92286E+20,5.39576E+21,1.16126E+16,4.86852E+16
98508,9,1,75,135,2018,11,14,3,3,6,4,0,0,1,1,0,0,0,0,7.08663E+20,5.3393E+21,1.18068E+16,4.81726E+16
98509,9,1,76,160,2018,11,19,2,3,4,2,2,0,1,0,0,0,0,1,6.54116E+20,5.41892E+21,1.11031E+16,4.8904E+16
98510,9,1,81,146,2018,11,19,5,2,2,6,2,0,1,0,0,0,0,0,6.52286E+20,5.32657E+21,1.10445E+16,4.80742E+16
98511,9,5,64,0,2018,11,17,3,3,1,6,2,0,1,0,0,0,0,0,6.54278E+20,5.47785E+21,1.11279E+16,4.94337E+16
98512,9,7,61,0,2018,11,17,5,3,2,6,2,0,1,0,0,0,0,0,6.41036E+20,5.35692E+21,1.09036E+16,4.83497E+16
98513,9,1,62,0,2018,11,11,2,3,8,1,0,0,1,0,0,0,0,0,6.83627E+20,5.33302E+21,1.14676E+16,4.81239E+16
98514,9,1,75,111,2018,11,15,3,3,5,3,0,0,1,0,0,0,0,0,7.12343E+20,5.33834E+21,1.18557E+16,4.81628E+16
98515,9,5,77,136,2018,11,6,4,2,5,3,2,0,1,0,0,0,0,1,6.27415E+20,5.4403E+21,1.07456E+16,4.91023E+16
98516,9,3,75,179,2018,11,11,5,3,0,3,0,0,1,0,0,0,0,0,7.29022E+20,5.42732E+21,1.21286E+16,4.89563E+16
98517,9,1,62,0,2018,11,12,2,3,9,1,0,0,1,0,0,0,0,0,6.84376E+20,5.33302E+21,1.14777E+16,4.81237E+16
98518,9,2,79,122,2018,11,18,3,3,5,3,2,0,1,0,0,0,0,0,7.7298E+20,5.39547E+21,1.27068E+16,4.86526E+16
98519,9,1,89,155,2018,11,10,4,2,3,2,0,1,1,0,0,0,0,0,7.72089E+20,5.30801E+21,1.26385E+16,4.78677E+16
98520,9,1,62,0,2018,11,9,2,3,3,6,0,0,1,0,0,0,0,0,6.81145E+20,5.34024E+21,1.14374E+16,4.81895E+16
98521,9,7,77,151,2018,11,13,3,3,5,3,0,0,1,0,1,0,0,0,6.20178E+20,5.29239E+21,1.06041E+16,4.77736E+16
98522,9,1,88,139,2018,11,14,2,3,5,3,0,1,0,0,0,0,1,0,6.75132E+20,5.32014E+21,1.13483E+16,4.80105E+16
98523,9,1,78,130,2018,11,13,3,3,5,3,2,0,1,0,0,0,0,0,7.04059E+20,5.35655E+21,1.17532E+16,4.83291E+16
98524,9,1,81,130,2018,11,16,2,3,6,7,0,0,0,1,0,0,1,0,6.39841E+20,5.32335E+21,1.08764E+16,4.80481E+16
98525,9,1,84,138,2018,11,17,4,3,5,7,1,1,0,0,0,0,1,0,6.81197E+20,5.33068E+21,1.1434E+16,4.81036E+16
98526,9,4,61,0,2018,11,15,3,3,1,6,0,0,1,0,0,0,0,0,6.36419E+20,5.53002E+21,1.08999E+16,4.9907E+16
98527,9,6,77,182,2018,11,3,5,3,8,6,2,0,0,0,0,1,0,0,5.36478E+20,5.52119E+21,9.50733E+15,4.98421E+16
98528,9,1,78,145,2018,11,17,2,3,2,6,2,0,1,0,0,0,0,0,6.93361E+20,5.35708E+21,1.16093E+16,4.83373E+16
98529,9,1,78,143,2018,11,13,3,3,0,1,0,1,0,0,0,0,0,0,7.17005E+20,5.37253E+21,1.19359E+16,4.84684E+16
98530,9,3,75,165,2018,11,7,4,3,2,1,0,0,1,0,0,0,0,0,7.26156E+20,5.44019E+21,1.20967E+16,4.9073E+16
98531,9,1,77,144,2018,11,0,2,3,8,1,2,0,1,0,0,0,0,0,7.14343E+20,5.34664E+21,1.18868E+16,4.82367E+16
98532,9,1,62,0,2018,11,18,5,3,9,6,0,0,1,0,0,0,0,0,7.01116E+20,5.33564E+21,1.17036E+16,4.81422E+16
98533,9,4,78,111,2018,11,7,3,3,5,3,1,0,1,0,0,0,0,1,6.60398E+20,5.55584E+21,1.12444E+16,5.01331E+16
98534,9,7,61,0,2018,11,6,5,3,2,2,2,0,1,0,0,0,0,1,6.42049E+20,5.36486E+21,1.092E+16,4.84208E+16
98535,9,1,77,130,2018,11,8,2,3,2,6,0,0,1,0,0,0,0,0,7.07266E+20,5.35087E+21,1.17937E+16,4.82771E+16
98536,9,1,78,144,2018,11,7,3,3,4,6,0,0,1,0,1,0,0,1,7.08014E+20,5.37764E+21,1.1817E+16,4.85174E+16
98537,9,4,75,154,2018,11,14,4,3,2,6,0,0,1,0,0,0,0,0,6.99503E+20,5.56349E+21,1.1795E+16,5.019E+16
98538,9,2,63,0,2018,11,17,5,3,1,6,2,0,1,0,0,0,0,0,7.65016E+20,5.42219E+21,1.26161E+16,4.88959E+16
98539,9,1,62,0,2018,11,14,1,3,5,2,0,1,1,0,0,0,0,0,6.96037E+20,5.33381E+21,1.16346E+16,4.81273E+16
98540,9,1,72,128,2018,11,16,4,3,2,6,0,0,1,0,0,0,0,0,7.9222E+20,5.29641E+21,1.28992E+16,4.77548E+16
98541,9,7,78,149,2018,11,14,1,2,4,2,0,1,1,0,0,0,0,0,5.9426E+20,5.31386E+21,1.02629E+16,4.79711E+16
98542,9,7,72,163,2018,11,8,3,3,2,6,0,0,1,0,0,0,0,0,6.39087E+20,5.35024E+21,1.08751E+16,4.829E+16
98543,9,7,80,143,2018,11,15,1,3,4,1,0,0,1,0,0,0,0,0,5.9008E+20,5.27569E+21,1.0199E+16,4.76284E+16
98544,9,1,78,144,2018,11,7,3,3,4,3,1,0,1,0,0,1,0,1,7.08013E+20,5.37765E+21,1.1817E+16,4.85174E+16
98545,9,7,79,184,2018,11,16,1,2,8,1,0,0,0,0,1,0,0,0,6.20376E+20,5.40289E+21,1.06382E+16,4.87673E+16
98546,9,7,73,125,2018,11,21,4,2,8,1,2,0,1,0,0,0,0,0,6.11485E+20,5.37995E+21,1.05111E+16,4.85627E+16
98547,9,3,75,196,2018,11,16,3,3,4,2,1,0,1,0,0,0,0,0,7.28462E+20,5.41431E+21,1.21137E+16,4.88397E+16
98548,9,5,76,137,2018,11,19,5,3,3,6,2,0,1,0,0,0,0,1,6.51251E+20,5.46219E+21,1.10802E+16,4.92937E+16
98549,9,7,73,182,2018,11,20,1,2,5,3,2,0,1,0,1,0,0,0,6.2439E+20,5.38088E+21,1.06862E+16,4.85687E+16
98550,9,3,73,156,2018,11,7,4,3,9,1,1,0,0,0,1,0,0,1,6.61359E+20,5.46098E+21,1.12186E+16,4.92802E+16
98551,9,2,73,147,2018,11,17,5,2,2,6,2,0,1,0,1,0,0,0,7.04738E+20,5.391E+21,1.17793E+16,4.86386E+16
98552,9,7,72,223,2018,11,1,1,3,8,1,2,0,1,0,0,0,0,1,6.17414E+20,5.36308E+21,1.05866E+16,4.841E+16
98553,9,1,84,112,2018,11,6,4,3,2,6,1,0,1,0,0,1,0,1,7.03562E+20,5.33883E+21,1.1738E+16,4.81701E+16
98554,9,6,79,154,2018,11,11,1,3,0,1,0,0,0,0,1,0,0,1,5.60969E+20,5.51133E+21,9.84637E+15,4.97513E+16
98555,9,2,62,0,2018,11,7,5,3,1,6,0,0,1,0,0,0,0,0,8.25211E+20,5.38917E+21,1.34091E+16,4.85711E+16
98556,9,6,79,167,2018,11,18,1,3,4,1,2,0,1,0,0,0,0,1,5.82928E+20,5.52494E+21,1.01541E+16,4.98711E+16
98557,9,1,76,124,2018,11,6,4,3,1,6,2,0,1,0,0,0,0,1,6.71281E+20,5.41006E+21,1.13334E+16,4.88199E+16
98558,9,6,75,141,2018,11,16,1,3,0,7,0,0,1,1,0,0,0,0,5.84073E+20,5.50984E+21,1.01667E+16,4.97352E+16
98559,9,6,79,205,2018,11,9,3,3,1,6,0,0,1,0,0,0,1,1,5.54547E+20,5.51649E+21,9.75796E+15,4.97984E+16
98560,9,6,73,123,2018,11,21,1,3,8,1,2,0,1,0,0,0,0,1,5.76389E+20,5.5976E+21,1.00777E+16,5.05253E+16
98561,9,1,77,135,2018,11,18,3,3,2,6,2,0,1,0,0,0,0,0,7.16892E+20,5.34229E+21,1.19188E+16,4.81968E+16
98562,9,6,74,171,2018,11,13,1,2,9,1,0,0,1,0,0,0,0,1,6.24029E+20,5.56106E+21,1.07375E+16,5.01888E+16
98563,9,6,77,148,2018,11,17,4,2,3,5,2,0,1,0,1,0,0,0,5.55389E+20,5.53429E+21,9.77221E+15,4.99584E+16
98564,9,2,61,0,2018,11,16,3,3,2,6,0,0,1,0,0,0,0,1,7.32133E+20,5.3807E+21,1.21448E+16,4.85365E+16
98565,9,4,73,159,2018,11,7,5,2,4,1,0,0,1,0,0,0,0,0,6.48722E+20,5.57013E+21,1.10867E+16,5.02645E+16
98566,9,6,73,162,2018,11,4,1,3,7,7,2,0,1,0,0,0,0,1,5.75455E+20,5.57457E+21,1.00599E+16,5.03184E+16
98567,9,1,61,0,2018,11,3,1,3,0,7,2,0,1,0,0,0,0,0,6.78074E+20,5.39759E+21,1.14205E+16,4.87059E+16
98568,9,2,71,146,2018,11,12,4,3,5,3,0,0,1,0,0,0,0,0,7.8441E+20,5.41001E+21,1.28716E+16,4.8778E+16
98569,9,6,72,136,2018,11,11,1,2,9,7,0,0,1,0,0,0,0,1,5.79491E+20,5.56321E+21,1.01142E+16,5.02157E+16
98570,9,1,62,0,2018,11,20,3,3,5,3,2,0,1,0,0,0,0,0,6.93101E+20,5.33887E+21,1.15975E+16,4.81737E+16
98571,9,1,62,0,2018,11,7,2,2,4,6,0,1,0,0,0,0,0,0,7.00701E+20,5.33259E+21,1.16966E+16,4.81149E+16
98572,9,6,62,0,2018,11,20,1,3,5,3,2,0,1,0,0,0,0,0,5.87202E+20,5.54466E+21,1.0218E+16,5.00478E+16
98573,9,1,87,179,2018,11,0,5,3,9,1,2,0,1,0,0,0,0,1,7.23363E+20,5.30949E+21,1.19887E+16,4.78998E+16
98574,9,5,76,151,2018,11,18,3,3,5,3,2,0,1,0,0,0,0,0,6.57085E+20,5.46939E+21,1.11632E+16,4.93569E+16
98575,9,7,79,228,2018,11,6,5,2,4,6,1,0,1,0,0,0,0,1,6.27585E+20,5.41495E+21,1.074E+16,4.88744E+16
98576,9,6,72,166,2018,11,17,1,3,5,3,1,0,1,0,0,0,0,1,5.48592E+20,5.56569E+21,9.68145E+15,5.02414E+16
98577,9,1,84,114,2018,11,17,2,2,5,3,2,0,1,0,0,0,0,0,7.00967E+20,5.32284E+21,1.16956E+16,4.80272E+16
98578,9,5,64,0,2018,11,17,4,3,3,6,1,0,1,0,0,1,0,0,6.48956E+20,5.4789E+21,1.10549E+16,4.94445E+16
98579,9,1,89,142,2018,11,8,5,2,4,1,0,0,1,0,0,0,0,1,7.49697E+20,5.32956E+21,1.23521E+16,4.80704E+16
98580,9,6,71,134,2018,11,17,3,2,6,4,2,0,1,1,0,0,0,0,5.00394E+20,5.54591E+21,9.00551E+15,5.00655E+16
98581,9,7,78,173,2018,11,23,5,2,8,7,2,0,1,0,0,0,0,0,6.1384E+20,5.32091E+21,1.0527E+16,4.80313E+16
98582,9,6,76,117,2018,11,16,1,3,4,6,0,0,1,0,1,0,0,0,5.25358E+20,5.51327E+21,9.35216E+15,4.97714E+16
98583,9,6,71,160,2018,11,14,1,3,8,1,0,0,1,0,0,0,0,1,5.2667E+20,5.52616E+21,9.37127E+15,4.98872E+16
98584,9,6,71,130,2018,11,6,4,3,2,6,2,0,1,0,0,0,0,0,5.16115E+20,5.53925E+21,9.22489E+15,5.00054E+16
98585,9,4,71,172,2018,11,16,5,2,0,6,1,0,1,0,1,0,0,1,6.3142E+20,5.51713E+21,1.08259E+16,4.97922E+16
98586,9,1,76,137,2018,11,21,1,3,3,6,2,0,1,0,0,0,0,0,6.72291E+20,5.43167E+21,1.13563E+16,4.90139E+16
98587,9,2,61,0,2018,11,11,4,2,5,2,0,1,1,0,0,0,0,0,7.3181E+20,5.38121E+21,1.21407E+16,4.85411E+16
98588,9,5,76,122,2018,11,9,1,3,3,1,0,0,1,0,0,0,0,1,6.67086E+20,5.43943E+21,1.12884E+16,4.9085E+16
98589,9,7,75,164,2018,11,18,3,3,2,6,2,0,1,0,0,0,0,1,5.85431E+20,5.35037E+21,1.0152E+16,4.83008E+16
98590,9,5,72,135,2018,11,8,1,3,8,7,0,0,1,0,0,0,0,1,6.33079E+20,5.51294E+21,1.08475E+16,4.97542E+16
98591,9,5,72,121,2018,11,10,1,3,0,1,0,1,0,0,0,0,0,1,6.60358E+20,5.49546E+21,1.12188E+16,4.95904E+16
98592,9,1,79,113,2018,11,15,5,3,4,6,0,0,1,0,0,1,0,0,6.70508E+20,5.33624E+21,1.12928E+16,4.81565E+16
98593,9,5,71,128,2018,11,12,3,3,3,2,0,0,1,0,0,0,0,1,6.08859E+20,5.44338E+21,1.04923E+16,4.91336E+16
98594,9,7,72,200,2018,11,10,5,3,5,3,0,0,0,0,1,1,0,1,6.29162E+20,5.33677E+21,1.07373E+16,4.81711E+16
98595,9,5,65,0,2018,11,18,1,2,4,2,2,0,1,0,0,0,0,1,6.46516E+20,5.46528E+21,1.10163E+16,4.93227E+16
98596,9,5,61,0,2018,11,17,4,3,2,6,2,0,1,0,0,0,0,0,6.17596E+20,5.46049E+21,1.06171E+16,4.92858E+16
98597,9,3,62,0,2018,11,5,5,3,2,5,2,0,1,0,0,0,0,0,7.3144E+20,5.42948E+21,1.21629E+16,4.89749E+16
98598,9,5,76,148,2018,11,15,1,3,0,7,0,1,1,0,0,0,0,1,6.61666E+20,5.44631E+21,1.1217E+16,4.91483E+16
98599,9,1,83,127,2018,11,9,4,3,4,2,0,0,1,0,0,0,0,1,7.55113E+20,5.35001E+21,1.24369E+16,4.82519E+16
98600,9,5,74,128,2018,11,14,1,3,2,6,0,0,1,0,0,0,0,1,6.78274E+20,5.486E+21,1.14622E+16,4.95004E+16
98601,9,3,74,149,2018,11,16,5,2,4,6,1,0,1,0,0,0,0,0,7.10674E+20,5.51609E+21,1.19253E+16,4.97603E+16
98602,9,5,71,214,2018,11,18,1,3,0,2,2,0,0,0,1,0,0,1,6.16963E+20,5.43303E+21,1.06004E+16,4.90391E+16
98603,9,1,90,159,2018,11,17,4,3,5,3,2,0,1,0,0,0,1,0,6.63096E+20,5.30578E+21,1.11816E+16,4.78846E+16
98604,9,4,75,154,2018,11,15,1,3,5,3,0,0,1,0,0,0,0,0,6.98048E+20,5.56537E+21,1.17756E+16,5.02073E+16
98605,9,7,80,144,2018,11,17,3,2,5,3,1,0,1,0,0,0,0,1,5.82035E+20,5.27918E+21,1.00926E+16,4.76608E+16
98606,9,4,71,119,2018,11,11,1,3,0,1,0,0,0,0,1,0,0,1,6.34567E+20,5.5372E+21,1.08766E+16,4.9972E+16
98607,9,4,74,158,2018,11,11,1,3,8,1,0,0,1,0,0,0,0,0,6.5133E+20,5.5072E+21,1.10986E+16,4.96983E+16
98608,9,1,75,111,2018,11,18,5,3,4,2,2,1,1,0,0,0,0,0,7.12223E+20,5.33707E+21,1.18535E+16,4.81514E+16
98609,9,4,74,123,2018,11,1,3,3,2,6,2,0,0,0,0,1,0,0,6.47973E+20,5.51417E+21,1.10547E+16,4.97617E+16
98610,9,6,79,196,2018,11,17,5,3,2,6,2,0,1,0,0,0,0,0,5.53736E+20,5.51351E+21,9.74628E+15,4.97717E+16
98611,9,3,77,157,2018,11,5,1,3,9,1,2,0,1,0,0,0,0,1,7.19915E+20,5.54171E+21,1.2068E+16,4.99871E+16
98612,9,4,71,195,2018,11,22,4,2,2,6,2,0,1,0,0,0,0,0,6.42063E+20,5.52461E+21,1.09765E+16,4.98571E+16
98613,9,2,75,156,2018,11,11,5,2,2,1,0,0,1,0,0,0,1,0,8.48667E+20,5.39965E+21,1.37348E+16,4.86524E+16
98614,9,3,77,129,2018,11,14,1,2,8,6,0,0,1,0,0,0,0,1,7.0959E+20,5.52776E+21,1.19166E+16,4.98656E+16
98615,9,1,87,131,2018,11,15,4,3,0,7,0,0,0,0,0,0,1,0,7.34716E+20,5.292E+21,1.21309E+16,4.77387E+16
98616,9,3,74,149,2018,11,17,1,3,6,4,2,0,1,1,0,0,0,1,7.11321E+20,5.51707E+21,1.19348E+16,4.97689E+16
98617,9,7,72,147,2018,11,17,3,3,2,6,2,0,1,0,0,0,0,0,6.38991E+20,5.36408E+21,1.08784E+16,4.84145E+16
98618,9,3,75,162,2018,11,10,1,3,8,1,0,0,1,0,0,0,0,1,7.10384E+20,5.44287E+21,1.18825E+16,4.91026E+16
98619,9,3,72,124,2018,11,20,1,3,8,7,2,0,0,0,1,0,0,0,7.83147E+20,5.46753E+21,1.28947E+16,4.92948E+16
98620,9,1,83,128,2018,11,18,3,3,5,3,2,0,1,0,0,0,0,1,7.61697E+20,5.35034E+21,1.25257E+16,4.82522E+16
98621,9,7,61,0,2018,11,17,4,3,1,6,2,0,1,0,0,0,0,1,6.37414E+20,5.35947E+21,1.08556E+16,4.83734E+16
98622,9,3,72,137,2018,11,17,3,3,3,2,2,0,1,0,0,0,0,1,7.82183E+20,5.45229E+21,1.28707E+16,4.91585E+16
98623,9,5,73,111,2018,11,13,5,2,4,6,0,0,1,0,0,0,1,0,6.35092E+20,5.47582E+21,1.08627E+16,4.942E+16
98624,9,3,75,180,2018,11,16,1,2,5,2,0,0,1,0,0,0,0,0,7.2568E+20,5.42492E+21,1.20817E+16,4.8936E+16
98625,9,7,80,124,2018,11,17,3,2,0,2,2,0,1,0,0,0,1,1,5.93763E+20,5.27159E+21,1.02471E+16,4.75909E+16
98626,9,3,73,159,2018,11,13,1,3,4,6,0,0,1,0,0,0,0,0,6.78698E+20,5.45469E+21,1.1454E+16,4.92189E+16
98627,9,3,71,121,2018,11,15,1,3,4,1,0,0,1,0,0,0,0,1,7.10312E+20,5.49477E+21,1.19088E+16,4.95689E+16
98628,9,7,78,186,2018,11,17,4,3,2,6,2,0,1,0,0,0,0,1,5.96556E+20,5.31139E+21,1.02931E+16,4.79485E+16
98629,9,3,74,165,2018,11,7,3,3,9,1,0,0,1,0,0,0,0,2,7.37728E+20,5.50924E+21,1.22962E+16,4.96888E+16
98630,9,5,74,141,2018,11,5,5,2,3,6,2,0,1,0,0,0,0,0,6.6758E+20,5.48887E+21,1.13159E+16,4.95293E+16
98631,9,2,75,143,2018,11,2,1,2,8,1,2,0,1,0,0,0,0,0,8.08072E+20,5.36969E+21,1.3163E+16,4.8405E+16
98632,9,3,73,167,2018,11,6,4,3,0,7,2,0,0,0,1,0,0,1,6.9076E+20,5.45904E+21,1.16216E+16,4.92544E+16
98633,9,2,72,138,2018,11,12,5,3,6,4,0,0,1,1,0,0,0,0,8.26614E+20,5.41242E+21,1.34464E+16,4.87789E+16
98634,9,2,61,0,2018,11,8,1,3,9,1,0,0,1,0,0,0,0,0,7.31811E+20,5.38227E+21,1.21413E+16,4.85506E+16
98635,9,1,74,135,2018,11,13,4,3,3,6,0,0,1,0,0,0,1,0,6.64108E+20,5.35245E+21,1.12131E+16,4.83039E+16
98636,9,1,80,126,2018,11,13,1,3,7,7,0,0,1,0,0,0,0,0,6.61914E+20,5.27103E+21,1.11529E+16,4.75725E+16
98637,9,6,77,154,2018,11,7,3,3,4,2,2,0,1,0,0,0,0,1,5.43727E+20,5.51752E+21,9.60773E+15,4.98085E+16
98638,9,1,90,160,2018,11,15,1,3,5,3,0,0,1,0,0,0,0,0,6.44976E+20,5.28482E+21,1.09324E+16,4.77005E+16
98639,9,1,90,113,2018,11,15,1,3,5,3,0,0,1,0,0,0,0,0,6.72592E+20,5.29105E+21,1.13027E+16,4.77497E+16
98640,9,6,78,193,2018,11,14,4,3,5,6,0,0,1,0,0,0,0,0,5.76462E+20,5.54131E+21,1.00673E+16,5.00192E+16
98641,9,4,72,188,2018,11,17,5,2,4,6,2,0,1,0,0,0,0,0,6.95066E+20,5.53003E+21,1.17159E+16,4.98909E+16
98642,9,1,73,118,2018,11,1,1,2,8,1,2,0,0,0,0,0,1,1,6.88672E+20,5.30237E+21,1.15219E+16,4.7847E+16
98643,9,1,86,147,2018,11,23,1,3,8,6,2,0,1,0,0,0,0,1,6.80512E+20,5.38955E+21,1.14501E+16,4.86329E+16
98644,9,2,78,118,2018,11,17,4,3,5,3,1,0,1,0,0,0,0,0,7.68473E+20,5.42598E+21,1.26656E+16,4.89284E+16
98645,9,5,72,131,2018,11,15,2,3,3,6,0,0,1,0,0,1,0,0,6.55769E+20,5.4844E+21,1.1151E+16,4.94922E+16
98646,9,6,76,145,2018,11,14,1,3,9,1,0,0,1,0,0,0,0,0,5.10007E+20,5.51982E+21,9.13914E+15,4.98307E+16
98647,9,6,79,202,2018,11,16,3,3,0,7,1,1,1,0,0,0,0,1,5.6456E+20,5.52037E+21,9.89771E+15,4.98323E+16
98648,9,5,62,0,2018,11,19,1,3,4,2,2,1,1,0,0,0,0,0,6.44537E+20,5.49588E+21,1.10002E+16,4.95982E+16
98649,9,1,84,135,2018,11,16,4,3,5,3,2,0,1,0,0,0,0,1,6.86617E+20,5.34751E+21,1.15141E+16,4.82533E+16
98650,9,3,73,115,2018,11,8,3,3,9,1,0,0,1,0,0,0,0,2,6.92596E+20,5.43715E+21,1.16363E+16,4.90571E+16
98651,9,5,65,0,2018,11,10,1,3,5,3,0,0,1,0,0,0,0,0,6.46975E+20,5.46423E+21,1.10222E+16,4.93131E+16
98652,9,4,72,139,2018,11,2,1,3,8,1,2,0,1,0,0,0,0,0,6.92413E+20,5.55266E+21,1.16903E+16,5.0095E+16
98653,9,3,75,170,2018,11,19,4,3,5,3,2,0,1,0,0,0,0,0,7.36942E+20,5.43108E+21,1.22389E+16,4.89871E+16
98654,9,1,78,113,2018,11,15,3,2,2,6,0,0,1,0,0,0,0,0,6.91638E+20,5.36518E+21,1.15898E+16,4.84106E+16
98655,9,4,74,154,2018,11,15,1,2,6,2,0,0,1,1,0,0,0,0,6.5369E+20,5.498E+21,1.11276E+16,4.9615E+16
98656,9,4,75,175,2018,11,17,2,3,4,1,2,0,1,0,0,0,0,2,6.93486E+20,5.5594E+21,1.17087E+16,5.01552E+16
98657,9,3,76,125,2018,11,7,1,2,9,1,0,0,1,0,0,0,0,2,7.20427E+20,5.47868E+21,1.20396E+16,4.94208E+16
98658,9,2,74,128,2018,11,6,5,3,5,3,1,0,1,0,0,0,0,1,7.35555E+20,5.38728E+21,1.21948E+16,4.85943E+16
98659,9,5,65,0,2018,11,17,3,3,0,2,2,0,0,0,1,0,0,1,6.47768E+20,5.46561E+21,1.10336E+16,4.93253E+16
98660,9,3,71,119,2018,11,14,1,2,8,1,0,0,1,0,0,0,0,0,6.9399E+20,5.49553E+21,1.16837E+16,4.95812E+16
98661,9,7,72,223,2018,11,7,4,3,1,6,1,0,1,0,0,1,0,1,6.22164E+20,5.36343E+21,1.06509E+16,4.84121E+16
98662,9,2,72,122,2018,11,13,3,3,9,1,0,0,1,0,0,0,0,2,8.50348E+20,5.41529E+21,1.37708E+16,4.87917E+16
98663,9,2,75,114,2018,11,17,1,3,0,1,2,0,1,0,0,0,0,0,7.98912E+20,5.39233E+21,1.30558E+16,4.86125E+16
98664,9,2,73,119,2018,11,3,1,1,9,1,2,0,1,0,0,0,0,0,7.08632E+20,5.40699E+21,1.18401E+16,4.87809E+16
98665,9,1,90,157,2018,11,17,1,3,4,3,2,0,1,0,1,0,0,0,6.6191E+20,5.29993E+21,1.11636E+16,4.78323E+16
98666,9,7,80,122,2018,11,14,4,3,9,1,0,0,1,0,0,0,0,1,6.03673E+20,5.29554E+21,1.03846E+16,4.78048E+16
98667,9,2,78,141,2018,11,6,3,3,5,3,1,0,1,0,0,0,0,1,7.59781E+20,5.4275E+21,1.25482E+16,4.89458E+16
98668,9,1,82,119,2018,11,10,1,3,2,6,0,0,1,0,0,0,0,0,7.12974E+20,5.29224E+21,1.18414E+16,4.77484E+16
98669,9,1,61,0,2018,11,21,1,3,5,2,2,0,1,0,0,0,0,1,6.78846E+20,5.40577E+21,1.14345E+16,4.87792E+16
98670,9,1,76,167,2018,11,19,2,3,5,2,2,0,1,0,0,0,0,0,6.78323E+20,5.40939E+21,1.1429E+16,4.88119E+16
98671,9,1,79,123,2018,11,12,6,2,9,1,0,0,1,0,0,0,0,0,6.7698E+20,5.33383E+21,1.13787E+16,4.81331E+16
98672,9,2,78,146,2018,11,7,4,3,9,7,0,0,1,0,0,0,0,0,7.55567E+20,5.41113E+21,1.24805E+16,4.88006E+16
98673,9,1,77,126,2018,11,13,3,2,5,3,0,0,1,0,0,0,0,0,7.20907E+20,5.36949E+21,1.1987E+16,4.84397E+16
98674,9,7,71,129,2018,11,1,1,2,8,1,2,0,1,0,0,0,0,0,6.59824E+20,5.35627E+21,1.11568E+16,4.83394E+16
98675,9,4,71,111,2018,11,7,2,3,8,1,0,0,0,0,1,0,0,1,6.452E+20,5.51843E+21,1.10178E+16,4.98007E+16
98676,9,1,81,124,2018,11,16,1,3,9,1,0,0,1,0,0,0,0,0,6.45643E+20,5.3194E+21,1.09529E+16,4.80112E+16
98677,9,2,74,156,2018,11,20,2,3,9,7,2,0,1,0,0,0,0,0,7.4443E+20,5.38677E+21,1.23147E+16,4.85863E+16
98678,9,1,71,123,2018,11,13,5,3,2,6,0,0,1,0,0,1,0,0,7.84298E+20,5.35068E+21,1.28297E+16,4.82455E+16
98679,9,5,64,0,2018,11,6,3,3,2,6,2,0,1,0,0,0,1,0,6.49522E+20,5.4785E+21,1.10626E+16,4.94407E+16
98680,9,1,62,0,2018,11,17,1,3,2,6,2,0,1,0,0,0,0,0,6.96044E+20,5.34358E+21,1.16392E+16,4.82151E+16