OBJECTID_1,ULAND,UREGBEZ,UKREIS,UGEMEINDE,UJAHR,UMONAT,USTUNDE,UWOCHENTAG,UKATEGORIE,UART,UTYP1,ULICHTVERH,IstRad,IstPKW,IstFuss,IstKrad,IstGkfz,IstSonstig,STRZUSTAND,LINREFX,LINREFY,XGCSWGS84,YGCSWGS84
98866,9,5,71,205,2018,11,9,3,3,2,6,0,0,1,0,0,0,0,0,5.90555E+20,5.47809E+21,1.02493E+16,4.94487E+16
98867,9,1,62,0,2018,11,8,6,3,2,6,0,0,1,0,0,0,0,0,6.93846E+20,5.33995E+21,1.1608E+16,4.81832E+16
98868,9,1,74,143,2018,11,7,2,2,5,3,1,1,1,0,0,0,0,1,6.75623E+20,5.35241E+21,1.13682E+16,4.83005E+16
98869,9,6,71,113,2018,11,21,4,2,8,1,2,0,1,0,0,0,0,1,5.15987E+20,5.54662E+21,9.22341E+15,5.00716E+16
98870,9,1,71,133,2018,11,8,3,3,9,1,0,0,1,0,0,0,0,0,7.66368E+20,5.34365E+21,1.25843E+16,4.81901E+16
98871,9,1,62,0,2018,11,16,6,2,1,1,0,0,1,0,0,0,1,0,6.90932E+20,5.3304E+21,1.15645E+16,4.80982E+16
98872,9,1,84,119,2018,11,21,6,1,4,1,2,0,1,0,0,0,0,0,6.96559E+20,5.34632E+21,1.16474E+16,4.82396E+16
98873,9,1,84,119,2018,11,19,4,3,2,6,2,0,1,0,0,0,0,0,6.96319E+20,5.34937E+21,1.16456E+16,4.82671E+16
98874,9,6,77,157,2018,11,15,2,3,1,6,0,0,1,0,0,0,0,0,5.42919E+20,5.52184E+21,9.59698E+15,4.98474E+16
98875,9,1,62,0,2018,11,18,6,3,2,6,2,0,1,0,0,0,0,0,6.84688E+20,5.34241E+21,1.1486E+16,4.82081E+16
98876,9,7,61,0,2018,11,17,3,2,5,3,2,0,1,0,0,0,0,1,6.39815E+20,5.35248E+21,1.08857E+16,4.831E+16
98877,9,1,62,0,2018,11,16,6,3,2,6,2,0,1,0,0,0,0,0,6.87436E+20,5.33172E+21,1.15182E+16,4.81111E+16
98878,9,1,89,130,2018,11,7,2,3,9,1,0,0,1,0,0,0,0,2,7.67291E+20,5.3127E+21,1.25773E+16,4.79119E+16
98879,9,1,62,0,2018,11,17,4,3,4,2,1,1,1,0,0,0,0,0,6.82608E+20,5.34214E+21,1.14579E+16,4.82062E+16
98880,9,3,75,180,2018,11,8,3,3,2,6,0,0,1,0,0,0,0,2,7.24356E+20,5.42955E+21,1.20662E+16,4.8978E+16
98881,9,7,78,173,2018,11,0,6,3,9,7,2,0,1,0,0,1,0,0,6.1374E+20,5.3209E+21,1.05257E+16,4.80313E+16
98882,9,1,74,126,2018,11,5,2,3,6,2,2,0,1,1,0,0,0,1,6.82915E+20,5.3446E+21,1.14631E+16,4.82282E+16
98883,9,4,63,0,2018,11,16,4,3,5,2,2,0,1,0,0,0,0,0,6.40048E+20,5.5704E+21,1.09652E+16,5.02691E+16
98884,9,1,79,121,2018,11,17,3,2,3,6,2,1,1,0,0,0,0,0,6.67638E+20,5.33857E+21,1.12551E+16,4.81782E+16
98885,9,7,64,0,2018,11,22,6,3,8,7,2,0,0,0,1,0,0,0,5.8639E+20,5.31617E+21,1.0158E+16,4.7993E+16
98886,9,1,78,143,2018,11,13,2,3,9,6,0,0,1,0,1,0,0,0,7.13341E+20,5.37206E+21,1.18862E+16,4.84655E+16
98887,9,5,74,123,2018,11,12,4,3,1,6,0,0,1,0,0,0,0,0,6.60212E+20,5.47049E+21,1.12067E+16,4.9366E+16
98888,9,1,85,163,2018,11,22,3,3,8,1,2,0,1,0,0,0,0,0,6.62051E+20,5.39118E+21,1.12004E+16,4.86526E+16
98889,9,7,76,131,2018,11,6,6,3,2,6,2,0,1,0,0,0,0,0,5.66216E+20,5.27995E+21,9.88206E+15,4.76695E+16
98890,9,7,62,0,2018,11,7,6,3,0,1,0,1,0,0,0,0,0,0,6.21878E+20,5.30308E+21,1.06298E+16,4.78695E+16
98891,9,5,62,0,2018,11,11,2,3,5,3,0,1,1,0,0,0,0,0,6.47227E+20,5.49605E+21,1.10375E+16,4.9599E+16
98892,9,7,61,0,2018,11,5,6,2,8,1,2,0,1,0,0,0,0,1,6.39741E+20,5.3526E+21,1.08847E+16,4.83111E+16
98893,9,6,79,153,2018,11,14,3,3,8,1,0,0,1,0,0,0,0,1,5.64328E+20,5.49809E+21,9.89082E+15,4.9632E+16
98894,9,7,61,0,2018,11,18,6,3,2,6,2,0,1,0,0,1,0,0,6.40585E+20,5.36398E+21,1.08999E+16,4.84132E+16
98895,9,1,78,124,2018,11,17,2,3,5,2,2,0,1,0,1,0,0,0,7.0264E+20,5.36295E+21,1.17372E+16,4.83871E+16
98896,9,1,62,0,2018,11,8,4,3,2,6,2,0,1,0,0,0,0,0,6.91862E+20,5.33925E+21,1.1581E+16,4.81775E+16
98897,9,3,73,115,2018,11,8,3,3,1,6,0,0,1,0,0,0,0,2,6.90348E+20,5.43705E+21,1.16055E+16,4.90568E+16
98898,9,7,61,0,2018,11,13,6,3,2,6,0,0,1,0,0,0,0,0,6.37637E+20,5.3607E+21,1.0859E+16,4.83844E+16
98899,9,7,61,0,2018,11,19,6,3,4,2,2,0,1,0,0,0,0,0,6.40991E+20,5.3604E+21,1.09042E+16,4.8381E+16
98900,9,1,77,133,2018,11,8,2,3,4,3,0,0,1,0,0,1,0,1,7.13696E+20,5.35607E+21,1.18828E+16,4.83217E+16
98901,9,3,73,114,2018,11,6,4,3,5,3,2,0,1,0,0,0,0,1,6.75562E+20,5.45844E+21,1.14126E+16,4.92535E+16
98902,9,1,78,124,2018,11,10,3,3,3,6,0,0,1,0,0,1,0,0,7.05119E+20,5.36282E+21,1.17706E+16,4.83851E+16
98903,9,6,63,0,2018,11,15,6,3,2,6,0,0,1,0,0,0,0,0,5.6827E+20,5.51589E+21,9.94851E+15,4.97916E+16
98904,9,1,61,0,2018,11,7,2,3,3,6,0,0,1,0,0,0,0,0,6.70417E+20,5.40523E+21,1.13197E+16,4.87767E+16
98905,9,4,76,179,2018,11,6,2,3,4,2,2,0,1,0,0,0,0,1,6.60897E+20,5.58988E+21,1.12659E+16,5.04388E+16
98906,9,6,77,177,2018,11,15,6,3,5,3,0,0,0,0,1,0,1,0,5.46455E+20,5.54914E+21,9.64946E+15,5.00927E+16
98907,9,2,74,126,2018,11,9,5,3,4,2,0,0,1,0,0,0,0,0,7.32461E+20,5.38443E+21,1.21513E+16,4.85698E+16
98908,9,5,76,127,2018,11,18,3,3,9,7,2,0,1,0,0,0,0,0,6.582E+20,5.44678E+21,1.11697E+16,4.91535E+16
98909,9,6,74,147,2018,11,6,6,3,2,6,1,0,1,0,0,0,0,1,6.09105E+20,5.54507E+21,1.05239E+16,5.00479E+16
98910,9,1,75,121,2018,11,9,2,3,4,6,0,0,1,0,0,1,0,1,7.12748E+20,5.31998E+21,1.1852E+16,4.79977E+16
98911,9,5,64,0,2018,11,13,2,3,2,6,0,0,1,0,0,0,0,0,6.48992E+20,5.47887E+21,1.10554E+16,4.94443E+16
98912,9,6,72,112,2018,11,16,6,3,4,6,2,0,1,0,0,0,0,0,5.75641E+20,5.56889E+21,1.00614E+16,5.02673E+16
98913,9,6,78,193,2018,11,18,3,2,8,1,2,0,1,0,0,0,0,1,5.76968E+20,5.53365E+21,1.00729E+16,4.99502E+16
98914,9,6,78,176,2018,11,16,6,3,6,7,0,1,0,1,0,0,0,0,5.87951E+20,5.54067E+21,1.02275E+16,5.00118E+16
98915,9,1,62,0,2018,11,17,1,3,4,2,2,0,1,0,0,0,0,1,6.92141E+20,5.34241E+21,1.15862E+16,4.82058E+16
98916,9,7,80,139,2018,11,16,4,3,3,2,0,1,0,0,0,1,0,0,5.97103E+20,5.26325E+21,1.02897E+16,4.75154E+16
98917,9,2,75,138,2018,11,10,3,2,6,4,0,0,1,1,0,0,0,1,8.09464E+20,5.38656E+21,1.31943E+16,4.85556E+16
98918,9,6,71,159,2018,11,8,6,3,2,6,0,0,1,0,0,0,0,0,5.15803E+20,5.55384E+21,9.22113E+15,5.01365E+16
98919,9,6,71,150,2018,11,15,6,3,2,6,0,0,1,0,1,0,0,0,5.18087E+20,5.54085E+21,9.25248E+15,5.00197E+16
98920,9,1,84,149,2018,11,18,1,3,5,2,2,0,1,0,0,0,0,0,6.91164E+20,5.35253E+21,1.15776E+16,4.82971E+16
98921,9,2,74,154,2018,11,17,4,3,4,6,2,0,1,0,0,0,1,1,7.39913E+20,5.36729E+21,1.22424E+16,4.84131E+16
98922,9,1,62,0,2018,11,6,2,3,6,2,2,0,1,1,0,0,0,1,6.87331E+20,5.33197E+21,1.15169E+16,4.81134E+16
98923,9,6,61,0,2018,11,14,6,3,2,6,0,0,1,0,0,0,0,0,5.12649E+20,5.53447E+21,9.17636E+15,4.99625E+16
98924,9,1,77,118,2018,11,16,4,2,4,6,2,0,1,0,0,1,1,0,7.11632E+20,5.34377E+21,1.18489E+16,4.82118E+16
98925,9,3,74,162,2018,11,12,2,3,2,6,0,0,1,0,0,0,1,1,7.42724E+20,5.50172E+21,1.23607E+16,4.96192E+16
98926,9,1,87,132,2018,11,7,2,3,4,1,1,0,1,0,0,0,0,2,7.43698E+20,5.29896E+21,1.22544E+16,4.77978E+16
98927,9,5,76,143,2018,11,19,6,3,5,3,2,0,1,0,0,0,0,0,6.52582E+20,5.45676E+21,1.10965E+16,4.92446E+16
98928,9,2,61,0,2018,11,18,2,3,6,2,2,0,1,1,0,0,0,0,7.31811E+20,5.38121E+21,1.21407E+16,4.85411E+16
98929,9,1,89,145,2018,11,19,5,2,8,1,2,0,1,0,0,0,0,2,7.71995E+20,5.3048E+21,1.26352E+16,4.78389E+16
98930,9,5,64,0,2018,11,12,3,3,0,3,0,0,1,0,0,0,0,0,6.52395E+20,5.48233E+21,1.11037E+16,4.94745E+16
98931,9,5,76,151,2018,11,5,6,3,3,6,2,0,1,0,0,1,0,0,6.56148E+20,5.47269E+21,1.11516E+16,4.93869E+16
98932,9,7,75,152,2018,11,17,1,3,3,3,2,0,1,0,0,0,0,0,5.76606E+20,5.35427E+21,1.00337E+16,4.83369E+16
98933,9,6,73,114,2018,11,14,4,3,1,6,0,0,1,0,0,0,0,0,5.86797E+20,5.57609E+21,1.02195E+16,5.03305E+16
98934,9,1,90,157,2018,11,19,3,3,5,2,2,1,1,0,0,0,0,0,6.61049E+20,5.30046E+21,1.11523E+16,4.78373E+16
98935,9,5,72,130,2018,11,13,6,2,6,3,0,0,1,1,0,0,0,0,6.39835E+20,5.50552E+21,1.09386E+16,4.9686E+16
98936,9,5,72,137,2018,11,16,6,3,2,2,0,0,1,0,1,0,0,0,6.54566E+20,5.49185E+21,1.11373E+16,4.95595E+16
98937,9,7,80,143,2018,11,2,1,3,9,1,2,0,1,0,0,0,0,0,5.97169E+20,5.2779E+21,1.02938E+16,4.76472E+16
98938,9,1,84,120,2018,11,17,4,3,3,6,2,0,1,0,0,1,0,0,6.8221E+20,5.33324E+21,1.14487E+16,4.81263E+16
98939,9,7,79,155,2018,11,7,2,3,2,6,1,0,1,0,0,0,0,0,6.24475E+20,5.40459E+21,1.06945E+16,4.87819E+16
98940,9,5,74,154,2018,11,16,6,3,5,3,1,1,1,0,0,0,0,0,6.62383E+20,5.48475E+21,1.12424E+16,4.94937E+16
98941,9,7,71,130,2018,11,18,4,3,6,4,2,0,1,1,0,0,0,0,6.46992E+20,5.35772E+21,1.09842E+16,4.83556E+16
98942,9,2,72,141,2018,11,14,3,3,4,6,0,0,1,0,0,0,0,1,8.30897E+20,5.41287E+21,1.35049E+16,4.87807E+16
98943,9,5,74,158,2018,11,9,6,3,5,2,0,0,1,0,0,0,0,0,6.68832E+20,5.49531E+21,1.13359E+16,4.95868E+16
98944,9,5,63,0,2018,11,22,6,3,4,2,2,0,1,0,0,0,0,0,6.42658E+20,5.4829E+21,1.09695E+16,4.9482E+16
98945,9,7,76,130,2018,11,21,1,2,8,1,2,0,1,0,0,0,0,1,5.55185E+20,5.26986E+21,9.73386E+15,4.75798E+16
98946,9,1,89,134,2018,11,7,4,3,2,6,0,0,1,0,0,0,0,0,7.71293E+20,5.32256E+21,1.2637E+16,4.79987E+16
98947,9,7,77,151,2018,11,7,2,3,6,4,1,0,1,1,0,0,0,1,6.21905E+20,5.29252E+21,1.06272E+16,4.77745E+16
98948,9,5,64,0,2018,11,12,6,3,2,1,0,0,1,0,0,0,0,0,6.48952E+20,5.46945E+21,1.10513E+16,4.93595E+16
98949,9,1,84,122,2018,11,17,3,3,6,2,2,0,1,1,0,0,0,0,6.88011E+20,5.32377E+21,1.15224E+16,4.80395E+16
98950,9,2,76,127,2018,11,11,2,3,2,2,0,0,0,0,0,1,0,0,8.12166E+20,5.42612E+21,1.32607E+16,4.89092E+16
98951,9,5,75,125,2018,11,7,6,2,5,3,1,0,1,0,1,0,0,0,6.20866E+20,5.49764E+21,1.06734E+16,4.96193E+16
98952,9,1,90,157,2018,11,7,2,3,2,6,1,0,1,0,0,0,0,1,6.61395E+20,5.30264E+21,1.11577E+16,4.78568E+16
98953,9,1,61,0,2018,11,15,5,3,3,6,0,0,1,0,0,0,0,0,6.78923E+20,5.40482E+21,1.14352E+16,4.87706E+16
98954,9,4,76,177,2018,11,17,3,3,4,6,1,0,1,0,1,0,0,1,6.74676E+20,5.57393E+21,1.14523E+16,5.02916E+16
98955,9,5,71,228,2018,11,8,6,3,4,6,0,0,1,0,0,1,0,1,5.91596E+20,5.45625E+21,1.02587E+16,4.92522E+16
98956,9,7,72,111,2018,11,5,1,3,2,7,2,0,1,0,0,0,0,0,6.28381E+20,5.3641E+21,1.07351E+16,4.8417E+16
98957,9,5,62,0,2018,11,0,4,3,0,1,2,0,0,0,1,0,0,1,6.42277E+20,5.49437E+21,1.09684E+16,4.95852E+16
98958,9,1,61,0,2018,11,16,3,2,6,7,0,1,0,1,0,0,0,0,6.77255E+20,5.40615E+21,1.1413E+16,4.87831E+16
98959,9,5,71,136,2018,11,18,6,2,6,2,2,0,1,1,0,0,0,0,5.96992E+20,5.43589E+21,1.03279E+16,4.90683E+16
98960,9,5,71,217,2018,11,13,6,3,2,2,0,0,1,0,0,0,0,0,6.18541E+20,5.46484E+21,1.06313E+16,4.93247E+16
98961,9,6,76,121,2018,11,9,2,3,9,1,0,0,1,0,0,0,0,1,5.17377E+20,5.51801E+21,9.24154E+15,4.98143E+16
98962,9,5,61,0,2018,11,17,6,3,2,6,2,0,1,0,0,0,0,0,6.16013E+20,5.46296E+21,1.0596E+16,4.93084E+16
98963,9,7,71,113,2018,11,12,3,3,5,3,0,0,1,0,0,0,0,0,6.5708E+20,5.37001E+21,1.11249E+16,4.84636E+16
98964,9,5,61,0,2018,11,7,6,3,5,3,0,0,1,0,1,0,0,0,6.16357E+20,5.46123E+21,1.06003E+16,4.92928E+16
98965,9,1,71,121,2018,11,7,2,2,4,1,0,0,1,0,0,0,0,2,7.72603E+20,5.34203E+21,1.2667E+16,4.81729E+16
98966,9,7,76,116,2018,11,16,3,3,0,7,0,0,0,1,0,0,1,0,5.51454E+20,5.27173E+21,9.68446E+15,4.7597E+16
98967,9,4,72,139,2018,11,14,6,3,2,6,0,0,1,0,0,0,0,0,6.94966E+20,5.55552E+21,1.17274E+16,5.01198E+16
98968,9,1,89,157,2018,11,6,2,3,9,1,2,0,1,0,0,0,0,2,7.63042E+20,5.32738E+21,1.25296E+16,4.80454E+16
98969,9,1,74,113,2018,11,7,5,3,5,3,0,0,1,0,0,0,0,1,6.74666E+20,5.34766E+21,1.13533E+16,4.82581E+16
98970,9,4,61,0,2018,11,18,3,3,3,2,2,1,1,0,0,0,0,0,6.35613E+20,5.52945E+21,1.08885E+16,4.9902E+16
98971,9,4,79,111,2018,11,6,6,3,3,1,1,0,1,0,0,0,0,2,7.18445E+20,5.54462E+21,1.20492E+16,5.00138E+16
98972,9,7,72,177,2018,11,11,1,2,8,1,0,0,1,0,0,0,0,0,6.35863E+20,5.37548E+21,1.08398E+16,4.85177E+16
98973,9,5,71,227,2018,11,6,4,3,7,7,2,0,1,0,0,0,0,0,6.02573E+20,5.4348E+21,1.0404E+16,4.90575E+16
98974,9,1,76,124,2018,11,13,3,3,2,6,0,0,1,0,0,0,0,0,6.68022E+20,5.41201E+21,1.12899E+16,4.88383E+16
98975,9,4,79,166,2018,11,7,6,3,8,1,0,0,1,0,0,0,0,2,7.04141E+20,5.55146E+21,1.18534E+16,5.00803E+16
98976,9,4,75,184,2018,11,7,6,3,9,1,0,0,0,0,1,0,0,2,7.07332E+20,5.56061E+21,1.19029E+16,5.01614E+16
98977,9,1,75,121,2018,11,17,6,3,8,1,1,0,1,0,0,0,0,0,7.13694E+20,5.31524E+21,1.18623E+16,4.79547E+16
98978,9,5,65,0,2018,11,20,2,2,8,7,2,0,1,0,0,0,0,0,6.44483E+20,5.46832E+21,1.09894E+16,4.93505E+16
98979,9,4,75,142,2018,11,19,6,3,0,7,2,0,0,0,0,1,0,0,7.00557E+20,5.56756E+21,1.18119E+16,5.02262E+16
98980,9,6,75,178,2018,11,14,3,3,2,6,0,0,1,0,0,0,0,1,5.97779E+20,5.51713E+21,1.03587E+16,4.97986E+16
98981,9,4,77,142,2018,11,12,6,3,3,7,0,0,1,0,0,1,0,0,6.77224E+20,5.54532E+21,1.14748E+16,5.00338E+16
98982,9,6,74,147,2018,11,15,1,2,6,4,0,0,1,1,0,0,0,0,6.07688E+20,5.54321E+21,1.05036E+16,5.00314E+16
98983,9,7,78,173,2018,11,6,4,2,4,6,2,0,1,0,0,1,0,0,6.15394E+20,5.32045E+21,1.05478E+16,4.80269E+16
98984,9,3,61,0,2018,11,17,3,3,2,6,2,0,1,0,0,0,0,0,7.08615E+20,5.48088E+21,1.18781E+16,4.94447E+16
98985,9,4,62,0,2018,11,12,6,3,2,6,0,0,1,0,0,0,0,0,6.87141E+20,5.53845E+21,1.16097E+16,4.9969E+16
98986,9,4,62,0,2018,11,17,6,3,2,6,2,0,1,0,0,0,0,0,6.8714E+20,5.53842E+21,1.16097E+16,4.99688E+16
98987,9,6,78,183,2018,11,12,1,3,5,3,0,0,1,0,0,0,0,0,5.98555E+20,5.53341E+21,1.03736E+16,4.99449E+16
98988,9,3,71,154,2018,11,5,4,2,8,1,2,0,1,0,0,0,0,1,7.00887E+20,5.4765E+21,1.17694E+16,4.9408E+16
98989,9,1,78,145,2018,11,14,3,3,1,1,0,0,0,0,0,1,0,0,6.99539E+20,5.35531E+21,1.16917E+16,4.83194E+16
98990,9,4,71,155,2018,11,14,6,2,4,2,0,0,1,0,0,0,0,0,6.42215E+20,5.53056E+21,1.09808E+16,4.99105E+16
98991,9,1,84,134,2018,11,20,4,3,5,3,2,0,1,0,0,0,0,1,6.9366E+20,5.32226E+21,1.15974E+16,4.80242E+16
98992,9,3,75,190,2018,11,8,3,3,5,3,0,0,1,0,0,1,0,1,7.26649E+20,5.44963E+21,1.21088E+16,4.91576E+16
98993,9,4,61,0,2018,11,14,6,3,4,2,0,1,1,0,0,0,0,0,6.38654E+20,5.52954E+21,1.09309E+16,4.99022E+16
98994,9,3,77,142,2018,11,5,6,2,9,1,2,0,1,0,0,0,0,2,7.46361E+20,5.54007E+21,1.24352E+16,4.9962E+16
98995,9,3,63,0,2018,11,7,4,3,3,6,0,1,1,0,0,0,0,1,7.26654E+20,5.50693E+21,1.21415E+16,4.96722E+16
98996,9,1,84,140,2018,11,13,3,3,2,6,0,0,1,0,0,1,0,0,7.02507E+20,5.32739E+21,1.17184E+16,4.80676E+16
98997,9,3,74,162,2018,11,9,6,3,8,1,0,0,1,0,0,0,0,2,7.39917E+20,5.50488E+21,1.23238E+16,4.96487E+16
98998,9,5,71,114,2018,11,18,2,3,4,2,2,0,1,0,0,0,0,0,6.04616E+20,5.45668E+21,1.04376E+16,4.92539E+16
98999,9,3,74,121,2018,11,7,6,2,9,1,0,0,1,0,0,0,0,1,7.34364E+20,5.51006E+21,1.22501E+16,4.96974E+16
99000,9,2,79,112,2018,11,23,5,3,2,1,2,0,1,0,0,0,0,0,7.54446E+20,5.39454E+21,1.2455E+16,4.86521E+16
99001,9,6,61,0,2018,11,5,3,3,0,3,2,1,1,0,0,0,0,0,5.08636E+20,5.53381E+21,9.1204E+15,4.99566E+16
99002,9,3,75,181,2018,11,12,6,3,2,1,0,0,1,0,0,0,0,0,7.2186E+20,5.43433E+21,1.20348E+16,4.90219E+16
99003,9,7,76,118,2018,11,18,4,2,4,1,2,0,1,0,0,0,0,0,5.7843E+20,5.27785E+21,1.00444E+16,4.76493E+16
99004,9,2,72,129,2018,11,16,3,3,7,7,2,0,1,0,0,0,0,0,8.42711E+20,5.40773E+21,1.36609E+16,4.87282E+16
99005,9,3,72,177,2018,11,12,6,3,5,3,0,0,1,0,0,0,0,0,7.72934E+20,5.44883E+21,1.27418E+16,4.91316E+16
99006,9,3,72,116,2018,11,18,6,3,2,6,2,0,1,0,0,0,0,0,7.69525E+20,5.45787E+21,1.27012E+16,4.92143E+16
99007,9,1,90,140,2018,11,9,4,3,2,3,0,0,1,0,0,0,0,1,6.44945E+20,5.29366E+21,1.09349E+16,4.778E+16
99008,9,7,75,143,2018,11,10,2,2,5,2,0,1,0,0,0,0,1,0,5.86014E+20,5.35627E+21,1.0161E+16,4.83537E+16
99009,9,3,72,164,2018,11,17,6,3,2,2,1,0,1,0,0,0,0,0,7.6631E+20,5.44766E+21,1.26504E+16,4.91241E+16
99010,9,1,62,0,2018,11,18,3,3,2,2,2,0,1,0,1,0,0,0,6.87774E+20,5.32755E+21,1.15209E+16,4.80736E+16
99011,9,3,73,146,2018,11,16,2,3,4,6,2,0,1,0,0,0,0,0,6.7793E+20,5.44986E+21,1.14414E+16,4.91757E+16
99012,9,3,71,144,2018,11,12,6,3,8,6,0,0,1,0,0,0,0,0,7.04972E+20,5.48383E+21,1.18294E+16,4.94725E+16
99013,9,2,79,112,2018,11,17,2,3,4,2,2,0,1,0,0,0,0,0,7.57498E+20,5.39289E+21,1.24954E+16,4.8636E+16
99014,9,1,83,114,2018,11,14,5,3,9,1,0,0,1,0,0,0,0,1,7.45121E+20,5.35564E+21,1.23058E+16,4.83064E+16
99015,9,5,77,168,2018,11,11,3,3,5,2,0,0,1,0,0,0,1,0,6.46022E+20,5.41796E+21,1.09924E+16,4.88973E+16
99016,9,4,74,126,2018,11,8,2,3,6,4,0,0,1,1,0,0,0,0,6.4948E+20,5.50924E+21,1.10737E+16,4.97171E+16
99017,9,3,76,160,2018,11,3,6,2,4,6,2,0,1,0,0,0,0,2,7.55576E+20,5.48845E+21,1.25297E+16,4.94948E+16
99018,9,2,73,125,2018,11,18,2,3,8,7,2,0,1,0,0,0,0,0,7.18509E+20,5.41085E+21,1.19764E+16,4.88122E+16
99019,9,1,90,138,2018,11,17,5,2,8,1,2,0,1,0,0,0,0,0,6.64608E+20,5.30846E+21,1.12028E+16,4.79083E+16
99020,9,5,74,131,2018,11,6,3,3,1,6,2,0,1,0,0,0,1,0,6.741E+20,5.48628E+21,1.14048E+16,4.95042E+16
99021,9,3,71,121,2018,11,22,6,3,8,1,2,0,1,0,0,0,0,2,7.07813E+20,5.50005E+21,1.18771E+16,4.96172E+16
99022,9,6,75,141,2018,11,19,4,3,4,1,2,0,1,0,0,0,0,1,5.847E+20,5.51168E+21,1.01758E+16,4.97517E+16
99023,9,2,74,126,2018,11,18,3,3,2,6,2,0,1,0,0,0,0,0,7.33672E+20,5.38256E+21,1.21667E+16,4.85525E+16
99024,9,2,71,141,2018,11,14,6,3,4,2,0,0,0,0,1,0,0,0,7.95454E+20,5.40231E+21,1.30161E+16,4.87038E+16
99025,9,2,72,150,2018,11,7,6,2,8,1,0,0,1,0,0,0,0,2,8.16239E+20,5.41003E+21,1.33037E+16,4.87629E+16
99026,9,1,87,156,2018,11,19,4,3,1,5,2,0,1,0,0,0,1,1,7.36034E+20,5.29255E+21,1.21487E+16,4.77431E+16
99027,9,7,77,175,2018,11,14,2,3,5,3,0,0,1,0,0,0,0,1,6.12216E+20,5.2922E+21,1.04978E+16,4.77733E+16
99028,9,2,77,111,2018,11,15,6,3,2,6,0,0,1,0,1,0,0,0,7.81917E+20,5.38595E+21,1.28214E+16,4.85631E+16
99029,9,7,75,129,2018,11,16,3,3,5,3,0,1,1,0,0,0,0,0,5.81894E+20,5.34095E+21,1.01025E+16,4.82165E+16
99030,9,2,75,137,2018,11,7,2,2,8,1,0,0,1,0,0,0,0,2,8.3941E+20,5.39028E+21,1.36019E+16,4.85736E+16
99031,9,2,74,176,2018,11,15,6,3,5,3,0,0,1,0,0,0,0,0,7.24038E+20,5.39883E+21,1.20451E+16,4.87022E+16
99032,9,1,90,126,2018,11,6,2,2,4,1,2,0,1,0,0,0,1,2,6.70084E+20,5.28862E+21,1.12683E+16,4.77285E+16
99033,9,1,85,139,2018,11,7,5,3,5,6,0,0,1,0,0,0,0,0,6.66535E+20,5.39642E+21,1.12633E+16,4.86986E+16
99034,9,4,77,119,2018,11,12,3,3,2,6,0,0,0,0,0,1,0,0,6.85419E+20,5.54501E+21,1.15889E+16,5.00285E+16
99035,9,2,73,111,2018,11,8,6,3,0,7,0,1,0,0,0,0,0,0,7.09476E+20,5.41148E+21,1.18539E+16,4.88209E+16
99036,9,1,87,122,2018,11,6,2,3,1,6,0,0,1,0,0,1,0,1,7.22214E+20,5.30682E+21,1.1972E+16,4.78762E+16
99037,9,5,65,0,2018,11,19,4,3,1,6,2,0,1,0,0,0,0,0,6.46691E+20,5.46528E+21,1.10187E+16,4.93226E+16
99038,9,1,86,143,2018,11,13,3,3,5,3,0,0,1,0,0,1,0,0,6.8534E+20,5.38008E+21,1.15113E+16,4.85464E+16
99039,9,1,83,116,2018,11,12,6,3,0,6,0,0,1,0,0,0,0,0,7.65136E+20,5.35293E+21,1.25735E+16,4.8274E+16
99040,9,1,89,150,2018,11,14,6,3,5,3,0,0,1,0,0,0,0,0,7.78162E+20,5.31919E+21,1.27267E+16,4.79655E+16
99041,9,1,89,135,2018,11,13,6,3,8,6,0,0,1,0,0,0,0,0,7.82401E+20,5.315E+21,1.27806E+16,4.7926E+16
99042,9,6,61,0,2018,11,5,4,3,3,2,2,1,1,0,0,0,0,0,5.07683E+20,5.533E+21,9.10709E+15,4.99493E+16
99043,9,1,71,123,2018,11,18,3,1,4,1,2,0,1,0,0,0,0,0,7.84316E+20,5.34854E+21,1.28285E+16,4.82263E+16
99044,9,1,82,114,2018,11,18,6,2,4,6,2,0,1,0,0,0,0,0,7.19841E+20,5.29387E+21,1.19337E+16,4.77607E+16
99045,9,1,87,156,2018,11,14,6,3,8,1,0,0,1,0,0,0,0,0,7.35701E+20,5.29371E+21,1.21449E+16,4.77537E+16
99046,9,1,81,120,2018,11,18,4,2,9,7,2,0,1,0,0,0,0,1,6.53143E+20,5.31708E+21,1.10526E+16,4.79886E+16
99047,9,6,63,0,2018,11,13,2,3,0,4,0,0,0,1,1,0,0,1,5.65957E+20,5.51616E+21,9.91642E+15,4.97943E+16
99048,9,1,87,117,2018,11,19,6,3,2,6,2,1,1,0,0,0,0,0,7.25445E+20,5.30665E+21,1.2015E+16,4.78735E+16
99049,9,7,79,194,2018,11,4,3,3,4,6,2,0,1,0,0,1,0,0,6.11458E+20,5.41148E+21,1.05192E+16,4.88463E+16
99050,9,1,87,150,2018,11,23,6,3,8,1,2,0,1,0,0,0,0,0,7.29054E+20,5.30345E+21,1.20615E+16,4.78435E+16
99051,9,1,89,115,2018,11,7,2,3,4,1,0,0,1,0,0,0,0,2,7.63867E+20,5.33467E+21,1.25451E+16,4.81106E+16