OBJECTID_1,ULAND,UREGBEZ,UKREIS,UGEMEINDE,UJAHR,UMONAT,USTUNDE,UWOCHENTAG,UKATEGORIE,UART,UTYP1,ULICHTVERH,IstRad,IstPKW,IstFuss,IstKrad,IstGkfz,IstSonstig,STRZUSTAND,LINREFX,LINREFY,XGCSWGS84,YGCSWGS84
99238,9,7,78,209,2018,11,8,2,3,9,1,0,0,1,0,0,0,0,1,6.19253E+20,5.32415E+21,1.06005E+16,4.80595E+16
99239,9,1,81,138,2018,11,7,5,3,5,3,0,0,1,0,0,0,0,1,6.39981E+20,5.33474E+21,1.08821E+16,4.81505E+16
99240,9,5,72,444,2018,11,16,6,3,2,6,1,0,1,0,0,0,0,0,6.50403E+20,5.48739E+21,1.10781E+16,4.95205E+16
99241,9,2,78,148,2018,11,18,2,3,3,3,2,1,1,0,0,0,0,1,7.37665E+20,5.40702E+21,1.22347E+16,4.87707E+16
99242,9,5,76,127,2018,11,17,4,3,2,6,2,0,1,0,0,0,0,0,6.63115E+20,5.45231E+21,1.12392E+16,4.92019E+16
99243,9,5,76,122,2018,11,21,6,3,9,1,2,0,1,0,0,0,1,0,6.69935E+20,5.43647E+21,1.13261E+16,4.90576E+16
99244,9,5,74,123,2018,11,17,6,3,3,6,1,0,1,0,0,0,1,0,6.62101E+20,5.48091E+21,1.1237E+16,4.94592E+16
99245,9,1,78,120,2018,11,17,2,3,8,7,2,0,1,0,0,0,1,1,6.95924E+20,5.35082E+21,1.16409E+16,4.82803E+16
99246,9,1,88,144,2018,11,17,4,3,2,6,2,0,1,0,0,0,0,1,6.69767E+20,5.32891E+21,1.12799E+16,4.80908E+16
99247,9,5,74,123,2018,11,11,6,2,2,6,0,0,1,0,0,0,0,0,6.59614E+20,5.47376E+21,1.11998E+16,4.93956E+16
99248,9,4,77,128,2018,11,13,5,2,5,3,0,0,1,0,0,0,0,0,6.73927E+20,5.55568E+21,1.14335E+16,5.01278E+16
99249,9,1,74,146,2018,11,16,3,3,0,6,1,0,1,0,0,1,1,0,6.65619E+20,5.35145E+21,1.1233E+16,4.82945E+16
99250,9,2,76,135,2018,11,9,5,3,5,2,0,0,1,0,0,1,0,0,7.77033E+20,5.44785E+21,1.27972E+16,4.9121E+16
99251,9,1,84,139,2018,11,16,7,3,8,1,1,0,1,0,0,0,0,1,6.87265E+20,5.32393E+21,1.15125E+16,4.80412E+16
99252,9,2,61,0,2018,11,12,1,3,2,6,0,0,1,0,0,0,0,0,7.34713E+20,5.38182E+21,1.21804E+16,4.85455E+16
99253,9,6,61,0,2018,11,17,3,3,6,2,2,0,1,1,0,0,0,1,5.07107E+20,5.53248E+21,9.09906E+15,4.99447E+16
99254,9,5,65,0,2018,11,17,6,3,2,6,1,0,1,0,0,0,0,0,6.49701E+20,5.46653E+21,1.10605E+16,4.93332E+16
99255,9,4,77,135,2018,11,16,3,3,2,6,1,0,1,0,0,0,0,0,6.82824E+20,5.55539E+21,1.15577E+16,5.01225E+16
99256,9,5,74,146,2018,11,14,2,3,2,6,0,0,1,0,0,0,0,0,6.69371E+20,5.48777E+21,1.13401E+16,4.95189E+16
99257,9,1,84,118,2018,11,9,4,3,6,4,0,0,1,1,0,0,0,1,7.03555E+20,5.3363E+21,1.17367E+16,4.81473E+16
99258,9,1,78,113,2018,11,13,1,3,2,6,0,0,1,0,0,0,0,0,6.91505E+20,5.36941E+21,1.15899E+16,4.84487E+16
99259,9,5,76,143,2018,11,12,6,2,2,1,0,0,1,0,0,0,0,0,6.51896E+20,5.45697E+21,1.10871E+16,4.92466E+16
99260,9,2,74,127,2018,11,20,2,3,8,1,2,0,1,0,0,0,0,2,7.34425E+20,5.39742E+21,1.21853E+16,4.86857E+16
99261,9,4,64,0,2018,11,8,4,3,3,6,0,0,1,0,0,1,0,0,7.06274E+20,5.57857E+21,1.18979E+16,5.03231E+16
99262,9,5,63,0,2018,11,22,6,2,1,7,2,0,1,0,0,0,0,1,6.39215E+20,5.48233E+21,1.09218E+16,4.94777E+16
99263,9,1,62,0,2018,11,18,7,3,3,6,2,0,1,0,0,0,0,1,6.84391E+20,5.33541E+21,1.14789E+16,4.81452E+16
99264,9,1,84,132,2018,11,12,1,2,5,3,0,1,1,0,0,0,0,0,6.83829E+20,5.32942E+21,1.14688E+16,4.80915E+16
99265,9,1,75,122,2018,11,5,4,2,6,4,2,0,1,1,0,0,0,1,7.21368E+20,5.32209E+21,1.19685E+16,4.80137E+16
99266,9,5,64,0,2018,11,14,6,3,4,2,0,0,1,0,0,0,0,0,6.54444E+20,5.47777E+21,1.11301E+16,4.94329E+16
99267,9,5,64,0,2018,11,9,4,3,5,5,0,0,1,0,0,1,0,0,6.53713E+20,5.48038E+21,1.11211E+16,4.94566E+16
99268,9,5,73,130,2018,11,9,6,3,0,1,0,0,0,0,1,0,0,1,6.36576E+20,5.48583E+21,1.08866E+16,4.95097E+16
99269,9,1,78,124,2018,11,16,2,3,5,2,1,0,1,0,0,0,1,1,7.03009E+20,5.36387E+21,1.17426E+16,4.83952E+16
99270,9,1,62,0,2018,11,8,4,3,0,6,0,0,1,0,0,0,0,0,6.94536E+20,5.34179E+21,1.16181E+16,4.81995E+16
99271,9,5,71,180,2018,11,14,6,3,5,3,0,1,1,0,0,0,0,0,6.30096E+20,5.46058E+21,1.07889E+16,4.92841E+16
99272,9,3,74,168,2018,11,16,5,3,5,3,2,0,1,0,0,0,0,0,7.28901E+20,5.52181E+21,1.21814E+16,4.9805E+16
99273,9,1,62,0,2018,11,17,3,3,2,6,2,0,1,0,0,0,0,1,6.95809E+20,5.33505E+21,1.16321E+16,4.81386E+16
99274,9,2,77,153,2018,11,11,5,2,5,3,0,0,1,0,0,0,0,0,7.82631E+20,5.36471E+21,1.28167E+16,4.83722E+16
99275,9,7,80,122,2018,11,14,7,3,5,7,0,0,1,0,0,0,0,1,6.01372E+20,5.2924E+21,1.03532E+16,4.7777E+16
99276,9,1,89,142,2018,11,16,1,3,8,1,2,0,1,0,0,0,0,1,7.52674E+20,5.33019E+21,1.23924E+16,4.80749E+16
99277,9,5,62,0,2018,11,19,3,1,8,7,2,0,1,0,0,0,0,0,6.4671E+20,5.49261E+21,1.10291E+16,4.95683E+16
99278,9,5,71,165,2018,11,16,6,3,1,2,2,0,1,0,0,0,0,1,6.29978E+20,5.46482E+21,1.07887E+16,4.93222E+16
99279,9,3,72,112,2018,11,16,3,3,8,1,0,0,1,0,0,1,0,1,7.76918E+20,5.46641E+21,1.28084E+16,4.92876E+16
99280,9,5,77,122,2018,11,18,2,3,8,1,2,0,1,0,0,0,0,1,6.30056E+20,5.43537E+21,1.07802E+16,4.90575E+16
99281,9,7,62,0,2018,11,17,4,3,2,6,2,0,1,0,0,0,0,1,6.21509E+20,5.3039E+21,1.06251E+16,4.7877E+16
99282,9,5,71,114,2018,11,11,6,3,8,7,0,0,1,0,0,0,0,0,6.02532E+20,5.45539E+21,1.04087E+16,4.92427E+16
99283,9,1,83,148,2018,11,15,2,3,5,3,0,1,1,0,0,0,0,1,7.53622E+20,5.3449E+21,1.24138E+16,4.82066E+16
99284,9,3,72,126,2018,11,17,4,3,4,2,2,0,1,0,0,0,0,0,7.77955E+20,5.46836E+21,1.2824E+16,4.93046E+16
99285,9,5,71,214,2018,11,16,6,3,5,3,1,0,1,0,0,0,0,1,6.16833E+20,5.43367E+21,1.05988E+16,4.90448E+16
99286,9,2,73,137,2018,11,12,3,3,5,3,0,1,1,0,0,0,0,0,7.12002E+20,5.42113E+21,1.18933E+16,4.89068E+16
99287,9,7,62,0,2018,11,17,7,3,2,6,2,0,1,0,0,0,0,1,6.23312E+20,5.30617E+21,1.06498E+16,4.7897E+16
99288,9,7,78,137,2018,11,5,1,3,8,1,2,0,1,0,0,0,0,2,6.24068E+20,5.32852E+21,1.06664E+16,4.80978E+16
99289,9,7,64,0,2018,11,17,3,3,5,3,2,0,1,0,1,0,0,1,5.88236E+20,5.31438E+21,1.01823E+16,4.79767E+16
99290,9,5,71,171,2018,11,19,6,2,5,2,2,0,1,0,0,0,0,1,6.13564E+20,5.47105E+21,1.05647E+16,4.93815E+16
99291,9,1,84,121,2018,11,2,2,3,8,1,2,0,1,0,0,0,0,1,7.04476E+20,5.3291E+21,1.17456E+16,4.80824E+16
99292,9,1,85,116,2018,11,6,5,3,4,6,1,0,1,0,0,0,0,1,6.66162E+20,5.38938E+21,1.12554E+16,4.86354E+16
99293,9,7,79,155,2018,11,12,7,3,9,1,0,0,1,0,0,0,0,1,6.20369E+20,5.40644E+21,1.06391E+16,4.87993E+16
99294,9,4,63,0,2018,11,13,6,3,5,3,0,1,1,0,0,0,0,0,6.39552E+20,5.56909E+21,1.09578E+16,5.02574E+16
99295,9,3,63,0,2018,11,11,2,3,5,3,0,0,1,0,0,1,0,0,7.27872E+20,5.50755E+21,1.21588E+16,4.96773E+16
99296,9,6,71,136,2018,11,9,4,2,0,6,0,0,1,0,0,1,1,0,5.05649E+20,5.5377E+21,9.0788E+15,4.99916E+16
99297,9,4,77,164,2018,11,13,6,3,8,2,0,0,1,0,0,0,0,0,6.67226E+20,5.53978E+21,1.13329E+16,4.99869E+16
99298,9,1,84,149,2018,11,15,2,3,5,3,1,0,1,0,0,0,0,1,6.90347E+20,5.35165E+21,1.15662E+16,4.82894E+16
99299,9,1,90,136,2018,11,7,5,3,3,6,1,0,1,0,0,0,0,2,6.68729E+20,5.28794E+21,1.12499E+16,4.77228E+16
99300,9,4,72,154,2018,11,14,6,3,8,1,0,0,1,0,0,0,0,1,6.59988E+20,5.5365E+21,1.12306E+16,4.99594E+16
99301,9,2,75,133,2018,11,15,3,2,8,1,0,0,1,0,0,0,0,1,8.22293E+20,5.38522E+21,1.33666E+16,4.85372E+16
99302,9,4,75,156,2018,11,16,2,3,1,6,1,0,1,0,0,0,0,1,6.91301E+20,5.57731E+21,1.16872E+16,5.03168E+16
99303,9,7,61,0,2018,11,17,4,3,2,1,1,0,1,0,0,0,0,1,6.4276E+20,5.36349E+21,1.09291E+16,4.84084E+16
99304,9,4,74,143,2018,11,7,6,3,5,3,0,0,1,0,0,0,0,0,6.54257E+20,5.51093E+21,1.11406E+16,4.9731E+16
99305,9,4,71,140,2018,11,10,6,3,6,7,0,0,1,1,0,0,0,0,6.34573E+20,5.53222E+21,1.0875E+16,4.99272E+16
99306,9,1,72,111,2018,11,15,2,3,1,6,0,0,1,0,0,1,0,1,7.95628E+20,5.30111E+21,1.29478E+16,4.77954E+16
99307,9,2,75,153,2018,11,19,4,3,5,3,2,0,1,0,0,0,0,1,8.44354E+20,5.39058E+21,1.36689E+16,4.85735E+16
99308,9,3,63,0,2018,11,16,6,3,2,2,0,0,1,0,0,0,0,0,7.27539E+20,5.50607E+21,1.21533E+16,4.96642E+16
99309,9,6,76,145,2018,11,16,5,2,2,6,2,0,1,0,0,0,0,0,5.10333E+20,5.52022E+21,9.14369E+15,4.98343E+16
99310,9,1,83,139,2018,11,17,3,2,5,3,2,0,1,0,0,0,0,1,7.34836E+20,5.33447E+21,1.21556E+16,4.81201E+16
99311,9,7,73,133,2018,11,18,7,3,1,5,2,0,1,0,0,0,1,0,6.09747E+20,5.37283E+21,1.04856E+16,4.8499E+16
99312,9,6,76,139,2018,11,14,1,3,9,1,0,0,1,0,0,0,0,1,5.21896E+20,5.50158E+21,9.30343E+15,4.96664E+16
99313,9,7,77,114,2018,11,14,3,3,4,6,0,0,1,0,0,0,1,1,6.14373E+20,5.31355E+21,1.05322E+16,4.79651E+16
99314,9,3,73,147,2018,11,14,6,3,4,2,0,0,1,0,0,0,0,1,6.78091E+20,5.4597E+21,1.14479E+16,4.92641E+16
99315,9,7,75,129,2018,11,17,2,3,2,6,2,0,1,0,0,0,0,1,5.81872E+20,5.34255E+21,1.01025E+16,4.82309E+16
99316,9,1,62,0,2018,11,7,5,2,2,6,0,0,1,0,0,0,1,0,6.81145E+20,5.34024E+21,1.14374E+16,4.81895E+16
99317,9,3,76,151,2018,11,11,6,3,5,3,0,0,1,0,0,0,0,0,7.49369E+20,5.48331E+21,1.24409E+16,4.94512E+16
99318,9,3,71,119,2018,11,14,2,3,8,1,0,0,1,0,0,0,0,0,6.9294E+20,5.49497E+21,1.1669E+16,4.95765E+16
99319,9,5,74,123,2018,11,22,4,3,3,6,2,0,1,0,0,1,0,0,6.58454E+20,5.47339E+21,1.11837E+16,4.93925E+16
99320,9,3,76,119,2018,11,8,6,3,1,1,0,0,1,0,0,0,0,0,7.21666E+20,5.45463E+21,1.20433E+16,4.92043E+16
99321,9,3,71,136,2018,11,7,6,3,8,1,0,0,1,0,0,0,0,1,7.11162E+20,5.48076E+21,1.19131E+16,4.94428E+16
99322,9,2,71,151,2018,11,17,6,3,2,6,2,0,1,0,0,0,0,0,7.84247E+20,5.41269E+21,1.28713E+16,4.88021E+16
99323,9,1,88,121,2018,11,15,2,3,5,3,0,1,1,0,0,0,0,1,6.71323E+20,5.33089E+21,1.13016E+16,4.81082E+16
99324,9,1,61,0,2018,11,16,4,3,5,2,2,0,1,0,0,0,0,0,6.78838E+20,5.40474E+21,1.1434E+16,4.87699E+16
99325,9,2,71,135,2018,11,7,6,3,5,3,0,0,1,0,0,0,0,0,7.90022E+20,5.40614E+21,1.29451E+16,4.87407E+16
99326,9,4,64,0,2018,11,21,5,3,5,3,2,0,1,0,0,0,0,0,7.08268E+20,5.57437E+21,1.19236E+16,5.02847E+16
99327,9,1,87,137,2018,11,14,3,3,5,2,0,0,1,0,0,0,0,0,7.29702E+20,5.31112E+21,1.20742E+16,4.79122E+16
99328,9,2,77,138,2018,11,6,6,3,5,3,1,0,1,0,0,0,0,1,7.90168E+20,5.37462E+21,1.29251E+16,4.84577E+16
99329,9,2,72,119,2018,11,16,6,3,8,1,0,0,1,0,0,0,0,0,8.26433E+20,5.4072E+21,1.34398E+16,4.87322E+16
99330,9,1,87,150,2018,11,15,2,3,5,2,0,0,1,0,0,0,0,1,7.28802E+20,5.30434E+21,1.20586E+16,4.78516E+16
99331,9,1,73,133,2018,11,7,4,3,9,7,1,0,1,0,0,0,0,1,6.77507E+20,5.28116E+21,1.13641E+16,4.76594E+16
99332,9,1,83,114,2018,11,20,6,3,4,6,2,0,1,0,1,0,0,1,7.46124E+20,5.35581E+21,1.23194E+16,4.83076E+16
99333,9,5,64,0,2018,11,8,5,3,2,6,0,0,1,0,0,0,0,0,6.46054E+20,5.48132E+21,1.10158E+16,4.9467E+16
99334,9,1,87,182,2018,11,7,3,3,4,3,0,0,1,0,0,0,0,1,7.41861E+20,5.32884E+21,1.22467E+16,4.80669E+16
99335,9,7,71,130,2018,11,7,7,3,2,6,2,0,1,0,0,0,1,1,6.43987E+20,5.36321E+21,1.09456E+16,4.84056E+16
99336,9,4,61,0,2018,11,3,1,3,0,7,2,1,0,0,0,0,0,0,6.34955E+20,5.5306E+21,1.08797E+16,4.99126E+16
99337,9,7,71,130,2018,11,10,3,3,5,3,0,0,1,0,0,1,0,1,6.44695E+20,5.36321E+21,1.09551E+16,4.84055E+16
99338,9,2,74,127,2018,11,23,6,3,4,6,2,0,1,0,0,0,0,0,7.35005E+20,5.39585E+21,1.21922E+16,4.86714E+16
99339,9,7,72,159,2018,11,16,2,3,5,2,2,0,1,0,0,0,0,1,6.2602E+20,5.36125E+21,1.07023E+16,4.83918E+16
99340,9,1,74,135,2018,11,6,5,2,8,1,2,0,1,0,0,0,0,0,6.64353E+20,5.35253E+21,1.12164E+16,4.83046E+16
99341,9,1,73,126,2018,11,7,6,3,2,2,0,0,1,0,0,0,0,1,6.85645E+20,5.3038E+21,1.14821E+16,4.78607E+16
99342,9,2,78,190,2018,11,6,2,3,2,6,1,0,1,0,0,0,0,1,7.65113E+20,5.42828E+21,1.26214E+16,4.89505E+16
99343,9,5,76,137,2018,11,17,4,3,5,2,1,0,1,0,0,0,0,0,6.51268E+20,5.46229E+21,1.10805E+16,4.92946E+16
99344,9,1,83,126,2018,11,17,6,3,5,3,2,0,1,0,0,0,0,1,7.3291E+20,5.33698E+21,1.21312E+16,4.81434E+16
99345,9,1,83,148,2018,11,6,6,3,4,2,2,0,1,0,1,0,0,1,7.53883E+20,5.34502E+21,1.24174E+16,4.82076E+16
99346,9,1,75,133,2018,11,10,2,3,0,1,0,0,0,0,1,0,0,1,7.08065E+20,5.3418E+21,1.18E+16,4.81953E+16
99347,9,1,62,0,2018,11,13,4,3,3,6,0,0,1,0,0,1,0,1,6.96369E+20,5.3433E+21,1.16434E+16,4.82125E+16
99348,9,1,89,126,2018,11,17,6,2,5,2,2,0,1,0,1,0,0,0,7.57184E+20,5.32586E+21,1.24502E+16,4.80342E+16
99349,9,4,62,0,2018,11,11,5,3,5,3,0,1,1,0,0,0,0,0,6.86044E+20,5.53616E+21,1.15933E+16,4.99488E+16
99350,9,1,81,130,2018,11,16,3,3,0,1,1,1,0,0,0,0,0,1,6.38415E+20,5.3235E+21,1.08574E+16,4.80497E+16
99351,9,2,77,140,2018,11,16,5,1,6,4,2,0,1,1,0,0,0,0,7.92974E+20,5.36082E+21,1.29533E+16,4.83325E+16
99352,9,7,71,130,2018,11,11,7,3,9,1,0,0,1,0,0,0,0,1,6.51247E+20,5.3517E+21,1.10395E+16,4.83004E+16
99353,9,2,79,126,2018,11,14,1,3,5,3,0,0,1,0,0,0,0,0,7.62531E+20,5.38415E+21,1.2558E+16,4.85555E+16
99354,9,5,62,0,2018,11,17,3,2,9,7,2,0,0,0,0,0,1,0,6.43919E+20,5.49471E+21,1.09913E+16,4.95878E+16
99355,9,1,89,155,2018,11,17,6,3,2,6,2,0,1,0,0,0,0,1,7.71692E+20,5.30789E+21,1.26331E+16,4.78668E+16
99356,9,4,72,139,2018,11,21,3,3,1,6,2,0,1,0,0,0,0,1,6.94409E+20,5.55247E+21,1.17181E+16,5.00926E+16
99357,9,5,62,0,2018,11,5,2,3,5,3,2,0,1,0,0,0,0,0,6.42751E+20,5.49466E+21,1.09751E+16,4.95876E+16
99358,9,7,78,150,2018,11,12,4,3,5,3,0,0,1,0,0,0,0,0,5.86115E+20,5.32215E+21,1.01555E+16,4.80468E+16
99359,9,7,61,0,2018,11,20,7,3,1,1,2,0,1,0,1,0,0,0,6.41506E+20,5.35821E+21,1.09104E+16,4.83612E+16
99360,9,2,78,139,2018,11,0,1,2,4,2,2,0,1,0,0,0,0,1,7.71639E+20,5.42625E+21,1.27089E+16,4.89295E+16
99361,9,6,75,174,2018,11,7,3,2,0,1,2,1,0,0,0,0,0,0,5.93472E+20,5.52402E+21,1.03005E+16,4.98613E+16
99362,9,1,89,145,2018,11,16,6,3,5,3,2,0,1,0,0,0,0,1,7.71999E+20,5.3038E+21,1.26346E+16,4.78299E+16
99363,9,5,63,0,2018,11,17,3,3,2,6,2,0,1,0,0,0,0,0,6.4515E+20,5.48308E+21,1.1004E+16,4.9483E+16
99364,9,6,72,140,2018,11,14,2,3,0,1,1,1,0,0,0,0,0,0,5.81219E+20,5.55401E+21,1.01364E+16,5.01328E+16
99365,9,1,62,0,2018,11,13,4,3,2,6,0,0,1,0,0,0,0,0,6.94148E+20,5.34025E+21,1.16122E+16,4.81858E+16
99366,9,1,87,116,2018,11,19,6,3,4,3,2,0,1,0,0,0,0,2,7.48137E+20,5.33215E+21,1.23327E+16,4.80942E+16
99367,9,2,62,0,2018,11,8,2,3,2,6,0,0,1,0,0,0,0,1,8.27983E+20,5.38973E+21,1.3447E+16,4.85747E+16
99368,9,5,73,134,2018,11,16,4,3,3,1,2,0,1,0,0,0,0,0,6.40771E+20,5.47742E+21,1.09416E+16,4.94332E+16
99369,9,1,87,116,2018,11,11,6,3,8,6,0,0,1,0,0,0,0,0,7.43001E+20,5.32942E+21,1.22623E+16,4.80717E+16
99370,9,6,79,196,2018,11,16,7,3,0,1,2,0,0,0,0,0,1,1,5.50623E+20,5.51531E+21,9.70328E+15,4.97881E+16
99371,9,1,77,133,2018,11,21,2,3,8,1,2,0,1,0,0,0,0,2,7.05439E+20,5.3549E+21,1.1771E+16,4.83139E+16
99372,9,1,62,0,2018,11,15,4,3,9,6,0,0,1,0,0,0,0,0,6.91664E+20,5.34487E+21,1.15809E+16,4.82281E+16
99373,9,1,87,182,2018,11,8,6,2,6,4,0,0,1,1,0,0,0,0,7.40787E+20,5.32784E+21,1.22317E+16,4.80584E+16
99374,9,3,75,180,2018,11,13,5,3,2,1,0,0,1,0,0,0,0,1,7.25305E+20,5.42848E+21,1.20786E+16,4.89681E+16
99375,9,1,78,124,2018,11,7,3,3,2,6,0,0,1,0,0,0,0,1,7.01749E+20,5.35853E+21,1.1723E+16,4.83477E+16
99376,9,2,74,184,2018,11,14,5,3,4,2,0,1,1,0,0,0,0,0,7.48195E+20,5.37188E+21,1.23568E+16,4.84511E+16
99377,9,6,76,165,2018,11,19,7,3,8,1,2,0,1,0,0,0,0,1,5.15369E+20,5.50104E+21,9.21296E+15,4.96617E+16
99378,9,1,63,0,2018,11,13,6,3,5,3,0,1,1,0,0,0,0,0,7.33988E+20,5.30477E+21,1.21281E+16,4.78536E+16
99379,9,1,87,145,2018,11,18,1,3,8,1,2,0,1,0,0,0,0,1,7.46089E+20,5.31338E+21,1.22945E+16,4.79265E+16
99380,9,3,76,147,2018,11,16,3,3,5,3,1,0,1,0,0,0,0,0,7.46083E+20,5.47156E+21,1.23883E+16,4.9347E+16
99381,9,5,75,145,2018,11,18,2,3,8,1,2,0,1,0,0,0,0,1,6.22738E+20,5.48571E+21,1.06955E+16,4.95116E+16
99382,9,7,77,173,2018,11,10,4,3,5,3,0,0,1,0,0,0,0,0,6.3637E+20,5.27615E+21,1.0815E+16,4.76244E+16
99383,9,1,87,118,2018,11,19,6,3,4,6,2,0,1,0,0,0,1,0,7.51644E+20,5.30033E+21,1.23611E+16,4.78071E+16
99384,9,1,89,154,2018,11,17,2,2,6,7,2,1,0,1,0,0,0,1,7.68965E+20,5.31685E+21,1.26023E+16,4.79485E+16
99385,9,3,75,210,2018,11,16,4,3,9,1,1,0,1,0,0,0,0,1,7.46075E+20,5.43341E+21,1.23649E+16,4.90045E+16
99386,9,1,61,0,2018,11,7,6,2,8,1,0,0,0,0,0,1,0,0,6.81729E+20,5.40061E+21,1.14714E+16,4.8732E+16
99387,9,6,75,141,2018,11,16,5,3,2,6,2,0,1,0,0,0,0,1,5.84983E+20,5.50951E+21,1.01793E+16,4.97321E+16
99388,9,1,90,159,2018,11,11,3,2,5,3,0,0,1,0,0,0,0,1,6.63282E+20,5.30579E+21,1.11841E+16,4.78847E+16
99389,9,6,61,0,2018,11,9,7,2,6,2,0,0,1,1,0,0,0,1,5.1108E+20,5.53578E+21,9.15452E+15,4.99742E+16
99390,9,1,61,0,2018,11,7,6,3,2,6,0,0,1,0,0,0,0,0,6.81729E+20,5.40061E+21,1.14715E+16,4.8732E+16
99391,9,2,73,137,2018,11,6,2,2,5,3,2,0,1,0,0,0,0,1,7.09369E+20,5.42259E+21,1.18581E+16,4.89208E+16
99392,9,4,71,137,2018,11,12,4,3,2,7,0,0,1,0,0,1,0,0,6.37785E+20,5.53262E+21,1.09198E+16,4.99301E+16
99393,9,1,61,0,2018,11,7,6,3,2,6,0,0,1,0,0,0,0,0,6.81723E+20,5.40062E+21,1.14714E+16,4.87321E+16
99394,9,2,74,128,2018,11,16,3,3,2,6,0,0,1,0,0,1,0,0,7.36685E+20,5.38897E+21,1.22111E+16,4.8609E+16
99395,9,5,76,151,2018,11,14,7,2,2,2,0,0,1,0,0,0,0,1,6.54714E+20,5.46876E+21,1.11304E+16,4.93519E+16
99396,9,1,62,0,2018,11,16,1,3,2,6,2,0,1,0,0,0,0,0,6.90879E+20,5.33015E+21,1.15637E+16,4.8096E+16
99397,9,1,62,0,2018,11,16,3,3,6,2,2,0,1,1,0,0,0,1,6.95475E+20,5.33107E+21,1.16258E+16,4.81029E+16
99398,9,1,86,125,2018,11,5,6,3,5,1,2,0,1,0,1,0,0,0,6.71367E+20,5.37016E+21,1.13181E+16,4.84612E+16
99399,9,1,62,0,2018,11,17,2,3,2,6,2,0,1,0,0,0,0,1,6.91868E+20,5.33925E+21,1.15811E+16,4.81775E+16
99400,9,1,72,117,2018,11,21,5,2,9,1,2,0,1,0,0,0,0,1,7.98405E+20,5.28173E+21,1.29715E+16,4.76202E+16
99401,9,5,63,0,2018,11,7,7,2,5,3,2,0,1,0,0,0,1,0,6.43989E+20,5.48173E+21,1.09875E+16,4.94711E+16
99402,9,1,76,111,2018,11,7,6,1,4,6,0,0,1,0,0,0,0,1,6.63397E+20,5.40907E+21,1.12257E+16,4.88131E+16
99403,9,2,75,134,2018,11,10,3,3,2,2,0,0,1,0,0,0,0,1,8.23812E+20,5.37402E+21,1.33784E+16,4.84359E+16
99404,9,4,73,144,2018,11,11,2,3,8,7,0,0,1,0,0,0,0,1,6.31664E+20,5.58182E+21,1.08516E+16,5.03737E+16
99405,9,7,71,113,2018,11,19,4,3,9,1,2,0,1,0,0,0,0,1,6.60293E+20,5.36633E+21,1.11669E+16,4.84297E+16
99406,9,1,74,146,2018,11,18,6,3,2,6,2,0,1,0,0,0,0,0,6.65389E+20,5.35155E+21,1.123E+16,4.82955E+16
99407,9,1,81,113,2018,11,9,6,3,2,6,0,0,1,0,0,0,0,1,6.39466E+20,5.31063E+21,1.08673E+16,4.79338E+16
99408,9,1,72,111,2018,11,13,1,3,4,2,0,0,1,0,0,0,0,1,7.96691E+20,5.30279E+21,1.29631E+16,4.781E+16
99409,9,1,88,124,2018,11,6,6,3,0,1,1,1,0,0,0,0,0,1,6.61979E+20,5.31749E+21,1.11711E+16,4.79901E+16
99410,9,1,82,134,2018,11,22,2,3,8,1,2,0,1,0,0,0,0,1,7.01537E+20,5.2942E+21,1.16899E+16,4.77696E+16
99411,9,2,74,153,2018,11,17,4,3,4,2,2,0,1,0,0,0,0,0,7.34571E+20,5.403E+21,1.21904E+16,4.87358E+16
99412,9,1,88,132,2018,11,16,6,3,5,3,1,0,1,0,0,0,0,1,6.6326E+20,5.32302E+21,1.11903E+16,4.80396E+16
99413,9,5,76,151,2018,11,16,5,3,1,6,2,0,1,0,0,0,0,0,6.5639E+20,5.47148E+21,1.11545E+16,4.93759E+16
99414,9,1,83,128,2018,11,6,3,3,7,7,2,0,1,1,0,0,0,2,7.57957E+20,5.3497E+21,1.2475E+16,4.82479E+16
99415,9,5,64,0,2018,11,13,7,3,2,7,0,0,1,0,0,0,0,0,6.45543E+20,5.47837E+21,1.10077E+16,4.94405E+16
99416,9,5,76,127,2018,11,10,1,3,9,1,0,0,1,0,0,0,0,1,6.64917E+20,5.44849E+21,1.12624E+16,4.91671E+16
99417,9,7,73,183,2018,11,17,3,3,4,3,1,0,1,0,0,0,0,0,6.03508E+20,5.38626E+21,1.04045E+16,4.86209E+16
99418,9,1,88,132,2018,11,13,6,2,8,1,0,0,1,0,0,0,0,1,6.64736E+20,5.32395E+21,1.12105E+16,4.80475E+16
99419,9,7,78,209,2018,11,17,2,3,5,3,2,0,1,0,0,0,0,1,6.18779E+20,5.32359E+21,1.0594E+16,4.80545E+16
99420,9,1,88,139,2018,11,22,5,3,5,3,2,0,1,0,0,0,0,0,6.74196E+20,5.31992E+21,1.13357E+16,4.80088E+16
99421,9,5,73,125,2018,11,14,7,3,1,5,0,0,1,0,0,0,1,0,6.36322E+20,5.4731E+21,1.08788E+16,4.93953E+16
99422,9,1,74,126,2018,11,7,6,3,2,6,0,0,1,0,0,0,0,1,6.8388E+20,5.34377E+21,1.14757E+16,4.82205E+16