OBJECTID_1,ULAND,UREGBEZ,UKREIS,UGEMEINDE,UJAHR,UMONAT,USTUNDE,UWOCHENTAG,UKATEGORIE,UART,UTYP1,ULICHTVERH,IstRad,IstPKW,IstFuss,IstKrad,IstGkfz,IstSonstig,STRZUSTAND,LINREFX,LINREFY,XGCSWGS84,YGCSWGS84
99423,9,7,72,147,2018,11,16,1,3,5,3,2,0,1,0,0,0,0,1,6.35993E+20,5.36443E+21,1.0838E+16,4.84183E+16
99424,9,7,74,162,2018,11,8,3,3,9,6,0,0,1,0,0,0,0,1,5.98954E+20,5.35059E+21,1.03343E+16,4.83008E+16
99425,9,1,75,139,2018,11,14,6,3,5,3,0,0,1,0,0,0,0,0,7.09862E+20,5.32997E+21,1.18183E+16,4.80884E+16
99426,9,1,88,127,2018,11,16,2,3,6,4,2,0,1,1,0,0,0,1,6.79604E+20,5.32973E+21,1.14122E+16,4.80955E+16
99427,9,1,88,144,2018,11,16,5,3,2,6,1,0,1,0,0,0,0,0,6.66543E+20,5.32884E+21,1.12366E+16,4.80911E+16
99428,9,5,77,173,2018,11,14,7,3,5,3,0,0,1,0,0,0,0,1,6.38377E+20,5.4226E+21,1.08897E+16,4.89409E+16
99429,9,1,75,122,2018,11,9,6,2,9,1,0,0,1,0,0,0,0,1,7.22198E+20,5.32443E+21,1.19808E+16,4.80345E+16
99430,9,3,63,0,2018,11,9,2,3,2,6,0,0,1,0,0,0,0,0,7.27342E+20,5.50443E+21,1.21496E+16,4.96496E+16
99431,9,6,71,136,2018,11,22,4,3,4,2,2,0,1,0,0,0,0,1,5.04903E+20,5.53813E+21,9.06841E+15,4.99955E+16
99432,9,1,77,115,2018,11,18,6,3,8,7,2,0,1,0,0,0,0,0,7.31155E+20,5.34884E+21,1.21141E+16,4.82505E+16
99433,9,1,62,0,2018,11,15,5,3,2,6,0,0,1,0,0,0,0,0,6.88677E+20,5.33615E+21,1.15368E+16,4.81506E+16
99434,9,1,84,149,2018,11,14,5,3,5,3,0,1,1,0,0,0,0,0,6.90143E+20,5.351E+21,1.15632E+16,4.82836E+16
99435,9,1,85,158,2018,11,16,2,3,5,3,2,0,1,0,0,0,0,1,6.66545E+20,5.38142E+21,1.12574E+16,4.85638E+16
99436,9,1,89,127,2018,11,17,4,3,5,3,2,0,1,0,1,0,0,1,7.84105E+20,5.31691E+21,1.28047E+16,4.79424E+16
99437,9,1,62,0,2018,11,17,5,3,1,6,1,0,1,0,0,1,1,0,6.94637E+20,5.3345E+21,1.16161E+16,4.81339E+16
99438,9,5,71,165,2018,11,15,5,3,2,6,1,0,1,0,0,0,0,1,6.34137E+20,5.46859E+21,1.08471E+16,4.93552E+16
99439,9,1,63,0,2018,11,16,3,3,2,6,1,0,1,0,0,0,0,1,7.34422E+20,5.30375E+21,1.21333E+16,4.78443E+16
99440,9,5,71,165,2018,11,13,7,3,2,6,0,0,1,0,0,0,0,0,6.34117E+20,5.46859E+21,1.08469E+16,4.93553E+16
99441,9,3,75,211,2018,11,12,1,2,4,6,0,0,1,0,0,0,0,1,7.19317E+20,5.44252E+21,1.20045E+16,4.90964E+16
99442,9,7,71,113,2018,11,7,3,3,5,3,1,1,1,0,0,0,0,1,6.5747E+20,5.36885E+21,1.11298E+16,4.84531E+16
99443,9,7,78,173,2018,11,15,5,3,2,6,0,0,1,0,0,0,1,0,6.12092E+20,5.32204E+21,1.05039E+16,4.80418E+16
99444,9,5,76,151,2018,11,15,3,3,8,7,0,0,1,0,0,0,0,1,6.5362E+20,5.46672E+21,1.11145E+16,4.93338E+16
99445,9,7,71,130,2018,11,10,2,3,2,6,0,0,1,0,0,0,0,1,6.45879E+20,5.35783E+21,1.09693E+16,4.83568E+16
99446,9,1,77,130,2018,11,13,5,3,5,3,0,0,1,0,0,0,0,0,7.07171E+20,5.35084E+21,1.17924E+16,4.82768E+16
99447,9,7,74,124,2018,11,6,5,2,6,7,2,0,1,1,0,0,0,1,5.99153E+20,5.34532E+21,1.03358E+16,4.82534E+16
99448,9,2,75,148,2018,11,6,2,3,9,1,2,0,1,0,0,0,0,2,8.44591E+20,5.40325E+21,1.36826E+16,4.8687E+16
99449,9,5,73,125,2018,11,19,4,1,6,4,2,0,1,1,0,0,0,0,6.37848E+20,5.4724E+21,1.08995E+16,4.93886E+16
99450,9,7,75,129,2018,11,7,5,3,2,6,2,0,1,0,0,0,1,1,5.83812E+20,5.33986E+21,1.01281E+16,4.82065E+16
99451,9,7,80,140,2018,11,3,5,3,8,1,2,0,1,0,0,0,0,1,5.99545E+20,5.28283E+21,1.03266E+16,4.76911E+16
99452,9,1,78,122,2018,11,12,2,3,4,6,0,0,1,0,0,0,1,1,7.04282E+20,5.38664E+21,1.17709E+16,4.85994E+16
99453,9,2,76,144,2018,11,20,2,3,8,1,2,0,1,0,0,0,0,2,7.85702E+20,5.44633E+21,1.29146E+16,4.91034E+16
99454,9,5,76,151,2018,11,8,4,3,2,6,0,0,1,0,0,0,0,0,6.54379E+20,5.47232E+21,1.11271E+16,4.9384E+16
99455,9,7,76,116,2018,11,13,5,3,4,2,0,0,1,0,1,0,0,0,5.51236E+20,5.26809E+21,9.68113E+15,4.75642E+16
99456,9,7,77,138,2018,11,19,5,3,5,3,2,0,1,0,0,0,0,1,6.05157E+20,5.2983E+21,1.04051E+16,4.78295E+16
99457,9,1,84,131,2018,11,17,2,3,0,6,2,0,1,0,0,1,0,1,7.04398E+20,5.33754E+21,1.17486E+16,4.81582E+16
99458,9,1,62,0,2018,11,9,4,3,8,1,0,0,1,0,0,0,0,1,6.81887E+20,5.33826E+21,1.14465E+16,4.81716E+16
99459,9,7,80,115,2018,11,11,5,3,5,2,0,1,1,0,0,0,0,0,5.94674E+20,5.26624E+21,1.02581E+16,4.75427E+16
99460,9,4,76,183,2018,11,10,5,3,4,2,0,0,1,0,0,0,0,0,6.70555E+20,5.56936E+21,1.13925E+16,5.02518E+16
99461,9,1,76,132,2018,11,17,3,2,8,1,2,0,1,0,0,0,0,1,6.69435E+20,5.41606E+21,1.13108E+16,4.88744E+16
99462,9,3,61,0,2018,11,13,5,3,4,2,0,0,1,0,0,0,0,0,7.06311E+20,5.48062E+21,1.18462E+16,4.94432E+16
99463,9,4,79,152,2018,11,14,7,3,4,1,0,0,1,0,1,0,0,1,7.23084E+20,5.5622E+21,1.21241E+16,5.017E+16
99464,9,2,73,172,2018,11,13,1,3,8,1,0,0,1,0,0,0,0,0,7.1008E+20,5.40454E+21,1.18586E+16,4.87584E+16
99465,9,6,76,160,2018,11,17,3,3,2,6,2,0,1,0,0,0,1,1,5.10903E+20,5.52706E+21,9.1518E+15,4.98959E+16
99466,9,7,79,131,2018,11,6,5,3,1,6,2,0,1,0,0,0,0,0,6.32819E+20,5.39628E+21,1.08053E+16,4.87054E+16
99467,9,5,71,135,2018,11,12,3,3,8,1,0,0,1,0,0,0,0,0,6.24024E+20,5.47326E+21,1.07094E+16,4.93994E+16
99468,9,6,76,112,2018,11,8,2,3,5,3,0,0,1,0,0,1,0,0,5.1604E+20,5.49909E+21,9.22218E+15,4.96441E+16
99469,9,1,84,122,2018,11,16,4,1,5,3,1,1,1,0,0,0,0,1,6.90171E+20,5.32319E+21,1.15511E+16,4.80337E+16
99470,9,1,78,124,2018,11,11,1,3,1,1,0,0,1,0,0,0,0,1,7.03226E+20,5.36515E+21,1.17461E+16,4.84067E+16
99471,9,7,61,0,2018,11,11,5,3,9,1,0,0,1,0,0,0,0,0,6.39801E+20,5.35296E+21,1.08856E+16,4.83144E+16
99472,9,2,72,151,2018,11,17,2,3,6,6,2,0,1,1,0,0,0,0,8.3581E+20,5.41089E+21,1.35699E+16,4.87603E+16
99473,9,4,75,141,2018,11,6,4,3,7,7,2,0,1,0,0,1,1,0,7.00485E+20,5.58E+21,1.18175E+16,5.03379E+16
99474,9,7,72,115,2018,11,17,5,3,4,6,2,0,1,0,1,0,0,0,6.17474E+20,5.36883E+21,1.05891E+16,4.84616E+16
99475,9,4,74,126,2018,11,18,7,3,4,2,2,0,1,0,0,0,0,1,6.4908E+20,5.50932E+21,1.10682E+16,4.97179E+16
99476,9,1,75,112,2018,11,11,2,3,5,3,0,0,1,0,0,0,1,1,7.21694E+20,5.31972E+21,1.19716E+16,4.79923E+16
99477,9,1,78,157,2018,11,6,4,1,9,6,2,0,1,0,0,1,0,1,7.0385E+20,5.37322E+21,1.17585E+16,4.84791E+16
99478,9,7,72,141,2018,11,17,5,3,1,2,2,0,1,0,1,0,0,0,6.22699E+20,5.35253E+21,1.0655E+16,4.83141E+16
99479,9,1,77,113,2018,11,7,3,3,2,6,0,0,1,0,0,0,0,1,7.21078E+20,5.35299E+21,1.19807E+16,4.82914E+16
99480,9,1,84,132,2018,11,21,5,3,9,6,2,0,1,0,0,0,0,0,6.84533E+20,5.32654E+21,1.1477E+16,4.80655E+16
99481,9,4,71,120,2018,11,13,7,2,8,7,0,0,1,0,0,0,0,1,6.23898E+20,5.51773E+21,1.07217E+16,4.97992E+16
99482,9,7,61,0,2018,11,10,5,3,5,1,0,1,0,0,1,0,0,0,6.41358E+20,5.35252E+21,1.09065E+16,4.83101E+16
99483,9,2,71,125,2018,11,13,3,3,2,6,0,0,1,0,0,0,0,0,7.96839E+20,5.40908E+21,1.30397E+16,4.87638E+16
99484,9,1,78,113,2018,11,7,4,3,4,2,1,0,1,0,0,0,0,1,6.9139E+20,5.36718E+21,1.15873E+16,4.84287E+16
99485,9,6,79,117,2018,11,8,5,3,9,1,0,0,1,0,0,0,0,1,5.78614E+20,5.52763E+21,1.00946E+16,4.98959E+16
99486,9,3,77,141,2018,11,14,5,2,5,3,0,0,1,0,0,1,0,0,7.31602E+20,5.53652E+21,1.22277E+16,4.99361E+16
99487,9,1,81,120,2018,11,7,3,3,8,1,0,0,0,0,0,1,0,2,6.48931E+20,5.31978E+21,1.09971E+16,4.80139E+16
99488,9,2,75,134,2018,11,7,5,3,2,6,0,0,1,0,0,0,0,1,8.26099E+20,5.37696E+21,1.34115E+16,4.84611E+16
99489,9,1,90,145,2018,11,1,1,3,9,1,2,0,1,0,0,0,0,0,6.45671E+20,5.28906E+21,1.0943E+16,4.77384E+16
99490,9,5,62,0,2018,11,15,3,3,5,3,0,1,1,0,0,0,0,1,6.44346E+20,5.49652E+21,1.09978E+16,4.9604E+16
99491,9,6,79,170,2018,11,17,5,3,2,6,2,0,1,0,0,0,0,0,5.76811E+20,5.50168E+21,1.00644E+16,4.96627E+16
99492,9,3,62,0,2018,11,8,3,3,2,1,0,0,1,0,0,0,0,1,7.26375E+20,5.43732E+21,1.20981E+16,4.90471E+16
99493,9,5,64,0,2018,11,12,2,3,2,6,0,0,1,0,0,0,0,1,6.47652E+20,5.47822E+21,1.10367E+16,4.94387E+16
99494,9,7,62,0,2018,11,7,4,3,6,4,1,0,1,1,0,0,0,0,6.22071E+20,5.30438E+21,1.06327E+16,4.78811E+16
99495,9,6,77,131,2018,11,9,5,3,5,3,0,0,1,0,0,0,0,0,5.49315E+20,5.54507E+21,9.68891E+15,5.00559E+16
99496,9,1,73,141,2018,11,3,2,3,8,1,2,0,1,0,0,0,0,1,6.98414E+20,5.29795E+21,1.165E+16,4.78043E+16
99497,9,4,71,120,2018,11,17,4,3,3,7,2,0,1,0,0,0,1,0,6.25537E+20,5.52087E+21,1.07455E+16,4.98271E+16
99498,9,6,74,163,2018,11,12,5,3,2,6,0,0,1,0,0,0,0,0,6.09804E+20,5.5384E+21,1.05318E+16,4.99878E+16
99499,9,2,79,113,2018,11,17,3,3,4,6,2,0,0,0,1,0,1,0,7.84546E+20,5.39503E+21,1.28632E+16,4.86435E+16
99500,9,7,78,121,2018,11,7,1,3,9,1,1,0,1,0,0,0,0,2,6.02564E+20,5.32965E+21,1.03779E+16,4.81118E+16
99501,9,1,62,0,2018,11,18,3,3,2,6,2,0,1,0,0,0,0,0,6.88546E+20,5.33538E+21,1.15347E+16,4.81437E+16
99502,9,6,76,145,2018,11,14,5,3,5,3,0,0,1,0,1,0,0,0,5.0918E+20,5.52018E+21,9.12765E+15,4.9834E+16
99503,9,1,62,0,2018,11,11,2,3,2,6,0,0,1,0,0,0,0,1,6.88678E+20,5.33624E+21,1.15369E+16,4.81514E+16
99504,9,1,76,167,2018,11,17,5,3,5,3,2,1,1,0,0,0,0,0,6.77231E+20,5.41049E+21,1.14146E+16,4.88221E+16
99505,9,6,76,140,2018,11,6,5,3,4,6,2,0,1,0,0,0,0,0,5.05236E+20,5.52182E+21,9.07284E+15,4.98488E+16
99506,9,4,62,0,2018,11,22,2,3,2,6,2,0,1,0,0,0,0,0,6.84652E+20,5.53585E+21,1.15738E+16,4.99464E+16
99507,9,6,78,168,2018,11,7,4,2,4,2,0,0,1,0,0,0,0,0,5.828E+20,5.54957E+21,1.01576E+16,5.00926E+16
99508,9,5,74,164,2018,11,18,5,3,5,3,2,0,1,0,0,1,0,0,6.6642E+20,5.4753E+21,1.12942E+16,4.94076E+16
99509,9,5,72,135,2018,11,5,5,3,2,6,2,0,1,0,0,0,0,0,6.30641E+20,5.50725E+21,1.08118E+16,4.97036E+16
99510,9,5,63,0,2018,11,7,5,3,0,7,0,0,1,0,0,0,0,0,6.42443E+20,5.48526E+21,1.09674E+16,4.95032E+16
99511,9,1,87,122,2018,11,19,2,3,5,3,2,0,1,0,0,0,1,1,7.18842E+20,5.30799E+21,1.19275E+16,4.78879E+16
99512,9,1,62,0,2018,11,8,4,3,2,6,0,0,1,0,0,0,0,0,6.87008E+20,5.33133E+21,1.15123E+16,4.81077E+16
99513,9,5,64,0,2018,11,13,5,3,2,6,0,0,1,0,0,0,0,0,6.48739E+20,5.48108E+21,1.10528E+16,4.94641E+16
99514,9,5,71,174,2018,11,18,2,3,5,3,2,0,1,0,0,0,0,1,6.02972E+20,5.4621E+21,1.04165E+16,4.9303E+16
99515,9,7,61,0,2018,11,7,4,3,2,6,0,0,1,0,0,0,0,1,6.39202E+20,5.35648E+21,1.08787E+16,4.83462E+16
99516,9,5,64,0,2018,11,17,5,3,2,6,2,0,1,0,0,0,0,0,6.47301E+20,5.4804E+21,1.10327E+16,4.94584E+16
99517,9,5,71,179,2018,11,17,5,3,2,6,2,0,1,0,0,0,0,1,6.01307E+20,5.43152E+21,1.03859E+16,4.90283E+16
99518,9,1,83,138,2018,11,16,2,3,9,1,2,0,1,0,0,0,0,2,7.45382E+20,5.34468E+21,1.2303E+16,4.82079E+16
99519,9,3,71,120,2018,11,7,4,3,2,6,1,0,1,0,0,0,0,0,7.12209E+20,5.47172E+21,1.19227E+16,4.93612E+16
99520,9,4,75,154,2018,11,16,5,3,3,5,0,0,1,0,0,1,1,0,6.97959E+20,5.56464E+21,1.1774E+16,5.02008E+16
99521,9,6,76,145,2018,11,15,5,3,3,6,0,0,1,0,0,0,0,0,5.09977E+20,5.51971E+21,9.13872E+15,4.98297E+16
99522,9,1,73,135,2018,11,7,3,3,4,6,0,0,1,0,1,0,0,1,6.92323E+20,5.285E+21,1.1563E+16,4.76898E+16
99523,9,6,63,0,2018,11,21,1,3,8,6,2,0,1,0,0,0,0,0,5.67168E+20,5.51149E+21,9.93244E+15,4.97521E+16
99524,9,7,63,0,2018,11,16,3,3,2,6,0,0,1,0,0,0,0,0,5.99281E+20,5.28762E+21,1.03242E+16,4.77343E+16
99525,9,4,77,159,2018,11,17,5,3,5,3,2,0,1,0,0,0,0,0,6.81235E+20,5.55674E+21,1.15361E+16,5.01352E+16
99526,9,7,78,199,2018,11,17,2,3,4,2,2,0,1,0,0,0,0,1,6.07449E+20,5.32107E+21,1.04414E+16,4.80338E+16
99527,9,1,79,142,2018,11,8,5,3,2,6,0,0,1,0,0,0,0,1,6.75156E+20,5.34426E+21,1.13585E+16,4.82274E+16
99528,9,4,61,0,2018,11,7,5,3,3,2,2,1,1,0,0,0,0,1,6.37085E+20,5.53041E+21,1.09093E+16,4.99103E+16
99529,9,3,72,126,2018,11,17,2,3,5,3,2,0,1,0,0,0,0,1,7.80219E+20,5.46785E+21,1.28547E+16,4.92991E+16
99530,9,5,72,133,2018,11,16,4,3,2,6,2,0,1,0,0,0,1,0,6.37381E+20,5.50132E+21,1.09032E+16,4.96488E+16
99531,9,3,77,141,2018,11,14,5,3,9,1,0,0,1,0,0,0,0,0,7.31463E+20,5.53629E+21,1.22256E+16,4.99341E+16
99532,9,3,76,141,2018,11,20,5,3,8,1,2,0,1,0,0,0,0,0,7.26965E+20,5.45498E+21,1.21161E+16,4.92056E+16
99533,9,3,72,154,2018,11,17,5,3,5,3,2,0,1,0,0,0,0,1,7.57034E+20,5.4716E+21,1.25388E+16,4.93429E+16
99534,9,1,76,120,2018,11,17,2,3,5,3,2,0,1,0,0,0,0,1,6.80234E+20,5.4226E+21,1.14608E+16,4.89301E+16
99535,9,1,84,114,2018,11,7,4,3,8,1,1,0,1,0,0,0,0,2,6.97858E+20,5.32265E+21,1.16539E+16,4.80265E+16
99536,9,3,76,141,2018,11,9,5,3,2,1,0,0,1,0,0,0,0,0,7.25195E+20,5.45098E+21,1.20896E+16,4.91703E+16
99537,9,4,75,156,2018,11,8,5,3,1,6,0,0,1,0,0,0,0,0,6.92595E+20,5.57796E+21,1.17057E+16,5.03222E+16
99538,9,1,82,136,2018,11,6,3,3,9,1,2,0,1,0,0,0,0,1,7.0368E+20,5.30024E+21,1.17213E+16,4.78232E+16
99539,9,2,63,0,2018,11,19,1,2,5,3,2,0,1,0,0,0,0,1,7.62358E+20,5.41741E+21,1.25768E+16,4.88542E+16
99540,9,1,63,0,2018,11,21,1,3,1,6,2,0,1,0,0,0,0,1,7.3269E+20,5.30562E+21,1.21112E+16,4.78618E+16
99541,9,6,75,174,2018,11,7,3,3,5,3,0,0,1,0,0,0,0,1,5.88231E+20,5.52356E+21,1.02275E+16,4.9858E+16
99542,9,2,71,119,2018,11,17,5,3,2,6,2,0,1,0,0,0,0,0,7.90602E+20,5.41427E+21,1.29587E+16,4.88134E+16
99543,9,5,74,161,2018,11,3,3,3,8,7,2,0,1,0,0,0,0,1,6.8052E+20,5.49315E+21,1.14965E+16,4.9564E+16
99544,9,6,72,127,2018,11,16,2,2,4,6,1,0,1,0,0,0,0,0,5.59432E+20,5.54974E+21,9.83096E+15,5.0097E+16
99545,9,5,64,0,2018,11,23,5,3,3,6,2,0,1,0,0,0,0,0,6.47973E+20,5.4802E+21,1.10419E+16,4.94565E+16
99546,9,1,71,112,2018,11,4,3,3,9,1,2,0,1,0,0,0,0,2,7.8101E+20,5.33767E+21,1.27769E+16,4.81302E+16
99547,9,4,72,119,2018,11,9,1,3,8,1,0,0,1,0,0,0,0,1,6.89309E+20,5.53993E+21,1.16407E+16,4.99816E+16
99548,9,7,72,147,2018,11,10,3,3,8,6,0,0,1,0,0,1,0,1,6.32132E+20,5.36451E+21,1.07859E+16,4.84199E+16
99549,9,2,76,148,2018,11,12,5,2,8,6,0,0,1,0,0,0,0,1,8.08045E+20,5.43546E+21,1.32117E+16,4.89951E+16
99550,9,7,79,228,2018,11,1,2,3,8,7,2,0,1,0,0,0,0,1,6.2437E+20,5.41429E+21,1.0696E+16,4.88691E+16
99551,9,1,74,115,2018,11,13,5,3,6,7,0,0,1,1,0,0,0,0,6.81216E+20,5.34719E+21,1.14413E+16,4.8252E+16
99552,9,2,71,141,2018,11,19,5,3,9,6,2,0,1,0,0,0,0,1,7.94455E+20,5.40267E+21,1.30028E+16,4.87074E+16
99553,9,2,63,0,2018,11,13,2,3,2,6,0,0,1,0,0,0,0,1,7.65802E+20,5.41946E+21,1.2625E+16,4.88711E+16
99554,9,5,76,137,2018,11,17,4,3,4,2,2,0,1,0,0,0,0,1,6.51787E+20,5.46242E+21,1.10877E+16,4.92957E+16
99555,9,2,78,154,2018,11,1,5,3,8,1,2,0,1,0,0,0,0,1,7.73875E+20,5.43094E+21,1.27426E+16,4.89706E+16
99556,9,2,78,118,2018,11,14,5,3,8,1,0,0,1,0,0,0,0,0,7.74974E+20,5.42476E+21,1.27534E+16,4.89147E+16
99557,9,1,77,133,2018,11,12,2,3,5,3,0,0,1,0,0,1,0,1,7.09267E+20,5.36014E+21,1.18252E+16,4.83597E+16
99558,9,1,74,146,2018,11,19,4,3,9,1,2,0,1,0,0,0,0,1,6.66934E+20,5.35238E+21,1.12511E+16,4.83025E+16
99559,9,2,75,145,2018,11,19,5,3,2,6,2,0,1,0,0,1,0,0,8.23499E+20,5.37623E+21,1.33759E+16,4.84559E+16
99560,9,4,77,142,2018,11,7,5,3,2,6,1,0,1,0,0,0,1,0,6.78335E+20,5.54591E+21,1.14905E+16,5.00387E+16
99561,9,1,79,142,2018,11,18,3,3,4,6,2,0,1,0,0,0,0,1,6.7117E+20,5.3415E+21,1.13038E+16,4.82036E+16
99562,9,2,71,141,2018,11,11,5,3,5,3,0,0,1,0,0,0,0,0,7.93961E+20,5.39258E+21,1.29889E+16,4.86171E+16
99563,9,2,79,122,2018,11,7,1,3,8,1,0,0,1,0,0,0,0,0,7.76008E+20,5.39404E+21,1.27469E+16,4.86384E+16
99564,9,6,71,134,2018,11,17,3,3,0,7,2,0,1,0,0,0,0,1,5.00317E+20,5.54654E+21,9.00443E+15,5.00712E+16
99565,9,2,75,126,2018,11,16,5,3,5,3,1,0,1,0,0,0,0,0,8.39848E+20,5.39849E+21,1.36145E+16,4.86469E+16
99566,9,4,77,128,2018,11,16,3,3,5,3,2,0,1,0,1,0,0,1,6.77072E+20,5.54925E+21,1.14744E+16,5.00691E+16
99567,9,5,72,139,2018,11,8,2,3,5,3,0,0,1,0,0,0,0,0,6.27224E+20,5.50607E+21,1.07641E+16,4.96937E+16
99568,9,7,64,0,2018,11,14,4,2,5,3,0,1,0,0,0,0,1,0,5.88202E+20,5.31453E+21,1.01819E+16,4.7978E+16
99569,9,1,77,117,2018,11,14,1,3,2,6,0,0,1,0,0,0,0,1,7.16325E+20,5.35204E+21,1.19162E+16,4.82845E+16
99570,9,2,75,154,2018,11,7,5,2,5,2,1,0,1,0,1,0,0,1,8.0859E+20,5.39469E+21,1.31885E+16,4.8629E+16
99571,9,2,74,134,2018,11,7,2,2,2,6,0,0,1,0,0,0,0,1,7.38776E+20,5.376E+21,1.2232E+16,4.84917E+16
99572,9,4,64,0,2018,11,9,4,3,0,7,0,0,0,0,0,0,1,0,7.06613E+20,5.57818E+21,1.19025E+16,5.03195E+16
99573,9,4,61,0,2018,12,13,7,3,5,3,0,1,1,0,0,0,0,0,6.38052E+20,5.53139E+21,1.09231E+16,4.99189E+16
99574,9,5,64,0,2018,12,12,2,3,2,6,0,0,1,0,0,0,0,1,6.46873E+20,5.4806E+21,1.10268E+16,4.94603E+16
99575,9,1,62,0,2018,12,19,3,2,6,2,2,0,1,1,0,0,0,0,6.81477E+20,5.3358E+21,1.144E+16,4.81495E+16
99576,9,3,77,154,2018,12,14,7,2,0,1,0,1,0,0,0,0,0,2,7.39312E+20,5.53036E+21,1.23311E+16,4.98777E+16
99577,9,2,71,135,2018,12,11,2,3,5,3,0,0,1,0,0,0,1,1,7.91355E+20,5.40644E+21,1.29634E+16,4.87427E+16
99578,9,4,75,158,2018,12,17,3,3,2,6,2,1,1,0,0,0,0,1,7.10608E+20,5.57269E+21,1.19555E+16,5.02688E+16
99579,9,3,75,175,2018,12,13,7,3,0,1,0,0,1,0,0,0,0,1,7.16384E+20,5.43343E+21,1.19595E+16,4.90157E+16
99580,9,1,77,120,2018,12,7,2,3,2,6,1,0,1,0,0,0,0,1,7.21662E+20,5.36188E+21,1.19932E+16,4.83711E+16
99581,9,1,86,137,2018,12,17,3,3,3,7,2,0,1,0,0,0,0,0,6.8322E+20,5.39813E+21,1.14906E+16,4.87092E+16
99582,9,3,76,144,2018,12,5,7,3,8,1,2,0,1,0,0,0,0,1,7.30163E+20,5.47996E+21,1.21744E+16,4.94287E+16
99583,9,2,79,137,2018,12,10,4,3,5,3,0,0,1,0,0,0,0,0,7.78375E+20,5.40184E+21,1.27842E+16,4.87073E+16
99584,9,3,76,169,2018,12,2,7,3,8,7,2,0,1,0,0,0,0,1,7.26544E+20,5.47989E+21,1.21245E+16,4.94294E+16
99585,9,2,78,144,2018,12,21,1,3,0,1,2,0,1,0,0,0,0,1,7.42678E+20,5.40967E+21,1.23044E+16,4.87926E+16
99586,9,7,72,163,2018,12,18,2,3,2,6,2,0,1,0,0,0,0,1,6.3957E+20,5.34615E+21,1.08803E+16,4.82532E+16
99587,9,6,76,145,2018,12,15,4,3,5,2,0,0,1,0,0,0,0,0,5.09949E+20,5.51996E+21,9.13833E+15,4.9832E+16
99588,9,2,71,125,2018,12,17,7,3,5,7,2,0,1,0,0,0,0,1,7.97233E+20,5.40932E+21,1.30453E+16,4.87658E+16
99589,9,5,75,168,2018,12,15,4,3,5,3,0,0,1,0,0,0,0,0,5.84235E+20,5.48591E+21,1.01638E+16,4.952E+16
99590,9,2,72,150,2018,12,7,7,1,4,1,0,0,1,0,0,0,0,2,8.14885E+20,5.40967E+21,1.32851E+16,4.87603E+16
99591,9,5,61,0,2018,12,14,2,3,4,2,0,0,1,0,0,0,0,1,6.15292E+20,5.46183E+21,1.05858E+16,4.92984E+16
99592,9,7,71,122,2018,12,11,3,3,5,3,0,0,1,0,0,0,0,0,6.49214E+20,5.36037E+21,1.10152E+16,4.83788E+16
99593,9,2,77,116,2018,12,19,7,3,4,6,2,0,1,0,0,0,0,1,7.79216E+20,5.36941E+21,1.27738E+16,4.84159E+16
99594,9,3,75,205,2018,12,11,2,2,2,6,0,0,1,0,0,1,0,1,7.26239E+20,5.42277E+21,1.20882E+16,4.89165E+16
99595,9,3,77,159,2018,12,9,3,2,5,3,0,0,1,0,0,0,0,1,7.28577E+20,5.5327E+21,1.21833E+16,4.9903E+16
99596,9,2,74,193,2018,12,9,7,2,9,1,0,0,1,0,0,0,0,1,7.46271E+20,5.36015E+21,1.2324E+16,4.83465E+16
99597,9,7,72,147,2018,12,1,1,3,2,6,2,0,1,0,0,0,1,0,6.36727E+20,5.36422E+21,1.08479E+16,4.84163E+16
99598,9,1,78,123,2018,12,16,3,3,2,6,1,0,1,0,0,0,0,1,6.92233E+20,5.35986E+21,1.15953E+16,4.83626E+16
99599,9,7,76,131,2018,12,23,4,3,9,1,2,1,0,0,0,0,0,1,5.63377E+20,5.2803E+21,9.8443E+15,4.7673E+16
99600,9,2,74,124,2018,12,20,7,2,0,1,2,0,1,0,0,0,0,1,7.22886E+20,5.3747E+21,1.20165E+16,4.84859E+16
99601,9,5,62,0,2018,12,10,2,3,0,3,0,0,1,0,1,0,0,1,6.42617E+20,5.49335E+21,1.09728E+16,4.95759E+16
99602,9,1,79,142,2018,12,13,4,3,2,6,0,0,1,0,0,0,0,0,6.78324E+20,5.342E+21,1.14002E+16,4.82061E+16
99603,9,1,90,148,2018,12,19,7,3,1,6,2,0,1,0,0,0,0,0,6.42167E+20,5.29752E+21,1.08991E+16,4.78153E+16
99604,9,7,74,135,2018,12,23,1,3,5,3,2,0,1,0,0,0,0,1,5.94003E+20,5.36768E+21,1.02714E+16,4.84552E+16
99605,9,1,81,130,2018,12,16,3,3,2,6,2,0,1,0,0,0,0,1,6.42248E+20,5.32457E+21,1.09091E+16,4.80585E+16
99606,9,6,71,140,2018,12,17,7,2,7,6,2,0,1,0,0,0,0,0,5.06392E+20,5.53766E+21,9.08918E+15,4.99912E+16
99607,9,1,90,130,2018,12,22,7,2,9,1,2,0,1,0,0,0,0,1,6.51737E+20,5.29601E+21,1.10263E+16,4.77996E+16
99608,9,1,82,125,2018,12,14,4,3,3,2,0,1,1,0,0,0,0,0,7.12509E+20,5.29645E+21,1.18372E+16,4.77863E+16