OBJECTID_1,ULAND,UREGBEZ,UKREIS,UGEMEINDE,UJAHR,UMONAT,USTUNDE,UWOCHENTAG,UKATEGORIE,UART,UTYP1,ULICHTVERH,IstRad,IstPKW,IstFuss,IstKrad,IstGkfz,IstSonstig,STRZUSTAND,LINREFX,LINREFY,XGCSWGS84,YGCSWGS84
99609,9,7,63,0,2018,11,17,5,2,0,6,2,0,1,0,0,0,0,0,6.00256E+20,5.28879E+21,1.03374E+16,4.77447E+16
99610,9,1,89,157,2018,12,17,1,3,6,2,2,0,1,1,0,0,0,1,7.6516E+20,5.3255E+21,1.25568E+16,4.80277E+16
99611,9,6,79,177,2018,12,10,2,3,8,1,0,0,1,0,0,0,0,1,5.49518E+20,5.51704E+21,9.68815E+15,4.98038E+16
99612,9,1,71,117,2018,12,13,7,3,1,6,0,0,1,0,0,0,0,1,7.66619E+20,5.33712E+21,1.25836E+16,4.81315E+16
99613,9,1,62,0,2018,12,22,7,3,6,2,2,0,1,1,0,0,0,0,6.94589E+20,5.33616E+21,1.16162E+16,4.81489E+16
99614,9,3,73,147,2018,12,8,4,2,0,6,0,0,1,0,0,1,0,1,6.86025E+20,5.46306E+21,1.15584E+16,4.9292E+16
99615,9,1,84,148,2018,12,17,7,3,8,1,2,0,0,0,0,0,1,1,6.93447E+20,5.32829E+21,1.15973E+16,4.80785E+16
99616,9,4,77,119,2018,12,7,2,3,3,6,1,0,1,0,0,0,0,1,6.85826E+20,5.54486E+21,1.15945E+16,5.0027E+16
99617,9,6,74,111,2018,12,13,3,3,0,7,0,0,1,0,0,0,1,0,6.03976E+20,5.55555E+21,1.04552E+16,5.01431E+16
99618,9,1,87,113,2018,12,14,7,3,3,3,0,1,0,0,1,0,0,0,7.45871E+20,5.32371E+21,1.22975E+16,4.80193E+16
99619,9,1,90,141,2018,12,19,2,3,5,3,2,1,1,0,0,0,0,0,6.77707E+20,5.29218E+21,1.13713E+16,4.77585E+16
99620,9,3,62,0,2018,12,17,3,3,1,6,2,0,1,0,0,0,0,1,7.25893E+20,5.43522E+21,1.20904E+16,4.90285E+16
99621,9,1,87,125,2018,12,5,7,2,6,6,2,0,1,1,0,0,0,1,7.51102E+20,5.31483E+21,1.23623E+16,4.79375E+16
99622,9,6,63,0,2018,12,8,1,3,8,1,1,0,1,0,0,0,0,1,5.65813E+20,5.52062E+21,9.91518E+15,4.98344E+16
99623,9,1,62,0,2018,12,12,2,3,1,3,0,0,1,0,0,0,0,0,6.89198E+20,5.32987E+21,1.1541E+16,4.8094E+16
99624,9,7,71,122,2018,12,15,4,3,3,6,0,0,1,0,0,0,0,0,6.49605E+20,5.36252E+21,1.10212E+16,4.83981E+16
99625,9,1,61,0,2018,12,18,7,3,5,2,2,0,1,0,0,0,0,0,6.79132E+20,5.40494E+21,1.14381E+16,4.87717E+16
99626,9,5,76,121,2018,12,20,2,3,8,1,2,0,1,0,0,0,0,1,6.46701E+20,5.44831E+21,1.10126E+16,4.91701E+16
99627,9,1,84,147,2018,12,10,4,3,2,6,0,0,1,0,0,0,1,0,6.98056E+20,5.34205E+21,1.16655E+16,4.82008E+16
99628,9,6,78,168,2018,12,16,2,3,4,2,1,0,1,0,0,0,0,1,5.8208E+20,5.54974E+21,1.01476E+16,5.00943E+16
99629,9,7,72,211,2018,12,7,7,2,9,1,1,0,1,0,0,0,0,1,6.22665E+20,5.35304E+21,1.06546E+16,4.83187E+16
99630,9,1,76,164,2018,12,11,7,3,8,1,0,0,1,0,0,0,0,1,6.60616E+20,5.43341E+21,1.11974E+16,4.90326E+16
99631,9,3,75,165,2018,12,12,2,3,7,7,0,0,1,0,0,0,0,1,7.25152E+20,5.44064E+21,1.20833E+16,4.90774E+16
99632,9,5,64,0,2018,12,18,3,3,1,6,2,0,1,0,0,0,1,0,6.47815E+20,5.47756E+21,1.10387E+16,4.94327E+16
99633,9,1,71,121,2018,12,15,1,1,8,1,1,0,1,0,0,0,0,1,7.75914E+20,5.34276E+21,1.27119E+16,4.81781E+16
99634,9,6,77,203,2018,12,17,2,3,8,1,2,0,1,0,0,0,0,1,5.55642E+20,5.52581E+21,9.77451E+15,4.98821E+16
99635,9,7,80,119,2018,12,11,7,3,2,6,0,0,1,0,0,0,0,0,5.97459E+20,5.29609E+21,1.03018E+16,4.78108E+16
99636,9,1,84,120,2018,12,1,7,3,2,6,2,0,1,0,0,0,0,1,6.8263E+20,5.33308E+21,1.14543E+16,4.81247E+16
99637,9,4,74,126,2018,12,19,2,3,2,6,2,0,1,0,0,0,0,1,6.48963E+20,5.50721E+21,1.10657E+16,4.96989E+16
99638,9,6,71,160,2018,12,13,3,2,9,1,0,0,1,0,0,0,0,1,5.2672E+20,5.52616E+21,9.37196E+15,4.98872E+16
99639,9,1,88,121,2018,12,11,7,3,5,3,0,0,1,0,0,0,0,0,6.7195E+20,5.32972E+21,1.13095E+16,4.80976E+16
99640,9,1,82,111,2018,12,17,2,3,1,3,2,0,1,0,0,0,0,1,7.0462E+20,5.28678E+21,1.17275E+16,4.7702E+16
99641,9,2,71,146,2018,12,19,3,3,6,4,2,0,1,1,0,0,0,0,7.84528E+20,5.4099E+21,1.28732E+16,4.87769E+16
99642,9,1,74,141,2018,12,23,7,3,9,1,2,0,1,0,0,0,0,0,6.80857E+20,5.35601E+21,1.14403E+16,4.83314E+16
99643,9,6,71,111,2018,12,14,1,3,2,6,0,0,1,0,0,0,0,1,5.02774E+20,5.54614E+21,9.03877E+15,5.00676E+16
99644,9,7,75,135,2018,12,19,2,3,5,3,2,0,1,0,0,0,0,1,5.76429E+20,5.35467E+21,1.00314E+16,4.83406E+16
99645,9,7,71,163,2018,12,13,4,3,4,2,0,0,1,0,0,0,0,0,6.44212E+20,5.34397E+21,1.0942E+16,4.82325E+16
99646,9,1,74,115,2018,12,9,7,3,2,6,0,1,1,0,0,0,0,1,6.80917E+20,5.34764E+21,1.14375E+16,4.82561E+16
99647,9,5,64,0,2018,12,14,2,3,2,6,0,0,1,0,0,0,0,1,6.49814E+20,5.48172E+21,1.10678E+16,4.94696E+16
99648,9,1,62,0,2018,12,12,3,3,1,3,0,1,1,0,0,0,0,1,6.94886E+20,5.33186E+21,1.16182E+16,4.81102E+16
99649,9,6,77,157,2018,12,9,7,3,1,6,0,0,1,0,0,0,0,1,5.43114E+20,5.5219E+21,9.5997E+15,4.98479E+16
99650,9,1,62,0,2018,12,9,7,3,2,6,0,0,1,0,0,0,0,1,7.00508E+20,5.33558E+21,1.16954E+16,4.81418E+16
99651,9,3,71,122,2018,12,9,2,2,9,1,0,0,1,0,0,0,0,1,7.19176E+20,5.48136E+21,1.20238E+16,4.94454E+16
99652,9,5,75,124,2018,12,9,3,3,3,6,0,0,1,0,0,0,0,0,5.91851E+20,5.47813E+21,1.02672E+16,4.94489E+16
99653,9,1,62,0,2018,12,5,7,3,2,6,2,0,1,0,0,1,0,1,6.90972E+20,5.34476E+21,1.15715E+16,4.82272E+16
99654,9,1,74,126,2018,12,16,2,3,1,6,2,0,1,0,0,0,0,1,6.8362E+20,5.34714E+21,1.14736E+16,4.82509E+16
99655,9,1,87,124,2018,12,17,3,3,3,6,2,1,1,0,0,0,0,1,7.34545E+20,5.32472E+21,1.21464E+16,4.80327E+16
99656,9,1,78,140,2018,12,17,7,3,9,1,2,0,1,0,0,0,0,0,7.08364E+20,5.36363E+21,1.18147E+16,4.83914E+16
99657,9,2,79,124,2018,12,18,4,3,0,1,2,0,1,0,0,1,0,0,7.52236E+20,5.39361E+21,1.24245E+16,4.86446E+16
99658,9,1,78,124,2018,12,15,7,3,0,3,0,1,0,0,0,0,0,0,7.03515E+20,5.3648E+21,1.17499E+16,4.84035E+16
99659,9,1,86,147,2018,12,11,2,3,2,6,0,0,1,0,0,0,0,1,6.84743E+20,5.3935E+21,1.15092E+16,4.86672E+16
99660,9,1,73,147,2018,12,21,3,3,5,3,2,1,1,0,0,0,0,1,6.81455E+20,5.30953E+21,1.14285E+16,4.79134E+16
99661,9,1,78,124,2018,12,9,7,3,2,6,0,0,1,0,0,0,0,1,7.04078E+20,5.36839E+21,1.17592E+16,4.84356E+16
99662,9,2,63,0,2018,12,5,4,2,5,3,2,1,1,0,0,0,0,1,7.64934E+20,5.42096E+21,1.26142E+16,4.88849E+16
99663,9,1,78,136,2018,12,9,7,2,9,1,0,0,1,0,0,0,0,1,6.94875E+20,5.37239E+21,1.16368E+16,4.84744E+16
99664,9,5,72,133,2018,12,23,1,3,9,1,2,0,1,0,0,0,0,1,6.36016E+20,5.50316E+21,1.08849E+16,4.96656E+16
99665,9,7,62,0,2018,12,18,2,3,5,3,2,0,1,0,0,0,0,0,6.22501E+20,5.30671E+21,1.06391E+16,4.7902E+16
99666,9,6,75,165,2018,12,17,4,3,5,2,2,0,1,0,0,0,0,1,5.86569E+20,5.51749E+21,1.0203E+16,4.98036E+16
99667,9,1,77,115,2018,12,12,7,3,5,3,0,0,1,0,0,0,0,1,7.33951E+20,5.35156E+21,1.21532E+16,4.8274E+16
99668,9,5,76,143,2018,12,20,4,3,2,6,2,0,1,0,0,0,0,0,6.51946E+20,5.45567E+21,1.10873E+16,4.9235E+16
99669,9,1,84,127,2018,11,17,6,3,5,3,2,1,1,0,0,0,0,1,7.02212E+20,5.32201E+21,1.17119E+16,4.80193E+16
99670,9,5,77,177,2018,12,16,2,2,4,2,2,0,1,0,1,0,0,1,6.47453E+20,5.42733E+21,1.10153E+16,4.89813E+16
99671,9,7,80,125,2018,12,12,3,3,9,1,0,0,1,0,0,0,0,1,5.99422E+20,5.29258E+21,1.03272E+16,4.77789E+16
99672,9,7,76,130,2018,11,6,5,3,5,3,1,1,0,0,1,0,0,1,5.54604E+20,5.27064E+21,9.72623E+15,4.75869E+16
99673,9,1,62,0,2018,11,18,6,3,6,2,2,0,1,1,0,0,0,1,6.92061E+20,5.34156E+21,1.15847E+16,4.81982E+16
99674,9,2,62,0,2018,12,13,2,3,2,6,0,0,1,0,0,0,0,1,8.25813E+20,5.38952E+21,1.34175E+16,4.85739E+16
99675,9,4,76,185,2018,12,16,3,3,6,4,2,0,1,1,0,0,0,1,6.67369E+20,5.56365E+21,1.13453E+16,5.02014E+16
99676,9,1,84,122,2018,11,18,6,2,6,4,2,0,1,1,0,0,0,1,6.88138E+20,5.32387E+21,1.15242E+16,4.80403E+16
99677,9,1,62,0,2018,12,19,1,3,3,7,2,0,1,0,0,0,0,1,6.92068E+20,5.34044E+21,1.15843E+16,4.81881E+16
99678,9,1,85,149,2018,12,7,3,3,2,6,2,0,1,0,0,0,0,0,6.60234E+20,5.39766E+21,1.11782E+16,4.87114E+16
99679,9,6,71,140,2018,12,17,7,2,2,6,2,0,1,0,0,0,1,0,5.06392E+20,5.53766E+21,9.08918E+15,4.99912E+16
99680,9,7,75,129,2018,11,13,6,3,2,6,0,0,1,0,0,0,0,1,5.83577E+20,5.342E+21,1.01253E+16,4.82257E+16
99681,9,1,89,157,2018,12,7,4,3,2,6,2,0,1,0,0,0,0,0,7.64531E+20,5.32535E+21,1.25483E+16,4.80266E+16
99682,9,7,77,158,2018,11,18,5,3,5,3,2,0,1,0,0,0,0,2,6.21568E+20,5.30922E+21,1.06274E+16,4.79247E+16
99683,9,2,73,119,2018,12,17,1,3,9,1,2,0,1,0,0,0,0,0,7.09718E+20,5.40955E+21,1.18562E+16,4.88035E+16
99684,9,7,61,0,2018,12,13,2,3,2,1,0,0,1,0,0,0,0,0,6.40602E+20,5.35418E+21,1.08969E+16,4.83252E+16
99685,9,6,71,162,2018,12,15,4,3,9,7,0,0,1,0,0,0,0,1,5.25765E+20,5.55097E+21,9.36033E+15,5.01105E+16
99686,9,7,75,139,2018,11,1,6,3,9,6,2,0,1,0,0,0,1,1,5.82509E+20,5.36671E+21,1.01158E+16,4.84481E+16
99687,9,1,62,0,2018,12,15,1,3,8,1,0,0,1,0,0,0,0,1,6.9281E+20,5.3391E+21,1.15937E+16,4.81758E+16
99688,9,4,73,158,2018,12,13,4,3,2,6,0,0,1,0,0,0,0,0,6.27658E+20,5.5774E+21,1.07938E+16,5.03348E+16
99689,9,7,75,164,2018,11,16,6,3,2,6,1,0,1,0,0,0,0,1,5.8355E+20,5.3465E+21,1.01258E+16,4.82662E+16
99690,9,4,78,165,2018,12,7,2,3,2,1,2,0,0,0,0,1,0,1,6.43951E+20,5.55257E+21,1.10132E+16,5.01079E+16
99691,9,6,75,141,2018,12,6,3,3,8,1,2,0,1,0,0,0,0,1,5.86823E+20,5.51161E+21,1.02053E+16,4.97507E+16
99692,9,7,64,0,2018,11,16,6,3,5,3,1,1,1,0,0,0,0,1,5.89327E+20,5.31637E+21,1.01974E+16,4.79944E+16
99693,9,4,74,158,2018,12,18,1,3,8,1,2,0,1,0,0,0,0,1,6.53943E+20,5.50615E+21,1.11343E+16,4.96882E+16
99694,9,7,61,0,2018,12,10,2,2,4,2,0,0,1,0,0,0,0,1,6.41424E+20,5.35272E+21,1.09074E+16,4.83118E+16
99695,9,6,62,0,2018,12,11,7,2,4,1,0,0,1,0,0,0,0,1,5.88162E+20,5.5456E+21,1.02316E+16,5.00561E+16
99696,9,6,72,114,2018,12,17,4,3,2,6,2,0,1,0,0,0,0,0,5.77127E+20,5.56027E+21,1.00805E+16,5.01896E+16
99697,9,7,80,119,2018,11,18,6,2,3,6,2,1,1,0,0,0,0,1,5.95981E+20,5.29821E+21,1.02825E+16,4.783E+16
99698,9,5,73,125,2018,12,8,4,3,5,3,0,0,1,0,0,0,0,0,6.40507E+20,5.47156E+21,1.09359E+16,4.93806E+16
99699,9,7,76,117,2018,11,14,6,3,6,2,0,0,1,1,0,0,0,1,5.66827E+20,5.27234E+21,9.88902E+15,4.7601E+16
99700,9,5,71,145,2018,12,10,2,3,8,7,0,0,1,0,0,0,0,1,5.95878E+20,5.44879E+21,1.03157E+16,4.91844E+16
99701,9,7,62,0,2018,12,16,3,2,6,4,2,0,1,1,0,0,0,1,6.22179E+20,5.30786E+21,1.06351E+16,4.79124E+16
99702,9,7,62,0,2018,11,17,6,3,6,4,2,0,1,1,0,0,0,0,6.21626E+20,5.30369E+21,1.06266E+16,4.7875E+16
99703,9,2,72,127,2018,12,19,2,3,8,1,2,0,1,0,0,0,0,1,8.282E+20,5.41996E+21,1.34739E+16,4.88457E+16
99704,9,4,74,126,2018,12,22,3,3,8,7,2,0,1,0,0,0,0,0,6.472E+20,5.50848E+21,1.10418E+16,4.97108E+16
99705,9,7,77,130,2018,11,15,6,3,1,1,1,0,1,0,0,0,0,1,6.24823E+20,5.3118E+21,1.06716E+16,4.79473E+16
99706,9,7,76,131,2018,12,16,1,2,4,6,2,0,1,0,0,0,0,1,5.62623E+20,5.27755E+21,9.83385E+15,4.76483E+16
99707,9,1,88,124,2018,12,9,3,3,2,6,0,0,1,0,0,0,0,1,6.6242E+20,5.31846E+21,1.11773E+16,4.79988E+16
99708,9,7,78,173,2018,12,13,4,2,0,7,0,1,0,0,0,0,0,0,6.11147E+20,5.32249E+21,1.04913E+16,4.80461E+16
99709,9,6,76,121,2018,12,4,7,3,1,7,2,0,1,0,0,1,0,1,5.16854E+20,5.52188E+21,9.23443E+15,4.98491E+16
99710,9,7,79,228,2018,11,16,6,2,4,2,2,0,1,0,1,0,0,1,6.25965E+20,5.41475E+21,1.07178E+16,4.88729E+16
99711,9,5,76,151,2018,12,10,2,2,9,1,0,0,1,0,0,0,0,1,6.60165E+20,5.46814E+21,1.12051E+16,4.93449E+16
99712,9,1,85,140,2018,12,16,4,3,5,3,1,0,1,0,0,0,0,1,6.77142E+20,5.3954E+21,1.14069E+16,4.86865E+16
99713,9,1,89,162,2018,12,21,1,2,4,6,2,0,1,0,0,0,0,1,7.79479E+20,5.3164E+21,1.27425E+16,4.79399E+16
99714,9,6,63,0,2018,12,22,2,3,1,3,2,0,1,0,0,0,0,1,5.66111E+20,5.51727E+21,9.91875E+15,4.98043E+16
99715,9,7,73,125,2018,11,16,6,3,2,6,1,0,1,0,0,0,0,1,6.11635E+20,5.38268E+21,1.05138E+16,4.85873E+16
99716,9,1,62,0,2018,12,9,7,3,4,2,0,0,1,0,0,0,0,0,6.98794E+20,5.33305E+21,1.16712E+16,4.81197E+16
99717,9,3,71,126,2018,12,7,4,3,8,3,2,0,1,0,0,0,0,0,7.06745E+20,5.49087E+21,1.18575E+16,4.95351E+16
99718,9,7,72,141,2018,11,19,6,3,5,3,2,0,1,0,0,0,0,1,6.22831E+20,5.34992E+21,1.0656E+16,4.82905E+16
99719,9,4,62,0,2018,12,17,2,3,2,6,2,0,1,0,0,0,1,0,6.87003E+20,5.5359E+21,1.16066E+16,4.99462E+16
99720,9,6,76,145,2018,12,11,3,2,8,1,0,0,1,0,0,0,0,1,5.07213E+20,5.52081E+21,9.10031E+15,4.98397E+16
99721,9,7,72,125,2018,11,9,6,3,5,3,0,0,1,0,0,0,0,0,6.36138E+20,5.34807E+21,1.08347E+16,4.82712E+16
99722,9,1,89,119,2018,12,15,2,3,5,3,0,0,1,0,0,0,0,0,7.67787E+20,5.30962E+21,1.25821E+16,4.7884E+16
99723,9,3,76,170,2018,12,7,3,3,4,2,2,0,1,0,0,0,0,1,7.27561E+20,5.45642E+21,1.21251E+16,4.92183E+16
99724,9,7,61,0,2018,11,18,6,3,2,6,2,0,1,0,0,1,0,0,6.38454E+20,5.36259E+21,1.08707E+16,4.84013E+16
99725,9,6,75,174,2018,12,0,1,3,4,7,2,0,1,0,0,0,0,1,5.88087E+20,5.52371E+21,1.02256E+16,4.98593E+16
99726,9,1,84,130,2018,12,20,2,3,0,1,1,1,0,0,0,0,0,1,6.9889E+20,5.34616E+21,1.16787E+16,4.82374E+16
99727,9,6,77,157,2018,11,17,6,2,1,1,2,0,1,0,0,1,0,1,5.40226E+20,5.51863E+21,9.55919E+15,4.98188E+16
99728,9,2,73,133,2018,12,7,2,3,5,3,1,0,1,0,0,0,0,1,7.09754E+20,5.42485E+21,1.18645E+16,4.8941E+16
99729,9,3,75,199,2018,12,9,3,3,5,3,0,0,1,0,0,0,0,1,7.17977E+20,5.42959E+21,1.19792E+16,4.89807E+16
99730,9,6,79,206,2018,11,20,6,3,9,1,2,0,1,0,0,0,0,1,5.73464E+20,5.5057E+21,1.00187E+16,4.96993E+16
99731,9,7,71,130,2018,12,21,1,2,8,1,2,0,1,0,0,0,0,1,6.53769E+20,5.35696E+21,1.10754E+16,4.83471E+16
99732,9,1,77,116,2018,12,13,3,3,2,6,0,0,1,0,0,0,0,1,7.11456E+20,5.36447E+21,1.18569E+16,4.83979E+16
99733,9,7,79,131,2018,12,7,4,3,5,3,0,0,1,0,0,0,1,0,6.31331E+20,5.39602E+21,1.0785E+16,4.87034E+16
99734,9,6,77,125,2018,11,16,6,3,4,1,2,0,1,0,0,0,0,1,5.44519E+20,5.51964E+21,9.61898E+15,4.98275E+16
99735,9,5,65,0,2018,12,9,2,2,6,4,0,0,1,1,0,0,0,1,6.47373E+20,5.466E+21,1.10283E+16,4.93289E+16
99736,9,1,81,126,2018,12,9,4,3,2,6,0,0,1,0,0,0,0,0,6.36603E+20,5.33042E+21,1.08353E+16,4.81124E+16
99737,9,1,62,0,2018,12,16,1,3,2,6,2,0,1,0,0,0,0,1,6.86339E+20,5.33332E+21,1.15042E+16,4.81258E+16
99738,9,6,73,114,2018,12,7,2,3,5,3,1,0,1,0,0,0,0,1,5.87037E+20,5.5743E+21,1.02225E+16,5.03144E+16
99739,9,7,79,131,2018,12,18,7,3,5,2,2,0,1,0,0,0,0,1,6.31336E+20,5.39614E+21,1.07851E+16,4.87045E+16
99740,9,6,77,157,2018,11,13,6,2,2,6,0,0,1,0,0,0,0,1,5.39901E+20,5.51925E+21,9.55474E+15,4.98244E+16
99741,9,3,63,0,2018,12,17,2,2,6,4,2,0,1,1,0,0,0,1,7.26936E+20,5.50523E+21,1.21445E+16,4.96568E+16
99742,9,5,65,0,2018,12,19,3,3,8,7,2,0,1,0,0,0,0,1,6.46076E+20,5.46666E+21,1.10107E+16,4.93352E+16
99743,9,6,78,160,2018,11,15,6,3,8,1,1,0,1,0,0,0,0,1,5.82096E+20,5.54773E+21,1.01473E+16,5.00761E+16
99744,9,1,61,0,2018,12,14,2,3,2,6,0,0,1,0,0,0,0,1,6.75723E+20,5.40471E+21,1.13916E+16,4.87706E+16
99745,9,2,78,134,2018,12,18,3,3,0,4,2,0,1,1,0,0,0,1,7.70031E+20,5.43439E+21,1.26924E+16,4.90033E+16
99746,9,6,76,139,2018,12,7,7,3,4,2,1,0,1,0,0,0,0,1,5.18551E+20,5.50566E+21,9.25726E+15,4.97031E+16
99747,9,6,73,114,2018,12,16,7,2,7,1,0,1,0,0,0,0,0,0,5.85103E+20,5.57451E+21,1.01954E+16,5.03166E+16
99748,9,6,72,122,2018,11,6,6,3,8,1,2,0,1,0,0,0,0,1,5.74813E+20,5.55816E+21,1.00476E+16,5.01709E+16
99749,9,6,76,121,2018,12,12,1,3,5,3,0,0,1,0,0,0,0,1,5.11361E+20,5.52047E+21,9.15799E+15,4.98365E+16
99750,9,7,75,129,2018,12,17,2,3,2,6,2,0,1,0,0,0,0,1,5.81888E+20,5.34243E+21,1.01027E+16,4.82298E+16
99751,9,6,63,0,2018,12,15,4,3,5,3,1,1,1,0,0,0,0,0,5.67346E+20,5.51685E+21,9.93584E+15,4.98003E+16
99752,9,6,72,112,2018,11,8,6,3,9,1,0,0,1,0,0,0,0,0,5.75812E+20,5.57034E+21,1.00641E+16,5.02803E+16
99753,9,6,62,0,2018,11,7,6,3,5,3,2,1,1,0,0,0,0,0,5.87233E+20,5.54422E+21,1.02183E+16,5.00439E+16
99754,9,5,64,0,2018,12,16,2,2,6,5,2,0,1,1,0,0,0,1,6.5487E+20,5.481E+21,1.11373E+16,4.94619E+16
99755,9,1,62,0,2018,12,6,3,3,0,7,2,1,0,0,0,0,0,0,6.88595E+20,5.34017E+21,1.15375E+16,4.81868E+16
99756,9,7,72,170,2018,12,18,4,3,7,1,2,0,1,0,0,0,1,1,6.31906E+20,5.33174E+21,1.07726E+16,4.81252E+16
99757,9,6,62,0,2018,11,7,6,3,9,1,0,0,1,0,0,0,0,0,5.86635E+20,5.54472E+21,1.02101E+16,5.00484E+16
99758,9,5,64,0,2018,12,23,2,3,2,6,2,0,1,0,0,0,0,1,6.56448E+20,5.47658E+21,1.11573E+16,4.94218E+16
99759,9,1,78,157,2018,12,16,4,3,5,3,1,0,1,0,0,0,0,1,7.05139E+20,5.37063E+21,1.17747E+16,4.84554E+16
99760,9,6,71,121,2018,12,17,2,2,2,6,0,0,1,0,0,0,0,0,5.13747E+20,5.53822E+21,9.19181E+15,4.99962E+16
99761,9,6,79,153,2018,12,19,7,3,8,1,2,0,1,0,0,0,0,0,5.61177E+20,5.50351E+21,9.84803E+15,4.9681E+16
99762,9,6,76,160,2018,11,21,6,3,8,1,2,0,1,0,0,0,0,1,5.16005E+20,5.53105E+21,9.22301E+15,4.99316E+16
99763,9,3,72,137,2018,12,15,2,3,4,2,2,0,1,0,0,0,0,1,7.80355E+20,5.45327E+21,1.28464E+16,4.91681E+16
99764,9,5,64,0,2018,12,9,3,3,5,3,0,1,1,0,0,0,0,1,6.44789E+20,5.47775E+21,1.09971E+16,4.94352E+16
99765,9,6,76,118,2018,11,22,6,3,9,1,2,0,1,0,0,0,0,1,5.25883E+20,5.51355E+21,9.35947E+15,4.97739E+16
99766,9,1,86,147,2018,12,17,2,3,5,3,2,0,1,0,0,0,0,1,6.85501E+20,5.39118E+21,1.15185E+16,4.86461E+16
99767,9,1,83,139,2018,12,17,3,3,5,3,2,0,1,0,0,0,0,1,7.34836E+20,5.33447E+21,1.21556E+16,4.81201E+16
99768,9,6,71,112,2018,11,13,6,2,5,3,0,0,1,0,1,0,0,1,5.18149E+20,5.53554E+21,9.2531E+15,4.9972E+16
99769,9,2,71,119,2018,12,14,4,3,2,6,0,0,1,0,0,0,0,0,7.93123E+20,5.41301E+21,1.29921E+16,4.88009E+16
99770,9,6,76,140,2018,12,11,7,2,8,1,0,0,1,0,0,0,0,1,5.05504E+20,5.52523E+21,9.07661E+15,4.98794E+16
99771,9,6,61,0,2018,11,10,6,3,5,7,0,1,1,0,0,0,0,1,5.10816E+20,5.53609E+21,9.15085E+15,4.99771E+16
99772,9,5,64,0,2018,12,17,1,3,2,6,2,0,1,0,0,0,0,1,6.53711E+20,5.47819E+21,1.11202E+16,4.94369E+16
99773,9,7,79,201,2018,12,19,2,3,5,3,2,0,1,0,0,0,1,1,6.39178E+20,5.39609E+21,1.08916E+16,4.87023E+16
99774,9,6,72,143,2018,12,8,4,3,0,7,0,0,0,0,0,1,1,1,5.85447E+20,5.55976E+21,1.01969E+16,5.01838E+16
99775,9,5,62,0,2018,11,19,6,3,3,1,2,0,1,0,0,0,0,1,6.39302E+20,5.49622E+21,1.0928E+16,4.96025E+16
99776,9,5,64,0,2018,12,13,4,3,0,6,0,0,1,0,0,0,1,0,6.49507E+20,5.47713E+21,1.10619E+16,4.94284E+16
99777,9,5,62,0,2018,11,17,6,3,4,2,2,1,1,0,0,0,0,1,6.44803E+20,5.49678E+21,1.10042E+16,4.96062E+16
99778,9,5,71,193,2018,12,7,2,3,5,3,1,0,1,0,0,0,0,1,5.86055E+20,5.47047E+21,1.01856E+16,4.93809E+16
99779,9,7,76,130,2018,12,16,3,2,4,3,2,0,1,0,0,0,0,1,5.54887E+20,5.27118E+21,9.73006E+15,4.75917E+16
99780,9,7,79,147,2018,11,7,5,3,4,2,1,0,1,0,0,1,0,0,6.07079E+20,5.42531E+21,1.04632E+16,4.89714E+16
99781,9,5,76,137,2018,11,7,6,3,5,3,1,0,1,0,1,0,0,0,6.51452E+20,5.46227E+21,1.1083E+16,4.92944E+16
99782,9,2,77,138,2018,12,7,2,2,6,4,0,0,1,1,0,0,0,1,7.91552E+20,5.37188E+21,1.29419E+16,4.84325E+16
99783,9,4,62,0,2018,12,7,3,3,0,2,1,0,1,0,0,0,1,1,6.85213E+20,5.53577E+21,1.15816E+16,4.99455E+16
99784,9,5,76,122,2018,12,14,7,3,9,1,0,0,1,0,0,0,0,0,6.7058E+20,5.43547E+21,1.13345E+16,4.90485E+16
99785,9,5,76,143,2018,11,7,6,3,2,6,1,0,1,0,0,0,0,1,6.59867E+20,5.46105E+21,1.11982E+16,4.92813E+16
99786,9,7,75,152,2018,12,19,1,3,5,2,2,1,1,0,0,0,0,1,5.79472E+20,5.35211E+21,1.0072E+16,4.83172E+16
99787,9,1,81,130,2018,12,17,3,3,4,2,2,0,1,0,0,0,0,1,6.42256E+20,5.32457E+21,1.09092E+16,4.80585E+16
99788,9,5,76,148,2018,11,7,6,2,4,6,2,0,1,0,0,1,1,1,6.60312E+20,5.44123E+21,1.11964E+16,4.9103E+16
99789,9,2,76,128,2018,12,13,2,3,9,1,0,0,1,0,0,0,0,1,7.80879E+20,5.43574E+21,1.28414E+16,4.90105E+16
99790,9,4,79,136,2018,12,7,3,3,2,6,1,0,1,0,0,1,0,1,7.21609E+20,5.54485E+21,1.20934E+16,5.00147E+16
99791,9,5,73,123,2018,11,16,6,3,5,3,1,0,1,0,0,0,0,0,6.37853E+20,5.48735E+21,1.09048E+16,4.95231E+16
99792,9,1,62,0,2018,12,7,2,3,2,6,1,0,1,0,0,0,0,1,6.86264E+20,5.34351E+21,1.15076E+16,4.82174E+16
99793,9,1,87,169,2018,12,11,3,3,4,2,0,0,1,0,0,0,0,1,7.40631E+20,5.29859E+21,1.22133E+16,4.77957E+16