OBJECTID_1,ULAND,UREGBEZ,UKREIS,UGEMEINDE,UJAHR,UMONAT,USTUNDE,UWOCHENTAG,UKATEGORIE,UART,UTYP1,ULICHTVERH,IstRad,IstPKW,IstFuss,IstKrad,IstGkfz,IstSonstig,STRZUSTAND,LINREFX,LINREFY,XGCSWGS84,YGCSWGS84
99979,9,6,73,147,2018,12,12,7,3,5,3,0,0,1,0,0,0,0,1,5.84261E+20,5.59301E+21,1.01877E+16,5.0483E+16
99980,9,2,79,112,2018,11,14,6,2,0,3,0,1,1,0,0,0,0,0,7.53725E+20,5.39313E+21,1.24444E+16,4.86397E+16
99981,9,2,76,142,2018,12,17,2,3,5,2,2,0,1,0,0,0,0,1,7.91247E+20,5.43329E+21,1.29811E+16,4.89837E+16
99982,9,5,71,217,2018,12,16,3,3,5,7,1,0,1,0,0,0,1,0,6.17556E+20,5.46797E+21,1.06187E+16,4.93531E+16
99983,9,6,79,154,2018,12,21,7,3,8,7,2,0,0,0,0,0,1,2,5.55448E+20,5.51326E+21,9.77001E+15,4.97692E+16
99984,9,1,90,132,2018,11,14,6,3,4,2,0,0,1,0,0,0,0,0,6.75313E+20,5.29374E+21,1.134E+16,4.77731E+16
99985,9,3,73,151,2018,12,17,2,3,6,2,2,0,1,1,0,0,0,1,6.98036E+20,5.44907E+21,1.17165E+16,4.91625E+16
99986,9,5,64,0,2018,12,8,3,3,2,6,0,0,1,0,0,0,0,0,6.49547E+20,5.48223E+21,1.10643E+16,4.94743E+16
99987,9,1,73,111,2018,11,11,6,2,5,3,0,0,1,0,0,0,0,1,6.82176E+20,5.28907E+21,1.14296E+16,4.77293E+16
99988,9,1,85,140,2018,12,19,2,3,6,2,2,0,1,1,0,0,0,1,6.77465E+20,5.39447E+21,1.14109E+16,4.8678E+16
99989,9,1,73,118,2018,12,10,3,2,5,3,0,0,1,0,0,0,1,1,6.89366E+20,5.30108E+21,1.15306E+16,4.78352E+16
99990,9,1,89,157,2018,11,19,6,3,5,3,2,0,1,0,1,0,0,1,7.652E+20,5.32555E+21,1.25574E+16,4.80282E+16
99991,9,2,71,125,2018,12,21,4,3,2,6,2,0,1,0,0,0,0,0,7.97064E+20,5.41114E+21,1.30443E+16,4.87823E+16
99992,9,4,71,145,2018,12,10,7,3,0,1,0,0,0,0,1,0,0,1,6.42546E+20,5.51927E+21,1.09812E+16,4.98089E+16
99993,9,1,89,111,2018,11,17,6,3,5,3,2,0,1,0,0,0,0,1,7.63857E+20,5.3214E+21,1.25368E+16,4.79914E+16
99994,9,5,76,121,2018,12,17,1,3,6,4,2,0,1,1,0,0,0,1,6.46932E+20,5.45022E+21,1.10165E+16,4.91872E+16
99995,9,7,62,0,2018,12,12,2,3,3,6,0,0,1,0,0,0,0,1,6.23352E+20,5.3062E+21,1.06504E+16,4.78973E+16
99996,9,6,75,141,2018,12,7,4,3,2,6,0,0,1,0,0,0,0,0,5.83382E+20,5.5104E+21,1.01572E+16,4.97403E+16
99997,9,1,89,162,2018,11,11,6,2,5,3,0,0,1,0,1,0,0,0,7.79504E+20,5.31573E+21,1.27424E+16,4.79338E+16
99998,9,5,63,0,2018,12,18,4,3,2,6,2,0,1,0,0,0,0,1,6.45461E+20,5.48127E+21,1.10076E+16,4.94667E+16
99999,9,1,72,118,2018,11,14,6,1,6,2,0,0,1,1,0,0,0,0,7.97847E+20,5.30637E+21,1.2981E+16,4.78416E+16
100000,9,5,77,136,2018,12,8,2,2,9,1,0,0,1,0,0,0,0,1,6.2708E+20,5.43818E+21,1.07404E+16,4.90834E+16
100001,9,7,76,116,2018,12,18,3,2,6,4,2,0,1,1,0,0,0,1,5.51113E+20,5.2683E+21,9.67953E+15,4.75661E+16
100002,9,7,72,141,2018,11,17,5,3,5,3,2,0,1,0,0,0,0,0,6.22879E+20,5.34962E+21,1.06565E+16,4.82879E+16
100003,9,1,72,131,2018,11,18,6,3,1,6,2,0,1,0,0,0,0,1,7.84702E+20,5.28832E+21,1.27939E+16,4.76855E+16
100004,9,2,77,128,2018,12,11,2,3,2,6,0,0,1,0,0,0,0,0,7.94672E+20,5.35122E+21,1.29695E+16,4.82456E+16
100005,9,4,77,128,2018,12,22,3,2,5,3,2,0,1,0,0,0,0,0,6.76585E+20,5.55015E+21,1.14681E+16,5.00773E+16
100006,9,4,71,120,2018,12,7,7,3,8,1,1,0,1,0,0,0,0,1,6.2429E+20,5.52341E+21,1.07289E+16,4.98502E+16
100007,9,1,71,132,2018,11,11,6,2,5,3,0,0,1,0,0,0,0,0,7.67657E+20,5.3522E+21,1.2607E+16,4.82664E+16
100008,9,1,62,0,2018,12,1,1,3,3,6,2,0,1,0,0,0,0,0,6.88689E+20,5.33628E+21,1.1537E+16,4.81518E+16
100009,9,1,84,120,2018,12,17,3,3,1,6,2,0,1,0,0,0,0,1,6.83319E+20,5.33301E+21,1.14635E+16,4.8124E+16
100010,9,1,84,114,2018,11,0,6,3,2,6,2,0,1,0,0,0,1,0,7.00592E+20,5.31621E+21,1.16875E+16,4.79677E+16
100011,9,1,71,123,2018,12,2,4,2,9,1,2,0,1,0,0,0,0,1,7.84509E+20,5.35021E+21,1.28322E+16,4.82412E+16
100012,9,4,61,0,2018,12,23,7,3,5,3,2,0,1,0,0,0,0,1,6.33399E+20,5.53086E+21,1.08582E+16,4.99153E+16
100013,9,2,73,125,2018,12,15,1,3,8,1,1,0,1,0,0,0,0,1,7.20982E+20,5.41592E+21,1.20128E+16,4.88569E+16
100014,9,7,61,0,2018,12,15,2,3,2,6,0,0,1,0,1,0,0,1,6.40536E+20,5.36024E+21,1.0898E+16,4.83796E+16
100015,9,1,87,134,2018,11,17,6,3,2,2,2,0,1,0,1,0,0,1,7.36432E+20,5.31982E+21,1.21689E+16,4.79879E+16
100016,9,1,77,139,2018,12,17,1,3,5,3,2,0,1,0,0,0,0,1,7.34632E+20,5.35774E+21,1.21658E+16,4.83293E+16
100017,9,1,86,113,2018,11,4,6,3,2,6,2,0,1,0,0,1,0,1,6.83442E+20,5.39632E+21,1.14928E+16,4.86929E+16
100018,9,1,84,121,2018,12,8,2,3,9,1,0,0,1,0,0,0,0,1,7.05071E+20,5.33205E+21,1.1755E+16,4.81086E+16
100019,9,1,63,0,2018,12,16,3,3,6,2,2,0,1,1,0,0,0,1,7.3259E+20,5.30618E+21,1.21102E+16,4.78668E+16
100020,9,1,61,0,2018,11,18,6,3,5,3,2,0,1,0,0,0,0,1,6.78748E+20,5.40281E+21,1.14319E+16,4.87526E+16
100021,9,2,74,187,2018,12,7,4,3,2,6,1,0,1,0,0,1,0,1,7.19365E+20,5.39106E+21,1.19776E+16,4.86341E+16
100022,9,1,86,149,2018,11,8,6,3,2,6,0,0,1,0,0,1,1,1,6.88474E+20,5.38617E+21,1.15565E+16,4.86003E+16
100023,9,3,74,168,2018,12,11,1,3,1,6,0,0,1,0,0,0,0,1,7.29062E+20,5.52184E+21,1.21836E+16,4.98053E+16
100024,9,7,72,130,2018,12,7,2,2,6,4,2,0,1,1,0,0,0,1,6.31123E+20,5.3567E+21,1.07698E+16,4.83498E+16
100025,9,6,72,131,2018,12,8,4,2,5,3,0,0,1,0,0,0,0,1,5.89561E+20,5.56139E+21,1.02549E+16,5.01979E+16
100026,9,1,61,0,2018,11,17,6,3,5,3,2,1,1,0,0,0,0,1,6.77396E+20,5.40589E+21,1.14149E+16,4.87807E+16
100027,9,5,75,153,2018,12,7,4,3,2,6,0,0,1,0,0,0,0,0,6.15992E+20,5.49336E+21,1.06046E+16,4.95817E+16
100028,9,1,61,0,2018,11,12,6,3,5,3,0,0,1,0,0,0,0,1,6.79676E+20,5.40032E+21,1.14434E+16,4.873E+16
100029,9,5,75,166,2018,12,7,2,2,4,6,2,0,1,0,0,0,0,1,6.17038E+20,5.47938E+21,1.0615E+16,4.94558E+16
100030,9,7,73,183,2018,12,7,3,3,4,2,2,0,1,0,0,0,0,1,6.03833E+20,5.38709E+21,1.04092E+16,4.86282E+16
100031,9,1,61,0,2018,11,14,6,3,1,6,0,0,1,0,0,0,0,1,6.76438E+20,5.40725E+21,1.14024E+16,4.87932E+16
100032,9,2,74,185,2018,12,7,2,2,4,6,0,0,1,0,1,0,0,1,7.32128E+20,5.36862E+21,1.21381E+16,4.84279E+16
100033,9,4,71,191,2018,12,11,3,3,8,1,0,0,1,0,0,0,0,1,6.33833E+20,5.52544E+21,1.08623E+16,4.98664E+16
100034,9,1,86,158,2018,11,18,6,2,4,6,2,0,1,0,0,0,0,1,6.9206E+20,5.40397E+21,1.16134E+16,4.8759E+16
100035,9,7,76,125,2018,12,15,1,3,8,1,0,0,1,0,0,0,0,1,5.65182E+20,5.26481E+21,9.86603E+15,4.75334E+16
100036,9,1,88,120,2018,12,12,3,3,2,6,0,0,1,0,0,0,0,1,6.77222E+20,5.32631E+21,1.13789E+16,4.80654E+16
100037,9,7,74,116,2018,12,6,4,2,4,7,2,0,1,0,0,0,0,0,6.07999E+20,5.34568E+21,1.0455E+16,4.82552E+16
100038,9,1,86,162,2018,11,12,6,3,2,6,0,0,1,0,1,0,0,1,6.93782E+20,5.38644E+21,1.16286E+16,4.8601E+16
100039,9,5,64,0,2018,12,19,2,3,3,6,2,0,1,0,0,0,1,1,6.5058E+20,5.46737E+21,1.1073E+16,4.93404E+16
100040,9,1,76,129,2018,12,7,4,3,2,6,0,0,1,0,0,0,0,0,6.86612E+20,5.40414E+21,1.15394E+16,4.87623E+16
100041,9,1,72,114,2018,12,18,1,2,4,6,2,0,1,0,0,0,0,1,7.92441E+20,5.2951E+21,1.29013E+16,4.77429E+16
100042,9,6,79,179,2018,12,16,2,3,9,1,1,0,0,0,0,0,1,1,5.70578E+20,5.48799E+21,9.97554E+15,4.95404E+16
100043,9,7,78,144,2018,12,13,7,3,9,7,0,0,0,0,0,0,1,0,5.94104E+20,5.30257E+21,1.02584E+16,4.78695E+16
100044,9,3,76,175,2018,12,7,4,3,5,3,1,0,1,0,0,0,0,1,7.34049E+20,5.46434E+21,1.22187E+16,4.92869E+16
100045,9,1,76,124,2018,11,16,6,3,5,3,1,0,1,0,0,0,0,1,6.67387E+20,5.41252E+21,1.12814E+16,4.88431E+16
100046,9,4,72,179,2018,12,6,2,3,5,3,2,0,1,0,0,0,0,1,6.7383E+20,5.51905E+21,1.14156E+16,4.97987E+16
100047,9,6,76,132,2018,12,14,3,3,5,3,0,0,1,0,0,0,0,0,5.1571E+20,5.50655E+21,9.21791E+15,4.97112E+16
100048,9,1,62,0,2018,11,17,6,3,2,6,1,0,1,0,0,0,0,1,6.86934E+20,5.33323E+21,1.15121E+16,4.81248E+16
100049,9,1,63,0,2018,12,14,2,3,0,1,0,1,0,0,0,0,0,0,7.33025E+20,5.3027E+21,1.21141E+16,4.78354E+16
100050,9,2,63,0,2018,12,17,3,3,2,1,2,0,1,0,0,0,0,1,7.66476E+20,5.4197E+21,1.26343E+16,4.88729E+16
100051,9,4,62,0,2018,12,18,4,3,5,3,1,0,1,0,0,0,0,0,6.84066E+20,5.53541E+21,1.15655E+16,4.99426E+16
100052,9,1,74,135,2018,11,11,6,3,2,6,0,0,1,0,0,0,0,1,6.61678E+20,5.35446E+21,1.11811E+16,4.83226E+16
100053,9,4,73,166,2018,12,13,2,3,2,6,0,0,1,0,0,0,0,1,6.52134E+20,5.56548E+21,1.11327E+16,5.02219E+16
100054,9,6,75,141,2018,12,8,3,3,2,6,0,0,1,0,0,0,0,1,5.79734E+20,5.51251E+21,1.01071E+16,4.97598E+16
100055,9,1,88,139,2018,11,11,6,2,6,4,0,0,1,1,0,0,0,1,6.74569E+20,5.31922E+21,1.13404E+16,4.80024E+16
100056,9,1,73,147,2018,12,18,2,3,3,6,2,0,1,0,0,0,0,0,6.81611E+20,5.30884E+21,1.14303E+16,4.79072E+16
100057,9,3,75,119,2018,12,18,3,3,4,2,2,0,1,0,0,0,0,0,7.37734E+20,5.44336E+21,1.22569E+16,4.90971E+16
100058,9,1,88,141,2018,11,9,6,3,3,6,0,0,1,0,0,0,0,0,6.67797E+20,5.31101E+21,1.12465E+16,4.79304E+16
100059,9,7,71,140,2018,12,21,1,3,8,1,2,0,1,0,0,0,0,1,6.55404E+20,5.3726E+21,1.11032E+16,4.84873E+16
100060,9,1,78,124,2018,12,7,3,3,2,6,0,0,1,0,0,0,0,0,7.03232E+20,5.36147E+21,1.17444E+16,4.83737E+16
100061,9,7,73,125,2018,12,6,4,3,5,3,2,0,1,0,0,0,1,0,6.08615E+20,5.38402E+21,1.04732E+16,4.85998E+16
100062,9,1,79,123,2018,11,18,6,3,5,2,2,0,1,0,0,0,0,1,6.77443E+20,5.33196E+21,1.13842E+16,4.81162E+16
100063,9,5,65,0,2018,12,20,2,3,5,3,2,0,1,0,0,0,0,1,6.46884E+20,5.46638E+21,1.10217E+16,4.93325E+16
100064,9,1,81,122,2018,12,14,4,3,5,3,0,0,1,0,0,0,0,0,6.49862E+20,5.33199E+21,1.10139E+16,4.81236E+16
100065,9,1,74,135,2018,12,3,1,3,8,1,2,0,1,0,0,0,0,1,6.63023E+20,5.35349E+21,1.11988E+16,4.83136E+16
100066,9,6,73,114,2018,12,7,2,2,7,7,2,0,1,0,0,0,0,1,5.84995E+20,5.57433E+21,1.01938E+16,5.0315E+16
100067,9,7,73,136,2018,12,18,7,3,6,3,2,0,1,1,0,0,0,0,6.02063E+20,5.37896E+21,1.03832E+16,4.85554E+16
100068,9,1,79,119,2018,11,12,6,2,9,1,0,0,1,0,0,0,0,1,6.71427E+20,5.3391E+21,1.13063E+16,4.8182E+16
100069,9,3,75,180,2018,12,16,2,3,5,3,1,0,1,0,0,0,0,1,7.24227E+20,5.42929E+21,1.20643E+16,4.89758E+16
100070,9,5,76,121,2018,12,6,3,3,5,3,2,0,1,0,0,0,0,1,6.50151E+20,5.44828E+21,1.10599E+16,4.91689E+16
100071,9,1,74,115,2018,11,18,6,2,6,4,2,0,1,1,0,0,0,1,6.80637E+20,5.34841E+21,1.1434E+16,4.82631E+16
100072,9,1,61,0,2018,12,7,2,3,2,6,0,0,1,0,0,0,0,1,6.82476E+20,5.40676E+21,1.14843E+16,4.8787E+16
100073,9,2,77,149,2018,12,13,3,3,5,3,0,0,1,0,0,0,0,1,7.97519E+20,5.37242E+21,1.30227E+16,4.84346E+16
100074,9,6,72,136,2018,12,8,7,3,8,1,0,0,1,0,0,0,0,1,5.79491E+20,5.56321E+21,1.01142E+16,5.02157E+16
100075,9,1,78,124,2018,11,19,6,2,6,4,2,0,1,1,0,0,0,1,7.02884E+20,5.36362E+21,1.17408E+16,4.83931E+16
100076,9,6,71,150,2018,12,10,1,3,9,1,0,0,1,0,0,0,0,1,5.21112E+20,5.54274E+21,9.2948E+15,5.00366E+16
100077,9,7,63,0,2018,12,17,2,2,0,7,2,0,1,0,0,0,0,0,6.01889E+20,5.28874E+21,1.03592E+16,4.7744E+16
100078,9,6,63,0,2018,12,9,4,3,3,2,0,1,1,0,0,0,0,0,5.68069E+20,5.5167E+21,9.94587E+15,4.97989E+16
100079,9,1,75,124,2018,11,8,6,3,5,3,0,0,1,0,0,0,0,0,7.1546E+20,5.32855E+21,1.18926E+16,4.80738E+16
100080,9,5,64,0,2018,12,7,4,3,2,6,1,0,1,0,0,0,1,0,6.50379E+20,5.47444E+21,1.10729E+16,4.9404E+16
100081,9,1,62,0,2018,11,17,5,3,6,7,2,1,0,1,0,0,0,1,6.96971E+20,5.32969E+21,1.16452E+16,4.80901E+16
100082,9,6,75,139,2018,12,18,1,3,5,3,2,0,1,0,0,0,0,1,5.91238E+20,5.50633E+21,1.02653E+16,4.97025E+16
100083,9,1,62,0,2018,12,14,2,3,5,6,0,0,1,0,0,0,0,0,6.87401E+20,5.33507E+21,1.15192E+16,4.81412E+16
100084,9,7,72,200,2018,12,5,4,3,5,2,2,0,1,0,0,0,0,1,6.31283E+20,5.33754E+21,1.0766E+16,4.81775E+16
100085,9,1,84,130,2018,11,7,5,3,1,7,0,0,1,0,0,0,0,1,7.01654E+20,5.34885E+21,1.17171E+16,4.82607E+16
100086,9,5,64,0,2018,12,20,2,3,5,3,2,0,1,0,0,0,0,1,6.47594E+20,5.47845E+21,1.1036E+16,4.94408E+16
100087,9,1,75,113,2018,12,13,4,1,5,3,0,0,1,0,0,1,0,0,7.16726E+20,5.31869E+21,1.19046E+16,4.79847E+16
100088,9,6,76,145,2018,12,16,2,3,4,2,2,0,1,0,0,0,0,1,5.09841E+20,5.51995E+21,9.13684E+15,4.98319E+16
100089,9,6,63,0,2018,12,12,7,3,2,6,0,0,1,0,0,0,0,0,5.68039E+20,5.5167E+21,9.94544E+15,4.97989E+16
100090,9,1,62,0,2018,11,23,5,3,6,4,2,0,1,1,0,0,0,0,6.90047E+20,5.33932E+21,1.15566E+16,4.81787E+16
100091,9,3,72,175,2018,12,12,2,3,2,2,0,0,1,0,0,1,0,1,7.66969E+20,5.46097E+21,1.26682E+16,4.92432E+16
100092,9,5,77,125,2018,12,15,3,3,8,1,0,0,1,0,0,0,0,1,6.43802E+20,5.43488E+21,1.09681E+16,4.905E+16
100093,9,1,84,135,2018,11,17,5,3,0,6,1,0,1,0,0,0,1,1,6.92203E+20,5.34377E+21,1.15876E+16,4.8218E+16
100094,9,1,88,139,2018,12,17,2,3,0,7,2,1,0,0,0,0,0,1,6.80308E+20,5.32163E+21,1.14183E+16,4.80225E+16
100095,9,1,72,118,2018,12,16,3,3,6,2,2,0,1,1,0,0,0,1,7.97999E+20,5.3063E+21,1.2983E+16,4.78409E+16
100096,9,1,62,0,2018,11,20,5,3,2,6,2,0,1,0,0,0,0,0,6.8602E+20,5.33525E+21,1.15007E+16,4.81433E+16
100097,9,2,78,116,2018,12,11,4,3,2,2,0,0,1,0,0,0,0,0,7.66201E+20,5.43392E+21,1.26399E+16,4.90007E+16
100098,9,7,75,152,2018,11,13,5,3,2,6,0,0,1,0,0,0,0,0,5.80142E+20,5.35341E+21,1.00813E+16,4.83288E+16
100099,9,4,75,154,2018,12,20,1,3,3,6,2,0,1,0,0,0,0,1,6.9846E+20,5.56636E+21,1.17819E+16,5.0216E+16
100100,9,7,79,169,2018,12,19,2,1,4,6,2,0,1,0,0,0,0,1,6.30983E+20,5.40425E+21,1.07829E+16,4.87775E+16
100101,9,6,74,133,2018,12,7,4,3,1,6,1,0,1,0,0,0,0,1,6.19791E+20,5.5375E+21,1.06708E+16,4.99778E+16
100102,9,7,78,116,2018,11,7,5,2,5,3,0,0,1,0,0,0,0,0,6.22192E+20,5.318E+21,1.06382E+16,4.80036E+16
100103,9,5,64,0,2018,12,18,4,3,3,6,2,0,1,0,0,0,1,0,6.45333E+20,5.4783E+21,1.10048E+16,4.944E+16
100104,9,7,80,147,2018,11,17,5,3,0,1,2,1,0,0,0,0,0,1,6.05283E+20,5.29166E+21,1.04052E+16,4.77697E+16
100105,9,5,71,165,2018,12,6,2,3,5,3,2,1,1,0,0,0,0,1,6.30943E+20,5.46715E+21,1.08027E+16,4.9343E+16
100106,9,7,76,116,2018,12,7,3,3,4,2,0,0,1,0,0,0,1,1,5.52911E+20,5.26807E+21,9.70339E+15,4.75639E+16
100107,9,6,79,156,2018,11,16,5,3,1,6,1,0,1,0,0,0,0,0,5.74073E+20,5.52259E+21,1.00304E+16,4.98511E+16
100108,9,2,62,0,2018,12,17,2,3,0,1,2,0,1,0,0,0,0,1,8.264E+20,5.38997E+21,1.34258E+16,4.85777E+16
100109,9,4,62,0,2018,12,7,3,2,5,2,2,1,1,0,0,0,0,1,6.86166E+20,5.53618E+21,1.15951E+16,4.99489E+16
100110,9,7,72,157,2018,12,11,6,3,9,1,0,0,1,0,0,0,0,0,6.27445E+20,5.33567E+21,1.07139E+16,4.81615E+16
100111,9,7,75,149,2018,12,18,3,2,9,1,2,0,1,0,0,0,0,1,5.91881E+20,5.34891E+21,1.02386E+16,4.82867E+16
100112,9,2,73,147,2018,12,16,2,3,5,3,1,0,1,0,0,0,0,1,6.99094E+20,5.38966E+21,1.17021E+16,4.86283E+16
100113,9,3,74,111,2018,12,6,5,3,4,2,2,0,1,0,0,0,0,1,7.2711E+20,5.51273E+21,1.21512E+16,4.97242E+16
100114,9,7,71,130,2018,12,7,6,3,5,3,2,1,1,0,0,0,0,0,6.47464E+20,5.35717E+21,1.09904E+16,4.83504E+16
100115,9,4,74,137,2018,12,17,3,2,5,3,2,0,1,0,0,0,0,1,6.52774E+20,5.4994E+21,1.11155E+16,4.96278E+16
100116,9,1,79,125,2018,12,7,2,2,4,6,0,0,1,0,0,0,0,1,6.6267E+20,5.33308E+21,1.11863E+16,4.81302E+16
100117,9,1,84,122,2018,12,3,4,3,9,1,2,0,1,0,0,0,0,1,6.87681E+20,5.32415E+21,1.15182E+16,4.8043E+16
100118,9,7,61,0,2018,12,16,6,3,2,6,1,0,1,0,0,0,0,0,6.37479E+20,5.35947E+21,1.08565E+16,4.83734E+16
100119,9,1,87,177,2018,12,11,3,3,5,3,0,0,1,0,0,0,0,0,7.36636E+20,5.30589E+21,1.2164E+16,4.78627E+16
100120,9,2,73,166,2018,12,8,6,2,8,7,0,0,1,0,0,0,0,0,7.14536E+20,5.42121E+21,1.19278E+16,4.89066E+16
100121,9,2,75,134,2018,12,18,1,3,8,7,2,0,1,0,0,0,0,1,8.24885E+20,5.37169E+21,1.33911E+16,4.84145E+16
100122,9,3,71,156,2018,12,16,4,3,5,3,0,0,1,0,0,0,0,1,7.02606E+20,5.4991E+21,1.18046E+16,4.96105E+16
100123,9,7,72,202,2018,12,7,6,2,6,4,2,0,1,1,0,0,0,0,6.36723E+20,5.3589E+21,1.08461E+16,4.83684E+16
100124,9,2,77,144,2018,12,12,4,2,5,3,0,0,0,0,0,0,1,0,7.8424E+20,5.3789E+21,1.2848E+16,4.84988E+16
100125,9,7,61,0,2018,12,5,6,3,5,2,2,1,1,0,0,0,0,1,6.41652E+20,5.35983E+21,1.09129E+16,4.83757E+16
100126,9,7,79,228,2018,12,14,2,3,4,2,0,0,1,0,0,0,0,0,6.24721E+20,5.41578E+21,1.07012E+16,4.88824E+16
100127,9,7,61,0,2018,12,17,5,3,2,6,1,0,1,0,0,0,0,0,6.40696E+20,5.36037E+21,1.09002E+16,4.83808E+16
100128,9,5,74,112,2018,12,18,7,3,5,3,2,1,1,0,0,0,0,1,6.71352E+20,5.47293E+21,1.13611E+16,4.93849E+16
100129,9,6,63,0,2018,12,7,6,3,2,6,0,0,1,0,0,0,1,0,5.67529E+20,5.51337E+21,9.93779E+15,4.9769E+16
100130,9,7,77,173,2018,12,17,3,3,5,3,2,0,1,0,0,0,0,1,6.3637E+20,5.27615E+21,1.0815E+16,4.76244E+16
100131,9,1,90,141,2018,12,16,2,3,6,4,2,0,1,1,0,0,0,1,6.78561E+20,5.2913E+21,1.13823E+16,4.77503E+16
100132,9,2,75,126,2018,12,8,5,3,2,1,0,0,1,0,0,0,0,0,8.41409E+20,5.39784E+21,1.36351E+16,4.86403E+16
100133,9,6,75,158,2018,12,16,6,3,9,1,1,0,1,0,0,0,0,1,5.95759E+20,5.51977E+21,1.03313E+16,4.98227E+16
100134,9,3,76,119,2018,12,18,3,3,4,2,2,0,1,0,1,0,0,1,7.2142E+20,5.4549E+21,1.20401E+16,4.92069E+16
100135,9,7,63,0,2018,12,18,1,3,4,2,2,0,1,0,0,0,0,1,5.98412E+20,5.28787E+21,1.03126E+16,4.77367E+16
100136,9,7,72,125,2018,12,16,4,3,5,3,2,1,1,0,0,0,0,1,6.3655E+20,5.34885E+21,1.08405E+16,4.82782E+16
100137,9,6,72,113,2018,12,0,6,1,0,1,2,0,1,0,0,0,1,1,5.58435E+20,5.57493E+21,9.8209E+15,5.03236E+16
100138,9,1,62,0,2018,12,11,3,3,2,6,0,0,1,0,0,0,0,0,6.92792E+20,5.33914E+21,1.15934E+16,4.81763E+16
100139,9,1,86,149,2018,12,12,6,3,8,6,0,0,1,0,0,0,0,0,6.90349E+20,5.38694E+21,1.15823E+16,4.86066E+16
100140,9,1,85,149,2018,12,21,1,3,5,3,2,0,1,0,0,0,0,0,6.62785E+20,5.40202E+21,1.12146E+16,4.87499E+16
100141,9,4,78,139,2018,12,7,2,3,2,6,0,0,1,0,0,0,0,1,6.5179E+20,5.55772E+21,1.11248E+16,5.01522E+16
100142,9,6,73,136,2018,12,6,6,3,9,1,1,0,1,0,0,0,0,1,5.92773E+20,5.57703E+21,1.03037E+16,5.03381E+16
100143,9,1,87,162,2018,12,10,4,3,5,3,0,0,1,0,0,0,0,2,7.51015E+20,5.30331E+21,1.23545E+16,4.78341E+16
100144,9,3,77,139,2018,12,13,2,2,8,1,0,0,1,0,0,0,0,1,7.4942E+20,5.52869E+21,1.24705E+16,4.98586E+16
100145,9,7,78,204,2018,12,23,4,3,4,6,2,0,1,0,0,0,0,1,6.17155E+20,5.33097E+21,1.05743E+16,4.81212E+16
100146,9,6,74,130,2018,12,7,6,2,8,1,1,0,0,0,1,0,0,1,6.22365E+20,5.54982E+21,1.07106E+16,5.0088E+16
100147,9,1,76,120,2018,12,7,3,3,2,6,0,0,1,0,0,0,0,0,6.80887E+20,5.42131E+21,1.14691E+16,4.89183E+16
100148,9,1,89,162,2018,12,21,6,3,2,3,2,0,1,0,0,0,0,0,7.79586E+20,5.31624E+21,1.27438E+16,4.79384E+16
100149,9,1,89,152,2018,12,0,1,3,8,1,2,0,1,0,0,0,0,1,7.81329E+20,5.32877E+21,1.27753E+16,4.80502E+16
100150,9,5,71,145,2018,12,13,2,3,1,7,0,0,1,0,0,0,0,1,5.95818E+20,5.44339E+21,1.03136E+16,4.91359E+16
100151,9,1,87,177,2018,12,11,7,3,2,6,0,0,1,0,1,0,0,0,7.36732E+20,5.30345E+21,1.2164E+16,4.78407E+16
100152,9,6,73,161,2018,12,21,6,3,3,6,2,0,1,0,0,0,0,1,5.84719E+20,5.5722E+21,1.01895E+16,5.02958E+16
100153,9,1,89,162,2018,12,6,4,3,5,3,2,0,1,0,0,0,0,2,7.79571E+20,5.31584E+21,1.27434E+16,4.79348E+16
100154,9,4,74,126,2018,12,16,2,3,1,6,2,0,1,0,0,0,0,1,6.47649E+20,5.50992E+21,1.10486E+16,4.97237E+16
100155,9,1,88,141,2018,12,2,5,3,8,1,2,0,1,0,0,0,0,1,6.68839E+20,5.31229E+21,1.12609E+16,4.79417E+16
100156,9,6,72,114,2018,12,10,6,2,7,7,0,1,0,0,0,0,0,0,5.75703E+20,5.56074E+21,1.00606E+16,5.0194E+16
100157,9,6,77,172,2018,12,16,2,3,4,6,2,0,1,0,0,0,1,0,5.38545E+20,5.53609E+21,9.53757E+15,4.99759E+16
100158,9,6,77,166,2018,12,7,5,3,4,5,1,0,1,0,0,0,0,0,5.41048E+20,5.53014E+21,9.57184E+15,4.99222E+16
100159,9,4,72,197,2018,12,21,7,3,9,1,2,0,1,0,0,0,0,1,6.6967E+20,5.52315E+21,1.13596E+16,4.98368E+16
100160,9,6,71,143,2018,12,16,6,3,2,6,0,0,1,0,1,0,0,1,5.11425E+20,5.54695E+21,9.15967E+15,5.00747E+16
100161,9,7,71,112,2018,12,13,3,3,0,3,0,1,1,0,0,0,0,1,6.44006E+20,5.36698E+21,1.09471E+16,4.84395E+16
100162,9,1,71,129,2018,12,6,2,3,4,6,2,0,1,0,0,0,0,1,7.75301E+20,5.3538E+21,1.27108E+16,4.82775E+16