OBJECTID_1,ULAND,UREGBEZ,UKREIS,UGEMEINDE,UJAHR,UMONAT,USTUNDE,UWOCHENTAG,UKATEGORIE,UART,UTYP1,ULICHTVERH,IstRad,IstPKW,IstFuss,IstKrad,IstGkfz,IstSonstig,STRZUSTAND,LINREFX,LINREFY,XGCSWGS84,YGCSWGS84
100347,9,7,64,0,2018,12,17,3,3,2,6,2,0,1,0,0,0,0,1,5.83113E+20,5.31176E+21,1.01132E+16,4.79538E+16
100348,9,2,73,166,2018,12,17,2,3,8,1,2,0,1,0,0,0,0,1,7.13436E+20,5.41676E+21,1.19105E+16,4.8867E+16
100349,9,1,77,130,2018,12,16,5,3,4,6,1,0,1,0,0,0,0,0,7.1306E+20,5.34803E+21,1.18702E+16,4.82496E+16
100350,9,3,72,137,2018,12,18,5,2,6,4,2,0,1,1,0,0,0,1,7.81278E+20,5.45368E+21,1.28593E+16,4.91713E+16
100351,9,1,86,162,2018,12,12,6,2,9,6,0,0,1,0,0,0,0,0,6.91073E+20,5.38396E+21,1.15907E+16,4.85795E+16
100352,9,3,74,111,2018,12,16,3,3,2,5,2,0,1,0,0,0,0,0,7.27677E+20,5.51227E+21,1.21588E+16,4.97198E+16
100353,9,1,84,121,2018,12,19,2,3,2,6,2,0,1,0,0,0,0,1,7.05052E+20,5.33136E+21,1.17544E+16,4.81025E+16
100354,9,1,62,0,2018,12,17,4,3,3,6,2,0,1,0,0,1,0,1,6.94669E+20,5.33442E+21,1.16165E+16,4.81332E+16
100355,9,1,79,126,2018,12,18,7,3,2,6,2,0,1,0,0,0,0,0,6.77381E+20,5.33957E+21,1.13865E+16,4.81846E+16
100356,9,1,86,137,2018,12,16,6,3,5,3,2,0,1,0,0,0,0,0,6.84633E+20,5.39925E+21,1.15103E+16,4.87189E+16
100357,9,1,87,179,2018,12,12,3,3,4,6,0,0,1,0,0,0,1,1,7.24484E+20,5.3128E+21,1.20054E+16,4.79292E+16
100358,9,1,90,151,2018,12,5,6,3,7,7,2,0,1,0,0,0,0,0,6.35476E+20,5.2997E+21,1.08105E+16,4.78364E+16
100359,9,1,90,141,2018,12,14,1,3,0,1,0,1,0,0,0,0,0,1,6.78307E+20,5.29181E+21,1.13791E+16,4.7755E+16
100360,9,1,86,128,2018,12,13,6,3,4,1,0,0,1,0,0,0,0,0,6.75711E+20,5.38551E+21,1.13833E+16,4.8598E+16
100361,9,4,72,190,2018,12,6,3,2,4,6,2,0,1,0,0,0,0,1,7.01727E+20,5.5287E+21,1.18078E+16,4.98767E+16
100362,9,1,88,132,2018,12,14,2,3,5,3,0,0,1,0,0,0,0,1,6.64311E+20,5.32237E+21,1.12042E+16,4.80335E+16
100363,9,1,62,0,2018,12,17,4,3,5,3,2,1,1,0,0,0,0,0,6.88654E+20,5.33796E+21,1.15373E+16,4.81668E+16
100364,9,1,62,0,2018,12,21,6,3,2,6,2,0,1,0,0,0,0,1,6.83978E+20,5.33301E+21,1.14723E+16,4.81238E+16
100365,9,1,87,113,2018,12,16,3,3,5,3,2,0,1,0,0,0,0,2,7.46815E+20,5.326E+21,1.23114E+16,4.80396E+16
100366,9,2,78,197,2018,12,11,6,2,0,6,0,0,1,0,0,0,0,0,7.58593E+20,5.43317E+21,1.25356E+16,4.89972E+16
100367,9,2,77,149,2018,12,3,1,3,0,1,2,0,0,0,1,0,0,1,7.96803E+20,5.37184E+21,1.30127E+16,4.84297E+16
100368,9,3,76,150,2018,12,14,4,3,4,2,0,0,1,0,0,0,0,0,7.27265E+20,5.49154E+21,1.21411E+16,4.95338E+16
100369,9,1,74,111,2018,12,14,6,2,0,1,0,0,0,0,1,0,0,0,6.6213E+20,5.35752E+21,1.11884E+16,4.83501E+16
100370,9,1,79,123,2018,12,2,7,3,8,1,2,0,1,0,0,0,0,1,6.77583E+20,5.33408E+21,1.13869E+16,4.81352E+16
100371,9,2,75,149,2018,12,18,4,3,5,2,2,0,1,0,0,0,0,0,8.14402E+20,5.37102E+21,1.32493E+16,4.84138E+16
100372,9,1,74,143,2018,12,20,6,3,4,2,2,0,1,0,0,0,0,1,6.7467E+20,5.35268E+21,1.13555E+16,4.83032E+16
100373,9,7,80,137,2018,12,21,2,3,4,1,2,0,1,0,0,0,0,2,5.99203E+20,5.27087E+21,1.03193E+16,4.75836E+16
100374,9,7,61,0,2018,12,16,5,3,6,4,0,0,1,1,0,0,0,0,6.36922E+20,5.35956E+21,1.0849E+16,4.83744E+16
100375,9,5,76,151,2018,12,13,7,3,5,3,0,0,1,0,0,0,0,1,6.53344E+20,5.46805E+21,1.11112E+16,4.93459E+16
100376,9,1,78,150,2018,12,18,6,3,0,1,1,0,1,0,0,0,0,0,6.91277E+20,5.37137E+21,1.15877E+16,4.84664E+16
100377,9,7,77,154,2018,12,18,3,3,5,3,2,1,1,0,0,0,0,2,6.06078E+20,5.30051E+21,1.04179E+16,4.78492E+16
100378,9,1,90,158,2018,12,15,2,2,4,1,0,0,1,0,0,0,0,2,6.51633E+20,5.30097E+21,1.10267E+16,4.78442E+16
100379,9,2,71,125,2018,12,7,5,3,2,2,1,0,1,0,0,0,0,0,7.96922E+20,5.40997E+21,1.30415E+16,4.87718E+16
100380,9,1,62,0,2018,12,13,6,3,2,6,0,0,1,0,0,0,0,0,6.94809E+20,5.34259E+21,1.16221E+16,4.82066E+16
100381,9,3,71,144,2018,12,10,3,3,5,3,0,0,1,0,0,0,0,1,7.02928E+20,5.48424E+21,1.18014E+16,4.94769E+16
100382,9,7,80,143,2018,12,4,1,3,8,1,2,0,1,0,0,0,0,1,5.96475E+20,5.27662E+21,1.02843E+16,4.76358E+16
100383,9,7,72,159,2018,12,9,4,3,2,6,0,0,1,0,0,0,0,1,6.25944E+20,5.36079E+21,1.07012E+16,4.83877E+16
100384,9,1,74,147,2018,12,15,7,3,4,6,0,0,1,0,0,0,0,0,6.7288E+20,5.36765E+21,1.13375E+16,4.84382E+16
100385,9,1,78,113,2018,12,17,6,3,2,6,2,0,1,0,0,0,0,1,6.91565E+20,5.36688E+21,1.15895E+16,4.84259E+16
100386,9,1,79,123,2018,12,14,3,3,8,1,0,0,1,0,0,0,0,1,6.77204E+20,5.33389E+21,1.13818E+16,4.81336E+16
100387,9,1,85,158,2018,12,9,6,2,4,6,0,0,1,0,0,0,0,0,6.68485E+20,5.38032E+21,1.12833E+16,4.85534E+16
100388,9,1,61,0,2018,12,21,1,3,5,3,2,1,1,0,0,0,0,1,6.79336E+20,5.40367E+21,1.14403E+16,4.87602E+16
100389,9,4,75,141,2018,12,15,2,3,1,6,0,0,1,0,0,0,1,2,7.02141E+20,5.58024E+21,1.18408E+16,5.03395E+16
100390,9,1,78,113,2018,12,17,6,3,2,6,1,0,1,0,0,0,0,1,6.91564E+20,5.36688E+21,1.15895E+16,4.84259E+16
100391,9,1,78,137,2018,12,2,7,3,8,1,2,0,1,0,0,0,0,1,6.92296E+20,5.3623E+21,1.15973E+16,4.83845E+16
100392,9,1,63,0,2018,12,13,4,3,2,6,0,0,1,0,0,0,1,1,7.32607E+20,5.30671E+21,1.21107E+16,4.78715E+16
100393,9,3,77,157,2018,12,11,2,3,6,4,0,0,1,1,0,0,0,1,7.19684E+20,5.54135E+21,1.20646E+16,4.99839E+16
100394,9,1,84,119,2018,12,13,6,3,2,6,0,0,1,0,0,0,0,0,6.96103E+20,5.34694E+21,1.16415E+16,4.82453E+16
100395,9,6,72,114,2018,12,11,2,3,5,3,0,0,1,0,0,0,0,0,5.71405E+20,5.56478E+21,1.00012E+16,5.02309E+16
100396,9,6,62,0,2018,12,7,5,3,6,7,2,1,0,1,0,0,0,0,5.8718E+20,5.54466E+21,1.02177E+16,5.00478E+16
100397,9,3,75,131,2018,12,5,7,3,5,3,2,0,1,0,0,0,0,1,7.14507E+20,5.44584E+21,1.19405E+16,4.91279E+16
100398,9,1,77,137,2018,12,15,6,3,5,3,0,0,1,0,0,0,0,0,7.34698E+20,5.34475E+21,1.21595E+16,4.82126E+16
100399,9,6,77,148,2018,12,13,3,2,8,1,0,0,1,0,0,0,0,1,5.47805E+20,5.53819E+21,9.66697E+15,4.99942E+16
100400,9,1,87,142,2018,12,7,2,3,5,3,0,0,1,0,0,1,0,1,7.33659E+20,5.31146E+21,1.21273E+16,4.79138E+16
100401,9,5,75,121,2018,12,19,2,3,9,1,2,0,1,0,0,0,0,1,6.23009E+20,5.48724E+21,1.06998E+16,4.95253E+16
100402,9,7,75,135,2018,12,16,5,3,2,1,1,0,1,0,0,0,0,0,5.75006E+20,5.35612E+21,1.00124E+16,4.83538E+16
100403,9,1,89,155,2018,12,8,4,3,4,1,0,0,1,0,0,0,0,1,7.72783E+20,5.3143E+21,1.26517E+16,4.79239E+16
100404,9,7,78,173,2018,12,18,5,3,2,6,2,0,1,0,0,0,0,1,6.11236E+20,5.32262E+21,1.04926E+16,4.80471E+16
100405,9,6,63,0,2018,12,17,2,3,0,7,1,1,1,0,0,0,0,1,5.66606E+20,5.51674E+21,9.92554E+15,4.97994E+16
100406,9,6,77,131,2018,12,6,5,3,2,6,2,0,1,0,0,0,0,0,5.49988E+20,5.54462E+21,9.69826E+15,5.00517E+16
100407,9,4,76,145,2018,12,17,7,3,2,6,2,0,1,0,0,0,0,1,6.65162E+20,5.56659E+21,1.13157E+16,5.02284E+16
100408,9,7,75,162,2018,12,16,5,3,5,3,1,0,1,0,0,0,0,0,5.82543E+20,5.34857E+21,1.01127E+16,4.8285E+16
100409,9,7,72,184,2018,12,17,3,3,2,2,2,0,1,0,0,0,0,1,6.32943E+20,5.35893E+21,1.07951E+16,4.83695E+16
100410,9,1,72,128,2018,12,8,2,3,2,6,0,0,1,0,0,0,1,1,7.92203E+20,5.29711E+21,1.28995E+16,4.77611E+16
100411,9,2,74,128,2018,12,14,5,1,4,7,0,0,1,0,0,1,0,0,7.36576E+20,5.39171E+21,1.22112E+16,4.86337E+16
100412,9,7,63,0,2018,12,22,5,3,6,4,2,0,1,1,0,0,0,0,5.99405E+20,5.28515E+21,1.03252E+16,4.77121E+16
100413,9,2,78,192,2018,12,16,3,3,8,1,1,0,1,0,0,0,0,1,7.71114E+20,5.4177E+21,1.26961E+16,4.88529E+16
100414,9,6,79,193,2018,12,13,1,3,9,1,0,0,1,0,0,0,0,1,5.72908E+20,5.51177E+21,1.00122E+16,4.9754E+16
100415,9,6,78,190,2018,12,17,4,3,5,3,2,0,1,0,0,0,0,0,5.80375E+20,5.53533E+21,1.01207E+16,4.99649E+16
100416,9,1,78,115,2018,12,0,7,3,2,6,2,0,1,0,0,1,0,1,7.0342E+20,5.3778E+21,1.17549E+16,4.85203E+16
100417,9,7,77,176,2018,12,4,5,3,9,1,2,0,1,0,0,0,0,1,6.03173E+20,5.29812E+21,1.03785E+16,4.78282E+16
100418,9,1,77,133,2018,12,8,3,3,4,2,0,0,1,0,0,0,0,0,7.1133E+20,5.36155E+21,1.18537E+16,4.83717E+16
100419,9,1,79,142,2018,12,18,6,3,3,6,2,0,1,0,0,0,0,0,6.74593E+20,5.34473E+21,1.13511E+16,4.82317E+16
100420,9,1,75,132,2018,12,14,1,3,9,1,0,0,1,0,0,0,0,1,7.05229E+20,5.336E+21,1.1759E+16,4.81442E+16
100421,9,4,77,128,2018,12,17,2,3,9,1,2,0,1,0,0,0,0,1,6.74922E+20,5.56075E+21,1.14497E+16,5.01731E+16
100422,9,7,77,173,2018,12,16,5,3,2,6,2,0,1,0,0,0,0,0,6.37094E+20,5.27763E+21,1.08251E+16,4.76375E+16
100423,9,1,74,121,2018,12,10,4,3,4,2,0,0,1,0,0,0,1,1,6.90754E+20,5.35329E+21,1.15724E+16,4.8304E+16
100424,9,3,76,159,2018,12,8,2,2,5,3,0,0,1,0,0,0,0,0,7.24714E+20,5.47924E+21,1.20989E+16,4.94243E+16
100425,9,7,73,125,2018,12,15,5,3,0,3,0,1,0,0,0,1,0,1,6.09746E+20,5.38181E+21,1.0488E+16,4.85797E+16
100426,9,5,62,0,2018,12,17,2,3,0,7,2,0,1,0,0,0,0,1,6.46063E+20,5.49544E+21,1.10212E+16,4.95939E+16
100427,9,5,74,138,2018,12,18,5,2,7,7,2,1,0,1,0,0,0,0,6.60788E+20,5.4917E+21,1.12232E+16,4.95565E+16
100428,9,2,77,144,2018,12,17,7,3,6,4,2,0,1,1,0,0,0,1,7.83748E+20,5.37714E+21,1.28402E+16,4.84832E+16
100429,9,7,72,147,2018,12,16,5,3,2,6,2,0,1,0,0,0,0,0,6.38119E+20,5.36561E+21,1.08671E+16,4.84285E+16
100430,9,6,76,133,2018,12,21,3,3,5,3,2,0,1,0,1,0,0,0,5.14804E+20,5.52327E+21,9.20597E+15,4.98616E+16
100431,9,1,61,0,2018,12,14,2,3,2,6,0,0,1,0,0,0,1,1,6.79331E+20,5.40364E+21,1.14402E+16,4.87599E+16
100432,9,1,61,0,2018,12,7,5,3,0,3,1,1,1,0,0,0,0,0,6.76878E+20,5.40453E+21,1.14072E+16,4.87686E+16
100433,9,7,61,0,2018,12,7,5,3,3,1,0,0,1,0,0,1,0,1,6.41247E+20,5.35737E+21,1.09066E+16,4.83537E+16
100434,9,2,74,146,2018,12,13,3,3,5,3,0,0,1,0,0,0,0,0,7.35596E+20,5.37973E+21,1.21911E+16,4.85264E+16
100435,9,5,77,177,2018,12,0,1,3,6,4,2,0,1,1,0,0,0,0,6.44391E+20,5.43286E+21,1.09754E+16,4.90317E+16
100436,9,5,71,205,2018,12,16,4,3,2,6,1,0,1,0,0,1,0,0,5.90636E+20,5.47797E+21,1.02504E+16,4.94476E+16
100437,9,1,63,0,2018,12,7,5,3,2,6,0,0,1,0,0,0,0,1,7.32839E+20,5.30317E+21,1.21119E+16,4.78397E+16
100438,9,5,72,160,2018,12,21,5,3,1,6,2,0,1,0,0,1,0,0,6.24467E+20,5.5102E+21,1.07272E+16,4.97314E+16
100439,9,2,75,154,2018,12,22,3,3,8,1,2,0,1,0,0,0,0,1,8.06383E+20,5.39167E+21,1.31564E+16,4.86031E+16
100440,9,5,76,113,2018,12,14,1,3,5,3,0,0,1,0,0,0,0,1,6.61251E+20,5.45781E+21,1.12159E+16,4.92518E+16
100441,9,5,74,138,2018,12,16,4,3,1,6,2,0,1,0,0,0,0,1,6.65672E+20,5.48729E+21,1.12889E+16,4.95155E+16
100442,9,1,62,0,2018,12,18,6,3,5,3,2,0,1,0,0,0,0,0,6.85233E+20,5.3289E+21,1.14874E+16,4.80864E+16
100443,9,6,79,176,2018,12,22,5,3,8,7,2,0,1,0,0,0,0,1,5.67922E+20,5.5069E+21,9.94212E+15,4.97107E+16
100444,9,1,62,0,2018,12,16,2,3,4,7,1,0,1,0,0,0,0,1,6.92043E+20,5.34128E+21,1.15843E+16,4.81957E+16
100445,9,1,75,123,2018,12,11,6,1,4,1,0,0,1,0,0,1,0,0,7.20389E+20,5.33798E+21,1.19636E+16,4.81568E+16
100446,9,7,75,135,2018,12,13,7,3,3,6,0,0,1,0,0,0,0,0,5.74705E+20,5.36069E+21,1.00092E+16,4.8395E+16
100447,9,6,77,203,2018,12,13,5,3,9,1,0,0,1,0,0,0,0,1,5.57604E+20,5.52857E+21,9.80223E+15,4.99068E+16
100448,9,1,62,0,2018,12,16,3,3,3,6,2,0,1,0,0,1,0,0,6.87395E+20,5.33271E+21,1.15181E+16,4.812E+16
100449,9,2,75,134,2018,12,18,2,3,2,6,2,0,0,0,0,1,1,0,8.23658E+20,5.37414E+21,1.33764E+16,4.84371E+16
100450,9,6,72,114,2018,12,16,5,3,4,7,0,0,1,0,0,0,0,1,5.75884E+20,5.56043E+21,1.00631E+16,5.01912E+16
100451,9,5,63,0,2018,12,12,2,3,0,5,0,0,0,0,1,1,0,1,6.44921E+20,5.4816E+21,1.10003E+16,4.94698E+16
100452,9,4,73,120,2018,12,16,5,3,3,6,1,0,1,0,0,0,0,0,6.42998E+20,5.5732E+21,1.10076E+16,5.02936E+16
100453,9,1,83,119,2018,12,19,7,3,2,1,2,0,1,0,0,0,0,0,7.32125E+20,5.33916E+21,1.21218E+16,4.81633E+16
100454,9,6,72,114,2018,12,12,5,3,6,7,0,0,1,1,0,0,0,1,5.77357E+20,5.56031E+21,1.00837E+16,5.01899E+16
100455,9,5,75,167,2018,12,18,3,3,2,6,2,0,1,0,0,1,0,1,6.24149E+20,5.50276E+21,1.07204E+16,4.96646E+16
100456,9,1,88,139,2018,12,17,2,3,6,4,2,0,1,1,0,0,0,1,6.74187E+20,5.31825E+21,1.13349E+16,4.79938E+16
100457,9,1,62,0,2018,12,17,5,3,2,6,2,0,1,0,0,0,0,0,6.93055E+20,5.3396E+21,1.15972E+16,4.81803E+16
100458,9,6,78,174,2018,12,13,5,3,8,1,0,0,1,0,0,0,0,1,5.94967E+20,5.54613E+21,1.03268E+16,5.00599E+16
100459,9,1,72,131,2018,12,16,3,3,8,1,2,0,1,0,0,0,0,2,7.89039E+20,5.28527E+21,1.28495E+16,4.76562E+16
100460,9,2,63,0,2018,12,16,6,2,5,2,1,0,1,0,0,0,0,0,7.65678E+20,5.42109E+21,1.26244E+16,4.88857E+16
100461,9,3,73,156,2018,12,9,1,3,8,1,0,0,1,0,0,0,0,1,6.65104E+20,5.46404E+21,1.12714E+16,4.93067E+16
100462,9,3,75,196,2018,12,15,4,3,6,4,1,0,1,1,0,0,0,0,7.30245E+20,5.41412E+21,1.21379E+16,4.88373E+16
100463,9,6,78,115,2018,12,20,5,2,1,2,2,0,1,0,0,0,0,1,5.84714E+20,5.54038E+21,1.01823E+16,5.00097E+16
100464,9,1,84,130,2018,12,8,6,3,1,6,0,0,1,0,0,0,0,0,6.98384E+20,5.34518E+21,1.16714E+16,4.82288E+16
100465,9,2,76,126,2018,12,1,4,3,9,1,2,0,1,0,0,0,0,2,8.07422E+20,5.42585E+21,1.31959E+16,4.89092E+16
100466,9,6,62,0,2018,12,13,5,3,8,1,0,0,1,0,0,0,0,1,5.87629E+20,5.54465E+21,1.02239E+16,5.00477E+16
100467,9,7,80,112,2018,12,7,2,3,0,7,1,1,0,0,0,0,0,1,5.95488E+20,5.29323E+21,1.02748E+16,4.77854E+16
100468,9,7,61,0,2018,12,15,5,3,3,6,0,0,1,0,0,1,0,0,6.39831E+20,5.35468E+21,1.08866E+16,4.83298E+16
100469,9,5,74,123,2018,12,17,7,3,2,6,1,0,1,0,0,0,0,0,6.59268E+20,5.47501E+21,1.11955E+16,4.94069E+16
100470,9,6,71,114,2018,12,20,5,3,2,6,2,0,1,0,0,0,0,1,5.04128E+20,5.54314E+21,9.05765E+15,5.00406E+16
100471,9,7,63,0,2018,12,18,3,3,6,2,2,0,1,1,0,0,0,0,5.98493E+20,5.28649E+21,1.03134E+16,4.77243E+16
100472,9,2,79,116,2018,12,15,2,3,5,2,0,0,1,0,0,0,0,1,7.59536E+20,5.39147E+21,1.25221E+16,4.86224E+16
100473,9,6,76,141,2018,12,21,5,2,4,1,2,0,1,0,0,0,1,1,5.1834E+20,5.51633E+21,9.25485E+15,4.97991E+16
100474,9,1,84,112,2018,12,12,6,3,2,6,0,0,1,0,0,0,0,0,7.00803E+20,5.34226E+21,1.17026E+16,4.82018E+16
100475,9,6,76,118,2018,12,8,5,3,8,1,0,0,1,0,0,0,0,1,5.25927E+20,5.51357E+21,9.36009E+15,4.97741E+16
100476,9,7,64,0,2018,12,7,2,3,2,6,0,0,1,0,0,0,0,0,5.88688E+20,5.31686E+21,1.01889E+16,4.79989E+16
100477,9,7,78,186,2018,12,16,5,3,4,6,0,0,1,0,0,0,0,2,6.0158E+20,5.30641E+21,1.03592E+16,4.79029E+16
100478,9,6,77,148,2018,12,17,7,3,5,3,2,0,1,0,0,0,0,1,5.55112E+20,5.53507E+21,9.76845E+15,4.99654E+16
100479,9,6,76,124,2018,12,5,5,3,9,1,2,0,1,0,0,0,0,1,5.33506E+20,5.51362E+21,9.46534E+15,4.97741E+16
100480,9,7,75,135,2018,12,17,3,3,6,4,2,0,1,1,0,0,0,1,5.74587E+20,5.36082E+21,1.00076E+16,4.83961E+16
100481,9,2,73,165,2018,12,17,2,3,4,2,2,0,1,0,0,0,0,1,7.15836E+20,5.41099E+21,1.19402E+16,4.88144E+16
100482,9,3,77,133,2018,12,7,5,3,5,3,2,0,1,0,0,0,0,1,7.07432E+20,5.52966E+21,1.18876E+16,4.98834E+16
100483,9,6,71,128,2018,12,12,5,3,5,3,0,0,1,0,0,0,0,1,5.2238E+20,5.54494E+21,9.31264E+15,5.00563E+16
100484,9,4,61,0,2018,12,17,3,3,6,4,2,0,1,1,0,0,0,1,6.3542E+20,5.52984E+21,1.08859E+16,4.99056E+16
100485,9,1,79,121,2018,12,16,2,3,5,3,1,0,1,0,0,0,0,0,6.66852E+20,5.33833E+21,1.12445E+16,4.81763E+16
100486,9,1,62,0,2018,12,17,4,3,3,2,2,0,1,0,0,0,1,1,6.94718E+20,5.33414E+21,1.1617E+16,4.81307E+16
100487,9,1,62,0,2018,12,5,6,3,5,3,2,1,1,0,0,0,0,0,6.94726E+20,5.3322E+21,1.16163E+16,4.81132E+16
100488,9,6,61,0,2018,12,13,5,3,0,7,0,0,0,0,1,0,0,1,5.09528E+20,5.53478E+21,9.13285E+15,4.99653E+16
100489,9,1,87,162,2018,12,17,3,3,6,7,2,0,1,1,0,0,0,0,7.5019E+20,5.30537E+21,1.23446E+16,4.78529E+16
100490,9,2,79,115,2018,12,19,6,2,4,6,2,0,1,0,0,0,0,0,7.60482E+20,5.38389E+21,1.25302E+16,4.85539E+16
100491,9,2,73,165,2018,12,17,1,3,2,6,2,0,1,0,0,0,0,1,7.15184E+20,5.40944E+21,1.19305E+16,4.88007E+16
100492,9,3,71,131,2018,12,8,4,2,4,6,0,0,1,0,0,0,0,1,6.95909E+20,5.48309E+21,1.17041E+16,4.94689E+16
100493,9,6,71,130,2018,12,11,5,3,8,1,0,0,1,0,0,0,0,1,5.14221E+20,5.54274E+21,9.19859E+15,5.00368E+16
100494,9,1,62,0,2018,12,8,6,3,5,2,0,1,1,0,0,0,0,0,6.8622E+20,5.33526E+21,1.15034E+16,4.81433E+16
100495,9,3,75,180,2018,12,16,4,3,3,6,2,0,1,0,0,0,1,0,7.26203E+20,5.42401E+21,1.20884E+16,4.89277E+16
100496,9,6,71,111,2018,12,10,5,2,9,1,0,0,1,0,0,0,0,1,5.09007E+20,5.5496E+21,9.12593E+15,5.00986E+16
100497,9,1,87,124,2018,12,19,7,2,5,3,2,0,1,0,1,0,0,0,7.35229E+20,5.32852E+21,1.21576E+16,4.80665E+16
100498,9,7,61,0,2018,12,8,2,3,2,1,0,0,1,0,0,0,0,1,6.37551E+20,5.35715E+21,1.08567E+16,4.83526E+16
100499,9,6,75,117,2018,12,6,5,3,2,6,2,0,1,0,0,1,0,1,5.82036E+20,5.51536E+21,1.01396E+16,4.97851E+16
100500,9,5,75,145,2018,12,13,7,2,8,1,0,0,1,0,0,0,0,1,6.15237E+20,5.48522E+21,1.05918E+16,4.95087E+16
100501,9,5,76,121,2018,12,4,5,3,5,3,2,0,1,0,0,0,0,1,6.46932E+20,5.45022E+21,1.10165E+16,4.91872E+16
100502,9,7,77,129,2018,12,15,3,2,0,6,0,1,0,0,0,0,0,1,6.27995E+20,5.26982E+21,1.07018E+16,4.75691E+16
100503,9,1,90,141,2018,12,17,2,3,2,6,2,0,1,0,0,0,0,1,6.78584E+20,5.29123E+21,1.13826E+16,4.77497E+16
100504,9,2,62,0,2018,12,6,5,3,2,6,1,0,1,0,0,0,0,0,8.25349E+20,5.3897E+21,1.34114E+16,4.85757E+16
100505,9,5,76,122,2018,12,12,5,3,4,6,0,0,1,0,0,0,0,1,6.71601E+20,5.43472E+21,1.13482E+16,4.90414E+16
100506,9,3,61,0,2018,12,16,3,3,4,7,2,0,1,0,0,0,0,1,7.07825E+20,5.48074E+21,1.18671E+16,4.94438E+16
100507,9,7,80,143,2018,12,4,1,3,9,1,2,0,1,0,0,0,0,1,5.96476E+20,5.27662E+21,1.02843E+16,4.76358E+16
100508,9,7,71,169,2018,12,18,4,2,5,3,2,0,1,0,0,0,0,1,6.4156E+20,5.37557E+21,1.0917E+16,4.85173E+16
100509,9,1,62,0,2018,12,8,6,3,0,7,0,0,0,0,0,0,1,0,6.86221E+20,5.33522E+21,1.15034E+16,4.81429E+16
100510,9,3,76,150,2018,12,16,5,3,4,2,2,0,1,0,0,0,0,0,7.273E+20,5.49155E+21,1.21416E+16,4.95339E+16
100511,9,5,74,123,2018,12,20,5,3,4,2,2,0,1,0,0,0,0,1,6.60363E+20,5.47101E+21,1.1209E+16,4.93707E+16
100512,9,3,75,118,2018,12,16,3,3,5,3,2,0,1,0,0,0,0,1,7.08329E+20,5.44734E+21,1.18567E+16,4.91436E+16
100513,9,1,62,0,2018,12,11,2,3,2,6,0,0,1,0,0,0,0,1,6.93746E+20,5.34012E+21,1.16067E+16,4.81847E+16
100514,9,7,80,140,2018,12,8,4,3,2,6,0,0,1,0,0,0,0,0,6.01953E+20,5.28245E+21,1.03586E+16,4.76874E+16
100515,9,1,84,123,2018,12,18,6,3,2,6,2,0,1,0,0,0,0,0,7.03663E+20,5.33172E+21,1.1736E+16,4.81062E+16
100516,9,5,64,0,2018,12,21,5,3,5,3,2,0,1,0,0,0,0,0,6.492E+20,5.47872E+21,1.10582E+16,4.94428E+16
100517,9,1,85,149,2018,12,9,3,3,4,6,0,0,1,0,0,1,1,1,6.60752E+20,5.39611E+21,1.11847E+16,4.86973E+16
100518,9,1,71,111,2018,12,6,6,3,5,3,1,0,1,0,0,0,0,1,7.71593E+20,5.34793E+21,1.26572E+16,4.82264E+16
100519,9,1,87,142,2018,12,11,1,3,8,1,0,0,1,0,0,0,0,0,7.31452E+20,5.31176E+21,1.2098E+16,4.79173E+16
100520,9,5,75,135,2018,12,14,2,3,5,3,0,0,1,0,0,0,0,1,6.07326E+20,5.48737E+21,1.04832E+16,4.95295E+16
100521,9,5,64,0,2018,12,20,5,3,2,6,2,0,1,0,0,0,0,1,6.49589E+20,5.47711E+21,1.1063E+16,4.94283E+16
100522,9,7,75,135,2018,12,7,6,3,0,7,0,1,1,0,0,0,0,0,5.74588E+20,5.36082E+21,1.00076E+16,4.83961E+16
100523,9,1,89,162,2018,12,7,4,1,2,6,2,0,1,0,0,0,1,2,7.74527E+20,5.31534E+21,1.26757E+16,4.79325E+16
100524,9,4,71,120,2018,12,17,2,3,5,3,2,0,1,0,0,0,0,1,6.25034E+20,5.52081E+21,1.07384E+16,4.98267E+16
100525,9,5,71,190,2018,12,18,5,3,2,6,2,0,1,0,0,0,0,1,6.29438E+20,5.46295E+21,1.07806E+16,4.93056E+16
100526,9,6,75,113,2018,12,16,2,2,4,1,0,0,1,0,0,0,0,1,5.77852E+20,5.50976E+21,1.00804E+16,4.97352E+16
100527,9,6,75,141,2018,12,18,5,3,5,3,2,0,1,0,0,0,0,0,5.85674E+20,5.51117E+21,1.01892E+16,4.97469E+16
100528,9,4,72,139,2018,12,11,7,2,4,2,0,0,1,0,0,0,0,1,6.93521E+20,5.55415E+21,1.17065E+16,5.0108E+16
100529,9,5,77,177,2018,12,9,5,3,4,2,0,0,1,0,0,0,0,0,6.43696E+20,5.43253E+21,1.09658E+16,4.90289E+16