OBJECTID_1,ULAND,UREGBEZ,UKREIS,UGEMEINDE,UJAHR,UMONAT,USTUNDE,UWOCHENTAG,UKATEGORIE,UART,UTYP1,ULICHTVERH,IstRad,IstPKW,IstFuss,IstKrad,IstGkfz,IstSonstig,STRZUSTAND,LINREFX,LINREFY,XGCSWGS84,YGCSWGS84
100530,9,6,79,138,2018,12,7,3,3,9,7,2,0,1,0,0,0,0,0,5.67229E+20,5.50177E+21,9.93162E+15,4.96648E+16
100531,9,1,84,148,2018,12,23,2,3,8,1,2,0,1,0,0,0,0,2,6.93443E+20,5.32831E+21,1.15973E+16,4.80787E+16
100532,9,1,83,119,2018,12,20,7,3,1,1,2,0,1,0,0,1,0,1,7.32317E+20,5.33922E+21,1.21244E+16,4.81637E+16
100533,9,1,73,123,2018,12,6,5,3,8,1,2,0,1,0,0,0,0,1,6.80615E+20,5.2992E+21,1.1413E+16,4.78208E+16
100534,9,4,64,0,2018,12,21,5,3,4,2,2,0,1,0,0,0,0,1,7.07772E+20,5.57665E+21,1.19179E+16,5.03053E+16
100535,9,2,71,146,2018,12,10,3,3,5,3,0,0,1,0,0,0,0,1,7.85222E+20,5.41068E+21,1.28831E+16,4.87836E+16
100536,9,6,73,114,2018,12,15,1,3,0,1,0,0,0,0,1,0,0,1,5.85077E+20,5.57447E+21,1.0195E+16,5.03162E+16
100537,9,6,76,123,2018,12,17,4,2,4,6,2,0,1,0,0,0,1,1,5.18001E+20,5.52063E+21,9.25033E+15,4.98378E+16
100538,9,7,78,173,2018,12,14,6,3,5,3,0,0,1,0,0,0,0,0,6.12264E+20,5.32236E+21,1.05063E+16,4.80447E+16
100539,9,4,73,158,2018,12,16,5,3,8,7,1,0,1,0,0,0,0,1,6.30488E+20,5.57348E+21,1.08322E+16,5.0299E+16
100540,9,1,84,142,2018,12,7,2,3,4,2,0,0,1,0,0,0,0,1,6.80762E+20,5.32243E+21,1.14247E+16,4.80296E+16
100541,9,1,79,134,2018,12,7,6,3,6,4,2,0,1,1,0,0,0,0,6.67844E+20,5.34292E+21,1.12596E+16,4.82172E+16
100542,9,1,77,137,2018,12,14,1,2,4,6,0,0,1,0,1,0,0,1,7.33935E+20,5.34772E+21,1.21508E+16,4.82395E+16
100543,9,4,61,0,2018,12,6,2,3,2,6,2,0,1,0,0,0,0,0,6.39984E+20,5.52861E+21,1.0949E+16,4.98934E+16
100544,9,4,73,138,2018,12,7,5,3,8,1,1,0,1,0,0,0,0,1,6.37195E+20,5.55425E+21,1.09194E+16,5.01246E+16
100545,9,7,80,121,2018,12,21,6,3,4,2,2,0,1,0,0,0,0,1,5.95504E+20,5.25709E+21,1.02671E+16,4.74603E+16
100546,9,1,62,0,2018,12,17,4,3,2,6,2,0,1,0,0,1,0,1,6.85711E+20,5.34303E+21,1.15E+16,4.82133E+16
100547,9,2,76,148,2018,12,12,2,2,4,1,0,0,1,0,0,1,0,2,8.09601E+20,5.44198E+21,1.32379E+16,4.90528E+16
100548,9,4,77,128,2018,12,7,5,2,5,3,2,0,1,0,0,0,0,1,6.73519E+20,5.55898E+21,1.14293E+16,5.01576E+16
100549,9,5,74,141,2018,12,7,2,3,0,5,2,1,1,0,0,0,0,1,6.69415E+20,5.48869E+21,1.13411E+16,4.95271E+16
100550,9,5,64,0,2018,12,17,5,3,5,3,2,1,1,0,0,0,0,0,6.46046E+20,5.47845E+21,1.10147E+16,4.94411E+16
100551,9,2,79,122,2018,12,9,7,3,2,6,0,0,1,0,0,0,0,0,7.73198E+20,5.39364E+21,1.27085E+16,4.86361E+16
100552,9,4,62,0,2018,12,17,5,3,5,3,2,0,1,0,0,0,0,1,6.84494E+20,5.53502E+21,1.15712E+16,4.9939E+16
100553,9,1,75,132,2018,12,19,3,3,5,3,2,1,1,0,0,0,0,1,7.06297E+20,5.33215E+21,1.17715E+16,4.81091E+16
100554,9,1,76,167,2018,12,11,6,3,4,6,0,0,1,0,0,0,0,0,6.74459E+20,5.41055E+21,1.13769E+16,4.88234E+16
100555,9,1,81,124,2018,12,16,1,3,5,3,0,0,1,0,0,0,0,1,6.46015E+20,5.3177E+21,1.09573E+16,4.79959E+16
100556,9,4,76,189,2018,12,14,2,3,5,3,0,0,1,0,0,0,0,0,6.68532E+20,5.57282E+21,1.13657E+16,5.02834E+16
100557,9,4,71,195,2018,12,22,5,2,2,6,2,0,1,0,0,0,0,1,6.41594E+20,5.52494E+21,1.09701E+16,4.98601E+16
100558,9,7,77,151,2018,12,14,6,3,1,6,0,0,1,0,0,0,0,0,6.19339E+20,5.29242E+21,1.05929E+16,4.77741E+16
100559,9,1,61,0,2018,12,22,4,3,4,2,2,0,1,0,0,0,0,1,6.80504E+20,5.40505E+21,1.14568E+16,4.87723E+16
100560,9,3,74,111,2018,12,14,2,2,9,1,0,0,1,0,0,0,0,1,7.25606E+20,5.51546E+21,1.2132E+16,4.97492E+16
100561,9,4,71,195,2018,12,6,5,3,3,6,2,0,1,0,0,0,1,1,6.40148E+20,5.52607E+21,1.09504E+16,4.98706E+16
100562,9,6,78,178,2018,12,5,2,3,4,2,2,0,1,0,0,0,0,1,5.89324E+20,5.54314E+21,1.02473E+16,5.00339E+16
100563,9,6,71,155,2018,12,17,5,2,4,6,2,0,0,0,0,0,1,0,5.03025E+20,5.53403E+21,9.04218E+15,4.99586E+16
100564,9,2,63,0,2018,12,11,7,2,8,1,0,0,1,0,0,0,0,0,7.59492E+20,5.41855E+21,1.25385E+16,4.88656E+16
100565,9,3,77,158,2018,12,18,5,3,7,7,2,0,1,0,0,0,0,1,7.33668E+20,5.54434E+21,1.22611E+16,5.00055E+16
100566,9,6,73,133,2018,12,18,3,2,5,3,2,0,1,0,0,0,0,0,5.88983E+20,5.57897E+21,1.02509E+16,5.03561E+16
100567,9,1,61,0,2018,12,12,2,3,0,5,0,1,1,0,0,0,0,0,6.79788E+20,5.40453E+21,1.14468E+16,4.87678E+16
100568,9,1,82,119,2018,12,13,5,3,2,6,0,0,1,0,0,1,0,1,7.13012E+20,5.29218E+21,1.18418E+16,4.77478E+16
100569,9,3,62,0,2018,12,7,5,3,3,6,1,0,1,0,0,1,0,0,7.2476E+20,5.43096E+21,1.20725E+16,4.89906E+16
100570,9,2,75,122,2018,12,7,3,2,5,3,1,0,1,0,1,0,0,1,8.17759E+20,5.3868E+21,1.33065E+16,4.85536E+16
100571,9,5,65,0,2018,12,11,1,3,9,1,0,0,1,0,0,0,0,1,6.44004E+20,5.4687E+21,1.0983E+16,4.9354E+16
100572,9,5,64,0,2018,12,18,4,2,4,2,2,1,1,0,0,0,0,1,6.44577E+20,5.478E+21,1.09942E+16,4.94375E+16
100573,9,7,76,129,2018,12,12,6,2,6,4,0,0,1,1,0,0,0,0,5.69012E+20,5.27034E+21,9.91778E+15,4.75828E+16
100574,9,3,75,148,2018,12,17,5,3,2,1,2,0,1,0,0,0,0,1,7.06316E+20,5.43611E+21,1.18234E+16,4.90433E+16
100575,9,7,78,173,2018,12,14,2,3,2,6,0,0,0,0,0,1,0,1,6.09779E+20,5.32024E+21,1.04724E+16,4.8026E+16
100576,9,1,62,0,2018,12,18,5,3,2,6,2,0,1,0,0,1,0,1,6.88466E+20,5.34018E+21,1.15358E+16,4.81869E+16
100577,9,7,61,0,2018,12,16,7,3,6,2,1,0,1,1,0,0,0,0,6.39222E+20,5.36087E+21,1.08805E+16,4.83857E+16
100578,9,3,73,147,2018,12,17,5,3,6,2,2,0,1,1,0,0,0,1,6.78147E+20,5.4609E+21,1.14492E+16,4.92749E+16
100579,9,1,62,0,2018,12,8,3,3,6,2,0,0,1,1,0,0,0,1,6.92142E+20,5.33973E+21,1.1585E+16,4.81817E+16
100580,9,2,62,0,2018,12,16,2,3,5,3,2,0,1,0,0,0,0,0,8.19065E+20,5.39221E+21,1.33283E+16,4.86016E+16
100581,9,5,73,133,2018,12,7,2,3,5,3,1,0,1,0,0,0,0,1,6.24522E+20,5.48255E+21,1.07192E+16,4.94828E+16
100582,9,4,71,220,2018,12,6,5,3,8,6,1,0,1,0,0,0,0,1,6.18948E+20,5.51568E+21,1.06523E+16,4.97818E+16
100583,9,2,76,135,2018,12,12,5,2,9,1,0,0,1,0,0,0,0,0,7.77012E+20,5.44542E+21,1.27952E+16,4.90992E+16
100584,9,4,72,127,2018,12,15,3,3,4,1,1,0,1,0,0,0,0,1,6.87237E+20,5.52282E+21,1.16035E+16,4.98286E+16
100585,9,1,81,137,2018,12,15,2,3,8,1,0,0,0,0,1,0,0,1,6.4674E+20,5.30771E+21,1.09636E+16,4.79059E+16
100586,9,1,77,115,2018,12,12,5,2,6,4,0,0,1,1,0,0,0,0,7.33784E+20,5.35139E+21,1.21508E+16,4.82725E+16
100587,9,2,78,148,2018,12,17,5,3,0,7,2,1,0,0,0,0,0,1,7.38925E+20,5.40763E+21,1.22522E+16,4.87757E+16
100588,9,5,74,123,2018,12,6,3,3,2,6,2,0,1,0,0,1,0,1,6.59935E+20,5.47668E+21,1.12054E+16,4.94217E+16
100589,9,1,76,153,2018,12,15,2,2,5,2,0,0,1,0,0,0,0,1,6.95169E+20,5.41255E+21,1.16597E+16,4.88352E+16
100590,9,1,74,151,2018,12,17,5,3,4,2,2,0,1,0,0,0,1,0,6.78966E+20,5.36067E+21,1.14167E+16,4.83738E+16
100591,9,2,78,113,2018,12,18,5,1,4,1,2,0,1,0,0,1,0,1,7.66232E+20,5.41845E+21,1.26302E+16,4.88618E+16
100592,9,1,80,123,2018,12,0,3,3,9,1,2,0,1,0,0,0,0,2,6.71144E+20,5.25812E+21,1.12705E+16,4.7454E+16
100593,9,4,76,171,2018,12,17,1,3,4,6,2,0,1,0,0,0,0,1,6.59302E+20,5.56472E+21,1.12328E+16,5.02132E+16
100594,9,4,71,117,2018,12,17,4,2,4,3,2,0,1,0,0,1,0,1,6.32413E+20,5.52998E+21,1.08441E+16,4.99075E+16
100595,9,2,75,133,2018,12,17,5,3,5,3,1,0,1,0,0,1,0,1,8.2612E+20,5.3839E+21,1.34172E+16,4.85233E+16
100596,9,7,62,0,2018,12,13,6,3,5,3,0,1,1,0,0,0,0,0,6.2256E+20,5.3066E+21,1.06399E+16,4.7901E+16
100597,9,2,62,0,2018,12,20,5,3,6,4,2,0,1,1,0,0,0,1,8.28912E+20,5.38954E+21,1.34594E+16,4.85725E+16
100598,9,7,64,0,2018,12,15,2,3,5,3,0,1,1,0,0,0,0,0,5.88236E+20,5.31438E+21,1.01823E+16,4.79767E+16
100599,9,7,80,143,2018,12,13,5,3,1,6,0,0,1,0,0,0,0,0,5.98426E+20,5.28309E+21,1.03117E+16,4.76937E+16
100600,9,6,76,145,2018,12,15,7,2,4,6,0,0,1,0,0,0,0,1,5.07213E+20,5.52081E+21,9.10031E+15,4.98397E+16
100601,9,2,62,0,2018,12,18,5,3,2,6,2,0,1,0,0,0,0,1,8.29845E+20,5.38999E+21,1.34724E+16,4.85761E+16
100602,9,7,78,183,2018,12,0,3,3,9,1,2,0,1,0,0,0,0,2,6.08167E+20,5.32663E+21,1.04524E+16,4.80838E+16
100603,9,2,74,126,2018,12,23,2,3,8,7,2,0,1,0,0,0,0,0,7.33741E+20,5.38254E+21,1.21676E+16,4.85523E+16
100604,9,1,75,121,2018,12,13,5,3,9,1,0,0,1,0,0,0,0,0,7.13874E+20,5.31887E+21,1.18665E+16,4.79873E+16
100605,9,3,72,154,2018,12,18,5,3,4,2,2,0,1,0,0,0,0,0,7.57034E+20,5.4716E+21,1.25388E+16,4.93429E+16
100606,9,2,77,124,2018,12,13,5,3,5,3,0,0,1,0,0,0,0,1,7.82259E+20,5.36964E+21,1.2815E+16,4.84166E+16
100607,9,3,77,137,2018,12,13,3,2,8,1,0,0,1,0,0,0,0,1,7.37561E+20,5.53869E+21,1.23119E+16,4.99533E+16
100608,9,1,74,146,2018,12,7,2,3,4,2,2,0,1,0,0,0,0,1,6.68396E+20,5.34972E+21,1.12698E+16,4.82783E+16
100609,9,1,62,0,2018,12,17,4,3,2,6,2,0,1,0,0,0,0,1,6.94721E+20,5.33217E+21,1.16162E+16,4.8113E+16
100610,9,7,77,155,2018,12,18,6,2,4,6,2,0,1,0,0,0,0,0,6.31102E+20,5.31186E+21,1.07557E+16,4.79466E+16
100611,9,2,74,156,2018,12,4,5,3,2,1,2,0,1,0,0,0,0,0,7.44334E+20,5.3912E+21,1.2316E+16,4.86261E+16
100612,9,1,82,120,2018,12,9,3,3,1,1,0,0,1,0,0,0,0,2,7.02098E+20,5.30663E+21,1.17032E+16,4.78811E+16
100613,9,1,90,157,2018,12,12,6,2,4,6,0,0,1,0,0,0,1,0,6.61194E+20,5.30209E+21,1.11548E+16,4.78519E+16
100614,9,1,62,0,2018,12,19,1,3,2,6,2,0,1,0,0,0,0,1,6.85873E+20,5.33041E+21,1.14967E+16,4.80998E+16
100615,9,2,61,0,2018,12,18,5,3,5,3,2,1,1,0,0,0,0,1,7.34366E+20,5.38168E+21,1.21756E+16,4.85444E+16
100616,9,7,73,136,2018,12,12,6,3,2,6,0,0,1,0,0,1,0,0,5.97616E+20,5.37329E+21,1.03216E+16,4.85051E+16
100617,9,1,83,125,2018,12,17,4,3,4,7,2,0,1,0,0,1,0,1,7.55064E+20,5.35626E+21,1.24401E+16,4.83081E+16
100618,9,2,74,111,2018,12,16,5,3,2,6,2,0,1,0,0,0,0,1,7.39488E+20,5.38179E+21,1.22449E+16,4.85434E+16
100619,9,7,72,185,2018,12,18,2,3,1,5,2,0,1,0,0,0,1,1,6.35679E+20,5.38349E+21,1.084E+16,4.85898E+16
100620,9,6,63,0,2018,12,7,5,3,2,6,0,0,1,0,0,0,0,0,5.69367E+20,5.51724E+21,9.96399E+15,4.98036E+16
100621,9,4,76,145,2018,12,19,7,2,6,4,2,0,1,1,0,0,0,1,6.66453E+20,5.56827E+21,1.13345E+16,5.02431E+16
100622,9,2,73,119,2018,12,7,5,3,4,2,0,0,1,0,0,0,0,0,7.08351E+20,5.40885E+21,1.18372E+16,4.87977E+16
100623,9,1,84,114,2018,12,12,3,3,2,6,0,0,1,0,0,0,0,1,6.99607E+20,5.31961E+21,1.16759E+16,4.79986E+16
100624,9,2,71,119,2018,12,7,6,3,1,6,2,0,1,0,0,0,0,0,7.90366E+20,5.4174E+21,1.29578E+16,4.88416E+16
100625,9,2,71,119,2018,12,17,1,2,6,4,2,0,1,1,0,0,0,1,7.9155E+20,5.41796E+21,1.29742E+16,4.8846E+16
100626,9,3,76,171,2018,12,15,4,3,5,3,0,0,1,0,0,0,0,1,7.44903E+20,5.48571E+21,1.23808E+16,4.94746E+16
100627,9,2,73,147,2018,12,17,5,3,5,3,2,0,1,0,0,0,0,1,7.05569E+20,5.38978E+21,1.17899E+16,4.86272E+16
100628,9,2,75,154,2018,12,11,4,3,4,6,0,0,1,0,0,1,0,1,8.06605E+20,5.39179E+21,1.31595E+16,4.8604E+16
100629,9,2,74,191,2018,12,16,5,1,4,7,2,0,1,0,0,1,0,1,7.47294E+20,5.3918E+21,1.23565E+16,4.86303E+16
100630,9,7,76,130,2018,12,8,2,3,3,1,0,0,1,0,0,0,0,1,5.55343E+20,5.27018E+21,9.736E+15,4.75827E+16
100631,9,7,72,130,2018,12,9,5,3,2,6,0,0,1,0,0,0,0,0,6.31673E+20,5.35723E+21,1.07774E+16,4.83545E+16
100632,9,5,62,0,2018,12,14,7,3,4,2,0,1,1,0,0,0,0,0,6.43492E+20,5.49413E+21,1.09851E+16,4.95827E+16
100633,9,2,61,0,2018,12,11,5,3,2,6,0,0,1,0,0,0,0,0,7.34247E+20,5.38162E+21,1.21739E+16,4.85439E+16
100634,9,7,80,117,2018,12,0,3,3,4,1,2,0,1,0,0,0,1,2,5.92773E+20,5.28306E+21,1.02364E+16,4.76943E+16
100635,9,1,90,153,2018,12,7,2,2,9,3,0,0,1,0,0,1,0,1,6.74381E+20,5.28875E+21,1.13256E+16,4.77285E+16
100636,9,2,78,167,2018,12,10,5,2,5,3,0,0,1,0,0,0,0,0,7.68947E+20,5.40716E+21,1.26598E+16,4.87593E+16
100637,9,2,73,166,2018,12,15,5,3,2,5,0,0,1,0,0,0,0,0,7.14613E+20,5.42134E+21,1.19289E+16,4.89077E+16
100638,9,3,71,123,2018,12,16,3,3,2,6,1,0,1,0,0,0,0,1,7.10704E+20,5.49114E+21,1.19123E+16,4.95362E+16
100639,9,1,62,0,2018,12,16,1,3,4,2,2,0,1,0,0,0,0,1,6.93259E+20,5.33142E+21,1.15962E+16,4.81067E+16
100640,9,7,62,0,2018,12,13,4,3,0,6,0,0,1,0,0,1,0,0,6.22678E+20,5.30646E+21,1.06414E+16,4.78998E+16
100641,9,1,90,139,2018,12,12,5,3,4,6,0,0,0,0,0,1,0,0,6.53675E+20,5.2936E+21,1.10513E+16,4.77774E+16
100642,9,1,81,138,2018,12,18,3,2,5,3,2,0,1,0,0,0,0,1,6.39972E+20,5.33474E+21,1.08819E+16,4.81505E+16
100643,9,1,61,0,2018,12,6,6,3,5,3,2,1,1,0,0,0,0,0,6.79303E+20,5.40393E+21,1.14399E+16,4.87626E+16
100644,9,1,61,0,2018,12,12,1,3,3,6,0,0,1,0,0,0,0,1,6.79323E+20,5.40359E+21,1.14401E+16,4.87594E+16
100645,9,4,75,162,2018,12,7,2,3,4,2,2,0,1,0,0,0,0,1,7.16961E+20,5.57198E+21,1.20441E+16,5.026E+16
100646,9,1,90,157,2018,12,8,5,3,5,3,0,0,1,0,0,0,0,1,6.603E+20,5.30093E+21,1.11424E+16,4.78417E+16
100647,9,1,87,181,2018,12,16,4,3,2,6,2,0,1,0,0,0,0,1,7.37094E+20,5.3121E+21,1.21736E+16,4.79184E+16
100648,9,3,63,0,2018,12,11,2,3,3,2,0,1,1,0,0,0,0,1,7.27739E+20,5.50728E+21,1.21568E+16,4.9675E+16
100649,9,1,90,141,2018,12,11,5,3,5,3,0,0,1,0,0,0,0,1,6.7804E+20,5.29137E+21,1.13754E+16,4.77511E+16
100650,9,6,73,114,2018,12,14,2,3,8,1,0,0,1,0,0,0,0,1,5.87696E+20,5.57391E+21,1.02316E+16,5.03108E+16
100651,9,6,72,127,2018,12,11,5,3,5,3,0,0,1,0,0,0,0,0,5.64142E+20,5.55198E+21,9.89718E+15,5.01166E+16
100652,9,4,74,123,2018,12,18,7,3,5,3,2,0,1,0,0,0,0,1,6.48078E+20,5.5149E+21,1.10564E+16,4.97683E+16
100653,9,1,72,128,2018,12,22,5,3,2,6,2,0,1,0,0,0,0,1,7.91849E+20,5.29803E+21,1.28954E+16,4.77695E+16
100654,9,6,75,174,2018,12,17,3,3,5,3,2,0,1,0,0,0,0,0,5.89247E+20,5.52379E+21,1.02417E+16,4.98599E+16
100655,9,1,87,113,2018,12,9,2,2,4,6,0,0,1,0,0,0,0,1,7.45819E+20,5.3178E+21,1.22934E+16,4.79662E+16
100656,9,1,89,149,2018,12,8,5,2,4,6,0,0,1,0,0,0,0,1,7.5888E+20,5.33294E+21,1.24772E+16,4.8097E+16
100657,9,1,89,157,2018,12,16,5,3,2,6,0,0,1,0,0,0,0,1,7.65298E+20,5.32535E+21,1.25585E+16,4.80263E+16
100658,9,2,75,153,2018,12,0,3,3,9,1,2,0,1,0,0,0,0,2,8.46177E+20,5.39185E+21,1.36946E+16,4.85839E+16
100659,9,5,76,148,2018,12,7,1,3,2,6,2,0,1,0,0,0,0,1,6.6625E+20,5.44281E+21,1.12783E+16,4.91156E+16
100660,9,1,89,155,2018,12,18,5,3,5,3,2,0,1,0,0,0,0,1,7.71493E+20,5.30663E+21,1.26297E+16,4.78556E+16
100661,9,7,72,223,2018,12,17,3,3,8,1,2,0,1,0,0,0,0,1,6.18423E+20,5.36439E+21,1.06006E+16,4.84216E+16
100662,9,1,83,151,2018,12,19,2,2,5,7,2,0,1,0,0,0,1,1,7.54114E+20,5.35238E+21,1.24249E+16,4.82736E+16
100663,9,2,74,128,2018,12,6,5,3,1,2,2,0,1,0,0,0,0,1,7.35638E+20,5.38737E+21,1.2196E+16,4.8595E+16
100664,9,1,83,128,2018,12,18,5,3,6,2,2,0,1,1,0,0,0,1,7.61573E+20,5.34981E+21,1.25237E+16,4.82475E+16
100665,9,3,61,0,2018,12,16,3,3,3,6,2,0,1,0,0,0,0,1,7.06518E+20,5.4809E+21,1.18492E+16,4.94456E+16
100666,9,6,79,165,2018,12,16,1,3,8,1,2,0,1,0,0,0,0,0,5.54129E+20,5.50808E+21,9.75098E+15,4.97228E+16
100667,9,6,72,122,2018,12,16,4,3,5,7,1,0,1,0,0,0,0,0,5.74188E+20,5.5549E+21,1.00382E+16,5.01417E+16
100668,9,1,72,114,2018,12,17,5,3,9,1,2,0,1,0,0,0,0,1,7.89324E+20,5.29245E+21,1.28581E+16,4.77205E+16
100669,9,1,77,112,2018,12,16,3,3,5,7,1,0,1,0,0,0,0,1,7.16748E+20,5.36341E+21,1.19277E+16,4.83866E+16
100670,9,1,76,124,2018,12,13,6,3,5,3,0,0,1,0,0,0,0,0,6.71369E+20,5.40993E+21,1.13346E+16,4.88187E+16
100671,9,1,74,143,2018,12,7,1,3,0,1,0,0,0,0,1,0,0,1,6.74999E+20,5.35266E+21,1.13599E+16,4.83029E+16
100672,9,4,62,0,2018,12,13,2,2,3,6,0,0,1,0,0,0,0,0,6.86744E+20,5.53015E+21,1.16002E+16,4.98946E+16
100673,9,1,71,111,2018,12,7,5,3,2,6,1,0,1,0,0,0,0,1,7.74468E+20,5.34719E+21,1.26953E+16,4.82185E+16
100674,9,1,88,120,2018,12,12,4,3,5,3,0,0,1,0,0,0,0,1,6.76552E+20,5.32534E+21,1.13695E+16,4.80569E+16
100675,9,3,71,144,2018,12,10,2,3,5,3,0,0,1,0,0,0,0,1,7.04989E+20,5.48382E+21,1.18296E+16,4.94724E+16
100676,9,1,84,114,2018,12,23,5,3,8,1,2,0,1,0,0,0,0,1,7.00148E+20,5.31808E+21,1.16824E+16,4.79847E+16
100677,9,5,72,133,2018,12,6,2,3,2,6,2,0,1,0,0,0,1,0,6.38056E+20,5.49914E+21,1.09117E+16,4.9629E+16
100678,9,5,76,128,2018,12,17,5,2,5,3,2,0,1,0,0,0,0,0,6.40624E+20,5.46057E+21,1.09336E+16,4.92817E+16
100679,9,2,72,127,2018,12,22,7,3,8,1,2,0,1,0,0,0,0,1,8.331E+20,5.4205E+21,1.3541E+16,4.88479E+16
100680,9,1,87,182,2018,12,18,5,3,2,6,2,0,1,0,0,0,0,1,7.38456E+20,5.32829E+21,1.22007E+16,4.80633E+16
100681,9,6,72,113,2018,12,19,3,3,9,1,2,0,1,0,0,0,0,1,5.60112E+20,5.57353E+21,9.84422E+15,5.03108E+16
100682,9,1,85,139,2018,12,7,2,3,5,3,2,1,1,0,0,0,0,1,6.69501E+20,5.39333E+21,1.13023E+16,4.867E+16
100683,9,1,85,127,2018,12,5,5,2,8,1,2,0,1,0,0,0,0,1,6.51345E+20,5.38708E+21,1.10536E+16,4.86185E+16
100684,9,1,87,177,2018,12,6,5,2,6,4,2,0,1,1,0,0,0,1,7.36368E+20,5.30399E+21,1.21594E+16,4.78457E+16
100685,9,2,77,153,2018,12,17,3,1,6,4,2,0,1,1,0,0,0,1,7.78157E+20,5.36389E+21,1.27559E+16,4.83668E+16
100686,9,5,73,125,2018,12,17,1,3,5,3,2,0,1,0,0,0,0,1,6.39881E+20,5.47152E+21,1.09272E+16,4.93803E+16
100687,9,5,64,0,2018,12,17,4,3,2,6,2,0,1,0,0,0,0,0,6.49774E+20,5.47692E+21,1.10655E+16,4.94265E+16
100688,9,1,89,154,2018,12,19,7,3,5,2,2,0,1,0,0,0,0,0,7.68901E+20,5.31848E+21,1.26025E+16,4.79631E+16
100689,9,1,87,142,2018,12,19,5,3,5,3,2,0,1,0,0,0,0,1,7.33659E+20,5.31146E+21,1.21273E+16,4.79139E+16
100690,9,7,78,218,2018,12,22,2,3,8,1,2,0,1,0,0,0,0,2,5.93018E+20,5.30561E+21,1.02445E+16,4.78971E+16
100691,9,7,78,218,2018,12,7,5,3,9,1,0,0,1,0,0,0,0,2,5.93312E+20,5.30559E+21,1.02484E+16,4.78969E+16
100692,9,6,77,165,2018,12,14,7,3,5,3,0,0,1,0,1,0,0,0,5.33136E+20,5.53636E+21,9.46215E+15,4.99787E+16
100693,9,5,76,127,2018,12,7,4,3,2,6,0,0,1,0,0,0,0,1,6.64121E+20,5.45058E+21,1.12523E+16,4.91861E+16
100694,9,1,87,162,2018,12,6,5,3,5,3,2,0,1,0,0,0,0,1,7.51017E+20,5.3033E+21,1.23545E+16,4.7834E+16
100695,9,1,62,0,2018,12,8,2,3,2,6,0,0,1,0,0,0,0,1,6.93282E+20,5.3375E+21,1.15993E+16,4.81614E+16
100696,9,1,78,143,2018,12,16,6,3,1,6,2,0,1,0,0,0,0,0,7.21795E+20,5.37428E+21,1.20016E+16,4.84825E+16
100697,9,1,84,141,2018,12,11,7,3,2,6,0,0,1,0,0,0,0,0,7.00238E+20,5.31724E+21,1.16832E+16,4.79771E+16
100698,9,1,82,125,2018,12,16,5,2,5,3,2,0,1,0,0,0,0,1,7.11985E+20,5.29569E+21,1.18299E+16,4.77797E+16
100699,9,1,78,124,2018,12,6,4,3,4,2,2,0,1,0,0,0,0,1,7.00148E+20,5.35708E+21,1.17008E+16,4.83352E+16
100700,9,2,71,146,2018,12,20,2,3,2,6,2,0,1,0,0,0,0,2,7.82714E+20,5.41096E+21,1.28493E+16,4.87873E+16
100701,9,1,82,120,2018,12,16,5,2,8,1,1,0,1,0,0,0,0,0,6.99814E+20,5.30221E+21,1.16706E+16,4.78422E+16
100702,9,5,74,132,2018,12,12,2,2,2,6,0,0,1,0,0,0,1,1,6.75643E+20,5.48602E+21,1.14259E+16,4.95014E+16
100703,9,4,75,123,2018,12,16,5,3,1,6,1,0,1,0,0,0,0,1,7.06588E+20,5.58115E+21,1.19037E+16,5.03461E+16
100704,9,1,90,152,2018,12,11,7,2,5,3,0,0,1,0,0,0,0,0,6.70461E+20,5.30116E+21,1.12782E+16,4.78411E+16
100705,9,1,86,137,2018,12,11,5,2,4,2,0,0,1,0,0,1,0,0,6.84634E+20,5.39925E+21,1.15103E+16,4.87189E+16
100706,9,5,76,117,2018,12,10,3,3,5,3,0,0,1,0,0,1,0,0,6.48025E+20,5.45969E+21,1.1035E+16,4.9272E+16
100707,9,1,74,146,2018,12,8,2,3,2,6,0,0,1,0,0,0,0,1,6.68946E+20,5.34963E+21,1.12771E+16,4.82774E+16
100708,9,1,84,119,2018,12,13,5,2,2,6,0,0,1,0,0,0,1,1,6.95951E+20,5.34639E+21,1.16392E+16,4.82404E+16
100709,9,1,61,0,2018,12,7,5,3,2,6,0,0,1,0,0,0,0,1,6.80819E+20,5.40514E+21,1.14611E+16,4.87729E+16
100710,9,1,83,128,2018,12,17,3,3,1,6,2,0,1,0,0,0,0,0,7.61883E+20,5.35033E+21,1.25282E+16,4.82521E+16
100711,9,4,74,154,2018,12,17,1,2,8,1,2,0,1,0,0,0,0,1,6.56714E+20,5.49994E+21,1.11702E+16,4.96316E+16
100712,9,3,74,149,2018,12,23,4,3,5,2,2,0,1,0,0,1,0,1,7.11079E+20,5.51555E+21,1.19306E+16,4.97554E+16
100713,9,1,86,143,2018,12,17,5,3,5,3,2,0,1,0,0,0,1,0,6.84674E+20,5.3773E+21,1.15011E+16,4.85216E+16