OBJECTID_1,ULAND,UREGBEZ,UKREIS,UGEMEINDE,UJAHR,UMONAT,USTUNDE,UWOCHENTAG,UKATEGORIE,UART,UTYP1,ULICHTVERH,IstRad,IstPKW,IstFuss,IstKrad,IstGkfz,IstSonstig,STRZUSTAND,LINREFX,LINREFY,XGCSWGS84,YGCSWGS84
100714,9,2,63,0,2018,12,17,4,3,2,1,2,0,1,0,0,0,0,0,7.67039E+20,5.41987E+21,1.26421E+16,4.88742E+16
100715,9,1,76,112,2018,12,17,5,3,9,1,2,0,1,0,0,0,0,1,6.96266E+20,5.42127E+21,1.16788E+16,4.89133E+16
100716,9,7,63,0,2018,12,11,2,2,4,6,0,0,1,0,0,1,0,1,5.99261E+20,5.28382E+21,1.0323E+16,4.77001E+16
100717,9,7,62,0,2018,12,14,5,3,1,6,0,0,1,0,0,0,0,0,6.23081E+20,5.3062E+21,1.06467E+16,4.78973E+16
100718,9,6,71,122,2018,12,13,7,3,3,6,0,0,1,0,1,0,0,1,5.04766E+20,5.52921E+21,9.06639E+15,4.99153E+16
100719,9,1,74,146,2018,12,12,5,3,2,6,0,0,1,0,0,0,0,0,6.67059E+20,5.35083E+21,1.12522E+16,4.82886E+16
100720,9,7,74,150,2018,12,18,3,3,6,4,2,0,1,1,0,0,0,1,6.01799E+20,5.34433E+21,1.03712E+16,4.8244E+16
100721,9,2,79,125,2018,12,0,2,3,8,1,2,0,1,0,0,0,0,1,7.66835E+20,5.39271E+21,1.26217E+16,4.86305E+16
100722,9,1,84,148,2018,12,7,4,3,2,6,0,0,1,0,0,0,0,1,6.93353E+20,5.32888E+21,1.15963E+16,4.80838E+16
100723,9,3,72,116,2018,12,17,5,2,6,4,2,0,1,1,0,0,0,0,7.68005E+20,5.45366E+21,1.26776E+16,4.91771E+16
100724,9,3,77,129,2018,12,15,3,3,2,6,0,0,1,0,0,0,0,0,7.05825E+20,5.52756E+21,1.18641E+16,4.98651E+16
100725,9,1,78,124,2018,12,11,2,3,2,6,0,0,1,0,0,1,0,1,7.05208E+20,5.36287E+21,1.17718E+16,4.83855E+16
100726,9,1,89,162,2018,12,14,2,2,8,3,0,0,1,0,0,0,0,0,7.74477E+20,5.31533E+21,1.2675E+16,4.79325E+16
100727,9,1,61,0,2018,12,7,3,3,5,2,1,1,0,0,0,1,0,2,6.76088E+20,5.40507E+21,1.13967E+16,4.87737E+16
100728,9,1,83,139,2018,12,17,2,3,0,6,2,0,1,0,0,0,0,1,7.34104E+20,5.33532E+21,1.21463E+16,4.81281E+16
100729,9,6,76,165,2018,12,21,2,3,8,1,2,0,1,0,0,0,0,1,5.1577E+20,5.50268E+21,9.21858E+15,4.96764E+16
100730,9,1,83,148,2018,12,6,2,3,5,3,2,1,1,0,0,0,0,1,7.53776E+20,5.34506E+21,1.2416E+16,4.8208E+16
100731,9,1,89,119,2018,12,13,2,3,2,2,0,0,1,0,0,0,0,1,7.68662E+20,5.30855E+21,1.25931E+16,4.7874E+16
100732,9,3,71,126,2018,12,12,3,2,3,6,0,0,1,0,0,1,1,0,7.0419E+20,5.48723E+21,1.18204E+16,4.95033E+16
100733,9,1,82,137,2018,12,15,2,3,9,6,0,0,1,0,0,0,0,1,7.09312E+20,5.30446E+21,1.17985E+16,4.78594E+16
100734,9,1,74,115,2018,12,7,3,3,6,2,2,0,1,1,0,0,0,1,6.80893E+20,5.34843E+21,1.14375E+16,4.82633E+16
100735,9,1,82,120,2018,12,12,2,3,5,3,0,0,1,0,0,0,0,1,7.02459E+20,5.30751E+21,1.17084E+16,4.78889E+16
100736,9,1,76,161,2018,12,5,2,3,3,1,2,0,1,0,0,1,0,1,6.80949E+20,5.41666E+21,1.14679E+16,4.88764E+16
100737,9,1,61,0,2018,12,7,2,3,4,1,1,0,1,0,0,0,0,2,6.71754E+20,5.40466E+21,1.13376E+16,4.87712E+16
100738,9,1,85,158,2018,12,19,2,3,5,3,2,0,1,0,0,0,0,1,6.67259E+20,5.3803E+21,1.12666E+16,4.85535E+16
100739,9,5,65,0,2018,12,18,2,3,6,2,2,0,1,1,0,0,0,1,6.46225E+20,5.46591E+21,1.10125E+16,4.93284E+16
100740,9,1,85,153,2018,12,12,2,2,8,1,0,0,1,0,0,0,0,1,6.53069E+20,5.40166E+21,1.10824E+16,4.87491E+16
100741,9,1,85,163,2018,12,15,2,3,5,3,0,0,1,0,0,1,0,1,6.63157E+20,5.39544E+21,1.1217E+16,4.86907E+16
100742,9,5,61,0,2018,12,16,2,3,2,6,2,0,1,0,0,0,0,1,6.14788E+20,5.45998E+21,1.05783E+16,4.92818E+16
100743,9,1,76,114,2018,12,13,2,3,8,7,0,0,0,0,0,1,0,0,6.82174E+20,5.42961E+21,1.14904E+16,4.89925E+16
100744,9,3,72,153,2018,12,15,6,3,4,2,0,0,1,0,0,0,0,0,7.56168E+20,5.45512E+21,1.25164E+16,4.91953E+16
100745,9,1,81,128,2018,12,15,2,2,3,2,0,1,1,0,0,0,0,1,6.39633E+20,5.32804E+21,1.08752E+16,4.80904E+16
100746,9,2,62,0,2018,12,17,3,3,5,3,2,0,1,0,0,0,0,1,8.25726E+20,5.38955E+21,1.34163E+16,4.85742E+16
100747,9,1,81,128,2018,12,17,2,3,3,2,2,1,1,0,0,0,0,0,6.38631E+20,5.32764E+21,1.08616E+16,4.80869E+16
100748,9,1,84,149,2018,12,11,3,2,2,6,0,0,0,0,0,1,0,0,6.89936E+20,5.35133E+21,1.15605E+16,4.82866E+16
100749,9,1,78,113,2018,12,6,2,3,2,6,2,0,1,0,0,0,0,0,6.91525E+20,5.36746E+21,1.15893E+16,4.84311E+16
100750,9,1,77,115,2018,12,20,2,3,9,7,2,0,1,0,0,0,0,1,7.34316E+20,5.35035E+21,1.21574E+16,4.8263E+16
100751,9,1,77,139,2018,12,6,2,3,5,3,2,0,1,0,0,0,0,1,7.32021E+20,5.35943E+21,1.21315E+16,4.83454E+16
100752,9,7,78,173,2018,12,0,1,3,9,1,2,0,1,0,0,0,0,0,6.11007E+20,5.32457E+21,1.049E+16,4.80648E+16
100753,9,7,64,0,2018,12,19,1,3,5,3,2,0,1,0,0,0,0,1,5.87648E+20,5.31715E+21,1.0175E+16,4.80016E+16
100754,9,1,90,157,2018,12,10,3,3,6,4,0,0,1,1,0,0,0,1,6.60894E+20,5.30054E+21,1.11502E+16,4.7838E+16
100755,9,7,74,116,2018,12,4,1,2,8,1,2,0,1,0,0,0,0,0,6.07081E+20,5.3478E+21,1.04432E+16,4.82743E+16
100756,9,7,74,129,2018,12,2,1,3,8,1,2,0,1,0,0,0,0,1,5.98026E+20,5.34014E+21,1.03194E+16,4.82069E+16
100757,9,2,61,0,2018,12,19,3,3,7,1,0,0,1,0,0,0,0,0,7.33499E+20,5.38127E+21,1.21636E+16,4.8541E+16
100758,9,7,80,145,2018,12,15,1,3,4,1,0,0,1,0,0,0,0,2,6.05995E+20,5.27115E+21,1.04097E+16,4.75851E+16
100759,9,7,74,119,2018,12,11,2,3,5,3,0,0,1,0,0,0,0,1,5.8804E+20,5.36013E+21,1.01892E+16,4.83882E+16
100760,9,7,73,144,2018,12,0,1,3,9,1,2,0,1,0,0,0,0,0,6.05737E+20,5.37761E+21,1.04326E+16,4.85427E+16
100761,9,7,72,115,2018,12,16,1,3,9,1,0,0,1,0,0,0,0,1,6.18071E+20,5.37194E+21,1.0598E+16,4.84895E+16
100762,9,6,63,0,2018,12,12,1,3,2,6,0,0,1,0,0,0,0,1,5.66827E+20,5.51156E+21,9.92773E+15,4.97528E+16
100763,9,1,72,128,2018,12,16,3,3,4,2,1,0,1,0,0,0,0,0,7.92637E+20,5.29785E+21,1.29058E+16,4.77675E+16
100764,9,6,79,179,2018,12,12,1,3,8,1,0,0,1,0,0,0,0,1,5.70813E+20,5.48848E+21,9.97888E+15,4.95448E+16
100765,9,6,73,147,2018,12,14,2,3,2,6,0,0,1,0,0,0,0,1,5.83561E+20,5.59387E+21,1.0178E+16,5.04908E+16
100766,9,6,77,119,2018,12,16,1,2,9,1,0,0,1,0,0,0,0,1,5.51244E+20,5.52296E+21,9.71292E+15,4.98568E+16
100767,9,7,79,131,2018,12,17,2,3,5,3,2,0,0,0,0,0,1,1,6.29551E+20,5.39664E+21,1.0761E+16,4.87093E+16
100768,9,6,77,120,2018,12,9,1,3,8,1,0,0,1,0,0,0,0,1,5.31582E+20,5.52745E+21,9.43975E+15,4.98986E+16
100769,9,6,78,157,2018,12,12,1,3,4,6,0,0,1,0,0,0,0,2,6.02601E+20,5.53172E+21,1.04296E+16,4.99291E+16
100770,9,4,76,171,2018,12,16,3,3,2,6,1,0,1,0,0,0,0,1,6.59817E+20,5.56472E+21,1.124E+16,5.02131E+16
100771,9,6,71,122,2018,12,0,1,3,9,1,2,0,1,0,0,0,0,0,5.06959E+20,5.53146E+21,9.09697E+15,4.99355E+16
100772,9,3,72,153,2018,12,12,6,3,5,3,0,0,1,0,0,0,0,1,7.56635E+20,5.45359E+21,1.25218E+16,4.91814E+16
100773,9,1,85,158,2018,12,14,3,2,0,1,0,1,0,0,0,1,0,1,6.67165E+20,5.38066E+21,1.12655E+16,4.85567E+16
100774,9,5,74,155,2018,12,16,1,3,8,1,2,0,1,0,0,0,0,1,6.6999E+20,5.49525E+21,1.13519E+16,4.95859E+16
100775,9,6,71,111,2018,12,15,2,3,9,1,1,0,1,0,0,0,0,1,5.07856E+20,5.55221E+21,9.1099E+15,5.0122E+16
100776,9,5,74,132,2018,12,15,1,3,2,6,0,0,1,0,0,0,0,1,6.73937E+20,5.48697E+21,1.14028E+16,4.95104E+16
100777,9,4,79,136,2018,12,14,2,2,8,1,0,0,1,0,0,0,0,1,7.22868E+20,5.54476E+21,1.21109E+16,5.00134E+16
100778,9,3,75,156,2018,12,15,6,3,8,1,1,0,1,0,0,0,0,0,7.11759E+20,5.44901E+21,1.19045E+16,4.91574E+16
100779,9,5,71,175,2018,12,17,1,3,8,1,2,0,0,0,0,0,1,1,6.24354E+20,5.45918E+21,1.07096E+16,4.92727E+16
100780,9,2,75,156,2018,12,9,3,3,4,6,0,0,1,0,0,1,1,1,8.51822E+20,5.39198E+21,1.3771E+16,4.85819E+16
100781,9,5,71,175,2018,12,17,1,3,2,6,2,0,1,0,0,0,0,1,6.24354E+20,5.45918E+21,1.07096E+16,4.92727E+16
100782,9,1,84,129,2018,12,13,3,3,2,6,0,0,0,0,0,1,0,0,7.01058E+20,5.32623E+21,1.16984E+16,4.80577E+16
100783,9,5,75,121,2018,12,16,2,3,5,3,1,0,1,0,0,0,0,1,6.21677E+20,5.49166E+21,1.06827E+16,4.95653E+16
100784,9,5,77,150,2018,12,18,1,3,9,1,2,0,1,0,0,0,0,2,6.31046E+20,5.43025E+21,1.07921E+16,4.90113E+16
100785,9,3,75,130,2018,12,16,3,3,5,2,1,0,1,0,0,0,0,1,7.33909E+20,5.43549E+21,1.22E+16,4.90279E+16
100786,9,5,71,228,2018,12,18,1,3,8,1,2,0,1,0,0,0,0,2,5.89487E+20,5.45293E+21,1.0229E+16,4.92226E+16
100787,9,1,88,121,2018,12,12,3,3,5,3,0,0,0,0,0,0,1,1,6.71951E+20,5.32972E+21,1.13095E+16,4.80976E+16
100788,9,5,75,168,2018,12,2,1,3,8,7,2,0,1,0,0,0,0,1,5.90325E+20,5.48789E+21,1.02484E+16,4.95369E+16
100789,9,5,63,0,2018,12,12,2,3,0,6,0,0,0,0,1,0,0,1,6.43721E+20,5.48191E+21,1.09838E+16,4.94728E+16
100790,9,5,75,163,2018,12,15,1,3,5,3,1,0,1,0,0,0,0,1,5.78685E+20,5.48863E+21,1.00877E+16,4.95452E+16
100791,9,4,79,166,2018,12,4,1,1,8,1,2,0,1,0,0,0,0,0,7.07594E+20,5.55587E+21,1.1904E+16,5.01187E+16
100792,9,4,75,162,2018,12,18,2,3,5,3,2,0,1,0,0,0,0,1,7.16564E+20,5.56972E+21,1.20372E+16,5.02399E+16
100793,9,4,78,127,2018,12,15,1,3,9,1,0,0,1,0,0,0,0,2,6.56311E+20,5.55608E+21,1.11874E+16,5.01363E+16
100794,9,4,73,112,2018,12,14,1,3,9,6,0,0,1,0,0,0,0,2,6.35247E+20,5.56465E+21,1.08958E+16,5.02185E+16
100795,9,2,75,141,2018,12,0,3,3,9,1,2,0,1,0,0,0,0,2,8.18287E+20,5.37132E+21,1.33019E+16,4.84146E+16
100796,9,4,72,146,2018,12,21,1,3,3,6,2,0,1,0,0,1,0,1,6.86664E+20,5.52976E+21,1.15989E+16,4.98911E+16
100797,9,1,62,0,2018,12,16,2,3,3,6,1,0,1,0,0,0,0,1,7.01418E+20,5.33591E+21,1.17078E+16,4.81445E+16
100798,9,4,62,0,2018,12,14,1,3,2,1,0,0,1,0,0,0,1,1,6.85404E+20,5.53559E+21,1.15842E+16,4.99439E+16
100799,9,4,74,147,2018,12,13,1,3,9,1,0,0,1,0,0,0,0,2,6.57374E+20,5.50677E+21,1.11821E+16,4.96929E+16
100800,9,3,77,129,2018,12,15,1,3,8,1,0,0,1,0,0,0,0,2,7.07389E+20,5.5293E+21,1.18868E+16,4.98801E+16
100801,9,3,75,205,2018,12,10,1,3,9,1,0,0,1,0,0,0,0,2,7.32141E+20,5.4218E+21,1.21681E+16,4.89056E+16
100802,9,3,62,0,2018,12,18,1,3,1,6,2,0,1,0,0,0,0,1,7.27592E+20,5.43521E+21,1.21136E+16,4.90277E+16
100803,9,3,71,148,2018,12,9,1,3,8,1,0,0,1,0,0,0,0,0,7.12908E+20,5.4613E+21,1.19268E+16,4.92674E+16
100804,9,2,71,119,2018,12,15,1,3,4,6,1,0,1,0,0,0,0,2,7.92171E+20,5.41354E+21,1.29795E+16,4.88061E+16
100805,9,2,61,0,2018,12,17,3,2,4,2,0,0,1,0,0,0,0,0,7.33042E+20,5.38211E+21,1.21579E+16,4.85488E+16
100806,9,2,78,151,2018,12,16,1,3,9,1,1,0,1,0,0,0,0,2,7.68589E+20,5.43261E+21,1.26716E+16,4.89879E+16
100807,9,7,63,0,2018,12,18,2,2,5,3,2,1,1,0,0,0,0,1,6.00112E+20,5.28469E+21,1.03346E+16,4.77078E+16
100808,9,2,74,188,2018,12,0,1,3,7,1,2,0,1,0,0,0,0,1,7.4783E+20,5.39461E+21,1.23654E+16,4.86554E+16
100809,9,4,63,0,2018,12,5,2,3,8,1,2,0,1,0,0,0,0,1,6.37388E+20,5.57217E+21,1.09286E+16,5.02856E+16
100810,9,5,71,166,2018,12,3,2,3,2,6,2,0,0,0,0,1,1,0,6.07472E+20,5.45634E+21,1.04768E+16,4.92504E+16
100811,9,2,74,124,2018,12,14,1,3,9,1,0,0,1,0,0,0,0,2,7.24606E+20,5.37224E+21,1.20384E+16,4.84631E+16
100812,9,4,75,174,2018,12,5,3,3,6,4,2,0,1,1,0,0,0,1,7.03132E+20,5.56052E+21,1.18442E+16,5.0162E+16
100813,9,1,73,147,2018,12,18,1,3,4,2,2,0,1,0,0,0,0,1,6.80555E+20,5.30791E+21,1.14158E+16,4.78991E+16
100814,9,1,61,0,2018,12,20,3,3,5,2,2,0,1,0,0,0,0,1,6.79435E+20,5.40403E+21,1.14418E+16,4.87634E+16
100815,9,1,80,117,2018,12,7,1,3,9,7,2,0,1,0,0,0,0,2,6.45506E+20,5.25926E+21,1.0931E+16,4.74705E+16
100816,9,1,89,149,2018,12,12,1,3,8,1,0,0,1,0,0,0,0,2,7.60463E+20,5.32861E+21,1.24958E+16,4.80575E+16
100817,9,1,89,155,2018,12,12,1,3,8,1,0,0,1,0,0,0,0,2,7.72609E+20,5.30966E+21,1.26465E+16,4.78824E+16
100818,9,1,89,130,2018,12,9,3,2,4,6,1,0,1,0,0,0,0,1,7.67648E+20,5.31243E+21,1.25819E+16,4.79093E+16
100819,9,1,89,145,2018,12,13,1,3,4,1,0,0,1,0,0,0,0,1,7.72822E+20,5.30091E+21,1.26438E+16,4.78036E+16
100820,9,7,61,0,2018,12,16,2,3,5,2,1,0,1,0,0,0,0,1,6.38396E+20,5.35539E+21,1.08675E+16,4.83366E+16
100821,9,1,72,134,2018,12,12,1,3,4,6,0,0,1,0,0,0,0,1,7.89695E+20,5.30986E+21,1.28746E+16,4.78766E+16
100822,9,4,63,0,2018,12,7,2,3,0,3,2,0,1,0,0,0,0,1,6.37088E+20,5.57236E+21,1.09244E+16,5.02874E+16
100823,9,1,72,116,2018,12,14,1,2,5,3,0,0,1,0,0,0,0,1,8.03324E+20,5.28569E+21,1.30396E+16,4.76534E+16
100824,9,4,74,123,2018,12,15,3,2,7,7,0,1,0,0,0,1,0,0,6.51904E+20,5.51917E+21,1.11112E+16,4.98058E+16
100825,9,1,72,131,2018,12,5,1,3,2,6,2,0,1,0,0,0,0,0,7.84326E+20,5.28789E+21,1.27886E+16,4.76818E+16
100826,9,3,71,136,2018,12,17,6,3,3,6,2,0,0,0,0,1,1,0,7.08604E+20,5.47518E+21,1.18749E+16,4.93935E+16
100827,9,1,85,158,2018,12,16,3,2,5,3,0,0,1,0,0,0,0,1,6.67715E+20,5.38393E+21,1.12743E+16,4.8586E+16
100828,9,1,72,131,2018,12,12,1,3,4,6,0,0,1,0,0,0,0,2,7.81559E+20,5.29357E+21,1.27555E+16,4.7734E+16
100829,9,5,72,120,2018,12,17,2,3,3,6,2,1,0,0,0,0,0,1,6.48552E+20,5.49582E+21,1.10557E+16,4.95967E+16
100830,9,4,72,167,2018,12,23,2,3,0,1,2,0,1,0,0,0,0,1,6.71337E+20,5.53204E+21,1.13867E+16,4.99162E+16
100831,9,1,72,128,2018,12,17,1,3,2,6,2,0,1,0,0,0,0,1,7.92229E+20,5.29726E+21,1.28999E+16,4.77624E+16
100832,9,1,82,133,2018,12,13,1,3,2,6,0,0,1,0,0,0,0,1,7.0751E+20,5.30598E+21,1.17751E+16,4.78736E+16
100833,9,6,78,192,2018,12,18,2,3,5,3,2,0,1,0,0,0,0,1,5.7498E+20,5.54639E+21,1.00476E+16,5.00651E+16
100834,9,1,76,129,2018,12,16,1,3,8,1,2,0,1,0,0,0,0,2,6.89365E+20,5.4077E+21,1.15785E+16,4.87935E+16
100835,9,4,71,145,2018,12,13,2,3,4,6,0,0,1,0,0,0,0,1,6.42997E+20,5.5203E+21,1.09879E+16,4.98181E+16
100836,9,1,76,161,2018,12,18,1,3,9,1,2,0,1,0,0,0,0,1,6.77277E+20,5.41364E+21,1.14166E+16,4.88504E+16
100837,9,3,71,116,2018,12,11,3,2,3,6,0,0,1,0,0,1,0,1,6.92428E+20,5.47851E+21,1.16539E+16,4.94288E+16
100838,9,1,81,145,2018,12,10,1,3,5,3,0,0,1,0,0,1,0,1,6.42299E+20,5.33447E+21,1.09131E+16,4.81475E+16
100839,9,1,74,150,2018,12,6,3,3,2,6,2,0,1,0,0,0,0,2,6.82191E+20,5.35979E+21,1.14599E+16,4.83649E+16
100840,9,1,81,121,2018,12,7,1,3,8,1,0,0,1,0,0,0,0,2,6.38803E+20,5.31416E+21,1.08595E+16,4.79657E+16
100841,9,5,64,0,2018,12,18,2,2,6,2,1,0,1,1,0,0,0,0,6.52209E+20,5.4813E+21,1.11007E+16,4.94652E+16
100842,9,3,77,129,2018,12,20,2,3,5,3,2,0,1,0,0,0,0,1,7.06671E+20,5.52765E+21,1.1876E+16,4.98655E+16
100843,9,1,79,136,2018,12,20,1,3,9,1,2,0,1,0,0,0,0,2,6.59451E+20,5.3397E+21,1.11455E+16,4.81905E+16
100844,9,1,84,119,2018,12,4,1,3,2,6,2,0,1,0,0,0,0,0,6.95688E+20,5.3456E+21,1.16353E+16,4.82334E+16
100845,9,3,75,180,2018,12,16,2,3,2,6,2,0,1,0,0,0,0,1,7.23066E+20,5.42727E+21,1.20474E+16,4.8958E+16
100846,9,1,78,144,2018,12,15,1,3,9,1,2,0,1,0,0,0,0,1,7.07478E+20,5.38223E+21,1.1812E+16,4.85588E+16
100847,9,1,75,112,2018,12,14,1,3,4,1,0,0,1,0,0,0,0,2,7.2351E+20,5.32171E+21,1.1997E+16,4.80096E+16
100848,9,2,74,111,2018,12,5,3,3,8,1,2,0,1,0,0,0,0,2,7.42997E+20,5.37952E+21,1.22911E+16,4.85217E+16
100849,9,1,75,112,2018,12,12,1,3,8,1,0,0,1,0,0,0,0,2,7.23693E+20,5.32114E+21,1.19991E+16,4.80044E+16
100850,9,1,75,115,2018,12,13,1,2,8,1,0,0,1,0,0,0,0,2,7.21869E+20,5.33296E+21,1.19809E+16,4.81113E+16
100851,9,1,62,0,2018,12,22,7,3,5,2,2,1,1,0,0,0,0,0,6.93329E+20,5.33147E+21,1.15972E+16,4.81071E+16
100852,9,2,62,0,2018,12,11,3,3,5,3,0,0,1,0,0,0,0,0,8.29981E+20,5.39017E+21,1.34743E+16,4.85776E+16
100853,9,7,78,123,2018,12,3,7,3,2,6,2,0,1,0,0,1,0,0,5.84044E+20,5.31487E+21,1.01263E+16,4.79816E+16
100854,9,1,78,124,2018,12,17,3,3,2,6,2,0,1,0,0,0,1,1,7.01105E+20,5.35787E+21,1.1714E+16,4.8342E+16
100855,9,7,75,129,2018,12,23,7,3,8,1,2,0,1,0,0,0,0,0,5.85077E+20,5.34236E+21,1.01456E+16,4.82287E+16
100856,9,3,73,112,2018,12,17,2,3,5,3,2,0,1,0,0,0,0,1,6.79147E+20,5.43997E+21,1.14536E+16,4.90865E+16
100857,9,7,75,129,2018,12,6,7,3,9,7,2,0,1,0,0,0,0,1,5.81883E+20,5.34246E+21,1.01026E+16,4.82301E+16
100858,9,7,78,116,2018,12,5,7,3,5,3,2,0,1,0,0,0,0,0,6.19882E+20,5.31751E+21,1.06071E+16,4.79996E+16
100859,9,7,80,139,2018,12,3,7,3,5,3,2,0,1,0,0,0,0,0,5.95067E+20,5.26406E+21,1.02628E+16,4.7523E+16
100860,9,7,80,133,2018,12,13,7,3,9,1,0,0,1,0,0,0,0,2,5.94968E+20,5.25174E+21,1.02589E+16,4.74122E+16
100861,9,2,74,126,2018,12,7,3,2,5,3,2,0,1,0,0,0,0,1,7.31929E+20,5.38675E+21,1.21454E+16,4.85909E+16
100862,9,7,80,133,2018,12,9,7,3,9,1,0,0,1,0,0,0,0,2,5.94571E+20,5.25224E+21,1.02537E+16,4.74168E+16
100863,9,7,63,0,2018,12,11,2,3,1,6,0,0,1,0,0,0,0,1,5.99334E+20,5.28759E+21,1.03249E+16,4.7734E+16
100864,9,7,77,131,2018,12,22,7,3,7,7,2,0,1,0,0,0,0,0,6.11175E+20,5.28301E+21,1.04816E+16,4.7691E+16
100865,9,7,75,152,2018,12,12,2,3,5,2,0,0,1,0,0,0,0,1,5.7716E+20,5.3536E+21,1.00411E+16,4.83309E+16
100866,9,7,76,116,2018,12,18,7,3,2,6,2,0,1,0,0,0,0,0,5.53251E+20,5.26945E+21,9.70808E+15,4.75762E+16
100867,9,3,73,114,2018,12,13,2,3,4,6,0,0,1,0,0,1,0,0,6.71708E+20,5.45674E+21,1.1359E+16,4.92393E+16
100868,9,7,72,184,2018,12,16,7,3,2,6,2,0,1,0,0,0,0,0,6.34914E+20,5.36245E+21,1.08228E+16,4.84008E+16
100869,9,6,62,0,2018,12,13,7,3,2,6,0,0,1,0,0,0,0,0,5.85486E+20,5.54174E+21,1.01934E+16,5.00219E+16
100870,9,6,74,149,2018,12,14,7,2,8,1,0,0,1,0,0,0,0,0,6.0837E+20,5.55085E+21,1.05153E+16,5.01E+16
100871,9,1,72,118,2018,12,14,3,2,5,2,0,1,1,0,0,0,0,0,7.9712E+20,5.3045E+21,1.297E+16,4.78252E+16
100872,9,6,73,161,2018,12,12,7,3,2,6,0,0,1,0,0,0,0,1,5.85208E+20,5.5734E+21,1.01966E+16,5.03066E+16
100873,9,6,79,156,2018,12,13,2,3,5,3,0,0,1,0,0,0,0,1,5.74101E+20,5.52264E+21,1.00308E+16,4.98516E+16
100874,9,6,76,160,2018,12,22,7,3,9,1,2,0,1,0,0,0,0,1,5.13213E+20,5.52931E+21,9.18405E+15,4.9916E+16
100875,9,3,61,0,2018,12,19,2,2,6,4,2,0,1,1,0,0,0,1,7.08683E+20,5.48018E+21,1.18786E+16,4.94384E+16
100876,9,5,76,151,2018,12,3,7,2,9,1,2,0,1,0,0,0,0,0,6.56197E+20,5.47116E+21,1.11517E+16,4.93731E+16
100877,9,3,75,180,2018,12,15,3,3,2,1,1,0,1,0,0,1,0,0,7.23938E+20,5.43038E+21,1.2061E+16,4.89857E+16
100878,9,5,76,127,2018,12,18,7,3,9,7,2,0,1,0,0,0,0,0,6.58813E+20,5.44871E+21,1.11788E+16,4.91706E+16
100879,9,2,76,146,2018,12,17,2,3,5,3,2,0,1,0,0,0,0,1,7.96989E+20,5.43149E+21,1.3058E+16,4.89649E+16
100880,9,5,73,130,2018,12,12,7,3,6,7,0,0,1,1,0,0,0,0,6.36603E+20,5.48548E+21,1.08869E+16,4.95065E+16
100881,9,4,76,178,2018,12,18,3,3,3,3,2,0,1,0,0,0,0,1,6.62601E+20,5.57501E+21,1.12834E+16,5.03047E+16
100882,9,5,75,165,2018,12,9,7,3,9,1,0,0,1,0,0,0,0,0,6.0419E+20,5.49553E+21,1.0442E+16,4.96033E+16
100883,9,1,61,0,2018,12,10,3,3,2,6,0,0,1,0,0,1,0,1,6.81361E+20,5.40222E+21,1.14672E+16,4.87465E+16
100884,9,5,75,155,2018,12,11,7,2,5,3,0,0,1,0,1,0,0,0,5.80713E+20,5.49699E+21,1.01175E+16,4.96201E+16
100885,9,6,71,157,2018,12,7,2,3,8,7,1,0,1,0,0,1,0,1,5.25861E+20,5.53514E+21,9.36061E+15,4.9968E+16
100886,9,2,78,123,2018,12,7,2,3,4,1,0,0,1,0,0,0,0,2,7.48643E+20,5.41404E+21,1.23881E+16,4.88295E+16
100887,9,4,75,175,2018,12,18,7,2,2,6,2,0,1,0,0,1,0,0,6.95965E+20,5.55796E+21,1.17426E+16,5.01415E+16
100888,9,2,63,0,2018,12,16,2,3,2,1,2,0,1,0,0,0,0,1,7.62005E+20,5.4208E+21,1.25742E+16,4.88847E+16
100889,9,5,71,165,2018,12,19,2,2,4,6,2,0,1,0,0,0,0,1,6.33023E+20,5.468E+21,1.08316E+16,4.93502E+16
100890,9,4,79,158,2018,12,20,7,2,8,1,2,0,1,0,0,0,0,1,7.25249E+20,5.55221E+21,1.21485E+16,5.00794E+16
100891,9,2,71,151,2018,12,20,3,3,7,7,2,0,1,0,0,0,0,1,7.86478E+20,5.41653E+21,1.29043E+16,4.88356E+16
100892,9,4,73,174,2018,12,5,7,3,1,5,2,0,1,0,0,0,0,1,6.52643E+20,5.56344E+21,1.1139E+16,5.02035E+16
100893,9,1,62,0,2018,12,9,3,3,2,6,0,0,1,0,0,0,0,1,6.95526E+20,5.34404E+21,1.16324E+16,4.82194E+16
100894,9,4,73,166,2018,12,13,7,3,5,3,0,0,1,0,0,0,0,0,6.51756E+20,5.56528E+21,1.11273E+16,5.02202E+16
100895,9,2,76,126,2018,12,10,2,3,5,3,0,0,1,0,0,0,0,1,8.06337E+20,5.42483E+21,1.31804E+16,4.89006E+16
100896,9,1,88,139,2018,12,17,3,2,6,4,2,0,1,1,0,0,0,1,6.7541E+20,5.31904E+21,1.13516E+16,4.80006E+16