OBJECTID_1,ULAND,UREGBEZ,UKREIS,UGEMEINDE,UJAHR,UMONAT,USTUNDE,UWOCHENTAG,UKATEGORIE,UART,UTYP1,ULICHTVERH,IstRad,IstPKW,IstFuss,IstKrad,IstGkfz,IstSonstig,STRZUSTAND,LINREFX,LINREFY,XGCSWGS84,YGCSWGS84
101264,9,7,61,0,2018,12,13,6,3,2,6,0,0,1,0,0,0,0,0,6.40285E+20,5.36401E+21,1.08959E+16,4.84136E+16
101265,9,7,71,130,2018,12,20,4,3,9,1,2,0,1,0,0,1,0,0,6.47408E+20,5.3628E+21,1.09916E+16,4.84011E+16
101266,9,4,76,183,2018,12,16,6,2,6,4,2,0,1,1,0,0,0,1,6.70516E+20,5.56931E+21,1.13919E+16,5.02513E+16
101267,9,5,62,0,2018,12,20,3,3,8,1,2,0,1,0,0,0,0,1,6.47022E+20,5.49138E+21,1.10329E+16,4.95572E+16
101268,9,1,83,129,2018,12,15,6,3,5,3,0,0,1,0,0,0,0,1,7.62723E+20,5.36474E+21,1.25484E+16,4.83811E+16
101269,9,5,74,138,2018,12,14,3,3,5,3,0,0,1,0,0,0,0,0,6.61575E+20,5.49125E+21,1.12339E+16,4.95523E+16
101270,9,1,84,148,2018,12,9,7,3,2,6,0,0,1,0,0,0,0,1,6.93476E+20,5.32815E+21,1.15976E+16,4.80772E+16
101271,9,1,82,120,2018,12,23,5,3,5,3,2,0,1,0,0,0,0,1,7.01872E+20,5.30631E+21,1.17E+16,4.78784E+16
101272,9,6,62,0,2018,12,13,5,3,2,6,0,0,1,0,0,0,0,1,5.86965E+20,5.54304E+21,1.02143E+16,5.00333E+16
101273,9,3,75,180,2018,12,13,6,3,2,6,0,0,1,0,0,0,0,0,7.26276E+20,5.42464E+21,1.20897E+16,4.89333E+16
101274,9,5,63,0,2018,12,16,3,3,5,2,1,0,1,0,0,0,0,1,6.43683E+20,5.48194E+21,1.09833E+16,4.94731E+16
101275,9,1,89,114,2018,12,12,5,3,2,2,0,0,1,0,0,0,0,1,7.66638E+20,5.31043E+21,1.25672E+16,4.78918E+16
101276,9,6,79,175,2018,12,7,5,3,8,1,1,0,1,0,0,0,0,1,5.71866E+20,5.51193E+21,9.99773E+15,4.97555E+16
101277,9,6,75,113,2018,12,7,6,2,0,1,2,0,1,0,0,0,0,1,5.76295E+20,5.51282E+21,1.00594E+16,4.9763E+16
101278,9,6,75,141,2018,12,17,4,3,2,6,1,0,1,0,0,0,0,0,5.8336E+20,5.51001E+21,1.01569E+16,4.97368E+16
101279,9,4,74,126,2018,12,20,6,2,2,6,2,0,1,0,0,1,0,1,6.48044E+20,5.5104E+21,1.10542E+16,4.97279E+16
101280,9,5,64,0,2018,12,14,3,3,2,6,0,0,1,0,0,0,0,1,6.52535E+20,5.47727E+21,1.11037E+16,4.9429E+16
101281,9,1,86,128,2018,12,22,6,3,8,1,2,0,1,0,0,0,0,1,6.77591E+20,5.38506E+21,1.14086E+16,4.85935E+16
101282,9,5,64,0,2018,12,9,3,3,2,6,0,0,1,0,0,0,0,1,6.48645E+20,5.48098E+21,1.10514E+16,4.94633E+16
101283,9,1,61,0,2018,12,18,7,3,4,2,2,0,1,0,0,0,0,1,6.78845E+20,5.40579E+21,1.14345E+16,4.87793E+16
101284,9,1,86,162,2018,12,12,5,3,8,1,0,0,1,0,0,0,0,1,6.97203E+20,5.38388E+21,1.16737E+16,4.8577E+16
101285,9,5,62,0,2018,12,16,6,3,2,6,2,0,1,0,0,0,0,1,6.39687E+20,5.49201E+21,1.09318E+16,4.95645E+16
101286,9,5,64,0,2018,12,6,5,3,5,3,2,0,1,0,0,0,0,1,6.50515E+20,5.46769E+21,1.10722E+16,4.93434E+16
101287,9,5,64,0,2018,12,19,4,3,5,3,2,0,1,0,0,0,0,1,6.4898E+20,5.47895E+21,1.10553E+16,4.9445E+16
101288,9,5,64,0,2018,12,5,3,3,5,2,2,1,1,0,0,0,0,1,6.49441E+20,5.47715E+21,1.1061E+16,4.94287E+16
101289,9,6,72,136,2018,12,5,6,2,4,1,2,0,1,0,0,0,0,1,5.80516E+20,5.56638E+21,1.01292E+16,5.02441E+16
101290,9,5,74,155,2018,12,2,4,3,9,1,2,0,1,0,0,0,0,1,6.69693E+20,5.49474E+21,1.13476E+16,4.95814E+16
101291,9,3,63,0,2018,12,14,6,3,2,6,0,0,1,0,0,0,0,1,7.2815E+20,5.50817E+21,1.2163E+16,4.96828E+16
101292,9,5,64,0,2018,12,15,3,3,2,6,0,0,1,0,0,0,0,0,6.46775E+20,5.48019E+21,1.10253E+16,4.94567E+16
101293,9,2,75,138,2018,12,9,5,3,8,1,0,0,1,0,0,0,0,2,8.10003E+20,5.38899E+21,1.32033E+16,4.85772E+16
101294,9,1,84,123,2018,12,7,5,3,2,6,2,0,1,0,0,0,0,1,7.02139E+20,5.33218E+21,1.17157E+16,4.81108E+16
101295,9,5,64,0,2018,12,15,3,3,0,3,0,1,1,0,0,0,0,0,6.53621E+20,5.47436E+21,1.11175E+16,4.94025E+16
101296,9,1,79,142,2018,12,17,7,3,5,3,2,0,1,0,0,0,0,1,6.7276E+20,5.34077E+21,1.13249E+16,4.81966E+16
101297,9,1,79,123,2018,12,12,5,3,5,2,0,0,1,0,0,0,0,0,6.77443E+20,5.33197E+21,1.13842E+16,4.81162E+16
101298,9,5,64,0,2018,12,10,6,3,0,7,0,0,1,1,0,0,0,1,6.52504E+20,5.48095E+21,1.11046E+16,4.9462E+16
101299,9,5,75,146,2018,12,13,4,3,8,1,0,0,1,0,0,0,0,1,5.9262E+20,5.49014E+21,1.02806E+16,4.95567E+16
101300,9,5,64,0,2018,12,10,3,3,0,7,0,0,0,0,0,0,1,1,6.47773E+20,5.47771E+21,1.10382E+16,4.94341E+16
101301,9,2,71,119,2018,12,18,6,3,2,6,2,0,1,0,0,0,0,1,7.92338E+20,5.4132E+21,1.29816E+16,4.8803E+16
101302,9,4,75,112,2018,12,18,3,3,6,4,2,0,1,1,0,0,0,1,6.87813E+20,5.58252E+21,1.16408E+16,5.03647E+16
101303,9,2,61,0,2018,12,12,5,3,2,6,0,0,1,0,0,0,0,1,7.32889E+20,5.3813E+21,1.21554E+16,4.85416E+16
101304,9,7,64,0,2018,12,12,5,3,2,6,0,0,1,0,0,0,0,0,5.88256E+20,5.31429E+21,1.01826E+16,4.79758E+16
101305,9,3,72,168,2018,12,14,3,3,4,6,0,0,1,0,0,0,0,1,7.66373E+20,5.46789E+21,1.26647E+16,4.93056E+16
101306,9,1,76,143,2018,12,17,4,3,6,4,2,0,1,1,0,0,0,0,6.80369E+20,5.40881E+21,1.14566E+16,4.88061E+16
101307,9,5,74,156,2018,12,9,6,3,6,4,0,0,1,1,0,0,0,1,6.59362E+20,5.48318E+21,1.12001E+16,4.94803E+16
101308,9,1,62,0,2018,12,18,3,3,2,6,2,0,1,0,0,0,0,0,6.9298E+20,5.32945E+21,1.15916E+16,4.80891E+16
101309,9,1,79,134,2018,12,19,3,3,0,1,2,0,1,0,0,0,0,1,6.66301E+20,5.34213E+21,1.12386E+16,4.82106E+16
101310,9,1,62,0,2018,12,14,5,3,2,6,0,0,1,0,0,0,0,0,6.87838E+20,5.33361E+21,1.15244E+16,4.8128E+16
101311,9,1,62,0,2018,12,19,7,3,3,6,2,0,1,0,1,0,0,1,6.97261E+20,5.33105E+21,1.16497E+16,4.81021E+16
101312,9,1,74,136,2018,12,11,3,3,8,1,0,0,1,0,0,0,0,0,6.83776E+20,5.36117E+21,1.14819E+16,4.83769E+16
101313,9,1,90,140,2018,12,21,5,2,9,1,2,0,1,0,0,0,0,2,6.46468E+20,5.29575E+21,1.09559E+16,4.77984E+16
101314,9,7,77,152,2018,12,7,1,3,0,1,1,0,1,0,0,0,0,2,6.2532E+20,5.30004E+21,1.06749E+16,4.78415E+16
101315,9,7,75,115,2018,12,11,6,3,2,6,0,0,1,0,0,0,0,0,5.82673E+20,5.34705E+21,1.01141E+16,4.82712E+16
101316,9,1,62,0,2018,12,16,2,3,0,6,2,0,1,0,0,0,1,1,6.99247E+20,5.33305E+21,1.16773E+16,4.81195E+16
101317,9,4,75,154,2018,12,23,3,2,8,1,2,0,1,0,0,0,0,1,6.96047E+20,5.56099E+21,1.17453E+16,5.01686E+16
101318,9,4,62,0,2018,12,11,6,3,4,2,0,0,1,0,0,0,0,0,6.84912E+20,5.53594E+21,1.15775E+16,4.99472E+16
101319,9,7,78,151,2018,12,5,2,3,8,7,2,0,1,0,0,0,0,1,5.9331E+20,5.31843E+21,1.02512E+16,4.80123E+16
101320,9,7,78,165,2018,12,8,2,2,2,6,1,1,0,0,0,1,0,1,5.84506E+20,5.30123E+21,1.01298E+16,4.78588E+16
101321,9,6,72,121,2018,12,16,5,3,2,6,1,0,1,0,0,0,0,1,5.70201E+20,5.54967E+21,9.98148E+15,5.00951E+16
101322,9,2,75,154,2018,12,15,2,2,8,1,0,0,1,0,0,0,0,1,8.03486E+20,5.39291E+21,1.31181E+16,4.86155E+16
101323,9,4,76,146,2018,12,19,7,3,2,7,2,0,1,0,0,0,0,1,6.62392E+20,5.56284E+21,1.12753E+16,5.01954E+16
101324,9,7,63,0,2018,12,21,2,2,9,6,2,0,1,0,0,0,0,1,5.99338E+20,5.28745E+21,1.03249E+16,4.77327E+16
101325,9,7,80,128,2018,12,9,2,3,8,1,0,0,1,0,0,0,0,2,6.09487E+20,5.27953E+21,1.04582E+16,4.76599E+16
101326,9,7,79,194,2018,12,18,5,3,5,3,2,0,1,0,0,0,0,0,6.11297E+20,5.41314E+21,1.05175E+16,4.88612E+16
101327,9,3,75,170,2018,12,18,2,3,8,1,2,0,1,0,0,0,0,1,7.37275E+20,5.42582E+21,1.22403E+16,4.89397E+16
101328,9,7,64,0,2018,12,18,4,2,6,4,2,0,1,1,0,0,0,1,5.87563E+20,5.31477E+21,1.01734E+16,4.79802E+16
101329,9,7,79,194,2018,12,10,7,3,5,3,0,0,1,0,0,0,0,1,6.0994E+20,5.41071E+21,1.04983E+16,4.88396E+16
101330,9,7,76,116,2018,12,13,2,3,2,6,0,0,1,0,0,0,0,0,5.51708E+20,5.26952E+21,9.68758E+15,4.7577E+16
101331,9,3,76,178,2018,12,11,7,3,5,3,0,0,1,0,0,0,0,1,7.53583E+20,5.47886E+21,1.24961E+16,4.94095E+16
101332,9,1,61,0,2018,12,11,5,3,4,6,0,0,1,0,0,0,0,0,6.76947E+20,5.40823E+21,1.14098E+16,4.88018E+16
101333,9,7,72,177,2018,12,6,1,3,6,4,2,0,1,1,0,0,0,1,6.37218E+20,5.37711E+21,1.08587E+16,4.85321E+16
101334,9,7,80,125,2018,12,14,6,3,2,6,0,0,1,0,0,0,0,0,5.99425E+20,5.29268E+21,1.03272E+16,4.77798E+16
101335,9,7,79,169,2018,12,19,2,3,5,3,2,0,1,0,0,0,0,1,6.37043E+20,5.39968E+21,1.08638E+16,4.87351E+16
101336,9,7,79,148,2018,12,15,2,3,8,1,0,0,1,0,0,0,0,0,6.29556E+20,5.41389E+21,1.07665E+16,4.88644E+16
101337,9,3,72,124,2018,12,11,6,2,4,6,0,0,1,0,0,0,0,1,7.82007E+20,5.4643E+21,1.28767E+16,4.92663E+16
101338,9,7,71,111,2018,12,12,2,3,2,6,0,0,1,0,0,1,0,0,6.57379E+20,5.35872E+21,1.11247E+16,4.8362E+16
101339,9,7,71,122,2018,12,14,2,3,2,6,0,0,1,0,0,0,0,1,6.54499E+20,5.36067E+21,1.10866E+16,4.83802E+16
101340,9,5,64,0,2018,12,22,5,2,5,3,2,0,1,0,0,0,0,0,6.53598E+20,5.47329E+21,1.11168E+16,4.93929E+16
101341,9,2,79,130,2018,12,20,2,3,3,6,2,0,1,0,0,0,0,0,7.48938E+20,5.39156E+21,1.23786E+16,4.86275E+16
101342,9,2,63,0,2018,12,21,7,3,0,1,2,1,0,0,0,0,0,1,7.633E+20,5.42076E+21,1.25918E+16,4.88838E+16
101343,9,7,61,0,2018,12,13,2,3,5,3,0,1,1,0,0,0,0,0,6.40838E+20,5.36048E+21,1.09021E+16,4.83818E+16
101344,9,1,62,0,2018,12,11,4,3,0,7,0,0,0,0,0,0,1,0,6.9211E+20,5.34207E+21,1.15856E+16,4.82028E+16
101345,9,2,76,115,2018,12,6,1,3,4,6,1,0,1,0,0,0,0,2,8.02141E+20,5.44946E+21,1.31416E+16,4.91236E+16
101346,9,6,78,134,2018,12,13,6,1,4,1,0,0,0,0,0,1,0,0,5.97507E+20,5.52747E+21,1.03575E+16,4.98917E+16
101347,9,7,71,113,2018,12,12,2,1,4,6,0,0,1,0,0,0,0,1,6.6033E+20,5.36629E+21,1.11674E+16,4.84294E+16
101348,9,1,74,135,2018,12,16,5,3,8,1,2,0,1,0,0,0,0,2,6.64701E+20,5.3525E+21,1.12211E+16,4.83042E+16
101349,9,3,73,147,2018,12,2,1,3,3,6,2,0,1,0,0,0,0,1,6.84048E+20,5.46523E+21,1.15323E+16,4.9312E+16
101350,9,7,72,147,2018,12,13,6,3,2,6,0,0,1,0,0,0,0,0,6.35958E+20,5.36464E+21,1.08376E+16,4.84203E+16
101351,9,6,79,142,2018,12,13,2,2,4,1,0,0,1,0,0,0,0,1,5.65009E+20,5.52348E+21,9.90448E+15,4.98602E+16
101352,9,6,75,127,2018,12,3,2,3,5,3,2,0,1,0,0,0,0,1,6.06097E+20,5.51281E+21,1.04731E+16,4.97584E+16
101353,9,1,83,128,2018,12,16,6,3,3,2,2,1,1,0,0,0,0,0,7.61529E+20,5.34968E+21,1.2523E+16,4.82463E+16
101354,9,6,75,174,2018,12,13,2,3,8,1,0,0,1,0,0,0,0,1,5.83693E+20,5.52449E+21,1.01646E+16,4.9867E+16
101355,9,2,78,134,2018,12,20,1,2,8,1,2,0,1,0,0,0,0,1,7.70694E+20,5.43427E+21,1.27014E+16,4.90019E+16
101356,9,6,77,114,2018,12,14,2,3,1,6,0,0,1,0,0,0,0,1,5.6935E+20,5.5367E+21,9.96725E+15,4.99786E+16
101357,9,4,74,126,2018,12,12,5,3,2,6,0,0,1,0,0,0,0,0,6.51044E+20,5.5091E+21,1.10953E+16,4.97154E+16
101358,9,1,84,148,2018,12,18,2,3,8,1,2,0,1,0,0,0,0,1,6.95817E+20,5.32746E+21,1.16287E+16,4.80703E+16
101359,9,1,89,119,2018,12,14,7,2,4,6,0,0,1,0,0,0,0,0,7.64747E+20,5.30525E+21,1.25388E+16,4.7846E+16
101360,9,6,78,193,2018,12,11,2,3,2,6,0,0,1,0,0,0,0,1,5.76652E+20,5.53819E+21,1.00694E+16,4.99911E+16
101361,9,1,71,132,2018,12,19,4,3,1,6,2,0,1,0,0,0,0,0,7.67875E+20,5.35198E+21,1.26098E+16,4.82643E+16
101362,9,6,71,135,2018,12,16,6,2,5,3,1,0,1,0,0,0,0,1,5.20196E+20,5.55077E+21,9.28244E+15,5.01088E+16
101363,9,6,72,117,2018,12,9,2,2,8,1,0,0,1,0,0,0,0,1,5.70456E+20,5.56733E+21,9.98832E+15,5.02539E+16
101364,9,6,78,115,2018,12,14,2,2,3,2,0,1,1,0,0,0,0,0,5.84573E+20,5.54002E+21,1.01803E+16,5.00065E+16
101365,9,1,78,123,2018,12,12,6,3,2,6,0,0,1,0,0,0,0,0,6.92247E+20,5.36108E+21,1.15961E+16,4.83736E+16
101366,9,1,81,130,2018,12,20,1,3,2,6,2,0,1,0,0,0,0,1,6.3655E+20,5.32306E+21,1.08322E+16,4.80462E+16
101367,9,6,76,133,2018,12,13,2,3,6,4,0,0,1,1,0,0,0,0,5.11975E+20,5.52504E+21,9.16667E+15,4.98776E+16
101368,9,2,73,166,2018,12,7,5,3,5,3,1,0,1,0,0,1,0,1,7.13437E+20,5.41676E+21,1.19105E+16,4.8867E+16
101369,9,7,80,128,2018,12,7,1,3,8,1,1,0,1,0,0,0,0,2,6.06534E+20,5.27975E+21,1.04189E+16,4.76624E+16
101370,9,6,71,160,2018,12,14,2,3,9,1,0,0,1,0,0,0,0,1,5.2672E+20,5.52616E+21,9.37196E+15,4.98872E+16
101371,9,1,61,0,2018,12,17,6,2,4,6,2,0,1,0,0,0,0,1,6.79671E+20,5.40014E+21,1.14433E+16,4.87284E+16
101372,9,1,73,135,2018,12,11,1,3,8,1,0,0,1,0,0,0,0,1,6.93171E+20,5.27513E+21,1.15699E+16,4.76008E+16
101373,9,5,74,141,2018,12,16,2,3,2,6,2,0,1,0,0,1,0,1,6.6778E+20,5.49016E+21,1.13192E+16,4.95408E+16
101374,9,3,75,179,2018,12,17,5,3,5,2,2,0,1,0,0,0,0,0,7.32351E+20,5.42911E+21,1.21751E+16,4.89712E+16
101375,9,1,75,123,2018,12,16,2,3,0,3,2,0,1,0,0,0,0,1,7.25597E+20,5.33632E+21,1.20326E+16,4.81401E+16
101376,9,1,87,176,2018,12,4,7,3,9,1,2,0,1,0,0,0,0,1,7.37487E+20,5.33277E+21,1.21902E+16,4.81038E+16
101377,9,5,76,121,2018,12,9,2,2,9,1,0,0,0,0,1,0,0,1,6.48141E+20,5.45132E+21,1.10335E+16,4.91968E+16
101378,9,2,78,134,2018,12,11,7,3,2,6,0,0,1,0,0,0,0,1,7.70566E+20,5.43134E+21,1.26977E+16,4.89756E+16
101379,9,1,81,114,2018,12,15,4,2,1,2,0,1,1,0,0,0,0,0,6.56426E+20,5.31278E+21,1.1095E+16,4.79492E+16
101380,9,5,73,134,2018,12,12,6,3,4,6,0,0,1,0,0,0,0,0,6.39691E+20,5.47701E+21,1.09265E+16,4.94297E+16
101381,9,5,64,0,2018,12,11,2,3,6,4,0,0,1,1,0,0,0,0,6.52337E+20,5.48206E+21,1.11028E+16,4.94721E+16
101382,9,5,77,161,2018,12,5,2,2,5,3,2,0,1,0,0,0,0,1,6.45454E+20,5.44168E+21,1.09931E+16,4.91108E+16
101383,9,7,77,175,2018,12,16,5,3,5,3,2,0,1,0,0,0,0,1,6.12242E+20,5.29219E+21,1.04981E+16,4.77733E+16
101384,9,7,78,116,2018,12,23,4,3,8,1,2,0,1,0,0,0,0,2,6.18469E+20,5.32165E+21,1.05893E+16,4.80371E+16
101385,9,1,62,0,2018,12,15,7,3,0,6,0,0,0,0,0,0,1,0,6.8464E+20,5.32912E+21,1.14795E+16,4.80886E+16
101386,9,4,75,154,2018,12,15,2,3,9,1,1,0,1,0,0,0,0,1,6.97972E+20,5.56463E+21,1.17742E+16,5.02007E+16
101387,9,2,72,129,2018,12,11,7,3,5,3,0,0,1,0,0,0,1,1,8.44554E+20,5.40998E+21,1.36877E+16,4.87474E+16
101388,9,1,73,112,2018,12,17,5,3,2,6,2,0,1,0,0,0,0,0,6.9137E+20,5.29224E+21,1.15535E+16,4.77551E+16
101389,9,7,77,153,2018,12,9,1,3,9,1,0,0,1,0,0,0,0,2,6.1046E+20,5.27471E+21,1.04699E+16,4.76164E+16
101390,9,7,75,152,2018,12,12,6,3,1,6,0,0,1,0,0,0,0,0,5.76764E+20,5.35385E+21,1.00358E+16,4.83332E+16
101391,9,4,75,120,2018,12,13,2,3,5,3,0,0,1,0,0,0,0,1,7.09678E+20,5.57523E+21,1.19438E+16,5.02918E+16
101392,9,4,63,0,2018,12,17,3,3,1,5,2,0,1,0,0,0,0,0,6.39376E+20,5.57028E+21,1.09557E+16,5.02682E+16
101393,9,7,75,129,2018,12,11,4,3,2,6,0,0,1,0,0,0,0,0,5.83107E+20,5.34373E+21,1.01193E+16,4.82413E+16
101394,9,1,75,118,2018,12,21,7,3,8,1,2,0,1,0,0,0,0,1,7.15677E+20,5.33994E+21,1.19013E+16,4.81761E+16
101395,9,4,64,0,2018,12,10,2,3,3,2,0,0,1,0,0,0,0,1,7.06981E+20,5.57736E+21,1.19072E+16,5.0312E+16
101396,9,6,73,117,2018,12,12,3,2,9,1,0,0,1,0,0,0,0,1,5.72531E+20,5.58188E+21,1.00202E+16,5.03845E+16
101397,9,4,64,0,2018,12,11,6,3,4,2,0,0,1,0,0,0,0,0,7.08423E+20,5.57766E+21,1.19276E+16,5.03141E+16
101398,9,4,72,121,2018,12,21,2,3,8,1,2,0,1,0,0,0,0,1,6.96385E+20,5.54733E+21,1.1743E+16,5.00459E+16
101399,9,4,71,145,2018,12,14,2,3,8,3,0,0,1,0,0,0,0,1,6.42165E+20,5.51938E+21,1.0976E+16,4.981E+16
101400,9,7,61,0,2018,12,12,5,3,2,1,0,0,1,0,0,0,0,0,6.41018E+20,5.35703E+21,1.09034E+16,4.83507E+16
101401,9,3,76,147,2018,12,11,2,3,1,6,0,0,1,0,0,0,0,1,7.45655E+20,5.4717E+21,1.23825E+16,4.93485E+16
101402,9,7,80,139,2018,12,16,4,3,8,6,2,0,1,0,0,0,0,1,5.95482E+20,5.26409E+21,1.02684E+16,4.75232E+16
101403,9,6,63,0,2018,12,18,7,3,4,2,2,0,1,0,0,0,0,1,5.67756E+20,5.51323E+21,9.94091E+15,4.97677E+16
101404,9,3,74,124,2018,12,15,2,3,3,6,0,0,1,0,0,0,0,0,7.13171E+20,5.51134E+21,1.19573E+16,4.97168E+16
101405,9,1,62,0,2018,12,13,5,2,5,6,0,0,1,0,0,0,0,0,6.81107E+20,5.34001E+21,1.14368E+16,4.81875E+16
101406,9,5,74,112,2018,12,5,1,3,8,1,2,0,1,0,0,0,0,1,6.77148E+20,5.47666E+21,1.14425E+16,4.94168E+16
101407,9,7,63,0,2018,12,20,6,2,5,3,2,0,1,0,0,0,0,1,5.9832E+20,5.28644E+21,1.03111E+16,4.77239E+16
101408,9,2,71,125,2018,12,5,2,3,2,1,2,0,1,0,0,0,0,1,7.97231E+20,5.40967E+21,1.30455E+16,4.87689E+16
101409,9,2,75,122,2018,12,17,2,3,1,2,2,0,1,0,0,0,0,1,8.20548E+20,5.3843E+21,1.33423E+16,4.85298E+16
101410,9,2,71,152,2018,12,10,6,3,0,7,0,0,1,0,0,1,0,0,7.85597E+20,5.39918E+21,1.28803E+16,4.86802E+16
101411,9,2,75,128,2018,12,3,2,3,2,6,2,0,1,0,0,0,0,1,8.28957E+20,5.40421E+21,1.34716E+16,4.87041E+16
101412,9,2,75,145,2018,12,10,2,3,8,1,0,0,1,0,0,0,0,0,8.19251E+20,5.37257E+21,1.33158E+16,4.84252E+16
101413,9,5,64,0,2018,12,17,5,3,5,3,2,1,1,0,0,0,0,0,6.55722E+20,5.48131E+21,1.11491E+16,4.94644E+16
101414,9,1,73,135,2018,12,8,2,2,9,1,0,0,1,0,0,0,0,2,6.94135E+20,5.28171E+21,1.15856E+16,4.76597E+16
101415,9,3,63,0,2018,12,18,6,3,5,3,2,0,1,0,0,0,0,1,7.27298E+20,5.50583E+21,1.21498E+16,4.96621E+16
101416,9,2,72,136,2018,12,13,2,2,4,3,0,0,1,0,0,0,0,0,8.49334E+20,5.40959E+21,1.37522E+16,4.87412E+16
101417,9,2,73,181,2018,12,17,2,3,8,1,2,0,1,0,0,0,0,1,7.12875E+20,5.39985E+21,1.18941E+16,4.87153E+16
101418,9,6,76,121,2018,12,16,5,3,5,2,0,0,1,0,0,0,0,0,5.11355E+20,5.52036E+21,9.1579E+15,4.98355E+16
101419,9,2,74,126,2018,12,12,2,3,4,2,0,0,1,0,0,0,0,1,7.33008E+20,5.38614E+21,1.21597E+16,4.8585E+16
101420,9,4,74,121,2018,12,20,7,3,8,1,2,0,1,0,0,0,0,1,6.5572E+20,5.5192E+21,1.11642E+16,4.9805E+16
101421,9,2,73,147,2018,12,12,2,3,2,7,0,0,1,0,0,0,0,1,7.03805E+20,5.39028E+21,1.17662E+16,4.86324E+16
101422,9,1,78,150,2018,12,11,5,3,2,6,0,0,1,0,0,0,0,0,6.91361E+20,5.3711E+21,1.15887E+16,4.84639E+16
101423,9,3,72,178,2018,12,10,1,2,4,6,0,0,1,0,0,0,0,2,8.02157E+20,5.45151E+21,1.31434E+16,4.91419E+16
101424,9,6,63,0,2018,12,17,6,3,2,6,2,0,1,0,0,0,0,0,5.67118E+20,5.51149E+21,9.93176E+15,4.97522E+16
101425,9,2,61,0,2018,12,7,2,3,5,3,1,0,1,0,0,0,0,1,7.31822E+20,5.38119E+21,1.21409E+16,4.85409E+16
101426,9,1,73,133,2018,12,22,2,3,8,1,2,0,1,0,0,0,0,1,6.76697E+20,5.27805E+21,1.13521E+16,4.76317E+16
101427,9,1,87,170,2018,12,14,6,3,8,1,0,1,0,0,0,0,0,1,7.33515E+20,5.31932E+21,1.21296E+16,4.79845E+16
101428,9,2,75,151,2018,12,2,1,3,9,1,2,0,1,0,0,0,0,2,8.18543E+20,5.3974E+21,1.33253E+16,4.86484E+16
101429,9,1,89,133,2018,12,16,2,3,7,7,1,0,1,0,0,0,0,1,7.58356E+20,5.32098E+21,1.2463E+16,4.79899E+16
101430,9,7,80,143,2018,12,11,4,3,7,3,0,0,1,0,0,0,0,0,5.97962E+20,5.28173E+21,1.03052E+16,4.76815E+16
101431,9,1,84,141,2018,12,14,4,3,2,6,0,0,1,0,0,0,0,0,6.97709E+20,5.31764E+21,1.16496E+16,4.79814E+16
101432,9,3,77,157,2018,12,16,5,1,4,6,2,0,1,0,0,0,0,1,7.18444E+20,5.54011E+21,1.20466E+16,4.99733E+16
101433,9,1,87,117,2018,12,10,2,3,6,4,0,0,1,1,0,0,0,1,7.25742E+20,5.30525E+21,1.20182E+16,4.78609E+16
101434,9,1,72,128,2018,12,19,7,3,4,2,2,0,1,0,0,0,0,1,7.92636E+20,5.29785E+21,1.29057E+16,4.77675E+16
101435,9,1,89,140,2018,12,15,2,3,9,1,0,0,1,0,0,0,0,1,7.70005E+20,5.2883E+21,1.25984E+16,4.76916E+16
101436,9,1,86,152,2018,12,14,4,1,8,1,0,0,1,0,0,0,0,0,6.91464E+20,5.37997E+21,1.15942E+16,4.85436E+16
101437,9,5,74,138,2018,12,15,6,3,5,3,0,0,1,0,0,0,0,0,6.67091E+20,5.48751E+21,1.13086E+16,4.95172E+16
101438,9,1,80,122,2018,12,14,7,3,2,6,0,0,1,0,0,0,0,0,6.66896E+20,5.26194E+21,1.12156E+16,4.74895E+16
101439,9,1,72,122,2018,12,5,2,3,7,7,2,0,1,0,0,0,0,1,7.88847E+20,5.31285E+21,1.28653E+16,4.79038E+16
101440,9,1,90,141,2018,12,20,4,3,0,1,2,1,0,0,0,0,0,1,6.7898E+20,5.29288E+21,1.13886E+16,4.77644E+16
101441,9,6,73,162,2018,12,12,6,3,8,1,1,0,1,0,0,0,0,1,5.72016E+20,5.57718E+21,1.00121E+16,5.03423E+16
101442,9,1,87,156,2018,12,21,2,3,0,6,2,1,1,0,0,0,0,1,7.35564E+20,5.29384E+21,1.21432E+16,4.77549E+16
101443,9,1,86,147,2018,12,16,2,2,9,1,0,0,1,0,0,0,0,1,6.84401E+20,5.39433E+21,1.1505E+16,4.86748E+16
101444,9,1,76,114,2018,12,19,6,3,6,1,2,0,1,1,0,0,0,0,6.79345E+20,5.43673E+21,1.14549E+16,4.90573E+16
101445,9,1,63,0,2018,12,21,1,3,5,3,2,0,1,0,0,0,0,1,7.33964E+20,5.30479E+21,1.21278E+16,4.78538E+16
101446,9,1,86,151,2018,12,12,2,3,0,1,0,1,0,0,0,0,0,1,6.81886E+20,5.37647E+21,1.1463E+16,4.8515E+16
101447,9,7,71,122,2018,12,10,4,2,4,2,0,0,1,0,0,0,0,0,6.53577E+20,5.36155E+21,1.10745E+16,4.83884E+16