OBJECTID_1,ULAND,UREGBEZ,UKREIS,UGEMEINDE,UJAHR,UMONAT,USTUNDE,UWOCHENTAG,UKATEGORIE,UART,UTYP1,ULICHTVERH,IstRad,IstPKW,IstFuss,IstKrad,IstGkfz,IstSonstig,STRZUSTAND,LINREFX,LINREFY,XGCSWGS84,YGCSWGS84
101631,9,1,78,124,2018,12,19,7,3,2,6,2,0,1,0,0,0,0,1,7.0381E+20,5.36182E+21,1.17524E+16,4.83766E+16
101632,9,5,76,151,2018,12,13,7,3,0,1,0,0,0,0,1,0,0,0,6.53139E+20,5.4678E+21,1.11083E+16,4.93436E+16
101633,9,5,75,118,2018,12,17,3,3,5,3,2,0,1,0,0,0,0,0,6.17413E+20,5.49549E+21,1.06249E+16,4.96006E+16
101634,9,4,78,127,2018,12,16,6,1,4,6,2,0,1,0,0,0,0,1,6.54884E+20,5.55755E+21,1.1168E+16,5.015E+16
101635,9,5,74,147,2018,12,17,7,3,8,1,2,0,1,0,0,0,0,1,6.79917E+20,5.48862E+21,1.14861E+16,4.95234E+16
101636,9,5,64,0,2018,12,10,7,3,3,6,0,0,1,0,0,1,0,1,6.49548E+20,5.47837E+21,1.10629E+16,4.94396E+16
101637,9,6,75,174,2018,12,8,5,3,2,2,0,0,1,0,0,0,0,0,5.88063E+20,5.52379E+21,1.02252E+16,4.986E+16
101638,9,3,71,127,2018,12,18,2,3,2,6,2,0,1,0,0,0,0,1,7.12974E+20,5.49189E+21,1.1944E+16,4.95422E+16
101639,9,5,71,180,2018,12,15,7,3,5,3,0,1,1,0,0,0,0,1,6.34998E+20,5.46191E+21,1.08567E+16,4.9295E+16
101640,9,5,64,0,2018,12,18,7,3,2,6,2,0,1,0,0,0,0,0,6.49452E+20,5.47714E+21,1.10611E+16,4.94286E+16
101641,9,7,71,129,2018,12,10,5,3,2,6,0,0,1,0,0,0,0,0,6.59988E+20,5.35605E+21,1.11589E+16,4.83374E+16
101642,9,5,71,188,2018,12,6,1,3,8,1,2,0,1,0,0,0,0,1,5.89658E+20,5.47953E+21,1.02373E+16,4.94618E+16
101643,9,7,80,134,2018,12,12,6,3,2,6,0,0,1,0,0,0,0,0,5.95389E+20,5.25947E+21,1.02661E+16,4.74817E+16
101644,9,5,71,145,2018,12,8,7,3,8,1,0,0,1,0,0,1,0,1,5.92165E+20,5.453E+21,1.02658E+16,4.92229E+16
101645,9,5,71,125,2018,12,22,7,2,9,1,2,0,1,0,0,0,0,1,5.93509E+20,5.46417E+21,1.02868E+16,4.93231E+16
101646,9,2,78,154,2018,12,16,6,3,2,2,2,0,1,0,0,0,0,1,7.73958E+20,5.43102E+21,1.27438E+16,4.89713E+16
101647,9,4,79,158,2018,12,9,7,2,8,1,0,0,1,0,0,0,0,1,7.21864E+20,5.55089E+21,1.21004E+16,5.00689E+16
101648,9,7,78,115,2018,12,21,6,3,5,2,2,0,1,0,0,0,0,1,5.93545E+20,5.33312E+21,1.02576E+16,4.81445E+16
101649,9,4,75,169,2018,12,11,7,2,9,1,0,0,1,0,0,0,0,1,6.86343E+20,5.57448E+21,1.16162E+16,5.02929E+16
101650,9,3,72,154,2018,12,15,3,2,9,1,0,0,1,0,0,0,0,0,7.5657E+20,5.47213E+21,1.25328E+16,4.93478E+16
101651,9,3,74,165,2018,12,14,6,2,5,3,0,0,1,0,0,0,0,0,7.39497E+20,5.50787E+21,1.23198E+16,4.96757E+16
101652,9,4,79,152,2018,12,16,7,2,5,3,2,0,1,0,0,0,0,1,7.22011E+20,5.56192E+21,1.21089E+16,5.01679E+16
101653,9,4,64,0,2018,12,17,7,3,4,2,2,0,1,0,0,0,0,1,7.07772E+20,5.57665E+21,1.19179E+16,5.03053E+16
101654,9,5,74,123,2018,12,10,5,3,9,6,0,0,1,0,0,0,0,0,6.62793E+20,5.48121E+21,1.12466E+16,4.94617E+16
101655,9,2,79,122,2018,12,16,2,3,0,1,1,0,0,0,1,0,0,1,7.71785E+20,5.39785E+21,1.26922E+16,4.86744E+16
101656,9,3,71,116,2018,12,23,7,3,8,1,2,0,1,0,0,0,0,2,6.87742E+20,5.476E+21,1.15881E+16,4.94077E+16
101657,9,4,73,159,2018,12,18,7,3,2,6,2,0,1,0,0,0,0,1,6.47202E+20,5.5749E+21,1.10673E+16,5.03078E+16
101658,9,1,78,155,2018,12,14,5,3,2,6,0,0,1,0,0,0,0,0,7.16304E+20,5.37432E+21,1.19274E+16,4.84848E+16
101659,9,2,78,190,2018,12,6,1,3,9,6,2,0,1,0,0,1,0,1,7.64362E+20,5.42751E+21,1.26106E+16,4.8944E+16
101660,9,6,63,0,2018,12,11,6,3,4,1,0,0,1,0,0,0,1,0,5.67782E+20,5.51378E+21,9.94137E+15,4.97727E+16
101661,9,4,77,124,2018,12,19,7,2,8,1,2,0,1,0,0,0,0,1,6.71494E+20,5.54612E+21,1.13952E+16,5.00427E+16
101662,9,3,63,0,2018,12,23,7,3,5,3,2,0,1,0,0,0,0,1,7.27908E+20,5.50749E+21,1.21592E+16,4.96768E+16
101663,9,1,87,159,2018,12,13,6,1,5,3,0,1,1,0,0,0,0,0,7.31895E+20,5.32612E+21,1.21116E+16,4.80462E+16
101664,9,2,73,113,2018,12,5,1,3,9,1,2,0,1,0,0,0,0,1,7.00788E+20,5.39378E+21,1.1727E+16,4.86648E+16
101665,9,3,74,128,2018,12,18,7,3,4,6,2,0,1,0,0,0,0,1,7.25855E+20,5.51833E+21,1.21371E+16,4.97749E+16
101666,9,1,84,122,2018,12,18,4,3,6,2,2,0,1,1,0,0,0,1,6.88043E+20,5.32377E+21,1.15228E+16,4.80395E+16
101667,9,3,74,166,2018,12,9,5,3,8,1,0,0,1,0,0,0,0,1,7.11026E+20,5.50349E+21,1.19234E+16,4.9647E+16
101668,9,1,76,138,2018,12,9,2,3,1,6,0,0,1,0,0,0,0,1,6.76295E+20,5.42658E+21,1.14088E+16,4.8967E+16
101669,9,1,72,128,2018,12,11,7,3,4,2,0,0,1,0,0,0,0,1,7.92637E+20,5.29785E+21,1.29058E+16,4.77675E+16
101670,9,3,77,132,2018,12,17,7,3,8,1,2,0,1,0,0,0,0,1,7.22137E+20,5.52772E+21,1.20909E+16,4.98607E+16
101671,9,5,71,169,2018,12,20,5,2,1,5,2,0,1,0,0,1,0,1,5.84864E+20,5.46443E+21,1.01679E+16,4.93267E+16
101672,9,1,89,114,2018,12,13,2,3,9,1,0,0,1,0,0,0,0,2,7.67653E+20,5.31394E+21,1.2583E+16,4.79229E+16
101673,9,1,72,112,2018,12,15,7,3,2,6,0,0,1,0,0,0,0,0,7.8682E+20,5.30292E+21,1.28316E+16,4.78156E+16
101674,9,3,72,170,2018,12,14,7,2,4,6,0,0,1,0,0,0,0,1,7.48632E+20,5.45482E+21,1.2413E+16,4.91957E+16
101675,9,1,80,117,2018,12,20,4,3,5,3,2,0,1,0,0,0,0,0,6.56522E+20,5.26179E+21,1.10779E+16,4.74907E+16
101676,9,6,76,139,2018,12,9,6,3,0,1,0,0,1,0,0,0,0,1,5.15991E+20,5.50397E+21,9.2217E+15,4.96881E+16
101677,9,3,73,126,2018,12,15,7,2,9,1,0,0,1,0,0,0,0,0,6.67359E+20,5.45611E+21,1.1299E+16,4.92349E+16
101678,9,3,73,147,2018,12,7,7,2,4,3,2,0,1,0,0,0,0,1,6.78091E+20,5.4597E+21,1.14479E+16,4.92641E+16
101679,9,1,62,0,2018,12,22,6,3,9,1,2,0,1,0,0,0,0,1,6.78851E+20,5.33335E+21,1.14037E+16,4.81283E+16
101680,9,1,86,143,2018,12,3,1,3,8,1,2,0,1,0,0,0,0,1,6.85413E+20,5.37741E+21,1.15111E+16,4.85224E+16
101681,9,3,72,178,2018,12,8,7,3,3,2,0,0,1,0,0,0,0,1,7.99353E+20,5.45554E+21,1.3108E+16,4.91796E+16
101682,9,2,77,116,2018,12,0,5,3,9,1,2,0,1,0,0,0,0,1,7.78921E+20,5.36689E+21,1.27682E+16,4.83934E+16
101683,9,1,62,0,2018,12,17,1,3,2,6,2,0,1,0,0,0,0,1,6.94845E+20,5.33252E+21,1.1618E+16,4.81161E+16
101684,9,1,74,135,2018,12,12,7,3,0,6,0,0,1,0,0,0,0,0,6.63074E+20,5.35345E+21,1.11995E+16,4.83132E+16
101685,9,3,71,131,2018,12,11,7,3,8,1,0,0,1,0,0,0,0,1,6.9384E+20,5.47823E+21,1.16732E+16,4.94259E+16
101686,9,2,74,126,2018,12,0,7,3,2,6,2,0,1,0,0,0,0,1,7.33566E+20,5.38325E+21,1.21656E+16,4.85588E+16
101687,9,7,75,139,2018,12,15,3,2,9,1,0,0,0,0,1,0,0,0,5.8275E+20,5.36848E+21,1.01194E+16,4.8464E+16
101688,9,4,75,162,2018,12,10,6,3,5,2,0,0,1,0,0,0,0,0,7.152E+20,5.56986E+21,1.20182E+16,5.02417E+16
101689,7,3,15,0,2018,1,14,3,3,4,6,0,0,1,0,0,0,0,0,4.40822E+20,5.5402E+21,8.17407E+15,5.00112E+16
101690,7,2,11,0,2018,1,4,1,3,8,1,2,0,1,0,0,0,0,1,3.28988E+20,5.51002E+21,6.62752E+15,4.97183E+16
101691,7,3,38,25,2018,1,6,6,2,5,2,2,0,1,0,0,0,0,1,4.57724E+20,5.47087E+21,8.41746E+15,4.93891E+16
101692,7,1,37,68,2018,1,16,5,3,1,2,2,0,1,0,1,0,0,1,3.74132E+20,5.57577E+21,7.23188E+15,5.03206E+16
101693,7,1,38,41,2018,1,14,3,3,0,1,0,0,0,0,1,0,0,1,3.79792E+20,5.60578E+21,7.30172E+15,5.05916E+16
101694,7,3,31,36,2018,1,14,7,3,9,1,0,0,1,0,0,0,0,1,4.42829E+20,5.50567E+21,8.20717E+15,4.97008E+16
101695,7,1,32,6,2018,1,15,6,3,1,6,0,0,1,0,0,0,0,1,4.20284E+20,5.62577E+21,7.86932E+15,5.07782E+16
101696,7,2,35,95,2018,1,22,6,3,4,1,2,0,1,0,0,0,0,1,3.16159E+20,5.50338E+21,6.45283E+15,4.96549E+16
101697,9,5,75,153,2018,12,10,2,3,2,6,0,0,1,0,0,0,0,1,6.14727E+20,5.49295E+21,1.0587E+16,4.95782E+16
101698,7,3,14,0,2018,1,4,4,3,5,3,2,0,1,0,0,0,0,1,4.56146E+20,5.47833E+21,8.39489E+15,4.9456E+16
101699,7,3,37,7,2018,1,11,2,3,8,1,0,0,1,0,0,0,0,1,4.34395E+20,5.44347E+21,8.10051E+15,4.91405E+16
101700,7,1,32,113,2018,1,11,7,3,2,2,0,0,1,0,0,0,0,0,4.24276E+20,5.61976E+21,7.92716E+15,5.07247E+16
101701,7,1,37,224,2018,1,19,6,3,2,6,2,0,1,0,0,0,0,0,4.01616E+20,5.58137E+21,7.61636E+15,5.03762E+16
101702,7,2,11,0,2018,1,18,4,3,5,2,2,0,1,0,0,0,0,1,3.28427E+20,5.51253E+21,6.61863E+15,4.97408E+16
101703,7,2,33,50,2018,1,5,4,3,0,7,2,0,1,0,0,0,0,1,3.38695E+20,5.56467E+21,6.73917E+15,5.02122E+16
101704,7,1,37,86,2018,1,18,7,2,4,2,2,0,1,1,0,0,1,1,3.85613E+20,5.57876E+21,7.39217E+15,5.03498E+16
101705,7,3,32,24,2018,1,16,5,3,2,6,2,0,1,0,0,0,0,1,4.39379E+20,5.48976E+21,8.1618E+15,4.95574E+16
101706,7,1,31,70,2018,1,17,4,3,0,1,1,1,1,0,0,0,0,0,3.74412E+20,5.60442E+21,7.22621E+15,5.05782E+16
101707,7,3,37,28,2018,1,19,6,3,2,6,2,0,1,0,0,0,0,1,4.32239E+20,5.45438E+21,8.06912E+15,4.92385E+16
101708,7,3,35,38,2018,1,15,6,3,9,1,0,0,1,0,0,0,0,1,3.93075E+20,5.47525E+21,7.52565E+15,4.94205E+16
101709,7,3,37,83,2018,1,17,5,3,0,7,2,0,1,0,0,0,0,1,4.22907E+20,5.44917E+21,7.94194E+15,4.91905E+16
101710,9,4,79,126,2018,12,13,2,3,9,1,0,0,1,0,0,0,0,1,7.21317E+20,5.55457E+21,1.20949E+16,5.01021E+16
101711,7,3,39,30,2018,1,7,3,3,9,1,2,0,1,0,0,0,0,1,4.35866E+20,5.53901E+21,8.10511E+15,5E+16
101712,7,1,31,7,2018,1,19,1,3,1,2,2,0,1,0,0,0,0,0,3.66481E+20,5.60149E+21,7.11529E+15,5.05501E+16
101713,7,2,11,0,2018,1,16,6,3,3,6,1,0,1,0,0,0,0,1,3.33113E+20,5.51636E+21,6.68198E+15,4.97765E+16
101714,9,4,73,141,2018,12,9,2,3,8,6,0,0,1,0,0,0,0,1,6.41051E+20,5.57301E+21,1.09802E+16,5.02923E+16
101715,7,3,20,0,2018,1,17,4,3,3,6,2,0,1,0,0,0,0,1,3.84059E+20,5.45441E+21,7.40744E+15,4.92315E+16
101716,7,1,11,0,2018,1,10,3,3,8,1,0,0,1,0,0,0,0,1,4.01068E+20,5.5787E+21,7.60935E+15,5.03521E+16
101717,7,1,31,58,2018,1,17,2,2,5,3,2,0,1,0,0,0,0,1,3.53708E+20,5.57753E+21,6.94447E+15,5.03317E+16
101718,7,2,11,0,2018,1,18,5,3,6,4,2,0,1,1,0,0,0,1,3.3083E+20,5.51443E+21,6.65113E+15,4.97586E+16
101719,7,1,43,239,2018,1,14,3,3,8,1,0,0,1,0,0,0,0,1,4.23849E+20,5.59536E+21,7.92613E+15,5.05052E+16
101720,7,3,14,0,2018,1,5,7,3,8,1,2,0,1,0,0,0,0,0,4.57043E+20,5.47603E+21,8.4075E+15,4.94354E+16
101721,7,1,43,73,2018,1,7,6,3,4,2,2,0,1,0,0,0,0,1,4.17924E+20,5.59048E+21,7.84367E+15,5.04606E+16
101722,7,3,31,47,2018,1,17,4,3,3,6,2,1,0,0,0,0,1,1,4.45968E+20,5.50191E+21,8.25122E+15,4.96673E+16
101723,7,1,35,20,2018,1,13,7,3,8,1,0,0,1,0,0,0,0,1,3.67459E+20,5.5562E+21,7.14503E+15,5.01432E+16
101724,7,2,33,240,2018,1,4,7,3,8,1,2,0,1,0,0,0,0,1,3.25504E+20,5.58058E+21,6.54712E+15,5.03514E+16
101725,7,1,38,45,2018,1,17,6,3,0,7,2,0,1,0,0,0,0,0,3.92383E+20,5.58897E+21,7.48438E+15,5.04429E+16
101726,7,2,31,24,2018,1,11,4,3,9,7,0,0,1,0,0,0,0,1,3.44992E+20,5.53542E+21,6.83922E+15,4.9951E+16
101727,7,1,11,0,2018,1,14,7,3,9,1,0,0,1,0,0,0,0,1,3.9678E+20,5.58311E+21,7.54788E+15,5.0391E+16
101728,7,3,15,0,2018,1,0,2,2,6,4,2,0,1,1,0,0,0,0,4.46477E+20,5.5398E+21,8.25304E+15,5.00082E+16
101729,7,3,16,0,2018,1,12,5,3,2,6,0,0,1,0,0,0,0,1,4.40354E+20,5.464E+21,8.17915E+15,4.93258E+16
101730,7,3,11,0,2018,1,12,3,2,4,7,0,0,1,0,0,0,0,0,4.54109E+20,5.48751E+21,8.36572E+15,4.95385E+16
101731,7,3,20,0,2018,1,15,5,3,2,6,0,0,1,0,0,0,0,1,3.83013E+20,5.45505E+21,7.39289E+15,4.9237E+16
101732,7,1,43,229,2018,1,18,4,3,2,6,2,0,1,0,0,0,0,1,4.14605E+20,5.6119E+21,7.792E+15,5.06527E+16
101733,7,3,11,0,2018,1,16,6,3,9,1,0,0,1,0,0,0,0,1,4.53443E+20,5.48937E+21,8.35628E+15,4.95552E+16
101734,7,3,14,0,2018,1,20,5,2,5,2,2,0,1,0,0,0,1,1,4.59585E+20,5.48032E+21,8.44214E+15,4.94741E+16
101735,9,4,74,123,2018,12,19,2,3,2,6,2,0,1,0,0,0,0,1,6.46859E+20,5.51633E+21,1.104E+16,4.97815E+16
101736,7,2,32,300,2018,1,14,3,2,4,1,0,0,1,0,0,1,0,1,3.17918E+20,5.56546E+21,6.44788E+15,5.02132E+16
101737,7,3,34,13,2018,1,15,7,3,9,1,0,0,1,0,0,0,0,1,4.41961E+20,5.43543E+21,8.20539E+15,4.9069E+16
101738,7,1,34,3,2018,1,12,6,2,7,1,0,0,1,0,0,0,0,1,3.64655E+20,5.51124E+21,7.12159E+15,4.97384E+16
101739,7,2,35,55,2018,1,2,1,2,9,1,2,0,1,0,0,0,0,1,3.24945E+20,5.50466E+21,6.57389E+15,4.96691E+16
101740,7,3,18,0,2018,1,6,6,3,1,6,0,0,1,0,0,0,0,0,4.57798E+20,5.46621E+21,8.41896E+15,4.93471E+16
101741,7,1,43,78,2018,1,14,5,3,4,6,0,0,1,0,0,1,0,1,4.12741E+20,5.5948E+21,7.76965E+15,5.04987E+16
101742,7,1,32,55,2018,1,6,3,3,5,3,2,0,1,0,0,0,0,1,3.95488E+20,5.60439E+21,7.52376E+15,5.0582E+16
101743,7,3,39,27,2018,1,15,7,2,0,7,0,0,1,0,0,0,0,1,4.34801E+20,5.53849E+21,8.09033E+15,4.99951E+16
101744,7,1,38,12,2018,1,6,6,3,5,3,2,0,1,0,0,0,0,0,4.05158E+20,5.60125E+21,7.66112E+15,5.05554E+16
101745,7,2,11,0,2018,1,6,4,2,7,1,2,0,1,0,1,0,0,1,3.3398E+20,5.51644E+21,6.69398E+15,4.97774E+16
101746,7,3,38,16,2018,1,0,4,3,7,1,2,0,0,0,1,0,0,1,4.49378E+20,5.48356E+21,8.30084E+15,4.95026E+16
101747,7,3,14,0,2018,1,14,2,2,8,1,0,0,0,0,1,0,0,0,4.51348E+20,5.48106E+21,8.32835E+15,4.94802E+16
101748,7,1,41,57,2018,1,14,7,3,8,1,0,0,1,0,0,0,0,1,4.23767E+20,5.58229E+21,7.92763E+15,5.03878E+16
101749,7,1,40,3,2018,1,12,6,3,9,1,0,0,1,0,0,0,0,1,4.00386E+20,5.53716E+21,7.61064E+15,4.99785E+16
101750,7,2,11,0,2018,1,21,4,3,5,3,2,0,1,0,0,0,0,1,3.2851E+20,5.51262E+21,6.61975E+15,4.97416E+16
101751,7,3,17,0,2018,1,9,6,3,5,3,0,0,1,0,0,0,0,1,3.97991E+20,5.45094E+21,7.59962E+15,4.92028E+16
101752,7,1,31,60,2018,1,8,7,3,6,6,1,0,1,1,0,0,0,1,3.71856E+20,5.59081E+21,7.1948E+15,5.04553E+16
101753,7,3,32,47,2018,1,16,5,3,3,6,0,0,1,0,0,1,0,1,4.33207E+20,5.48643E+21,8.07703E+15,4.95268E+16
101754,7,1,43,71,2018,1,6,4,3,7,7,2,0,1,0,0,0,0,1,4.06727E+20,5.58044E+21,7.68845E+15,5.03686E+16
101755,7,3,34,16,2018,1,15,6,3,0,7,0,0,1,0,0,0,0,1,4.51453E+20,5.4421E+21,8.33454E+15,4.91298E+16
101756,7,2,32,27,2018,1,13,5,3,8,1,0,0,1,0,0,0,0,1,3.31753E+20,5.53734E+21,6.65399E+15,4.99646E+16
101757,7,3,37,27,2018,1,16,5,3,5,3,2,0,1,0,0,0,0,1,4.43157E+20,5.45764E+21,8.21863E+15,4.92689E+16
101758,7,3,15,0,2018,1,16,3,3,0,6,1,0,1,1,0,0,0,0,4.47118E+20,5.53865E+21,8.26215E+15,4.99979E+16
101759,7,1,41,97,2018,1,7,1,3,8,1,2,0,1,0,0,0,0,1,4.14457E+20,5.55616E+21,7.8026E+15,5.01514E+16
101760,7,3,15,0,2018,1,18,6,3,3,6,2,0,1,0,0,1,0,1,4.43379E+20,5.53668E+21,8.21027E+15,4.99797E+16
101761,7,1,41,501,2018,1,11,5,2,9,6,0,0,1,0,0,0,0,1,4.06829E+20,5.56827E+21,7.69288E+15,5.02592E+16
101762,7,1,37,201,2018,1,7,3,3,5,2,1,0,1,0,0,0,0,1,3.89099E+20,5.56651E+21,7.44475E+15,5.02403E+16
101763,7,3,31,4,2018,1,5,7,3,2,1,2,0,1,0,0,1,0,0,4.31655E+20,5.51813E+21,8.05005E+15,4.98117E+16
101764,7,2,35,118,2018,1,9,3,3,5,3,0,0,1,0,0,0,0,1,3.22533E+20,5.49756E+21,6.54369E+15,4.96045E+16
101765,7,3,14,0,2018,1,18,7,3,6,2,2,0,1,1,0,0,0,1,4.53954E+20,5.48231E+21,8.36417E+15,4.94917E+16
101766,7,1,43,81,2018,1,18,6,3,6,4,2,0,1,1,0,0,0,0,4.14824E+20,5.5919E+21,7.79967E+15,5.04729E+16
101767,7,1,33,6,2018,1,8,4,3,4,2,1,0,1,0,0,0,0,1,4.16715E+20,5.51819E+21,7.84242E+15,4.98104E+16
101768,7,3,11,0,2018,1,9,2,3,5,3,0,0,1,0,0,0,0,0,4.53227E+20,5.48818E+21,8.35344E+15,4.95444E+16
101769,7,1,38,45,2018,1,14,7,3,3,7,0,0,1,0,0,0,0,1,3.96733E+20,5.58777E+21,7.54595E+15,5.04328E+16
101770,7,1,11,0,2018,1,11,6,3,8,1,0,0,1,0,0,0,0,1,3.99552E+20,5.57909E+21,7.58795E+15,5.03553E+16
101771,7,1,38,45,2018,1,19,6,3,1,6,2,0,1,0,0,0,0,0,3.91291E+20,5.59073E+21,7.46849E+15,5.04585E+16
101772,7,2,32,262,2018,1,18,4,3,4,6,2,0,1,0,0,1,0,1,3.09164E+20,5.55659E+21,6.32976E+15,5.01308E+16
101773,7,1,37,81,2018,1,19,7,3,8,1,2,0,1,0,0,0,0,1,3.80362E+20,5.58614E+21,7.31605E+15,5.04151E+16
101774,7,3,32,24,2018,1,11,5,3,2,6,0,0,1,0,0,0,0,1,4.39133E+20,5.48858E+21,8.15858E+15,4.95468E+16
101775,7,3,34,28,2018,1,11,3,3,5,2,0,0,1,0,0,0,0,1,4.51846E+20,5.45719E+21,8.33811E+15,4.92656E+16
101776,7,2,11,0,2018,1,17,4,3,3,6,2,0,1,0,0,0,1,1,3.29556E+20,5.51488E+21,6.63327E+15,4.97622E+16
101777,7,3,35,34,2018,1,18,6,3,4,1,2,0,1,0,0,0,0,1,4.08079E+20,5.48223E+21,7.73086E+15,4.94857E+16
101778,7,3,38,25,2018,1,22,5,3,5,3,2,0,1,0,0,0,0,1,4.55355E+20,5.46991E+21,8.38492E+15,4.93803E+16
101779,9,4,74,126,2018,12,11,2,3,0,1,0,1,0,0,0,0,0,1,6.4836E+20,5.51013E+21,1.10585E+16,4.97254E+16
101780,7,2,33,501,2018,1,14,3,3,2,6,0,0,1,0,0,0,0,0,3.45502E+20,5.5627E+21,6.83531E+15,5.01963E+16
101781,7,3,38,6,2018,1,23,7,3,9,1,2,0,1,0,0,0,0,1,4.52184E+20,5.47264E+21,8.3409E+15,4.94046E+16
101782,7,1,34,45,2018,1,11,6,3,4,6,0,0,1,0,0,0,0,1,3.7767E+20,5.50699E+21,7.30346E+15,4.9703E+16
101783,7,3,37,61,2018,1,8,4,2,7,7,0,0,1,0,0,0,0,1,4.39822E+20,5.44729E+21,8.17434E+15,4.91755E+16
101784,7,3,18,0,2018,1,16,6,3,2,6,2,0,1,0,0,0,0,0,4.58362E+20,5.4656E+21,8.42679E+15,4.93417E+16
101785,7,2,11,0,2018,1,15,5,3,2,6,0,0,1,0,0,0,0,1,3.28037E+20,5.51212E+21,6.61342E+15,4.97369E+16
101786,7,1,43,234,2018,1,15,3,3,4,6,2,0,1,0,0,0,0,1,4.23413E+20,5.60929E+21,7.91711E+15,5.06305E+16
101787,7,3,31,55,2018,1,17,7,3,5,3,2,0,1,0,0,0,0,1,4.51298E+20,5.50596E+21,8.32458E+15,4.97041E+16
101788,7,1,38,3,2018,1,15,6,2,5,2,0,0,1,0,0,0,0,0,3.87971E+20,5.61194E+21,7.41535E+15,5.06485E+16
101789,7,3,19,0,2018,1,15,4,3,2,6,0,0,1,0,0,0,0,1,4.52917E+20,5.49736E+21,8.34807E+15,4.96269E+16
101790,9,1,62,0,2018,12,15,2,3,2,6,0,0,1,0,0,0,0,1,6.95987E+20,5.33912E+21,1.16364E+16,4.81751E+16
101791,9,1,84,140,2018,12,12,2,3,2,6,0,0,1,0,0,0,0,1,7.00506E+20,5.32892E+21,1.16923E+16,4.8082E+16
101792,9,7,80,140,2018,12,11,2,3,8,1,0,0,1,0,0,0,0,2,6.04475E+20,5.28119E+21,1.03919E+16,4.76756E+16
101793,7,3,20,0,2018,1,4,2,2,6,4,2,0,1,1,0,0,0,1,3.81518E+20,5.4563E+21,7.372E+15,4.9248E+16
101794,9,7,63,0,2018,12,11,2,3,1,6,0,0,1,0,0,0,0,0,5.9936E+20,5.28749E+21,1.03252E+16,4.77331E+16
101795,7,2,31,502,2018,1,15,7,3,9,1,0,0,1,0,0,0,0,1,3.60841E+20,5.52036E+21,7.06543E+15,4.98195E+16
101796,9,7,80,120,2018,12,9,2,3,8,1,0,0,1,0,0,0,0,2,6.0256E+20,5.28275E+21,1.03667E+16,4.769E+16
101797,7,1,31,70,2018,1,11,6,2,4,6,0,0,1,0,0,0,1,0,3.7336E+20,5.60815E+21,7.21007E+15,5.06115E+16
101798,9,7,76,124,2018,12,17,2,3,5,3,2,0,1,0,0,0,0,1,5.70028E+20,5.27361E+21,9.93181E+15,4.76121E+16
101799,9,7,80,137,2018,12,15,2,2,9,7,0,1,0,0,0,0,0,1,5.93929E+20,5.26945E+21,1.02489E+16,4.75717E+16
101800,7,2,35,141,2018,1,16,4,2,9,1,1,0,1,0,0,0,0,1,3.36557E+20,5.51057E+21,6.7322E+15,4.97254E+16
101801,9,7,80,115,2018,12,10,2,2,5,2,0,0,1,0,0,0,0,1,5.94172E+20,5.26714E+21,1.02516E+16,4.75508E+16
101802,9,7,73,183,2018,12,17,2,2,5,3,2,0,1,0,0,0,0,1,6.06365E+20,5.38531E+21,1.04431E+16,4.86118E+16
101803,7,3,17,0,2018,1,15,6,3,8,1,0,0,1,0,0,0,0,1,4.02554E+20,5.45204E+21,7.66198E+15,4.92134E+16
101804,9,7,72,223,2018,12,15,2,3,9,6,0,0,1,0,0,0,0,1,6.24481E+20,5.36434E+21,1.06825E+16,4.84199E+16
101805,7,1,32,63,2018,1,12,2,3,5,2,0,0,1,0,0,0,0,0,4.20114E+20,5.62933E+21,7.86614E+15,5.08101E+16
101806,9,7,72,163,2018,12,8,2,2,2,7,0,0,1,0,0,0,0,1,6.38586E+20,5.34804E+21,1.08676E+16,4.82704E+16
101807,7,3,34,7,2018,1,12,5,3,8,1,0,0,1,0,0,0,0,1,4.52009E+20,5.4501E+21,8.3412E+15,4.92018E+16
101808,9,7,71,130,2018,12,14,2,3,2,6,0,0,1,0,0,0,0,1,6.46936E+20,5.35814E+21,1.09836E+16,4.83593E+16
101809,7,1,31,70,2018,1,17,7,3,2,1,2,0,1,0,0,0,0,1,3.73291E+20,5.61034E+21,7.20835E+15,5.06312E+16
101810,9,7,71,145,2018,12,1,2,3,8,1,2,0,1,0,0,0,0,1,6.49091E+20,5.34443E+21,1.10079E+16,4.82355E+16
101811,7,3,12,0,2018,1,7,5,3,6,2,2,0,1,1,0,0,0,1,4.10734E+20,5.47791E+21,7.76848E+15,4.94472E+16
101812,9,7,61,0,2018,12,7,2,2,6,2,2,0,1,1,0,0,0,1,6.42834E+20,5.36034E+21,1.0929E+16,4.83801E+16
101813,7,1,43,264,2018,1,6,4,3,7,1,2,0,1,0,0,0,0,1,4.22337E+20,5.61569E+21,7.90055E+15,5.06879E+16
101814,9,6,75,146,2018,12,19,2,2,2,6,2,0,1,0,0,0,0,0,5.82486E+20,5.51536E+21,1.01459E+16,4.9785E+16
101815,9,6,63,0,2018,12,8,2,3,5,3,0,0,1,0,0,0,0,1,5.66131E+20,5.51725E+21,9.91903E+15,4.9804E+16