OBJECTID_1,ULAND,UREGBEZ,UKREIS,UGEMEINDE,UJAHR,UMONAT,USTUNDE,UWOCHENTAG,UKATEGORIE,UART,UTYP1,ULICHTVERH,IstRad,IstPKW,IstFuss,IstKrad,IstGkfz,IstSonstig,STRZUSTAND,LINREFX,LINREFY,XGCSWGS84,YGCSWGS84
101816,7,3,34,25,2018,1,17,6,3,2,6,2,0,1,0,0,0,0,0,4.48412E+20,5.44519E+21,8.29246E+15,4.91574E+16
101817,9,6,77,157,2018,12,10,2,3,5,7,0,1,1,0,0,0,0,1,5.4316E+20,5.52245E+21,9.60039E+15,4.98529E+16
101818,9,6,62,0,2018,12,14,2,2,4,2,0,1,1,0,0,0,0,0,5.8808E+20,5.54568E+21,1.02305E+16,5.00569E+16
101819,7,3,39,5,2018,1,15,5,3,2,6,0,0,1,0,0,0,0,1,4.21692E+20,5.53354E+21,7.90848E+15,4.99491E+16
101820,9,6,72,113,2018,12,14,2,3,9,1,0,0,1,0,0,0,0,1,5.60167E+20,5.5734E+21,9.84498E+15,5.03096E+16
101821,9,4,74,126,2018,12,10,2,3,2,6,0,0,1,0,0,0,0,1,6.49054E+20,5.50791E+21,1.10673E+16,4.97052E+16
101822,7,2,35,104,2018,1,18,3,3,2,6,2,1,1,0,0,0,0,1,3.11158E+20,5.49629E+21,6.38704E+15,4.95897E+16
101823,7,3,34,8,2018,1,10,7,3,5,3,0,0,1,0,0,1,0,1,4.45536E+20,5.43051E+21,8.25499E+15,4.90251E+16
101824,7,1,37,203,2018,1,7,2,2,2,6,2,0,1,0,0,0,0,0,3.99633E+20,5.58518E+21,7.58746E+15,5.04101E+16
101825,7,3,34,28,2018,1,13,6,3,1,6,0,0,1,0,0,0,0,1,4.51843E+20,5.45718E+21,8.33807E+15,4.92655E+16
101826,7,3,15,0,2018,1,19,6,3,2,6,2,0,1,0,0,0,0,1,4.44204E+20,5.53517E+21,8.22199E+15,4.99663E+16
101827,7,1,32,71,2018,1,8,6,3,8,1,0,0,1,0,0,0,0,2,4.19865E+20,5.62277E+21,7.86403E+15,5.07512E+16
101828,7,3,39,32,2018,1,14,6,2,1,1,0,0,1,0,0,0,0,0,4.43445E+20,5.53232E+21,8.21184E+15,4.99406E+16
101829,7,1,33,52,2018,1,12,4,3,4,7,0,0,1,0,0,0,1,1,3.88699E+20,5.51483E+21,7.45412E+15,4.97756E+16
101830,7,3,15,0,2018,1,15,6,3,4,2,0,0,1,0,0,0,1,0,4.48444E+20,5.53618E+21,8.28098E+15,4.99757E+16
101831,7,1,38,45,2018,1,20,4,3,0,7,2,0,1,0,0,0,0,1,3.95331E+20,5.5922E+21,7.52497E+15,5.04724E+16
101832,7,3,19,0,2018,1,2,7,2,9,1,2,0,1,0,0,0,0,1,4.51877E+20,5.49958E+21,8.33338E+15,4.96468E+16
101833,7,3,15,0,2018,1,7,6,3,4,2,1,0,1,0,1,0,0,0,4.49295E+20,5.53706E+21,8.29273E+15,4.99837E+16
101834,7,1,38,50,2018,1,9,1,2,9,1,0,0,0,0,1,0,0,1,4.0012E+20,5.61051E+21,7.58753E+15,5.06379E+16
101835,7,2,11,0,2018,1,14,6,3,4,7,0,0,1,0,0,0,0,0,3.29913E+20,5.5157E+21,6.63786E+15,4.97697E+16
101836,7,2,35,125,2018,1,16,6,3,4,2,0,0,1,0,0,0,0,0,3.37241E+20,5.52151E+21,6.73712E+15,4.98239E+16
101837,7,3,18,0,2018,1,17,5,3,2,6,2,0,1,0,0,0,0,0,4.58001E+20,5.46186E+21,8.42221E+15,4.9308E+16
101838,7,2,11,0,2018,1,12,6,3,2,6,0,0,1,0,0,0,0,0,3.32002E+20,5.516E+21,6.66672E+15,4.97729E+16
101839,7,3,15,0,2018,1,7,4,3,2,6,2,0,1,0,0,0,0,1,4.46444E+20,5.53525E+21,8.25322E+15,4.99672E+16
101840,7,1,43,263,2018,1,19,6,3,4,1,2,0,1,0,0,0,0,1,4.21047E+20,5.59434E+21,7.88683E+15,5.04957E+16
101841,7,3,31,3,2018,1,7,4,3,2,6,0,0,1,0,0,0,0,2,4.32293E+20,5.51143E+21,8.06008E+15,4.97515E+16
101842,7,1,43,235,2018,1,15,6,3,5,3,0,0,1,0,0,0,0,0,4.13822E+20,5.61147E+21,7.78102E+15,5.06487E+16
101843,7,3,11,0,2018,1,8,3,3,2,6,0,0,1,0,0,0,1,1,4.50526E+20,5.48823E+21,8.31611E+15,4.95446E+16
101844,7,1,11,0,2018,1,19,4,3,6,7,2,0,1,1,0,0,0,0,3.98205E+20,5.57916E+21,7.56901E+15,5.03557E+16
101845,7,3,14,0,2018,1,13,3,3,2,6,0,0,1,0,0,0,0,1,4.59755E+20,5.48073E+21,8.44444E+15,4.94778E+16
101846,7,2,31,25,2018,1,13,7,3,8,1,0,0,1,0,0,0,0,2,3.46635E+20,5.55439E+21,6.85452E+15,5.01219E+16
101847,7,1,32,63,2018,1,9,6,3,8,6,0,0,1,0,0,0,0,1,4.23917E+20,5.62965E+21,7.92004E+15,5.08135E+16
101848,7,3,37,27,2018,1,13,7,3,2,2,0,0,1,0,0,0,0,0,4.43825E+20,5.45746E+21,8.22784E+15,4.92673E+16
101849,7,1,40,27,2018,1,13,6,2,4,6,0,0,1,0,0,0,1,1,4.06657E+20,5.54011E+21,7.69737E+15,5.0006E+16
101850,7,2,31,25,2018,1,6,5,3,2,6,2,0,1,0,0,1,0,2,3.46714E+20,5.55462E+21,6.85553E+15,5.0124E+16
101851,7,1,37,226,2018,1,13,6,3,2,6,0,0,1,0,0,0,0,0,4.01327E+20,5.58391E+21,7.61163E+15,5.0399E+16
101852,7,2,32,222,2018,1,22,4,3,8,1,2,0,1,0,0,0,0,1,3.17275E+20,5.55308E+21,6.44481E+15,5.01019E+16
101853,7,3,38,4,2018,1,1,1,3,9,1,2,0,1,0,0,0,0,1,4.56288E+20,5.4945E+21,8.39505E+15,4.96015E+16
101854,7,1,11,0,2018,1,16,6,3,2,6,0,1,1,0,0,0,0,1,3.99519E+20,5.57972E+21,7.58732E+15,5.0361E+16
101855,7,3,15,0,2018,1,9,2,3,9,1,0,0,0,0,1,0,0,0,4.46641E+20,5.53544E+21,8.25593E+15,4.99689E+16
101856,7,1,31,77,2018,1,14,7,2,6,2,0,0,1,1,0,0,0,1,3.75651E+20,5.6011E+21,7.2448E+15,5.05486E+16
101857,7,3,33,3,2018,1,13,5,3,9,6,0,0,1,0,0,0,0,0,4.14995E+20,5.51092E+21,7.82012E+15,4.97447E+16
101858,7,3,12,0,2018,1,9,6,3,8,1,0,0,1,0,0,0,0,1,4.13659E+20,5.47066E+21,7.8104E+15,4.93825E+16
101859,7,3,14,0,2018,1,17,2,3,3,6,2,0,1,0,0,0,0,1,4.58773E+20,5.48145E+21,8.43081E+15,4.94843E+16
101860,7,1,34,16,2018,1,9,7,2,9,1,0,0,1,0,0,0,0,2,3.65481E+20,5.50136E+21,7.13645E+15,4.96498E+16
101861,7,3,36,105,2018,1,17,5,2,6,6,2,0,1,1,0,0,0,0,4.00451E+20,5.49162E+21,7.6232E+15,4.9569E+16
101862,7,1,43,67,2018,1,12,7,3,6,4,0,0,1,1,0,0,0,0,4.11928E+20,5.59867E+21,7.75727E+15,5.05333E+16
101863,7,1,38,44,2018,1,22,5,3,8,7,2,1,0,0,0,0,0,1,3.87044E+20,5.6059E+21,7.40409E+15,5.0594E+16
101864,7,3,35,37,2018,1,16,5,2,4,6,1,0,1,0,0,0,0,0,4.01017E+20,5.4693E+21,7.63661E+15,4.93684E+16
101865,7,1,43,206,2018,1,7,4,3,5,3,2,0,1,0,0,0,1,2,4.25393E+20,5.60995E+21,7.94497E+15,5.06366E+16
101866,7,2,35,58,2018,1,17,1,3,2,6,1,0,1,0,0,0,0,1,3.44998E+20,5.5023E+21,6.85252E+15,4.96533E+16
101867,7,3,35,7,2018,1,13,5,3,3,2,0,0,1,0,0,0,1,0,4.21484E+20,5.47744E+21,7.91685E+15,4.94446E+16
101868,7,1,43,244,2018,1,21,2,3,9,6,2,0,1,0,0,0,0,1,4.36304E+20,5.60921E+21,8.09937E+15,5.06313E+16
101869,7,3,32,32,2018,1,6,6,2,6,4,2,0,1,1,0,0,0,1,4.32699E+20,5.46929E+21,8.07292E+15,4.93726E+16
101870,7,3,37,20,2018,1,15,5,3,6,4,0,0,1,1,0,0,0,0,4.37483E+20,5.45938E+21,8.14036E+15,4.9284E+16
101871,7,1,33,117,2018,1,17,6,3,3,6,2,0,1,0,0,0,0,0,4.15159E+20,5.52289E+21,7.81977E+15,4.98524E+16
101872,7,3,12,0,2018,1,10,4,3,3,6,0,0,1,0,0,0,0,1,4.09304E+20,5.47769E+21,7.7488E+15,4.94451E+16
101873,7,3,13,0,2018,1,17,5,3,1,6,1,0,1,0,0,0,0,0,4.35434E+20,5.44868E+21,8.11392E+15,4.91875E+16
101874,7,1,32,63,2018,1,7,4,3,4,1,1,0,1,0,0,0,1,2,4.22104E+20,5.62997E+21,7.89423E+15,5.08162E+16
101875,7,1,11,0,2018,1,8,5,3,2,6,0,0,1,0,0,0,0,1,3.96142E+20,5.5826E+21,7.53906E+15,5.03863E+16
101876,7,3,38,25,2018,1,18,5,3,5,3,2,0,1,0,0,0,0,0,4.57724E+20,5.47087E+21,8.41746E+15,4.93891E+16
101877,7,1,38,44,2018,1,13,4,3,8,1,0,0,1,0,0,0,0,1,3.90744E+20,5.60488E+21,7.45664E+15,5.05856E+16
101878,7,3,32,25,2018,1,15,7,3,6,6,0,0,1,1,0,0,0,1,4.48312E+20,5.46778E+21,8.28818E+15,4.93605E+16
101879,7,3,19,0,2018,1,17,5,3,8,6,2,0,1,0,0,0,0,1,4.50517E+20,5.502E+21,8.31424E+15,4.96685E+16
101880,7,3,14,0,2018,1,6,3,3,0,7,2,1,0,0,0,0,0,1,4.53819E+20,5.47926E+21,8.36267E+15,4.94642E+16
101881,7,1,11,0,2018,1,12,2,3,1,6,0,0,1,0,0,0,0,0,3.99565E+20,5.57988E+21,7.58792E+15,5.03625E+16
101882,7,1,33,107,2018,1,19,6,2,6,4,2,0,1,1,0,0,0,1,4.07843E+20,5.51911E+21,7.71892E+15,4.98173E+16
101883,7,3,39,57,2018,1,17,5,3,2,6,2,0,1,0,1,0,0,1,4.39066E+20,5.52882E+21,8.15137E+15,4.99087E+16
101884,7,1,31,77,2018,1,10,6,2,2,6,0,0,1,0,0,0,1,1,3.76943E+20,5.60006E+21,7.26338E+15,5.05396E+16
101885,7,2,32,87,2018,1,13,5,3,8,1,0,0,1,0,0,0,0,1,3.23819E+20,5.54979E+21,6.53775E+15,5.00742E+16
101886,7,1,33,6,2018,1,7,4,3,5,3,2,1,1,0,0,0,0,1,4.18825E+20,5.5216E+21,7.87103E+15,4.98414E+16
101887,7,2,11,0,2018,1,18,5,2,1,6,0,0,1,0,1,0,0,0,3.28122E+20,5.513E+21,6.6142E+15,4.97449E+16
101888,7,3,38,18,2018,1,16,3,3,0,7,1,0,0,0,1,1,0,1,4.4964E+20,5.48144E+21,8.30473E+15,4.94835E+16
101889,7,1,31,502,2018,1,17,4,3,5,3,2,0,1,0,0,0,0,2,3.66568E+20,5.58672E+21,7.1218E+15,5.04174E+16
101890,7,3,33,39,2018,1,15,3,1,4,6,0,0,1,0,0,0,0,1,4.28442E+20,5.50401E+21,8.00799E+15,4.96844E+16
101891,7,3,39,21,2018,1,13,7,3,3,6,0,0,1,0,0,0,0,1,4.24299E+20,5.52734E+21,7.94602E+15,4.98936E+16
101892,7,1,41,85,2018,1,13,5,3,5,3,0,0,1,0,0,0,0,1,4.16536E+20,5.5647E+21,7.82982E+15,5.02285E+16
101893,7,3,32,13,2018,1,8,7,2,8,1,0,0,1,0,0,0,0,0,4.45067E+20,5.48026E+21,8.24176E+15,4.94725E+16
101894,7,1,38,12,2018,1,16,5,3,4,6,1,0,1,0,1,0,1,1,4.04831E+20,5.60144E+21,7.65645E+15,5.05571E+16
101895,7,3,14,0,2018,1,7,5,3,5,3,1,1,1,0,0,0,0,1,4.59159E+20,5.48238E+21,8.43604E+15,4.94927E+16
101896,7,3,38,16,2018,1,23,7,2,8,1,2,0,1,0,0,0,0,1,4.47872E+20,5.48717E+21,8.27957E+15,4.95349E+16
101897,7,3,35,38,2018,1,7,3,2,2,6,2,0,1,0,0,0,1,1,3.94254E+20,5.47518E+21,7.54192E+15,4.94201E+16
101898,7,1,38,4,2018,1,17,5,2,1,6,2,0,1,0,0,0,0,0,3.79103E+20,5.59905E+21,7.29417E+15,5.05309E+16
101899,7,3,15,0,2018,1,19,1,3,5,3,2,0,1,0,0,0,0,0,4.47009E+20,5.53892E+21,8.26058E+15,5.00002E+16
101900,7,2,32,18,2018,1,15,6,3,2,2,0,0,1,0,0,0,0,0,3.23408E+20,5.53772E+21,6.53757E+15,4.99656E+16
101901,7,1,37,69,2018,1,9,5,3,4,2,0,0,1,0,0,0,0,1,3.78853E+20,5.58056E+21,7.29662E+15,5.03647E+16
101902,7,3,14,0,2018,1,7,5,3,2,6,2,0,1,0,0,0,0,1,4.53597E+20,5.48074E+21,8.35944E+15,4.94775E+16
101903,7,1,37,55,2018,1,7,5,3,5,3,2,0,1,0,0,0,0,1,3.76268E+20,5.578E+21,7.26114E+15,5.03411E+16
101904,7,3,39,49,2018,1,7,4,3,4,1,2,0,1,0,0,0,0,2,4.53301E+20,5.52242E+21,8.35038E+15,4.98524E+16
101905,7,1,37,3,2018,1,15,5,3,1,2,0,0,1,0,0,0,0,0,3.88095E+20,5.58811E+21,7.42426E+15,5.04343E+16
101906,7,3,14,0,2018,1,8,3,2,5,3,0,1,0,0,0,1,0,1,4.59226E+20,5.48231E+21,8.43698E+15,4.94921E+16
101907,7,1,31,77,2018,1,7,4,2,8,1,2,0,1,0,0,1,0,2,3.7296E+20,5.59713E+21,7.20819E+15,5.05123E+16
101908,7,2,32,103,2018,1,15,7,3,8,1,0,0,0,0,0,0,1,2,3.13213E+20,5.5327E+21,6.39799E+15,4.99175E+16
101909,7,1,37,3,2018,1,7,5,3,2,6,0,0,1,0,0,0,0,1,3.83529E+20,5.58683E+21,7.36039E+15,5.04219E+16
101910,7,3,31,7,2018,1,17,7,3,1,2,1,0,1,0,0,0,0,0,4.41369E+20,5.51681E+21,8.18526E+15,4.98009E+16
101911,7,2,11,0,2018,1,13,5,3,5,3,0,0,1,0,0,0,1,0,3.29042E+20,5.51134E+21,6.62769E+15,4.97303E+16
101912,7,1,37,88,2018,1,7,5,2,2,6,2,0,1,0,0,0,0,0,3.85558E+20,5.58391E+21,7.38984E+15,5.03961E+16
101913,7,2,31,103,2018,1,9,4,3,8,1,0,0,1,0,0,0,0,1,3.54169E+20,5.53179E+21,6.96842E+15,4.99207E+16
101914,7,2,33,20,2018,1,23,1,3,8,1,2,0,1,0,0,0,0,2,3.43263E+20,5.56965E+21,6.80109E+15,5.02581E+16
101915,7,1,37,223,2018,1,7,5,3,1,6,1,0,1,0,0,0,0,1,4.02921E+20,5.56936E+21,7.6378E+15,5.02684E+16
101916,7,2,31,503,2018,1,6,4,3,8,1,2,0,1,0,0,0,0,2,3.40379E+20,5.54047E+21,6.77287E+15,4.99952E+16
101917,7,1,37,204,2018,1,7,5,3,1,6,2,0,1,0,0,0,0,0,4.02677E+20,5.56967E+21,7.63429E+15,5.02712E+16
101918,7,3,14,0,2018,1,20,2,3,2,2,2,0,1,0,0,0,0,1,4.57941E+20,5.47951E+21,8.41953E+15,4.94667E+16
101919,7,1,43,213,2018,1,9,7,3,4,6,0,0,1,0,0,0,0,1,4.22936E+20,5.60107E+21,7.91207E+15,5.05565E+16
101920,7,1,11,0,2018,1,7,5,3,2,6,2,0,1,0,0,0,0,1,3.99144E+20,5.58171E+21,7.58151E+15,5.03788E+16
101921,7,3,40,502,2018,1,6,6,3,5,3,2,0,1,0,0,0,0,0,4.12891E+20,5.43954E+21,7.80658E+15,4.91026E+16
101922,7,1,37,68,2018,1,14,5,3,1,5,0,0,1,0,0,0,0,1,3.73639E+20,5.57694E+21,7.22456E+15,5.0331E+16
101923,7,3,14,0,2018,1,6,4,2,2,6,2,0,1,0,0,0,1,0,4.51152E+20,5.48109E+21,8.32564E+15,4.94805E+16
101924,7,1,43,47,2018,1,15,4,3,1,6,0,0,1,0,0,0,0,2,4.1284E+20,5.59491E+21,7.77102E+15,5.04997E+16
101925,7,3,19,0,2018,1,16,3,3,8,1,1,0,1,0,0,0,0,1,4.48909E+20,5.497E+21,8.29261E+15,4.96234E+16
101926,7,3,40,4,2018,1,13,3,3,2,2,0,0,1,0,0,0,0,1,4.10407E+20,5.44548E+21,7.77125E+15,4.91556E+16
101927,7,1,43,32,2018,1,16,1,3,8,1,0,0,1,0,0,0,0,1,4.06645E+20,5.58692E+21,7.68569E+15,5.04269E+16
101928,7,3,37,23,2018,1,17,4,3,2,6,2,0,1,0,0,0,0,0,4.40379E+20,5.45349E+21,8.18106E+15,4.92313E+16
101929,7,1,40,125,2018,1,16,2,3,2,6,1,0,1,0,0,0,0,1,4.05324E+20,5.53934E+21,7.67896E+15,4.99989E+16
101930,7,3,34,28,2018,1,14,6,3,8,1,0,0,1,0,0,0,0,1,4.51749E+20,5.45745E+21,8.33674E+15,4.92679E+16
101931,7,3,18,0,2018,1,17,4,3,2,6,2,0,1,0,0,0,0,0,4.58352E+20,5.46692E+21,8.42651E+15,4.93535E+16
101932,7,1,32,54,2018,1,13,6,2,9,1,0,0,1,0,0,0,0,1,4.12025E+20,5.6271E+21,7.75188E+15,5.0789E+16
101933,7,3,11,0,2018,1,19,4,3,5,2,2,0,1,0,1,0,0,1,4.53284E+20,5.48651E+21,8.35443E+15,4.95294E+16
101934,7,3,15,0,2018,1,5,2,3,2,6,2,0,1,0,0,0,0,0,4.4504E+20,5.53445E+21,8.23376E+15,4.99598E+16
101935,7,1,31,55,2018,1,9,7,3,5,3,0,0,1,0,0,0,0,0,3.73267E+20,5.59114E+21,7.21454E+15,5.04586E+16
101936,7,1,33,107,2018,1,6,4,3,2,6,0,0,1,0,0,0,0,1,4.07173E+20,5.51867E+21,7.70972E+15,4.98133E+16
101937,7,3,13,0,2018,1,0,6,1,7,7,2,0,1,0,0,0,0,0,4.32155E+20,5.45078E+21,8.06858E+15,4.92061E+16
101938,7,3,40,38,2018,1,13,4,3,5,3,0,0,1,0,0,0,1,0,4.01076E+20,5.45472E+21,7.64104E+15,4.92372E+16
101939,7,1,33,108,2018,1,11,4,2,1,6,0,0,1,0,0,1,0,0,4.1525E+20,5.53162E+21,7.81912E+15,4.9931E+16
101940,7,1,38,2,2018,1,7,4,3,2,6,2,0,1,0,0,0,0,2,3.97353E+20,5.59486E+21,7.55273E+15,5.04967E+16
101941,7,2,33,54,2018,1,23,3,3,9,1,2,0,1,0,0,0,0,2,3.40263E+20,5.57209E+21,6.758E+15,5.02793E+16
101942,7,3,16,0,2018,1,15,7,3,5,3,0,1,1,0,0,0,0,1,4.41814E+20,5.46529E+21,8.19905E+15,4.93376E+16
101943,7,2,31,134,2018,1,7,4,2,5,3,2,0,1,0,0,1,0,0,3.51495E+20,5.53985E+21,6.9281E+15,4.99924E+16
101944,7,3,15,0,2018,1,11,3,3,5,3,0,1,1,0,0,0,0,0,4.46031E+20,5.54036E+21,8.24673E+15,5.00132E+16
101945,7,3,35,26,2018,1,21,1,3,8,6,2,0,1,0,0,0,1,0,4.16345E+20,5.48454E+21,7.84447E+15,4.95077E+16
101946,7,3,19,0,2018,1,22,6,2,4,2,2,0,1,0,0,0,0,0,4.53464E+20,5.50179E+21,8.35511E+15,4.96668E+16
101947,7,2,31,502,2018,1,17,4,3,0,7,2,0,1,0,0,0,0,1,3.64773E+20,5.52292E+21,7.11916E+15,4.98435E+16
101948,7,1,37,68,2018,1,9,6,3,6,2,0,0,0,1,0,0,1,1,3.73486E+20,5.57699E+21,7.2224E+15,5.03314E+16
101949,7,2,35,132,2018,1,13,4,3,8,1,0,0,0,0,0,1,0,1,3.22421E+20,5.50442E+21,6.53904E+15,4.96661E+16
101950,7,3,33,76,2018,1,8,4,3,4,6,0,0,1,0,0,0,0,2,4.34551E+20,5.50306E+21,8.09283E+15,4.96765E+16
101951,7,2,32,81,2018,1,11,3,2,9,1,0,0,1,0,0,0,0,1,3.2797E+20,5.53979E+21,6.60019E+15,4.99856E+16
101952,7,1,38,47,2018,1,13,4,3,9,1,0,0,1,0,0,0,0,1,3.87547E+20,5.59961E+21,7.41309E+15,5.05376E+16
101953,7,1,32,12,2018,1,13,4,2,4,1,0,0,1,0,1,0,0,0,4.24385E+20,5.62997E+21,7.92661E+15,5.08165E+16
101954,7,3,14,0,2018,1,7,4,3,3,2,0,1,1,0,0,0,0,1,4.58551E+20,5.4828E+21,8.4276E+15,4.94964E+16
101955,7,1,32,32,2018,1,7,4,2,6,4,2,0,1,1,0,0,0,1,3.95916E+20,5.61188E+21,7.52772E+15,5.06494E+16
101956,7,1,32,23,2018,1,7,4,3,2,6,0,0,1,0,0,0,0,2,3.95807E+20,5.61003E+21,7.5267E+15,5.06328E+16
101957,7,1,34,45,2018,1,7,3,3,2,1,2,0,1,0,0,0,1,1,3.77651E+20,5.50892E+21,7.3026E+15,4.97203E+16
101958,7,3,39,21,2018,1,11,7,3,5,3,0,0,1,0,0,0,0,1,4.23487E+20,5.52636E+21,7.93492E+15,4.98847E+16
101959,7,1,38,45,2018,1,7,4,2,1,6,1,0,1,0,0,0,0,1,3.90468E+20,5.58662E+21,7.4581E+15,5.04214E+16
101960,7,1,43,247,2018,1,21,1,3,8,6,2,0,1,0,0,0,1,1,4.22396E+20,5.60071E+21,7.90453E+15,5.05532E+16
101961,7,1,34,85,2018,1,8,6,2,7,7,0,0,1,0,0,0,0,2,3.7454E+20,5.5049E+21,7.26075E+15,4.96836E+16
101962,7,1,31,7,2018,1,12,4,3,2,2,0,0,1,0,0,0,0,0,3.67512E+20,5.60138E+21,7.12988E+15,5.05493E+16
101963,7,3,16,0,2018,1,7,5,3,5,3,0,0,1,0,0,0,1,1,4.39057E+20,5.47084E+21,8.16026E+15,4.93872E+16
101964,7,1,40,96,2018,1,14,4,2,5,2,0,0,1,0,0,0,0,0,4.01581E+20,5.54107E+21,7.6263E+15,5.00138E+16
101965,7,3,15,0,2018,1,8,4,3,2,6,0,0,1,0,0,0,0,1,4.42877E+20,5.54036E+21,8.20273E+15,5.00128E+16
101966,7,1,43,242,2018,1,14,3,3,1,2,0,0,1,0,0,0,0,1,4.28566E+20,5.60795E+21,7.99021E+15,5.0619E+16
101967,7,1,40,204,2018,1,13,4,3,8,1,0,0,1,0,0,0,0,1,3.81017E+20,5.5461E+21,7.33784E+15,5.00553E+16
101968,7,1,43,260,2018,1,17,3,2,4,6,2,0,1,0,0,0,0,2,4.18596E+20,5.61674E+21,7.84737E+15,5.06967E+16
101969,7,1,34,3,2018,1,13,7,3,9,1,0,0,1,0,0,0,0,2,3.63815E+20,5.5113E+21,7.10991E+15,4.97388E+16
101970,7,1,11,0,2018,1,18,4,3,2,6,2,0,1,0,0,0,0,1,3.99487E+20,5.58112E+21,7.5865E+15,5.03735E+16
101971,7,1,40,501,2018,1,7,4,3,4,1,2,0,1,0,0,0,0,1,4.01973E+20,5.56722E+21,7.62506E+15,5.0249E+16
101972,7,2,31,53,2018,1,16,7,3,8,1,0,0,1,0,0,0,0,1,3.43012E+20,5.5261E+21,6.81543E+15,4.98667E+16
101973,7,1,11,0,2018,1,15,4,3,2,6,0,0,1,0,0,0,0,0,3.98731E+20,5.58198E+21,7.57564E+15,5.03811E+16
101974,7,3,37,15,2018,1,15,7,3,0,2,0,1,1,0,0,0,0,0,4.33037E+20,5.45525E+21,8.07994E+15,4.92464E+16
101975,7,3,20,0,2018,1,18,3,3,2,6,2,0,1,0,0,0,0,0,3.79238E+20,5.4567E+21,7.34055E+15,4.92512E+16
101976,7,3,15,0,2018,1,7,5,3,1,2,1,0,1,0,0,0,0,1,4.46046E+20,5.53856E+21,8.2472E+15,4.99969E+16
101977,7,3,20,0,2018,1,16,3,3,2,6,0,0,1,0,0,0,1,0,3.79896E+20,5.45636E+21,7.34969E+15,4.92482E+16
101978,7,2,33,501,2018,1,8,4,3,2,6,0,0,1,0,0,0,0,2,3.45287E+20,5.56343E+21,6.832E+15,5.02028E+16
101979,7,1,41,29,2018,1,14,3,3,2,1,0,0,1,0,0,0,0,0,4.31112E+20,5.57924E+21,8.03149E+15,5.03612E+16
101980,7,3,16,0,2018,1,5,3,3,6,4,2,0,1,1,0,0,0,0,4.37703E+20,5.46678E+21,8.14224E+15,4.93505E+16
101981,7,3,19,0,2018,1,9,2,3,7,7,0,0,1,0,0,1,1,0,4.54573E+20,5.49713E+21,8.37102E+15,4.96251E+16
101982,7,1,38,54,2018,1,16,7,3,8,1,1,0,1,0,0,0,0,2,3.95966E+20,5.60148E+21,7.53133E+15,5.0556E+16
101983,7,3,37,27,2018,1,10,3,3,5,3,0,0,1,0,0,0,1,0,4.44122E+20,5.4575E+21,8.23191E+15,4.92677E+16
101984,7,3,35,16,2018,1,14,6,3,1,6,0,0,1,0,0,0,0,0,3.92292E+20,5.47655E+21,7.51451E+15,4.9432E+16
101985,7,1,40,501,2018,1,12,5,3,8,1,0,0,0,0,0,0,1,1,3.98521E+20,5.56661E+21,7.57682E+15,5.0243E+16
101986,7,1,33,117,2018,1,15,3,3,5,3,0,0,1,0,1,0,0,0,4.15715E+20,5.52219E+21,7.82766E+15,4.98462E+16
101987,7,2,35,68,2018,1,17,7,3,2,6,2,0,1,0,0,0,0,0,3.27794E+20,5.50996E+21,6.61099E+15,4.97175E+16
101988,7,1,41,63,2018,1,8,5,2,5,3,0,0,1,0,0,0,0,1,4.17801E+20,5.56858E+21,7.84671E+15,5.02637E+16
101989,7,3,31,3,2018,1,17,3,3,2,6,2,0,1,0,0,0,0,0,4.37368E+20,5.5114E+21,8.13053E+15,4.97518E+16
101990,7,2,11,0,2018,1,7,4,3,2,6,0,0,1,0,0,0,0,1,3.28885E+20,5.51554E+21,6.62366E+15,4.9768E+16
101991,7,1,43,42,2018,1,10,3,2,8,7,0,0,1,0,0,0,0,1,4.14555E+20,5.5934E+21,7.79553E+15,5.04863E+16
101992,7,2,32,50,2018,1,6,1,2,9,1,2,0,1,0,0,0,0,2,3.35051E+20,5.53347E+21,6.70159E+15,4.99308E+16
101993,7,3,31,21,2018,1,7,3,3,5,3,1,0,1,0,0,0,0,0,4.30055E+20,5.51247E+21,8.02883E+15,4.97607E+16
101994,7,2,32,43,2018,1,14,2,3,8,1,0,0,1,0,0,0,0,1,3.32078E+20,5.54358E+21,6.65579E+15,5.00209E+16
101995,7,3,32,30,2018,1,21,6,2,6,4,2,0,1,1,0,0,0,1,4.40684E+20,5.48759E+21,8.18016E+15,4.9538E+16
101996,7,3,31,71,2018,1,6,3,3,9,1,2,0,1,0,0,0,0,0,4.47241E+20,5.5061E+21,8.2683E+15,4.97051E+16
101997,7,3,38,14,2018,1,4,6,3,9,1,2,0,1,0,0,0,0,0,4.46867E+20,5.47379E+21,8.26747E+15,4.94144E+16
101998,7,3,12,0,2018,1,13,4,3,1,6,0,0,1,0,0,0,0,0,4.10095E+20,5.47641E+21,7.76E+15,4.94337E+16
101999,7,3,31,41,2018,1,18,3,2,5,3,2,0,1,0,0,0,0,0,4.4433E+20,5.49732E+21,8.22917E+15,4.96259E+16
102000,7,1,32,50,2018,1,11,4,3,4,6,0,0,1,0,0,0,0,1,4.24549E+20,5.62573E+21,7.9298E+15,5.07784E+16
102001,7,1,32,52,2018,1,5,3,3,8,1,2,0,1,0,0,0,0,1,4.04566E+20,5.61961E+21,7.64803E+15,5.07204E+16
102002,7,3,18,0,2018,1,17,7,3,5,3,2,1,1,0,0,0,0,1,4.58612E+20,5.46439E+21,8.43036E+15,4.93308E+16