OBJECTID_1,ULAND,UREGBEZ,UKREIS,UGEMEINDE,UJAHR,UMONAT,USTUNDE,UWOCHENTAG,UKATEGORIE,UART,UTYP1,ULICHTVERH,IstRad,IstPKW,IstFuss,IstKrad,IstGkfz,IstSonstig,STRZUSTAND,LINREFX,LINREFY,XGCSWGS84,YGCSWGS84
102377,7,3,13,0,2018,2,20,5,3,5,3,2,1,1,0,0,0,0,1,4.35635E+20,5.4494E+21,8.11657E+15,4.9194E+16
102378,7,3,17,0,2018,2,7,2,3,0,1,2,1,0,0,0,0,0,2,3.96528E+20,5.44956E+21,7.5799E+15,4.91901E+16
102379,7,1,43,48,2018,1,14,3,2,8,1,0,1,0,0,0,0,0,0,4.14614E+20,5.58868E+21,7.79745E+15,5.04439E+16
102380,7,3,32,25,2018,1,15,1,3,9,1,0,0,1,0,0,0,0,0,4.45732E+20,5.47017E+21,8.25231E+15,4.93818E+16
102381,7,1,43,48,2018,1,14,3,3,5,3,0,0,1,0,0,0,0,0,4.15838E+20,5.58567E+21,7.81536E+15,5.0417E+16
102382,7,1,38,12,2018,1,18,3,3,5,3,2,0,1,0,0,0,0,1,4.03914E+20,5.60028E+21,7.64381E+15,5.05466E+16
102383,7,3,32,33,2018,2,20,5,3,8,1,2,0,1,0,0,0,1,2,4.44343E+20,5.48876E+21,8.23057E+15,4.95489E+16
102384,7,1,40,80,2018,2,10,3,2,2,1,0,0,1,0,0,1,0,1,4.00696E+20,5.54873E+21,7.61197E+15,5.00826E+16
102385,7,1,31,6,2018,1,17,3,2,5,2,2,0,1,0,0,0,0,0,3.80113E+20,5.59576E+21,7.30948E+15,5.05016E+16
102386,7,3,32,2,2018,1,14,1,3,1,6,0,0,1,0,0,0,0,0,4.41686E+20,5.47974E+21,8.19517E+15,4.94675E+16
102387,7,1,31,7,2018,1,22,7,3,0,7,2,0,0,0,1,0,0,1,3.6628E+20,5.60109E+21,7.11261E+15,5.05464E+16
102388,7,1,41,29,2018,2,7,5,3,5,3,0,0,1,0,0,0,0,1,4.28973E+20,5.58088E+21,8.00111E+15,5.03756E+16
102389,7,2,35,125,2018,2,7,2,3,5,3,1,0,1,0,1,0,0,0,3.37565E+20,5.52203E+21,6.74139E+15,4.98287E+16
102390,7,1,31,7,2018,1,11,3,3,8,1,0,0,1,0,0,0,0,0,3.70022E+20,5.60097E+21,7.16544E+15,5.05462E+16
102391,7,3,34,25,2018,1,1,1,2,2,6,2,0,1,0,0,0,0,0,4.49175E+20,5.44507E+21,8.30294E+15,4.91564E+16
102392,7,3,18,0,2018,2,10,1,3,3,6,0,0,1,0,0,0,0,1,4.56775E+20,5.46691E+21,8.40481E+15,4.93534E+16
102393,7,1,31,7,2018,1,7,3,3,6,4,2,0,1,1,0,0,0,1,3.66808E+20,5.60109E+21,7.12005E+15,5.05466E+16
102394,7,3,11,0,2018,1,9,3,3,2,6,0,0,1,0,0,0,1,0,4.50128E+20,5.48427E+21,8.3111E+15,4.9509E+16
102395,7,3,14,0,2018,2,15,6,3,4,2,0,0,1,0,0,0,0,0,4.56082E+20,5.48185E+21,8.39361E+15,4.94877E+16
102396,7,1,37,203,2018,1,17,3,3,5,3,0,1,1,0,0,0,0,0,3.98967E+20,5.5866E+21,7.5777E+15,5.04227E+16
102397,7,1,11,0,2018,1,16,3,3,6,2,1,0,1,1,0,0,0,0,3.96662E+20,5.57785E+21,7.54767E+15,5.03437E+16
102398,7,3,14,0,2018,2,17,5,3,2,6,2,0,1,0,0,0,0,1,4.60492E+20,5.481E+21,8.45459E+15,4.94804E+16
102399,7,3,18,0,2018,2,7,2,3,5,3,2,1,1,0,0,0,0,0,4.5853E+20,5.46269E+21,8.42941E+15,4.93155E+16
102400,7,1,11,0,2018,1,15,3,3,5,3,0,1,1,0,0,0,0,0,3.98685E+20,5.5835E+21,7.57457E+15,5.03948E+16
102401,7,3,18,0,2018,1,20,1,3,5,3,2,0,1,0,0,0,0,0,4.58522E+20,5.46267E+21,8.4293E+15,4.93153E+16
102402,7,1,11,0,2018,1,17,3,3,2,6,2,0,1,0,0,0,0,0,3.96168E+20,5.58271E+21,7.5394E+15,5.03872E+16
102403,7,3,38,19,2018,1,6,4,3,2,6,2,0,1,0,0,0,0,0,4.53496E+20,5.4782E+21,8.35834E+15,4.94547E+16
102404,7,1,37,56,2018,2,17,2,2,3,6,0,0,1,0,0,0,0,0,3.82611E+20,5.58359E+21,7.3485E+15,5.03926E+16
102405,7,3,38,18,2018,1,17,1,2,5,2,2,0,1,0,0,0,0,0,4.48202E+20,5.4801E+21,8.28504E+15,4.94713E+16
102406,7,3,38,14,2018,2,23,7,3,8,7,2,0,1,0,0,0,0,0,4.4765E+20,5.47248E+21,8.27844E+15,4.94027E+16
102407,7,3,35,38,2018,1,7,2,3,2,6,2,0,1,0,0,0,0,1,3.92882E+20,5.47566E+21,7.52288E+15,4.94241E+16
102408,7,2,35,37,2018,1,14,3,2,5,3,0,0,1,0,0,0,1,1,3.35962E+20,5.50796E+21,6.72506E+15,4.97018E+16
102409,7,3,20,0,2018,1,13,6,3,2,6,0,0,1,0,0,0,0,1,3.83258E+20,5.455E+21,7.39627E+15,4.92366E+16
102410,7,1,32,39,2018,2,0,5,2,9,7,2,0,1,0,0,0,0,1,4.16599E+20,5.62191E+21,7.81793E+15,5.0743E+16
102411,7,1,38,9,2018,2,11,2,3,5,2,0,0,1,0,0,0,1,0,3.78342E+20,5.60175E+21,7.28256E+15,5.0555E+16
102412,7,3,31,3,2018,1,4,1,3,9,1,2,0,1,0,0,0,0,0,4.37023E+20,5.51166E+21,8.1257E+15,4.97541E+16
102413,7,3,39,12,2018,2,9,1,3,1,6,0,0,1,0,0,1,0,2,4.53539E+20,5.51928E+21,8.35406E+15,4.98242E+16
102414,7,3,36,102,2018,1,23,2,2,8,1,2,0,0,0,1,0,0,1,3.808E+20,5.47061E+21,7.35786E+15,4.93765E+16
102415,7,2,33,77,2018,1,9,3,2,7,6,0,0,1,1,0,0,0,0,3.53843E+20,5.56594E+21,6.95084E+15,5.02275E+16
102416,7,3,19,0,2018,2,5,6,3,8,1,2,0,1,0,0,0,0,2,4.48915E+20,5.49646E+21,8.29277E+15,4.96186E+16
102417,7,3,12,0,2018,1,16,2,3,1,2,0,0,1,0,0,0,0,1,4.05808E+20,5.48043E+21,7.69994E+15,4.94692E+16
102418,7,1,33,6,2018,2,10,5,3,2,6,0,0,1,0,0,0,1,0,4.16488E+20,5.52286E+21,7.83826E+15,4.98523E+16
102419,7,3,31,64,2018,2,7,2,2,0,7,0,0,1,0,0,0,0,0,4.40529E+20,5.52281E+21,8.17266E+15,4.98547E+16
102420,7,3,35,23,2018,1,16,2,3,1,1,0,0,1,0,0,0,0,0,4.01783E+20,5.46724E+21,7.64766E+15,4.935E+16
102421,7,2,33,501,2018,1,14,1,3,0,7,0,0,1,0,0,0,0,0,3.46447E+20,5.56654E+21,6.84698E+15,5.02311E+16
102422,7,3,32,48,2018,1,19,2,2,9,7,2,0,1,0,0,0,0,1,4.28902E+20,5.4725E+21,8.02005E+15,4.9401E+16
102423,7,3,15,0,2018,1,13,4,3,1,6,0,0,1,0,0,0,0,1,4.44745E+20,5.53761E+21,8.22918E+15,4.99883E+16
102424,7,3,38,19,2018,2,20,7,2,0,1,2,1,0,0,0,0,0,1,4.5277E+20,5.47666E+21,8.34851E+15,4.94408E+16
102425,7,3,16,0,2018,1,16,2,3,5,3,0,1,1,0,0,0,0,1,4.37913E+20,5.46668E+21,8.14515E+15,4.93496E+16
102426,7,3,18,0,2018,1,5,2,3,5,2,2,0,1,0,0,0,0,1,4.57353E+20,5.46289E+21,8.41319E+15,4.93172E+16
102427,7,1,43,48,2018,2,14,6,3,2,6,0,0,1,0,0,0,0,1,4.17078E+20,5.58805E+21,7.83228E+15,5.04386E+16
102428,7,1,43,81,2018,2,10,3,3,1,5,0,0,1,0,0,0,0,2,4.14856E+20,5.59191E+21,7.80012E+15,5.0473E+16
102429,7,3,14,0,2018,1,5,2,1,9,1,2,0,1,0,0,0,0,1,4.56546E+20,5.48144E+21,8.40006E+15,4.94841E+16
102430,7,2,11,0,2018,2,14,6,3,0,4,0,0,0,1,0,0,1,0,3.30595E+20,5.51413E+21,6.648E+15,4.97558E+16
102431,7,2,31,49,2018,2,13,3,3,9,1,0,0,1,0,0,0,0,1,3.51042E+20,5.5478E+21,6.91869E+15,5.00638E+16
102432,7,3,14,0,2018,1,19,2,3,5,2,2,0,1,0,0,0,0,1,4.58972E+20,5.4811E+21,8.4336E+15,4.94811E+16
102433,7,1,43,287,2018,1,1,1,3,8,1,2,0,1,0,0,0,0,1,4.06501E+20,5.60711E+21,7.6786E+15,5.06084E+16
102434,7,3,15,0,2018,2,17,5,3,5,3,2,0,1,0,0,0,0,0,4.46712E+20,5.53866E+21,8.25648E+15,4.99979E+16
102435,7,2,33,18,2018,2,16,2,3,4,2,0,0,1,0,0,0,0,0,3.44905E+20,5.56877E+21,6.82446E+15,5.02507E+16
102436,7,1,33,96,2018,1,8,2,3,2,6,0,0,1,0,0,0,0,1,3.93964E+20,5.51806E+21,7.52634E+15,4.98057E+16
102437,7,2,32,18,2018,1,1,1,3,8,1,2,0,1,0,0,0,0,1,3.21785E+20,5.5394E+21,6.51418E+15,4.99803E+16
102438,7,1,33,6,2018,1,7,2,3,2,6,2,0,1,0,1,0,0,1,4.19191E+20,5.52117E+21,7.87621E+15,4.98375E+16
102439,7,1,34,10,2018,1,21,4,2,8,1,2,0,1,0,0,0,0,1,3.67035E+20,5.49816E+21,7.15905E+15,4.96213E+16
102440,7,2,32,109,2018,2,19,7,3,5,3,2,0,1,0,0,0,1,1,3.19121E+20,5.54014E+21,6.47671E+15,4.99861E+16
102441,7,2,35,68,2018,1,5,2,3,0,7,2,0,1,0,0,0,0,1,3.27304E+20,5.50687E+21,6.60557E+15,4.96896E+16
102442,7,1,33,95,2018,1,2,2,3,9,1,2,0,1,0,0,0,0,2,4.10703E+20,5.53424E+21,7.75518E+15,4.99538E+16
102443,7,3,31,15,2018,1,5,2,3,9,1,2,0,0,0,0,0,1,2,4.43822E+20,5.51163E+21,8.22009E+15,4.97545E+16
102444,7,1,37,226,2018,2,7,6,2,5,3,2,1,1,0,0,0,0,0,4.01861E+20,5.58407E+21,7.6191E+15,5.04005E+16
102445,7,1,31,90,2018,2,18,3,2,9,1,2,0,1,0,0,0,0,2,3.63595E+20,5.60384E+21,7.07373E+15,5.05705E+16
102446,7,3,31,24,2018,1,2,2,2,8,1,2,0,1,0,0,0,0,2,4.3672E+20,5.5039E+21,8.12275E+15,4.96843E+16
102447,7,2,35,68,2018,1,22,1,3,0,3,2,0,1,0,1,0,0,1,3.25253E+20,5.50869E+21,6.57635E+15,4.97053E+16
102448,7,2,31,107,2018,1,9,7,3,8,1,0,0,1,0,0,0,0,1,3.5239E+20,5.53397E+21,6.94283E+15,4.99398E+16
102449,7,2,11,0,2018,2,12,5,3,5,3,0,1,1,0,0,0,0,0,3.28898E+20,5.51396E+21,6.62455E+15,4.97538E+16
102450,7,3,19,0,2018,1,16,2,3,5,3,1,0,1,0,0,0,0,0,4.52701E+20,5.50075E+21,8.34467E+15,4.96575E+16
102451,7,2,35,146,2018,1,18,1,3,4,6,2,0,1,0,0,0,0,1,3.15673E+20,5.50564E+21,6.44505E+15,4.96751E+16
102452,7,3,39,30,2018,1,10,2,3,5,3,0,0,1,0,0,0,0,1,4.30403E+20,5.53738E+21,8.02919E+15,4.99846E+16
102453,7,3,12,0,2018,1,11,3,2,8,1,0,0,1,0,0,1,0,0,4.05388E+20,5.48141E+21,7.69391E+15,4.94779E+16
102454,7,3,39,39,2018,1,0,7,3,8,1,2,0,1,0,0,0,0,1,4.52124E+20,5.53078E+21,8.33297E+15,4.99274E+16
102455,7,1,34,5,2018,2,7,5,3,4,2,1,0,1,0,0,0,1,1,3.77671E+20,5.49537E+21,7.30711E+15,4.95985E+16
102456,7,3,15,0,2018,1,13,2,3,1,6,0,0,1,0,0,0,0,0,4.46854E+20,5.53868E+21,8.25846E+15,4.99981E+16
102457,7,3,15,0,2018,1,18,2,3,2,6,2,0,1,0,0,0,0,0,4.49638E+20,5.5374E+21,8.29747E+15,4.99868E+16
102458,7,1,40,501,2018,1,20,4,3,7,7,2,0,1,0,0,0,1,1,4.04989E+20,5.55664E+21,7.66998E+15,5.01543E+16
102459,7,1,11,0,2018,2,22,7,2,3,2,2,1,1,0,0,0,0,0,3.96884E+20,5.58197E+21,7.54966E+15,5.03808E+16
102460,7,3,15,0,2018,1,8,2,3,1,6,0,0,1,0,0,1,0,1,4.50265E+20,5.53686E+21,8.30628E+15,4.9982E+16
102461,7,1,33,26,2018,1,1,2,3,8,1,2,0,1,0,0,0,0,2,4.18977E+20,5.53142E+21,7.87109E+15,4.99297E+16
102462,7,3,32,25,2018,2,11,5,3,3,6,0,1,0,0,0,1,0,0,4.46213E+20,5.4673E+21,8.25932E+15,4.9356E+16
102463,7,3,40,4,2018,2,12,2,3,2,6,0,0,1,0,0,0,0,0,4.12823E+20,5.4434E+21,7.80482E+15,4.91372E+16
102464,7,1,34,60,2018,1,17,2,1,6,6,2,0,1,1,0,0,0,1,3.80467E+20,5.51383E+21,7.34014E+15,4.97651E+16
102465,7,1,37,216,2018,1,15,7,3,5,3,0,0,1,0,0,0,1,0,3.94445E+20,5.583E+21,7.51509E+15,5.03896E+16
102466,7,1,43,66,2018,2,18,5,3,9,1,1,0,0,0,0,0,1,1,4.13307E+20,5.60736E+21,7.77471E+15,5.06117E+16
102467,7,1,41,502,2018,2,10,2,3,4,1,0,0,1,0,0,0,0,1,4.2004E+20,5.5586E+21,7.88023E+15,5.01742E+16
102468,7,2,35,91,2018,1,16,2,3,4,6,2,0,1,0,0,0,0,0,3.40639E+20,5.52739E+21,6.7819E+15,4.98777E+16
102469,7,3,34,25,2018,2,10,1,3,9,1,0,0,0,0,0,0,1,2,4.46732E+20,5.44495E+21,8.26945E+15,4.91551E+16
102470,7,2,11,0,2018,1,20,2,3,5,2,2,0,1,0,0,0,0,1,3.29152E+20,5.51374E+21,6.62816E+15,4.97518E+16
102471,7,3,16,0,2018,1,14,3,2,5,3,0,1,1,0,0,0,0,0,4.3903E+20,5.46537E+21,8.16072E+15,4.9338E+16
102472,7,1,33,501,2018,2,7,6,3,5,3,1,1,1,0,0,0,0,1,4.01949E+20,5.51576E+21,7.63786E+15,4.97863E+16
102473,7,2,11,0,2018,1,17,2,3,8,7,0,0,1,0,0,0,0,0,3.2936E+20,5.51442E+21,6.63075E+15,4.9758E+16
102474,7,3,39,5,2018,2,14,5,3,4,7,0,0,1,0,0,0,0,0,4.21708E+20,5.53576E+21,7.90824E+15,4.9969E+16
102475,7,3,37,52,2018,2,8,6,3,5,3,0,0,1,0,1,0,0,0,4.36839E+20,5.46104E+21,8.13125E+15,4.92989E+16
102476,7,2,11,0,2018,1,11,2,3,5,3,0,0,1,0,0,0,0,1,3.30011E+20,5.51342E+21,6.64021E+15,4.97492E+16
102477,7,3,18,0,2018,2,16,5,3,5,3,0,0,1,1,0,0,0,1,4.5834E+20,5.46411E+21,8.42665E+15,4.93283E+16
102478,7,3,37,38,2018,2,16,2,2,9,1,0,0,1,0,0,0,0,0,4.39965E+20,5.44368E+21,8.17684E+15,4.9143E+16
102479,7,1,43,263,2018,1,15,2,2,5,3,0,0,1,0,0,0,0,1,4.21665E+20,5.59351E+21,7.89572E+15,5.04883E+16
102480,7,3,36,48,2018,1,17,6,3,1,7,2,0,1,0,0,0,0,0,3.95663E+20,5.48778E+21,7.55802E+15,4.95337E+16
102481,7,1,31,6,2018,2,9,5,3,2,2,0,0,1,0,0,0,0,1,3.79351E+20,5.5967E+21,7.29843E+15,5.05098E+16
102482,7,1,38,45,2018,2,7,2,2,6,4,1,0,1,1,0,0,0,0,3.91843E+20,5.58914E+21,7.47672E+15,5.04443E+16
102483,7,2,33,26,2018,2,22,1,3,8,1,2,0,1,0,0,0,0,2,3.3065E+20,5.56551E+21,6.62613E+15,5.02175E+16
102484,7,1,43,250,2018,1,9,2,3,1,2,0,0,1,0,0,0,0,1,4.09852E+20,5.6162E+21,7.72373E+15,5.06906E+16
102485,7,2,31,57,2018,1,6,3,3,8,1,2,0,1,0,0,0,0,2,3.55176E+20,5.54895E+21,6.97598E+15,5.00752E+16
102486,7,2,32,76,2018,2,19,6,3,8,1,2,0,1,0,0,0,0,2,3.23922E+20,5.54915E+21,6.53948E+15,5.00685E+16
102487,7,2,32,296,2018,2,12,3,3,9,1,0,0,1,0,0,0,0,1,3.1561E+20,5.56389E+21,6.41632E+15,5.01984E+16
102488,7,1,41,85,2018,1,6,2,3,5,3,2,0,1,0,0,0,0,1,4.16534E+20,5.5647E+21,7.8298E+15,5.02286E+16
102489,7,3,39,20,2018,2,18,5,3,2,6,2,0,1,0,0,0,0,1,4.48409E+20,5.52946E+21,8.28139E+15,4.99153E+16
102490,7,3,15,0,2018,2,16,2,3,4,2,0,1,1,0,0,0,0,0,4.47329E+20,5.53734E+21,8.26527E+15,4.99861E+16
102491,7,1,43,48,2018,1,16,2,3,7,6,0,0,1,0,0,0,0,1,4.15903E+20,5.58635E+21,7.81613E+15,5.04231E+16
102492,7,3,20,0,2018,1,13,2,2,2,1,0,0,1,0,0,0,0,1,3.83965E+20,5.46374E+21,7.40344E+15,4.93153E+16
102493,7,1,31,3,2018,1,18,2,3,9,1,2,0,1,0,0,0,0,1,3.57058E+20,5.59585E+21,6.98454E+15,5.04971E+16
102494,7,3,15,0,2018,1,15,4,3,3,6,0,0,1,0,0,0,0,1,4.4654E+20,5.53505E+21,8.25459E+15,4.99654E+16
102495,7,3,38,25,2018,2,12,2,3,5,3,0,0,1,0,0,0,0,0,4.52154E+20,5.47096E+21,8.3407E+15,4.93894E+16
102496,7,1,37,212,2018,1,18,2,3,5,3,2,0,1,0,0,0,0,1,3.88692E+20,5.57473E+21,7.43663E+15,5.03141E+16
102497,7,1,11,0,2018,1,8,2,3,2,6,1,0,1,0,0,0,0,1,3.9877E+20,5.58196E+21,7.57619E+15,5.03809E+16
102498,7,3,39,63,2018,1,8,4,3,5,3,0,0,1,0,0,0,0,1,4.18539E+20,5.53426E+21,7.86439E+15,4.99552E+16
102499,7,3,16,0,2018,2,8,7,3,9,1,0,0,1,0,0,0,0,0,4.38418E+20,5.46733E+21,8.152E+15,4.93555E+16
102500,7,1,38,11,2018,1,16,2,3,8,6,0,0,1,0,0,1,0,1,4.13832E+20,5.58911E+21,7.78634E+15,5.04477E+16
102501,7,1,38,80,2018,1,12,3,3,5,3,0,0,1,0,0,0,0,0,3.85793E+20,5.6167E+21,7.3831E+15,5.06909E+16
102502,7,1,43,242,2018,2,15,6,3,2,6,0,0,1,0,0,0,0,1,4.27549E+20,5.60762E+21,7.9759E+15,5.0616E+16
102503,7,1,43,299,2018,2,6,3,2,8,3,2,0,1,0,0,0,0,0,4.16323E+20,5.6155E+21,7.81548E+15,5.06853E+16
102504,7,3,40,206,2018,1,10,1,3,3,1,0,1,1,0,0,0,0,2,3.85579E+20,5.45629E+21,7.42777E+15,4.92487E+16
102505,7,3,39,4,2018,1,17,7,2,5,2,2,0,1,0,0,0,0,0,4.27521E+20,5.52103E+21,7.99206E+15,4.98373E+16
102506,7,2,33,76,2018,2,10,5,3,5,3,0,0,1,0,0,0,0,1,3.40164E+20,5.57588E+21,6.75501E+15,5.03133E+16
102507,7,3,36,67,2018,1,6,1,3,9,1,2,0,1,0,0,0,0,1,3.87981E+20,5.49711E+21,7.44924E+15,4.96162E+16
102508,7,3,19,0,2018,1,21,1,2,2,6,2,0,1,0,0,0,0,0,4.48577E+20,5.49486E+21,8.2883E+15,4.96041E+16
102509,7,1,38,44,2018,1,9,4,3,9,3,0,0,1,0,0,0,0,1,3.87377E+20,5.61015E+21,7.4075E+15,5.06323E+16
102510,7,1,40,64,2018,2,15,7,3,4,1,0,0,1,0,0,0,0,0,3.89906E+20,5.54867E+21,7.46122E+15,5.00801E+16
102511,7,2,11,0,2018,1,9,2,3,1,6,0,0,1,0,0,1,0,0,3.31951E+20,5.51593E+21,6.66604E+15,4.97723E+16
102512,7,3,37,36,2018,1,10,1,3,5,3,0,0,1,0,0,0,0,0,4.34598E+20,5.45619E+21,8.10122E+15,4.92549E+16
102513,7,3,12,0,2018,2,17,5,3,2,6,1,0,1,0,0,0,0,1,4.10096E+20,5.47896E+21,7.75944E+15,4.94566E+16
102514,7,1,34,10,2018,2,4,1,2,6,6,2,0,1,1,0,0,0,0,3.6722E+20,5.49899E+21,7.16133E+15,4.96288E+16
102515,7,1,34,3,2018,2,14,3,3,4,1,0,0,1,0,0,1,0,0,3.67741E+20,5.51314E+21,7.16376E+15,4.97562E+16
102516,7,2,35,148,2018,2,17,6,3,4,6,0,0,1,0,0,0,0,0,3.26029E+20,5.50514E+21,6.58868E+15,4.96737E+16
102517,7,2,35,501,2018,2,12,3,3,5,3,0,0,1,0,0,1,0,0,3.24252E+20,5.52332E+21,6.55586E+15,4.98365E+16
102518,7,2,35,26,2018,2,12,6,3,2,6,0,0,1,0,0,0,0,0,3.4117E+20,5.52451E+21,6.79047E+15,4.98519E+16
102519,7,3,17,0,2018,2,9,4,3,5,3,0,0,1,0,0,0,0,0,3.98901E+20,5.452E+21,7.61185E+15,4.92124E+16
102520,7,1,38,61,2018,2,7,4,3,8,1,0,0,1,0,0,0,0,0,3.92278E+20,5.59613E+21,7.48083E+15,5.05072E+16
102521,7,2,11,0,2018,2,11,3,2,5,3,0,0,1,0,0,0,0,0,3.31999E+20,5.51601E+21,6.66667E+15,4.9773E+16
102522,7,1,32,15,2018,2,6,5,3,8,1,1,0,1,0,0,0,0,2,3.95752E+20,5.60815E+21,7.52645E+15,5.06159E+16
102523,7,2,11,0,2018,2,6,3,3,1,6,2,0,1,0,0,0,0,0,3.29073E+20,5.51181E+21,6.62791E+15,4.97345E+16
102524,7,1,37,3,2018,2,7,3,3,2,6,0,0,1,0,0,0,0,1,3.85414E+20,5.58939E+21,7.38615E+15,5.04453E+16
102525,7,1,43,308,2018,2,13,3,3,1,6,0,0,1,0,0,1,0,0,4.2742E+20,5.60045E+21,7.97549E+15,5.05515E+16
102526,7,2,35,58,2018,2,6,1,2,9,7,2,0,1,0,0,0,0,1,3.44968E+20,5.50195E+21,6.85224E+15,4.96502E+16
102527,7,3,14,0,2018,2,11,7,3,2,6,0,0,1,0,0,1,0,0,4.58904E+20,5.47939E+21,8.43283E+15,4.94657E+16
102528,7,1,43,304,2018,2,6,3,2,6,4,2,0,1,1,0,0,0,0,4.25645E+20,5.59308E+21,7.9519E+15,5.0485E+16
102529,7,3,33,19,2018,2,22,7,3,9,1,2,0,1,0,0,0,0,2,4.30627E+20,5.48863E+21,8.04099E+15,4.95463E+16
102530,7,2,35,68,2018,3,16,5,3,5,3,0,0,1,0,0,0,0,0,3.28871E+20,5.50723E+21,6.62712E+15,4.96933E+16
102531,7,3,15,0,2018,2,11,5,3,6,7,0,0,1,1,0,0,0,0,4.46831E+20,5.539E+21,8.25809E+15,5.00009E+16
102532,7,1,43,81,2018,2,17,3,3,2,6,0,0,1,0,1,0,0,0,4.14362E+20,5.59164E+21,7.79322E+15,5.04705E+16
102533,7,3,20,0,2018,2,15,5,3,2,6,0,0,1,0,0,0,0,1,3.79003E+20,5.45751E+21,7.33708E+15,4.92583E+16
102534,7,2,11,0,2018,2,17,4,3,2,6,0,0,1,0,0,0,0,0,3.32402E+20,5.51608E+21,6.67224E+15,4.97738E+16
102535,7,3,19,0,2018,2,13,3,2,0,7,0,0,0,0,1,0,0,0,4.52261E+20,5.49994E+21,8.33867E+15,4.96501E+16
102536,7,1,32,6,2018,2,14,3,3,4,2,0,0,1,0,0,0,0,0,4.19465E+20,5.62841E+21,7.85712E+15,5.08018E+16
102537,7,3,14,0,2018,2,17,4,3,2,6,0,0,1,0,0,0,0,0,4.60557E+20,5.48105E+21,8.45548E+15,4.94808E+16
102538,7,1,32,39,2018,2,10,3,3,8,1,0,0,0,0,1,0,0,2,4.16899E+20,5.62251E+21,7.82206E+15,5.07484E+16
102539,7,3,35,48,2018,2,6,2,3,1,7,1,0,1,0,0,0,1,0,4.18941E+20,5.47225E+21,7.88284E+15,4.93976E+16
102540,7,3,13,0,2018,2,20,2,3,1,6,2,0,1,0,0,0,0,0,4.3538E+20,5.44923E+21,8.11309E+15,4.91924E+16
102541,7,1,32,69,2018,2,8,3,3,0,7,0,0,1,0,0,0,0,2,3.94528E+20,5.61619E+21,7.50686E+15,5.0688E+16
102542,7,1,33,96,2018,2,18,4,2,4,2,2,0,1,0,0,0,0,0,3.93728E+20,5.51818E+21,7.52303E+15,4.98067E+16
102543,7,3,37,501,2018,2,13,3,2,4,1,0,0,1,0,0,1,0,0,4.23177E+20,5.45079E+21,7.94534E+15,4.92051E+16
102544,7,1,35,83,2018,2,18,3,3,5,2,1,0,1,0,0,0,0,0,3.55245E+20,5.56431E+21,6.97111E+15,5.02132E+16
102545,7,1,11,0,2018,2,8,5,3,1,6,0,0,1,0,0,0,0,2,3.98765E+20,5.57948E+21,7.57678E+15,5.03587E+16
102546,7,1,31,70,2018,2,9,3,3,3,7,0,0,1,0,0,0,0,0,3.75454E+20,5.60329E+21,7.24128E+15,5.05682E+16
102547,7,1,31,90,2018,2,9,3,3,2,6,0,0,1,0,0,1,0,0,3.62956E+20,5.60494E+21,7.0643E+15,5.05803E+16
102548,7,1,43,308,2018,2,13,4,2,5,3,0,0,1,0,0,0,1,0,4.2815E+20,5.6007E+21,7.98574E+15,5.05538E+16
102549,7,1,43,32,2018,2,8,3,2,2,1,0,0,1,0,0,0,0,1,4.06332E+20,5.58914E+21,7.68072E+15,5.04468E+16
102550,7,1,37,8,2018,2,8,3,3,5,3,1,0,1,0,0,0,0,0,3.74373E+20,5.5832E+21,7.23278E+15,5.03874E+16
102551,7,3,19,0,2018,2,14,3,2,6,7,0,0,1,1,0,0,0,0,4.53421E+20,5.49901E+21,8.35485E+15,4.96419E+16
102552,7,1,40,10,2018,2,9,3,3,5,2,0,0,1,0,0,0,0,0,3.89937E+20,5.55134E+21,7.46089E+15,5.01041E+16
102553,7,1,38,44,2018,2,3,1,3,9,1,2,0,1,0,0,0,0,1,3.88085E+20,5.60834E+21,7.41805E+15,5.06162E+16
102554,7,3,15,0,2018,2,16,7,3,5,2,0,1,1,1,0,0,0,0,4.47606E+20,5.53674E+21,8.26921E+15,4.99807E+16
102555,7,1,37,203,2018,2,19,3,3,8,1,2,0,1,0,0,0,0,0,3.99472E+20,5.58867E+21,7.58426E+15,5.04414E+16
102556,7,1,37,68,2018,2,10,7,2,8,1,0,0,1,0,0,0,0,0,3.75208E+20,5.57201E+21,7.24823E+15,5.0287E+16
102557,7,1,37,36,2018,3,17,5,3,4,1,0,0,1,0,0,0,0,0,3.66566E+20,5.57664E+21,7.12534E+15,5.03268E+16
102558,7,1,38,5,2018,2,16,5,3,2,6,0,0,1,0,0,0,0,0,3.9338E+20,5.59891E+21,7.49557E+15,5.05324E+16
102559,7,1,37,207,2018,2,21,3,3,2,6,2,0,1,0,0,0,0,0,3.92816E+20,5.57295E+21,7.49504E+15,5.02989E+16
102560,7,3,32,47,2018,2,8,5,3,8,1,0,0,0,0,0,1,0,2,4.36176E+20,5.48785E+21,8.11782E+15,4.95399E+16
102561,7,1,31,90,2018,2,3,4,3,9,1,2,0,1,0,0,0,0,2,3.69136E+20,5.60635E+21,7.15105E+15,5.05944E+16
102562,7,2,33,40,2018,2,20,3,3,6,6,2,0,1,1,0,0,0,1,3.47438E+20,5.56869E+21,6.86001E+15,5.02506E+16
102563,7,1,37,207,2018,2,21,3,3,2,6,2,0,1,0,0,0,1,0,3.92816E+20,5.57295E+21,7.49504E+15,5.02989E+16
102564,7,3,39,30,2018,2,18,4,3,2,6,2,0,1,0,0,0,0,0,4.30171E+20,5.53594E+21,8.02621E+15,4.99717E+16