OBJECTID_1,ULAND,UREGBEZ,UKREIS,UGEMEINDE,UJAHR,UMONAT,USTUNDE,UWOCHENTAG,UKATEGORIE,UART,UTYP1,ULICHTVERH,IstRad,IstPKW,IstFuss,IstKrad,IstGkfz,IstSonstig,STRZUSTAND,LINREFX,LINREFY,XGCSWGS84,YGCSWGS84
103126,7,1,37,227,2018,3,16,7,2,3,6,0,0,1,0,1,0,0,0,3.95898E+20,5.5699E+21,7.53913E+15,5.02721E+16
103127,7,3,37,47,2018,3,12,4,2,6,4,0,0,1,1,0,0,0,0,4.39419E+20,5.46114E+21,8.16672E+15,4.93E+16
103128,7,2,31,134,2018,3,10,5,3,8,1,0,0,1,0,0,0,0,2,3.54614E+20,5.53903E+21,6.97189E+15,4.99859E+16
103129,7,3,39,49,2018,3,7,5,3,1,6,0,0,1,0,1,0,0,0,4.53872E+20,5.52304E+21,8.35824E+15,4.9858E+16
103130,7,1,31,3,2018,3,12,7,3,4,6,0,0,1,0,0,0,0,0,3.58406E+20,5.60063E+21,7.00171E+15,5.05404E+16
103131,7,2,33,501,2018,3,5,1,3,9,1,2,0,1,0,0,0,0,1,3.41927E+20,5.5647E+21,6.78443E+15,5.02133E+16
103132,7,3,33,26,2018,3,10,2,3,2,6,0,0,1,0,0,0,0,0,4.31891E+20,5.49308E+21,8.05769E+15,4.95864E+16
103133,7,3,35,22,2018,3,15,1,3,4,1,0,0,1,0,0,0,0,2,3.97993E+20,5.47361E+21,7.59386E+15,4.94067E+16
103134,7,3,37,20,2018,3,5,4,3,5,2,2,0,1,0,0,0,0,1,4.37504E+20,5.45982E+21,8.14059E+15,4.92879E+16
103135,7,1,32,24,2018,3,9,2,3,1,1,0,0,1,0,0,0,1,1,4.17797E+20,5.62303E+21,7.83467E+15,5.07532E+16
103136,7,3,14,0,2018,3,17,4,3,2,6,0,0,1,0,0,0,0,0,4.56943E+20,5.47862E+21,8.40585E+15,4.94587E+16
103137,7,3,19,0,2018,3,13,5,3,2,2,0,0,1,0,0,1,0,1,4.537E+20,5.50051E+21,8.35853E+15,4.96554E+16
103138,7,3,12,0,2018,3,17,5,3,2,6,0,0,1,0,0,0,0,1,4.09335E+20,5.47868E+21,7.74901E+15,4.9454E+16
103139,7,1,43,295,2018,3,20,5,3,1,7,2,0,1,0,0,0,0,0,4.33532E+20,5.61356E+21,8.0594E+15,5.06701E+16
103140,7,3,33,26,2018,3,13,4,1,4,6,0,0,1,0,0,0,1,0,4.29616E+20,5.49416E+21,8.02603E+15,4.9596E+16
103141,7,3,38,16,2018,3,6,4,3,8,1,0,0,1,0,0,0,0,1,4.47863E+20,5.48727E+21,8.27942E+15,4.95358E+16
103142,7,3,19,0,2018,3,16,4,2,5,2,0,1,1,0,0,0,0,0,4.52195E+20,5.49995E+21,8.33774E+15,4.96502E+16
103143,7,2,35,143,2018,3,12,4,3,8,6,0,0,1,0,0,0,0,0,3.23459E+20,5.50829E+21,6.55167E+15,4.97012E+16
103144,7,3,36,55,2018,3,12,7,2,0,1,0,0,1,0,1,0,0,1,3.866E+20,5.48903E+21,7.43245E+15,4.95432E+16
103145,7,3,38,14,2018,3,9,3,3,5,2,0,0,1,0,0,0,1,0,4.48249E+20,5.47446E+21,8.28644E+15,4.94206E+16
103146,7,3,15,0,2018,3,12,4,3,5,2,0,1,1,0,0,0,0,0,4.47405E+20,5.5377E+21,8.26628E+15,4.99893E+16
103147,7,2,32,28,2018,3,2,3,2,8,1,2,0,1,0,0,0,0,0,3.16024E+20,5.52218E+21,6.4421E+15,4.98238E+16
103148,7,2,11,0,2018,3,7,4,3,3,6,0,0,1,0,1,0,0,1,3.3375E+20,5.51638E+21,6.6908E+15,4.97769E+16
103149,7,1,38,45,2018,3,14,1,3,2,2,0,0,1,0,0,0,0,1,3.92497E+20,5.5903E+21,7.4856E+15,5.04548E+16
103150,7,3,20,0,2018,3,0,2,3,9,1,2,0,1,0,0,0,0,1,3.79102E+20,5.45676E+21,7.33867E+15,4.92517E+16
103151,7,3,39,30,2018,3,23,6,3,9,1,2,0,0,0,0,0,1,0,4.35019E+20,5.53662E+21,8.0937E+15,4.99784E+16
103152,7,3,40,14,2018,3,8,1,1,4,1,0,0,1,0,0,1,0,0,4.13505E+20,5.45059E+21,7.81263E+15,4.9202E+16
103153,7,1,41,15,2018,3,4,1,3,9,1,2,0,1,0,0,0,0,2,4.12958E+20,5.55849E+21,7.7811E+15,5.01722E+16
103154,7,2,31,101,2018,3,16,4,3,2,6,0,0,1,0,0,0,0,1,3.52631E+20,5.54935E+21,6.94028E+15,5.00781E+16
103155,7,3,40,226,2018,3,14,1,2,8,7,0,0,1,0,0,0,0,1,3.90534E+20,5.45248E+21,7.49687E+15,4.92153E+16
103156,7,1,34,69,2018,3,20,6,3,9,1,2,0,1,0,0,0,0,1,3.82418E+20,5.52407E+21,7.36413E+15,4.98575E+16
103157,7,2,35,58,2018,3,6,4,3,8,1,2,0,1,0,0,0,0,2,3.41337E+20,5.50023E+21,6.80267E+15,4.96338E+16
103158,7,1,41,41,2018,3,6,5,2,9,6,1,0,1,0,0,0,0,1,4.04827E+20,5.57548E+21,7.66299E+15,5.03238E+16
103159,7,1,43,51,2018,3,12,5,3,5,3,0,0,1,0,0,0,0,0,4.2442E+20,5.58578E+21,7.93611E+15,5.04192E+16
103160,7,1,38,23,2018,3,14,5,2,9,1,0,0,1,0,0,0,1,0,4.02938E+20,5.59768E+21,7.63072E+15,5.0523E+16
103161,7,1,43,274,2018,3,15,4,2,4,6,0,0,1,0,0,0,0,1,4.31961E+20,5.61088E+21,8.03766E+15,5.06458E+16
103162,7,2,31,1,2018,3,19,4,3,2,1,2,0,1,0,0,0,0,0,3.51053E+20,5.53515E+21,6.92376E+15,4.99501E+16
103163,7,1,38,80,2018,3,7,4,3,8,2,0,0,1,0,0,1,0,1,3.85089E+20,5.61552E+21,7.37349E+15,5.06802E+16
103164,7,1,37,203,2018,3,16,4,3,7,7,0,0,1,0,0,1,0,0,3.98924E+20,5.58544E+21,7.57742E+15,5.04123E+16
103165,7,3,33,39,2018,3,3,7,3,9,1,2,0,1,0,0,0,0,0,4.26536E+20,5.50282E+21,7.9818E+15,4.96734E+16
103166,7,3,40,54,2018,3,16,2,3,5,3,0,0,1,0,0,0,0,0,4.00736E+20,5.45968E+21,7.63513E+15,4.92818E+16
103167,7,1,37,203,2018,3,18,5,3,4,6,0,0,1,0,0,0,0,0,3.98581E+20,5.58694E+21,7.57219E+15,5.04257E+16
103168,7,1,38,73,2018,3,8,4,3,2,6,0,0,1,0,0,0,0,0,3.74174E+20,5.60612E+21,7.22226E+15,5.05934E+16
103169,7,3,15,0,2018,3,7,4,3,6,4,0,0,1,1,0,0,0,0,4.47589E+20,5.53763E+21,8.26885E+15,4.99887E+16
103170,7,1,31,6,2018,3,14,4,3,2,6,0,0,1,0,0,0,0,0,3.78842E+20,5.59758E+21,7.29097E+15,5.05176E+16
103171,7,1,37,226,2018,3,9,4,3,2,2,0,0,1,0,0,0,1,0,4.00971E+20,5.58431E+21,7.60652E+15,5.04025E+16
103172,7,3,16,0,2018,3,22,7,1,0,7,2,0,1,0,0,0,0,0,4.40968E+20,5.46527E+21,8.18742E+15,4.93373E+16
103173,7,2,31,7,2018,3,17,3,3,2,6,0,0,1,0,0,1,1,1,3.44281E+20,5.538E+21,6.82827E+15,4.9974E+16
103174,7,1,31,77,2018,3,9,4,3,2,2,0,0,1,0,0,0,0,0,3.75633E+20,5.60133E+21,7.24447E+15,5.05507E+16
103175,7,1,37,3,2018,3,17,3,3,5,3,0,0,1,0,0,0,0,0,3.88261E+20,5.58689E+21,7.42696E+15,5.04234E+16
103176,7,1,40,62,2018,3,18,4,3,5,3,2,0,1,0,0,0,0,1,3.82698E+20,5.5397E+21,7.36326E+15,4.9998E+16
103177,7,3,12,0,2018,3,10,2,3,5,2,0,0,1,0,0,0,0,1,4.09315E+20,5.47526E+21,7.74951E+15,4.94232E+16
103178,7,1,43,262,2018,3,21,6,3,2,6,2,0,1,0,1,0,0,1,4.13413E+20,5.61124E+21,7.7753E+15,5.06466E+16
103179,7,3,34,18,2018,3,12,1,3,3,2,0,1,1,0,0,0,0,0,4.46967E+20,5.45493E+21,8.27135E+15,4.92448E+16
103180,7,3,19,0,2018,3,19,7,2,4,2,2,0,1,0,0,0,0,0,4.51885E+20,5.49668E+21,8.33385E+15,4.96208E+16
103181,7,1,33,45,2018,3,5,1,3,8,1,2,0,1,0,0,0,0,1,4.17083E+20,5.51298E+21,7.84866E+15,4.97636E+16
103182,7,1,31,28,2018,3,5,6,3,2,6,2,0,1,0,0,0,0,0,3.59314E+20,5.58302E+21,7.02113E+15,5.03824E+16
103183,7,1,11,0,2018,3,7,4,3,7,1,1,1,0,0,0,0,1,1,3.97451E+20,5.57952E+21,7.5583E+15,5.03588E+16
103184,7,1,32,117,2018,3,13,5,2,6,6,2,0,0,1,0,0,1,0,4.11153E+20,5.6264E+21,7.73968E+15,5.07825E+16
103185,7,1,11,0,2018,3,21,5,2,5,3,2,0,1,0,0,0,0,1,3.97798E+20,5.58142E+21,7.56266E+15,5.03759E+16
103186,7,3,34,7,2018,3,17,4,3,5,3,0,0,1,0,0,0,0,1,4.53688E+20,5.45207E+21,8.36402E+15,4.92197E+16
103187,7,1,11,0,2018,3,6,4,2,7,1,1,0,0,0,1,0,1,1,3.97451E+20,5.57952E+21,7.5583E+15,5.03588E+16
103188,7,1,32,18,2018,3,6,4,3,1,5,0,0,1,0,0,0,0,0,4.27017E+20,5.62151E+21,7.96564E+15,5.07408E+16
103189,7,1,11,0,2018,3,6,4,3,7,1,1,1,0,0,0,0,1,1,3.97451E+20,5.57952E+21,7.5583E+15,5.03588E+16
103190,7,3,38,25,2018,3,15,3,3,5,3,0,1,1,0,0,0,0,0,4.5561E+20,5.47022E+21,8.3884E+15,4.9383E+16
103191,7,3,34,17,2018,3,15,7,3,9,1,0,0,1,0,0,0,0,1,4.52554E+20,5.45383E+21,8.34824E+15,4.92354E+16
103192,7,2,35,95,2018,3,10,1,3,8,1,0,0,1,0,0,0,0,1,3.14253E+20,5.49976E+21,6.42818E+15,4.96218E+16
103193,7,2,32,18,2018,3,8,7,1,5,3,0,0,1,0,0,0,0,0,3.18527E+20,5.53915E+21,6.4689E+15,4.99771E+16
103194,7,3,34,13,2018,3,17,2,3,8,1,0,0,0,0,0,1,0,0,4.39643E+20,5.44165E+21,8.17273E+15,4.91248E+16
103195,7,1,41,29,2018,3,16,2,3,8,1,0,1,0,0,0,0,0,0,4.2937E+20,5.58028E+21,8.00681E+15,5.03704E+16
103196,7,3,13,0,2018,3,7,2,3,5,3,0,1,1,0,0,0,0,0,4.36743E+20,5.45053E+21,8.13159E+15,4.92043E+16
103197,7,1,35,93,2018,3,7,4,3,0,7,0,0,1,0,0,0,0,1,3.65482E+20,5.56452E+21,7.11443E+15,5.02176E+16
103198,7,3,19,0,2018,3,20,2,2,8,7,2,0,1,0,0,0,0,0,4.52486E+20,5.50083E+21,8.34167E+15,4.96581E+16
103199,7,1,37,207,2018,3,16,6,3,2,6,0,0,1,0,0,0,1,0,3.93987E+20,5.57178E+21,7.5118E+15,5.02886E+16
103200,7,3,14,0,2018,3,21,6,3,1,7,2,0,1,0,0,0,0,1,4.53576E+20,5.48113E+21,8.3591E+15,4.94811E+16
103201,7,2,33,26,2018,3,17,2,3,2,2,0,0,1,0,0,0,0,0,3.34258E+20,5.56608E+21,6.67643E+15,5.02236E+16
103202,7,1,40,501,2018,3,2,3,3,9,1,2,0,0,0,0,1,0,0,3.96182E+20,5.5637E+21,7.54482E+15,5.02163E+16
103203,7,3,33,503,2018,3,18,3,2,9,1,2,0,1,0,0,0,0,0,4.15442E+20,5.49025E+21,7.83077E+15,4.9559E+16
103204,7,3,38,12,2018,3,18,2,2,3,6,1,0,1,0,0,0,0,0,4.48172E+20,5.48845E+21,8.28354E+15,4.95464E+16
103205,7,1,35,30,2018,3,17,6,3,8,1,1,0,0,0,1,0,0,0,3.55922E+20,5.55966E+21,6.98235E+15,5.01716E+16
103206,7,2,35,91,2018,3,7,1,3,4,6,1,0,1,0,0,0,0,0,3.38862E+20,5.52777E+21,6.75702E+15,4.98806E+16
103207,7,1,41,75,2018,3,10,7,3,3,6,0,0,1,0,0,0,0,0,4.04055E+20,5.57509E+21,7.65225E+15,5.03201E+16
103208,7,1,37,203,2018,3,16,6,3,9,1,0,0,1,0,0,0,0,0,3.99509E+20,5.58525E+21,7.58569E+15,5.04107E+16
103209,7,3,14,0,2018,3,22,3,3,5,3,2,0,1,0,0,0,0,1,4.59188E+20,5.47919E+21,8.43677E+15,4.9464E+16
103210,7,1,37,68,2018,3,8,5,3,5,3,0,0,1,0,0,0,0,1,3.75563E+20,5.57226E+21,7.25312E+15,5.02894E+16
103211,7,3,37,44,2018,3,7,4,3,2,2,1,0,1,0,0,0,0,0,4.39268E+20,5.4434E+21,8.16733E+15,4.91404E+16
103212,7,2,35,125,2018,3,19,4,2,8,1,1,0,0,0,0,0,1,1,3.39122E+20,5.52241E+21,6.76287E+15,4.98325E+16
103213,7,3,15,0,2018,3,14,3,3,2,6,0,0,1,0,0,0,0,0,4.4629E+20,5.53518E+21,8.25108E+15,4.99666E+16
103214,7,1,40,82,2018,3,5,4,3,0,3,2,0,0,0,1,0,1,2,3.76307E+20,5.53239E+21,7.27647E+15,4.99311E+16
103215,7,2,32,320,2018,3,16,3,2,8,1,0,0,1,0,0,0,0,0,3.10734E+20,5.56285E+21,6.3486E+15,5.01876E+16
103216,7,2,31,203,2018,3,6,3,3,1,2,1,0,1,0,0,0,0,1,3.48327E+20,5.51553E+21,6.89346E+15,4.97731E+16
103217,7,3,38,6,2018,3,21,7,3,9,1,2,0,1,0,0,0,1,1,4.50428E+20,5.475E+21,8.31641E+15,4.94256E+16
103218,7,1,32,67,2018,3,15,7,3,2,6,0,0,1,0,0,0,1,0,4.07524E+20,5.61845E+21,7.69021E+15,5.07105E+16
103219,7,3,18,0,2018,3,15,2,3,3,6,0,0,1,0,0,0,0,0,4.57119E+20,5.46286E+21,8.40997E+15,4.9317E+16
103220,7,3,20,0,2018,3,5,1,3,8,1,2,0,1,0,0,0,0,1,3.8351E+20,5.45488E+21,7.39977E+15,4.92356E+16
103221,7,2,35,94,2018,3,16,3,3,8,1,0,0,0,0,1,0,0,0,3.26184E+20,5.52095E+21,6.58378E+15,4.98158E+16
103222,7,1,43,48,2018,3,7,2,3,1,1,0,0,1,0,0,0,0,1,4.17574E+20,5.58853E+21,7.83916E+15,5.0443E+16
103223,7,3,38,19,2018,3,17,7,3,0,7,1,0,1,0,0,0,0,1,4.55205E+20,5.47643E+21,8.38212E+15,4.94388E+16
103224,7,3,37,38,2018,3,16,5,3,2,6,0,0,1,0,0,0,1,1,4.4018E+20,5.44445E+21,8.17968E+15,4.91499E+16
103225,7,3,15,0,2018,3,18,6,2,5,3,0,0,1,0,0,0,0,1,4.46709E+20,5.53866E+21,8.25644E+15,4.99979E+16
103226,7,2,32,320,2018,3,17,5,3,4,6,0,0,1,0,0,0,0,0,3.09907E+20,5.56317E+21,6.33687E+15,5.01901E+16
103227,7,2,11,0,2018,3,16,3,3,6,4,0,0,1,1,0,0,0,0,3.29306E+20,5.51519E+21,6.62966E+15,4.97649E+16
103228,7,3,16,0,2018,3,13,4,3,5,3,0,1,0,0,0,0,1,0,4.39247E+20,5.46649E+21,8.16354E+15,4.93481E+16
103229,7,1,38,45,2018,3,17,3,3,2,6,0,0,1,0,0,1,0,0,3.96326E+20,5.58781E+21,7.54021E+15,5.04331E+16
103230,7,3,31,55,2018,3,5,4,2,9,1,2,0,1,0,0,0,0,1,4.48242E+20,5.50594E+21,8.28219E+15,4.97037E+16
103231,7,3,31,6,2018,3,14,7,2,5,3,0,0,1,0,0,0,0,1,4.46279E+20,5.50805E+21,8.25469E+15,4.97225E+16
103232,7,3,40,203,2018,3,9,7,2,1,1,0,0,1,0,1,0,0,0,3.8448E+20,5.46783E+21,7.40934E+15,4.93522E+16
103233,7,3,37,27,2018,3,17,3,2,5,3,0,0,1,0,0,0,0,0,4.4363E+20,5.45741E+21,8.22517E+15,4.92669E+16
103234,7,1,38,45,2018,3,11,3,3,8,1,0,0,1,0,0,0,0,0,3.92181E+20,5.59047E+21,7.4811E+15,5.04563E+16
103235,7,3,37,20,2018,3,12,5,3,1,6,0,0,1,0,0,0,0,0,4.37506E+20,5.4601E+21,8.14058E+15,4.92904E+16
103236,7,1,31,55,2018,3,15,3,2,6,7,0,0,1,1,0,0,0,0,3.73716E+20,5.59107E+21,7.2209E+15,5.0458E+16
103237,7,3,33,34,2018,3,13,4,3,2,6,0,0,1,0,0,0,0,0,4.13264E+20,5.49509E+21,7.7996E+15,4.96022E+16
103238,7,1,33,6,2018,3,14,4,3,2,6,0,0,1,0,0,0,0,0,4.17936E+20,5.52233E+21,7.85852E+15,4.98477E+16
103239,7,1,31,7,2018,3,14,1,3,2,6,0,0,1,0,0,0,0,0,3.6603E+20,5.60096E+21,7.10912E+15,5.05452E+16
103240,7,1,32,117,2018,3,16,4,3,5,2,0,0,1,0,0,0,0,1,4.11953E+20,5.62591E+21,7.75115E+15,5.07783E+16
103241,7,1,31,7,2018,3,17,3,3,5,3,0,0,1,0,1,0,0,0,3.68714E+20,5.60119E+21,7.14691E+15,5.05479E+16
103242,7,3,33,502,2018,3,0,3,3,8,1,2,0,1,0,0,0,0,0,4.1773E+20,5.48923E+21,7.86262E+15,4.95501E+16
103243,7,1,37,81,2018,3,19,3,3,2,2,2,0,1,0,0,0,0,0,3.80046E+20,5.58369E+21,7.31239E+15,5.0393E+16
103244,7,1,41,53,2018,3,11,3,3,9,1,0,0,1,0,0,0,0,1,4.28621E+20,5.58097E+21,7.99615E+15,5.03765E+16
103245,7,3,15,0,2018,3,15,7,2,3,1,0,1,1,0,0,0,0,0,4.4664E+20,5.53861E+21,8.25549E+15,4.99974E+16
103246,7,3,20,0,2018,3,16,6,3,8,1,0,0,1,0,0,0,0,0,3.79942E+20,5.45338E+21,7.35123E+15,4.92214E+16
103247,7,1,34,39,2018,3,9,2,1,4,1,0,0,1,0,0,0,0,0,3.79971E+20,5.51582E+21,7.33264E+15,4.97828E+16
103248,7,3,37,61,2018,3,11,1,3,8,1,0,0,1,0,0,0,0,2,4.42667E+20,5.45115E+21,8.21282E+15,4.92105E+16
103249,7,1,41,75,2018,3,6,3,2,5,3,1,1,1,0,0,0,0,0,4.02247E+20,5.57128E+21,7.62785E+15,5.02856E+16
103250,7,1,31,77,2018,3,13,2,3,2,6,0,0,1,0,0,0,0,0,3.7672E+20,5.60048E+21,7.26009E+15,5.05432E+16
103251,7,1,35,29,2018,3,12,7,3,2,2,0,0,1,0,0,0,0,0,3.66428E+20,5.55609E+21,7.13064E+15,5.0142E+16
103252,7,1,40,501,2018,3,9,3,3,8,1,0,0,1,0,0,0,0,0,4.01405E+20,5.56183E+21,7.61848E+15,5.02005E+16
103253,7,3,39,30,2018,3,16,5,3,2,2,0,0,1,0,0,0,0,0,4.3489E+20,5.53869E+21,8.09154E+15,4.9997E+16
103254,7,3,38,6,2018,3,8,5,3,0,3,0,0,1,0,0,0,0,0,4.49857E+20,5.47607E+21,8.3084E+15,4.94352E+16
103255,7,1,38,38,2018,3,17,5,3,1,1,0,0,1,0,0,0,0,0,3.85573E+20,5.58994E+21,7.38822E+15,5.04503E+16
103256,7,1,11,0,2018,3,5,3,3,5,3,2,0,1,0,1,0,0,0,3.99351E+20,5.58291E+21,7.58409E+15,5.03896E+16
103257,7,3,39,27,2018,3,13,4,3,6,4,0,0,1,1,0,0,0,0,4.36561E+20,5.53848E+21,8.1149E+15,4.99953E+16
103258,7,3,35,22,2018,3,12,2,3,4,2,0,0,1,0,1,0,0,0,3.96823E+20,5.4727E+21,7.57797E+15,4.93983E+16
103259,7,1,41,30,2018,3,18,4,3,0,1,2,0,0,0,1,0,0,0,4.1996E+20,5.57503E+21,7.87563E+15,5.03219E+16
103260,7,2,33,501,2018,3,8,7,3,5,3,1,0,1,0,0,0,0,0,3.43617E+20,5.5627E+21,6.80892E+15,5.01958E+16
103261,7,3,16,0,2018,3,23,7,2,6,6,2,1,0,1,0,0,0,0,4.38572E+20,5.46873E+21,8.1539E+15,4.93682E+16
103262,7,3,14,0,2018,3,8,3,3,5,3,0,0,1,0,0,0,0,0,4.57572E+20,5.48266E+21,8.41409E+15,4.94951E+16
103263,7,3,36,22,2018,3,16,2,3,5,2,0,0,1,0,0,0,0,0,3.87501E+20,5.4929E+21,7.4438E+15,4.95782E+16
103264,7,2,31,46,2018,3,14,3,3,5,3,0,0,1,0,0,0,0,0,3.41717E+20,5.54521E+21,6.78957E+15,5.00381E+16
103265,7,3,12,0,2018,3,20,2,3,2,6,2,0,1,0,0,0,0,0,4.06334E+20,5.47706E+21,7.708E+15,4.94389E+16
103266,7,3,35,38,2018,3,8,2,3,3,6,0,0,1,0,0,0,0,0,3.93414E+20,5.47454E+21,7.53052E+15,4.94142E+16
103267,7,1,34,81,2018,3,9,7,3,8,1,0,0,1,0,0,0,0,1,3.69547E+20,5.51364E+21,7.18865E+15,4.9761E+16
103268,7,1,34,10,2018,3,7,6,2,5,3,0,0,1,0,0,0,0,0,3.67718E+20,5.50086E+21,7.1676E+15,4.96458E+16
103269,7,3,40,52,2018,3,12,1,2,0,1,0,0,1,0,1,0,0,0,3.96182E+20,5.44363E+21,7.57669E+15,4.91367E+16
103270,7,1,31,55,2018,3,6,1,3,9,1,1,0,1,0,0,0,0,2,3.74549E+20,5.59187E+21,7.23236E+15,5.04654E+16
103271,7,3,34,33,2018,3,5,1,3,9,7,2,0,1,0,0,0,0,1,4.49859E+20,5.45542E+21,8.31102E+15,4.92495E+16
103272,7,1,38,63,2018,3,23,6,3,2,1,2,0,1,0,0,0,0,1,3.81892E+20,5.59497E+21,7.33479E+15,5.04948E+16
103273,7,3,16,0,2018,3,1,2,3,8,1,2,0,1,0,0,0,0,1,4.43617E+20,5.46296E+21,8.2242E+15,4.93168E+16
103274,7,3,14,0,2018,3,7,3,3,1,6,0,0,1,0,0,0,0,0,4.57521E+20,5.48157E+21,8.41351E+15,4.94853E+16
103275,7,3,34,20,2018,3,16,2,3,9,1,0,0,1,0,0,0,0,0,4.38241E+20,5.43524E+21,8.15449E+15,4.9067E+16
103276,7,1,11,0,2018,3,7,3,2,2,6,0,0,1,0,0,0,0,1,3.9492E+20,5.58096E+21,7.52233E+15,5.03713E+16
103277,7,3,38,25,2018,3,14,6,3,4,6,0,0,0,0,0,1,0,0,4.56353E+20,5.46807E+21,8.39886E+15,4.93637E+16
103278,7,1,37,227,2018,3,17,2,3,4,6,0,0,1,0,0,0,0,0,3.96425E+20,5.57074E+21,7.54629E+15,5.02797E+16
103279,7,2,32,24,2018,3,10,1,2,8,1,0,0,1,0,0,0,0,0,3.28477E+20,5.53082E+21,6.61125E+15,4.99051E+16
103280,7,3,32,25,2018,3,16,2,3,0,3,0,0,1,0,0,0,0,0,4.44116E+20,5.46988E+21,8.2301E+15,4.9379E+16
103281,7,1,11,0,2018,3,16,2,3,2,6,0,0,1,0,0,0,0,1,3.96976E+20,5.58071E+21,7.5513E+15,5.03695E+16
103282,7,3,32,25,2018,3,13,6,2,8,1,0,0,1,0,0,0,0,0,4.45399E+20,5.46555E+21,8.24836E+15,4.93402E+16
103283,7,3,13,0,2018,3,17,2,3,2,6,0,0,1,0,0,0,0,0,4.3558E+20,5.45122E+21,8.11551E+15,4.92104E+16
103284,7,2,35,132,2018,3,7,5,2,4,1,0,0,1,0,0,0,0,0,3.22086E+20,5.50385E+21,6.53467E+15,4.96609E+16
103285,7,2,33,39,2018,3,23,5,3,9,1,2,0,1,0,0,0,0,1,3.41855E+20,5.56475E+21,6.78339E+15,5.02138E+16
103286,7,1,11,0,2018,3,12,5,3,5,3,0,0,1,0,0,0,0,0,4.00036E+20,5.58022E+21,7.59445E+15,5.03656E+16
103287,7,3,13,0,2018,3,12,2,3,6,2,0,0,1,1,0,0,0,0,4.34569E+20,5.44952E+21,8.10192E+15,4.9195E+16
103288,7,2,33,29,2018,3,7,4,2,8,1,0,0,1,0,0,0,0,1,3.33758E+20,5.57073E+21,6.66739E+15,5.02653E+16
103289,7,3,18,0,2018,3,9,2,3,5,2,0,1,1,0,0,0,0,0,4.58578E+20,5.46476E+21,8.42985E+15,4.93341E+16
103290,7,1,11,0,2018,3,13,4,3,2,6,0,0,1,0,0,0,0,0,3.99573E+20,5.58053E+21,7.58786E+15,5.03683E+16
103291,7,1,34,38,2018,3,2,7,2,8,1,2,0,1,0,0,0,0,1,3.76965E+20,5.51351E+21,7.29164E+15,4.97615E+16
103292,7,3,38,26,2018,3,14,7,3,0,7,0,0,0,0,1,0,0,0,4.58809E+20,5.47113E+21,8.43238E+15,4.93915E+16
103293,7,1,41,107,2018,3,17,3,2,3,7,0,0,1,0,0,0,0,1,4.17149E+20,5.5608E+21,7.83927E+15,5.01936E+16
103294,7,3,14,0,2018,3,16,2,3,2,6,0,0,1,0,0,0,0,0,4.59596E+20,5.48179E+21,8.44213E+15,4.94874E+16
103295,7,1,11,0,2018,3,17,3,3,2,6,0,0,1,0,0,0,0,0,3.98979E+20,5.58186E+21,7.57916E+15,5.03801E+16
103296,7,3,31,34,2018,3,16,2,2,4,2,0,0,1,0,0,0,0,0,4.53375E+20,5.51368E+21,8.35245E+15,4.97737E+16
103297,7,3,18,0,2018,3,2,2,3,9,1,2,0,1,0,0,0,0,1,4.58116E+20,5.46785E+21,8.42317E+15,4.93619E+16
103298,7,1,32,8,2018,3,5,6,3,1,6,2,0,1,0,0,0,0,1,4.11234E+20,5.63036E+21,7.73988E+15,5.08181E+16
103299,7,3,38,6,2018,3,22,1,3,4,6,2,1,1,0,0,0,0,0,4.50642E+20,5.47479E+21,8.31939E+15,4.94238E+16
103300,7,2,33,224,2018,3,0,7,3,8,6,2,0,1,0,0,0,0,1,3.61125E+20,5.56719E+21,7.05243E+15,5.02405E+16
103301,7,1,40,82,2018,3,10,6,2,3,7,0,0,1,0,0,0,0,0,3.76384E+20,5.53218E+21,7.27762E+15,4.99292E+16
103302,7,3,39,27,2018,3,16,2,3,5,2,0,0,1,0,0,0,0,0,4.34852E+20,5.53839E+21,8.09106E+15,4.99943E+16
103303,7,1,32,44,2018,3,16,5,3,0,2,0,0,1,0,0,0,0,1,4.06961E+20,5.62439E+21,7.68075E+15,5.07638E+16
103304,7,1,11,0,2018,3,17,5,3,3,6,0,0,1,0,0,1,0,0,3.98384E+20,5.58485E+21,7.56998E+15,5.04069E+16
103305,7,3,38,5,2018,3,16,4,3,2,6,0,0,1,0,0,0,0,1,4.49628E+20,5.46942E+21,8.30608E+15,4.93754E+16
103306,7,2,35,47,2018,3,0,2,3,7,7,2,0,1,0,0,1,0,0,3.47799E+20,5.50721E+21,6.88939E+15,4.96981E+16
103307,7,1,32,501,2018,3,8,4,3,6,4,0,0,1,1,0,0,0,0,4.04028E+20,5.61583E+21,7.6414E+15,5.06864E+16
103308,7,2,32,320,2018,3,17,2,3,1,5,0,0,1,0,0,0,1,0,3.11785E+20,5.5624E+21,6.36352E+15,5.01838E+16
103309,7,1,32,65,2018,3,15,5,3,5,3,0,0,1,0,0,0,1,1,3.94877E+20,5.60331E+21,7.51544E+15,5.05722E+16
103310,7,1,37,74,2018,3,12,5,3,8,1,0,0,1,0,0,0,1,0,3.70346E+20,5.57446E+21,7.17917E+15,5.0308E+16
103311,7,3,12,0,2018,3,14,4,2,2,6,0,0,1,0,0,0,0,1,4.05217E+20,5.47662E+21,7.6927E+15,4.94348E+16
103312,7,2,32,18,2018,3,9,2,2,5,7,0,0,1,0,0,0,0,1,3.22797E+20,5.53534E+21,6.53015E+15,4.99441E+16
103313,7,2,11,0,2018,3,16,4,3,2,1,0,0,1,0,0,0,0,0,3.30977E+20,5.51466E+21,6.65308E+15,4.97606E+16