OBJECTID_1,ULAND,UREGBEZ,UKREIS,UGEMEINDE,UJAHR,UMONAT,USTUNDE,UWOCHENTAG,UKATEGORIE,UART,UTYP1,ULICHTVERH,IstRad,IstPKW,IstFuss,IstKrad,IstGkfz,IstSonstig,STRZUSTAND,LINREFX,LINREFY,XGCSWGS84,YGCSWGS84
103687,7,3,39,5,2018,4,17,2,3,2,6,0,0,1,0,0,0,0,0,4.24192E+20,5.53437E+21,7.94316E+15,4.99569E+16
103688,7,3,11,0,2018,4,14,5,3,5,3,0,1,1,0,0,0,0,0,4.53296E+20,5.48561E+21,8.3547E+15,4.95213E+16
103689,7,3,17,0,2018,4,19,1,3,9,1,0,0,1,0,0,0,0,1,3.98907E+20,5.44893E+21,7.6127E+15,4.91849E+16
103690,7,3,39,30,2018,4,11,7,3,5,3,0,0,1,0,0,0,0,0,4.319E+20,5.53743E+21,8.05005E+15,4.99854E+16
103691,7,1,38,12,2018,4,15,6,1,4,6,0,0,1,0,0,0,0,0,4.05155E+20,5.60091E+21,7.66116E+15,5.05524E+16
103692,7,3,15,0,2018,4,17,7,2,8,7,0,0,1,0,0,0,0,0,4.49592E+20,5.53579E+21,8.29703E+15,4.99723E+16
103693,7,1,41,25,2018,4,13,1,3,5,3,0,0,1,0,1,0,0,0,4.11585E+20,5.57595E+21,7.7578E+15,5.0329E+16
103694,7,1,33,65,2018,4,11,2,3,3,6,0,0,0,0,1,0,1,0,4.02111E+20,5.50734E+21,7.64223E+15,4.97106E+16
103695,7,3,39,3,2018,4,16,5,3,6,6,0,0,1,1,0,0,0,0,4.11822E+20,5.54598E+21,7.76808E+15,5.00596E+16
103696,7,1,32,47,2018,4,13,2,3,8,1,0,0,0,0,1,0,0,0,4.0216E+20,5.61685E+21,7.61469E+15,5.06952E+16
103697,7,1,33,8,2018,4,20,7,2,8,1,1,0,1,0,0,0,0,0,3.86572E+20,5.51184E+21,7.42546E+15,4.97484E+16
103698,7,2,11,0,2018,4,18,6,3,2,7,0,0,1,0,1,0,1,0,3.29691E+20,5.51505E+21,6.63506E+15,4.97638E+16
103699,7,2,32,210,2018,4,17,1,2,0,2,0,0,0,0,1,0,0,0,3.25488E+20,5.55519E+21,6.55859E+15,5.01233E+16
103700,7,3,39,62,2018,4,9,5,3,5,3,0,0,1,0,0,0,0,0,4.16132E+20,5.53363E+21,7.83098E+15,4.99491E+16
103701,7,3,20,0,2018,4,18,7,3,0,7,0,1,0,0,0,0,0,0,3.82741E+20,5.45564E+21,7.38899E+15,4.92423E+16
103702,7,3,37,9,2018,4,16,6,3,2,2,0,0,1,0,0,0,0,0,4.30257E+20,5.45101E+21,8.04248E+15,4.92079E+16
103703,7,1,35,20,2018,4,17,5,3,2,2,0,0,1,0,0,0,0,0,3.68969E+20,5.55664E+21,7.166E+15,5.01475E+16
103704,7,2,31,124,2018,4,14,6,3,1,2,0,0,1,0,0,0,0,0,3.64108E+20,5.53557E+21,7.10547E+15,4.9957E+16
103705,7,1,37,86,2018,4,17,4,3,4,2,0,0,1,0,0,0,0,0,3.86E+20,5.57892E+21,7.39756E+15,5.03513E+16
103706,7,2,35,51,2018,3,14,7,2,2,2,0,0,1,0,0,0,1,0,3.23787E+20,5.50919E+21,6.5558E+15,4.97094E+16
103707,7,3,17,0,2018,4,7,5,3,5,2,0,0,1,0,1,0,0,0,3.98684E+20,5.44999E+21,7.60938E+15,4.91943E+16
103708,7,1,11,0,2018,4,10,4,3,5,3,0,1,1,0,0,0,0,1,3.99586E+20,5.57967E+21,7.58827E+15,5.03605E+16
103709,7,3,15,0,2018,4,5,5,3,9,1,2,0,1,0,0,0,0,1,4.40308E+20,5.53905E+21,8.16707E+15,5.00008E+16
103710,7,1,32,65,2018,4,19,3,3,8,6,0,0,1,0,0,0,1,0,3.93286E+20,5.60379E+21,7.49286E+15,5.05763E+16
103711,7,1,37,35,2018,4,14,1,3,2,2,0,0,0,0,1,0,0,0,3.56359E+20,5.57966E+21,6.98089E+15,5.03515E+16
103712,7,3,15,0,2018,4,16,2,3,5,2,0,0,1,0,0,0,0,0,4.45633E+20,5.5407E+21,8.24114E+15,5.00161E+16
103713,7,2,33,75,2018,4,11,5,3,5,3,0,0,1,0,0,0,0,1,3.44098E+20,5.55841E+21,6.81741E+15,5.01574E+16
103714,7,3,32,2,2018,4,16,1,3,0,1,0,1,0,0,0,0,0,0,4.40377E+20,5.47951E+21,8.17714E+15,4.94653E+16
103715,7,2,11,0,2018,4,13,7,3,3,6,0,0,1,0,1,0,0,0,3.35074E+20,5.51137E+21,6.71131E+15,4.97322E+16
103716,7,1,31,47,2018,4,12,1,3,8,1,0,0,0,0,1,0,0,0,3.52125E+20,5.5939E+21,6.9158E+15,5.04784E+16
103717,7,1,32,28,2018,4,6,6,3,0,1,0,0,0,0,1,0,0,0,4.0823E+20,5.625E+21,7.69858E+15,5.07695E+16
103718,7,1,41,20,2018,4,17,7,3,9,6,0,0,1,0,1,0,0,0,4.354E+20,5.56918E+21,8.09349E+15,5.02713E+16
103719,7,1,38,34,2018,3,20,7,2,4,2,2,0,1,0,0,0,0,0,4.01458E+20,5.59757E+21,7.60988E+15,5.05218E+16
103720,7,2,35,68,2018,4,17,5,3,5,2,0,0,1,0,0,0,0,0,3.25214E+20,5.50745E+21,6.57636E+15,4.96942E+16
103721,7,3,33,1,2018,4,11,7,3,5,3,0,0,1,0,1,0,0,0,4.35067E+20,5.50028E+21,8.10045E+15,4.96516E+16
103722,7,3,39,60,2018,4,7,6,3,1,6,0,0,1,0,0,0,1,0,4.44901E+20,5.52156E+21,8.23366E+15,4.9844E+16
103723,7,3,14,0,2018,4,7,4,3,3,6,0,0,1,0,0,1,0,0,4.54252E+20,5.48095E+21,8.36845E+15,4.94795E+16
103724,7,1,43,206,2018,4,6,5,3,5,3,1,0,1,0,0,1,0,0,4.26031E+20,5.61277E+21,7.95342E+15,5.06621E+16
103725,7,3,14,0,2018,4,8,3,3,2,6,0,0,1,0,0,1,0,0,4.53656E+20,5.48004E+21,8.36033E+15,4.94713E+16
103726,7,3,14,0,2018,4,15,5,3,2,6,0,0,1,0,0,0,0,0,4.59773E+20,5.4806E+21,8.44471E+15,4.94767E+16
103727,7,1,31,70,2018,4,13,1,3,2,6,0,0,1,0,0,0,0,0,3.73231E+20,5.61059E+21,7.20743E+15,5.06334E+16
103728,7,1,41,20,2018,4,23,5,3,7,7,2,0,1,0,0,0,0,1,4.3498E+20,5.56985E+21,8.08749E+15,5.02772E+16
103729,7,3,32,26,2018,4,11,7,3,0,2,0,0,1,0,1,0,0,0,4.40624E+20,5.48498E+21,8.17973E+15,4.95145E+16
103730,7,3,14,0,2018,4,7,6,3,2,6,0,0,1,0,0,0,0,0,4.57213E+20,5.48247E+21,8.40916E+15,4.94934E+16
103731,7,1,11,0,2018,4,16,5,3,2,6,0,0,1,0,0,0,0,0,4.01464E+20,5.57972E+21,7.61465E+15,5.03613E+16
103732,7,2,11,0,2018,4,17,6,3,2,6,0,0,1,0,0,0,0,0,3.29136E+20,5.5148E+21,6.62747E+15,4.97614E+16
103733,7,3,40,31,2018,4,12,3,2,8,1,0,0,0,0,1,0,0,0,4.09333E+20,5.45615E+21,7.7541E+15,4.92514E+16
103734,7,3,14,0,2018,4,16,5,3,1,6,0,0,1,0,0,0,0,0,4.53831E+20,5.47816E+21,8.36297E+15,4.94543E+16
103735,7,3,16,0,2018,4,16,3,3,2,6,0,0,1,0,0,0,1,0,4.36865E+20,5.46702E+21,8.13067E+15,4.93526E+16
103736,7,1,43,21,2018,4,7,5,3,9,1,0,0,1,0,0,0,0,1,4.22515E+20,5.58829E+21,7.90877E+15,5.04415E+16
103737,7,3,12,0,2018,4,18,2,2,2,2,0,0,1,0,0,0,0,0,4.05535E+20,5.47252E+21,7.69806E+15,4.9398E+16
103738,7,1,31,90,2018,4,18,1,3,8,1,0,0,0,0,1,0,0,0,3.60782E+20,5.60113E+21,7.03503E+15,5.05456E+16
103739,7,1,33,58,2018,4,13,6,3,4,1,0,0,1,0,0,0,0,1,4.07595E+20,5.51157E+21,7.71727E+15,4.97495E+16
103740,7,1,43,84,2018,4,20,2,3,7,7,2,0,1,0,0,0,0,0,4.07821E+20,5.59404E+21,7.70048E+15,5.04911E+16
103741,7,1,35,24,2018,4,16,5,2,4,1,0,0,1,0,0,0,0,0,3.69144E+20,5.55292E+21,7.16972E+15,5.01141E+16
103742,7,3,11,0,2018,4,16,1,3,5,3,0,0,1,0,1,0,0,0,4.53349E+20,5.4848E+21,8.35553E+15,4.95141E+16
103743,7,1,31,77,2018,4,20,7,2,6,1,2,0,0,1,1,0,0,0,3.73581E+20,5.59693E+21,7.21701E+15,5.05106E+16
103744,7,3,31,18,2018,4,7,7,2,9,7,0,0,1,0,0,0,0,0,4.53187E+20,5.50919E+21,8.35039E+15,4.97334E+16
103745,7,2,35,148,2018,4,16,5,3,5,3,0,1,0,0,0,0,1,0,3.26046E+20,5.50275E+21,6.58998E+15,4.96522E+16
103746,7,1,31,37,2018,4,12,1,2,4,6,0,0,1,0,1,0,0,0,3.58819E+20,5.58601E+21,7.01305E+15,5.04092E+16
103747,7,3,38,14,2018,4,20,5,3,8,7,1,0,1,0,0,0,0,0,4.47852E+20,5.47301E+21,8.28115E+15,4.94076E+16
103748,7,1,38,45,2018,4,10,7,3,2,2,0,0,1,0,0,0,0,0,3.9668E+20,5.58816E+21,7.5451E+15,5.04364E+16
103749,7,3,37,40,2018,4,17,4,3,0,6,0,0,1,0,0,0,0,0,4.31874E+20,5.44527E+21,8.06564E+15,4.91565E+16
103750,7,1,35,52,2018,4,13,5,3,4,1,0,0,0,0,0,1,0,1,3.62793E+20,5.56699E+21,7.07587E+15,5.02392E+16
103751,7,2,32,246,2018,4,11,7,3,9,1,0,0,1,0,0,0,1,0,3.01947E+20,5.54751E+21,6.23361E+15,5.00469E+16
103752,7,2,11,0,2018,4,11,6,2,0,7,0,1,1,0,0,0,0,0,3.33592E+20,5.51994E+21,6.68709E+15,4.98089E+16
103753,7,3,38,5,2018,4,17,4,3,5,3,0,0,1,0,0,0,0,0,4.49602E+20,5.46962E+21,8.3057E+15,4.93772E+16
103754,7,1,11,0,2018,4,16,5,3,1,6,0,0,1,0,1,0,0,0,3.99623E+20,5.57973E+21,7.58877E+15,5.03611E+16
103755,7,3,13,0,2018,4,10,3,3,5,3,0,0,1,0,0,0,0,0,4.35161E+20,5.45087E+21,8.10983E+15,4.92072E+16
103756,7,3,14,0,2018,4,15,1,3,2,6,0,0,1,0,0,0,0,0,4.59296E+20,5.48231E+21,8.43794E+15,4.9492E+16
103757,7,1,41,118,2018,4,19,3,3,9,1,2,0,1,0,0,0,0,1,4.22795E+20,5.56852E+21,7.91677E+15,5.02638E+16
103758,7,3,32,2,2018,4,12,4,3,5,3,0,0,1,0,0,0,0,1,4.41881E+20,5.47977E+21,8.19786E+15,4.94678E+16
103759,7,3,39,12,2018,4,18,2,2,8,1,0,0,1,0,0,0,0,0,4.53711E+20,5.52052E+21,8.35631E+15,4.98353E+16
103760,7,3,38,20,2018,4,5,7,3,8,1,1,0,1,0,0,0,0,0,4.57334E+20,5.47228E+21,8.41193E+15,4.94018E+16
103761,7,3,31,73,2018,4,13,6,3,5,3,0,0,1,0,1,0,0,1,4.37592E+20,5.52132E+21,8.13205E+15,4.9841E+16
103762,7,1,11,0,2018,4,7,2,3,1,6,0,0,1,0,0,0,0,0,3.9427E+20,5.58118E+21,7.51314E+15,5.03732E+16
103763,7,3,39,60,2018,4,0,4,2,4,6,2,0,1,0,0,0,1,0,4.44206E+20,5.52149E+21,8.22401E+15,4.98432E+16
103764,7,2,35,74,2018,4,15,1,3,4,6,0,0,1,0,1,0,0,0,3.49001E+20,5.51866E+21,6.9016E+15,4.98014E+16
103765,7,3,14,0,2018,4,10,3,3,5,3,0,0,1,0,0,0,0,0,4.5799E+20,5.47636E+21,8.42054E+15,4.94385E+16
103766,7,3,15,0,2018,4,18,4,3,2,6,0,0,1,0,0,0,1,0,4.44739E+20,5.53807E+21,8.22904E+15,4.99924E+16
103767,7,3,14,0,2018,4,5,2,2,6,4,2,0,1,1,0,0,0,0,4.53949E+20,5.48231E+21,8.36411E+15,4.94917E+16
103768,7,3,40,225,2018,4,13,7,3,5,3,0,0,1,0,0,0,0,0,3.92619E+20,5.46368E+21,7.5225E+15,4.93164E+16
103769,7,3,18,0,2018,4,12,6,3,9,1,0,0,0,0,0,1,0,1,4.57989E+20,5.46675E+21,8.42154E+15,4.9352E+16
103770,7,1,31,77,2018,4,15,2,3,4,1,0,0,1,0,0,0,0,0,3.75709E+20,5.6008E+21,7.24572E+15,5.05459E+16
103771,7,3,15,0,2018,4,15,4,3,2,6,0,0,1,0,0,0,0,1,4.47744E+20,5.53756E+21,8.27102E+15,4.99881E+16
103772,7,2,31,124,2018,4,15,1,2,9,1,0,0,0,0,1,0,0,0,3.65236E+20,5.53378E+21,7.12182E+15,4.99411E+16
103773,7,1,37,205,2018,4,18,7,2,8,1,0,0,0,0,1,0,0,0,3.88716E+20,5.56321E+21,7.44035E+15,5.02106E+16
103774,7,1,40,501,2018,4,7,5,3,5,3,0,0,1,0,0,0,0,0,4.00489E+20,5.56502E+21,7.60482E+15,5.0229E+16
103775,7,3,14,0,2018,4,8,5,3,5,3,0,0,1,0,1,0,0,0,4.57258E+20,5.48248E+21,8.40978E+15,4.94935E+16
103776,7,1,37,212,2018,4,19,7,3,0,6,0,0,0,0,1,0,0,0,3.9054E+20,5.5747E+21,7.46258E+15,5.03142E+16
103777,7,3,15,0,2018,4,16,4,3,2,6,0,1,0,0,1,0,0,0,4.45479E+20,5.54073E+21,8.23898E+15,5.00163E+16
103778,7,2,33,16,2018,4,8,4,3,4,6,0,0,1,0,0,0,0,1,3.53077E+20,5.56048E+21,6.94222E+15,5.01783E+16
103779,7,2,11,0,2018,4,11,7,3,2,2,0,0,1,0,0,0,0,0,3.28997E+20,5.51138E+21,6.62705E+15,4.97306E+16
103780,7,1,43,29,2018,4,11,6,3,2,2,0,0,1,0,0,0,1,0,4.09708E+20,5.60345E+21,7.7248E+15,5.0576E+16
103781,7,3,31,3,2018,4,16,4,3,1,6,0,0,1,0,0,0,1,0,4.50099E+20,5.50867E+21,8.30759E+15,4.97285E+16
103782,7,2,32,81,2018,4,15,4,3,5,2,0,0,1,0,0,1,0,1,3.2697E+20,5.53849E+21,6.58684E+15,4.99736E+16
103783,7,1,43,78,2018,4,7,3,1,4,7,0,0,1,0,0,0,1,0,4.1294E+20,5.59502E+21,7.7724E+15,5.05007E+16
103784,7,2,33,62,2018,4,10,1,2,0,7,0,0,0,0,1,0,0,0,3.49863E+20,5.55654E+21,6.89879E+15,5.01421E+16
103785,7,1,40,501,2018,4,11,3,3,6,7,0,0,0,1,0,1,0,0,3.98783E+20,5.56169E+21,7.58179E+15,5.01988E+16
103786,7,2,11,0,2018,4,10,4,3,4,2,0,0,1,0,0,0,0,1,3.33602E+20,5.51769E+21,6.6882E+15,4.97886E+16
103787,7,1,43,27,2018,4,12,2,3,0,1,0,0,0,0,0,0,1,0,4.18112E+20,5.58953E+21,7.84651E+15,5.0452E+16
103788,7,3,37,61,2018,4,16,7,3,5,2,0,0,1,0,0,0,0,0,4.40974E+20,5.44832E+21,8.18999E+15,4.91849E+16
103789,7,3,15,0,2018,4,22,6,2,6,4,2,0,1,1,0,0,0,1,4.50716E+20,5.53419E+21,8.31291E+15,4.9958E+16
103790,7,1,31,65,2018,4,12,1,3,2,7,0,0,0,0,1,0,0,0,3.45934E+20,5.5824E+21,6.83332E+15,5.03735E+16
103791,7,2,31,124,2018,4,13,1,2,5,2,0,0,1,0,1,0,0,0,3.64372E+20,5.53794E+21,7.10832E+15,4.99783E+16
103792,7,1,35,86,2018,4,11,1,3,8,1,0,0,0,0,1,0,0,0,3.72585E+20,5.55643E+21,7.21666E+15,5.01464E+16
103793,7,2,35,1,2018,4,16,4,3,2,6,0,0,1,0,0,0,0,0,3.25303E+20,5.51812E+21,6.57281E+15,4.97901E+16
103794,7,1,35,8,2018,4,14,1,2,8,1,0,0,0,0,1,0,0,0,3.62084E+20,5.5518E+21,7.07144E+15,5.01024E+16
103795,7,3,34,24,2018,4,12,6,3,1,2,0,0,1,0,0,0,1,0,4.49306E+20,5.44143E+21,8.30519E+15,4.91236E+16
103796,7,1,43,220,2018,4,16,5,2,8,1,0,0,1,0,0,0,0,0,4.20041E+20,5.5941E+21,7.87271E+15,5.04935E+16
103797,7,3,19,0,2018,4,18,6,3,4,2,0,0,1,0,0,0,0,0,4.53269E+20,5.49673E+21,8.35301E+15,4.96213E+16
103798,7,1,32,63,2018,4,15,4,3,8,1,0,0,0,0,1,0,0,0,4.24279E+20,5.62786E+21,7.92554E+15,5.07975E+16
103799,7,1,11,0,2018,4,8,6,3,2,6,0,0,1,0,0,0,0,0,3.96345E+20,5.58351E+21,7.54167E+15,5.03945E+16
103800,7,1,31,17,2018,4,22,4,3,9,1,2,0,1,0,0,0,0,0,3.60758E+20,5.60028E+21,7.03503E+15,5.05378E+16
103801,7,3,17,0,2018,4,19,6,3,8,1,0,0,0,0,1,0,0,0,3.98407E+20,5.45316E+21,7.60477E+15,4.92228E+16
103802,7,3,32,24,2018,4,9,4,3,2,6,0,0,1,0,0,0,0,0,4.39505E+20,5.49008E+21,8.16349E+15,4.95603E+16
103803,7,3,31,2,2018,4,14,5,2,8,1,0,0,1,0,0,0,0,0,4.53377E+20,5.51382E+21,8.35247E+15,4.9775E+16
103804,7,3,34,17,2018,4,17,6,3,2,6,0,0,1,0,0,1,0,0,4.5143E+20,5.4548E+21,8.33268E+15,4.92441E+16
103805,7,2,32,18,2018,4,15,4,3,0,7,0,1,0,0,0,0,1,1,3.2578E+20,5.54187E+21,6.56872E+15,5.00037E+16
103806,7,1,43,260,2018,4,17,4,3,4,1,0,0,1,0,0,0,0,1,4.17639E+20,5.61801E+21,7.83354E+15,5.0708E+16
103807,7,1,37,227,2018,4,19,7,2,0,7,0,0,0,0,1,0,1,0,3.97351E+20,5.57046E+21,7.55936E+15,5.02774E+16
103808,7,1,38,45,2018,4,13,6,3,8,1,0,1,0,0,0,0,0,0,3.93985E+20,5.58782E+21,7.50726E+15,5.04328E+16
103809,7,2,31,87,2018,4,15,4,3,5,3,0,0,1,0,0,0,0,0,3.62478E+20,5.52785E+21,7.08552E+15,4.98872E+16
103810,7,1,43,67,2018,4,17,4,3,2,6,0,0,1,0,0,0,0,0,4.12176E+20,5.59747E+21,7.76105E+15,5.05226E+16
103811,7,1,38,45,2018,4,17,3,3,2,6,0,0,1,0,0,1,0,0,3.9499E+20,5.58798E+21,7.52136E+15,5.04345E+16
103812,7,1,41,91,2018,4,18,1,3,5,3,0,1,1,0,0,0,0,0,4.13616E+20,5.57447E+21,7.78666E+15,5.0316E+16
103813,7,3,34,17,2018,4,7,2,3,0,6,1,0,1,0,1,0,0,0,4.52159E+20,5.45526E+21,8.34265E+15,4.92482E+16
103814,7,1,43,27,2018,4,17,4,3,2,2,0,0,1,0,0,0,0,1,4.19273E+20,5.58811E+21,7.86318E+15,5.04395E+16
103815,7,1,37,223,2018,4,7,2,2,2,2,0,0,1,0,0,0,1,0,4.02568E+20,5.56717E+21,7.6334E+15,5.02486E+16
103816,7,3,39,5,2018,4,17,7,2,5,3,0,0,1,0,1,0,0,0,4.18261E+20,5.53797E+21,7.85972E+15,4.99884E+16
103817,7,1,41,24,2018,4,17,6,3,5,2,0,0,1,0,0,0,0,1,4.06398E+20,5.56306E+21,7.68813E+15,5.02123E+16
103818,7,1,31,7,2018,4,14,1,3,0,1,0,0,0,0,1,0,0,0,3.62868E+20,5.59957E+21,7.06503E+15,5.0532E+16
103819,7,2,35,118,2018,4,15,1,2,2,6,0,1,0,0,0,0,0,0,3.24069E+20,5.49549E+21,6.56587E+15,4.95864E+16
103820,7,1,38,57,2018,4,11,4,3,2,2,0,0,1,0,0,0,0,0,4.01707E+20,5.6061E+21,7.61113E+15,5.05985E+16
103821,7,3,36,102,2018,4,14,7,3,7,7,0,0,0,0,1,0,1,0,3.7859E+20,5.47225E+21,7.32692E+15,4.93908E+16
103822,7,3,38,18,2018,4,16,6,3,2,6,0,0,1,0,0,0,0,0,4.49846E+20,5.48148E+21,8.30756E+15,4.94839E+16
103823,7,1,31,17,2018,4,16,5,3,8,6,0,0,1,0,1,0,0,0,3.60758E+20,5.60028E+21,7.03503E+15,5.05378E+16
103824,7,2,35,118,2018,4,11,6,2,5,3,0,0,1,0,0,0,0,0,3.2317E+20,5.49841E+21,6.55213E+15,4.96124E+16
103825,7,1,11,0,2018,4,18,4,3,0,1,0,0,0,0,1,0,0,0,4.02448E+20,5.58076E+21,7.62821E+15,5.03708E+16
103826,7,1,38,10,2018,3,5,7,2,8,1,2,0,1,0,0,0,0,1,3.88157E+20,5.5966E+21,7.42259E+15,5.05107E+16
103827,7,3,33,24,2018,4,6,5,3,8,7,0,0,1,0,0,0,0,0,4.10865E+20,5.49193E+21,7.76713E+15,4.95734E+16
103828,7,3,33,78,2018,4,21,3,3,8,1,2,0,1,0,0,0,0,1,4.09422E+20,5.5067E+21,7.74376E+15,4.9706E+16
103829,7,1,37,69,2018,4,8,4,3,3,6,0,0,1,0,0,0,0,1,3.77027E+20,5.58292E+21,7.27019E+15,5.03854E+16
103830,7,3,20,0,2018,4,21,2,3,0,3,2,0,1,0,1,0,0,0,3.81772E+20,5.45598E+21,7.37557E+15,4.92451E+16
103831,7,1,31,1,2018,4,12,1,3,2,6,0,0,1,0,1,0,0,0,3.52752E+20,5.58323E+21,6.92882E+15,5.03827E+16
103832,7,1,31,7,2018,4,12,1,3,2,2,0,1,1,0,0,0,0,0,3.65574E+20,5.59993E+21,7.10307E+15,5.05359E+16
103833,7,2,33,501,2018,4,7,2,3,5,2,0,1,1,0,0,0,0,0,3.43904E+20,5.56565E+21,6.81172E+15,5.02224E+16
103834,7,1,40,80,2018,4,13,4,3,9,1,0,0,1,0,0,0,0,1,4.0013E+20,5.55011E+21,7.6037E+15,5.00948E+16
103835,7,3,34,9,2018,4,15,1,2,5,3,0,1,0,0,1,0,0,0,4.44704E+20,5.44047E+21,8.24225E+15,4.91146E+16
103836,7,1,41,129,2018,4,13,7,2,9,1,0,0,1,0,1,0,0,0,4.15116E+20,5.5727E+21,7.80812E+15,5.03003E+16
103837,7,3,20,0,2018,4,10,3,3,5,3,0,0,1,0,0,0,0,0,3.80592E+20,5.45412E+21,7.35992E+15,4.92282E+16
103838,7,1,40,1,2018,4,12,3,3,5,3,0,0,1,0,0,0,0,0,3.90212E+20,5.54333E+21,7.46703E+15,5.00322E+16
103839,7,1,31,210,2018,4,12,1,3,2,6,0,0,1,0,1,0,0,0,3.72131E+20,5.58575E+21,7.2004E+15,5.04099E+16
103840,7,1,33,6,2018,4,20,2,3,2,6,0,0,1,0,0,0,0,0,4.19286E+20,5.52099E+21,7.87757E+15,4.98359E+16
103841,7,3,12,0,2018,4,18,3,2,4,6,0,0,1,0,0,0,0,0,4.09228E+20,5.47811E+21,7.74767E+15,4.94489E+16
103842,7,3,33,503,2018,4,13,1,3,1,7,0,0,1,0,0,0,0,0,4.17789E+20,5.49115E+21,7.86303E+15,4.95674E+16
103843,7,2,35,137,2018,4,5,7,3,2,6,2,0,1,0,0,0,0,0,3.24845E+20,5.51404E+21,6.56829E+15,4.97533E+16
103844,7,1,32,111,2018,4,15,6,3,5,3,0,1,1,0,0,0,0,0,4.1811E+20,5.62756E+21,7.83809E+15,5.0794E+16
103845,7,1,40,153,2018,4,12,1,2,8,1,0,0,0,0,1,0,0,0,3.86843E+20,5.55046E+21,7.4179E+15,5.00956E+16
103846,7,1,34,82,2018,4,13,7,3,2,2,0,0,1,0,1,0,0,0,3.9224E+20,5.50583E+21,7.50578E+15,4.96953E+16
103847,7,1,32,117,2018,4,19,1,2,4,2,0,0,1,0,1,0,0,0,4.1077E+20,5.62646E+21,7.73423E+15,5.0783E+16
103848,7,3,12,0,2018,4,6,3,3,3,6,2,0,1,0,0,0,0,0,4.06328E+20,5.47708E+21,7.7079E+15,4.94392E+16
103849,7,3,38,6,2018,4,14,7,3,1,2,0,0,1,0,0,0,0,0,4.50238E+20,5.47535E+21,8.31374E+15,4.94288E+16
103850,7,3,31,3,2018,4,11,6,3,8,1,0,0,1,0,0,0,0,2,4.39589E+20,5.51013E+21,8.16155E+15,4.97406E+16
103851,7,3,12,0,2018,4,7,4,3,2,6,0,0,1,0,0,0,0,1,4.01783E+20,5.47715E+21,7.64521E+15,4.94391E+16
103852,7,3,35,15,2018,4,14,3,3,6,4,0,0,1,1,0,0,0,0,4.19967E+20,5.47727E+21,7.89596E+15,4.94428E+16
103853,7,3,35,30,2018,4,17,3,3,8,1,0,0,0,0,1,0,0,0,3.89654E+20,5.48118E+21,7.47685E+15,4.94732E+16
103854,7,3,32,14,2018,4,18,5,3,4,6,0,0,1,0,1,0,0,0,4.22354E+20,5.46738E+21,7.93082E+15,4.93542E+16
103855,7,3,13,0,2018,4,19,3,2,0,1,0,1,0,0,0,0,0,0,4.36224E+20,5.45037E+21,8.1245E+15,4.92028E+16
103856,7,3,32,21,2018,4,9,3,2,2,7,0,0,1,0,0,1,0,0,4.46637E+20,5.48916E+21,8.26222E+15,4.95527E+16
103857,7,3,13,0,2018,4,18,2,3,4,1,0,0,1,0,1,0,0,0,4.334E+20,5.44824E+21,8.08608E+15,4.91833E+16
103858,7,1,31,7,2018,4,11,1,3,7,7,0,0,0,0,1,0,0,0,3.64272E+20,5.59409E+21,7.08684E+15,5.0483E+16
103859,7,3,35,49,2018,4,19,6,3,8,1,0,0,0,0,1,0,0,0,4.00377E+20,5.48218E+21,7.62456E+15,4.94841E+16
103860,7,1,41,75,2018,4,19,1,2,9,1,1,0,1,0,0,0,0,0,4.06744E+20,5.57277E+21,7.69059E+15,5.02997E+16
103861,7,1,38,77,2018,4,12,2,3,0,6,0,1,1,0,0,0,0,0,3.84341E+20,5.61436E+21,7.36328E+15,5.06695E+16
103862,7,3,34,8,2018,4,7,3,2,0,7,0,0,0,0,1,0,0,1,4.42193E+20,5.43072E+21,8.20924E+15,4.90267E+16
103863,7,3,39,29,2018,4,6,1,3,8,1,0,0,1,0,0,0,0,1,4.2509E+20,5.52775E+21,7.95696E+15,4.98974E+16
103864,7,1,31,28,2018,4,19,7,3,8,1,0,0,0,0,1,0,0,0,3.55694E+20,5.57992E+21,6.97144E+15,5.03537E+16
103865,7,1,38,80,2018,4,13,5,3,0,1,0,0,0,0,1,0,0,0,3.85167E+20,5.61553E+21,7.3746E+15,5.06803E+16
103866,7,3,13,0,2018,4,18,5,2,2,1,1,0,1,0,0,0,0,0,4.3798E+20,5.44962E+21,8.14871E+15,4.91963E+16
103867,7,1,40,501,2018,4,16,1,2,4,6,0,0,1,0,1,0,0,0,3.98736E+20,5.56228E+21,7.58097E+15,5.0204E+16
103868,7,1,37,70,2018,4,17,7,3,8,2,0,0,1,0,1,0,0,0,3.79763E+20,5.56938E+21,7.31297E+15,5.02643E+16
103869,7,1,33,75,2018,4,17,4,2,8,1,0,0,0,0,1,0,0,0,4.06227E+20,5.51698E+21,7.69698E+15,4.97979E+16
103870,7,3,37,54,2018,4,17,3,2,8,1,0,0,0,0,1,0,0,0,4.21527E+20,5.44253E+21,7.9243E+15,4.91306E+16
103871,7,2,32,18,2018,4,15,7,3,9,7,0,0,0,0,1,0,0,0,3.31271E+20,5.49831E+21,6.66421E+15,4.96138E+16
103872,7,1,43,248,2018,4,18,6,3,9,1,0,0,1,0,1,0,0,0,4.25104E+20,5.61445E+21,7.93997E+15,5.0677E+16
103873,7,1,33,6,2018,4,20,4,3,7,7,2,0,0,0,1,0,0,0,4.17441E+20,5.51918E+21,7.8523E+15,4.98193E+16