OBJECTID_1,ULAND,UREGBEZ,UKREIS,UGEMEINDE,UJAHR,UMONAT,USTUNDE,UWOCHENTAG,UKATEGORIE,UART,UTYP1,ULICHTVERH,IstRad,IstPKW,IstFuss,IstKrad,IstGkfz,IstSonstig,STRZUSTAND,LINREFX,LINREFY,XGCSWGS84,YGCSWGS84
103874,7,3,37,20,2018,4,16,3,3,5,3,0,0,1,0,0,0,0,0,4.38584E+20,5.45968E+21,8.15546E+15,4.92868E+16
103875,7,3,31,27,2018,4,8,3,3,2,6,0,0,1,0,0,0,0,0,4.33014E+20,5.50714E+21,8.07084E+15,4.9713E+16
103876,7,3,31,42,2018,4,17,7,3,5,3,0,0,1,0,1,0,0,0,4.36141E+20,5.50827E+21,8.11402E+15,4.97235E+16
103877,7,3,39,27,2018,4,7,5,3,2,6,0,0,1,0,0,0,0,0,4.36302E+20,5.53925E+21,8.11115E+15,5.00022E+16
103878,7,1,31,7,2018,4,18,6,2,5,3,0,1,1,0,0,0,0,0,3.6532E+20,5.60084E+21,7.09916E+15,5.05439E+16
103879,7,1,38,57,2018,4,14,7,3,5,3,0,0,1,0,0,0,0,0,4.02463E+20,5.60517E+21,7.62205E+15,5.05903E+16
103880,7,3,37,26,2018,4,17,3,3,5,3,0,0,1,0,0,0,0,0,4.31643E+20,5.45346E+21,8.06109E+15,4.92301E+16
103881,7,3,19,0,2018,4,20,7,2,5,2,2,0,1,0,1,0,0,0,4.53887E+20,5.49701E+21,8.36153E+15,4.96239E+16
103882,7,3,15,0,2018,4,21,6,3,9,1,2,0,1,0,0,0,0,0,4.51344E+20,5.53517E+21,8.32155E+15,4.99669E+16
103883,7,3,37,38,2018,4,16,4,3,1,1,0,0,1,0,0,0,0,0,4.42486E+20,5.44263E+21,8.21155E+15,4.91338E+16
103884,7,3,38,17,2018,4,17,3,3,2,2,0,0,1,0,0,0,0,0,4.54682E+20,5.47541E+21,8.37502E+15,4.94296E+16
103885,7,3,16,0,2018,4,11,3,3,2,7,0,0,1,0,1,0,0,0,4.41033E+20,5.46793E+21,8.18791E+15,4.93612E+16
103886,7,3,15,0,2018,4,8,5,3,2,6,0,0,1,0,0,0,0,0,4.44099E+20,5.53797E+21,8.22012E+15,4.99914E+16
103887,7,3,33,76,2018,4,4,3,2,8,1,2,0,1,0,0,0,0,0,4.34551E+20,5.50306E+21,8.09283E+15,4.96765E+16
103888,7,3,14,0,2018,4,12,3,3,2,6,0,0,1,0,0,1,0,0,4.56164E+20,5.48734E+21,8.39413E+15,4.95371E+16
103889,7,3,14,0,2018,4,13,2,2,1,5,0,1,1,0,0,0,0,0,4.58635E+20,5.48114E+21,8.42893E+15,4.94815E+16
103890,7,3,40,10,2018,4,15,7,3,0,2,0,0,1,0,1,0,0,0,4.18887E+20,5.4407E+21,7.88848E+15,4.91138E+16
103891,7,3,34,17,2018,4,8,6,2,5,3,0,0,1,0,1,0,0,0,4.52636E+20,5.45565E+21,8.34915E+15,4.92517E+16
103892,7,1,37,81,2018,4,23,1,2,8,1,2,0,1,0,0,0,0,0,3.80897E+20,5.58401E+21,7.32425E+15,5.03961E+16
103893,7,1,37,228,2018,4,15,2,3,0,1,0,0,0,0,1,0,0,0,3.90141E+20,5.5862E+21,7.45362E+15,5.04176E+16
103894,7,1,33,6,2018,4,14,3,3,0,1,0,1,0,0,0,0,0,0,4.18392E+20,5.52163E+21,7.865E+15,4.98416E+16
103895,7,2,33,218,2018,4,16,1,2,9,1,0,0,0,0,1,0,0,0,3.50919E+20,5.57289E+21,6.90715E+15,5.02893E+16
103896,7,1,37,229,2018,4,16,7,2,2,1,0,0,1,0,0,0,0,0,4.02219E+20,5.58694E+21,7.62338E+15,5.04263E+16
103897,7,1,11,0,2018,4,14,5,3,0,7,0,0,0,0,1,0,1,1,3.98813E+20,5.58211E+21,7.57676E+15,5.03823E+16
103898,7,3,39,62,2018,4,10,5,3,6,6,0,0,1,1,0,0,0,0,4.1629E+20,5.53388E+21,7.83313E+15,4.99514E+16
103899,7,1,32,116,2018,4,8,7,3,7,7,0,0,1,0,0,0,0,0,3.95995E+20,5.60216E+21,7.53155E+15,5.05621E+16
103900,7,3,15,0,2018,4,16,4,3,2,6,0,0,1,0,0,0,0,0,4.42172E+20,5.53766E+21,8.19329E+15,4.99885E+16
103901,7,3,33,39,2018,4,12,3,3,5,3,0,0,1,0,0,0,0,0,4.29723E+20,5.50226E+21,8.02606E+15,4.96688E+16
103902,7,1,32,22,2018,4,14,7,2,4,1,0,0,1,0,1,0,0,0,4.08332E+20,5.61953E+21,7.70139E+15,5.07204E+16
103903,7,1,32,45,2018,4,5,6,3,3,6,1,0,1,0,0,0,0,0,4.17721E+20,5.63604E+21,7.83067E+15,5.08702E+16
103904,7,3,15,0,2018,4,8,4,3,3,6,0,0,1,0,0,0,1,1,4.50727E+20,5.53547E+21,8.3129E+15,4.99696E+16
103905,7,3,31,72,2018,4,20,3,3,8,1,2,0,0,0,1,0,0,0,4.24342E+20,5.51842E+21,7.94836E+15,4.98134E+16
103906,7,1,32,6,2018,4,18,3,3,3,2,0,0,1,0,0,0,1,0,4.20577E+20,5.62708E+21,7.87319E+15,5.079E+16
103907,7,2,32,18,2018,4,12,1,1,3,1,0,1,1,0,0,0,0,0,3.25039E+20,5.53992E+21,6.55928E+15,4.9986E+16
103908,7,3,40,24,2018,4,19,2,3,5,3,0,0,1,0,0,0,0,0,3.95578E+20,5.45614E+21,7.56515E+15,4.92491E+16
103909,7,3,15,0,2018,4,11,3,3,3,6,0,0,1,0,0,1,0,0,4.44486E+20,5.54192E+21,8.22495E+15,5.0027E+16
103910,7,1,38,8,2018,4,14,2,3,5,3,0,0,1,0,1,0,0,0,3.76183E+20,5.60674E+21,7.25044E+15,5.05994E+16
103911,7,3,14,0,2018,4,18,7,3,5,3,0,0,1,0,0,0,1,0,4.58802E+20,5.4813E+21,8.43123E+15,4.94829E+16
103912,7,2,32,123,2018,4,17,6,2,5,3,0,0,1,0,0,0,0,0,3.30696E+20,5.53324E+21,6.64106E+15,4.99275E+16
103913,7,3,15,0,2018,4,17,1,3,2,6,0,0,1,0,0,0,0,0,4.48661E+20,5.53606E+21,8.28402E+15,4.99747E+16
103914,7,1,43,64,2018,4,13,3,3,9,7,0,0,1,0,0,0,0,0,4.10766E+20,5.60175E+21,7.74014E+15,5.05608E+16
103915,7,3,15,0,2018,4,13,3,3,3,6,0,0,1,0,0,0,0,0,4.47115E+20,5.5387E+21,8.2621E+15,4.99983E+16
103916,7,3,31,73,2018,4,16,2,2,2,6,0,0,1,0,1,0,1,0,4.38374E+20,5.51977E+21,8.14317E+15,4.98272E+16
103917,7,3,32,24,2018,4,15,7,3,1,7,0,0,1,0,0,0,0,0,4.39291E+20,5.48892E+21,8.16071E+15,4.95498E+16
103918,7,3,31,36,2018,4,14,6,2,5,3,0,0,1,0,0,0,0,1,4.42985E+20,5.50574E+21,8.20933E+15,4.97015E+16
103919,7,3,40,38,2018,4,13,7,3,8,6,0,0,0,0,1,0,0,0,4.03407E+20,5.45469E+21,7.67305E+15,4.92373E+16
103920,7,3,38,19,2018,4,21,1,3,3,6,2,0,1,0,1,0,0,0,4.53772E+20,5.47883E+21,8.36207E+15,4.94604E+16
103921,7,2,31,134,2018,4,14,3,3,9,7,0,0,1,0,0,0,0,0,3.51028E+20,5.53715E+21,6.92263E+15,4.9968E+16
103922,7,1,43,25,2018,4,17,1,2,9,1,0,0,0,0,1,0,0,0,4.13601E+20,5.60186E+21,7.78014E+15,5.05622E+16
103923,7,3,12,0,2018,4,14,6,3,2,6,0,1,1,0,0,0,0,0,4.12149E+20,5.47848E+21,7.78787E+15,4.94526E+16
103924,7,2,35,114,2018,4,11,5,3,5,3,0,0,1,0,0,0,0,0,3.48231E+20,5.50443E+21,6.89645E+15,4.96733E+16
103925,7,3,14,0,2018,4,13,6,3,2,6,0,0,1,0,0,0,0,0,4.57194E+20,5.47872E+21,8.4093E+15,4.94596E+16
103926,7,2,31,502,2018,4,10,4,3,5,3,0,0,1,0,0,0,0,0,3.64669E+20,5.51923E+21,7.11901E+15,4.98102E+16
103927,7,2,11,0,2018,4,14,3,3,0,5,0,1,1,0,0,0,0,0,3.27751E+20,5.5125E+21,6.60928E+15,4.97403E+16
103928,7,1,11,0,2018,4,14,7,3,6,4,0,0,0,1,0,0,1,0,4.00055E+20,5.58103E+21,7.5945E+15,5.03729E+16
103929,7,1,37,36,2018,4,19,6,3,9,1,0,0,0,0,1,0,0,0,3.6607E+20,5.57669E+21,7.11836E+15,5.03271E+16
103930,7,2,11,0,2018,4,7,4,3,1,6,0,0,1,0,0,0,0,0,3.29584E+20,5.51496E+21,6.63361E+15,4.97629E+16
103931,7,1,43,300,2018,4,19,3,2,5,3,0,0,1,0,0,0,0,0,4.20623E+20,5.61336E+21,7.8768E+15,5.06667E+16
103932,7,1,31,52,2018,4,14,3,2,8,1,0,0,0,0,1,0,0,0,3.4531E+20,5.58366E+21,6.82405E+15,5.03846E+16
103933,7,1,38,44,2018,4,19,1,2,9,1,0,0,0,0,1,0,0,0,3.85299E+20,5.60632E+21,7.37931E+15,5.05975E+16
103934,7,3,18,0,2018,4,23,2,3,1,5,2,0,1,0,0,0,0,0,4.58453E+20,5.46252E+21,8.42836E+15,4.9314E+16
103935,7,1,41,4,2018,4,18,3,3,8,1,0,0,1,0,0,0,0,0,4.12252E+20,5.55856E+21,7.7712E+15,5.01728E+16
103936,7,1,31,90,2018,4,8,2,3,2,6,0,0,1,0,0,0,1,0,3.6185E+20,5.60562E+21,7.04843E+15,5.05862E+16
103937,7,3,19,0,2018,4,6,7,2,2,6,0,1,1,0,0,0,0,0,4.55012E+20,5.49773E+21,8.37703E+15,4.96305E+16
103938,7,1,43,49,2018,4,18,6,2,5,3,0,0,1,0,0,0,0,1,4.18492E+20,5.59208E+21,7.85132E+15,5.0475E+16
103939,7,3,33,65,2018,4,16,7,2,4,6,0,0,1,0,1,0,0,0,4.18616E+20,5.49884E+21,7.87287E+15,4.96367E+16
103940,7,3,15,0,2018,4,8,7,2,6,2,0,0,1,1,0,0,0,0,4.47708E+20,5.53572E+21,8.27077E+15,4.99716E+16
103941,7,2,11,0,2018,4,17,1,2,8,1,0,0,0,0,1,0,0,0,3.35052E+20,5.52391E+21,6.70568E+15,4.98449E+16
103942,7,1,41,68,2018,4,15,3,3,2,6,0,0,1,0,0,0,0,0,4.26863E+20,5.56865E+21,7.97383E+15,5.02654E+16
103943,7,3,32,2,2018,4,17,7,2,4,2,0,0,1,0,0,0,0,0,4.41889E+20,5.47977E+21,8.19797E+15,4.94678E+16
103944,7,3,14,0,2018,4,18,6,3,8,1,0,0,0,0,1,0,0,0,4.56308E+20,5.48736E+21,8.39613E+15,4.95373E+16
103945,7,1,37,209,2018,4,11,5,3,2,6,0,0,1,0,0,0,0,0,3.95924E+20,5.58371E+21,7.53569E+15,5.03962E+16
103946,7,2,11,0,2018,4,22,6,3,4,2,2,0,1,0,0,0,0,0,3.29144E+20,5.51364E+21,6.6281E+15,4.97509E+16
103947,7,1,11,0,2018,4,7,4,3,2,6,0,0,1,0,0,0,0,0,3.929E+20,5.58037E+21,7.49411E+15,5.03657E+16
103948,7,3,36,85,2018,4,16,7,1,9,1,0,0,0,0,1,0,0,0,4.04202E+20,5.49757E+21,7.67361E+15,4.96231E+16
103949,7,2,33,33,2018,4,16,1,2,8,1,0,0,0,0,1,0,0,0,3.37178E+20,5.56948E+21,6.71587E+15,5.0255E+16
103950,7,1,32,36,2018,4,15,3,3,5,3,0,0,1,0,1,0,1,0,4.26299E+20,5.61811E+21,7.95616E+15,5.07101E+16
103951,7,1,43,48,2018,4,20,1,3,0,7,2,0,1,0,0,0,0,0,4.153E+20,5.58881E+21,7.80708E+15,5.04451E+16
103952,7,3,37,50,2018,4,13,6,3,2,6,0,0,1,0,0,0,0,0,4.38033E+20,5.45424E+21,8.14872E+15,4.92378E+16
103953,7,1,32,41,2018,4,11,5,3,4,6,0,0,1,0,0,0,0,0,3.97652E+20,5.61539E+21,7.55129E+15,5.06813E+16
103954,7,3,39,47,2018,4,22,6,3,5,3,2,1,1,0,0,0,0,0,4.41876E+20,5.53351E+21,8.18979E+15,4.99511E+16
103955,7,1,35,57,2018,4,8,4,2,3,6,0,0,1,0,0,0,0,0,3.5751E+20,5.55404E+21,7.00669E+15,5.01214E+16
103956,7,1,11,0,2018,4,16,6,3,2,6,0,0,1,0,0,1,0,0,3.97065E+20,5.58364E+21,7.55175E+15,5.03958E+16
103957,7,1,37,226,2018,4,13,4,3,5,2,0,0,1,0,0,0,0,0,4.02522E+20,5.58492E+21,7.62818E+15,5.04082E+16
103958,7,1,31,70,2018,4,15,3,3,8,1,0,0,1,0,0,0,0,0,3.72053E+20,5.60438E+21,7.19292E+15,5.05773E+16
103959,7,1,37,226,2018,4,6,3,2,5,3,0,0,1,0,0,0,0,0,4.02204E+20,5.58317E+21,7.62416E+15,5.03925E+16
103960,7,1,31,2,2018,4,14,1,2,4,1,0,0,1,0,1,0,0,0,3.55091E+20,5.59561E+21,6.95691E+15,5.04946E+16
103961,7,3,35,16,2018,4,20,7,2,8,7,2,0,1,0,0,0,0,0,3.87754E+20,5.4748E+21,7.45244E+15,4.94155E+16
103962,7,3,31,55,2018,4,12,2,3,1,3,0,1,1,0,0,0,0,0,4.51359E+20,5.50543E+21,8.32549E+15,4.96994E+16
103963,7,1,31,84,2018,4,13,3,2,4,1,0,1,1,0,0,0,0,0,3.5113E+20,5.58094E+21,6.90693E+15,5.03617E+16
103964,7,3,12,0,2018,4,19,1,3,5,2,0,0,1,0,0,0,0,1,4.08995E+20,5.47735E+21,7.74463E+15,4.9442E+16
103965,7,2,33,239,2018,4,15,7,2,9,1,0,0,0,0,1,0,0,0,3.25854E+20,5.57849E+21,6.553E+15,5.03327E+16
103966,7,1,32,52,2018,4,16,6,3,5,2,0,0,1,0,0,0,0,0,4.04925E+20,5.6213E+21,7.65268E+15,5.07357E+16
103967,7,3,35,17,2018,4,23,7,2,3,6,2,0,1,0,0,0,0,0,4.05736E+20,5.48477E+21,7.69791E+15,4.95083E+16
103968,7,2,11,0,2018,4,17,7,2,3,6,0,0,1,0,1,0,0,0,3.29822E+20,5.51348E+21,6.63756E+15,4.97497E+16
103969,7,1,31,28,2018,4,16,1,2,0,7,0,0,0,0,1,0,0,0,3.58492E+20,5.58198E+21,7.00998E+15,5.03728E+16
103970,7,1,37,68,2018,4,19,3,3,9,1,0,0,1,0,0,0,0,0,3.75204E+20,5.57741E+21,7.24638E+15,5.03355E+16
103971,7,3,33,26,2018,4,11,7,3,5,3,0,0,1,0,0,0,0,0,4.29847E+20,5.49375E+21,8.0293E+15,4.95923E+16
103972,7,3,19,0,2018,4,19,6,3,5,2,0,0,1,0,1,0,0,0,4.53263E+20,5.50467E+21,8.35198E+15,4.96927E+16
103973,7,3,33,69,2018,4,13,4,3,8,1,0,0,1,0,0,0,0,0,4.15283E+20,5.49391E+21,7.82778E+15,4.95918E+16
103974,7,1,37,102,2018,4,16,3,3,1,6,0,0,1,0,0,0,0,0,3.79336E+20,5.5771E+21,7.30452E+15,5.03336E+16
103975,7,3,12,0,2018,4,7,3,3,6,2,0,0,1,1,0,0,0,0,4.06653E+20,5.48159E+21,7.71132E+15,4.94798E+16
103976,7,3,38,5,2018,4,18,5,2,0,2,0,0,1,0,1,0,0,0,4.49552E+20,5.47044E+21,8.3049E+15,4.93846E+16
103977,7,3,14,0,2018,4,16,3,3,1,5,0,1,1,0,0,0,0,0,4.54526E+20,5.48199E+21,8.37211E+15,4.94888E+16
103978,7,1,40,84,2018,4,12,3,3,9,1,0,0,1,0,0,0,0,0,3.98316E+20,5.55274E+21,7.57765E+15,5.01182E+16
103979,7,3,38,5,2018,4,9,2,2,9,6,0,0,1,0,0,0,0,0,4.51918E+20,5.46709E+21,8.33791E+15,4.93546E+16
103980,7,1,38,44,2018,4,13,1,3,9,7,0,0,1,0,0,0,0,0,3.91955E+20,5.60434E+21,7.4739E+15,5.0581E+16
103981,7,3,12,0,2018,4,13,6,3,0,2,0,0,1,0,1,0,0,0,4.09108E+20,5.47919E+21,7.74576E+15,4.94586E+16
103982,7,3,32,25,2018,4,16,7,2,4,2,0,0,1,0,0,0,0,0,4.49547E+20,5.46289E+21,8.30579E+15,4.93167E+16
103983,7,3,35,48,2018,4,18,5,3,3,6,0,0,1,0,1,0,0,0,4.17018E+20,5.47287E+21,7.85621E+15,4.94028E+16
103984,7,3,32,25,2018,4,18,3,2,3,6,0,0,1,0,0,0,0,0,4.47129E+20,5.47148E+21,8.27139E+15,4.93937E+16
103985,7,1,35,83,2018,4,17,3,2,3,6,0,0,1,0,0,1,0,0,3.57225E+20,5.56529E+21,6.99847E+15,5.02226E+16
103986,7,3,35,203,2018,4,13,2,2,4,2,0,0,1,0,0,0,0,0,3.87519E+20,5.46897E+21,7.45085E+15,4.9363E+16
103987,7,1,31,37,2018,4,10,1,3,5,3,0,0,0,0,1,0,0,0,3.60503E+20,5.58352E+21,7.03767E+15,5.03871E+16
103988,7,3,32,47,2018,4,11,6,3,9,1,0,0,1,0,0,0,0,1,4.25664E+20,5.48258E+21,7.97354E+15,4.94913E+16
103989,7,3,32,6,2018,4,21,7,2,5,3,1,0,1,0,1,0,0,0,4.40897E+20,5.49581E+21,8.18188E+15,4.96119E+16
103990,7,2,11,0,2018,4,16,2,3,9,1,0,1,0,0,0,0,0,0,3.30484E+20,5.51391E+21,6.64656E+15,4.97537E+16
103991,7,3,32,2,2018,4,16,2,3,5,3,0,0,1,0,1,0,0,0,4.38431E+20,5.48131E+21,8.15001E+15,4.94813E+16
103992,7,3,37,43,2018,4,17,1,3,4,6,0,0,1,0,0,0,0,0,4.34367E+20,5.4445E+21,8.09996E+15,4.91498E+16
103993,7,1,32,96,2018,4,10,7,2,4,1,0,0,1,0,1,0,0,0,4.0863E+20,5.6247E+21,7.70432E+15,5.07669E+16
103994,7,3,19,0,2018,4,14,7,2,9,7,0,0,1,0,0,0,0,0,4.52009E+20,5.49804E+21,8.33541E+15,4.9633E+16
103995,7,2,35,45,2018,4,15,5,3,2,6,0,0,0,0,1,0,1,0,3.51961E+20,5.50259E+21,6.94881E+15,4.96576E+16
103996,7,3,12,0,2018,4,18,5,3,2,6,0,0,1,0,0,1,0,0,4.11601E+20,5.47815E+21,7.78038E+15,4.94496E+16
103997,7,3,16,0,2018,4,20,7,2,8,1,2,0,0,0,1,0,0,0,4.38499E+20,5.4685E+21,8.15293E+15,4.93661E+16
103998,7,1,38,70,2018,4,12,7,3,5,3,0,0,1,0,0,0,0,0,4.02816E+20,5.60815E+21,7.62626E+15,5.06171E+16
103999,7,3,34,16,2018,4,10,4,3,0,1,0,1,0,0,0,0,0,0,4.52331E+20,5.44137E+21,8.34665E+15,4.91233E+16
104000,7,3,34,8,2018,4,18,2,3,5,3,0,0,1,0,0,0,0,0,4.45538E+20,5.43052E+21,8.25502E+15,4.90252E+16
104001,7,2,33,53,2018,4,21,7,2,9,1,1,0,1,0,0,0,0,0,3.30613E+20,5.57339E+21,6.6221E+15,5.02883E+16
104002,7,2,31,92,2018,4,22,6,3,9,1,2,0,1,0,0,0,0,0,3.50118E+20,5.52494E+21,6.91469E+15,4.98581E+16
104003,7,3,18,0,2018,4,8,4,3,3,6,0,1,1,0,0,0,0,0,4.58483E+20,5.46258E+21,8.42877E+15,4.93145E+16
104004,7,3,34,25,2018,4,18,2,3,5,3,0,0,1,0,0,0,1,0,4.4939E+20,5.4443E+21,8.30598E+15,4.91495E+16
104005,7,3,34,501,2018,4,13,3,3,2,6,0,0,1,0,0,0,0,0,4.45469E+20,5.43255E+21,8.2538E+15,4.90434E+16
104006,7,1,35,75,2018,4,13,1,3,2,6,0,0,1,0,0,0,0,0,3.77653E+20,5.56667E+21,7.28425E+15,5.02395E+16
104007,7,2,11,0,2018,4,11,3,3,2,6,0,0,1,0,0,0,0,0,3.27824E+20,5.51186E+21,6.61057E+15,4.97346E+16
104008,7,3,38,10,2018,4,14,2,3,8,1,0,0,0,0,1,0,0,0,4.51728E+20,5.46293E+21,8.33579E+15,4.93172E+16
104009,7,1,33,6,2018,4,9,2,3,2,6,0,0,1,0,0,0,0,0,4.1932E+20,5.52092E+21,7.87806E+15,4.98353E+16
104010,7,3,35,38,2018,4,13,7,3,5,3,0,0,1,0,0,0,0,0,3.95593E+20,5.47534E+21,7.56033E+15,4.94218E+16
104011,7,3,13,0,2018,4,13,6,3,2,6,0,0,1,0,0,0,0,1,4.3665E+20,5.45224E+21,8.13005E+15,4.92196E+16
104012,7,3,37,72,2018,4,13,7,2,1,1,0,0,1,0,1,0,0,0,4.26673E+20,5.43236E+21,7.99668E+15,4.90398E+16
104013,7,1,40,98,2018,4,17,2,3,5,3,0,0,1,0,0,0,0,0,3.95845E+20,5.553E+21,7.54303E+15,5.01201E+16
104014,7,3,38,19,2018,4,21,2,3,0,3,2,0,1,0,0,0,0,0,4.53675E+20,5.47602E+21,8.36106E+15,4.94351E+16
104015,7,2,33,227,2018,4,13,1,2,2,2,0,0,0,0,1,0,0,0,3.31627E+20,5.55651E+21,6.64381E+15,5.01369E+16
104016,7,3,20,0,2018,4,7,6,3,2,6,0,0,1,0,1,0,0,0,3.80786E+20,5.45518E+21,7.36227E+15,4.92378E+16
104017,7,3,12,0,2018,4,15,4,3,2,6,0,0,1,0,0,0,0,0,4.13052E+20,5.47898E+21,7.80022E+15,4.94572E+16
104018,7,3,19,0,2018,4,15,5,3,2,6,0,0,1,0,0,0,0,0,4.5179E+20,5.49981E+21,8.33215E+15,4.96489E+16
104019,7,3,18,0,2018,4,18,7,3,5,7,0,0,1,0,0,0,0,0,4.57244E+20,5.46676E+21,8.41128E+15,4.9352E+16
104020,7,3,34,501,2018,4,11,6,3,3,6,0,0,1,0,0,0,0,0,4.41955E+20,5.43542E+21,8.20532E+15,4.90689E+16
104021,7,3,33,45,2018,4,4,4,3,2,6,2,0,1,0,0,0,1,0,4.30209E+20,5.49838E+21,8.03349E+15,4.9634E+16
104022,7,3,39,3,2018,4,14,2,3,2,6,0,0,1,0,1,0,0,0,4.11914E+20,5.54639E+21,7.76927E+15,5.00633E+16
104023,7,1,40,125,2018,4,18,7,3,0,3,0,1,1,0,0,0,0,0,4.05178E+20,5.54203E+21,7.67626E+15,5.0023E+16
104024,7,1,38,45,2018,4,7,2,2,1,6,0,0,0,0,1,0,1,0,3.92208E+20,5.58995E+21,7.48163E+15,5.04516E+16
104025,7,2,32,27,2018,4,16,2,2,8,1,0,0,0,0,1,0,0,0,3.313E+20,5.5376E+21,6.64757E+15,4.99669E+16
104026,7,3,39,10,2018,4,1,1,2,0,7,2,0,0,0,1,0,0,0,4.48475E+20,5.51961E+21,8.28362E+15,4.98267E+16
104027,7,1,37,226,2018,4,21,7,2,5,3,2,0,1,0,1,0,0,0,4.02455E+20,5.58293E+21,7.62775E+15,5.03903E+16
104028,7,1,40,501,2018,4,21,5,2,9,1,2,0,0,0,1,0,0,0,4.01866E+20,5.56725E+21,7.62355E+15,5.02492E+16
104029,7,3,18,0,2018,4,8,5,2,1,7,0,1,0,0,0,0,1,0,4.59678E+20,5.46184E+21,8.44529E+15,4.9308E+16
104030,7,3,18,0,2018,4,13,7,3,4,6,0,0,1,0,0,0,0,0,4.60221E+20,5.46452E+21,8.45249E+15,4.93321E+16
104031,7,1,11,0,2018,4,16,7,2,2,6,0,0,1,0,1,0,0,0,4.00723E+20,5.57584E+21,7.60526E+15,5.03263E+16
104032,7,3,15,0,2018,4,17,4,3,5,3,0,0,1,0,0,0,0,0,4.43916E+20,5.54022E+21,8.21724E+15,5.00116E+16
104033,7,2,32,101,2018,4,15,2,1,8,1,0,0,1,0,0,0,0,0,3.30255E+20,5.54536E+21,6.62957E+15,5.00363E+16
104034,7,2,11,0,2018,4,12,7,3,1,6,0,0,1,0,0,0,0,0,3.29562E+20,5.5149E+21,6.63334E+15,4.97624E+16
104035,7,1,43,62,2018,4,15,6,3,1,2,0,1,1,0,0,0,0,0,4.09997E+20,5.59151E+21,7.73176E+15,5.04687E+16
104036,7,3,31,73,2018,4,14,4,2,2,6,0,0,1,0,0,1,0,0,4.38033E+20,5.52128E+21,8.13818E+15,4.98407E+16
104037,7,1,34,62,2018,4,16,2,2,8,1,0,0,0,0,1,0,0,0,3.74382E+20,5.5064E+21,7.25808E+15,4.9697E+16
104038,7,1,41,201,2018,4,17,3,3,4,1,0,0,1,0,1,0,0,0,4.1337E+20,5.58312E+21,7.78121E+15,5.03938E+16
104039,7,2,33,79,2018,4,10,1,2,8,1,0,0,0,0,1,0,0,0,3.3759E+20,5.55916E+21,6.72605E+15,5.01623E+16
104040,7,1,37,86,2018,4,7,3,2,4,6,0,0,1,0,0,0,1,0,3.85111E+20,5.57978E+21,7.38481E+15,5.03589E+16
104041,7,2,35,111,2018,4,21,2,2,8,1,2,0,1,0,0,0,0,0,3.22762E+20,5.52088E+21,6.53628E+15,4.98141E+16
104042,7,1,41,5,2018,4,10,2,2,4,6,0,1,0,0,0,0,0,0,4.27109E+20,5.58349E+21,7.9744E+15,5.03989E+16
104043,7,3,37,58,2018,4,16,7,3,1,6,0,0,1,0,0,0,0,0,4.30594E+20,5.43883E+21,8.0492E+15,4.90984E+16
104044,7,3,15,0,2018,4,20,6,3,4,2,2,0,1,0,0,0,0,1,4.47583E+20,5.53991E+21,8.26846E+15,5.00092E+16
104045,7,3,18,0,2018,4,8,7,3,5,3,0,0,1,0,0,0,0,0,4.60522E+20,5.46488E+21,8.4566E+15,4.93353E+16
104046,7,3,19,0,2018,4,17,1,2,5,3,0,0,1,0,1,0,0,0,4.48375E+20,5.49567E+21,8.2854E+15,4.96114E+16
104047,7,1,41,4,2018,4,14,2,3,2,6,0,0,1,0,0,0,0,0,4.13132E+20,5.559E+21,7.78341E+15,5.01768E+16
104048,7,1,32,111,2018,4,10,1,2,9,1,0,0,1,0,0,0,0,1,4.17375E+20,5.62807E+21,7.82755E+15,5.07984E+16
104049,7,3,32,39,2018,4,13,6,3,2,2,0,1,0,0,0,0,0,0,4.42703E+20,5.47422E+21,8.21001E+15,4.94179E+16
104050,7,1,43,263,2018,4,20,5,3,0,6,0,0,1,0,1,0,0,0,4.22659E+20,5.59302E+21,7.90983E+15,5.0484E+16
104051,7,3,31,24,2018,4,19,6,2,4,3,0,0,1,0,1,0,0,0,4.38152E+20,5.50458E+21,8.14249E+15,4.96905E+16
104052,7,1,38,14,2018,4,16,4,3,9,1,0,0,1,0,1,0,0,0,3.99221E+20,5.60452E+21,7.57644E+15,5.05839E+16
104053,7,1,40,202,2018,4,12,6,3,0,1,0,0,0,0,1,0,0,0,3.85038E+20,5.5572E+21,7.39065E+15,5.01558E+16
104054,7,1,32,36,2018,4,8,4,2,9,1,0,0,1,0,0,0,0,1,4.26583E+20,5.6184E+21,7.96012E+15,5.07128E+16
104055,7,1,43,49,2018,4,22,2,2,5,3,2,0,1,0,0,0,0,0,4.17867E+20,5.59242E+21,7.84243E+15,5.0478E+16
104056,7,1,40,50,2018,4,14,3,2,8,1,0,0,0,0,1,0,0,0,3.92631E+20,5.5265E+21,7.50548E+15,4.98813E+16
104057,7,1,32,63,2018,4,19,1,2,8,1,0,0,0,0,1,0,0,0,4.19427E+20,5.63045E+21,7.85614E+15,5.08202E+16
104058,7,3,39,46,2018,4,7,2,3,5,3,0,0,1,0,0,0,0,0,4.31114E+20,5.5267E+21,8.04101E+15,4.98887E+16
104059,7,1,38,45,2018,4,14,6,2,0,7,0,0,1,0,0,1,0,0,3.92618E+20,5.58802E+21,7.48795E+15,5.04344E+16
104060,7,2,32,15,2018,4,17,4,3,5,3,0,0,1,0,0,0,0,0,3.16871E+20,5.54288E+21,6.44404E+15,5.00101E+16