OBJECTID_1,ULAND,UREGBEZ,UKREIS,UGEMEINDE,UJAHR,UMONAT,USTUNDE,UWOCHENTAG,UKATEGORIE,UART,UTYP1,ULICHTVERH,IstRad,IstPKW,IstFuss,IstKrad,IstGkfz,IstSonstig,STRZUSTAND,LINREFX,LINREFY,XGCSWGS84,YGCSWGS84
104061,7,1,31,1,2018,4,14,2,3,8,1,0,0,1,0,0,0,0,1,3.54684E+20,5.58149E+21,6.95665E+15,5.03675E+16
104062,7,1,32,82,2018,4,16,3,3,8,1,0,0,0,0,1,0,1,1,3.97425E+20,5.62106E+21,7.54651E+15,5.07323E+16
104063,7,1,43,250,2018,4,14,1,2,5,3,0,0,1,0,1,0,0,0,4.09856E+20,5.61619E+21,7.72379E+15,5.06906E+16
104064,7,3,36,9,2018,4,10,2,3,5,3,0,0,1,0,0,0,0,0,3.91212E+20,5.48896E+21,7.4962E+15,4.95435E+16
104065,7,1,40,125,2018,4,16,2,2,8,1,0,0,0,0,1,0,0,0,4.06485E+20,5.53812E+21,7.69545E+15,4.99881E+16
104066,7,1,31,90,2018,4,5,2,2,5,3,2,1,1,0,0,0,0,0,3.60418E+20,5.60545E+21,7.02829E+15,5.05843E+16
104067,7,1,33,22,2018,4,9,7,3,0,1,0,0,1,0,0,0,0,0,4.00793E+20,5.52247E+21,7.6201E+15,4.98464E+16
104068,7,2,35,51,2018,4,9,6,2,6,4,0,0,1,1,0,0,0,0,3.2348E+20,5.50916E+21,6.55157E+15,4.9709E+16
104069,7,3,14,0,2018,4,17,7,3,5,3,0,0,1,0,0,0,0,0,4.58387E+20,5.4782E+21,8.42583E+15,4.9455E+16
104070,7,2,35,28,2018,4,20,1,2,6,4,2,0,1,1,0,0,0,0,3.21562E+20,5.49062E+21,6.53342E+15,4.95419E+16
104071,7,1,40,67,2018,4,16,2,2,9,1,0,0,0,0,1,0,0,0,3.83595E+20,5.53288E+21,7.37784E+15,4.99369E+16
104072,7,3,36,23,2018,4,23,7,2,0,1,2,0,0,0,1,0,1,0,3.96215E+20,5.49073E+21,7.56487E+15,4.95602E+16
104073,7,3,18,0,2018,4,15,6,3,8,1,0,0,1,0,0,0,0,0,4.53268E+20,5.45888E+21,8.35746E+15,4.92809E+16
104074,7,1,35,20,2018,4,15,5,3,6,4,0,0,1,1,0,0,0,0,3.68988E+20,5.55673E+21,7.16624E+15,5.01483E+16
104075,7,2,32,213,2018,4,20,6,2,3,7,1,0,1,0,1,0,0,0,2.98571E+20,5.54939E+21,6.18552E+15,5.00626E+16
104076,7,1,40,131,2018,4,18,4,3,5,3,0,0,1,0,0,0,0,0,3.89915E+20,5.54873E+21,7.46133E+15,5.00806E+16
104077,7,1,35,18,2018,3,16,7,2,8,1,0,0,0,0,1,0,0,0,3.62619E+20,5.56134E+21,7.07547E+15,5.01883E+16
104078,7,3,40,38,2018,4,6,5,3,4,6,0,0,1,0,0,0,0,0,4.00348E+20,5.45439E+21,7.63111E+15,4.92342E+16
104079,7,3,20,0,2018,4,18,3,3,5,3,0,0,1,0,0,0,0,0,3.82959E+20,5.45696E+21,7.39159E+15,4.92542E+16
104080,7,3,12,0,2018,4,18,1,3,4,2,0,0,1,0,0,0,0,0,4.1158E+20,5.47814E+21,7.7801E+15,4.94495E+16
104081,7,1,37,229,2018,4,5,3,3,2,6,1,0,1,0,0,1,0,0,4.02693E+20,5.58726E+21,7.62997E+15,5.04293E+16
104082,7,1,37,7,2018,4,13,1,3,2,6,0,0,0,0,1,0,1,0,3.60071E+20,5.57924E+21,7.03318E+15,5.03486E+16
104083,7,3,33,10,2018,4,14,7,3,4,2,0,0,1,0,0,0,0,0,4.30338E+20,5.49878E+21,8.0352E+15,4.96375E+16
104084,7,3,39,5,2018,4,5,2,3,0,1,2,0,1,0,0,0,0,0,4.24262E+20,5.53067E+21,7.94486E+15,4.99236E+16
104085,7,3,32,39,2018,4,0,1,3,8,1,2,0,1,0,0,0,0,0,4.4238E+20,5.47276E+21,8.20576E+15,4.94048E+16
104086,7,3,32,46,2018,4,14,1,3,3,2,0,0,1,0,1,0,0,0,4.3527E+20,5.47342E+21,8.10767E+15,4.941E+16
104087,7,1,41,62,2018,4,14,7,3,8,1,0,0,0,0,1,0,0,0,4.20808E+20,5.58087E+21,7.88631E+15,5.03746E+16
104088,7,1,35,51,2018,4,13,6,3,2,6,0,0,1,0,0,0,0,0,3.68161E+20,5.56166E+21,7.15296E+15,5.01924E+16
104089,7,3,33,60,2018,4,2,7,3,8,1,2,0,1,0,0,0,0,0,4.31165E+20,5.48752E+21,8.04863E+15,4.95364E+16
104090,7,1,43,10,2018,4,22,7,3,9,1,2,0,0,0,1,0,0,0,4.14749E+20,5.59012E+21,7.79902E+15,5.04569E+16
104091,7,2,31,203,2018,4,14,1,3,1,6,0,0,1,0,0,0,0,1,3.48342E+20,5.51553E+21,6.89367E+15,4.97731E+16
104092,7,3,31,53,2018,4,14,7,3,5,1,0,1,1,0,0,0,0,0,4.30185E+20,5.50854E+21,8.03134E+15,4.97253E+16
104093,7,3,39,19,2018,4,10,6,3,2,2,0,0,1,0,0,0,0,0,4.29467E+20,5.53511E+21,8.01654E+15,4.99642E+16
104094,7,1,31,210,2018,4,20,1,2,9,1,2,0,1,0,0,0,0,1,3.73096E+20,5.58851E+21,7.21303E+15,5.04348E+16
104095,7,3,40,38,2018,4,13,1,2,5,3,0,0,1,0,1,0,0,0,4.00976E+20,5.45485E+21,7.63963E+15,4.92384E+16
104096,7,3,39,5,2018,4,4,7,3,9,1,2,0,0,0,0,0,1,0,4.24451E+20,5.53413E+21,7.94681E+15,4.99547E+16
104097,7,1,38,9,2018,4,12,6,3,5,3,0,0,1,0,0,0,0,0,3.82786E+20,5.6032E+21,7.34481E+15,5.05689E+16
104098,7,1,35,92,2018,4,14,7,2,9,1,0,0,0,0,1,0,0,0,3.7183E+20,5.54216E+21,7.21087E+15,5.0018E+16
104099,7,1,38,31,2018,4,15,1,3,4,6,0,0,1,0,0,0,0,0,3.99344E+20,5.59355E+21,7.58114E+15,5.04853E+16
104100,7,1,31,77,2018,4,18,1,3,5,3,0,0,1,0,0,0,0,0,3.76111E+20,5.60036E+21,7.25154E+15,5.0542E+16
104101,7,3,16,0,2018,4,12,7,3,2,6,0,0,1,0,0,0,0,0,4.37225E+20,5.46677E+21,8.13566E+15,4.93504E+16
104102,7,3,39,5,2018,4,8,6,3,0,6,0,1,1,0,0,0,0,0,4.25549E+20,5.53164E+21,7.9626E+15,4.99325E+16
104103,7,3,40,16,2018,4,7,4,3,1,1,1,0,1,0,1,0,0,1,4.00134E+20,5.46419E+21,7.62573E+15,4.93222E+16
104104,7,2,11,0,2018,4,12,6,3,2,6,0,0,1,0,0,0,0,0,3.29186E+20,5.51398E+21,6.62852E+15,4.9754E+16
104105,7,3,40,211,2018,4,20,3,2,5,3,1,0,1,0,0,0,1,0,3.81989E+20,5.4494E+21,7.38049E+15,4.91861E+16
104106,7,3,32,46,2018,4,7,5,2,5,3,0,0,1,0,1,0,0,0,4.40758E+20,5.4764E+21,8.18287E+15,4.94373E+16
104107,7,3,34,5,2018,4,6,3,3,9,1,1,0,1,0,0,0,0,1,4.35785E+20,5.43331E+21,8.12118E+15,4.90493E+16
104108,7,1,11,0,2018,4,11,1,3,5,3,0,0,1,0,0,0,0,1,3.99838E+20,5.57913E+21,7.59196E+15,5.03557E+16
104109,7,3,32,19,2018,4,15,2,2,5,3,0,0,1,0,1,0,0,0,4.43275E+20,5.48498E+21,8.21634E+15,4.95148E+16
104110,7,1,31,7,2018,4,13,1,3,4,1,0,0,1,0,1,0,0,0,3.67529E+20,5.60007E+21,7.13059E+15,5.05375E+16
104111,7,3,36,94,2018,4,7,6,2,6,4,0,0,1,1,0,0,0,0,3.76447E+20,5.48385E+21,7.29378E+15,4.94947E+16
104112,7,1,43,53,2018,4,6,2,2,5,3,1,0,1,0,0,1,0,0,4.12077E+20,5.58451E+21,7.7627E+15,5.04061E+16
104113,7,3,35,22,2018,3,16,7,3,2,2,0,0,1,0,0,0,0,0,3.95606E+20,5.47531E+21,7.56053E+15,4.94215E+16
104114,7,3,39,21,2018,4,16,1,3,0,1,0,0,0,0,1,0,0,0,4.2263E+20,5.52653E+21,7.92296E+15,4.98862E+16
104115,7,1,31,55,2018,4,11,7,3,5,3,0,0,1,0,0,0,0,0,3.74891E+20,5.5916E+21,7.23726E+15,5.04631E+16
104116,7,1,43,276,2018,4,16,5,3,2,6,0,0,1,0,0,0,0,0,4.19817E+20,5.61373E+21,7.86531E+15,5.06699E+16
104117,7,3,34,34,2018,4,13,5,3,5,3,0,0,1,0,0,0,1,0,4.36471E+20,5.43853E+21,8.12975E+15,4.90963E+16
104118,7,1,31,2,2018,4,12,7,3,2,6,0,0,1,0,0,0,0,0,3.56772E+20,5.59634E+21,6.98031E+15,5.05015E+16
104119,7,3,39,62,2018,4,18,4,1,6,6,0,0,1,1,0,0,0,0,4.15092E+20,5.53366E+21,7.81648E+15,4.99493E+16
104120,7,3,32,10,2018,3,1,7,3,8,1,2,0,1,0,0,0,1,0,4.47517E+20,5.4905E+21,8.2742E+15,4.95648E+16
104121,7,2,31,134,2018,4,15,7,2,2,2,0,0,1,0,0,0,0,0,3.49729E+20,5.53941E+21,6.90364E+15,4.99881E+16
104122,7,2,11,0,2018,4,8,6,3,1,6,0,0,1,0,0,0,0,0,3.31975E+20,5.51582E+21,6.66643E+15,4.97713E+16
104123,7,3,11,0,2018,4,18,4,3,2,2,0,0,1,0,0,0,0,0,4.5341E+20,5.48467E+21,8.35639E+15,4.95128E+16
104124,7,3,34,1,2018,3,12,7,2,5,3,0,0,1,0,0,0,0,0,4.49074E+20,5.44959E+21,8.30097E+15,4.9197E+16
104125,7,3,15,0,2018,4,8,3,3,2,2,0,0,1,0,0,0,0,0,4.46041E+20,5.53853E+21,8.24713E+15,4.99967E+16
104126,7,3,31,48,2018,4,17,1,3,0,7,0,0,1,0,0,0,0,0,4.42444E+20,5.49824E+21,8.20293E+15,4.9634E+16
104127,7,1,41,129,2018,4,15,3,3,2,2,0,0,1,0,0,0,0,0,4.17234E+20,5.56922E+21,7.83862E+15,5.02693E+16
104128,7,3,37,1,2018,3,16,7,3,9,1,0,0,1,0,1,0,0,0,4.18891E+20,5.45841E+21,7.88497E+15,4.9273E+16
104129,7,3,15,0,2018,4,9,2,3,2,6,0,0,1,0,0,0,0,0,4.47145E+20,5.53929E+21,8.26243E+15,5.00035E+16
104130,7,3,37,36,2018,4,15,4,2,5,3,0,0,0,0,1,0,0,0,4.3443E+20,5.45614E+21,8.09892E+15,4.92545E+16
104131,7,3,18,0,2018,3,22,7,3,4,6,2,0,1,0,0,0,0,0,4.59575E+20,5.46228E+21,8.44382E+15,4.9312E+16
104132,7,3,32,16,2018,4,18,3,3,8,1,0,0,0,0,1,0,0,0,4.26604E+20,5.4657E+21,7.98964E+15,4.93396E+16
104133,7,3,39,30,2018,4,21,5,3,8,1,2,0,0,0,1,0,0,0,4.33945E+20,5.53797E+21,8.07848E+15,4.99904E+16
104134,7,1,33,54,2018,4,17,3,3,5,3,0,0,1,0,1,0,0,0,4.20964E+20,5.52681E+21,7.89971E+15,4.98885E+16
104135,7,3,18,0,2018,3,17,7,3,8,1,0,0,1,0,0,0,0,0,4.60572E+20,5.46038E+21,8.45773E+15,4.92949E+16
104136,7,3,14,0,2018,4,16,2,2,5,2,0,1,1,0,0,0,0,0,4.5745E+20,5.48552E+21,8.4121E+15,4.95208E+16
104137,7,3,40,51,2018,4,7,7,3,5,3,0,0,1,0,0,0,1,0,3.96676E+20,5.45746E+21,7.57989E+15,4.92612E+16
104138,7,3,32,2,2018,4,8,6,3,2,2,0,0,1,0,0,0,0,0,4.39926E+20,5.47969E+21,8.17089E+15,4.94669E+16
104139,7,1,31,77,2018,4,10,2,2,0,1,0,1,0,0,0,0,0,0,3.75603E+20,5.60188E+21,7.24387E+15,5.05556E+16
104140,7,3,38,21,2018,3,15,7,3,2,6,0,0,1,0,0,0,0,0,4.61274E+20,5.46805E+21,8.46664E+15,4.93639E+16
104141,7,2,33,218,2018,4,16,1,2,0,3,0,0,1,0,1,0,0,0,3.51407E+20,5.57234E+21,6.91421E+15,5.02844E+16
104142,7,1,11,0,2018,4,16,7,3,2,6,0,0,1,0,0,0,0,0,3.99959E+20,5.5814E+21,7.59306E+15,5.03761E+16
104143,7,1,37,224,2018,4,15,5,3,2,6,0,0,1,0,0,0,0,0,4.0162E+20,5.58138E+21,7.61641E+15,5.03762E+16
104144,7,3,39,202,2018,4,13,5,3,6,4,0,0,1,1,0,0,0,0,4.31132E+20,5.52496E+21,8.04157E+15,4.98731E+16
104145,7,1,11,0,2018,4,17,7,3,8,1,0,0,0,0,1,0,0,0,4.00041E+20,5.58065E+21,7.59441E+15,5.03694E+16
104146,7,3,15,0,2018,4,7,4,3,5,3,0,1,1,0,0,0,0,0,4.44394E+20,5.54195E+21,8.22366E+15,5.00273E+16
104147,7,3,38,12,2018,3,19,7,3,8,1,1,0,1,0,0,0,0,0,4.49421E+20,5.48892E+21,8.30074E+15,4.95508E+16
104148,7,1,43,5,2018,4,15,7,3,5,3,0,0,1,0,1,0,0,0,4.18486E+20,5.59208E+21,7.85123E+15,5.0475E+16
104149,7,1,43,48,2018,4,7,6,3,0,1,0,0,0,0,1,0,0,0,4.16949E+20,5.58889E+21,7.83028E+15,5.04461E+16
104150,7,3,15,0,2018,4,13,4,3,5,2,0,0,1,0,0,0,0,0,4.46773E+20,5.53893E+21,8.25729E+15,5.00003E+16
104151,7,1,33,68,2018,3,22,7,3,8,1,2,0,1,0,1,0,0,0,4.06467E+20,5.52855E+21,7.69752E+15,4.9902E+16
104152,7,1,38,3,2018,4,16,3,3,2,2,0,0,1,0,1,0,0,0,3.8911E+20,5.6141E+21,7.43082E+15,5.06681E+16
104153,7,2,32,296,2018,4,12,1,3,5,3,0,0,1,0,0,0,0,0,3.15679E+20,5.56428E+21,6.4171E+15,5.0202E+16
104154,7,1,38,44,2018,4,22,3,3,8,1,2,0,1,0,0,0,0,1,3.85663E+20,5.60984E+21,7.38338E+15,5.06292E+16
104155,7,3,19,0,2018,3,10,7,3,2,6,0,0,1,0,0,0,0,0,4.52971E+20,5.49952E+21,8.34855E+15,4.96464E+16
104156,7,1,38,3,2018,4,8,2,3,0,6,0,0,1,0,1,0,0,0,3.88965E+20,5.61382E+21,7.42884E+15,5.06656E+16
104157,7,3,38,23,2018,4,16,7,1,9,1,0,0,0,0,0,1,0,0,4.56103E+20,5.46083E+21,8.39623E+15,4.92986E+16
104158,7,2,33,68,2018,4,15,6,3,2,6,0,0,1,0,0,1,0,0,3.53562E+20,5.56261E+21,6.94819E+15,5.01975E+16
104159,7,2,33,501,2018,4,22,1,3,9,1,2,0,1,0,0,0,0,0,3.4748E+20,5.56296E+21,6.8629E+15,5.01992E+16
104160,7,1,31,70,2018,4,18,1,3,8,6,0,0,1,0,1,0,0,0,3.75239E+20,5.60357E+21,7.23816E+15,5.05707E+16
104161,7,3,15,0,2018,3,14,7,3,9,7,0,0,1,0,0,0,0,0,4.41774E+20,5.53648E+21,8.18792E+15,4.99778E+16
104162,7,1,11,0,2018,4,17,1,3,5,2,0,0,1,0,1,0,0,0,3.98581E+20,5.57995E+21,7.57407E+15,5.03629E+16
104163,7,3,37,20,2018,4,16,6,3,0,1,0,1,0,0,0,0,0,0,4.33666E+20,5.45879E+21,8.08799E+15,4.92783E+16
104164,7,1,38,80,2018,4,13,5,3,4,1,0,0,1,0,0,0,0,0,3.88528E+20,5.61724E+21,7.42164E+15,5.06963E+16
104165,7,3,32,7,2018,4,17,7,2,8,1,0,0,0,0,1,0,0,0,4.31261E+20,5.48543E+21,8.05033E+15,4.95176E+16
104166,7,3,31,3,2018,4,21,6,2,6,1,2,0,0,1,0,0,1,1,4.32676E+20,5.5097E+21,8.0657E+15,4.9736E+16
104167,7,3,35,26,2018,4,17,1,3,8,1,0,0,1,0,0,0,0,0,4.17171E+20,5.48278E+21,7.85624E+15,4.9492E+16
104168,7,2,33,75,2018,3,16,7,1,8,1,0,0,0,0,1,0,0,0,3.42462E+20,5.55687E+21,6.79516E+15,5.01431E+16
104169,7,1,41,114,2018,4,15,1,3,0,1,0,1,0,0,0,0,0,0,4.11261E+20,5.55717E+21,7.75765E+15,5.01601E+16
104170,7,3,35,19,2018,4,7,6,3,0,1,0,0,0,0,1,0,0,0,3.9722E+20,5.48572E+21,7.58007E+15,4.95154E+16
104171,7,2,32,224,2018,4,14,5,3,2,6,0,0,1,0,0,0,0,0,3.17872E+20,5.56168E+21,6.44904E+15,5.01793E+16
104172,7,3,18,0,2018,4,17,6,3,1,6,0,0,1,0,0,0,0,0,4.57676E+20,5.46635E+21,8.41727E+15,4.93484E+16
104173,7,2,31,105,2018,4,16,4,3,5,3,0,0,0,0,1,0,1,0,3.5054E+20,5.52753E+21,6.91956E+15,4.98815E+16
104174,7,2,33,83,2018,3,15,7,3,1,6,0,0,1,0,0,0,0,0,3.34586E+20,5.57899E+21,6.67537E+15,5.03397E+16
104175,7,1,37,208,2018,4,11,7,3,4,6,0,1,0,0,1,0,0,0,3.86355E+20,5.56586E+21,7.40648E+15,5.0234E+16
104176,7,1,35,57,2018,4,17,6,2,8,1,0,0,0,0,1,0,0,0,3.60739E+20,5.55622E+21,7.05102E+15,5.01419E+16
104177,7,2,31,134,2018,4,11,4,2,5,3,0,1,1,0,0,0,0,0,3.53455E+20,5.54071E+21,6.95509E+15,5.00007E+16
104178,7,2,32,320,2018,3,17,7,3,1,2,0,0,1,0,0,0,0,0,3.09437E+20,5.56328E+21,6.33023E+15,5.01911E+16
104179,7,1,38,45,2018,4,13,3,3,1,6,0,0,1,0,0,0,1,0,3.9115E+20,5.59002E+21,7.46672E+15,5.0452E+16
104180,7,1,43,56,2018,4,13,1,3,5,2,0,0,1,0,0,0,0,0,4.12638E+20,5.5969E+21,7.76771E+15,5.05175E+16
104181,7,3,37,44,2018,4,16,2,2,9,1,0,0,1,0,0,0,0,0,4.37455E+20,5.44482E+21,8.14225E+15,4.9153E+16
104182,7,2,31,77,2018,3,16,7,3,8,1,0,0,0,0,1,0,0,0,3.63795E+20,5.52918E+21,7.10337E+15,4.98995E+16
104183,7,1,40,161,2018,4,17,2,3,2,1,0,0,1,0,0,1,0,0,4.01726E+20,5.54764E+21,7.62665E+15,5.00729E+16
104184,7,3,31,55,2018,4,14,7,3,1,1,0,0,1,0,0,0,0,0,4.51363E+20,5.5056E+21,8.32552E+15,4.97009E+16
104185,7,1,41,6,2018,4,14,6,3,2,6,0,0,1,0,0,0,0,0,4.08349E+20,5.5767E+21,7.71215E+15,5.03353E+16
104186,7,3,39,27,2018,4,13,7,3,2,6,0,0,1,0,0,0,0,0,4.36626E+20,5.53851E+21,8.11579E+15,4.99956E+16
104187,7,2,35,118,2018,4,15,1,3,1,6,0,0,1,0,0,0,0,0,3.2209E+20,5.49699E+21,6.53783E+15,4.95993E+16
104188,7,1,34,38,2018,3,12,7,3,8,1,0,0,1,0,0,0,0,0,3.77697E+20,5.51444E+21,7.30151E+15,4.97699E+16
104189,7,3,36,102,2018,4,6,7,2,8,1,0,0,1,0,0,0,0,0,3.80086E+20,5.47305E+21,7.3473E+15,4.93983E+16
104190,7,3,11,0,2018,4,9,6,3,2,2,0,0,1,0,0,0,0,0,4.53219E+20,5.48896E+21,8.35324E+15,4.95515E+16
104191,7,1,37,216,2018,4,12,5,3,5,2,0,0,1,0,0,0,0,0,3.94698E+20,5.58248E+21,7.51879E+15,5.0385E+16
104192,7,2,35,141,2018,4,6,6,3,8,1,0,0,0,0,1,0,0,0,3.40188E+20,5.5118E+21,6.78204E+15,4.97375E+16
104193,7,1,11,0,2018,4,9,4,3,1,5,0,1,1,0,0,0,0,0,4.00065E+20,5.57812E+21,7.59541E+15,5.03467E+16
104194,7,1,35,66,2018,3,15,7,2,0,1,0,1,0,0,0,0,0,0,3.82465E+20,5.56059E+21,7.35359E+15,5.01858E+16
104195,7,3,35,22,2018,4,14,5,3,5,3,0,0,1,0,1,0,0,0,3.93778E+20,5.47386E+21,7.53571E+15,4.94081E+16
104196,7,3,36,54,2018,4,16,3,3,2,1,0,0,1,0,0,1,0,0,3.80276E+20,5.48011E+21,7.34778E+15,4.94618E+16
104197,7,3,35,202,2018,4,14,2,3,5,3,0,0,1,0,0,0,0,0,3.91969E+20,5.47053E+21,7.51169E+15,4.93779E+16
104198,7,1,31,28,2018,4,12,1,3,8,1,0,0,0,0,1,0,0,0,3.55183E+20,5.58045E+21,6.96406E+15,5.03583E+16
104199,7,1,43,48,2018,4,19,6,2,8,1,0,0,0,0,1,0,0,0,4.19645E+20,5.58626E+21,7.86881E+15,5.04229E+16
104200,7,1,33,23,2018,5,14,5,2,2,6,0,0,0,0,0,1,1,0,4.11646E+20,5.53523E+21,7.76809E+15,4.99628E+16
104201,7,3,15,0,2018,4,20,5,3,6,4,1,1,0,1,0,0,0,0,4.48568E+20,5.53807E+21,8.28245E+15,4.99927E+16
104202,7,3,39,5,2018,4,8,5,3,1,6,0,0,0,0,0,1,0,0,4.21624E+20,5.53168E+21,7.90791E+15,4.99323E+16
104203,7,3,37,38,2018,5,18,3,3,0,1,0,1,0,0,0,0,0,0,4.42626E+20,5.44297E+21,8.21342E+15,4.91369E+16
104204,7,2,33,63,2018,4,9,5,2,5,3,0,0,1,0,0,0,0,0,3.46449E+20,5.55941E+21,6.84989E+15,5.0167E+16
104205,7,1,37,81,2018,4,13,2,3,5,3,0,0,1,0,0,0,0,0,3.7646E+20,5.58679E+21,7.26094E+15,5.04201E+16
104206,7,2,31,503,2018,4,13,5,2,0,7,0,0,1,0,0,0,0,0,3.39984E+20,5.53943E+21,6.7678E+15,4.99857E+16
104207,7,3,35,204,2018,4,15,5,2,3,6,0,0,1,0,0,1,0,0,4.03809E+20,5.46637E+21,7.67577E+15,4.93424E+16
104208,7,1,33,107,2018,5,16,4,2,9,1,0,0,0,0,1,0,0,0,4.10289E+20,5.5191E+21,7.75292E+15,4.98176E+16
104209,7,2,31,62,2018,4,13,5,2,8,1,0,0,0,0,1,0,0,0,3.41839E+20,5.54085E+21,6.79307E+15,4.99989E+16
104210,7,2,11,0,2018,4,19,5,3,6,6,0,0,1,1,0,0,0,0,3.30187E+20,5.51587E+21,6.64159E+15,4.97712E+16
104211,7,1,31,77,2018,5,12,3,3,8,1,0,0,1,0,0,0,0,0,3.74611E+20,5.59639E+21,7.23171E+15,5.0506E+16
104212,7,2,11,0,2018,4,15,5,3,1,6,0,0,1,0,0,1,0,0,3.26985E+20,5.51094E+21,6.59935E+15,4.9726E+16
104213,7,3,14,0,2018,4,23,1,3,8,1,2,0,1,0,0,0,0,0,4.58325E+20,5.47798E+21,8.42498E+15,4.94531E+16
104214,7,1,41,22,2018,4,21,5,2,7,7,1,0,0,0,1,0,0,0,4.26963E+20,5.57554E+21,7.97389E+15,5.03274E+16
104215,7,3,40,32,2018,4,10,1,2,9,1,0,0,1,0,0,0,0,1,4.05051E+20,5.45138E+21,7.69641E+15,4.92079E+16
104216,7,3,16,0,2018,4,14,7,3,0,1,0,1,0,0,0,0,0,0,4.3583E+20,5.46721E+21,8.11639E+15,4.93542E+16
104217,7,3,38,19,2018,4,12,7,3,5,3,0,1,1,0,0,0,0,0,4.54215E+20,5.47459E+21,8.36868E+15,4.94222E+16
104218,7,1,43,71,2018,4,7,5,3,2,6,0,0,1,0,0,0,0,0,4.07238E+20,5.58088E+21,7.69552E+15,5.03727E+16
104219,7,3,31,3,2018,4,13,5,3,5,3,0,0,1,0,0,0,0,0,4.36558E+20,5.51088E+21,8.11937E+15,4.97471E+16
104220,7,3,19,0,2018,5,8,4,3,5,3,0,1,1,0,0,0,0,0,4.52201E+20,5.49995E+21,8.33783E+15,4.96502E+16
104221,7,1,32,83,2018,4,16,5,3,2,6,0,0,1,0,0,0,0,0,3.96478E+20,5.60821E+21,7.53668E+15,5.06166E+16
104222,7,1,38,3,2018,4,10,5,3,5,3,0,0,1,0,0,0,0,0,3.88194E+20,5.61305E+21,7.41817E+15,5.06586E+16
104223,7,3,12,0,2018,4,15,2,3,5,3,0,0,1,0,0,0,0,0,4.12645E+20,5.47775E+21,7.79487E+15,4.94461E+16
104224,7,1,31,202,2018,4,12,5,3,2,6,0,0,1,0,0,0,0,0,3.76992E+20,5.59106E+21,7.26703E+15,5.04586E+16
104225,7,1,38,68,2018,4,7,1,2,9,1,0,0,1,0,0,0,0,1,3.84326E+20,5.60728E+21,7.36527E+15,5.0606E+16
104226,7,3,39,21,2018,4,14,6,3,2,6,0,0,1,0,0,0,0,0,4.22407E+20,5.52739E+21,7.91968E+15,4.98939E+16
104227,7,2,35,207,2018,5,7,5,3,9,1,0,0,1,0,0,0,0,0,3.48925E+20,5.52146E+21,6.89946E+15,4.98265E+16
104228,7,1,37,68,2018,4,14,5,3,4,2,0,0,1,0,0,1,0,0,3.75546E+20,5.57225E+21,7.25289E+15,5.02892E+16
104229,7,1,37,27,2018,4,13,5,3,5,3,0,0,1,0,0,0,0,0,3.81935E+20,5.57048E+21,7.34309E+15,5.02746E+16
104230,7,1,31,14,2018,5,7,4,3,2,6,0,0,1,0,0,0,0,0,3.8144E+20,5.59363E+21,7.32885E+15,5.04827E+16
104231,7,3,13,0,2018,4,14,6,3,1,6,0,0,1,0,0,0,0,0,4.37149E+20,5.44926E+21,8.13736E+15,4.91929E+16
104232,7,3,11,0,2018,5,11,5,3,6,6,0,0,0,1,0,1,0,0,4.56952E+20,5.49327E+21,8.40438E+15,4.95905E+16
104233,7,3,20,0,2018,4,9,4,2,9,7,0,0,1,0,0,0,0,0,3.79086E+20,5.45742E+21,7.33824E+15,4.92576E+16
104234,7,3,12,0,2018,4,15,4,3,5,3,0,0,1,0,0,0,1,0,4.08965E+20,5.47731E+21,7.74422E+15,4.94416E+16
104235,7,2,32,296,2018,5,11,4,3,2,2,0,0,1,0,0,0,0,0,3.13859E+20,5.56242E+21,6.39254E+15,5.01847E+16
104236,7,3,38,8,2018,4,17,4,3,2,6,0,0,1,0,0,0,0,0,4.50448E+20,5.47831E+21,8.31627E+15,4.94554E+16
104237,7,3,14,0,2018,4,15,2,3,5,3,0,0,1,0,1,0,0,0,4.59226E+20,5.48231E+21,8.43698E+15,4.94921E+16
104238,7,3,11,0,2018,4,7,4,3,2,6,0,0,1,0,0,0,0,0,4.53099E+20,5.48929E+21,8.35154E+15,4.95544E+16
104239,7,3,40,57,2018,4,11,7,3,7,7,0,0,0,0,1,0,0,0,4.17269E+20,5.45061E+21,7.86428E+15,4.92027E+16
104240,7,2,11,0,2018,4,11,6,3,2,6,0,0,1,0,0,0,0,0,3.33002E+20,5.51409E+21,6.68141E+15,4.97561E+16
104241,7,1,38,45,2018,5,14,5,3,5,3,0,0,1,0,0,0,0,0,3.92677E+20,5.59162E+21,7.48776E+15,5.04667E+16
104242,7,3,34,5,2018,4,11,4,3,5,2,0,0,1,0,1,0,0,0,4.3681E+20,5.43579E+21,8.13483E+15,4.90717E+16
104243,7,3,34,17,2018,4,6,4,3,5,3,0,1,1,0,0,0,0,0,4.52229E+20,5.45554E+21,8.34358E+15,4.92507E+16
104244,7,3,32,14,2018,5,18,3,3,9,1,0,0,1,0,0,0,0,0,4.28416E+20,5.4671E+21,8.01433E+15,4.93524E+16
104245,7,3,13,0,2018,4,11,4,2,4,7,0,0,1,0,0,1,0,0,4.38496E+20,5.44945E+21,8.15582E+15,4.91947E+16
104246,7,1,31,7,2018,4,15,2,3,5,3,0,0,1,0,1,0,0,0,3.71083E+20,5.60089E+21,7.18043E+15,5.05457E+16
104247,7,3,37,7,2018,4,7,4,2,6,4,0,0,1,1,0,0,0,0,4.34432E+20,5.44332E+21,8.10104E+15,4.91392E+16