OBJECTID_1,ULAND,UREGBEZ,UKREIS,UGEMEINDE,UJAHR,UMONAT,USTUNDE,UWOCHENTAG,UKATEGORIE,UART,UTYP1,ULICHTVERH,IstRad,IstPKW,IstFuss,IstKrad,IstGkfz,IstSonstig,STRZUSTAND,LINREFX,LINREFY,XGCSWGS84,YGCSWGS84
104248,7,2,32,119,2018,4,11,2,3,8,6,0,0,1,0,0,0,1,1,3.21028E+20,5.55039E+21,6.4985E+15,5.00788E+16
104249,7,3,18,0,2018,4,15,4,3,4,6,0,1,0,0,0,0,0,0,4.57695E+20,5.46382E+21,8.4178E+15,4.93257E+16
104250,7,3,14,0,2018,4,22,7,2,4,6,2,1,0,0,0,0,0,0,4.55868E+20,5.48229E+21,8.39062E+15,4.94916E+16
104251,7,1,32,63,2018,4,18,6,2,9,1,0,0,1,0,0,0,0,0,4.2221E+20,5.62988E+21,7.89576E+15,5.08154E+16
104252,7,3,40,54,2018,5,16,4,3,6,6,0,0,1,1,0,0,0,0,4.0106E+20,5.4596E+21,7.63961E+15,4.92811E+16
104253,7,3,18,0,2018,4,12,4,3,5,3,0,1,1,0,0,0,0,0,4.58608E+20,5.46443E+21,8.43031E+15,4.93312E+16
104254,7,3,18,0,2018,4,6,4,2,9,1,0,0,1,0,0,0,0,0,4.60357E+20,5.4622E+21,8.4546E+15,4.93113E+16
104255,7,3,39,56,2018,5,16,3,2,5,3,0,0,1,0,1,0,0,0,4.25611E+20,5.52373E+21,7.96498E+15,4.98614E+16
104256,7,3,11,0,2018,4,12,4,3,5,2,0,1,1,0,0,0,0,0,4.53237E+20,5.48651E+21,8.35378E+15,4.95294E+16
104257,7,1,40,133,2018,4,20,2,3,5,5,0,0,1,0,0,0,0,0,4.08159E+20,5.55628E+21,7.71445E+15,5.01516E+16
104258,7,3,34,33,2018,4,23,7,3,6,6,2,0,1,1,0,0,0,1,4.51232E+20,5.45539E+21,8.32989E+15,4.92493E+16
104259,7,3,14,0,2018,4,23,7,3,2,6,2,0,1,0,0,0,0,1,4.59763E+20,5.48055E+21,8.44456E+15,4.94763E+16
104260,7,3,14,0,2018,4,9,4,3,2,1,0,0,1,0,0,0,0,0,4.59104E+20,5.48069E+21,8.43545E+15,4.94775E+16
104261,7,3,37,83,2018,4,14,5,3,0,7,0,0,1,0,0,0,0,0,4.22819E+20,5.44878E+21,7.94081E+15,4.9187E+16
104262,7,3,31,61,2018,5,7,4,3,5,3,0,0,1,0,0,0,0,0,4.37145E+20,5.51596E+21,8.1267E+15,4.97928E+16
104263,7,1,33,6,2018,4,18,4,3,5,2,0,0,1,0,1,0,0,0,4.18393E+20,5.52164E+21,7.86501E+15,4.98417E+16
104264,7,3,32,25,2018,4,12,7,3,8,1,0,0,0,0,1,0,0,0,4.48856E+20,5.46339E+21,8.29622E+15,4.93211E+16
104265,7,3,31,73,2018,4,17,4,3,0,6,0,0,0,0,1,0,1,1,4.37883E+20,5.52127E+21,8.1361E+15,4.98407E+16
104266,7,1,40,150,2018,4,22,6,3,7,7,2,0,0,0,1,0,0,0,3.94988E+20,5.53371E+21,7.53632E+15,4.99465E+16
104267,7,3,14,0,2018,5,17,4,3,2,6,0,0,1,0,0,0,0,0,4.57854E+20,5.48347E+21,8.4179E+15,4.95024E+16
104268,7,3,39,6,2018,4,16,4,3,5,3,0,1,1,0,0,0,0,1,4.51175E+20,5.53034E+21,8.31981E+15,4.99235E+16
104269,7,3,39,19,2018,4,14,4,3,2,6,0,0,1,0,0,0,0,0,4.29819E+20,5.53591E+21,8.0213E+15,4.99714E+16
104270,7,2,31,502,2018,5,0,3,3,7,7,2,0,1,0,0,0,0,0,3.63327E+20,5.51635E+21,7.10138E+15,4.97841E+16
104271,7,3,15,0,2018,4,15,4,3,1,6,0,0,1,0,0,0,0,0,4.47687E+20,5.5356E+21,8.27049E+15,4.99705E+16
104272,7,3,37,43,2018,4,10,1,3,8,1,0,0,0,0,1,0,0,0,4.34309E+20,5.44437E+21,8.09919E+15,4.91486E+16
104273,7,3,37,52,2018,4,12,7,3,5,3,0,0,1,0,1,0,0,0,4.37658E+20,5.46187E+21,8.14238E+15,4.93064E+16
104274,7,3,15,0,2018,4,8,4,3,2,6,0,0,1,0,0,0,1,0,4.4504E+20,5.53445E+21,8.23376E+15,4.99598E+16
104275,7,3,15,0,2018,4,7,4,3,3,7,0,0,1,0,0,0,0,0,4.4654E+20,5.53505E+21,8.25459E+15,4.99654E+16
104276,7,3,31,73,2018,5,12,4,3,2,2,0,0,1,0,0,0,0,0,4.38595E+20,5.52132E+21,8.146E+15,4.98412E+16
104277,7,3,31,58,2018,4,2,4,2,1,6,2,0,1,0,0,1,0,0,4.4115E+20,5.52643E+21,8.18075E+15,4.98874E+16
104278,7,3,32,5,2018,4,17,2,3,2,2,0,0,1,0,0,0,0,0,4.38514E+20,5.48682E+21,8.1503E+15,4.95308E+16
104279,7,1,34,45,2018,4,10,4,3,2,6,0,0,1,0,0,0,0,0,3.77888E+20,5.50855E+21,7.306E+15,4.97171E+16
104280,7,3,37,79,2018,4,14,2,3,9,1,0,0,0,0,1,0,0,0,4.17211E+20,5.44119E+21,7.86542E+15,4.9118E+16
104281,7,1,38,41,2018,4,18,4,3,5,3,0,0,1,0,0,1,0,0,3.77839E+20,5.60331E+21,7.27495E+15,5.05689E+16
104282,7,2,32,99,2018,4,10,1,2,0,1,0,0,0,0,1,0,0,1,3.19195E+20,5.53903E+21,6.47826E+15,4.99762E+16
104283,7,3,14,0,2018,4,13,6,3,2,6,0,0,1,0,0,0,0,0,4.587E+20,5.48123E+21,8.42982E+15,4.94823E+16
104284,7,3,15,0,2018,5,18,5,3,5,2,0,1,1,0,0,0,0,0,4.46037E+20,5.53869E+21,8.24706E+15,4.99981E+16
104285,7,1,31,90,2018,4,19,4,3,1,3,1,1,1,0,0,0,0,0,3.625E+20,5.60428E+21,7.05811E+15,5.05743E+16
104286,7,1,37,68,2018,4,16,4,3,2,2,0,0,1,0,0,0,0,0,3.68704E+20,5.57744E+21,7.15509E+15,5.03344E+16
104287,7,1,41,92,2018,5,12,4,3,5,3,0,0,1,0,0,0,0,0,4.18316E+20,5.56126E+21,7.85551E+15,5.01979E+16
104288,7,3,33,25,2018,4,8,3,3,4,1,0,0,1,0,0,0,0,0,4.17581E+20,5.503E+21,7.85768E+15,4.96739E+16
104289,7,3,39,39,2018,4,16,2,2,4,6,0,0,1,0,0,1,0,0,4.52486E+20,5.52577E+21,8.33863E+15,4.98824E+16
104290,7,3,15,0,2018,4,21,7,2,5,3,2,0,1,0,0,0,0,0,4.43906E+20,5.54019E+21,8.2171E+15,5.00114E+16
104291,7,3,40,38,2018,4,13,7,3,2,6,0,0,1,0,0,0,1,0,4.01083E+20,5.45471E+21,7.64114E+15,4.92371E+16
104292,7,3,36,58,2018,4,7,3,2,0,6,0,0,1,0,1,0,1,0,3.97566E+20,5.50047E+21,7.581E+15,4.96481E+16
104293,7,1,43,62,2018,4,7,6,3,5,3,0,0,1,0,0,0,0,0,4.09988E+20,5.59151E+21,7.73163E+15,5.04687E+16
104294,7,1,37,208,2018,5,9,5,3,5,3,0,0,1,0,0,0,0,0,3.86604E+20,5.56504E+21,7.41022E+15,5.02266E+16
104295,7,3,35,38,2018,4,16,3,3,2,1,0,0,1,0,0,0,0,0,3.9558E+20,5.47537E+21,7.56015E+15,4.9422E+16
104296,7,3,36,102,2018,4,8,3,3,5,3,0,0,1,0,0,1,0,0,3.78964E+20,5.47169E+21,7.33224E+15,4.93859E+16
104297,7,1,37,226,2018,4,15,1,3,2,6,0,0,1,0,0,0,0,0,4.02924E+20,5.58209E+21,7.63456E+15,5.03829E+16
104298,7,3,39,61,2018,4,7,6,3,1,6,0,0,1,0,1,0,0,0,4.36819E+20,5.53616E+21,8.11888E+15,4.99744E+16
104299,7,1,41,6,2018,5,14,5,2,1,6,0,0,1,0,0,0,0,0,4.07971E+20,5.57618E+21,7.70697E+15,5.03305E+16
104300,7,3,32,9,2018,4,7,3,3,1,2,0,0,1,0,0,0,0,0,4.41873E+20,5.47372E+21,8.19864E+15,4.94134E+16
104301,7,3,32,2,2018,4,7,3,3,2,6,0,0,1,0,0,0,0,0,4.4103E+20,5.48006E+21,8.18607E+15,4.94704E+16
104302,7,3,20,0,2018,5,14,3,3,1,5,0,0,1,0,0,0,0,0,3.80986E+20,5.45601E+21,7.36477E+15,4.92452E+16
104303,7,3,18,0,2018,4,12,3,3,8,1,0,1,1,0,0,0,0,0,4.5806E+20,5.46191E+21,8.42302E+15,4.93085E+16
104304,7,2,11,0,2018,4,13,2,3,5,3,0,0,1,0,0,0,1,1,3.29144E+20,5.51364E+21,6.6281E+15,4.97509E+16
104305,7,2,33,52,2018,4,14,7,2,4,6,0,0,1,0,0,0,1,0,3.39806E+20,5.55713E+21,6.7579E+15,5.01447E+16
104306,7,3,18,0,2018,4,10,3,3,2,6,0,0,1,0,0,0,0,0,4.58478E+20,5.46546E+21,8.4284E+15,4.93405E+16
104307,7,3,33,41,2018,4,19,7,3,9,1,0,0,1,0,0,0,0,1,4.34893E+20,5.49237E+21,8.09935E+15,4.95804E+16
104308,7,1,35,20,2018,4,8,6,2,2,2,0,0,1,0,1,0,0,0,3.69796E+20,5.55562E+21,7.17791E+15,5.01385E+16
104309,7,3,12,0,2018,5,16,4,3,2,6,0,0,1,0,0,0,0,0,4.12965E+20,5.47893E+21,7.79903E+15,4.94568E+16
104310,7,3,38,25,2018,4,20,3,3,5,3,1,1,1,0,0,0,0,0,4.55869E+20,5.47048E+21,8.39194E+15,4.93855E+16
104311,7,1,33,112,2018,4,18,3,3,8,1,0,1,1,0,0,0,0,0,4.11828E+20,5.52144E+21,7.77378E+15,4.98389E+16
104312,7,3,19,0,2018,5,10,3,3,3,2,0,1,1,0,0,0,0,0,4.53703E+20,5.49882E+21,8.35877E+15,4.96402E+16
104313,7,2,32,18,2018,4,21,7,3,8,1,2,0,1,0,0,0,0,1,3.25725E+20,5.54142E+21,6.56816E+15,4.99996E+16
104314,7,1,33,40,2018,4,17,3,3,4,2,0,0,1,0,0,0,0,0,4.14932E+20,5.52298E+21,7.8166E+15,4.98532E+16
104315,7,1,31,210,2018,4,16,2,2,2,6,0,0,1,0,0,1,0,0,3.74704E+20,5.58571E+21,7.2366E+15,5.04101E+16
104316,7,3,39,30,2018,4,19,3,3,0,1,0,0,0,0,1,0,0,0,4.32007E+20,5.5371E+21,8.05161E+15,4.99824E+16
104317,7,3,13,0,2018,5,19,3,3,8,1,0,0,1,0,0,0,0,0,4.38941E+20,5.44375E+21,8.16279E+15,4.91435E+16
104318,7,3,39,30,2018,4,14,3,3,1,6,0,0,1,0,0,0,1,0,4.32326E+20,5.53635E+21,8.05618E+15,4.99756E+16
104319,7,1,37,114,2018,4,16,2,3,6,4,0,0,1,1,0,0,0,1,3.82454E+20,5.5651E+21,7.35205E+15,5.02263E+16
104320,7,1,41,29,2018,4,21,7,3,1,6,2,0,1,0,0,0,0,0,4.31981E+20,5.58113E+21,8.04337E+15,5.03783E+16
104321,7,3,39,30,2018,4,13,3,2,4,2,0,1,1,0,0,0,0,0,4.31708E+20,5.53541E+21,8.04774E+15,4.99671E+16
104322,7,3,17,0,2018,4,18,5,3,1,6,0,0,1,0,0,0,0,0,3.98057E+20,5.44977E+21,7.60082E+15,4.91923E+16
104323,7,1,33,6,2018,5,21,4,3,2,2,2,0,1,0,0,0,0,0,4.17565E+20,5.52109E+21,7.85362E+15,4.98365E+16
104324,7,3,15,0,2018,4,16,3,3,2,6,0,0,1,0,0,0,0,0,4.41874E+20,5.53356E+21,8.18975E+15,4.99516E+16
104325,7,3,15,0,2018,4,9,3,3,0,7,0,0,1,0,0,0,0,0,4.4634E+20,5.53859E+21,8.2513E+15,4.99973E+16
104326,7,1,38,45,2018,5,2,3,3,5,3,2,0,1,0,0,0,0,0,3.91942E+20,5.59117E+21,7.47753E+15,5.04625E+16
104327,7,1,41,73,2018,4,15,7,1,1,2,0,0,1,0,1,0,0,0,4.26497E+20,5.57025E+21,7.96838E+15,5.02798E+16
104328,7,3,39,5,2018,4,6,3,3,2,6,0,0,1,0,0,0,0,1,4.25263E+20,5.53473E+21,7.95801E+15,4.99603E+16
104329,7,3,38,26,2018,4,13,1,2,8,1,0,0,1,0,0,0,0,0,4.60874E+20,5.47178E+21,8.46076E+15,4.93974E+16
104330,7,1,32,72,2018,4,15,7,2,5,2,0,0,1,0,0,0,0,0,4.26049E+20,5.63132E+21,7.94995E+15,5.08289E+16
104331,7,2,33,501,2018,4,16,3,3,5,2,0,0,1,0,0,0,0,0,3.42418E+20,5.56405E+21,6.79157E+15,5.02076E+16
104332,7,2,31,49,2018,4,14,3,2,0,1,0,0,0,0,1,0,0,0,3.50381E+20,5.54711E+21,6.90973E+15,5.00574E+16
104333,7,3,38,25,2018,4,13,5,3,2,6,0,0,1,0,0,0,0,0,4.55647E+20,5.46859E+21,8.38908E+15,4.93684E+16
104334,7,3,19,0,2018,5,13,4,3,5,3,0,0,1,0,0,0,0,0,4.53194E+20,5.50941E+21,8.35045E+15,4.97354E+16
104335,7,2,31,502,2018,4,22,3,3,0,1,2,0,1,0,0,0,0,0,3.68026E+20,5.52402E+21,7.16401E+15,4.9854E+16
104336,7,2,31,502,2018,4,16,3,3,8,1,0,0,0,0,0,1,0,0,3.64091E+20,5.51825E+21,7.11132E+15,4.98013E+16
104337,7,3,20,0,2018,4,17,2,3,5,3,0,0,1,0,1,0,0,1,3.82126E+20,5.45729E+21,7.38005E+15,4.9257E+16
104338,7,1,32,46,2018,4,2,7,3,8,1,2,0,1,0,0,0,0,0,3.96192E+20,5.61859E+21,7.52973E+15,5.07099E+16
104339,7,2,31,502,2018,4,13,3,3,2,6,0,0,1,0,0,1,0,0,3.64432E+20,5.51922E+21,7.11572E+15,4.98101E+16
104340,7,1,41,1,2018,4,17,1,3,1,5,0,0,1,0,1,0,0,0,4.28584E+20,5.56766E+21,7.99815E+15,5.02568E+16
104341,7,3,14,0,2018,4,10,6,3,3,6,0,0,0,0,0,1,1,0,4.57002E+20,5.47641E+21,8.40691E+15,4.94388E+16
104342,7,2,32,2,2018,5,17,5,3,4,2,0,0,1,0,0,0,0,0,3.18306E+20,5.53043E+21,6.46993E+15,4.98986E+16
104343,7,1,34,45,2018,4,17,3,3,4,3,0,0,1,0,0,0,0,0,3.77195E+20,5.50943E+21,7.29612E+15,4.97248E+16
104344,7,2,35,95,2018,4,16,3,2,6,6,0,0,1,1,0,0,0,0,3.15722E+20,5.50114E+21,6.44784E+15,4.96347E+16
104345,7,1,38,45,2018,5,15,4,3,2,6,0,0,1,0,0,0,0,0,3.92469E+20,5.58858E+21,7.4857E+15,5.04394E+16
104346,7,2,35,111,2018,4,17,3,3,2,6,0,0,1,0,0,0,1,0,3.19942E+20,5.52083E+21,6.49715E+15,4.98128E+16
104347,7,2,31,124,2018,4,7,2,3,8,1,0,1,0,0,0,0,0,0,3.64841E+20,5.53455E+21,7.11604E+15,4.9948E+16
104348,7,2,11,0,2018,4,14,3,3,1,6,0,0,1,0,0,0,0,0,3.28174E+20,5.51223E+21,6.61526E+15,4.9738E+16
104349,7,2,33,20,2018,5,14,4,3,7,7,0,0,0,0,1,0,0,0,3.43638E+20,5.56919E+21,6.80654E+15,5.02542E+16
104350,7,1,43,278,2018,4,5,3,3,1,2,1,0,1,0,0,0,0,0,4.33391E+20,5.61283E+21,8.05754E+15,5.06635E+16
104351,7,3,38,18,2018,4,17,2,2,5,3,0,0,1,0,0,0,0,1,4.48039E+20,5.48041E+21,8.28275E+15,4.94741E+16
104352,7,1,31,86,2018,4,18,7,3,5,3,0,0,1,0,1,0,0,0,3.46287E+20,5.58202E+21,6.83844E+15,5.03701E+16
104353,7,1,43,51,2018,4,18,3,3,2,6,0,0,1,0,1,0,0,0,4.24062E+20,5.58694E+21,7.93083E+15,5.04296E+16
104354,7,1,35,51,2018,4,10,1,3,8,1,0,0,1,0,0,0,0,1,3.65578E+20,5.56449E+21,7.11579E+15,5.02173E+16
104355,7,3,15,0,2018,4,10,6,3,3,2,0,1,1,0,0,0,0,0,4.4679E+20,5.5388E+21,8.25755E+15,4.99991E+16
104356,7,1,38,12,2018,5,14,5,3,1,6,0,0,1,0,0,0,0,0,4.04372E+20,5.60039E+21,7.65025E+15,5.05477E+16
104357,7,1,38,44,2018,4,16,3,3,5,3,0,0,1,0,1,0,0,0,3.89033E+20,5.6069E+21,7.43188E+15,5.06034E+16
104358,7,1,31,77,2018,4,18,3,2,5,3,0,1,1,0,0,0,0,0,3.75741E+20,5.60078E+21,7.24618E+15,5.05457E+16
104359,7,3,32,29,2018,5,13,3,3,9,1,0,0,1,0,0,0,0,0,4.38572E+20,5.49509E+21,8.1498E+15,4.96052E+16
104360,7,1,37,68,2018,4,10,3,3,3,2,0,0,1,0,1,0,0,0,3.73284E+20,5.57688E+21,7.2196E+15,5.03304E+16
104361,7,1,32,6,2018,4,17,2,3,1,2,0,0,1,0,0,0,0,1,4.20052E+20,5.62736E+21,7.86569E+15,5.07925E+16
104362,7,3,40,16,2018,4,19,6,3,0,1,0,0,1,0,1,0,0,0,4.01765E+20,5.46192E+21,7.64873E+15,4.93021E+16
104363,7,1,40,27,2018,4,13,3,3,5,3,0,0,1,0,0,0,0,0,4.05857E+20,5.5416E+21,7.68584E+15,5.00193E+16
104364,7,1,31,208,2018,4,18,6,2,8,1,0,0,1,0,0,0,0,0,3.68361E+20,5.58969E+21,7.14598E+15,5.04445E+16
104365,7,3,13,0,2018,5,15,4,3,8,1,0,0,1,0,0,0,0,0,4.34564E+20,5.44896E+21,8.10194E+15,4.91899E+16
104366,7,3,17,0,2018,4,16,6,3,4,2,0,0,0,0,1,1,0,0,3.9428E+20,5.45089E+21,7.54872E+15,4.92017E+16
104367,7,1,31,90,2018,4,19,3,2,9,1,0,0,0,0,0,1,0,0,3.67375E+20,5.60423E+21,7.12693E+15,5.0575E+16
104368,7,1,38,19,2018,4,17,6,3,1,6,0,0,1,0,0,0,0,0,3.75238E+20,5.60481E+21,7.23773E+15,5.05818E+16
104369,7,1,31,55,2018,5,3,5,3,7,7,2,0,1,0,0,0,1,0,3.74422E+20,5.59242E+21,7.23038E+15,5.04703E+16
104370,7,1,35,38,2018,4,12,3,3,3,6,0,0,1,0,0,1,0,0,3.69162E+20,5.56536E+21,7.1657E+15,5.0226E+16
104371,7,1,38,74,2018,4,12,3,3,0,1,0,0,1,0,0,0,0,0,3.98768E+20,5.60145E+21,7.57089E+15,5.05562E+16
104372,7,3,38,20,2018,5,16,3,2,9,1,0,0,1,0,0,0,0,0,4.58011E+20,5.47447E+21,8.42103E+15,4.94215E+16
104373,7,3,35,4,2018,4,16,6,3,2,6,0,0,1,0,0,0,0,0,4.17975E+20,5.47957E+21,7.86802E+15,4.94633E+16
104374,7,3,17,0,2018,4,11,2,3,5,3,0,0,1,0,0,0,0,0,3.97587E+20,5.44945E+21,7.59446E+15,4.91893E+16
104375,7,1,40,112,2018,4,23,2,2,6,7,2,0,0,1,0,0,1,0,4.08644E+20,5.55186E+21,7.72229E+15,5.01119E+16
104376,7,3,35,4,2018,4,16,6,3,3,6,0,0,1,0,0,0,0,0,4.18163E+20,5.47964E+21,7.87059E+15,4.94639E+16
104377,7,3,32,32,2018,4,20,7,2,4,6,0,0,1,0,0,0,0,1,4.34004E+20,5.46936E+21,8.09088E+15,4.93734E+16
104378,7,3,12,0,2018,4,8,2,3,9,1,0,0,1,0,0,0,0,1,4.02335E+20,5.47739E+21,7.65276E+15,4.94413E+16
104379,7,3,37,52,2018,4,8,5,3,5,3,0,1,1,0,0,0,0,0,4.37101E+20,5.4622E+21,8.13467E+15,4.93093E+16
104380,7,3,31,32,2018,5,9,4,3,1,7,0,0,1,1,0,0,0,0,4.42026E+20,5.51482E+21,8.19468E+15,4.9783E+16
104381,7,3,11,0,2018,4,9,2,3,9,1,0,0,1,0,0,0,0,0,4.53695E+20,5.48934E+21,8.35977E+15,4.95549E+16
104382,7,3,16,0,2018,4,15,2,3,2,2,0,0,1,0,0,0,0,0,4.455E+20,5.46334E+21,8.25005E+15,4.93204E+16
104383,7,1,37,1,2018,5,21,3,3,0,7,1,0,0,0,1,0,0,0,3.63373E+20,5.58177E+21,7.07865E+15,5.03721E+16
104384,7,3,32,47,2018,4,8,6,3,2,6,0,0,1,0,0,0,0,0,4.25664E+20,5.48258E+21,7.97354E+15,4.94913E+16
104385,7,3,34,501,2018,4,8,2,3,2,6,0,0,1,0,0,0,0,0,4.4609E+20,5.43224E+21,8.26234E+15,4.90407E+16
104386,7,3,34,7,2018,4,17,2,3,5,3,0,1,1,0,0,0,0,1,4.5369E+20,5.45205E+21,8.36405E+15,4.92195E+16
104387,7,2,32,332,2018,5,2,3,3,9,1,2,0,1,0,0,0,0,0,3.24722E+20,5.55866E+21,6.54628E+15,5.01542E+16
104388,7,3,12,0,2018,4,6,6,3,2,2,0,0,1,0,0,0,0,0,4.02283E+20,5.47737E+21,7.65206E+15,4.94412E+16
104389,7,3,34,1,2018,4,15,2,3,2,6,0,0,1,0,0,0,0,0,4.48921E+20,5.44936E+21,8.29891E+15,4.91949E+16
104390,7,3,35,49,2018,4,17,1,3,5,3,0,0,1,0,1,0,0,0,4.01557E+20,5.48122E+21,7.64108E+15,4.94757E+16
104391,7,3,14,0,2018,4,12,6,2,2,6,0,0,1,0,0,1,0,0,4.57055E+20,5.47581E+21,8.4077E+15,4.94334E+16
104392,7,3,37,79,2018,4,14,2,3,0,1,0,0,1,0,0,0,1,0,4.21027E+20,5.44206E+21,7.91753E+15,4.91263E+16
104393,7,3,39,30,2018,4,7,5,2,9,1,0,1,0,0,0,0,0,0,4.31423E+20,5.53586E+21,8.04369E+15,4.99711E+16
104394,7,3,39,26,2018,5,14,4,3,0,1,0,0,0,0,1,0,0,0,4.4751E+20,5.52887E+21,8.26895E+15,4.99099E+16
104395,7,3,40,28,2018,4,17,7,3,9,1,0,0,1,0,0,0,0,0,4.03723E+20,5.44667E+21,7.67931E+15,4.91653E+16
104396,7,3,37,20,2018,4,7,2,3,5,3,0,1,1,0,0,0,0,1,4.37502E+20,5.45958E+21,8.1406E+15,4.92857E+16
104397,7,3,32,25,2018,4,15,2,3,5,2,0,1,1,0,0,0,0,0,4.46683E+20,5.4673E+21,8.2658E+15,4.93561E+16
104398,7,3,14,0,2018,4,11,6,3,7,6,0,0,0,0,0,0,1,0,4.57198E+20,5.47705E+21,8.40953E+15,4.94446E+16
104399,7,3,14,0,2018,4,11,2,3,2,2,0,0,1,0,1,0,0,0,4.59357E+20,5.48118E+21,8.43889E+15,4.94819E+16
104400,7,1,32,96,2018,4,14,1,3,4,6,0,0,1,0,0,0,0,1,4.09427E+20,5.6248E+21,7.7156E+15,5.07679E+16
104401,7,3,32,25,2018,4,15,6,3,5,3,0,0,1,0,0,0,1,0,4.45966E+20,5.46729E+21,8.25593E+15,4.93559E+16
104402,7,3,31,48,2018,4,16,6,2,5,3,0,0,1,0,0,0,1,0,4.4214E+20,5.4979E+21,8.19876E+15,4.96309E+16
104403,7,1,43,254,2018,5,16,5,3,2,6,0,0,1,0,0,0,0,0,4.2341E+20,5.6041E+21,7.91814E+15,5.05838E+16
104404,7,1,33,46,2018,4,19,2,3,0,1,0,0,0,0,1,0,0,0,3.92323E+20,5.51753E+21,7.5037E+15,4.98005E+16
104405,7,3,39,3,2018,4,14,1,3,8,1,0,0,0,0,1,0,0,0,4.0917E+20,5.54421E+21,7.73146E+15,5.00433E+16
104406,7,3,34,22,2018,4,15,6,2,8,1,0,0,1,0,0,0,0,0,4.50155E+20,5.44167E+21,8.31679E+15,4.91258E+16
104407,7,3,13,0,2018,4,9,6,3,4,2,0,0,1,0,0,0,0,0,4.37249E+20,5.44926E+21,8.13873E+15,4.91929E+16
104408,7,3,11,0,2018,5,6,5,2,5,3,0,0,1,0,0,0,0,0,4.51018E+20,5.48799E+21,8.32294E+15,4.95425E+16
104409,7,3,39,21,2018,4,15,2,3,2,6,0,0,1,0,0,0,0,0,4.22407E+20,5.52739E+21,7.91968E+15,4.98939E+16
104410,7,1,33,91,2018,4,18,2,3,4,1,0,0,1,0,0,0,0,0,4.10969E+20,5.53062E+21,7.75972E+15,4.99213E+16
104411,7,2,11,0,2018,5,7,4,3,5,2,0,0,1,0,1,0,0,0,3.29177E+20,5.51396E+21,6.62841E+15,4.97538E+16
104412,7,3,31,7,2018,4,15,2,2,5,2,0,0,1,0,0,0,0,0,4.41369E+20,5.51681E+21,8.18526E+15,4.98009E+16
104413,7,3,31,72,2018,4,10,2,3,1,5,0,0,1,0,0,0,0,0,4.25134E+20,5.51837E+21,7.95939E+15,4.98131E+16
104414,7,3,37,20,2018,4,14,6,3,2,1,0,1,0,0,0,1,0,0,4.36531E+20,5.45933E+21,8.12729E+15,4.92834E+16
104415,7,3,31,1,2018,4,10,2,3,0,1,0,0,0,0,1,0,0,0,4.36123E+20,5.51325E+21,8.11295E+15,4.97684E+16
104416,7,2,11,0,2018,4,0,6,3,5,3,2,0,1,0,0,0,0,0,3.32438E+20,5.5161E+21,6.67272E+15,4.97739E+16
104417,7,1,37,226,2018,5,13,5,3,1,6,0,0,1,0,0,0,0,0,4.01345E+20,5.58389E+21,7.61189E+15,5.03988E+16
104418,7,3,39,26,2018,4,14,2,3,2,6,0,0,1,0,0,0,0,0,4.47068E+20,5.52765E+21,8.26296E+15,4.98989E+16
104419,7,3,15,0,2018,4,11,2,3,3,6,0,0,1,0,1,0,0,0,4.47281E+20,5.53943E+21,8.26432E+15,5.00049E+16
104420,7,3,34,28,2018,5,21,3,3,5,3,1,0,1,0,0,0,0,0,4.51846E+20,5.45719E+21,8.33811E+15,4.92656E+16
104421,7,3,33,45,2018,4,6,2,3,3,6,0,0,1,0,0,0,0,0,4.29862E+20,5.49724E+21,8.02889E+15,4.96237E+16
104422,7,2,35,83,2018,4,8,2,3,2,6,0,0,1,0,0,0,1,0,3.45638E+20,5.51477E+21,6.85645E+15,4.97655E+16
104423,7,1,37,89,2018,5,9,4,3,0,2,0,0,1,0,0,0,0,0,3.78183E+20,5.57287E+21,7.28968E+15,5.02954E+16
104424,7,2,32,220,2018,4,16,2,3,5,3,0,0,1,0,0,0,0,0,3.00655E+20,5.55584E+21,6.21124E+15,5.01212E+16
104425,7,1,34,45,2018,4,12,2,3,2,6,0,0,1,0,0,0,0,0,3.82295E+20,5.50821E+21,7.36721E+15,4.97149E+16
104426,7,3,37,28,2018,4,7,6,3,9,1,0,0,0,0,1,0,0,0,4.32134E+20,5.45481E+21,8.0676E+15,4.92423E+16
104427,7,2,32,302,2018,4,16,2,3,8,7,0,0,1,0,0,0,0,0,3.14882E+20,5.57374E+21,6.40132E+15,5.02868E+16
104428,7,3,33,17,2018,4,12,7,3,9,1,0,0,0,0,1,0,0,0,4.28237E+20,5.49472E+21,8.00685E+15,4.96008E+16
104429,7,1,38,50,2018,4,13,6,3,8,1,0,0,0,0,1,0,0,0,4.00189E+20,5.61052E+21,7.5885E+15,5.0638E+16
104430,7,3,33,502,2018,5,7,4,3,1,1,0,0,1,0,0,0,0,0,4.14683E+20,5.49707E+21,7.8188E+15,4.96202E+16
104431,7,2,32,262,2018,4,9,2,3,0,6,0,0,1,0,0,0,0,0,3.0915E+20,5.55656E+21,6.32959E+15,5.01305E+16
104432,7,1,34,90,2018,4,16,2,3,1,6,0,0,1,0,0,0,1,0,3.77921E+20,5.511E+21,7.30569E+15,4.9739E+16
104433,7,3,33,26,2018,5,0,3,3,8,1,2,0,1,0,0,0,0,0,4.30715E+20,5.49335E+21,8.04138E+15,4.95888E+16