OBJECTID_1,ULAND,UREGBEZ,UKREIS,UGEMEINDE,UJAHR,UMONAT,USTUNDE,UWOCHENTAG,UKATEGORIE,UART,UTYP1,ULICHTVERH,IstRad,IstPKW,IstFuss,IstKrad,IstGkfz,IstSonstig,STRZUSTAND,LINREFX,LINREFY,XGCSWGS84,YGCSWGS84
104434,7,3,37,1,2018,4,17,6,2,9,1,0,0,0,0,1,0,0,0,4.18873E+20,5.4584E+21,7.88473E+15,4.92729E+16
104435,7,2,35,1,2018,4,8,2,3,2,6,0,0,1,0,0,0,1,0,3.25253E+20,5.51891E+21,6.57177E+15,4.97972E+16
104436,7,1,37,226,2018,4,18,2,2,5,3,0,1,1,0,0,0,0,0,4.00806E+20,5.58443E+21,7.60416E+15,5.04035E+16
104437,7,3,37,501,2018,4,16,6,3,0,1,0,1,0,0,0,0,0,0,4.26699E+20,5.45204E+21,7.99345E+15,4.92167E+16
104438,7,2,11,0,2018,4,7,2,2,5,3,0,0,1,0,0,0,0,0,3.28535E+20,5.51265E+21,6.62008E+15,4.97419E+16
104439,7,1,43,200,2018,4,17,2,3,2,6,0,0,1,0,0,0,0,0,4.24788E+20,5.60559E+21,7.9373E+15,5.05973E+16
104440,7,1,37,55,2018,4,16,2,3,5,3,0,0,1,0,0,0,0,0,3.76598E+20,5.57871E+21,7.26554E+15,5.03475E+16
104441,7,1,43,254,2018,4,11,2,3,5,3,0,0,1,0,0,0,0,0,4.23694E+20,5.60511E+21,7.92194E+15,5.05929E+16
104442,7,1,40,501,2018,4,5,6,3,3,7,1,0,1,0,0,1,0,0,3.97929E+20,5.56273E+21,7.56956E+15,5.0208E+16
104443,7,3,14,0,2018,5,16,4,3,3,2,0,1,1,0,0,0,0,0,4.5919E+20,5.48229E+21,8.43647E+15,4.94919E+16
104444,7,1,43,206,2018,4,10,2,3,1,6,0,0,1,0,0,0,0,0,4.26284E+20,5.61159E+21,7.95724E+15,5.06515E+16
104445,7,1,41,59,2018,4,16,2,3,4,1,0,0,1,0,0,0,0,0,4.21168E+20,5.57888E+21,7.89179E+15,5.03567E+16
104446,7,1,32,38,2018,5,3,3,3,9,1,2,0,1,0,0,0,0,0,4.05991E+20,5.62616E+21,7.66654E+15,5.07796E+16
104447,7,1,43,50,2018,4,17,2,3,2,6,0,1,1,0,0,0,0,0,4.03613E+20,5.59105E+21,7.64195E+15,5.04635E+16
104448,7,3,18,0,2018,4,6,1,3,0,1,0,1,0,0,0,0,0,0,4.59705E+20,5.46198E+21,8.44565E+15,4.93092E+16
104449,7,1,31,77,2018,4,7,2,3,2,6,0,0,1,0,0,0,1,0,3.75706E+20,5.60189E+21,7.24532E+15,5.05557E+16
104450,7,1,31,90,2018,4,13,2,2,2,2,0,0,1,0,0,0,0,0,3.60429E+20,5.60543E+21,7.02844E+15,5.05841E+16
104451,7,3,31,8,2018,5,6,4,2,9,7,0,0,1,0,0,0,0,0,4.35628E+20,5.51477E+21,8.10582E+15,4.97819E+16
104452,7,3,38,26,2018,4,14,5,3,5,3,0,0,1,0,0,0,0,0,4.57174E+20,5.47231E+21,8.40972E+15,4.9402E+16
104453,7,3,19,0,2018,5,21,4,3,9,1,2,0,0,0,1,0,0,0,4.54724E+20,5.49723E+21,8.37309E+15,4.96259E+16
104454,7,1,40,67,2018,4,15,2,3,5,3,0,0,1,0,0,0,0,0,3.8531E+20,5.53469E+21,7.40119E+15,4.99535E+16
104455,7,1,11,0,2018,4,18,2,2,0,6,0,0,0,0,1,0,0,0,3.99569E+20,5.57899E+21,7.58822E+15,5.03544E+16
104456,7,3,40,29,2018,4,12,2,3,8,1,0,0,1,0,0,0,0,0,4.00836E+20,5.43849E+21,7.64173E+15,4.90913E+16
104457,7,1,37,202,2018,4,7,2,3,2,6,0,0,1,0,0,1,0,0,3.9119E+20,5.57863E+21,7.47058E+15,5.03497E+16
104458,7,1,43,218,2018,4,14,1,3,7,7,0,1,1,0,0,0,0,0,4.36586E+20,5.60193E+21,8.1046E+15,5.05658E+16
104459,7,3,14,0,2018,4,8,6,3,5,3,0,1,1,0,0,0,0,0,4.58795E+20,5.48151E+21,8.4311E+15,4.94848E+16
104460,7,2,33,209,2018,5,11,5,3,8,1,0,0,1,0,0,0,0,0,3.28476E+20,5.55609E+21,6.59994E+15,5.01322E+16
104461,7,3,40,51,2018,4,15,1,3,2,7,0,0,1,0,0,0,0,0,3.97297E+20,5.45834E+21,7.58821E+15,4.92692E+16
104462,7,3,32,1,2018,4,17,1,3,9,1,0,0,0,0,1,0,0,0,4.33079E+20,5.47971E+21,8.07639E+15,4.94664E+16
104463,7,1,38,31,2018,5,23,4,3,9,1,2,0,1,0,0,0,0,0,4.00318E+20,5.59356E+21,7.59487E+15,5.04856E+16
104464,7,3,32,2,2018,4,16,1,2,4,2,0,0,1,0,1,0,0,0,4.41257E+20,5.47925E+21,8.18932E+15,4.94631E+16
104465,7,1,35,8,2018,4,15,2,2,8,7,0,0,1,0,0,0,0,1,3.62561E+20,5.54783E+21,7.07953E+15,5.00669E+16
104466,7,3,36,55,2018,4,10,7,3,8,1,0,0,0,0,1,0,0,0,3.85593E+20,5.48807E+21,7.41882E+15,4.95344E+16
104467,7,3,32,2,2018,4,15,1,3,8,1,0,0,0,0,1,0,0,0,4.39513E+20,5.48206E+21,8.16482E+15,4.94882E+16
104468,7,3,16,0,2018,4,21,1,3,0,1,2,0,1,0,0,0,0,0,4.40035E+20,5.46768E+21,8.17421E+15,4.93589E+16
104469,7,3,37,61,2018,4,11,2,3,4,2,0,0,1,0,0,0,0,0,4.40974E+20,5.44832E+21,8.18999E+15,4.91849E+16
104470,7,3,32,34,2018,4,17,1,3,4,6,0,0,1,0,1,0,0,0,4.34784E+20,5.47091E+21,8.10138E+15,4.93874E+16
104471,7,1,35,83,2018,4,10,1,1,9,1,0,0,0,0,1,0,0,1,3.5575E+20,5.56414E+21,6.97825E+15,5.02119E+16
104472,7,3,15,0,2018,4,17,6,3,4,2,0,0,1,0,0,0,0,0,4.47562E+20,5.53764E+21,8.26847E+15,4.99888E+16
104473,7,1,43,12,2018,5,15,5,3,4,6,0,0,1,0,0,0,0,0,4.12709E+20,5.59183E+21,7.76989E+15,5.0472E+16
104474,7,3,34,17,2018,4,12,1,2,2,2,0,1,1,0,0,0,0,0,4.52219E+20,5.4551E+21,8.34349E+15,4.92468E+16
104475,7,3,37,76,2018,4,13,1,2,8,1,0,0,0,0,1,0,1,0,4.30521E+20,5.42962E+21,8.04979E+15,4.90156E+16
104476,7,3,12,0,2018,5,18,3,3,0,1,0,0,1,0,0,0,0,0,4.11601E+20,5.47815E+21,7.78038E+15,4.94496E+16
104477,7,3,37,501,2018,4,9,1,3,4,6,0,0,1,0,1,0,0,0,4.22653E+20,5.45156E+21,7.938E+15,4.92119E+16
104478,7,1,32,2,2018,4,18,2,3,1,2,0,0,1,0,0,0,0,0,4.21814E+20,5.62604E+21,7.89096E+15,5.07809E+16
104479,7,3,13,0,2018,4,0,1,2,8,1,2,0,1,0,0,0,0,0,4.39208E+20,5.44823E+21,8.16578E+15,4.91838E+16
104480,7,3,31,73,2018,4,7,7,3,5,3,0,1,1,0,0,0,0,0,4.38493E+20,5.52133E+21,8.14458E+15,4.98412E+16
104481,7,1,31,6,2018,4,15,6,3,2,6,0,0,1,0,1,0,0,0,3.7929E+20,5.59677E+21,7.29754E+15,5.05105E+16
104482,7,3,32,24,2018,5,14,4,3,2,6,0,0,1,0,0,0,0,0,4.39557E+20,5.49162E+21,8.16398E+15,4.95742E+16
104483,7,3,18,0,2018,4,14,1,3,5,2,0,0,1,0,1,0,0,0,4.59748E+20,5.46272E+21,8.44616E+15,4.93159E+16
104484,7,2,33,54,2018,5,16,3,2,9,1,0,0,0,0,1,0,0,0,3.41268E+20,5.57173E+21,6.77225E+15,5.02763E+16
104485,7,3,37,29,2018,5,11,1,3,1,6,0,0,1,0,1,0,0,0,4.28023E+20,5.44275E+21,8.01329E+15,4.91333E+16
104486,7,1,43,23,2018,5,16,5,3,0,7,0,0,0,0,0,0,1,0,4.24622E+20,5.58505E+21,7.9391E+15,5.04127E+16
104487,7,1,43,202,2018,5,13,1,2,4,1,0,0,1,0,0,0,0,1,4.20951E+20,5.60908E+21,7.88235E+15,5.06282E+16
104488,7,3,37,38,2018,5,14,1,3,5,3,0,0,1,0,1,0,0,0,4.40639E+20,5.44415E+21,8.18601E+15,4.91473E+16
104489,7,1,38,9,2018,5,10,4,2,0,1,0,1,0,0,0,0,0,0,3.78882E+20,5.60169E+21,7.29019E+15,5.05546E+16
104490,7,3,14,0,2018,5,16,2,3,2,2,0,0,1,0,0,0,0,0,4.55869E+20,5.48189E+21,8.39067E+15,4.94881E+16
104491,7,2,35,55,2018,5,11,7,3,3,6,0,1,1,0,0,0,0,0,3.25746E+20,5.50369E+21,6.5854E+15,4.96606E+16
104492,7,3,38,20,2018,5,17,1,3,4,2,0,1,1,0,0,0,0,0,4.58225E+20,5.47501E+21,8.42392E+15,4.94263E+16
104493,7,3,40,34,2018,5,11,1,2,8,1,0,1,0,0,0,0,0,0,4.1224E+20,5.43606E+21,7.79843E+15,4.90711E+16
104494,7,1,37,14,2018,5,13,6,3,0,1,0,0,1,0,1,0,0,1,3.57937E+20,5.5749E+21,7.00484E+15,5.03091E+16
104495,7,3,39,5,2018,5,21,1,1,2,6,1,0,1,0,0,1,0,0,4.18279E+20,5.53757E+21,7.86006E+15,4.99848E+16
104496,7,3,38,25,2018,5,8,4,3,5,3,0,1,1,0,0,0,0,0,4.5542E+20,5.47001E+21,8.38581E+15,4.93812E+16
104497,7,3,20,0,2018,5,13,7,2,6,4,0,0,1,1,0,0,0,0,3.8243E+20,5.45579E+21,7.38467E+15,4.92435E+16
104498,7,3,39,56,2018,5,12,1,2,8,1,0,0,0,0,1,0,0,0,4.27231E+20,5.52259E+21,7.98774E+15,4.98513E+16
104499,7,3,20,0,2018,5,14,3,3,9,6,0,0,0,0,1,0,0,0,3.80908E+20,5.45577E+21,7.36377E+15,4.92431E+16
104500,7,2,32,79,2018,5,8,2,2,5,3,0,0,1,0,0,1,0,0,3.19714E+20,5.53404E+21,6.48783E+15,4.99315E+16
104501,7,3,36,11,2018,5,17,6,3,5,3,0,1,1,0,0,0,0,0,3.81088E+20,5.47685E+21,7.35996E+15,4.94327E+16
104502,7,1,33,107,2018,5,20,1,3,9,1,1,0,1,0,0,0,0,0,4.07267E+20,5.51871E+21,7.71101E+15,4.98136E+16
104503,7,2,11,0,2018,5,11,1,3,9,1,0,0,0,0,1,0,0,1,3.34977E+20,5.52364E+21,6.70475E+15,4.98424E+16
104504,7,1,37,229,2018,5,15,4,3,8,1,0,1,0,0,0,0,0,0,4.00673E+20,5.5857E+21,7.60195E+15,5.04149E+16
104505,7,3,39,53,2018,5,15,2,3,7,1,0,0,1,1,0,0,1,0,4.46563E+20,5.52328E+21,8.25653E+15,4.98595E+16
104506,7,1,31,1,2018,5,19,7,2,0,7,0,1,0,0,0,0,0,0,3.54698E+20,5.58157E+21,6.95681E+15,5.03683E+16
104507,7,1,33,6,2018,5,18,1,3,2,6,0,0,1,0,0,0,0,0,4.17292E+20,5.51972E+21,7.85011E+15,4.98242E+16
104508,7,3,39,5,2018,5,17,3,3,2,6,0,0,1,0,0,0,0,0,4.24034E+20,5.53236E+21,7.94135E+15,4.99387E+16
104509,7,2,35,118,2018,5,21,3,3,2,6,2,0,1,0,0,0,0,0,3.2387E+20,5.49925E+21,6.56143E+15,4.96201E+16
104510,7,3,35,40,2018,5,19,1,3,3,6,0,1,1,0,0,0,0,0,4.02837E+20,5.481E+21,7.65881E+15,4.94739E+16
104511,7,1,37,201,2018,5,17,6,2,0,1,0,1,0,0,0,0,0,0,3.89161E+20,5.56649E+21,7.44563E+15,5.02402E+16
104512,7,1,33,31,2018,5,16,1,3,2,2,0,0,1,0,1,0,0,0,4.20802E+20,5.51739E+21,7.89938E+15,4.98037E+16
104513,7,3,31,72,2018,5,13,4,3,5,3,0,0,1,0,1,0,0,0,4.26124E+20,5.51948E+21,7.97293E+15,4.98232E+16
104514,7,3,32,35,2018,5,11,7,3,5,3,0,1,0,0,0,0,0,0,4.45131E+20,5.47279E+21,8.24368E+15,4.94053E+16
104515,7,3,31,36,2018,5,19,1,2,5,3,0,0,1,0,1,0,0,0,4.42985E+20,5.50574E+21,8.20933E+15,4.97015E+16
104516,7,3,34,17,2018,5,10,3,2,2,6,0,0,1,0,0,1,0,0,4.52573E+20,5.45393E+21,8.3485E+15,4.92363E+16
104517,7,1,43,239,2018,5,20,2,3,7,7,0,0,0,0,1,0,0,0,4.23792E+20,5.59598E+21,7.9252E+15,5.05108E+16
104518,7,3,14,0,2018,5,10,6,3,5,3,0,1,1,0,0,0,0,0,4.55772E+20,5.48701E+21,8.38875E+15,4.95341E+16
104519,7,3,39,24,2018,5,12,1,3,0,1,0,1,0,0,0,0,0,0,4.5284E+20,5.51749E+21,8.34456E+15,4.9808E+16
104520,7,3,15,0,2018,5,13,1,3,4,2,0,0,1,0,0,0,0,0,4.43978E+20,5.53889E+21,8.21831E+15,4.99997E+16
104521,7,1,41,24,2018,5,4,5,3,9,1,2,0,1,0,0,0,0,0,4.07284E+20,5.5601E+21,7.70127E+15,5.01858E+16
104522,7,2,31,92,2018,5,19,1,3,4,6,0,0,1,0,1,0,0,0,3.48826E+20,5.52513E+21,6.89665E+15,4.98595E+16
104523,7,3,31,3,2018,5,7,4,3,2,1,0,0,1,0,0,1,0,0,4.34494E+20,5.51239E+21,8.09047E+15,4.97604E+16
104524,7,2,31,90,2018,5,14,1,1,4,1,0,0,0,0,1,0,0,0,3.56699E+20,5.53078E+21,7.00403E+15,4.99122E+16
104525,7,1,33,111,2018,5,13,5,3,8,1,0,0,1,0,0,0,0,1,3.96568E+20,5.5176E+21,7.56264E+15,4.98019E+16
104526,7,2,31,112,2018,5,19,1,2,8,1,0,0,0,0,1,0,0,0,3.56828E+20,5.51424E+21,7.01193E+15,4.97636E+16
104527,7,3,15,0,2018,5,9,4,3,5,2,0,1,1,0,0,0,0,0,4.46084E+20,5.53857E+21,8.24773E+15,4.9997E+16
104528,7,3,19,0,2018,5,9,7,3,8,1,0,0,0,0,1,0,0,0,4.54154E+20,5.506E+21,8.36417E+15,4.97047E+16
104529,7,2,31,502,2018,5,11,1,3,8,1,0,0,1,0,0,0,0,0,3.69485E+20,5.52496E+21,7.18398E+15,4.98628E+16
104530,7,3,18,0,2018,5,17,3,3,2,6,0,0,1,0,0,0,0,0,4.58074E+20,5.46193E+21,8.42322E+15,4.93086E+16
104531,7,1,31,58,2018,5,9,2,3,1,7,0,0,1,0,0,0,0,0,3.54415E+20,5.57826E+21,6.95411E+15,5.03384E+16
104532,7,2,32,296,2018,5,11,6,3,4,2,0,0,1,0,0,0,0,0,3.14284E+20,5.56296E+21,6.39822E+15,5.01896E+16
104533,7,2,35,143,2018,5,4,1,3,8,1,2,0,1,0,0,0,0,0,3.24048E+20,5.50808E+21,6.55993E+15,4.96995E+16
104534,7,1,43,228,2018,5,11,1,3,0,6,0,1,1,0,0,0,0,0,4.2548E+20,5.59807E+21,7.94859E+15,5.05298E+16
104535,7,1,32,23,2018,5,15,5,2,8,1,0,0,0,0,1,0,0,0,3.95899E+20,5.60999E+21,7.528E+15,5.06325E+16
104536,7,1,43,62,2018,5,13,1,2,5,3,0,0,1,0,1,0,0,0,4.10626E+20,5.59183E+21,7.74054E+15,5.04717E+16
104537,7,1,41,13,2018,5,17,4,3,4,1,0,0,1,0,0,0,1,0,4.26082E+20,5.57126E+21,7.96235E+15,5.02888E+16
104538,7,3,18,0,2018,5,18,2,3,5,3,0,1,1,0,0,0,0,0,4.57877E+20,5.46385E+21,8.42031E+15,4.93259E+16
104539,7,2,32,218,2018,5,13,7,2,8,1,0,0,1,0,0,0,0,0,3.22593E+20,5.52534E+21,6.5319E+15,4.98542E+16
104540,7,1,43,67,2018,5,12,1,2,8,1,0,0,0,0,1,0,0,0,4.10111E+20,5.59721E+21,7.73199E+15,5.05199E+16
104541,7,1,38,44,2018,5,5,2,3,2,1,1,0,0,0,0,1,1,0,3.8552E+20,5.61E+21,7.3813E+15,5.06306E+16
104542,7,3,34,501,2018,5,17,2,3,2,5,0,0,1,0,0,1,0,0,4.47207E+20,5.43487E+21,8.27728E+15,4.90644E+16
104543,7,3,39,9,2018,5,10,7,2,8,7,0,0,1,0,0,0,0,0,4.4338E+20,5.54174E+21,8.20953E+15,5.00253E+16
104544,7,1,38,4,2018,5,18,1,3,5,2,0,0,1,0,1,0,0,0,3.85038E+20,5.59974E+21,7.37765E+15,5.05383E+16
104545,7,3,14,0,2018,5,10,3,2,5,3,0,1,0,0,0,0,1,0,4.59226E+20,5.48231E+21,8.43698E+15,4.94921E+16
104546,7,1,40,144,2018,5,9,2,3,2,6,0,0,1,0,0,0,0,0,3.96019E+20,5.53879E+21,7.54931E+15,4.99924E+16
104547,7,1,38,12,2018,5,17,6,2,6,4,0,0,1,1,0,0,0,0,4.04491E+20,5.60022E+21,7.65197E+15,5.05461E+16
104548,7,2,35,125,2018,5,10,3,3,5,3,0,1,1,0,0,0,0,0,3.37514E+20,5.52194E+21,6.74073E+15,4.98278E+16
104549,7,1,32,63,2018,5,12,1,3,2,2,0,0,1,0,0,0,0,0,4.21302E+20,5.63088E+21,7.88266E+15,5.08243E+16
104550,7,3,17,0,2018,5,11,4,3,2,2,0,0,1,0,0,0,1,0,3.95427E+20,5.45317E+21,7.56386E+15,4.92224E+16
104551,7,1,38,12,2018,5,1,1,2,8,1,2,0,0,0,0,0,1,0,4.00768E+20,5.59918E+21,7.59971E+15,5.05361E+16
104552,7,1,32,22,2018,5,0,1,1,8,1,2,0,1,0,0,0,0,0,4.08333E+20,5.61866E+21,7.70162E+15,5.07125E+16
104553,7,1,32,96,2018,5,18,4,3,5,3,0,0,1,0,0,0,1,0,4.0941E+20,5.62534E+21,7.71523E+15,5.07728E+16
104554,7,3,14,0,2018,5,17,2,3,0,1,0,0,1,0,0,0,0,0,4.58046E+20,5.47994E+21,8.42093E+15,4.94707E+16
104555,7,1,32,8,2018,5,13,7,2,8,1,0,0,0,0,1,0,0,0,4.1319E+20,5.63116E+21,7.76745E+15,5.08257E+16
104556,7,1,35,20,2018,5,15,1,2,2,6,0,0,0,0,1,0,0,0,3.69149E+20,5.55734E+21,7.16828E+15,5.01538E+16
104557,7,3,31,4,2018,5,17,3,3,3,6,0,0,1,0,0,1,0,0,4.31665E+20,5.51792E+21,8.05023E+15,4.98098E+16
104558,7,2,35,37,2018,5,23,3,3,2,2,2,0,1,0,0,0,0,0,3.34241E+20,5.5091E+21,6.70072E+15,4.97116E+16
104559,7,3,20,0,2018,5,14,1,2,8,1,0,0,1,0,1,0,0,0,3.83739E+20,5.45463E+21,7.40298E+15,4.92334E+16
104560,7,1,37,96,2018,5,7,6,3,8,7,0,0,1,0,0,0,0,0,3.86984E+20,5.58159E+21,7.41059E+15,5.03755E+16
104561,7,1,31,8,2018,5,11,1,3,3,6,0,0,1,0,1,0,0,0,3.47076E+20,5.5812E+21,6.84987E+15,5.0363E+16
104562,7,3,14,0,2018,5,17,4,3,2,6,0,0,1,0,0,0,0,0,4.58328E+20,5.47799E+21,8.42502E+15,4.94532E+16
104563,7,1,35,36,2018,5,10,6,3,0,3,0,0,1,0,1,0,0,0,3.67354E+20,5.56084E+21,7.14194E+15,5.01849E+16
104564,7,3,33,31,2018,5,14,3,2,8,1,0,0,0,0,1,0,0,0,4.3364E+20,5.50538E+21,8.07981E+15,4.96973E+16
104565,7,1,31,7,2018,5,16,1,2,3,1,0,0,1,0,1,0,0,0,3.6673E+20,5.60159E+21,7.11878E+15,5.0551E+16
104566,7,3,32,33,2018,5,17,4,3,2,6,0,0,1,0,0,0,0,0,4.43205E+20,5.48895E+21,8.2148E+15,4.95505E+16
104567,7,1,11,0,2018,5,16,1,3,0,1,0,0,0,0,1,0,0,1,3.99609E+20,5.58152E+21,7.5881E+15,5.03771E+16
104568,7,1,37,74,2018,5,18,1,3,8,1,0,0,0,0,1,0,0,0,3.6827E+20,5.57269E+21,7.15065E+15,5.02916E+16
104569,7,1,37,56,2018,5,11,4,2,4,7,0,0,1,0,0,0,0,0,3.82807E+20,5.58355E+21,7.35126E+15,5.03923E+16
104570,7,3,39,9,2018,5,16,2,3,9,6,0,0,0,0,1,1,0,0,4.41606E+20,5.54215E+21,8.18471E+15,5.00288E+16
104571,7,1,40,48,2018,5,11,7,2,5,2,0,0,1,0,1,0,0,0,3.85285E+20,5.53104E+21,7.40193E+15,4.99207E+16
104572,7,1,40,130,2018,5,14,1,3,2,6,0,1,1,0,0,0,0,0,3.8657E+20,5.52701E+21,7.42101E+15,4.98848E+16
104573,7,1,34,45,2018,5,2,1,3,0,7,2,0,1,0,0,0,0,1,3.83486E+20,5.50691E+21,7.38412E+15,4.97034E+16
104574,7,2,33,29,2018,5,17,3,3,2,2,0,0,1,0,0,0,0,0,3.34285E+20,5.57436E+21,6.67317E+15,5.02981E+16
104575,7,3,32,30,2018,5,10,1,3,5,2,0,0,1,0,0,0,0,0,4.40703E+20,5.48715E+21,8.18049E+15,4.9534E+16
104576,7,3,40,216,2018,5,18,5,2,9,1,0,0,1,0,0,0,0,0,3.87887E+20,5.46508E+21,7.457E+15,4.93282E+16
104577,7,1,40,116,2018,5,9,1,3,0,7,0,0,0,0,1,0,0,0,4.0496E+20,5.54696E+21,7.67199E+15,5.00673E+16
104578,7,3,31,61,2018,5,13,4,2,5,3,0,0,1,0,0,0,0,0,4.37344E+20,5.51833E+21,8.12908E+15,4.98141E+16
104579,7,3,38,6,2018,5,10,7,3,3,2,0,1,1,0,0,0,0,0,4.50282E+20,5.47526E+21,8.31436E+15,4.9428E+16
104580,7,1,37,205,2018,5,15,1,3,0,1,0,1,0,0,0,0,0,0,3.88194E+20,5.56487E+21,7.43255E+15,5.02254E+16
104581,7,3,37,27,2018,5,14,3,2,5,3,0,0,1,0,1,0,0,0,4.43835E+20,5.45746E+21,8.22797E+15,4.92673E+16
104582,7,1,38,71,2018,5,14,2,3,2,6,0,0,1,0,0,0,0,0,3.95021E+20,5.59995E+21,7.51843E+15,5.0542E+16
104583,7,3,19,0,2018,5,9,6,3,5,3,0,1,1,0,0,0,0,0,4.5215E+20,5.49996E+21,8.33712E+15,4.96502E+16
104584,7,1,33,65,2018,5,11,7,3,5,3,0,0,1,0,0,0,0,0,4.04193E+20,5.50768E+21,7.67101E+15,4.9714E+16
104585,7,1,37,212,2018,5,13,1,2,5,3,0,0,1,0,1,0,0,0,3.90433E+20,5.57284E+21,7.46162E+15,5.02975E+16
104586,7,3,32,24,2018,5,7,3,3,2,6,0,0,1,0,0,0,0,0,4.41266E+20,5.49048E+21,8.18777E+15,4.9564E+16
104587,7,1,34,10,2018,5,16,2,3,5,3,0,0,1,0,1,0,0,0,3.67348E+20,5.50118E+21,7.16237E+15,4.96485E+16
104588,7,3,37,49,2018,5,19,6,3,9,1,0,0,0,0,1,0,0,0,4.30579E+20,5.44397E+21,8.04812E+15,4.91446E+16
104589,7,3,33,503,2018,5,16,7,2,2,6,0,0,1,0,0,0,1,0,4.2022E+20,5.49148E+21,7.89658E+15,4.95707E+16
104590,7,3,35,3,2018,5,9,7,2,4,1,0,1,1,0,0,0,0,0,3.89461E+20,5.47107E+21,7.477E+15,4.93823E+16
104591,7,3,31,10,2018,5,20,5,1,2,6,1,0,1,0,0,0,0,0,4.38363E+20,5.51677E+21,8.14349E+15,4.98002E+16
104592,7,3,36,92,2018,5,4,7,3,4,6,2,0,1,0,0,0,0,0,3.81421E+20,5.47411E+21,7.36536E+15,4.94081E+16
104593,7,3,15,0,2018,5,10,4,3,1,6,0,0,1,0,0,0,0,0,4.48954E+20,5.53638E+21,8.28806E+15,4.99776E+16
104594,7,3,31,48,2018,5,6,7,3,8,1,2,0,1,0,0,0,0,0,4.42218E+20,5.49772E+21,8.19987E+15,4.96293E+16
104595,7,3,35,205,2018,5,3,7,2,9,1,2,0,1,0,0,0,0,0,4.19059E+20,5.48608E+21,7.88163E+15,4.95219E+16
104596,7,3,38,26,2018,5,17,3,3,0,5,0,0,1,0,1,0,0,0,4.59464E+20,5.4715E+21,8.44136E+15,4.93949E+16
104597,7,1,43,29,2018,5,15,3,3,7,7,0,0,1,0,0,0,0,0,4.10829E+20,5.6034E+21,7.74065E+15,5.05757E+16
104598,7,3,39,67,2018,5,15,3,3,4,2,0,0,1,0,0,0,1,0,4.44271E+20,5.52664E+21,8.22416E+15,4.98896E+16
104599,7,1,31,7,2018,5,7,2,3,1,2,0,0,1,0,0,0,0,0,3.68034E+20,5.60129E+21,7.13728E+15,5.05486E+16
104600,7,1,34,89,2018,5,15,6,3,5,3,0,0,1,0,1,0,0,0,3.77213E+20,5.51369E+21,7.29502E+15,4.97631E+16
104601,7,3,38,14,2018,5,15,7,3,2,6,0,0,1,0,1,1,0,0,4.47379E+20,5.47186E+21,8.27479E+15,4.93971E+16
104602,7,1,11,0,2018,5,15,5,3,5,3,0,0,1,0,0,0,0,1,4.04207E+20,5.58061E+21,7.65298E+15,5.03697E+16
104603,7,3,32,25,2018,5,14,7,3,2,6,0,0,1,0,0,0,0,0,4.45788E+20,5.47031E+21,8.25307E+15,4.93831E+16
104604,7,3,32,50,2018,5,17,7,2,8,1,0,0,1,0,0,0,0,0,4.4637E+20,5.48271E+21,8.25941E+15,4.94946E+16
104605,7,1,38,14,2018,5,23,5,3,8,1,2,0,1,0,0,0,0,0,3.9983E+20,5.60529E+21,7.58484E+15,5.05909E+16
104606,7,3,16,0,2018,5,14,7,3,5,3,0,1,1,0,0,0,0,0,4.41259E+20,5.4652E+21,8.19143E+15,4.93367E+16
104607,7,2,35,132,2018,5,19,4,2,5,7,0,1,1,0,0,0,0,0,3.21466E+20,5.50401E+21,6.52601E+15,4.96622E+16
104608,7,3,37,52,2018,5,21,2,3,8,1,2,0,1,0,0,0,0,0,4.37364E+20,5.46108E+21,8.13847E+15,4.92992E+16
104609,7,2,33,29,2018,5,14,7,3,3,2,0,1,0,0,1,0,0,0,3.33538E+20,5.57343E+21,6.6631E+15,5.02895E+16
104610,7,3,13,0,2018,5,11,7,3,5,3,0,0,1,0,0,0,0,0,4.35624E+20,5.45093E+21,8.11617E+15,4.92078E+16
104611,7,1,33,501,2018,5,8,3,3,5,3,0,0,1,0,0,0,0,0,4.03017E+20,5.51535E+21,7.6528E+15,4.97828E+16
104612,7,1,43,10,2018,5,13,3,3,4,6,0,0,1,0,0,0,0,0,4.11341E+20,5.58911E+21,7.75126E+15,5.04473E+16
104613,7,1,37,227,2018,5,7,2,3,2,6,0,0,1,0,0,0,0,0,3.96601E+20,5.57102E+21,7.54869E+15,5.02823E+16
104614,7,1,32,11,2018,5,10,6,3,2,6,0,0,1,0,0,0,0,0,4.14904E+20,5.62709E+21,7.79272E+15,5.07893E+16
104615,7,2,35,51,2018,5,18,3,3,1,2,0,0,1,0,0,0,0,0,3.23203E+20,5.50916E+21,6.54773E+15,4.9709E+16
104616,7,3,14,0,2018,5,15,7,3,1,6,0,0,1,0,1,0,0,0,4.59622E+20,5.48036E+21,8.44264E+15,4.94746E+16
104617,7,3,35,47,2018,5,18,4,3,0,6,0,1,1,0,0,0,0,0,4.09279E+20,5.47199E+21,7.74977E+15,4.93939E+16
104618,7,1,38,45,2018,5,10,1,3,2,6,0,0,1,0,0,0,0,1,3.92284E+20,5.58744E+21,7.48342E+15,5.04291E+16
104619,7,1,33,38,2018,5,17,7,2,9,1,0,0,0,0,1,0,0,0,3.85406E+20,5.51919E+21,7.40712E+15,4.98142E+16
104620,7,1,35,2,2018,5,22,4,3,2,2,2,0,1,0,0,0,0,0,3.61166E+20,5.56097E+21,7.05527E+15,5.01846E+16