OBJECTID_1,ULAND,UREGBEZ,UKREIS,UGEMEINDE,UJAHR,UMONAT,USTUNDE,UWOCHENTAG,UKATEGORIE,UART,UTYP1,ULICHTVERH,IstRad,IstPKW,IstFuss,IstKrad,IstGkfz,IstSonstig,STRZUSTAND,LINREFX,LINREFY,XGCSWGS84,YGCSWGS84
104808,7,1,34,63,2018,5,16,6,2,1,6,0,0,0,0,1,0,0,0,3.65964E+20,5.50557E+21,7.14169E+15,4.96877E+16
104809,7,3,13,0,2018,5,15,5,3,5,2,0,1,1,0,0,0,0,0,4.34817E+20,5.44954E+21,8.10532E+15,4.91952E+16
104810,7,3,37,35,2018,5,5,3,3,0,7,1,0,0,0,1,0,0,0,4.3976E+20,5.4601E+21,8.17157E+15,4.92907E+16
104811,7,1,38,70,2018,5,17,2,3,5,3,0,0,1,0,0,0,0,0,4.02816E+20,5.60815E+21,7.62626E+15,5.06171E+16
104812,7,3,33,26,2018,5,13,6,3,2,6,0,0,1,0,0,0,0,0,4.28171E+20,5.49546E+21,8.0058E+15,4.96074E+16
104813,7,3,13,0,2018,5,10,5,3,0,1,0,1,0,0,0,0,0,0,4.34599E+20,5.44953E+21,8.10232E+15,4.9195E+16
104814,7,3,18,0,2018,5,16,5,3,2,6,0,0,1,0,0,0,0,0,4.58118E+20,5.46588E+21,8.4234E+15,4.93442E+16
104815,7,1,38,40,2018,5,22,5,3,9,1,2,0,1,0,0,0,0,0,3.97606E+20,5.60254E+21,7.55419E+15,5.05658E+16
104816,7,3,18,0,2018,5,16,5,3,2,6,0,0,1,0,0,0,0,0,4.57987E+20,5.46603E+21,8.42158E+15,4.93455E+16
104817,7,2,35,501,2018,5,15,4,3,2,6,0,0,1,0,0,0,0,0,3.24881E+20,5.52235E+21,6.56505E+15,4.9828E+16
104818,7,3,37,9,2018,5,8,2,3,2,6,0,0,1,0,0,0,1,0,4.30971E+20,5.45074E+21,8.05232E+15,4.92055E+16
104819,7,2,32,296,2018,5,10,7,3,5,3,0,0,1,0,1,0,0,0,3.15429E+20,5.5639E+21,6.41379E+15,5.01985E+16
104820,7,3,38,10,2018,5,7,5,2,2,6,0,1,1,0,0,0,0,0,4.51727E+20,5.46268E+21,8.33582E+15,4.9315E+16
104821,7,1,11,0,2018,5,13,2,3,2,6,0,0,1,0,0,0,0,0,3.99565E+20,5.58E+21,7.58789E+15,5.03635E+16
104822,7,1,38,45,2018,5,20,6,3,5,3,1,0,1,0,0,0,0,0,3.91291E+20,5.59073E+21,7.46849E+15,5.04585E+16
104823,7,2,11,0,2018,5,9,3,3,5,7,0,0,0,0,0,1,1,0,3.29571E+20,5.51354E+21,6.63406E+15,4.97502E+16
104824,7,3,38,6,2018,5,11,5,2,6,7,0,1,0,1,0,0,0,0,4.50282E+20,5.47526E+21,8.31436E+15,4.9428E+16
104825,7,3,35,43,2018,5,6,4,3,1,2,0,0,1,0,0,0,0,0,3.98157E+20,5.48354E+21,7.59358E+15,4.94959E+16
104826,7,1,31,58,2018,5,17,1,3,7,1,0,0,0,0,1,0,0,1,3.54912E+20,5.57634E+21,6.96184E+15,5.03213E+16
104827,7,3,20,0,2018,5,7,5,3,2,6,0,0,1,0,1,0,0,0,3.81943E+20,5.45928E+21,7.37695E+15,4.92749E+16
104828,7,3,12,0,2018,5,20,6,3,9,1,0,0,1,0,0,0,0,0,4.11061E+20,5.47918E+21,7.77271E+15,4.94588E+16
104829,7,3,33,71,2018,5,17,2,2,9,1,0,0,0,0,1,0,0,0,4.23651E+20,5.4904E+21,7.94423E+15,4.95614E+16
104830,7,1,11,0,2018,5,7,2,3,2,6,0,0,1,0,0,0,0,0,3.99534E+20,5.5807E+21,7.58726E+15,5.03698E+16
104831,7,3,36,102,2018,5,20,6,3,6,4,0,0,1,1,0,0,0,0,3.82603E+20,5.47013E+21,7.38283E+15,4.93726E+16
104832,7,3,32,24,2018,5,12,5,3,2,6,0,0,1,0,0,0,0,0,4.39727E+20,5.49048E+21,8.1665E+15,4.95639E+16
104833,7,3,35,4,2018,5,6,6,2,9,1,0,0,1,0,0,0,0,0,4.23971E+20,5.48228E+21,7.95023E+15,4.94884E+16
104834,7,1,37,208,2018,5,15,2,2,0,7,0,0,0,0,1,0,0,0,3.86452E+20,5.56562E+21,7.40791E+15,5.02318E+16
104835,7,3,38,9,2018,5,2,7,2,2,6,2,1,1,0,0,0,0,0,4.50634E+20,5.49227E+21,8.31708E+15,4.9581E+16
104836,7,1,33,51,2018,5,17,6,3,8,1,0,0,0,0,1,0,0,0,3.99941E+20,5.50787E+21,7.61201E+15,4.9715E+16
104837,7,1,33,94,2018,5,15,4,3,7,7,0,0,0,0,1,0,0,0,3.94935E+20,5.52181E+21,7.53882E+15,4.98395E+16
104838,7,3,31,55,2018,5,15,6,3,2,6,0,0,1,0,0,0,0,0,4.51437E+20,5.5044E+21,8.3267E+15,4.96902E+16
104839,7,3,35,38,2018,5,18,6,2,5,3,0,0,1,0,1,0,0,0,3.9621E+20,5.47908E+21,7.56786E+15,4.94555E+16
104840,7,3,19,0,2018,5,17,3,3,5,3,0,0,1,0,0,0,0,0,4.53379E+20,5.4991E+21,8.35425E+15,4.96427E+16
104841,7,3,36,92,2018,5,0,6,2,9,1,2,0,1,0,0,0,0,0,3.80546E+20,5.47331E+21,7.35354E+15,4.94008E+16
104842,7,3,37,9,2018,5,18,2,2,5,3,0,1,1,0,0,0,0,0,4.30158E+20,5.45093E+21,8.04113E+15,4.92072E+16
104843,7,3,15,0,2018,5,12,1,3,2,6,0,0,1,0,0,0,0,0,4.41702E+20,5.53858E+21,8.18659E+15,4.99967E+16
104844,7,3,35,6,2018,5,7,6,3,3,6,0,1,0,0,0,0,0,0,4.03084E+20,5.48428E+21,7.66141E+15,4.95034E+16
104845,7,1,34,45,2018,5,16,5,3,1,6,0,0,1,0,0,0,1,0,3.77412E+20,5.50892E+21,7.29929E+15,4.97203E+16
104846,7,3,32,24,2018,5,20,6,2,0,7,0,0,1,0,1,0,0,1,4.40795E+20,5.4893E+21,8.18144E+15,4.95534E+16
104847,7,2,31,62,2018,5,8,1,3,9,1,0,0,1,0,0,0,0,0,3.45132E+20,5.54052E+21,6.83912E+15,4.99969E+16
104848,7,2,35,149,2018,5,12,7,3,5,2,0,0,1,0,1,0,0,0,3.13303E+20,5.49866E+21,6.41556E+15,4.96116E+16
104849,7,3,16,0,2018,5,20,6,2,4,2,0,0,1,0,0,0,0,0,4.4299E+20,5.46537E+21,8.21523E+15,4.93384E+16
104850,7,2,11,0,2018,5,7,4,3,6,4,0,0,1,1,0,0,0,1,3.29144E+20,5.51236E+21,6.62865E+15,4.97394E+16
104851,7,1,38,34,2018,5,13,6,3,9,1,0,0,0,0,1,0,0,0,4.00402E+20,5.59361E+21,7.59604E+15,5.0486E+16
104852,7,3,34,5,2018,5,22,6,3,8,1,2,1,0,0,0,0,0,0,4.35285E+20,5.43512E+21,8.11405E+15,4.90656E+16
104853,7,3,19,0,2018,5,20,1,3,5,3,0,0,1,0,0,0,0,1,4.55459E+20,5.49789E+21,8.38319E+15,4.9632E+16
104854,7,3,15,0,2018,5,14,7,2,5,3,0,1,1,0,0,0,0,0,4.44877E+20,5.53894E+21,8.23084E+15,5.00002E+16
104855,7,3,34,28,2018,5,15,6,3,5,3,0,0,1,0,0,0,0,0,4.51846E+20,5.45719E+21,8.33811E+15,4.92656E+16
104856,7,2,31,134,2018,5,19,4,3,2,6,0,0,1,0,0,0,0,1,3.48512E+20,5.5367E+21,6.88774E+15,4.99634E+16
104857,7,3,13,0,2018,5,17,7,2,9,7,0,1,0,0,0,0,0,0,4.35431E+20,5.44871E+21,8.11388E+15,4.91878E+16
104858,7,1,34,45,2018,5,18,6,3,2,6,0,0,1,0,0,0,0,0,3.79543E+20,5.50713E+21,7.32939E+15,4.97046E+16
104859,7,3,14,0,2018,5,17,7,2,0,1,0,0,0,0,0,0,1,0,4.59165E+20,5.48117E+21,8.43624E+15,4.94818E+16
104860,7,3,37,1,2018,5,17,6,3,2,1,0,0,1,0,0,0,1,0,4.31956E+20,5.45079E+21,8.06583E+15,4.92062E+16
104861,7,3,31,30,2018,5,10,3,3,8,1,0,0,1,0,0,0,0,1,4.29839E+20,5.52021E+21,8.02444E+15,4.98302E+16
104862,7,3,18,0,2018,5,11,6,3,5,3,0,1,1,0,0,0,0,0,4.57708E+20,5.46299E+21,8.41807E+15,4.93182E+16
104863,7,3,39,3,2018,5,15,2,2,0,1,0,0,0,0,1,0,0,0,4.08707E+20,5.54376E+21,7.72509E+15,5.00391E+16
104864,7,2,35,62,2018,5,21,1,3,9,1,1,0,1,0,0,0,0,0,3.18934E+20,5.49121E+21,6.49685E+15,4.95464E+16
104865,7,3,38,23,2018,5,11,6,3,5,3,0,0,1,0,0,0,1,0,4.56286E+20,5.46078E+21,8.39875E+15,4.92982E+16
104866,7,1,38,45,2018,5,15,5,3,8,1,0,0,1,0,0,0,0,0,3.94824E+20,5.58886E+21,7.51877E+15,5.04423E+16
104867,7,3,14,0,2018,5,14,6,3,2,2,0,0,1,0,0,0,0,0,4.53003E+20,5.48212E+21,8.35107E+15,4.94899E+16
104868,7,1,32,2,2018,5,21,1,3,8,1,2,0,1,0,1,0,0,0,4.21922E+20,5.62576E+21,7.89255E+15,5.07783E+16
104869,7,1,32,6,2018,5,13,7,3,3,3,0,0,0,0,1,0,0,0,4.19813E+20,5.62479E+21,7.86286E+15,5.07693E+16
104870,7,3,14,0,2018,5,21,6,3,3,6,0,0,1,0,0,0,0,0,4.58274E+20,5.48063E+21,8.424E+15,4.94769E+16
104871,7,1,38,45,2018,5,15,4,3,2,6,0,0,1,0,0,1,0,0,3.95579E+20,5.58787E+21,7.52967E+15,5.04336E+16
104872,7,1,31,77,2018,5,10,6,3,2,6,0,0,1,0,0,1,0,0,3.73221E+20,5.60193E+21,7.21024E+15,5.05555E+16
104873,7,1,33,117,2018,5,9,6,3,2,6,0,0,1,0,0,0,0,0,4.1347E+20,5.52206E+21,7.79647E+15,4.98447E+16
104874,7,1,31,6,2018,5,14,3,3,5,3,0,1,1,0,0,0,0,0,3.7949E+20,5.59652E+21,7.30045E+15,5.05082E+16
104875,7,3,31,47,2018,5,8,6,3,3,6,0,0,1,0,0,1,0,0,4.47409E+20,5.50163E+21,8.27122E+15,4.96649E+16
104876,7,1,41,135,2018,5,11,2,2,8,1,0,0,0,0,1,0,0,0,4.18194E+20,5.57608E+21,7.8506E+15,5.03311E+16
104877,7,3,39,24,2018,5,17,6,3,4,2,0,0,1,0,0,0,0,0,4.53403E+20,5.51603E+21,8.35256E+15,4.9795E+16
104878,7,2,11,0,2018,5,10,3,3,5,3,0,1,1,0,0,0,0,0,3.30884E+20,5.51291E+21,6.65255E+15,4.97449E+16
104879,7,3,39,6,2018,5,16,6,3,2,6,0,0,1,0,0,0,1,0,4.51368E+20,5.5302E+21,8.3225E+15,4.99222E+16
104880,7,2,33,240,2018,5,11,2,3,8,1,0,0,1,0,0,0,0,1,3.23123E+20,5.57854E+21,6.51465E+15,5.03323E+16
104881,7,1,41,502,2018,5,15,1,3,4,1,0,1,1,0,0,0,0,0,4.19311E+20,5.55793E+21,7.87016E+15,5.01681E+16
104882,7,3,15,0,2018,5,13,6,3,8,2,0,1,1,0,0,0,0,0,4.458E+20,5.53665E+21,8.24404E+15,4.99797E+16
104883,7,1,37,221,2018,5,14,5,2,4,6,0,0,1,0,0,0,0,0,4.01685E+20,5.57044E+21,7.62018E+15,5.02779E+16
104884,7,3,31,61,2018,5,20,6,3,2,6,0,0,1,0,1,0,0,0,4.38405E+20,5.5187E+21,8.14377E+15,4.98175E+16
104885,7,1,31,1,2018,5,14,1,2,2,6,0,0,1,0,1,0,0,0,3.5333E+20,5.58311E+21,6.93699E+15,5.03817E+16
104886,7,3,40,52,2018,5,6,6,3,2,6,0,0,1,0,0,0,0,0,3.95311E+20,5.44523E+21,7.56433E+15,4.9151E+16
104887,7,3,15,0,2018,5,16,6,3,3,6,0,0,1,0,0,1,0,0,4.41702E+20,5.53858E+21,8.18659E+15,4.99967E+16
104888,7,3,40,51,2018,5,8,3,3,6,7,0,0,0,1,0,0,1,0,3.98224E+20,5.45806E+21,7.60102E+15,4.92668E+16
104889,7,1,11,0,2018,5,8,6,3,2,6,0,0,1,0,0,0,1,0,3.98402E+20,5.58213E+21,7.57097E+15,5.03825E+16
104890,7,3,39,5,2018,5,12,6,3,2,6,0,0,1,0,0,0,0,0,4.21824E+20,5.53166E+21,7.9107E+15,4.99322E+16
104891,7,1,31,90,2018,5,23,3,2,9,1,2,0,1,0,0,0,0,0,3.66036E+20,5.60433E+21,7.108E+15,5.05755E+16
104892,7,1,40,144,2018,5,15,2,3,0,2,0,0,1,0,1,0,0,0,3.95394E+20,5.54022E+21,7.54021E+15,5.00051E+16
104893,7,1,35,54,2018,5,15,6,3,9,1,0,0,0,0,1,0,0,0,3.75289E+20,5.55056E+21,7.25639E+15,5.00942E+16
104894,7,1,31,52,2018,5,17,2,3,4,6,0,0,1,0,1,0,0,0,3.45512E+20,5.58393E+21,6.82676E+15,5.03871E+16
104895,7,3,34,1,2018,5,23,7,3,2,6,2,0,1,0,1,0,0,0,4.47803E+20,5.4489E+21,8.28362E+15,4.91907E+16
104896,7,2,31,35,2018,5,17,6,3,0,1,0,0,0,0,1,0,0,0,3.56165E+20,5.51543E+21,7.00229E+15,4.97741E+16
104897,7,3,14,0,2018,5,18,4,3,5,3,0,0,1,0,0,0,0,0,4.59121E+20,5.48209E+21,8.43555E+15,4.94901E+16
104898,7,3,39,22,2018,5,17,6,2,5,2,0,0,1,0,1,0,0,0,4.22256E+20,5.52944E+21,7.91716E+15,4.99123E+16
104899,7,1,40,133,2018,5,9,1,3,0,1,0,0,0,0,1,0,0,0,4.06825E+20,5.55645E+21,7.69572E+15,5.01529E+16
104900,7,3,36,67,2018,5,15,6,3,4,6,0,0,1,0,0,0,0,0,3.87376E+20,5.49665E+21,7.44099E+15,4.96119E+16
104901,7,3,35,22,2018,5,13,4,3,5,2,0,0,1,0,0,0,0,0,3.9647E+20,5.47468E+21,7.57259E+15,4.9416E+16
104902,7,1,34,24,2018,5,23,6,2,9,1,2,0,1,0,0,0,0,0,3.67006E+20,5.49787E+21,7.15875E+15,4.96187E+16
104903,7,1,11,0,2018,5,15,1,2,9,1,0,0,0,0,1,0,0,0,4.00817E+20,5.57617E+21,7.60649E+15,5.03293E+16
104904,7,3,13,0,2018,5,18,6,2,4,6,0,0,1,0,0,1,0,0,4.39137E+20,5.44947E+21,8.16462E+15,4.9195E+16
104905,7,2,35,154,2018,5,7,6,2,4,1,0,0,1,0,1,0,0,0,3.16884E+20,5.49441E+21,6.46706E+15,4.95745E+16
104906,7,3,12,0,2018,5,14,3,3,2,2,0,0,1,0,0,0,0,0,4.13281E+20,5.47911E+21,7.80335E+15,4.94584E+16
104907,7,3,35,202,2018,5,17,5,3,8,1,0,0,1,0,0,0,0,1,3.92103E+20,5.47065E+21,7.5135E+15,4.93789E+16
104908,7,3,39,13,2018,5,17,7,2,8,1,0,0,1,0,0,0,0,0,4.4617E+20,5.51424E+21,8.25232E+15,4.97782E+16
104909,7,2,35,151,2018,5,20,6,2,8,1,0,0,0,0,1,0,0,0,3.33302E+20,5.52594E+21,6.68049E+15,4.98627E+16
104910,7,3,36,94,2018,5,10,2,2,2,2,0,0,1,0,1,0,0,0,3.76123E+20,5.48262E+21,7.2897E+15,4.94836E+16
104911,7,3,40,7,2018,5,17,1,3,8,7,0,0,0,0,1,0,0,0,3.98522E+20,5.45704E+21,7.60537E+15,4.92577E+16
104912,7,2,35,141,2018,5,10,6,2,8,1,0,0,0,0,1,0,0,0,3.40285E+20,5.51182E+21,6.78338E+15,4.97377E+16
104913,7,3,38,12,2018,5,7,5,2,2,6,0,0,1,0,1,0,0,0,4.50911E+20,5.48801E+21,8.32145E+15,4.95427E+16
104914,7,1,43,284,2018,5,12,6,3,0,1,0,0,0,0,1,0,0,0,4.28884E+20,5.60548E+21,7.99519E+15,5.05969E+16
104915,7,1,43,59,2018,5,19,2,3,2,6,0,0,1,0,0,0,0,0,4.10115E+20,5.59492E+21,7.7326E+15,5.04994E+16
104916,7,1,33,106,2018,5,17,7,3,4,6,0,0,1,0,0,0,0,0,4.22258E+20,5.51916E+21,7.91926E+15,4.98198E+16
104917,7,1,38,23,2018,5,8,6,3,9,1,0,0,1,0,0,0,0,0,4.04526E+20,5.59464E+21,7.65389E+15,5.04959E+16
104918,7,3,15,0,2018,5,7,4,3,6,4,0,0,1,1,0,0,0,0,4.43992E+20,5.53904E+21,8.21848E+15,5.00011E+16
104919,7,3,18,0,2018,5,15,7,2,5,2,0,1,1,0,0,0,0,0,4.5857E+20,5.46484E+21,8.42973E+15,4.93349E+16
104920,7,2,33,63,2018,5,14,6,2,0,7,0,0,0,1,0,0,1,0,3.4774E+20,5.55942E+21,6.86796E+15,5.01674E+16
104921,7,3,39,59,2018,5,11,7,3,2,6,0,0,1,0,0,0,1,0,4.49037E+20,5.5176E+21,8.2917E+15,4.98087E+16
104922,7,1,32,91,2018,5,14,6,3,3,2,0,0,1,0,0,0,0,0,4.04819E+20,5.62393E+21,7.6505E+15,5.07594E+16
104923,7,3,15,0,2018,5,8,3,3,5,3,0,0,1,0,1,0,0,0,4.44204E+20,5.5421E+21,8.22099E+15,5.00286E+16
104924,7,1,32,46,2018,5,12,6,2,1,6,0,0,1,0,1,0,0,0,3.96852E+20,5.61854E+21,7.53909E+15,5.07095E+16
104925,7,3,38,25,2018,5,14,2,3,1,5,0,1,1,0,0,0,0,0,4.54705E+20,5.46945E+21,8.37602E+15,4.9376E+16
104926,7,2,31,134,2018,5,17,1,2,8,1,0,0,1,0,0,0,0,1,3.51714E+20,5.54112E+21,6.93066E+15,5.0004E+16
104927,7,1,40,36,2018,5,13,6,3,2,6,0,0,1,0,0,0,0,0,3.95613E+20,5.55711E+21,7.53866E+15,5.0157E+16
104928,7,3,38,18,2018,5,19,3,3,0,1,0,1,0,0,0,0,0,0,4.489E+20,5.48132E+21,8.29453E+15,4.94824E+16
104929,7,3,34,13,2018,5,9,7,3,5,3,0,0,1,0,0,0,0,0,4.45315E+20,5.43922E+21,8.2508E+15,4.91034E+16
104930,7,3,17,0,2018,5,23,5,3,4,2,2,0,1,0,1,0,0,0,3.97806E+20,5.45225E+21,7.59675E+15,4.92146E+16
104931,7,3,16,0,2018,5,10,2,2,5,3,0,1,1,0,0,0,0,0,4.46812E+20,5.46171E+21,8.26832E+15,4.93058E+16
104932,7,3,18,0,2018,5,14,1,2,4,1,0,0,1,0,1,0,0,0,4.58359E+20,5.46794E+21,8.42651E+15,4.93627E+16
104933,7,3,35,44,2018,5,15,5,3,8,1,0,0,0,0,1,0,0,0,3.93413E+20,5.48023E+21,7.52897E+15,4.94653E+16
104934,7,2,35,78,2018,5,20,5,3,2,6,0,0,1,0,0,0,0,1,3.3857E+20,5.52013E+21,6.75615E+15,4.98119E+16
104935,7,3,38,19,2018,5,8,5,3,3,6,0,0,1,0,0,0,0,1,4.50556E+20,5.47664E+21,8.31797E+15,4.94404E+16
104936,7,3,15,0,2018,5,7,1,3,0,1,0,0,1,0,0,0,0,0,4.40782E+20,5.5388E+21,8.17373E+15,4.99986E+16
104937,7,3,39,30,2018,5,9,7,3,2,6,0,0,1,0,0,0,0,0,4.30127E+20,5.53679E+21,8.02544E+15,4.99793E+16
104938,7,3,32,13,2018,5,16,5,2,5,2,0,0,1,0,0,0,0,0,4.45842E+20,5.48084E+21,8.25237E+15,4.94778E+16
104939,7,2,33,54,2018,5,8,4,2,8,1,0,0,1,0,0,0,0,1,3.40755E+20,5.57191E+21,6.76498E+15,5.02778E+16
104940,7,3,14,0,2018,5,18,7,3,2,6,0,0,1,0,0,0,0,0,4.59182E+20,5.47905E+21,8.4367E+15,4.94628E+16
104941,7,1,43,276,2018,5,19,6,3,1,6,0,0,1,0,0,0,0,0,4.17247E+20,5.614E+21,7.8289E+15,5.0672E+16
104942,7,3,16,0,2018,5,10,5,3,1,6,0,0,1,0,0,0,0,1,4.39995E+20,5.46768E+21,8.17366E+15,4.93589E+16
104943,7,2,31,8,2018,5,17,3,3,4,1,0,0,1,0,0,0,0,1,3.57013E+20,5.53521E+21,7.00675E+15,4.99521E+16
104944,7,3,34,7,2018,5,8,5,3,3,6,0,0,1,0,0,1,0,1,4.52862E+20,5.45155E+21,8.35274E+15,4.92149E+16
104945,7,3,39,16,2018,5,15,2,2,8,1,0,1,0,0,0,0,0,0,4.32679E+20,5.52852E+21,8.06248E+15,4.99053E+16
104946,7,2,35,501,2018,5,16,1,2,9,1,0,0,1,0,0,0,0,0,3.24518E+20,5.52273E+21,6.55983E+15,4.98313E+16
104947,7,3,14,0,2018,5,8,5,3,0,1,0,1,0,0,0,0,0,1,4.55936E+20,5.47819E+21,8.392E+15,4.94547E+16
104948,7,1,35,79,2018,5,6,5,2,4,6,0,0,1,0,0,1,0,0,3.71609E+20,5.55E+21,7.20516E+15,5.00884E+16
104949,7,3,14,0,2018,5,7,5,3,6,2,0,0,1,1,0,0,0,0,4.57287E+20,5.47875E+21,8.41059E+15,4.94599E+16
104950,7,1,32,25,2018,5,10,1,3,1,3,0,0,1,0,1,0,0,0,4.21272E+20,5.62034E+21,7.8845E+15,5.07295E+16
104951,7,1,37,68,2018,5,13,7,3,6,1,0,0,0,1,0,0,1,0,3.7332E+20,5.57692E+21,7.22009E+15,5.03308E+16
104952,7,3,39,27,2018,5,18,5,3,2,6,0,1,1,0,0,0,0,0,4.36496E+20,5.53827E+21,8.11402E+15,4.99934E+16
104953,7,1,35,83,2018,5,11,4,2,4,2,0,0,1,0,0,0,0,0,3.55327E+20,5.564E+21,6.97238E+15,5.02104E+16
104954,7,3,15,0,2018,5,19,5,2,0,7,0,0,1,0,0,0,0,0,4.4418E+20,5.54109E+21,8.22081E+15,5.00195E+16
104955,7,2,11,0,2018,5,17,5,3,2,6,0,0,1,0,0,0,0,1,3.28986E+20,5.51141E+21,6.62688E+15,4.97309E+16
104956,7,3,15,0,2018,5,15,5,2,5,3,0,0,1,0,0,0,0,0,4.46776E+20,5.53912E+21,8.25731E+15,5.0002E+16
104957,7,2,35,37,2018,5,12,1,3,8,6,0,0,1,0,0,0,0,0,3.36445E+20,5.50822E+21,6.73164E+15,4.97042E+16
104958,7,1,41,60,2018,5,17,7,3,4,6,0,0,1,0,1,0,0,0,4.22659E+20,5.56416E+21,7.91576E+15,5.02245E+16
104959,7,3,39,5,2018,5,16,5,2,1,6,0,0,0,0,0,1,0,0,4.21924E+20,5.53166E+21,7.91209E+15,4.99322E+16
104960,7,1,32,6,2018,5,16,4,3,5,3,0,0,1,0,0,0,0,0,4.19896E+20,5.62759E+21,7.86342E+15,5.07945E+16
104961,7,1,32,76,2018,5,18,6,3,5,2,0,0,1,0,0,0,0,0,4.21193E+20,5.63452E+21,7.88032E+15,5.0857E+16
104962,7,2,32,290,2018,5,8,5,2,3,7,0,0,0,0,0,1,1,0,3.13882E+20,5.56133E+21,6.39339E+15,5.01749E+16
104963,7,1,38,12,2018,5,14,3,3,5,3,0,1,1,0,0,0,0,0,4.05868E+20,5.60003E+21,7.67144E+15,5.05447E+16
104964,7,1,34,45,2018,5,9,5,3,0,5,0,1,1,0,0,0,0,0,3.78501E+20,5.50777E+21,7.31475E+15,4.97102E+16
104965,7,2,11,0,2018,5,14,2,3,0,1,0,0,0,0,1,0,0,0,3.32935E+20,5.51436E+21,6.68037E+15,4.97585E+16
104966,7,1,43,48,2018,5,0,1,3,5,2,2,0,1,0,1,0,0,0,4.17609E+20,5.58778E+21,7.83982E+15,5.04362E+16
104967,7,2,35,94,2018,5,11,5,3,5,2,0,0,1,0,0,0,0,0,3.27391E+20,5.52035E+21,6.6008E+15,4.98107E+16
104968,7,1,11,0,2018,5,10,5,3,6,4,0,0,1,1,0,0,0,0,4.0011E+20,5.57899E+21,7.59581E+15,5.03545E+16
104969,7,2,11,0,2018,5,7,5,3,4,2,0,0,1,0,0,0,0,0,3.28156E+20,5.51303E+21,6.61466E+15,4.97452E+16
104970,7,1,31,90,2018,5,17,1,3,4,1,0,0,1,0,0,0,0,1,3.61049E+20,5.60084E+21,7.03892E+15,5.0543E+16
104971,7,3,32,18,2018,5,13,6,3,2,6,0,0,1,0,0,0,0,0,4.31051E+20,5.46966E+21,8.05017E+15,4.93757E+16
104972,7,2,33,80,2018,5,13,7,3,0,3,0,0,1,0,1,0,0,0,3.36425E+20,5.57248E+21,6.70402E+15,5.02817E+16
104973,7,3,16,0,2018,5,18,7,2,8,1,0,0,0,0,1,0,0,0,4.38537E+20,5.46883E+21,8.15341E+15,4.9369E+16
104974,7,1,38,8,2018,5,17,5,3,5,3,0,0,1,0,0,0,0,0,3.76306E+20,5.60659E+21,7.25222E+15,5.05981E+16
104975,7,3,35,38,2018,5,7,3,3,1,6,0,0,1,0,0,0,0,0,3.93031E+20,5.47534E+21,7.52502E+15,4.94213E+16
104976,7,3,20,0,2018,5,17,5,2,5,3,0,1,1,0,0,0,0,0,3.83707E+20,5.45466E+21,7.40253E+15,4.92336E+16
104977,7,1,32,9,2018,5,6,5,3,2,6,0,0,1,0,0,1,0,0,4.01118E+20,5.61782E+21,7.59969E+15,5.07038E+16
104978,7,3,40,206,2018,5,11,2,3,0,1,0,0,1,0,1,0,0,0,3.87004E+20,5.45623E+21,7.44736E+15,4.92484E+16
104979,7,1,37,228,2018,5,11,2,3,0,7,0,1,0,0,0,0,0,0,3.91033E+20,5.58553E+21,7.46637E+15,5.04117E+16
104980,7,1,37,226,2018,5,22,6,3,0,2,2,1,1,0,0,0,0,0,4.01342E+20,5.58407E+21,7.6118E+15,5.04004E+16
104981,7,1,31,77,2018,5,17,5,3,2,6,0,0,1,0,0,1,0,0,3.75855E+20,5.60191E+21,7.24741E+15,5.05559E+16
104982,7,1,37,89,2018,5,18,3,3,4,1,0,0,1,0,0,1,0,1,3.79585E+20,5.57377E+21,7.30908E+15,5.03037E+16
104983,7,1,31,202,2018,5,16,5,3,5,3,0,0,1,0,0,0,0,0,3.78124E+20,5.59091E+21,7.28302E+15,5.04576E+16
104984,7,1,43,51,2018,5,6,2,3,5,3,0,0,1,0,0,0,0,0,4.23952E+20,5.58657E+21,7.92937E+15,5.04262E+16
104985,7,3,20,0,2018,5,10,7,3,0,5,0,1,1,0,0,0,0,0,3.81579E+20,5.4572E+21,7.37257E+15,4.92561E+16
104986,7,1,40,501,2018,5,17,5,3,5,2,0,0,1,0,0,0,0,0,3.98838E+20,5.56493E+21,7.5817E+15,5.02279E+16
104987,7,3,37,49,2018,5,14,4,3,6,6,0,0,1,1,0,0,0,0,4.28489E+20,5.44363E+21,8.01953E+15,4.91413E+16
104988,7,1,11,0,2018,5,9,5,3,1,6,0,0,1,0,0,0,0,0,3.99642E+20,5.58056E+21,7.58882E+15,5.03685E+16
104989,7,3,40,206,2018,5,19,7,2,2,6,0,0,1,0,0,0,0,0,3.84318E+20,5.45437E+21,7.41101E+15,4.92311E+16
104990,7,3,38,26,2018,5,7,6,3,5,3,0,0,1,0,0,0,0,0,4.58783E+20,5.47208E+21,8.43192E+15,4.94E+16
104991,7,2,33,80,2018,5,11,7,3,1,6,0,0,1,0,0,0,0,0,3.3725E+20,5.57225E+21,6.71568E+15,5.02799E+16
104992,7,1,11,0,2018,5,6,5,3,3,6,0,0,1,0,0,0,0,0,3.99601E+20,5.58063E+21,7.58823E+15,5.03692E+16
104993,7,3,32,2,2018,5,11,3,2,5,3,0,0,1,0,1,0,0,0,4.40227E+20,5.47973E+21,8.17503E+15,4.94672E+16
104994,7,3,12,0,2018,5,7,5,3,2,6,0,0,1,0,0,0,0,0,4.10093E+20,5.47214E+21,7.76095E+15,4.93953E+16