OBJECTID_1,ULAND,UREGBEZ,UKREIS,UGEMEINDE,UJAHR,UMONAT,USTUNDE,UWOCHENTAG,UKATEGORIE,UART,UTYP1,ULICHTVERH,IstRad,IstPKW,IstFuss,IstKrad,IstGkfz,IstSonstig,STRZUSTAND,LINREFX,LINREFY,XGCSWGS84,YGCSWGS84
105368,7,3,35,38,2018,6,17,5,3,1,6,0,0,1,0,0,0,0,0,4.0027E+20,5.47754E+21,7.62425E+15,4.94423E+16
105369,7,2,32,40,2018,6,15,7,3,2,2,0,0,0,0,1,0,0,0,3.03461E+20,5.53535E+21,6.26095E+15,4.99381E+16
105370,7,1,31,6,2018,6,11,2,3,9,1,0,0,1,0,0,0,0,1,3.79416E+20,5.59417E+21,7.30016E+15,5.04871E+16
105371,7,2,35,114,2018,6,19,7,3,9,1,0,0,1,0,0,0,0,0,3.46402E+20,5.5036E+21,6.87145E+15,4.96654E+16
105372,7,3,15,0,2018,6,8,3,3,5,3,0,1,1,0,0,0,0,0,4.45371E+20,5.54145E+21,8.23738E+15,5.00229E+16
105373,7,2,11,0,2018,5,2,5,3,8,1,2,0,1,0,0,0,0,1,3.2914E+20,5.51229E+21,6.62863E+15,4.97388E+16
105374,7,1,35,66,2018,6,15,1,3,5,2,0,1,0,0,1,0,0,0,3.82577E+20,5.56061E+21,7.35516E+15,5.01861E+16
105375,7,3,18,0,2018,6,8,2,3,2,6,0,0,1,0,0,0,1,0,4.60029E+20,5.46412E+21,8.44989E+15,4.93285E+16
105376,7,1,38,66,2018,5,5,5,3,8,1,0,0,1,0,0,0,0,0,3.98327E+20,5.59764E+21,7.5657E+15,5.05219E+16
105377,7,1,32,6,2018,5,17,5,3,8,1,0,1,1,0,0,0,0,0,4.20368E+20,5.62635E+21,7.87038E+15,5.07835E+16
105378,7,2,33,29,2018,6,11,7,2,9,1,0,0,0,0,1,0,0,0,3.32069E+20,5.57526E+21,6.64169E+15,5.03055E+16
105379,7,1,41,41,2018,6,7,5,3,2,6,0,0,1,0,0,0,0,0,4.05962E+20,5.57719E+21,7.6785E+15,5.03393E+16
105380,7,1,43,286,2018,6,16,1,2,4,6,0,0,1,0,0,0,0,0,4.34677E+20,5.60803E+21,8.07657E+15,5.06205E+16
105381,7,3,34,501,2018,6,15,2,3,3,6,0,0,1,0,0,1,0,0,4.46877E+20,5.43211E+21,8.27312E+15,4.90396E+16
105382,7,1,32,41,2018,5,14,5,2,9,1,0,0,1,0,0,0,0,0,3.97493E+20,5.61477E+21,7.54921E+15,5.06758E+16
105383,7,1,35,20,2018,5,11,5,2,5,3,0,0,1,0,1,0,0,0,3.68984E+20,5.55671E+21,7.16619E+15,5.01481E+16
105384,7,1,31,58,2018,6,12,2,2,1,6,0,0,1,0,0,0,0,0,3.55081E+20,5.57892E+21,6.96322E+15,5.03445E+16
105385,7,3,37,9,2018,6,19,6,3,4,1,0,0,0,0,0,0,1,0,4.30231E+20,5.45052E+21,8.04221E+15,4.92035E+16
105386,7,1,31,6,2018,5,15,5,3,2,6,0,0,1,0,0,0,0,0,3.78822E+20,5.59761E+21,7.29068E+15,5.05179E+16
105387,7,3,15,0,2018,6,21,4,3,5,3,2,0,1,0,0,0,0,0,4.4714E+20,5.53928E+21,8.26236E+15,5.00035E+16
105388,7,1,31,14,2018,5,14,5,3,1,5,0,0,1,0,0,0,0,0,3.81371E+20,5.59347E+21,7.32793E+15,5.04812E+16
105389,7,1,38,65,2018,6,15,1,3,8,1,0,0,1,0,0,0,0,0,3.8855E+20,5.60232E+21,7.42644E+15,5.05622E+16
105390,7,3,32,24,2018,6,17,5,3,5,3,0,0,1,0,0,0,0,0,4.41328E+20,5.49058E+21,8.18861E+15,4.9565E+16
105391,7,2,31,20,2018,6,15,7,3,4,1,0,0,1,0,1,0,0,0,3.5241E+20,5.54392E+21,6.93929E+15,5.00293E+16
105392,7,1,37,215,2018,6,7,2,3,9,1,0,0,1,0,0,0,0,0,3.85013E+20,5.55843E+21,7.38992E+15,5.01669E+16
105393,7,2,32,226,2018,6,6,3,3,2,6,0,0,1,0,0,0,0,0,3.19457E+20,5.56576E+21,6.46928E+15,5.02164E+16
105394,7,1,31,39,2018,5,18,5,3,8,1,0,0,0,0,1,0,0,0,3.59905E+20,5.59407E+21,7.02532E+15,5.04819E+16
105395,7,1,37,212,2018,6,16,1,2,8,1,0,0,0,0,1,0,0,0,3.89755E+20,5.57431E+21,7.45167E+15,5.03106E+16
105396,7,3,14,0,2018,6,17,2,3,2,6,0,0,0,0,0,0,1,0,4.54095E+20,5.48099E+21,8.36628E+15,4.94798E+16
105397,7,1,31,17,2018,5,21,5,2,8,1,0,0,0,0,1,0,0,0,3.6085E+20,5.60022E+21,7.03634E+15,5.05373E+16
105398,7,1,40,62,2018,5,13,5,3,5,3,0,0,1,0,0,0,0,0,3.82698E+20,5.53969E+21,7.36326E+15,4.9998E+16
105399,7,1,37,202,2018,6,14,2,3,2,6,0,0,0,0,0,1,1,0,3.90131E+20,5.57773E+21,7.45596E+15,5.03414E+16
105400,7,2,31,123,2018,6,21,6,2,9,1,2,0,1,0,0,0,0,0,3.56031E+20,5.51417E+21,7.0009E+15,4.97627E+16
105401,7,1,40,1,2018,5,12,5,3,8,7,0,0,1,0,0,0,0,0,3.89764E+20,5.54343E+21,7.46075E+15,5.0033E+16
105402,7,1,35,24,2018,6,11,4,3,5,2,0,0,0,0,1,0,1,0,3.68073E+20,5.55085E+21,7.15547E+15,5.00952E+16
105403,7,1,40,31,2018,5,16,5,2,5,3,0,0,1,0,1,0,0,0,3.98435E+20,5.55728E+21,7.5781E+15,5.0159E+16
105404,7,3,40,223,2018,5,18,4,3,8,1,0,0,1,0,0,0,0,0,3.86566E+20,5.46778E+21,7.43806E+15,4.93521E+16
105405,7,1,40,50,2018,6,12,2,3,4,1,0,0,1,0,0,1,0,0,3.92044E+20,5.52679E+21,7.49723E+15,4.98837E+16
105406,7,1,33,6,2018,6,19,6,3,4,6,0,0,1,0,0,0,0,0,4.19336E+20,5.52386E+21,7.87767E+15,4.98617E+16
105407,7,3,20,0,2018,5,11,4,3,5,2,0,0,1,0,0,0,1,0,3.80946E+20,5.45594E+21,7.36424E+15,4.92446E+16
105408,7,2,35,125,2018,6,10,4,3,2,7,0,0,0,0,1,0,1,0,3.37051E+20,5.52105E+21,6.73467E+15,4.98197E+16
105409,7,3,36,31,2018,5,10,4,3,2,6,0,0,1,0,0,0,0,0,3.86319E+20,5.4812E+21,7.43083E+15,4.94728E+16
105410,7,3,40,27,2018,6,15,7,2,8,1,0,0,0,0,1,0,0,0,4.15353E+20,5.46119E+21,7.83574E+15,4.92976E+16
105411,7,3,38,5,2018,6,8,5,2,4,6,0,0,1,0,0,0,1,0,4.51802E+20,5.46967E+21,8.336E+15,4.93779E+16
105412,7,3,12,0,2018,6,11,1,2,5,2,0,1,1,0,0,0,0,0,4.09781E+20,5.47798E+21,7.75532E+15,4.94478E+16
105413,7,2,11,0,2018,6,4,3,3,9,2,2,0,1,0,0,0,0,0,3.31282E+20,5.51498E+21,6.65717E+15,4.97636E+16
105414,7,3,33,502,2018,5,19,4,3,9,1,0,0,1,0,1,0,0,0,4.2071E+20,5.49913E+21,7.90181E+15,4.96395E+16
105415,7,3,34,17,2018,6,15,7,3,5,3,0,0,1,0,0,0,1,0,4.52636E+20,5.45565E+21,8.34915E+15,4.92517E+16
105416,7,1,33,6,2018,6,16,2,3,8,1,0,1,0,0,0,0,0,0,4.16434E+20,5.52276E+21,7.83754E+15,4.98514E+16
105417,7,3,35,27,2018,5,13,4,2,2,2,0,0,1,0,1,0,0,0,3.95543E+20,5.47103E+21,7.56078E+15,4.9383E+16
105418,7,3,35,4,2018,5,13,4,3,7,7,0,1,0,1,0,0,0,0,4.20154E+20,5.48237E+21,7.89752E+15,4.94887E+16
105419,7,3,32,43,2018,6,18,1,2,5,3,0,0,1,0,1,0,0,0,4.42625E+20,5.47215E+21,8.20922E+15,4.93993E+16
105420,7,1,41,109,2018,6,12,6,3,4,1,0,0,1,0,1,0,0,0,4.09566E+20,5.55626E+21,7.73413E+15,5.01517E+16
105421,7,3,35,41,2018,5,13,4,2,8,1,0,0,0,0,1,0,0,0,4.06592E+20,5.48986E+21,7.70853E+15,4.95542E+16
105422,7,3,15,0,2018,6,16,2,3,1,6,0,0,1,0,0,0,1,1,4.47862E+20,5.53751E+21,8.27268E+15,4.99876E+16
105423,7,1,43,286,2018,6,22,7,3,8,7,2,0,1,0,0,0,0,0,4.33879E+20,5.60786E+21,8.06533E+15,5.06189E+16
105424,7,3,15,0,2018,6,21,7,3,4,2,0,0,1,0,0,0,0,0,4.46018E+20,5.53889E+21,8.24676E+15,4.99999E+16
105425,7,3,32,24,2018,6,17,3,2,4,7,0,0,1,0,0,0,0,0,4.38308E+20,5.49159E+21,8.14671E+15,4.95737E+16
105426,7,3,32,40,2018,5,19,4,3,4,6,0,0,1,0,0,0,0,0,4.42565E+20,5.49131E+21,8.20562E+15,4.95717E+16
105427,7,3,15,0,2018,6,8,5,3,2,6,0,0,1,0,0,0,1,0,4.5069E+20,5.53629E+21,8.31228E+15,4.99769E+16
105428,7,2,31,127,2018,6,20,1,3,9,1,2,0,1,0,0,0,0,1,3.4767E+20,5.55086E+21,6.87039E+15,5.00904E+16
105429,7,3,35,22,2018,6,7,2,3,2,1,0,0,1,0,0,0,0,0,3.94751E+20,5.47343E+21,7.54924E+15,4.94044E+16
105430,7,3,16,0,2018,5,13,4,3,8,7,0,0,1,0,0,0,0,0,4.39545E+20,5.47083E+21,8.16699E+15,4.93871E+16
105431,7,3,12,0,2018,6,11,7,3,1,6,0,0,1,0,0,0,1,0,4.12657E+20,5.47777E+21,7.79504E+15,4.94463E+16
105432,7,3,33,26,2018,6,8,5,2,5,3,0,0,1,0,0,0,0,0,4.29847E+20,5.49375E+21,8.0293E+15,4.95923E+16
105433,7,3,34,13,2018,6,1,1,3,2,6,2,0,0,0,1,1,0,0,4.39751E+20,5.44112E+21,8.17429E+15,4.91199E+16
105434,7,1,32,115,2018,6,17,3,2,5,3,0,1,1,0,0,0,0,0,3.9739E+20,5.61915E+21,7.54654E+15,5.07151E+16
105435,7,3,34,12,2018,5,16,4,3,2,6,0,0,1,0,0,0,0,0,4.48385E+20,5.43677E+21,8.29316E+15,4.90816E+16
105436,7,3,31,71,2018,6,15,7,3,2,6,0,0,1,0,0,1,0,0,4.47048E+20,5.5046E+21,8.26582E+15,4.96916E+16
105437,7,3,39,32,2018,6,6,2,3,2,6,0,0,1,0,0,1,0,0,4.44348E+20,5.53347E+21,8.22426E+15,4.9951E+16
105438,7,1,32,25,2018,6,10,7,3,2,2,0,0,1,0,0,0,0,0,4.22395E+20,5.62E+21,7.90047E+15,5.07266E+16
105439,7,3,37,58,2018,5,23,4,3,9,7,2,0,1,0,0,0,0,0,4.30916E+20,5.4386E+21,8.05365E+15,4.90964E+16
105440,7,1,32,65,2018,6,16,5,2,9,1,0,0,1,0,0,0,0,1,3.93749E+20,5.60361E+21,7.49944E+15,5.05747E+16
105441,7,3,18,0,2018,5,16,4,3,2,6,0,1,1,0,0,0,0,0,4.58084E+20,5.46507E+21,8.42303E+15,4.93369E+16
105442,7,3,19,0,2018,6,16,1,3,2,6,0,0,1,0,0,0,0,0,4.52917E+20,5.49739E+21,8.34806E+15,4.96272E+16
105443,7,1,32,50,2018,6,12,6,2,2,6,0,0,1,0,1,0,0,0,4.26714E+20,5.62615E+21,7.96042E+15,5.07825E+16
105444,7,3,18,0,2018,5,12,4,3,0,1,0,1,0,0,0,0,0,0,4.58664E+20,5.46291E+21,8.43123E+15,4.93175E+16
105445,7,2,32,34,2018,6,14,2,1,6,4,0,0,0,1,0,1,0,0,3.23293E+20,5.53222E+21,6.53849E+15,4.99162E+16
105446,7,1,43,200,2018,6,20,7,3,2,2,0,0,1,0,0,0,1,0,4.24997E+20,5.60571E+21,7.94022E+15,5.05985E+16
105447,7,3,38,23,2018,6,23,3,3,1,1,2,0,1,0,0,0,0,0,4.57089E+20,5.46072E+21,8.40979E+15,4.92977E+16
105448,7,3,38,17,2018,5,16,4,3,2,6,0,0,1,0,0,0,1,0,4.56054E+20,5.47488E+21,8.394E+15,4.9425E+16
105449,7,2,11,0,2018,6,8,5,3,5,3,0,0,1,0,0,1,0,0,3.34669E+20,5.52083E+21,6.70168E+15,4.98171E+16
105450,7,1,33,77,2018,6,0,1,3,8,1,2,0,1,0,0,0,0,1,3.92534E+20,5.50734E+21,7.50943E+15,4.9709E+16
105451,7,2,35,68,2018,6,16,7,3,8,1,0,1,0,0,0,0,0,0,3.25116E+20,5.50785E+21,6.57482E+15,4.96977E+16
105452,7,3,35,26,2018,6,9,2,3,5,3,0,0,1,0,0,0,0,0,4.16431E+20,5.48364E+21,7.84585E+15,4.94996E+16
105453,7,3,38,25,2018,5,8,4,3,5,3,0,0,1,0,0,0,1,0,4.53648E+20,5.47032E+21,8.36135E+15,4.93838E+16
105454,7,3,11,0,2018,5,14,4,3,3,6,0,0,1,0,0,0,0,0,4.54171E+20,5.48682E+21,8.36665E+15,4.95322E+16
105455,7,1,38,19,2018,6,8,2,3,4,6,0,0,1,0,0,0,0,0,3.75822E+20,5.60466E+21,7.24603E+15,5.05806E+16
105456,7,3,32,1,2018,6,8,6,2,8,1,0,0,1,0,0,0,0,0,4.30346E+20,5.48353E+21,8.03801E+15,4.95004E+16
105457,7,3,11,0,2018,5,13,4,3,5,3,0,0,1,0,0,0,0,0,4.54109E+20,5.48751E+21,8.36572E+15,4.95385E+16
105458,7,1,41,68,2018,6,14,7,3,6,4,0,0,0,1,1,0,0,0,4.26735E+20,5.56852E+21,7.97206E+15,5.02642E+16
105459,7,3,31,8,2018,6,12,4,2,8,1,0,0,0,0,1,0,0,0,4.34642E+20,5.51428E+21,8.09221E+15,4.97774E+16
105460,7,3,14,0,2018,5,11,4,3,1,2,0,0,1,0,0,0,0,0,4.58268E+20,5.48043E+21,8.42394E+15,4.94751E+16
105461,7,2,11,0,2018,6,19,1,2,3,6,0,0,1,0,1,0,0,0,3.30497E+20,5.51393E+21,6.64674E+15,4.97539E+16
105462,7,3,35,48,2018,6,11,5,3,9,1,0,0,1,0,0,0,0,1,4.17987E+20,5.47368E+21,7.86939E+15,4.94102E+16
105463,7,2,31,110,2018,6,16,7,2,8,1,0,0,0,0,1,0,0,0,3.64089E+20,5.54487E+21,7.10193E+15,5.00406E+16
105464,7,1,33,6,2018,5,14,4,3,5,6,0,0,1,0,1,0,0,0,4.20476E+20,5.52323E+21,7.89365E+15,4.98562E+16
105465,7,2,32,320,2018,6,11,2,2,2,2,0,0,0,0,1,1,0,0,3.11703E+20,5.56259E+21,6.36229E+15,5.01855E+16
105466,7,1,11,0,2018,6,14,7,3,2,2,0,0,1,0,1,0,0,0,4.01784E+20,5.58004E+21,7.61906E+15,5.03643E+16
105467,7,3,33,19,2018,5,7,4,3,5,3,0,0,1,0,1,0,0,0,4.3305E+20,5.48944E+21,8.07435E+15,4.95538E+16
105468,7,3,12,0,2018,6,15,4,3,8,1,0,0,0,0,1,0,0,1,4.0925E+20,5.47451E+21,7.74879E+15,4.94165E+16
105469,7,3,31,4,2018,5,0,4,2,7,1,2,0,0,0,1,0,0,0,4.31398E+20,5.51609E+21,8.04684E+15,4.97933E+16
105470,7,2,32,88,2018,6,5,1,3,8,1,1,0,1,0,0,0,0,0,3.04968E+20,5.54512E+21,6.27696E+15,5.00265E+16
105471,7,3,40,57,2018,6,17,5,2,8,1,0,0,0,0,1,0,0,0,4.17631E+20,5.45949E+21,7.86742E+15,4.92827E+16
105472,7,1,43,304,2018,6,13,2,3,5,3,0,0,1,0,0,0,0,0,4.25941E+20,5.59248E+21,7.95619E+15,5.04797E+16
105473,7,1,41,91,2018,6,11,7,2,8,1,0,0,0,0,1,0,0,0,4.16E+20,5.57388E+21,7.82027E+15,5.0311E+16
105474,7,3,14,0,2018,6,8,3,3,3,2,0,0,0,0,1,0,1,0,4.5955E+20,5.48187E+21,8.44149E+15,4.94881E+16
105475,7,3,31,2,2018,5,15,4,3,5,3,0,0,1,0,0,0,0,0,4.532E+20,5.51334E+21,8.35007E+15,4.97707E+16
105476,7,1,43,25,2018,6,16,5,1,9,1,0,0,1,0,0,0,0,0,4.13216E+20,5.60765E+21,7.77335E+15,5.06143E+16
105477,7,1,38,12,2018,6,12,1,2,5,3,0,0,1,0,1,0,0,0,4.04254E+20,5.60148E+21,7.64831E+15,5.05574E+16
105478,7,3,34,28,2018,6,8,2,3,2,6,0,0,1,0,0,0,0,0,4.5239E+20,5.45841E+21,8.34545E+15,4.92766E+16
105479,7,3,19,0,2018,5,7,4,3,5,3,0,1,1,0,0,0,0,0,4.53477E+20,5.50525E+21,8.35487E+15,4.9698E+16
105480,7,3,15,0,2018,5,13,4,3,5,3,0,1,1,0,0,0,0,0,4.4649E+20,5.53863E+21,8.25339E+15,4.99976E+16
105481,7,1,37,89,2018,6,22,2,3,8,1,0,0,1,0,0,0,0,0,3.80382E+20,5.57266E+21,7.32061E+15,5.02939E+16
105482,7,3,37,61,2018,6,12,6,3,4,7,0,0,1,0,0,0,0,0,4.4095E+20,5.4513E+21,8.18922E+15,4.92116E+16
105483,7,3,15,0,2018,5,13,4,3,5,3,0,1,0,0,0,0,1,0,4.50678E+20,5.53451E+21,8.31234E+15,4.99609E+16
105484,7,1,32,37,2018,6,20,7,3,9,1,0,0,0,0,1,0,0,0,4.15926E+20,5.63416E+21,7.8056E+15,5.08531E+16
105485,7,2,32,223,2018,6,14,4,2,5,2,0,0,1,0,0,0,0,0,3.21644E+20,5.5661E+21,6.49975E+15,5.02202E+16
105486,7,3,31,73,2018,5,14,4,2,2,6,0,0,1,0,0,1,0,0,4.38403E+20,5.51877E+21,8.14373E+15,4.98182E+16
105487,7,1,37,69,2018,6,16,1,3,5,3,0,0,1,0,0,0,0,0,3.7707E+20,5.58262E+21,7.27089E+15,5.03828E+16
105488,7,3,13,0,2018,6,13,5,3,6,6,0,1,0,1,0,0,0,0,4.37101E+20,5.45042E+21,8.13653E+15,4.92034E+16
105489,7,1,11,0,2018,6,16,2,3,2,6,0,0,1,0,0,0,1,0,3.98709E+20,5.58076E+21,7.57565E+15,5.03702E+16
105490,7,1,32,32,2018,6,17,7,2,9,1,0,0,1,0,1,0,0,0,3.95915E+20,5.60989E+21,7.52826E+15,5.06316E+16
105491,7,2,35,68,2018,6,17,3,3,4,6,0,0,1,0,1,0,0,0,3.24477E+20,5.5081E+21,6.56586E+15,4.96998E+16
105492,7,3,39,5,2018,5,17,4,2,2,6,0,0,1,0,1,0,0,0,4.22316E+20,5.53162E+21,7.91756E+15,4.99319E+16
105493,7,3,32,25,2018,6,16,7,3,4,6,0,1,0,0,0,0,0,0,4.48014E+20,5.46769E+21,8.28408E+15,4.93597E+16
105494,7,1,37,25,2018,6,10,2,3,5,3,0,0,1,0,0,0,0,1,3.73358E+20,5.57989E+21,7.21962E+15,5.03575E+16
105495,7,2,31,25,2018,6,14,3,3,2,1,0,0,1,0,1,1,0,0,3.46746E+20,5.55472E+21,6.85593E+15,5.01249E+16
105496,7,1,35,92,2018,5,18,4,3,8,1,0,0,1,0,0,0,0,0,3.68903E+20,5.54245E+21,7.16994E+15,5.00199E+16
105497,7,1,31,58,2018,6,2,1,3,8,1,2,0,1,0,0,0,0,1,3.51946E+20,5.57634E+21,6.9202E+15,5.03206E+16
105498,7,3,38,8,2018,6,15,2,3,5,3,0,1,1,0,0,0,0,0,4.48405E+20,5.47957E+21,8.28792E+15,4.94666E+16
105499,7,2,31,24,2018,5,11,4,3,8,1,0,0,0,0,1,1,0,0,3.44177E+20,5.53337E+21,6.82869E+15,4.99324E+16
105500,7,1,34,35,2018,5,16,4,3,8,1,0,0,1,0,0,0,0,0,3.83864E+20,5.52601E+21,7.38365E+15,4.98752E+16
105501,7,1,11,0,2018,6,20,2,3,0,1,0,1,0,0,0,0,0,0,3.97305E+20,5.57919E+21,7.55635E+15,5.03558E+16
105502,7,3,31,73,2018,6,1,6,2,9,1,2,0,1,0,0,0,0,1,4.35905E+20,5.52271E+21,8.10836E+15,4.98534E+16
105503,7,2,35,101,2018,5,23,4,2,8,1,2,0,1,0,0,0,0,1,3.18316E+20,5.50245E+21,6.48313E+15,4.96472E+16
105504,7,1,35,20,2018,6,11,7,2,8,6,0,0,0,0,1,0,0,0,3.69203E+20,5.55495E+21,7.16985E+15,5.01323E+16
105505,7,1,41,85,2018,6,14,4,3,4,6,0,0,1,0,0,0,0,0,4.16519E+20,5.56534E+21,7.82944E+15,5.02343E+16
105506,7,2,35,118,2018,5,12,4,3,0,3,0,0,1,0,0,0,0,0,3.21948E+20,5.49671E+21,6.53599E+15,4.95968E+16
105507,7,3,40,2,2018,6,13,7,2,9,1,0,0,1,0,1,0,0,0,4.16741E+20,5.44146E+21,7.85893E+15,4.91203E+16
105508,7,3,14,0,2018,6,17,5,3,4,6,0,1,0,0,0,0,0,0,4.58426E+20,5.47822E+21,8.42636E+15,4.94552E+16
105509,7,3,16,0,2018,6,15,1,3,0,1,0,1,0,0,0,0,0,0,4.39431E+20,5.47035E+21,8.16548E+15,4.93829E+16
105510,7,1,41,26,2018,6,11,3,3,8,1,0,0,1,0,0,0,0,0,4.12414E+20,5.56816E+21,7.77124E+15,5.02591E+16
105511,7,1,43,286,2018,5,17,4,3,2,6,0,0,1,0,0,0,0,0,4.34516E+20,5.60749E+21,8.07439E+15,5.06156E+16
105512,7,1,33,109,2018,6,18,7,3,2,6,0,0,1,0,0,0,1,0,4.10893E+20,5.52719E+21,7.75946E+15,4.98905E+16
105513,7,3,31,31,2018,6,17,2,3,4,6,0,0,1,0,0,0,0,0,4.40361E+20,5.5106E+21,8.17219E+15,4.97449E+16
105514,7,1,34,36,2018,6,22,7,3,9,1,2,0,1,0,0,0,0,1,3.74216E+20,5.49743E+21,7.25867E+15,4.96163E+16
105515,7,1,43,294,2018,5,22,4,3,8,1,2,0,1,0,0,0,0,0,4.14468E+20,5.60559E+21,7.79151E+15,5.05959E+16
105516,7,1,41,62,2018,5,19,4,3,4,6,0,0,0,0,1,0,0,0,4.20741E+20,5.58077E+21,7.88539E+15,5.03737E+16
105517,7,3,18,0,2018,6,17,1,2,5,3,0,1,0,0,0,0,1,0,4.59731E+20,5.46263E+21,8.44594E+15,4.9315E+16
105518,7,1,38,12,2018,6,17,6,2,5,3,0,0,1,0,1,0,0,0,4.05264E+20,5.60101E+21,7.66268E+15,5.05533E+16
105519,7,1,43,48,2018,5,10,4,3,2,2,0,0,1,0,1,0,0,0,4.16972E+20,5.58819E+21,7.83075E+15,5.04399E+16
105520,7,3,14,0,2018,6,9,2,3,5,3,0,0,1,0,0,0,0,0,4.58211E+20,5.48045E+21,8.42315E+15,4.94752E+16
105521,7,1,38,75,2018,5,18,4,2,5,3,0,0,1,0,0,0,0,0,3.82085E+20,5.60917E+21,7.33302E+15,5.06225E+16
105522,7,1,32,117,2018,5,9,4,3,4,6,0,0,1,0,1,0,0,0,4.08664E+20,5.62605E+21,7.70448E+15,5.0779E+16
105523,7,3,35,204,2018,6,13,1,2,9,1,0,0,0,0,1,0,0,0,4.05161E+20,5.46699E+21,7.69423E+15,4.93483E+16
105524,7,2,11,0,2018,6,13,6,3,3,6,0,0,1,0,0,1,0,0,3.32035E+20,5.51588E+21,6.66723E+15,4.97719E+16
105525,7,1,32,501,2018,5,17,4,3,2,6,0,0,1,0,1,0,0,0,4.0305E+20,5.61618E+21,7.62747E+15,5.06893E+16
105526,7,3,33,39,2018,6,13,2,3,8,1,0,0,1,0,0,0,0,1,4.26962E+20,5.50331E+21,7.9876E+15,4.96779E+16
105527,7,1,31,58,2018,6,17,7,3,0,1,0,0,0,0,0,0,1,0,3.55331E+20,5.57907E+21,6.96668E+15,5.03459E+16
105528,7,1,31,6,2018,6,7,4,3,5,2,0,1,1,0,0,0,0,0,3.79403E+20,5.59663E+21,7.29918E+15,5.05092E+16
105529,7,1,32,58,2018,5,16,4,3,6,4,0,0,1,1,0,0,0,0,4.09001E+20,5.62008E+21,7.71073E+15,5.07254E+16
105530,7,3,37,49,2018,6,6,7,2,8,1,0,0,0,0,1,0,0,0,4.25626E+20,5.44412E+21,7.98018E+15,4.91454E+16
105531,7,3,39,43,2018,6,20,5,3,4,6,1,0,1,0,0,0,0,0,4.52737E+20,5.52488E+21,8.34222E+15,4.98745E+16
105532,7,3,39,27,2018,6,14,1,3,2,6,0,0,1,0,0,0,0,0,4.35259E+20,5.53867E+21,8.0967E+15,4.99968E+16
105533,7,1,11,0,2018,6,11,3,2,8,1,0,0,1,0,1,0,0,0,3.99513E+20,5.58079E+21,7.58695E+15,5.03706E+16
105534,7,1,32,501,2018,5,16,4,3,2,2,0,0,1,0,0,0,0,0,4.03735E+20,5.61587E+21,7.63724E+15,5.06867E+16
105535,7,3,31,55,2018,6,11,7,3,2,2,0,0,1,0,0,0,0,0,4.51298E+20,5.50596E+21,8.32458E+15,4.97041E+16
105536,7,3,31,30,2018,6,13,2,3,4,2,0,0,0,0,1,1,0,0,4.27567E+20,5.52095E+21,7.99272E+15,4.98366E+16
105537,7,1,31,73,2018,6,6,7,2,3,6,0,1,0,0,0,0,1,0,3.67328E+20,5.59512E+21,7.12952E+15,5.0493E+16
105538,7,1,38,45,2018,5,10,4,3,4,2,0,0,1,0,1,0,0,0,3.97095E+20,5.58726E+21,7.55119E+15,5.04283E+16
105539,7,3,40,34,2018,6,16,4,3,0,1,0,0,1,0,1,0,0,0,4.12124E+20,5.43686E+21,7.79667E+15,4.90784E+16
105540,7,1,37,55,2018,5,18,4,3,2,7,0,0,1,0,0,0,0,0,3.76546E+20,5.57862E+21,7.26484E+15,5.03467E+16
105541,7,3,31,66,2018,6,3,1,3,0,1,2,0,0,0,1,0,0,0,4.40283E+20,5.4984E+21,8.17298E+15,4.96352E+16
105542,7,1,38,45,2018,6,15,6,3,2,2,0,0,1,0,0,0,0,0,3.96397E+20,5.58688E+21,7.54147E+15,5.04248E+16
105543,7,2,35,58,2018,6,12,2,3,2,6,0,0,1,0,0,0,0,1,3.44818E+20,5.50162E+21,6.85029E+15,4.96472E+16
105544,7,1,31,79,2018,6,17,7,2,0,1,0,0,0,0,1,0,0,0,3.4522E+20,5.58048E+21,6.82408E+15,5.0356E+16
105545,7,3,38,14,2018,6,18,3,3,2,2,0,0,1,0,0,0,0,0,4.4804E+20,5.47435E+21,8.28357E+15,4.94196E+16
105546,7,1,37,68,2018,5,16,4,3,2,6,0,0,1,0,0,0,0,0,3.76561E+20,5.57706E+21,7.26556E+15,5.03327E+16
105547,7,1,41,6,2018,6,9,5,3,1,6,0,0,1,0,0,0,0,0,4.09765E+20,5.57514E+21,7.73242E+15,5.03214E+16
105548,7,2,11,0,2018,6,12,1,3,3,2,0,1,1,0,0,0,0,0,3.33417E+20,5.51632E+21,6.68622E+15,4.97762E+16
105549,7,3,32,24,2018,6,7,2,2,9,6,0,0,1,0,0,0,0,0,4.39267E+20,5.48929E+21,8.16032E+15,4.95532E+16
105550,7,3,39,27,2018,6,19,2,2,8,1,0,0,1,0,0,0,0,1,4.37435E+20,5.53908E+21,8.12698E+15,5.00007E+16
105551,7,1,31,7,2018,6,15,7,2,5,3,0,1,1,0,0,0,0,0,3.66863E+20,5.60158E+21,7.12066E+15,5.0551E+16
105552,7,3,34,7,2018,6,7,3,3,0,1,0,1,0,0,0,0,0,0,4.53658E+20,5.45044E+21,8.36379E+15,4.9205E+16
105553,7,1,40,125,2018,5,11,4,3,5,3,0,0,1,0,0,0,0,0,4.04971E+20,5.54007E+21,7.67386E+15,5.00054E+16
105554,7,2,32,88,2018,6,12,5,3,9,1,0,0,0,0,1,0,0,1,3.07002E+20,5.54181E+21,6.307E+15,4.99973E+16