OBJECTID_1,ULAND,UREGBEZ,UKREIS,UGEMEINDE,UJAHR,UMONAT,USTUNDE,UWOCHENTAG,UKATEGORIE,UART,UTYP1,ULICHTVERH,IstRad,IstPKW,IstFuss,IstKrad,IstGkfz,IstSonstig,STRZUSTAND,LINREFX,LINREFY,XGCSWGS84,YGCSWGS84
105928,7,3,35,34,2018,6,11,5,3,2,2,0,0,1,0,0,0,0,0,4.08419E+20,5.48139E+21,7.73575E+15,4.94782E+16
105929,7,2,31,87,2018,6,5,2,3,4,6,1,0,1,0,1,0,0,0,3.60162E+20,5.52847E+21,7.05308E+15,4.98922E+16
105930,7,1,43,62,2018,6,21,1,3,0,1,1,0,0,0,1,0,0,0,4.08419E+20,5.59291E+21,7.70919E+15,5.0481E+16
105931,7,2,11,0,2018,6,12,5,3,2,6,0,0,1,0,0,0,0,0,3.33432E+20,5.51321E+21,6.68775E+15,4.97483E+16
105932,7,3,32,9,2018,6,11,5,3,2,6,0,0,1,0,0,0,0,0,4.40963E+20,5.47256E+21,8.18627E+15,4.94029E+16
105933,7,2,11,0,2018,6,19,7,2,0,1,0,0,0,0,1,0,0,0,3.2421E+20,5.51189E+21,6.56045E+15,4.97338E+16
105934,7,1,35,79,2018,6,14,4,3,5,3,0,1,1,0,0,0,0,0,3.71331E+20,5.54949E+21,7.20145E+15,5.00837E+16
105935,7,3,20,0,2018,6,9,6,3,5,3,0,0,1,0,0,0,0,0,3.8E+20,5.45612E+21,7.3512E+15,4.92461E+16
105936,7,1,34,54,2018,6,16,4,3,7,7,0,0,0,0,1,0,0,0,3.7982E+20,5.49286E+21,7.3376E+15,4.95764E+16
105937,7,1,43,70,2018,6,15,6,3,5,3,0,0,1,0,0,0,0,0,4.13039E+20,5.59289E+21,7.7743E+15,5.04815E+16
105938,7,1,38,47,2018,6,4,3,3,8,1,1,0,1,0,0,0,0,0,3.87938E+20,5.59749E+21,7.41924E+15,5.05186E+16
105939,7,3,32,24,2018,6,10,5,3,4,6,0,0,1,0,0,0,0,0,4.40918E+20,5.49039E+21,8.18297E+15,4.95632E+16
105940,7,3,37,31,2018,6,15,5,2,5,3,0,0,1,0,0,0,0,0,4.28046E+20,5.44536E+21,8.01315E+15,4.91568E+16
105941,7,1,37,501,2018,6,18,3,3,2,6,0,1,1,0,0,0,0,0,3.83124E+20,5.56763E+21,7.36065E+15,5.02493E+16
105942,7,1,43,308,2018,6,14,1,3,5,3,0,0,1,0,0,0,0,0,4.26577E+20,5.60085E+21,7.96351E+15,5.0555E+16
105943,7,3,35,17,2018,6,13,1,2,0,7,0,0,0,0,1,0,1,1,4.05106E+20,5.48451E+21,7.68927E+15,4.95058E+16
105944,7,1,40,24,2018,6,10,2,3,8,7,0,0,1,0,0,0,0,0,3.76855E+20,5.53135E+21,7.28444E+15,4.99218E+16
105945,7,3,37,7,2018,6,5,5,3,9,1,1,0,1,0,0,0,0,0,4.33378E+20,5.44337E+21,8.08659E+15,4.91396E+16
105946,7,3,35,34,2018,6,7,5,2,3,6,0,0,1,0,0,0,0,0,4.09287E+20,5.48251E+21,7.74747E+15,4.94884E+16
105947,7,3,18,0,2018,6,16,5,3,2,6,0,0,1,0,0,0,0,0,4.58327E+20,5.46279E+21,8.42661E+15,4.93165E+16
105948,7,1,38,45,2018,6,10,2,3,2,2,0,0,1,0,0,0,0,0,3.94165E+20,5.58846E+21,7.5096E+15,5.04386E+16
105949,7,3,35,3,2018,6,16,7,3,5,3,0,0,0,0,1,1,0,0,3.86413E+20,5.47479E+21,7.43396E+15,4.94151E+16
105950,7,1,31,7,2018,6,17,5,2,5,3,0,0,1,0,1,0,0,0,3.66369E+20,5.60134E+21,7.11377E+15,5.05487E+16
105951,7,3,14,0,2018,6,16,5,3,1,6,0,0,1,0,0,0,0,0,4.59217E+20,5.47909E+21,8.43719E+15,4.94631E+16
105952,7,1,37,101,2018,6,14,6,3,1,5,0,0,1,0,0,0,0,0,3.77302E+20,5.57947E+21,7.27518E+15,5.03545E+16
105953,7,3,39,5,2018,6,12,5,3,1,5,0,1,1,0,0,0,0,0,4.21333E+20,5.53581E+21,7.903E+15,4.99695E+16
105954,7,1,41,5,2018,6,6,2,3,0,7,0,0,1,0,0,0,1,0,4.28997E+20,5.58193E+21,8.00126E+15,5.03851E+16
105955,7,1,40,144,2018,6,20,1,3,8,1,0,0,1,0,0,0,0,0,3.94006E+20,5.53684E+21,7.52177E+15,4.99745E+16
105956,7,1,32,18,2018,6,16,5,2,4,6,0,0,1,0,0,0,0,0,4.26665E+20,5.62193E+21,7.96058E+15,5.07445E+16
105957,7,1,33,6,2018,6,8,5,3,2,6,0,0,1,0,1,0,0,0,4.17115E+20,5.5201E+21,7.84757E+15,4.98276E+16
105958,7,1,31,33,2018,6,19,7,3,4,1,0,0,1,0,1,0,0,0,3.45474E+20,5.58997E+21,6.82374E+15,5.04414E+16
105959,7,1,37,207,2018,6,9,4,3,2,6,0,0,1,0,0,0,0,0,3.92374E+20,5.57317E+21,7.48877E+15,5.03008E+16
105960,7,3,39,34,2018,6,16,5,2,1,6,0,0,1,0,1,0,1,0,4.50542E+20,5.52815E+21,8.31126E+15,4.99037E+16
105961,7,3,18,0,2018,6,12,6,3,2,6,0,0,1,0,0,0,0,0,4.60313E+20,5.46034E+21,8.45417E+15,4.92945E+16
105962,7,1,38,73,2018,6,15,4,3,3,7,0,0,1,0,1,0,0,0,3.74821E+20,5.60497E+21,7.23179E+15,5.05833E+16
105963,7,1,37,69,2018,6,18,6,2,4,1,0,0,1,0,1,0,0,0,3.7673E+20,5.58389E+21,7.2657E+15,5.03941E+16
105964,7,1,31,7,2018,6,21,3,3,5,3,1,1,1,0,0,0,0,0,3.66172E+20,5.60098E+21,7.11112E+15,5.05455E+16
105965,7,3,15,0,2018,6,11,5,3,4,2,0,1,1,0,0,0,0,0,4.45377E+20,5.53653E+21,8.23815E+15,4.99786E+16
105966,7,3,39,49,2018,6,7,5,3,5,3,0,0,1,0,0,0,0,0,4.53742E+20,5.52336E+21,8.3564E+15,4.98609E+16
105967,7,3,15,0,2018,6,15,5,3,6,4,0,1,0,1,0,0,0,0,4.45683E+20,5.54031E+21,8.2419E+15,5.00126E+16
105968,7,3,33,30,2018,6,14,2,3,8,1,0,0,1,0,0,0,0,0,4.13346E+20,5.49072E+21,7.80169E+15,4.95629E+16
105969,7,1,43,299,2018,6,18,1,3,5,3,0,0,1,0,0,0,0,0,4.16267E+20,5.61536E+21,7.81472E+15,5.0684E+16
105970,7,3,40,8,2018,6,14,1,3,9,1,0,0,0,0,1,0,0,0,3.9856E+20,5.44011E+21,7.61016E+15,4.91054E+16
105971,7,3,15,0,2018,6,13,5,3,2,6,0,0,1,0,0,0,0,0,4.47404E+20,5.53972E+21,8.26599E+15,5.00075E+16
105972,7,3,34,501,2018,6,17,5,3,4,2,0,1,1,0,0,0,0,0,4.4647E+20,5.4332E+21,8.26742E+15,4.90494E+16
105973,7,3,15,0,2018,6,17,5,3,2,6,0,0,1,0,1,0,0,0,4.46867E+20,5.53886E+21,8.25862E+15,4.99997E+16
105974,7,3,39,5,2018,6,16,7,3,0,3,0,0,1,0,0,0,0,0,4.21867E+20,5.53262E+21,7.91111E+15,4.99408E+16
105975,7,1,11,0,2018,6,13,2,3,2,6,0,0,1,0,0,0,0,0,3.99565E+20,5.57995E+21,7.5879E+15,5.03631E+16
105976,7,3,16,0,2018,6,16,4,3,1,6,0,0,1,0,0,0,1,0,4.38464E+20,5.46789E+21,8.15254E+15,4.93606E+16
105977,7,3,15,0,2018,6,11,1,3,0,5,0,1,1,0,0,0,0,0,4.48547E+20,5.53801E+21,8.28217E+15,4.99922E+16
105978,7,3,34,2,2018,6,15,7,2,4,7,0,1,1,0,0,0,0,0,4.39678E+20,5.42543E+21,8.17563E+15,4.89788E+16
105979,7,1,37,69,2018,6,17,5,3,2,6,0,0,1,0,0,0,0,0,3.78629E+20,5.58299E+21,7.29269E+15,5.03864E+16
105980,7,3,34,30,2018,6,16,6,2,5,3,0,1,1,0,0,0,0,0,4.3741E+20,5.441E+21,8.14223E+15,4.91187E+16
105981,7,3,37,501,2018,6,13,3,3,5,3,0,0,1,0,0,0,0,0,4.23569E+20,5.45039E+21,7.95079E+15,4.92015E+16
105982,7,3,15,0,2018,6,8,5,3,2,1,0,0,1,0,1,0,0,0,4.48361E+20,5.53715E+21,8.27968E+15,4.99844E+16
105983,7,3,16,0,2018,6,15,3,3,5,3,0,1,1,0,0,0,0,0,4.38402E+20,5.46597E+21,8.15199E+15,4.93433E+16
105984,7,1,38,12,2018,6,13,1,3,5,3,0,0,1,0,1,0,0,0,4.05171E+20,5.60251E+21,7.66099E+15,5.05668E+16
105985,7,3,35,38,2018,6,13,2,3,2,6,0,0,1,0,0,0,0,0,4.00447E+20,5.47745E+21,7.62672E+15,4.94416E+16
105986,7,3,31,58,2018,6,15,5,3,2,6,0,0,1,0,0,0,0,0,4.41552E+20,5.52722E+21,8.18623E+15,4.98945E+16
105987,7,3,39,27,2018,6,10,6,2,5,3,0,0,1,0,0,0,0,0,4.37943E+20,5.53905E+21,8.13407E+15,5.00005E+16
105988,7,1,31,3,2018,6,17,5,2,8,1,0,0,0,0,1,0,0,0,3.5818E+20,5.59974E+21,6.99886E+15,5.05324E+16
105989,7,3,39,5,2018,6,8,5,3,9,6,0,0,1,0,0,0,0,0,4.24022E+20,5.53276E+21,7.9411E+15,4.99423E+16
105990,7,3,12,0,2018,6,16,6,3,2,6,0,0,1,0,0,0,1,0,4.04608E+20,5.47768E+21,7.68404E+15,4.94443E+16
105991,7,3,16,0,2018,6,4,3,3,0,7,2,1,0,0,0,0,0,0,4.37767E+20,5.46734E+21,8.14304E+15,4.93556E+16
105992,7,2,35,60,2018,6,18,5,3,0,7,0,0,1,0,0,1,0,0,3.35381E+20,5.51935E+21,6.71219E+15,4.9804E+16
105993,7,1,11,0,2018,6,18,4,2,5,3,0,1,1,0,0,0,0,0,3.99698E+20,5.58054E+21,7.58961E+15,5.03683E+16
105994,7,3,32,2,2018,6,11,5,3,5,3,0,0,1,0,1,0,0,0,4.39808E+20,5.4789E+21,8.16938E+15,4.94598E+16
105995,7,1,11,0,2018,6,11,3,2,2,7,0,0,1,0,0,1,0,0,3.99859E+20,5.58136E+21,7.59166E+15,5.03758E+16
105996,7,2,32,121,2018,6,21,5,3,8,1,1,0,1,0,0,0,0,1,2.98968E+20,5.54426E+21,6.19375E+15,5.00167E+16
105997,7,1,41,62,2018,6,18,5,3,0,1,0,0,0,0,1,0,0,0,4.20966E+20,5.58193E+21,7.88832E+15,5.03841E+16
105998,7,2,32,33,2018,6,10,5,3,9,1,0,0,1,0,0,0,0,1,3.15092E+20,5.52392E+21,6.42832E+15,4.98392E+16
105999,7,3,37,25,2018,6,21,2,3,9,1,0,0,0,0,1,0,0,0,4.34547E+20,5.45523E+21,8.10068E+15,4.92463E+16
106000,7,1,40,133,2018,6,13,1,3,8,1,0,0,1,0,0,0,0,0,4.00108E+20,5.55051E+21,7.60329E+15,5.00984E+16
106001,7,3,11,0,2018,6,14,1,3,5,3,0,0,1,0,0,0,0,0,4.5268E+20,5.48814E+21,8.34588E+15,4.9544E+16
106002,7,2,31,103,2018,6,16,5,3,5,2,0,0,1,0,0,0,1,0,3.54011E+20,5.5318E+21,6.96623E+15,4.99208E+16
106003,7,3,14,0,2018,6,6,5,3,2,6,0,0,1,0,1,0,0,0,4.57076E+20,5.48423E+21,8.40708E+15,4.95092E+16
106004,7,2,31,57,2018,6,12,5,2,0,1,0,0,0,0,1,0,0,0,3.6089E+20,5.54513E+21,7.05717E+15,5.00422E+16
106005,7,3,31,73,2018,6,4,7,2,4,6,2,0,1,0,1,0,0,0,4.36301E+20,5.51935E+21,8.11442E+15,4.98232E+16
106006,7,3,14,0,2018,6,9,4,3,2,6,0,0,1,0,0,0,0,0,4.58498E+20,5.48283E+21,8.42686E+15,4.94967E+16
106007,7,3,31,32,2018,6,1,7,3,6,2,2,0,1,1,0,0,0,0,4.42005E+20,5.51484E+21,8.19439E+15,4.97832E+16
106008,7,3,37,5,2018,6,8,4,3,5,3,0,0,1,0,0,0,0,0,4.28042E+20,5.43932E+21,8.01416E+15,4.91025E+16
106009,7,3,31,3,2018,6,20,6,1,5,3,0,0,1,0,1,0,0,0,4.35082E+20,5.511E+21,8.09887E+15,4.97479E+16
106010,7,1,33,6,2018,6,13,3,3,2,6,0,0,1,0,0,0,0,0,4.17547E+20,5.52089E+21,7.85341E+15,4.98348E+16
106011,7,2,31,10,2018,6,6,5,2,5,2,0,0,1,0,1,0,0,0,3.36314E+20,5.53741E+21,6.7175E+15,4.99665E+16
106012,7,3,38,18,2018,6,17,3,3,1,6,0,0,1,0,0,0,0,0,4.50718E+20,5.48166E+21,8.31958E+15,4.94856E+16
106013,7,1,38,40,2018,6,15,1,3,1,6,0,0,1,0,0,0,0,0,3.97205E+20,5.6018E+21,7.54873E+15,5.05591E+16
106014,7,3,37,21,2018,6,6,2,3,4,2,0,0,1,0,0,0,0,0,4.3691E+20,5.4567E+21,8.13291E+15,4.92598E+16
106015,7,2,35,69,2018,6,9,5,3,7,1,0,0,1,0,0,0,1,0,3.30542E+20,5.52269E+21,6.64355E+15,4.98327E+16
106016,7,2,32,282,2018,6,18,6,2,8,1,0,0,0,0,1,0,0,0,3.32333E+20,5.54538E+21,6.65856E+15,5.00371E+16
106017,7,1,11,0,2018,6,21,5,3,5,3,0,0,1,0,1,0,0,0,3.96806E+20,5.58195E+21,7.54857E+15,5.03805E+16
106018,7,2,11,0,2018,6,21,5,3,9,1,1,0,1,0,0,0,0,1,3.29098E+20,5.50978E+21,6.62914E+15,4.97162E+16
106019,7,3,39,30,2018,6,8,2,2,1,7,0,0,1,0,0,0,0,0,4.31947E+20,5.53736E+21,8.05072E+15,4.99847E+16
106020,7,3,20,0,2018,6,11,7,3,2,6,0,0,1,0,0,0,0,0,3.83384E+20,5.45285E+21,7.39862E+15,4.92174E+16
106021,7,2,35,108,2018,6,14,1,3,2,7,0,0,0,0,1,0,1,0,3.44936E+20,5.51758E+21,6.84558E+15,4.97907E+16
106022,7,2,33,4,2018,6,0,5,2,8,1,2,0,1,0,0,0,0,0,3.37268E+20,5.56753E+21,6.71797E+15,5.02375E+16
106023,7,1,43,286,2018,6,15,5,2,4,6,0,0,1,0,0,0,0,0,4.34968E+20,5.60888E+21,8.08053E+15,5.06282E+16
106024,7,2,35,126,2018,6,1,7,3,9,1,2,0,1,0,0,0,0,0,3.24299E+20,5.4952E+21,6.56918E+15,4.95838E+16
106025,7,1,43,78,2018,6,13,4,2,4,6,0,0,1,0,0,0,0,0,4.12402E+20,5.59721E+21,7.7643E+15,5.05203E+16
106026,7,1,41,68,2018,6,21,5,3,0,1,1,1,0,0,0,0,0,1,4.27054E+20,5.56875E+21,7.97648E+15,5.02664E+16
106027,7,1,33,6,2018,6,13,2,3,5,3,0,0,1,0,0,0,0,0,4.16015E+20,5.52226E+21,7.83182E+15,4.98469E+16
106028,7,3,15,0,2018,6,14,1,3,2,7,0,0,1,0,0,0,0,0,4.41801E+20,5.53739E+21,8.18816E+15,4.9986E+16
106029,7,3,15,0,2018,6,22,5,3,0,6,1,1,0,0,0,0,1,0,4.47131E+20,5.53927E+21,8.26224E+15,5.00034E+16
106030,7,1,43,37,2018,6,13,5,3,5,3,0,0,1,0,0,1,0,0,4.27227E+20,5.59036E+21,7.97473E+15,5.04607E+16
106031,7,2,32,279,2018,6,11,7,2,1,2,0,0,1,0,1,0,0,0,3.19533E+20,5.55203E+21,6.47685E+15,5.00931E+16
106032,7,3,15,0,2018,6,11,4,3,3,6,0,0,1,0,0,1,0,0,4.455E+20,5.53496E+21,8.24009E+15,4.99645E+16
106033,7,1,43,308,2018,6,19,7,3,5,3,0,0,1,0,0,0,0,0,4.2586E+20,5.59959E+21,7.95364E+15,5.05435E+16
106034,7,3,31,63,2018,6,5,4,3,9,1,0,0,1,0,0,0,0,0,4.33989E+20,5.52131E+21,8.08195E+15,4.98405E+16
106035,7,2,33,80,2018,6,19,6,3,5,3,0,1,1,0,0,0,0,0,3.36753E+20,5.57217E+21,6.70875E+15,5.02791E+16
106036,7,3,15,0,2018,6,21,3,3,5,3,1,0,1,0,0,0,0,0,4.48587E+20,5.53803E+21,8.28272E+15,4.99924E+16
106037,7,1,38,65,2018,6,7,5,2,4,1,0,0,1,0,0,0,0,0,3.87183E+20,5.60319E+21,7.40688E+15,5.05697E+16
106038,7,2,33,74,2018,6,9,3,2,3,6,0,0,1,0,0,0,0,0,3.4735E+20,5.55613E+21,6.86382E+15,5.01377E+16
106039,7,3,12,0,2018,6,3,7,3,4,2,2,0,1,0,0,0,0,0,4.13281E+20,5.47911E+21,7.80335E+15,4.94584E+16
106040,7,3,15,0,2018,6,19,2,3,1,5,0,0,1,0,1,0,0,0,4.45948E+20,5.54113E+21,8.24548E+15,5.00201E+16
106041,7,1,32,46,2018,6,13,5,3,4,6,0,0,1,0,0,0,1,0,3.9631E+20,5.61946E+21,7.53115E+15,5.07177E+16
106042,7,1,38,57,2018,6,10,6,2,8,6,0,1,0,0,0,0,1,0,4.02229E+20,5.60569E+21,7.61862E+15,5.05949E+16
106043,7,1,32,501,2018,6,10,5,3,2,6,0,0,1,0,0,0,0,0,4.02611E+20,5.61526E+21,7.62149E+15,5.0681E+16
106044,7,1,34,45,2018,6,13,2,3,1,6,0,0,1,0,1,0,0,0,3.78578E+20,5.50762E+21,7.31586E+15,4.97088E+16
106045,7,1,32,25,2018,6,16,1,3,3,6,0,0,1,0,1,0,0,0,4.21155E+20,5.62029E+21,7.88285E+15,5.07291E+16
106046,7,1,41,29,2018,6,16,5,3,2,1,0,0,1,0,0,0,0,0,4.30538E+20,5.58023E+21,8.02324E+15,5.037E+16
106047,7,1,35,79,2018,6,14,5,2,8,1,0,0,0,0,1,0,0,0,3.72727E+20,5.55011E+21,7.22075E+15,5.00896E+16
106048,7,1,41,109,2018,6,15,7,2,5,2,0,0,0,0,1,0,1,0,4.10446E+20,5.55711E+21,7.74625E+15,5.01594E+16
106049,7,2,33,244,2018,6,16,4,2,4,6,0,0,1,0,1,0,0,0,3.55219E+20,5.57625E+21,6.96618E+15,5.03205E+16
106050,7,1,31,77,2018,6,22,5,3,5,3,2,0,1,0,0,0,0,1,3.75656E+20,5.60101E+21,7.2449E+15,5.05478E+16
106051,7,3,36,50,2018,6,23,6,3,8,1,2,0,1,0,0,0,0,0,3.91516E+20,5.49864E+21,7.49774E+15,4.96306E+16
106052,7,1,43,308,2018,6,16,4,2,5,3,0,0,1,0,0,1,0,0,4.2658E+20,5.60085E+21,7.96355E+15,5.0555E+16
106053,7,1,32,44,2018,6,9,6,3,5,3,0,0,1,0,0,0,0,0,4.0693E+20,5.62443E+21,7.6803E+15,5.07641E+16
106054,7,1,35,82,2018,6,15,3,2,3,6,0,1,0,0,0,0,0,0,3.77855E+20,5.55916E+21,7.2895E+15,5.0172E+16
106055,7,1,31,70,2018,6,14,5,3,9,7,0,0,1,0,0,0,0,0,3.7487E+20,5.60405E+21,7.23279E+15,5.05749E+16
106056,7,3,38,26,2018,6,12,5,3,6,4,0,0,1,1,0,0,0,0,4.59434E+20,5.47135E+21,8.44097E+15,4.93935E+16
106057,7,1,11,0,2018,6,21,7,3,2,2,1,0,1,0,0,0,0,0,3.98559E+20,5.58334E+21,7.57284E+15,5.03934E+16
106058,7,2,33,23,2018,6,15,4,2,0,1,0,0,0,0,1,0,0,0,3.30372E+20,5.58032E+21,6.61561E+15,5.03505E+16
106059,7,2,35,141,2018,6,19,6,3,4,2,0,0,1,0,0,0,0,0,3.37932E+20,5.5123E+21,6.75054E+15,4.97413E+16
106060,7,2,35,73,2018,6,7,3,3,5,3,0,0,1,0,0,0,0,0,3.20301E+20,5.50985E+21,6.5072E+15,4.97143E+16
106061,7,1,31,211,2018,6,23,5,3,7,7,2,0,1,0,0,0,0,0,3.69582E+20,5.58678E+21,7.16417E+15,5.04186E+16
106062,7,1,37,49,2018,6,12,5,2,7,7,0,0,0,0,1,0,0,0,3.70681E+20,5.58143E+21,7.18148E+15,5.03707E+16
106063,7,1,31,70,2018,6,10,3,3,2,1,0,0,1,0,0,0,0,0,3.73302E+20,5.61024E+21,7.20854E+15,5.06303E+16
106064,7,3,38,20,2018,6,12,7,3,1,6,0,0,1,0,0,0,0,0,4.57427E+20,5.47236E+21,8.4132E+15,4.94024E+16
106065,7,1,41,140,2018,6,14,2,2,4,6,0,0,1,0,0,0,0,0,4.09927E+20,5.56603E+21,7.73687E+15,5.02396E+16
106066,7,1,37,102,2018,6,9,5,3,2,6,0,0,0,0,1,1,0,0,3.78997E+20,5.5758E+21,7.30018E+15,5.03218E+16
106067,7,3,40,210,2018,6,16,5,2,8,1,0,0,0,0,1,0,0,0,3.86194E+20,5.45134E+21,7.43762E+15,4.92042E+16
106068,7,1,37,224,2018,6,13,5,2,2,6,0,0,1,0,0,0,0,0,4.01933E+20,5.58215E+21,7.62062E+15,5.03832E+16
106069,7,1,32,117,2018,6,16,2,3,8,1,0,1,0,0,0,0,0,0,4.12211E+20,5.62539E+21,7.75493E+15,5.07737E+16
106070,7,1,11,0,2018,6,13,1,2,4,2,0,0,1,0,1,0,0,0,3.94878E+20,5.57438E+21,7.52358E+15,5.03121E+16
106071,7,1,38,45,2018,6,17,5,3,5,2,0,0,1,0,1,0,0,0,3.90505E+20,5.58845E+21,7.45808E+15,5.04379E+16
106072,7,1,37,226,2018,6,10,5,3,5,3,0,0,1,0,0,1,0,0,4.01769E+20,5.58292E+21,7.61811E+15,5.03901E+16
106073,7,1,31,11,2018,6,16,7,2,9,1,0,0,0,0,1,0,0,0,3.54692E+20,5.59887E+21,6.95002E+15,5.05237E+16
106074,7,3,35,2,2018,6,18,3,3,5,3,0,0,1,0,0,0,0,0,3.98423E+20,5.47157E+21,7.60031E+15,4.93884E+16
106075,7,1,11,0,2018,6,16,5,3,1,6,0,0,1,0,0,0,0,0,3.98042E+20,5.58067E+21,7.5663E+15,5.03692E+16
106076,7,1,35,20,2018,6,13,4,3,2,6,0,0,1,0,0,0,1,0,3.67729E+20,5.55913E+21,7.14779E+15,5.01696E+16
106077,7,3,40,55,2018,6,13,5,3,9,1,0,0,1,0,0,0,0,0,3.97562E+20,5.46529E+21,7.59007E+15,4.93318E+16
106078,7,1,37,96,2018,6,6,3,2,9,1,0,0,1,0,0,0,0,0,3.86744E+20,5.58105E+21,7.40738E+15,5.03706E+16
106079,7,1,11,0,2018,6,19,5,3,6,4,0,0,1,1,0,0,0,0,4.00491E+20,5.57893E+21,7.60119E+15,5.03541E+16
106080,7,3,15,0,2018,6,18,5,3,2,6,0,0,1,0,0,0,0,0,4.4396E+20,5.54036E+21,8.21784E+15,5.00129E+16
106081,7,1,11,0,2018,6,8,5,3,1,6,0,0,1,0,0,0,0,0,3.99224E+20,5.57828E+21,7.58355E+15,5.0348E+16
106082,7,3,14,0,2018,6,12,2,3,3,6,0,0,1,0,0,1,0,0,4.53704E+20,5.47932E+21,8.36108E+15,4.94648E+16
106083,7,3,14,0,2018,6,11,7,2,2,6,0,0,1,0,0,0,0,0,4.55358E+20,5.48076E+21,8.38373E+15,4.94778E+16
106084,7,3,36,54,2018,6,13,1,2,5,3,0,0,1,0,1,0,0,0,3.78689E+20,5.48027E+21,7.32583E+15,4.9463E+16
106085,7,1,37,56,2018,6,7,5,3,3,3,0,0,1,0,0,1,0,0,3.82451E+20,5.58365E+21,7.34623E+15,5.03931E+16
106086,7,3,13,0,2018,6,5,5,2,4,2,1,1,1,0,0,0,0,0,4.35618E+20,5.44939E+21,8.11633E+15,4.91939E+16
106087,7,1,37,69,2018,6,7,5,3,2,6,0,0,1,0,0,0,1,0,3.76468E+20,5.58312E+21,7.26226E+15,5.03871E+16
106088,7,3,33,38,2018,6,13,7,3,0,1,0,0,0,0,1,0,0,0,4.31705E+20,5.49237E+21,8.05525E+15,4.958E+16
106089,7,3,13,0,2018,6,12,4,3,5,2,0,0,1,0,1,0,0,0,4.36569E+20,5.45179E+21,8.129E+15,4.92156E+16
106090,7,3,35,16,2018,6,17,4,3,2,6,0,0,1,0,0,0,1,0,3.91848E+20,5.47628E+21,7.50846E+15,4.94296E+16
106091,7,1,37,226,2018,6,15,3,3,2,6,0,0,1,0,0,0,0,0,4.01081E+20,5.58424E+21,7.60809E+15,5.04019E+16
106092,7,3,14,0,2018,6,2,7,3,2,6,2,0,1,0,0,0,0,0,4.54861E+20,5.48082E+21,8.37687E+15,4.94783E+16
106093,7,1,40,501,2018,6,13,2,2,0,1,0,0,0,0,1,0,0,0,3.96801E+20,5.56313E+21,7.55365E+15,5.02113E+16
106094,7,3,16,0,2018,6,16,4,3,4,2,0,0,1,0,0,0,0,0,4.37608E+20,5.46682E+21,8.14092E+15,4.93509E+16
106095,7,3,32,8,2018,6,9,5,2,5,2,0,0,1,0,1,0,0,0,4.40528E+20,5.48638E+21,8.17819E+15,4.95271E+16
106096,7,3,37,5,2018,6,15,4,2,2,6,0,1,0,0,0,0,0,0,4.28002E+20,5.43931E+21,8.01362E+15,4.91025E+16
106097,7,3,13,0,2018,6,14,7,2,3,6,0,1,0,0,0,1,0,0,4.34201E+20,5.44957E+21,8.09686E+15,4.91954E+16
106098,7,1,31,70,2018,6,18,2,3,0,1,0,0,0,0,1,0,0,0,3.7573E+20,5.6026E+21,7.24542E+15,5.05621E+16
106099,7,3,35,22,2018,6,5,4,3,5,3,0,0,1,0,0,0,1,0,3.96823E+20,5.4727E+21,7.57797E+15,4.93983E+16
106100,7,3,12,0,2018,6,19,7,2,9,1,0,0,0,0,1,0,0,0,4.12071E+20,5.47723E+21,7.78708E+15,4.94413E+16
106101,7,1,40,164,2018,6,15,5,2,8,1,0,0,0,0,1,0,0,0,3.85915E+20,5.52554E+21,7.41232E+15,4.98714E+16
106102,7,3,38,18,2018,6,6,4,3,0,7,0,0,1,0,1,0,0,0,4.4964E+20,5.48144E+21,8.30473E+15,4.94835E+16
106103,7,3,33,54,2018,6,14,6,2,9,1,0,0,1,0,1,0,0,0,4.09786E+20,5.50879E+21,7.74833E+15,4.97248E+16
106104,7,3,13,0,2018,6,15,3,3,8,1,0,0,1,0,0,0,0,0,4.38072E+20,5.45287E+21,8.14947E+15,4.92255E+16
106105,7,3,14,0,2018,6,17,4,3,2,2,0,0,1,0,0,0,0,0,4.55776E+20,5.48701E+21,8.38881E+15,4.9534E+16
106106,7,3,36,102,2018,6,12,3,3,0,7,0,0,0,0,1,0,1,1,3.7875E+20,5.47112E+21,7.32948E+15,4.93807E+16
106107,7,3,32,40,2018,6,23,7,3,9,1,2,0,1,0,0,0,0,0,4.42653E+20,5.49088E+21,8.2069E+15,4.95678E+16
106108,7,3,16,0,2018,6,16,5,3,2,6,0,0,1,0,0,0,0,0,4.3831E+20,5.46647E+21,8.15064E+15,4.93478E+16
106109,7,1,43,12,2018,6,11,3,3,2,6,0,0,1,0,0,0,0,0,4.12042E+20,5.59209E+21,7.76044E+15,5.04742E+16
106110,7,1,33,6,2018,6,15,4,3,0,1,0,0,1,0,0,0,0,0,4.18163E+20,5.52197E+21,7.86175E+15,4.98446E+16
106111,7,3,31,73,2018,6,7,6,3,5,3,0,0,1,0,1,0,0,0,4.37398E+20,5.52147E+21,8.12933E+15,4.98424E+16
106112,7,1,32,72,2018,6,20,5,3,4,1,0,0,1,0,0,0,0,0,4.27142E+20,5.63248E+21,7.96525E+15,5.08394E+16
106113,7,3,15,0,2018,6,12,4,2,4,2,0,0,1,0,0,0,0,0,4.43978E+20,5.53889E+21,8.21831E+15,4.99997E+16
106114,7,3,38,4,2018,6,16,2,3,2,6,0,0,1,0,0,0,0,0,4.5341E+20,5.49277E+21,8.35543E+15,4.95857E+16