OBJECTID_1,ULAND,UREGBEZ,UKREIS,UGEMEINDE,UJAHR,UMONAT,USTUNDE,UWOCHENTAG,UKATEGORIE,UART,UTYP1,ULICHTVERH,IstRad,IstPKW,IstFuss,IstKrad,IstGkfz,IstSonstig,STRZUSTAND,LINREFX,LINREFY,XGCSWGS84,YGCSWGS84
106115,7,3,32,38,2018,6,1,7,2,9,7,2,0,1,0,0,0,0,0,4.36887E+20,5.48762E+21,8.12769E+15,4.95379E+16
106116,7,3,35,47,2018,6,12,1,3,4,1,0,0,1,0,1,0,0,0,4.09413E+20,5.46749E+21,7.75264E+15,4.93534E+16
106117,7,3,39,40,2018,6,12,1,3,2,2,0,1,0,0,1,0,0,0,4.14711E+20,5.54297E+21,7.8091E+15,5.00329E+16
106118,7,3,15,0,2018,6,7,4,3,4,2,0,0,1,0,0,0,0,0,4.45148E+20,5.54157E+21,8.23425E+15,5.00239E+16
106119,7,3,31,12,2018,6,17,5,3,5,2,0,0,1,0,0,0,0,0,4.34716E+20,5.51565E+21,8.093E+15,4.97898E+16
106120,7,3,39,5,2018,6,8,4,3,2,6,0,0,1,0,0,0,0,0,4.27754E+20,5.5364E+21,7.99242E+15,4.99756E+16
106121,7,3,15,0,2018,6,17,7,3,5,3,0,1,1,0,0,0,0,0,4.40782E+20,5.5388E+21,8.17373E+15,4.99986E+16
106122,7,3,39,5,2018,6,14,4,3,5,3,0,0,1,0,1,0,0,0,4.2045E+20,5.53496E+21,7.89087E+15,4.99617E+16
106123,7,3,15,0,2018,6,13,7,3,1,6,0,0,1,0,0,0,0,0,4.47461E+20,5.53998E+21,8.26675E+15,5.00098E+16
106124,7,3,14,0,2018,6,10,4,3,5,3,0,1,1,0,0,0,0,0,4.55071E+20,5.48273E+21,8.37956E+15,4.94956E+16
106125,7,3,39,33,2018,6,19,6,3,1,2,0,0,1,0,1,0,0,0,4.45236E+20,5.52252E+21,8.23818E+15,4.98526E+16
106126,7,3,39,48,2018,6,19,3,3,8,1,0,0,1,0,0,0,0,0,4.27452E+20,5.53377E+21,7.98871E+15,4.99519E+16
106127,7,2,31,8,2018,6,17,4,3,5,3,0,0,1,0,0,0,0,0,3.59818E+20,5.53419E+21,7.0462E+15,4.99436E+16
106128,7,3,14,0,2018,6,7,3,2,5,2,0,1,1,0,0,0,0,0,4.57549E+20,5.47885E+21,8.41419E+15,4.94609E+16
106129,7,3,32,19,2018,6,10,7,2,5,3,0,1,1,0,0,0,0,0,4.43568E+20,5.48367E+21,8.22058E+15,4.9503E+16
106130,7,3,38,15,2018,6,18,7,2,4,6,0,0,1,0,0,0,0,0,4.51715E+20,5.49423E+21,8.3318E+15,4.95987E+16
106131,7,3,12,0,2018,6,5,4,3,5,3,0,0,1,0,0,0,0,0,4.12198E+20,5.47719E+21,7.78883E+15,4.9441E+16
106132,7,3,14,0,2018,6,11,6,3,2,6,0,0,1,0,0,0,0,0,4.59621E+20,5.48177E+21,8.44248E+15,4.94872E+16
106133,7,3,11,0,2018,6,11,3,3,4,2,0,0,1,0,0,0,0,0,4.53438E+20,5.48697E+21,8.35651E+15,4.95335E+16
106134,7,1,34,10,2018,6,9,4,3,9,1,0,0,0,0,0,0,1,0,3.67386E+20,5.50078E+21,7.16302E+15,4.9645E+16
106135,7,3,37,28,2018,6,21,3,3,8,7,1,0,1,0,0,0,0,0,4.32391E+20,5.45464E+21,8.07116E+15,4.92408E+16
106136,7,3,18,0,2018,6,17,7,3,1,6,0,0,1,0,0,0,0,0,4.59797E+20,5.46369E+21,8.44674E+15,4.93246E+16
106137,7,3,32,2,2018,6,20,2,3,8,1,0,0,1,0,0,0,0,0,4.38367E+20,5.47827E+21,8.14959E+15,4.94539E+16
106138,7,2,35,68,2018,6,20,4,3,1,5,0,0,0,0,1,0,1,0,3.29254E+20,5.5038E+21,6.63392E+15,4.96625E+16
106139,7,3,15,0,2018,6,12,6,3,2,2,0,0,1,0,0,0,0,0,4.47329E+20,5.53734E+21,8.26527E+15,4.99861E+16
106140,7,1,37,87,2018,6,18,5,2,4,7,0,0,1,0,0,0,1,0,3.79453E+20,5.56657E+21,7.30952E+15,5.0239E+16
106141,7,1,41,10,2018,6,16,4,3,8,1,0,0,1,0,0,0,0,0,4.28429E+20,5.56779E+21,7.99595E+15,5.02579E+16
106142,7,3,31,37,2018,6,22,2,3,9,1,2,0,1,0,0,0,0,0,4.46195E+20,5.50305E+21,8.25421E+15,4.96776E+16
106143,7,3,38,23,2018,6,15,7,3,5,3,0,0,1,0,0,0,0,0,4.54749E+20,5.4574E+21,8.37799E+15,4.92677E+16
106144,7,2,32,294,2018,6,11,1,2,9,1,0,0,1,0,0,0,0,0,2.96251E+20,5.54776E+21,6.15401E+15,5.00472E+16
106145,7,3,15,0,2018,6,15,5,2,3,2,0,0,1,0,1,0,0,0,4.47542E+20,5.53984E+21,8.2679E+15,5.00086E+16
106146,7,1,41,91,2018,6,9,4,3,0,1,0,0,1,0,0,0,0,0,4.16E+20,5.57388E+21,7.82027E+15,5.0311E+16
106147,7,1,34,5,2018,6,21,7,3,4,2,0,0,1,0,0,0,0,0,3.79694E+20,5.49683E+21,7.33464E+15,4.9612E+16
106148,7,2,33,80,2018,6,5,4,3,9,1,0,0,0,0,0,1,0,0,3.37785E+20,5.5722E+21,6.72321E+15,5.02796E+16
106149,7,1,43,69,2018,6,19,2,3,3,6,0,0,1,0,0,1,0,0,4.06905E+20,5.59764E+21,7.68668E+15,5.05233E+16
106150,7,1,43,6,2018,6,19,7,2,8,1,0,0,1,0,0,0,0,0,4.07501E+20,5.59572E+21,7.69556E+15,5.05061E+16
106151,7,3,39,43,2018,6,19,4,3,0,1,0,1,0,0,0,0,0,0,4.52539E+20,5.52491E+21,8.33947E+15,4.98747E+16
106152,7,2,31,92,2018,6,12,6,2,0,1,0,1,0,0,0,0,0,0,3.49258E+20,5.52557E+21,6.90248E+15,4.98636E+16
106153,7,2,31,7,2018,6,16,3,3,2,6,0,0,1,0,0,1,0,0,3.44436E+20,5.53787E+21,6.83049E+15,4.99729E+16
106154,7,1,43,48,2018,6,17,4,3,1,6,0,0,1,0,0,0,0,0,4.17111E+20,5.5884E+21,7.83268E+15,5.04417E+16
106155,7,1,41,25,2018,6,6,3,3,8,1,0,0,0,0,0,0,1,0,4.12246E+20,5.5748E+21,7.76734E+15,5.03188E+16
106156,7,1,33,6,2018,6,2,7,2,7,1,2,0,1,0,0,0,0,0,4.22231E+20,5.52499E+21,7.91772E+15,4.98722E+16
106157,7,1,34,45,2018,6,23,2,2,6,4,2,0,1,1,0,0,0,0,3.78446E+20,5.50788E+21,7.31395E+15,4.97111E+16
106158,7,1,32,99,2018,6,17,4,2,2,6,0,1,1,0,0,0,0,0,4.01179E+20,5.61391E+21,7.60158E+15,5.06687E+16
106159,7,1,31,7,2018,6,15,6,2,8,1,0,0,0,0,1,0,0,0,3.65927E+20,5.59424E+21,7.11009E+15,5.04848E+16
106160,7,1,35,18,2018,6,23,4,2,8,7,2,0,1,0,0,0,0,0,3.62475E+20,5.56049E+21,7.07377E+15,5.01806E+16
106161,7,1,43,229,2018,6,2,2,3,0,1,2,0,0,0,0,1,0,0,4.15636E+20,5.61293E+21,7.80634E+15,5.06621E+16
106162,7,3,33,41,2018,6,10,7,2,0,7,0,0,0,0,1,0,0,0,4.35093E+20,5.49376E+21,8.10188E+15,4.95929E+16
106163,7,1,31,41,2018,6,18,1,2,9,1,0,0,0,0,1,0,0,0,3.69321E+20,5.59666E+21,7.15705E+15,5.05073E+16
106164,7,3,11,0,2018,6,14,2,3,2,6,0,0,1,0,0,0,0,0,4.51263E+20,5.48794E+21,8.32633E+15,4.95421E+16
106165,7,1,35,20,2018,6,18,4,3,3,2,0,0,1,0,1,0,1,0,3.69106E+20,5.55711E+21,7.16775E+15,5.01518E+16
106166,7,2,31,502,2018,6,13,6,3,4,1,0,0,1,0,0,0,0,0,3.6487E+20,5.51977E+21,7.12162E+15,4.98152E+16
106167,7,1,37,89,2018,6,18,4,3,4,1,0,0,1,0,0,0,1,0,3.78899E+20,5.57567E+21,7.29884E+15,5.03207E+16
106168,7,2,32,207,2018,6,18,2,3,7,7,0,0,1,0,0,0,0,0,3.09777E+20,5.56739E+21,6.33294E+15,5.0228E+16
106169,7,3,39,30,2018,6,18,7,3,0,1,0,0,0,0,1,0,0,0,4.33454E+20,5.53676E+21,8.07184E+15,4.99794E+16
106170,7,1,41,31,2018,6,9,1,2,9,1,0,0,1,0,0,0,0,0,4.12532E+20,5.55144E+21,7.77674E+15,5.01088E+16
106171,7,1,34,5,2018,6,20,5,3,8,6,0,0,1,0,0,0,0,0,3.8068E+20,5.49617E+21,7.3485E+15,4.96063E+16
106172,7,1,33,65,2018,6,11,3,2,9,1,0,0,1,0,0,0,0,1,4.03001E+20,5.50641E+21,7.6548E+15,4.97024E+16
106173,7,2,35,19,2018,6,2,7,2,8,1,2,0,0,0,1,0,0,0,3.44112E+20,5.52247E+21,6.83219E+15,4.98343E+16
106174,7,1,38,45,2018,6,19,4,3,5,2,0,0,1,0,0,0,0,0,3.96338E+20,5.58972E+21,7.53985E+15,5.04503E+16
106175,7,3,20,0,2018,6,10,6,3,4,1,0,0,1,0,1,0,0,0,3.80544E+20,5.45675E+21,7.35848E+15,4.92519E+16
106176,7,2,31,81,2018,6,16,4,3,5,3,0,1,1,0,0,0,0,0,3.54719E+20,5.533E+21,6.97563E+15,4.99317E+16
106177,7,1,41,92,2018,6,13,6,2,1,6,0,0,1,0,0,0,0,0,4.17094E+20,5.56235E+21,7.83815E+15,5.02075E+16
106178,7,1,43,47,2018,6,9,3,3,0,3,0,0,1,0,0,1,0,0,4.12574E+20,5.59461E+21,7.76735E+15,5.0497E+16
106179,7,3,36,85,2018,6,6,3,3,8,7,0,0,1,0,0,0,0,1,4.03626E+20,5.49869E+21,7.66537E+15,4.96331E+16
106180,7,3,12,0,2018,6,17,3,3,5,3,0,0,1,0,0,0,0,1,4.08908E+20,5.47908E+21,7.74303E+15,4.94576E+16
106181,7,1,31,17,2018,6,17,3,3,2,6,0,0,1,0,0,0,0,0,3.6129E+20,5.59966E+21,7.04275E+15,5.05324E+16
106182,7,3,15,0,2018,6,13,7,3,2,6,0,0,1,0,0,0,0,0,4.4755E+20,5.53993E+21,8.268E+15,5.00094E+16
106183,7,1,31,77,2018,6,10,2,3,2,6,0,0,1,0,0,0,0,0,3.75704E+20,5.60069E+21,7.24568E+15,5.0545E+16
106184,7,3,32,38,2018,6,11,3,3,2,6,0,0,1,0,0,0,0,1,4.38504E+20,5.48835E+21,8.14992E+15,4.95447E+16
106185,7,3,12,0,2018,6,17,5,3,2,6,0,0,1,0,0,0,0,0,4.05242E+20,5.47179E+21,7.69419E+15,4.93914E+16
106186,7,3,32,15,2018,6,17,3,2,4,2,0,0,1,0,1,0,0,0,4.44086E+20,5.48201E+21,8.22798E+15,4.94881E+16
106187,7,1,32,48,2018,6,18,2,2,8,1,0,0,0,0,1,0,0,0,4.11356E+20,5.62201E+21,7.74362E+15,5.07431E+16
106188,7,3,17,0,2018,6,14,7,3,5,3,0,0,1,0,0,0,1,0,3.978E+20,5.45227E+21,7.59666E+15,4.92147E+16
106189,7,1,31,7,2018,6,18,5,3,2,6,0,0,1,0,0,0,1,0,3.6678E+20,5.60153E+21,7.1195E+15,5.05505E+16
106190,7,3,34,13,2018,6,12,3,2,0,1,0,0,0,0,1,0,0,1,4.40729E+20,5.43824E+21,8.18812E+15,4.90942E+16
106191,7,3,40,211,2018,6,9,6,3,5,3,0,0,1,0,1,0,0,0,3.81253E+20,5.44924E+21,7.37044E+15,4.91845E+16
106192,7,3,35,35,2018,6,9,3,3,1,6,0,0,1,0,0,0,0,0,4.11144E+20,5.48379E+21,7.77282E+15,4.95003E+16
106193,7,3,34,25,2018,6,10,3,3,2,6,0,0,1,0,0,0,1,1,4.49256E+20,5.44404E+21,8.30418E+15,4.91471E+16
106194,7,1,40,112,2018,6,13,4,2,2,6,0,0,1,0,0,0,0,0,4.09241E+20,5.55114E+21,7.7308E+15,5.01056E+16
106195,7,1,43,48,2018,6,10,5,3,1,7,0,0,1,0,0,0,1,0,4.1474E+20,5.587E+21,7.7996E+15,5.04289E+16
106196,7,3,37,38,2018,6,12,3,3,3,1,0,0,1,0,0,1,0,1,4.41992E+20,5.44493E+21,8.20446E+15,4.91545E+16
106197,7,1,32,91,2018,6,10,7,2,8,7,0,0,0,0,1,0,0,0,4.05543E+20,5.62466E+21,7.66057E+15,5.0766E+16
106198,7,1,11,0,2018,6,20,4,3,5,3,0,1,1,0,0,0,0,0,3.99772E+20,5.57918E+21,7.59101E+15,5.03561E+16
106199,7,3,18,0,2018,6,9,3,2,0,1,0,1,0,0,0,0,0,1,4.58675E+20,5.46302E+21,8.43137E+15,4.93186E+16
106200,7,3,37,52,2018,6,11,6,2,3,2,0,1,1,0,0,0,0,0,4.36587E+20,5.45963E+21,8.12801E+15,4.92862E+16
106201,7,1,38,75,2018,6,19,4,3,8,1,0,0,1,0,0,0,0,0,3.82292E+20,5.61E+21,7.33568E+15,5.063E+16
106202,7,1,31,6,2018,6,16,6,3,8,1,0,0,0,0,1,0,0,0,3.77949E+20,5.59872E+21,7.278E+15,5.05277E+16
106203,7,1,31,14,2018,6,5,3,3,1,1,0,0,1,0,0,0,0,0,3.81614E+20,5.59364E+21,7.33131E+15,5.04827E+16
106204,7,3,18,0,2018,6,6,3,3,4,6,0,0,1,0,0,0,0,1,4.57874E+20,5.46184E+21,8.42048E+15,4.93078E+16
106205,7,3,39,43,2018,6,18,5,3,1,1,0,1,1,0,0,0,0,0,4.5259E+20,5.52496E+21,8.34017E+15,4.98751E+16
106206,7,3,38,18,2018,6,13,3,3,2,6,0,0,1,0,0,0,0,0,4.49039E+20,5.48134E+21,8.29645E+15,4.94826E+16
106207,7,3,35,38,2018,6,11,2,3,3,6,0,0,1,0,0,1,0,0,4.00203E+20,5.4761E+21,7.62369E+15,4.94294E+16
106208,7,2,33,501,2018,6,14,7,2,9,6,0,0,0,0,1,0,0,0,3.4166E+20,5.5648E+21,6.78065E+15,5.02142E+16
106209,7,1,43,21,2018,6,7,2,3,8,7,0,0,1,0,0,1,0,0,4.21901E+20,5.58942E+21,7.8999E+15,5.04516E+16
106210,7,3,14,0,2018,6,9,3,3,5,7,0,0,1,0,0,0,0,0,4.57287E+20,5.48249E+21,8.41018E+15,4.94935E+16
106211,7,3,16,0,2018,6,6,5,3,5,7,0,0,1,0,0,1,0,0,4.36953E+20,5.46707E+21,8.13186E+15,4.9353E+16
106212,7,3,31,73,2018,6,9,3,3,5,2,0,0,1,0,1,0,0,1,4.36348E+20,5.52086E+21,8.11482E+15,4.98368E+16
106213,7,3,38,26,2018,6,10,7,3,5,3,0,0,1,0,0,0,0,0,4.58783E+20,5.47208E+21,8.43192E+15,4.94E+16
106214,7,1,11,0,2018,6,13,2,3,1,6,0,0,1,0,0,0,0,0,3.99565E+20,5.57995E+21,7.5879E+15,5.03631E+16
106215,7,3,12,0,2018,6,10,4,3,2,6,0,0,1,0,0,0,1,0,4.0817E+20,5.477E+21,7.73333E+15,4.94387E+16
106216,7,2,33,218,2018,6,14,1,3,2,2,0,0,0,0,1,0,0,0,3.50608E+20,5.5715E+21,6.90333E+15,5.02767E+16
106217,7,3,32,6,2018,6,12,7,3,1,5,0,0,1,0,0,0,0,0,4.40904E+20,5.49571E+21,8.18198E+15,4.96111E+16
106218,7,1,11,0,2018,6,15,5,3,5,3,0,1,1,0,0,0,0,0,3.99042E+20,5.58186E+21,7.58004E+15,5.03802E+16
106219,7,3,15,0,2018,6,18,3,3,3,6,0,1,0,0,0,1,0,0,4.51087E+20,5.53541E+21,8.31794E+15,4.9969E+16
106220,7,3,12,0,2018,6,17,6,2,8,1,0,0,0,0,1,0,0,0,4.09102E+20,5.47665E+21,7.74626E+15,4.94357E+16
106221,7,3,37,1,2018,6,13,3,3,8,1,0,0,0,0,1,0,0,0,4.19243E+20,5.45785E+21,7.88991E+15,4.92681E+16
106222,7,2,31,108,2018,6,6,3,3,8,7,0,0,1,0,0,0,0,1,3.47388E+20,5.54314E+21,6.86953E+15,5.0021E+16
106223,7,3,16,0,2018,6,17,3,3,1,6,0,0,1,0,0,0,0,0,4.38577E+20,5.46799E+21,8.15409E+15,4.93615E+16
106224,7,2,33,26,2018,6,11,7,2,8,1,0,0,0,0,1,0,0,0,3.35522E+20,5.56148E+21,6.69612E+15,5.01827E+16
106225,7,3,38,19,2018,6,17,5,3,5,2,0,0,1,0,1,0,0,0,4.52284E+20,5.47811E+21,8.34162E+15,4.94537E+16
106226,7,3,35,22,2018,6,21,2,2,8,1,1,0,1,0,0,0,0,0,3.93183E+20,5.47374E+21,7.52755E+15,4.9407E+16
106227,7,2,35,1,2018,6,17,3,3,8,1,0,0,1,0,0,0,0,1,3.2743E+20,5.51714E+21,6.60278E+15,4.97819E+16
106228,7,3,31,18,2018,6,7,6,2,5,2,0,0,1,0,0,0,1,0,4.61104E+20,5.51118E+21,8.46004E+15,4.97519E+16
106229,7,1,31,70,2018,6,16,5,2,2,6,0,0,1,0,0,0,0,0,3.73268E+20,5.60863E+21,7.20862E+15,5.06158E+16
106230,7,2,11,0,2018,6,8,3,2,1,6,0,0,1,0,1,0,0,1,3.25724E+20,5.51025E+21,6.58217E+15,4.97195E+16
106231,7,3,14,0,2018,6,16,2,3,0,3,0,0,1,1,0,0,0,0,4.57838E+20,5.47907E+21,8.41815E+15,4.94628E+16
106232,7,2,32,288,2018,6,14,7,3,8,1,0,0,0,0,1,0,0,0,3.17677E+20,5.5703E+21,6.44217E+15,5.02567E+16
106233,7,3,31,10,2018,6,14,1,3,7,7,0,0,0,0,1,0,0,0,4.39666E+20,5.5171E+21,8.16155E+15,4.98033E+16
106234,7,3,15,0,2018,6,11,5,2,5,3,0,0,1,0,0,0,0,0,4.41677E+20,5.53522E+21,8.18676E+15,4.99664E+16
106235,7,3,32,24,2018,6,14,5,3,2,6,0,0,1,0,0,0,0,0,4.39636E+20,5.49033E+21,8.16526E+15,4.95625E+16
106236,7,1,37,212,2018,6,14,3,3,4,6,0,1,1,0,0,0,0,0,3.90371E+20,5.57384E+21,7.46046E+15,5.03064E+16
106237,7,2,11,0,2018,6,7,3,3,0,1,0,1,0,0,0,0,0,1,3.29822E+20,5.51348E+21,6.63756E+15,4.97497E+16
106238,7,2,35,51,2018,6,19,5,3,2,6,0,0,1,0,0,0,0,0,3.2366E+20,5.50917E+21,6.55405E+15,4.97092E+16
106239,7,1,41,47,2018,6,14,3,3,8,1,0,0,1,0,0,0,0,0,4.11448E+20,5.56438E+21,7.75858E+15,5.02249E+16
106240,7,3,16,0,2018,6,17,2,3,2,6,0,0,1,0,0,0,0,0,4.40105E+20,5.46429E+21,8.17568E+15,4.93284E+16
106241,7,3,32,1,2018,6,19,1,3,4,1,0,0,1,0,0,0,0,0,4.33213E+20,5.48455E+21,8.07744E+15,4.95099E+16
106242,7,1,41,60,2018,6,8,3,3,8,1,0,0,1,0,0,0,0,1,4.23191E+20,5.56395E+21,7.92326E+15,5.02227E+16
106243,7,3,38,18,2018,6,7,5,2,4,2,0,0,1,0,0,0,0,0,4.48311E+20,5.48125E+21,8.2864E+15,4.94817E+16
106244,7,1,41,91,2018,6,18,3,3,6,6,0,0,1,1,0,0,0,0,4.14597E+20,5.57424E+21,7.80049E+15,5.03141E+16
106245,7,3,31,61,2018,6,7,7,3,0,2,0,0,1,0,0,0,0,0,4.3789E+20,5.51831E+21,8.13667E+15,4.9814E+16
106246,7,3,38,6,2018,6,7,4,2,9,6,0,0,1,0,0,0,1,0,4.49532E+20,5.47258E+21,8.30436E+15,4.94038E+16
106247,7,3,31,32,2018,6,12,7,3,5,3,0,0,1,0,0,0,0,0,4.42005E+20,5.51484E+21,8.19439E+15,4.97832E+16
106248,7,3,34,28,2018,6,8,4,3,2,6,0,0,1,0,0,1,0,0,4.51785E+20,5.45743E+21,8.33724E+15,4.92677E+16
106249,7,3,33,18,2018,6,8,6,3,5,7,0,0,1,0,0,0,0,0,4.36408E+20,5.49983E+21,8.11908E+15,4.96476E+16
106250,7,1,33,18,2018,6,16,3,3,3,3,0,1,0,0,0,1,0,0,4.20749E+20,5.5254E+21,7.89701E+15,4.98758E+16
106251,7,1,43,47,2018,6,19,3,3,8,1,0,0,1,0,0,0,0,0,4.13036E+20,5.5952E+21,7.77371E+15,5.05023E+16
106252,7,3,38,26,2018,6,10,3,3,1,5,0,0,1,0,1,0,0,0,4.59465E+20,5.47151E+21,8.44137E+15,4.93949E+16
106253,7,3,37,49,2018,6,10,2,3,2,6,0,0,1,0,0,0,0,0,4.28505E+20,5.44397E+21,8.01969E+15,4.91444E+16
106254,7,1,43,33,2018,6,8,3,3,9,1,0,0,1,0,0,0,0,1,4.17212E+20,5.58613E+21,7.8346E+15,5.04213E+16
106255,7,2,32,218,2018,6,20,6,3,4,6,0,0,1,0,1,0,0,0,3.20438E+20,5.52493E+21,6.50213E+15,4.98499E+16
106256,7,1,37,3,2018,6,17,5,3,5,3,0,0,1,0,0,0,0,0,3.8826E+20,5.58689E+21,7.42696E+15,5.04234E+16
106257,7,1,38,41,2018,6,7,3,3,2,6,0,0,1,0,0,0,0,1,3.78011E+20,5.60308E+21,7.27745E+15,5.05669E+16
106258,7,3,19,0,2018,6,19,2,2,2,6,0,0,1,0,0,0,1,0,4.53287E+20,5.50309E+21,8.3525E+15,4.96786E+16
106259,7,2,31,8,2018,6,11,1,3,5,3,0,0,1,0,1,0,0,0,3.61488E+20,5.53102E+21,7.0706E+15,4.99155E+16
106260,7,3,15,0,2018,6,8,5,3,2,6,0,0,1,0,0,0,0,0,4.47547E+20,5.53574E+21,8.26853E+15,4.99717E+16
106261,7,1,38,41,2018,6,7,3,3,8,1,0,0,1,0,0,0,0,1,3.79691E+20,5.60419E+21,7.3008E+15,5.05772E+16
106262,7,2,35,72,2018,6,13,7,3,0,1,0,0,0,0,1,0,0,0,3.33298E+20,5.50279E+21,6.69034E+15,4.96546E+16
106263,7,1,43,263,2018,6,10,4,3,2,6,0,0,1,0,0,0,0,0,4.19812E+20,5.59224E+21,7.86989E+15,5.04766E+16
106264,7,1,31,7,2018,6,20,7,3,5,3,0,0,1,0,0,0,0,0,3.6883E+20,5.60117E+21,7.14855E+15,5.05478E+16
106265,7,2,33,23,2018,6,16,4,3,1,7,0,0,1,0,1,0,0,0,3.30354E+20,5.58032E+21,6.61535E+15,5.03505E+16
106266,7,2,35,143,2018,6,15,6,3,5,3,0,0,1,0,0,0,0,0,3.2357E+20,5.50841E+21,6.55316E+15,4.97024E+16
106267,7,2,35,68,2018,6,7,3,2,2,6,0,0,1,0,0,1,1,0,3.27415E+20,5.5098E+21,6.60581E+15,4.97159E+16
106268,7,1,32,6,2018,6,8,3,3,0,1,0,0,0,0,1,0,0,1,4.209E+20,5.62714E+21,7.87776E+15,5.07906E+16
106269,7,2,32,226,2018,6,14,7,3,9,1,0,0,1,0,0,0,0,0,3.19356E+20,5.5698E+21,6.46594E+15,5.02527E+16
106270,7,3,15,0,2018,6,16,4,2,6,3,0,0,1,1,0,0,0,0,4.47627E+20,5.53488E+21,8.26976E+15,4.9964E+16
106271,7,2,33,38,2018,6,17,7,2,5,3,0,0,1,0,0,1,0,0,3.38096E+20,5.5754E+21,6.7262E+15,5.03085E+16
106272,7,3,33,60,2018,6,18,4,3,5,3,0,0,1,0,1,0,0,0,4.26257E+20,5.48521E+21,7.98124E+15,4.9515E+16
106273,7,2,35,73,2018,6,13,6,3,3,6,0,0,1,0,0,0,0,0,3.2252E+20,5.51234E+21,6.53682E+15,4.97373E+16
106274,7,3,15,0,2018,6,8,3,2,1,2,0,1,1,0,0,0,0,0,4.40945E+20,5.53714E+21,8.17626E+15,4.99837E+16
106275,7,1,35,83,2018,6,14,3,3,5,3,0,1,1,0,0,0,0,1,3.55971E+20,5.56335E+21,6.98165E+15,5.02047E+16
106276,7,3,19,0,2018,6,7,3,3,0,7,0,0,0,0,1,0,0,0,4.51822E+20,5.49684E+21,8.33297E+15,4.96222E+16
106277,7,1,33,501,2018,6,14,2,3,5,3,0,0,1,0,0,0,0,0,4.01823E+20,5.51526E+21,7.63624E+15,4.97818E+16
106278,7,1,31,29,2018,6,9,3,3,8,1,0,0,1,0,0,0,0,1,3.54198E+20,5.59124E+21,6.94603E+15,5.0455E+16
106279,7,2,11,0,2018,6,11,6,2,6,4,0,0,0,1,1,0,0,0,3.3098E+20,5.51467E+21,6.65312E+15,4.97607E+16
106280,7,3,17,0,2018,6,22,2,3,5,2,2,0,1,0,0,0,0,1,3.97806E+20,5.45225E+21,7.59675E+15,4.92146E+16
106281,7,2,31,103,2018,6,13,2,3,2,6,0,0,1,0,0,0,0,0,3.51371E+20,5.53177E+21,6.92948E+15,4.99198E+16
106282,7,1,43,53,2018,6,10,1,3,2,6,0,0,1,0,1,0,0,0,4.15836E+20,5.58556E+21,7.81535E+15,5.0416E+16
106283,7,1,43,286,2018,6,21,5,3,5,3,1,0,1,0,0,1,0,0,4.34548E+20,5.60854E+21,8.07466E+15,5.0625E+16
106284,7,3,17,0,2018,6,14,2,3,0,1,0,1,0,0,0,0,0,1,3.97624E+20,5.4528E+21,7.59411E+15,4.92194E+16
106285,7,2,11,0,2018,6,18,7,2,1,5,0,1,1,0,0,0,0,0,3.28898E+20,5.51395E+21,6.62455E+15,4.97537E+16
106286,7,1,35,29,2018,6,9,4,3,6,4,0,0,0,1,1,0,0,0,3.65868E+20,5.55638E+21,7.12271E+15,5.01444E+16
106287,7,3,33,503,2018,6,20,6,3,0,1,0,0,1,0,0,0,0,0,4.17252E+20,5.49086E+21,7.85567E+15,4.95646E+16
106288,7,2,11,0,2018,6,13,4,3,5,3,0,0,1,0,0,0,0,0,3.31999E+20,5.51601E+21,6.66667E+15,4.9773E+16
106289,7,1,32,39,2018,6,18,6,2,1,2,0,0,1,0,0,0,0,0,4.16868E+20,5.62235E+21,7.82166E+15,5.07469E+16
106290,7,1,32,100,2018,6,13,3,2,5,3,0,0,1,0,1,0,0,0,3.97292E+20,5.6137E+21,7.54666E+15,5.06661E+16
106291,7,3,12,0,2018,6,16,2,3,2,6,0,0,1,0,0,0,0,1,4.05296E+20,5.47781E+21,7.6935E+15,4.94456E+16
106292,7,3,35,4,2018,6,15,2,3,8,1,0,0,1,0,0,0,0,1,4.26458E+20,5.48249E+21,7.98451E+15,4.94906E+16
106293,7,1,40,24,2018,6,15,3,2,4,7,0,0,1,0,0,1,0,0,3.75199E+20,5.53147E+21,7.26135E+15,4.99226E+16
106294,7,3,35,15,2018,6,13,1,3,1,6,0,0,1,0,1,0,0,0,4.21236E+20,5.47755E+21,7.91341E+15,4.94455E+16
106295,7,1,40,9,2018,6,9,2,3,5,3,0,0,1,0,0,0,1,1,3.84523E+20,5.54192E+21,7.38805E+15,5.00184E+16
106296,7,3,35,3,2018,6,20,2,3,8,7,1,0,1,0,0,0,0,1,3.84746E+20,5.47422E+21,7.41116E+15,4.94097E+16
106297,7,3,32,24,2018,6,13,5,3,4,2,0,1,1,0,0,0,0,0,4.40473E+20,5.48953E+21,8.17695E+15,4.95554E+16
106298,7,3,12,0,2018,6,16,2,3,2,6,0,0,1,0,0,0,1,1,4.06681E+20,5.477E+21,7.71279E+15,4.94385E+16
106299,7,1,31,70,2018,6,15,3,3,0,1,0,1,0,0,0,0,0,0,3.73154E+20,5.6113E+21,7.20609E+15,5.06398E+16
106300,7,2,11,0,2018,6,10,2,2,6,4,0,0,1,1,0,0,0,0,3.27748E+20,5.51249E+21,6.60925E+15,4.97402E+16
106301,7,3,37,5,2018,6,13,2,3,3,1,0,0,1,0,0,0,0,0,4.28146E+20,5.43907E+21,8.01564E+15,4.91002E+16