OBJECTID_1,ULAND,UREGBEZ,UKREIS,UGEMEINDE,UJAHR,UMONAT,USTUNDE,UWOCHENTAG,UKATEGORIE,UART,UTYP1,ULICHTVERH,IstRad,IstPKW,IstFuss,IstKrad,IstGkfz,IstSonstig,STRZUSTAND,LINREFX,LINREFY,XGCSWGS84,YGCSWGS84
106302,7,1,37,229,2018,6,6,6,3,8,7,0,0,1,0,0,0,0,0,4.01516E+20,5.5864E+21,7.61363E+15,5.04213E+16
106303,7,3,13,0,2018,6,17,2,2,8,1,0,0,0,0,1,0,0,1,4.37674E+20,5.44937E+21,8.14455E+15,4.91939E+16
106304,7,1,43,36,2018,6,14,2,2,9,1,0,0,0,0,1,0,0,0,4.18013E+20,5.57948E+21,7.84732E+15,5.03617E+16
106305,7,1,37,226,2018,6,14,1,3,3,6,0,0,0,0,1,0,0,0,3.99314E+20,5.58537E+21,7.58292E+15,5.04118E+16
106306,7,1,32,28,2018,6,6,5,3,4,3,0,0,1,0,0,1,0,0,4.08611E+20,5.62453E+21,7.7041E+15,5.07653E+16
106307,7,3,37,7,2018,6,16,2,3,1,6,0,0,1,0,0,0,0,1,4.3345E+20,5.44356E+21,8.08755E+15,4.91413E+16
106308,7,1,31,50,2018,6,9,7,3,2,6,0,0,1,0,0,0,0,0,3.5521E+20,5.57899E+21,6.96501E+15,5.03452E+16
106309,7,1,43,48,2018,6,23,4,3,7,7,2,0,1,0,0,1,0,0,4.16798E+20,5.58889E+21,7.82816E+15,5.04461E+16
106310,7,3,18,0,2018,6,17,2,3,2,6,0,0,1,0,0,0,1,1,4.60066E+20,5.46268E+21,8.45054E+15,4.93156E+16
106311,7,1,33,96,2018,6,16,6,3,2,2,0,0,1,0,0,0,1,0,3.94213E+20,5.51807E+21,7.5298E+15,4.98057E+16
106312,7,1,38,62,2018,6,8,4,2,5,2,0,0,1,0,0,0,0,0,3.74149E+20,5.60979E+21,7.22067E+15,5.06264E+16
106313,7,1,11,0,2018,6,11,6,3,5,3,0,0,1,0,0,0,0,0,4.01889E+20,5.58029E+21,7.62048E+15,5.03665E+16
106314,7,1,40,3,2018,6,18,3,3,8,1,0,0,1,0,0,0,0,0,4.01011E+20,5.53757E+21,7.61926E+15,4.99822E+16
106315,7,3,18,0,2018,6,7,2,3,1,6,0,0,1,0,0,0,0,0,4.57667E+20,5.46634E+21,8.41715E+15,4.93483E+16
106316,7,3,39,30,2018,6,21,5,2,8,1,0,0,0,0,1,0,0,0,4.31404E+20,5.53594E+21,8.04341E+15,4.99719E+16
106317,7,3,38,6,2018,6,15,2,3,4,6,0,1,0,0,0,0,0,1,4.50745E+20,5.47465E+21,8.32082E+15,4.94225E+16
106318,7,3,38,9,2018,6,15,2,2,3,6,0,0,1,0,0,0,0,0,4.49738E+20,5.49056E+21,8.30491E+15,4.95655E+16
106319,7,1,33,83,2018,6,18,1,2,8,7,0,0,1,0,0,0,0,0,4.04638E+20,5.50911E+21,7.67684E+15,4.9727E+16
106320,7,1,33,62,2018,6,16,2,3,6,6,0,0,1,1,0,0,0,1,3.9483E+20,5.51782E+21,7.53844E+15,4.98037E+16
106321,7,3,37,23,2018,6,14,5,3,5,3,0,0,0,0,1,0,1,0,4.40092E+20,5.4534E+21,8.17714E+15,4.92305E+16
106322,7,3,39,5,2018,6,9,2,3,4,6,0,0,1,0,0,0,0,0,4.21807E+20,5.53576E+21,7.90963E+15,4.99691E+16
106323,7,1,33,54,2018,6,16,7,3,5,2,0,0,1,0,0,0,0,0,4.20931E+20,5.52674E+21,7.89926E+15,4.98878E+16
106324,7,1,38,34,2018,6,19,2,3,9,1,0,0,1,0,0,0,0,0,4.00833E+20,5.59881E+21,7.60073E+15,5.05328E+16
106325,7,3,34,1,2018,6,23,4,3,3,2,2,0,1,0,0,0,0,0,4.49879E+20,5.45077E+21,8.31188E+15,4.92076E+16
106326,7,1,34,69,2018,6,13,1,3,5,3,0,0,1,0,1,0,0,0,3.81477E+20,5.52452E+21,7.3509E+15,4.98614E+16
106327,7,3,37,49,2018,6,17,7,3,7,1,0,0,0,0,1,0,0,0,4.27958E+20,5.44318E+21,8.01232E+15,4.91372E+16
106328,7,3,36,89,2018,6,9,4,2,8,1,0,0,0,0,0,1,0,0,3.88208E+20,5.48741E+21,7.45513E+15,4.9529E+16
106329,7,3,13,0,2018,6,13,6,3,5,3,0,0,1,0,0,0,0,0,4.35508E+20,5.45091E+21,8.11458E+15,4.92076E+16
106330,7,3,38,18,2018,6,9,3,3,2,6,0,1,1,0,0,0,0,0,4.48821E+20,5.48131E+21,8.29344E+15,4.94823E+16
106331,7,3,36,40,2018,7,11,4,3,5,2,0,0,1,0,0,0,0,0,3.9386E+20,5.50155E+21,7.52939E+15,4.96572E+16
106332,7,3,14,0,2018,7,13,6,3,2,6,0,0,1,0,0,1,0,0,4.51103E+20,5.48155E+21,8.32491E+15,4.94846E+16
106333,7,3,36,18,2018,7,17,4,2,5,2,0,0,1,0,0,0,0,0,3.82475E+20,5.48624E+21,7.37629E+15,4.95174E+16
106334,7,3,32,26,2018,7,18,1,2,8,1,0,1,0,0,0,0,0,0,4.40873E+20,5.48427E+21,8.18327E+15,4.95082E+16
106335,7,3,11,0,2018,7,18,3,3,5,3,0,0,1,0,0,0,0,0,4.53241E+20,5.48819E+21,8.35364E+15,4.95445E+16
106336,7,1,43,237,2018,7,8,3,3,9,7,0,0,1,0,0,0,0,0,4.31616E+20,5.60783E+21,8.03335E+15,5.06183E+16
106337,7,3,12,0,2018,7,16,4,3,3,6,0,0,1,0,0,1,0,0,4.0461E+20,5.48159E+21,7.68313E+15,4.94795E+16
106338,7,1,38,45,2018,7,11,7,3,8,1,0,0,0,0,1,0,0,0,3.9532E+20,5.59223E+21,7.52482E+15,5.04727E+16
106339,7,3,37,22,2018,7,13,5,3,5,3,0,0,1,0,0,0,0,0,4.28266E+20,5.44695E+21,8.01587E+15,4.91712E+16
106340,7,3,31,3,2018,7,8,7,2,1,6,0,0,1,0,0,1,0,0,4.37425E+20,5.51121E+21,8.13135E+15,4.97501E+16
106341,7,1,37,102,2018,7,9,2,2,0,7,0,0,0,0,1,0,0,0,3.78715E+20,5.57573E+21,7.29624E+15,5.03211E+16
106342,7,3,12,0,2018,7,13,4,2,2,6,0,0,1,0,0,0,0,0,4.06391E+20,5.47677E+21,7.70885E+15,4.94364E+16
106343,7,1,33,78,2018,7,17,3,3,2,6,0,0,1,0,0,1,0,0,4.24752E+20,5.52279E+21,7.95322E+15,4.98528E+16
106344,7,1,43,10,2018,7,13,6,3,2,6,0,0,1,0,0,0,0,0,4.12683E+20,5.59042E+21,7.76986E+15,5.04593E+16
106345,7,2,35,142,2018,7,13,6,3,4,1,0,0,1,0,0,0,0,0,3.41951E+20,5.49885E+21,6.81172E+15,4.96215E+16
106346,7,3,32,2,2018,7,22,7,3,2,6,2,0,1,0,0,0,0,0,4.4103E+20,5.48006E+21,8.18607E+15,4.94704E+16
106347,7,3,32,21,2018,7,6,4,3,5,3,0,0,1,0,1,0,0,0,4.47332E+20,5.48855E+21,8.27191E+15,4.95473E+16
106348,7,3,31,48,2018,7,9,2,3,4,2,0,0,1,0,0,0,0,0,4.42424E+20,5.49768E+21,8.20273E+15,4.9629E+16
106349,7,3,38,18,2018,7,7,4,3,4,6,0,1,0,0,0,0,0,0,4.50033E+20,5.48152E+21,8.31013E+15,4.94843E+16
106350,7,3,16,0,2018,7,7,4,2,5,2,0,0,1,0,1,0,0,0,4.37609E+20,5.46682E+21,8.14094E+15,4.93509E+16
106351,7,1,43,277,2018,7,7,6,2,5,3,0,0,1,0,0,0,0,0,4.28556E+20,5.61216E+21,7.98926E+15,5.06569E+16
106352,7,3,16,0,2018,7,1,4,3,8,1,2,0,1,0,0,0,0,0,4.41731E+20,5.46815E+21,8.19749E+15,4.93633E+16
106353,7,3,15,0,2018,7,2,1,3,9,1,2,0,1,0,0,0,0,0,4.43527E+20,5.54207E+21,8.21154E+15,5.00282E+16
106354,7,2,32,7,2018,7,6,3,3,2,2,0,0,1,0,0,0,0,0,3.28352E+20,5.54178E+21,6.60463E+15,5.00036E+16
106355,7,1,11,0,2018,7,20,3,3,5,3,0,1,1,0,0,0,0,1,3.99534E+20,5.57971E+21,7.58753E+15,5.03609E+16
106356,7,3,34,18,2018,7,8,4,3,5,3,0,0,1,0,1,0,0,0,4.46817E+20,5.45476E+21,8.26931E+15,4.92433E+16
106357,7,3,14,0,2018,7,12,6,3,1,2,0,0,1,0,0,0,0,0,4.58E+20,5.47975E+21,8.42032E+15,4.94689E+16
106358,7,1,34,62,2018,7,12,5,3,2,6,0,0,1,0,0,0,0,0,3.74318E+20,5.50637E+21,7.2572E+15,4.96968E+16
106359,7,1,37,228,2018,7,11,7,3,5,2,0,0,1,0,0,0,0,0,3.89572E+20,5.58676E+21,7.44546E+15,5.04224E+16
106360,7,3,32,38,2018,7,17,1,2,0,7,0,1,0,0,0,0,0,0,4.37897E+20,5.4879E+21,8.1416E+15,4.95405E+16
106361,7,3,37,38,2018,7,21,4,2,9,1,2,0,0,0,1,0,0,0,4.42605E+20,5.444E+21,8.21299E+15,4.91462E+16
106362,7,1,38,44,2018,7,17,3,2,0,1,0,0,0,0,1,0,0,0,3.87367E+20,5.60898E+21,7.40772E+15,5.06218E+16
106363,7,3,31,47,2018,7,14,5,3,5,3,0,1,1,0,0,0,0,0,4.4513E+20,5.49999E+21,8.23988E+15,4.96499E+16
106364,7,3,15,0,2018,7,15,5,3,1,6,0,0,1,0,1,0,0,0,4.4739E+20,5.53737E+21,8.26612E+15,4.99863E+16
106365,7,1,41,25,2018,7,6,7,3,9,1,0,0,1,0,0,0,0,0,4.11585E+20,5.57595E+21,7.7578E+15,5.0329E+16
106366,7,3,40,27,2018,7,7,1,3,9,1,0,0,0,0,1,0,0,0,4.15583E+20,5.4609E+21,7.83897E+15,4.9295E+16
106367,7,3,37,51,2018,7,19,4,3,4,2,0,0,1,0,0,0,0,0,4.28786E+20,5.44805E+21,8.02281E+15,4.91811E+16
106368,7,2,31,87,2018,7,18,3,2,5,3,0,0,0,0,1,0,0,0,3.63671E+20,5.52697E+21,7.10242E+15,4.98796E+16
106369,7,3,34,13,2018,7,14,5,2,1,5,0,0,1,0,0,0,0,0,4.40257E+20,5.43646E+21,8.18191E+15,4.90781E+16
106370,7,1,11,0,2018,7,16,6,3,2,6,0,0,1,0,0,0,0,0,3.93092E+20,5.57856E+21,7.49732E+15,5.03494E+16
106371,7,1,43,67,2018,7,20,6,2,8,1,0,0,1,0,0,0,0,0,4.10916E+20,5.59748E+21,7.74328E+15,5.05225E+16
106372,7,3,40,43,2018,7,18,5,3,9,1,0,0,1,0,0,0,0,1,4.13174E+20,5.44333E+21,7.80965E+15,4.91366E+16
106373,7,3,14,0,2018,7,12,7,3,6,4,0,0,1,1,0,0,0,0,4.59071E+20,5.48216E+21,8.43485E+15,4.94907E+16
106374,7,3,38,21,2018,7,14,4,3,3,6,0,1,1,0,0,0,0,0,4.61392E+20,5.46817E+21,8.46826E+15,4.9365E+16
106375,7,2,33,76,2018,7,17,2,3,5,3,0,0,1,0,0,0,0,0,3.40164E+20,5.57588E+21,6.75501E+15,5.03133E+16
106376,7,3,15,0,2018,7,16,4,3,2,6,0,0,1,0,0,0,0,0,4.476E+20,5.53576E+21,8.26926E+15,4.99719E+16
106377,7,3,38,23,2018,7,10,4,3,8,1,0,0,1,0,0,0,0,0,4.54313E+20,5.4598E+21,8.37172E+15,4.92892E+16
106378,7,1,31,1,2018,7,13,6,3,5,3,0,1,1,0,0,0,0,1,3.52577E+20,5.58332E+21,6.92632E+15,5.03834E+16
106379,7,1,33,6,2018,7,14,4,3,5,3,0,1,1,0,0,0,0,1,4.20697E+20,5.52267E+21,7.89684E+15,4.98512E+16
106380,7,1,34,3,2018,7,22,1,2,9,1,2,0,0,0,1,0,0,0,3.63365E+20,5.51116E+21,7.10373E+15,4.97374E+16
106381,7,2,35,68,2018,7,16,3,3,8,1,0,0,1,0,0,0,0,0,3.25278E+20,5.50644E+21,6.57769E+15,4.96851E+16
106382,7,3,16,0,2018,7,7,2,3,5,3,0,0,1,0,0,0,0,0,4.4489E+20,5.46234E+21,8.2418E+15,4.93113E+16
106383,7,3,19,0,2018,7,17,4,3,2,6,0,0,1,0,1,0,0,1,4.51855E+20,5.49805E+21,8.33327E+15,4.96331E+16
106384,7,3,14,0,2018,7,7,4,3,5,3,0,1,1,0,0,0,0,0,4.59052E+20,5.4825E+21,8.43455E+15,4.94937E+16
106385,7,2,31,86,2018,7,19,6,2,7,7,0,0,0,0,1,0,0,0,3.52138E+20,5.52725E+21,6.9419E+15,4.98793E+16
106386,7,1,38,53,2018,7,14,5,3,2,6,0,0,1,0,0,0,0,0,3.95666E+20,5.60193E+21,7.52697E+15,5.05599E+16
106387,7,3,36,54,2018,7,18,6,3,8,6,0,0,1,0,0,0,0,0,3.78365E+20,5.48014E+21,7.3214E+15,4.94617E+16
106388,7,3,31,58,2018,7,11,1,3,5,2,0,0,1,0,0,0,0,1,4.40083E+20,5.52502E+21,8.16612E+15,4.98746E+16
106389,7,3,39,24,2018,7,17,4,2,5,3,0,0,1,0,0,0,0,0,4.52827E+20,5.51746E+21,8.34439E+15,4.98078E+16
106390,7,1,40,133,2018,7,15,3,2,6,7,0,0,1,1,0,0,0,0,4.07969E+20,5.55632E+21,7.71177E+15,5.01519E+16
106391,7,2,31,103,2018,7,7,5,3,4,6,0,0,1,0,0,0,0,0,3.54511E+20,5.53105E+21,6.97347E+15,4.99141E+16
106392,7,1,38,41,2018,7,6,7,3,8,1,0,0,1,0,0,0,0,0,3.82234E+20,5.60443E+21,7.33663E+15,5.05799E+16
106393,7,3,15,0,2018,7,12,4,3,5,3,0,1,1,0,0,0,0,1,4.44868E+20,5.54174E+21,8.23031E+15,5.00254E+16
106394,7,1,32,13,2018,7,18,2,3,5,3,0,0,1,0,1,0,0,0,4.06403E+20,5.62379E+21,7.67299E+15,5.07583E+16
106395,7,1,31,77,2018,7,15,4,3,4,6,0,0,1,0,0,1,0,0,3.7584E+20,5.60026E+21,7.24774E+15,5.05411E+16
106396,7,3,15,0,2018,7,9,4,3,5,3,0,0,1,0,0,0,0,0,4.44086E+20,5.53796E+21,8.21994E+15,4.99914E+16
106397,7,2,31,134,2018,7,17,7,3,8,1,0,0,1,0,0,0,0,1,3.51926E+20,5.54168E+21,6.9334E+15,5.0009E+16
106398,7,3,12,0,2018,7,18,5,3,5,2,0,0,1,0,0,0,0,0,4.09785E+20,5.47798E+21,7.75538E+15,4.94478E+16
106399,7,3,15,0,2018,7,17,4,3,5,2,0,0,1,0,0,0,0,0,4.4829E+20,5.53854E+21,8.27851E+15,4.9997E+16
106400,7,1,37,220,2018,7,14,1,2,8,1,0,0,0,0,1,0,0,0,3.90831E+20,5.56758E+21,7.46872E+15,5.02503E+16
106401,7,2,33,26,2018,7,14,7,3,0,1,0,0,0,0,1,0,0,0,3.35524E+20,5.56231E+21,6.69579E+15,5.01901E+16
106402,7,2,31,111,2018,7,15,4,3,2,6,0,0,1,0,0,0,0,0,3.45628E+20,5.5284E+21,6.85089E+15,4.98881E+16
106403,7,2,11,0,2018,7,17,2,3,5,2,0,0,1,0,1,0,0,0,3.29139E+20,5.51234E+21,6.62859E+15,4.97393E+16
106404,7,1,43,53,2018,7,14,4,3,9,1,0,0,0,0,1,0,0,0,4.13738E+20,5.58334E+21,7.78634E+15,5.03957E+16
106405,7,2,35,73,2018,7,7,4,3,2,6,0,0,1,0,0,0,1,0,3.19995E+20,5.51196E+21,6.50199E+15,4.97332E+16
106406,7,3,37,59,2018,7,17,7,2,4,1,0,0,1,0,0,0,0,1,4.27855E+20,5.43641E+21,8.01212E+15,4.90764E+16
106407,7,1,40,501,2018,7,10,6,3,2,6,0,0,1,0,0,0,0,0,3.94295E+20,5.56739E+21,7.51735E+15,5.02492E+16
106408,7,2,32,236,2018,7,17,4,3,2,2,0,0,0,0,1,0,1,0,3.02687E+20,5.56157E+21,6.23666E+15,5.01734E+16
106409,7,1,43,48,2018,7,7,1,3,7,7,0,0,0,0,1,0,0,0,4.15895E+20,5.5863E+21,7.81602E+15,5.04227E+16
106410,7,3,37,23,2018,7,20,2,3,8,1,0,0,1,0,0,0,0,0,4.39844E+20,5.4554E+21,8.17343E+15,4.92484E+16
106411,7,2,32,50,2018,7,23,4,3,8,1,2,0,1,0,0,0,0,0,3.34367E+20,5.53535E+21,6.69127E+15,4.99475E+16
106412,7,1,43,232,2018,7,21,4,2,8,6,1,0,1,0,0,0,0,1,4.21844E+20,5.59771E+21,7.89736E+15,5.05261E+16
106413,7,1,43,10,2018,7,10,6,3,1,6,0,0,1,0,0,0,0,0,4.15215E+20,5.59019E+21,7.80556E+15,5.04576E+16
106414,7,1,38,34,2018,7,9,5,3,9,1,0,0,1,0,0,0,0,0,4.01568E+20,5.59814E+21,7.61128E+15,5.05269E+16
106415,7,3,34,7,2018,7,16,6,3,5,3,0,0,0,0,1,1,0,0,4.54266E+20,5.45302E+21,8.37186E+15,4.92282E+16
106416,7,2,32,258,2018,7,15,1,1,8,1,0,0,0,0,1,0,0,0,3.1113E+20,5.55144E+21,6.35978E+15,5.00852E+16
106417,7,2,32,289,2018,7,19,4,2,8,1,0,0,1,0,0,0,0,0,3.35381E+20,5.53135E+21,6.70708E+15,4.99119E+16
106418,7,3,40,36,2018,7,17,2,3,2,7,0,0,1,0,0,0,0,0,3.96248E+20,5.44611E+21,7.57695E+15,4.9159E+16
106419,7,1,31,90,2018,7,11,5,3,8,7,0,0,1,0,0,0,0,0,3.65231E+20,5.60391E+21,7.09679E+15,5.05716E+16
106420,7,3,20,0,2018,7,7,6,3,5,3,0,0,1,0,0,0,0,0,3.81803E+20,5.45565E+21,7.3761E+15,4.92422E+16
106421,7,2,31,134,2018,7,14,4,3,2,6,0,0,1,0,0,0,0,0,3.468E+20,5.5375E+21,6.86357E+15,4.99701E+16
106422,7,3,40,50,2018,7,12,1,3,5,3,0,0,1,0,1,0,0,0,4.02475E+20,5.46317E+21,7.65818E+15,4.93135E+16
106423,7,3,35,4,2018,7,14,3,2,2,1,0,0,1,0,0,1,0,0,4.18913E+20,5.47992E+21,7.88088E+15,4.94665E+16
106424,7,2,31,502,2018,7,13,4,3,9,1,0,0,1,0,0,0,0,0,3.62153E+20,5.51482E+21,7.08562E+15,4.977E+16
106425,7,1,41,51,2018,7,8,7,1,9,1,0,0,1,0,0,0,0,1,4.34069E+20,5.57274E+21,8.0742E+15,5.03031E+16
106426,7,3,34,1,2018,7,19,5,3,1,6,0,0,1,0,0,0,0,0,4.47505E+20,5.44896E+21,8.27953E+15,4.91912E+16
106427,7,3,32,32,2018,7,10,7,3,6,6,0,1,0,1,0,0,0,0,4.33043E+20,5.46933E+21,8.07766E+15,4.9373E+16
106428,7,1,41,71,2018,7,23,2,3,7,7,2,0,0,0,1,0,0,0,4.11692E+20,5.57905E+21,7.75857E+15,5.03569E+16
106429,7,2,11,0,2018,7,13,4,3,1,7,0,0,1,0,0,0,0,0,3.32328E+20,5.51469E+21,6.6718E+15,4.97612E+16
106430,7,3,34,7,2018,7,14,3,3,8,1,0,0,1,0,0,0,0,0,4.52087E+20,5.45016E+21,8.34226E+15,4.92024E+16
106431,7,1,37,203,2018,7,23,6,2,8,6,2,1,0,0,0,0,1,0,3.97584E+20,5.58762E+21,7.55797E+15,5.04317E+16
106432,7,2,31,105,2018,7,15,6,1,0,2,0,0,0,0,1,0,0,0,3.49733E+20,5.52854E+21,6.90793E+15,4.98904E+16
106433,7,2,33,240,2018,7,9,2,3,2,1,0,0,1,0,0,0,0,0,3.21962E+20,5.57676E+21,6.49918E+15,5.0316E+16
106434,7,2,35,107,2018,7,10,4,2,8,1,0,0,1,0,0,0,0,0,3.3389E+20,5.50763E+21,6.69648E+15,4.96983E+16
106435,7,1,31,1,2018,7,18,4,3,8,1,0,0,0,0,1,0,0,0,3.52278E+20,5.58231E+21,6.92252E+15,5.03743E+16
106436,7,1,31,77,2018,7,17,6,2,5,2,0,0,1,0,0,0,1,0,3.75687E+20,5.59807E+21,7.24633E+15,5.05214E+16
106437,7,3,32,32,2018,7,14,4,3,5,3,0,0,1,0,0,0,0,0,4.33206E+20,5.46938E+21,8.0799E+15,4.93735E+16
106438,7,3,15,0,2018,7,12,6,3,3,6,0,1,1,0,0,0,0,0,4.41187E+20,5.53722E+21,8.17962E+15,4.99844E+16
106439,7,1,40,503,2018,7,12,1,2,5,2,0,0,0,0,1,0,1,0,3.8259E+20,5.5508E+21,7.35835E+15,5.00978E+16
106440,7,1,43,263,2018,7,16,4,2,9,1,0,0,1,0,0,0,0,0,4.21037E+20,5.59434E+21,7.88669E+15,5.04957E+16
106441,7,3,38,23,2018,7,14,2,3,2,6,0,0,1,0,0,0,0,0,4.51351E+20,5.4556E+21,8.3315E+15,4.92512E+16
106442,7,3,35,3,2018,7,10,4,2,1,7,0,0,1,0,0,1,0,0,3.86171E+20,5.47096E+21,7.43172E+15,4.93807E+16
106443,7,1,43,286,2018,7,11,4,3,1,5,0,0,1,0,0,1,0,0,4.3394E+20,5.60668E+21,8.0664E+15,5.06082E+16
106444,7,3,20,0,2018,7,8,5,3,0,1,0,0,0,0,1,0,0,1,3.81202E+20,5.45711E+21,7.36741E+15,4.92552E+16
106445,7,1,33,107,2018,7,9,6,3,2,6,0,0,1,0,0,0,0,0,4.05258E+20,5.51808E+21,7.68326E+15,4.98077E+16
106446,7,1,43,248,2018,7,17,4,3,2,6,0,0,1,0,0,0,0,0,4.2385E+20,5.61438E+21,7.92224E+15,5.06763E+16
106447,7,3,16,0,2018,7,3,1,3,9,1,2,0,1,0,0,0,0,0,4.3925E+20,5.46788E+21,8.16337E+15,4.93606E+16
106448,7,1,33,46,2018,7,12,3,3,1,6,0,0,1,0,0,1,0,0,3.92271E+20,5.51715E+21,7.50307E+15,4.97971E+16
106449,7,1,38,41,2018,7,11,3,3,8,1,0,0,1,0,0,0,0,0,3.7969E+20,5.60545E+21,7.30037E+15,5.05886E+16
106450,7,1,41,121,2018,7,7,4,3,5,2,0,0,1,0,0,0,1,0,4.09148E+20,5.55537E+21,7.72849E+15,5.01436E+16
106451,7,3,36,60,2018,7,22,6,3,5,3,2,0,1,0,0,0,0,0,3.98991E+20,5.49915E+21,7.60107E+15,4.96365E+16
106452,7,3,11,0,2018,7,8,5,3,1,6,0,0,1,0,0,0,0,0,4.51742E+20,5.48784E+21,8.33296E+15,4.95412E+16
106453,7,2,35,81,2018,7,23,7,3,0,6,2,0,0,0,1,0,0,0,3.37837E+20,5.4958E+21,6.75607E+15,4.9593E+16
106454,7,1,37,203,2018,7,13,2,3,1,1,0,0,1,0,1,0,0,0,3.99026E+20,5.58656E+21,7.57854E+15,5.04224E+16
106455,7,1,41,120,2018,7,7,4,3,5,5,0,0,1,0,0,0,0,0,4.14724E+20,5.56132E+21,7.80518E+15,5.01979E+16
106456,7,3,33,7,2018,7,19,3,2,5,3,0,0,1,0,0,0,1,0,4.29997E+20,5.50388E+21,8.02957E+15,4.96833E+16
106457,7,3,35,16,2018,7,21,5,3,5,3,0,1,1,0,0,0,0,0,3.89885E+20,5.47517E+21,7.4817E+15,4.94193E+16
106458,7,1,43,23,2018,7,7,6,3,2,1,0,0,1,0,0,0,1,0,4.25111E+20,5.58513E+21,7.94596E+15,5.04135E+16
106459,7,2,11,0,2018,7,13,6,3,9,1,0,0,0,0,1,0,0,0,3.29145E+20,5.51249E+21,6.62862E+15,4.97406E+16
106460,7,3,17,0,2018,7,16,5,3,2,6,0,0,1,0,0,0,0,0,3.96336E+20,5.4495E+21,7.57728E+15,4.91895E+16
106461,7,3,18,0,2018,7,16,7,3,1,5,0,1,1,0,0,0,0,0,4.59628E+20,5.46197E+21,8.44459E+15,4.93091E+16
106462,7,1,43,73,2018,7,10,4,2,3,6,0,1,0,0,0,0,1,0,4.16934E+20,5.59091E+21,7.82962E+15,5.04643E+16
106463,7,3,39,9,2018,7,4,2,2,8,1,1,0,1,0,0,0,0,0,4.4077E+20,5.5417E+21,8.17311E+15,5.00246E+16
106464,7,3,19,0,2018,7,20,4,3,5,3,0,0,1,0,1,0,0,0,4.51694E+20,5.49585E+21,8.33131E+15,4.96133E+16
106465,7,1,32,18,2018,7,14,4,2,1,7,0,0,1,0,1,0,0,0,4.27121E+20,5.62125E+21,7.96717E+15,5.07385E+16
106466,7,1,32,54,2018,7,12,6,2,1,2,0,0,1,0,1,0,0,0,4.14905E+20,5.62708E+21,7.79274E+15,5.07892E+16
106467,7,1,38,50,2018,7,17,4,2,4,1,0,0,1,0,0,0,1,0,3.99367E+20,5.61117E+21,7.5767E+15,5.06437E+16
106468,7,1,35,501,2018,7,14,1,3,8,1,0,0,0,0,1,0,0,0,3.57608E+20,5.54975E+21,7.00965E+15,5.00829E+16
106469,7,2,35,35,2018,7,22,3,2,9,1,0,0,1,0,0,0,0,0,3.46522E+20,5.49868E+21,6.87503E+15,4.96212E+16
106470,7,3,20,0,2018,7,14,7,3,3,6,0,0,1,0,0,0,0,0,3.86183E+20,5.45364E+21,7.43682E+15,4.92249E+16
106471,7,1,11,0,2018,7,22,6,3,5,3,2,0,1,0,0,0,0,0,3.99971E+20,5.57905E+21,7.59385E+15,5.0355E+16
106472,7,1,32,13,2018,7,9,4,2,4,6,0,0,1,0,1,0,1,0,4.06053E+20,5.62319E+21,7.66818E+15,5.07529E+16
106473,7,3,39,50,2018,7,7,2,2,8,1,0,0,0,0,1,0,0,0,4.30365E+20,5.52471E+21,8.03094E+15,4.98708E+16
106474,7,3,18,0,2018,7,18,4,2,5,2,0,1,1,0,0,0,0,0,4.58526E+20,5.46399E+21,8.42922E+15,4.93272E+16
106475,7,1,38,45,2018,7,18,4,2,5,2,0,0,1,0,0,0,0,0,3.88786E+20,5.58938E+21,7.43362E+15,5.04458E+16
106476,7,2,35,142,2018,7,17,6,3,1,6,0,0,1,0,1,0,0,0,3.3968E+20,5.49615E+21,6.7814E+15,4.95966E+16
106477,7,1,35,82,2018,7,19,4,2,6,4,0,0,1,1,0,0,0,0,3.81793E+20,5.56025E+21,7.34429E+15,5.01827E+16
106478,7,3,19,0,2018,7,16,1,3,4,6,0,0,1,0,0,0,0,0,4.51611E+20,5.50075E+21,8.32956E+15,4.96574E+16
106479,7,3,15,0,2018,7,7,3,3,5,3,0,0,0,0,0,0,1,0,4.4477E+20,5.53753E+21,8.22954E+15,4.99876E+16
106480,7,1,37,3,2018,7,20,3,2,7,7,1,1,0,0,0,0,0,0,3.87404E+20,5.58403E+21,7.41576E+15,5.03975E+16
106481,7,1,31,7,2018,7,12,4,3,1,1,0,1,1,0,0,0,0,0,3.64938E+20,5.59483E+21,7.09594E+15,5.04898E+16
106482,7,3,18,0,2018,7,9,6,2,5,3,0,0,1,0,0,0,0,0,4.58622E+20,5.46555E+21,8.43038E+15,4.93413E+16
106483,7,2,32,63,2018,7,17,5,3,3,6,0,0,1,0,0,0,1,0,3.16445E+20,5.52286E+21,6.44763E+15,4.983E+16
106484,7,1,38,73,2018,7,14,7,2,8,1,0,0,0,0,1,0,0,0,3.75335E+20,5.60689E+21,7.23841E+15,5.06005E+16
106485,7,3,20,0,2018,7,11,1,3,0,1,0,0,0,0,1,0,0,0,3.78462E+20,5.45534E+21,7.33031E+15,4.92388E+16
106486,7,1,11,0,2018,7,9,4,3,2,6,0,0,1,0,0,0,0,0,4.00122E+20,5.57898E+21,7.59599E+15,5.03544E+16
106487,7,2,35,107,2018,7,14,3,3,9,1,0,0,1,0,0,0,0,0,3.33884E+20,5.5084E+21,6.69607E+15,4.97052E+16
106488,7,3,13,0,2018,7,7,5,3,5,3,0,1,1,0,0,0,0,0,4.32115E+20,5.45144E+21,8.06791E+15,4.92119E+16