OBJECTID_1,ULAND,UREGBEZ,UKREIS,UGEMEINDE,UJAHR,UMONAT,USTUNDE,UWOCHENTAG,UKATEGORIE,UART,UTYP1,ULICHTVERH,IstRad,IstPKW,IstFuss,IstKrad,IstGkfz,IstSonstig,STRZUSTAND,LINREFX,LINREFY,XGCSWGS84,YGCSWGS84
106489,7,3,40,27,2018,7,16,5,3,7,7,0,0,0,0,1,0,0,0,4.09055E+20,5.45982E+21,7.74945E+15,4.92844E+16
106490,7,1,38,41,2018,7,15,6,3,1,1,0,0,1,0,0,0,0,0,3.7859E+20,5.60325E+21,7.28557E+15,5.05686E+16
106491,7,3,39,6,2018,7,18,7,2,5,3,0,1,1,0,0,0,0,0,4.49364E+20,5.53001E+21,8.29462E+15,4.99203E+16
106492,7,1,11,0,2018,7,0,4,3,2,6,2,0,1,0,0,0,0,0,3.98757E+20,5.57763E+21,7.57717E+15,5.0342E+16
106493,7,2,31,87,2018,7,17,2,3,5,3,0,0,1,0,0,0,0,0,3.62478E+20,5.52785E+21,7.08552E+15,4.98872E+16
106494,7,2,31,1,2018,7,7,4,3,9,1,0,0,1,0,0,0,0,0,3.47926E+20,5.53496E+21,6.88027E+15,4.99476E+16
106495,7,1,33,23,2018,7,17,4,3,3,6,0,0,1,0,0,1,0,1,4.09944E+20,5.53611E+21,7.74416E+15,4.99706E+16
106496,7,1,31,90,2018,7,15,6,2,5,3,0,0,1,0,1,0,0,0,3.69482E+20,5.60452E+21,7.15658E+15,5.0578E+16
106497,7,1,38,40,2018,7,13,4,3,2,6,0,0,1,0,0,1,0,1,3.96938E+20,5.60184E+21,7.54495E+15,5.05594E+16
106498,7,2,35,126,2018,7,3,1,2,9,1,2,0,1,0,0,0,0,0,3.28544E+20,5.49268E+21,6.62894E+15,4.95625E+16
106499,7,3,34,25,2018,7,7,2,2,0,7,0,0,0,1,0,1,0,0,4.47817E+20,5.44526E+21,8.28429E+15,4.91579E+16
106500,7,3,16,0,2018,7,20,3,3,1,6,0,0,1,0,0,0,0,0,4.41762E+20,5.46303E+21,8.19866E+15,4.93173E+16
106501,7,3,39,19,2018,7,9,4,3,5,2,0,0,1,0,0,0,0,0,4.29263E+20,5.53489E+21,8.01375E+15,4.99622E+16
106502,7,1,34,29,2018,7,13,6,3,8,1,0,0,1,0,0,0,0,0,3.7084E+20,5.49386E+21,7.21312E+15,4.95835E+16
106503,7,1,37,97,2018,7,19,5,2,7,7,0,0,0,0,1,0,0,0,3.70699E+20,5.57911E+21,7.18253E+15,5.03499E+16
106504,7,3,32,35,2018,7,16,6,3,5,3,0,0,1,0,0,0,0,0,4.45125E+20,5.47307E+21,8.24355E+15,4.94078E+16
106505,7,3,15,0,2018,7,20,1,3,9,1,1,0,1,0,0,0,0,1,4.47438E+20,5.53747E+21,8.26677E+15,4.99873E+16
106506,7,3,34,501,2018,7,16,3,2,0,7,0,0,0,0,1,0,0,0,4.35823E+20,5.4333E+21,8.1217E+15,4.90493E+16
106507,7,1,31,81,2018,7,20,3,2,8,1,0,0,1,0,0,0,0,0,3.73771E+20,5.59467E+21,7.22046E+15,5.04904E+16
106508,7,3,40,54,2018,7,17,2,3,5,2,0,1,1,0,0,0,0,0,4.01823E+20,5.45964E+21,7.65008E+15,4.92816E+16
106509,7,3,13,0,2018,7,15,3,3,5,2,0,1,1,0,0,0,0,0,4.36722E+20,5.45043E+21,8.13132E+15,4.92034E+16
106510,7,3,39,30,2018,7,15,6,3,5,3,0,0,1,0,0,0,0,0,4.34876E+20,5.53827E+21,8.09142E+15,4.99932E+16
106511,7,1,43,206,2018,7,12,5,2,2,6,0,0,0,0,1,0,0,0,4.26674E+20,5.61317E+21,7.96244E+15,5.06658E+16
106512,7,3,40,20,2018,7,15,6,3,8,1,0,0,0,0,1,0,0,0,4.08454E+20,5.45052E+21,7.74333E+15,4.92006E+16
106513,7,3,37,52,2018,7,10,1,3,1,6,0,1,1,0,0,0,0,0,4.36502E+20,5.46199E+21,8.12646E+15,4.93074E+16
106514,7,3,37,50,2018,7,9,3,2,4,2,0,0,1,0,0,0,0,0,4.3703E+20,5.45423E+21,8.13495E+15,4.92376E+16
106515,7,1,32,63,2018,7,14,3,3,4,2,0,0,1,0,0,0,0,0,4.19267E+20,5.63154E+21,7.85363E+15,5.08299E+16
106516,7,3,15,0,2018,7,15,5,3,1,6,0,0,1,0,0,0,0,0,4.50733E+20,5.53448E+21,8.31311E+15,4.99607E+16
106517,7,2,31,502,2018,7,4,7,3,8,1,2,0,1,0,0,0,0,0,3.61269E+20,5.5164E+21,7.07278E+15,4.9784E+16
106518,7,3,18,0,2018,7,16,3,3,2,6,0,0,1,0,0,0,0,0,4.5867E+20,5.46305E+21,8.4313E+15,4.93188E+16
106519,7,1,43,62,2018,7,17,2,3,2,1,0,0,1,0,0,0,0,0,4.09656E+20,5.59138E+21,7.72699E+15,5.04675E+16
106520,7,1,32,501,2018,7,19,4,3,1,6,0,0,1,0,0,0,0,0,4.04594E+20,5.61608E+21,7.64935E+15,5.06887E+16
106521,7,3,38,19,2018,7,8,3,3,4,2,0,1,1,0,0,0,0,0,4.53975E+20,5.47763E+21,8.36502E+15,4.94495E+16
106522,7,3,37,20,2018,7,14,7,3,9,1,0,0,1,0,0,0,0,1,4.38366E+20,5.46039E+21,8.15235E+15,4.92931E+16
106523,7,3,12,0,2018,7,17,5,3,2,1,0,0,1,0,0,0,1,0,4.02817E+20,5.47752E+21,7.65938E+15,4.94426E+16
106524,7,3,38,18,2018,7,7,3,2,5,3,0,1,1,0,0,0,0,0,4.48311E+20,5.48125E+21,8.2864E+15,4.94817E+16
106525,7,1,32,63,2018,7,10,1,2,2,6,0,0,0,0,1,0,0,0,4.21061E+20,5.63035E+21,7.87936E+15,5.08195E+16
106526,7,3,38,5,2018,7,5,2,3,5,3,1,0,1,0,0,0,1,0,4.48624E+20,5.47117E+21,8.29203E+15,4.9391E+16
106527,7,3,14,0,2018,7,19,3,3,5,3,0,1,0,0,0,0,1,0,4.55071E+20,5.48273E+21,8.37956E+15,4.94956E+16
106528,7,1,38,3,2018,7,15,4,2,2,2,0,0,1,0,1,0,0,0,3.91608E+20,5.61219E+21,7.46671E+15,5.06515E+16
106529,7,1,38,80,2018,7,6,6,2,4,6,0,0,1,0,0,0,0,0,3.88938E+20,5.61849E+21,7.42707E+15,5.07076E+16
106530,7,3,32,13,2018,7,22,4,2,3,6,2,0,1,0,0,0,0,0,4.46811E+20,5.48023E+21,8.26583E+15,4.94724E+16
106531,7,3,14,0,2018,7,16,6,3,5,2,0,0,1,0,0,0,0,0,4.55434E+20,5.4873E+21,8.38405E+15,4.95367E+16
106532,7,3,11,0,2018,7,7,5,3,1,6,0,0,1,0,0,0,0,0,4.51606E+20,5.48787E+21,8.33108E+15,4.95415E+16
106533,7,1,11,0,2018,7,15,6,3,2,2,0,0,1,0,1,0,0,0,3.97546E+20,5.58223E+21,7.55891E+15,5.03832E+16
106534,7,2,35,114,2018,7,14,1,3,0,7,0,0,1,0,0,0,0,0,3.49991E+20,5.50485E+21,6.92066E+15,4.96775E+16
106535,7,1,33,52,2018,7,10,3,3,1,6,0,0,1,0,0,0,0,0,3.9107E+20,5.51599E+21,7.48672E+15,4.97865E+16
106536,7,3,16,0,2018,7,15,2,3,4,6,0,0,1,0,1,0,0,0,4.37599E+20,5.46647E+21,8.14085E+15,4.93478E+16
106537,7,1,40,113,2018,7,16,5,3,3,6,0,0,1,0,0,0,0,0,3.92079E+20,5.53639E+21,7.49505E+15,4.99701E+16
106538,7,3,36,92,2018,7,14,6,3,5,2,0,1,1,0,0,0,0,0,3.80576E+20,5.47343E+21,7.35392E+15,4.94018E+16
106539,7,1,33,93,2018,7,6,3,3,9,1,0,0,0,0,1,0,0,0,4.13821E+20,5.52995E+21,7.79959E+15,4.99157E+16
106540,7,3,20,0,2018,7,8,1,3,9,1,0,0,1,0,0,0,0,0,3.8165E+20,5.45921E+21,7.37294E+15,4.92742E+16
106541,7,3,34,13,2018,7,17,3,3,5,3,0,0,1,0,0,0,0,0,4.40519E+20,5.43659E+21,8.18548E+15,4.90793E+16
106542,7,1,41,29,2018,7,18,5,2,0,1,0,1,0,0,0,0,0,0,4.30143E+20,5.5802E+21,8.01769E+15,5.03697E+16
106543,7,1,31,7,2018,7,10,7,3,5,3,0,1,1,0,0,0,0,0,3.68217E+20,5.60124E+21,7.13988E+15,5.05482E+16
106544,7,3,31,3,2018,7,17,3,3,2,6,0,0,1,0,0,0,0,0,4.37021E+20,5.51051E+21,8.12586E+15,4.97438E+16
106545,7,1,35,93,2018,7,22,2,3,9,1,2,0,0,0,1,0,0,0,3.71647E+20,5.56466E+21,7.20076E+15,5.02202E+16
106546,7,1,43,84,2018,7,14,4,3,3,6,0,0,1,0,0,1,0,0,4.10271E+20,5.59431E+21,7.73495E+15,5.04939E+16
106547,7,3,15,0,2018,7,17,3,3,5,3,0,0,1,0,1,0,0,0,4.47322E+20,5.53041E+21,8.26612E+15,4.99238E+16
106548,7,1,34,22,2018,7,14,7,2,9,1,0,1,0,0,0,0,0,0,3.7013E+20,5.50377E+21,7.20002E+15,4.96725E+16
106549,7,3,32,15,2018,7,18,5,3,4,2,0,1,1,0,0,0,0,0,4.43879E+20,5.48219E+21,8.22509E+15,4.94898E+16
106550,7,3,15,0,2018,7,12,3,3,2,6,0,0,1,0,0,0,0,0,4.4741E+20,5.53781E+21,8.26634E+15,4.99903E+16
106551,7,3,40,211,2018,7,14,7,2,8,1,0,0,0,0,1,0,0,0,3.81865E+20,5.44836E+21,7.3791E+15,4.91767E+16
106552,7,2,35,68,2018,7,22,2,2,2,6,2,1,1,0,1,0,0,0,3.23545E+20,5.5084E+21,6.55282E+15,4.97022E+16
106553,7,2,32,280,2018,7,18,3,3,9,1,0,0,1,0,0,0,0,0,3.17968E+20,5.55592E+21,6.45314E+15,5.01276E+16
106554,7,3,40,28,2018,7,17,3,2,8,1,0,0,0,0,1,0,0,0,4.04457E+20,5.44327E+21,7.69018E+15,4.91348E+16
106555,7,1,37,68,2018,7,13,6,3,5,3,0,0,1,0,0,0,0,0,3.73243E+20,5.57683E+21,7.21904E+15,5.03299E+16
106556,7,3,37,7,2018,7,15,4,2,7,1,0,0,0,0,1,0,0,0,4.32614E+20,5.44284E+21,8.0762E+15,4.91347E+16
106557,7,2,33,42,2018,7,7,6,3,3,6,0,0,1,0,0,0,1,0,3.48722E+20,5.55807E+21,6.88224E+15,5.01555E+16
106558,7,3,39,33,2018,7,14,5,2,5,3,0,0,1,0,1,0,0,0,4.47273E+20,5.52132E+21,8.26668E+15,4.9842E+16
106559,7,1,37,216,2018,7,12,1,3,8,1,0,0,1,0,0,0,0,0,3.92489E+20,5.58188E+21,7.4879E+15,5.03792E+16
106560,7,1,34,24,2018,7,16,3,3,1,6,0,0,1,0,0,0,0,0,3.67037E+20,5.49763E+21,7.15926E+15,4.96166E+16
106561,7,3,14,0,2018,7,6,2,3,2,6,0,0,1,0,1,0,0,0,4.54888E+20,5.48257E+21,8.37705E+15,4.94941E+16
106562,7,3,32,39,2018,7,18,4,3,2,2,0,1,0,0,0,0,1,0,4.42993E+20,5.47362E+21,8.21409E+15,4.94126E+16
106563,7,2,11,0,2018,7,17,3,2,0,1,0,0,1,0,1,0,0,0,3.29936E+20,5.51537E+21,6.63832E+15,4.97667E+16
106564,7,3,35,30,2018,7,13,5,3,8,1,0,0,1,0,0,0,0,1,3.89586E+20,5.47894E+21,7.47653E+15,4.94531E+16
106565,7,3,15,0,2018,7,10,6,3,0,7,0,0,0,0,1,1,0,0,4.47451E+20,5.53438E+21,8.26738E+15,4.99594E+16
106566,7,2,11,0,2018,7,13,3,3,5,2,0,0,1,0,1,0,0,0,3.28037E+20,5.51212E+21,6.61342E+15,4.97369E+16
106567,7,1,33,501,2018,7,3,1,3,8,1,2,0,1,0,0,0,0,0,4.01858E+20,5.51531E+21,7.63671E+15,4.97822E+16
106568,7,3,39,40,2018,7,17,3,3,1,5,0,0,1,0,0,0,0,0,4.14595E+20,5.54313E+21,7.80744E+15,5.00343E+16
106569,7,1,38,45,2018,7,13,3,3,0,1,0,0,0,0,0,1,0,0,3.926E+20,5.59177E+21,7.48662E+15,5.04681E+16
106570,7,2,11,0,2018,7,11,3,3,1,2,0,0,1,0,0,0,0,0,3.28142E+20,5.51302E+21,6.61448E+15,4.97451E+16
106571,7,3,32,10,2018,7,11,6,2,8,1,0,0,0,0,0,0,1,0,4.45422E+20,5.49186E+21,8.24505E+15,4.95768E+16
106572,7,1,33,117,2018,7,14,5,2,2,6,0,0,1,0,0,0,0,0,4.14446E+20,5.52274E+21,7.80989E+15,4.9851E+16
106573,7,2,11,0,2018,7,15,7,3,0,7,0,1,0,0,0,0,0,0,3.29756E+20,5.5135E+21,6.63665E+15,4.97499E+16
106574,7,3,39,61,2018,7,15,5,3,0,6,0,0,1,0,0,0,0,0,4.364E+20,5.53762E+21,8.11279E+15,4.99875E+16
106575,7,3,40,55,2018,7,12,1,2,9,1,0,0,1,0,0,0,0,0,3.99175E+20,5.46732E+21,7.61174E+15,4.93502E+16
106576,7,1,41,79,2018,7,7,3,3,4,6,0,0,1,0,0,0,0,0,4.10874E+20,5.55819E+21,7.75199E+15,5.01692E+16
106577,7,3,15,0,2018,7,13,3,3,5,3,0,1,1,0,0,0,0,0,4.4457E+20,5.54186E+21,8.22613E+15,5.00265E+16
106578,7,3,32,19,2018,7,13,5,2,2,2,0,0,0,0,1,0,1,0,4.4366E+20,5.48301E+21,8.22195E+15,4.94971E+16
106579,7,2,11,0,2018,7,22,3,3,2,6,0,0,1,0,0,0,0,0,3.31228E+20,5.51587E+21,6.65604E+15,4.97716E+16
106580,7,1,41,5,2018,7,16,3,2,4,1,0,0,1,0,0,0,0,0,4.29162E+20,5.58219E+21,8.00353E+15,5.03875E+16
106581,7,1,32,36,2018,7,15,7,3,1,7,0,0,1,0,0,0,1,0,4.26496E+20,5.6185E+21,7.95887E+15,5.07136E+16
106582,7,3,37,1,2018,7,23,5,3,9,1,2,0,1,0,0,0,0,0,4.29347E+20,5.45187E+21,8.02983E+15,4.92156E+16
106583,7,1,33,501,2018,7,1,7,3,8,1,2,0,1,0,0,0,0,0,4.0452E+20,5.51782E+21,7.67307E+15,4.98052E+16
106584,7,1,37,68,2018,7,15,2,3,2,6,0,0,1,0,0,0,0,0,3.74132E+20,5.57577E+21,7.23188E+15,5.03206E+16
106585,7,1,38,4,2018,7,10,3,2,2,6,0,0,1,0,0,0,0,0,3.79166E+20,5.59889E+21,7.29511E+15,5.05294E+16
106586,7,3,14,0,2018,7,19,3,3,0,6,0,0,1,0,0,0,0,0,4.57363E+20,5.47701E+21,8.41182E+15,4.94443E+16
106587,7,1,11,0,2018,7,9,6,3,5,3,0,1,1,0,0,0,0,0,3.98955E+20,5.58203E+21,7.57876E+15,5.03816E+16
106588,7,2,31,134,2018,7,15,6,3,8,1,0,0,1,0,0,0,0,0,3.49497E+20,5.54338E+21,6.89886E+15,5.00237E+16
106589,7,3,39,30,2018,7,15,5,3,5,2,0,0,1,0,0,0,0,0,4.29907E+20,5.53618E+21,8.02249E+15,4.99738E+16
106590,7,3,38,19,2018,7,21,7,3,2,6,1,0,1,0,0,0,0,0,4.50987E+20,5.47689E+21,8.32389E+15,4.94427E+16
106591,7,1,32,24,2018,7,15,3,2,4,1,0,0,1,0,0,0,0,0,4.18005E+20,5.62345E+21,7.83752E+15,5.0757E+16
106592,7,3,19,0,2018,7,13,2,3,2,6,0,0,1,0,0,0,0,0,4.54682E+20,5.49802E+21,8.37242E+15,4.9633E+16
106593,7,3,18,0,2018,7,6,4,3,2,6,0,0,1,0,0,0,1,0,4.58962E+20,5.46195E+21,8.43543E+15,4.93089E+16
106594,7,1,32,50,2018,7,9,3,3,2,7,0,0,1,0,0,0,0,0,4.26088E+20,5.62573E+21,7.95163E+15,5.07787E+16
106595,7,1,43,241,2018,7,11,6,3,0,1,0,0,0,0,1,0,0,0,4.10981E+20,5.60971E+21,7.74127E+15,5.06325E+16
106596,7,1,38,45,2018,7,22,3,3,8,1,2,0,1,0,0,0,0,0,3.95652E+20,5.58947E+21,7.53025E+15,5.04479E+16
106597,7,3,31,64,2018,7,4,1,3,2,6,1,0,1,0,1,0,0,0,4.39078E+20,5.5232E+21,8.15242E+15,4.98581E+16
106598,7,3,15,0,2018,7,14,3,3,3,6,0,0,1,0,0,0,0,0,4.46755E+20,5.53874E+21,8.25707E+15,4.99986E+16
106599,7,1,40,84,2018,7,14,3,3,8,1,0,0,1,0,0,0,0,1,3.97202E+20,5.55575E+21,7.56126E+15,5.01451E+16
106600,7,1,37,88,2018,7,16,3,3,2,2,0,0,1,0,1,0,0,0,3.85329E+20,5.58235E+21,7.38709E+15,5.03821E+16
106601,7,3,14,0,2018,7,16,6,3,3,2,0,1,1,0,0,0,0,0,4.59927E+20,5.47936E+21,8.44695E+15,4.94655E+16
106602,7,2,31,23,2018,7,6,5,2,5,2,0,0,1,0,0,0,0,0,3.41038E+20,5.53206E+21,6.78553E+15,4.99197E+16
106603,7,1,40,148,2018,7,19,7,2,0,1,0,0,0,0,0,0,1,0,3.987E+20,5.54421E+21,7.58528E+15,5.00416E+16
106604,7,3,39,30,2018,7,10,5,2,0,7,0,0,1,0,0,0,1,0,4.30047E+20,5.53662E+21,8.02436E+15,4.99778E+16
106605,7,3,32,13,2018,7,5,1,3,8,1,1,0,1,0,0,0,0,0,4.4726E+20,5.48021E+21,8.27203E+15,4.94722E+16
106606,7,1,11,0,2018,7,12,3,3,7,7,0,0,0,0,1,0,1,0,4.0412E+20,5.57929E+21,7.6521E+15,5.03578E+16
106607,7,1,43,47,2018,7,8,3,3,2,6,0,0,1,0,0,0,0,0,4.12009E+20,5.59222E+21,7.75993E+15,5.04754E+16
106608,7,3,31,58,2018,7,10,5,3,5,2,0,0,1,0,0,1,0,0,4.39228E+20,5.52381E+21,8.15441E+15,4.98637E+16
106609,7,1,32,6,2018,7,12,6,3,2,6,0,0,1,0,0,0,0,0,4.20465E+20,5.62612E+21,7.87181E+15,5.07814E+16
106610,7,3,31,10,2018,7,7,5,3,2,6,0,0,1,0,0,0,0,0,4.38127E+20,5.51606E+21,8.14033E+15,4.97938E+16
106611,7,2,33,501,2018,7,18,7,3,0,2,0,0,1,0,1,0,0,0,3.45778E+20,5.56252E+21,6.83925E+15,5.01947E+16
106612,7,3,36,53,2018,7,14,2,3,8,7,0,0,1,0,0,0,0,0,4.00885E+20,5.48937E+21,7.62976E+15,4.95488E+16
106613,7,2,35,149,2018,7,9,2,3,6,6,0,0,1,1,0,0,0,0,3.15867E+20,5.49708E+21,6.45176E+15,4.95982E+16
106614,7,1,43,229,2018,7,9,4,2,4,7,0,0,1,0,0,0,0,0,4.16415E+20,5.61312E+21,7.81732E+15,5.06639E+16
106615,7,3,16,0,2018,7,14,2,3,4,7,0,1,0,0,0,0,1,0,4.45277E+20,5.46379E+21,8.24693E+15,4.93244E+16
106616,7,1,41,80,2018,7,15,6,2,5,3,0,0,1,0,1,0,0,0,4.19359E+20,5.55456E+21,7.87154E+15,5.01378E+16
106617,7,3,14,0,2018,7,20,7,3,5,3,0,1,1,0,0,0,0,0,4.58271E+20,5.48062E+21,8.42396E+15,4.94768E+16
106618,7,3,34,12,2018,7,16,2,3,2,6,0,0,1,0,0,0,0,0,4.4722E+20,5.4388E+21,8.27694E+15,4.90998E+16
106619,7,3,15,0,2018,7,9,2,3,6,4,0,0,1,1,0,0,0,0,4.50279E+20,5.53685E+21,8.30648E+15,4.99819E+16
106620,7,3,15,0,2018,7,13,4,3,9,7,0,0,1,0,0,0,0,0,4.4712E+20,5.53852E+21,8.26219E+15,4.99967E+16
106621,7,3,37,59,2018,7,10,2,3,4,1,0,0,1,0,1,0,0,0,4.27855E+20,5.43642E+21,8.01212E+15,4.90764E+16
106622,7,1,31,501,2018,7,16,6,3,3,2,0,0,1,0,1,0,0,0,3.53238E+20,5.5887E+21,6.93351E+15,5.0432E+16
106623,7,3,37,5,2018,7,6,2,3,0,3,0,0,1,0,1,0,0,0,4.27305E+20,5.43843E+21,8.00423E+15,4.90944E+16
106624,7,2,32,75,2018,7,16,1,2,0,1,0,1,0,0,0,0,0,0,3.26354E+20,5.54683E+21,6.57449E+15,5.00484E+16
106625,7,2,35,45,2018,7,12,3,3,0,1,0,1,0,0,0,0,0,0,3.49481E+20,5.50349E+21,6.91412E+15,4.96652E+16
106626,7,3,16,0,2018,7,10,2,3,5,3,0,0,1,0,0,0,0,0,4.41959E+20,5.46528E+21,8.20105E+15,4.93375E+16
106627,7,3,37,42,2018,7,11,2,3,2,2,0,0,1,0,0,0,0,0,4.30157E+20,5.44712E+21,8.04178E+15,4.91729E+16
106628,7,3,14,0,2018,7,16,4,3,5,3,0,1,1,0,0,0,0,0,4.55326E+20,5.48299E+21,8.38305E+15,4.94979E+16
106629,7,2,33,26,2018,7,14,6,3,8,1,0,0,0,0,1,0,0,0,3.37608E+20,5.56409E+21,6.7242E+15,5.02067E+16
106630,7,1,38,77,2018,7,17,5,3,3,1,0,0,0,0,1,0,0,0,3.8295E+20,5.61049E+21,7.34482E+15,5.06346E+16
106631,7,3,36,57,2018,7,15,6,3,8,1,0,0,1,0,0,0,0,0,3.92855E+20,5.50327E+21,7.515E+15,4.96725E+16
106632,7,2,33,26,2018,7,20,5,2,3,6,0,0,1,0,0,0,0,0,3.31989E+20,5.56621E+21,6.64459E+15,5.02241E+16
106633,7,1,33,59,2018,7,12,1,3,9,1,0,0,0,0,1,0,0,0,3.94482E+20,5.50933E+21,7.5359E+15,4.97272E+16
106634,7,3,37,73,2018,7,12,2,3,0,7,0,0,1,1,0,0,0,0,4.30722E+20,5.45107E+21,8.04885E+15,4.92085E+16
106635,7,1,40,62,2018,7,5,3,3,5,3,1,0,1,0,0,0,0,0,3.82705E+20,5.53969E+21,7.36337E+15,4.9998E+16
106636,7,2,32,95,2018,7,18,5,3,5,3,0,0,1,0,0,0,0,0,3.09195E+20,5.53319E+21,6.34183E+15,4.99206E+16
106637,7,1,38,80,2018,7,11,7,1,5,2,0,0,1,0,1,0,0,0,3.85089E+20,5.61552E+21,7.37349E+15,5.06802E+16
106638,7,3,13,0,2018,7,6,2,3,2,2,0,1,1,0,0,0,0,0,4.33212E+20,5.45129E+21,8.083E+15,4.92108E+16
106639,7,1,32,117,2018,7,14,2,3,5,3,0,0,1,0,1,0,0,0,4.11925E+20,5.62592E+21,7.75075E+15,5.07784E+16
106640,7,1,35,20,2018,7,8,4,3,5,2,0,0,1,0,0,0,0,0,3.69406E+20,5.55612E+21,7.17229E+15,5.0143E+16
106641,7,3,18,0,2018,7,16,2,2,5,3,0,1,0,0,0,1,0,0,4.59802E+20,5.46341E+21,8.44684E+15,4.93221E+16
106642,7,2,35,137,2018,7,20,7,2,9,6,0,0,1,0,0,0,0,0,3.24096E+20,5.51324E+21,6.55826E+15,4.97459E+16
106643,7,3,35,38,2018,7,7,5,3,5,2,0,0,1,0,0,0,0,0,3.9621E+20,5.47908E+21,7.56786E+15,4.94555E+16
106644,7,3,18,0,2018,7,12,2,3,5,2,0,1,1,0,0,0,0,0,4.58654E+20,5.46311E+21,8.43107E+15,4.93193E+16
106645,7,1,31,7,2018,7,13,1,2,9,1,0,0,0,0,1,0,0,0,3.66248E+20,5.59413E+21,7.11465E+15,5.04839E+16
106646,7,3,15,0,2018,7,10,2,3,2,6,0,0,1,0,0,0,0,0,4.42895E+20,5.54025E+21,8.203E+15,5.00118E+16
106647,7,3,38,6,2018,7,11,2,2,2,6,0,0,1,0,1,0,0,0,4.50159E+20,5.47582E+21,8.3126E+15,4.9433E+16
106648,7,1,32,74,2018,7,16,4,3,4,6,0,0,1,0,0,1,0,0,4.00065E+20,5.61383E+21,7.58586E+15,5.06677E+16
106649,7,1,38,45,2018,7,17,6,3,2,2,0,1,1,0,0,0,0,0,3.96563E+20,5.58684E+21,7.54381E+15,5.04245E+16
106650,7,3,32,2,2018,7,16,4,3,2,6,0,0,1,0,0,0,0,0,4.40995E+20,5.48006E+21,8.18559E+15,4.94703E+16
106651,7,1,33,103,2018,7,5,6,2,9,1,0,0,0,0,1,0,0,0,4.10476E+20,5.53289E+21,7.75232E+15,4.99416E+16
106652,7,3,32,21,2018,7,11,7,3,4,2,0,0,1,0,0,0,1,1,4.46547E+20,5.48935E+21,8.26095E+15,4.95544E+16
106653,7,1,11,0,2018,7,18,6,2,3,7,0,0,1,0,0,0,0,0,3.94135E+20,5.5771E+21,7.51238E+15,5.03365E+16
106654,7,3,14,0,2018,7,23,2,3,6,4,2,0,0,1,0,0,1,0,4.5771E+20,5.47891E+21,8.4164E+15,4.94614E+16
106655,7,1,43,39,2018,7,10,1,2,2,6,0,0,1,0,1,0,0,0,4.09456E+20,5.58326E+21,7.72614E+15,5.03944E+16
106656,7,3,13,0,2018,7,22,2,3,8,1,2,0,1,0,0,0,0,0,4.37775E+20,5.44929E+21,8.14595E+15,4.91932E+16
106657,7,3,39,62,2018,7,17,2,3,2,6,0,0,1,0,0,0,0,0,4.15797E+20,5.53312E+21,7.82641E+15,4.99445E+16
106658,7,2,33,16,2018,7,15,4,2,6,2,0,0,1,1,0,0,0,0,3.51114E+20,5.55856E+21,6.9155E+15,5.01606E+16
106659,7,1,43,300,2018,7,9,6,3,5,3,0,0,1,0,0,0,0,0,4.22428E+20,5.61252E+21,7.90251E+15,5.06593E+16
106660,7,1,11,0,2018,7,11,5,3,5,3,0,0,1,0,1,0,0,0,3.98209E+20,5.58106E+21,7.56854E+15,5.03728E+16
106661,7,3,16,0,2018,7,16,6,3,6,4,0,0,0,1,1,0,0,0,4.3743E+20,5.4668E+21,8.13848E+15,4.93507E+16
106662,7,2,35,62,2018,7,7,5,3,2,2,0,0,1,0,0,0,1,1,3.17627E+20,5.49196E+21,6.47846E+15,4.95528E+16
106663,7,1,35,19,2018,7,0,1,3,5,3,2,0,1,0,0,0,0,0,3.66552E+20,5.54602E+21,7.13589E+15,5.00515E+16
106664,7,3,33,57,2018,7,14,2,3,1,5,0,0,1,0,0,0,0,0,4.27466E+20,5.50494E+21,7.99429E+15,4.96927E+16
106665,7,3,20,0,2018,7,17,2,3,0,7,0,1,0,0,0,0,1,0,3.82276E+20,5.45725E+21,7.38212E+15,4.92567E+16
106666,7,1,38,45,2018,7,7,5,2,3,6,0,0,1,0,0,1,0,0,3.9398E+20,5.58869E+21,7.50694E+15,5.04406E+16
106667,7,1,37,86,2018,7,8,7,3,1,6,0,0,1,0,0,0,0,0,3.85519E+20,5.57869E+21,7.39088E+15,5.03492E+16
106668,7,3,39,49,2018,7,20,2,2,5,3,0,1,1,0,0,0,0,0,4.5403E+20,5.5225E+21,8.36051E+15,4.98532E+16
106669,7,1,37,86,2018,7,17,2,3,5,3,0,0,1,0,0,0,0,0,3.86842E+20,5.57911E+21,7.40934E+15,5.03532E+16
106670,7,3,17,0,2018,7,12,3,3,8,6,0,0,1,0,1,1,0,0,3.90898E+20,5.45232E+21,7.50191E+15,4.92139E+16
106671,7,3,15,0,2018,7,7,2,3,5,3,0,1,0,0,0,1,0,0,4.51208E+20,5.53515E+21,8.31965E+15,4.99667E+16
106672,7,2,11,0,2018,7,9,7,2,5,7,0,1,1,0,0,0,0,0,3.33857E+20,5.52036E+21,6.69059E+15,4.98127E+16
106673,7,3,34,13,2018,7,14,5,3,4,6,0,0,1,0,0,0,0,0,4.39369E+20,5.43816E+21,8.1695E+15,4.90933E+16
106674,7,3,32,15,2018,7,14,7,3,8,7,0,0,0,0,1,0,0,0,4.45261E+20,5.48141E+21,8.24428E+15,4.94828E+16
106675,7,1,41,41,2018,7,11,2,1,8,1,0,0,1,0,0,0,0,0,4.04355E+20,5.57534E+21,7.6564E+15,5.03224E+16