OBJECTID_1,ULAND,UREGBEZ,UKREIS,UGEMEINDE,UJAHR,UMONAT,USTUNDE,UWOCHENTAG,UKATEGORIE,UART,UTYP1,ULICHTVERH,IstRad,IstPKW,IstFuss,IstKrad,IstGkfz,IstSonstig,STRZUSTAND,LINREFX,LINREFY,XGCSWGS84,YGCSWGS84
106862,7,2,35,103,2018,7,7,2,3,1,6,0,0,1,0,0,0,0,0,3.41495E+20,5.50976E+21,6.80099E+15,4.97195E+16
106863,7,2,32,288,2018,7,17,4,3,5,3,0,0,1,0,0,0,0,0,3.18691E+20,5.57152E+21,6.45581E+15,5.02679E+16
106864,7,2,11,0,2018,7,14,1,3,5,3,0,0,1,0,0,0,0,0,3.31999E+20,5.51601E+21,6.66667E+15,4.9773E+16
106865,7,3,36,58,2018,7,14,7,2,5,3,0,0,1,0,1,0,0,0,3.97782E+20,5.50076E+21,7.58392E+15,4.96507E+16
106866,7,1,31,90,2018,7,15,6,3,8,1,0,0,1,0,0,0,0,0,3.65882E+20,5.60272E+21,7.10641E+15,5.0561E+16
106867,7,2,35,501,2018,7,9,1,2,5,3,0,0,1,0,1,0,0,0,3.24791E+20,5.52244E+21,6.56375E+15,4.98288E+16
106868,7,1,43,49,2018,7,17,1,2,5,3,0,0,1,0,1,0,0,0,4.18467E+20,5.59208E+21,7.85097E+15,5.0475E+16
106869,7,3,37,49,2018,7,14,2,2,9,1,0,1,0,0,0,0,0,0,4.28083E+20,5.44517E+21,8.01368E+15,4.91551E+16
106870,7,1,38,80,2018,7,14,1,3,4,6,0,0,1,0,0,0,0,0,3.85149E+20,5.61443E+21,7.37469E+15,5.06704E+16
106871,7,3,39,31,2018,7,5,4,3,2,2,0,0,1,0,0,0,0,0,4.34299E+20,5.52683E+21,8.08532E+15,4.98903E+16
106872,7,1,32,12,2018,7,12,1,3,0,7,0,1,0,0,0,0,0,0,4.23446E+20,5.63017E+21,7.91325E+15,5.08182E+16
106873,7,1,32,64,2018,7,22,6,3,7,7,2,0,0,0,1,0,0,0,3.96993E+20,5.61655E+21,7.54164E+15,5.06917E+16
106874,7,1,32,6,2018,7,11,1,3,0,1,0,1,0,0,0,0,0,0,4.21202E+20,5.6282E+21,7.88182E+15,5.08001E+16
106875,7,2,33,26,2018,7,22,1,3,0,1,2,1,0,0,0,0,0,0,3.32838E+20,5.56624E+21,6.65646E+15,5.02247E+16
106876,7,2,35,50,2018,7,21,3,2,9,7,2,0,1,0,0,0,0,0,3.39667E+20,5.5058E+21,6.77728E+15,4.96833E+16
106877,7,3,17,0,2018,7,11,2,3,5,3,0,0,1,0,0,0,1,0,3.97812E+20,5.45225E+21,7.59684E+15,4.92146E+16
106878,7,1,32,115,2018,7,14,1,3,3,6,0,0,1,0,1,0,0,0,3.97457E+20,5.62176E+21,7.54676E+15,5.07385E+16
106879,7,2,33,26,2018,7,15,6,3,5,3,0,0,1,0,1,0,0,0,3.33183E+20,5.56605E+21,6.66138E+15,5.02231E+16
106880,7,1,43,276,2018,7,8,5,3,1,2,0,0,1,0,0,0,0,0,4.17131E+20,5.61408E+21,7.82723E+15,5.06726E+16
106881,7,3,35,38,2018,7,14,6,3,2,6,0,0,1,0,0,0,0,0,3.93096E+20,5.47521E+21,7.52595E+15,4.94201E+16
106882,7,3,13,0,2018,7,16,1,3,1,5,0,0,1,0,0,0,0,1,4.32746E+20,5.45104E+21,8.07664E+15,4.92085E+16
106883,7,1,37,226,2018,7,19,1,3,5,2,0,1,1,0,0,0,0,0,4.0104E+20,5.58427E+21,7.6075E+15,5.04022E+16
106884,7,1,31,83,2018,7,12,3,3,9,1,0,0,0,0,1,0,0,0,3.4946E+20,5.57792E+21,6.88466E+15,5.03342E+16
106885,7,1,35,10,2018,7,18,5,3,2,2,0,0,1,0,0,0,1,0,3.78464E+20,5.54339E+21,7.30304E+15,5.00304E+16
106886,7,2,31,502,2018,7,4,7,3,8,1,2,0,1,0,0,0,0,0,3.61269E+20,5.5164E+21,7.07278E+15,4.9784E+16
106887,7,1,38,45,2018,7,10,1,2,8,1,0,0,0,0,1,0,0,0,3.95669E+20,5.59001E+21,7.53035E+15,5.04528E+16
106888,7,1,38,25,2018,7,17,2,3,5,3,0,0,1,0,0,0,0,0,4.0266E+20,5.60464E+21,7.62498E+15,5.05855E+16
106889,7,1,38,52,2018,7,11,4,3,9,6,0,0,1,0,0,1,0,0,4.045E+20,5.60944E+21,7.64972E+15,5.0629E+16
106890,7,1,35,93,2018,7,17,1,3,8,1,0,0,1,0,0,0,0,0,3.71199E+20,5.56482E+21,7.19442E+15,5.02215E+16
106891,7,3,37,501,2018,7,12,7,2,5,2,0,0,1,0,1,0,0,0,4.23136E+20,5.44985E+21,7.94495E+15,4.91966E+16
106892,7,1,33,17,2018,7,14,5,2,1,7,0,0,1,0,0,0,0,0,4.01535E+20,5.50601E+21,7.63458E+15,4.96986E+16
106893,7,1,31,77,2018,7,12,1,3,2,6,0,0,1,0,0,0,0,0,3.75837E+20,5.6022E+21,7.24706E+15,5.05585E+16
106894,7,1,32,39,2018,7,9,1,3,5,3,0,0,1,0,0,0,0,0,4.16744E+20,5.62207E+21,7.81996E+15,5.07444E+16
106895,7,3,15,0,2018,7,18,2,2,0,2,0,0,0,0,1,0,0,1,4.44606E+20,5.53811E+21,8.22718E+15,4.99927E+16
106896,7,1,31,1,2018,7,12,1,2,8,1,0,0,0,0,1,0,0,0,3.57358E+20,5.5839E+21,6.99331E+15,5.03898E+16
106897,7,1,32,59,2018,7,11,4,3,2,6,0,0,1,0,0,0,1,0,4.20464E+20,5.62205E+21,7.87268E+15,5.07447E+16
106898,7,1,32,114,2018,7,14,6,2,4,6,0,0,1,0,1,0,0,0,3.97831E+20,5.62262E+21,7.55181E+15,5.07464E+16
106899,7,3,38,20,2018,7,14,4,3,2,6,0,0,1,0,0,0,0,0,4.5773E+20,5.47087E+21,8.41753E+15,4.9389E+16
106900,7,3,14,0,2018,7,14,6,3,4,2,0,0,1,0,1,0,0,0,4.55997E+20,5.48228E+21,8.3924E+15,4.94915E+16
106901,7,1,11,0,2018,7,14,6,3,2,6,0,0,1,0,1,0,0,0,3.97841E+20,5.58139E+21,7.56327E+15,5.03757E+16
106902,7,2,35,26,2018,7,14,1,3,4,6,0,1,1,0,0,0,0,0,3.3973E+20,5.52538E+21,6.77009E+15,4.98594E+16
106903,7,1,31,32,2018,7,11,1,2,2,6,0,0,0,0,1,0,0,0,3.48614E+20,5.58288E+21,6.8708E+15,5.03785E+16
106904,7,3,18,0,2018,7,22,2,2,8,6,1,0,1,0,0,0,0,0,4.54481E+20,5.45991E+21,8.37402E+15,4.92902E+16
106905,7,1,11,0,2018,7,9,5,3,4,7,0,0,1,0,0,0,0,0,3.98066E+20,5.58067E+21,7.56663E+15,5.03693E+16
106906,7,2,35,69,2018,7,23,6,3,6,4,2,0,0,1,1,0,0,0,3.29714E+20,5.52314E+21,6.63184E+15,4.98365E+16
106907,7,1,37,69,2018,7,18,5,2,5,3,0,1,0,0,0,0,1,0,3.76989E+20,5.58303E+21,7.26961E+15,5.03865E+16
106908,7,3,16,0,2018,7,20,6,3,4,2,1,0,1,0,0,0,0,0,4.37611E+20,5.46682E+21,8.14096E+15,4.93509E+16
106909,7,3,15,0,2018,7,14,1,3,4,5,0,0,1,0,0,0,1,0,4.47684E+20,5.53759E+21,8.27019E+15,4.99883E+16
106910,7,1,31,83,2018,7,9,1,2,4,1,0,0,1,0,1,0,0,0,3.4986E+20,5.57834E+21,6.89012E+15,5.0338E+16
106911,7,1,43,69,2018,7,3,3,3,2,6,2,0,1,0,0,0,0,1,4.06079E+20,5.59768E+21,7.67501E+15,5.05236E+16
106912,7,1,43,32,2018,7,14,5,3,5,3,0,0,1,0,1,0,0,0,4.05409E+20,5.58805E+21,7.668E+15,5.04368E+16
106913,7,1,37,49,2018,7,16,7,3,8,1,0,0,0,0,1,0,0,0,3.67094E+20,5.58144E+21,7.13107E+15,5.037E+16
106914,7,3,36,92,2018,6,10,7,2,4,6,0,0,1,0,1,0,0,0,3.80495E+20,5.47328E+21,7.35285E+15,4.94005E+16
106915,7,1,31,55,2018,7,16,2,3,5,3,0,0,1,0,0,0,0,0,3.7515E+20,5.59159E+21,7.24091E+15,5.0463E+16
106916,7,3,40,2,2018,7,15,3,3,4,2,0,0,1,0,1,0,0,0,4.14265E+20,5.44279E+21,7.82472E+15,4.9132E+16
106917,7,3,36,107,2018,6,18,7,2,9,1,0,0,0,0,1,0,0,0,3.88986E+20,5.48452E+21,7.46669E+15,4.95032E+16
106918,7,2,35,81,2018,7,14,7,3,5,1,0,0,1,0,0,0,0,0,3.3967E+20,5.49614E+21,6.78127E+15,4.95966E+16
106919,7,3,32,50,2018,7,7,5,2,4,6,0,0,1,0,1,0,0,0,4.46187E+20,5.48542E+21,8.25651E+15,4.9519E+16
106920,7,3,35,47,2018,6,11,7,3,0,1,0,0,0,0,1,0,0,0,4.09935E+20,5.46671E+21,7.76E+15,4.93465E+16
106921,7,3,32,47,2018,7,18,7,3,9,1,0,0,1,0,0,0,0,0,4.26011E+20,5.48254E+21,7.97834E+15,4.9491E+16
106922,7,1,43,289,2018,7,18,2,3,2,6,0,0,1,0,0,0,1,0,4.21277E+20,5.60054E+21,7.88876E+15,5.05515E+16
106923,7,3,12,0,2018,6,17,7,3,6,7,0,0,1,1,0,0,0,0,4.11796E+20,5.47831E+21,7.78304E+15,4.94511E+16
106924,7,3,32,23,2018,7,11,3,3,3,6,0,1,1,0,0,0,0,0,4.43382E+20,5.48621E+21,8.21765E+15,4.95259E+16
106925,7,1,40,62,2018,7,21,6,1,9,1,1,0,1,0,0,0,0,1,3.81486E+20,5.54062E+21,7.34608E+15,5.00061E+16
106926,7,2,33,76,2018,7,19,6,3,5,2,0,0,1,0,1,0,0,0,3.41498E+20,5.57584E+21,6.77375E+15,5.03133E+16
106927,7,1,40,112,2018,7,15,1,3,4,6,0,0,1,0,0,0,0,0,4.077E+20,5.55004E+21,7.70952E+15,5.00954E+16
106928,7,3,11,0,2018,6,23,7,1,2,6,2,0,1,0,1,0,0,0,4.57086E+20,5.4883E+21,8.40678E+15,4.95458E+16
106929,7,3,14,0,2018,7,17,2,3,5,3,0,0,1,0,1,0,0,0,4.57511E+20,5.4804E+21,8.41349E+15,4.94748E+16
106930,7,3,34,13,2018,7,18,4,2,5,2,0,0,1,0,0,0,0,0,4.42775E+20,5.43746E+21,8.21625E+15,4.90873E+16
106931,7,3,38,26,2018,6,9,7,3,2,6,0,0,1,0,0,0,0,0,4.5791E+20,5.46889E+21,8.42022E+15,4.93712E+16
106932,7,3,13,0,2018,7,16,5,3,0,1,0,0,1,0,1,0,0,1,4.35421E+20,5.44772E+21,8.1139E+15,4.91789E+16
106933,7,2,31,1,2018,7,16,6,2,2,6,0,0,1,0,0,0,1,0,3.48116E+20,5.53544E+21,6.88273E+15,4.9952E+16
106934,7,3,32,2,2018,6,11,7,3,1,6,0,0,1,0,0,0,0,0,4.41889E+20,5.47977E+21,8.19797E+15,4.94678E+16
106935,7,1,33,107,2018,7,14,1,3,8,1,0,0,0,0,1,0,0,0,4.0793E+20,5.51936E+21,7.72007E+15,4.98196E+16
106936,7,1,33,69,2018,7,10,3,2,5,1,0,0,1,0,1,0,0,0,4.22436E+20,5.51596E+21,7.92237E+15,4.97911E+16
106937,7,1,35,83,2018,7,17,3,3,4,2,0,0,1,0,0,0,0,0,3.55251E+20,5.56429E+21,6.9712E+15,5.02131E+16
106938,7,3,34,1,2018,7,13,6,3,4,3,0,0,1,0,0,1,0,0,4.47505E+20,5.44896E+21,8.27953E+15,4.91912E+16
106939,7,3,18,0,2018,8,10,6,3,5,2,0,1,1,0,0,0,0,0,4.58498E+20,5.46383E+21,8.42885E+15,4.93258E+16
106940,7,2,31,125,2018,7,7,6,3,5,3,0,1,1,0,0,0,0,0,3.5714E+20,5.53817E+21,7.00742E+15,4.99788E+16
106941,7,1,38,45,2018,7,16,3,3,4,2,0,1,1,0,0,0,0,0,3.91083E+20,5.59503E+21,7.46431E+15,5.04971E+16
106942,7,3,37,61,2018,8,7,2,3,5,3,0,0,1,0,1,0,0,1,4.4114E+20,5.45031E+21,8.19198E+15,4.92027E+16
106943,7,1,32,117,2018,8,20,7,3,5,3,0,0,1,0,0,0,0,0,4.10557E+20,5.62709E+21,7.73106E+15,5.07887E+16
106944,7,3,18,0,2018,7,11,5,3,5,2,0,0,1,0,0,0,0,0,4.59795E+20,5.46246E+21,8.44683E+15,4.93135E+16
106945,7,3,31,3,2018,8,17,5,2,4,1,0,0,1,0,0,0,0,1,4.41123E+20,5.53987E+21,8.17832E+15,5.00083E+16
106946,7,2,31,104,2018,8,19,5,2,4,6,0,0,1,0,0,0,0,0,3.4593E+20,5.55146E+21,6.84584E+15,5.00954E+16
106947,7,3,14,0,2018,7,14,5,3,8,1,0,0,1,0,0,0,0,0,4.56995E+20,5.4767E+21,8.40678E+15,4.94415E+16
106948,7,1,43,262,2018,8,4,5,3,0,7,2,0,1,0,0,0,0,0,4.13587E+20,5.61134E+21,7.77774E+15,5.06475E+16
106949,7,1,37,3,2018,7,12,2,3,2,7,0,0,0,0,1,0,1,0,3.86899E+20,5.5851E+21,7.40834E+15,5.04071E+16
106950,7,3,16,0,2018,8,15,1,3,5,3,0,0,1,0,0,0,0,0,4.36927E+20,5.46705E+21,8.13152E+15,4.93529E+16
106951,7,1,37,11,2018,8,11,6,3,9,1,0,0,0,0,1,0,0,0,3.64475E+20,5.57223E+21,7.09757E+15,5.02866E+16
106952,7,1,33,114,2018,8,13,4,3,2,6,0,0,1,0,0,0,1,0,4.15096E+20,5.52907E+21,7.81754E+15,4.9908E+16
106953,7,3,35,204,2018,8,11,1,3,8,1,0,0,1,0,0,0,0,0,4.04039E+20,5.46669E+21,7.67885E+15,4.93454E+16
106954,7,3,19,0,2018,7,20,5,3,0,7,0,0,1,0,0,0,1,0,4.50727E+20,5.49701E+21,8.31778E+15,4.96236E+16
106955,7,1,34,8,2018,8,8,4,3,2,6,0,0,1,0,0,0,0,0,3.7494E+20,5.49145E+21,7.27058E+15,4.95627E+16
106956,7,1,31,3,2018,8,10,1,2,8,1,0,0,0,0,1,0,0,0,3.58545E+20,5.6009E+21,7.00358E+15,5.05429E+16
106957,7,2,11,0,2018,8,23,7,3,8,1,2,1,0,0,0,0,0,0,3.33098E+20,5.52021E+21,6.68012E+15,4.98111E+16
106958,7,3,38,21,2018,7,13,3,2,4,1,0,0,1,0,1,0,0,0,4.5914E+20,5.46833E+21,8.43723E+15,4.93663E+16
106959,7,3,32,40,2018,8,10,3,3,4,3,0,0,1,0,0,0,1,0,4.42651E+20,5.49088E+21,8.20687E+15,4.95678E+16
106960,7,3,32,9,2018,8,1,7,2,0,1,2,1,0,0,0,0,0,0,4.40994E+20,5.4734E+21,8.18657E+15,4.94104E+16
106961,7,3,19,0,2018,7,20,5,3,9,1,0,0,1,0,0,0,0,0,4.52084E+20,5.49846E+21,8.3364E+15,4.96368E+16
106962,7,1,31,34,2018,8,11,3,3,6,2,0,0,1,1,0,0,0,0,3.51995E+20,5.58963E+21,6.91565E+15,5.044E+16
106963,7,3,15,0,2018,8,20,6,3,2,6,1,0,1,0,0,0,0,0,4.44623E+20,5.53512E+21,8.22784E+15,4.99659E+16
106964,7,1,31,37,2018,7,9,6,2,5,3,0,0,1,0,0,0,0,0,3.6077E+20,5.58386E+21,7.0413E+15,5.03903E+16
106965,7,3,13,0,2018,7,11,2,3,1,6,0,0,1,0,0,0,0,0,4.3552E+20,5.44934E+21,8.11499E+15,4.91934E+16
106966,7,3,31,3,2018,8,13,2,2,9,1,0,0,1,0,0,0,0,1,4.33544E+20,5.5081E+21,8.07801E+15,4.97218E+16
106967,7,1,33,65,2018,8,14,6,3,1,6,0,0,1,0,0,0,0,0,4.03787E+20,5.50775E+21,7.66537E+15,4.97146E+16
106968,7,3,39,6,2018,7,23,5,3,8,1,2,1,0,0,0,0,0,0,4.51175E+20,5.53034E+21,8.31981E+15,4.99235E+16
106969,7,1,31,70,2018,8,15,5,3,2,6,0,0,1,0,0,0,0,0,3.73136E+20,5.61109E+21,7.20591E+15,5.06378E+16
106970,7,3,39,12,2018,7,16,5,1,4,6,0,0,1,0,0,0,0,0,4.53162E+20,5.51999E+21,8.34874E+15,4.98305E+16
106971,7,1,31,1,2018,8,23,5,3,4,6,2,0,1,0,0,0,0,0,3.53707E+20,5.58311E+21,6.94229E+15,5.03819E+16
106972,7,3,37,1,2018,7,16,1,3,8,1,0,0,0,0,1,0,0,0,4.19335E+20,5.45782E+21,7.89119E+15,4.92678E+16
106973,7,3,19,0,2018,8,14,1,3,2,6,0,0,1,0,0,0,0,0,4.53284E+20,5.4992E+21,8.35293E+15,4.96436E+16
106974,7,3,40,32,2018,8,10,5,3,5,3,0,0,1,0,0,0,0,0,4.05031E+20,5.45427E+21,7.69546E+15,4.92338E+16
106975,7,1,34,45,2018,8,20,4,3,1,3,0,1,1,0,0,0,0,0,3.77888E+20,5.50855E+21,7.306E+15,4.97171E+16
106976,7,3,33,25,2018,8,16,4,3,4,2,0,0,1,0,0,0,0,0,4.18353E+20,5.50331E+21,7.8683E+15,4.96767E+16
106977,7,3,31,18,2018,8,17,1,2,9,7,0,0,1,0,0,0,0,0,4.56001E+20,5.51223E+21,8.38909E+15,4.9761E+16
106978,7,3,39,32,2018,7,12,5,3,2,6,0,0,1,0,0,1,0,0,4.44643E+20,5.53387E+21,8.22831E+15,4.99546E+16
106979,7,1,37,226,2018,8,16,4,3,2,6,0,0,1,0,1,0,0,0,4.01638E+20,5.5834E+21,7.61613E+15,5.03944E+16
106980,7,1,37,216,2018,8,19,7,2,5,3,0,0,1,0,0,0,0,0,3.92901E+20,5.58237E+21,7.49356E+15,5.03836E+16
106981,7,3,35,33,2018,7,13,1,3,0,1,0,0,0,0,1,0,0,0,4.02741E+20,5.4883E+21,7.65568E+15,4.95395E+16
106982,7,3,14,0,2018,8,11,1,3,2,2,0,0,1,0,0,0,0,0,4.55825E+20,5.48696E+21,8.38949E+15,4.95336E+16
106983,7,1,43,48,2018,8,15,6,3,2,6,0,0,1,0,0,0,0,0,4.16946E+20,5.58875E+21,7.83027E+15,5.04449E+16
106984,7,3,15,0,2018,8,17,4,3,2,6,0,0,1,0,0,0,0,1,4.47058E+20,5.53553E+21,8.26174E+15,4.99698E+16
106985,7,1,31,51,2018,8,11,5,3,4,2,0,0,1,0,1,0,0,0,3.51772E+20,5.57637E+21,6.91774E+15,5.03208E+16
106986,7,3,32,32,2018,8,14,1,3,1,6,0,0,1,0,1,0,0,0,4.3253E+20,5.46931E+21,8.07059E+15,4.93728E+16
106987,7,3,39,30,2018,7,8,5,3,2,6,0,0,1,0,0,0,0,0,4.3488E+20,5.5387E+21,8.0914E+15,4.9997E+16
106988,7,1,38,64,2018,8,10,4,3,8,1,0,0,1,0,0,0,0,0,4.04696E+20,5.61163E+21,7.65194E+15,5.06487E+16
106989,7,3,34,18,2018,7,10,7,3,5,3,0,0,1,0,0,0,0,0,4.45119E+20,5.45541E+21,8.24589E+15,4.9249E+16
106990,7,1,43,51,2018,8,0,7,2,1,1,2,0,1,0,1,0,0,0,4.2426E+20,5.58581E+21,7.93385E+15,5.04194E+16
106991,7,3,31,59,2018,7,16,7,3,5,3,0,0,1,0,0,0,0,0,4.40815E+20,5.52149E+21,8.17684E+15,4.98429E+16
106992,7,1,33,6,2018,7,11,3,3,2,6,0,0,1,0,0,0,1,0,4.19286E+20,5.52099E+21,7.87757E+15,4.98359E+16
106993,7,2,31,134,2018,8,9,3,3,8,1,0,0,1,0,0,0,0,0,3.49885E+20,5.54138E+21,6.90505E+15,5.00058E+16
106994,7,3,13,0,2018,8,12,7,2,5,3,0,0,1,0,1,0,0,0,4.37296E+20,5.45036E+21,8.13921E+15,4.92028E+16
106995,7,2,31,77,2018,7,14,5,2,2,6,0,0,1,0,1,0,1,0,3.6396E+20,5.5267E+21,7.10654E+15,4.98772E+16
106996,7,1,43,235,2018,8,11,6,3,2,6,0,0,1,0,0,0,0,0,4.14605E+20,5.6119E+21,7.792E+15,5.06527E+16
106997,7,3,32,24,2018,7,14,5,1,8,1,0,0,1,0,0,0,0,0,4.38332E+20,5.48911E+21,8.14742E+15,4.95514E+16
106998,7,3,39,5,2018,7,11,2,3,5,1,0,1,1,0,0,0,0,0,4.21323E+20,5.53368E+21,7.9033E+15,4.99503E+16
106999,7,2,35,35,2018,8,6,2,3,0,1,1,0,0,0,1,0,0,1,3.46522E+20,5.49868E+21,6.87503E+15,4.96212E+16
107000,7,3,34,7,2018,8,13,6,3,5,3,0,1,1,0,0,0,0,0,4.52916E+20,5.45064E+21,8.35358E+15,4.92068E+16
107001,7,2,11,0,2018,7,14,5,3,1,5,0,1,1,0,0,0,0,0,3.31367E+20,5.51504E+21,6.65832E+15,4.97642E+16
107002,7,3,12,0,2018,8,19,2,3,4,2,0,0,1,0,0,0,0,0,4.11673E+20,5.47709E+21,7.78162E+15,4.94401E+16
107003,7,3,40,38,2018,8,16,4,2,8,1,0,1,0,0,0,0,0,1,4.01915E+20,5.45686E+21,7.65203E+15,4.92566E+16
107004,7,3,15,0,2018,8,18,2,3,2,6,0,0,1,0,1,0,0,0,4.47416E+20,5.54E+21,8.26612E+15,5.001E+16
107005,7,1,43,253,2018,7,14,5,2,9,6,0,0,1,0,0,1,1,0,4.24815E+20,5.61691E+21,7.93539E+15,5.06992E+16
107006,7,1,37,212,2018,8,7,5,3,5,6,0,0,1,0,1,0,0,1,3.93174E+20,5.57822E+21,7.49857E+15,5.03464E+16
107007,7,2,35,137,2018,7,17,1,3,0,1,0,0,0,0,1,0,0,0,3.27645E+20,5.51615E+21,6.60619E+15,4.97731E+16
107008,7,2,35,68,2018,8,11,1,3,3,6,0,0,1,0,0,0,0,0,3.28144E+20,5.51025E+21,6.61572E+15,4.97202E+16
107009,7,3,37,15,2018,8,18,5,2,5,3,0,0,1,0,1,0,0,0,4.32922E+20,5.4553E+21,8.07835E+15,4.92468E+16
107010,7,1,38,13,2018,8,17,4,2,8,1,0,0,1,0,0,0,0,1,3.97467E+20,5.60817E+21,7.55067E+15,5.06164E+16
107011,7,3,14,0,2018,8,19,4,3,5,3,0,0,1,0,0,0,0,0,4.5728E+20,5.48545E+21,8.40977E+15,4.95202E+16
107012,7,2,31,113,2018,8,16,1,3,5,7,0,0,1,0,1,0,0,0,3.45343E+20,5.53288E+21,6.84512E+15,4.99282E+16
107013,7,1,38,19,2018,7,16,5,3,4,6,0,0,1,0,1,0,0,0,3.80355E+20,5.60903E+21,7.30862E+15,5.06209E+16
107014,7,3,32,24,2018,8,9,3,3,0,1,0,0,0,0,1,0,0,0,4.47497E+20,5.48799E+21,8.27427E+15,4.95422E+16
107015,7,3,35,38,2018,8,6,6,3,3,6,0,0,1,0,0,0,0,0,3.95491E+20,5.47935E+21,7.55788E+15,4.94578E+16
107016,7,3,14,0,2018,7,17,6,3,5,7,0,1,1,0,0,0,0,0,4.58138E+20,5.48145E+21,8.42204E+15,4.94842E+16
107017,7,2,33,41,2018,7,19,3,3,1,1,0,0,1,0,1,0,0,0,3.2939E+20,5.57634E+21,6.60362E+15,5.03144E+16
107018,7,3,20,0,2018,8,12,2,3,0,1,0,0,0,0,1,0,0,1,3.81754E+20,5.45565E+21,7.37542E+15,4.92422E+16
107019,7,1,35,8,2018,8,21,7,2,8,1,1,0,1,0,0,0,0,0,3.61001E+20,5.54855E+21,7.05749E+15,5.00729E+16
107020,7,1,38,73,2018,7,14,5,3,5,3,0,0,1,0,0,0,0,0,3.74275E+20,5.60651E+21,7.22356E+15,5.0597E+16
107021,7,3,12,0,2018,8,7,5,3,2,6,0,0,1,0,0,0,0,0,4.10222E+20,5.47915E+21,7.76113E+15,4.94584E+16
107022,7,1,32,18,2018,7,11,5,3,1,6,0,0,1,0,0,0,1,0,4.27146E+20,5.62132E+21,7.96751E+15,5.07391E+16
107023,7,2,32,87,2018,8,6,5,2,4,6,0,0,1,0,0,0,0,1,3.23806E+20,5.55014E+21,6.53741E+15,5.00774E+16
107024,7,1,34,5,2018,7,15,2,2,5,2,0,0,1,0,0,0,0,0,3.79705E+20,5.49683E+21,7.3348E+15,4.96121E+16
107025,7,3,40,225,2018,8,14,1,3,0,1,0,0,0,0,1,0,0,0,3.9127E+20,5.46417E+21,7.5038E+15,4.93206E+16
107026,7,2,31,67,2018,8,21,6,3,7,7,2,0,1,0,0,0,0,0,3.56269E+20,5.54526E+21,6.99263E+15,5.00423E+16
107027,7,3,34,1,2018,7,20,6,3,8,1,0,0,0,0,1,0,0,0,4.46805E+20,5.449E+21,8.26992E+15,4.91915E+16
107028,7,3,19,0,2018,7,14,3,2,8,1,0,1,0,0,0,0,0,0,4.54034E+20,5.499E+21,8.36333E+15,4.96418E+16
107029,7,1,40,112,2018,8,12,3,2,0,1,0,1,0,0,0,0,0,0,4.08175E+20,5.55148E+21,7.71582E+15,5.01085E+16
107030,7,3,14,0,2018,8,13,7,3,0,1,0,0,0,0,1,0,0,0,4.55819E+20,5.48229E+21,8.38993E+15,4.94917E+16
107031,7,1,32,28,2018,7,11,5,3,4,6,0,0,1,0,0,0,0,0,4.08545E+20,5.62464E+21,7.70314E+15,5.07663E+16
107032,7,1,37,501,2018,8,12,6,3,8,1,0,0,0,0,1,0,0,0,3.83247E+20,5.56987E+21,7.36168E+15,5.02694E+16
107033,7,1,38,45,2018,7,22,5,3,3,6,2,1,0,0,0,0,0,0,3.9051E+20,5.58665E+21,7.45868E+15,5.04216E+16
107034,7,2,33,11,2018,7,16,2,3,5,2,0,0,1,0,0,0,0,0,3.45812E+20,5.5569E+21,6.842E+15,5.01442E+16
107035,7,1,37,112,2018,8,17,2,3,5,3,0,0,1,0,0,0,0,0,3.81032E+20,5.57793E+21,7.32808E+15,5.03414E+16
107036,7,3,19,0,2018,8,12,6,3,4,6,0,0,1,0,0,0,1,0,4.47369E+20,5.499E+21,8.27103E+15,4.96412E+16
107037,7,3,13,0,2018,8,17,2,3,3,7,0,0,1,0,1,0,0,0,4.36042E+20,5.44952E+21,8.12213E+15,4.91951E+16
107038,7,3,12,0,2018,8,8,4,3,2,6,0,0,1,0,0,0,0,0,4.07526E+20,5.47691E+21,7.72447E+15,4.94378E+16
107039,7,2,11,0,2018,8,20,2,3,5,3,1,0,1,0,1,0,0,0,3.33289E+20,5.5163E+21,6.68445E+15,4.9776E+16
107040,7,1,31,202,2018,7,15,5,3,2,4,0,0,1,1,0,0,0,0,3.78547E+20,5.59092E+21,7.28896E+15,5.04577E+16
107041,7,3,40,20,2018,8,9,4,3,5,2,0,1,0,0,0,0,1,0,4.0903E+20,5.45025E+21,7.75128E+15,4.91983E+16
107042,7,1,43,254,2018,7,12,1,3,2,6,0,0,1,0,0,0,0,0,4.23404E+20,5.60412E+21,7.91805E+15,5.05839E+16
107043,7,1,43,59,2018,8,18,1,3,4,6,0,0,1,0,0,0,0,0,4.10581E+20,5.59545E+21,7.73904E+15,5.05042E+16
107044,7,3,33,17,2018,8,15,5,3,3,6,0,0,1,0,1,0,0,0,4.29617E+20,5.49671E+21,8.02559E+15,4.96188E+16
107045,7,1,37,201,2018,8,12,1,3,5,2,0,0,1,0,1,0,0,0,3.89555E+20,5.56679E+21,7.45107E+15,5.02429E+16
107046,7,1,31,7,2018,8,12,4,3,4,1,0,0,1,0,0,0,0,0,3.63177E+20,5.59938E+21,7.06946E+15,5.05304E+16
107047,7,1,43,245,2018,8,3,4,3,9,1,2,0,1,0,0,0,0,0,4.35463E+20,5.60048E+21,8.089E+15,5.05527E+16
107048,7,1,38,45,2018,8,14,1,3,9,1,0,0,0,0,1,0,0,0,3.95211E+20,5.59229E+21,7.52326E+15,5.04733E+16