OBJECTID_1,ULAND,UREGBEZ,UKREIS,UGEMEINDE,UJAHR,UMONAT,USTUNDE,UWOCHENTAG,UKATEGORIE,UART,UTYP1,ULICHTVERH,IstRad,IstPKW,IstFuss,IstKrad,IstGkfz,IstSonstig,STRZUSTAND,LINREFX,LINREFY,XGCSWGS84,YGCSWGS84
107049,7,1,40,23,2018,7,9,5,2,4,1,0,0,0,0,1,1,0,0,3.98383E+20,5.54409E+21,7.58088E+15,5.00404E+16
107050,7,3,39,6,2018,8,7,3,3,3,7,0,0,1,0,0,0,0,0,4.52527E+20,5.53098E+21,8.33855E+15,4.99293E+16
107051,7,3,34,501,2018,8,15,6,3,2,6,0,0,1,0,1,0,0,0,4.47055E+20,5.4321E+21,8.27556E+15,4.90395E+16
107052,7,2,32,288,2018,7,19,6,3,4,6,0,0,1,0,0,0,0,0,3.17913E+20,5.57275E+21,6.44431E+15,5.02788E+16
107053,7,2,11,0,2018,7,10,3,3,2,6,0,0,1,0,0,0,0,0,3.29197E+20,5.50953E+21,6.63064E+15,4.97141E+16
107054,7,3,13,0,2018,8,17,2,3,9,1,0,0,0,0,1,0,0,1,4.38126E+20,5.44741E+21,8.15106E+15,4.91764E+16
107055,7,1,41,135,2018,8,16,7,2,8,1,0,0,0,0,1,0,0,0,4.18543E+20,5.57528E+21,7.85567E+15,5.0324E+16
107056,7,1,37,211,2018,7,12,5,3,1,6,0,0,1,0,1,0,0,0,3.91525E+20,5.58468E+21,7.47354E+15,5.04041E+16
107057,7,3,19,0,2018,8,22,5,3,0,1,2,0,0,0,1,0,0,0,4.54957E+20,5.49775E+21,8.37626E+15,4.96306E+16
107058,7,1,40,63,2018,7,13,5,3,5,3,0,0,1,0,1,0,0,0,3.99472E+20,5.55731E+21,7.5926E+15,5.01595E+16
107059,7,2,35,501,2018,8,14,5,3,5,2,0,0,1,0,0,1,0,1,3.24838E+20,5.52239E+21,6.56444E+15,4.98284E+16
107060,7,1,31,70,2018,7,18,2,3,4,2,0,0,1,0,0,0,0,0,3.76769E+20,5.60214E+21,7.26023E+15,5.05581E+16
107061,7,3,32,23,2018,8,11,1,2,5,2,0,1,0,0,1,0,0,0,4.43845E+20,5.48768E+21,8.22383E+15,4.95391E+16
107062,7,1,31,70,2018,8,20,6,3,5,3,0,0,1,0,0,0,0,0,3.75346E+20,5.60343E+21,7.23972E+15,5.05695E+16
107063,7,3,14,0,2018,8,9,4,3,5,3,0,1,1,0,0,0,0,0,4.5745E+20,5.47738E+21,8.41298E+15,4.94476E+16
107064,7,1,37,201,2018,8,14,2,2,0,1,0,0,0,0,1,0,1,1,3.89566E+20,5.56684E+21,7.45121E+15,5.02434E+16
107065,7,1,11,0,2018,7,11,5,3,0,1,0,1,0,0,0,0,0,0,3.99124E+20,5.58008E+21,7.58167E+15,5.03641E+16
107066,7,1,35,501,2018,8,12,4,2,7,7,0,0,0,0,1,0,0,0,3.58204E+20,5.54936E+21,7.01812E+15,5.00796E+16
107067,7,1,35,20,2018,8,13,1,3,2,7,0,0,0,0,1,0,0,0,3.70018E+20,5.55524E+21,7.18115E+15,5.01352E+16
107068,7,3,15,0,2018,8,13,7,3,8,1,0,0,0,0,1,0,0,0,4.40765E+20,5.53939E+21,8.17339E+15,5.00039E+16
107069,7,3,19,0,2018,8,6,2,3,2,6,0,0,1,0,0,0,0,0,4.52416E+20,5.50298E+21,8.34044E+15,4.96775E+16
107070,7,3,37,23,2018,8,13,4,3,5,3,0,1,1,0,0,0,0,0,4.40531E+20,5.45192E+21,8.18339E+15,4.92172E+16
107071,7,1,43,67,2018,8,12,2,3,2,2,0,0,1,0,0,0,0,0,4.12354E+20,5.59929E+21,7.76314E+15,5.0539E+16
107072,7,1,38,34,2018,7,13,5,2,2,6,0,0,0,0,0,1,1,0,4.02322E+20,5.59779E+21,7.622E+15,5.05239E+16
107073,7,1,33,6,2018,8,17,4,3,2,6,0,0,1,0,0,0,0,0,4.18695E+20,5.52172E+21,7.86919E+15,4.98424E+16
107074,7,1,31,18,2018,7,18,1,1,8,1,0,0,0,0,1,0,0,0,3.43134E+20,5.58277E+21,6.79383E+15,5.03761E+16
107075,7,1,32,117,2018,8,12,1,2,1,6,0,0,1,0,1,0,0,0,4.11799E+20,5.62577E+21,7.749E+15,5.0777E+16
107076,7,3,15,0,2018,8,8,5,2,4,2,0,1,1,0,0,0,0,0,4.4491E+20,5.53894E+21,8.23129E+15,5.00002E+16
107077,7,3,18,0,2018,8,10,7,3,3,2,0,1,1,0,0,0,0,0,4.60037E+20,5.46414E+21,8.45E+15,4.93287E+16
107078,7,1,11,0,2018,8,7,4,3,2,6,0,0,1,0,0,0,1,0,3.98161E+20,5.57974E+21,7.56823E+15,5.03609E+16
107079,7,1,32,25,2018,8,20,4,3,5,3,1,0,1,0,1,0,0,0,4.21178E+20,5.61994E+21,7.88324E+15,5.07259E+16
107080,7,1,37,223,2018,8,13,1,3,8,1,0,0,1,0,1,0,0,0,4.02082E+20,5.56864E+21,7.62621E+15,5.02617E+16
107081,7,3,36,53,2018,7,7,4,3,5,3,0,0,1,0,0,0,0,0,4.00115E+20,5.49042E+21,7.61885E+15,4.95582E+16
107082,7,3,15,0,2018,8,6,3,3,0,1,0,0,0,0,1,0,0,0,4.43217E+20,5.54091E+21,8.20739E+15,5.00178E+16
107083,7,3,38,25,2018,8,6,6,2,5,3,0,0,0,0,1,0,1,0,4.55755E+20,5.47202E+21,8.3902E+15,4.93992E+16
107084,7,2,33,501,2018,7,17,7,2,8,1,0,0,0,0,1,0,0,0,3.35925E+20,5.55478E+21,6.70464E+15,5.01226E+16
107085,7,2,35,137,2018,7,22,6,3,8,7,2,0,0,0,1,0,0,0,3.23261E+20,5.52579E+21,6.54097E+15,4.98584E+16
107086,7,1,37,86,2018,7,19,3,3,5,3,0,1,1,0,0,0,0,0,3.85204E+20,5.57865E+21,7.38646E+15,5.03487E+16
107087,7,3,14,0,2018,8,15,2,3,0,1,0,0,0,0,1,0,0,1,4.5728E+20,5.48545E+21,8.40977E+15,4.95202E+16
107088,7,1,32,86,2018,8,21,7,1,8,1,1,0,0,0,0,0,1,0,4.05651E+20,5.61274E+21,7.66515E+15,5.06589E+16
107089,7,3,32,25,2018,7,8,4,2,8,6,0,0,1,0,0,0,0,0,4.45138E+20,5.466E+21,8.2447E+15,4.93443E+16
107090,7,3,39,27,2018,8,16,5,3,2,6,0,0,1,0,0,0,0,1,4.37866E+20,5.53887E+21,8.13303E+15,4.99989E+16
107091,7,2,11,0,2018,8,21,5,3,8,1,2,0,1,0,0,0,0,0,3.24581E+20,5.51107E+21,6.56597E+15,4.97265E+16
107092,7,3,32,24,2018,7,14,4,3,4,2,0,0,1,0,0,0,0,0,4.4022E+20,5.48974E+21,8.17342E+15,4.95573E+16
107093,7,1,41,14,2018,8,0,5,3,9,1,2,0,1,0,0,0,0,0,4.29175E+20,5.57886E+21,8.00434E+15,5.03575E+16
107094,7,3,40,29,2018,7,18,1,2,4,1,0,0,0,0,1,0,0,0,4.0301E+20,5.44028E+21,7.67107E+15,4.91077E+16
107095,7,3,37,67,2018,8,11,1,3,0,2,0,0,1,0,1,0,0,0,4.21019E+20,5.45314E+21,7.91525E+15,4.9226E+16
107096,7,1,37,226,2018,8,13,6,3,1,6,0,0,1,0,0,0,1,0,4.0164E+20,5.58339E+21,7.61616E+15,5.03943E+16
107097,7,3,15,0,2018,8,19,4,3,0,1,0,0,0,0,1,0,0,1,4.47096E+20,5.53924E+21,8.26175E+15,5.00031E+16
107098,7,1,38,45,2018,8,7,5,3,2,6,0,1,1,0,0,0,0,0,3.89852E+20,5.59E+21,7.44844E+15,5.04516E+16
107099,7,3,32,35,2018,8,10,1,2,0,1,0,0,1,0,1,0,0,0,4.4486E+20,5.47301E+21,8.23991E+15,4.94072E+16
107100,7,3,32,46,2018,7,13,4,3,5,3,0,1,1,0,0,0,0,0,4.41061E+20,5.47691E+21,8.18697E+15,4.9442E+16
107101,7,1,41,59,2018,8,5,4,3,7,7,2,0,1,0,0,0,0,0,4.21652E+20,5.57838E+21,7.8987E+15,5.03523E+16
107102,7,3,18,0,2018,7,20,7,3,8,1,1,1,0,0,0,0,0,0,4.5863E+20,5.4632E+21,8.43073E+15,4.93201E+16
107103,7,1,43,286,2018,8,19,7,3,5,2,0,0,1,0,0,0,0,0,4.33746E+20,5.6059E+21,8.0638E+15,5.06012E+16
107104,7,2,32,279,2018,7,6,7,3,4,1,0,0,1,0,0,0,1,0,3.19706E+20,5.55225E+21,6.47917E+15,5.00951E+16
107105,7,3,14,0,2018,7,14,3,3,5,3,0,0,1,0,0,0,0,0,4.53003E+20,5.48212E+21,8.35107E+15,4.94899E+16
107106,7,3,37,47,2018,8,19,3,3,5,3,0,1,1,0,0,0,0,0,4.39461E+20,5.46094E+21,8.16733E+15,4.92982E+16
107107,7,3,32,6,2018,8,0,7,3,0,1,2,1,0,0,0,0,0,0,4.4074E+20,5.49435E+21,8.17992E+15,4.95988E+16
107108,7,3,34,13,2018,7,13,4,3,5,3,0,0,1,0,0,0,0,0,4.40674E+20,5.43833E+21,8.18735E+15,4.90949E+16
107109,7,2,32,19,2018,8,21,6,3,4,6,1,0,1,0,0,0,0,0,3.07582E+20,5.52516E+21,6.32338E+15,4.9848E+16
107110,7,1,40,501,2018,7,9,6,3,0,7,0,1,0,0,0,0,0,0,4.00696E+20,5.56492E+21,7.60774E+15,5.02281E+16
107111,7,3,38,19,2018,7,18,2,2,5,3,0,1,1,0,0,0,0,0,4.52795E+20,5.47667E+21,8.34884E+15,4.94408E+16
107112,7,2,32,93,2018,8,14,2,3,5,3,0,0,1,0,0,0,0,0,3.1974E+20,5.52497E+21,6.49241E+15,4.985E+16
107113,7,3,35,37,2018,8,12,6,2,9,1,0,0,0,0,1,0,0,0,3.99348E+20,5.46942E+21,7.6136E+15,4.93692E+16
107114,7,3,34,36,2018,7,18,4,3,5,3,0,0,1,0,0,0,0,0,4.45115E+20,5.45541E+21,8.24584E+15,4.9249E+16
107115,7,3,32,24,2018,7,13,3,3,5,3,0,1,1,0,0,0,0,0,4.40018E+20,5.4899E+21,8.1706E+15,4.95588E+16
107116,7,3,34,7,2018,7,16,7,3,2,6,0,0,1,0,0,0,0,0,4.52894E+20,5.45386E+21,8.3529E+15,4.92357E+16
107117,7,1,31,7,2018,8,13,4,3,2,6,0,0,1,0,0,0,0,0,3.69866E+20,5.60072E+21,7.16333E+15,5.05439E+16
107118,7,3,33,50,2018,8,14,7,2,8,1,0,0,1,0,0,0,0,0,4.19724E+20,5.5107E+21,7.88578E+15,4.97434E+16
107119,7,3,34,28,2018,7,16,4,3,3,6,0,0,1,0,0,0,0,0,4.53825E+20,5.4593E+21,8.36507E+15,4.92847E+16
107120,7,1,32,501,2018,8,17,3,3,8,1,0,1,0,0,0,0,0,0,4.03286E+20,5.61602E+21,7.63085E+15,5.0688E+16
107121,7,3,19,0,2018,8,15,6,3,6,4,0,0,1,1,0,0,0,0,4.54023E+20,5.49908E+21,8.36318E+15,4.96425E+16
107122,7,1,32,55,2018,7,12,6,3,4,1,0,0,1,0,0,1,0,0,3.95395E+20,5.60419E+21,7.52251E+15,5.05802E+16
107123,7,3,32,35,2018,7,13,2,2,2,2,0,0,1,0,0,0,1,0,4.45203E+20,5.47135E+21,8.24486E+15,4.93924E+16
107124,7,3,19,0,2018,8,15,2,3,5,3,0,0,1,0,0,0,0,0,4.53702E+20,5.5005E+21,8.35856E+15,4.96553E+16
107125,7,3,40,28,2018,8,14,6,2,8,1,0,0,1,0,0,0,0,0,4.04419E+20,5.44324E+21,7.68967E+15,4.91346E+16
107126,7,3,34,11,2018,7,11,4,3,0,7,0,1,0,0,0,0,0,0,4.51369E+20,5.44658E+21,8.33285E+15,4.91701E+16
107127,7,1,41,66,2018,8,15,5,2,9,1,0,0,1,0,0,0,0,0,3.99544E+20,5.56573E+21,7.59138E+15,5.02352E+16
107128,7,3,13,0,2018,7,13,4,2,1,7,0,0,0,0,0,1,0,0,4.38045E+20,5.44933E+21,8.14964E+15,4.91936E+16
107129,7,1,32,96,2018,8,1,5,3,8,7,2,0,1,0,0,0,0,0,4.08714E+20,5.62471E+21,7.70551E+15,5.0767E+16
107130,7,3,32,2,2018,7,9,1,3,2,6,0,0,1,0,1,0,0,0,4.41045E+20,5.48006E+21,8.18628E+15,4.94704E+16
107131,7,1,33,30,2018,8,12,1,2,8,1,0,0,0,0,1,0,0,0,4.14237E+20,5.51354E+21,7.80902E+15,4.97682E+16
107132,7,1,43,59,2018,8,8,6,3,3,6,0,0,1,0,0,1,0,0,4.09608E+20,5.5955E+21,7.72532E+15,5.05045E+16
107133,7,2,33,80,2018,8,16,4,2,9,1,0,0,1,0,0,0,0,0,3.36606E+20,5.5723E+21,6.70663E+15,5.02802E+16
107134,7,1,11,0,2018,8,21,5,3,5,3,1,1,1,0,0,0,0,0,4.01183E+20,5.5815E+21,7.61024E+15,5.03772E+16
107135,7,3,18,0,2018,8,20,1,3,2,2,0,0,1,0,1,0,0,0,4.58897E+20,5.46676E+21,8.43404E+15,4.93521E+16
107136,7,3,37,42,2018,7,23,4,2,7,1,2,0,0,0,0,1,0,0,4.31865E+20,5.44787E+21,8.06508E+15,4.91799E+16
107137,7,1,31,90,2018,8,9,4,3,8,1,0,0,1,0,0,0,0,1,3.65292E+20,5.60384E+21,7.09767E+15,5.05709E+16
107138,7,3,38,5,2018,7,11,7,3,5,3,0,0,1,0,1,0,0,0,4.49683E+20,5.46906E+21,8.30689E+15,4.93721E+16
107139,7,1,32,63,2018,8,14,7,2,4,6,0,0,1,0,0,0,0,0,4.2369E+20,5.62811E+21,7.91714E+15,5.07997E+16
107140,7,3,33,35,2018,7,11,3,2,8,1,0,0,1,0,0,0,0,0,4.2598E+20,5.49719E+21,7.97515E+15,4.96228E+16
107141,7,1,41,50,2018,8,1,3,3,8,1,2,0,1,0,0,0,0,0,4.23721E+20,5.57528E+21,7.9284E+15,5.03246E+16
107142,7,3,38,17,2018,8,19,7,3,8,1,0,1,1,0,0,0,0,0,4.56203E+20,5.47516E+21,8.39603E+15,4.94275E+16
107143,7,3,38,26,2018,7,23,4,2,9,1,2,0,0,0,1,0,0,0,4.59344E+20,5.47175E+21,8.43969E+15,4.93971E+16
107144,7,1,38,9,2018,8,12,6,3,2,6,0,0,1,0,1,0,0,0,3.84881E+20,5.60305E+21,7.37443E+15,5.0568E+16
107145,7,3,34,36,2018,7,14,5,3,5,3,0,0,1,0,0,0,0,0,4.45115E+20,5.45541E+21,8.24584E+15,4.9249E+16
107146,7,3,39,34,2018,7,16,2,2,4,6,0,0,1,0,0,0,0,0,4.50634E+20,5.52819E+21,8.31255E+15,4.99041E+16
107147,7,1,38,3,2018,8,16,2,3,6,4,0,0,1,1,0,0,0,0,3.89707E+20,5.61643E+21,7.43856E+15,5.06893E+16
107148,7,3,37,43,2018,8,9,6,3,1,6,0,0,1,0,0,0,0,0,4.35506E+20,5.44638E+21,8.11528E+15,4.91668E+16
107149,7,3,16,0,2018,8,21,2,3,0,6,2,0,1,0,1,0,0,0,4.3863E+20,5.46807E+21,8.1548E+15,4.93623E+16
107150,7,3,33,14,2018,8,21,4,3,8,1,2,0,1,0,0,0,0,0,4.14665E+20,5.50216E+21,7.81745E+15,4.96659E+16
107151,7,2,32,104,2018,8,21,2,3,8,1,1,0,1,0,0,0,0,0,3.29839E+20,5.53622E+21,6.62782E+15,4.9954E+16
107152,7,1,33,6,2018,7,23,4,2,9,1,2,0,0,0,1,0,0,0,4.19982E+20,5.52417E+21,7.88659E+15,4.98646E+16
107153,7,1,11,0,2018,8,7,5,3,4,6,0,0,1,0,0,0,0,1,3.99164E+20,5.58007E+21,7.58223E+15,5.03641E+16
107154,7,1,35,92,2018,7,15,1,2,8,1,0,0,0,0,1,0,0,0,3.72168E+20,5.54526E+21,7.21456E+15,5.00459E+16
107155,7,1,41,29,2018,8,13,1,3,2,6,0,0,1,0,0,0,0,0,4.31666E+20,5.5805E+21,8.03906E+15,5.03726E+16
107156,7,3,11,0,2018,8,12,5,2,2,2,0,0,1,0,1,0,0,0,4.5439E+20,5.48823E+21,8.36951E+15,4.95449E+16
107157,7,1,32,63,2018,8,16,4,3,9,1,0,0,0,0,1,0,0,1,4.23491E+20,5.62989E+21,7.91394E+15,5.08157E+16
107158,7,3,39,202,2018,8,16,4,3,5,3,0,0,1,0,0,0,0,0,4.3202E+20,5.52563E+21,8.05381E+15,4.98792E+16
107159,7,2,11,0,2018,8,11,1,3,2,2,0,0,1,0,0,0,0,0,3.29055E+20,5.51552E+21,6.62604E+15,4.97678E+16
107160,7,1,37,43,2018,8,20,3,3,5,3,0,0,1,0,0,0,0,0,3.74009E+20,5.57149E+21,7.23157E+15,5.02821E+16
107161,7,1,37,68,2018,8,8,5,2,5,3,0,0,1,0,1,0,0,0,3.75488E+20,5.57648E+21,7.25069E+15,5.03273E+16
107162,7,1,33,30,2018,7,17,4,3,9,1,0,0,0,0,0,0,1,0,4.14237E+20,5.51354E+21,7.80902E+15,4.97682E+16
107163,7,1,37,3,2018,8,16,5,3,8,1,0,0,1,0,0,0,0,1,3.95035E+20,5.58385E+21,7.52315E+15,5.03973E+16
107164,7,3,14,0,2018,7,23,1,2,0,1,2,1,0,0,0,0,0,0,4.55962E+20,5.48683E+21,8.3914E+15,4.95325E+16
107165,7,2,35,125,2018,8,8,1,2,9,1,0,0,0,0,0,1,0,0,3.39427E+20,5.52265E+21,6.76702E+15,4.98347E+16
107166,7,3,35,31,2018,8,15,5,3,0,3,0,0,1,0,0,0,1,0,3.9858E+20,5.47132E+21,7.60253E+15,4.93861E+16
107167,7,1,43,232,2018,8,22,4,3,7,7,2,0,1,0,0,0,0,1,4.21034E+20,5.59857E+21,7.88576E+15,5.05337E+16
107168,7,3,18,0,2018,8,8,4,3,0,7,0,1,0,0,0,0,0,0,4.57602E+20,5.46435E+21,8.41646E+15,4.93304E+16
107169,7,3,15,0,2018,8,2,1,3,6,4,2,0,1,1,0,0,0,0,4.45638E+20,5.53862E+21,8.24151E+15,4.99974E+16
107170,7,1,33,40,2018,7,13,4,3,5,2,0,0,1,0,0,0,0,0,4.14932E+20,5.52298E+21,7.8166E+15,4.98532E+16
107171,7,3,35,20,2018,8,21,3,3,0,6,2,0,0,0,1,0,0,0,3.94092E+20,5.48106E+21,7.53811E+15,4.94729E+16
107172,7,1,41,501,2018,8,13,7,2,8,1,0,0,0,0,1,0,0,0,4.04796E+20,5.57127E+21,7.66362E+15,5.02859E+16
107173,7,3,37,43,2018,7,20,6,2,8,1,0,0,0,0,1,0,0,0,4.35426E+20,5.44624E+21,8.1142E+15,4.91656E+16
107174,7,3,39,27,2018,7,18,3,3,3,6,0,1,0,0,0,1,0,0,4.38192E+20,5.53905E+21,8.13755E+15,5.00006E+16
107175,7,1,43,51,2018,8,9,3,3,2,6,0,0,0,0,0,1,0,0,4.23834E+20,5.58622E+21,7.92777E+15,5.0423E+16
107176,7,3,39,30,2018,8,23,7,2,4,7,2,0,1,0,0,0,0,0,4.30471E+20,5.53725E+21,8.03016E+15,4.99836E+16
107177,7,3,33,39,2018,7,13,4,3,3,6,0,0,1,0,0,1,0,0,4.29602E+20,5.5018E+21,8.02446E+15,4.96646E+16
107178,7,3,36,62,2018,8,8,5,3,2,2,0,0,1,0,0,0,1,0,3.95715E+20,5.50286E+21,7.55474E+15,4.96693E+16
107179,7,2,33,39,2018,7,17,4,3,1,6,0,0,1,0,0,0,0,0,3.38538E+20,5.56671E+21,6.7361E+15,5.02305E+16
107180,7,2,33,26,2018,7,9,2,3,6,7,0,0,0,1,0,0,1,0,3.34454E+20,5.56628E+21,6.67908E+15,5.02255E+16
107181,7,1,40,501,2018,8,7,2,3,0,2,0,0,1,0,0,0,1,0,4.03177E+20,5.5593E+21,7.64395E+15,5.0178E+16
107182,7,2,33,14,2018,8,13,6,3,5,2,0,0,1,0,0,0,0,0,3.48715E+20,5.56378E+21,6.87986E+15,5.02068E+16
107183,7,3,14,0,2018,8,0,2,2,8,1,2,0,1,0,0,0,0,0,4.5698E+20,5.47659E+21,8.40658E+15,4.94404E+16
107184,7,3,19,0,2018,8,23,4,3,2,6,2,0,1,0,0,1,0,0,4.48899E+20,5.49632E+21,8.29257E+15,4.96173E+16
107185,7,1,41,124,2018,8,6,2,3,5,2,0,0,1,0,1,0,0,0,4.22473E+20,5.57756E+21,7.9104E+15,5.0345E+16
107186,7,2,32,101,2018,7,20,4,2,9,1,0,0,0,0,1,0,0,0,3.29195E+20,5.54423E+21,6.61529E+15,5.00259E+16
107187,7,3,34,7,2018,8,18,4,3,5,3,0,1,1,0,0,0,0,0,4.53197E+20,5.44915E+21,8.35762E+15,4.91934E+16
107188,7,1,35,20,2018,7,18,1,3,0,1,0,0,0,0,1,0,0,0,3.67413E+20,5.55847E+21,7.1436E+15,5.01636E+16
107189,7,1,38,80,2018,8,10,1,3,5,3,0,1,1,0,0,0,0,0,3.89686E+20,5.61852E+21,7.43764E+15,5.0708E+16
107190,7,3,39,39,2018,8,13,5,3,5,3,0,0,1,0,1,0,0,0,4.52831E+20,5.52955E+21,8.34297E+15,4.99165E+16
107191,7,3,32,40,2018,8,11,7,2,1,5,0,0,1,0,0,0,0,0,4.42435E+20,5.49083E+21,8.2039E+15,4.95673E+16
107192,7,2,35,1,2018,7,19,7,2,8,1,0,0,1,0,1,0,0,0,3.29082E+20,5.51787E+21,6.62538E+15,4.97889E+16
107193,7,1,37,221,2018,7,15,1,3,8,1,0,0,1,0,0,0,0,0,4.00782E+20,5.57133E+21,7.60728E+15,5.02857E+16
107194,7,1,37,203,2018,8,16,4,3,5,3,0,0,1,0,0,0,0,1,3.9825E+20,5.58634E+21,7.56768E+15,5.04203E+16
107195,7,1,43,48,2018,8,16,4,3,2,6,0,0,1,0,0,0,0,0,4.18596E+20,5.58793E+21,7.85369E+15,5.04377E+16
107196,7,1,31,1,2018,8,16,1,3,8,7,0,0,1,0,1,0,0,0,3.54619E+20,5.57668E+21,6.95759E+15,5.03243E+16
107197,7,2,32,27,2018,7,17,4,3,5,3,0,0,1,0,1,0,0,0,3.30456E+20,5.53804E+21,6.63562E+15,4.99706E+16
107198,7,3,15,0,2018,8,17,3,3,0,2,0,1,0,0,0,0,0,0,4.45536E+20,5.54072E+21,8.23978E+15,5.00163E+16
107199,7,3,18,0,2018,8,15,6,3,0,1,1,0,0,0,1,0,0,0,4.57251E+20,5.46675E+21,8.41138E+15,4.9352E+16
107200,7,2,32,50,2018,7,9,6,3,2,6,0,0,1,0,1,0,0,0,3.35047E+20,5.53302E+21,6.70173E+15,4.99268E+16
107201,7,1,32,37,2018,7,11,3,3,0,1,0,0,0,0,0,1,0,0,4.13544E+20,5.64143E+21,7.77004E+15,5.0918E+16
107202,7,3,37,7,2018,8,8,2,3,1,2,0,0,1,0,0,0,0,1,4.33003E+20,5.44313E+21,8.08149E+15,4.91373E+16
107203,7,1,38,75,2018,8,10,7,3,0,2,0,0,1,0,1,0,0,0,3.8283E+20,5.60902E+21,7.34358E+15,5.06213E+16
107204,7,2,31,134,2018,7,14,4,3,2,6,0,0,1,0,0,0,0,0,3.49222E+20,5.53844E+21,6.89696E+15,4.99792E+16
107205,7,2,31,117,2018,7,14,4,3,9,1,0,0,1,0,0,0,0,0,3.44746E+20,5.52997E+21,6.83799E+15,4.99019E+16
107206,7,1,33,6,2018,8,8,3,3,0,1,0,1,1,0,0,0,0,0,4.1819E+20,5.5217E+21,7.86217E+15,4.98422E+16
107207,7,3,12,0,2018,8,16,6,3,1,6,0,0,1,0,0,0,0,0,4.12744E+20,5.47881E+21,7.79601E+15,4.94556E+16
107208,7,2,31,113,2018,7,15,6,3,9,1,0,0,0,0,1,0,0,0,3.46026E+20,5.53142E+21,6.85522E+15,4.99153E+16
107209,7,2,31,90,2018,7,13,3,3,8,1,0,0,0,0,1,0,0,0,3.58456E+20,5.52965E+21,7.0289E+15,4.99025E+16
107210,7,3,35,22,2018,8,8,2,3,8,1,0,0,1,0,0,0,0,1,3.92199E+20,5.47327E+21,7.51412E+15,4.94026E+16
107211,7,2,35,105,2018,8,0,7,2,9,1,2,0,1,0,0,0,0,0,3.3229E+20,5.50206E+21,6.6767E+15,4.96477E+16
107212,7,1,34,65,2018,7,9,4,3,8,1,0,0,1,0,0,0,0,0,3.81649E+20,5.52661E+21,7.35265E+15,4.98802E+16
107213,7,3,34,36,2018,8,16,5,3,8,6,0,0,1,0,0,0,0,0,4.44382E+20,5.45666E+21,8.2356E+15,4.92602E+16
107214,7,1,43,228,2018,7,2,4,3,8,1,2,0,1,0,0,0,0,0,4.25762E+20,5.59834E+21,7.9525E+15,5.05323E+16
107215,7,2,31,53,2018,8,9,5,3,2,6,0,0,1,0,0,0,0,0,3.41871E+20,5.52501E+21,6.8E+15,4.98567E+16
107216,7,2,11,0,2018,7,11,2,3,6,1,0,0,0,1,0,1,0,0,3.28871E+20,5.51357E+21,6.62434E+15,4.97502E+16
107217,7,3,17,0,2018,8,8,1,2,9,1,0,0,0,0,1,0,0,0,3.99199E+20,5.45182E+21,7.61598E+15,4.92109E+16
107218,7,1,41,58,2018,8,17,6,2,8,1,0,0,0,0,1,0,0,0,4.14133E+20,5.5756E+21,7.79367E+15,5.03262E+16
107219,7,3,14,0,2018,8,19,4,3,0,1,0,0,0,0,1,0,0,1,4.55514E+20,5.48217E+21,8.38573E+15,4.94905E+16
107220,7,1,35,23,2018,8,8,2,3,5,3,0,0,1,0,0,0,0,0,3.67748E+20,5.56827E+21,7.14487E+15,5.02518E+16
107221,7,1,38,4,2018,7,18,4,2,1,5,0,0,1,0,1,0,0,0,3.80524E+20,5.59776E+21,7.31462E+15,5.05196E+16
107222,7,3,33,10,2018,8,21,4,3,4,6,2,0,1,0,0,0,0,0,4.30081E+20,5.49931E+21,8.03155E+15,4.96423E+16
107223,7,1,31,69,2018,7,13,1,3,9,1,0,0,1,0,0,0,0,0,3.49796E+20,5.58443E+21,6.88679E+15,5.03927E+16
107224,7,1,32,48,2018,8,17,1,2,8,1,0,0,0,0,1,0,1,0,4.11356E+20,5.62201E+21,7.74362E+15,5.07431E+16
107225,7,3,15,0,2018,8,6,5,2,6,4,0,0,1,1,0,0,0,0,4.47673E+20,5.53626E+21,8.27021E+15,4.99764E+16
107226,7,3,38,2,2018,8,21,7,3,0,1,2,1,0,0,0,0,0,0,4.51381E+20,5.48965E+21,8.32775E+15,4.95575E+16
107227,7,2,35,73,2018,7,17,7,3,2,6,0,0,1,0,1,0,0,0,3.2075E+20,5.50962E+21,6.51352E+15,4.97124E+16
107228,7,1,33,20,2018,7,20,3,3,0,1,0,1,0,0,0,0,0,0,4.0577E+20,5.50702E+21,7.69304E+15,4.97083E+16
107229,7,1,31,77,2018,8,15,4,3,8,1,0,0,0,0,1,0,0,0,3.74679E+20,5.59678E+21,7.23255E+15,5.05095E+16
107230,7,1,31,90,2018,8,15,1,2,8,1,0,0,0,0,1,0,0,0,3.66168E+20,5.60433E+21,7.10985E+15,5.05756E+16
107231,7,1,31,77,2018,7,13,4,3,4,2,0,1,1,0,0,0,0,0,3.76419E+20,5.6005E+21,7.25583E+15,5.05434E+16
107232,7,2,35,28,2018,8,9,3,2,8,1,0,0,0,0,1,0,0,0,3.21705E+20,5.49211E+21,6.53473E+15,4.95553E+16
107233,7,3,14,0,2018,8,22,6,3,3,6,0,0,1,0,1,0,0,0,4.5892E+20,5.47948E+21,8.43304E+15,4.94666E+16
107234,7,1,34,90,2018,7,17,7,3,5,3,0,0,1,0,0,0,0,0,3.78018E+20,5.51123E+21,7.30696E+15,4.97412E+16
107235,7,1,41,103,2018,7,11,6,2,0,7,0,1,0,0,0,0,0,0,4.18239E+20,5.57391E+21,7.8517E+15,5.03116E+16