OBJECTID_1,ULAND,UREGBEZ,UKREIS,UGEMEINDE,UJAHR,UMONAT,USTUNDE,UWOCHENTAG,UKATEGORIE,UART,UTYP1,ULICHTVERH,IstRad,IstPKW,IstFuss,IstKrad,IstGkfz,IstSonstig,STRZUSTAND,LINREFX,LINREFY,XGCSWGS84,YGCSWGS84
107236,7,1,37,203,2018,7,8,3,3,7,1,0,0,1,0,0,0,0,0,3.99134E+20,5.58622E+21,7.58016E+15,5.04193E+16
107237,7,1,33,93,2018,8,17,2,1,4,6,0,0,1,0,0,0,0,0,4.13839E+20,5.53034E+21,7.79976E+15,4.99193E+16
107238,7,1,31,210,2018,8,21,7,2,8,1,0,0,1,0,0,0,0,0,3.7474E+20,5.58543E+21,7.2372E+15,5.04075E+16
107239,7,1,11,0,2018,7,18,4,3,0,7,0,0,1,0,0,1,0,0,3.93421E+20,5.57818E+21,7.50206E+15,5.0346E+16
107240,7,2,11,0,2018,8,11,5,3,5,2,0,0,1,0,0,0,0,0,3.29993E+20,5.51343E+21,6.63997E+15,4.97493E+16
107241,7,1,40,37,2018,7,15,4,2,8,1,0,0,1,0,0,0,0,0,4.05444E+20,5.54163E+21,7.68008E+15,5.00194E+16
107242,7,1,38,12,2018,8,13,5,3,0,2,0,0,0,0,1,0,0,0,4.03794E+20,5.60168E+21,7.64175E+15,5.05591E+16
107243,7,3,35,27,2018,7,13,1,2,9,1,0,0,0,0,1,0,0,0,3.91972E+20,5.47053E+21,7.51174E+15,4.93779E+16
107244,7,3,38,16,2018,8,16,1,3,5,7,0,1,1,0,0,0,0,0,4.50071E+20,5.48466E+21,8.31026E+15,4.95125E+16
107245,7,1,37,504,2018,8,16,6,2,0,2,0,0,1,0,1,0,0,0,3.89533E+20,5.56957E+21,7.44995E+15,5.02679E+16
107246,7,1,43,206,2018,7,0,7,2,2,6,2,1,1,0,0,0,0,0,4.2603E+20,5.61276E+21,7.95342E+15,5.0662E+16
107247,7,3,15,0,2018,8,13,4,3,3,2,0,0,1,0,0,0,0,0,4.4722E+20,5.5378E+21,8.26369E+15,4.99902E+16
107248,7,1,35,65,2018,8,10,5,2,4,6,0,0,1,0,0,0,0,0,3.84266E+20,5.56267E+21,7.37817E+15,5.02049E+16
107249,7,3,16,0,2018,8,23,1,3,0,1,2,1,0,0,0,0,0,0,4.40976E+20,5.46522E+21,8.18753E+15,4.93369E+16
107250,7,1,43,23,2018,7,17,4,3,2,6,0,0,1,0,0,1,1,0,4.24623E+20,5.58505E+21,7.93912E+15,5.04127E+16
107251,7,1,38,19,2018,8,21,4,2,0,7,1,0,0,0,1,0,0,0,3.74838E+20,5.60496E+21,7.23204E+15,5.05831E+16
107252,7,3,15,0,2018,8,17,5,3,2,6,0,0,1,0,0,0,0,0,4.45149E+20,5.53641E+21,8.23499E+15,4.99775E+16
107253,7,2,32,332,2018,8,11,5,2,9,1,0,0,0,0,1,0,0,0,3.23022E+20,5.55954E+21,6.52211E+15,5.01616E+16
107254,7,3,40,20,2018,7,14,3,3,2,6,0,0,1,0,0,0,0,0,4.08685E+20,5.44797E+21,7.74707E+15,4.91778E+16
107255,7,2,11,0,2018,8,8,5,3,2,6,0,0,1,0,0,0,0,0,3.32054E+20,5.51591E+21,6.66748E+15,4.97722E+16
107256,7,1,37,216,2018,7,18,2,2,4,7,0,0,1,0,0,0,0,0,3.9371E+20,5.58339E+21,7.50464E+15,5.03929E+16
107257,7,3,32,10,2018,8,14,1,3,5,3,0,0,1,0,1,0,0,0,4.45727E+20,5.49077E+21,8.24943E+15,4.9567E+16
107258,7,1,31,2,2018,8,11,6,3,2,1,0,0,1,0,0,0,0,0,3.56263E+20,5.59455E+21,6.97384E+15,5.04852E+16
107259,7,3,39,5,2018,8,18,4,3,0,1,0,0,0,0,1,0,0,1,4.20768E+20,5.53577E+21,7.89514E+15,4.9969E+16
107260,7,3,33,34,2018,8,17,1,2,7,1,0,1,0,0,0,0,0,0,4.14052E+20,5.49451E+21,7.81063E+15,4.9597E+16
107261,7,3,12,0,2018,7,12,3,3,5,2,0,0,1,0,1,0,0,0,4.09648E+20,5.478E+21,7.75349E+15,4.94479E+16
107262,7,2,31,134,2018,8,16,4,2,4,1,0,0,1,0,1,0,0,0,3.49687E+20,5.54337E+21,6.90151E+15,5.00237E+16
107263,7,1,31,11,2018,8,12,1,3,8,6,0,0,0,0,1,0,0,0,3.55573E+20,5.59804E+21,6.96276E+15,5.05165E+16
107264,7,1,34,66,2018,8,20,7,2,8,1,0,0,1,0,0,0,0,0,3.89792E+20,5.50688E+21,7.47155E+15,4.97043E+16
107265,7,1,38,65,2018,7,20,7,3,4,1,0,0,1,0,0,0,0,0,3.87873E+20,5.60267E+21,7.41677E+15,5.05652E+16
107266,7,3,34,17,2018,7,17,3,3,8,6,0,0,1,0,0,0,0,0,4.51503E+20,5.45441E+21,8.33374E+15,4.92406E+16
107267,7,3,35,20,2018,8,20,3,2,9,1,1,0,1,0,0,0,0,0,3.93527E+20,5.48032E+21,7.53052E+15,4.94662E+16
107268,7,3,12,0,2018,8,1,7,3,0,1,2,1,0,0,0,0,0,0,4.12658E+20,5.47876E+21,7.79483E+15,4.94552E+16
107269,7,3,35,501,2018,7,10,3,3,3,6,0,1,0,0,0,1,0,0,3.93386E+20,5.48456E+21,7.52743E+15,4.95043E+16
107270,7,1,38,45,2018,8,14,3,3,4,2,0,0,1,0,0,0,0,0,3.92708E+20,5.58756E+21,7.48936E+15,5.04303E+16
107271,7,3,15,0,2018,8,14,6,3,5,3,0,0,1,0,0,0,1,0,4.47571E+20,5.53764E+21,8.2686E+15,4.99888E+16
107272,7,1,35,85,2018,7,22,6,3,7,7,2,0,0,0,1,0,0,0,3.61083E+20,5.55325E+21,7.05692E+15,5.01153E+16
107273,7,3,37,67,2018,7,13,2,2,4,6,0,0,1,0,0,0,1,0,4.21129E+20,5.45289E+21,7.91682E+15,4.92237E+16
107274,7,3,19,0,2018,8,17,2,3,8,1,0,0,1,0,0,0,0,1,4.48956E+20,5.49672E+21,8.29331E+15,4.96209E+16
107275,7,3,40,38,2018,8,11,6,3,0,1,0,0,0,0,1,0,0,0,3.99278E+20,5.4562E+21,7.61597E+15,4.92503E+16
107276,7,3,32,25,2018,7,17,3,3,8,1,0,0,1,0,0,0,0,0,4.47961E+20,5.4651E+21,8.28369E+15,4.93364E+16
107277,7,1,38,40,2018,8,7,5,2,5,2,0,0,1,0,0,0,0,0,3.98023E+20,5.60322E+21,7.55989E+15,5.0572E+16
107278,7,3,16,0,2018,7,17,3,3,2,6,0,0,1,0,0,0,1,0,4.43292E+20,5.46812E+21,8.219E+15,4.93631E+16
107279,7,1,35,69,2018,8,11,5,3,0,7,0,0,0,0,1,1,0,0,3.7033E+20,5.55025E+21,7.18721E+15,5.00903E+16
107280,7,3,34,7,2018,7,3,1,3,9,7,0,1,0,0,0,0,0,0,4.53814E+20,5.45158E+21,8.3658E+15,4.92153E+16
107281,7,3,31,26,2018,8,20,1,3,1,5,0,0,1,0,0,0,1,0,4.41318E+20,5.51215E+21,8.18524E+15,4.9759E+16
107282,7,3,17,0,2018,8,16,5,3,5,2,0,0,0,0,1,0,1,0,3.9912E+20,5.45123E+21,7.61505E+15,4.92056E+16
107283,7,1,32,14,2018,7,13,7,3,2,6,0,0,1,0,0,0,0,0,4.09275E+20,5.622E+21,7.71414E+15,5.07427E+16
107284,7,1,34,68,2018,8,12,4,2,5,3,0,0,1,0,0,0,0,1,3.76852E+20,5.50052E+21,7.29417E+15,4.96446E+16
107285,7,3,17,0,2018,8,12,4,3,2,6,0,0,1,0,0,0,0,0,3.95076E+20,5.45213E+21,7.55931E+15,4.9213E+16
107286,7,1,33,109,2018,8,3,1,3,0,1,2,0,0,0,1,0,0,0,4.10866E+20,5.52739E+21,7.75902E+15,4.98923E+16
107287,7,3,34,36,2018,7,21,3,3,5,3,1,0,1,0,0,0,0,0,4.45119E+20,5.45541E+21,8.24589E+15,4.9249E+16
107288,7,1,40,36,2018,8,10,4,3,2,2,0,0,1,0,0,0,0,0,3.96405E+20,5.55695E+21,7.54978E+15,5.01557E+16
107289,7,1,31,68,2018,8,16,7,3,5,3,0,1,1,0,0,0,0,0,3.60766E+20,5.59767E+21,7.0361E+15,5.05144E+16
107290,7,1,32,501,2018,7,9,7,3,4,1,0,0,1,0,0,0,0,1,4.03029E+20,5.61614E+21,7.62718E+15,5.0689E+16
107291,7,3,19,0,2018,7,16,3,3,5,2,0,1,1,0,0,0,0,0,4.53323E+20,5.49744E+21,8.35367E+15,4.96277E+16
107292,7,1,37,68,2018,8,14,3,3,0,2,0,1,1,0,0,0,0,0,3.73054E+20,5.5764E+21,7.21654E+15,5.0326E+16
107293,7,3,14,0,2018,8,18,7,3,5,2,0,0,1,0,1,0,0,0,4.5728E+20,5.48545E+21,8.40977E+15,4.95202E+16
107294,7,3,34,18,2018,7,13,3,3,5,3,0,0,1,0,0,0,1,0,4.45119E+20,5.45541E+21,8.24589E+15,4.9249E+16
107295,7,1,31,2,2018,8,9,6,3,1,1,0,0,1,0,1,0,0,0,3.56772E+20,5.59634E+21,6.98031E+15,5.05015E+16
107296,7,1,43,67,2018,8,14,7,2,2,6,0,0,0,0,1,1,0,0,4.12413E+20,5.59919E+21,7.76399E+15,5.05381E+16
107297,7,3,14,0,2018,7,21,3,3,3,6,1,0,1,0,0,0,0,0,4.58365E+20,5.4806E+21,8.42526E+15,4.94766E+16
107298,7,3,39,60,2018,8,11,3,3,5,3,0,0,1,0,0,0,0,0,4.45472E+20,5.52133E+21,8.24163E+15,4.98419E+16
107299,7,3,13,0,2018,8,19,7,3,5,3,1,0,1,0,1,0,0,0,4.35332E+20,5.44937E+21,8.11241E+15,4.91937E+16
107300,7,3,18,0,2018,7,11,3,3,0,1,0,1,0,0,0,0,0,0,4.58585E+20,5.46416E+21,8.43002E+15,4.93288E+16
107301,7,2,35,111,2018,8,7,6,3,8,1,0,0,0,0,1,0,0,1,3.21972E+20,5.52113E+21,6.52519E+15,4.98162E+16
107302,7,3,14,0,2018,7,16,5,2,9,1,0,0,0,0,1,0,0,0,4.56308E+20,5.48071E+21,8.39685E+15,4.94774E+16
107303,7,3,14,0,2018,7,9,2,3,1,6,0,0,1,0,0,1,0,0,4.58018E+20,5.47983E+21,8.42056E+15,4.94696E+16
107304,7,2,31,80,2018,8,18,2,3,8,1,0,0,0,0,1,0,0,1,3.42351E+20,5.55102E+21,6.79603E+15,5.00905E+16
107305,7,3,11,0,2018,8,2,6,3,0,7,2,0,0,0,1,0,0,0,4.53385E+20,5.4828E+21,8.35626E+15,4.94961E+16
107306,7,3,14,0,2018,7,6,3,3,5,3,0,1,0,0,0,0,0,0,4.57452E+20,5.48362E+21,8.41233E+15,4.95037E+16
107307,7,3,33,14,2018,8,11,2,3,4,6,0,0,1,0,1,0,0,0,4.14853E+20,5.50115E+21,7.82028E+15,4.96568E+16
107308,7,1,11,0,2018,8,20,5,3,4,2,0,0,1,0,0,0,0,0,3.98505E+20,5.58078E+21,7.57279E+15,5.03703E+16
107309,7,3,15,0,2018,8,12,2,3,5,3,0,0,1,0,0,0,0,0,4.41704E+20,5.53737E+21,8.18681E+15,4.99858E+16
107310,7,1,33,10,2018,7,20,3,2,0,1,1,1,0,0,0,0,0,0,3.93169E+20,5.5102E+21,7.51746E+15,4.97348E+16
107311,7,1,37,203,2018,8,1,5,3,7,1,2,0,1,0,0,0,0,0,3.98414E+20,5.58811E+21,7.56951E+15,5.04362E+16
107312,7,3,15,0,2018,7,22,1,3,3,6,2,0,1,0,0,0,0,0,4.46989E+20,5.53892E+21,8.26031E+15,5.00002E+16
107313,7,2,32,290,2018,8,11,1,3,2,6,0,0,1,0,0,0,0,0,3.13857E+20,5.56133E+21,6.39304E+15,5.01749E+16
107314,7,3,32,43,2018,8,8,5,3,4,6,0,0,1,0,0,0,0,0,4.42865E+20,5.47161E+21,8.21261E+15,4.93945E+16
107315,7,1,35,75,2018,7,14,7,2,5,3,0,0,1,0,0,0,0,0,3.75591E+20,5.56689E+21,7.25528E+15,5.02411E+16
107316,7,1,43,9,2018,8,18,4,3,8,1,0,0,0,0,1,0,0,1,4.07449E+20,5.59588E+21,7.69478E+15,5.05075E+16
107317,7,3,14,0,2018,8,21,4,3,9,7,2,0,1,0,0,0,0,0,4.53357E+20,5.48366E+21,8.35577E+15,4.95038E+16
107318,7,2,31,40,2018,8,3,1,3,0,7,2,0,1,0,0,0,0,0,3.64192E+20,5.52328E+21,7.11097E+15,4.98466E+16
107319,7,1,33,89,2018,7,14,3,3,0,7,0,0,1,0,0,0,0,0,4.1058E+20,5.52001E+21,7.75676E+15,4.98258E+16
107320,7,3,12,0,2018,8,17,3,3,4,2,0,0,1,0,0,0,0,0,4.1173E+20,5.47711E+21,7.7824E+15,4.94402E+16
107321,7,3,17,0,2018,8,13,6,3,5,3,0,0,1,0,0,0,0,0,3.9772E+20,5.45208E+21,7.59561E+15,4.92129E+16
107322,7,3,18,0,2018,7,14,6,3,2,6,0,0,1,0,0,0,0,0,4.57309E+20,5.46485E+21,8.41238E+15,4.93349E+16
107323,7,1,35,92,2018,7,15,3,3,1,1,0,1,1,0,0,0,0,0,3.68317E+20,5.54486E+21,7.16094E+15,5.00414E+16
107324,7,3,40,211,2018,8,16,2,3,8,1,0,0,1,0,0,0,0,1,3.80957E+20,5.44961E+21,7.36626E+15,4.91877E+16
107325,7,2,31,31,2018,8,11,7,3,2,6,0,0,1,0,0,0,0,0,3.4575E+20,5.52919E+21,6.85226E+15,4.98952E+16
107326,7,3,31,72,2018,7,15,3,3,3,2,0,0,1,0,0,0,1,0,4.2742E+20,5.52016E+21,7.99082E+15,4.98295E+16
107327,7,3,35,35,2018,8,16,5,2,6,4,0,0,1,1,0,0,0,0,4.10605E+20,5.48441E+21,7.76523E+15,4.95057E+16
107328,7,3,19,0,2018,7,13,3,3,4,2,0,0,1,0,0,0,0,0,4.52712E+20,5.50076E+21,8.34481E+15,4.96575E+16
107329,7,2,32,64,2018,8,16,5,3,5,3,0,1,1,0,0,0,0,0,3.0177E+20,5.54509E+21,6.23238E+15,5.00251E+16
107330,7,2,31,134,2018,7,9,2,3,5,3,0,0,1,0,0,0,0,0,3.48104E+20,5.5391E+21,6.88111E+15,4.99849E+16
107331,7,1,11,0,2018,8,9,2,3,3,6,0,0,1,0,0,0,0,1,4.02199E+20,5.58072E+21,7.62473E+15,5.03704E+16
107332,7,2,32,99,2018,8,0,6,2,9,1,2,0,1,0,0,0,0,0,3.1507E+20,5.53771E+21,6.42142E+15,4.99631E+16
107333,7,3,31,3,2018,8,9,2,2,3,2,0,1,1,0,0,0,0,0,4.36165E+20,5.51121E+21,8.11387E+15,4.975E+16
107334,7,3,34,7,2018,8,14,4,3,0,1,0,0,0,0,1,0,0,1,4.52894E+20,5.45069E+21,8.35328E+15,4.92072E+16
107335,7,1,43,81,2018,8,18,2,3,8,1,0,1,0,0,0,0,0,0,4.14571E+20,5.59177E+21,7.79614E+15,5.04717E+16
107336,7,3,15,0,2018,7,8,3,3,5,2,0,1,1,0,0,0,0,0,4.45772E+20,5.53855E+21,8.24338E+15,4.99968E+16
107337,7,3,38,25,2018,8,17,4,2,5,2,0,0,1,0,0,0,0,0,4.54194E+20,5.47233E+21,8.36865E+15,4.94019E+16
107338,7,1,31,70,2018,7,12,1,3,5,3,0,1,1,0,0,0,0,0,3.73074E+20,5.60669E+21,7.20654E+15,5.05983E+16
107339,7,1,38,4,2018,8,14,1,2,9,1,0,0,0,0,1,0,0,0,3.83853E+20,5.59903E+21,7.36117E+15,5.05317E+16
107340,7,3,15,0,2018,8,17,5,3,5,7,0,1,1,0,0,0,0,0,4.4649E+20,5.53863E+21,8.25339E+15,4.99976E+16
107341,7,1,35,13,2018,7,17,3,3,9,1,0,0,0,0,1,0,0,1,3.67843E+20,5.5406E+21,7.15578E+15,5.00031E+16
107342,7,3,39,32,2018,7,10,2,3,2,6,0,0,1,0,0,1,0,0,4.44211E+20,5.53332E+21,8.22237E+15,4.99497E+16
107343,7,1,38,45,2018,8,18,2,3,9,1,0,0,1,0,0,0,0,1,3.94145E+20,5.58858E+21,7.50929E+15,5.04397E+16
107344,7,3,31,23,2018,8,19,6,3,4,2,0,0,1,0,0,0,0,0,4.41479E+20,5.50246E+21,8.18893E+15,4.96718E+16
107345,7,3,16,0,2018,8,13,2,2,1,7,0,0,1,0,0,1,0,0,4.41262E+20,5.46612E+21,8.19134E+15,4.93449E+16
107346,7,3,12,0,2018,8,16,4,3,5,2,0,0,1,0,0,0,0,1,4.0831E+20,5.47605E+21,7.73548E+15,4.94302E+16
107347,7,2,11,0,2018,8,21,2,3,1,6,2,0,1,0,0,0,0,0,3.33882E+20,5.5112E+21,6.69486E+15,4.97303E+16
107348,7,2,33,46,2018,7,11,3,3,6,4,0,0,1,1,0,0,0,0,3.51203E+20,5.55016E+21,6.92002E+15,5.0085E+16
107349,7,3,40,57,2018,8,18,4,3,9,1,0,0,0,0,1,0,0,0,4.15844E+20,5.45381E+21,7.84405E+15,4.92313E+16
107350,7,1,43,286,2018,7,13,1,2,4,6,0,0,1,0,1,0,0,0,4.33664E+20,5.6053E+21,8.06275E+15,5.05958E+16
107351,7,1,43,30,2018,8,20,1,3,8,6,1,0,1,0,1,0,0,0,4.07916E+20,5.5898E+21,7.70287E+15,5.04529E+16
107352,7,3,14,0,2018,8,14,5,3,3,6,0,0,1,0,0,0,0,0,4.56076E+20,5.48229E+21,8.39348E+15,4.94917E+16
107353,7,1,37,81,2018,8,16,1,3,0,7,0,0,0,0,1,0,0,0,3.77431E+20,5.58741E+21,7.27441E+15,5.04259E+16
107354,7,1,31,39,2018,7,16,7,2,8,1,0,0,1,0,0,0,0,0,3.59349E+20,5.59239E+21,7.01811E+15,5.04667E+16
107355,7,1,31,83,2018,8,4,4,3,9,1,2,0,1,0,0,0,0,0,3.5066E+20,5.57842E+21,6.90133E+15,5.03389E+16
107356,7,2,11,0,2018,8,13,4,3,2,6,0,0,1,0,0,0,0,0,3.28871E+20,5.51378E+21,6.62425E+15,4.97521E+16
107357,7,1,32,54,2018,8,19,1,3,8,1,0,0,0,0,1,0,0,0,4.1184E+20,5.62844E+21,7.74895E+15,5.0801E+16
107358,7,2,32,18,2018,7,13,3,2,0,1,0,0,0,0,1,0,0,0,3.2296E+20,5.53462E+21,6.53275E+15,4.99377E+16
107359,7,3,19,0,2018,8,13,3,3,3,6,0,0,1,0,0,1,0,0,4.53685E+20,5.50057E+21,8.35831E+15,4.96559E+16
107360,7,3,34,13,2018,8,18,6,3,5,3,0,0,1,0,0,0,0,0,4.40281E+20,5.43935E+21,8.18181E+15,4.91041E+16
107361,7,2,33,501,2018,7,13,6,3,2,6,0,0,1,0,0,0,0,0,3.45296E+20,5.56332E+21,6.83217E+15,5.02018E+16
107362,7,2,11,0,2018,7,17,3,2,6,4,0,0,1,1,0,0,0,0,3.30784E+20,5.51444E+21,6.65049E+15,4.97586E+16
107363,7,3,16,0,2018,8,9,2,3,2,2,0,0,1,0,0,0,0,1,4.38319E+20,5.46547E+21,8.15092E+15,4.93388E+16
107364,7,1,43,301,2018,8,12,7,3,0,2,0,0,1,0,0,0,0,0,4.08985E+20,5.61165E+21,7.71259E+15,5.06496E+16
107365,7,2,31,134,2018,7,11,3,2,0,7,0,0,1,0,0,1,0,0,3.51061E+20,5.54E+21,6.92199E+15,4.99937E+16
107366,7,3,18,0,2018,8,11,5,3,3,5,0,0,1,0,1,0,0,0,4.58483E+20,5.4637E+21,8.42866E+15,4.93246E+16
107367,7,2,31,502,2018,7,15,3,2,8,1,0,0,1,0,0,0,0,0,3.65747E+20,5.52011E+21,7.13368E+15,4.98184E+16
107368,7,2,35,149,2018,8,6,5,2,4,6,0,0,1,0,0,0,1,0,3.16614E+20,5.49702E+21,6.46211E+15,4.95979E+16
107369,7,1,43,27,2018,7,14,2,3,1,6,0,0,1,0,0,0,0,0,4.19254E+20,5.58811E+21,7.8629E+15,5.04394E+16
107370,7,3,35,15,2018,8,16,1,2,8,1,0,0,0,0,1,0,0,0,4.16488E+20,5.4708E+21,7.84934E+15,4.93842E+16
107371,7,1,38,45,2018,8,16,6,3,0,1,0,0,0,0,1,0,0,0,3.90958E+20,5.58694E+21,7.46491E+15,5.04244E+16
107372,7,3,14,0,2018,8,10,4,2,3,2,0,1,1,0,0,0,0,0,4.56686E+20,5.47852E+21,8.40232E+15,4.94578E+16
107373,7,1,37,3,2018,8,6,2,2,5,3,0,1,1,0,0,0,0,0,3.876E+20,5.58593E+21,7.41795E+15,5.04147E+16
107374,7,1,34,5,2018,7,18,3,3,9,1,0,0,0,0,1,0,0,1,3.8088E+20,5.4977E+21,7.3508E+15,4.96201E+16
107375,7,3,15,0,2018,8,16,4,3,2,6,0,0,1,0,0,0,0,0,4.47145E+20,5.53929E+21,8.26243E+15,5.00035E+16
107376,7,1,32,501,2018,8,13,1,3,1,1,0,0,1,0,0,0,0,0,4.03143E+20,5.61609E+21,7.6288E+15,5.06886E+16
107377,7,3,31,34,2018,8,19,7,2,5,2,0,0,1,0,0,0,0,0,4.53375E+20,5.5137E+21,8.35245E+15,4.97739E+16
107378,7,1,31,82,2018,7,13,7,3,8,1,0,0,0,0,1,0,0,1,3.46415E+20,5.58941E+21,6.83722E+15,5.04366E+16
107379,7,3,36,66,2018,7,22,3,2,8,1,2,0,0,0,1,0,0,0,3.91018E+20,5.48541E+21,7.4945E+15,4.95115E+16
107380,7,1,40,501,2018,8,12,4,3,2,1,0,0,0,0,1,0,0,0,3.9859E+20,5.56576E+21,7.57801E+15,5.02353E+16
107381,7,3,17,0,2018,8,15,7,3,5,2,0,0,1,0,0,0,0,0,3.98685E+20,5.44999E+21,7.60939E+15,4.91943E+16
107382,7,2,11,0,2018,7,19,3,3,3,6,0,1,1,0,0,0,0,0,3.317E+20,5.51528E+21,6.66283E+15,4.97664E+16
107383,7,1,32,6,2018,8,18,3,3,4,6,0,1,0,0,0,0,0,0,4.2087E+20,5.62776E+21,7.87721E+15,5.07962E+16
107384,7,3,31,3,2018,8,15,6,3,5,3,0,0,1,0,0,0,0,0,4.34052E+20,5.51105E+21,8.08457E+15,4.97483E+16
107385,7,1,38,61,2018,7,16,6,3,7,7,0,0,1,0,0,1,0,0,3.92462E+20,5.59485E+21,7.4838E+15,5.04958E+16
107386,7,3,38,23,2018,8,12,7,3,0,7,0,0,1,0,0,1,0,0,4.5513E+20,5.46017E+21,8.38291E+15,4.92927E+16
107387,7,1,31,66,2018,7,10,7,3,9,1,0,0,1,0,0,0,0,0,3.53164E+20,5.5789E+21,6.9363E+15,5.03438E+16
107388,7,1,11,0,2018,8,17,4,3,2,6,0,0,1,0,0,0,0,1,3.98691E+20,5.58189E+21,7.5751E+15,5.03803E+16
107389,7,1,38,80,2018,8,14,4,3,2,2,0,0,1,0,0,0,0,0,3.85119E+20,5.61455E+21,7.37422E+15,5.06714E+16
107390,7,1,37,3,2018,8,1,1,3,5,3,2,0,1,0,0,0,0,0,3.88095E+20,5.58811E+21,7.42426E+15,5.04343E+16
107391,7,1,43,286,2018,7,14,3,3,5,3,0,0,1,0,1,0,0,0,4.34652E+20,5.60823E+21,8.07618E+15,5.06223E+16
107392,7,3,15,0,2018,8,12,3,3,0,7,0,0,1,0,0,0,0,0,4.47674E+20,5.53624E+21,8.27023E+15,4.99762E+16
107393,7,3,38,19,2018,8,20,6,3,1,6,1,1,1,0,0,0,0,0,4.53379E+20,5.47706E+21,8.35686E+15,4.94444E+16
107394,7,2,35,134,2018,7,18,6,3,0,1,0,0,1,0,0,0,0,0,3.44406E+20,5.52272E+21,6.83617E+15,4.98367E+16
107395,7,1,38,45,2018,7,5,3,3,5,3,0,0,1,0,0,1,0,0,3.96731E+20,5.58944E+21,7.54546E+15,5.04479E+16
107396,7,3,38,23,2018,8,10,2,3,8,1,0,0,1,0,0,0,0,1,4.5616E+20,5.46072E+21,8.39702E+15,4.92976E+16
107397,7,1,32,66,2018,8,16,7,2,1,1,0,0,1,0,1,0,0,0,4.17217E+20,5.61873E+21,7.82741E+15,5.07145E+16
107398,7,1,41,57,2018,7,21,3,3,8,1,2,0,1,0,0,0,0,0,4.23475E+20,5.58048E+21,7.92388E+15,5.03714E+16
107399,7,3,39,9,2018,8,13,5,3,6,4,0,0,1,1,0,0,0,0,4.40542E+20,5.54131E+21,8.16998E+15,5.00212E+16
107400,7,1,34,24,2018,8,11,5,2,9,1,0,0,0,0,1,0,0,0,3.65995E+20,5.4961E+21,7.14537E+15,4.96026E+16
107401,7,1,43,52,2018,7,14,3,3,4,6,0,0,1,0,0,0,1,0,4.0849E+20,5.58288E+21,7.71263E+15,5.03909E+16
107402,7,1,41,89,2018,8,8,5,1,3,6,0,0,1,0,1,0,0,0,4.327E+20,5.57068E+21,8.05534E+15,5.02844E+16
107403,7,1,40,31,2018,7,0,2,3,0,1,0,0,1,0,1,0,0,1,3.98893E+20,5.55732E+21,7.58449E+15,5.01595E+16
107404,7,3,34,13,2018,8,12,1,3,5,3,0,0,1,0,1,0,0,0,4.40281E+20,5.43935E+21,8.18181E+15,4.91041E+16
107405,7,1,37,226,2018,8,13,6,2,2,6,0,0,1,0,0,0,1,0,4.0164E+20,5.58339E+21,7.61616E+15,5.03943E+16
107406,7,1,31,7,2018,7,2,7,3,9,1,2,0,1,0,0,0,0,0,3.67232E+20,5.60147E+21,7.1259E+15,5.05501E+16
107407,7,1,33,107,2018,8,5,4,3,8,1,1,0,1,0,0,0,0,1,4.09641E+20,5.51917E+21,7.7439E+15,4.98181E+16
107408,7,3,35,48,2018,8,16,1,3,5,3,0,0,1,0,1,0,0,0,4.1637E+20,5.47249E+21,7.84737E+15,4.93994E+16
107409,7,1,38,71,2018,7,16,3,3,5,2,0,0,1,0,0,0,1,0,3.95061E+20,5.59998E+21,7.51898E+15,5.05423E+16
107410,7,2,11,0,2018,8,10,4,3,5,3,0,0,1,0,0,0,0,0,3.2904E+20,5.51464E+21,6.62621E+15,4.97599E+16
107411,7,1,37,55,2018,8,14,1,2,2,6,0,0,1,0,1,0,0,0,3.74686E+20,5.57949E+21,7.23841E+15,5.03541E+16
107412,7,2,35,78,2018,8,22,7,3,6,6,0,1,0,1,0,0,0,0,3.38454E+20,5.52024E+21,6.75449E+15,4.98128E+16
107413,7,1,31,211,2018,7,0,7,2,9,1,2,0,0,0,1,0,0,0,3.67551E+20,5.58593E+21,7.13591E+15,5.04105E+16
107414,7,3,38,18,2018,7,11,3,3,5,3,0,0,1,0,0,0,0,0,4.47281E+20,5.48156E+21,8.27213E+15,4.94844E+16
107415,7,3,34,36,2018,7,15,7,2,5,3,0,0,1,0,0,0,0,0,4.45119E+20,5.45541E+21,8.24589E+15,4.9249E+16
107416,7,3,37,76,2018,8,11,3,3,5,3,0,0,1,0,0,0,0,0,4.30461E+20,5.43385E+21,8.04823E+15,4.90536E+16
107417,7,3,32,12,2018,8,14,7,2,8,1,0,0,0,0,1,0,0,0,4.34789E+20,5.49077E+21,8.09817E+15,4.9566E+16
107418,7,1,35,29,2018,7,17,3,3,1,7,0,1,1,0,0,0,0,0,3.65833E+20,5.55641E+21,7.12221E+15,5.01448E+16
107419,7,1,31,1,2018,8,10,3,3,6,4,0,0,1,1,0,0,0,0,3.52954E+20,5.58316E+21,6.93169E+15,5.03821E+16
107420,7,1,35,1,2018,8,15,6,3,5,3,0,0,1,0,1,0,0,0,3.66096E+20,5.54594E+21,7.12956E+15,5.00507E+16
107421,7,1,41,501,2018,7,12,6,3,8,7,0,0,1,0,0,0,0,0,4.06641E+20,5.56846E+21,7.6902E+15,5.02609E+16
107422,7,3,18,0,2018,7,21,2,3,8,1,0,0,1,0,0,0,0,0,4.60541E+20,5.46175E+21,8.45718E+15,4.93072E+16