OBJECTID_1,ULAND,UREGBEZ,UKREIS,UGEMEINDE,UJAHR,UMONAT,USTUNDE,UWOCHENTAG,UKATEGORIE,UART,UTYP1,ULICHTVERH,IstRad,IstPKW,IstFuss,IstKrad,IstGkfz,IstSonstig,STRZUSTAND,LINREFX,LINREFY,XGCSWGS84,YGCSWGS84
107423,7,2,33,501,2018,8,18,2,3,4,6,0,0,1,0,0,1,0,1,3.41296E+20,5.56496E+21,6.77547E+15,5.02155E+16
107424,7,3,36,102,2018,8,18,6,3,1,6,0,0,1,0,0,0,0,0,3.79201E+20,5.4719E+21,7.33544E+15,4.93878E+16
107425,7,1,35,20,2018,7,15,3,3,6,7,0,0,1,1,0,0,0,0,3.68886E+20,5.55662E+21,7.16485E+15,5.01473E+16
107426,7,1,31,7,2018,8,16,5,3,4,6,0,0,1,0,0,0,0,0,3.65314E+20,5.60018E+21,7.0993E+15,5.05381E+16
107427,7,1,37,68,2018,7,6,3,3,5,3,0,0,1,0,0,0,0,0,3.75738E+20,5.57211E+21,7.25562E+15,5.02881E+16
107428,7,1,37,68,2018,8,15,5,3,2,6,0,0,1,0,0,0,0,1,3.74897E+20,5.57576E+21,7.24262E+15,5.03207E+16
107429,7,3,38,21,2018,7,14,1,3,2,6,0,0,1,0,0,0,0,0,4.59147E+20,5.46815E+21,8.43735E+15,4.93647E+16
107430,7,3,39,39,2018,8,21,1,3,6,1,2,1,0,1,0,0,0,0,4.51725E+20,5.52889E+21,8.32764E+15,4.99105E+16
107431,7,3,33,502,2018,8,20,5,2,9,1,1,0,1,0,0,0,0,0,4.20086E+20,5.49865E+21,7.89328E+15,4.96351E+16
107432,7,1,40,82,2018,7,14,7,3,2,6,0,0,0,0,1,0,0,0,3.76262E+20,5.53248E+21,7.27582E+15,4.99319E+16
107433,7,3,40,2,2018,7,13,2,2,5,3,0,0,1,0,0,0,0,0,4.14582E+20,5.44259E+21,7.82911E+15,4.91302E+16
107434,7,3,33,39,2018,8,15,2,3,9,1,0,0,0,0,1,0,0,0,4.27471E+20,5.50293E+21,7.99473E+15,4.96745E+16
107435,7,3,40,37,2018,8,14,6,2,5,3,0,0,1,0,0,0,0,0,3.98265E+20,5.45343E+21,7.60275E+15,4.92252E+16
107436,7,1,40,501,2018,7,23,3,2,9,1,2,0,1,0,1,0,0,0,3.98886E+20,5.5627E+21,7.58298E+15,5.02078E+16
107437,7,1,43,242,2018,8,7,5,3,2,2,0,0,1,0,0,0,0,0,4.28302E+20,5.60799E+21,7.98648E+15,5.06194E+16
107438,7,3,40,51,2018,7,20,2,3,4,1,0,1,1,0,0,0,0,0,3.96657E+20,5.45742E+21,7.57965E+15,4.92609E+16
107439,7,1,32,63,2018,8,8,5,3,8,1,0,0,1,0,0,0,0,1,4.19775E+20,5.63008E+21,7.86116E+15,5.08169E+16
107440,7,3,32,24,2018,7,14,1,2,5,3,0,0,1,0,1,0,0,0,4.40018E+20,5.4899E+21,8.1706E+15,4.95588E+16
107441,7,3,14,0,2018,8,17,1,3,5,3,0,0,1,0,1,0,0,0,4.57985E+20,5.4768E+21,8.42042E+15,4.94424E+16
107442,7,1,43,27,2018,8,16,6,3,2,6,0,0,1,0,0,0,0,0,4.19038E+20,5.58957E+21,7.85955E+15,5.04526E+16
107443,7,1,11,0,2018,7,10,7,3,0,7,0,0,1,0,1,0,0,1,3.99129E+20,5.57722E+21,7.5825E+15,5.03384E+16
107444,7,2,33,36,2018,8,18,4,3,8,1,0,0,0,0,1,0,0,0,3.28409E+20,5.57057E+21,6.59246E+15,5.02623E+16
107445,7,1,11,0,2018,8,11,5,3,3,6,0,0,1,0,0,0,0,0,3.98131E+20,5.57633E+21,7.56872E+15,5.03303E+16
107446,7,3,37,23,2018,8,17,1,3,0,1,0,1,0,0,0,0,0,1,4.40415E+20,5.45251E+21,8.1817E+15,4.92224E+16
107447,7,3,20,0,2018,7,8,2,3,4,6,0,0,0,0,0,1,1,0,3.80351E+20,5.45398E+21,7.35666E+15,4.92269E+16
107448,7,1,35,83,2018,8,20,4,3,8,6,0,0,0,0,1,0,1,0,3.61826E+20,5.56289E+21,7.06381E+15,5.02021E+16
107449,7,1,38,76,2018,8,12,7,3,5,3,0,0,1,0,1,0,0,0,3.87902E+20,5.60124E+21,7.4176E+15,5.05523E+16
107450,7,1,37,86,2018,7,12,7,3,9,7,0,0,1,0,0,0,0,0,3.86254E+20,5.57626E+21,7.40193E+15,5.03274E+16
107451,7,1,33,117,2018,7,7,3,3,2,6,0,0,1,0,0,1,0,0,4.15538E+20,5.52291E+21,7.82504E+15,4.98526E+16
107452,7,1,34,78,2018,8,15,3,3,3,6,0,0,1,0,1,0,0,0,3.6948E+20,5.50259E+21,7.19141E+15,4.96617E+16
107453,7,3,38,23,2018,8,11,7,3,2,2,0,0,1,0,0,0,0,0,4.56848E+20,5.45869E+21,8.4067E+15,4.92794E+16
107454,7,3,38,19,2018,7,0,2,1,2,6,2,0,1,0,0,0,1,0,4.51021E+20,5.47691E+21,8.32434E+15,4.94429E+16
107455,7,1,43,206,2018,8,7,6,3,7,7,0,0,0,0,1,0,0,0,4.23577E+20,5.61065E+21,7.91916E+15,5.06427E+16
107456,7,3,34,17,2018,7,14,5,3,2,6,0,0,1,0,0,1,0,0,4.51486E+20,5.45446E+21,8.33349E+15,4.9241E+16
107457,7,1,33,3,2018,7,15,2,3,2,6,0,0,1,0,0,1,0,0,4.15924E+20,5.51569E+21,7.83198E+15,4.97878E+16
107458,7,1,37,35,2018,7,11,1,2,0,1,0,0,0,0,1,0,0,0,3.5734E+20,5.58002E+21,6.99453E+15,5.03549E+16
107459,7,1,43,47,2018,8,6,2,3,5,3,0,0,1,0,0,0,1,1,4.11429E+20,5.59346E+21,7.75147E+15,5.04865E+16
107460,7,3,37,61,2018,8,13,6,3,9,1,0,0,1,0,0,0,0,0,4.4108E+20,5.44638E+21,8.19174E+15,4.91674E+16
107461,7,3,32,2,2018,8,7,2,3,5,3,0,0,1,0,1,0,0,0,4.3986E+20,5.47875E+21,8.17011E+15,4.94585E+16
107462,7,3,40,4,2018,8,5,4,2,1,2,1,0,1,0,0,0,1,0,4.17298E+20,5.44119E+21,7.86661E+15,4.9118E+16
107463,7,2,33,501,2018,8,7,2,3,0,1,0,0,0,0,1,0,0,0,3.44164E+20,5.56281E+21,6.81653E+15,5.01969E+16
107464,7,3,11,0,2018,7,20,2,2,5,3,0,1,1,0,0,0,0,0,4.51708E+20,5.48255E+21,8.33314E+15,4.94937E+16
107465,7,1,11,0,2018,8,7,5,3,2,6,0,0,1,0,0,0,1,1,3.99569E+20,5.57975E+21,7.588E+15,5.03613E+16
107466,7,2,11,0,2018,7,17,1,2,9,1,0,0,0,0,1,0,0,0,3.27657E+20,5.51613E+21,6.60637E+15,4.97729E+16
107467,7,1,43,276,2018,8,16,1,3,2,6,0,0,1,0,1,0,0,0,4.19479E+20,5.61396E+21,7.86049E+15,5.06719E+16
107468,7,3,37,47,2018,8,7,5,3,0,1,0,1,0,0,0,0,0,0,4.39338E+20,5.46137E+21,8.16558E+15,4.9302E+16
107469,7,1,43,70,2018,7,2,7,3,2,6,2,0,1,0,0,0,0,0,4.11859E+20,5.59266E+21,7.75772E+15,5.04793E+16
107470,7,1,32,50,2018,8,18,4,3,9,1,0,0,0,0,1,0,0,1,4.2665E+20,5.62609E+21,7.95953E+15,5.07819E+16
107471,7,3,14,0,2018,8,8,4,3,3,2,0,1,1,0,0,0,0,0,4.57163E+20,5.4846E+21,8.40824E+15,4.95125E+16
107472,7,1,34,36,2018,8,15,1,3,4,1,0,0,1,0,1,0,0,0,3.74119E+20,5.49741E+21,7.25733E+15,4.96161E+16
107473,7,3,15,0,2018,7,13,2,3,1,2,0,0,1,0,0,0,0,0,4.47754E+20,5.53602E+21,8.27138E+15,4.99742E+16
107474,7,1,33,6,2018,8,15,3,2,2,6,0,0,1,0,0,0,1,0,4.17899E+20,5.52369E+21,7.85771E+15,4.986E+16
107475,7,3,12,0,2018,8,22,6,3,5,2,2,0,1,0,0,0,0,0,4.08553E+20,5.4759E+21,7.73886E+15,4.94289E+16
107476,7,3,40,43,2018,7,14,6,3,5,3,0,0,1,0,1,0,0,0,4.13962E+20,5.44313E+21,7.82049E+15,4.9135E+16
107477,7,3,31,32,2018,7,16,6,3,5,3,0,0,1,0,0,0,0,0,4.41247E+20,5.5165E+21,8.1836E+15,4.97981E+16
107478,7,2,31,8,2018,7,16,3,3,9,1,0,0,0,0,1,0,0,0,3.63506E+20,5.52962E+21,7.09919E+15,4.99034E+16
107479,7,3,12,0,2018,8,13,2,3,9,1,0,0,1,0,0,0,0,1,4.14017E+20,5.4795E+21,7.81342E+15,4.94621E+16
107480,7,2,32,300,2018,8,15,7,3,9,1,0,0,0,0,1,0,0,0,3.16732E+20,5.56372E+21,6.43211E+15,5.01973E+16
107481,7,2,35,146,2018,8,20,4,3,5,3,0,0,1,0,0,0,0,0,3.15751E+20,5.50578E+21,6.44606E+15,4.96764E+16
107482,7,3,37,47,2018,8,19,4,3,2,6,1,1,0,0,1,0,0,0,4.40587E+20,5.46141E+21,8.18274E+15,4.93026E+16
107483,7,3,15,0,2018,8,10,1,3,2,6,0,0,1,0,0,0,0,0,4.47699E+20,5.53605E+21,8.2706E+15,4.99745E+16
107484,7,3,15,0,2018,7,6,2,3,2,6,0,0,1,0,0,0,0,0,4.46847E+20,5.53893E+21,8.25833E+15,5.00003E+16
107485,7,3,20,0,2018,8,18,3,2,8,6,0,1,1,0,0,0,0,0,3.80157E+20,5.45365E+21,7.35409E+15,4.92239E+16
107486,7,1,37,3,2018,8,15,7,3,3,6,0,1,0,0,0,0,1,0,3.84368E+20,5.58713E+21,7.37211E+15,5.04248E+16
107487,7,3,17,0,2018,7,10,6,3,2,2,0,0,1,0,0,0,0,0,3.98338E+20,5.45038E+21,7.60453E+15,4.91978E+16
107488,7,3,37,1,2018,7,14,6,3,2,6,0,0,1,0,0,0,0,0,4.29083E+20,5.45164E+21,8.02625E+15,4.92135E+16
107489,7,3,39,43,2018,7,18,3,3,5,2,0,0,0,0,1,0,1,0,4.52758E+20,5.52475E+21,8.34254E+15,4.98733E+16
107490,7,1,37,226,2018,8,6,3,3,0,3,0,0,1,0,0,0,0,0,4.01019E+20,5.58446E+21,7.60715E+15,5.04038E+16
107491,7,3,19,0,2018,8,17,7,3,8,1,0,0,0,0,0,0,1,0,4.45889E+20,5.4972E+21,8.25077E+15,4.96249E+16
107492,7,2,32,18,2018,7,16,2,3,9,1,0,0,1,0,0,0,0,0,3.2169E+20,5.53871E+21,6.51318E+15,4.9974E+16
107493,7,3,40,213,2018,8,11,5,2,5,1,0,0,1,0,1,0,0,0,3.85865E+20,5.46297E+21,7.42979E+15,4.93088E+16
107494,7,2,32,123,2018,7,15,2,3,8,7,0,0,1,0,0,0,0,0,3.32313E+20,5.53368E+21,6.66338E+15,4.99319E+16
107495,7,2,33,501,2018,7,11,2,2,1,7,0,0,1,0,0,0,0,0,3.45778E+20,5.56252E+21,6.83925E+15,5.01947E+16
107496,7,1,40,145,2018,8,19,2,3,2,6,0,0,1,0,0,0,0,1,3.77941E+20,5.53177E+21,7.29943E+15,4.99258E+16
107497,7,3,39,27,2018,8,9,6,2,1,2,0,0,1,0,0,0,0,0,4.3836E+20,5.53907E+21,8.13989E+15,5.00008E+16
107498,7,3,38,6,2018,8,15,2,3,2,6,0,0,1,0,1,0,0,0,4.50233E+20,5.47536E+21,8.31368E+15,4.94289E+16
107499,7,3,35,34,2018,8,17,4,3,5,3,0,0,1,0,1,0,0,1,4.08082E+20,5.48194E+21,7.73097E+15,4.94831E+16
107500,7,1,43,280,2018,8,10,2,3,3,6,0,0,1,0,0,0,1,0,4.24414E+20,5.6158E+21,7.92993E+15,5.06891E+16
107501,7,1,43,68,2018,7,16,2,3,5,3,0,0,1,0,0,0,0,0,4.04501E+20,5.59129E+21,7.6544E+15,5.04658E+16
107502,7,3,34,34,2018,8,12,4,3,5,3,0,1,1,0,0,0,0,0,4.37086E+20,5.43822E+21,8.13822E+15,4.90936E+16
107503,7,1,38,41,2018,7,14,1,3,3,6,0,0,1,0,0,0,0,0,3.78028E+20,5.60305E+21,7.27771E+15,5.05666E+16
107504,7,1,43,53,2018,8,12,1,3,0,1,0,0,0,0,1,0,0,1,4.1523E+20,5.58511E+21,7.80693E+15,5.04119E+16
107505,7,3,31,3,2018,8,10,5,3,5,2,0,0,1,0,0,0,0,0,4.34244E+20,5.51101E+21,8.08723E+15,4.9748E+16
107506,7,1,31,7,2018,8,19,1,3,0,6,0,0,0,0,1,0,0,0,3.70998E+20,5.59933E+21,7.17977E+15,5.05317E+16
107507,7,3,14,0,2018,7,8,6,2,9,1,0,0,0,0,1,0,0,0,4.50085E+20,5.48072E+21,8.31096E+15,4.94771E+16
107508,7,1,40,64,2018,8,12,4,3,2,6,0,0,1,0,0,0,0,1,3.89313E+20,5.54753E+21,7.45326E+15,5.00697E+16
107509,7,1,41,29,2018,8,6,4,3,4,7,1,0,1,0,0,0,0,0,4.30135E+20,5.5802E+21,8.01758E+15,5.03697E+16
107510,7,1,31,77,2018,8,16,1,3,2,6,0,0,1,0,0,0,0,0,3.76049E+20,5.60175E+21,7.2502E+15,5.05546E+16
107511,7,1,43,47,2018,7,15,2,3,0,1,0,1,0,0,0,0,0,0,4.12024E+20,5.59386E+21,7.75977E+15,5.04901E+16
107512,7,3,15,0,2018,8,19,3,3,6,6,0,0,1,1,0,0,0,0,4.46077E+20,5.54035E+21,8.24738E+15,5.0013E+16
107513,7,3,37,67,2018,8,20,6,2,8,1,0,0,0,0,1,0,0,0,4.18015E+20,5.46139E+21,7.87231E+15,4.92997E+16
107514,7,2,32,64,2018,7,20,6,3,5,3,0,0,1,0,1,0,0,0,3.02647E+20,5.54529E+21,6.24451E+15,5.00272E+16
107515,7,1,43,32,2018,7,21,3,3,5,3,2,0,1,0,0,0,0,0,4.04784E+20,5.58759E+21,7.65932E+15,5.04326E+16
107516,7,3,37,14,2018,8,10,2,3,0,1,0,1,0,0,0,0,0,1,4.38049E+20,5.45141E+21,8.14938E+15,4.92124E+16
107517,7,1,38,31,2018,8,10,7,3,5,3,0,0,1,0,1,0,0,0,4.00146E+20,5.59266E+21,7.59268E+15,5.04774E+16
107518,7,1,43,60,2018,7,10,2,3,5,3,0,0,1,0,0,0,0,0,4.168E+20,5.59519E+21,7.82678E+15,5.05027E+16
107519,7,3,19,0,2018,8,17,5,3,3,6,0,0,1,0,1,0,0,0,4.52253E+20,5.49994E+21,8.33855E+15,4.96502E+16
107520,7,1,31,55,2018,7,19,2,2,4,2,0,0,1,0,0,0,0,0,3.7431E+20,5.59228E+21,7.22885E+15,5.0469E+16
107521,7,2,35,48,2018,8,8,5,3,5,3,0,0,1,0,1,0,0,0,3.33608E+20,5.5082E+21,6.69233E+15,4.97033E+16
107522,7,1,31,70,2018,7,9,2,3,6,4,0,0,1,1,0,0,0,0,3.73176E+20,5.60899E+21,7.20719E+15,5.0619E+16
107523,7,3,32,36,2018,8,18,1,2,5,3,0,1,0,0,0,0,0,0,4.37236E+20,5.49132E+21,8.13191E+15,4.95712E+16
107524,7,1,31,502,2018,8,12,6,3,7,7,0,0,1,0,0,0,0,0,3.66619E+20,5.58716E+21,7.12235E+15,5.04213E+16
107525,7,1,11,0,2018,7,20,2,3,8,1,0,0,1,0,0,0,0,0,3.95465E+20,5.57927E+21,7.53046E+15,5.03562E+16
107526,7,3,32,39,2018,8,11,5,2,0,7,0,0,0,1,0,0,1,0,4.42915E+20,5.47363E+21,8.213E+15,4.94127E+16
107527,7,1,11,0,2018,7,8,2,3,5,7,0,1,1,0,0,0,0,0,3.98793E+20,5.58186E+21,7.57654E+15,5.038E+16
107528,7,2,31,103,2018,8,18,5,3,2,6,0,0,1,0,0,0,1,0,3.52278E+20,5.53209E+21,6.94198E+15,4.99229E+16
107529,7,1,34,66,2018,7,6,2,3,8,7,0,0,1,0,0,0,0,0,3.89524E+20,5.5071E+21,7.46777E+15,4.97063E+16
107530,7,3,40,27,2018,8,11,1,2,4,1,0,0,1,0,1,0,0,0,4.1538E+20,5.46184E+21,7.83598E+15,4.93035E+16
107531,7,1,43,269,2018,8,9,6,3,0,6,0,0,1,0,0,1,1,0,4.13022E+20,5.61493E+21,7.7689E+15,5.06797E+16
107532,7,3,38,2,2018,8,11,4,3,0,1,0,0,0,0,1,0,0,0,4.49918E+20,5.49035E+21,8.30743E+15,4.95637E+16
107533,7,1,35,65,2018,8,16,2,3,4,1,0,0,1,0,0,0,0,0,3.83546E+20,5.56136E+21,7.36848E+15,5.0193E+16
107534,7,1,31,90,2018,7,11,2,3,2,6,0,0,1,0,0,0,0,0,3.62701E+20,5.6051E+21,7.06064E+15,5.05816E+16
107535,7,1,33,61,2018,8,15,4,3,5,3,0,0,1,0,0,0,0,0,4.11531E+20,5.52318E+21,7.76924E+15,4.98545E+16
107536,7,1,31,37,2018,7,14,1,2,8,1,0,0,0,0,1,0,0,0,3.59753E+20,5.58968E+21,7.02482E+15,5.04423E+16
107537,7,1,32,22,2018,8,18,1,2,5,3,0,0,1,0,0,0,0,0,4.084E+20,5.61891E+21,7.70251E+15,5.07148E+16
107538,7,3,15,0,2018,8,12,5,3,2,2,0,1,1,0,0,0,0,0,4.47116E+20,5.5387E+21,8.26211E+15,4.99983E+16
107539,7,3,38,18,2018,8,20,7,3,1,1,0,1,1,0,0,0,0,0,4.4903E+20,5.48134E+21,8.29631E+15,4.94826E+16
107540,7,3,32,17,2018,7,18,6,2,1,1,0,1,1,0,0,0,0,0,4.41329E+20,5.47452E+21,8.19102E+15,4.94205E+16
107541,7,1,31,77,2018,8,6,4,2,2,6,0,0,1,0,0,1,0,0,3.71912E+20,5.59829E+21,7.19302E+15,5.05225E+16
107542,7,1,38,45,2018,8,6,4,3,8,7,1,0,1,0,0,0,1,0,3.9715E+20,5.589E+21,7.55148E+15,5.0444E+16
107543,7,1,11,0,2018,8,17,1,3,1,5,0,0,1,0,0,1,0,0,3.98492E+20,5.57932E+21,7.573E+15,5.03572E+16
107544,7,3,20,0,2018,7,21,1,3,4,2,0,0,1,0,0,0,0,0,3.8088E+20,5.456E+21,7.36332E+15,4.92452E+16
107545,7,3,39,21,2018,8,14,3,3,8,1,0,0,1,0,0,0,0,0,4.24281E+20,5.52802E+21,7.94564E+15,4.98998E+16
107546,7,3,11,0,2018,8,11,6,3,2,2,0,0,1,0,0,0,0,0,4.53219E+20,5.48896E+21,8.35324E+15,4.95515E+16
107547,7,1,34,1,2018,7,9,7,1,8,1,0,0,1,0,0,0,0,0,3.61918E+20,5.50244E+21,7.08675E+15,4.96587E+16
107548,7,1,43,225,2018,7,12,6,2,3,6,0,0,1,0,1,0,0,0,4.10043E+20,5.61679E+21,7.72629E+15,5.0696E+16
107549,7,1,41,75,2018,7,18,3,3,1,1,0,0,1,0,0,0,0,0,4.04297E+20,5.574E+21,7.65592E+15,5.03104E+16
107550,7,3,14,0,2018,8,17,2,3,5,7,0,1,1,0,0,0,0,1,4.57884E+20,5.47926E+21,8.41877E+15,4.94645E+16
107551,7,1,35,42,2018,8,13,7,3,9,1,0,0,0,0,1,0,0,0,3.68211E+20,5.56433E+21,7.15274E+15,5.02165E+16
107552,7,3,36,55,2018,7,18,1,3,8,1,0,0,0,0,1,0,1,0,3.83883E+20,5.48735E+21,7.3954E+15,4.95277E+16
107553,7,2,33,501,2018,8,15,5,3,0,1,0,0,0,0,1,0,0,1,3.45503E+20,5.56269E+21,6.83533E+15,5.01963E+16
107554,7,2,11,0,2018,8,14,5,3,1,6,0,0,1,0,0,0,0,0,3.30977E+20,5.51466E+21,6.65308E+15,4.97606E+16
107555,7,3,34,25,2018,7,6,1,3,8,1,0,0,1,0,0,0,0,1,4.48073E+20,5.44273E+21,8.28813E+15,4.91352E+16
107556,7,1,43,46,2018,8,16,5,3,5,3,0,0,1,0,0,0,0,1,4.15397E+20,5.60013E+21,7.80588E+15,5.0547E+16
107557,7,3,40,5,2018,7,10,1,2,0,7,0,0,1,0,1,0,0,0,4.18493E+20,5.44468E+21,7.88228E+15,4.91496E+16
107558,7,3,38,16,2018,8,18,1,3,9,1,0,0,0,0,1,0,0,0,4.47859E+20,5.48731E+21,8.27936E+15,4.95362E+16
107559,7,1,37,203,2018,8,1,6,3,8,1,2,0,1,0,0,0,1,0,3.98997E+20,5.58857E+21,7.5776E+15,5.04404E+16
107560,7,3,32,20,2018,7,20,6,3,5,3,0,0,1,0,0,0,0,0,4.43645E+20,5.47747E+21,8.22253E+15,4.94473E+16
107561,7,3,15,0,2018,8,10,4,3,2,6,0,0,1,0,0,0,0,0,4.45147E+20,5.53997E+21,8.23446E+15,5.00095E+16
107562,7,1,38,38,2018,8,6,5,3,9,7,0,0,1,0,0,0,0,0,3.8465E+20,5.5908E+21,7.37494E+15,5.04579E+16
107563,7,3,32,27,2018,8,17,1,3,0,7,0,0,0,0,0,0,1,0,4.33186E+20,5.48662E+21,8.07671E+15,4.95285E+16
107564,7,3,37,5,2018,7,8,1,3,4,6,0,0,1,0,0,0,0,0,4.27173E+20,5.43948E+21,8.00223E+15,4.91039E+16
107565,7,1,38,44,2018,8,15,4,3,5,3,0,0,1,0,0,0,0,0,3.89302E+20,5.60993E+21,7.43478E+15,5.06307E+16
107566,7,1,41,129,2018,8,16,7,3,5,3,0,0,1,0,0,0,0,0,4.17787E+20,5.56862E+21,7.8465E+15,5.0264E+16
107567,7,3,32,50,2018,7,18,6,3,9,1,0,0,0,0,1,0,0,0,4.44507E+20,5.48529E+21,8.23332E+15,4.95177E+16
107568,7,3,14,0,2018,7,15,3,3,2,6,0,0,1,0,0,0,0,0,4.56354E+20,5.48737E+21,8.39675E+15,4.95374E+16
107569,7,3,14,0,2018,8,13,3,3,2,6,0,0,1,0,0,0,0,0,4.58129E+20,5.48054E+21,8.42202E+15,4.94761E+16
107570,7,3,37,78,2018,8,17,7,2,8,1,0,0,0,1,1,0,0,0,4.22593E+20,5.44705E+21,7.93803E+15,4.91714E+16
107571,7,3,37,73,2018,7,19,1,2,4,2,0,1,0,0,0,0,0,0,4.31259E+20,5.45132E+21,8.05618E+15,4.92109E+16
107572,7,1,33,96,2018,8,7,4,2,4,2,0,0,0,0,1,0,1,0,3.93716E+20,5.51819E+21,7.52286E+15,4.98068E+16
107573,7,1,11,0,2018,8,16,2,3,2,6,0,0,1,0,0,0,0,0,3.97951E+20,5.57952E+21,7.56534E+15,5.03589E+16
107574,7,3,18,0,2018,7,14,1,3,0,1,0,1,0,0,0,0,0,0,4.57724E+20,5.46164E+21,8.41843E+15,4.93061E+16
107575,7,2,33,501,2018,8,8,4,2,9,6,0,0,1,0,1,0,0,1,3.45741E+20,5.56139E+21,6.83918E+15,5.01846E+16
107576,7,1,31,210,2018,8,0,1,2,4,6,2,0,1,0,1,0,0,0,3.7204E+20,5.58583E+21,7.19909E+15,5.04106E+16
107577,7,1,35,83,2018,8,18,7,2,3,6,0,0,1,0,1,0,0,0,3.55481E+20,5.56385E+21,6.97458E+15,5.02092E+16
107578,7,3,34,17,2018,7,22,3,3,5,3,2,0,1,0,0,0,0,0,4.52636E+20,5.45565E+21,8.34915E+15,4.92517E+16
107579,7,3,17,0,2018,8,7,3,3,1,6,0,0,1,0,0,0,0,0,3.99014E+20,5.44975E+21,7.61396E+15,4.91922E+16
107580,7,3,33,54,2018,8,5,7,3,0,7,1,0,0,0,1,0,0,0,4.10208E+20,5.50869E+21,7.7542E+15,4.9724E+16
107581,7,3,14,0,2018,7,18,1,2,8,7,0,0,0,0,1,0,0,1,4.57111E+20,5.47693E+21,8.40835E+15,4.94435E+16
107582,7,1,32,32,2018,8,8,3,3,2,2,0,0,1,0,0,0,0,0,3.95398E+20,5.61127E+21,7.52057E+15,5.06439E+16
107583,7,3,39,27,2018,8,17,6,3,5,3,0,0,1,0,0,0,1,0,4.37943E+20,5.53905E+21,8.13407E+15,5.00005E+16
107584,7,1,38,80,2018,7,5,6,3,0,7,1,0,1,0,1,0,0,0,3.84253E+20,5.61418E+21,7.36209E+15,5.06679E+16
107585,7,3,34,22,2018,7,0,2,3,5,3,2,0,1,0,0,0,0,0,4.49551E+20,5.44137E+21,8.30856E+15,4.91231E+16
107586,7,3,39,13,2018,8,9,2,2,9,1,0,0,1,0,0,0,0,1,4.47489E+20,5.51621E+21,8.27037E+15,4.9796E+16
107587,7,3,20,0,2018,8,21,6,3,2,6,1,0,1,0,0,0,0,0,3.8187E+20,5.4564E+21,7.37679E+15,4.9249E+16
107588,7,3,31,3,2018,7,18,1,2,2,6,0,0,1,0,1,0,0,0,4.35891E+20,5.51099E+21,8.1101E+15,4.9748E+16
107589,7,1,38,76,2018,8,21,5,2,8,1,1,0,0,0,1,0,0,0,3.894E+20,5.60095E+21,7.43884E+15,5.055E+16
107590,7,3,31,45,2018,7,12,1,2,5,2,0,0,1,0,0,0,0,0,4.53189E+20,5.50925E+21,8.35041E+15,4.9734E+16
107591,7,1,35,65,2018,8,11,5,2,9,1,0,0,1,0,0,0,0,0,3.83817E+20,5.56151E+21,7.37223E+15,5.01944E+16
107592,7,3,34,24,2018,7,18,1,3,2,2,0,0,1,0,1,0,0,0,4.47321E+20,5.44114E+21,8.27802E+15,4.91209E+16
107593,7,3,33,18,2018,8,12,1,2,5,3,0,1,0,0,0,0,0,0,4.37029E+20,5.5002E+21,8.12763E+15,4.9651E+16
107594,7,3,40,39,2018,8,16,5,3,5,3,0,0,1,0,0,0,0,0,4.08551E+20,5.43684E+21,7.74776E+15,4.90776E+16
107595,7,2,32,95,2018,8,19,4,2,5,3,0,0,1,0,0,0,0,0,3.09163E+20,5.53273E+21,6.34162E+15,4.99164E+16
107596,7,3,40,51,2018,8,7,4,3,3,6,0,0,1,0,1,0,0,0,3.96622E+20,5.45738E+21,7.57918E+15,4.92604E+16
107597,7,3,14,0,2018,8,10,1,3,7,7,0,1,0,0,0,0,0,0,4.60723E+20,5.47621E+21,8.45825E+15,4.94372E+16
107598,7,3,39,12,2018,7,3,1,3,8,7,2,0,1,0,0,0,0,0,4.53729E+20,5.52068E+21,8.35654E+15,4.98368E+16
107599,7,1,37,69,2018,8,5,4,3,4,2,2,0,1,0,0,0,0,1,3.78122E+20,5.58118E+21,7.28615E+15,5.03701E+16
107600,7,1,31,66,2018,8,17,7,3,2,2,0,0,1,0,1,0,0,0,3.5265E+20,5.57877E+21,6.92913E+15,5.03426E+16
107601,7,3,31,73,2018,7,12,3,3,4,7,0,0,1,0,0,0,0,0,4.3943E+20,5.5241E+21,8.15718E+15,4.98662E+16
107602,7,1,38,45,2018,8,7,3,3,5,3,0,1,1,0,0,0,0,0,3.9095E+20,5.58883E+21,7.46424E+15,5.04414E+16
107603,7,3,14,0,2018,8,9,7,3,3,1,0,0,1,0,1,0,0,0,4.53771E+20,5.48228E+21,8.36166E+15,4.94914E+16
107604,7,3,15,0,2018,7,13,1,3,3,6,0,0,1,0,0,0,0,0,4.50091E+20,5.53557E+21,8.30403E+15,4.99704E+16
107605,7,1,32,72,2018,8,16,6,3,2,6,0,0,1,0,0,1,0,0,4.2672E+20,5.63221E+21,7.9593E+15,5.0837E+16
107606,7,3,31,27,2018,7,8,1,3,3,6,0,0,1,0,0,0,0,0,4.31719E+20,5.50563E+21,8.05313E+15,4.96993E+16
107607,7,3,15,0,2018,7,18,2,3,5,3,0,1,1,0,0,0,0,0,4.44376E+20,5.54196E+21,8.22341E+15,5.00274E+16
107608,7,1,38,44,2018,8,8,2,3,8,1,0,0,0,0,1,0,0,1,3.87021E+20,5.60809E+21,7.4031E+15,5.06138E+16
107609,7,3,14,0,2018,8,14,6,3,0,1,0,1,0,0,0,0,0,0,4.56098E+20,5.48185E+21,8.39384E+15,4.94877E+16