OBJECTID_1,ULAND,UREGBEZ,UKREIS,UGEMEINDE,UJAHR,UMONAT,USTUNDE,UWOCHENTAG,UKATEGORIE,UART,UTYP1,ULICHTVERH,IstRad,IstPKW,IstFuss,IstKrad,IstGkfz,IstSonstig,STRZUSTAND,LINREFX,LINREFY,XGCSWGS84,YGCSWGS84
108170,7,3,20,0,2018,9,22,5,3,8,1,2,0,0,0,1,0,0,1,3.83552E+20,5.45408E+21,7.40057E+15,4.92284E+16
108171,7,3,37,52,2018,8,11,7,3,5,3,0,0,1,0,1,0,0,0,4.37619E+20,5.46157E+21,8.14189E+15,4.93037E+16
108172,7,1,41,58,2018,8,14,5,2,4,1,0,0,0,0,1,0,1,0,4.13873E+20,5.57631E+21,7.78985E+15,5.03326E+16
108173,7,1,32,96,2018,9,16,1,3,5,3,0,0,1,0,1,0,0,0,4.08632E+20,5.62429E+21,7.70445E+15,5.07632E+16
108174,7,3,14,0,2018,8,16,5,3,1,5,0,1,1,0,0,0,0,0,4.57911E+20,5.48297E+21,8.41875E+15,4.94979E+16
108175,7,1,37,68,2018,9,6,3,3,2,6,1,0,1,0,0,0,0,0,3.755E+20,5.57231E+21,7.25222E+15,5.02898E+16
108176,7,1,37,68,2018,9,19,4,2,5,3,0,1,1,0,0,0,0,0,3.73376E+20,5.57695E+21,7.22087E+15,5.03311E+16
108177,7,3,40,28,2018,9,11,1,2,4,2,0,0,1,0,1,0,0,0,4.06569E+20,5.44698E+21,7.71828E+15,4.91685E+16
108178,7,3,37,22,2018,8,14,1,3,0,1,0,1,0,0,0,0,0,0,4.28209E+20,5.44674E+21,8.01514E+15,4.91692E+16
108179,7,3,37,68,2018,8,2,7,2,9,1,2,0,0,0,1,0,0,0,4.35769E+20,5.44315E+21,8.11941E+15,4.91378E+16
108180,7,1,11,0,2018,9,12,7,3,2,6,0,0,1,0,0,0,1,0,3.98181E+20,5.58071E+21,7.56824E+15,5.03696E+16
108181,7,3,14,0,2018,8,13,4,3,3,2,0,0,1,0,0,0,1,0,4.57575E+20,5.48266E+21,8.41414E+15,4.94951E+16
108182,7,1,11,0,2018,9,13,2,3,3,6,0,0,1,0,0,0,0,0,4.00727E+20,5.5759E+21,7.6053E+15,5.03268E+16
108183,7,3,38,20,2018,9,15,7,2,5,3,0,0,1,0,1,0,0,0,4.58225E+20,5.47501E+21,8.42392E+15,4.94263E+16
108184,7,1,37,35,2018,8,14,7,3,2,2,0,0,1,0,0,0,0,0,3.58394E+20,5.58175E+21,7.00868E+15,5.03707E+16
108185,7,3,33,20,2018,9,12,1,3,8,1,0,0,0,0,1,0,0,0,4.18947E+20,5.49819E+21,7.87759E+15,4.96308E+16
108186,7,1,43,286,2018,9,17,5,2,5,3,0,0,1,0,0,0,0,0,4.34661E+20,5.60872E+21,8.07622E+15,5.06267E+16
108187,7,3,17,0,2018,9,16,5,3,8,1,0,0,0,0,1,0,0,1,3.98944E+20,5.44982E+21,7.61298E+15,4.91929E+16
108188,7,3,38,4,2018,9,6,3,3,2,2,2,0,1,0,1,0,0,0,4.54535E+20,5.49104E+21,8.3712E+15,4.95702E+16
108189,7,3,37,38,2018,8,7,3,3,3,6,0,0,1,0,1,0,0,0,4.41138E+20,5.44397E+21,8.19288E+15,4.91457E+16
108190,7,3,38,6,2018,8,14,7,2,1,6,0,1,0,0,0,0,0,0,4.49578E+20,5.47618E+21,8.30454E+15,4.94362E+16
108191,7,3,31,3,2018,9,20,7,3,2,2,1,0,1,0,0,0,0,0,4.35133E+20,5.51029E+21,8.09969E+15,4.97416E+16
108192,7,3,18,0,2018,9,14,6,3,5,2,0,1,1,0,0,0,0,0,4.58613E+20,5.46325E+21,8.43049E+15,4.93205E+16
108193,7,3,32,24,2018,8,13,5,3,3,3,0,1,1,0,0,0,0,0,4.39382E+20,5.49196E+21,8.16149E+15,4.95772E+16
108194,7,3,34,7,2018,8,15,3,3,3,6,0,1,0,0,0,0,0,0,4.53988E+20,5.45408E+21,8.36791E+15,4.92378E+16
108195,7,3,15,0,2018,8,12,6,3,5,2,0,1,1,0,0,0,0,0,4.454E+20,5.53873E+21,8.23816E+15,4.99984E+16
108196,7,1,40,125,2018,9,13,4,2,8,1,0,0,0,0,1,0,0,0,4.05893E+20,5.53913E+21,7.68695E+15,4.9997E+16
108197,7,3,38,26,2018,9,21,4,3,0,7,2,0,1,0,0,0,0,0,4.58044E+20,5.47225E+21,8.42171E+15,4.94015E+16
108198,7,3,14,0,2018,9,16,2,3,2,6,0,0,1,0,0,0,0,0,4.59116E+20,5.47973E+21,8.43572E+15,4.94688E+16
108199,7,3,37,82,2018,8,18,2,3,5,3,0,0,1,0,0,0,0,0,4.36712E+20,5.45405E+21,8.13062E+15,4.9236E+16
108200,7,3,15,0,2018,8,14,7,3,2,6,0,0,1,0,0,0,0,0,4.44904E+20,5.53502E+21,8.23178E+15,4.9965E+16
108201,7,1,32,117,2018,8,13,2,3,2,6,0,0,1,0,0,0,0,0,4.11731E+20,5.62607E+21,7.74796E+15,5.07797E+16
108202,7,2,35,45,2018,8,13,7,3,9,6,0,0,1,0,0,0,0,0,3.50299E+20,5.49924E+21,6.92708E+15,4.96272E+16
108203,7,3,17,0,2018,8,9,4,2,6,2,0,0,1,1,0,0,0,0,3.98081E+20,5.45095E+21,7.60086E+15,4.92029E+16
108204,7,3,11,0,2018,9,15,7,3,2,2,0,0,1,0,0,0,1,0,4.52749E+20,5.48893E+21,8.34675E+15,4.95511E+16
108205,7,1,34,5,2018,8,15,5,3,9,1,0,0,1,0,0,0,0,0,3.78408E+20,5.49561E+21,7.31723E+15,4.96008E+16
108206,7,1,33,110,2018,9,20,2,3,4,2,1,0,1,0,0,0,0,0,4.13433E+20,5.53364E+21,7.79336E+15,4.99488E+16
108207,7,3,12,0,2018,9,12,3,3,2,1,0,0,1,0,0,0,1,0,4.09954E+20,5.47642E+21,7.75806E+15,4.94338E+16
108208,7,3,39,42,2018,9,18,1,2,0,7,0,0,0,0,1,0,0,0,4.42528E+20,5.52935E+21,8.19949E+15,4.99138E+16
108209,7,2,35,77,2018,8,18,1,3,8,1,0,1,0,0,0,0,0,0,3.44656E+20,5.51809E+21,6.8415E+15,4.97952E+16
108210,7,3,39,42,2018,9,14,2,3,5,3,0,0,1,0,1,0,0,0,4.40897E+20,5.52939E+21,8.17677E+15,4.9914E+16
108211,7,2,31,29,2018,8,16,7,3,5,2,0,0,1,0,0,0,0,0,3.65123E+20,5.53914E+21,7.11837E+15,4.99893E+16
108212,7,3,14,0,2018,9,14,6,3,3,2,0,1,0,0,0,1,0,0,4.5834E+20,5.48319E+21,8.42465E+15,4.94999E+16
108213,7,2,11,0,2018,8,18,4,3,1,6,0,0,1,0,0,0,0,0,3.30546E+20,5.51318E+21,6.64774E+15,4.97472E+16
108214,7,2,32,27,2018,8,14,7,3,5,3,0,0,1,0,1,0,0,0,3.32364E+20,5.53764E+21,6.66237E+15,4.99675E+16
108215,7,3,39,6,2018,9,0,1,3,8,1,2,0,1,0,0,0,0,0,4.51175E+20,5.53034E+21,8.31981E+15,4.99235E+16
108216,7,2,11,0,2018,9,19,7,3,0,7,0,0,1,0,0,0,0,0,3.29269E+20,5.51507E+21,6.62921E+15,4.97638E+16
108217,7,3,13,0,2018,8,12,6,3,2,6,0,0,1,0,0,0,0,0,4.35418E+20,5.44887E+21,8.11367E+15,4.91892E+16
108218,7,3,18,0,2018,9,19,1,3,4,2,2,0,1,0,1,0,0,0,4.58484E+20,5.46372E+21,8.42867E+15,4.93248E+16
108219,7,3,35,35,2018,9,17,4,3,2,6,0,1,1,0,0,0,0,0,4.1013E+20,5.48275E+21,7.75905E+15,4.94907E+16
108220,7,3,15,0,2018,9,16,5,3,5,3,0,0,1,0,0,0,0,0,4.46714E+20,5.53867E+21,8.2565E+15,4.99979E+16
108221,7,2,32,296,2018,9,13,3,2,5,3,0,0,1,0,1,0,0,0,3.15446E+20,5.56413E+21,6.41391E+15,5.02006E+16
108222,7,3,31,70,2018,8,11,3,2,2,6,0,0,1,0,1,0,0,0,4.27545E+20,5.51371E+21,7.99376E+15,4.97715E+16
108223,7,2,32,127,2018,8,12,7,3,9,1,0,0,0,0,1,0,0,0,2.96118E+20,5.54292E+21,6.15473E+15,5.00037E+16
108224,7,2,31,134,2018,9,13,7,3,5,3,0,1,1,0,0,0,0,0,3.48826E+20,5.53922E+21,6.89113E+15,4.99861E+16
108225,7,1,34,45,2018,9,15,6,3,1,7,0,0,1,0,0,0,0,1,3.78495E+20,5.50892E+21,7.3143E+15,4.97205E+16
108226,7,3,31,56,2018,8,21,4,3,0,1,2,0,0,0,1,0,0,1,4.3298E+20,5.52578E+21,8.06715E+15,4.98806E+16
108227,7,3,35,3,2018,9,17,1,3,4,6,0,0,0,0,1,0,1,0,3.86398E+20,5.47488E+21,7.43373E+15,4.9416E+16
108228,7,3,39,42,2018,9,12,7,3,2,6,0,0,1,0,0,0,0,0,4.41804E+20,5.52763E+21,8.18967E+15,4.98983E+16
108229,7,1,37,504,2018,8,12,7,1,4,1,0,0,1,0,0,0,0,0,3.89361E+20,5.56933E+21,7.4476E+15,5.02657E+16
108230,7,3,38,19,2018,9,16,1,3,3,6,0,0,1,0,1,0,0,0,4.50902E+20,5.47684E+21,8.32272E+15,4.94422E+16
108231,7,1,37,68,2018,9,18,5,3,2,6,0,0,1,0,0,0,0,1,3.746E+20,5.57531E+21,7.23861E+15,5.03165E+16
108232,7,3,39,10,2018,9,16,5,3,1,5,0,0,1,0,0,0,1,0,4.47891E+20,5.51866E+21,8.27563E+15,4.98182E+16
108233,7,3,39,57,2018,9,18,3,3,2,6,0,0,1,0,0,0,1,0,4.37089E+20,5.52972E+21,8.12369E+15,4.99165E+16
108234,7,3,14,0,2018,8,8,3,2,5,3,0,0,1,0,1,0,0,0,4.54165E+20,5.48127E+21,8.36721E+15,4.94823E+16
108235,7,2,31,92,2018,8,15,7,3,3,6,0,0,0,0,1,0,0,0,3.4861E+20,5.52509E+21,6.89366E+15,4.98591E+16
108236,7,3,39,21,2018,9,21,7,3,9,1,2,0,1,0,0,0,0,0,4.24198E+20,5.52733E+21,7.94462E+15,4.98935E+16
108237,7,3,15,0,2018,9,7,6,3,5,3,0,0,1,0,0,0,0,0,4.44303E+20,5.54021E+21,8.22265E+15,5.00116E+16
108238,7,2,35,126,2018,8,21,7,2,8,1,2,0,0,0,1,0,0,0,3.25716E+20,5.49431E+21,6.58915E+15,4.95763E+16
108239,7,3,14,0,2018,8,20,5,3,5,2,2,1,1,0,0,0,0,1,4.597E+20,5.48081E+21,8.44366E+15,4.94786E+16
108240,7,3,39,3,2018,8,19,3,2,8,1,0,0,0,0,1,0,0,0,4.09395E+20,5.5444E+21,7.73455E+15,5.0045E+16
108241,7,1,38,34,2018,8,14,6,3,5,3,0,0,1,0,0,0,0,0,4.01694E+20,5.59821E+21,7.61303E+15,5.05276E+16
108242,7,3,37,44,2018,9,15,3,3,2,6,0,1,1,0,0,0,0,0,4.38588E+20,5.44512E+21,8.15774E+15,4.91558E+16
108243,7,3,31,72,2018,9,6,4,2,2,6,1,0,1,0,1,0,0,0,4.24342E+20,5.51842E+21,7.94836E+15,4.98134E+16
108244,7,3,19,0,2018,9,14,2,2,6,4,0,0,1,1,0,0,0,0,4.53576E+20,5.49768E+21,8.35715E+15,4.96299E+16
108245,7,3,39,5,2018,8,8,2,3,2,6,0,0,1,0,0,0,0,1,4.21281E+20,5.53383E+21,7.90269E+15,4.99516E+16
108246,7,2,11,0,2018,8,11,7,3,5,3,0,0,1,1,0,0,0,0,3.31949E+20,5.51582E+21,6.66605E+15,4.97713E+16
108247,7,1,37,203,2018,8,8,2,2,0,1,0,0,0,0,1,0,0,1,3.98963E+20,5.58571E+21,7.5779E+15,5.04147E+16
108248,7,1,38,12,2018,8,15,7,3,6,4,0,0,1,1,0,0,0,0,4.0467E+20,5.60048E+21,7.65443E+15,5.05484E+16
108249,7,3,32,2,2018,8,18,4,2,5,3,0,0,1,0,0,1,0,0,4.41669E+20,5.47975E+21,8.19493E+15,4.94676E+16
108250,7,3,31,3,2018,9,12,7,3,6,2,0,0,1,1,0,0,0,0,4.36549E+20,5.51097E+21,8.11924E+15,4.97479E+16
108251,7,1,43,67,2018,8,16,5,3,5,3,0,0,1,0,0,0,0,0,4.11325E+20,5.59801E+21,7.74893E+15,5.05274E+16
108252,7,2,33,74,2018,9,8,2,3,3,6,0,0,1,0,0,0,0,0,3.47387E+20,5.55616E+21,6.86433E+15,5.0138E+16
108253,7,3,13,0,2018,9,7,3,3,1,6,0,0,1,0,0,0,0,0,4.38571E+20,5.44945E+21,8.15685E+15,4.91948E+16
108254,7,2,35,58,2018,9,19,1,2,5,3,1,0,1,0,0,0,0,0,3.43473E+20,5.50031E+21,6.8322E+15,4.9635E+16
108255,7,1,38,45,2018,8,11,1,3,5,3,0,1,1,0,0,0,0,0,3.96033E+20,5.58988E+21,7.53551E+15,5.04517E+16
108256,7,2,35,151,2018,9,13,2,3,9,1,0,0,1,0,0,0,0,0,3.36261E+20,5.52769E+21,6.72088E+15,4.98792E+16
108257,7,1,38,34,2018,8,10,7,3,0,1,0,1,0,0,0,0,0,0,4.00935E+20,5.59558E+21,7.60303E+15,5.05038E+16
108258,7,2,31,124,2018,9,15,6,2,2,1,0,1,0,0,0,0,0,0,3.66212E+20,5.536E+21,7.13465E+15,4.99613E+16
108259,7,1,37,35,2018,8,18,4,3,1,7,1,0,1,0,1,0,0,1,3.56645E+20,5.57974E+21,6.98487E+15,5.03522E+16
108260,7,1,32,111,2018,8,14,7,3,2,6,0,0,1,0,1,0,0,0,4.17527E+20,5.62781E+21,7.82977E+15,5.07962E+16
108261,7,1,38,75,2018,9,18,1,2,4,1,0,0,1,0,0,0,0,0,3.8225E+20,5.6099E+21,7.33512E+15,5.06291E+16
108262,7,1,31,2,2018,9,17,7,2,9,1,0,0,0,0,1,0,0,0,3.56976E+20,5.5959E+21,6.98336E+15,5.04976E+16
108263,7,1,33,6,2018,8,19,6,3,5,3,0,1,1,0,0,0,0,0,4.18822E+20,5.52161E+21,7.87098E+15,4.98414E+16
108264,7,3,31,58,2018,9,20,1,2,2,6,2,0,1,0,1,0,0,0,4.38051E+20,5.5239E+21,8.13802E+15,4.98643E+16
108265,7,1,31,6,2018,9,10,7,3,5,3,0,0,1,0,0,0,0,0,3.7903E+20,5.59715E+21,7.29376E+15,5.05138E+16
108266,7,3,37,41,2018,9,14,4,3,1,6,0,0,1,0,0,1,0,0,4.42003E+20,5.45394E+21,8.20331E+15,4.92355E+16
108267,7,1,41,97,2018,9,17,5,3,9,1,0,0,0,0,1,0,0,0,4.14756E+20,5.55673E+21,7.80666E+15,5.01567E+16
108268,7,2,11,0,2018,9,16,3,3,6,6,0,1,0,1,0,0,0,0,3.27634E+20,5.51163E+21,6.60804E+15,4.97324E+16
108269,7,3,15,0,2018,8,11,3,3,2,4,0,0,1,1,0,0,0,0,4.44324E+20,5.53344E+21,8.22392E+15,4.99507E+16
108270,7,1,35,17,2018,8,18,7,2,8,1,0,0,0,0,1,0,0,0,3.76099E+20,5.55248E+21,7.26709E+15,5.01117E+16
108271,7,1,32,101,2018,9,17,6,3,8,1,0,0,1,0,0,0,0,1,4.22265E+20,5.62422E+21,7.89773E+15,5.07645E+16
108272,7,1,31,18,2018,8,18,7,2,8,7,0,0,0,0,1,0,0,0,3.43116E+20,5.58267E+21,6.79361E+15,5.03752E+16
108273,7,2,31,8,2018,8,14,5,3,3,2,0,1,1,0,0,0,0,0,3.61784E+20,5.53101E+21,7.07472E+15,4.99155E+16
108274,7,3,33,17,2018,8,8,3,3,5,3,0,0,0,0,0,1,0,0,4.28713E+20,5.49545E+21,8.0133E+15,4.96075E+16
108275,7,1,43,224,2018,9,20,1,2,8,1,2,0,0,0,1,0,0,0,4.30669E+20,5.60196E+21,8.02106E+15,5.05655E+16
108276,7,3,36,48,2018,8,14,5,2,8,1,0,0,0,0,1,0,0,0,3.95681E+20,5.48624E+21,7.55868E+15,4.95198E+16
108277,7,3,31,30,2018,9,11,3,2,4,6,0,0,1,0,0,0,0,0,4.40765E+20,5.53939E+21,8.1734E+15,5.00039E+16
108278,7,1,43,50,2018,9,22,4,3,9,7,2,0,1,0,0,0,0,0,4.03312E+20,5.59105E+21,7.63771E+15,5.04634E+16
108279,7,1,31,14,2018,9,8,2,3,4,6,0,0,1,0,0,0,0,0,3.81397E+20,5.59332E+21,7.32835E+15,5.04799E+16
108280,7,1,31,52,2018,8,17,7,3,9,1,0,0,0,0,1,0,0,0,3.4531E+20,5.58366E+21,6.82405E+15,5.03846E+16
108281,7,3,16,0,2018,8,16,1,3,3,6,0,1,0,0,0,0,0,0,4.40131E+20,5.47032E+21,8.17513E+15,4.93826E+16
108282,7,1,37,3,2018,8,18,7,3,0,1,0,0,0,0,1,0,0,0,3.89026E+20,5.58569E+21,7.43808E+15,5.04128E+16
108283,7,1,43,250,2018,9,3,7,3,4,1,2,0,1,0,0,1,0,0,4.10954E+20,5.61522E+21,7.73956E+15,5.0682E+16
108284,7,1,37,19,2018,8,6,5,3,8,1,1,0,1,0,0,0,0,1,3.62258E+20,5.57287E+21,7.06622E+15,5.02919E+16
108285,7,1,11,0,2018,8,22,7,3,5,3,2,0,1,0,0,0,0,0,3.99611E+20,5.58152E+21,7.58813E+15,5.03771E+16
108286,7,3,15,0,2018,8,9,5,3,4,2,0,0,1,0,0,0,0,0,4.47674E+20,5.53624E+21,8.27023E+15,4.99762E+16
108287,7,3,31,49,2018,8,13,3,3,2,6,0,0,1,0,0,0,0,0,4.44396E+20,5.50805E+21,8.22857E+15,4.97223E+16
108288,7,1,37,216,2018,8,16,6,3,2,2,0,0,1,0,0,0,0,0,3.94028E+20,5.58325E+21,7.50915E+15,5.03918E+16
108289,7,1,33,52,2018,9,22,3,2,5,2,2,0,1,0,0,0,0,0,3.89137E+20,5.51399E+21,7.46045E+15,4.97681E+16
108290,7,2,31,502,2018,9,16,4,2,4,6,0,0,1,0,1,0,0,0,3.65425E+20,5.52019E+21,7.12918E+15,4.9819E+16
108291,7,2,35,125,2018,9,17,2,3,5,3,0,0,1,0,0,0,0,0,3.37241E+20,5.52151E+21,6.73712E+15,4.98239E+16
108292,7,1,11,0,2018,8,19,7,3,8,1,0,0,1,0,0,0,0,0,3.98672E+20,5.582E+21,7.5748E+15,5.03814E+16
108293,7,3,35,45,2018,8,7,1,3,8,1,1,0,1,0,0,0,0,0,4.08648E+20,5.47174E+21,7.74113E+15,4.93915E+16
108294,7,3,40,14,2018,8,7,6,3,5,3,0,0,1,0,1,1,0,0,4.15373E+20,5.45002E+21,7.83838E+15,4.91971E+16
108295,7,3,39,30,2018,8,6,4,3,5,3,1,0,1,0,0,0,0,0,4.34643E+20,5.53657E+21,8.08846E+15,4.99779E+16
108296,7,2,11,0,2018,9,6,7,3,4,6,1,0,1,0,0,0,0,0,3.32027E+20,5.51599E+21,6.66708E+15,4.97728E+16
108297,7,1,32,37,2018,8,5,5,3,8,1,2,0,1,0,0,0,0,1,4.17308E+20,5.64072E+21,7.82374E+15,5.09122E+16
108298,7,2,35,107,2018,9,16,2,2,9,1,0,0,0,0,1,0,0,0,3.34201E+20,5.5076E+21,6.7008E+15,4.96981E+16
108299,7,1,31,1,2018,9,17,1,3,8,1,0,0,1,0,1,0,0,1,3.54627E+20,5.58162E+21,6.9558E+15,5.03687E+16
108300,7,3,35,29,2018,8,1,7,2,9,1,2,0,0,0,0,0,1,0,4.07224E+20,5.4917E+21,7.71683E+15,4.95708E+16
108301,7,1,32,18,2018,9,14,2,3,5,3,0,0,1,0,1,0,0,0,4.27466E+20,5.62125E+21,7.97206E+15,5.07385E+16
108302,7,3,17,0,2018,8,15,6,3,5,3,0,1,1,0,0,0,0,0,3.98309E+20,5.45122E+21,7.60392E+15,4.92053E+16
108303,7,3,37,21,2018,9,14,5,3,1,6,0,0,1,0,0,0,0,0,4.36648E+20,5.45589E+21,8.12945E+15,4.92525E+16
108304,7,1,34,82,2018,9,16,6,2,9,1,0,0,1,0,0,0,0,0,3.92362E+20,5.50691E+21,7.50716E+15,4.97051E+16
108305,7,1,37,217,2018,8,6,4,1,4,6,1,0,1,0,0,0,0,0,3.90171E+20,5.57117E+21,7.45843E+15,5.02824E+16
108306,7,3,35,2,2018,8,14,6,3,8,6,0,0,1,0,0,0,0,0,3.98723E+20,5.47313E+21,7.60405E+15,4.94024E+16
108307,7,1,31,58,2018,9,15,1,3,5,3,0,0,1,0,0,0,0,0,3.5204E+20,5.57792E+21,6.9209E+15,5.03348E+16
108308,7,1,11,0,2018,9,16,7,3,2,6,0,0,1,0,0,0,0,0,3.97827E+20,5.58061E+21,7.56329E+15,5.03687E+16
108309,7,2,35,125,2018,8,15,6,3,5,3,0,1,0,0,0,1,0,0,3.38301E+20,5.52058E+21,6.75223E+15,4.98158E+16
108310,7,3,15,0,2018,9,12,1,3,0,3,0,1,1,0,0,0,0,0,4.44879E+20,5.5417E+21,8.23048E+15,5.0025E+16
108311,7,3,31,21,2018,8,8,3,3,8,1,0,0,1,0,0,0,0,0,4.33027E+20,5.51128E+21,8.0703E+15,4.97502E+16
108312,7,3,35,4,2018,8,18,6,3,2,2,0,0,1,0,0,0,0,0,4.20678E+20,5.48134E+21,7.90496E+15,4.94796E+16
108313,7,3,15,0,2018,9,18,4,3,5,3,0,1,1,0,0,0,0,0,4.47326E+20,5.53733E+21,8.26523E+15,4.9986E+16
108314,7,1,35,79,2018,9,0,5,3,9,1,2,0,1,0,0,0,0,0,3.73089E+20,5.54944E+21,7.22603E+15,5.00837E+16
108315,7,1,31,77,2018,9,18,3,3,6,4,0,0,1,1,0,0,0,0,3.76268E+20,5.6008E+21,7.25361E+15,5.05461E+16
108316,7,2,11,0,2018,8,8,3,3,2,6,0,0,1,0,0,0,0,0,3.28954E+20,5.51135E+21,6.62646E+15,4.97303E+16
108317,7,3,12,0,2018,8,15,6,3,2,6,0,0,1,0,0,0,0,0,4.10345E+20,5.47793E+21,7.76311E+15,4.94474E+16
108318,7,3,31,3,2018,8,12,2,3,1,5,0,0,1,0,0,0,0,0,4.3398E+20,5.51265E+21,8.08329E+15,4.97627E+16
108319,7,1,37,55,2018,9,14,6,3,5,3,0,0,1,0,0,0,0,0,3.76276E+20,5.57802E+21,7.26124E+15,5.03412E+16
108320,7,3,32,22,2018,8,6,6,2,8,7,0,0,1,0,0,0,0,0,4.44687E+20,5.47812E+21,8.23682E+15,4.94532E+16
108321,7,1,43,304,2018,8,12,5,3,2,2,0,0,1,0,1,0,0,0,4.25543E+20,5.59322E+21,7.95043E+15,5.04863E+16
108322,7,3,39,43,2018,8,16,3,3,1,6,0,0,1,0,0,1,0,0,4.5292E+20,5.52451E+21,8.34482E+15,4.98712E+16
108323,7,1,38,11,2018,9,0,1,2,0,3,2,0,0,0,1,0,0,0,4.00768E+20,5.59918E+21,7.59971E+15,5.05361E+16
108324,7,3,37,20,2018,8,11,5,3,7,7,0,0,1,0,0,0,1,0,4.38389E+20,5.45984E+21,8.15275E+15,4.92882E+16
108325,7,1,38,40,2018,9,6,3,3,2,2,1,0,1,0,0,0,0,0,3.96893E+20,5.60195E+21,7.54429E+15,5.05604E+16
108326,7,1,41,6,2018,8,17,4,3,2,6,0,0,1,0,0,0,0,0,4.10701E+20,5.57755E+21,7.745E+15,5.03432E+16
108327,7,1,38,45,2018,9,14,4,2,6,2,0,0,1,1,0,0,0,0,3.91429E+20,5.5872E+21,7.47146E+15,5.04268E+16
108328,7,1,11,0,2018,9,17,2,3,1,1,0,0,1,0,0,0,0,0,3.96956E+20,5.58072E+21,7.55102E+15,5.03695E+16
108329,7,3,37,44,2018,8,5,6,2,8,1,2,0,1,0,0,0,0,0,4.38255E+20,5.44644E+21,8.15298E+15,4.91676E+16
108330,7,3,37,36,2018,8,14,1,3,2,6,0,1,0,0,0,0,0,0,4.34638E+20,5.45662E+21,8.10171E+15,4.92588E+16
108331,7,3,37,1,2018,8,17,6,2,2,6,0,0,1,0,0,0,0,1,4.29671E+20,5.45127E+21,8.03439E+15,4.92102E+16
108332,7,1,31,7,2018,9,12,7,2,8,1,0,0,0,0,1,0,0,0,3.6598E+20,5.60097E+21,7.10842E+15,5.05453E+16
108333,7,3,33,502,2018,8,7,4,3,9,7,0,0,1,0,0,0,0,0,4.20086E+20,5.49865E+21,7.89328E+15,4.96351E+16
108334,7,1,31,40,2018,9,15,2,2,0,1,0,0,0,0,1,0,0,0,3.51354E+20,5.5979E+21,6.90335E+15,5.05142E+16
108335,7,3,34,501,2018,9,10,7,3,2,6,0,0,1,0,0,0,0,0,4.47025E+20,5.4321E+21,8.27515E+15,4.90395E+16
108336,7,1,43,290,2018,8,14,7,2,5,2,0,0,1,0,1,0,0,0,4.26723E+20,5.59562E+21,7.9666E+15,5.0508E+16
108337,7,3,40,27,2018,9,13,1,3,0,1,0,0,0,0,1,0,0,0,4.15592E+20,5.46091E+21,7.83909E+15,4.92951E+16
108338,7,2,31,12,2018,9,7,5,2,5,3,0,0,0,0,1,0,1,1,3.54242E+20,5.52954E+21,6.97029E+15,4.99005E+16
108339,7,1,40,64,2018,9,12,6,3,5,3,0,0,1,0,1,0,0,0,3.88943E+20,5.54768E+21,7.44806E+15,5.0071E+16
108340,7,3,35,15,2018,8,19,3,3,2,2,1,0,1,0,1,0,0,0,4.21164E+20,5.47754E+21,7.91242E+15,4.94454E+16
108341,7,3,14,0,2018,8,14,6,3,5,2,0,0,1,0,0,0,0,0,4.58724E+20,5.48131E+21,8.43014E+15,4.9483E+16
108342,7,3,14,0,2018,9,14,7,3,4,2,0,0,1,0,0,0,0,0,4.57282E+20,5.48545E+21,8.40979E+15,4.95201E+16
108343,7,3,16,0,2018,9,15,6,3,5,3,0,0,1,0,1,0,0,0,4.41959E+20,5.46528E+21,8.20105E+15,4.93375E+16
108344,7,1,37,207,2018,8,9,6,3,2,3,0,0,1,0,0,0,0,0,3.93948E+20,5.56926E+21,7.51196E+15,5.0266E+16
108345,7,3,15,0,2018,8,12,3,3,2,7,0,0,1,0,1,0,0,0,4.45277E+20,5.53544E+21,8.23692E+15,4.99688E+16
108346,7,1,38,68,2018,9,15,2,3,5,3,0,0,1,0,0,0,0,0,3.82297E+20,5.60686E+21,7.33674E+15,5.06018E+16
108347,7,3,36,11,2018,9,12,7,2,4,6,0,0,1,0,1,0,0,0,3.80822E+20,5.47662E+21,7.35636E+15,4.94306E+16
108348,7,3,37,44,2018,8,2,7,1,9,1,2,0,1,0,0,0,0,0,4.39297E+20,5.44481E+21,8.16751E+15,4.91531E+16
108349,7,1,40,6,2018,9,15,2,2,5,2,0,0,1,0,0,0,0,0,3.77176E+20,5.53604E+21,7.28742E+15,4.9964E+16
108350,7,3,14,0,2018,9,16,5,3,3,6,0,0,1,0,0,0,0,1,4.57072E+20,5.47687E+21,8.40782E+15,4.9443E+16
108351,7,1,38,37,2018,9,13,6,3,1,1,0,0,1,0,0,0,0,0,3.78614E+20,5.60073E+21,7.28672E+15,5.05459E+16
108352,7,3,40,54,2018,8,19,3,3,0,7,1,0,0,0,1,1,0,1,4.02042E+20,5.46028E+21,7.65293E+15,4.92874E+16
108353,7,3,14,0,2018,8,14,6,3,2,6,0,0,1,0,1,0,0,0,4.59656E+20,5.47649E+21,8.44351E+15,4.94397E+16
108354,7,3,32,23,2018,9,9,7,3,5,3,0,1,1,0,0,0,0,0,4.44114E+20,5.48791E+21,8.22752E+15,4.95412E+16
108355,7,3,12,0,2018,9,6,6,2,2,2,2,0,1,0,0,1,0,1,4.02335E+20,5.47739E+21,7.65276E+15,4.94413E+16
108356,7,1,37,35,2018,8,16,6,3,0,6,0,0,1,0,1,0,0,0,3.56902E+20,5.5798E+21,6.98845E+15,5.03529E+16