OBJECTID_1,ULAND,UREGBEZ,UKREIS,UGEMEINDE,UJAHR,UMONAT,USTUNDE,UWOCHENTAG,UKATEGORIE,UART,UTYP1,ULICHTVERH,IstRad,IstPKW,IstFuss,IstKrad,IstGkfz,IstSonstig,STRZUSTAND,LINREFX,LINREFY,XGCSWGS84,YGCSWGS84
108731,7,2,35,85,2018,9,13,1,3,1,2,0,0,1,0,0,0,0,0,3.35808E+20,5.51575E+21,6.71964E+15,4.97717E+16
108732,7,3,13,0,2018,9,12,3,3,1,6,0,0,1,0,1,0,0,0,4.35431E+20,5.44871E+21,8.11388E+15,4.91878E+16
108733,7,2,33,229,2018,9,13,6,3,2,2,0,0,1,0,0,1,0,1,3.42716E+20,5.57948E+21,6.78932E+15,5.03464E+16
108734,7,2,35,95,2018,10,15,5,3,8,1,0,0,1,0,0,0,0,0,3.15352E+20,5.5035E+21,6.44162E+15,4.96558E+16
108735,7,1,31,77,2018,10,23,4,3,3,3,2,0,1,0,0,0,0,0,3.76173E+20,5.60163E+21,7.25199E+15,5.05535E+16
108736,7,1,32,28,2018,10,12,6,3,5,3,0,0,1,0,0,0,0,0,4.07608E+20,5.62591E+21,7.68954E+15,5.07776E+16
108737,7,2,33,218,2018,10,15,7,2,2,6,0,0,1,0,1,0,0,0,3.51919E+20,5.57324E+21,6.92104E+15,5.02927E+16
108738,7,3,37,41,2018,10,11,7,3,2,6,0,0,1,0,0,0,1,0,4.42261E+20,5.45256E+21,8.20704E+15,4.92231E+16
108739,7,1,40,10,2018,10,11,4,3,9,1,0,0,1,0,0,0,0,1,3.88157E+20,5.55322E+21,7.43545E+15,5.01207E+16
108740,7,2,35,68,2018,9,12,7,3,5,3,0,0,1,0,0,0,0,0,3.26906E+20,5.50929E+21,6.59898E+15,4.97113E+16
108741,7,1,31,70,2018,10,8,7,3,5,3,0,0,1,0,0,0,0,0,3.74147E+20,5.60452E+21,7.22243E+15,5.0579E+16
108742,7,3,33,14,2018,10,12,1,3,6,6,0,0,1,1,0,0,0,0,4.14685E+20,5.50156E+21,7.81785E+15,4.96606E+16
108743,7,1,38,12,2018,10,15,4,3,4,6,0,0,1,0,0,0,0,1,4.01199E+20,5.59944E+21,7.60573E+15,5.05386E+16
108744,7,2,32,67,2018,9,6,6,3,8,7,0,0,0,0,1,0,0,0,3.06574E+20,5.53205E+21,6.30593E+15,4.99095E+16
108745,7,3,39,30,2018,10,7,4,3,2,6,0,0,1,0,0,0,0,0,4.30062E+20,5.53664E+21,8.02457E+15,4.9978E+16
108746,7,3,15,0,2018,9,16,2,3,3,6,0,1,0,1,0,0,0,1,4.47532E+20,5.53994E+21,8.26775E+15,5.00095E+16
108747,7,1,11,0,2018,10,6,3,3,0,1,1,0,0,0,1,0,0,1,4.03638E+20,5.58074E+21,7.64494E+15,5.03708E+16
108748,7,3,14,0,2018,10,16,4,3,0,1,0,0,0,0,1,0,0,0,4.57287E+20,5.47875E+21,8.41059E+15,4.94599E+16
108749,7,3,39,30,2018,10,14,6,3,0,1,0,0,0,0,1,0,0,0,4.2986E+20,5.5384E+21,8.02143E+15,4.99938E+16
108750,7,1,11,0,2018,10,15,3,3,8,7,0,0,1,0,0,0,0,0,3.99598E+20,5.58321E+21,7.58749E+15,5.03923E+16
108751,7,2,35,118,2018,9,14,6,3,5,3,0,0,1,0,1,0,0,0,3.23457E+20,5.49775E+21,6.55639E+15,4.96065E+16
108752,7,2,31,46,2018,9,12,6,2,4,6,0,0,1,0,0,0,0,1,3.40402E+20,5.54376E+21,6.77182E+15,5.00248E+16
108753,7,2,31,66,2018,10,7,6,3,4,6,0,0,1,0,0,0,1,0,3.52454E+20,5.52843E+21,6.94584E+15,4.98901E+16
108754,7,3,40,27,2018,10,13,7,3,0,1,0,0,0,0,1,0,0,0,4.09354E+20,5.45734E+21,7.75412E+15,4.92621E+16
108755,7,2,32,27,2018,10,13,2,3,8,1,0,0,1,0,0,0,0,0,3.29904E+20,5.53953E+21,6.62726E+15,4.99838E+16
108756,7,2,35,28,2018,9,12,6,3,8,1,0,0,0,0,1,0,0,1,3.23642E+20,5.4915E+21,6.56175E+15,4.95504E+16
108757,7,1,32,116,2018,10,18,3,3,4,2,0,0,1,0,0,0,0,0,3.95225E+20,5.60334E+21,7.52035E+15,5.05726E+16
108758,7,3,19,0,2018,9,19,1,3,5,3,1,0,1,0,0,0,0,0,4.53459E+20,5.49894E+21,8.35538E+15,4.96412E+16
108759,7,1,31,210,2018,10,6,2,3,2,6,2,0,1,0,0,1,0,0,3.74704E+20,5.58571E+21,7.2366E+15,5.04101E+16
108760,7,2,33,29,2018,9,17,4,2,6,4,0,0,1,1,0,0,0,0,3.34219E+20,5.57376E+21,6.67251E+15,5.02926E+16
108761,7,1,40,144,2018,10,16,3,3,8,1,0,0,1,0,0,0,0,1,3.94543E+20,5.53889E+21,7.5287E+15,4.9993E+16
108762,7,3,36,58,2018,10,15,4,3,4,7,0,0,1,0,1,0,0,0,3.97807E+20,5.50065E+21,7.58429E+15,4.96497E+16
108763,7,3,14,0,2018,10,11,6,3,2,6,0,0,1,0,0,0,0,0,4.57185E+20,5.47871E+21,8.40918E+15,4.94596E+16
108764,7,1,38,59,2018,10,20,3,3,9,1,2,0,1,0,0,0,0,1,4.02911E+20,5.60228E+21,7.62914E+15,5.05643E+16
108765,7,3,31,23,2018,9,16,6,3,1,7,0,0,1,0,1,0,0,0,4.42574E+20,5.50108E+21,8.20432E+15,4.96595E+16
108766,7,2,35,60,2018,9,20,6,3,3,6,2,0,1,0,0,0,0,0,3.37342E+20,5.51999E+21,6.73915E+15,4.98103E+16
108767,7,3,15,0,2018,10,15,6,2,1,2,0,0,1,0,0,0,1,0,4.48233E+20,5.53753E+21,8.27786E+15,4.99879E+16
108768,7,1,31,5,2018,10,14,1,2,5,3,0,0,1,0,1,0,0,0,3.43951E+20,5.58702E+21,6.80355E+15,5.04145E+16
108769,7,3,39,30,2018,10,8,2,3,0,7,1,1,0,0,0,0,1,0,4.33479E+20,5.53733E+21,8.0721E+15,4.99846E+16
108770,7,2,11,0,2018,9,7,6,3,1,6,0,0,1,0,0,0,0,0,3.30303E+20,5.51553E+21,6.64334E+15,4.97683E+16
108771,7,1,41,121,2018,10,13,3,3,5,3,0,0,1,0,1,0,0,0,4.08456E+20,5.55645E+21,7.71856E+15,5.01532E+16
108772,7,3,32,14,2018,9,12,1,3,8,1,0,0,1,0,0,0,1,1,4.24973E+20,5.4662E+21,7.9671E+15,4.93439E+16
108773,7,3,37,56,2018,9,15,7,3,4,6,0,0,1,0,1,0,0,0,4.30317E+20,5.43604E+21,8.04589E+15,4.90733E+16
108774,7,1,31,90,2018,10,18,2,3,0,1,0,0,1,0,1,0,0,1,3.68532E+20,5.60641E+21,7.1425E+15,5.05947E+16
108775,7,3,31,72,2018,9,17,4,3,3,5,0,0,1,0,0,0,0,0,4.25381E+20,5.51829E+21,7.96283E+15,4.98124E+16
108776,7,1,38,45,2018,10,7,2,3,1,1,1,0,1,0,0,0,0,0,3.91788E+20,5.589E+21,7.47598E+15,5.0443E+16
108777,7,3,31,26,2018,9,12,7,2,4,6,0,0,1,0,0,0,0,0,4.42043E+20,5.51188E+21,8.19536E+15,4.97566E+16
108778,7,3,39,37,2018,9,14,5,3,0,6,0,1,1,0,0,0,0,0,4.47842E+20,5.52607E+21,8.27395E+15,4.98848E+16
108779,7,1,41,29,2018,9,14,6,3,4,6,0,0,1,0,0,0,0,1,4.31724E+20,5.58037E+21,8.03989E+15,5.03714E+16
108780,7,3,31,30,2018,10,16,5,2,5,2,0,0,1,0,0,0,0,0,4.27558E+20,5.52097E+21,7.99258E+15,4.98367E+16
108781,7,3,32,8,2018,10,7,6,2,4,1,2,0,1,0,1,0,0,1,4.41482E+20,5.48542E+21,8.19152E+15,4.95185E+16
108782,7,1,43,248,2018,10,12,1,3,9,1,0,1,1,0,0,0,0,0,4.23271E+20,5.61469E+21,7.91398E+15,5.0679E+16
108783,7,1,11,0,2018,10,19,2,3,6,4,2,0,1,1,0,0,0,0,3.98359E+20,5.58091E+21,7.5707E+15,5.03715E+16
108784,7,1,41,52,2018,9,16,1,3,8,1,0,0,0,0,1,0,0,0,4.27793E+20,5.58253E+21,7.9842E+15,5.03904E+16
108785,7,3,14,0,2018,9,9,3,3,3,6,0,0,1,0,0,1,0,0,4.5869E+20,5.48276E+21,8.42953E+15,4.94961E+16
108786,7,1,43,73,2018,9,16,6,3,9,1,0,0,1,0,0,0,0,1,4.17345E+20,5.59059E+21,7.83548E+15,5.04615E+16
108787,7,1,38,45,2018,10,9,5,3,8,1,0,0,0,0,1,0,1,1,3.95217E+20,5.59229E+21,7.52334E+15,5.04732E+16
108788,7,3,37,20,2018,10,16,3,3,1,6,0,0,1,0,0,1,0,0,4.38213E+20,5.45653E+21,8.15085E+15,4.92584E+16
108789,7,3,37,71,2018,10,15,5,3,0,2,0,1,1,0,0,0,0,0,4.23542E+20,5.43313E+21,7.95369E+15,4.90463E+16
108790,7,2,31,134,2018,10,17,7,3,6,4,0,0,1,1,0,0,0,0,3.48905E+20,5.53961E+21,6.89208E+15,4.99896E+16
108791,7,3,31,58,2018,10,15,7,3,8,6,0,0,1,0,0,0,0,0,4.41801E+20,5.52791E+21,8.18959E+15,4.99007E+16
108792,7,3,14,0,2018,10,10,3,3,2,2,0,0,1,0,0,0,0,0,4.5617E+20,5.47833E+21,8.39521E+15,4.94561E+16
108793,7,3,32,24,2018,10,20,3,3,5,2,2,0,1,0,1,0,0,0,4.39474E+20,5.49194E+21,8.16277E+15,4.9577E+16
108794,7,1,38,41,2018,9,11,7,3,5,3,0,0,1,0,1,0,0,0,3.80362E+20,5.60409E+21,7.31031E+15,5.05764E+16
108795,7,1,31,7,2018,10,11,7,2,9,1,0,0,0,0,1,0,0,1,3.64594E+20,5.59387E+21,7.09144E+15,5.04812E+16
108796,7,3,34,501,2018,10,18,1,3,2,6,0,0,1,0,0,0,0,0,4.46677E+20,5.43213E+21,8.27039E+15,4.90397E+16
108797,7,1,43,23,2018,10,17,3,3,5,2,0,0,1,0,0,0,0,0,4.25063E+20,5.585E+21,7.94532E+15,5.04122E+16
108798,7,1,43,48,2018,9,16,6,3,0,1,0,0,0,0,1,0,0,1,4.19114E+20,5.5867E+21,7.86124E+15,5.04267E+16
108799,7,1,41,503,2018,10,9,4,3,4,2,0,0,1,0,0,0,0,0,4.2653E+20,5.57748E+21,7.96743E+15,5.03448E+16
108800,7,2,31,75,2018,9,16,2,3,3,6,0,1,1,0,0,0,0,0,3.57199E+20,5.53125E+21,7.01081E+15,4.99165E+16
108801,7,3,34,1,2018,10,18,2,3,1,5,1,1,1,0,0,0,0,0,4.47386E+20,5.44897E+21,8.27789E+15,4.91913E+16
108802,7,3,39,42,2018,10,13,4,3,0,6,0,0,0,0,0,0,1,0,4.41507E+20,5.52937E+21,8.18527E+15,4.99139E+16
108803,7,1,34,10,2018,10,15,6,3,9,6,0,0,1,0,0,0,0,0,3.67201E+20,5.49943E+21,7.16092E+15,4.96328E+16
108804,7,3,35,16,2018,10,21,2,3,2,2,2,0,1,0,0,0,0,0,3.92423E+20,5.4765E+21,7.51632E+15,4.94316E+16
108805,7,1,31,6,2018,9,12,6,2,2,6,0,0,1,0,1,0,0,1,3.78648E+20,5.59791E+21,7.28812E+15,5.05205E+16
108806,7,1,43,81,2018,9,13,6,3,1,2,0,0,1,0,0,0,0,1,4.14582E+20,5.59173E+21,7.79631E+15,5.04713E+16
108807,7,2,11,0,2018,10,14,6,2,1,6,0,0,1,0,1,0,0,0,3.29206E+20,5.51233E+21,6.62953E+15,4.97392E+16
108808,7,3,16,0,2018,10,15,7,3,3,6,0,1,1,0,0,0,0,0,4.35016E+20,5.47281E+21,8.10427E+15,4.94045E+16
108809,7,1,32,63,2018,10,15,2,2,2,1,0,0,1,0,0,0,1,0,4.19352E+20,5.63108E+21,7.85494E+15,5.08258E+16
108810,7,1,32,6,2018,9,13,6,3,1,6,0,0,1,0,1,0,0,1,4.20226E+20,5.62728E+21,7.86817E+15,5.07917E+16
108811,7,3,17,0,2018,10,14,2,2,8,1,0,0,0,0,1,0,0,1,3.97452E+20,5.4479E+21,7.59301E+15,4.91753E+16
108812,7,2,35,115,2018,9,13,1,3,2,6,0,0,1,0,0,0,0,1,3.41711E+20,5.51684E+21,6.80112E+15,4.97831E+16
108813,7,3,35,29,2018,9,10,1,3,8,6,0,0,1,0,0,0,0,0,4.08072E+20,5.49156E+21,7.72858E+15,4.95696E+16
108814,7,1,38,3,2018,9,14,4,3,2,6,0,0,1,0,0,0,0,0,3.88281E+20,5.61321E+21,7.41935E+15,5.06601E+16
108815,7,1,43,62,2018,9,18,5,3,5,3,0,0,1,0,0,0,0,0,4.09148E+20,5.59012E+21,7.72014E+15,5.0456E+16
108816,7,1,32,115,2018,9,18,6,2,5,3,0,0,1,0,1,0,0,0,3.97948E+20,5.61906E+21,7.55447E+15,5.07144E+16
108817,7,1,11,0,2018,10,7,6,3,5,2,2,1,1,0,0,0,0,0,3.97481E+20,5.57972E+21,7.55868E+15,5.03606E+16
108818,7,1,43,206,2018,10,15,5,3,8,1,0,0,0,0,1,0,0,0,4.25998E+20,5.60979E+21,7.95355E+15,5.06352E+16
108819,7,3,19,0,2018,10,8,6,3,3,6,0,0,1,0,0,1,0,0,4.54702E+20,5.49797E+21,8.3727E+15,4.96326E+16
108820,7,1,31,7,2018,10,12,1,3,4,6,0,0,0,0,1,0,1,0,3.67528E+20,5.60006E+21,7.13058E+15,5.05374E+16
108821,7,3,15,0,2018,10,16,1,2,1,5,0,0,1,0,1,0,0,0,4.46471E+20,5.53981E+21,8.25296E+15,5.00082E+16
108822,7,3,37,71,2018,9,16,7,2,8,1,0,0,0,0,1,0,0,0,4.24276E+20,5.43429E+21,7.96352E+15,4.90568E+16
108823,7,2,31,502,2018,9,17,3,3,2,1,0,0,0,0,1,0,0,0,3.5784E+20,5.52065E+21,7.02363E+15,4.98214E+16
108824,7,1,32,67,2018,9,6,6,3,5,3,1,0,1,0,1,0,0,0,4.06657E+20,5.61842E+21,7.67795E+15,5.07101E+16
108825,7,3,36,102,2018,10,7,4,3,8,1,0,0,1,0,0,0,0,0,3.80795E+20,5.47066E+21,7.35777E+15,4.9377E+16
108826,7,1,31,6,2018,9,16,3,3,4,6,0,0,1,0,0,0,0,0,3.78594E+20,5.59636E+21,7.28787E+15,5.05066E+16
108827,7,1,34,45,2018,10,23,3,2,8,1,2,0,0,0,1,0,0,1,3.85645E+20,5.51149E+21,7.4127E+15,4.9745E+16
108828,7,3,19,0,2018,10,12,5,3,3,6,0,0,1,0,0,0,0,0,4.54809E+20,5.4974E+21,8.37425E+15,4.96275E+16
108829,7,1,38,41,2018,10,13,7,3,3,6,0,1,1,0,0,0,0,0,3.77665E+20,5.60356E+21,7.2724E+15,5.05712E+16
108830,7,2,35,114,2018,9,16,5,3,5,1,0,0,1,0,1,0,0,0,3.47017E+20,5.50519E+21,6.87933E+15,4.96798E+16
108831,7,1,31,6,2018,9,7,6,3,2,6,0,0,1,0,0,0,0,0,3.79706E+20,5.59621E+21,7.30358E+15,5.05055E+16
108832,7,1,38,41,2018,10,13,6,3,5,2,0,1,1,0,0,0,0,0,3.78803E+20,5.60348E+21,7.28849E+15,5.05706E+16
108833,7,2,32,18,2018,10,15,5,3,2,6,0,0,1,0,0,0,0,0,3.21814E+20,5.53714E+21,6.51562E+15,4.996E+16
108834,7,3,11,0,2018,10,12,6,3,2,6,0,0,1,0,0,0,0,0,4.5268E+20,5.48814E+21,8.34588E+15,4.9544E+16
108835,7,1,43,20,2018,10,15,1,2,1,2,0,0,0,0,1,0,0,0,4.19884E+20,5.58007E+21,7.87349E+15,5.03673E+16
108836,7,3,38,19,2018,10,17,1,3,2,6,0,0,1,0,0,0,0,0,4.50816E+20,5.47679E+21,8.32154E+15,4.94418E+16
108837,7,1,40,501,2018,9,18,1,3,5,3,0,0,1,1,0,0,0,0,3.96497E+20,5.56341E+21,7.54931E+15,5.02138E+16
108838,7,3,15,0,2018,9,17,3,3,2,7,0,0,1,0,1,0,0,0,4.48464E+20,5.53825E+21,8.28097E+15,4.99944E+16
108839,7,1,31,6,2018,9,7,6,3,2,6,0,0,1,0,0,0,0,0,3.79706E+20,5.59621E+21,7.30358E+15,5.05055E+16
108840,7,1,11,0,2018,10,14,5,3,3,6,0,0,1,0,0,1,0,0,3.98492E+20,5.58209E+21,7.57225E+15,5.03821E+16
108841,7,3,15,0,2018,10,16,3,2,3,2,0,0,1,0,1,0,0,1,4.49968E+20,5.53712E+21,8.30211E+15,4.99843E+16
108842,7,3,14,0,2018,10,19,5,3,5,3,2,0,1,0,0,0,0,0,4.55135E+20,5.48724E+21,8.37992E+15,4.95361E+16
108843,7,1,43,262,2018,10,10,7,3,4,2,0,0,1,0,0,0,0,0,4.13587E+20,5.61134E+21,7.77774E+15,5.06475E+16
108844,7,3,15,0,2018,10,14,3,3,4,6,0,0,1,0,0,0,0,0,4.49268E+20,5.53771E+21,8.29227E+15,4.99896E+16
108845,7,3,31,7,2018,10,11,3,3,5,3,0,0,1,0,0,0,0,0,4.41369E+20,5.51681E+21,8.18526E+15,4.98009E+16
108846,7,3,40,30,2018,9,11,6,2,5,3,0,0,1,0,0,0,1,0,4.19783E+20,5.44786E+21,7.89934E+15,4.91783E+16
108847,7,3,40,43,2018,10,12,6,2,0,1,0,0,0,0,1,0,0,0,4.12712E+20,5.44264E+21,7.80347E+15,4.91304E+16
108848,7,3,38,22,2018,10,9,1,3,1,5,0,0,1,0,0,1,0,0,4.47274E+20,5.47548E+21,8.27285E+15,4.94297E+16
108849,7,1,40,112,2018,10,9,3,3,9,1,0,0,1,0,0,0,0,0,4.0671E+20,5.55006E+21,7.69568E+15,5.00955E+16
108850,7,1,31,7,2018,9,5,6,3,2,2,2,0,1,0,0,0,0,0,3.66481E+20,5.60149E+21,7.11529E+15,5.05501E+16
108851,7,1,31,70,2018,10,11,4,3,2,6,0,0,1,0,0,0,0,0,3.75239E+20,5.60357E+21,7.23816E+15,5.05707E+16
108852,7,2,35,56,2018,9,9,2,3,5,2,0,1,0,0,0,0,1,0,3.37485E+20,5.51505E+21,6.7432E+15,4.97659E+16
108853,7,3,39,6,2018,10,16,2,3,5,3,0,1,1,0,0,0,0,0,4.50491E+20,5.53114E+21,8.31017E+15,4.99306E+16
108854,7,2,31,71,2018,10,17,4,3,4,6,0,0,1,0,0,0,0,0,3.66279E+20,5.52667E+21,7.13881E+15,4.98775E+16
108855,7,2,11,0,2018,10,15,6,3,1,6,0,0,1,0,1,0,0,0,3.28254E+20,5.51315E+21,6.61597E+15,4.97462E+16
108856,7,1,37,202,2018,9,18,5,3,8,1,0,0,0,0,1,0,0,0,3.91909E+20,5.57846E+21,7.48073E+15,5.03483E+16
108857,7,3,13,0,2018,10,17,2,3,0,2,0,1,1,0,0,0,0,1,4.33901E+20,5.44963E+21,8.09273E+15,4.91959E+16
108858,7,1,37,216,2018,9,16,6,2,0,7,0,0,1,0,1,0,0,0,3.9323E+20,5.58287E+21,7.49804E+15,5.03882E+16
108859,7,1,37,203,2018,9,17,6,2,5,2,0,0,1,0,0,0,0,0,3.9825E+20,5.58647E+21,7.56765E+15,5.04214E+16
108860,7,1,31,33,2018,10,14,6,3,8,1,0,0,0,0,1,0,0,0,3.46727E+20,5.59156E+21,6.84073E+15,5.0456E+16
108861,7,3,38,21,2018,10,16,7,3,4,2,0,0,1,0,1,0,0,0,4.61276E+20,5.46806E+21,8.46667E+15,4.9364E+16
108862,7,1,31,77,2018,10,7,2,2,2,6,0,0,1,0,0,0,0,0,3.7362E+20,5.60191E+21,7.21587E+15,5.05555E+16
108863,7,1,11,0,2018,9,16,6,3,5,3,0,1,1,0,0,0,0,1,3.99703E+20,5.58054E+21,7.58968E+15,5.03683E+16
108864,7,3,37,82,2018,10,6,2,3,3,1,2,0,1,0,1,0,0,0,4.3663E+20,5.45504E+21,8.12933E+15,4.92448E+16
108865,7,1,41,51,2018,9,14,1,2,4,6,0,0,1,0,0,0,0,1,4.33143E+20,5.57165E+21,8.0614E+15,5.02932E+16
108866,7,3,32,13,2018,9,9,1,3,5,3,0,0,1,0,0,0,1,0,4.45841E+20,5.48084E+21,8.25236E+15,4.94778E+16
108867,7,1,35,45,2018,9,16,4,2,5,3,0,0,1,0,0,0,0,0,3.67719E+20,5.56486E+21,7.14565E+15,5.02211E+16
108868,7,1,35,17,2018,9,15,5,2,5,2,0,1,1,0,0,0,0,0,3.73376E+20,5.55415E+21,7.22847E+15,5.0126E+16
108869,7,1,11,0,2018,9,14,6,3,2,6,0,0,1,0,0,1,0,1,3.99761E+20,5.58145E+21,7.59025E+15,5.03765E+16
108870,7,3,34,24,2018,10,17,5,3,5,3,1,0,1,0,1,0,0,0,4.47352E+20,5.44081E+21,8.27849E+15,4.91179E+16
108871,7,1,11,0,2018,10,17,5,3,6,7,0,1,0,1,0,0,0,0,3.97488E+20,5.58066E+21,7.55851E+15,5.03691E+16
108872,7,3,15,0,2018,10,12,6,3,2,6,0,0,1,0,0,0,0,0,4.47673E+20,5.53626E+21,8.27021E+15,4.99764E+16
108873,7,3,35,38,2018,10,13,7,3,5,3,0,0,1,0,0,0,0,0,3.9567E+20,5.47517E+21,7.56144E+15,4.94203E+16
108874,7,1,40,139,2018,10,17,1,3,8,1,0,0,1,0,0,0,0,0,3.90274E+20,5.53562E+21,7.4701E+15,4.99628E+16
108875,7,3,39,3,2018,9,15,7,2,0,1,0,0,0,0,1,0,0,0,4.09188E+20,5.54418E+21,7.73171E+15,5.0043E+16
108876,7,1,43,48,2018,9,15,3,3,1,2,0,0,1,0,0,0,0,0,4.14982E+20,5.586E+21,7.80323E+15,5.04199E+16
108877,7,1,11,0,2018,9,22,6,3,5,3,2,0,1,0,0,0,0,0,3.99971E+20,5.57905E+21,7.59385E+15,5.0355E+16
108878,7,3,16,0,2018,10,10,4,2,1,2,0,0,1,0,0,0,0,0,4.4017E+20,5.46421E+21,8.17658E+15,4.93277E+16
108879,7,1,31,90,2018,9,7,3,3,8,1,0,0,0,0,0,1,0,0,3.64322E+20,5.60434E+21,7.0838E+15,5.05752E+16
108880,7,1,43,263,2018,10,11,3,3,5,3,0,0,1,0,0,0,0,1,4.21658E+20,5.5935E+21,7.89562E+15,5.04883E+16
108881,7,1,34,45,2018,10,15,5,3,5,3,0,0,1,0,0,0,0,0,3.77281E+20,5.50929E+21,7.29736E+15,4.97236E+16
108882,7,1,37,208,2018,10,14,7,2,4,1,0,1,0,0,1,0,0,0,3.85455E+20,5.5643E+21,7.39434E+15,5.02198E+16
108883,7,2,33,26,2018,10,7,3,3,2,6,0,0,1,0,1,0,0,1,3.30596E+20,5.5657E+21,6.6253E+15,5.02192E+16
108884,7,3,14,0,2018,9,11,6,3,5,2,0,0,1,0,0,1,0,0,4.5728E+20,5.48545E+21,8.40977E+15,4.95202E+16
108885,7,1,11,0,2018,9,15,6,3,2,6,0,0,1,0,0,0,0,1,3.99636E+20,5.57927E+21,7.58908E+15,5.03569E+16
108886,7,3,32,13,2018,10,10,6,2,5,2,0,0,1,0,1,0,0,0,4.45842E+20,5.48084E+21,8.25237E+15,4.94778E+16
108887,7,1,41,59,2018,10,13,1,3,8,1,0,0,0,0,1,0,0,0,4.22859E+20,5.57885E+21,7.91557E+15,5.03567E+16
108888,7,3,13,0,2018,10,15,2,2,5,3,0,0,1,0,1,0,0,0,4.33375E+20,5.4526E+21,8.08501E+15,4.92225E+16
108889,7,1,11,0,2018,9,8,6,3,1,6,0,0,1,0,0,0,0,0,3.99579E+20,5.57958E+21,7.5882E+15,5.03597E+16
108890,7,3,31,32,2018,10,8,3,3,2,2,0,0,1,0,0,0,0,0,4.42561E+20,5.51398E+21,8.20224E+15,4.97756E+16
108891,7,1,11,0,2018,9,10,2,3,5,3,0,1,1,0,0,0,0,0,3.96674E+20,5.57776E+21,7.54787E+15,5.03429E+16
108892,7,1,31,7,2018,10,7,4,2,5,3,1,1,1,0,0,0,0,0,3.68832E+20,5.60118E+21,7.14857E+15,5.05479E+16
108893,7,1,43,48,2018,10,5,2,3,1,6,2,0,1,0,0,0,0,0,4.17618E+20,5.58859E+21,7.83977E+15,5.04436E+16
108894,7,3,38,19,2018,9,3,4,1,8,7,2,0,1,0,0,0,0,0,4.52008E+20,5.4775E+21,8.33789E+15,4.94483E+16
108895,7,2,31,87,2018,10,15,2,2,5,3,0,0,1,0,1,0,0,0,3.62478E+20,5.52785E+21,7.08552E+15,4.98872E+16
108896,7,3,40,28,2018,9,13,5,2,5,3,0,0,1,0,1,0,0,0,4.01682E+20,5.44798E+21,7.65101E+15,4.91767E+16
108897,7,3,33,23,2018,9,18,5,3,8,1,0,0,1,0,0,0,0,0,4.20152E+20,5.50747E+21,7.89239E+15,4.97144E+16
108898,7,2,11,0,2018,10,10,3,3,1,6,0,0,1,0,0,1,0,0,3.28479E+20,5.5135E+21,6.61894E+15,4.97495E+16
108899,7,3,15,0,2018,10,22,3,3,0,1,2,1,0,0,0,0,0,1,4.46596E+20,5.53964E+21,8.25473E+15,5.00067E+16
108900,7,3,32,24,2018,9,8,6,3,2,6,0,0,1,0,0,0,0,0,4.40133E+20,5.49323E+21,8.17169E+15,4.95887E+16
108901,7,3,33,502,2018,9,17,5,3,2,2,0,0,1,0,0,0,1,0,4.14788E+20,5.49831E+21,7.81999E+15,4.96314E+16
108902,7,3,35,3,2018,10,18,6,3,1,5,0,1,1,0,0,0,0,0,3.85414E+20,5.47074E+21,7.42135E+15,4.93786E+16
108903,7,2,33,218,2018,10,14,1,3,0,1,0,0,0,0,1,0,0,0,3.5227E+20,5.57228E+21,6.92633E+15,5.02841E+16
108904,7,3,17,0,2018,10,13,2,3,5,3,0,1,1,0,0,0,0,0,3.97583E+20,5.44944E+21,7.59441E+15,4.91892E+16
108905,7,3,33,25,2018,9,7,5,3,4,6,1,0,1,0,0,0,0,0,4.17961E+20,5.50318E+21,7.86289E+15,4.96756E+16
108906,7,3,38,5,2018,10,16,3,3,2,6,0,0,1,0,1,0,0,0,4.48339E+20,5.47103E+21,8.28812E+15,4.93898E+16
108907,7,1,43,301,2018,9,15,2,2,4,1,0,0,1,0,0,1,0,0,4.09881E+20,5.61108E+21,7.72539E+15,5.06446E+16
108908,7,2,11,0,2018,10,19,2,3,6,4,2,0,1,1,0,0,0,0,3.33544E+20,5.52012E+21,6.68636E+15,4.98104E+16
108909,7,1,43,48,2018,10,7,4,3,5,3,0,0,1,0,0,0,0,0,4.15911E+20,5.58639E+21,7.81623E+15,5.04235E+16
108910,7,1,41,135,2018,10,12,6,2,4,1,0,0,1,0,1,0,0,0,4.18623E+20,5.575E+21,7.85686E+15,5.03215E+16
108911,7,3,40,17,2018,9,12,4,2,8,1,0,0,0,0,1,0,0,0,3.93018E+20,5.46185E+21,7.52847E+15,4.93001E+16
108912,7,3,31,1,2018,10,14,2,3,9,1,0,0,0,0,1,0,0,1,4.35E+20,5.5133E+21,8.09735E+15,4.97687E+16
108913,7,1,38,40,2018,9,7,6,3,8,6,0,0,1,0,0,0,1,0,3.95448E+20,5.60254E+21,7.52373E+15,5.05655E+16
108914,7,3,35,38,2018,9,11,5,2,2,6,0,0,1,0,0,0,0,0,4.00087E+20,5.47774E+21,7.62168E+15,4.94441E+16
108915,7,1,11,0,2018,10,12,6,3,0,7,0,1,0,0,0,0,0,0,4.00902E+20,5.57865E+21,7.60703E+15,5.03515E+16