OBJECTID_1,ULAND,UREGBEZ,UKREIS,UGEMEINDE,UJAHR,UMONAT,USTUNDE,UWOCHENTAG,UKATEGORIE,UART,UTYP1,ULICHTVERH,IstRad,IstPKW,IstFuss,IstKrad,IstGkfz,IstSonstig,STRZUSTAND,LINREFX,LINREFY,XGCSWGS84,YGCSWGS84
108916,7,3,39,27,2018,10,18,7,3,1,6,1,0,1,0,1,0,0,0,4.37935E+20,5.53905E+21,8.13397E+15,5.00005E+16
108917,7,1,38,34,2018,10,0,2,3,2,6,2,0,1,0,0,0,1,0,4.01269E+20,5.59839E+21,7.607E+15,5.05291E+16
108918,7,2,32,300,2018,10,13,2,3,2,2,0,0,1,0,0,0,0,0,3.16598E+20,5.56416E+21,6.43002E+15,5.02012E+16
108919,7,1,37,68,2018,9,20,1,3,8,1,2,0,1,0,0,0,0,1,3.70955E+20,5.57615E+21,7.18714E+15,5.03233E+16
108920,7,3,39,3,2018,9,13,1,3,2,6,0,1,1,0,0,0,0,0,4.11581E+20,5.546E+21,7.7647E+15,5.00597E+16
108921,7,1,11,0,2018,9,13,4,3,5,3,0,0,1,0,0,0,0,0,3.98946E+20,5.58204E+21,7.57864E+15,5.03817E+16
108922,7,3,15,0,2018,9,9,7,3,5,3,0,1,1,0,0,0,0,0,4.4741E+20,5.53779E+21,8.26633E+15,4.99901E+16
108923,7,3,35,47,2018,9,7,5,3,2,6,0,0,1,0,0,0,0,0,4.15154E+20,5.46746E+21,7.83167E+15,4.9354E+16
108924,7,3,14,0,2018,10,10,5,3,0,1,0,1,0,0,0,0,0,0,4.54242E+20,5.48158E+21,8.36823E+15,4.94851E+16
108925,7,3,32,12,2018,10,17,4,3,0,1,0,1,0,0,0,0,0,0,4.35962E+20,5.49102E+21,8.11435E+15,4.95684E+16
108926,7,1,34,45,2018,10,15,6,3,2,6,0,0,1,0,0,0,0,0,3.78613E+20,5.50752E+21,7.31638E+15,4.9708E+16
108927,7,3,14,0,2018,10,8,7,3,5,3,0,1,1,0,0,0,0,0,4.5264E+20,5.48205E+21,8.34607E+15,4.94892E+16
108928,7,3,35,22,2018,10,1,7,3,5,3,2,0,1,0,0,0,0,0,3.95618E+20,5.4746E+21,7.56088E+15,4.94151E+16
108929,7,1,32,2,2018,10,14,4,2,9,1,0,0,1,0,0,0,0,1,4.2226E+20,5.6243E+21,7.89766E+15,5.07652E+16
108930,7,3,31,23,2018,9,15,7,2,0,2,0,0,0,0,1,0,0,0,4.42715E+20,5.50008E+21,8.20642E+15,4.96505E+16
108931,7,1,32,115,2018,9,7,3,3,1,6,0,0,1,0,0,0,0,0,3.97945E+20,5.61906E+21,7.55442E+15,5.07144E+16
108932,7,1,41,97,2018,10,16,7,3,8,1,0,0,0,0,1,0,0,0,4.14424E+20,5.55625E+21,7.80212E+15,5.01523E+16
108933,7,3,12,0,2018,9,17,5,3,2,6,0,0,1,0,0,0,0,0,4.12921E+20,5.4789E+21,7.79843E+15,4.94565E+16
108934,7,3,38,25,2018,10,15,4,2,5,2,0,1,1,0,0,0,0,0,4.54667E+20,5.46881E+21,8.37556E+15,4.93703E+16
108935,7,3,34,12,2018,9,14,2,2,2,6,0,0,1,0,0,0,0,0,4.48864E+20,5.43777E+21,8.2996E+15,4.90907E+16
108936,7,1,32,72,2018,10,22,3,2,5,2,2,0,1,0,1,0,0,1,4.26763E+20,5.63343E+21,7.95966E+15,5.08479E+16
108937,7,3,40,55,2018,10,16,4,3,9,1,0,0,1,0,0,0,0,0,3.9821E+20,5.46541E+21,7.59895E+15,4.93329E+16
108938,7,3,37,68,2018,10,18,6,2,2,2,1,0,1,0,0,0,0,0,4.38526E+20,5.44318E+21,8.15719E+15,4.91383E+16
108939,7,1,43,250,2018,10,13,3,3,8,1,0,0,1,0,0,0,0,0,4.10571E+20,5.61542E+21,7.7341E+15,5.06838E+16
108940,7,3,39,21,2018,9,7,6,3,2,6,0,0,1,0,0,0,0,0,4.22402E+20,5.52744E+21,7.9196E+15,4.98943E+16
108941,7,3,32,35,2018,9,18,5,3,5,3,0,1,1,0,0,0,0,0,4.45125E+20,5.47307E+21,8.24355E+15,4.94078E+16
108942,7,3,19,0,2018,10,11,6,3,5,3,0,1,0,0,0,0,1,0,4.53433E+20,5.49775E+21,8.35516E+15,4.96305E+16
108943,7,1,32,117,2018,10,12,1,3,5,3,0,0,1,0,0,0,0,0,4.11623E+20,5.62612E+21,7.74641E+15,5.07801E+16
108944,7,3,39,5,2018,10,12,2,2,5,3,0,1,1,0,0,0,0,0,4.2185E+20,5.53257E+21,7.91087E+15,4.99404E+16
108945,7,3,32,2,2018,9,17,5,3,3,6,0,0,1,0,1,0,0,0,4.41864E+20,5.47979E+21,8.19762E+15,4.94679E+16
108946,7,1,35,92,2018,10,8,3,3,8,1,0,0,1,0,0,0,0,0,3.69642E+20,5.54202E+21,7.18039E+15,5.00162E+16
108947,7,3,40,35,2018,9,1,1,3,8,7,2,0,1,0,0,0,0,1,3.9065E+20,5.45242E+21,7.49848E+15,4.92148E+16
108948,7,3,16,0,2018,9,16,7,3,2,6,0,0,1,0,0,0,0,0,4.40296E+20,5.46407E+21,8.17835E+15,4.93264E+16
108949,7,1,31,28,2018,10,18,2,3,9,1,0,0,0,0,1,0,0,1,3.55712E+20,5.57982E+21,6.97173E+15,5.03528E+16
108950,7,3,14,0,2018,9,8,4,3,6,2,0,0,1,1,0,0,0,0,4.54706E+20,5.4822E+21,8.37458E+15,4.94907E+16
108951,7,1,43,286,2018,10,17,2,3,1,5,0,0,1,0,0,1,0,0,4.33924E+20,5.60654E+21,8.0662E+15,5.0607E+16
108952,7,1,35,61,2018,9,17,7,2,4,1,0,0,1,0,0,0,0,1,3.78229E+20,5.54766E+21,7.2984E+15,5.00688E+16
108953,7,3,39,202,2018,9,20,5,2,9,1,2,0,1,0,0,0,0,0,4.31071E+20,5.52394E+21,8.04091E+15,4.98639E+16
108954,7,3,32,46,2018,9,10,5,3,8,1,0,0,0,0,1,0,0,0,4.35024E+20,5.47306E+21,8.10433E+15,4.94068E+16
108955,7,3,13,0,2018,10,13,5,3,2,2,0,0,1,0,0,0,0,0,4.38328E+20,5.44943E+21,8.15352E+15,4.91945E+16
108956,7,3,17,0,2018,10,7,6,3,2,6,0,0,1,0,0,0,0,0,3.98718E+20,5.45149E+21,7.60947E+15,4.92078E+16
108957,7,3,39,5,2018,10,22,1,3,3,6,2,0,1,0,0,0,0,0,4.22814E+20,5.53158E+21,7.92451E+15,4.99316E+16
108958,7,1,35,82,2018,10,12,2,2,2,6,0,0,1,0,0,0,0,0,3.78709E+20,5.55943E+21,7.30138E+15,5.01746E+16
108959,7,1,43,301,2018,9,2,1,2,9,1,2,0,1,0,0,0,0,0,4.08871E+20,5.61256E+21,7.71074E+15,5.06577E+16
108960,7,3,18,0,2018,9,8,3,3,2,6,0,0,1,0,0,0,1,0,4.55409E+20,5.46028E+21,8.38674E+15,4.92937E+16
108961,7,3,32,2,2018,9,4,5,2,0,1,2,0,0,0,1,0,0,0,4.35316E+20,5.47935E+21,8.10732E+15,4.94634E+16
108962,7,1,43,46,2018,10,14,5,3,1,5,0,0,1,0,1,0,0,0,4.13614E+20,5.5996E+21,7.78084E+15,5.0542E+16
108963,7,3,12,0,2018,10,17,3,3,5,3,0,0,1,0,1,0,0,0,4.10638E+20,5.4765E+21,7.76748E+15,4.94346E+16
108964,7,1,41,501,2018,10,11,6,3,2,6,0,0,1,0,0,0,0,0,4.03503E+20,5.56995E+21,7.64581E+15,5.02738E+16
108965,7,2,33,501,2018,10,9,7,2,2,6,0,0,1,0,1,0,0,0,3.45741E+20,5.56139E+21,6.83918E+15,5.01846E+16
108966,7,3,31,58,2018,10,20,7,3,2,2,2,0,1,0,0,0,1,0,4.401E+20,5.52507E+21,8.16634E+15,4.98751E+16
108967,7,3,12,0,2018,10,8,5,3,3,6,0,0,1,0,0,1,0,0,4.05808E+20,5.48043E+21,7.69994E+15,4.94692E+16
108968,7,3,34,32,2018,9,8,7,2,1,5,0,1,1,0,0,0,0,0,4.48121E+20,5.45652E+21,8.287E+15,4.92593E+16
108969,7,1,41,135,2018,10,13,7,3,8,1,0,0,0,0,1,0,0,0,4.1839E+20,5.57687E+21,7.85318E+15,5.03383E+16
108970,7,3,37,64,2018,10,15,1,2,9,1,0,0,0,0,1,0,0,0,4.2824E+20,5.45814E+21,8.01352E+15,4.92718E+16
108971,7,1,34,71,2018,10,17,2,2,9,1,0,0,0,0,1,0,0,0,3.66202E+20,5.50411E+21,7.14549E+15,4.96747E+16
108972,7,1,11,0,2018,9,17,1,2,9,1,0,0,1,0,0,0,0,1,3.98562E+20,5.58399E+21,7.57271E+15,5.03992E+16
108973,7,3,39,32,2018,9,14,1,3,3,6,0,0,1,0,1,0,0,0,4.43385E+20,5.53217E+21,8.21101E+15,4.99392E+16
108974,7,3,38,16,2018,9,19,3,2,3,6,0,0,1,0,0,0,0,0,4.50257E+20,5.48625E+21,8.31263E+15,4.95269E+16
108975,7,3,37,79,2018,9,4,5,3,5,3,2,0,1,0,0,0,0,0,4.14014E+20,5.44308E+21,7.82121E+15,4.91345E+16
108976,7,2,31,31,2018,10,9,5,2,4,2,0,0,1,0,0,1,0,0,3.45928E+20,5.52985E+21,6.85448E+15,4.99011E+16
108977,7,3,19,0,2018,10,11,4,3,7,1,0,1,0,0,0,0,1,0,4.53057E+20,5.49647E+21,8.35011E+15,4.9619E+16
108978,7,1,43,222,2018,10,19,6,2,5,2,2,1,1,0,0,0,0,0,4.30052E+20,5.61055E+21,8.01073E+15,5.06426E+16
108979,7,2,33,63,2018,10,18,7,3,0,1,0,1,0,0,0,0,0,0,3.4775E+20,5.55942E+21,6.86809E+15,5.01674E+16
108980,7,3,37,5,2018,10,19,7,3,4,6,2,0,1,0,0,0,1,0,4.26035E+20,5.43904E+21,7.98672E+15,4.90997E+16
108981,7,1,31,82,2018,10,14,4,3,8,1,0,0,1,0,0,0,0,1,3.47842E+20,5.58856E+21,6.85765E+15,5.04294E+16
108982,7,3,15,0,2018,9,14,7,3,2,6,0,0,1,0,0,0,0,0,4.43544E+20,5.54243E+21,8.21172E+15,5.00315E+16
108983,7,1,32,37,2018,10,13,7,3,2,6,0,0,0,0,1,0,0,0,4.16791E+20,5.63954E+21,7.81666E+15,5.09015E+16
108984,7,1,11,0,2018,10,16,2,2,2,6,0,0,1,0,0,0,1,0,3.96877E+20,5.58073E+21,7.54991E+15,5.03696E+16
108985,7,1,41,41,2018,10,9,4,3,5,3,0,0,1,0,0,0,0,1,4.06323E+20,5.57718E+21,7.68358E+15,5.03393E+16
108986,7,3,37,38,2018,9,15,5,3,8,1,0,1,0,0,0,0,0,0,4.42071E+20,5.44185E+21,8.20598E+15,4.91267E+16
108987,7,3,31,2,2018,10,11,4,3,5,3,0,0,1,0,0,0,0,0,4.53219E+20,5.51334E+21,8.35033E+15,4.97707E+16
108988,7,3,14,0,2018,9,12,2,3,2,6,0,0,1,0,0,0,0,0,4.51851E+20,5.48305E+21,8.33505E+15,4.94982E+16
108989,7,1,41,75,2018,10,11,3,3,8,1,0,0,1,0,0,0,0,1,4.03737E+20,5.57243E+21,7.64846E+15,5.02961E+16
108990,7,3,34,9,2018,10,22,4,3,8,1,2,0,0,0,1,0,0,0,4.44208E+20,5.44127E+21,8.23535E+15,4.91217E+16
108991,7,3,19,0,2018,10,14,6,2,8,1,0,0,0,0,1,0,0,0,4.53265E+20,5.50462E+21,8.35202E+15,4.96923E+16
108992,7,1,31,77,2018,10,17,3,3,8,1,0,0,0,0,0,0,1,0,3.71968E+20,5.59611E+21,7.19455E+15,5.05029E+16
108993,7,2,31,31,2018,9,6,6,3,3,6,2,0,1,0,0,1,0,1,3.45749E+20,5.5293E+21,6.85221E+15,4.98961E+16
108994,7,3,38,5,2018,9,18,5,2,0,1,0,1,0,0,0,0,0,0,4.47148E+20,5.47138E+21,8.27167E+15,4.93928E+16
108995,7,2,31,14,2018,10,12,6,2,8,1,0,0,0,0,1,0,0,0,3.65529E+20,5.5416E+21,7.12316E+15,5.00116E+16
108996,7,1,41,501,2018,10,13,1,3,0,1,0,0,0,0,1,0,0,0,4.04386E+20,5.56892E+21,7.65846E+15,5.02646E+16
108997,7,3,39,21,2018,10,9,2,3,9,1,0,0,1,0,0,0,0,0,4.24024E+20,5.53186E+21,7.94131E+15,4.99342E+16
108998,7,3,39,21,2018,9,19,5,3,5,3,0,0,1,0,1,0,0,0,4.23716E+20,5.52633E+21,7.93811E+15,4.98845E+16
108999,7,1,43,32,2018,10,8,3,3,1,1,0,0,0,0,0,1,1,0,4.04819E+20,5.58869E+21,7.65953E+15,5.04425E+16
109000,7,3,18,0,2018,9,4,1,1,4,1,2,0,1,0,0,1,0,1,4.58529E+20,5.46168E+21,8.4295E+15,4.93064E+16
109001,7,1,33,103,2018,9,8,7,2,9,1,0,0,1,0,0,0,0,0,4.1235E+20,5.5336E+21,7.77827E+15,4.99483E+16
109002,7,1,41,501,2018,10,7,2,3,2,6,1,0,1,0,0,0,0,0,4.04074E+20,5.57003E+21,7.65379E+15,5.02746E+16
109003,7,3,39,13,2018,9,15,4,2,9,6,0,0,1,0,1,0,0,0,4.47489E+20,5.51621E+21,8.27037E+15,4.9796E+16
109004,7,2,33,26,2018,9,18,5,2,9,1,0,0,1,0,0,0,0,0,3.33187E+20,5.56402E+21,6.66233E+15,5.02049E+16
109005,7,3,15,0,2018,9,8,5,3,5,3,0,1,1,0,0,0,0,0,4.44387E+20,5.54197E+21,8.22357E+15,5.00274E+16
109006,7,3,15,0,2018,10,8,5,3,5,2,0,1,1,0,0,0,0,0,4.47179E+20,5.53927E+21,8.26291E+15,5.00034E+16
109007,7,3,34,501,2018,10,9,6,3,3,6,0,0,1,0,0,1,0,0,4.47859E+20,5.43214E+21,8.28657E+15,4.90399E+16
109008,7,1,41,68,2018,10,20,1,3,5,3,2,0,1,0,1,0,0,0,4.27126E+20,5.56951E+21,7.97734E+15,5.02732E+16
109009,7,3,40,39,2018,10,13,1,2,8,1,0,0,0,0,1,0,0,1,4.1044E+20,5.43728E+21,7.77352E+15,4.90819E+16
109010,7,1,32,39,2018,9,9,1,2,5,3,0,0,1,0,0,0,0,0,4.16494E+20,5.62184E+21,7.81646E+15,5.07423E+16
109011,7,1,33,501,2018,9,18,3,3,5,3,0,0,1,0,1,0,0,0,4.01951E+20,5.51575E+21,7.63789E+15,4.97862E+16
109012,7,3,15,0,2018,9,15,5,3,2,6,0,0,1,0,0,0,0,0,4.48946E+20,5.5364E+21,8.28795E+15,4.99777E+16
109013,7,1,31,202,2018,10,7,5,3,8,1,0,0,1,0,0,0,0,0,3.77536E+20,5.5915E+21,7.27454E+15,5.04627E+16
109014,7,3,38,16,2018,10,5,3,3,9,1,2,0,1,0,0,0,0,0,4.48961E+20,5.48573E+21,8.29479E+15,4.95221E+16
109015,7,3,18,0,2018,10,21,5,3,5,3,2,1,1,0,0,0,0,0,4.59994E+20,5.46404E+21,8.44941E+15,4.93278E+16
109016,7,2,35,22,2018,10,10,7,3,5,2,0,0,1,0,1,0,0,0,3.40163E+20,5.51603E+21,6.77996E+15,4.97755E+16
109017,7,3,31,23,2018,10,12,3,3,2,6,0,0,1,0,0,0,0,0,4.42764E+20,5.50009E+21,8.20708E+15,4.96507E+16
109018,7,3,14,0,2018,10,5,3,3,2,2,2,0,1,0,0,0,0,0,4.57801E+20,5.47968E+21,8.41757E+15,4.94683E+16
109019,7,1,32,111,2018,9,15,7,3,9,1,0,0,1,0,0,0,0,0,4.18163E+20,5.62828E+21,7.83868E+15,5.08005E+16
109020,7,1,11,0,2018,10,10,7,3,3,6,0,0,1,0,0,0,0,0,3.99027E+20,5.58188E+21,7.57982E+15,5.03803E+16
109021,7,3,37,49,2018,10,17,1,3,5,3,0,0,1,0,1,0,0,0,4.27934E+20,5.44353E+21,8.01193E+15,4.91404E+16
109022,7,1,38,41,2018,10,13,3,3,0,1,0,1,1,0,0,0,0,0,3.78308E+20,5.60325E+21,7.28158E+15,5.05685E+16
109023,7,3,15,0,2018,9,7,5,3,2,6,0,0,1,0,0,0,0,0,4.4589E+20,5.53502E+21,8.24552E+15,4.99651E+16
109024,7,1,32,63,2018,10,8,4,3,5,3,0,0,1,0,0,0,0,0,4.19267E+20,5.63154E+21,7.85363E+15,5.08299E+16
109025,7,2,35,143,2018,9,17,2,3,2,6,0,0,1,0,1,0,0,0,3.21428E+20,5.50951E+21,6.52297E+15,4.97116E+16
109026,7,1,33,76,2018,10,21,2,3,7,7,2,0,1,0,0,0,0,0,4.06131E+20,5.51096E+21,7.6971E+15,4.97438E+16
109027,7,3,15,0,2018,10,10,4,3,2,6,0,0,1,0,0,0,0,0,4.47498E+20,5.53973E+21,8.2673E+15,5.00075E+16
109028,7,2,35,104,2018,10,17,6,3,4,6,0,0,1,0,0,0,0,0,3.11929E+20,5.4923E+21,6.39959E+15,4.95541E+16
109029,7,3,12,0,2018,10,16,2,3,2,1,0,0,1,0,0,0,0,0,4.04058E+20,5.47631E+21,7.67679E+15,4.94319E+16
109030,7,1,31,1,2018,9,21,6,3,8,1,2,0,1,0,0,0,0,1,3.5525E+20,5.58027E+21,6.96507E+15,5.03567E+16
109031,7,2,32,238,2018,9,0,5,2,8,1,2,0,1,0,0,1,0,0,3.16199E+20,5.55575E+21,6.42849E+15,5.01255E+16
109032,7,1,41,68,2018,10,9,6,3,2,2,0,0,1,0,0,0,0,0,4.27709E+20,5.56923E+21,7.98557E+15,5.02707E+16
109033,7,3,34,6,2018,10,10,7,2,9,7,0,0,1,0,0,0,0,0,4.46645E+20,5.45804E+21,8.26652E+15,4.92728E+16
109034,7,1,35,83,2018,10,14,2,3,5,3,0,0,1,0,0,0,0,0,3.54887E+20,5.56317E+21,6.96653E+15,5.02029E+16
109035,7,3,35,35,2018,10,19,3,3,1,6,2,0,1,0,0,0,0,0,4.10206E+20,5.48281E+21,7.76009E+15,4.94913E+16
109036,7,1,40,501,2018,10,17,4,3,8,6,0,0,1,0,0,0,1,1,3.98472E+20,5.56459E+21,7.57667E+15,5.02248E+16
109037,7,1,43,27,2018,9,20,7,3,4,2,2,0,1,0,0,0,0,0,4.18432E+20,5.5895E+21,7.85103E+15,5.04518E+16
109038,7,1,31,1,2018,10,16,7,2,8,1,0,0,1,0,0,0,0,0,3.54954E+20,5.5813E+21,6.96051E+15,5.03658E+16
109039,7,3,14,0,2018,10,0,1,2,2,6,2,0,1,0,0,0,0,0,4.53462E+20,5.48213E+21,8.35741E+15,4.949E+16
109040,7,2,32,76,2018,9,18,5,2,9,1,0,0,0,0,1,0,0,0,3.26067E+20,5.54694E+21,6.57043E+15,5.00493E+16
109041,7,2,35,74,2018,10,15,4,2,5,3,0,0,1,0,1,0,0,0,3.47673E+20,5.52139E+21,6.88209E+15,4.98256E+16
109042,7,3,15,0,2018,9,10,2,3,3,6,0,0,1,0,0,1,0,0,4.4637E+20,5.5352E+21,8.25219E+15,4.99667E+16
109043,7,3,40,51,2018,10,5,2,3,5,3,2,0,1,0,0,0,0,0,3.9791E+20,5.45825E+21,7.59665E+15,4.92685E+16
109044,7,3,33,45,2018,10,21,4,3,2,6,2,0,1,0,0,0,1,0,4.30081E+20,5.49931E+21,8.03155E+15,4.96423E+16
109045,7,3,15,0,2018,10,7,6,3,0,3,0,0,1,0,0,0,1,0,4.47802E+20,5.53958E+21,8.27156E+15,5.00062E+16
109046,7,1,11,0,2018,10,18,3,3,5,3,1,0,1,0,0,0,0,0,3.99834E+20,5.57913E+21,7.5919E+15,5.03557E+16
109047,7,1,43,51,2018,9,14,6,3,0,7,0,0,1,0,0,0,0,0,4.24894E+20,5.58518E+21,7.9429E+15,5.04138E+16
109048,7,1,34,62,2018,9,8,5,3,8,1,0,0,0,0,1,0,0,0,3.74498E+20,5.50702E+21,7.25949E+15,4.97026E+16
109049,7,2,31,502,2018,10,12,6,2,4,1,0,0,1,0,0,0,0,0,3.60345E+20,5.51611E+21,7.06006E+15,4.97812E+16
109050,7,3,12,0,2018,10,18,7,2,1,3,1,0,1,0,1,0,0,0,4.104E+20,5.47642E+21,7.76421E+15,4.94339E+16
109051,7,1,34,54,2018,10,18,2,3,2,6,0,0,0,0,1,0,0,0,3.77013E+20,5.49382E+21,7.2985E+15,4.95844E+16
109052,7,2,11,0,2018,9,17,5,2,2,1,0,0,1,0,0,0,0,0,3.28322E+20,5.5124E+21,6.61725E+15,4.97395E+16
109053,7,1,35,31,2018,10,13,3,2,8,1,0,0,0,0,1,0,0,0,3.76159E+20,5.56427E+21,7.2641E+15,5.02176E+16
109054,7,3,31,23,2018,9,6,1,3,9,1,2,0,1,0,0,0,0,1,4.44504E+20,5.50025E+21,8.23117E+15,4.96523E+16
109055,7,3,36,19,2018,9,13,1,3,4,6,0,0,1,0,0,0,1,0,4.01503E+20,5.49614E+21,7.63661E+15,4.96098E+16
109056,7,2,31,69,2018,9,10,4,2,0,7,0,0,0,0,0,1,0,0,3.4755E+20,5.53052E+21,6.87679E+15,4.99076E+16
109057,7,1,43,286,2018,9,16,5,3,5,3,0,0,1,0,0,0,0,0,4.33758E+20,5.60599E+21,8.06395E+15,5.0602E+16
109058,7,2,11,0,2018,9,17,5,3,4,1,0,0,1,0,1,0,0,0,3.28843E+20,5.51312E+21,6.62415E+15,4.97462E+16
109059,7,1,31,66,2018,10,11,6,3,1,6,0,0,1,0,0,0,1,0,3.5337E+20,5.58023E+21,6.93868E+15,5.03559E+16
109060,7,2,35,146,2018,10,15,5,3,0,7,0,1,0,0,0,0,0,0,3.15496E+20,5.50553E+21,6.44265E+15,4.9674E+16
109061,7,3,14,0,2018,10,22,6,2,4,2,2,0,1,0,1,0,0,0,4.57965E+20,5.4796E+21,8.41985E+15,4.94676E+16
109062,7,1,32,99,2018,10,13,1,2,4,2,0,0,1,0,1,0,0,0,4.01225E+20,5.61391E+21,7.60225E+15,5.06687E+16
109063,7,3,37,18,2018,10,3,1,3,0,1,2,0,1,0,0,0,0,0,4.30708E+20,5.4372E+21,8.05105E+15,4.90838E+16
109064,7,1,31,90,2018,9,0,1,3,2,6,2,0,1,0,0,0,0,0,3.65969E+20,5.60431E+21,7.10706E+15,5.05753E+16
109065,7,1,35,71,2018,9,23,3,3,7,7,2,0,0,0,1,0,0,0,3.80265E+20,5.54198E+21,7.32861E+15,5.00181E+16
109066,7,1,41,91,2018,9,18,5,3,9,1,0,0,0,0,1,0,0,0,4.14264E+20,5.57485E+21,7.79567E+15,5.03196E+16
109067,7,1,38,12,2018,10,3,5,3,3,7,2,0,1,0,0,1,0,0,4.00568E+20,5.59913E+21,7.5969E+15,5.05356E+16
109068,7,2,33,49,2018,10,14,3,3,8,6,0,0,1,0,0,0,0,1,3.45664E+20,5.56834E+21,6.83528E+15,5.02471E+16
109069,7,1,34,6,2018,10,13,5,2,6,4,0,0,1,1,0,0,0,0,3.86213E+20,5.51551E+21,7.41941E+15,4.97813E+16
109070,7,1,43,66,2018,10,14,7,2,8,1,0,0,0,0,1,0,0,0,4.13699E+20,5.60667E+21,7.7804E+15,5.06055E+16
109071,7,1,34,57,2018,10,7,3,3,2,2,0,0,1,0,0,0,0,0,3.74353E+20,5.50639E+21,7.25769E+15,4.96969E+16
109072,7,3,15,0,2018,10,22,3,3,5,2,2,0,1,0,0,0,0,0,4.44614E+20,5.53802E+21,8.22731E+15,4.9992E+16
109073,7,3,35,49,2018,9,20,6,2,6,4,2,0,1,1,0,0,0,0,4.01188E+20,5.48158E+21,7.63591E+15,4.94788E+16
109074,7,3,20,0,2018,10,15,6,3,2,6,0,0,1,0,0,0,0,0,3.83387E+20,5.45495E+21,7.39805E+15,4.92362E+16
109075,7,3,39,5,2018,10,14,1,3,2,6,0,0,1,0,0,0,0,0,4.21832E+20,5.53269E+21,7.9106E+15,4.99414E+16
109076,7,1,11,0,2018,10,9,3,3,2,6,0,0,1,0,0,0,0,0,3.99819E+20,5.57345E+21,7.59319E+15,5.03046E+16
109077,7,1,43,7,2018,9,13,5,3,5,3,0,0,1,0,0,0,1,0,4.01656E+20,5.59197E+21,7.61414E+15,5.04714E+16
109078,7,1,11,0,2018,10,13,4,3,2,6,0,0,1,0,0,0,0,0,3.98306E+20,5.58074E+21,7.57E+15,5.03699E+16
109079,7,2,35,38,2018,9,14,2,2,9,1,0,0,0,0,1,0,0,0,3.36527E+20,5.50943E+21,6.73227E+15,4.97151E+16
109080,7,3,15,0,2018,10,11,2,3,1,6,0,0,1,0,0,0,0,0,4.49536E+20,5.5375E+21,8.29604E+15,4.99877E+16
109081,7,1,43,242,2018,10,11,4,3,5,2,0,0,1,0,0,0,0,0,4.27965E+20,5.60805E+21,7.9817E+15,5.06199E+16
109082,7,1,43,300,2018,10,17,6,3,4,6,0,0,1,0,1,0,0,0,4.20696E+20,5.61326E+21,7.87785E+15,5.06658E+16
109083,7,1,11,0,2018,9,13,5,3,1,2,0,0,1,0,0,0,0,0,3.99172E+20,5.5785E+21,7.58276E+15,5.03499E+16
109084,7,1,34,45,2018,9,14,7,2,2,6,0,0,1,0,1,0,0,0,3.78556E+20,5.50766E+21,7.31554E+15,4.97092E+16
109085,7,3,38,17,2018,10,14,2,3,5,3,0,1,1,0,0,0,0,0,4.54709E+20,5.4744E+21,8.37551E+15,4.94206E+16
109086,7,3,32,24,2018,9,21,7,3,2,6,2,0,1,0,0,1,0,1,4.33371E+20,5.48645E+21,8.07929E+15,4.9527E+16
109087,7,1,37,224,2018,9,16,6,3,4,6,0,0,1,0,0,0,0,1,4.02599E+20,5.58181E+21,7.63007E+15,5.03803E+16
109088,7,1,38,44,2018,9,22,5,3,5,3,2,0,1,0,0,1,0,0,3.90571E+20,5.60566E+21,7.45397E+15,5.05926E+16
109089,7,1,37,231,2018,10,9,6,3,9,7,0,0,1,0,0,0,0,1,3.89739E+20,5.57754E+21,7.4505E+15,5.03396E+16
109090,7,3,39,43,2018,10,14,7,3,5,3,0,0,1,0,0,0,0,0,4.53562E+20,5.52366E+21,8.35386E+15,4.98636E+16
109091,7,1,11,0,2018,10,8,2,3,2,6,0,0,1,0,0,0,0,0,3.99569E+20,5.57962E+21,7.58805E+15,5.03601E+16
109092,7,3,31,17,2018,10,2,2,3,8,1,2,0,1,0,0,0,0,0,4.27478E+20,5.51447E+21,7.99269E+15,4.97783E+16
109093,7,1,32,54,2018,9,11,1,2,4,6,0,0,1,0,0,0,0,1,4.16438E+20,5.62833E+21,7.81419E+15,5.08006E+16
109094,7,3,13,0,2018,9,15,1,3,2,6,0,0,1,0,0,0,0,0,4.37615E+20,5.45187E+21,8.14335E+15,4.92165E+16
109095,7,1,31,7,2018,9,13,4,3,1,6,0,0,1,0,0,0,0,0,3.67048E+20,5.60151E+21,7.12329E+15,5.05504E+16
109096,7,1,31,7,2018,9,17,5,3,2,2,0,0,1,0,0,0,0,0,3.66864E+20,5.60158E+21,7.12067E+15,5.0551E+16
109097,7,1,38,3,2018,9,14,5,3,1,7,0,1,1,0,0,0,0,0,3.88535E+20,5.6137E+21,7.4228E+15,5.06645E+16
109098,7,3,13,0,2018,10,17,5,3,2,2,0,0,1,0,0,0,0,0,4.36731E+20,5.45046E+21,8.13144E+15,4.92037E+16
109099,7,3,17,0,2018,10,11,4,3,8,1,0,0,1,0,0,0,0,1,3.97508E+20,5.44793E+21,7.59376E+15,4.91756E+16
109100,7,2,32,7,2018,10,17,6,3,2,6,0,0,1,0,0,0,1,0,3.29767E+20,5.54347E+21,6.6236E+15,5.00192E+16
109101,7,3,16,0,2018,10,10,7,1,5,3,0,0,0,0,1,0,1,0,4.38435E+20,5.46641E+21,8.15238E+15,4.93473E+16