OBJECTID_1,ULAND,UREGBEZ,UKREIS,UGEMEINDE,UJAHR,UMONAT,USTUNDE,UWOCHENTAG,UKATEGORIE,UART,UTYP1,ULICHTVERH,IstRad,IstPKW,IstFuss,IstKrad,IstGkfz,IstSonstig,STRZUSTAND,LINREFX,LINREFY,XGCSWGS84,YGCSWGS84
109287,7,1,37,212,2018,10,11,6,3,4,6,0,0,1,0,0,1,0,0,3.92955E+20,5.57821E+21,7.49549E+15,5.03463E+16
109288,7,2,11,0,2018,10,11,5,3,5,3,0,0,1,0,0,1,0,0,3.28528E+20,5.51264E+21,6.61999E+15,4.97418E+16
109289,7,3,33,10,2018,10,18,6,2,4,1,1,0,1,0,0,0,0,0,4.274E+20,5.49984E+21,7.99432E+15,4.96467E+16
109290,7,1,31,17,2018,10,15,1,3,0,1,0,0,0,0,1,0,0,0,3.60965E+20,5.59922E+21,7.03833E+15,5.05284E+16
109291,7,3,14,0,2018,10,0,1,3,0,7,2,0,1,0,1,0,0,0,4.60154E+20,5.4765E+21,8.45037E+15,4.94399E+16
109292,7,3,32,24,2018,9,11,7,3,8,7,0,0,1,0,0,0,0,0,4.40488E+20,5.48952E+21,8.17716E+15,4.95553E+16
109293,7,2,31,77,2018,9,14,3,3,8,1,0,0,0,0,1,0,0,0,3.63804E+20,5.52916E+21,7.1035E+15,4.98993E+16
109294,7,3,33,39,2018,9,15,4,3,8,1,0,0,0,0,1,0,0,0,4.24121E+20,5.50102E+21,7.94869E+15,4.96569E+16
109295,7,3,35,38,2018,10,20,4,3,5,2,1,0,1,0,0,0,0,0,3.95513E+20,5.4755E+21,7.55919E+15,4.94232E+16
109296,7,1,31,77,2018,9,17,3,3,2,6,0,0,1,0,0,0,0,0,3.75702E+20,5.60189E+21,7.24525E+15,5.05557E+16
109297,7,2,32,230,2018,10,18,3,3,8,1,0,0,1,0,0,0,0,1,3.03552E+20,5.56443E+21,6.24729E+15,5.01994E+16
109298,7,3,33,38,2018,10,17,5,3,5,3,0,0,1,0,0,0,0,0,4.31448E+20,5.49109E+21,8.05191E+15,4.95685E+16
109299,7,1,38,44,2018,10,13,7,3,8,1,0,0,0,0,1,0,0,1,3.86876E+20,5.60835E+21,7.40097E+15,5.0616E+16
109300,7,2,35,132,2018,10,7,3,3,4,2,1,0,1,0,1,0,0,0,3.21237E+20,5.5051E+21,6.52234E+15,4.96719E+16
109301,7,3,15,0,2018,10,19,3,3,0,6,2,0,1,0,0,0,1,0,4.46596E+20,5.53964E+21,8.25473E+15,5.00067E+16
109302,7,3,38,16,2018,9,14,6,3,2,6,0,0,1,0,0,0,0,0,4.50128E+20,5.48427E+21,8.3111E+15,4.9509E+16
109303,7,3,35,12,2018,10,5,6,3,2,6,2,0,1,0,0,0,0,0,3.92512E+20,5.47341E+21,7.51839E+15,4.94039E+16
109304,7,3,31,58,2018,10,10,1,3,8,1,0,0,1,0,0,0,0,0,4.40281E+20,5.52515E+21,8.16885E+15,4.98757E+16
109305,7,3,20,0,2018,10,14,2,3,2,6,0,0,1,0,0,0,0,0,3.82611E+20,5.46115E+21,7.38559E+15,4.92919E+16
109306,7,3,19,0,2018,9,13,4,2,4,2,0,0,1,0,1,0,0,0,4.54859E+20,5.49773E+21,8.3749E+15,4.96304E+16
109307,7,3,18,0,2018,10,16,3,3,8,7,0,1,0,0,0,0,0,0,4.58155E+20,5.462E+21,8.42432E+15,4.93093E+16
109308,7,1,43,254,2018,9,9,2,3,5,3,0,0,1,0,0,0,1,0,4.23425E+20,5.604E+21,7.91837E+15,5.05829E+16
109309,7,2,35,28,2018,10,18,2,3,4,6,0,0,1,0,0,0,0,0,3.23732E+20,5.49153E+21,6.56298E+15,4.95507E+16
109310,7,1,41,29,2018,10,18,4,3,0,7,1,0,0,0,1,0,0,0,4.28982E+20,5.58127E+21,8.00118E+15,5.03792E+16
109311,7,1,41,50,2018,10,21,6,3,8,1,2,1,0,0,0,0,0,0,4.23535E+20,5.57573E+21,7.9257E+15,5.03287E+16
109312,7,3,39,30,2018,9,17,4,3,1,6,0,0,1,0,0,0,0,0,4.32169E+20,5.5367E+21,8.05394E+15,4.99788E+16
109313,7,1,40,144,2018,10,6,5,3,8,1,2,0,1,0,0,0,0,0,3.95302E+20,5.54004E+21,7.53897E+15,5.00035E+16
109314,7,3,15,0,2018,10,14,3,3,3,6,0,0,1,0,1,0,0,1,4.47047E+20,5.53915E+21,8.26109E+15,5.00023E+16
109315,7,3,38,25,2018,10,17,5,3,5,3,0,0,1,0,1,0,0,0,4.54194E+20,5.47233E+21,8.36865E+15,4.94019E+16
109316,7,1,43,291,2018,10,7,7,3,9,2,0,0,1,0,0,0,1,0,4.32741E+20,5.61273E+21,8.04836E+15,5.06625E+16
109317,7,3,15,0,2018,10,11,3,3,1,6,0,0,1,0,0,0,0,0,4.43803E+20,5.53974E+21,8.21574E+15,5.00073E+16
109318,7,3,39,22,2018,10,6,3,2,5,3,2,0,1,0,0,0,1,0,4.2214E+20,5.52953E+21,7.91553E+15,4.99131E+16
109319,7,1,11,0,2018,9,22,7,3,8,1,2,0,1,0,0,0,0,0,3.9496E+20,5.57772E+21,7.5238E+15,5.03422E+16
109320,7,3,40,501,2018,10,20,6,3,8,7,2,0,1,0,0,0,0,0,4.12668E+20,5.4424E+21,7.80291E+15,4.91283E+16
109321,7,3,37,47,2018,10,16,1,3,1,6,0,0,1,0,0,0,0,0,4.41968E+20,5.4611E+21,8.20178E+15,4.92999E+16
109322,7,1,32,501,2018,10,9,3,3,5,3,0,0,1,0,0,0,0,0,4.03715E+20,5.61746E+21,7.63655E+15,5.0701E+16
109323,7,3,39,57,2018,9,20,4,3,2,7,1,0,1,0,1,0,0,0,4.39662E+20,5.52883E+21,8.15966E+15,4.99088E+16
109324,7,1,38,45,2018,10,9,4,3,5,2,0,0,1,0,0,0,0,0,3.93954E+20,5.59133E+21,7.50582E+15,5.04643E+16
109325,7,2,35,78,2018,9,18,2,3,0,7,0,1,1,0,0,0,0,0,3.38886E+20,5.51992E+21,6.76062E+15,4.98101E+16
109326,7,3,31,34,2018,10,15,2,2,2,2,0,1,1,0,0,0,0,0,4.54273E+20,5.51396E+21,8.36489E+15,4.97764E+16
109327,7,2,33,501,2018,10,21,4,3,9,1,2,0,1,0,0,0,0,0,3.41855E+20,5.56475E+21,6.78339E+15,5.02138E+16
109328,7,2,11,0,2018,10,15,6,3,5,4,0,0,1,1,0,0,0,0,3.31288E+20,5.51498E+21,6.65725E+15,4.97635E+16
109329,7,1,37,69,2018,9,7,5,3,2,2,0,0,1,0,0,0,0,0,3.7882E+20,5.58307E+21,7.29535E+15,5.03872E+16
109330,7,1,32,501,2018,9,14,7,3,8,1,0,0,0,0,1,0,0,1,4.04998E+20,5.61673E+21,7.6549E+15,5.06947E+16
109331,7,3,37,20,2018,10,11,2,3,2,6,0,0,1,0,0,0,1,0,4.38328E+20,5.45973E+21,8.15193E+15,4.92872E+16
109332,7,1,40,67,2018,9,15,6,3,1,6,0,0,1,0,0,0,0,0,3.86124E+20,5.53273E+21,7.41312E+15,4.99361E+16
109333,7,3,15,0,2018,9,8,4,3,3,6,0,0,1,0,0,1,0,0,4.44659E+20,5.54181E+21,8.22738E+15,5.00261E+16
109334,7,1,31,77,2018,10,13,6,3,0,1,0,1,0,0,0,0,0,0,3.75604E+20,5.60185E+21,7.24389E+15,5.05554E+16
109335,7,3,18,0,2018,10,17,7,3,4,6,0,1,0,0,0,0,0,0,4.58364E+20,5.46413E+21,8.42697E+15,4.93284E+16
109336,7,1,31,6,2018,10,17,2,3,5,2,0,1,1,0,0,0,0,0,3.79168E+20,5.59694E+21,7.29577E+15,5.05119E+16
109337,7,3,39,21,2018,9,15,4,3,2,6,0,0,1,0,0,0,0,0,4.24198E+20,5.52753E+21,7.94458E+15,4.98954E+16
109338,7,3,13,0,2018,10,19,2,3,5,3,2,0,1,0,0,0,0,0,4.35233E+20,5.44915E+21,8.11109E+15,4.91917E+16
109339,7,2,35,2,2018,9,11,1,3,0,1,0,0,1,0,0,0,0,1,3.24748E+20,5.50216E+21,6.57227E+15,4.96465E+16
109340,7,3,32,49,2018,9,11,1,3,0,1,0,0,0,0,1,0,0,0,4.39089E+20,5.48491E+21,8.15854E+15,4.95138E+16
109341,7,1,35,93,2018,9,17,4,3,2,2,0,0,1,0,0,0,0,0,3.71451E+20,5.56626E+21,7.19747E+15,5.02345E+16
109342,7,1,32,25,2018,9,22,5,3,8,1,2,0,0,0,1,0,0,0,4.21095E+20,5.61966E+21,7.88213E+15,5.07234E+16
109343,7,3,31,20,2018,9,13,4,3,8,7,0,0,1,0,0,0,0,0,4.39565E+20,5.50578E+21,8.16189E+15,4.97015E+16
109344,7,3,32,24,2018,10,19,5,3,2,6,2,0,1,0,0,0,0,0,4.40737E+20,5.48921E+21,8.18065E+15,4.95526E+16
109345,7,1,37,203,2018,10,16,5,3,0,7,0,1,0,0,0,0,0,0,3.98572E+20,5.58811E+21,7.57174E+15,5.04362E+16
109346,7,3,15,0,2018,10,16,6,3,2,7,0,0,1,0,1,0,0,0,4.43847E+20,5.54004E+21,8.21631E+15,5.001E+16
109347,7,3,40,28,2018,10,14,7,3,1,7,0,0,1,0,0,0,0,0,4.02009E+20,5.4474E+21,7.65563E+15,4.91716E+16
109348,7,1,35,45,2018,10,11,1,3,5,2,0,0,1,0,1,0,0,1,3.67624E+20,5.56508E+21,7.14424E+15,5.0223E+16
109349,7,3,39,40,2018,9,20,7,3,1,7,2,0,1,0,1,0,0,0,4.14992E+20,5.54266E+21,7.81309E+15,5.00301E+16
109350,7,1,41,61,2018,9,13,3,2,8,1,0,0,0,0,1,0,0,0,4.31873E+20,5.57834E+21,8.04235E+15,5.03532E+16
109351,7,2,33,209,2018,9,7,4,3,8,1,0,0,1,0,0,0,0,0,3.28829E+20,5.55695E+21,6.60449E+15,5.01401E+16
109352,7,3,32,2,2018,10,6,4,3,0,7,2,0,1,0,0,0,0,0,4.43548E+20,5.47951E+21,8.22089E+15,4.94656E+16
109353,7,1,35,38,2018,9,17,3,3,0,6,0,0,1,0,0,0,0,0,3.69942E+20,5.56553E+21,7.17657E+15,5.02276E+16
109354,7,1,43,200,2018,10,21,3,3,5,2,2,0,1,0,0,0,0,1,4.24995E+20,5.60571E+21,7.9402E+15,5.05985E+16
109355,7,1,34,75,2018,10,18,5,3,5,3,0,0,1,0,1,0,0,0,3.77482E+20,5.4976E+21,7.30379E+15,4.96185E+16
109356,7,1,40,21,2018,10,12,7,3,8,3,0,0,1,0,0,1,0,0,3.85245E+20,5.54834E+21,7.3962E+15,5.00763E+16
109357,7,1,35,1,2018,10,11,3,3,5,3,0,0,1,0,0,0,0,0,3.64425E+20,5.54679E+21,7.10593E+15,5.0058E+16
109358,7,3,14,0,2018,9,14,6,3,1,6,0,0,1,0,1,0,0,0,4.53798E+20,5.47946E+21,8.36236E+15,4.94661E+16
109359,7,2,33,229,2018,9,0,4,2,8,1,2,0,0,0,1,0,0,0,3.42234E+20,5.57714E+21,6.78354E+15,5.03252E+16
109360,7,3,32,46,2018,10,18,6,3,5,2,0,0,1,0,1,0,0,0,4.42083E+20,5.47721E+21,8.20101E+15,4.94448E+16
109361,7,1,41,122,2018,10,11,1,2,8,1,0,0,0,0,1,0,0,0,4.16796E+20,5.54905E+21,7.83688E+15,5.00879E+16
109362,7,3,37,45,2018,10,17,2,3,2,2,0,0,1,0,0,0,0,0,4.28134E+20,5.43914E+21,8.01545E+15,4.91009E+16
109363,7,2,32,246,2018,9,13,4,2,4,2,0,0,1,0,1,0,0,0,3.01839E+20,5.54875E+21,6.23146E+15,5.0058E+16
109364,7,1,33,107,2018,10,11,3,3,9,1,0,0,1,0,0,0,0,0,4.05117E+20,5.51803E+21,7.68131E+15,4.98072E+16
109365,7,1,41,75,2018,9,14,2,3,2,6,0,0,1,0,0,0,0,0,4.03157E+20,5.57422E+21,7.63986E+15,5.03121E+16
109366,7,1,32,117,2018,10,17,4,3,5,3,0,0,1,0,0,0,0,0,3.56874E+20,5.57949E+21,6.98819E+15,5.03501E+16
109367,7,1,43,27,2018,10,6,2,3,1,6,2,0,1,0,0,0,0,0,4.17867E+20,5.58907E+21,7.84317E+15,5.04479E+16
109368,7,3,11,0,2018,9,18,4,3,2,6,0,0,1,0,0,0,0,0,4.53344E+20,5.48345E+21,8.35562E+15,4.95019E+16
109369,7,1,35,62,2018,9,14,7,2,9,1,0,0,0,0,1,0,0,0,3.78848E+20,5.56465E+21,7.30166E+15,5.02216E+16
109370,7,2,32,39,2018,10,12,2,3,8,1,0,0,1,0,0,0,0,1,3.23765E+20,5.54306E+21,6.54009E+15,5.00137E+16
109371,7,3,20,0,2018,9,6,5,2,6,4,1,0,1,1,0,0,0,0,3.82915E+20,5.45698E+21,7.39098E+15,4.92544E+16
109372,7,1,34,43,2018,9,10,4,2,8,1,0,0,0,0,1,0,0,0,3.74085E+20,5.52773E+21,7.24706E+15,4.98887E+16
109373,7,3,35,3,2018,10,17,5,3,9,1,0,0,1,0,0,0,0,0,3.86606E+20,5.47362E+21,7.43695E+15,4.94047E+16
109374,7,1,41,52,2018,10,18,7,2,8,1,1,0,1,0,0,0,0,0,4.26319E+20,5.58358E+21,7.96328E+15,5.03996E+16
109375,7,3,34,18,2018,10,19,1,3,5,3,2,0,1,0,0,0,0,0,4.47461E+20,5.45491E+21,8.27815E+15,4.92447E+16
109376,7,1,34,45,2018,10,12,2,3,3,1,0,0,1,0,0,1,0,0,3.79543E+20,5.50713E+21,7.32939E+15,4.97046E+16
109377,7,1,41,75,2018,9,5,1,3,9,1,2,0,1,0,0,0,0,1,4.00731E+20,5.57597E+21,7.60534E+15,5.03275E+16
109378,7,3,15,0,2018,9,16,1,3,0,1,0,0,1,0,1,0,0,1,4.46507E+20,5.52956E+21,8.25489E+15,4.99161E+16
109379,7,3,12,0,2018,9,21,3,3,0,7,2,1,0,0,0,0,0,0,4.0718E+20,5.4769E+21,7.7197E+15,4.94376E+16
109380,7,2,11,0,2018,9,16,4,3,1,6,0,0,0,0,1,0,1,0,3.3374E+20,5.519E+21,6.68956E+15,4.98004E+16
109381,7,3,15,0,2018,10,21,5,2,6,4,2,0,1,1,0,0,0,0,4.47409E+20,5.52993E+21,8.2674E+15,4.99194E+16
109382,7,3,35,37,2018,9,15,4,3,5,3,0,0,1,0,0,0,0,0,3.98761E+20,5.46865E+21,7.60571E+15,4.93622E+16
109383,7,1,37,36,2018,9,21,7,3,8,1,2,0,1,0,0,0,0,1,3.66044E+20,5.57685E+21,7.11794E+15,5.03285E+16
109384,7,3,39,5,2018,10,16,2,2,5,3,0,0,1,0,1,0,0,0,4.22505E+20,5.533E+21,7.91992E+15,4.99443E+16
109385,7,1,35,93,2018,9,13,6,3,2,6,0,0,1,0,0,1,0,0,3.71263E+20,5.56599E+21,7.19492E+15,5.02321E+16
109386,7,2,11,0,2018,9,11,4,3,6,4,0,0,1,1,0,0,0,0,3.29581E+20,5.51354E+21,6.63419E+15,4.97502E+16
109387,7,1,11,0,2018,10,16,6,3,2,2,0,0,1,0,0,0,1,0,3.99403E+20,5.58066E+21,7.58544E+15,5.03694E+16
109388,7,3,15,0,2018,10,15,7,3,2,6,0,0,1,0,0,0,0,0,4.45983E+20,5.53819E+21,8.24637E+15,4.99936E+16
109389,7,1,32,65,2018,10,5,2,3,9,1,2,0,1,0,0,0,0,0,3.94216E+20,5.60343E+21,7.50608E+15,5.05732E+16
109390,7,2,35,114,2018,10,19,2,2,3,6,1,0,1,0,0,0,0,0,3.48923E+20,5.50563E+21,6.90558E+15,4.96842E+16
109391,7,1,31,7,2018,9,8,1,3,9,1,0,0,1,0,0,0,0,1,3.65898E+20,5.59427E+21,7.10967E+15,5.0485E+16
109392,7,3,38,3,2018,9,16,1,3,0,1,0,0,0,0,1,0,0,1,4.47474E+20,5.48114E+21,8.27485E+15,4.94807E+16
109393,7,1,37,212,2018,9,15,4,3,9,1,0,0,0,0,1,0,0,0,3.90501E+20,5.57282E+21,7.46258E+15,5.02974E+16
109394,7,1,31,7,2018,9,8,5,3,1,6,0,0,1,0,0,0,0,0,3.69091E+20,5.60115E+21,7.15224E+15,5.05477E+16
109395,7,2,35,107,2018,9,11,4,3,0,7,0,1,0,0,0,0,0,0,3.36054E+20,5.50547E+21,6.72738E+15,4.96795E+16
109396,7,3,38,18,2018,10,9,5,3,5,3,0,0,1,0,0,0,1,0,4.47281E+20,5.48156E+21,8.27213E+15,4.94844E+16
109397,7,3,32,25,2018,10,20,4,2,8,1,2,0,1,0,0,0,0,0,4.47999E+20,5.46485E+21,8.28424E+15,4.93342E+16
109398,7,2,31,502,2018,10,17,6,3,1,6,0,0,1,0,0,0,0,0,3.68132E+20,5.52411E+21,7.16546E+15,4.98549E+16
109399,7,3,34,1,2018,10,6,7,3,7,7,2,0,0,0,1,0,0,0,4.47929E+20,5.44889E+21,8.28535E+15,4.91906E+16
109400,7,3,33,14,2018,10,15,7,2,8,1,0,0,0,0,1,0,0,0,4.16535E+20,5.50233E+21,7.84331E+15,4.96678E+16
109401,7,1,32,54,2018,10,8,4,3,8,1,0,0,1,0,0,0,0,1,4.16299E+20,5.62809E+21,7.81228E+15,5.07985E+16
109402,7,3,19,0,2018,9,17,7,3,0,1,0,0,0,0,1,0,1,1,4.51478E+20,5.50103E+21,8.32768E+15,4.96599E+16
109403,7,1,32,6,2018,9,10,3,3,0,1,0,0,0,0,1,0,0,0,4.20556E+20,5.62708E+21,7.87289E+15,5.079E+16
109404,7,1,43,239,2018,10,10,7,3,8,6,0,0,1,0,1,0,0,0,4.22947E+20,5.59482E+21,7.91352E+15,5.05003E+16
109405,7,1,43,228,2018,9,7,4,2,4,2,0,0,0,0,1,0,1,0,4.25297E+20,5.59744E+21,7.94612E+15,5.05241E+16
109406,7,3,38,19,2018,10,16,4,3,8,7,0,0,1,0,0,0,0,0,4.53627E+20,5.47527E+21,8.36049E+15,4.94284E+16
109407,7,3,12,0,2018,9,18,2,3,5,3,0,1,1,0,0,0,0,0,4.09315E+20,5.47527E+21,7.74952E+15,4.94234E+16
109408,7,1,43,62,2018,10,5,3,3,5,3,2,0,1,0,0,0,0,1,4.10254E+20,5.59169E+21,7.73534E+15,5.04703E+16
109409,7,1,31,14,2018,10,7,5,3,7,7,1,0,1,0,0,0,0,0,3.80046E+20,5.59218E+21,7.30967E+15,5.04693E+16
109410,7,3,37,77,2018,10,7,6,3,3,6,0,0,1,0,0,0,1,0,4.38413E+20,5.45921E+21,8.15318E+15,4.92826E+16
109411,7,1,37,221,2018,9,14,7,2,8,1,0,0,0,0,1,0,0,0,3.97864E+20,5.57085E+21,7.56645E+15,5.02809E+16
109412,7,1,43,286,2018,10,7,3,3,5,3,2,0,1,0,0,1,0,0,4.34542E+20,5.60855E+21,8.07457E+15,5.06251E+16
109413,7,3,14,0,2018,9,13,6,3,5,3,0,0,1,0,1,0,0,0,4.55581E+20,5.47799E+21,8.38712E+15,4.94529E+16
109414,7,1,41,104,2018,9,15,4,3,9,1,0,0,1,0,0,0,0,0,4.20696E+20,5.56511E+21,7.88804E+15,5.02328E+16
109415,7,3,19,0,2018,10,14,6,3,4,2,0,0,1,0,0,0,0,0,4.51976E+20,5.49679E+21,8.3351E+15,4.96217E+16
109416,7,1,38,5,2018,10,15,1,3,5,3,0,0,1,0,1,0,0,0,3.92688E+20,5.5978E+21,7.48614E+15,5.05223E+16
109417,7,1,33,43,2018,10,5,2,3,4,6,2,0,1,0,0,0,0,0,3.85886E+20,5.52068E+21,7.41335E+15,4.98277E+16
109418,7,1,41,60,2018,9,13,4,3,2,2,0,0,1,0,0,0,0,0,4.21709E+20,5.56366E+21,7.90255E+15,5.02199E+16
109419,7,2,11,0,2018,10,16,3,3,2,6,0,0,1,0,0,0,0,0,3.30802E+20,5.51824E+21,6.64909E+15,4.97927E+16
109420,7,3,40,206,2018,9,11,1,3,2,2,0,0,1,0,0,0,0,1,3.87322E+20,5.45609E+21,7.45177E+15,4.92472E+16
109421,7,3,40,32,2018,10,18,3,3,2,6,2,0,1,0,1,0,0,0,4.05339E+20,5.45029E+21,7.70063E+15,4.91981E+16
109422,7,1,35,45,2018,10,12,2,3,1,5,0,0,1,0,0,0,0,0,3.67179E+20,5.56587E+21,7.13773E+15,5.023E+16
109423,7,3,13,0,2018,9,14,4,3,6,4,0,0,1,1,0,0,0,0,4.35085E+20,5.45258E+21,8.1085E+15,4.92226E+16
109424,7,1,11,0,2018,9,12,7,3,1,6,0,0,1,0,0,0,0,0,3.98009E+20,5.58276E+21,7.56526E+15,5.03881E+16
109425,7,2,11,0,2018,10,7,2,3,5,3,2,0,1,0,0,0,0,0,3.31931E+20,5.51592E+21,6.66577E+15,4.97722E+16
109426,7,3,16,0,2018,9,16,5,2,9,1,0,0,1,0,0,0,0,0,4.40338E+20,5.46388E+21,8.17894E+15,4.93247E+16
109427,7,1,43,48,2018,9,15,4,2,0,1,0,1,0,0,0,0,0,0,4.19972E+20,5.58583E+21,7.8735E+15,5.04191E+16
109428,7,3,37,74,2018,10,21,5,3,5,3,2,0,1,0,0,0,0,0,4.23426E+20,5.44438E+21,7.94997E+15,4.91474E+16
109429,7,3,37,59,2018,9,17,7,2,4,6,0,0,1,0,1,0,0,0,4.24702E+20,5.43526E+21,7.96917E+15,4.90656E+16
109430,7,1,40,39,2018,10,2,7,3,9,1,2,0,1,0,0,0,0,0,3.90306E+20,5.53933E+21,7.46948E+15,4.99962E+16
109431,7,3,31,23,2018,10,12,1,3,5,3,0,0,1,0,1,0,0,0,4.4307E+20,5.50021E+21,8.21132E+15,4.96518E+16
109432,7,1,35,82,2018,10,13,2,3,3,2,0,0,0,0,1,0,1,0,3.78741E+20,5.55953E+21,7.30179E+15,5.01755E+16
109433,7,3,35,22,2018,9,20,7,3,2,6,2,0,1,0,0,0,1,1,3.949E+20,5.47317E+21,7.55135E+15,4.94021E+16
109434,7,1,43,236,2018,9,15,1,3,2,6,0,0,0,0,1,0,0,0,4.12216E+20,5.61849E+21,7.75665E+15,5.07116E+16
109435,7,3,18,0,2018,9,22,3,3,0,7,2,0,1,0,0,0,0,0,4.57502E+20,5.46597E+21,8.41492E+15,4.93449E+16
109436,7,1,43,53,2018,9,13,4,3,1,2,0,0,1,0,0,0,0,0,4.15872E+20,5.58639E+21,7.81567E+15,5.04235E+16
109437,7,1,43,29,2018,10,15,5,1,4,6,0,0,1,0,0,0,1,0,4.10038E+20,5.60447E+21,7.72921E+15,5.05852E+16
109438,7,1,37,208,2018,10,14,4,3,4,6,0,0,0,0,1,0,1,0,3.86288E+20,5.56512E+21,7.40577E+15,5.02273E+16
109439,7,1,38,45,2018,10,10,6,3,2,6,0,0,1,0,1,0,0,0,3.9385E+20,5.59124E+21,7.50439E+15,5.04636E+16
109440,7,2,33,81,2018,10,14,7,3,8,1,0,0,0,0,1,0,0,0,3.35903E+20,5.55483E+21,6.70432E+15,5.0123E+16
109441,7,1,33,38,2018,10,15,7,3,0,7,0,1,0,0,0,0,0,0,3.85293E+20,5.51931E+21,7.40552E+15,4.98153E+16
109442,7,1,37,228,2018,10,8,4,3,8,1,0,0,1,1,0,0,0,0,3.90591E+20,5.58586E+21,7.46005E+15,5.04145E+16
109443,7,1,43,301,2018,9,15,7,3,5,3,0,0,1,0,0,0,0,0,4.09356E+20,5.61188E+21,7.71776E+15,5.06517E+16
109444,7,1,31,58,2018,10,22,7,3,0,4,2,0,1,1,0,0,0,0,3.53812E+20,5.57764E+21,6.9459E+15,5.03327E+16
109445,7,3,35,21,2018,10,13,1,3,5,3,0,0,1,0,0,0,0,0,4.05125E+20,5.46923E+21,7.69319E+15,4.93684E+16
109446,7,1,38,44,2018,10,14,4,2,8,1,0,0,1,0,0,0,0,1,3.87553E+20,5.60846E+21,7.4105E+15,5.06171E+16
109447,7,1,35,51,2018,9,17,4,2,8,1,0,0,0,0,1,0,0,0,3.68494E+20,5.56093E+21,7.15787E+15,5.0186E+16
109448,7,1,35,64,2018,10,18,4,3,9,1,0,0,1,0,0,0,0,0,3.75059E+20,5.54538E+21,7.25488E+15,5.00475E+16
109449,7,3,15,0,2018,9,4,2,3,5,3,2,0,1,0,0,0,0,1,4.47076E+20,5.54024E+21,8.26135E+15,5.00121E+16
109450,7,3,40,54,2018,10,17,2,3,4,6,0,0,1,0,0,0,0,0,4.02274E+20,5.46078E+21,7.656E+15,4.9292E+16
109451,7,1,33,13,2018,10,15,4,3,4,1,0,0,1,0,0,0,1,0,4.04888E+20,5.52069E+21,7.67747E+15,4.98311E+16
109452,7,3,15,0,2018,10,16,6,3,2,6,0,0,1,0,0,0,0,0,4.40934E+20,5.53785E+21,8.17599E+15,4.999E+16
109453,7,3,12,0,2018,9,14,6,3,9,1,0,0,0,0,1,0,0,1,4.13762E+20,5.47952E+21,7.8099E+15,4.94622E+16
109454,7,1,33,101,2018,10,10,4,2,8,1,0,0,1,0,0,0,0,0,4.09667E+20,5.52012E+21,7.74404E+15,4.98267E+16
109455,7,1,43,259,2018,10,20,6,3,9,1,2,0,1,0,0,0,0,0,4.19471E+20,5.60676E+21,7.86193E+15,5.06072E+16
109456,7,3,15,0,2018,10,20,7,2,8,1,2,0,0,0,1,0,0,0,4.47928E+20,5.53947E+21,8.27333E+15,5.00052E+16
109457,7,3,37,62,2018,10,22,7,3,2,6,2,0,1,0,0,0,0,0,4.28219E+20,5.44132E+21,8.01623E+15,4.91205E+16
109458,7,1,31,70,2018,10,8,4,3,4,6,0,0,0,0,0,0,1,1,3.73073E+20,5.60847E+21,7.20592E+15,5.06143E+16
109459,7,3,39,30,2018,9,15,7,3,1,6,0,0,1,0,0,0,0,0,4.30063E+20,5.53665E+21,8.02457E+15,4.99781E+16
109460,7,1,32,63,2018,10,22,7,3,9,1,2,0,1,0,0,0,0,0,4.2258E+20,5.62989E+21,7.90101E+15,5.08156E+16
109461,7,1,37,228,2018,10,7,2,3,6,4,1,0,1,1,0,0,0,0,3.89482E+20,5.58689E+21,7.44415E+15,5.04237E+16
109462,7,1,41,130,2018,10,14,4,3,8,1,0,0,1,0,0,0,0,1,4.24734E+20,5.57433E+21,7.94281E+15,5.03162E+16
109463,7,1,37,228,2018,9,16,4,3,5,3,0,1,1,0,0,0,0,0,3.90552E+20,5.58589E+21,7.45949E+15,5.04149E+16
109464,7,3,31,58,2018,10,16,4,3,7,5,0,0,1,0,0,0,0,0,4.38437E+20,5.52408E+21,8.14337E+15,4.9866E+16
109465,7,3,14,0,2018,9,19,2,3,2,2,2,0,1,0,1,0,0,0,4.56393E+20,5.48179E+21,8.39791E+15,4.94872E+16
109466,7,1,41,75,2018,10,20,3,3,2,6,2,0,1,0,0,0,0,0,4.00784E+20,5.57431E+21,7.60652E+15,5.03125E+16
109467,7,3,32,24,2018,10,6,4,3,5,2,2,0,1,0,1,0,0,0,4.39852E+20,5.49011E+21,8.16829E+15,4.95606E+16
109468,7,3,33,17,2018,10,1,6,2,9,1,2,0,1,0,0,0,0,0,4.28808E+20,5.49539E+21,8.01464E+15,4.96068E+16
109469,7,3,33,502,2018,9,15,6,1,9,1,0,0,1,0,0,0,0,1,4.21077E+20,5.49929E+21,7.90686E+15,4.9641E+16
109470,7,1,32,83,2018,10,8,3,3,3,6,0,0,1,0,0,0,1,0,3.94851E+20,5.60734E+21,7.51394E+15,5.06085E+16
109471,7,3,15,0,2018,9,10,6,3,0,4,0,0,0,1,0,1,1,0,4.48175E+20,5.53882E+21,8.27687E+15,4.99995E+16
109472,7,1,40,36,2018,9,15,4,3,8,6,0,0,1,0,0,0,0,0,3.93492E+20,5.55733E+21,7.50891E+15,5.01586E+16