OBJECTID_1,ULAND,UREGBEZ,UKREIS,UGEMEINDE,UJAHR,UMONAT,USTUNDE,UWOCHENTAG,UKATEGORIE,UART,UTYP1,ULICHTVERH,IstRad,IstPKW,IstFuss,IstKrad,IstGkfz,IstSonstig,STRZUSTAND,LINREFX,LINREFY,XGCSWGS84,YGCSWGS84
110029,7,1,37,88,2018,10,19,6,3,5,3,2,0,1,0,0,1,0,0,3.85022E+20,5.58394E+21,7.38229E+15,5.03962E+16
110030,7,1,43,10,2018,11,17,6,2,8,1,2,0,1,0,0,0,0,1,4.15148E+20,5.59034E+21,7.80459E+15,5.04589E+16
110031,7,1,11,0,2018,10,19,6,3,5,2,2,0,1,0,0,0,0,0,3.99971E+20,5.57905E+21,7.59385E+15,5.0355E+16
110032,7,1,43,12,2018,10,12,6,3,8,1,0,0,1,0,0,0,0,0,4.12048E+20,5.59207E+21,7.76051E+15,5.04741E+16
110033,7,1,40,42,2018,11,7,5,3,8,1,0,0,1,0,0,0,0,0,3.91449E+20,5.54925E+21,7.48261E+15,5.00856E+16
110034,7,3,35,4,2018,10,7,5,3,8,1,1,0,1,0,0,0,0,1,4.20622E+20,5.48046E+21,7.90436E+15,4.94716E+16
110035,7,1,38,45,2018,10,16,4,2,6,4,0,0,1,1,0,0,0,0,3.96573E+20,5.58684E+21,7.54394E+15,5.04245E+16
110036,7,3,12,0,2018,10,13,5,3,2,6,0,0,1,0,0,0,0,0,4.09093E+20,5.47919E+21,7.74556E+15,4.94585E+16
110037,7,2,35,51,2018,10,14,3,3,3,6,0,0,1,0,1,0,0,1,3.24552E+20,5.50951E+21,6.56627E+15,4.97125E+16
110038,7,3,38,20,2018,10,14,5,3,8,1,0,0,1,0,0,0,0,0,4.57324E+20,5.47225E+21,8.4118E+15,4.94015E+16
110039,7,3,32,2,2018,10,13,5,3,0,6,0,0,1,0,1,0,0,0,4.40267E+20,5.47924E+21,8.17566E+15,4.94629E+16
110040,7,3,16,0,2018,10,9,5,3,5,3,0,1,1,0,0,0,0,1,4.39307E+20,5.46678E+21,8.16432E+15,4.93507E+16
110041,7,1,43,242,2018,10,11,3,3,1,6,0,0,1,0,0,0,0,1,4.27352E+20,5.60747E+21,7.97315E+15,5.06146E+16
110042,7,3,13,0,2018,10,17,5,2,5,3,0,0,1,0,0,0,0,0,4.37206E+20,5.44714E+21,8.13848E+15,4.91739E+16
110043,7,3,19,0,2018,10,8,3,3,5,2,0,1,1,0,0,0,0,1,4.52943E+20,5.49788E+21,8.34836E+15,4.96316E+16
110044,7,3,38,7,2018,10,16,5,3,5,5,0,1,1,0,0,0,0,0,4.55627E+20,5.4629E+21,8.38944E+15,4.93172E+16
110045,7,1,31,77,2018,11,12,6,3,2,6,0,0,1,0,0,0,0,0,3.75658E+20,5.60098E+21,7.24494E+15,5.05476E+16
110046,7,3,38,19,2018,10,19,5,3,0,7,2,0,1,0,1,0,0,0,4.53348E+20,5.47697E+21,8.35644E+15,4.94436E+16
110047,7,3,14,0,2018,10,12,5,3,2,2,0,0,1,0,0,0,0,0,4.53452E+20,5.48222E+21,8.35726E+15,4.94909E+16
110048,7,3,35,22,2018,10,5,4,3,9,1,2,0,1,0,0,0,0,2,3.97764E+20,5.47229E+21,7.59105E+15,4.93947E+16
110049,7,1,43,300,2018,10,19,3,3,9,1,2,0,1,0,0,0,0,1,4.23075E+20,5.61083E+21,7.91202E+15,5.06443E+16
110050,7,3,14,0,2018,10,16,5,3,3,6,0,1,1,0,0,0,0,0,4.57981E+20,5.48148E+21,8.41987E+15,4.94845E+16
110051,7,1,38,77,2018,10,14,4,3,2,6,0,0,1,0,0,0,0,0,3.85513E+20,5.61001E+21,7.38119E+15,5.06307E+16
110052,7,1,33,38,2018,10,17,5,3,5,3,0,0,1,0,1,0,0,0,3.86278E+20,5.51848E+21,7.41944E+15,4.98079E+16
110053,7,1,43,206,2018,10,18,3,3,1,6,2,0,1,0,0,0,0,1,4.26039E+20,5.61284E+21,7.95353E+15,5.06627E+16
110054,7,2,11,0,2018,10,8,3,3,3,6,0,0,1,0,0,0,0,1,3.27265E+20,5.51606E+21,6.60096E+15,4.97722E+16
110055,7,1,33,23,2018,10,18,5,1,4,6,1,0,1,0,0,0,0,0,4.084E+20,5.53643E+21,7.72256E+15,4.99731E+16
110056,7,3,39,42,2018,10,7,5,3,2,6,0,0,1,0,0,0,0,1,4.40665E+20,5.52928E+21,8.17356E+15,4.99129E+16
110057,7,3,33,34,2018,11,16,5,3,8,1,0,0,1,0,0,0,0,1,4.14525E+20,5.49387E+21,7.81732E+15,4.95914E+16
110058,7,2,31,31,2018,10,15,5,3,2,6,0,0,1,0,0,1,0,0,3.45731E+20,5.52905E+21,6.85206E+15,4.98939E+16
110059,7,3,31,58,2018,10,6,4,3,5,3,2,0,1,0,0,0,0,0,4.40231E+20,5.52523E+21,8.16815E+15,4.98764E+16
110060,7,1,38,54,2018,10,10,3,3,8,1,0,0,1,0,0,0,0,1,3.96162E+20,5.60155E+21,7.53408E+15,5.05566E+16
110061,7,1,11,0,2018,11,13,6,3,2,6,0,0,1,0,0,0,0,1,3.99513E+20,5.58079E+21,7.58695E+15,5.03706E+16
110062,7,2,11,0,2018,10,7,5,3,3,6,2,0,1,0,0,0,0,1,3.34888E+20,5.5176E+21,6.70608E+15,4.97881E+16
110063,7,3,18,0,2018,10,15,4,3,6,4,0,0,1,1,0,0,0,0,4.58253E+20,5.46284E+21,8.42558E+15,4.93169E+16
110064,7,1,38,80,2018,10,5,3,3,9,1,2,0,1,0,0,0,0,1,3.87249E+20,5.61889E+21,7.40304E+15,5.07108E+16
110065,7,2,33,83,2018,10,7,5,3,8,6,2,0,1,0,0,0,0,1,3.33701E+20,5.57966E+21,6.66265E+15,5.03455E+16
110066,7,3,32,47,2018,10,10,3,3,0,7,0,0,1,0,0,1,1,0,4.33097E+20,5.48643E+21,8.07551E+15,4.95268E+16
110067,7,2,32,16,2018,10,11,5,3,8,1,0,0,1,0,0,0,0,1,3.06572E+20,5.5281E+21,6.30788E+15,4.9874E+16
110068,7,1,32,117,2018,10,19,3,2,5,2,2,0,1,0,0,0,0,1,4.10775E+20,5.62646E+21,7.73431E+15,5.0783E+16
110069,7,3,14,0,2018,11,14,6,3,2,6,0,0,1,0,0,0,0,0,4.59347E+20,5.48118E+21,8.43875E+15,4.94819E+16
110070,7,2,31,134,2018,10,7,5,3,4,2,1,1,1,0,0,0,0,1,3.48645E+20,5.53983E+21,6.88837E+15,4.99916E+16
110071,7,3,15,0,2018,10,19,3,3,2,6,2,0,1,0,0,0,0,1,4.48385E+20,5.53837E+21,8.27986E+15,4.99954E+16
110072,7,3,11,0,2018,11,11,5,3,6,7,0,0,1,1,0,0,0,0,4.52142E+20,5.48673E+21,8.33863E+15,4.95313E+16
110073,7,2,35,118,2018,10,7,5,3,8,1,2,0,1,0,0,0,0,1,3.21922E+20,5.49867E+21,6.53475E+15,4.96143E+16
110074,7,3,15,0,2018,10,15,4,2,6,4,0,0,1,1,0,0,0,0,4.47131E+20,5.53927E+21,8.26224E+15,5.00034E+16
110075,7,1,37,211,2018,10,13,3,3,2,6,0,0,1,0,0,0,0,0,3.91377E+20,5.5847E+21,7.47145E+15,5.04043E+16
110076,7,2,11,0,2018,10,15,5,3,6,2,0,0,1,1,0,0,0,0,3.29152E+20,5.51375E+21,6.62816E+15,4.97519E+16
110077,7,3,14,0,2018,10,6,3,3,3,6,1,0,1,0,0,1,0,1,4.56476E+20,5.48721E+21,8.39846E+15,4.9536E+16
110078,7,2,11,0,2018,10,11,5,3,5,3,0,1,1,0,0,0,0,0,3.28645E+20,5.5137E+21,6.62115E+15,4.97514E+16
110079,7,1,40,156,2018,10,12,3,2,8,1,0,0,1,0,0,0,0,1,4.02784E+20,5.55364E+21,7.63989E+15,5.0127E+16
110080,7,2,11,0,2018,11,11,6,3,2,6,0,0,1,0,0,0,0,1,3.29221E+20,5.51363E+21,6.62917E+15,4.97508E+16
110081,7,1,43,85,2018,10,16,5,2,0,2,0,0,1,0,1,0,0,0,4.18653E+20,5.60171E+21,7.85148E+15,5.05617E+16
110082,7,3,34,28,2018,10,16,3,3,2,6,1,0,1,0,0,0,0,1,4.52557E+20,5.45852E+21,8.34772E+15,4.92776E+16
110083,7,1,43,70,2018,10,8,5,2,4,1,0,0,1,0,0,0,0,1,4.1398E+20,5.5941E+21,7.78728E+15,5.04925E+16
110084,7,1,11,0,2018,10,11,3,3,1,5,0,0,1,0,0,0,0,0,3.99928E+20,5.57908E+21,7.59324E+15,5.03553E+16
110085,7,2,32,262,2018,11,11,6,3,0,3,0,0,1,0,0,0,0,1,3.10474E+20,5.55744E+21,6.34765E+15,5.01389E+16
110086,7,1,43,52,2018,10,7,5,3,2,2,1,0,1,0,0,0,0,0,4.08357E+20,5.58223E+21,7.71092E+15,5.0385E+16
110087,7,2,31,81,2018,11,23,5,2,5,3,2,0,1,0,0,0,0,1,3.55403E+20,5.53201E+21,6.98552E+15,4.9923E+16
110088,7,1,38,8,2018,10,10,5,3,8,1,0,0,1,0,0,0,0,1,3.78457E+20,5.60778E+21,7.2822E+15,5.06093E+16
110089,7,1,34,3,2018,10,6,4,3,8,1,2,0,1,0,0,0,0,2,3.65232E+20,5.51289E+21,7.12902E+15,4.97534E+16
110090,7,1,32,111,2018,10,20,5,3,1,2,2,0,1,0,0,0,0,1,4.18469E+20,5.62789E+21,7.84311E+15,5.0797E+16
110091,7,1,38,44,2018,10,15,3,3,1,6,1,0,1,0,0,0,0,1,3.91601E+20,5.60445E+21,7.46887E+15,5.05819E+16
110092,7,1,32,111,2018,10,5,5,2,4,6,2,0,1,0,0,0,0,1,4.19033E+20,5.62845E+21,7.85098E+15,5.08022E+16
110093,7,1,33,6,2018,10,7,3,3,2,6,1,0,1,0,0,0,0,1,4.1994E+20,5.5242E+21,7.88599E+15,4.98648E+16
110094,7,1,32,501,2018,10,5,5,3,9,1,2,0,1,0,0,0,0,1,4.03758E+20,5.61736E+21,7.63717E+15,5.07001E+16
110095,7,1,38,52,2018,11,9,6,3,9,1,0,0,1,0,0,0,0,1,4.06239E+20,5.60856E+21,7.67453E+15,5.06214E+16
110096,7,1,38,45,2018,10,7,5,3,1,6,1,0,1,0,0,0,0,1,3.92498E+20,5.58846E+21,7.48614E+15,5.04383E+16
110097,7,1,31,58,2018,10,6,5,3,3,3,2,0,1,0,0,0,0,1,3.53708E+20,5.57753E+21,6.94447E+15,5.03317E+16
110098,7,3,40,4,2018,10,18,4,2,8,1,2,0,0,0,1,0,0,0,4.25157E+20,5.43792E+21,7.97491E+15,4.90895E+16
110099,7,1,40,28,2018,10,20,5,3,8,1,2,0,1,0,0,0,0,0,3.87097E+20,5.52846E+21,7.42791E+15,4.98979E+16
110100,7,1,40,56,2018,10,14,5,3,5,3,0,0,1,0,1,0,0,0,3.95135E+20,5.53389E+21,7.53832E+15,4.99481E+16
110101,7,1,32,24,2018,11,5,5,3,1,7,2,0,1,0,0,0,0,0,4.1774E+20,5.6227E+21,7.83393E+15,5.07502E+16
110102,7,1,41,75,2018,10,7,5,3,2,6,0,0,1,0,0,0,0,1,4.00509E+20,5.57511E+21,7.60245E+15,5.03197E+16
110103,7,1,32,117,2018,10,19,4,3,2,6,2,0,1,0,0,0,0,1,4.11721E+20,5.62585E+21,7.74787E+15,5.07777E+16
110104,7,1,11,0,2018,10,7,5,3,0,1,2,0,1,0,1,0,0,1,4.01128E+20,5.57947E+21,7.61E+15,5.03589E+16
110105,7,3,20,0,2018,10,13,2,3,2,6,0,0,0,0,0,0,1,0,3.81055E+20,5.45623E+21,7.36566E+15,4.92473E+16
110106,7,3,17,0,2018,10,16,4,3,8,1,0,0,1,0,0,0,0,1,3.98264E+20,5.45277E+21,7.60291E+15,4.92193E+16
110107,7,3,15,0,2018,10,14,3,2,6,4,0,0,1,1,0,0,0,1,4.45509E+20,5.54073E+21,8.2394E+15,5.00164E+16
110108,7,3,40,48,2018,10,14,4,3,8,1,0,0,1,0,0,0,0,1,3.91649E+20,5.44328E+21,7.51466E+15,4.91328E+16
110109,7,3,14,0,2018,10,8,2,3,2,6,0,0,1,0,0,0,0,0,4.56522E+20,5.47846E+21,8.40006E+15,4.94572E+16
110110,7,1,37,501,2018,11,16,6,2,8,7,1,0,1,0,0,0,0,1,3.83128E+20,5.56904E+21,7.36027E+15,5.0262E+16
110111,7,3,12,0,2018,10,6,4,3,2,6,2,0,1,0,0,0,0,0,4.06243E+20,5.47545E+21,7.70712E+15,4.94245E+16
110112,7,3,37,2,2018,10,20,4,3,2,2,2,0,1,0,1,0,0,1,4.42973E+20,5.45958E+21,8.21582E+15,4.92863E+16
110113,7,3,12,0,2018,10,12,4,3,2,6,0,0,1,0,0,0,0,0,4.12004E+20,5.47721E+21,7.78615E+15,4.94411E+16
110114,7,3,12,0,2018,10,18,2,3,3,6,2,0,1,0,0,0,0,1,4.0534E+20,5.47782E+21,7.69411E+15,4.94457E+16
110115,7,3,38,6,2018,10,7,4,3,4,2,1,0,1,0,0,0,1,0,4.49823E+20,5.47591E+21,8.30795E+15,4.94338E+16
110116,7,3,17,0,2018,10,11,3,3,0,1,0,0,0,0,1,0,0,1,3.9825E+20,5.44993E+21,7.60344E+15,4.91937E+16
110117,7,3,11,0,2018,10,21,4,3,8,1,2,0,0,0,1,0,0,1,4.53805E+20,5.48702E+21,8.36156E+15,4.9534E+16
110118,7,3,38,19,2018,10,19,2,3,1,2,2,0,1,0,0,0,0,0,4.54107E+20,5.4777E+21,8.36682E+15,4.94502E+16
110119,7,3,34,25,2018,11,16,6,3,9,1,0,0,1,0,0,0,0,0,4.49273E+20,5.44416E+21,8.30439E+15,4.91482E+16
110120,7,3,14,0,2018,10,17,4,2,7,1,0,1,0,0,0,0,0,0,4.59226E+20,5.48231E+21,8.43698E+15,4.94921E+16
110121,7,1,31,77,2018,10,18,4,3,2,6,2,0,1,0,0,0,0,0,3.7573E+20,5.60189E+21,7.24566E+15,5.05558E+16
110122,7,3,14,0,2018,10,10,4,3,9,1,0,0,1,0,0,0,0,0,4.57137E+20,5.4787E+21,8.40852E+15,4.94594E+16
110123,7,3,39,5,2018,10,15,4,3,3,2,0,0,1,0,0,0,0,0,4.19591E+20,5.53587E+21,7.87871E+15,4.99697E+16
110124,7,3,31,30,2018,10,8,4,2,2,2,0,0,1,0,0,0,0,0,4.29094E+20,5.5207E+21,8.01399E+15,4.98345E+16
110125,7,3,36,102,2018,11,18,5,2,2,6,2,0,1,0,0,1,0,1,3.83983E+20,5.47035E+21,7.40177E+15,4.93748E+16
110126,7,3,31,30,2018,10,7,4,3,2,2,0,0,1,0,0,1,0,0,4.29094E+20,5.5207E+21,8.01399E+15,4.98345E+16
110127,7,3,14,0,2018,10,7,4,3,2,6,0,0,1,0,0,0,0,0,4.57129E+20,5.48079E+21,8.40818E+15,4.94782E+16
110128,7,3,31,3,2018,10,13,4,3,1,3,0,0,1,0,0,0,0,1,4.35595E+20,5.51078E+21,8.10603E+15,4.97461E+16
110129,7,3,16,0,2018,10,7,3,3,0,1,1,0,1,0,0,0,0,1,4.40726E+20,5.46773E+21,8.18372E+15,4.93594E+16
110130,7,3,19,0,2018,10,11,4,3,5,3,0,1,1,0,0,0,0,0,4.53011E+20,5.49949E+21,8.34911E+15,4.96462E+16
110131,7,3,19,0,2018,11,12,6,3,2,7,0,0,1,0,0,0,1,0,4.48372E+20,5.49714E+21,8.28517E+15,4.96246E+16
110132,7,3,39,30,2018,10,12,4,3,1,6,0,0,1,0,0,0,1,1,4.29903E+20,5.53617E+21,8.02244E+15,4.99738E+16
110133,7,3,15,0,2018,11,19,5,3,6,2,2,0,1,1,0,0,0,0,4.4931E+20,5.53768E+21,8.29286E+15,4.99893E+16
110134,7,3,15,0,2018,10,16,4,3,6,2,0,0,1,1,0,0,0,1,4.44062E+20,5.5407E+21,8.21921E+15,5.0016E+16
110135,7,3,12,0,2018,11,14,5,3,8,1,0,0,1,0,0,0,0,1,4.05702E+20,5.48059E+21,7.69844E+15,4.94706E+16
110136,7,3,39,9,2018,10,11,4,2,5,2,0,0,0,0,0,1,0,1,4.42159E+20,5.54211E+21,8.19245E+15,5.00285E+16
110137,7,3,39,6,2018,10,20,4,3,8,1,2,1,1,0,0,0,0,0,4.51185E+20,5.53034E+21,8.31993E+15,4.99234E+16
110138,7,3,15,0,2018,10,7,4,3,1,5,2,1,1,0,0,0,0,0,4.47443E+20,5.53998E+21,8.2665E+15,5.00099E+16
110139,7,3,11,0,2018,10,10,3,3,2,6,0,0,1,0,0,1,0,0,4.52256E+20,5.48886E+21,8.33994E+15,4.95504E+16
110140,7,3,15,0,2018,10,18,4,3,2,6,2,0,1,0,0,0,0,0,4.48164E+20,5.53885E+21,8.27671E+15,4.99998E+16
110141,7,2,31,107,2018,11,9,6,1,8,1,0,0,1,0,0,0,0,1,3.53637E+20,5.53582E+21,6.95949E+15,4.99568E+16
110142,7,3,15,0,2018,10,7,4,3,2,6,0,0,1,0,0,0,0,1,4.41699E+20,5.53858E+21,8.18656E+15,4.99967E+16
110143,7,2,11,0,2018,11,0,5,3,8,1,2,0,0,0,1,0,0,1,3.33082E+20,5.5138E+21,6.68265E+15,4.97535E+16
110144,7,2,33,42,2018,10,23,4,2,8,1,2,0,1,0,0,0,0,1,3.50425E+20,5.55854E+21,6.90587E+15,5.01601E+16
110145,7,2,11,0,2018,10,6,4,3,8,1,2,0,1,0,0,0,0,1,3.2842E+20,5.51252E+21,6.61854E+15,4.97407E+16
110146,7,2,32,18,2018,10,22,4,3,8,1,1,0,1,0,0,0,0,1,3.21776E+20,5.53935E+21,6.51407E+15,4.99798E+16
110147,7,2,32,296,2018,10,15,3,2,2,6,0,0,1,0,0,0,0,2,3.15529E+20,5.56624E+21,6.41404E+15,5.02196E+16
110148,7,2,32,18,2018,10,21,4,3,9,1,2,0,1,0,0,0,0,1,3.1872E+20,5.53919E+21,6.47157E+15,4.99775E+16
110149,7,3,19,0,2018,10,18,3,3,3,2,2,1,1,0,0,0,0,1,4.53259E+20,5.4978E+21,8.35275E+15,4.96309E+16
110150,7,2,32,18,2018,10,16,4,3,2,6,0,0,1,0,0,0,0,1,3.2243E+20,5.53879E+21,6.52344E+15,4.9975E+16
110151,7,2,31,132,2018,10,23,4,3,8,7,2,0,1,0,0,0,0,1,3.5135E+20,5.54414E+21,6.92441E+15,5.0031E+16
110152,7,2,31,90,2018,10,15,4,2,3,6,0,0,0,0,1,1,0,0,3.58655E+20,5.52919E+21,7.03183E+15,4.98983E+16
110153,7,3,14,0,2018,10,15,3,3,0,1,0,0,0,0,1,0,0,1,4.5671E+20,5.47853E+21,8.40264E+15,4.94579E+16
110154,7,1,34,72,2018,10,20,4,3,8,1,2,0,1,0,0,0,0,1,3.74614E+20,5.50726E+21,7.26102E+15,4.97048E+16
110155,7,1,43,39,2018,11,23,6,3,4,6,2,0,1,0,0,0,0,1,4.10031E+20,5.58162E+21,7.73462E+15,5.03797E+16
110156,7,1,34,42,2018,10,14,4,3,9,1,0,0,1,0,0,0,0,1,3.71614E+20,5.49709E+21,7.22277E+15,4.96127E+16
110157,7,2,35,151,2018,10,17,4,2,9,1,0,0,1,0,0,0,0,1,3.32842E+20,5.52616E+21,6.67399E+15,4.98645E+16
110158,7,1,31,37,2018,11,17,5,2,9,1,2,0,1,0,0,0,0,1,3.59177E+20,5.58374E+21,7.01895E+15,5.03888E+16
110159,7,2,11,0,2018,10,17,4,3,1,6,0,0,1,0,0,0,0,0,3.276E+20,5.51159E+21,6.60758E+15,4.97321E+16
110160,7,1,32,50,2018,10,6,4,3,5,3,1,0,0,0,1,1,0,1,4.26837E+20,5.62624E+21,7.96216E+15,5.07833E+16
110161,7,2,11,0,2018,10,7,4,3,5,3,1,1,1,0,0,0,0,0,3.32144E+20,5.51594E+21,6.66871E+15,4.97725E+16
110162,7,1,43,268,2018,10,18,4,3,4,6,2,0,1,0,0,1,0,1,4.11083E+20,5.60789E+21,7.74315E+15,5.06161E+16
110163,7,1,43,235,2018,10,8,4,3,5,3,0,0,1,0,0,0,0,1,4.1505E+20,5.61214E+21,7.79824E+15,5.0655E+16
110164,7,1,33,6,2018,10,7,2,3,9,1,1,0,1,0,0,0,0,1,4.16152E+20,5.5165E+21,7.83496E+15,4.97951E+16
110165,7,1,37,226,2018,11,22,6,3,8,1,2,0,1,0,0,0,0,1,4.01217E+20,5.58413E+21,7.61002E+15,5.04009E+16
110166,7,3,17,0,2018,11,16,2,2,4,1,1,0,1,0,0,0,0,0,3.99721E+20,5.45001E+21,7.62361E+15,4.91947E+16
110167,7,1,11,0,2018,11,11,5,3,5,2,0,1,1,0,0,0,0,0,3.96998E+20,5.58297E+21,7.551E+15,5.03898E+16
110168,7,3,32,24,2018,11,20,1,3,5,3,2,0,1,0,0,0,0,0,4.41274E+20,5.49047E+21,8.18789E+15,4.95639E+16
110169,7,1,11,0,2018,11,6,5,3,2,6,1,0,1,0,0,0,0,1,3.99569E+20,5.57971E+21,7.58802E+15,5.03609E+16
110170,7,3,35,26,2018,11,9,4,3,5,3,0,0,1,0,0,0,0,0,4.16484E+20,5.48349E+21,7.84661E+15,4.94983E+16
110171,7,2,33,240,2018,11,22,6,2,6,6,2,0,1,1,0,0,0,0,3.24239E+20,5.58052E+21,6.52939E+15,5.03505E+16
110172,7,1,37,229,2018,11,18,5,2,8,1,2,0,1,0,0,0,0,0,4.01453E+20,5.58633E+21,7.61277E+15,5.04208E+16
110173,7,3,37,9,2018,11,12,3,3,8,1,0,0,1,0,0,0,0,1,4.30354E+20,5.45091E+21,8.04383E+15,4.9207E+16
110174,7,1,37,3,2018,11,13,5,3,2,6,0,0,1,0,0,0,0,0,3.88014E+20,5.58633E+21,7.42365E+15,5.04183E+16
110175,7,1,33,501,2018,11,15,2,3,1,6,0,0,1,0,0,0,0,0,4.02093E+20,5.5159E+21,7.63982E+15,4.97876E+16
110176,7,3,40,14,2018,11,11,4,3,5,3,0,0,1,0,0,0,0,0,4.1543E+20,5.44994E+21,7.83918E+15,4.91964E+16
110177,7,1,33,52,2018,11,7,5,3,2,6,1,0,1,0,0,0,0,1,3.88855E+20,5.51534E+21,7.45614E+15,4.97803E+16
110178,7,3,39,30,2018,11,10,1,3,2,6,0,0,1,0,1,0,0,1,4.32316E+20,5.53641E+21,8.05603E+15,4.99762E+16
110179,7,3,35,38,2018,11,12,7,3,7,7,0,0,1,0,0,0,0,1,3.94694E+20,5.47527E+21,7.54796E+15,4.9421E+16
110180,7,3,20,0,2018,11,8,4,3,2,6,0,0,1,0,0,0,0,0,3.83387E+20,5.45495E+21,7.39805E+15,4.92362E+16
110181,7,3,39,27,2018,11,17,4,3,5,3,2,0,1,0,0,0,0,0,4.34876E+20,5.53827E+21,8.09142E+15,4.99932E+16
110182,7,3,32,35,2018,11,7,5,3,5,3,0,0,1,0,0,0,0,0,4.46957E+20,5.47124E+21,8.26904E+15,4.93915E+16
110183,7,3,36,55,2018,11,15,4,3,5,2,0,0,1,0,0,0,0,0,3.8639E+20,5.48903E+21,7.42955E+15,4.95432E+16
110184,7,1,43,27,2018,11,17,3,3,5,3,2,0,1,0,0,1,0,1,4.18309E+20,5.58952E+21,7.84929E+15,5.0452E+16
110185,7,3,36,97,2018,11,7,4,3,4,2,0,0,1,0,0,0,1,0,3.80613E+20,5.49044E+21,7.34931E+15,4.95548E+16
110186,7,3,37,43,2018,11,18,4,3,4,2,2,0,1,0,0,0,0,0,4.35645E+20,5.44682E+21,8.11711E+15,4.91708E+16
110187,7,2,11,0,2018,11,15,6,3,2,6,0,0,1,0,0,0,1,0,3.29656E+20,5.51549E+21,6.63439E+15,4.97677E+16
110188,7,3,35,19,2018,11,14,4,3,4,2,0,0,1,0,1,0,0,0,3.96826E+20,5.48579E+21,7.57461E+15,4.9516E+16
110189,7,3,15,0,2018,11,16,7,3,2,1,0,0,1,0,0,0,0,1,4.47009E+20,5.53892E+21,8.26058E+15,5.00002E+16
110190,7,3,15,0,2018,11,0,3,3,8,1,2,0,1,0,0,0,0,1,4.43336E+20,5.54119E+21,8.209E+15,5.00203E+16
110191,7,1,37,68,2018,11,0,7,3,9,7,2,0,0,0,0,0,1,1,3.70498E+20,5.57652E+21,7.1806E+15,5.03266E+16
110192,7,3,12,0,2018,11,6,4,3,2,6,1,0,1,0,0,0,0,0,4.09987E+20,5.47642E+21,7.75851E+15,4.94338E+16
110193,7,3,39,67,2018,11,8,2,3,1,7,0,0,1,0,0,0,1,0,4.44208E+20,5.52626E+21,8.22334E+15,4.98861E+16
110194,7,3,32,35,2018,11,18,4,2,3,6,2,0,1,0,0,0,0,1,4.46957E+20,5.47124E+21,8.26904E+15,4.93915E+16
110195,7,3,15,0,2018,11,13,5,3,5,3,0,0,1,0,1,0,0,1,4.48332E+20,5.53755E+21,8.27923E+15,4.9988E+16
110196,7,3,35,49,2018,11,10,7,3,8,1,0,0,1,0,0,0,0,1,3.99529E+20,5.48301E+21,7.61264E+15,4.94914E+16
110197,7,3,16,0,2018,11,7,4,3,0,2,0,1,1,0,0,0,0,0,4.38042E+20,5.46662E+21,8.14693E+15,4.93492E+16
110198,7,2,35,68,2018,11,8,4,3,0,2,0,0,1,0,0,0,0,0,3.25694E+20,5.50724E+21,6.58311E+15,4.96924E+16
110199,7,3,39,56,2018,11,6,5,3,0,4,2,0,0,1,0,0,1,0,4.26831E+20,5.52379E+21,7.98194E+15,4.9862E+16
110200,7,3,34,4,2018,11,14,4,3,3,6,0,0,1,0,0,0,0,0,4.4211E+20,5.43622E+21,8.20732E+15,4.90761E+16
110201,7,1,35,27,2018,11,18,3,3,2,2,2,0,1,0,0,0,0,0,3.73052E+20,5.55623E+21,7.22325E+15,5.01447E+16
110202,7,3,34,7,2018,11,22,4,3,9,1,2,0,1,0,0,0,0,1,4.52213E+20,5.45024E+21,8.34399E+15,4.92031E+16
110203,7,1,35,36,2018,11,17,2,3,4,1,2,0,1,0,0,0,0,1,3.67413E+20,5.55846E+21,7.14359E+15,5.01635E+16
110204,7,3,34,14,2018,11,17,4,3,8,1,2,0,1,0,0,0,0,0,4.44953E+20,5.44881E+21,8.24453E+15,4.91896E+16
110205,7,3,37,48,2018,11,18,4,3,5,3,2,0,1,0,0,0,0,1,4.43145E+20,5.4573E+21,8.21851E+15,4.92658E+16
110206,7,1,34,10,2018,11,17,2,3,5,2,2,0,1,0,0,0,0,1,3.67356E+20,5.50117E+21,7.16248E+15,4.96485E+16
110207,7,3,11,0,2018,11,13,4,3,5,3,0,0,1,0,0,0,0,0,4.53284E+20,5.48651E+21,8.35443E+15,4.95294E+16
110208,7,2,35,68,2018,11,18,5,3,1,2,2,0,1,0,1,0,0,0,3.24141E+20,5.50777E+21,6.56135E+15,4.96968E+16
110209,7,3,14,0,2018,11,0,7,3,5,3,2,0,1,0,0,0,0,0,4.597E+20,5.48081E+21,8.44366E+15,4.94786E+16
110210,7,3,31,4,2018,11,17,4,3,0,7,2,0,1,0,0,0,0,0,4.31467E+20,5.51623E+21,8.04778E+15,4.97946E+16
110211,7,1,37,3,2018,11,7,4,3,2,6,0,0,1,0,0,0,0,0,3.8745E+20,5.58654E+21,7.41566E+15,5.04201E+16
110212,7,3,15,0,2018,11,19,5,3,1,6,2,0,1,0,0,0,0,0,4.4715E+20,5.53929E+21,8.26251E+15,5.00036E+16
110213,7,3,19,0,2018,11,16,4,3,4,6,0,0,1,0,1,0,0,0,4.51491E+20,5.49487E+21,8.32862E+15,4.96044E+16