OBJECTID_1,ULAND,UREGBEZ,UKREIS,UGEMEINDE,UJAHR,UMONAT,USTUNDE,UWOCHENTAG,UKATEGORIE,UART,UTYP1,ULICHTVERH,IstRad,IstPKW,IstFuss,IstKrad,IstGkfz,IstSonstig,STRZUSTAND,LINREFX,LINREFY,XGCSWGS84,YGCSWGS84
110214,7,1,41,75,2018,11,8,3,2,9,7,0,0,1,0,0,0,0,1,4.00745E+20,5.57618E+21,7.60548E+15,5.03293E+16
110215,7,3,39,30,2018,11,6,4,3,2,6,1,0,1,0,0,0,0,0,4.29903E+20,5.53617E+21,8.02244E+15,4.99738E+16
110216,7,1,38,44,2018,11,22,2,2,3,1,2,0,1,0,0,1,0,1,3.86163E+20,5.60925E+21,7.39062E+15,5.0624E+16
110217,7,3,15,0,2018,11,14,4,2,5,3,0,1,0,0,0,0,1,0,4.46895E+20,5.53886E+21,8.259E+15,4.99997E+16
110218,7,3,20,0,2018,11,14,4,3,2,6,0,0,1,0,0,0,0,0,3.83467E+20,5.45478E+21,7.39921E+15,4.92347E+16
110219,7,2,31,134,2018,11,9,4,3,1,2,0,0,1,0,0,0,0,0,3.49334E+20,5.53881E+21,6.89838E+15,4.99826E+16
110220,7,3,32,35,2018,11,9,3,1,5,3,0,1,0,0,0,1,0,1,4.45125E+20,5.47307E+21,8.24355E+15,4.94078E+16
110221,7,1,43,28,2018,11,14,5,3,3,6,0,1,1,0,0,0,0,0,4.14801E+20,5.59492E+21,7.79865E+15,5.05001E+16
110222,7,1,34,45,2018,11,11,4,3,5,3,0,0,1,0,0,1,0,0,3.85286E+20,5.51098E+21,7.40788E+15,4.97403E+16
110223,7,1,43,23,2018,11,17,4,3,1,6,2,0,1,0,0,0,1,0,4.25111E+20,5.58513E+21,7.94596E+15,5.04135E+16
110224,7,2,32,305,2018,11,7,5,3,9,1,1,0,1,0,0,0,0,0,3.2309E+20,5.56729E+21,6.51944E+15,5.02313E+16
110225,7,1,43,229,2018,11,9,4,3,5,2,0,0,1,0,0,0,0,0,4.16526E+20,5.612E+21,7.81915E+15,5.06539E+16
110226,7,3,12,0,2018,11,17,2,2,7,1,2,0,1,0,0,0,0,1,4.07884E+20,5.47941E+21,7.72882E+15,4.94604E+16
110227,7,1,40,501,2018,11,1,7,3,9,1,2,0,1,0,0,0,0,0,4.00373E+20,5.56003E+21,7.6045E+15,5.01841E+16
110228,7,1,41,129,2018,11,9,4,2,5,3,0,0,1,0,0,0,0,0,4.17771E+20,5.56863E+21,7.84628E+15,5.02641E+16
110229,7,3,32,32,2018,11,14,1,3,0,1,0,0,0,0,1,0,0,0,4.32847E+20,5.4693E+21,8.07497E+15,4.93727E+16
110230,7,1,38,57,2018,11,16,1,3,8,1,2,0,1,0,0,0,0,1,4.03056E+20,5.60561E+21,7.63031E+15,5.05943E+16
110231,7,1,43,85,2018,11,14,4,3,4,6,0,1,1,0,0,0,0,0,4.1803E+20,5.60185E+21,7.84265E+15,5.05628E+16
110232,7,3,32,30,2018,11,17,4,3,8,7,2,0,1,0,0,0,0,0,4.40059E+20,5.48774E+21,8.17151E+15,4.95393E+16
110233,7,2,32,296,2018,11,9,6,3,9,7,0,0,1,0,0,0,0,0,3.12572E+20,5.56518E+21,6.37316E+15,5.0209E+16
110234,7,1,43,57,2018,11,13,4,2,4,6,0,0,1,0,1,0,0,0,4.13079E+20,5.58421E+21,7.77688E+15,5.04035E+16
110235,7,3,15,0,2018,11,11,7,3,9,1,0,0,1,0,0,0,0,1,4.46817E+20,5.53859E+21,8.25795E+15,4.99972E+16
110236,7,3,31,1,2018,11,18,3,3,5,3,2,0,1,0,0,0,0,0,4.3616E+20,5.51326E+21,8.11345E+15,4.97684E+16
110237,7,1,11,0,2018,11,18,7,3,1,5,2,0,1,0,0,0,0,0,3.99862E+20,5.58176E+21,7.59159E+15,5.03794E+16
110238,7,1,38,52,2018,11,12,4,3,2,2,0,0,1,0,1,0,0,0,4.04828E+20,5.60982E+21,7.65427E+15,5.06325E+16
110239,7,1,33,39,2018,11,7,2,2,8,1,0,0,1,0,0,0,0,0,4.14236E+20,5.51344E+21,7.80903E+15,4.97673E+16
110240,7,1,37,3,2018,11,23,4,2,8,1,2,0,1,0,0,0,0,0,3.87161E+20,5.58542E+21,7.41193E+15,5.041E+16
110241,7,3,15,0,2018,11,7,5,3,2,6,0,0,1,0,0,0,0,1,4.47083E+20,5.53283E+21,8.26245E+15,4.99455E+16
110242,7,1,31,77,2018,11,21,5,3,3,2,2,0,1,0,0,0,0,0,3.7584E+20,5.60196E+21,7.24718E+15,5.05564E+16
110243,7,3,15,0,2018,11,22,7,3,2,6,2,0,1,0,0,0,0,1,4.46034E+20,5.53856E+21,8.24704E+15,4.99969E+16
110244,7,3,14,0,2018,11,7,2,3,5,3,0,0,1,0,0,0,0,0,4.51344E+20,5.48033E+21,8.32838E+15,4.94736E+16
110245,7,1,37,216,2018,11,20,4,3,3,6,2,0,1,0,0,0,0,1,3.96208E+20,5.5836E+21,7.53972E+15,5.03953E+16
110246,7,3,18,0,2018,11,9,5,3,1,5,0,1,1,0,0,0,0,0,4.58489E+20,5.46377E+21,8.42874E+15,4.93253E+16
110247,7,3,14,0,2018,11,3,1,2,4,1,2,0,1,0,0,0,0,1,4.59769E+20,5.48061E+21,8.44464E+15,4.94768E+16
110248,7,1,37,89,2018,11,1,1,3,8,1,2,0,1,0,0,0,0,1,3.80595E+20,5.57222E+21,7.32374E+15,5.029E+16
110249,7,1,37,216,2018,11,5,4,3,2,6,2,0,1,0,0,0,0,0,3.94637E+20,5.58401E+21,7.5175E+15,5.03987E+16
110250,7,1,33,6,2018,11,13,4,3,5,2,0,0,1,0,0,0,0,0,4.15001E+20,5.52142E+21,7.8179E+15,4.98391E+16
110251,7,1,38,47,2018,11,6,6,3,1,2,0,0,1,0,0,0,0,0,3.87851E+20,5.59878E+21,7.41764E+15,5.05302E+16
110252,7,1,11,0,2018,11,18,4,1,6,4,2,0,1,1,0,0,0,0,3.97328E+20,5.58268E+21,7.55572E+15,5.03872E+16
110253,7,3,31,24,2018,11,6,7,2,2,6,0,0,1,0,0,0,0,1,4.40486E+20,5.50547E+21,8.17472E+15,4.96988E+16
110254,7,2,35,118,2018,11,11,3,3,9,1,0,0,1,0,0,0,0,1,3.21852E+20,5.4996E+21,6.53336E+15,4.96227E+16
110255,7,1,37,229,2018,11,7,4,3,2,6,0,0,1,0,0,0,0,0,3.99491E+20,5.58564E+21,7.58535E+15,5.04142E+16
110256,7,2,33,7,2018,11,18,2,2,9,6,2,0,1,0,0,0,0,1,3.29957E+20,5.5774E+21,6.61109E+15,5.03241E+16
110257,7,3,40,33,2018,11,21,3,3,8,1,2,0,0,0,1,0,0,0,4.14329E+20,5.43816E+21,7.82657E+15,4.90903E+16
110258,7,1,34,13,2018,11,18,5,3,9,1,2,0,1,0,0,0,0,1,3.79557E+20,5.51682E+21,7.32659E+15,4.97917E+16
110259,7,3,32,2,2018,11,10,7,3,1,6,0,0,1,0,0,0,0,0,4.41045E+20,5.48006E+21,8.18628E+15,4.94704E+16
110260,7,3,33,502,2018,11,16,3,3,5,3,0,0,0,0,0,1,1,0,4.1536E+20,5.49949E+21,7.82766E+15,4.9642E+16
110261,7,1,43,307,2018,11,14,4,3,3,6,0,1,1,0,0,0,0,0,4.27122E+20,5.5985E+21,7.97167E+15,5.05339E+16
110262,7,1,33,87,2018,11,15,5,2,0,1,0,0,0,0,1,0,0,0,4.19496E+20,5.53161E+21,7.87827E+15,4.99315E+16
110263,7,2,33,29,2018,11,2,1,3,0,1,2,0,0,0,0,0,1,1,3.34223E+20,5.57359E+21,6.67264E+15,5.02911E+16
110264,7,3,35,38,2018,11,13,7,3,2,7,0,0,1,0,0,0,0,1,3.92894E+20,5.47681E+21,7.52274E+15,4.94345E+16
110265,7,3,35,24,2018,11,0,3,2,0,1,2,0,1,0,0,0,0,0,3.98116E+20,5.48023E+21,7.59386E+15,4.94662E+16
110266,7,3,15,0,2018,11,8,4,3,2,6,0,0,1,0,0,0,0,1,4.42907E+20,5.5404E+21,8.20313E+15,5.00132E+16
110267,7,3,38,6,2018,11,12,5,3,9,1,0,0,1,0,0,0,0,0,4.49532E+20,5.47258E+21,8.30436E+15,4.94038E+16
110268,7,3,34,7,2018,11,14,3,3,5,3,0,0,1,0,0,0,0,0,4.53761E+20,5.4549E+21,8.36469E+15,4.92451E+16
110269,7,1,38,3,2018,11,5,3,2,3,6,2,0,1,0,0,0,0,1,3.91694E+20,5.61214E+21,7.46794E+15,5.0651E+16
110270,7,3,37,52,2018,11,11,3,3,0,6,0,1,1,0,0,0,0,0,4.36827E+20,5.46125E+21,8.13106E+15,4.93008E+16
110271,7,2,35,1,2018,11,7,2,3,1,6,0,0,1,0,0,0,0,0,3.25296E+20,5.51814E+21,6.57271E+15,4.97903E+16
110272,7,3,18,0,2018,11,19,3,3,5,2,2,1,1,0,0,0,0,0,4.57704E+20,5.46383E+21,8.41793E+15,4.93257E+16
110273,7,1,43,286,2018,11,7,5,3,2,6,0,0,1,0,0,0,0,1,4.33664E+20,5.6053E+21,8.06275E+15,5.05958E+16
110274,7,3,18,0,2018,11,13,3,3,5,3,0,1,1,0,0,0,0,0,4.59711E+20,5.46316E+21,8.44562E+15,4.93198E+16
110275,7,1,37,227,2018,11,11,4,2,5,3,0,0,1,0,0,0,0,1,3.96595E+20,5.57104E+21,7.54859E+15,5.02825E+16
110276,7,2,33,53,2018,11,12,7,3,4,6,0,0,1,0,0,0,0,1,3.29286E+20,5.57277E+21,6.60376E+15,5.02823E+16
110277,7,3,39,30,2018,11,9,7,3,5,2,0,1,1,0,0,0,0,0,4.30471E+20,5.53725E+21,8.03016E+15,4.99836E+16
110278,7,3,15,0,2018,11,6,5,3,2,6,1,0,1,0,0,0,0,1,4.49809E+20,5.53566E+21,8.30008E+15,4.99712E+16
110279,7,3,14,0,2018,11,16,3,3,8,1,0,0,0,0,1,0,0,1,4.60079E+20,5.47663E+21,8.44932E+15,4.9441E+16
110280,7,1,11,0,2018,11,13,3,3,5,2,0,0,1,0,0,0,0,0,3.98212E+20,5.58105E+21,7.56859E+15,5.03727E+16
110281,7,3,31,3,2018,11,11,3,3,4,7,0,0,1,0,0,0,0,0,4.31948E+20,5.51064E+21,8.05544E+15,4.97444E+16
110282,7,3,39,42,2018,11,17,3,2,6,2,2,0,1,1,0,0,0,0,4.41487E+20,5.52938E+21,8.185E+15,4.99139E+16
110283,7,1,31,1,2018,11,11,3,3,8,1,0,0,0,0,0,0,1,1,3.53981E+20,5.583E+21,6.94619E+15,5.03809E+16
110284,7,3,32,41,2018,11,16,5,3,5,2,2,0,1,0,0,0,0,1,4.41345E+20,5.49289E+21,8.18852E+15,4.95857E+16
110285,7,3,15,0,2018,11,8,3,3,2,6,0,0,1,0,0,0,0,0,4.46061E+20,5.53508E+21,8.2479E+15,4.99657E+16
110286,7,1,40,112,2018,11,5,2,3,8,1,2,0,1,0,0,0,0,1,4.09727E+20,5.55394E+21,7.73694E+15,5.01308E+16
110287,7,3,31,4,2018,11,7,3,3,2,6,1,0,1,0,0,0,0,0,4.32666E+20,5.51652E+21,8.06438E+15,4.97974E+16
110288,7,1,40,98,2018,11,17,5,3,5,3,2,0,1,0,0,0,0,1,3.95845E+20,5.553E+21,7.54302E+15,5.01201E+16
110289,7,2,32,80,2018,11,16,3,3,4,1,0,0,1,0,0,0,0,0,3.10093E+20,5.53444E+21,6.35372E+15,4.99321E+16
110290,7,3,36,55,2018,11,7,3,2,9,1,0,0,1,0,0,1,0,1,3.85419E+20,5.48801E+21,7.41643E+15,4.95338E+16
110291,7,2,11,0,2018,11,20,7,3,4,6,2,0,1,0,0,0,0,1,3.33098E+20,5.52021E+21,6.68012E+15,4.98111E+16
110292,7,2,31,67,2018,11,7,5,2,9,1,0,0,1,0,0,0,0,1,3.61784E+20,5.54243E+21,7.07062E+15,5.00182E+16
110293,7,3,16,0,2018,11,17,2,3,1,6,1,0,1,0,0,0,0,0,4.39267E+20,5.46521E+21,8.16401E+15,4.93366E+16
110294,7,3,20,0,2018,11,7,6,3,2,6,0,0,1,0,0,0,0,0,3.79831E+20,5.45685E+21,7.34866E+15,4.92526E+16
110295,7,2,32,101,2018,11,10,3,2,5,3,0,0,1,0,0,0,0,0,3.30507E+20,5.54578E+21,6.6329E+15,5.00401E+16
110296,7,3,37,20,2018,11,11,1,3,4,6,0,0,1,0,0,0,0,0,4.37769E+20,5.46004E+21,8.1442E+15,4.92899E+16
110297,7,1,32,13,2018,11,1,1,3,8,1,2,0,1,0,0,0,0,1,4.05034E+20,5.62206E+21,7.65403E+15,5.07425E+16
110298,7,2,31,31,2018,11,14,3,3,5,3,0,0,1,0,0,0,1,0,3.45957E+20,5.52985E+21,6.85489E+15,4.99011E+16
110299,7,3,37,77,2018,11,8,4,3,1,6,0,0,1,0,0,0,0,0,4.38327E+20,5.45972E+21,8.15193E+15,4.92871E+16
110300,7,2,35,111,2018,11,15,7,2,4,1,0,0,1,0,0,1,0,1,3.22042E+20,5.52118E+21,6.52615E+15,4.98166E+16
110301,7,2,35,1,2018,11,14,6,3,0,1,0,1,0,0,0,1,0,1,3.26553E+20,5.51818E+21,6.59013E+15,4.9791E+16
110302,7,3,32,25,2018,11,11,1,3,0,7,0,1,0,0,0,0,0,0,4.45294E+20,5.4662E+21,8.24682E+15,4.93461E+16
110303,7,2,31,502,2018,11,16,3,2,5,3,0,0,1,0,0,0,0,0,3.64787E+20,5.51494E+21,7.12214E+15,4.97717E+16
110304,7,3,12,0,2018,11,11,4,3,1,6,0,0,1,0,0,0,0,0,4.09284E+20,5.47833E+21,7.74839E+15,4.94508E+16
110305,7,3,15,0,2018,11,7,6,3,9,1,0,0,1,0,0,0,0,1,4.4678E+20,5.53854E+21,8.25745E+15,4.99968E+16
110306,7,1,34,42,2018,11,8,3,2,8,1,0,0,1,0,0,0,0,1,3.6949E+20,5.49593E+21,7.19377E+15,4.96018E+16
110307,7,3,34,1,2018,11,8,3,3,4,6,0,0,1,0,0,0,0,1,4.49989E+20,5.44949E+21,8.31356E+15,4.91962E+16
110308,7,2,11,0,2018,11,11,7,3,0,1,0,0,0,0,1,0,0,1,3.29605E+20,5.51354E+21,6.63454E+15,4.97501E+16
110309,7,1,40,9,2018,11,16,5,3,0,6,0,0,1,0,0,0,1,0,3.86963E+20,5.5469E+21,7.42063E+15,5.00636E+16
110310,7,3,14,0,2018,11,15,2,3,5,3,0,1,1,0,0,0,0,0,4.59631E+20,5.48089E+21,8.44271E+15,4.94793E+16
110311,7,2,35,103,2018,11,3,3,2,9,1,2,0,1,0,0,0,0,0,3.40987E+20,5.5094E+21,6.79411E+15,4.97161E+16
110312,7,1,33,41,2018,11,9,5,3,4,6,0,0,1,0,0,0,0,1,3.92751E+20,5.51174E+21,7.51123E+15,4.97486E+16
110313,7,3,31,3,2018,11,20,1,3,5,2,2,0,1,0,0,0,0,0,4.32793E+20,5.50967E+21,8.06732E+15,4.97358E+16
110314,7,1,43,62,2018,11,2,1,3,9,1,2,0,1,0,0,0,0,1,4.094E+20,5.59553E+21,7.72237E+15,5.05047E+16
110315,7,1,41,66,2018,11,15,3,2,6,4,0,0,0,1,0,0,1,0,4.01319E+20,5.56482E+21,7.61651E+15,5.02273E+16
110316,7,3,19,0,2018,11,10,4,3,2,6,0,0,1,0,0,0,0,1,4.53529E+20,5.49772E+21,8.35649E+15,4.96303E+16
110317,7,1,43,242,2018,11,12,7,3,2,2,0,0,1,0,0,0,0,1,4.28579E+20,5.60794E+21,7.9904E+15,5.0619E+16
110318,7,1,37,68,2018,11,13,6,3,2,6,0,0,1,0,0,0,0,0,3.74677E+20,5.574E+21,7.24012E+15,5.03048E+16
110319,7,1,43,57,2018,11,16,3,2,9,1,0,0,1,0,0,0,0,0,4.15483E+20,5.58248E+21,7.81108E+15,5.03883E+16
110320,7,2,11,0,2018,11,9,3,3,3,6,0,0,1,0,0,0,0,1,3.30178E+20,5.51332E+21,6.64257E+15,4.97484E+16
110321,7,1,41,117,2018,11,9,7,3,4,1,0,0,1,0,0,0,0,1,4.23282E+20,5.56406E+21,7.92451E+15,5.02237E+16
110322,7,1,38,53,2018,11,16,3,2,5,3,0,0,1,0,1,0,0,0,3.95689E+20,5.60215E+21,7.52724E+15,5.0562E+16
110323,7,1,34,45,2018,11,17,2,3,4,6,1,0,1,0,0,0,0,1,3.8449E+20,5.51021E+21,7.39705E+15,4.97333E+16
110324,7,1,32,117,2018,11,17,3,3,5,3,2,0,1,0,1,0,0,0,4.15373E+20,5.62478E+21,7.79991E+15,5.07686E+16
110325,7,3,39,42,2018,11,7,3,3,2,6,2,0,1,0,0,0,0,1,4.43321E+20,5.53278E+21,8.21004E+15,4.99447E+16
110326,7,1,31,70,2018,11,16,3,3,0,7,0,0,1,0,0,0,0,0,3.77559E+20,5.60236E+21,7.27131E+15,5.05603E+16
110327,7,3,15,0,2018,11,17,2,3,3,6,1,0,1,0,0,0,0,1,4.44421E+20,5.53537E+21,8.22499E+15,4.99681E+16
110328,7,1,31,3,2018,11,7,3,3,4,6,1,0,1,0,0,0,0,1,3.56793E+20,5.59659E+21,6.98051E+15,5.05038E+16
110329,7,3,15,0,2018,11,14,5,2,3,6,0,0,1,0,1,0,0,1,4.48153E+20,5.53888E+21,8.27655E+15,5E+16
110330,7,1,43,293,2018,11,4,1,3,8,1,2,0,1,0,0,0,0,1,4.28131E+20,5.60451E+21,7.98473E+15,5.0588E+16
110331,7,3,35,501,2018,11,13,7,3,1,5,0,0,1,0,0,0,0,1,3.94119E+20,5.4843E+21,7.53763E+15,4.9502E+16
110332,7,1,37,216,2018,11,9,3,2,1,6,0,0,1,0,0,0,0,0,3.93194E+20,5.58279E+21,7.49756E+15,5.03874E+16
110333,7,2,31,49,2018,11,11,4,2,1,1,0,0,1,0,0,0,0,0,3.50388E+20,5.54657E+21,6.91004E+15,5.00526E+16
110334,7,1,43,67,2018,11,17,7,3,9,1,2,0,1,0,0,0,0,0,4.10114E+20,5.59706E+21,7.73207E+15,5.05186E+16
110335,7,3,14,0,2018,11,18,5,3,2,6,2,0,1,0,0,0,0,0,4.56147E+20,5.48849E+21,8.39377E+15,4.95474E+16
110336,7,1,41,75,2018,11,7,3,3,2,6,0,0,1,0,0,0,0,0,4.0055E+20,5.5752E+21,7.603E+15,5.03205E+16
110337,7,1,32,63,2018,11,21,3,2,4,7,2,0,1,0,0,0,0,0,4.21004E+20,5.62915E+21,7.8788E+15,5.08087E+16
110338,7,1,11,0,2018,11,18,3,3,5,3,2,0,1,0,1,0,0,0,4.00048E+20,5.58052E+21,7.59454E+15,5.03682E+16
110339,7,1,32,63,2018,11,16,2,3,1,2,1,0,1,0,0,0,0,0,4.21001E+20,5.62937E+21,7.87871E+15,5.08107E+16
110340,7,1,11,0,2018,11,17,3,3,2,6,2,0,1,0,0,0,0,0,3.99343E+20,5.57548E+21,7.58597E+15,5.03228E+16
110341,7,1,41,29,2018,11,14,5,2,4,6,0,0,1,0,0,1,0,0,4.31697E+20,5.58027E+21,8.03953E+15,5.03705E+16
110342,7,1,11,0,2018,11,16,3,3,3,6,0,0,1,0,0,1,0,0,3.97319E+20,5.5838E+21,7.55528E+15,5.03973E+16
110343,7,1,11,0,2018,11,12,3,3,2,6,0,0,1,0,0,1,0,0,3.97553E+20,5.58399E+21,7.55852E+15,5.0399E+16
110344,7,2,35,45,2018,11,6,5,3,9,1,2,0,1,0,0,0,0,2,3.54034E+20,5.5025E+21,6.97755E+15,4.96574E+16
110345,7,3,14,0,2018,11,12,7,3,5,3,0,0,1,0,0,0,0,0,4.51177E+20,5.4811E+21,8.32598E+15,4.94806E+16
110346,7,3,35,4,2018,11,8,2,3,0,7,0,0,1,0,0,0,0,0,4.17412E+20,5.47937E+21,7.86029E+15,4.94613E+16
110347,7,1,37,216,2018,11,17,4,3,2,2,2,0,1,0,0,0,0,0,3.94138E+20,5.58393E+21,7.51051E+15,5.03979E+16
110348,7,1,32,15,2018,11,15,7,2,8,1,0,0,0,0,1,0,0,1,3.96251E+20,5.6089E+21,7.53329E+15,5.06228E+16
110349,7,3,15,0,2018,11,22,5,3,5,3,2,1,1,0,0,0,0,0,4.45013E+20,5.54163E+21,8.23235E+15,5.00244E+16
110350,7,3,35,38,2018,11,7,2,3,2,6,1,0,1,0,0,0,0,0,3.92822E+20,5.47468E+21,7.52232E+15,4.94154E+16
110351,7,1,37,228,2018,11,13,3,2,3,6,0,0,1,0,1,0,0,0,3.89043E+20,5.58572E+21,7.43832E+15,5.0413E+16
110352,7,3,37,501,2018,11,15,5,2,5,2,0,0,1,0,0,0,0,0,4.25637E+20,5.45119E+21,7.97903E+15,4.9209E+16
110353,7,3,35,38,2018,11,7,2,3,2,6,1,0,1,0,0,0,0,0,3.93914E+20,5.47509E+21,7.53725E+15,4.94193E+16
110354,7,1,40,27,2018,11,16,2,3,8,1,1,0,1,0,0,0,0,1,4.05645E+20,5.53939E+21,7.68342E+15,4.99994E+16
110355,7,3,35,22,2018,11,11,2,3,2,6,0,0,1,0,0,0,0,0,3.95782E+20,5.47464E+21,7.56313E+15,4.94155E+16
110356,7,1,37,229,2018,11,4,5,3,8,1,2,0,0,0,0,1,0,0,4.00694E+20,5.58481E+21,7.60248E+15,5.0407E+16
110357,7,3,12,0,2018,11,6,2,2,6,4,2,0,1,1,0,0,0,0,4.08725E+20,5.47712E+21,7.74095E+15,4.94399E+16
110358,7,3,35,49,2018,11,7,3,3,2,6,0,0,1,0,0,0,0,1,4.0106E+20,5.48208E+21,7.63402E+15,4.94833E+16
110359,7,1,32,501,2018,11,21,7,2,8,1,2,0,1,0,0,0,0,1,4.05064E+20,5.61685E+21,7.65579E+15,5.06957E+16
110360,7,1,38,45,2018,11,14,5,2,5,2,0,0,1,0,0,0,0,0,3.92597E+20,5.5915E+21,7.48666E+15,5.04656E+16
110361,7,3,13,0,2018,11,7,2,3,2,6,0,0,1,0,0,0,0,0,4.3622E+20,5.45089E+21,8.12435E+15,4.92075E+16
110362,7,1,11,0,2018,11,6,4,3,2,6,2,0,1,0,0,0,0,0,3.99219E+20,5.57616E+21,7.58405E+15,5.03289E+16
110363,7,1,40,125,2018,11,13,7,3,5,2,0,0,1,0,0,0,0,1,4.04968E+20,5.54008E+21,7.67381E+15,5.00055E+16
110364,7,2,33,75,2018,11,15,5,2,9,1,0,0,1,0,0,0,0,0,3.43831E+20,5.5581E+21,6.8138E+15,5.01545E+16
110365,7,3,14,0,2018,11,7,2,3,1,6,0,0,1,0,1,0,0,0,4.56934E+20,5.4827E+21,8.40527E+15,4.94954E+16
110366,7,3,40,38,2018,11,9,2,3,5,3,0,0,1,0,0,0,0,1,4.01371E+20,5.45463E+21,7.64511E+15,4.92365E+16
110367,7,3,31,73,2018,11,16,2,3,5,3,0,0,1,0,0,1,0,0,4.37638E+20,5.5213E+21,8.13269E+15,4.98409E+16
110368,7,3,32,28,2018,11,15,1,2,2,6,0,0,1,0,1,0,0,0,4.40512E+20,5.48382E+21,8.17836E+15,4.95041E+16
110369,7,3,39,24,2018,11,17,2,3,2,6,2,0,1,0,0,0,0,0,4.5345E+20,5.51577E+21,8.35324E+15,4.97925E+16
110370,7,3,32,25,2018,11,11,4,3,4,6,0,0,1,0,0,1,0,0,4.48652E+20,5.46353E+21,8.2934E+15,4.93224E+16
110371,7,1,40,135,2018,11,10,7,3,8,7,0,0,1,0,0,0,0,1,3.89306E+20,5.52697E+21,7.45908E+15,4.98849E+16
110372,7,2,32,296,2018,11,11,6,2,2,6,0,0,1,0,0,0,0,0,3.14056E+20,5.56297E+21,6.39503E+15,5.01897E+16
110373,7,3,15,0,2018,11,18,2,3,4,2,2,0,1,0,0,0,0,0,4.41414E+20,5.5373E+21,8.18277E+15,4.99851E+16
110374,7,1,33,117,2018,11,10,3,3,2,6,0,0,1,0,0,0,0,1,4.15248E+20,5.52214E+21,7.82118E+15,4.98457E+16
110375,7,1,37,3,2018,11,21,7,3,3,7,2,0,1,0,0,0,0,1,3.87544E+20,5.58588E+21,7.41718E+15,5.04142E+16
110376,7,1,37,226,2018,11,13,5,2,2,6,0,0,1,0,0,0,0,0,4.00253E+20,5.58476E+21,7.5963E+15,5.04064E+16
110377,7,3,15,0,2018,11,13,7,3,0,1,0,1,0,0,0,0,0,1,4.46257E+20,5.53931E+21,8.25004E+15,5.00037E+16
110378,7,1,33,117,2018,11,14,2,3,5,3,0,1,1,0,0,0,0,0,4.15279E+20,5.52189E+21,7.82166E+15,4.98434E+16
110379,7,3,15,0,2018,11,17,2,3,2,6,2,0,1,0,0,0,0,0,4.47737E+20,5.53973E+21,8.27064E+15,5.00076E+16
110380,7,1,33,6,2018,11,7,5,3,2,6,1,0,1,0,0,0,0,1,4.20556E+20,5.52306E+21,7.8948E+15,4.98547E+16
110381,7,3,39,30,2018,11,18,1,3,5,3,2,0,1,0,0,0,0,1,4.29796E+20,5.53589E+21,8.02099E+15,4.99712E+16
110382,7,3,33,14,2018,11,16,7,3,8,1,2,0,1,0,0,0,0,1,4.14466E+20,5.50197E+21,7.81473E+15,4.96642E+16
110383,7,3,39,5,2018,11,7,2,3,2,6,0,0,1,0,0,0,0,0,4.24326E+20,5.534E+21,7.9451E+15,4.99536E+16
110384,7,3,15,0,2018,11,20,4,3,3,6,2,1,1,0,0,0,0,0,4.48073E+20,5.53907E+21,8.27541E+15,5.00017E+16
110385,7,3,33,54,2018,11,8,6,3,4,6,0,0,1,0,0,0,0,0,4.09912E+20,5.50865E+21,7.7501E+15,4.97236E+16
110386,7,3,15,0,2018,11,6,2,3,2,6,2,0,1,0,0,0,0,0,4.4504E+20,5.53445E+21,8.23376E+15,4.99598E+16
110387,7,3,13,0,2018,11,18,5,2,2,7,2,1,1,0,0,0,0,0,4.35779E+20,5.44947E+21,8.11852E+15,4.91946E+16
110388,7,3,18,0,2018,11,18,1,3,4,2,2,0,1,0,0,0,0,0,4.57303E+20,5.46288E+21,8.41251E+15,4.93172E+16
110389,7,1,31,29,2018,11,22,1,3,8,1,2,0,0,0,0,0,1,1,3.54198E+20,5.59124E+21,6.94603E+15,5.0455E+16
110390,7,2,35,115,2018,11,7,2,3,2,6,0,0,1,0,0,0,0,0,3.41612E+20,5.51683E+21,6.79974E+15,4.9783E+16
110391,7,3,39,5,2018,11,12,4,3,0,1,0,0,1,0,1,0,0,0,4.21471E+20,5.53578E+21,7.90494E+15,4.99692E+16
110392,7,3,36,92,2018,11,17,6,3,3,1,1,0,1,0,0,0,0,0,3.81551E+20,5.47416E+21,7.36714E+15,4.94086E+16
110393,7,1,43,269,2018,11,12,6,3,2,6,0,0,1,0,0,0,0,0,4.14563E+20,5.61427E+21,7.79086E+15,5.0674E+16
110394,7,2,33,76,2018,11,12,2,2,5,3,0,0,1,0,0,0,0,0,3.40114E+20,5.578E+21,6.75342E+15,5.03324E+16
110395,7,2,32,304,2018,11,15,3,2,8,1,0,0,1,0,0,0,0,0,3.20452E+20,5.5587E+21,6.48655E+15,5.01533E+16
110396,7,3,35,40,2018,11,19,6,3,7,7,2,0,1,0,0,0,0,0,4.02799E+20,5.48169E+21,7.65812E+15,4.94801E+16
110397,7,2,11,0,2018,11,11,2,3,1,6,0,0,1,0,0,0,0,0,3.3167E+20,5.51596E+21,6.66212E+15,4.97725E+16
110398,7,2,33,75,2018,11,11,2,3,9,1,0,0,1,0,0,0,0,1,3.44756E+20,5.55761E+21,6.82694E+15,5.01503E+16
110399,7,3,31,25,2018,11,23,7,3,7,7,2,0,1,0,0,0,1,1,4.31489E+20,5.51628E+21,8.04807E+15,4.9795E+16