OBJECTID_1,ULAND,UREGBEZ,UKREIS,UGEMEINDE,UJAHR,UMONAT,USTUNDE,UWOCHENTAG,UKATEGORIE,UART,UTYP1,ULICHTVERH,IstRad,IstPKW,IstFuss,IstKrad,IstGkfz,IstSonstig,STRZUSTAND,LINREFX,LINREFY,XGCSWGS84,YGCSWGS84
110400,7,1,43,308,2018,11,15,2,2,5,3,0,0,1,0,1,0,0,0,4.27261E+20,5.60101E+21,7.97313E+15,5.05565E+16
110401,7,2,32,253,2018,11,11,5,2,8,6,0,0,1,0,0,1,0,1,3.08766E+20,5.55102E+21,6.32698E+15,5.00807E+16
110402,7,3,14,0,2018,11,9,7,3,1,6,0,0,1,0,0,0,0,1,4.54889E+20,5.4808E+21,8.37725E+15,4.94782E+16
110403,7,1,41,61,2018,11,6,2,3,3,6,2,1,1,0,0,0,0,0,4.33213E+20,5.58007E+21,8.06088E+15,5.03689E+16
110404,7,2,35,146,2018,11,6,4,3,5,3,2,0,1,0,0,0,0,1,3.15803E+20,5.50582E+21,6.44676E+15,4.96767E+16
110405,7,3,35,47,2018,11,16,6,3,0,7,0,0,0,0,1,0,0,0,4.10873E+20,5.4711E+21,7.77192E+15,4.93861E+16
110406,7,1,33,108,2018,11,17,5,2,5,3,2,0,1,0,1,0,0,0,4.16542E+20,5.53124E+21,7.8372E+15,4.99277E+16
110407,7,1,38,12,2018,11,16,2,3,4,6,1,0,1,0,0,0,1,0,4.04977E+20,5.59879E+21,7.65919E+15,5.05333E+16
110408,7,1,31,6,2018,11,19,3,3,2,6,2,0,1,0,0,0,0,0,3.79385E+20,5.59666E+21,7.29891E+15,5.05094E+16
110409,7,3,35,15,2018,11,10,6,3,8,1,0,0,1,0,0,0,0,0,4.16436E+20,5.47087E+21,7.84861E+15,4.93848E+16
110410,7,1,38,71,2018,11,14,2,3,4,6,0,0,1,0,0,0,0,0,3.94786E+20,5.59972E+21,7.51518E+15,5.05399E+16
110411,7,3,18,0,2018,11,17,5,3,5,3,2,1,1,0,0,0,0,0,4.57091E+20,5.46285E+21,8.4096E+15,4.93169E+16
110412,7,1,38,12,2018,11,9,2,3,5,3,0,0,1,0,1,0,0,0,4.04451E+20,5.60041E+21,7.65136E+15,5.05478E+16
110413,7,1,43,80,2018,11,6,3,3,2,6,2,0,1,0,0,0,0,1,4.25056E+20,5.58926E+21,7.94437E+15,5.04506E+16
110414,7,3,38,8,2018,11,16,6,3,2,6,0,0,1,0,0,0,0,0,4.50448E+20,5.47831E+21,8.31627E+15,4.94554E+16
110415,7,1,32,6,2018,11,12,2,3,2,6,0,0,1,0,0,0,0,0,4.20932E+20,5.62701E+21,7.87824E+15,5.07894E+16
110416,7,2,11,0,2018,11,10,2,3,5,3,0,0,1,0,0,1,0,0,3.28135E+20,5.51301E+21,6.61438E+15,4.9745E+16
110417,7,1,35,29,2018,11,6,2,3,7,7,2,0,1,0,0,0,0,0,3.65122E+20,5.55767E+21,7.11181E+15,5.01559E+16
110418,7,2,35,73,2018,11,21,5,3,2,6,2,0,1,0,0,0,0,0,3.20514E+20,5.51058E+21,6.50981E+15,4.97209E+16
110419,7,1,33,6,2018,11,16,7,3,4,1,1,0,1,0,0,0,0,1,4.19612E+20,5.52399E+21,7.88148E+15,4.98629E+16
110420,7,1,37,86,2018,11,7,2,3,9,7,2,0,0,0,0,0,1,0,3.84905E+20,5.57999E+21,7.38185E+15,5.03607E+16
110421,7,1,41,75,2018,11,10,4,3,2,6,0,0,1,0,0,0,0,0,4.01108E+20,5.57327E+21,7.61134E+15,5.03033E+16
110422,7,3,32,2,2018,11,9,6,3,5,3,0,0,1,0,1,0,0,0,4.40553E+20,5.48091E+21,8.17936E+15,4.94779E+16
110423,7,3,15,0,2018,11,10,5,3,2,6,0,0,1,0,0,0,1,0,4.43797E+20,5.53976E+21,8.21565E+15,5.00075E+16
110424,7,1,40,144,2018,11,17,2,3,5,3,1,0,1,0,1,0,0,0,3.94302E+20,5.53859E+21,7.52542E+15,4.99903E+16
110425,7,1,11,0,2018,11,22,3,2,0,1,2,1,0,0,0,0,0,0,3.99896E+20,5.58029E+21,7.59247E+15,5.03662E+16
110426,7,1,37,224,2018,11,20,2,2,8,1,2,0,1,0,0,0,0,0,4.03221E+20,5.58208E+21,7.63873E+15,5.03828E+16
110427,7,3,40,32,2018,11,19,1,3,9,1,2,0,1,0,0,0,0,0,4.07799E+20,5.45013E+21,7.73442E+15,4.9197E+16
110428,7,3,19,0,2018,11,12,1,3,2,6,0,0,1,0,0,0,0,0,4.53315E+20,5.50296E+21,8.35291E+15,4.96773E+16
110429,7,3,35,22,2018,11,17,4,3,5,3,2,0,1,0,0,0,0,0,3.93754E+20,5.47384E+21,7.53539E+15,4.9408E+16
110430,7,1,37,88,2018,11,11,2,3,5,3,0,0,1,0,1,0,0,1,3.86209E+20,5.58358E+21,7.3991E+15,5.03933E+16
110431,7,1,33,26,2018,11,20,1,3,2,7,2,0,1,0,0,0,0,0,4.19886E+20,5.53152E+21,7.88374E+15,4.99307E+16
110432,7,1,35,83,2018,11,6,5,1,5,2,2,0,1,0,1,0,0,1,3.55328E+20,5.56399E+21,6.9724E+15,5.02104E+16
110433,7,2,31,1,2018,11,17,1,3,2,6,2,0,1,0,0,0,0,0,3.48106E+20,5.53509E+21,6.88272E+15,4.99489E+16
110434,7,3,35,38,2018,11,17,3,2,2,6,2,0,1,0,0,0,0,0,3.96778E+20,5.47521E+21,7.57671E+15,4.94208E+16
110435,7,3,34,11,2018,11,17,6,2,9,1,2,0,1,0,0,0,0,0,4.50868E+20,5.44585E+21,8.32606E+15,4.91635E+16
110436,7,2,32,18,2018,11,19,5,3,2,6,2,0,1,0,0,0,0,0,3.21387E+20,5.53849E+21,6.50905E+15,4.9972E+16
110437,7,1,43,269,2018,11,14,1,2,8,1,0,0,1,0,0,0,0,0,4.15026E+20,5.61446E+21,7.79737E+15,5.06757E+16
110438,7,3,38,17,2018,11,7,2,3,2,6,0,0,1,0,0,0,0,0,4.57438E+20,5.47172E+21,8.41342E+15,4.93966E+16
110439,7,3,35,202,2018,11,8,6,3,9,1,0,0,1,0,0,0,0,1,3.92932E+20,5.47155E+21,7.52467E+15,4.93872E+16
110440,7,1,43,229,2018,11,14,1,2,5,3,0,0,1,0,1,0,0,0,4.15138E+20,5.61409E+21,7.79903E+15,5.06725E+16
110441,7,3,34,13,2018,11,10,1,3,9,1,0,0,1,0,0,0,0,1,4.40526E+20,5.43924E+21,8.18519E+15,4.91032E+16
110442,7,1,38,9,2018,11,22,1,3,9,1,2,0,1,0,0,0,0,1,3.80916E+20,5.60309E+21,7.31845E+15,5.05675E+16
110443,7,1,40,9,2018,11,15,1,3,8,1,0,0,1,0,0,0,0,0,3.87586E+20,5.54694E+21,7.42932E+15,5.00641E+16
110444,7,3,34,13,2018,11,17,4,2,2,6,2,0,1,0,0,0,1,0,4.44952E+20,5.43892E+21,8.24586E+15,4.91006E+16
110445,7,3,37,5,2018,11,11,6,2,0,7,0,1,0,0,0,0,0,0,4.27323E+20,5.43886E+21,8.0044E+15,4.90982E+16
110446,7,2,31,46,2018,11,15,6,2,9,7,0,0,0,0,0,0,1,0,3.39985E+20,5.5458E+21,6.76515E+15,5.0043E+16
110447,7,1,40,144,2018,11,14,1,3,7,1,0,0,1,0,0,0,0,0,3.95235E+20,5.53764E+21,7.53869E+15,4.99819E+16
110448,7,3,19,0,2018,11,15,3,3,3,2,0,1,1,0,0,0,0,0,4.53433E+20,5.49775E+21,8.35516E+15,4.96305E+16
110449,7,3,18,0,2018,11,17,6,2,5,3,2,1,1,0,0,0,0,0,4.59882E+20,5.46389E+21,8.4479E+15,4.93264E+16
110450,7,1,31,90,2018,11,2,1,3,2,6,2,0,1,0,0,0,0,1,3.6452E+20,5.60431E+21,7.0866E+15,5.0575E+16
110451,7,3,14,0,2018,11,12,6,3,6,4,0,0,1,1,0,0,0,0,4.58857E+20,5.4817E+21,8.43194E+15,4.94865E+16
110452,7,3,32,2,2018,11,11,7,3,0,1,0,0,1,0,1,0,0,0,4.404E+20,5.48076E+21,8.17727E+15,4.94766E+16
110453,7,3,16,0,2018,11,18,3,3,3,6,2,0,0,0,0,1,1,0,4.36216E+20,5.46689E+21,8.12175E+15,4.93514E+16
110454,7,1,37,68,2018,11,18,5,3,6,4,2,0,1,1,0,0,0,0,3.73328E+20,5.57693E+21,7.2202E+15,5.03308E+16
110455,7,3,14,0,2018,11,16,2,3,2,2,0,0,1,0,0,0,0,0,4.59054E+20,5.481E+21,8.43474E+15,4.94803E+16
110456,7,3,34,25,2018,11,14,7,3,2,2,0,0,1,0,0,0,0,0,4.48408E+20,5.44522E+21,8.2924E+15,4.91577E+16
110457,7,3,38,2,2018,11,13,5,3,2,2,0,1,1,0,0,0,0,0,4.51167E+20,5.48982E+21,8.32476E+15,4.9559E+16
110458,7,3,39,44,2018,11,19,1,3,2,6,2,0,1,0,0,0,0,0,4.12305E+20,5.54292E+21,7.77553E+15,5.00321E+16
110459,7,1,40,3,2018,11,19,1,3,8,1,2,0,1,0,0,0,0,0,4.00852E+20,5.53745E+21,7.61707E+15,4.99811E+16
110460,7,3,37,19,2018,11,15,7,1,5,4,0,0,0,1,1,0,0,0,4.25136E+20,5.437E+21,7.97478E+15,4.90813E+16
110461,7,3,33,45,2018,11,10,4,3,9,1,0,0,1,0,0,0,0,0,4.29858E+20,5.4971E+21,8.02885E+15,4.96224E+16
110462,7,1,35,42,2018,11,18,6,2,6,4,2,0,1,1,0,0,0,0,3.70089E+20,5.56244E+21,7.17969E+15,5.01999E+16
110463,7,3,13,0,2018,11,23,7,2,8,1,2,0,1,0,0,0,0,0,4.37905E+20,5.44941E+21,8.14772E+15,4.91943E+16
110464,7,2,11,0,2018,11,13,3,2,1,6,0,0,1,0,0,0,1,0,3.33893E+20,5.51638E+21,6.6928E+15,4.97769E+16
110465,7,3,38,11,2018,11,22,7,3,6,4,2,0,0,1,1,0,0,1,4.52455E+20,5.46027E+21,8.34612E+15,4.92933E+16
110466,7,2,32,7,2018,11,7,2,3,9,1,0,0,1,0,0,0,0,1,3.27512E+20,5.54157E+21,6.59301E+15,5.00015E+16
110467,7,3,14,0,2018,11,13,7,3,2,6,0,0,1,0,0,1,0,0,4.59161E+20,5.47899E+21,8.43642E+15,4.94622E+16
110468,7,2,35,153,2018,11,6,5,3,9,6,2,0,1,0,0,0,0,2,3.53982E+20,5.50241E+21,6.97685E+15,4.96566E+16
110469,7,3,33,60,2018,11,20,2,3,8,1,2,0,1,0,0,0,0,1,4.2931E+20,5.48782E+21,8.02294E+15,4.95388E+16
110470,7,3,31,64,2018,11,17,7,3,5,7,1,1,1,0,0,0,0,0,4.39828E+20,5.52466E+21,8.16263E+15,4.98714E+16
110471,7,3,15,0,2018,11,6,5,3,1,6,1,0,1,0,0,0,0,0,4.43923E+20,5.53794E+21,8.21768E+15,4.99912E+16
110472,7,2,35,111,2018,11,14,1,3,4,6,0,0,1,0,0,0,0,1,3.22473E+20,5.52083E+21,6.53229E+15,4.98136E+16
110473,7,3,36,9,2018,11,11,7,2,9,1,0,0,0,0,1,0,0,1,3.9298E+20,5.48864E+21,7.52071E+15,4.95409E+16
110474,7,3,15,0,2018,11,17,7,2,0,2,2,1,1,0,0,0,0,0,4.44844E+20,5.54172E+21,8.22998E+15,5.00252E+16
110475,7,2,35,22,2018,11,6,4,3,2,6,1,0,1,0,0,0,0,0,3.40296E+20,5.51726E+21,6.7813E+15,4.97866E+16
110476,7,3,14,0,2018,11,23,5,3,5,3,2,0,1,0,0,0,0,0,4.5127E+20,5.4801E+21,8.3274E+15,4.94716E+16
110477,7,3,15,0,2018,11,14,7,3,2,6,0,0,1,0,0,0,0,0,4.44004E+20,5.5405E+21,8.21843E+15,5.00142E+16
110478,7,1,32,117,2018,11,7,3,3,5,3,1,0,1,0,1,0,0,1,4.10951E+20,5.62592E+21,7.73693E+15,5.07782E+16
110479,7,3,31,58,2018,11,19,7,3,2,6,2,0,1,0,0,0,0,0,4.39493E+20,5.52399E+21,8.15807E+15,4.98653E+16
110480,7,1,32,8,2018,11,8,2,3,4,6,0,0,1,0,0,1,0,1,4.12724E+20,5.63034E+21,7.76103E+15,5.08182E+16
110481,7,2,11,0,2018,11,14,7,3,2,6,0,0,1,0,0,0,0,0,3.3357E+20,5.51637E+21,6.68832E+15,4.97767E+16
110482,7,1,43,241,2018,11,15,5,2,2,2,1,0,1,0,0,0,1,0,4.11257E+20,5.6098E+21,7.74516E+15,5.06333E+16
110483,7,1,34,57,2018,11,4,7,3,8,1,2,0,1,0,0,0,0,2,3.72901E+20,5.50547E+21,7.23786E+15,4.96883E+16
110484,7,1,11,0,2018,11,0,4,3,8,1,2,0,1,0,0,0,0,0,3.96335E+20,5.58182E+21,7.54198E+15,5.03793E+16
110485,7,3,15,0,2018,11,13,7,3,2,6,0,0,1,0,0,0,0,0,4.47312E+20,5.5299E+21,8.26605E+15,4.99191E+16
110486,7,2,33,218,2018,11,15,5,3,7,7,0,0,1,0,0,0,0,0,3.50728E+20,5.57554E+21,6.90342E+15,5.0313E+16
110487,7,2,35,118,2018,11,16,7,3,3,6,0,0,1,0,0,0,0,0,3.20185E+20,5.4969E+21,6.51154E+15,4.95979E+16
110488,7,3,37,38,2018,11,15,7,3,5,3,0,0,1,0,0,0,0,1,4.41296E+20,5.44582E+21,8.19477E+15,4.91624E+16
110489,7,1,32,79,2018,11,9,7,2,4,7,0,0,1,0,0,0,0,0,4.27608E+20,5.6157E+21,7.97516E+15,5.06886E+16
110490,7,1,43,241,2018,11,13,4,3,2,6,0,0,1,0,0,0,0,0,4.11177E+20,5.60964E+21,7.74405E+15,5.06319E+16
110491,7,3,39,49,2018,11,17,5,3,6,2,2,0,1,1,0,0,0,0,4.53802E+20,5.52228E+21,8.35736E+15,4.98512E+16
110492,7,1,32,22,2018,11,2,7,3,8,7,2,0,1,0,0,0,0,0,4.07524E+20,5.61845E+21,7.69021E+15,5.07105E+16
110493,7,1,40,144,2018,11,13,3,3,2,6,0,0,1,0,0,0,0,0,3.94798E+20,5.53933E+21,7.53213E+15,4.9997E+16
110494,7,3,37,5,2018,11,13,5,3,0,6,0,0,1,0,1,0,0,0,4.27197E+20,5.43977E+21,8.0025E+15,4.91065E+16
110495,7,1,31,77,2018,11,12,7,3,2,6,0,0,1,1,0,0,0,0,3.74346E+20,5.60174E+21,7.22617E+15,5.0554E+16
110496,7,1,11,0,2018,11,7,2,3,5,3,0,0,1,0,0,0,0,1,3.97789E+20,5.58142E+21,7.56254E+15,5.0376E+16
110497,7,1,31,37,2018,11,8,7,3,9,1,1,0,1,0,0,0,0,2,3.60761E+20,5.58379E+21,7.0412E+15,5.03897E+16
110498,7,1,37,207,2018,11,2,5,2,8,1,2,0,0,0,0,1,0,1,3.94176E+20,5.56698E+21,7.5158E+15,5.02455E+16
110499,7,1,37,89,2018,11,19,7,3,5,7,2,0,1,0,1,0,0,0,3.79823E+20,5.57312E+21,7.31263E+15,5.02979E+16
110500,7,3,12,0,2018,11,20,3,3,4,6,2,0,1,0,0,0,0,0,4.02371E+20,5.47724E+21,7.65331E+15,4.944E+16
110501,7,1,38,45,2018,11,17,5,3,5,3,1,1,1,0,0,0,0,0,3.95406E+20,5.5871E+21,7.52745E+15,5.04266E+16
110502,7,3,37,43,2018,11,10,2,3,2,6,0,0,1,0,0,0,0,0,4.35308E+20,5.4459E+21,8.11263E+15,4.91625E+16
110503,7,3,35,4,2018,11,22,6,3,8,7,2,0,1,0,0,0,0,0,4.19106E+20,5.48637E+21,7.88222E+15,4.95246E+16
110504,7,3,16,0,2018,11,11,1,3,3,6,0,0,1,0,0,0,0,0,4.38954E+20,5.46246E+21,8.16012E+15,4.93118E+16
110505,7,1,35,20,2018,11,14,1,3,9,1,0,0,1,0,0,0,0,1,3.68346E+20,5.55655E+21,7.15731E+15,5.01465E+16
110506,7,1,34,56,2018,11,13,6,3,4,6,0,0,1,0,0,0,0,0,3.77378E+20,5.5154E+21,7.29677E+15,4.97785E+16
110507,7,3,19,0,2018,11,17,6,3,2,6,2,0,1,0,0,0,0,1,4.54231E+20,5.49684E+21,8.36631E+15,4.96223E+16
110508,7,1,34,90,2018,11,13,6,3,1,6,0,0,1,0,0,0,0,0,3.78015E+20,5.51122E+21,7.30693E+15,4.97411E+16
110509,7,3,14,0,2018,11,20,2,3,5,2,2,1,1,0,0,0,0,1,4.55968E+20,5.48228E+21,8.39199E+15,4.94915E+16
110510,7,3,15,0,2018,11,11,6,3,2,7,0,0,1,0,0,0,0,1,4.47653E+20,5.5376E+21,8.26975E+15,4.99884E+16
110511,7,2,35,45,2018,11,15,6,3,5,3,0,0,1,0,0,0,0,0,3.53826E+20,5.50494E+21,6.97375E+15,4.96792E+16
110512,7,2,31,90,2018,11,8,1,3,8,1,0,0,1,0,0,0,0,1,3.58126E+20,5.52991E+21,7.02421E+15,4.99048E+16
110513,7,1,43,70,2018,11,18,5,3,4,6,2,0,1,0,0,0,0,1,4.14672E+20,5.59476E+21,7.79688E+15,5.04986E+16
110514,7,1,37,3,2018,12,18,2,3,8,1,2,0,1,0,0,0,0,1,3.89057E+20,5.58564E+21,7.43854E+15,5.04123E+16
110515,7,2,11,0,2018,11,18,6,3,2,6,2,0,1,0,0,0,0,1,3.27177E+20,5.51613E+21,6.5997E+15,4.97728E+16
110516,7,1,11,0,2018,11,7,4,3,1,6,1,0,1,0,0,0,0,0,4.00462E+20,5.57894E+21,7.60078E+15,5.03541E+16
110517,7,3,14,0,2018,12,19,7,2,8,1,2,0,1,0,0,0,0,1,4.57333E+20,5.48523E+21,8.41052E+15,4.95182E+16
110518,7,1,43,269,2018,11,18,6,3,2,2,2,0,1,0,0,0,0,0,4.13637E+20,5.61458E+21,7.77769E+15,5.06766E+16
110519,7,3,15,0,2018,11,16,3,3,2,6,1,0,1,0,1,1,0,0,4.44597E+20,5.54185E+21,8.22651E+15,5.00263E+16
110520,7,1,41,34,2018,11,8,6,3,4,2,1,0,1,0,0,0,0,1,4.27364E+20,5.57011E+21,7.98056E+15,5.02787E+16
110521,7,1,38,37,2018,11,9,6,3,4,6,0,0,0,0,0,1,1,0,3.78949E+20,5.59952E+21,7.29184E+15,5.05351E+16
110522,7,3,33,81,2018,11,7,2,3,2,2,1,0,1,0,0,0,1,0,4.28013E+20,5.49564E+21,8.00359E+15,4.9609E+16
110523,7,1,31,77,2018,11,17,6,3,2,6,2,0,1,0,0,0,0,0,3.75702E+20,5.60189E+21,7.24525E+15,5.05557E+16
110524,7,1,11,0,2018,11,8,6,3,5,3,0,0,1,0,0,0,0,1,3.96985E+20,5.57791E+21,7.5522E+15,5.03443E+16
110525,7,3,17,0,2018,11,16,5,3,2,6,0,0,1,0,0,0,1,0,3.9799E+20,5.448E+21,7.60036E+15,4.91763E+16
110526,7,3,12,0,2018,11,12,7,3,5,3,0,0,1,0,1,0,0,0,4.09261E+20,5.47906E+21,7.7479E+15,4.94574E+16
110527,7,1,11,0,2018,11,13,5,3,2,6,0,0,1,0,0,0,0,1,3.99464E+20,5.58138E+21,7.58611E+15,5.03758E+16
110528,7,3,39,56,2018,12,18,1,2,9,1,2,0,0,0,0,0,1,1,4.25633E+20,5.52373E+21,7.96529E+15,4.98613E+16
110529,7,3,11,0,2018,11,17,5,3,2,6,2,0,1,0,0,0,0,0,4.50203E+20,5.47999E+21,8.31268E+15,4.94705E+16
110530,7,2,31,502,2018,11,15,6,3,5,2,0,0,1,0,0,0,0,0,3.64134E+20,5.51762E+21,7.11213E+15,4.97956E+16
110531,7,3,32,30,2018,11,7,5,3,2,6,0,0,1,0,0,0,0,0,4.4201E+20,5.48903E+21,8.19828E+15,4.95511E+16
110532,7,1,43,78,2018,11,13,1,3,8,1,0,0,1,0,0,0,0,0,4.1301E+20,5.59512E+21,7.77337E+15,5.05016E+16
110533,7,1,32,54,2018,11,0,5,3,9,1,2,0,1,0,0,0,0,1,4.12025E+20,5.6271E+21,7.75188E+15,5.0789E+16
110534,7,3,40,54,2018,12,10,1,3,8,1,0,0,1,0,0,0,0,1,4.03739E+20,5.46092E+21,7.67611E+15,4.92935E+16
110535,7,1,31,14,2018,11,15,7,3,8,1,0,0,1,0,0,0,0,1,3.78625E+20,5.59213E+21,7.28967E+15,5.04686E+16
110536,7,3,34,501,2018,11,19,5,3,8,1,2,0,1,0,0,0,0,0,4.46939E+20,5.43402E+21,8.27372E+15,4.90567E+16
110537,7,1,40,165,2018,11,9,7,3,9,1,0,0,1,0,0,0,0,1,3.77726E+20,5.53672E+21,7.29487E+15,4.99703E+16
110538,7,3,32,27,2018,11,7,3,3,9,1,1,0,1,0,0,0,0,1,4.33944E+20,5.48696E+21,8.08712E+15,4.95316E+16
110539,7,1,38,73,2018,12,17,7,3,2,6,2,0,1,0,0,0,0,1,3.74185E+20,5.60724E+21,7.22204E+15,5.06035E+16
110540,7,3,34,7,2018,11,10,5,3,3,6,0,0,1,0,0,0,0,0,4.52894E+20,5.45386E+21,8.3529E+15,4.92357E+16
110541,7,2,32,296,2018,11,13,3,3,1,7,0,0,1,0,0,0,1,1,3.15249E+20,5.56626E+21,6.41011E+15,5.02196E+16
110542,7,3,18,0,2018,11,14,5,3,5,3,0,1,1,0,0,0,0,0,4.58584E+20,5.4647E+21,8.42994E+15,4.93336E+16
110543,7,2,35,78,2018,11,18,2,3,5,3,2,0,1,0,0,0,0,0,3.39178E+20,5.51973E+21,6.76476E+15,4.98084E+16
110544,7,3,38,14,2018,11,4,5,2,8,7,2,0,1,0,0,0,0,0,4.46823E+20,5.47376E+21,8.26687E+15,4.94142E+16
110545,7,3,36,6,2018,11,5,5,3,9,7,2,0,1,0,0,0,0,1,3.84559E+20,5.49152E+21,7.40352E+15,4.95652E+16
110546,7,2,11,0,2018,12,15,2,3,3,1,1,0,1,0,0,0,0,1,3.29202E+20,5.51675E+21,6.62754E+15,4.97789E+16
110547,7,3,31,22,2018,11,17,5,3,2,1,2,0,1,0,1,0,0,0,4.37553E+20,5.50719E+21,8.13377E+15,4.9714E+16
110548,7,3,15,0,2018,11,17,7,3,0,1,2,0,0,0,1,0,0,1,4.47047E+20,5.53915E+21,8.26109E+15,5.00023E+16
110549,7,3,37,70,2018,11,12,4,3,0,1,0,1,0,0,0,0,0,1,4.3227E+20,5.46193E+21,8.06826E+15,4.93064E+16
110550,7,3,39,4,2018,12,20,1,2,2,6,2,0,1,0,0,0,1,1,4.27374E+20,5.52158E+21,7.98991E+15,4.98422E+16
110551,7,3,31,37,2018,11,22,5,2,2,7,2,0,1,0,0,1,0,0,4.457E+20,5.50376E+21,8.24724E+15,4.96839E+16
110552,7,3,13,0,2018,11,16,6,3,2,6,1,0,1,0,0,0,0,1,4.3698E+20,5.45083E+21,8.13479E+15,4.9207E+16
110553,7,2,31,8,2018,11,10,5,3,2,6,0,0,1,0,0,0,0,0,3.59168E+20,5.53057E+21,7.03846E+15,4.99109E+16
110554,7,3,17,0,2018,11,18,2,1,6,4,0,0,1,1,0,0,0,1,3.95272E+20,5.45041E+21,7.56245E+15,4.91975E+16
110555,7,3,36,102,2018,11,7,6,3,2,6,0,0,1,0,0,0,0,1,3.79231E+20,5.47197E+21,7.33584E+15,4.93884E+16
110556,7,1,34,41,2018,11,6,5,3,2,6,2,0,1,0,0,0,0,0,3.81944E+20,5.51119E+21,7.36145E+15,4.97416E+16
110557,7,1,43,229,2018,11,16,3,2,2,6,1,0,1,0,1,0,0,0,4.16285E+20,5.61323E+21,7.81545E+15,5.06649E+16
110558,7,2,11,0,2018,11,18,5,2,4,2,2,0,1,0,0,0,0,0,3.31197E+20,5.51619E+21,6.65547E+15,4.97745E+16
110559,7,1,32,31,2018,11,8,2,3,8,1,0,0,1,0,0,0,0,1,3.92766E+20,5.6176E+21,7.48151E+15,5.07003E+16
110560,7,2,11,0,2018,11,15,5,3,5,3,0,0,1,0,0,0,0,0,3.29966E+20,5.51344E+21,6.63958E+15,4.97493E+16
110561,7,3,14,0,2018,11,9,5,3,2,6,0,0,1,0,0,0,0,0,4.5879E+20,5.47839E+21,8.43136E+15,4.94568E+16
110562,7,2,11,0,2018,12,14,2,3,2,2,0,0,1,0,0,0,0,1,3.35038E+20,5.52208E+21,6.70627E+15,4.98284E+16
110563,7,1,43,47,2018,11,17,5,3,4,2,2,0,1,0,0,0,1,0,4.11407E+20,5.59344E+21,7.75117E+15,5.04863E+16
110564,7,3,39,43,2018,11,23,4,2,5,3,2,0,1,0,1,0,0,1,4.52885E+20,5.52455E+21,8.34433E+15,4.98715E+16
110565,7,1,31,70,2018,12,14,1,3,0,6,0,0,1,0,1,0,0,1,3.75075E+20,5.60375E+21,7.23579E+15,5.05723E+16
110566,7,1,32,6,2018,11,12,5,2,1,5,0,0,1,0,1,0,0,0,4.199E+20,5.62758E+21,7.86348E+15,5.07944E+16
110567,7,3,14,0,2018,11,8,6,3,1,6,0,0,1,0,0,0,0,1,4.58034E+20,5.47989E+21,8.42077E+15,4.94702E+16
110568,7,1,38,45,2018,11,18,5,3,2,6,2,1,1,0,0,0,0,0,3.89459E+20,5.59034E+21,7.44281E+15,5.04546E+16
110569,7,3,16,0,2018,11,16,2,3,2,6,1,0,1,0,0,0,1,1,4.39778E+20,5.46464E+21,8.17113E+15,4.93315E+16
110570,7,1,35,45,2018,11,17,5,3,7,1,2,0,1,0,0,0,0,0,3.66733E+20,5.56592E+21,7.13147E+15,5.02304E+16
110571,7,3,15,0,2018,11,11,1,2,8,1,0,0,1,0,0,0,0,1,4.47126E+20,5.53853E+21,8.26227E+15,4.99967E+16
110572,7,2,35,118,2018,11,9,5,3,1,2,0,0,1,0,1,0,0,1,3.23429E+20,5.49778E+21,6.55599E+15,4.96067E+16
110573,7,1,31,70,2018,12,14,2,3,2,1,0,0,1,0,0,1,0,1,3.72674E+20,5.60462E+21,7.2016E+15,5.05796E+16
110574,7,1,40,154,2018,11,9,5,2,8,1,0,0,1,0,0,0,0,0,3.8885E+20,5.5358E+21,7.45019E+15,4.99642E+16
110575,7,3,36,102,2018,11,6,4,3,2,7,2,0,1,0,0,0,1,0,3.83191E+20,5.47018E+21,7.39091E+15,4.93731E+16
110576,7,3,37,5,2018,11,23,1,3,5,3,2,0,1,0,0,0,0,0,4.27189E+20,5.43964E+21,8.00242E+15,4.91053E+16
110577,7,3,39,30,2018,11,6,5,3,9,1,2,0,1,0,0,0,0,1,4.29898E+20,5.53678E+21,8.02226E+15,4.99792E+16
110578,7,1,32,63,2018,12,16,2,3,2,1,1,0,1,0,0,0,0,1,4.2129E+20,5.62908E+21,7.88288E+15,5.08081E+16
110579,7,3,14,0,2018,11,7,4,3,2,6,0,0,1,0,0,0,0,0,4.5345E+20,5.48225E+21,8.35722E+15,4.94911E+16
110580,7,1,34,1,2018,11,5,4,3,7,7,2,0,1,0,0,0,0,0,3.61168E+20,5.50527E+21,7.07534E+15,4.96839E+16
110581,7,1,40,27,2018,12,20,1,3,8,6,2,0,1,0,0,0,0,1,4.0546E+20,5.54045E+21,7.68058E+15,5.00089E+16
110582,7,3,37,7,2018,11,13,4,3,2,2,0,0,1,0,0,0,0,0,4.33616E+20,5.44371E+21,8.0898E+15,4.91426E+16
110583,7,3,40,54,2018,11,10,6,3,2,1,0,0,1,0,0,0,0,0,4.02186E+20,5.46005E+21,7.65497E+15,4.92854E+16
110584,7,3,15,0,2018,11,16,6,2,5,3,2,1,1,0,0,0,0,0,4.45013E+20,5.54163E+21,8.23235E+15,5.00244E+16