OBJECTID_1,ULAND,UREGBEZ,UKREIS,UGEMEINDE,UJAHR,UMONAT,USTUNDE,UWOCHENTAG,UKATEGORIE,UART,UTYP1,ULICHTVERH,IstRad,IstPKW,IstFuss,IstKrad,IstGkfz,IstSonstig,STRZUSTAND,LINREFX,LINREFY,XGCSWGS84,YGCSWGS84
110585,7,3,39,5,2018,11,9,4,3,4,6,0,0,1,0,0,0,1,0,4.20417E+20,5.53498E+21,7.89041E+15,4.99618E+16
110586,7,3,14,0,2018,11,17,2,3,2,6,2,0,1,0,0,0,0,1,4.55521E+20,5.48727E+21,8.38526E+15,4.95364E+16
110587,7,1,33,86,2018,11,13,4,3,5,3,0,0,1,0,0,0,0,0,4.14775E+20,5.52295E+21,7.81442E+15,4.98529E+16
110588,7,2,33,42,2018,11,16,6,2,5,3,1,0,1,0,0,0,0,1,3.48156E+20,5.55977E+21,6.87364E+15,5.01706E+16
110589,7,3,33,1,2018,11,18,4,3,5,3,2,0,1,0,0,0,0,0,4.34839E+20,5.50031E+21,8.09728E+15,4.96519E+16
110590,7,1,43,208,2018,11,22,1,3,8,1,2,0,1,0,0,0,0,1,4.24375E+20,5.59162E+21,7.9343E+15,5.04717E+16
110591,7,1,43,70,2018,11,15,5,3,8,7,1,0,1,0,0,0,0,0,4.14428E+20,5.59334E+21,7.79377E+15,5.04858E+16
110592,7,1,11,0,2018,12,8,2,3,2,6,0,0,1,0,0,0,1,1,3.98112E+20,5.58456E+21,7.56624E+15,5.04042E+16
110593,7,1,31,7,2018,11,9,7,3,8,1,0,0,1,0,0,0,0,1,3.66893E+20,5.60178E+21,7.12101E+15,5.05528E+16
110594,7,2,33,212,2018,11,17,4,3,5,3,2,0,1,0,0,0,0,0,3.4827E+20,5.57284E+21,6.87E+15,5.02882E+16
110595,7,3,20,0,2018,11,20,6,3,1,1,2,0,1,0,0,0,0,0,3.81719E+20,5.45332E+21,7.37563E+15,4.92212E+16
110596,7,3,36,102,2018,11,8,3,2,8,1,0,0,1,0,0,0,0,1,3.8079E+20,5.47071E+21,7.35769E+15,4.93774E+16
110597,7,2,32,91,2018,12,19,7,3,7,7,2,0,1,0,0,0,0,1,3.20602E+20,5.53487E+21,6.4998E+15,4.99392E+16
110598,7,2,32,86,2018,11,18,4,3,2,2,2,0,1,0,0,0,0,0,3.23389E+20,5.5431E+21,6.53483E+15,5.0014E+16
110599,7,3,31,3,2018,11,13,3,3,8,7,0,0,1,0,0,0,0,0,4.37605E+20,5.50792E+21,8.13438E+15,4.97205E+16
110600,7,2,32,18,2018,11,7,4,3,0,3,2,0,1,0,0,0,0,0,3.23118E+20,5.54087E+21,6.53208E+15,4.99939E+16
110601,7,1,32,114,2018,11,18,7,3,8,1,2,0,1,0,0,0,0,1,3.9781E+20,5.62256E+21,7.55153E+15,5.07458E+16
110602,7,1,38,38,2018,11,14,4,3,1,1,0,0,1,0,0,0,0,0,3.85806E+20,5.58971E+21,7.39156E+15,5.04482E+16
110603,7,3,34,17,2018,12,20,7,3,4,6,2,0,1,0,0,0,0,0,4.52903E+20,5.45386E+21,8.35303E+15,4.92357E+16
110604,7,1,43,305,2018,11,23,4,3,8,1,2,0,1,0,0,0,0,0,4.18787E+20,5.6007E+21,7.85359E+15,5.05526E+16
110605,7,1,33,18,2018,11,19,3,3,5,3,2,0,1,0,0,0,0,0,4.20849E+20,5.52595E+21,7.89829E+15,4.98807E+16
110606,7,1,38,74,2018,11,15,4,3,8,1,0,0,1,0,0,0,0,1,3.98685E+20,5.60382E+21,7.56907E+15,5.05775E+16
110607,7,1,38,68,2018,11,17,4,3,2,6,2,0,1,0,0,0,0,0,3.81932E+20,5.60721E+21,7.33148E+15,5.06049E+16
110608,7,3,19,0,2018,11,17,2,3,0,1,2,0,1,0,0,0,0,1,4.47247E+20,5.49805E+21,8.26947E+15,4.96327E+16
110609,7,1,11,0,2018,11,18,4,3,3,6,2,0,1,0,0,1,0,0,3.99608E+20,5.58063E+21,7.58833E+15,5.03691E+16
110610,7,1,43,81,2018,11,15,6,3,9,1,0,0,1,0,0,0,0,1,4.10823E+20,5.58928E+21,7.74393E+15,5.04487E+16
110611,7,1,11,0,2018,11,17,4,3,1,6,1,0,1,0,0,0,0,0,3.9842E+20,5.58213E+21,7.57123E+15,5.03824E+16
110612,7,3,40,10,2018,11,12,7,2,9,1,0,0,1,0,0,0,0,1,4.20484E+20,5.44072E+21,7.91037E+15,4.91142E+16
110613,7,1,31,7,2018,11,19,5,3,7,4,2,0,1,1,0,0,0,0,3.66015E+20,5.60096E+21,7.10891E+15,5.05452E+16
110614,7,3,12,0,2018,12,18,1,3,1,5,2,0,1,0,0,0,0,1,4.0825E+20,5.47551E+21,7.73477E+15,4.94253E+16
110615,7,1,40,123,2018,11,23,7,3,9,1,2,0,1,0,0,0,0,1,3.8757E+20,5.54056E+21,7.43096E+15,5.00067E+16
110616,7,3,40,12,2018,11,13,3,3,2,1,0,0,1,0,0,0,0,0,4.0605E+20,5.46434E+21,7.70708E+15,4.93246E+16
110617,7,3,34,23,2018,11,7,3,3,5,3,1,0,1,0,0,0,0,0,4.43691E+20,5.44896E+21,8.22719E+15,4.91909E+16
110618,7,3,40,54,2018,11,17,6,2,4,6,2,0,1,0,0,1,0,1,4.01671E+20,5.46057E+21,7.64777E+15,4.929E+16
110619,7,3,36,105,2018,11,11,3,3,8,6,0,0,1,0,0,0,1,0,3.99683E+20,5.49455E+21,7.61184E+15,4.95952E+16
110620,7,2,32,118,2018,11,11,3,3,5,3,0,0,1,0,0,0,0,1,3.19836E+20,5.5476E+21,6.48317E+15,5.00534E+16
110621,7,3,12,0,2018,11,19,3,3,3,7,2,0,0,0,1,0,1,0,4.09124E+20,5.47638E+21,7.74662E+15,4.94333E+16
110622,7,2,11,0,2018,11,13,2,2,4,6,0,0,1,0,0,1,0,0,3.3129E+20,5.51278E+21,6.65824E+15,4.97438E+16
110623,7,3,38,16,2018,11,8,3,3,2,6,0,0,1,0,0,0,0,0,4.50119E+20,5.48477E+21,8.31091E+15,4.95135E+16
110624,7,3,38,25,2018,11,17,5,3,5,2,1,0,1,0,0,0,0,0,4.52252E+20,5.47097E+21,8.34204E+15,4.93896E+16
110625,7,2,35,137,2018,12,8,2,3,3,1,0,0,1,0,0,1,0,1,3.27354E+20,5.51624E+21,6.60212E+15,4.97738E+16
110626,7,3,13,0,2018,11,17,3,3,2,6,1,0,1,0,0,0,0,0,4.36469E+20,5.44956E+21,8.12799E+15,4.91956E+16
110627,7,3,14,0,2018,11,17,3,3,2,6,2,0,1,0,0,0,0,0,4.59347E+20,5.48118E+21,8.43875E+15,4.94819E+16
110628,7,2,32,311,2018,11,17,2,2,7,7,2,0,1,0,0,0,1,0,3.33713E+20,5.53843E+21,6.68082E+15,4.9975E+16
110629,7,3,14,0,2018,11,17,3,3,2,6,1,0,1,0,0,0,1,0,4.58409E+20,5.48062E+21,8.42587E+15,4.94768E+16
110630,7,1,33,103,2018,11,16,6,3,2,6,2,0,1,0,0,0,0,1,4.11701E+20,5.53514E+21,7.76888E+15,4.99621E+16
110631,7,3,15,0,2018,12,10,2,3,5,2,0,1,0,0,0,0,1,1,4.46874E+20,5.53945E+21,8.25863E+15,5.0005E+16
110632,7,3,14,0,2018,11,17,3,2,5,2,2,0,1,0,1,0,0,0,4.57287E+20,5.47875E+21,8.41059E+15,4.94599E+16
110633,7,3,31,15,2018,11,14,7,3,8,1,0,0,0,0,1,0,0,1,4.44264E+20,5.5107E+21,8.22636E+15,4.97462E+16
110634,7,3,32,47,2018,11,14,4,3,3,6,0,0,1,0,0,1,0,0,4.3102E+20,5.48599E+21,8.04689E+15,4.95226E+16
110635,7,3,15,0,2018,12,19,1,3,5,3,2,0,1,0,0,0,0,1,4.47051E+20,5.53903E+21,8.26116E+15,5.00013E+16
110636,7,3,31,2,2018,11,20,3,2,0,6,2,0,0,0,1,0,0,0,4.526E+20,5.51342E+21,8.34172E+15,4.97714E+16
110637,7,3,35,204,2018,11,9,6,3,4,6,0,0,1,0,0,0,1,1,4.05055E+20,5.46869E+21,7.69235E+15,4.93636E+16
110638,7,3,39,12,2018,11,16,3,3,8,1,1,0,1,0,0,0,0,0,4.52763E+20,5.51949E+21,8.34325E+15,4.9826E+16
110639,7,1,37,81,2018,11,20,3,3,8,7,2,0,1,0,0,0,0,0,3.79701E+20,5.58656E+21,7.30662E+15,5.04187E+16
110640,7,3,15,0,2018,11,22,3,3,2,6,2,0,1,0,0,0,0,1,4.45139E+20,5.53661E+21,8.23483E+15,4.99793E+16
110641,7,1,35,43,2018,11,7,2,3,5,3,2,0,1,0,0,0,0,0,3.73316E+20,5.56744E+21,7.22321E+15,5.02455E+16
110642,7,3,33,22,2018,11,11,5,3,9,1,0,0,1,0,0,0,0,0,4.32682E+20,5.5014E+21,8.06721E+15,4.96613E+16
110643,7,1,41,51,2018,12,14,2,3,5,3,1,0,1,0,0,0,1,1,4.33139E+20,5.57105E+21,8.06144E+15,5.02878E+16
110644,7,3,15,0,2018,11,17,3,3,3,6,2,0,1,0,0,1,0,0,4.45355E+20,5.54148E+21,8.23714E+15,5.00232E+16
110645,7,3,35,501,2018,11,18,6,3,4,1,2,0,1,0,0,0,0,0,3.95321E+20,5.48312E+21,7.55454E+15,4.94917E+16
110646,7,2,32,7,2018,11,23,7,3,9,1,2,0,1,0,0,0,0,1,3.27853E+20,5.54152E+21,6.59779E+15,5.00011E+16
110647,7,3,15,0,2018,11,19,4,3,2,6,2,0,1,0,0,0,0,1,4.47117E+20,5.5386E+21,8.26214E+15,4.99974E+16
110648,7,1,37,102,2018,12,21,1,2,9,7,2,0,1,0,0,0,0,1,3.78715E+20,5.57573E+21,7.29624E+15,5.03211E+16
110649,7,3,15,0,2018,11,14,3,3,5,3,0,0,1,0,1,0,0,0,4.49893E+20,5.53499E+21,8.30133E+15,4.99651E+16
110650,7,1,33,6,2018,11,2,6,3,7,1,2,0,1,0,0,0,0,0,4.17159E+20,5.51873E+21,7.84848E+15,4.98153E+16
110651,7,3,14,0,2018,11,16,4,3,6,2,1,0,1,1,0,0,0,0,4.59159E+20,5.47923E+21,8.43636E+15,4.94643E+16
110652,7,1,32,15,2018,12,1,1,2,9,1,2,0,1,0,0,0,0,1,3.95527E+20,5.60768E+21,7.52339E+15,5.06117E+16
110653,7,2,33,4,2018,11,16,3,2,4,6,0,0,1,0,0,0,0,1,3.37852E+20,5.56678E+21,6.72647E+15,5.02309E+16
110654,7,3,38,6,2018,11,11,6,3,5,3,0,0,1,0,0,0,0,1,4.50021E+20,5.47574E+21,8.3107E+15,4.94323E+16
110655,7,2,11,0,2018,11,17,3,3,5,3,2,0,1,0,0,0,0,0,3.34825E+20,5.52074E+21,6.70387E+15,4.98164E+16
110656,7,3,18,0,2018,11,14,2,3,2,6,0,0,1,0,0,0,1,1,4.58062E+20,5.46695E+21,8.42253E+15,4.93539E+16
110657,7,2,11,0,2018,11,13,3,3,5,3,0,0,1,0,0,0,0,0,3.30816E+20,5.51441E+21,6.65095E+15,4.97584E+16
110658,7,1,33,18,2018,11,11,1,3,9,1,0,0,1,0,0,0,0,1,4.19957E+20,5.52419E+21,7.88624E+15,4.98648E+16
110659,7,1,35,64,2018,11,8,5,3,2,2,0,0,1,0,0,0,1,0,3.74694E+20,5.54573E+21,7.24966E+15,5.00506E+16
110660,7,1,38,45,2018,12,11,2,3,3,6,0,0,1,0,0,0,0,1,3.92467E+20,5.59001E+21,7.48527E+15,5.04522E+16
110661,7,1,43,304,2018,11,16,3,2,5,3,1,0,1,0,0,0,0,0,4.25444E+20,5.59334E+21,7.94902E+15,5.04873E+16
110662,7,3,12,0,2018,11,14,6,3,3,2,0,0,1,0,0,0,0,0,4.0819E+20,5.477E+21,7.7336E+15,4.94387E+16
110663,7,1,43,308,2018,11,7,4,3,2,2,1,0,1,0,0,0,0,0,4.27337E+20,5.60033E+21,7.97433E+15,5.05504E+16
110664,7,3,38,6,2018,12,17,7,3,2,7,2,0,1,0,0,0,0,0,4.49712E+20,5.47595E+21,8.30642E+15,4.94341E+16
110665,7,1,38,45,2018,11,17,3,3,5,3,2,0,1,0,0,0,0,0,3.94924E+20,5.59019E+21,7.51981E+15,5.04543E+16
110666,7,3,17,0,2018,11,13,6,3,5,3,0,0,1,0,0,0,0,0,3.9746E+20,5.44935E+21,7.59275E+15,4.91884E+16
110667,7,3,40,10,2018,11,15,2,3,4,1,0,0,1,0,0,1,0,1,4.16285E+20,5.43973E+21,7.85304E+15,4.91047E+16
110668,7,3,39,21,2018,11,17,2,3,1,6,2,0,1,0,0,0,0,0,4.23274E+20,5.52826E+21,7.93158E+15,4.99018E+16
110669,7,3,20,0,2018,11,18,2,3,5,2,2,0,1,0,0,0,0,1,3.80659E+20,5.45577E+21,7.36035E+15,4.92431E+16
110670,7,2,31,502,2018,11,17,6,3,1,6,1,0,1,0,0,0,0,1,3.67957E+20,5.52391E+21,7.16309E+15,4.98531E+16
110671,7,3,36,85,2018,11,6,2,3,9,1,1,0,1,0,0,0,0,0,4.04019E+20,5.49824E+21,7.67092E+15,4.96291E+16
110672,7,3,12,0,2018,11,14,6,3,3,6,0,1,0,0,0,0,1,0,4.07073E+20,5.47382E+21,7.71894E+15,4.941E+16
110673,7,1,43,23,2018,11,16,1,3,5,3,2,0,1,0,0,0,0,0,4.24863E+20,5.58522E+21,7.94246E+15,5.04142E+16
110674,7,3,36,6,2018,11,13,2,2,6,4,0,0,1,1,0,0,0,1,3.84034E+20,5.49057E+21,7.39654E+15,4.95566E+16
110675,7,3,14,0,2018,11,17,2,3,0,3,2,0,1,0,0,0,0,1,4.54948E+20,5.48099E+21,8.37806E+15,4.94798E+16
110676,7,3,12,0,2018,11,9,2,3,6,4,0,0,1,1,0,0,0,1,4.08999E+20,5.47737E+21,7.74467E+15,4.94422E+16
110677,7,2,33,50,2018,11,14,1,3,9,1,0,0,1,0,0,0,0,1,3.38591E+20,5.56321E+21,6.73834E+15,5.0199E+16
110678,7,1,43,70,2018,11,5,5,3,8,1,2,0,1,0,0,0,0,1,4.15242E+20,5.59532E+21,7.80479E+15,5.05037E+16
110679,7,1,40,64,2018,12,17,2,3,2,2,2,0,1,0,0,0,0,1,3.89751E+20,5.5487E+21,7.45905E+15,5.00804E+16
110680,7,3,12,0,2018,11,19,2,3,0,1,2,0,0,0,1,0,0,1,4.12579E+20,5.4776E+21,7.794E+15,4.94448E+16
110681,7,3,35,41,2018,11,15,6,3,8,7,1,0,1,0,0,0,0,0,4.05822E+20,5.48966E+21,7.69793E+15,4.95522E+16
110682,7,1,31,77,2018,11,7,4,3,2,6,1,0,1,0,0,0,1,1,3.7575E+20,5.6019E+21,7.24593E+15,5.05558E+16
110683,7,3,11,0,2018,12,18,7,3,8,1,2,0,0,0,0,0,1,1,4.53326E+20,5.48413E+21,8.3553E+15,4.9508E+16
110684,7,3,12,0,2018,11,13,2,3,6,4,0,0,1,1,0,0,0,1,4.12363E+20,5.47737E+21,7.79107E+15,4.94427E+16
110685,7,3,15,0,2018,11,21,3,3,8,1,2,0,1,0,0,0,0,0,4.45745E+20,5.54019E+21,8.24277E+15,5.00116E+16
110686,7,3,12,0,2018,11,8,2,2,6,6,0,0,1,1,0,0,0,1,4.10294E+20,5.48039E+21,7.76185E+15,4.94695E+16
110687,7,3,34,501,2018,11,6,2,3,8,7,2,0,1,0,0,0,0,1,4.34267E+20,5.43289E+21,8.10048E+15,4.90454E+16
110688,7,3,15,0,2018,11,13,2,3,9,6,0,0,1,0,0,0,0,0,4.43442E+20,5.54157E+21,8.21042E+15,5.00238E+16
110689,7,3,33,26,2018,11,16,2,3,5,3,2,0,1,0,0,0,0,1,4.29847E+20,5.49375E+21,8.0293E+15,4.95923E+16
110690,7,1,37,226,2018,11,19,6,2,0,1,2,1,0,0,0,0,0,1,4.01342E+20,5.58407E+21,7.6118E+15,5.04004E+16
110691,7,3,19,0,2018,11,6,2,3,2,6,2,0,1,0,0,0,0,1,4.52267E+20,5.50297E+21,8.33837E+15,4.96774E+16
110692,7,3,35,34,2018,11,6,6,2,4,2,2,0,1,0,0,0,0,1,4.1013E+20,5.48275E+21,7.75905E+15,4.94907E+16
110693,7,3,36,11,2018,11,11,7,3,9,1,0,0,1,0,0,0,0,1,3.81494E+20,5.47539E+21,7.36598E+15,4.94196E+16
110694,7,1,40,82,2018,11,4,5,1,6,4,2,0,1,1,0,0,0,1,3.76303E+20,5.5324E+21,7.27642E+15,4.99312E+16
110695,7,3,11,0,2018,12,18,1,3,2,6,2,0,1,0,0,0,0,1,4.54116E+20,5.48747E+21,8.36582E+15,4.95381E+16
110696,7,3,15,0,2018,11,18,2,2,6,2,2,0,1,1,0,0,0,0,4.46173E+20,5.54031E+21,8.24872E+15,5.00126E+16
110697,7,3,38,16,2018,11,17,6,3,2,6,2,0,1,0,0,0,0,0,4.50257E+20,5.48625E+21,8.31263E+15,4.95269E+16
110698,7,3,35,203,2018,11,9,6,3,5,3,0,0,1,0,0,0,0,1,3.89552E+20,5.46907E+21,7.47881E+15,4.93643E+16
110699,7,3,39,5,2018,11,8,2,2,2,6,0,0,1,0,0,1,0,0,4.24013E+20,5.53173E+21,7.94118E+15,4.99331E+16
110700,7,1,43,308,2018,11,6,3,3,5,3,2,0,1,0,1,0,0,0,4.27357E+20,5.6023E+21,7.97423E+15,5.05681E+16
110701,7,1,38,80,2018,11,7,5,2,6,4,2,0,1,1,0,0,0,1,3.87087E+20,5.61678E+21,7.40139E+15,5.06918E+16
110702,7,1,38,44,2018,12,4,2,3,9,1,2,0,1,0,0,0,0,1,3.91212E+20,5.60476E+21,7.46329E+15,5.05846E+16
110703,7,2,35,47,2018,11,19,2,3,9,1,2,0,1,0,0,0,0,2,3.47849E+20,5.50707E+21,6.89013E+15,4.96969E+16
110704,7,3,14,0,2018,11,7,3,2,2,6,2,0,1,0,0,0,0,0,4.55657E+20,5.48074E+21,8.38787E+15,4.94777E+16
110705,7,2,11,0,2018,12,19,7,3,0,6,2,0,1,0,0,0,1,1,3.32438E+20,5.51457E+21,6.67338E+15,4.97602E+16
110706,7,2,31,24,2018,11,11,2,2,4,2,0,0,1,0,0,0,0,0,3.45905E+20,5.53641E+21,6.85154E+15,4.99602E+16
110707,7,2,33,35,2018,11,17,3,3,4,6,2,0,1,0,0,1,0,1,3.26288E+20,5.58043E+21,6.5582E+15,5.03503E+16
110708,7,2,11,0,2018,11,18,2,3,5,3,2,0,1,0,0,0,0,1,3.30011E+20,5.51342E+21,6.64021E+15,4.97492E+16
110709,7,2,11,0,2018,11,17,2,2,4,6,2,0,1,0,0,1,0,1,3.32046E+20,5.51266E+21,6.66877E+15,4.97429E+16
110710,7,2,35,131,2018,11,7,2,3,9,1,2,0,1,0,0,0,0,1,3.23876E+20,5.49149E+21,6.56499E+15,4.95504E+16
110711,7,1,41,85,2018,11,14,2,2,1,3,0,0,1,0,0,0,0,1,4.16987E+20,5.56332E+21,7.83644E+15,5.02163E+16
110712,7,3,35,38,2018,11,8,5,3,2,6,0,0,1,0,0,0,0,1,3.96108E+20,5.47741E+21,7.56689E+15,4.94405E+16
110713,7,3,39,27,2018,12,11,2,3,2,6,0,0,1,0,0,1,0,1,4.38456E+20,5.53893E+21,8.14126E+15,4.99995E+16
110714,7,1,43,62,2018,11,14,2,3,1,2,0,0,1,0,0,0,0,1,4.09988E+20,5.59151E+21,7.73163E+15,5.04687E+16
110715,7,3,11,0,2018,11,17,6,3,2,6,2,0,1,0,0,0,0,0,4.50159E+20,5.48328E+21,8.31166E+15,4.95001E+16
110716,7,3,39,43,2018,11,17,7,3,0,1,2,0,0,0,1,0,0,1,4.52042E+20,5.52355E+21,8.33272E+15,4.98624E+16
110717,7,3,16,0,2018,11,13,4,3,1,6,0,0,1,0,0,0,0,0,4.41989E+20,5.46311E+21,8.20178E+15,4.93179E+16
110718,7,3,39,9,2018,12,15,1,3,7,7,0,0,1,0,0,0,0,1,4.40278E+20,5.53971E+21,8.16656E+15,5.00067E+16
110719,7,1,43,85,2018,11,6,2,3,8,1,2,0,1,0,0,0,0,1,4.18809E+20,5.6006E+21,7.85392E+15,5.05517E+16
110720,7,3,32,25,2018,11,22,6,3,6,2,2,0,1,1,0,0,0,1,4.46145E+20,5.46731E+21,8.2584E+15,4.93561E+16
110721,7,1,38,59,2018,11,7,2,3,9,1,1,0,1,0,0,0,0,2,4.01863E+20,5.60316E+21,7.61411E+15,5.05721E+16
110722,7,1,37,211,2018,11,14,3,3,2,6,0,0,1,0,0,0,0,0,3.90319E+20,5.58499E+21,7.45648E+15,5.04067E+16
110723,7,1,32,117,2018,11,7,2,3,0,1,1,0,0,0,1,0,0,2,4.13097E+20,5.62448E+21,7.76771E+15,5.07656E+16
110724,7,3,16,0,2018,11,10,1,3,5,3,0,0,1,0,0,0,0,1,4.40122E+20,5.4702E+21,8.17502E+15,4.93815E+16
110725,7,3,31,53,2018,11,14,5,2,9,1,0,0,1,0,0,0,0,0,4.3036E+20,5.50975E+21,8.03355E+15,4.97362E+16
110726,7,1,43,48,2018,12,17,2,3,5,3,2,0,1,0,0,0,1,1,4.17759E+20,5.58773E+21,7.84195E+15,5.04358E+16
110727,7,1,32,63,2018,11,5,2,3,1,2,2,0,1,0,0,0,0,2,4.19233E+20,5.63152E+21,7.85314E+15,5.08298E+16
110728,7,1,38,76,2018,11,15,2,2,6,7,0,0,0,1,0,0,1,0,3.87818E+20,5.60091E+21,7.41652E+15,5.05494E+16
110729,7,1,37,36,2018,11,17,2,3,8,1,2,0,1,0,0,0,0,1,3.66011E+20,5.57688E+21,7.11747E+15,5.03288E+16
110730,7,3,11,0,2018,11,6,5,3,1,6,2,0,1,0,0,0,0,1,4.54154E+20,5.48707E+21,8.36638E+15,4.95345E+16
110731,7,2,35,149,2018,12,18,2,3,8,1,2,0,1,0,0,0,0,1,3.16043E+20,5.49948E+21,6.45306E+15,4.96199E+16
110732,7,1,37,3,2018,11,18,2,3,4,2,2,0,1,0,0,0,0,0,3.8773E+20,5.58632E+21,7.41966E+15,5.04182E+16
110733,7,3,38,26,2018,11,9,6,3,2,2,0,0,1,0,0,0,0,0,4.57731E+20,5.47086E+21,8.41755E+15,4.9389E+16
110734,7,3,31,36,2018,11,17,4,3,5,3,2,0,1,0,0,0,0,0,4.42985E+20,5.50574E+21,8.20933E+15,4.97014E+16
110735,7,1,32,1,2018,12,0,1,3,8,1,2,0,1,0,0,0,0,1,4.03215E+20,5.61435E+21,7.63029E+15,5.06729E+16
110736,7,1,11,0,2018,11,17,2,3,2,6,2,0,1,0,0,0,0,0,3.99409E+20,5.58142E+21,7.58531E+15,5.03762E+16
110737,7,3,14,0,2018,11,15,6,3,5,3,0,0,1,0,0,0,0,1,4.56602E+20,5.48311E+21,8.40065E+15,4.94991E+16
110738,7,1,43,23,2018,11,10,2,3,3,2,0,0,1,0,0,1,0,1,4.25086E+20,5.58522E+21,7.9456E+15,5.04142E+16
110739,7,3,16,0,2018,11,18,2,3,1,6,2,0,1,0,0,0,0,1,4.39121E+20,5.46579E+21,8.16191E+15,4.93418E+16
110740,7,3,37,14,2018,11,12,1,3,2,2,0,0,1,0,0,0,0,0,4.40415E+20,5.45251E+21,8.1817E+15,4.92224E+16
110741,7,3,15,0,2018,11,10,1,3,5,3,0,0,1,0,1,0,0,1,4.45665E+20,5.53735E+21,8.24205E+15,4.9986E+16
110742,7,1,34,10,2018,11,21,5,2,9,1,2,0,1,0,0,0,0,1,3.6777E+20,5.5008E+21,7.16833E+15,4.96453E+16
110743,7,1,35,45,2018,12,8,2,3,8,1,0,0,1,0,0,0,0,1,3.67581E+20,5.56612E+21,7.14328E+15,5.02324E+16
110744,7,3,38,5,2018,11,14,1,3,0,6,0,0,1,0,0,0,0,0,4.51871E+20,5.4671E+21,8.33727E+15,4.93548E+16
110745,7,3,37,59,2018,11,15,6,2,8,1,0,0,1,0,0,0,0,0,4.25181E+20,5.43708E+21,7.97539E+15,4.9082E+16
110746,7,1,43,71,2018,11,7,4,3,5,2,2,0,1,0,0,0,0,0,4.07133E+20,5.58076E+21,7.69407E+15,5.03716E+16
110747,7,3,16,0,2018,12,2,7,2,8,1,2,0,1,0,0,0,0,1,4.39925E+20,5.47024E+21,8.17231E+15,4.93819E+16
110748,7,3,39,57,2018,11,20,1,3,4,2,2,0,1,0,1,0,0,0,4.37383E+20,5.52905E+21,8.12789E+15,4.99105E+16
110749,7,3,14,0,2018,11,14,3,3,2,6,0,0,1,0,0,0,0,0,4.59733E+20,5.48052E+21,8.44415E+15,4.9476E+16
110750,7,2,31,134,2018,11,15,1,3,3,6,0,0,1,0,0,0,0,0,3.51472E+20,5.54026E+21,6.92762E+15,4.99961E+16
110751,7,3,18,0,2018,11,20,6,3,0,6,2,0,1,0,1,0,0,0,4.58278E+20,5.46283E+21,8.42593E+15,4.93168E+16
110752,7,1,34,45,2018,11,15,4,3,0,5,0,0,1,0,0,0,0,1,3.78802E+20,5.50945E+21,7.3184E+15,4.97253E+16
110753,7,1,11,0,2018,12,12,1,2,9,1,0,0,1,0,0,0,0,1,3.99608E+20,5.57919E+21,7.58871E+15,5.03562E+16
110754,7,2,32,69,2018,11,15,1,3,0,1,0,1,0,0,0,0,0,0,3.07902E+20,5.53053E+21,6.32516E+15,4.98963E+16
110755,7,3,39,27,2018,11,7,6,3,2,6,1,0,1,0,0,0,0,1,4.39574E+20,5.53945E+21,8.15677E+15,5.00043E+16
110756,7,2,31,114,2018,11,15,1,3,5,2,0,1,1,0,0,0,0,0,3.45709E+20,5.54697E+21,6.84457E+15,5.0055E+16
110757,7,3,14,0,2018,11,17,2,3,5,3,1,1,1,0,0,0,0,0,4.58658E+20,5.48117E+21,8.42925E+15,4.94818E+16
110758,7,3,15,0,2018,11,10,6,3,9,1,0,0,1,0,0,0,0,1,4.47928E+20,5.53947E+21,8.27333E+15,5.00052E+16
110759,7,1,41,131,2018,11,14,1,2,8,1,0,0,0,0,1,0,0,0,4.19687E+20,5.55593E+21,7.87585E+15,5.01501E+16
110760,7,3,38,23,2018,11,16,6,3,4,6,1,0,1,0,0,0,0,0,4.56612E+20,5.45825E+21,8.40351E+15,4.92755E+16
110761,7,2,31,32,2018,11,13,1,3,8,1,0,0,1,0,0,0,0,1,3.58249E+20,5.51619E+21,7.03094E+15,4.97815E+16
110762,7,1,43,23,2018,11,17,5,3,5,3,2,0,1,0,0,0,0,1,4.25594E+20,5.58491E+21,7.95281E+15,5.04115E+16
110763,7,1,37,56,2018,12,14,2,2,8,1,0,0,1,0,0,0,0,1,3.823E+20,5.58362E+21,7.34411E+15,5.03929E+16
110764,7,1,31,90,2018,11,13,1,3,7,7,0,0,0,0,1,0,0,0,3.65769E+20,5.60342E+21,7.10456E+15,5.05672E+16
110765,7,3,14,0,2018,11,20,6,3,2,6,2,0,1,0,0,0,0,0,4.54093E+20,5.48073E+21,8.36628E+15,4.94775E+16
110766,7,1,35,49,2018,11,12,7,3,9,1,0,0,1,0,0,0,0,1,3.71283E+20,5.55956E+21,7.19739E+15,5.01742E+16
110767,7,3,40,16,2018,11,7,3,3,8,1,0,0,1,0,0,0,0,1,4.01332E+20,5.46065E+21,7.64309E+15,4.92906E+16
110768,7,3,19,0,2018,12,3,7,2,7,6,2,0,1,1,0,0,0,1,4.53214E+20,5.50544E+21,8.35121E+15,4.96997E+16
110769,7,1,37,68,2018,11,16,1,3,2,6,1,0,1,0,0,0,0,0,3.70824E+20,5.57569E+21,7.18546E+15,5.03191E+16