OBJECTID_1,ULAND,UREGBEZ,UKREIS,UGEMEINDE,UJAHR,UMONAT,USTUNDE,UWOCHENTAG,UKATEGORIE,UART,UTYP1,ULICHTVERH,IstRad,IstPKW,IstFuss,IstKrad,IstGkfz,IstSonstig,STRZUSTAND,LINREFX,LINREFY,XGCSWGS84,YGCSWGS84
110770,7,3,15,0,2018,11,17,3,3,2,5,2,0,1,0,0,0,0,0,4.4956E+20,5.53683E+21,8.29645E+15,4.99816E+16
110771,7,1,40,9,2018,11,11,1,3,3,6,0,1,1,0,0,0,0,0,3.8327E+20,5.54222E+21,7.37048E+15,5.00208E+16
110772,7,1,37,226,2018,11,9,1,3,4,6,0,0,1,0,0,0,0,0,4.01834E+20,5.584E+21,7.61873E+15,5.03998E+16
110773,7,2,35,115,2018,11,6,2,3,2,6,2,0,1,0,0,0,0,0,3.42505E+20,5.51694E+21,6.8121E+15,4.97842E+16
110774,7,3,40,28,2018,11,14,7,3,5,3,0,0,1,0,0,0,0,0,4.06585E+20,5.44702E+21,7.71848E+15,4.91689E+16
110775,7,1,11,0,2018,11,7,6,3,1,6,1,0,1,0,0,0,1,1,3.98563E+20,5.58078E+21,7.5736E+15,5.03703E+16
110776,7,3,40,4,2018,11,10,7,3,2,2,0,0,1,0,0,0,0,0,4.10258E+20,5.44581E+21,7.76912E+15,4.91586E+16
110777,7,3,14,0,2018,11,10,6,3,1,5,0,1,1,0,0,0,0,0,4.54624E+20,5.4821E+21,8.37346E+15,4.94899E+16
110778,7,3,17,0,2018,11,21,7,3,9,1,2,0,1,0,0,0,0,0,4.0078E+20,5.45141E+21,7.63778E+15,4.92075E+16
110779,7,3,38,17,2018,11,23,7,3,9,1,2,0,1,0,0,0,0,0,4.572E+20,5.47367E+21,8.40993E+15,4.94142E+16
110780,7,1,33,103,2018,11,8,2,3,4,2,0,0,1,0,0,0,0,0,4.13176E+20,5.53362E+21,7.78978E+15,4.99486E+16
110781,7,3,37,32,2018,11,16,7,3,1,6,1,1,1,0,0,0,0,0,4.46506E+20,5.46004E+21,8.26434E+15,4.92907E+16
110782,7,1,43,239,2018,11,13,6,3,8,1,0,0,1,0,0,0,0,1,4.23183E+20,5.59643E+21,7.91651E+15,5.05148E+16
110783,7,3,37,20,2018,11,11,7,3,5,2,0,0,0,0,1,0,1,0,4.37507E+20,5.46025E+21,8.14056E+15,4.92918E+16
110784,7,3,14,0,2018,11,13,6,3,2,6,0,0,1,0,1,0,0,0,4.5891E+20,5.48267E+21,8.43257E+15,4.94952E+16
110785,7,1,37,69,2018,11,20,1,3,2,5,2,0,1,0,0,0,0,1,3.78071E+20,5.58121E+21,7.28542E+15,5.03703E+16
110786,7,1,31,77,2018,11,12,5,2,3,6,0,0,1,0,1,0,0,1,3.77212E+20,5.59951E+21,7.26735E+15,5.05347E+16
110787,7,1,33,57,2018,12,9,1,3,2,2,0,0,1,0,0,0,1,1,4.0158E+20,5.51151E+21,7.63382E+15,4.9748E+16
110788,7,3,37,41,2018,11,19,7,3,5,3,2,0,1,0,0,0,0,0,4.44641E+20,5.45523E+21,8.23935E+15,4.92474E+16
110789,7,1,33,52,2018,11,18,6,2,0,1,2,0,0,0,1,0,0,1,3.87844E+20,5.51551E+21,7.44205E+15,4.97815E+16
110790,7,3,34,5,2018,11,19,3,3,8,1,2,0,1,0,0,0,0,1,4.35882E+20,5.43329E+21,8.12251E+15,4.90492E+16
110791,7,1,32,6,2018,12,18,7,3,2,1,0,0,1,0,0,0,0,0,4.20316E+20,5.62723E+21,7.86946E+15,5.07913E+16
110792,7,1,33,6,2018,11,23,7,3,8,1,2,0,1,0,0,0,0,0,4.20678E+20,5.52281E+21,7.89655E+15,4.98525E+16
110793,7,2,32,222,2018,11,9,3,3,3,6,0,0,1,0,0,1,0,1,3.16883E+20,5.55389E+21,6.43895E+15,5.0109E+16
110794,7,2,32,296,2018,11,10,7,3,9,1,0,0,1,0,0,0,0,1,3.17318E+20,5.56606E+21,6.43919E+15,5.02185E+16
110795,7,3,19,0,2018,11,20,7,3,4,6,2,0,1,0,0,0,0,0,4.47354E+20,5.49705E+21,8.27108E+15,4.96237E+16
110796,7,2,11,0,2018,11,16,2,3,1,6,1,0,1,0,0,0,0,0,3.31056E+20,5.51476E+21,6.65413E+15,4.97616E+16
110797,7,2,33,10,2018,11,18,7,3,7,7,2,0,1,0,0,0,0,0,3.47532E+20,5.57139E+21,6.86023E+15,5.02749E+16
110798,7,3,34,13,2018,11,12,5,3,0,5,0,1,1,0,0,0,0,0,4.41034E+20,5.43694E+21,8.19248E+15,4.90825E+16
110799,7,2,35,137,2018,12,15,2,3,8,1,0,0,1,0,0,0,0,1,3.2673E+20,5.51574E+21,6.59369E+15,4.97691E+16
110800,7,2,33,29,2018,11,9,7,3,8,1,0,0,1,0,0,0,0,0,3.33978E+20,5.57282E+21,6.66955E+15,5.02841E+16
110801,7,1,33,501,2018,11,15,6,3,8,1,0,0,1,0,0,0,0,1,4.00305E+20,5.52547E+21,7.61253E+15,4.98733E+16
110802,7,3,14,0,2018,11,16,4,3,5,3,2,1,1,0,0,0,0,0,4.57577E+20,5.47886E+21,8.41458E+15,4.94609E+16
110803,7,1,43,216,2018,12,17,1,3,9,1,2,0,1,0,0,0,0,1,4.22855E+20,5.60827E+21,7.90944E+15,5.06212E+16
110804,7,2,33,241,2018,11,8,7,2,8,1,0,0,1,0,0,0,0,2,3.2429E+20,5.57526E+21,6.53256E+15,5.03032E+16
110805,7,3,39,50,2018,11,20,6,3,8,1,2,0,1,0,0,0,0,0,4.29081E+20,5.52424E+21,8.01316E+15,4.98664E+16
110806,7,3,34,24,2018,11,13,7,3,5,3,0,0,1,0,0,0,0,0,4.47637E+20,5.44154E+21,8.28231E+15,4.91245E+16
110807,7,3,32,47,2018,11,13,4,3,2,6,0,0,1,0,0,1,0,0,4.30983E+20,5.48596E+21,8.04639E+15,4.95224E+16
110808,7,1,33,13,2018,12,1,1,3,8,1,2,0,1,0,0,0,0,1,4.04275E+20,5.52154E+21,7.66873E+15,4.98386E+16
110809,7,2,11,0,2018,11,17,7,2,5,2,2,0,1,0,1,0,0,0,3.33241E+20,5.51352E+21,6.68497E+15,4.9751E+16
110810,7,3,19,0,2018,11,23,6,3,9,1,2,0,1,0,0,0,0,0,4.5478E+20,5.49774E+21,8.37381E+15,4.96305E+16
110811,7,3,12,0,2018,11,17,6,3,2,6,2,0,1,0,0,0,1,1,4.06152E+20,5.47745E+21,7.70539E+15,4.94425E+16
110812,7,1,43,294,2018,11,19,7,2,8,1,2,0,1,0,0,0,0,0,4.16494E+20,5.60625E+21,7.81999E+15,5.06022E+16
110813,7,1,31,7,2018,11,13,3,3,5,1,0,0,1,0,0,1,0,0,3.71105E+20,5.60096E+21,7.18072E+15,5.05464E+16
110814,7,1,41,108,2018,11,17,7,2,5,3,2,0,1,0,0,0,0,0,4.00457E+20,5.56708E+21,7.60382E+15,5.02475E+16
110815,7,1,35,57,2018,11,7,2,3,1,2,1,0,1,0,0,0,0,0,3.57407E+20,5.55457E+21,7.00505E+15,5.01262E+16
110816,7,1,38,47,2018,11,8,7,3,8,1,0,0,1,0,0,0,0,1,3.87959E+20,5.59743E+21,7.41956E+15,5.05181E+16
110817,7,3,33,60,2018,11,21,5,3,8,1,2,0,1,0,0,0,0,0,4.26259E+20,5.48531E+21,7.98124E+15,4.95159E+16
110818,7,2,11,0,2018,12,11,2,3,5,7,0,1,1,0,0,0,0,1,3.32935E+20,5.51436E+21,6.68037E+15,4.97585E+16
110819,7,1,32,6,2018,11,13,7,3,2,6,0,0,1,0,0,0,0,0,4.20163E+20,5.62731E+21,7.86727E+15,5.0792E+16
110820,7,2,31,1,2018,11,4,6,3,9,1,2,0,0,0,0,0,1,0,3.48089E+20,5.53465E+21,6.88265E+15,4.99449E+16
110821,7,3,39,30,2018,11,14,4,3,2,6,0,0,1,0,0,0,0,0,4.30196E+20,5.53706E+21,8.02636E+15,4.99818E+16
110822,7,1,31,7,2018,12,10,1,3,9,1,0,0,1,0,0,0,0,1,3.66314E+20,5.59799E+21,7.1142E+15,5.05186E+16
110823,7,1,35,51,2018,11,10,7,3,2,6,0,0,1,0,0,0,0,0,3.68194E+20,5.562E+21,7.1533E+15,5.01955E+16
110824,7,1,33,96,2018,11,9,6,3,8,1,0,0,1,0,0,0,0,1,3.92099E+20,5.51958E+21,7.50001E+15,4.98189E+16
110825,7,1,31,70,2018,11,14,7,3,6,2,0,0,1,1,0,0,0,0,3.74393E+20,5.6044E+21,7.22594E+15,5.0578E+16
110826,7,3,37,7,2018,11,19,2,2,8,1,2,0,1,0,0,0,0,1,4.32246E+20,5.44255E+21,8.0712E+15,4.91321E+16
110827,7,1,37,501,2018,11,1,7,3,9,1,2,0,1,0,0,0,0,0,3.84437E+20,5.56822E+21,7.37888E+15,5.02548E+16
110828,7,3,37,43,2018,11,5,6,3,8,1,2,0,1,0,0,0,0,0,4.3569E+20,5.44487E+21,8.11805E+15,4.91533E+16
110829,7,1,40,21,2018,11,9,7,2,1,5,0,0,0,0,1,0,1,0,3.84569E+20,5.54845E+21,7.38672E+15,5.00771E+16
110830,7,3,12,0,2018,11,7,2,3,2,6,2,0,1,0,0,0,1,0,4.12992E+20,5.4786E+21,7.79947E+15,4.94538E+16
110831,7,1,11,0,2018,11,7,7,3,9,1,1,0,1,0,0,0,0,2,4.00014E+20,5.57655E+21,7.59512E+15,5.03325E+16
110832,7,3,37,20,2018,11,9,1,3,5,3,0,0,1,0,0,0,1,1,4.37483E+20,5.45938E+21,8.14036E+15,4.9284E+16
110833,7,2,31,134,2018,11,17,5,3,3,6,2,0,1,0,0,1,0,0,3.50306E+20,5.53843E+21,6.91207E+15,4.99794E+16
110834,7,1,32,25,2018,12,0,2,3,8,7,2,0,1,0,0,0,0,1,4.19565E+20,5.62027E+21,7.86032E+15,5.07286E+16
110835,7,1,31,7,2018,11,3,7,2,9,1,2,0,1,0,0,0,0,1,3.6659E+20,5.60221E+21,7.11657E+15,5.05566E+16
110836,7,2,32,210,2018,11,19,6,3,2,6,2,0,1,0,0,0,0,0,3.25635E+20,5.55517E+21,6.56065E+15,5.01232E+16
110837,7,1,43,274,2018,11,7,4,3,7,7,2,0,1,0,0,0,0,1,4.31185E+20,5.61021E+21,8.02682E+15,5.06397E+16
110838,7,3,40,53,2018,12,1,7,3,9,1,2,0,1,0,0,0,0,1,3.91252E+20,5.44789E+21,7.50797E+15,4.91742E+16
110839,7,3,12,0,2018,11,13,6,3,2,6,0,0,1,0,0,0,0,0,4.04109E+20,5.47765E+21,7.67717E+15,4.94439E+16
110840,7,3,33,503,2018,11,18,6,3,8,7,2,0,1,0,0,0,0,0,4.20757E+20,5.49022E+21,7.90426E+15,4.95594E+16
110841,7,3,12,0,2018,11,6,6,3,3,6,1,0,1,0,0,1,0,0,4.06443E+20,5.47609E+21,7.70972E+15,4.94303E+16
110842,7,3,14,0,2018,11,16,2,3,5,3,2,1,1,0,0,0,0,1,4.57834E+20,5.47769E+21,8.41824E+15,4.94504E+16
110843,7,3,38,16,2018,11,12,6,3,2,6,0,0,1,0,0,0,0,0,4.50128E+20,5.48427E+21,8.3111E+15,4.9509E+16
110844,7,2,31,62,2018,11,13,6,3,9,1,0,0,1,0,0,0,0,1,3.45183E+20,5.54049E+21,6.83984E+15,4.99966E+16
110845,7,3,14,0,2018,11,8,6,3,2,6,0,0,1,0,0,0,0,0,4.54862E+20,5.48082E+21,8.37689E+15,4.94783E+16
110846,7,2,32,18,2018,11,14,6,2,8,1,0,0,0,0,0,0,1,0,3.21516E+20,5.53996E+21,6.51017E+15,4.99852E+16
110847,7,1,43,219,2018,11,4,1,3,8,1,2,0,1,0,0,0,0,1,4.20839E+20,5.60831E+21,7.88093E+15,5.06213E+16
110848,7,1,38,59,2018,11,19,5,3,9,1,2,0,1,0,0,0,0,1,4.04241E+20,5.60385E+21,7.6475E+15,5.05787E+16
110849,7,1,11,0,2018,12,7,2,3,2,6,1,0,1,0,0,0,1,1,3.92972E+20,5.58044E+21,7.4951E+15,5.03663E+16
110850,7,3,32,9,2018,11,12,6,3,5,3,0,0,1,0,0,0,0,0,4.41034E+20,5.47343E+21,8.18711E+15,4.94107E+16
110851,7,2,31,502,2018,11,14,6,3,2,6,0,0,1,0,0,0,0,0,3.63889E+20,5.51724E+21,7.10887E+15,4.97922E+16
110852,7,2,33,29,2018,11,19,1,3,4,1,2,0,1,0,0,0,0,1,3.32186E+20,5.57527E+21,6.64333E+15,5.03056E+16
110853,7,1,41,29,2018,11,10,5,3,5,3,0,1,1,0,0,0,0,0,4.31093E+20,5.58044E+21,8.03101E+15,5.0372E+16
110854,7,1,31,7,2018,12,15,2,3,9,1,0,0,1,0,0,0,0,1,3.66294E+20,5.59736E+21,7.11414E+15,5.05129E+16
110855,7,3,37,49,2018,11,7,6,3,2,6,0,0,1,0,0,0,0,0,4.28377E+20,5.44481E+21,8.01777E+15,4.91519E+16
110856,7,1,31,14,2018,11,16,4,3,4,6,1,0,1,0,0,0,0,1,3.80106E+20,5.59253E+21,7.31041E+15,5.04725E+16
110857,7,3,37,20,2018,12,15,7,3,5,3,0,0,1,0,0,0,0,1,4.36637E+20,5.45822E+21,8.12892E+15,4.92735E+16
110858,7,3,37,23,2018,11,13,6,3,5,3,0,0,1,0,1,0,0,0,4.40092E+20,5.4534E+21,8.17714E+15,4.92305E+16
110859,7,3,31,73,2018,11,7,3,3,4,2,0,0,1,0,0,0,0,1,4.38493E+20,5.52133E+21,8.14458E+15,4.98412E+16
110860,7,3,14,0,2018,11,13,6,3,2,6,0,0,1,0,0,0,0,0,4.58254E+20,5.48057E+21,8.42373E+15,4.94763E+16
110861,7,1,33,52,2018,11,14,6,3,6,4,0,0,1,1,0,0,0,0,3.88945E+20,5.51618E+21,7.45716E+15,4.97878E+16
110862,7,3,39,19,2018,11,14,2,3,3,6,0,0,1,0,0,0,0,0,4.29762E+20,5.5358E+21,8.02053E+15,4.99704E+16
110863,7,1,33,105,2018,11,20,6,3,8,1,2,0,1,0,0,0,0,1,4.14695E+20,5.52027E+21,7.8139E+15,4.98288E+16
110864,7,1,32,13,2018,11,11,6,2,8,1,0,0,0,0,1,0,0,1,4.05034E+20,5.62206E+21,7.65403E+15,5.07425E+16
110865,7,1,33,6,2018,11,19,6,3,5,2,2,0,1,0,0,0,0,1,4.21466E+20,5.5223E+21,7.90761E+15,4.9848E+16
110866,7,3,36,58,2018,11,13,7,3,5,3,0,0,1,0,0,0,0,1,3.98111E+20,5.50091E+21,7.58844E+15,4.96521E+16
110867,7,1,31,7,2018,11,11,5,3,8,1,0,0,1,0,0,0,0,1,3.6631E+20,5.59741E+21,7.11434E+15,5.05133E+16
110868,7,3,12,0,2018,12,23,1,3,0,7,2,0,1,0,0,0,0,1,4.15712E+20,5.47741E+21,7.83725E+15,4.94435E+16
110869,7,3,31,30,2018,11,5,6,3,5,3,2,0,1,0,0,1,0,0,4.27558E+20,5.52097E+21,7.99258E+15,4.98367E+16
110870,7,3,35,3,2018,11,10,6,3,5,3,0,0,1,0,0,0,0,1,3.86678E+20,5.47112E+21,7.43866E+15,4.93822E+16
110871,7,3,31,71,2018,11,13,6,3,2,6,0,0,1,0,0,0,0,0,4.46112E+20,5.50574E+21,8.25269E+15,4.97017E+16
110872,7,1,34,10,2018,11,7,3,2,5,3,1,1,1,0,0,0,0,0,3.67135E+20,5.50005E+21,7.1598E+15,4.96383E+16
110873,7,3,15,0,2018,11,9,6,3,3,2,0,1,1,0,0,0,0,0,4.46755E+20,5.53874E+21,8.25707E+15,4.99986E+16
110874,7,1,43,57,2018,11,9,2,1,5,3,0,0,1,0,0,0,0,0,4.15392E+20,5.58212E+21,7.80988E+15,5.03851E+16
110875,7,3,35,26,2018,11,13,3,3,5,3,0,0,1,0,0,0,0,0,4.16196E+20,5.48165E+21,7.84302E+15,4.94817E+16
110876,7,2,35,146,2018,12,20,7,3,5,2,2,0,1,0,0,0,0,1,3.15665E+20,5.50564E+21,6.44493E+15,4.96751E+16
110877,7,3,39,68,2018,11,23,6,1,8,1,2,0,1,0,0,0,0,0,4.25079E+20,5.52508E+21,7.95732E+15,4.98735E+16
110878,7,2,33,29,2018,11,8,3,2,8,1,0,0,1,0,0,0,0,1,3.34121E+20,5.57755E+21,6.66948E+15,5.03266E+16
110879,7,3,39,5,2018,11,17,6,3,2,6,1,0,1,0,0,0,0,0,4.22813E+20,5.53158E+21,7.9245E+15,4.99316E+16
110880,7,2,35,137,2018,11,13,6,3,3,6,0,0,1,0,0,0,0,0,3.24845E+20,5.51404E+21,6.56829E+15,4.97533E+16
110881,7,2,32,88,2018,11,7,2,3,8,1,1,0,1,0,0,0,0,1,3.05261E+20,5.54155E+21,6.28286E+15,4.99944E+16
110882,7,2,35,115,2018,11,8,6,3,2,6,0,0,1,0,0,0,0,0,3.41711E+20,5.51684E+21,6.80112E+15,4.97831E+16
110883,7,3,20,0,2018,11,8,5,3,4,2,0,0,1,0,0,0,0,1,3.83093E+20,5.45519E+21,7.39395E+15,4.92383E+16
110884,7,3,15,0,2018,12,14,2,3,5,3,0,0,1,0,0,0,0,0,4.4874E+20,5.53629E+21,8.28509E+15,4.99767E+16
110885,7,2,31,134,2018,11,16,6,3,2,6,0,0,1,0,0,0,0,0,3.4947E+20,5.53819E+21,6.90051E+15,4.9977E+16
110886,7,3,31,15,2018,11,14,7,3,0,1,0,0,0,0,1,0,0,1,4.44264E+20,5.5107E+21,8.22636E+15,4.97462E+16
110887,7,3,32,2,2018,11,9,4,3,3,2,0,1,1,0,0,0,0,0,4.4084E+20,5.48097E+21,8.18331E+15,4.94785E+16
110888,7,3,15,0,2018,12,16,1,3,5,3,1,1,1,0,0,0,0,0,4.44093E+20,5.54182E+21,8.21947E+15,5.0026E+16
110889,7,1,34,45,2018,11,17,6,3,9,6,2,0,1,0,0,0,0,0,3.8422E+20,5.51046E+21,7.39323E+15,4.97354E+16
110890,7,3,18,0,2018,11,15,6,2,9,1,0,0,0,0,0,1,0,1,4.57989E+20,5.46675E+21,8.42154E+15,4.9352E+16
110891,7,2,35,22,2018,11,14,6,3,0,1,0,0,0,0,1,0,0,0,3.39784E+20,5.51678E+21,6.7744E+15,4.97821E+16
110892,7,1,37,216,2018,11,19,3,3,0,7,2,0,0,0,1,0,0,0,3.92545E+20,5.58016E+21,7.48918E+15,5.03637E+16
110893,7,1,43,310,2018,11,11,6,3,3,6,0,0,1,0,0,1,0,0,4.11588E+20,5.61002E+21,7.74978E+15,5.06353E+16
110894,7,3,35,18,2018,11,4,1,3,8,1,2,0,1,0,0,0,0,0,3.99773E+20,5.4747E+21,7.61812E+15,4.94167E+16
110895,7,3,31,7,2018,11,17,5,2,5,3,2,0,1,0,0,0,1,0,4.4112E+20,5.51669E+21,8.18181E+15,4.97998E+16
110896,7,1,43,62,2018,12,9,2,2,4,2,0,0,1,0,0,0,0,1,4.11775E+20,5.59196E+21,7.7567E+15,5.0473E+16
110897,7,1,32,117,2018,11,12,6,3,2,2,0,0,1,0,0,0,0,0,4.09939E+20,5.62686E+21,7.72235E+15,5.07865E+16
110898,7,1,32,101,2018,11,6,7,3,9,1,2,0,1,0,0,0,0,1,4.2227E+20,5.6242E+21,7.89782E+15,5.07643E+16
110899,7,2,32,296,2018,11,11,4,3,8,1,0,0,1,0,0,0,0,1,3.17719E+20,5.5653E+21,6.44516E+15,5.02118E+16
110900,7,1,37,211,2018,12,4,1,3,9,1,2,0,1,0,0,0,0,1,3.91532E+20,5.58471E+21,7.47362E+15,5.04044E+16
110901,7,1,32,63,2018,11,18,6,3,5,3,2,0,1,0,0,0,0,0,4.20526E+20,5.6293E+21,7.87198E+15,5.081E+16
110902,7,3,11,0,2018,11,15,5,3,2,6,0,0,1,0,0,0,1,0,4.53469E+20,5.48477E+21,8.3572E+15,4.95138E+16
110903,7,2,33,26,2018,12,17,2,3,1,2,2,0,1,0,0,0,0,1,3.31595E+20,5.5652E+21,6.63952E+15,5.0215E+16
110904,7,1,32,39,2018,11,12,6,3,6,4,0,0,1,1,0,0,0,0,4.16856E+20,5.62234E+21,7.82148E+15,5.07469E+16
110905,7,1,33,6,2018,11,17,4,3,2,2,2,0,1,0,0,0,0,1,4.18581E+20,5.52311E+21,7.86732E+15,4.98549E+16
110906,7,1,38,501,2018,12,18,1,3,4,1,2,0,1,0,0,0,1,1,3.77231E+20,5.60513E+21,7.26577E+15,5.05852E+16
110907,7,1,35,83,2018,11,6,6,2,5,3,2,0,1,0,0,0,0,1,3.55463E+20,5.56362E+21,6.97442E+15,5.02071E+16
110908,7,3,38,19,2018,11,9,6,2,5,3,0,0,1,0,0,0,0,1,4.53513E+20,5.47516E+21,8.35893E+15,4.94273E+16
110909,7,1,37,69,2018,11,13,6,3,4,2,0,0,1,0,0,0,0,0,3.76987E+20,5.58304E+21,7.26959E+15,5.03865E+16
110910,7,3,32,6,2018,11,17,2,3,5,3,2,0,1,0,1,0,0,1,4.40888E+20,5.49591E+21,8.18174E+15,4.96128E+16
110911,7,1,37,203,2018,11,17,6,3,6,1,1,0,0,1,0,0,1,0,3.98603E+20,5.58684E+21,7.57252E+15,5.04248E+16
110912,7,3,31,6,2018,11,12,1,3,5,3,0,0,1,0,0,0,0,1,4.46279E+20,5.50805E+21,8.25469E+15,4.97225E+16
110913,7,2,32,86,2018,11,5,5,2,9,1,2,0,1,0,0,0,0,1,3.23118E+20,5.54087E+21,6.53208E+15,4.99939E+16
110914,7,1,35,42,2018,12,17,2,2,5,3,2,0,1,0,1,0,0,1,3.69705E+20,5.56261E+21,7.17426E+15,5.02013E+16
110915,7,1,11,0,2018,11,10,6,2,5,3,0,0,1,0,0,0,0,0,3.98946E+20,5.58204E+21,7.57864E+15,5.03817E+16
110916,7,1,43,60,2018,11,16,4,3,8,1,0,0,1,0,0,0,0,0,4.17987E+20,5.59488E+21,7.84359E+15,5.05001E+16
110917,7,3,32,19,2018,12,11,7,3,5,3,0,0,1,0,0,0,0,1,4.42505E+20,5.48375E+21,8.2059E+15,4.95037E+16
110918,7,3,40,7,2018,11,9,5,3,2,6,0,0,1,0,0,0,0,0,3.98693E+20,5.45773E+21,7.60755E+15,4.9264E+16
110919,7,3,37,15,2018,11,7,3,3,0,1,1,0,0,0,1,0,0,1,4.32129E+20,5.45472E+21,8.06756E+15,4.92415E+16
110920,7,3,35,2,2018,11,14,6,3,9,1,0,0,1,0,0,0,0,1,3.97947E+20,5.47359E+21,7.59324E+15,4.94065E+16
110921,7,3,35,34,2018,11,16,5,3,5,3,1,0,1,0,0,0,0,0,4.08725E+20,5.48237E+21,7.73975E+15,4.94871E+16
110922,7,1,33,31,2018,11,19,2,3,5,3,2,0,1,0,0,0,1,0,4.20508E+20,5.51671E+21,7.89543E+15,4.97976E+16
110923,7,1,11,0,2018,12,7,5,3,2,2,2,0,1,0,0,0,0,0,3.97518E+20,5.57974E+21,7.55919E+15,5.03608E+16
110924,7,3,39,50,2018,12,17,3,2,2,2,2,0,1,0,0,0,0,0,4.29978E+20,5.52477E+21,8.02555E+15,4.98712E+16
110925,7,3,32,25,2018,12,7,3,2,3,6,1,0,1,0,0,0,1,1,4.43148E+20,5.46964E+21,8.21679E+15,4.93768E+16
110926,7,1,40,165,2018,12,14,7,3,8,1,0,0,1,0,0,0,0,1,3.77688E+20,5.53668E+21,7.29435E+15,4.997E+16
110927,7,1,37,57,2018,12,15,7,2,8,1,0,0,1,0,0,0,0,1,3.79766E+20,5.5835E+21,7.30852E+15,5.03912E+16
110928,7,1,38,45,2018,12,12,7,3,8,1,0,0,1,0,0,0,0,1,3.96576E+20,5.58771E+21,7.54375E+15,5.04323E+16
110929,7,3,39,34,2018,12,20,2,3,5,2,2,0,1,0,0,0,0,1,4.49843E+20,5.52777E+21,8.30158E+15,4.99002E+16
110930,7,3,16,0,2018,12,12,2,2,6,2,0,0,1,1,0,0,0,1,4.3743E+20,5.4668E+21,8.13848E+15,4.93507E+16
110931,7,3,40,12,2018,12,8,6,2,4,6,0,0,1,0,0,1,0,1,4.0346E+20,5.46447E+21,7.67142E+15,4.93254E+16
110932,7,3,20,0,2018,12,12,6,2,6,2,0,0,1,1,0,0,0,0,3.80755E+20,5.45615E+21,7.36156E+15,4.92465E+16
110933,7,3,16,0,2018,12,12,5,2,5,1,0,1,1,0,0,0,0,0,4.38443E+20,5.4671E+21,8.15238E+15,4.93535E+16
110934,7,3,15,0,2018,12,14,1,3,5,3,0,0,1,0,0,0,0,1,4.48206E+20,5.53874E+21,8.27731E+15,4.99988E+16
110935,7,3,15,0,2018,12,18,1,3,2,6,2,0,1,0,0,0,0,1,4.44909E+20,5.54168E+21,8.23089E+15,5.00249E+16
110936,7,3,35,3,2018,12,16,6,3,9,1,1,0,0,0,0,0,1,1,3.8822E+20,5.47458E+21,7.45892E+15,4.94137E+16
110937,7,3,15,0,2018,12,7,4,3,6,4,2,0,1,1,0,0,0,0,4.47367E+20,5.53737E+21,8.26579E+15,4.99863E+16
110938,7,1,33,112,2018,12,15,4,3,3,6,0,0,1,0,0,1,0,1,4.11469E+20,5.52004E+21,7.76911E+15,4.98263E+16
110939,7,3,36,31,2018,12,7,6,3,5,3,1,0,1,0,0,0,0,1,3.8733E+20,5.48066E+21,7.44493E+15,4.94682E+16
110940,7,2,35,501,2018,12,9,3,3,1,5,0,0,1,0,0,0,0,0,3.25133E+20,5.52523E+21,6.56724E+15,4.98539E+16
110941,7,3,31,72,2018,12,10,3,3,5,3,0,0,1,0,0,0,0,1,4.25627E+20,5.51833E+21,7.96625E+15,4.98128E+16
110942,7,3,12,0,2018,12,19,6,3,6,4,2,0,1,1,0,0,0,1,4.09002E+20,5.47738E+21,7.74471E+15,4.94423E+16
110943,7,3,12,0,2018,12,7,6,3,2,6,1,0,1,0,0,0,0,0,4.06068E+20,5.47793E+21,7.70412E+15,4.94468E+16
110944,7,3,37,501,2018,12,18,6,3,1,6,2,0,1,0,0,0,0,0,4.26727E+20,5.45218E+21,7.9938E+15,4.9218E+16
110945,7,3,38,23,2018,12,22,6,3,8,1,2,0,1,0,0,0,0,1,4.55962E+20,5.46061E+21,8.39431E+15,4.92967E+16
110946,7,2,31,53,2018,12,16,2,3,5,3,2,0,1,0,0,0,0,1,3.42133E+20,5.52572E+21,6.80336E+15,4.98631E+16
110947,7,3,19,0,2018,12,6,2,2,7,6,2,0,1,0,0,1,0,1,4.48604E+20,5.50023E+21,8.28796E+15,4.96524E+16
110948,7,3,32,10,2018,12,10,6,3,9,7,0,0,1,0,0,0,0,1,4.46472E+20,5.49054E+21,8.25976E+15,4.9565E+16
110949,7,3,20,0,2018,12,12,5,3,8,1,0,0,1,0,0,0,0,1,3.83387E+20,5.45495E+21,7.39805E+15,4.92362E+16
110950,7,3,32,2,2018,12,15,6,3,1,7,0,0,1,0,0,0,0,1,4.4032E+20,5.4807E+21,8.17618E+15,4.9476E+16
110951,7,3,15,0,2018,12,6,5,3,2,6,2,0,1,0,0,0,0,0,4.50091E+20,5.53557E+21,8.30403E+15,4.99704E+16
110952,7,3,31,17,2018,12,13,5,3,1,6,0,0,1,0,0,0,0,1,4.26835E+20,5.51632E+21,7.98341E+15,4.97949E+16
110953,7,3,34,8,2018,12,9,6,3,5,3,0,0,1,0,1,0,0,0,4.44699E+20,5.43012E+21,8.24359E+15,4.90215E+16
110954,7,3,17,0,2018,12,13,6,3,2,6,0,0,1,0,0,0,0,0,3.98584E+20,5.44998E+21,7.60801E+15,4.91942E+16