OBJECTID_1,ULAND,UREGBEZ,UKREIS,UGEMEINDE,UJAHR,UMONAT,USTUNDE,UWOCHENTAG,UKATEGORIE,UART,UTYP1,ULICHTVERH,IstRad,IstPKW,IstFuss,IstKrad,IstGkfz,IstSonstig,STRZUSTAND,LINREFX,LINREFY,XGCSWGS84,YGCSWGS84
110955,7,3,20,0,2018,12,3,6,1,9,1,2,0,1,0,0,0,0,1,3.81265E+20,5.4556E+21,7.36873E+15,4.92416E+16
110956,7,3,39,42,2018,12,13,2,3,2,6,0,0,1,0,0,0,0,1,4.42759E+20,5.5317E+21,8.20236E+15,4.9935E+16
110957,7,3,11,0,2018,12,9,2,1,8,1,0,0,1,0,0,0,0,1,4.56733E+20,5.49073E+21,8.40163E+15,4.95676E+16
110958,7,3,18,0,2018,12,17,6,3,2,6,1,0,1,0,0,0,0,0,4.58527E+20,5.46346E+21,8.42928E+15,4.93225E+16
110959,7,1,40,62,2018,12,15,6,3,9,1,0,0,1,0,0,0,0,1,3.81606E+20,5.54046E+21,7.3478E+15,5.00047E+16
110960,7,1,33,74,2018,12,11,6,3,8,7,0,0,1,0,0,0,0,0,4.11538E+20,5.51619E+21,7.77095E+15,4.97916E+16
110961,7,1,43,237,2018,12,19,1,2,2,1,2,0,1,0,0,0,0,1,4.30385E+20,5.60711E+21,8.01608E+15,5.06118E+16
110962,7,3,31,73,2018,12,5,5,2,9,1,2,0,1,0,0,0,0,2,4.35878E+20,5.52275E+21,8.10797E+15,4.98538E+16
110963,7,3,37,38,2018,12,23,5,3,0,1,2,1,0,0,0,0,0,1,4.42514E+20,5.44407E+21,8.21174E+15,4.91468E+16
110964,7,1,33,35,2018,12,18,2,2,4,6,2,0,1,0,0,0,0,1,4.15919E+20,5.5285E+21,7.82913E+15,4.9903E+16
110965,7,1,43,308,2018,12,9,1,3,8,1,0,0,1,0,0,0,0,2,4.27324E+20,5.60082E+21,7.97406E+15,5.05548E+16
110966,7,3,15,0,2018,12,21,6,3,1,6,2,0,1,0,0,0,0,0,4.47587E+20,5.53476E+21,8.26922E+15,4.99629E+16
110967,7,2,31,107,2018,12,11,4,2,8,1,0,0,1,0,0,0,0,1,3.54555E+20,5.53566E+21,6.97234E+15,4.99556E+16
110968,7,3,39,30,2018,12,17,4,3,2,6,1,0,1,0,0,0,0,0,4.31011E+20,5.53606E+21,8.0379E+15,4.99729E+16
110969,7,3,15,0,2018,12,14,6,3,2,6,0,0,1,0,0,0,0,1,4.45064E+20,5.53685E+21,8.23375E+15,4.99814E+16
110970,7,1,34,34,2018,12,13,1,3,8,1,0,0,1,0,0,0,0,1,3.67124E+20,5.50603E+21,7.15761E+15,4.96921E+16
110971,7,1,38,62,2018,12,8,3,3,3,6,0,0,1,0,1,0,0,1,3.74034E+20,5.60969E+21,7.21908E+15,5.06254E+16
110972,7,1,34,45,2018,12,16,3,2,2,6,0,0,1,0,0,0,0,0,3.80137E+20,5.50687E+21,7.33771E+15,4.97024E+16
110973,7,3,31,58,2018,12,22,6,3,8,7,2,0,1,0,0,0,0,1,4.41407E+20,5.52692E+21,8.18425E+15,4.98918E+16
110974,7,3,31,58,2018,12,22,6,2,2,6,2,0,0,0,0,1,0,1,4.41361E+20,5.52683E+21,8.18363E+15,4.9891E+16
110975,7,3,31,3,2018,12,7,6,3,6,4,1,0,1,1,0,0,0,0,4.36549E+20,5.51097E+21,8.11924E+15,4.97479E+16
110976,7,3,31,3,2018,12,12,6,2,2,6,0,0,1,0,0,0,0,1,4.36945E+20,5.51135E+21,8.12467E+15,4.97513E+16
110977,7,1,32,117,2018,12,7,2,3,6,4,1,0,1,1,0,0,0,0,4.11098E+20,5.62551E+21,7.73912E+15,5.07746E+16
110978,7,2,35,125,2018,12,17,2,2,8,1,2,0,1,0,0,0,0,1,3.34506E+20,5.52494E+21,6.69765E+15,4.9854E+16
110979,7,3,15,0,2018,12,18,6,3,3,6,2,0,1,0,0,0,0,1,4.46911E+20,5.53545E+21,8.2597E+15,4.9969E+16
110980,7,3,32,30,2018,12,13,5,3,2,6,0,0,1,0,0,0,0,1,4.40794E+20,5.48925E+21,8.18144E+15,4.95529E+16
110981,7,3,15,0,2018,12,11,6,3,3,6,0,0,1,0,0,1,0,1,4.43937E+20,5.54223E+21,8.21724E+15,5.00297E+16
110982,7,1,35,83,2018,12,7,5,3,5,2,0,0,1,0,0,0,0,1,3.55804E+20,5.56304E+21,6.97942E+15,5.02019E+16
110983,7,1,43,260,2018,12,8,5,3,5,3,0,0,1,0,0,0,0,1,4.18289E+20,5.61731E+21,7.8429E+15,5.07019E+16
110984,7,3,33,19,2018,12,3,7,3,9,1,2,0,1,0,0,0,0,0,4.31128E+20,5.48898E+21,8.04786E+15,4.95495E+16
110985,7,3,40,222,2018,12,17,3,3,3,1,2,1,1,0,0,0,0,1,3.94333E+20,5.45714E+21,7.54779E+15,4.92579E+16
110986,7,1,32,6,2018,12,13,4,3,3,2,0,1,1,0,0,0,0,1,4.20213E+20,5.62637E+21,7.86818E+15,5.07835E+16
110987,7,2,33,501,2018,12,11,6,3,2,6,0,0,1,0,0,0,0,1,3.42608E+20,5.56381E+21,6.79433E+15,5.02055E+16
110988,7,2,33,71,2018,12,5,7,3,9,1,2,0,1,0,0,0,0,1,3.53934E+20,5.55034E+21,6.9581E+15,5.00873E+16
110989,7,1,35,20,2018,12,2,1,2,8,1,2,0,1,0,0,0,0,2,3.71028E+20,5.55645E+21,7.19487E+15,5.01463E+16
110990,7,1,41,29,2018,12,10,4,3,0,7,0,0,0,0,1,0,0,0,4.30112E+20,5.58021E+21,8.01726E+15,5.03698E+16
110991,7,2,31,4,2018,12,22,4,3,9,1,2,0,1,0,0,0,0,1,3.55257E+20,5.54154E+21,6.97991E+15,5.00085E+16
110992,7,2,32,113,2018,12,13,6,2,6,7,0,0,0,1,0,0,1,1,3.28595E+20,5.55208E+21,6.6034E+15,5.00962E+16
110993,7,3,36,85,2018,12,0,7,3,8,1,2,0,1,0,0,0,0,1,4.04029E+20,5.49824E+21,7.67105E+15,4.96291E+16
110994,7,1,37,93,2018,12,11,3,3,9,1,0,0,1,0,0,0,0,1,3.67264E+20,5.58269E+21,7.13301E+15,5.03813E+16
110995,7,2,35,501,2018,12,13,3,2,2,6,0,0,1,0,0,0,1,0,3.23791E+20,5.52466E+21,6.54886E+15,4.98484E+16
110996,7,2,32,113,2018,12,13,6,2,4,6,0,0,1,0,0,1,0,1,3.28595E+20,5.55208E+21,6.6034E+15,5.00962E+16
110997,7,1,34,45,2018,12,16,6,3,3,3,2,0,1,0,0,0,0,1,3.77276E+20,5.50647E+21,7.29817E+15,4.96982E+16
110998,7,1,43,29,2018,12,23,6,2,2,2,2,0,1,0,0,0,0,0,4.0972E+20,5.60344E+21,7.72498E+15,5.05759E+16
110999,7,1,34,26,2018,12,14,6,3,5,2,0,0,1,0,0,0,0,1,3.79694E+20,5.49683E+21,7.33464E+15,4.9612E+16
111000,7,1,41,501,2018,12,18,2,2,5,2,2,0,1,0,0,0,1,0,4.03522E+20,5.56964E+21,7.64615E+15,5.0271E+16
111001,7,1,38,45,2018,12,11,2,3,9,1,0,0,1,0,0,0,1,1,3.93184E+20,5.59346E+21,7.49437E+15,5.04834E+16
111002,7,2,11,0,2018,12,19,6,3,5,3,2,0,1,0,0,0,0,1,3.31999E+20,5.51601E+21,6.66667E+15,4.9773E+16
111003,7,3,36,102,2018,12,12,4,1,6,1,0,0,0,1,0,0,1,0,3.8057E+20,5.47169E+21,7.35436E+15,4.93862E+16
111004,7,1,31,6,2018,12,5,5,3,5,3,2,0,1,0,0,0,0,1,3.79075E+20,5.59714E+21,7.2944E+15,5.05137E+16
111005,7,3,18,0,2018,12,5,3,3,6,4,2,0,1,1,0,0,0,1,4.58265E+20,5.46284E+21,8.42575E+15,4.93168E+16
111006,7,3,40,20,2018,12,14,3,3,9,1,0,0,1,0,0,0,0,0,4.09154E+20,5.44903E+21,7.75326E+15,4.91874E+16
111007,7,2,11,0,2018,12,10,6,2,6,4,0,0,1,1,0,0,0,1,3.29129E+20,5.51294E+21,6.62819E+15,4.97446E+16
111008,7,1,38,10,2018,12,17,7,3,8,1,2,0,1,0,0,0,0,1,3.90328E+20,5.59553E+21,7.45352E+15,5.05015E+16
111009,7,1,33,54,2018,12,11,2,3,5,3,0,1,1,0,0,0,0,0,4.21775E+20,5.52729E+21,7.9109E+15,4.98929E+16
111010,7,1,37,203,2018,12,20,3,2,4,6,2,0,1,0,0,0,0,0,3.99252E+20,5.58855E+21,7.58119E+15,5.04403E+16
111011,7,2,11,0,2018,12,7,6,3,2,2,2,0,1,0,0,0,0,1,3.33109E+20,5.51629E+21,6.68195E+15,4.97759E+16
111012,7,1,43,308,2018,12,15,6,3,8,1,0,0,1,0,0,0,0,1,4.27882E+20,5.6022E+21,7.98166E+15,5.05673E+16
111013,7,3,35,37,2018,12,5,5,3,9,1,2,0,1,0,0,0,0,0,4.01397E+20,5.47055E+21,7.64153E+15,4.93796E+16
111014,7,3,12,0,2018,12,11,1,3,2,6,0,0,1,0,0,0,1,1,4.12624E+20,5.47706E+21,7.79474E+15,4.94399E+16
111015,7,3,32,15,2018,12,21,2,2,9,1,2,0,1,0,0,0,0,1,4.44639E+20,5.48167E+21,8.23566E+15,4.94851E+16
111016,7,1,38,3,2018,12,8,3,3,4,6,0,0,1,0,0,0,0,2,3.88446E+20,5.61359E+21,7.42158E+15,5.06634E+16
111017,7,1,43,242,2018,12,3,6,3,8,1,2,0,1,0,0,0,0,1,4.29183E+20,5.60905E+21,7.99873E+15,5.0629E+16
111018,7,1,43,235,2018,12,5,6,3,8,1,2,0,1,0,0,0,0,1,4.13676E+20,5.61139E+21,7.77897E+15,5.06479E+16
111019,7,1,31,7,2018,12,0,6,3,8,1,2,0,0,0,0,1,0,0,3.69217E+20,5.60172E+21,7.15382E+15,5.05528E+16
111020,7,1,32,59,2018,12,6,6,3,5,3,2,0,1,0,0,0,0,1,4.20405E+20,5.62205E+21,7.87184E+15,5.07448E+16
111021,7,1,11,0,2018,12,21,2,3,5,2,2,0,1,0,0,0,0,1,3.99971E+20,5.57905E+21,7.59385E+15,5.0355E+16
111022,7,1,11,0,2018,12,17,2,3,6,4,2,0,1,1,0,0,0,1,3.95267E+20,5.58108E+21,7.52718E+15,5.03725E+16
111023,7,1,41,1,2018,12,18,6,3,5,3,2,0,1,0,0,0,0,1,4.29366E+20,5.56957E+21,8.00877E+15,5.0274E+16
111024,7,3,34,25,2018,12,8,4,3,8,1,0,0,1,0,0,0,0,0,4.49224E+20,5.44452E+21,8.30367E+15,4.91514E+16
111025,7,3,40,7,2018,12,11,4,3,9,1,0,0,1,0,0,0,0,1,3.98696E+20,5.45688E+21,7.6078E+15,4.92563E+16
111026,7,1,33,6,2018,12,6,2,3,2,6,2,0,1,0,0,0,0,1,4.18242E+20,5.52376E+21,7.86247E+15,4.98607E+16
111027,7,1,33,6,2018,12,15,3,3,0,7,0,0,0,0,1,0,0,1,4.18056E+20,5.52212E+21,7.86023E+15,4.98459E+16
111028,7,3,34,1,2018,12,7,3,3,2,6,1,0,1,0,0,0,0,1,4.49005E+20,5.44935E+21,8.30007E+15,4.91948E+16
111029,7,1,43,48,2018,12,7,6,2,6,4,2,0,1,1,0,0,0,1,4.16565E+20,5.58826E+21,7.82502E+15,5.04404E+16
111030,7,1,38,15,2018,12,16,6,3,9,1,2,0,1,0,0,0,0,1,3.92095E+20,5.59713E+21,7.47796E+15,5.05161E+16
111031,7,1,37,226,2018,12,20,7,3,5,3,2,0,1,0,0,0,0,0,4.01217E+20,5.5841E+21,7.61003E+15,5.04006E+16
111032,7,3,15,0,2018,12,15,2,2,2,6,0,0,1,0,0,0,0,1,4.45871E+20,5.5355E+21,8.24519E+15,4.99694E+16
111033,7,3,37,43,2018,12,18,2,2,4,6,2,0,1,0,0,0,0,1,4.34339E+20,5.44446E+21,8.09958E+15,4.91494E+16
111034,7,1,32,107,2018,12,16,6,3,9,1,0,0,1,0,0,0,0,1,4.17463E+20,5.62186E+21,7.83019E+15,5.07426E+16
111035,7,1,32,6,2018,12,14,6,3,9,1,0,0,1,0,0,0,0,1,4.20897E+20,5.62716E+21,7.87771E+15,5.07908E+16
111036,7,1,32,6,2018,12,14,1,2,9,1,0,0,1,0,0,0,0,1,4.20162E+20,5.62561E+21,7.86762E+15,5.07767E+16
111037,7,3,34,17,2018,12,4,5,3,3,6,2,0,1,0,0,1,0,1,4.51428E+20,5.45639E+21,8.33246E+15,4.92584E+16
111038,7,3,33,45,2018,12,17,2,3,5,2,1,0,1,0,0,0,0,1,4.30338E+20,5.49878E+21,8.0352E+15,4.96375E+16
111039,7,3,15,0,2018,12,6,1,3,9,1,2,0,1,0,0,0,0,2,4.47405E+20,5.53736E+21,8.26632E+15,4.99862E+16
111040,7,1,32,39,2018,12,9,6,3,2,2,0,0,1,0,0,0,0,1,4.16486E+20,5.62183E+21,7.81635E+15,5.07423E+16
111041,7,3,31,3,2018,12,7,4,2,2,6,1,0,1,0,0,1,0,0,4.33595E+20,5.50824E+21,8.0787E+15,4.9723E+16
111042,7,3,19,0,2018,12,14,4,3,4,1,0,0,1,0,0,0,0,0,4.51953E+20,5.49993E+21,8.3344E+15,4.965E+16
111043,7,1,32,63,2018,12,7,6,3,5,3,0,0,1,0,1,0,0,1,4.21661E+20,5.62873E+21,7.88822E+15,5.0805E+16
111044,7,2,35,149,2018,12,17,1,3,5,3,2,0,1,0,0,0,0,1,3.17066E+20,5.50053E+21,6.46673E+15,4.96296E+16
111045,7,3,31,19,2018,12,19,1,3,8,1,2,0,1,0,0,0,0,1,4.35957E+20,5.51607E+21,8.11017E+15,4.97937E+16
111046,7,1,32,6,2018,12,7,6,3,0,1,0,0,0,0,1,0,0,1,4.20786E+20,5.62687E+21,7.8762E+15,5.07882E+16
111047,7,3,14,0,2018,12,17,4,2,2,6,2,0,1,0,0,0,0,0,4.57979E+20,5.47783E+21,8.42023E+15,4.94517E+16
111048,7,3,38,25,2018,12,8,4,3,1,7,0,1,1,0,0,0,0,1,4.54728E+20,5.4694E+21,8.37634E+15,4.93756E+16
111049,7,1,32,22,2018,12,21,6,2,5,3,2,0,1,0,0,0,0,1,4.08617E+20,5.61931E+21,7.70549E+15,5.07184E+16
111050,7,3,19,0,2018,12,22,3,3,2,6,0,0,1,0,0,1,0,0,4.4903E+20,5.4988E+21,8.29406E+15,4.96396E+16
111051,7,3,14,0,2018,12,6,3,3,6,2,2,0,1,1,0,0,0,0,4.59324E+20,5.48001E+21,8.43856E+15,4.94714E+16
111052,7,1,38,45,2018,12,16,6,3,2,6,2,0,1,0,0,0,0,0,3.91888E+20,5.58899E+21,7.4774E+15,5.0443E+16
111053,7,1,40,117,2018,12,11,6,2,8,1,0,0,1,0,0,0,0,1,3.96077E+20,5.55304E+21,7.54625E+15,5.01205E+16
111054,7,3,32,25,2018,12,17,6,3,1,2,2,0,1,0,0,0,0,0,4.46379E+20,5.46939E+21,8.26134E+15,4.93748E+16
111055,7,3,32,2,2018,12,16,6,3,0,7,0,0,0,0,0,0,1,0,4.39813E+20,5.47905E+21,8.16943E+15,4.94611E+16
111056,7,3,15,0,2018,12,9,2,3,2,6,0,0,1,0,0,0,0,0,4.41612E+20,5.53876E+21,8.18532E+15,4.99983E+16
111057,7,3,31,48,2018,12,10,2,3,5,3,0,0,1,0,0,0,1,1,4.42134E+20,5.4979E+21,8.19869E+15,4.96308E+16
111058,7,1,11,0,2018,12,6,6,3,2,6,2,0,1,0,0,0,0,1,3.99513E+20,5.58079E+21,7.58695E+15,5.03706E+16
111059,7,1,41,75,2018,12,5,6,3,2,6,2,0,1,0,0,0,0,1,4.04004E+20,5.57501E+21,7.65156E+15,5.03193E+16
111060,7,1,33,23,2018,12,16,6,3,1,6,1,0,1,0,0,0,0,1,4.07828E+20,5.53722E+21,7.7144E+15,4.99802E+16
111061,7,1,31,55,2018,12,15,1,3,5,3,0,0,1,0,0,0,0,1,3.74381E+20,5.59207E+21,7.22992E+15,5.04671E+16
111062,7,3,39,13,2018,12,18,5,3,5,3,2,0,1,0,0,0,1,0,4.47E+20,5.51612E+21,8.26359E+15,4.97952E+16
111063,7,3,18,0,2018,12,18,5,3,5,3,2,1,1,0,0,0,0,1,4.58543E+20,5.46535E+21,8.42932E+15,4.93394E+16
111064,7,1,43,48,2018,12,18,1,1,4,1,2,0,1,0,0,0,0,1,4.17715E+20,5.58779E+21,7.84131E+15,5.04363E+16
111065,7,1,33,65,2018,12,7,5,3,5,3,1,0,1,0,0,0,0,1,4.04193E+20,5.50768E+21,7.67101E+15,4.9714E+16
111066,7,2,31,123,2018,12,18,4,3,5,2,2,0,1,0,0,0,0,1,3.56534E+20,5.51284E+21,7.00837E+15,4.97509E+16
111067,7,3,15,0,2018,12,16,4,3,6,4,0,0,1,1,0,0,0,0,4.43974E+20,5.5389E+21,8.21824E+15,4.99998E+16
111068,7,3,12,0,2018,12,17,5,3,2,6,2,0,1,0,0,0,1,0,4.10395E+20,5.47793E+21,7.7638E+15,4.94474E+16
111069,7,2,35,37,2018,12,15,1,3,5,3,0,0,1,0,0,0,0,1,3.35174E+20,5.50776E+21,6.71422E+15,4.96998E+16
111070,7,1,38,45,2018,12,13,3,2,8,1,0,0,1,0,0,0,0,1,3.91544E+20,5.59475E+21,7.47088E+15,5.04946E+16
111071,7,2,35,103,2018,12,7,3,2,5,3,2,0,1,0,0,0,0,1,3.41807E+20,5.51059E+21,6.80498E+15,4.9727E+16
111072,7,3,35,49,2018,12,16,5,3,5,3,2,0,1,0,0,0,0,1,4.01243E+20,5.48152E+21,7.63668E+15,4.94783E+16
111073,7,3,32,24,2018,12,7,5,3,5,3,2,0,1,0,0,0,0,1,4.385E+20,5.48837E+21,8.14985E+15,4.95448E+16
111074,7,3,19,0,2018,12,8,6,3,2,2,1,1,1,0,0,0,0,0,4.51698E+20,5.49585E+21,8.33136E+15,4.96133E+16
111075,7,3,39,9,2018,12,16,6,3,2,2,1,0,1,0,0,1,0,1,4.41579E+20,5.54214E+21,8.18433E+15,5.00287E+16
111076,7,1,38,45,2018,12,9,2,2,3,6,0,0,1,0,0,0,0,1,3.94328E+20,5.58842E+21,7.51191E+15,5.04383E+16
111077,7,1,41,92,2018,12,19,2,3,8,1,2,0,1,0,0,0,0,1,4.17309E+20,5.56091E+21,7.84148E+15,5.01946E+16
111078,7,1,43,286,2018,12,21,3,3,5,3,2,0,1,0,0,0,0,1,4.34651E+20,5.60823E+21,8.07618E+15,5.06223E+16
111079,7,3,19,0,2018,12,11,3,3,5,2,0,0,1,0,0,0,0,1,4.51902E+20,5.49672E+21,8.33408E+15,4.96211E+16
111080,7,3,16,0,2018,12,15,5,3,5,3,0,0,1,0,0,0,0,0,4.39909E+20,5.46451E+21,8.17295E+15,4.93304E+16
111081,7,3,16,0,2018,12,14,5,2,4,1,0,0,1,0,0,0,1,1,4.41833E+20,5.46295E+21,8.19966E+15,4.93166E+16
111082,7,3,38,23,2018,12,8,6,2,8,1,0,0,0,0,0,1,0,0,4.54573E+20,5.45995E+21,8.37527E+15,4.92906E+16
111083,7,3,14,0,2018,12,20,6,3,4,2,2,0,1,0,0,0,0,1,4.57965E+20,5.4796E+21,8.41985E+15,4.94676E+16
111084,7,2,35,58,2018,12,18,2,3,6,6,2,0,1,1,0,0,0,1,3.42553E+20,5.49961E+21,6.81975E+15,4.96285E+16
111085,7,2,11,0,2018,12,6,2,3,2,6,2,0,1,0,0,0,1,1,3.34E+20,5.5192E+21,6.69307E+15,4.98023E+16
111086,7,3,13,0,2018,12,8,5,3,1,6,0,0,1,0,0,0,0,0,4.3667E+20,5.45181E+21,8.13039E+15,4.92158E+16
111087,7,3,35,38,2018,12,15,5,3,0,7,0,0,0,1,0,0,1,1,3.95366E+20,5.4799E+21,7.556E+15,4.94627E+16
111088,7,3,37,42,2018,12,18,5,3,0,7,2,0,0,0,1,0,0,1,4.29755E+20,5.44711E+21,8.03627E+15,4.91728E+16
111089,7,2,35,143,2018,12,10,5,3,5,3,0,0,1,0,0,0,0,0,3.22018E+20,5.50954E+21,6.53114E+15,4.97121E+16
111090,7,3,33,39,2018,12,16,5,3,9,1,1,0,1,0,0,0,0,0,4.29601E+20,5.5019E+21,8.02444E+15,4.96655E+16
111091,7,3,33,53,2018,12,23,7,3,8,1,2,0,1,0,0,0,0,0,4.18991E+20,5.50763E+21,7.87625E+15,4.97157E+16
111092,7,1,38,45,2018,12,19,4,2,8,1,2,0,1,0,0,0,0,0,3.9422E+20,5.58773E+21,7.51059E+15,5.04321E+16
111093,7,1,43,262,2018,12,17,4,3,1,6,2,0,1,0,0,0,0,1,4.13763E+20,5.61143E+21,7.7802E+15,5.06484E+16
111094,7,3,14,0,2018,12,16,5,3,4,6,1,1,0,0,0,0,0,1,4.58475E+20,5.48288E+21,8.42655E+15,4.94971E+16
111095,7,1,33,48,2018,12,9,7,3,5,3,0,0,1,0,0,0,0,1,4.14552E+20,5.52007E+21,7.81195E+15,4.9827E+16
111096,7,1,11,0,2018,12,7,3,3,5,2,0,0,1,0,0,0,0,1,3.99971E+20,5.57905E+21,7.59385E+15,5.0355E+16
111097,7,1,43,37,2018,12,14,3,3,8,6,0,0,1,0,0,0,0,0,4.2701E+20,5.59062E+21,7.97162E+15,5.0463E+16
111098,7,3,14,0,2018,12,7,5,3,2,6,2,0,1,0,1,0,0,1,4.57452E+20,5.48362E+21,8.41233E+15,4.95037E+16
111099,7,1,33,52,2018,12,11,5,3,0,1,0,0,0,0,1,0,0,1,3.88605E+20,5.51465E+21,7.45287E+15,4.9774E+16
111100,7,1,31,58,2018,12,22,6,3,5,3,2,0,1,0,0,0,0,1,3.53891E+20,5.5777E+21,6.94698E+15,5.03332E+16
111101,7,1,38,27,2018,12,17,6,3,9,1,2,0,1,0,0,0,0,1,4.015E+20,5.60321E+21,7.60897E+15,5.05725E+16
111102,7,1,40,125,2018,12,5,1,3,7,1,2,0,1,0,0,0,0,1,4.02856E+20,5.54032E+21,7.64428E+15,5.00073E+16
111103,7,1,11,0,2018,12,13,2,3,2,6,0,0,1,0,0,0,0,1,3.9949E+20,5.58104E+21,7.58656E+15,5.03729E+16
111104,7,3,39,30,2018,12,0,1,2,9,1,2,0,1,0,0,0,0,1,4.30556E+20,5.53692E+21,8.03141E+15,4.99806E+16
111105,7,1,37,3,2018,12,11,2,3,8,1,0,0,1,0,0,0,0,1,3.8904E+20,5.58559E+21,7.43831E+15,5.04119E+16
111106,7,1,33,6,2018,12,7,5,3,9,1,2,0,1,0,0,0,1,1,4.20094E+20,5.52401E+21,7.88818E+15,4.98632E+16
111107,7,3,16,0,2018,12,18,4,3,5,3,2,0,1,0,0,0,0,0,4.38426E+20,5.46719E+21,8.15213E+15,4.93543E+16
111108,7,1,11,0,2018,12,10,5,3,1,6,0,0,1,0,0,0,0,0,3.96953E+20,5.58315E+21,7.55031E+15,5.03914E+16
111109,7,3,14,0,2018,12,19,3,3,5,2,2,1,1,0,0,0,0,1,4.53968E+20,5.48232E+21,8.36438E+15,4.94917E+16
111110,7,3,37,44,2018,12,16,5,3,9,1,2,0,1,0,0,0,0,1,4.38366E+20,5.4449E+21,8.15473E+15,4.91538E+16
111111,7,3,31,3,2018,12,17,5,2,5,3,1,1,1,0,0,0,0,0,4.36566E+20,5.5106E+21,8.11953E+15,4.97445E+16
111112,7,1,11,0,2018,12,13,5,3,2,1,0,0,1,0,0,0,0,0,3.9519E+20,5.58157E+21,7.52595E+15,5.03769E+16
111113,7,1,43,37,2018,12,15,5,3,8,1,0,0,1,0,0,0,0,1,4.29087E+20,5.58961E+21,8.00107E+15,5.04542E+16
111114,7,2,11,0,2018,12,11,7,3,5,3,0,0,1,0,0,0,0,0,3.31997E+20,5.51601E+21,6.66665E+15,4.97731E+16
111115,7,3,14,0,2018,12,14,3,2,1,6,0,0,1,0,0,1,0,0,4.50206E+20,5.48029E+21,8.31269E+15,4.94732E+16
111116,7,1,31,7,2018,12,9,4,3,8,1,0,0,1,0,0,0,0,1,3.71888E+20,5.60098E+21,7.19175E+15,5.05467E+16
111117,7,3,15,0,2018,12,19,5,3,2,6,2,0,1,0,0,0,0,1,4.49301E+20,5.53769E+21,8.29274E+15,4.99894E+16
111118,7,2,35,56,2018,12,3,7,3,8,1,2,0,1,0,0,0,0,1,3.36231E+20,5.51514E+21,6.72577E+15,4.97664E+16
111119,7,3,14,0,2018,12,16,2,3,5,3,2,0,1,0,0,0,0,1,4.55183E+20,5.48283E+21,8.38109E+15,4.94964E+16
111120,7,1,38,45,2018,12,22,3,1,6,4,2,0,1,1,0,0,0,1,3.89975E+20,5.58854E+21,7.4506E+15,5.04385E+16
111121,7,2,11,0,2018,12,7,5,3,3,6,0,0,1,0,0,0,0,0,3.32729E+20,5.51626E+21,6.67669E+15,4.97755E+16
111122,7,2,33,240,2018,12,19,5,3,2,2,2,0,1,0,0,0,0,1,3.24253E+20,5.58042E+21,6.52963E+15,5.03496E+16
111123,7,3,40,15,2018,12,18,5,3,4,6,2,0,1,0,0,0,0,0,4.06853E+20,5.46391E+21,7.71823E+15,4.93208E+16
111124,7,1,31,206,2018,12,7,6,3,2,1,1,0,1,0,0,0,0,1,3.63153E+20,5.58654E+21,7.07382E+15,5.04149E+16
111125,7,1,37,226,2018,12,12,1,3,5,3,0,0,1,0,0,0,0,1,4.01816E+20,5.58277E+21,7.6188E+15,5.03888E+16
111126,7,1,11,0,2018,12,14,2,3,2,6,0,0,1,0,0,0,0,1,3.99768E+20,5.57918E+21,7.59095E+15,5.03562E+16
111127,7,3,34,22,2018,12,6,1,3,8,1,2,0,1,0,0,0,0,2,4.49427E+20,5.441E+21,8.3069E+15,4.91198E+16
111128,7,2,31,8,2018,12,11,5,3,8,1,0,0,0,0,0,1,0,1,3.55143E+20,5.53557E+21,6.98057E+15,4.99549E+16
111129,7,3,18,0,2018,12,16,4,3,4,7,1,0,1,0,0,0,1,0,4.58084E+20,5.46507E+21,8.42303E+15,4.93369E+16
111130,7,3,36,105,2018,12,14,4,3,2,2,0,0,1,0,0,0,0,0,3.99498E+20,5.49561E+21,7.609E+15,4.96047E+16
111131,7,3,19,0,2018,12,8,2,3,6,6,0,0,1,1,0,0,0,1,4.53008E+20,5.50686E+21,8.34818E+15,4.97124E+16
111132,7,1,33,107,2018,12,13,3,2,8,1,0,0,1,0,0,0,0,1,4.08066E+20,5.51941E+21,7.72195E+15,4.982E+16
111133,7,3,13,0,2018,12,18,3,2,6,4,2,0,1,1,0,0,0,0,4.36009E+20,5.44951E+21,8.12167E+15,4.9195E+16
111134,7,2,31,107,2018,12,20,5,2,6,2,2,0,1,1,0,0,0,1,3.53247E+20,5.53541E+21,6.95422E+15,4.9953E+16
111135,7,2,35,45,2018,12,17,5,3,5,3,2,0,1,0,0,0,0,1,3.52648E+20,5.5052E+21,6.95734E+15,4.96813E+16
111136,7,1,38,44,2018,12,12,7,3,2,6,0,0,1,0,0,0,0,1,3.88761E+20,5.60747E+21,7.42787E+15,5.06085E+16
111137,7,1,11,0,2018,12,4,1,3,8,1,2,1,0,0,0,0,0,0,3.95552E+20,5.58112E+21,7.53118E+15,5.03729E+16
111138,7,3,15,0,2018,12,7,2,3,6,4,1,0,0,1,0,1,0,1,4.47733E+20,5.53974E+21,8.27057E+15,5.00077E+16
111139,7,3,38,11,2018,12,15,2,3,6,4,0,0,1,1,0,0,0,0,4.52455E+20,5.46026E+21,8.34612E+15,4.92932E+16