OBJECTID_1,ULAND,UREGBEZ,UKREIS,UGEMEINDE,UJAHR,UMONAT,USTUNDE,UWOCHENTAG,UKATEGORIE,UART,UTYP1,ULICHTVERH,IstRad,IstPKW,IstFuss,IstKrad,IstGkfz,IstSonstig,STRZUSTAND,LINREFX,LINREFY,XGCSWGS84,YGCSWGS84
111325,7,1,34,45,2018,12,10,6,3,2,2,0,0,1,0,0,0,0,1,3.76601E+20,5.50566E+21,7.28908E+15,4.96908E+16
111326,7,1,43,31,2018,12,13,7,3,4,6,0,0,1,0,0,0,0,1,4.08224E+20,5.58377E+21,7.70868E+15,5.03988E+16
111327,7,1,40,36,2018,12,16,2,3,2,6,0,0,1,0,0,0,0,1,3.96722E+20,5.55696E+21,7.55421E+15,5.01558E+16
111328,7,1,35,52,2018,12,11,2,3,5,3,0,0,1,0,0,0,0,1,3.6266E+20,5.56673E+21,7.0741E+15,5.02368E+16
111329,7,3,39,58,2018,12,7,3,2,4,6,0,0,1,0,0,0,0,1,4.17954E+20,5.53957E+21,7.8551E+15,5.00028E+16
111330,7,3,12,0,2018,12,18,4,3,5,2,2,0,1,0,0,0,0,0,4.05729E+20,5.48082E+21,7.69875E+15,4.94727E+16
111331,7,1,37,203,2018,12,23,5,2,4,1,2,0,1,0,0,0,0,0,4.00543E+20,5.58627E+21,7.59997E+15,5.04201E+16
111332,7,3,38,14,2018,12,7,3,3,0,1,1,1,0,0,0,0,0,0,4.49486E+20,5.47545E+21,8.30336E+15,4.94296E+16
111333,7,3,35,22,2018,12,12,3,3,2,6,0,0,1,0,0,0,1,0,3.95662E+20,5.47519E+21,7.56133E+15,4.94204E+16
111334,7,3,31,73,2018,12,15,3,3,8,1,0,0,1,0,0,0,0,0,4.36124E+20,5.52197E+21,8.11152E+15,4.98467E+16
111335,7,1,38,57,2018,12,13,7,2,8,1,0,0,1,0,0,0,0,1,4.02963E+20,5.6029E+21,7.6297E+15,5.057E+16
111336,7,1,33,18,2018,12,7,2,3,2,6,2,0,1,0,0,0,0,1,4.19989E+20,5.52445E+21,7.88663E+15,4.98671E+16
111337,7,3,17,0,2018,12,3,3,3,8,1,2,0,1,0,0,0,0,2,3.97889E+20,5.45161E+21,7.59805E+15,4.92088E+16
111338,7,1,32,9,2018,12,18,4,3,2,6,2,0,1,0,0,0,0,1,4.00615E+20,5.61811E+21,7.59249E+15,5.07063E+16
111339,7,3,31,3,2018,12,7,3,3,6,4,1,0,1,1,0,0,0,1,4.35917E+20,5.5104E+21,8.11055E+15,4.97427E+16
111340,7,2,31,502,2018,12,4,7,3,9,1,2,0,1,0,0,0,0,1,3.65573E+20,5.51865E+21,7.13176E+15,4.98052E+16
111341,7,3,34,12,2018,12,7,2,3,4,2,2,0,1,0,0,0,0,1,4.47426E+20,5.43565E+21,8.28017E+15,4.90715E+16
111342,7,1,38,68,2018,12,12,3,3,5,3,0,0,1,0,0,0,0,1,3.82512E+20,5.6062E+21,7.33999E+15,5.05958E+16
111343,7,3,31,48,2018,12,6,3,2,4,2,2,0,1,0,0,0,0,1,4.42022E+20,5.49772E+21,8.19716E+15,4.96293E+16
111344,7,3,39,43,2018,12,15,3,2,4,2,0,0,1,0,1,0,0,0,4.52514E+20,5.52431E+21,8.33919E+15,4.98693E+16
111345,7,1,37,229,2018,12,20,6,3,2,6,2,0,1,0,0,0,1,0,4.01446E+20,5.58632E+21,7.61266E+15,5.04207E+16
111346,7,1,31,77,2018,12,14,6,3,5,2,0,0,1,0,0,0,0,0,3.75607E+20,5.60179E+21,7.24394E+15,5.05548E+16
111347,7,1,38,45,2018,12,21,7,3,5,3,2,0,1,0,0,0,0,1,3.9677E+20,5.5868E+21,7.54673E+15,5.04241E+16
111348,7,1,11,0,2018,12,18,2,2,8,1,2,0,1,0,0,0,0,1,4.00945E+20,5.5784E+21,7.60771E+15,5.03494E+16
111349,7,3,35,26,2018,12,14,1,3,8,1,0,0,1,0,0,0,0,1,4.15873E+20,5.47979E+21,7.83896E+15,4.94649E+16
111350,7,3,39,19,2018,12,14,3,3,1,6,0,0,1,0,0,0,0,0,4.29935E+20,5.53591E+21,8.02292E+15,4.99714E+16
111351,7,3,18,0,2018,12,19,4,3,1,5,2,1,1,0,0,0,0,0,4.58487E+20,5.46362E+21,8.42872E+15,4.93239E+16
111352,7,3,40,28,2018,12,23,4,2,9,1,2,0,1,0,0,0,0,1,4.06734E+20,5.44848E+21,7.72019E+15,4.9182E+16
111353,7,3,39,67,2018,12,17,2,3,7,1,2,0,1,0,0,0,0,1,4.44032E+20,5.52672E+21,8.22083E+15,4.98902E+16
111354,7,1,33,117,2018,12,15,3,3,2,6,0,0,1,0,0,0,0,1,4.14946E+20,5.52279E+21,7.81684E+15,4.98515E+16
111355,7,3,16,0,2018,12,17,3,3,2,6,2,0,1,0,0,0,0,1,4.4153E+20,5.46765E+21,8.1948E+15,4.93588E+16
111356,7,3,39,57,2018,12,13,3,3,0,6,0,0,1,0,0,0,1,0,4.38044E+20,5.53048E+21,8.13687E+15,4.99235E+16
111357,7,2,31,110,2018,12,8,3,3,4,1,0,0,1,0,0,0,0,1,3.64664E+20,5.54357E+21,7.1104E+15,5.00291E+16
111358,7,1,37,229,2018,12,6,7,3,1,1,2,0,1,0,0,0,0,1,4.00022E+20,5.58526E+21,7.59291E+15,5.04108E+16
111359,7,1,35,45,2018,12,9,7,2,8,1,0,0,1,0,0,0,0,1,3.68438E+20,5.56559E+21,7.15548E+15,5.02278E+16
111360,7,3,15,0,2018,12,10,2,3,2,6,0,0,1,0,0,0,0,1,4.46396E+20,5.5408E+21,8.25177E+15,5.00171E+16
111361,7,3,13,0,2018,12,16,2,3,2,6,2,0,1,0,0,0,0,1,4.36814E+20,5.44722E+21,8.13309E+15,4.91745E+16
111362,7,2,33,29,2018,12,15,3,3,8,1,0,0,1,0,0,0,0,1,3.32282E+20,5.57342E+21,6.6455E+15,5.0289E+16
111363,7,2,32,86,2018,12,14,3,3,5,2,0,0,1,0,0,0,0,0,3.22931E+20,5.54405E+21,6.52799E+15,5.00224E+16
111364,7,3,33,39,2018,12,7,5,3,2,6,0,0,1,0,0,0,0,0,4.29322E+20,5.50229E+21,8.0205E+15,4.9669E+16
111365,7,1,37,79,2018,12,6,7,3,9,7,2,0,0,0,0,0,1,1,3.61453E+20,5.57676E+21,7.05351E+15,5.03267E+16
111366,7,2,33,74,2018,12,9,1,3,9,1,0,0,1,0,0,0,0,2,3.47925E+20,5.55661E+21,6.87167E+15,5.01422E+16
111367,7,3,36,3,2018,12,14,2,2,9,1,0,0,1,0,0,0,0,1,3.88098E+20,5.492E+21,7.4523E+15,4.95703E+16
111368,7,1,34,45,2018,12,17,3,2,6,4,2,0,1,1,0,0,0,1,3.75883E+20,5.5116E+21,7.27723E+15,4.9744E+16
111369,7,1,34,45,2018,12,13,3,3,5,3,0,0,1,0,0,0,0,1,3.7964E+20,5.50934E+21,7.33005E+15,4.97245E+16
111370,7,3,32,24,2018,12,17,5,3,5,2,2,1,1,0,0,0,0,0,4.39658E+20,5.49118E+21,8.16544E+15,4.95702E+16
111371,7,3,39,21,2018,12,13,1,3,5,3,0,0,1,0,0,0,0,1,4.22791E+20,5.52798E+21,7.92491E+15,4.98993E+16
111372,7,3,31,52,2018,12,5,1,3,8,1,2,0,1,0,0,0,0,2,4.39232E+20,5.50379E+21,8.15759E+15,4.96836E+16
111373,7,2,35,118,2018,12,19,3,2,5,3,2,0,1,0,1,0,0,0,3.23421E+20,5.49778E+21,6.55588E+15,4.96068E+16
111374,7,3,14,0,2018,12,12,4,2,2,6,0,0,1,0,0,0,0,0,4.58859E+20,5.48112E+21,8.43203E+15,4.94814E+16
111375,7,1,33,52,2018,12,10,4,3,9,1,0,0,1,0,0,0,0,1,3.87635E+20,5.51325E+21,7.43981E+15,4.97612E+16
111376,7,1,41,79,2018,12,16,3,3,9,1,2,0,1,0,0,0,0,1,4.10005E+20,5.55865E+21,7.73972E+15,5.01732E+16
111377,7,2,33,26,2018,12,7,3,2,2,6,1,0,1,0,0,0,0,1,3.31589E+20,5.56553E+21,6.63928E+15,5.02179E+16
111378,7,3,39,5,2018,12,17,3,3,4,2,2,0,1,0,1,0,0,1,4.21974E+20,5.53102E+21,7.91292E+15,4.99265E+16
111379,7,1,43,23,2018,12,15,3,3,2,2,0,0,1,0,0,1,0,1,4.25522E+20,5.58496E+21,7.95178E+15,5.04119E+16
111380,7,1,43,10,2018,12,12,3,2,9,1,0,0,1,0,0,0,0,1,4.15325E+20,5.59053E+21,7.80704E+15,5.04607E+16
111381,7,3,32,2,2018,12,21,6,3,4,6,2,0,1,0,0,0,0,0,4.43365E+20,5.47943E+21,8.21838E+15,4.94649E+16
111382,7,3,16,0,2018,12,17,6,3,1,6,2,0,1,0,0,0,0,1,4.36793E+20,5.46696E+21,8.12969E+15,4.9352E+16
111383,7,3,15,0,2018,12,7,2,3,2,6,2,0,1,0,0,0,0,1,4.41853E+20,5.5381E+21,8.18878E+15,4.99924E+16
111384,7,3,39,67,2018,12,13,2,3,5,2,0,0,1,0,0,0,0,1,4.44271E+20,5.52664E+21,8.22416E+15,4.98896E+16
111385,7,1,43,48,2018,12,7,3,3,6,4,1,0,1,1,0,0,0,1,4.14609E+20,5.58682E+21,7.7978E+15,5.04271E+16
111386,7,1,37,229,2018,12,10,6,3,2,6,0,0,1,0,0,0,0,1,4.02643E+20,5.58721E+21,7.62928E+15,5.04288E+16
111387,7,1,43,29,2018,12,7,3,3,7,7,2,0,1,0,0,1,1,1,4.10731E+20,5.60384E+21,7.73915E+15,5.05797E+16
111388,7,3,39,30,2018,12,7,5,3,2,6,0,0,1,0,0,0,0,0,4.30228E+20,5.5371E+21,8.02679E+15,4.99821E+16
111389,7,3,18,0,2018,12,14,5,3,5,3,0,0,1,0,0,0,0,1,4.58402E+20,5.46532E+21,8.42738E+15,4.93392E+16
111390,7,1,38,59,2018,12,14,1,3,9,1,0,0,1,0,0,0,0,2,4.04627E+20,5.60408E+21,7.6529E+15,5.05809E+16
111391,7,1,43,229,2018,12,5,4,3,4,6,2,0,1,0,0,0,0,0,4.156E+20,5.60933E+21,7.80666E+15,5.06298E+16
111392,7,3,15,0,2018,12,19,4,3,2,6,2,0,1,0,0,0,0,0,4.48053E+20,5.53911E+21,8.27513E+15,5.00021E+16
111393,7,1,32,501,2018,12,15,3,2,0,1,0,0,0,0,1,0,0,1,4.04181E+20,5.61612E+21,7.64349E+15,5.0689E+16
111394,7,1,31,70,2018,12,6,1,3,5,3,2,0,1,0,0,0,0,1,3.73111E+20,5.61176E+21,7.20532E+15,5.06439E+16
111395,7,1,35,20,2018,12,6,3,3,4,6,2,0,1,0,0,0,0,2,3.6898E+20,5.55533E+21,7.16661E+15,5.01357E+16
111396,7,2,35,149,2018,12,18,3,3,2,6,2,0,1,0,0,0,0,0,3.12534E+20,5.49808E+21,6.4052E+15,4.96062E+16
111397,7,1,38,45,2018,12,20,3,2,5,3,2,0,1,0,0,0,0,0,3.91897E+20,5.59114E+21,7.4769E+15,5.04623E+16
111398,7,1,41,501,2018,12,12,3,2,8,1,0,0,1,0,0,0,0,1,4.05477E+20,5.57067E+21,7.67333E+15,5.02806E+16
111399,7,2,32,255,2018,12,5,4,3,9,6,2,0,1,0,0,0,0,2,3.14881E+20,5.55404E+21,6.41091E+15,5.01097E+16
111400,7,3,19,0,2018,12,12,4,3,6,4,0,0,1,1,0,0,0,0,4.52938E+20,5.49787E+21,8.34829E+15,4.96316E+16
111401,7,1,37,205,2018,12,5,3,2,8,6,2,0,1,0,0,0,1,1,3.87199E+20,5.56488E+21,7.4186E+15,5.02253E+16
111402,7,2,32,333,2018,12,5,1,3,8,7,2,0,1,0,0,0,0,1,3.04873E+20,5.55742E+21,6.26937E+15,5.01369E+16
111403,7,1,43,254,2018,12,7,3,3,5,3,2,0,1,0,0,0,0,1,4.23557E+20,5.60431E+21,7.92017E+15,5.05857E+16
111404,7,3,15,0,2018,12,18,3,3,5,2,2,0,1,0,0,0,0,1,4.4848E+20,5.53566E+21,8.28155E+15,4.99711E+16
111405,7,1,11,0,2018,12,17,3,3,3,7,2,0,1,0,0,0,0,0,3.99216E+20,5.58135E+21,7.58262E+15,5.03756E+16
111406,7,1,31,90,2018,12,16,3,3,2,6,1,0,1,0,0,0,1,0,3.66392E+20,5.60432E+21,7.11302E+15,5.05755E+16
111407,7,3,33,76,2018,12,6,6,3,2,2,2,0,1,0,0,0,0,0,4.34285E+20,5.50296E+21,8.08916E+15,4.96756E+16
111408,7,3,14,0,2018,12,12,6,1,5,3,0,1,0,0,0,0,1,1,4.55585E+20,5.47799E+21,8.38718E+15,4.94529E+16
111409,7,1,38,65,2018,12,19,2,3,4,6,2,0,1,0,0,0,0,1,3.87871E+20,5.60262E+21,7.41676E+15,5.05647E+16
111410,7,1,34,81,2018,12,14,2,3,8,1,0,0,1,0,0,0,0,1,3.70994E+20,5.51595E+21,7.20797E+15,4.97822E+16
111411,7,3,40,206,2018,12,18,2,3,4,1,2,0,1,0,0,0,0,1,3.87847E+20,5.45516E+21,7.45924E+15,4.9239E+16
111412,7,3,12,0,2018,12,17,5,3,3,6,2,0,1,0,0,0,1,1,4.08894E+20,5.47722E+21,7.74326E+15,4.94408E+16
111413,7,3,12,0,2018,12,14,2,3,4,1,0,0,1,0,0,0,0,1,4.10111E+20,5.47804E+21,7.75986E+15,4.94484E+16
111414,7,1,38,19,2018,12,1,5,3,9,1,2,0,1,0,0,0,0,0,3.7478E+20,5.60502E+21,7.23119E+15,5.05836E+16
111415,7,3,19,0,2018,12,5,5,1,8,1,2,0,1,0,0,1,0,1,4.48976E+20,5.49915E+21,8.29326E+15,4.96427E+16
111416,7,3,35,205,2018,12,11,7,3,4,2,0,0,1,0,0,0,1,0,4.16716E+20,5.48472E+21,7.84956E+15,4.95094E+16
111417,7,1,11,0,2018,12,16,4,3,5,3,1,0,1,0,0,0,0,0,3.99376E+20,5.58165E+21,7.58479E+15,5.03783E+16
111418,7,1,41,92,2018,12,15,4,3,5,3,0,0,1,0,1,0,0,1,4.17989E+20,5.56136E+21,7.85091E+15,5.01987E+16
111419,7,3,12,0,2018,12,7,2,3,6,2,1,0,1,1,0,0,0,1,4.10206E+20,5.47835E+21,7.7611E+15,4.94512E+16
111420,7,3,31,73,2018,12,12,7,3,1,6,0,0,1,0,0,0,0,0,4.36351E+20,5.52036E+21,8.11494E+15,4.98323E+16
111421,7,3,17,0,2018,12,18,2,2,6,2,2,0,1,1,0,0,0,1,3.98395E+20,5.45022E+21,7.60536E+15,4.91964E+16
111422,7,1,38,12,2018,12,17,3,3,3,6,2,0,1,0,0,0,0,0,4.0225E+20,5.59963E+21,7.62051E+15,5.05404E+16
111423,7,3,38,13,2018,12,7,2,3,2,6,2,0,1,0,0,0,1,1,4.48917E+20,5.48931E+21,8.29372E+15,4.95542E+16
111424,7,3,32,46,2018,12,17,2,3,4,7,2,0,1,0,0,0,0,1,4.41853E+20,5.47764E+21,8.19779E+15,4.94487E+16
111425,7,1,11,0,2018,12,19,6,3,3,6,2,0,1,0,0,0,0,0,3.97767E+20,5.58257E+21,7.56191E+15,5.03863E+16
111426,7,1,38,61,2018,12,17,6,3,5,2,2,0,1,0,0,0,0,1,3.93393E+20,5.59588E+21,7.49663E+15,5.05052E+16
111427,7,1,11,0,2018,12,11,2,3,2,6,0,0,1,0,0,0,0,1,3.97955E+20,5.58236E+21,7.56462E+15,5.03844E+16
111428,7,1,34,45,2018,12,18,1,3,5,3,2,0,1,0,0,0,0,1,3.78935E+20,5.50675E+21,7.32107E+15,4.97011E+16
111429,7,1,11,0,2018,12,7,2,2,2,6,1,0,1,0,1,0,0,1,3.99874E+20,5.57659E+21,7.59314E+15,5.03329E+16
111430,7,3,34,25,2018,12,11,2,3,3,1,0,0,1,0,0,0,0,1,4.4911E+20,5.44572E+21,8.30197E+15,4.91622E+16
111431,7,3,34,12,2018,12,23,4,3,9,1,2,0,1,0,0,0,0,1,4.4565E+20,5.43886E+21,8.25544E+15,4.91002E+16
111432,7,3,37,27,2018,12,18,2,2,6,4,2,0,1,1,0,0,0,1,4.43532E+20,5.45771E+21,8.22378E+15,4.92696E+16
111433,7,3,15,0,2018,12,9,6,3,2,6,0,0,1,0,1,0,0,1,4.47591E+20,5.53991E+21,8.26858E+15,5.00092E+16
111434,7,2,35,115,2018,12,13,6,3,2,6,0,0,1,0,0,1,0,1,3.4188E+20,5.51686E+21,6.80345E+15,4.97834E+16
111435,7,1,31,41,2018,12,16,2,3,0,6,2,0,1,0,0,0,0,1,3.68994E+20,5.5967E+21,7.15244E+15,5.05076E+16
111436,7,1,43,51,2018,12,17,2,3,2,6,1,0,1,0,0,0,0,0,4.24208E+20,5.58607E+21,7.93307E+15,5.04218E+16
111437,7,3,16,0,2018,12,2,2,3,8,7,2,0,0,0,0,0,1,1,4.40114E+20,5.46383E+21,8.17588E+15,4.93243E+16
111438,7,3,35,38,2018,12,17,4,3,5,3,2,0,1,0,0,0,0,1,3.95272E+20,5.47663E+21,7.55558E+15,4.94334E+16
111439,7,1,43,74,2018,12,17,5,3,5,3,2,0,1,0,0,0,0,1,4.24995E+20,5.58907E+21,7.94355E+15,5.04489E+16
111440,7,1,38,12,2018,12,13,7,3,5,2,0,0,1,0,0,0,1,0,4.04866E+20,5.59862E+21,7.65766E+15,5.05318E+16
111441,7,3,37,8,2018,12,6,3,3,8,1,0,0,1,0,0,0,0,2,4.24708E+20,5.44003E+21,7.96836E+15,4.91085E+16
111442,7,1,37,217,2018,12,17,4,1,6,4,2,0,1,1,0,0,0,0,3.90645E+20,5.5728E+21,7.46461E+15,5.02972E+16
111443,7,3,13,0,2018,12,7,2,2,5,3,1,1,1,0,0,0,0,1,4.34661E+20,5.44903E+21,8.10326E+15,4.91906E+16
111444,7,2,11,0,2018,12,9,7,3,5,3,0,0,1,0,0,0,0,0,3.29133E+20,5.51223E+21,6.62856E+15,4.97383E+16
111445,7,3,14,0,2018,12,20,2,3,5,3,2,1,1,0,0,0,0,1,4.5968E+20,5.48086E+21,8.44338E+15,4.9479E+16
111446,7,1,38,45,2018,12,15,3,3,1,1,1,0,1,0,0,0,0,0,3.95423E+20,5.58708E+21,7.52769E+15,5.04265E+16
111447,7,3,38,25,2018,12,19,2,3,2,6,2,0,1,0,0,0,0,1,4.5541E+20,5.47E+21,8.38566E+15,4.9381E+16
111448,7,3,11,0,2018,12,13,2,3,5,3,0,1,1,0,0,0,0,1,4.53705E+20,5.48701E+21,8.36019E+15,4.95339E+16
111449,7,3,40,51,2018,12,10,5,3,8,1,0,0,1,0,0,0,0,0,3.93167E+20,5.45654E+21,7.53193E+15,4.92523E+16
111450,7,3,33,34,2018,12,16,1,2,8,1,0,0,1,0,0,0,0,0,4.13931E+20,5.49459E+21,7.80894E+15,4.95978E+16
111451,7,3,37,56,2018,12,6,1,3,4,1,2,0,1,0,0,0,0,2,4.30286E+20,5.43508E+21,8.04563E+15,4.90646E+16
111452,7,3,14,0,2018,12,8,2,3,2,6,0,0,1,0,0,0,0,1,4.5824E+20,5.47945E+21,8.42366E+15,4.94663E+16
111453,7,3,14,0,2018,12,21,4,3,8,1,0,1,0,0,0,0,0,0,4.57643E+20,5.48155E+21,8.4152E+15,4.94851E+16
111454,7,3,16,0,2018,12,12,4,3,2,6,0,0,1,0,0,0,0,1,4.39039E+20,5.46537E+21,8.16085E+15,4.9338E+16
111455,7,3,39,5,2018,12,17,2,3,6,2,2,0,1,1,0,0,0,1,4.22057E+20,5.53578E+21,7.91311E+15,4.99692E+16
111456,7,3,15,0,2018,12,7,2,3,2,6,1,0,1,0,0,0,1,1,4.45106E+20,5.53622E+21,8.23442E+15,4.99758E+16
111457,7,3,31,25,2018,12,6,3,2,3,6,2,1,1,0,0,0,0,1,4.31532E+20,5.51637E+21,8.04866E+15,4.97958E+16
111458,7,3,13,0,2018,12,9,3,3,2,2,0,0,1,0,0,0,0,1,4.38451E+20,5.44945E+21,8.15521E+15,4.91947E+16
111459,10,0,43,114,2018,1,10,4,3,2,6,0,0,1,0,0,0,0,0,3.6844E+20,5.47018E+21,7.1878E+15,4.93701E+16
111460,10,0,45,114,2018,2,18,5,3,5,3,2,0,1,0,0,0,0,1,3.82512E+20,5.4688E+21,7.38196E+15,4.93606E+16
111461,10,0,44,114,2018,1,19,2,3,8,1,2,0,1,0,0,0,0,1,3.32662E+20,5.47077E+21,6.69511E+15,4.93666E+16
111462,10,0,44,113,2018,1,16,4,3,5,3,1,1,1,0,0,0,0,1,3.40473E+20,5.47254E+21,6.80189E+15,4.93847E+16
111463,10,0,41,100,2018,1,15,1,3,9,1,0,0,1,0,0,0,0,1,3.55684E+20,5.46088E+21,7.01557E+15,4.92836E+16
111464,10,0,43,114,2018,2,5,4,3,6,4,2,0,1,1,0,0,0,0,3.6729E+20,5.46805E+21,7.17269E+15,4.93508E+16
111465,10,0,41,100,2018,1,18,4,3,2,6,2,0,1,0,0,0,0,0,3.56848E+20,5.45443E+21,7.03387E+15,4.92259E+16
111466,10,0,44,111,2018,1,11,2,3,2,2,0,0,1,0,0,0,0,1,3.33912E+20,5.47086E+21,6.71227E+15,4.93678E+16
111467,10,0,44,112,2018,2,20,6,3,6,6,2,0,1,1,0,0,0,0,3.47199E+20,5.47965E+21,6.89177E+15,4.94503E+16
111468,10,0,42,116,2018,1,16,3,3,5,3,1,0,1,0,0,0,0,0,3.45505E+20,5.48344E+21,6.86694E+15,4.94839E+16
111469,10,0,46,115,2018,2,16,2,3,8,1,0,0,1,0,0,0,0,0,3.55422E+20,5.49045E+21,7.0012E+15,4.95494E+16
111470,10,0,41,100,2018,1,15,5,3,5,3,0,0,1,0,0,1,0,0,3.56118E+20,5.45267E+21,7.02448E+15,4.92099E+16
111471,10,0,43,111,2018,1,17,3,3,8,1,1,0,1,0,0,0,0,0,3.54883E+20,5.47775E+21,6.99842E+15,4.94351E+16
111472,10,0,41,100,2018,2,19,5,3,3,6,2,0,1,0,0,1,0,1,3.51254E+20,5.45541E+21,6.95672E+15,4.92334E+16
111473,10,0,43,113,2018,1,7,3,3,1,6,1,0,1,0,0,0,0,0,3.58851E+20,5.46898E+21,7.05623E+15,4.93571E+16
111474,10,0,43,114,2018,1,5,6,3,3,2,2,0,1,0,0,1,0,1,3.66346E+20,5.46604E+21,7.16037E+15,4.93325E+16
111475,10,0,43,117,2018,2,17,3,3,9,1,0,0,1,0,0,0,0,0,3.65883E+20,5.46492E+21,7.15438E+15,4.93223E+16
111476,10,0,41,100,2018,1,14,3,3,1,6,0,0,1,0,0,0,0,0,3.55146E+20,5.4563E+21,7.00983E+15,4.92423E+16
111477,10,0,46,118,2018,1,5,2,3,1,5,2,0,1,0,0,0,0,0,3.56799E+20,5.48477E+21,7.02228E+15,4.94986E+16
111478,10,0,42,115,2018,1,17,7,3,8,1,2,0,1,0,0,0,0,2,3.14574E+20,5.48283E+21,6.44059E+15,4.94698E+16
111479,10,0,44,114,2018,1,4,2,3,8,1,2,0,1,0,0,0,0,1,3.31628E+20,5.47288E+21,6.67999E+15,4.93853E+16
111480,10,0,46,117,2018,1,17,6,3,5,3,2,0,1,0,0,0,0,1,3.67846E+20,5.48106E+21,7.176E+15,4.94678E+16
111481,10,0,45,114,2018,2,14,3,3,2,6,0,0,1,0,0,0,0,0,3.78164E+20,5.46535E+21,7.32317E+15,4.93287E+16
111482,10,0,43,114,2018,1,8,2,3,5,2,2,0,1,0,1,0,0,0,3.69002E+20,5.46786E+21,7.1963E+15,4.93494E+16
111483,10,0,44,112,2018,1,15,2,3,8,1,0,0,0,0,1,0,0,0,3.47471E+20,5.4747E+21,6.89742E+15,4.94059E+16
111484,10,0,41,100,2018,1,7,1,3,8,1,1,0,1,0,0,0,0,2,3.63724E+20,5.45583E+21,7.12778E+15,4.92401E+16
111485,10,0,41,516,2018,1,18,1,3,3,6,2,0,1,0,0,0,0,1,3.55711E+20,5.46715E+21,7.01368E+15,4.934E+16
111486,10,0,44,115,2018,1,17,2,3,1,7,1,0,1,0,0,0,0,0,3.36263E+20,5.46439E+21,6.74728E+15,4.93103E+16
111487,7,3,13,0,2018,12,17,1,2,2,6,2,0,0,0,1,0,1,1,4.38987E+20,5.44947E+21,8.16255E+15,4.9195E+16
111488,10,0,45,114,2018,2,20,5,3,4,2,2,0,1,0,0,0,0,0,3.80928E+20,5.46708E+21,7.36067E+15,4.93448E+16
111489,10,0,44,115,2018,1,8,2,3,2,6,0,0,1,0,0,0,0,0,3.35603E+20,5.46373E+21,6.73849E+15,4.93041E+16
111490,10,0,41,515,2018,2,7,2,3,8,7,0,0,1,0,0,0,0,2,3.47982E+20,5.46091E+21,6.90973E+15,4.9282E+16
111491,10,0,46,118,2018,1,5,4,3,8,6,2,0,1,0,0,0,0,2,3.49945E+20,5.48346E+21,6.92819E+15,4.94852E+16
111492,10,0,41,518,2018,1,14,2,3,5,3,0,0,1,0,0,0,0,0,3.59005E+20,5.46378E+21,7.06019E+15,4.93104E+16
111493,10,0,43,114,2018,1,16,4,3,2,6,0,0,1,0,0,0,0,1,3.73064E+20,5.46338E+21,7.25364E+15,4.931E+16
111494,10,0,46,114,2018,2,8,1,3,4,1,0,0,1,0,0,0,0,1,3.6451E+20,5.49071E+21,7.12667E+15,4.95538E+16
111495,10,0,41,100,2018,1,14,2,2,6,2,0,0,1,1,0,0,0,0,3.53857E+20,5.45602E+21,6.99224E+15,4.92395E+16
111496,10,0,43,114,2018,1,7,5,3,5,3,2,1,1,0,0,0,0,1,3.71867E+20,5.4643E+21,7.23688E+15,4.9318E+16
111497,10,0,41,100,2018,2,13,2,3,5,3,0,0,1,0,0,0,1,0,3.52469E+20,5.45641E+21,6.97304E+15,4.92427E+16
111498,10,0,41,100,2018,1,11,2,3,2,6,0,0,1,0,0,0,0,0,3.54668E+20,5.45642E+21,7.00322E+15,4.92433E+16
111499,10,0,45,114,2018,1,18,1,3,3,6,2,0,1,0,0,0,0,0,3.79041E+20,5.46369E+21,7.33574E+15,4.93139E+16
111500,10,0,44,115,2018,1,15,7,3,8,1,0,0,1,0,0,0,0,1,3.35699E+20,5.46378E+21,6.73979E+15,4.93046E+16
111501,10,0,43,117,2018,1,18,1,3,6,2,2,0,1,1,0,0,0,1,3.65286E+20,5.4645E+21,7.14631E+15,4.93184E+16
111502,10,0,41,511,2018,2,21,4,3,5,3,2,0,1,0,0,0,0,0,3.61788E+20,5.46514E+21,7.09798E+15,4.93233E+16
111503,10,0,44,123,2018,1,19,1,3,2,6,2,0,1,0,0,0,0,0,3.38332E+20,5.46169E+21,6.77683E+15,4.92865E+16
111504,10,0,43,111,2018,2,19,7,3,2,6,2,0,1,0,0,0,0,1,3.55974E+20,5.47578E+21,7.01416E+15,4.94176E+16
111505,10,0,46,118,2018,1,18,3,1,6,4,2,0,1,1,0,0,0,1,3.5769E+20,5.48444E+21,7.0347E+15,4.94959E+16
111506,10,0,46,117,2018,1,18,7,3,2,2,2,0,1,0,0,0,0,1,3.62477E+20,5.48161E+21,7.10176E+15,4.94716E+16
111507,10,0,43,115,2018,1,3,3,3,5,3,2,0,1,0,0,0,0,1,3.66822E+20,5.47367E+21,7.16437E+15,4.94012E+16
111508,10,0,46,111,2018,2,14,4,2,6,6,0,0,1,1,0,0,0,0,3.74318E+20,5.48814E+21,7.26303E+15,4.95329E+16
111509,10,0,42,112,2018,1,13,7,3,5,3,0,0,1,0,0,0,0,1,3.38994E+20,5.48551E+21,6.77627E+15,4.95008E+16