OBJECTID_1,ULAND,UREGBEZ,UKREIS,UGEMEINDE,UJAHR,UMONAT,USTUNDE,UWOCHENTAG,UKATEGORIE,UART,UTYP1,ULICHTVERH,IstRad,IstPKW,IstFuss,IstKrad,IstGkfz,IstSonstig,STRZUSTAND,LINREFX,LINREFY,XGCSWGS84,YGCSWGS84
111510,10,0,44,111,2018,2,5,1,3,4,2,2,0,1,0,0,0,1,1,3.34081E+20,5.47028E+21,6.71483E+15,4.93626E+16
111511,10,0,44,115,2018,1,9,4,3,5,3,0,0,1,0,0,0,0,1,3.37212E+20,5.46394E+21,6.76051E+15,4.93065E+16
111512,10,0,42,115,2018,1,15,7,2,9,1,0,0,1,0,0,0,0,1,3.10054E+20,5.48492E+21,6.37726E+15,4.94872E+16
111513,10,0,45,112,2018,1,15,3,3,2,2,0,0,1,0,0,0,0,0,3.7429E+20,5.45575E+21,7.2729E+15,4.92416E+16
111514,10,0,44,116,2018,2,5,7,3,7,7,2,0,1,0,0,0,0,1,3.41896E+20,5.47014E+21,6.82244E+15,4.93635E+16
111515,10,0,44,115,2018,1,21,7,3,8,1,2,0,1,0,0,0,0,1,3.35386E+20,5.46398E+21,6.73539E+15,4.93064E+16
111516,10,0,46,118,2018,1,18,4,2,8,1,2,0,1,0,0,0,0,1,3.54313E+20,5.4831E+21,6.98858E+15,4.94831E+16
111517,10,0,46,115,2018,2,15,1,2,8,1,0,0,1,0,0,0,0,2,3.52884E+20,5.49636E+21,6.96392E+15,4.96019E+16
111518,10,0,41,513,2018,1,6,7,3,8,1,2,0,1,0,0,0,0,1,3.49554E+20,5.46705E+21,6.92901E+15,4.93376E+16
111519,10,0,46,115,2018,1,17,6,3,9,1,2,0,1,0,0,1,0,2,3.53268E+20,5.49165E+21,6.97099E+15,4.95597E+16
111520,10,0,41,519,2018,1,23,7,3,0,1,2,0,0,0,1,0,0,1,3.3648E+20,5.45095E+21,6.75575E+15,4.91895E+16
111521,10,0,41,100,2018,2,21,6,2,4,7,2,0,1,0,0,0,0,1,3.55895E+20,5.45309E+21,7.02128E+15,4.92136E+16
111522,10,0,41,100,2018,1,13,3,3,6,4,0,0,1,1,0,0,0,0,3.52793E+20,5.45747E+21,6.9771E+15,4.92523E+16
111523,10,0,43,114,2018,1,6,6,3,5,3,2,0,0,0,0,1,1,1,3.68114E+20,5.46555E+21,7.18485E+15,4.93284E+16
111524,10,0,41,518,2018,1,7,2,3,5,3,0,0,1,0,0,0,0,1,3.5723E+20,5.46259E+21,7.0362E+15,4.92993E+16
111525,10,0,46,118,2018,2,5,4,2,4,6,2,0,1,0,0,0,0,2,3.50343E+20,5.48362E+21,6.93362E+15,4.94867E+16
111526,10,0,44,112,2018,1,13,6,3,1,2,0,0,1,0,0,0,0,1,3.48556E+20,5.47508E+21,6.91223E+15,4.94096E+16
111527,10,0,45,113,2018,1,13,2,3,1,2,0,0,1,0,0,0,0,1,3.72459E+20,5.44974E+21,7.24966E+15,4.91872E+16
111528,10,0,41,512,2018,2,21,6,3,1,5,2,0,1,0,0,0,0,0,3.43144E+20,5.45212E+21,6.84669E+15,4.92018E+16
111529,10,0,44,114,2018,1,13,6,3,1,1,0,0,1,0,0,0,1,1,3.32067E+20,5.47056E+21,6.68701E+15,4.93646E+16
111530,10,0,44,115,2018,1,6,4,3,9,1,2,0,1,0,0,0,0,1,3.35779E+20,5.46794E+21,6.73918E+15,4.9342E+16
111531,10,0,45,114,2018,2,0,7,3,1,6,2,0,1,0,0,0,1,0,3.78605E+20,5.46487E+21,7.32938E+15,4.93245E+16
111532,10,0,41,518,2018,1,17,6,2,5,3,2,1,1,0,0,0,0,1,3.58358E+20,5.46193E+21,7.05195E+15,4.92937E+16
111533,10,0,41,100,2018,1,16,6,3,2,6,2,0,1,0,0,0,0,1,3.57512E+20,5.45202E+21,7.04384E+15,4.92044E+16
111534,10,0,41,100,2018,1,11,6,3,5,3,0,0,1,0,0,0,0,1,3.56644E+20,5.45265E+21,7.0317E+15,4.92099E+16
111535,7,3,11,0,2018,12,12,1,3,3,6,0,0,1,0,0,0,0,0,4.5416E+20,5.48707E+21,8.36647E+15,4.95345E+16
111536,10,0,45,114,2018,2,11,5,3,8,7,0,0,1,0,0,0,0,0,3.77147E+20,5.45866E+21,7.31123E+15,4.92684E+16
111537,10,0,44,117,2018,1,17,2,3,5,3,2,0,1,0,0,0,0,1,3.43944E+20,5.47799E+21,6.84755E+15,4.94345E+16
111538,10,0,41,100,2018,1,22,6,3,5,3,2,0,1,0,0,0,0,1,3.49591E+20,5.45659E+21,6.93345E+15,4.92436E+16
111539,10,0,44,117,2018,1,11,7,2,6,4,0,0,1,1,0,0,0,0,3.44302E+20,5.47984E+21,6.85176E+15,4.94513E+16
111540,10,0,44,120,2018,2,15,4,2,7,5,0,1,0,0,0,0,0,0,3.3754E+20,5.45723E+21,6.76775E+15,4.92462E+16
111541,10,0,45,117,2018,1,8,5,3,3,3,1,0,1,0,0,0,0,1,3.64541E+20,5.45899E+21,7.13793E+15,4.92686E+16
111542,10,0,41,100,2018,1,8,1,3,9,1,0,0,1,0,0,0,0,2,3.5054E+20,5.45625E+21,6.94662E+15,4.92407E+16
111543,10,0,45,116,2018,1,17,1,3,9,1,2,0,1,0,0,0,0,1,3.65116E+20,5.45298E+21,7.14785E+15,4.92147E+16
111544,7,3,14,0,2018,12,17,1,2,4,2,2,0,1,0,0,0,0,1,4.55338E+20,5.482E+21,8.38333E+15,4.9489E+16
111545,10,0,41,516,2018,2,19,6,3,4,1,2,0,1,0,0,0,0,1,3.55931E+20,5.46266E+21,7.01833E+15,4.92997E+16
111546,10,0,45,117,2018,1,6,5,3,5,3,1,0,1,0,0,0,0,1,3.61207E+20,5.45921E+21,7.09205E+15,4.92699E+16
111547,10,0,42,111,2018,2,7,2,3,4,6,2,0,0,0,1,0,1,1,3.31306E+20,5.47338E+21,6.67534E+15,4.93897E+16
111548,10,0,41,100,2018,1,18,5,3,2,6,2,0,1,0,0,0,0,0,3.53433E+20,5.46183E+21,6.98429E+15,4.92916E+16
111549,10,0,45,114,2018,1,14,5,3,5,3,0,0,1,0,0,0,0,1,3.79261E+20,5.46766E+21,7.33756E+15,4.93497E+16
111550,10,0,42,113,2018,1,18,4,3,2,6,2,0,1,0,0,0,0,1,3.27181E+20,5.48401E+21,6.61391E+15,4.94841E+16
111551,10,0,44,111,2018,1,19,2,2,8,1,2,0,1,0,0,0,0,1,3.3641E+20,5.47043E+21,6.74683E+15,4.93646E+16
111552,10,0,43,115,2018,2,15,6,3,8,1,0,0,1,0,0,0,0,1,3.7051E+20,5.47605E+21,7.2144E+15,4.94234E+16
111553,10,0,43,112,2018,1,15,5,3,1,1,0,0,1,0,0,0,0,1,3.5638E+20,5.47146E+21,7.02133E+15,4.93789E+16
111554,10,0,41,100,2018,2,17,3,3,4,6,1,0,1,0,0,0,0,1,3.5027E+20,5.45664E+21,6.94276E+15,4.92442E+16
111555,10,0,44,114,2018,1,8,5,3,5,3,0,0,1,0,0,0,0,1,3.31488E+20,5.47059E+21,6.67902E+15,4.93647E+16
111556,10,0,43,115,2018,1,18,5,3,6,4,2,0,1,1,0,0,0,1,3.66903E+20,5.47348E+21,7.16554E+15,4.93994E+16
111557,10,0,44,111,2018,2,15,5,3,2,6,0,0,1,0,0,0,0,1,3.33306E+20,5.46844E+21,6.70495E+15,4.93459E+16
111558,10,0,44,115,2018,1,17,5,2,6,4,2,0,1,1,0,0,0,1,3.37073E+20,5.46601E+21,6.75775E+15,4.93251E+16
111559,10,0,42,112,2018,1,14,6,3,4,2,0,0,1,0,0,0,0,1,3.38987E+20,5.48549E+21,6.77618E+15,4.95006E+16
111560,10,0,42,112,2018,2,10,3,3,1,6,0,0,1,0,0,0,0,0,3.32422E+20,5.48835E+21,6.68437E+15,4.95246E+16
111561,10,0,41,516,2018,1,16,5,3,2,6,2,0,1,0,0,0,0,1,3.58659E+20,5.46538E+21,7.05486E+15,4.93248E+16
111562,10,0,41,100,2018,1,18,5,3,6,4,2,0,1,1,0,0,0,1,3.51543E+20,5.45627E+21,6.96037E+15,4.92412E+16
111563,10,0,41,100,2018,1,5,1,3,8,1,2,0,1,0,0,0,0,2,3.56129E+20,5.46059E+21,7.02178E+15,4.92811E+16
111564,10,0,46,115,2018,1,11,7,2,9,1,0,0,1,0,0,0,0,2,3.54669E+20,5.49546E+21,6.98895E+15,4.95943E+16
111565,10,0,41,100,2018,1,8,5,3,8,1,0,0,1,0,0,0,0,1,3.55435E+20,5.4539E+21,7.01466E+15,4.92208E+16
111566,10,0,43,114,2018,2,0,5,3,5,3,2,0,1,0,0,0,0,0,3.70933E+20,5.46772E+21,7.22292E+15,4.93486E+16
111567,10,0,41,100,2018,1,17,5,3,6,2,2,0,1,1,0,0,0,1,3.55624E+20,5.45473E+21,7.01696E+15,4.92283E+16
111568,10,0,41,100,2018,2,14,2,3,2,6,0,0,1,0,0,0,0,0,3.55325E+20,5.45402E+21,7.01312E+15,4.92218E+16
111569,10,0,46,115,2018,1,7,4,3,8,1,1,0,1,0,0,0,0,2,3.52539E+20,5.49693E+21,6.95894E+15,4.96069E+16
111570,10,0,46,113,2018,1,15,4,3,9,7,0,0,1,0,0,0,0,1,3.6741E+20,5.48763E+21,7.16779E+15,4.95268E+16
111571,10,0,44,116,2018,1,11,4,3,4,6,0,0,1,0,0,0,0,1,3.39953E+20,5.47105E+21,6.79534E+15,4.93711E+16
111572,10,0,43,114,2018,2,16,1,3,5,3,0,0,1,0,0,0,0,0,3.68077E+20,5.46803E+21,7.18352E+15,4.93507E+16
111573,10,0,46,113,2018,1,6,4,3,0,7,2,0,1,0,0,0,0,1,3.65876E+20,5.48525E+21,7.14741E+15,4.9505E+16
111574,10,0,44,115,2018,1,14,5,3,5,3,0,0,1,0,0,0,0,1,3.36819E+20,5.46603E+21,6.75426E+15,4.93251E+16
111575,10,0,41,100,2018,2,13,2,3,2,6,0,0,1,0,0,0,0,0,3.50476E+20,5.45577E+21,6.94591E+15,4.92365E+16
111576,10,0,42,116,2018,1,8,4,3,7,7,1,0,1,0,0,0,0,1,3.44586E+20,5.48993E+21,6.85171E+15,4.95421E+16
111577,10,0,42,114,2018,1,21,4,2,8,1,2,0,1,0,0,0,0,1,3.25309E+20,5.48506E+21,6.58763E+15,4.9493E+16
111578,10,0,41,100,2018,1,18,6,3,6,2,2,0,1,1,0,0,0,0,3.56842E+20,5.45322E+21,7.03423E+15,4.9215E+16
111579,10,0,41,100,2018,2,14,3,3,2,6,0,0,1,0,0,0,0,0,3.50536E+20,5.45574E+21,6.94676E+15,4.92362E+16
111580,10,0,44,115,2018,1,10,4,3,9,1,0,0,1,0,0,0,0,1,3.39343E+20,5.46813E+21,6.78812E+15,4.93447E+16
111581,10,0,44,120,2018,1,8,4,2,6,2,1,0,1,1,0,0,0,1,3.39361E+20,5.45958E+21,6.79181E+15,4.92678E+16
111582,10,0,43,116,2018,1,17,7,3,4,1,1,0,1,0,0,0,0,2,3.61217E+20,5.46878E+21,7.08886E+15,4.93559E+16
111583,10,0,41,517,2018,1,7,4,2,6,2,2,0,0,1,0,0,1,1,3.50312E+20,5.46404E+21,6.94056E+15,4.93107E+16
111584,10,0,43,116,2018,2,10,4,3,2,6,0,0,1,0,0,0,0,0,3.63685E+20,5.46853E+21,7.12291E+15,4.93542E+16
111585,10,0,41,514,2018,1,18,4,2,4,6,2,0,1,0,0,0,0,0,3.57497E+20,5.4449E+21,7.04616E+15,4.91403E+16
111586,10,0,45,117,2018,2,8,7,3,9,1,0,0,1,0,0,0,0,2,3.61358E+20,5.45754E+21,7.0947E+15,4.92549E+16
111587,10,0,41,519,2018,1,16,4,3,5,3,0,1,1,0,0,0,0,0,3.40434E+20,5.45444E+21,6.80859E+15,4.92219E+16
111588,10,0,41,100,2018,1,20,4,2,4,6,2,0,1,0,0,0,0,1,3.53804E+20,5.45989E+21,6.9901E+15,4.92743E+16
111589,10,0,42,113,2018,1,19,3,2,4,6,2,0,1,0,0,0,0,0,3.31386E+20,5.48084E+21,6.67326E+15,4.94568E+16
111590,10,0,46,114,2018,2,17,6,3,5,3,0,0,1,0,0,0,0,0,3.65944E+20,5.49431E+21,7.14527E+15,4.95865E+16
111591,10,0,45,117,2018,1,13,3,3,1,2,0,0,1,0,0,0,0,0,3.67401E+20,5.45689E+21,7.17792E+15,4.92504E+16
111592,10,0,42,112,2018,1,21,4,3,8,1,2,0,1,0,0,0,0,1,3.39361E+20,5.48947E+21,6.77972E+15,4.95365E+16
111593,10,0,46,112,2018,1,16,7,3,5,3,0,0,1,0,0,0,0,0,3.59168E+20,5.47945E+21,7.05688E+15,4.94513E+16
111594,10,0,41,519,2018,1,13,2,3,3,6,0,0,1,0,0,1,0,0,3.44281E+20,5.45729E+21,6.86028E+15,4.92486E+16
111595,10,0,41,519,2018,2,1,1,3,8,1,2,0,1,0,0,0,0,1,3.45488E+20,5.45754E+21,6.87676E+15,4.92511E+16
111596,10,0,43,114,2018,1,5,3,3,1,5,2,0,1,0,0,0,0,1,3.68264E+20,5.46975E+21,7.18553E+15,4.93662E+16
111597,10,0,44,116,2018,1,8,6,3,8,1,2,0,1,0,0,0,0,0,3.42838E+20,5.4679E+21,6.83629E+15,4.93435E+16
111598,10,0,44,117,2018,1,17,3,3,2,6,2,0,1,0,0,0,0,1,3.44436E+20,5.47883E+21,6.854E+15,4.94422E+16
111599,10,0,41,100,2018,2,14,6,3,5,3,0,0,1,0,0,0,0,1,3.55295E+20,5.45481E+21,7.01242E+15,4.9229E+16
111600,10,0,46,115,2018,1,13,2,3,5,3,0,0,1,0,0,0,0,1,3.51899E+20,5.49663E+21,6.9502E+15,4.9604E+16
111601,10,0,44,121,2018,1,7,3,3,1,5,2,0,1,0,0,0,0,0,3.31763E+20,5.46688E+21,6.68437E+15,4.93314E+16
111602,10,0,41,518,2018,1,21,7,3,8,1,2,0,1,0,0,0,0,2,3.60444E+20,5.4649E+21,7.07958E+15,4.93208E+16
111603,10,0,46,117,2018,1,4,2,3,6,4,2,0,1,1,0,0,0,1,3.67981E+20,5.48197E+21,7.17757E+15,4.9476E+16
111604,10,0,41,100,2018,2,7,4,3,1,5,1,0,1,0,1,0,0,1,3.48941E+20,5.4567E+21,6.92449E+15,4.92445E+16
111605,10,0,41,100,2018,1,5,2,3,6,4,2,0,1,1,0,0,0,1,3.54617E+20,5.45639E+21,7.00253E+15,4.9243E+16
111606,10,0,46,117,2018,2,10,6,3,4,6,0,0,1,0,0,0,0,1,3.63151E+20,5.48128E+21,7.11117E+15,4.94688E+16
111607,10,0,43,117,2018,1,7,3,3,6,2,2,0,1,1,0,0,0,0,3.63847E+20,5.46419E+21,7.12662E+15,4.93152E+16
111608,7,3,32,36,2018,12,11,2,3,5,3,0,1,1,0,0,0,0,1,4.37275E+20,5.49133E+21,8.13246E+15,4.95713E+16
111609,10,0,46,117,2018,1,10,2,3,6,7,0,0,0,1,0,0,1,1,3.67176E+20,5.48097E+21,7.1668E+15,4.94669E+16
111610,10,0,42,112,2018,2,6,5,3,8,1,1,0,1,0,0,0,0,2,3.33978E+20,5.48835E+21,6.70585E+15,4.9525E+16
111611,7,3,34,8,2018,12,9,2,2,9,1,0,0,1,0,0,0,0,1,4.4584E+20,5.42815E+21,8.25947E+15,4.90039E+16
111612,10,0,44,115,2018,1,18,3,3,2,6,2,0,1,0,0,0,0,0,3.36276E+20,5.46436E+21,6.74749E+15,4.931E+16
111613,10,0,45,117,2018,1,19,7,2,2,6,2,0,1,0,0,0,0,0,3.61296E+20,5.45746E+21,7.09388E+15,4.92542E+16
111614,10,0,43,114,2018,2,0,7,3,9,1,2,0,1,0,0,0,0,2,3.68791E+20,5.4678E+21,7.19342E+15,4.93488E+16
111615,7,3,15,0,2018,12,14,2,3,2,6,0,0,1,0,0,0,0,1,4.45778E+20,5.54021E+21,8.24323E+15,5.00117E+16
111616,10,0,42,112,2018,1,7,5,3,1,6,1,0,1,0,0,0,0,1,3.37629E+20,5.48703E+21,6.7568E+15,4.95141E+16
111617,7,3,39,27,2018,12,21,2,3,2,6,2,0,1,0,0,0,0,0,4.37035E+20,5.53929E+21,8.12138E+15,5.00026E+16
111618,7,3,14,0,2018,12,6,1,3,8,1,2,0,1,0,0,0,0,1,4.56995E+20,5.4767E+21,8.40678E+15,4.94415E+16
111619,10,0,42,114,2018,2,19,5,3,5,2,2,0,1,0,0,0,0,1,3.25964E+20,5.4847E+21,6.59682E+15,4.94899E+16
111620,7,2,33,218,2018,12,10,2,3,8,1,0,0,1,0,0,0,0,1,3.50248E+20,5.57139E+21,6.89833E+15,5.02756E+16
111621,10,0,41,514,2018,1,9,7,3,5,3,1,0,1,0,0,0,0,1,3.60502E+20,5.44758E+21,7.08641E+15,4.91652E+16
111622,10,0,44,114,2018,1,13,7,2,3,6,0,0,1,0,0,1,0,0,3.30142E+20,5.47465E+21,6.65876E+15,4.94009E+16
111623,10,0,45,117,2018,2,19,3,3,1,5,2,0,1,0,0,0,0,0,3.66233E+20,5.45831E+21,7.16141E+15,4.92629E+16
111624,7,1,32,501,2018,12,10,2,3,5,3,0,0,1,0,0,0,0,1,4.04477E+20,5.61599E+21,7.64772E+15,5.06879E+16
111625,7,1,11,0,2018,12,12,2,3,1,6,0,0,1,0,0,0,0,1,3.99944E+20,5.5814E+21,7.59284E+15,5.03761E+16
111626,10,0,41,100,2018,1,7,2,3,2,6,1,0,1,0,0,0,0,1,3.55633E+20,5.45382E+21,7.01742E+15,4.92202E+16
111627,10,0,42,113,2018,2,16,4,3,1,3,0,0,1,0,1,0,0,0,3.25536E+20,5.47885E+21,6.5935E+15,4.94373E+16
111628,7,3,40,52,2018,12,9,1,2,9,1,0,0,1,0,0,0,0,1,3.94367E+20,5.44433E+21,7.55162E+15,4.91427E+16
111629,10,0,44,116,2018,1,13,2,3,4,1,0,0,1,0,0,1,0,1,3.39971E+20,5.47105E+21,6.79559E+15,4.93711E+16
111630,10,0,44,115,2018,1,18,7,3,2,6,1,0,1,0,0,0,0,0,3.37006E+20,5.46233E+21,6.75834E+15,4.9292E+16
111631,10,0,44,111,2018,2,15,6,3,5,3,0,0,1,0,0,0,0,0,3.35486E+20,5.46968E+21,6.73443E+15,4.93576E+16
111632,7,3,12,0,2018,12,13,1,3,8,1,0,0,1,0,0,0,0,1,4.11682E+20,5.47978E+21,7.78113E+15,4.94642E+16
111633,10,0,45,115,2018,2,14,2,3,2,6,0,0,1,0,0,0,0,0,3.73323E+20,5.46361E+21,7.25712E+15,4.93121E+16
111634,10,0,41,516,2018,1,6,5,3,9,6,2,0,1,0,0,1,0,1,3.57366E+20,5.46811E+21,7.03609E+15,4.93491E+16
111635,7,3,15,0,2018,12,20,1,2,6,6,2,0,1,1,0,0,0,1,4.47134E+20,5.53917E+21,8.26229E+15,5.00025E+16
111636,10,0,41,100,2018,2,7,5,3,2,6,1,0,1,0,0,0,0,1,3.5318E+20,5.45604E+21,6.98293E+15,4.92396E+16
111637,7,2,35,134,2018,12,22,1,3,8,1,2,0,1,0,0,0,0,1,3.448E+20,5.52263E+21,6.84168E+15,4.9836E+16
111638,10,0,43,111,2018,1,9,6,3,0,7,0,0,0,0,1,0,0,0,3.51509E+20,5.47475E+21,6.95303E+15,4.94073E+16
111639,10,0,41,519,2018,1,17,7,2,5,3,2,0,1,0,0,0,0,0,3.44292E+20,5.45737E+21,6.8604E+15,4.92493E+16
111640,10,0,43,112,2018,2,12,3,3,5,3,0,0,1,0,0,0,0,0,3.56048E+20,5.47074E+21,7.01701E+15,4.93723E+16
111641,7,1,43,21,2018,12,20,1,3,5,7,2,0,1,0,0,0,0,1,4.22007E+20,5.5885E+21,7.90158E+15,5.04433E+16
111642,7,1,43,27,2018,12,20,1,3,2,6,2,0,1,0,0,0,0,1,4.18184E+20,5.58964E+21,7.8475E+15,5.04531E+16
111643,10,0,46,114,2018,1,6,7,3,8,1,2,0,1,0,0,0,0,2,3.58264E+20,5.4878E+21,7.04141E+15,4.95263E+16
111644,10,0,41,100,2018,1,12,7,3,3,5,0,0,1,0,0,0,0,0,3.57332E+20,5.45296E+21,7.04104E+15,4.92128E+16
111645,7,1,32,50,2018,12,7,1,3,9,7,1,0,1,0,0,0,0,1,4.26335E+20,5.62593E+21,7.95509E+15,5.07805E+16
111646,10,0,41,100,2018,2,16,5,3,5,2,0,0,0,0,0,0,1,0,3.54401E+20,5.45536E+21,6.99994E+15,4.92337E+16
111647,7,1,37,69,2018,12,15,1,3,5,2,0,0,1,0,0,0,0,1,3.76987E+20,5.58304E+21,7.26959E+15,5.03865E+16
111648,10,0,42,114,2018,2,19,1,2,6,4,2,0,0,1,0,0,1,0,3.25196E+20,5.48527E+21,6.58598E+15,4.94949E+16
111649,10,0,44,117,2018,1,11,4,3,5,3,0,0,1,0,0,0,1,0,3.44101E+20,5.47578E+21,6.85059E+15,4.94147E+16
111650,7,1,40,67,2018,12,5,1,3,7,7,2,0,0,0,1,0,0,0,3.84751E+20,5.53272E+21,7.39399E+15,4.99357E+16
111651,7,3,36,64,2018,12,18,7,3,7,7,1,1,0,0,0,0,0,1,3.85582E+20,5.47704E+21,7.42186E+15,4.94352E+16
111652,10,0,44,115,2018,1,2,1,3,3,6,2,0,1,0,0,0,0,0,3.37081E+20,5.4619E+21,6.75955E+15,4.92881E+16
111653,10,0,41,100,2018,2,22,6,3,6,2,2,0,1,1,0,0,0,1,3.54716E+20,5.45514E+21,7.00435E+15,4.92318E+16
111654,7,3,32,33,2018,12,11,7,3,2,6,0,0,1,0,0,0,1,0,4.43993E+20,5.48882E+21,8.22572E+15,4.95494E+16
111655,10,0,43,114,2018,2,8,2,3,2,2,0,0,1,0,0,0,0,1,3.651E+20,5.46839E+21,7.14244E+15,4.93533E+16
111656,10,0,46,118,2018,1,6,4,3,8,1,1,0,1,0,0,0,0,1,3.54674E+20,5.48563E+21,6.99265E+15,4.95058E+16
111657,7,3,38,25,2018,12,23,7,3,5,3,2,0,1,0,0,0,0,1,4.55355E+20,5.46991E+21,8.38492E+15,4.93803E+16
111658,10,0,42,114,2018,1,7,4,3,1,6,2,0,1,0,0,0,0,1,3.25196E+20,5.48527E+21,6.58598E+15,4.94949E+16
111659,10,0,41,512,2018,2,6,2,3,8,1,2,0,1,0,0,0,0,1,3.41053E+20,5.44889E+21,6.81928E+15,4.91722E+16
111660,7,3,11,0,2018,12,19,7,3,5,2,2,0,1,0,0,0,0,1,4.52839E+20,5.48627E+21,8.34831E+15,4.95272E+16
111661,10,0,45,117,2018,1,17,5,3,2,6,1,0,1,0,0,0,0,1,3.68631E+20,5.46113E+21,7.19343E+15,4.92887E+16
111662,10,0,46,117,2018,1,15,6,2,4,6,0,0,1,0,0,0,0,0,3.65834E+20,5.47755E+21,7.14944E+15,4.94358E+16
111663,10,0,42,113,2018,2,10,2,3,5,2,0,1,1,0,0,0,0,0,3.29455E+20,5.47955E+21,6.6472E+15,4.94447E+16
111664,7,3,19,0,2018,12,19,7,3,6,4,2,0,1,1,0,0,0,1,4.53959E+20,5.49733E+21,8.36249E+15,4.96268E+16
111665,7,2,32,230,2018,12,1,7,3,9,1,2,0,1,0,0,0,0,1,3.04011E+20,5.56674E+21,6.25253E+15,5.02203E+16
111666,10,0,43,112,2018,1,3,7,3,8,1,2,0,1,0,0,0,0,2,3.57426E+20,5.46988E+21,7.0363E+15,4.9365E+16
111667,7,2,31,117,2018,12,12,7,2,5,3,0,0,1,0,0,0,0,1,3.43744E+20,5.52948E+21,6.82424E+15,4.98973E+16
111668,10,0,41,513,2018,2,6,4,3,6,4,2,0,1,1,0,0,0,1,3.49795E+20,5.46627E+21,6.93261E+15,4.93307E+16
111669,7,1,32,38,2018,12,14,7,3,5,3,0,0,1,0,0,0,0,1,4.06524E+20,5.62564E+21,7.67423E+15,5.0775E+16
111670,10,0,42,112,2018,2,3,7,3,8,1,2,0,1,0,0,0,0,1,3.34179E+20,5.48966E+21,6.70807E+15,4.95368E+16
111671,10,0,41,100,2018,1,22,4,3,3,6,2,0,1,0,0,0,0,1,3.52238E+20,5.4632E+21,6.96735E+15,4.93037E+16
111672,7,1,31,7,2018,12,18,7,3,4,2,2,0,1,0,0,0,0,1,3.71638E+20,5.60144E+21,7.18807E+15,5.05508E+16
111673,10,0,43,114,2018,1,13,3,3,5,3,0,0,1,0,0,0,0,0,3.68353E+20,5.47E+21,7.18667E+15,4.93685E+16
111674,10,0,44,111,2018,2,18,6,2,1,7,2,1,1,0,0,0,0,0,3.33924E+20,5.4709E+21,6.71242E+15,4.93681E+16
111675,7,3,35,205,2018,12,19,6,3,3,6,2,0,1,0,0,0,0,0,4.16423E+20,5.48492E+21,7.84546E+15,4.95112E+16
111676,10,0,43,114,2018,1,12,4,3,1,6,0,0,1,0,1,0,0,1,3.68267E+20,5.46801E+21,7.18614E+15,4.93506E+16
111677,10,0,41,100,2018,1,17,4,3,2,6,2,0,1,0,0,0,0,1,3.56584E+20,5.46191E+21,7.02757E+15,4.92931E+16
111678,10,0,45,116,2018,2,8,7,3,9,1,0,0,1,0,0,0,0,2,3.6413E+20,5.45208E+21,7.13463E+15,4.92064E+16
111679,7,3,12,0,2018,12,16,6,3,9,1,1,0,1,0,0,0,0,0,4.1059E+20,5.47901E+21,7.76625E+15,4.94572E+16
111680,10,0,41,100,2018,1,12,5,3,3,6,0,0,1,0,0,0,0,1,3.55614E+20,5.45378E+21,7.01717E+15,4.92198E+16
111681,10,0,45,114,2018,1,19,6,3,4,6,2,0,1,0,0,0,0,0,3.81362E+20,5.46218E+21,7.3681E+15,4.93009E+16
111682,10,0,46,114,2018,2,23,1,3,8,1,2,0,1,0,0,0,0,2,3.6512E+20,5.49136E+21,7.13488E+15,4.95598E+16
111683,7,3,35,31,2018,12,18,6,2,0,1,2,0,1,0,0,0,0,1,3.98637E+20,5.47116E+21,7.60336E+15,4.93847E+16
111684,10,0,46,115,2018,1,5,6,3,9,1,2,0,1,0,0,0,0,2,3.54702E+20,5.48581E+21,6.99295E+15,4.95075E+16
111685,7,3,36,68,2018,12,18,6,2,9,1,2,0,1,0,0,0,0,1,3.92056E+20,5.48839E+21,7.50802E+15,4.95385E+16
111686,10,0,45,114,2018,2,13,3,3,2,6,0,0,1,0,0,0,1,0,3.78838E+20,5.46446E+21,7.33271E+15,4.93208E+16
111687,7,3,38,26,2018,12,5,6,3,6,6,2,0,1,1,0,0,0,0,4.60286E+20,5.47188E+21,8.45266E+15,4.93983E+16
111688,10,0,44,111,2018,2,13,6,3,5,3,0,0,1,0,0,0,0,1,3.37629E+20,5.47148E+21,6.76317E+15,4.93744E+16
111689,10,0,41,519,2018,1,18,3,3,9,1,2,0,1,0,0,0,0,1,3.40149E+20,5.45981E+21,6.80254E+15,4.92701E+16
111690,7,3,31,30,2018,12,12,6,3,5,2,0,0,1,0,0,0,0,0,4.27845E+20,5.5207E+21,7.99662E+15,4.98344E+16
111691,10,0,41,513,2018,1,22,2,3,2,6,2,0,1,0,0,0,0,1,3.50041E+20,5.468E+21,6.93536E+15,4.93462E+16
111692,10,0,42,113,2018,2,6,5,3,4,1,2,0,1,0,0,0,0,2,3.32596E+20,5.48273E+21,6.68915E+15,4.94741E+16