OBJECTID_1,ULAND,UREGBEZ,UKREIS,UGEMEINDE,UJAHR,UMONAT,USTUNDE,UWOCHENTAG,UKATEGORIE,UART,UTYP1,ULICHTVERH,IstRad,IstPKW,IstFuss,IstKrad,IstGkfz,IstSonstig,STRZUSTAND,LINREFX,LINREFY,XGCSWGS84,YGCSWGS84
111693,7,3,15,0,2018,12,3,6,3,8,1,2,0,1,0,0,0,0,1,4.42E+20,5.53785E+21,8.19086E+15,4.99901E+16
111694,10,0,45,112,2018,1,15,2,3,5,3,0,0,1,0,0,0,0,1,3.73415E+20,5.45523E+21,7.26104E+15,4.92368E+16
111695,10,0,45,115,2018,1,15,6,3,9,6,0,0,0,0,0,0,1,0,3.75268E+20,5.46584E+21,7.28318E+15,4.93326E+16
111696,10,0,46,118,2018,2,23,6,3,6,4,2,0,1,0,0,0,1,1,3.5116E+20,5.48332E+21,6.94501E+15,4.94843E+16
111697,7,2,32,270,2018,12,2,6,3,8,1,2,0,1,0,0,0,0,2,3.10622E+20,5.55561E+21,6.35063E+15,5.01225E+16
111698,10,0,43,114,2018,1,15,5,3,2,6,0,0,1,0,0,0,0,0,3.66247E+20,5.46552E+21,7.15918E+15,4.93277E+16
111699,7,2,32,18,2018,12,0,6,3,0,6,2,0,1,0,1,0,0,0,3.25804E+20,5.54122E+21,6.56936E+15,4.99978E+16
111700,10,0,45,115,2018,1,14,6,3,2,6,0,0,1,0,0,0,0,0,3.76624E+20,5.46168E+21,7.30312E+15,4.92954E+16
111701,10,0,46,112,2018,2,13,7,2,9,1,0,0,1,0,0,0,0,1,3.58013E+20,5.47778E+21,7.04155E+15,4.94361E+16
111702,7,1,43,308,2018,12,16,6,2,0,7,0,0,1,0,0,0,1,1,4.28828E+20,5.60004E+21,7.99544E+15,5.0548E+16
111703,10,0,41,511,2018,1,7,6,3,0,4,1,0,1,1,0,0,0,0,3.61748E+20,5.46506E+21,7.09745E+15,4.93226E+16
111704,7,1,43,310,2018,12,12,6,2,3,6,0,0,1,0,0,0,1,0,4.11588E+20,5.61002E+21,7.74978E+15,5.06353E+16
111705,10,0,45,114,2018,2,14,5,3,2,6,0,0,1,0,0,0,0,1,3.76812E+20,5.46667E+21,7.30416E+15,4.93403E+16
111706,10,0,42,113,2018,1,19,2,3,6,4,2,0,1,1,0,0,0,1,3.28441E+20,5.47913E+21,6.6334E+15,4.94406E+16
111707,7,1,43,27,2018,12,19,6,3,5,3,2,0,1,0,0,0,0,0,4.18432E+20,5.5895E+21,7.85103E+15,5.04518E+16
111708,10,0,41,100,2018,1,21,1,3,5,3,2,0,1,0,0,0,0,0,3.54132E+20,5.45565E+21,6.99615E+15,4.92362E+16
111709,10,0,45,114,2018,1,7,6,3,2,6,2,0,1,0,0,0,0,0,3.78283E+20,5.46522E+21,7.32485E+15,4.93276E+16
111710,10,0,44,118,2018,2,20,4,3,5,3,2,0,1,0,0,0,1,0,3.42093E+20,5.46318E+21,6.82791E+15,4.93009E+16
111711,7,1,37,68,2018,12,9,6,3,8,1,0,0,1,0,0,0,0,2,3.75204E+20,5.57741E+21,7.24638E+15,5.03355E+16
111712,10,0,44,118,2018,1,8,2,3,8,1,0,0,1,0,0,0,0,1,3.41226E+20,5.46524E+21,6.81518E+15,4.93193E+16
111713,10,0,43,116,2018,1,8,6,3,5,3,0,0,1,0,0,0,0,0,3.61691E+20,5.46842E+21,7.09551E+15,4.93528E+16
111714,10,0,41,515,2018,1,10,2,3,5,3,0,0,1,0,0,0,0,0,3.47669E+20,5.46093E+21,6.90542E+15,4.92821E+16
111715,10,0,41,517,2018,2,15,6,3,4,6,0,0,1,0,0,0,0,1,3.49644E+20,5.46129E+21,6.93241E+15,4.92859E+16
111716,7,1,11,0,2018,12,14,6,3,2,6,0,0,1,0,0,0,0,0,4.00054E+20,5.58101E+21,7.59449E+15,5.03727E+16
111717,10,0,42,112,2018,2,12,2,3,8,1,0,0,1,0,0,0,0,0,3.32626E+20,5.48636E+21,6.68803E+15,4.95067E+16
111718,10,0,41,100,2018,1,19,5,3,2,6,2,0,1,0,0,0,0,0,3.52131E+20,5.45681E+21,6.96825E+15,4.92462E+16
111719,7,1,11,0,2018,12,13,6,3,3,6,0,0,1,0,0,1,0,0,3.99564E+20,5.57957E+21,7.58799E+15,5.03596E+16
111720,10,0,45,117,2018,1,22,4,3,8,1,2,0,1,0,0,0,0,1,3.60986E+20,5.45673E+21,7.08988E+15,4.92475E+16
111721,7,3,40,209,2018,12,12,5,1,9,1,0,0,1,0,0,0,0,1,3.86378E+20,5.4608E+21,7.43747E+15,4.92894E+16
111722,10,0,44,117,2018,1,5,6,3,3,6,2,0,0,0,0,0,1,1,3.43931E+20,5.47396E+21,6.84895E+15,4.93983E+16
111723,10,0,44,111,2018,1,15,6,3,0,7,0,0,1,1,0,0,0,0,3.38926E+20,5.47138E+21,6.78107E+15,4.93738E+16
111724,10,0,44,111,2018,2,20,5,3,6,4,2,0,1,1,0,0,0,0,3.34486E+20,5.46959E+21,6.72071E+15,4.93565E+16
111725,7,3,37,79,2018,12,11,5,3,5,3,0,0,1,0,0,0,0,0,4.17304E+20,5.44121E+21,7.86669E+15,4.91181E+16
111726,10,0,45,115,2018,1,7,6,3,8,1,2,0,1,0,0,0,0,1,3.72892E+20,5.46347E+21,7.25125E+15,4.93108E+16
111727,10,0,41,518,2018,1,10,6,3,5,3,0,0,1,0,0,0,1,0,3.60328E+20,5.45984E+21,7.07976E+15,4.92753E+16
111728,10,0,42,112,2018,2,12,3,3,1,6,0,0,1,0,0,0,0,0,3.35858E+20,5.48569E+21,6.73292E+15,4.95016E+16
111729,7,3,13,0,2018,12,11,5,2,1,1,0,0,1,0,0,0,0,0,4.3651E+20,5.44954E+21,8.12855E+15,4.91953E+16
111730,7,1,33,102,2018,12,19,5,2,6,4,2,0,1,1,0,0,0,1,4.05729E+20,5.51454E+21,7.69065E+15,4.97759E+16
111731,10,0,45,115,2018,1,12,7,3,2,6,0,0,1,0,0,0,0,1,3.72938E+20,5.46343E+21,7.25189E+15,4.93104E+16
111732,10,0,45,117,2018,1,12,5,3,2,6,0,0,1,0,0,0,0,0,3.65382E+20,5.4587E+21,7.14959E+15,4.92662E+16
111733,7,3,31,4,2018,12,16,5,3,2,6,0,0,1,0,0,0,0,0,4.32145E+20,5.51784E+21,8.05691E+15,4.98091E+16
111734,10,0,42,113,2018,2,18,5,3,5,2,2,0,1,0,1,0,0,0,3.28319E+20,5.47917E+21,6.63171E+15,4.9441E+16
111735,7,3,39,48,2018,12,23,5,2,8,1,2,0,1,0,0,0,0,0,4.27097E+20,5.53346E+21,7.98382E+15,4.9949E+16
111736,10,0,41,100,2018,2,13,2,3,1,6,0,0,1,0,0,0,0,0,3.47988E+20,5.45491E+21,6.91208E+15,4.92281E+16
111737,10,0,45,117,2018,1,3,4,2,8,1,2,0,0,0,0,0,1,1,3.68725E+20,5.46116E+21,7.1947E+15,4.92891E+16
111738,7,3,39,9,2018,12,16,5,3,5,3,0,0,1,0,0,0,0,0,4.40502E+20,5.53985E+21,8.16966E+15,5.0008E+16
111739,10,0,44,112,2018,1,6,2,3,4,6,2,0,1,0,0,0,0,0,3.48604E+20,5.47464E+21,6.91305E+15,4.94056E+16
111740,10,0,43,114,2018,1,10,4,3,4,2,0,0,1,0,0,0,0,1,3.70433E+20,5.46476E+21,7.21701E+15,4.93219E+16
111741,10,0,42,113,2018,2,5,1,3,8,1,2,0,1,0,0,0,0,0,3.28441E+20,5.47913E+21,6.6334E+15,4.94406E+16
111742,7,1,34,45,2018,12,14,5,2,3,6,0,0,1,0,1,0,1,0,3.8019E+20,5.50989E+21,7.33751E+15,4.97296E+16
111743,10,0,43,115,2018,1,6,5,3,5,3,2,0,1,0,0,0,0,1,3.66925E+20,5.47342E+21,7.16587E+15,4.93989E+16
111744,10,0,42,113,2018,1,15,5,3,5,3,0,0,1,0,0,0,0,0,3.29699E+20,5.47961E+21,6.65053E+15,4.94453E+16
111745,10,0,41,100,2018,2,12,2,3,2,2,0,0,1,0,0,0,0,0,3.49477E+20,5.46014E+21,6.93056E+15,4.92754E+16
111746,7,1,43,70,2018,12,17,5,3,5,3,2,0,1,0,0,0,0,0,4.13373E+20,5.59346E+21,7.77887E+15,5.04867E+16
111747,7,1,38,19,2018,12,9,5,3,2,7,0,0,1,0,0,1,0,1,3.79191E+20,5.6085E+21,7.29234E+15,5.06159E+16
111748,10,0,41,513,2018,1,17,7,3,8,1,1,0,1,0,0,0,0,2,3.56168E+20,5.46878E+21,7.01938E+15,4.93548E+16
111749,10,0,43,114,2018,1,7,5,3,6,4,2,0,1,1,0,0,0,1,3.6776E+20,5.46851E+21,7.179E+15,4.93549E+16
111750,7,1,37,203,2018,12,23,5,3,8,1,2,0,1,0,0,0,0,1,4.03037E+20,5.58778E+21,7.63468E+15,5.0434E+16
111751,10,0,41,100,2018,2,7,4,3,1,2,2,0,1,0,0,0,0,1,3.57388E+20,5.46055E+21,7.03911E+15,4.9281E+16
111752,7,1,38,34,2018,12,13,5,3,3,6,0,0,1,0,0,0,0,0,4.01027E+20,5.59863E+21,7.60352E+15,5.05312E+16
111753,10,0,41,519,2018,2,17,7,3,2,6,2,0,1,0,0,0,0,1,3.44365E+20,5.45692E+21,6.86157E+15,4.92453E+16
111754,10,0,44,115,2018,2,9,3,3,4,2,0,1,1,0,0,0,0,0,3.35533E+20,5.46365E+21,6.73756E+15,4.93035E+16
111755,7,3,40,23,2018,12,15,4,3,8,1,0,0,1,0,0,0,0,1,3.9288E+20,5.45329E+21,7.52886E+15,4.9223E+16
111756,7,3,35,49,2018,12,10,4,3,6,6,0,0,1,1,0,0,0,2,4.00047E+20,5.48169E+21,7.62013E+15,4.94796E+16
111757,10,0,42,113,2018,1,9,7,3,8,1,0,0,1,0,0,0,0,1,3.27662E+20,5.47977E+21,6.6224E+15,4.94461E+16
111758,10,0,44,117,2018,1,8,5,3,5,3,0,0,1,0,0,0,0,1,3.45515E+20,5.47849E+21,6.86901E+15,4.94394E+16
111759,7,1,33,43,2018,12,2,4,3,8,1,2,0,0,0,1,0,0,1,3.87491E+20,5.52016E+21,7.43581E+15,4.98233E+16
111760,10,0,45,114,2018,2,13,4,3,2,2,0,0,1,0,0,0,0,0,3.78995E+20,5.46357E+21,7.33514E+15,4.93128E+16
111761,7,2,31,113,2018,12,20,4,3,5,3,2,0,1,0,0,0,0,1,3.47055E+20,5.53158E+21,6.86947E+15,4.9917E+16
111762,10,0,41,100,2018,2,15,1,3,2,6,0,0,1,0,0,0,0,0,3.52207E+20,5.4567E+21,6.96933E+15,4.92452E+16
111763,10,0,41,518,2018,1,3,4,3,9,1,2,0,0,0,0,1,0,2,3.58651E+20,5.46306E+21,7.05558E+15,4.93039E+16
111764,7,2,35,152,2018,12,13,4,3,2,2,0,0,1,0,0,0,0,0,3.32146E+20,5.49543E+21,6.67754E+15,4.95881E+16
111765,10,0,42,116,2018,1,7,3,3,2,6,0,0,1,0,0,0,0,0,3.47349E+20,5.4883E+21,6.8905E+15,4.95281E+16
111766,10,0,44,115,2018,2,13,7,3,5,3,0,0,1,0,0,0,0,1,3.36727E+20,5.4657E+21,6.75313E+15,4.93222E+16
111767,7,2,35,151,2018,12,12,4,3,4,2,0,0,1,0,0,0,1,0,3.35416E+20,5.53085E+21,6.70779E+15,4.99074E+16
111768,10,0,46,111,2018,1,11,4,2,5,3,0,0,1,0,0,0,0,0,3.67946E+20,5.49052E+21,7.17422E+15,4.95529E+16
111769,10,0,41,516,2018,1,7,5,3,2,6,2,0,1,0,0,0,0,1,3.58288E+20,5.46742E+21,7.04904E+15,4.93431E+16
111770,10,0,44,122,2018,2,17,1,3,0,1,1,0,1,0,0,0,0,1,3.39731E+20,5.46135E+21,6.79618E+15,4.92838E+16
111771,7,1,38,45,2018,12,11,4,2,5,3,0,0,1,0,0,0,0,0,3.89915E+20,5.58857E+21,7.44975E+15,5.04388E+16
111772,10,0,43,114,2018,1,12,6,2,8,1,0,0,1,0,0,1,0,1,3.72151E+20,5.46402E+21,7.24087E+15,4.93155E+16
111773,7,3,40,51,2018,12,18,3,3,5,3,2,0,1,0,0,0,0,0,3.96593E+20,5.45734E+21,7.57879E+15,4.926E+16
111774,10,0,41,100,2018,2,7,6,3,4,2,1,1,1,0,0,0,0,1,3.56734E+20,5.45295E+21,7.03283E+15,4.92126E+16
111775,10,0,41,100,2018,1,5,3,3,5,3,2,0,1,0,1,0,0,1,3.50881E+20,5.45635E+21,6.95126E+15,4.92417E+16
111776,7,3,35,22,2018,12,5,3,3,9,1,2,0,1,0,0,0,0,0,3.97793E+20,5.47459E+21,7.59085E+15,4.94154E+16
111777,10,0,41,519,2018,1,2,2,3,3,6,2,0,1,0,0,0,0,1,3.41391E+20,5.45938E+21,6.81977E+15,4.92666E+16
111778,10,0,46,118,2018,1,17,3,1,4,6,2,0,1,0,0,0,0,1,3.58374E+20,5.48248E+21,7.04484E+15,4.94784E+16
111779,7,3,32,24,2018,12,16,3,2,5,3,1,0,1,0,1,0,1,0,4.39658E+20,5.49118E+21,8.16544E+15,4.95702E+16
111780,10,0,44,117,2018,1,10,3,3,9,6,0,0,1,0,0,1,0,1,3.4441E+20,5.47968E+21,6.8533E+15,4.94498E+16
111781,10,0,46,114,2018,2,15,5,3,9,1,0,0,1,0,0,0,0,1,3.60279E+20,5.49514E+21,7.06665E+15,4.95927E+16
111782,7,3,14,0,2018,12,16,3,3,5,3,1,0,1,0,0,0,0,0,4.55341E+20,5.482E+21,8.38337E+15,4.9489E+16
111783,10,0,44,113,2018,1,8,3,3,9,1,0,0,1,0,0,0,0,1,3.4102E+20,5.47195E+21,6.80967E+15,4.93795E+16
111784,10,0,41,100,2018,1,20,5,3,3,6,0,0,1,0,0,0,1,0,3.5601E+20,5.4525E+21,7.02306E+15,4.92083E+16
111785,10,0,43,112,2018,2,16,7,3,1,5,0,0,1,0,0,0,0,1,3.55266E+20,5.47192E+21,7.00582E+15,4.93828E+16
111786,7,3,14,0,2018,12,19,3,3,6,4,2,0,1,1,0,0,0,0,4.5689E+20,5.48387E+21,8.40455E+15,4.9506E+16
111787,10,0,46,112,2018,1,7,5,2,6,4,1,0,1,1,0,0,0,1,3.59168E+20,5.47943E+21,7.05688E+15,4.94512E+16
111788,7,3,31,3,2018,12,0,3,3,7,7,2,0,1,0,0,0,0,0,4.3503E+20,5.50864E+21,8.09853E+15,4.97268E+16
111789,7,3,31,3,2018,12,21,1,2,9,7,2,0,1,0,0,0,0,1,4.33544E+20,5.5081E+21,8.07801E+15,4.97218E+16
111790,10,0,46,115,2018,2,5,5,3,5,3,2,0,1,0,0,0,1,1,3.54572E+20,5.49652E+21,6.98722E+15,4.96038E+16
111791,7,3,39,30,2018,12,17,3,3,5,3,2,0,1,0,0,0,0,0,4.34881E+20,5.53827E+21,8.09149E+15,4.99932E+16
111792,10,0,41,516,2018,1,8,7,3,9,1,0,0,1,0,0,0,0,2,3.5571E+20,5.46713E+21,7.01367E+15,4.93398E+16
111793,10,0,45,112,2018,1,14,4,3,8,7,0,0,1,0,0,0,0,1,3.71887E+20,5.45902E+21,7.23884E+15,4.92705E+16
111794,10,0,41,100,2018,2,10,4,3,2,6,0,0,1,0,0,0,0,0,3.54381E+20,5.45472E+21,6.99991E+15,4.92279E+16
111795,7,3,31,4,2018,12,15,3,3,8,1,0,0,1,0,0,0,0,0,4.31655E+20,5.51812E+21,8.05005E+15,4.98116E+16
111796,10,0,45,115,2018,1,6,1,3,8,1,2,0,1,0,0,0,0,2,3.76255E+20,5.46294E+21,7.29765E+15,4.93067E+16
111797,10,0,42,113,2018,1,7,4,3,6,2,2,0,1,1,0,0,0,1,3.29651E+20,5.47959E+21,6.64989E+15,4.94451E+16
111798,10,0,41,514,2018,2,15,6,3,2,6,0,0,1,0,0,0,1,0,3.5869E+20,5.44235E+21,7.06339E+15,4.91177E+16
111799,7,2,32,27,2018,12,21,3,3,8,7,2,0,1,0,0,0,0,0,3.29458E+20,5.53891E+21,6.62132E+15,4.99782E+16
111800,10,0,43,117,2018,2,18,2,3,2,6,2,0,1,0,0,0,0,1,3.63739E+20,5.4636E+21,7.12534E+15,4.93099E+16
111801,10,0,45,117,2018,2,19,4,3,2,6,2,0,1,0,0,0,0,0,3.67012E+20,5.46014E+21,7.17149E+15,4.92795E+16
111802,7,1,34,3,2018,12,18,3,2,4,6,2,0,1,0,0,1,0,2,3.70638E+20,5.51432E+21,7.20356E+15,4.97675E+16
111803,10,0,44,112,2018,1,16,2,3,2,6,0,0,1,0,0,0,0,0,3.45389E+20,5.47397E+21,6.86902E+15,4.93988E+16
111804,10,0,44,116,2018,2,14,6,3,2,2,0,0,1,0,0,0,0,1,3.40032E+20,5.47097E+21,6.79646E+15,4.93704E+16
111805,7,1,34,47,2018,12,16,3,2,8,1,1,0,1,0,0,0,0,2,3.723E+20,5.51398E+21,7.22674E+15,4.97647E+16
111806,10,0,46,118,2018,2,7,2,3,6,4,2,0,1,1,0,0,0,1,3.57301E+20,5.48466E+21,7.02925E+15,4.94978E+16
111807,10,0,44,115,2018,1,7,5,3,2,6,1,0,1,0,0,0,0,1,3.35102E+20,5.4653E+21,6.73096E+15,4.93181E+16
111808,7,1,34,2,2018,12,17,3,3,8,1,2,0,1,0,0,0,0,2,3.61375E+20,5.49814E+21,7.08074E+15,4.96199E+16
111809,10,0,41,516,2018,2,20,5,3,3,6,2,0,1,0,0,0,0,1,3.59342E+20,5.46665E+21,7.06381E+15,4.93363E+16
111810,7,2,35,45,2018,12,12,3,3,5,6,0,0,1,0,0,0,0,0,3.5202E+20,5.50275E+21,6.94957E+15,4.96591E+16
111811,10,0,42,111,2018,1,16,6,3,9,1,0,0,1,0,0,0,0,1,3.34466E+20,5.47827E+21,6.71681E+15,4.94346E+16
111812,10,0,42,115,2018,2,17,3,3,8,1,0,0,1,0,0,0,1,0,3.09586E+20,5.48347E+21,6.3715E+15,4.9474E+16
111813,7,2,35,111,2018,12,14,3,3,9,7,0,0,1,0,0,0,0,0,3.19299E+20,5.52095E+21,6.48816E+15,4.98138E+16
111814,7,1,43,53,2018,12,13,3,3,3,6,0,1,1,0,0,0,0,0,4.15545E+20,5.58336E+21,7.81175E+15,5.03963E+16
111815,10,0,46,115,2018,1,9,7,3,9,1,1,0,1,0,0,0,0,2,3.54525E+20,5.4946E+21,6.98727E+15,4.95865E+16
111816,7,1,32,101,2018,12,15,3,2,5,2,0,0,1,0,1,0,0,0,4.23097E+20,5.62335E+21,7.90972E+15,5.07568E+16
111817,10,0,41,519,2018,2,6,5,3,8,7,2,0,1,0,0,0,0,1,3.41696E+20,5.4538E+21,6.82616E+15,4.92165E+16
111818,7,1,37,209,2018,12,17,3,3,2,6,2,0,1,0,0,0,1,0,3.966E+20,5.58562E+21,7.54468E+15,5.04135E+16
111819,10,0,41,100,2018,2,12,2,3,1,6,0,0,1,0,0,0,0,1,3.51661E+20,5.45537E+21,6.96233E+15,4.92332E+16
111820,10,0,42,113,2018,1,21,4,3,2,2,2,0,1,0,0,0,0,1,3.27869E+20,5.47929E+21,6.62546E+15,4.94419E+16
111821,7,3,40,212,2018,12,15,2,3,8,6,0,0,1,0,0,0,0,0,3.83965E+20,5.46379E+21,7.40342E+15,4.93158E+16
111822,10,0,44,115,2018,1,17,4,3,5,3,2,0,1,0,0,0,0,1,3.38258E+20,5.46543E+21,6.77429E+15,4.93201E+16
111823,10,0,46,116,2018,2,21,7,3,1,5,2,0,1,0,0,1,0,1,3.63662E+20,5.48886E+21,7.1156E+15,4.9537E+16
111824,7,3,38,19,2018,12,10,2,2,9,1,0,0,0,0,1,0,0,1,4.50795E+20,5.47683E+21,8.32124E+15,4.94421E+16
111825,10,0,46,118,2018,1,7,4,2,9,1,2,0,1,0,0,0,0,1,3.53212E+20,5.48187E+21,6.97386E+15,4.94718E+16
111826,7,3,18,0,2018,12,17,2,3,5,2,2,1,1,0,0,0,0,0,4.57646E+20,5.46403E+21,8.4171E+15,4.93275E+16
111827,10,0,42,114,2018,1,18,4,3,9,1,2,0,1,0,0,0,0,1,3.27221E+20,5.48398E+21,6.61448E+15,4.94838E+16
111828,10,0,41,513,2018,2,8,2,2,5,3,0,0,1,0,0,0,1,0,3.54559E+20,5.46625E+21,6.99816E+15,4.93317E+16
111829,7,3,14,0,2018,12,15,2,3,3,6,1,0,1,0,0,0,0,0,4.59198E+20,5.47914E+21,8.43691E+15,4.94636E+16
111830,10,0,41,100,2018,1,7,6,3,2,6,0,0,1,0,0,0,0,1,3.56548E+20,5.4523E+21,7.03051E+15,4.92067E+16
111831,10,0,46,114,2018,2,13,2,2,8,1,0,0,1,0,0,0,0,0,3.68593E+20,5.49055E+21,7.18316E+15,4.95533E+16
111832,7,3,39,5,2018,12,17,2,2,5,3,2,0,1,0,0,0,0,0,4.22381E+20,5.52865E+21,7.91906E+15,4.99052E+16
111833,7,2,33,214,2018,12,20,2,2,0,1,2,0,0,0,1,0,0,2,3.15825E+20,5.57954E+21,6.41172E+15,5.03391E+16
111834,10,0,43,114,2018,1,13,7,3,1,6,0,0,1,0,0,0,0,1,3.67378E+20,5.46705E+21,7.17423E+15,4.93417E+16
111835,7,2,35,118,2018,12,17,2,3,1,5,0,0,1,0,0,0,0,0,3.23281E+20,5.49866E+21,6.55354E+15,4.96147E+16
111836,10,0,41,517,2018,2,8,4,3,1,6,0,0,1,0,0,0,1,0,3.5057E+20,5.46323E+21,6.94442E+15,4.93035E+16
111837,7,1,43,286,2018,12,11,2,3,2,6,0,0,1,0,0,0,0,0,4.33745E+20,5.60589E+21,8.06378E+15,5.06011E+16
111838,10,0,42,112,2018,2,13,7,3,8,1,0,0,0,0,1,0,0,0,3.37394E+20,5.48589E+21,6.75403E+15,4.95038E+16
111839,10,0,41,513,2018,1,3,4,3,0,1,2,0,1,0,0,0,0,1,3.49788E+20,5.46932E+21,6.93137E+15,4.93581E+16
111840,7,1,41,51,2018,12,11,2,2,9,1,0,0,1,0,0,0,0,1,4.33128E+20,5.57161E+21,8.06118E+15,5.02928E+16
111841,10,0,43,113,2018,1,8,3,3,2,1,0,0,1,0,0,0,0,1,3.59696E+20,5.46945E+21,7.06769E+15,4.93616E+16
111842,10,0,42,113,2018,2,17,6,2,5,3,0,0,1,0,0,0,0,0,3.27255E+20,5.47923E+21,6.61701E+15,4.94412E+16
111843,7,1,43,37,2018,12,12,2,3,9,1,0,0,1,0,0,0,0,1,4.26983E+20,5.59028E+21,7.97131E+15,5.04599E+16
111844,10,0,43,112,2018,1,7,4,3,1,2,0,0,1,0,0,0,1,1,3.55212E+20,5.47193E+21,7.00508E+15,4.93828E+16
111845,10,0,41,100,2018,1,10,2,3,3,2,0,0,1,0,1,0,0,0,3.50633E+20,5.45624E+21,6.94789E+15,4.92407E+16
111846,10,0,41,517,2018,2,11,1,3,9,1,0,0,1,0,0,0,0,2,3.52492E+20,5.46252E+21,6.9711E+15,4.92976E+16
111847,7,1,37,68,2018,12,13,2,3,0,1,0,0,0,0,1,0,0,1,3.73743E+20,5.57815E+21,7.22561E+15,5.03419E+16
111848,10,0,44,116,2018,1,7,6,3,2,2,1,0,1,0,0,0,0,1,3.39843E+20,5.47086E+21,6.7939E+15,4.93694E+16
111849,10,0,41,100,2018,1,20,5,3,1,6,2,0,1,0,0,0,0,1,3.57599E+20,5.45433E+21,7.04422E+15,4.92252E+16
111850,10,0,45,117,2018,2,19,1,3,2,6,2,0,1,0,0,0,0,1,3.68011E+20,5.46079E+21,7.18501E+15,4.92856E+16
111851,7,1,37,68,2018,12,10,2,3,9,1,0,0,1,0,0,0,0,1,3.74724E+20,5.57563E+21,7.24023E+15,5.03194E+16
111852,10,0,41,100,2018,1,6,7,3,5,3,2,0,1,0,0,0,0,1,3.56191E+20,5.45445E+21,7.02485E+15,4.9226E+16
111853,7,1,37,204,2018,12,20,2,2,8,1,2,0,1,0,0,0,0,0,4.02494E+20,5.56991E+21,7.63166E+15,5.02733E+16
111854,10,0,45,112,2018,2,17,3,3,2,5,1,0,1,0,0,1,0,0,3.72986E+20,5.45714E+21,7.25455E+15,4.92538E+16
111855,7,1,33,84,2018,12,17,1,3,9,1,2,0,1,0,0,0,0,1,4.04338E+20,5.50429E+21,7.67386E+15,4.96835E+16
111856,10,0,42,113,2018,2,20,6,3,1,7,2,0,1,0,0,0,0,1,3.31527E+20,5.48106E+21,6.67512E+15,4.94588E+16
111857,10,0,41,513,2018,1,23,3,3,7,7,2,0,1,0,0,0,0,1,3.55948E+20,5.46824E+21,7.01654E+15,4.93498E+16
111858,7,3,12,0,2018,12,12,1,3,2,6,0,0,1,0,0,0,0,1,4.07873E+20,5.47696E+21,7.72924E+15,4.94383E+16
111859,10,0,43,116,2018,1,9,2,3,4,6,0,0,1,0,0,0,0,0,3.61948E+20,5.46828E+21,7.09909E+15,4.93516E+16
111860,10,0,42,111,2018,2,6,5,3,9,1,1,0,1,0,0,0,0,2,3.33069E+20,5.48147E+21,6.69621E+15,4.94629E+16
111861,7,3,32,34,2018,12,13,1,2,4,1,0,0,1,0,0,0,0,1,4.3457E+20,5.46893E+21,8.09875E+15,4.93696E+16
111862,10,0,41,519,2018,1,7,3,3,2,6,2,0,1,0,0,0,0,0,3.4234E+20,5.45787E+21,6.8334E+15,4.92533E+16
111863,10,0,41,513,2018,2,11,7,3,5,3,0,0,1,0,0,0,0,1,3.50036E+20,5.46815E+21,6.93523E+15,4.93476E+16
111864,7,3,34,13,2018,12,19,1,3,5,3,2,0,1,0,0,0,0,1,4.40519E+20,5.43659E+21,8.18548E+15,4.90793E+16
111865,10,0,43,116,2018,1,18,5,3,6,4,2,0,1,1,0,0,0,0,3.64399E+20,5.46872E+21,7.13268E+15,4.93561E+16
111866,7,3,37,68,2018,12,15,1,3,9,1,1,0,1,0,0,0,0,1,4.38612E+20,5.44425E+21,8.1582E+15,4.9148E+16
111867,7,1,35,19,2018,12,3,1,3,9,1,2,0,0,0,0,0,1,1,3.67333E+20,5.54492E+21,7.14719E+15,5.00418E+16
111868,10,0,44,112,2018,2,13,5,3,2,6,0,0,1,0,0,0,0,0,3.49232E+20,5.47338E+21,6.92218E+15,4.93944E+16
111869,10,0,41,100,2018,6,3,7,3,8,1,2,1,0,0,0,0,0,0,3.54317E+20,5.45541E+21,6.99877E+15,4.92342E+16
111870,10,0,41,516,2018,5,15,6,2,2,6,0,0,1,0,0,0,0,0,3.56403E+20,5.46867E+21,7.02264E+15,4.93538E+16
111871,10,0,41,511,2018,5,12,3,3,5,3,0,0,1,0,0,0,0,0,3.60035E+20,5.46592E+21,7.0736E+15,4.933E+16
111872,10,0,41,100,2018,3,21,7,3,8,1,2,0,1,0,0,0,0,2,3.60326E+20,5.45541E+21,7.08127E+15,4.92355E+16
111873,10,0,45,117,2018,6,16,3,3,2,6,0,0,1,0,0,0,0,0,3.63943E+20,5.46079E+21,7.1291E+15,4.92847E+16
111874,10,0,41,100,2018,4,9,6,3,0,3,0,0,1,0,0,0,0,0,3.50597E+20,5.45623E+21,6.9474E+15,4.92406E+16
111875,10,0,46,111,2018,3,18,6,3,2,6,0,0,0,0,0,0,1,0,3.74118E+20,5.49057E+21,7.2595E+15,4.95546E+16
111876,10,0,41,519,2018,6,10,5,3,1,6,0,0,1,0,0,0,0,0,3.4452E+20,5.45796E+21,6.8633E+15,4.92546E+16