OBJECTID_1,ULAND,UREGBEZ,UKREIS,UGEMEINDE,UJAHR,UMONAT,USTUNDE,UWOCHENTAG,UKATEGORIE,UART,UTYP1,ULICHTVERH,IstRad,IstPKW,IstFuss,IstKrad,IstGkfz,IstSonstig,STRZUSTAND,LINREFX,LINREFY,XGCSWGS84,YGCSWGS84
111877,10,0,45,114,2018,5,22,5,3,2,6,2,0,1,0,0,0,0,0,3.74048E+20,5.46288E+21,7.26733E+15,4.93057E+16
111878,10,0,41,100,2018,5,17,2,3,2,6,0,0,1,0,0,1,0,0,3.50528E+20,5.45625E+21,6.94645E+15,4.92408E+16
111879,10,0,46,115,2018,4,1,3,2,8,1,2,0,0,0,0,0,1,0,3.52887E+20,5.49795E+21,6.96337E+15,4.96161E+16
111880,10,0,45,117,2018,3,11,6,3,3,6,0,1,1,0,0,0,0,0,3.62205E+20,5.45965E+21,7.1056E+15,4.92741E+16
111881,10,0,46,118,2018,6,22,6,2,9,1,2,0,1,0,0,0,0,0,3.54483E+20,5.48317E+21,6.99091E+15,4.94837E+16
111882,10,0,44,117,2018,3,18,5,2,2,6,0,0,1,0,0,0,0,0,3.43636E+20,5.47667E+21,6.84382E+15,4.94226E+16
111883,10,0,44,119,2018,6,10,6,2,0,1,0,1,0,0,0,0,0,0,3.32484E+20,5.46234E+21,6.69619E+15,4.92908E+16
111884,10,0,43,114,2018,5,17,7,3,5,3,0,0,1,0,0,0,0,0,3.68725E+20,5.4678E+21,7.19252E+15,4.93488E+16
111885,10,0,42,112,2018,5,15,3,2,0,6,0,0,1,0,0,0,0,0,3.39925E+20,5.48561E+21,6.78908E+15,4.95019E+16
111886,10,0,43,113,2018,4,17,6,3,2,6,0,0,1,0,1,0,1,0,3.60585E+20,5.46904E+21,7.08007E+15,4.93581E+16
111887,10,0,46,117,2018,4,17,7,2,9,1,0,0,1,0,1,0,0,0,3.6701E+20,5.48115E+21,7.16445E+15,4.94684E+16
111888,10,0,43,114,2018,3,17,6,3,5,3,0,0,1,0,1,0,0,0,3.68483E+20,5.46651E+21,7.18962E+15,4.93371E+16
111889,10,0,41,517,2018,6,8,4,3,5,2,0,0,1,0,0,0,1,0,3.50302E+20,5.46383E+21,6.94051E+15,4.93089E+16
111890,10,0,45,114,2018,3,9,6,3,1,6,0,0,1,0,0,0,0,1,3.78656E+20,5.46483E+21,7.33009E+15,4.93242E+16
111891,10,0,41,512,2018,6,4,2,2,1,7,2,0,1,0,0,0,0,0,3.42167E+20,5.45304E+21,6.83293E+15,4.92098E+16
111892,10,0,44,111,2018,5,14,1,3,2,6,0,0,1,0,0,0,0,1,3.34086E+20,5.47026E+21,6.71492E+15,4.93625E+16
111893,10,0,43,114,2018,5,9,6,3,4,2,0,0,1,0,0,0,0,0,3.68309E+20,5.46985E+21,7.18612E+15,4.93671E+16
111894,10,0,43,114,2018,3,13,6,3,2,6,0,0,1,0,0,0,0,0,3.68429E+20,5.4701E+21,7.18769E+15,4.93693E+16
111895,10,0,45,112,2018,6,20,6,3,5,3,0,0,1,0,0,0,0,0,3.73435E+20,5.45522E+21,7.26132E+15,4.92367E+16
111896,10,0,46,114,2018,4,15,2,3,2,6,0,0,1,0,0,0,1,0,3.65431E+20,5.4949E+21,7.13797E+15,4.95917E+16
111897,10,0,44,112,2018,3,7,6,3,5,3,0,0,1,0,0,0,0,1,3.49645E+20,5.46948E+21,6.92934E+15,4.93595E+16
111898,10,0,44,117,2018,5,17,5,2,5,3,0,0,1,0,1,0,0,0,3.4637E+20,5.48288E+21,6.87909E+15,4.94791E+16
111899,10,0,46,118,2018,4,8,7,3,0,1,0,0,0,0,1,0,0,1,3.53377E+20,5.48131E+21,6.97634E+15,4.94667E+16
111900,10,0,41,515,2018,3,16,6,3,5,3,0,0,1,0,0,0,0,0,3.47814E+20,5.46089E+21,6.90743E+15,4.92818E+16
111901,10,0,46,115,2018,6,15,2,3,1,6,0,0,1,0,0,0,1,0,3.53874E+20,5.48934E+21,6.98022E+15,4.95391E+16
111902,10,0,44,112,2018,4,18,3,1,4,1,0,0,1,0,0,0,0,0,3.48471E+20,5.47474E+21,6.91118E+15,4.94064E+16
111903,10,0,41,100,2018,6,7,4,2,4,2,0,0,1,0,1,0,0,0,3.48544E+20,5.45687E+21,6.91898E+15,4.92458E+16
111904,10,0,43,116,2018,5,13,4,3,5,3,0,0,1,0,0,0,0,0,3.66032E+20,5.46808E+21,7.15536E+15,4.93507E+16
111905,10,0,42,116,2018,5,16,6,3,2,6,0,0,0,0,1,0,0,0,3.47356E+20,5.49462E+21,6.88814E+15,4.95849E+16
111906,10,0,45,111,2018,4,6,2,3,5,3,0,0,1,0,0,0,0,1,3.73685E+20,5.46754E+21,7.26086E+15,4.93475E+16
111907,10,0,42,112,2018,4,7,3,3,5,3,0,0,1,0,0,0,0,0,3.33237E+20,5.48484E+21,6.6971E+15,4.94932E+16
111908,10,0,41,511,2018,3,17,6,3,4,2,1,0,1,0,0,0,0,0,3.59695E+20,5.46413E+21,7.06956E+15,4.93138E+16
111909,10,0,44,115,2018,3,18,4,3,6,4,0,0,1,1,0,0,0,0,3.36325E+20,5.46436E+21,6.74815E+15,4.931E+16
111910,10,0,44,112,2018,6,12,4,3,1,6,0,0,1,0,0,0,1,0,3.48524E+20,5.47509E+21,6.91178E+15,4.94096E+16
111911,10,0,41,100,2018,5,18,5,3,4,2,0,0,1,0,0,0,0,1,3.52468E+20,5.45641E+21,6.97302E+15,4.92427E+16
111912,10,0,41,511,2018,5,18,2,3,3,6,0,0,1,0,1,0,0,0,3.59562E+20,5.46283E+21,7.06818E+15,4.9302E+16
111913,10,0,41,100,2018,4,21,6,3,4,1,2,0,1,0,0,0,0,0,3.62504E+20,5.4573E+21,7.11052E+15,4.9253E+16
111914,10,0,46,115,2018,4,21,6,3,4,2,2,0,1,0,0,0,0,0,3.53936E+20,5.49377E+21,6.97943E+15,4.95789E+16
111915,10,0,45,117,2018,3,17,5,3,5,3,0,0,1,0,0,0,0,1,3.662E+20,5.45977E+21,7.16046E+15,4.9276E+16
111916,10,0,41,100,2018,6,1,3,1,8,1,2,0,1,0,0,0,0,0,3.49847E+20,5.4597E+21,6.93581E+15,4.92716E+16
111917,10,0,45,112,2018,5,15,7,3,0,1,0,1,0,0,0,0,0,0,3.76163E+20,5.45873E+21,7.2977E+15,4.92687E+16
111918,10,0,44,119,2018,4,18,3,2,9,1,0,0,1,0,0,0,0,0,3.3293E+20,5.45699E+21,6.70455E+15,4.92429E+16
111919,10,0,44,111,2018,4,20,4,2,4,7,0,0,1,0,0,0,0,0,3.34407E+20,5.46725E+21,6.72059E+15,4.93354E+16
111920,10,0,42,112,2018,3,16,5,3,2,6,0,0,1,0,0,0,0,1,3.38052E+20,5.48572E+21,6.76318E+15,4.95025E+16
111921,10,0,44,116,2018,6,6,6,3,8,1,0,0,1,0,0,0,0,1,3.40533E+20,5.46918E+21,6.80408E+15,4.93544E+16
111922,10,0,46,117,2018,3,16,4,3,1,5,0,1,1,0,0,0,0,1,3.66901E+20,5.48146E+21,7.16284E+15,4.94712E+16
111923,10,0,41,518,2018,6,17,5,3,6,4,0,0,1,1,0,0,0,0,3.59063E+20,5.46252E+21,7.06143E+15,4.92992E+16
111924,10,0,44,123,2018,5,16,6,2,5,2,0,0,0,0,1,1,0,0,3.37955E+20,5.4639E+21,6.77074E+15,4.93064E+16
111925,10,0,41,519,2018,5,12,3,3,5,3,0,0,1,0,0,0,0,0,3.44991E+20,5.45689E+21,6.87019E+15,4.92451E+16
111926,10,0,44,123,2018,4,19,6,3,6,7,0,1,0,1,0,0,0,0,3.38498E+20,5.46381E+21,6.77824E+15,4.93056E+16
111927,10,0,46,117,2018,3,18,5,3,2,6,1,0,1,0,0,0,0,1,3.62962E+20,5.48472E+21,7.10737E+15,4.94996E+16
111928,10,0,41,517,2018,4,8,7,3,9,1,0,0,1,0,0,0,0,0,3.51423E+20,5.46182E+21,6.95667E+15,4.9291E+16
111929,10,0,44,115,2018,3,6,5,3,9,7,1,0,1,0,0,0,0,0,3.36786E+20,5.46789E+21,6.75305E+15,4.93419E+16
111930,10,0,44,114,2018,6,6,3,3,5,3,0,0,1,0,0,0,0,0,3.32097E+20,5.47049E+21,6.68745E+15,4.9364E+16
111931,10,0,41,513,2018,2,15,4,2,9,1,0,0,1,0,0,0,0,0,3.45821E+20,5.46732E+21,6.87756E+15,4.93391E+16
111932,10,0,46,113,2018,5,10,7,3,5,3,0,0,1,0,0,0,0,0,3.66815E+20,5.48703E+21,7.15978E+15,4.95213E+16
111933,10,0,43,112,2018,5,17,5,3,2,2,0,0,1,0,0,0,0,0,3.60983E+20,5.47125E+21,7.08478E+15,4.93781E+16
111934,10,0,44,122,2018,3,15,5,3,1,6,0,0,1,0,0,0,0,1,3.39828E+20,5.46029E+21,6.79793E+15,4.92744E+16
111935,10,0,44,111,2018,6,13,6,3,1,6,0,0,1,0,0,0,0,0,3.34044E+20,5.47039E+21,6.71428E+15,4.93636E+16
111936,10,0,44,114,2018,4,5,1,3,2,6,2,0,1,0,0,0,0,0,3.31445E+20,5.47296E+21,6.67744E+15,4.9386E+16
111937,10,0,41,517,2018,3,7,5,3,2,2,0,0,1,0,0,0,0,0,3.49615E+20,5.46091E+21,6.93216E+15,4.92825E+16
111938,10,0,44,120,2018,5,16,4,2,2,6,0,0,1,0,0,0,0,0,3.37894E+20,5.45689E+21,6.77275E+15,4.92433E+16
111939,10,0,41,100,2018,4,20,7,3,3,2,1,0,1,0,0,0,1,0,3.5184E+20,5.4572E+21,6.96411E+15,4.92496E+16
111940,10,0,41,100,2018,3,14,5,3,1,6,0,0,1,0,0,0,0,1,3.58206E+20,5.45865E+21,7.05102E+15,4.92642E+16
111941,10,0,43,114,2018,6,23,2,3,8,1,2,0,1,0,0,0,0,0,3.66236E+20,5.46811E+21,7.15816E+15,4.9351E+16
111942,10,0,45,117,2018,4,14,2,2,9,1,0,0,0,0,1,0,0,0,3.62612E+20,5.45729E+21,7.11201E+15,4.92529E+16
111943,10,0,42,113,2018,6,12,2,3,2,6,0,0,1,0,0,0,0,0,3.28646E+20,5.47912E+21,6.63624E+15,4.94406E+16
111944,10,0,41,100,2018,5,23,4,2,0,1,2,0,0,0,1,0,0,1,3.53526E+20,5.45525E+21,6.98797E+15,4.92325E+16
111945,10,0,46,115,2018,5,6,5,3,8,1,1,0,1,0,0,0,0,1,3.53804E+20,5.49591E+21,6.97681E+15,4.95981E+16
111946,10,0,41,516,2018,4,14,2,3,2,2,0,0,1,0,0,0,0,0,3.57203E+20,5.46356E+21,7.03549E+15,4.93081E+16
111947,10,0,41,100,2018,4,17,3,3,2,6,0,0,1,0,0,0,0,0,3.5389E+20,5.45505E+21,6.99305E+15,4.92308E+16
111948,10,0,41,100,2018,3,17,5,3,3,6,2,0,1,0,0,0,0,0,3.50304E+20,5.45588E+21,6.94351E+15,4.92374E+16
111949,10,0,41,511,2018,3,14,3,3,4,2,0,0,1,0,0,0,0,1,3.61172E+20,5.46616E+21,7.08916E+15,4.93323E+16
111950,10,0,41,518,2018,6,15,4,3,0,1,0,1,0,0,0,0,0,0,3.58392E+20,5.46202E+21,7.05238E+15,4.92945E+16
111951,10,0,42,114,2018,5,5,3,2,8,1,2,0,1,0,0,0,0,0,3.28893E+20,5.48533E+21,6.63696E+15,4.94964E+16
111952,10,0,44,111,2018,5,18,1,3,8,1,0,0,0,0,1,0,0,0,3.3565E+20,5.46982E+21,6.73663E+15,4.9359E+16
111953,10,0,44,118,2018,4,20,5,3,6,7,0,0,1,1,0,0,0,0,3.41177E+20,5.46524E+21,6.81451E+15,4.93192E+16
111954,10,0,45,114,2018,4,6,5,2,6,7,1,0,0,1,0,1,0,0,3.77205E+20,5.46113E+21,7.31127E+15,4.92906E+16
111955,10,0,41,519,2018,3,14,5,3,2,6,0,0,1,0,0,0,0,1,3.42337E+20,5.45778E+21,6.83339E+15,4.92525E+16
111956,10,0,41,100,2018,6,18,2,3,1,6,0,0,1,0,0,0,0,0,3.54846E+20,5.45706E+21,7.00544E+15,4.92491E+16
111957,10,0,45,115,2018,5,7,6,3,1,7,0,1,0,0,0,1,0,0,3.75472E+20,5.46373E+21,7.28664E+15,4.93136E+16
111958,10,0,43,114,2018,5,8,4,3,5,3,0,0,1,0,1,0,0,0,3.69802E+20,5.46697E+21,7.20761E+15,4.93416E+16
111959,10,0,41,100,2018,3,6,5,3,2,6,1,0,1,0,0,0,0,0,3.52614E+20,5.45436E+21,6.97579E+15,4.92243E+16
111960,10,0,41,100,2018,6,20,5,3,5,2,0,0,1,0,0,0,0,0,3.53678E+20,5.45535E+21,6.99003E+15,4.92334E+16
111961,10,0,41,100,2018,4,5,7,3,9,1,2,0,1,0,0,0,0,0,3.48236E+20,5.45669E+21,6.91482E+15,4.92441E+16
111962,10,0,46,113,2018,3,19,4,1,6,4,2,0,1,1,0,0,0,0,3.6685E+20,5.48558E+21,7.16075E+15,4.95082E+16
111963,10,0,41,100,2018,5,14,3,3,3,6,0,0,1,0,0,0,0,0,3.35275E+20,5.46612E+21,6.733E+15,4.93255E+16
111964,10,0,41,517,2018,4,19,5,3,2,6,0,0,1,0,0,0,0,0,3.50233E+20,5.46523E+21,6.93903E+15,4.93214E+16
111965,10,0,46,112,2018,3,11,4,3,8,1,0,0,1,0,0,0,0,0,3.60542E+20,5.48185E+21,7.07498E+15,4.94733E+16
111966,10,0,43,113,2018,5,15,7,3,3,6,0,1,1,0,0,0,0,0,3.59925E+20,5.46917E+21,7.07094E+15,4.93591E+16
111967,10,0,41,100,2018,5,10,5,2,5,2,0,0,0,0,0,0,1,0,3.51835E+20,5.45721E+21,6.96404E+15,4.92497E+16
111968,10,0,45,117,2018,3,21,4,3,0,7,0,0,1,0,0,0,1,0,3.6762E+20,5.46032E+21,7.17979E+15,4.92812E+16
111969,10,0,45,116,2018,6,17,5,3,1,5,0,0,1,0,0,0,0,0,3.65988E+20,5.44773E+21,7.16157E+15,4.91677E+16
111970,10,0,43,114,2018,4,16,7,3,2,6,0,0,1,0,0,0,0,0,3.68352E+20,5.46999E+21,7.18666E+15,4.93684E+16
111971,10,0,45,114,2018,3,15,4,3,2,6,0,0,1,0,0,0,0,0,3.79002E+20,5.46359E+21,7.33523E+15,4.9313E+16
111972,10,0,44,111,2018,5,17,3,3,9,1,0,0,1,0,0,0,0,0,3.37005E+20,5.4706E+21,6.75495E+15,4.93663E+16
111973,10,0,41,517,2018,4,7,6,3,6,7,0,0,0,1,0,0,1,0,3.50306E+20,5.46385E+21,6.94056E+15,4.9309E+16
111974,10,0,43,111,2018,3,17,4,2,0,7,0,0,0,0,1,0,0,0,3.51995E+20,5.4729E+21,6.96042E+15,4.93908E+16
111975,10,0,41,100,2018,6,23,1,2,2,6,2,0,1,0,0,0,0,0,3.59856E+20,5.45371E+21,7.07541E+15,4.92202E+16
111976,10,0,42,114,2018,4,20,1,3,2,6,2,0,1,0,0,0,0,0,3.18876E+20,5.48457E+21,6.4991E+15,4.94867E+16
111977,10,0,46,111,2018,6,10,1,2,9,1,0,0,0,0,1,0,0,0,3.74643E+20,5.4889E+21,7.26729E+15,4.95398E+16
111978,10,0,45,114,2018,5,14,2,2,5,2,0,0,1,0,1,0,0,0,3.81507E+20,5.46654E+21,7.3688E+15,4.93401E+16
111979,10,0,46,117,2018,5,14,4,2,8,1,0,0,1,0,1,0,0,0,3.62778E+20,5.48479E+21,7.10481E+15,4.95002E+16
111980,10,0,46,115,2018,4,15,7,2,9,1,0,0,0,0,1,0,0,0,3.54851E+20,5.48636E+21,6.99482E+15,4.95125E+16
111981,10,0,43,112,2018,4,7,2,3,6,4,0,0,1,1,0,0,0,0,3.60204E+20,5.47252E+21,7.0736E+15,4.93894E+16
111982,10,0,44,112,2018,3,11,4,3,2,2,0,0,1,0,0,0,0,0,3.49251E+20,5.47585E+21,6.9215E+15,4.94166E+16
111983,10,0,41,511,2018,3,16,2,2,5,3,0,0,1,0,0,0,0,0,3.60969E+20,5.46624E+21,7.08634E+15,4.9333E+16
111984,10,0,43,114,2018,6,22,3,3,4,5,1,0,1,0,0,0,0,0,3.6523E+20,5.46586E+21,7.14508E+15,4.93306E+16
111985,10,0,41,513,2018,5,16,3,3,8,1,0,0,1,0,0,0,0,1,3.47993E+20,5.4676E+21,6.90732E+15,4.93422E+16
111986,10,0,41,512,2018,5,16,1,2,4,1,0,0,1,0,0,0,0,0,3.40451E+20,5.45255E+21,6.80958E+15,4.92049E+16
111987,10,0,46,111,2018,4,15,4,3,4,2,0,0,1,0,0,0,1,0,3.73198E+20,5.48633E+21,7.24816E+15,4.95163E+16
111988,10,0,41,519,2018,4,7,5,3,2,6,0,0,1,0,0,1,0,0,3.48065E+20,5.45669E+21,6.91247E+15,4.92441E+16
111989,10,0,44,111,2018,3,14,4,3,3,6,0,0,1,0,0,0,1,0,3.33587E+20,5.47122E+21,6.70764E+15,4.9371E+16
111990,10,0,41,513,2018,6,17,7,3,5,3,0,0,1,0,0,0,0,0,3.5562E+20,5.46698E+21,7.01248E+15,4.93384E+16
111991,10,0,44,115,2018,5,6,6,2,9,7,0,0,0,0,0,1,0,0,3.36669E+20,5.46264E+21,6.75359E+15,4.92946E+16
111992,10,0,45,116,2018,5,11,3,3,0,7,0,0,0,0,1,0,0,0,3.64216E+20,5.45082E+21,7.13623E+15,4.91951E+16
111993,10,0,44,118,2018,3,14,4,3,2,5,0,0,1,0,1,0,0,0,3.37736E+20,5.46598E+21,6.76689E+15,4.9325E+16
111994,10,0,41,100,2018,6,14,4,3,1,6,0,0,1,0,0,0,0,0,3.56479E+20,5.4544E+21,7.02882E+15,4.92256E+16
111995,10,0,43,114,2018,4,11,6,3,2,6,0,0,1,0,0,0,0,0,3.70055E+20,5.47144E+21,7.20963E+15,4.93818E+16
111996,10,0,44,115,2018,3,12,4,3,1,6,0,0,1,0,0,0,0,0,3.35983E+20,5.4675E+21,6.74216E+15,4.93382E+16
111997,10,0,45,114,2018,6,18,5,3,0,3,0,1,1,0,0,0,0,0,3.82501E+20,5.46879E+21,7.38181E+15,4.93605E+16
111998,10,0,43,112,2018,5,15,2,3,1,2,0,0,1,0,0,0,1,1,3.58892E+20,5.47196E+21,7.05574E+15,4.9384E+16
111999,10,0,43,113,2018,4,7,4,3,2,6,0,0,1,0,0,0,0,0,3.58172E+20,5.46759E+21,7.04738E+15,4.93445E+16
112000,10,0,41,100,2018,3,17,4,3,2,6,0,0,1,0,0,0,0,0,3.53156E+20,5.45559E+21,6.98277E+15,4.92354E+16
112001,10,0,41,512,2018,6,19,7,3,2,6,0,0,1,0,0,0,0,0,3.43654E+20,5.44963E+21,6.85466E+15,4.91795E+16
112002,10,0,42,113,2018,3,16,5,3,2,6,0,0,1,0,0,0,1,0,3.28296E+20,5.47918E+21,6.63139E+15,4.9441E+16
112003,10,0,41,100,2018,6,17,7,3,8,1,0,0,0,0,1,0,0,1,3.54669E+20,5.45447E+21,7.00394E+15,4.92257E+16
112004,10,0,41,100,2018,5,14,1,3,8,1,0,0,1,0,0,0,0,0,3.60711E+20,5.45604E+21,7.08633E+15,4.92413E+16
112005,10,0,45,112,2018,4,9,6,3,0,7,0,0,0,0,1,0,0,0,3.73906E+20,5.45359E+21,7.2683E+15,4.92221E+16
112006,10,0,43,112,2018,4,12,1,3,5,3,0,0,1,0,0,0,0,0,3.56056E+20,5.47077E+21,7.01711E+15,4.93726E+16
112007,10,0,41,100,2018,3,11,4,3,1,5,0,0,1,0,0,0,1,0,3.54261E+20,5.45589E+21,6.99784E+15,4.92384E+16
112008,10,0,42,116,2018,6,15,4,3,5,2,0,0,1,0,0,0,0,0,3.43357E+20,5.483E+21,6.83747E+15,4.94794E+16
112009,10,0,44,114,2018,3,18,7,3,2,6,0,0,1,0,0,0,0,0,3.32062E+20,5.47062E+21,6.68691E+15,4.93651E+16
112010,10,0,44,119,2018,6,14,1,2,4,1,0,0,1,0,0,0,0,0,3.35364E+20,5.45762E+21,6.73771E+15,4.92492E+16
112011,10,0,43,115,2018,3,19,7,2,4,6,0,0,1,0,0,0,0,0,3.7203E+20,5.47668E+21,7.23514E+15,4.94293E+16
112012,10,0,42,115,2018,6,10,1,3,8,1,0,0,1,0,0,0,0,0,3.1288E+20,5.48486E+21,6.41627E+15,4.94875E+16
112013,10,0,46,117,2018,5,13,1,2,5,3,0,1,1,0,0,0,0,0,3.66714E+20,5.48046E+21,7.1606E+15,4.94621E+16
112014,10,0,41,513,2018,5,13,4,3,4,2,0,0,1,0,0,0,0,0,3.54247E+20,5.46579E+21,6.99402E+15,4.93274E+16
112015,10,0,43,112,2018,4,15,7,2,0,7,0,1,0,0,0,0,1,0,3.57506E+20,5.46997E+21,7.03736E+15,4.93658E+16
112016,10,0,41,100,2018,4,7,2,3,2,6,0,0,1,0,0,0,0,0,3.56451E+20,5.45233E+21,7.02917E+15,4.92069E+16
112017,10,0,45,114,2018,3,15,3,3,2,6,0,0,1,0,0,0,0,0,3.77587E+20,5.46063E+21,7.31667E+15,4.92861E+16
112018,10,0,43,116,2018,3,14,7,3,1,5,0,0,1,0,1,0,0,0,3.64268E+20,5.47035E+21,7.13032E+15,4.93707E+16
112019,10,0,45,111,2018,6,6,2,3,5,3,0,0,1,0,0,0,0,0,3.75458E+20,5.46691E+21,7.28545E+15,4.93422E+16
112020,10,0,42,113,2018,5,11,2,3,1,6,0,0,1,0,0,0,0,0,3.27866E+20,5.47932E+21,6.62541E+15,4.94421E+16
112021,10,0,41,519,2018,5,18,7,3,9,1,0,0,1,0,0,0,0,0,3.42367E+20,5.45796E+21,6.83374E+15,4.92541E+16
112022,10,0,44,114,2018,6,7,1,3,9,1,1,0,1,0,0,0,0,0,3.31533E+20,5.47199E+21,6.67905E+15,4.93773E+16
112023,10,0,44,117,2018,4,17,4,3,0,1,0,1,0,0,0,0,0,0,3.43954E+20,5.4781E+21,6.84764E+15,4.94355E+16
112024,10,0,41,100,2018,4,14,4,3,3,6,0,0,1,0,0,1,0,0,3.55018E+20,5.45291E+21,7.0093E+15,4.92118E+16
112025,10,0,45,114,2018,3,14,3,3,5,3,0,0,1,0,0,0,0,0,3.7924E+20,5.46552E+21,7.33793E+15,4.93304E+16
112026,10,0,45,114,2018,6,14,6,2,8,1,0,0,0,0,1,0,0,0,3.81009E+20,5.46512E+21,7.36237E+15,4.93272E+16
112027,10,0,41,100,2018,2,15,4,2,3,6,0,0,1,0,0,1,0,0,3.55393E+20,5.45399E+21,7.01406E+15,4.92216E+16
112028,10,0,41,100,2018,5,14,6,3,0,7,0,0,0,0,0,0,1,0,3.56504E+20,5.45134E+21,7.03026E+15,4.91981E+16
112029,10,0,46,115,2018,4,18,2,3,6,4,0,0,1,1,0,0,0,0,3.5286E+20,5.48819E+21,6.96664E+15,4.95285E+16
112030,10,0,45,112,2018,3,15,2,3,2,6,0,0,1,0,0,0,0,1,3.74054E+20,5.455E+21,7.26988E+15,4.92348E+16
112031,10,0,45,114,2018,6,8,3,3,1,6,0,0,1,0,0,0,0,0,3.77066E+20,5.45848E+21,7.31018E+15,4.92667E+16
112032,10,0,46,115,2018,4,15,5,3,6,4,0,0,1,1,0,0,0,0,3.53492E+20,5.48868E+21,6.9752E+15,4.9533E+16
112033,10,0,42,114,2018,3,8,2,1,5,3,0,0,1,0,0,0,0,1,3.27035E+20,5.48786E+21,6.61022E+15,4.95186E+16
112034,10,0,41,100,2018,6,18,5,3,1,6,0,0,1,0,0,0,0,0,3.52873E+20,5.45647E+21,6.97857E+15,4.92433E+16
112035,10,0,42,113,2018,5,12,5,2,4,1,0,0,1,0,1,0,0,0,3.29536E+20,5.48448E+21,6.6462E+15,4.9489E+16
112036,10,0,44,117,2018,5,10,1,2,4,1,0,0,1,0,0,0,0,1,3.44349E+20,5.47982E+21,6.85241E+15,4.94511E+16
112037,10,0,43,111,2018,4,19,3,2,0,7,0,1,0,0,0,0,0,0,3.56241E+20,5.47602E+21,7.01776E+15,4.94199E+16
112038,10,0,44,117,2018,3,9,2,3,5,3,0,0,1,0,0,0,0,0,3.48055E+20,5.48293E+21,6.90232E+15,4.948E+16
112039,10,0,45,117,2018,6,11,6,3,1,6,0,0,1,0,0,0,0,1,3.62226E+20,5.45993E+21,7.1058E+15,4.92766E+16
112040,10,0,41,519,2018,3,10,5,3,5,3,0,0,1,0,0,0,0,0,3.46328E+20,5.4576E+21,6.88827E+15,4.92518E+16
112041,10,0,41,519,2018,6,7,6,3,9,6,0,0,1,0,0,0,0,0,3.39702E+20,5.45224E+21,6.79943E+15,4.9202E+16
112042,10,0,44,118,2018,5,19,7,3,9,6,0,0,1,0,0,0,0,0,3.41227E+20,5.46634E+21,6.81475E+15,4.93291E+16
112043,10,0,43,114,2018,5,0,3,3,8,1,2,0,1,0,0,0,0,0,3.68196E+20,5.46508E+21,7.18614E+15,4.93242E+16
112044,10,0,43,117,2018,4,2,6,3,2,7,2,0,0,0,0,0,1,0,3.67055E+20,5.46528E+21,7.17038E+15,4.93257E+16
112045,10,0,42,113,2018,3,7,5,3,2,2,0,0,1,0,0,1,0,0,3.28303E+20,5.47919E+21,6.63148E+15,4.94411E+16
112046,10,0,44,114,2018,4,8,7,3,9,7,0,0,1,0,0,0,0,0,3.31926E+20,5.47219E+21,6.68438E+15,4.93792E+16
112047,10,0,44,115,2018,3,16,2,3,3,3,1,0,1,0,0,1,0,1,3.35692E+20,5.46781E+21,6.73803E+15,4.93409E+16
112048,10,0,41,513,2018,6,11,4,3,2,6,0,0,1,0,0,0,0,0,3.49709E+20,5.46659E+21,6.93131E+15,4.93335E+16
112049,10,0,46,113,2018,2,19,3,3,1,6,2,0,1,0,0,0,0,0,3.658E+20,5.48703E+21,7.14576E+15,4.9521E+16
112050,10,0,44,119,2018,5,1,1,3,2,6,2,0,1,0,0,0,0,0,3.30062E+20,5.46227E+21,6.66294E+15,4.92895E+16
112051,10,0,41,100,2018,5,21,6,2,5,2,1,1,1,0,0,0,0,0,3.56782E+20,5.46001E+21,7.03097E+15,4.92761E+16
112052,10,0,41,100,2018,3,7,2,3,2,6,0,0,1,0,0,0,1,1,3.54042E+20,5.45868E+21,6.99381E+15,4.92635E+16
112053,10,0,42,114,2018,6,14,6,3,8,1,0,0,1,0,0,0,0,0,3.32653E+20,5.48463E+21,6.68914E+15,4.94912E+16
112054,10,0,45,112,2018,4,17,1,3,5,3,0,0,1,0,0,0,0,0,3.67424E+20,5.4568E+21,7.17826E+15,4.92496E+16
112055,10,0,41,519,2018,3,13,2,3,3,2,0,0,1,0,0,0,0,1,3.44241E+20,5.45718E+21,6.85977E+15,4.92475E+16
112056,10,0,41,100,2018,5,20,5,3,5,2,0,1,1,0,0,0,0,0,3.57462E+20,5.45287E+21,7.04285E+15,4.9212E+16
112057,10,0,43,112,2018,4,20,7,3,5,3,2,0,1,0,1,0,0,1,3.61284E+20,5.47339E+21,7.08818E+15,4.93974E+16
112058,10,0,41,100,2018,3,17,2,2,6,4,0,0,1,1,0,0,0,1,3.48279E+20,5.45694E+21,6.91531E+15,4.92464E+16