OBJECTID_1,ULAND,UREGBEZ,UKREIS,UGEMEINDE,UJAHR,UMONAT,USTUNDE,UWOCHENTAG,UKATEGORIE,UART,UTYP1,ULICHTVERH,IstRad,IstPKW,IstFuss,IstKrad,IstGkfz,IstSonstig,STRZUSTAND,LINREFX,LINREFY,XGCSWGS84,YGCSWGS84
112059,10,0,42,114,2018,6,15,2,3,2,2,0,0,1,0,0,0,0,0,3.21067E+20,5.48723E+21,6.52812E+15,4.95113E+16
112060,10,0,44,120,2018,6,13,2,2,0,7,0,0,0,0,0,0,1,0,3.39866E+20,5.4595E+21,6.79878E+15,4.92672E+16
112061,10,0,41,100,2018,5,17,2,3,2,1,0,0,1,0,0,0,0,0,3.51928E+20,5.4562E+21,6.96568E+15,4.92407E+16
112062,10,0,45,114,2018,5,10,6,2,1,5,0,1,0,0,0,0,1,0,3.78331E+20,5.46409E+21,7.32584E+15,4.93175E+16
112063,10,0,41,100,2018,3,8,6,3,1,6,0,0,1,0,0,0,0,0,3.55911E+20,5.45244E+21,7.02173E+15,4.92078E+16
112064,10,0,41,100,2018,3,15,2,3,5,3,0,0,1,0,0,0,0,0,3.53119E+20,5.45645E+21,6.98195E+15,4.92432E+16
112065,10,0,41,100,2018,6,22,7,3,0,1,2,0,1,0,0,0,0,1,3.62963E+20,5.45406E+21,7.11794E+15,4.92239E+16
112066,10,0,41,100,2018,4,8,3,3,2,6,0,0,1,0,0,0,0,1,3.52653E+20,5.45567E+21,6.97584E+15,4.92361E+16
112067,10,0,41,100,2018,3,12,2,3,2,3,0,1,1,0,0,0,0,0,3.56264E+20,5.45423E+21,7.02593E+15,4.9224E+16
112068,10,0,43,112,2018,5,16,5,3,1,7,0,0,1,0,0,0,0,0,3.59425E+20,5.47217E+21,7.063E+15,4.93859E+16
112069,10,0,44,114,2018,4,6,1,2,8,7,0,0,1,0,0,0,0,1,3.26767E+20,5.46855E+21,6.61495E+15,4.93451E+16
112070,10,0,45,113,2018,3,12,1,3,9,1,0,0,1,0,0,0,0,1,3.7537E+20,5.44575E+21,7.29083E+15,4.91519E+16
112071,10,0,41,100,2018,6,14,3,3,2,6,0,0,1,0,0,0,0,0,3.55725E+20,5.45467E+21,7.01837E+15,4.92278E+16
112072,10,0,44,115,2018,4,15,4,3,2,6,2,0,1,0,0,0,1,1,3.35661E+20,5.46378E+21,6.73926E+15,4.93047E+16
112073,10,0,44,113,2018,6,13,4,2,2,6,0,0,1,0,0,0,0,0,3.39096E+20,5.47149E+21,6.78337E+15,4.93748E+16
112074,10,0,45,117,2018,5,14,4,3,2,2,0,0,1,0,0,0,0,0,3.66848E+20,5.4602E+21,7.16922E+15,4.92801E+16
112075,10,0,43,112,2018,5,16,7,3,1,6,0,0,1,0,0,0,0,0,3.61663E+20,5.47345E+21,7.09338E+15,4.9398E+16
112076,10,0,41,517,2018,4,6,3,3,5,3,0,1,1,0,0,0,0,0,3.50904E+20,5.46246E+21,6.9493E+15,4.92967E+16
112077,10,0,41,100,2018,4,16,4,2,2,6,0,0,1,0,0,0,0,0,3.58594E+20,5.45597E+21,7.0573E+15,4.92401E+16
112078,10,0,43,114,2018,3,22,1,3,0,7,2,0,1,0,0,0,0,0,3.66048E+20,5.46808E+21,7.15558E+15,4.93507E+16
112079,10,0,41,513,2018,6,1,6,3,8,1,2,0,1,0,0,0,0,1,3.52746E+20,5.46857E+21,6.97236E+15,4.93521E+16
112080,10,0,42,112,2018,3,18,4,3,2,6,0,0,1,0,0,0,0,0,3.36708E+20,5.48639E+21,6.74436E+15,4.95082E+16
112081,10,0,41,100,2018,6,12,5,3,1,6,0,0,1,0,0,0,1,0,3.50661E+20,5.45626E+21,6.94828E+15,4.92409E+16
112082,10,0,43,114,2018,5,8,5,3,9,7,0,0,1,0,0,0,0,0,3.67829E+20,5.47106E+21,7.17911E+15,4.93779E+16
112083,10,0,43,114,2018,5,10,2,3,5,7,0,0,1,0,1,0,0,0,3.66629E+20,5.46537E+21,7.16448E+15,4.93265E+16
112084,10,0,41,513,2018,4,16,6,3,1,6,0,0,1,0,0,0,0,0,3.46328E+20,5.46727E+21,6.88455E+15,4.93388E+16
112085,10,0,44,115,2018,3,11,5,3,8,1,0,0,1,0,0,0,0,2,3.37578E+20,5.46786E+21,6.76395E+15,4.93418E+16
112086,10,0,41,100,2018,4,13,7,3,2,6,0,0,1,0,0,0,0,0,3.53565E+20,5.45613E+21,6.98819E+15,4.92404E+16
112087,10,0,42,113,2018,3,18,7,2,6,4,2,0,1,1,0,0,0,0,3.29075E+20,5.47938E+21,6.64204E+15,4.9443E+16
112088,10,0,44,121,2018,6,19,3,2,4,6,0,0,1,0,0,0,0,0,3.33182E+20,5.4682E+21,6.70334E+15,4.93437E+16
112089,10,0,45,114,2018,5,17,7,2,8,7,0,0,1,0,0,0,0,0,3.7671E+20,5.46676E+21,7.30273E+15,4.93411E+16
112090,10,0,41,517,2018,5,17,5,3,2,1,0,0,1,0,0,0,0,0,3.51306E+20,5.46244E+21,6.95483E+15,4.92966E+16
112091,10,0,43,116,2018,3,17,7,2,8,1,0,0,1,0,0,0,0,1,3.65325E+20,5.46979E+21,7.14505E+15,4.93659E+16
112092,10,0,41,100,2018,6,13,6,3,2,6,0,0,1,0,0,0,0,0,3.52715E+20,5.45643E+21,6.97641E+15,4.92429E+16
112093,10,0,46,117,2018,4,17,7,3,1,6,0,0,1,0,0,0,0,0,3.65126E+20,5.48127E+21,7.13841E+15,4.94691E+16
112094,10,0,43,117,2018,3,16,7,3,7,7,0,0,1,0,0,0,1,0,3.63367E+20,5.46493E+21,7.11977E+15,4.93218E+16
112095,10,0,44,123,2018,5,9,4,3,5,3,0,1,1,0,0,0,0,0,3.38228E+20,5.46403E+21,6.77444E+15,4.93075E+16
112096,10,0,42,111,2018,4,21,6,3,1,5,2,0,1,0,0,0,0,0,3.34022E+20,5.47479E+21,6.71214E+15,4.94032E+16
112097,10,0,44,116,2018,3,14,7,3,2,6,0,0,1,0,0,0,0,0,3.40711E+20,5.46908E+21,6.80657E+15,4.93536E+16
112098,10,0,44,115,2018,6,16,2,3,8,7,0,0,1,0,0,0,0,0,3.37004E+20,5.46375E+21,6.75774E+15,4.93047E+16
112099,10,0,43,117,2018,4,12,2,2,8,7,0,0,1,0,0,0,0,0,3.63294E+20,5.46489E+21,7.11878E+15,4.93214E+16
112100,10,0,41,517,2018,6,17,2,3,2,6,0,0,1,0,0,0,0,0,3.4911E+20,5.46167E+21,6.92493E+15,4.92892E+16
112101,10,0,43,113,2018,5,19,3,3,5,3,0,1,1,0,0,0,0,0,3.59175E+20,5.46937E+21,7.06055E+15,4.93607E+16
112102,10,0,42,114,2018,5,19,5,2,9,1,0,0,1,0,0,0,1,0,3.26455E+20,5.48508E+21,6.60344E+15,4.94935E+16
112103,10,0,45,111,2018,4,18,1,3,5,3,0,0,1,0,1,0,0,0,3.73912E+20,5.46662E+21,7.26427E+15,4.93392E+16
112104,10,0,46,113,2018,4,17,2,3,5,7,0,0,1,0,1,0,0,0,3.67612E+20,5.48791E+21,7.17048E+15,4.95293E+16
112105,10,0,41,518,2018,3,9,7,3,5,3,0,0,1,0,0,0,0,1,3.58015E+20,5.46261E+21,7.04699E+15,4.92997E+16
112106,10,0,45,117,2018,3,21,2,3,1,5,2,0,1,0,0,0,0,0,3.65914E+20,5.45863E+21,7.15691E+15,4.92657E+16
112107,10,0,45,111,2018,6,8,3,3,1,6,0,0,1,0,0,0,0,1,3.76414E+20,5.46696E+21,7.2986E+15,4.93428E+16
112108,10,0,41,513,2018,5,16,3,2,9,1,0,0,1,0,0,0,0,1,3.45945E+20,5.4657E+21,6.87989E+15,4.93246E+16
112109,10,0,44,115,2018,5,5,1,2,2,6,0,0,1,0,0,0,0,0,3.36597E+20,5.46288E+21,6.7525E+15,4.92968E+16
112110,10,0,44,122,2018,4,15,3,3,1,6,0,0,1,0,0,0,0,0,3.39078E+20,5.46127E+21,6.78725E+15,4.9283E+16
112111,10,0,46,117,2018,6,20,3,3,5,5,0,0,1,0,0,0,0,0,3.66855E+20,5.48097E+21,7.16237E+15,4.94668E+16
112112,10,0,44,116,2018,5,8,4,2,0,3,0,1,1,0,0,0,0,0,3.40805E+20,5.46928E+21,6.80778E+15,4.93554E+16
112113,10,0,44,115,2018,5,17,6,3,0,1,0,0,0,0,1,0,0,0,3.37797E+20,5.46595E+21,6.76774E+15,4.93247E+16
112114,10,0,44,113,2018,4,15,2,3,1,6,0,0,1,0,0,0,0,0,3.42536E+20,5.47285E+21,6.83017E+15,4.9388E+16
112115,10,0,44,122,2018,4,15,3,3,9,1,0,0,1,0,0,0,0,0,3.38397E+20,5.46223E+21,6.7775E+15,4.92915E+16
112116,10,0,41,100,2018,3,22,7,2,8,1,2,1,0,0,0,0,0,1,3.54657E+20,5.45622E+21,7.00315E+15,4.92415E+16
112117,10,0,45,114,2018,3,7,3,2,6,4,0,0,1,1,0,0,0,0,3.79998E+20,5.46499E+21,7.3485E+15,4.93259E+16
112118,10,0,44,115,2018,6,10,4,3,8,1,0,0,0,0,1,0,0,0,3.36168E+20,5.46616E+21,6.74525E+15,4.93262E+16
112119,10,0,46,115,2018,5,23,4,3,1,2,2,0,1,0,0,0,0,1,3.54871E+20,5.4884E+21,6.99434E+15,4.95309E+16
112120,10,0,41,100,2018,5,19,2,3,0,7,0,0,0,0,0,0,1,0,3.57144E+20,5.45306E+21,7.03841E+15,4.92137E+16
112121,10,0,45,114,2018,4,7,5,3,2,6,0,0,1,0,0,0,0,0,3.79008E+20,5.4636E+21,7.3353E+15,4.93131E+16
112122,10,0,43,114,2018,4,10,6,3,2,6,0,0,1,0,0,0,1,1,3.68351E+20,5.46998E+21,7.18665E+15,4.93683E+16
112123,10,0,41,100,2018,3,16,7,3,2,1,1,0,1,0,0,0,0,1,3.53746E+20,5.45609E+21,6.99069E+15,4.92401E+16
112124,10,0,45,112,2018,6,15,2,3,4,6,0,0,1,0,0,0,0,0,3.72445E+20,5.45467E+21,7.24789E+15,4.92315E+16
112125,10,0,45,114,2018,5,15,6,3,2,6,0,0,1,0,0,0,0,0,3.78681E+20,5.46843E+21,7.32935E+15,4.93565E+16
112126,10,0,46,118,2018,5,14,4,3,2,6,0,0,1,0,0,0,0,0,3.57568E+20,5.48453E+21,7.03299E+15,4.94967E+16
112127,10,0,45,112,2018,3,7,6,3,6,4,1,0,1,1,0,0,0,0,3.69074E+20,5.45329E+21,7.20207E+15,4.92184E+16
112128,10,0,44,114,2018,6,9,5,3,8,1,0,0,1,0,0,0,0,1,3.32671E+20,5.47083E+21,6.69521E+15,4.93672E+16
112129,10,0,44,122,2018,4,15,7,3,1,6,0,0,1,0,0,0,0,0,3.38981E+20,5.46149E+21,6.78581E+15,4.9285E+16
112130,10,0,43,116,2018,3,14,6,3,2,2,0,0,1,0,0,0,0,1,3.63938E+20,5.47066E+21,7.12566E+15,4.93735E+16
112131,10,0,44,121,2018,5,9,3,3,0,7,0,1,0,0,0,0,0,0,3.32121E+20,5.46674E+21,6.68936E+15,4.93303E+16
112132,10,0,41,100,2018,4,16,6,3,6,4,0,1,0,1,0,0,0,0,3.55396E+20,5.45481E+21,7.01381E+15,4.92289E+16
112133,10,0,43,112,2018,3,7,6,2,5,2,0,0,1,0,0,0,0,0,3.5888E+20,5.47196E+21,7.05557E+15,4.93839E+16
112134,10,0,42,113,2018,6,6,1,3,5,3,0,1,1,0,0,0,0,0,3.20178E+20,5.48069E+21,6.51882E+15,4.94523E+16
112135,10,0,41,100,2018,4,16,1,3,5,3,0,0,1,0,0,0,0,1,3.53755E+20,5.45535E+21,6.99109E+15,4.92335E+16
112136,10,0,45,114,2018,6,12,1,3,2,2,0,0,1,1,0,0,0,0,3.79183E+20,5.46507E+21,7.33727E+15,4.93264E+16
112137,10,0,43,115,2018,5,19,2,3,4,6,0,0,1,0,1,0,0,0,3.67171E+20,5.47332E+21,7.16929E+15,4.93981E+16
112138,10,0,45,114,2018,5,22,4,3,5,2,2,0,1,0,0,0,0,0,3.7899E+20,5.46356E+21,7.33508E+15,4.93127E+16
112139,10,0,45,114,2018,4,20,7,2,5,3,2,0,1,0,1,0,0,0,3.78932E+20,5.46479E+21,7.33391E+15,4.93238E+16
112140,10,0,44,119,2018,4,18,2,2,1,6,0,0,0,0,1,0,1,0,3.33883E+20,5.45776E+21,6.71732E+15,4.92501E+16
112141,10,0,44,114,2018,3,17,6,3,2,6,0,0,1,0,0,0,0,0,3.30161E+20,5.47426E+21,6.6592E+15,4.93973E+16
112142,10,0,44,121,2018,3,17,5,2,5,3,0,0,1,0,0,0,0,1,3.33999E+20,5.46763E+21,6.71482E+15,4.93388E+16
112143,10,0,42,112,2018,3,13,1,3,2,2,0,0,1,0,0,0,0,0,3.4048E+20,5.48545E+21,6.7968E+15,4.95007E+16
112144,10,0,42,115,2018,3,17,6,3,5,3,0,0,1,0,0,0,0,0,3.15645E+20,5.48785E+21,6.45301E+15,4.95152E+16
112145,10,0,41,100,2018,6,17,3,3,2,6,0,0,1,0,0,0,0,0,3.57661E+20,5.45432E+21,7.04507E+15,4.92251E+16
112146,10,0,45,112,2018,5,16,2,3,4,1,0,0,1,0,0,0,0,0,3.74156E+20,5.45305E+21,7.2719E+15,4.92173E+16
112147,10,0,42,113,2018,5,17,7,3,9,6,0,0,1,0,0,0,0,0,3.27847E+20,5.47893E+21,6.62531E+15,4.94386E+16
112148,10,0,45,114,2018,6,18,1,3,0,7,0,1,0,0,0,0,0,1,3.78507E+20,5.47047E+21,7.32633E+15,4.93748E+16
112149,10,0,45,114,2018,4,16,4,3,5,3,0,1,1,0,0,0,0,0,3.80649E+20,5.46667E+21,7.35696E+15,4.93411E+16
112150,10,0,43,112,2018,4,19,4,2,5,3,0,0,1,0,1,0,0,0,3.55766E+20,5.46927E+21,7.01367E+15,4.93591E+16
112151,10,0,41,513,2018,3,16,6,3,5,2,0,0,1,0,0,0,0,1,3.5513E+20,5.46662E+21,7.00587E+15,4.93351E+16
112152,10,0,41,100,2018,6,11,7,3,5,2,0,0,1,0,1,0,0,0,3.56974E+20,5.45441E+21,7.03561E+15,4.92257E+16
112153,10,0,41,513,2018,5,6,6,2,3,6,0,0,1,0,0,0,0,0,3.52666E+20,5.46459E+21,6.97273E+15,4.93163E+16
112154,10,0,44,122,2018,5,17,3,3,2,2,0,0,1,0,0,0,0,0,3.39389E+20,5.46069E+21,6.79175E+15,4.92778E+16
112155,10,0,41,100,2018,3,6,6,3,2,6,1,0,1,0,0,0,0,1,3.56264E+20,5.45146E+21,7.02691E+15,4.9199E+16
112156,10,0,46,117,2018,6,13,3,3,0,6,0,0,1,0,1,0,0,0,3.67845E+20,5.48167E+21,7.1758E+15,4.94733E+16
112157,10,0,41,513,2018,4,17,6,3,0,7,0,0,0,0,1,0,0,0,3.51468E+20,5.46712E+21,6.95532E+15,4.93387E+16
112158,10,0,41,100,2018,3,10,6,3,3,6,0,0,1,0,0,0,1,1,3.53801E+20,5.45537E+21,6.9917E+15,4.92337E+16
112159,10,0,41,511,2018,4,17,5,3,6,4,0,0,1,1,0,0,0,0,3.61735E+20,5.46504E+21,7.09728E+15,4.93225E+16
112160,10,0,44,113,2018,4,15,5,3,2,6,0,0,1,0,0,0,0,0,3.40036E+20,5.47214E+21,6.79605E+15,4.93809E+16
112161,10,0,46,118,2018,3,19,5,3,2,6,2,0,1,0,0,0,0,1,3.54112E+20,5.48051E+21,6.98677E+15,4.94597E+16
112162,10,0,41,518,2018,6,1,1,3,9,1,2,0,1,0,0,0,0,0,3.60202E+20,5.46129E+21,7.07752E+15,4.92884E+16
112163,10,0,42,114,2018,5,8,6,3,5,3,0,0,1,0,0,1,0,0,3.20773E+20,5.48676E+21,6.52428E+15,4.95069E+16
112164,10,0,41,518,2018,5,13,4,3,6,4,0,0,1,1,0,0,0,0,3.58761E+20,5.46289E+21,7.05714E+15,4.93024E+16
112165,10,0,45,114,2018,3,15,5,3,2,6,0,0,1,0,0,0,0,0,3.77471E+20,5.4599E+21,7.31531E+15,4.92796E+16
112166,10,0,42,112,2018,6,16,4,3,8,1,0,0,1,0,0,0,0,0,3.32799E+20,5.48723E+21,6.69004E+15,4.95147E+16
112167,10,0,41,100,2018,4,14,7,3,5,3,0,0,1,0,1,0,0,0,3.53901E+20,5.45595E+21,6.99287E+15,4.92389E+16
112168,10,0,42,113,2018,3,10,5,3,2,6,0,0,1,0,0,0,0,1,3.32595E+20,5.48273E+21,6.68913E+15,4.94741E+16
112169,10,0,44,116,2018,6,5,6,3,0,3,0,1,1,0,0,0,0,0,3.40678E+20,5.46895E+21,6.80617E+15,4.93524E+16
112170,10,0,46,117,2018,5,7,2,3,4,1,0,0,1,0,0,0,0,1,3.72141E+20,5.47751E+21,7.23641E+15,4.94368E+16
112171,10,0,46,111,2018,4,12,4,3,5,3,0,1,1,0,0,0,0,0,3.73876E+20,5.48723E+21,7.25722E+15,4.95245E+16
112172,10,0,43,116,2018,3,16,5,2,8,1,0,0,1,0,0,0,0,0,3.64047E+20,5.47233E+21,7.1266E+15,4.93885E+16
112173,10,0,44,115,2018,6,15,1,3,2,2,0,0,1,0,1,0,0,0,3.35533E+20,5.46366E+21,6.73755E+15,4.93035E+16
112174,10,0,41,100,2018,3,15,7,3,2,6,0,0,1,0,0,0,0,0,3.51558E+20,5.45485E+21,6.9611E+15,4.92284E+16
112175,10,0,45,111,2018,6,1,7,3,1,5,2,0,1,0,0,0,0,0,3.74239E+20,5.46962E+21,7.26783E+15,4.93663E+16
112176,10,0,45,115,2018,5,21,1,3,0,7,0,0,1,0,0,0,0,0,3.74881E+20,5.46548E+21,7.27796E+15,4.93292E+16
112177,10,0,41,519,2018,5,14,4,3,2,6,0,0,1,0,0,0,0,0,3.40551E+20,5.45483E+21,6.81005E+15,4.92255E+16
112178,10,0,41,516,2018,4,4,7,3,8,1,2,0,1,0,0,0,0,0,3.55126E+20,5.46402E+21,7.00676E+15,4.93117E+16
112179,10,0,46,117,2018,4,5,1,2,8,1,2,0,1,0,0,0,0,1,3.62231E+20,5.4822E+21,7.09815E+15,4.94768E+16
112180,10,0,43,115,2018,3,11,5,3,8,1,0,0,1,0,0,0,0,0,3.73415E+20,5.47443E+21,7.25495E+15,4.94094E+16
112181,10,0,46,114,2018,6,19,5,2,8,1,0,0,0,0,1,0,0,0,3.65881E+20,5.49559E+21,7.14397E+15,4.9598E+16
112182,10,0,44,115,2018,3,14,5,3,9,1,0,0,1,0,0,0,0,1,3.34815E+20,5.46699E+21,6.72631E+15,4.93333E+16
112183,10,0,43,111,2018,3,8,7,3,5,3,0,0,1,0,0,0,0,1,3.49272E+20,5.47544E+21,6.92195E+15,4.9413E+16
112184,10,0,42,116,2018,6,5,2,2,4,1,1,0,1,0,1,0,0,1,3.47784E+20,5.48887E+21,6.89629E+15,4.95333E+16
112185,10,0,44,119,2018,5,13,2,3,5,3,0,0,1,0,1,0,0,0,3.33611E+20,5.45686E+21,6.71396E+15,4.92419E+16
112186,10,0,45,117,2018,5,11,6,3,1,5,0,0,1,0,0,0,0,0,3.66492E+20,5.46059E+21,7.1642E+15,4.92835E+16
112187,10,0,44,112,2018,6,18,7,2,5,3,0,0,1,0,0,0,0,1,3.4857E+20,5.4747E+21,6.91256E+15,4.94062E+16
112188,10,0,41,100,2018,4,7,4,3,6,4,1,1,0,1,0,0,0,0,3.51784E+20,5.45733E+21,6.96329E+15,4.92508E+16
112189,10,0,44,118,2018,3,18,5,3,5,3,2,0,1,0,0,0,0,1,3.41616E+20,5.4637E+21,6.82115E+15,4.93055E+16
112190,10,0,43,114,2018,6,17,6,3,2,2,0,0,1,0,0,0,1,0,3.6741E+20,5.46739E+21,7.17455E+15,4.93448E+16
112191,10,0,46,117,2018,2,6,3,2,2,7,2,0,1,0,0,0,0,0,3.62218E+20,5.4822E+21,7.09797E+15,4.94768E+16
112192,10,0,46,118,2018,5,17,5,3,6,4,0,0,1,1,0,0,0,0,3.57871E+20,5.48311E+21,7.03767E+15,4.9484E+16
112193,10,0,41,519,2018,4,13,2,3,8,6,0,0,1,0,0,0,0,0,3.42726E+20,5.45662E+21,6.8392E+15,4.92421E+16
112194,10,0,44,115,2018,3,22,5,3,5,3,2,1,1,0,0,0,0,1,3.3834E+20,5.46882E+21,6.77404E+15,4.93507E+16
112195,10,0,44,112,2018,6,17,3,3,2,6,0,0,1,0,0,0,0,0,3.51643E+20,5.47794E+21,6.95368E+15,4.94361E+16
112196,10,0,45,114,2018,4,6,4,3,5,3,1,0,1,0,1,0,0,1,3.7876E+20,5.46801E+21,7.33056E+15,4.93527E+16
112197,10,0,41,100,2018,6,17,5,3,0,1,0,1,0,0,0,0,0,0,3.54197E+20,5.4555E+21,6.9971E+15,4.92349E+16
112198,10,0,41,519,2018,5,23,5,3,8,1,2,0,1,0,0,0,0,1,3.42326E+20,5.45579E+21,6.83402E+15,4.92345E+16
112199,10,0,41,100,2018,5,11,1,3,3,6,0,0,1,0,0,0,0,0,3.53527E+20,5.45614E+21,6.98767E+15,4.92405E+16
112200,10,0,44,112,2018,4,11,3,3,5,3,0,0,1,0,0,0,0,0,3.47164E+20,5.47717E+21,6.89225E+15,4.9428E+16
112201,10,0,41,100,2018,3,15,5,3,0,5,0,0,1,0,0,0,0,0,3.51627E+20,5.45626E+21,6.96153E+15,4.92411E+16
112202,10,0,43,115,2018,6,0,6,3,9,1,2,0,1,0,0,0,0,1,3.67274E+20,5.47312E+21,7.17077E+15,4.93963E+16
112203,10,0,41,100,2018,3,13,4,2,9,7,0,0,1,0,0,0,0,0,3.59595E+20,5.45348E+21,7.07192E+15,4.9218E+16
112204,10,0,41,100,2018,3,3,5,3,7,7,2,0,1,0,0,0,0,0,3.57607E+20,5.452E+21,7.04515E+15,4.92042E+16
112205,10,0,45,114,2018,6,17,5,3,5,2,0,0,1,0,0,0,0,0,3.78345E+20,5.46423E+21,7.326E+15,4.93187E+16
112206,10,0,45,117,2018,5,10,6,3,2,3,0,0,1,0,0,0,0,0,3.62121E+20,5.45813E+21,7.10498E+15,4.92604E+16
112207,10,0,41,100,2018,5,10,3,3,5,3,0,0,1,0,0,0,0,0,3.56585E+20,5.46191E+21,7.02759E+15,4.92931E+16
112208,10,0,41,519,2018,6,14,5,3,6,4,0,0,1,1,0,0,0,0,3.42665E+20,5.45653E+21,6.83839E+15,4.92413E+16
112209,10,0,41,519,2018,6,9,6,3,2,6,0,0,1,0,0,0,0,0,3.45031E+20,5.45871E+21,6.87003E+15,4.92615E+16
112210,10,0,44,115,2018,5,17,2,3,2,6,0,0,1,0,0,0,0,1,3.36082E+20,5.46418E+21,6.74488E+15,4.93083E+16
112211,10,0,46,115,2018,4,15,3,3,3,3,0,0,1,0,0,1,0,0,3.54898E+20,5.48645E+21,6.99543E+15,4.95133E+16
112212,10,0,45,117,2018,3,20,4,3,6,2,2,0,1,1,0,0,0,0,3.62917E+20,5.46049E+21,7.1151E+15,4.92818E+16
112213,10,0,41,100,2018,6,11,7,3,2,6,0,0,1,0,0,0,0,0,3.63724E+20,5.45871E+21,7.1268E+15,4.9266E+16
112214,10,0,43,112,2018,3,18,5,3,4,6,0,0,1,0,0,0,0,0,3.61642E+20,5.47343E+21,7.0931E+15,4.93978E+16
112215,10,0,42,112,2018,6,6,6,3,5,3,0,1,1,0,0,0,0,0,3.33811E+20,5.48328E+21,6.70569E+15,4.94794E+16
112216,10,0,43,117,2018,5,20,7,3,5,3,0,0,1,0,0,0,0,0,3.65288E+20,5.4645E+21,7.14633E+15,4.93184E+16
112217,10,0,41,514,2018,5,5,4,1,4,6,1,0,1,0,0,0,0,0,3.58228E+20,5.44294E+21,7.05686E+15,4.91229E+16
112218,10,0,42,113,2018,4,17,6,3,2,6,0,0,1,0,0,0,0,0,3.27638E+20,5.47932E+21,6.62226E+15,4.94421E+16
112219,10,0,41,513,2018,4,12,1,3,1,2,0,0,1,0,0,0,0,0,3.49578E+20,5.467E+21,6.92936E+15,4.93372E+16
112220,10,0,45,114,2018,3,15,4,3,3,6,0,0,1,0,0,0,0,1,3.79057E+20,5.46406E+21,7.33585E+15,4.93173E+16
112221,10,0,44,115,2018,6,22,4,3,2,6,2,0,1,0,0,0,0,0,3.36539E+20,5.46301E+21,6.75164E+15,4.9298E+16
112222,10,0,43,116,2018,3,21,4,3,1,2,2,0,1,0,0,0,0,0,3.6366E+20,5.46853E+21,7.12257E+15,4.93542E+16
112223,10,0,45,116,2018,3,5,7,3,0,1,2,0,0,0,1,0,0,0,3.65072E+20,5.45299E+21,7.14725E+15,4.92148E+16
112224,10,0,41,519,2018,6,18,2,3,1,6,0,0,1,0,0,0,0,1,3.41387E+20,5.45756E+21,6.82044E+15,4.92502E+16
112225,10,0,45,117,2018,5,15,1,2,2,6,0,0,1,0,0,0,0,1,3.66272E+20,5.45938E+21,7.16158E+15,4.92725E+16
112226,10,0,42,111,2018,5,11,6,3,5,2,0,0,1,0,1,0,0,0,3.35586E+20,5.47776E+21,6.73246E+15,4.94303E+16
112227,10,0,44,113,2018,3,18,4,3,9,1,2,0,1,0,0,0,0,0,3.38582E+20,5.46831E+21,6.77758E+15,4.93461E+16
112228,10,0,41,100,2018,6,13,6,2,6,4,0,0,1,1,0,0,0,0,3.54433E+20,5.45534E+21,7.00039E+15,4.92335E+16
112229,10,0,45,111,2018,4,15,2,3,0,1,0,1,0,0,0,0,0,0,3.74E+20,5.46896E+21,7.26474E+15,4.93603E+16
112230,10,0,44,115,2018,3,18,4,3,2,6,1,0,1,0,0,0,0,1,3.35805E+20,5.46392E+21,6.74119E+15,4.93059E+16
112231,10,0,43,117,2018,5,5,5,3,9,1,1,0,1,0,0,0,0,1,3.64933E+20,5.46482E+21,7.14134E+15,4.93212E+16
112232,10,0,46,117,2018,4,12,7,3,1,6,0,0,1,0,0,0,0,0,3.64817E+20,5.4813E+21,7.13414E+15,4.94693E+16
112233,10,0,41,513,2018,3,7,4,3,6,4,0,0,1,1,0,0,0,1,3.5438E+20,5.46594E+21,6.99581E+15,4.93288E+16
112234,10,0,45,114,2018,6,12,2,3,5,3,0,0,1,0,0,1,0,0,3.78757E+20,5.46462E+21,7.33155E+15,4.93222E+16
112235,10,0,42,116,2018,4,22,3,3,1,5,2,0,1,1,0,0,0,1,3.49075E+20,5.48794E+21,6.91447E+15,4.95253E+16
112236,10,0,41,100,2018,6,9,4,3,2,6,0,0,1,0,0,0,0,0,3.52132E+20,5.45681E+21,6.96826E+15,4.92462E+16
112237,10,0,42,115,2018,5,19,4,3,7,7,0,0,0,0,1,0,0,0,3.14827E+20,5.48537E+21,6.44288E+15,4.94927E+16
112238,10,0,45,116,2018,5,8,6,3,2,2,0,0,1,0,0,0,0,0,3.62403E+20,5.44584E+21,7.11307E+15,4.915E+16
112239,10,0,45,113,2018,4,18,2,3,5,3,0,0,1,0,0,0,0,0,3.71618E+20,5.44837E+21,7.23856E+15,4.91747E+16
112240,10,0,41,100,2018,4,10,4,3,5,3,0,1,1,0,0,0,0,0,3.55763E+20,5.45465E+21,7.0189E+15,4.92276E+16
112241,10,0,41,519,2018,3,3,4,3,8,1,2,0,0,0,0,0,1,2,3.47638E+20,5.45687E+21,6.90653E+15,4.92456E+16