OBJECTID_1,ULAND,UREGBEZ,UKREIS,UGEMEINDE,UJAHR,UMONAT,USTUNDE,UWOCHENTAG,UKATEGORIE,UART,UTYP1,ULICHTVERH,IstRad,IstPKW,IstFuss,IstKrad,IstGkfz,IstSonstig,STRZUSTAND,LINREFX,LINREFY,XGCSWGS84,YGCSWGS84
112242,10,0,41,516,2018,6,6,6,3,8,1,1,0,1,0,0,0,0,1,3.55651E+20,5.46193E+21,7.01473E+15,4.92931E+16
112243,10,0,43,111,2018,3,8,4,3,5,3,0,0,1,0,0,0,0,0,3.5066E+20,5.47533E+21,6.94113E+15,4.94123E+16
112244,10,0,44,123,2018,3,16,4,3,5,2,0,0,1,0,0,0,0,1,3.38943E+20,5.46368E+21,6.78442E+15,4.93046E+16
112245,10,0,42,113,2018,6,14,4,3,5,3,0,0,1,0,0,0,0,0,3.29834E+20,5.47967E+21,6.65238E+15,4.94459E+16
112246,10,0,41,519,2018,5,5,5,2,5,2,0,0,1,0,1,0,0,0,3.42682E+20,5.45683E+21,6.8385E+15,4.9244E+16
112247,10,0,44,122,2018,5,11,2,3,2,6,0,0,1,0,0,0,0,0,3.39383E+20,5.4607E+21,6.79166E+15,4.92779E+16
112248,10,0,41,513,2018,4,7,6,3,9,1,0,0,1,0,0,0,0,0,3.5574E+20,5.46882E+21,7.01347E+15,4.9355E+16
112249,10,0,45,115,2018,4,9,6,3,3,6,0,0,1,0,0,0,0,1,3.69191E+20,5.46134E+21,7.20105E+15,4.92908E+16
112250,10,0,41,100,2018,3,17,4,3,6,4,0,0,1,1,0,0,0,1,3.52472E+20,5.45641E+21,6.97308E+15,4.92427E+16
112251,10,0,41,100,2018,6,17,3,3,2,6,0,0,1,0,0,0,0,0,3.49614E+20,5.46094E+21,6.93214E+15,4.92827E+16
112252,10,0,43,116,2018,3,8,4,3,1,6,0,0,1,0,0,1,0,0,3.64878E+20,5.46984E+21,7.13888E+15,4.93663E+16
112253,10,0,42,114,2018,5,15,7,2,9,7,0,0,1,0,0,0,0,0,3.19856E+20,5.4866E+21,6.5117E+15,4.95052E+16
112254,10,0,41,514,2018,5,10,5,3,2,6,0,0,1,0,0,0,0,0,3.57202E+20,5.44595E+21,7.04174E+15,4.91498E+16
112255,10,0,41,100,2018,3,15,4,3,2,6,0,0,1,0,0,0,0,0,3.51788E+20,5.45622E+21,6.96376E+15,4.92408E+16
112256,10,0,45,117,2018,6,16,5,2,2,6,0,0,1,0,0,0,1,0,3.66212E+20,5.45836E+21,7.16109E+15,4.92633E+16
112257,10,0,42,115,2018,4,14,7,2,2,6,0,0,1,0,1,0,0,0,3.17869E+20,5.48677E+21,6.4842E+15,4.95062E+16
112258,10,0,41,100,2018,3,7,4,3,1,6,0,0,1,0,0,0,0,1,3.51807E+20,5.45622E+21,6.96402E+15,4.92408E+16
112259,10,0,44,114,2018,4,15,6,3,4,7,0,0,1,0,0,0,0,0,3.27303E+20,5.4697E+21,6.62183E+15,4.93555E+16
112260,10,0,41,513,2018,4,15,7,3,8,6,0,0,1,0,0,0,0,0,3.48506E+20,5.46807E+21,6.9142E+15,4.93465E+16
112261,10,0,45,117,2018,3,9,3,3,5,3,0,0,1,0,0,0,0,0,3.62691E+20,5.46036E+21,7.11204E+15,4.92806E+16
112262,10,0,42,112,2018,6,10,3,3,7,6,0,0,1,0,0,0,0,0,3.35471E+20,5.48739E+21,6.72687E+15,4.95168E+16
112263,10,0,41,100,2018,5,15,1,3,3,6,0,0,1,0,0,0,0,0,3.52478E+20,5.45641E+21,6.97316E+15,4.92427E+16
112264,10,0,41,100,2018,5,12,6,3,2,6,0,0,1,0,0,0,0,0,3.56208E+20,5.45439E+21,7.0251E+15,4.92254E+16
112265,10,0,42,113,2018,3,13,3,3,5,3,0,1,1,0,0,0,0,0,3.27836E+20,5.48143E+21,6.62407E+15,4.94611E+16
112266,10,0,44,112,2018,6,12,6,3,5,3,0,0,1,0,0,0,0,0,3.48629E+20,5.47458E+21,6.91342E+15,4.94051E+16
112267,10,0,43,111,2018,4,8,1,2,8,1,0,0,1,0,0,0,0,0,3.55342E+20,5.47535E+21,7.00561E+15,4.94136E+16
112268,10,0,43,115,2018,3,0,3,3,8,7,2,0,1,0,0,0,0,0,3.65573E+20,5.47787E+21,7.14574E+15,4.94386E+16
112269,10,0,42,113,2018,5,7,4,3,1,6,0,0,1,0,0,0,0,0,3.2932E+20,5.47951E+21,6.64535E+15,4.94443E+16
112270,10,0,41,516,2018,4,15,7,2,5,3,0,0,1,0,1,0,0,0,3.57254E+20,5.46268E+21,7.0365E+15,4.93001E+16
112271,10,0,44,117,2018,3,16,3,3,2,6,0,0,1,0,0,0,0,0,3.44376E+20,5.47941E+21,6.85295E+15,4.94474E+16
112272,10,0,42,111,2018,6,5,2,2,5,3,0,0,1,0,0,0,1,0,3.36262E+20,5.48004E+21,6.74083E+15,4.94509E+16
112273,10,0,41,100,2018,4,9,3,3,3,2,0,0,1,0,0,0,0,0,3.54893E+20,5.45491E+21,7.00686E+15,4.92298E+16
112274,10,0,45,114,2018,6,14,2,3,5,3,0,0,1,0,0,0,0,0,3.78948E+20,5.4643E+21,7.33427E+15,4.93195E+16
112275,10,0,41,518,2018,5,10,4,3,6,2,0,0,1,1,0,0,0,0,3.58961E+20,5.46249E+21,7.06004E+15,4.92988E+16
112276,10,0,41,100,2018,5,16,6,2,9,1,0,0,0,0,1,0,0,0,3.59242E+20,5.44953E+21,7.06845E+15,4.91824E+16
112277,10,0,41,513,2018,4,18,2,3,2,6,0,0,1,0,0,0,1,0,3.49903E+20,5.46916E+21,6.93302E+15,4.93567E+16
112278,10,0,41,518,2018,4,11,3,2,4,2,0,0,1,0,0,0,0,0,3.57808E+20,5.46143E+21,7.04456E+15,4.9289E+16
112279,10,0,41,517,2018,3,8,3,3,2,6,0,0,1,0,0,0,0,0,3.50151E+20,5.46251E+21,6.93893E+15,4.9297E+16
112280,10,0,44,121,2018,3,15,4,2,0,1,0,0,0,0,1,0,0,0,3.28836E+20,5.46695E+21,6.64409E+15,4.93312E+16
112281,10,0,41,518,2018,3,18,3,3,0,5,0,0,1,0,0,0,1,1,3.60472E+20,5.46365E+21,7.08041E+15,4.93096E+16
112282,10,0,41,517,2018,6,8,4,3,4,1,0,0,1,0,0,0,0,0,3.4861E+20,5.46513E+21,6.91675E+15,4.93201E+16
112283,10,0,46,117,2018,5,12,3,3,4,6,0,0,1,0,0,1,0,0,3.72872E+20,5.48015E+21,7.24563E+15,4.94607E+16
112284,10,0,44,116,2018,5,19,1,3,8,1,0,0,1,0,0,0,0,0,3.45503E+20,5.46973E+21,6.87225E+15,4.93607E+16
112285,10,0,43,114,2018,4,7,5,3,2,6,0,0,1,0,0,0,0,0,3.65864E+20,5.46504E+21,7.15407E+15,4.93234E+16
112286,10,0,44,123,2018,4,11,6,3,2,6,0,0,1,0,0,0,0,0,3.38766E+20,5.46196E+21,6.78268E+15,4.92891E+16
112287,10,0,41,519,2018,3,11,3,3,1,2,0,0,1,0,0,0,0,0,3.42681E+20,5.45683E+21,6.8385E+15,4.9244E+16
112288,10,0,42,114,2018,6,12,2,3,5,2,0,0,1,0,0,0,0,0,3.25447E+20,5.48501E+21,6.58955E+15,4.94926E+16
112289,10,0,45,111,2018,5,13,6,3,2,6,0,0,1,0,1,0,0,0,3.7933E+20,5.4689E+21,7.33813E+15,4.93608E+16
112290,10,0,42,113,2018,5,16,4,3,2,6,0,0,1,0,0,0,0,0,3.27659E+20,5.47979E+21,6.62234E+15,4.94463E+16
112291,10,0,41,100,2018,3,15,3,3,1,6,0,0,1,0,0,0,0,0,3.50459E+20,5.45629E+21,6.94549E+15,4.92411E+16
112292,10,0,41,516,2018,6,14,5,3,1,5,0,0,1,0,0,0,0,0,3.56119E+20,5.46725E+21,7.01925E+15,4.9341E+16
112293,10,0,41,519,2018,4,7,7,3,0,1,0,0,0,0,1,0,0,0,3.44281E+20,5.45737E+21,6.86025E+15,4.92493E+16
112294,10,0,46,117,2018,3,13,2,3,1,6,0,0,1,0,0,0,0,0,3.65623E+20,5.48122E+21,7.14529E+15,4.94688E+16
112295,10,0,41,100,2018,5,14,3,3,2,6,0,0,1,0,0,0,0,0,3.5126E+20,5.45631E+21,6.95647E+15,4.92414E+16
112296,10,0,44,114,2018,4,8,5,3,1,6,0,0,1,0,0,0,0,0,3.31294E+20,5.47059E+21,6.67635E+15,4.93647E+16
112297,10,0,45,114,2018,3,15,2,1,6,7,0,0,0,1,0,0,1,0,3.81558E+20,5.46206E+21,7.37083E+15,4.92998E+16
112298,10,0,44,114,2018,6,12,1,3,0,1,0,1,0,0,0,0,0,0,3.2872E+20,5.46968E+21,6.64133E+15,4.93557E+16
112299,10,0,42,114,2018,3,11,7,3,6,4,0,0,1,1,0,0,0,0,3.21818E+20,5.48985E+21,6.5373E+15,4.9535E+16
112300,10,0,42,117,2018,6,12,1,2,8,1,0,1,0,0,0,0,0,0,3.41468E+20,5.49042E+21,6.80844E+15,4.95456E+16
112301,10,0,44,115,2018,5,9,2,3,5,3,0,0,1,0,0,0,0,0,3.38587E+20,5.46572E+21,6.7787E+15,4.93228E+16
112302,10,0,44,122,2018,5,14,4,3,5,3,0,0,1,0,0,0,0,0,3.39724E+20,5.46137E+21,6.79608E+15,4.9284E+16
112303,10,0,43,111,2018,4,19,7,3,5,3,0,0,1,0,1,0,0,0,3.53721E+20,5.47078E+21,6.98496E+15,4.93722E+16
112304,10,0,41,517,2018,4,9,2,3,2,6,0,0,1,0,0,0,0,0,3.50334E+20,5.46399E+21,6.94089E+15,4.93103E+16
112305,10,0,42,112,2018,3,22,2,3,0,1,2,0,1,0,0,0,0,0,3.40888E+20,5.48202E+21,6.80381E+15,4.947E+16
112306,10,0,44,115,2018,5,7,4,3,9,1,0,0,1,0,0,0,0,1,3.35918E+20,5.46366E+21,6.74285E+15,4.93036E+16
112307,10,0,44,118,2018,4,10,6,3,1,6,0,0,1,0,0,0,1,0,3.4039E+20,5.46284E+21,6.80463E+15,4.92975E+16
112308,10,0,42,113,2018,3,16,2,3,1,3,0,1,1,0,0,0,0,0,3.28697E+20,5.47928E+21,6.63687E+15,4.94421E+16
112309,10,0,46,113,2018,6,9,1,3,4,2,0,0,1,0,1,0,0,0,3.65077E+20,5.48722E+21,7.1357E+15,4.95226E+16
112310,10,0,41,100,2018,4,1,2,2,4,1,2,0,1,0,0,0,0,0,3.5653E+20,5.4511E+21,7.03069E+15,4.91959E+16
112311,10,0,41,100,2018,6,14,2,3,2,6,0,0,1,0,0,0,0,0,3.57372E+20,5.45436E+21,7.04108E+15,4.92254E+16
112312,10,0,43,115,2018,5,23,2,3,8,1,2,0,1,0,0,0,0,0,3.66926E+20,5.47683E+21,7.16474E+15,4.94296E+16
112313,10,0,46,117,2018,5,16,4,3,2,2,0,0,1,0,0,0,0,0,3.65328E+20,5.48289E+21,7.14066E+15,4.94837E+16
112314,10,0,41,100,2018,4,12,1,3,5,3,0,1,1,0,0,0,0,0,3.51672E+20,5.45518E+21,6.96255E+15,4.92314E+16
112315,10,0,42,114,2018,4,19,2,3,4,2,0,0,1,0,0,0,0,0,3.20558E+20,5.48619E+21,6.52157E+15,4.95018E+16
112316,10,0,43,114,2018,3,17,2,3,1,7,1,0,1,0,0,0,0,0,3.64721E+20,5.46685E+21,7.13774E+15,4.93393E+16
112317,10,0,41,100,2018,3,8,4,3,4,2,0,0,1,0,0,0,1,0,3.47307E+20,5.4558E+21,6.9024E+15,4.92359E+16
112318,10,0,41,511,2018,3,19,2,3,1,1,0,0,1,0,1,0,0,1,3.61664E+20,5.46597E+21,7.09599E+15,4.93307E+16
112319,10,0,42,113,2018,6,9,3,3,8,1,0,0,1,0,0,0,0,1,3.28013E+20,5.47815E+21,6.62794E+15,4.94317E+16
112320,10,0,44,111,2018,5,20,3,3,8,1,0,0,1,0,0,0,0,1,3.43064E+20,5.46588E+21,6.8402E+15,4.93254E+16
112321,10,0,41,513,2018,5,0,1,3,2,2,2,0,1,0,0,0,0,0,3.48199E+20,5.46693E+21,6.91041E+15,4.93362E+16
112322,10,0,41,100,2018,4,15,5,3,5,3,0,0,1,0,1,0,0,0,3.54371E+20,5.45603E+21,6.9993E+15,4.92397E+16
112323,10,0,41,519,2018,4,13,5,3,6,4,0,0,1,1,0,0,0,0,3.41983E+20,5.45557E+21,6.8294E+15,4.92325E+16
112324,10,0,43,114,2018,3,15,2,3,1,6,0,0,1,0,0,0,0,0,3.68345E+20,5.4706E+21,7.18637E+15,4.93739E+16
112325,10,0,45,114,2018,6,23,7,3,5,2,2,0,1,0,0,0,1,0,3.7951E+20,5.46586E+21,7.34153E+15,4.93336E+16
112326,10,0,44,111,2018,5,17,6,3,4,2,0,1,0,0,0,0,0,0,3.34413E+20,5.46885E+21,6.72001E+15,4.93498E+16
112327,10,0,44,112,2018,5,22,3,3,9,7,2,0,1,0,0,0,0,0,3.5385E+20,5.47934E+21,6.98359E+15,4.94492E+16
112328,10,0,44,117,2018,3,15,2,3,5,3,0,0,1,0,1,0,0,0,3.45485E+20,5.47849E+21,6.8686E+15,4.94394E+16
112329,10,0,44,115,2018,6,3,4,3,5,3,2,0,1,0,0,0,0,0,3.35542E+20,5.46512E+21,6.73708E+15,4.93166E+16
112330,10,0,45,117,2018,4,18,6,3,0,1,0,0,0,0,1,0,0,0,3.62482E+20,5.46017E+21,7.10924E+15,4.92788E+16
112331,10,0,44,114,2018,3,6,2,3,8,1,0,0,1,0,0,0,0,2,3.26473E+20,5.46839E+21,6.61098E+15,4.93436E+16
112332,10,0,41,519,2018,6,6,6,2,2,6,0,0,1,0,0,0,0,0,3.41472E+20,5.45517E+21,6.82255E+15,4.92288E+16
112333,10,0,42,111,2018,5,15,2,3,1,6,0,0,1,0,0,0,1,1,3.33263E+20,5.47322E+21,6.70235E+15,4.93889E+16
112334,10,0,44,116,2018,4,18,4,3,8,1,0,0,1,0,0,0,0,1,3.42382E+20,5.46813E+21,6.82993E+15,4.93455E+16
112335,10,0,41,512,2018,3,15,2,3,3,6,0,0,1,0,1,0,0,0,3.42441E+20,5.44856E+21,6.83844E+15,4.91696E+16
112336,10,0,41,518,2018,6,0,7,3,2,6,2,0,1,0,1,0,0,1,3.58697E+20,5.46229E+21,7.05647E+15,4.9297E+16
112337,10,0,44,115,2018,3,21,6,3,5,6,2,0,1,0,0,0,0,0,3.36829E+20,5.46443E+21,6.75505E+15,4.93108E+16
112338,10,0,41,519,2018,6,16,7,3,3,6,0,0,1,0,0,0,0,0,3.45588E+20,5.45754E+21,6.87814E+15,4.92511E+16
112339,10,0,41,513,2018,5,18,1,3,8,1,0,0,1,0,0,0,0,0,3.4699E+20,5.46663E+21,6.8939E+15,4.93332E+16
112340,10,0,45,112,2018,4,15,6,3,5,3,0,0,1,0,0,0,0,0,3.67199E+20,5.45211E+21,7.17673E+15,4.92074E+16
112341,10,0,42,115,2018,4,17,1,2,4,1,0,0,0,0,1,0,0,0,3.14522E+20,5.48974E+21,6.43662E+15,4.95318E+16
112342,10,0,41,100,2018,3,16,2,3,1,2,0,0,1,0,0,0,0,0,3.56839E+20,5.45321E+21,7.03418E+15,4.9215E+16
112343,10,0,43,114,2018,6,20,5,3,5,3,0,0,1,0,0,0,0,0,3.67413E+20,5.4673E+21,7.17463E+15,4.9344E+16
112344,10,0,41,100,2018,3,15,4,3,3,6,0,0,1,0,0,1,0,0,3.53166E+20,5.45589E+21,6.9828E+15,4.92381E+16
112345,10,0,43,117,2018,3,11,7,3,2,6,0,0,1,0,0,0,0,0,3.63849E+20,5.46424E+21,7.12663E+15,4.93157E+16
112346,10,0,43,114,2018,6,17,2,3,5,3,0,1,1,0,0,0,0,1,3.69522E+20,5.4681E+21,7.20339E+15,4.93516E+16
112347,10,0,41,516,2018,5,18,2,3,8,7,0,0,1,0,0,0,0,0,3.56096E+20,5.4688E+21,7.01837E+15,4.93549E+16
112348,10,0,45,114,2018,5,17,6,2,8,7,0,0,0,0,1,0,0,0,3.78093E+20,5.46194E+21,7.32323E+15,4.9298E+16
112349,10,0,41,513,2018,6,19,7,3,3,1,0,0,1,0,0,0,0,1,3.50896E+20,5.46841E+21,6.94696E+15,4.93502E+16
112350,10,0,41,519,2018,4,16,3,3,2,6,0,0,1,0,0,0,0,1,3.42663E+20,5.45654E+21,6.83836E+15,4.92414E+16
112351,10,0,46,117,2018,3,7,1,3,8,1,0,0,1,0,0,0,0,1,3.63621E+20,5.4813E+21,7.11765E+15,4.9469E+16
112352,10,0,45,117,2018,3,16,2,3,2,6,0,0,1,0,0,0,0,0,3.62414E+20,5.46009E+21,7.10834E+15,4.9278E+16
112353,10,0,45,115,2018,3,16,7,2,0,1,0,0,0,0,1,0,0,0,3.70715E+20,5.46035E+21,7.22232E+15,4.92822E+16
112354,10,0,46,117,2018,6,15,2,3,8,7,0,0,1,0,0,0,0,1,3.72228E+20,5.47734E+21,7.23766E+15,4.94352E+16
112355,10,0,45,111,2018,5,11,2,3,5,3,0,1,1,0,0,0,1,0,3.73994E+20,5.46865E+21,7.26477E+15,4.93576E+16
112356,10,0,44,119,2018,5,14,7,3,8,1,0,0,1,0,0,0,0,0,3.33651E+20,5.45616E+21,6.7148E+15,4.92356E+16
112357,10,0,44,113,2018,6,13,1,2,0,7,0,1,0,0,0,0,0,0,3.39664E+20,5.4717E+21,6.79111E+15,4.93768E+16
112358,10,0,43,113,2018,4,13,4,2,4,6,0,0,1,0,0,0,1,0,3.59665E+20,5.46943E+21,7.06727E+15,4.93614E+16
112359,10,0,44,122,2018,4,17,4,3,5,3,0,0,1,0,0,0,1,0,3.45738E+20,5.46335E+21,6.87794E+15,4.93034E+16
112360,10,0,45,117,2018,3,8,1,3,5,3,0,0,1,0,0,0,0,1,3.62674E+20,5.46035E+21,7.11181E+15,4.92805E+16
112361,10,0,46,112,2018,6,13,6,2,8,1,0,0,1,0,0,0,0,0,3.60335E+20,5.47556E+21,7.07434E+15,4.94167E+16
112362,10,0,41,519,2018,5,15,6,3,5,3,0,0,1,0,0,0,0,0,3.43528E+20,5.45741E+21,6.84989E+15,4.92494E+16
112363,10,0,41,519,2018,5,16,3,3,5,3,0,0,1,0,0,0,1,0,3.44674E+20,5.45677E+21,6.86587E+15,4.9244E+16
112364,10,0,42,115,2018,3,7,1,3,9,1,1,0,1,0,0,0,0,2,3.1453E+20,5.48908E+21,6.43705E+15,4.95259E+16
112365,10,0,45,112,2018,6,14,3,3,4,5,0,0,1,0,0,1,0,0,3.68123E+20,5.45313E+21,7.18907E+15,4.92168E+16
112366,10,0,42,116,2018,4,16,5,3,2,6,0,0,1,0,0,0,0,0,3.48208E+20,5.48996E+21,6.90172E+15,4.95432E+16
112367,10,0,41,100,2018,3,14,1,3,1,6,0,0,1,0,0,0,0,0,3.5319E+20,5.45617E+21,6.98303E+15,4.92406E+16
112368,10,0,41,100,2018,6,21,5,3,2,6,1,0,1,0,1,0,0,0,3.47489E+20,5.45685E+21,6.9045E+15,4.92454E+16
112369,10,0,42,117,2018,5,14,5,2,0,7,0,1,0,0,0,0,0,0,3.42904E+20,5.48795E+21,6.82925E+15,4.95238E+16
112370,10,0,41,100,2018,5,12,2,3,4,2,0,0,1,0,1,0,0,0,3.51723E+20,5.45284E+21,6.96411E+15,4.92104E+16
112371,10,0,44,114,2018,4,17,3,3,3,6,0,0,1,0,0,0,0,0,3.324E+20,5.47252E+21,6.69076E+15,4.93823E+16
112372,10,0,45,115,2018,3,10,7,3,5,3,0,0,1,0,0,0,0,1,3.74993E+20,5.46413E+21,7.27993E+15,4.93171E+16
112373,10,0,46,112,2018,6,7,6,3,9,1,0,0,1,0,0,0,0,1,3.56716E+20,5.47683E+21,7.02402E+15,4.94272E+16
112374,10,0,45,117,2018,3,7,2,3,5,3,0,0,1,0,0,0,0,0,3.66701E+20,5.46035E+21,7.16716E+15,4.92813E+16
112375,10,0,41,511,2018,3,21,5,3,5,3,2,0,1,0,1,0,0,1,3.59583E+20,5.46285E+21,7.06846E+15,4.93022E+16
112376,10,0,44,115,2018,6,20,6,3,2,6,0,0,1,0,0,0,0,0,3.37032E+20,5.46518E+21,6.75753E+15,4.93176E+16
112377,10,0,44,111,2018,5,15,7,3,2,6,0,0,1,0,0,0,0,0,3.33763E+20,5.46852E+21,6.7112E+15,4.93467E+16
112378,10,0,43,111,2018,5,11,3,3,1,7,0,0,1,0,0,0,0,0,3.53564E+20,5.47014E+21,6.98304E+15,4.93663E+16
112379,10,0,43,117,2018,4,13,6,3,2,6,0,0,1,0,0,0,0,0,3.63902E+20,5.46406E+21,7.12742E+15,4.93141E+16
112380,10,0,46,117,2018,4,9,7,3,2,2,0,0,1,0,0,0,0,0,3.62972E+20,5.48129E+21,7.1087E+15,4.94688E+16
112381,10,0,46,114,2018,3,20,7,3,9,1,2,0,1,0,0,0,0,2,3.61886E+20,5.49414E+21,7.08922E+15,4.95841E+16
112382,10,0,41,511,2018,6,18,4,2,8,7,0,0,0,0,1,0,0,0,3.61952E+20,5.46587E+21,7.09999E+15,4.933E+16
112383,10,0,45,114,2018,3,5,2,3,5,3,2,0,1,0,0,0,0,0,3.79347E+20,5.46512E+21,7.33951E+15,4.93269E+16
112384,10,0,45,111,2018,6,20,1,3,2,2,0,0,1,0,0,0,0,1,3.74079E+20,5.46815E+21,7.26609E+15,4.93531E+16
112385,10,0,44,121,2018,5,1,1,3,2,6,2,0,1,0,0,0,0,0,3.30062E+20,5.46227E+21,6.66294E+15,4.92895E+16
112386,10,0,41,517,2018,5,18,6,3,2,6,0,0,1,0,0,0,0,0,3.50632E+20,5.46362E+21,6.94512E+15,4.9307E+16
112387,10,0,41,100,2018,3,11,6,3,2,2,0,0,1,0,0,0,0,1,3.54177E+20,5.4576E+21,6.99606E+15,4.92538E+16
112388,10,0,42,116,2018,3,8,7,3,4,6,0,0,1,0,0,0,0,2,3.46343E+20,5.48836E+21,6.87658E+15,4.95283E+16
112389,10,0,45,114,2018,6,21,6,3,0,6,1,0,1,0,0,0,1,0,3.81822E+20,5.46507E+21,7.37357E+15,4.93269E+16
112390,10,0,44,112,2018,4,10,2,3,4,6,0,0,1,0,0,0,0,0,3.47105E+20,5.47621E+21,6.8918E+15,4.94194E+16
112391,10,0,46,111,2018,3,20,6,3,9,1,2,0,1,0,0,0,0,2,3.74795E+20,5.49084E+21,7.26877E+15,4.95572E+16
112392,10,0,41,516,2018,5,16,5,3,3,6,0,1,1,0,0,0,0,0,3.58832E+20,5.4654E+21,7.05723E+15,4.9325E+16
112393,10,0,45,117,2018,4,11,7,3,0,2,0,0,1,1,1,0,0,0,3.62113E+20,5.45963E+21,7.10435E+15,4.92739E+16
112394,10,0,46,117,2018,3,14,6,2,2,7,0,0,1,0,0,0,0,1,3.67843E+20,5.48108E+21,7.17596E+15,4.9468E+16
112395,10,0,42,114,2018,6,15,2,3,3,1,0,0,0,0,1,0,0,0,3.25153E+20,5.48573E+21,6.58518E+15,4.9499E+16
112396,10,0,44,118,2018,4,17,3,3,5,2,0,0,1,0,0,0,0,0,3.45733E+20,5.46335E+21,6.87788E+15,4.93034E+16
112397,10,0,41,100,2018,6,12,4,3,0,3,0,1,1,0,0,0,0,0,3.56954E+20,5.45441E+21,7.03534E+15,4.92258E+16
112398,10,0,43,117,2018,5,8,4,1,9,7,0,0,1,0,0,0,0,0,3.63997E+20,5.46515E+21,7.12835E+15,4.93239E+16
112399,10,0,44,115,2018,5,18,6,3,6,6,0,0,1,1,0,0,0,0,3.36844E+20,5.46588E+21,6.75466E+15,4.93238E+16
112400,10,0,43,114,2018,4,6,2,2,6,4,1,0,1,1,0,0,0,1,3.6741E+20,5.46739E+21,7.17455E+15,4.93448E+16
112401,10,0,42,115,2018,4,11,3,3,9,7,0,0,1,0,0,0,0,0,3.19247E+20,5.48043E+21,6.50611E+15,4.94496E+16
112402,10,0,46,115,2018,3,14,6,3,3,1,0,0,1,0,0,0,0,2,3.5483E+20,5.48774E+21,6.99402E+15,4.95249E+16
112403,10,0,42,116,2018,3,14,2,3,9,1,0,0,1,0,0,0,0,0,3.44688E+20,5.48989E+21,6.85313E+15,4.95417E+16
112404,10,0,45,115,2018,5,16,5,2,0,7,0,0,0,0,1,0,0,0,3.72984E+20,5.46207E+21,7.25296E+15,4.92982E+16
112405,10,0,42,115,2018,4,8,1,3,8,1,0,0,1,0,0,0,0,1,3.1682E+20,5.48199E+21,6.47194E+15,4.9463E+16
112406,10,0,45,117,2018,3,11,6,3,6,4,0,0,1,1,0,0,0,2,3.62921E+20,5.4605E+21,7.11516E+15,4.92818E+16
112407,10,0,44,119,2018,6,8,3,3,4,6,0,0,1,0,0,0,0,0,3.33665E+20,5.45626E+21,6.71495E+15,4.92365E+16
112408,10,0,44,118,2018,4,16,4,3,3,5,0,0,1,0,0,0,0,0,3.42254E+20,5.46401E+21,6.82979E+15,4.93084E+16
112409,10,0,43,114,2018,6,11,4,3,2,2,0,0,1,0,1,0,0,0,3.7124E+20,5.46446E+21,7.22821E+15,4.93192E+16
112410,10,0,45,117,2018,5,14,4,3,4,2,0,1,1,0,0,0,0,0,3.66983E+20,5.46015E+21,7.1711E+15,4.92796E+16
112411,10,0,45,117,2018,5,12,7,3,5,2,0,0,1,0,1,0,0,0,3.64331E+20,5.45641E+21,7.13592E+15,4.92454E+16
112412,10,0,44,115,2018,4,8,3,3,9,1,0,0,1,0,0,0,0,0,3.37415E+20,5.46153E+21,6.76429E+15,4.92849E+16
112413,10,0,44,113,2018,4,19,4,3,2,6,0,0,1,0,0,0,0,0,3.38818E+20,5.47131E+21,6.77961E+15,4.93732E+16
112414,10,0,45,114,2018,3,17,6,3,2,6,0,0,1,0,0,0,0,2,3.79239E+20,5.4655E+21,7.33791E+15,4.93302E+16
112415,10,0,44,113,2018,6,6,6,3,9,1,0,0,1,0,0,0,0,1,3.4102E+20,5.47195E+21,6.80967E+15,4.93795E+16
112416,10,0,42,112,2018,3,10,2,2,2,2,0,0,1,0,0,0,0,0,3.40025E+20,5.48561E+21,6.79046E+15,4.9502E+16
112417,10,0,45,115,2018,3,13,4,3,1,6,0,0,1,0,0,0,0,1,3.74995E+20,5.46413E+21,7.27996E+15,4.93171E+16
112418,10,0,41,100,2018,6,15,5,3,3,6,0,0,1,0,1,0,0,0,3.53156E+20,5.45576E+21,6.98271E+15,4.9237E+16
112419,10,0,41,100,2018,5,14,6,3,2,6,0,0,1,0,0,0,0,0,3.53238E+20,5.45567E+21,6.98387E+15,4.92362E+16
112420,10,0,45,114,2018,5,13,2,3,2,6,0,0,1,0,0,0,0,0,3.78379E+20,5.47012E+21,7.32467E+15,4.93717E+16
112421,10,0,44,115,2018,4,8,6,3,1,3,0,1,1,0,0,0,0,0,3.37013E+20,5.46455E+21,6.75753E+15,4.93119E+16
112422,10,0,43,113,2018,4,14,7,3,1,6,0,0,1,0,0,0,0,0,3.59681E+20,5.46947E+21,7.06748E+15,4.93618E+16
112423,10,0,45,115,2018,3,9,6,3,2,6,0,0,1,0,0,0,0,2,3.72487E+20,5.46264E+21,7.24593E+15,4.93032E+16
112424,10,0,44,123,2018,6,11,3,3,1,7,0,1,1,0,0,0,0,0,3.385E+20,5.4642E+21,6.77812E+15,4.93091E+16