OBJECTID_1,ULAND,UREGBEZ,UKREIS,UGEMEINDE,UJAHR,UMONAT,USTUNDE,UWOCHENTAG,UKATEGORIE,UART,UTYP1,ULICHTVERH,IstRad,IstPKW,IstFuss,IstKrad,IstGkfz,IstSonstig,STRZUSTAND,LINREFX,LINREFY,XGCSWGS84,YGCSWGS84
112425,10,0,43,113,2018,3,14,2,3,2,6,0,0,1,0,0,0,0,0,3.58818E+20,5.46892E+21,7.0558E+15,4.93566E+16
112426,10,0,45,112,2018,5,21,7,3,0,1,0,0,0,0,1,0,0,0,3.73398E+20,5.45522E+21,7.26081E+15,4.92366E+16
112427,10,0,44,117,2018,5,11,5,3,0,1,0,0,0,0,1,0,0,0,3.43921E+20,5.47794E+21,6.84725E+15,4.94341E+16
112428,10,0,42,112,2018,3,16,6,3,4,6,0,0,1,0,0,0,0,2,3.37567E+20,5.48706E+21,6.75594E+15,4.95144E+16
112429,10,0,41,100,2018,6,10,6,3,4,2,0,0,1,0,0,0,0,0,3.57153E+20,5.45306E+21,7.03855E+15,4.92136E+16
112430,10,0,41,100,2018,4,21,1,3,3,6,2,0,1,0,0,0,0,0,3.54843E+20,5.45667E+21,7.00553E+15,4.92456E+16
112431,10,0,46,115,2018,3,16,6,2,9,1,0,0,1,0,0,0,0,2,3.53329E+20,5.49103E+21,6.97206E+15,4.95541E+16
112432,10,0,44,119,2018,5,15,4,2,4,1,0,0,1,0,0,0,0,0,3.3501E+20,5.45864E+21,6.73244E+15,4.92582E+16
112433,10,0,45,114,2018,3,9,6,3,1,6,0,0,1,0,0,0,0,1,3.78614E+20,5.46486E+21,7.32951E+15,4.93244E+16
112434,10,0,46,115,2018,4,13,6,2,1,6,0,0,1,0,0,0,0,0,3.55006E+20,5.48882E+21,6.99605E+15,4.95347E+16
112435,10,0,46,115,2018,3,12,6,3,9,1,0,0,0,0,0,0,1,2,3.54667E+20,5.49587E+21,6.98876E+15,4.95979E+16
112436,10,0,43,114,2018,6,5,2,3,2,6,0,0,1,0,0,0,0,0,3.66208E+20,5.46533E+21,7.1587E+15,4.9326E+16
112437,10,0,42,113,2018,4,17,2,2,8,1,0,0,0,0,1,0,0,0,3.31176E+20,5.48457E+21,6.66878E+15,4.94903E+16
112438,10,0,44,115,2018,6,16,2,3,0,7,0,1,0,0,0,0,0,0,3.35406E+20,5.46358E+21,6.73583E+15,4.93028E+16
112439,10,0,42,117,2018,5,20,3,3,5,3,0,0,1,0,1,0,0,0,3.43248E+20,5.49007E+21,6.83316E+15,4.95429E+16
112440,10,0,42,112,2018,5,2,5,3,8,1,2,0,1,0,0,0,0,0,3.39163E+20,5.48567E+21,6.77853E+15,4.95024E+16
112441,10,0,45,113,2018,4,21,1,3,0,1,2,1,0,0,0,0,0,0,3.70465E+20,5.44568E+21,7.22361E+15,4.91502E+16
112442,10,0,41,100,2018,4,13,3,3,6,4,0,0,1,1,0,0,0,0,3.53912E+20,5.45593E+21,6.99303E+15,4.92387E+16
112443,10,0,43,112,2018,3,18,6,3,4,6,2,0,1,0,0,0,0,2,3.54742E+20,5.47207E+21,6.99855E+15,4.9384E+16
112444,10,0,41,517,2018,3,16,2,3,2,6,0,0,1,0,0,1,0,0,3.5129E+20,5.46244E+21,6.95461E+15,4.92966E+16
112445,10,0,41,100,2018,3,12,3,3,2,6,0,0,1,0,0,0,0,0,3.522E+20,5.45671E+21,6.96923E+15,4.92453E+16
112446,10,0,46,117,2018,6,7,3,3,8,1,0,0,1,0,0,0,0,1,3.62846E+20,5.47692E+21,7.10847E+15,4.94294E+16
112447,10,0,43,111,2018,5,18,3,3,0,3,0,1,1,0,0,0,0,0,3.52926E+20,5.47109E+21,6.97391E+15,4.93748E+16
112448,10,0,44,111,2018,5,17,1,3,8,1,0,1,0,0,0,0,0,0,3.33728E+20,5.46851E+21,6.71072E+15,4.93467E+16
112449,10,0,44,115,2018,4,17,5,3,6,2,0,0,1,1,0,0,0,0,3.3519E+20,5.46554E+21,6.73205E+15,4.93203E+16
112450,10,0,46,114,2018,4,12,5,2,2,7,0,0,1,0,1,0,0,0,3.58935E+20,5.48962E+21,7.05003E+15,4.95427E+16
112451,10,0,44,112,2018,3,15,6,3,2,6,0,0,1,0,0,0,0,2,3.50892E+20,5.47701E+21,6.94368E+15,4.94275E+16
112452,10,0,42,114,2018,6,19,1,3,1,5,0,0,0,0,0,0,1,0,3.15644E+20,5.48249E+21,6.4555E+15,4.94671E+16
112453,10,0,41,100,2018,3,16,2,3,2,6,0,0,1,0,0,0,0,0,3.52367E+20,5.45562E+21,6.97193E+15,4.92355E+16
112454,10,0,46,114,2018,5,16,6,2,6,4,0,0,1,1,0,0,0,0,3.65512E+20,5.4945E+21,7.13923E+15,4.95881E+16
112455,10,0,41,517,2018,5,13,4,3,6,4,0,0,0,1,0,0,1,0,3.51095E+20,5.46236E+21,6.95197E+15,4.92958E+16
112456,10,0,44,111,2018,3,7,6,3,1,6,0,0,1,0,1,0,0,0,3.35281E+20,5.46887E+21,6.73193E+15,4.93503E+16
112457,10,0,41,518,2018,3,17,4,3,2,6,0,0,1,0,0,0,0,1,3.60194E+20,5.4645E+21,7.07629E+15,4.93172E+16
112458,10,0,44,115,2018,6,12,4,3,0,7,0,1,0,0,0,0,0,0,3.37089E+20,5.46467E+21,6.75853E+15,4.9313E+16
112459,10,0,45,114,2018,5,12,4,3,2,6,0,0,1,0,0,0,1,0,3.77629E+20,5.4607E+21,7.31724E+15,4.92868E+16
112460,10,0,41,519,2018,5,18,2,3,0,7,0,0,1,1,0,0,0,0,3.4178E+20,5.45353E+21,6.82742E+15,4.92141E+16
112461,10,0,41,100,2018,4,14,6,3,3,6,0,0,1,0,0,1,0,0,3.53189E+20,5.45626E+21,6.98298E+15,4.92415E+16
112462,10,0,43,113,2018,4,18,6,3,5,7,0,1,1,0,0,0,0,0,3.59129E+20,5.46932E+21,7.05993E+15,4.93603E+16
112463,10,0,44,120,2018,3,15,6,3,6,4,0,0,1,1,0,0,0,2,3.40687E+20,5.45868E+21,6.81038E+15,4.92601E+16
112464,10,0,41,100,2018,6,12,3,3,4,6,0,0,1,0,0,0,1,0,3.51074E+20,5.45313E+21,6.9551E+15,4.92128E+16
112465,10,0,41,100,2018,3,16,2,3,2,6,0,0,1,0,0,0,0,0,3.52267E+20,5.45558E+21,6.97057E+15,4.92351E+16
112466,10,0,41,519,2018,5,11,7,3,2,6,0,0,1,0,0,0,0,0,3.42677E+20,5.45647E+21,6.83857E+15,4.92408E+16
112467,10,0,41,100,2018,5,13,5,3,5,2,0,1,1,0,0,0,0,0,3.55148E+20,5.4563E+21,7.00986E+15,4.92423E+16
112468,10,0,41,100,2018,3,13,6,3,8,1,0,0,1,0,0,0,0,2,3.59439E+20,5.46017E+21,7.06742E+15,4.92781E+16
112469,10,0,45,114,2018,6,14,5,3,5,3,0,0,1,0,0,0,0,0,3.79082E+20,5.46379E+21,7.33627E+15,4.93148E+16
112470,10,0,44,114,2018,4,11,7,2,5,2,0,0,0,0,1,0,1,0,3.24446E+20,5.47435E+21,6.58046E+15,4.93965E+16
112471,10,0,41,512,2018,3,17,6,3,1,6,2,0,1,0,0,0,0,2,3.42533E+20,5.4527E+21,6.83808E+15,4.92069E+16
112472,10,0,44,113,2018,5,7,3,3,2,6,0,0,1,0,0,0,0,0,3.39694E+20,5.47184E+21,6.79146E+15,4.93781E+16
112473,10,0,41,519,2018,4,17,6,3,2,2,0,0,1,0,0,0,0,0,3.44675E+20,5.45677E+21,6.86589E+15,4.9244E+16
112474,10,0,41,519,2018,3,17,6,3,4,1,0,0,1,0,0,0,0,2,3.38823E+20,5.45249E+21,6.78727E+15,4.9204E+16
112475,10,0,45,112,2018,6,17,1,3,0,1,0,1,0,0,0,0,0,0,3.72681E+20,5.45204E+21,7.25198E+15,4.92079E+16
112476,10,0,44,121,2018,4,15,1,3,4,6,0,0,1,0,0,0,0,0,3.33945E+20,5.46682E+21,6.71442E+15,4.93315E+16
112477,10,0,45,114,2018,6,14,1,3,0,1,0,1,0,0,0,0,0,0,3.81138E+20,5.46733E+21,7.36349E+15,4.93471E+16
112478,10,0,42,112,2018,5,10,2,3,0,1,0,0,0,0,1,0,0,0,3.38811E+20,5.4885E+21,6.77253E+15,4.95277E+16
112479,10,0,45,114,2018,5,14,4,3,9,6,0,0,1,0,0,0,0,0,3.77085E+20,5.46723E+21,7.30775E+15,4.93454E+16
112480,10,0,45,113,2018,4,14,7,3,0,6,0,0,0,0,1,0,1,0,3.75762E+20,5.44591E+21,7.29616E+15,4.91534E+16
112481,10,0,44,116,2018,4,15,2,2,5,3,0,0,1,0,1,0,0,0,3.4072E+20,5.4691E+21,6.80668E+15,4.93538E+16
112482,10,0,41,519,2018,3,12,6,2,9,1,0,0,1,0,0,0,0,2,3.38831E+20,5.45249E+21,6.78738E+15,4.9204E+16
112483,10,0,45,117,2018,3,18,7,2,5,3,1,0,1,0,0,0,0,0,3.61206E+20,5.45921E+21,7.09204E+15,4.92699E+16
112484,10,0,45,112,2018,3,21,1,3,9,1,2,0,1,0,0,0,0,0,3.67783E+20,5.4544E+21,7.18399E+15,4.92281E+16
112485,10,0,44,114,2018,6,15,3,3,8,1,0,0,0,0,1,0,0,1,3.31905E+20,5.47142E+21,6.68442E+15,4.93723E+16
112486,10,0,41,100,2018,5,17,3,3,2,6,0,0,1,0,1,0,0,1,3.47835E+20,5.45673E+21,6.9093E+15,4.92444E+16
112487,10,0,45,116,2018,5,22,7,3,7,7,2,0,0,0,1,0,0,0,3.66021E+20,5.44863E+21,7.16173E+15,4.91758E+16
112488,10,0,45,116,2018,4,14,4,2,4,6,0,0,1,0,1,1,1,0,3.64586E+20,5.45283E+21,7.14063E+15,4.92133E+16
112489,10,0,45,111,2018,4,8,4,3,6,4,0,0,1,1,0,0,0,0,3.73351E+20,5.47087E+21,7.2552E+15,4.93773E+16
112490,10,0,41,100,2018,3,16,6,3,8,1,0,0,1,0,0,0,0,2,3.63273E+20,5.45667E+21,7.1213E+15,4.92475E+16
112491,10,0,41,100,2018,6,20,7,3,0,7,0,0,1,0,0,0,0,0,3.55492E+20,5.45171E+21,7.01623E+15,4.92012E+16
112492,10,0,41,515,2018,5,20,6,3,2,6,0,0,1,0,1,0,0,0,3.4649E+20,5.4632E+21,6.88835E+15,4.93022E+16
112493,10,0,44,113,2018,5,21,3,2,5,3,2,0,1,0,1,0,0,0,3.38842E+20,5.47133E+21,6.77993E+15,4.93733E+16
112494,10,0,41,100,2018,3,13,6,3,3,1,0,0,1,0,0,1,0,2,3.61817E+20,5.45791E+21,7.10088E+15,4.92583E+16
112495,10,0,41,100,2018,6,10,4,2,3,6,0,0,1,0,0,0,1,0,3.5604E+20,5.45453E+21,7.02274E+15,4.92267E+16
112496,10,0,44,120,2018,4,12,6,3,1,6,0,0,1,0,0,0,0,0,3.39424E+20,5.45732E+21,6.79358E+15,4.92476E+16
112497,10,0,41,100,2018,3,14,6,3,2,6,0,0,1,0,0,0,0,2,3.48551E+20,5.45687E+21,6.91907E+15,4.92458E+16
112498,10,0,42,113,2018,6,12,5,3,0,1,0,0,0,0,1,0,0,0,3.27946E+20,5.48131E+21,6.62563E+15,4.946E+16
112499,10,0,43,112,2018,5,8,2,3,9,1,0,0,1,0,0,0,0,1,3.55775E+20,5.46886E+21,7.01394E+15,4.93554E+16
112500,10,0,41,100,2018,4,0,4,2,6,6,2,0,1,1,0,0,0,0,3.55581E+20,5.45206E+21,7.01733E+15,4.92043E+16
112501,10,0,41,100,2018,3,5,6,3,6,4,2,0,1,1,0,0,0,0,3.52827E+20,5.45646E+21,6.97794E+15,4.92432E+16
112502,10,0,44,118,2018,6,17,7,3,3,2,0,0,1,0,1,0,0,0,3.45523E+20,5.4634E+21,6.87498E+15,4.93038E+16
112503,10,0,43,111,2018,3,10,5,3,1,7,0,0,1,0,0,0,0,0,3.51098E+20,5.47515E+21,6.94722E+15,4.94108E+16
112504,10,0,41,100,2018,6,10,5,3,6,7,0,1,0,1,0,0,0,1,3.54918E+20,5.45507E+21,7.00715E+15,4.92312E+16
112505,10,0,41,100,2018,4,17,7,3,2,6,0,0,1,0,0,0,0,0,3.54851E+20,5.45685E+21,7.00558E+15,4.92472E+16
112506,10,0,41,100,2018,3,18,6,3,1,6,1,0,1,0,0,0,1,2,3.53991E+20,5.45548E+21,6.99428E+15,4.92347E+16
112507,10,0,46,111,2018,5,11,2,3,4,6,0,0,1,0,0,0,0,1,3.73218E+20,5.48658E+21,7.24835E+15,4.95186E+16
112508,10,0,41,100,2018,4,13,5,3,2,6,0,0,1,0,0,0,0,0,3.54423E+20,5.45465E+21,7.0005E+15,4.92273E+16
112509,10,0,45,117,2018,3,16,5,2,5,3,0,0,1,0,0,0,0,0,3.61751E+20,5.45802E+21,7.09993E+15,4.92593E+16
112510,10,0,44,118,2018,6,11,1,2,5,4,0,0,0,1,1,0,0,0,3.44462E+20,5.46368E+21,6.86029E+15,4.93061E+16
112511,10,0,41,100,2018,3,20,7,2,5,2,2,1,1,0,0,0,0,0,3.52409E+20,5.45647E+21,6.97219E+15,4.92432E+16
112512,10,0,43,112,2018,6,16,1,3,5,3,0,0,1,0,0,0,0,0,3.55147E+20,5.47195E+21,7.00417E+15,4.9383E+16
112513,10,0,46,116,2018,5,2,1,3,1,5,2,0,1,0,0,0,0,0,3.62039E+20,5.48561E+21,7.09432E+15,4.95074E+16
112514,10,0,41,511,2018,5,14,4,3,1,2,0,0,1,0,0,0,0,0,3.60052E+20,5.4659E+21,7.07384E+15,4.93297E+16
112515,10,0,41,511,2018,4,13,7,3,5,3,0,0,1,0,1,0,0,0,3.627E+20,5.46533E+21,7.11045E+15,4.93253E+16
112516,10,0,46,112,2018,4,7,1,2,0,1,0,0,0,0,1,0,0,1,3.59608E+20,5.48023E+21,7.06266E+15,4.94585E+16
112517,10,0,45,117,2018,3,13,5,3,1,7,0,0,1,0,0,0,0,0,3.62409E+20,5.45972E+21,7.1084E+15,4.92747E+16
112518,10,0,44,122,2018,6,14,6,2,5,3,0,1,0,0,0,0,1,0,3.3911E+20,5.46124E+21,6.7877E+15,4.92827E+16
112519,10,0,43,111,2018,3,9,7,3,2,2,0,0,1,0,0,0,0,0,3.54045E+20,5.4694E+21,6.98993E+15,4.93599E+16
112520,10,0,43,116,2018,3,12,7,3,1,6,0,0,1,0,1,0,0,0,3.62169E+20,5.47115E+21,7.10114E+15,4.93775E+16
112521,10,0,42,116,2018,6,20,2,3,8,1,1,0,1,0,0,0,0,1,3.42666E+20,5.48253E+21,6.82813E+15,4.9475E+16
112522,10,0,44,112,2018,5,15,2,3,5,3,0,0,1,0,1,0,0,0,3.47013E+20,5.47957E+21,6.88923E+15,4.94495E+16
112523,10,0,41,100,2018,5,23,7,3,3,6,2,0,1,0,0,0,0,0,3.55854E+20,5.45461E+21,7.02016E+15,4.92273E+16
112524,10,0,42,114,2018,6,15,7,2,9,1,0,0,1,0,1,0,0,0,3.31987E+20,5.48444E+21,6.68003E+15,4.94893E+16
112525,10,0,44,117,2018,4,7,4,3,5,2,0,0,1,0,1,0,0,0,3.44125E+20,5.47575E+21,6.85092E+15,4.94144E+16
112526,10,0,41,100,2018,4,7,4,3,0,3,0,1,1,0,0,0,0,0,3.56527E+20,5.45259E+21,7.03012E+15,4.92092E+16
112527,10,0,42,111,2018,3,20,5,3,2,2,2,0,1,0,0,0,0,0,3.31106E+20,5.47353E+21,6.67252E+15,4.9391E+16
112528,10,0,45,115,2018,6,11,6,3,5,2,0,0,1,0,0,0,0,0,3.75171E+20,5.46384E+21,7.28247E+15,4.93145E+16
112529,10,0,45,117,2018,2,9,3,3,3,6,0,0,1,0,0,0,0,0,3.6383E+20,5.46075E+21,7.12756E+15,4.92843E+16
112530,10,0,41,100,2018,5,5,6,2,2,2,0,0,1,0,1,0,0,0,3.57458E+20,5.45288E+21,7.0428E+15,4.92121E+16
112531,10,0,42,115,2018,4,18,2,3,5,3,0,0,1,0,0,0,0,0,3.09694E+20,5.48462E+21,6.37243E+15,4.94844E+16
112532,10,0,41,513,2018,3,19,5,3,9,1,2,0,1,0,0,0,0,0,3.50009E+20,5.46831E+21,6.93479E+15,4.9349E+16
112533,10,0,43,112,2018,6,6,3,3,5,3,0,0,1,0,1,0,0,0,3.54802E+20,5.47077E+21,6.99985E+15,4.93724E+16
112534,10,0,43,114,2018,4,15,5,3,8,1,0,0,1,0,0,0,0,0,3.69192E+20,5.46556E+21,7.19968E+15,4.93288E+16
112535,10,0,41,100,2018,6,9,5,3,3,6,0,0,1,0,0,0,0,0,3.51409E+20,5.45629E+21,6.95852E+15,4.92413E+16
112536,10,0,41,511,2018,5,18,5,2,2,2,0,0,1,0,0,0,0,0,3.61027E+20,5.46579E+21,7.08729E+15,4.9329E+16
112537,10,0,41,100,2018,5,6,1,3,5,2,0,0,1,0,0,1,0,1,3.52472E+20,5.45641E+21,6.97308E+15,4.92427E+16
112538,10,0,43,117,2018,4,6,3,3,6,6,1,0,1,1,0,0,0,0,3.63495E+20,5.46449E+21,7.12168E+15,4.93179E+16
112539,10,0,41,513,2018,3,18,5,1,6,4,2,0,0,1,1,0,0,0,3.49604E+20,5.46697E+21,6.92973E+15,4.93369E+16
112540,10,0,42,111,2018,6,17,6,3,1,6,0,0,1,0,0,0,0,0,3.37828E+20,5.47564E+21,6.76422E+15,4.94118E+16
112541,10,0,43,112,2018,3,2,7,3,7,7,2,0,0,0,1,0,0,0,3.56942E+20,5.4695E+21,7.02976E+15,4.93615E+16
112542,10,0,41,100,2018,3,10,5,3,2,6,0,0,1,0,0,0,0,0,3.50536E+20,5.45574E+21,6.94676E+15,4.92362E+16
112543,10,0,41,100,2018,6,15,6,3,9,1,0,0,1,0,0,0,0,0,3.54235E+20,5.4548E+21,6.99787E+15,4.92286E+16
112544,10,0,46,117,2018,5,17,6,3,2,7,0,0,1,0,0,0,0,0,3.69313E+20,5.48327E+21,7.19551E+15,4.9488E+16
112545,10,0,41,517,2018,5,10,3,3,0,7,0,1,0,0,0,0,1,0,3.51187E+20,5.46224E+21,6.95327E+15,4.92947E+16
112546,10,0,44,121,2018,4,17,6,1,9,1,0,0,0,0,1,0,0,0,3.34407E+20,5.46727E+21,6.72057E+15,4.93356E+16
112547,10,0,44,121,2018,4,17,7,3,4,6,0,0,1,0,0,0,1,0,3.34697E+20,5.46608E+21,6.72506E+15,4.9325E+16
112548,10,0,41,519,2018,3,4,5,3,9,1,2,0,1,0,0,0,0,0,3.42339E+20,5.45769E+21,6.83346E+15,4.92516E+16
112549,10,0,41,100,2018,6,7,4,3,5,2,0,0,1,0,0,0,1,0,3.54401E+20,5.45536E+21,6.99994E+15,4.92337E+16
112550,10,0,41,100,2018,3,21,7,3,2,6,2,0,1,0,0,0,0,2,3.60326E+20,5.45541E+21,7.08127E+15,4.92355E+16
112551,10,0,41,519,2018,5,10,1,3,5,3,0,0,1,0,0,0,0,0,3.39504E+20,5.4533E+21,6.79629E+15,4.92115E+16
112552,10,0,41,100,2018,5,8,6,3,2,6,0,0,1,0,0,0,0,0,3.5236E+20,5.45655E+21,6.97148E+15,4.92439E+16
112553,10,0,42,117,2018,2,5,4,3,9,7,2,0,1,0,0,0,0,0,3.43275E+20,5.48977E+21,6.83366E+15,4.95403E+16
112554,10,0,43,116,2018,6,17,6,3,2,6,0,0,1,0,0,0,0,1,3.65417E+20,5.46828E+21,7.14684E+15,4.93523E+16
112555,10,0,45,113,2018,6,13,6,3,8,1,0,0,1,0,0,0,0,0,3.69483E+20,5.44605E+21,7.21003E+15,4.91534E+16
112556,10,0,42,113,2018,5,16,7,3,2,6,0,0,1,0,0,0,0,0,3.2826E+20,5.48047E+21,6.63034E+15,4.94526E+16
112557,10,0,41,100,2018,5,16,4,3,2,6,0,0,1,0,0,0,0,0,3.5766E+20,5.4527E+21,7.04563E+15,4.92105E+16
112558,10,0,46,114,2018,4,16,6,3,2,6,0,0,1,0,0,0,0,0,3.63911E+20,5.49411E+21,7.11723E+15,4.95842E+16
112559,10,0,43,114,2018,4,12,1,3,5,3,0,0,1,0,0,0,0,0,3.68243E+20,5.46625E+21,7.1864E+15,4.93348E+16
112560,10,0,44,111,2018,2,19,4,3,2,6,2,0,1,0,0,0,0,0,3.34646E+20,5.46938E+21,6.72299E+15,4.93547E+16
112561,10,0,44,114,2018,6,10,4,3,2,6,0,0,1,0,0,0,0,0,3.31879E+20,5.47144E+21,6.68405E+15,4.93725E+16
112562,10,0,44,120,2018,3,14,7,3,2,6,0,0,1,0,0,0,0,0,3.39203E+20,5.45962E+21,6.78962E+15,4.92682E+16
112563,10,0,44,121,2018,6,13,2,3,5,3,0,0,1,0,0,0,0,1,3.30422E+20,5.46241E+21,6.66783E+15,4.92908E+16
112564,10,0,41,100,2018,5,17,2,3,0,7,0,0,0,1,0,0,1,0,3.53489E+20,5.45539E+21,6.98741E+15,4.92337E+16
112565,10,0,45,114,2018,5,8,6,3,2,6,0,0,1,0,0,0,0,0,3.78299E+20,5.46521E+21,7.32507E+15,4.93275E+16
112566,10,0,41,513,2018,2,7,4,3,1,6,2,0,1,0,0,0,0,0,3.49873E+20,5.46838E+21,6.93289E+15,4.93496E+16
112567,10,0,41,100,2018,6,19,7,3,6,2,0,0,0,1,0,0,1,0,3.54483E+20,5.45613E+21,7.00079E+15,4.92406E+16
112568,10,0,45,116,2018,4,18,2,3,9,7,0,0,1,0,0,0,0,0,3.64209E+20,5.45229E+21,7.13563E+15,4.92084E+16
112569,10,0,41,516,2018,2,10,4,2,4,6,0,0,1,0,0,0,0,0,3.5793E+20,5.46427E+21,7.04524E+15,4.93146E+16
112570,10,0,43,115,2018,5,18,5,3,2,6,0,0,1,0,0,0,0,0,3.66918E+20,5.47365E+21,7.16569E+15,4.9401E+16
112571,10,0,41,100,2018,4,5,1,3,8,1,2,0,1,0,0,0,0,1,3.58519E+20,5.45686E+21,7.05595E+15,4.92481E+16
112572,10,0,41,514,2018,2,12,4,3,0,2,0,0,1,0,0,0,1,0,3.59293E+20,5.44854E+21,7.0695E+15,4.91736E+16
112573,10,0,45,115,2018,6,14,2,3,0,7,0,0,1,0,0,0,0,0,3.7488E+20,5.46412E+21,7.27837E+15,4.9317E+16
112574,10,0,46,117,2018,4,13,3,2,2,6,0,0,1,0,0,0,0,0,3.62703E+20,5.48144E+21,7.10494E+15,4.947E+16
112575,10,0,41,513,2018,6,8,4,3,2,2,0,0,1,0,0,0,0,0,3.49742E+20,5.46637E+21,6.93186E+15,4.93316E+16
112576,10,0,45,112,2018,5,13,4,3,9,1,0,0,1,0,0,0,0,0,3.74058E+20,5.45391E+21,7.27029E+15,4.92251E+16
112577,10,0,41,518,2018,5,17,7,3,5,3,0,0,1,0,0,0,0,0,3.59705E+20,5.46414E+21,7.06968E+15,4.93139E+16
112578,10,0,41,514,2018,4,10,3,3,5,3,0,0,1,0,0,0,0,0,3.57736E+20,5.44323E+21,7.05002E+15,4.91254E+16
112579,10,0,41,514,2018,4,11,4,3,9,7,0,0,1,0,0,0,0,0,3.56542E+20,5.44903E+21,7.0316E+15,4.91773E+16
112580,10,0,46,115,2018,2,7,3,3,9,1,0,0,1,0,0,0,0,2,3.53334E+20,5.49098E+21,6.97216E+15,4.95536E+16
112581,10,0,41,518,2018,6,15,6,3,5,3,0,0,1,0,0,0,0,0,3.58759E+20,5.46289E+21,7.05711E+15,4.93024E+16
112582,10,0,43,114,2018,3,15,4,3,5,3,0,0,1,0,0,0,0,1,3.68294E+20,5.47037E+21,7.18574E+15,4.93718E+16
112583,10,0,42,115,2018,6,18,4,3,8,6,0,0,1,0,0,0,0,0,3.15396E+20,5.4825E+21,6.45206E+15,4.9467E+16
112584,10,0,44,115,2018,5,6,5,3,5,3,0,1,1,0,0,0,0,0,3.35842E+20,5.46395E+21,6.74167E+15,4.93062E+16
112585,10,0,44,119,2018,5,13,2,3,5,3,0,0,1,0,0,0,1,0,3.3241E+20,5.4575E+21,6.69721E+15,4.92473E+16
112586,10,0,41,515,2018,4,12,6,3,1,2,0,0,1,0,0,0,0,0,3.50876E+20,5.46246E+21,6.94891E+15,4.92967E+16
112587,10,0,46,118,2018,4,16,6,3,8,7,0,0,0,0,1,0,0,0,3.56314E+20,5.48199E+21,7.0166E+15,4.94735E+16
112588,10,0,41,100,2018,2,5,3,3,5,3,2,1,0,0,0,0,1,0,3.56782E+20,5.46001E+21,7.03097E+15,4.92761E+16
112589,10,0,41,100,2018,6,22,3,3,7,7,2,0,0,0,1,0,0,0,3.5051E+20,5.45575E+21,6.94639E+15,4.92363E+16
112590,10,0,45,114,2018,5,10,7,3,3,7,0,0,1,0,0,0,0,0,3.7718E+20,5.45872E+21,7.31167E+15,4.92689E+16
112591,10,0,41,100,2018,5,16,5,3,5,2,0,1,0,0,1,0,0,0,3.58588E+20,5.45198E+21,7.05862E+15,4.92043E+16
112592,10,0,41,100,2018,2,10,3,3,5,3,0,0,1,0,0,0,0,0,3.53755E+20,5.45535E+21,6.99109E+15,4.92335E+16
112593,10,0,46,118,2018,6,10,5,3,0,1,0,0,1,0,0,0,0,1,3.52899E+20,5.4773E+21,6.97124E+15,4.94306E+16
112594,10,0,42,113,2018,4,16,7,1,9,1,0,0,0,0,1,0,0,0,3.30352E+20,5.48431E+21,6.65753E+15,4.94877E+16
112595,10,0,45,114,2018,2,6,2,3,2,6,0,0,1,0,0,0,0,0,3.76605E+20,5.46685E+21,7.30126E+15,4.93419E+16
112596,10,0,44,115,2018,5,17,4,3,2,6,0,0,1,0,0,0,0,1,3.35388E+20,5.4653E+21,6.73487E+15,4.93183E+16
112597,10,0,42,111,2018,4,12,6,3,0,1,0,0,0,0,1,0,0,0,3.33921E+20,5.47441E+21,6.71091E+15,4.93997E+16
112598,10,0,43,116,2018,2,15,2,3,1,2,0,0,1,0,0,0,0,0,3.64757E+20,5.46851E+21,7.13767E+15,4.93543E+16
112599,10,0,41,519,2018,6,7,2,3,2,6,0,0,1,0,0,0,0,0,3.4733E+20,5.45696E+21,6.90227E+15,4.92463E+16
112600,10,0,41,513,2018,4,12,2,3,4,6,0,0,1,0,0,0,0,0,3.47924E+20,5.46717E+21,6.90655E+15,4.93382E+16
112601,10,0,41,100,2018,6,16,2,3,2,6,0,0,1,0,0,0,1,0,3.5171E+20,5.45624E+21,6.96268E+15,4.9241E+16
112602,10,0,41,100,2018,5,9,3,3,2,6,0,0,1,0,0,0,0,0,3.54627E+20,5.45639E+21,7.00267E+15,4.9243E+16
112603,10,0,46,116,2018,4,18,1,3,9,6,0,0,1,0,1,0,0,0,3.58916E+20,5.48781E+21,7.05042E+15,4.95265E+16
112604,10,0,41,517,2018,2,8,2,3,2,2,0,0,1,0,0,0,0,0,3.51586E+20,5.46241E+21,6.95869E+15,4.92964E+16
112605,10,0,46,117,2018,5,9,4,3,5,3,0,0,1,0,0,0,0,0,3.72027E+20,5.47667E+21,7.23511E+15,4.94293E+16
112606,10,0,43,114,2018,4,10,7,3,1,6,0,0,1,0,0,0,0,0,3.68268E+20,5.46976E+21,7.18559E+15,4.93663E+16
112607,10,0,41,517,2018,2,7,2,3,1,6,0,0,1,0,0,0,0,0,3.49281E+20,5.46178E+21,6.92725E+15,4.92901E+16