OBJECTID_1,ULAND,UREGBEZ,UKREIS,UGEMEINDE,UJAHR,UMONAT,USTUNDE,UWOCHENTAG,UKATEGORIE,UART,UTYP1,ULICHTVERH,IstRad,IstPKW,IstFuss,IstKrad,IstGkfz,IstSonstig,STRZUSTAND,LINREFX,LINREFY,XGCSWGS84,YGCSWGS84
112608,10,0,42,115,2018,6,12,2,3,3,1,0,0,0,0,0,1,1,0,3.12927E+20,5.48467E+21,6.417E+15,4.94858E+16
112609,10,0,41,100,2018,4,15,3,3,9,1,0,0,0,0,1,0,0,0,3.53153E+20,5.45564E+21,6.98271E+15,4.92359E+16
112610,10,0,44,115,2018,6,12,3,3,8,1,0,0,1,0,0,0,0,0,3.37036E+20,5.46195E+21,6.75891E+15,4.92885E+16
112611,10,0,41,513,2018,5,22,4,3,5,2,2,1,1,0,0,0,0,1,3.49792E+20,5.46627E+21,6.93258E+15,4.93307E+16
112612,10,0,41,518,2018,5,4,6,3,1,5,2,0,1,0,0,0,0,0,3.59308E+20,5.46387E+21,7.06432E+15,4.93113E+16
112613,10,0,44,119,2018,4,5,2,3,0,7,1,0,1,0,0,0,1,1,3.3186E+20,5.45809E+21,6.6894E+15,4.92525E+16
112614,10,0,41,513,2018,4,18,3,3,1,5,0,0,1,0,0,0,0,0,3.44275E+20,5.46514E+21,6.85714E+15,4.93191E+16
112615,10,0,41,514,2018,2,18,2,2,5,3,2,0,1,0,0,1,0,0,3.58071E+20,5.44306E+21,7.05466E+15,4.9124E+16
112616,10,0,44,111,2018,3,16,3,3,9,1,0,0,1,0,0,0,0,1,3.33057E+20,5.46923E+21,6.70119E+15,4.93529E+16
112617,10,0,44,121,2018,6,8,4,3,1,7,0,0,1,0,0,0,1,0,3.29665E+20,5.4631E+21,6.65714E+15,4.92969E+16
112618,10,0,44,116,2018,5,22,4,3,2,6,2,0,1,0,0,0,0,1,3.38557E+20,5.47043E+21,6.77638E+15,4.93652E+16
112619,10,0,43,111,2018,5,17,1,2,1,7,0,0,1,0,1,0,0,0,3.52211E+20,5.47451E+21,6.96279E+15,4.94054E+16
112620,10,0,43,115,2018,4,12,5,3,5,3,0,0,1,0,0,0,0,0,3.66821E+20,5.4741E+21,7.1642E+15,4.9405E+16
112621,10,0,44,112,2018,4,5,6,3,8,1,2,0,1,0,0,0,0,0,3.49243E+20,5.47616E+21,6.92127E+15,4.94194E+16
112622,10,0,46,117,2018,2,12,1,3,5,3,0,0,1,0,0,0,0,0,3.72147E+20,5.47773E+21,7.23642E+15,4.94388E+16
112623,10,0,42,113,2018,6,15,2,3,1,6,0,0,1,0,0,0,0,0,3.28327E+20,5.47932E+21,6.63176E+15,4.94423E+16
112624,10,0,45,114,2018,5,14,6,3,2,6,0,0,1,0,0,0,0,0,3.7762E+20,5.46586E+21,7.31553E+15,4.93332E+16
112625,10,0,45,114,2018,5,16,4,3,0,1,0,0,0,0,1,0,0,0,3.81227E+20,5.46201E+21,7.3663E+15,4.92993E+16
112626,10,0,45,115,2018,2,12,1,3,9,1,0,0,1,0,0,0,0,0,3.72943E+20,5.46318E+21,7.25203E+15,4.93081E+16
112627,10,0,44,112,2018,6,5,5,3,4,6,1,0,1,0,0,0,0,0,3.52951E+20,5.47956E+21,6.97111E+15,4.94509E+16
112628,10,0,41,511,2018,4,18,7,3,2,6,0,0,1,0,0,0,0,0,3.59577E+20,5.46284E+21,7.06838E+15,4.93022E+16
112629,10,0,45,117,2018,2,13,7,3,2,2,0,0,1,0,0,0,0,0,3.64117E+20,5.4604E+21,7.13162E+15,4.92812E+16
112630,10,0,41,100,2018,5,16,3,3,5,3,0,1,1,0,0,0,0,0,3.49477E+20,5.46014E+21,6.93056E+15,4.92754E+16
112631,10,0,45,112,2018,4,13,5,3,3,6,0,1,0,0,0,1,0,0,3.73066E+20,5.45227E+21,7.25718E+15,4.92101E+16
112632,10,0,45,112,2018,2,12,7,3,8,1,0,0,1,0,0,0,0,0,3.77617E+20,5.44807E+21,7.32092E+15,4.91732E+16
112633,10,0,43,114,2018,6,18,1,3,5,3,0,0,1,0,1,0,0,0,3.67244E+20,5.46785E+21,7.17213E+15,4.93489E+16
112634,10,0,45,117,2018,3,13,7,2,9,6,0,0,1,0,0,0,0,0,3.6472E+20,5.45914E+21,7.14034E+15,4.927E+16
112635,10,0,45,114,2018,6,1,1,3,2,6,2,0,1,0,0,0,0,0,3.80969E+20,5.46991E+21,7.3604E+15,4.93702E+16
112636,10,0,43,115,2018,5,9,2,2,2,6,0,0,1,0,1,0,0,0,3.6691E+20,5.47429E+21,7.16538E+15,4.94067E+16
112637,10,0,42,111,2018,5,17,4,3,5,3,0,1,1,0,0,0,0,0,3.31339E+20,5.47336E+21,6.6758E+15,4.93895E+16
112638,10,0,42,113,2018,4,12,7,3,1,7,0,0,1,0,1,0,0,0,3.28466E+20,5.47913E+21,6.63376E+15,4.94406E+16
112639,10,0,41,515,2018,4,13,2,3,6,4,0,0,1,1,0,0,0,0,3.46124E+20,5.46142E+21,6.884E+15,4.92862E+16
112640,10,0,41,100,2018,2,15,7,3,2,6,0,0,1,0,0,0,0,0,3.55991E+20,5.45255E+21,7.02279E+15,4.92088E+16
112641,10,0,43,113,2018,3,20,1,3,1,7,2,0,1,0,1,0,0,0,3.59829E+20,5.46931E+21,7.06957E+15,4.93604E+16
112642,10,0,44,115,2018,3,10,6,3,2,6,0,0,1,0,0,0,0,0,3.36276E+20,5.46436E+21,6.74749E+15,4.931E+16
112643,10,0,46,117,2018,6,16,2,3,9,1,0,0,1,0,0,0,0,1,3.73864E+20,5.48241E+21,7.25859E+15,4.94812E+16
112644,10,0,45,114,2018,5,12,2,3,5,2,0,1,1,0,0,0,0,0,3.78283E+20,5.46987E+21,7.32343E+15,4.93694E+16
112645,10,0,44,123,2018,5,17,7,3,7,6,0,0,1,0,1,0,0,0,3.38493E+20,5.46411E+21,6.77805E+15,4.93084E+16
112646,10,0,43,115,2018,6,12,1,2,5,3,0,0,1,0,0,0,0,0,3.66976E+20,5.47363E+21,7.1665E+15,4.94008E+16
112647,10,0,42,116,2018,4,8,4,2,4,6,0,0,1,0,0,0,0,0,3.4779E+20,5.48892E+21,6.89635E+15,4.95338E+16
112648,10,0,43,116,2018,4,19,4,3,8,1,0,0,1,0,0,0,0,0,3.62887E+20,5.4688E+21,7.11184E+15,4.93565E+16
112649,10,0,41,100,2018,2,10,7,1,6,4,0,0,0,1,0,0,1,0,3.51788E+20,5.45732E+21,6.96335E+15,4.92507E+16
112650,10,0,43,114,2018,5,7,5,3,8,1,0,0,1,0,0,0,0,1,3.6684E+20,5.46526E+21,7.16742E+15,4.93255E+16
112651,10,0,44,114,2018,4,19,1,3,8,1,0,0,1,0,0,0,0,0,3.28256E+20,5.47158E+21,6.63412E+15,4.93727E+16
112652,10,0,43,114,2018,4,7,2,3,2,6,0,0,1,0,0,0,0,0,3.65825E+20,5.46751E+21,7.1527E+15,4.93455E+16
112653,10,0,41,511,2018,2,21,6,3,6,4,2,0,1,1,0,0,0,0,3.61664E+20,5.46615E+21,7.09593E+15,4.93324E+16
112654,10,0,45,114,2018,3,12,2,3,1,6,0,0,1,0,0,0,0,0,3.7809E+20,5.46542E+21,7.32213E+15,4.93293E+16
112655,10,0,45,114,2018,6,7,3,3,8,1,0,0,1,0,0,0,0,1,3.77146E+20,5.45939E+21,7.311E+15,4.92749E+16
112656,10,0,44,111,2018,5,20,3,3,2,1,0,0,1,0,0,0,0,1,3.43138E+20,5.46581E+21,6.84124E+15,4.93248E+16
112657,10,0,41,513,2018,5,14,1,3,5,3,0,0,1,0,0,0,0,0,3.55629E+20,5.46698E+21,7.01262E+15,4.93384E+16
112658,10,0,41,518,2018,4,8,5,3,2,6,0,0,1,0,0,0,0,0,3.61344E+20,5.46479E+21,7.092E+15,4.93201E+16
112659,10,0,44,115,2018,4,7,5,3,2,2,0,0,1,0,0,0,0,0,3.37112E+20,5.46289E+21,6.75957E+15,4.9297E+16
112660,10,0,41,100,2018,2,19,6,3,1,5,2,1,1,0,0,0,0,0,3.50083E+20,5.45645E+21,6.94027E+15,4.92424E+16
112661,10,0,41,519,2018,6,16,1,3,9,7,0,0,1,0,0,0,0,0,3.42476E+20,5.45683E+21,6.83568E+15,4.92439E+16
112662,10,0,43,112,2018,5,14,6,2,1,7,0,0,1,0,0,0,0,0,3.55842E+20,5.47203E+21,7.01371E+15,4.93839E+16
112663,10,0,41,100,2018,5,5,4,2,5,7,1,0,1,0,0,0,0,0,3.51811E+20,5.45255E+21,6.96543E+15,4.92078E+16
112664,10,0,45,112,2018,2,21,5,3,1,7,2,0,1,0,0,0,0,0,3.73846E+20,5.45444E+21,7.26721E+15,4.92298E+16
112665,10,0,43,114,2018,6,8,4,3,2,6,0,0,1,0,0,1,1,0,3.657E+20,5.47185E+21,7.14953E+15,4.93846E+16
112666,10,0,46,112,2018,4,8,6,3,6,4,0,0,1,1,0,0,0,0,3.5917E+20,5.47946E+21,7.05691E+15,4.94514E+16
112667,10,0,42,113,2018,2,9,5,3,9,1,0,0,1,0,0,0,0,0,3.2733E+20,5.48024E+21,6.61761E+15,4.94503E+16
112668,10,0,44,113,2018,6,18,6,2,5,3,0,1,1,0,0,0,0,0,3.43019E+20,5.47313E+21,6.83672E+15,4.93906E+16
112669,10,0,45,111,2018,5,7,2,3,2,6,0,0,1,0,0,0,0,1,3.76572E+20,5.46688E+21,7.3008E+15,4.93421E+16
112670,10,0,46,115,2018,4,11,4,3,2,6,0,0,1,0,0,0,0,0,3.54856E+20,5.48739E+21,6.9945E+15,4.95218E+16
112671,10,0,44,117,2018,2,8,5,3,2,2,0,0,1,0,0,0,1,0,3.43943E+20,5.47596E+21,6.84833E+15,4.94163E+16
112672,10,0,41,100,2018,6,14,1,3,8,1,0,0,0,0,1,0,0,0,3.62478E+20,5.45731E+21,7.11016E+15,4.92531E+16
112673,10,0,45,114,2018,3,21,6,2,9,1,2,0,1,0,0,0,0,1,3.76597E+20,5.46675E+21,7.30117E+15,4.9341E+16
112674,10,0,42,114,2018,6,17,7,3,8,1,0,0,0,0,1,0,0,0,3.2486E+20,5.48618E+21,6.58094E+15,4.95029E+16
112675,10,0,43,114,2018,5,14,1,3,1,7,0,0,1,0,0,0,0,0,3.67484E+20,5.46781E+21,7.17544E+15,4.93486E+16
112676,10,0,46,117,2018,4,13,6,3,1,6,0,0,1,0,0,0,0,0,3.72038E+20,5.47667E+21,7.23525E+15,4.94293E+16
112677,10,0,45,114,2018,4,17,1,3,0,7,0,1,0,0,0,0,0,0,3.81369E+20,5.46757E+21,7.3666E+15,4.93493E+16
112678,10,0,45,115,2018,2,16,4,2,2,6,0,0,1,0,1,0,0,0,3.75321E+20,5.46589E+21,7.28389E+15,4.9333E+16
112679,10,0,42,116,2018,6,7,5,2,6,4,0,0,0,0,0,0,1,0,3.41758E+20,5.48489E+21,6.81466E+15,4.94959E+16
112680,10,0,43,114,2018,3,15,7,3,2,6,0,0,1,0,0,0,0,0,3.6628E+20,5.47024E+21,7.15806E+15,4.93701E+16
112681,10,0,43,117,2018,6,18,2,3,9,1,0,0,1,0,0,0,1,1,3.64793E+20,5.4649E+21,7.13939E+15,4.93219E+16
112682,10,0,41,517,2018,5,14,2,3,0,3,0,1,0,0,0,0,0,0,3.48528E+20,5.46485E+21,6.91573E+15,4.93175E+16
112683,10,0,45,112,2018,5,7,6,3,2,2,0,0,1,0,1,0,0,0,3.74314E+20,5.45579E+21,7.27321E+15,4.92419E+16
112684,10,0,44,121,2018,6,12,7,3,9,1,0,0,1,0,1,0,0,0,3.32413E+20,5.46673E+21,6.69337E+15,4.93303E+16
112685,10,0,41,518,2018,4,13,3,3,7,1,0,0,1,0,0,0,0,0,3.57606E+20,5.46093E+21,7.04197E+15,4.92845E+16
112686,10,0,45,114,2018,2,14,4,3,2,6,0,0,1,0,0,0,0,0,3.79082E+20,5.46379E+21,7.33627E+15,4.93148E+16
112687,10,0,44,112,2018,6,17,6,2,1,1,0,1,1,0,0,0,0,0,3.49569E+20,5.47248E+21,6.92716E+15,4.93864E+16
112688,10,0,44,119,2018,2,16,3,3,5,3,0,0,1,0,0,0,0,0,3.32415E+20,5.4623E+21,6.69527E+15,4.92905E+16
112689,10,0,45,111,2018,5,18,5,3,1,6,0,1,1,0,0,0,0,0,3.74304E+20,5.46974E+21,7.26869E+15,4.93674E+16
112690,10,0,41,100,2018,4,10,2,3,5,6,0,0,1,0,0,0,0,0,3.53725E+20,5.45534E+21,6.99067E+15,4.92334E+16
112691,10,0,44,116,2018,6,5,3,3,0,7,1,0,1,0,0,0,0,0,3.39804E+20,5.46792E+21,6.79455E+15,4.93429E+16
112692,10,0,44,111,2018,4,14,4,2,1,6,0,0,1,0,0,0,0,1,3.35602E+20,5.46829E+21,6.73659E+15,4.93451E+16
112693,10,0,42,117,2018,6,18,4,3,8,1,0,1,0,0,0,0,0,0,3.42929E+20,5.48805E+21,6.82956E+15,4.95247E+16
112694,10,0,41,512,2018,5,16,5,2,4,6,0,0,1,0,1,0,0,0,3.40958E+20,5.44887E+21,6.81799E+15,4.9172E+16
112695,11,0,2,2,2018,1,15,4,3,6,4,0,0,1,1,0,0,0,1,8.03604E+20,5.82758E+21,1.3475E+16,5.25136E+16
112696,10,0,41,100,2018,10,19,4,3,2,6,2,0,1,0,0,0,0,0,3.54199E+20,5.45577E+21,6.99703E+15,4.92373E+16
112697,10,0,41,100,2018,10,16,3,3,1,6,0,0,1,0,0,0,0,0,3.55548E+20,5.45392E+21,7.0162E+15,4.92211E+16
112698,10,0,46,113,2018,9,17,7,3,5,3,0,0,1,0,0,0,0,0,3.64973E+20,5.48726E+21,7.13425E+15,4.95229E+16
112699,10,0,43,111,2018,11,16,2,3,6,4,2,0,1,1,0,0,0,1,3.50839E+20,5.47525E+21,6.94361E+15,4.94117E+16
112700,10,0,46,114,2018,9,13,6,1,5,3,0,0,1,0,0,1,0,1,3.58198E+20,5.48845E+21,7.04027E+15,4.95321E+16
112701,10,0,42,113,2018,7,2,7,3,4,1,2,0,1,0,0,0,0,0,3.28549E+20,5.47929E+21,6.63482E+15,4.94421E+16
112702,10,0,45,114,2018,12,13,7,3,2,2,0,0,1,0,0,0,0,0,3.78222E+20,5.45826E+21,7.32612E+15,4.9265E+16
112703,10,0,44,116,2018,9,7,5,3,3,6,0,0,1,0,0,1,0,0,3.40392E+20,5.46944E+21,6.80203E+15,4.93567E+16
112704,10,0,41,513,2018,11,11,7,3,0,5,0,0,1,0,0,0,1,0,3.49639E+20,5.46692E+21,6.93023E+15,4.93365E+16
112705,11,0,12,12,2018,1,11,2,3,2,6,0,0,1,0,0,0,0,0,7.9064E+20,5.83501E+21,1.3291E+16,5.25873E+16
112706,10,0,43,114,2018,10,14,5,3,1,6,0,0,1,0,0,0,0,0,3.67259E+20,5.46779E+21,7.17234E+15,4.93484E+16
112707,10,0,44,114,2018,7,12,7,3,8,1,0,0,0,0,1,0,0,0,3.27799E+20,5.47175E+21,6.62776E+15,4.93741E+16
112708,10,0,45,117,2018,10,12,6,3,5,3,0,0,1,0,0,0,0,0,3.6514E+20,5.4561E+21,7.14713E+15,4.92428E+16
112709,10,0,41,511,2018,9,20,4,3,6,2,2,0,0,1,1,0,0,0,3.61631E+20,5.46613E+21,7.09547E+15,4.93322E+16
112710,10,0,46,117,2018,8,17,5,3,2,6,0,0,1,0,0,0,0,0,3.67014E+20,5.48059E+21,7.16469E+15,4.94634E+16
112711,10,0,46,117,2018,7,11,6,3,2,2,0,0,1,0,1,0,0,0,3.63909E+20,5.4835E+21,7.12086E+15,4.94889E+16
112712,10,0,43,114,2018,8,13,3,3,5,3,0,0,1,0,0,0,0,0,3.68473E+20,5.46651E+21,7.18948E+15,4.93371E+16
112713,10,0,45,114,2018,12,13,2,3,5,3,0,1,1,0,0,0,0,1,3.79271E+20,5.4654E+21,7.33838E+15,4.93294E+16
112714,10,0,45,117,2018,11,19,4,3,5,2,2,0,1,0,0,0,0,1,3.61899E+20,5.45783E+21,7.10203E+15,4.92576E+16
112715,10,0,41,519,2018,9,1,1,3,4,1,2,0,1,0,0,0,0,0,3.41674E+20,5.45721E+21,6.82452E+15,4.92471E+16
112716,10,0,45,115,2018,11,16,2,3,1,6,2,0,1,0,0,0,0,1,3.74349E+20,5.46302E+21,7.27143E+15,4.9307E+16
112717,10,0,45,112,2018,9,16,5,3,5,3,0,1,1,0,0,0,0,0,3.72804E+20,5.45773E+21,7.25186E+15,4.92591E+16
112718,10,0,43,117,2018,7,11,6,3,6,4,0,0,1,1,0,0,0,0,3.65215E+20,5.46368E+21,7.14561E+15,4.93109E+16
112719,10,0,42,113,2018,10,14,2,3,5,3,0,0,1,0,0,0,0,0,3.3289E+20,5.48294E+21,6.69313E+15,4.94761E+16
112720,10,0,45,117,2018,8,11,4,3,5,3,0,0,1,0,0,0,0,0,3.62747E+20,5.46167E+21,7.11236E+15,4.92924E+16
112721,10,0,44,113,2018,7,12,2,3,5,3,0,1,0,0,0,1,0,0,3.41082E+20,5.47289E+21,6.81014E+15,4.93879E+16
112722,10,0,41,519,2018,12,12,4,3,3,7,0,0,1,0,0,0,0,0,3.44457E+20,5.45663E+21,6.86295E+15,4.92427E+16
112723,10,0,46,114,2018,8,18,3,3,2,1,0,0,1,0,0,1,1,0,3.63344E+20,5.49416E+21,7.10937E+15,4.95846E+16
112724,10,0,43,115,2018,12,17,5,3,2,6,2,0,1,0,0,0,0,1,3.65951E+20,5.47263E+21,7.15272E+15,4.93916E+16
112725,10,0,45,114,2018,12,17,3,2,6,7,2,1,0,1,0,0,0,0,3.78548E+20,5.46426E+21,7.32879E+15,4.93189E+16
112726,11,0,2,2,2018,1,9,3,3,6,4,0,0,1,1,0,0,0,0,7.99828E+20,5.82873E+21,1.34206E+16,5.2526E+16
112727,10,0,41,100,2018,11,17,6,3,2,6,1,0,1,0,0,0,0,0,3.54849E+20,5.45687E+21,7.00555E+15,4.92473E+16
112728,10,0,46,118,2018,10,15,5,3,5,3,0,0,1,0,0,0,0,0,3.57745E+20,5.48307E+21,7.03596E+15,4.94836E+16
112729,10,0,41,513,2018,11,17,5,3,1,6,2,0,1,0,0,0,0,0,3.49737E+20,5.4664E+21,6.93177E+15,4.93318E+16
112730,10,0,45,114,2018,9,16,2,3,4,2,0,0,1,0,0,0,0,0,3.79601E+20,5.46714E+21,7.34239E+15,4.93451E+16
112731,10,0,43,114,2018,7,7,6,3,9,6,0,0,1,0,0,0,0,0,3.72073E+20,5.46421E+21,7.23974E+15,4.93172E+16
112732,10,0,41,511,2018,10,13,5,3,5,2,0,1,1,0,0,0,0,0,3.61836E+20,5.46528E+21,7.09859E+15,4.93246E+16
112733,10,0,44,115,2018,8,13,6,3,2,6,0,0,1,0,0,0,1,0,3.35356E+20,5.46757E+21,6.7335E+15,4.93386E+16
112734,10,0,41,100,2018,12,19,4,3,0,5,2,0,1,0,1,0,0,1,3.54716E+20,5.45843E+21,7.00315E+15,4.92614E+16
112735,10,0,42,115,2018,8,0,4,3,5,3,2,0,1,0,0,0,0,0,3.15641E+20,5.48786E+21,6.45294E+15,4.95153E+16
112736,10,0,44,115,2018,11,16,5,3,5,3,1,1,1,0,0,0,0,1,3.35675E+20,5.46379E+21,6.73945E+15,4.93048E+16
112737,11,0,7,7,2018,1,17,2,3,6,7,2,0,1,1,0,0,0,0,7.95224E+20,5.82353E+21,1.33483E+16,5.24818E+16
112738,10,0,41,100,2018,10,19,2,3,5,3,2,0,1,0,0,0,0,0,3.57372E+20,5.45306E+21,7.04155E+15,4.92137E+16
112739,10,0,41,100,2018,10,5,2,3,6,2,2,0,1,1,0,0,0,0,3.50208E+20,5.45641E+21,6.94199E+15,4.92421E+16
112740,10,0,42,112,2018,9,18,6,3,8,1,0,0,1,0,0,0,0,1,3.40514E+20,5.48118E+21,6.79899E+15,4.94623E+16
112741,10,0,41,511,2018,8,15,2,3,4,6,0,0,1,0,0,1,0,0,3.60509E+20,5.46656E+21,7.07989E+15,4.93358E+16
112742,10,0,44,117,2018,7,16,6,2,3,7,0,0,0,0,1,0,1,0,3.43424E+20,5.48212E+21,6.83874E+15,4.94716E+16
112743,10,0,41,100,2018,12,12,6,3,6,4,0,0,1,1,0,0,0,1,3.54243E+20,5.45585E+21,6.99759E+15,4.92381E+16
112744,10,0,43,111,2018,11,2,1,3,8,1,2,0,1,0,0,0,0,1,3.52872E+20,5.47669E+21,6.97109E+15,4.94251E+16
112745,10,0,45,111,2018,9,19,3,3,5,3,0,0,1,0,0,0,0,0,3.73831E+20,5.46676E+21,7.26311E+15,4.93405E+16
112746,10,0,41,100,2018,11,14,6,3,2,6,0,0,1,0,0,0,0,0,3.53749E+20,5.4556E+21,6.99091E+15,4.92357E+16
112747,11,0,3,3,2018,1,15,4,3,6,7,1,1,0,1,0,0,0,1,7.98261E+20,5.83505E+21,1.34032E+16,5.25835E+16
112748,10,0,41,519,2018,10,17,4,3,2,6,0,0,1,0,0,0,0,0,3.42322E+20,5.45811E+21,6.83306E+15,4.92554E+16
112749,10,0,42,111,2018,9,15,1,3,1,2,0,0,1,0,0,0,0,0,3.37823E+20,5.47619E+21,6.76392E+15,4.94167E+16
112750,10,0,41,517,2018,7,5,6,3,0,7,1,0,0,0,1,0,0,0,3.49092E+20,5.46166E+21,6.9247E+15,4.92891E+16
112751,10,0,43,114,2018,10,17,5,3,6,4,0,0,1,1,0,0,0,0,3.68959E+20,5.46784E+21,7.19572E+15,4.93492E+16
112752,10,0,46,112,2018,9,14,1,3,1,1,0,0,1,0,1,0,0,0,3.58867E+20,5.47902E+21,7.05288E+15,4.94474E+16
112753,10,0,46,114,2018,8,9,4,3,8,1,0,0,1,0,0,0,0,1,3.58911E+20,5.49549E+21,7.04761E+15,4.95955E+16
112754,10,0,44,114,2018,10,9,2,3,9,1,0,0,1,0,0,0,0,0,3.28917E+20,5.46988E+21,6.64395E+15,4.93576E+16
112755,10,0,41,100,2018,7,7,6,3,0,7,0,0,0,0,0,0,1,0,3.52118E+20,5.45372E+21,6.96921E+15,4.92184E+16
112756,10,0,43,115,2018,8,12,1,2,1,5,0,0,1,0,0,0,0,0,3.72016E+20,5.47543E+21,7.23535E+15,4.94181E+16
112757,10,0,45,117,2018,12,13,7,3,5,3,0,0,1,0,0,1,0,1,3.62678E+20,5.45994E+21,7.112E+15,4.92768E+16
112758,10,0,43,112,2018,11,6,3,2,2,6,2,0,1,0,0,0,1,0,3.56145E+20,5.46873E+21,7.01907E+15,4.93543E+16
112759,10,0,46,113,2018,9,18,6,3,4,6,0,0,1,0,0,0,0,0,3.6544E+20,5.48706E+21,7.14078E+15,4.95212E+16
112760,10,0,43,115,2018,11,3,1,2,8,1,2,0,1,0,0,0,0,0,3.6696E+20,5.47363E+21,7.16627E+15,4.94008E+16
112761,10,0,44,118,2018,9,16,4,3,2,2,0,0,1,0,0,0,0,0,3.41477E+20,5.46519E+21,6.81865E+15,4.93188E+16
112762,10,0,41,100,2018,7,12,6,3,0,7,0,0,0,0,0,0,1,0,3.54899E+20,5.45507E+21,7.00689E+15,4.92312E+16
112763,10,0,46,115,2018,10,17,7,3,8,1,0,0,1,0,0,0,0,0,3.51494E+20,5.4952E+21,6.94514E+15,4.95911E+16
112764,10,0,43,117,2018,8,15,3,3,5,3,0,0,1,0,0,0,0,0,3.63162E+20,5.46476E+21,7.11701E+15,4.93202E+16
112765,10,0,45,114,2018,7,17,6,3,2,6,0,0,1,0,0,0,0,0,3.79893E+20,5.46931E+21,7.34575E+15,4.93647E+16
112766,10,0,45,117,2018,12,0,1,3,9,1,2,0,1,0,0,0,0,1,3.63953E+20,5.45947E+21,7.12969E+15,4.92728E+16
112767,10,0,41,519,2018,9,20,4,3,5,3,2,0,1,0,0,0,0,0,3.43058E+20,5.45662E+21,6.84375E+15,4.92422E+16
112768,10,0,41,100,2018,8,12,2,3,2,6,0,0,1,0,0,0,0,0,3.51435E+20,5.45629E+21,6.95889E+15,4.92413E+16
112769,10,0,41,100,2018,12,17,2,3,6,4,2,0,1,1,0,0,0,1,3.51432E+20,5.4583E+21,6.9581E+15,4.92594E+16
112770,11,0,10,10,2018,1,5,2,2,2,6,2,0,1,0,0,0,0,0,8.0832E+20,5.83206E+21,1.35484E+16,5.25511E+16
112771,10,0,46,115,2018,10,6,4,3,2,1,2,0,1,0,0,0,0,2,3.53406E+20,5.49601E+21,6.97128E+15,4.95989E+16
112772,10,0,43,114,2018,10,21,4,3,7,7,2,0,1,0,0,0,0,1,3.65819E+20,5.46931E+21,7.15201E+15,4.93618E+16
112773,10,0,44,122,2018,9,13,3,3,2,6,0,0,1,0,1,0,0,0,3.39553E+20,5.46025E+21,6.79417E+15,4.92739E+16
112774,10,0,46,113,2018,7,19,5,2,9,1,0,0,1,0,1,0,0,0,3.68053E+20,5.48635E+21,7.17709E+15,4.95154E+16
112775,10,0,44,115,2018,8,15,2,3,2,6,0,0,1,0,0,0,0,0,3.368E+20,5.46598E+21,6.75402E+15,4.93247E+16
112776,10,0,41,519,2018,12,13,2,3,2,6,0,0,1,0,0,1,0,0,3.44381E+20,5.45686E+21,6.86182E+15,4.92447E+16
112777,10,0,41,517,2018,11,19,4,3,1,6,2,0,1,0,0,0,0,1,3.50519E+20,5.46304E+21,6.94378E+15,4.93018E+16
112778,10,0,42,112,2018,9,15,7,3,5,3,0,0,1,0,0,0,0,0,3.37412E+20,5.48674E+21,6.75393E+15,4.95115E+16
112779,10,0,41,519,2018,11,10,2,2,5,3,0,0,1,0,0,0,0,0,3.4602E+20,5.45641E+21,6.8845E+15,4.92411E+16
112780,10,0,45,114,2018,9,18,4,3,0,3,0,0,1,0,0,1,0,0,3.77445E+20,5.45981E+21,7.31498E+15,4.92788E+16
112781,10,0,45,114,2018,7,15,5,3,2,6,0,0,1,0,0,0,0,0,3.79002E+20,5.46418E+21,7.33506E+15,4.93183E+16
112782,10,0,41,100,2018,10,18,2,3,5,3,0,0,1,0,0,0,1,0,3.53725E+20,5.4554E+21,6.99065E+15,4.92339E+16
112783,10,0,41,100,2018,8,16,4,2,0,1,0,0,0,0,0,0,1,0,3.57169E+20,5.46095E+21,7.03595E+15,4.92846E+16
112784,10,0,44,115,2018,7,18,1,2,0,7,0,1,0,0,0,0,0,0,3.36869E+20,5.46603E+21,6.75495E+15,4.93251E+16
112785,10,0,45,117,2018,12,23,2,3,9,1,2,0,1,0,0,0,0,1,3.63943E+20,5.46079E+21,7.1291E+15,4.92847E+16
112786,10,0,45,111,2018,10,15,6,3,2,6,0,0,1,0,1,0,0,0,3.74308E+20,5.46975E+21,7.26874E+15,4.93675E+16
112787,10,0,42,113,2018,9,13,4,3,1,6,0,0,1,0,0,0,0,0,3.27769E+20,5.47946E+21,6.624E+15,4.94433E+16
112788,10,0,41,100,2018,8,19,3,3,0,1,0,1,0,0,0,0,0,0,3.51798E+20,5.4573E+21,6.96349E+15,4.92505E+16
112789,10,0,41,517,2018,7,17,5,3,1,6,0,0,1,0,0,0,0,0,3.50672E+20,5.46295E+21,6.94592E+15,4.9301E+16