OBJECTID_1,ULAND,UREGBEZ,UKREIS,UGEMEINDE,UJAHR,UMONAT,USTUNDE,UWOCHENTAG,UKATEGORIE,UART,UTYP1,ULICHTVERH,IstRad,IstPKW,IstFuss,IstKrad,IstGkfz,IstSonstig,STRZUSTAND,LINREFX,LINREFY,XGCSWGS84,YGCSWGS84
112790,10,0,41,100,2018,12,17,5,3,2,6,2,0,1,0,0,0,0,0,3.52743E+20,5.45643E+21,6.97679E+15,4.9243E+16
112791,10,0,45,114,2018,12,17,2,3,4,2,2,0,1,0,0,0,1,1,3.76587E+20,5.46687E+21,7.301E+15,4.9342E+16
112792,11,0,4,4,2018,1,17,2,3,2,6,2,0,1,0,0,0,1,1,7.88962E+20,5.82358E+21,1.32564E+16,5.24857E+16
112793,10,0,44,115,2018,11,4,5,3,5,3,2,0,1,0,0,0,0,0,3.37328E+20,5.466E+21,6.76128E+15,4.9325E+16
112794,10,0,44,115,2018,10,13,5,3,2,6,0,0,1,0,0,0,0,0,3.36331E+20,5.46324E+21,6.74869E+15,4.92999E+16
112795,10,0,45,114,2018,9,17,3,3,0,7,0,1,0,0,0,0,0,0,3.78078E+20,5.4639E+21,7.32243E+15,4.93156E+16
112796,10,0,46,118,2018,7,15,4,2,4,6,0,0,1,0,0,0,1,0,3.55041E+20,5.48096E+21,6.99942E+15,4.9464E+16
112797,10,0,45,114,2018,11,0,4,3,9,7,2,0,1,0,0,0,0,0,3.78275E+20,5.46219E+21,7.32566E+15,4.93003E+16
112798,10,0,44,115,2018,9,8,2,2,2,6,0,0,1,0,0,1,0,0,3.35081E+20,5.46348E+21,6.73142E+15,4.93018E+16
112799,10,0,45,114,2018,7,10,5,3,4,6,0,0,1,0,0,0,0,0,3.82519E+20,5.46701E+21,7.38259E+15,4.93445E+16
112800,10,0,41,100,2018,10,12,4,3,2,2,0,0,1,0,1,0,0,0,3.59659E+20,5.45758E+21,7.07135E+15,4.92549E+16
112801,10,0,44,115,2018,8,10,5,3,2,6,0,0,1,0,0,0,0,0,3.36957E+20,5.46277E+21,6.75749E+15,4.92959E+16
112802,10,0,41,100,2018,12,8,3,3,2,6,0,0,1,0,0,0,0,0,3.56844E+20,5.45226E+21,7.0346E+15,4.92064E+16
112803,10,0,46,111,2018,8,17,2,3,3,7,0,0,1,0,1,0,0,0,3.74254E+20,5.49058E+21,7.26137E+15,4.95547E+16
112804,10,0,41,515,2018,11,9,4,2,6,2,0,0,1,1,0,0,0,1,3.46127E+20,5.46054E+21,6.88437E+15,4.92782E+16
112805,11,0,3,3,2018,1,16,5,3,2,6,2,0,1,0,0,0,0,1,7.99544E+20,5.84074E+21,1.34273E+16,5.26338E+16
112806,10,0,41,100,2018,10,20,1,2,1,6,2,0,1,0,0,1,0,1,3.5601E+20,5.45257E+21,7.02304E+15,4.9209E+16
112807,10,0,46,117,2018,10,4,1,3,5,3,2,0,1,0,0,0,0,0,3.66493E+20,5.48041E+21,7.15757E+15,4.94617E+16
112808,10,0,41,516,2018,9,16,6,3,5,3,0,0,1,0,0,0,0,0,3.58651E+20,5.46538E+21,7.05475E+15,4.93248E+16
112809,10,0,44,112,2018,8,0,1,3,0,1,2,1,0,0,0,0,0,0,3.43081E+20,5.47327E+21,6.83752E+15,4.93919E+16
112810,10,0,45,114,2018,7,5,5,2,4,7,1,0,1,0,0,0,1,0,3.82795E+20,5.468E+21,7.3861E+15,4.93534E+16
112811,10,0,41,518,2018,12,6,5,3,4,2,2,0,1,0,0,0,0,1,3.59681E+20,5.46003E+21,7.07079E+15,4.9277E+16
112812,10,0,44,115,2018,11,14,7,3,2,6,0,0,1,0,0,0,0,1,3.35846E+20,5.46794E+21,6.74009E+15,4.93421E+16
112813,10,0,44,121,2018,9,20,3,3,9,1,2,0,1,0,0,0,0,0,3.29303E+20,5.46722E+21,6.6504E+15,4.93338E+16
112814,10,0,44,111,2018,11,7,5,3,4,7,2,1,0,0,0,0,0,1,3.34041E+20,5.47129E+21,6.71387E+15,4.93717E+16
112815,10,0,43,112,2018,9,17,7,2,8,1,0,0,0,0,1,0,0,0,3.62674E+20,5.47385E+21,7.10717E+15,4.94018E+16
112816,10,0,43,113,2018,7,7,5,3,5,3,0,0,1,0,0,0,0,0,3.61399E+20,5.47068E+21,7.0907E+15,4.93731E+16
112817,10,0,46,114,2018,10,18,4,3,8,1,0,0,1,0,0,0,0,0,3.57928E+20,5.4889E+21,7.03638E+15,4.9536E+16
112818,10,0,44,111,2018,9,14,7,3,5,3,0,1,1,0,0,0,0,0,3.36622E+20,5.47055E+21,6.74969E+15,4.93658E+16
112819,10,0,41,516,2018,8,12,4,3,9,1,0,0,1,0,0,0,0,1,3.57833E+20,5.46794E+21,7.04258E+15,4.93476E+16
112820,11,0,1,1,2018,1,14,2,3,6,4,0,0,1,1,0,0,0,0,7.99256E+20,5.82791E+21,1.34114E+16,5.25189E+16
112821,10,0,43,112,2018,10,15,1,2,0,6,0,0,1,0,1,0,0,0,3.6038E+20,5.47452E+21,7.07533E+15,4.94073E+16
112822,10,0,44,120,2018,7,19,5,3,2,6,0,0,1,0,0,0,0,0,3.39536E+20,5.46021E+21,6.79396E+15,4.92735E+16
112823,10,0,41,100,2018,8,17,7,2,6,4,0,0,1,1,0,0,0,0,3.54157E+20,5.45568E+21,6.99647E+15,4.92365E+16
112824,10,0,41,518,2018,12,15,7,3,9,1,0,0,1,0,0,0,0,1,3.60332E+20,5.46503E+21,7.07799E+15,4.9322E+16
112825,10,0,44,113,2018,11,12,2,3,1,6,0,0,1,0,0,0,0,0,3.39971E+20,5.47207E+21,6.79517E+15,4.93803E+16
112826,10,0,42,115,2018,9,15,6,3,2,6,0,0,1,0,0,0,0,0,3.09608E+20,5.4863E+21,6.37044E+15,4.94994E+16
112827,10,0,41,516,2018,11,14,7,3,1,2,0,0,1,0,0,0,0,0,3.55657E+20,5.46712E+21,7.01295E+15,4.93397E+16
112828,10,0,41,100,2018,9,8,4,3,1,6,0,0,1,0,0,0,0,0,3.55638E+20,5.4514E+21,7.01835E+15,4.91983E+16
112829,10,0,41,517,2018,7,15,5,3,1,1,0,0,1,0,0,0,0,0,3.50282E+20,5.46512E+21,6.93975E+15,4.93204E+16
112830,10,0,45,114,2018,10,14,6,3,2,6,0,0,1,0,0,0,0,0,3.78528E+20,5.46425E+21,7.32852E+15,4.93189E+16
112831,10,0,41,100,2018,8,21,3,3,5,3,2,0,1,0,0,0,0,0,3.50404E+20,5.45631E+21,6.94472E+15,4.92413E+16
112832,10,0,41,517,2018,7,7,6,3,2,6,0,0,1,0,0,0,0,0,3.50101E+20,5.46248E+21,6.93825E+15,4.92966E+16
112833,10,0,42,111,2018,12,8,7,2,1,5,0,0,1,0,0,0,0,1,3.33417E+20,5.47385E+21,6.70421E+15,4.93945E+16
112834,10,0,46,117,2018,9,14,3,3,6,4,0,0,1,1,0,0,0,0,3.67245E+20,5.48146E+21,7.16758E+15,4.94713E+16
112835,10,0,41,516,2018,8,10,1,2,0,7,0,1,0,0,0,0,0,0,3.58072E+20,5.46435E+21,7.04715E+15,4.93154E+16
112836,10,0,43,114,2018,12,23,7,3,0,7,2,0,0,0,1,0,0,1,3.67923E+20,5.47097E+21,7.18044E+15,4.93771E+16
112837,11,0,12,12,2018,1,21,7,3,0,1,2,0,0,0,1,0,0,1,7.94736E+20,5.83376E+21,1.33502E+16,5.25739E+16
112838,10,0,43,117,2018,10,17,4,3,2,6,2,0,1,0,0,0,0,1,3.6341E+20,5.46457E+21,7.12048E+15,4.93186E+16
112839,10,0,46,117,2018,10,13,3,2,5,3,0,0,1,0,0,0,0,0,3.66377E+20,5.48036E+21,7.15598E+15,4.94612E+16
112840,10,0,41,519,2018,9,13,2,3,0,7,0,0,1,0,1,0,0,0,3.41968E+20,5.45555E+21,6.82921E+15,4.92324E+16
112841,10,0,42,116,2018,11,7,3,3,1,1,1,0,1,0,0,0,0,0,3.43553E+20,5.48385E+21,6.83985E+15,4.94871E+16
112842,10,0,46,111,2018,9,18,7,3,8,1,0,0,1,0,0,0,0,1,3.70153E+20,5.48753E+21,7.2057E+15,4.95265E+16
112843,10,0,41,519,2018,7,13,5,2,8,7,0,0,0,0,0,0,1,0,3.47971E+20,5.45674E+21,6.91116E+15,4.92445E+16
112844,10,0,41,511,2018,10,15,3,1,2,6,0,0,1,0,0,1,0,1,3.59915E+20,5.46597E+21,7.07193E+15,4.93304E+16
112845,10,0,41,518,2018,8,13,4,3,1,6,0,0,1,0,0,0,0,0,3.58646E+20,5.46267E+21,7.05564E+15,4.93004E+16
112846,10,0,45,113,2018,12,9,1,2,4,1,0,0,1,0,0,0,0,2,3.69638E+20,5.44627E+21,7.21209E+15,4.91554E+16
112847,10,0,45,115,2018,11,11,2,3,2,6,0,0,1,0,0,1,0,0,3.74988E+20,5.46342E+21,7.28008E+15,4.93107E+16
112848,11,0,1,1,2018,1,17,3,3,2,6,2,0,1,0,0,0,0,1,7.99699E+20,5.82846E+21,1.34184E+16,5.25236E+16
112849,10,0,41,100,2018,10,7,6,3,2,6,2,0,1,0,0,0,0,0,3.51453E+20,5.45542E+21,6.95946E+15,4.92335E+16
112850,10,0,42,116,2018,10,12,7,2,5,3,0,0,1,0,0,0,0,0,3.44153E+20,5.48437E+21,6.84792E+15,4.94919E+16
112851,10,0,41,100,2018,9,11,5,2,0,7,0,1,0,0,0,0,0,0,3.56827E+20,5.45444E+21,7.03358E+15,4.9226E+16
112852,10,0,45,114,2018,8,21,6,3,2,6,0,0,1,0,0,0,0,0,3.77062E+20,5.459E+21,7.30997E+15,4.92714E+16
112853,10,0,46,111,2018,7,21,4,2,5,3,0,0,1,0,1,0,0,0,3.72775E+20,5.4855E+21,7.24258E+15,4.95088E+16
112854,10,0,42,113,2018,12,17,3,3,0,7,2,0,1,1,0,0,0,0,3.29817E+20,5.47936E+21,6.65227E+15,4.9443E+16
112855,10,0,46,116,2018,11,8,3,2,9,1,0,0,1,0,0,0,0,1,3.58939E+20,5.48682E+21,7.05108E+15,4.95176E+16
112856,10,0,41,517,2018,9,6,1,2,8,7,2,0,1,0,0,0,1,1,3.50254E+20,5.46435E+21,6.93965E+15,4.93135E+16
112857,10,0,45,112,2018,7,2,4,2,0,7,2,0,0,0,1,0,0,0,3.70821E+20,5.45641E+21,7.22504E+15,4.92468E+16
112858,10,0,42,112,2018,10,15,3,3,8,1,0,0,1,0,0,0,0,1,3.35877E+20,5.48574E+21,6.73315E+15,4.9502E+16
112859,10,0,41,100,2018,8,13,5,3,3,6,0,1,0,0,0,1,0,0,3.59864E+20,5.45211E+21,7.07608E+15,4.92057E+16
112860,10,0,44,117,2018,12,14,2,2,0,7,0,0,1,0,0,0,0,1,3.49125E+20,5.48342E+21,6.91688E+15,4.94847E+16
112861,10,0,41,100,2018,11,21,3,3,2,6,2,0,1,0,0,0,0,0,3.54462E+20,5.45466E+21,7.00104E+15,4.92274E+16
112862,11,0,7,7,2018,1,16,4,3,2,6,2,0,1,0,0,0,0,1,7.97301E+20,5.82234E+21,1.33777E+16,5.24701E+16
112863,10,0,46,115,2018,10,0,6,2,9,1,2,0,1,0,0,0,0,0,3.52911E+20,5.49705E+21,6.96404E+15,4.96081E+16
112864,10,0,45,114,2018,10,19,7,3,5,2,2,1,1,0,0,0,0,0,3.78622E+20,5.46485E+21,7.32962E+15,4.93243E+16
112865,10,0,42,113,2018,9,17,5,3,0,7,0,0,1,0,0,0,0,1,3.2813E+20,5.4808E+21,6.6284E+15,4.94555E+16
112866,10,0,44,115,2018,8,7,7,3,5,2,0,0,1,0,0,0,0,0,3.35555E+20,5.4651E+21,6.73726E+15,4.93165E+16
112867,10,0,42,112,2018,7,19,4,3,2,6,0,0,1,0,1,0,0,0,3.37312E+20,5.48656E+21,6.75263E+15,4.95098E+16
112868,10,0,46,117,2018,12,20,3,3,0,3,2,0,1,0,0,0,0,1,3.63309E+20,5.48429E+21,7.1123E+15,4.94959E+16
112869,10,0,46,112,2018,11,11,6,3,3,7,0,0,1,0,0,0,0,0,3.60428E+20,5.47707E+21,7.07509E+15,4.94303E+16
112870,10,0,46,113,2018,9,14,2,3,2,6,0,0,1,0,0,0,0,0,3.67427E+20,5.48764E+21,7.16802E+15,4.95268E+16
112871,10,0,45,112,2018,11,6,4,3,4,1,2,0,1,0,0,1,1,1,3.75363E+20,5.4575E+21,7.28708E+15,4.92576E+16
112872,10,0,41,511,2018,9,21,7,3,5,3,2,0,1,0,0,0,0,0,3.61233E+20,5.46471E+21,7.0905E+15,4.93194E+16
112873,10,0,46,115,2018,7,13,4,2,2,6,0,0,1,0,1,0,0,0,3.52875E+20,5.49799E+21,6.96319E+15,4.96166E+16
112874,10,0,44,115,2018,10,14,4,3,0,5,0,1,1,0,0,0,0,0,3.33824E+20,5.46772E+21,6.71237E+15,4.93396E+16
112875,10,0,43,111,2018,8,9,6,3,5,3,0,0,1,0,0,0,0,0,3.5277E+20,5.47476E+21,6.97039E+15,4.94077E+16
112876,10,0,45,112,2018,7,20,3,3,2,7,0,0,1,0,1,0,0,0,3.73378E+20,5.45534E+21,7.2605E+15,4.92378E+16
112877,10,0,44,119,2018,12,23,2,3,5,3,2,1,1,0,0,0,0,1,3.32304E+20,5.45815E+21,6.69549E+15,4.92531E+16
112878,10,0,45,117,2018,10,9,7,3,2,6,0,0,1,0,0,0,0,0,3.6533E+20,5.4609E+21,7.14813E+15,4.9286E+16
112879,10,0,44,111,2018,7,9,4,3,5,3,0,0,1,0,0,0,0,0,3.37039E+20,5.47059E+21,6.75542E+15,4.93662E+16
112880,10,0,41,100,2018,8,18,6,3,4,2,0,0,1,0,0,0,0,0,3.50815E+20,5.45632E+21,6.95036E+15,4.92415E+16
112881,10,0,41,100,2018,12,13,7,3,1,5,0,0,1,0,0,0,0,1,3.56697E+20,5.4519E+21,7.03271E+15,4.92031E+16
112882,10,0,41,514,2018,11,18,2,3,1,6,2,0,1,0,0,0,0,0,3.57159E+20,5.44783E+21,7.04049E+15,4.91666E+16
112883,10,0,43,114,2018,9,22,5,3,2,6,2,0,1,0,0,0,0,1,3.71262E+20,5.46655E+21,7.22783E+15,4.93381E+16
112884,10,0,46,115,2018,11,3,6,2,9,1,2,0,1,0,0,0,0,1,3.53309E+20,5.49384E+21,6.97075E+15,4.95793E+16
112885,10,0,45,114,2018,9,15,3,3,5,3,0,0,1,0,0,0,0,0,3.80115E+20,5.46584E+21,7.34986E+15,4.93335E+16
112886,10,0,41,514,2018,7,16,4,3,8,1,0,0,1,0,0,0,0,0,3.57106E+20,5.44606E+21,7.04039E+15,4.91507E+16
112887,10,0,44,112,2018,10,14,6,3,1,5,0,0,1,0,0,0,1,0,3.48156E+20,5.47479E+21,6.90682E+15,4.94069E+16
112888,10,0,43,115,2018,8,16,2,2,8,6,0,0,1,0,0,0,1,1,3.73645E+20,5.47471E+21,7.25804E+15,4.94119E+16
112889,10,0,41,100,2018,12,23,7,3,4,6,2,0,1,0,0,0,1,1,3.51686E+20,5.4576E+21,6.96185E+15,4.92532E+16
112890,10,0,41,100,2018,8,12,7,3,1,5,0,0,1,0,0,0,0,0,3.55295E+20,5.45481E+21,7.01242E+15,4.9229E+16
112891,10,0,42,112,2018,11,16,6,3,5,3,0,0,1,0,0,0,0,1,3.33245E+20,5.48485E+21,6.69721E+15,4.94933E+16
112892,11,0,3,3,2018,1,11,5,3,5,2,0,1,1,0,0,0,0,1,8.00552E+20,5.82981E+21,1.34322E+16,5.25353E+16
112893,10,0,41,518,2018,10,12,4,3,4,2,0,0,1,0,0,0,0,0,3.61008E+20,5.46439E+21,7.08751E+15,4.93164E+16
112894,10,0,44,120,2018,10,13,3,3,5,3,0,1,1,0,0,0,0,0,3.41367E+20,5.45762E+21,6.82014E+15,4.92508E+16
112895,10,0,42,113,2018,9,10,1,2,5,3,0,1,1,0,0,0,0,0,3.28078E+20,5.47768E+21,6.62903E+15,4.94275E+16
112896,10,0,41,100,2018,11,17,3,3,1,6,2,0,1,0,0,0,0,0,3.56008E+20,5.45265E+21,7.02298E+15,4.92097E+16
112897,10,0,41,100,2018,9,12,7,3,3,6,0,0,1,0,0,0,0,0,3.55262E+20,5.45482E+21,7.01196E+15,4.92291E+16
112898,10,0,41,100,2018,7,5,4,2,0,7,0,1,0,0,0,0,0,0,3.51719E+20,5.45748E+21,6.96235E+15,4.92521E+16
112899,10,0,44,119,2018,12,9,1,3,8,1,0,0,1,0,0,0,0,2,3.32841E+20,5.45704E+21,6.70332E+15,4.92432E+16
112900,10,0,43,114,2018,9,15,5,2,6,4,0,0,1,1,0,0,0,0,3.68612E+20,5.4673E+21,7.19112E+15,4.93442E+16
112901,10,0,42,116,2018,11,0,7,2,8,1,2,0,1,0,0,0,0,1,3.48261E+20,5.49253E+21,6.90146E+15,4.95663E+16
112902,11,0,2,2,2018,1,8,2,3,5,2,0,1,1,0,0,0,0,0,8.03321E+20,5.82763E+21,1.34709E+16,5.25142E+16
112903,10,0,45,114,2018,10,15,5,3,5,3,0,0,1,0,0,0,0,0,3.81041E+20,5.46723E+21,7.36219E+15,4.93461E+16
112904,10,0,44,111,2018,10,11,7,3,0,1,0,1,0,0,0,0,0,0,3.34084E+20,5.47027E+21,6.71489E+15,4.93625E+16
112905,10,0,44,111,2018,9,9,4,3,5,3,0,0,1,0,0,0,0,0,3.34407E+20,5.46969E+21,6.71957E+15,4.93574E+16
112906,10,0,41,511,2018,8,6,6,2,5,3,0,0,0,0,1,1,0,0,3.60509E+20,5.46616E+21,7.08003E+15,4.93322E+16
112907,10,0,41,100,2018,7,12,4,3,3,6,0,0,1,0,1,0,0,0,3.53565E+20,5.45613E+21,6.98819E+15,4.92404E+16
112908,10,0,41,519,2018,12,14,3,3,6,4,0,0,1,1,0,0,0,0,3.4233E+20,5.45732E+21,6.83348E+15,4.92483E+16
112909,10,0,42,112,2018,11,15,5,3,6,7,0,0,1,1,0,0,0,0,3.36586E+20,5.48631E+21,6.74271E+15,4.95074E+16
112910,10,0,43,112,2018,9,20,1,3,5,3,2,0,1,0,0,0,0,0,3.57013E+20,5.47155E+21,7.03001E+15,4.93798E+16
112911,10,0,41,100,2018,11,14,3,3,5,3,0,0,1,0,1,0,0,0,3.53517E+20,5.45567E+21,6.98769E+15,4.92363E+16
112912,10,0,41,519,2018,9,12,6,3,2,6,0,0,1,0,0,0,0,0,3.42113E+20,5.45564E+21,6.83116E+15,4.92332E+16
112913,10,0,45,112,2018,7,20,3,3,8,1,0,0,0,0,1,0,0,0,3.74702E+20,5.45806E+21,7.27783E+15,4.92624E+16
112914,10,0,45,116,2018,10,8,2,3,2,6,0,0,1,0,0,0,1,0,3.64599E+20,5.45115E+21,7.14137E+15,4.91982E+16
112915,10,0,41,512,2018,8,14,5,3,9,1,0,0,1,0,0,0,0,1,3.42009E+20,5.44861E+21,6.8325E+15,4.91699E+16
112916,10,0,45,115,2018,7,7,2,3,1,5,0,0,1,0,0,0,0,0,3.75172E+20,5.46431E+21,7.28234E+15,4.93188E+16
112917,10,0,41,100,2018,12,12,5,3,3,6,0,0,1,0,0,0,1,0,3.52212E+20,5.45611E+21,6.96963E+15,4.92399E+16
112918,10,0,45,114,2018,8,18,3,3,5,7,0,1,1,0,0,0,0,0,3.78207E+20,5.4653E+21,7.32378E+15,4.93282E+16
112919,10,0,45,116,2018,12,15,5,3,9,1,0,0,1,0,0,0,0,1,3.64943E+20,5.45296E+21,7.14549E+15,4.92145E+16
112920,10,0,41,519,2018,12,12,4,3,2,6,0,0,1,0,0,0,0,0,3.44453E+20,5.45741E+21,6.8626E+15,4.92497E+16
112921,11,0,1,1,2018,1,19,4,3,5,7,2,1,1,0,0,0,0,1,7.98175E+20,5.82694E+21,1.33947E+16,5.25108E+16
112922,10,0,41,100,2018,11,17,6,3,5,2,1,1,1,0,0,0,0,0,3.57873E+20,5.45903E+21,7.04631E+15,4.92675E+16
112923,10,0,43,114,2018,10,16,6,3,1,3,0,1,1,0,0,0,0,0,3.68E+20,5.46799E+21,7.18248E+15,4.93503E+16
112924,10,0,46,114,2018,11,19,5,2,8,1,2,0,1,0,0,0,0,1,3.68747E+20,5.49346E+21,7.18432E+15,4.95795E+16
112925,10,0,43,116,2018,11,22,5,3,0,7,2,0,1,0,0,0,1,0,3.65553E+20,5.46814E+21,7.14875E+15,4.93511E+16
112926,10,0,44,118,2018,9,12,2,3,6,4,0,0,1,1,0,0,0,0,3.41668E+20,5.46459E+21,6.82151E+15,4.93135E+16
112927,10,0,44,123,2018,11,11,4,3,2,6,0,0,1,0,0,0,0,0,3.38183E+20,5.46261E+21,6.7744E+15,4.92948E+16
112928,10,0,46,117,2018,9,15,6,3,1,5,0,0,1,0,0,0,0,0,3.67286E+20,5.48096E+21,7.16831E+15,4.94668E+16
112929,10,0,42,113,2018,7,13,3,3,1,2,0,0,1,0,0,0,0,0,3.27873E+20,5.47931E+21,6.6255E+15,4.94421E+16
112930,10,0,43,116,2018,10,18,3,3,3,6,0,1,1,0,0,0,0,0,3.6158E+20,5.46853E+21,7.09394E+15,4.93538E+16
112931,10,0,46,118,2018,8,16,5,3,5,2,0,0,1,0,1,0,0,0,3.57667E+20,5.48448E+21,7.03438E+15,4.94962E+16
112932,10,0,41,515,2018,7,14,3,3,1,6,0,0,1,0,0,0,0,0,3.48511E+20,5.46477E+21,6.91552E+15,4.93168E+16
112933,10,0,41,100,2018,12,19,1,3,2,2,2,0,1,0,0,0,0,1,3.53609E+20,5.45536E+21,6.98907E+15,4.92335E+16
112934,10,0,43,114,2018,7,15,3,3,2,2,0,0,1,0,0,0,0,0,3.65103E+20,5.46839E+21,7.14248E+15,4.93533E+16
112935,10,0,41,100,2018,8,7,5,3,9,1,0,1,1,0,0,0,0,0,3.55588E+20,5.45475E+21,7.01646E+15,4.92285E+16
112936,10,0,43,114,2018,12,7,6,3,2,6,2,0,1,0,0,0,0,1,3.66692E+20,5.46835E+21,7.16436E+15,4.93533E+16
112937,11,0,3,3,2018,1,6,5,3,5,2,2,0,1,0,0,0,0,0,8.01321E+20,5.83101E+21,1.34446E+16,5.25456E+16
112938,10,0,42,112,2018,11,10,6,3,2,6,0,0,1,0,0,0,0,1,3.3717E+20,5.4863E+21,6.75077E+15,4.95074E+16
112939,10,0,41,519,2018,11,19,6,3,3,6,2,0,0,0,1,0,1,0,3.4268E+20,5.45705E+21,6.83838E+15,4.9246E+16
112940,10,0,43,117,2018,9,15,3,3,1,6,0,0,1,0,0,0,0,0,3.63911E+20,5.46404E+21,7.12756E+15,4.93139E+16
112941,10,0,43,114,2018,7,7,3,2,2,6,0,0,0,0,1,1,0,0,3.6886E+20,5.4657E+21,7.19506E+15,4.933E+16
112942,10,0,41,100,2018,10,1,6,3,7,7,2,1,0,0,0,0,0,0,3.54624E+20,5.45521E+21,7.00306E+15,4.92324E+16
112943,10,0,41,100,2018,8,4,1,2,9,1,2,0,1,0,0,0,0,0,3.63121E+20,5.45464E+21,7.11991E+15,4.92292E+16
112944,10,0,43,113,2018,12,13,5,3,5,3,0,0,1,0,0,0,0,1,3.58538E+20,5.46846E+21,7.05211E+15,4.93524E+16
112945,10,0,45,112,2018,8,14,5,1,8,1,0,0,1,0,0,0,0,1,3.7378E+20,5.45312E+21,7.26672E+15,4.92179E+16
112946,10,0,44,113,2018,11,22,6,2,9,1,2,0,1,0,0,0,0,1,3.41074E+20,5.47199E+21,6.8104E+15,4.93799E+16
112947,11,0,9,9,2018,1,18,4,2,5,3,2,1,1,0,0,0,0,1,8.0611E+20,5.82164E+21,1.35064E+16,5.2459E+16
112948,10,0,45,115,2018,10,16,3,3,6,2,1,0,1,1,0,0,0,1,3.74885E+20,5.46412E+21,7.27844E+15,4.9317E+16
112949,10,0,46,113,2018,10,6,2,2,5,3,1,0,1,0,1,0,0,0,3.67668E+20,5.48806E+21,7.17121E+15,4.95307E+16
112950,10,0,45,111,2018,9,19,7,2,5,3,0,0,1,0,1,0,0,0,3.74154E+20,5.47035E+21,7.26642E+15,4.93728E+16
112951,10,0,46,117,2018,7,12,4,3,0,7,0,0,1,0,0,0,0,0,3.65596E+20,5.4828E+21,7.14439E+15,4.94829E+16
112952,10,0,43,112,2018,9,15,6,2,0,1,0,0,0,0,1,0,0,1,3.58077E+20,5.47204E+21,7.04448E+15,4.93845E+16
112953,10,0,43,114,2018,7,6,3,3,1,1,0,0,1,0,0,0,0,0,3.7001E+20,5.47123E+21,7.20909E+15,4.93799E+16
112954,10,0,41,100,2018,12,13,7,3,1,6,0,0,1,0,0,0,0,0,3.56149E+20,5.4516E+21,7.02529E+15,4.92003E+16
112955,10,0,44,118,2018,9,13,5,3,1,5,0,0,1,0,0,0,0,0,3.41183E+20,5.46351E+21,6.81527E+15,4.93037E+16
112956,10,0,46,112,2018,11,7,6,3,4,7,1,0,1,0,0,0,1,1,3.58181E+20,5.47791E+21,7.04382E+15,4.94373E+16
112957,11,0,5,5,2018,1,15,1,3,5,3,0,0,1,0,0,0,0,0,7.83457E+20,5.82665E+21,1.31782E+16,5.25161E+16
112958,10,0,44,115,2018,10,6,5,3,2,6,2,0,1,0,0,0,0,1,3.38722E+20,5.45997E+21,6.78287E+15,4.92712E+16
112959,10,0,44,117,2018,7,12,3,3,1,1,0,0,1,0,0,0,0,0,3.43605E+20,5.47645E+21,6.84348E+15,4.94206E+16
112960,10,0,42,111,2018,10,17,6,2,9,7,0,0,1,0,0,0,0,0,3.37681E+20,5.47512E+21,6.7624E+15,4.94071E+16
112961,10,0,45,117,2018,9,16,3,3,2,6,0,0,1,0,0,0,0,0,3.61962E+20,5.45778E+21,7.10291E+15,4.92572E+16
112962,10,0,44,115,2018,8,19,5,3,0,5,0,1,1,0,0,0,0,0,3.36106E+20,5.4642E+21,6.74521E+15,4.93085E+16
112963,10,0,43,112,2018,10,16,3,3,2,6,0,0,1,0,1,0,0,0,3.56979E+20,5.47154E+21,7.02954E+15,4.93798E+16
112964,10,0,46,117,2018,7,6,2,3,7,7,0,0,1,0,0,0,0,0,3.69392E+20,5.47939E+21,7.19788E+15,4.94531E+16
112965,10,0,41,100,2018,8,13,3,3,5,3,0,0,1,0,0,0,0,0,3.48361E+20,5.45692E+21,6.91644E+15,4.92463E+16
112966,10,0,43,115,2018,12,17,2,3,2,6,2,0,1,0,0,0,0,0,3.6558E+20,5.47157E+21,7.14797E+15,4.9382E+16
112967,10,0,43,114,2018,11,14,4,2,6,4,0,0,1,1,0,0,0,0,3.68208E+20,5.46958E+21,7.18481E+15,4.93647E+16
112968,10,0,45,117,2018,9,13,7,3,5,3,0,0,1,0,0,0,0,0,3.63812E+20,5.46094E+21,7.12726E+15,4.9286E+16
112969,10,0,43,112,2018,11,7,2,3,1,1,0,0,1,0,0,0,1,0,3.55776E+20,5.46927E+21,7.0138E+15,4.93591E+16
112970,10,0,43,115,2018,9,15,5,2,8,7,0,0,0,0,1,0,0,0,3.63725E+20,5.47444E+21,7.12144E+15,4.94074E+16
112971,10,0,45,116,2018,7,15,2,3,9,7,0,0,1,0,0,0,0,0,3.64754E+20,5.44468E+21,7.14567E+15,4.914E+16