OBJECTID_1,ULAND,UREGBEZ,UKREIS,UGEMEINDE,UJAHR,UMONAT,USTUNDE,UWOCHENTAG,UKATEGORIE,UART,UTYP1,ULICHTVERH,IstRad,IstPKW,IstFuss,IstKrad,IstGkfz,IstSonstig,STRZUSTAND,LINREFX,LINREFY,XGCSWGS84,YGCSWGS84
113701,10,0,43,114,2018,7,18,4,3,5,3,0,0,1,0,0,0,0,1,3.65726E+20,5.46749E+21,7.15135E+15,4.93454E+16
113702,10,0,41,100,2018,12,21,1,3,9,1,2,0,1,0,0,0,0,1,3.5201E+20,5.45544E+21,6.96709E+15,4.92338E+16
113703,10,0,43,114,2018,9,13,5,3,2,6,0,0,1,0,0,0,0,0,3.70389E+20,5.4648E+21,7.2164E+15,4.93222E+16
113704,10,0,43,114,2018,11,23,7,3,8,1,2,0,1,0,0,0,0,1,3.7204E+20,5.46784E+21,7.23813E+15,4.93498E+16
113705,11,0,7,7,2018,1,15,2,3,2,6,1,0,1,0,0,0,0,0,7.97925E+20,5.82012E+21,1.33849E+16,5.24498E+16
113706,10,0,45,114,2018,10,7,5,3,2,6,1,0,1,0,0,0,0,0,3.76628E+20,5.46683E+21,7.30157E+15,4.93417E+16
113707,10,0,41,513,2018,10,11,7,3,5,3,0,0,1,0,0,0,0,0,3.4987E+20,5.4684E+21,6.93284E+15,4.93498E+16
113708,10,0,44,115,2018,9,13,4,3,0,7,0,0,1,0,0,0,0,0,3.36854E+20,5.46541E+21,6.75499E+15,4.93196E+16
113709,10,0,41,512,2018,8,10,6,3,8,1,0,0,0,0,1,0,0,0,3.43897E+20,5.45002E+21,6.85783E+15,4.91831E+16
113710,10,0,41,516,2018,7,14,4,3,2,6,0,0,1,0,1,0,0,0,3.58588E+20,5.46457E+21,7.05416E+15,4.93175E+16
113711,10,0,41,100,2018,12,20,3,3,3,6,2,0,1,0,0,0,0,0,3.53129E+20,5.45643E+21,6.9821E+15,4.9243E+16
113712,10,0,43,117,2018,11,12,5,3,2,6,0,0,1,0,0,0,0,0,3.63494E+20,5.46449E+21,7.12167E+15,4.93179E+16
113713,10,0,43,111,2018,9,15,1,3,0,7,0,0,1,0,1,0,0,0,3.56015E+20,5.47541E+21,7.01487E+15,4.94143E+16
113714,10,0,41,100,2018,11,8,3,2,5,2,0,0,1,0,1,0,0,0,3.54842E+20,5.45667E+21,7.00552E+15,4.92456E+16
113715,10,0,41,516,2018,11,7,2,3,2,6,1,0,1,0,0,0,1,0,3.58172E+20,5.46759E+21,7.04738E+15,4.93445E+16
113716,11,0,3,3,2018,1,8,3,2,6,4,0,0,1,1,0,0,0,0,8.00658E+20,5.83003E+21,1.3434E+16,5.25372E+16
113717,10,0,46,117,2018,10,7,5,3,2,6,1,0,1,0,0,0,0,1,3.62377E+20,5.48211E+21,7.1002E+15,4.9476E+16
113718,10,0,42,112,2018,10,15,7,2,7,1,0,1,0,0,0,0,0,0,3.3619E+20,5.48608E+21,6.73733E+15,4.95052E+16
113719,10,0,45,114,2018,9,14,4,3,2,6,0,0,1,0,0,0,0,0,3.7772E+20,5.46096E+21,7.31841E+15,4.92892E+16
113720,10,0,45,114,2018,8,9,6,3,5,2,0,0,1,0,1,0,0,0,3.79342E+20,5.46512E+21,7.33945E+15,4.93269E+16
113721,10,0,41,511,2018,7,13,4,3,4,2,0,0,1,0,0,0,0,0,3.61173E+20,5.46616E+21,7.08917E+15,4.93323E+16
113722,10,0,43,115,2018,12,5,3,3,8,1,2,0,1,0,0,0,0,2,3.70687E+20,5.47628E+21,7.21676E+15,4.94254E+16
113723,10,0,45,114,2018,11,7,5,3,2,6,0,0,1,0,0,0,0,1,3.75024E+20,5.46562E+21,7.27988E+15,4.93305E+16
113724,10,0,44,115,2018,9,7,2,3,2,6,0,0,1,0,0,0,1,0,3.36362E+20,5.46607E+21,6.74796E+15,4.93254E+16
113725,10,0,41,519,2018,11,23,4,3,5,3,2,0,1,0,0,0,0,0,3.42691E+20,5.4564E+21,6.83879E+15,4.92401E+16
113726,10,0,45,115,2018,9,22,6,3,2,6,2,0,1,0,0,0,0,0,3.74541E+20,5.46263E+21,7.27418E+15,4.93036E+16
113727,10,0,41,512,2018,7,18,4,2,4,6,0,0,1,0,0,0,0,1,3.41774E+20,5.45354E+21,6.82734E+15,4.92142E+16
113728,10,0,44,115,2018,10,7,3,3,5,2,2,0,1,0,0,0,0,0,3.36877E+20,5.46562E+21,6.75523E+15,4.93215E+16
113729,10,0,43,113,2018,8,20,5,3,5,3,2,0,1,0,0,0,0,0,3.59117E+20,5.4693E+21,7.05978E+15,4.93601E+16
113730,10,0,41,519,2018,7,13,3,2,5,3,0,0,1,0,0,0,0,0,3.40604E+20,5.45462E+21,6.81086E+15,4.92236E+16
113731,10,0,44,121,2018,12,15,6,3,3,6,0,0,1,0,0,0,0,0,3.34464E+20,5.46734E+21,6.72133E+15,4.93363E+16
113732,10,0,41,519,2018,7,10,4,3,6,5,0,0,0,1,0,0,1,0,3.36422E+20,5.45092E+21,6.75498E+15,4.91892E+16
113733,10,0,45,111,2018,8,12,4,3,1,6,0,0,1,0,0,0,0,0,3.74083E+20,5.46813E+21,7.26616E+15,4.93528E+16
113734,10,0,44,117,2018,12,15,6,2,6,4,0,0,1,1,0,0,0,1,3.47537E+20,5.4823E+21,6.89541E+15,4.94742E+16
113735,11,0,4,4,2018,1,11,5,3,2,6,0,0,1,0,0,0,0,0,7.906E+20,5.82722E+21,1.32836E+16,5.25174E+16
113736,10,0,42,112,2018,11,8,6,3,0,1,0,0,0,0,1,0,0,1,3.36725E+20,5.48641E+21,6.74458E+15,4.95083E+16
113737,10,0,44,115,2018,7,1,1,3,8,1,2,0,1,0,0,0,0,0,3.37148E+20,5.46482E+21,6.75927E+15,4.93143E+16
113738,10,0,41,100,2018,11,19,6,3,5,3,2,0,1,0,0,0,0,0,3.49594E+20,5.45659E+21,6.93349E+15,4.92435E+16
113739,10,0,43,114,2018,9,12,3,3,2,1,0,0,1,0,0,0,0,0,3.68481E+20,5.46649E+21,7.1896E+15,4.93369E+16
113740,10,0,41,100,2018,7,15,4,3,2,6,0,0,1,0,0,0,0,0,3.50528E+20,5.45574E+21,6.94664E+15,4.92362E+16
113741,10,0,45,116,2018,10,7,5,3,8,7,1,0,1,0,0,0,0,0,3.65355E+20,5.44591E+21,7.15349E+15,4.91513E+16
113742,10,0,45,111,2018,8,19,7,2,5,2,0,0,1,0,0,0,0,0,3.75958E+20,5.46662E+21,7.29242E+15,4.93397E+16
113743,10,0,43,114,2018,12,7,5,2,5,3,2,1,1,0,0,0,0,1,3.70486E+20,5.46845E+21,7.21654E+15,4.9355E+16
113744,10,0,44,119,2018,8,17,5,3,4,2,0,0,1,0,0,0,1,0,3.32415E+20,5.4623E+21,6.69527E+15,4.92905E+16
113745,10,0,44,115,2018,11,13,6,3,1,6,0,0,1,0,0,0,0,0,3.36808E+20,5.46596E+21,6.75414E+15,4.93245E+16
113746,11,0,7,7,2018,1,6,3,3,6,2,2,0,1,1,0,0,0,1,7.95505E+20,5.82334E+21,1.33523E+16,5.248E+16
113747,10,0,41,517,2018,10,16,3,3,3,2,1,0,0,0,0,0,1,1,3.5057E+20,5.46323E+21,6.94442E+15,4.93035E+16
113748,10,0,45,117,2018,10,11,2,3,9,7,0,0,1,0,0,1,0,0,3.64583E+20,5.45917E+21,7.13845E+15,4.92703E+16
113749,10,0,45,115,2018,9,13,7,2,2,6,0,0,1,0,0,0,0,0,3.74341E+20,5.46489E+21,7.27072E+15,4.93238E+16
113750,10,0,45,115,2018,7,11,4,3,9,7,0,0,1,0,0,0,1,0,3.72388E+20,5.46399E+21,7.24414E+15,4.93153E+16
113751,10,0,43,114,2018,9,17,6,3,4,1,0,0,1,0,0,0,0,0,3.6839E+20,5.47027E+21,7.1871E+15,4.93709E+16
113752,10,0,41,100,2018,7,15,4,3,6,4,0,0,0,1,0,1,0,0,3.54115E+20,5.45563E+21,6.99592E+15,4.9236E+16
113753,10,0,45,117,2018,12,22,6,2,5,3,2,0,1,0,1,0,0,0,3.61325E+20,5.4593E+21,7.09364E+15,4.92708E+16
113754,10,0,41,511,2018,9,10,5,3,1,5,0,0,1,0,0,0,1,0,3.61697E+20,5.4662E+21,7.09636E+15,4.93328E+16
113755,10,0,45,114,2018,11,19,6,3,8,7,2,0,1,0,0,0,0,0,3.77326E+20,5.46741E+21,7.311E+15,4.9347E+16
113756,11,0,10,10,2018,1,3,1,2,1,5,2,0,1,0,0,1,0,0,8.09167E+20,5.8339E+21,1.35626E+16,5.25671E+16
113757,10,0,41,518,2018,10,8,5,3,6,4,0,0,1,1,0,0,0,1,3.58687E+20,5.46259E+21,7.05624E+15,4.92997E+16
113758,10,0,46,111,2018,7,16,3,3,4,6,0,0,1,0,0,0,0,0,3.74835E+20,5.48772E+21,7.27031E+15,4.95292E+16
113759,10,0,43,117,2018,10,23,6,3,8,1,2,0,1,0,0,0,0,0,3.63848E+20,5.46422E+21,7.12663E+15,4.93155E+16
113760,10,0,45,112,2018,9,10,3,2,8,7,0,0,1,0,0,0,0,0,3.73338E+20,5.45573E+21,7.25983E+15,4.92412E+16
113761,10,0,41,100,2018,8,16,5,3,0,7,0,1,0,0,0,0,0,0,3.57328E+20,5.46029E+21,7.03838E+15,4.92787E+16
113762,10,0,43,113,2018,10,16,3,3,5,3,0,0,1,0,0,0,0,0,3.60932E+20,5.46885E+21,7.08492E+15,4.93565E+16
113763,10,0,45,117,2018,7,7,3,3,5,2,0,0,1,0,0,0,0,0,3.66297E+20,5.46061E+21,7.16152E+15,4.92836E+16
113764,10,0,43,111,2018,8,12,2,3,2,7,0,0,1,0,0,0,0,0,3.52473E+20,5.4746E+21,6.96636E+15,4.94062E+16
113765,10,0,44,120,2018,12,11,2,3,2,7,0,0,1,0,0,0,1,1,3.41343E+20,5.45761E+21,6.81981E+15,4.92507E+16
113766,10,0,44,115,2018,11,19,4,3,2,2,2,0,1,0,0,0,0,1,3.35177E+20,5.46556E+21,6.73187E+15,4.93205E+16
113767,10,0,45,114,2018,9,12,7,3,4,2,0,0,1,0,0,0,0,0,3.78664E+20,5.46832E+21,7.32915E+15,4.93555E+16
113768,10,0,46,114,2018,7,14,7,2,9,1,0,0,1,0,0,0,0,1,3.62357E+20,5.49405E+21,7.09576E+15,4.95834E+16
113769,10,0,41,519,2018,11,18,2,2,8,1,0,0,0,0,1,0,0,0,3.41895E+20,5.45548E+21,6.82824E+15,4.92317E+16
113770,10,0,44,122,2018,9,11,5,3,2,6,0,0,1,0,1,0,0,0,3.39236E+20,5.46091E+21,6.78956E+15,4.92798E+16
113771,10,0,45,116,2018,7,15,3,3,0,1,0,1,0,0,0,0,0,0,3.62762E+20,5.45056E+21,7.11637E+15,4.91924E+16
113772,10,0,41,100,2018,10,15,2,1,5,3,0,0,1,0,0,0,0,0,3.58109E+20,5.45873E+21,7.04966E+15,4.92649E+16
113773,10,0,43,111,2018,8,14,4,3,1,2,0,0,1,0,0,0,1,1,3.50573E+20,5.47597E+21,6.93967E+15,4.9418E+16
113774,10,0,41,100,2018,7,17,2,3,5,3,0,0,1,0,0,0,0,0,3.52025E+20,5.45618E+21,6.96703E+15,4.92405E+16
113775,10,0,41,100,2018,12,0,3,3,9,1,2,0,1,0,0,0,0,0,3.52518E+20,5.4564E+21,6.97371E+15,4.92426E+16
113776,10,0,44,115,2018,8,12,3,3,2,6,0,0,1,0,0,0,1,0,3.356E+20,5.46505E+21,6.7379E+15,4.9316E+16
113777,10,0,44,111,2018,12,16,5,3,2,6,2,0,1,0,0,0,0,0,3.35208E+20,5.46891E+21,6.73091E+15,4.93507E+16
113778,10,0,41,519,2018,12,19,3,3,2,2,2,0,1,0,0,0,0,1,3.42476E+20,5.45726E+21,6.83551E+15,4.92478E+16
113779,11,0,7,7,2018,1,20,3,2,6,2,2,0,1,1,0,0,0,1,7.97691E+20,5.81875E+21,1.33803E+16,5.24377E+16
113780,10,0,43,115,2018,11,8,5,3,8,7,2,0,1,0,0,0,0,1,3.67665E+20,5.472E+21,7.17654E+15,4.93863E+16
113781,10,0,42,113,2018,7,21,7,3,5,3,0,1,1,0,0,0,0,0,3.28568E+20,5.47929E+21,6.6351E+15,4.9442E+16
113782,10,0,43,114,2018,10,15,5,3,9,7,0,0,1,0,0,0,0,0,3.66748E+20,5.46785E+21,7.1653E+15,4.93488E+16
113783,10,0,45,117,2018,11,15,4,3,6,2,0,0,1,1,0,0,0,0,3.61973E+20,5.45959E+21,7.10245E+15,4.92734E+16
113784,10,0,43,115,2018,9,7,2,3,4,6,0,0,1,0,0,0,0,0,3.72125E+20,5.4766E+21,7.23648E+15,4.94286E+16
113785,10,0,45,112,2018,7,14,3,3,1,2,0,0,1,0,0,0,0,0,3.74767E+20,5.45687E+21,7.27909E+15,4.92517E+16
113786,10,0,46,117,2018,10,18,4,3,8,1,0,0,1,0,0,0,0,0,3.67392E+20,5.48219E+21,7.16937E+15,4.94779E+16
113787,10,0,43,115,2018,8,15,5,3,1,6,0,0,1,0,0,0,0,0,3.67518E+20,5.47231E+21,7.1744E+15,4.93891E+16
113788,10,0,42,112,2018,12,11,3,3,2,6,0,0,1,0,0,0,0,0,3.37277E+20,5.48649E+21,6.75217E+15,4.95092E+16
113789,10,0,41,100,2018,9,12,6,3,0,7,0,0,0,0,0,0,1,0,3.53947E+20,5.45543E+21,6.99369E+15,4.92342E+16
113790,10,0,46,115,2018,7,8,3,3,4,2,0,0,1,0,0,0,0,0,3.5483E+20,5.48842E+21,6.99377E+15,4.9531E+16
113791,10,0,45,114,2018,10,14,2,3,2,6,0,0,1,0,0,0,0,0,3.79509E+20,5.46349E+21,7.34223E+15,4.93123E+16
113792,10,0,41,100,2018,8,23,5,3,5,3,2,0,1,0,0,0,0,0,3.49456E+20,5.45662E+21,6.93158E+15,4.92438E+16
113793,10,0,42,117,2018,7,15,2,3,8,1,0,0,0,0,1,0,0,0,3.38837E+20,5.49292E+21,6.77107E+15,4.95674E+16
113794,10,0,44,116,2018,12,17,4,3,4,7,2,0,1,0,0,0,0,1,3.40519E+20,5.46874E+21,6.80406E+15,4.93505E+16
113795,10,0,45,114,2018,8,14,3,3,8,6,0,0,1,0,1,0,0,0,3.81452E+20,5.46107E+21,7.36967E+15,4.92909E+16
113796,10,0,45,115,2018,12,14,5,3,2,6,0,0,1,0,0,0,0,1,3.74403E+20,5.46305E+21,7.27216E+15,4.93073E+16
113797,10,0,41,100,2018,12,10,4,2,0,7,0,0,0,0,0,1,0,0,3.56144E+20,5.4525E+21,7.0249E+15,4.92084E+16
113798,11,0,7,7,2018,1,19,4,3,2,6,2,0,1,0,0,0,0,1,7.9644E+20,5.82261E+21,1.33653E+16,5.2473E+16
113799,10,0,41,511,2018,11,16,6,2,6,4,0,0,1,1,0,0,0,0,3.61203E+20,5.46469E+21,7.09009E+15,4.93192E+16
113800,10,0,44,118,2018,10,17,6,3,5,3,0,0,1,0,0,0,0,0,3.44062E+20,5.46384E+21,6.85472E+15,4.93074E+16
113801,10,0,43,114,2018,11,16,5,3,1,3,1,1,1,0,0,0,0,0,3.67745E+20,5.46787E+21,7.179E+15,4.93492E+16
113802,10,0,46,116,2018,9,16,2,3,8,7,0,0,0,0,1,0,0,0,3.62496E+20,5.48518E+21,7.10078E+15,4.95037E+16
113803,10,0,42,113,2018,7,10,3,3,5,3,0,0,1,0,1,0,0,0,3.29484E+20,5.47956E+21,6.6476E+15,4.94447E+16
113804,10,0,43,112,2018,10,9,5,3,2,7,0,0,1,0,0,0,0,0,3.60793E+20,5.4734E+21,7.08141E+15,4.93973E+16
113805,10,0,44,114,2018,8,13,6,3,8,1,0,0,0,0,0,0,1,0,3.32615E+20,5.4704E+21,6.69462E+15,4.93633E+16
113806,10,0,44,116,2018,12,22,4,3,5,3,2,0,1,0,1,0,0,1,3.39714E+20,5.46797E+21,6.79329E+15,4.93434E+16
113807,10,0,45,117,2018,8,5,4,3,2,6,1,0,1,0,0,0,0,0,3.61212E+20,5.4592E+21,7.09211E+15,4.92698E+16
113808,10,0,42,116,2018,11,16,5,3,2,6,2,0,1,0,0,0,0,0,3.51732E+20,5.49281E+21,6.94933E+15,4.95697E+16
113809,11,0,6,6,2018,1,18,3,2,6,4,2,0,1,1,0,0,0,1,7.92905E+20,5.82006E+21,1.33112E+16,5.2452E+16
113810,10,0,43,115,2018,10,7,2,3,4,1,0,0,1,0,0,0,0,1,3.67529E+20,5.47215E+21,7.17461E+15,4.93877E+16
113811,10,0,41,513,2018,10,15,2,3,1,6,0,0,1,0,0,0,0,0,3.51392E+20,5.46621E+21,6.95461E+15,4.93305E+16
113812,10,0,44,121,2018,9,16,7,3,5,3,0,0,1,0,0,0,0,0,3.30419E+20,5.4624E+21,6.6678E+15,4.92908E+16
113813,10,0,43,114,2018,8,14,2,3,4,6,0,0,1,0,0,0,0,0,3.70183E+20,5.46862E+21,7.21232E+15,4.93564E+16
113814,10,0,46,115,2018,9,17,5,3,9,7,0,0,1,0,0,0,1,0,3.52667E+20,5.49692E+21,6.96071E+15,4.96069E+16
113815,10,0,44,116,2018,7,18,3,3,0,1,0,1,0,0,0,0,0,0,3.40035E+20,5.47046E+21,6.79671E+15,4.93658E+16
113816,10,0,41,517,2018,12,21,6,3,2,6,2,0,1,0,0,0,1,0,3.50525E+20,5.46307E+21,6.94386E+15,4.93021E+16
113817,10,0,41,100,2018,11,14,2,3,2,6,0,0,1,0,0,0,0,0,3.54552E+20,5.45455E+21,7.00232E+15,4.92265E+16
113818,10,0,41,513,2018,9,7,4,3,9,1,0,0,1,0,0,0,0,0,3.54812E+20,5.46623E+21,7.00164E+15,4.93315E+16
113819,10,0,43,111,2018,11,13,6,3,5,3,0,0,1,0,0,0,0,0,3.56013E+20,5.47531E+21,7.01487E+15,4.94134E+16
113820,11,0,10,10,2018,1,15,5,3,5,2,0,1,1,0,0,0,0,0,8.10779E+20,5.82708E+21,1.35799E+16,5.25051E+16
113821,10,0,42,115,2018,10,7,4,3,1,6,0,0,1,0,0,0,0,0,3.102E+20,5.49063E+21,6.37653E+15,4.95385E+16
113822,10,0,46,111,2018,9,15,1,3,5,3,0,1,0,0,1,0,0,0,3.71793E+20,5.48706E+21,7.22851E+15,4.95226E+16
113823,10,0,44,116,2018,7,13,3,3,0,7,0,0,1,0,0,0,0,0,3.48391E+20,5.46993E+21,6.91192E+15,4.93633E+16
113824,10,0,45,115,2018,10,17,5,3,5,2,0,1,1,0,0,0,0,0,3.70349E+20,5.46004E+21,7.21739E+15,4.92794E+16
113825,10,0,41,100,2018,9,21,3,2,4,2,2,0,1,0,1,0,0,0,3.53415E+20,5.45516E+21,6.98649E+15,4.92317E+16
113826,10,0,41,519,2018,8,17,5,3,2,2,0,0,1,0,1,0,0,0,3.42487E+20,5.45726E+21,6.83565E+15,4.92478E+16
113827,10,0,42,113,2018,10,7,2,3,5,3,1,0,1,0,0,0,0,0,3.28093E+20,5.47761E+21,6.62927E+15,4.94268E+16
113828,10,0,44,114,2018,7,8,3,3,2,6,0,0,1,0,1,0,0,0,3.30485E+20,5.47049E+21,6.66527E+15,4.93635E+16
113829,10,0,46,113,2018,8,21,1,2,4,1,2,0,1,0,1,0,0,0,3.67154E+20,5.48473E+21,7.16523E+15,4.95006E+16
113830,10,0,41,100,2018,12,1,1,3,8,1,2,0,1,0,0,0,0,1,3.53759E+20,5.45553E+21,6.99106E+15,4.92351E+16
113831,10,0,43,112,2018,11,17,3,2,2,6,2,0,1,0,0,0,0,0,3.55022E+20,5.47189E+21,7.00247E+15,4.93824E+16
113832,10,0,41,100,2018,9,17,7,3,2,6,0,0,1,0,1,0,0,0,3.54084E+20,5.45844E+21,6.99447E+15,4.92613E+16
113833,10,0,45,114,2018,11,17,1,2,9,7,2,0,1,0,0,0,0,0,3.7713E+20,5.45862E+21,7.31102E+15,4.9268E+16
113834,10,0,43,117,2018,9,12,4,3,3,6,0,0,1,0,0,1,0,0,3.64934E+20,5.46482E+21,7.14136E+15,4.93212E+16
113835,10,0,44,115,2018,7,11,3,3,5,3,0,0,1,0,1,0,0,0,3.36176E+20,5.46615E+21,6.74537E+15,4.93261E+16
113836,10,0,41,514,2018,10,9,1,2,0,7,0,0,0,0,1,0,0,0,3.58966E+20,5.44346E+21,7.0668E+15,4.91277E+16
113837,10,0,41,100,2018,8,17,4,3,2,6,0,0,1,0,0,1,0,0,3.51333E+20,5.45541E+21,6.95781E+15,4.92334E+16
113838,10,0,41,515,2018,7,15,7,3,4,6,0,0,1,0,0,0,0,0,3.47804E+20,5.46373E+21,6.9062E+15,4.93073E+16
113839,10,0,45,117,2018,12,17,1,3,8,1,1,0,1,0,0,0,0,1,3.66232E+20,5.46221E+21,7.16009E+15,4.9298E+16
113840,10,0,44,115,2018,9,6,4,3,2,6,1,0,1,0,0,0,0,0,3.36994E+20,5.46784E+21,6.75593E+15,4.93415E+16
113841,10,0,44,120,2018,8,10,2,3,8,1,0,0,1,0,0,0,0,1,3.37309E+20,5.45729E+21,6.76456E+15,4.92468E+16
113842,10,0,43,116,2018,12,7,4,3,9,1,0,0,1,1,0,0,0,1,3.64384E+20,5.47007E+21,7.132E+15,4.93683E+16
113843,10,0,43,114,2018,12,10,2,2,9,1,0,0,1,0,0,0,0,1,3.70128E+20,5.4725E+21,7.2103E+15,4.93913E+16
113844,11,0,9,9,2018,1,8,2,3,5,2,0,1,1,0,0,0,0,0,8.0644E+20,5.82131E+21,1.35109E+16,5.24558E+16
113845,10,0,46,117,2018,10,6,4,3,8,1,2,0,1,0,0,0,0,2,3.69093E+20,5.47956E+21,7.1937E+15,4.94546E+16
113846,10,0,41,100,2018,10,20,5,3,3,7,2,0,1,0,0,0,0,0,3.55853E+20,5.45231E+21,7.02097E+15,4.92066E+16
113847,10,0,43,114,2018,9,14,3,3,2,2,0,0,1,0,0,0,0,0,3.708E+20,5.46838E+21,7.22088E+15,4.93545E+16
113848,10,0,41,518,2018,11,16,4,3,2,6,0,0,1,0,0,0,0,0,3.58819E+20,5.46314E+21,7.05785E+15,4.93047E+16
113849,10,0,41,100,2018,9,9,2,3,6,5,0,0,1,1,0,0,0,0,3.54572E+20,5.45504E+21,7.00241E+15,4.92309E+16
113850,10,0,41,517,2018,7,18,3,3,8,1,0,0,1,0,0,0,0,0,3.49582E+20,5.4622E+21,6.93123E+15,4.9294E+16
113851,10,0,42,112,2018,10,20,3,3,8,1,2,0,1,0,0,0,0,1,3.40532E+20,5.48119E+21,6.79924E+15,4.94624E+16
113852,10,0,41,516,2018,8,15,5,3,6,4,0,0,0,1,0,1,0,0,3.56648E+20,5.46346E+21,7.02789E+15,4.9307E+16
113853,10,0,45,114,2018,12,16,2,3,2,6,2,0,1,0,0,0,0,1,3.7907E+20,5.46376E+21,7.33611E+15,4.93146E+16
113854,10,0,44,123,2018,11,17,3,3,8,1,2,0,0,0,0,0,1,0,3.39848E+20,5.46488E+21,6.79638E+15,4.93156E+16
113855,11,0,12,12,2018,1,6,5,3,5,2,0,1,1,0,0,0,0,1,7.91745E+20,5.83958E+21,1.33113E+16,5.26276E+16
113856,10,0,44,120,2018,10,7,7,2,0,6,2,0,1,0,0,0,1,1,3.39319E+20,5.45999E+21,6.79106E+15,4.92716E+16
113857,10,0,44,117,2018,10,19,1,2,4,2,2,0,1,0,1,0,0,0,3.44309E+20,5.4787E+21,6.8523E+15,4.9441E+16
113858,10,0,45,117,2018,9,6,5,3,5,3,1,1,1,0,0,0,0,0,3.64206E+20,5.4609E+21,7.13268E+15,4.92858E+16
113859,10,0,43,114,2018,8,16,7,3,6,4,0,0,1,1,0,0,0,0,3.67281E+20,5.46784E+21,7.17264E+15,4.93488E+16
113860,10,0,41,100,2018,7,7,3,3,1,6,0,0,1,0,0,0,0,0,3.56177E+20,5.45447E+21,7.02464E+15,4.92261E+16
113861,10,0,43,114,2018,12,17,4,3,2,6,2,0,1,0,0,0,0,1,3.65851E+20,5.4724E+21,7.15142E+15,4.93895E+16
113862,10,0,46,112,2018,11,20,6,3,8,1,2,0,1,0,0,0,0,1,3.5948E+20,5.47824E+21,7.06161E+15,4.94406E+16
113863,10,0,41,100,2018,9,16,3,3,2,6,0,0,1,0,0,0,1,0,3.51546E+20,5.45542E+21,6.96073E+15,4.92335E+16
113864,10,0,46,117,2018,11,20,4,3,2,6,2,0,1,0,0,0,0,0,3.66631E+20,5.47589E+21,7.16099E+15,4.9421E+16
113865,10,0,44,111,2018,9,6,7,2,2,6,2,0,1,0,0,0,0,0,3.33496E+20,5.46798E+21,6.70775E+15,4.93418E+16
113866,10,0,45,112,2018,7,6,2,3,5,3,0,0,1,0,1,0,0,0,3.73415E+20,5.45523E+21,7.26104E+15,4.92368E+16
113867,10,0,44,111,2018,10,18,4,3,1,6,1,0,1,0,0,0,0,0,3.34127E+20,5.47014E+21,6.71553E+15,4.93614E+16
113868,10,0,46,111,2018,8,16,6,2,9,1,0,0,1,0,0,0,0,0,3.71363E+20,5.49089E+21,7.22133E+15,4.95569E+16
113869,10,0,41,514,2018,8,13,4,3,9,7,0,0,1,0,0,0,0,1,3.57555E+20,5.44464E+21,7.04705E+15,4.91381E+16
113870,10,0,45,113,2018,12,5,2,3,9,1,2,0,1,0,0,0,0,1,3.73786E+20,5.44484E+21,7.26941E+15,4.91434E+16
113871,10,0,44,118,2018,8,6,4,3,0,5,0,0,0,0,1,0,1,1,3.41583E+20,5.46487E+21,6.82023E+15,4.9316E+16
113872,10,0,41,100,2018,11,17,5,3,3,6,2,1,1,0,0,0,0,1,3.54274E+20,5.45591E+21,6.99801E+15,4.92386E+16
113873,11,0,7,7,2018,1,22,6,3,2,6,2,0,1,0,0,0,0,0,7.97767E+20,5.82373E+21,1.33858E+16,5.24823E+16
113874,10,0,43,116,2018,10,21,1,3,2,7,2,0,1,0,0,0,0,0,3.64273E+20,5.47275E+21,7.12957E+15,4.93923E+16
113875,10,0,46,116,2018,10,14,1,3,3,6,0,0,1,0,1,0,0,0,3.64297E+20,5.49003E+21,7.12397E+15,4.95476E+16
113876,10,0,43,114,2018,9,19,6,3,0,7,1,0,0,0,1,0,0,1,3.68083E+20,5.468E+21,7.18361E+15,4.93505E+16
113877,10,0,45,113,2018,8,10,1,3,5,2,0,1,1,0,0,0,0,0,3.71491E+20,5.44819E+21,7.23688E+15,4.9173E+16
113878,10,0,43,116,2018,7,17,2,3,2,6,0,0,1,0,0,0,0,0,3.65635E+20,5.4717E+21,7.14868E+15,4.93832E+16
113879,10,0,42,111,2018,12,4,5,2,8,1,2,0,1,0,1,0,0,2,3.35455E+20,5.47756E+21,6.73073E+15,4.94285E+16
113880,10,0,44,116,2018,11,15,7,3,8,1,0,0,1,0,0,0,0,1,3.44212E+20,5.46912E+21,6.85472E+15,4.93549E+16
113881,10,0,43,114,2018,9,15,3,2,8,7,0,0,0,0,1,0,0,1,3.66135E+20,5.46698E+21,7.15714E+15,4.93409E+16
113882,10,0,45,114,2018,11,17,5,3,5,3,2,1,1,0,0,0,0,1,3.825E+20,5.46879E+21,7.38181E+15,4.93605E+16
113883,11,0,2,2,2018,1,20,4,3,6,2,2,0,1,1,0,0,0,1,8.03096E+20,5.82763E+21,1.34676E+16,5.25144E+16