OBJECTID_1,ULAND,UREGBEZ,UKREIS,UGEMEINDE,UJAHR,UMONAT,USTUNDE,UWOCHENTAG,UKATEGORIE,UART,UTYP1,ULICHTVERH,IstRad,IstPKW,IstFuss,IstKrad,IstGkfz,IstSonstig,STRZUSTAND,LINREFX,LINREFY,XGCSWGS84,YGCSWGS84
113884,10,0,46,117,2018,10,16,3,3,1,6,0,0,1,0,0,0,0,0,3.72034E+20,5.47667E+21,7.2352E+15,4.94293E+16
113885,10,0,41,100,2018,9,16,1,3,2,6,0,0,1,0,0,0,0,0,3.54977E+20,5.45626E+21,7.00753E+15,4.92419E+16
113886,10,0,43,115,2018,7,16,2,3,2,6,0,0,1,0,0,0,0,0,3.66834E+20,5.47414E+21,7.16438E+15,4.94054E+16
113887,10,0,46,117,2018,10,17,4,2,5,3,0,0,1,0,1,0,0,0,3.67034E+20,5.48063E+21,7.16495E+15,4.94637E+16
113888,10,0,41,100,2018,9,19,1,2,8,1,0,0,1,0,0,0,0,0,3.45955E+20,5.45639E+21,6.88361E+15,4.92409E+16
113889,10,0,43,111,2018,8,14,4,3,2,6,0,0,1,0,0,0,0,0,3.51904E+20,5.47457E+21,6.95854E+15,4.94057E+16
113890,10,0,46,114,2018,10,12,1,3,3,6,0,1,1,0,0,0,0,0,3.59742E+20,5.49049E+21,7.06087E+15,4.95508E+16
113891,10,0,41,100,2018,7,18,2,3,1,6,0,0,1,0,0,0,1,0,3.48885E+20,5.45674E+21,6.9237E+15,4.92448E+16
113892,10,0,41,518,2018,8,12,1,3,0,1,0,0,0,0,1,0,0,0,3.60209E+20,5.46123E+21,7.07763E+15,4.92878E+16
113893,10,0,44,116,2018,12,18,7,3,1,5,2,0,1,0,0,0,0,1,3.43936E+20,5.46544E+21,6.85236E+15,4.93217E+16
113894,10,0,41,518,2018,11,5,3,3,5,3,2,0,0,0,1,0,0,1,3.60234E+20,5.46347E+21,7.0772E+15,4.9308E+16
113895,10,0,46,115,2018,9,11,6,3,5,3,0,0,1,0,0,0,0,0,3.5465E+20,5.49597E+21,6.98849E+15,4.95988E+16
113896,10,0,44,114,2018,11,16,7,3,8,1,0,0,1,0,0,0,0,0,3.32771E+20,5.47207E+21,6.69606E+15,4.93783E+16
113897,10,0,41,514,2018,9,16,4,3,4,6,0,0,1,0,0,0,0,0,3.56548E+20,5.44683E+21,7.03247E+15,4.91575E+16
113898,10,0,42,112,2018,7,19,1,3,4,2,0,0,1,0,0,0,0,0,3.35542E+20,5.4875E+21,6.7278E+15,4.95178E+16
113899,10,0,46,118,2018,10,5,6,3,8,1,2,0,1,0,0,0,0,0,3.56468E+20,5.48215E+21,7.01867E+15,4.9475E+16
113900,10,0,41,515,2018,8,16,3,3,5,3,0,0,1,0,0,0,1,0,3.47075E+20,5.46309E+21,6.89642E+15,4.93014E+16
113901,10,0,44,117,2018,7,10,6,3,5,3,0,0,1,0,0,0,1,0,3.44048E+20,5.47583E+21,6.84983E+15,4.94152E+16
113902,10,0,45,114,2018,12,5,7,3,9,1,2,0,1,0,0,0,0,1,3.75907E+20,5.46636E+21,7.2918E+15,4.93373E+16
113903,10,0,41,100,2018,9,15,4,3,2,6,0,0,1,0,0,0,0,0,3.50561E+20,5.45572E+21,6.9471E+15,4.9236E+16
113904,10,0,45,114,2018,8,20,1,3,5,2,0,0,1,0,0,0,0,0,3.78989E+20,5.46355E+21,7.33507E+15,4.93127E+16
113905,10,0,41,100,2018,12,4,1,2,6,4,2,0,1,1,0,0,0,1,3.54014E+20,5.45521E+21,6.99468E+15,4.92322E+16
113906,11,0,1,1,2018,1,23,7,3,6,7,2,0,1,1,0,0,0,0,7.9922E+20,5.82786E+21,1.34109E+16,5.25185E+16
113907,10,0,42,114,2018,10,6,4,3,8,1,2,0,1,0,0,0,0,2,3.22416E+20,5.48892E+21,6.54598E+15,4.95268E+16
113908,10,0,43,117,2018,10,7,4,3,3,6,0,0,1,0,0,0,0,0,3.64127E+20,5.46514E+21,7.13015E+15,4.93239E+16
113909,10,0,42,113,2018,9,12,2,3,1,6,0,0,1,0,0,0,0,0,3.28939E+20,5.47935E+21,6.64018E+15,4.94427E+16
113910,10,0,45,117,2018,11,7,3,3,2,6,0,0,1,0,0,0,0,1,3.65907E+20,5.4594E+21,7.15656E+15,4.92727E+16
113911,10,0,41,100,2018,9,2,1,3,8,1,2,0,1,0,0,0,0,1,3.53655E+20,5.45566E+21,6.98959E+15,4.92362E+16
113912,10,0,42,116,2018,7,13,1,3,0,1,0,1,0,0,0,0,0,0,3.43253E+20,5.48421E+21,6.83557E+15,4.94902E+16
113913,10,0,43,115,2018,10,18,3,2,9,1,0,0,1,0,0,0,0,1,3.73418E+20,5.4753E+21,7.25472E+15,4.94172E+16
113914,10,0,44,112,2018,8,17,4,3,5,3,0,0,1,0,0,0,0,0,3.48224E+20,5.47787E+21,6.90659E+15,4.94346E+16
113915,10,0,46,111,2018,12,16,1,3,8,1,1,0,1,0,0,0,0,2,3.71636E+20,5.48851E+21,7.22588E+15,4.95356E+16
113916,10,0,45,114,2018,11,18,2,2,5,2,2,1,0,0,0,0,1,1,3.78624E+20,5.46485E+21,7.32965E+15,4.93243E+16
113917,11,0,10,10,2018,1,9,4,3,3,6,0,0,1,0,0,1,0,1,8.09541E+20,5.82738E+21,1.3562E+16,5.25084E+16
113918,10,0,44,115,2018,10,11,6,3,2,6,0,0,1,0,0,0,0,0,3.36883E+20,5.46562E+21,6.75531E+15,4.93215E+16
113919,10,0,45,114,2018,10,12,7,3,2,6,0,0,1,0,0,0,0,0,3.81083E+20,5.46993E+21,7.36196E+15,4.93705E+16
113920,10,0,41,515,2018,9,11,5,2,6,4,0,0,1,1,0,0,0,0,3.50361E+20,5.46252E+21,6.94181E+15,4.92971E+16
113921,10,0,41,514,2018,8,11,7,2,2,6,0,0,1,0,1,0,0,0,3.58699E+20,5.44234E+21,7.06352E+15,4.91176E+16
113922,10,0,42,112,2018,7,9,1,2,6,4,0,0,1,1,0,0,0,0,3.36807E+20,5.48638E+21,6.74573E+15,4.9508E+16
113923,10,0,45,111,2018,12,14,3,3,0,7,0,0,1,0,0,0,0,0,3.74171E+20,5.46955E+21,7.26691E+15,4.93656E+16
113924,10,0,44,119,2018,11,23,6,2,5,3,2,0,1,0,0,0,0,0,3.33656E+20,5.45688E+21,6.71457E+15,4.92421E+16
113925,10,0,45,111,2018,9,15,2,3,5,2,0,0,1,0,0,0,0,0,3.76495E+20,5.46693E+21,7.29971E+15,4.93426E+16
113926,10,0,42,113,2018,11,7,4,3,5,3,0,0,1,0,0,0,0,0,3.27496E+20,5.47929E+21,6.62031E+15,4.94418E+16
113927,10,0,41,100,2018,9,14,7,3,1,6,0,0,1,0,0,0,0,0,3.57796E+20,5.45258E+21,7.04753E+15,4.92095E+16
113928,10,0,42,114,2018,7,14,1,2,5,3,0,0,1,0,1,0,0,0,3.26613E+20,5.48462E+21,6.60581E+15,4.94895E+16
113929,10,0,41,100,2018,10,18,4,3,8,7,2,1,0,0,0,0,0,0,3.55338E+20,5.45648E+21,7.01241E+15,4.9244E+16
113930,10,0,44,119,2018,8,3,6,2,4,1,2,0,1,0,0,0,0,0,3.34047E+20,5.45797E+21,6.71949E+15,4.9252E+16
113931,10,0,42,116,2018,7,12,3,3,5,3,0,0,1,0,0,0,0,0,3.4776E+20,5.48923E+21,6.89581E+15,4.95365E+16
113932,10,0,41,100,2018,12,0,2,3,8,1,2,0,1,0,0,0,0,1,3.53328E+20,5.45567E+21,6.98511E+15,4.92362E+16
113933,10,0,46,118,2018,6,13,7,3,5,7,0,1,1,0,0,0,0,0,3.57656E+20,5.4845E+21,7.03421E+15,4.94964E+16
113934,10,0,41,513,2018,8,10,5,3,0,1,0,0,0,0,1,0,0,0,3.55686E+20,5.46793E+21,7.01304E+15,4.9347E+16
113935,10,0,42,114,2018,12,14,6,3,2,6,0,0,1,0,0,0,0,1,3.22895E+20,5.48686E+21,6.55352E+15,4.95085E+16
113936,10,0,44,119,2018,11,18,1,2,2,2,2,0,1,0,0,0,0,0,3.32995E+20,5.45696E+21,6.70546E+15,4.92426E+16
113937,10,0,42,116,2018,7,8,5,3,1,6,0,0,1,0,0,0,0,0,3.43616E+20,5.48437E+21,6.84051E+15,4.94918E+16
113938,10,0,43,114,2018,11,8,6,3,5,2,0,0,1,0,0,0,0,0,3.66756E+20,5.46617E+21,7.16596E+15,4.93337E+16
113939,10,0,43,112,2018,9,17,3,3,2,6,0,0,1,0,0,0,0,0,3.59319E+20,5.47006E+21,7.06228E+15,4.9367E+16
113940,10,0,42,113,2018,6,16,7,3,2,6,0,0,1,0,0,0,0,0,3.31629E+20,5.4812E+21,6.67647E+15,4.94601E+16
113941,10,0,41,100,2018,10,18,6,3,3,6,0,0,1,0,0,1,0,0,3.55855E+20,5.45332E+21,7.02063E+15,4.92157E+16
113942,10,0,43,116,2018,8,21,1,3,1,5,2,0,1,0,0,0,0,0,3.64057E+20,5.47023E+21,7.12745E+15,4.93696E+16
113943,10,0,45,116,2018,12,14,5,3,5,3,0,0,1,0,0,0,0,1,3.63992E+20,5.45083E+21,7.13316E+15,4.91951E+16
113944,10,0,41,511,2018,8,20,6,3,1,2,0,0,1,0,0,0,0,0,3.61098E+20,5.46596E+21,7.0882E+15,4.93306E+16
113945,10,0,43,114,2018,11,21,6,3,8,1,2,0,1,0,0,0,0,1,3.70193E+20,5.47257E+21,7.21116E+15,4.9392E+16
113946,10,0,46,117,2018,10,18,7,3,8,1,0,0,1,0,0,0,0,0,3.69362E+20,5.48328E+21,7.19619E+15,4.94881E+16
113947,10,0,43,114,2018,6,9,7,2,4,2,0,0,1,0,1,0,0,0,3.68299E+20,5.47036E+21,7.18581E+15,4.93717E+16
113948,10,0,42,115,2018,8,10,6,3,4,2,0,1,1,0,0,0,0,0,3.1564E+20,5.48786E+21,6.45294E+15,4.95153E+16
113949,10,0,41,100,2018,12,18,7,3,2,2,2,0,1,0,0,0,0,1,3.52116E+20,5.45683E+21,6.96804E+15,4.92463E+16
113950,10,0,41,516,2018,11,7,2,3,2,6,0,0,1,0,0,0,0,0,3.58047E+20,5.46774E+21,7.04561E+15,4.93459E+16
113951,10,0,42,114,2018,9,17,5,3,1,6,0,0,1,0,0,0,0,0,3.28366E+20,5.48466E+21,6.62998E+15,4.94903E+16
113952,10,0,45,115,2018,11,19,6,3,2,6,2,0,1,0,0,0,0,0,3.74212E+20,5.46474E+21,7.26899E+15,4.93224E+16
113953,10,0,46,117,2018,9,17,3,3,0,1,0,1,0,0,0,0,0,0,3.65912E+20,5.47949E+21,7.14986E+15,4.94533E+16
113954,10,0,41,100,2018,6,19,7,3,4,7,0,0,1,0,1,0,0,0,3.56568E+20,5.4533E+21,7.03043E+15,4.92157E+16
113955,10,0,42,113,2018,10,8,6,3,2,6,0,0,1,0,0,0,0,0,3.27611E+20,5.47931E+21,6.62189E+15,4.9442E+16
113956,10,0,45,114,2018,8,2,2,3,8,1,2,0,1,0,0,0,0,1,3.79606E+20,5.46746E+21,7.34237E+15,4.93479E+16
113957,10,0,44,114,2018,12,0,7,3,2,6,2,0,1,0,0,0,0,1,3.31354E+20,5.473E+21,6.67616E+15,4.93863E+16
113958,10,0,43,116,2018,8,22,7,3,1,3,2,0,1,0,0,0,0,0,3.63086E+20,5.47219E+21,7.1134E+15,4.9387E+16
113959,10,0,46,118,2018,11,17,6,3,8,1,0,0,1,0,0,0,0,1,3.54787E+20,5.48617E+21,6.99401E+15,4.95108E+16
113960,11,0,7,7,2018,1,13,6,3,5,2,0,0,1,0,0,0,0,0,7.97849E+20,5.8223E+21,1.33857E+16,5.24695E+16
113961,10,0,44,111,2018,10,10,4,3,3,6,0,0,1,0,0,1,0,0,3.35157E+20,5.46735E+21,6.73087E+15,4.93366E+16
113962,10,0,43,114,2018,10,21,3,3,0,6,2,0,1,0,0,0,0,0,3.72104E+20,5.46411E+21,7.2402E+15,4.93163E+16
113963,10,0,42,113,2018,9,15,1,3,0,1,0,1,0,0,0,0,0,0,3.26234E+20,5.48058E+21,6.60236E+15,4.9453E+16
113964,10,0,41,511,2018,11,14,3,3,1,5,0,0,1,0,0,0,0,0,3.62055E+20,5.4649E+21,7.10173E+15,4.93212E+16
113965,10,0,43,114,2018,9,22,7,3,5,3,2,0,1,0,0,0,0,1,3.67284E+20,5.46773E+21,7.17271E+15,4.93478E+16
113966,10,0,46,112,2018,6,15,6,3,2,2,0,0,1,0,0,0,0,0,3.60523E+20,5.48183E+21,7.07472E+15,4.94731E+16
113967,10,0,45,117,2018,10,12,2,3,5,3,0,0,1,0,1,0,0,0,3.5965E+20,5.46005E+21,7.07036E+15,4.92771E+16
113968,10,0,45,116,2018,8,20,4,2,3,6,1,1,1,0,0,0,0,0,3.6368E+20,5.45279E+21,7.12821E+15,4.92127E+16
113969,10,0,43,116,2018,12,9,1,3,0,7,0,0,0,0,0,0,1,2,3.64303E+20,5.46905E+21,7.13124E+15,4.9359E+16
113970,10,0,41,100,2018,11,7,2,3,2,6,0,0,1,0,0,0,0,0,3.53435E+20,5.46183E+21,6.98432E+15,4.92916E+16
113971,11,0,1,1,2018,1,8,3,2,6,4,0,0,1,1,0,0,0,0,7.96832E+20,5.82668E+21,1.33747E+16,5.25093E+16
113972,10,0,46,117,2018,10,7,5,3,2,6,1,0,1,0,0,0,0,1,3.71929E+20,5.47835E+21,7.23321E+15,4.94443E+16
113973,10,0,43,115,2018,10,20,7,3,0,2,2,0,1,0,1,0,0,0,3.66819E+20,5.47368E+21,7.16432E+15,4.94012E+16
113974,10,0,45,114,2018,9,7,4,3,1,6,0,0,1,0,0,0,0,0,3.78266E+20,5.46976E+21,7.32323E+15,4.93683E+16
113975,10,0,43,114,2018,8,7,6,2,6,4,0,0,0,1,1,0,0,0,3.69971E+20,5.46979E+21,7.20901E+15,4.93669E+16
113976,10,0,45,114,2018,6,12,6,3,5,3,0,0,1,0,0,0,0,0,3.82673E+20,5.46873E+21,7.38421E+15,4.936E+16
113977,10,0,41,511,2018,12,13,3,3,3,6,0,0,1,0,0,0,0,0,3.59973E+20,5.46582E+21,7.07278E+15,4.93291E+16
113978,10,0,42,116,2018,11,22,5,2,9,1,2,0,1,0,0,0,0,0,3.50414E+20,5.49615E+21,6.92985E+15,4.95994E+16
113979,10,0,41,100,2018,9,13,2,2,4,2,0,0,1,0,1,0,0,0,3.46963E+20,5.45671E+21,6.89733E+15,4.9244E+16
113980,10,0,45,111,2018,11,6,3,2,4,2,2,0,1,0,1,0,0,1,3.74006E+20,5.46902E+21,7.26481E+15,4.93609E+16
113981,10,0,43,114,2018,9,16,6,3,2,6,0,0,1,0,0,0,1,0,3.68592E+20,5.46591E+21,7.19131E+15,4.93318E+16
113982,10,0,42,116,2018,6,10,6,3,8,1,0,0,1,0,0,0,0,0,3.48861E+20,5.49091E+21,6.91038E+15,4.95519E+16
113983,10,0,41,100,2018,10,18,3,2,6,4,0,1,0,1,0,0,0,0,3.51815E+20,5.45724E+21,6.96374E+15,4.925E+16
113984,10,0,44,114,2018,8,15,5,2,5,3,0,1,1,0,0,0,0,0,3.26718E+20,5.4696E+21,6.61382E+15,4.93544E+16
113985,10,0,45,116,2018,7,16,2,3,1,3,0,0,1,0,0,0,1,0,3.67182E+20,5.45215E+21,7.17648E+15,4.92077E+16
113986,10,0,42,114,2018,12,15,5,3,2,6,0,0,1,0,0,0,0,0,3.23989E+20,5.48703E+21,6.56854E+15,4.95103E+16
113987,10,0,46,113,2018,8,20,3,2,7,1,0,0,0,0,1,0,0,0,3.67802E+20,5.48838E+21,7.17296E+15,4.95336E+16
113988,10,0,41,518,2018,12,13,6,3,2,2,0,0,1,0,0,0,0,0,3.59366E+20,5.45949E+21,7.06665E+15,4.9272E+16
113989,11,0,9,9,2018,1,17,4,3,0,4,2,0,0,1,0,0,1,0,8.02588E+20,5.82507E+21,1.34578E+16,5.24916E+16
113990,10,0,44,115,2018,11,14,6,3,5,3,0,0,1,0,1,0,0,0,3.35447E+20,5.46523E+21,6.73573E+15,4.93176E+16
113991,10,0,43,113,2018,10,10,6,3,6,4,0,0,1,1,0,0,0,0,3.61229E+20,5.47019E+21,7.08853E+15,4.93686E+16
113992,10,0,41,514,2018,11,15,6,3,1,6,0,0,1,0,0,0,0,1,3.57336E+20,5.44578E+21,7.04364E+15,4.91483E+16
113993,10,0,41,519,2018,9,14,3,3,1,6,0,0,1,0,0,0,0,0,3.45558E+20,5.4577E+21,6.87766E+15,4.92526E+16
113994,10,0,44,114,2018,6,17,6,3,2,6,0,0,1,0,0,0,0,0,3.30354E+20,5.47432E+21,6.66183E+15,4.93979E+16
113995,10,0,42,113,2018,10,17,5,3,5,2,0,1,1,0,0,0,0,0,3.27398E+20,5.47927E+21,6.61898E+15,4.94416E+16
113996,10,0,44,113,2018,8,19,7,3,9,7,0,0,1,0,0,0,0,0,3.40722E+20,5.47268E+21,6.80528E+15,4.9386E+16
113997,10,0,44,112,2018,12,12,5,3,1,6,0,0,1,0,0,0,0,1,3.4853E+20,5.47497E+21,6.91191E+15,4.94085E+16
113998,10,0,41,100,2018,8,13,5,3,2,6,0,0,1,0,0,0,0,1,3.59815E+20,5.45774E+21,7.07344E+15,4.92564E+16
113999,10,0,41,513,2018,11,18,6,3,9,6,2,0,1,0,0,0,1,1,3.49935E+20,5.46827E+21,6.93379E+15,4.93486E+16
114000,11,0,2,2,2018,1,9,3,2,6,4,0,0,1,1,0,0,0,1,8.035E+20,5.82759E+21,1.34735E+16,5.25138E+16
114001,10,0,42,116,2018,10,21,2,3,8,1,2,0,1,0,0,0,0,1,3.404E+20,5.48115E+21,6.79743E+15,4.9462E+16
114002,10,0,43,117,2018,10,9,2,3,2,6,0,0,1,0,0,0,0,0,3.64614E+20,5.46501E+21,7.1369E+15,4.93228E+16
114003,10,0,42,114,2018,9,15,7,3,9,1,0,0,0,0,1,0,0,0,3.24719E+20,5.48622E+21,6.57897E+15,4.95033E+16
114004,10,0,42,111,2018,8,14,2,3,1,6,0,0,1,0,0,1,0,0,3.3842E+20,5.48001E+21,6.77059E+15,4.94513E+16
114005,10,0,41,517,2018,7,14,4,3,5,3,0,0,1,0,0,0,0,0,3.48593E+20,5.46247E+21,6.91752E+15,4.92962E+16
114006,10,0,44,115,2018,9,6,6,2,5,3,2,0,0,0,1,0,1,0,3.35196E+20,5.46553E+21,6.73214E+15,4.93203E+16
114007,10,0,42,114,2018,6,13,6,3,5,2,0,0,1,0,0,0,0,0,3.25096E+20,5.48581E+21,6.58435E+15,4.94997E+16
114008,10,0,45,114,2018,12,6,6,3,2,2,1,0,1,0,1,0,0,0,3.82329E+20,5.46861E+21,7.3795E+15,4.93588E+16
114009,10,0,46,117,2018,9,13,4,3,1,6,0,0,1,0,0,0,0,0,3.6218E+20,5.4822E+21,7.09745E+15,4.94768E+16
114010,10,0,45,116,2018,11,17,6,3,5,3,1,0,1,0,0,0,0,0,3.66609E+20,5.45195E+21,7.16869E+15,4.92058E+16
114011,11,0,12,12,2018,1,6,6,3,5,3,2,0,1,0,0,0,0,1,7.94371E+20,5.83451E+21,1.33455E+16,5.25808E+16
114012,10,0,41,100,2018,10,16,5,2,6,4,0,0,1,1,0,0,0,0,3.50497E+20,5.45627E+21,6.94601E+15,4.92409E+16
114013,10,0,41,100,2018,10,16,6,2,4,6,0,0,1,0,1,0,0,0,3.57021E+20,5.46019E+21,7.03419E+15,4.92777E+16
114014,10,0,43,114,2018,9,21,3,3,0,1,2,0,0,0,1,0,0,0,3.67414E+20,5.46735E+21,7.17463E+15,4.93444E+16
114015,10,0,41,516,2018,8,8,5,3,2,6,0,0,1,0,0,0,0,0,3.57366E+20,5.46811E+21,7.03609E+15,4.93491E+16
114016,10,0,44,111,2018,10,7,3,3,5,3,1,1,1,0,0,0,0,0,3.34026E+20,5.47168E+21,6.71349E+15,4.93752E+16
114017,11,0,6,6,2018,3,13,7,3,5,2,0,0,1,0,0,0,0,0,7.86511E+20,5.81695E+21,1.32147E+16,5.24275E+16
114018,11,0,1,1,2018,11,18,2,3,3,6,2,1,1,0,0,0,0,0,7.99539E+20,5.82829E+21,1.34159E+16,5.25222E+16
114019,11,0,7,7,2018,8,19,5,3,5,2,0,1,1,0,0,0,0,0,7.95496E+20,5.82335E+21,1.33521E+16,5.24801E+16
114020,15,0,82,15,2018,1,6,4,2,4,6,2,0,1,0,0,1,0,1,7.23946E+20,5.72651E+21,1.2237E+16,5.16449E+16
114021,11,0,1,1,2018,10,22,6,3,1,5,2,1,1,0,0,0,0,0,7.98127E+20,5.82766E+21,1.33946E+16,5.25173E+16
114022,11,0,2,2,2018,8,16,3,3,2,6,0,0,1,0,0,0,0,0,8.00454E+20,5.82793E+21,1.3429E+16,5.25184E+16
114023,11,0,2,2,2018,4,19,2,2,3,6,0,1,0,0,0,0,0,0,8.02925E+20,5.82767E+21,1.34651E+16,5.25148E+16
114024,11,0,3,3,2018,4,16,4,3,2,6,0,0,1,0,0,0,0,0,8.00437E+20,5.83908E+21,1.34389E+16,5.26184E+16
114025,11,0,10,10,2018,5,14,4,2,5,3,0,1,1,0,0,0,0,0,8.09148E+20,5.8274E+21,1.35563E+16,5.25088E+16
114026,11,0,7,7,2018,11,8,6,3,5,3,0,0,1,0,0,0,1,0,7.98175E+20,5.81892E+21,1.33875E+16,5.2439E+16
114027,11,0,6,6,2018,12,9,3,3,0,3,0,0,1,0,1,0,0,1,7.82668E+20,5.8158E+21,1.31574E+16,5.24193E+16
114028,11,0,7,7,2018,9,14,5,3,2,6,0,0,1,0,1,0,0,0,7.9815E+20,5.81905E+21,1.33873E+16,5.24402E+16
114029,11,0,4,4,2018,8,7,6,3,2,6,0,0,1,0,0,0,1,0,7.91093E+20,5.82464E+21,1.32886E+16,5.24941E+16
114030,11,0,7,7,2018,6,11,6,3,2,6,0,0,1,0,0,0,0,0,7.97451E+20,5.81786E+21,1.33759E+16,5.24299E+16
114031,11,0,2,2,2018,7,22,4,3,0,1,2,0,0,0,1,0,0,0,8.02135E+20,5.82765E+21,1.34535E+16,5.2515E+16
114032,11,0,1,1,2018,5,7,4,3,5,3,0,0,1,0,0,0,0,0,7.95862E+20,5.83207E+21,1.33653E+16,5.25581E+16
114033,11,0,3,3,2018,3,18,6,3,0,3,0,0,1,0,0,0,0,0,7.99972E+20,5.83951E+21,1.34325E+16,5.26225E+16
114034,11,0,2,2,2018,11,14,3,3,6,7,0,0,0,1,0,0,1,0,8.018E+20,5.82624E+21,1.34473E+16,5.25026E+16
114035,11,0,3,3,2018,6,11,1,3,9,1,0,0,1,0,0,0,0,1,8.00688E+20,5.83876E+21,1.34423E+16,5.26154E+16
114036,11,0,4,4,2018,12,23,5,2,8,1,2,0,1,0,0,0,0,1,7.92061E+20,5.82387E+21,1.33021E+16,5.24866E+16
114037,11,0,12,12,2018,10,16,7,3,6,7,0,0,1,1,0,0,0,0,7.93224E+20,5.83672E+21,1.33306E+16,5.26012E+16
114038,11,0,3,3,2018,8,17,5,3,2,6,0,0,1,0,0,0,0,0,8.01488E+20,5.83115E+21,1.34472E+16,5.25468E+16
114039,11,0,7,7,2018,4,21,4,3,2,6,2,1,1,0,0,0,0,0,7.96005E+20,5.82458E+21,1.33607E+16,5.24909E+16
114040,11,0,7,7,2018,3,17,1,3,5,2,0,1,1,0,0,0,0,0,7.96598E+20,5.816E+21,1.33618E+16,5.24136E+16
114041,11,0,2,2,2018,5,14,5,3,2,6,0,0,1,0,1,0,0,0,8.03117E+20,5.82763E+21,1.34679E+16,5.25143E+16
114042,11,0,12,12,2018,10,6,5,3,2,6,2,0,1,0,0,0,0,1,7.95781E+20,5.83253E+21,1.33645E+16,5.25622E+16
114043,11,0,2,2,2018,3,20,6,3,5,2,2,0,1,0,1,0,0,0,8.02149E+20,5.82773E+21,1.34538E+16,5.25158E+16
114044,11,0,7,7,2018,11,6,3,3,3,6,1,0,0,0,0,1,1,0,7.98462E+20,5.8221E+21,1.33946E+16,5.24673E+16
114045,11,0,1,1,2018,9,9,1,3,5,3,0,0,1,0,0,0,0,0,7.95879E+20,5.83206E+21,1.33655E+16,5.2558E+16
114046,11,0,7,7,2018,8,17,6,3,5,3,0,1,1,0,0,0,0,0,7.98088E+20,5.81926E+21,1.33865E+16,5.24421E+16
114047,11,0,12,12,2018,6,12,2,3,2,6,0,0,1,0,0,0,0,0,7.95793E+20,5.83246E+21,1.33646E+16,5.25616E+16
114048,11,0,10,10,2018,7,13,2,2,2,6,0,0,1,0,0,0,0,0,8.11201E+20,5.8271E+21,1.35862E+16,5.2505E+16
114049,11,0,6,6,2018,6,10,3,3,5,2,0,0,1,0,0,0,0,0,7.90298E+20,5.81837E+21,1.32715E+16,5.24383E+16
114050,11,0,10,10,2018,8,10,5,3,0,1,0,0,0,0,1,0,0,0,8.11418E+20,5.82711E+21,1.35894E+16,5.2505E+16
114051,11,0,2,2,2018,5,18,5,3,6,4,0,1,0,1,0,0,0,0,8.0167E+20,5.8278E+21,1.34468E+16,5.25166E+16
114052,11,0,8,8,2018,4,6,5,3,2,6,0,0,1,0,0,0,0,0,8.01066E+20,5.82169E+21,1.34324E+16,5.24622E+16
114053,11,0,12,12,2018,12,8,3,3,5,2,0,0,1,0,0,0,0,1,7.95829E+20,5.83234E+21,1.3365E+16,5.25605E+16
114054,11,0,9,9,2018,9,12,7,3,3,6,0,0,1,0,0,0,0,0,8.04914E+20,5.8228E+21,1.34899E+16,5.247E+16
114055,11,0,1,1,2018,9,4,1,2,9,1,1,0,1,0,0,0,0,0,7.98822E+20,5.82801E+21,1.34051E+16,5.25201E+16
114056,11,0,1,1,2018,7,9,6,3,0,1,0,0,0,0,1,0,0,0,7.96402E+20,5.82626E+21,1.3368E+16,5.25057E+16
114057,11,0,2,2,2018,7,15,7,3,9,1,0,1,0,0,0,0,0,0,8.02109E+20,5.82799E+21,1.34534E+16,5.25181E+16
114058,11,0,3,3,2018,3,8,4,3,2,6,0,0,1,0,0,0,0,1,7.99142E+20,5.83037E+21,1.3412E+16,5.2541E+16
114059,11,0,2,2,2018,5,18,6,3,0,6,0,1,0,1,0,0,0,0,8.01872E+20,5.82652E+21,1.34486E+16,5.2505E+16
114060,11,0,7,7,2018,10,13,5,3,5,3,0,1,1,0,0,0,0,0,7.96598E+20,5.816E+21,1.33618E+16,5.24136E+16
114061,11,0,2,2,2018,3,20,6,3,5,2,2,0,1,0,0,0,0,0,8.02149E+20,5.82773E+21,1.34538E+16,5.25158E+16
114062,11,0,7,7,2018,11,12,6,2,3,6,0,0,1,0,0,1,0,1,7.98929E+20,5.82188E+21,1.34012E+16,5.2465E+16
114063,11,0,7,7,2018,9,13,2,3,5,2,0,0,1,0,1,0,0,0,7.9804E+20,5.81947E+21,1.3386E+16,5.2444E+16
114064,11,0,6,6,2018,8,18,7,3,2,6,0,0,1,0,1,0,0,0,7.82353E+20,5.81574E+21,1.31527E+16,5.24189E+16
114065,11,0,3,3,2018,6,22,3,3,9,1,2,0,1,0,0,0,0,0,7.98469E+20,5.83331E+21,1.34047E+16,5.25678E+16
114066,11,0,1,1,2018,10,16,3,3,6,2,0,0,1,1,0,0,0,0,7.99264E+20,5.82788E+21,1.34115E+16,5.25187E+16