OBJECTID_1,ULAND,UREGBEZ,UKREIS,UGEMEINDE,UJAHR,UMONAT,USTUNDE,UWOCHENTAG,UKATEGORIE,UART,UTYP1,ULICHTVERH,IstRad,IstPKW,IstFuss,IstKrad,IstGkfz,IstSonstig,STRZUSTAND,LINREFX,LINREFY,XGCSWGS84,YGCSWGS84
114254,11,0,4,4,2018,6,11,4,3,2,6,0,0,0,0,1,0,1,0,7.90767E+20,5.82637E+21,1.32853E+16,5.25097E+16
114255,11,0,3,3,2018,7,16,3,3,0,1,0,1,0,0,0,0,0,0,8.00128E+20,5.83067E+21,1.34267E+16,5.25432E+16
114256,11,0,11,11,2018,6,17,4,3,6,4,0,1,0,1,0,0,0,0,8.03658E+20,5.82758E+21,1.34758E+16,5.25135E+16
114257,11,0,6,6,2018,5,11,2,2,3,2,0,1,1,0,0,0,0,0,7.83871E+20,5.81595E+21,1.31751E+16,5.24199E+16
114258,11,0,3,3,2018,4,5,7,3,8,1,1,0,1,0,0,0,0,1,7.98037E+20,5.83387E+21,1.33989E+16,5.25731E+16
114259,11,0,10,10,2018,12,17,6,3,6,2,2,0,1,1,0,0,0,1,8.13536E+20,5.82718E+21,1.36205E+16,5.25043E+16
114260,11,0,5,5,2018,10,16,3,2,2,6,0,0,1,0,0,0,0,1,7.85415E+20,5.82621E+21,1.32066E+16,5.25111E+16
114261,11,0,4,4,2018,2,7,3,3,5,2,0,1,1,0,0,0,0,0,7.87853E+20,5.82595E+21,1.32422E+16,5.25075E+16
114262,11,0,10,10,2018,7,14,1,3,5,2,0,1,1,0,0,0,0,0,8.1382E+20,5.82714E+21,1.36246E+16,5.25039E+16
114263,11,0,2,2,2018,4,18,2,3,3,6,0,1,0,0,0,0,0,0,8.01138E+20,5.82783E+21,1.3439E+16,5.25172E+16
114264,11,0,12,12,2018,7,14,4,3,6,4,0,0,0,1,0,0,1,0,7.91852E+20,5.83914E+21,1.33125E+16,5.26237E+16
114265,11,0,12,12,2018,3,7,2,3,2,6,0,0,1,0,0,0,0,0,7.90657E+20,5.83494E+21,1.32912E+16,5.25866E+16
114266,11,0,9,9,2018,5,0,2,2,5,3,2,1,1,0,0,0,0,0,8.06601E+20,5.82113E+21,1.35131E+16,5.24542E+16
114267,11,0,7,7,2018,10,10,1,3,9,7,0,0,1,0,0,0,0,0,7.97948E+20,5.82232E+21,1.33872E+16,5.24696E+16
114268,11,0,4,4,2018,2,18,2,3,2,6,2,0,1,0,0,0,0,0,7.9236E+20,5.82354E+21,1.33063E+16,5.24835E+16
114269,11,0,2,2,2018,11,17,3,3,6,4,2,0,1,1,0,0,0,0,8.03611E+20,5.82758E+21,1.34751E+16,5.25136E+16
114270,11,0,10,10,2018,9,16,5,2,5,3,0,1,1,0,0,0,0,0,8.08902E+20,5.83341E+21,1.35583E+16,5.25629E+16
114271,11,0,3,3,2018,8,10,3,3,6,4,0,1,0,1,0,0,0,0,8.01088E+20,5.83072E+21,1.34409E+16,5.25431E+16
114272,11,0,1,1,2018,6,23,6,3,0,1,2,1,0,0,0,0,0,0,7.9549E+20,5.82722E+21,1.33555E+16,5.25148E+16
114273,11,0,12,12,2018,6,17,6,3,5,2,0,1,1,0,0,0,0,0,7.95798E+20,5.83252E+21,1.33647E+16,5.25621E+16
114274,11,0,2,2,2018,8,1,1,3,0,1,2,1,0,0,0,0,0,0,8.02073E+20,5.8272E+21,1.34522E+16,5.2511E+16
114275,11,0,2,2,2018,5,8,4,3,3,6,0,1,0,0,0,0,0,0,8.0284E+20,5.82768E+21,1.34639E+16,5.25149E+16
114276,11,0,7,7,2018,4,19,2,3,6,7,0,0,1,1,0,0,0,0,7.96082E+20,5.82553E+21,1.33627E+16,5.24994E+16
114277,11,0,12,12,2018,12,14,3,3,5,2,0,0,1,0,0,0,0,1,7.94057E+20,5.83509E+21,1.33414E+16,5.25862E+16
114278,11,0,3,3,2018,9,19,3,3,1,5,2,0,1,0,0,0,1,0,7.97145E+20,5.83893E+21,1.33903E+16,5.26189E+16
114279,11,0,3,3,2018,9,5,5,3,5,2,2,1,1,0,0,0,0,0,7.98001E+20,5.83365E+21,1.33981E+16,5.25711E+16
114280,11,0,1,1,2018,7,9,3,3,5,2,0,0,1,0,0,0,0,0,7.99221E+20,5.82786E+21,1.34109E+16,5.25186E+16
114281,11,0,6,6,2018,7,7,3,2,5,3,0,0,1,0,0,0,0,0,7.90943E+20,5.81875E+21,1.32813E+16,5.24413E+16
114282,11,0,3,3,2018,5,11,3,3,3,6,0,0,1,0,0,1,0,0,8.00227E+20,5.83925E+21,1.3436E+16,5.26201E+16
114283,11,0,4,4,2018,2,16,2,3,2,6,0,0,1,0,0,0,0,0,7.90744E+20,5.8249E+21,1.32837E+16,5.24966E+16
114284,11,0,7,7,2018,11,22,2,3,3,6,2,0,1,0,1,0,0,0,7.96078E+20,5.82551E+21,1.33626E+16,5.24992E+16
114285,11,0,3,3,2018,8,19,5,3,0,1,1,1,0,0,0,0,1,0,7.98167E+20,5.83471E+21,1.34015E+16,5.25805E+16
114286,15,0,2,0,2018,1,20,4,3,2,6,2,0,1,0,0,0,0,1,7.07826E+20,5.7112E+21,1.19953E+16,5.15136E+16
114287,11,0,2,2,2018,10,11,6,3,3,6,0,0,1,0,1,0,0,0,7.97753E+20,5.82437E+21,1.33862E+16,5.2488E+16
114288,11,0,1,1,2018,8,20,3,2,6,7,1,1,0,1,0,0,0,0,7.95487E+20,5.82723E+21,1.33554E+16,5.25149E+16
114289,11,0,2,2,2018,4,8,3,3,3,6,0,1,1,0,0,0,0,0,8.01089E+20,5.82784E+21,1.34383E+16,5.25173E+16
114290,11,0,12,12,2018,4,6,5,3,5,3,0,1,1,0,0,0,0,0,7.92116E+20,5.83798E+21,1.33154E+16,5.26131E+16
114291,11,0,3,3,2018,5,14,4,3,0,7,0,0,0,0,1,0,0,1,7.99197E+20,5.83145E+21,1.34138E+16,5.25507E+16
114292,11,0,6,6,2018,11,16,6,3,2,6,0,0,1,0,0,0,0,0,7.92461E+20,5.81976E+21,1.33044E+16,5.24496E+16
114293,11,0,3,3,2018,12,7,4,3,5,2,0,1,1,0,0,0,0,0,8.00964E+20,5.83052E+21,1.34389E+16,5.25414E+16
114294,11,0,1,1,2018,9,9,5,2,6,4,0,1,0,1,0,0,0,0,7.9929E+20,5.82794E+21,1.3412E+16,5.25192E+16
114295,11,0,4,4,2018,8,17,6,3,4,1,0,0,1,0,0,0,0,0,7.8909E+20,5.82615E+21,1.32605E+16,5.25086E+16
114296,11,0,3,3,2018,6,15,6,3,0,3,0,1,1,0,0,0,0,0,7.99306E+20,5.83033E+21,1.34144E+16,5.25407E+16
114297,11,0,4,4,2018,7,17,5,3,3,6,0,0,1,0,1,0,0,0,7.90608E+20,5.82612E+21,1.32828E+16,5.25076E+16
114298,11,0,1,1,2018,5,21,4,3,0,1,2,0,0,0,1,0,0,1,7.96269E+20,5.83049E+21,1.33698E+16,5.25437E+16
114299,11,0,12,12,2018,2,6,2,3,8,1,1,0,1,0,0,0,0,1,7.88128E+20,5.8374E+21,1.32561E+16,5.261E+16
114300,11,0,3,3,2018,11,13,3,3,2,6,0,1,1,0,0,0,0,0,8.00669E+20,5.82989E+21,1.3434E+16,5.25359E+16
114301,11,0,4,4,2018,6,15,2,3,2,6,0,0,1,0,0,0,0,0,7.9049E+20,5.82527E+21,1.32803E+16,5.25E+16
114302,11,0,2,2,2018,12,13,7,3,2,6,0,0,1,0,0,0,0,1,8.03533E+20,5.8276E+21,1.3474E+16,5.25138E+16
114303,11,0,1,1,2018,10,22,1,3,2,6,2,0,1,0,0,0,0,0,7.99718E+20,5.82855E+21,1.34188E+16,5.25244E+16
114304,11,0,7,7,2018,8,14,6,3,0,3,0,0,1,0,0,0,1,0,7.95822E+20,5.82264E+21,1.33563E+16,5.24736E+16
114305,11,0,1,1,2018,4,17,5,3,5,7,0,0,1,0,0,0,1,0,7.99776E+20,5.82865E+21,1.34197E+16,5.25253E+16
114306,11,0,2,2,2018,3,16,2,3,2,6,0,0,1,0,0,0,0,0,8.02175E+20,5.8277E+21,1.34541E+16,5.25155E+16
114307,11,0,3,3,2018,5,21,5,3,5,3,0,1,1,0,0,0,0,0,7.99238E+20,5.83194E+21,1.34148E+16,5.2555E+16
114308,11,0,1,1,2018,10,16,5,3,0,6,1,1,1,0,0,0,0,0,7.98913E+20,5.82809E+21,1.34066E+16,5.25208E+16
114309,11,0,1,1,2018,2,8,2,3,6,4,0,0,1,1,0,0,0,0,7.99177E+20,5.82838E+21,1.34107E+16,5.25232E+16
114310,11,0,6,6,2018,11,15,4,3,2,6,0,0,1,0,1,0,0,0,7.93694E+20,5.82062E+21,1.33233E+16,5.24567E+16
114311,11,0,7,7,2018,9,15,1,3,6,2,0,0,1,1,0,0,0,0,7.98584E+20,5.81794E+21,1.33926E+16,5.24299E+16
114312,11,0,12,12,2018,8,22,6,3,5,3,2,0,1,0,0,0,0,0,7.94559E+20,5.83382E+21,1.33477E+16,5.25745E+16
114313,11,0,4,4,2018,6,17,2,3,2,6,0,0,1,0,0,0,0,0,7.90816E+20,5.82655E+21,1.32862E+16,5.25114E+16
114314,11,0,3,3,2018,7,17,2,3,5,2,0,0,1,0,1,0,0,0,7.97158E+20,5.8389E+21,1.33904E+16,5.26186E+16
114315,11,0,9,9,2018,6,13,3,3,3,2,0,1,0,0,0,0,1,0,8.06522E+20,5.82121E+21,1.3512E+16,5.24549E+16
114316,11,0,10,10,2018,5,14,6,3,5,3,0,1,1,0,0,0,0,0,8.08893E+20,5.83339E+21,1.35581E+16,5.25627E+16
114317,11,0,3,3,2018,4,9,5,2,3,6,0,1,0,0,0,0,0,0,8.01196E+20,5.83089E+21,1.34426E+16,5.25446E+16
114318,11,0,3,3,2018,12,19,3,3,6,2,2,0,1,1,0,0,0,1,7.97966E+20,5.83463E+21,1.33985E+16,5.25799E+16
114319,11,0,12,12,2018,9,18,7,3,5,2,0,1,1,0,0,0,0,0,7.92194E+20,5.83811E+21,1.33166E+16,5.26142E+16
114320,11,0,4,4,2018,7,8,7,2,5,3,0,0,0,0,1,0,1,0,7.87864E+20,5.82595E+21,1.32423E+16,5.25075E+16
114321,11,0,2,2,2018,4,13,1,3,6,7,0,0,1,1,0,0,0,0,8.01663E+20,5.82891E+21,1.34477E+16,5.25266E+16
114322,11,0,1,1,2018,7,18,2,3,3,6,0,1,1,0,0,0,1,0,7.99345E+20,5.82799E+21,1.34128E+16,5.25196E+16
114323,11,0,7,7,2018,3,10,5,2,5,3,0,0,1,0,0,1,0,0,7.95213E+20,5.82291E+21,1.33476E+16,5.24763E+16
114324,11,0,4,4,2018,5,10,7,3,2,6,0,0,1,0,1,0,0,0,7.91657E+20,5.82429E+21,1.32966E+16,5.24906E+16
114325,11,0,10,10,2018,10,12,6,2,5,2,0,1,1,0,0,0,0,0,8.08741E+20,5.82742E+21,1.35503E+16,5.25093E+16
114326,11,0,3,3,2018,2,13,1,3,2,6,0,0,1,0,0,0,0,0,7.99198E+20,5.83147E+21,1.34138E+16,5.25509E+16
114327,11,0,2,2,2018,11,19,7,3,6,4,2,0,1,1,0,0,0,0,8.00478E+20,5.8279E+21,1.34294E+16,5.25182E+16
114328,11,0,12,12,2018,9,7,3,3,0,7,0,0,0,0,1,0,0,1,7.94432E+20,5.8344E+21,1.33463E+16,5.25798E+16
114329,11,0,1,1,2018,8,21,1,3,3,6,2,0,1,0,1,0,0,0,7.97823E+20,5.82763E+21,1.33901E+16,5.25172E+16
114330,11,0,1,1,2018,6,9,4,2,0,7,0,1,0,0,0,0,0,0,7.99761E+20,5.82862E+21,1.34195E+16,5.25251E+16
114331,11,0,2,2,2018,10,22,4,3,2,6,2,0,1,0,1,0,0,0,8.03064E+20,5.82764E+21,1.34671E+16,5.25144E+16
114332,11,0,2,2,2018,10,5,1,3,1,1,2,0,1,0,0,0,0,0,7.97739E+20,5.82424E+21,1.33859E+16,5.24869E+16
114333,11,0,7,7,2018,2,19,1,2,2,6,2,0,1,0,1,0,0,0,7.98632E+20,5.81782E+21,1.33932E+16,5.24289E+16
114334,11,0,4,4,2018,11,16,5,3,2,6,1,0,1,0,0,0,0,0,7.92048E+20,5.82385E+21,1.3302E+16,5.24865E+16
114335,11,0,3,3,2018,9,13,2,2,5,2,0,1,0,0,1,0,0,0,8.01561E+20,5.829E+21,1.34463E+16,5.25275E+16
114336,11,0,1,1,2018,8,20,7,3,1,5,2,0,1,0,0,0,1,0,7.96297E+20,5.82735E+21,1.33675E+16,5.25156E+16
114337,11,0,6,6,2018,6,10,3,3,1,5,0,1,1,0,0,0,0,0,7.78678E+20,5.81494E+21,1.30981E+16,5.24135E+16
114338,11,0,2,2,2018,7,9,2,3,1,5,0,1,0,0,0,0,1,0,8.00293E+20,5.82799E+21,1.34267E+16,5.25191E+16
114339,11,0,3,3,2018,6,19,4,3,5,3,0,1,0,0,1,0,0,0,8.00045E+20,5.829E+21,1.3424E+16,5.25282E+16
114340,11,0,7,7,2018,5,14,1,2,0,1,0,0,0,0,1,0,0,0,7.98058E+20,5.81938E+21,1.33862E+16,5.24431E+16
114341,11,0,2,2,2018,4,22,6,3,3,6,2,0,1,0,0,0,0,1,7.97903E+20,5.82541E+21,1.33893E+16,5.24973E+16
114342,11,0,7,7,2018,12,12,5,3,6,4,0,0,1,1,0,0,0,0,7.96872E+20,5.81639E+21,1.33661E+16,5.2417E+16
114343,11,0,4,4,2018,10,10,2,3,6,4,0,1,0,1,0,0,0,0,7.91094E+20,5.82647E+21,1.32902E+16,5.25105E+16
114344,11,0,4,4,2018,7,19,7,3,5,2,1,1,1,0,0,0,0,0,7.91846E+20,5.82659E+21,1.33014E+16,5.25112E+16
114345,11,0,9,9,2018,4,8,2,3,5,2,0,1,0,0,0,0,1,1,8.06698E+20,5.82104E+21,1.35144E+16,5.24532E+16
114346,11,0,2,2,2018,7,15,3,3,2,6,0,0,1,0,0,0,1,0,8.01153E+20,5.82783E+21,1.34392E+16,5.25172E+16
114347,11,0,7,7,2018,3,20,7,3,1,5,2,0,1,0,0,0,0,0,7.98511E+20,5.81805E+21,1.33917E+16,5.2431E+16
114348,11,0,5,5,2018,5,12,1,3,2,6,0,0,1,0,0,0,0,0,7.8448E+20,5.82646E+21,1.3193E+16,5.25138E+16
114349,11,0,4,4,2018,10,18,6,3,2,6,1,0,1,0,0,0,0,0,7.94492E+20,5.8231E+21,1.33372E+16,5.24785E+16
114350,11,0,1,1,2018,2,15,7,3,8,1,0,0,1,0,0,0,0,0,7.96718E+20,5.82666E+21,1.3373E+16,5.25091E+16
114351,11,0,1,1,2018,11,16,1,3,3,6,2,1,1,0,0,0,0,1,7.99171E+20,5.82837E+21,1.34106E+16,5.25231E+16
114352,11,0,7,7,2018,9,8,4,3,2,6,0,0,1,0,0,0,0,0,7.97018E+20,5.82235E+21,1.33736E+16,5.24703E+16
114353,11,0,3,3,2018,8,16,2,3,2,6,0,1,1,0,0,0,0,0,8.00047E+20,5.829E+21,1.3424E+16,5.25283E+16
114354,11,0,7,7,2018,6,19,4,3,0,6,0,0,1,0,1,0,0,0,7.97829E+20,5.82237E+21,1.33855E+16,5.24701E+16
114355,11,0,4,4,2018,10,15,4,3,2,6,0,0,1,0,1,0,0,0,7.90673E+20,5.8261E+21,1.32837E+16,5.25073E+16
114356,11,0,1,1,2018,6,15,6,3,2,6,0,0,1,0,0,0,0,0,7.963E+20,5.83009E+21,1.33699E+16,5.25401E+16
114357,11,0,1,1,2018,8,15,7,3,0,1,0,1,0,0,0,0,0,0,7.95507E+20,5.82722E+21,1.33557E+16,5.25148E+16
114358,11,0,1,1,2018,5,19,3,2,5,3,0,1,0,0,0,0,1,0,7.99604E+20,5.82829E+21,1.34169E+16,5.25222E+16
114359,11,0,12,12,2018,4,13,2,3,6,4,0,0,1,1,0,0,0,0,7.92806E+20,5.8373E+21,1.33249E+16,5.26067E+16
114360,11,0,4,4,2018,12,18,3,3,2,6,2,0,1,0,0,0,1,1,7.91141E+20,5.82936E+21,1.32934E+16,5.25363E+16
114361,11,0,11,11,2018,9,8,3,3,6,2,0,0,1,1,0,0,0,0,8.03758E+20,5.82757E+21,1.34773E+16,5.25134E+16
114362,11,0,4,4,2018,9,17,4,3,2,6,0,0,1,0,0,0,0,0,7.92253E+20,5.82363E+21,1.33048E+16,5.24843E+16
114363,11,0,1,1,2018,6,16,4,3,2,6,0,1,1,0,0,0,0,0,7.99683E+20,5.82843E+21,1.34182E+16,5.25234E+16
114364,11,0,3,3,2018,7,15,2,3,2,6,0,0,1,0,0,0,1,0,8.00063E+20,5.83372E+21,1.34285E+16,5.25706E+16
114365,11,0,2,2,2018,7,16,3,3,5,3,0,1,1,0,0,0,0,0,7.97886E+20,5.82549E+21,1.33891E+16,5.2498E+16
114366,11,0,4,4,2018,5,14,3,2,2,6,0,0,1,0,0,0,0,0,7.89155E+20,5.82616E+21,1.32615E+16,5.25087E+16
114367,11,0,4,4,2018,2,14,7,3,6,7,0,0,1,1,0,0,0,0,7.9199E+20,5.82664E+21,1.33035E+16,5.25115E+16
114368,11,0,5,5,2018,11,10,2,3,0,6,0,0,0,0,0,0,1,1,7.82201E+20,5.825E+21,1.31583E+16,5.2502E+16
114369,11,0,11,11,2018,8,15,5,3,2,6,0,0,1,0,0,0,0,0,8.06269E+20,5.82735E+21,1.3514E+16,5.251E+16
114370,11,0,2,2,2018,3,12,2,3,5,3,0,1,1,0,0,0,0,0,7.99862E+20,5.82878E+21,1.34211E+16,5.25264E+16
114371,15,0,82,15,2018,1,11,4,2,5,2,0,0,1,0,1,0,0,0,7.29856E+20,5.72517E+21,1.23214E+16,5.16306E+16
114372,11,0,9,9,2018,10,6,6,2,5,2,2,0,1,0,0,0,0,0,8.05387E+20,5.82236E+21,1.34964E+16,5.24658E+16
114373,11,0,9,9,2018,8,13,3,2,5,2,0,1,0,0,0,0,1,0,8.03126E+20,5.82454E+21,1.34652E+16,5.24866E+16
114374,11,0,3,3,2018,4,15,2,3,0,1,0,1,0,0,0,0,0,0,7.99185E+20,5.83115E+21,1.34133E+16,5.2548E+16
114375,11,0,4,4,2018,4,13,4,3,5,2,0,0,1,0,0,0,0,0,7.90519E+20,5.82638E+21,1.32817E+16,5.25099E+16
114376,11,0,3,3,2018,5,16,3,3,5,2,0,1,1,0,0,0,0,0,7.99971E+20,5.8302E+21,1.3424E+16,5.25391E+16
114377,11,0,3,3,2018,11,9,6,3,1,5,0,0,1,0,1,0,0,0,7.98156E+20,5.83352E+21,1.34003E+16,5.25698E+16
114378,11,0,1,1,2018,12,10,2,3,2,2,0,1,1,0,0,0,0,1,7.96421E+20,5.82633E+21,1.33684E+16,5.25063E+16
114379,11,0,3,3,2018,9,17,5,3,5,2,0,1,0,0,0,0,1,0,7.99196E+20,5.83143E+21,1.34137E+16,5.25506E+16
114380,11,0,4,4,2018,8,13,6,2,3,6,0,0,1,0,0,0,1,0,7.92422E+20,5.82307E+21,1.33068E+16,5.24793E+16
114381,11,0,9,9,2018,6,6,6,3,3,6,0,1,0,0,0,0,1,0,8.06376E+20,5.82138E+21,1.351E+16,5.24564E+16
114382,11,0,1,1,2018,7,14,4,3,5,3,0,0,1,0,1,0,0,0,7.95878E+20,5.83206E+21,1.33655E+16,5.2558E+16
114383,11,0,2,2,2018,5,8,4,2,5,3,0,1,1,0,0,0,0,0,8.03093E+20,5.82765E+21,1.34676E+16,5.25145E+16
114384,11,0,4,4,2018,2,12,7,3,2,6,0,0,1,0,0,0,0,0,7.93427E+20,5.82688E+21,1.33249E+16,5.25129E+16
114385,11,0,1,1,2018,11,22,2,3,5,3,2,0,1,0,0,0,0,0,7.96186E+20,5.8302E+21,1.33684E+16,5.25411E+16
114386,11,0,3,3,2018,6,14,1,3,2,6,0,0,1,0,0,0,0,0,7.99199E+20,5.8315E+21,1.34138E+16,5.25511E+16
114387,11,0,7,7,2018,12,20,5,2,6,2,2,0,1,1,0,0,0,0,7.95796E+20,5.82413E+21,1.33572E+16,5.24869E+16
114388,11,0,4,4,2018,10,13,7,3,3,6,0,0,1,0,1,0,0,0,7.93021E+20,5.82681E+21,1.33188E+16,5.25125E+16
114389,11,0,4,4,2018,2,11,7,3,5,7,0,0,1,0,0,0,1,0,7.93444E+20,5.82687E+21,1.33251E+16,5.25127E+16
114390,11,0,10,10,2018,8,16,4,3,5,3,0,1,1,0,0,0,0,0,8.12567E+20,5.82718E+21,1.36063E+16,5.2505E+16
114391,11,0,2,2,2018,4,22,4,3,6,4,2,1,0,1,0,0,0,0,8.02062E+20,5.8273E+21,1.34521E+16,5.25119E+16
114392,11,0,2,2,2018,3,15,6,2,6,4,0,0,1,1,0,0,0,0,8.02735E+20,5.82767E+21,1.34623E+16,5.25149E+16
114393,11,0,1,1,2018,5,20,4,3,5,3,0,1,1,0,0,0,0,0,8.00002E+20,5.82808E+21,1.34225E+16,5.252E+16
114394,11,0,2,2,2018,10,9,4,3,2,2,0,1,1,0,0,0,0,0,7.97898E+20,5.82543E+21,1.33893E+16,5.24975E+16
114395,11,0,3,3,2018,2,12,7,2,5,2,0,1,1,0,0,0,0,0,7.98793E+20,5.83283E+21,1.34091E+16,5.25633E+16
114396,11,0,11,11,2018,11,5,3,3,2,6,2,0,1,0,0,0,0,0,8.06097E+20,5.82737E+21,1.35114E+16,5.25103E+16
114397,11,0,4,4,2018,9,17,7,3,1,5,0,1,1,0,0,0,0,0,7.8787E+20,5.82595E+21,1.32424E+16,5.25075E+16
114398,11,0,3,3,2018,8,14,6,3,3,6,0,0,1,0,0,0,1,0,8.013E+20,5.83096E+21,1.34442E+16,5.25452E+16
114399,11,0,3,3,2018,6,23,1,3,6,2,2,0,1,1,0,0,0,0,8.00919E+20,5.82971E+21,1.34375E+16,5.25342E+16
114400,11,0,4,4,2018,7,13,1,3,2,6,0,1,1,0,0,0,0,0,7.93123E+20,5.82681E+21,1.33203E+16,5.25124E+16
114401,11,0,3,3,2018,6,20,3,3,6,4,0,1,0,1,0,0,0,0,8.00071E+20,5.83054E+21,1.34258E+16,5.25421E+16
114402,11,0,3,3,2018,8,20,4,2,0,1,0,0,0,0,1,0,0,0,7.98015E+20,5.83364E+21,1.33983E+16,5.2571E+16
114403,11,0,7,7,2018,5,15,5,3,3,6,0,1,0,0,0,0,1,0,7.95785E+20,5.8241E+21,1.3357E+16,5.24867E+16
114404,11,0,2,2,2018,4,10,5,3,0,1,0,0,0,0,1,0,0,0,8.03541E+20,5.82759E+21,1.34741E+16,5.25137E+16
114405,11,0,6,6,2018,12,16,2,3,6,4,2,0,1,1,0,0,0,0,7.9045E+20,5.81846E+21,1.32738E+16,5.2439E+16
114406,11,0,1,1,2018,9,11,7,3,5,7,0,1,1,0,0,0,0,0,7.96349E+20,5.82614E+21,1.33671E+16,5.25046E+16
114407,11,0,6,6,2018,9,11,7,3,2,2,0,0,1,0,0,0,0,0,7.85263E+20,5.81629E+21,1.31958E+16,5.24223E+16
114408,11,0,3,3,2018,7,18,6,3,0,1,0,1,1,0,0,0,0,0,7.99163E+20,5.83057E+21,1.34125E+16,5.25429E+16
114409,11,0,1,1,2018,3,21,3,3,3,6,2,1,1,0,0,0,0,1,7.97704E+20,5.82684E+21,1.33877E+16,5.25102E+16
114410,11,0,2,2,2018,7,22,6,3,1,5,2,1,1,0,0,0,0,0,8.01883E+20,5.82778E+21,1.34499E+16,5.25163E+16
114411,11,0,3,3,2018,3,9,4,3,0,1,0,0,0,0,1,0,0,1,7.99187E+20,5.83037E+21,1.34126E+16,5.2541E+16
114412,11,0,2,2,2018,5,15,6,3,3,6,0,0,1,0,1,0,0,0,8.02147E+20,5.82775E+21,1.34538E+16,5.25159E+16
114413,11,0,3,3,2018,10,17,5,3,1,5,0,1,0,0,0,0,1,0,8.00473E+20,5.82968E+21,1.34309E+16,5.25342E+16
114414,11,0,3,3,2018,2,5,7,3,5,3,2,0,1,0,0,0,1,2,8.01342E+20,5.831E+21,1.34449E+16,5.25455E+16
114415,11,0,1,1,2018,11,23,6,3,2,6,2,0,1,0,0,0,0,0,7.96175E+20,5.82577E+21,1.33643E+16,5.25014E+16
114416,11,0,4,4,2018,9,9,2,3,0,2,0,1,1,0,0,0,0,0,7.91022E+20,5.82646E+21,1.32892E+16,5.25104E+16
114417,11,0,3,3,2018,8,14,7,3,2,6,0,1,1,0,0,0,1,0,7.98401E+20,5.83343E+21,1.34038E+16,5.25689E+16
114418,11,0,7,7,2018,3,15,1,3,6,7,0,0,1,1,0,0,0,0,7.97542E+20,5.81827E+21,1.33777E+16,5.24335E+16
114419,11,0,1,1,2018,10,16,3,3,5,2,0,0,1,0,1,0,1,0,7.99229E+20,5.82787E+21,1.3411E+16,5.25186E+16
114420,11,0,9,9,2018,8,21,5,3,8,1,2,0,1,0,0,0,0,0,8.06595E+20,5.82114E+21,1.3513E+16,5.24542E+16
114421,11,0,4,4,2018,4,17,7,3,3,6,0,0,1,0,1,0,0,0,7.93673E+20,5.82692E+21,1.33285E+16,5.25131E+16
114422,11,0,1,1,2018,4,7,7,3,5,7,0,0,1,0,0,0,0,0,7.99699E+20,5.82847E+21,1.34184E+16,5.25238E+16
114423,11,0,4,4,2018,6,15,6,3,3,6,0,0,1,0,0,0,0,0,7.9239E+20,5.82351E+21,1.33067E+16,5.24832E+16
114424,11,0,1,1,2018,12,17,6,3,2,6,2,0,1,0,0,0,0,1,7.9619E+20,5.8258E+21,1.33645E+16,5.25017E+16
114425,11,0,2,2,2018,9,7,2,2,5,3,0,1,0,0,1,0,0,0,8.03309E+20,5.82763E+21,1.34707E+16,5.25142E+16
114426,11,0,1,1,2018,9,8,3,3,2,6,0,1,1,0,0,0,0,0,7.97316E+20,5.82678E+21,1.33819E+16,5.25099E+16
114427,11,0,11,11,2018,6,17,3,3,5,3,0,0,1,0,1,0,0,0,8.03674E+20,5.83511E+21,1.34829E+16,5.25811E+16
114428,11,0,4,4,2018,7,11,7,3,8,1,0,0,1,0,0,0,0,0,7.92239E+20,5.82935E+21,1.33096E+16,5.25357E+16
114429,11,0,3,3,2018,5,19,1,3,2,2,0,1,0,0,0,0,0,0,8.00391E+20,5.83E+21,1.343E+16,5.25371E+16
114430,11,0,7,7,2018,2,16,6,3,2,6,0,0,1,0,0,0,0,0,7.95695E+20,5.82316E+21,1.33549E+16,5.24783E+16
114431,11,0,12,12,2018,11,21,6,3,2,6,2,0,1,0,0,0,0,0,7.91726E+20,5.83327E+21,1.33055E+16,5.25711E+16
114432,15,0,88,305,2018,1,12,3,2,4,2,0,0,0,0,0,1,1,0,6.815E+20,5.69392E+21,1.16074E+16,5.13675E+16
114433,11,0,3,3,2018,10,10,4,3,2,6,0,0,1,0,0,0,0,0,8.00234E+20,5.83008E+21,1.34278E+16,5.25379E+16
114434,11,0,2,2,2018,8,8,2,3,5,2,0,0,1,0,0,0,0,0,8.02583E+20,5.82769E+21,1.34601E+16,5.25151E+16
114435,11,0,7,7,2018,4,21,1,3,8,1,2,0,1,0,0,0,0,0,7.99064E+20,5.82175E+21,1.34031E+16,5.24638E+16
114436,11,0,12,12,2018,4,20,2,3,5,2,2,0,1,0,0,0,0,0,7.95337E+20,5.83374E+21,1.3359E+16,5.25734E+16
114437,11,0,4,4,2018,5,15,2,3,0,1,0,1,0,0,0,0,0,0,7.90984E+20,5.82647E+21,1.32886E+16,5.25105E+16
114438,11,0,2,2,2018,10,17,3,3,5,3,1,1,0,0,0,0,0,1,8.02151E+20,5.82758E+21,1.34537E+16,5.25144E+16
114439,11,0,7,7,2018,2,14,6,3,2,6,0,0,1,0,0,0,0,0,7.95812E+20,5.82264E+21,1.33561E+16,5.24735E+16
114440,11,0,3,3,2018,12,12,7,3,5,2,0,1,1,0,0,0,0,0,7.99993E+20,5.83019E+21,1.34243E+16,5.2539E+16
114441,11,0,4,4,2018,9,14,4,3,2,6,0,0,1,0,0,0,0,0,7.8922E+20,5.82617E+21,1.32624E+16,5.25088E+16