OBJECTID_1,ULAND,UREGBEZ,UKREIS,UGEMEINDE,UJAHR,UMONAT,USTUNDE,UWOCHENTAG,UKATEGORIE,UART,UTYP1,ULICHTVERH,IstRad,IstPKW,IstFuss,IstKrad,IstGkfz,IstSonstig,STRZUSTAND,LINREFX,LINREFY,XGCSWGS84,YGCSWGS84
114442,11,0,3,3,2018,8,19,5,3,0,1,2,0,0,0,1,0,0,1,8.02289E+20,5.83157E+21,1.34593E+16,5.25501E+16
114443,11,0,1,1,2018,6,8,5,3,3,6,0,0,1,0,1,0,0,0,7.99897E+20,5.82815E+21,1.34211E+16,5.25208E+16
114444,11,0,3,3,2018,6,16,5,3,5,2,0,1,0,0,0,0,1,0,7.99138E+20,5.8306E+21,1.34121E+16,5.25432E+16
114445,11,0,2,2,2018,8,12,6,3,0,6,0,0,0,0,1,1,0,0,7.99901E+20,5.82878E+21,1.34217E+16,5.25264E+16
114446,11,0,1,1,2018,3,12,2,3,5,3,0,1,1,0,0,0,0,1,7.99319E+20,5.82797E+21,1.34124E+16,5.25195E+16
114447,11,0,6,6,2018,4,17,2,3,1,7,0,0,1,0,0,0,0,0,7.89204E+20,5.818E+21,1.32551E+16,5.24355E+16
114448,11,0,2,2,2018,4,15,1,3,0,7,0,1,0,0,0,0,0,0,7.97739E+20,5.82443E+21,1.3386E+16,5.24886E+16
114449,11,0,1,1,2018,6,19,6,3,2,6,1,0,1,0,0,0,0,1,7.95571E+20,5.82724E+21,1.33567E+16,5.2515E+16
114450,11,0,7,7,2018,12,20,1,3,2,6,2,0,1,0,0,0,0,1,7.97851E+20,5.822E+21,1.33855E+16,5.24667E+16
114451,11,0,1,1,2018,9,16,2,3,5,3,0,0,1,0,0,0,0,0,7.95878E+20,5.83206E+21,1.33655E+16,5.2558E+16
114452,11,0,4,4,2018,9,11,3,2,2,6,0,0,1,0,0,0,0,0,7.91285E+20,5.82995E+21,1.32961E+16,5.25416E+16
114453,11,0,1,1,2018,6,12,4,3,5,3,0,0,1,0,0,0,0,0,7.96449E+20,5.82644E+21,1.33689E+16,5.25073E+16
114454,11,0,3,3,2018,7,7,2,3,5,2,0,1,1,0,0,0,0,0,8.00008E+20,5.82898E+21,1.34235E+16,5.25281E+16
114455,11,0,2,2,2018,5,8,2,2,3,6,0,1,0,0,0,0,0,0,8.0333E+20,5.82763E+21,1.3471E+16,5.25142E+16
114456,11,0,4,4,2018,2,13,6,3,3,6,0,0,1,0,0,0,0,0,7.90693E+20,5.82633E+21,1.32842E+16,5.25094E+16
114457,11,0,8,8,2018,11,2,1,3,2,6,2,0,1,0,0,0,0,0,8.02297E+20,5.82193E+21,1.34507E+16,5.24637E+16
114458,15,0,81,135,2018,1,13,4,3,2,6,0,0,1,0,0,0,0,0,6.65206E+20,5.82183E+21,1.14351E+16,5.25215E+16
114459,11,0,4,4,2018,10,20,4,2,2,6,2,0,1,0,0,0,0,0,7.9157E+20,5.82436E+21,1.32954E+16,5.24913E+16
114460,11,0,12,12,2018,8,22,2,3,0,6,2,0,1,0,1,0,0,0,7.87889E+20,5.83752E+21,1.32527E+16,5.26113E+16
114461,11,0,1,1,2018,4,17,1,3,0,6,0,0,1,0,1,0,0,0,7.96574E+20,5.8274E+21,1.33716E+16,5.25158E+16
114462,11,0,7,7,2018,4,9,3,2,2,6,0,0,1,0,0,0,0,1,7.99456E+20,5.82151E+21,1.34086E+16,5.24615E+16
114463,11,0,9,9,2018,5,8,2,3,2,6,0,0,1,0,0,0,0,0,8.0575E+20,5.8188E+21,1.34985E+16,5.24337E+16
114464,11,0,4,4,2018,10,8,4,3,5,3,0,0,1,0,0,0,0,0,7.93714E+20,5.82693E+21,1.33291E+16,5.25132E+16
114465,11,0,5,5,2018,2,9,6,3,6,4,0,0,1,1,0,0,0,0,7.83324E+20,5.82648E+21,1.31761E+16,5.25147E+16
114466,11,0,7,7,2018,12,8,2,3,2,6,0,0,1,0,0,0,0,1,7.96379E+20,5.81529E+21,1.33579E+16,5.24074E+16
114467,11,0,3,3,2018,9,17,4,3,0,2,0,1,1,0,0,0,0,0,8.00219E+20,5.83111E+21,1.34285E+16,5.25471E+16
114468,11,0,3,3,2018,8,11,5,3,2,6,0,0,1,0,0,1,1,1,8.02863E+20,5.83305E+21,1.34691E+16,5.25631E+16
114469,11,0,4,4,2018,6,15,5,3,2,6,0,0,1,0,0,0,0,0,7.9389E+20,5.82301E+21,1.33283E+16,5.24779E+16
114470,11,0,1,1,2018,7,12,4,3,3,6,0,0,1,0,1,0,0,0,7.96605E+20,5.8268E+21,1.33715E+16,5.25105E+16
114471,11,0,10,10,2018,2,13,6,3,2,6,0,0,1,0,0,0,0,0,8.11521E+20,5.82713E+21,1.35909E+16,5.25051E+16
114472,11,0,2,2,2018,11,3,1,1,6,4,2,0,1,1,0,0,0,0,8.03315E+20,5.82761E+21,1.34708E+16,5.2514E+16
114473,11,0,7,7,2018,6,13,6,3,6,4,0,0,0,1,0,0,1,0,7.99366E+20,5.816E+21,1.34024E+16,5.24121E+16
114474,11,0,7,7,2018,5,9,3,3,2,6,0,0,1,0,0,0,0,0,7.98516E+20,5.82209E+21,1.33953E+16,5.24672E+16
114475,11,0,3,3,2018,12,18,3,2,5,2,2,0,1,0,0,0,0,1,8.01344E+20,5.831E+21,1.34449E+16,5.25455E+16
114476,11,0,2,2,2018,10,20,5,3,6,4,2,1,0,1,0,0,0,0,8.01871E+20,5.82652E+21,1.34486E+16,5.2505E+16
114477,11,0,6,6,2018,2,16,6,3,6,4,0,0,1,1,0,0,0,0,7.89577E+20,5.81796E+21,1.32605E+16,5.2435E+16
114478,11,0,3,3,2018,7,16,2,3,6,4,0,1,0,1,0,0,0,0,7.99214E+20,5.83131E+21,1.34139E+16,5.25494E+16
114479,11,0,1,1,2018,4,11,4,3,2,6,0,0,1,0,0,0,0,0,7.9443E+20,5.82703E+21,1.33397E+16,5.25137E+16
114480,11,0,1,1,2018,7,21,1,2,5,3,2,0,1,0,0,0,0,0,7.96672E+20,5.82622E+21,1.3372E+16,5.25052E+16
114481,11,0,2,2,2018,3,17,5,3,6,7,2,1,0,1,0,0,0,1,7.97754E+20,5.82462E+21,1.33864E+16,5.24903E+16
114482,11,0,2,2,2018,5,16,4,3,3,6,0,1,1,0,0,0,0,0,8.02646E+20,5.82768E+21,1.3461E+16,5.2515E+16
114483,11,0,7,7,2018,10,14,3,3,5,2,0,0,1,0,0,0,1,1,7.97492E+20,5.81804E+21,1.33767E+16,5.24315E+16
114484,11,0,12,12,2018,2,8,5,3,6,2,0,0,1,1,0,0,0,1,7.92161E+20,5.83843E+21,1.33164E+16,5.26171E+16
114485,11,0,4,4,2018,11,22,1,3,5,2,2,0,1,0,0,0,1,0,7.87147E+20,5.82584E+21,1.32317E+16,5.25069E+16
114486,11,0,2,2,2018,9,17,6,3,5,2,0,1,1,0,0,0,0,0,8.02178E+20,5.82775E+21,1.34542E+16,5.25159E+16
114487,11,0,1,1,2018,8,21,5,3,5,2,2,1,1,0,0,0,0,0,7.96195E+20,5.83019E+21,1.33685E+16,5.2541E+16
114488,11,0,2,2,2018,6,10,7,3,5,2,0,1,1,0,0,0,0,0,8.02178E+20,5.82775E+21,1.34542E+16,5.25159E+16
114489,11,0,7,7,2018,6,16,7,3,2,6,0,0,1,0,0,0,0,0,7.95935E+20,5.82442E+21,1.33595E+16,5.24895E+16
114490,11,0,3,3,2018,6,15,2,3,2,6,0,0,0,0,1,1,0,0,8.01291E+20,5.83099E+21,1.34441E+16,5.25454E+16
114491,11,0,2,2,2018,8,15,4,3,2,6,0,0,1,0,0,0,1,0,8.01821E+20,5.82638E+21,1.34477E+16,5.25038E+16
114492,11,0,7,7,2018,5,9,5,2,6,6,0,1,0,1,0,0,0,0,7.98628E+20,5.81777E+21,1.33931E+16,5.24284E+16
114493,11,0,11,11,2018,4,17,4,3,3,6,0,1,1,0,0,0,0,0,8.0498E+20,5.82744E+21,1.34951E+16,5.25116E+16
114494,11,0,10,10,2018,12,20,6,3,2,6,2,0,1,0,0,0,0,0,8.08878E+20,5.82741E+21,1.35523E+16,5.25091E+16
114495,11,0,12,12,2018,9,8,6,3,5,2,0,1,1,0,0,0,0,0,7.9556E+20,5.8332E+21,1.33618E+16,5.25684E+16
114496,11,0,4,4,2018,9,19,6,3,6,7,1,1,0,1,0,0,0,0,7.90301E+20,5.82636E+21,1.32785E+16,5.25099E+16
114497,11,0,12,12,2018,7,14,5,3,2,6,0,0,1,0,1,0,0,0,7.89302E+20,5.83673E+21,1.32728E+16,5.26034E+16
114498,11,0,4,4,2018,3,15,2,3,2,6,0,0,1,0,0,0,0,0,7.90557E+20,5.82738E+21,1.32831E+16,5.25189E+16
114499,11,0,1,1,2018,7,16,5,3,2,6,0,0,1,0,0,0,0,1,7.98812E+20,5.82721E+21,1.34043E+16,5.25129E+16
114500,11,0,4,4,2018,3,17,2,3,2,6,0,0,1,0,0,0,0,0,7.9046E+20,5.82544E+21,1.328E+16,5.25015E+16
114501,11,0,4,4,2018,5,14,5,3,3,6,0,0,1,0,1,0,0,0,7.90859E+20,5.82895E+21,1.32889E+16,5.25328E+16
114502,11,0,12,12,2018,2,8,5,3,2,6,0,0,1,0,0,0,0,0,7.88115E+20,5.8374E+21,1.32559E+16,5.261E+16
114503,11,0,8,8,2018,11,21,4,2,2,6,2,0,1,0,0,1,0,0,8.0294E+20,5.8212E+21,1.34595E+16,5.24568E+16
114504,11,0,3,3,2018,9,9,1,3,5,3,0,1,1,0,0,0,0,0,8.00845E+20,5.83033E+21,1.3437E+16,5.25397E+16
114505,11,0,1,1,2018,8,10,7,3,9,1,0,0,0,0,1,0,0,1,7.99791E+20,5.82861E+21,1.34199E+16,5.25249E+16
114506,15,0,88,25,2018,1,19,5,3,5,3,2,0,1,0,0,0,0,1,7.02414E+20,5.69525E+21,1.19083E+16,5.13724E+16
114507,11,0,3,3,2018,10,16,2,3,2,6,0,0,1,0,0,0,0,0,8.00922E+20,5.83866E+21,1.34457E+16,5.26144E+16
114508,11,0,2,2,2018,8,3,5,3,6,6,2,1,0,1,0,0,0,0,8.01856E+20,5.82647E+21,1.34483E+16,5.25046E+16
114509,11,0,1,1,2018,4,10,6,3,3,6,0,0,1,0,1,0,0,0,7.99786E+20,5.8282E+21,1.34195E+16,5.25212E+16
114510,11,0,7,7,2018,4,15,6,2,8,1,0,0,1,0,0,0,0,0,7.97577E+20,5.82233E+21,1.33818E+16,5.24698E+16
114511,11,0,1,1,2018,5,17,5,3,3,6,0,0,1,0,0,1,0,0,7.99231E+20,5.82841E+21,1.34115E+16,5.25235E+16
114512,11,0,2,2,2018,12,19,5,3,2,6,2,0,1,0,0,0,0,1,7.96863E+20,5.82594E+21,1.33745E+16,5.25026E+16
114513,11,0,9,9,2018,9,3,1,3,9,1,2,0,1,0,0,0,0,1,8.03712E+20,5.82402E+21,1.34733E+16,5.24816E+16
114514,11,0,3,3,2018,9,16,3,3,3,6,0,0,0,0,1,0,1,0,7.98399E+20,5.83344E+21,1.34038E+16,5.2569E+16
114515,11,0,10,10,2018,6,10,2,2,3,6,0,0,1,0,1,0,0,0,8.09554E+20,5.82739E+21,1.35622E+16,5.25085E+16
114516,11,0,1,1,2018,7,16,6,3,5,2,0,1,1,0,0,0,0,0,7.99571E+20,5.82827E+21,1.34164E+16,5.2522E+16
114517,11,0,1,1,2018,5,13,7,3,1,5,0,1,1,0,0,0,1,0,7.97302E+20,5.82678E+21,1.33817E+16,5.25098E+16
114518,11,0,3,3,2018,2,15,5,3,2,6,0,0,1,0,0,0,0,0,8.02774E+20,5.8328E+21,1.34676E+16,5.25608E+16
114519,11,0,2,2,2018,11,15,6,3,2,6,0,0,1,0,0,0,0,0,8.03268E+20,5.82763E+21,1.34701E+16,5.25143E+16
114520,15,0,88,295,2018,1,10,2,2,8,7,0,0,1,0,0,0,0,0,7.03115E+20,5.71719E+21,1.19309E+16,5.15691E+16
114521,11,0,7,7,2018,10,15,3,3,1,5,0,0,1,0,1,0,0,0,7.95805E+20,5.82418E+21,1.33574E+16,5.24874E+16
114522,11,0,4,4,2018,8,13,1,3,2,6,0,0,1,0,0,0,0,0,7.90761E+20,5.82487E+21,1.32839E+16,5.24963E+16
114523,11,0,4,4,2018,4,19,7,3,3,6,0,0,1,0,0,0,0,0,7.908E+20,5.82648E+21,1.32859E+16,5.25107E+16
114524,11,0,3,3,2018,3,17,7,3,0,1,0,0,1,0,0,0,0,1,7.97966E+20,5.83463E+21,1.33985E+16,5.25799E+16
114525,11,0,9,9,2018,5,3,1,2,5,3,2,1,1,0,0,0,0,0,8.0258E+20,5.82507E+21,1.34577E+16,5.24917E+16
114526,11,0,1,1,2018,10,11,3,3,6,7,0,0,1,1,0,0,0,0,7.9627E+20,5.83036E+21,1.33697E+16,5.25426E+16
114527,11,0,4,4,2018,2,15,5,3,3,2,0,0,1,0,0,0,0,0,7.93143E+20,5.82684E+21,1.33207E+16,5.25127E+16
114528,11,0,10,10,2018,11,19,6,3,2,6,2,0,1,0,0,0,0,1,8.1281E+20,5.82718E+21,1.36099E+16,5.25048E+16
114529,11,0,2,2,2018,9,18,3,3,3,6,1,0,1,0,1,0,0,0,7.97895E+20,5.82513E+21,1.33889E+16,5.24948E+16
114530,11,0,12,12,2018,8,8,4,3,5,2,0,0,1,0,0,0,0,0,7.94372E+20,5.83451E+21,1.33455E+16,5.25808E+16
114531,11,0,11,11,2018,6,15,4,2,0,1,0,0,0,0,1,0,0,0,8.04143E+20,5.82753E+21,1.34829E+16,5.25128E+16
114532,11,0,6,6,2018,7,13,3,3,2,2,0,0,1,0,0,0,0,0,7.85241E+20,5.81619E+21,1.31954E+16,5.24214E+16
114533,11,0,1,1,2018,6,0,4,3,5,3,2,1,1,0,0,0,0,0,8E+20,5.82808E+21,1.34225E+16,5.252E+16
114534,11,0,12,12,2018,5,11,2,2,0,6,0,0,1,0,1,0,0,0,7.92251E+20,5.83257E+21,1.33126E+16,5.25646E+16
114535,11,0,4,4,2018,4,15,7,3,3,6,0,0,1,0,0,1,0,0,7.90465E+20,5.82533E+21,1.328E+16,5.25006E+16
114536,11,0,3,3,2018,12,18,7,3,5,2,2,1,0,0,0,0,1,1,7.99142E+20,5.83037E+21,1.3412E+16,5.2541E+16
114537,11,0,7,7,2018,10,6,3,3,2,6,2,0,1,0,0,0,0,0,7.97846E+20,5.82237E+21,1.33858E+16,5.24701E+16
114538,11,0,6,6,2018,2,5,4,3,0,7,2,0,1,0,0,1,0,0,7.85007E+20,5.81765E+21,1.31932E+16,5.24346E+16
114539,11,0,4,4,2018,7,8,2,3,3,6,0,1,1,0,0,0,0,0,7.93964E+20,5.82695E+21,1.33328E+16,5.25132E+16
114540,11,0,4,4,2018,4,12,3,3,2,6,0,0,1,0,0,0,0,0,7.91503E+20,5.82442E+21,1.32944E+16,5.24919E+16
114541,11,0,1,1,2018,7,14,5,2,6,4,0,1,0,1,0,0,0,0,7.96194E+20,5.83101E+21,1.33692E+16,5.25484E+16
114542,11,0,9,9,2018,3,9,3,3,2,6,0,0,1,0,0,0,1,1,8.03092E+20,5.82092E+21,1.34614E+16,5.24541E+16
114543,11,0,4,4,2018,5,8,3,3,3,6,0,0,1,0,0,1,0,0,7.91732E+20,5.82919E+21,1.3302E+16,5.25345E+16
114544,11,0,7,7,2018,10,6,2,3,2,6,2,0,1,0,0,0,0,0,7.97864E+20,5.82046E+21,1.33843E+16,5.2453E+16
114545,11,0,4,4,2018,2,19,4,2,6,4,2,0,0,1,1,0,0,0,7.89219E+20,5.82617E+21,1.32624E+16,5.25088E+16
114546,11,0,1,1,2018,11,19,4,3,6,4,2,1,0,1,0,0,0,1,7.99095E+20,5.82762E+21,1.34088E+16,5.25164E+16
114547,11,0,3,3,2018,9,19,5,3,3,6,2,1,0,0,0,0,0,1,7.99187E+20,5.83093E+21,1.34131E+16,5.25461E+16
114548,11,0,3,3,2018,8,16,3,3,5,3,0,1,0,0,0,0,0,0,7.99325E+20,5.83035E+21,1.34146E+16,5.25408E+16
114549,11,0,12,12,2018,6,11,6,3,5,2,0,0,1,0,0,0,0,0,7.94098E+20,5.83502E+21,1.33419E+16,5.25855E+16
114550,11,0,3,3,2018,6,6,7,3,1,5,0,0,1,0,1,0,1,0,8.00122E+20,5.83016E+21,1.34262E+16,5.25387E+16
114551,11,0,12,12,2018,8,17,2,3,2,6,0,0,1,0,0,0,0,0,7.92099E+20,5.83263E+21,1.33104E+16,5.25652E+16
114552,11,0,7,7,2018,5,12,4,3,6,4,0,1,0,1,0,0,0,0,7.9914E+20,5.8166E+21,1.33996E+16,5.24176E+16
114553,11,0,9,9,2018,4,15,3,2,2,6,0,0,1,0,0,0,0,0,8.05385E+20,5.82234E+21,1.34964E+16,5.24656E+16
114554,11,0,2,2,2018,7,18,3,3,6,2,0,0,1,1,0,0,0,0,7.97031E+20,5.82588E+21,1.33769E+16,5.25019E+16
114555,11,0,3,3,2018,2,11,4,3,2,6,0,0,1,0,0,0,0,0,8.00608E+20,5.8299E+21,1.34331E+16,5.2536E+16
114556,11,0,7,7,2018,11,9,7,3,1,5,0,1,0,0,0,0,1,0,7.95948E+20,5.82445E+21,1.33597E+16,5.24897E+16
114557,11,0,3,3,2018,6,13,5,3,0,6,0,0,1,0,1,0,0,1,8.02801E+20,5.83194E+21,1.34672E+16,5.25531E+16
114558,11,0,11,11,2018,5,16,3,3,2,6,0,0,1,0,0,0,0,0,8.05603E+20,5.82738E+21,1.35042E+16,5.25107E+16
114559,11,0,12,12,2018,12,13,1,3,2,6,0,0,1,0,0,0,0,1,7.95839E+20,5.8322E+21,1.3365E+16,5.25592E+16
114560,11,0,2,2,2018,10,5,4,3,0,1,2,0,0,0,1,0,0,1,8.02142E+20,5.82768E+21,1.34536E+16,5.25153E+16
114561,11,0,7,7,2018,2,16,4,3,2,6,0,0,1,0,0,0,0,0,7.97952E+20,5.81997E+21,1.33852E+16,5.24485E+16
114562,11,0,3,3,2018,7,20,2,3,3,6,0,1,0,0,0,0,0,0,8.00379E+20,5.82958E+21,1.34294E+16,5.25333E+16
114563,11,0,1,1,2018,4,5,3,3,5,2,0,0,1,0,1,0,0,0,7.991E+20,5.82768E+21,1.34089E+16,5.2517E+16
114564,11,0,10,10,2018,7,13,6,3,3,6,0,0,1,0,0,1,0,0,8.09586E+20,5.82736E+21,1.35627E+16,5.25082E+16
114565,11,0,1,1,2018,3,15,4,3,0,6,0,0,1,0,0,0,1,0,7.98531E+20,5.827E+21,1.34E+16,5.25112E+16
114566,11,0,1,1,2018,5,15,3,3,2,6,0,0,1,0,0,0,0,0,7.96767E+20,5.82669E+21,1.33738E+16,5.25094E+16
114567,11,0,1,1,2018,10,17,2,3,2,6,1,0,1,0,0,0,1,1,7.96428E+20,5.82635E+21,1.33685E+16,5.25065E+16
114568,11,0,9,9,2018,2,14,4,2,9,1,0,0,1,0,0,0,0,0,8.03105E+20,5.82456E+21,1.34649E+16,5.24868E+16
114569,11,0,2,2,2018,11,18,6,2,3,6,2,1,0,0,0,0,0,0,8.01804E+20,5.82634E+21,1.34474E+16,5.25034E+16
114570,11,0,12,12,2018,9,15,6,3,0,3,0,1,0,0,0,0,0,0,7.94066E+20,5.83508E+21,1.33415E+16,5.2586E+16
114571,11,0,11,11,2018,8,11,4,2,5,2,0,1,1,0,0,0,0,0,8.05657E+20,5.82738E+21,1.3505E+16,5.25106E+16
114572,11,0,1,1,2018,6,4,7,3,3,6,0,1,0,0,0,0,0,0,7.99074E+20,5.82764E+21,1.34085E+16,5.25166E+16
114573,11,0,2,2,2018,6,17,1,3,0,7,0,1,0,0,0,0,1,0,8.02141E+20,5.82788E+21,1.34538E+16,5.25171E+16
114574,11,0,7,7,2018,8,6,3,3,5,2,0,1,1,0,0,0,0,0,7.96608E+20,5.816E+21,1.33619E+16,5.24136E+16
114575,11,0,4,4,2018,5,14,5,3,2,6,0,0,1,0,0,0,0,0,7.90767E+20,5.82637E+21,1.32853E+16,5.25097E+16
114576,11,0,10,10,2018,4,6,3,2,5,2,1,0,1,0,1,0,0,0,8.13055E+20,5.82719E+21,1.36135E+16,5.25048E+16
114577,11,0,4,4,2018,12,17,5,3,2,6,1,0,1,0,0,0,1,1,7.90773E+20,5.82485E+21,1.32841E+16,5.24961E+16
114578,11,0,1,1,2018,9,14,5,3,6,4,0,0,0,1,1,0,0,0,7.99796E+20,5.82868E+21,1.34201E+16,5.25256E+16
114579,11,0,6,6,2018,9,8,6,3,2,6,0,0,1,0,0,0,0,1,7.85305E+20,5.81584E+21,1.31961E+16,5.24182E+16
114580,11,0,3,3,2018,7,3,4,3,3,6,2,0,1,0,1,0,0,0,7.99167E+20,5.83072E+21,1.34127E+16,5.25442E+16
114581,11,0,1,1,2018,7,14,4,3,5,3,0,1,1,0,0,0,0,0,7.991E+20,5.82768E+21,1.34089E+16,5.2517E+16
114582,11,0,2,2,2018,5,18,5,3,5,2,0,1,1,0,0,0,0,0,8.02145E+20,5.82775E+21,1.34537E+16,5.25159E+16
114583,11,0,3,3,2018,2,13,3,3,3,6,0,0,1,0,0,0,1,0,8.00021E+20,5.83021E+21,1.34247E+16,5.25392E+16
114584,11,0,9,9,2018,11,18,3,3,6,7,2,1,0,1,0,0,0,1,8.03014E+20,5.82465E+21,1.34637E+16,5.24876E+16
114585,11,0,2,2,2018,8,7,6,3,2,6,0,0,1,0,1,0,0,0,8.02179E+20,5.82774E+21,1.34542E+16,5.25158E+16
114586,15,0,2,0,2018,1,18,5,3,2,6,2,0,1,0,0,0,0,1,7.07184E+20,5.70759E+21,1.19839E+16,5.14815E+16
114587,11,0,3,3,2018,10,7,2,3,2,6,0,0,1,0,0,0,0,0,7.99141E+20,5.83044E+21,1.3412E+16,5.25417E+16
114588,11,0,1,1,2018,8,23,4,3,3,6,2,1,1,0,0,0,0,0,7.98473E+20,5.82773E+21,1.33998E+16,5.25177E+16
114589,11,0,6,6,2018,4,19,5,3,2,6,0,0,1,0,0,0,0,0,7.89619E+20,5.81797E+21,1.32612E+16,5.2435E+16
114590,11,0,4,4,2018,4,17,6,3,2,6,0,0,1,0,0,0,0,0,7.92273E+20,5.8236E+21,1.3305E+16,5.24841E+16
114591,11,0,7,7,2018,5,11,5,2,2,6,0,0,1,0,1,0,0,0,7.97474E+20,5.81796E+21,1.33764E+16,5.24308E+16
114592,11,0,6,6,2018,12,12,5,3,6,6,0,1,0,1,0,0,0,0,7.90304E+20,5.81837E+21,1.32716E+16,5.24383E+16
114593,11,0,1,1,2018,9,19,6,2,6,4,2,0,0,1,0,0,1,1,7.96206E+20,5.82583E+21,1.33648E+16,5.2502E+16
114594,11,0,3,3,2018,9,12,2,3,5,3,0,1,1,0,0,0,0,0,8.03323E+20,5.83365E+21,1.34764E+16,5.25681E+16
114595,11,0,3,3,2018,6,16,7,2,3,6,0,1,1,0,0,0,0,0,7.99129E+20,5.83233E+21,1.34136E+16,5.25586E+16
114596,11,0,11,11,2018,7,10,5,3,5,2,0,1,0,0,0,0,1,0,8.05622E+20,5.82738E+21,1.35045E+16,5.25107E+16
114597,11,0,7,7,2018,5,20,5,2,6,4,1,0,1,1,0,0,0,0,7.96009E+20,5.82474E+21,1.33609E+16,5.24923E+16
114598,11,0,2,2,2018,2,15,3,3,6,4,0,0,1,1,0,0,0,0,8.03296E+20,5.82761E+21,1.34705E+16,5.25141E+16
114599,11,0,1,1,2018,11,16,4,3,5,2,1,0,1,0,0,0,0,0,7.96335E+20,5.83007E+21,1.33704E+16,5.25399E+16
114600,15,0,85,235,2018,1,23,2,1,9,1,2,0,1,0,0,0,0,1,6.46265E+20,5.74325E+21,1.11222E+16,5.18209E+16
114601,11,0,4,4,2018,10,18,3,3,2,6,0,0,0,0,1,0,1,0,7.90556E+20,5.82738E+21,1.32831E+16,5.25189E+16
114602,11,0,3,3,2018,8,3,1,3,0,3,2,1,1,0,0,0,0,0,7.99993E+20,5.83019E+21,1.34243E+16,5.2539E+16
114603,11,0,3,3,2018,4,4,7,2,9,1,2,0,1,0,0,0,0,0,8.03098E+20,5.83346E+21,1.34729E+16,5.25666E+16
114604,11,0,7,7,2018,3,12,5,3,2,6,0,0,1,0,0,1,0,1,7.9606E+20,5.82272E+21,1.33599E+16,5.24742E+16
114605,11,0,2,2,2018,5,22,6,3,0,3,2,0,0,0,1,1,0,0,7.97897E+20,5.82544E+21,1.33892E+16,5.24976E+16
114606,11,0,2,2,2018,10,18,2,3,2,6,1,1,1,0,0,0,0,1,8.03519E+20,5.82761E+21,1.34738E+16,5.25139E+16
114607,11,0,12,12,2018,2,19,3,3,1,5,2,0,1,0,0,0,0,0,7.94661E+20,5.83379E+21,1.33491E+16,5.25742E+16
114608,11,0,7,7,2018,11,23,5,3,2,7,2,0,1,0,0,0,0,0,7.99273E+20,5.82156E+21,1.3406E+16,5.2462E+16
114609,11,0,2,2,2018,9,15,3,3,0,1,0,1,0,0,0,0,0,0,8.02134E+20,5.82749E+21,1.34533E+16,5.25136E+16
114610,11,0,2,2,2018,8,20,3,3,1,5,2,1,1,0,0,0,0,0,8.02133E+20,5.8279E+21,1.34537E+16,5.25173E+16
114611,11,0,4,4,2018,6,12,3,2,5,2,0,1,1,0,0,0,0,0,7.921E+20,5.82663E+21,1.33051E+16,5.25114E+16
114612,11,0,7,7,2018,7,9,3,3,2,6,0,0,1,0,0,0,0,0,7.97992E+20,5.8198E+21,1.33856E+16,5.2447E+16
114613,11,0,9,9,2018,6,16,4,3,2,6,0,0,1,0,0,0,0,0,8.07065E+20,5.81821E+21,1.35172E+16,5.24277E+16
114614,11,0,2,2,2018,5,13,1,3,1,1,0,0,1,0,0,0,0,0,7.97026E+20,5.82577E+21,1.33768E+16,5.2501E+16
114615,11,0,3,3,2018,4,22,6,3,6,4,2,1,0,1,0,0,0,1,7.99182E+20,5.83089E+21,1.3413E+16,5.25457E+16
114616,11,0,2,2,2018,12,13,6,3,5,3,0,1,1,0,0,0,0,1,8.03069E+20,5.82764E+21,1.34672E+16,5.25144E+16
114617,11,0,7,7,2018,10,6,3,2,3,6,1,0,1,0,0,1,1,0,7.95409E+20,5.82272E+21,1.33503E+16,5.24745E+16
114618,11,0,3,3,2018,7,11,1,3,1,5,0,1,1,0,0,0,0,0,8.01604E+20,5.83124E+21,1.3449E+16,5.25475E+16
114619,11,0,7,7,2018,4,15,2,3,1,5,0,1,1,0,0,0,0,1,7.95678E+20,5.82397E+21,1.33553E+16,5.24856E+16
114620,11,0,3,3,2018,7,16,4,2,1,5,0,1,0,0,0,0,1,0,7.99174E+20,5.8308E+21,1.34128E+16,5.25449E+16
114621,11,0,3,3,2018,3,16,2,3,5,3,0,1,1,0,0,0,0,0,7.98154E+20,5.83602E+21,1.34025E+16,5.25922E+16
114622,11,0,2,2,2018,5,19,1,3,2,6,1,0,1,0,0,0,0,0,8.01891E+20,5.82839E+21,1.34506E+16,5.25218E+16
114623,11,0,6,6,2018,10,18,1,2,0,1,2,0,0,0,1,0,0,0,7.87579E+20,5.82144E+21,1.32342E+16,5.24672E+16
114624,11,0,2,2,2018,2,14,3,3,1,6,0,0,1,0,0,1,0,0,8.02051E+20,5.82709E+21,1.34518E+16,5.25101E+16
114625,11,0,4,4,2018,11,9,2,3,5,2,0,0,1,0,0,0,0,0,7.90526E+20,5.8264E+21,1.32818E+16,5.25101E+16
114626,11,0,2,2,2018,9,19,4,3,3,6,0,0,1,0,1,0,0,0,7.97034E+20,5.82576E+21,1.33769E+16,5.25009E+16
114627,11,0,7,7,2018,8,7,3,3,2,6,0,0,0,0,1,1,0,0,7.96652E+20,5.81601E+21,1.33626E+16,5.24137E+16
114628,11,0,12,12,2018,3,20,2,3,6,2,2,0,1,1,0,0,0,1,7.92728E+20,5.83742E+21,1.33239E+16,5.26078E+16
114629,11,0,9,9,2018,6,7,5,3,2,6,0,0,1,0,1,0,0,0,8.05142E+20,5.8226E+21,1.3493E+16,5.24681E+16