OBJECTID_1,ULAND,UREGBEZ,UKREIS,UGEMEINDE,UJAHR,UMONAT,USTUNDE,UWOCHENTAG,UKATEGORIE,UART,UTYP1,ULICHTVERH,IstRad,IstPKW,IstFuss,IstKrad,IstGkfz,IstSonstig,STRZUSTAND,LINREFX,LINREFY,XGCSWGS84,YGCSWGS84
114817,11,0,1,1,2018,5,11,2,3,5,2,0,1,1,0,0,0,0,0,7.97598E+20,5.82682E+21,1.33861E+16,5.25101E+16
114818,11,0,2,2,2018,10,8,4,3,2,6,0,0,1,0,1,0,0,0,8.02526E+20,5.82771E+21,1.34593E+16,5.25153E+16
114819,11,0,7,7,2018,2,9,6,3,5,2,0,0,1,0,0,0,0,0,7.95224E+20,5.82353E+21,1.33483E+16,5.24818E+16
114820,11,0,2,2,2018,12,19,1,2,5,2,2,0,1,0,0,0,0,1,8.02181E+20,5.82773E+21,1.34542E+16,5.25157E+16
114821,11,0,12,12,2018,9,16,4,3,6,4,0,1,0,1,0,0,0,0,7.95526E+20,5.83329E+21,1.33614E+16,5.25692E+16
114822,11,0,3,3,2018,8,12,5,3,0,1,0,0,0,0,1,0,0,1,7.98128E+20,5.83557E+21,1.34017E+16,5.25882E+16
114823,11,0,4,4,2018,6,14,5,3,3,6,0,1,1,0,0,0,0,0,7.89669E+20,5.82624E+21,1.32691E+16,5.25092E+16
114824,11,0,6,6,2018,7,15,3,3,5,3,0,1,1,0,0,0,0,0,7.88206E+20,5.81768E+21,1.32402E+16,5.24332E+16
114825,11,0,7,7,2018,2,9,6,3,2,6,0,0,1,0,0,0,1,1,7.99659E+20,5.81533E+21,1.34061E+16,5.2406E+16
114826,11,0,6,6,2018,11,9,7,3,5,7,0,1,0,0,0,0,0,0,7.87313E+20,5.81731E+21,1.32268E+16,5.24303E+16
114827,11,0,7,7,2018,6,20,5,2,1,6,0,0,1,0,0,0,1,0,7.97903E+20,5.82025E+21,1.33847E+16,5.2451E+16
114828,11,0,3,3,2018,5,9,3,3,5,7,0,0,1,0,0,0,1,0,7.98042E+20,5.83391E+21,1.3399E+16,5.25734E+16
114829,11,0,7,7,2018,12,0,3,3,2,6,2,0,1,0,0,0,0,0,7.98662E+20,5.81775E+21,1.33936E+16,5.24282E+16
114830,11,0,2,2,2018,10,18,5,3,3,6,1,1,0,0,0,0,0,0,8.02087E+20,5.82727E+21,1.34524E+16,5.25116E+16
114831,11,0,5,5,2018,2,8,6,3,2,6,0,0,1,0,0,1,0,0,7.84231E+20,5.82652E+21,1.31894E+16,5.25146E+16
114832,11,0,1,1,2018,7,15,2,3,5,7,0,0,1,0,0,0,0,0,7.96214E+20,5.83086E+21,1.33694E+16,5.2547E+16
114833,11,0,3,3,2018,4,9,4,3,5,2,0,1,1,0,0,0,0,0,7.99317E+20,5.83033E+21,1.34145E+16,5.25406E+16
114834,11,0,4,4,2018,7,8,7,3,6,4,0,0,1,1,0,0,0,0,7.89583E+20,5.82623E+21,1.32678E+16,5.25091E+16
114835,11,0,2,2,2018,3,8,5,3,5,3,0,1,1,0,0,0,0,1,8.00966E+20,5.82787E+21,1.34365E+16,5.25176E+16
114836,11,0,3,3,2018,5,10,4,3,2,6,0,0,1,0,0,0,0,0,7.98028E+20,5.83362E+21,1.33985E+16,5.25708E+16
114837,11,0,4,4,2018,10,8,3,3,2,6,0,0,1,0,0,0,0,1,7.90658E+20,5.82502E+21,1.32826E+16,5.24977E+16
114838,11,0,1,1,2018,2,11,5,3,2,6,0,1,1,0,0,0,0,0,7.94269E+20,5.82702E+21,1.33374E+16,5.25137E+16
114839,11,0,4,4,2018,11,16,7,3,2,6,2,0,1,0,0,0,0,0,7.86835E+20,5.82583E+21,1.32271E+16,5.2507E+16
114840,11,0,3,3,2018,9,17,6,3,0,6,0,0,0,0,1,0,0,0,8.00692E+20,5.82987E+21,1.34343E+16,5.25358E+16
114841,11,0,9,9,2018,8,11,4,3,2,6,0,0,1,0,0,0,0,0,8.03917E+20,5.82466E+21,1.3477E+16,5.24872E+16
114842,11,0,10,10,2018,6,18,6,3,5,2,0,1,1,0,0,0,0,1,8.1205E+20,5.82716E+21,1.35987E+16,5.2505E+16
114843,11,0,4,4,2018,3,9,1,3,9,1,0,0,1,0,0,0,0,2,7.90428E+20,5.82777E+21,1.32816E+16,5.25225E+16
114844,11,0,7,7,2018,6,14,7,3,0,6,0,0,1,0,0,0,1,0,7.96033E+20,5.82528E+21,1.33617E+16,5.24971E+16
114845,11,0,8,8,2018,6,13,2,3,3,6,0,0,1,0,1,0,0,0,8.01039E+20,5.82166E+21,1.3432E+16,5.2462E+16
114846,11,0,2,2,2018,8,14,3,2,6,4,0,0,1,1,0,0,0,0,8.03399E+20,5.8276E+21,1.3472E+16,5.25139E+16
114847,11,0,1,1,2018,5,11,5,3,0,6,0,1,1,0,0,0,0,0,7.98764E+20,5.82798E+21,1.34043E+16,5.25198E+16
114848,11,0,3,3,2018,4,19,3,3,3,6,1,1,1,0,0,0,0,0,8.01443E+20,5.82916E+21,1.34447E+16,5.2529E+16
114849,11,0,4,4,2018,12,9,6,2,5,2,0,1,0,0,0,1,0,0,7.91846E+20,5.82659E+21,1.33014E+16,5.25112E+16
114850,11,0,3,3,2018,9,9,5,3,2,2,0,0,1,0,0,0,0,0,8.01343E+20,5.831E+21,1.34449E+16,5.25455E+16
114851,11,0,4,4,2018,9,16,6,3,2,6,0,0,1,0,1,0,0,0,7.93022E+20,5.82679E+21,1.33188E+16,5.25123E+16
114852,11,0,8,8,2018,7,12,5,3,2,6,0,0,1,0,0,0,0,0,8.02691E+20,5.82164E+21,1.34562E+16,5.24608E+16
114853,11,0,4,4,2018,7,10,5,3,2,6,0,0,1,0,0,0,0,1,7.91419E+20,5.8304E+21,1.32985E+16,5.25455E+16
114854,11,0,7,7,2018,3,15,2,3,5,3,0,0,1,0,0,1,0,1,7.98236E+20,5.81874E+21,1.33882E+16,5.24373E+16
114855,11,0,1,1,2018,5,22,5,2,6,7,2,1,0,1,0,0,0,0,7.96619E+20,5.82742E+21,1.33722E+16,5.2516E+16
114856,11,0,10,10,2018,2,0,5,2,8,1,2,0,1,0,0,0,0,1,8.0769E+20,5.83031E+21,1.35376E+16,5.25357E+16
114857,11,0,9,9,2018,11,6,4,3,2,6,0,0,1,0,0,1,0,1,8.04345E+20,5.81977E+21,1.34788E+16,5.24432E+16
114858,11,0,3,3,2018,8,14,6,3,6,4,0,0,1,1,0,0,0,0,7.99142E+20,5.83037E+21,1.3412E+16,5.25411E+16
114859,11,0,2,2,2018,3,9,7,3,5,3,0,0,1,0,0,1,0,1,7.97887E+20,5.82549E+21,1.33891E+16,5.2498E+16
114860,15,0,87,130,2018,1,10,5,3,5,3,0,0,1,0,0,0,0,1,6.7728E+20,5.71082E+21,1.15553E+16,5.15206E+16
114861,11,0,4,4,2018,10,19,2,3,8,1,2,0,0,0,1,0,0,0,7.90462E+20,5.82545E+21,1.328E+16,5.25016E+16
114862,11,0,7,7,2018,8,7,5,3,5,2,0,0,1,0,0,0,1,0,7.98468E+20,5.81815E+21,1.33911E+16,5.24319E+16
114863,11,0,1,1,2018,4,16,6,3,5,3,0,0,1,0,0,0,1,0,7.96188E+20,5.8302E+21,1.33684E+16,5.25411E+16
114864,11,0,1,1,2018,4,14,6,3,2,2,0,0,1,0,0,0,0,0,7.99803E+20,5.82863E+21,1.34201E+16,5.25251E+16
114865,11,0,7,7,2018,5,12,5,3,1,5,0,1,1,0,0,0,1,0,7.95665E+20,5.82398E+21,1.33552E+16,5.24857E+16
114866,11,0,3,3,2018,12,16,5,2,5,2,2,0,1,0,0,0,0,1,7.97158E+20,5.8389E+21,1.33904E+16,5.26186E+16
114867,11,0,3,3,2018,9,7,7,3,0,1,1,0,0,0,1,0,0,1,7.99142E+20,5.83039E+21,1.3412E+16,5.25412E+16
114868,11,0,1,1,2018,9,18,2,3,0,6,1,1,1,0,0,0,0,0,7.99035E+20,5.82753E+21,1.34078E+16,5.25156E+16
114869,11,0,3,3,2018,6,15,1,3,3,6,0,1,0,0,0,0,0,0,7.96468E+20,5.84035E+21,1.33816E+16,5.2632E+16
114870,11,0,6,6,2018,7,14,6,3,5,3,0,0,1,0,0,0,0,0,7.86513E+20,5.81695E+21,1.32147E+16,5.24275E+16
114871,11,0,11,11,2018,5,18,6,3,3,6,0,1,0,0,0,0,1,0,8.04875E+20,5.82745E+21,1.34936E+16,5.25117E+16
114872,11,0,8,8,2018,2,6,5,2,3,6,0,0,0,0,0,1,1,0,8.02644E+20,5.82172E+21,1.34556E+16,5.24616E+16
114873,11,0,6,6,2018,11,17,6,3,5,2,2,0,1,0,0,0,0,0,7.86516E+20,5.81693E+21,1.32148E+16,5.24273E+16
114874,11,0,4,4,2018,7,18,6,2,3,6,0,0,1,0,1,0,0,0,7.92196E+20,5.82667E+21,1.33066E+16,5.25117E+16
114875,11,0,4,4,2018,7,17,6,3,5,2,0,1,1,0,0,0,0,0,7.91729E+20,5.82657E+21,1.32996E+16,5.2511E+16
114876,11,0,7,7,2018,3,15,3,3,5,3,0,0,1,0,0,0,0,0,7.97477E+20,5.81798E+21,1.33764E+16,5.24309E+16
114877,11,0,2,2,2018,5,8,6,2,2,1,0,1,1,0,0,0,0,0,8.02794E+20,5.82767E+21,1.34632E+16,5.25148E+16
114878,11,0,4,4,2018,10,18,4,3,0,1,2,0,0,0,1,0,0,0,7.92275E+20,5.82937E+21,1.33101E+16,5.25358E+16
114879,11,0,12,12,2018,2,16,5,3,2,6,0,0,1,0,0,0,0,0,7.91047E+20,5.83416E+21,1.32963E+16,5.25794E+16
114880,11,0,3,3,2018,11,17,5,3,6,4,2,1,0,1,0,0,0,0,8.00327E+20,5.82945E+21,1.34285E+16,5.25321E+16
114881,11,0,6,6,2018,9,8,2,3,3,6,0,0,1,0,0,1,0,0,7.92567E+20,5.81983E+21,1.3306E+16,5.24501E+16
114882,11,0,7,7,2018,8,13,7,3,0,5,0,0,1,0,1,0,0,0,7.98034E+20,5.8195E+21,1.3386E+16,5.24443E+16
114883,11,0,12,12,2018,10,14,3,3,2,6,0,0,1,0,0,0,0,0,7.91737E+20,5.83961E+21,1.33112E+16,5.26279E+16
114884,11,0,3,3,2018,8,15,5,3,2,6,0,0,1,0,0,0,0,0,7.99141E+20,5.83041E+21,1.3412E+16,5.25414E+16
114885,11,0,1,1,2018,4,14,7,2,5,2,0,0,1,0,0,0,0,0,7.96344E+20,5.83008E+21,1.33706E+16,5.254E+16
114886,11,0,7,7,2018,4,17,6,3,6,7,0,1,0,1,0,0,0,0,7.9857E+20,5.81797E+21,1.33925E+16,5.24302E+16
114887,11,0,4,4,2018,6,15,6,3,2,6,0,0,1,0,0,0,0,0,7.9055E+20,5.82516E+21,1.32811E+16,5.2499E+16
114888,11,0,10,10,2018,12,16,6,3,2,6,2,0,1,0,0,0,1,1,8.1053E+20,5.82708E+21,1.35763E+16,5.25052E+16
114889,11,0,6,6,2018,9,18,1,3,2,6,1,0,1,0,0,0,0,1,7.85344E+20,5.81582E+21,1.31966E+16,5.24181E+16
114890,11,0,3,3,2018,9,17,3,3,2,6,0,0,1,0,0,0,1,0,8.0234E+20,5.83159E+21,1.34601E+16,5.25503E+16
114891,11,0,4,4,2018,6,17,2,3,2,6,0,0,1,0,0,0,0,0,7.92051E+20,5.82663E+21,1.33044E+16,5.25114E+16
114892,11,0,2,2,2018,7,0,6,3,5,2,2,1,1,0,0,0,0,0,8.03096E+20,5.82763E+21,1.34676E+16,5.25144E+16
114893,11,0,4,4,2018,5,14,7,3,2,6,0,0,1,0,1,0,0,0,7.91146E+20,5.82938E+21,1.32935E+16,5.25365E+16
114894,11,0,2,2,2018,2,12,5,3,6,4,0,0,1,1,0,0,0,0,8.01647E+20,5.82889E+21,1.34474E+16,5.25264E+16
114895,11,0,7,7,2018,11,18,6,3,2,6,2,0,1,0,0,0,0,0,7.94659E+20,5.82313E+21,1.33396E+16,5.24786E+16
114896,15,0,89,195,2018,1,22,3,3,7,7,2,0,1,0,0,0,0,0,6.90674E+20,5.72976E+21,1.17585E+16,5.16864E+16
114897,11,0,4,4,2018,10,7,4,3,2,6,0,0,1,0,0,0,1,0,7.9059E+20,5.82724E+21,1.32835E+16,5.25177E+16
114898,11,0,9,9,2018,8,17,2,2,0,4,0,0,0,1,0,0,1,0,8.02671E+20,5.82522E+21,1.34592E+16,5.24929E+16
114899,11,0,7,7,2018,4,16,1,3,0,6,0,0,1,0,0,0,1,0,7.95225E+20,5.82352E+21,1.33483E+16,5.24818E+16
114900,11,0,2,2,2018,4,13,1,3,5,3,0,1,1,0,0,0,0,1,8.02045E+20,5.82802E+21,1.34525E+16,5.25184E+16
114901,11,0,11,11,2018,5,7,2,3,5,2,0,1,0,0,0,1,0,0,8.03737E+20,5.82759E+21,1.3477E+16,5.25136E+16
114902,11,0,2,2,2018,10,17,3,3,5,2,1,1,1,0,0,0,0,1,8.02035E+20,5.82702E+21,1.34515E+16,5.25095E+16
114903,11,0,7,7,2018,2,17,5,2,5,2,2,1,1,0,0,0,0,0,7.97762E+20,5.82383E+21,1.33858E+16,5.24832E+16
114904,11,0,1,1,2018,12,19,7,2,1,7,2,0,1,0,0,0,0,1,7.96309E+20,5.82735E+21,1.33676E+16,5.25156E+16
114905,11,0,4,4,2018,9,8,3,3,5,3,0,0,1,0,1,0,0,0,7.93491E+20,5.82689E+21,1.33258E+16,5.25129E+16
114906,11,0,5,5,2018,8,13,4,3,2,6,0,0,1,0,0,0,1,0,7.83435E+20,5.82663E+21,1.31778E+16,5.25159E+16
114907,11,0,9,9,2018,6,14,4,3,2,6,0,0,1,0,0,0,1,0,8.0292E+20,5.82511E+21,1.34627E+16,5.24918E+16
114908,11,0,2,2,2018,7,14,3,3,6,4,0,1,0,1,0,0,0,0,8.02124E+20,5.82793E+21,1.34536E+16,5.25176E+16
114909,11,0,7,7,2018,2,23,5,3,2,6,2,0,1,0,0,0,0,1,7.97767E+20,5.82372E+21,1.33858E+16,5.24822E+16
114910,11,0,1,1,2018,6,9,5,3,6,4,0,1,0,1,0,0,0,0,7.9759E+20,5.82756E+21,1.33866E+16,5.25167E+16
114911,11,0,2,2,2018,5,14,2,3,2,6,0,0,1,0,0,0,0,0,8.01972E+20,5.82775E+21,1.34512E+16,5.2516E+16
114912,11,0,3,3,2018,4,12,1,3,5,3,0,1,1,0,0,0,0,0,7.97982E+20,5.83429E+21,1.33984E+16,5.25768E+16
114913,11,0,4,4,2018,12,20,7,3,6,2,2,0,0,1,0,0,1,1,7.91584E+20,5.82655E+21,1.32975E+16,5.25109E+16
114914,11,0,4,4,2018,10,22,3,2,9,1,2,0,1,0,0,0,0,1,7.91435E+20,5.82446E+21,1.32935E+16,5.24923E+16
114915,11,0,1,1,2018,2,18,4,3,2,6,2,0,1,0,0,0,0,0,7.99232E+20,5.82788E+21,1.3411E+16,5.25187E+16
114916,11,0,6,6,2018,7,18,2,3,8,1,0,0,1,0,0,0,0,0,7.82506E+20,5.81578E+21,1.3155E+16,5.24191E+16
114917,11,0,4,4,2018,4,16,3,3,5,2,0,1,1,0,0,0,0,0,7.92741E+20,5.82674E+21,1.33147E+16,5.2512E+16
114918,11,0,1,1,2018,7,13,5,3,2,6,0,0,1,0,0,0,0,0,7.96285E+20,5.82601E+21,1.33661E+16,5.25035E+16
114919,11,0,9,9,2018,3,17,3,3,3,6,0,0,1,0,0,1,0,1,8.05223E+20,5.81915E+21,1.34911E+16,5.24371E+16
114920,11,0,7,7,2018,5,11,3,3,2,6,0,0,1,0,0,0,0,0,7.97852E+20,5.8215E+21,1.33851E+16,5.24623E+16
114921,11,0,7,7,2018,10,9,2,2,4,1,0,0,1,0,0,0,0,0,7.98125E+20,5.81913E+21,1.3387E+16,5.24409E+16
114922,11,0,2,2,2018,2,11,4,3,3,6,0,1,1,0,0,0,0,0,8.02111E+20,5.82739E+21,1.34529E+16,5.25127E+16
114923,11,0,4,4,2018,11,16,6,3,2,6,1,0,1,0,0,0,0,0,7.9393E+20,5.823E+21,1.33288E+16,5.24778E+16
114924,11,0,12,12,2018,9,13,6,3,5,2,0,0,0,0,1,0,1,0,7.93318E+20,5.8366E+21,1.33319E+16,5.26001E+16
114925,11,0,12,12,2018,8,16,4,3,0,7,0,1,1,0,0,0,0,0,7.9192E+20,5.83886E+21,1.33133E+16,5.26211E+16
114926,11,0,7,7,2018,3,14,6,3,2,6,0,0,1,0,1,0,0,0,7.98224E+20,5.81878E+21,1.33881E+16,5.24376E+16
114927,11,0,1,1,2018,6,18,6,2,0,6,0,1,0,0,0,0,0,0,8.00211E+20,5.82802E+21,1.34256E+16,5.25194E+16
114928,11,0,4,4,2018,6,6,1,2,8,7,0,0,1,0,0,0,0,0,7.91585E+20,5.82916E+21,1.32998E+16,5.25343E+16
114929,11,0,12,12,2018,8,22,2,3,1,5,2,0,1,0,1,0,0,0,7.95874E+20,5.83209E+21,1.33655E+16,5.25582E+16
114930,11,0,9,9,2018,5,10,4,3,5,3,0,1,0,0,0,0,0,0,8.02964E+20,5.82509E+21,1.34634E+16,5.24916E+16
114931,11,0,11,11,2018,4,10,3,3,2,6,0,0,1,0,0,0,0,0,8.04528E+20,5.82749E+21,1.34885E+16,5.25122E+16
114932,11,0,1,1,2018,12,8,4,2,0,6,0,0,1,0,1,0,0,1,7.98041E+20,5.82766E+21,1.33933E+16,5.25174E+16
114933,11,0,7,7,2018,9,15,4,3,2,6,0,0,1,0,1,0,0,0,7.96261E+20,5.8227E+21,1.33628E+16,5.24739E+16
114934,11,0,1,1,2018,9,22,5,3,0,1,2,0,1,0,1,0,0,0,7.99127E+20,5.82773E+21,1.34094E+16,5.25174E+16
114935,11,0,9,9,2018,7,22,4,3,2,6,2,0,1,0,0,0,0,0,8.06289E+20,5.82146E+21,1.35088E+16,5.24573E+16
114936,11,0,6,6,2018,7,14,4,3,2,6,0,0,1,0,0,0,0,0,7.85992E+20,5.81911E+21,1.32089E+16,5.24472E+16
114937,11,0,3,3,2018,5,8,4,3,2,6,0,0,0,0,0,1,0,0,8.04474E+20,5.83964E+21,1.34989E+16,5.26212E+16
114938,11,0,7,7,2018,2,20,4,3,0,1,2,0,0,0,1,0,0,1,7.95231E+20,5.82351E+21,1.33484E+16,5.24817E+16
114939,11,0,9,9,2018,11,6,3,3,6,7,2,0,0,1,0,0,1,1,8.02793E+20,5.82536E+21,1.34611E+16,5.24941E+16
114940,11,0,12,12,2018,8,15,6,2,2,6,0,0,1,0,0,0,1,0,7.90999E+20,5.83426E+21,1.32957E+16,5.25803E+16
114941,15,0,3,0,2018,1,11,5,3,1,7,0,0,1,0,0,1,0,1,6.7977E+20,5.78089E+21,1.16276E+16,5.21492E+16
114942,11,0,6,6,2018,10,14,1,3,1,5,0,1,1,0,0,0,1,0,7.82506E+20,5.81576E+21,1.3155E+16,5.2419E+16
114943,11,0,2,2,2018,8,19,4,3,2,3,0,0,1,0,0,0,1,0,8.02172E+20,5.82773E+21,1.34541E+16,5.25157E+16
114944,11,0,1,1,2018,4,14,5,3,3,6,0,0,1,0,1,0,0,1,7.99676E+20,5.82848E+21,1.34181E+16,5.25238E+16
114945,11,0,4,4,2018,4,16,5,3,2,6,0,0,1,0,0,0,0,0,7.90655E+20,5.82623E+21,1.32836E+16,5.25086E+16
114946,11,0,1,1,2018,5,18,4,3,2,6,0,0,1,0,0,0,0,0,7.96285E+20,5.82601E+21,1.33661E+16,5.25035E+16
114947,11,0,11,11,2018,12,13,4,3,5,3,0,1,1,0,0,0,0,0,8.07693E+20,5.82747E+21,1.3535E+16,5.25103E+16
114948,11,0,2,2,2018,9,1,6,3,8,1,2,1,0,0,0,0,0,0,8.02024E+20,5.82697E+21,1.34512E+16,5.2509E+16
114949,11,0,5,5,2018,9,7,2,3,2,6,0,0,1,0,0,0,0,0,7.81816E+20,5.82452E+21,1.31522E+16,5.24979E+16
114950,11,0,3,3,2018,6,12,7,2,2,6,0,0,1,0,0,0,0,0,7.98017E+20,5.83374E+21,1.33984E+16,5.25719E+16
114951,11,0,11,11,2018,7,7,5,3,5,2,0,1,1,0,0,0,0,0,8.03686E+20,5.83534E+21,1.34833E+16,5.25831E+16
114952,11,0,7,7,2018,5,13,5,3,2,6,0,0,1,0,0,0,0,0,7.97849E+20,5.82229E+21,1.33857E+16,5.24693E+16
114953,11,0,10,10,2018,2,18,4,3,2,6,0,0,1,0,0,0,0,0,8.09114E+20,5.8274E+21,1.35558E+16,5.25089E+16
114954,11,0,12,12,2018,11,15,4,3,2,6,0,0,1,0,0,0,0,0,7.90977E+20,5.8343E+21,1.32954E+16,5.25807E+16
114955,11,0,7,7,2018,12,19,2,3,6,4,2,1,0,1,0,0,0,1,7.98217E+20,5.8188E+21,1.3388E+16,5.24379E+16
114956,11,0,3,3,2018,10,20,2,2,5,2,2,0,0,0,1,0,0,0,7.99996E+20,5.83022E+21,1.34244E+16,5.25393E+16
114957,11,0,3,3,2018,8,2,7,2,9,1,2,0,1,0,0,0,0,0,8.01127E+20,5.83728E+21,1.34474E+16,5.26019E+16
114958,11,0,3,3,2018,4,7,6,3,2,6,0,0,1,0,0,0,0,0,7.98005E+20,5.83368E+21,1.33982E+16,5.25713E+16
114959,11,0,7,7,2018,3,18,4,3,2,6,1,0,1,0,0,0,0,1,7.95257E+20,5.82357E+21,1.33488E+16,5.24822E+16
114960,11,0,11,11,2018,5,14,6,2,9,1,0,0,0,0,1,0,0,0,8.06468E+20,5.82735E+21,1.35169E+16,5.251E+16
114961,11,0,1,1,2018,10,20,1,3,1,1,2,0,1,0,0,0,0,1,7.96286E+20,5.83033E+21,1.33699E+16,5.25422E+16
114962,11,0,12,12,2018,2,7,4,3,5,3,0,0,1,0,0,0,0,0,7.87516E+20,5.83787E+21,1.32475E+16,5.26146E+16
114963,11,0,1,1,2018,11,18,5,3,6,2,2,0,0,1,0,0,1,0,7.99761E+20,5.82863E+21,1.34195E+16,5.25251E+16
114964,11,0,6,6,2018,9,13,2,2,5,2,0,0,1,0,1,0,0,0,7.90163E+20,5.81829E+21,1.32694E+16,5.24376E+16
114965,11,0,4,4,2018,8,11,1,3,3,6,0,0,1,0,0,0,0,0,7.8841E+20,5.82275E+21,1.32476E+16,5.24786E+16
114966,11,0,2,2,2018,6,17,3,2,3,6,0,0,1,0,1,0,0,0,8.03583E+20,5.82758E+21,1.34747E+16,5.25136E+16
114967,11,0,7,7,2018,7,8,3,2,5,3,0,0,1,0,1,0,0,0,7.99926E+20,5.81339E+21,1.34082E+16,5.23884E+16
114968,11,0,7,7,2018,6,13,4,3,5,7,0,0,1,0,1,0,0,0,7.96008E+20,5.82478E+21,1.33609E+16,5.24927E+16
114969,11,0,2,2,2018,5,15,1,3,0,2,0,1,1,0,0,0,0,0,8.02592E+20,5.8277E+21,1.34603E+16,5.25152E+16
114970,11,0,6,6,2018,4,18,6,3,2,6,1,0,1,0,0,0,0,1,7.92313E+20,5.81965E+21,1.33022E+16,5.24487E+16
114971,11,0,4,4,2018,12,22,5,2,3,6,2,0,1,0,0,0,1,1,7.91511E+20,5.83058E+21,1.33E+16,5.25471E+16
114972,11,0,3,3,2018,10,14,2,2,2,6,0,0,1,0,0,0,0,0,8.03068E+20,5.84025E+21,1.34787E+16,5.26274E+16
114973,11,0,1,1,2018,7,19,7,3,2,6,0,0,1,0,0,0,0,0,7.96216E+20,5.82586E+21,1.33649E+16,5.25022E+16
114974,11,0,4,4,2018,4,11,2,3,2,6,0,0,1,0,0,0,1,1,7.91779E+20,5.82416E+21,1.32983E+16,5.24894E+16
114975,11,0,3,3,2018,7,15,4,3,0,1,0,1,0,0,0,0,0,0,8.00113E+20,5.83258E+21,1.34282E+16,5.25603E+16
114976,11,0,6,6,2018,3,17,1,3,2,6,0,1,1,0,0,0,0,0,7.78445E+20,5.8149E+21,1.30947E+16,5.24134E+16
114977,11,0,1,1,2018,5,15,1,3,6,4,0,1,0,1,0,0,0,0,7.9622E+20,5.83016E+21,1.33688E+16,5.25408E+16
114978,15,0,87,130,2018,1,19,2,2,4,6,2,0,1,0,0,0,0,0,6.78487E+20,5.70734E+21,1.1571E+16,5.1489E+16
114979,11,0,7,7,2018,10,12,3,3,2,6,0,0,1,0,1,0,0,0,7.97812E+20,5.821E+21,1.3384E+16,5.24578E+16
114980,11,0,11,11,2018,8,10,1,3,6,2,0,0,1,1,0,0,0,0,8.0372E+20,5.82759E+21,1.34767E+16,5.25136E+16
114981,11,0,12,12,2018,4,13,7,3,6,7,0,0,1,1,0,0,0,0,7.92738E+20,5.83741E+21,1.3324E+16,5.26077E+16
114982,11,0,12,12,2018,3,19,6,3,3,6,0,0,1,0,1,0,0,0,7.95362E+20,5.83373E+21,1.33594E+16,5.25732E+16
114983,11,0,4,4,2018,5,14,1,3,2,6,0,0,1,0,0,0,0,0,7.90516E+20,5.82525E+21,1.32807E+16,5.24998E+16
114984,11,0,12,12,2018,10,6,3,3,9,1,2,0,1,0,0,0,0,1,7.87633E+20,5.83808E+21,1.32494E+16,5.26164E+16
114985,11,0,3,3,2018,2,13,4,3,2,6,0,0,1,0,0,0,1,0,8.00599E+20,5.82993E+21,1.3433E+16,5.25363E+16
114986,11,0,1,1,2018,11,17,6,2,6,4,2,1,0,1,0,0,0,1,7.95946E+20,5.83168E+21,1.33661E+16,5.25545E+16
114987,11,0,12,12,2018,9,14,3,3,2,6,0,0,1,0,0,0,0,0,7.92803E+20,5.83731E+21,1.33249E+16,5.26067E+16
114988,11,0,4,4,2018,8,10,3,3,2,6,0,0,1,0,0,0,0,0,7.91831E+20,5.82659E+21,1.33012E+16,5.25111E+16
114989,11,0,4,4,2018,6,12,4,3,2,6,0,0,1,0,0,0,0,0,7.90557E+20,5.82738E+21,1.32831E+16,5.25189E+16
114990,11,0,8,8,2018,7,19,3,3,3,6,0,0,1,0,0,0,1,0,8.01715E+20,5.82179E+21,1.3442E+16,5.24628E+16
114991,11,0,7,7,2018,6,17,4,2,2,6,0,0,1,0,1,0,0,0,7.9818E+20,5.81892E+21,1.33876E+16,5.2439E+16
114992,11,0,3,3,2018,5,8,2,3,5,2,0,1,1,0,0,0,0,0,7.97156E+20,5.83889E+21,1.33904E+16,5.26185E+16
114993,11,0,3,3,2018,4,16,7,3,2,6,0,0,1,0,0,0,0,0,8.01294E+20,5.83099E+21,1.34442E+16,5.25454E+16
114994,11,0,7,7,2018,12,17,6,3,3,6,2,0,1,0,0,0,0,1,7.95327E+20,5.8228E+21,1.33492E+16,5.24752E+16
114995,11,0,3,3,2018,10,18,3,3,2,6,1,0,1,0,0,0,0,1,7.98051E+20,5.8339E+21,1.33991E+16,5.25733E+16
114996,11,0,7,7,2018,2,14,3,3,2,6,0,0,1,0,0,0,1,0,7.96845E+20,5.82241E+21,1.33711E+16,5.24709E+16
114997,11,0,10,10,2018,7,20,1,2,3,6,1,1,1,0,0,0,0,0,8.08906E+20,5.82744E+21,1.35528E+16,5.25094E+16
114998,11,0,4,4,2018,4,18,2,3,2,6,0,0,1,0,0,0,0,1,7.92298E+20,5.82357E+21,1.33054E+16,5.24839E+16
114999,11,0,2,2,2018,7,14,4,3,3,6,0,0,1,0,1,0,0,0,7.97201E+20,5.82555E+21,1.33791E+16,5.2499E+16
115000,11,0,1,1,2018,3,21,2,3,5,2,2,0,1,0,1,0,0,0,7.97682E+20,5.82684E+21,1.33874E+16,5.25102E+16
115001,11,0,4,4,2018,5,11,2,3,2,6,0,0,1,0,0,0,1,0,7.90936E+20,5.82468E+21,1.32863E+16,5.24945E+16
115002,11,0,12,12,2018,10,5,2,3,2,6,2,0,1,0,0,0,0,0,7.91705E+20,5.83343E+21,1.33053E+16,5.25725E+16
115003,11,0,12,12,2018,2,19,3,2,5,3,2,0,1,0,0,0,0,0,7.87526E+20,5.83788E+21,1.32477E+16,5.26146E+16