OBJECTID_1,ULAND,UREGBEZ,UKREIS,UGEMEINDE,UJAHR,UMONAT,USTUNDE,UWOCHENTAG,UKATEGORIE,UART,UTYP1,ULICHTVERH,IstRad,IstPKW,IstFuss,IstKrad,IstGkfz,IstSonstig,STRZUSTAND,LINREFX,LINREFY,XGCSWGS84,YGCSWGS84
115566,11,0,4,4,2018,7,16,3,3,2,6,0,0,1,0,0,1,0,0,7.90696E+20,5.82634E+21,1.32843E+16,5.25095E+16
115567,11,0,1,1,2018,2,12,5,3,2,6,0,0,1,0,0,0,0,0,7.96258E+20,5.83015E+21,1.33694E+16,5.25407E+16
115568,11,0,1,1,2018,11,17,7,3,6,4,2,1,0,1,0,0,0,0,7.97059E+20,5.82673E+21,1.33781E+16,5.25096E+16
115569,11,0,12,12,2018,6,15,6,3,5,2,0,1,1,0,0,0,0,0,7.92378E+20,5.83773E+21,1.3319E+16,5.26107E+16
115570,11,0,1,1,2018,5,8,3,3,2,2,0,0,1,0,1,0,0,0,7.96187E+20,5.83019E+21,1.33684E+16,5.25411E+16
115571,11,0,12,12,2018,12,9,3,3,2,6,0,0,1,0,0,0,0,0,7.9339E+20,5.83625E+21,1.33326E+16,5.25969E+16
115572,11,0,4,4,2018,10,12,5,3,2,6,0,0,1,0,0,0,0,0,7.93338E+20,5.82685E+21,1.33235E+16,5.25126E+16
115573,11,0,1,1,2018,2,11,5,3,6,4,0,0,1,1,0,0,0,0,7.99201E+20,5.82838E+21,1.3411E+16,5.25232E+16
115574,11,0,7,7,2018,7,16,2,3,3,6,0,0,1,0,0,0,0,0,7.95485E+20,5.82275E+21,1.33514E+16,5.24747E+16
115575,11,0,4,4,2018,4,18,4,3,2,6,1,0,1,0,0,0,0,0,7.90581E+20,5.82731E+21,1.32834E+16,5.25182E+16
115576,11,0,1,1,2018,7,13,1,3,2,6,0,0,1,0,0,0,0,0,7.96164E+20,5.83107E+21,1.33688E+16,5.25489E+16
115577,11,0,4,4,2018,3,5,5,3,2,7,1,0,1,0,0,0,0,0,7.91187E+20,5.82953E+21,1.32943E+16,5.25379E+16
115578,11,0,3,3,2018,5,13,4,2,6,4,0,0,1,1,0,0,0,0,8.01838E+20,5.83139E+21,1.34525E+16,5.25487E+16
115579,11,0,4,4,2018,10,12,3,3,2,6,0,0,1,0,1,0,0,1,7.90808E+20,5.82652E+21,1.32861E+16,5.25111E+16
115580,11,0,6,6,2018,2,11,5,3,6,4,0,0,1,1,0,0,0,0,7.82644E+20,5.81581E+21,1.3157E+16,5.24193E+16
115581,11,0,7,7,2018,11,13,1,2,2,7,0,0,1,0,0,0,0,0,7.94572E+20,5.82312E+21,1.33384E+16,5.24785E+16
115582,11,0,1,1,2018,9,8,6,3,5,2,0,1,1,0,0,0,0,0,7.98786E+20,5.828E+21,1.34046E+16,5.252E+16
115583,11,0,11,11,2018,8,11,5,3,5,2,0,1,0,0,0,0,1,0,8.04513E+20,5.8275E+21,1.34883E+16,5.25124E+16
115584,11,0,11,11,2018,6,11,6,3,6,7,0,0,0,1,0,0,1,0,8.03672E+20,5.83502E+21,1.34828E+16,5.25802E+16
115585,11,0,5,5,2018,6,15,7,3,5,2,0,1,1,0,0,0,0,0,7.83506E+20,5.8267E+21,1.31789E+16,5.25165E+16
115586,11,0,9,9,2018,6,8,2,3,5,2,0,1,1,0,0,0,0,0,8.06128E+20,5.82163E+21,1.35066E+16,5.24588E+16
115587,11,0,1,1,2018,8,16,3,3,2,6,0,0,1,0,1,0,0,0,7.98628E+20,5.82703E+21,1.34014E+16,5.25114E+16
115588,11,0,4,4,2018,5,10,5,3,2,6,0,0,1,0,0,0,0,0,7.91936E+20,5.82401E+21,1.33004E+16,5.24879E+16
115589,11,0,12,12,2018,4,17,4,2,5,2,0,0,0,0,1,0,1,0,7.93271E+20,5.83667E+21,1.33312E+16,5.26007E+16
115590,11,0,3,3,2018,12,15,6,2,3,6,1,1,0,0,0,0,1,0,8.00745E+20,5.8298E+21,1.3435E+16,5.25351E+16
115591,11,0,3,3,2018,9,10,6,3,5,2,0,1,1,0,0,0,0,0,8.00623E+20,5.82992E+21,1.34333E+16,5.25362E+16
115592,11,0,3,3,2018,9,9,6,2,3,6,0,1,1,0,0,0,0,0,8.00014E+20,5.83018E+21,1.34246E+16,5.25389E+16
115593,11,0,1,1,2018,7,6,5,3,5,3,0,1,1,0,0,0,0,0,7.99697E+20,5.82851E+21,1.34185E+16,5.25241E+16
115594,11,0,4,4,2018,7,16,5,3,2,6,0,0,1,0,0,0,0,0,7.8974E+20,5.82473E+21,1.32688E+16,5.24956E+16
115595,11,0,6,6,2018,3,21,2,3,6,4,2,0,1,1,0,0,0,0,7.89594E+20,5.81796E+21,1.32608E+16,5.24349E+16
115596,11,0,1,1,2018,5,17,5,3,5,2,0,1,1,0,0,0,0,0,7.9998E+20,5.82809E+21,1.34222E+16,5.25201E+16
115597,11,0,7,7,2018,2,7,5,3,0,6,0,0,1,0,0,0,1,1,7.98273E+20,5.81868E+21,1.33887E+16,5.24367E+16
115598,11,0,2,2,2018,11,16,4,3,2,6,1,0,1,0,0,0,0,0,8.02628E+20,5.82768E+21,1.34608E+16,5.2515E+16
115599,11,0,4,4,2018,9,0,1,2,5,7,2,0,1,0,0,0,0,0,7.8974E+20,5.82625E+21,1.32701E+16,5.25092E+16
115600,11,0,6,6,2018,8,8,7,2,2,1,0,0,0,0,1,0,1,0,7.93989E+20,5.82109E+21,1.3328E+16,5.24607E+16
115601,15,0,87,275,2018,1,13,5,3,8,1,0,0,1,0,0,0,0,0,6.65836E+20,5.71278E+21,1.13915E+16,5.15417E+16
115602,11,0,3,3,2018,10,16,2,3,2,6,0,1,1,0,0,0,0,0,7.9813E+20,5.83354E+21,1.33999E+16,5.257E+16
115603,11,0,12,12,2018,8,9,5,2,2,6,0,0,0,0,0,0,1,0,7.92084E+20,5.83853E+21,1.33154E+16,5.26181E+16
115604,11,0,2,2,2018,4,9,6,3,5,2,0,1,1,0,0,0,0,0,8.02177E+20,5.82775E+21,1.34542E+16,5.25159E+16
115605,11,0,9,9,2018,4,13,6,3,5,2,0,0,1,0,0,0,0,0,8.0267E+20,5.82522E+21,1.34591E+16,5.24929E+16
115606,11,0,7,7,2018,5,16,5,3,0,3,0,1,1,0,0,0,0,0,7.97846E+20,5.82237E+21,1.33858E+16,5.247E+16
115607,11,0,10,10,2018,12,17,5,3,6,2,2,0,0,1,0,0,1,1,8.08678E+20,5.83282E+21,1.35544E+16,5.25577E+16
115608,11,0,3,3,2018,9,9,1,2,0,2,0,1,1,0,0,0,0,0,8.00928E+20,5.82971E+21,1.34376E+16,5.25341E+16
115609,11,0,4,4,2018,9,9,2,3,3,6,0,0,1,0,0,0,0,0,7.91685E+20,5.82656E+21,1.3299E+16,5.2511E+16
115610,11,0,6,6,2018,6,17,1,3,2,6,0,0,1,0,0,0,0,1,7.93324E+20,5.82032E+21,1.33176E+16,5.24541E+16
115611,11,0,10,10,2018,7,14,6,3,2,6,0,0,1,0,0,0,0,0,8.08336E+20,5.82744E+21,1.35444E+16,5.25097E+16
115612,11,0,1,1,2018,5,16,6,3,1,1,0,1,1,0,0,0,0,0,7.94562E+20,5.82707E+21,1.33417E+16,5.2514E+16
115613,11,0,12,12,2018,2,6,5,3,5,3,2,0,1,0,0,1,0,0,7.90295E+20,5.83566E+21,1.32865E+16,5.25933E+16
115614,11,0,3,3,2018,11,7,6,3,5,3,0,1,1,0,0,0,0,1,8.00657E+20,5.83003E+21,1.34339E+16,5.25372E+16
115615,15,0,87,165,2018,1,6,2,3,9,7,2,0,1,1,0,0,0,1,6.76259E+20,5.72013E+21,1.15453E+16,5.16046E+16
115616,11,0,7,7,2018,10,21,3,3,4,6,2,0,1,0,0,0,0,0,7.96844E+20,5.81632E+21,1.33657E+16,5.24164E+16
115617,11,0,4,4,2018,8,13,1,2,0,3,0,0,1,0,1,0,1,0,7.89685E+20,5.82624E+21,1.32693E+16,5.25092E+16
115618,11,0,3,3,2018,4,15,7,3,5,3,0,1,1,0,1,0,0,0,8.00863E+20,5.83031E+21,1.34372E+16,5.25396E+16
115619,11,0,4,4,2018,3,14,7,3,2,6,0,0,1,0,0,0,0,1,7.91594E+20,5.82657E+21,1.32977E+16,5.25111E+16
115620,11,0,12,12,2018,5,15,1,2,5,3,0,0,1,0,1,0,0,1,7.94566E+20,5.83381E+21,1.33477E+16,5.25744E+16
115621,11,0,1,1,2018,10,18,3,2,5,2,2,0,1,0,1,0,0,1,7.96046E+20,5.83134E+21,1.33673E+16,5.25515E+16
115622,11,0,9,9,2018,1,21,4,3,5,3,2,0,1,0,0,0,0,1,8.06643E+20,5.82109E+21,1.35137E+16,5.24538E+16
115623,11,0,7,7,2018,11,17,6,3,2,6,2,0,1,0,0,0,0,1,7.95885E+20,5.82431E+21,1.33587E+16,5.24885E+16
115624,11,0,12,12,2018,9,15,3,2,5,3,0,1,0,0,1,0,0,0,7.94081E+20,5.83505E+21,1.33417E+16,5.25858E+16
115625,11,0,7,7,2018,8,13,3,3,2,6,0,0,1,0,0,0,0,0,7.99988E+20,5.81335E+21,1.34091E+16,5.2388E+16
115626,11,0,3,3,2018,6,14,4,2,2,6,0,0,1,0,0,1,0,0,8.00803E+20,5.84085E+21,1.34459E+16,5.26341E+16
115627,11,0,12,12,2018,7,14,3,3,1,5,0,0,1,0,0,0,1,0,7.92198E+20,5.83812E+21,1.33167E+16,5.26143E+16
115628,11,0,1,1,2018,6,17,4,3,2,6,0,1,0,0,1,0,0,0,7.99784E+20,5.8286E+21,1.34198E+16,5.25248E+16
115629,11,0,9,9,2018,5,18,2,3,6,4,0,0,1,1,0,0,0,0,8.06603E+20,5.82113E+21,1.35131E+16,5.24541E+16
115630,11,0,4,4,2018,4,21,7,3,5,2,2,0,1,0,0,0,0,0,7.92741E+20,5.82676E+21,1.33147E+16,5.25122E+16
115631,11,0,2,2,2018,7,7,7,3,6,4,0,1,0,1,0,0,0,0,8.01868E+20,5.8285E+21,1.34503E+16,5.25228E+16
115632,11,0,1,1,2018,5,8,7,3,2,6,0,1,1,0,0,0,0,0,7.99238E+20,5.82788E+21,1.34111E+16,5.25187E+16
115633,11,0,3,3,2018,1,14,4,3,1,5,0,1,1,0,0,0,0,0,8.00432E+20,5.82962E+21,1.34303E+16,5.25336E+16
115634,11,0,4,4,2018,11,19,6,3,2,6,2,0,1,0,0,0,0,0,7.91823E+20,5.82409E+21,1.32989E+16,5.24888E+16
115635,15,0,2,0,2018,1,6,3,3,5,3,2,1,1,0,0,0,0,1,7.10037E+20,5.70739E+21,1.20248E+16,5.14786E+16
115636,11,0,10,10,2018,10,3,4,3,8,1,2,0,0,0,1,0,0,0,8.09579E+20,5.82736E+21,1.35626E+16,5.25083E+16
115637,11,0,7,7,2018,8,15,2,3,2,2,0,0,1,0,0,0,0,0,7.95643E+20,5.82323E+21,1.33542E+16,5.2479E+16
115638,11,0,4,4,2018,4,18,1,3,2,6,0,0,1,0,0,0,0,0,7.90542E+20,5.82543E+21,1.32812E+16,5.25014E+16
115639,11,0,7,7,2018,4,17,1,2,0,6,0,0,1,0,1,0,0,1,7.99217E+20,5.81636E+21,1.34005E+16,5.24154E+16
115640,11,0,4,4,2018,5,7,2,3,5,2,0,1,0,0,0,0,1,0,7.93491E+20,5.82689E+21,1.33258E+16,5.25129E+16
115641,11,0,3,3,2018,10,17,3,3,5,2,1,0,1,0,0,0,1,1,8.01346E+20,5.831E+21,1.34449E+16,5.25455E+16
115642,11,0,12,12,2018,1,12,4,3,6,4,0,1,0,1,0,0,0,1,7.95622E+20,5.83304E+21,1.33626E+16,5.25669E+16
115643,11,0,4,4,2018,12,18,7,2,6,2,2,0,1,1,0,0,0,0,7.92266E+20,5.82668E+21,1.33076E+16,5.25118E+16
115644,11,0,1,1,2018,9,11,3,3,5,3,0,1,0,0,0,0,0,0,7.96452E+20,5.82738E+21,1.33698E+16,5.25157E+16
115645,11,0,1,1,2018,8,14,4,2,0,2,0,1,1,0,0,0,0,0,7.99571E+20,5.82827E+21,1.34164E+16,5.2522E+16
115646,11,0,3,3,2018,6,15,4,3,3,6,0,1,0,0,0,0,0,0,7.99163E+20,5.83057E+21,1.34125E+16,5.25429E+16
115647,11,0,3,3,2018,7,19,3,3,5,2,0,1,1,0,0,0,0,0,8.00934E+20,5.83047E+21,1.34384E+16,5.2541E+16
115648,11,0,2,2,2018,1,16,4,3,6,4,0,1,0,1,0,0,0,0,8.02939E+20,5.82765E+21,1.34653E+16,5.25146E+16
115649,11,0,2,2,2018,11,14,6,3,5,2,0,1,1,0,0,0,0,0,8.03092E+20,5.82765E+21,1.34676E+16,5.25145E+16
115650,11,0,2,2,2018,6,10,5,3,1,7,0,0,1,0,1,0,0,0,7.97784E+20,5.82547E+21,1.33876E+16,5.24979E+16
115651,11,0,3,3,2018,5,16,3,3,6,4,0,0,0,1,0,0,1,0,7.98381E+20,5.83347E+21,1.34036E+16,5.25693E+16
115652,11,0,4,4,2018,12,10,1,3,2,6,0,0,1,0,0,0,0,1,7.88474E+20,5.82605E+21,1.32514E+16,5.25081E+16
115653,11,0,3,3,2018,10,21,3,3,0,1,2,0,0,0,1,0,0,1,7.99978E+20,5.83023E+21,1.34241E+16,5.25393E+16
115654,11,0,9,9,2018,1,15,4,3,2,6,0,0,1,0,1,0,0,1,8.02616E+20,5.82514E+21,1.34583E+16,5.24923E+16
115655,11,0,4,4,2018,7,19,2,3,3,6,0,1,0,0,0,0,0,0,7.91993E+20,5.82664E+21,1.33036E+16,5.25115E+16
115656,11,0,12,12,2018,4,17,3,3,2,6,0,0,1,0,0,0,0,0,7.91582E+20,5.83075E+21,1.33012E+16,5.25486E+16
115657,11,0,1,1,2018,7,15,5,3,5,2,0,1,0,0,0,0,1,0,7.98798E+20,5.82799E+21,1.34048E+16,5.25199E+16
115658,11,0,7,7,2018,3,13,4,2,3,6,0,0,1,0,0,1,0,0,7.97375E+20,5.82234E+21,1.33788E+16,5.24701E+16
115659,11,0,4,4,2018,5,13,3,2,6,4,0,0,1,1,0,0,0,0,7.92535E+20,5.82673E+21,1.33116E+16,5.2512E+16
115660,11,0,7,7,2018,10,10,2,3,5,3,0,0,1,0,0,0,0,0,7.97518E+20,5.81816E+21,1.33772E+16,5.24325E+16
115661,11,0,12,12,2018,1,17,2,2,2,6,1,0,1,0,0,0,1,0,7.90688E+20,5.8349E+21,1.32916E+16,5.25863E+16
115662,11,0,1,1,2018,11,16,6,3,5,2,1,1,1,0,0,0,0,1,7.96464E+20,5.82739E+21,1.33699E+16,5.25158E+16
115663,11,0,11,11,2018,9,14,6,3,3,6,0,0,1,0,0,1,0,0,8.07084E+20,5.8274E+21,1.3526E+16,5.251E+16
115664,11,0,7,7,2018,8,16,4,3,0,1,0,0,1,0,0,0,0,0,7.94522E+20,5.82312E+21,1.33376E+16,5.24786E+16
115665,11,0,4,4,2018,6,15,6,3,2,6,0,0,1,0,0,0,0,0,7.93826E+20,5.82299E+21,1.33273E+16,5.24778E+16
115666,11,0,10,10,2018,6,13,1,2,3,6,0,0,1,0,1,0,0,0,8.1304E+20,5.8272E+21,1.36133E+16,5.25049E+16
115667,11,0,3,3,2018,8,7,3,2,5,2,0,1,0,0,0,0,1,0,8.01016E+20,5.82965E+21,1.34389E+16,5.25335E+16
115668,11,0,3,3,2018,5,9,5,3,6,7,0,1,0,1,0,0,0,0,8.01149E+20,5.83077E+21,1.34418E+16,5.25435E+16
115669,11,0,7,7,2018,4,10,3,3,5,2,0,1,0,0,0,1,0,0,7.96608E+20,5.816E+21,1.33619E+16,5.24136E+16
115670,11,0,7,7,2018,12,13,4,3,6,7,0,0,1,1,0,0,0,0,7.95818E+20,5.82417E+21,1.33576E+16,5.24873E+16
115671,11,0,12,12,2018,9,14,5,2,5,7,0,0,1,0,1,0,0,0,7.95765E+20,5.8327E+21,1.33644E+16,5.25638E+16
115672,11,0,11,11,2018,9,8,6,3,0,1,0,1,0,0,0,0,0,0,8.03966E+20,5.82756E+21,1.34803E+16,5.25132E+16
115673,11,0,2,2,2018,7,15,4,3,1,5,0,0,0,0,1,0,1,0,8.0179E+20,5.82777E+21,1.34485E+16,5.25163E+16
115674,11,0,2,2,2018,7,14,4,2,5,2,0,1,1,0,0,0,0,0,7.97852E+20,5.82551E+21,1.33886E+16,5.24982E+16
115675,11,0,4,4,2018,5,16,5,2,3,6,0,0,1,0,0,1,0,0,7.90458E+20,5.82844E+21,1.32826E+16,5.25284E+16
115676,11,0,1,1,2018,1,23,2,2,5,3,2,1,1,0,0,0,0,1,7.96615E+20,5.82673E+21,1.33716E+16,5.25098E+16
115677,11,0,11,11,2018,11,6,3,3,2,6,1,0,1,0,0,0,0,1,8.07158E+20,5.82743E+21,1.35271E+16,5.25103E+16
115678,11,0,5,5,2018,8,16,6,3,5,3,0,0,1,0,1,0,0,0,7.83454E+20,5.82665E+21,1.31781E+16,5.25161E+16
115679,15,0,91,110,2018,1,11,5,3,8,1,0,0,1,0,0,0,0,1,7.45119E+20,5.73123E+21,1.25457E+16,5.16785E+16
115680,11,0,4,4,2018,10,12,1,3,2,6,0,0,1,0,0,0,0,0,7.89163E+20,5.82616E+21,1.32616E+16,5.25087E+16
115681,11,0,1,1,2018,8,23,4,2,5,3,2,1,1,0,0,0,0,0,7.96049E+20,5.83136E+21,1.33674E+16,5.25516E+16
115682,11,0,12,12,2018,4,16,5,3,2,6,0,0,1,0,0,0,0,1,7.92124E+20,5.83193E+21,1.33102E+16,5.25589E+16
115683,11,0,7,7,2018,4,14,5,3,0,6,0,0,1,0,1,0,0,0,7.95313E+20,5.82365E+21,1.33497E+16,5.24829E+16
115684,11,0,11,11,2018,5,12,4,3,0,6,0,1,1,0,0,0,0,0,8.0572E+20,5.82739E+21,1.35059E+16,5.25107E+16
115685,11,0,4,4,2018,12,23,5,3,8,1,2,0,1,0,0,0,0,1,7.91159E+20,5.82465E+21,1.32896E+16,5.24941E+16
115686,11,0,11,11,2018,9,7,6,2,6,4,2,0,0,1,0,0,1,0,8.03752E+20,5.82758E+21,1.34772E+16,5.25135E+16
115687,11,0,7,7,2018,9,7,2,2,1,5,0,1,1,0,0,0,0,0,7.95497E+20,5.82383E+21,1.33526E+16,5.24845E+16
115688,11,0,12,12,2018,6,15,7,3,2,2,0,1,0,0,0,0,1,0,7.95767E+20,5.83269E+21,1.33644E+16,5.25637E+16
115689,11,0,7,7,2018,7,9,5,3,1,5,0,0,0,0,1,0,1,0,7.98086E+20,5.81903E+21,1.33863E+16,5.244E+16
115690,11,0,12,12,2018,5,14,5,2,5,7,0,1,0,0,0,0,1,0,7.95349E+20,5.83374E+21,1.33592E+16,5.25733E+16
115691,11,0,1,1,2018,1,17,2,3,2,6,0,1,0,0,0,0,1,1,7.9972E+20,5.82849E+21,1.34188E+16,5.25239E+16
115692,11,0,7,7,2018,11,16,4,3,6,7,0,0,1,1,0,0,0,0,7.99134E+20,5.81656E+21,1.33995E+16,5.24172E+16
115693,15,0,83,411,2018,1,19,2,3,7,7,2,0,1,0,0,0,0,0,6.39074E+20,5.80957E+21,1.10451E+16,5.24186E+16
115694,11,0,7,7,2018,10,19,2,3,1,5,1,1,1,0,0,0,1,0,7.95673E+20,5.82397E+21,1.33553E+16,5.24855E+16
115695,11,0,11,11,2018,8,0,1,2,6,4,2,0,1,1,0,0,0,0,8.07042E+20,5.82738E+21,1.35253E+16,5.25099E+16
115696,11,0,3,3,2018,4,15,6,3,6,7,0,0,1,1,0,0,0,0,8.00286E+20,5.82943E+21,1.34279E+16,5.2532E+16
115697,11,0,4,4,2018,3,7,5,2,0,1,0,0,0,0,1,0,0,1,7.90467E+20,5.82846E+21,1.32828E+16,5.25287E+16
115698,11,0,12,12,2018,5,16,6,3,2,6,0,0,1,0,0,0,0,0,7.94559E+20,5.8338E+21,1.33476E+16,5.25743E+16
115699,11,0,7,7,2018,10,14,2,3,5,3,0,0,1,0,0,0,1,0,7.96031E+20,5.82274E+21,1.33594E+16,5.24744E+16
115700,11,0,1,1,2018,1,13,2,1,3,6,0,0,1,0,0,0,1,0,7.99248E+20,5.8279E+21,1.34113E+16,5.25188E+16
115701,11,0,4,4,2018,11,19,5,3,2,6,2,0,1,0,0,0,0,0,7.90758E+20,5.82488E+21,1.32839E+16,5.24964E+16
115702,11,0,7,7,2018,9,21,2,2,1,1,2,0,1,0,0,0,0,0,7.98993E+20,5.81689E+21,1.33977E+16,5.24204E+16
115703,11,0,2,2,2018,8,14,2,3,5,3,0,1,1,0,0,0,0,0,8.00329E+20,5.82794E+21,1.34272E+16,5.25187E+16
115704,11,0,3,3,2018,6,17,3,2,0,1,0,0,0,0,1,0,0,0,8.02617E+20,5.83173E+21,1.34643E+16,5.25513E+16
115705,11,0,9,9,2018,7,8,3,3,5,7,0,1,1,0,0,0,0,0,8.03092E+20,5.82457E+21,1.34648E+16,5.24869E+16
115706,11,0,2,2,2018,6,15,4,3,3,6,0,0,0,0,1,0,1,0,7.978E+20,5.82487E+21,1.33873E+16,5.24925E+16
115707,11,0,12,12,2018,5,17,1,3,2,6,0,0,1,0,0,0,0,0,7.91727E+20,5.83325E+21,1.33055E+16,5.25709E+16
115708,11,0,1,1,2018,4,21,6,3,2,6,2,0,1,0,0,0,0,1,7.96188E+20,5.83019E+21,1.33684E+16,5.25411E+16
115709,11,0,6,6,2018,12,7,6,3,6,2,1,0,1,1,0,0,0,1,7.91056E+20,5.81881E+21,1.3283E+16,5.24418E+16
115710,11,0,3,3,2018,10,19,2,3,1,5,2,1,0,0,0,0,1,0,8.00498E+20,5.82977E+21,1.34314E+16,5.25349E+16
115711,11,0,2,2,2018,7,20,7,3,0,6,1,0,1,0,1,0,0,1,8.03111E+20,5.82765E+21,1.34678E+16,5.25145E+16
115712,11,0,4,4,2018,4,12,2,3,2,6,0,0,1,0,0,0,1,1,7.90518E+20,5.82639E+21,1.32817E+16,5.25101E+16
115713,11,0,4,4,2018,7,9,4,3,1,1,0,0,1,0,1,0,0,0,7.94003E+20,5.82696E+21,1.33334E+16,5.25133E+16
115714,11,0,3,3,2018,3,14,1,3,5,3,0,0,1,0,0,0,0,0,7.98043E+20,5.83391E+21,1.3399E+16,5.25734E+16
115715,11,0,7,7,2018,5,17,1,3,5,3,0,1,1,0,0,0,0,0,7.98978E+20,5.81699E+21,1.33976E+16,5.24212E+16
115716,11,0,6,6,2018,10,18,7,3,2,6,2,0,1,0,0,0,0,1,7.89533E+20,5.81797E+21,1.32599E+16,5.24351E+16
115717,11,0,6,6,2018,1,18,1,3,5,2,2,0,1,0,0,0,0,1,7.91031E+20,5.8188E+21,1.32826E+16,5.24417E+16
115718,11,0,3,3,2018,11,7,2,3,6,2,0,0,1,1,0,0,0,1,7.98114E+20,5.83577E+21,1.34017E+16,5.259E+16
115719,11,0,2,2,2018,9,9,4,3,3,6,0,1,0,0,0,0,0,0,8.03306E+20,5.82763E+21,1.34707E+16,5.25142E+16
115720,11,0,2,2,2018,8,15,2,3,0,4,0,0,0,1,1,0,0,0,8.03531E+20,5.82759E+21,1.3474E+16,5.25137E+16
115721,11,0,6,6,2018,6,18,5,3,2,6,0,0,1,0,1,0,0,0,7.85995E+20,5.81912E+21,1.3209E+16,5.24472E+16
115722,11,0,2,2,2018,3,18,3,3,5,2,2,1,1,0,0,0,0,1,8.0309E+20,5.82765E+21,1.34675E+16,5.25145E+16
115723,11,0,10,10,2018,6,15,6,3,6,3,0,0,1,1,0,0,0,0,8.08981E+20,5.8274E+21,1.35538E+16,5.2509E+16
115724,11,0,3,3,2018,8,3,1,1,8,1,2,0,1,0,0,0,1,0,8.00724E+20,5.84087E+21,1.34447E+16,5.26343E+16
115725,11,0,7,7,2018,5,7,4,3,1,1,0,0,1,0,1,0,1,0,7.9971E+20,5.8149E+21,1.34064E+16,5.24021E+16
115726,11,0,1,1,2018,4,12,2,3,2,6,0,0,1,0,1,0,0,0,7.96899E+20,5.82745E+21,1.33764E+16,5.25161E+16
115727,11,0,5,5,2018,12,17,3,3,2,6,2,0,1,0,0,0,0,1,7.85533E+20,5.82618E+21,1.32083E+16,5.25108E+16
115728,11,0,12,12,2018,9,10,3,3,2,6,0,0,1,0,0,0,0,0,7.95438E+20,5.83352E+21,1.33603E+16,5.25713E+16
115729,11,0,7,7,2018,9,17,4,3,2,6,0,0,1,0,0,0,0,0,7.97629E+20,5.82233E+21,1.33825E+16,5.24698E+16
115730,11,0,4,4,2018,6,7,5,3,2,6,0,0,1,0,1,0,0,0,7.91348E+20,5.82455E+21,1.32923E+16,5.24931E+16
115731,11,0,2,2,2018,7,21,2,3,5,2,1,1,1,0,0,0,0,0,8.02179E+20,5.82774E+21,1.34542E+16,5.25158E+16
115732,11,0,10,10,2018,7,17,3,3,5,2,0,1,1,0,0,0,0,0,8.12859E+20,5.82718E+21,1.36106E+16,5.25048E+16
115733,11,0,3,3,2018,5,6,3,3,5,3,0,0,1,0,1,0,0,0,7.98166E+20,5.83612E+21,1.34028E+16,5.25931E+16
115734,11,0,7,7,2018,12,17,7,3,3,6,2,0,1,0,0,0,0,1,7.96254E+20,5.82272E+21,1.33627E+16,5.2474E+16
115735,11,0,4,4,2018,10,18,3,3,2,6,1,0,1,0,0,0,0,1,7.90691E+20,5.82498E+21,1.3283E+16,5.24973E+16
115736,11,0,7,7,2018,1,0,7,2,6,4,2,0,1,1,0,0,0,0,7.95585E+20,5.82327E+21,1.33534E+16,5.24794E+16
115737,11,0,7,7,2018,7,2,2,1,8,1,2,0,0,0,1,0,0,0,7.99731E+20,5.8214E+21,1.34126E+16,5.24604E+16
115738,11,0,4,4,2018,4,7,2,2,0,1,0,1,0,0,0,0,0,0,7.9137E+20,5.82651E+21,1.32943E+16,5.25107E+16
115739,11,0,6,6,2018,7,10,5,3,9,1,0,0,1,0,0,0,0,0,7.87947E+20,5.81757E+21,1.32363E+16,5.24323E+16
115740,11,0,4,4,2018,3,9,3,3,2,6,0,0,1,0,0,0,0,1,7.90477E+20,5.82637E+21,1.32811E+16,5.25099E+16
115741,11,0,4,4,2018,5,20,2,3,2,6,0,0,0,0,0,0,1,0,7.88678E+20,5.82608E+21,1.32544E+16,5.25083E+16
115742,11,0,7,7,2018,10,14,2,3,3,6,0,0,1,0,0,1,0,1,7.9642E+20,5.82263E+21,1.33651E+16,5.24732E+16
115743,11,0,1,1,2018,1,6,6,3,2,6,2,0,1,0,0,0,0,1,7.99102E+20,5.82768E+21,1.3409E+16,5.2517E+16
115744,11,0,7,7,2018,11,16,4,3,2,6,2,0,1,0,0,0,0,0,7.96873E+20,5.8224E+21,1.33715E+16,5.24708E+16
115745,11,0,4,4,2018,9,18,5,3,2,6,1,0,1,0,0,0,1,1,7.94358E+20,5.82307E+21,1.33352E+16,5.24783E+16
115746,11,0,3,3,2018,8,15,3,3,2,2,0,1,0,0,0,0,1,0,8.00371E+20,5.82956E+21,1.34293E+16,5.25332E+16
115747,11,0,3,3,2018,6,8,6,3,6,4,0,1,0,1,0,0,0,0,7.99193E+20,5.83136E+21,1.34136E+16,5.25499E+16
115748,11,0,12,12,2018,6,18,7,3,5,3,0,0,1,0,1,0,0,0,7.95758E+20,5.83266E+21,1.33643E+16,5.25634E+16
115749,11,0,9,9,2018,8,10,2,2,6,3,0,0,1,1,0,0,0,0,8.06033E+20,5.8217E+21,1.35053E+16,5.24596E+16
115750,11,0,3,3,2018,5,9,4,3,0,4,0,0,0,1,1,0,0,0,7.99142E+20,5.83038E+21,1.3412E+16,5.25412E+16
115751,11,0,1,1,2018,4,15,3,3,2,6,0,0,1,0,0,0,0,0,7.96381E+20,5.82617E+21,1.33676E+16,5.25049E+16
115752,11,0,7,7,2018,12,20,3,3,3,6,2,1,1,0,0,0,0,1,7.95662E+20,5.82398E+21,1.33551E+16,5.24857E+16