OBJECTID_1,ULAND,UREGBEZ,UKREIS,UGEMEINDE,UJAHR,UMONAT,USTUNDE,UWOCHENTAG,UKATEGORIE,UART,UTYP1,ULICHTVERH,IstRad,IstPKW,IstFuss,IstKrad,IstGkfz,IstSonstig,STRZUSTAND,LINREFX,LINREFY,XGCSWGS84,YGCSWGS84
115753,11,0,12,12,2018,9,14,4,3,0,5,0,1,0,0,0,0,1,0,7.95667E+20,5.83292E+21,1.33632E+16,5.25658E+16
115754,11,0,9,9,2018,9,14,5,2,3,6,0,0,1,0,0,0,0,0,8.0668E+20,5.82106E+21,1.35142E+16,5.24534E+16
115755,11,0,4,4,2018,7,16,3,3,0,4,0,1,0,1,0,0,0,0,7.89941E+20,5.82633E+21,1.32732E+16,5.25098E+16
115756,11,0,3,3,2018,7,17,3,3,0,4,0,1,0,1,0,0,0,0,7.99198E+20,5.83104E+21,1.34134E+16,5.2547E+16
115757,11,0,7,7,2018,5,8,4,3,2,2,0,0,1,0,0,0,0,0,7.97701E+20,5.81877E+21,1.33804E+16,5.24379E+16
115758,11,0,3,3,2018,1,5,6,2,6,4,2,0,1,1,0,0,0,1,7.99142E+20,5.83038E+21,1.3412E+16,5.25411E+16
115759,11,0,7,7,2018,11,6,3,3,3,6,2,1,1,0,0,0,0,1,7.98154E+20,5.81905E+21,1.33873E+16,5.24402E+16
115760,11,0,4,4,2018,8,9,5,3,0,2,0,1,1,0,0,0,0,0,7.90519E+20,5.82638E+21,1.32817E+16,5.25099E+16
115761,15,0,88,220,2018,1,13,4,2,2,6,0,0,1,0,0,0,0,1,7.10735E+20,5.69402E+21,1.20269E+16,5.13583E+16
115762,11,0,12,12,2018,10,12,7,3,5,3,0,0,1,0,0,0,0,0,7.95798E+20,5.83243E+21,1.33646E+16,5.25613E+16
115763,11,0,3,3,2018,8,1,4,3,0,4,2,0,0,1,1,0,0,0,7.99166E+20,5.83038E+21,1.34123E+16,5.25411E+16
115764,11,0,12,12,2018,4,15,4,3,2,6,0,0,1,0,0,0,0,1,7.91039E+20,5.83418E+21,1.32962E+16,5.25796E+16
115765,11,0,7,7,2018,4,12,5,3,2,6,0,0,1,0,0,0,0,0,7.95887E+20,5.82268E+21,1.33573E+16,5.24739E+16
115766,11,0,3,3,2018,5,21,4,3,5,2,1,1,1,0,0,0,0,0,7.99993E+20,5.83019E+21,1.34243E+16,5.2539E+16
115767,11,0,1,1,2018,12,17,4,3,3,6,2,0,1,0,0,0,0,0,7.96284E+20,5.83034E+21,1.33699E+16,5.25423E+16
115768,11,0,12,12,2018,9,12,5,3,0,2,0,1,0,0,0,0,1,0,7.9273E+20,5.83742E+21,1.33239E+16,5.26078E+16
115769,11,0,10,10,2018,8,16,6,3,3,6,0,0,1,0,1,0,0,0,8.07715E+20,5.83059E+21,1.35382E+16,5.25383E+16
115770,11,0,7,7,2018,6,16,6,3,0,7,0,0,0,0,1,0,1,1,7.95707E+20,5.82315E+21,1.33551E+16,5.24782E+16
115771,11,0,6,6,2018,7,18,5,3,6,4,0,1,0,1,0,0,0,0,7.8267E+20,5.8158E+21,1.31574E+16,5.24193E+16
115772,11,0,1,1,2018,5,14,4,3,6,7,0,1,0,1,0,0,0,0,7.97922E+20,5.82762E+21,1.33916E+16,5.2517E+16
115773,11,0,2,2,2018,1,11,6,3,6,7,0,1,0,1,0,0,0,1,8.03551E+20,5.8276E+21,1.34742E+16,5.25138E+16
115774,11,0,6,6,2018,11,16,3,3,0,5,0,1,1,0,0,0,1,0,7.83564E+20,5.81604E+21,1.31707E+16,5.24209E+16
115775,11,0,6,6,2018,6,7,3,2,6,4,0,0,1,1,0,0,0,0,7.82839E+20,5.81586E+21,1.31599E+16,5.24196E+16
115776,11,0,1,1,2018,12,17,7,3,2,6,2,0,1,0,0,0,0,1,7.96824E+20,5.8267E+21,1.33746E+16,5.25095E+16
115777,11,0,4,4,2018,10,14,1,3,2,6,0,0,1,0,0,0,0,0,7.90543E+20,5.82542E+21,1.32812E+16,5.25014E+16
115778,11,0,12,12,2018,8,14,6,2,8,1,0,0,1,0,0,0,0,0,7.91703E+20,5.83103E+21,1.33032E+16,5.2551E+16
115779,11,0,4,4,2018,4,13,5,2,2,6,0,0,1,0,0,0,0,0,7.90686E+20,5.82613E+21,1.32839E+16,5.25077E+16
115780,11,0,1,1,2018,3,11,3,3,2,6,0,0,1,0,1,0,0,0,7.95866E+20,5.83205E+21,1.33653E+16,5.25579E+16
115781,11,0,12,12,2018,5,8,6,2,5,3,0,1,1,0,0,0,0,0,7.90994E+20,5.84125E+21,1.33017E+16,5.2643E+16
115782,11,0,7,7,2018,10,15,6,3,2,6,0,0,1,0,0,0,1,0,7.95298E+20,5.8228E+21,1.33487E+16,5.24753E+16
115783,11,0,3,3,2018,1,17,5,3,2,6,2,0,1,0,0,0,0,0,8.01579E+20,5.82902E+21,1.34466E+16,5.25276E+16
115784,11,0,1,1,2018,11,14,5,3,6,7,0,1,0,1,0,0,0,0,7.96491E+20,5.82651E+21,1.33695E+16,5.25079E+16
115785,11,0,8,8,2018,9,7,2,3,2,6,0,0,1,0,1,0,0,0,8.01953E+20,5.82184E+21,1.34456E+16,5.2463E+16
115786,11,0,3,3,2018,8,21,7,3,3,6,2,0,1,0,0,1,0,0,8.02503E+20,5.83166E+21,1.34626E+16,5.25508E+16
115787,11,0,3,3,2018,6,7,3,3,2,6,0,0,1,0,0,1,0,0,7.98362E+20,5.83348E+21,1.34033E+16,5.25694E+16
115788,11,0,11,11,2018,7,19,2,3,1,5,0,1,1,0,0,0,0,0,8.05798E+20,5.82738E+21,1.35071E+16,5.25106E+16
115789,11,0,4,4,2018,6,17,3,3,2,6,0,0,1,0,0,0,0,0,7.91572E+20,5.82657E+21,1.32973E+16,5.25111E+16
115790,11,0,7,7,2018,5,12,7,3,1,5,0,0,1,0,1,0,0,0,8.00515E+20,5.81237E+21,1.34159E+16,5.2379E+16
115791,11,0,3,3,2018,4,16,5,2,3,6,0,0,1,0,0,0,0,0,8.0039E+20,5.83551E+21,1.3435E+16,5.25864E+16
115792,11,0,11,11,2018,12,16,4,3,2,6,1,0,1,0,0,0,0,1,8.07455E+20,5.82745E+21,1.35315E+16,5.25103E+16
115793,11,0,7,7,2018,9,13,1,3,6,2,0,0,1,1,0,0,0,0,7.97778E+20,5.82349E+21,1.33858E+16,5.24801E+16
115794,11,0,1,1,2018,7,16,7,2,5,3,0,0,1,0,1,0,0,0,7.95862E+20,5.83207E+21,1.33653E+16,5.25581E+16
115795,11,0,4,4,2018,4,16,1,3,1,5,0,1,0,0,0,0,1,0,7.91251E+20,5.82649E+21,1.32926E+16,5.25106E+16
115796,11,0,6,6,2018,7,20,2,3,0,3,1,0,1,0,1,0,0,0,7.8234E+20,5.81573E+21,1.31525E+16,5.24187E+16
115797,11,0,4,4,2018,3,15,6,3,2,6,0,0,1,0,0,0,0,1,7.92085E+20,5.82381E+21,1.33025E+16,5.24861E+16
115798,11,0,1,1,2018,5,13,7,3,0,6,0,1,0,0,0,0,0,0,7.96892E+20,5.82745E+21,1.33763E+16,5.25161E+16
115799,11,0,3,3,2018,10,14,6,3,0,1,0,0,0,0,1,0,0,0,8.01793E+20,5.83137E+21,1.34518E+16,5.25486E+16
115800,11,0,4,4,2018,1,17,5,3,8,1,2,0,1,0,0,0,0,0,7.88384E+20,5.82271E+21,1.32472E+16,5.24782E+16
115801,11,0,7,7,2018,11,11,7,3,2,6,0,0,1,0,0,0,0,0,7.97819E+20,5.82294E+21,1.33859E+16,5.24752E+16
115802,11,0,7,7,2018,9,6,3,2,1,5,1,0,1,0,0,0,0,0,7.99735E+20,5.81437E+21,1.34063E+16,5.23973E+16
115803,11,0,7,7,2018,8,14,1,3,2,6,0,0,1,0,0,0,0,0,7.97774E+20,5.82388E+21,1.33861E+16,5.24837E+16
115804,11,0,5,5,2018,6,13,4,3,2,6,0,0,1,0,1,0,0,0,7.83547E+20,5.82671E+21,1.31795E+16,5.25166E+16
115805,11,0,3,3,2018,10,11,4,3,2,7,0,0,0,0,1,0,1,0,8.00031E+20,5.83354E+21,1.34279E+16,5.2569E+16
115806,11,0,3,3,2018,6,6,6,3,0,7,0,1,0,0,0,0,0,0,8.00052E+20,5.83047E+21,1.34254E+16,5.25415E+16
115807,11,0,1,1,2018,8,15,6,3,5,2,0,1,1,0,0,0,0,0,7.96195E+20,5.83019E+21,1.33685E+16,5.2541E+16
115808,11,0,7,7,2018,5,20,3,3,5,3,0,0,1,0,0,0,0,0,7.98154E+20,5.81905E+21,1.33873E+16,5.24402E+16
115809,11,0,7,7,2018,4,16,1,3,2,6,0,0,1,0,0,0,0,0,7.97716E+20,5.8188E+21,1.33807E+16,5.24381E+16
115810,11,0,3,3,2018,12,6,2,3,2,6,1,0,1,0,0,0,0,0,8.03636E+20,5.83997E+21,1.34868E+16,5.26247E+16
115811,11,0,3,3,2018,9,14,3,3,2,6,0,0,1,0,0,0,0,0,7.98115E+20,5.83355E+21,1.33997E+16,5.25701E+16
115812,11,0,6,6,2018,9,13,3,3,0,2,0,1,1,0,0,0,0,0,7.83889E+20,5.81595E+21,1.31754E+16,5.242E+16
115813,11,0,7,7,2018,6,16,4,3,6,4,0,0,1,1,0,0,0,0,7.95356E+20,5.82345E+21,1.33502E+16,5.24811E+16
115814,11,0,4,4,2018,7,9,2,3,2,6,0,0,1,0,0,0,0,0,7.9147E+20,5.82443E+21,1.3294E+16,5.2492E+16
115815,11,0,2,2,2018,5,21,2,3,1,1,1,0,1,0,0,0,0,0,8.02919E+20,5.82767E+21,1.3465E+16,5.25148E+16
115816,11,0,12,12,2018,1,9,5,3,3,6,0,0,1,0,0,0,0,1,7.94605E+20,5.8338E+21,1.33483E+16,5.25743E+16
115817,11,0,12,12,2018,11,16,1,3,0,1,1,0,0,0,1,0,0,1,7.87543E+20,5.83798E+21,1.3248E+16,5.26155E+16
115818,11,0,3,3,2018,8,13,5,3,6,4,0,0,1,1,0,0,0,0,8.00224E+20,5.83113E+21,1.34286E+16,5.25473E+16
115819,11,0,1,1,2018,3,11,7,3,5,2,0,0,1,0,0,0,0,0,7.99283E+20,5.82794E+21,1.34119E+16,5.25192E+16
115820,15,0,83,40,2018,1,12,4,2,5,3,0,0,1,0,0,0,0,0,6.77422E+20,5.78568E+21,1.15958E+16,5.2193E+16
115821,11,0,3,3,2018,10,8,5,2,2,6,0,0,1,0,0,0,0,0,8.00568E+20,5.82992E+21,1.34325E+16,5.25362E+16
115822,11,0,10,10,2018,8,6,3,2,5,3,0,1,1,0,0,0,0,0,8.10649E+20,5.82708E+21,1.3578E+16,5.25052E+16
115823,11,0,10,10,2018,4,7,2,3,5,2,0,0,1,0,0,1,0,0,8.08954E+20,5.82744E+21,1.35535E+16,5.25093E+16
115824,11,0,3,3,2018,4,16,3,3,1,5,0,1,0,0,0,0,1,0,7.98701E+20,5.83291E+21,1.34078E+16,5.2564E+16
115825,11,0,7,7,2018,5,15,3,3,2,6,0,0,1,0,0,0,1,0,7.96614E+20,5.8225E+21,1.33678E+16,5.24719E+16
115826,11,0,3,3,2018,10,17,4,3,2,6,2,0,1,0,0,0,0,0,8.00866E+20,5.83869E+21,1.34449E+16,5.26147E+16
115827,11,0,3,3,2018,12,18,2,3,6,2,2,0,0,1,0,1,0,0,8.03108E+20,5.83347E+21,1.34731E+16,5.25666E+16
115828,11,0,7,7,2018,9,20,4,3,3,6,2,1,1,0,0,0,0,0,7.95626E+20,5.82395E+21,1.33546E+16,5.24854E+16
115829,11,0,1,1,2018,8,11,5,3,6,7,0,0,1,1,0,0,0,0,7.98866E+20,5.82728E+21,1.34051E+16,5.25135E+16
115830,11,0,1,1,2018,6,17,5,3,5,2,0,1,0,0,1,0,0,0,7.98799E+20,5.82801E+21,1.34048E+16,5.25201E+16
115831,11,0,6,6,2018,7,8,4,3,2,6,0,0,1,0,0,0,0,0,7.85369E+20,5.81602E+21,1.31972E+16,5.24198E+16
115832,11,0,3,3,2018,1,16,5,3,2,6,2,0,1,0,0,0,0,1,8.00272E+20,5.83181E+21,1.34299E+16,5.25534E+16
115833,11,0,4,4,2018,11,7,2,3,5,2,0,1,1,0,0,0,0,0,7.91023E+20,5.82648E+21,1.32892E+16,5.25106E+16
115834,11,0,7,7,2018,6,11,6,3,2,6,0,0,0,0,1,1,0,1,7.9785E+20,5.82229E+21,1.33857E+16,5.24693E+16
115835,11,0,3,3,2018,5,18,3,3,5,2,0,1,1,0,0,0,0,0,7.99998E+20,5.83022E+21,1.34244E+16,5.25392E+16
115836,11,0,12,12,2018,12,12,5,3,2,6,0,0,1,0,0,0,1,0,7.9182E+20,5.83286E+21,1.33065E+16,5.25673E+16
115837,11,0,7,7,2018,10,10,6,3,1,5,0,0,1,0,1,0,0,0,7.98376E+20,5.81838E+21,1.339E+16,5.2434E+16
115838,15,0,82,440,2018,2,15,6,3,2,6,0,0,0,0,0,1,1,0,7.17219E+20,5.72591E+21,1.21395E+16,5.16421E+16
115839,15,0,86,15,2018,2,10,4,3,5,3,0,1,1,0,0,0,0,0,6.93138E+20,5.79532E+21,1.1831E+16,5.22742E+16
115840,15,0,81,105,2018,2,7,4,3,9,1,0,0,1,0,0,0,0,0,6.27311E+20,5.84559E+21,1.0886E+16,5.27451E+16
115841,15,0,3,0,2018,2,16,3,3,2,6,0,0,1,0,0,0,0,0,6.77543E+20,5.77988E+21,1.15946E+16,5.21409E+16
115842,15,0,83,580,2018,2,9,7,2,5,3,0,1,1,0,0,0,0,0,6.81786E+20,5.79707E+21,1.16657E+16,5.22938E+16
115843,15,0,88,195,2018,2,11,3,3,3,6,0,0,1,0,0,1,0,0,7.11665E+20,5.70996E+21,1.20498E+16,5.15011E+16
115844,15,0,87,31,2018,2,12,3,2,3,6,0,0,1,0,0,0,0,0,6.69545E+20,5.7327E+21,1.14546E+16,5.17195E+16
115845,15,0,2,0,2018,2,9,3,3,4,2,0,0,1,0,0,0,0,0,7.05083E+20,5.71166E+21,1.1956E+16,5.15188E+16
115846,15,0,2,0,2018,2,18,3,3,5,3,1,1,1,0,0,0,0,0,7.05206E+20,5.71133E+21,1.19576E+16,5.15158E+16
115847,15,0,89,305,2018,2,6,3,3,8,1,1,0,1,0,0,0,0,2,6.83179E+20,5.76471E+21,1.16687E+16,5.20027E+16
115848,15,0,89,310,2018,2,13,3,2,2,6,0,0,1,0,0,0,1,0,6.793E+20,5.75793E+21,1.16087E+16,5.19432E+16
115849,15,0,85,330,2018,2,8,3,2,8,1,0,0,1,0,0,0,0,2,6.43518E+20,5.73538E+21,1.10791E+16,5.17509E+16
115850,15,0,85,135,2018,2,4,3,3,8,1,2,0,0,0,0,0,1,0,6.42976E+20,5.75222E+21,1.10783E+16,5.19024E+16
115851,15,0,81,240,2018,2,10,3,3,8,1,0,0,1,0,0,0,0,0,6.53611E+20,5.83687E+21,1.12713E+16,5.266E+16
115852,15,0,82,440,2018,2,8,5,3,8,1,0,0,1,0,0,0,0,1,7.21619E+20,5.7293E+21,1.22052E+16,5.16709E+16
115853,15,0,81,455,2018,2,17,3,2,6,4,1,0,1,1,0,0,0,0,6.45986E+20,5.85708E+21,1.11676E+16,5.28436E+16
115854,15,0,88,25,2018,2,14,2,3,5,3,0,0,1,0,0,0,0,0,7.02414E+20,5.69525E+21,1.19083E+16,5.13724E+16
115855,15,0,2,0,2018,2,18,2,3,2,6,2,0,1,0,0,0,0,0,7.08512E+20,5.70577E+21,1.20019E+16,5.14646E+16
115856,15,0,3,0,2018,2,6,5,3,5,3,2,1,1,0,0,0,0,0,6.79171E+20,5.77986E+21,1.16183E+16,5.21401E+16
115857,15,0,84,490,2018,2,18,2,2,8,1,2,0,1,0,0,0,0,1,7.11948E+20,5.66708E+21,1.20284E+16,5.11159E+16
115858,15,0,86,15,2018,2,7,4,3,5,3,0,0,1,0,0,0,0,0,6.96971E+20,5.79445E+21,1.18866E+16,5.22651E+16
115859,15,0,84,315,2018,2,5,2,2,5,2,2,0,1,0,0,1,0,1,7.10427E+20,5.67314E+21,1.20102E+16,5.11709E+16
115860,15,0,91,60,2018,2,9,2,3,9,1,0,0,1,0,0,0,0,2,7.33065E+20,5.75443E+21,1.23873E+16,5.18918E+16
115861,15,0,82,15,2018,2,14,2,3,5,2,0,0,1,0,0,0,0,0,7.27497E+20,5.7269E+21,1.22885E+16,5.1647E+16
115862,15,0,91,110,2018,2,19,7,3,2,5,2,0,1,0,0,0,0,0,7.44478E+20,5.73154E+21,1.25367E+16,5.16815E+16
115863,15,0,85,370,2018,2,0,2,2,8,1,2,0,1,0,0,0,1,2,6.24695E+20,5.74631E+21,1.08105E+16,5.18537E+16
115864,15,0,83,298,2018,2,16,2,3,0,7,0,0,1,0,0,1,0,0,6.73564E+20,5.7789E+21,1.1536E+16,5.21333E+16
115865,15,0,89,15,2018,2,14,2,3,1,6,0,0,1,0,0,0,0,1,6.67938E+20,5.73716E+21,1.14335E+16,5.17602E+16
115866,15,0,82,440,2018,2,20,5,3,5,3,2,0,1,0,0,0,0,1,7.16758E+20,5.7252E+21,1.21324E+16,5.1636E+16
115867,15,0,89,195,2018,2,6,1,3,0,1,1,0,1,0,0,0,0,0,6.90766E+20,5.72973E+21,1.17598E+16,5.16861E+16
115868,15,0,3,0,2018,2,16,2,3,5,3,0,1,1,0,0,0,0,0,6.81482E+20,5.77965E+21,1.16519E+16,5.21376E+16
115869,15,0,85,228,2018,2,13,5,3,5,3,0,0,1,0,0,1,0,1,6.1654E+20,5.72878E+21,1.06863E+16,5.16978E+16
115870,15,0,86,40,2018,2,8,2,3,2,6,0,0,1,0,0,0,0,0,7.15355E+20,5.81098E+21,1.21661E+16,5.24066E+16
115871,15,0,85,227,2018,2,8,2,3,8,1,0,0,1,0,0,0,0,2,6.1356E+20,5.75128E+21,1.06506E+16,5.19007E+16
115872,15,0,84,207,2018,2,6,4,1,1,5,1,0,0,0,1,1,0,0,7.19133E+20,5.65521E+21,1.21237E+16,5.10067E+16
115873,15,0,88,100,2018,2,17,1,3,2,6,2,0,1,0,0,0,0,1,6.79348E+20,5.70269E+21,1.1581E+16,5.1447E+16
115874,15,0,87,220,2018,2,16,1,3,9,1,0,0,1,0,0,0,0,2,6.70519E+20,5.72646E+21,1.14656E+16,5.16632E+16
115875,15,0,87,412,2018,2,1,1,3,4,6,2,0,1,0,0,0,0,2,6.3574E+20,5.70814E+21,1.0956E+16,5.15081E+16
115876,15,0,84,355,2018,2,20,1,3,9,1,2,0,1,0,0,0,0,0,6.98827E+20,5.67173E+21,1.18437E+16,5.11624E+16
115877,15,0,83,415,2018,2,9,3,3,5,3,0,0,1,0,0,0,1,1,6.5263E+20,5.76661E+21,1.12249E+16,5.20291E+16
115878,15,0,91,60,2018,2,9,1,3,3,6,0,0,1,0,0,0,0,1,7.33323E+20,5.75281E+21,1.23899E+16,5.18772E+16
115879,15,0,91,160,2018,2,2,1,3,9,1,2,0,0,0,0,0,1,2,7.46146E+20,5.74128E+21,1.25676E+16,5.17682E+16
115880,15,0,1,0,2018,2,14,1,3,2,6,0,0,1,0,0,0,0,0,7.21438E+20,5.74734E+21,1.2214E+16,5.1833E+16
115881,15,0,88,319,2018,2,21,6,2,5,3,2,0,1,0,0,0,0,0,6.97664E+20,5.70718E+21,1.18467E+16,5.14812E+16
115882,15,0,82,340,2018,2,13,1,1,9,1,0,0,1,0,0,0,0,1,7.22388E+20,5.71692E+21,1.22084E+16,5.15594E+16
115883,15,0,85,330,2018,2,8,1,3,9,1,0,0,1,0,0,0,0,2,6.38879E+20,5.74136E+21,1.10144E+16,5.18058E+16
115884,15,0,86,140,2018,2,16,3,2,9,1,0,0,0,0,1,0,0,0,6.99653E+20,5.78021E+21,1.19174E+16,5.21363E+16
115885,15,0,86,5,2018,2,18,1,2,9,7,2,0,1,0,0,0,0,1,6.87332E+20,5.78162E+21,1.17384E+16,5.21533E+16
115886,15,0,83,125,2018,2,22,1,3,8,1,2,0,1,0,0,0,0,0,6.49957E+20,5.8064E+21,1.12036E+16,5.23873E+16
115887,15,0,87,440,2018,2,17,7,2,2,6,0,0,1,0,0,0,0,1,6.51576E+20,5.70346E+21,1.1182E+16,5.1462E+16
115888,15,0,87,370,2018,2,10,3,3,2,6,0,0,1,0,0,0,0,0,6.63725E+20,5.70669E+21,1.13582E+16,5.14876E+16
115889,15,0,88,340,2018,2,15,7,3,2,6,0,0,1,0,0,0,1,0,6.84586E+20,5.6997E+21,1.16547E+16,5.14184E+16
115890,15,0,91,60,2018,2,22,7,2,8,1,2,0,1,0,0,0,0,2,7.34021E+20,5.75427E+21,1.2401E+16,5.18899E+16
115891,15,0,3,0,2018,2,18,7,3,2,6,2,0,1,0,0,0,0,1,6.77045E+20,5.78408E+21,1.15895E+16,5.21787E+16
115892,15,0,90,70,2018,2,11,7,2,8,1,0,0,1,0,0,0,0,1,6.85537E+20,5.83388E+21,1.17411E+16,5.26232E+16
115893,15,0,84,235,2018,2,18,2,2,8,1,1,0,1,0,0,0,0,0,7.17421E+20,5.67235E+21,1.21096E+16,5.11612E+16
115894,15,0,3,0,2018,2,8,7,3,2,6,0,0,1,0,0,0,0,1,6.79523E+20,5.77995E+21,1.16235E+16,5.21409E+16
115895,15,0,88,265,2018,2,7,6,3,5,3,1,0,1,0,0,0,0,0,6.84151E+20,5.69991E+21,1.16486E+16,5.14204E+16
115896,15,0,84,355,2018,2,13,6,3,1,6,0,0,1,0,0,0,0,0,6.9351E+20,5.66479E+21,1.1764E+16,5.11019E+16
115897,15,0,1,0,2018,2,8,6,3,1,6,0,0,1,0,0,0,1,0,7.25899E+20,5.74722E+21,1.22786E+16,5.183E+16
115898,15,0,84,315,2018,2,18,6,3,5,3,1,0,1,0,0,0,0,0,7.18989E+20,5.6812E+21,1.21374E+16,5.12401E+16
115899,15,0,1,0,2018,2,13,6,3,3,6,0,0,1,0,0,0,1,0,7.22872E+20,5.74833E+21,1.22354E+16,5.18412E+16
115900,15,0,82,340,2018,2,7,6,2,4,6,1,0,1,0,0,0,0,2,7.24033E+20,5.71979E+21,1.22339E+16,5.15845E+16
115901,15,0,90,415,2018,2,20,7,3,9,1,2,0,1,0,0,0,0,0,6.81177E+20,5.8498E+21,1.16856E+16,5.27676E+16
115902,15,0,83,298,2018,2,10,6,2,2,6,0,0,1,0,0,1,0,0,6.74022E+20,5.78134E+21,1.15439E+16,5.21551E+16
115903,15,0,89,15,2018,2,11,6,3,5,3,0,0,1,0,0,0,1,0,6.693E+20,5.74437E+21,1.14567E+16,5.18245E+16
115904,15,0,88,220,2018,2,14,5,2,1,6,0,0,1,0,1,0,0,0,7.10165E+20,5.69415E+21,1.20188E+16,5.13596E+16
115905,15,0,88,195,2018,2,7,5,3,2,6,1,0,1,0,0,0,1,0,7.11055E+20,5.7104E+21,1.20412E+16,5.15053E+16
115906,15,0,1,0,2018,2,11,5,3,5,3,0,0,1,0,0,0,0,0,7.21672E+20,5.74484E+21,1.22158E+16,5.18103E+16
115907,15,0,82,340,2018,2,6,3,3,5,3,1,0,1,0,0,0,0,0,7.23364E+20,5.71783E+21,1.2223E+16,5.15673E+16
115908,15,0,82,15,2018,2,9,5,2,4,6,0,0,1,0,0,0,0,0,7.27653E+20,5.71822E+21,1.22851E+16,5.1569E+16
115909,15,0,89,307,2018,2,12,5,3,9,7,0,0,1,0,0,0,0,0,6.62523E+20,5.73897E+21,1.13559E+16,5.1778E+16
115910,15,0,89,195,2018,2,9,5,2,5,3,0,0,0,0,0,1,0,0,6.96999E+20,5.73314E+21,1.18518E+16,5.17145E+16
115911,15,0,89,75,2018,2,10,5,3,2,6,0,0,1,0,0,0,0,0,6.6819E+20,5.75963E+21,1.1448E+16,5.19619E+16
115912,15,0,3,0,2018,2,10,5,3,5,3,0,0,1,0,0,0,0,0,6.78328E+20,5.77867E+21,1.16054E+16,5.21298E+16
115913,15,0,83,490,2018,2,5,5,2,7,6,2,0,1,0,0,1,0,0,6.72399E+20,5.76523E+21,1.15121E+16,5.20109E+16
115914,15,0,88,365,2018,1,17,4,2,8,1,1,0,1,0,0,0,0,0,6.98414E+20,5.70361E+21,1.18555E+16,5.14488E+16
115915,15,0,88,216,2018,1,7,4,3,2,2,1,0,1,0,0,0,0,0,7.03773E+20,5.72482E+21,1.19448E+16,5.16374E+16
115916,15,0,91,60,2018,1,7,4,3,2,2,1,0,1,0,0,0,0,0,7.32857E+20,5.75841E+21,1.23869E+16,5.19277E+16
115917,15,0,86,55,2018,2,12,6,3,1,6,0,0,1,0,0,0,0,0,6.93535E+20,5.77291E+21,1.1824E+16,5.20729E+16
115918,15,0,88,65,2018,2,6,4,3,5,3,2,0,1,0,0,0,0,0,7.00591E+20,5.68526E+21,1.18765E+16,5.12833E+16
115919,15,0,82,15,2018,1,15,4,3,1,6,0,0,1,0,0,0,0,0,7.28187E+20,5.72239E+21,1.22955E+16,5.16063E+16
115920,15,0,3,0,2018,1,15,4,3,2,6,0,0,1,0,0,0,0,0,6.74942E+20,5.7723E+21,1.15527E+16,5.20736E+16
115921,15,0,3,0,2018,1,7,4,3,5,2,1,1,1,0,0,0,0,0,6.79399E+20,5.7788E+21,1.16211E+16,5.21305E+16
115922,15,0,87,370,2018,2,9,6,3,2,2,0,0,1,0,0,0,0,1,6.60172E+20,5.70271E+21,1.13053E+16,5.14529E+16
115923,15,0,83,411,2018,1,11,4,3,8,1,0,0,1,0,0,0,0,1,6.47657E+20,5.79318E+21,1.1164E+16,5.22691E+16
115924,15,0,2,0,2018,2,9,4,3,5,3,0,1,1,0,0,0,0,0,7.05141E+20,5.71185E+21,1.1957E+16,5.15204E+16
115925,15,0,81,455,2018,1,21,4,3,9,1,2,0,1,0,0,0,0,1,6.41607E+20,5.85932E+21,1.11036E+16,5.2865E+16
115926,15,0,88,205,2018,1,18,3,3,7,7,2,0,1,0,0,0,0,0,7.09982E+20,5.68585E+21,1.20113E+16,5.12853E+16
115927,15,0,2,0,2018,1,13,3,2,5,2,0,1,1,0,0,0,0,0,7.02845E+20,5.70714E+21,1.19212E+16,5.14789E+16
115928,15,0,82,440,2018,2,17,5,2,8,1,0,0,1,0,0,0,0,1,7.15446E+20,5.7243E+21,1.21129E+16,5.16284E+16
115929,15,0,91,60,2018,1,6,3,2,6,4,2,0,1,1,0,0,0,0,7.37202E+20,5.75363E+21,1.24467E+16,5.18829E+16
115930,15,0,85,135,2018,2,6,3,2,9,1,1,0,1,0,0,0,0,2,6.40276E+20,5.75068E+21,1.10384E+16,5.18892E+16
115931,15,0,91,375,2018,1,17,3,3,1,2,1,0,1,0,0,0,0,0,7.48167E+20,5.7524E+21,1.26048E+16,5.18671E+16
115932,15,0,84,490,2018,2,14,4,3,2,6,0,0,1,0,0,0,0,0,7.11471E+20,5.67181E+21,1.20243E+16,5.11586E+16
115933,15,0,1,0,2018,1,16,3,3,2,6,0,0,1,0,0,0,0,0,7.22808E+20,5.74018E+21,1.22293E+16,5.17681E+16
115934,15,0,82,301,2018,1,11,3,2,8,1,0,0,0,0,0,1,0,0,7.29091E+20,5.73484E+21,1.23167E+16,5.17176E+16
115935,15,0,87,130,2018,2,6,4,2,4,6,2,0,1,0,0,1,0,1,6.76352E+20,5.71675E+21,1.1545E+16,5.15742E+16
115936,15,0,82,180,2018,1,19,3,3,7,7,2,0,1,0,0,0,0,0,7.00942E+20,5.73541E+21,1.19101E+16,5.17336E+16
115937,15,0,82,377,2018,1,16,3,3,5,3,0,1,1,0,0,0,0,0,6.98904E+20,5.72983E+21,1.18774E+16,5.16841E+16
115938,15,0,89,195,2018,1,7,3,3,2,6,1,0,1,0,0,1,0,0,6.93294E+20,5.72833E+21,1.17955E+16,5.16726E+16