OBJECTID_1,ULAND,UREGBEZ,UKREIS,UGEMEINDE,UJAHR,UMONAT,USTUNDE,UWOCHENTAG,UKATEGORIE,UART,UTYP1,ULICHTVERH,IstRad,IstPKW,IstFuss,IstKrad,IstGkfz,IstSonstig,STRZUSTAND,LINREFX,LINREFY,XGCSWGS84,YGCSWGS84
115939,15,0,89,75,2018,2,16,1,2,2,6,0,0,1,0,0,0,0,0,6.65451E+20,5.75723E+21,1.14071E+16,5.19411E+16
115940,15,0,86,35,2018,1,15,3,3,1,6,0,0,1,0,0,0,0,0,7.02762E+20,5.80253E+21,1.19762E+16,5.23356E+16
115941,15,0,2,0,2018,2,8,5,3,0,3,0,0,1,0,0,1,0,0,7.13825E+20,5.70755E+21,1.20794E+16,5.14786E+16
115942,15,0,85,135,2018,1,15,3,3,2,6,0,0,1,0,0,0,0,1,6.40835E+20,5.75068E+21,1.10465E+16,5.18891E+16
115943,15,0,83,245,2018,1,16,3,3,5,3,1,0,1,0,0,0,0,0,6.50528E+20,5.75687E+21,1.119E+16,5.19422E+16
115944,15,0,84,550,2018,1,12,2,1,2,6,0,0,0,0,0,1,1,0,7.0972E+20,5.67328E+21,1.20002E+16,5.11724E+16
115945,15,0,90,546,2018,2,7,6,3,9,1,1,0,1,0,0,0,0,2,6.88617E+20,5.80937E+21,1.17727E+16,5.2402E+16
115946,15,0,88,365,2018,1,10,2,2,4,2,0,0,1,0,0,0,0,0,7.04222E+20,5.70136E+21,1.19377E+16,5.14266E+16
115947,15,0,90,550,2018,2,17,4,3,3,2,0,0,1,0,0,0,0,0,6.95479E+20,5.8229E+21,1.18813E+16,5.25211E+16
115948,15,0,87,412,2018,1,18,2,3,9,7,2,0,1,0,0,0,0,0,6.46809E+20,5.7034E+21,1.11134E+16,5.14627E+16
115949,15,0,82,340,2018,1,11,2,3,0,6,0,0,1,0,0,0,0,0,7.20958E+20,5.71741E+21,1.21881E+16,5.15644E+16
115950,15,0,82,241,2018,1,9,2,3,8,6,0,0,1,0,0,0,1,0,7.31175E+20,5.72881E+21,1.23428E+16,5.16627E+16
115951,15,0,89,30,2018,2,10,5,3,1,6,0,0,1,0,0,0,0,0,6.89939E+20,5.74135E+21,1.17542E+16,5.17907E+16
115952,15,0,83,531,2018,2,10,1,3,1,2,0,0,1,0,0,0,0,0,6.67254E+20,5.77085E+21,1.14399E+16,5.20629E+16
115953,15,0,82,377,2018,1,15,2,3,2,6,0,0,0,0,1,0,1,0,7.13471E+20,5.72862E+21,1.20871E+16,5.16679E+16
115954,15,0,90,546,2018,1,13,2,3,5,2,0,0,1,0,0,0,0,0,6.86785E+20,5.8107E+21,1.17465E+16,5.24145E+16
115955,15,0,3,0,2018,1,7,2,2,1,6,0,0,1,0,0,0,1,0,6.79803E+20,5.77952E+21,1.16274E+16,5.21369E+16
115956,15,0,83,205,2018,2,9,4,3,3,7,0,0,1,0,0,1,0,0,6.55286E+20,5.78522E+21,1.1272E+16,5.21956E+16
115957,15,0,87,15,2018,1,20,1,3,2,6,2,0,1,0,0,0,1,0,6.63605E+20,5.70099E+21,1.13539E+16,5.14364E+16
115958,15,0,84,13,2018,1,5,1,3,8,1,2,0,1,0,0,0,0,0,7.06982E+20,5.66409E+21,1.19558E+16,5.10909E+16
115959,15,0,87,370,2018,1,2,1,2,8,1,2,0,1,0,0,0,0,0,6.57216E+20,5.70267E+21,1.12628E+16,5.14533E+16
115960,15,0,85,370,2018,1,14,1,3,0,3,0,0,1,0,0,0,0,0,6.21784E+20,5.74338E+21,1.07673E+16,5.18279E+16
115961,15,0,87,275,2018,2,18,2,3,9,1,1,0,1,0,0,0,0,1,6.71803E+20,5.71951E+21,1.14807E+16,5.16004E+16
115962,15,0,83,120,2018,1,6,1,3,9,1,2,0,1,0,0,0,0,1,6.78492E+20,5.81024E+21,1.16245E+16,5.24133E+16
115963,15,0,88,25,2018,1,14,7,3,4,2,0,0,1,0,0,0,0,0,7.02857E+20,5.69498E+21,1.19145E+16,5.13698E+16
115964,15,0,85,135,2018,2,14,5,3,2,6,0,0,1,0,0,0,0,1,6.39934E+20,5.75155E+21,1.10338E+16,5.18971E+16
115965,15,0,91,60,2018,1,12,7,3,1,2,0,0,1,0,0,0,0,0,7.38411E+20,5.75364E+21,1.24643E+16,5.18824E+16
115966,15,0,91,145,2018,2,13,3,2,3,6,0,1,0,0,0,0,1,0,7.77368E+20,5.74584E+21,1.30227E+16,5.17945E+16
115967,15,0,82,241,2018,1,20,7,2,8,1,2,0,1,0,0,0,0,0,7.42269E+20,5.72893E+21,1.2503E+16,5.16591E+16
115968,15,0,89,175,2018,1,11,7,2,2,6,0,0,1,0,0,0,0,0,6.6845E+20,5.74978E+21,1.1447E+16,5.18733E+16
115969,15,0,83,25,2018,1,9,7,3,2,2,0,0,1,0,0,0,0,0,6.43684E+20,5.76549E+21,1.10941E+16,5.20214E+16
115970,15,0,3,0,2018,2,15,7,2,2,6,0,0,1,0,0,0,0,0,6.80645E+20,5.77979E+21,1.16398E+16,5.2139E+16
115971,15,0,83,205,2018,1,17,7,3,2,6,2,0,1,0,0,0,0,0,6.55605E+20,5.78592E+21,1.1277E+16,5.22018E+16
115972,15,0,83,415,2018,1,10,7,3,5,3,0,0,1,0,0,0,0,0,6.50741E+20,5.76902E+21,1.11984E+16,5.20513E+16
115973,15,0,87,130,2018,2,11,3,2,9,6,0,0,1,0,0,1,0,0,6.76599E+20,5.70431E+21,1.15423E+16,5.14624E+16
115974,15,0,83,270,2018,1,11,7,3,5,2,0,0,1,0,0,0,0,0,6.63358E+20,5.79473E+21,1.13946E+16,5.22786E+16
115975,15,0,88,150,2018,1,6,6,3,2,2,2,0,1,0,0,0,0,1,7.11515E+20,5.7034E+21,1.20437E+16,5.14422E+16
115976,15,0,84,207,2018,1,7,6,2,5,3,1,0,1,0,0,0,0,1,7.21798E+20,5.65626E+21,1.21622E+16,5.10151E+16
115977,15,0,89,55,2018,1,8,6,3,8,1,0,0,0,0,0,1,0,1,6.85352E+20,5.74995E+21,1.16923E+16,5.18695E+16
115978,15,0,85,370,2018,1,7,6,2,6,4,2,0,1,1,0,0,0,1,6.23528E+20,5.74498E+21,1.07931E+16,5.1842E+16
115979,15,0,83,415,2018,1,13,6,2,6,7,0,0,0,1,0,0,1,1,6.53475E+20,5.76689E+21,1.12373E+16,5.20314E+16
115980,15,0,3,0,2018,2,6,1,3,9,1,2,0,1,0,0,0,0,2,6.82896E+20,5.77272E+21,1.16688E+16,5.20748E+16
115981,15,0,81,95,2018,2,21,2,2,8,1,2,0,0,0,1,0,0,0,6.2359E+20,5.85255E+21,1.08336E+16,5.28086E+16
115982,15,0,83,565,2018,1,7,6,2,6,4,2,0,1,1,0,0,0,1,6.79552E+20,5.79213E+21,1.16304E+16,5.22502E+16
115983,15,0,82,377,2018,2,13,6,2,1,6,0,0,1,0,0,0,0,0,7.08574E+20,5.7348E+21,1.20201E+16,5.17253E+16
115984,15,0,81,135,2018,1,20,6,3,3,6,2,1,1,0,0,0,0,1,6.67112E+20,5.81919E+21,1.14618E+16,5.24972E+16
115985,15,0,3,0,2018,1,7,5,3,1,6,1,0,1,0,0,0,0,1,6.80193E+20,5.77984E+21,1.16332E+16,5.21396E+16
115986,15,0,3,0,2018,1,14,5,3,5,3,0,0,1,0,0,0,0,1,6.82693E+20,5.77905E+21,1.16693E+16,5.21317E+16
115987,15,0,2,0,2018,1,20,5,3,5,7,2,0,1,0,1,0,0,1,7.05626E+20,5.71058E+21,1.19632E+16,5.15089E+16
115988,15,0,82,340,2018,2,7,6,3,8,1,1,0,1,0,0,0,0,2,7.20912E+20,5.71659E+21,1.21869E+16,5.15571E+16
115989,15,0,2,0,2018,1,17,5,3,5,2,1,1,1,0,0,0,0,1,7.01973E+20,5.70783E+21,1.19091E+16,5.14855E+16
115990,15,0,84,590,2018,1,20,5,2,6,4,2,0,1,1,0,0,0,0,7.20729E+20,5.65926E+21,1.21489E+16,5.10424E+16
115991,15,0,89,75,2018,2,6,1,3,8,1,1,0,1,0,0,0,0,1,6.68431E+20,5.75604E+21,1.14498E+16,5.19296E+16
115992,15,0,1,0,2018,1,12,5,3,5,2,0,1,0,0,0,1,0,0,7.21599E+20,5.74616E+21,1.22156E+16,5.18223E+16
115993,15,0,83,490,2018,1,7,5,2,9,1,2,0,1,0,0,1,0,1,6.78062E+20,5.77061E+21,1.15973E+16,5.20574E+16
115994,15,0,88,365,2018,1,7,4,2,5,3,1,0,1,0,0,0,1,1,6.99959E+20,5.70449E+21,1.18782E+16,5.14562E+16
115995,15,0,87,386,2018,1,14,4,2,5,3,0,0,1,0,0,0,0,0,6.87649E+20,5.70711E+21,1.17027E+16,5.14839E+16
115996,15,0,2,0,2018,1,20,4,3,3,6,2,0,1,0,0,1,0,0,7.06899E+20,5.70932E+21,1.19808E+16,5.14971E+16
115997,15,0,84,13,2018,1,10,4,3,8,1,0,0,0,0,0,1,0,0,7.07432E+20,5.66375E+21,1.1962E+16,5.10877E+16
115998,15,0,85,55,2018,2,2,1,1,9,1,2,0,1,0,0,0,0,1,6.32357E+20,5.7414E+21,1.09199E+16,5.18077E+16
115999,15,0,91,145,2018,1,7,4,3,5,3,0,0,1,0,0,0,0,0,7.66728E+20,5.74568E+21,1.28686E+16,5.17982E+16
116000,15,0,82,180,2018,1,8,4,3,5,3,0,0,1,0,0,0,0,0,7.08526E+20,5.73784E+21,1.20212E+16,5.17525E+16
116001,15,0,83,415,2018,2,18,6,2,1,2,1,0,1,0,0,0,0,0,6.53051E+20,5.76654E+21,1.1231E+16,5.20283E+16
116002,15,0,84,15,2018,2,10,4,3,4,6,0,0,1,0,0,0,0,0,6.79887E+20,5.67558E+21,1.15751E+16,5.12033E+16
116003,15,0,82,256,2018,1,19,4,2,5,3,2,0,1,0,0,0,0,0,7.01951E+20,5.73747E+21,1.19259E+16,5.17516E+16
116004,15,0,90,535,2018,1,23,4,3,7,7,2,0,1,0,0,0,0,0,6.90774E+20,5.83854E+21,1.18211E+16,5.26632E+16
116005,15,0,83,415,2018,1,7,4,3,9,1,1,0,1,0,0,0,0,1,6.53165E+20,5.76357E+21,1.12313E+16,5.20016E+16
116006,15,0,82,180,2018,2,17,6,3,6,4,1,0,1,1,0,0,0,0,7.06583E+20,5.73797E+21,1.19932E+16,5.17544E+16
116007,15,0,83,270,2018,1,12,4,3,5,3,0,1,1,0,0,0,0,0,6.63609E+20,5.7951E+21,1.13985E+16,5.22819E+16
116008,15,0,82,15,2018,2,16,4,2,3,6,0,1,1,0,0,0,0,0,7.30165E+20,5.72441E+21,1.23253E+16,5.16235E+16
116009,15,0,84,315,2018,1,22,3,2,8,1,2,0,1,0,0,0,0,0,7.13476E+20,5.6805E+21,1.20581E+16,5.12359E+16
116010,15,0,1,0,2018,1,22,3,3,2,6,2,0,1,0,0,0,0,1,7.28219E+20,5.74618E+21,1.23115E+16,5.18198E+16
116011,15,0,81,30,2018,2,21,1,1,4,6,2,0,1,0,0,0,1,2,6.6787E+20,5.86435E+21,1.1496E+16,5.29026E+16
116012,15,0,82,430,2018,1,13,3,3,4,6,0,1,0,0,0,0,0,0,7.12506E+20,5.76164E+21,1.20934E+16,5.19648E+16
116013,15,0,85,55,2018,2,17,7,3,7,7,2,0,1,0,0,0,0,0,6.33415E+20,5.74406E+21,1.09362E+16,5.18314E+16
116014,15,0,82,440,2018,1,17,3,3,8,1,2,0,1,0,0,0,0,1,7.18365E+20,5.72691E+21,1.21567E+16,5.16507E+16
116015,15,0,3,0,2018,1,17,3,3,6,4,1,0,1,1,0,0,0,0,6.78385E+20,5.77869E+21,1.16062E+16,5.21299E+16
116016,15,0,3,0,2018,1,8,3,2,5,7,0,1,1,0,0,0,0,0,6.75554E+20,5.77877E+21,1.15649E+16,5.21315E+16
116017,15,0,3,0,2018,1,2,3,2,9,7,2,0,1,0,0,0,0,0,6.79223E+20,5.77167E+21,1.16148E+16,5.20666E+16
116018,15,0,83,411,2018,1,7,3,3,8,1,1,0,1,0,0,0,0,1,6.41283E+20,5.81421E+21,1.10795E+16,5.24598E+16
116019,15,0,83,205,2018,2,10,3,3,8,6,0,0,1,0,0,0,0,0,6.61532E+20,5.78449E+21,1.1363E+16,5.21872E+16
116020,15,0,84,315,2018,1,15,2,3,5,3,0,0,1,0,0,0,0,1,7.18983E+20,5.68121E+21,1.21373E+16,5.12402E+16
116021,15,0,88,216,2018,2,16,7,1,5,3,1,0,1,0,0,0,0,0,6.98396E+20,5.721E+21,1.18651E+16,5.1605E+16
116022,15,0,2,0,2018,1,15,2,3,2,6,0,0,1,0,0,0,0,1,7.10665E+20,5.70746E+21,1.20339E+16,5.1479E+16
116023,15,0,84,445,2018,1,14,2,3,8,6,0,0,1,0,0,0,0,1,7.00086E+20,5.67107E+21,1.18613E+16,5.1156E+16
116024,15,0,2,0,2018,2,6,5,3,5,3,0,1,1,0,0,0,0,0,7.0721E+20,5.70642E+21,1.19836E+16,5.1471E+16
116025,15,0,84,550,2018,1,6,2,3,5,6,2,0,1,0,0,0,0,1,7.10423E+20,5.67315E+21,1.20101E+16,5.1171E+16
116026,15,0,82,430,2018,1,13,2,3,1,6,0,0,1,0,0,0,0,1,7.11402E+20,5.76184E+21,1.20775E+16,5.1967E+16
116027,15,0,83,490,2018,1,14,2,2,2,6,0,0,1,0,0,0,0,1,6.77198E+20,5.77092E+21,1.15849E+16,5.20605E+16
116028,15,0,82,340,2018,2,16,5,2,5,2,0,0,1,0,0,0,0,1,7.27645E+20,5.71824E+21,1.2285E+16,5.15692E+16
116029,15,0,3,0,2018,1,19,2,3,5,3,2,1,1,0,0,0,0,1,6.8163E+20,5.77846E+21,1.16534E+16,5.21268E+16
116030,15,0,89,310,2018,2,16,4,3,1,5,0,0,1,0,0,0,0,0,6.77821E+20,5.74692E+21,1.15815E+16,5.18447E+16
116031,15,0,85,40,2018,1,2,2,3,8,5,2,0,1,0,0,0,0,1,6.54771E+20,5.73255E+21,1.12408E+16,5.17225E+16
116032,15,0,83,40,2018,1,15,2,3,5,3,0,0,1,0,0,0,1,1,6.77957E+20,5.78597E+21,1.16038E+16,5.21954E+16
116033,15,0,87,130,2018,2,16,7,2,5,3,0,0,1,0,0,0,0,0,6.76358E+20,5.70295E+21,1.15381E+16,5.14502E+16
116034,15,0,2,0,2018,1,11,1,3,5,3,0,0,1,0,0,0,0,0,7.07823E+20,5.70127E+21,1.19894E+16,5.14245E+16
116035,15,0,84,355,2018,2,14,7,2,2,2,0,0,1,0,0,0,0,0,6.94951E+20,5.67046E+21,1.17876E+16,5.11523E+16
116036,15,0,1,0,2018,2,19,7,3,5,3,2,0,1,0,0,0,0,0,7.23434E+20,5.74504E+21,1.22415E+16,5.18115E+16
116037,15,0,2,0,2018,1,16,1,3,5,7,1,0,1,0,0,0,0,1,7.08505E+20,5.70578E+21,1.20018E+16,5.14647E+16
116038,15,0,84,13,2018,1,12,1,2,5,3,0,0,1,0,0,0,1,0,7.10732E+20,5.66234E+21,1.20082E+16,5.10738E+16
116039,15,0,2,0,2018,2,16,3,3,2,6,0,0,1,0,0,0,0,0,7.09379E+20,5.70735E+21,1.20153E+16,5.14785E+16
116040,15,0,85,235,2018,1,12,1,2,9,7,0,0,1,0,0,0,0,0,6.46289E+20,5.74223E+21,1.11221E+16,5.18117E+16
116041,15,0,81,26,2018,2,13,3,3,5,3,0,0,0,0,0,1,0,1,6.51449E+20,5.84551E+21,1.12433E+16,5.27383E+16
116042,15,0,90,70,2018,1,13,1,3,2,6,0,0,1,0,0,0,0,0,6.75095E+20,5.83636E+21,1.15884E+16,5.26489E+16
116043,15,0,85,235,2018,1,13,1,3,3,2,0,0,1,0,0,0,0,1,6.4664E+20,5.74241E+21,1.11273E+16,5.18132E+16
116044,15,0,83,298,2018,1,21,1,2,8,1,2,0,0,0,0,0,1,1,6.7354E+20,5.78128E+21,1.15368E+16,5.21547E+16
116045,15,0,84,355,2018,2,21,4,3,8,1,2,0,1,0,0,0,0,0,6.93956E+20,5.66413E+21,1.177E+16,5.10958E+16
116046,15,0,81,280,2018,1,6,1,3,9,7,2,0,1,0,0,0,0,1,6.32153E+20,5.82609E+21,1.09499E+16,5.25688E+16
116047,15,0,88,330,2018,1,8,7,3,9,1,0,0,1,0,0,0,0,2,7.10959E+20,5.69716E+21,1.2032E+16,5.13864E+16
116048,15,0,88,330,2018,1,8,7,3,8,1,0,0,1,0,0,0,0,2,7.1096E+20,5.69716E+21,1.2032E+16,5.13864E+16
116049,15,0,87,275,2018,2,9,4,2,5,3,0,1,0,0,0,1,0,0,6.70488E+20,5.72019E+21,1.14621E+16,5.16069E+16
116050,15,0,87,70,2018,1,9,7,3,8,1,0,0,1,0,0,0,0,2,6.67278E+20,5.70861E+21,1.14103E+16,5.15039E+16
116051,15,0,90,546,2018,2,12,3,2,8,1,0,0,1,0,0,0,0,2,6.93901E+20,5.80912E+21,1.18501E+16,5.23979E+16
116052,15,0,91,375,2018,1,17,7,2,8,1,1,0,1,0,0,0,0,0,7.51407E+20,5.75396E+21,1.26529E+16,5.18797E+16
116053,15,0,82,377,2018,1,18,7,3,1,5,2,0,1,0,0,0,0,1,7.13676E+20,5.72737E+21,1.20893E+16,5.16566E+16
116054,15,0,85,230,2018,2,9,7,2,9,7,0,0,1,0,0,0,0,1,6.27159E+20,5.7599E+21,1.08513E+16,5.19752E+16
116055,15,0,85,370,2018,1,15,7,2,2,6,0,0,1,0,0,0,0,1,6.27323E+20,5.74525E+21,1.08483E+16,5.18435E+16
116056,15,0,81,135,2018,2,6,7,3,7,7,1,0,1,0,0,0,0,0,6.6876E+20,5.81786E+21,1.14854E+16,5.24847E+16
116057,15,0,83,531,2018,1,7,7,2,9,1,1,0,1,0,0,0,0,2,6.58396E+20,5.77418E+21,1.13123E+16,5.20954E+16
116058,15,0,83,190,2018,1,12,7,2,8,1,0,0,1,0,0,0,0,1,6.61682E+20,5.78145E+21,1.13637E+16,5.21598E+16
116059,15,0,89,185,2018,2,6,3,3,9,1,1,0,1,0,0,0,0,0,6.79021E+20,5.74253E+21,1.15967E+16,5.18049E+16
116060,15,0,88,365,2018,1,15,6,2,1,2,0,0,1,0,0,0,0,0,7.01937E+20,5.70477E+21,1.19068E+16,5.14581E+16
116061,15,0,87,31,2018,1,11,6,3,2,6,0,0,1,0,0,0,0,0,6.6964E+20,5.72925E+21,1.14542E+16,5.16885E+16
116062,15,0,2,0,2018,1,10,6,3,6,4,0,1,0,1,0,0,0,0,7.07333E+20,5.70416E+21,1.1984E+16,5.14506E+16
116063,15,0,82,15,2018,1,15,6,3,5,3,0,0,1,0,0,0,0,0,7.26559E+20,5.7285E+21,1.2276E+16,5.16618E+16
116064,15,0,82,256,2018,1,15,6,2,5,3,0,0,1,0,0,0,0,0,7.01951E+20,5.73747E+21,1.19259E+16,5.17516E+16
116065,15,0,3,0,2018,1,18,6,3,2,6,2,0,1,0,0,0,0,0,6.75968E+20,5.77149E+21,1.15672E+16,5.2066E+16
116066,15,0,86,140,2018,1,14,6,3,3,6,0,0,1,0,0,0,0,0,7.1558E+20,5.79306E+21,1.2158E+16,5.22456E+16
116067,15,0,3,0,2018,1,10,6,3,8,1,0,0,1,0,0,0,0,1,6.86569E+20,5.77375E+21,1.17229E+16,5.20828E+16
116068,15,0,84,125,2018,2,11,2,2,9,1,0,0,1,0,0,0,0,0,6.77023E+20,5.6684E+21,1.15306E+16,5.11397E+16
116069,15,0,85,55,2018,1,16,6,3,1,2,0,0,1,0,0,0,0,0,6.34681E+20,5.73978E+21,1.09529E+16,5.17927E+16
116070,15,0,85,285,2018,1,7,6,3,6,6,2,0,1,1,0,0,0,0,6.45794E+20,5.76128E+21,1.1123E+16,5.19831E+16
116071,15,0,81,45,2018,2,17,7,3,8,1,1,0,1,0,0,0,0,0,6.41073E+20,5.83979E+21,1.10873E+16,5.26896E+16
116072,15,0,83,415,2018,1,16,6,2,6,2,2,0,1,1,0,0,0,1,6.53433E+20,5.7669E+21,1.12367E+16,5.20315E+16
116073,15,0,1,0,2018,2,13,6,3,6,2,0,0,1,1,0,0,0,0,7.21579E+20,5.74657E+21,1.22156E+16,5.18259E+16
116074,15,0,87,370,2018,1,13,5,3,0,7,0,0,0,0,0,1,0,0,6.61927E+20,5.70153E+21,1.133E+16,5.14418E+16
116075,15,0,84,355,2018,1,14,5,3,9,1,0,0,0,0,0,0,1,0,6.96241E+20,5.66541E+21,1.18033E+16,5.11066E+16
116076,15,0,91,160,2018,1,13,5,3,8,1,0,0,1,0,0,0,0,1,7.57014E+20,5.74762E+21,1.27295E+16,5.18202E+16
116077,15,0,84,132,2018,2,0,7,1,9,1,2,0,0,0,0,0,1,0,6.738E+20,5.6741E+21,1.14873E+16,5.11919E+16
116078,15,0,91,110,2018,1,18,5,3,7,7,2,0,1,0,0,0,0,1,7.48645E+20,5.72929E+21,1.25952E+16,5.16595E+16
116079,15,0,83,298,2018,1,7,5,3,2,6,2,0,1,0,0,1,0,1,6.62734E+20,5.78454E+21,1.13806E+16,5.21873E+16
116080,15,0,86,40,2018,1,10,5,3,8,1,0,0,1,0,0,0,0,1,7.20549E+20,5.79393E+21,1.22312E+16,5.22515E+16
116081,15,0,86,55,2018,1,7,5,3,2,2,1,1,1,0,0,0,0,1,6.93409E+20,5.77328E+21,1.18224E+16,5.20763E+16
116082,15,0,85,40,2018,1,10,5,2,4,6,0,0,1,0,0,0,0,2,6.51984E+20,5.7329E+21,1.12006E+16,5.17264E+16
116083,15,0,85,235,2018,1,13,5,3,0,6,0,0,0,0,0,1,0,0,6.48725E+20,5.73611E+21,1.11548E+16,5.17561E+16
116084,15,0,87,130,2018,2,10,6,3,2,6,0,0,1,0,0,1,0,0,6.75394E+20,5.702E+21,1.15238E+16,5.1442E+16
116085,15,0,85,230,2018,1,5,5,3,9,1,2,0,1,0,0,0,0,2,6.1309E+20,5.7588E+21,1.06462E+16,5.19684E+16
116086,15,0,83,298,2018,1,6,5,3,8,1,2,0,1,0,0,0,0,2,6.71674E+20,5.77899E+21,1.15084E+16,5.21347E+16
116087,15,0,81,455,2018,2,12,6,3,2,6,0,0,1,0,0,0,0,0,6.45741E+20,5.8579E+21,1.11644E+16,5.28511E+16
116088,15,0,83,355,2018,1,15,5,3,8,1,0,0,0,0,0,1,0,1,6.58124E+20,5.7591E+21,1.13014E+16,5.196E+16
116089,15,0,81,135,2018,1,14,5,2,4,6,0,0,0,0,0,1,0,1,6.65205E+20,5.82184E+21,1.14351E+16,5.25216E+16
116090,15,0,3,0,2018,1,9,4,3,1,6,0,0,1,0,0,0,0,0,6.80001E+20,5.77986E+21,1.16304E+16,5.21399E+16
116091,15,0,88,220,2018,2,15,6,3,2,6,0,0,1,0,0,0,0,0,7.03524E+20,5.69236E+21,1.19225E+16,5.13461E+16
116092,15,0,87,15,2018,1,22,4,3,2,6,2,0,1,0,0,0,0,1,6.68826E+20,5.70096E+21,1.14289E+16,5.14346E+16
116093,15,0,89,175,2018,2,7,6,3,1,2,0,0,1,0,0,0,0,0,6.73037E+20,5.74984E+21,1.15136E+16,5.18724E+16
116094,15,0,88,150,2018,1,5,4,3,9,1,2,0,0,0,0,0,1,2,7.16085E+20,5.70231E+21,1.21087E+16,5.14307E+16
116095,15,0,87,130,2018,1,9,4,3,4,7,0,0,1,0,0,0,0,1,6.75801E+20,5.71114E+21,1.15342E+16,5.1524E+16
116096,15,0,2,0,2018,1,15,4,3,5,2,0,1,1,0,0,0,0,0,7.06816E+20,5.70717E+21,1.19784E+16,5.14778E+16
116097,15,0,81,135,2018,2,17,7,2,1,7,0,0,1,0,0,0,1,0,6.6985E+20,5.8226E+21,1.15038E+16,5.2527E+16
116098,15,0,91,145,2018,1,10,4,2,8,1,0,0,0,0,0,0,1,2,7.84925E+20,5.74633E+21,1.31324E+16,5.17951E+16
116099,15,0,91,160,2018,1,9,4,3,9,1,0,0,1,0,0,0,0,2,7.58043E+20,5.74582E+21,1.2743E+16,5.18035E+16
116100,15,0,89,185,2018,1,8,4,3,8,1,0,0,1,0,0,0,0,1,6.79179E+20,5.74266E+21,1.1599E+16,5.1806E+16
116101,15,0,84,130,2018,2,16,6,3,5,2,0,0,1,0,0,0,0,0,7.23041E+20,5.66228E+21,1.21836E+16,5.10686E+16
116102,15,0,83,130,2018,1,6,4,3,8,1,2,0,1,0,0,0,0,2,6.78617E+20,5.80098E+21,1.16214E+16,5.233E+16
116103,15,0,85,135,2018,1,7,4,3,2,6,1,0,1,0,0,0,0,2,6.34598E+20,5.74469E+21,1.09536E+16,5.18368E+16
116104,15,0,3,0,2018,2,15,3,2,6,4,0,0,0,1,0,1,0,0,6.8009E+20,5.77984E+21,1.16317E+16,5.21397E+16
116105,15,0,85,370,2018,1,13,4,2,8,1,0,0,1,0,0,0,0,0,6.23096E+20,5.74798E+21,1.07879E+16,5.1869E+16
116106,15,0,90,550,2018,2,13,6,3,2,6,0,0,1,0,0,0,1,0,7.03675E+20,5.82715E+21,1.20046E+16,5.25562E+16
116107,15,0,90,3,2018,1,5,4,3,8,1,2,0,1,0,0,0,0,2,6.77622E+20,5.86942E+21,1.16436E+16,5.2945E+16
116108,15,0,3,0,2018,2,4,1,3,0,7,2,0,1,0,0,0,0,0,6.82167E+20,5.77924E+21,1.16617E+16,5.21336E+16
116109,15,0,90,546,2018,1,8,4,3,8,1,0,0,1,0,0,0,0,2,6.93768E+20,5.80664E+21,1.18467E+16,5.23757E+16
116110,15,0,86,140,2018,2,13,5,3,6,6,0,0,1,1,0,0,0,0,7.11516E+20,5.77926E+21,1.20899E+16,5.21233E+16
116111,15,0,89,310,2018,1,13,4,2,9,6,0,0,1,0,0,0,0,1,6.79E+20,5.76261E+21,1.16068E+16,5.19853E+16
116112,15,0,89,310,2018,1,13,4,3,3,5,0,0,1,0,0,0,0,1,6.81041E+20,5.75321E+21,1.16315E+16,5.19002E+16
116113,15,0,3,0,2018,1,22,4,3,8,1,2,0,1,0,0,0,0,1,6.78311E+20,5.77466E+21,1.1603E+16,5.20937E+16
116114,15,0,85,227,2018,2,23,5,3,9,1,2,0,1,0,0,0,0,1,6.21716E+20,5.74999E+21,1.07686E+16,5.18874E+16
116115,15,0,85,145,2018,1,7,4,3,1,6,1,0,1,0,0,0,0,1,6.4788E+20,5.72744E+21,1.11389E+16,5.16784E+16
116116,15,0,85,135,2018,2,6,4,3,2,6,1,0,1,0,0,0,0,0,6.42629E+20,5.74997E+21,1.10723E+16,5.18823E+16
116117,15,0,85,185,2018,1,5,4,2,8,1,2,0,1,0,0,0,0,2,6.38047E+20,5.76337E+21,1.10111E+16,5.20038E+16
116118,15,0,85,227,2018,1,7,4,3,8,1,1,0,1,0,0,0,0,2,6.28121E+20,5.75083E+21,1.08619E+16,5.18935E+16
116119,15,0,89,305,2018,2,18,6,3,2,6,2,0,1,0,0,0,0,0,6.91357E+20,5.76938E+21,1.17903E+16,5.20419E+16
116120,15,0,83,25,2018,1,9,4,3,9,1,0,0,1,0,0,0,0,2,6.42423E+20,5.77129E+21,1.10781E+16,5.20738E+16
116121,15,0,83,440,2018,1,6,4,2,0,3,2,1,1,0,0,0,0,2,6.88603E+20,5.8E+21,1.17672E+16,5.23179E+16
116122,15,0,86,40,2018,2,16,6,2,9,1,0,0,1,0,0,0,0,1,7.17268E+20,5.81006E+21,1.21936E+16,5.23976E+16