OBJECTID_1,ULAND,UREGBEZ,UKREIS,UGEMEINDE,UJAHR,UMONAT,USTUNDE,UWOCHENTAG,UKATEGORIE,UART,UTYP1,ULICHTVERH,IstRad,IstPKW,IstFuss,IstKrad,IstGkfz,IstSonstig,STRZUSTAND,LINREFX,LINREFY,XGCSWGS84,YGCSWGS84
116123,15,0,83,565,2018,1,16,4,3,5,3,1,0,1,0,0,0,0,1,6.8013E+20,5.79354E+21,1.16396E+16,5.22627E+16
116124,15,0,90,70,2018,2,18,4,2,8,1,2,0,1,0,0,0,0,0,6.77293E+20,5.8355E+21,1.16203E+16,5.26405E+16
116125,15,0,83,40,2018,1,7,4,3,2,6,1,0,1,0,0,0,0,2,6.77931E+20,5.78949E+21,1.16053E+16,5.22271E+16
116126,15,0,83,40,2018,1,9,4,3,5,3,0,0,1,0,0,1,0,2,6.76235E+20,5.78477E+21,1.1578E+16,5.21852E+16
116127,15,0,87,130,2018,2,21,5,1,4,6,2,0,1,0,0,1,0,1,6.76425E+20,5.71656E+21,1.15459E+16,5.15724E+16
116128,15,0,83,230,2018,1,6,4,3,8,1,2,0,1,0,0,0,0,2,6.46763E+20,5.79721E+21,1.11526E+16,5.23056E+16
116129,15,0,90,415,2018,2,13,1,3,9,1,0,0,1,0,0,0,0,0,6.84743E+20,5.85181E+21,1.17395E+16,5.27844E+16
116130,15,0,84,13,2018,1,13,3,3,8,6,0,0,1,0,0,0,0,2,7.06951E+20,5.66499E+21,1.19559E+16,5.1099E+16
116131,15,0,2,0,2018,2,7,5,3,2,1,1,0,1,0,0,0,1,2,7.07831E+20,5.71123E+21,1.19954E+16,5.15139E+16
116132,15,0,88,205,2018,1,9,3,2,2,6,0,0,1,0,0,1,0,1,7.22015E+20,5.6948E+21,1.21891E+16,5.1361E+16
116133,15,0,84,282,2018,1,21,3,3,8,1,2,0,1,0,0,0,0,2,6.84616E+20,5.66661E+21,1.16381E+16,5.11211E+16
116134,15,0,82,377,2018,2,7,4,3,4,2,0,0,1,0,0,0,0,0,6.98589E+20,5.72964E+21,1.18728E+16,5.16826E+16
116135,15,0,82,180,2018,1,21,3,3,8,1,2,0,1,0,0,0,0,0,7.08489E+20,5.73825E+21,1.20209E+16,5.17563E+16
116136,15,0,85,330,2018,2,15,2,3,1,2,0,0,1,0,0,0,0,0,6.40708E+20,5.73609E+21,1.10387E+16,5.1758E+16
116137,15,0,3,0,2018,1,17,3,3,3,6,1,0,1,0,0,1,0,1,6.74273E+20,5.77303E+21,1.15433E+16,5.20804E+16
116138,15,0,89,305,2018,1,19,3,3,0,7,2,0,1,0,0,0,0,0,6.88608E+20,5.77034E+21,1.17508E+16,5.20515E+16
116139,15,0,89,15,2018,1,11,3,3,5,3,0,0,1,0,0,0,0,1,6.71699E+20,5.73833E+21,1.14885E+16,5.17695E+16
116140,15,0,83,490,2018,2,13,3,1,5,2,0,0,0,0,1,0,1,1,6.75822E+20,5.76384E+21,1.15612E+16,5.19973E+16
116141,15,0,85,235,2018,1,17,3,3,8,1,1,0,1,0,0,0,0,1,6.43689E+20,5.73111E+21,1.10799E+16,5.17125E+16
116142,15,0,83,411,2018,1,22,3,3,8,1,2,0,1,0,0,0,0,2,6.3643E+20,5.80913E+21,1.1006E+16,5.24153E+16
116143,15,0,2,0,2018,2,16,5,3,5,3,0,1,1,0,0,0,0,0,7.10325E+20,5.70377E+21,1.20268E+16,5.1446E+16
116144,15,0,83,390,2018,1,15,3,3,0,7,0,0,1,0,0,1,0,1,6.73988E+20,5.78688E+21,1.15462E+16,5.22049E+16
116145,15,0,84,341,2018,2,17,6,2,4,6,0,0,1,0,0,0,0,0,6.97532E+20,5.66063E+21,1.18191E+16,5.10632E+16
116146,15,0,84,130,2018,2,18,5,3,8,1,2,0,1,0,0,0,0,0,7.24647E+20,5.66854E+21,1.22104E+16,5.11243E+16
116147,15,0,81,240,2018,1,17,3,3,9,6,2,0,1,0,0,0,0,1,6.53398E+20,5.83936E+21,1.12693E+16,5.26824E+16
116148,15,0,87,412,2018,1,5,2,3,2,6,2,0,1,0,0,1,0,1,6.49757E+20,5.70345E+21,1.11558E+16,5.14624E+16
116149,15,0,86,140,2018,2,0,7,3,8,1,2,0,1,0,0,0,0,0,7.02047E+20,5.79135E+21,1.1959E+16,5.22354E+16
116150,15,0,91,10,2018,2,10,5,3,5,2,0,0,1,0,0,0,0,0,7.70665E+20,5.73175E+21,1.29148E+16,5.16714E+16
116151,15,0,88,25,2018,1,9,2,3,0,6,0,0,1,0,0,0,1,0,6.93048E+20,5.69813E+21,1.17754E+16,5.14015E+16
116152,15,0,88,205,2018,1,6,2,3,3,6,2,0,1,0,0,0,0,0,7.14114E+20,5.68163E+21,1.20679E+16,5.12458E+16
116153,15,0,87,15,2018,2,21,3,2,4,2,2,0,1,0,0,0,0,0,6.66299E+20,5.70015E+21,1.13922E+16,5.14281E+16
116154,15,0,88,330,2018,1,9,2,3,5,3,0,0,1,0,0,0,0,0,7.03725E+20,5.69523E+21,1.19271E+16,5.13717E+16
116155,15,0,88,205,2018,1,6,2,2,1,2,2,0,1,0,0,0,0,0,7.10448E+20,5.68826E+21,1.20194E+16,5.13066E+16
116156,15,0,84,282,2018,1,18,2,3,8,1,2,0,1,0,0,0,0,1,6.83552E+20,5.66676E+21,1.1623E+16,5.11229E+16
116157,15,0,84,590,2018,1,10,2,3,1,6,0,0,1,0,0,0,1,0,7.20165E+20,5.65967E+21,1.21411E+16,5.10463E+16
116158,15,0,84,275,2018,2,14,2,3,6,7,0,1,0,1,0,0,0,0,7.17422E+20,5.66052E+21,1.21025E+16,5.1055E+16
116159,15,0,91,10,2018,1,22,2,2,8,6,2,0,1,0,0,0,0,1,7.7429E+20,5.72987E+21,1.29656E+16,5.16527E+16
116160,15,0,89,15,2018,1,10,2,3,2,2,0,0,1,0,0,0,0,0,6.69524E+20,5.73336E+21,1.14546E+16,5.17255E+16
116161,15,0,1,0,2018,2,15,5,3,5,3,0,1,1,0,0,0,0,0,7.22934E+20,5.75265E+21,1.22391E+16,5.188E+16
116162,15,0,83,320,2018,1,4,2,2,3,6,2,0,1,0,0,0,0,1,6.41707E+20,5.77466E+21,1.10691E+16,5.21043E+16
116163,15,0,82,15,2018,2,15,6,3,2,6,0,0,1,0,0,0,0,0,7.26423E+20,5.72922E+21,1.22745E+16,5.16683E+16
116164,15,0,88,355,2018,1,17,1,2,8,1,1,0,1,0,0,0,0,0,6.87437E+20,5.6845E+21,1.16877E+16,5.1281E+16
116165,15,0,87,220,2018,1,8,1,3,5,3,0,0,1,0,0,0,0,0,6.71249E+20,5.72381E+21,1.14748E+16,5.16392E+16
116166,15,0,87,165,2018,1,14,1,3,2,6,0,0,1,0,0,0,0,0,6.76311E+20,5.71783E+21,1.15449E+16,5.15839E+16
116167,15,0,3,0,2018,2,8,7,3,0,2,0,1,1,0,0,0,0,0,6.77845E+20,5.77857E+21,1.15983E+16,5.2129E+16
116168,15,0,91,60,2018,1,19,1,3,2,6,2,0,1,0,0,0,1,0,7.33657E+20,5.75346E+21,1.23952E+16,5.18829E+16
116169,15,0,91,110,2018,1,15,1,3,5,3,0,0,1,0,0,0,0,0,7.31269E+20,5.7364E+21,1.23492E+16,5.17307E+16
116170,15,0,91,160,2018,1,18,1,3,7,7,2,0,1,0,0,0,0,0,7.52344E+20,5.74582E+21,1.26606E+16,5.18062E+16
116171,15,0,81,45,2018,1,4,1,3,9,1,2,0,1,0,0,0,0,0,6.40249E+20,5.84094E+21,1.10756E+16,5.27002E+16
116172,15,0,91,391,2018,2,10,2,2,8,7,0,0,1,0,0,0,0,0,7.59866E+20,5.75041E+21,1.27729E+16,5.18439E+16
116173,15,0,91,375,2018,1,17,7,3,1,6,2,0,1,0,0,0,0,0,7.42222E+20,5.75357E+21,1.25195E+16,5.18802E+16
116174,15,0,3,0,2018,1,15,7,3,2,6,0,0,1,0,0,0,0,0,6.79529E+20,5.77996E+21,1.16236E+16,5.21409E+16
116175,15,0,85,235,2018,1,11,7,2,8,1,0,0,1,0,0,0,0,1,6.5341E+20,5.73964E+21,1.12242E+16,5.17866E+16
116176,15,0,88,150,2018,1,12,6,3,1,2,0,0,1,0,0,0,0,1,7.16965E+20,5.70292E+21,1.21217E+16,5.14359E+16
116177,15,0,88,295,2018,1,6,6,3,4,2,2,0,1,0,0,0,0,1,7.01231E+20,5.71744E+21,1.19039E+16,5.15721E+16
116178,15,0,84,590,2018,1,14,6,3,5,3,0,0,1,0,0,0,0,1,7.21468E+20,5.65866E+21,1.2159E+16,5.10368E+16
116179,15,0,1,0,2018,2,7,5,3,8,1,0,0,1,0,0,0,0,1,7.22734E+20,5.74814E+21,1.22333E+16,5.18396E+16
116180,15,0,91,145,2018,1,19,6,3,8,1,2,0,0,0,0,0,1,1,7.76455E+20,5.74893E+21,1.30119E+16,5.18226E+16
116181,15,0,91,160,2018,1,9,6,3,2,6,0,0,1,0,0,1,0,1,7.50702E+20,5.74808E+21,1.26384E+16,5.18272E+16
116182,15,0,85,185,2018,2,14,6,3,4,6,0,0,1,0,0,0,0,0,6.2937E+20,5.76909E+21,1.0887E+16,5.20573E+16
116183,15,0,1,0,2018,2,5,4,3,2,6,2,0,1,0,0,0,0,0,7.22464E+20,5.74766E+21,1.22291E+16,5.18354E+16
116184,15,0,83,298,2018,1,1,6,3,9,7,2,0,0,0,0,1,0,1,6.69489E+20,5.7836E+21,1.14788E+16,5.21768E+16
116185,15,0,3,0,2018,1,7,6,2,5,2,2,0,1,0,0,0,0,1,6.80455E+20,5.7823E+21,1.16383E+16,5.21616E+16
116186,15,0,85,287,2018,1,7,6,2,9,1,2,0,1,0,0,0,0,1,6.58295E+20,5.7458E+21,1.12978E+16,5.18405E+16
116187,15,0,82,180,2018,2,7,6,2,8,1,0,0,1,0,0,0,0,2,7.05784E+20,5.73239E+21,1.19783E+16,5.17047E+16
116188,15,0,85,135,2018,1,6,6,3,7,7,2,0,1,0,0,0,0,1,6.28598E+20,5.75805E+21,1.08716E+16,5.19582E+16
116189,15,0,84,375,2018,2,7,4,3,1,6,1,0,1,0,0,0,0,0,7.07153E+20,5.66404E+21,1.19582E+16,5.10904E+16
116190,15,0,83,245,2018,1,7,6,2,4,6,2,0,1,0,0,0,1,1,6.52408E+20,5.7602E+21,1.12188E+16,5.19715E+16
116191,15,0,83,40,2018,1,13,6,3,2,2,0,0,1,0,0,0,1,1,6.77922E+20,5.78853E+21,1.16046E+16,5.22184E+16
116192,15,0,82,430,2018,2,7,5,3,1,6,0,0,1,0,0,0,1,0,7.12169E+20,5.76191E+21,1.20887E+16,5.19673E+16
116193,15,0,88,25,2018,1,19,5,2,8,1,2,0,1,0,0,0,0,1,6.92945E+20,5.69813E+21,1.17739E+16,5.14016E+16
116194,15,0,88,319,2018,1,6,5,3,9,1,2,0,1,0,0,0,0,2,6.92389E+20,5.71356E+21,1.17744E+16,5.15403E+16
116195,15,0,83,355,2018,2,5,3,3,3,6,2,0,1,0,0,0,0,0,6.5944E+20,5.7576E+21,1.13199E+16,5.19462E+16
116196,15,0,2,0,2018,1,8,5,2,5,2,0,0,1,0,0,0,1,0,7.02537E+20,5.70713E+21,1.19168E+16,5.1479E+16
116197,15,0,82,15,2018,2,17,5,3,5,3,1,1,1,0,0,0,0,0,7.30368E+20,5.72478E+21,1.23285E+16,5.16268E+16
116198,15,0,84,135,2018,1,18,5,2,9,6,2,0,1,0,0,0,1,1,6.9286E+20,5.67817E+21,1.17619E+16,5.12223E+16
116199,15,0,84,590,2018,1,16,5,2,4,6,0,0,1,0,0,0,0,1,7.20925E+20,5.6591E+21,1.21515E+16,5.10409E+16
116200,15,0,84,355,2018,1,6,5,3,9,1,2,0,1,0,0,0,0,2,6.9967E+20,5.67597E+21,1.18581E+16,5.12002E+16
116201,15,0,91,145,2018,1,14,5,3,8,6,0,0,1,0,0,1,0,0,7.71539E+20,5.75964E+21,1.29492E+16,5.19212E+16
116202,15,0,82,180,2018,2,9,3,2,5,2,0,1,0,0,0,0,1,0,7.04487E+20,5.73692E+21,1.19622E+16,5.17458E+16
116203,15,0,82,430,2018,1,11,5,2,1,5,0,0,1,0,0,0,0,0,7.22427E+20,5.76459E+21,1.22395E+16,5.19873E+16
116204,15,0,3,0,2018,1,7,5,3,1,6,1,0,1,0,0,0,0,1,6.79906E+20,5.77991E+21,1.16291E+16,5.21404E+16
116205,15,0,83,320,2018,1,14,5,2,8,1,0,0,1,0,0,0,0,1,6.42146E+20,5.77658E+21,1.10763E+16,5.21215E+16
116206,15,0,84,375,2018,2,21,5,3,7,6,2,0,1,0,0,1,1,0,7.06851E+20,5.66104E+21,1.19522E+16,5.10635E+16
116207,15,0,83,298,2018,1,16,5,3,1,2,2,0,1,0,0,0,0,1,6.64723E+20,5.78239E+21,1.14086E+16,5.21674E+16
116208,15,0,3,0,2018,1,17,4,3,1,3,1,0,1,0,0,0,0,0,6.76688E+20,5.77989E+21,1.15821E+16,5.21412E+16
116209,15,0,84,490,2018,1,16,4,2,2,6,0,0,1,0,0,1,0,0,7.08591E+20,5.67099E+21,1.19827E+16,5.11523E+16
116210,15,0,2,0,2018,2,18,5,2,0,1,1,1,0,0,0,0,0,2,7.00759E+20,5.70881E+21,1.18922E+16,5.14947E+16
116211,15,0,88,365,2018,1,7,4,2,5,3,1,0,1,0,1,0,0,0,7.02251E+20,5.70153E+21,1.19095E+16,5.14288E+16
116212,15,0,90,535,2018,2,19,4,3,9,1,2,0,1,0,0,0,0,0,6.97887E+20,5.83817E+21,1.19259E+16,5.26573E+16
116213,15,0,82,15,2018,1,21,4,3,0,7,2,0,1,0,0,1,0,0,7.21323E+20,5.72593E+21,1.21988E+16,5.16407E+16
116214,15,0,82,430,2018,1,9,4,2,1,6,0,0,1,0,0,0,0,0,7.13397E+20,5.7603E+21,1.21055E+16,5.19524E+16
116215,15,0,82,15,2018,1,15,4,3,2,6,0,0,1,0,0,0,0,0,7.26558E+20,5.72843E+21,1.22759E+16,5.16611E+16
116216,15,0,88,365,2018,2,18,7,3,2,2,1,0,1,0,0,0,0,0,7.02795E+20,5.70144E+21,1.19173E+16,5.14278E+16
116217,15,0,85,235,2018,1,9,4,3,3,6,0,0,1,0,0,1,0,0,6.54792E+20,5.74133E+21,1.1245E+16,5.18014E+16
116218,15,0,89,175,2018,1,13,4,3,9,1,0,0,1,0,0,0,0,1,6.68435E+20,5.74997E+21,1.14469E+16,5.1875E+16
116219,15,0,3,0,2018,1,13,4,3,2,6,0,0,1,0,0,0,0,0,6.8034E+20,5.77981E+21,1.16353E+16,5.21393E+16
116220,15,0,89,305,2018,2,14,4,3,1,2,0,0,1,0,0,0,0,0,6.83548E+20,5.7647E+21,1.1674E+16,5.20026E+16
116221,15,0,3,0,2018,1,7,3,3,4,2,1,0,1,0,0,0,1,0,6.76125E+20,5.77227E+21,1.15699E+16,5.2073E+16
116222,15,0,87,412,2018,1,19,3,2,8,1,2,0,1,0,0,0,0,1,6.35585E+20,5.71729E+21,1.09573E+16,5.15903E+16
116223,15,0,87,130,2018,1,15,3,2,8,1,0,0,1,0,0,0,0,1,6.76816E+20,5.70515E+21,1.15458E+16,5.14699E+16
116224,15,0,2,0,2018,2,17,4,3,3,7,0,0,1,0,0,0,1,0,7.02539E+20,5.70713E+21,1.19168E+16,5.1479E+16
116225,15,0,2,0,2018,1,17,3,3,2,6,1,0,1,0,0,0,0,0,7.06753E+20,5.70717E+21,1.19775E+16,5.14778E+16
116226,15,0,91,60,2018,1,6,3,3,4,6,2,0,1,0,0,0,0,0,7.28512E+20,5.7539E+21,1.23209E+16,5.18889E+16
116227,15,0,82,430,2018,1,15,3,3,2,6,0,0,1,0,0,0,1,0,7.11413E+20,5.76183E+21,1.20776E+16,5.19669E+16
116228,15,0,88,205,2018,2,20,4,2,3,6,2,0,1,0,0,0,0,0,7.21565E+20,5.69225E+21,1.21811E+16,5.13383E+16
116229,15,0,89,195,2018,1,8,3,2,2,2,1,0,1,0,0,0,0,0,6.88751E+20,5.72963E+21,1.17306E+16,5.16858E+16
116230,15,0,82,15,2018,2,8,3,2,1,6,0,0,1,0,0,0,0,1,7.26558E+20,5.72843E+21,1.22759E+16,5.16611E+16
116231,15,0,83,298,2018,1,7,3,2,3,6,2,1,1,0,0,0,0,0,6.63657E+20,5.78035E+21,1.13921E+16,5.21494E+16
116232,15,0,83,531,2018,1,6,3,3,3,6,2,1,1,0,0,0,0,0,6.67385E+20,5.76742E+21,1.14401E+16,5.20321E+16
116233,15,0,83,245,2018,1,5,3,3,5,3,2,0,1,0,0,0,0,0,6.5253E+20,5.76123E+21,1.1221E+16,5.19808E+16
116234,15,0,85,55,2018,2,14,7,3,5,3,0,0,1,0,0,0,0,0,6.32485E+20,5.74331E+21,1.09224E+16,5.18249E+16
116235,15,0,88,25,2018,1,15,2,3,0,6,0,0,1,0,0,0,1,0,6.94676E+20,5.6908E+21,1.17948E+16,5.13351E+16
116236,15,0,87,55,2018,1,18,2,3,9,6,2,0,1,0,0,1,0,0,6.38092E+20,5.70465E+21,1.09885E+16,5.14761E+16
116237,15,0,85,55,2018,2,18,3,3,2,3,2,0,1,0,0,0,0,0,6.32307E+20,5.74371E+21,1.092E+16,5.18285E+16
116238,15,0,91,375,2018,1,7,2,3,1,6,1,0,1,0,0,0,0,0,7.44225E+20,5.75328E+21,1.25483E+16,5.18767E+16
116239,15,0,1,0,2018,1,7,2,3,1,6,2,0,1,0,0,0,0,0,7.24061E+20,5.74754E+21,1.22522E+16,5.18337E+16
116240,15,0,3,0,2018,1,17,2,3,1,7,1,0,1,0,0,0,0,0,6.78273E+20,5.7745E+21,1.16024E+16,5.20923E+16
116241,15,0,83,531,2018,1,10,2,3,1,6,0,0,1,0,0,0,0,0,6.63392E+20,5.77224E+21,1.13843E+16,5.20766E+16
116242,15,0,83,270,2018,1,12,2,3,5,3,0,1,1,0,0,0,0,0,6.61781E+20,5.79535E+21,1.13718E+16,5.22847E+16
116243,15,0,84,590,2018,1,17,1,3,2,6,1,0,1,0,0,0,0,1,7.18433E+20,5.66327E+21,1.21186E+16,5.10793E+16
116244,15,0,84,590,2018,2,2,1,1,0,1,2,0,1,0,0,0,0,0,7.20521E+20,5.6594E+21,1.2146E+16,5.10438E+16
116245,15,0,91,60,2018,1,13,1,3,8,1,0,0,1,0,0,0,0,1,7.37395E+20,5.76955E+21,1.24605E+16,5.20257E+16
116246,15,0,89,305,2018,1,11,1,3,5,3,0,0,1,0,0,0,0,0,6.90395E+20,5.76613E+21,1.17745E+16,5.20131E+16
116247,15,0,84,355,2018,2,10,2,3,0,1,0,0,1,0,0,0,0,0,6.92308E+20,5.66943E+21,1.17494E+16,5.1144E+16
116248,15,0,83,298,2018,1,4,1,2,8,1,2,0,1,0,0,0,0,0,6.58765E+20,5.78469E+21,1.13226E+16,5.21898E+16
116249,15,0,83,323,2018,1,20,1,3,9,1,2,0,1,0,0,0,0,0,6.50462E+20,5.78575E+21,1.12017E+16,5.22017E+16
116250,15,0,90,7,2018,1,0,1,1,8,1,2,0,1,0,0,0,0,0,6.72158E+20,5.8538E+21,1.15541E+16,5.28065E+16
116251,15,0,91,160,2018,2,16,6,3,2,2,0,0,1,0,0,0,0,0,7.53024E+20,5.74578E+21,1.26704E+16,5.18055E+16
116252,15,0,89,43,2018,1,13,1,2,5,3,0,0,1,0,0,0,0,0,6.6313E+20,5.75709E+21,1.13733E+16,5.19406E+16
116253,15,0,89,45,2018,1,10,1,1,4,6,0,1,1,0,0,0,0,0,6.77847E+20,5.7589E+21,1.15881E+16,5.19523E+16
116254,15,0,83,205,2018,2,10,1,1,8,1,0,0,1,0,0,0,0,0,6.55881E+20,5.78762E+21,1.12818E+16,5.22169E+16
116255,15,0,83,120,2018,1,20,1,1,4,6,2,0,1,0,0,0,0,0,6.78689E+20,5.80949E+21,1.1627E+16,5.24064E+16
116256,15,0,88,150,2018,1,12,7,3,5,3,0,0,1,0,0,0,0,0,7.11688E+20,5.70504E+21,1.20472E+16,5.14569E+16
116257,15,0,88,305,2018,1,14,7,3,2,2,0,0,1,0,0,0,0,0,6.7886E+20,5.68598E+21,1.15656E+16,5.1297E+16
116258,15,0,91,20,2018,1,5,7,1,9,1,2,0,1,0,0,0,0,0,7.61275E+20,5.73718E+21,1.27833E+16,5.17245E+16
116259,15,0,85,55,2018,1,8,7,3,8,1,0,0,1,0,0,0,0,1,6.32027E+20,5.73864E+21,1.0914E+16,5.1783E+16
116260,15,0,88,365,2018,1,10,6,2,5,3,0,0,1,0,0,0,0,0,6.91582E+20,5.70033E+21,1.17556E+16,5.14217E+16
116261,15,0,82,301,2018,1,23,6,2,9,1,2,0,1,0,0,0,0,0,7.2212E+20,5.73587E+21,1.22166E+16,5.17297E+16
116262,15,0,91,10,2018,1,22,6,2,1,1,2,0,1,0,0,0,1,1,7.79266E+20,5.739E+21,1.30446E+16,5.17323E+16
116263,15,0,83,270,2018,2,9,6,3,3,2,0,0,1,0,0,1,0,0,6.61262E+20,5.79543E+21,1.13643E+16,5.22855E+16
116264,15,0,86,40,2018,2,18,4,3,3,6,1,0,1,0,0,0,0,0,7.2064E+20,5.7939E+21,1.22325E+16,5.22512E+16
116265,15,0,91,145,2018,1,15,6,3,1,2,0,0,1,0,0,0,0,0,7.73394E+20,5.74552E+21,1.29649E+16,5.17936E+16
116266,15,0,91,241,2018,1,10,6,2,2,6,0,0,1,0,0,0,1,0,7.29254E+20,5.74924E+21,1.23285E+16,5.18468E+16
116267,15,0,89,305,2018,1,14,6,2,1,6,0,0,1,0,0,0,0,0,6.89207E+20,5.75946E+21,1.17535E+16,5.19536E+16
116268,15,0,90,70,2018,2,19,6,3,0,6,2,0,1,0,1,0,0,0,6.80325E+20,5.8346E+21,1.16646E+16,5.26314E+16
116269,15,0,82,377,2018,2,4,4,3,9,1,2,0,1,0,0,0,0,0,7.09789E+20,5.73336E+21,1.20368E+16,5.17119E+16
116270,15,0,86,55,2018,3,9,7,3,8,1,0,0,0,0,0,0,1,1,7.00917E+20,5.76975E+21,1.19297E+16,5.20419E+16
116271,15,0,89,15,2018,4,15,3,2,9,1,0,0,1,0,0,0,0,0,6.69563E+20,5.74004E+21,1.14584E+16,5.17855E+16
116272,15,0,83,411,2018,3,18,7,3,4,6,1,0,1,0,0,0,0,0,6.36344E+20,5.81242E+21,1.10061E+16,5.2445E+16
116273,15,0,82,180,2018,3,19,5,2,5,3,1,0,1,0,0,0,0,0,7.08712E+20,5.7399E+21,1.20251E+16,5.17711E+16
116274,15,0,84,550,2018,3,7,3,3,1,6,0,0,1,0,0,0,0,0,7.07483E+20,5.67532E+21,1.19694E+16,5.11915E+16
116275,15,0,88,340,2018,3,19,1,3,9,7,2,0,1,0,0,0,0,0,6.83647E+20,5.69985E+21,1.16413E+16,5.14201E+16
116276,15,0,84,550,2018,3,0,6,2,2,7,2,0,1,0,0,1,0,0,7.13967E+20,5.68137E+21,1.20657E+16,5.12435E+16
116277,15,0,85,370,2018,3,7,4,3,5,2,0,1,1,0,0,0,0,1,6.22545E+20,5.74381E+21,1.07785E+16,5.18316E+16
116278,15,0,88,205,2018,4,13,6,3,2,6,0,0,1,0,0,0,0,0,7.07943E+20,5.68511E+21,1.19817E+16,5.12793E+16
116279,15,0,88,25,2018,3,19,6,3,6,6,2,0,1,1,0,0,1,0,6.98992E+20,5.696E+21,1.18596E+16,5.13803E+16
116280,15,0,91,375,2018,4,17,1,3,5,3,0,0,1,0,0,0,0,0,7.48384E+20,5.75666E+21,1.2611E+16,5.19052E+16
116281,15,0,85,185,2018,3,11,6,3,4,6,0,0,1,0,0,1,0,2,6.38644E+20,5.75825E+21,1.10178E+16,5.19577E+16
116282,15,0,2,0,2018,3,16,6,3,5,2,0,1,1,0,0,0,0,0,7.05615E+20,5.7106E+21,1.19631E+16,5.1509E+16
116283,15,0,91,60,2018,3,12,4,3,1,2,0,0,1,0,0,1,0,1,7.3671E+20,5.75367E+21,1.24396E+16,5.18835E+16
116284,15,0,2,0,2018,3,11,6,3,5,2,0,0,1,0,0,0,1,0,7.02537E+20,5.70713E+21,1.19168E+16,5.1479E+16
116285,15,0,87,386,2018,3,10,2,3,4,6,0,0,1,0,0,0,0,1,6.90296E+20,5.70588E+21,1.17401E+16,5.1472E+16
116286,15,0,86,15,2018,3,23,7,3,8,7,2,0,1,0,0,0,0,0,6.9354E+20,5.78992E+21,1.18338E+16,5.22256E+16
116287,15,0,84,560,2018,3,15,6,2,4,6,0,0,1,0,0,1,0,0,7.01333E+20,5.66933E+21,1.18782E+16,5.114E+16
116288,15,0,3,0,2018,4,6,4,3,5,3,1,1,1,0,0,0,0,0,6.79593E+20,5.77997E+21,1.16245E+16,5.2141E+16
116289,15,0,85,370,2018,3,11,3,3,2,6,0,0,1,0,0,1,0,0,6.2264E+20,5.74396E+21,1.07799E+16,5.1833E+16
116290,15,0,84,550,2018,3,9,7,3,2,6,0,0,1,0,0,0,1,0,7.07082E+20,5.67608E+21,1.19641E+16,5.11986E+16
116291,15,0,86,140,2018,3,13,7,3,9,1,0,0,1,0,0,0,0,2,7.00905E+20,5.78328E+21,1.19375E+16,5.21634E+16
116292,15,0,84,115,2018,3,5,6,3,9,1,1,0,1,0,0,0,0,1,7.10576E+20,5.65636E+21,1.20026E+16,5.10202E+16
116293,15,0,83,531,2018,3,17,7,2,8,1,0,0,1,0,0,0,0,2,6.63853E+20,5.77203E+21,1.13909E+16,5.20746E+16
116294,15,0,84,135,2018,3,10,3,3,9,1,0,0,0,0,0,0,1,2,6.944E+20,5.68134E+21,1.17857E+16,5.12503E+16
116295,15,0,86,140,2018,4,23,6,2,9,1,2,0,0,0,1,0,0,0,6.97024E+20,5.77926E+21,1.18785E+16,5.21287E+16
116296,15,0,83,270,2018,3,16,2,3,5,2,0,0,1,0,0,0,0,0,6.67023E+20,5.80224E+21,1.1452E+16,5.2345E+16
116297,15,0,82,15,2018,3,12,6,3,2,6,0,0,1,0,0,0,0,0,7.26487E+20,5.72793E+21,1.22745E+16,5.16567E+16
116298,15,0,88,150,2018,3,13,7,2,5,3,0,1,1,0,0,0,0,0,7.11319E+20,5.7028E+21,1.20405E+16,5.14369E+16
116299,15,0,2,0,2018,3,12,5,3,2,6,0,0,1,0,0,0,0,0,7.09541E+20,5.70736E+21,1.20177E+16,5.14785E+16
116300,15,0,2,0,2018,3,14,3,3,6,4,0,0,1,1,0,0,0,0,7.05528E+20,5.71072E+21,1.19619E+16,5.15102E+16
116301,15,0,82,440,2018,3,6,6,2,8,1,0,0,1,0,0,0,0,2,7.20431E+20,5.72302E+21,1.21841E+16,5.1615E+16
116302,15,0,82,15,2018,3,14,2,3,5,2,0,0,1,0,0,0,0,1,7.25461E+20,5.73214E+21,1.22625E+16,5.16949E+16
116303,15,0,3,0,2018,3,6,6,3,5,3,1,0,1,0,0,0,0,0,6.74932E+20,5.7723E+21,1.15525E+16,5.20736E+16
116304,15,0,88,365,2018,4,20,7,3,3,6,2,0,1,0,0,0,0,0,6.88777E+20,5.69797E+21,1.1714E+16,5.14015E+16
116305,15,0,82,377,2018,3,11,6,1,5,3,0,0,1,0,0,0,0,0,7.11476E+20,5.72886E+21,1.20584E+16,5.16709E+16
116306,15,0,84,13,2018,4,6,3,2,2,6,0,0,1,0,0,1,0,1,7.06959E+20,5.66422E+21,1.19555E+16,5.10921E+16