OBJECTID_1,ULAND,UREGBEZ,UKREIS,UGEMEINDE,UJAHR,UMONAT,USTUNDE,UWOCHENTAG,UKATEGORIE,UART,UTYP1,ULICHTVERH,IstRad,IstPKW,IstFuss,IstKrad,IstGkfz,IstSonstig,STRZUSTAND,LINREFX,LINREFY,XGCSWGS84,YGCSWGS84
116307,15,0,1,0,2018,4,11,5,3,4,6,0,0,1,0,0,1,0,0,7.24166E+20,5.74754E+21,1.22537E+16,5.18336E+16
116308,15,0,84,315,2018,3,7,7,2,8,1,0,0,0,0,0,1,0,2,7.13061E+20,5.6798E+21,1.20518E+16,5.12298E+16
116309,15,0,85,227,2018,3,19,6,3,9,7,2,0,1,0,0,0,1,0,6.17322E+20,5.75079E+21,1.07051E+16,5.18955E+16
116310,15,0,3,0,2018,3,10,6,3,2,6,0,0,1,0,0,0,0,0,6.8244E+20,5.78824E+21,1.16705E+16,5.22143E+16
116311,15,0,89,75,2018,3,13,3,3,5,2,0,0,1,0,0,0,0,0,6.68187E+20,5.75963E+21,1.1448E+16,5.19618E+16
116312,15,0,2,0,2018,4,7,5,2,5,3,0,0,1,0,0,0,1,0,7.05122E+20,5.71204E+21,1.19568E+16,5.15222E+16
116313,15,0,82,241,2018,3,10,1,2,4,6,0,0,1,0,1,0,0,2,7.33882E+20,5.72614E+21,1.23801E+16,5.16376E+16
116314,15,0,89,42,2018,3,16,6,3,1,6,0,0,1,0,0,0,0,0,6.82485E+20,5.76472E+21,1.16586E+16,5.20031E+16
116315,15,0,85,135,2018,3,10,7,3,9,1,0,0,1,0,0,0,0,2,6.3784E+20,5.75302E+21,1.1004E+16,5.19109E+16
116316,15,0,83,298,2018,3,19,5,1,6,6,1,0,0,1,0,1,0,0,6.64535E+20,5.78466E+21,1.1407E+16,5.21878E+16
116317,15,0,3,0,2018,3,10,3,3,2,6,0,0,1,0,0,0,0,0,6.78586E+20,5.77977E+21,1.16097E+16,5.21395E+16
116318,15,0,85,40,2018,3,19,6,1,2,6,2,1,1,0,0,0,0,0,6.55048E+20,5.73832E+21,1.12474E+16,5.17742E+16
116319,15,0,81,45,2018,3,15,2,3,8,1,0,0,1,0,0,1,0,1,6.35615E+20,5.8372E+21,1.10055E+16,5.26677E+16
116320,15,0,84,355,2018,3,15,5,3,1,6,0,0,1,0,0,0,0,1,6.95085E+20,5.67049E+21,1.17896E+16,5.11526E+16
116321,15,0,91,391,2018,4,16,7,2,2,6,0,0,1,0,1,0,0,0,7.66194E+20,5.75157E+21,1.28654E+16,5.18513E+16
116322,15,0,89,305,2018,3,15,5,3,2,2,0,0,1,0,0,0,0,0,6.83837E+20,5.76472E+21,1.16783E+16,5.20027E+16
116323,15,0,91,375,2018,4,9,3,3,1,6,0,0,1,0,0,0,1,1,7.50447E+20,5.7499E+21,1.26361E+16,5.18437E+16
116324,15,0,2,0,2018,4,8,4,3,5,3,0,1,1,0,0,0,0,0,7.11398E+20,5.70718E+21,1.20443E+16,5.14763E+16
116325,15,0,91,60,2018,3,9,7,3,3,2,0,0,1,0,0,0,0,0,7.3753E+20,5.75401E+21,1.24517E+16,5.18862E+16
116326,15,0,91,375,2018,3,13,5,3,5,2,0,1,1,0,0,0,0,0,7.50341E+20,5.75264E+21,1.26365E+16,5.18682E+16
116327,15,0,88,220,2018,3,15,5,3,5,2,0,0,1,0,0,0,0,0,7.07388E+20,5.69664E+21,1.19804E+16,5.13831E+16
116328,15,0,87,370,2018,3,13,3,2,8,1,0,0,1,0,0,0,0,1,6.59157E+20,5.7147E+21,1.12961E+16,5.15609E+16
116329,15,0,89,55,2018,3,11,2,2,6,4,0,0,1,1,0,0,0,0,6.90876E+20,5.75469E+21,1.17751E+16,5.19102E+16
116330,15,0,82,15,2018,3,10,5,2,2,6,0,0,1,0,0,0,0,1,7.29131E+20,5.72464E+21,1.23106E+16,5.16261E+16
116331,15,0,87,130,2018,3,14,4,2,1,6,0,0,1,0,0,0,0,0,6.76567E+20,5.71087E+21,1.15451E+16,5.15213E+16
116332,15,0,87,260,2018,3,6,2,3,7,7,1,0,1,0,0,0,0,0,6.75363E+20,5.71781E+21,1.15312E+16,5.1584E+16
116333,15,0,88,330,2018,3,11,7,2,8,7,0,0,1,0,0,0,0,0,7.0277E+20,5.69483E+21,1.19131E+16,5.13684E+16
116334,15,0,83,270,2018,3,15,5,3,5,3,0,0,1,0,0,0,0,0,6.65215E+20,5.79502E+21,1.1422E+16,5.22807E+16
116335,15,0,90,535,2018,4,15,7,3,4,6,0,0,1,0,0,0,0,0,6.95218E+20,5.82911E+21,1.18811E+16,5.2577E+16
116336,15,0,83,415,2018,3,9,5,3,4,2,0,0,1,0,0,0,1,0,6.56935E+20,5.76981E+21,1.1289E+16,5.20566E+16
116337,15,0,3,0,2018,4,13,3,3,3,2,0,1,1,0,0,0,0,0,6.82389E+20,5.77912E+21,1.16649E+16,5.21324E+16
116338,15,0,83,531,2018,3,13,7,2,4,6,0,0,1,0,0,0,1,2,6.64093E+20,5.7719E+21,1.13943E+16,5.20733E+16
116339,15,0,83,565,2018,3,9,5,3,5,3,0,0,1,0,0,0,0,1,6.82717E+20,5.79152E+21,1.16763E+16,5.22437E+16
116340,15,0,3,0,2018,3,15,5,3,2,6,0,0,1,0,0,0,0,0,6.76863E+20,5.78399E+21,1.15868E+16,5.2178E+16
116341,15,0,84,590,2018,3,6,4,3,2,6,0,0,1,0,0,0,0,2,7.175E+20,5.66449E+21,1.2106E+16,5.10906E+16
116342,15,0,90,225,2018,3,19,3,3,3,6,2,1,1,0,0,0,0,1,7.09512E+20,5.85908E+21,1.21109E+16,5.28407E+16
116343,15,0,83,415,2018,3,23,1,3,8,7,2,0,1,0,0,0,0,0,6.5779E+20,5.77018E+21,1.13017E+16,5.20597E+16
116344,15,0,85,140,2018,3,12,7,3,4,6,0,0,1,0,0,0,1,2,6.44315E+20,5.74762E+21,1.10958E+16,5.18607E+16
116345,15,0,91,60,2018,3,2,4,3,9,1,2,0,0,0,0,1,0,2,7.32265E+20,5.75903E+21,1.23788E+16,5.19334E+16
116346,15,0,83,190,2018,3,14,7,3,4,6,0,0,1,0,0,0,0,2,6.52642E+20,5.78154E+21,1.12317E+16,5.21632E+16
116347,15,0,88,20,2018,3,10,3,3,8,1,0,0,0,0,0,1,0,2,7.14612E+20,5.68238E+21,1.20755E+16,5.12523E+16
116348,15,0,2,0,2018,4,11,6,3,2,6,0,0,1,0,0,0,0,0,7.07202E+20,5.70658E+21,1.19836E+16,5.14724E+16
116349,15,0,82,241,2018,3,7,2,3,2,6,0,0,1,0,0,0,0,0,7.34906E+20,5.72502E+21,1.23941E+16,5.16271E+16
116350,15,0,91,10,2018,3,8,4,3,8,1,0,0,0,0,0,0,1,1,7.73219E+20,5.73165E+21,1.29515E+16,5.16693E+16
116351,15,0,90,535,2018,4,9,1,3,5,2,0,0,1,0,0,0,0,0,6.91704E+20,5.83672E+21,1.18338E+16,5.26465E+16
116352,15,0,83,120,2018,3,17,6,3,8,1,0,0,1,0,0,0,0,2,6.84708E+20,5.80727E+21,1.17141E+16,5.23845E+16
116353,15,0,89,195,2018,3,13,4,2,8,1,0,0,1,0,0,0,0,0,6.86637E+20,5.73326E+21,1.1702E+16,5.17192E+16
116354,15,0,82,377,2018,3,12,7,3,8,1,0,0,1,0,0,0,0,2,7.08632E+20,5.73474E+21,1.20209E+16,5.17247E+16
116355,15,0,85,330,2018,4,15,7,2,8,1,0,0,0,0,1,0,0,0,6.42418E+20,5.74347E+21,1.10665E+16,5.18239E+16
116356,15,0,91,60,2018,3,8,4,3,8,1,0,0,1,0,0,0,0,2,7.39716E+20,5.7574E+21,1.24858E+16,5.19157E+16
116357,15,0,86,15,2018,4,11,2,2,1,6,0,0,1,0,0,0,0,0,6.92747E+20,5.79003E+21,1.18222E+16,5.22269E+16
116358,15,0,85,228,2018,3,13,6,2,4,6,0,0,1,0,0,0,0,2,6.25064E+20,5.73938E+21,1.08134E+16,5.17913E+16
116359,15,0,82,377,2018,3,6,4,2,8,1,0,0,1,0,0,0,0,2,7.02707E+20,5.72836E+21,1.19315E+16,5.16696E+16
116360,15,0,84,125,2018,3,15,4,2,8,1,0,0,1,0,0,0,0,1,6.76889E+20,5.66694E+21,1.15279E+16,5.11266E+16
116361,15,0,89,15,2018,3,8,4,3,8,1,0,0,0,0,0,1,0,2,6.6819E+20,5.74006E+21,1.14385E+16,5.17861E+16
116362,15,0,83,565,2018,3,15,3,3,0,3,0,0,1,0,0,0,0,1,6.83166E+20,5.78948E+21,1.16818E+16,5.22252E+16
116363,15,0,84,355,2018,3,16,7,2,4,6,0,0,1,0,1,0,0,0,6.86957E+20,5.66501E+21,1.16706E+16,5.1106E+16
116364,15,0,85,135,2018,3,22,7,3,5,3,2,0,1,0,0,0,0,1,6.41583E+20,5.75121E+21,1.10576E+16,5.18936E+16
116365,15,0,89,42,2018,3,16,4,3,5,3,0,0,1,0,0,0,0,0,6.82664E+20,5.76471E+21,1.16612E+16,5.2003E+16
116366,15,0,83,298,2018,4,10,4,3,2,6,0,0,0,0,0,1,0,0,6.62231E+20,5.78452E+21,1.13732E+16,5.21872E+16
116367,15,0,91,60,2018,3,10,3,3,9,1,0,0,0,0,0,0,1,2,7.37183E+20,5.76009E+21,1.24509E+16,5.19409E+16
116368,15,0,81,455,2018,4,11,6,3,1,6,0,0,1,0,0,0,0,0,6.4686E+20,5.85692E+21,1.11805E+16,5.2842E+16
116369,15,0,88,25,2018,3,11,1,3,8,1,0,0,1,1,0,0,0,2,7.0306E+20,5.69356E+21,1.19166E+16,5.1357E+16
116370,15,0,3,0,2018,3,20,4,3,6,4,2,1,0,1,0,0,0,0,6.7859E+20,5.77873E+21,1.16092E+16,5.21302E+16
116371,15,0,91,391,2018,3,5,7,2,1,5,2,0,1,0,1,0,0,0,7.63821E+20,5.749E+21,1.28291E+16,5.18294E+16
116372,15,0,82,301,2018,3,16,5,3,3,6,0,0,1,0,0,1,0,0,7.24935E+20,5.7413E+21,1.22608E+16,5.17773E+16
116373,15,0,82,180,2018,3,14,3,2,2,6,0,0,1,0,0,0,0,0,7.06636E+20,5.73726E+21,1.19935E+16,5.17481E+16
116374,15,0,85,135,2018,3,7,4,3,5,3,0,0,1,0,0,0,0,1,6.41742E+20,5.75154E+21,1.106E+16,5.18965E+16
116375,15,0,89,310,2018,3,0,2,3,8,6,2,0,0,0,0,1,0,0,6.84891E+20,5.75216E+21,1.16868E+16,5.18895E+16
116376,15,0,83,565,2018,3,5,6,3,4,1,2,0,0,0,0,1,1,1,6.79495E+20,5.79427E+21,1.16307E+16,5.22695E+16
116377,15,0,87,386,2018,4,10,7,3,1,6,0,0,1,0,0,0,0,0,6.82444E+20,5.70853E+21,1.16285E+16,5.14984E+16
116378,15,0,83,415,2018,3,7,4,3,8,1,0,0,1,0,0,0,0,2,6.50078E+20,5.76457E+21,1.11868E+16,5.20114E+16
116379,15,0,83,565,2018,3,11,4,2,5,3,0,0,1,0,0,0,0,0,6.77458E+20,5.79123E+21,1.15993E+16,5.22428E+16
116380,15,0,83,298,2018,3,6,4,3,8,1,1,0,1,0,0,0,0,2,6.67313E+20,5.78121E+21,1.14459E+16,5.2156E+16
116381,15,0,84,550,2018,3,15,2,3,2,6,0,0,1,0,0,0,0,1,7.07543E+20,5.68048E+21,1.19732E+16,5.12379E+16
116382,15,0,88,295,2018,3,20,6,2,8,1,2,0,0,0,1,0,0,1,7.03887E+20,5.72236E+21,1.1945E+16,5.16153E+16
116383,15,0,85,40,2018,4,19,1,3,9,1,0,0,1,0,0,0,0,0,6.55251E+20,5.73438E+21,1.12485E+16,5.17388E+16
116384,15,0,83,557,2018,3,6,4,3,1,6,0,0,1,0,0,0,0,1,6.67023E+20,5.80223E+21,1.1452E+16,5.23449E+16
116385,15,0,85,135,2018,4,0,4,3,5,3,2,0,1,0,0,0,0,0,6.41586E+20,5.75121E+21,1.10577E+16,5.18937E+16
116386,15,0,85,135,2018,3,5,3,3,5,3,1,0,1,0,0,0,0,1,6.41006E+20,5.75068E+21,1.1049E+16,5.18891E+16
116387,15,0,91,60,2018,4,2,5,2,2,6,2,0,1,0,0,1,0,0,7.3547E+20,5.75642E+21,1.24235E+16,5.19086E+16
116388,15,0,89,305,2018,3,14,1,3,9,1,0,0,0,0,0,0,1,2,6.89807E+20,5.75823E+21,1.17615E+16,5.19424E+16
116389,15,0,81,30,2018,3,7,4,2,8,1,0,0,1,0,0,0,0,2,6.67642E+20,5.86482E+21,1.14929E+16,5.29069E+16
116390,15,0,83,115,2018,3,11,7,1,4,6,0,0,1,0,0,0,0,1,6.57271E+20,5.79965E+21,1.13078E+16,5.23246E+16
116391,15,0,83,130,2018,3,11,5,3,5,2,0,0,1,0,0,1,0,0,6.78807E+20,5.79665E+21,1.16219E+16,5.22911E+16
116392,15,0,83,531,2018,3,19,3,3,8,1,1,0,1,0,0,0,0,0,6.64659E+20,5.77159E+21,1.14024E+16,5.20704E+16
116393,15,0,84,315,2018,3,13,1,2,8,7,0,0,1,0,0,0,0,0,7.12738E+20,5.67919E+21,1.20468E+16,5.12244E+16
116394,15,0,83,557,2018,3,22,7,3,9,1,2,0,1,0,0,0,0,2,6.67786E+20,5.80605E+21,1.14651E+16,5.23789E+16
116395,15,0,89,26,2018,3,12,7,3,8,1,0,0,1,0,0,0,0,2,6.89196E+20,5.75949E+21,1.17534E+16,5.19539E+16
116396,15,0,89,310,2018,3,13,5,3,2,6,0,0,1,0,0,0,0,1,6.81239E+20,5.75284E+21,1.16342E+16,5.18968E+16
116397,15,0,82,15,2018,4,20,7,3,5,3,2,0,1,0,0,0,0,0,7.25434E+20,5.72858E+21,1.22598E+16,5.16629E+16
116398,15,0,88,220,2018,3,16,3,3,5,3,0,0,1,0,0,0,0,1,7.07727E+20,5.69283E+21,1.19831E+16,5.13487E+16
116399,15,0,83,298,2018,4,16,3,2,2,6,0,0,0,0,0,1,0,0,6.60829E+20,5.78448E+21,1.13527E+16,5.21873E+16
116400,15,0,82,5,2018,4,13,4,3,1,6,0,0,1,0,0,1,0,0,7.11745E+20,5.74902E+21,1.20746E+16,5.18517E+16
116401,15,0,82,377,2018,3,22,3,3,8,1,2,0,1,0,0,0,0,2,7.1145E+20,5.74069E+21,1.20652E+16,5.17771E+16
116402,15,0,87,101,2018,4,14,3,2,9,1,0,0,0,0,0,1,0,0,6.52823E+20,5.69996E+21,1.11984E+16,5.14302E+16
116403,15,0,83,205,2018,4,15,5,3,2,6,0,0,1,0,0,0,0,0,6.53324E+20,5.7856E+21,1.12435E+16,5.21995E+16
116404,15,0,84,125,2018,3,15,7,3,9,1,0,0,1,0,0,0,0,2,6.78836E+20,5.66544E+21,1.1555E+16,5.11125E+16
116405,15,0,89,235,2018,3,7,3,3,1,6,0,0,1,0,0,0,0,0,6.84775E+20,5.74782E+21,1.16828E+16,5.18505E+16
116406,15,0,85,227,2018,3,16,6,2,3,2,0,0,1,0,1,0,0,0,6.22822E+20,5.74761E+21,1.07838E+16,5.18657E+16
116407,15,0,84,315,2018,3,18,4,2,6,4,2,0,1,1,0,0,0,0,7.11821E+20,5.68146E+21,1.2035E+16,5.12451E+16
116408,15,0,91,145,2018,3,18,2,2,5,2,1,0,1,0,0,0,0,0,7.69166E+20,5.74715E+21,1.2905E+16,5.18102E+16
116409,15,0,87,412,2018,3,16,7,2,8,1,0,0,1,0,0,0,0,0,6.37043E+20,5.71054E+21,1.09757E+16,5.15294E+16
116410,15,0,88,100,2018,3,12,6,3,1,6,0,0,1,0,0,0,0,2,6.78846E+20,5.70262E+21,1.15737E+16,5.14465E+16
116411,15,0,87,220,2018,3,22,4,3,5,3,2,0,1,0,0,1,0,0,6.71249E+20,5.72381E+21,1.14748E+16,5.16392E+16
116412,15,0,90,535,2018,4,14,7,2,9,1,0,0,1,0,1,0,0,0,6.92184E+20,5.82874E+21,1.18362E+16,5.25747E+16
116413,15,0,86,40,2018,3,23,3,3,0,6,2,0,0,0,0,0,1,1,7.19239E+20,5.79396E+21,1.22121E+16,5.22523E+16
116414,15,0,86,5,2018,4,6,3,3,4,7,2,0,1,0,0,0,0,0,6.87267E+20,5.78105E+21,1.17371E+16,5.21482E+16
116415,15,0,83,298,2018,3,18,7,3,9,1,2,0,1,0,0,0,0,2,6.66923E+20,5.78987E+21,1.14444E+16,5.22339E+16
116416,15,0,83,323,2018,3,5,3,3,8,7,1,0,0,0,0,1,0,1,6.51526E+20,5.78575E+21,1.12173E+16,5.22013E+16
116417,15,0,81,455,2018,3,14,5,3,8,6,0,0,0,0,0,1,1,0,6.42941E+20,5.85433E+21,1.11212E+16,5.28198E+16
116418,15,0,89,15,2018,3,15,3,3,4,6,0,0,1,0,0,0,0,0,6.68541E+20,5.74934E+21,1.14481E+16,5.18693E+16
116419,15,0,90,535,2018,3,16,3,2,4,6,0,0,0,0,0,1,1,1,6.89242E+20,5.82496E+21,1.17907E+16,5.25418E+16
116420,15,0,84,315,2018,3,21,6,2,3,6,2,0,1,0,0,0,1,2,7.19345E+20,5.68114E+21,1.21425E+16,5.12394E+16
116421,15,0,88,365,2018,3,16,7,3,2,6,0,0,1,0,0,0,0,0,6.93221E+20,5.70251E+21,1.17803E+16,5.14408E+16
116422,15,0,85,370,2018,3,16,3,3,2,6,0,0,1,0,0,0,0,0,6.24723E+20,5.74474E+21,1.08104E+16,5.18396E+16
116423,15,0,84,590,2018,3,9,5,3,4,7,0,0,1,0,0,0,0,0,7.18349E+20,5.66071E+21,1.21158E+16,5.10564E+16
116424,15,0,88,319,2018,3,13,3,2,5,3,0,0,1,0,0,0,0,0,6.97658E+20,5.70718E+21,1.18467E+16,5.14812E+16
116425,15,0,81,455,2018,3,13,2,3,5,3,0,0,1,0,0,0,0,0,6.45769E+20,5.85871E+21,1.11651E+16,5.28583E+16
116426,15,0,85,135,2018,3,5,3,3,4,2,1,0,1,0,0,1,0,0,6.42033E+20,5.75076E+21,1.10639E+16,5.18895E+16
116427,15,0,88,220,2018,3,19,6,2,8,1,2,0,0,0,0,1,0,2,7.03909E+20,5.69161E+21,1.19276E+16,5.13392E+16
116428,15,0,90,546,2018,3,8,4,2,8,1,0,0,1,0,0,0,0,0,6.94888E+20,5.81895E+21,1.18703E+16,5.24859E+16
116429,15,0,83,120,2018,4,15,7,3,2,6,0,0,1,0,0,0,0,0,6.79283E+20,5.81225E+21,1.16372E+16,5.2431E+16
116430,15,0,83,531,2018,3,22,3,2,4,2,2,0,1,0,0,0,0,2,6.63417E+20,5.77227E+21,1.13847E+16,5.20768E+16
116431,15,0,2,0,2018,4,22,1,3,8,1,2,0,0,0,1,0,0,0,7.08662E+20,5.70113E+21,1.20013E+16,5.14229E+16
116432,15,0,85,135,2018,3,16,6,3,1,6,0,0,1,0,0,0,0,1,6.47462E+20,5.75423E+21,1.11443E+16,5.19193E+16
116433,15,0,83,270,2018,3,22,3,3,2,6,2,1,0,0,0,0,1,1,6.62617E+20,5.79734E+21,1.1385E+16,5.23023E+16
116434,15,0,91,375,2018,3,21,4,3,5,3,2,0,1,0,0,1,0,1,7.5187E+20,5.75474E+21,1.26602E+16,5.18864E+16
116435,15,0,88,205,2018,3,3,2,2,2,7,2,0,1,0,0,1,0,1,7.21708E+20,5.69263E+21,1.21834E+16,5.13416E+16
116436,15,0,81,455,2018,3,10,3,1,8,1,0,0,0,0,0,1,0,0,6.37662E+20,5.85581E+21,1.10436E+16,5.28345E+16
116437,15,0,88,365,2018,3,12,6,3,9,1,0,0,1,0,0,0,0,2,6.96142E+20,5.70342E+21,1.18228E+16,5.14479E+16
116438,15,0,91,375,2018,3,20,7,2,6,2,2,0,1,1,0,0,0,0,7.51154E+20,5.75345E+21,1.26489E+16,5.18752E+16
116439,15,0,88,365,2018,3,9,2,3,5,2,0,0,1,0,0,0,1,1,6.93276E+20,5.70582E+21,1.17829E+16,5.14705E+16
116440,15,0,3,0,2018,4,18,4,3,2,6,0,0,1,0,0,0,0,0,6.80189E+20,5.77984E+21,1.16332E+16,5.21396E+16
116441,15,0,88,330,2018,3,9,6,2,5,3,0,0,1,0,0,0,0,1,7.02857E+20,5.69498E+21,1.19145E+16,5.13698E+16
116442,15,0,85,55,2018,3,11,3,3,8,1,0,0,1,0,0,0,0,2,6.32364E+20,5.74364E+21,1.09208E+16,5.18279E+16
116443,15,0,2,0,2018,4,16,5,3,2,6,0,0,1,0,0,0,1,0,7.04936E+20,5.71187E+21,1.19541E+16,5.15207E+16
116444,15,0,84,550,2018,3,11,1,3,9,1,0,0,1,0,0,0,0,2,7.11861E+20,5.67771E+21,1.20334E+16,5.12114E+16
116445,15,0,87,130,2018,3,16,2,2,8,1,0,0,0,0,0,0,1,0,6.7843E+20,5.7073E+21,1.15701E+16,5.14886E+16
116446,15,0,89,75,2018,3,9,7,3,5,3,0,0,1,0,0,0,0,1,6.6804E+20,5.75887E+21,1.14455E+16,5.19551E+16
116447,15,0,1,0,2018,3,9,2,3,1,6,0,0,1,0,0,0,0,1,7.22654E+20,5.73935E+21,1.22265E+16,5.17607E+16
116448,15,0,2,0,2018,3,10,3,3,2,3,0,0,1,0,0,0,0,2,7.03384E+20,5.70728E+21,1.19291E+16,5.148E+16
116449,15,0,3,0,2018,4,11,6,3,1,6,0,0,1,0,0,0,1,0,6.85819E+20,5.77954E+21,1.17152E+16,5.21351E+16
116450,15,0,85,370,2018,3,7,2,2,6,4,0,0,1,1,0,0,0,1,6.23528E+20,5.74498E+21,1.07931E+16,5.1842E+16
116451,15,0,82,180,2018,3,10,2,3,5,3,0,0,1,0,0,1,0,0,6.99592E+20,5.7348E+21,1.18902E+16,5.17286E+16
116452,15,0,88,305,2018,3,9,7,2,4,6,0,0,1,0,0,0,0,1,6.77008E+20,5.69242E+21,1.15422E+16,5.13554E+16
116453,15,0,88,365,2018,3,15,5,2,6,4,0,0,1,1,0,0,0,0,7.01561E+20,5.70299E+21,1.19004E+16,5.14422E+16
116454,15,0,82,180,2018,3,14,2,3,2,6,0,0,1,0,0,0,0,0,7.07781E+20,5.73557E+21,1.20091E+16,5.17325E+16
116455,15,0,2,0,2018,3,14,3,1,0,6,0,1,0,0,0,0,0,0,7.07344E+20,5.70375E+21,1.1984E+16,5.14469E+16
116456,15,0,89,42,2018,3,9,2,3,2,6,0,0,1,0,0,0,0,1,6.83022E+20,5.76335E+21,1.16657E+16,5.19906E+16
116457,15,0,82,241,2018,3,14,2,2,0,7,0,1,0,0,0,0,0,1,7.31025E+20,5.72973E+21,1.23412E+16,5.16709E+16
116458,15,0,87,130,2018,3,13,6,3,8,1,0,0,1,0,0,0,0,2,6.80253E+20,5.71729E+21,1.16015E+16,5.15779E+16
116459,15,0,2,0,2018,3,9,6,3,5,3,0,0,1,0,0,0,0,0,7.02133E+20,5.70745E+21,1.19112E+16,5.1482E+16
116460,15,0,83,390,2018,4,11,1,2,8,1,0,0,1,0,0,0,0,0,6.69389E+20,5.79278E+21,1.1482E+16,5.22593E+16
116461,15,0,86,145,2018,3,6,2,2,2,6,0,0,1,0,0,1,0,1,6.89497E+20,5.79011E+21,1.17748E+16,5.22288E+16
116462,15,0,81,455,2018,4,18,4,3,8,1,0,0,0,0,0,1,0,1,6.49251E+20,5.85676E+21,1.12159E+16,5.28399E+16
116463,15,0,91,375,2018,3,10,2,3,5,3,0,0,0,0,1,0,1,0,7.49105E+20,5.75228E+21,1.26183E+16,5.18656E+16
116464,15,0,1,0,2018,4,12,5,3,9,1,0,0,1,0,0,0,0,0,7.26813E+20,5.75324E+21,1.22958E+16,5.18837E+16
116465,15,0,83,531,2018,3,0,1,3,9,1,2,0,1,0,0,0,0,2,6.66674E+20,5.76845E+21,1.14303E+16,5.20416E+16
116466,15,0,86,15,2018,3,5,2,3,9,1,2,0,1,0,0,0,0,1,6.9641E+20,5.79059E+21,1.18761E+16,5.22306E+16
116467,15,0,86,145,2018,3,6,6,3,8,1,0,0,1,0,0,0,0,0,6.89788E+20,5.79011E+21,1.1779E+16,5.22287E+16
116468,15,0,88,305,2018,3,12,4,2,9,1,0,0,1,0,0,0,0,0,6.79946E+20,5.69783E+21,1.15871E+16,5.14031E+16
116469,15,0,81,455,2018,3,11,3,3,5,3,0,0,1,0,0,0,1,0,6.4714E+20,5.85839E+21,1.11853E+16,5.28551E+16
116470,15,0,82,15,2018,3,14,5,2,5,3,0,1,1,0,0,0,0,0,7.29685E+20,5.72381E+21,1.2318E+16,5.16184E+16
116471,15,0,89,26,2018,3,16,3,2,1,6,0,0,1,0,0,0,0,0,6.964E+20,5.75139E+21,1.18534E+16,5.18787E+16
116472,15,0,3,0,2018,3,16,2,3,2,6,0,0,1,0,0,0,0,0,6.80454E+20,5.7798E+21,1.1637E+16,5.21392E+16
116473,15,0,81,240,2018,3,18,2,3,6,6,2,0,1,1,0,0,0,1,6.68494E+20,5.84796E+21,1.14968E+16,5.27552E+16
116474,15,0,87,130,2018,3,16,6,3,2,6,0,0,1,0,0,0,0,2,6.80155E+20,5.7095E+21,1.15961E+16,5.15078E+16
116475,15,0,88,30,2018,3,11,5,3,1,5,0,0,1,0,0,0,1,1,6.83905E+20,5.69082E+21,1.16403E+16,5.13389E+16
116476,15,0,84,550,2018,4,11,7,3,8,1,0,0,0,0,0,0,1,0,7.04895E+20,5.68145E+21,1.19359E+16,5.12475E+16
116477,15,0,88,319,2018,3,22,1,2,9,1,2,0,1,0,0,0,0,0,6.97479E+20,5.70723E+21,1.18441E+16,5.14817E+16
116478,15,0,91,20,2018,4,20,3,2,3,6,1,1,0,0,0,1,0,0,7.56747E+20,5.73597E+21,1.2717E+16,5.17158E+16
116479,15,0,83,125,2018,4,14,5,3,9,6,0,0,1,0,0,0,0,0,6.56218E+20,5.80656E+21,1.12956E+16,5.2387E+16
116480,15,0,91,60,2018,3,6,7,3,9,1,1,0,1,0,0,0,1,2,7.3801E+20,5.76239E+21,1.24645E+16,5.19612E+16
116481,15,0,87,130,2018,3,2,1,3,0,1,2,0,1,0,0,0,0,2,6.80155E+20,5.70951E+21,1.15961E+16,5.1508E+16
116482,15,0,88,150,2018,3,15,5,3,8,1,0,0,1,0,0,0,0,0,7.17652E+20,5.70403E+21,1.21322E+16,5.14456E+16
116483,15,0,81,135,2018,3,16,4,3,5,3,0,1,1,0,0,0,0,0,6.69546E+20,5.82223E+21,1.14992E+16,5.25238E+16
116484,15,0,90,220,2018,3,16,2,2,2,6,0,0,1,0,0,0,0,0,6.95693E+20,5.83583E+21,1.18921E+16,5.26372E+16
116485,15,0,3,0,2018,3,14,7,3,2,6,0,0,1,0,0,0,0,0,6.84865E+20,5.77932E+21,1.17011E+16,5.21334E+16
116486,15,0,84,490,2018,3,18,6,3,4,1,1,0,1,0,0,0,0,2,7.01767E+20,5.66949E+21,1.18844E+16,5.11412E+16
116487,15,0,91,110,2018,3,14,4,3,8,1,0,0,1,0,0,0,0,0,7.343E+20,5.7413E+21,1.23963E+16,5.17735E+16
116488,15,0,85,228,2018,4,13,7,1,9,6,0,0,0,0,1,0,0,0,6.29997E+20,5.72631E+21,1.088E+16,5.16727E+16
116489,15,0,2,0,2018,3,15,1,3,0,7,0,0,1,0,0,0,1,0,7.02844E+20,5.70713E+21,1.19212E+16,5.14789E+16
116490,15,0,87,130,2018,4,18,2,2,5,3,0,0,1,0,0,0,0,0,6.78787E+20,5.7141E+21,1.15787E+16,5.15496E+16