OBJECTID_1,ULAND,UREGBEZ,UKREIS,UGEMEINDE,UJAHR,UMONAT,USTUNDE,UWOCHENTAG,UKATEGORIE,UART,UTYP1,ULICHTVERH,IstRad,IstPKW,IstFuss,IstKrad,IstGkfz,IstSonstig,STRZUSTAND,LINREFX,LINREFY,XGCSWGS84,YGCSWGS84
116675,15,0,83,411,2018,4,14,1,3,2,7,0,0,1,0,1,0,0,0,6.37996E+20,5.81166E+21,1.10301E+16,5.24377E+16
116676,15,0,85,330,2018,4,6,6,3,6,4,0,0,1,1,0,0,0,0,6.41245E+20,5.74128E+21,1.10486E+16,5.18045E+16
116677,15,0,88,319,2018,5,22,4,3,3,2,2,0,1,0,0,1,0,0,6.96088E+20,5.70663E+21,1.18238E+16,5.14768E+16
116678,15,0,82,5,2018,5,17,3,2,8,1,0,0,1,0,0,0,0,0,7.08277E+20,5.74751E+21,1.20234E+16,5.18395E+16
116679,15,0,88,235,2018,5,21,1,2,2,6,1,1,1,0,0,0,0,0,6.94722E+20,5.69075E+21,1.17954E+16,5.13347E+16
116680,15,0,89,310,2018,5,12,6,2,3,6,0,0,1,0,0,0,0,0,6.81773E+20,5.74687E+21,1.16388E+16,5.1843E+16
116681,15,0,87,470,2018,4,18,5,2,4,6,0,0,1,0,0,0,0,0,6.72711E+20,5.70981E+21,1.14891E+16,5.1513E+16
116682,15,0,85,330,2018,4,8,6,3,8,1,0,0,0,0,1,0,0,0,6.40921E+20,5.73414E+21,1.1041E+16,5.17405E+16
116683,15,0,82,15,2018,5,7,2,2,6,2,0,0,1,1,0,0,0,0,7.29912E+20,5.7247E+21,1.23218E+16,5.16262E+16
116684,15,0,88,220,2018,5,17,7,3,1,2,0,0,1,0,0,0,0,0,7.10169E+20,5.69415E+21,1.20189E+16,5.13596E+16
116685,15,0,1,0,2018,6,12,3,3,2,6,0,0,1,0,0,0,1,0,7.22288E+20,5.74465E+21,1.22246E+16,5.18084E+16
116686,15,0,85,230,2018,5,16,6,3,5,3,0,0,1,0,1,0,0,0,6.22378E+20,5.76458E+21,1.07834E+16,5.20183E+16
116687,15,0,85,110,2018,4,20,6,1,4,6,0,0,1,0,0,0,0,0,6.59454E+20,5.73372E+21,1.13091E+16,5.17317E+16
116688,15,0,3,0,2018,5,12,6,3,5,3,0,1,0,0,0,0,1,0,6.75755E+20,5.78197E+21,1.15695E+16,5.21602E+16
116689,15,0,84,550,2018,5,10,4,3,3,2,0,1,1,0,0,0,0,0,7.07276E+20,5.67583E+21,1.19667E+16,5.11962E+16
116690,15,0,83,490,2018,6,15,7,2,8,7,0,0,1,0,0,0,0,0,6.77429E+20,5.77085E+21,1.15882E+16,5.20598E+16
116691,15,0,87,370,2018,4,14,1,2,9,1,0,0,1,0,1,0,0,0,6.58883E+20,5.71638E+21,1.12929E+16,5.15761E+16
116692,15,0,83,270,2018,5,17,3,3,5,3,0,0,1,0,0,0,0,0,6.64316E+20,5.79563E+21,1.14091E+16,5.22864E+16
116693,15,0,83,245,2018,4,17,6,3,5,3,0,0,1,0,0,0,0,0,6.50527E+20,5.75687E+21,1.119E+16,5.19422E+16
116694,15,0,90,415,2018,5,13,6,2,8,1,0,0,1,0,0,0,0,0,6.83643E+20,5.85141E+21,1.1723E+16,5.27813E+16
116695,15,0,83,270,2018,4,13,6,3,2,6,0,0,1,0,1,0,0,0,6.65197E+20,5.79438E+21,1.14214E+16,5.22749E+16
116696,15,0,91,110,2018,5,11,6,3,2,6,0,0,1,0,0,0,0,0,7.48335E+20,5.72568E+21,1.25882E+16,5.16273E+16
116697,15,0,3,0,2018,5,14,5,3,2,6,0,0,1,0,0,0,0,0,6.85517E+20,5.77948E+21,1.17107E+16,5.21346E+16
116698,15,0,86,140,2018,6,14,1,2,9,1,0,0,0,0,1,0,0,0,7.08717E+20,5.77403E+21,1.20459E+16,5.20775E+16
116699,15,0,81,30,2018,4,7,2,3,3,6,0,0,1,0,0,0,0,0,6.74755E+20,5.86258E+21,1.15973E+16,5.28845E+16
116700,15,0,86,40,2018,4,15,1,2,8,1,0,0,0,0,1,0,0,0,7.17253E+20,5.81006E+21,1.21934E+16,5.23976E+16
116701,15,0,81,240,2018,5,10,4,2,2,6,0,0,1,0,0,0,0,0,6.62702E+20,5.83791E+21,1.14061E+16,5.26667E+16
116702,15,0,82,430,2018,4,2,1,1,8,1,2,0,1,0,0,0,0,0,7.13799E+20,5.76637E+21,1.21152E+16,5.20067E+16
116703,15,0,89,195,2018,5,5,5,2,9,7,1,0,1,0,0,0,0,0,6.862E+20,5.73231E+21,1.16952E+16,5.17108E+16
116704,15,0,83,30,2018,4,17,6,3,5,3,0,0,1,0,1,0,0,0,6.8631E+20,5.80412E+21,1.17359E+16,5.23556E+16
116705,15,0,84,550,2018,5,15,3,3,8,1,0,0,0,0,1,0,0,0,7.04507E+20,5.67321E+21,1.19257E+16,5.11737E+16
116706,15,0,87,412,2018,5,16,2,2,8,1,0,0,1,0,0,0,0,0,6.47825E+20,5.70377E+21,1.11282E+16,5.14657E+16
116707,15,0,81,135,2018,4,11,6,3,3,6,0,0,1,0,0,1,0,0,6.68693E+20,5.81037E+21,1.14806E+16,5.24175E+16
116708,15,0,87,130,2018,4,6,7,3,9,7,1,0,0,0,0,0,1,0,6.79985E+20,5.7101E+21,1.15939E+16,5.15133E+16
116709,15,0,3,0,2018,4,6,5,3,4,6,0,0,1,0,0,0,0,0,6.85533E+20,5.77948E+21,1.1711E+16,5.21347E+16
116710,15,0,3,0,2018,5,13,3,3,3,6,0,0,1,0,0,1,0,0,6.80277E+20,5.77983E+21,1.16344E+16,5.21395E+16
116711,15,0,85,227,2018,5,16,3,3,4,2,0,0,1,0,0,0,0,0,6.21698E+20,5.75123E+21,1.07688E+16,5.18986E+16
116712,15,0,82,15,2018,5,12,1,2,5,3,0,1,1,0,0,0,0,0,7.31544E+20,5.72498E+21,1.23456E+16,5.16281E+16
116713,15,0,82,377,2018,4,17,5,1,8,1,0,0,0,0,1,0,0,1,7.11907E+20,5.73098E+21,1.20659E+16,5.16897E+16
116714,15,0,88,20,2018,4,15,5,2,8,1,0,0,0,0,0,1,1,0,7.17837E+20,5.68577E+21,1.21237E+16,5.12816E+16
116715,15,0,91,160,2018,5,11,1,3,4,2,0,0,1,0,1,0,0,0,7.51615E+20,5.74587E+21,1.26501E+16,5.18069E+16
116716,15,0,89,305,2018,5,12,7,2,6,4,0,0,1,1,0,0,0,0,6.85085E+20,5.76889E+21,1.16987E+16,5.20397E+16
116717,15,0,85,135,2018,6,8,3,3,4,2,0,0,1,0,0,0,0,0,6.35562E+20,5.74692E+21,1.09685E+16,5.18566E+16
116718,15,0,89,26,2018,5,9,5,3,5,3,0,0,1,0,0,1,0,0,6.96797E+20,5.75143E+21,1.18592E+16,5.18789E+16
116719,15,0,88,195,2018,4,7,5,3,2,6,0,0,1,0,0,1,0,0,7.1253E+20,5.71122E+21,1.2063E+16,5.15121E+16
116720,15,0,84,315,2018,5,17,5,3,5,3,0,1,0,0,1,0,0,0,7.19171E+20,5.68286E+21,1.2141E+16,5.12549E+16
116721,15,0,86,140,2018,5,8,4,2,2,6,0,0,1,0,0,1,0,0,7.02272E+20,5.79137E+21,1.19623E+16,5.22355E+16
116722,15,0,88,220,2018,6,18,6,3,4,6,0,0,1,0,0,0,1,1,7.09837E+20,5.69402E+21,1.2014E+16,5.13586E+16
116723,15,0,91,110,2018,4,18,2,3,5,3,0,1,1,0,0,0,0,0,7.35255E+20,5.73487E+21,1.24058E+16,5.17154E+16
116724,15,0,84,550,2018,4,8,5,3,2,3,0,1,1,0,0,0,0,0,7.07231E+20,5.67655E+21,1.19665E+16,5.12027E+16
116725,15,0,84,550,2018,5,13,4,3,2,6,0,0,1,0,0,0,0,0,7.07602E+20,5.68117E+21,1.19745E+16,5.12441E+16
116726,15,0,85,370,2018,5,14,3,3,5,2,0,1,1,0,0,0,0,0,6.21831E+20,5.74453E+21,1.07684E+16,5.18383E+16
116727,15,0,1,0,2018,5,9,1,2,5,3,0,0,0,0,1,0,1,0,7.23804E+20,5.74731E+21,1.22483E+16,5.18317E+16
116728,15,0,82,340,2018,4,11,5,3,0,6,0,0,1,0,0,0,0,0,7.20512E+20,5.72082E+21,1.21838E+16,5.15952E+16
116729,15,0,85,370,2018,4,16,7,3,1,6,0,0,1,0,1,0,0,0,6.21217E+20,5.74461E+21,1.07595E+16,5.18391E+16
116730,15,0,89,195,2018,4,11,5,3,7,1,0,0,0,0,0,1,1,0,6.93056E+20,5.72851E+21,1.17922E+16,5.16743E+16
116731,15,0,89,310,2018,5,18,3,3,2,6,0,0,1,0,0,0,0,1,6.77606E+20,5.74758E+21,1.15787E+16,5.18508E+16
116732,15,0,82,301,2018,5,11,2,2,5,3,0,0,1,0,0,0,0,0,7.24811E+20,5.73323E+21,1.22538E+16,5.17049E+16
116733,15,0,90,535,2018,5,12,7,3,1,6,0,0,1,0,0,0,0,0,6.94212E+20,5.8338E+21,1.18691E+16,5.26194E+16
116734,15,0,85,227,2018,5,7,5,3,5,3,0,0,1,0,1,0,0,0,6.21699E+20,5.75124E+21,1.07688E+16,5.18986E+16
116735,15,0,90,535,2018,4,12,5,3,9,1,0,0,1,0,0,0,0,0,6.87885E+20,5.82341E+21,1.17698E+16,5.25284E+16
116736,15,0,86,140,2018,5,19,3,3,8,7,0,0,1,0,0,0,0,0,7.01742E+20,5.79132E+21,1.19545E+16,5.22353E+16
116737,15,0,3,0,2018,5,19,2,3,3,2,0,1,1,0,0,0,0,0,6.7884E+20,5.7798E+21,1.16134E+16,5.21397E+16
116738,15,0,90,535,2018,4,10,5,3,5,3,0,0,1,0,0,0,1,0,6.96716E+20,5.82972E+21,1.19036E+16,5.25819E+16
116739,15,0,82,180,2018,4,8,7,3,9,2,0,0,1,0,0,0,0,0,7.08527E+20,5.73784E+21,1.20212E+16,5.17525E+16
116740,15,0,90,535,2018,4,17,5,3,5,3,0,0,1,0,1,0,0,0,6.88882E+20,5.8244E+21,1.17851E+16,5.25368E+16
116741,15,0,2,0,2018,5,12,3,3,0,3,0,0,1,0,0,0,1,0,7.00013E+20,5.71026E+21,1.18823E+16,5.1508E+16
116742,15,0,2,0,2018,5,17,2,3,2,2,0,0,1,0,0,0,0,0,7.07315E+20,5.70419E+21,1.19838E+16,5.14509E+16
116743,15,0,84,341,2018,5,11,7,3,4,6,0,0,0,0,1,1,0,0,6.9286E+20,5.66073E+21,1.17526E+16,5.10657E+16
116744,15,0,88,216,2018,4,8,4,3,3,6,0,0,1,0,0,1,0,0,6.96165E+20,5.72542E+21,1.18354E+16,5.16455E+16
116745,15,0,90,550,2018,4,15,5,3,1,6,0,0,1,0,0,0,0,0,7.02282E+20,5.8281E+21,1.19846E+16,5.25653E+16
116746,15,0,85,55,2018,5,16,1,2,4,6,0,0,1,0,0,0,0,0,6.32507E+20,5.74843E+21,1.09247E+16,5.18709E+16
116747,15,0,88,65,2018,5,6,6,2,4,6,0,0,1,0,0,0,0,0,7.05153E+20,5.68824E+21,1.19435E+16,5.13084E+16
116748,15,0,84,315,2018,6,12,2,3,2,6,0,0,1,0,0,0,0,0,7.12715E+20,5.67919E+21,1.20465E+16,5.12244E+16
116749,15,0,87,31,2018,5,17,5,3,1,2,0,0,1,0,0,0,0,0,6.78047E+20,5.73E+21,1.15761E+16,5.16927E+16
116750,15,0,89,305,2018,4,10,5,3,2,6,0,0,1,0,0,0,0,0,6.91478E+20,5.77139E+21,1.17932E+16,5.206E+16
116751,15,0,81,280,2018,5,17,5,3,0,1,0,1,0,0,0,0,0,1,6.46037E+20,5.83409E+21,1.11582E+16,5.26371E+16
116752,15,0,83,40,2018,5,16,4,3,5,3,0,0,1,0,0,0,0,0,6.78131E+20,5.78605E+21,1.16064E+16,5.21961E+16
116753,15,0,91,145,2018,6,8,6,3,5,3,0,1,1,0,0,0,0,0,7.72791E+20,5.74517E+21,1.29559E+16,5.17908E+16
116754,15,0,85,370,2018,4,11,2,2,4,7,0,0,1,0,0,0,0,0,6.22857E+20,5.74449E+21,1.07832E+16,5.18377E+16
116755,15,0,89,235,2018,4,14,5,2,4,2,0,0,1,0,0,0,0,0,6.94036E+20,5.74543E+21,1.18158E+16,5.1826E+16
116756,15,0,90,285,2018,5,12,4,3,2,6,0,0,1,0,0,0,0,0,7.06813E+20,5.85006E+21,1.20652E+16,5.27608E+16
116757,15,0,83,565,2018,5,11,3,3,5,3,0,1,1,0,0,0,0,0,6.77903E+20,5.79233E+21,1.16063E+16,5.22525E+16
116758,15,0,83,245,2018,5,17,1,3,9,1,0,0,0,0,1,0,0,0,6.53404E+20,5.76074E+21,1.12335E+16,5.19761E+16
116759,15,0,3,0,2018,4,15,5,3,2,6,0,0,1,0,0,0,0,0,6.81009E+20,5.78251E+21,1.16465E+16,5.21633E+16
116760,15,0,85,190,2018,4,16,7,3,2,6,0,0,0,0,1,0,0,0,6.15077E+20,5.74907E+21,1.06719E+16,5.18805E+16
116761,15,0,3,0,2018,4,16,5,3,5,3,0,1,1,0,0,0,0,0,6.7821E+20,5.77864E+21,1.16036E+16,5.21295E+16
116762,15,0,83,411,2018,5,6,3,3,5,3,0,1,1,0,0,0,0,0,6.35073E+20,5.81127E+21,1.0987E+16,5.24349E+16
116763,15,0,3,0,2018,5,5,2,3,5,2,0,1,1,0,0,0,0,0,6.78105E+20,5.77971E+21,1.16027E+16,5.21391E+16
116764,15,0,82,256,2018,6,15,4,2,5,3,0,0,1,0,0,0,0,0,7.08712E+20,5.7399E+21,1.20251E+16,5.17711E+16
116765,15,0,88,20,2018,5,14,6,1,8,1,0,0,1,0,0,0,0,0,7.1733E+20,5.68519E+21,1.21161E+16,5.12765E+16
116766,15,0,86,15,2018,4,11,4,3,1,6,0,0,1,0,0,0,0,0,6.96987E+20,5.79444E+21,1.18868E+16,5.2265E+16
116767,15,0,86,140,2018,4,13,5,2,8,7,0,0,0,0,1,0,0,0,7.11521E+20,5.77898E+21,1.20898E+16,5.21208E+16
116768,15,0,89,30,2018,5,5,7,2,8,1,0,0,1,0,0,0,0,0,6.89546E+20,5.74129E+21,1.17484E+16,5.17903E+16
116769,15,0,3,0,2018,5,14,5,3,2,6,0,0,1,0,0,0,0,0,6.79506E+20,5.77995E+21,1.16232E+16,5.21408E+16
116770,15,0,84,315,2018,6,13,1,3,2,6,0,0,1,0,0,0,0,0,7.13305E+20,5.68024E+21,1.20555E+16,5.12336E+16
116771,15,0,91,110,2018,4,10,2,2,5,2,0,1,1,0,0,0,0,0,7.35771E+20,5.73539E+21,1.24136E+16,5.17198E+16
116772,15,0,81,135,2018,5,12,5,3,3,6,0,0,1,0,0,0,0,0,6.48323E+20,5.81594E+21,1.11838E+16,5.24735E+16
116773,15,0,84,550,2018,4,16,4,3,1,6,0,0,1,0,0,0,1,1,7.0723E+20,5.67611E+21,1.19662E+16,5.11988E+16
116774,15,0,85,227,2018,4,5,5,3,5,2,1,0,1,0,1,0,0,0,6.2197E+20,5.74894E+21,1.07719E+16,5.18779E+16
116775,15,0,88,305,2018,5,14,7,2,8,1,0,0,1,0,0,0,0,0,6.77807E+20,5.69495E+21,1.1555E+16,5.13779E+16
116776,15,0,85,140,2018,5,8,6,3,1,6,0,0,1,0,0,0,0,0,6.44288E+20,5.74841E+21,1.10957E+16,5.18678E+16
116777,15,0,1,0,2018,6,16,2,3,8,1,0,0,1,0,0,1,0,0,7.27237E+20,5.74526E+21,1.22967E+16,5.18119E+16
116778,15,0,89,30,2018,4,15,3,3,8,6,0,0,1,0,0,0,0,1,6.84329E+20,5.73998E+21,1.16722E+16,5.17803E+16
116779,15,0,89,26,2018,5,16,5,3,5,2,0,0,1,0,0,0,0,0,6.88934E+20,5.76005E+21,1.17499E+16,5.1959E+16
116780,15,0,83,415,2018,4,7,5,3,5,3,0,0,1,0,0,0,0,0,6.52747E+20,5.7671E+21,1.12268E+16,5.20335E+16
116781,15,0,91,20,2018,5,7,4,1,6,6,0,0,0,1,0,0,1,0,7.52833E+20,5.72736E+21,1.26543E+16,5.16403E+16
116782,15,0,91,375,2018,5,6,3,3,5,2,0,1,1,0,0,0,0,0,7.50336E+20,5.75263E+21,1.26364E+16,5.18682E+16
116783,15,0,83,557,2018,6,7,6,3,2,6,0,0,1,0,0,0,0,0,6.67064E+20,5.80441E+21,1.14537E+16,5.23644E+16
116784,15,0,91,20,2018,4,15,1,2,3,6,0,1,1,0,0,0,0,0,7.62492E+20,5.73307E+21,1.27978E+16,5.16871E+16
116785,15,0,88,305,2018,4,14,4,2,2,6,0,0,1,0,1,0,0,0,6.78492E+20,5.69261E+21,1.15636E+16,5.13567E+16
116786,15,0,81,105,2018,5,16,6,3,0,7,0,0,0,0,1,0,1,0,6.26027E+20,5.84604E+21,1.08672E+16,5.27495E+16
116787,15,0,89,245,2018,4,13,1,2,5,3,0,0,1,0,0,0,0,0,6.8402E+20,5.73776E+21,1.16666E+16,5.17605E+16
116788,15,0,83,415,2018,5,15,4,3,5,2,0,0,1,0,0,0,0,0,6.53417E+20,5.76693E+21,1.12365E+16,5.20317E+16
116789,15,0,91,60,2018,5,15,2,3,2,2,0,0,1,0,0,1,0,0,7.37033E+20,5.75365E+21,1.24443E+16,5.18831E+16
116790,15,0,85,330,2018,5,12,7,2,0,7,0,0,0,0,1,0,0,0,6.41071E+20,5.72864E+21,1.1041E+16,5.16909E+16
116791,15,0,2,0,2018,4,15,6,3,2,6,0,0,1,0,0,0,0,0,7.07463E+20,5.71021E+21,1.19895E+16,5.15048E+16
116792,15,0,87,370,2018,4,17,4,3,2,6,0,0,1,0,0,0,0,0,6.59903E+20,5.69977E+21,1.13001E+16,5.14265E+16
116793,15,0,2,0,2018,5,15,2,3,5,2,0,1,1,0,0,0,0,0,7.0498E+20,5.7118E+21,1.19546E+16,5.15201E+16
116794,15,0,88,319,2018,5,12,1,2,0,1,0,0,1,0,0,0,0,0,6.95563E+20,5.71037E+21,1.18183E+16,5.15105E+16
116795,15,0,86,140,2018,6,21,4,2,0,1,0,0,0,0,1,0,0,1,7.13671E+20,5.78457E+21,1.21247E+16,5.21701E+16
116796,15,0,82,430,2018,5,15,6,2,1,3,0,1,1,0,0,0,0,0,7.12443E+20,5.7608E+21,1.2092E+16,5.19573E+16
116797,15,0,88,330,2018,4,15,3,3,5,3,0,0,1,0,0,0,0,0,7.03727E+20,5.69523E+21,1.19271E+16,5.13717E+16
116798,15,0,84,590,2018,4,12,4,2,0,7,0,1,0,0,0,0,0,0,7.18892E+20,5.66033E+21,1.21233E+16,5.10528E+16
116799,15,0,84,355,2018,5,17,6,2,8,1,0,0,0,0,1,0,0,0,6.88764E+20,5.66802E+21,1.1698E+16,5.11325E+16
116800,15,0,89,195,2018,5,8,5,3,4,6,0,0,1,0,0,1,0,0,6.86227E+20,5.73135E+21,1.16951E+16,5.17021E+16
116801,15,0,82,180,2018,6,16,1,2,5,2,0,0,1,0,0,0,0,0,7.07307E+20,5.73613E+21,1.20025E+16,5.17377E+16
116802,15,0,85,330,2018,4,16,2,3,6,4,0,0,1,1,0,0,0,0,6.41486E+20,5.7414E+21,1.10522E+16,5.18055E+16
116803,15,0,85,330,2018,4,15,1,3,2,6,0,0,1,0,0,0,0,0,6.40351E+20,5.73615E+21,1.10336E+16,5.17586E+16
116804,15,0,89,15,2018,5,5,4,2,8,6,1,0,1,0,0,1,0,0,6.69608E+20,5.74117E+21,1.14596E+16,5.17957E+16
116805,15,0,3,0,2018,4,14,1,3,5,3,0,0,1,0,0,0,0,0,6.8371E+20,5.77903E+21,1.16841E+16,5.21312E+16
116806,15,0,91,375,2018,4,6,4,3,1,2,0,0,1,0,1,0,0,0,7.48595E+20,5.75615E+21,1.26137E+16,5.19005E+16
116807,15,0,89,307,2018,5,13,4,3,8,6,0,0,1,0,1,0,0,0,6.61147E+20,5.73842E+21,1.13357E+16,5.17734E+16
116808,15,0,83,531,2018,5,17,3,3,3,6,0,1,1,0,0,0,0,0,6.66983E+20,5.77001E+21,1.14356E+16,5.20555E+16
116809,15,0,82,377,2018,4,12,4,2,4,3,0,1,1,0,0,0,0,0,6.986E+20,5.72943E+21,1.18728E+16,5.16807E+16
116810,15,0,81,30,2018,4,8,1,3,8,1,0,0,1,0,0,0,0,0,6.61294E+20,5.85839E+21,1.13954E+16,5.2851E+16
116811,15,0,83,298,2018,4,9,4,3,0,3,0,0,1,0,0,0,0,0,6.70351E+20,5.7831E+21,1.14912E+16,5.2172E+16
116812,15,0,82,241,2018,5,22,4,2,8,1,2,0,1,0,0,0,0,1,7.44608E+20,5.72857E+21,1.25365E+16,5.16548E+16
116813,15,0,90,546,2018,5,11,3,3,8,1,0,0,1,0,0,0,0,0,6.91792E+20,5.81297E+21,1.18213E+16,5.24332E+16
116814,15,0,84,12,2018,5,11,1,2,9,1,0,0,0,0,1,0,0,0,6.81696E+20,5.6707E+21,1.15985E+16,5.11589E+16
116815,15,0,89,195,2018,4,17,4,3,1,6,0,0,1,0,0,0,0,0,6.87499E+20,5.73319E+21,1.17144E+16,5.17183E+16
116816,15,0,89,195,2018,4,17,1,2,8,1,0,0,1,0,0,0,0,0,6.89822E+20,5.73006E+21,1.17463E+16,5.16894E+16
116817,15,0,83,298,2018,5,15,4,2,8,1,0,0,1,0,0,0,0,0,6.61638E+20,5.78447E+21,1.13645E+16,5.2187E+16
116818,15,0,3,0,2018,5,12,3,3,1,2,0,0,1,0,0,1,0,0,6.79181E+20,5.7715E+21,1.16141E+16,5.2065E+16
116819,15,0,84,550,2018,5,19,5,3,4,1,0,0,1,0,0,0,0,0,7.1089E+20,5.68152E+21,1.20217E+16,5.1246E+16
116820,15,0,85,228,2018,4,16,1,3,2,6,0,0,0,0,1,0,1,0,6.32935E+20,5.72458E+21,1.09218E+16,5.16564E+16
116821,15,0,3,0,2018,4,6,4,3,0,1,0,1,0,0,0,0,0,0,6.80786E+20,5.78514E+21,1.16447E+16,5.21871E+16
116822,15,0,89,30,2018,5,9,5,3,1,6,0,0,1,0,0,0,1,0,6.89854E+20,5.74131E+21,1.17529E+16,5.17904E+16
116823,15,0,2,0,2018,5,6,3,3,5,3,0,1,1,0,0,0,0,0,7.06954E+20,5.70903E+21,1.19814E+16,5.14945E+16
116824,15,0,85,235,2018,5,10,2,3,5,3,0,0,1,0,0,0,1,0,6.51251E+20,5.74161E+21,1.11938E+16,5.18049E+16
116825,15,0,82,440,2018,5,21,6,2,5,3,2,0,1,0,0,0,0,0,7.16757E+20,5.72521E+21,1.21324E+16,5.1636E+16
116826,15,0,85,235,2018,4,9,6,3,1,6,0,0,1,0,0,0,0,0,6.47805E+20,5.73857E+21,1.11426E+16,5.17785E+16
116827,15,0,85,145,2018,4,12,4,2,3,2,0,0,1,0,1,0,0,0,6.44811E+20,5.7239E+21,1.10931E+16,5.16474E+16
116828,15,0,91,60,2018,5,9,2,3,8,1,0,0,1,0,0,0,0,0,7.3113E+20,5.75102E+21,1.23569E+16,5.1862E+16
116829,15,0,90,415,2018,5,12,1,3,1,1,0,0,1,0,0,0,0,0,6.84809E+20,5.85321E+21,1.17413E+16,5.2797E+16
116830,15,0,87,130,2018,6,21,3,3,8,1,2,0,1,0,0,0,0,0,6.72792E+20,5.70217E+21,1.14865E+16,5.14443E+16
116831,15,0,86,40,2018,5,18,6,3,5,3,0,0,1,0,0,0,0,0,7.14176E+20,5.81189E+21,1.21494E+16,5.24152E+16
116832,15,0,88,220,2018,4,10,3,3,1,6,0,0,1,0,0,0,1,0,7.07936E+20,5.69255E+21,1.19859E+16,5.13461E+16
116833,15,0,89,195,2018,5,23,6,3,7,7,2,0,1,0,0,0,0,0,6.9133E+20,5.72952E+21,1.17678E+16,5.1684E+16
116834,15,0,85,370,2018,5,17,5,3,9,7,0,0,1,0,0,0,0,0,6.23164E+20,5.74377E+21,1.07874E+16,5.18311E+16
116835,15,0,83,270,2018,6,21,1,3,9,6,0,0,1,0,0,0,0,0,6.69167E+20,5.7931E+21,1.14789E+16,5.22623E+16
116836,15,0,84,490,2018,4,17,1,3,2,7,0,0,1,0,0,0,0,0,7.06881E+20,5.6666E+21,1.19558E+16,5.11135E+16
116837,15,0,85,230,2018,4,12,1,3,8,1,0,0,1,0,0,0,0,0,6.17811E+20,5.75741E+21,1.07144E+16,5.19549E+16
116838,15,0,84,130,2018,5,1,3,2,8,1,2,0,1,0,0,0,0,0,7.24865E+20,5.66892E+21,1.22138E+16,5.11276E+16
116839,15,0,2,0,2018,4,12,3,3,5,3,0,1,1,0,0,0,0,0,7.085E+20,5.70578E+21,1.20018E+16,5.14648E+16
116840,15,0,3,0,2018,5,7,5,3,2,6,0,0,1,0,0,0,0,0,6.79454E+20,5.77878E+21,1.16219E+16,5.21304E+16
116841,15,0,84,560,2018,4,15,3,3,2,6,0,0,1,0,0,0,0,0,7.01406E+20,5.66829E+21,1.18786E+16,5.11306E+16
116842,15,0,1,0,2018,5,13,3,2,1,6,0,0,1,0,0,0,0,0,7.23086E+20,5.74964E+21,1.22394E+16,5.18529E+16
116843,15,0,84,355,2018,5,9,2,3,5,3,0,0,1,0,0,0,0,0,6.94389E+20,5.67573E+21,1.17825E+16,5.11998E+16
116844,15,0,91,145,2018,4,17,3,3,5,2,0,0,1,0,0,0,0,0,7.68272E+20,5.75359E+21,1.28971E+16,5.18685E+16
116845,15,0,87,130,2018,4,5,7,3,4,6,1,0,1,0,0,0,0,0,6.8012E+20,5.70895E+21,1.15953E+16,5.1503E+16
116846,15,0,82,430,2018,4,11,3,3,9,1,0,0,1,0,0,0,0,0,7.14112E+20,5.7649E+21,1.21188E+16,5.19934E+16
116847,15,0,88,330,2018,5,16,3,2,0,1,0,0,0,0,1,0,0,1,7.06827E+20,5.69867E+21,1.19736E+16,5.14015E+16
116848,15,0,85,145,2018,5,12,3,3,4,6,0,0,1,0,0,1,0,0,6.46926E+20,5.72537E+21,1.11243E+16,5.16601E+16
116849,15,0,3,0,2018,5,10,1,3,0,6,0,0,1,0,1,0,0,0,6.79757E+20,5.77997E+21,1.16269E+16,5.21409E+16
116850,15,0,3,0,2018,4,12,5,3,1,6,0,0,1,0,0,0,0,1,6.7873E+20,5.77675E+21,1.16102E+16,5.21124E+16
116851,15,0,82,340,2018,4,12,3,3,5,3,0,0,1,0,0,0,0,0,7.23364E+20,5.71783E+21,1.2223E+16,5.15673E+16
116852,15,0,86,145,2018,5,18,1,3,2,6,0,0,1,0,0,0,0,0,6.91519E+20,5.79E+21,1.18043E+16,5.2227E+16
116853,15,0,2,0,2018,5,14,6,2,3,6,0,0,1,0,0,1,1,0,7.13626E+20,5.70761E+21,1.20766E+16,5.14792E+16
116854,15,0,83,390,2018,6,17,3,3,1,5,0,0,1,0,0,1,0,0,6.72086E+20,5.79015E+21,1.15201E+16,5.22348E+16
116855,15,0,88,340,2018,5,8,5,3,5,3,0,0,1,0,0,0,0,0,6.84599E+20,5.70168E+21,1.16559E+16,5.14362E+16
116856,15,0,89,195,2018,4,16,3,2,1,6,0,0,1,0,0,1,1,0,6.92014E+20,5.72922E+21,1.17775E+16,5.16811E+16
116857,15,0,86,5,2018,5,17,5,3,2,6,0,0,1,0,1,0,0,1,6.87036E+20,5.77989E+21,1.17331E+16,5.21378E+16