OBJECTID_1,ULAND,UREGBEZ,UKREIS,UGEMEINDE,UJAHR,UMONAT,USTUNDE,UWOCHENTAG,UKATEGORIE,UART,UTYP1,ULICHTVERH,IstRad,IstPKW,IstFuss,IstKrad,IstGkfz,IstSonstig,STRZUSTAND,LINREFX,LINREFY,XGCSWGS84,YGCSWGS84
116858,15,0,84,235,2018,4,13,5,2,5,2,0,0,1,0,1,0,0,0,7.13533E+20,5.67385E+21,1.2055E+16,5.11762E+16
116859,15,0,83,323,2018,4,7,3,3,2,6,0,0,0,0,0,1,0,0,6.4563E+20,5.78625E+21,1.11313E+16,5.22074E+16
116860,15,0,90,550,2018,5,7,2,3,0,6,0,0,1,0,1,0,0,0,7.03565E+20,5.82719E+21,1.2003E+16,5.25567E+16
116861,15,0,1,0,2018,5,12,7,3,5,3,0,0,1,0,0,0,0,0,7.238E+20,5.7473E+21,1.22482E+16,5.18316E+16
116862,15,0,82,15,2018,6,14,3,3,1,6,0,0,1,0,0,1,0,0,7.26251E+20,5.73102E+21,1.22731E+16,5.16845E+16
116863,15,0,85,135,2018,5,7,6,3,1,6,0,0,1,0,0,0,0,0,6.36277E+20,5.74797E+21,1.09793E+16,5.18658E+16
116864,15,0,89,15,2018,4,13,3,2,5,2,0,0,1,0,0,0,0,0,6.69487E+20,5.73453E+21,1.14546E+16,5.17361E+16
116865,15,0,88,365,2018,5,16,5,3,1,5,0,0,1,0,1,0,0,0,7.01559E+20,5.70256E+21,1.19001E+16,5.14383E+16
116866,15,0,84,130,2018,5,17,4,2,3,2,0,1,1,0,0,0,0,1,7.22201E+20,5.66472E+21,1.21732E+16,5.10909E+16
116867,15,0,90,535,2018,6,14,7,3,2,6,0,1,1,0,0,0,0,0,6.96167E+20,5.83751E+21,1.19001E+16,5.26521E+16
116868,15,0,84,282,2018,4,5,2,2,8,1,1,0,1,0,0,0,0,0,6.85149E+20,5.66724E+21,1.1646E+16,5.11267E+16
116869,15,0,89,195,2018,4,14,3,2,2,6,0,0,1,0,0,1,1,0,6.91371E+20,5.72943E+21,1.17684E+16,5.16831E+16
116870,15,0,83,565,2018,5,13,5,3,5,3,0,1,1,0,0,0,0,0,6.79893E+20,5.7931E+21,1.16359E+16,5.22588E+16
116871,15,0,85,228,2018,4,19,3,3,5,3,0,0,1,0,0,0,0,0,6.28056E+20,5.7282E+21,1.08526E+16,5.16901E+16
116872,15,0,90,225,2018,5,18,3,2,5,2,0,0,1,0,0,0,0,0,7.08165E+20,5.85859E+21,1.20906E+16,5.28368E+16
116873,15,0,85,370,2018,5,10,2,3,9,1,0,0,0,0,1,0,0,0,6.21228E+20,5.74459E+21,1.07596E+16,5.1839E+16
116874,15,0,83,411,2018,4,17,3,2,9,1,0,0,1,0,0,0,0,0,6.41713E+20,5.79471E+21,1.10776E+16,5.22845E+16
116875,15,0,90,520,2018,4,14,7,3,8,1,0,0,1,0,0,0,0,0,6.83099E+20,5.87056E+21,1.17257E+16,5.29533E+16
116876,15,0,87,15,2018,4,8,2,3,2,6,0,0,1,0,0,0,1,0,6.69997E+20,5.70135E+21,1.14459E+16,5.14378E+16
116877,15,0,82,440,2018,5,23,3,3,2,6,2,0,1,0,0,1,0,0,7.21014E+20,5.7244E+21,1.21933E+16,5.16271E+16
116878,15,0,91,375,2018,5,15,2,2,2,2,0,0,1,0,0,0,0,0,7.48047E+20,5.75731E+21,1.26066E+16,5.19112E+16
116879,15,0,82,430,2018,5,10,7,3,5,3,0,0,1,0,0,0,0,0,7.1251E+20,5.76151E+21,1.20934E+16,5.19636E+16
116880,15,0,87,220,2018,4,12,4,3,4,7,0,0,0,0,0,1,0,0,6.71311E+20,5.72464E+21,1.14761E+16,5.16466E+16
116881,15,0,84,550,2018,4,13,2,3,8,1,0,0,0,0,0,1,0,1,7.04199E+20,5.6799E+21,1.19251E+16,5.12339E+16
116882,15,0,83,320,2018,5,13,1,3,5,3,0,0,1,0,0,0,0,0,6.38268E+20,5.77629E+21,1.10196E+16,5.21198E+16
116883,15,0,82,430,2018,5,17,6,3,2,6,0,0,1,0,1,0,0,0,7.21401E+20,5.76899E+21,1.22274E+16,5.20273E+16
116884,15,0,88,319,2018,6,6,2,3,8,1,0,0,1,0,0,0,0,0,6.9592E+20,5.70899E+21,1.18227E+16,5.1498E+16
116885,15,0,2,0,2018,5,13,5,3,3,6,0,0,1,0,0,0,0,0,7.06445E+20,5.70725E+21,1.19731E+16,5.14787E+16
116886,15,0,83,490,2018,4,10,1,3,9,1,0,0,1,0,0,0,0,0,6.75483E+20,5.76419E+21,1.15564E+16,5.20006E+16
116887,15,0,91,145,2018,4,10,1,3,8,1,0,0,1,0,0,0,0,0,7.70984E+20,5.74686E+21,1.29311E+16,5.18068E+16
116888,15,0,91,375,2018,4,10,2,3,2,2,0,0,1,0,0,0,0,1,7.5364E+20,5.75235E+21,1.26841E+16,5.18641E+16
116889,15,0,84,550,2018,5,7,4,3,5,3,0,1,1,0,0,0,0,0,7.07207E+20,5.67668E+21,1.19662E+16,5.12039E+16
116890,15,0,2,0,2018,5,10,3,3,5,2,0,1,1,0,0,0,0,0,7.07315E+20,5.70419E+21,1.19838E+16,5.14509E+16
116891,15,0,90,546,2018,6,14,6,2,5,3,0,0,1,0,0,0,0,0,6.8871E+20,5.81471E+21,1.1777E+16,5.24499E+16
116892,15,0,87,412,2018,4,16,1,2,0,6,0,0,1,0,1,0,0,0,6.39602E+20,5.714E+21,1.10139E+16,5.15598E+16
116893,15,0,91,160,2018,4,8,2,3,5,3,0,0,1,0,0,0,0,1,7.51039E+20,5.74113E+21,1.26383E+16,5.17647E+16
116894,15,0,86,15,2018,5,16,4,3,2,6,0,0,1,0,0,0,0,1,6.93595E+20,5.79286E+21,1.18363E+16,5.22521E+16
116895,15,0,88,220,2018,5,16,2,2,2,6,0,0,1,0,1,0,0,0,7.07039E+20,5.69546E+21,1.19747E+16,5.13726E+16
116896,15,0,89,307,2018,5,17,7,3,9,1,0,0,1,0,0,0,0,0,6.64722E+20,5.73887E+21,1.13877E+16,5.17764E+16
116897,15,0,3,0,2018,5,7,4,3,1,2,0,1,1,0,0,0,0,0,6.82364E+20,5.77915E+21,1.16645E+16,5.21327E+16
116898,15,0,87,275,2018,6,14,6,2,5,2,0,0,1,0,0,0,0,0,6.59027E+20,5.71945E+21,1.12964E+16,5.16036E+16
116899,15,0,91,145,2018,4,14,2,2,5,2,0,0,1,0,0,0,1,0,7.64089E+20,5.74338E+21,1.28287E+16,5.17789E+16
116900,15,0,82,430,2018,4,16,2,3,5,2,0,0,1,0,0,0,0,0,7.11631E+20,5.76183E+21,1.20808E+16,5.19668E+16
116901,15,0,91,145,2018,5,6,4,3,2,6,0,0,1,0,1,0,0,0,7.84851E+20,5.7445E+21,1.31298E+16,5.17788E+16
116902,15,0,85,135,2018,5,7,3,3,2,6,0,0,1,0,0,0,0,0,6.42944E+20,5.74961E+21,1.10767E+16,5.18789E+16
116903,15,0,90,550,2018,5,18,1,2,8,1,0,0,1,0,0,0,0,0,6.98629E+20,5.82236E+21,1.19274E+16,5.25151E+16
116904,15,0,90,550,2018,4,17,2,2,8,1,0,0,0,0,0,0,1,0,7.01912E+20,5.82984E+21,1.19802E+16,5.25811E+16
116905,15,0,85,145,2018,4,17,7,2,8,1,0,0,0,0,1,0,0,0,6.43058E+20,5.7237E+21,1.10677E+16,5.16461E+16
116906,15,0,3,0,2018,4,11,2,3,1,6,0,0,1,0,0,1,0,1,6.79038E+20,5.77752E+21,1.16151E+16,5.21192E+16
116907,15,0,85,227,2018,5,7,3,3,5,2,0,0,1,0,0,0,0,0,6.2197E+20,5.74894E+21,1.07719E+16,5.18779E+16
116908,15,0,89,195,2018,5,10,2,3,5,6,0,0,0,0,0,1,1,0,6.90768E+20,5.72971E+21,1.17598E+16,5.16859E+16
116909,15,0,86,35,2018,5,21,7,3,0,1,1,1,0,0,0,0,0,0,7.02782E+20,5.80241E+21,1.19764E+16,5.23344E+16
116910,15,0,91,375,2018,4,15,4,3,5,2,0,1,1,0,0,0,0,0,7.48945E+20,5.75229E+21,1.2616E+16,5.18657E+16
116911,15,0,3,0,2018,4,6,2,2,9,7,0,0,1,0,0,0,0,1,6.78694E+20,5.77671E+21,1.16097E+16,5.2112E+16
116912,15,0,84,355,2018,5,13,7,2,2,6,0,0,1,0,0,0,0,0,6.97512E+20,5.67233E+21,1.18253E+16,5.11682E+16
116913,15,0,85,285,2018,5,13,6,3,1,6,0,0,1,0,0,0,0,0,6.45921E+20,5.75955E+21,1.11241E+16,5.19675E+16
116914,15,0,3,0,2018,6,9,2,3,0,7,0,1,0,0,0,0,0,0,6.82198E+20,5.77922E+21,1.16621E+16,5.21334E+16
116915,15,0,83,25,2018,4,10,3,1,9,1,0,0,1,0,0,0,0,0,6.43674E+20,5.76568E+21,1.1094E+16,5.20232E+16
116916,15,0,83,515,2018,5,7,5,3,5,3,0,0,1,0,0,0,0,2,6.4548E+20,5.77939E+21,1.11262E+16,5.21458E+16
116917,15,0,2,0,2018,4,9,7,3,5,2,0,1,1,0,0,0,0,0,7.05316E+20,5.71101E+21,1.1959E+16,5.15128E+16
116918,15,0,3,0,2018,4,8,2,3,8,6,0,0,1,0,0,0,1,1,6.79779E+20,5.78134E+21,1.1628E+16,5.21532E+16
116919,15,0,82,430,2018,5,12,4,2,5,3,0,0,1,0,1,0,0,0,7.22068E+20,5.76448E+21,1.22342E+16,5.19865E+16
116920,15,0,86,15,2018,5,10,3,2,0,6,0,0,1,0,0,1,0,0,6.92987E+20,5.7899E+21,1.18257E+16,5.22257E+16
116921,15,0,81,240,2018,6,17,6,3,4,2,0,0,1,0,0,0,0,0,6.61236E+20,5.83679E+21,1.13839E+16,5.2657E+16
116922,15,0,90,546,2018,4,9,1,3,1,6,0,0,1,0,0,0,0,0,6.8179E+20,5.81789E+21,1.16771E+16,5.24809E+16
116923,15,0,86,140,2018,4,8,2,2,2,6,0,0,1,0,1,0,0,1,6.95142E+20,5.78298E+21,1.18532E+16,5.21627E+16
116924,15,0,88,195,2018,5,9,5,3,5,3,0,0,1,0,0,1,0,0,7.19182E+20,5.71414E+21,1.21605E+16,5.15358E+16
116925,15,0,86,145,2018,4,10,1,3,8,1,0,0,0,0,1,0,0,0,6.87821E+20,5.79271E+21,1.17517E+16,5.22527E+16
116926,15,0,87,412,2018,5,13,3,2,0,1,0,0,0,0,1,0,0,0,6.36126E+20,5.71815E+21,1.09654E+16,5.15979E+16
116927,15,0,82,15,2018,5,12,2,3,5,2,0,0,1,0,1,0,0,0,7.2481E+20,5.73323E+21,1.22538E+16,5.17049E+16
116928,15,0,3,0,2018,5,11,6,3,5,2,0,0,1,0,0,0,0,0,6.80291E+20,5.77983E+21,1.16346E+16,5.21395E+16
116929,15,0,91,60,2018,4,10,6,2,5,3,0,0,1,0,1,0,0,0,7.32572E+20,5.75451E+21,1.23802E+16,5.18928E+16
116930,15,0,85,370,2018,4,15,2,3,0,3,0,1,0,0,0,1,0,0,6.23527E+20,5.74499E+21,1.07931E+16,5.1842E+16
116931,15,0,2,0,2018,5,15,2,2,4,6,0,0,1,0,0,1,0,0,7.01457E+20,5.70839E+21,1.1902E+16,5.14907E+16
116932,15,0,84,355,2018,5,11,1,2,8,1,0,0,1,0,0,0,0,0,6.93404E+20,5.66993E+21,1.17653E+16,5.11481E+16
116933,15,0,85,135,2018,6,9,4,3,5,3,0,0,1,0,0,1,0,0,6.34004E+20,5.75533E+21,1.09491E+16,5.19325E+16
116934,15,0,90,225,2018,5,1,6,3,8,1,2,0,1,0,0,0,0,0,7.07603E+20,5.85939E+21,1.20828E+16,5.28442E+16
116935,15,0,84,550,2018,4,17,7,3,5,3,0,0,1,0,0,0,0,0,7.02833E+20,5.67732E+21,1.19041E+16,5.12112E+16
116936,15,0,85,110,2018,4,11,2,3,9,1,0,0,1,0,0,1,0,0,6.60271E+20,5.73258E+21,1.13203E+16,5.17212E+16
116937,15,0,84,355,2018,5,11,6,3,1,6,0,0,1,0,0,0,0,0,6.98282E+20,5.66973E+21,1.18348E+16,5.11446E+16
116938,15,0,3,0,2018,5,13,5,3,3,6,0,0,1,0,0,0,0,0,6.7842E+20,5.7787E+21,1.16067E+16,5.21299E+16
116939,15,0,89,41,2018,6,9,1,3,2,2,0,0,1,0,0,0,0,0,6.73507E+20,5.75707E+21,1.15241E+16,5.19372E+16
116940,15,0,81,135,2018,4,11,2,2,5,3,0,0,1,0,0,0,0,0,6.59866E+20,5.82191E+21,1.13565E+16,5.25238E+16
116941,15,0,84,550,2018,4,18,6,2,3,6,0,0,1,0,0,1,0,0,7.13773E+20,5.68107E+21,1.20627E+16,5.12408E+16
116942,15,0,83,565,2018,4,9,2,1,9,1,0,0,1,0,0,0,0,0,6.78786E+20,5.78974E+21,1.16179E+16,5.2229E+16
116943,15,0,3,0,2018,5,15,2,3,0,6,0,0,1,0,0,0,0,0,6.79831E+20,5.78023E+21,1.16281E+16,5.21432E+16
116944,15,0,85,40,2018,5,14,2,2,8,7,0,0,1,0,0,0,0,0,6.54452E+20,5.73242E+21,1.12361E+16,5.17214E+16
116945,15,0,3,0,2018,6,14,4,2,3,7,0,0,1,0,0,1,0,0,6.78378E+20,5.77487E+21,1.16041E+16,5.20956E+16
116946,15,0,88,319,2018,5,16,6,3,2,6,0,0,1,0,0,0,0,0,6.9606E+20,5.70645E+21,1.18233E+16,5.14752E+16
116947,15,0,81,280,2018,4,10,4,3,5,3,0,0,1,0,0,0,1,1,6.44584E+20,5.82642E+21,1.11334E+16,5.25686E+16
116948,15,0,88,365,2018,4,16,1,2,2,6,0,0,0,0,1,0,0,0,6.91591E+20,5.70034E+21,1.17557E+16,5.14218E+16
116949,15,0,88,295,2018,5,13,6,2,2,6,0,0,1,0,0,0,0,0,7.0093E+20,5.71767E+21,1.18997E+16,5.15742E+16
116950,15,0,87,412,2018,5,9,5,3,3,3,0,0,1,0,0,0,1,0,6.47055E+20,5.7033E+21,1.11169E+16,5.14618E+16
116951,15,0,91,241,2018,6,12,1,3,7,1,0,1,0,0,0,0,0,0,7.36278E+20,5.75058E+21,1.24312E+16,5.18559E+16
116952,15,0,1,0,2018,4,6,2,3,2,6,0,0,1,0,0,0,0,0,7.19552E+20,5.75603E+21,1.21922E+16,5.19116E+16
116953,15,0,1,0,2018,5,19,4,3,8,1,0,0,0,0,1,0,0,0,7.22923E+20,5.75255E+21,1.22389E+16,5.18791E+16
116954,15,0,84,550,2018,4,11,7,2,6,4,0,0,1,1,0,0,0,0,7.06971E+20,5.67603E+21,1.19625E+16,5.11981E+16
116955,15,0,87,370,2018,4,16,1,3,8,1,0,0,1,0,0,0,0,0,6.59387E+20,5.71333E+21,1.12988E+16,5.15485E+16
116956,15,0,3,0,2018,5,16,4,3,5,2,0,1,1,0,0,0,0,0,6.80291E+20,5.77983E+21,1.16346E+16,5.21395E+16
116957,15,0,86,15,2018,5,12,3,2,8,1,0,0,0,0,0,1,0,0,6.9952E+20,5.79433E+21,1.19238E+16,5.22631E+16
116958,15,0,82,440,2018,5,10,5,2,8,7,0,0,1,0,0,0,0,0,7.10129E+20,5.72647E+21,1.20375E+16,5.16499E+16
116959,15,0,83,490,2018,4,10,1,3,5,2,0,0,0,0,1,0,1,0,6.7185E+20,5.7658E+21,1.15044E+16,5.20162E+16
116960,15,0,84,235,2018,4,12,1,3,5,2,0,0,1,0,0,0,0,0,7.14165E+20,5.66849E+21,1.20608E+16,5.11278E+16
116961,15,0,83,390,2018,5,12,5,2,5,3,0,1,1,0,0,0,0,0,6.72306E+20,5.79019E+21,1.15233E+16,5.22351E+16
116962,15,0,82,241,2018,5,9,3,2,4,2,0,0,1,0,0,0,1,0,7.39049E+20,5.72991E+21,1.24572E+16,5.16692E+16
116963,15,0,88,205,2018,5,13,1,3,0,3,0,1,1,0,0,0,0,0,7.19663E+20,5.69309E+21,1.21544E+16,5.13466E+16
116964,15,0,90,3,2018,5,10,6,3,5,3,0,0,1,0,0,0,0,0,6.83878E+20,5.86562E+21,1.17345E+16,5.29087E+16
116965,15,0,87,130,2018,4,11,5,3,5,3,0,0,1,0,0,1,0,0,6.79337E+20,5.70956E+21,1.15843E+16,5.15087E+16
116966,15,0,84,275,2018,4,16,1,2,4,2,0,0,1,0,0,0,0,0,7.16601E+20,5.66055E+21,1.20908E+16,5.10555E+16
116967,15,0,91,375,2018,5,7,2,2,2,6,0,0,0,0,1,0,1,0,7.53289E+20,5.75707E+21,1.26825E+16,5.19067E+16
116968,15,0,89,42,2018,5,15,1,2,1,6,0,0,1,0,0,0,0,0,6.86043E+20,5.76307E+21,1.17095E+16,5.19871E+16
116969,15,0,91,20,2018,6,12,3,2,9,1,0,0,1,0,0,0,0,0,7.57598E+20,5.73517E+21,1.27287E+16,5.17082E+16
116970,15,0,85,135,2018,5,13,6,3,8,1,0,0,1,0,0,0,0,0,6.39073E+20,5.75202E+21,1.10215E+16,5.19016E+16
116971,15,0,91,241,2018,4,12,7,3,2,6,0,0,1,0,0,0,0,0,7.29245E+20,5.74925E+21,1.23284E+16,5.18469E+16
116972,15,0,91,145,2018,4,2,1,3,0,1,2,0,1,0,0,0,0,0,7.717E+20,5.74311E+21,1.29385E+16,5.17728E+16
116973,15,0,89,310,2018,5,15,6,2,3,6,0,1,1,0,0,0,0,0,6.83534E+20,5.7529E+21,1.16675E+16,5.18966E+16
116974,15,0,84,235,2018,5,11,4,2,4,6,0,0,1,0,0,1,0,0,7.14177E+20,5.66848E+21,1.2061E+16,5.11277E+16
116975,15,0,84,130,2018,6,18,7,2,5,2,0,0,1,0,1,0,0,0,7.22483E+20,5.66201E+21,1.21755E+16,5.10665E+16
116976,15,0,87,370,2018,4,14,1,2,0,1,0,1,0,0,0,0,0,0,6.56131E+20,5.70334E+21,1.12475E+16,5.14597E+16
116977,15,0,83,205,2018,5,20,3,3,7,7,1,0,1,0,0,0,0,0,6.51587E+20,5.78948E+21,1.12199E+16,5.22348E+16
116978,15,0,91,160,2018,4,12,1,2,9,1,0,0,1,0,0,0,0,0,7.44348E+20,5.73696E+21,1.25386E+16,5.17302E+16
116979,15,0,1,0,2018,4,18,7,3,8,1,0,0,1,0,0,0,0,0,7.29343E+20,5.73802E+21,1.23224E+16,5.17461E+16
116980,15,0,85,135,2018,5,16,5,3,5,3,0,1,1,0,0,0,0,0,6.33591E+20,5.75318E+21,1.09423E+16,5.19133E+16
116981,15,0,85,228,2018,4,17,1,3,6,6,0,0,1,1,0,0,0,0,6.30659E+20,5.72561E+21,1.08893E+16,5.16662E+16
116982,15,0,82,180,2018,5,8,3,2,6,4,0,0,0,1,1,0,0,0,7.04045E+20,5.73706E+21,1.19559E+16,5.17472E+16
116983,15,0,86,15,2018,5,8,2,2,8,1,0,0,1,0,0,0,0,0,6.92646E+20,5.78992E+21,1.18207E+16,5.2226E+16
116984,15,0,86,140,2018,4,7,1,2,0,6,0,0,1,0,0,0,0,0,7.01171E+20,5.79127E+21,1.19461E+16,5.22351E+16
116985,15,0,82,241,2018,4,15,7,3,3,6,0,1,1,0,0,0,0,0,7.31676E+20,5.72852E+21,1.23498E+16,5.16599E+16
116986,15,0,3,0,2018,4,14,1,2,1,6,0,0,1,0,0,0,0,0,6.78094E+20,5.77971E+21,1.16025E+16,5.21391E+16
116987,15,0,87,250,2018,5,10,3,2,8,7,0,0,1,0,0,0,0,0,6.41539E+20,5.70068E+21,1.10365E+16,5.14396E+16
116988,15,0,83,531,2018,5,14,4,3,2,2,0,0,1,0,0,0,0,0,6.7227E+20,5.77549E+21,1.15154E+16,5.21031E+16
116989,15,0,85,185,2018,4,10,1,2,4,6,0,0,1,0,1,0,0,0,6.388E+20,5.758E+21,1.10199E+16,5.19554E+16
116990,15,0,84,490,2018,5,5,3,2,2,6,1,0,1,0,0,0,0,0,7.06891E+20,5.66723E+21,1.19563E+16,5.11191E+16
116991,15,0,88,216,2018,5,11,2,3,8,1,0,0,1,0,0,0,0,0,6.99187E+20,5.71942E+21,1.18756E+16,5.15905E+16
116992,15,0,83,125,2018,4,19,1,2,9,1,0,0,0,0,1,0,0,0,6.49352E+20,5.8103E+21,1.11964E+16,5.24225E+16
116993,15,0,88,220,2018,4,22,7,3,7,7,2,0,1,0,0,0,0,0,7.03543E+20,5.69236E+21,1.19228E+16,5.1346E+16
116994,15,0,91,391,2018,4,2,7,2,2,6,2,1,1,0,0,0,0,1,7.63964E+20,5.74947E+21,1.28315E+16,5.18335E+16
116995,15,0,82,256,2018,5,13,4,3,8,1,0,0,1,0,0,0,0,0,7.13322E+20,5.74181E+21,1.2093E+16,5.17864E+16
116996,15,0,85,235,2018,5,11,3,2,4,6,0,0,1,0,0,0,0,0,6.46198E+20,5.74339E+21,1.11213E+16,5.18222E+16
116997,15,0,84,590,2018,5,15,1,2,8,1,0,0,0,0,1,0,0,0,7.18673E+20,5.6609E+21,1.21206E+16,5.10579E+16
116998,15,0,82,15,2018,4,16,5,3,2,6,0,0,1,0,0,0,0,0,7.2742E+20,5.72167E+21,1.2284E+16,5.16001E+16
116999,15,0,90,535,2018,4,20,7,3,8,1,1,0,0,0,0,0,1,0,6.79872E+20,5.82649E+21,1.16535E+16,5.25587E+16
117000,15,0,91,60,2018,5,13,1,3,0,6,0,0,1,0,0,0,1,0,7.32366E+20,5.75183E+21,1.23754E+16,5.18688E+16
117001,15,0,90,546,2018,5,17,7,2,1,3,0,1,1,0,0,0,0,0,7.0026E+20,5.81638E+21,1.19478E+16,5.24608E+16
117002,15,0,85,228,2018,6,14,3,2,2,6,0,0,1,0,0,0,0,0,6.26008E+20,5.73654E+21,1.08261E+16,5.17655E+16
117003,15,0,83,270,2018,5,16,5,3,5,2,0,0,1,0,0,0,0,0,6.65412E+20,5.79304E+21,1.14239E+16,5.22628E+16
117004,15,0,82,301,2018,4,4,7,2,8,1,2,0,1,0,0,0,0,0,7.26793E+20,5.73576E+21,1.22841E+16,5.17268E+16
117005,15,0,89,15,2018,4,15,7,3,5,3,0,0,1,0,1,0,0,0,6.78473E+20,5.73333E+21,1.1584E+16,5.17225E+16
117006,15,0,84,565,2018,5,8,5,3,8,1,0,0,0,0,1,0,0,0,7.15246E+20,5.65652E+21,1.20691E+16,5.10199E+16
117007,15,0,82,180,2018,5,7,4,3,1,6,0,0,1,0,1,0,0,0,7.06078E+20,5.73903E+21,1.19865E+16,5.17642E+16
117008,15,0,85,135,2018,6,10,7,3,1,2,0,0,1,0,0,0,0,0,6.41575E+20,5.75075E+21,1.10573E+16,5.18895E+16
117009,15,0,84,355,2018,4,12,2,3,4,3,0,0,1,0,0,0,0,0,6.86887E+20,5.66744E+21,1.16709E+16,5.11279E+16
117010,15,0,89,26,2018,4,5,7,3,7,7,1,0,1,0,0,0,0,1,6.91492E+20,5.76183E+21,1.1788E+16,5.19741E+16
117011,15,0,2,0,2018,5,18,4,3,7,7,0,0,1,0,0,0,0,0,7.06132E+20,5.70723E+21,1.19686E+16,5.14786E+16
117012,15,0,3,0,2018,4,9,7,3,3,6,0,0,0,0,1,0,1,1,6.79358E+20,5.77853E+21,1.16203E+16,5.21281E+16
117013,15,0,3,0,2018,5,15,3,3,1,6,0,0,1,0,0,0,0,0,6.81462E+20,5.77966E+21,1.16516E+16,5.21376E+16
117014,15,0,84,355,2018,5,17,1,2,8,1,0,1,0,0,0,0,0,0,6.87001E+20,5.66501E+21,1.16713E+16,5.11061E+16
117015,15,0,85,228,2018,4,0,7,2,8,1,2,0,1,0,0,0,0,1,6.24545E+20,5.73989E+21,1.08061E+16,5.1796E+16
117016,15,0,86,15,2018,4,17,7,3,0,3,0,1,1,0,0,0,0,0,6.95343E+20,5.79426E+21,1.18626E+16,5.2264E+16
117017,15,0,83,298,2018,4,0,7,3,7,5,2,0,1,0,0,0,0,0,6.69883E+20,5.78216E+21,1.14839E+16,5.21638E+16
117018,15,0,86,140,2018,5,8,3,3,2,6,0,0,0,0,0,1,0,0,7.00467E+20,5.79122E+21,1.19358E+16,5.22348E+16
117019,15,0,1,0,2018,5,10,2,3,2,6,0,0,1,0,0,0,0,0,7.15704E+20,5.7433E+21,1.21284E+16,5.17989E+16
117020,15,0,83,323,2018,5,21,7,1,4,6,2,0,1,0,0,0,0,0,6.46324E+20,5.78628E+21,1.11415E+16,5.22075E+16
117021,15,0,84,130,2018,4,10,4,2,5,3,0,0,0,0,1,1,0,0,7.25551E+20,5.65952E+21,1.22177E+16,5.10428E+16
117022,15,0,83,270,2018,4,14,7,3,5,3,0,0,1,0,0,0,0,0,6.64318E+20,5.79563E+21,1.14091E+16,5.22864E+16
117023,15,0,87,412,2018,5,11,7,2,0,7,0,0,1,0,0,0,0,0,6.44915E+20,5.70439E+21,1.10866E+16,5.14721E+16
117024,15,0,86,5,2018,5,6,6,3,4,2,0,1,1,0,0,0,0,0,6.88833E+20,5.77947E+21,1.17591E+16,5.21335E+16
117025,15,0,87,130,2018,6,11,2,2,4,6,0,0,1,0,0,1,0,0,6.76599E+20,5.71452E+21,1.15474E+16,5.15541E+16
117026,15,0,82,180,2018,4,16,3,3,3,6,0,1,1,0,0,0,0,0,7.07023E+20,5.73975E+21,1.20006E+16,5.17702E+16
117027,15,0,83,298,2018,5,13,3,3,5,3,0,0,1,0,0,0,1,0,6.58893E+20,5.79117E+21,1.13276E+16,5.2248E+16
117028,15,0,2,0,2018,5,13,7,3,2,6,0,0,1,0,0,0,0,0,7.07946E+20,5.70735E+21,1.19947E+16,5.1479E+16
117029,15,0,2,0,2018,4,13,4,2,2,6,0,0,1,0,0,1,0,0,7.12426E+20,5.70908E+21,1.20602E+16,5.14929E+16
117030,15,0,81,135,2018,4,18,7,2,3,6,0,0,0,0,1,0,0,0,6.5674E+20,5.83288E+21,1.13156E+16,5.26232E+16
117031,15,0,90,535,2018,5,18,1,3,2,6,0,0,1,0,0,0,0,0,6.91146E+20,5.83737E+21,1.18259E+16,5.26525E+16
117032,15,0,88,355,2018,5,17,6,3,4,6,0,0,1,0,0,0,0,0,6.85305E+20,5.68681E+21,1.16583E+16,5.13024E+16
117033,15,0,88,365,2018,6,17,2,3,0,1,0,0,1,0,0,0,0,0,6.98879E+20,5.70403E+21,1.18625E+16,5.14525E+16
117034,15,0,87,31,2018,5,17,5,3,7,6,0,0,1,0,0,0,0,0,6.78047E+20,5.73001E+21,1.15761E+16,5.16928E+16
117035,15,0,86,140,2018,4,19,7,3,2,3,0,0,1,0,1,0,0,0,7.02891E+20,5.78213E+21,1.19658E+16,5.21524E+16
117036,15,0,81,455,2018,4,6,7,2,9,1,0,0,1,0,0,0,0,1,6.54257E+20,5.8566E+21,1.12901E+16,5.2837E+16
117037,15,0,85,330,2018,5,16,5,2,5,3,0,1,1,0,0,0,0,0,6.42004E+20,5.74165E+21,1.10598E+16,5.18076E+16
117038,15,0,85,230,2018,5,21,4,2,7,7,0,0,0,0,1,0,0,0,6.28324E+20,5.75708E+21,1.08672E+16,5.19496E+16
117039,15,0,84,490,2018,6,12,6,2,3,6,0,0,1,0,1,0,0,0,7.10885E+20,5.67256E+21,1.20164E+16,5.11655E+16
117040,15,0,1,0,2018,4,12,2,3,5,3,0,1,1,0,0,0,0,0,7.21599E+20,5.74616E+21,1.22156E+16,5.18223E+16
117041,15,0,81,280,2018,4,0,7,3,8,1,2,0,1,0,0,0,0,1,6.46842E+20,5.83253E+21,1.11693E+16,5.26229E+16