OBJECTID_1,ULAND,UREGBEZ,UKREIS,UGEMEINDE,UJAHR,UMONAT,USTUNDE,UWOCHENTAG,UKATEGORIE,UART,UTYP1,ULICHTVERH,IstRad,IstPKW,IstFuss,IstKrad,IstGkfz,IstSonstig,STRZUSTAND,LINREFX,LINREFY,XGCSWGS84,YGCSWGS84
117042,15,0,3,0,2018,5,7,4,3,1,6,0,0,0,0,0,1,0,0,6.82158E+20,5.78795E+21,1.16663E+16,5.22119E+16
117043,15,0,83,40,2018,5,14,3,3,2,7,0,0,1,0,0,0,1,0,6.75814E+20,5.78448E+21,1.15717E+16,5.21827E+16
117044,15,0,85,55,2018,5,17,1,3,0,7,0,0,0,0,1,0,0,0,6.34069E+20,5.74127E+21,1.09446E+16,5.18061E+16
117045,15,0,2,0,2018,4,19,6,3,8,1,0,0,1,0,0,0,0,0,7.00302E+20,5.70709E+21,1.18846E+16,5.14794E+16
117046,15,0,85,135,2018,4,17,7,3,5,3,0,0,1,0,0,0,0,0,6.40083E+20,5.75124E+21,1.10358E+16,5.18943E+16
117047,15,0,2,0,2018,4,13,6,3,4,2,0,1,1,0,0,0,0,1,7.0721E+20,5.70643E+21,1.19836E+16,5.1471E+16
117048,15,0,83,125,2018,5,15,3,3,9,7,0,0,1,0,0,0,0,0,6.52172E+20,5.80858E+21,1.12371E+16,5.24063E+16
117049,15,0,89,30,2018,5,16,2,3,0,6,0,1,1,0,0,0,0,0,6.87752E+20,5.74282E+21,1.17233E+16,5.18046E+16
117050,15,0,91,391,2018,6,10,4,3,2,6,0,0,1,0,0,0,0,0,7.68089E+20,5.75592E+21,1.28962E+16,5.18894E+16
117051,15,0,81,455,2018,5,10,7,3,1,2,0,0,1,0,0,0,0,0,6.46137E+20,5.86139E+21,1.11718E+16,5.28824E+16
117052,15,0,90,550,2018,4,11,4,3,2,6,0,0,1,0,0,0,0,0,6.99096E+20,5.82821E+21,1.19378E+16,5.25675E+16
117053,15,0,84,285,2018,4,18,6,3,8,7,0,0,1,0,0,0,0,0,6.85491E+20,5.67781E+21,1.16563E+16,5.12215E+16
117054,15,0,89,195,2018,5,16,7,2,8,1,0,0,0,0,1,0,0,0,6.87794E+20,5.73584E+21,1.17201E+16,5.17419E+16
117055,15,0,81,240,2018,5,10,6,3,5,3,0,0,1,0,0,0,0,0,6.62716E+20,5.83792E+21,1.14063E+16,5.26668E+16
117056,15,0,83,245,2018,6,8,2,3,4,2,0,0,1,0,0,0,0,0,6.53486E+20,5.75703E+21,1.1233E+16,5.19428E+16
117057,15,0,84,150,2018,4,15,2,3,2,6,0,0,1,0,0,0,0,0,6.94344E+20,5.68324E+21,1.17859E+16,5.12674E+16
117058,15,0,83,130,2018,5,17,5,3,2,6,0,0,1,0,0,0,1,0,6.78835E+20,5.79654E+21,1.16222E+16,5.229E+16
117059,15,0,85,55,2018,4,15,7,3,8,6,0,0,1,0,0,0,0,0,6.30351E+20,5.73658E+21,1.0889E+16,5.17649E+16
117060,15,0,84,355,2018,4,13,6,3,2,6,0,0,1,0,0,1,0,0,6.93228E+20,5.66977E+21,1.17627E+16,5.11467E+16
117061,15,0,82,15,2018,5,8,4,3,2,6,0,0,1,0,0,0,0,0,7.28643E+20,5.72448E+21,1.23034E+16,5.16248E+16
117062,15,0,3,0,2018,5,6,3,3,5,2,0,1,1,0,0,0,0,0,6.78838E+20,5.7798E+21,1.16134E+16,5.21397E+16
117063,15,0,3,0,2018,5,13,5,3,1,6,0,0,1,0,1,0,0,0,6.80066E+20,5.77985E+21,1.16314E+16,5.21397E+16
117064,15,0,86,55,2018,4,18,1,3,6,4,0,0,1,1,0,0,0,0,6.9292E+20,5.77389E+21,1.18156E+16,5.20819E+16
117065,15,0,91,375,2018,4,8,6,3,5,3,0,1,1,0,0,0,0,0,7.50943E+20,5.7498E+21,1.26432E+16,5.18425E+16
117066,15,0,91,375,2018,5,11,5,2,8,2,0,1,0,0,1,0,0,0,7.46797E+20,5.76189E+21,1.25918E+16,5.19529E+16
117067,15,0,2,0,2018,5,6,3,3,3,6,0,0,1,0,0,1,0,0,7.07013E+20,5.70885E+21,1.19822E+16,5.14928E+16
117068,15,0,89,75,2018,5,9,5,3,9,1,0,0,1,0,0,0,0,0,6.61508E+20,5.75702E+21,1.13496E+16,5.19404E+16
117069,15,0,85,235,2018,4,10,7,3,0,6,0,0,1,0,1,0,0,0,6.47719E+20,5.73225E+21,1.11386E+16,5.17217E+16
117070,15,0,91,145,2018,4,13,6,3,1,2,0,0,1,0,0,0,0,0,7.84084E+20,5.75021E+21,1.31234E+16,5.18303E+16
117071,15,0,91,375,2018,5,13,4,3,5,2,0,1,0,0,0,1,0,0,7.48834E+20,5.75229E+21,1.26144E+16,5.18658E+16
117072,15,0,91,375,2018,5,16,3,3,2,6,0,0,1,0,0,0,0,0,7.50867E+20,5.75207E+21,1.26437E+16,5.1863E+16
117073,15,0,89,15,2018,6,15,6,3,5,3,0,0,1,0,0,0,0,1,6.693E+20,5.74436E+21,1.14567E+16,5.18244E+16
117074,15,0,2,0,2018,4,13,1,3,5,2,0,1,1,0,0,0,0,0,7.07252E+20,5.70552E+21,1.19837E+16,5.14628E+16
117075,15,0,91,20,2018,4,6,6,3,0,1,0,0,1,0,0,0,0,0,7.59019E+20,5.73944E+21,1.27524E+16,5.17459E+16
117076,15,0,83,40,2018,5,5,6,3,9,7,1,0,1,0,0,0,0,0,6.78162E+20,5.78629E+21,1.1607E+16,5.21982E+16
117077,15,0,83,355,2018,5,22,4,3,7,7,2,0,1,0,0,0,0,0,6.61671E+20,5.75702E+21,1.1352E+16,5.19404E+16
117078,15,0,88,150,2018,5,16,2,3,5,2,0,0,1,0,0,0,1,0,7.18775E+20,5.70062E+21,1.21463E+16,5.14145E+16
117079,15,0,90,535,2018,5,20,7,3,5,2,0,0,1,0,0,0,1,0,6.92528E+20,5.83272E+21,1.18436E+16,5.26103E+16
117080,15,0,87,412,2018,4,16,6,3,8,1,0,0,1,0,0,0,0,0,6.3599E+20,5.71926E+21,1.09639E+16,5.1608E+16
117081,15,0,83,205,2018,4,6,6,3,2,7,0,0,1,0,0,1,0,1,6.54008E+20,5.78546E+21,1.12535E+16,5.2198E+16
117082,15,0,87,130,2018,5,14,2,3,5,3,0,0,1,0,0,0,1,0,6.76309E+20,5.71095E+21,1.15414E+16,5.15221E+16
117083,15,0,84,550,2018,5,4,1,3,0,7,1,0,1,0,0,0,0,0,7.09443E+20,5.68262E+21,1.20017E+16,5.12564E+16
117084,15,0,86,140,2018,6,9,4,3,2,6,0,0,1,0,0,0,0,0,6.99905E+20,5.79418E+21,1.19293E+16,5.22616E+16
117085,15,0,2,0,2018,5,16,6,3,2,6,0,0,1,0,0,0,0,0,7.01966E+20,5.70784E+21,1.1909E+16,5.14856E+16
117086,15,0,85,230,2018,4,16,7,3,5,2,0,0,1,0,1,0,0,0,6.22181E+20,5.76456E+21,1.07805E+16,5.20182E+16
117087,15,0,81,455,2018,4,20,4,3,9,1,1,0,1,0,0,0,0,1,6.37455E+20,5.85577E+21,1.10405E+16,5.28341E+16
117088,15,0,86,140,2018,4,14,6,3,2,2,0,0,1,0,0,0,1,0,7.14574E+20,5.78955E+21,1.2141E+16,5.22145E+16
117089,15,0,84,207,2018,5,14,6,3,2,2,0,0,1,0,0,0,0,0,7.19064E+20,5.65649E+21,1.21235E+16,5.10182E+16
117090,15,0,84,130,2018,5,15,5,2,5,3,0,0,1,0,0,0,0,1,7.25551E+20,5.65952E+21,1.22177E+16,5.10428E+16
117091,15,0,82,15,2018,6,18,1,2,4,2,0,0,1,0,0,0,0,0,7.32248E+20,5.72605E+21,1.23564E+16,5.16375E+16
117092,15,0,89,305,2018,4,5,2,3,2,6,1,0,1,0,0,0,0,1,6.87611E+20,5.76348E+21,1.17325E+16,5.19903E+16
117093,15,0,82,5,2018,5,8,4,3,5,3,0,1,1,0,0,0,0,0,7.10515E+20,5.74916E+21,1.20569E+16,5.18535E+16
117094,15,0,83,390,2018,4,12,7,3,3,3,0,0,1,0,1,0,0,0,6.74189E+20,5.78642E+21,1.1549E+16,5.22007E+16
117095,15,0,85,330,2018,4,14,6,2,4,6,0,0,1,0,0,0,0,0,6.4132E+20,5.7391E+21,1.10488E+16,5.17849E+16
117096,15,0,90,225,2018,4,12,1,3,0,3,0,0,1,0,1,0,0,0,7.07047E+20,5.85706E+21,1.20731E+16,5.28235E+16
117097,15,0,85,55,2018,5,16,4,2,2,6,0,0,1,0,0,0,0,0,6.33804E+20,5.74435E+21,1.0942E+16,5.18339E+16
117098,15,0,85,135,2018,5,17,3,3,5,3,0,0,1,0,1,0,0,0,6.36196E+20,5.74787E+21,1.09781E+16,5.18649E+16
117099,15,0,90,285,2018,5,13,5,2,7,1,0,0,0,0,1,0,0,0,7.07049E+20,5.8465E+21,1.20664E+16,5.27287E+16
117100,15,0,81,135,2018,4,8,1,2,8,1,0,0,1,0,0,0,0,0,6.68973E+20,5.82923E+21,1.14943E+16,5.25868E+16
117101,15,0,2,0,2018,4,6,5,3,3,6,0,0,1,0,0,1,0,0,7.06637E+20,5.70968E+21,1.19773E+16,5.15005E+16
117102,15,0,87,275,2018,5,16,4,2,8,1,0,0,0,0,0,0,1,0,6.69379E+20,5.7161E+21,1.14441E+16,5.15705E+16
117103,15,0,82,5,2018,5,10,3,2,5,6,0,0,1,0,0,0,0,0,7.1135E+20,5.74906E+21,1.20689E+16,5.18523E+16
117104,15,0,2,0,2018,5,11,1,2,2,6,0,1,0,0,0,0,0,0,7.08771E+20,5.7011E+21,1.20029E+16,5.14226E+16
117105,15,0,84,355,2018,4,17,5,2,4,6,0,0,1,0,0,0,0,0,6.95508E+20,5.67042E+21,1.17956E+16,5.11518E+16
117106,15,0,2,0,2018,4,16,5,3,3,6,0,0,1,0,0,1,0,0,7.05141E+20,5.70742E+21,1.19544E+16,5.14807E+16
117107,15,0,90,245,2018,5,15,2,2,5,3,0,0,1,0,0,0,0,0,7.01272E+20,5.84286E+21,1.19787E+16,5.26982E+16
117108,15,0,84,355,2018,5,12,7,3,2,6,0,0,1,0,0,0,0,0,6.91602E+20,5.66895E+21,1.1739E+16,5.11399E+16
117109,15,0,82,15,2018,6,18,3,3,5,2,0,0,1,0,1,0,0,0,7.29914E+20,5.72469E+21,1.23219E+16,5.16262E+16
117110,15,0,85,135,2018,5,18,6,3,2,6,0,0,1,0,0,0,1,0,6.43347E+20,5.74934E+21,1.10824E+16,5.18764E+16
117111,15,0,81,455,2018,4,14,7,3,5,2,0,0,1,0,0,0,0,0,6.47141E+20,5.85839E+21,1.11854E+16,5.28551E+16
117112,15,0,86,15,2018,5,9,2,2,5,3,0,1,1,0,0,0,0,0,6.94018E+20,5.79431E+21,1.18433E+16,5.22649E+16
117113,15,0,1,0,2018,5,9,6,3,4,7,0,0,1,0,0,1,1,0,7.22297E+20,5.75367E+21,1.22305E+16,5.18894E+16
117114,15,0,90,415,2018,4,9,6,3,4,6,0,0,0,0,0,1,1,0,6.88092E+20,5.84994E+21,1.1788E+16,5.27665E+16
117115,15,0,84,550,2018,4,7,5,2,0,1,0,1,0,0,0,0,0,0,7.07875E+20,5.67526E+21,1.1975E+16,5.11909E+16
117116,15,0,84,275,2018,5,15,2,3,2,6,0,0,1,0,1,0,0,0,7.17675E+20,5.66034E+21,1.2106E+16,5.10532E+16
117117,15,0,82,15,2018,5,12,1,2,7,6,0,0,1,1,0,0,0,0,7.27664E+20,5.7219E+21,1.22876E+16,5.1602E+16
117118,15,0,81,455,2018,6,11,4,3,0,7,0,0,1,0,0,0,1,0,6.45993E+20,5.86115E+21,1.11696E+16,5.28802E+16
117119,15,0,89,30,2018,5,13,6,2,8,1,0,0,1,0,0,0,0,0,6.8799E+20,5.74274E+21,1.17267E+16,5.18039E+16
117120,15,0,88,216,2018,4,14,6,3,5,6,0,0,1,0,0,1,0,0,6.9513E+20,5.72648E+21,1.1821E+16,5.16554E+16
117121,15,0,82,340,2018,4,14,5,2,5,3,0,0,1,0,1,0,0,0,7.23365E+20,5.71783E+21,1.22231E+16,5.15672E+16
117122,15,0,91,375,2018,5,14,6,3,4,2,0,0,1,0,0,0,0,0,7.50172E+20,5.75247E+21,1.26339E+16,5.18669E+16
117123,15,0,86,15,2018,5,12,5,3,5,2,0,0,1,0,0,0,0,0,6.93646E+20,5.795E+21,1.18382E+16,5.22713E+16
117124,15,0,86,5,2018,6,0,1,3,7,7,2,1,0,0,0,0,0,0,6.86737E+20,5.77977E+21,1.17287E+16,5.21368E+16
117125,15,0,88,100,2018,4,5,1,3,8,7,1,0,0,0,0,1,0,0,6.80245E+20,5.70265E+21,1.15939E+16,5.14463E+16
117126,15,0,88,65,2018,5,13,3,3,5,3,0,1,1,0,0,0,0,0,7.00908E+20,5.68369E+21,1.18801E+16,5.12691E+16
117127,15,0,89,175,2018,4,19,5,3,3,6,1,0,1,0,0,0,0,0,6.68312E+20,5.75153E+21,1.14459E+16,5.18891E+16
117128,15,0,84,315,2018,4,2,6,3,2,6,2,0,0,0,0,1,1,0,7.0991E+20,5.67377E+21,1.20032E+16,5.11767E+16
117129,15,0,89,15,2018,5,14,5,2,5,3,0,1,1,0,0,0,0,0,6.69047E+20,5.73737E+21,1.14496E+16,5.17617E+16
117130,15,0,3,0,2018,4,17,5,3,3,2,0,1,0,0,0,0,1,0,6.79063E+20,5.77984E+21,1.16167E+16,5.214E+16
117131,15,0,91,10,2018,5,14,3,3,3,2,0,1,1,0,0,0,0,0,7.79135E+20,5.73876E+21,1.30426E+16,5.17302E+16
117132,15,0,84,315,2018,5,22,2,2,2,7,2,0,0,0,0,1,1,0,7.10019E+20,5.6741E+21,1.20049E+16,5.11797E+16
117133,15,0,85,230,2018,4,15,5,3,4,2,0,0,1,0,0,0,0,0,6.25971E+20,5.75928E+21,1.08338E+16,5.19699E+16
117134,15,0,87,370,2018,4,11,7,2,9,1,0,0,0,0,1,0,0,0,6.57228E+20,5.71685E+21,1.12693E+16,5.15808E+16
117135,15,0,83,270,2018,4,8,5,3,1,6,0,0,1,0,0,0,0,0,6.63941E+20,5.79558E+21,1.14036E+16,5.22861E+16
117136,15,0,3,0,2018,5,12,3,3,1,2,0,0,1,0,0,0,0,0,6.80669E+20,5.77977E+21,1.16401E+16,5.21389E+16
117137,15,0,85,365,2018,5,7,3,3,5,3,0,0,1,0,0,0,0,0,6.48759E+20,5.75002E+21,1.11613E+16,5.18811E+16
117138,15,0,87,386,2018,4,18,1,3,8,1,0,0,1,0,1,0,0,0,6.87464E+20,5.70921E+21,1.17011E+16,5.15029E+16
117139,15,0,82,256,2018,5,14,1,2,3,1,0,1,1,0,0,0,0,0,6.99284E+20,5.74251E+21,1.18902E+16,5.17979E+16
117140,15,0,90,535,2018,4,7,5,3,5,2,0,0,1,0,0,0,0,0,6.94772E+20,5.82915E+21,1.18746E+16,5.25775E+16
117141,15,0,83,130,2018,4,16,5,3,2,6,0,0,1,0,0,0,0,0,6.77725E+20,5.80138E+21,1.16085E+16,5.23339E+16
117142,15,0,89,15,2018,5,16,1,3,8,7,0,0,1,0,0,0,0,0,6.70481E+20,5.73976E+21,1.14715E+16,5.17827E+16
117143,15,0,85,230,2018,5,10,7,3,2,2,0,0,1,0,0,0,1,0,6.21018E+20,5.76721E+21,1.07645E+16,5.20423E+16
117144,15,0,85,135,2018,6,21,3,3,5,3,0,0,1,0,0,0,0,0,6.41006E+20,5.75068E+21,1.1049E+16,5.18891E+16
117145,15,0,84,150,2018,5,19,5,3,5,3,0,0,1,0,0,0,0,0,6.94357E+20,5.68324E+21,1.17861E+16,5.12673E+16
117146,15,0,88,216,2018,4,5,6,3,5,3,1,0,1,0,0,0,0,0,6.96832E+20,5.72308E+21,1.18437E+16,5.16243E+16
117147,15,0,84,315,2018,4,9,4,2,3,6,0,0,0,0,0,1,1,0,7.13451E+20,5.68046E+21,1.20577E+16,5.12355E+16
117148,15,0,1,0,2018,5,11,5,2,5,3,0,0,1,0,1,0,0,0,7.25974E+20,5.74722E+21,1.22797E+16,5.183E+16
117149,15,0,83,490,2018,5,11,4,3,7,7,0,0,1,0,0,0,0,0,6.75931E+20,5.76236E+21,1.1562E+16,5.19841E+16
117150,15,0,88,330,2018,6,13,6,3,1,2,0,0,1,0,0,0,0,0,7.03406E+20,5.70104E+21,1.19258E+16,5.1424E+16
117151,15,0,91,60,2018,4,11,2,3,3,2,0,0,1,0,1,0,0,0,7.37841E+20,5.75398E+21,1.24562E+16,5.18858E+16
117152,15,0,88,220,2018,4,18,4,3,1,6,0,0,1,0,0,0,0,1,7.09101E+20,5.69352E+21,1.20032E+16,5.13544E+16
117153,15,0,88,295,2018,4,15,6,3,1,6,0,0,1,0,1,0,0,0,7.01126E+20,5.71755E+21,1.19025E+16,5.15731E+16
117154,15,0,84,355,2018,5,10,4,2,5,3,0,1,1,0,0,0,0,0,6.97184E+20,5.67021E+21,1.18194E+16,5.11493E+16
117155,15,0,85,228,2018,5,16,3,1,4,6,0,0,1,0,1,0,0,0,6.26513E+20,5.72406E+21,1.08288E+16,5.16532E+16
117156,15,0,2,0,2018,4,7,4,3,5,3,0,0,1,0,0,0,0,0,7.04984E+20,5.7118E+21,1.19547E+16,5.152E+16
117157,15,0,88,330,2018,5,21,5,3,9,1,1,0,1,0,0,0,0,0,7.0272E+20,5.6949E+21,1.19124E+16,5.13691E+16
117158,15,0,84,590,2018,5,13,4,3,3,6,0,0,1,0,1,0,0,0,7.20876E+20,5.65914E+21,1.21509E+16,5.10413E+16
117159,15,0,89,42,2018,6,2,7,2,2,6,2,0,1,0,0,1,0,0,6.83092E+20,5.76302E+21,1.16665E+16,5.19876E+16
117160,15,0,87,370,2018,4,6,2,3,8,7,0,0,1,0,0,0,0,0,6.56909E+20,5.70217E+21,1.12581E+16,5.14489E+16
117161,15,0,91,375,2018,4,15,4,2,5,3,0,0,1,0,0,0,0,0,7.52894E+20,5.75228E+21,1.26732E+16,5.18639E+16
117162,15,0,87,370,2018,4,8,6,3,0,7,0,0,1,0,0,0,0,0,6.65004E+20,5.71169E+21,1.1379E+16,5.15322E+16
117163,15,0,83,245,2018,5,10,5,3,4,6,0,0,1,0,0,1,0,0,6.52937E+20,5.7621E+21,1.12273E+16,5.19885E+16
117164,15,0,91,160,2018,4,9,4,2,5,3,0,0,1,0,0,0,0,0,7.48374E+20,5.74395E+21,1.26018E+16,5.17912E+16
117165,15,0,83,40,2018,5,17,3,2,8,1,0,0,1,0,0,1,0,0,6.77674E+20,5.7844E+21,1.15988E+16,5.21814E+16
117166,15,0,3,0,2018,5,13,2,3,5,3,0,0,1,0,0,0,1,0,6.78581E+20,5.77873E+21,1.16091E+16,5.21302E+16
117167,15,0,83,323,2018,4,13,4,2,2,6,0,0,0,0,0,1,0,0,6.43203E+20,5.78686E+21,1.10961E+16,5.22135E+16
117168,15,0,86,140,2018,4,16,7,3,2,1,0,0,1,0,0,0,1,0,7.1117E+20,5.79194E+21,1.20928E+16,5.22373E+16
117169,15,0,90,546,2018,4,14,4,3,8,1,0,0,1,0,0,0,0,0,6.99975E+20,5.81265E+21,1.19414E+16,5.24275E+16
117170,15,0,2,0,2018,5,17,3,3,5,2,0,1,1,0,0,0,0,1,7.0724E+20,5.70603E+21,1.19838E+16,5.14675E+16
117171,15,0,82,440,2018,5,9,2,1,3,6,0,0,1,0,0,1,0,0,7.21636E+20,5.72953E+21,1.22055E+16,5.16729E+16
117172,15,0,84,315,2018,5,19,7,3,5,3,0,0,1,0,0,0,0,0,7.17365E+20,5.67584E+21,1.21109E+16,5.11925E+16
117173,15,0,87,130,2018,4,5,4,3,5,2,1,0,1,0,0,1,0,0,6.76542E+20,5.71465E+21,1.15466E+16,5.15552E+16
117174,15,0,86,140,2018,4,21,4,2,9,1,1,0,1,0,0,0,0,0,6.96995E+20,5.77925E+21,1.18781E+16,5.21286E+16
117175,15,0,85,370,2018,5,23,1,3,1,6,2,0,1,0,0,0,0,0,6.24544E+20,5.74089E+21,1.08064E+16,5.1805E+16
117176,15,0,2,0,2018,5,13,6,3,2,6,0,0,1,0,0,0,0,0,7.095E+20,5.70736E+21,1.20171E+16,5.14785E+16
117177,15,0,88,195,2018,6,20,2,3,8,7,1,0,0,0,0,1,0,0,7.11912E+20,5.71025E+21,1.20535E+16,5.15036E+16
117178,15,0,2,0,2018,5,16,5,2,5,2,0,0,1,0,0,0,0,0,7.07378E+20,5.70285E+21,1.19839E+16,5.14388E+16
117179,15,0,2,0,2018,4,2,6,3,0,7,2,0,0,0,1,0,0,0,7.07379E+20,5.70283E+21,1.19839E+16,5.14387E+16
117180,15,0,85,370,2018,4,19,4,3,4,2,2,0,1,0,0,0,0,1,6.21968E+20,5.74895E+21,1.07719E+16,5.18779E+16
117181,15,0,84,490,2018,5,16,4,2,2,6,0,0,1,0,0,0,0,0,7.06915E+20,5.66609E+21,1.1956E+16,5.11089E+16
117182,15,0,88,365,2018,5,13,3,2,8,7,0,0,0,0,1,0,0,0,6.89616E+20,5.69898E+21,1.17266E+16,5.14103E+16
117183,15,0,90,631,2018,6,17,6,2,5,3,0,0,0,0,1,0,1,0,7.11028E+20,5.82731E+21,1.2113E+16,5.25549E+16
117184,15,0,83,270,2018,4,12,2,3,5,2,0,0,1,0,0,0,0,0,6.64217E+20,5.79571E+21,1.14077E+16,5.22872E+16
117185,15,0,88,330,2018,4,7,3,2,0,6,0,1,0,0,0,0,1,0,7.12019E+20,5.69833E+21,1.20479E+16,5.13965E+16
117186,15,0,90,7,2018,5,13,4,2,9,1,0,0,0,0,0,0,1,0,6.7807E+20,5.86269E+21,1.16466E+16,5.28844E+16
117187,15,0,83,130,2018,5,7,3,3,5,3,0,1,1,0,0,0,0,0,6.78524E+20,5.79758E+21,1.16182E+16,5.22995E+16
117188,15,0,91,375,2018,5,11,7,3,2,2,0,0,1,0,0,0,0,0,7.52688E+20,5.75609E+21,1.26731E+16,5.18981E+16
117189,15,0,2,0,2018,4,15,3,2,5,3,0,1,1,0,0,0,0,0,7.07309E+20,5.7073E+21,1.19855E+16,5.14788E+16
117190,15,0,83,270,2018,4,9,7,3,9,1,0,0,0,0,0,0,1,0,6.65617E+20,5.79889E+21,1.14298E+16,5.23153E+16
117191,15,0,84,130,2018,4,18,3,3,2,2,0,0,1,0,0,1,0,0,7.23469E+20,5.66693E+21,1.21926E+16,5.11102E+16
117192,15,0,83,40,2018,5,14,3,3,5,3,0,0,1,0,0,0,1,0,6.76713E+20,5.78438E+21,1.15848E+16,5.21815E+16
117193,15,0,86,145,2018,5,15,2,3,0,6,0,0,1,0,1,0,0,0,6.89242E+20,5.7861E+21,1.17688E+16,5.21929E+16
117194,15,0,83,298,2018,6,8,4,2,2,6,0,0,1,0,0,1,0,0,6.61079E+20,5.78445E+21,1.13564E+16,5.2187E+16
117195,15,0,88,295,2018,5,15,6,2,2,2,0,0,1,0,1,0,0,0,7.04951E+20,5.71377E+21,1.19554E+16,5.15378E+16
117196,15,0,90,435,2018,5,12,1,3,8,1,0,0,0,0,0,0,1,0,6.8805E+20,5.84379E+21,1.17839E+16,5.27113E+16
117197,15,0,91,145,2018,4,14,3,3,8,1,0,0,1,0,0,0,0,0,7.77248E+20,5.75439E+21,1.30278E+16,5.18713E+16
117198,15,0,85,110,2018,4,12,7,2,8,1,0,1,0,0,0,0,0,0,6.57851E+20,5.72843E+21,1.12835E+16,5.16846E+16
117199,15,0,91,375,2018,4,16,3,3,2,6,0,0,1,0,0,0,0,0,7.52045E+20,5.75504E+21,1.2663E+16,5.1889E+16
117200,15,0,85,55,2018,5,23,3,3,8,1,2,0,1,0,0,0,0,1,6.3424E+20,5.74452E+21,1.09484E+16,5.18353E+16
117201,15,0,82,301,2018,5,8,2,2,0,7,0,1,0,0,0,0,0,0,7.28433E+20,5.73427E+21,1.23068E+16,5.17128E+16
117202,15,0,89,310,2018,5,0,7,2,5,3,2,0,1,0,1,0,0,0,6.85183E+20,5.75291E+21,1.16915E+16,5.18961E+16
117203,15,0,91,60,2018,4,2,4,2,2,6,2,0,1,0,0,1,0,1,7.3416E+20,5.75451E+21,1.24032E+16,5.18921E+16
117204,15,0,1,0,2018,4,10,3,3,8,1,0,0,1,0,0,0,0,0,7.21297E+20,5.74465E+21,1.22103E+16,5.18088E+16
117205,15,0,88,25,2018,5,11,7,2,0,6,0,1,0,0,1,0,0,0,6.96213E+20,5.6925E+21,1.18178E+16,5.13499E+16
117206,15,0,85,370,2018,5,8,6,3,4,2,0,0,1,0,0,0,0,0,6.21536E+20,5.7484E+21,1.07654E+16,5.18731E+16
117207,15,0,89,185,2018,6,15,2,3,0,7,0,0,1,0,0,0,0,0,6.80463E+20,5.74277E+21,1.16177E+16,5.18066E+16
117208,15,0,83,415,2018,4,7,3,3,2,6,0,0,1,0,0,0,0,0,6.53949E+20,5.76748E+21,1.12445E+16,5.20366E+16
117209,15,0,85,370,2018,5,16,5,2,5,3,0,1,1,0,0,0,0,0,6.13871E+20,5.73675E+21,1.06503E+16,5.17701E+16
117210,15,0,82,15,2018,4,15,6,3,5,3,0,1,1,0,0,0,0,0,7.27622E+20,5.72186E+21,1.2287E+16,5.16017E+16
117211,15,0,85,370,2018,4,5,3,3,2,6,1,0,1,0,0,0,0,0,6.21132E+20,5.74802E+21,1.07594E+16,5.18698E+16
117212,15,0,1,0,2018,5,12,4,2,5,3,0,0,1,0,0,0,0,0,7.24561E+20,5.75793E+21,1.22662E+16,5.19267E+16
117213,15,0,82,15,2018,5,15,3,2,0,6,0,0,0,0,1,0,0,0,7.25614E+20,5.73177E+21,1.22644E+16,5.16915E+16
117214,15,0,81,30,2018,6,9,6,3,3,2,0,0,1,0,0,0,0,0,6.63251E+20,5.8601E+21,1.14253E+16,5.28659E+16
117215,15,0,85,160,2018,4,20,1,2,1,7,1,0,1,0,0,0,0,0,6.55135E+20,5.74745E+21,1.12527E+16,5.18562E+16
117216,15,0,86,40,2018,4,16,3,3,2,7,0,0,0,0,0,1,1,0,7.20739E+20,5.79389E+21,1.22339E+16,5.22511E+16
117217,15,0,83,565,2018,5,16,5,3,2,6,0,0,1,0,0,0,0,0,6.79965E+20,5.79214E+21,1.16364E+16,5.22502E+16
117218,15,0,85,228,2018,4,16,1,2,8,6,0,0,0,0,1,0,0,0,6.27205E+20,5.72761E+21,1.08401E+16,5.1685E+16
117219,15,0,88,20,2018,5,12,3,2,8,1,0,0,1,0,0,0,0,0,7.12196E+20,5.68632E+21,1.20433E+16,5.12886E+16
117220,15,0,91,145,2018,5,13,2,3,5,3,0,0,1,0,0,0,0,0,7.72731E+20,5.74494E+21,1.29549E+16,5.17887E+16
117221,15,0,83,490,2018,5,8,7,1,9,1,0,0,0,1,0,1,0,0,6.75332E+20,5.76375E+21,1.1554E+16,5.19967E+16
117222,15,0,82,440,2018,4,17,6,3,1,6,0,0,1,0,0,0,0,0,7.21827E+20,5.73188E+21,1.22098E+16,5.1694E+16
117223,15,0,83,298,2018,4,5,3,3,2,7,1,0,0,0,0,1,1,0,6.73865E+20,5.77985E+21,1.15408E+16,5.21418E+16
117224,15,0,2,0,2018,5,7,2,3,3,6,0,0,1,0,0,0,0,0,7.07449E+20,5.70163E+21,1.19842E+16,5.14279E+16
117225,15,0,87,412,2018,5,15,1,3,8,1,0,0,0,0,1,0,0,0,6.37096E+20,5.71253E+21,1.09772E+16,5.15472E+16