OBJECTID_1,ULAND,UREGBEZ,UKREIS,UGEMEINDE,UJAHR,UMONAT,USTUNDE,UWOCHENTAG,UKATEGORIE,UART,UTYP1,ULICHTVERH,IstRad,IstPKW,IstFuss,IstKrad,IstGkfz,IstSonstig,STRZUSTAND,LINREFX,LINREFY,XGCSWGS84,YGCSWGS84
117594,15,0,86,80,2018,7,16,2,2,4,6,0,0,1,0,0,0,0,0,7.09029E+20,5.82273E+21,1.20807E+16,5.25146E+16
117595,15,0,91,145,2018,7,8,3,2,5,3,0,0,1,0,0,0,0,0,7.6835E+20,5.75389E+21,1.28985E+16,5.18711E+16
117596,15,0,3,0,2018,6,18,6,2,0,3,0,1,1,0,0,0,0,0,6.81219E+20,5.7827E+21,1.16497E+16,5.2165E+16
117597,15,0,83,490,2018,7,15,7,3,2,2,0,0,1,0,0,0,1,0,6.78797E+20,5.76532E+21,1.16052E+16,5.20097E+16
117598,15,0,87,31,2018,8,17,3,3,4,6,0,0,1,0,0,0,1,0,6.67245E+20,5.73101E+21,1.14205E+16,5.17051E+16
117599,15,0,81,440,2018,7,7,3,3,5,2,0,0,0,0,1,0,1,0,6.37785E+20,5.84145E+21,1.10394E+16,5.27054E+16
117600,15,0,81,135,2018,8,18,6,2,9,1,0,0,0,0,1,0,0,0,6.55812E+20,5.8201E+21,1.12959E+16,5.25087E+16
117601,15,0,1,0,2018,8,5,3,2,7,7,1,0,0,0,1,0,0,0,7.25342E+20,5.75861E+21,1.2278E+16,5.19325E+16
117602,15,0,82,15,2018,6,17,4,3,1,6,0,0,1,0,0,0,1,0,7.26775E+20,5.72567E+21,1.22772E+16,5.16363E+16
117603,15,0,85,135,2018,9,17,1,3,5,2,0,0,1,0,1,0,0,0,6.39106E+20,5.752E+21,1.1022E+16,5.19013E+16
117604,15,0,82,256,2018,9,9,5,3,8,1,0,0,1,0,0,0,0,0,7.06513E+20,5.74473E+21,1.19962E+16,5.18152E+16
117605,15,0,87,130,2018,8,10,6,3,5,3,0,0,1,0,0,0,1,0,6.77874E+20,5.71043E+21,1.15637E+16,5.15169E+16
117606,15,0,91,375,2018,6,18,3,3,5,3,0,1,1,0,0,0,0,0,7.47976E+20,5.75243E+21,1.26021E+16,5.18675E+16
117607,15,0,85,135,2018,7,23,5,3,5,3,2,0,1,0,0,0,0,0,6.40981E+20,5.75097E+21,1.10488E+16,5.18916E+16
117608,15,0,84,355,2018,8,23,1,3,8,1,2,0,1,0,0,0,0,0,6.94418E+20,5.66394E+21,1.17765E+16,5.10939E+16
117609,15,0,87,412,2018,6,16,7,2,9,1,0,0,0,0,1,0,0,0,6.43693E+20,5.71436E+21,1.1073E+16,5.1562E+16
117610,15,0,84,490,2018,8,13,7,2,5,2,0,0,1,0,1,0,0,0,7.11767E+20,5.67143E+21,1.20283E+16,5.11551E+16
117611,15,0,85,235,2018,7,22,7,2,9,7,2,0,1,0,0,0,0,0,6.48462E+20,5.73441E+21,1.11503E+16,5.17409E+16
117612,15,0,86,15,2018,9,6,5,3,8,1,0,0,1,0,0,0,0,0,6.91997E+20,5.78997E+21,1.18112E+16,5.22266E+16
117613,15,0,87,412,2018,6,17,1,2,5,3,0,0,1,0,1,0,0,0,6.43854E+20,5.7152E+21,1.10757E+16,5.15695E+16
117614,15,0,88,319,2018,7,15,3,3,8,1,0,0,0,0,1,0,0,0,6.89506E+20,5.71495E+21,1.17336E+16,5.15538E+16
117615,15,0,85,145,2018,7,11,1,3,9,1,0,0,0,0,1,0,0,0,6.38566E+20,5.72401E+21,1.10029E+16,5.165E+16
117616,15,0,81,45,2018,7,15,5,3,8,1,0,0,1,0,0,0,0,0,6.40833E+20,5.83841E+21,1.10832E+16,5.26773E+16
117617,15,0,3,0,2018,8,16,4,3,2,6,0,0,1,0,0,0,0,0,6.82065E+20,5.78785E+21,1.16648E+16,5.2211E+16
117618,15,0,3,0,2018,8,19,6,3,0,7,0,0,0,0,1,0,0,1,6.79993E+20,5.77986E+21,1.16303E+16,5.21399E+16
117619,15,0,86,145,2018,6,15,5,2,2,6,0,0,1,0,0,0,0,0,6.90853E+20,5.78859E+21,1.17937E+16,5.22146E+16
117620,15,0,83,30,2018,8,16,5,2,5,3,0,1,1,0,0,0,0,0,6.9223E+20,5.80489E+21,1.18231E+16,5.23605E+16
117621,15,0,83,270,2018,7,10,5,3,5,3,0,1,1,0,0,0,0,0,6.63965E+20,5.79561E+21,1.14039E+16,5.22863E+16
117622,15,0,84,13,2018,9,21,2,2,4,6,2,0,1,0,0,0,0,0,7.06985E+20,5.664E+21,1.19558E+16,5.10901E+16
117623,15,0,89,185,2018,6,16,1,2,3,1,0,0,1,0,0,0,0,0,6.85038E+20,5.74358E+21,1.16844E+16,5.18124E+16
117624,15,0,83,298,2018,9,17,4,3,9,1,0,0,1,0,0,0,0,0,6.62985E+20,5.77983E+21,1.1382E+16,5.21449E+16
117625,15,0,91,160,2018,7,7,5,3,0,1,0,1,0,0,0,0,0,1,7.58252E+20,5.74486E+21,1.27454E+16,5.17948E+16
117626,15,0,91,160,2018,6,12,4,3,6,6,0,0,0,1,0,0,1,0,7.58025E+20,5.74395E+21,1.27414E+16,5.17868E+16
117627,15,0,83,270,2018,6,14,1,2,4,6,0,0,0,0,1,0,0,0,6.6821E+20,5.79502E+21,1.14658E+16,5.22797E+16
117628,15,0,86,140,2018,7,20,2,3,8,7,0,0,1,0,0,0,0,0,7.0773E+20,5.79132E+21,1.20421E+16,5.22331E+16
117629,15,0,88,319,2018,8,15,5,3,2,6,0,0,1,0,1,0,0,0,6.95325E+20,5.70968E+21,1.18145E+16,5.15044E+16
117630,15,0,83,323,2018,8,22,1,3,8,1,2,0,0,0,0,0,1,0,6.45428E+20,5.78625E+21,1.11284E+16,5.22075E+16
117631,15,0,3,0,2018,8,7,5,3,5,2,0,1,1,0,0,0,0,0,6.77695E+20,5.77855E+21,1.15961E+16,5.21289E+16
117632,15,0,82,180,2018,6,8,4,3,5,6,0,1,1,0,0,0,0,0,7.07153E+20,5.73797E+21,1.20014E+16,5.17542E+16
117633,15,0,84,355,2018,6,3,1,1,9,1,1,0,1,0,0,0,0,0,6.99332E+20,5.67072E+21,1.18504E+16,5.11531E+16
117634,15,0,3,0,2018,8,18,1,2,0,7,0,1,0,0,0,0,0,0,6.82681E+20,5.78578E+21,1.16727E+16,5.21921E+16
117635,15,0,82,301,2018,9,7,6,3,8,1,0,0,1,0,0,0,0,1,7.29095E+20,5.7309E+21,1.23141E+16,5.16823E+16
117636,15,0,83,40,2018,9,19,1,3,3,6,0,0,1,0,0,0,0,0,6.74798E+20,5.78303E+21,1.15561E+16,5.217E+16
117637,15,0,85,145,2018,7,8,1,2,8,1,0,0,0,0,1,0,0,0,6.43317E+20,5.72407E+21,1.10716E+16,5.16494E+16
117638,15,0,91,160,2018,6,13,6,3,5,3,0,0,1,0,0,1,0,1,7.46263E+20,5.74585E+21,1.25726E+16,5.18092E+16
117639,15,0,84,590,2018,7,18,2,2,8,7,0,0,1,0,0,0,0,0,7.21967E+20,5.65779E+21,1.21656E+16,5.10288E+16
117640,15,0,91,375,2018,6,12,5,3,9,1,0,1,0,0,0,0,0,0,7.47223E+20,5.75242E+21,1.25912E+16,5.18677E+16
117641,15,0,82,440,2018,7,16,6,2,5,2,0,0,1,0,0,0,0,0,7.12926E+20,5.71963E+21,1.20738E+16,5.15875E+16
117642,15,0,85,135,2018,8,8,3,3,5,3,0,0,1,0,0,0,0,0,6.41595E+20,5.75121E+21,1.10578E+16,5.18936E+16
117643,15,0,91,145,2018,7,7,2,3,2,6,0,0,1,0,0,1,0,0,7.85618E+20,5.74437E+21,1.31408E+16,5.17772E+16
117644,15,0,87,260,2018,8,16,2,3,9,1,0,0,1,0,0,0,0,0,6.73063E+20,5.719E+21,1.14986E+16,5.15955E+16
117645,15,0,88,25,2018,7,15,1,2,8,1,0,0,0,0,1,0,0,0,7.01775E+20,5.69609E+21,1.18996E+16,5.13801E+16
117646,15,0,83,531,2018,9,17,7,2,2,6,0,0,1,0,0,0,0,0,6.73096E+20,5.77651E+21,1.15279E+16,5.2112E+16
117647,15,0,87,260,2018,9,17,4,2,9,1,0,0,1,0,0,0,0,0,6.74821E+20,5.71898E+21,1.1524E+16,5.15947E+16
117648,15,0,88,195,2018,7,10,6,3,2,6,0,0,1,0,0,0,0,0,7.12671E+20,5.7113E+21,1.2065E+16,5.15128E+16
117649,15,0,84,490,2018,8,22,5,2,3,6,2,0,1,0,0,0,1,0,7.07522E+20,5.66886E+21,1.19662E+16,5.11336E+16
117650,15,0,85,330,2018,7,11,3,3,1,6,0,0,1,0,0,0,0,0,6.4412E+20,5.74633E+21,1.10924E+16,5.18492E+16
117651,15,0,91,60,2018,6,13,2,3,2,2,0,0,1,0,1,0,0,0,7.32425E+20,5.75841E+21,1.23807E+16,5.19278E+16
117652,15,0,83,557,2018,6,13,5,3,5,3,0,0,1,0,0,0,0,0,6.68219E+20,5.79526E+21,1.14661E+16,5.2282E+16
117653,15,0,1,0,2018,8,2,1,3,5,3,2,0,1,0,0,0,0,0,7.2299E+20,5.74827E+21,1.22371E+16,5.18406E+16
117654,15,0,84,250,2018,9,6,6,3,0,1,1,0,1,0,1,0,0,1,6.8417E+20,5.68298E+21,1.16401E+16,5.12684E+16
117655,15,0,85,370,2018,6,12,1,3,4,2,0,0,1,0,0,0,0,0,6.21138E+20,5.74802E+21,1.07595E+16,5.18698E+16
117656,15,0,2,0,2018,9,10,1,3,2,6,0,0,1,0,0,0,0,1,7.05774E+20,5.71038E+21,1.19653E+16,5.1507E+16
117657,15,0,87,275,2018,7,18,1,3,3,6,0,1,1,0,0,0,0,0,6.70941E+20,5.71995E+21,1.14685E+16,5.16046E+16
117658,15,0,3,0,2018,7,10,3,3,6,4,0,0,1,1,0,0,0,0,6.82171E+20,5.77924E+21,1.16618E+16,5.21336E+16
117659,15,0,83,565,2018,6,9,6,3,2,6,0,0,1,0,0,0,0,0,6.80113E+20,5.79351E+21,1.16393E+16,5.22625E+16
117660,15,0,91,375,2018,7,15,6,2,1,1,0,0,1,0,0,0,0,0,7.56659E+20,5.75558E+21,1.27303E+16,5.18918E+16
117661,15,0,89,307,2018,8,16,3,2,5,2,0,0,1,0,1,0,0,0,6.63467E+20,5.74073E+21,1.13704E+16,5.17935E+16
117662,15,0,2,0,2018,7,9,2,3,5,2,0,1,1,0,0,0,0,0,7.08581E+20,5.70733E+21,1.20038E+16,5.14786E+16
117663,15,0,85,370,2018,8,15,3,3,6,4,0,0,1,1,0,0,0,0,6.22802E+20,5.74368E+21,1.07821E+16,5.18305E+16
117664,15,0,3,0,2018,7,17,2,3,6,6,0,1,0,1,0,0,0,0,6.80239E+20,5.77305E+21,1.16303E+16,5.20786E+16
117665,15,0,87,165,2018,9,21,7,3,8,1,2,0,1,0,0,0,0,0,6.77701E+20,5.72436E+21,1.15683E+16,5.16421E+16
117666,15,0,85,370,2018,9,15,5,3,4,6,0,0,1,0,0,0,1,0,6.26885E+20,5.74693E+21,1.08426E+16,5.18587E+16
117667,15,0,86,145,2018,7,22,7,3,2,1,1,0,1,0,0,0,0,0,6.88036E+20,5.78991E+21,1.17533E+16,5.22275E+16
117668,15,0,85,228,2018,8,17,6,3,2,6,0,0,1,0,1,0,0,0,6.28731E+20,5.7363E+21,1.08654E+16,5.17627E+16
117669,15,0,87,412,2018,7,13,4,2,8,1,0,0,0,0,1,0,0,0,6.35108E+20,5.71983E+21,1.09514E+16,5.16133E+16
117670,15,0,89,15,2018,8,19,1,3,0,1,0,0,0,0,1,0,0,0,6.73204E+20,5.73889E+21,1.15106E+16,5.17741E+16
117671,15,0,89,245,2018,6,14,7,3,5,3,0,1,1,0,0,0,0,0,6.84021E+20,5.73776E+21,1.16666E+16,5.17605E+16
117672,15,0,88,205,2018,8,17,6,3,2,6,0,0,1,0,0,0,0,0,7.12618E+20,5.68706E+21,1.20498E+16,5.12951E+16
117673,15,0,3,0,2018,7,9,6,3,3,6,0,0,1,0,0,1,0,0,6.80329E+20,5.77982E+21,1.16352E+16,5.21395E+16
117674,15,0,88,216,2018,9,16,4,3,5,3,0,0,0,0,1,0,1,0,7.03217E+20,5.72474E+21,1.19368E+16,5.16369E+16
117675,15,0,85,228,2018,6,17,1,3,8,1,0,0,0,0,1,0,0,0,6.25522E+20,5.72259E+21,1.0814E+16,5.16403E+16
117676,15,0,83,565,2018,7,18,3,3,1,2,0,0,1,0,0,0,0,0,6.79979E+20,5.79217E+21,1.16366E+16,5.22504E+16
117677,15,0,91,145,2018,7,11,7,2,2,2,0,0,1,0,0,0,0,0,7.72713E+20,5.74513E+21,1.29548E+16,5.17904E+16
117678,15,0,90,520,2018,7,18,4,3,2,6,0,0,1,0,0,0,0,0,6.83834E+20,5.86135E+21,1.17314E+16,5.28704E+16
117679,15,0,83,565,2018,8,12,4,2,2,2,0,0,1,0,0,0,0,0,6.80296E+20,5.79382E+21,1.16422E+16,5.22652E+16
117680,15,0,89,15,2018,8,8,5,3,9,1,0,0,1,0,0,0,0,1,6.65248E+20,5.73865E+21,1.13952E+16,5.17743E+16
117681,15,0,84,360,2018,6,6,4,3,5,3,0,0,1,0,0,0,0,0,6.80315E+20,5.6863E+21,1.15866E+16,5.12995E+16
117682,15,0,90,225,2018,8,12,4,3,5,3,0,0,1,0,0,0,0,0,7.16467E+20,5.86073E+21,1.22151E+16,5.28527E+16
117683,15,0,87,412,2018,7,17,4,2,4,6,0,0,1,0,0,0,0,0,6.45449E+20,5.7057E+21,1.10948E+16,5.14837E+16
117684,15,0,86,140,2018,9,16,2,3,8,1,0,0,0,0,0,0,1,0,7.08536E+20,5.79132E+21,1.20539E+16,5.22328E+16
117685,15,0,83,531,2018,6,10,1,2,5,3,0,1,1,0,0,0,0,0,6.66708E+20,5.77675E+21,1.14348E+16,5.21161E+16
117686,15,0,84,550,2018,9,15,3,3,0,7,0,0,0,0,1,0,0,0,7.10347E+20,5.68096E+21,1.20136E+16,5.12412E+16
117687,15,0,89,165,2018,7,10,5,2,9,1,0,0,1,0,0,0,0,1,6.81877E+20,5.7425E+21,1.1638E+16,5.18037E+16
117688,15,0,91,375,2018,6,8,4,2,5,3,0,0,1,0,0,0,1,0,7.51583E+20,5.75428E+21,1.26557E+16,5.18824E+16
117689,15,0,90,535,2018,6,11,7,3,2,6,0,0,1,0,1,0,0,0,6.87688E+20,5.82321E+21,1.17668E+16,5.25266E+16
117690,15,0,83,125,2018,7,7,2,3,2,6,0,0,1,0,0,0,0,0,6.57161E+20,5.80776E+21,1.131E+16,5.23975E+16
117691,15,0,86,145,2018,8,19,5,3,2,6,0,0,1,0,0,0,0,1,6.92759E+20,5.79007E+21,1.18224E+16,5.22272E+16
117692,15,0,85,55,2018,7,1,4,3,3,2,2,0,1,0,0,0,0,0,6.37926E+20,5.73998E+21,1.1E+16,5.17937E+16
117693,15,0,81,105,2018,8,15,1,2,5,3,0,0,1,0,1,0,0,0,6.26293E+20,5.84621E+21,1.08712E+16,5.27509E+16
117694,15,0,88,25,2018,8,13,4,3,0,7,0,0,1,0,0,0,0,0,6.99043E+20,5.70036E+21,1.18627E+16,5.14194E+16
117695,15,0,81,135,2018,6,13,1,2,9,7,0,0,1,0,0,0,0,0,6.64671E+20,5.81775E+21,1.14252E+16,5.24851E+16
117696,15,0,81,455,2018,8,11,1,3,5,3,0,0,1,0,0,0,0,0,6.45639E+20,5.8602E+21,1.11639E+16,5.28718E+16
117697,15,0,85,145,2018,9,18,6,3,3,6,0,0,1,0,0,0,0,0,6.47589E+20,5.72675E+21,1.11344E+16,5.16723E+16
117698,15,0,84,13,2018,9,11,7,3,2,6,0,0,1,0,0,0,0,0,7.07023E+20,5.66221E+21,1.19553E+16,5.1074E+16
117699,15,0,84,590,2018,7,8,7,3,5,3,0,0,1,0,0,0,0,0,7.20678E+20,5.65959E+21,1.21483E+16,5.10454E+16
117700,15,0,3,0,2018,6,9,6,3,3,6,0,0,1,0,1,0,0,0,6.78712E+20,5.77666E+21,1.16099E+16,5.21116E+16
117701,15,0,1,0,2018,7,8,2,3,2,6,0,0,1,0,0,0,0,0,7.28209E+20,5.74619E+21,1.23114E+16,5.18198E+16
117702,15,0,83,120,2018,6,18,5,2,4,6,0,0,1,0,0,0,0,0,6.80019E+20,5.81089E+21,1.16473E+16,5.24186E+16
117703,15,0,85,370,2018,7,11,6,3,5,2,0,0,1,0,0,0,0,0,6.21548E+20,5.74841E+21,1.07656E+16,5.18732E+16
117704,15,0,2,0,2018,8,22,2,3,5,3,2,0,1,0,0,0,0,0,7.07233E+20,5.70622E+21,1.19838E+16,5.14691E+16
117705,15,0,83,490,2018,7,7,2,3,5,3,0,0,1,0,0,0,0,0,6.7409E+20,5.76389E+21,1.1536E+16,5.19984E+16
117706,15,0,83,30,2018,8,23,2,3,7,7,2,0,1,0,0,0,0,0,6.82651E+20,5.8027E+21,1.16814E+16,5.23442E+16
117707,15,0,85,228,2018,7,12,1,2,0,1,0,0,0,0,1,0,0,0,6.15882E+20,5.73342E+21,1.06783E+16,5.17397E+16
117708,15,0,87,412,2018,9,15,6,1,4,6,0,0,1,0,0,0,0,0,6.36582E+20,5.70986E+21,1.09688E+16,5.15234E+16
117709,15,0,90,415,2018,7,23,6,3,3,7,2,0,1,0,0,1,0,0,6.86994E+20,5.84843E+21,1.17709E+16,5.27533E+16
117710,15,0,1,0,2018,8,12,5,3,9,1,0,0,1,0,0,0,0,1,7.21858E+20,5.75986E+21,1.22282E+16,5.19452E+16
117711,15,0,82,440,2018,8,13,7,2,5,3,0,0,1,0,0,0,0,0,7.20034E+20,5.72395E+21,1.21789E+16,5.16235E+16
117712,15,0,2,0,2018,6,9,6,3,0,1,0,1,0,0,0,0,0,0,7.04465E+20,5.70738E+21,1.19447E+16,5.14806E+16
117713,15,0,82,180,2018,8,15,6,3,2,6,0,0,1,0,0,0,1,0,7.09724E+20,5.7376E+21,1.20384E+16,5.175E+16
117714,15,0,85,330,2018,7,10,6,2,5,3,0,0,1,0,0,0,0,0,6.33541E+20,5.73481E+21,1.09345E+16,5.17483E+16
117715,15,0,89,26,2018,9,15,4,2,2,6,0,0,1,0,0,0,1,0,6.97439E+20,5.75081E+21,1.18682E+16,5.1873E+16
117716,15,0,83,298,2018,6,8,1,3,7,7,0,0,1,0,0,0,0,0,6.5698E+20,5.79419E+21,1.1301E+16,5.22756E+16
117717,15,0,84,315,2018,7,11,1,2,8,7,0,0,1,0,0,0,0,0,7.21555E+20,5.68111E+21,1.2174E+16,5.12383E+16
117718,15,0,81,30,2018,7,21,7,3,7,7,1,0,0,0,1,0,0,0,6.58243E+20,5.85804E+21,1.13499E+16,5.28488E+16
117719,15,0,87,370,2018,7,12,3,2,5,3,0,0,0,0,0,1,0,0,6.62073E+20,5.7059E+21,1.13341E+16,5.1481E+16
117720,15,0,87,275,2018,8,16,2,3,3,6,0,0,1,0,1,0,0,0,6.71833E+20,5.71966E+21,1.14812E+16,5.16017E+16
117721,15,0,86,145,2018,8,5,4,3,3,6,1,0,1,0,0,0,0,0,6.88051E+20,5.7899E+21,1.17535E+16,5.22273E+16
117722,15,0,91,20,2018,6,21,3,3,5,3,1,1,1,0,0,0,0,0,7.56481E+20,5.73626E+21,1.27134E+16,5.17185E+16
117723,15,0,84,490,2018,8,15,3,3,0,1,0,0,0,0,1,0,0,1,7.1178E+20,5.66727E+21,1.20261E+16,5.11177E+16
117724,15,0,2,0,2018,7,18,3,3,2,6,0,0,0,0,1,1,0,0,7.05251E+20,5.71113E+21,1.19582E+16,5.1514E+16
117725,15,0,88,195,2018,8,19,7,2,7,7,0,0,1,0,0,0,0,0,7.14888E+20,5.71077E+21,1.20966E+16,5.15071E+16
117726,15,0,87,440,2018,6,18,6,3,2,6,0,0,1,0,0,0,1,0,6.48229E+20,5.70356E+21,1.11339E+16,5.14637E+16
117727,15,0,84,15,2018,8,12,6,3,6,7,0,0,1,1,0,0,0,0,6.80242E+20,5.67565E+21,1.15802E+16,5.12038E+16
117728,15,0,81,135,2018,7,2,6,3,8,7,2,0,0,0,0,1,0,0,6.71308E+20,5.82925E+21,1.15287E+16,5.25863E+16
117729,15,0,84,235,2018,9,10,4,2,5,2,0,1,1,0,0,0,0,0,7.18546E+20,5.67228E+21,1.21256E+16,5.11601E+16
117730,15,0,83,130,2018,6,8,1,3,4,2,0,0,1,0,0,0,0,0,6.7815E+20,5.80118E+21,1.16146E+16,5.2332E+16
117731,15,0,1,0,2018,7,6,2,3,5,3,0,1,0,0,0,0,1,0,7.20362E+20,5.75549E+21,1.22036E+16,5.19065E+16
117732,15,0,86,145,2018,7,13,7,3,3,6,0,0,1,0,0,0,0,0,6.85031E+20,5.78912E+21,1.17089E+16,5.22214E+16
117733,15,0,83,40,2018,7,18,4,3,0,1,0,1,0,0,0,0,0,0,6.77893E+20,5.78595E+21,1.16028E+16,5.21953E+16
117734,15,0,2,0,2018,8,10,3,3,5,3,0,0,1,0,0,0,0,0,6.99479E+20,5.71079E+21,1.18749E+16,5.1513E+16
117735,15,0,87,370,2018,8,14,4,3,0,1,0,0,1,0,0,0,0,0,6.63383E+20,5.70678E+21,1.13533E+16,5.14885E+16
117736,15,0,85,370,2018,6,11,4,3,0,3,0,1,1,0,0,0,0,0,6.21461E+20,5.74328E+21,1.07626E+16,5.18271E+16
117737,15,0,83,415,2018,8,11,4,3,2,2,0,1,1,0,0,0,0,0,6.53913E+20,5.76746E+21,1.12439E+16,5.20363E+16
117738,15,0,84,355,2018,7,8,4,2,8,1,0,0,1,0,0,0,0,0,6.9834E+20,5.66969E+21,1.18356E+16,5.11442E+16
117739,15,0,88,295,2018,9,18,1,3,0,1,0,0,0,0,1,0,0,0,7.11851E+20,5.71811E+21,1.20573E+16,5.15742E+16
117740,15,0,91,110,2018,6,9,7,2,5,3,0,0,1,0,0,0,0,0,7.36909E+20,5.73612E+21,1.24305E+16,5.17258E+16
117741,15,0,83,323,2018,9,8,3,3,1,6,0,0,0,0,0,1,0,0,6.48539E+20,5.78618E+21,1.11738E+16,5.22061E+16
117742,15,0,87,130,2018,7,10,4,2,1,6,0,0,1,0,0,1,0,1,6.76447E+20,5.71517E+21,1.15455E+16,5.156E+16
117743,15,0,83,270,2018,6,14,7,3,5,2,0,0,1,0,0,0,0,0,6.66685E+20,5.79476E+21,1.14434E+16,5.22779E+16
117744,15,0,86,145,2018,7,5,1,2,8,7,1,0,1,0,0,0,0,1,6.89591E+20,5.79012E+21,1.17761E+16,5.22288E+16
117745,15,0,83,531,2018,8,7,5,3,4,6,0,0,1,0,0,0,1,0,6.71263E+20,5.77254E+21,1.14992E+16,5.20769E+16
117746,15,0,2,0,2018,7,17,3,3,2,6,0,0,1,0,1,0,0,0,7.09568E+20,5.70736E+21,1.20181E+16,5.14785E+16
117747,15,0,91,375,2018,8,14,7,3,5,3,0,1,1,0,0,0,0,0,7.5188E+20,5.75477E+21,1.26604E+16,5.18867E+16
117748,15,0,82,340,2018,8,22,4,3,3,6,2,0,1,0,0,1,0,0,7.20459E+20,5.72177E+21,1.21837E+16,5.16037E+16
117749,15,0,88,220,2018,6,9,6,3,9,1,0,0,1,0,0,0,0,1,7.09557E+20,5.69384E+21,1.20099E+16,5.13572E+16
117750,15,0,89,195,2018,8,3,7,3,9,7,2,0,1,0,0,0,0,0,6.8902E+20,5.72579E+21,1.17324E+16,5.16513E+16
117751,15,0,88,20,2018,9,16,5,3,1,6,0,0,1,0,0,0,1,0,7.19103E+20,5.68739E+21,1.21428E+16,5.12956E+16
117752,15,0,84,335,2018,9,18,7,2,8,1,0,0,1,0,0,0,0,0,7.03461E+20,5.66763E+21,1.19076E+16,5.11239E+16
117753,15,0,84,590,2018,6,21,5,2,9,1,0,0,1,0,0,0,0,0,7.19923E+20,5.66966E+21,1.21437E+16,5.11361E+16
117754,15,0,82,241,2018,6,11,4,3,5,3,0,1,1,0,0,0,0,0,7.32839E+20,5.7272E+21,1.23657E+16,5.16475E+16
117755,15,0,88,25,2018,7,17,5,3,2,6,0,0,1,0,0,0,0,0,7.022E+20,5.69561E+21,1.19054E+16,5.13757E+16
117756,15,0,82,5,2018,8,12,2,3,5,3,0,1,1,0,0,0,0,0,7.10515E+20,5.74915E+21,1.20568E+16,5.18534E+16
117757,15,0,2,0,2018,7,1,1,2,5,3,2,0,1,0,0,0,0,0,7.00316E+20,5.70709E+21,1.18848E+16,5.14795E+16
117758,15,0,88,365,2018,8,2,1,2,4,1,2,0,1,0,0,0,0,0,7.01526E+20,5.7039E+21,1.19004E+16,5.14503E+16
117759,15,0,88,319,2018,7,12,7,2,2,6,0,1,0,0,0,0,0,0,6.90762E+20,5.71952E+21,1.17542E+16,5.15944E+16
117760,15,0,83,40,2018,9,16,6,3,2,6,0,0,1,0,0,0,0,0,6.80816E+20,5.78661E+21,1.16459E+16,5.22003E+16
117761,15,0,87,412,2018,7,5,5,3,2,2,0,0,1,0,0,0,0,0,6.417E+20,5.71472E+21,1.10444E+16,5.15657E+16
117762,15,0,86,5,2018,8,16,5,3,2,6,0,0,1,0,0,0,0,1,6.8661E+20,5.77975E+21,1.17268E+16,5.21367E+16
117763,15,0,89,235,2018,8,11,7,3,0,3,0,0,1,0,1,0,0,0,6.90047E+20,5.74665E+21,1.17586E+16,5.18383E+16
117764,15,0,82,301,2018,6,17,6,3,5,3,0,0,1,0,0,0,0,0,7.1992E+20,5.7346E+21,1.2184E+16,5.17192E+16
117765,15,0,88,100,2018,8,17,5,3,1,2,0,0,1,0,0,0,0,0,6.78633E+20,5.69998E+21,1.15693E+16,5.14228E+16
117766,15,0,87,275,2018,7,14,5,1,4,6,0,0,1,0,0,1,0,0,6.66137E+20,5.71313E+21,1.1396E+16,5.15448E+16
117767,15,0,84,135,2018,9,14,3,3,1,6,0,0,1,0,0,0,0,0,6.93147E+20,5.67674E+21,1.17653E+16,5.12094E+16
117768,15,0,82,377,2018,6,23,7,2,4,6,2,0,1,0,0,0,0,0,7.16379E+20,5.7371E+21,1.21343E+16,5.17429E+16
117769,15,0,87,31,2018,7,15,6,3,5,3,0,0,1,0,0,0,0,0,6.69638E+20,5.72926E+21,1.14542E+16,5.16886E+16
117770,15,0,82,340,2018,6,13,2,3,2,6,0,0,1,0,0,0,0,0,7.2092E+20,5.71692E+21,1.21873E+16,5.156E+16
117771,15,0,85,55,2018,7,15,3,3,4,2,0,0,1,0,0,0,0,0,6.37811E+20,5.74051E+21,1.09986E+16,5.17984E+16
117772,15,0,85,227,2018,8,14,2,2,5,3,0,0,1,0,0,0,0,0,6.14657E+20,5.75101E+21,1.06664E+16,5.1898E+16
117773,15,0,89,307,2018,6,9,4,3,5,3,0,0,1,0,0,0,0,0,6.60558E+20,5.74083E+21,1.13283E+16,5.17953E+16
117774,15,0,89,195,2018,6,13,5,3,9,1,0,0,1,0,0,0,0,1,6.91866E+20,5.73466E+21,1.17784E+16,5.173E+16
117775,15,0,84,550,2018,7,15,3,3,1,6,0,0,1,0,1,0,0,0,7.08789E+20,5.67919E+21,1.19903E+16,5.12259E+16
117776,15,0,3,0,2018,6,9,3,3,0,7,0,0,0,0,0,0,1,0,6.82591E+20,5.77289E+21,1.16645E+16,5.20764E+16