OBJECTID_1,ULAND,UREGBEZ,UKREIS,UGEMEINDE,UJAHR,UMONAT,USTUNDE,UWOCHENTAG,UKATEGORIE,UART,UTYP1,ULICHTVERH,IstRad,IstPKW,IstFuss,IstKrad,IstGkfz,IstSonstig,STRZUSTAND,LINREFX,LINREFY,XGCSWGS84,YGCSWGS84
117777,15,0,91,10,2018,8,12,2,3,5,2,0,0,0,0,1,0,1,0,7.72238E+20,5.73772E+21,1.29421E+16,5.17241E+16
117778,15,0,87,275,2018,9,9,7,3,4,1,0,0,1,0,0,0,0,0,6.70254E+20,5.71897E+21,1.14581E+16,5.1596E+16
117779,15,0,86,140,2018,6,14,7,2,2,6,0,0,1,0,0,1,1,0,7.10352E+20,5.79172E+21,1.20807E+16,5.22356E+16
117780,15,0,82,340,2018,9,6,2,3,5,2,0,0,1,0,1,0,0,0,7.26437E+20,5.72315E+21,1.22707E+16,5.16137E+16
117781,15,0,91,145,2018,7,13,2,3,9,1,0,0,1,0,0,0,0,0,7.71787E+20,5.74591E+21,1.2942E+16,5.17979E+16
117782,15,0,2,0,2018,7,9,3,3,9,7,0,0,1,0,0,0,0,0,7.08968E+20,5.70097E+21,1.20056E+16,5.14214E+16
117783,15,0,89,30,2018,6,13,6,3,9,6,0,0,1,0,0,0,1,0,6.84047E+20,5.73566E+21,1.16658E+16,5.17416E+16
117784,15,0,89,235,2018,7,13,7,3,9,6,0,0,1,0,1,0,0,0,6.93295E+20,5.74723E+21,1.18061E+16,5.18424E+16
117785,15,0,88,235,2018,8,16,3,3,4,2,0,0,1,0,0,0,0,0,6.94927E+20,5.68869E+21,1.17972E+16,5.1316E+16
117786,15,0,83,490,2018,7,16,3,3,2,6,0,0,1,0,0,0,0,0,6.72293E+20,5.76618E+21,1.1511E+16,5.20194E+16
117787,15,0,91,145,2018,8,12,6,3,5,2,0,1,1,0,0,0,0,0,7.72721E+20,5.74513E+21,1.29549E+16,5.17904E+16
117788,15,0,87,31,2018,8,14,3,3,5,2,0,0,1,0,1,0,0,0,6.67793E+20,5.7312E+21,1.14285E+16,5.17066E+16
117789,15,0,85,228,2018,9,15,1,3,0,1,0,0,0,0,1,0,0,0,6.21473E+20,5.72752E+21,1.07572E+16,5.16855E+16
117790,15,0,2,0,2018,8,15,6,3,1,6,0,0,1,0,0,0,0,0,7.06165E+20,5.7072E+21,1.1969E+16,5.14784E+16
117791,15,0,91,375,2018,9,6,5,3,1,6,1,1,0,0,0,0,0,0,7.51066E+20,5.75326E+21,1.26475E+16,5.18735E+16
117792,15,0,85,140,2018,9,17,7,3,2,6,0,0,1,0,0,0,0,0,6.44302E+20,5.748E+21,1.10958E+16,5.18641E+16
117793,15,0,89,41,2018,9,18,1,3,5,3,0,0,1,0,0,0,0,0,6.73492E+20,5.75707E+21,1.15238E+16,5.19373E+16
117794,15,0,90,546,2018,6,13,7,3,8,1,0,0,1,0,0,0,0,0,6.85195E+20,5.8203E+21,1.17285E+16,5.25014E+16
117795,15,0,83,323,2018,9,10,3,3,5,3,0,0,1,0,0,0,0,0,6.45604E+20,5.78676E+21,1.11311E+16,5.2212E+16
117796,15,0,3,0,2018,7,16,4,3,3,6,0,0,1,0,0,0,0,0,6.82004E+20,5.78783E+21,1.16639E+16,5.22108E+16
117797,15,0,84,130,2018,6,21,6,2,4,6,0,0,1,0,1,0,0,0,7.23662E+20,5.6613E+21,1.21919E+16,5.10596E+16
117798,15,0,84,315,2018,7,1,7,3,9,6,2,0,1,0,0,0,1,0,7.19439E+20,5.68117E+21,1.21438E+16,5.12396E+16
117799,15,0,88,220,2018,8,10,4,3,1,6,0,0,1,0,0,0,0,0,7.0982E+20,5.69401E+21,1.20138E+16,5.13585E+16
117800,15,0,3,0,2018,7,6,3,2,2,6,0,0,0,0,0,1,0,0,6.76316E+20,5.78376E+21,1.15787E+16,5.21761E+16
117801,15,0,84,490,2018,8,12,6,3,2,6,0,0,1,0,0,0,0,0,7.08488E+20,5.67083E+21,1.19812E+16,5.11509E+16
117802,15,0,3,0,2018,8,15,4,3,2,6,0,0,1,0,0,0,0,0,6.7856E+20,5.77645E+21,1.16076E+16,5.21097E+16
117803,15,0,83,557,2018,8,21,7,3,4,6,1,0,1,0,0,0,0,0,6.6977E+20,5.79459E+21,1.14885E+16,5.22754E+16
117804,15,0,87,412,2018,9,14,5,3,5,3,0,0,1,0,0,0,0,0,6.42577E+20,5.71786E+21,1.10584E+16,5.15937E+16
117805,15,0,89,55,2018,9,19,7,2,8,1,1,0,0,0,1,0,0,0,6.9287E+20,5.75223E+21,1.18027E+16,5.18875E+16
117806,15,0,91,60,2018,6,14,5,3,8,1,0,0,1,0,0,0,0,1,7.37375E+20,5.76093E+21,1.24543E+16,5.19483E+16
117807,15,0,3,0,2018,6,15,4,3,0,3,0,1,1,0,0,0,0,0,6.80794E+20,5.78525E+21,1.16449E+16,5.2188E+16
117808,15,0,91,375,2018,7,13,5,2,2,2,0,0,1,0,0,1,0,0,7.55179E+20,5.76016E+21,1.27122E+16,5.19336E+16
117809,15,0,85,135,2018,8,18,2,3,5,2,0,0,1,0,1,0,0,0,6.44223E+20,5.75278E+21,1.10966E+16,5.19071E+16
117810,15,0,85,370,2018,7,14,1,2,8,1,0,0,0,0,1,0,0,0,6.19864E+20,5.73918E+21,1.0738E+16,5.17906E+16
117811,15,0,82,440,2018,8,8,1,3,2,6,0,0,1,0,0,0,0,0,7.15255E+20,5.724E+21,1.211E+16,5.16257E+16
117812,15,0,89,42,2018,7,1,7,3,8,1,2,0,1,0,0,0,0,0,6.85309E+20,5.75743E+21,1.16957E+16,5.19367E+16
117813,15,0,83,270,2018,9,10,6,3,5,3,0,0,1,0,0,0,0,0,6.65303E+20,5.79318E+21,1.14224E+16,5.22641E+16
117814,15,0,85,110,2018,6,13,3,3,2,6,0,0,1,0,0,0,0,0,6.59612E+20,5.73383E+21,1.13114E+16,5.17326E+16
117815,15,0,82,301,2018,7,7,5,2,5,3,0,0,1,0,0,0,0,0,7.24382E+20,5.73395E+21,1.2248E+16,5.17115E+16
117816,15,0,88,330,2018,8,13,4,3,5,3,0,0,1,0,1,0,0,0,7.04735E+20,5.70199E+21,1.19454E+16,5.1432E+16
117817,15,0,3,0,2018,8,7,6,3,2,2,0,0,1,0,0,0,0,0,6.83467E+20,5.77168E+21,1.16766E+16,5.20653E+16
117818,15,0,85,135,2018,6,12,6,3,5,3,0,0,1,0,1,0,0,0,6.46802E+20,5.75522E+21,1.11351E+16,5.19283E+16
117819,15,0,91,160,2018,8,12,5,3,7,7,0,0,1,0,0,0,0,0,7.4194E+20,5.73974E+21,1.25057E+16,5.17562E+16
117820,15,0,82,256,2018,7,13,5,3,1,6,0,0,1,0,0,0,1,0,7.01951E+20,5.73747E+21,1.19259E+16,5.17517E+16
117821,15,0,86,15,2018,9,15,3,3,2,2,0,0,1,0,0,0,0,0,6.96585E+20,5.79459E+21,1.1881E+16,5.22665E+16
117822,15,0,90,550,2018,6,19,7,3,7,7,0,0,1,0,0,0,0,0,7.04331E+20,5.82692E+21,1.20141E+16,5.25539E+16
117823,15,0,85,370,2018,7,17,6,3,5,3,0,1,0,0,1,0,0,0,6.22549E+20,5.74416E+21,1.07786E+16,5.18348E+16
117824,15,0,85,55,2018,6,18,2,3,8,1,0,0,0,0,1,0,0,0,6.38868E+20,5.73716E+21,1.10125E+16,5.17681E+16
117825,15,0,85,135,2018,7,20,3,2,5,2,0,1,1,0,0,0,0,0,6.42191E+20,5.75182E+21,1.10667E+16,5.1899E+16
117826,15,0,82,15,2018,8,12,6,3,5,3,0,0,1,0,0,1,0,0,7.27556E+20,5.7218E+21,1.2286E+16,5.16012E+16
117827,15,0,88,330,2018,8,12,1,3,1,6,0,0,1,0,0,0,0,0,7.14207E+20,5.69426E+21,1.20768E+16,5.13592E+16
117828,15,0,3,0,2018,6,11,4,3,5,3,0,0,1,0,0,1,0,0,6.79683E+20,5.78233E+21,1.16271E+16,5.21622E+16
117829,15,0,87,130,2018,8,10,5,3,5,3,0,0,1,0,0,1,0,0,6.76543E+20,5.71464E+21,1.15466E+16,5.15552E+16
117830,15,0,86,15,2018,7,8,3,3,1,6,0,0,1,0,0,1,0,0,6.92987E+20,5.7899E+21,1.18257E+16,5.22257E+16
117831,15,0,88,305,2018,6,15,2,2,8,1,0,0,1,0,0,0,0,0,6.70474E+20,5.68948E+21,1.14471E+16,5.1331E+16
117832,15,0,87,412,2018,8,15,1,2,9,1,0,0,0,0,1,0,0,0,6.35062E+20,5.71987E+21,1.09507E+16,5.16137E+16
117833,15,0,83,298,2018,9,11,7,3,2,6,0,0,1,0,0,0,0,0,6.71802E+20,5.7841E+21,1.15129E+16,5.21806E+16
117834,15,0,90,535,2018,6,0,7,3,2,7,2,0,1,0,0,0,0,0,6.90583E+20,5.83914E+21,1.18186E+16,5.26687E+16
117835,15,0,85,285,2018,9,11,2,3,5,2,0,0,1,0,0,0,0,0,6.45077E+20,5.76269E+21,1.11132E+16,5.19959E+16
117836,15,0,83,323,2018,7,6,2,2,5,3,0,0,1,0,0,0,0,0,6.48249E+20,5.78777E+21,1.11703E+16,5.22204E+16
117837,15,0,82,340,2018,7,8,3,2,9,1,0,0,1,0,0,0,0,1,7.23299E+20,5.71796E+21,1.22222E+16,5.15684E+16
117838,15,0,86,80,2018,6,15,6,3,5,2,0,0,1,0,0,0,0,0,7.09276E+20,5.81746E+21,1.2081E+16,5.24672E+16
117839,15,0,87,370,2018,7,21,6,2,4,2,1,0,1,0,0,0,0,0,6.62073E+20,5.7059E+21,1.13341E+16,5.1481E+16
117840,15,0,1,0,2018,8,4,3,3,5,3,1,1,1,0,0,0,0,0,7.21422E+20,5.74731E+21,1.22138E+16,5.18326E+16
117841,15,0,87,412,2018,7,13,2,3,8,1,0,0,1,0,0,0,0,0,6.44781E+20,5.70497E+21,1.10849E+16,5.14773E+16
117842,15,0,88,65,2018,8,20,5,2,2,6,1,0,1,0,1,0,0,0,7.05115E+20,5.68944E+21,1.19437E+16,5.13192E+16
117843,15,0,90,546,2018,8,12,3,3,5,3,0,0,1,0,0,0,0,0,6.88439E+20,5.81249E+21,1.17718E+16,5.24301E+16
117844,15,0,83,298,2018,6,18,4,3,2,6,0,0,1,0,0,1,1,0,6.73383E+20,5.77843E+21,1.15331E+16,5.21291E+16
117845,15,0,88,150,2018,9,21,7,3,8,1,2,0,1,0,0,0,0,0,7.18417E+20,5.70353E+21,1.21429E+16,5.14408E+16
117846,15,0,90,70,2018,9,22,5,3,7,7,2,0,0,0,1,0,0,0,6.75637E+20,5.83047E+21,1.15932E+16,5.25958E+16
117847,15,0,82,430,2018,8,15,6,2,5,2,0,0,1,0,0,0,0,0,7.07507E+20,5.76625E+21,1.20235E+16,5.2008E+16
117848,15,0,81,240,2018,7,15,5,2,8,7,0,0,1,0,0,0,0,0,6.66316E+20,5.84525E+21,1.14632E+16,5.27315E+16
117849,15,0,86,145,2018,8,17,1,3,1,6,0,0,1,0,0,0,0,0,6.8513E+20,5.78916E+21,1.17104E+16,5.22217E+16
117850,15,0,83,298,2018,6,7,7,2,8,1,0,0,0,0,0,0,1,0,6.6534E+20,5.78471E+21,1.14187E+16,5.2188E+16
117851,15,0,90,546,2018,8,18,7,3,2,6,0,1,0,0,1,0,0,0,6.8964E+20,5.81698E+21,1.1792E+16,5.247E+16
117852,15,0,85,285,2018,7,4,7,1,8,1,1,0,1,0,0,0,0,0,6.48092E+20,5.75801E+21,1.11551E+16,5.1953E+16
117853,15,0,85,228,2018,9,9,5,2,0,1,0,1,0,0,0,0,0,1,6.24624E+20,5.73751E+21,1.08064E+16,5.17746E+16
117854,15,0,89,235,2018,6,17,7,3,5,3,0,0,1,0,0,0,0,0,6.84774E+20,5.74783E+21,1.16828E+16,5.18506E+16
117855,15,0,91,375,2018,7,8,3,3,5,2,0,1,1,0,0,0,0,0,7.49942E+20,5.75235E+21,1.26305E+16,5.18658E+16
117856,15,0,87,130,2018,7,16,7,2,8,7,0,0,1,0,0,0,0,0,6.7787E+20,5.70243E+21,1.15596E+16,5.14451E+16
117857,15,0,88,365,2018,7,10,4,3,5,3,0,0,1,0,1,0,0,0,7.02795E+20,5.70144E+21,1.19173E+16,5.14278E+16
117858,15,0,86,40,2018,8,14,4,3,5,3,0,1,1,0,0,0,0,0,7.13739E+20,5.81243E+21,1.21433E+16,5.24203E+16
117859,15,0,86,40,2018,6,16,4,3,2,2,0,0,1,0,0,0,0,0,7.15898E+20,5.81114E+21,1.21742E+16,5.24079E+16
117860,15,0,85,135,2018,8,13,6,3,1,2,0,0,1,0,0,0,0,0,6.4285E+20,5.74969E+21,1.10754E+16,5.18796E+16
117861,15,0,85,55,2018,6,21,5,3,8,1,0,0,0,0,1,0,0,0,6.33985E+20,5.73928E+21,1.09426E+16,5.17884E+16
117862,15,0,2,0,2018,8,17,4,3,1,6,0,0,1,0,0,1,0,0,7.073E+20,5.70483E+21,1.19839E+16,5.14566E+16
117863,15,0,81,135,2018,7,10,5,3,9,7,0,0,0,0,0,1,0,0,6.60342E+20,5.82254E+21,1.13638E+16,5.25294E+16
117864,15,0,84,550,2018,9,5,2,3,5,3,2,1,0,0,0,0,1,0,7.06881E+20,5.67595E+21,1.19612E+16,5.11975E+16
117865,15,0,89,305,2018,6,17,7,2,5,2,0,0,1,0,1,0,0,0,6.89509E+20,5.76783E+21,1.17625E+16,5.20287E+16
117866,15,0,84,355,2018,9,17,3,3,3,2,0,1,1,0,0,0,0,0,6.97237E+20,5.67018E+21,1.18201E+16,5.11491E+16
117867,15,0,2,0,2018,6,12,3,3,0,6,0,0,1,0,0,0,0,0,7.07468E+20,5.70153E+21,1.19844E+16,5.1427E+16
117868,15,0,3,0,2018,7,14,5,3,1,6,0,0,1,0,0,1,0,0,6.82282E+20,5.78778E+21,1.1668E+16,5.22103E+16
117869,15,0,88,195,2018,8,11,1,2,8,1,0,0,0,0,0,0,1,0,7.14388E+20,5.71495E+21,1.2092E+16,5.15449E+16
117870,15,0,81,45,2018,7,19,1,3,2,2,0,0,1,0,0,0,0,0,6.43506E+20,5.83766E+21,1.11223E+16,5.26698E+16
117871,15,0,88,216,2018,8,18,7,3,3,6,0,0,1,0,0,0,1,0,6.9773E+20,5.72411E+21,1.18572E+16,5.16332E+16
117872,15,0,89,307,2018,7,6,7,2,5,3,0,0,1,0,0,0,0,0,6.63567E+20,5.7388E+21,1.13709E+16,5.17762E+16
117873,15,0,82,440,2018,9,8,5,3,3,6,0,0,1,0,0,1,0,0,7.21897E+20,5.73308E+21,1.22116E+16,5.17047E+16
117874,15,0,85,370,2018,6,15,7,2,2,6,0,1,0,0,0,0,0,0,6.13648E+20,5.73857E+21,1.06477E+16,5.17864E+16
117875,15,0,85,370,2018,7,9,5,3,0,7,0,1,1,0,0,0,0,0,6.21156E+20,5.74315E+21,1.07581E+16,5.1826E+16
117876,15,0,84,355,2018,8,16,4,3,2,6,0,0,1,0,1,0,0,0,6.92819E+20,5.66961E+21,1.17568E+16,5.11454E+16
117877,15,0,82,15,2018,8,5,6,3,9,3,1,0,1,0,0,0,0,0,7.2677E+20,5.72567E+21,1.22772E+16,5.16363E+16
117878,15,0,89,185,2018,6,13,5,2,4,6,0,0,1,0,0,1,0,0,6.85712E+20,5.74125E+21,1.16929E+16,5.17912E+16
117879,15,0,3,0,2018,8,8,5,3,5,2,0,1,0,0,0,0,1,0,6.81788E+20,5.77948E+21,1.16563E+16,5.21359E+16
117880,15,0,85,235,2018,7,9,5,3,4,6,0,0,1,0,1,0,0,0,6.45263E+20,5.73179E+21,1.11029E+16,5.17182E+16
117881,15,0,81,30,2018,9,15,3,3,4,3,0,0,1,0,0,0,1,0,6.68273E+20,5.8533E+21,1.14963E+16,5.28032E+16
117882,15,0,85,135,2018,6,12,7,3,5,2,0,0,1,0,0,0,0,0,6.42023E+20,5.75077E+21,1.10638E+16,5.18896E+16
117883,15,0,87,386,2018,7,13,5,3,8,1,0,0,1,0,0,0,0,0,6.8449E+20,5.70405E+21,1.16556E+16,5.14575E+16
117884,15,0,89,26,2018,6,20,1,3,5,3,0,0,1,0,0,0,0,0,6.96799E+20,5.75143E+21,1.18593E+16,5.18789E+16
117885,15,0,91,241,2018,7,9,2,3,9,6,0,0,1,0,0,0,1,0,7.30033E+20,5.75015E+21,1.23404E+16,5.18546E+16
117886,15,0,85,230,2018,8,14,6,3,4,6,0,0,1,0,0,0,0,0,6.22681E+20,5.76456E+21,1.07878E+16,5.20181E+16
117887,15,0,84,590,2018,8,10,1,3,5,3,0,0,1,0,0,0,0,0,7.17507E+20,5.66448E+21,1.21061E+16,5.10905E+16
117888,15,0,86,80,2018,6,19,4,2,9,1,0,0,1,0,0,0,0,0,7.19358E+20,5.81567E+21,1.2228E+16,5.24471E+16
117889,15,0,82,256,2018,8,20,5,1,0,3,2,0,0,0,0,1,1,0,7.0244E+20,5.74322E+21,1.19363E+16,5.18031E+16
117890,15,0,87,370,2018,7,14,2,3,9,1,0,0,1,0,0,0,0,0,6.62095E+20,5.70121E+21,1.13323E+16,5.14388E+16
117891,15,0,83,298,2018,6,12,2,3,8,1,0,0,0,0,1,0,0,0,6.73462E+20,5.78161E+21,1.15359E+16,5.21577E+16
117892,15,0,82,301,2018,8,15,1,3,2,6,0,0,1,0,0,0,0,0,7.24706E+20,5.7334E+21,1.22524E+16,5.17065E+16
117893,15,0,1,0,2018,9,21,6,3,2,6,2,0,1,0,0,0,1,0,7.21291E+20,5.74472E+21,1.22102E+16,5.18094E+16
117894,15,0,90,70,2018,6,16,7,1,8,1,0,0,0,0,1,0,0,0,6.71502E+20,5.83298E+21,1.15335E+16,5.26197E+16
117895,15,0,82,340,2018,9,14,1,2,8,1,0,0,1,0,0,0,0,1,7.20796E+20,5.71613E+21,1.2185E+16,5.1553E+16
117896,15,0,90,70,2018,7,10,1,3,2,6,0,0,1,0,1,0,1,0,6.72426E+20,5.84416E+21,1.1553E+16,5.27198E+16
117897,15,0,85,135,2018,7,12,3,3,5,3,0,1,1,0,0,0,0,0,6.42751E+20,5.74981E+21,1.1074E+16,5.18808E+16
117898,15,0,88,295,2018,6,10,5,2,1,6,0,0,1,0,0,0,0,0,7.0731E+20,5.71699E+21,1.19912E+16,5.15658E+16
117899,15,0,82,377,2018,7,7,6,3,2,6,0,0,1,0,0,0,0,0,7.13251E+20,5.72909E+21,1.20842E+16,5.16723E+16
117900,15,0,3,0,2018,8,6,3,3,3,6,0,0,1,0,1,0,0,0,6.81771E+20,5.78277E+21,1.16578E+16,5.21655E+16
117901,15,0,84,355,2018,7,10,2,3,1,6,0,0,1,0,0,0,0,0,6.94344E+20,5.67362E+21,1.17807E+16,5.1181E+16
117902,15,0,83,490,2018,8,13,3,3,5,3,0,0,1,0,0,0,0,0,6.72127E+20,5.76555E+21,1.15083E+16,5.20138E+16
117903,15,0,83,415,2018,7,17,2,3,5,3,0,0,1,0,0,0,1,0,6.57828E+20,5.76221E+21,1.12985E+16,5.19881E+16
117904,15,0,91,160,2018,9,9,7,2,5,3,0,0,1,0,0,0,0,0,7.48374E+20,5.74395E+21,1.26018E+16,5.17911E+16
117905,15,0,85,135,2018,9,7,5,3,1,6,0,0,1,0,0,0,0,0,6.38477E+20,5.74942E+21,1.10118E+16,5.18784E+16
117906,15,0,85,135,2018,7,11,7,2,3,6,0,0,1,0,0,0,0,0,6.41596E+20,5.75124E+21,1.10578E+16,5.18939E+16
117907,15,0,85,135,2018,8,6,6,2,8,7,0,0,1,0,0,0,0,0,6.37466E+20,5.75509E+21,1.09994E+16,5.19296E+16
117908,15,0,1,0,2018,7,6,4,2,5,3,0,1,1,0,0,0,0,0,7.22493E+20,5.75354E+21,1.22333E+16,5.18881E+16
117909,15,0,85,370,2018,8,14,1,3,5,3,0,0,1,0,0,0,0,0,6.23286E+20,5.74669E+21,1.07902E+16,5.18574E+16
117910,15,0,85,235,2018,6,18,7,3,1,2,0,0,1,0,0,0,0,0,6.4664E+20,5.74014E+21,1.11263E+16,5.17929E+16
117911,15,0,88,150,2018,8,18,6,1,4,2,0,0,1,0,0,0,0,0,7.15191E+20,5.70277E+21,1.20961E+16,5.14352E+16
117912,15,0,84,490,2018,7,5,6,1,2,6,0,0,1,0,0,0,0,0,7.11574E+20,5.67167E+21,1.20257E+16,5.11573E+16
117913,15,0,87,130,2018,9,14,4,2,4,3,0,0,1,0,0,0,0,0,6.76449E+20,5.71516E+21,1.15455E+16,5.15599E+16
117914,15,0,2,0,2018,6,13,6,3,3,6,0,0,1,0,1,0,0,0,7.13817E+20,5.70754E+21,1.20793E+16,5.14785E+16
117915,15,0,88,195,2018,7,7,2,2,9,1,0,0,1,0,0,0,0,0,7.08986E+20,5.71419E+21,1.20137E+16,5.154E+16
117916,15,0,91,160,2018,7,14,7,3,0,7,0,0,0,0,1,0,1,1,7.47606E+20,5.74229E+21,1.25895E+16,5.17767E+16
117917,15,0,85,228,2018,7,14,4,3,1,3,0,0,1,0,0,0,1,0,6.17364E+20,5.72833E+21,1.06981E+16,5.16936E+16
117918,15,0,87,130,2018,8,7,3,2,0,7,0,0,1,0,0,0,0,0,6.73623E+20,5.70199E+21,1.14983E+16,5.14424E+16
117919,15,0,85,145,2018,6,11,4,3,4,6,0,0,1,0,0,0,1,0,6.4711E+20,5.72502E+21,1.11268E+16,5.16569E+16
117920,15,0,85,227,2018,8,15,5,3,4,2,0,0,1,0,0,0,0,0,6.2197E+20,5.74894E+21,1.07719E+16,5.18779E+16
117921,15,0,84,285,2018,6,18,4,2,4,6,0,1,1,0,0,0,0,0,6.88757E+20,5.67717E+21,1.17027E+16,5.12147E+16
117922,15,0,3,0,2018,8,18,4,2,3,6,0,1,0,0,0,0,0,0,6.81289E+20,5.785E+21,1.1652E+16,5.21856E+16
117923,15,0,2,0,2018,7,15,4,3,5,3,0,1,1,0,0,0,0,0,7.10876E+20,5.70743E+21,1.20369E+16,5.14787E+16
117924,15,0,86,15,2018,9,15,2,3,5,3,0,0,1,0,0,0,0,0,6.91599E+20,5.79557E+21,1.18086E+16,5.22771E+16
117925,15,0,87,370,2018,6,13,6,3,2,6,0,0,1,0,0,0,1,0,6.60313E+20,5.70653E+21,1.13091E+16,5.14872E+16
117926,15,0,91,375,2018,9,17,3,3,5,2,0,0,0,0,1,0,1,0,7.48479E+20,5.75232E+21,1.26093E+16,5.18662E+16
117927,15,0,3,0,2018,7,23,5,3,5,3,2,0,1,0,0,0,0,1,6.7812E+20,5.77971E+21,1.16029E+16,5.21391E+16
117928,15,0,85,330,2018,6,17,7,2,8,1,0,0,0,0,1,0,0,0,6.35806E+20,5.72822E+21,1.09647E+16,5.16885E+16
117929,15,0,88,20,2018,7,12,1,2,2,6,0,0,1,0,0,0,0,0,7.15745E+20,5.68351E+21,1.20924E+16,5.12621E+16
117930,15,0,85,228,2018,8,9,5,2,5,3,0,1,1,0,0,0,0,0,6.28496E+20,5.72869E+21,1.08592E+16,5.16944E+16
117931,15,0,83,270,2018,7,19,4,2,4,6,0,0,1,0,0,0,0,0,6.68171E+20,5.7945E+21,1.1465E+16,5.22751E+16
117932,15,0,87,250,2018,8,11,7,2,2,2,0,0,0,0,1,0,0,0,6.42547E+20,5.69944E+21,1.10505E+16,5.14282E+16
117933,15,0,83,125,2018,6,7,4,3,7,7,0,0,1,0,0,0,0,0,6.51964E+20,5.8069E+21,1.12332E+16,5.23913E+16
117934,15,0,88,25,2018,8,6,4,3,3,6,1,0,1,0,1,0,0,0,7.00829E+20,5.69637E+21,1.18861E+16,5.1383E+16
117935,15,0,87,440,2018,6,22,7,3,2,7,2,0,1,0,0,0,0,0,6.5209E+20,5.70322E+21,1.11893E+16,5.14597E+16
117936,15,0,91,375,2018,8,15,7,3,2,2,0,0,1,0,0,0,0,0,7.45321E+20,5.74842E+21,1.25608E+16,5.18326E+16
117937,15,0,83,270,2018,9,9,6,3,2,7,0,0,0,0,1,0,1,0,6.61802E+20,5.79535E+21,1.13721E+16,5.22847E+16
117938,15,0,88,220,2018,9,12,7,2,1,6,0,0,1,0,0,0,0,0,7.10744E+20,5.69402E+21,1.2027E+16,5.13583E+16
117939,15,0,86,140,2018,6,15,6,3,5,3,0,1,1,0,0,0,0,0,7.02168E+20,5.78098E+21,1.19546E+16,5.21423E+16
117940,15,0,88,305,2018,6,17,4,3,8,1,0,0,1,0,0,0,0,0,6.78862E+20,5.68598E+21,1.15656E+16,5.12971E+16
117941,15,0,85,40,2018,7,11,6,2,8,1,0,0,1,0,0,0,0,0,6.49982E+20,5.72986E+21,1.11703E+16,5.16996E+16
117942,15,0,91,10,2018,8,15,2,3,6,4,0,0,0,1,1,0,0,0,7.71315E+20,5.73073E+21,1.29233E+16,5.16619E+16
117943,15,0,83,270,2018,7,18,2,3,2,2,0,0,1,0,0,0,0,0,6.64984E+20,5.79517E+21,1.14186E+16,5.22821E+16
117944,15,0,83,270,2018,8,16,2,3,5,3,0,0,1,0,0,0,0,0,6.68015E+20,5.79423E+21,1.14626E+16,5.22727E+16
117945,15,0,83,298,2018,7,16,1,3,4,7,0,0,1,0,0,0,0,0,6.70538E+20,5.78349E+21,1.14941E+16,5.21755E+16
117946,15,0,82,15,2018,7,12,5,3,5,3,0,0,1,0,0,1,0,0,7.21365E+20,5.72535E+21,1.2199E+16,5.16355E+16
117947,15,0,88,25,2018,6,15,7,2,8,7,0,0,0,0,0,1,0,0,6.9621E+20,5.69865E+21,1.18211E+16,5.14051E+16
117948,15,0,85,370,2018,7,13,2,2,4,6,0,0,1,0,0,0,1,0,6.1779E+20,5.73533E+21,1.07066E+16,5.17565E+16
117949,15,0,82,15,2018,8,10,5,2,5,3,0,0,1,0,0,0,0,0,7.2677E+20,5.72567E+21,1.22772E+16,5.16363E+16
117950,15,0,90,3,2018,8,16,1,3,9,1,0,0,0,0,1,0,0,0,6.75696E+20,5.87314E+21,1.1617E+16,5.2979E+16
117951,15,0,85,370,2018,8,10,5,2,5,3,0,1,1,0,0,0,0,0,6.23529E+20,5.74498E+21,1.07931E+16,5.18419E+16
117952,15,0,89,42,2018,6,16,1,3,3,6,0,0,1,0,0,0,1,0,6.84515E+20,5.7591E+21,1.16851E+16,5.1952E+16
117953,15,0,85,110,2018,8,18,1,3,9,1,0,0,1,0,0,0,0,0,6.57506E+20,5.72892E+21,1.12787E+16,5.16891E+16
117954,15,0,90,180,2018,9,10,6,3,0,1,0,0,0,0,1,0,1,1,6.96256E+20,5.84557E+21,1.19062E+16,5.27244E+16
117955,15,0,85,145,2018,9,22,1,2,9,7,2,0,1,0,0,0,0,0,6.52059E+20,5.71936E+21,1.11958E+16,5.16047E+16
117956,15,0,84,375,2018,7,16,7,3,8,1,0,0,1,0,0,0,0,1,7.06187E+20,5.65849E+21,1.19413E+16,5.10409E+16
117957,15,0,89,15,2018,6,10,6,3,8,7,0,0,1,0,0,0,0,0,6.80328E+20,5.73286E+21,1.16106E+16,5.17176E+16
117958,15,0,84,13,2018,7,16,2,3,2,6,0,0,1,0,0,0,1,0,7.06777E+20,5.66427E+21,1.1953E+16,5.10926E+16
117959,15,0,90,70,2018,6,9,5,3,3,7,0,0,1,0,1,0,0,0,6.85E+20,5.83505E+21,1.17339E+16,5.26338E+16
117960,15,0,83,205,2018,7,15,6,2,9,1,0,0,1,0,0,0,0,0,6.52314E+20,5.78571E+21,1.12288E+16,5.22008E+16