OBJECTID_1,ULAND,UREGBEZ,UKREIS,UGEMEINDE,UJAHR,UMONAT,USTUNDE,UWOCHENTAG,UKATEGORIE,UART,UTYP1,ULICHTVERH,IstRad,IstPKW,IstFuss,IstKrad,IstGkfz,IstSonstig,STRZUSTAND,LINREFX,LINREFY,XGCSWGS84,YGCSWGS84
117961,15,0,87,386,2018,8,14,2,3,2,2,0,0,1,0,1,0,0,0,6.83045E+20,5.70619E+21,1.16359E+16,5.14772E+16
117962,15,0,89,41,2018,7,23,2,3,0,7,2,0,1,0,0,0,0,0,6.71166E+20,5.75542E+21,1.14892E+16,5.19232E+16
117963,15,0,1,0,2018,8,17,2,3,8,1,0,0,1,0,0,0,0,0,7.23098E+20,5.74875E+21,1.2239E+16,5.1845E+16
117964,15,0,84,560,2018,7,1,1,2,9,1,2,0,1,0,0,0,0,0,7.01416E+20,5.66829E+21,1.18788E+16,5.11306E+16
117965,15,0,86,15,2018,9,16,7,3,2,6,0,0,1,0,0,0,0,0,6.94246E+20,5.7943E+21,1.18466E+16,5.22647E+16
117966,15,0,82,301,2018,9,12,4,2,9,1,0,0,1,0,0,0,0,0,7.24291E+20,5.7341E+21,1.22468E+16,5.17129E+16
117967,15,0,84,315,2018,7,15,6,2,5,2,0,0,1,0,0,0,0,0,7.19088E+20,5.6809E+21,1.21386E+16,5.12374E+16
117968,15,0,2,0,2018,8,13,5,3,0,1,0,0,0,0,1,0,0,1,7.06923E+20,5.7072E+21,1.19799E+16,5.14781E+16
117969,15,0,84,315,2018,7,11,3,2,0,1,0,0,1,0,0,0,0,0,7.11618E+20,5.67737E+21,1.20297E+16,5.12084E+16
117970,15,0,2,0,2018,8,8,7,3,3,6,0,0,1,0,1,0,0,0,7.05609E+20,5.71061E+21,1.1963E+16,5.15091E+16
117971,15,0,88,205,2018,6,11,6,3,0,7,0,0,1,0,0,0,0,0,7.20915E+20,5.6932E+21,1.21724E+16,5.13471E+16
117972,15,0,82,15,2018,8,11,6,2,5,3,0,0,0,0,1,1,0,0,7.23196E+20,5.74254E+21,1.22364E+16,5.17891E+16
117973,15,0,3,0,2018,7,13,6,3,5,2,0,1,1,0,0,0,0,0,6.79991E+20,5.77986E+21,1.16303E+16,5.21399E+16
117974,15,0,89,42,2018,9,23,4,2,8,1,2,0,0,0,0,1,0,0,6.85632E+20,5.75588E+21,1.16996E+16,5.19227E+16
117975,15,0,2,0,2018,6,16,6,3,2,6,0,0,1,0,0,0,0,0,7.06929E+20,5.70928E+21,1.19812E+16,5.14967E+16
117976,15,0,89,235,2018,7,14,2,3,0,2,0,0,1,0,1,0,0,0,6.89535E+20,5.74689E+21,1.17514E+16,5.18406E+16
117977,15,0,87,412,2018,7,20,7,2,8,1,0,0,1,0,0,0,0,0,6.3398E+20,5.72138E+21,1.09357E+16,5.16275E+16
117978,15,0,84,550,2018,7,12,3,3,3,6,0,0,1,0,0,1,0,0,7.07455E+20,5.68511E+21,1.19747E+16,5.12795E+16
117979,15,0,82,15,2018,8,17,3,3,1,6,0,0,1,0,0,0,0,0,7.26421E+20,5.72892E+21,1.22742E+16,5.16656E+16
117980,15,0,81,455,2018,6,7,4,2,0,1,0,0,0,0,1,1,0,0,6.47345E+20,5.85582E+21,1.11872E+16,5.28319E+16
117981,15,0,84,355,2018,8,17,4,2,8,1,0,0,0,0,1,0,0,0,6.963E+20,5.67447E+21,1.18091E+16,5.11879E+16
117982,15,0,83,323,2018,6,13,4,3,5,3,0,0,1,0,0,0,0,0,6.45607E+20,5.78676E+21,1.11312E+16,5.2212E+16
117983,15,0,87,440,2018,8,12,3,3,1,6,0,0,1,0,0,0,0,0,6.55708E+20,5.70232E+21,1.12409E+16,5.14507E+16
117984,15,0,90,610,2018,7,12,4,3,2,6,0,0,1,0,0,0,0,0,6.99356E+20,5.85515E+21,1.19579E+16,5.28092E+16
117985,15,0,84,25,2018,9,9,1,2,4,6,0,0,1,0,1,0,0,0,6.90387E+20,5.67664E+21,1.17257E+16,5.12094E+16
117986,15,0,88,355,2018,6,22,6,3,8,1,2,0,1,0,0,0,0,0,6.87327E+20,5.68496E+21,1.16863E+16,5.12851E+16
117987,15,0,89,26,2018,9,6,3,3,4,6,1,1,1,0,0,0,0,0,6.91443E+20,5.76184E+21,1.17873E+16,5.19742E+16
117988,15,0,84,355,2018,7,14,4,3,2,6,0,1,1,0,0,0,0,1,6.96121E+20,5.67054E+21,1.18044E+16,5.11527E+16
117989,15,0,88,195,2018,6,13,6,3,2,6,0,0,1,0,0,0,0,0,7.16105E+20,5.70724E+21,1.2112E+16,5.1475E+16
117990,15,0,3,0,2018,7,6,1,2,8,1,0,0,1,0,0,0,0,1,6.78439E+20,5.77536E+21,1.16053E+16,5.21E+16
117991,15,0,83,565,2018,8,8,5,3,2,3,0,1,1,0,0,0,0,0,6.79101E+20,5.79208E+21,1.16238E+16,5.22499E+16
117992,15,0,84,335,2018,7,13,3,3,8,6,0,0,1,0,0,0,0,0,7.02202E+20,5.66813E+21,1.18899E+16,5.11289E+16
117993,15,0,89,30,2018,8,12,7,2,5,3,0,1,1,0,0,0,0,0,6.86133E+20,5.74113E+21,1.16989E+16,5.179E+16
117994,15,0,90,415,2018,8,8,4,3,2,6,0,0,1,0,0,0,1,0,6.84871E+20,5.85143E+21,1.17412E+16,5.27809E+16
117995,15,0,91,60,2018,6,15,6,2,9,1,0,0,1,0,0,0,0,0,7.31818E+20,5.7515E+21,1.23672E+16,5.1866E+16
117996,15,0,86,15,2018,8,23,7,3,5,3,2,0,1,0,0,0,0,0,6.94246E+20,5.7943E+21,1.18466E+16,5.22647E+16
117997,15,0,88,365,2018,9,19,5,3,0,2,1,0,1,0,1,0,0,0,6.93609E+20,5.70457E+21,1.1787E+16,5.14591E+16
117998,15,0,91,375,2018,9,20,7,2,0,1,1,1,0,0,0,0,0,0,7.51977E+20,5.75492E+21,1.26619E+16,5.1888E+16
117999,15,0,84,355,2018,6,7,5,3,5,2,0,0,1,0,0,0,0,0,6.91528E+20,5.66536E+21,1.17361E+16,5.11077E+16
118000,15,0,82,440,2018,6,22,4,2,8,1,2,0,1,0,0,0,0,0,7.18073E+20,5.72394E+21,1.21506E+16,5.16241E+16
118001,15,0,84,15,2018,7,18,5,3,8,1,0,0,0,0,1,0,0,0,6.80231E+20,5.67736E+21,1.15809E+16,5.12191E+16
118002,15,0,83,40,2018,8,8,2,2,2,6,0,0,0,0,0,1,1,0,6.80321E+20,5.78611E+21,1.16384E+16,5.21959E+16
118003,15,0,82,180,2018,7,11,1,2,0,3,0,1,1,0,0,0,0,0,6.97363E+20,5.73335E+21,1.18571E+16,5.17163E+16
118004,15,0,87,412,2018,8,18,1,2,8,1,0,0,0,0,1,0,0,0,6.43744E+20,5.70261E+21,1.1069E+16,5.14564E+16
118005,15,0,84,207,2018,7,18,7,3,4,6,0,0,1,0,1,0,0,0,7.20028E+20,5.65553E+21,1.21366E+16,5.10092E+16
118006,15,0,89,15,2018,9,16,6,3,2,2,0,0,1,0,1,0,0,0,6.66182E+20,5.73808E+21,1.14085E+16,5.17689E+16
118007,15,0,82,430,2018,6,6,3,2,5,3,0,1,1,0,0,0,0,0,7.06173E+20,5.76773E+21,1.2005E+16,5.20218E+16
118008,15,0,91,241,2018,7,18,5,3,9,1,0,0,1,0,0,0,0,0,7.39027E+20,5.74716E+21,1.24687E+16,5.1824E+16
118009,15,0,85,230,2018,8,7,5,3,8,1,0,0,1,0,0,0,0,1,6.22178E+20,5.76082E+21,1.07792E+16,5.19846E+16
118010,15,0,85,55,2018,8,12,7,2,9,1,0,0,0,0,1,0,0,0,6.33066E+20,5.73886E+21,1.09292E+16,5.17847E+16
118011,15,0,89,310,2018,6,11,6,3,1,6,0,0,1,0,0,0,0,0,6.78826E+20,5.74907E+21,1.15972E+16,5.18637E+16
118012,15,0,87,220,2018,8,16,5,2,3,6,0,0,1,0,1,0,0,0,6.70774E+20,5.72364E+21,1.14679E+16,5.16378E+16
118013,15,0,84,550,2018,7,6,5,2,9,1,0,0,0,0,1,0,0,0,7.07029E+20,5.67608E+21,1.19634E+16,5.11985E+16
118014,15,0,83,323,2018,9,9,3,3,2,6,0,0,0,0,0,1,1,0,6.45827E+20,5.78624E+21,1.11342E+16,5.22073E+16
118015,15,0,82,5,2018,6,12,6,3,9,6,0,0,0,0,0,1,0,0,7.14559E+20,5.74883E+21,1.21153E+16,5.1849E+16
118016,15,0,82,440,2018,7,9,6,3,5,3,0,0,1,0,0,0,0,0,7.1214E+20,5.72668E+21,1.20667E+16,5.1651E+16
118017,15,0,91,391,2018,9,15,6,3,2,6,0,0,1,0,0,0,0,0,7.60332E+20,5.75848E+21,1.27857E+16,5.19161E+16
118018,15,0,83,415,2018,7,23,6,2,8,1,2,0,1,0,0,0,0,0,6.57828E+20,5.76065E+21,1.12978E+16,5.19741E+16
118019,15,0,82,430,2018,8,15,5,3,5,3,0,0,1,0,0,0,0,1,7.11653E+20,5.76183E+21,1.20811E+16,5.19668E+16
118020,15,0,90,535,2018,8,19,7,3,8,1,0,0,1,0,0,0,0,0,6.88679E+20,5.8281E+21,1.17842E+16,5.25702E+16
118021,15,0,91,10,2018,6,11,6,3,5,2,0,0,1,0,1,0,0,0,7.78677E+20,5.73832E+21,1.30356E+16,5.17264E+16
118022,15,0,3,0,2018,8,23,6,3,5,2,2,1,1,0,0,0,0,0,6.80663E+20,5.77979E+21,1.16401E+16,5.21391E+16
118023,15,0,81,135,2018,7,15,6,3,9,1,0,0,1,0,0,0,0,0,6.50722E+20,5.81763E+21,1.12199E+16,5.2488E+16
118024,15,0,83,245,2018,9,16,4,3,4,6,0,0,1,0,0,0,0,0,6.52936E+20,5.76213E+21,1.12273E+16,5.19887E+16
118025,15,0,1,0,2018,6,16,6,2,4,6,0,0,1,0,1,0,0,0,7.26608E+20,5.7562E+21,1.22947E+16,5.19104E+16
118026,15,0,91,145,2018,7,19,1,2,9,1,0,0,1,0,0,0,0,0,7.76365E+20,5.74883E+21,1.30105E+16,5.18218E+16
118027,15,0,88,205,2018,7,16,6,2,1,6,0,0,1,0,0,0,0,0,7.19641E+20,5.68822E+21,1.2151E+16,5.13028E+16
118028,15,0,2,0,2018,6,7,2,3,5,7,0,0,1,0,0,0,0,1,7.08579E+20,5.70733E+21,1.20038E+16,5.14786E+16
118029,15,0,91,110,2018,7,9,3,2,2,6,0,0,1,0,1,0,0,0,7.48309E+20,5.72753E+21,1.25891E+16,5.16438E+16
118030,15,0,1,0,2018,8,21,2,3,4,6,2,1,0,0,0,0,0,0,7.2674E+20,5.74721E+21,1.22908E+16,5.18296E+16
118031,15,0,88,195,2018,6,9,3,3,3,6,0,0,0,0,0,1,0,0,7.21137E+20,5.71594E+21,1.21898E+16,5.15511E+16
118032,15,0,3,0,2018,8,6,4,3,5,2,0,1,1,0,0,0,0,0,6.80607E+20,5.7798E+21,1.16392E+16,5.21391E+16
118033,15,0,91,375,2018,6,12,3,3,5,2,0,1,0,0,0,0,1,0,7.53115E+20,5.7523E+21,1.26765E+16,5.1864E+16
118034,15,0,83,565,2018,8,6,3,3,2,6,0,0,1,0,0,0,1,0,6.83159E+20,5.78989E+21,1.16819E+16,5.22289E+16
118035,15,0,85,330,2018,9,13,1,2,9,1,0,0,0,0,1,0,0,0,6.42233E+20,5.72969E+21,1.10582E+16,5.17001E+16
118036,15,0,3,0,2018,6,14,6,3,2,7,0,0,1,0,0,0,0,0,6.81309E+20,5.78711E+21,1.16534E+16,5.22045E+16
118037,15,0,88,205,2018,9,17,2,3,2,6,0,0,1,0,0,0,0,0,7.21947E+20,5.6939E+21,1.21876E+16,5.1353E+16
118038,15,0,85,228,2018,7,9,4,3,4,6,0,0,0,0,0,1,1,0,6.30943E+20,5.73145E+21,1.08956E+16,5.17186E+16
118039,15,0,91,60,2018,6,14,6,3,8,7,0,0,1,0,0,0,0,0,7.34864E+20,5.75586E+21,1.24143E+16,5.19039E+16
118040,15,0,82,440,2018,7,14,7,3,8,1,0,0,1,0,0,0,0,0,7.21566E+20,5.72832E+21,1.22038E+16,5.16621E+16
118041,15,0,91,375,2018,8,13,4,3,4,6,0,0,1,0,0,1,0,0,7.54897E+20,5.75372E+21,1.27034E+16,5.18759E+16
118042,15,0,3,0,2018,7,17,3,3,5,3,0,0,1,0,0,0,0,0,6.80334E+20,5.78225E+21,1.16365E+16,5.21612E+16
118043,15,0,2,0,2018,8,13,6,2,5,3,0,1,1,0,0,0,0,0,7.07406E+20,5.70238E+21,1.1984E+16,5.14346E+16
118044,15,0,85,145,2018,8,15,4,3,3,3,0,0,1,0,1,0,0,0,6.45872E+20,5.71997E+21,1.11068E+16,5.16119E+16
118045,15,0,81,455,2018,8,10,7,3,5,3,0,1,1,0,0,0,0,0,6.46546E+20,5.85692E+21,1.11759E+16,5.28421E+16
118046,15,0,2,0,2018,9,10,5,3,6,2,0,0,1,1,0,0,0,0,7.11575E+20,5.70729E+21,1.20469E+16,5.14771E+16
118047,15,0,85,228,2018,9,14,7,3,0,6,0,0,0,0,1,0,0,2,6.30989E+20,5.73245E+21,1.08966E+16,5.17276E+16
118048,15,0,91,375,2018,6,19,5,3,5,2,0,1,1,0,0,0,0,0,7.4883E+20,5.75229E+21,1.26144E+16,5.18658E+16
118049,15,0,81,290,2018,6,18,4,3,9,7,0,0,1,0,0,0,0,0,6.42563E+20,5.85102E+21,1.11142E+16,5.27901E+16
118050,15,0,90,535,2018,7,19,5,3,3,2,0,0,1,0,0,0,1,0,6.80431E+20,5.82752E+21,1.16623E+16,5.25678E+16
118051,15,0,81,135,2018,8,13,2,1,8,7,0,0,1,0,0,0,0,0,6.68699E+20,5.8123E+21,1.14817E+16,5.24349E+16
118052,15,0,85,135,2018,7,11,1,2,5,3,0,1,1,0,0,0,0,0,6.40373E+20,5.75271E+21,1.10406E+16,5.19074E+16
118053,15,0,85,228,2018,8,11,1,2,8,6,0,0,0,0,1,0,0,0,6.21314E+20,5.72784E+21,1.0755E+16,5.16884E+16
118054,15,0,90,550,2018,7,13,7,3,5,7,0,0,1,0,1,0,0,0,7.01714E+20,5.82837E+21,1.19764E+16,5.25679E+16
118055,15,0,88,65,2018,9,16,5,3,5,3,0,0,1,0,1,0,0,0,7.05686E+20,5.68855E+21,1.19513E+16,5.1311E+16
118056,15,0,90,415,2018,6,23,6,3,1,6,1,0,1,0,0,0,0,0,6.85873E+20,5.85178E+21,1.17562E+16,5.27838E+16
118057,15,0,83,298,2018,7,13,5,2,2,6,0,0,1,0,0,0,0,0,6.73514E+20,5.77881E+21,1.15352E+16,5.21325E+16
118058,15,0,2,0,2018,8,12,4,3,5,3,0,1,1,0,0,0,0,0,7.11398E+20,5.70718E+21,1.20443E+16,5.14763E+16
118059,15,0,87,31,2018,8,23,6,3,8,1,2,0,1,0,0,0,0,0,6.59788E+20,5.72237E+21,1.13087E+16,5.16296E+16
118060,15,0,84,550,2018,6,18,5,3,5,3,0,0,1,0,1,0,0,0,7.06405E+20,5.67558E+21,1.19541E+16,5.11943E+16
118061,15,0,1,0,2018,8,9,5,3,9,7,0,0,1,0,0,0,0,0,7.21579E+20,5.74657E+21,1.22156E+16,5.1826E+16
118062,15,0,90,485,2018,7,16,5,2,5,2,0,0,1,0,1,0,0,0,7.179E+20,5.84022E+21,1.22227E+16,5.26681E+16
118063,15,0,85,230,2018,9,16,3,3,8,1,0,0,0,0,1,0,0,0,6.27276E+20,5.75993E+21,1.0853E+16,5.19754E+16
118064,15,0,3,0,2018,6,17,6,3,5,3,0,1,1,0,0,0,0,0,6.79292E+20,5.77196E+21,1.16159E+16,5.20692E+16
118065,15,0,85,235,2018,7,10,6,3,9,7,0,0,1,0,0,0,0,0,6.46407E+20,5.74293E+21,1.11242E+16,5.1818E+16
118066,15,0,91,145,2018,6,0,1,3,8,6,2,0,1,0,0,0,0,0,7.7479E+20,5.74602E+21,1.29855E+16,5.17974E+16
118067,15,0,83,270,2018,7,10,3,3,5,3,0,0,0,0,0,0,1,0,6.64283E+20,5.79142E+21,1.14066E+16,5.22486E+16
118068,15,0,90,546,2018,8,14,6,2,3,6,0,0,1,0,0,0,0,0,6.81391E+20,5.81703E+21,1.16707E+16,5.24732E+16
118069,15,0,88,305,2018,8,19,1,2,9,6,0,0,1,0,0,0,0,0,6.7926E+20,5.68982E+21,1.15732E+16,5.13314E+16
118070,15,0,87,15,2018,6,8,3,3,8,1,0,0,1,0,0,0,0,0,6.63797E+20,5.70092E+21,1.13566E+16,5.14358E+16
118071,15,0,2,0,2018,8,14,5,3,2,6,0,0,1,0,0,0,1,0,7.08561E+20,5.70733E+21,1.20036E+16,5.14786E+16
118072,15,0,83,490,2018,7,6,3,2,9,1,0,0,0,0,1,0,0,0,6.76422E+20,5.77094E+21,1.15736E+16,5.20609E+16
118073,15,0,91,60,2018,6,15,2,3,8,1,0,0,1,0,0,0,0,0,7.33949E+20,5.75407E+21,1.23998E+16,5.18882E+16
118074,15,0,91,375,2018,8,10,1,2,4,2,0,0,1,0,0,0,1,0,7.43276E+20,5.75337E+21,1.25346E+16,5.1878E+16
118075,15,0,2,0,2018,9,18,6,3,2,6,0,0,1,0,0,0,0,0,7.07399E+20,5.70283E+21,1.19842E+16,5.14386E+16
118076,15,0,86,140,2018,6,7,6,3,1,3,0,1,0,0,0,0,1,0,7.02168E+20,5.78098E+21,1.19546E+16,5.21423E+16
118077,15,0,88,195,2018,9,12,1,3,3,6,0,0,1,0,0,0,0,1,7.10103E+20,5.7119E+21,1.20285E+16,5.15191E+16
118078,15,0,87,165,2018,7,5,1,3,8,1,0,0,1,0,0,0,0,1,6.84469E+20,5.7224E+21,1.16649E+16,5.16224E+16
118079,15,0,83,565,2018,7,15,3,3,9,7,0,0,1,0,0,1,0,0,6.84341E+20,5.78902E+21,1.16987E+16,5.22207E+16
118080,15,0,83,490,2018,6,13,6,3,5,2,0,0,1,0,0,0,0,0,6.76511E+20,5.76802E+21,1.15733E+16,5.20346E+16
118081,15,0,1,0,2018,7,11,6,3,8,1,0,0,1,0,0,0,0,0,7.2532E+20,5.74176E+21,1.22667E+16,5.17813E+16
118082,15,0,90,546,2018,8,15,3,3,2,6,0,0,1,0,0,0,0,0,6.97933E+20,5.81873E+21,1.1915E+16,5.24827E+16
118083,15,0,2,0,2018,7,11,2,3,5,3,0,1,1,0,0,0,0,0,7.07284E+20,5.70991E+21,1.19867E+16,5.15023E+16
118084,15,0,3,0,2018,8,15,3,3,5,2,0,1,0,0,0,1,0,0,6.79991E+20,5.77986E+21,1.16303E+16,5.21399E+16
118085,15,0,90,500,2018,7,10,2,3,3,2,0,0,1,0,0,0,0,0,7.05385E+20,5.82802E+21,1.20303E+16,5.25634E+16
118086,15,0,87,130,2018,9,17,7,3,5,2,0,0,1,0,0,0,0,0,6.7736E+20,5.713E+21,1.15576E+16,5.15402E+16
118087,15,0,83,40,2018,6,18,2,3,9,1,0,0,1,0,0,0,0,0,6.75508E+20,5.78335E+21,1.15666E+16,5.21727E+16
118088,15,0,86,55,2018,7,17,3,3,8,7,0,0,1,0,0,0,0,0,6.91269E+20,5.77491E+21,1.17921E+16,5.20916E+16
118089,15,0,83,415,2018,8,15,2,3,1,2,0,0,1,0,0,0,0,0,6.53399E+20,5.76691E+21,1.12362E+16,5.20316E+16
118090,15,0,87,130,2018,6,13,3,2,8,1,0,0,0,0,1,0,0,0,6.76498E+20,5.70811E+21,1.15427E+16,5.14966E+16
118091,15,0,82,430,2018,7,6,3,3,0,1,0,0,1,0,0,0,0,0,7.10467E+20,5.74988E+21,1.20566E+16,5.186E+16
118092,15,0,85,370,2018,6,14,3,2,5,3,0,0,1,0,0,0,0,0,6.21535E+20,5.74838E+21,1.07654E+16,5.18729E+16
118093,15,0,89,30,2018,8,15,2,3,0,1,0,0,0,0,1,0,0,1,6.86554E+20,5.74103E+21,1.1705E+16,5.1789E+16
118094,15,0,88,365,2018,9,10,7,3,0,2,0,0,1,0,0,0,0,0,7.023E+20,5.70554E+21,1.19125E+16,5.14648E+16
118095,15,0,85,230,2018,6,9,6,3,7,7,0,0,0,0,1,0,0,0,6.21457E+20,5.76599E+21,1.07705E+16,5.20312E+16
118096,15,0,3,0,2018,9,11,2,3,4,3,0,0,1,0,0,0,1,0,6.81267E+20,5.78271E+21,1.16504E+16,5.21651E+16
118097,15,0,89,310,2018,7,17,2,3,0,6,0,0,0,0,1,0,0,0,6.79409E+20,5.74753E+21,1.16049E+16,5.18497E+16
118098,15,0,91,10,2018,7,16,3,3,5,3,0,0,1,0,0,0,0,0,7.76179E+20,5.73235E+21,1.29948E+16,5.16741E+16
118099,15,0,89,42,2018,6,15,6,3,1,6,0,0,1,0,0,0,0,0,6.82734E+20,5.76471E+21,1.16622E+16,5.20029E+16
118100,15,0,85,370,2018,7,12,7,2,8,1,0,0,0,0,1,0,0,0,6.1728E+20,5.73546E+21,1.06993E+16,5.17577E+16
118101,15,0,87,31,2018,8,11,3,3,8,7,0,0,1,0,0,0,0,0,6.77764E+20,5.72587E+21,1.15699E+16,5.16556E+16
118102,15,0,83,270,2018,7,9,3,3,4,2,0,1,1,0,0,0,0,0,6.63036E+20,5.79535E+21,1.13902E+16,5.22843E+16
118103,15,0,90,8,2018,8,23,6,3,7,7,2,0,0,0,1,0,0,0,6.92225E+20,5.86251E+21,1.18566E+16,5.28779E+16
118104,15,0,91,375,2018,8,9,3,3,8,1,0,1,0,0,0,0,0,0,7.51538E+20,5.75196E+21,1.26534E+16,5.18616E+16
118105,15,0,85,110,2018,9,18,1,2,5,3,0,0,1,0,0,0,0,0,6.58233E+20,5.73349E+21,1.12913E+16,5.173E+16
118106,15,0,82,180,2018,9,19,5,2,5,3,1,0,1,0,0,0,0,0,7.05931E+20,5.73577E+21,1.19824E+16,5.1735E+16
118107,15,0,84,13,2018,8,14,6,3,2,6,0,0,1,0,0,0,0,0,7.07021E+20,5.66213E+21,1.19552E+16,5.10732E+16
118108,15,0,2,0,2018,6,17,3,3,5,3,0,1,1,0,0,0,0,0,7.05121E+20,5.7116E+21,1.19566E+16,5.15183E+16
118109,15,0,85,135,2018,7,13,5,3,1,5,0,0,1,0,0,0,0,0,6.39758E+20,5.7565E+21,1.10333E+16,5.19417E+16
118110,15,0,2,0,2018,8,19,1,3,2,6,0,0,1,0,1,0,0,0,7.02213E+20,5.70712E+21,1.19121E+16,5.14791E+16
118111,15,0,88,205,2018,6,18,7,3,3,6,0,0,1,0,0,0,0,0,7.21874E+20,5.69321E+21,1.21861E+16,5.13468E+16
118112,15,0,87,370,2018,8,17,7,2,5,3,0,0,1,0,0,0,0,0,6.60174E+20,5.70271E+21,1.13053E+16,5.14529E+16
118113,15,0,85,145,2018,7,11,7,2,8,6,0,0,1,0,0,0,1,0,6.53742E+20,5.71875E+21,1.12198E+16,5.15988E+16
118114,15,0,85,55,2018,9,14,5,2,5,3,0,0,1,0,1,0,0,0,6.32478E+20,5.7433E+21,1.09223E+16,5.18248E+16
118115,15,0,83,298,2018,6,19,6,3,5,7,0,0,1,0,1,0,0,0,6.68147E+20,5.78536E+21,1.14601E+16,5.21931E+16
118116,15,0,89,41,2018,7,13,1,3,9,2,0,0,1,0,0,0,0,0,6.73775E+20,5.75543E+21,1.15271E+16,5.19225E+16
118117,15,0,85,135,2018,7,8,5,3,1,6,0,0,1,0,0,0,0,0,6.41546E+20,5.75112E+21,1.1057E+16,5.18929E+16
118118,15,0,91,60,2018,8,11,4,3,5,3,0,0,1,0,0,0,0,0,7.35768E+20,5.75385E+21,1.24261E+16,5.18855E+16
118119,15,0,87,130,2018,6,18,3,3,2,2,0,0,1,0,0,0,1,0,6.78985E+20,5.70968E+21,1.15793E+16,5.15098E+16
118120,15,0,82,377,2018,8,15,6,3,0,7,0,0,1,0,0,1,1,0,7.09534E+20,5.73357E+21,1.20332E+16,5.17138E+16
118121,15,0,3,0,2018,6,15,5,3,3,6,0,0,1,0,0,1,0,0,6.80276E+20,5.77983E+21,1.16344E+16,5.21395E+16
118122,15,0,85,235,2018,8,20,5,2,4,6,0,0,1,0,0,0,0,0,6.45197E+20,5.7381E+21,1.11046E+16,5.17749E+16
118123,15,0,83,531,2018,7,15,5,2,8,1,0,0,0,0,0,1,0,0,6.56458E+20,5.77551E+21,1.12847E+16,5.2108E+16
118124,15,0,84,315,2018,9,2,2,3,8,1,2,0,1,0,0,1,0,0,7.12715E+20,5.68064E+21,1.20473E+16,5.12374E+16
118125,15,0,83,298,2018,6,13,6,3,5,3,0,0,1,0,1,0,0,0,6.72093E+20,5.77903E+21,1.15146E+16,5.21349E+16
118126,15,0,3,0,2018,9,15,4,3,5,3,0,1,1,0,0,0,0,0,6.79133E+20,5.77097E+21,1.16131E+16,5.20603E+16
118127,15,0,91,110,2018,7,14,5,3,0,3,0,1,1,0,0,0,0,0,7.35813E+20,5.73515E+21,1.2414E+16,5.17177E+16
118128,15,0,83,411,2018,6,19,1,2,0,1,0,1,0,0,0,0,0,0,6.37227E+20,5.81148E+21,1.10187E+16,5.24363E+16
118129,15,0,82,377,2018,7,20,2,3,9,1,0,1,0,0,0,0,0,0,7.12997E+20,5.73705E+21,1.20854E+16,5.17438E+16
118130,15,0,88,25,2018,8,10,5,3,8,7,0,0,0,0,0,1,0,0,6.93539E+20,5.69823E+21,1.17825E+16,5.14023E+16
118131,15,0,91,60,2018,8,13,1,3,2,6,0,0,1,0,0,0,0,0,7.39883E+20,5.76373E+21,1.24926E+16,5.19724E+16
118132,15,0,84,355,2018,6,9,3,3,5,3,0,0,1,0,0,0,0,0,6.93858E+20,5.66529E+21,1.17693E+16,5.11062E+16
118133,15,0,90,546,2018,8,9,5,2,8,1,0,0,1,0,0,0,0,0,6.9417E+20,5.80759E+21,1.18532E+16,5.23841E+16
118134,15,0,83,125,2018,6,7,2,3,5,3,0,1,1,0,0,0,1,0,6.62883E+20,5.80868E+21,1.13944E+16,5.2404E+16
118135,15,0,84,590,2018,6,16,4,2,5,3,0,0,1,0,1,0,0,0,7.22269E+20,5.65805E+21,1.217E+16,5.1031E+16
118136,15,0,82,256,2018,8,17,1,2,0,1,0,0,0,0,1,0,0,0,7.07491E+20,5.74162E+21,1.20085E+16,5.17869E+16
118137,15,0,91,375,2018,9,14,6,3,4,6,0,0,1,0,0,0,0,0,7.50022E+20,5.75353E+21,1.26325E+16,5.18764E+16
118138,15,0,83,40,2018,6,12,6,3,4,2,0,0,1,0,0,1,0,0,6.76745E+20,5.78412E+21,1.15851E+16,5.21792E+16
118139,15,0,86,40,2018,9,16,1,2,9,1,0,0,1,0,0,0,0,0,7.17375E+20,5.79349E+21,1.21845E+16,5.22488E+16
118140,15,0,85,228,2018,7,15,1,2,2,6,0,0,1,0,0,0,0,0,6.29283E+20,5.73007E+21,1.08711E+16,5.17067E+16
118141,15,0,81,280,2018,7,12,3,3,9,1,0,0,1,0,0,0,0,1,6.3969E+20,5.82213E+21,1.10594E+16,5.25313E+16
118142,15,0,84,135,2018,6,8,5,2,5,3,0,0,1,0,1,0,0,0,6.93306E+20,5.67668E+21,1.17675E+16,5.12088E+16
118143,15,0,82,15,2018,7,6,6,3,5,3,0,1,1,0,0,0,0,0,7.29321E+20,5.72471E+21,1.23133E+16,5.16266E+16
118144,15,0,85,55,2018,8,20,3,3,5,3,1,0,1,0,1,0,0,0,6.36034E+20,5.73986E+21,1.09726E+16,5.17931E+16