OBJECTID_1,ULAND,UREGBEZ,UKREIS,UGEMEINDE,UJAHR,UMONAT,USTUNDE,UWOCHENTAG,UKATEGORIE,UART,UTYP1,ULICHTVERH,IstRad,IstPKW,IstFuss,IstKrad,IstGkfz,IstSonstig,STRZUSTAND,LINREFX,LINREFY,XGCSWGS84,YGCSWGS84
118145,15,0,84,130,2018,7,20,2,2,8,1,0,0,1,0,0,0,0,0,7.25094E+20,5.65941E+21,1.22111E+16,5.10421E+16
118146,15,0,88,220,2018,8,16,2,3,0,2,0,1,0,0,0,1,0,0,7.07466E+20,5.69544E+21,1.19808E+16,5.13723E+16
118147,15,0,84,315,2018,7,6,1,2,0,7,0,0,0,0,0,0,1,0,7.12934E+20,5.67954E+21,1.20498E+16,5.12275E+16
118148,15,0,86,145,2018,9,12,7,3,2,6,0,0,1,0,0,0,0,0,6.8513E+20,5.78916E+21,1.17104E+16,5.22217E+16
118149,15,0,88,365,2018,9,13,4,1,8,1,0,0,1,0,0,0,0,0,7.01632E+20,5.70107E+21,1.19003E+16,5.14249E+16
118150,15,0,84,315,2018,7,16,6,2,0,6,0,0,1,0,0,0,0,0,7.22263E+20,5.68088E+21,1.2184E+16,5.1236E+16
118151,15,0,83,415,2018,8,16,6,3,1,6,0,0,1,0,0,0,0,0,6.60485E+20,5.76469E+21,1.13384E+16,5.20097E+16
118152,15,0,83,270,2018,7,6,4,3,7,7,0,0,1,0,0,0,0,0,6.62319E+20,5.79242E+21,1.13783E+16,5.22582E+16
118153,15,0,88,20,2018,8,13,7,2,2,6,0,0,1,0,0,0,0,0,7.18141E+20,5.68611E+21,1.21283E+16,5.12845E+16
118154,15,0,83,40,2018,6,2,7,3,5,3,2,0,1,0,0,0,0,0,6.7381E+20,5.78802E+21,1.15442E+16,5.22152E+16
118155,15,0,2,0,2018,8,11,6,3,5,3,0,1,1,0,0,0,0,0,7.03047E+20,5.70721E+21,1.19242E+16,5.14796E+16
118156,15,0,83,298,2018,7,22,6,2,8,1,2,0,1,0,0,0,0,0,6.64931E+20,5.78469E+21,1.14128E+16,5.2188E+16
118157,15,0,84,590,2018,9,20,4,3,5,2,2,0,1,0,0,0,0,0,7.24721E+20,5.66868E+21,1.22116E+16,5.11254E+16
118158,15,0,83,230,2018,6,21,6,3,8,3,0,0,1,0,0,0,0,0,6.54078E+20,5.80283E+21,1.12624E+16,5.23541E+16
118159,15,0,91,375,2018,7,9,2,2,5,2,0,0,1,0,0,0,0,0,7.55177E+20,5.76016E+21,1.27122E+16,5.19335E+16
118160,15,0,82,301,2018,7,13,7,3,3,6,0,1,0,0,0,0,1,0,7.19195E+20,5.7346E+21,1.21735E+16,5.17194E+16
118161,15,0,3,0,2018,7,13,4,3,5,2,0,0,1,0,0,0,1,0,6.76125E+20,5.77227E+21,1.15699E+16,5.2073E+16
118162,15,0,87,220,2018,8,13,3,3,1,2,0,0,1,0,0,0,0,0,6.70339E+20,5.72761E+21,1.14635E+16,5.16736E+16
118163,15,0,91,160,2018,6,6,3,3,1,2,0,0,1,0,0,0,0,0,7.51617E+20,5.74587E+21,1.26501E+16,5.18069E+16
118164,15,0,86,35,2018,9,12,5,3,5,2,0,1,1,0,0,0,0,0,7.03022E+20,5.80475E+21,1.19813E+16,5.23554E+16
118165,15,0,91,10,2018,7,19,7,3,9,1,0,0,1,0,0,0,0,1,7.72855E+20,5.72998E+21,1.2945E+16,5.16545E+16
118166,15,0,3,0,2018,8,18,6,3,2,6,0,1,0,0,0,0,0,0,6.80227E+20,5.77982E+21,1.16337E+16,5.21394E+16
118167,15,0,84,550,2018,7,0,4,3,8,7,2,0,0,0,0,1,0,0,7.09162E+20,5.67217E+21,1.19916E+16,5.11627E+16
118168,15,0,89,55,2018,8,18,1,2,0,1,0,0,0,0,1,0,0,0,6.94706E+20,5.75322E+21,1.18299E+16,5.18957E+16
118169,15,0,90,270,2018,6,5,7,3,9,1,0,0,1,0,0,0,0,0,6.96046E+20,5.85206E+21,1.1907E+16,5.27827E+16
118170,15,0,83,411,2018,8,21,7,3,0,1,2,0,0,0,1,0,0,0,6.33928E+20,5.81373E+21,1.09711E+16,5.24573E+16
118171,15,0,83,205,2018,7,11,7,3,5,2,0,0,1,0,0,0,0,0,6.54872E+20,5.78491E+21,1.12658E+16,5.21929E+16
118172,15,0,81,240,2018,9,17,5,3,2,2,0,0,1,0,0,0,0,0,6.51192E+20,5.84719E+21,1.12403E+16,5.27534E+16
118173,15,0,83,270,2018,6,14,6,3,5,3,0,0,1,0,0,0,0,0,6.61509E+20,5.7972E+21,1.13687E+16,5.23014E+16
118174,15,0,85,230,2018,7,18,3,3,5,3,0,0,1,0,0,0,0,0,6.16561E+20,5.75892E+21,1.06968E+16,5.19687E+16
118175,15,0,88,195,2018,7,19,7,3,8,1,0,0,0,0,1,0,0,0,7.18582E+20,5.7152E+21,1.21525E+16,5.15455E+16
118176,15,0,91,60,2018,7,9,4,2,2,6,0,0,1,0,0,0,0,0,7.34208E+20,5.75461E+21,1.2404E+16,5.1893E+16
118177,15,0,83,415,2018,8,19,4,3,2,6,0,0,0,0,0,1,1,0,6.56104E+20,5.76171E+21,1.12732E+16,5.19841E+16
118178,15,0,82,377,2018,6,11,3,3,4,2,0,0,1,0,0,0,1,0,6.99592E+20,5.7348E+21,1.18902E+16,5.17286E+16
118179,15,0,85,227,2018,8,18,5,3,2,6,0,0,1,0,0,0,0,0,6.13938E+20,5.75372E+21,1.06569E+16,5.19226E+16
118180,15,0,88,295,2018,6,17,4,3,1,6,0,0,1,0,0,0,0,0,7.0464E+20,5.71731E+21,1.1953E+16,5.15697E+16
118181,15,0,91,391,2018,8,13,4,3,8,1,0,0,1,0,0,0,0,0,7.65099E+20,5.74846E+21,1.28472E+16,5.1824E+16
118182,15,0,87,250,2018,7,10,4,2,0,2,0,1,1,0,0,0,0,0,6.42426E+20,5.70035E+21,1.10491E+16,5.14364E+16
118183,15,0,82,15,2018,9,16,2,3,1,6,0,0,1,0,0,0,0,0,7.28717E+20,5.7245E+21,1.23045E+16,5.1625E+16
118184,15,0,83,580,2018,6,19,6,2,8,1,0,0,0,0,1,0,0,0,6.82504E+20,5.79617E+21,1.16758E+16,5.22856E+16
118185,15,0,84,355,2018,9,14,3,3,0,1,0,1,0,0,0,0,0,0,6.98516E+20,5.66969E+21,1.18381E+16,5.11442E+16
118186,15,0,82,340,2018,7,10,5,2,1,6,0,0,1,0,0,0,0,1,7.26316E+20,5.72445E+21,1.22698E+16,5.16255E+16
118187,15,0,89,15,2018,6,8,7,2,8,1,0,0,1,0,0,0,0,0,6.63013E+20,5.73954E+21,1.13633E+16,5.17829E+16
118188,15,0,83,531,2018,7,15,2,2,4,6,0,0,1,0,0,1,0,0,6.5867E+20,5.77412E+21,1.13163E+16,5.20949E+16
118189,15,0,90,535,2018,8,16,5,3,1,5,0,0,1,0,1,0,0,0,6.89855E+20,5.83362E+21,1.18047E+16,5.26193E+16
118190,15,0,85,227,2018,7,13,4,3,5,3,0,0,1,0,0,0,0,0,6.21961E+20,5.74895E+21,1.07718E+16,5.18779E+16
118191,15,0,83,30,2018,8,17,1,3,8,1,0,0,0,0,1,0,0,0,6.88992E+20,5.8057E+21,1.17761E+16,5.23689E+16
118192,15,0,90,10,2018,6,19,3,1,4,6,0,0,1,0,0,1,0,0,7.00983E+20,5.84145E+21,1.19736E+16,5.26856E+16
118193,15,0,83,298,2018,8,17,5,2,4,6,0,0,0,0,1,0,1,0,6.59523E+20,5.79015E+21,1.13363E+16,5.22387E+16
118194,15,0,83,531,2018,6,22,1,3,7,7,2,0,1,0,0,0,0,1,6.62305E+20,5.76645E+21,1.13657E+16,5.20249E+16
118195,15,0,83,298,2018,8,19,1,2,8,1,0,0,0,0,1,0,0,0,6.66521E+20,5.77879E+21,1.14331E+16,5.21345E+16
118196,15,0,3,0,2018,9,11,6,3,3,7,0,0,1,0,0,0,0,0,6.74394E+20,5.77348E+21,1.15453E+16,5.20843E+16
118197,15,0,83,490,2018,9,9,1,3,4,6,0,0,1,0,0,0,0,0,6.73664E+20,5.76975E+21,1.15328E+16,5.20511E+16
118198,15,0,84,550,2018,7,23,7,2,0,1,2,1,0,0,0,0,0,1,7.07282E+20,5.67589E+21,1.19669E+16,5.11968E+16
118199,15,0,3,0,2018,6,19,6,2,5,3,0,1,1,0,0,0,0,0,6.83404E+20,5.77896E+21,1.16796E+16,5.21306E+16
118200,15,0,1,0,2018,7,6,2,2,5,3,0,1,1,0,0,0,0,0,7.2323E+20,5.74916E+21,1.22412E+16,5.18485E+16
118201,15,0,85,228,2018,6,14,5,3,2,6,0,0,1,0,1,0,0,0,6.24576E+20,5.74064E+21,1.08068E+16,5.18027E+16
118202,15,0,85,370,2018,7,14,6,3,5,2,0,0,1,0,0,0,0,0,6.21544E+20,5.7484E+21,1.07656E+16,5.18731E+16
118203,15,0,2,0,2018,8,8,2,3,5,2,0,0,1,0,0,0,0,0,7.03785E+20,5.70738E+21,1.19349E+16,5.14808E+16
118204,15,0,85,230,2018,7,13,2,3,3,6,0,0,1,0,0,0,0,0,6.20939E+20,5.76745E+21,1.07635E+16,5.20444E+16
118205,15,0,83,490,2018,8,14,2,3,4,2,0,0,1,0,0,0,0,0,6.79205E+20,5.77008E+21,1.16137E+16,5.20523E+16
118206,15,0,3,0,2018,7,16,1,2,8,1,0,0,0,0,1,0,0,0,6.87432E+20,5.7722E+21,1.17347E+16,5.20686E+16
118207,15,0,88,205,2018,9,15,6,2,4,2,0,0,1,0,0,0,1,0,7.18038E+20,5.69395E+21,1.21316E+16,5.13549E+16
118208,15,0,89,5,2018,6,16,5,3,3,6,0,0,1,0,0,0,1,0,6.84533E+20,5.73097E+21,1.16704E+16,5.16993E+16
118209,15,0,90,550,2018,7,18,6,3,0,3,0,0,1,0,0,0,0,0,6.98186E+20,5.81969E+21,1.19193E+16,5.24913E+16
118210,15,0,91,375,2018,8,12,5,3,1,6,0,0,1,0,0,0,0,1,7.519E+20,5.75224E+21,1.26588E+16,5.18639E+16
118211,15,0,82,440,2018,8,15,7,3,8,1,0,0,1,0,1,0,0,0,7.16073E+20,5.72382E+21,1.21217E+16,5.16238E+16
118212,15,0,87,165,2018,6,12,6,3,4,6,0,0,1,0,0,0,0,0,6.77401E+20,5.72434E+21,1.15639E+16,5.16421E+16
118213,15,0,82,340,2018,8,11,6,3,8,1,0,0,1,0,0,0,0,0,7.25102E+20,5.71941E+21,1.22491E+16,5.15807E+16
118214,15,0,86,5,2018,7,15,6,3,5,2,0,0,1,0,0,0,0,0,6.87057E+20,5.7799E+21,1.17334E+16,5.21379E+16
118215,15,0,90,8,2018,9,7,4,3,9,1,0,0,1,0,0,0,0,0,6.93467E+20,5.86282E+21,1.18752E+16,5.28803E+16
118216,15,0,81,45,2018,6,12,6,2,5,3,0,0,1,0,1,0,0,0,6.41582E+20,5.84166E+21,1.10956E+16,5.27063E+16
118217,15,0,83,25,2018,7,10,2,2,8,6,0,0,1,0,0,0,0,0,6.49227E+20,5.76464E+21,1.11744E+16,5.20123E+16
118218,15,0,81,135,2018,7,9,7,3,5,3,0,0,1,0,0,0,0,0,6.61008E+20,5.8231E+21,1.13739E+16,5.25342E+16
118219,15,0,88,330,2018,7,14,3,3,4,1,0,0,1,0,0,0,0,0,7.14359E+20,5.698E+21,1.20813E+16,5.13927E+16
118220,15,0,83,415,2018,8,9,3,3,2,6,0,0,1,0,0,0,0,0,6.56915E+20,5.76562E+21,1.12868E+16,5.2019E+16
118221,15,0,83,125,2018,6,10,3,3,3,2,0,1,1,0,0,0,0,0,6.56047E+20,5.80732E+21,1.12934E+16,5.23939E+16
118222,15,0,82,180,2018,8,5,4,2,5,3,0,0,1,0,1,0,0,0,7.05782E+20,5.73585E+21,1.19803E+16,5.17357E+16
118223,15,0,81,135,2018,6,15,4,3,5,3,0,0,1,0,0,0,0,0,6.71351E+20,5.82975E+21,1.15296E+16,5.25907E+16
118224,15,0,87,260,2018,8,17,3,2,5,3,0,0,1,0,1,0,0,0,6.72802E+20,5.7174E+21,1.14941E+16,5.15812E+16
118225,15,0,3,0,2018,9,13,1,2,8,7,0,0,1,0,0,0,0,0,6.74462E+20,5.77279E+21,1.15459E+16,5.20782E+16
118226,15,0,88,205,2018,6,16,5,3,0,2,0,0,1,0,1,0,0,0,7.10213E+20,5.68977E+21,1.20169E+16,5.13203E+16
118227,15,0,85,365,2018,9,6,3,3,5,3,1,0,0,0,0,1,1,0,6.49679E+20,5.75011E+21,1.11747E+16,5.18816E+16
118228,15,0,85,55,2018,7,9,4,3,2,7,0,0,1,0,0,0,0,0,6.35742E+20,5.74124E+21,1.09689E+16,5.18055E+16
118229,15,0,88,295,2018,6,6,6,2,5,3,0,0,1,0,1,0,0,0,7.03705E+20,5.71997E+21,1.1941E+16,5.15939E+16
118230,15,0,83,270,2018,7,13,1,3,5,3,0,1,1,0,0,0,0,1,6.64016E+20,5.79569E+21,1.14047E+16,5.22871E+16
118231,15,0,2,0,2018,8,16,4,2,5,3,0,1,1,0,0,0,0,0,7.06825E+20,5.70717E+21,1.19785E+16,5.14778E+16
118232,15,0,83,298,2018,7,2,3,1,2,1,2,0,1,0,0,1,0,0,6.67966E+20,5.78425E+21,1.14569E+16,5.21831E+16
118233,15,0,87,412,2018,8,19,6,3,2,7,0,0,0,0,0,0,1,0,6.43752E+20,5.70468E+21,1.10699E+16,5.1475E+16
118234,15,0,83,30,2018,6,11,3,3,5,3,0,0,1,0,1,0,0,0,6.84118E+20,5.80334E+21,1.17033E+16,5.23494E+16
118235,15,0,3,0,2018,8,11,4,3,5,3,0,1,0,0,0,0,1,0,6.79471E+20,5.78278E+21,1.16242E+16,5.21663E+16
118236,15,0,83,320,2018,8,23,7,3,1,5,2,0,1,0,1,0,0,0,6.37857E+20,5.77098E+21,1.10114E+16,5.20722E+16
118237,15,0,83,390,2018,8,9,5,3,9,1,0,0,1,0,0,0,0,1,6.71318E+20,5.79423E+21,1.15109E+16,5.22717E+16
118238,15,0,83,40,2018,6,3,4,3,8,1,1,0,0,0,0,1,0,0,6.75508E+20,5.78338E+21,1.15667E+16,5.21729E+16
118239,15,0,83,298,2018,8,14,4,3,6,4,0,0,0,1,0,0,1,0,6.69307E+20,5.78453E+21,1.14766E+16,5.21852E+16
118240,15,0,84,12,2018,7,19,4,3,9,1,0,0,1,0,0,0,0,0,6.80783E+20,5.66836E+21,1.15842E+16,5.11381E+16
118241,15,0,81,455,2018,9,11,2,3,5,2,0,0,1,0,0,0,0,0,6.50252E+20,5.85232E+21,1.12287E+16,5.27997E+16
118242,15,0,2,0,2018,6,15,5,3,5,2,0,1,1,0,0,0,0,0,7.03398E+20,5.7073E+21,1.19293E+16,5.14802E+16
118243,15,0,82,377,2018,9,6,3,2,3,6,0,0,1,0,0,0,1,0,7.10261E+20,5.73296E+21,1.20434E+16,5.17082E+16
118244,15,0,81,135,2018,7,21,5,3,8,1,1,0,1,0,0,0,0,1,6.56022E+20,5.8186E+21,1.12983E+16,5.24951E+16
118245,15,0,83,415,2018,6,13,7,2,4,6,0,0,1,0,0,1,0,0,6.56597E+20,5.77142E+21,1.12848E+16,5.20712E+16
118246,15,0,86,15,2018,7,10,1,3,0,7,0,0,1,0,0,0,0,0,6.95429E+20,5.79036E+21,1.18616E+16,5.22289E+16
118247,15,0,85,227,2018,8,15,5,3,5,2,0,0,1,0,0,0,0,0,6.19429E+20,5.7512E+21,1.07358E+16,5.18987E+16
118248,15,0,88,195,2018,7,13,3,3,5,3,0,0,1,0,0,0,0,0,7.17728E+20,5.71893E+21,1.21425E+16,5.15793E+16
118249,15,0,84,130,2018,8,5,7,1,6,6,1,0,0,1,0,0,1,0,7.25533E+20,5.66977E+21,1.22238E+16,5.1135E+16
118250,15,0,83,270,2018,6,20,3,2,9,1,0,0,1,0,0,0,0,0,6.59922E+20,5.79762E+21,1.13457E+16,5.23056E+16
118251,15,0,84,442,2018,8,14,4,3,9,6,0,0,1,0,0,0,0,0,7.21872E+20,5.65719E+21,1.21639E+16,5.10234E+16
118252,15,0,88,205,2018,6,14,6,2,5,3,0,0,1,0,1,0,0,0,7.1966E+20,5.69309E+21,1.21543E+16,5.13466E+16
118253,15,0,3,0,2018,8,10,7,3,9,6,0,0,1,0,0,0,0,0,6.76411E+20,5.78378E+21,1.15801E+16,5.21763E+16
118254,15,0,81,135,2018,9,8,6,2,5,3,0,0,1,0,0,0,0,1,6.63503E+20,5.82391E+21,1.1411E+16,5.25407E+16
118255,15,0,2,0,2018,9,12,7,3,5,3,0,1,1,0,0,0,0,0,7.0695E+20,5.70882E+21,1.19813E+16,5.14926E+16
118256,15,0,87,412,2018,6,12,5,3,2,5,0,0,1,0,0,0,1,0,6.40651E+20,5.71448E+21,1.10292E+16,5.15638E+16
118257,15,0,2,0,2018,6,16,4,3,5,3,0,1,1,0,0,0,0,0,7.05131E+20,5.71197E+21,1.19569E+16,5.15215E+16
118258,15,0,88,20,2018,7,4,5,3,2,6,1,0,1,0,1,0,0,0,7.15844E+20,5.68361E+21,1.20939E+16,5.12629E+16
118259,15,0,91,375,2018,8,7,2,3,5,3,0,1,0,0,0,0,1,0,7.49672E+20,5.75014E+21,1.2625E+16,5.18461E+16
118260,15,0,88,195,2018,7,20,1,2,8,6,0,0,1,0,0,0,0,0,7.15087E+20,5.71311E+21,1.21009E+16,5.15281E+16
118261,15,0,88,340,2018,8,21,1,2,2,6,1,0,1,0,0,0,1,0,6.87118E+20,5.69853E+21,1.16905E+16,5.14071E+16
118262,15,0,88,319,2018,7,23,7,3,5,3,2,0,1,0,0,0,0,0,6.87657E+20,5.71587E+21,1.17074E+16,5.15626E+16
118263,15,0,83,40,2018,9,11,6,2,2,6,0,0,1,0,0,0,0,0,6.80479E+20,5.78627E+21,1.16408E+16,5.21973E+16
118264,15,0,88,150,2018,7,0,5,2,1,6,2,0,0,0,0,1,1,0,7.20962E+20,5.70258E+21,1.21789E+16,5.14313E+16
118265,15,0,89,310,2018,8,15,5,3,2,6,0,0,1,0,0,0,0,0,6.8173E+20,5.7477E+21,1.16386E+16,5.18505E+16
118266,15,0,89,15,2018,8,15,7,2,9,1,0,0,1,0,0,0,0,0,6.69322E+20,5.74387E+21,1.14568E+16,5.18199E+16
118267,15,0,82,301,2018,6,14,6,1,5,3,0,0,1,0,1,0,0,0,7.24384E+20,5.73394E+21,1.22481E+16,5.17115E+16
118268,15,0,88,150,2018,8,8,5,3,0,2,0,0,1,0,0,0,1,0,7.14398E+20,5.70633E+21,1.20869E+16,5.14674E+16
118269,15,0,88,216,2018,7,3,5,2,9,1,1,0,1,0,0,0,0,0,6.93418E+20,5.72208E+21,1.17939E+16,5.16165E+16
118270,15,0,88,305,2018,9,19,3,3,8,1,0,0,0,0,0,0,1,0,6.81489E+20,5.6967E+21,1.16087E+16,5.13924E+16
118271,15,0,84,360,2018,6,1,5,2,8,1,2,0,0,0,1,0,0,0,6.7956E+20,5.68497E+21,1.15751E+16,5.12877E+16
118272,15,0,82,15,2018,7,22,1,3,5,2,2,0,1,0,0,0,0,0,7.2717E+20,5.72143E+21,1.22802E+16,5.1598E+16
118273,15,0,88,330,2018,7,12,6,3,5,3,0,1,1,0,0,0,0,0,7.12005E+20,5.69827E+21,1.20476E+16,5.1396E+16
118274,15,0,82,440,2018,6,11,2,3,2,6,0,0,1,0,0,1,0,0,7.22069E+20,5.73518E+21,1.22154E+16,5.17235E+16
118275,15,0,82,15,2018,7,15,3,2,5,2,0,0,1,0,1,0,0,0,7.27188E+20,5.72432E+21,1.22823E+16,5.1624E+16
118276,15,0,82,15,2018,8,18,2,3,5,3,0,1,1,0,0,0,0,0,7.28048E+20,5.72345E+21,1.22942E+16,5.16158E+16
118277,15,0,81,45,2018,6,16,3,3,9,1,0,0,1,0,0,0,0,0,6.41457E+20,5.83903E+21,1.10926E+16,5.26827E+16
118278,15,0,84,235,2018,7,15,3,2,4,6,0,0,1,0,1,0,0,0,7.16422E+20,5.67017E+21,1.2094E+16,5.1142E+16
118279,15,0,89,310,2018,6,17,3,3,2,6,0,0,1,0,0,1,0,0,6.85521E+20,5.75436E+21,1.16972E+16,5.1909E+16
118280,15,0,2,0,2018,8,7,2,3,5,3,0,1,1,0,0,0,0,0,7.06825E+20,5.70717E+21,1.19785E+16,5.14778E+16
118281,15,0,88,20,2018,9,10,7,3,2,6,0,0,1,0,0,0,0,0,7.15776E+20,5.68354E+21,1.20929E+16,5.12623E+16
118282,15,0,91,375,2018,6,6,5,3,3,6,0,0,1,0,0,0,0,0,7.51431E+20,5.75146E+21,1.26515E+16,5.18572E+16
118283,15,0,1,0,2018,9,16,2,3,9,1,0,0,1,0,0,0,0,0,7.2268E+20,5.73973E+21,1.22271E+16,5.17641E+16
118284,15,0,84,590,2018,7,16,2,3,2,6,0,0,1,0,0,0,0,0,7.21846E+20,5.65833E+21,1.21642E+16,5.10336E+16
118285,15,0,87,130,2018,7,13,3,3,9,6,0,0,1,0,0,0,0,0,6.77775E+20,5.71055E+21,1.15623E+16,5.15181E+16
118286,15,0,86,140,2018,6,14,6,2,8,1,0,0,1,0,0,0,0,0,7.17744E+20,5.79361E+21,1.219E+16,5.22497E+16
118287,15,0,89,307,2018,7,16,7,2,0,7,0,1,0,0,0,0,0,0,6.60552E+20,5.74082E+21,1.13282E+16,5.17952E+16
118288,15,0,86,55,2018,8,15,4,3,4,6,0,0,1,0,0,1,0,0,6.89277E+20,5.77781E+21,1.17647E+16,5.21184E+16
118289,15,0,85,135,2018,7,18,3,3,9,1,0,0,1,0,0,0,0,0,6.31185E+20,5.7581E+21,1.09092E+16,5.19581E+16
118290,15,0,82,440,2018,8,5,6,2,1,6,1,0,0,0,0,1,1,0,7.21851E+20,5.73221E+21,1.22104E+16,5.16969E+16
118291,15,0,88,365,2018,8,15,3,3,2,6,0,0,1,0,1,0,0,0,7.02763E+20,5.70144E+21,1.19168E+16,5.14278E+16
118292,15,0,90,415,2018,9,15,1,3,9,1,0,0,0,0,0,0,1,0,6.82921E+20,5.8456E+21,1.1709E+16,5.27293E+16
118293,15,0,88,216,2018,8,14,6,3,5,3,0,0,1,0,0,1,0,0,6.97816E+20,5.72426E+21,1.18585E+16,5.16345E+16
118294,15,0,84,560,2018,9,15,5,3,5,3,0,0,1,0,1,0,0,0,7.00466E+20,5.66877E+21,1.18655E+16,5.11352E+16
118295,15,0,85,228,2018,9,11,7,2,4,2,0,0,1,1,0,0,0,0,6.20121E+20,5.7345E+21,1.07401E+16,5.17485E+16
118296,15,0,82,377,2018,6,15,5,2,4,6,0,0,1,0,0,0,0,0,7.08462E+20,5.73491E+21,1.20185E+16,5.17263E+16
118297,15,0,87,412,2018,6,13,3,3,8,6,0,0,1,0,1,0,0,0,6.4512E+20,5.70655E+21,1.10904E+16,5.14915E+16
118298,15,0,89,310,2018,7,19,5,2,5,2,0,0,1,0,1,0,0,0,6.77787E+20,5.74791E+21,1.15815E+16,5.18536E+16
118299,15,0,88,365,2018,8,20,1,2,8,1,0,0,0,0,1,0,0,0,6.91086E+20,5.70762E+21,1.17524E+16,5.14874E+16
118300,15,0,81,135,2018,7,15,1,3,3,6,0,1,1,0,0,0,0,0,6.58284E+20,5.81943E+21,1.1332E+16,5.2502E+16
118301,15,0,81,240,2018,8,16,1,1,9,1,0,0,0,0,1,0,0,0,6.57715E+20,5.8354E+21,1.13312E+16,5.26456E+16
118302,15,0,89,235,2018,7,16,7,3,0,1,0,0,0,0,1,0,0,0,6.90326E+20,5.74547E+21,1.1762E+16,5.18276E+16
118303,15,0,2,0,2018,9,16,5,3,5,3,0,0,1,0,0,0,0,0,7.0721E+20,5.70642E+21,1.19836E+16,5.14709E+16
118304,15,0,1,0,2018,6,17,5,2,1,6,0,0,1,0,1,0,0,0,7.21675E+20,5.74484E+21,1.22159E+16,5.18104E+16
118305,15,0,85,370,2018,7,19,5,2,5,3,0,1,1,0,0,0,0,0,6.23475E+20,5.74458E+21,1.07922E+16,5.18383E+16
118306,15,0,2,0,2018,8,12,4,2,6,2,0,0,1,1,0,0,0,0,7.10172E+20,5.7074E+21,1.20268E+16,5.14787E+16
118307,15,0,87,412,2018,9,18,5,2,9,1,0,0,0,0,1,0,0,0,6.42549E+20,5.71155E+21,1.10554E+16,5.15371E+16
118308,15,0,90,535,2018,9,10,7,3,2,6,0,0,1,0,1,0,0,0,6.90714E+20,5.82673E+21,1.18134E+16,5.25572E+16
118309,15,0,84,315,2018,6,14,5,3,3,6,0,1,1,0,0,0,0,0,7.19271E+20,5.6781E+21,1.21396E+16,5.12122E+16
118310,15,0,89,43,2018,6,16,4,1,5,3,0,0,1,0,0,0,1,0,6.63129E+20,5.75709E+21,1.13732E+16,5.19406E+16
118311,15,0,84,550,2018,7,10,5,3,1,6,0,0,1,0,0,0,0,0,7.06738E+20,5.67892E+21,1.19608E+16,5.12242E+16
118312,15,0,85,145,2018,8,14,2,3,8,1,0,0,0,0,1,0,0,0,6.43474E+20,5.72394E+21,1.10738E+16,5.16482E+16
118313,15,0,89,15,2018,7,17,1,3,5,2,0,0,1,0,1,0,0,0,6.71461E+20,5.73819E+21,1.1485E+16,5.17683E+16
118314,15,0,91,391,2018,8,7,1,3,4,6,0,0,1,0,0,0,0,0,7.59143E+20,5.757E+21,1.27674E+16,5.19034E+16
118315,15,0,82,180,2018,7,12,7,3,2,6,0,0,1,0,0,0,0,0,7.08871E+20,5.73443E+21,1.20241E+16,5.17218E+16
118316,15,0,83,415,2018,9,12,6,3,1,6,0,0,1,0,0,0,0,0,6.534E+20,5.76691E+21,1.12362E+16,5.20316E+16
118317,15,0,85,55,2018,6,14,3,3,0,3,0,0,1,0,0,0,0,0,6.3806E+20,5.7406E+21,1.10022E+16,5.17992E+16
118318,15,0,91,391,2018,7,12,5,3,0,7,0,1,0,0,0,0,0,0,7.59648E+20,5.75057E+21,1.27699E+16,5.18454E+16
118319,15,0,88,220,2018,8,18,4,2,3,6,0,0,1,0,0,0,0,0,7.03296E+20,5.69281E+21,1.19195E+16,5.13501E+16
118320,15,0,81,455,2018,8,9,7,3,8,1,0,0,0,0,1,0,0,0,6.48166E+20,5.85691E+21,1.11999E+16,5.28415E+16
118321,15,0,86,35,2018,6,16,6,1,8,1,0,0,1,0,0,0,0,0,7.02129E+20,5.80208E+21,1.19666E+16,5.23317E+16
118322,15,0,84,355,2018,8,7,5,3,5,3,0,1,1,0,0,0,0,0,6.94741E+20,5.67032E+21,1.17846E+16,5.11512E+16
118323,15,0,1,0,2018,7,13,5,3,4,6,0,0,1,0,0,0,0,0,7.22935E+20,5.75266E+21,1.22391E+16,5.18801E+16
118324,15,0,90,535,2018,9,7,3,2,1,6,0,0,1,0,0,0,0,0,6.89257E+20,5.82841E+21,1.17929E+16,5.25727E+16
118325,15,0,1,0,2018,6,18,5,3,5,3,0,1,1,0,0,0,0,0,7.22855E+20,5.75338E+21,1.22385E+16,5.18866E+16
118326,15,0,85,330,2018,7,13,6,3,9,7,0,0,0,0,1,0,0,0,6.35153E+20,5.72747E+21,1.0955E+16,5.16819E+16
118327,15,0,3,0,2018,6,14,2,3,8,7,0,0,0,0,1,0,0,0,6.74403E+20,5.77371E+21,1.15456E+16,5.20865E+16
118328,15,0,85,230,2018,7,16,3,3,4,6,0,0,1,0,0,0,0,0,6.21746E+20,5.765E+21,1.07744E+16,5.20223E+16