OBJECTID_1,ULAND,UREGBEZ,UKREIS,UGEMEINDE,UJAHR,UMONAT,USTUNDE,UWOCHENTAG,UKATEGORIE,UART,UTYP1,ULICHTVERH,IstRad,IstPKW,IstFuss,IstKrad,IstGkfz,IstSonstig,STRZUSTAND,LINREFX,LINREFY,XGCSWGS84,YGCSWGS84
118329,15,0,91,160,2018,8,17,6,3,5,2,0,0,1,0,0,0,0,0,7.51345E+20,5.74182E+21,1.26432E+16,5.17708E+16
118330,15,0,81,135,2018,8,16,2,3,5,3,0,0,0,0,0,1,0,0,6.57081E+20,5.83192E+21,1.13202E+16,5.26145E+16
118331,15,0,81,240,2018,6,13,3,2,9,1,0,0,1,0,0,0,0,0,6.52081E+20,5.84246E+21,1.12513E+16,5.27106E+16
118332,15,0,83,323,2018,7,10,3,3,2,6,0,0,0,0,0,1,0,0,6.43254E+20,5.78683E+21,1.10968E+16,5.22133E+16
118333,15,0,84,490,2018,6,14,2,2,0,7,0,0,1,0,0,0,1,0,7.06884E+20,5.6665E+21,1.19558E+16,5.11126E+16
118334,15,0,85,140,2018,8,7,2,3,5,3,0,0,1,0,0,0,0,0,6.44359E+20,5.74662E+21,1.1096E+16,5.18517E+16
118335,15,0,89,41,2018,9,22,7,3,8,1,2,0,1,0,0,0,0,0,6.72309E+20,5.75579E+21,1.1506E+16,5.19261E+16
118336,15,0,1,0,2018,6,17,5,3,2,6,0,0,1,0,0,0,0,0,7.23185E+20,5.74255E+21,1.22363E+16,5.17893E+16
118337,15,0,85,228,2018,9,0,2,3,8,1,2,0,1,0,0,0,0,1,6.18132E+20,5.72285E+21,1.07073E+16,5.16443E+16
118338,15,0,83,415,2018,7,16,2,3,2,2,0,0,1,0,0,0,0,0,6.54382E+20,5.76782E+21,1.12509E+16,5.20395E+16
118339,15,0,1,0,2018,7,12,3,3,5,3,0,0,1,0,0,0,0,0,7.21642E+20,5.74517E+21,1.22156E+16,5.18134E+16
118340,15,0,3,0,2018,6,15,6,3,0,5,0,0,1,0,0,0,0,0,6.82282E+20,5.78452E+21,1.16662E+16,5.2181E+16
118341,15,0,83,557,2018,7,16,7,3,9,1,0,0,1,0,0,0,0,0,6.67062E+20,5.8044E+21,1.14537E+16,5.23643E+16
118342,15,0,1,0,2018,8,23,3,2,8,1,2,0,0,0,1,0,0,0,7.27124E+20,5.74718E+21,1.22963E+16,5.18292E+16
118343,15,0,81,455,2018,7,20,3,2,8,1,0,0,0,0,1,0,0,0,6.46301E+20,5.86166E+21,1.11744E+16,5.28847E+16
118344,15,0,84,375,2018,8,16,5,3,8,1,0,0,1,0,0,0,0,1,7.06206E+20,5.65912E+21,1.19419E+16,5.10466E+16
118345,15,0,82,340,2018,8,20,3,1,4,6,2,0,1,0,0,1,0,0,7.26099E+20,5.72047E+21,1.22641E+16,5.15898E+16
118346,15,0,83,298,2018,6,14,4,3,9,7,0,0,1,0,0,0,0,0,6.58763E+20,5.78471E+21,1.13226E+16,5.219E+16
118347,15,0,83,270,2018,9,17,1,3,5,3,0,0,1,0,0,0,0,0,6.67024E+20,5.80223E+21,1.1452E+16,5.23449E+16
118348,15,0,90,520,2018,9,13,5,1,2,6,0,0,1,0,1,0,0,0,6.8301E+20,5.87413E+21,1.17264E+16,5.29854E+16
118349,15,0,2,0,2018,8,13,6,3,0,1,0,0,0,0,1,0,0,0,7.09886E+20,5.70737E+21,1.20226E+16,5.14785E+16
118350,15,0,1,0,2018,6,16,3,3,2,6,0,0,1,0,0,0,1,0,7.23191E+20,5.74493E+21,1.22379E+16,5.18106E+16
118351,15,0,85,227,2018,7,12,5,2,0,3,0,1,1,0,0,0,0,0,6.18454E+20,5.75152E+21,1.07218E+16,5.19018E+16
118352,15,0,91,60,2018,8,13,1,2,8,1,0,0,0,0,1,0,0,0,7.36093E+20,5.75553E+21,1.24319E+16,5.19004E+16
118353,15,0,82,301,2018,6,21,7,2,5,3,0,0,1,0,0,0,0,0,7.24812E+20,5.73323E+21,1.22538E+16,5.17049E+16
118354,15,0,90,635,2018,8,10,7,2,5,2,0,0,1,0,0,0,1,0,6.73831E+20,5.87047E+21,1.15878E+16,5.29556E+16
118355,15,0,85,135,2018,7,20,7,3,5,3,0,0,1,0,0,0,0,0,6.41586E+20,5.75121E+21,1.10577E+16,5.18937E+16
118356,15,0,90,500,2018,9,9,5,2,8,6,0,0,1,0,0,0,0,1,7.05667E+20,5.83226E+21,1.20371E+16,5.26013E+16
118357,15,0,85,330,2018,6,5,5,3,2,6,0,0,1,0,0,0,0,0,6.39916E+20,5.74178E+21,1.10296E+16,5.18093E+16
118358,15,0,84,590,2018,7,11,3,2,6,4,0,0,1,1,0,0,0,0,7.22004E+20,5.65979E+21,1.21673E+16,5.10466E+16
118359,15,0,85,135,2018,7,21,1,3,5,3,0,1,1,0,0,0,0,0,6.42851E+20,5.74969E+21,1.10754E+16,5.18796E+16
118360,15,0,81,290,2018,7,15,5,3,2,2,0,0,1,0,0,0,1,0,6.42894E+20,5.85197E+21,1.11195E+16,5.27986E+16
118361,15,0,90,415,2018,8,16,4,3,8,7,0,0,1,0,0,0,0,0,6.78156E+20,5.84772E+21,1.16397E+16,5.27499E+16
118362,15,0,2,0,2018,6,16,2,3,2,6,0,0,1,0,1,0,0,0,7.08291E+20,5.70601E+21,1.19989E+16,5.14669E+16
118363,15,0,85,370,2018,8,13,6,3,0,1,0,0,0,0,1,0,0,1,6.18844E+20,5.73651E+21,1.07223E+16,5.17669E+16
118364,15,0,86,145,2018,6,1,5,2,8,1,2,0,1,0,0,0,0,0,6.86164E+20,5.78837E+21,1.1725E+16,5.22142E+16
118365,15,0,81,455,2018,8,14,5,3,4,6,0,0,1,0,0,0,1,0,6.51307E+20,5.85639E+21,1.12463E+16,5.2836E+16
118366,15,0,81,280,2018,7,17,5,3,9,6,0,0,1,0,0,0,0,0,6.42071E+20,5.82798E+21,1.1097E+16,5.25832E+16
118367,15,0,2,0,2018,9,11,2,3,0,5,0,1,1,0,0,0,0,0,7.07239E+20,5.7058E+21,1.19837E+16,5.14654E+16
118368,15,0,3,0,2018,6,13,5,3,0,6,0,0,1,0,0,1,0,0,6.77047E+20,5.78408E+21,1.15895E+16,5.21788E+16
118369,15,0,87,165,2018,9,4,3,3,9,1,2,0,1,0,0,0,0,0,6.7777E+20,5.72599E+21,1.15701E+16,5.16568E+16
118370,15,0,91,160,2018,7,15,5,3,1,2,0,0,1,0,0,0,0,0,7.50665E+20,5.74706E+21,1.26372E+16,5.18181E+16
118371,15,0,88,216,2018,6,7,7,3,1,6,0,0,1,0,0,1,0,0,6.99621E+20,5.71875E+21,1.18814E+16,5.15844E+16
118372,15,0,90,546,2018,7,20,2,3,9,1,0,0,1,0,0,0,0,0,6.84659E+20,5.81794E+21,1.17193E+16,5.24803E+16
118373,15,0,2,0,2018,8,13,5,3,5,3,0,0,1,0,0,0,0,0,7.07012E+20,5.70885E+21,1.19822E+16,5.14929E+16
118374,15,0,83,490,2018,8,14,1,2,2,6,0,0,1,0,1,0,0,0,6.76156E+20,5.7714E+21,1.15699E+16,5.20651E+16
118375,15,0,2,0,2018,6,17,2,3,2,6,0,0,1,0,0,0,1,0,7.10495E+20,5.71009E+21,1.2033E+16,5.15027E+16
118376,15,0,86,40,2018,8,11,5,3,9,6,0,0,1,0,0,0,0,0,7.1426E+20,5.80184E+21,1.21442E+16,5.2325E+16
118377,15,0,1,0,2018,6,16,1,3,2,6,0,0,1,0,0,0,0,0,7.22987E+20,5.74072E+21,1.22322E+16,5.17729E+16
118378,15,0,85,228,2018,8,16,1,3,8,1,0,0,0,0,1,0,0,0,6.32847E+20,5.72463E+21,1.09206E+16,5.1657E+16
118379,15,0,82,15,2018,9,23,6,2,6,4,2,0,1,1,0,0,0,0,7.30129E+20,5.72429E+21,1.23247E+16,5.16225E+16
118380,15,0,90,225,2018,9,15,1,2,0,1,0,0,0,0,1,0,0,1,7.06273E+20,5.85915E+21,1.20629E+16,5.28425E+16
118381,15,0,83,205,2018,7,14,1,2,8,7,0,0,0,0,1,0,0,0,6.53331E+20,5.79114E+21,1.12461E+16,5.22493E+16
118382,15,0,83,298,2018,6,18,6,3,2,6,0,0,1,0,0,0,0,0,6.64235E+20,5.78462E+21,1.14026E+16,5.21875E+16
118383,15,0,91,60,2018,8,21,6,3,8,7,1,0,1,0,0,0,0,0,7.38064E+20,5.76366E+21,1.24662E+16,5.19725E+16
118384,15,0,1,0,2018,6,10,5,3,1,6,0,0,1,0,0,0,0,0,7.21587E+20,5.74767E+21,1.22164E+16,5.18358E+16
118385,15,0,83,40,2018,8,19,5,3,8,1,0,0,1,0,0,0,0,0,6.80833E+20,5.78663E+21,1.16462E+16,5.22004E+16
118386,15,0,86,5,2018,7,15,5,3,2,6,0,0,1,0,0,0,0,0,6.87345E+20,5.78173E+21,1.17386E+16,5.21542E+16
118387,15,0,83,270,2018,9,15,3,3,1,3,0,1,1,0,0,0,0,0,6.65794E+20,5.79502E+21,1.14304E+16,5.22805E+16
118388,15,0,90,535,2018,6,14,5,1,4,6,0,0,1,0,0,1,0,0,6.95164E+20,5.8291E+21,1.18803E+16,5.25769E+16
118389,15,0,88,216,2018,7,18,5,3,5,2,0,0,1,0,0,0,0,0,6.99544E+20,5.7186E+21,1.18803E+16,5.15831E+16
118390,15,0,90,546,2018,6,20,1,2,5,3,0,1,1,0,0,0,0,0,6.86786E+20,5.8107E+21,1.17465E+16,5.24146E+16
118391,15,0,87,250,2018,7,20,2,3,0,1,0,0,0,0,1,0,0,0,6.49466E+20,5.69882E+21,1.11497E+16,5.14209E+16
118392,15,0,3,0,2018,8,12,6,3,5,3,0,0,1,0,0,0,0,0,6.81948E+20,5.77784E+21,1.16578E+16,5.21211E+16
118393,15,0,84,375,2018,8,20,1,3,6,6,0,0,1,1,0,0,0,0,7.05655E+20,5.66338E+21,1.19365E+16,5.1085E+16
118394,15,0,1,0,2018,8,14,5,2,5,3,0,1,1,0,0,0,0,0,7.21565E+20,5.74664E+21,1.22154E+16,5.18266E+16
118395,15,0,85,135,2018,7,22,3,3,5,3,2,0,1,0,0,0,0,0,6.42979E+20,5.75222E+21,1.10783E+16,5.19024E+16
118396,15,0,91,241,2018,6,19,2,2,8,1,0,0,1,0,0,0,0,0,7.28762E+20,5.74594E+21,1.23192E+16,5.18174E+16
118397,15,0,1,0,2018,8,15,1,2,2,6,0,0,1,0,0,0,1,0,7.2324E+20,5.74236E+21,1.22369E+16,5.17875E+16
118398,15,0,84,550,2018,9,6,6,3,9,1,1,0,0,0,1,0,0,1,7.04895E+20,5.67938E+21,1.19347E+16,5.1229E+16
118399,15,0,90,535,2018,6,6,5,2,4,6,0,0,1,0,0,0,0,0,6.83535E+20,5.82828E+21,1.17085E+16,5.25735E+16
118400,15,0,84,355,2018,9,16,1,1,8,1,0,1,0,0,0,0,0,1,6.87358E+20,5.66501E+21,1.16764E+16,5.1106E+16
118401,15,0,1,0,2018,7,17,1,3,5,3,0,0,1,0,0,0,0,0,7.21575E+20,5.74766E+21,1.22162E+16,5.18358E+16
118402,15,0,85,227,2018,7,15,3,3,5,3,0,1,1,0,0,0,0,0,6.21957E+20,5.74894E+21,1.07717E+16,5.18779E+16
118403,15,0,83,205,2018,6,11,6,3,2,7,0,0,1,0,0,1,0,0,6.55134E+20,5.78938E+21,1.12717E+16,5.2233E+16
118404,15,0,82,241,2018,7,17,6,2,4,6,0,0,1,0,0,0,1,0,7.38021E+20,5.73251E+21,1.24441E+16,5.1693E+16
118405,15,0,3,0,2018,8,11,3,3,5,2,0,0,1,0,0,0,1,0,6.79224E+20,5.78276E+21,1.16206E+16,5.21662E+16
118406,15,0,84,470,2018,7,12,2,3,5,3,0,0,1,0,0,0,1,0,7.03585E+20,5.6664E+21,1.19087E+16,5.11129E+16
118407,15,0,83,415,2018,8,9,3,3,4,6,0,1,0,0,0,0,0,0,6.52578E+20,5.7665E+21,1.12241E+16,5.20281E+16
118408,15,0,3,0,2018,7,10,2,2,0,7,0,1,0,0,0,0,0,0,6.77263E+20,5.77849E+21,1.15897E+16,5.21285E+16
118409,15,0,84,15,2018,9,17,7,3,0,7,0,0,1,1,0,0,0,0,6.78835E+20,5.68085E+21,1.15626E+16,5.12509E+16
118410,15,0,85,235,2018,9,14,5,2,8,1,0,0,1,0,0,0,0,0,6.50507E+20,5.73963E+21,1.11822E+16,5.17872E+16
118411,15,0,85,55,2018,7,23,7,3,4,6,2,0,1,0,0,0,0,0,6.35299E+20,5.73655E+21,1.09606E+16,5.17635E+16
118412,15,0,85,228,2018,8,17,6,1,4,6,0,0,0,0,1,1,0,0,6.28757E+20,5.73632E+21,1.08658E+16,5.17629E+16
118413,15,0,2,0,2018,7,17,4,3,5,3,0,1,1,0,0,0,0,0,7.09878E+20,5.70737E+21,1.20225E+16,5.14785E+16
118414,15,0,86,55,2018,8,18,1,3,1,2,0,0,1,0,0,0,0,0,7.03802E+20,5.77019E+21,1.1972E+16,5.20448E+16
118415,15,0,86,140,2018,6,9,7,2,9,1,0,0,1,0,0,0,0,0,7.08817E+20,5.77421E+21,1.20475E+16,5.20791E+16
118416,15,0,88,305,2018,8,19,6,2,8,1,0,0,1,0,0,0,0,0,6.69829E+20,5.68925E+21,1.14377E+16,5.13292E+16
118417,15,0,2,0,2018,7,16,6,3,3,2,0,1,1,0,0,0,0,0,7.05526E+20,5.71073E+21,1.19619E+16,5.15102E+16
118418,15,0,87,370,2018,9,11,4,3,8,1,0,0,1,0,0,0,0,0,6.59438E+20,5.71393E+21,1.12998E+16,5.15539E+16
118419,15,0,85,235,2018,6,16,5,3,9,1,0,0,1,0,0,0,0,0,6.46051E+20,5.74028E+21,1.11179E+16,5.17943E+16
118420,15,0,81,105,2018,7,8,3,1,5,3,0,1,1,0,0,0,0,0,6.26923E+20,5.84639E+21,1.08806E+16,5.27524E+16
118421,15,0,91,145,2018,7,20,7,3,8,1,0,0,0,0,1,0,0,0,7.68696E+20,5.74989E+21,1.29004E+16,5.1835E+16
118422,15,0,3,0,2018,7,14,4,3,8,7,0,0,0,0,1,0,0,0,6.83975E+20,5.77052E+21,1.16834E+16,5.20547E+16
118423,15,0,83,30,2018,8,6,4,3,5,3,0,0,1,0,0,0,1,0,6.86195E+20,5.80454E+21,1.17344E+16,5.23595E+16
118424,15,0,3,0,2018,8,5,5,3,2,6,1,0,1,0,0,0,0,1,6.80221E+20,5.78222E+21,1.16349E+16,5.2161E+16
118425,15,0,87,370,2018,6,15,4,3,8,1,0,0,1,0,0,0,0,0,6.56683E+20,5.71038E+21,1.12585E+16,5.15228E+16
118426,15,0,3,0,2018,8,17,4,3,5,3,0,0,1,0,0,0,0,0,6.77077E+20,5.77849E+21,1.1587E+16,5.21285E+16
118427,15,0,87,275,2018,7,22,4,2,2,6,1,0,1,0,0,0,0,0,6.69266E+20,5.72044E+21,1.14446E+16,5.16095E+16
118428,15,0,90,70,2018,9,7,2,2,3,6,0,0,1,0,1,0,0,0,6.77405E+20,5.83547E+21,1.1622E+16,5.26402E+16
118429,15,0,83,415,2018,6,9,5,3,5,3,0,1,1,0,0,0,0,0,6.53679E+20,5.76673E+21,1.12402E+16,5.20299E+16
118430,15,0,91,60,2018,9,17,3,2,8,1,0,0,1,0,0,0,0,0,7.36769E+20,5.75823E+21,1.24436E+16,5.19243E+16
118431,15,0,3,0,2018,7,8,5,2,3,1,0,0,1,0,0,0,0,1,6.78473E+20,5.77518E+21,1.16057E+16,5.20984E+16
118432,15,0,3,0,2018,6,8,7,3,5,2,0,1,1,0,0,0,0,0,6.84804E+20,5.7793E+21,1.17002E+16,5.21333E+16
118433,15,0,87,55,2018,7,17,1,3,4,2,0,0,1,0,0,0,0,0,6.40643E+20,5.70328E+21,1.10246E+16,5.14632E+16
118434,15,0,85,370,2018,8,21,5,2,0,1,1,1,0,0,0,0,0,0,6.1387E+20,5.73676E+21,1.06503E+16,5.17701E+16
118435,15,0,83,245,2018,7,14,4,3,3,2,0,0,1,0,0,0,1,0,6.53106E+20,5.76272E+21,1.12301E+16,5.1994E+16
118436,15,0,88,25,2018,8,13,7,3,8,1,0,0,1,0,0,0,0,0,6.94634E+20,5.69116E+21,1.17944E+16,5.13384E+16
118437,15,0,88,25,2018,8,15,4,2,8,1,0,0,1,0,0,0,0,0,6.96412E+20,5.69259E+21,1.18207E+16,5.13506E+16
118438,15,0,81,30,2018,6,13,1,2,0,1,0,0,0,0,1,0,0,1,6.58101E+20,5.84814E+21,1.1343E+16,5.276E+16
118439,15,0,87,275,2018,8,13,7,2,2,6,0,0,0,0,1,0,0,0,6.59021E+20,5.71944E+21,1.12963E+16,5.16036E+16
118440,15,0,85,330,2018,9,14,6,2,0,7,0,1,0,0,0,0,0,0,6.39136E+20,5.73707E+21,1.10164E+16,5.17672E+16
118441,15,0,88,319,2018,9,23,7,2,0,7,2,1,0,0,0,0,0,0,6.90486E+20,5.70855E+21,1.17442E+16,5.14959E+16
118442,15,0,3,0,2018,6,15,6,3,3,6,0,0,1,0,0,1,0,0,6.79792E+20,5.77996E+21,1.16274E+16,5.21408E+16
118443,15,0,87,55,2018,6,7,4,3,2,3,0,0,1,0,0,0,0,0,6.40647E+20,5.70338E+21,1.10247E+16,5.14641E+16
118444,15,0,85,285,2018,7,13,6,3,2,6,0,1,0,0,0,1,0,0,6.4583E+20,5.75647E+21,1.11215E+16,5.19398E+16
118445,15,0,84,235,2018,8,20,2,2,5,3,0,0,1,0,0,0,0,0,7.13731E+20,5.66893E+21,1.20549E+16,5.11319E+16
118446,15,0,83,190,2018,7,8,2,3,5,3,0,0,1,0,0,0,0,0,6.51268E+20,5.77986E+21,1.12109E+16,5.21485E+16
118447,15,0,86,15,2018,8,16,2,3,5,2,0,0,1,0,0,0,0,0,6.96529E+20,5.79234E+21,1.18789E+16,5.22463E+16
118448,15,0,83,531,2018,7,17,1,3,5,3,0,0,1,0,1,0,0,0,6.67554E+20,5.77104E+21,1.14444E+16,5.20645E+16
118449,15,0,91,60,2018,9,16,6,3,3,1,0,0,1,0,0,1,0,0,7.38912E+20,5.76317E+21,1.24781E+16,5.19677E+16
118450,15,0,89,310,2018,7,9,6,3,2,6,0,0,1,0,0,0,0,0,6.84858E+20,5.75197E+21,1.16863E+16,5.18878E+16
118451,15,0,82,430,2018,8,18,5,3,2,2,0,0,1,0,0,0,0,0,7.11092E+20,5.76198E+21,1.20731E+16,5.19683E+16
118452,15,0,86,15,2018,8,12,7,2,8,6,0,0,1,0,0,0,0,0,6.94183E+20,5.79007E+21,1.18432E+16,5.22267E+16
118453,15,0,91,160,2018,6,15,6,3,8,1,0,0,1,0,0,0,0,0,7.50871E+20,5.74674E+21,1.26399E+16,5.18151E+16
118454,15,0,82,377,2018,8,11,6,3,4,6,0,0,1,0,1,0,0,0,7.10599E+20,5.74017E+21,1.20526E+16,5.17727E+16
118455,15,0,83,415,2018,7,13,6,3,5,3,0,0,1,0,0,0,0,0,6.52568E+20,5.76641E+21,1.12239E+16,5.20273E+16
118456,15,0,84,355,2018,7,11,2,1,5,3,0,0,1,0,0,0,0,0,6.93858E+20,5.66529E+21,1.17693E+16,5.11062E+16
118457,15,0,83,323,2018,6,15,5,3,2,6,0,0,1,0,0,1,0,0,6.44929E+20,5.78631E+21,1.11211E+16,5.22081E+16
118458,15,0,82,377,2018,7,17,6,2,4,2,0,0,1,0,0,0,0,0,6.99029E+20,5.72993E+21,1.18793E+16,5.1685E+16
118459,15,0,88,235,2018,8,8,2,2,4,7,0,0,1,0,0,0,0,0,6.93177E+20,5.69102E+21,1.17734E+16,5.13376E+16
118460,15,0,89,42,2018,7,15,2,3,2,6,0,0,1,0,0,0,0,0,6.82485E+20,5.76471E+21,1.16586E+16,5.2003E+16
118461,15,0,87,130,2018,8,10,2,3,9,6,0,0,1,0,0,0,0,0,6.80774E+20,5.70908E+21,1.16048E+16,5.15039E+16
118462,15,0,87,15,2018,7,5,1,3,4,6,0,0,1,0,0,0,1,0,6.68866E+20,5.69897E+21,1.14285E+16,5.14167E+16
118463,15,0,83,298,2018,9,0,7,3,9,1,2,0,0,0,0,1,0,0,6.73236E+20,5.77785E+21,1.15306E+16,5.2124E+16
118464,15,0,2,0,2018,9,16,4,3,3,2,0,1,1,0,0,0,0,0,7.08515E+20,5.70733E+21,1.20029E+16,5.14786E+16
118465,15,0,2,0,2018,7,13,6,3,5,3,0,1,1,0,0,0,0,0,7.0721E+20,5.70642E+21,1.19836E+16,5.14709E+16
118466,15,0,2,0,2018,8,19,5,3,0,2,0,1,1,0,0,0,0,1,7.07363E+20,5.7073E+21,1.19863E+16,5.14788E+16
118467,15,0,3,0,2018,7,9,3,3,1,5,0,1,1,0,0,0,0,0,6.81488E+20,5.78274E+21,1.16537E+16,5.21653E+16
118468,15,0,2,0,2018,8,18,7,3,2,6,0,0,1,0,0,0,1,0,7.06812E+20,5.70717E+21,1.19783E+16,5.14778E+16
118469,15,0,88,195,2018,6,18,6,2,2,6,0,0,1,0,0,0,0,0,7.12526E+20,5.71122E+21,1.20629E+16,5.15121E+16
118470,15,0,84,135,2018,8,16,6,2,5,3,0,0,1,0,0,0,0,0,6.95085E+20,5.67607E+21,1.17926E+16,5.12027E+16
118471,15,0,89,75,2018,7,6,6,3,2,7,0,0,1,0,0,0,0,0,6.66393E+20,5.756E+21,1.14202E+16,5.19298E+16
118472,15,0,91,145,2018,9,13,4,3,1,6,0,0,1,0,0,0,0,0,7.64841E+20,5.74134E+21,1.2838E+16,5.17602E+16
118473,15,0,83,270,2018,6,16,5,3,5,3,0,0,1,0,0,1,0,0,6.65045E+20,5.79513E+21,1.14195E+16,5.22817E+16
118474,15,0,83,298,2018,7,19,2,2,0,6,0,0,1,0,0,0,1,0,6.66135E+20,5.78479E+21,1.14304E+16,5.21885E+16
118475,15,0,85,228,2018,7,16,7,3,8,1,0,0,0,0,1,0,0,0,6.21272E+20,5.73439E+21,1.07567E+16,5.17473E+16
118476,15,0,83,120,2018,7,7,4,2,8,7,0,0,1,0,0,0,0,0,6.79668E+20,5.81095E+21,1.16421E+16,5.24192E+16
118477,15,0,84,13,2018,8,13,3,3,1,6,0,0,1,0,0,1,0,0,7.0954E+20,5.66211E+21,1.19911E+16,5.10722E+16
118478,15,0,2,0,2018,8,11,4,2,9,7,0,0,1,0,0,0,0,0,7.09207E+20,5.70501E+21,1.20115E+16,5.14575E+16
118479,15,0,83,298,2018,6,8,4,2,5,3,0,0,1,0,0,0,0,0,6.61424E+20,5.78464E+21,1.13615E+16,5.21885E+16
118480,15,0,81,240,2018,8,6,4,3,1,6,0,0,1,0,0,0,0,0,6.5539E+20,5.83566E+21,1.1297E+16,5.26486E+16
118481,15,0,83,485,2018,7,17,4,3,2,6,0,0,1,0,0,0,0,0,6.42527E+20,5.7871E+21,1.10863E+16,5.22159E+16
118482,15,0,84,565,2018,9,16,1,2,5,3,0,1,1,0,0,0,0,0,7.13542E+20,5.65669E+21,1.2045E+16,5.1022E+16
118483,15,0,81,455,2018,6,13,5,3,5,3,0,1,0,0,0,1,0,0,6.45992E+20,5.85707E+21,1.11677E+16,5.28436E+16
118484,15,0,86,140,2018,9,1,3,3,2,6,2,0,1,0,0,1,0,0,7.04241E+20,5.79145E+21,1.19911E+16,5.22355E+16
118485,15,0,84,135,2018,7,15,4,3,8,1,0,0,0,0,0,0,1,1,6.91892E+20,5.67826E+21,1.17481E+16,5.12234E+16
118486,15,0,83,270,2018,6,12,7,3,4,6,0,0,1,0,1,0,0,0,6.67045E+20,5.79455E+21,1.14485E+16,5.22759E+16
118487,15,0,89,305,2018,7,18,1,2,2,6,0,0,1,0,0,0,0,0,6.88965E+20,5.75998E+21,1.17503E+16,5.19584E+16
118488,15,0,83,565,2018,8,15,5,3,2,2,0,0,1,0,0,0,0,0,6.80298E+20,5.79383E+21,1.16422E+16,5.22652E+16
118489,15,0,84,130,2018,7,11,3,3,8,7,0,0,0,0,1,0,0,0,7.24003E+20,5.66132E+21,1.21968E+16,5.10597E+16
118490,15,0,1,0,2018,8,10,7,3,2,6,0,0,1,0,0,0,1,0,7.2392E+20,5.74752E+21,1.22501E+16,5.18336E+16
118491,15,0,83,323,2018,8,19,4,3,2,6,0,0,1,0,0,0,0,0,6.48932E+20,5.78605E+21,1.11795E+16,5.22047E+16
118492,15,0,84,315,2018,6,12,6,3,4,6,0,0,1,0,0,0,0,1,7.19215E+20,5.6772E+21,1.21382E+16,5.1204E+16
118493,15,0,3,0,2018,8,12,7,3,5,3,0,0,1,0,0,0,0,0,6.81789E+20,5.77948E+21,1.16563E+16,5.21358E+16
118494,15,0,88,205,2018,9,11,5,2,9,7,0,0,1,0,0,1,0,0,7.19891E+20,5.6887E+21,1.21549E+16,5.13071E+16
118495,15,0,84,355,2018,9,14,7,3,1,6,0,0,1,0,1,0,0,0,6.95434E+20,5.67044E+21,1.17945E+16,5.1152E+16
118496,15,0,84,355,2018,6,17,5,2,8,1,0,0,0,0,1,0,0,0,6.963E+20,5.67445E+21,1.18091E+16,5.11877E+16
118497,15,0,82,15,2018,6,12,4,3,5,2,0,0,1,0,1,0,0,0,7.29684E+20,5.72381E+21,1.2318E+16,5.16184E+16
118498,15,0,2,0,2018,7,16,5,3,9,1,0,0,0,0,1,0,0,0,7.05657E+20,5.71054E+21,1.19637E+16,5.15085E+16
118499,15,0,89,310,2018,8,18,2,2,9,7,0,0,1,0,0,0,0,0,6.85597E+20,5.75487E+21,1.16985E+16,5.19136E+16
118500,15,0,82,15,2018,7,20,1,2,5,3,0,1,1,0,0,0,0,0,7.30164E+20,5.72458E+21,1.23254E+16,5.16251E+16
118501,15,0,87,55,2018,8,18,1,3,2,6,0,0,1,0,0,0,0,0,6.41144E+20,5.7034E+21,1.10319E+16,5.14642E+16
118502,15,0,84,590,2018,7,11,7,3,2,6,0,0,1,0,0,0,0,0,7.1817E+20,5.66277E+21,1.21145E+16,5.10749E+16
118503,15,0,89,305,2018,9,12,6,3,0,3,0,1,1,0,0,0,0,0,6.85639E+20,5.7676E+21,1.17061E+16,5.20279E+16
118504,15,0,2,0,2018,7,18,5,2,2,6,0,0,1,0,1,0,0,0,7.09927E+20,5.70738E+21,1.20232E+16,5.14785E+16
118505,15,0,85,230,2018,8,6,5,2,8,1,0,0,1,0,0,0,0,1,6.25746E+20,5.76406E+21,1.08323E+16,5.20129E+16
118506,15,0,86,140,2018,8,13,7,2,0,7,0,0,1,0,0,0,1,0,7.12206E+20,5.79221E+21,1.21081E+16,5.22393E+16
118507,15,0,90,3,2018,6,16,6,2,5,3,0,0,1,0,0,0,0,0,6.83878E+20,5.86562E+21,1.17345E+16,5.29087E+16
118508,15,0,87,15,2018,8,14,5,2,9,7,0,0,1,0,0,0,0,0,6.66587E+20,5.7027E+21,1.13975E+16,5.14509E+16
118509,15,0,84,550,2018,7,15,5,3,3,6,0,0,1,0,0,1,0,0,7.07775E+20,5.68326E+21,1.19782E+16,5.12627E+16
118510,15,0,83,323,2018,9,8,3,3,2,6,0,0,0,0,0,1,1,0,6.46328E+20,5.7863E+21,1.11415E+16,5.22077E+16
118511,15,0,2,0,2018,6,15,4,2,6,4,0,0,1,1,0,0,0,0,7.07241E+20,5.70985E+21,1.19861E+16,5.15017E+16
118512,15,0,91,241,2018,7,13,6,3,1,6,0,0,1,0,0,1,0,0,7.29943E+20,5.7501E+21,1.23391E+16,5.18542E+16