OBJECTID_1,ULAND,UREGBEZ,UKREIS,UGEMEINDE,UJAHR,UMONAT,USTUNDE,UWOCHENTAG,UKATEGORIE,UART,UTYP1,ULICHTVERH,IstRad,IstPKW,IstFuss,IstKrad,IstGkfz,IstSonstig,STRZUSTAND,LINREFX,LINREFY,XGCSWGS84,YGCSWGS84
118513,15,0,82,180,2018,6,9,2,3,5,3,0,0,1,0,0,0,0,0,7.03455E+20,5.73609E+21,1.19468E+16,5.17388E+16
118514,15,0,86,15,2018,7,6,3,3,8,7,0,0,1,0,0,0,0,0,6.99133E+20,5.7943E+21,1.19181E+16,5.2263E+16
118515,15,0,85,135,2018,8,7,2,3,5,2,0,1,1,0,0,0,0,0,6.39977E+20,5.75216E+21,1.10347E+16,5.19026E+16
118516,15,0,83,270,2018,6,7,5,3,2,6,0,0,1,0,1,0,0,0,6.65328E+20,5.79314E+21,1.14227E+16,5.22637E+16
118517,15,0,84,490,2018,7,9,3,3,4,6,0,0,1,0,0,0,1,0,7.10517E+20,5.66591E+21,1.20073E+16,5.1106E+16
118518,15,0,3,0,2018,6,16,3,3,1,2,0,0,1,0,0,0,0,0,6.81507E+20,5.77967E+21,1.16523E+16,5.21377E+16
118519,15,0,82,241,2018,8,14,2,2,8,1,0,0,1,0,0,0,0,0,7.35888E+20,5.73039E+21,1.24119E+16,5.16749E+16
118520,15,0,87,412,2018,9,14,7,2,4,1,0,0,0,0,1,0,0,0,6.40747E+20,5.71508E+21,1.10309E+16,5.15692E+16
118521,15,0,2,0,2018,6,16,4,2,4,6,0,0,0,0,1,0,1,0,7.13088E+20,5.70755E+21,1.20688E+16,5.14789E+16
118522,15,0,89,30,2018,9,21,2,1,6,4,2,0,1,1,0,0,0,0,6.92068E+20,5.74291E+21,1.17859E+16,5.1804E+16
118523,15,0,91,60,2018,7,5,2,3,7,7,1,0,1,0,0,0,0,0,7.37998E+20,5.762E+21,1.2464E+16,5.19577E+16
118524,15,0,84,355,2018,7,7,3,3,8,6,0,0,1,0,0,0,1,1,6.9573E+20,5.66965E+21,1.17983E+16,5.11448E+16
118525,15,0,3,0,2018,9,15,4,3,5,2,0,1,1,0,0,0,0,0,6.80317E+20,5.77981E+21,1.1635E+16,5.21393E+16
118526,15,0,91,60,2018,6,8,4,2,1,6,0,0,0,0,0,1,0,0,7.3553E+20,5.75647E+21,1.24244E+16,5.19091E+16
118527,15,0,91,375,2018,7,16,1,3,9,1,0,0,1,0,0,0,0,0,7.464E+20,5.76397E+21,1.25875E+16,5.19717E+16
118528,15,0,87,15,2018,7,13,6,3,1,6,0,0,1,0,0,0,0,0,6.65223E+20,5.70045E+21,1.13769E+16,5.14311E+16
118529,15,0,2,0,2018,7,16,3,3,5,2,0,1,1,0,0,0,0,0,7.09477E+20,5.70735E+21,1.20167E+16,5.14785E+16
118530,15,0,91,375,2018,8,18,2,3,5,3,0,1,1,0,0,0,0,0,7.54179E+20,5.75242E+21,1.2692E+16,5.18646E+16
118531,15,0,89,15,2018,8,7,4,3,0,1,0,0,0,0,1,0,0,1,6.6917E+20,5.73768E+21,1.14516E+16,5.17644E+16
118532,15,0,91,375,2018,6,12,3,3,2,6,0,0,1,0,0,0,0,0,7.50541E+20,5.75283E+21,1.26396E+16,5.18699E+16
118533,15,0,3,0,2018,8,20,3,3,8,7,1,0,1,0,0,0,0,0,6.84079E+20,5.77029E+21,1.16848E+16,5.20526E+16
118534,15,0,3,0,2018,9,20,1,3,5,2,1,0,1,1,0,0,0,0,6.78603E+20,5.77977E+21,1.161E+16,5.21395E+16
118535,15,0,91,241,2018,6,0,4,2,2,6,2,0,1,0,0,0,0,0,7.29795E+20,5.74998E+21,1.23369E+16,5.18532E+16
118536,15,0,83,130,2018,9,4,3,2,9,1,2,0,1,0,0,0,0,0,6.78227E+20,5.80126E+21,1.16158E+16,5.23327E+16
118537,15,0,86,40,2018,7,14,4,3,5,2,0,0,1,0,0,0,0,0,7.10789E+20,5.79971E+21,1.20921E+16,5.23072E+16
118538,15,0,82,340,2018,6,15,6,3,2,6,0,0,1,0,0,0,1,0,7.20944E+20,5.7173E+21,1.21878E+16,5.15634E+16
118539,15,0,87,412,2018,7,19,7,2,8,1,0,0,1,0,0,0,0,1,6.36412E+20,5.70768E+21,1.09655E+16,5.15038E+16
118540,15,0,2,0,2018,8,17,4,3,5,3,0,0,1,0,1,0,0,0,7.08466E+20,5.70107E+21,1.19985E+16,5.14225E+16
118541,15,0,3,0,2018,7,16,3,3,8,7,0,0,1,0,0,0,0,0,6.86626E+20,5.77373E+21,1.17238E+16,5.20826E+16
118542,15,0,88,295,2018,8,15,6,2,8,6,0,0,1,0,0,0,0,0,7.01967E+20,5.71615E+21,1.19138E+16,5.15602E+16
118543,15,0,86,140,2018,8,7,4,3,0,6,0,1,1,0,0,0,0,0,7.02239E+20,5.78128E+21,1.19558E+16,5.2145E+16
118544,15,0,81,280,2018,8,9,7,3,5,2,0,0,1,0,0,0,0,0,6.53109E+20,5.82993E+21,1.12606E+16,5.25978E+16
118545,15,0,87,130,2018,9,8,5,3,2,6,0,0,1,0,0,0,0,0,6.80148E+20,5.70929E+21,1.15959E+16,5.1506E+16
118546,15,0,89,195,2018,9,18,7,2,5,3,0,0,1,0,0,0,0,0,6.92475E+20,5.72915E+21,1.17842E+16,5.16803E+16
118547,15,0,91,60,2018,6,3,5,3,8,7,1,0,0,0,0,0,1,0,7.40868E+20,5.76422E+21,1.25073E+16,5.19764E+16
118548,15,0,83,40,2018,6,11,4,3,2,6,0,0,1,0,0,0,0,0,6.78181E+20,5.78607E+21,1.16071E+16,5.21963E+16
118549,15,0,82,377,2018,7,19,5,2,5,3,0,0,1,0,0,0,0,0,6.99594E+20,5.7348E+21,1.18902E+16,5.17286E+16
118550,15,0,83,323,2018,8,22,2,2,5,2,2,0,1,0,0,0,0,0,6.45727E+20,5.78641E+21,1.11328E+16,5.22088E+16
118551,15,0,85,135,2018,7,16,1,3,5,2,0,0,1,0,0,0,0,0,6.4158E+20,5.75077E+21,1.10574E+16,5.18897E+16
118552,15,0,85,228,2018,8,17,1,3,8,1,0,0,0,0,1,0,0,0,6.16157E+20,5.73392E+21,1.06825E+16,5.17441E+16
118553,15,0,90,550,2018,7,12,7,3,2,6,0,0,1,0,0,0,1,0,7.02797E+20,5.8278E+21,1.1992E+16,5.25624E+16
118554,15,0,84,550,2018,9,9,5,3,8,7,0,0,1,0,0,1,0,0,7.10707E+20,5.67585E+21,1.20158E+16,5.11951E+16
118555,15,0,85,40,2018,6,19,3,2,9,6,0,0,1,0,1,0,0,0,6.51914E+20,5.73166E+21,1.11991E+16,5.17153E+16
118556,15,0,82,180,2018,7,18,5,3,5,3,0,1,1,0,0,0,0,0,7.04438E+20,5.7388E+21,1.19626E+16,5.17627E+16
118557,15,0,88,220,2018,8,16,4,3,0,2,0,1,1,0,0,0,0,0,7.07554E+20,5.69388E+21,1.19812E+16,5.13582E+16
118558,15,0,87,15,2018,8,11,6,2,2,6,0,0,1,0,0,0,0,0,6.70713E+20,5.70158E+21,1.14563E+16,5.14397E+16
118559,15,0,87,275,2018,6,14,5,2,2,6,0,0,1,0,0,1,1,0,6.69973E+20,5.71853E+21,1.14538E+16,5.15922E+16
118560,15,0,1,0,2018,8,13,5,3,5,3,0,1,1,0,0,0,0,0,7.21552E+20,5.75427E+21,1.22201E+16,5.1895E+16
118561,15,0,83,298,2018,7,14,5,3,3,6,0,0,1,0,0,0,0,0,6.70284E+20,5.78314E+21,1.14902E+16,5.21724E+16
118562,15,0,85,228,2018,9,11,3,2,8,1,0,0,0,0,1,0,0,0,6.29675E+20,5.72721E+21,1.08757E+16,5.16809E+16
118563,15,0,91,145,2018,6,9,4,3,1,6,0,0,1,0,0,1,0,0,7.67594E+20,5.74738E+21,1.28825E+16,5.18131E+16
118564,15,0,85,330,2018,7,17,6,3,2,2,0,0,1,0,0,0,0,0,6.4145E+20,5.73563E+21,1.10493E+16,5.17537E+16
118565,15,0,85,285,2018,6,17,2,1,5,2,0,0,1,0,1,0,0,0,6.45072E+20,5.7627E+21,1.11131E+16,5.1996E+16
118566,15,0,83,230,2018,7,4,3,3,7,7,1,0,1,0,0,0,0,0,6.46498E+20,5.80152E+21,1.11506E+16,5.23444E+16
118567,15,0,90,435,2018,8,18,6,3,2,6,0,0,1,0,0,0,0,0,6.87533E+20,5.84535E+21,1.17771E+16,5.27255E+16
118568,15,0,88,295,2018,8,20,1,3,9,1,0,0,1,0,0,0,0,0,7.05174E+20,5.71633E+21,1.19601E+16,5.15607E+16
118569,15,0,2,0,2018,8,12,5,3,7,4,0,0,1,1,0,0,0,0,7.07206E+20,5.7065E+21,1.19836E+16,5.14716E+16
118570,15,0,86,145,2018,7,4,3,2,1,3,2,0,0,0,0,1,0,0,6.87659E+20,5.78978E+21,1.17477E+16,5.22265E+16
118571,15,0,91,241,2018,6,5,2,3,2,6,0,0,1,0,0,1,0,0,7.32393E+20,5.75184E+21,1.23758E+16,5.18689E+16
118572,15,0,2,0,2018,8,11,1,3,5,3,0,1,1,0,0,0,0,0,7.07361E+20,5.7073E+21,1.19863E+16,5.14788E+16
118573,15,0,88,205,2018,9,15,6,2,1,6,0,0,1,0,0,0,0,0,7.15484E+20,5.68326E+21,1.20885E+16,5.12599E+16
118574,15,0,91,145,2018,6,13,4,3,5,2,0,0,1,0,0,0,0,0,7.712E+20,5.74638E+21,1.29339E+16,5.18023E+16
118575,15,0,81,135,2018,9,12,2,2,5,3,0,0,1,0,0,1,0,0,6.65221E+20,5.82751E+21,1.14381E+16,5.25725E+16
118576,15,0,84,375,2018,7,2,1,3,7,7,2,0,1,0,0,1,0,0,7.06185E+20,5.65828E+21,1.19411E+16,5.1039E+16
118577,15,0,83,298,2018,7,19,3,3,9,1,1,0,1,0,0,0,0,0,6.67174E+20,5.78456E+21,1.14455E+16,5.21861E+16
118578,15,0,85,228,2018,6,16,6,3,8,1,0,0,0,0,1,0,0,0,6.15889E+20,5.73343E+21,1.06784E+16,5.17398E+16
118579,15,0,2,0,2018,7,17,6,3,1,6,0,0,1,0,0,0,1,0,7.09377E+20,5.70735E+21,1.20153E+16,5.14785E+16
118580,15,0,1,0,2018,8,12,3,3,5,3,0,0,1,0,0,0,0,0,7.21308E+20,5.74472E+21,1.22105E+16,5.18095E+16
118581,15,0,87,210,2018,7,16,2,2,3,2,0,1,1,0,0,0,0,0,6.71565E+20,5.71313E+21,1.14742E+16,5.15431E+16
118582,15,0,88,220,2018,8,10,5,2,5,3,0,0,1,0,0,0,0,0,7.05879E+20,5.68886E+21,1.19543E+16,5.13137E+16
118583,15,0,3,0,2018,8,14,3,3,0,3,0,0,1,0,1,0,0,0,6.86636E+20,5.77372E+21,1.17239E+16,5.20826E+16
118584,15,0,82,15,2018,7,17,2,2,5,3,0,0,1,0,1,0,0,0,7.2932E+20,5.72471E+21,1.23133E+16,5.16266E+16
118585,15,0,90,485,2018,6,5,4,2,9,1,0,0,1,0,0,0,0,0,7.182E+20,5.83794E+21,1.22256E+16,5.26475E+16
118586,15,0,88,319,2018,9,14,7,3,5,3,0,0,0,0,1,0,1,0,6.96087E+20,5.70662E+21,1.18238E+16,5.14767E+16
118587,15,0,3,0,2018,9,13,5,3,3,6,0,0,1,0,0,1,0,0,6.78466E+20,5.77603E+21,1.1606E+16,5.21059E+16
118588,15,0,90,225,2018,8,6,6,2,9,1,1,0,1,0,0,0,0,0,7.05186E+20,5.8579E+21,1.2046E+16,5.28317E+16
118589,15,0,87,55,2018,7,15,4,2,8,7,0,0,0,0,0,1,0,0,6.37038E+20,5.70382E+21,1.0973E+16,5.14689E+16
118590,15,0,90,535,2018,8,12,1,1,4,6,0,0,1,0,1,0,0,0,6.93607E+20,5.83581E+21,1.18613E+16,5.26377E+16
118591,15,0,90,3,2018,6,19,7,2,4,6,0,0,1,0,0,0,1,0,6.73988E+20,5.87485E+21,1.15925E+16,5.2995E+16
118592,15,0,89,305,2018,8,12,7,3,5,3,0,0,1,0,0,0,0,0,6.89491E+20,5.76349E+21,1.17598E+16,5.19897E+16
118593,15,0,85,228,2018,7,12,7,3,8,1,0,0,0,0,1,0,0,0,6.25836E+20,5.72168E+21,1.08182E+16,5.16321E+16
118594,15,0,83,130,2018,9,13,5,2,9,1,0,0,1,0,0,0,0,0,6.78227E+20,5.80126E+21,1.16158E+16,5.23327E+16
118595,15,0,85,370,2018,7,22,3,3,5,3,2,1,1,0,0,0,0,0,6.23238E+20,5.7461E+21,1.07893E+16,5.18521E+16
118596,15,0,82,440,2018,9,1,1,3,9,1,2,0,0,0,0,0,1,0,7.20878E+20,5.72367E+21,1.21909E+16,5.16206E+16
118597,15,0,85,55,2018,12,7,5,3,5,3,1,0,1,0,0,0,0,1,6.32786E+20,5.74323E+21,1.09268E+16,5.18241E+16
118598,15,0,88,365,2018,11,8,2,3,5,3,0,0,1,0,0,0,0,0,6.92031E+20,5.69987E+21,1.17618E+16,5.14175E+16
118599,15,0,86,55,2018,11,5,5,2,0,7,2,0,1,0,0,0,0,0,6.9119E+20,5.775E+21,1.1791E+16,5.20925E+16
118600,15,0,89,15,2018,10,17,2,3,1,2,0,0,1,0,0,0,0,0,6.69483E+20,5.73464E+21,1.14546E+16,5.17371E+16
118601,15,0,88,205,2018,12,16,4,3,2,2,2,0,1,0,0,0,1,1,7.16559E+20,5.69405E+21,1.21104E+16,5.13564E+16
118602,15,0,82,15,2018,10,6,4,3,2,6,2,0,1,0,0,0,0,1,7.2604E+20,5.73153E+21,1.22704E+16,5.16891E+16
118603,1,0,1,0,2018,1,13,3,3,8,1,0,0,1,0,0,0,0,1,5.27128E+20,6.06968E+21,9.42172E+15,5.47736E+16
118604,15,0,86,145,2018,11,16,3,3,2,6,2,0,0,0,0,0,1,1,6.86103E+20,5.78842E+21,1.17242E+16,5.22148E+16
118605,15,0,91,375,2018,9,1,1,2,7,4,2,0,1,1,0,0,0,0,7.42374E+20,5.75354E+21,1.25217E+16,5.18799E+16
118606,15,0,91,391,2018,12,11,2,3,4,2,0,0,1,0,0,0,0,0,7.59925E+20,5.75037E+21,1.27737E+16,5.18435E+16
118607,15,0,3,0,2018,11,17,6,3,5,3,2,1,1,0,0,0,0,1,6.78058E+20,5.77861E+21,1.16014E+16,5.21293E+16
118608,15,0,2,0,2018,10,16,6,3,3,6,0,0,1,0,0,0,0,0,7.07549E+20,5.70138E+21,1.19855E+16,5.14255E+16
118609,15,0,85,330,2018,12,21,1,3,9,1,2,0,1,0,0,0,0,1,6.3295E+20,5.73435E+21,1.09257E+16,5.17442E+16
118610,15,0,87,370,2018,10,11,7,2,4,6,0,0,1,0,0,0,0,0,6.58984E+20,5.7086E+21,1.12909E+16,5.15061E+16
118611,15,0,91,391,2018,9,21,1,1,8,1,2,0,1,0,0,0,0,0,7.62643E+20,5.75607E+21,1.28174E+16,5.18934E+16
118612,15,0,82,377,2018,12,23,4,3,9,1,2,0,1,0,0,0,0,1,7.12807E+20,5.7297E+21,1.20782E+16,5.16779E+16
118613,1,0,2,0,2018,1,14,5,3,1,6,0,0,1,0,0,0,1,1,5.74352E+20,6.01611E+21,1.01422E+16,5.42875E+16
118614,15,0,82,430,2018,11,14,6,3,5,3,0,1,1,0,0,0,0,0,7.13304E+20,5.76041E+21,1.21042E+16,5.19534E+16
118615,15,0,82,377,2018,11,16,6,2,4,6,1,0,1,0,0,0,0,1,6.97956E+20,5.73086E+21,1.18643E+16,5.16938E+16
118616,15,0,83,515,2018,11,14,4,3,2,6,0,0,1,0,0,0,0,0,6.44697E+20,5.77918E+21,1.11146E+16,5.21442E+16
118617,15,0,85,135,2018,12,8,5,3,5,3,1,0,1,0,0,0,0,1,6.40914E+20,5.75068E+21,1.10477E+16,5.18891E+16
118618,15,0,85,230,2018,10,14,2,2,9,1,0,0,1,0,0,0,0,1,6.13372E+20,5.7607E+21,1.06509E+16,5.19853E+16
118619,15,0,83,411,2018,11,16,6,3,6,4,2,0,1,1,0,0,0,1,6.40375E+20,5.7984E+21,1.10595E+16,5.2318E+16
118620,15,0,2,0,2018,10,13,3,2,4,2,0,0,1,0,0,0,0,0,7.07233E+20,5.70622E+21,1.19838E+16,5.14691E+16
118621,15,0,2,0,2018,11,16,2,3,5,2,1,1,0,0,0,0,1,0,7.03807E+20,5.70741E+21,1.19352E+16,5.1481E+16
118622,15,0,82,180,2018,9,17,1,3,1,6,0,0,1,0,0,0,0,0,7.03458E+20,5.73609E+21,1.19469E+16,5.17388E+16
118623,15,0,88,220,2018,12,14,6,3,2,6,0,0,1,0,0,0,0,0,7.07461E+20,5.69541E+21,1.19808E+16,5.1372E+16
118624,15,0,2,0,2018,11,6,3,3,6,2,2,0,1,1,0,0,0,1,7.05525E+20,5.71073E+21,1.19619E+16,5.15103E+16
118625,15,0,3,0,2018,10,18,4,3,0,3,2,0,1,0,0,0,0,0,6.78424E+20,5.7787E+21,1.16068E+16,5.213E+16
118626,1,0,60,5,2018,1,11,6,3,5,3,0,0,1,0,0,0,0,1,5.86423E+20,5.9769E+21,1.03164E+16,5.39333E+16
118627,15,0,2,0,2018,11,13,6,3,3,6,0,0,1,0,0,1,0,0,7.04942E+20,5.70742E+21,1.19516E+16,5.14807E+16
118628,15,0,91,160,2018,10,17,3,2,5,3,0,0,1,0,0,0,0,0,7.57234E+20,5.74225E+21,1.27287E+16,5.17719E+16
118629,15,0,3,0,2018,12,8,7,3,5,3,1,0,1,0,0,0,1,1,6.7784E+20,5.77334E+21,1.15955E+16,5.2082E+16
118630,15,0,91,375,2018,10,15,5,2,5,3,0,1,0,0,0,0,0,0,7.47495E+20,5.75242E+21,1.25951E+16,5.18676E+16
118631,1,0,4,0,2018,1,16,5,3,5,3,0,1,1,0,0,0,0,1,5.64178E+20,5.99198E+21,9.98079E+15,5.40721E+16
118632,15,0,87,275,2018,10,13,7,3,8,1,0,0,0,0,1,0,0,0,6.58393E+20,5.72129E+21,1.12881E+16,5.16204E+16
118633,15,0,85,230,2018,11,16,5,3,8,1,0,0,1,0,0,0,0,1,6.21774E+20,5.75842E+21,1.07724E+16,5.19631E+16
118634,15,0,83,298,2018,9,9,1,2,8,1,0,0,1,0,0,0,1,0,6.62732E+20,5.78454E+21,1.13806E+16,5.21873E+16
118635,15,0,81,30,2018,12,14,4,3,8,1,0,0,1,0,0,0,0,1,6.67075E+20,5.86024E+21,1.14821E+16,5.28659E+16
118636,15,0,83,565,2018,11,16,2,3,5,3,0,0,1,0,0,0,0,0,6.76668E+20,5.78516E+21,1.15845E+16,5.21886E+16
118637,15,0,86,140,2018,10,23,4,3,0,6,2,0,1,0,0,1,0,0,7.03053E+20,5.79142E+21,1.19738E+16,5.22357E+16
118638,15,0,88,205,2018,10,22,7,3,9,1,2,0,1,0,0,0,0,0,7.21564E+20,5.69535E+21,1.2183E+16,5.13661E+16
118639,15,0,84,550,2018,12,14,3,2,2,6,0,0,1,0,0,0,1,0,7.07365E+20,5.67845E+21,1.19695E+16,5.12197E+16
118640,15,0,90,520,2018,10,16,3,2,0,7,0,0,0,0,0,0,1,1,6.9056E+20,5.86319E+21,1.18323E+16,5.28846E+16
118641,15,0,86,15,2018,9,16,1,3,3,6,0,1,0,0,0,0,1,0,6.88242E+20,5.79425E+21,1.17587E+16,5.22664E+16
118642,1,0,55,35,2018,1,11,2,3,5,3,0,0,1,0,0,1,0,0,6.12714E+20,5.98066E+21,1.0718E+16,5.3962E+16
118643,15,0,83,390,2018,11,6,2,3,6,6,2,0,1,1,0,0,0,0,6.72688E+20,5.78866E+21,1.15281E+16,5.22212E+16
118644,15,0,87,165,2018,9,14,7,3,4,6,0,0,1,0,0,0,0,0,6.76572E+20,5.72072E+21,1.15501E+16,5.16098E+16
118645,15,0,91,391,2018,12,15,1,2,8,1,0,0,1,0,0,0,0,1,7.59335E+20,5.75732E+21,1.27704E+16,5.19062E+16
118646,15,0,82,180,2018,11,7,5,3,5,3,0,0,1,0,0,0,0,0,7.06294E+20,5.73801E+21,1.1989E+16,5.1755E+16
118647,15,0,86,145,2018,12,16,2,3,2,7,1,0,1,0,0,0,0,1,6.92833E+20,5.79083E+21,1.18239E+16,5.22341E+16
118648,15,0,87,412,2018,9,17,7,2,5,2,0,0,1,0,0,0,0,0,6.4275E+20,5.71794E+21,1.10609E+16,5.15944E+16
118649,15,0,85,365,2018,10,12,6,1,4,6,0,0,1,0,0,0,0,0,6.47887E+20,5.75289E+21,1.11499E+16,5.19071E+16
118650,15,0,83,323,2018,12,16,6,3,2,3,2,0,1,0,0,0,1,0,6.4523E+20,5.78628E+21,1.11255E+16,5.22078E+16
118651,15,0,83,298,2018,10,4,7,3,9,1,2,0,0,0,0,1,0,0,6.69215E+20,5.78372E+21,1.14749E+16,5.21779E+16
118652,15,0,2,0,2018,9,9,7,3,2,6,0,0,1,0,0,0,0,0,7.04485E+20,5.70731E+21,1.19449E+16,5.148E+16
118653,15,0,83,565,2018,12,17,3,2,5,6,1,0,1,0,0,0,0,0,6.79306E+20,5.79498E+21,1.16283E+16,5.22759E+16
118654,15,0,91,110,2018,11,12,5,3,2,2,0,0,1,0,0,0,0,0,7.35558E+20,5.73491E+21,1.24102E+16,5.17156E+16
118655,15,0,83,490,2018,11,6,3,3,2,6,1,0,1,0,0,0,0,1,6.76642E+20,5.76974E+21,1.15761E+16,5.20501E+16
118656,15,0,83,415,2018,12,16,4,3,2,2,2,0,1,0,0,0,0,0,6.59833E+20,5.76502E+21,1.1329E+16,5.20128E+16
118657,15,0,86,80,2018,10,16,1,3,4,6,0,0,1,0,0,0,0,0,7.18848E+20,5.81164E+21,1.22178E+16,5.24111E+16
118658,15,0,3,0,2018,11,9,4,2,0,4,0,0,1,1,0,0,0,0,6.808E+20,5.7824E+21,1.16434E+16,5.21625E+16
118659,15,0,86,40,2018,10,19,3,2,5,3,2,1,0,0,0,1,0,0,7.14509E+20,5.81119E+21,1.21539E+16,5.24088E+16
118660,15,0,85,228,2018,11,12,1,2,9,1,0,0,1,0,0,0,0,0,6.21923E+20,5.73218E+21,1.07654E+16,5.17273E+16
118661,15,0,88,195,2018,9,8,7,3,8,7,0,0,1,0,0,0,0,0,7.10611E+20,5.71015E+21,1.20347E+16,5.15032E+16
118662,15,0,81,45,2018,12,7,6,2,5,3,1,0,1,0,0,0,0,1,6.43133E+20,5.83722E+21,1.11166E+16,5.2666E+16
118663,15,0,82,15,2018,10,11,6,3,5,3,0,0,1,0,0,1,0,0,7.29157E+20,5.72331E+21,1.23101E+16,5.16141E+16
118664,15,0,88,100,2018,12,6,6,3,7,7,2,0,1,0,0,0,1,1,6.7816E+20,5.70072E+21,1.15629E+16,5.14296E+16
118665,15,0,82,440,2018,10,18,7,2,7,7,2,0,1,0,0,0,0,0,7.21827E+20,5.73188E+21,1.22098E+16,5.16939E+16
118666,15,0,84,130,2018,9,12,7,3,9,1,0,0,0,0,1,0,0,0,7.24551E+20,5.65862E+21,1.22029E+16,5.10351E+16
118667,15,0,88,319,2018,12,8,3,2,8,7,1,0,1,0,0,0,0,0,6.89895E+20,5.71456E+21,1.1739E+16,5.15501E+16
118668,1,0,60,39,2018,1,9,4,3,5,3,0,0,1,0,0,0,0,1,5.65656E+20,5.9579E+21,9.99605E+15,5.37656E+16
118669,15,0,89,15,2018,11,13,6,2,6,4,0,0,1,1,0,0,0,0,6.69055E+20,5.73717E+21,1.14496E+16,5.17599E+16
118670,15,0,85,370,2018,11,9,3,3,2,6,0,0,1,0,0,0,0,0,6.21126E+20,5.74802E+21,1.07593E+16,5.18698E+16
118671,15,0,88,65,2018,12,6,4,2,9,1,2,0,1,0,0,0,0,0,7.02136E+20,5.68575E+21,1.18989E+16,5.12871E+16
118672,15,0,84,442,2018,10,22,1,2,5,3,2,0,1,0,0,0,0,1,7.21798E+20,5.65627E+21,1.21622E+16,5.10151E+16
118673,15,0,88,330,2018,11,10,4,1,4,6,0,0,1,0,0,0,0,0,7.04408E+20,5.70144E+21,1.19404E+16,5.14272E+16
118674,15,0,81,135,2018,10,8,5,3,9,1,0,0,1,0,0,0,0,0,6.66652E+20,5.8226E+21,1.14567E+16,5.2528E+16
118675,15,0,89,245,2018,10,11,3,1,2,6,0,0,0,0,0,1,0,0,6.84062E+20,5.73597E+21,1.16662E+16,5.17444E+16
118676,15,0,86,40,2018,11,11,2,3,3,7,0,0,1,0,0,0,1,0,7.14694E+20,5.80291E+21,1.21513E+16,5.23345E+16
118677,15,0,91,60,2018,9,8,7,2,5,2,0,0,1,0,0,0,1,0,7.37039E+20,5.75365E+21,1.24444E+16,5.18831E+16
118678,15,0,82,180,2018,12,5,6,2,5,3,2,0,1,0,0,1,0,1,7.03455E+20,5.73609E+21,1.19468E+16,5.17388E+16
118679,15,0,90,546,2018,10,1,4,3,8,1,2,0,0,0,0,0,1,1,6.87231E+20,5.81159E+21,1.17536E+16,5.24224E+16
118680,15,0,91,110,2018,11,14,3,2,4,6,0,0,1,0,0,0,0,1,7.49245E+20,5.73114E+21,1.26052E+16,5.16759E+16
118681,15,0,82,15,2018,11,12,6,3,2,6,0,0,1,0,0,0,0,0,7.26454E+20,5.72886E+21,1.22747E+16,5.1665E+16
118682,15,0,86,145,2018,10,15,3,3,1,6,0,0,1,0,0,0,1,0,6.89077E+20,5.78585E+21,1.17662E+16,5.21906E+16
118683,15,0,91,375,2018,12,7,6,3,4,3,1,1,0,0,0,0,1,1,7.50347E+20,5.75264E+21,1.26366E+16,5.18683E+16
118684,15,0,3,0,2018,10,7,5,3,5,2,1,1,1,0,0,0,0,1,6.79252E+20,5.77987E+21,1.16195E+16,5.21402E+16
118685,1,0,61,46,2018,1,17,4,3,5,2,2,0,1,0,1,0,0,1,5.32941E+20,5.97642E+21,9.50177E+15,5.39351E+16
118686,15,0,85,135,2018,10,3,7,2,8,7,2,0,1,0,0,0,0,0,6.4588E+20,5.75353E+21,1.1121E+16,5.19133E+16
118687,15,0,82,430,2018,11,11,4,3,5,3,0,1,1,0,0,0,0,1,7.11627E+20,5.76183E+21,1.20807E+16,5.19668E+16
118688,15,0,82,430,2018,9,18,7,3,3,2,0,0,1,0,1,0,0,0,7.17082E+20,5.76597E+21,1.21626E+16,5.20018E+16
118689,15,0,91,241,2018,12,7,3,2,5,3,2,1,1,0,0,0,0,1,7.34408E+20,5.74412E+21,1.23998E+16,5.17987E+16
118690,15,0,89,195,2018,11,11,1,3,0,1,0,1,0,0,0,0,0,1,6.9059E+20,5.73319E+21,1.17591E+16,5.17172E+16
118691,15,0,2,0,2018,10,10,3,3,2,2,0,0,1,0,0,0,0,1,7.06716E+20,5.70716E+21,1.19769E+16,5.14777E+16
118692,15,0,84,590,2018,10,16,7,3,4,2,0,0,1,0,0,0,0,0,7.17979E+20,5.66345E+21,1.21122E+16,5.10811E+16
118693,15,0,83,415,2018,12,12,3,3,4,2,0,1,1,0,0,0,0,0,6.52586E+20,5.76654E+21,1.12242E+16,5.20285E+16
118694,15,0,2,0,2018,10,15,2,3,5,3,0,1,1,0,0,0,0,0,7.089E+20,5.70731E+21,1.20084E+16,5.14783E+16
118695,15,0,89,15,2018,9,17,7,2,0,1,0,0,1,0,0,0,0,0,6.73307E+20,5.73909E+21,1.15121E+16,5.17758E+16