OBJECTID_1,ULAND,UREGBEZ,UKREIS,UGEMEINDE,UJAHR,UMONAT,USTUNDE,UWOCHENTAG,UKATEGORIE,UART,UTYP1,ULICHTVERH,IstRad,IstPKW,IstFuss,IstKrad,IstGkfz,IstSonstig,STRZUSTAND,LINREFX,LINREFY,XGCSWGS84,YGCSWGS84
118696,1,0,59,120,2018,1,18,2,3,5,3,2,0,1,0,1,0,0,1,5.24976E+20,6.0723E+21,9.38848E+15,5.47973E+16
118697,1,0,2,0,2018,1,17,3,3,0,7,2,1,0,0,0,0,0,1,5.73403E+20,6.01946E+21,1.01284E+16,5.43178E+16
118698,15,0,81,135,2018,11,17,1,2,9,1,2,0,1,0,0,0,0,1,6.57734E+20,5.81325E+21,1.1321E+16,5.24466E+16
118699,15,0,91,145,2018,12,10,7,3,5,3,0,0,1,0,0,0,0,1,7.712E+20,5.74638E+21,1.29339E+16,5.18023E+16
118700,15,0,83,415,2018,11,13,5,3,5,3,0,0,1,0,0,0,1,0,6.53102E+20,5.76627E+21,1.12316E+16,5.20259E+16
118701,15,0,84,355,2018,12,10,7,3,3,3,0,1,0,0,0,0,1,0,6.968E+20,5.67071E+21,1.18142E+16,5.11539E+16
118702,15,0,90,70,2018,9,10,7,3,1,6,0,0,1,0,0,0,0,0,6.83291E+20,5.83401E+21,1.17081E+16,5.26251E+16
118703,15,0,82,430,2018,10,18,5,3,5,3,0,0,1,0,0,0,0,0,7.22352E+20,5.76402E+21,1.2238E+16,5.19822E+16
118704,15,0,84,550,2018,12,17,5,3,4,6,2,0,1,0,0,0,0,0,7.09395E+20,5.67737E+21,1.19979E+16,5.12093E+16
118705,15,0,86,15,2018,10,18,7,3,5,3,2,0,1,0,0,0,0,0,6.99345E+20,5.79635E+21,1.19224E+16,5.22813E+16
118706,15,0,89,165,2018,9,17,7,3,2,7,0,0,1,0,1,0,0,0,6.76404E+20,5.74004E+21,1.15575E+16,5.17834E+16
118707,15,0,89,30,2018,12,7,2,3,5,2,1,0,1,0,0,0,0,0,6.89554E+20,5.73984E+21,1.17478E+16,5.17773E+16
118708,15,0,85,230,2018,11,15,5,3,5,2,0,0,1,0,0,0,0,0,6.25994E+20,5.75928E+21,1.08341E+16,5.19699E+16
118709,15,0,2,0,2018,11,6,2,3,2,2,1,0,1,0,0,0,0,1,7.06715E+20,5.70716E+21,1.19769E+16,5.14777E+16
118710,15,0,2,0,2018,12,6,2,3,6,4,2,0,0,1,0,0,1,0,7.07794E+20,5.71096E+21,1.19947E+16,5.15115E+16
118711,15,0,83,130,2018,10,7,7,3,4,2,1,0,1,0,0,0,0,0,6.78157E+20,5.80118E+21,1.16147E+16,5.2332E+16
118712,15,0,87,386,2018,10,12,2,2,5,3,0,0,1,0,0,0,0,0,6.84932E+20,5.7077E+21,1.16639E+16,5.14902E+16
118713,15,0,89,30,2018,11,14,7,3,1,6,0,0,1,0,0,0,0,0,6.88325E+20,5.73746E+21,1.17287E+16,5.17564E+16
118714,15,0,85,235,2018,9,7,7,2,5,2,0,0,1,0,1,0,0,0,6.47473E+20,5.73724E+21,1.11372E+16,5.17666E+16
118715,15,0,87,31,2018,12,20,5,3,9,1,2,0,1,0,0,0,1,0,6.69818E+20,5.73098E+21,1.14577E+16,5.1704E+16
118716,15,0,83,130,2018,11,6,3,3,5,2,2,0,1,0,0,0,0,1,6.78156E+20,5.80118E+21,1.16147E+16,5.2332E+16
118717,15,0,84,550,2018,11,5,5,3,8,6,2,0,1,0,0,1,0,0,7.09577E+20,5.67296E+21,1.19979E+16,5.11696E+16
118718,15,0,82,430,2018,10,7,2,3,5,3,0,1,1,0,0,0,0,0,7.12412E+20,5.76252E+21,1.20926E+16,5.19727E+16
118719,15,0,88,220,2018,12,12,5,3,8,6,0,0,1,0,0,0,0,0,7.07576E+20,5.69394E+21,1.19815E+16,5.13587E+16
118720,15,0,2,0,2018,10,6,4,3,2,6,2,0,1,0,0,0,0,1,7.07446E+20,5.7017E+21,1.19842E+16,5.14284E+16
118721,1,0,59,120,2018,1,7,4,3,9,7,2,1,0,0,0,0,0,1,5.26084E+20,6.07624E+21,9.40607E+15,5.48326E+16
118722,15,0,85,55,2018,10,13,6,3,5,3,0,0,0,0,0,1,1,0,6.3806E+20,5.7406E+21,1.10022E+16,5.17992E+16
118723,15,0,87,370,2018,11,15,3,3,4,1,0,0,1,0,0,0,1,2,6.57433E+20,5.70823E+21,1.12684E+16,5.15032E+16
118724,15,0,88,20,2018,9,19,6,2,3,6,2,0,1,0,0,0,0,0,7.19165E+20,5.68751E+21,1.21438E+16,5.12966E+16
118725,15,0,83,270,2018,12,14,3,2,5,2,0,0,1,0,0,0,0,0,6.63532E+20,5.79712E+21,1.13983E+16,5.23E+16
118726,15,0,2,0,2018,11,8,6,3,4,2,0,0,1,0,0,0,0,0,7.08892E+20,5.71424E+21,1.20124E+16,5.15406E+16
118727,15,0,3,0,2018,10,16,3,3,1,6,1,0,1,0,0,0,0,1,6.80341E+20,5.77981E+21,1.16354E+16,5.21393E+16
118728,15,0,83,411,2018,10,15,7,3,5,3,0,0,1,0,1,0,0,0,6.43762E+20,5.80772E+21,1.11132E+16,5.24008E+16
118729,15,0,90,415,2018,12,14,2,3,5,3,0,1,0,0,0,0,1,1,6.85526E+20,5.85223E+21,1.17513E+16,5.27879E+16
118730,15,0,90,500,2018,11,6,3,3,9,2,2,0,1,0,0,0,1,1,7.05594E+20,5.82931E+21,1.20342E+16,5.25749E+16
118731,15,0,3,0,2018,11,8,6,3,5,2,0,1,0,0,0,0,1,0,6.79169E+20,5.77986E+21,1.16183E+16,5.21401E+16
118732,15,0,88,205,2018,10,5,2,3,5,3,2,1,1,0,0,0,0,0,7.0829E+20,5.68509E+21,1.19866E+16,5.1279E+16
118733,15,0,90,270,2018,12,16,6,3,0,1,2,0,1,0,0,0,0,1,7.04442E+20,5.85279E+21,1.20318E+16,5.27862E+16
118734,15,0,81,30,2018,10,9,5,3,5,3,0,1,1,0,0,0,0,1,6.67692E+20,5.86217E+21,1.14922E+16,5.28831E+16
118735,1,0,55,12,2018,1,7,4,2,8,7,2,1,0,0,0,0,0,1,6.06209E+20,5.99868E+21,1.06252E+16,5.41252E+16
118736,15,0,84,375,2018,10,13,6,2,1,6,0,0,1,0,0,0,0,0,7.062E+20,5.65907E+21,1.19418E+16,5.10461E+16
118737,15,0,85,140,2018,11,16,4,3,5,3,1,0,1,0,0,0,0,1,6.44367E+20,5.74662E+21,1.10961E+16,5.18517E+16
118738,15,0,88,20,2018,9,12,6,3,2,6,0,0,1,0,0,0,0,0,7.15881E+20,5.68364E+21,1.20944E+16,5.12632E+16
118739,15,0,85,370,2018,12,15,3,3,5,2,0,0,1,0,0,0,0,0,6.21552E+20,5.74841E+21,1.07657E+16,5.18732E+16
118740,15,0,91,241,2018,11,11,7,2,5,3,0,1,1,0,0,0,0,0,7.35445E+20,5.74509E+21,1.24154E+16,5.1807E+16
118741,15,0,91,375,2018,10,17,3,3,3,6,0,1,0,0,0,0,0,0,7.49427E+20,5.7523E+21,1.2623E+16,5.18656E+16
118742,15,0,90,415,2018,10,4,7,2,9,1,2,0,1,0,0,0,0,0,6.82599E+20,5.8505E+21,1.1707E+16,5.27734E+16
118743,15,0,3,0,2018,12,7,2,3,5,3,1,0,1,0,0,0,0,0,6.83309E+20,5.77896E+21,1.16782E+16,5.21308E+16
118744,15,0,1,0,2018,10,14,2,3,2,6,0,0,1,0,0,1,0,1,7.21675E+20,5.74484E+21,1.22159E+16,5.18103E+16
118745,15,0,88,20,2018,9,7,6,3,3,6,0,1,1,0,0,0,0,0,7.16472E+20,5.68652E+21,1.21046E+16,5.12888E+16
118746,1,0,60,63,2018,1,18,6,3,5,3,2,0,1,0,0,0,0,0,5.65191E+20,5.9475E+21,9.98681E+15,5.36722E+16
118747,15,0,90,310,2018,11,19,7,2,9,6,2,0,1,0,0,0,0,0,7.06642E+20,5.83757E+21,1.20548E+16,5.26486E+16
118748,15,0,89,310,2018,12,1,7,3,9,1,2,0,1,0,0,0,0,1,6.84688E+20,5.75297E+21,1.16843E+16,5.18969E+16
118749,15,0,84,13,2018,11,17,4,2,5,2,0,0,1,0,0,1,0,0,7.07126E+20,5.66407E+21,1.19578E+16,5.10907E+16
118750,15,0,90,550,2018,12,17,7,2,4,2,2,0,1,0,1,0,0,0,7.00447E+20,5.8266E+21,1.19567E+16,5.25525E+16
118751,15,0,84,590,2018,9,6,6,3,5,2,2,0,1,0,0,0,0,0,7.21922E+20,5.65827E+21,1.21652E+16,5.1033E+16
118752,15,0,81,455,2018,10,15,5,3,4,6,0,0,1,0,0,0,0,0,6.46018E+20,5.85979E+21,1.11693E+16,5.2868E+16
118753,15,0,85,55,2018,12,17,5,3,8,1,2,0,1,0,0,0,0,1,6.36766E+20,5.74122E+21,1.09837E+16,5.1805E+16
118754,15,0,85,330,2018,11,7,4,3,6,4,2,0,0,1,0,0,1,0,6.4171E+20,5.7356E+21,1.10531E+16,5.17534E+16
118755,15,0,84,315,2018,10,6,6,2,3,6,2,1,0,0,0,0,1,0,7.19186E+20,5.68302E+21,1.21413E+16,5.12564E+16
118756,15,0,91,145,2018,9,19,6,3,5,3,1,1,1,0,0,0,0,0,7.73394E+20,5.74552E+21,1.29649E+16,5.17936E+16
118757,15,0,87,130,2018,12,9,1,3,9,1,0,0,1,0,0,0,0,1,6.76365E+20,5.71735E+21,1.15454E+16,5.15796E+16
118758,15,0,88,150,2018,11,19,4,2,8,1,2,0,1,0,0,0,0,0,7.14707E+20,5.70629E+21,1.20913E+16,5.14669E+16
118759,15,0,2,0,2018,10,16,5,3,5,3,0,1,1,0,0,0,0,0,7.07225E+20,5.7061E+21,1.19836E+16,5.14681E+16
118760,15,0,86,140,2018,11,4,2,3,2,7,2,0,1,0,0,1,0,0,7.08931E+20,5.79138E+21,1.20597E+16,5.22331E+16
118761,15,0,3,0,2018,12,10,2,3,1,6,0,1,1,0,0,0,0,2,6.78222E+20,5.77865E+21,1.16038E+16,5.21296E+16
118762,15,0,2,0,2018,10,8,6,3,2,6,0,0,1,0,0,0,0,1,7.00301E+20,5.70709E+21,1.18846E+16,5.14794E+16
118763,15,0,89,245,2018,10,14,2,3,2,6,0,0,0,0,0,1,0,0,6.84116E+20,5.73628E+21,1.16672E+16,5.17471E+16
118764,15,0,84,360,2018,11,16,6,3,5,2,1,0,1,0,1,0,0,0,6.80104E+20,5.68493E+21,1.15829E+16,5.12872E+16
118765,15,0,91,391,2018,9,9,6,2,8,1,0,0,1,0,0,0,0,0,7.56111E+20,5.75199E+21,1.27197E+16,5.18598E+16
118766,15,0,82,180,2018,12,16,5,2,1,6,2,0,1,0,0,0,0,0,7.05815E+20,5.73563E+21,1.19807E+16,5.17337E+16
118767,15,0,90,631,2018,11,11,5,1,9,1,0,0,1,0,0,0,0,0,7.06017E+20,5.83513E+21,1.2044E+16,5.2627E+16
118768,15,0,90,500,2018,10,14,2,3,8,1,0,0,1,0,0,0,0,0,7.05563E+20,5.83148E+21,1.20351E+16,5.25944E+16
118769,15,0,86,145,2018,12,13,5,3,4,2,0,0,1,0,0,1,0,0,6.8563E+20,5.78937E+21,1.17178E+16,5.22234E+16
118770,15,0,1,0,2018,10,14,4,3,2,6,0,0,1,0,0,0,0,0,7.21203E+20,5.75465E+21,1.22153E+16,5.18986E+16
118771,1,0,62,6,2018,1,13,3,3,5,3,0,1,1,0,0,0,0,0,5.83491E+20,5.9542E+21,1.02656E+16,5.37297E+16
118772,15,0,84,490,2018,10,13,5,3,2,6,0,0,1,0,0,0,0,0,7.06897E+20,5.6661E+21,1.19557E+16,5.1109E+16
118773,15,0,86,145,2018,11,0,3,3,3,6,2,0,1,0,0,1,1,0,6.8651E+20,5.7894E+21,1.17307E+16,5.22234E+16
118774,15,0,86,80,2018,9,13,6,3,2,2,0,0,1,0,0,0,0,0,7.21289E+20,5.81179E+21,1.22538E+16,5.24115E+16
118775,15,0,84,490,2018,12,10,2,2,4,5,0,0,1,0,0,0,0,0,7.11171E+20,5.6708E+21,1.20195E+16,5.11496E+16
118776,15,0,89,42,2018,11,19,6,2,9,1,2,0,1,0,0,0,0,0,6.83274E+20,5.76227E+21,1.16688E+16,5.19809E+16
118777,15,0,88,205,2018,10,7,6,2,4,6,1,0,1,0,0,1,1,0,7.08206E+20,5.68813E+21,1.19872E+16,5.13063E+16
118778,15,0,81,30,2018,12,9,2,3,9,1,0,0,1,0,0,0,0,1,6.68506E+20,5.85684E+21,1.15016E+16,5.2835E+16
118779,15,0,85,145,2018,10,10,1,3,2,6,0,0,1,0,0,0,0,0,6.47534E+20,5.72652E+21,1.11335E+16,5.16703E+16
118780,15,0,85,190,2018,9,6,6,2,3,6,1,0,1,0,0,0,0,1,6.17049E+20,5.74686E+21,1.06998E+16,5.18602E+16
118781,15,0,1,0,2018,12,14,4,2,5,3,0,0,1,0,0,0,0,1,7.22288E+20,5.74465E+21,1.22246E+16,5.18084E+16
118782,1,0,3,0,2018,1,7,5,3,5,3,1,1,1,0,0,0,0,1,6.09665E+20,5.9711E+21,1.06682E+16,5.38768E+16
118783,15,0,84,235,2018,11,15,6,3,8,1,0,0,1,0,0,0,0,0,7.1752E+20,5.67228E+21,1.2111E+16,5.11606E+16
118784,15,0,1,0,2018,11,16,6,3,2,6,2,0,1,0,0,1,0,1,7.19912E+20,5.7558E+21,1.21973E+16,5.19095E+16
118785,15,0,85,228,2018,11,10,4,3,7,7,0,0,1,0,0,0,0,0,6.26715E+20,5.72525E+21,1.08322E+16,5.16639E+16
118786,15,0,84,590,2018,12,13,5,3,5,3,0,0,1,0,0,0,0,0,7.21914E+20,5.65827E+21,1.21651E+16,5.1033E+16
118787,15,0,91,60,2018,10,9,2,2,2,6,0,0,1,0,0,0,1,0,7.37648E+20,5.76189E+21,1.24589E+16,5.19569E+16
118788,15,0,83,411,2018,11,19,6,3,5,3,2,0,1,0,0,0,0,0,6.40262E+20,5.79764E+21,1.10575E+16,5.23111E+16
118789,15,0,89,307,2018,10,10,4,2,5,3,0,0,1,0,0,0,0,0,6.63568E+20,5.7388E+21,1.1371E+16,5.17761E+16
118790,15,0,88,20,2018,11,18,2,3,0,1,2,0,1,0,0,0,0,0,7.1778E+20,5.68644E+21,1.21233E+16,5.12876E+16
118791,15,0,83,490,2018,9,7,6,2,5,3,0,0,1,0,0,0,0,1,6.79248E+20,5.76952E+21,1.1614E+16,5.20473E+16
118792,15,0,81,280,2018,12,2,7,3,6,4,2,0,1,1,0,0,0,1,6.45021E+20,5.83018E+21,1.11414E+16,5.26022E+16
118793,15,0,2,0,2018,11,19,3,2,3,6,2,0,1,0,0,0,1,0,7.07946E+20,5.70735E+21,1.19947E+16,5.1479E+16
118794,15,0,82,377,2018,10,16,4,2,0,2,0,0,0,0,1,1,0,0,7.10369E+20,5.73287E+21,1.20449E+16,5.17073E+16
118795,15,0,85,235,2018,10,17,2,2,2,6,0,0,1,0,0,0,0,0,6.48102E+20,5.73911E+21,1.11471E+16,5.17833E+16
118796,15,0,83,415,2018,9,12,6,3,5,3,0,0,1,0,0,0,0,0,6.4887E+20,5.76808E+21,1.11707E+16,5.20433E+16
118797,1,0,2,0,2018,1,22,6,3,5,3,2,1,1,0,0,0,0,1,5.69952E+20,6.01961E+21,1.00754E+16,5.43195E+16
118798,15,0,87,130,2018,11,17,6,3,4,2,2,0,1,0,0,0,0,1,6.76832E+20,5.70216E+21,1.15446E+16,5.1443E+16
118799,15,0,88,25,2018,11,11,6,3,9,7,0,0,1,0,0,0,0,0,7.01109E+20,5.6971E+21,1.18906E+16,5.13895E+16
118800,15,0,3,0,2018,11,17,4,3,3,3,2,0,1,0,0,1,0,0,6.78714E+20,5.77673E+21,1.161E+16,5.21122E+16
118801,15,0,82,430,2018,12,13,6,2,0,3,0,0,1,0,0,1,0,0,7.17218E+20,5.77168E+21,1.21682E+16,5.20531E+16
118802,15,0,2,0,2018,10,8,2,3,0,1,0,0,0,0,1,0,0,1,7.07296E+20,5.7049E+21,1.19839E+16,5.14573E+16
118803,15,0,3,0,2018,11,17,6,3,1,6,2,0,1,0,0,0,0,1,6.81404E+20,5.77968E+21,1.16508E+16,5.21378E+16
118804,15,0,84,550,2018,10,22,4,3,9,1,2,0,1,0,0,0,0,0,7.07042E+20,5.67608E+21,1.19635E+16,5.11985E+16
118805,15,0,2,0,2018,12,7,4,3,5,3,2,1,0,0,0,0,1,1,7.06827E+20,5.70717E+21,1.19785E+16,5.14778E+16
118806,15,0,85,190,2018,11,17,3,2,9,1,2,0,1,0,0,0,0,2,6.20297E+20,5.74855E+21,1.07475E+16,5.18748E+16
118807,15,0,89,195,2018,10,9,6,3,2,6,0,0,1,0,0,0,1,0,6.9224E+20,5.7291E+21,1.17807E+16,5.168E+16
118808,15,0,83,125,2018,9,22,6,3,7,7,2,0,1,0,0,0,0,0,6.53656E+20,5.80693E+21,1.12581E+16,5.2391E+16
118809,15,0,87,31,2018,12,12,7,3,8,1,0,0,1,0,0,0,0,0,6.78054E+20,5.72993E+21,1.15762E+16,5.1692E+16
118810,15,0,91,110,2018,11,11,4,3,1,5,0,0,1,0,0,0,1,0,7.34868E+20,5.73475E+21,1.24001E+16,5.17144E+16
118811,15,0,83,270,2018,10,9,5,2,4,7,0,0,1,0,0,1,0,0,6.67616E+20,5.79414E+21,1.14567E+16,5.2272E+16
118812,1,0,57,91,2018,1,17,2,3,6,2,2,0,1,1,0,0,0,1,5.80717E+20,6.01569E+21,1.02398E+16,5.42828E+16
118813,15,0,86,80,2018,11,14,1,3,8,1,0,0,0,0,1,0,0,0,7.04921E+20,5.82115E+21,1.20192E+16,5.25019E+16
118814,15,0,85,330,2018,10,14,4,2,4,6,0,0,1,0,0,0,0,0,6.40746E+20,5.74008E+21,1.10409E+16,5.17938E+16
118815,15,0,88,235,2018,12,21,7,3,5,3,2,0,1,0,0,0,0,1,6.94758E+20,5.68494E+21,1.17928E+16,5.12825E+16
118816,15,0,91,145,2018,10,6,6,2,5,3,2,0,1,0,0,0,0,0,7.71194E+20,5.74638E+21,1.29338E+16,5.18024E+16
118817,1,0,3,0,2018,1,7,6,3,5,3,2,1,1,0,0,0,0,1,6.11085E+20,5.9688E+21,1.06889E+16,5.38558E+16
118818,15,0,81,280,2018,10,15,2,3,5,3,0,1,1,0,0,0,0,0,6.47241E+20,5.83322E+21,1.11756E+16,5.2629E+16
118819,15,0,84,315,2018,11,18,5,3,9,1,2,0,1,0,0,0,0,0,7.12979E+20,5.68064E+21,1.20511E+16,5.12373E+16
118820,15,0,88,216,2018,9,11,5,3,0,6,0,0,1,0,0,1,0,0,6.99012E+20,5.71977E+21,1.18733E+16,5.15937E+16
118821,15,0,83,490,2018,12,6,5,3,5,3,2,0,1,0,0,0,0,1,6.79248E+20,5.76952E+21,1.1614E+16,5.20473E+16
118822,15,0,84,275,2018,11,13,2,3,1,6,0,0,1,0,0,0,0,0,7.17456E+20,5.6605E+21,1.2103E+16,5.10548E+16
118823,15,0,89,26,2018,10,11,4,3,2,6,0,0,1,0,0,0,0,0,6.93997E+20,5.76174E+21,1.18244E+16,5.19724E+16
118824,15,0,83,40,2018,11,18,5,3,5,3,2,0,1,0,0,0,0,0,6.76075E+20,5.78811E+21,1.15774E+16,5.22152E+16
118825,15,0,85,230,2018,10,17,2,3,4,6,0,0,1,0,0,0,0,0,6.13827E+20,5.76168E+21,1.06579E+16,5.19941E+16
118826,15,0,82,340,2018,12,7,4,2,8,1,1,0,1,0,0,0,0,1,7.2079E+20,5.71612E+21,1.21849E+16,5.15529E+16
118827,15,0,82,180,2018,10,15,4,2,3,2,0,1,0,0,0,1,0,0,7.06661E+20,5.73684E+21,1.19936E+16,5.17443E+16
118828,1,0,56,39,2018,1,9,2,3,2,6,0,0,1,0,0,0,0,1,5.51321E+20,5.94489E+21,9.77645E+15,5.36503E+16
118829,15,0,85,228,2018,11,14,3,3,8,1,0,0,1,0,0,0,0,1,6.17404E+20,5.73387E+21,1.07005E+16,5.17434E+16
118830,15,0,88,295,2018,9,10,5,3,5,3,0,0,1,0,0,0,0,0,7.03376E+20,5.71411E+21,1.19329E+16,5.15414E+16
118831,15,0,3,0,2018,12,8,2,3,3,1,1,1,1,0,0,0,0,1,6.7972E+20,5.77997E+21,1.16264E+16,5.2141E+16
118832,15,0,86,15,2018,11,17,6,3,5,3,2,0,1,0,0,0,0,0,6.96467E+20,5.79459E+21,1.18793E+16,5.22665E+16
118833,15,0,2,0,2018,9,11,5,3,0,7,0,1,1,0,0,0,0,0,7.07264E+20,5.70553E+21,1.19838E+16,5.14629E+16
118834,15,0,84,355,2018,10,9,6,3,1,6,0,0,1,0,0,0,1,0,6.94722E+20,5.67033E+21,1.17843E+16,5.11512E+16
118835,15,0,82,377,2018,12,16,7,2,5,3,2,0,1,0,0,0,0,0,7.02963E+20,5.73146E+21,1.1937E+16,5.16973E+16
118836,15,0,87,386,2018,10,11,7,2,1,5,0,1,1,0,0,0,0,0,6.87353E+20,5.70943E+21,1.16996E+16,5.15049E+16
118837,15,0,84,550,2018,9,13,5,3,2,6,0,0,1,0,0,0,0,0,7.09376E+20,5.67796E+21,1.1998E+16,5.12146E+16
118838,15,0,3,0,2018,12,17,4,3,5,2,2,1,0,0,0,0,1,1,6.806E+20,5.7798E+21,1.16391E+16,5.21391E+16
118839,1,0,54,56,2018,1,18,5,3,5,3,2,0,1,0,0,0,0,1,5.05256E+20,6.038E+21,9.08114E+15,5.44896E+16
118840,15,0,82,180,2018,11,9,6,3,1,5,0,0,1,0,1,0,0,0,7.09548E+20,5.73796E+21,1.20361E+16,5.17533E+16
118841,15,0,89,195,2018,11,13,6,2,8,1,0,0,1,0,0,0,0,1,6.90193E+20,5.72992E+21,1.17516E+16,5.16879E+16
118842,15,0,83,270,2018,11,9,4,3,5,3,0,1,1,0,0,0,0,0,6.63964E+20,5.79561E+21,1.14039E+16,5.22863E+16
118843,15,0,83,531,2018,12,12,5,2,9,1,0,0,1,0,0,0,0,0,6.65663E+20,5.76432E+21,1.14136E+16,5.20048E+16
118844,15,0,83,531,2018,10,15,2,3,1,6,0,0,1,0,0,0,0,1,6.67195E+20,5.77081E+21,1.1439E+16,5.20626E+16
118845,15,0,82,256,2018,11,6,5,3,5,3,2,0,1,0,0,0,0,0,7.01953E+20,5.73747E+21,1.19259E+16,5.17517E+16
118846,15,0,90,415,2018,10,14,4,3,8,1,0,0,1,0,0,0,0,0,6.87861E+20,5.84879E+21,1.17839E+16,5.27563E+16
118847,15,0,84,315,2018,10,5,3,3,5,2,2,0,1,0,0,0,0,0,7.10939E+20,5.67553E+21,1.20189E+16,5.11922E+16
118848,15,0,82,256,2018,11,2,2,2,4,6,2,0,1,0,0,0,0,0,7.13122E+20,5.74171E+21,1.20901E+16,5.17856E+16
118849,15,0,84,590,2018,9,15,5,3,2,6,0,0,1,0,1,0,0,0,7.19222E+20,5.66048E+21,1.21281E+16,5.10539E+16
118850,15,0,84,550,2018,12,12,6,2,6,4,0,0,0,1,0,0,1,0,7.08002E+20,5.67865E+21,1.19787E+16,5.12213E+16
118851,15,0,85,365,2018,10,0,4,2,9,1,2,0,1,0,0,0,0,1,6.5085E+20,5.75438E+21,1.11936E+16,5.19197E+16
118852,15,0,84,550,2018,11,15,3,2,9,1,0,0,1,0,0,0,0,1,7.10364E+20,5.68354E+21,1.20154E+16,5.12643E+16
118853,15,0,86,145,2018,10,18,4,3,5,2,2,0,1,0,0,0,0,0,6.85668E+20,5.78915E+21,1.17182E+16,5.22214E+16
118854,15,0,91,391,2018,11,13,6,2,4,6,0,0,1,0,0,1,0,0,7.66206E+20,5.74758E+21,1.28625E+16,5.18156E+16
118855,15,0,91,241,2018,10,13,3,3,3,6,0,1,0,0,0,1,0,0,7.34743E+20,5.74406E+21,1.24046E+16,5.1798E+16
118856,15,0,84,355,2018,12,10,6,2,4,6,0,0,1,0,0,0,0,1,6.94435E+20,5.67311E+21,1.17817E+16,5.11763E+16
118857,15,0,90,415,2018,10,13,5,3,9,1,0,0,0,0,0,0,1,1,6.89966E+20,5.85462E+21,1.18185E+16,5.28079E+16
118858,1,0,2,0,2018,1,17,5,3,6,2,2,0,1,1,0,0,0,1,5.74442E+20,6.0187E+21,1.01442E+16,5.43107E+16
118859,15,0,91,10,2018,10,8,7,2,5,2,0,0,1,0,1,0,0,0,7.71123E+20,5.73256E+21,1.2922E+16,5.16785E+16
118860,15,0,84,590,2018,11,6,4,3,5,3,2,0,1,0,0,0,0,0,7.2227E+20,5.65805E+21,1.21701E+16,5.1031E+16
118861,15,0,91,391,2018,9,17,5,2,0,1,0,1,0,0,0,0,0,0,7.5689E+20,5.75191E+21,1.27309E+16,5.18587E+16
118862,15,0,88,220,2018,12,17,3,3,2,2,2,0,1,0,0,0,0,1,7.08627E+20,5.69162E+21,1.19953E+16,5.13375E+16
118863,15,0,84,490,2018,11,14,1,2,5,3,0,0,1,0,0,0,0,0,7.11762E+20,5.67143E+21,1.20283E+16,5.11551E+16
118864,15,0,86,40,2018,10,19,4,2,6,4,2,0,0,1,0,0,1,0,7.15042E+20,5.80681E+21,1.21589E+16,5.23693E+16
118865,15,0,87,412,2018,10,14,7,3,1,6,0,0,0,0,1,0,0,0,6.36298E+20,5.70779E+21,1.09639E+16,5.15048E+16
118866,15,0,85,370,2018,12,20,3,3,5,2,2,0,1,0,0,0,0,1,6.22466E+20,5.74426E+21,1.07775E+16,5.18358E+16
118867,15,0,89,305,2018,10,13,3,3,5,3,0,0,1,0,0,0,0,0,6.86051E+20,5.76307E+21,1.17096E+16,5.19871E+16
118868,15,0,91,375,2018,9,15,5,3,5,2,0,1,1,0,0,0,0,0,7.51152E+20,5.75344E+21,1.26489E+16,5.18751E+16
118869,1,0,4,0,2018,1,6,2,3,9,1,2,0,1,0,0,0,0,2,5.64531E+20,5.98928E+21,9.9856E+15,5.40477E+16
118870,1,0,3,0,2018,1,4,1,2,0,7,2,1,0,0,0,0,0,0,6.10675E+20,5.97224E+21,1.06839E+16,5.38868E+16
118871,15,0,87,220,2018,10,17,5,2,4,1,0,0,1,0,1,0,0,0,6.73112E+20,5.72448E+21,1.15021E+16,5.16446E+16
118872,15,0,85,370,2018,11,13,7,3,5,3,0,0,1,0,0,1,0,0,6.24322E+20,5.74498E+21,1.08047E+16,5.18417E+16
118873,15,0,87,31,2018,10,16,3,3,8,1,0,0,1,0,0,0,0,0,6.65325E+20,5.72655E+21,1.13906E+16,5.16655E+16
118874,15,0,82,340,2018,12,12,7,3,9,1,0,0,1,0,0,0,0,1,7.20909E+20,5.71658E+21,1.21869E+16,5.1557E+16
118875,15,0,84,13,2018,10,21,5,1,8,1,2,0,1,0,0,0,0,1,7.07036E+20,5.66252E+21,1.19557E+16,5.10768E+16
118876,1,0,58,97,2018,1,8,5,2,4,1,0,0,1,0,0,1,0,2,5.33873E+20,6.02147E+21,9.52101E+15,5.434E+16
118877,15,0,84,550,2018,10,19,1,3,0,1,1,1,0,0,0,0,0,0,7.12368E+20,5.68198E+21,1.20432E+16,5.12496E+16
118878,15,0,84,315,2018,11,7,5,3,1,6,2,0,1,0,0,0,0,1,7.18336E+20,5.68187E+21,1.21285E+16,5.12464E+16