OBJECTID_1,ULAND,UREGBEZ,UKREIS,UGEMEINDE,UJAHR,UMONAT,USTUNDE,UWOCHENTAG,UKATEGORIE,UART,UTYP1,ULICHTVERH,IstRad,IstPKW,IstFuss,IstKrad,IstGkfz,IstSonstig,STRZUSTAND,LINREFX,LINREFY,XGCSWGS84,YGCSWGS84
118879,15,0,89,15,2018,9,10,5,2,4,6,0,0,1,0,0,0,1,0,6.73653E+20,5.73372E+21,1.15145E+16,5.17275E+16
118880,15,0,89,195,2018,12,13,4,2,3,6,0,1,1,0,0,0,0,0,6.91202E+20,5.73034E+21,1.17664E+16,5.16914E+16
118881,15,0,85,230,2018,11,18,2,3,7,7,2,0,1,0,0,0,0,1,6.19818E+20,5.75806E+21,1.07439E+16,5.19603E+16
118882,15,0,82,301,2018,10,19,4,2,5,3,2,0,1,0,0,0,0,0,7.2481E+20,5.73323E+21,1.22538E+16,5.17049E+16
118883,15,0,89,26,2018,10,15,1,2,5,3,0,1,1,0,0,0,0,0,6.92227E+20,5.76543E+21,1.18007E+16,5.20062E+16
118884,15,0,87,370,2018,12,16,3,3,8,6,2,0,1,0,0,0,1,0,6.58641E+20,5.70228E+21,1.12831E+16,5.14494E+16
118885,15,0,88,65,2018,10,5,3,3,8,1,2,0,1,0,0,0,0,1,7.05279E+20,5.68908E+21,1.19458E+16,5.1316E+16
118886,15,0,81,135,2018,9,8,5,3,8,1,0,0,1,0,0,0,0,0,6.65395E+20,5.82041E+21,1.14371E+16,5.25087E+16
118887,1,0,62,65,2018,1,8,2,3,6,4,0,0,1,1,0,0,0,2,5.88597E+20,5.96016E+21,1.03446E+16,5.37824E+16
118888,15,0,82,180,2018,11,5,2,2,8,1,2,0,1,0,0,0,0,1,7.12623E+20,5.73706E+21,1.208E+16,5.17441E+16
118889,15,0,88,319,2018,9,12,4,3,8,1,0,0,1,0,0,0,0,0,6.95323E+20,5.71538E+21,1.18176E+16,5.15557E+16
118890,15,0,84,490,2018,12,18,1,3,0,6,2,0,1,0,0,0,0,1,7.07375E+20,5.66861E+21,1.1964E+16,5.11314E+16
118891,15,0,1,0,2018,11,18,5,3,2,6,2,1,1,0,0,0,0,0,7.21732E+20,5.7477E+21,1.22185E+16,5.1836E+16
118892,1,0,3,0,2018,1,8,2,3,9,7,0,0,1,0,0,0,0,1,6.10412E+20,5.97063E+21,1.06794E+16,5.38724E+16
118893,15,0,87,275,2018,9,1,4,3,0,1,2,0,1,0,0,0,0,0,6.65603E+20,5.71257E+21,1.1388E+16,5.15399E+16
118894,15,0,90,546,2018,10,16,6,2,9,1,0,0,1,0,0,0,0,0,6.94972E+20,5.81826E+21,1.18712E+16,5.24796E+16
118895,15,0,84,355,2018,12,13,6,2,5,2,0,0,1,0,0,0,0,0,6.95187E+20,5.66808E+21,1.17897E+16,5.11309E+16
118896,15,0,1,0,2018,10,9,7,3,5,2,0,1,1,0,0,0,0,0,7.23438E+20,5.74503E+21,1.22415E+16,5.18114E+16
118897,15,0,87,370,2018,9,11,4,2,0,6,0,0,0,0,1,0,0,0,6.5584E+20,5.70324E+21,1.12432E+16,5.14589E+16
118898,15,0,87,70,2018,12,6,3,2,8,1,2,0,1,0,0,0,0,1,6.71424E+20,5.70937E+21,1.14703E+16,5.15094E+16
118899,1,0,51,11,2018,1,8,3,2,6,2,2,0,1,1,0,0,0,0,5.08433E+20,5.97217E+21,9.12834E+15,5.38979E+16
118900,15,0,88,319,2018,11,9,5,3,5,3,0,0,1,0,0,0,1,0,6.99273E+20,5.7119E+21,1.18726E+16,5.1523E+16
118901,15,0,90,70,2018,11,10,3,3,5,3,0,0,1,0,0,0,0,0,6.65664E+20,5.83422E+21,1.1448E+16,5.26326E+16
118902,15,0,91,110,2018,12,17,4,2,9,1,1,0,1,0,0,0,0,1,7.49748E+20,5.73323E+21,1.2614E+16,5.16944E+16
118903,15,0,86,40,2018,10,5,1,3,3,1,2,0,1,0,0,0,0,0,7.20357E+20,5.79393E+21,1.22284E+16,5.22515E+16
118904,15,0,89,310,2018,11,6,4,3,5,3,2,0,1,0,0,0,0,0,6.78879E+20,5.74754E+21,1.15972E+16,5.185E+16
118905,15,0,90,535,2018,10,11,4,3,2,6,0,0,1,0,0,0,0,0,6.8981E+20,5.82581E+21,1.17995E+16,5.25493E+16
118906,15,0,89,195,2018,10,13,3,3,2,6,0,0,1,0,0,0,0,0,6.87518E+20,5.73318E+21,1.17147E+16,5.17182E+16
118907,15,0,82,340,2018,11,14,1,3,8,1,0,0,1,0,0,0,0,1,7.2079E+20,5.71628E+21,1.2185E+16,5.15543E+16
118908,15,0,2,0,2018,9,20,4,2,2,6,1,0,1,0,0,0,1,0,7.02168E+20,5.706E+21,1.19108E+16,5.1469E+16
118909,15,0,83,323,2018,12,15,6,3,2,6,0,0,1,0,0,0,1,0,6.45428E+20,5.78625E+21,1.11284E+16,5.22075E+16
118910,15,0,1,0,2018,11,14,3,3,8,1,0,0,1,0,0,0,0,1,7.1826E+20,5.74815E+21,1.21685E+16,5.18414E+16
118911,15,0,90,535,2018,11,14,6,2,5,3,0,1,1,0,0,0,0,0,6.91955E+20,5.82866E+21,1.18328E+16,5.2574E+16
118912,15,0,2,0,2018,10,15,2,3,3,6,0,0,1,0,0,0,0,0,7.05539E+20,5.71071E+21,1.19621E+16,5.151E+16
118913,15,0,1,0,2018,12,15,6,3,8,1,0,0,1,0,0,0,0,1,7.23035E+20,5.74983E+21,1.22388E+16,5.18546E+16
118914,15,0,85,235,2018,10,15,5,3,1,6,0,0,1,0,0,0,0,0,6.47766E+20,5.73848E+21,1.1142E+16,5.17777E+16
118915,1,0,56,15,2018,1,6,4,2,0,7,2,0,1,0,0,0,0,0,5.43966E+20,5.9586E+21,9.66712E+15,5.37741E+16
118916,15,0,83,120,2018,10,11,7,3,2,6,0,0,1,0,0,0,0,0,6.84887E+20,5.80661E+21,1.17164E+16,5.23785E+16
118917,15,0,90,535,2018,11,6,4,2,4,6,2,0,1,0,0,1,0,0,6.7513E+20,5.82433E+21,1.15825E+16,5.25409E+16
118918,15,0,2,0,2018,9,6,4,3,5,3,1,1,1,0,0,0,0,0,7.05251E+20,5.71113E+21,1.19582E+16,5.1514E+16
118919,15,0,82,301,2018,12,11,3,3,9,1,0,0,1,0,0,0,0,1,7.27742E+20,5.73301E+21,1.2296E+16,5.17017E+16
118920,15,0,81,135,2018,11,17,1,1,8,1,1,0,1,0,0,0,0,1,6.63633E+20,5.81747E+21,1.14098E+16,5.24828E+16
118921,15,0,84,360,2018,10,7,3,2,8,1,1,0,1,0,0,0,0,1,6.81935E+20,5.68463E+21,1.16089E+16,5.12839E+16
118922,15,0,91,391,2018,10,10,7,3,9,1,0,0,1,0,0,0,0,0,7.68158E+20,5.7474E+21,1.28906E+16,5.1813E+16
118923,15,0,83,323,2018,12,16,3,2,5,3,0,0,1,0,0,0,1,1,6.45908E+20,5.78606E+21,1.11353E+16,5.22056E+16
118924,15,0,88,65,2018,10,10,2,3,5,3,0,1,1,0,0,0,0,0,7.00707E+20,5.68527E+21,1.18781E+16,5.12834E+16
118925,15,0,84,130,2018,9,9,4,2,5,3,0,0,1,0,1,0,0,0,7.22486E+20,5.66202E+21,1.21756E+16,5.10665E+16
118926,1,0,2,0,2018,1,13,1,2,0,1,0,1,0,0,0,0,0,2,5.69942E+20,6.01962E+21,1.00753E+16,5.43196E+16
118927,15,0,87,165,2018,11,15,7,2,5,3,0,0,1,0,0,0,0,0,6.80112E+20,5.72446E+21,1.16031E+16,5.16423E+16
118928,15,0,91,241,2018,12,3,7,3,0,1,2,1,0,0,0,0,0,1,7.34798E+20,5.74405E+21,1.24053E+16,5.17979E+16
118929,15,0,88,305,2018,11,10,4,2,5,3,0,0,1,0,1,0,0,0,6.815E+20,5.69392E+21,1.16074E+16,5.13675E+16
118930,15,0,91,60,2018,12,13,7,3,8,1,0,0,1,0,0,0,0,1,7.38183E+20,5.75369E+21,1.2461E+16,5.1883E+16
118931,15,0,84,355,2018,9,12,4,2,1,2,0,0,1,0,0,0,0,0,6.97507E+20,5.67E+21,1.18239E+16,5.11474E+16
118932,15,0,86,140,2018,10,7,5,2,2,6,0,0,0,0,0,1,1,0,7.14571E+20,5.7928E+21,1.2143E+16,5.22437E+16
118933,15,0,1,0,2018,12,12,5,3,2,6,0,0,1,0,0,0,1,0,7.21597E+20,5.74635E+21,1.22157E+16,5.18239E+16
118934,15,0,3,0,2018,10,7,6,3,0,1,0,0,0,0,1,0,0,0,6.79853E+20,5.78032E+21,1.16285E+16,5.21441E+16
118935,15,0,84,550,2018,9,15,4,2,5,3,0,0,1,0,1,0,0,0,7.06799E+20,5.67894E+21,1.19617E+16,5.12244E+16
118936,15,0,3,0,2018,12,16,2,3,2,6,1,0,1,0,0,0,0,1,6.78871E+20,5.77322E+21,1.16104E+16,5.20806E+16
118937,15,0,81,135,2018,11,13,5,3,5,2,0,0,1,0,0,0,0,0,6.62427E+20,5.82204E+21,1.13942E+16,5.25242E+16
118938,15,0,3,0,2018,10,15,6,3,4,2,0,0,1,0,0,0,0,0,6.76864E+20,5.78383E+21,1.15867E+16,5.21765E+16
118939,15,0,1,0,2018,11,14,2,3,5,3,0,0,1,0,0,0,0,0,7.19961E+20,5.74753E+21,1.21927E+16,5.18352E+16
118940,15,0,83,40,2018,12,14,2,3,0,1,0,0,1,0,0,0,0,0,6.75323E+20,5.78327E+21,1.15639E+16,5.2172E+16
118941,1,0,60,44,2018,1,17,3,2,6,4,2,0,1,1,0,0,0,1,5.62809E+20,5.9652E+21,9.95436E+15,5.38316E+16
118942,15,0,88,25,2018,11,17,1,3,5,3,2,0,1,0,1,0,0,0,7.01752E+20,5.70161E+21,1.19024E+16,5.14297E+16
118943,15,0,91,60,2018,9,22,4,3,8,6,2,0,1,0,0,1,0,0,7.35299E+20,5.75624E+21,1.24209E+16,5.19071E+16
118944,15,0,84,550,2018,12,11,7,2,3,6,0,0,1,0,0,0,0,0,7.09339E+20,5.67253E+21,1.19943E+16,5.11658E+16
118945,15,0,85,330,2018,11,6,5,3,4,2,1,0,1,0,0,0,0,0,6.42929E+20,5.73546E+21,1.10707E+16,5.17518E+16
118946,15,0,3,0,2018,12,16,1,3,6,4,1,1,0,1,0,0,0,0,6.82654E+20,5.77905E+21,1.16687E+16,5.21317E+16
118947,15,0,91,375,2018,9,10,4,3,5,3,0,1,1,0,0,0,0,0,7.51268E+20,5.75368E+21,1.26507E+16,5.18772E+16
118948,15,0,2,0,2018,10,16,5,3,5,3,0,1,1,0,0,0,0,0,7.06971E+20,5.70904E+21,1.19817E+16,5.14945E+16
118949,15,0,81,135,2018,12,20,6,2,2,6,2,0,1,0,0,0,0,0,6.63259E+20,5.82387E+21,1.14074E+16,5.25404E+16
118950,15,0,86,140,2018,10,6,7,3,8,1,1,0,1,0,0,1,0,0,7.15138E+20,5.79293E+21,1.21514E+16,5.22446E+16
118951,15,0,91,375,2018,9,16,4,3,5,2,0,0,1,0,0,0,0,0,7.58032E+20,5.76451E+21,1.27569E+16,5.19712E+16
118952,15,0,88,305,2018,12,10,2,2,5,3,0,0,1,0,0,0,0,0,6.815E+20,5.69392E+21,1.16074E+16,5.13675E+16
118953,15,0,89,185,2018,11,8,5,2,2,6,0,0,1,0,0,1,0,0,6.84375E+20,5.74535E+21,1.16757E+16,5.18285E+16
118954,15,0,84,315,2018,11,16,2,3,8,1,0,0,0,0,0,0,1,0,7.19347E+20,5.68113E+21,1.21425E+16,5.12393E+16
118955,15,0,83,40,2018,12,13,3,3,2,6,0,0,1,0,0,0,0,0,6.79901E+20,5.78571E+21,1.16321E+16,5.21925E+16
118956,15,0,84,13,2018,10,7,7,3,2,6,1,0,1,0,0,0,0,0,7.06999E+20,5.6636E+21,1.19558E+16,5.10865E+16
118957,15,0,83,270,2018,10,6,3,3,4,5,2,0,1,0,0,0,1,0,6.65233E+20,5.79348E+21,1.14215E+16,5.22668E+16
118958,15,0,91,375,2018,11,8,7,3,5,2,0,1,1,0,0,0,0,0,7.51472E+20,5.75194E+21,1.26524E+16,5.18615E+16
118959,15,0,3,0,2018,9,21,4,3,1,6,2,0,1,0,0,0,0,0,6.78725E+20,5.77674E+21,1.16102E+16,5.21123E+16
118960,15,0,81,455,2018,12,9,6,3,4,2,0,0,1,0,0,0,0,1,6.45767E+20,5.85871E+21,1.11651E+16,5.28583E+16
118961,15,0,85,330,2018,11,15,3,2,5,3,0,0,1,0,0,0,0,0,6.40404E+20,5.74121E+21,1.10364E+16,5.18041E+16
118962,15,0,81,240,2018,11,9,6,2,5,3,0,0,1,0,0,1,0,0,6.5708E+20,5.83192E+21,1.13202E+16,5.26145E+16
118963,15,0,2,0,2018,10,12,2,2,6,4,0,0,0,1,0,0,1,0,7.02756E+20,5.70714E+21,1.192E+16,5.14791E+16
118964,15,0,89,26,2018,12,14,6,3,1,5,0,0,1,0,0,0,0,1,6.9721E+20,5.7625E+21,1.18716E+16,5.19782E+16
118965,15,0,88,295,2018,10,7,4,3,5,3,1,0,1,0,0,0,0,1,7.03706E+20,5.71997E+21,1.19411E+16,5.15939E+16
118966,1,0,58,92,2018,1,10,4,3,2,6,0,0,1,0,0,0,1,0,5.70805E+20,6.02169E+21,1.0089E+16,5.43381E+16
118967,15,0,82,440,2018,10,14,6,2,2,6,0,0,1,0,0,0,0,0,7.14602E+20,5.72595E+21,1.21018E+16,5.16435E+16
118968,15,0,3,0,2018,11,8,3,3,1,6,0,0,1,0,0,0,0,0,6.79272E+20,5.77188E+21,1.16156E+16,5.20684E+16
118969,15,0,84,550,2018,9,7,3,3,5,3,0,0,1,0,0,1,0,0,7.07785E+20,5.68353E+21,1.19785E+16,5.12652E+16
118970,15,0,3,0,2018,12,16,3,3,3,2,1,0,1,0,1,0,0,0,6.81416E+20,5.78274E+21,1.16526E+16,5.21653E+16
118971,15,0,89,15,2018,11,21,7,3,8,1,2,0,1,0,0,0,0,0,6.65963E+20,5.73843E+21,1.14055E+16,5.17721E+16
118972,15,0,83,40,2018,10,10,3,3,3,6,0,0,1,0,0,1,0,0,6.78476E+20,5.78479E+21,1.16108E+16,5.21847E+16
118973,15,0,85,227,2018,10,15,7,3,8,1,0,0,1,0,0,0,0,0,6.28869E+20,5.75045E+21,1.08727E+16,5.18899E+16
118974,15,0,82,340,2018,12,11,2,3,2,6,0,0,1,0,0,0,0,1,7.26197E+20,5.7248E+21,1.22683E+16,5.16286E+16
118975,15,0,90,550,2018,10,21,2,3,3,6,2,0,1,0,0,0,0,0,7.01615E+20,5.82841E+21,1.1975E+16,5.25684E+16
118976,15,0,88,235,2018,9,6,3,3,8,5,1,0,1,0,0,0,0,0,6.92499E+20,5.68932E+21,1.17628E+16,5.13226E+16
118977,1,0,53,32,2018,1,15,6,3,5,3,0,0,1,0,0,0,0,0,5.91297E+20,5.92101E+21,1.03741E+16,5.34302E+16
118978,15,0,86,55,2018,11,13,7,2,6,4,0,0,1,1,0,0,0,0,6.9707E+20,5.7727E+21,1.18754E+16,5.20698E+16
118979,15,0,85,55,2018,12,9,7,3,4,2,0,0,1,0,0,0,0,0,6.37816E+20,5.74051E+21,1.09986E+16,5.17984E+16
118980,15,0,82,180,2018,11,16,4,3,2,6,1,0,1,0,0,0,0,0,7.03154E+20,5.73595E+21,1.19424E+16,5.17376E+16
118981,15,0,87,260,2018,12,10,6,3,1,6,0,0,1,0,0,0,0,0,6.72824E+20,5.71713E+21,1.14943E+16,5.15787E+16
118982,15,0,83,565,2018,10,8,3,2,8,7,0,0,1,0,0,0,0,1,6.7924E+20,5.79358E+21,1.16266E+16,5.22633E+16
118983,15,0,2,0,2018,10,10,4,2,3,6,0,0,1,0,0,0,0,0,7.05709E+20,5.71046E+21,1.19644E+16,5.15078E+16
118984,15,0,85,185,2018,12,14,5,3,9,1,0,0,0,0,0,0,1,1,6.39204E+20,5.75785E+21,1.10257E+16,5.19539E+16
118985,15,0,81,240,2018,11,14,4,3,8,7,0,0,1,0,0,0,0,0,6.67289E+20,5.83695E+21,1.14734E+16,5.26566E+16
118986,15,0,91,391,2018,10,22,6,3,0,1,2,0,0,0,1,0,0,0,7.60003E+20,5.76045E+21,1.27824E+16,5.19339E+16
118987,15,0,91,145,2018,9,16,3,3,2,6,0,0,1,0,0,0,1,0,7.70193E+20,5.74677E+21,1.29196E+16,5.18064E+16
118988,15,0,91,10,2018,12,19,1,3,8,1,2,0,1,0,0,0,0,1,7.74934E+20,5.73483E+21,1.29788E+16,5.1697E+16
118989,15,0,87,15,2018,10,19,3,3,5,6,2,0,1,0,0,0,0,1,6.66033E+20,5.6978E+21,1.13873E+16,5.14071E+16
118990,15,0,82,430,2018,10,7,5,2,3,6,0,0,1,0,0,0,0,0,7.05829E+20,5.76816E+21,1.20003E+16,5.20259E+16
118991,15,0,2,0,2018,11,7,4,3,5,3,0,1,1,0,0,0,0,1,7.04788E+20,5.71208E+21,1.1952E+16,5.15227E+16
118992,15,0,82,377,2018,10,17,5,2,3,2,0,0,1,0,0,0,0,0,7.13915E+20,5.72749E+21,1.20928E+16,5.16576E+16
118993,15,0,3,0,2018,11,17,2,3,2,6,1,0,1,0,0,0,0,0,6.77358E+20,5.77342E+21,1.15885E+16,5.20829E+16
118994,15,0,81,225,2018,12,10,2,2,8,7,0,0,1,0,0,0,0,1,6.32236E+20,5.83972E+21,1.09566E+16,5.26912E+16
118995,15,0,84,590,2018,10,16,6,3,6,4,0,0,1,1,0,0,0,0,7.20436E+20,5.65946E+21,1.21448E+16,5.10443E+16
118996,1,0,56,50,2018,1,17,6,3,5,3,2,0,1,0,0,0,0,0,5.46754E+20,5.93611E+21,9.70603E+15,5.35718E+16
118997,15,0,85,370,2018,10,16,2,3,5,3,0,1,1,0,0,0,0,0,6.22684E+20,5.74386E+21,1.07805E+16,5.18321E+16
118998,15,0,1,0,2018,11,16,6,3,8,1,1,0,1,0,0,0,0,0,7.26971E+20,5.74721E+21,1.22941E+16,5.18295E+16
118999,15,0,82,377,2018,9,9,3,2,2,6,0,1,1,0,0,0,0,0,7.11317E+20,5.73178E+21,1.20579E+16,5.16971E+16
119000,15,0,89,175,2018,12,14,5,3,8,1,0,0,1,0,0,0,0,0,6.71614E+20,5.75073E+21,1.14934E+16,5.18809E+16
119001,15,0,86,15,2018,11,10,5,3,2,6,0,0,1,0,0,0,1,0,6.9367E+20,5.79302E+21,1.18374E+16,5.22534E+16
119002,15,0,89,42,2018,10,16,2,2,5,3,0,0,0,0,1,1,0,0,6.84464E+20,5.76335E+21,1.16867E+16,5.19901E+16
119003,15,0,89,235,2018,12,18,5,3,5,3,2,0,1,0,0,0,0,1,6.93595E+20,5.74425E+21,1.18087E+16,5.18155E+16
119004,15,0,82,15,2018,10,6,4,3,2,6,2,0,1,0,0,0,0,1,7.26042E+20,5.73153E+21,1.22705E+16,5.16891E+16
119005,1,0,55,35,2018,1,17,3,3,8,6,2,1,1,0,0,0,0,0,6.12593E+20,5.97683E+21,1.07148E+16,5.39276E+16
119006,15,0,86,40,2018,11,9,3,3,5,3,0,0,1,0,0,0,0,0,7.14176E+20,5.81189E+21,1.21494E+16,5.24152E+16
119007,15,0,88,20,2018,10,14,6,3,2,6,0,0,1,0,0,0,0,0,7.15745E+20,5.68351E+21,1.20924E+16,5.12621E+16
119008,15,0,84,15,2018,10,15,2,1,4,6,0,0,0,0,1,0,1,0,6.79882E+20,5.67558E+21,1.1575E+16,5.12033E+16
119009,15,0,88,205,2018,11,6,6,2,2,6,2,0,0,0,0,1,1,0,7.07942E+20,5.6851E+21,1.19816E+16,5.12792E+16
119010,15,0,82,180,2018,9,15,3,2,2,6,0,0,1,0,0,0,0,0,7.08712E+20,5.7399E+21,1.20251E+16,5.17711E+16
119011,15,0,84,590,2018,12,6,5,3,1,2,2,0,1,0,0,1,0,0,7.17834E+20,5.66372E+21,1.21103E+16,5.10835E+16
119012,15,0,91,110,2018,11,7,5,3,9,1,1,0,1,0,0,0,0,0,7.42164E+20,5.73149E+21,1.25032E+16,5.16821E+16
119013,15,0,91,160,2018,10,9,2,2,5,3,0,1,0,0,0,0,0,0,7.56198E+20,5.74831E+21,1.27182E+16,5.18268E+16
119014,15,0,2,0,2018,12,14,5,3,4,2,0,0,1,0,0,0,0,0,7.09541E+20,5.70736E+21,1.20177E+16,5.14785E+16
119015,15,0,84,125,2018,10,18,4,2,0,1,1,1,0,0,0,0,0,1,6.78895E+20,5.66625E+21,1.15562E+16,5.11197E+16
119016,1,0,61,29,2018,1,6,3,3,5,3,2,0,1,0,1,0,0,0,5.27674E+20,5.96021E+21,9.42007E+15,5.37897E+16
119017,15,0,85,135,2018,10,20,6,3,2,6,2,0,1,0,0,0,0,0,6.42435E+20,5.75023E+21,1.10696E+16,5.18846E+16
119018,15,0,91,375,2018,11,21,3,2,5,3,2,1,1,0,0,0,0,1,7.50433E+20,5.75008E+21,1.2636E+16,5.18453E+16
119019,15,0,83,298,2018,9,8,3,3,8,7,0,0,1,0,0,0,0,0,6.68292E+20,5.78411E+21,1.14616E+16,5.21817E+16
119020,15,0,87,412,2018,12,11,2,2,5,2,0,0,1,0,0,0,0,1,6.41677E+20,5.70308E+21,1.10394E+16,5.14611E+16
119021,15,0,91,110,2018,11,18,6,3,1,5,2,0,1,0,0,0,0,0,7.34428E+20,5.73476E+21,1.23937E+16,5.17147E+16
119022,15,0,3,0,2018,10,14,3,3,0,6,0,1,0,1,0,0,0,0,6.80332E+20,5.77982E+21,1.16352E+16,5.21394E+16
119023,15,0,81,280,2018,10,15,7,3,4,1,0,0,1,0,1,0,0,0,6.44947E+20,5.82994E+21,1.11402E+16,5.26001E+16
119024,15,0,3,0,2018,12,6,2,2,2,6,2,0,1,0,0,0,0,1,6.77831E+20,5.77386E+21,1.15956E+16,5.20867E+16
119025,15,0,87,440,2018,10,9,1,2,2,6,0,0,1,0,0,0,0,0,6.50459E+20,5.7035E+21,1.11659E+16,5.14627E+16
119026,15,0,83,40,2018,9,23,3,3,2,6,2,0,0,0,0,1,1,0,6.78574E+20,5.78482E+21,1.16122E+16,5.21849E+16
119027,1,0,56,15,2018,1,17,5,2,2,6,2,1,0,0,0,0,0,1,5.43541E+20,5.95846E+21,9.66066E+15,5.37729E+16
119028,15,0,2,0,2018,11,10,6,3,0,1,0,1,0,0,0,0,0,0,7.11554E+20,5.70727E+21,1.20466E+16,5.1477E+16
119029,15,0,87,125,2018,11,12,6,3,9,1,0,0,1,0,0,0,0,0,6.59168E+20,5.69775E+21,1.12886E+16,5.14086E+16
119030,15,0,86,55,2018,11,16,4,3,5,3,0,0,1,0,0,0,0,0,6.94034E+20,5.77291E+21,1.18313E+16,5.20727E+16
119031,15,0,83,490,2018,12,17,6,2,2,6,2,0,1,0,0,0,0,1,6.71978E+20,5.76556E+21,1.15061E+16,5.2014E+16
119032,15,0,88,25,2018,10,18,2,3,7,2,1,0,1,0,0,1,0,1,7.02853E+20,5.69498E+21,1.19144E+16,5.13698E+16
119033,15,0,3,0,2018,11,10,6,3,2,6,0,0,1,0,0,0,0,1,6.79028E+20,5.77722E+21,1.16148E+16,5.21165E+16
119034,15,0,91,160,2018,10,7,4,3,9,1,1,0,0,0,0,0,1,0,7.47953E+20,5.74291E+21,1.25949E+16,5.1782E+16
119035,15,0,84,355,2018,12,10,4,3,5,3,0,0,1,0,0,0,1,1,6.98434E+20,5.67299E+21,1.18388E+16,5.11738E+16
119036,15,0,89,245,2018,11,7,3,3,5,2,1,0,1,0,0,0,0,0,6.83648E+20,5.73468E+21,1.16595E+16,5.17329E+16
119037,15,0,90,631,2018,10,17,6,3,9,1,0,0,1,0,0,0,0,0,7.1142E+20,5.82753E+21,1.21189E+16,5.25567E+16
119038,15,0,90,535,2018,9,14,3,3,5,3,0,0,0,0,1,0,1,0,6.94557E+20,5.83029E+21,1.18721E+16,5.25877E+16
119039,15,0,83,298,2018,12,14,7,3,5,6,0,0,1,0,0,0,0,0,6.69963E+20,5.78301E+21,1.14855E+16,5.21714E+16
119040,15,0,87,386,2018,10,14,3,3,2,6,0,0,1,0,0,1,0,0,6.8245E+20,5.70852E+21,1.16286E+16,5.14984E+16
119041,15,0,83,205,2018,11,9,4,2,2,6,0,0,0,0,0,1,0,0,6.52247E+20,5.78571E+21,1.12278E+16,5.22008E+16
119042,15,0,91,145,2018,10,14,4,3,5,2,0,1,1,0,0,0,0,0,7.72721E+20,5.74513E+21,1.29549E+16,5.17904E+16
119043,1,0,62,4,2018,1,16,1,3,0,1,2,1,0,0,0,0,0,2,5.90736E+20,5.96287E+21,1.03779E+16,5.38064E+16
119044,15,0,87,15,2018,11,22,7,3,2,6,2,0,1,0,0,0,0,0,6.69764E+20,5.70128E+21,1.14425E+16,5.14373E+16
119045,15,0,88,365,2018,10,6,3,3,1,6,1,0,1,0,0,0,0,0,6.98991E+20,5.70399E+21,1.1864E+16,5.14521E+16
119046,15,0,84,125,2018,12,9,7,3,8,1,0,0,1,0,0,0,0,1,6.76566E+20,5.66727E+21,1.15235E+16,5.11296E+16
119047,15,0,81,135,2018,10,22,6,2,9,1,2,0,1,0,0,0,0,1,6.69999E+20,5.82958E+21,1.15096E+16,5.25896E+16
119048,1,0,58,135,2018,1,11,6,3,5,3,0,1,1,0,0,0,0,0,5.43407E+20,6.0176E+21,9.66709E+15,5.43044E+16
119049,15,0,88,25,2018,10,1,1,3,0,1,2,0,1,0,0,0,0,0,6.98707E+20,5.69871E+21,1.1857E+16,5.14047E+16
119050,15,0,87,470,2018,11,21,5,3,5,3,2,0,1,0,0,0,0,1,6.74202E+20,5.71058E+21,1.15109E+16,5.15194E+16
119051,15,0,3,0,2018,9,10,3,3,2,3,0,0,1,0,0,0,0,0,6.7951E+20,5.77892E+21,1.16228E+16,5.21316E+16
119052,15,0,87,31,2018,12,22,4,3,5,3,2,0,1,0,0,0,0,0,6.68093E+20,5.72534E+21,1.143E+16,5.16539E+16
119053,15,0,2,0,2018,11,17,2,3,2,6,2,0,1,0,0,0,0,0,7.07345E+20,5.70374E+21,1.1984E+16,5.14469E+16
119054,15,0,85,135,2018,10,11,4,3,8,7,0,0,1,0,0,0,0,0,6.37174E+20,5.75341E+21,1.09944E+16,5.19145E+16
119055,15,0,87,275,2018,10,14,4,1,8,1,0,0,0,0,1,0,0,0,6.58395E+20,5.72129E+21,1.12881E+16,5.16203E+16
119056,15,0,87,130,2018,10,15,1,2,8,1,0,0,0,0,1,0,0,0,6.80613E+20,5.71726E+21,1.16066E+16,5.15774E+16
119057,15,0,3,0,2018,12,14,4,3,2,6,0,0,1,0,0,0,0,1,6.80824E+20,5.76831E+21,1.16363E+16,5.20359E+16
119058,15,0,90,225,2018,10,14,4,2,6,4,0,0,0,1,0,1,0,0,7.07992E+20,5.85846E+21,1.20879E+16,5.28357E+16
119059,1,0,60,5,2018,1,13,2,3,6,7,0,0,1,1,0,0,0,0,5.85154E+20,5.97753E+21,1.02972E+16,5.39391E+16
119060,15,0,83,270,2018,11,16,3,2,6,2,2,0,1,1,0,0,0,1,6.64317E+20,5.79563E+21,1.14091E+16,5.22864E+16
119061,15,0,3,0,2018,9,15,3,3,0,2,0,0,1,0,0,0,1,0,6.79746E+20,5.77997E+21,1.16268E+16,5.2141E+16