OBJECTID_1,ULAND,UREGBEZ,UKREIS,UGEMEINDE,UJAHR,UMONAT,USTUNDE,UWOCHENTAG,UKATEGORIE,UART,UTYP1,ULICHTVERH,IstRad,IstPKW,IstFuss,IstKrad,IstGkfz,IstSonstig,STRZUSTAND,LINREFX,LINREFY,XGCSWGS84,YGCSWGS84
119245,15,0,82,180,2018,11,8,5,2,5,3,0,0,1,0,0,0,0,0,6.99595E+20,5.7348E+21,1.18902E+16,5.17286E+16
119246,15,0,86,140,2018,10,12,2,3,8,1,0,0,0,0,0,1,0,0,7.15448E+20,5.79302E+21,1.2156E+16,5.22454E+16
119247,15,0,82,340,2018,12,12,5,2,0,6,0,0,1,0,0,1,0,0,7.2096E+20,5.71659E+21,1.21876E+16,5.15571E+16
119248,15,0,91,20,2018,10,13,4,3,5,3,0,0,1,0,0,0,0,0,7.55558E+20,5.74012E+21,1.27029E+16,5.17535E+16
119249,1,0,56,50,2018,1,7,3,3,2,6,0,0,1,0,0,0,0,0,5.47004E+20,5.93813E+21,9.71012E+15,5.35899E+16
119250,15,0,84,315,2018,10,14,5,2,1,7,0,0,1,0,0,0,0,0,7.14813E+20,5.6826E+21,1.20785E+16,5.12543E+16
119251,15,0,82,301,2018,11,17,3,3,5,3,2,0,1,0,0,0,1,1,7.24383E+20,5.73394E+21,1.2248E+16,5.17115E+16
119252,15,0,2,0,2018,9,17,6,3,9,1,0,0,1,0,0,0,0,1,7.07012E+20,5.70885E+21,1.19822E+16,5.14929E+16
119253,15,0,84,115,2018,12,9,2,2,8,1,0,0,1,0,0,0,0,1,7.13609E+20,5.65886E+21,1.20472E+16,5.10415E+16
119254,15,0,1,0,2018,11,16,6,3,5,3,1,1,1,0,0,0,0,0,7.21563E+20,5.75426E+21,1.22203E+16,5.1895E+16
119255,15,0,84,490,2018,10,12,6,3,1,6,0,0,1,0,0,0,0,0,7.06888E+20,5.6672E+21,1.19562E+16,5.11189E+16
119256,15,0,86,140,2018,12,19,2,2,8,1,2,0,1,0,0,0,0,1,6.95675E+20,5.7823E+21,1.18606E+16,5.21565E+16
119257,15,0,90,550,2018,10,12,1,3,5,2,0,0,1,0,0,0,0,1,7.02036E+20,5.83063E+21,1.19825E+16,5.25881E+16
119258,15,0,84,590,2018,9,17,6,3,5,3,0,0,1,0,0,0,0,1,7.22357E+20,5.65987E+21,1.21724E+16,5.10473E+16
119259,15,0,91,375,2018,12,9,4,2,0,6,0,1,0,1,0,0,0,0,7.48794E+20,5.75229E+21,1.26138E+16,5.18658E+16
119260,1,0,62,1,2018,1,13,5,3,6,2,0,0,1,1,0,0,0,1,5.81875E+20,5.9479E+21,1.02394E+16,5.36734E+16
119261,15,0,84,550,2018,11,6,6,3,6,4,2,0,1,1,0,0,0,0,7.06568E+20,5.67568E+21,1.19565E+16,5.11951E+16
119262,15,0,1,0,2018,11,16,6,2,9,6,2,0,1,0,0,0,1,1,7.29483E+20,5.73673E+21,1.23236E+16,5.17345E+16
119263,15,0,86,145,2018,11,12,4,2,8,1,0,0,1,0,0,0,0,0,6.91409E+20,5.78941E+21,1.18023E+16,5.22218E+16
119264,15,0,2,0,2018,12,12,5,3,5,2,0,0,1,0,0,0,1,0,7.02213E+20,5.70712E+21,1.19121E+16,5.14791E+16
119265,15,0,87,260,2018,10,6,2,2,4,6,1,0,1,0,0,0,0,1,6.74432E+20,5.71847E+21,1.15181E+16,5.15902E+16
119266,15,0,83,531,2018,11,14,6,2,7,4,0,0,1,1,0,0,0,1,6.59683E+20,5.77365E+21,1.13309E+16,5.20903E+16
119267,15,0,90,520,2018,10,15,4,3,2,2,0,0,1,0,0,0,1,0,6.83515E+20,5.86334E+21,1.17278E+16,5.28884E+16
119268,15,0,81,455,2018,11,8,3,3,2,6,0,0,1,0,0,0,0,0,6.46203E+20,5.85684E+21,1.11707E+16,5.28414E+16
119269,15,0,83,531,2018,10,15,6,3,1,6,0,0,1,0,1,0,0,0,6.72012E+20,5.77549E+21,1.15116E+16,5.21032E+16
119270,15,0,91,391,2018,9,9,6,3,5,7,0,1,1,0,0,0,0,0,7.5819E+20,5.75246E+21,1.27501E+16,5.18631E+16
119271,15,0,85,228,2018,12,4,7,3,8,1,2,0,1,0,0,0,0,1,6.28842E+20,5.72971E+21,1.08646E+16,5.17035E+16
119272,15,0,2,0,2018,10,10,2,3,1,5,0,0,1,0,0,0,1,0,7.07152E+20,5.70972E+21,1.19847E+16,5.15006E+16
119273,15,0,86,15,2018,11,0,4,3,7,7,2,0,1,0,0,0,0,1,6.9603E+20,5.79288E+21,1.18719E+16,5.22514E+16
119274,15,0,91,375,2018,10,5,4,3,7,7,2,0,1,0,0,0,0,0,7.57773E+20,5.7622E+21,1.27514E+16,5.19507E+16
119275,1,0,55,42,2018,1,14,1,3,2,6,0,0,1,0,0,0,0,0,6.16077E+20,5.98462E+21,1.07708E+16,5.39968E+16
119276,15,0,82,340,2018,11,14,7,3,0,1,0,1,0,0,0,0,0,0,7.22726E+20,5.72166E+21,1.22163E+16,5.16019E+16
119277,15,0,87,165,2018,10,7,3,3,9,6,1,0,1,0,0,1,0,0,6.76219E+20,5.71951E+21,1.15444E+16,5.1599E+16
119278,15,0,91,60,2018,12,18,7,3,1,5,2,0,1,0,0,0,0,1,7.431E+20,5.7579E+21,1.25353E+16,5.19187E+16
119279,15,0,85,40,2018,10,7,6,3,8,1,0,0,1,0,0,0,0,0,6.51973E+20,5.73215E+21,1.12001E+16,5.17197E+16
119280,1,0,56,39,2018,1,17,5,3,5,3,2,1,1,0,0,0,0,1,5.5426E+20,5.94465E+21,9.82086E+15,5.36478E+16
119281,15,0,88,330,2018,10,17,1,2,5,6,0,1,1,0,0,0,0,0,7.10737E+20,5.69694E+21,1.20287E+16,5.13845E+16
119282,15,0,84,590,2018,11,11,5,3,5,3,0,0,1,0,0,0,0,0,7.22277E+20,5.65805E+21,1.21702E+16,5.1031E+16
119283,15,0,91,375,2018,9,9,6,3,5,2,0,1,1,0,0,0,0,0,7.47087E+20,5.76206E+21,1.25961E+16,5.19542E+16
119284,15,0,91,160,2018,12,12,4,2,5,2,0,0,1,0,0,0,1,0,7.51038E+20,5.74113E+21,1.26383E+16,5.17647E+16
119285,15,0,91,20,2018,11,1,2,3,7,7,2,0,1,0,0,0,0,0,7.53479E+20,5.72909E+21,1.26648E+16,5.16555E+16
119286,15,0,82,430,2018,10,15,6,3,1,6,0,0,1,0,0,0,0,0,7.11092E+20,5.76198E+21,1.20731E+16,5.19683E+16
119287,15,0,91,241,2018,9,4,6,2,8,1,2,0,0,0,1,0,0,0,7.2968E+20,5.74568E+21,1.23323E+16,5.18147E+16
119288,15,0,89,310,2018,12,19,1,2,2,6,2,0,1,0,1,0,0,1,6.75724E+20,5.74966E+21,1.15525E+16,5.187E+16
119289,15,0,91,145,2018,10,22,2,2,5,3,2,1,1,0,0,0,0,0,7.7293E+20,5.74525E+21,1.2958E+16,5.17914E+16
119290,15,0,84,590,2018,11,0,4,2,8,1,2,0,1,0,0,0,0,0,7.22323E+20,5.65804E+21,1.21708E+16,5.10309E+16
119291,15,0,85,228,2018,10,7,5,3,2,7,1,0,1,0,0,0,0,1,6.30634E+20,5.73219E+21,1.08914E+16,5.17254E+16
119292,15,0,91,160,2018,11,11,1,3,5,2,0,0,1,0,1,0,0,0,7.51039E+20,5.74113E+21,1.26383E+16,5.17647E+16
119293,15,0,85,135,2018,12,21,1,3,5,3,2,0,1,0,0,0,0,1,6.42624E+20,5.74998E+21,1.10722E+16,5.18823E+16
119294,15,0,91,145,2018,10,8,6,3,4,6,0,0,1,0,0,0,1,0,7.71221E+20,5.74643E+21,1.29342E+16,5.18028E+16
119295,1,0,55,41,2018,1,16,6,3,5,3,1,0,1,0,0,0,0,0,6.10495E+20,5.99453E+21,1.06893E+16,5.40871E+16
119296,15,0,83,130,2018,10,1,2,3,9,1,2,0,1,0,0,0,0,0,6.79847E+20,5.80162E+21,1.16398E+16,5.23354E+16
119297,15,0,83,270,2018,11,16,6,3,0,1,1,0,0,0,1,0,0,1,6.64746E+20,5.79675E+21,1.14159E+16,5.22964E+16
119298,15,0,82,377,2018,9,18,6,2,8,1,2,0,1,0,0,0,0,1,7.07895E+20,5.7274E+21,1.20058E+16,5.16591E+16
119299,15,0,85,370,2018,12,9,5,3,4,2,0,0,1,0,0,0,0,0,6.22455E+20,5.74429E+21,1.07773E+16,5.1836E+16
119300,15,0,87,386,2018,11,15,2,2,5,3,0,0,1,0,0,0,0,0,6.8737E+20,5.71002E+21,1.17002E+16,5.15102E+16
119301,15,0,89,42,2018,11,12,5,2,5,2,0,0,1,0,0,0,0,0,6.78856E+20,5.76438E+21,1.16056E+16,5.20013E+16
119302,15,0,86,145,2018,10,12,2,1,9,1,0,0,1,0,0,0,0,0,6.92559E+20,5.78426E+21,1.18162E+16,5.21752E+16
119303,15,0,88,220,2018,12,6,4,3,5,2,2,0,1,0,0,0,0,1,7.05685E+20,5.68855E+21,1.19513E+16,5.1311E+16
119304,15,0,82,301,2018,10,17,4,2,5,3,1,0,1,0,0,0,0,0,7.24809E+20,5.73324E+21,1.22537E+16,5.1705E+16
119305,1,0,56,50,2018,1,9,2,3,0,7,0,1,0,0,0,0,0,0,5.47168E+20,5.93699E+21,9.71242E+15,5.35797E+16
119306,15,0,85,370,2018,11,9,3,3,5,3,0,0,1,0,0,0,1,0,6.23296E+20,5.7467E+21,1.07904E+16,5.18574E+16
119307,15,0,89,245,2018,9,8,6,3,2,6,0,0,1,0,0,1,0,0,6.84327E+20,5.73471E+21,1.16694E+16,5.17329E+16
119308,15,0,89,45,2018,12,6,2,2,9,1,2,0,1,0,0,0,0,1,6.76828E+20,5.75843E+21,1.1573E+16,5.19484E+16
119309,15,0,86,40,2018,11,14,6,2,6,6,0,0,1,1,0,0,0,0,7.18134E+20,5.7979E+21,1.21984E+16,5.2288E+16
119310,15,0,84,550,2018,10,9,6,3,1,6,0,0,1,0,1,0,0,0,7.07259E+20,5.67619E+21,1.19667E+16,5.11995E+16
119311,15,0,91,145,2018,12,9,7,3,8,1,0,0,1,0,0,0,0,1,7.74241E+20,5.74282E+21,1.2975E+16,5.17689E+16
119312,15,0,87,260,2018,10,12,7,3,9,1,0,0,1,0,0,0,0,0,6.74338E+20,5.71837E+21,1.15167E+16,5.15893E+16
119313,15,0,83,323,2018,9,9,6,3,5,3,0,0,1,0,0,0,0,0,6.45899E+20,5.78606E+21,1.11352E+16,5.22056E+16
119314,15,0,3,0,2018,12,5,4,3,5,3,2,0,1,0,0,0,0,0,6.79595E+20,5.77997E+21,1.16246E+16,5.2141E+16
119315,1,0,2,0,2018,1,16,5,3,6,4,0,0,1,1,0,0,0,1,5.73924E+20,6.01978E+21,1.01365E+16,5.43205E+16
119316,15,0,91,145,2018,10,7,2,3,5,2,0,0,1,0,1,0,0,0,7.68492E+20,5.75433E+21,1.29009E+16,5.1875E+16
119317,15,0,82,340,2018,11,6,6,3,8,1,1,0,0,0,0,0,1,0,7.25089E+20,5.71947E+21,1.22489E+16,5.15812E+16
119318,15,0,82,256,2018,11,20,6,2,0,1,2,0,1,0,0,0,0,1,7.02169E+20,5.74539E+21,1.19336E+16,5.18227E+16
119319,15,0,83,531,2018,11,16,4,3,5,6,0,1,1,0,0,0,0,0,6.67554E+20,5.77104E+21,1.14444E+16,5.20645E+16
119320,15,0,85,140,2018,12,8,5,3,3,6,0,1,1,0,0,0,0,0,6.44538E+20,5.74635E+21,1.10985E+16,5.18492E+16
119321,15,0,85,135,2018,10,13,2,3,1,6,0,0,1,0,0,0,0,1,6.39744E+20,5.75026E+21,1.10305E+16,5.18855E+16
119322,15,0,87,386,2018,11,16,5,2,7,6,2,0,1,0,0,0,1,0,6.85859E+20,5.70555E+21,1.16761E+16,5.14706E+16
119323,15,0,84,115,2018,10,10,3,3,8,6,0,0,1,0,0,0,1,0,7.08497E+20,5.65906E+21,1.19745E+16,5.10452E+16
119324,15,0,84,235,2018,11,15,2,3,2,6,0,0,1,0,0,0,1,1,7.20278E+20,5.66892E+21,1.21483E+16,5.11293E+16
119325,15,0,90,485,2018,9,15,6,3,0,7,0,0,1,0,0,0,0,1,7.1817E+20,5.83814E+21,1.22253E+16,5.26493E+16
119326,15,0,84,315,2018,12,13,6,3,3,6,0,0,1,0,1,0,0,1,7.11358E+20,5.67906E+21,1.2027E+16,5.12237E+16
119327,15,0,91,375,2018,10,15,2,3,2,6,0,0,1,0,0,0,0,0,7.50288E+20,5.75224E+21,1.26355E+16,5.18647E+16
119328,15,0,84,355,2018,11,15,3,3,5,3,0,0,1,0,0,0,0,1,6.91628E+20,5.66535E+21,1.17375E+16,5.11075E+16
119329,15,0,3,0,2018,10,14,4,3,5,3,0,1,1,0,0,0,0,0,6.80374E+20,5.7798E+21,1.16358E+16,5.21393E+16
119330,1,0,60,63,2018,1,12,6,3,0,1,0,1,0,0,0,0,0,0,5.65848E+20,5.95311E+21,9.99794E+15,5.37225E+16
119331,15,0,84,15,2018,10,5,5,3,0,1,2,0,1,0,0,0,0,0,6.74232E+20,5.67295E+21,1.14929E+16,5.11814E+16
119332,15,0,2,0,2018,11,7,6,3,0,7,0,0,0,0,0,0,1,0,7.07499E+20,5.70145E+21,1.19848E+16,5.14262E+16
119333,15,0,82,15,2018,10,17,3,3,2,6,0,0,1,0,0,0,0,0,7.26768E+20,5.72567E+21,1.22771E+16,5.16363E+16
119334,15,0,87,130,2018,12,17,6,2,5,3,1,0,1,0,0,0,0,1,6.7736E+20,5.713E+21,1.15576E+16,5.15402E+16
119335,15,0,91,20,2018,10,15,5,3,4,6,0,0,1,0,0,0,0,0,7.56849E+20,5.7318E+21,1.27154E+16,5.16784E+16
119336,1,0,58,135,2018,1,7,5,3,2,6,2,0,1,0,0,0,0,1,5.42851E+20,6.01812E+21,9.65861E+15,5.43092E+16
119337,15,0,84,275,2018,10,11,7,3,5,3,0,0,1,0,1,0,0,0,7.13322E+20,5.66196E+21,1.20449E+16,5.10695E+16
119338,15,0,83,130,2018,11,15,5,3,4,6,0,0,1,0,0,1,0,0,6.78894E+20,5.79636E+21,1.1623E+16,5.22884E+16
119339,15,0,3,0,2018,9,16,6,3,4,2,0,0,1,0,0,0,0,1,6.83651E+20,5.77134E+21,1.16791E+16,5.20622E+16
119340,15,0,88,205,2018,12,18,3,3,9,1,2,0,1,0,0,0,0,0,7.08415E+20,5.69055E+21,1.19916E+16,5.1328E+16
119341,15,0,84,550,2018,11,12,1,2,8,1,0,0,1,0,0,0,0,0,7.04892E+20,5.6794E+21,1.19347E+16,5.12291E+16
119342,15,0,89,235,2018,10,1,4,3,8,1,2,0,1,0,0,0,0,0,6.96033E+20,5.7435E+21,1.18436E+16,5.1808E+16
119343,15,0,88,65,2018,10,1,7,3,9,1,2,0,1,0,0,0,0,0,7.04453E+20,5.68803E+21,1.19334E+16,5.13068E+16
119344,15,0,89,42,2018,12,17,3,2,5,2,2,0,1,0,0,0,0,0,6.7886E+20,5.76438E+21,1.16057E+16,5.20013E+16
119345,15,0,90,546,2018,10,7,3,3,1,2,1,0,1,0,0,0,0,0,6.81134E+20,5.81643E+21,1.16666E+16,5.2468E+16
119346,15,0,3,0,2018,9,17,6,3,2,6,0,0,1,0,0,0,0,1,6.81006E+20,5.77975E+21,1.1645E+16,5.21386E+16
119347,1,0,58,22,2018,1,7,2,3,0,5,2,0,1,0,0,0,0,2,5.68003E+20,6.00379E+21,1.00419E+16,5.41777E+16
119348,15,0,81,280,2018,11,11,2,2,9,1,0,0,1,0,0,0,0,0,6.45889E+20,5.82206E+21,1.11507E+16,5.2529E+16
119349,15,0,86,55,2018,9,13,6,3,6,4,0,0,1,1,0,0,0,0,6.93443E+20,5.77324E+21,1.18228E+16,5.20759E+16
119350,15,0,91,110,2018,12,17,1,3,9,1,2,0,1,0,0,0,0,1,7.48922E+20,5.72973E+21,1.25995E+16,5.16633E+16
119351,15,0,86,40,2018,11,1,5,3,1,6,2,0,0,0,0,1,0,0,7.2121E+20,5.79386E+21,1.22408E+16,5.22506E+16
119352,15,0,3,0,2018,12,19,1,3,2,6,2,0,1,0,0,0,0,0,6.81649E+20,5.78747E+21,1.16586E+16,5.22077E+16
119353,15,0,86,15,2018,9,16,6,2,5,3,0,1,1,0,0,0,0,1,6.94887E+20,5.79433E+21,1.1856E+16,5.22648E+16
119354,15,0,83,440,2018,10,14,6,3,2,2,0,0,1,0,0,0,0,0,6.88141E+20,5.7993E+21,1.176E+16,5.23117E+16
119355,15,0,3,0,2018,12,10,6,3,2,6,0,0,1,0,0,0,0,0,6.82793E+20,5.78653E+21,1.16748E+16,5.21989E+16
119356,15,0,83,298,2018,10,0,7,2,2,6,2,0,1,0,0,1,0,0,6.68278E+20,5.78409E+21,1.14614E+16,5.21816E+16
119357,15,0,2,0,2018,9,8,5,2,9,1,0,0,1,0,0,0,0,0,7.00761E+20,5.7088E+21,1.18922E+16,5.14947E+16
119358,15,0,84,375,2018,12,22,2,2,8,1,2,0,0,0,0,1,0,1,7.06001E+20,5.65748E+21,1.1938E+16,5.10319E+16
119359,15,0,82,15,2018,10,11,2,3,2,6,0,0,1,0,0,0,0,0,7.31939E+20,5.72543E+21,1.23516E+16,5.1632E+16
119360,15,0,84,590,2018,10,13,4,3,5,2,0,0,1,0,0,0,0,0,7.17836E+20,5.66371E+21,1.21103E+16,5.10835E+16
119361,15,0,90,546,2018,10,13,1,3,2,6,0,1,1,0,0,0,0,0,6.91385E+20,5.81226E+21,1.1815E+16,5.2427E+16
119362,15,0,89,307,2018,12,17,4,3,0,6,2,0,1,0,0,0,0,1,6.60899E+20,5.73958E+21,1.13327E+16,5.17839E+16
119363,15,0,88,30,2018,10,19,3,3,8,1,2,0,1,0,0,0,0,1,6.83086E+20,5.69256E+21,1.16295E+16,5.13548E+16
119364,15,0,91,375,2018,9,12,5,3,5,3,0,1,0,0,0,0,0,0,7.50641E+20,5.7529E+21,1.26411E+16,5.18705E+16
119365,1,0,62,4,2018,1,15,2,3,6,4,0,0,1,1,0,0,0,0,5.909E+20,5.96267E+21,1.03803E+16,5.38046E+16
119366,15,0,84,355,2018,11,18,2,3,1,6,2,0,1,0,0,0,0,1,6.94025E+20,5.67461E+21,1.17767E+16,5.11899E+16
119367,15,0,91,375,2018,9,19,5,3,3,6,1,0,1,0,0,0,0,0,7.50437E+20,5.74991E+21,1.26359E+16,5.18437E+16
119368,15,0,81,45,2018,12,11,2,3,8,1,0,0,1,0,0,0,0,1,6.39914E+20,5.84015E+21,1.10703E+16,5.26932E+16
119369,15,0,91,375,2018,11,0,5,3,7,7,2,0,1,0,0,0,0,0,7.54236E+20,5.75264E+21,1.2693E+16,5.18665E+16
119370,1,0,56,49,2018,1,0,2,3,8,1,2,0,0,0,0,0,1,1,5.43947E+20,5.9492E+21,9.6655E+15,5.36896E+16
119371,15,0,83,298,2018,9,15,5,2,2,6,0,0,1,0,0,1,0,0,6.74015E+20,5.78114E+21,1.15437E+16,5.21533E+16
119372,15,0,85,235,2018,10,11,6,2,1,7,0,0,0,0,0,1,0,0,6.47315E+20,5.74245E+21,1.11371E+16,5.18134E+16
119373,15,0,88,20,2018,12,9,6,1,4,6,0,0,1,0,0,1,0,0,7.20956E+20,5.68604E+21,1.21685E+16,5.12827E+16
119374,15,0,82,440,2018,10,18,7,2,2,6,2,0,1,0,0,0,0,0,7.21824E+20,5.73184E+21,1.22097E+16,5.16936E+16
119375,15,0,89,310,2018,9,10,5,3,1,6,0,0,1,0,0,0,0,0,6.75818E+20,5.74959E+21,1.15538E+16,5.18693E+16
119376,15,0,88,295,2018,12,16,3,2,8,1,1,0,1,0,0,0,0,1,7.01847E+20,5.71631E+21,1.19121E+16,5.15617E+16
119377,1,0,60,63,2018,1,6,4,3,6,6,2,1,0,1,0,0,0,1,5.6597E+20,5.95185E+21,9.99953E+15,5.37111E+16
119378,15,0,89,42,2018,10,12,2,2,2,6,0,0,0,0,0,1,1,0,6.81305E+20,5.7674E+21,1.16428E+16,5.20275E+16
119379,15,0,83,275,2018,11,12,6,3,1,6,0,0,1,0,0,0,0,0,6.39309E+20,5.78499E+21,1.10383E+16,5.21977E+16
119380,15,0,83,40,2018,11,14,3,1,2,6,0,0,0,0,0,1,0,0,6.78128E+20,5.78459E+21,1.16056E+16,5.2183E+16
119381,15,0,91,375,2018,12,6,4,3,7,7,2,0,1,0,0,0,0,1,7.51906E+20,5.75001E+21,1.26573E+16,5.1844E+16
119382,15,0,84,355,2018,10,18,1,3,1,6,2,0,1,0,0,0,0,1,6.95519E+20,5.67043E+21,1.17958E+16,5.11518E+16
119383,15,0,86,145,2018,11,11,4,3,2,6,0,0,1,0,0,0,1,0,6.88812E+20,5.79012E+21,1.17647E+16,5.22291E+16
119384,15,0,90,180,2018,10,13,3,3,5,3,0,0,1,0,0,0,0,0,6.93871E+20,5.84809E+21,1.18725E+16,5.27478E+16
119385,15,0,87,165,2018,11,18,1,3,2,6,2,0,1,0,0,0,0,0,6.76313E+20,5.71778E+21,1.15449E+16,5.15835E+16
119386,15,0,85,190,2018,9,17,5,3,5,3,0,1,1,0,0,0,0,0,6.1618E+20,5.74716E+21,1.06873E+16,5.18632E+16
119387,15,0,89,195,2018,12,12,6,3,2,6,0,0,1,0,0,0,0,1,6.93056E+20,5.72851E+21,1.17922E+16,5.16743E+16
119388,15,0,86,145,2018,10,9,2,2,8,1,0,0,1,0,0,0,0,0,6.85627E+20,5.78924E+21,1.17177E+16,5.22222E+16
119389,15,0,91,241,2018,11,10,3,2,9,1,0,0,1,0,0,0,0,1,7.3182E+20,5.74905E+21,1.23656E+16,5.18441E+16
119390,15,0,90,70,2018,11,15,6,3,5,2,0,1,1,0,0,0,0,0,6.69178E+20,5.83801E+21,1.15018E+16,5.26656E+16
119391,15,0,83,415,2018,10,15,3,3,5,3,0,0,1,0,1,0,0,0,6.52115E+20,5.76652E+21,1.12173E+16,5.20284E+16
119392,15,0,91,375,2018,12,11,6,3,8,1,0,0,1,0,0,0,0,1,7.55177E+20,5.76016E+21,1.27122E+16,5.19335E+16
119393,15,0,86,15,2018,10,18,5,2,5,2,2,0,0,0,1,1,0,0,6.97554E+20,5.79068E+21,1.18929E+16,5.2231E+16
119394,1,0,56,15,2018,1,17,4,3,6,4,2,0,1,1,0,0,0,1,5.45853E+20,5.95557E+21,9.69531E+15,5.37467E+16
119395,15,0,83,415,2018,10,14,7,3,8,1,0,0,1,0,0,0,0,0,6.51272E+20,5.76802E+21,1.12057E+16,5.20422E+16
119396,15,0,82,5,2018,11,17,4,3,2,6,2,0,1,0,0,0,0,1,7.11369E+20,5.74906E+21,1.20692E+16,5.18522E+16
119397,15,0,83,298,2018,9,7,5,3,5,3,0,0,1,0,0,0,0,0,6.69817E+20,5.78242E+21,1.1483E+16,5.21661E+16
119398,15,0,82,430,2018,12,7,3,3,4,2,1,0,1,0,0,0,0,1,7.12157E+20,5.7619E+21,1.20885E+16,5.19673E+16
119399,15,0,85,370,2018,11,6,1,2,8,1,2,0,1,0,0,0,0,1,6.19582E+20,5.74028E+21,1.07343E+16,5.18006E+16
119400,15,0,88,205,2018,10,18,5,1,8,1,1,0,0,0,1,0,0,0,7.16514E+20,5.68907E+21,1.21068E+16,5.13117E+16
119401,15,0,2,0,2018,10,16,3,1,5,2,1,1,0,0,0,1,0,0,7.07918E+20,5.70637E+21,1.19937E+16,5.14703E+16
119402,15,0,91,391,2018,10,16,7,3,0,1,0,0,0,0,1,0,0,0,7.63496E+20,5.74883E+21,1.28243E+16,5.1828E+16
119403,15,0,83,25,2018,12,17,3,3,6,6,2,0,1,1,0,0,0,1,6.4359E+20,5.76773E+21,1.10937E+16,5.20416E+16
119404,15,0,88,295,2018,10,14,2,3,8,1,0,0,1,0,0,0,0,1,7.04332E+20,5.71834E+21,1.19491E+16,5.1579E+16
119405,15,0,83,415,2018,9,7,5,3,5,2,0,1,0,0,0,0,1,0,6.52744E+20,5.7671E+21,1.12268E+16,5.20335E+16
119406,1,0,60,44,2018,1,15,1,3,6,2,0,0,1,1,0,0,0,0,5.63378E+20,5.96579E+21,9.96313E+15,5.38367E+16
119407,15,0,88,150,2018,11,13,7,2,8,1,0,0,1,0,0,0,0,0,7.16716E+20,5.70463E+21,1.21192E+16,5.14513E+16
119408,15,0,91,391,2018,12,18,7,3,8,1,2,0,1,0,0,0,0,0,7.66305E+20,5.74756E+21,1.2864E+16,5.18153E+16
119409,15,0,83,190,2018,11,16,5,3,6,2,0,0,1,1,0,0,0,0,6.52322E+20,5.77977E+21,1.12263E+16,5.21474E+16
119410,15,0,91,145,2018,12,17,7,3,9,1,2,0,1,0,0,0,0,1,7.70205E+20,5.74676E+21,1.29198E+16,5.18063E+16
119411,15,0,81,26,2018,9,16,5,2,2,2,0,0,1,0,0,0,0,0,6.51194E+20,5.84718E+21,1.12403E+16,5.27533E+16
119412,15,0,82,440,2018,10,8,5,2,4,6,0,0,1,0,0,0,1,0,7.12505E+20,5.72204E+21,1.20691E+16,5.16092E+16
119413,15,0,91,160,2018,12,18,5,2,6,2,2,0,1,1,0,0,0,1,7.50678E+20,5.74198E+21,1.26337E+16,5.17725E+16
119414,15,0,85,55,2018,10,10,7,3,8,1,0,1,0,0,0,0,0,0,6.37081E+20,5.73822E+21,1.09871E+16,5.17781E+16
119415,15,0,88,220,2018,9,10,4,3,3,6,0,0,1,0,0,1,0,0,7.07382E+20,5.69676E+21,1.19804E+16,5.13841E+16
119416,15,0,89,30,2018,12,6,2,3,5,3,2,0,1,0,0,0,0,1,6.89548E+20,5.74211E+21,1.17489E+16,5.17977E+16
119417,15,0,90,7,2018,10,8,2,3,8,1,0,0,1,0,0,0,0,1,6.74949E+20,5.85539E+21,1.15963E+16,5.28199E+16
119418,15,0,85,135,2018,11,14,5,2,1,6,0,0,1,0,0,0,0,0,6.39434E+20,5.75005E+21,1.10259E+16,5.18838E+16
119419,15,0,91,145,2018,11,8,2,3,0,1,0,1,0,0,0,0,0,0,7.73524E+20,5.74559E+21,1.29669E+16,5.17942E+16
119420,15,0,91,375,2018,12,12,2,2,7,7,0,0,0,0,0,0,1,1,7.56006E+20,5.76151E+21,1.27252E+16,5.19453E+16
119421,15,0,88,150,2018,10,4,6,3,0,1,2,0,1,0,0,0,0,0,7.15361E+20,5.70561E+21,1.21003E+16,5.14606E+16
119422,15,0,84,550,2018,10,15,2,3,3,6,0,0,1,0,0,1,0,0,7.07492E+20,5.67531E+21,1.19695E+16,5.11915E+16
119423,15,0,85,135,2018,11,17,7,3,3,2,2,1,1,0,0,0,0,1,6.41533E+20,5.75113E+21,1.10568E+16,5.18929E+16
119424,15,0,87,275,2018,9,14,4,2,8,1,0,0,1,0,0,0,0,0,6.71877E+20,5.71926E+21,1.14817E+16,5.15981E+16
119425,15,0,88,330,2018,12,16,5,3,2,6,1,0,1,0,0,0,0,1,7.06904E+20,5.69886E+21,1.19748E+16,5.14032E+16
119426,15,0,81,455,2018,10,14,2,2,2,6,0,0,1,0,0,0,0,0,6.48462E+20,5.8548E+21,1.12033E+16,5.28225E+16
119427,15,0,88,205,2018,11,19,5,3,0,6,2,0,1,0,0,0,1,0,7.19929E+20,5.69293E+21,1.21581E+16,5.1345E+16