OBJECTID_1,ULAND,UREGBEZ,UKREIS,UGEMEINDE,UJAHR,UMONAT,USTUNDE,UWOCHENTAG,UKATEGORIE,UART,UTYP1,ULICHTVERH,IstRad,IstPKW,IstFuss,IstKrad,IstGkfz,IstSonstig,STRZUSTAND,LINREFX,LINREFY,XGCSWGS84,YGCSWGS84
119428,15,0,82,377,2018,10,6,2,2,5,3,2,0,1,0,0,0,0,0,7.14088E+20,5.72675E+21,1.20949E+16,5.16509E+16
119429,15,0,88,330,2018,12,3,5,2,2,7,2,1,0,0,0,0,1,1,7.0318E+20,5.70127E+21,1.19227E+16,5.14262E+16
119430,15,0,91,60,2018,11,17,5,3,6,4,2,0,1,1,0,0,0,0,7.36277E+20,5.75374E+21,1.24334E+16,5.18843E+16
119431,15,0,83,120,2018,11,15,3,3,5,3,0,0,1,0,0,1,0,0,6.78504E+20,5.80993E+21,1.16245E+16,5.24105E+16
119432,15,0,88,265,2018,12,20,3,3,5,3,2,1,0,0,1,0,0,0,6.84701E+20,5.69668E+21,1.16548E+16,5.13913E+16
119433,15,0,81,135,2018,10,14,1,3,8,1,0,0,1,0,0,0,0,0,6.47108E+20,5.81574E+21,1.11658E+16,5.2472E+16
119434,15,0,85,370,2018,10,15,3,2,3,2,0,0,1,0,0,0,0,0,6.23632E+20,5.74445E+21,1.07945E+16,5.18372E+16
119435,15,0,91,110,2018,11,17,7,3,1,5,2,0,1,0,0,0,0,1,7.34132E+20,5.7344E+21,1.23892E+16,5.17116E+16
119436,15,0,2,0,2018,9,6,4,2,5,2,1,0,0,0,1,0,1,0,7.02056E+20,5.70764E+21,1.19102E+16,5.14837E+16
119437,15,0,81,135,2018,12,7,6,3,5,3,1,0,1,0,0,0,1,1,6.71888E+20,5.82316E+21,1.15341E+16,5.25313E+16
119438,15,0,88,340,2018,9,12,1,3,3,6,0,0,1,0,0,0,0,0,6.83796E+20,5.69981E+21,1.16434E+16,5.14197E+16
119439,15,0,89,26,2018,11,6,3,3,2,6,1,0,1,0,0,0,1,1,6.91462E+20,5.76183E+21,1.17876E+16,5.19741E+16
119440,15,0,83,411,2018,11,5,6,3,5,3,2,1,1,0,0,0,0,0,6.34989E+20,5.81064E+21,1.09855E+16,5.24293E+16
119441,15,0,2,0,2018,10,16,2,3,2,6,0,0,1,0,0,0,1,0,7.05528E+20,5.71072E+21,1.19619E+16,5.15102E+16
119442,15,0,90,535,2018,12,13,6,3,4,2,0,0,1,0,0,0,0,1,6.96224E+20,5.83772E+21,1.19011E+16,5.26539E+16
119443,15,0,1,0,2018,10,17,4,3,5,2,0,1,1,0,0,0,0,0,7.23211E+20,5.75306E+21,1.22434E+16,5.18835E+16
119444,1,0,55,12,2018,1,15,4,3,5,3,0,1,1,0,0,0,0,0,6.04743E+20,6.00035E+21,1.06034E+16,5.41406E+16
119445,15,0,88,330,2018,10,13,6,3,9,1,0,0,1,0,0,0,0,0,7.02674E+20,5.69565E+21,1.19122E+16,5.13759E+16
119446,15,0,85,185,2018,11,16,4,2,9,7,2,0,1,0,0,0,0,1,6.30043E+20,5.7649E+21,1.08952E+16,5.20195E+16
119447,15,0,84,590,2018,9,20,4,2,4,1,2,1,0,0,1,0,0,0,7.23243E+20,5.65697E+21,1.21832E+16,5.10209E+16
119448,15,0,89,30,2018,12,6,3,2,5,3,2,1,1,0,0,0,0,1,6.89552E+20,5.74129E+21,1.17485E+16,5.17903E+16
119449,15,0,82,15,2018,11,15,7,2,5,3,0,1,1,0,0,0,0,0,7.26401E+20,5.7301E+21,1.22747E+16,5.16761E+16
119450,15,0,82,430,2018,10,8,3,2,5,3,0,1,1,0,0,0,0,0,7.12238E+20,5.76237E+21,1.209E+16,5.19714E+16
119451,15,0,90,546,2018,10,17,7,3,2,6,0,0,1,0,1,0,0,0,6.87992E+20,5.81234E+21,1.17652E+16,5.24289E+16
119452,15,0,91,160,2018,12,11,2,3,7,7,0,0,1,0,0,0,0,1,7.49964E+20,5.73542E+21,1.26186E+16,5.17139E+16
119453,15,0,82,301,2018,10,13,2,3,5,3,0,0,1,0,0,0,0,1,7.25861E+20,5.73353E+21,1.22691E+16,5.17072E+16
119454,15,0,82,15,2018,9,6,4,3,5,3,1,1,1,0,0,0,0,0,7.29321E+20,5.72471E+21,1.23133E+16,5.16266E+16
119455,1,0,56,50,2018,1,16,6,3,5,3,1,1,1,0,0,0,0,1,5.47165E+20,5.93743E+21,9.71244E+15,5.35836E+16
119456,15,0,86,40,2018,11,15,7,3,3,6,0,1,1,0,0,0,0,0,7.13278E+20,5.80898E+21,1.21344E+16,5.23895E+16
119457,15,0,89,305,2018,12,14,7,2,9,1,0,0,0,0,1,0,0,1,6.9135E+20,5.76937E+21,1.17902E+16,5.20419E+16
119458,15,0,82,15,2018,11,13,4,3,0,7,0,1,0,0,0,0,0,0,7.30091E+20,5.72462E+21,1.23244E+16,5.16255E+16
119459,15,0,88,365,2018,12,7,6,3,2,6,1,0,1,0,0,0,1,0,6.89576E+20,5.70014E+21,1.17266E+16,5.14207E+16
119460,15,0,85,227,2018,10,11,3,2,5,3,0,0,1,0,0,0,0,0,6.14651E+20,5.75103E+21,1.06663E+16,5.18982E+16
119461,15,0,82,301,2018,9,12,4,3,5,3,0,1,1,0,0,0,0,0,7.29087E+20,5.73483E+21,1.23166E+16,5.17175E+16
119462,15,0,88,150,2018,10,7,4,3,2,2,1,0,1,0,0,0,0,0,7.15189E+20,5.70277E+21,1.20961E+16,5.14352E+16
119463,15,0,85,145,2018,12,17,5,1,6,4,2,0,1,1,0,0,0,1,6.52266E+20,5.7192E+21,1.11987E+16,5.16032E+16
119464,15,0,83,531,2018,11,17,4,3,2,6,1,0,1,0,0,0,0,0,6.66901E+20,5.77065E+21,1.14347E+16,5.20613E+16
119465,15,0,91,241,2018,10,8,6,2,0,3,0,1,1,0,0,0,0,0,7.35306E+20,5.74783E+21,1.24153E+16,5.18316E+16
119466,15,0,90,7,2018,9,11,4,2,0,1,0,0,0,0,1,0,0,0,6.6998E+20,5.85581E+21,1.15229E+16,5.28253E+16
119467,15,0,82,340,2018,12,15,1,3,8,1,0,0,1,0,0,0,0,1,7.21134E+20,5.7165E+21,1.21901E+16,5.15561E+16
119468,15,0,88,195,2018,9,11,1,2,2,6,0,0,1,0,0,0,0,0,7.21166E+20,5.71583E+21,1.21901E+16,5.15502E+16
119469,15,0,87,130,2018,11,13,4,3,2,6,0,0,1,0,0,0,0,0,6.79964E+20,5.70935E+21,1.15932E+16,5.15066E+16
119470,15,0,82,15,2018,10,5,5,2,2,6,2,0,1,0,0,0,0,0,7.27964E+20,5.72426E+21,1.22935E+16,5.16231E+16
119471,15,0,89,195,2018,11,5,2,2,8,1,2,0,1,0,0,0,0,1,6.88488E+20,5.72548E+21,1.17246E+16,5.16487E+16
119472,15,0,86,5,2018,12,6,2,3,5,3,2,0,1,0,0,0,0,1,6.87059E+20,5.7799E+21,1.17335E+16,5.21379E+16
119473,15,0,2,0,2018,10,6,6,3,8,1,2,0,1,0,0,0,0,1,7.04433E+20,5.71259E+21,1.19472E+16,5.15274E+16
119474,15,0,86,140,2018,10,15,2,3,0,6,0,0,1,0,0,0,1,0,7.09321E+20,5.79148E+21,1.20654E+16,5.22339E+16
119475,15,0,2,0,2018,11,17,6,3,5,2,2,1,0,0,0,0,1,0,7.078E+20,5.70734E+21,1.19926E+16,5.1479E+16
119476,15,0,90,546,2018,9,13,4,3,2,2,0,0,1,0,0,0,0,0,6.91986E+20,5.8132E+21,1.18243E+16,5.24352E+16
119477,15,0,83,40,2018,12,16,5,3,3,6,1,0,1,0,0,1,0,1,6.79467E+20,5.78528E+21,1.16255E+16,5.21887E+16
119478,15,0,90,631,2018,11,12,5,3,1,6,0,0,1,0,0,0,1,0,7.05692E+20,5.82619E+21,1.20337E+16,5.25468E+16
119479,15,0,90,535,2018,10,8,2,3,9,6,0,0,1,0,0,0,0,0,6.95975E+20,5.82531E+21,1.18901E+16,5.25426E+16
119480,15,0,83,531,2018,12,5,5,3,2,6,2,0,1,0,0,0,0,1,6.73366E+20,5.7748E+21,1.1531E+16,5.20965E+16
119481,15,0,1,0,2018,10,11,4,3,8,1,0,0,0,0,0,0,1,0,7.18224E+20,5.74816E+21,1.2168E+16,5.18416E+16
119482,1,0,3,0,2018,1,16,3,3,5,3,1,1,1,0,0,0,0,0,6.22666E+20,5.98034E+21,1.08695E+16,5.39569E+16
119483,15,0,89,195,2018,11,20,3,3,9,1,2,0,1,0,0,0,0,1,6.95324E+20,5.7323E+21,1.18271E+16,5.17076E+16
119484,15,0,3,0,2018,9,21,4,2,5,3,2,1,1,0,0,0,0,0,6.79472E+20,5.77272E+21,1.16189E+16,5.20759E+16
119485,15,0,84,360,2018,12,10,2,3,8,1,0,0,1,0,0,0,0,1,6.8199E+20,5.68462E+21,1.16097E+16,5.12838E+16
119486,15,0,86,140,2018,11,4,6,3,2,6,2,0,1,0,0,1,0,0,7.10305E+20,5.79171E+21,1.208E+16,5.22355E+16
119487,15,0,87,165,2018,10,17,6,3,2,6,0,0,1,0,0,0,0,0,6.75813E+20,5.71787E+21,1.15378E+16,5.15845E+16
119488,15,0,85,370,2018,12,14,1,3,5,3,0,0,1,0,0,0,1,1,6.2153E+20,5.74839E+21,1.07653E+16,5.18731E+16
119489,15,0,88,195,2018,10,18,7,3,3,6,2,0,1,0,0,0,0,0,7.11733E+20,5.70988E+21,1.20507E+16,5.15003E+16
119490,15,0,86,35,2018,9,17,4,3,5,3,0,1,1,0,0,0,0,0,7.03843E+20,5.81135E+21,1.19974E+16,5.24143E+16
119491,15,0,82,15,2018,12,16,4,2,4,6,1,0,1,0,0,1,0,1,7.29256E+20,5.7234E+21,1.23116E+16,5.16149E+16
119492,1,0,55,32,2018,1,14,5,3,0,7,0,1,0,0,0,0,0,1,6.17676E+20,5.99601E+21,1.07996E+16,5.40988E+16
119493,15,0,82,340,2018,11,14,6,3,2,6,0,0,1,0,0,0,0,0,7.20944E+20,5.7173E+21,1.21878E+16,5.15634E+16
119494,15,0,84,560,2018,10,8,4,3,2,6,0,0,1,0,0,0,0,1,7.01238E+20,5.66837E+21,1.18763E+16,5.11314E+16
119495,1,0,51,74,2018,1,9,3,2,6,4,0,0,1,1,0,0,0,0,5.04738E+20,5.99364E+21,9.07244E+15,5.4091E+16
119496,15,0,85,190,2018,10,13,6,3,1,6,0,0,1,0,1,0,0,0,6.15137E+20,5.74876E+21,1.06726E+16,5.18777E+16
119497,15,0,87,260,2018,11,16,3,3,4,1,1,0,1,0,0,1,0,2,6.74892E+20,5.71907E+21,1.15251E+16,5.15955E+16
119498,15,0,85,235,2018,9,17,4,3,8,1,0,0,0,0,1,0,0,0,6.47752E+20,5.73216E+21,1.11391E+16,5.17209E+16
119499,15,0,81,135,2018,12,6,3,3,4,6,2,0,1,0,0,0,0,0,6.42854E+20,5.81496E+21,1.11029E+16,5.24661E+16
119500,15,0,87,386,2018,11,18,6,2,5,2,2,0,1,0,1,0,0,0,6.85577E+20,5.70419E+21,1.16713E+16,5.14584E+16
119501,15,0,3,0,2018,10,7,3,2,0,1,1,0,0,0,1,1,0,1,6.81454E+20,5.77969E+21,1.16515E+16,5.21378E+16
119502,15,0,81,280,2018,10,15,7,3,3,6,0,0,1,0,0,0,0,0,6.43676E+20,5.82897E+21,1.11211E+16,5.25918E+16
119503,15,0,89,195,2018,12,17,2,2,8,1,2,0,1,0,0,0,0,1,6.89055E+20,5.72582E+21,1.1733E+16,5.16516E+16
119504,15,0,85,135,2018,10,18,2,3,0,1,0,0,0,0,1,0,0,0,6.42329E+20,5.75191E+21,1.10687E+16,5.18997E+16
119505,15,0,81,240,2018,9,8,4,3,7,7,0,0,1,0,0,0,0,0,6.64335E+20,5.84267E+21,1.14326E+16,5.2709E+16
119506,1,0,2,0,2018,1,13,6,3,2,6,0,0,1,0,0,0,0,0,5.68028E+20,6.01815E+21,1.00455E+16,5.43067E+16
119507,15,0,87,130,2018,11,14,6,3,1,6,0,0,1,0,0,0,0,0,6.77825E+20,5.71384E+21,1.15647E+16,5.15476E+16
119508,15,0,88,25,2018,11,16,6,2,2,6,2,1,1,0,0,0,0,1,7.00997E+20,5.69907E+21,1.18901E+16,5.14071E+16
119509,15,0,86,80,2018,11,6,4,3,4,6,2,0,1,0,0,1,0,0,7.07762E+20,5.81841E+21,1.20593E+16,5.24763E+16
119510,15,0,83,40,2018,12,12,6,3,0,6,0,0,1,0,0,0,0,0,6.78211E+20,5.78465E+21,1.16068E+16,5.21835E+16
119511,15,0,88,195,2018,10,3,2,2,5,6,2,0,1,0,0,1,1,1,7.11104E+20,5.71065E+21,1.20421E+16,5.15075E+16
119512,15,0,3,0,2018,11,14,6,3,5,2,0,0,1,0,0,0,0,1,6.82285E+20,5.78778E+21,1.1668E+16,5.22103E+16
119513,15,0,91,60,2018,10,13,4,3,2,6,0,0,1,0,0,1,0,0,7.41786E+20,5.76482E+21,1.2521E+16,5.19814E+16
119514,15,0,84,12,2018,12,16,4,3,8,1,2,0,0,0,0,0,1,0,6.79863E+20,5.67232E+21,1.15731E+16,5.1174E+16
119515,15,0,83,323,2018,11,6,3,3,2,6,2,0,0,0,0,1,0,0,6.44929E+20,5.78631E+21,1.11211E+16,5.22081E+16
119516,15,0,90,631,2018,10,7,6,2,7,7,1,0,1,0,0,0,0,0,7.12307E+20,5.83079E+21,1.2134E+16,5.25856E+16
119517,15,0,81,455,2018,9,19,4,3,8,1,0,0,0,0,1,0,0,0,6.46489E+20,5.85946E+21,1.11762E+16,5.28649E+16
119518,15,0,82,440,2018,12,15,7,3,5,3,0,0,1,0,0,0,0,1,7.13408E+20,5.72065E+21,1.20813E+16,5.15964E+16
119519,15,0,88,365,2018,9,17,1,3,2,2,0,1,1,0,0,0,0,0,7.02038E+20,5.70505E+21,1.19084E+16,5.14606E+16
119520,15,0,91,145,2018,11,5,4,3,9,1,2,0,1,0,0,0,0,1,7.74384E+20,5.74597E+21,1.29796E+16,5.17972E+16
119521,15,0,88,25,2018,10,3,4,3,8,7,2,0,0,0,0,1,0,0,6.9453E+20,5.6984E+21,1.17969E+16,5.14034E+16
119522,1,0,53,90,2018,1,11,1,2,6,4,0,0,1,1,0,0,0,0,6.11566E+20,5.94339E+21,1.06871E+16,5.36274E+16
119523,15,0,81,45,2018,11,17,1,3,8,1,2,0,1,0,0,0,0,1,6.39928E+20,5.84016E+21,1.10705E+16,5.26933E+16
119524,15,0,81,135,2018,10,6,4,3,9,7,1,0,1,0,0,0,0,0,6.68498E+20,5.81821E+21,1.14817E+16,5.2488E+16
119525,15,0,87,130,2018,12,23,7,3,7,7,2,0,1,0,0,0,0,1,6.8075E+20,5.71958E+21,1.16098E+16,5.15982E+16
119526,15,0,3,0,2018,10,2,6,3,2,6,2,0,0,0,0,1,1,0,6.80605E+20,5.76878E+21,1.16334E+16,5.20402E+16
119527,1,0,55,32,2018,1,7,6,2,5,2,2,0,1,0,0,0,0,1,6.19233E+20,5.99573E+21,1.08233E+16,5.40959E+16
119528,15,0,81,455,2018,10,15,2,3,5,3,0,0,1,0,0,0,0,0,6.5236E+20,5.85618E+21,1.12618E+16,5.28338E+16
119529,15,0,87,31,2018,11,8,5,3,8,1,0,0,1,0,0,0,0,1,6.76407E+20,5.72766E+21,1.15512E+16,5.16722E+16
119530,15,0,81,455,2018,9,6,4,3,9,1,1,0,0,0,1,0,0,1,6.45761E+20,5.85791E+21,1.11647E+16,5.28512E+16
119531,15,0,83,298,2018,12,16,5,3,4,6,2,0,1,0,0,0,1,1,6.67889E+20,5.78726E+21,1.14573E+16,5.22101E+16
119532,15,0,84,550,2018,11,15,2,2,3,6,0,0,1,0,1,0,0,0,7.10338E+20,5.67326E+21,1.2009E+16,5.1172E+16
119533,15,0,87,370,2018,10,14,3,3,0,6,0,0,1,0,0,1,0,0,6.60191E+20,5.70257E+21,1.13055E+16,5.14517E+16
119534,15,0,83,298,2018,11,6,5,3,5,3,1,0,1,0,0,0,0,0,6.6756E+20,5.78212E+21,1.14499E+16,5.21641E+16
119535,15,0,83,40,2018,10,8,2,3,5,2,0,0,1,0,0,0,1,0,6.77422E+20,5.78568E+21,1.15958E+16,5.2193E+16
119536,15,0,82,440,2018,12,7,4,3,5,3,2,0,1,0,0,0,0,1,7.17318E+20,5.72477E+21,1.21402E+16,5.16319E+16
119537,15,0,89,42,2018,10,9,4,2,8,6,0,0,1,0,0,1,0,0,6.81575E+20,5.76686E+21,1.16465E+16,5.20226E+16
119538,1,0,60,44,2018,1,21,2,3,1,5,2,0,1,0,0,0,0,0,5.62334E+20,5.9652E+21,9.94713E+15,5.38316E+16
119539,15,0,83,230,2018,11,16,3,2,1,6,2,0,1,0,0,0,0,1,6.53779E+20,5.79724E+21,1.12555E+16,5.2304E+16
119540,15,0,88,319,2018,9,9,3,3,5,6,0,1,1,0,0,0,0,0,6.96133E+20,5.70708E+21,1.18247E+16,5.14808E+16
119541,15,0,86,5,2018,12,10,2,3,2,6,0,0,1,0,0,0,0,1,6.87294E+20,5.7813E+21,1.17377E+16,5.21503E+16
119542,15,0,88,205,2018,11,16,5,2,9,1,0,0,1,0,0,0,0,0,7.07454E+20,5.68554E+21,1.19749E+16,5.12834E+16
119543,1,0,2,0,2018,1,17,3,3,1,5,2,0,1,0,0,0,1,1,5.75806E+20,6.0315E+21,1.01684E+16,5.44256E+16
119544,15,0,88,65,2018,9,13,3,3,9,1,0,0,1,0,0,0,0,0,7.03935E+20,5.68783E+21,1.19258E+16,5.13052E+16
119545,15,0,82,440,2018,10,13,6,3,2,6,0,0,1,0,0,0,0,0,7.208E+20,5.72339E+21,1.21896E+16,5.16181E+16
119546,15,0,88,25,2018,12,15,6,2,2,6,0,0,1,0,0,0,1,0,6.93245E+20,5.69817E+21,1.17783E+16,5.14018E+16
119547,15,0,2,0,2018,10,17,7,3,9,7,1,0,1,0,0,0,0,0,7.04692E+20,5.71222E+21,1.19508E+16,5.1524E+16
119548,15,0,88,195,2018,9,14,3,3,0,6,0,0,1,0,1,0,0,0,7.08129E+20,5.71592E+21,1.20024E+16,5.15559E+16
119549,15,0,83,270,2018,12,15,4,2,5,3,0,0,1,0,0,0,0,1,6.61514E+20,5.7972E+21,1.13688E+16,5.23014E+16
119550,1,0,54,56,2018,1,9,5,3,5,3,0,1,1,0,0,0,0,0,5.03479E+20,6.03753E+21,9.0537E+15,5.44854E+16
119551,15,0,84,135,2018,9,15,1,2,4,2,0,0,1,0,1,0,0,0,6.93456E+20,5.67639E+21,1.17695E+16,5.12061E+16
119552,15,0,83,298,2018,11,7,6,2,1,6,0,0,0,0,0,1,0,0,6.6443E+20,5.78463E+21,1.14054E+16,5.21876E+16
119553,15,0,90,225,2018,11,15,6,3,2,6,0,0,1,0,0,0,0,1,7.10704E+20,5.85902E+21,1.21285E+16,5.28396E+16
119554,15,0,88,195,2018,11,4,3,2,2,6,2,0,1,0,1,0,0,0,7.12115E+20,5.71098E+21,1.20568E+16,5.15101E+16
119555,15,0,83,415,2018,12,10,5,3,5,3,0,1,1,0,0,0,0,0,6.47128E+20,5.77087E+21,1.11466E+16,5.20688E+16
119556,15,0,88,25,2018,10,16,1,2,9,1,0,0,1,0,0,0,0,1,7.02702E+20,5.69507E+21,1.19123E+16,5.13707E+16
119557,15,0,86,15,2018,11,15,5,3,2,7,0,0,1,0,0,0,0,0,6.91986E+20,5.78997E+21,1.18111E+16,5.22266E+16
119558,15,0,84,360,2018,10,20,3,3,1,5,2,0,1,0,0,0,0,0,6.77265E+20,5.68276E+21,1.15411E+16,5.12686E+16
119559,15,0,90,70,2018,11,6,2,3,7,7,2,0,1,0,0,0,0,0,6.67114E+20,5.83688E+21,1.14708E+16,5.26561E+16
119560,15,0,87,15,2018,9,17,3,2,5,2,0,0,1,0,0,0,1,0,6.6345E+20,5.69928E+21,1.13509E+16,5.14211E+16
119561,15,0,82,340,2018,12,6,6,3,9,1,2,0,1,0,0,0,0,1,7.20876E+20,5.71653E+21,1.21864E+16,5.15565E+16
119562,15,0,84,207,2018,9,15,1,1,4,6,0,0,1,0,1,0,0,0,7.20017E+20,5.65189E+21,1.21343E+16,5.09765E+16
119563,15,0,91,10,2018,11,14,3,2,8,1,0,0,1,0,0,0,0,1,7.78287E+20,5.74217E+21,1.3033E+16,5.17611E+16
119564,15,0,85,228,2018,10,10,4,3,4,6,0,0,1,0,0,1,0,0,6.30101E+20,5.7367E+21,1.08854E+16,5.1766E+16
119565,15,0,1,0,2018,11,16,6,3,5,3,0,1,1,0,0,0,0,0,7.22857E+20,5.75338E+21,1.22385E+16,5.18866E+16
119566,15,0,90,550,2018,10,16,3,3,5,3,0,0,1,0,0,0,0,0,7.01045E+20,5.82549E+21,1.19648E+16,5.25423E+16
119567,15,0,84,355,2018,12,14,6,3,2,6,0,0,1,0,0,0,0,1,6.97016E+20,5.67033E+21,1.18171E+16,5.11505E+16
119568,15,0,89,30,2018,10,16,5,3,5,3,0,1,1,0,0,0,0,0,6.89516E+20,5.73994E+21,1.17473E+16,5.17782E+16
119569,1,0,54,56,2018,1,7,5,3,0,1,2,1,0,0,0,0,0,2,5.0417E+20,6.03697E+21,9.06437E+15,5.44803E+16
119570,15,0,82,15,2018,11,19,6,3,5,3,2,0,1,0,0,0,0,1,7.28963E+20,5.72313E+21,1.23071E+16,5.16125E+16
119571,15,0,85,135,2018,11,15,4,3,2,6,0,0,1,0,0,0,0,0,6.42037E+20,5.75075E+21,1.1064E+16,5.18894E+16
119572,15,0,91,375,2018,12,22,5,2,0,7,2,1,0,0,0,0,0,0,7.51426E+20,5.75152E+21,1.26514E+16,5.18577E+16
119573,15,0,89,5,2018,10,21,2,3,8,1,2,0,1,0,0,0,0,1,6.83214E+20,5.73003E+21,1.16508E+16,5.16913E+16
119574,15,0,83,40,2018,11,15,6,3,5,3,0,0,1,0,0,0,0,1,6.73767E+20,5.78808E+21,1.15436E+16,5.22157E+16
119575,15,0,85,370,2018,10,18,4,3,1,6,0,0,1,0,0,0,0,0,6.25199E+20,5.74588E+21,1.08177E+16,5.18496E+16
119576,15,0,88,220,2018,11,16,2,3,0,6,1,0,1,0,0,1,0,0,7.08376E+20,5.69305E+21,1.19925E+16,5.13505E+16
119577,15,0,87,386,2018,9,16,3,3,8,1,0,0,0,0,1,0,0,0,6.80836E+20,5.70395E+21,1.1603E+16,5.14578E+16
119578,15,0,81,280,2018,12,2,7,2,8,1,2,0,1,0,0,0,0,1,6.40264E+20,5.82263E+21,1.1068E+16,5.25357E+16
119579,15,0,88,25,2018,11,9,3,3,5,3,0,0,1,0,0,1,0,1,7.01899E+20,5.69783E+21,1.19023E+16,5.13958E+16
119580,15,0,82,180,2018,10,18,4,3,5,3,2,0,1,0,0,0,0,0,7.03452E+20,5.73609E+21,1.19468E+16,5.17388E+16
119581,1,0,60,63,2018,1,13,7,3,0,7,0,1,0,0,0,0,0,0,5.65075E+20,5.94942E+21,9.98546E+15,5.36894E+16
119582,15,0,88,305,2018,11,11,6,3,5,3,0,0,1,0,0,0,0,0,6.81664E+20,5.69394E+21,1.16098E+16,5.13676E+16
119583,15,0,2,0,2018,10,23,3,2,6,4,2,0,1,1,0,0,0,0,7.06921E+20,5.70921E+21,1.19811E+16,5.14961E+16
119584,15,0,83,298,2018,12,15,7,3,9,1,0,0,0,0,0,0,1,1,6.70775E+20,5.78395E+21,1.14978E+16,5.21796E+16
119585,15,0,88,150,2018,10,5,5,3,8,1,2,0,1,0,0,0,0,1,7.138E+20,5.7032E+21,1.20764E+16,5.14396E+16
119586,1,0,4,0,2018,1,10,5,3,3,6,0,1,0,0,0,0,1,0,5.64198E+20,5.99202E+21,9.9811E+15,5.40723E+16
119587,15,0,84,355,2018,10,6,1,2,9,1,2,0,1,0,0,0,0,0,6.96259E+20,5.67415E+21,1.18083E+16,5.11851E+16
119588,15,0,91,145,2018,11,16,5,2,6,2,2,0,1,1,0,0,0,0,7.8383E+20,5.74446E+21,1.3115E+16,5.17789E+16
119589,15,0,2,0,2018,9,18,3,3,2,6,0,0,1,0,0,0,1,0,7.07476E+20,5.70731E+21,1.19879E+16,5.14788E+16
119590,15,0,85,55,2018,12,7,4,2,5,3,2,0,1,0,0,0,0,0,6.34442E+20,5.74049E+21,1.09497E+16,5.17991E+16
119591,15,0,83,490,2018,11,8,2,3,8,1,0,0,1,0,0,0,0,0,6.74091E+20,5.77E+21,1.15391E+16,5.20533E+16
119592,15,0,82,241,2018,10,16,4,2,7,7,0,0,0,0,1,0,0,0,7.4032E+20,5.72451E+21,1.24718E+16,5.16203E+16
119593,15,0,88,216,2018,10,19,7,3,2,6,1,0,1,0,0,0,0,0,6.97867E+20,5.72395E+21,1.18591E+16,5.16317E+16
119594,15,0,88,205,2018,12,16,3,3,1,6,2,0,1,0,0,0,0,0,7.21598E+20,5.69319E+21,1.21822E+16,5.13467E+16
119595,15,0,1,0,2018,10,14,3,3,5,3,0,0,1,0,0,1,0,1,7.18701E+20,5.75652E+21,1.21802E+16,5.19164E+16
119596,15,0,91,391,2018,9,13,3,2,9,1,0,0,0,0,1,0,0,0,7.59463E+20,5.7507E+21,1.27673E+16,5.18467E+16
119597,1,0,62,60,2018,1,14,2,2,6,4,0,0,1,1,0,0,0,0,5.82162E+20,5.9335E+21,1.02399E+16,5.3544E+16
119598,15,0,3,0,2018,11,19,2,2,9,7,2,0,0,0,0,0,1,1,6.80374E+20,5.7798E+21,1.16358E+16,5.21393E+16
119599,15,0,1,0,2018,9,16,3,2,5,2,0,1,0,0,0,1,0,0,7.23226E+20,5.74916E+21,1.22411E+16,5.18485E+16
119600,15,0,88,330,2018,12,14,1,3,8,1,0,0,1,0,0,0,0,1,7.17883E+20,5.69772E+21,1.21317E+16,5.13889E+16
119601,15,0,82,180,2018,11,8,5,3,4,6,0,0,1,0,0,1,0,0,6.99829E+20,5.73498E+21,1.18937E+16,5.17301E+16
119602,15,0,88,205,2018,12,14,2,2,8,1,0,0,1,0,0,0,0,1,7.19004E+20,5.69333E+21,1.21451E+16,5.1349E+16
119603,15,0,82,241,2018,9,17,3,3,2,6,0,0,1,0,0,0,1,0,7.37621E+20,5.72465E+21,1.2433E+16,5.16226E+16
119604,15,0,90,631,2018,10,11,6,2,8,1,0,0,1,0,0,0,0,0,7.12241E+20,5.82855E+21,1.21316E+16,5.25655E+16
119605,15,0,84,490,2018,12,10,6,2,8,1,0,0,1,0,0,0,1,0,7.14758E+20,5.6679E+21,1.20689E+16,5.11222E+16
119606,15,0,82,430,2018,10,13,7,3,1,6,0,0,1,0,1,0,0,0,7.13022E+20,5.76159E+21,1.21009E+16,5.19641E+16
119607,15,0,82,180,2018,9,9,3,2,1,6,0,0,1,0,0,0,0,0,7.07031E+20,5.73651E+21,1.19988E+16,5.17412E+16
119608,15,0,91,375,2018,12,7,3,2,6,4,1,0,0,1,0,1,0,1,7.50169E+20,5.75246E+21,1.26339E+16,5.18667E+16
119609,1,0,56,41,2018,1,20,3,3,0,1,2,1,0,0,0,0,0,1,5.59259E+20,5.95397E+21,9.89827E+15,5.3731E+16
119610,15,0,84,550,2018,11,6,5,3,5,2,0,0,1,0,0,0,0,0,7.07643E+20,5.68163E+21,1.19753E+16,5.12482E+16