OBJECTID_1,ULAND,UREGBEZ,UKREIS,UGEMEINDE,UJAHR,UMONAT,USTUNDE,UWOCHENTAG,UKATEGORIE,UART,UTYP1,ULICHTVERH,IstRad,IstPKW,IstFuss,IstKrad,IstGkfz,IstSonstig,STRZUSTAND,LINREFX,LINREFY,XGCSWGS84,YGCSWGS84
119794,1,0,60,5,2018,2,14,1,3,4,6,0,0,1,0,0,0,0,1,5.85319E+20,5.97876E+21,1.03001E+16,5.39502E+16
119795,1,0,58,63,2018,2,7,4,3,8,6,1,0,1,0,1,0,0,2,5.66153E+20,6.00719E+21,1.00143E+16,5.42085E+16
119796,1,0,55,42,2018,2,12,1,3,1,7,0,0,1,0,0,0,0,1,6.16913E+20,5.98473E+21,1.07836E+16,5.39976E+16
119797,1,0,57,24,2018,2,5,1,3,8,1,2,0,1,0,0,0,0,2,5.7235E+20,5.9981E+21,1.01071E+16,5.4126E+16
119798,1,0,57,62,2018,2,16,7,3,5,3,1,1,1,0,0,0,0,2,5.83266E+20,6.00953E+21,1.02773E+16,5.4227E+16
119799,1,0,57,74,2018,2,19,7,3,4,1,2,0,1,0,0,0,0,2,5.79017E+20,6.02149E+21,1.02153E+16,5.43351E+16
119800,1,0,54,56,2018,2,12,7,3,1,7,0,0,1,0,0,0,1,1,5.02994E+20,6.03743E+21,9.04622E+15,5.44845E+16
119801,1,0,57,9,2018,2,21,7,3,8,1,2,0,1,0,0,0,0,0,5.97599E+20,5.99898E+21,1.04936E+16,5.41297E+16
119802,1,0,51,44,2018,2,11,6,3,5,2,0,1,1,0,0,0,0,1,5.06427E+20,6.00452E+21,9.0985E+15,5.41887E+16
119803,1,0,61,46,2018,2,6,6,3,5,3,1,0,1,0,0,0,0,1,5.3306E+20,5.97622E+21,9.50356E+15,5.39333E+16
119804,1,0,54,106,2018,2,16,2,3,6,7,0,0,1,1,0,0,0,0,5.08207E+20,6.03214E+21,9.12653E+15,5.44369E+16
119805,1,0,60,39,2018,2,9,6,3,6,7,0,0,0,1,0,1,0,1,5.6492E+20,5.96195E+21,9.98574E+15,5.38021E+16
119806,1,0,60,63,2018,2,6,3,3,2,6,1,0,1,0,0,0,0,1,5.64249E+20,5.94874E+21,9.9728E+15,5.36834E+16
119807,1,0,53,81,2018,2,3,6,2,9,1,2,0,1,0,0,0,0,1,6.10102E+20,5.94765E+21,1.06664E+16,5.3666E+16
119808,1,0,3,0,2018,2,9,6,3,0,4,0,1,0,1,0,0,0,0,6.19495E+20,5.97654E+21,1.08197E+16,5.39234E+16
119809,1,0,4,0,2018,2,16,6,3,5,3,0,0,1,0,0,0,0,0,5.64271E+20,5.9926E+21,9.98235E+15,5.40776E+16
119810,1,0,61,46,2018,2,13,5,3,2,6,0,0,1,0,0,0,0,0,5.32441E+20,5.97781E+21,9.49428E+15,5.39476E+16
119811,1,0,4,0,2018,2,8,6,3,2,6,0,0,1,0,0,0,0,1,5.63931E+20,5.99054E+21,9.97671E+15,5.40591E+16
119812,1,0,51,44,2018,2,12,5,3,5,2,0,0,1,0,0,0,0,1,5.08111E+20,6.0054E+21,9.12432E+15,5.41966E+16
119813,1,0,51,72,2018,2,19,2,3,5,3,2,0,1,0,0,0,0,1,5.00812E+20,5.97817E+21,9.01237E+15,5.39519E+16
119814,1,0,55,12,2018,2,8,5,3,5,3,0,1,1,0,0,0,0,0,6.03994E+20,5.99997E+21,1.05918E+16,5.41373E+16
119815,1,0,3,0,2018,2,7,3,3,2,6,0,0,1,0,0,0,0,2,6.11235E+20,5.966E+21,1.06902E+16,5.38306E+16
119816,1,0,3,0,2018,2,6,5,3,0,1,2,1,0,0,0,0,0,2,6.05619E+20,5.96907E+21,1.06059E+16,5.38594E+16
119817,1,0,55,16,2018,2,17,5,3,6,2,2,0,1,1,0,0,0,0,6.27741E+20,6.00215E+21,1.0956E+16,5.41515E+16
119818,1,0,2,0,2018,2,13,5,3,0,7,0,1,0,0,0,0,0,0,5.73659E+20,6.02155E+21,1.01329E+16,5.43365E+16
119819,1,0,56,15,2018,2,7,4,2,6,7,0,0,1,1,0,0,0,0,5.42625E+20,5.95474E+21,9.64625E+15,5.37395E+16
119820,1,0,62,18,2018,2,8,6,3,5,3,0,0,1,0,0,0,0,0,5.81354E+20,5.93261E+21,1.02275E+16,5.35361E+16
119821,1,0,60,63,2018,1,19,4,3,5,7,2,1,1,0,0,0,0,1,5.65818E+20,5.9513E+21,9.9971E+15,5.37063E+16
119822,1,0,58,9,2018,2,16,5,3,8,7,0,0,0,0,1,0,0,1,5.49272E+20,5.99194E+21,9.753E+15,5.40733E+16
119823,1,0,56,48,2018,1,17,4,3,5,3,2,0,1,0,1,0,0,1,5.47182E+20,5.95073E+21,9.71472E+15,5.37032E+16
119824,1,0,56,50,2018,2,18,2,3,0,7,2,1,1,0,0,0,0,2,5.46627E+20,5.93661E+21,9.70419E+15,5.35763E+16
119825,1,0,55,32,2018,1,8,4,3,3,7,0,0,1,0,0,0,0,1,6.191E+20,5.99741E+21,1.08219E+16,5.4111E+16
119826,1,0,56,15,2018,2,16,6,3,5,3,0,1,1,0,0,0,0,0,5.4411E+20,5.95668E+21,9.66905E+15,5.37569E+16
119827,1,0,3,0,2018,2,17,6,3,5,2,1,1,1,0,0,0,0,0,6.11656E+20,5.97054E+21,1.06982E+16,5.38713E+16
119828,1,0,3,0,2018,1,19,4,3,6,7,2,0,1,1,0,0,0,1,6.12388E+20,5.97278E+21,1.07102E+16,5.38913E+16
119829,1,0,60,63,2018,2,18,3,3,5,2,2,1,1,0,0,0,0,0,5.64986E+20,5.94939E+21,9.98411E+15,5.36892E+16
119830,1,0,3,0,2018,1,13,4,3,6,2,0,0,1,1,0,0,0,1,6.22743E+20,5.98051E+21,1.08708E+16,5.39584E+16
119831,1,0,62,4,2018,2,18,4,3,0,7,2,1,0,0,0,0,0,0,5.8926E+20,5.96244E+21,1.03554E+16,5.38029E+16
119832,1,0,55,40,2018,2,11,7,3,5,3,0,0,1,0,0,0,0,0,6.05165E+20,5.97527E+21,1.06012E+16,5.39152E+16
119833,1,0,4,0,2018,1,17,4,2,5,3,1,1,0,0,0,1,0,1,5.64532E+20,5.98928E+21,9.98562E+15,5.40477E+16
119834,1,0,55,40,2018,2,13,4,3,6,4,0,0,1,1,0,0,0,0,6.08357E+20,5.97258E+21,1.06488E+16,5.38904E+16
119835,1,0,1,0,2018,1,7,4,3,1,5,2,0,0,1,0,0,1,1,5.28916E+20,6.07121E+21,9.44966E+15,5.47873E+16
119836,1,0,56,41,2018,2,15,4,3,1,5,0,0,1,0,0,0,0,1,5.62663E+20,5.95506E+21,9.95007E+15,5.37404E+16
119837,1,0,60,92,2018,1,10,3,3,6,4,0,0,1,1,0,0,0,1,5.79305E+20,5.97881E+21,1.02085E+16,5.39516E+16
119838,1,0,60,63,2018,1,15,3,3,5,3,0,0,1,0,0,0,0,0,5.65143E+20,5.95474E+21,9.9876E+15,5.37372E+16
119839,1,0,57,9,2018,2,15,2,3,4,6,0,0,1,0,0,0,0,0,5.98264E+20,5.99918E+21,1.05039E+16,5.41314E+16
119840,1,0,53,32,2018,1,17,3,3,5,3,2,0,1,0,1,0,0,0,5.91226E+20,5.92159E+21,1.03732E+16,5.34355E+16
119841,1,0,60,44,2018,2,8,6,3,2,6,0,0,1,0,0,0,0,1,5.62825E+20,5.96501E+21,9.95456E+15,5.38298E+16
119842,1,0,57,91,2018,1,15,3,3,5,3,0,0,1,0,0,0,0,0,5.80437E+20,6.01617E+21,1.02357E+16,5.42871E+16
119843,1,0,3,0,2018,2,10,2,3,5,3,0,0,1,0,0,0,0,0,6.11972E+20,5.97181E+21,1.07035E+16,5.38827E+16
119844,1,0,57,71,2018,1,11,3,2,4,6,0,0,1,0,0,0,0,1,5.72745E+20,5.99388E+21,1.01121E+16,5.4088E+16
119845,1,0,57,48,2018,2,11,4,2,6,4,0,0,1,1,0,0,0,1,6.03876E+20,6.01771E+21,1.05961E+16,5.42967E+16
119846,1,0,2,0,2018,1,16,3,3,5,3,0,0,1,0,0,0,0,0,5.73844E+20,6.01527E+21,1.01342E+16,5.42801E+16
119847,1,0,54,88,2018,1,13,3,3,3,6,0,1,1,0,0,0,0,0,4.88414E+20,6.07081E+21,8.81984E+15,5.47844E+16
119848,1,0,51,130,2018,1,10,2,3,5,3,0,1,1,0,0,0,0,1,5.05767E+20,6.0066E+21,9.08842E+15,5.42074E+16
119849,1,0,60,39,2018,1,16,2,3,2,6,0,0,1,0,0,0,0,1,5.6554E+20,5.95812E+21,9.99433E+15,5.37675E+16
119850,1,0,60,63,2018,1,12,2,2,5,2,0,0,1,0,1,0,0,1,5.67157E+20,5.95324E+21,1.00178E+16,5.37235E+16
119851,1,0,60,92,2018,1,18,2,3,6,3,2,0,1,1,0,0,0,1,5.79685E+20,5.97892E+21,1.02143E+16,5.39525E+16
119852,1,0,56,15,2018,1,14,2,3,5,3,0,0,1,0,1,0,0,1,5.45767E+20,5.95499E+21,9.69391E+15,5.37415E+16
119853,1,0,60,63,2018,1,12,2,3,2,6,0,0,1,0,0,0,0,1,5.65739E+20,5.94969E+21,9.99556E+15,5.36918E+16
119854,1,0,59,113,2018,2,8,2,3,5,3,0,0,1,0,0,0,0,1,5.3588E+20,6.07664E+21,9.55862E+15,5.48356E+16
119855,1,0,2,0,2018,1,16,2,3,6,7,0,1,0,1,0,0,0,1,5.7363E+20,6.02143E+21,1.01324E+16,5.43354E+16
119856,1,0,62,60,2018,2,7,3,3,0,6,1,1,1,0,0,0,0,0,5.82158E+20,5.93004E+21,1.0239E+16,5.35129E+16
119857,1,0,56,44,2018,1,18,1,3,1,6,2,0,1,0,0,0,0,1,5.56822E+20,5.93974E+21,9.85872E+15,5.36034E+16
119858,1,0,55,44,2018,1,3,1,3,0,1,2,1,0,0,0,0,0,0,6.14388E+20,5.98717E+21,1.0746E+16,5.40201E+16
119859,1,0,58,34,2018,2,21,6,3,5,3,2,0,1,0,0,0,0,0,5.44025E+20,6.01872E+21,9.67674E+15,5.43144E+16
119860,1,0,61,29,2018,2,14,6,2,6,4,0,0,1,1,0,0,0,0,5.27744E+20,5.96161E+21,9.42127E+15,5.38023E+16
119861,1,0,55,42,2018,1,9,1,3,6,7,0,0,0,1,0,0,1,1,6.15867E+20,5.98186E+21,1.07665E+16,5.3972E+16
119862,1,0,61,49,2018,1,9,7,3,5,3,0,0,1,0,1,0,0,1,5.47338E+20,5.97929E+21,9.72148E+15,5.39598E+16
119863,1,0,58,135,2018,2,7,6,3,6,4,0,0,1,1,0,0,0,1,5.44079E+20,6.01756E+21,9.6774E+15,5.43041E+16
119864,1,0,56,39,2018,1,12,7,3,5,2,0,1,1,0,0,0,0,0,5.52397E+20,5.94622E+21,9.79295E+15,5.36621E+16
119865,1,0,62,4,2018,2,11,6,3,2,6,0,0,1,0,0,0,1,1,5.90736E+20,5.96287E+21,1.03779E+16,5.38064E+16
119866,1,0,55,42,2018,1,17,7,3,6,7,2,0,1,1,0,0,0,0,6.1913E+20,5.98429E+21,1.08172E+16,5.39932E+16
119867,1,0,59,75,2018,2,20,3,3,8,1,2,0,1,0,0,0,0,2,5.36323E+20,6.04161E+21,9.56116E+15,5.45208E+16
119868,1,0,55,46,2018,1,21,7,3,6,6,2,0,1,1,0,0,0,1,6.34228E+20,6.03907E+21,1.10719E+16,5.44815E+16
119869,1,0,58,43,2018,1,12,7,3,5,3,0,0,1,0,0,0,0,0,5.54041E+20,6.03394E+21,9.83346E+15,5.44502E+16
119870,1,0,2,0,2018,2,19,6,3,4,1,2,0,1,0,0,0,0,2,5.77062E+20,6.02075E+21,1.0185E+16,5.43288E+16
119871,1,0,57,91,2018,1,15,7,3,4,6,0,0,1,0,0,0,0,0,5.80769E+20,6.01564E+21,1.02406E+16,5.42823E+16
119872,1,0,56,35,2018,2,7,4,2,5,3,0,0,1,0,0,0,0,1,5.50843E+20,5.96437E+21,9.77242E+15,5.38254E+16
119873,1,0,58,92,2018,2,7,6,3,1,5,0,0,1,0,0,0,0,0,5.69432E+20,6.02167E+21,1.00679E+16,5.43381E+16
119874,1,0,59,182,2018,1,3,7,3,9,1,2,0,1,0,0,0,0,0,5.31E+20,6.06542E+21,9.48145E+15,5.47351E+16
119875,1,0,56,43,2018,2,9,4,3,6,4,0,0,1,1,0,0,0,0,5.55406E+20,5.94577E+21,9.83841E+15,5.36577E+16
119876,1,0,56,15,2018,1,19,6,3,2,6,2,0,1,0,0,0,0,0,5.44147E+20,5.95625E+21,9.66954E+15,5.3753E+16
119877,1,0,53,32,2018,1,11,6,3,6,4,0,0,1,1,0,0,0,0,5.9202E+20,5.92221E+21,1.03854E+16,5.34409E+16
119878,1,0,62,1,2018,2,19,2,3,2,6,2,0,1,0,0,0,0,2,5.80397E+20,5.94412E+21,1.02161E+16,5.36397E+16
119879,1,0,54,56,2018,2,10,6,3,5,3,0,0,1,0,0,0,0,0,5.05054E+20,6.03779E+21,9.07802E+15,5.44877E+16
119880,1,0,4,0,2018,1,13,6,2,6,4,0,0,1,1,0,0,0,0,5.64019E+20,5.99232E+21,9.97843E+15,5.40751E+16
119881,1,0,58,34,2018,1,13,6,3,5,3,0,1,1,0,0,0,0,0,5.43309E+20,6.01855E+21,9.66571E+15,5.4313E+16
119882,1,0,60,63,2018,2,10,2,3,5,3,0,0,1,0,0,0,1,2,5.65302E+20,5.9462E+21,9.98821E+15,5.36605E+16
119883,1,0,2,0,2018,1,18,6,3,5,3,2,1,1,0,0,0,0,0,5.72596E+20,6.01811E+21,1.01157E+16,5.43057E+16
119884,1,0,54,56,2018,2,15,6,3,0,7,0,1,0,0,0,0,0,0,5.00462E+20,6.04058E+21,9.00714E+15,5.45128E+16
119885,1,0,57,91,2018,1,11,6,3,5,3,0,0,1,0,0,0,0,1,5.79294E+20,6.01599E+21,1.02181E+16,5.42856E+16
119886,1,0,4,0,2018,2,6,4,3,1,5,2,0,1,0,0,0,0,1,5.6493E+20,5.99672E+21,9.99329E+15,5.41145E+16
119887,1,0,60,63,2018,1,12,5,3,5,3,0,1,1,0,0,0,0,0,5.65439E+20,5.95142E+21,9.99139E+15,5.37073E+16
119888,1,0,53,90,2018,2,8,4,3,2,6,0,0,1,0,0,0,0,2,6.1213E+20,5.94147E+21,1.06949E+16,5.36101E+16
119889,1,0,56,32,2018,1,13,5,3,9,1,0,1,0,0,0,0,0,1,5.52082E+20,5.94928E+21,9.7887E+15,5.36897E+16
119890,1,0,60,63,2018,1,6,5,2,4,6,2,0,1,0,0,0,0,1,5.64394E+20,5.9528E+21,9.97585E+15,5.37199E+16
119891,1,0,61,46,2018,2,21,1,3,8,7,2,0,1,0,0,0,0,1,5.33265E+20,5.97555E+21,9.5066E+15,5.39272E+16
119892,1,0,51,97,2018,2,18,5,3,6,3,2,0,1,1,0,0,0,0,5.07474E+20,5.98225E+21,9.11398E+15,5.39886E+16
119893,1,0,55,40,2018,1,14,5,1,5,3,0,1,0,0,0,1,0,0,6.0816E+20,5.97349E+21,1.06461E+16,5.38985E+16
119894,1,0,60,39,2018,2,8,5,3,5,3,0,0,1,0,0,0,0,0,5.63685E+20,5.96265E+21,9.96714E+15,5.38085E+16
119895,1,0,3,0,2018,1,15,5,3,5,3,0,1,1,0,0,0,0,0,6.13211E+20,5.96995E+21,1.07216E+16,5.38657E+16
119896,1,0,54,88,2018,2,19,2,2,6,2,2,0,1,1,0,0,0,0,4.88811E+20,6.07104E+21,8.82601E+15,5.47864E+16
119897,1,0,58,135,2018,1,14,5,3,2,6,0,1,0,0,1,0,0,0,5.43145E+20,6.01799E+21,9.66312E+15,5.4308E+16
119898,1,0,57,91,2018,2,11,3,3,5,3,0,1,1,0,0,0,0,0,5.81097E+20,6.01526E+21,1.02456E+16,5.42788E+16
119899,1,0,4,0,2018,1,13,5,3,0,2,0,1,0,0,0,0,1,0,5.65486E+20,5.99417E+21,1.00012E+16,5.40916E+16
119900,1,0,3,0,2018,2,10,4,3,6,2,0,0,1,1,0,0,0,0,6.10257E+20,5.97368E+21,1.06781E+16,5.38998E+16
119901,1,0,58,3,2018,1,14,5,3,8,7,0,0,1,0,0,0,0,0,5.42324E+20,6.02375E+21,9.65131E+15,5.43598E+16
119902,1,0,2,0,2018,1,15,5,3,2,6,0,0,1,0,0,0,0,0,5.73999E+20,6.01858E+21,1.01374E+16,5.43098E+16
119903,1,0,2,0,2018,1,18,5,3,6,4,2,0,1,1,0,0,0,0,5.73173E+20,6.02179E+21,1.01255E+16,5.43387E+16
119904,1,0,56,43,2018,2,12,5,2,6,2,0,0,1,1,0,0,0,0,5.57542E+20,5.94139E+21,9.8699E+15,5.36181E+16
119905,1,0,59,75,2018,1,15,5,3,6,4,0,0,1,1,0,0,0,0,5.36345E+20,6.04103E+21,9.56143E+15,5.45155E+16
119906,1,0,62,82,2018,1,14,4,3,5,3,0,1,1,0,0,0,0,0,5.93925E+20,5.94061E+21,1.04196E+16,5.36059E+16
119907,1,0,58,135,2018,2,18,7,3,2,6,2,0,1,0,0,0,0,0,5.43807E+20,6.01667E+21,9.6731E+15,5.42961E+16
119908,1,0,55,32,2018,1,16,4,3,5,2,1,1,1,0,0,0,0,1,6.17258E+20,5.99604E+21,1.07932E+16,5.40992E+16
119909,1,0,3,0,2018,2,9,3,3,0,1,0,1,0,0,0,0,0,2,6.11509E+20,5.97138E+21,1.06963E+16,5.38789E+16
119910,1,0,58,53,2018,1,18,4,3,6,4,2,0,1,1,0,0,0,1,5.70051E+20,6.01056E+21,1.00748E+16,5.42382E+16
119911,1,0,54,168,2018,1,18,4,3,5,3,2,1,1,0,0,0,0,1,4.56945E+20,6.08409E+21,8.32857E+15,5.4902E+16
119912,1,0,60,63,2018,1,5,3,3,9,7,2,0,1,0,0,0,0,1,5.65746E+20,5.94966E+21,9.99567E+15,5.36915E+16
119913,1,0,51,11,2018,2,15,3,3,5,2,0,1,1,0,0,0,0,0,5.07823E+20,5.97202E+21,9.11905E+15,5.38965E+16
119914,1,0,60,63,2018,1,10,3,2,6,7,0,0,1,1,0,0,0,1,5.65247E+20,5.95138E+21,9.98848E+15,5.3707E+16
119915,1,0,56,15,2018,1,12,3,3,2,6,0,0,1,0,0,0,0,1,5.43801E+20,5.95656E+21,9.66433E+15,5.37558E+16
119916,1,0,60,44,2018,2,7,5,3,5,2,1,0,1,0,0,0,0,0,5.6428E+20,5.96506E+21,9.97667E+15,5.38301E+16
119917,1,0,56,39,2018,1,18,3,3,9,1,2,0,1,0,0,0,0,1,5.54081E+20,5.94457E+21,9.81815E+15,5.36471E+16
119918,1,0,56,49,2018,1,17,3,3,6,4,2,0,1,1,0,0,0,0,5.44515E+20,5.94908E+21,9.67409E+15,5.36885E+16
119919,1,0,3,0,2018,2,7,6,3,0,1,0,1,0,0,0,0,0,2,6.13608E+20,5.97009E+21,1.07277E+16,5.38668E+16
119920,1,0,62,6,2018,1,19,3,3,2,7,2,0,1,0,0,0,0,1,5.83262E+20,5.95416E+21,1.02621E+16,5.37295E+16
119921,1,0,61,17,2018,2,1,2,3,8,1,2,0,1,0,0,0,0,2,5.37389E+20,5.97332E+21,9.56912E+15,5.3907E+16
119922,1,0,62,18,2018,1,11,3,3,0,7,0,0,0,0,1,0,0,1,5.798E+20,5.93358E+21,1.02043E+16,5.35451E+16
119923,1,0,62,1,2018,2,19,5,3,1,5,2,0,1,0,0,0,0,0,5.7981E+20,5.94754E+21,1.02081E+16,5.36705E+16
119924,1,0,62,1,2018,1,7,3,2,6,7,2,0,1,1,0,0,0,1,5.82254E+20,5.94658E+21,1.02448E+16,5.36615E+16
119925,1,0,62,18,2018,2,14,4,3,5,3,0,1,1,0,0,0,0,0,5.80848E+20,5.93245E+21,1.02199E+16,5.35348E+16
119926,1,0,3,0,2018,2,8,5,2,6,2,0,0,1,1,0,0,0,0,6.1116E+20,5.96819E+21,1.06898E+16,5.38503E+16
119927,1,0,53,90,2018,1,7,3,3,5,3,2,1,1,0,0,0,0,1,6.1192E+20,5.94368E+21,1.06925E+16,5.36299E+16
119928,1,0,56,43,2018,1,17,2,3,2,6,2,0,1,0,0,0,0,1,5.56287E+20,5.94504E+21,9.8516E+15,5.36511E+16
119929,1,0,2,0,2018,2,13,6,3,6,7,0,0,1,1,0,0,0,0,5.7381E+20,6.01993E+21,1.01348E+16,5.43219E+16
119930,1,0,53,129,2018,1,18,2,3,5,3,2,0,1,0,0,0,0,1,5.83399E+20,5.92764E+21,1.0257E+16,5.34911E+16
119931,1,0,60,89,2018,2,9,2,3,9,1,0,0,1,0,0,0,0,2,5.8016E+20,5.98929E+21,1.02243E+16,5.40456E+16
119932,1,0,2,0,2018,2,7,5,3,5,2,1,1,1,0,0,0,0,0,5.72928E+20,6.02025E+21,1.01213E+16,5.43249E+16
119933,1,0,2,0,2018,1,13,2,3,6,6,0,1,0,1,0,0,0,0,5.73485E+20,6.02099E+21,1.01301E+16,5.43315E+16
119934,1,0,57,91,2018,2,18,5,3,5,3,2,1,1,0,0,0,0,0,5.79849E+20,6.01598E+21,1.02266E+16,5.42855E+16
119935,1,0,54,56,2018,2,16,7,3,5,3,0,0,1,0,0,0,0,0,5.0433E+20,6.03817E+21,9.06685E+15,5.44911E+16
119936,1,0,2,0,2018,1,15,1,3,5,3,0,0,1,0,0,0,0,1,5.75545E+20,6.01505E+21,1.01603E+16,5.42778E+16
119937,1,0,60,92,2018,2,15,3,3,5,3,0,1,0,0,0,1,0,0,5.78476E+20,5.97851E+21,1.01958E+16,5.3949E+16
119938,1,0,56,39,2018,1,12,7,3,0,6,0,0,1,0,1,0,0,1,5.5364E+20,5.94551E+21,9.81164E+15,5.36556E+16
119939,1,0,62,18,2018,2,12,4,3,0,7,0,1,0,0,0,0,0,0,5.79871E+20,5.93315E+21,1.02053E+16,5.35411E+16
119940,1,0,56,18,2018,1,0,7,3,0,1,2,1,0,0,0,0,0,2,5.574E+20,5.94066E+21,9.86762E+15,5.36116E+16
119941,1,0,56,49,2018,1,10,7,3,1,5,0,1,1,0,0,0,0,1,5.44488E+20,5.94821E+21,9.67356E+15,5.36807E+16
119942,1,0,51,74,2018,2,11,4,3,7,7,0,1,0,0,0,0,0,1,5.05299E+20,5.99343E+21,9.08102E+15,5.4089E+16
119943,1,0,53,100,2018,1,15,7,3,5,2,0,0,1,0,0,0,1,1,6.14998E+20,5.95212E+21,1.07422E+16,5.37051E+16
119944,1,0,60,63,2018,2,7,4,3,5,3,0,0,1,0,0,0,0,1,5.66781E+20,5.95117E+21,1.00117E+16,5.37049E+16
119945,1,0,54,131,2018,1,8,7,2,8,6,0,0,1,0,0,0,0,2,4.89993E+20,6.08124E+21,8.84403E+15,5.48781E+16
119946,1,0,56,39,2018,1,8,6,3,0,1,0,0,0,0,1,0,0,2,5.53348E+20,5.94575E+21,9.80726E+15,5.36578E+16
119947,1,0,58,57,2018,2,10,2,2,8,6,0,0,1,0,0,0,0,2,5.51444E+20,6.03993E+21,9.79445E+15,5.45044E+16
119948,1,0,51,4,2018,2,13,4,2,6,4,0,0,1,1,0,0,0,0,5.09739E+20,5.99434E+21,9.14892E+15,5.40971E+16
119949,1,0,3,0,2018,1,23,6,3,1,5,2,1,1,0,0,0,0,1,6.09523E+20,5.96963E+21,1.06655E+16,5.38636E+16
119950,1,0,60,5,2018,2,7,4,2,5,2,0,1,1,0,0,0,0,2,5.86291E+20,5.97692E+21,1.03144E+16,5.39335E+16
119951,1,0,2,0,2018,1,20,6,3,6,2,1,0,1,1,0,0,0,1,5.73532E+20,6.02571E+21,1.0132E+16,5.43739E+16
119952,1,0,60,63,2018,2,16,2,3,5,3,0,0,1,0,0,1,0,0,5.67198E+20,5.95367E+21,1.00185E+16,5.37274E+16
119953,1,0,54,168,2018,2,8,1,3,8,1,0,0,1,0,0,0,0,2,4.57021E+20,6.08445E+21,8.3297E+15,5.49052E+16
119954,1,0,57,37,2018,1,5,6,3,9,1,2,0,1,0,0,0,0,2,5.7393E+20,6.00914E+21,1.0134E+16,5.42249E+16
119955,1,0,2,0,2018,2,19,4,3,6,7,2,1,0,1,0,0,0,1,5.73119E+20,6.02036E+21,1.01243E+16,5.43259E+16
119956,1,0,54,168,2018,1,9,6,3,5,1,0,0,1,0,0,0,0,2,4.59393E+20,6.08305E+21,8.36689E+15,5.48929E+16
119957,1,0,1,0,2018,1,19,6,3,5,3,2,0,1,0,0,0,0,1,5.27297E+20,6.07249E+21,9.42461E+15,5.47988E+16
119958,1,0,56,44,2018,2,10,4,3,6,7,0,0,0,1,0,0,1,0,5.55645E+20,5.94029E+21,9.84103E+15,5.36084E+16
119959,1,0,1,0,2018,1,12,6,3,0,7,0,1,0,0,0,0,0,1,5.27484E+20,6.07286E+21,9.42755E+15,5.48021E+16
119960,1,0,53,116,2018,2,12,4,2,6,2,0,0,0,1,0,0,1,0,5.98384E+20,5.92909E+21,1.04833E+16,5.35016E+16
119961,1,0,61,46,2018,1,11,5,3,1,6,0,0,1,0,0,0,0,2,5.33118E+20,5.97734E+21,9.50455E+15,5.39434E+16
119962,1,0,56,39,2018,1,10,5,3,0,1,0,1,0,0,0,0,0,2,5.52273E+20,5.94517E+21,9.79089E+15,5.36527E+16
119963,1,0,62,1,2018,2,18,4,3,4,6,1,1,0,0,0,0,0,0,5.80693E+20,5.94852E+21,1.02217E+16,5.36791E+16
119964,1,0,60,39,2018,1,22,5,3,8,1,2,0,1,0,0,0,0,2,5.65166E+20,5.961E+21,9.98928E+15,5.37935E+16
119965,1,0,54,88,2018,2,15,2,3,0,7,0,1,0,0,0,0,0,0,4.89065E+20,6.07057E+21,8.82997E+15,5.47822E+16
119966,1,0,56,50,2018,1,8,5,3,6,4,1,0,1,1,0,0,0,2,5.47059E+20,5.93814E+21,9.71095E+15,5.359E+16
119967,1,0,62,1,2018,2,8,3,3,2,6,0,0,1,0,0,0,0,2,5.831E+20,5.9486E+21,1.02581E+16,5.36795E+16
119968,1,0,53,103,2018,1,10,5,3,4,1,0,0,1,0,0,1,0,2,6.06929E+20,5.95823E+21,1.06221E+16,5.37617E+16
119969,1,0,55,12,2018,1,15,5,3,2,6,0,0,1,0,0,0,1,2,6.05362E+20,5.99948E+21,1.06126E+16,5.41327E+16
119970,1,0,3,0,2018,2,16,4,3,5,3,0,1,1,0,0,0,0,0,6.0873E+20,5.96828E+21,1.06529E+16,5.38516E+16
119971,1,0,55,12,2018,1,15,5,3,2,6,0,0,1,0,0,0,0,2,6.04501E+20,6.00149E+21,1.06001E+16,5.41509E+16
119972,1,0,55,46,2018,1,7,5,3,6,7,2,0,1,1,0,0,0,0,6.42613E+20,6.03481E+21,1.11991E+16,5.44409E+16
119973,1,0,4,0,2018,2,9,6,3,5,3,0,0,1,0,0,0,1,0,5.61848E+20,5.99097E+21,9.94497E+15,5.40632E+16
119974,1,0,3,0,2018,1,7,5,3,5,3,1,0,1,0,0,1,0,1,6.1114E+20,5.97245E+21,1.06911E+16,5.38886E+16
119975,1,0,60,86,2018,2,18,2,3,9,1,2,0,1,0,0,0,0,2,5.83098E+20,5.99073E+21,1.02695E+16,5.40581E+16
119976,1,0,56,18,2018,2,13,6,3,2,6,0,0,1,0,0,0,0,1,5.57447E+20,5.94236E+21,9.86865E+15,5.36268E+16
119977,1,0,4,0,2018,1,16,5,3,0,1,1,1,0,0,0,0,0,2,5.65032E+20,5.99303E+21,9.99406E+15,5.40813E+16
119978,1,0,2,0,2018,2,5,3,3,5,3,2,1,1,0,0,0,0,2,5.73533E+20,6.01947E+21,1.01304E+16,5.43178E+16
119979,1,0,58,135,2018,1,11,5,3,2,6,0,0,1,0,0,0,0,2,5.42062E+20,6.01862E+21,9.64655E+15,5.43137E+16
119980,1,0,2,0,2018,1,11,5,3,6,7,0,0,1,1,0,0,0,2,5.77381E+20,6.01705E+21,1.0189E+16,5.42955E+16
119981,1,0,3,0,2018,2,18,4,3,6,7,2,0,1,1,0,0,0,1,6.10093E+20,5.97087E+21,1.06746E+16,5.38746E+16