OBJECTID_1,ULAND,UREGBEZ,UKREIS,UGEMEINDE,UJAHR,UMONAT,USTUNDE,UWOCHENTAG,UKATEGORIE,UART,UTYP1,ULICHTVERH,IstRad,IstPKW,IstFuss,IstKrad,IstGkfz,IstSonstig,STRZUSTAND,LINREFX,LINREFY,XGCSWGS84,YGCSWGS84
120169,1,0,53,116,2018,3,11,6,3,5,2,0,1,1,0,0,0,0,0,5.98736E+20,5.92906E+21,1.04886E+16,5.35013E+16
120170,1,0,54,56,2018,3,17,2,3,5,3,0,0,1,0,0,0,0,0,5.05447E+20,6.03846E+21,9.0841E+15,5.44937E+16
120171,1,0,54,88,2018,4,14,4,3,3,2,0,1,1,0,0,0,0,0,4.89497E+20,6.07158E+21,8.83665E+15,5.47913E+16
120172,1,0,3,0,2018,2,15,4,3,4,1,0,0,1,0,0,0,0,2,6.14076E+20,5.96917E+21,1.07345E+16,5.38585E+16
120173,1,0,55,32,2018,3,20,7,2,8,1,2,0,1,0,0,0,0,0,6.1894E+20,5.99846E+21,1.08199E+16,5.41205E+16
120174,1,0,60,5,2018,3,13,2,3,6,4,0,0,1,1,0,0,0,0,5.8595E+20,5.97857E+21,1.03096E+16,5.39483E+16
120175,1,0,2,0,2018,3,14,6,3,2,6,0,0,1,0,1,0,0,0,5.74596E+20,6.01864E+21,1.01466E+16,5.43102E+16
120176,1,0,55,46,2018,3,8,1,2,5,3,0,0,1,0,0,0,1,1,6.37444E+20,6.03299E+21,1.11186E+16,5.4426E+16
120177,1,0,53,83,2018,4,0,6,2,9,1,2,0,0,0,1,0,0,0,6.03184E+20,5.91533E+21,1.05511E+16,5.3377E+16
120178,1,0,55,4,2018,2,6,4,3,1,5,1,0,1,0,0,0,1,2,6.12583E+20,5.9758E+21,1.07142E+16,5.39184E+16
120179,1,0,54,138,2018,3,9,4,3,0,7,0,1,0,0,0,0,0,0,4.96155E+20,6.01855E+21,8.9409E+15,5.43148E+16
120180,1,0,62,6,2018,3,15,7,3,5,3,0,0,1,0,0,0,0,1,5.82442E+20,5.95383E+21,1.02496E+16,5.37266E+16
120181,1,0,4,0,2018,2,7,4,3,0,1,0,1,0,0,0,0,0,2,5.64016E+20,5.99232E+21,9.97838E+15,5.40751E+16
120182,1,0,51,44,2018,3,14,5,3,8,1,0,0,1,0,0,0,0,0,5.0667E+20,6.00373E+21,9.1022E+15,5.41816E+16
120183,1,0,56,18,2018,3,8,5,3,1,5,0,1,1,0,0,0,0,1,5.57282E+20,5.94185E+21,9.86606E+15,5.36223E+16
120184,1,0,3,0,2018,3,13,6,3,6,7,0,0,1,1,0,0,0,0,6.13157E+20,5.96989E+21,1.07208E+16,5.38652E+16
120185,1,0,2,0,2018,2,9,4,3,6,7,0,1,0,1,0,0,0,0,5.74568E+20,6.01876E+21,1.01462E+16,5.43113E+16
120186,1,0,60,5,2018,3,10,5,3,0,7,0,1,0,0,0,0,0,1,5.85791E+20,5.97738E+21,1.03069E+16,5.39377E+16
120187,1,0,56,15,2018,3,15,7,3,5,3,0,1,1,0,0,0,0,1,5.43926E+20,5.95431E+21,9.66591E+15,5.37356E+16
120188,1,0,51,44,2018,3,8,4,3,8,7,0,0,1,0,0,0,0,0,5.06033E+20,6.0035E+21,9.09244E+15,5.41796E+16
120189,1,0,1,0,2018,4,11,6,3,0,7,0,0,0,0,1,0,0,0,5.28128E+20,6.07086E+21,9.43737E+15,5.47841E+16
120190,1,0,51,122,2018,2,17,3,3,8,3,0,0,1,0,0,0,0,2,5.05879E+20,6.0094E+21,9.0902E+15,5.42326E+16
120191,1,0,55,4,2018,3,17,3,3,1,5,0,0,1,0,1,0,0,0,6.11053E+20,5.97505E+21,1.06907E+16,5.39119E+16
120192,1,0,1,0,2018,3,14,5,3,0,1,0,0,0,0,1,0,0,1,5.3077E+20,6.07185E+21,9.47855E+15,5.47928E+16
120193,1,0,60,63,2018,2,10,3,3,8,1,0,0,1,0,0,0,0,2,5.69917E+20,5.95207E+21,1.00594E+16,5.37126E+16
120194,1,0,60,39,2018,3,16,5,3,6,4,0,0,1,1,0,0,0,1,5.64283E+20,5.96082E+21,9.97583E+15,5.3792E+16
120195,1,0,62,6,2018,3,21,4,3,6,4,2,0,1,1,0,0,0,0,5.83349E+20,5.95418E+21,1.02634E+16,5.37296E+16
120196,1,0,60,63,2018,3,7,5,3,2,6,0,0,1,0,0,0,0,1,5.64986E+20,5.94916E+21,9.98405E+15,5.36871E+16
120197,1,0,3,0,2018,3,9,5,3,2,1,0,0,1,0,0,0,0,2,6.11603E+20,5.96901E+21,1.06969E+16,5.38575E+16
120198,1,0,57,79,2018,3,16,7,3,5,3,0,0,1,0,0,0,0,0,5.83359E+20,6.03026E+21,1.02845E+16,5.44132E+16
120199,1,0,56,39,2018,2,11,3,2,6,4,0,0,1,1,0,0,0,2,5.52364E+20,5.94505E+21,9.79225E+15,5.36516E+16
120200,1,0,51,44,2018,4,18,4,3,5,2,0,1,1,0,0,0,0,0,5.07939E+20,6.00595E+21,9.1217E+15,5.42016E+16
120201,1,0,60,89,2018,2,15,3,3,5,3,0,0,1,0,1,0,0,2,5.80076E+20,5.98843E+21,1.02228E+16,5.40379E+16
120202,1,0,57,10,2018,3,14,2,3,1,7,0,0,1,0,0,0,1,0,5.73876E+20,6.01118E+21,1.01337E+16,5.42432E+16
120203,1,0,55,16,2018,3,9,3,3,2,6,0,0,1,0,0,0,1,0,6.28009E+20,6.00204E+21,1.09601E+16,5.41505E+16
120204,1,0,55,12,2018,3,12,5,3,5,3,0,1,1,0,0,0,0,1,6.05139E+20,5.99974E+21,1.06092E+16,5.4135E+16
120205,1,0,56,39,2018,4,7,5,3,4,6,0,1,0,0,0,0,1,0,5.51376E+20,5.94684E+21,9.7776E+15,5.36678E+16
120206,1,0,60,5,2018,2,14,3,2,0,1,0,1,0,0,0,0,0,1,5.85603E+20,5.97767E+21,1.03041E+16,5.39403E+16
120207,1,0,59,137,2018,3,11,3,2,0,1,0,0,1,0,0,0,0,0,5.40811E+20,6.07263E+21,9.63483E+15,5.47992E+16
120208,1,0,56,15,2018,3,14,3,3,3,6,0,1,1,0,0,0,0,0,5.43485E+20,5.95776E+21,9.6597E+15,5.37666E+16
120209,1,0,53,129,2018,2,15,3,3,5,3,0,0,1,0,0,0,0,2,5.83687E+20,5.92764E+21,1.02614E+16,5.34911E+16
120210,1,0,58,22,2018,3,12,5,3,1,6,0,0,1,0,0,0,1,1,5.67683E+20,6.00331E+21,1.00369E+16,5.41733E+16
120211,1,0,1,0,2018,3,10,4,3,6,4,0,0,1,1,0,0,0,0,5.27513E+20,6.07227E+21,9.42795E+15,5.47969E+16
120212,1,0,2,0,2018,3,9,5,3,0,6,0,0,1,0,1,0,0,1,5.74943E+20,6.01838E+21,1.01518E+16,5.43078E+16
120213,1,0,55,15,2018,2,14,3,2,4,1,0,0,1,0,0,0,1,2,6.27178E+20,6.02061E+21,1.09552E+16,5.43175E+16
120214,1,0,57,91,2018,3,3,1,3,5,2,2,0,1,0,0,0,0,0,5.79921E+20,6.01623E+21,1.02278E+16,5.42877E+16
120215,1,0,3,0,2018,4,9,4,3,4,6,0,1,1,0,0,0,0,0,6.11087E+20,5.96843E+21,1.06888E+16,5.38525E+16
120216,1,0,58,97,2018,2,16,3,3,8,1,0,0,1,0,0,0,0,2,5.36403E+20,6.02046E+21,9.5598E+15,5.43307E+16
120217,1,0,51,11,2018,3,14,7,3,1,5,0,0,1,0,0,0,0,0,5.09653E+20,5.97291E+21,9.14693E+15,5.39045E+16
120218,1,0,60,63,2018,3,15,2,3,5,3,0,1,0,0,0,0,0,0,5.65987E+20,5.94857E+21,9.99908E+15,5.36817E+16
120219,1,0,2,0,2018,3,15,5,3,2,6,0,0,1,0,0,0,0,1,5.77175E+20,6.01666E+21,1.01857E+16,5.4292E+16
120220,1,0,59,171,2018,3,11,2,3,6,4,0,0,1,1,0,0,0,1,5.25791E+20,6.05756E+21,9.39986E+15,5.46648E+16
120221,1,0,60,5,2018,3,8,4,3,1,5,0,0,0,0,0,1,1,0,5.85764E+20,5.97842E+21,1.03068E+16,5.3947E+16
120222,1,0,60,44,2018,4,9,6,3,2,2,0,1,1,0,0,0,0,0,5.63037E+20,5.96522E+21,9.95782E+15,5.38317E+16
120223,1,0,55,33,2018,3,11,3,3,6,4,0,0,1,1,0,0,0,0,6.23418E+20,6.01846E+21,1.08966E+16,5.42991E+16
120224,1,0,60,44,2018,3,11,4,3,6,2,0,0,1,1,0,0,0,0,5.63376E+20,5.96579E+21,9.96309E+15,5.38367E+16
120225,1,0,56,50,2018,4,13,7,3,5,2,0,0,1,0,0,0,0,0,5.46292E+20,5.93645E+21,9.69912E+15,5.35749E+16
120226,1,0,4,0,2018,2,15,3,3,6,4,0,0,1,1,0,0,0,1,5.6475E+20,5.99274E+21,9.98969E+15,5.40788E+16
120227,1,0,51,48,2018,4,7,3,3,5,3,0,0,1,0,0,0,0,1,5.05279E+20,5.99976E+21,9.08082E+15,5.41459E+16
120228,1,0,58,15,2018,2,13,3,3,8,1,0,0,1,0,0,0,0,2,5.3658E+20,5.99467E+21,9.55938E+15,5.40989E+16
120229,1,0,58,127,2018,3,10,7,3,4,6,0,0,1,0,0,0,0,2,5.3725E+20,6.03063E+21,9.57411E+15,5.4422E+16
120230,1,0,62,60,2018,3,9,2,3,0,7,0,0,1,0,0,1,0,0,5.81825E+20,5.93163E+21,1.02344E+16,5.35272E+16
120231,1,0,56,15,2018,3,10,4,3,5,3,0,1,1,0,0,0,0,0,5.44379E+20,5.95606E+21,9.67302E+15,5.37513E+16
120232,1,0,59,107,2018,3,11,1,3,0,1,0,1,0,0,0,0,0,1,5.23724E+20,6.05293E+21,9.36744E+15,5.46232E+16
120233,1,0,3,0,2018,4,15,6,3,5,2,0,1,1,0,0,0,0,0,6.07315E+20,5.96691E+21,1.0631E+16,5.38396E+16
120234,1,0,53,100,2018,2,18,2,3,1,1,1,0,1,0,0,0,0,2,6.15151E+20,5.95046E+21,1.07439E+16,5.36901E+16
120235,1,0,56,15,2018,3,16,3,3,5,2,0,1,1,0,0,0,0,0,5.43572E+20,5.95504E+21,9.66064E+15,5.37422E+16
120236,1,0,51,13,2018,3,10,5,3,5,3,0,0,1,0,0,0,0,1,4.89945E+20,5.99861E+21,8.84611E+15,5.41355E+16
120237,1,0,3,0,2018,2,15,2,3,2,6,0,0,1,0,0,0,1,2,6.07277E+20,5.96857E+21,1.0631E+16,5.38545E+16
120238,1,0,58,5,2018,2,17,2,3,5,2,0,1,1,0,0,0,0,1,5.73727E+20,6.02777E+21,1.01355E+16,5.43924E+16
120239,1,0,2,0,2018,4,23,2,3,6,7,2,0,1,1,0,0,0,0,5.74237E+20,6.01866E+21,1.01411E+16,5.43104E+16
120240,1,0,58,11,2018,2,7,2,3,9,1,0,0,0,0,0,0,1,2,5.49037E+20,6.00225E+21,9.75108E+15,5.4166E+16
120241,1,0,55,32,2018,3,12,6,3,3,6,0,1,1,0,0,0,0,0,6.1959E+20,5.99737E+21,1.08294E+16,5.41105E+16
120242,1,0,60,63,2018,3,11,1,3,0,7,0,1,0,0,0,0,0,0,5.66823E+20,5.95072E+21,1.00122E+16,5.37009E+16
120243,1,0,55,33,2018,3,16,4,3,5,3,0,1,1,0,0,0,0,0,6.2278E+20,6.01773E+21,1.08865E+16,5.42927E+16
120244,1,0,62,1,2018,3,17,6,3,0,7,0,1,0,0,0,0,0,0,5.81898E+20,5.94816E+21,1.02398E+16,5.36757E+16
120245,1,0,58,22,2018,2,14,2,3,6,4,0,0,1,1,0,0,0,0,5.68045E+20,6.00354E+21,1.00425E+16,5.41754E+16
120246,1,0,57,83,2018,2,7,5,3,9,1,0,0,1,0,0,0,0,2,5.69383E+20,5.99544E+21,1.00611E+16,5.41025E+16
120247,1,0,61,46,2018,4,11,5,3,2,6,0,0,1,0,0,0,0,1,5.33313E+20,5.97559E+21,9.50734E+15,5.39276E+16
120248,1,0,54,164,2018,2,15,2,3,5,2,0,1,1,0,0,0,0,0,4.72212E+20,6.05996E+21,8.56895E+15,5.46862E+16
120249,1,0,58,43,2018,3,16,3,3,2,6,2,0,1,0,0,0,0,0,5.54099E+20,6.03672E+21,9.83486E+15,5.44752E+16
120250,1,0,3,0,2018,3,20,4,3,2,6,2,1,1,0,0,0,0,1,6.10731E+20,5.97033E+21,1.06841E+16,5.38696E+16
120251,1,0,53,28,2018,2,13,1,3,4,6,0,1,1,0,0,0,0,2,5.87263E+20,5.92567E+21,1.03147E+16,5.34728E+16
120252,1,0,55,12,2018,3,11,4,3,6,4,0,0,1,1,0,0,0,0,6.05612E+20,5.99961E+21,1.06164E+16,5.41337E+16
120253,1,0,3,0,2018,3,8,4,3,2,2,0,0,1,0,0,0,0,0,6.13229E+20,5.96983E+21,1.07219E+16,5.38646E+16
120254,1,0,3,0,2018,3,10,4,3,5,2,0,1,1,0,0,0,0,0,6.11931E+20,5.96739E+21,1.07013E+16,5.3843E+16
120255,1,0,3,0,2018,2,7,1,3,3,6,0,1,1,0,0,0,0,2,6.11267E+20,5.97097E+21,1.06925E+16,5.38753E+16
120256,1,0,56,18,2018,3,14,5,3,5,3,0,0,1,0,0,0,0,0,5.57534E+20,5.94139E+21,9.86978E+15,5.36181E+16
120257,1,0,54,168,2018,3,20,6,3,0,6,2,0,1,0,0,0,0,0,4.55564E+20,6.08444E+21,8.30698E+15,5.4905E+16
120258,1,0,2,0,2018,2,16,1,3,0,1,0,1,0,0,0,0,0,2,5.73398E+20,6.01974E+21,1.01284E+16,5.43203E+16
120259,1,0,55,42,2018,4,8,5,3,2,2,0,0,1,0,1,0,0,1,6.19553E+20,5.98433E+21,1.08237E+16,5.39934E+16
120260,1,0,56,41,2018,2,13,7,3,5,3,0,0,1,0,0,1,0,0,5.61978E+20,5.9554E+21,9.93975E+15,5.37436E+16
120261,1,0,56,19,2018,3,19,2,3,6,7,1,0,1,1,0,0,0,0,5.36763E+20,5.94632E+21,9.55638E+15,5.36643E+16
120262,1,0,62,4,2018,3,13,3,3,6,7,0,1,0,1,0,0,0,0,5.90814E+20,5.9634E+21,1.03792E+16,5.38113E+16
120263,1,0,56,41,2018,2,12,7,3,2,6,0,0,1,0,0,0,0,0,5.62955E+20,5.95555E+21,9.9546E+15,5.37448E+16
120264,1,0,56,49,2018,3,14,3,3,5,2,0,0,1,0,0,0,0,0,5.4506E+20,5.9484E+21,9.68224E+15,5.36824E+16
120265,1,0,2,0,2018,4,13,1,3,3,6,0,1,1,0,0,0,0,0,5.76737E+20,6.01767E+21,1.01792E+16,5.43011E+16
120266,1,0,4,0,2018,2,11,7,3,5,3,0,1,1,0,0,0,0,0,5.62574E+20,5.99179E+21,9.95623E+15,5.40705E+16
120267,1,0,54,168,2018,4,22,4,3,0,1,2,1,0,0,0,0,0,1,4.55774E+20,6.0862E+21,8.30997E+15,5.49209E+16
120268,1,0,2,0,2018,2,21,7,3,5,3,2,0,1,0,1,0,0,0,5.7689E+20,6.02112E+21,1.01825E+16,5.43321E+16
120269,1,0,55,40,2018,3,16,7,3,2,6,0,0,1,0,0,0,0,0,6.07972E+20,5.97351E+21,1.06433E+16,5.38987E+16
120270,1,0,60,92,2018,4,10,4,3,2,6,0,0,1,0,0,0,0,0,5.79373E+20,5.97883E+21,1.02095E+16,5.39517E+16
120271,1,0,56,50,2018,2,16,6,3,5,2,0,0,1,0,0,0,1,0,5.47736E+20,5.93638E+21,9.72091E+15,5.35741E+16
120272,1,0,60,63,2018,3,14,1,3,0,7,0,0,1,0,0,1,0,0,5.65823E+20,5.9513E+21,9.99718E+15,5.37062E+16
120273,1,0,54,78,2018,3,16,3,2,6,4,0,0,1,1,0,0,0,0,4.63073E+20,6.09707E+21,8.42246E+15,5.50191E+16
120274,1,0,61,46,2018,3,18,2,3,6,2,1,0,1,1,0,0,0,1,5.33157E+20,5.97608E+21,9.50501E+15,5.3932E+16
120275,1,0,58,94,2018,4,19,7,2,6,7,0,0,1,1,0,0,0,0,5.61045E+20,6.00749E+21,9.93605E+15,5.42118E+16
120276,1,0,60,39,2018,2,7,6,3,5,3,0,1,1,0,0,0,0,0,5.65713E+20,5.95709E+21,9.99674E+15,5.37583E+16
120277,1,0,54,164,2018,4,10,3,3,5,3,0,1,1,0,0,0,0,1,4.71934E+20,6.0605E+21,8.56459E+15,5.4691E+16
120278,1,0,4,0,2018,2,9,6,3,6,4,0,0,0,1,0,0,1,0,5.64396E+20,5.9888E+21,9.98344E+15,5.40434E+16
120279,1,0,51,127,2018,3,4,6,3,1,5,2,0,1,0,0,0,0,0,4.94693E+20,6.00728E+21,8.91863E+15,5.42135E+16
120280,1,0,2,0,2018,3,16,2,3,5,3,0,0,1,0,1,0,0,0,5.73394E+20,6.02067E+21,1.01286E+16,5.43286E+16
120281,1,0,62,78,2018,3,13,7,3,0,7,0,1,1,0,0,0,0,0,5.87689E+20,5.95048E+21,1.03281E+16,5.36956E+16
120282,1,0,56,39,2018,3,9,7,2,3,6,0,1,0,0,0,0,0,1,5.52301E+20,5.94518E+21,9.79132E+15,5.36527E+16
120283,1,0,58,124,2018,3,17,5,3,0,7,0,1,0,0,0,0,0,1,5.44917E+20,6.01578E+21,9.69001E+15,5.42879E+16
120284,1,0,56,50,2018,3,16,2,3,0,7,0,0,1,0,0,0,0,0,5.46768E+20,5.93711E+21,9.7064E+15,5.35808E+16
120285,1,0,53,90,2018,3,1,1,3,1,7,2,0,1,0,1,0,0,1,6.12554E+20,5.94026E+21,1.07008E+16,5.3599E+16
120286,1,0,60,64,2018,4,16,6,3,0,1,0,0,0,0,1,0,0,0,5.61032E+20,5.96857E+21,9.92802E+15,5.3862E+16
120287,1,0,58,135,2018,2,7,6,3,1,5,1,0,1,0,0,0,0,0,5.42348E+20,6.019E+21,9.651E+15,5.43171E+16
120288,1,0,2,0,2018,3,5,4,3,5,2,1,1,1,0,0,0,0,0,5.74633E+20,6.01863E+21,1.01471E+16,5.43101E+16
120289,1,0,56,39,2018,3,13,7,3,2,2,0,0,1,0,0,0,0,1,5.51864E+20,5.94691E+21,9.785E+15,5.36683E+16
120290,1,0,57,25,2018,2,8,6,3,8,7,0,0,1,0,0,0,0,0,5.78545E+20,6.02645E+21,1.02093E+16,5.43798E+16
120291,1,0,51,44,2018,3,17,5,3,5,3,0,0,1,0,1,0,0,0,5.06098E+20,6.00548E+21,9.09347E+15,5.41973E+16
120292,1,0,55,32,2018,3,14,6,3,4,6,0,0,1,0,0,0,0,1,6.19688E+20,5.99664E+21,1.08306E+16,5.4104E+16
120293,1,0,59,183,2018,2,8,6,2,6,4,0,0,1,1,0,0,0,0,5.22258E+20,6.07039E+21,9.34606E+15,5.47802E+16
120294,1,0,59,75,2018,2,11,5,3,0,1,0,1,0,0,0,0,0,0,5.3514E+20,6.03986E+21,9.54268E+15,5.45052E+16
120295,1,0,56,29,2018,4,15,5,3,5,3,0,1,1,0,0,0,0,0,5.43718E+20,5.95335E+21,9.66262E+15,5.3727E+16
120296,1,0,54,96,2018,3,16,3,3,0,1,0,1,0,0,0,0,0,0,5.1074E+20,6.03308E+21,9.16562E+15,5.44453E+16
120297,1,0,2,0,2018,4,15,5,2,5,3,0,1,1,0,0,0,0,0,5.75732E+20,6.02832E+21,1.01665E+16,5.4397E+16
120298,1,0,54,76,2018,4,12,5,3,6,7,0,0,1,1,0,0,0,0,4.98801E+20,6.07006E+21,8.98136E+15,5.47778E+16
120299,1,0,56,40,2018,5,16,2,3,6,3,0,0,1,1,0,0,0,0,5.50094E+20,5.94867E+21,9.75849E+15,5.36844E+16
120300,1,0,54,56,2018,4,15,5,3,5,3,0,1,0,0,0,0,0,0,5.04818E+20,6.03749E+21,9.07437E+15,5.4485E+16
120301,1,0,51,100,2018,4,16,4,2,9,7,0,0,1,0,0,0,0,0,5.17784E+20,6.01068E+21,9.2729E+15,5.42438E+16
120302,1,0,60,5,2018,5,16,6,3,5,2,0,0,1,0,1,0,0,0,5.85865E+20,5.97783E+21,1.03081E+16,5.39417E+16
120303,1,0,61,46,2018,4,15,4,3,2,6,0,0,1,0,0,0,0,0,5.33101E+20,5.9759E+21,9.50414E+15,5.39304E+16
120304,1,0,56,5,2018,5,10,4,3,1,5,0,0,1,0,0,0,1,0,5.59845E+20,5.94647E+21,9.9057E+15,5.36636E+16
120305,1,0,56,15,2018,4,20,4,3,5,2,1,0,1,0,1,0,0,1,5.44854E+20,5.95476E+21,9.68004E+15,5.37396E+16
120306,1,0,56,18,2018,4,7,4,3,5,3,0,1,1,0,0,0,0,0,5.57406E+20,5.94193E+21,9.86795E+15,5.3623E+16
120307,1,0,62,6,2018,4,9,4,3,9,7,0,0,1,0,0,0,0,1,5.83197E+20,5.95409E+21,1.02611E+16,5.37288E+16
120308,1,0,62,4,2018,5,15,1,3,6,4,0,0,1,1,0,0,0,0,5.90736E+20,5.96286E+21,1.03779E+16,5.38064E+16
120309,1,0,58,58,2018,4,19,4,3,5,2,0,0,1,0,0,0,0,0,5.63821E+20,6.02944E+21,9.9833E+15,5.44087E+16
120310,1,0,55,16,2018,5,20,6,3,5,3,0,0,1,0,0,0,0,0,6.29827E+20,6.00305E+21,1.09883E+16,5.41591E+16
120311,1,0,51,11,2018,4,20,3,3,5,2,1,1,1,0,0,0,0,1,5.09635E+20,5.97216E+21,9.14663E+15,5.38978E+16
120312,1,0,60,92,2018,4,14,3,3,5,3,0,0,1,0,0,0,0,0,5.79767E+20,5.97924E+21,1.02156E+16,5.39554E+16
120313,1,0,56,50,2018,5,8,6,3,5,3,0,1,1,0,0,0,0,0,5.46311E+20,5.9381E+21,9.69964E+15,5.35897E+16
120314,1,0,56,39,2018,4,13,6,3,5,3,0,1,1,0,0,0,0,0,5.5264E+20,5.94703E+21,9.79676E+15,5.36694E+16
120315,1,0,54,168,2018,4,23,2,3,5,3,2,0,1,0,0,0,0,0,4.55567E+20,6.08557E+21,8.30685E+15,5.49151E+16
120316,1,0,62,1,2018,5,15,4,3,6,7,0,0,1,1,0,0,0,0,5.81639E+20,5.94778E+21,1.02358E+16,5.36723E+16
120317,1,0,53,115,2018,4,10,3,2,9,7,0,0,1,0,0,0,0,0,6.03424E+20,5.92591E+21,1.05582E+16,5.3472E+16
120318,1,0,2,0,2018,5,12,3,3,9,7,0,0,1,0,0,0,0,1,5.74386E+20,6.01871E+21,1.01434E+16,5.43109E+16
120319,1,0,55,46,2018,4,12,3,3,0,1,0,1,0,0,0,0,0,1,6.42268E+20,6.03486E+21,1.11938E+16,5.44415E+16
120320,1,0,3,0,2018,4,15,3,3,6,4,0,0,1,1,0,0,0,0,6.19335E+20,5.97618E+21,1.08171E+16,5.39203E+16
120321,1,0,59,113,2018,5,11,1,3,9,1,0,1,0,0,0,0,0,0,5.34837E+20,6.07574E+21,9.54228E+15,5.48276E+16
120322,1,0,4,0,2018,4,11,3,3,7,7,0,1,0,0,0,0,1,0,5.65894E+20,5.99272E+21,1.00072E+16,5.40785E+16
120323,1,0,2,0,2018,5,10,6,2,5,2,0,1,1,0,0,0,0,0,5.72373E+20,6.01889E+21,1.01125E+16,5.43127E+16
120324,1,0,58,22,2018,4,9,3,2,5,3,0,1,1,0,0,0,0,0,5.67506E+20,6.00331E+21,1.00342E+16,5.41734E+16
120325,1,0,58,92,2018,4,13,2,3,0,2,0,1,0,0,0,1,0,1,5.71937E+20,6.02165E+21,1.01064E+16,5.43376E+16
120326,1,0,3,0,2018,5,15,4,3,5,2,0,1,1,0,0,0,0,0,6.11024E+20,5.97219E+21,1.06892E+16,5.38863E+16
120327,1,0,58,22,2018,4,7,3,3,4,6,0,1,0,0,0,0,0,0,5.6768E+20,6.00331E+21,1.00368E+16,5.41734E+16
120328,1,0,53,90,2018,4,9,2,3,5,3,0,1,1,0,0,0,0,1,6.11528E+20,5.94287E+21,1.06863E+16,5.36227E+16
120329,1,0,57,91,2018,4,15,3,3,5,3,0,0,1,0,0,0,0,0,5.7992E+20,6.01623E+21,1.02277E+16,5.42877E+16
120330,1,0,1,0,2018,4,13,3,3,6,7,0,0,1,1,0,0,0,0,5.24488E+20,6.06838E+21,9.38057E+15,5.47621E+16
120331,1,0,62,1,2018,5,19,7,3,5,3,0,1,1,0,0,0,0,0,5.81558E+20,5.94858E+21,1.02348E+16,5.36796E+16
120332,1,0,54,56,2018,4,7,3,3,0,7,0,1,0,0,0,0,0,0,5.03429E+20,6.03647E+21,9.05292E+15,5.44758E+16
120333,1,0,62,4,2018,5,18,5,3,4,6,0,1,1,0,0,0,0,0,5.88997E+20,5.96254E+21,1.03514E+16,5.38038E+16
120334,1,0,59,5,2018,4,6,3,2,5,3,0,0,0,0,1,0,0,0,5.20976E+20,6.0253E+21,9.32291E+15,5.43751E+16
120335,1,0,3,0,2018,4,15,1,3,1,5,0,0,1,0,0,0,0,0,6.19493E+20,5.97632E+21,1.08196E+16,5.39215E+16
120336,1,0,60,63,2018,4,14,2,3,5,3,0,0,1,0,0,0,0,0,5.67625E+20,5.94919E+21,1.0024E+16,5.36871E+16
120337,1,0,56,44,2018,4,7,2,3,5,3,0,1,1,0,0,0,0,0,5.57022E+20,5.94018E+21,9.86183E+15,5.36073E+16
120338,1,0,60,39,2018,4,0,2,2,8,7,2,0,1,0,0,0,0,1,5.64045E+20,5.96058E+21,9.97217E+15,5.37899E+16
120339,1,0,51,13,2018,5,8,6,3,1,5,0,1,0,0,0,0,1,0,4.90386E+20,5.9985E+21,8.85286E+15,5.41346E+16
120340,1,0,60,63,2018,4,10,2,3,6,3,0,0,1,1,0,0,0,0,5.6497E+20,5.94946E+21,9.98387E+15,5.36898E+16
120341,1,0,56,50,2018,4,8,2,3,5,7,0,0,1,0,0,0,0,0,5.48194E+20,5.93729E+21,9.72797E+15,5.35822E+16
120342,1,0,1,0,2018,5,8,7,3,5,3,0,1,1,0,0,0,0,0,5.30277E+20,6.07191E+21,9.4709E+15,5.47935E+16
120343,1,0,56,15,2018,4,18,2,2,6,7,0,0,1,1,0,0,0,0,5.43545E+20,5.95765E+21,9.6606E+15,5.37657E+16
120344,1,0,54,56,2018,5,6,5,3,5,3,0,1,1,0,0,0,0,0,5.05053E+20,6.03777E+21,9.07801E+15,5.44875E+16
120345,1,0,60,63,2018,4,18,2,3,0,1,0,0,0,0,1,0,0,0,5.65659E+20,5.95512E+21,9.99551E+15,5.37405E+16
120346,1,0,61,29,2018,4,19,1,3,5,3,0,0,1,0,0,0,1,0,5.27774E+20,5.9599E+21,9.42156E+15,5.37869E+16
120347,1,0,3,0,2018,4,14,2,3,6,4,0,0,1,1,0,0,0,0,6.10793E+20,5.96973E+21,1.06848E+16,5.38642E+16
120348,1,0,58,77,2018,4,7,2,2,5,3,0,0,0,0,1,0,0,0,5.42806E+20,5.99421E+21,9.65451E+15,5.40943E+16
120349,1,0,58,58,2018,5,11,2,3,5,2,0,1,1,0,0,0,0,0,5.63809E+20,6.02916E+21,9.98306E+15,5.44062E+16
120350,1,0,58,13,2018,4,21,2,2,0,1,1,0,0,0,1,0,0,0,5.22022E+20,5.99714E+21,9.33695E+15,5.4122E+16
120351,1,0,2,0,2018,4,7,2,3,5,2,0,1,1,0,0,0,0,0,5.74961E+20,6.0183E+21,1.01521E+16,5.43071E+16
120352,1,0,56,15,2018,5,17,6,3,3,6,0,0,1,0,0,0,0,0,5.43371E+20,5.95615E+21,9.65775E+15,5.37522E+16
120353,1,0,56,44,2018,4,13,6,3,5,3,0,0,1,0,0,0,0,0,5.55981E+20,5.94048E+21,9.84614E+15,5.36101E+16
120354,1,0,60,63,2018,4,11,1,3,8,1,0,0,0,0,1,0,0,0,5.65203E+20,5.94526E+21,9.98652E+15,5.3652E+16
120355,1,0,60,63,2018,5,8,4,3,5,2,0,0,1,0,0,0,0,0,5.65885E+20,5.95279E+21,9.99844E+15,5.37196E+16