OBJECTID_1,ULAND,UREGBEZ,UKREIS,UGEMEINDE,UJAHR,UMONAT,USTUNDE,UWOCHENTAG,UKATEGORIE,UART,UTYP1,ULICHTVERH,IstRad,IstPKW,IstFuss,IstKrad,IstGkfz,IstSonstig,STRZUSTAND,LINREFX,LINREFY,XGCSWGS84,YGCSWGS84
120544,1,0,2,0,2018,4,12,4,3,4,6,0,0,1,0,0,0,0,0,5.74408E+20,6.02059E+21,1.01442E+16,5.43277E+16
120545,1,0,60,39,2018,5,9,1,3,2,6,0,1,1,0,0,0,0,0,5.66792E+20,5.95595E+21,1.00129E+16,5.37479E+16
120546,1,0,61,46,2018,4,17,3,2,6,6,0,0,0,1,0,0,1,0,5.3436E+20,5.97517E+21,9.52323E+15,5.39238E+16
120547,1,0,61,42,2018,4,14,3,3,3,6,0,1,0,0,0,0,0,0,5.39663E+20,5.97969E+21,9.60457E+15,5.3964E+16
120548,1,0,3,0,2018,5,7,6,3,0,7,0,1,0,0,0,0,0,0,6.11254E+20,5.97064E+21,1.06922E+16,5.38723E+16
120549,1,0,62,1,2018,5,6,4,3,5,3,0,0,1,0,1,0,0,0,5.82258E+20,5.94857E+21,1.02454E+16,5.36794E+16
120550,1,0,60,63,2018,4,10,3,3,5,3,0,1,1,0,0,0,0,0,5.65739E+20,5.94964E+21,9.99555E+15,5.36913E+16
120551,1,0,56,48,2018,4,15,2,3,4,6,0,1,0,0,0,0,0,1,5.47526E+20,5.95063E+21,9.71992E+15,5.37022E+16
120552,1,0,60,63,2018,4,8,3,3,2,6,0,0,1,0,0,0,0,0,5.65866E+20,5.9529E+21,9.99817E+15,5.37206E+16
120553,1,0,60,5,2018,4,11,3,3,1,5,0,0,1,0,0,0,0,0,5.85731E+20,5.97801E+21,1.03061E+16,5.39434E+16
120554,1,0,56,41,2018,5,10,7,3,5,3,0,1,1,0,0,0,0,0,5.64007E+20,5.9562E+21,9.97068E+15,5.37505E+16
120555,1,0,62,60,2018,4,15,3,3,2,6,0,0,1,0,0,0,1,0,5.82011E+20,5.93189E+21,1.02372E+16,5.35295E+16
120556,1,0,62,18,2018,4,7,3,3,5,3,0,1,1,0,0,0,0,0,5.81182E+20,5.93229E+21,1.02248E+16,5.35332E+16
120557,1,0,58,43,2018,5,14,1,3,5,3,0,0,1,0,1,0,0,0,5.54098E+20,6.03672E+21,9.83485E+15,5.44752E+16
120558,1,0,62,60,2018,4,10,3,3,0,7,0,1,0,0,0,0,0,0,5.81184E+20,5.92964E+21,1.02242E+16,5.35094E+16
120559,1,0,2,0,2018,5,17,6,3,2,7,0,0,1,0,0,0,0,0,5.72389E+20,6.01787E+21,1.01125E+16,5.43036E+16
120560,1,0,3,0,2018,5,13,4,3,2,7,0,1,1,0,0,0,0,0,6.14418E+20,5.9685E+21,1.07395E+16,5.38524E+16
120561,1,0,62,53,2018,4,11,3,3,5,3,0,1,1,0,0,0,0,0,5.7644E+20,5.93357E+21,1.01536E+16,5.35455E+16
120562,1,0,3,0,2018,4,18,2,2,5,3,0,1,1,0,0,0,0,0,6.07914E+20,5.9674E+21,1.06402E+16,5.38439E+16
120563,1,0,51,122,2018,4,20,2,3,7,7,2,0,1,0,0,0,0,0,5.06213E+20,6.00744E+21,9.09527E+15,5.42149E+16
120564,1,0,51,44,2018,4,17,2,3,5,3,0,1,1,0,0,0,0,0,5.05373E+20,6.00509E+21,9.08235E+15,5.41938E+16
120565,1,0,62,18,2018,5,9,7,2,5,3,0,0,1,0,1,0,0,0,5.81335E+20,5.9332E+21,1.02274E+16,5.35414E+16
120566,1,0,61,46,2018,4,7,6,3,5,2,0,1,1,0,0,0,0,0,5.33979E+20,5.97621E+21,9.51755E+15,5.39332E+16
120567,1,0,56,20,2018,4,16,2,3,0,7,0,1,0,0,0,0,0,0,5.40961E+20,5.9432E+21,9.61949E+15,5.3636E+16
120568,1,0,57,62,2018,5,10,5,3,6,7,0,0,1,1,0,0,0,0,5.83965E+20,6.00983E+21,1.02881E+16,5.42296E+16
120569,1,0,56,49,2018,4,11,2,3,0,3,0,1,1,0,0,0,0,0,5.45645E+20,5.94876E+21,9.69115E+15,5.36855E+16
120570,1,0,60,5,2018,4,11,2,3,2,6,0,0,1,0,0,0,0,0,5.86141E+20,5.97889E+21,1.03126E+16,5.39512E+16
120571,1,0,60,63,2018,5,15,5,3,2,6,0,0,1,0,0,0,0,0,5.64989E+20,5.9515E+21,9.98459E+15,5.37082E+16
120572,1,0,62,9,2018,4,17,2,3,2,7,0,0,0,0,1,1,0,0,5.78746E+20,5.93679E+21,1.01892E+16,5.3574E+16
120573,1,0,61,82,2018,4,11,1,3,0,1,0,1,0,0,0,0,0,0,5.3002E+20,5.97858E+21,9.45748E+15,5.39547E+16
120574,1,0,53,90,2018,4,9,2,2,3,6,0,1,1,0,0,0,0,0,6.11737E+20,5.94237E+21,1.06893E+16,5.36182E+16
120575,1,0,62,35,2018,4,15,2,3,0,1,0,1,0,0,0,0,0,0,5.87712E+20,5.94586E+21,1.03272E+16,5.36541E+16
120576,1,0,3,0,2018,4,11,2,3,1,5,0,0,1,0,0,0,0,0,6.23197E+20,5.98167E+21,1.08781E+16,5.39687E+16
120577,1,0,51,44,2018,5,9,6,3,5,2,0,0,1,0,0,0,0,0,5.08119E+20,6.0054E+21,9.12444E+15,5.41966E+16
120578,1,0,4,0,2018,4,15,2,3,6,4,0,0,1,1,0,0,0,0,5.6411E+20,5.99221E+21,9.9798E+15,5.40741E+16
120579,1,0,1,0,2018,5,10,5,3,5,3,0,0,1,0,1,0,0,0,5.27449E+20,6.07233E+21,9.42695E+15,5.47974E+16
120580,1,0,58,135,2018,4,7,2,2,9,1,0,0,1,0,0,0,0,0,5.43783E+20,6.01664E+21,9.67272E+15,5.42958E+16
120581,1,0,57,73,2018,4,2,1,3,6,7,2,0,1,1,0,0,0,0,5.88783E+20,6.0315E+21,1.03684E+16,5.44235E+16
120582,1,0,2,0,2018,4,7,5,3,5,7,0,0,1,0,0,0,0,0,5.70482E+20,6.02033E+21,1.00838E+16,5.4326E+16
120583,1,0,1,0,2018,5,7,2,3,6,4,0,0,0,1,0,0,1,0,5.2826E+20,6.07123E+21,9.43946E+15,5.47875E+16
120584,1,0,54,61,2018,5,18,1,3,8,1,0,1,0,0,0,0,0,0,4.57642E+20,6.09019E+21,8.33853E+15,5.49569E+16
120585,1,0,54,56,2018,5,14,2,3,5,3,0,1,1,0,0,0,0,0,5.04894E+20,6.03835E+21,9.07556E+15,5.44928E+16
120586,1,0,2,0,2018,5,15,5,3,5,3,0,1,1,0,0,0,0,0,5.72256E+20,6.02262E+21,1.01116E+16,5.43462E+16
120587,1,0,62,60,2018,5,16,6,3,2,6,0,1,0,0,0,0,0,0,5.82645E+20,5.9345E+21,1.02475E+16,5.35528E+16
120588,1,0,59,75,2018,5,7,5,3,0,3,0,1,0,0,0,0,1,0,5.36261E+20,6.04098E+21,9.56012E+15,5.45151E+16
120589,1,0,54,55,2018,5,9,5,2,4,6,0,0,1,0,0,0,1,0,4.90984E+20,6.08011E+21,8.85952E+15,5.48679E+16
120590,1,0,62,23,2018,5,7,3,3,0,3,0,0,1,0,1,0,0,0,5.8532E+20,5.9461E+21,1.0291E+16,5.36567E+16
120591,1,0,61,46,2018,5,14,6,3,2,6,0,0,1,0,0,0,0,0,5.32731E+20,5.9767E+21,9.49859E+15,5.39376E+16
120592,1,0,2,0,2018,5,10,1,3,0,7,0,1,0,0,0,0,0,0,5.71383E+20,6.01814E+21,1.00971E+16,5.43061E+16
120593,1,0,54,56,2018,5,15,5,3,5,3,0,1,1,0,0,0,0,0,5.05466E+20,6.03846E+21,9.08439E+15,5.44938E+16
120594,1,0,62,4,2018,5,16,5,3,2,6,0,0,1,0,0,0,0,0,5.9081E+20,5.9634E+21,1.03792E+16,5.38112E+16
120595,1,0,59,183,2018,5,10,5,3,5,3,0,0,1,0,0,0,0,0,5.26394E+20,6.06671E+21,9.41004E+15,5.47469E+16
120596,1,0,58,59,2018,5,6,2,2,9,1,0,0,1,0,0,0,0,0,5.51137E+20,5.99881E+21,9.78267E+15,5.41348E+16
120597,1,0,58,22,2018,5,10,6,3,0,2,0,1,1,0,0,0,0,0,5.67239E+20,6.00346E+21,1.00301E+16,5.41748E+16
120598,1,0,61,42,2018,5,20,4,3,6,7,0,0,1,1,0,0,0,0,5.40612E+20,5.97984E+21,9.61905E+15,5.39653E+16
120599,1,0,54,163,2018,5,18,4,2,0,7,0,1,0,0,0,0,0,0,4.70982E+20,6.06108E+21,8.54976E+15,5.46962E+16
120600,1,0,59,75,2018,5,20,3,2,0,1,1,0,0,0,0,0,1,0,5.36356E+20,6.04266E+21,9.56179E+15,5.45302E+16
120601,1,0,60,63,2018,5,4,4,3,9,7,2,0,1,0,0,0,0,0,5.64497E+20,5.95014E+21,9.97685E+15,5.3696E+16
120602,1,0,54,149,2018,5,11,3,3,0,7,0,1,0,0,0,0,0,1,4.56206E+20,6.08778E+21,8.31648E+15,5.49351E+16
120603,1,0,56,44,2018,5,18,4,3,6,2,0,0,1,1,0,0,0,0,5.54437E+20,5.93943E+21,9.82263E+15,5.36009E+16
120604,1,0,53,116,2018,5,15,6,3,0,1,0,0,0,0,1,0,0,0,5.99444E+20,5.93008E+21,1.04996E+16,5.35103E+16
120605,1,0,53,116,2018,5,21,7,3,9,1,0,0,1,0,0,0,0,0,5.98754E+20,5.92935E+21,1.0489E+16,5.35038E+16
120606,1,0,3,0,2018,5,13,4,3,6,4,0,0,1,1,0,0,0,0,6.12483E+20,5.96957E+21,1.07104E+16,5.38624E+16
120607,1,0,3,0,2018,5,9,5,3,4,6,0,0,1,0,0,0,0,0,6.12857E+20,5.96968E+21,1.07162E+16,5.38634E+16
120608,1,0,3,0,2018,5,15,4,3,6,4,0,0,1,1,0,0,0,0,6.1435E+20,5.96906E+21,1.07386E+16,5.38575E+16
120609,1,0,59,75,2018,5,12,2,3,0,1,0,1,0,0,0,0,0,0,5.35068E+20,6.04046E+21,9.54164E+15,5.45105E+16
120610,1,0,62,1,2018,5,13,2,3,0,7,0,1,0,0,0,0,0,0,5.81639E+20,5.94814E+21,1.02359E+16,5.36756E+16
120611,1,0,55,44,2018,5,23,4,3,0,7,2,0,1,0,0,0,0,0,6.14752E+20,5.98794E+21,1.07518E+16,5.40269E+16
120612,1,0,59,75,2018,5,14,6,3,5,3,0,0,1,0,0,0,0,0,5.34679E+20,6.04198E+21,9.5358E+15,5.45242E+16
120613,1,0,61,46,2018,5,15,6,3,2,6,0,0,1,0,0,0,0,0,5.32947E+20,5.97641E+21,9.50184E+15,5.3935E+16
120614,1,0,4,0,2018,5,15,4,3,5,3,0,1,1,0,0,0,0,0,5.64945E+20,5.99092E+21,9.99227E+15,5.40624E+16
120615,1,0,56,49,2018,5,6,2,3,5,3,0,0,1,0,1,0,0,0,5.45657E+20,5.94829E+21,9.69127E+15,5.36813E+16
120616,1,0,2,0,2018,5,10,4,3,5,3,0,1,1,0,0,0,0,0,5.74947E+20,6.01836E+21,1.01519E+16,5.43077E+16
120617,1,0,4,0,2018,5,16,6,3,0,1,0,1,0,0,0,0,0,0,5.63822E+20,5.99229E+21,9.97541E+15,5.40748E+16
120618,1,0,2,0,2018,5,9,7,3,0,1,0,1,0,0,0,0,0,0,5.72724E+20,6.01915E+21,1.01179E+16,5.4315E+16
120619,1,0,57,91,2018,5,14,4,3,5,2,0,0,1,0,1,0,0,0,5.79566E+20,6.01627E+21,1.02223E+16,5.42881E+16
120620,1,0,59,120,2018,5,11,5,3,5,2,0,1,1,0,0,0,0,0,5.25507E+20,6.07239E+21,9.39675E+15,5.4798E+16
120621,1,0,2,0,2018,5,10,4,3,5,3,0,0,1,0,0,0,1,0,5.73943E+20,6.01976E+21,1.01368E+16,5.43204E+16
120622,1,0,3,0,2018,5,14,4,3,1,5,0,0,1,0,0,0,1,0,6.11887E+20,5.96595E+21,1.07001E+16,5.38301E+16
120623,1,0,58,22,2018,5,10,1,2,7,7,0,1,0,0,0,0,1,0,5.68407E+20,6.00273E+21,1.00478E+16,5.4168E+16
120624,1,0,2,0,2018,5,13,2,3,1,5,0,1,1,0,0,0,0,0,5.76712E+20,6.01801E+21,1.01789E+16,5.43042E+16
120625,1,0,61,46,2018,5,14,3,3,5,3,0,0,1,0,0,1,0,0,5.33714E+20,5.97592E+21,9.51348E+15,5.39306E+16
120626,1,0,53,129,2018,5,11,5,3,0,7,0,1,0,0,0,0,0,0,5.83085E+20,5.92769E+21,1.02523E+16,5.34916E+16
120627,1,0,62,1,2018,5,9,6,3,6,4,0,1,0,1,0,0,0,0,5.82135E+20,5.94794E+21,1.02434E+16,5.36738E+16
120628,1,0,56,15,2018,5,16,3,3,0,7,0,0,1,0,0,0,0,0,5.43124E+20,5.95612E+21,9.65401E+15,5.37519E+16
120629,1,0,62,61,2018,5,9,3,3,0,7,0,0,0,0,0,1,1,0,5.99009E+20,5.96535E+21,1.05043E+16,5.38272E+16
120630,1,0,62,60,2018,5,7,4,3,6,4,0,0,1,1,0,0,0,0,5.82827E+20,5.92992E+21,1.0249E+16,5.35117E+16
120631,1,0,53,9,2018,5,18,3,3,0,7,0,1,0,0,0,0,0,0,6.09422E+20,5.9567E+21,1.06594E+16,5.37475E+16
120632,1,0,2,0,2018,5,21,4,3,0,7,1,1,0,0,0,0,0,0,5.73096E+20,6.02034E+21,1.01239E+16,5.43257E+16
120633,1,0,59,176,2018,5,13,1,3,8,7,0,0,1,0,0,0,0,0,5.32787E+20,6.07301E+21,9.51006E+15,5.48032E+16
120634,1,0,51,11,2018,5,20,2,3,6,6,0,0,0,1,0,0,1,0,5.06711E+20,5.97125E+21,9.10211E+15,5.38896E+16
120635,1,0,54,113,2018,5,13,2,3,6,7,0,0,1,1,0,0,0,0,4.74497E+20,6.01854E+21,8.60798E+15,5.43141E+16
120636,1,0,62,53,2018,5,13,3,3,2,6,0,0,1,0,0,0,0,0,5.76479E+20,5.93392E+21,1.01543E+16,5.35486E+16
120637,1,0,53,90,2018,5,15,6,3,6,2,0,0,1,1,0,0,0,0,6.1155E+20,5.94341E+21,1.06868E+16,5.36276E+16
120638,1,0,53,32,2018,5,20,3,3,0,7,1,1,0,0,0,0,0,0,5.92206E+20,5.92193E+21,1.03881E+16,5.34383E+16
120639,1,0,54,113,2018,5,12,4,2,6,4,0,1,0,1,0,0,0,0,4.75941E+20,6.01779E+21,8.63023E+15,5.43075E+16
120640,1,0,56,15,2018,5,7,2,3,5,2,0,1,1,0,0,0,0,0,5.43478E+20,5.95567E+21,9.65931E+15,5.37478E+16
120641,1,0,62,1,2018,5,18,3,2,0,7,0,1,0,0,0,0,0,0,5.82914E+20,5.94583E+21,1.02546E+16,5.36546E+16
120642,1,0,3,0,2018,5,9,3,3,5,3,0,0,1,0,0,0,0,0,6.19029E+20,5.97534E+21,1.08122E+16,5.39128E+16
120643,1,0,3,0,2018,5,18,3,3,5,2,0,0,1,0,1,0,0,0,6.13236E+20,5.97259E+21,1.0723E+16,5.38894E+16
120644,1,0,60,5,2018,5,11,6,3,6,4,0,0,1,1,0,0,0,0,5.84747E+20,5.97886E+21,1.02914E+16,5.39511E+16
120645,1,0,61,46,2018,5,21,7,3,5,2,0,1,1,0,0,0,0,0,5.34262E+20,5.97493E+21,9.52171E+15,5.39216E+16
120646,1,0,55,28,2018,5,16,3,3,5,3,0,0,1,0,0,0,0,0,6.02154E+20,6.00363E+21,1.05649E+16,5.41705E+16
120647,1,0,2,0,2018,5,13,4,3,0,1,0,1,0,0,0,0,0,0,5.72923E+20,6.0253E+21,1.01225E+16,5.43702E+16
120648,1,0,56,49,2018,5,13,3,3,5,3,0,1,1,0,0,0,0,0,5.43426E+20,5.94889E+21,9.65757E+15,5.36869E+16
120649,1,0,55,44,2018,5,13,7,3,0,7,0,1,0,0,0,0,0,0,6.15084E+20,5.98802E+21,1.07569E+16,5.40276E+16
120650,1,0,60,44,2018,5,15,1,3,6,2,0,0,1,1,0,0,0,0,5.63376E+20,5.96579E+21,9.96309E+15,5.38367E+16
120651,1,0,3,0,2018,5,13,3,3,5,3,0,1,1,0,0,0,0,0,6.23212E+20,5.98092E+21,1.08781E+16,5.39619E+16
120652,1,0,54,78,2018,5,13,6,3,2,6,0,1,0,0,0,0,0,0,4.62244E+20,6.09576E+21,8.40966E+15,5.50073E+16
120653,1,0,55,32,2018,5,15,3,3,5,3,0,0,1,0,0,0,1,0,6.19633E+20,5.99538E+21,1.08292E+16,5.40927E+16
120654,1,0,51,44,2018,5,8,3,3,0,7,0,1,0,1,0,0,0,0,5.06025E+20,6.00431E+21,9.09232E+15,5.41868E+16
120655,1,0,62,9,2018,5,18,2,3,5,3,0,0,1,0,0,0,0,0,5.78066E+20,5.936E+21,1.01788E+16,5.3567E+16
120656,1,0,2,0,2018,5,7,3,3,5,3,0,1,1,0,0,0,0,0,5.77462E+20,6.02164E+21,1.01914E+16,5.43367E+16
120657,1,0,60,63,2018,5,7,2,3,0,1,0,1,0,0,0,0,0,0,5.64859E+20,5.95111E+21,9.98254E+15,5.37047E+16
120658,1,0,2,0,2018,5,10,3,3,2,6,0,0,1,0,1,0,0,0,5.73201E+20,6.01933E+21,1.01253E+16,5.43166E+16
120659,1,0,3,0,2018,5,13,6,3,2,2,0,0,1,0,0,0,0,0,6.10772E+20,5.97033E+21,1.06847E+16,5.38696E+16
120660,1,0,55,35,2018,5,23,7,3,5,3,2,0,1,0,1,0,0,0,6.14693E+20,5.97603E+21,1.07465E+16,5.392E+16
120661,1,0,54,131,2018,5,13,3,3,0,1,0,1,0,0,0,0,0,0,4.94103E+20,6.08073E+21,8.9081E+15,5.48736E+16
120662,1,0,58,54,2018,5,18,5,3,5,3,0,0,1,0,0,0,1,0,5.38456E+20,6.0181E+21,9.59107E+15,5.43093E+16
120663,1,0,51,48,2018,5,14,2,3,5,2,0,0,1,0,0,0,1,0,5.04824E+20,5.99973E+21,9.07385E+15,5.41457E+16
120664,1,0,51,44,2018,5,7,2,3,6,6,0,1,0,1,0,0,0,0,5.0579E+20,6.00535E+21,9.08874E+15,5.41962E+16
120665,1,0,55,12,2018,5,17,5,3,5,3,0,1,1,0,0,0,0,0,6.04667E+20,5.99978E+21,1.0602E+16,5.41355E+16
120666,1,0,56,15,2018,5,16,2,3,5,3,0,1,1,0,0,0,0,0,5.44265E+20,5.95543E+21,9.67121E+15,5.37457E+16
120667,1,0,54,88,2018,5,12,2,3,0,7,0,1,0,0,0,0,0,0,4.89998E+20,6.07041E+21,8.84448E+15,5.47808E+16
120668,1,0,56,15,2018,5,7,2,3,5,3,0,1,1,0,0,0,0,0,5.44278E+20,5.95536E+21,9.67139E+15,5.3745E+16
120669,1,0,53,90,2018,5,6,2,3,0,1,0,1,0,0,0,0,0,1,6.11783E+20,5.94359E+21,1.06904E+16,5.36292E+16
120670,1,0,56,39,2018,5,12,2,3,5,2,0,1,1,0,0,0,0,0,5.52531E+20,5.94729E+21,9.79516E+15,5.36717E+16
120671,1,0,2,0,2018,5,6,6,3,5,3,0,1,1,0,0,0,0,0,5.73993E+20,6.02362E+21,1.01385E+16,5.4355E+16
120672,1,0,54,168,2018,5,19,7,3,0,7,0,1,0,0,0,0,0,0,4.56057E+20,6.08659E+21,8.31433E+15,5.49243E+16
120673,1,0,60,63,2018,5,16,2,3,5,2,0,1,1,0,0,0,0,0,5.64987E+20,5.9515E+21,9.98456E+15,5.37082E+16
120674,1,0,60,44,2018,5,15,4,3,0,4,0,0,1,0,0,0,1,0,5.61803E+20,5.96385E+21,9.9388E+15,5.38195E+16
120675,1,0,51,74,2018,5,16,3,3,5,3,0,1,1,0,0,0,0,0,5.0514E+20,5.99348E+21,9.07859E+15,5.40895E+16
120676,1,0,58,5,2018,5,14,4,3,0,1,0,0,0,0,1,0,0,0,5.7312E+20,6.02856E+21,1.01263E+16,5.43996E+16
120677,1,0,60,5,2018,5,11,2,3,5,3,0,0,1,0,0,0,1,0,5.86501E+20,5.97698E+21,1.03176E+16,5.39339E+16
120678,1,0,58,135,2018,5,19,4,2,5,2,0,0,1,0,1,0,0,0,5.43197E+20,6.01792E+21,9.6639E+15,5.43073E+16
120679,1,0,57,15,2018,5,11,1,3,5,3,0,1,0,0,0,0,0,0,5.87847E+20,5.99729E+21,1.03439E+16,5.41163E+16
120680,1,0,2,0,2018,5,12,2,3,0,1,0,1,0,0,0,0,0,0,5.74185E+20,6.01617E+21,1.01397E+16,5.42881E+16
120681,1,0,56,32,2018,5,18,1,3,9,1,0,0,0,0,1,0,0,0,5.51787E+20,5.94911E+21,9.7842E+15,5.36881E+16
120682,1,0,58,43,2018,5,15,2,3,0,3,0,0,1,0,1,0,0,0,5.53888E+20,6.0343E+21,9.83116E+15,5.44535E+16
120683,1,0,56,15,2018,5,16,2,3,5,3,0,0,1,0,1,0,0,0,5.45618E+20,5.95553E+21,9.69174E+15,5.37464E+16
120684,1,0,1,0,2018,5,7,6,3,5,2,0,1,1,0,0,0,0,0,5.30485E+20,6.07149E+21,9.47408E+15,5.47897E+16
120685,1,0,60,63,2018,5,13,6,3,1,5,0,0,1,0,1,0,0,0,5.64793E+20,5.95102E+21,9.98152E+15,5.37038E+16
120686,1,0,55,32,2018,5,11,2,3,5,2,0,1,1,0,0,0,0,0,6.19633E+20,5.99537E+21,1.08292E+16,5.40926E+16
120687,1,0,55,12,2018,5,16,4,3,5,3,0,0,1,0,1,0,0,0,6.0535E+20,6.00053E+21,1.06127E+16,5.41421E+16
120688,1,0,56,39,2018,5,15,3,3,5,3,0,1,1,0,0,0,0,0,5.51122E+20,5.94503E+21,9.77346E+15,5.36515E+16
120689,1,0,3,0,2018,5,8,2,3,4,6,0,1,0,0,0,0,0,0,6.10751E+20,5.97199E+21,1.0685E+16,5.38846E+16
120690,1,0,54,1,2018,5,12,4,3,5,3,0,0,1,0,0,0,1,0,5.02306E+20,6.07117E+21,9.03586E+15,5.47877E+16
120691,1,0,60,5,2018,5,17,7,3,1,5,0,1,1,0,0,0,0,0,5.85376E+20,5.97898E+21,1.0301E+16,5.39521E+16
120692,1,0,60,63,2018,5,7,2,3,2,2,0,0,1,0,0,0,1,0,5.65869E+20,5.95287E+21,9.99822E+15,5.37203E+16
120693,1,0,51,64,2018,5,2,1,2,0,7,2,1,0,0,0,0,0,0,5.12725E+20,5.97998E+21,9.19397E+15,5.3968E+16
120694,1,0,3,0,2018,5,17,2,3,2,2,0,0,1,0,0,0,0,0,6.10487E+20,5.97019E+21,1.06803E+16,5.38685E+16
120695,1,0,4,0,2018,5,15,6,3,2,6,0,0,1,0,0,0,0,0,5.63265E+20,5.99362E+21,9.96718E+15,5.40868E+16
120696,1,0,60,63,2018,5,6,3,3,5,3,0,0,1,0,0,0,0,0,5.6749E+20,5.9539E+21,1.0023E+16,5.37294E+16
120697,1,0,58,135,2018,5,18,2,3,5,3,0,0,1,0,0,0,0,0,5.42928E+20,6.01806E+21,9.65978E+15,5.43086E+16
120698,1,0,55,16,2018,5,14,5,3,0,1,0,1,0,0,0,0,0,0,6.27878E+20,6.00147E+21,1.09578E+16,5.41454E+16
120699,1,0,53,32,2018,5,3,6,3,0,1,2,1,0,0,0,0,0,0,5.89827E+20,5.92356E+21,1.03527E+16,5.34534E+16
120700,1,0,2,0,2018,5,15,2,3,6,6,0,1,0,1,0,0,0,0,5.74486E+20,6.01868E+21,1.01449E+16,5.43106E+16
120701,1,0,60,63,2018,5,17,3,3,5,3,0,1,1,0,0,0,0,0,5.65836E+20,5.95326E+21,9.99779E+15,5.37238E+16
120702,1,0,2,0,2018,5,15,2,3,6,4,0,1,0,1,0,0,0,0,5.71842E+20,6.02121E+21,1.01049E+16,5.43337E+16
120703,1,0,62,1,2018,5,16,3,3,6,7,0,0,1,1,0,0,0,0,5.81674E+20,5.94785E+21,1.02363E+16,5.3673E+16
120704,1,0,54,56,2018,5,21,7,2,8,1,1,1,0,0,0,0,0,0,5.04097E+20,6.03776E+21,9.06324E+15,5.44875E+16
120705,1,0,55,42,2018,5,10,1,3,6,4,0,1,0,1,0,0,0,0,6.16926E+20,5.98456E+21,1.07837E+16,5.39961E+16
120706,1,0,2,0,2018,5,18,2,3,0,7,0,1,0,0,0,0,0,0,5.72966E+20,6.02239E+21,1.01224E+16,5.43441E+16
120707,1,0,56,44,2018,5,13,5,3,5,2,0,1,1,0,0,0,0,0,5.54682E+20,5.9384E+21,9.82615E+15,5.35916E+16
120708,1,0,60,63,2018,5,9,3,2,5,2,0,1,1,0,0,0,0,0,5.6886E+20,5.94879E+21,1.00426E+16,5.36833E+16
120709,1,0,59,113,2018,5,15,2,3,3,6,0,0,1,0,0,0,0,0,5.37898E+20,6.07965E+21,9.59043E+15,5.48625E+16
120710,1,0,58,43,2018,5,2,2,3,0,7,2,1,0,0,0,0,0,0,5.53845E+20,6.03647E+21,9.8309E+15,5.4473E+16
120711,1,0,56,50,2018,5,7,3,3,3,1,0,1,0,0,0,0,0,0,5.46663E+20,5.93682E+21,9.70478E+15,5.35782E+16
120712,1,0,60,63,2018,5,13,1,3,5,3,0,0,1,0,0,0,0,0,5.65225E+20,5.94517E+21,9.98683E+15,5.36512E+16
120713,1,0,56,43,2018,5,16,2,3,5,3,0,0,1,0,1,0,0,0,5.54892E+20,5.94533E+21,9.83055E+15,5.36539E+16
120714,1,0,62,1,2018,5,13,1,3,0,3,0,1,1,0,0,0,0,0,5.79907E+20,5.94643E+21,1.02092E+16,5.36605E+16
120715,1,0,55,16,2018,5,11,6,3,4,6,0,1,1,0,0,0,0,0,6.28313E+20,6.00193E+21,1.09647E+16,5.41494E+16
120716,1,0,53,129,2018,5,13,1,3,0,7,0,1,0,0,0,0,0,0,5.83074E+20,5.92766E+21,1.02522E+16,5.34913E+16
120717,1,0,54,168,2018,5,16,3,3,0,2,0,1,0,0,0,0,0,1,4.55163E+20,6.08491E+21,8.30065E+15,5.49092E+16
120718,1,0,53,100,2018,5,13,1,3,0,1,0,0,0,0,1,0,0,0,6.16871E+20,5.95149E+21,1.07703E+16,5.36991E+16
120719,1,0,53,90,2018,5,13,6,3,0,7,0,1,0,0,0,0,0,0,6.12617E+20,5.94009E+21,1.07017E+16,5.35975E+16
120720,1,0,60,44,2018,5,11,7,3,1,7,0,0,1,0,0,0,0,0,5.62043E+20,5.96671E+21,9.94303E+15,5.38452E+16
120721,1,0,58,22,2018,5,17,1,3,0,7,0,1,0,0,0,0,0,0,5.68304E+20,6.00339E+21,1.00464E+16,5.4174E+16
120722,1,0,3,0,2018,5,14,5,3,0,7,0,1,0,0,0,0,0,0,6.11097E+20,5.96981E+21,1.06895E+16,5.38649E+16
120723,1,0,62,16,2018,5,17,3,3,7,7,0,1,0,0,0,0,1,0,5.84859E+20,5.95771E+21,1.02873E+16,5.37611E+16
120724,1,0,57,62,2018,5,20,1,2,5,2,0,1,1,0,0,0,0,0,5.82875E+20,6.00964E+21,1.02713E+16,5.4228E+16
120725,1,0,54,149,2018,5,21,2,2,8,1,0,1,0,0,0,0,0,0,4.56379E+20,6.08777E+21,8.31918E+15,5.4935E+16
120726,1,0,2,0,2018,5,15,1,3,2,1,0,0,1,0,0,0,0,0,5.76301E+20,6.01691E+21,1.01723E+16,5.42944E+16
120727,1,0,62,94,2018,5,16,2,3,1,7,0,0,1,0,0,1,0,0,5.99127E+20,5.96492E+21,1.05059E+16,5.38234E+16
120728,1,0,54,56,2018,5,14,1,3,6,4,0,1,0,1,0,0,0,0,5.05703E+20,6.03625E+21,9.08801E+15,5.44739E+16
120729,1,0,1,0,2018,5,13,6,3,2,6,0,1,0,0,0,0,0,0,5.3113E+20,6.07406E+21,9.4844E+15,5.48127E+16
120730,1,0,54,88,2018,5,11,7,3,5,2,0,1,1,0,0,0,0,0,4.89241E+20,6.07153E+21,8.83268E+15,5.47908E+16