OBJECTID_1,ULAND,UREGBEZ,UKREIS,UGEMEINDE,UJAHR,UMONAT,USTUNDE,UWOCHENTAG,UKATEGORIE,UART,UTYP1,ULICHTVERH,IstRad,IstPKW,IstFuss,IstKrad,IstGkfz,IstSonstig,STRZUSTAND,LINREFX,LINREFY,XGCSWGS84,YGCSWGS84
120731,1,0,59,176,2018,5,16,1,3,0,1,0,1,0,0,0,0,0,0,5.33117E+20,6.0734E+21,9.51523E+15,5.48067E+16
120732,1,0,56,15,2018,5,20,4,3,0,7,0,1,0,0,0,0,0,0,5.43311E+20,5.95523E+21,9.65672E+15,5.37439E+16
120733,1,0,58,135,2018,5,13,7,2,0,1,0,1,0,0,0,0,0,0,5.43637E+20,6.01626E+21,9.67042E+15,5.42924E+16
120734,1,0,61,46,2018,5,14,7,3,2,6,0,0,1,0,0,0,0,0,5.32823E+20,5.97831E+21,9.50017E+15,5.39521E+16
120735,1,0,2,0,2018,5,15,5,3,0,7,0,1,0,0,0,0,0,0,5.73788E+20,6.02554E+21,1.01359E+16,5.43723E+16
120736,1,0,53,90,2018,5,9,3,3,5,2,0,1,0,0,1,0,0,0,6.12071E+20,5.94161E+21,1.0694E+16,5.36113E+16
120737,1,0,55,28,2018,5,11,7,2,9,1,0,0,0,0,1,0,0,0,6.00709E+20,6.0076E+21,1.05441E+16,5.42065E+16
120738,1,0,55,16,2018,5,14,4,3,9,1,0,1,0,0,0,0,0,0,6.28144E+20,6.00147E+21,1.09619E+16,5.41453E+16
120739,1,0,55,32,2018,5,15,1,3,0,7,0,1,0,0,0,0,0,0,6.18066E+20,5.99654E+21,1.08057E+16,5.41035E+16
120740,1,0,2,0,2018,5,7,2,3,4,6,0,1,1,0,0,0,0,1,5.7806E+20,6.02063E+21,1.02003E+16,5.43275E+16
120741,1,0,54,56,2018,5,13,7,3,5,3,0,1,1,0,0,0,0,0,5.03065E+20,6.03621E+21,9.0473E+15,5.44736E+16
120742,1,0,60,63,2018,5,8,5,3,6,4,0,0,0,1,0,0,1,0,5.66917E+20,5.95372E+21,1.00143E+16,5.37279E+16
120743,1,0,56,49,2018,5,12,6,3,0,7,0,1,0,0,0,0,0,0,5.45015E+20,5.94832E+21,9.68155E+15,5.36817E+16
120744,1,0,56,43,2018,5,10,6,3,5,3,0,0,1,0,0,0,0,0,5.58764E+20,5.94247E+21,9.88858E+15,5.36277E+16
120745,1,0,53,32,2018,5,16,3,3,2,2,0,0,1,0,0,0,1,0,5.89202E+20,5.92148E+21,1.03428E+16,5.34348E+16
120746,1,0,56,28,2018,5,20,6,3,1,7,1,0,1,0,0,0,0,0,5.44386E+20,5.94115E+21,9.671E+15,5.36173E+16
120747,1,0,61,49,2018,5,16,3,3,3,2,0,1,1,0,0,0,0,0,5.46795E+20,5.97813E+21,9.71303E+15,5.39494E+16
120748,1,0,3,0,2018,5,19,7,2,3,6,0,1,0,0,0,0,0,0,6.10921E+20,5.96987E+21,1.06868E+16,5.38654E+16
120749,1,0,55,4,2018,5,18,3,3,5,2,0,1,1,0,0,0,0,0,6.0975E+20,5.97409E+21,1.06705E+16,5.39036E+16
120750,1,0,56,43,2018,5,13,6,3,5,3,0,1,1,0,0,0,0,0,5.54989E+20,5.94459E+21,9.83189E+15,5.36472E+16
120751,1,0,2,0,2018,5,19,4,3,5,3,0,0,1,0,0,0,0,0,5.77211E+20,6.01634E+21,1.01862E+16,5.42892E+16
120752,1,0,59,77,2018,5,19,1,3,0,1,0,1,0,0,0,0,0,0,5.31125E+20,6.04157E+21,9.48085E+15,5.45208E+16
120753,1,0,54,88,2018,5,15,2,3,4,1,0,1,0,0,0,0,0,0,4.89318E+20,6.07148E+21,8.83388E+15,5.47904E+16
120754,1,0,62,1,2018,5,15,6,3,6,7,0,0,1,1,0,0,0,0,5.81885E+20,5.94799E+21,1.02396E+16,5.36743E+16
120755,1,0,62,23,2018,5,7,6,3,5,3,0,1,1,0,0,0,0,0,5.83544E+20,5.94563E+21,1.0264E+16,5.36527E+16
120756,1,0,55,43,2018,5,10,3,2,6,7,0,0,0,1,0,0,1,0,6.16862E+20,6.01961E+21,1.07963E+16,5.4311E+16
120757,1,0,53,32,2018,5,9,6,3,5,2,0,1,1,0,0,0,0,0,5.91889E+20,5.92154E+21,1.03832E+16,5.34349E+16
120758,1,0,55,42,2018,5,13,3,3,6,6,0,1,0,1,0,0,0,0,6.16731E+20,5.98489E+21,1.07809E+16,5.39991E+16
120759,1,0,58,135,2018,5,22,6,2,0,7,2,1,0,0,0,0,0,0,5.4169E+20,6.01942E+21,9.64096E+15,5.43209E+16
120760,1,0,2,0,2018,5,19,4,3,4,6,0,1,0,0,0,0,0,0,5.74029E+20,6.01912E+21,1.0138E+16,5.43146E+16
120761,1,0,55,33,2018,5,10,3,2,0,7,0,1,0,0,0,0,0,0,6.23019E+20,6.01765E+21,1.08901E+16,5.4292E+16
120762,1,0,60,63,2018,5,11,6,3,5,3,0,1,1,0,0,0,0,0,5.6596E+20,5.94856E+21,9.99867E+15,5.36816E+16
120763,1,0,54,83,2018,5,16,1,3,0,1,0,1,0,0,0,0,0,0,4.68826E+20,6.06315E+21,8.51609E+15,5.47147E+16
120764,1,0,2,0,2018,5,18,6,2,5,2,0,1,1,0,0,0,0,0,5.72914E+20,6.01928E+21,1.01209E+16,5.43162E+16
120765,1,0,62,60,2018,5,13,5,3,5,3,0,1,1,0,0,0,0,0,5.82539E+20,5.93105E+21,1.0245E+16,5.35219E+16
120766,1,0,58,127,2018,5,5,3,2,4,6,1,0,1,0,0,0,0,0,5.39721E+20,6.02794E+21,9.61182E+15,5.43976E+16
120767,1,0,56,50,2018,5,14,1,3,1,5,0,1,1,0,0,0,0,0,5.47105E+20,5.93648E+21,9.7114E+15,5.3575E+16
120768,1,0,54,88,2018,5,14,6,3,5,3,0,1,1,0,0,0,0,0,4.88601E+20,6.0707E+21,8.82276E+15,5.47834E+16
120769,1,0,2,0,2018,5,12,6,3,3,6,0,1,1,0,0,1,0,0,5.73368E+20,6.02173E+21,1.01285E+16,5.43381E+16
120770,1,0,2,0,2018,5,16,3,3,1,7,0,1,1,0,0,0,0,0,5.74926E+20,6.02891E+21,1.01542E+16,5.44024E+16
120771,1,0,59,149,2018,5,5,6,3,9,1,0,0,1,0,0,0,0,0,5.11431E+20,6.06537E+21,9.17753E+15,5.47355E+16
120772,1,0,62,6,2018,5,19,2,3,5,3,0,1,0,0,0,0,0,0,5.82372E+20,5.95406E+21,1.02486E+16,5.37287E+16
120773,1,0,2,0,2018,5,17,3,3,5,3,0,1,1,0,0,0,0,0,5.73663E+20,6.02044E+21,1.01327E+16,5.43265E+16
120774,1,0,54,59,2018,5,7,6,2,9,1,0,0,0,0,1,0,0,0,5.08651E+20,6.05638E+21,9.13408E+15,5.46548E+16
120775,1,0,60,63,2018,5,13,2,3,5,3,0,1,1,0,0,0,0,0,5.65798E+20,5.9537E+21,9.99731E+15,5.37278E+16
120776,1,0,53,90,2018,5,14,5,3,2,2,0,0,1,0,0,0,0,0,6.11937E+20,5.94381E+21,1.06928E+16,5.36311E+16
120777,1,0,55,44,2018,5,16,6,3,3,6,0,1,0,0,0,0,0,0,6.14943E+20,5.98832E+21,1.07549E+16,5.40303E+16
120778,1,0,55,32,2018,5,20,4,3,5,3,0,1,1,0,0,0,0,0,6.18895E+20,5.99689E+21,1.08186E+16,5.41064E+16
120779,1,0,53,38,2018,5,12,7,3,5,3,0,0,1,0,0,0,1,0,6.01674E+20,5.96009E+21,1.0543E+16,5.37794E+16
120780,1,0,53,32,2018,5,9,5,3,0,1,0,0,0,0,1,0,0,0,5.91242E+20,5.92164E+21,1.03735E+16,5.34359E+16
120781,1,0,58,54,2018,5,7,5,3,4,6,0,1,0,0,0,0,0,0,5.40503E+20,6.01703E+21,9.62238E+15,5.42996E+16
120782,1,0,54,56,2018,5,12,3,3,0,1,0,1,0,0,0,0,0,0,5.02784E+20,6.03671E+21,9.04296E+15,5.44781E+16
120783,1,0,2,0,2018,5,2,5,2,0,1,2,1,0,0,0,0,0,0,5.77081E+20,6.02098E+21,1.01854E+16,5.43309E+16
120784,1,0,1,0,2018,5,22,2,3,0,7,2,1,0,0,0,0,0,0,5.30212E+20,6.0719E+21,9.46989E+15,5.47934E+16
120785,1,0,54,168,2018,5,11,3,3,6,6,0,1,0,1,0,0,0,0,4.56061E+20,6.08412E+21,8.31478E+15,5.49022E+16
120786,1,0,55,25,2018,5,13,2,3,1,5,0,1,1,0,0,0,0,0,6.34718E+20,6.00727E+21,1.10651E+16,5.41957E+16
120787,1,0,2,0,2018,5,12,5,3,5,3,0,0,1,0,0,0,0,0,5.73695E+20,6.02208E+21,1.01336E+16,5.43413E+16
120788,1,0,57,29,2018,5,10,2,2,0,1,0,1,0,0,0,0,0,0,5.97546E+20,6.02533E+21,1.05014E+16,5.43664E+16
120789,1,0,1,0,2018,5,7,3,3,5,3,0,1,1,0,0,0,0,0,5.29361E+20,6.07307E+21,9.45677E+15,5.4804E+16
120790,1,0,2,0,2018,5,12,5,3,5,3,0,1,1,0,0,0,0,0,5.73279E+20,6.02106E+21,1.01269E+16,5.43322E+16
120791,1,0,62,18,2018,5,7,2,3,0,1,0,1,0,0,0,0,0,0,5.81771E+20,5.93317E+21,1.0234E+16,5.3541E+16
120792,1,0,61,29,2018,5,16,4,3,5,3,0,1,1,0,0,0,0,0,5.28027E+20,5.95983E+21,9.4254E+15,5.37863E+16
120793,1,0,58,127,2018,5,18,6,3,9,7,0,0,1,0,0,0,0,0,5.38182E+20,6.02798E+21,9.58811E+15,5.43981E+16
120794,1,0,2,0,2018,5,15,7,3,0,6,0,0,1,0,1,0,0,0,5.73381E+20,6.01587E+21,1.01272E+16,5.42854E+16
120795,1,0,61,46,2018,5,7,4,2,5,2,0,1,1,0,0,0,0,0,5.353E+20,5.97554E+21,9.53758E+15,5.39271E+16
120796,1,0,54,56,2018,5,8,5,3,5,3,0,1,1,0,0,0,0,0,5.03418E+20,6.03683E+21,9.05276E+15,5.44791E+16
120797,1,0,59,45,2018,5,10,3,3,6,2,0,0,1,1,0,0,0,0,5.59782E+20,6.05758E+21,9.92679E+15,5.4662E+16
120798,1,0,56,39,2018,5,7,4,3,6,7,0,1,0,1,0,0,0,0,5.51836E+20,5.94548E+21,9.78434E+15,5.36555E+16
120799,1,0,58,135,2018,5,20,4,3,2,6,0,0,1,0,0,0,0,0,5.42338E+20,6.01848E+21,9.65079E+15,5.43124E+16
120800,1,0,58,124,2018,5,20,1,3,7,7,0,0,1,0,0,0,0,0,5.46685E+20,6.01561E+21,9.71715E+15,5.42863E+16
120801,1,0,57,85,2018,5,15,2,3,0,7,0,1,0,0,0,0,0,0,5.78396E+20,5.99623E+21,1.01991E+16,5.41083E+16
120802,1,0,56,18,2018,5,13,4,3,5,3,0,0,1,0,0,0,0,0,5.56327E+20,5.94107E+21,9.85149E+15,5.36154E+16
120803,1,0,3,0,2018,5,15,5,3,5,3,0,0,1,0,0,0,0,0,6.13702E+20,5.96948E+21,1.07289E+16,5.38613E+16
120804,1,0,62,1,2018,5,13,6,3,5,2,0,1,0,0,0,1,0,0,5.82522E+20,5.94927E+21,1.02496E+16,5.36856E+16
120805,1,0,56,39,2018,5,10,4,3,0,1,0,0,1,0,0,0,1,0,5.52495E+20,5.94609E+21,9.79441E+15,5.36609E+16
120806,1,0,59,75,2018,5,18,6,2,2,6,0,0,1,0,1,0,0,0,5.36061E+20,6.04167E+21,9.55713E+15,5.45213E+16
120807,1,0,61,46,2018,5,15,6,2,5,2,0,1,1,0,0,0,0,0,5.33598E+20,5.97788E+21,9.51193E+15,5.39482E+16
120808,1,0,62,69,2018,5,13,4,3,5,3,0,1,1,0,0,0,0,0,5.85426E+20,5.94388E+21,1.0292E+16,5.36367E+16
120809,1,0,3,0,2018,5,7,4,3,2,2,0,0,1,0,0,0,0,0,6.10534E+20,5.96995E+21,1.0681E+16,5.38663E+16
120810,1,0,54,56,2018,5,11,3,3,5,2,0,1,0,0,0,0,0,0,5.03443E+20,6.03666E+21,9.05313E+15,5.44776E+16
120811,1,0,62,60,2018,5,7,4,3,2,2,0,0,1,0,1,0,0,0,5.82848E+20,5.93025E+21,1.02494E+16,5.35147E+16
120812,1,0,54,76,2018,5,15,4,3,5,3,0,1,1,0,0,0,0,0,4.98038E+20,6.06888E+21,8.9695E+15,5.47671E+16
120813,1,0,60,43,2018,5,14,7,3,5,3,0,0,1,0,0,0,0,0,5.75854E+20,5.96214E+21,1.01518E+16,5.38023E+16
120814,1,0,60,5,2018,5,8,2,3,5,3,0,1,1,0,0,0,0,0,5.85763E+20,5.97779E+21,1.03066E+16,5.39414E+16
120815,1,0,61,46,2018,5,2,1,3,0,7,2,1,0,0,0,0,0,0,5.35622E+20,5.97562E+21,9.5425E+15,5.39278E+16
120816,1,0,62,53,2018,5,7,4,2,0,7,0,0,0,0,0,1,0,0,5.77858E+20,5.93339E+21,1.0175E+16,5.35437E+16
120817,1,0,3,0,2018,5,11,6,3,0,3,0,1,1,0,0,0,0,0,6.13136E+20,5.96931E+21,1.07203E+16,5.38599E+16
120818,1,0,51,71,2018,5,18,2,3,6,7,0,0,1,1,0,0,0,0,5.01528E+20,6.02038E+21,9.02349E+15,5.43312E+16
120819,1,0,55,40,2018,5,8,4,3,9,1,0,0,1,0,0,0,0,0,6.09242E+20,5.97373E+21,1.06627E+16,5.39005E+16
120820,1,0,60,63,2018,5,19,2,3,7,7,0,1,0,0,0,0,1,0,5.65082E+20,5.95415E+21,9.98655E+15,5.3732E+16
120821,1,0,3,0,2018,5,22,4,3,5,3,2,0,1,0,0,0,0,0,6.18457E+20,5.97452E+21,1.08032E+16,5.39055E+16
120822,1,0,2,0,2018,5,23,3,3,5,7,2,1,1,0,0,0,0,0,5.72154E+20,6.02111E+21,1.01096E+16,5.43328E+16
120823,1,0,58,43,2018,5,16,4,3,5,3,0,1,1,0,0,0,0,0,5.54108E+20,6.03735E+21,9.83512E+15,5.44809E+16
120824,1,0,4,0,2018,5,7,4,3,6,4,0,0,1,1,0,0,0,0,5.62373E+20,5.99118E+21,9.95304E+15,5.40651E+16
120825,1,0,57,83,2018,5,15,4,2,8,1,0,0,0,0,1,0,0,0,5.67512E+20,5.99523E+21,1.00324E+16,5.41008E+16
120826,1,0,62,1,2018,5,10,3,3,5,3,0,1,1,0,0,0,0,0,5.81911E+20,5.94831E+21,1.02401E+16,5.36771E+16
120827,1,0,2,0,2018,5,19,7,3,0,1,0,1,0,0,0,0,0,0,5.71594E+20,6.01663E+21,1.01E+16,5.42925E+16
120828,1,0,62,61,2018,5,17,1,2,0,7,0,1,0,0,0,0,0,0,5.97807E+20,5.96564E+21,1.04861E+16,5.38301E+16
120829,1,0,59,149,2018,5,13,4,3,5,3,0,1,1,0,0,0,0,0,5.10659E+20,6.06521E+21,9.16554E+15,5.4734E+16
120830,1,0,60,63,2018,5,15,5,3,5,3,0,1,1,0,0,0,0,0,5.65796E+20,5.95109E+21,9.99672E+15,5.37043E+16
120831,1,0,1,0,2018,5,20,4,3,5,3,0,1,1,0,0,0,0,0,5.26405E+20,6.07333E+21,9.41081E+15,5.48064E+16
120832,1,0,55,42,2018,5,11,2,3,0,7,0,1,0,0,0,0,0,0,6.16894E+20,5.98459E+21,1.07832E+16,5.39963E+16
120833,1,0,54,164,2018,5,11,4,2,5,3,0,1,1,0,0,0,0,0,4.71932E+20,6.06015E+21,8.56459E+15,5.46879E+16
120834,1,0,56,50,2018,5,9,2,3,8,1,0,0,1,1,0,0,0,0,5.47631E+20,5.93617E+21,9.71929E+15,5.35722E+16
120835,1,0,61,46,2018,5,13,3,2,6,3,0,0,1,1,0,0,0,0,5.33767E+20,5.97746E+21,9.51445E+15,5.39445E+16
120836,1,0,55,21,2018,5,7,6,3,5,3,0,1,1,0,0,0,0,0,6.28804E+20,6.02653E+21,1.09827E+16,5.43702E+16
120837,1,0,58,135,2018,5,20,7,2,5,3,0,1,1,0,0,0,0,0,5.45805E+20,6.01777E+21,9.70395E+15,5.43057E+16
120838,1,0,56,39,2018,5,13,3,3,5,3,0,0,1,0,1,0,0,0,5.52974E+20,5.94784E+21,9.80195E+15,5.36766E+16
120839,1,0,60,63,2018,5,13,6,3,6,4,0,0,1,1,0,0,0,0,5.65993E+20,5.94859E+21,9.99918E+15,5.36819E+16
120840,1,0,56,48,2018,5,11,7,3,6,7,0,0,0,1,0,0,1,0,5.47006E+20,5.95023E+21,9.71198E+15,5.36987E+16
120841,1,0,60,28,2018,5,9,3,3,5,3,0,0,0,0,0,0,1,0,5.74785E+20,5.98816E+21,1.01419E+16,5.40362E+16
120842,1,0,3,0,2018,5,11,5,3,5,3,0,1,1,0,0,0,0,0,6.08927E+20,5.9716E+21,1.06571E+16,5.38814E+16
120843,1,0,56,50,2018,5,15,3,3,2,6,0,0,1,0,1,0,0,0,5.48372E+20,5.93614E+21,9.73048E+15,5.35719E+16
120844,1,0,59,176,2018,5,17,2,3,0,7,0,1,0,0,0,0,0,0,5.33424E+20,6.07241E+21,9.51989E+15,5.47978E+16
120845,1,0,56,15,2018,5,15,3,2,6,4,0,0,1,1,0,0,0,0,5.4381E+20,5.95645E+21,9.66446E+15,5.37549E+16
120846,1,0,53,103,2018,5,17,2,3,5,3,0,1,1,0,0,0,0,0,6.07303E+20,5.95812E+21,1.06277E+16,5.37606E+16
120847,1,0,60,63,2018,5,16,3,3,3,2,0,1,1,0,0,0,0,0,5.68339E+20,5.95072E+21,1.00352E+16,5.37007E+16
120848,1,0,54,168,2018,5,12,6,3,1,7,0,0,1,0,0,0,0,0,4.55594E+20,6.08518E+21,8.30733E+15,5.49117E+16
120849,1,0,54,168,2018,5,18,7,3,9,1,0,1,0,0,0,0,0,0,4.55456E+20,6.08525E+21,8.30516E+15,5.49123E+16
120850,1,0,56,43,2018,5,16,3,3,6,4,0,1,0,1,0,0,0,0,5.54343E+20,5.94514E+21,9.8222E+15,5.36522E+16
120851,1,0,56,18,2018,5,16,4,3,1,5,0,0,1,0,0,0,0,0,5.56095E+20,5.94326E+21,9.84838E+15,5.36351E+16
120852,1,0,58,135,2018,5,16,4,3,5,2,0,1,1,0,0,0,0,0,5.44234E+20,6.01733E+21,9.67975E+15,5.4302E+16
120853,1,0,62,9,2018,5,15,3,3,5,3,0,1,1,0,0,0,0,0,5.78196E+20,5.93554E+21,1.01806E+16,5.35629E+16
120854,1,0,2,0,2018,5,11,4,3,5,3,0,0,1,0,0,0,0,0,5.74526E+20,6.01906E+21,1.01456E+16,5.4314E+16
120855,1,0,58,43,2018,5,14,5,3,6,4,0,0,1,1,0,0,0,0,5.54073E+20,6.0353E+21,9.8342E+15,5.44625E+16
120856,1,0,3,0,2018,5,10,3,3,3,6,0,1,0,0,0,1,0,0,6.1279E+20,5.96957E+21,1.07151E+16,5.38624E+16
120857,1,0,56,44,2018,5,19,1,3,6,7,0,1,0,1,0,0,0,0,5.53668E+20,5.93939E+21,9.81101E+15,5.36006E+16
120858,1,0,58,24,2018,5,15,2,3,0,7,0,1,0,0,0,0,0,0,5.46047E+20,6.02051E+21,9.7081E+15,5.43304E+16
120859,1,0,2,0,2018,5,7,3,3,3,6,0,1,1,0,0,0,0,0,5.75113E+20,6.01683E+21,1.01541E+16,5.42939E+16
120860,1,0,61,46,2018,5,13,5,3,5,3,0,0,1,0,0,0,0,0,5.33541E+20,5.97602E+21,9.51085E+15,5.39315E+16
120861,1,0,56,39,2018,5,7,6,3,5,2,0,1,1,0,0,0,0,0,5.52319E+20,5.94604E+21,9.79174E+15,5.36605E+16
120862,1,0,54,149,2018,5,16,3,3,8,1,0,1,0,0,0,0,1,0,4.5699E+20,6.0879E+21,8.32869E+15,5.49362E+16
120863,1,0,54,168,2018,5,20,3,2,0,7,0,1,0,0,0,0,0,0,4.55262E+20,6.08415E+21,8.30231E+15,5.49023E+16
120864,1,0,54,168,2018,5,11,4,3,2,6,0,1,0,0,0,0,0,0,4.55152E+20,6.08405E+21,8.30061E+15,5.49015E+16
120865,1,0,60,5,2018,5,10,7,3,0,1,0,1,0,0,0,0,0,0,5.86E+20,5.97865E+21,1.03104E+16,5.39491E+16
120866,1,0,60,63,2018,5,14,2,3,0,7,0,1,0,0,0,0,0,0,5.65954E+20,5.95171E+21,9.99926E+15,5.37099E+16
120867,1,0,56,15,2018,5,18,1,2,5,3,0,0,1,0,0,0,1,0,5.43841E+20,5.95504E+21,9.66472E+15,5.37422E+16
120868,1,0,60,63,2018,6,15,3,3,0,7,0,1,0,0,0,0,0,0,5.65391E+20,5.94897E+21,9.99015E+15,5.36854E+16
120869,1,0,2,0,2018,6,8,3,3,0,7,0,1,0,0,0,0,0,0,5.73262E+20,6.01898E+21,1.01262E+16,5.43134E+16
120870,1,0,56,15,2018,6,7,3,3,5,3,0,1,1,0,0,0,0,0,5.43804E+20,5.95652E+21,9.66438E+15,5.37554E+16
120871,1,0,54,168,2018,6,1,7,2,1,5,2,1,0,0,0,1,0,0,4.55296E+20,6.08511E+21,8.30269E+15,5.4911E+16
120872,1,0,60,39,2018,6,12,4,3,3,6,0,0,1,1,0,0,0,0,5.65694E+20,5.95655E+21,9.99634E+15,5.37534E+16
120873,1,0,58,135,2018,6,10,4,3,5,3,0,1,1,0,0,0,0,0,5.43811E+20,6.0166E+21,9.67314E+15,5.42954E+16
120874,1,0,56,18,2018,6,11,3,3,2,6,0,0,1,0,0,0,0,0,5.56914E+20,5.94173E+21,9.86047E+15,5.36213E+16
120875,1,0,53,43,2018,6,6,4,2,5,3,0,1,1,0,0,0,0,0,6.13716E+20,5.96179E+21,1.07263E+16,5.37922E+16
120876,1,0,60,63,2018,6,18,3,3,4,7,0,0,1,0,0,0,0,0,5.64769E+20,5.95231E+21,9.98143E+15,5.37155E+16
120877,1,0,3,0,2018,6,14,2,3,5,3,0,1,1,0,0,0,0,0,6.11429E+20,5.97126E+21,1.0695E+16,5.38778E+16
120878,1,0,4,0,2018,6,22,3,3,0,3,2,1,1,0,0,0,0,0,5.64916E+20,5.99232E+21,9.99213E+15,5.4075E+16
120879,1,0,54,138,2018,6,9,6,3,5,2,0,1,0,0,0,0,0,0,4.96296E+20,6.01866E+21,8.94305E+15,5.43158E+16
120880,1,0,58,43,2018,6,13,4,3,6,6,0,1,0,1,0,0,0,0,5.55185E+20,6.03747E+21,9.85176E+15,5.44819E+16
120881,1,0,4,0,2018,6,20,3,3,2,6,0,0,1,0,0,0,0,0,5.63904E+20,5.99162E+21,9.97652E+15,5.40688E+16
120882,1,0,53,32,2018,6,0,6,3,3,6,2,1,1,0,0,0,0,0,5.89705E+20,5.92144E+21,1.03503E+16,5.34344E+16
120883,1,0,55,33,2018,6,14,4,3,0,7,0,1,0,0,0,0,0,0,6.22166E+20,6.01752E+21,1.08769E+16,5.4291E+16
120884,1,0,58,77,2018,6,8,2,3,5,3,0,1,1,0,0,0,0,0,5.42703E+20,5.99377E+21,9.65288E+15,5.40903E+16
120885,1,0,61,46,2018,5,17,4,3,6,4,0,0,1,1,0,0,0,0,5.33737E+20,5.97542E+21,9.51377E+15,5.39261E+16
120886,1,0,61,46,2018,6,11,3,2,1,5,0,0,1,0,1,0,0,0,5.31548E+20,5.97303E+21,9.48019E+15,5.39048E+16
120887,1,0,4,0,2018,6,17,3,3,5,3,0,0,1,0,0,0,0,0,5.64515E+20,5.9924E+21,9.98603E+15,5.40758E+16
120888,1,0,3,0,2018,6,14,4,2,0,7,0,1,0,0,0,0,0,1,6.11238E+20,5.97297E+21,1.06928E+16,5.38932E+16
120889,1,0,57,91,2018,6,19,3,3,5,2,0,1,1,0,0,0,0,0,5.78668E+20,6.01831E+21,1.02091E+16,5.43066E+16
120890,1,0,60,63,2018,6,18,5,3,2,2,0,0,1,0,0,0,0,0,5.6583E+20,5.9494E+21,9.99688E+15,5.36891E+16
120891,1,0,54,6,2018,6,13,2,3,5,3,0,0,1,0,0,0,0,0,5.00817E+20,6.0487E+21,9.01265E+15,5.45858E+16
120892,1,0,4,0,2018,6,13,5,2,5,2,0,0,1,0,0,0,0,0,5.63946E+20,5.99238E+21,9.97732E+15,5.40757E+16
120893,1,0,54,113,2018,6,8,3,2,5,3,0,1,1,0,0,0,0,0,4.76359E+20,6.01756E+21,8.63667E+15,5.43053E+16
120894,1,0,51,73,2018,6,7,5,2,5,3,0,1,1,0,0,0,0,0,4.9879E+20,5.97815E+21,8.98156E+15,5.39517E+16
120895,1,0,54,56,2018,6,16,4,3,0,1,0,1,0,0,0,0,0,0,5.02482E+20,6.03759E+21,9.03832E+15,5.4486E+16
120896,1,0,3,0,2018,6,8,3,3,1,5,0,1,1,0,0,0,0,0,6.12348E+20,5.96961E+21,1.07084E+16,5.38628E+16
120897,1,0,54,56,2018,6,14,3,3,2,2,0,1,1,0,0,0,0,0,5.03296E+20,6.03803E+21,9.05089E+15,5.44898E+16
120898,1,0,60,63,2018,6,15,3,3,4,6,0,0,1,0,0,0,0,0,5.65636E+20,5.95118E+21,9.99432E+15,5.37051E+16
120899,1,0,54,56,2018,6,14,3,3,6,7,0,0,1,1,0,0,0,0,5.03047E+20,6.03647E+21,9.04702E+15,5.44758E+16
120900,1,0,62,4,2018,6,15,3,3,5,2,0,0,1,0,0,0,0,0,5.89794E+20,5.96252E+21,1.03635E+16,5.38035E+16
120901,1,0,61,85,2018,6,18,2,2,5,3,0,1,1,0,0,0,0,0,5.31399E+20,5.98767E+21,9.47944E+15,5.40363E+16
120902,1,0,2,0,2018,6,18,4,3,5,3,0,0,1,0,1,0,0,0,5.74195E+20,6.02155E+21,1.01411E+16,5.43364E+16
120903,1,0,56,39,2018,6,16,2,3,0,1,0,1,0,0,0,0,0,0,5.52646E+20,5.94631E+21,9.79673E+15,5.36629E+16
120904,1,0,56,43,2018,6,10,5,3,0,7,0,1,0,0,0,0,0,0,5.57958E+20,5.94328E+21,9.87655E+15,5.36351E+16
120905,1,0,56,1,2018,6,21,1,3,4,5,0,0,1,0,0,0,0,0,5.49959E+20,5.94594E+21,9.75602E+15,5.36598E+16
120906,1,0,2,0,2018,6,23,5,3,1,5,2,0,1,0,0,0,0,0,5.69484E+20,6.01937E+21,1.00682E+16,5.43174E+16
120907,1,0,56,18,2018,6,7,2,3,5,3,0,1,1,0,0,0,0,0,5.56277E+20,5.94317E+21,9.85111E+15,5.36343E+16
120908,1,0,3,0,2018,6,5,5,3,5,2,0,0,1,0,0,0,0,0,6.06196E+20,5.97001E+21,1.0615E+16,5.38677E+16
120909,1,0,60,63,2018,6,9,2,3,5,3,0,1,1,0,0,0,0,0,5.64926E+20,5.94964E+21,9.98324E+15,5.36914E+16
120910,1,0,62,1,2018,6,19,2,3,2,2,0,0,1,0,0,0,0,0,5.82712E+20,5.94518E+21,1.02513E+16,5.36488E+16
120911,1,0,57,51,2018,6,10,3,2,0,1,0,1,0,0,0,0,0,1,5.77006E+20,6.02314E+21,1.01848E+16,5.43503E+16
120912,1,0,53,95,2018,6,16,2,3,0,1,0,1,0,0,0,0,0,0,6.06604E+20,5.93826E+21,1.06103E+16,5.35824E+16
120913,1,0,58,22,2018,6,3,7,3,9,1,2,0,1,0,0,0,0,0,5.67148E+20,6.00319E+21,1.00287E+16,5.41724E+16
120914,1,0,56,43,2018,6,15,4,3,2,6,0,0,1,0,0,0,0,0,5.55657E+20,5.94429E+21,9.84193E+15,5.36445E+16
120915,1,0,55,15,2018,6,15,5,2,5,3,0,1,1,0,0,0,0,0,6.26878E+20,6.02157E+21,1.0951E+16,5.43262E+16
120916,1,0,2,0,2018,6,21,1,3,4,6,0,1,0,0,0,0,0,0,5.74484E+20,6.02102E+21,1.01454E+16,5.43316E+16
120917,1,0,54,106,2018,6,8,5,3,5,3,0,0,1,0,0,0,0,0,5.07911E+20,6.03268E+21,9.12198E+15,5.44417E+16