OBJECTID_1,ULAND,UREGBEZ,UKREIS,UGEMEINDE,UJAHR,UMONAT,USTUNDE,UWOCHENTAG,UKATEGORIE,UART,UTYP1,ULICHTVERH,IstRad,IstPKW,IstFuss,IstKrad,IstGkfz,IstSonstig,STRZUSTAND,LINREFX,LINREFY,XGCSWGS84,YGCSWGS84
120918,1,0,62,23,2018,6,15,2,3,9,6,0,1,0,0,0,0,0,0,5.84018E+20,5.9452E+21,1.02711E+16,5.36488E+16
120919,1,0,59,120,2018,6,12,5,3,1,6,0,0,1,0,0,1,0,0,5.23942E+20,6.07194E+21,9.37238E+15,5.47941E+16
120920,1,0,53,83,2018,6,8,2,3,6,2,0,0,1,1,0,0,0,0,6.02575E+20,5.91502E+21,1.05419E+16,5.33743E+16
120921,1,0,51,44,2018,5,11,4,3,5,3,0,1,1,0,0,0,0,1,5.06014E+20,6.005E+21,9.09217E+15,5.4193E+16
120922,1,0,55,42,2018,6,17,2,3,5,3,0,0,1,0,0,0,1,0,6.15577E+20,5.98442E+21,1.07631E+16,5.39952E+16
120923,1,0,61,46,2018,6,8,2,3,5,3,0,0,1,0,0,0,0,0,5.34293E+20,5.97609E+21,9.52231E+15,5.39321E+16
120924,1,0,55,21,2018,6,18,2,3,0,1,0,1,0,0,0,0,0,0,6.28156E+20,6.02614E+21,1.09726E+16,5.43669E+16
120925,1,0,56,44,2018,6,17,6,3,3,6,0,1,0,0,0,0,0,0,5.55173E+20,5.9384E+21,9.83356E+15,5.35916E+16
120926,1,0,53,12,2018,6,18,4,3,4,6,0,1,1,0,0,0,0,0,5.85703E+20,5.92515E+21,1.02911E+16,5.34683E+16
120927,1,0,2,0,2018,6,11,2,3,5,3,0,1,0,0,0,0,0,0,5.71918E+20,6.02377E+21,1.01067E+16,5.43566E+16
120928,1,0,61,46,2018,5,12,4,3,5,3,0,1,1,0,0,0,0,0,5.3429E+20,5.97601E+21,9.52226E+15,5.39313E+16
120929,1,0,54,59,2018,6,13,4,3,2,6,0,1,0,0,0,0,0,0,5.08652E+20,6.05637E+21,9.1341E+15,5.46547E+16
120930,1,0,3,0,2018,6,19,2,3,6,6,0,0,1,1,0,0,0,0,6.11896E+20,5.96688E+21,1.07005E+16,5.38384E+16
120931,1,0,62,4,2018,6,17,4,3,0,7,0,1,0,0,0,0,0,0,5.90158E+20,5.96291E+21,1.03691E+16,5.38069E+16
120932,1,0,2,0,2018,6,20,2,3,2,6,0,0,1,0,0,0,0,0,5.7304E+20,6.02277E+21,1.01237E+16,5.43475E+16
120933,1,0,3,0,2018,6,17,2,3,4,6,0,1,0,0,0,0,0,0,6.10395E+20,5.96997E+21,1.06789E+16,5.38665E+16
120934,1,0,62,23,2018,6,19,4,3,5,7,0,1,1,0,0,0,0,0,5.84346E+20,5.94502E+21,1.0276E+16,5.36471E+16
120935,1,0,57,62,2018,6,17,2,3,0,7,0,1,0,0,0,0,0,0,5.83622E+20,6.01058E+21,1.0283E+16,5.42364E+16
120936,1,0,2,0,2018,6,18,2,3,2,2,0,0,1,0,1,0,0,0,5.72249E+20,6.0188E+21,1.01106E+16,5.4312E+16
120937,1,0,53,32,2018,6,15,2,3,5,3,0,1,1,0,0,0,0,0,5.90738E+20,5.92183E+21,1.0366E+16,5.34377E+16
120938,1,0,2,0,2018,6,15,2,3,0,7,0,1,0,0,0,0,0,0,5.79047E+20,6.02027E+21,1.02154E+16,5.43241E+16
120939,1,0,59,120,2018,6,15,6,3,2,2,0,0,1,0,0,1,0,0,5.25509E+20,6.07279E+21,9.39683E+15,5.48017E+16
120940,1,0,55,42,2018,6,10,4,3,3,6,0,1,1,0,0,0,0,0,6.19693E+20,5.98429E+21,1.08258E+16,5.3993E+16
120941,1,0,3,0,2018,6,14,1,3,5,3,0,0,1,0,0,0,0,0,6.11761E+20,5.96786E+21,1.06988E+16,5.38472E+16
120942,1,0,56,44,2018,6,11,3,3,0,1,0,1,0,0,0,0,0,0,5.56159E+20,5.9393E+21,9.84862E+15,5.35996E+16
120943,1,0,54,78,2018,6,20,2,3,7,7,1,1,0,0,0,0,0,0,4.63037E+20,6.09614E+21,8.42202E+15,5.50107E+16
120944,1,0,57,48,2018,6,11,4,3,6,7,0,0,1,1,0,0,0,0,6.03004E+20,6.01731E+21,1.05826E+16,5.42933E+16
120945,1,0,54,56,2018,6,22,2,3,6,6,1,1,0,1,0,0,0,0,5.03591E+20,6.03639E+21,9.05541E+15,5.44751E+16
120946,1,0,60,5,2018,6,14,5,3,6,7,0,0,1,1,0,0,0,0,5.8572E+20,5.97738E+21,1.03058E+16,5.39377E+16
120947,1,0,56,15,2018,6,7,2,3,5,3,0,1,1,0,0,0,0,0,5.44682E+20,5.95576E+21,9.67759E+15,5.37486E+16
120948,1,0,58,22,2018,6,12,5,3,4,6,0,1,1,0,0,0,0,0,5.6677E+20,6.00339E+21,1.00229E+16,5.41742E+16
120949,1,0,51,11,2018,6,19,1,3,0,6,0,1,1,0,0,0,0,0,5.0641E+20,5.97125E+21,9.09754E+15,5.38896E+16
120950,1,0,56,41,2018,6,12,5,3,5,3,0,1,1,0,0,0,0,0,5.60141E+20,5.95326E+21,9.9115E+15,5.37246E+16
120951,1,0,61,49,2018,6,18,3,3,5,3,0,1,1,0,0,0,0,0,5.46845E+20,5.9781E+21,9.71379E+15,5.39491E+16
120952,1,0,2,0,2018,6,15,6,3,5,3,0,0,1,0,0,0,0,0,5.71094E+20,6.01885E+21,1.00928E+16,5.43126E+16
120953,1,0,58,135,2018,6,21,2,2,6,4,1,0,1,1,0,0,0,0,5.4214E+20,6.0199E+21,9.64794E+15,5.43252E+16
120954,1,0,56,15,2018,6,16,1,2,5,3,0,1,0,0,0,0,0,0,5.44501E+20,5.95606E+21,9.67488E+15,5.37513E+16
120955,1,0,54,113,2018,6,14,6,3,6,7,0,1,0,1,0,0,0,0,4.7458E+20,6.01894E+21,8.60922E+15,5.43177E+16
120956,1,0,58,5,2018,6,9,4,3,5,3,0,1,1,0,0,0,0,0,5.73039E+20,6.0295E+21,1.01253E+16,5.4408E+16
120957,1,0,62,60,2018,6,14,3,3,1,5,0,1,0,0,0,0,1,0,5.81676E+20,5.93006E+21,1.02317E+16,5.35131E+16
120958,1,0,60,5,2018,6,20,1,3,0,7,0,1,0,0,0,0,0,0,5.86562E+20,5.97743E+21,1.03186E+16,5.3938E+16
120959,1,0,54,56,2018,6,18,4,3,5,3,0,0,1,0,0,0,0,0,5.03582E+20,6.03644E+21,9.05528E+15,5.44756E+16
120960,1,0,56,50,2018,6,14,1,3,0,7,0,1,0,0,0,0,0,0,5.48409E+20,5.93893E+21,9.73147E+15,5.35969E+16
120961,1,0,56,50,2018,6,8,5,3,1,5,0,1,1,0,0,0,0,0,5.46238E+20,5.93733E+21,9.69843E+15,5.35828E+16
120962,1,0,53,32,2018,6,8,1,2,7,1,0,1,0,0,0,0,0,0,5.90167E+20,5.9221E+21,1.03574E+16,5.34402E+16
120963,1,0,57,25,2018,6,18,5,3,0,3,0,1,1,0,0,0,0,0,5.77335E+20,6.02422E+21,1.01901E+16,5.43599E+16
120964,1,0,56,43,2018,6,14,1,3,0,7,0,1,0,0,0,0,0,0,5.55005E+20,5.94457E+21,9.83212E+15,5.3647E+16
120965,1,0,55,32,2018,6,12,1,3,5,3,0,0,1,0,0,0,0,0,6.21123E+20,5.99641E+21,1.08524E+16,5.41015E+16
120966,1,0,3,0,2018,6,7,2,3,5,3,0,1,1,0,0,0,0,0,6.14563E+20,5.97068E+21,1.07425E+16,5.38719E+16
120967,1,0,4,0,2018,6,13,5,3,5,3,0,1,1,0,0,0,0,0,5.61616E+20,5.99178E+21,9.9416E+15,5.40705E+16
120968,1,0,56,50,2018,6,14,1,3,0,7,0,1,0,0,0,0,0,0,5.48427E+20,5.93893E+21,9.73174E+15,5.3597E+16
120969,1,0,58,135,2018,6,10,1,3,5,3,0,0,1,0,0,0,0,0,5.4335E+20,6.01651E+21,9.66606E+15,5.42946E+16
120970,1,0,2,0,2018,6,23,3,2,0,1,2,1,0,0,0,0,0,0,5.74867E+20,6.02153E+21,1.01515E+16,5.43361E+16
120971,1,0,54,103,2018,6,16,1,3,0,7,0,1,0,0,0,0,0,0,4.77674E+20,6.03938E+21,8.65524E+15,5.45015E+16
120972,1,0,55,35,2018,6,17,3,2,0,7,0,1,0,0,0,0,0,0,6.12067E+20,5.98292E+21,1.0709E+16,5.39825E+16
120973,1,0,56,2,2018,6,10,7,3,0,7,0,1,0,0,0,0,0,1,5.50717E+20,5.96025E+21,9.76982E+15,5.37884E+16
120974,1,0,56,18,2018,6,20,7,2,0,7,0,0,0,0,1,0,0,0,5.55801E+20,5.9433E+21,9.84393E+15,5.36355E+16
120975,1,0,54,19,2018,6,13,5,3,5,3,0,1,1,0,0,0,0,0,4.97686E+20,6.05242E+21,8.96416E+15,5.46192E+16
120976,1,0,56,41,2018,6,9,7,3,0,1,0,0,0,0,1,0,0,1,5.60593E+20,5.95362E+21,9.91841E+15,5.37277E+16
120977,1,0,3,0,2018,6,22,7,3,0,7,2,1,0,0,0,0,0,0,6.10588E+20,5.96996E+21,1.06818E+16,5.38663E+16
120978,1,0,60,63,2018,6,17,4,3,6,3,0,0,1,1,0,0,0,0,5.65921E+20,5.94896E+21,9.99817E+15,5.36852E+16
120979,1,0,60,4,2018,6,19,7,3,5,3,0,1,0,0,0,0,0,0,5.57594E+20,5.97362E+21,9.87671E+15,5.39078E+16
120980,1,0,53,82,2018,5,9,4,3,0,6,0,0,1,1,0,0,0,0,6.06774E+20,5.91727E+21,1.06057E+16,5.33937E+16
120981,1,0,55,32,2018,6,15,7,3,7,1,0,1,0,0,0,0,0,0,6.18709E+20,5.99698E+21,1.08157E+16,5.41072E+16
120982,1,0,60,44,2018,6,16,2,3,5,2,0,0,1,0,0,0,0,0,5.63373E+20,5.96579E+21,9.96305E+15,5.38368E+16
120983,1,0,55,46,2018,6,12,7,3,0,7,0,1,0,0,0,0,0,0,6.42541E+20,6.0341E+21,1.11977E+16,5.44345E+16
120984,1,0,58,43,2018,6,14,1,2,9,2,0,0,1,0,0,0,0,1,5.54027E+20,6.03638E+21,9.83369E+15,5.44722E+16
120985,1,0,53,12,2018,6,14,6,3,5,2,0,1,1,0,0,0,0,0,5.85441E+20,5.92715E+21,1.02877E+16,5.34864E+16
120986,1,0,55,12,2018,6,13,4,3,0,7,0,1,0,0,0,0,0,0,6.05437E+20,5.99943E+21,1.06137E+16,5.41321E+16
120987,1,0,57,91,2018,6,13,3,3,5,3,0,1,1,0,0,0,0,0,5.7986E+20,6.01636E+21,1.02269E+16,5.42889E+16
120988,1,0,58,140,2018,6,21,7,3,2,6,0,1,0,0,0,0,0,0,5.46835E+20,6.01804E+21,9.71983E+15,5.43081E+16
120989,1,0,2,0,2018,6,23,7,3,6,4,2,1,0,1,0,0,0,0,5.73632E+20,6.02007E+21,1.01321E+16,5.43232E+16
120990,1,0,60,49,2018,6,16,4,3,2,6,0,0,1,0,0,0,0,0,5.86336E+20,5.97959E+21,1.03158E+16,5.39575E+16
120991,1,0,57,25,2018,6,14,1,3,0,7,0,1,0,0,0,0,0,1,5.77763E+20,6.02587E+21,1.01971E+16,5.43747E+16
120992,1,0,55,46,2018,6,11,4,2,5,3,0,1,1,0,0,0,0,0,6.42285E+20,6.03328E+21,1.11933E+16,5.44273E+16
120993,1,0,57,91,2018,6,22,7,3,0,7,2,1,0,0,0,0,0,0,5.78776E+20,6.01706E+21,1.02104E+16,5.42954E+16
120994,1,0,60,63,2018,6,19,4,3,5,2,0,0,1,0,0,0,0,0,5.6479E+20,5.94811E+21,9.98087E+15,5.36777E+16
120995,1,0,2,0,2018,6,17,7,3,1,5,0,1,1,0,0,0,0,0,5.77014E+20,6.02045E+21,1.01842E+16,5.43261E+16
120996,1,0,3,0,2018,6,17,2,3,5,5,0,1,1,0,0,0,0,0,6.1086E+20,5.96971E+21,1.06858E+16,5.3864E+16
120997,1,0,59,179,2018,6,19,7,3,5,3,0,0,1,0,1,0,0,0,5.13729E+20,6.05898E+21,9.21293E+15,5.4678E+16
120998,1,0,2,0,2018,6,13,1,3,0,7,0,1,0,0,0,0,0,1,5.73745E+20,6.01612E+21,1.01329E+16,5.42877E+16
120999,1,0,54,134,2018,6,11,6,3,5,3,0,1,1,0,0,0,0,0,4.79216E+20,6.01958E+21,8.68045E+15,5.43236E+16
121000,1,0,55,31,2018,6,13,4,2,0,7,0,1,0,0,0,0,0,0,6.34302E+20,6.01947E+21,1.10641E+16,5.43054E+16
121001,1,0,60,4,2018,6,17,7,3,5,3,0,1,1,0,0,0,0,0,5.5815E+20,5.97506E+21,9.88545E+15,5.39207E+16
121002,1,0,56,50,2018,6,19,3,2,5,3,1,0,1,0,1,0,0,0,5.47636E+20,5.93616E+21,9.71937E+15,5.35722E+16
121003,1,0,51,11,2018,6,10,6,3,0,1,0,1,0,0,0,0,0,0,5.07483E+20,5.97132E+21,9.11385E+15,5.38903E+16
121004,1,0,2,0,2018,6,22,4,3,0,1,2,1,0,0,0,0,0,0,5.73497E+20,6.01948E+21,1.01299E+16,5.43179E+16
121005,1,0,54,168,2018,6,12,4,3,0,1,0,1,0,0,0,0,0,0,4.64277E+20,6.08077E+21,8.44332E+15,5.48727E+16
121006,1,0,56,18,2018,6,10,6,3,5,3,0,0,1,0,0,0,0,0,5.5733E+20,5.94245E+21,9.8669E+15,5.36277E+16
121007,1,0,3,0,2018,6,20,4,3,0,3,0,1,1,0,0,0,0,0,6.07117E+20,5.96875E+21,1.06286E+16,5.38562E+16
121008,1,0,56,15,2018,6,12,6,3,4,6,0,1,0,0,0,0,0,0,5.44185E+20,5.95616E+21,9.6701E+15,5.37522E+16
121009,1,0,54,56,2018,6,11,6,3,1,5,0,0,1,0,0,0,0,0,5.04084E+20,6.03668E+21,9.06302E+15,5.44777E+16
121010,1,0,2,0,2018,6,14,2,3,5,3,0,1,1,0,0,0,0,0,5.76656E+20,6.01808E+21,1.01781E+16,5.43048E+16
121011,1,0,3,0,2018,6,10,5,3,6,7,0,0,0,1,0,0,1,0,6.13211E+20,5.97018E+21,1.07217E+16,5.38678E+16
121012,1,0,56,50,2018,6,18,6,3,1,1,0,1,1,0,0,0,0,0,5.47562E+20,5.93752E+21,9.71846E+15,5.35844E+16
121013,1,0,62,4,2018,6,15,7,3,0,7,0,1,0,0,0,0,0,0,5.90483E+20,5.96304E+21,1.03741E+16,5.3808E+16
121014,1,0,51,100,2018,6,8,5,3,4,6,0,0,1,0,0,0,0,0,5.16902E+20,6.01095E+21,9.25938E+15,5.42462E+16
121015,1,0,54,56,2018,6,13,4,3,5,3,0,1,0,0,0,0,0,0,5.04687E+20,6.03738E+21,9.07235E+15,5.4484E+16
121016,1,0,3,0,2018,6,19,3,3,2,2,0,1,1,0,0,0,0,0,6.09715E+20,5.96988E+21,1.06685E+16,5.38658E+16
121017,1,0,56,36,2018,6,7,6,3,0,7,0,1,0,0,0,0,0,0,5.4435E+20,5.9473E+21,9.67133E+15,5.36725E+16
121018,1,0,60,5,2018,6,18,3,3,5,3,1,1,1,0,0,0,0,0,5.86212E+20,5.97722E+21,1.03132E+16,5.39362E+16
121019,1,0,62,9,2018,6,22,6,3,5,3,2,0,1,0,0,0,0,1,5.79854E+20,5.93536E+21,1.02056E+16,5.3561E+16
121020,1,0,55,35,2018,6,9,5,2,0,2,0,1,1,0,0,0,0,0,6.13484E+20,5.97624E+21,1.07281E+16,5.39222E+16
121021,1,0,2,0,2018,6,0,1,3,0,1,2,1,0,0,0,0,0,1,5.76603E+20,6.01664E+21,1.01769E+16,5.42919E+16
121022,1,0,57,57,2018,6,15,5,3,8,7,0,1,0,0,0,0,0,0,5.92344E+20,6.00209E+21,1.04142E+16,5.41586E+16
121023,1,0,53,75,2018,6,17,6,3,0,7,0,1,1,0,0,0,0,0,6.08771E+20,5.95959E+21,1.06505E+16,5.37735E+16
121024,1,0,55,46,2018,6,22,6,3,0,1,2,0,0,0,1,0,0,0,6.42991E+20,6.03468E+21,1.12049E+16,5.44397E+16
121025,1,0,56,15,2018,6,11,5,3,5,3,0,1,1,0,0,0,0,0,5.44242E+20,5.95622E+21,9.67098E+15,5.37527E+16
121026,1,0,51,23,2018,6,19,1,2,8,7,0,1,0,0,0,0,0,0,5.19694E+20,6.01238E+21,9.30233E+15,5.4259E+16
121027,1,0,57,62,2018,6,12,5,3,1,5,0,1,1,0,0,0,0,0,5.83081E+20,6.00883E+21,1.02742E+16,5.42207E+16
121028,1,0,55,35,2018,6,12,6,3,5,3,0,0,1,0,1,0,0,0,6.13788E+20,5.97608E+21,1.07327E+16,5.39206E+16
121029,1,0,55,44,2018,6,22,7,3,0,1,2,1,0,0,0,0,0,0,6.14945E+20,5.98832E+21,1.07549E+16,5.40303E+16
121030,1,0,55,32,2018,6,10,5,3,0,1,0,1,0,0,0,0,0,0,6.17032E+20,5.99561E+21,1.07896E+16,5.40953E+16
121031,1,0,55,42,2018,6,12,6,3,0,3,0,1,0,0,0,0,0,0,6.16645E+20,5.98488E+21,1.07795E+16,5.3999E+16
121032,1,0,1,0,2018,6,7,3,3,5,3,0,1,0,0,1,0,0,0,5.3012E+20,6.06988E+21,9.46825E+15,5.47752E+16
121033,1,0,55,25,2018,6,18,6,3,6,2,0,0,0,1,0,0,1,0,6.34477E+20,6.00671E+21,1.10611E+16,5.41908E+16
121034,1,0,58,170,2018,6,14,3,3,0,1,0,1,0,0,0,0,0,0,5.68602E+20,6.00267E+21,1.00508E+16,5.41675E+16
121035,1,0,3,0,2018,6,22,6,3,6,6,1,1,0,1,0,0,0,0,6.22597E+20,5.9804E+21,1.08685E+16,5.39574E+16
121036,1,0,58,86,2018,6,18,7,3,2,6,0,0,1,0,0,0,1,0,5.44154E+20,6.01079E+21,9.67756E+15,5.42432E+16
121037,1,0,56,50,2018,6,7,4,3,5,2,0,1,1,0,0,0,0,0,5.47003E+20,5.93813E+21,9.71011E+15,5.35899E+16
121038,1,0,3,0,2018,6,15,7,3,1,5,0,1,1,0,0,0,0,0,6.10764E+20,5.96349E+21,1.06821E+16,5.38081E+16
121039,1,0,56,48,2018,6,10,4,3,6,4,0,1,0,1,0,0,0,0,5.47223E+20,5.95063E+21,9.71533E+15,5.37023E+16
121040,1,0,58,92,2018,6,15,6,3,5,3,0,1,1,0,0,0,0,0,5.71989E+20,6.02157E+21,1.01072E+16,5.43369E+16
121041,1,0,58,34,2018,6,19,7,2,0,7,0,1,0,0,0,0,0,0,5.43295E+20,6.01911E+21,9.66558E+15,5.4318E+16
121042,1,0,1,0,2018,6,12,5,3,0,1,0,1,0,0,0,0,0,0,5.27747E+20,6.07161E+21,9.43152E+15,5.47909E+16
121043,1,0,58,43,2018,6,7,6,3,5,2,0,1,1,0,0,0,0,0,5.54683E+20,6.03696E+21,9.84391E+15,5.44773E+16
121044,1,0,58,135,2018,6,12,6,3,2,6,0,0,1,0,0,0,0,0,5.42545E+20,6.01837E+21,9.65395E+15,5.43114E+16
121045,1,0,54,164,2018,6,12,3,2,0,1,0,1,0,0,0,0,0,0,4.71707E+20,6.05975E+21,8.56115E+15,5.46843E+16
121046,1,0,59,75,2018,6,11,6,3,6,4,0,0,0,1,0,0,1,0,5.36555E+20,6.04198E+21,9.5648E+15,5.4524E+16
121047,1,0,2,0,2018,6,11,7,3,6,2,0,0,1,1,0,0,0,0,5.7367E+20,6.01563E+21,1.01316E+16,5.42833E+16
121048,1,0,56,48,2018,6,7,6,3,5,2,0,1,1,0,0,0,0,0,5.47458E+20,5.95089E+21,9.71892E+15,5.37045E+16
121049,1,0,53,116,2018,6,18,4,3,5,2,0,1,0,0,0,0,1,0,5.9844E+20,5.92932E+21,1.04842E+16,5.35036E+16
121050,1,0,2,0,2018,6,8,7,3,5,3,0,1,1,0,0,0,0,0,5.73836E+20,6.02129E+21,1.01355E+16,5.43341E+16
121051,1,0,4,0,2018,6,9,2,3,0,1,0,1,0,0,0,0,0,0,5.64426E+20,5.99315E+21,9.98482E+15,5.40825E+16
121052,1,0,58,22,2018,6,11,4,2,5,2,0,1,1,0,0,0,0,0,5.66993E+20,6.00312E+21,1.00263E+16,5.41718E+16
121053,1,0,54,56,2018,6,16,6,3,0,7,0,1,0,0,0,0,0,0,5.04624E+20,6.0373E+21,9.07137E+15,5.44834E+16
121054,1,0,62,1,2018,6,13,4,3,5,3,0,0,1,0,0,0,0,1,5.81653E+20,5.94814E+21,1.02361E+16,5.36756E+16
121055,1,0,1,0,2018,6,15,6,3,5,2,0,0,1,0,0,0,0,0,5.28208E+20,6.07187E+21,9.43872E+15,5.47932E+16
121056,1,0,4,0,2018,6,12,2,3,0,7,0,1,0,0,0,0,0,1,5.64634E+20,5.99235E+21,9.98783E+15,5.40753E+16
121057,1,0,54,138,2018,6,12,6,3,5,3,0,0,1,0,1,0,1,0,4.96E+20,6.01906E+21,8.9385E+15,5.43194E+16
121058,1,0,57,51,2018,6,4,7,3,0,7,2,1,0,0,0,0,0,0,5.77012E+20,6.02315E+21,1.01849E+16,5.43503E+16
121059,1,0,54,85,2018,6,16,6,3,5,3,0,1,0,0,0,0,0,0,4.58273E+20,6.05643E+21,8.35326E+15,5.46536E+16
121060,1,0,53,108,2018,6,0,2,2,9,1,2,1,0,0,0,0,0,0,5.98885E+20,5.94969E+21,1.04974E+16,5.36866E+16
121061,1,0,61,65,2018,5,16,5,3,6,1,0,0,0,1,1,0,0,0,5.41158E+20,5.97934E+21,9.62731E+15,5.39607E+16
121062,1,0,2,0,2018,6,17,7,3,5,3,0,1,1,0,0,0,0,0,5.75943E+20,6.01891E+21,1.01673E+16,5.43124E+16
121063,1,0,57,48,2018,6,17,6,3,0,1,0,1,0,0,0,0,0,0,6.03697E+20,6.0172E+21,1.05932E+16,5.42922E+16
121064,1,0,3,0,2018,6,15,4,3,6,4,0,1,0,1,0,0,0,0,6.10924E+20,5.97025E+21,1.0687E+16,5.38689E+16
121065,1,0,54,149,2018,6,17,7,3,8,7,0,1,0,0,0,0,0,0,4.56239E+20,6.08797E+21,8.31697E+15,5.49368E+16
121066,1,0,60,63,2018,6,10,3,3,0,7,0,1,0,0,0,0,0,0,5.65974E+20,5.95243E+21,9.9997E+15,5.37164E+16
121067,1,0,61,46,2018,5,16,5,3,5,2,0,0,1,0,0,0,0,0,5.34069E+20,5.97535E+21,9.51882E+15,5.39254E+16
121068,1,0,4,0,2018,6,8,4,3,1,5,0,1,1,0,0,0,0,0,5.65804E+20,5.99477E+21,1.00062E+16,5.40969E+16
121069,1,0,56,15,2018,6,23,2,3,1,1,2,0,1,0,0,0,0,0,5.43076E+20,5.95446E+21,9.65305E+15,5.3737E+16
121070,1,0,61,46,2018,5,7,5,2,5,3,0,1,1,0,0,0,0,0,5.32656E+20,5.97667E+21,9.49745E+15,5.39374E+16
121071,1,0,56,41,2018,6,7,5,2,5,2,0,1,1,0,0,0,0,0,5.61252E+20,5.95341E+21,9.92837E+15,5.37258E+16
121072,1,0,54,138,2018,6,18,2,3,5,3,0,1,1,0,0,0,0,0,4.95989E+20,6.01904E+21,8.93833E+15,5.43192E+16
121073,1,0,4,0,2018,6,9,5,3,5,3,0,0,1,0,0,0,0,0,5.64901E+20,5.99303E+21,9.99205E+15,5.40813E+16
121074,1,0,56,50,2018,5,18,5,3,0,7,0,0,1,0,0,0,0,0,5.45996E+20,5.93616E+21,9.6946E+15,5.35723E+16
121075,1,0,54,78,2018,6,15,7,2,8,7,0,0,0,0,1,0,0,0,4.64001E+20,6.09688E+21,8.437E+15,5.50174E+16
121076,1,0,56,28,2018,6,8,5,3,5,3,0,1,1,0,0,0,0,0,5.44855E+20,5.94176E+21,9.67819E+15,5.36227E+16
121077,1,0,51,11,2018,6,18,3,3,9,4,0,0,1,1,0,0,0,0,5.08058E+20,5.97265E+21,9.12265E+15,5.39022E+16
121078,1,0,61,46,2018,6,4,6,3,4,1,1,0,0,0,1,0,1,0,5.32512E+20,5.9758E+21,9.49516E+15,5.39296E+16
121079,1,0,58,92,2018,6,16,3,3,0,7,0,1,0,0,0,0,0,0,5.71467E+20,6.02179E+21,1.00992E+16,5.43389E+16
121080,1,0,56,39,2018,5,8,5,3,2,6,0,1,1,0,0,0,0,0,5.52578E+20,5.94719E+21,9.79585E+15,5.36708E+16
121081,1,0,1,0,2018,6,9,6,3,6,4,0,0,1,1,0,0,0,0,5.27747E+20,6.07161E+21,9.43152E+15,5.47909E+16
121082,1,0,58,172,2018,6,17,4,3,0,1,0,1,0,0,0,0,0,0,5.42173E+20,6.01479E+21,9.64772E+15,5.42793E+16
121083,1,0,60,39,2018,6,6,6,3,5,2,0,0,1,0,0,0,0,0,5.64469E+20,5.96144E+21,9.97879E+15,5.37976E+16
121084,1,0,62,4,2018,6,20,3,2,0,1,0,1,0,0,0,0,0,0,5.90314E+20,5.9632E+21,1.03716E+16,5.38095E+16
121085,1,0,60,63,2018,5,22,5,2,0,1,2,1,0,0,0,0,0,0,5.65719E+20,5.95199E+21,9.99575E+15,5.37124E+16
121086,1,0,54,56,2018,6,11,4,3,5,3,0,0,1,0,0,0,1,0,5.0546E+20,6.03845E+21,9.08429E+15,5.44937E+16
121087,1,0,56,48,2018,5,7,5,3,5,3,0,1,1,0,0,0,0,0,5.46763E+20,5.94949E+21,9.70819E+15,5.3692E+16
121088,1,0,56,41,2018,6,13,5,3,3,6,0,1,1,0,0,0,0,0,5.60043E+20,5.95412E+21,9.91018E+15,5.37322E+16
121089,1,0,53,32,2018,6,20,1,3,5,3,0,0,1,0,0,0,0,0,5.90643E+20,5.92208E+21,1.03646E+16,5.34399E+16
121090,1,0,2,0,2018,6,8,5,2,6,4,0,0,1,1,0,0,0,0,5.72323E+20,6.02371E+21,1.01129E+16,5.43561E+16
121091,1,0,53,116,2018,5,8,5,3,2,6,0,0,1,0,0,0,0,0,5.98749E+20,5.92935E+21,1.04889E+16,5.35038E+16
121092,1,0,3,0,2018,6,23,6,3,1,5,2,1,0,0,0,0,1,0,6.10852E+20,5.97033E+21,1.06859E+16,5.38696E+16
121093,1,0,55,27,2018,6,16,5,1,0,1,0,0,0,0,0,0,1,0,6.23089E+20,6.0098E+21,1.08879E+16,5.42214E+16
121094,1,0,62,1,2018,5,17,5,2,3,6,0,1,0,0,0,0,0,0,5.82044E+20,5.94852E+21,1.02421E+16,5.3679E+16
121095,1,0,62,1,2018,5,14,5,2,9,7,0,0,1,0,0,0,0,0,5.81756E+20,5.94744E+21,1.02375E+16,5.36693E+16
121096,1,0,2,0,2018,6,14,3,2,3,6,0,1,0,0,0,0,0,0,5.74038E+20,6.02155E+21,1.01387E+16,5.43364E+16
121097,1,0,3,0,2018,5,16,5,3,8,1,0,0,0,0,1,0,0,0,6.06759E+20,5.96565E+21,1.06221E+16,5.38284E+16
121098,1,0,3,0,2018,6,10,3,3,0,7,0,1,0,0,0,0,0,0,6.10534E+20,5.96995E+21,1.0681E+16,5.38663E+16
121099,1,0,55,44,2018,5,17,5,3,7,7,0,1,0,0,0,0,0,0,6.15062E+20,5.98805E+21,1.07566E+16,5.40278E+16
121100,1,0,59,70,2018,6,15,1,3,8,6,0,0,1,0,1,0,0,0,5.49025E+20,6.06004E+21,9.76045E+15,5.46853E+16
121101,1,0,54,149,2018,6,14,5,3,5,3,0,1,1,0,0,0,0,0,4.5649E+20,6.08752E+21,8.32095E+15,5.49328E+16
121102,1,0,3,0,2018,5,20,5,2,6,4,1,0,1,1,0,0,0,0,6.10475E+20,5.96918E+21,1.06798E+16,5.38593E+16
121103,1,0,4,0,2018,6,14,6,3,5,3,0,1,1,0,0,0,0,0,5.64896E+20,5.99303E+21,9.99198E+15,5.40813E+16
121104,1,0,60,89,2018,6,12,4,3,5,3,0,1,1,0,0,0,0,0,5.79377E+20,5.98845E+21,1.02121E+16,5.40382E+16