OBJECTID_1,ULAND,UREGBEZ,UKREIS,UGEMEINDE,UJAHR,UMONAT,USTUNDE,UWOCHENTAG,UKATEGORIE,UART,UTYP1,ULICHTVERH,IstRad,IstPKW,IstFuss,IstKrad,IstGkfz,IstSonstig,STRZUSTAND,LINREFX,LINREFY,XGCSWGS84,YGCSWGS84
121292,1,0,2,0,2018,6,0,3,2,8,1,2,1,0,0,0,0,0,0,5.74099E+20,6.02212E+21,1.01398E+16,5.43416E+16
121293,1,0,53,104,2018,7,16,1,3,8,1,0,0,0,0,1,0,0,0,6.0653E+20,5.93301E+21,1.06074E+16,5.35352E+16
121294,1,0,56,50,2018,6,16,7,3,0,1,0,1,0,0,0,0,0,0,5.46804E+20,5.9359E+21,9.70676E+15,5.35699E+16
121295,1,0,2,0,2018,6,12,3,3,1,6,0,0,1,0,0,0,0,0,5.75121E+20,6.01889E+21,1.01547E+16,5.43124E+16
121296,1,0,1,0,2018,6,10,3,3,0,7,0,0,1,0,0,0,0,0,5.30729E+20,6.07154E+21,9.47788E+15,5.47901E+16
121297,1,0,54,56,2018,7,15,7,3,2,2,0,0,1,0,0,0,0,0,5.0438E+20,6.03855E+21,9.06763E+15,5.44945E+16
121298,1,0,54,168,2018,6,23,3,2,0,7,2,1,0,0,0,0,0,0,4.55846E+20,6.08488E+21,8.3113E+15,5.4909E+16
121299,1,0,56,15,2018,7,17,3,3,5,3,0,1,1,0,0,0,0,0,5.43078E+20,5.9568E+21,9.6534E+15,5.37581E+16
121300,1,0,3,0,2018,7,16,7,3,4,6,0,1,0,0,0,0,0,0,6.10359E+20,5.97067E+21,1.06786E+16,5.38727E+16
121301,1,0,54,88,2018,6,10,3,2,5,2,0,1,1,0,0,0,0,0,4.88881E+20,6.07112E+21,8.8271E+15,5.47871E+16
121302,1,0,56,49,2018,7,18,4,3,4,6,0,1,0,0,0,0,0,0,5.46295E+20,5.94994E+21,9.70117E+15,5.36961E+16
121303,1,0,61,46,2018,7,10,2,3,4,6,0,1,0,0,0,0,0,0,5.33854E+20,5.97426E+21,9.51542E+15,5.39156E+16
121304,1,0,61,46,2018,6,12,2,2,5,3,0,0,1,0,1,0,0,0,5.33541E+20,5.97602E+21,9.51085E+15,5.39315E+16
121305,1,0,57,91,2018,6,12,7,3,5,3,0,0,1,0,0,0,0,0,5.79932E+20,6.01612E+21,1.02279E+16,5.42867E+16
121306,1,0,60,39,2018,7,8,1,3,5,3,0,0,1,0,0,0,0,0,5.65695E+20,5.95655E+21,9.99635E+15,5.37534E+16
121307,1,0,60,39,2018,6,16,2,3,2,6,0,0,1,0,1,0,0,0,5.64855E+20,5.95849E+21,9.98403E+15,5.3771E+16
121308,1,0,56,41,2018,6,15,2,3,0,7,0,1,0,0,0,0,0,0,5.60067E+20,5.95381E+21,9.91048E+15,5.37295E+16
121309,1,0,60,5,2018,7,14,6,3,0,7,0,1,0,0,0,0,0,0,5.85779E+20,5.97769E+21,1.03068E+16,5.39404E+16
121310,1,0,3,0,2018,6,17,2,3,1,5,0,1,1,0,0,0,0,0,6.10905E+20,5.96964E+21,1.06865E+16,5.38634E+16
121311,1,0,51,71,2018,7,17,2,3,0,7,0,1,0,0,0,0,0,0,5.02027E+20,6.01964E+21,9.03116E+15,5.43247E+16
121312,1,0,58,70,2018,6,13,2,3,5,3,0,0,0,0,0,0,1,0,5.34379E+20,6.00883E+21,9.52734E+15,5.42263E+16
121313,1,0,56,44,2018,6,7,6,3,5,3,0,0,1,0,0,1,0,0,5.5544E+20,5.93915E+21,9.83773E+15,5.35983E+16
121314,1,0,51,13,2018,7,15,2,3,5,3,0,0,1,0,1,0,0,0,4.90943E+20,5.99818E+21,8.8614E+15,5.41317E+16
121315,1,0,58,58,2018,6,10,2,3,5,3,0,0,1,0,1,0,0,0,5.64427E+20,6.02899E+21,9.99254E+15,5.44046E+16
121316,1,0,1,0,2018,6,23,7,3,8,1,2,0,0,0,1,0,0,0,5.26828E+20,6.07159E+21,9.41722E+15,5.47907E+16
121317,1,0,55,24,2018,7,14,1,3,8,1,0,0,0,0,1,0,0,0,6.09623E+20,6.00626E+21,1.06802E+16,5.41926E+16
121318,1,0,58,135,2018,6,12,2,3,6,4,0,1,0,1,0,0,0,0,5.43615E+20,6.01651E+21,9.67013E+15,5.42947E+16
121319,1,0,53,116,2018,7,7,5,3,9,1,0,0,1,0,0,0,0,0,5.97921E+20,5.93027E+21,1.04767E+16,5.35122E+16
121320,1,0,51,44,2018,7,14,2,3,5,2,0,0,1,0,0,1,0,0,5.06398E+20,6.00522E+21,9.09806E+15,5.4195E+16
121321,1,0,2,0,2018,6,16,2,3,0,7,0,1,0,0,0,0,0,0,5.77132E+20,6.01694E+21,1.01851E+16,5.42945E+16
121322,1,0,60,44,2018,7,17,2,3,1,5,0,1,1,0,0,0,0,0,5.62876E+20,5.96611E+21,9.95556E+15,5.38397E+16
121323,1,0,3,0,2018,7,8,3,3,3,6,0,1,0,0,0,0,0,0,6.10559E+20,5.96995E+21,1.06813E+16,5.38663E+16
121324,1,0,2,0,2018,6,10,2,3,1,5,0,1,0,0,0,0,1,0,5.74342E+20,6.02524E+21,1.01443E+16,5.43695E+16
121325,1,0,54,138,2018,6,7,2,3,5,3,0,0,1,0,0,0,0,0,4.96283E+20,6.01951E+21,8.94284E+15,5.43234E+16
121326,1,0,54,14,2018,7,12,1,2,4,6,0,1,0,0,0,0,1,0,4.99743E+20,6.05574E+21,8.99602E+15,5.4649E+16
121327,1,0,54,168,2018,6,9,2,3,5,3,0,1,1,0,0,0,0,0,4.5717E+20,6.08427E+21,8.33205E+15,5.49036E+16
121328,1,0,60,4,2018,7,13,4,2,5,3,0,0,0,0,1,1,0,0,5.58365E+20,5.97583E+21,9.88886E+15,5.39276E+16
121329,1,0,56,1,2018,7,20,2,3,5,3,0,1,1,0,0,0,0,0,5.48596E+20,5.94617E+21,9.73542E+15,5.36621E+16
121330,1,0,57,56,2018,7,12,1,3,0,2,0,1,1,0,0,0,0,0,5.85987E+20,6.02447E+21,1.03233E+16,5.43608E+16
121331,1,0,51,74,2018,6,10,1,2,0,1,0,1,0,0,0,0,0,0,5.04874E+20,5.99302E+21,9.0745E+15,5.40853E+16
121332,1,0,57,32,2018,7,19,5,3,0,7,0,1,0,0,0,0,0,0,5.836E+20,5.99742E+21,1.0279E+16,5.41181E+16
121333,1,0,56,39,2018,7,11,2,3,5,3,0,1,1,0,0,0,0,0,5.52934E+20,5.94648E+21,9.80111E+15,5.36644E+16
121334,1,0,56,39,2018,6,9,1,3,6,4,0,0,1,1,0,0,0,0,5.52633E+20,5.94621E+21,9.79652E+15,5.3662E+16
121335,1,0,54,56,2018,7,17,2,3,7,7,0,1,0,0,0,0,0,0,5.03177E+20,6.03644E+21,9.04903E+15,5.44756E+16
121336,1,0,60,19,2018,7,7,2,3,0,1,0,1,0,0,0,0,0,0,5.62142E+20,5.95677E+21,9.94252E+15,5.37558E+16
121337,1,0,3,0,2018,7,19,1,3,0,7,0,1,0,0,0,0,0,0,6.0865E+20,5.96923E+21,1.06521E+16,5.38602E+16
121338,1,0,56,49,2018,6,11,1,3,0,7,0,1,0,0,0,0,0,0,5.45019E+20,5.9492E+21,9.68173E+15,5.36896E+16
121339,1,0,60,63,2018,6,11,1,2,8,6,0,0,1,0,0,0,0,0,5.64476E+20,5.95148E+21,9.97681E+15,5.3708E+16
121340,1,0,3,0,2018,7,13,7,3,5,2,0,1,1,0,0,0,0,0,6.10255E+20,5.97368E+21,1.06781E+16,5.38998E+16
121341,1,0,62,23,2018,7,11,3,3,1,5,0,0,1,0,0,0,0,0,5.84753E+20,5.94539E+21,1.02823E+16,5.36504E+16
121342,1,0,62,1,2018,6,12,1,3,1,5,0,1,1,0,0,0,0,0,5.81671E+20,5.94468E+21,1.02355E+16,5.36445E+16
121343,1,0,60,63,2018,7,11,4,3,8,7,0,0,1,0,0,0,0,0,5.6799E+20,5.95131E+21,1.003E+16,5.3706E+16
121344,1,0,60,5,2018,7,6,2,3,1,5,0,0,1,0,1,0,0,0,5.84853E+20,5.977E+21,1.02925E+16,5.39344E+16
121345,1,0,53,32,2018,6,13,1,3,0,7,0,0,1,0,0,0,0,0,5.88977E+20,5.92238E+21,1.03396E+16,5.34429E+16
121346,1,0,53,107,2018,7,12,1,3,7,7,0,0,1,0,0,0,0,0,6.23031E+20,5.94555E+21,1.08612E+16,5.36442E+16
121347,1,0,60,63,2018,7,7,2,3,5,2,0,1,1,0,0,0,0,0,5.65414E+20,5.94685E+21,9.99005E+15,5.36663E+16
121348,1,0,3,0,2018,6,2,7,3,4,6,2,1,0,0,0,0,0,0,6.10447E+20,5.96997E+21,1.06796E+16,5.38665E+16
121349,1,0,54,168,2018,7,13,2,3,0,2,0,1,1,0,0,0,0,0,4.55637E+20,6.08463E+21,8.30809E+15,5.49067E+16
121350,1,0,3,0,2018,6,13,1,3,3,6,0,0,1,0,1,0,0,0,6.11715E+20,5.97013E+21,1.0699E+16,5.38676E+16
121351,1,0,58,54,2018,6,11,1,2,8,1,0,0,0,0,1,0,0,0,5.38705E+20,6.01735E+21,9.5948E+15,5.43026E+16
121352,1,0,56,15,2018,7,5,1,3,0,3,2,1,1,0,0,0,0,0,5.43565E+20,5.95507E+21,9.66055E+15,5.37424E+16
121353,1,0,60,92,2018,7,12,2,3,8,1,0,1,0,0,0,0,0,0,5.79104E+20,5.97863E+21,1.02054E+16,5.395E+16
121354,1,0,58,107,2018,7,15,1,2,0,7,0,1,0,0,0,0,0,0,5.69916E+20,6.01522E+21,1.00739E+16,5.42801E+16
121355,1,0,61,49,2018,6,17,7,3,5,3,0,1,1,0,0,0,0,1,5.47419E+20,5.978E+21,9.72252E+15,5.39482E+16
121356,1,0,56,50,2018,6,11,7,3,5,3,0,0,1,0,0,0,0,1,5.47188E+20,5.93699E+21,9.71273E+15,5.35796E+16
121357,1,0,2,0,2018,7,19,7,3,2,6,0,1,1,0,0,0,0,0,5.74162E+20,6.02155E+21,1.01406E+16,5.43364E+16
121358,1,0,60,63,2018,6,10,7,3,5,3,0,0,1,0,0,0,0,1,5.65029E+20,5.95166E+21,9.98522E+15,5.37095E+16
121359,1,0,58,96,2018,7,9,4,3,5,3,0,0,1,0,0,0,1,0,5.61807E+20,6.02805E+21,9.95199E+15,5.43965E+16
121360,1,0,62,23,2018,7,8,2,3,0,7,0,1,0,0,0,0,0,0,5.84804E+20,5.94617E+21,1.02833E+16,5.36574E+16
121361,1,0,60,63,2018,6,12,7,3,2,2,0,0,1,0,0,0,0,1,5.65966E+20,5.95244E+21,9.99959E+15,5.37165E+16
121362,1,0,2,0,2018,6,18,7,2,5,3,0,0,1,0,0,0,1,0,5.77134E+20,6.01706E+21,1.01852E+16,5.42956E+16
121363,1,0,53,100,2018,7,13,1,3,6,4,0,0,1,1,0,0,0,0,6.16525E+20,5.95152E+21,1.07651E+16,5.36994E+16
121364,1,0,3,0,2018,6,17,7,3,5,2,0,0,1,0,0,0,0,1,6.08802E+20,5.96854E+21,1.06541E+16,5.3854E+16
121365,1,0,54,149,2018,7,13,6,3,0,6,0,1,1,0,0,0,0,0,4.56341E+20,6.08813E+21,8.31854E+15,5.49382E+16
121366,1,0,3,0,2018,6,17,7,3,5,3,0,1,1,0,0,0,0,0,6.09233E+20,5.97048E+21,1.06614E+16,5.38712E+16
121367,1,0,56,15,2018,7,10,6,3,3,6,0,1,0,0,0,0,0,0,5.44596E+20,5.95439E+21,9.67608E+15,5.37363E+16
121368,1,0,58,135,2018,6,18,7,3,2,6,0,0,1,0,0,0,0,0,5.43318E+20,6.01652E+21,9.66556E+15,5.42947E+16
121369,1,0,60,63,2018,7,15,3,3,5,2,0,1,1,0,0,0,0,0,5.64567E+20,5.9495E+21,9.97778E+15,5.36902E+16
121370,1,0,62,9,2018,7,15,2,3,0,7,0,1,0,0,0,0,0,0,5.77534E+20,5.93619E+21,1.01708E+16,5.35688E+16
121371,1,0,59,75,2018,6,16,7,3,0,1,0,1,0,0,0,0,0,1,5.36514E+20,6.04133E+21,9.56407E+15,5.45182E+16
121372,1,0,51,44,2018,6,9,6,3,6,6,1,1,0,1,0,0,0,0,5.06531E+20,6.00525E+21,9.1001E+15,5.41953E+16
121373,1,0,56,43,2018,6,7,4,3,5,2,0,1,1,0,0,0,0,0,5.55189E+20,5.94419E+21,9.83483E+15,5.36436E+16
121374,1,0,58,127,2018,7,17,1,3,4,6,0,0,1,0,0,0,0,0,5.37952E+20,6.02819E+21,9.5846E+15,5.44001E+16
121375,1,0,54,168,2018,6,14,7,3,1,7,0,0,1,0,0,0,0,0,4.59401E+20,6.08359E+21,8.36693E+15,5.48977E+16
121376,1,0,55,42,2018,7,11,5,3,2,7,0,0,0,0,1,1,0,0,6.16214E+20,5.98555E+21,1.07732E+16,5.40051E+16
121377,1,0,55,16,2018,7,19,2,3,5,3,0,0,1,0,0,0,0,0,6.29826E+20,6.00305E+21,1.09883E+16,5.41591E+16
121378,1,0,61,46,2018,6,15,6,3,5,3,0,0,1,0,0,0,0,0,5.33349E+20,5.97514E+21,9.50783E+15,5.39236E+16
121379,1,0,3,0,2018,7,7,2,3,5,2,0,0,1,0,0,0,0,0,6.0761E+20,5.9673E+21,1.06356E+16,5.3843E+16
121380,1,0,56,50,2018,6,12,6,3,0,1,0,1,0,0,0,0,0,0,5.46099E+20,5.93705E+21,9.69628E+15,5.35803E+16
121381,1,0,60,39,2018,6,20,6,3,5,3,0,1,1,0,0,0,0,0,5.64898E+20,5.96103E+21,9.98522E+15,5.37938E+16
121382,1,0,62,1,2018,6,8,6,3,0,7,0,1,0,0,0,0,0,1,5.8161E+20,5.94583E+21,1.02348E+16,5.36549E+16
121383,1,0,53,90,2018,6,17,6,3,0,7,0,1,0,0,0,0,0,0,6.12005E+20,5.94269E+21,1.06934E+16,5.3621E+16
121384,1,0,54,168,2018,7,16,1,3,7,7,0,1,0,0,0,0,0,0,4.56473E+20,6.08666E+21,8.32081E+15,5.4925E+16
121385,1,0,53,32,2018,6,16,6,3,2,6,0,0,1,0,0,0,0,0,5.89631E+20,5.92173E+21,1.03493E+16,5.34369E+16
121386,1,0,57,62,2018,7,15,5,3,5,3,0,1,1,0,0,0,0,0,5.8259E+20,6.01056E+21,1.02672E+16,5.42364E+16
121387,1,0,62,18,2018,6,7,6,3,5,3,0,1,1,0,0,0,0,0,5.81347E+20,5.9332E+21,1.02276E+16,5.35414E+16
121388,1,0,59,183,2018,7,15,2,3,8,1,0,1,0,0,0,0,0,0,5.27804E+20,6.0671E+21,9.43197E+15,5.47504E+16
121389,1,0,58,127,2018,7,16,1,3,5,3,0,1,0,0,0,0,0,0,5.37939E+20,6.02785E+21,9.58436E+15,5.4397E+16
121390,1,0,55,33,2018,6,16,6,3,0,1,0,1,0,0,0,0,0,0,6.2267E+20,6.01756E+21,1.08847E+16,5.42912E+16
121391,1,0,55,21,2018,6,22,6,3,9,1,2,0,1,0,0,0,0,0,6.28557E+20,6.02657E+21,1.0979E+16,5.43707E+16
121392,1,0,55,32,2018,7,15,7,2,0,7,0,0,1,0,0,0,0,0,6.18963E+20,5.99588E+21,1.08192E+16,5.40973E+16
121393,1,0,3,0,2018,6,8,6,3,2,6,0,1,1,0,0,0,0,0,6.10968E+20,5.97034E+21,1.06877E+16,5.38697E+16
121394,1,0,58,135,2018,6,7,6,3,5,3,0,1,1,0,0,0,0,1,5.43449E+20,6.01704E+21,9.66764E+15,5.42994E+16
121395,1,0,55,33,2018,7,12,7,3,7,7,0,0,1,0,0,0,1,0,6.24365E+20,6.01826E+21,1.0911E+16,5.42971E+16
121396,1,0,58,135,2018,6,7,6,3,5,3,0,1,0,0,1,0,0,0,5.44496E+20,6.01746E+21,9.68379E+15,5.43031E+16
121397,1,0,60,5,2018,7,18,4,3,5,3,0,1,1,0,0,0,0,0,5.85763E+20,5.97779E+21,1.03066E+16,5.39414E+16
121398,1,0,58,135,2018,6,23,6,3,0,1,2,1,0,0,0,0,0,0,5.41619E+20,6.01907E+21,9.63981E+15,5.43178E+16
121399,1,0,56,50,2018,7,14,1,3,0,1,0,1,0,0,0,0,0,0,5.4688E+20,5.93652E+21,9.70801E+15,5.35754E+16
121400,1,0,60,63,2018,6,11,7,3,9,1,0,0,1,0,0,0,0,0,5.65413E+20,5.94632E+21,9.98992E+15,5.36615E+16
121401,1,0,2,0,2018,6,14,6,3,3,6,0,1,0,0,0,0,0,0,5.74292E+20,6.02322E+21,1.0143E+16,5.43514E+16
121402,1,0,54,88,2018,6,12,6,3,0,1,0,1,0,0,0,0,0,0,4.88656E+20,6.07071E+21,8.82362E+15,5.47835E+16
121403,1,0,54,113,2018,7,10,7,2,0,1,0,1,0,0,0,0,0,0,4.74716E+20,6.01827E+21,8.61137E+15,5.43117E+16
121404,1,0,56,50,2018,6,11,5,3,6,7,0,0,1,1,0,0,0,1,5.46672E+20,5.9368E+21,9.70491E+15,5.3578E+16
121405,1,0,59,168,2018,7,8,4,3,0,1,0,1,0,0,0,0,0,0,5.57956E+20,6.06183E+21,9.89933E+15,5.47005E+16
121406,1,0,55,12,2018,7,14,3,3,0,5,0,1,1,0,0,0,0,0,6.05299E+20,6.00006E+21,1.06118E+16,5.41378E+16
121407,1,0,56,50,2018,6,10,5,3,0,2,0,1,1,0,0,0,0,1,5.46597E+20,5.93699E+21,9.7038E+15,5.35797E+16
121408,1,0,60,63,2018,7,11,4,3,6,4,0,0,1,1,0,0,0,0,5.66277E+20,5.9506E+21,1.00039E+16,5.36999E+16
121409,1,0,56,48,2018,6,19,5,3,5,3,0,0,1,0,0,0,0,1,5.5038E+20,5.95206E+21,9.76338E+15,5.37148E+16
121410,1,0,3,0,2018,6,14,7,3,0,7,0,1,0,0,0,0,0,0,6.11151E+20,5.96931E+21,1.06901E+16,5.38603E+16
121411,1,0,56,15,2018,7,10,1,3,6,7,0,1,0,1,0,0,0,0,5.43177E+20,5.95628E+21,9.65483E+15,5.37534E+16
121412,1,0,53,100,2018,6,21,5,3,5,3,1,1,1,0,0,0,0,1,6.16961E+20,5.9515E+21,1.07716E+16,5.36991E+16
121413,1,0,53,90,2018,6,7,5,3,0,1,0,1,0,0,0,0,0,1,6.10861E+20,5.94258E+21,1.06761E+16,5.36202E+16
121414,1,0,56,43,2018,7,21,6,3,8,1,1,1,0,0,0,0,0,1,5.5597E+20,5.9444E+21,9.84668E+15,5.36454E+16
121415,1,0,57,48,2018,6,11,5,3,5,3,0,1,1,0,0,0,0,0,6.02521E+20,6.01744E+21,1.05752E+16,5.42946E+16
121416,1,0,2,0,2018,6,8,5,3,0,7,0,1,0,0,0,0,0,1,5.69169E+20,6.02042E+21,1.00636E+16,5.4327E+16
121417,1,0,60,5,2018,6,14,6,3,5,3,0,1,1,0,0,0,0,0,5.85784E+20,5.97764E+21,1.03069E+16,5.394E+16
121418,1,0,60,5,2018,6,16,4,3,5,2,0,1,0,0,0,1,0,0,5.86142E+20,5.97661E+21,1.0312E+16,5.39307E+16
121419,1,0,57,9,2018,7,12,1,2,0,1,0,0,0,0,1,0,0,0,5.94428E+20,5.9979E+21,1.04448E+16,5.41205E+16
121420,1,0,2,0,2018,7,6,2,3,5,3,0,0,1,0,0,1,0,0,5.75548E+20,6.01505E+21,1.01603E+16,5.42778E+16
121421,1,0,54,56,2018,7,19,2,3,2,6,0,1,0,0,0,0,0,0,5.04605E+20,6.03728E+21,9.07108E+15,5.44832E+16
121422,1,0,60,63,2018,7,14,1,3,0,1,0,1,0,0,0,0,0,0,5.6589E+20,5.95319E+21,9.99859E+15,5.37232E+16
121423,1,0,1,0,2018,7,16,2,3,4,6,0,0,1,0,0,0,0,0,5.3E+20,6.07156E+21,9.46655E+15,5.47904E+16
121424,1,0,62,61,2018,7,18,5,3,5,3,0,0,1,0,1,0,0,0,5.98209E+20,5.96576E+21,1.04923E+16,5.38311E+16
121425,1,0,58,96,2018,7,13,6,3,4,6,0,0,1,0,0,0,1,0,5.61596E+20,6.02833E+21,9.9488E+15,5.4399E+16
121426,1,0,2,0,2018,8,18,5,3,2,1,0,0,1,0,0,0,0,0,5.73233E+20,6.01886E+21,1.01257E+16,5.43123E+16
121427,1,0,54,168,2018,7,10,3,3,0,1,0,1,0,0,0,0,0,0,4.55783E+20,6.08491E+21,8.31032E+15,5.49092E+16
121428,1,0,3,0,2018,8,17,4,2,0,7,0,1,1,0,0,0,0,0,6.10474E+20,5.96918E+21,1.06798E+16,5.38593E+16
121429,1,0,60,5,2018,7,15,1,3,5,3,0,1,1,0,0,0,0,0,5.85672E+20,5.97864E+21,1.03054E+16,5.39491E+16
121430,1,0,55,2,2018,7,17,1,2,0,1,0,1,0,0,0,0,0,0,6.12776E+20,5.99994E+21,1.07261E+16,5.41351E+16
121431,1,0,56,39,2018,7,11,7,2,6,4,0,0,1,1,0,0,0,0,5.53496E+20,5.94432E+21,9.80925E+15,5.36449E+16
121432,1,0,56,50,2018,7,18,1,3,0,1,0,1,0,0,0,0,0,0,5.45868E+20,5.93623E+21,9.69269E+15,5.35729E+16
121433,1,0,3,0,2018,7,16,5,2,5,2,0,1,1,0,0,0,0,0,6.12245E+20,5.97276E+21,1.0708E+16,5.38911E+16
121434,1,0,53,98,2018,7,20,1,3,1,5,0,1,1,0,0,0,0,0,6.12896E+20,5.95521E+21,1.07115E+16,5.37333E+16
121435,1,0,1,0,2018,7,20,5,3,0,1,0,0,0,0,1,0,0,0,5.29275E+20,6.07285E+21,9.45541E+15,5.4802E+16
121436,1,0,60,63,2018,7,18,5,3,5,3,0,0,1,0,0,0,0,0,5.64305E+20,5.94701E+21,9.9733E+15,5.36678E+16
121437,1,0,51,16,2018,7,17,3,2,0,7,0,0,1,0,0,0,0,0,5.17257E+20,5.9831E+21,9.26325E+15,5.39959E+16
121438,1,0,61,41,2018,7,13,2,3,0,1,0,0,0,0,1,0,0,0,5.41125E+20,5.96616E+21,9.62504E+15,5.38423E+16
121439,1,0,56,39,2018,7,17,2,3,5,2,0,1,0,0,0,0,0,0,5.51901E+20,5.94221E+21,9.78477E+15,5.36262E+16
121440,1,0,59,113,2018,8,16,4,3,0,7,0,1,0,0,0,0,0,0,5.35761E+20,6.07656E+21,9.55676E+15,5.48348E+16
121441,1,0,55,21,2018,7,17,1,3,4,6,0,1,1,0,0,0,0,0,6.27522E+20,6.02651E+21,1.0963E+16,5.43704E+16
121442,1,0,51,16,2018,7,15,7,2,5,2,0,1,1,0,0,0,0,0,5.16902E+20,5.98337E+21,9.25784E+15,5.39984E+16
121443,1,0,3,0,2018,7,2,7,3,2,6,2,1,1,0,0,0,0,0,6.10652E+20,5.97033E+21,1.06829E+16,5.38696E+16
121444,1,0,3,0,2018,7,18,1,2,0,1,0,1,0,0,0,0,0,0,6.10591E+20,5.96996E+21,1.06818E+16,5.38663E+16
121445,1,0,54,168,2018,7,2,5,3,0,7,2,1,0,0,0,0,0,0,4.55565E+20,6.08447E+21,8.30698E+15,5.49053E+16
121446,1,0,55,32,2018,7,11,1,3,2,6,0,0,1,0,0,0,0,0,6.20581E+20,5.99644E+21,1.08441E+16,5.4102E+16
121447,1,0,54,149,2018,7,10,3,3,5,2,0,1,0,0,0,0,0,0,4.56203E+20,6.08765E+21,8.31645E+15,5.49339E+16
121448,1,0,58,53,2018,7,9,1,2,8,7,0,1,0,0,0,0,0,0,5.70406E+20,6.01175E+21,1.00806E+16,5.42489E+16
121449,1,0,53,100,2018,7,7,2,2,5,3,0,1,1,0,0,0,0,0,6.18562E+20,5.95081E+21,1.07956E+16,5.36925E+16
121450,1,0,60,92,2018,7,9,3,3,8,1,0,1,0,0,0,0,0,0,5.80111E+20,5.97932E+21,1.02209E+16,5.39561E+16
121451,1,0,58,43,2018,7,9,1,2,5,3,0,0,1,0,1,0,0,0,5.5399E+20,6.03663E+21,9.83317E+15,5.44745E+16
121452,1,0,60,63,2018,7,18,6,3,2,2,0,0,1,0,0,0,0,0,5.66638E+20,5.95236E+21,1.00097E+16,5.37157E+16
121453,1,0,54,113,2018,7,10,7,3,0,1,0,1,0,0,0,0,0,0,4.74467E+20,6.01828E+21,8.60754E+15,5.43118E+16
121454,1,0,57,88,2018,7,3,1,2,2,6,2,1,0,0,0,0,0,0,5.87093E+20,6.02985E+21,1.03419E+16,5.44089E+16
121455,1,0,55,16,2018,7,15,4,3,2,2,0,1,0,0,0,0,0,0,6.28156E+20,6.00196E+21,1.09623E+16,5.41497E+16
121456,1,0,59,75,2018,7,12,1,3,0,1,0,1,0,0,0,0,0,0,5.36262E+20,6.04098E+21,9.56014E+15,5.45151E+16
121457,1,0,53,116,2018,7,10,2,3,5,3,0,0,1,0,0,0,0,0,5.98269E+20,5.93004E+21,1.04819E+16,5.35101E+16
121458,1,0,54,113,2018,7,16,1,2,0,1,0,1,0,0,0,0,0,0,4.74406E+20,6.01862E+21,8.60657E+15,5.43148E+16
121459,1,0,54,113,2018,7,9,6,3,5,3,0,0,1,0,0,0,0,0,4.76757E+20,6.0171E+21,8.64282E+15,5.43013E+16
121460,1,0,55,16,2018,7,19,6,3,2,6,0,1,0,0,0,0,0,0,6.28083E+20,6.00173E+21,1.09611E+16,5.41477E+16
121461,1,0,3,0,2018,7,15,6,3,8,1,0,0,0,0,1,0,0,0,6.14248E+20,5.9739E+21,1.07389E+16,5.39009E+16
121462,1,0,55,33,2018,7,19,6,3,2,6,0,1,0,0,0,0,0,0,6.23009E+20,6.01703E+21,1.08897E+16,5.42863E+16
121463,1,0,54,113,2018,7,13,1,3,0,1,0,1,0,0,0,0,0,0,4.76065E+20,6.01732E+21,8.63218E+15,5.43032E+16
121464,1,0,3,0,2018,7,17,3,3,3,6,0,1,0,0,0,0,1,0,6.09916E+20,5.96874E+21,1.06711E+16,5.38555E+16
121465,1,0,54,56,2018,8,12,5,3,5,3,0,0,1,0,0,0,0,0,5.0438E+20,6.03855E+21,9.06763E+15,5.44945E+16
121466,1,0,60,63,2018,7,15,2,3,5,3,0,0,1,0,0,0,0,0,5.6755E+20,5.95332E+21,1.00238E+16,5.37241E+16
121467,1,0,61,46,2018,7,15,7,3,3,6,0,1,1,0,0,0,0,0,5.33089E+20,5.97351E+21,9.50369E+15,5.39089E+16
121468,1,0,54,168,2018,7,12,2,2,0,7,0,1,0,0,0,0,0,0,4.63507E+20,6.08085E+21,8.43131E+15,5.48733E+16
121469,1,0,55,1,2018,7,16,1,3,8,1,0,0,0,0,1,0,0,1,6.03509E+20,5.98502E+21,1.05793E+16,5.40031E+16
121470,1,0,51,11,2018,7,14,7,3,9,5,0,1,0,0,0,0,0,0,5.08544E+20,5.97161E+21,9.13E+15,5.38929E+16
121471,1,0,3,0,2018,7,19,5,3,5,3,0,1,1,0,0,0,0,0,6.12831E+20,5.96958E+21,1.07157E+16,5.38624E+16
121472,1,0,2,0,2018,7,9,6,3,5,2,0,0,1,0,1,0,0,0,5.71759E+20,6.01845E+21,1.01029E+16,5.43089E+16
121473,1,0,56,39,2018,7,16,3,3,5,3,0,1,1,0,0,0,0,0,5.5254E+20,5.94576E+21,9.79503E+15,5.3658E+16
121474,1,0,62,1,2018,7,16,2,3,6,4,0,0,1,1,0,0,0,0,5.8184E+20,5.94768E+21,1.02388E+16,5.36714E+16
121475,1,0,61,28,2018,7,19,2,3,8,1,0,1,0,0,0,0,0,0,5.48989E+20,5.98389E+21,9.74738E+15,5.4001E+16
121476,1,0,57,62,2018,8,5,4,3,0,3,0,0,1,0,1,0,0,1,5.82882E+20,6.00963E+21,1.02714E+16,5.42279E+16
121477,1,0,56,24,2018,7,22,7,3,0,1,2,0,0,0,1,0,0,0,5.45099E+20,5.94418E+21,9.68221E+15,5.36444E+16
121478,1,0,57,79,2018,7,14,1,3,4,6,0,1,0,0,0,0,0,0,5.8259E+20,6.02889E+21,1.02722E+16,5.4401E+16