OBJECTID_1,ULAND,UREGBEZ,UKREIS,UGEMEINDE,UJAHR,UMONAT,USTUNDE,UWOCHENTAG,UKATEGORIE,UART,UTYP1,ULICHTVERH,IstRad,IstPKW,IstFuss,IstKrad,IstGkfz,IstSonstig,STRZUSTAND,LINREFX,LINREFY,XGCSWGS84,YGCSWGS84
122041,1,0,55,33,2018,9,7,4,3,5,3,0,1,0,0,0,0,0,0,6.2381E+20,6.01824E+21,1.09025E+16,5.4297E+16
122042,1,0,3,0,2018,9,19,3,3,1,5,1,1,1,0,0,0,0,0,6.12503E+20,5.97264E+21,1.07119E+16,5.389E+16
122043,1,0,2,0,2018,9,11,4,3,5,3,0,0,1,0,0,0,0,1,5.7392E+20,6.0255E+21,1.01379E+16,5.43719E+16
122044,1,0,58,138,2018,9,16,4,3,0,4,0,1,0,1,0,0,0,0,5.66313E+20,6.01478E+21,1.00184E+16,5.42766E+16
122045,1,0,58,22,2018,9,8,4,2,0,7,0,1,0,0,0,0,0,0,5.67089E+20,6.00352E+21,1.00278E+16,5.41753E+16
122046,1,0,2,0,2018,9,20,4,3,3,6,2,0,1,0,1,0,0,0,5.77177E+20,6.02054E+21,1.01867E+16,5.43269E+16
122047,1,0,55,16,2018,9,13,2,3,5,3,0,1,1,0,0,0,0,0,6.27704E+20,6.00124E+21,1.09551E+16,5.41434E+16
122048,1,0,54,113,2018,9,21,4,3,0,7,0,1,1,0,0,0,0,0,4.74775E+20,6.01819E+21,8.61227E+15,5.4311E+16
122049,1,0,1,0,2018,9,16,4,3,5,3,0,1,1,0,0,0,0,0,5.27473E+20,6.0728E+21,9.42737E+15,5.48016E+16
122050,1,0,60,100,2018,9,12,5,3,0,7,0,0,1,0,0,1,0,0,5.66444E+20,5.96517E+21,1.00096E+16,5.38308E+16
122051,1,0,61,46,2018,9,6,3,3,4,6,1,0,1,0,0,0,0,1,5.33985E+20,5.97633E+21,9.51765E+15,5.39342E+16
122052,1,0,55,42,2018,9,16,3,3,6,4,0,0,1,1,0,0,0,0,6.16675E+20,5.98484E+21,1.078E+16,5.39986E+16
122053,1,0,61,49,2018,9,16,3,3,5,2,0,0,1,0,1,0,0,0,5.47244E+20,5.97852E+21,9.71992E+15,5.39529E+16
122054,1,0,58,15,2018,8,19,4,3,2,6,0,1,1,0,0,0,0,0,5.36323E+20,5.99482E+21,9.55547E+15,5.41003E+16
122055,1,0,60,63,2018,9,16,3,3,2,6,0,0,1,0,0,0,0,0,5.65691E+20,5.94963E+21,9.99483E+15,5.36912E+16
122056,1,0,60,5,2018,9,16,3,3,5,3,0,0,1,0,0,0,0,0,5.84751E+20,5.9788E+21,1.02914E+16,5.39506E+16
122057,1,0,2,0,2018,9,16,1,3,5,3,0,0,1,0,1,0,0,0,5.76121E+20,6.01596E+21,1.01693E+16,5.42859E+16
122058,1,0,60,19,2018,9,9,3,3,5,3,0,1,1,0,0,0,0,0,5.6239E+20,5.95684E+21,9.94631E+15,5.37565E+16
122059,1,0,3,0,2018,9,16,3,3,6,6,0,0,1,1,0,0,0,0,6.18574E+20,5.9754E+21,1.08053E+16,5.39135E+16
122060,1,0,56,39,2018,9,15,3,3,0,1,0,1,0,0,0,0,0,0,5.52527E+20,5.94508E+21,9.79472E+15,5.36519E+16
122061,1,0,58,135,2018,9,17,5,3,5,3,0,1,1,0,0,0,0,0,5.44142E+20,6.01728E+21,9.67832E+15,5.43015E+16
122062,1,0,56,15,2018,9,13,3,3,5,2,0,1,1,0,0,0,0,0,5.44598E+20,5.95583E+21,9.67632E+15,5.37492E+16
122063,1,0,61,49,2018,9,1,1,2,6,1,2,0,1,1,0,0,0,0,5.4684E+20,5.97824E+21,9.71374E+15,5.39505E+16
122064,1,0,53,90,2018,9,10,3,3,5,2,0,0,1,0,1,0,0,0,6.11726E+20,5.9424E+21,1.06891E+16,5.36184E+16
122065,1,0,62,1,2018,9,9,3,3,1,5,0,1,1,0,0,0,0,0,5.81569E+20,5.94801E+21,1.02348E+16,5.36744E+16
122066,1,0,3,0,2018,9,12,5,3,5,2,0,1,1,0,0,0,0,0,6.10297E+20,5.97008E+21,1.06774E+16,5.38674E+16
122067,1,0,55,16,2018,9,17,3,3,3,6,0,1,0,0,0,0,1,0,6.29075E+20,6.00411E+21,1.09773E+16,5.41688E+16
122068,1,0,53,32,2018,9,20,3,3,0,1,2,1,0,0,0,0,0,0,5.91634E+20,5.92105E+21,1.03792E+16,5.34305E+16
122069,1,0,55,27,2018,9,17,4,3,6,4,0,0,1,1,0,0,0,0,6.21733E+20,6.00895E+21,1.08668E+16,5.42141E+16
122070,1,0,58,135,2018,9,10,3,2,5,3,0,1,1,0,0,0,0,0,5.42603E+20,6.01833E+21,9.65484E+15,5.4311E+16
122071,1,0,62,6,2018,9,20,3,3,1,5,1,1,1,0,0,0,0,0,5.84501E+20,5.95396E+21,1.02808E+16,5.37275E+16
122072,1,0,55,46,2018,9,11,3,3,0,7,0,1,0,0,0,0,0,0,6.42772E+20,6.0349E+21,1.12016E+16,5.44417E+16
122073,1,0,55,28,2018,9,23,7,3,0,1,2,1,0,0,0,0,0,0,6.02283E+20,6.0043E+21,1.05671E+16,5.41765E+16
122074,1,0,55,21,2018,9,14,3,3,5,5,0,0,1,0,0,0,0,0,6.28064E+20,6.02696E+21,1.09716E+16,5.43743E+16
122075,1,0,2,0,2018,9,16,3,3,0,1,0,1,0,0,0,0,0,1,5.72999E+20,6.01935E+21,1.01222E+16,5.43168E+16
122076,1,0,55,32,2018,9,16,3,3,5,2,0,1,1,0,0,0,0,0,6.19633E+20,5.99537E+21,1.08292E+16,5.40926E+16
122077,1,0,56,2,2018,9,15,4,3,2,6,0,0,1,0,0,0,0,0,5.50514E+20,5.96026E+21,9.76675E+15,5.37885E+16
122078,1,0,57,62,2018,9,8,3,3,5,3,0,1,1,0,0,0,0,1,5.83018E+20,6.01049E+21,1.02737E+16,5.42356E+16
122079,1,0,3,0,2018,9,14,3,3,1,5,0,1,1,0,0,0,0,0,6.11014E+20,5.97018E+21,1.06883E+16,5.38682E+16
122080,1,0,60,4,2018,9,17,2,3,0,7,0,1,0,0,0,0,0,0,5.58067E+20,5.97463E+21,9.8841E+15,5.39169E+16
122081,1,0,58,9,2018,9,12,3,3,6,2,0,0,0,1,0,0,1,0,5.49334E+20,5.99207E+21,9.75398E+15,5.40744E+16
122082,1,0,60,63,2018,9,15,3,3,5,2,0,0,1,0,0,0,0,0,5.65782E+20,5.95392E+21,9.99712E+15,5.37298E+16
122083,1,0,1,0,2018,9,13,3,3,2,6,0,1,0,0,0,0,0,0,5.27215E+20,6.07257E+21,9.42334E+15,5.47996E+16
122084,1,0,58,92,2018,9,17,3,3,4,6,0,1,1,0,0,0,0,0,5.71554E+20,6.02107E+21,1.01004E+16,5.43325E+16
122085,1,0,57,62,2018,9,15,3,3,6,6,0,1,0,1,0,0,0,0,5.83485E+20,6.00933E+21,1.02806E+16,5.42252E+16
122086,1,0,2,0,2018,9,20,7,3,2,6,2,0,1,0,0,0,0,0,5.77482E+20,6.02116E+21,1.01916E+16,5.43324E+16
122087,1,0,59,18,2018,9,5,3,3,5,2,2,0,1,0,1,0,0,0,5.35326E+20,6.03679E+21,9.54519E+15,5.44775E+16
122088,1,0,2,0,2018,9,17,3,3,5,3,0,1,1,0,0,0,0,1,5.73018E+20,6.02182E+21,1.01231E+16,5.4339E+16
122089,1,0,54,87,2018,9,18,3,3,5,3,0,0,1,0,0,0,0,0,4.6629E+20,6.06042E+21,8.47705E+15,5.469E+16
122090,1,0,58,43,2018,9,13,4,3,1,6,0,0,1,0,1,0,0,0,5.55308E+20,6.03767E+21,9.85369E+15,5.44837E+16
122091,1,0,1,0,2018,9,11,3,3,0,7,0,1,0,0,0,0,0,0,5.27757E+20,6.07148E+21,9.43166E+15,5.47898E+16
122092,1,0,3,0,2018,9,16,2,3,2,3,0,1,1,0,0,0,0,0,6.11178E+20,5.9666E+21,1.06895E+16,5.3836E+16
122093,1,0,56,39,2018,9,16,2,3,0,1,0,1,0,0,0,0,0,0,5.52872E+20,5.94719E+21,9.80031E+15,5.36708E+16
122094,1,0,60,60,2018,9,18,2,3,4,6,0,0,1,0,0,0,1,0,5.88997E+20,5.98672E+21,1.03584E+16,5.40211E+16
122095,1,0,59,75,2018,9,8,6,3,0,7,0,1,0,0,0,0,0,0,5.35098E+20,6.04024E+21,9.54207E+15,5.45085E+16
122096,1,0,56,15,2018,9,15,2,3,0,1,0,1,0,0,0,0,0,0,5.44175E+20,5.95502E+21,9.66979E+15,5.3742E+16
122097,1,0,53,116,2018,9,12,2,2,0,7,0,1,0,0,0,0,0,0,5.98854E+20,5.93003E+21,1.04907E+16,5.35099E+16
122098,1,0,62,6,2018,9,7,2,3,6,6,0,1,0,1,0,0,0,0,5.83401E+20,5.95436E+21,1.02642E+16,5.37312E+16
122099,1,0,62,6,2018,9,9,6,3,6,4,0,0,1,1,0,0,0,0,5.83533E+20,5.9542E+21,1.02662E+16,5.37298E+16
122100,1,0,55,4,2018,9,19,2,3,4,6,0,1,1,0,0,0,0,0,6.10524E+20,5.97538E+21,1.06828E+16,5.39151E+16
122101,1,0,2,0,2018,9,12,3,3,0,7,0,1,0,0,0,0,0,1,5.73536E+20,6.02031E+21,1.01307E+16,5.43253E+16
122102,1,0,55,4,2018,9,13,2,3,0,7,0,1,0,0,0,0,0,0,6.09618E+20,5.97479E+21,1.06688E+16,5.39099E+16
122103,1,0,4,0,2018,9,19,2,3,0,7,0,1,0,0,0,0,0,0,5.65828E+20,5.99495E+21,1.00066E+16,5.40985E+16
122104,1,0,2,0,2018,9,18,2,3,5,2,0,1,1,0,0,0,0,0,5.73864E+20,6.0255E+21,1.0137E+16,5.4372E+16
122105,1,0,4,0,2018,9,12,2,2,0,7,0,0,0,0,1,0,0,0,5.62774E+20,5.99251E+21,9.95944E+15,5.4077E+16
122106,1,0,54,76,2018,9,10,2,3,5,3,0,1,1,0,0,0,0,0,4.98734E+20,6.06903E+21,8.98032E+15,5.47685E+16
122107,1,0,62,4,2018,9,11,5,3,0,1,0,1,0,0,0,0,0,0,5.9051E+20,5.96299E+21,1.03745E+16,5.38076E+16
122108,1,0,59,75,2018,9,19,3,3,0,7,1,1,0,0,0,0,0,1,5.37207E+20,6.04176E+21,9.57483E+15,5.45221E+16
122109,1,0,59,185,2018,9,12,2,3,1,6,0,0,1,0,0,0,0,0,5.38911E+20,6.06067E+21,9.60368E+15,5.46919E+16
122110,1,0,56,19,2018,9,15,4,3,4,6,0,0,1,0,0,0,0,0,5.38329E+20,5.94687E+21,9.58015E+15,5.36692E+16
122111,1,0,3,0,2018,9,15,3,3,5,3,0,1,1,0,0,0,0,0,6.11429E+20,5.97126E+21,1.0695E+16,5.38778E+16
122112,1,0,51,44,2018,9,18,2,3,5,2,0,1,1,0,0,0,0,0,5.06825E+20,6.00537E+21,9.10461E+15,5.41963E+16
122113,1,0,60,28,2018,9,1,1,3,5,3,2,1,1,0,0,0,0,0,5.70756E+20,5.98947E+21,1.00807E+16,5.40486E+16
122114,1,0,62,88,2018,9,9,1,3,2,6,0,1,0,0,0,0,0,0,5.85451E+20,5.94115E+21,1.02917E+16,5.36122E+16
122115,1,0,62,14,2018,9,2,1,3,1,5,2,1,1,0,0,0,0,0,5.828E+20,5.95131E+21,1.02543E+16,5.37039E+16
122116,1,0,62,4,2018,9,21,1,3,0,7,2,1,0,0,0,0,0,0,5.91377E+20,5.96423E+21,1.0388E+16,5.38186E+16
122117,1,0,62,4,2018,9,15,1,3,0,1,0,1,0,0,0,0,0,0,5.91327E+20,5.96407E+21,1.03872E+16,5.38171E+16
122118,1,0,51,74,2018,9,17,2,3,0,1,0,1,0,0,0,0,0,0,5.04897E+20,5.99241E+21,9.07486E+15,5.40799E+16
122119,1,0,62,69,2018,9,15,1,3,0,7,0,1,0,0,0,0,0,0,5.85832E+20,5.9432E+21,1.0298E+16,5.36305E+16
122120,1,0,55,21,2018,9,7,5,3,1,5,0,1,1,0,0,0,0,0,6.27574E+20,6.02664E+21,1.09639E+16,5.43716E+16
122121,1,0,60,63,2018,9,22,2,3,0,7,2,1,0,0,0,0,0,0,5.67493E+20,5.94868E+21,1.00219E+16,5.36824E+16
122122,1,0,55,44,2018,9,15,1,3,6,6,0,1,1,1,0,0,0,0,6.15995E+20,5.98604E+21,1.07701E+16,5.40096E+16
122123,1,0,60,63,2018,9,16,3,3,2,2,0,0,1,0,0,0,0,0,5.65177E+20,5.94676E+21,9.98644E+15,5.36655E+16
122124,1,0,2,0,2018,9,11,4,3,0,7,0,1,0,0,0,0,0,0,5.73407E+20,6.0217E+21,1.01291E+16,5.43379E+16
122125,1,0,58,53,2018,9,14,3,3,0,2,0,1,0,0,0,0,1,0,5.69082E+20,6.01091E+21,1.00601E+16,5.42415E+16
122126,1,0,55,44,2018,9,17,1,3,0,7,0,1,0,0,0,0,0,0,6.14589E+20,5.98938E+21,1.07499E+16,5.40399E+16
122127,1,0,3,0,2018,9,12,1,3,5,2,0,0,1,0,0,0,0,0,6.11174E+20,5.96926E+21,1.06904E+16,5.38599E+16
122128,1,0,55,12,2018,9,19,7,3,4,6,0,0,1,0,0,0,0,0,6.04083E+20,6.00003E+21,1.05932E+16,5.41378E+16
122129,1,0,55,21,2018,9,15,1,2,0,1,0,1,0,0,0,0,0,0,6.28478E+20,6.02586E+21,1.09775E+16,5.43643E+16
122130,1,0,60,4,2018,9,12,2,3,6,4,0,0,1,1,0,0,0,0,5.5791E+20,5.97495E+21,9.88177E+15,5.39197E+16
122131,1,0,4,0,2018,9,2,1,3,0,1,2,1,0,0,0,0,0,0,5.64847E+20,5.99711E+21,9.9921E+15,5.41181E+16
122132,1,0,4,0,2018,9,17,1,3,0,1,0,1,0,0,0,0,0,0,5.63873E+20,5.99167E+21,9.97607E+15,5.40693E+16
122133,1,0,2,0,2018,9,9,1,3,5,3,0,1,1,0,0,0,0,0,5.75453E+20,6.02751E+21,1.0162E+16,5.43897E+16
122134,1,0,2,0,2018,9,15,1,3,0,7,0,1,0,0,0,0,0,0,5.71964E+20,6.01885E+21,1.01062E+16,5.43124E+16
122135,1,0,62,76,2018,9,16,2,2,8,1,0,0,1,0,0,0,0,0,5.73568E+20,5.95304E+21,1.01149E+16,5.37208E+16
122136,1,0,2,0,2018,9,5,1,2,1,5,2,1,1,0,0,0,0,0,5.73379E+20,6.02172E+21,1.01286E+16,5.4338E+16
122137,1,0,2,0,2018,9,14,5,3,4,6,0,1,0,0,0,0,0,0,5.77923E+20,6.02063E+21,1.01982E+16,5.43276E+16
122138,1,0,56,44,2018,9,12,2,3,0,7,0,1,0,0,0,0,0,0,5.5499E+20,5.93908E+21,9.83092E+15,5.35977E+16
122139,1,0,59,171,2018,9,18,1,3,2,6,0,1,1,0,0,0,0,0,5.2628E+20,6.05786E+21,9.40747E+15,5.46674E+16
122140,1,0,62,60,2018,9,12,3,3,6,2,0,0,1,1,0,0,0,0,5.82663E+20,5.93058E+21,1.02467E+16,5.35177E+16
122141,1,0,51,44,2018,9,12,2,3,5,3,0,1,1,0,0,0,0,0,5.06363E+20,6.00621E+21,9.09755E+15,5.42038E+16
122142,1,0,54,164,2018,9,8,1,3,4,6,0,1,1,0,0,0,0,0,4.71096E+20,6.06024E+21,8.55162E+15,5.46887E+16
122143,1,0,2,0,2018,9,7,4,3,5,2,0,1,0,0,0,0,1,1,5.71044E+20,6.02295E+21,1.0093E+16,5.43494E+16
122144,1,0,54,168,2018,9,4,1,3,0,7,2,1,0,0,0,0,0,1,4.56444E+20,6.08408E+21,8.32075E+15,5.49018E+16
122145,1,0,60,89,2018,9,15,6,3,5,2,0,1,0,0,1,0,0,0,5.79599E+20,5.98867E+21,1.02155E+16,5.40401E+16
122146,1,0,51,74,2018,9,13,7,3,2,6,0,0,1,0,0,0,1,0,5.04513E+20,5.99319E+21,9.06899E+15,5.40869E+16
122147,1,0,56,39,2018,9,14,2,3,5,3,0,1,0,0,0,0,0,0,5.52701E+20,5.94447E+21,9.79726E+15,5.36464E+16
122148,1,0,61,37,2018,9,19,7,2,5,3,1,1,1,0,0,0,0,0,5.31866E+20,5.95979E+21,9.48366E+15,5.37857E+16
122149,1,0,56,15,2018,9,7,2,3,2,6,0,0,1,0,0,0,1,0,5.46268E+20,5.9549E+21,9.7015E+15,5.37407E+16
122150,1,0,60,63,2018,9,16,7,3,0,7,0,1,0,0,0,0,0,0,5.64581E+20,5.94935E+21,9.97795E+15,5.36888E+16
122151,1,0,53,116,2018,9,17,7,2,6,3,0,0,1,1,0,0,0,0,5.97689E+20,5.92871E+21,1.04727E+16,5.34983E+16
122152,1,0,62,88,2018,9,14,4,3,0,7,0,0,0,1,0,0,1,0,5.85502E+20,5.93839E+21,1.02917E+16,5.35874E+16
122153,1,0,60,39,2018,9,8,2,3,5,3,0,0,1,0,0,0,0,0,5.64451E+20,5.96168E+21,9.97856E+15,5.37997E+16
122154,1,0,62,53,2018,9,20,7,3,5,3,2,0,1,0,0,0,0,0,5.76602E+20,5.93392E+21,1.01562E+16,5.35486E+16
122155,1,0,56,39,2018,9,12,2,3,1,7,0,0,1,0,0,0,1,0,5.53577E+20,5.94596E+21,9.81075E+15,5.36597E+16
122156,1,0,55,32,2018,9,17,7,3,8,1,0,1,0,0,0,0,0,0,6.20335E+20,5.99524E+21,1.08399E+16,5.40913E+16
122157,1,0,55,2,2018,9,12,7,2,0,7,0,1,0,0,0,0,0,0,6.16508E+20,5.99987E+21,1.07832E+16,5.41338E+16
122158,1,0,3,0,2018,9,23,6,3,1,1,2,1,1,0,0,0,0,0,6.1099E+20,5.96951E+21,1.06877E+16,5.38622E+16
122159,1,0,3,0,2018,9,2,7,3,6,7,2,0,1,1,0,0,0,0,6.10903E+20,5.96976E+21,1.06865E+16,5.38644E+16
122160,1,0,60,63,2018,9,10,2,3,6,3,0,0,1,1,0,0,0,0,5.65987E+20,5.9521E+21,9.99983E+15,5.37134E+16
122161,1,0,54,113,2018,9,15,7,3,0,1,0,1,0,0,0,0,0,0,4.75953E+20,6.01724E+21,8.63046E+15,5.43025E+16
122162,1,0,61,46,2018,8,12,6,3,3,6,0,1,1,0,0,0,0,0,5.34002E+20,5.97572E+21,9.51784E+15,5.39288E+16
122163,1,0,54,46,2018,9,13,2,2,0,1,0,1,0,0,0,0,0,0,4.54466E+20,6.0684E+21,8.29238E+15,5.47608E+16
122164,1,0,60,5,2018,8,7,6,3,1,5,0,1,1,0,0,0,0,0,5.85496E+20,5.97679E+21,1.03022E+16,5.39325E+16
122165,1,0,55,32,2018,9,20,2,2,6,4,2,0,1,1,0,0,0,0,6.20477E+20,5.99526E+21,1.08421E+16,5.40914E+16
122166,1,0,60,44,2018,8,10,6,2,0,7,0,0,0,0,1,0,0,0,5.63637E+20,5.96532E+21,9.96696E+15,5.38325E+16
122167,1,0,56,24,2018,8,8,6,3,1,2,0,0,1,0,0,0,0,0,5.4339E+20,5.94527E+21,9.65651E+15,5.36544E+16
122168,1,0,60,63,2018,9,18,5,3,5,3,0,0,1,0,0,0,0,0,5.65066E+20,5.94634E+21,9.98467E+15,5.36617E+16
122169,1,0,60,63,2018,8,21,6,3,0,1,2,1,0,0,0,0,0,0,5.65741E+20,5.95174E+21,9.99603E+15,5.37102E+16
122170,1,0,55,46,2018,9,15,2,3,0,1,0,1,0,0,0,0,0,0,6.45858E+20,6.03576E+21,1.12496E+16,5.44485E+16
122171,1,0,60,4,2018,8,19,6,3,6,7,0,1,0,1,0,0,0,0,5.57617E+20,5.97372E+21,9.87708E+15,5.39087E+16
122172,1,0,2,0,2018,8,8,4,3,4,6,0,0,1,0,0,0,0,0,5.7502E+20,6.02248E+21,1.01541E+16,5.43446E+16
122173,1,0,3,0,2018,8,7,6,3,1,5,0,0,1,0,0,0,0,0,6.11375E+20,5.96981E+21,1.06937E+16,5.38648E+16
122174,1,0,55,32,2018,8,7,6,3,6,1,0,1,0,1,0,0,0,0,6.19058E+20,5.99766E+21,1.08213E+16,5.41133E+16
122175,1,0,58,171,2018,9,17,1,3,5,2,0,1,1,0,0,0,0,0,5.58253E+20,6.01408E+21,9.89452E+15,5.42714E+16
122176,1,0,3,0,2018,8,16,6,3,5,2,0,0,1,0,0,0,0,0,6.19669E+20,5.97606E+21,1.08222E+16,5.39191E+16
122177,1,0,55,46,2018,9,18,2,3,5,3,0,1,1,0,0,0,0,0,6.42457E+20,6.03376E+21,1.11962E+16,5.44316E+16
122178,1,0,3,0,2018,8,12,6,3,6,4,0,1,0,1,0,0,0,0,6.2249E+20,5.98028E+21,1.08668E+16,5.39563E+16
122179,1,0,58,135,2018,9,18,5,3,1,5,0,0,1,0,0,0,0,0,5.43009E+20,6.0168E+21,9.66085E+15,5.42973E+16
122180,1,0,57,91,2018,9,10,2,3,2,6,0,0,0,0,1,0,1,0,5.80348E+20,6.01603E+21,1.02343E+16,5.42859E+16
122181,1,0,55,16,2018,8,12,6,3,1,7,0,1,1,0,0,0,0,0,6.2804E+20,6.00203E+21,1.09605E+16,5.41504E+16
122182,1,0,4,0,2018,8,8,6,3,5,3,0,1,1,0,0,0,0,0,5.63649E+20,5.99313E+21,9.97294E+15,5.40824E+16
122183,1,0,55,46,2018,9,15,5,2,6,4,0,0,1,1,0,0,0,0,6.38936E+20,6.03954E+21,1.11447E+16,5.44845E+16
122184,1,0,4,0,2018,8,20,6,3,4,6,1,1,1,0,0,0,0,0,5.63236E+20,5.99034E+21,9.96604E+15,5.40574E+16
122185,1,0,53,90,2018,9,12,4,3,0,1,0,1,0,0,0,0,0,0,6.11936E+20,5.94383E+21,1.06928E+16,5.36313E+16
122186,1,0,55,42,2018,9,19,3,3,0,2,1,1,0,0,0,0,0,0,6.19798E+20,5.98425E+21,1.08274E+16,5.39926E+16
122187,1,0,4,0,2018,8,9,6,3,5,3,0,0,1,0,0,0,0,0,5.66077E+20,5.98837E+21,1.0009E+16,5.40393E+16
122188,1,0,58,43,2018,8,18,6,3,5,3,0,0,1,0,0,0,0,0,5.55327E+20,6.03739E+21,9.85394E+15,5.44811E+16
122189,1,0,3,0,2018,9,11,7,3,0,1,0,1,0,0,0,0,0,0,6.10686E+20,5.96996E+21,1.06833E+16,5.38663E+16
122190,1,0,57,57,2018,8,11,6,3,5,3,0,1,1,0,0,0,0,0,5.91933E+20,6.00205E+21,1.04079E+16,5.41583E+16
122191,1,0,57,62,2018,8,13,6,3,5,3,0,0,1,0,0,0,0,0,5.83278E+20,6.0103E+21,1.02777E+16,5.42339E+16
122192,1,0,56,41,2018,9,9,4,3,0,7,0,0,0,0,1,0,0,1,5.60141E+20,5.95326E+21,9.9115E+15,5.37246E+16
122193,1,0,57,73,2018,8,16,6,2,3,2,0,0,1,0,1,0,0,0,5.89225E+20,6.02816E+21,1.03742E+16,5.43934E+16
122194,1,0,60,63,2018,9,16,2,3,3,6,0,1,1,0,0,0,0,0,5.65112E+20,5.95358E+21,9.9869E+15,5.37268E+16
122195,1,0,2,0,2018,8,8,6,3,6,2,0,0,1,1,0,0,0,0,5.76654E+20,6.01716E+21,1.01778E+16,5.42966E+16
122196,1,0,59,77,2018,8,14,6,3,0,7,0,1,0,0,0,0,0,0,5.30547E+20,6.04063E+21,9.47183E+15,5.45123E+16
122197,1,0,53,83,2018,9,20,6,3,0,1,1,1,0,0,0,0,0,0,6.03445E+20,5.91525E+21,1.0555E+16,5.33762E+16
122198,1,0,59,171,2018,9,13,4,3,6,4,0,0,1,1,0,0,0,0,5.25098E+20,6.05822E+21,9.38917E+15,5.46707E+16
122199,1,0,2,0,2018,9,17,3,3,6,4,0,1,0,1,0,0,0,0,5.73574E+20,6.01919E+21,1.0131E+16,5.43152E+16
122200,1,0,59,45,2018,8,20,6,3,2,2,2,0,1,0,0,0,0,0,5.63895E+20,6.05757E+21,9.99054E+15,5.46614E+16
122201,1,0,56,18,2018,8,6,5,3,5,3,1,0,0,0,1,0,1,1,5.5535E+20,5.94279E+21,9.83703E+15,5.36309E+16
122202,1,0,57,74,2018,9,4,7,2,9,1,2,0,1,0,0,0,0,1,5.80728E+20,6.0198E+21,1.02411E+16,5.43197E+16
122203,1,0,56,49,2018,8,9,5,3,5,3,0,1,1,0,0,0,0,1,5.44502E+20,5.94826E+21,9.67378E+15,5.36812E+16
122204,1,0,56,15,2018,8,8,5,2,0,7,0,0,1,0,0,0,0,1,5.42949E+20,5.95634E+21,9.65138E+15,5.37539E+16
122205,1,0,3,0,2018,9,15,4,2,2,7,0,0,1,0,0,0,0,1,6.22497E+20,5.98023E+21,1.08669E+16,5.39559E+16
122206,1,0,56,50,2018,8,11,5,3,1,5,0,1,1,0,0,0,0,1,5.46496E+20,5.9365E+21,9.70221E+15,5.35753E+16
122207,1,0,55,7,2018,9,19,2,3,8,1,0,0,1,0,0,0,0,0,5.98411E+20,5.99335E+21,1.05042E+16,5.4079E+16
122208,1,0,56,44,2018,8,7,5,3,5,2,1,0,1,0,0,0,0,1,5.55557E+20,5.94029E+21,9.8397E+15,5.36085E+16
122209,1,0,60,63,2018,8,8,5,3,5,3,0,1,1,0,0,0,0,1,5.64425E+20,5.94655E+21,9.97502E+15,5.36638E+16
122210,1,0,58,126,2018,9,10,6,3,5,7,0,0,1,0,0,0,0,0,5.68701E+20,6.02208E+21,1.00568E+16,5.43419E+16
122211,1,0,62,4,2018,8,6,5,3,2,6,1,0,1,0,0,0,0,1,5.90183E+20,5.96284E+21,1.03695E+16,5.38063E+16
122212,1,0,56,18,2018,9,15,3,3,6,1,0,0,1,1,0,0,0,0,5.5554E+20,5.94321E+21,9.83997E+15,5.36347E+16
122213,1,0,62,60,2018,8,14,5,3,2,6,0,0,1,0,0,0,0,1,5.81669E+20,5.93118E+21,1.02319E+16,5.35232E+16
122214,1,0,3,0,2018,8,18,5,3,0,1,1,0,0,0,1,0,0,1,6.11756E+20,5.96697E+21,1.06985E+16,5.38392E+16
122215,1,0,4,0,2018,8,14,5,3,2,6,0,1,1,0,0,0,0,1,5.65421E+20,5.99077E+21,9.99951E+15,5.4061E+16
122216,1,0,51,11,2018,8,7,4,3,0,7,0,1,0,0,0,0,0,0,5.08526E+20,5.9728E+21,9.12977E+15,5.39036E+16
122217,1,0,3,0,2018,9,8,2,3,5,2,0,0,1,0,0,0,0,0,6.22087E+20,5.98108E+21,1.0861E+16,5.39637E+16
122218,1,0,61,46,2018,8,14,4,3,3,2,0,1,1,0,0,0,0,0,5.34072E+20,5.97506E+21,9.51883E+15,5.39228E+16
122219,1,0,51,44,2018,8,17,4,3,4,6,0,0,1,0,0,0,0,0,5.07113E+20,6.00646E+21,9.10905E+15,5.42061E+16
122220,1,0,53,32,2018,9,7,5,3,5,3,0,1,1,0,0,0,0,0,5.90797E+20,5.92182E+21,1.03668E+16,5.34376E+16
122221,1,0,56,47,2018,8,21,4,3,7,1,2,0,0,0,1,0,0,0,5.56645E+20,5.94848E+21,9.85764E+15,5.3682E+16
122222,1,0,60,89,2018,9,18,4,2,5,3,0,1,1,0,0,0,0,0,5.79067E+20,5.98846E+21,1.02073E+16,5.40383E+16
122223,1,0,3,0,2018,9,9,3,3,3,6,0,1,1,0,0,0,0,0,6.09425E+20,5.96945E+21,1.06639E+16,5.3862E+16
122224,1,0,2,0,2018,8,17,4,3,0,1,0,1,1,0,0,0,0,0,5.7025E+20,6.02297E+21,1.00808E+16,5.43497E+16
122225,1,0,2,0,2018,9,6,2,3,5,2,0,0,1,0,1,0,0,0,5.73054E+20,6.02213E+21,1.01237E+16,5.43417E+16
122226,1,0,57,62,2018,9,4,1,3,9,1,2,0,1,0,0,0,0,0,5.83119E+20,6.01018E+21,1.02752E+16,5.42328E+16
122227,1,0,53,32,2018,10,16,5,2,2,6,0,0,1,0,1,0,0,0,5.91305E+20,5.92102E+21,1.03743E+16,5.34303E+16