OBJECTID_1,ULAND,UREGBEZ,UKREIS,UGEMEINDE,UJAHR,UMONAT,USTUNDE,UWOCHENTAG,UKATEGORIE,UART,UTYP1,ULICHTVERH,IstRad,IstPKW,IstFuss,IstKrad,IstGkfz,IstSonstig,STRZUSTAND,LINREFX,LINREFY,XGCSWGS84,YGCSWGS84
122414,1,0,61,46,2018,10,16,2,3,5,3,0,1,1,0,0,0,0,0,5.32399E+20,5.97824E+21,9.4937E+15,5.39515E+16
122415,1,0,51,11,2018,9,10,1,3,5,3,0,1,0,0,0,0,0,0,5.07616E+20,5.97216E+21,9.1159E+15,5.38978E+16
122416,1,0,51,44,2018,10,11,6,3,0,7,0,1,1,0,0,0,0,0,5.06878E+20,6.00525E+21,9.10542E+15,5.41953E+16
122417,1,0,61,7,2018,9,1,1,3,0,7,2,1,0,0,0,0,0,1,5.2445E+20,5.9696E+21,9.37188E+15,5.38743E+16
122418,1,0,3,0,2018,10,10,5,3,5,2,0,0,1,0,0,0,0,0,6.10363E+20,5.97205E+21,1.06791E+16,5.38852E+16
122419,1,0,56,18,2018,9,15,1,3,0,1,0,0,0,0,1,0,0,1,5.57315E+20,5.94216E+21,9.86662E+15,5.36251E+16
122420,1,0,2,0,2018,10,12,7,3,5,3,0,1,1,0,0,0,0,0,5.71069E+20,6.01884E+21,1.00924E+16,5.43125E+16
122421,1,0,55,12,2018,10,12,5,3,2,6,0,0,1,0,0,0,1,1,6.05138E+20,5.99974E+21,1.06092E+16,5.41351E+16
122422,1,0,56,15,2018,10,17,2,3,2,2,0,0,1,0,0,0,1,0,5.44486E+20,5.95407E+21,9.67436E+15,5.37334E+16
122423,1,0,59,120,2018,10,18,3,3,1,6,0,0,1,0,0,0,0,1,5.25509E+20,6.07279E+21,9.39683E+15,5.48017E+16
122424,1,0,56,36,2018,10,12,2,3,6,7,0,0,1,1,0,0,0,0,5.44273E+20,5.94728E+21,9.67016E+15,5.36724E+16
122425,1,0,56,36,2018,10,15,2,3,0,1,0,1,0,0,0,0,0,0,5.44048E+20,5.94732E+21,9.66677E+15,5.36728E+16
122426,1,0,4,0,2018,9,13,1,3,5,3,0,0,1,0,0,0,0,0,5.63997E+20,5.99119E+21,9.97786E+15,5.4065E+16
122427,1,0,3,0,2018,10,12,4,3,2,6,0,0,1,0,0,0,0,0,6.11059E+20,5.97354E+21,1.06902E+16,5.38984E+16
122428,1,0,51,11,2018,10,10,2,3,0,7,0,1,0,0,0,0,1,0,5.09424E+20,5.97266E+21,9.14344E+15,5.39023E+16
122429,1,0,60,5,2018,10,15,2,3,4,6,0,1,0,0,0,0,0,0,5.8569E+20,5.97734E+21,1.03053E+16,5.39373E+16
122430,1,0,55,21,2018,10,11,6,2,5,3,0,1,1,0,0,0,0,0,6.28852E+20,6.02662E+21,1.09835E+16,5.4371E+16
122431,1,0,61,46,2018,9,12,7,3,2,6,0,0,1,0,0,0,0,1,5.32441E+20,5.97831E+21,9.49435E+15,5.39522E+16
122432,1,0,56,18,2018,9,15,7,3,5,3,0,0,1,0,1,0,0,1,5.55549E+20,5.94338E+21,9.84014E+15,5.36363E+16
122433,1,0,57,62,2018,10,9,6,3,0,1,0,1,0,0,0,0,0,0,5.84353E+20,6.0115E+21,1.02945E+16,5.42445E+16
122434,1,0,61,46,2018,10,16,4,3,5,3,0,1,1,0,0,0,0,0,5.33597E+20,5.97788E+21,9.51191E+15,5.39482E+16
122435,1,0,60,63,2018,10,15,2,3,2,6,0,0,1,0,0,0,0,0,5.65178E+20,5.94677E+21,9.98646E+15,5.36656E+16
122436,1,0,57,91,2018,10,6,2,3,5,3,2,1,1,0,0,0,0,1,5.7944E+20,6.01673E+21,1.02205E+16,5.42923E+16
122437,1,0,3,0,2018,10,8,2,3,5,2,0,1,1,0,0,0,0,0,6.09158E+20,5.97189E+21,1.06607E+16,5.38839E+16
122438,1,0,1,0,2018,10,19,6,3,1,5,2,0,1,0,0,0,1,0,5.2887E+20,6.07118E+21,9.44895E+15,5.4787E+16
122439,1,0,55,32,2018,9,11,7,3,5,3,0,0,1,0,0,0,0,0,6.19997E+20,5.99663E+21,1.08353E+16,5.41038E+16
122440,1,0,58,43,2018,10,15,6,3,0,7,0,1,0,0,0,0,0,0,5.54534E+20,6.03701E+21,9.84163E+15,5.44778E+16
122441,1,0,2,0,2018,9,7,7,3,1,1,0,1,1,0,0,0,0,1,5.73406E+20,6.02017E+21,1.01287E+16,5.43241E+16
122442,1,0,61,46,2018,9,8,6,3,5,2,0,1,0,0,1,0,0,0,5.3397E+20,5.97611E+21,9.5174E+15,5.39323E+16
122443,1,0,51,26,2018,10,23,5,3,8,1,2,0,1,0,0,0,0,1,5.17253E+20,5.98855E+21,9.26349E+15,5.40449E+16
122444,1,0,62,82,2018,10,6,4,3,5,3,2,0,1,0,0,0,0,0,5.92577E+20,5.94269E+21,1.03998E+16,5.36248E+16
122445,1,0,56,15,2018,10,20,2,3,5,3,2,1,1,0,0,0,0,0,5.43478E+20,5.9555E+21,9.65929E+15,5.37463E+16
122446,1,0,53,96,2018,9,21,7,3,0,1,2,1,0,0,0,0,0,0,6.04375E+20,5.94643E+21,1.05794E+16,5.36562E+16
122447,1,0,56,15,2018,10,21,1,2,8,1,2,0,1,0,1,0,0,0,5.4296E+20,5.95548E+21,9.65143E+15,5.37462E+16
122448,1,0,56,50,2018,9,18,4,3,5,2,0,1,1,0,0,0,0,0,5.47334E+20,5.93662E+21,9.71488E+15,5.35763E+16
122449,1,0,51,44,2018,9,12,6,3,2,2,0,0,1,0,0,0,0,1,5.06143E+20,6.00494E+21,9.09416E+15,5.41925E+16
122450,1,0,53,21,2018,10,11,1,3,6,7,0,1,0,1,0,0,0,0,5.95493E+20,5.93859E+21,1.04426E+16,5.35875E+16
122451,1,0,62,19,2018,10,13,7,3,8,7,0,0,0,0,1,0,0,0,5.82449E+20,5.96381E+21,1.02523E+16,5.38163E+16
122452,1,0,53,100,2018,10,13,2,3,6,6,0,1,0,1,0,0,0,0,6.15028E+20,5.95064E+21,1.07421E+16,5.36918E+16
122453,1,0,56,41,2018,9,16,6,3,3,6,0,1,1,0,0,0,0,1,5.60194E+20,5.9536E+21,9.91236E+15,5.37276E+16
122454,1,0,4,0,2018,10,7,5,3,5,2,0,1,0,0,0,1,0,0,5.64404E+20,5.98879E+21,9.98357E+15,5.40434E+16
122455,1,0,51,24,2018,10,13,3,3,7,7,0,1,0,0,0,0,1,0,5.10138E+20,5.97748E+21,9.15447E+15,5.39456E+16
122456,1,0,55,40,2018,10,17,2,3,1,7,0,1,1,0,0,0,0,0,6.08265E+20,5.97334E+21,1.06477E+16,5.38972E+16
122457,1,0,62,76,2018,9,16,6,3,5,3,0,0,1,0,0,0,0,0,5.69696E+20,5.95571E+21,1.00568E+16,5.37454E+16
122458,1,0,53,100,2018,10,16,5,3,5,2,0,0,1,0,0,0,0,1,6.15035E+20,5.95188E+21,1.07426E+16,5.37029E+16
122459,1,0,58,135,2018,10,20,4,3,5,3,2,1,1,0,0,0,0,0,5.43577E+20,6.01645E+21,9.66953E+15,5.42941E+16
122460,1,0,62,4,2018,9,7,6,3,8,1,0,1,0,0,0,0,0,0,5.90687E+20,5.96291E+21,1.03772E+16,5.38069E+16
122461,1,0,56,41,2018,10,16,7,2,6,4,0,0,1,1,0,0,0,0,5.60162E+20,5.95441E+21,9.91204E+15,5.37349E+16
122462,1,0,53,32,2018,9,16,6,3,4,6,0,0,1,0,0,0,1,1,5.91136E+20,5.92112E+21,1.03717E+16,5.34312E+16
122463,1,0,53,12,2018,9,16,6,3,2,2,0,0,1,0,0,0,0,1,5.85347E+20,5.92616E+21,1.0286E+16,5.34775E+16
122464,1,0,60,63,2018,10,12,7,2,5,3,0,1,1,0,0,0,0,0,5.64582E+20,5.94933E+21,9.97798E+15,5.36887E+16
122465,1,0,62,1,2018,10,6,6,3,0,1,1,1,0,0,0,0,0,0,5.81546E+20,5.94839E+21,1.02346E+16,5.36779E+16
122466,1,0,3,0,2018,9,13,6,3,2,2,0,0,1,0,0,0,0,1,6.1129E+20,5.96604E+21,1.0691E+16,5.38309E+16
122467,1,0,1,0,2018,10,19,5,3,0,7,1,1,0,0,0,0,0,1,5.25549E+20,6.06799E+21,9.39702E+15,5.47585E+16
122468,1,0,58,43,2018,10,16,3,3,1,5,0,1,1,0,0,0,0,0,5.54386E+20,6.03626E+21,9.83921E+15,5.44711E+16
122469,1,0,60,63,2018,10,18,6,3,4,6,0,0,1,0,1,0,0,0,5.63596E+20,5.94878E+21,9.96293E+15,5.36838E+16
122470,1,0,55,21,2018,9,12,6,3,5,3,0,1,1,0,0,0,0,0,6.28807E+20,6.02653E+21,1.09828E+16,5.43702E+16
122471,1,0,3,0,2018,9,9,6,3,5,3,0,1,1,0,0,0,0,0,6.11272E+20,5.96741E+21,1.06913E+16,5.38433E+16
122472,1,0,58,43,2018,9,0,6,2,7,1,2,1,0,0,0,0,0,0,5.54268E+20,6.03608E+21,9.83735E+15,5.44695E+16
122473,1,0,2,0,2018,10,13,7,2,1,5,0,0,1,0,0,0,0,0,5.75588E+20,6.01939E+21,1.0162E+16,5.43168E+16
122474,1,0,57,43,2018,9,18,6,3,0,3,0,0,1,0,0,0,1,0,5.79935E+20,6.02968E+21,1.02316E+16,5.44085E+16
122475,1,0,61,46,2018,9,14,5,3,4,6,2,0,1,0,0,0,1,0,5.33329E+20,5.9754E+21,9.50755E+15,5.3926E+16
122476,1,0,55,46,2018,10,14,7,3,0,7,0,1,0,0,0,0,0,0,6.35217E+20,6.03551E+21,1.10855E+16,5.44492E+16
122477,1,0,56,50,2018,10,9,5,3,0,7,0,1,0,0,0,0,0,0,5.47114E+20,5.93735E+21,9.71166E+15,5.35829E+16
122478,1,0,56,50,2018,9,11,5,3,3,6,0,1,1,0,0,0,0,0,5.46515E+20,5.93675E+21,9.70252E+15,5.35775E+16
122479,1,0,62,35,2018,10,18,3,2,0,1,1,0,0,0,1,0,0,1,5.86689E+20,5.94608E+21,1.03118E+16,5.36562E+16
122480,1,0,60,63,2018,10,13,2,3,2,6,0,0,1,0,0,0,0,0,5.66576E+20,5.95211E+21,1.00088E+16,5.37134E+16
122481,1,0,3,0,2018,10,12,6,2,1,5,0,1,1,0,0,0,0,0,6.09818E+20,5.96994E+21,1.06701E+16,5.38663E+16
122482,1,0,62,4,2018,9,18,5,3,0,1,0,1,0,0,0,0,0,0,5.92881E+20,5.96132E+21,1.041E+16,5.37921E+16
122483,1,0,62,1,2018,9,10,5,3,1,5,0,0,1,0,0,0,0,0,5.80895E+20,5.94844E+21,1.02247E+16,5.36784E+16
122484,1,0,51,14,2018,10,13,5,3,8,1,0,0,1,0,0,0,0,1,4.93838E+20,5.99907E+21,8.90568E+15,5.41397E+16
122485,1,0,56,49,2018,10,17,4,3,2,6,0,0,1,0,0,0,0,0,5.45053E+20,5.94841E+21,9.68213E+15,5.36825E+16
122486,1,0,57,73,2018,10,17,5,3,5,3,0,0,1,0,0,0,1,0,5.89227E+20,6.02793E+21,1.03742E+16,5.43913E+16
122487,1,0,2,0,2018,10,20,2,3,6,4,2,0,1,1,0,0,0,0,5.73413E+20,6.0196E+21,1.01286E+16,5.4319E+16
122488,1,0,58,135,2018,10,11,2,3,1,5,0,0,1,0,0,0,0,0,5.43331E+20,6.01704E+21,9.66583E+15,5.42994E+16
122489,1,0,54,96,2018,10,12,7,3,8,1,0,0,0,0,0,0,1,0,5.11346E+20,6.0331E+21,9.17496E+15,5.44454E+16
122490,1,0,58,58,2018,10,11,5,1,5,3,0,1,1,0,0,0,0,1,5.6332E+20,6.02931E+21,9.97555E+15,5.44076E+16
122491,1,0,55,33,2018,10,15,2,3,5,3,0,1,0,0,0,0,0,0,6.23732E+20,6.01867E+21,1.09015E+16,5.43009E+16
122492,1,0,60,63,2018,10,11,2,3,6,2,0,0,1,1,0,0,0,0,5.65668E+20,5.95136E+21,9.99484E+15,5.37068E+16
122493,1,0,2,0,2018,10,12,6,3,0,1,0,1,0,0,0,0,0,0,5.73432E+20,6.01951E+21,1.01289E+16,5.43182E+16
122494,1,0,58,22,2018,9,17,5,3,5,3,0,0,1,0,1,0,0,0,5.6755E+20,6.00331E+21,1.00348E+16,5.41734E+16
122495,1,0,58,44,2018,9,11,5,3,5,3,0,0,0,0,0,0,1,0,5.57456E+20,5.98974E+21,9.87764E+15,5.40527E+16
122496,1,0,60,44,2018,10,17,5,3,1,7,0,0,1,0,0,0,0,0,5.6337E+20,5.96576E+21,9.96299E+15,5.38365E+16
122497,1,0,3,0,2018,10,9,4,3,5,2,0,0,1,0,0,0,0,0,6.09943E+20,5.96991E+21,1.0672E+16,5.3866E+16
122498,1,0,58,135,2018,9,17,5,3,5,3,0,0,1,0,0,0,0,0,5.43519E+20,6.01646E+21,9.66864E+15,5.42942E+16
122499,1,0,58,96,2018,10,10,1,3,8,1,0,0,0,0,1,0,0,0,5.58884E+20,6.02739E+21,9.90684E+15,5.43909E+16
122500,1,0,54,56,2018,9,12,5,3,5,3,0,1,1,0,0,0,0,0,5.05044E+20,6.0382E+21,9.07787E+15,5.44914E+16
122501,1,0,56,24,2018,9,20,4,2,9,7,2,1,0,0,0,0,0,0,5.43696E+20,5.94573E+21,9.66121E+15,5.36585E+16
122502,1,0,2,0,2018,11,7,2,3,5,3,0,0,1,0,0,0,0,1,5.76528E+20,6.01712E+21,1.01759E+16,5.42962E+16
122503,1,0,56,44,2018,11,7,4,3,0,1,1,0,0,0,1,0,0,1,5.57009E+20,5.94018E+21,9.86164E+15,5.36073E+16
122504,1,0,2,0,2018,10,16,4,3,0,1,0,1,0,0,0,0,0,1,5.71631E+20,6.02113E+21,1.01016E+16,5.4333E+16
122505,1,0,3,0,2018,11,12,5,3,0,7,0,1,0,0,0,0,0,0,6.10953E+20,5.97002E+21,1.06874E+16,5.38668E+16
122506,1,0,59,120,2018,11,16,1,3,6,3,0,0,1,1,0,0,0,0,5.24458E+20,6.07183E+21,9.38039E+15,5.47931E+16
122507,1,0,60,63,2018,11,14,2,3,2,2,0,0,1,0,0,0,0,1,5.65368E+20,5.94692E+21,9.98936E+15,5.36669E+16
122508,1,0,2,0,2018,10,10,3,3,3,6,0,0,1,0,0,0,1,1,5.74283E+20,6.01874E+21,1.01418E+16,5.43111E+16
122509,1,0,51,130,2018,11,11,4,3,5,3,0,0,1,0,0,0,0,0,5.05629E+20,6.0065E+21,9.08631E+15,5.42065E+16
122510,1,0,60,63,2018,11,18,6,3,2,6,2,0,1,0,0,0,0,0,5.65841E+20,5.9532E+21,9.99785E+15,5.37233E+16
122511,1,0,54,36,2018,10,19,6,2,5,2,2,1,1,0,0,0,0,1,4.85805E+20,6.02019E+21,8.78172E+15,5.43294E+16
122512,1,0,60,39,2018,11,12,7,3,5,3,0,1,0,0,1,0,0,0,5.66694E+20,5.95601E+21,1.00114E+16,5.37485E+16
122513,1,0,60,44,2018,11,11,3,3,5,3,0,1,1,0,0,0,0,1,5.63465E+20,5.96571E+21,9.96443E+15,5.3836E+16
122514,1,0,3,0,2018,11,7,4,3,5,3,1,1,1,0,0,0,0,1,6.10179E+20,5.97373E+21,1.06769E+16,5.39003E+16
122515,1,0,60,63,2018,11,22,6,3,2,6,2,0,1,0,0,0,0,0,5.6583E+20,5.95133E+21,9.99729E+15,5.37065E+16
122516,1,0,57,62,2018,11,14,2,3,4,6,0,0,1,0,0,0,1,1,5.83042E+20,6.01003E+21,1.0274E+16,5.42315E+16
122517,1,0,3,0,2018,10,9,1,3,5,3,0,0,1,0,0,0,1,1,6.13722E+20,5.97115E+21,1.07299E+16,5.38763E+16
122518,1,0,51,44,2018,11,15,4,2,5,3,0,1,1,0,0,0,0,0,5.06403E+20,6.00464E+21,9.09813E+15,5.41898E+16
122519,1,0,3,0,2018,11,10,7,3,5,2,0,1,1,0,0,0,0,0,6.09787E+20,5.96977E+21,1.06695E+16,5.38648E+16
122520,1,0,3,0,2018,11,23,2,2,5,3,2,1,1,0,0,0,0,1,6.10432E+20,5.96938E+21,1.06792E+16,5.38612E+16
122521,1,0,1,0,2018,10,16,2,3,5,2,1,1,1,0,0,0,0,1,5.28274E+20,6.0707E+21,9.43963E+15,5.47827E+16
122522,1,0,56,15,2018,10,17,3,2,5,3,0,1,1,0,0,0,0,1,5.4311E+20,5.95567E+21,9.65373E+15,5.37479E+16
122523,1,0,3,0,2018,10,11,3,3,0,1,0,0,0,0,1,0,0,1,6.10475E+20,5.97064E+21,1.06803E+16,5.38725E+16
122524,1,0,56,39,2018,11,11,4,3,6,4,0,0,1,1,0,0,0,0,5.52753E+20,5.94548E+21,9.79821E+15,5.36554E+16
122525,1,0,4,0,2018,11,12,6,3,0,4,0,1,0,1,0,0,0,0,5.6275E+20,5.99248E+21,9.95907E+15,5.40767E+16
122526,1,0,53,100,2018,10,12,5,3,2,1,0,0,1,0,0,0,0,0,6.15484E+20,5.95025E+21,1.07488E+16,5.36882E+16
122527,1,0,56,50,2018,11,19,6,3,0,6,2,0,1,0,0,0,1,0,5.47755E+20,5.93645E+21,9.72121E+15,5.35747E+16
122528,1,0,55,12,2018,11,8,3,3,5,3,0,1,1,0,0,0,0,1,6.0605E+20,5.99909E+21,1.0623E+16,5.4129E+16
122529,1,0,59,120,2018,11,18,4,3,9,7,2,0,1,0,0,0,0,1,5.24987E+20,6.07226E+21,9.38865E+15,5.47969E+16
122530,1,0,2,0,2018,11,12,6,3,5,3,0,0,1,0,0,0,0,1,5.74447E+20,6.01851E+21,1.01443E+16,5.4309E+16
122531,1,0,53,32,2018,11,11,1,3,5,2,0,0,1,0,0,0,0,1,5.91226E+20,5.92125E+21,1.03731E+16,5.34324E+16
122532,1,0,56,15,2018,10,16,7,3,2,6,0,0,1,0,0,0,0,0,5.4351E+20,5.95638E+21,9.65989E+15,5.37542E+16
122533,1,0,56,39,2018,11,13,2,3,5,2,0,1,1,0,0,0,0,0,5.53404E+20,5.9459E+21,9.80814E+15,5.36591E+16
122534,1,0,53,100,2018,11,15,5,3,2,6,0,0,1,0,1,0,0,0,6.17E+20,5.95134E+21,1.07722E+16,5.36976E+16
122535,1,0,56,50,2018,10,7,4,3,5,2,0,1,1,0,0,0,0,1,5.46698E+20,5.93675E+21,9.70529E+15,5.35775E+16
122536,1,0,57,74,2018,11,12,6,3,1,5,0,0,1,0,0,0,1,0,5.79604E+20,6.02176E+21,1.02244E+16,5.43374E+16
122537,1,0,56,15,2018,11,12,2,3,0,4,0,0,1,1,0,0,0,0,5.43394E+20,5.95548E+21,9.65801E+15,5.37462E+16
122538,1,0,56,15,2018,11,9,3,3,6,4,0,0,1,1,0,0,0,0,5.42957E+20,5.95611E+21,9.65148E+15,5.37518E+16
122539,1,0,56,44,2018,11,10,5,3,5,3,0,0,1,0,0,0,0,0,5.55955E+20,5.93966E+21,9.8456E+15,5.36028E+16
122540,1,0,57,91,2018,10,10,5,3,5,3,0,1,1,0,0,0,0,1,5.78615E+20,6.01708E+21,1.02079E+16,5.42955E+16
122541,1,0,3,0,2018,11,10,6,2,6,7,0,0,0,1,0,0,1,0,6.1047E+20,5.97026E+21,1.06801E+16,5.3869E+16
122542,1,0,2,0,2018,11,7,3,3,6,2,1,0,1,1,0,0,0,1,5.74729E+20,6.01916E+21,1.01487E+16,5.43148E+16
122543,1,0,56,18,2018,11,7,3,3,5,3,1,0,1,0,0,0,0,0,5.56836E+20,5.94287E+21,9.85951E+15,5.36315E+16
122544,1,0,2,0,2018,11,14,5,3,5,3,0,1,1,0,0,0,0,0,5.73811E+20,6.01993E+21,1.01348E+16,5.43219E+16
122545,1,0,60,63,2018,11,14,7,3,0,1,0,1,0,0,0,0,0,1,5.64725E+20,5.94902E+21,9.98007E+15,5.36859E+16
122546,1,0,51,44,2018,10,7,6,2,5,2,2,1,1,0,0,0,0,1,5.08015E+20,6.00599E+21,9.12287E+15,5.42019E+16
122547,1,0,3,0,2018,11,10,2,3,1,5,0,1,1,0,0,0,0,1,6.0938E+20,5.96916E+21,1.06631E+16,5.38594E+16
122548,1,0,54,168,2018,11,16,5,2,0,7,0,1,0,0,0,0,0,0,4.59627E+20,6.08339E+21,8.37049E+15,5.48959E+16
122549,1,0,55,1,2018,10,17,4,2,5,3,1,0,1,0,0,0,0,1,6.03684E+20,5.98601E+21,1.05823E+16,5.4012E+16
122550,1,0,53,90,2018,11,10,5,3,0,1,0,0,0,0,1,0,0,0,6.11592E+20,5.94436E+21,1.06878E+16,5.36361E+16
122551,1,0,55,21,2018,11,7,1,3,1,7,0,0,1,0,0,0,0,1,6.28446E+20,6.02639E+21,1.09772E+16,5.43691E+16
122552,1,0,51,11,2018,11,16,2,3,3,2,1,0,1,0,0,0,0,1,5.08712E+20,5.97312E+21,9.13261E+15,5.39065E+16
122553,1,0,3,0,2018,10,17,3,3,3,6,2,1,0,0,0,0,0,1,6.10379E+20,5.96992E+21,1.06786E+16,5.3866E+16
122554,1,0,55,4,2018,11,17,3,3,0,1,2,1,0,0,0,0,0,1,6.11403E+20,5.9759E+21,1.06963E+16,5.39195E+16
122555,1,0,51,46,2018,10,11,3,3,0,7,0,1,1,0,0,0,0,1,4.99323E+20,5.97858E+21,8.98968E+15,5.39556E+16
122556,1,0,51,11,2018,11,17,6,2,0,7,2,1,0,0,0,0,0,1,5.08469E+20,5.97161E+21,9.12887E+15,5.38929E+16
122557,1,0,3,0,2018,10,17,6,3,5,3,0,1,1,0,0,0,0,1,6.09203E+20,5.96932E+21,1.06605E+16,5.38608E+16
122558,1,0,55,35,2018,10,8,3,3,2,2,0,0,1,0,0,0,0,1,6.13936E+20,5.97927E+21,1.07361E+16,5.39492E+16
122559,1,0,2,0,2018,11,19,2,3,7,7,2,1,0,0,0,0,0,1,5.75364E+20,6.02672E+21,1.01604E+16,5.43826E+16
122560,1,0,56,44,2018,11,9,4,3,5,2,0,1,1,0,0,0,0,0,5.55541E+20,5.94024E+21,9.83945E+15,5.36081E+16
122561,1,0,2,0,2018,10,10,4,3,0,7,0,1,0,0,0,0,0,1,5.73425E+20,6.01962E+21,1.01288E+16,5.43191E+16
122562,1,0,3,0,2018,11,15,5,3,6,6,0,0,1,1,0,0,0,0,6.08528E+20,5.96819E+21,1.06498E+16,5.38508E+16
122563,1,0,60,63,2018,11,11,7,3,3,2,0,1,1,0,0,0,0,0,5.65817E+20,5.9513E+21,9.99709E+15,5.37063E+16
122564,1,0,60,47,2018,11,9,2,3,0,7,0,0,1,0,0,0,0,1,5.67131E+20,5.96302E+21,1.00195E+16,5.38114E+16
122565,1,0,1,0,2018,10,16,3,2,0,1,0,1,0,0,0,0,0,1,5.24321E+20,6.06836E+21,9.37797E+15,5.47619E+16
122566,1,0,56,15,2018,10,19,3,3,0,1,2,1,0,0,0,0,0,1,5.44388E+20,5.95472E+21,9.67298E+15,5.37392E+16
122567,1,0,3,0,2018,10,8,3,3,1,5,1,1,1,0,0,0,0,1,6.08661E+20,5.97016E+21,1.06526E+16,5.38685E+16
122568,1,0,60,63,2018,11,9,4,3,6,4,0,0,1,1,0,0,0,0,5.65786E+20,5.95392E+21,9.99717E+15,5.37298E+16
122569,1,0,53,100,2018,11,19,6,3,6,2,2,0,1,1,0,0,0,1,6.18584E+20,5.95112E+21,1.07961E+16,5.36953E+16
122570,1,0,60,101,2018,10,13,5,3,6,4,0,0,1,1,0,0,0,1,5.80203E+20,5.97559E+21,1.02213E+16,5.39225E+16
122571,1,0,55,40,2018,11,11,7,3,0,1,0,1,0,0,0,0,0,0,6.0831E+20,5.97271E+21,1.06481E+16,5.38915E+16
122572,1,0,60,44,2018,11,18,3,3,6,2,2,0,1,1,0,0,0,0,5.63376E+20,5.96579E+21,9.9631E+15,5.38367E+16
122573,1,0,61,29,2018,10,12,3,3,5,3,0,1,1,0,0,0,0,1,5.28238E+20,5.96049E+21,9.42866E+15,5.37922E+16
122574,1,0,56,50,2018,11,7,6,3,1,5,1,1,0,0,0,0,1,0,5.48282E+20,5.93864E+21,9.7295E+15,5.35944E+16
122575,1,0,57,62,2018,10,12,6,3,7,1,0,0,1,0,0,1,0,1,5.84537E+20,6.01242E+21,1.02976E+16,5.42528E+16
122576,1,0,2,0,2018,11,13,1,3,6,7,0,1,0,1,0,0,0,0,5.73676E+20,6.02378E+21,1.01337E+16,5.43565E+16
122577,1,0,2,0,2018,11,16,4,3,0,7,0,1,0,0,0,0,0,1,5.73713E+20,6.01936E+21,1.01332E+16,5.43168E+16
122578,1,0,56,18,2018,11,6,4,3,0,1,2,1,0,0,0,0,0,1,5.5575E+20,5.94158E+21,9.84286E+15,5.36201E+16
122579,1,0,4,0,2018,11,17,7,3,5,3,1,0,1,0,0,0,0,0,5.65125E+20,5.99415E+21,9.99573E+15,5.40914E+16
122580,1,0,3,0,2018,11,7,2,3,5,3,0,1,1,0,0,0,0,1,6.12704E+20,5.97009E+21,1.0714E+16,5.38671E+16
122581,1,0,59,75,2018,10,15,2,3,0,7,0,0,0,0,1,0,0,0,5.36582E+20,6.0411E+21,9.5651E+15,5.45161E+16
122582,1,0,53,12,2018,10,16,3,3,4,6,0,0,0,0,0,1,1,1,5.85274E+20,5.92593E+21,1.02848E+16,5.34754E+16
122583,1,0,58,135,2018,11,7,4,3,5,3,0,1,1,0,0,0,0,0,5.42483E+20,6.01793E+21,9.65293E+15,5.43075E+16
122584,1,0,59,120,2018,11,13,6,3,5,3,0,0,1,0,0,0,0,1,5.25668E+20,6.07263E+21,9.39927E+15,5.48002E+16
122585,1,0,3,0,2018,10,10,5,2,5,3,0,1,1,0,0,0,0,1,6.11752E+20,5.96818E+21,1.06988E+16,5.38501E+16
122586,1,0,60,44,2018,11,16,6,3,0,1,2,0,1,0,0,0,0,0,5.63152E+20,5.96471E+21,9.95947E+15,5.38271E+16
122587,1,0,58,135,2018,11,8,3,3,5,3,0,1,0,0,0,0,1,1,5.40581E+20,6.0182E+21,9.62374E+15,5.431E+16
122588,1,0,56,5,2018,11,12,3,3,1,7,0,0,1,0,0,0,0,1,5.59782E+20,5.94807E+21,9.90505E+15,5.3678E+16
122589,1,0,60,63,2018,11,16,5,2,5,3,2,0,1,0,1,0,0,0,5.65797E+20,5.95127E+21,9.99678E+15,5.37059E+16
122590,1,0,4,0,2018,11,7,4,3,5,2,0,1,1,0,0,0,0,1,5.63313E+20,5.99356E+21,9.9679E+15,5.40863E+16
122591,1,0,4,0,2018,11,21,6,3,5,3,2,0,1,0,0,0,0,1,5.64919E+20,5.99228E+21,9.99217E+15,5.40746E+16
122592,1,0,59,185,2018,11,7,2,3,2,6,1,0,1,0,0,0,0,0,5.38918E+20,6.06073E+21,9.60379E+15,5.46924E+16
122593,1,0,57,91,2018,10,17,1,3,5,3,1,0,1,0,0,0,0,0,5.79378E+20,6.01631E+21,1.02194E+16,5.42885E+16
122594,1,0,3,0,2018,11,16,3,3,2,6,2,0,1,0,1,0,0,0,6.17052E+20,5.97182E+21,1.07807E+16,5.38816E+16
122595,1,0,60,4,2018,11,13,5,3,3,6,0,1,0,0,0,0,0,0,5.58544E+20,5.97545E+21,9.89152E+15,5.39241E+16
122596,1,0,54,168,2018,10,21,5,3,7,7,2,1,0,0,0,0,0,0,4.55026E+20,6.0846E+21,8.29856E+15,5.49064E+16
122597,1,0,3,0,2018,11,7,6,3,5,3,0,1,1,0,0,0,0,0,6.08797E+20,5.96854E+21,1.06541E+16,5.3854E+16
122598,1,0,61,46,2018,11,13,2,3,0,3,0,1,1,0,0,0,0,1,5.33892E+20,5.97511E+21,9.5161E+15,5.39233E+16
122599,1,0,53,90,2018,11,11,3,3,5,3,0,1,1,0,0,0,0,1,6.11559E+20,5.9434E+21,1.0687E+16,5.36275E+16