OBJECTID_1,ULAND,UREGBEZ,UKREIS,UGEMEINDE,UJAHR,UMONAT,USTUNDE,UWOCHENTAG,UKATEGORIE,UART,UTYP1,ULICHTVERH,IstRad,IstPKW,IstFuss,IstKrad,IstGkfz,IstSonstig,STRZUSTAND,LINREFX,LINREFY,XGCSWGS84,YGCSWGS84
122786,1,0,51,44,2018,11,14,2,3,1,5,0,0,1,0,0,0,0,1,5.05255E+20,6.00566E+21,9.08055E+15,5.41989E+16
122787,1,0,62,6,2018,11,9,3,3,0,7,0,0,0,0,1,0,0,1,5.83439E+20,5.95419E+21,1.02648E+16,5.37297E+16
122788,1,0,53,90,2018,10,6,4,3,9,1,1,0,1,0,0,0,0,1,6.11904E+20,5.94367E+21,1.06923E+16,5.36298E+16
122789,1,0,54,19,2018,10,12,4,3,5,3,0,0,1,0,0,0,0,0,4.97541E+20,6.0524E+21,8.96193E+15,5.4619E+16
122790,1,0,57,91,2018,11,12,7,3,2,6,0,0,1,0,0,0,0,1,5.79899E+20,6.01606E+21,1.02274E+16,5.42862E+16
122791,1,0,60,63,2018,10,14,6,2,5,3,0,0,1,0,0,0,0,1,5.65018E+20,5.94675E+21,9.98404E+15,5.36654E+16
122792,1,0,60,39,2018,11,17,3,3,6,4,2,0,1,1,0,0,0,1,5.66274E+20,5.96072E+21,1.0006E+16,5.37909E+16
122793,1,0,53,32,2018,11,5,5,3,6,7,2,0,0,1,0,0,1,0,5.89439E+20,5.92184E+21,1.03464E+16,5.3438E+16
122794,1,0,51,130,2018,11,12,7,3,5,3,0,0,1,0,0,0,0,1,5.05858E+20,6.00661E+21,9.08982E+15,5.42074E+16
122795,1,0,62,90,2018,10,13,7,3,0,7,0,1,0,0,0,0,0,0,5.80092E+20,5.94887E+21,1.02127E+16,5.36824E+16
122796,1,0,55,12,2018,11,6,2,3,0,1,2,1,0,0,0,0,0,1,6.0571E+20,5.99958E+21,1.06179E+16,5.41335E+16
122797,1,0,57,73,2018,11,10,5,3,5,2,0,1,1,0,0,0,0,0,5.88989E+20,6.02819E+21,1.03706E+16,5.43937E+16
122798,1,0,3,0,2018,10,15,4,3,1,5,0,0,0,0,0,1,1,0,6.2189E+20,5.98097E+21,1.08579E+16,5.39627E+16
122799,1,0,56,15,2018,11,12,5,3,2,6,0,0,1,0,0,0,1,0,5.44439E+20,5.95597E+21,9.67393E+15,5.37505E+16
122800,1,0,60,54,2018,11,2,1,3,7,7,2,0,1,0,0,0,0,0,5.59599E+20,5.97006E+21,9.90654E+15,5.38756E+16
122801,1,0,57,91,2018,11,18,3,2,4,1,2,0,1,0,0,0,0,1,5.79224E+20,6.01635E+21,1.02171E+16,5.42889E+16
122802,1,0,53,90,2018,10,16,3,3,5,2,1,1,0,0,0,0,1,0,6.11895E+20,5.94201E+21,1.06915E+16,5.3615E+16
122803,1,0,4,0,2018,10,7,6,3,1,5,2,1,1,0,0,0,0,0,5.6314E+20,5.99263E+21,9.96507E+15,5.4078E+16
122804,1,0,62,9,2018,11,16,1,3,9,1,2,0,1,0,0,0,0,1,5.77367E+20,5.93652E+21,1.01683E+16,5.35719E+16
122805,1,0,58,135,2018,11,16,4,3,5,3,0,1,1,0,0,0,0,0,5.46005E+20,6.01783E+21,9.70705E+15,5.43063E+16
122806,1,0,62,6,2018,12,16,4,3,6,2,2,0,1,1,0,0,0,1,5.83465E+20,5.95454E+21,1.02653E+16,5.37328E+16
122807,1,0,58,92,2018,12,15,7,3,5,3,0,1,0,0,0,0,0,1,5.70713E+20,6.02163E+21,1.00876E+16,5.43376E+16
122808,1,0,58,58,2018,12,14,7,3,1,5,0,0,1,0,0,0,0,1,5.64202E+20,6.02916E+21,9.98911E+15,5.44061E+16
122809,1,0,58,165,2018,12,17,3,3,1,5,2,1,1,0,0,0,0,0,5.67561E+20,6.02666E+21,1.00403E+16,5.43833E+16
122810,1,0,2,0,2018,12,6,7,3,5,2,2,0,1,0,0,0,1,1,5.74756E+20,6.01855E+21,1.0149E+16,5.43094E+16
122811,1,0,55,32,2018,12,16,3,3,2,6,2,0,1,0,0,0,0,1,6.1891E+20,5.99698E+21,1.08188E+16,5.41072E+16
122812,1,0,56,15,2018,12,17,6,3,5,3,2,1,1,0,0,0,0,1,5.43408E+20,5.95787E+21,9.65856E+15,5.37676E+16
122813,1,0,3,0,2018,12,6,6,3,5,2,2,1,1,0,0,0,0,0,6.11912E+20,5.96699E+21,1.07008E+16,5.38393E+16
122814,1,0,62,1,2018,12,8,6,2,0,1,0,1,0,0,0,0,0,1,5.80839E+20,5.94788E+21,1.02237E+16,5.36734E+16
122815,1,0,53,100,2018,12,13,6,3,5,3,0,1,1,0,0,0,0,1,6.1537E+20,5.95006E+21,1.0747E+16,5.36865E+16
122816,2,1,1,101,2018,1,0,2,3,3,7,2,0,1,0,0,0,0,1,5.66071E+20,5.93468E+21,9.9974E+15,5.35569E+16
122817,1,0,3,0,2018,12,22,6,2,6,4,2,0,1,1,0,0,0,1,6.10814E+20,5.96992E+21,1.06852E+16,5.38659E+16
122818,1,0,59,83,2018,12,17,6,3,6,2,1,0,1,1,0,0,0,1,5.50026E+20,6.05449E+21,9.77504E+15,5.46354E+16
122819,1,0,3,0,2018,12,12,6,3,7,7,0,1,0,0,0,1,0,1,6.10882E+20,5.96968E+21,1.06861E+16,5.38637E+16
122820,1,0,3,0,2018,12,7,2,3,1,5,2,1,1,0,0,0,0,1,6.12685E+20,5.97056E+21,1.07139E+16,5.38712E+16
122821,1,0,3,0,2018,12,4,6,3,7,7,2,1,0,0,0,0,0,1,6.18671E+20,5.9754E+21,1.08067E+16,5.39134E+16
122822,1,0,4,0,2018,12,11,6,2,5,3,0,0,1,0,0,1,0,1,5.63003E+20,5.99397E+21,9.96325E+15,5.409E+16
122823,1,0,56,13,2018,12,11,2,3,5,3,0,0,0,0,1,0,1,0,5.58898E+20,5.94408E+21,9.89092E+15,5.36422E+16
122824,1,0,58,58,2018,12,17,6,3,6,4,1,0,1,1,0,0,0,1,5.64557E+20,6.0289E+21,9.99452E+15,5.44038E+16
122825,1,0,1,0,2018,12,16,4,3,3,6,2,1,0,0,0,0,0,0,5.28194E+20,6.07083E+21,9.4384E+15,5.47839E+16
122826,1,0,56,32,2018,12,10,3,3,2,6,0,0,1,0,0,0,0,0,5.52219E+20,5.9495E+21,9.79081E+15,5.36916E+16
122827,1,0,54,168,2018,12,7,6,3,5,2,1,1,0,0,0,0,1,0,4.55741E+20,6.08517E+21,8.30963E+15,5.49116E+16
122828,1,0,58,22,2018,12,5,6,3,0,7,2,1,0,0,0,0,0,1,5.68175E+20,6.00338E+21,1.00444E+16,5.41739E+16
122829,1,0,2,0,2018,12,8,6,3,5,3,1,1,1,0,0,0,0,1,5.7306E+20,6.02022E+21,1.01234E+16,5.43246E+16
122830,1,0,58,5,2018,12,2,2,2,8,7,2,0,1,0,0,0,0,1,5.7319E+20,6.02789E+21,1.01272E+16,5.43935E+16
122831,1,0,57,91,2018,12,15,6,3,5,3,1,1,1,0,0,0,0,1,5.81566E+20,6.01514E+21,1.02527E+16,5.42776E+16
122832,1,0,60,63,2018,12,15,5,3,5,2,0,0,1,0,0,0,0,0,5.65037E+20,5.94872E+21,9.98474E+15,5.36831E+16
122833,1,0,59,75,2018,12,7,6,3,5,3,2,1,1,0,0,0,0,1,5.35703E+20,6.04129E+21,9.55155E+15,5.4518E+16
122834,1,0,59,45,2018,12,10,2,3,2,6,0,0,1,0,0,0,0,0,5.61349E+20,6.05746E+21,9.95106E+15,5.46608E+16
122835,1,0,1,0,2018,12,14,6,3,5,3,0,1,1,0,0,0,0,1,5.28189E+20,6.07022E+21,9.43826E+15,5.47784E+16
122836,1,0,57,73,2018,12,16,5,2,6,2,2,0,1,1,0,0,0,1,5.89076E+20,6.02829E+21,1.0372E+16,5.43946E+16
122837,1,0,60,5,2018,12,18,5,3,5,3,2,0,1,0,0,0,0,1,5.86453E+20,5.97604E+21,1.03166E+16,5.39255E+16
122838,1,0,60,89,2018,12,19,5,3,5,3,2,1,1,0,0,0,0,1,5.79103E+20,5.98841E+21,1.02079E+16,5.40378E+16
122839,1,0,51,74,2018,12,14,5,3,5,3,1,1,1,0,0,0,0,1,5.04372E+20,5.99335E+21,9.06683E+15,5.40884E+16
122840,1,0,60,63,2018,12,13,5,2,6,2,0,0,1,1,0,0,0,1,5.6583E+20,5.9513E+21,9.99728E+15,5.37062E+16
122841,1,0,53,14,2018,12,8,5,3,0,1,1,1,0,0,0,0,0,2,6.08621E+20,5.94116E+21,1.06418E+16,5.3608E+16
122842,1,0,60,63,2018,12,18,5,3,6,2,2,0,1,1,0,0,0,1,5.64631E+20,5.94681E+21,9.97819E+15,5.36661E+16
122843,1,0,56,41,2018,12,12,5,3,6,2,0,0,1,1,0,0,0,1,5.59649E+20,5.95415E+21,9.90421E+15,5.37326E+16
122844,1,0,55,43,2018,12,13,6,3,6,4,0,0,1,1,0,0,0,0,6.16935E+20,6.01933E+21,1.07973E+16,5.43084E+16
122845,1,0,58,140,2018,12,18,5,3,1,5,2,0,1,0,0,0,0,1,5.47449E+20,6.01922E+21,9.72945E+15,5.43186E+16
122846,1,0,51,44,2018,12,7,4,3,0,1,1,1,0,0,0,0,0,1,5.06116E+20,6.00575E+21,9.09375E+15,5.41997E+16
122847,1,0,58,135,2018,12,8,5,3,3,7,1,1,0,0,0,0,0,1,5.43592E+20,6.01693E+21,9.66984E+15,5.42984E+16
122848,1,0,56,50,2018,12,1,7,3,8,1,2,0,1,0,0,0,0,0,5.46732E+20,5.93593E+21,9.70569E+15,5.35701E+16
122849,1,0,58,22,2018,12,16,5,3,5,3,2,1,1,0,0,0,0,1,5.67553E+20,6.00331E+21,1.00349E+16,5.41734E+16
122850,1,0,1,0,2018,12,2,5,3,0,1,2,1,1,0,0,0,0,1,5.28693E+20,6.07031E+21,9.4461E+15,5.47792E+16
122851,1,0,58,165,2018,12,19,5,3,9,1,2,0,0,0,1,0,0,1,5.65331E+20,6.0282E+21,1.00063E+16,5.43974E+16
122852,1,0,58,92,2018,12,17,5,3,0,7,2,1,0,0,0,0,0,1,5.71089E+20,6.02215E+21,1.00935E+16,5.43422E+16
122853,1,0,55,12,2018,12,14,5,3,0,1,0,0,0,0,1,0,0,1,6.05139E+20,5.99974E+21,1.06092E+16,5.4135E+16
122854,1,0,2,0,2018,12,7,5,3,5,3,1,1,1,0,0,0,0,1,5.77002E+20,6.02044E+21,1.0184E+16,5.4326E+16
122855,1,0,2,0,2018,12,15,4,2,6,2,0,0,1,1,0,0,0,1,5.7293E+20,6.02028E+21,1.01214E+16,5.43251E+16
122856,1,0,1,0,2018,12,22,5,3,0,6,2,1,1,0,0,0,0,1,5.27888E+20,6.07143E+21,9.43369E+15,5.47893E+16
122857,1,0,56,15,2018,12,16,6,3,5,3,1,0,1,0,0,0,0,1,5.43654E+20,5.95872E+21,9.66241E+15,5.37753E+16
122858,1,0,53,116,2018,12,17,4,3,5,2,2,0,1,0,0,0,1,1,5.9782E+20,5.93055E+21,1.04752E+16,5.35147E+16
122859,1,0,51,15,2018,12,10,4,2,0,7,0,1,0,0,0,0,0,2,5.20903E+20,6.00198E+21,9.32016E+15,5.41655E+16
122860,1,0,58,155,2018,12,15,7,3,6,7,1,0,1,1,0,0,0,1,5.42702E+20,6.00284E+21,9.65415E+15,5.41719E+16
122861,1,0,51,44,2018,12,7,4,3,0,7,2,1,0,0,0,0,0,2,5.06332E+20,6.0062E+21,9.09707E+15,5.42038E+16
122862,2,5,1,501,2018,1,8,3,3,4,2,0,0,1,0,0,0,0,1,5.68893E+20,5.93585E+21,1.00403E+16,5.3567E+16
122863,1,0,56,15,2018,12,16,3,3,5,2,2,1,1,0,0,0,0,0,5.43156E+20,5.95575E+21,9.65443E+15,5.37486E+16
122864,1,0,51,78,2018,12,10,4,2,0,1,0,1,0,0,0,0,0,2,5.08042E+20,5.99341E+21,9.12294E+15,5.40889E+16
122865,1,0,56,39,2018,12,6,4,3,0,1,2,1,0,0,0,0,0,2,5.52717E+20,5.94534E+21,9.79764E+15,5.36542E+16
122866,1,0,56,49,2018,12,19,1,3,8,7,2,0,1,0,0,0,0,1,5.43818E+20,5.9486E+21,9.66347E+15,5.36843E+16
122867,1,0,56,49,2018,12,6,4,3,0,1,2,1,0,0,0,0,0,2,5.46093E+20,5.94927E+21,9.69801E+15,5.36901E+16
122868,1,0,3,0,2018,12,12,3,3,0,7,0,0,0,0,1,0,0,1,6.13142E+20,5.97037E+21,1.07208E+16,5.38694E+16
122869,1,0,56,49,2018,12,7,4,2,0,1,2,1,0,0,0,0,0,2,5.44322E+20,5.94833E+21,9.67105E+15,5.36818E+16
122870,1,0,61,46,2018,12,7,3,3,5,2,1,1,1,0,0,0,0,1,5.32103E+20,5.97606E+21,9.48895E+15,5.39319E+16
122871,1,0,56,15,2018,12,7,3,3,5,3,0,1,1,0,0,0,0,1,5.43974E+20,5.95774E+21,9.66713E+15,5.37664E+16
122872,1,0,4,0,2018,12,12,6,3,4,6,0,1,0,0,0,0,1,0,5.66627E+20,5.99058E+21,1.00179E+16,5.40591E+16
122873,1,0,60,5,2018,12,9,4,3,5,3,0,1,1,0,0,0,0,1,5.85008E+20,5.9778E+21,1.02951E+16,5.39416E+16
122874,1,0,56,15,2018,12,8,4,3,0,7,0,1,1,0,0,0,0,1,5.46137E+20,5.95543E+21,9.6996E+15,5.37455E+16
122875,1,0,60,44,2018,12,11,2,3,2,2,0,0,1,0,0,0,0,0,5.64509E+20,5.9649E+21,9.98011E+15,5.38286E+16
122876,1,0,56,44,2018,12,7,4,3,1,1,2,0,1,0,0,0,0,2,5.5552E+20,5.9403E+21,9.83915E+15,5.36086E+16
122877,1,0,3,0,2018,12,13,4,3,5,3,0,1,1,0,0,0,0,0,6.1199E+20,5.96826E+21,1.07025E+16,5.38508E+16
122878,1,0,3,0,2018,12,18,4,3,5,3,2,1,1,0,0,0,0,0,6.11956E+20,5.96679E+21,1.07014E+16,5.38375E+16
122879,1,0,58,5,2018,12,13,4,2,4,6,0,0,1,0,0,0,0,1,5.73154E+20,6.02811E+21,1.01267E+16,5.43955E+16
122880,2,5,2,505,2018,1,8,2,3,5,3,0,0,1,0,0,0,0,0,5.70878E+20,5.93655E+21,1.00704E+16,5.3573E+16
122881,1,0,4,0,2018,12,17,4,3,6,2,2,0,1,1,0,0,0,1,5.6415E+20,5.99208E+21,9.98038E+15,5.40729E+16
122882,1,0,3,0,2018,12,19,6,3,0,2,2,1,1,0,0,0,0,1,6.10821E+20,5.96992E+21,1.06853E+16,5.38659E+16
122883,1,0,2,0,2018,12,10,4,2,0,1,0,1,0,0,0,0,0,2,5.68774E+20,6.02071E+21,1.00576E+16,5.43296E+16
122884,1,0,53,90,2018,12,8,2,3,5,2,0,0,1,0,0,0,0,1,6.11597E+20,5.94268E+21,1.06873E+16,5.36211E+16
122885,1,0,57,73,2018,12,9,4,3,5,3,0,0,1,0,0,0,0,1,5.89165E+20,6.02794E+21,1.03732E+16,5.43914E+16
122886,1,0,61,46,2018,12,7,3,3,0,1,2,1,0,0,0,0,0,2,5.3335E+20,5.97387E+21,9.5077E+15,5.39122E+16
122887,1,0,56,44,2018,12,14,5,3,4,6,0,1,1,0,0,0,0,0,5.54366E+20,5.9384E+21,9.82138E+15,5.35916E+16
122888,1,0,54,56,2018,12,7,4,3,0,1,1,1,0,0,0,0,0,2,5.04092E+20,6.0366E+21,9.06315E+15,5.4477E+16
122889,1,0,56,41,2018,12,19,3,3,5,2,2,0,1,0,0,0,0,1,5.62132E+20,5.95546E+21,9.94211E+15,5.37441E+16
122890,1,0,54,56,2018,12,17,1,3,5,3,2,0,1,0,0,0,0,0,5.04997E+20,6.03826E+21,9.07714E+15,5.4492E+16
122891,1,0,56,50,2018,12,7,3,3,8,1,2,1,0,0,0,0,0,1,5.48349E+20,5.9361E+21,9.73012E+15,5.35715E+16
122892,1,0,3,0,2018,12,8,5,3,5,3,1,1,1,0,0,0,0,0,6.09872E+20,5.96946E+21,1.06707E+16,5.3862E+16
122893,1,0,56,50,2018,12,13,3,3,4,7,0,1,1,0,0,0,0,1,5.46994E+20,5.93716E+21,9.70982E+15,5.35812E+16
122894,1,0,60,39,2018,12,14,1,3,5,2,0,0,1,0,0,0,0,0,5.64827E+20,5.95849E+21,9.9836E+15,5.3771E+16
122895,1,0,1,0,2018,12,14,6,3,6,4,0,0,1,1,0,0,0,1,5.27518E+20,6.07227E+21,9.42802E+15,5.47968E+16
122896,1,0,60,5,2018,12,17,3,3,6,4,2,0,1,1,0,0,0,0,5.85945E+20,5.97691E+21,1.03091E+16,5.39335E+16
122897,1,0,58,92,2018,12,9,2,2,5,2,0,1,1,0,0,0,0,1,5.71995E+20,6.02157E+21,1.01073E+16,5.43369E+16
122898,1,0,60,63,2018,12,14,3,3,5,3,0,1,1,0,0,0,0,0,5.65696E+20,5.95289E+21,9.99559E+15,5.37205E+16
122899,1,0,58,135,2018,12,8,5,3,2,7,0,0,1,0,0,0,0,0,5.42683E+20,6.01747E+21,9.65594E+15,5.43034E+16
122900,1,0,60,63,2018,12,16,3,3,5,2,2,1,1,0,0,0,0,1,5.6679E+20,5.95117E+21,1.00118E+16,5.3705E+16
122901,1,0,53,116,2018,12,11,3,3,5,3,0,1,1,0,0,0,0,1,5.98087E+20,5.92924E+21,1.04789E+16,5.3503E+16
122902,1,0,58,92,2018,12,16,6,3,5,2,1,1,1,0,0,0,0,0,5.69847E+20,6.02102E+21,1.00741E+16,5.43322E+16
122903,1,0,62,1,2018,12,15,3,3,5,3,0,1,1,0,0,0,0,1,5.81883E+20,5.94799E+21,1.02395E+16,5.36743E+16
122904,1,0,60,44,2018,12,21,4,3,6,7,2,0,1,1,0,0,0,1,5.63377E+20,5.96579E+21,9.96311E+15,5.38368E+16
122905,1,0,62,1,2018,12,14,3,3,0,1,0,1,0,0,0,0,0,1,5.82008E+20,5.94747E+21,1.02413E+16,5.36696E+16
122906,1,0,3,0,2018,12,15,3,3,6,4,0,0,1,1,0,0,0,1,6.10955E+20,5.96975E+21,1.06873E+16,5.38644E+16
122907,1,0,55,12,2018,12,17,4,3,2,6,2,0,1,0,0,0,0,0,6.05352E+20,5.99949E+21,1.06124E+16,5.41327E+16
122908,1,0,55,33,2018,12,18,7,3,0,4,2,0,1,1,0,0,0,0,6.2279E+20,6.01838E+21,1.08869E+16,5.42985E+16
122909,1,0,53,32,2018,12,11,3,3,0,6,0,0,1,0,1,0,0,0,5.90581E+20,5.92195E+21,1.03636E+16,5.34388E+16
122910,1,0,60,5,2018,12,9,4,1,0,7,0,0,1,0,0,0,0,0,5.85748E+20,5.9779E+21,1.03064E+16,5.39424E+16
122911,1,0,58,53,2018,12,16,3,3,5,3,1,0,1,0,0,0,1,0,5.69895E+20,6.01069E+21,1.00725E+16,5.42394E+16
122912,1,0,2,0,2018,12,18,3,3,6,2,2,0,0,1,0,0,1,1,5.73412E+20,6.02242E+21,1.01293E+16,5.43443E+16
122913,1,0,61,46,2018,12,13,3,3,5,3,0,0,1,0,0,0,0,0,5.33813E+20,5.97697E+21,9.5151E+15,5.394E+16
122914,1,0,1,0,2018,12,18,3,3,0,7,2,1,0,1,0,0,0,0,5.30065E+20,6.06973E+21,9.46738E+15,5.47739E+16
122915,1,0,57,73,2018,12,12,5,3,6,2,0,0,1,1,0,0,0,1,5.89152E+20,6.02801E+21,1.0373E+16,5.4392E+16
122916,1,0,1,0,2018,12,14,3,3,6,6,0,1,0,1,0,0,0,0,5.28108E+20,6.07105E+21,9.43708E+15,5.47859E+16
122917,1,0,61,46,2018,12,7,2,3,2,6,1,0,1,0,0,0,0,1,5.34874E+20,5.97533E+21,9.53107E+15,5.39252E+16
122918,1,0,56,39,2018,12,18,5,3,2,6,2,0,1,0,0,0,0,1,5.5086E+20,5.94498E+21,9.76949E+15,5.36511E+16
122919,1,0,51,44,2018,12,17,2,3,5,3,2,1,1,0,0,0,0,1,5.06287E+20,6.00562E+21,9.09637E+15,5.41986E+16
122920,1,0,55,4,2018,12,18,4,3,5,3,2,1,1,0,0,0,0,1,6.09918E+20,5.97495E+21,1.06734E+16,5.39113E+16
122921,1,0,56,15,2018,12,18,2,3,0,1,2,1,0,0,0,0,0,1,5.43649E+20,5.95871E+21,9.66234E+15,5.37752E+16
122922,1,0,58,97,2018,12,10,3,2,0,1,0,0,1,0,0,0,0,2,5.33895E+20,6.02146E+21,9.52136E+15,5.43399E+16
122923,1,0,51,44,2018,12,16,6,3,6,4,0,0,1,1,0,0,0,1,5.05685E+20,6.00543E+21,9.08715E+15,5.41969E+16
122924,1,0,53,90,2018,12,16,2,3,6,4,2,0,1,1,0,0,0,1,6.11385E+20,5.94272E+21,1.06841E+16,5.36214E+16
122925,2,4,2,403,2018,1,19,3,3,5,7,2,1,1,0,0,0,0,0,5.65097E+20,5.93797E+21,9.98339E+15,5.35865E+16
122926,1,0,56,15,2018,12,14,3,3,5,3,0,1,1,0,0,0,0,0,5.44922E+20,5.95504E+21,9.68112E+15,5.37421E+16
122927,1,0,62,6,2018,12,17,2,3,6,4,2,0,1,1,0,0,0,1,5.83187E+20,5.95411E+21,1.02609E+16,5.3729E+16
122928,1,0,54,168,2018,12,11,7,2,5,2,0,1,0,0,0,0,0,0,4.55405E+20,6.08539E+21,8.30435E+15,5.49135E+16
122929,1,0,3,0,2018,12,20,2,3,0,1,2,1,0,0,0,0,0,1,6.10759E+20,5.97025E+21,1.06845E+16,5.38688E+16
122930,1,0,54,56,2018,12,7,3,3,8,6,2,0,1,0,1,0,0,2,5.03752E+20,6.03585E+21,9.05789E+15,5.44703E+16
122931,1,0,51,44,2018,12,15,2,3,2,6,0,0,1,0,0,0,0,1,5.08215E+20,6.0054E+21,9.12593E+15,5.41965E+16
122932,1,0,58,43,2018,12,10,2,3,8,1,0,0,1,0,0,0,0,1,5.55277E+20,6.03783E+21,9.85325E+15,5.44851E+16
122933,1,0,62,61,2018,12,17,3,3,5,3,2,0,1,0,0,0,0,0,5.98954E+20,5.96493E+21,1.05033E+16,5.38235E+16
122934,1,0,58,92,2018,12,6,2,3,4,6,2,1,0,0,0,0,0,1,5.71537E+20,6.02246E+21,1.01005E+16,5.4345E+16
122935,1,0,61,46,2018,12,10,2,3,6,7,0,0,1,1,0,0,0,1,5.33937E+20,5.97499E+21,9.51676E+15,5.39222E+16
122936,1,0,3,0,2018,12,16,6,2,0,7,2,1,1,0,0,0,0,0,6.11582E+20,5.97069E+21,1.06972E+16,5.38726E+16
122937,1,0,58,44,2018,12,13,2,3,8,7,0,0,1,0,0,0,0,1,5.57709E+20,5.98978E+21,9.88151E+15,5.4053E+16
122938,1,0,4,0,2018,12,8,2,3,5,3,0,1,1,0,0,0,0,1,5.65203E+20,5.99181E+21,9.99642E+15,5.40704E+16
122939,2,3,3,313,2018,1,1,2,2,9,1,2,0,1,0,0,0,0,1,5.64732E+20,5.93694E+21,9.97766E+15,5.35773E+16
122940,1,0,2,0,2018,12,7,2,3,5,3,1,0,1,0,1,0,0,1,5.75179E+20,6.0154E+21,1.01547E+16,5.4281E+16
122941,1,0,58,34,2018,12,13,6,3,0,7,0,1,0,0,0,0,0,1,5.44414E+20,6.01891E+21,9.68276E+15,5.43161E+16
122942,1,0,2,0,2018,12,20,2,3,6,2,2,0,1,1,0,0,0,1,5.7471E+20,6.01857E+21,1.01483E+16,5.43096E+16
122943,1,0,51,44,2018,12,7,2,3,5,2,2,1,1,0,0,0,0,0,5.06499E+20,6.00587E+21,9.09963E+15,5.42008E+16
122944,1,0,3,0,2018,12,10,2,2,6,7,0,0,1,1,0,0,0,1,6.09483E+20,5.9689E+21,1.06646E+16,5.38571E+16
122945,1,0,54,56,2018,12,17,2,2,6,3,2,0,1,1,0,0,0,1,5.04396E+20,6.03705E+21,9.06785E+15,5.4481E+16
122946,1,0,56,15,2018,12,15,2,3,5,3,1,1,1,0,0,0,0,1,5.43645E+20,5.95642E+21,9.66195E+15,5.37546E+16
122947,1,0,62,1,2018,12,7,5,3,0,1,2,1,0,0,0,0,0,2,5.82448E+20,5.9494E+21,1.02485E+16,5.36868E+16
122948,1,0,60,26,2018,12,2,1,3,7,7,2,0,0,0,1,0,0,1,5.77413E+20,5.98901E+21,1.01823E+16,5.40435E+16
122949,1,0,2,0,2018,12,14,1,3,4,6,0,0,1,0,0,0,0,1,5.75518E+20,6.01633E+21,1.01602E+16,5.42893E+16
122950,1,0,3,0,2018,12,16,7,3,6,2,2,0,1,1,0,0,0,1,6.07978E+20,5.96739E+21,1.06412E+16,5.38437E+16
122951,1,0,51,11,2018,12,12,7,3,5,3,0,1,1,0,0,0,0,0,5.08311E+20,5.97221E+21,9.12649E+15,5.38983E+16
122952,1,0,59,8,2018,12,7,6,3,5,2,2,0,1,0,1,0,0,1,5.37314E+20,6.05071E+21,9.57762E+15,5.46025E+16
122953,1,0,60,44,2018,12,0,7,3,5,3,2,0,1,0,0,0,0,1,5.62822E+20,5.9652E+21,9.95455E+15,5.38315E+16
122954,1,0,56,41,2018,12,12,7,3,0,1,0,0,0,0,1,0,0,1,5.5961E+20,5.95301E+21,9.9034E+15,5.37223E+16
122955,1,0,60,63,2018,12,18,2,3,0,6,2,1,1,0,0,0,0,1,5.6598E+20,5.95236E+21,9.99978E+15,5.37158E+16
122956,1,0,58,46,2018,12,23,7,2,8,6,2,0,1,0,1,0,0,1,5.55028E+20,6.00571E+21,9.84348E+15,5.41965E+16
122957,1,0,51,19,2018,12,16,5,3,5,3,2,0,1,0,0,0,0,1,5.24433E+20,6.0099E+21,9.37487E+15,5.42365E+16
122958,1,0,58,92,2018,12,2,7,3,0,7,2,1,0,0,0,0,0,0,5.705E+20,6.02171E+21,1.00844E+16,5.43384E+16
122959,1,0,60,63,2018,12,12,2,3,0,7,0,0,0,0,0,0,1,0,5.66616E+20,5.95112E+21,1.00092E+16,5.37045E+16
122960,1,0,54,88,2018,12,13,2,3,3,6,0,1,1,0,0,0,0,1,4.89196E+20,6.07142E+21,8.83198E+15,5.47898E+16
122961,1,0,2,0,2018,12,13,7,3,5,3,0,1,1,0,0,0,0,1,5.74826E+20,6.01906E+21,1.01502E+16,5.43139E+16
122962,1,0,2,0,2018,12,17,5,3,6,4,2,0,1,1,0,0,0,1,5.72251E+20,6.02113E+21,1.01111E+16,5.43329E+16
122963,1,0,51,137,2018,11,13,6,2,3,6,0,1,1,0,1,0,0,1,5.03327E+20,5.9947E+21,9.05088E+15,5.41005E+16
122964,1,0,60,63,2018,11,16,6,3,2,2,2,0,1,0,0,0,0,0,5.65813E+20,5.95129E+21,9.99702E+15,5.37062E+16
122965,1,0,2,0,2018,12,19,6,3,6,4,2,0,1,1,0,0,0,1,5.73534E+20,6.01997E+21,1.01306E+16,5.43223E+16
122966,1,0,60,63,2018,11,16,6,3,5,2,2,1,1,0,0,0,0,0,5.65349E+20,5.94951E+21,9.98962E+15,5.36902E+16
122967,1,0,56,49,2018,12,8,4,3,1,5,1,1,1,0,0,0,0,0,5.4631E+20,5.94931E+21,9.7013E+15,5.36904E+16
122968,1,0,62,6,2018,11,12,6,3,6,4,0,0,1,1,0,0,0,0,5.83348E+20,5.95417E+21,1.02634E+16,5.37296E+16
122969,1,0,53,32,2018,11,20,6,2,8,1,2,1,0,0,0,0,0,0,5.91458E+20,5.9207E+21,1.03765E+16,5.34274E+16
122970,1,0,1,0,2018,12,17,5,3,6,4,2,0,1,1,0,0,0,1,5.30744E+20,6.07237E+21,9.47821E+15,5.47976E+16