OBJECTID_1,ULAND,UREGBEZ,UKREIS,UGEMEINDE,UJAHR,UMONAT,USTUNDE,UWOCHENTAG,UKATEGORIE,UART,UTYP1,ULICHTVERH,IstRad,IstPKW,IstFuss,IstKrad,IstGkfz,IstSonstig,STRZUSTAND,LINREFX,LINREFY,XGCSWGS84,YGCSWGS84
123529,2,3,8,320,2018,2,13,2,3,5,3,0,0,1,0,0,0,1,1,5.58247E+20,5.94102E+21,9.8805E+15,5.36147E+16
123530,2,5,1,504,2018,2,19,6,3,5,3,2,0,1,0,0,0,0,0,5.69713E+20,5.93645E+21,1.00528E+16,5.35722E+16
123531,2,2,1,201,2018,1,8,1,3,5,2,0,1,1,0,0,0,0,1,5.63204E+20,5.9334E+21,9.95387E+15,5.35457E+16
123532,2,1,1,102,2018,2,10,1,3,5,3,0,1,1,0,0,0,0,1,5.65977E+20,5.93398E+21,9.99584E+15,5.35506E+16
123533,2,4,10,429,2018,2,20,6,3,5,2,2,0,1,0,0,0,0,0,5.68542E+20,5.93961E+21,1.00358E+16,5.36009E+16
123534,2,5,9,517,2018,1,18,4,2,6,2,2,0,1,1,0,0,0,1,5.70489E+20,5.94339E+21,1.00661E+16,5.36345E+16
123535,2,1,1,101,2018,1,5,1,3,2,6,2,0,1,0,0,0,0,1,5.66528E+20,5.93439E+21,1.00042E+16,5.35542E+16
123536,2,1,8,123,2018,2,18,6,3,6,7,2,1,0,1,0,0,0,0,5.70506E+20,5.93495E+21,1.00644E+16,5.35587E+16
123537,2,1,7,119,2018,1,13,4,3,2,6,0,0,1,0,0,0,0,1,5.68729E+20,5.93423E+21,1.00374E+16,5.35524E+16
123538,2,6,2,603,2018,2,16,4,3,5,3,0,1,1,0,0,0,0,0,5.80085E+20,5.92615E+21,1.02067E+16,5.34782E+16
123539,2,5,18,526,2018,1,10,7,3,5,3,0,0,1,0,0,0,0,0,5.77351E+20,5.94248E+21,1.01696E+16,5.36254E+16
123540,2,2,5,215,2018,2,8,3,3,6,4,0,0,1,1,0,0,0,0,5.61479E+20,5.93501E+21,9.92815E+15,5.35603E+16
123541,2,5,2,505,2018,1,18,7,3,6,7,1,0,1,1,0,0,0,0,5.70352E+20,5.9363E+21,1.00624E+16,5.35709E+16
123542,2,6,6,607,2018,2,16,7,3,0,6,1,0,1,0,0,0,0,1,5.77861E+20,5.91853E+21,1.01714E+16,5.34101E+16
123543,2,4,1,401,2018,2,12,2,3,4,2,0,0,1,0,0,0,0,0,5.64692E+20,5.9372E+21,9.97712E+15,5.35796E+16
123544,2,4,2,403,2018,2,9,6,3,5,3,0,1,1,0,0,0,0,1,5.6473E+20,5.93892E+21,9.97805E+15,5.35951E+16
123545,2,4,13,432,2018,1,12,7,2,0,6,0,0,1,0,0,0,1,0,5.66338E+20,5.94599E+21,1.00038E+16,5.36584E+16
123546,2,1,4,111,2018,2,2,6,3,6,3,2,0,1,1,0,0,0,0,5.63752E+20,5.93384E+21,9.96223E+15,5.35495E+16
123547,2,4,8,423,2018,1,17,4,3,6,4,2,1,0,1,0,0,0,1,5.68796E+20,5.93708E+21,1.00391E+16,5.35781E+16
123548,2,2,9,221,2018,2,13,4,3,6,4,0,0,1,1,0,0,0,0,5.56062E+20,5.9353E+21,9.84645E+15,5.35635E+16
123549,2,4,12,431,2018,1,0,7,3,8,7,2,0,1,0,0,0,0,1,5.67E+20,5.94258E+21,1.00131E+16,5.36277E+16
123550,2,5,7,515,2018,2,11,2,3,2,6,0,0,1,0,0,0,0,0,5.70857E+20,5.94017E+21,1.00709E+16,5.36056E+16
123551,2,2,9,221,2018,1,13,7,3,5,3,0,0,0,0,0,0,1,0,5.56388E+20,5.93791E+21,9.85183E+15,5.3587E+16
123552,2,5,14,522,2018,2,11,4,1,6,2,0,0,1,1,0,0,0,0,5.73222E+20,5.95156E+21,1.01093E+16,5.37076E+16
123553,2,2,14,227,2018,1,18,7,3,5,3,2,0,1,0,0,0,0,0,5.50165E+20,5.93676E+21,9.75765E+15,5.35773E+16
123554,2,1,5,114,2018,2,16,3,3,6,3,0,1,0,1,0,0,0,2,5.66767E+20,5.93491E+21,1.0008E+16,5.35589E+16
123555,2,3,1,303,2018,1,18,7,3,3,6,2,1,1,0,0,0,0,0,5.62618E+20,5.93715E+21,9.94578E+15,5.35795E+16
123556,2,5,6,514,2018,2,14,7,3,5,2,0,0,1,0,1,0,0,1,5.7393E+20,5.9396E+21,1.01172E+16,5.36E+16
123557,2,7,4,705,2018,2,23,1,3,6,4,2,0,1,1,0,0,0,1,5.65605E+20,5.92156E+21,9.98764E+15,5.3439E+16
123558,2,1,14,132,2018,2,9,5,3,5,3,0,0,1,0,0,1,0,0,5.6878E+20,5.93297E+21,1.00379E+16,5.35412E+16
123559,2,1,4,112,2018,1,22,7,3,0,7,2,0,1,0,0,0,0,0,5.64409E+20,5.93339E+21,9.97206E+15,5.35454E+16
123560,2,5,5,513,2018,2,7,5,3,5,3,1,0,1,0,1,0,0,0,5.73845E+20,5.93777E+21,1.01155E+16,5.35835E+16
123561,2,2,1,201,2018,1,12,4,3,1,6,0,1,1,0,0,0,0,1,5.63132E+20,5.93336E+21,9.95277E+15,5.35453E+16
123562,2,3,1,309,2018,2,7,4,3,2,6,2,0,1,0,0,0,0,0,5.64012E+20,5.93602E+21,9.96661E+15,5.35691E+16
123563,2,7,1,702,2018,1,13,6,3,6,4,0,0,0,1,0,0,1,0,5.65638E+20,5.92359E+21,9.98855E+15,5.34572E+16
123564,2,1,15,134,2018,1,14,6,3,2,6,0,0,1,0,0,1,0,0,5.67978E+20,5.93145E+21,1.00255E+16,5.35275E+16
123565,2,5,4,512,2018,2,10,7,3,4,7,0,0,1,0,0,0,0,1,5.74115E+20,5.9367E+21,1.01193E+16,5.35739E+16
123566,2,2,11,223,2018,2,13,7,2,5,3,0,0,1,0,0,0,0,0,5.53812E+20,5.93524E+21,9.81247E+15,5.35633E+16
123567,2,2,1,202,2018,2,12,5,3,0,7,0,0,1,0,1,0,0,0,5.61949E+20,5.93346E+21,9.93495E+15,5.35463E+16
123568,2,5,10,518,2018,2,10,7,3,5,3,0,0,1,0,0,0,1,1,5.73211E+20,5.94576E+21,1.01078E+16,5.36554E+16
123569,2,2,5,217,2018,2,2,1,3,6,7,2,0,0,1,0,0,1,1,5.59503E+20,5.93616E+21,9.89856E+15,5.35709E+16
123570,2,5,1,503,2018,2,19,5,2,0,7,2,1,0,0,0,0,0,0,5.69774E+20,5.93561E+21,1.00535E+16,5.35647E+16
123571,2,6,2,603,2018,1,7,6,3,0,7,1,1,1,0,0,0,0,1,5.81534E+20,5.92685E+21,1.02287E+16,5.34843E+16
123572,2,5,16,524,2018,2,6,5,3,3,2,2,0,1,0,0,0,0,1,5.7555E+20,5.94821E+21,1.01438E+16,5.36771E+16
123573,2,1,12,130,2018,1,11,6,3,5,7,0,0,1,0,1,0,0,1,5.7289E+20,5.93285E+21,1.00999E+16,5.35395E+16
123574,2,1,11,128,2018,2,17,3,3,1,6,2,0,1,0,0,0,0,0,5.71784E+20,5.93334E+21,1.00833E+16,5.35441E+16
123575,2,1,8,126,2018,1,9,6,3,2,6,0,0,1,0,0,1,0,1,5.70308E+20,5.93364E+21,1.00611E+16,5.3547E+16
123576,2,4,10,427,2018,2,12,7,3,2,6,0,0,1,0,0,0,0,1,5.68399E+20,5.93823E+21,1.00333E+16,5.35885E+16
123577,2,5,18,526,2018,2,8,2,3,4,6,0,1,0,0,0,1,0,2,5.76533E+20,5.93808E+21,1.01561E+16,5.3586E+16
123578,2,1,11,129,2018,2,20,6,3,5,3,2,0,1,0,0,0,1,1,5.70842E+20,5.93505E+21,1.00695E+16,5.35596E+16
123579,2,5,2,506,2018,1,20,6,2,0,7,2,0,0,1,0,0,1,0,5.71579E+20,5.93735E+21,1.00812E+16,5.35801E+16
123580,2,3,8,320,2018,2,10,7,3,6,2,0,0,1,1,0,0,0,1,5.59721E+20,5.9403E+21,9.90263E+15,5.36081E+16
123581,2,6,2,602,2018,2,11,6,3,5,3,0,1,1,0,0,0,0,0,5.79718E+20,5.92734E+21,1.02015E+16,5.3489E+16
123582,2,1,11,128,2018,1,19,4,3,1,6,2,0,1,0,0,0,0,1,5.72399E+20,5.93363E+21,1.00927E+16,5.35465E+16
123583,2,3,3,313,2018,2,8,2,2,6,5,0,0,1,0,0,0,1,0,5.6575E+20,5.93672E+21,9.99299E+15,5.35753E+16
123584,2,7,14,715,2018,2,10,4,3,6,2,0,0,1,1,0,0,0,0,5.56437E+20,5.92511E+21,9.85027E+15,5.34719E+16
123585,2,5,7,515,2018,1,6,6,3,3,2,1,1,0,0,0,0,1,0,5.71438E+20,5.93963E+21,1.00795E+16,5.36006E+16
123586,2,4,10,427,2018,2,7,3,3,5,3,1,1,1,0,0,0,0,0,5.68415E+20,5.93818E+21,1.00336E+16,5.3588E+16
123587,2,5,10,518,2018,1,21,6,3,2,2,2,0,1,0,0,0,0,1,5.73091E+20,5.94536E+21,1.01059E+16,5.36519E+16
123588,2,1,4,111,2018,2,3,7,3,6,4,2,0,1,1,0,0,0,1,5.64211E+20,5.9339E+21,9.96917E+15,5.35501E+16
123589,2,2,12,225,2018,2,6,5,3,5,3,2,1,1,0,0,0,0,0,5.54763E+20,5.93551E+21,9.82686E+15,5.35656E+16
123590,2,5,17,525,2018,1,14,6,3,5,3,0,1,1,0,0,0,0,0,5.76705E+20,5.94555E+21,1.01606E+16,5.36531E+16
123591,2,5,3,511,2018,2,5,3,3,3,6,2,0,1,0,0,0,0,1,5.73265E+20,5.93608E+21,1.01063E+16,5.35685E+16
123592,2,5,1,504,2018,1,20,6,3,3,3,2,0,1,0,0,0,0,0,5.70022E+20,5.93576E+21,1.00573E+16,5.3566E+16
123593,2,1,4,112,2018,2,11,7,3,6,6,0,1,0,1,0,0,0,0,5.64045E+20,5.93335E+21,9.96656E+15,5.35452E+16
123594,2,5,17,525,2018,2,11,2,3,2,6,0,0,1,0,0,0,0,2,5.76593E+20,5.94473E+21,1.01587E+16,5.36457E+16
123595,2,5,7,515,2018,2,18,6,3,6,2,2,0,1,1,0,0,0,1,5.71555E+20,5.94083E+21,1.00816E+16,5.36114E+16
123596,2,4,10,426,2018,1,14,6,3,5,2,0,1,0,0,0,0,1,0,5.70068E+20,5.93845E+21,1.00586E+16,5.35902E+16
123597,2,1,20,141,2018,2,15,6,3,5,2,0,1,0,0,0,0,0,1,5.56716E+20,5.93216E+21,9.85575E+15,5.35353E+16
123598,2,5,2,505,2018,2,8,6,3,2,6,0,0,1,0,0,0,1,0,5.70865E+20,5.93659E+21,1.00702E+16,5.35734E+16
123599,2,5,18,526,2018,1,15,4,3,2,2,0,0,1,0,0,0,0,1,5.74358E+20,5.94107E+21,1.0124E+16,5.36132E+16
123600,2,5,4,512,2018,2,5,4,3,4,2,2,0,1,0,0,0,0,1,5.74465E+20,5.93638E+21,1.01245E+16,5.3571E+16
123601,2,2,6,218,2018,2,13,2,3,6,7,0,0,1,1,0,0,0,0,5.58602E+20,5.93488E+21,9.88471E+15,5.35596E+16
123602,2,2,10,222,2018,1,17,6,3,5,3,2,0,1,0,0,0,0,0,5.55643E+20,5.93472E+21,9.84002E+15,5.35584E+16
123603,2,2,4,213,2018,2,15,3,3,6,4,0,0,1,1,0,0,0,0,5.6112E+20,5.93433E+21,9.92261E+15,5.35542E+16
123604,2,4,2,403,2018,1,14,6,3,5,3,0,1,1,0,0,0,0,0,5.64826E+20,5.9379E+21,9.97929E+15,5.3586E+16
123605,2,7,2,703,2018,2,17,6,3,2,6,1,0,1,0,0,0,1,1,5.66007E+20,5.92449E+21,9.9943E+15,5.34653E+16
123606,2,3,2,312,2018,2,20,2,3,3,3,2,0,1,0,0,0,1,1,5.65233E+20,5.93545E+21,9.98491E+15,5.35639E+16
123607,2,1,16,136,2018,2,14,5,3,9,1,0,0,0,0,0,0,1,0,5.68237E+20,5.92877E+21,1.00288E+16,5.35034E+16
123608,2,2,3,208,2018,1,9,6,3,0,7,0,0,1,0,0,0,0,0,5.62953E+20,5.93553E+21,9.95051E+15,5.35648E+16
123609,2,7,1,701,2018,2,16,6,2,6,4,0,0,1,1,0,0,0,1,5.64901E+20,5.92406E+21,9.97755E+15,5.34615E+16
123610,2,7,14,715,2018,2,7,5,3,5,3,2,1,1,0,0,0,0,0,5.5673E+20,5.92472E+21,9.85461E+15,5.34685E+16
123611,2,2,5,215,2018,1,18,4,3,4,2,2,0,1,0,0,0,0,1,5.60797E+20,5.93617E+21,9.91809E+15,5.35709E+16
123612,2,2,8,220,2018,2,11,2,3,2,6,0,0,1,0,0,0,0,1,5.5846E+20,5.93872E+21,9.88329E+15,5.35941E+16
123613,2,2,9,221,2018,2,17,6,3,7,7,0,1,0,0,0,0,0,0,5.57282E+20,5.93627E+21,9.86504E+15,5.35721E+16
123614,2,7,9,710,2018,1,7,5,3,5,2,2,1,1,0,0,0,0,1,5.62852E+20,5.92331E+21,9.94654E+15,5.34551E+16
123615,2,7,1,701,2018,2,14,6,3,5,3,0,1,0,0,0,0,0,0,5.64634E+20,5.92347E+21,9.97341E+15,5.34563E+16
123616,2,3,6,318,2018,2,9,6,3,5,3,0,1,1,0,0,0,0,0,5.62151E+20,5.94274E+21,9.93984E+15,5.36297E+16
123617,2,4,13,432,2018,1,14,4,3,6,4,0,0,0,1,0,1,0,1,5.66218E+20,5.94752E+21,1.00024E+16,5.36722E+16
123618,2,4,5,408,2018,2,12,4,3,4,2,0,1,1,0,0,0,0,0,5.65987E+20,5.93971E+21,9.99721E+15,5.3602E+16
123619,2,6,2,602,2018,1,19,5,3,2,2,2,0,1,0,0,0,0,0,5.80324E+20,5.92716E+21,1.02106E+16,5.34873E+16
123620,2,7,14,715,2018,2,13,2,2,6,7,0,1,0,1,0,0,0,0,5.56743E+20,5.92463E+21,9.85479E+15,5.34676E+16
123621,2,1,12,130,2018,1,4,5,3,8,1,2,0,1,0,0,0,0,1,5.74288E+20,5.93201E+21,1.01208E+16,5.35318E+16
123622,2,1,16,136,2018,2,15,6,3,4,6,0,0,1,0,1,0,0,0,5.67289E+20,5.92805E+21,1.00144E+16,5.34971E+16
123623,2,5,3,510,2018,2,18,1,3,4,7,2,0,1,0,0,0,0,1,5.70821E+20,5.93554E+21,1.00693E+16,5.3564E+16
123624,2,5,13,521,2018,2,20,5,3,0,2,2,0,1,0,1,0,0,0,5.72131E+20,5.94775E+21,1.00919E+16,5.36735E+16
123625,2,1,14,132,2018,1,16,5,3,5,3,1,0,1,0,0,0,1,0,5.70757E+20,5.93169E+21,1.00675E+16,5.35294E+16
123626,2,5,18,526,2018,2,6,5,3,3,2,2,1,1,0,0,0,0,0,5.76328E+20,5.94126E+21,1.01538E+16,5.36146E+16
123627,2,3,1,310,2018,1,7,4,3,4,2,0,1,1,0,0,0,0,1,5.63959E+20,5.93563E+21,9.96572E+15,5.35657E+16
123628,2,1,1,101,2018,2,19,4,3,2,2,2,0,1,0,0,0,0,0,5.66323E+20,5.93455E+21,1.00012E+16,5.35556E+16
123629,2,5,18,526,2018,1,11,5,3,3,2,0,1,1,0,0,0,0,0,5.77583E+20,5.94044E+21,1.01726E+16,5.3607E+16
123630,2,4,3,406,2018,2,14,4,2,6,7,0,0,1,1,0,0,0,0,5.64344E+20,5.94014E+21,9.97247E+15,5.36061E+16
123631,2,5,18,526,2018,1,16,5,3,3,6,2,0,1,0,0,0,1,0,5.76602E+20,5.94121E+21,1.0158E+16,5.36141E+16
123632,2,3,8,320,2018,2,8,2,3,1,5,0,0,1,0,0,0,0,1,5.58678E+20,5.94164E+21,9.88712E+15,5.36203E+16
123633,2,3,9,321,2018,1,8,5,3,3,6,0,0,1,0,0,1,0,0,5.61418E+20,5.93863E+21,9.92796E+15,5.35929E+16
123634,2,1,16,136,2018,2,8,6,3,2,6,0,0,1,0,0,1,0,1,5.67155E+20,5.92822E+21,1.00124E+16,5.34987E+16
123635,2,7,10,711,2018,2,22,7,3,5,3,2,0,1,0,0,0,0,0,5.64098E+20,5.92425E+21,9.9655E+15,5.34634E+16
123636,2,2,8,220,2018,2,11,5,3,3,6,0,0,1,0,0,1,0,0,5.57542E+20,5.93873E+21,9.86942E+15,5.35942E+16
123637,2,2,7,219,2018,1,17,5,3,5,3,2,1,1,0,0,0,0,0,5.57303E+20,5.93469E+21,9.86506E+15,5.3558E+16
123638,2,6,2,602,2018,1,7,3,3,2,7,0,1,1,0,0,0,0,1,5.81255E+20,5.92771E+21,1.02248E+16,5.3492E+16
123639,2,4,5,412,2018,2,13,5,3,5,3,0,1,1,0,0,0,0,0,5.6731E+20,5.93809E+21,1.00168E+16,5.35873E+16
123640,2,3,6,318,2018,1,11,5,3,5,3,0,1,1,0,0,0,0,0,5.62875E+20,5.942E+21,9.95064E+15,5.3623E+16
123641,2,5,18,526,2018,2,14,3,3,1,5,0,0,1,0,0,0,0,0,5.77397E+20,5.93945E+21,1.01695E+16,5.35981E+16
123642,2,3,2,312,2018,1,19,5,3,0,4,2,0,0,1,0,0,1,0,5.6561E+20,5.93506E+21,9.99053E+15,5.35604E+16
123643,2,1,16,137,2018,2,12,6,3,7,7,0,0,0,1,0,0,1,1,5.65525E+20,5.92815E+21,9.98781E+15,5.34982E+16
123644,2,5,5,513,2018,2,10,2,3,3,6,0,0,1,0,0,0,0,1,5.72828E+20,5.93792E+21,1.01001E+16,5.35851E+16
123645,2,1,12,130,2018,2,18,6,3,4,6,2,0,1,0,0,0,0,1,5.74511E+20,5.93522E+21,1.01249E+16,5.35605E+16
123646,2,7,1,701,2018,1,13,4,3,6,7,0,0,1,1,0,0,0,0,5.64999E+20,5.92434E+21,9.97907E+15,5.3464E+16
123647,2,6,2,602,2018,2,18,6,3,6,2,1,0,1,1,0,0,0,0,5.8001E+20,5.92713E+21,1.02059E+16,5.3487E+16
123648,2,6,1,601,2018,2,11,6,3,5,3,0,0,1,0,0,0,0,0,5.80144E+20,5.92835E+21,1.02082E+16,5.3498E+16
123649,2,1,5,113,2018,1,10,4,3,2,6,0,0,1,0,0,0,0,1,5.67919E+20,5.93454E+21,1.00253E+16,5.35553E+16
123650,2,6,1,601,2018,2,19,6,3,5,3,2,0,1,0,0,0,0,1,5.7976E+20,5.92755E+21,1.02022E+16,5.34909E+16
123651,2,6,2,602,2018,1,6,4,3,1,6,2,0,1,0,0,0,0,1,5.79728E+20,5.92704E+21,1.02016E+16,5.34863E+16
123652,2,3,5,317,2018,2,7,7,3,6,3,0,0,1,1,0,0,0,0,5.63914E+20,5.93909E+21,9.96575E+15,5.35968E+16
123653,2,3,2,311,2018,2,7,5,2,6,2,2,0,0,1,0,0,1,0,5.64517E+20,5.93605E+21,9.97423E+15,5.35693E+16
123654,2,2,4,214,2018,2,8,5,3,6,2,0,0,0,1,0,0,1,0,5.61337E+20,5.93347E+21,9.92571E+15,5.35465E+16
123655,2,1,12,130,2018,1,18,4,3,6,7,2,0,0,1,0,0,1,0,5.73398E+20,5.93504E+21,1.01081E+16,5.35591E+16
123656,2,5,7,515,2018,2,13,3,2,6,4,0,0,1,1,0,0,0,0,5.71443E+20,5.93964E+21,1.00796E+16,5.36007E+16
123657,2,1,13,131,2018,1,11,4,3,5,3,0,0,1,0,0,0,0,0,5.72718E+20,5.93225E+21,1.00972E+16,5.35341E+16
123658,2,4,7,416,2018,2,7,2,2,6,4,2,0,0,1,0,0,1,1,5.67414E+20,5.93535E+21,1.00178E+16,5.35627E+16
123659,2,5,7,515,2018,2,10,6,3,2,6,0,1,0,0,0,0,0,0,5.70654E+20,5.94064E+21,1.00679E+16,5.36098E+16
123660,2,5,18,526,2018,1,17,4,3,5,3,2,0,1,0,0,0,0,0,5.75114E+20,5.94152E+21,1.01355E+16,5.36171E+16
123661,2,5,12,520,2018,2,15,6,3,0,7,0,1,0,0,0,0,0,0,5.68695E+20,5.94417E+21,1.00391E+16,5.36418E+16
123662,2,5,7,515,2018,1,8,4,3,5,3,1,0,1,0,0,0,1,1,5.70515E+20,5.9405E+21,1.00658E+16,5.36086E+16
123663,2,5,11,519,2018,2,16,4,3,2,6,1,0,1,0,0,0,0,0,5.7093E+20,5.94675E+21,1.00735E+16,5.36647E+16
123664,2,5,5,513,2018,1,7,4,2,5,3,2,1,1,0,0,0,0,1,5.74676E+20,5.93773E+21,1.0128E+16,5.35831E+16
123665,2,1,16,136,2018,2,13,4,3,0,3,0,0,1,0,0,0,1,0,5.66802E+20,5.92811E+21,1.0007E+16,5.34977E+16
123666,2,5,6,514,2018,1,6,4,3,5,2,2,0,1,0,0,0,0,1,5.73219E+20,5.94024E+21,1.01066E+16,5.36059E+16
123667,2,2,11,224,2018,2,13,3,3,2,6,0,0,1,0,1,0,0,0,5.53094E+20,5.93547E+21,9.80167E+15,5.35654E+16
123668,2,5,7,515,2018,1,18,4,3,6,4,2,0,0,1,0,0,1,0,5.72567E+20,5.94182E+21,1.00971E+16,5.36201E+16
123669,2,3,6,318,2018,2,18,2,3,2,6,2,1,1,0,0,0,0,2,5.62819E+20,5.94264E+21,9.94993E+15,5.36288E+16
123670,2,2,7,219,2018,2,15,6,3,6,6,0,1,0,1,0,0,0,1,5.59878E+20,5.93451E+21,9.9039E+15,5.3556E+16
123671,2,5,11,519,2018,1,8,4,3,5,3,1,0,1,0,0,1,0,1,5.70635E+20,5.94715E+21,1.00691E+16,5.36683E+16
123672,2,3,3,314,2018,2,7,6,3,4,2,0,1,1,0,0,0,0,0,5.6581E+20,5.93721E+21,9.994E+15,5.35796E+16
123673,2,4,10,428,2018,1,7,4,3,6,2,2,0,1,1,0,0,0,1,5.69116E+20,5.93881E+21,1.00443E+16,5.35935E+16
123674,2,3,8,320,2018,2,11,4,3,5,2,0,1,1,0,0,0,0,0,5.59782E+20,5.94037E+21,9.90357E+15,5.36087E+16
123675,2,5,13,521,2018,1,17,4,3,2,6,2,0,1,0,0,0,0,0,5.72173E+20,5.94789E+21,1.00926E+16,5.36747E+16
123676,2,5,5,513,2018,2,8,2,3,2,6,0,0,1,0,0,0,1,1,5.72971E+20,5.93739E+21,1.01022E+16,5.35803E+16
123677,2,4,13,432,2018,1,7,4,2,5,3,1,1,1,0,0,0,0,1,5.66857E+20,5.94496E+21,1.00115E+16,5.36492E+16
123678,2,3,1,302,2018,2,9,2,3,5,7,0,0,1,0,1,0,0,1,5.63174E+20,5.9374E+21,9.95424E+15,5.35817E+16
123679,2,4,13,432,2018,2,9,1,3,4,1,0,0,1,0,0,0,0,1,5.67909E+20,5.94782E+21,1.0028E+16,5.36747E+16
123680,2,4,10,427,2018,2,12,5,3,5,3,0,1,1,0,0,0,0,0,5.69106E+20,5.93871E+21,1.00441E+16,5.35927E+16
123681,2,4,4,407,2018,1,9,4,1,6,4,0,0,0,0,1,0,1,1,5.66806E+20,5.94119E+21,1.00099E+16,5.36152E+16
123682,2,1,3,108,2018,2,17,3,3,6,4,2,0,1,1,0,0,0,0,5.65401E+20,5.93464E+21,9.98729E+15,5.35565E+16
123683,2,4,4,407,2018,1,7,4,3,5,2,1,1,1,0,0,0,0,1,5.67375E+20,5.94117E+21,1.00185E+16,5.3615E+16
123684,2,7,16,717,2018,2,14,1,3,5,2,0,0,1,0,0,0,1,1,5.54079E+20,5.92969E+21,9.81554E+15,5.35134E+16
123685,2,1,11,129,2018,2,11,5,3,6,4,0,0,0,1,0,0,1,0,5.7123E+20,5.93494E+21,1.00753E+16,5.35585E+16
123686,2,2,5,215,2018,1,14,4,3,5,3,0,0,1,0,0,0,0,0,5.61058E+20,5.93686E+21,9.92216E+15,5.3577E+16
123687,2,5,2,508,2018,2,18,5,3,2,6,2,0,1,0,0,0,0,0,5.73015E+20,5.93723E+21,1.01028E+16,5.35789E+16
123688,2,4,1,401,2018,1,7,4,3,6,2,2,0,1,1,0,0,0,1,5.64833E+20,5.93738E+21,9.97927E+15,5.35812E+16
123689,2,3,3,314,2018,2,9,4,3,5,3,0,1,1,0,0,0,0,0,5.64872E+20,5.93698E+21,9.97978E+15,5.35777E+16
123690,2,2,8,220,2018,1,20,4,3,2,6,2,0,1,0,0,0,0,1,5.57898E+20,5.93824E+21,9.87471E+15,5.35898E+16
123691,2,2,5,215,2018,1,11,4,3,6,4,0,0,1,1,0,0,0,1,5.61729E+20,5.93576E+21,9.93209E+15,5.3567E+16
123692,2,2,9,221,2018,2,16,7,3,3,2,0,0,1,0,0,0,1,0,5.5686E+20,5.93651E+21,9.8587E+15,5.35744E+16
123693,2,3,1,305,2018,2,7,5,3,6,4,2,0,1,1,0,0,0,0,5.63773E+20,5.93694E+21,9.96319E+15,5.35774E+16
123694,2,1,7,120,2018,1,21,3,3,5,3,2,1,1,0,0,0,0,1,5.68009E+20,5.93438E+21,1.00266E+16,5.35539E+16
123695,2,3,8,320,2018,2,21,5,3,6,4,2,0,1,1,0,0,0,0,5.59963E+20,5.94103E+21,9.90643E+15,5.36146E+16
123696,2,6,6,607,2018,2,10,4,2,6,6,0,0,1,1,0,0,0,0,5.75149E+20,5.92104E+21,1.01312E+16,5.3433E+16
123697,2,1,2,103,2018,3,12,2,3,4,2,0,0,1,1,0,0,0,0,5.65822E+20,5.93299E+21,9.99329E+15,5.35417E+16
123698,2,1,14,133,2018,2,18,7,3,1,6,2,0,1,0,0,0,0,0,5.68322E+20,5.93266E+21,1.00309E+16,5.35384E+16
123699,2,5,18,526,2018,2,11,4,1,0,7,0,1,0,0,0,0,0,0,5.76287E+20,5.94004E+21,1.01529E+16,5.36036E+16
123700,2,5,8,516,2018,3,7,5,3,5,3,0,0,1,0,0,0,0,0,5.69883E+20,5.94029E+21,1.00562E+16,5.36067E+16
123701,2,1,16,137,2018,2,6,4,3,2,6,2,0,1,0,0,1,0,0,5.66241E+20,5.92822E+21,9.99861E+15,5.34988E+16
123702,2,4,12,431,2018,3,15,4,2,5,3,0,0,1,0,0,1,0,1,5.68262E+20,5.94345E+21,1.00324E+16,5.36354E+16
123703,2,5,5,513,2018,2,19,4,3,4,2,2,0,1,0,0,0,0,0,5.72856E+20,5.93787E+21,1.01006E+16,5.35846E+16
123704,2,6,10,611,2018,3,17,3,2,0,6,1,0,1,0,0,0,1,0,5.77912E+20,5.9283E+21,1.01745E+16,5.34979E+16
123705,2,5,9,517,2018,2,1,4,3,0,7,2,0,1,1,0,0,0,0,5.70509E+20,5.94397E+21,1.00665E+16,5.36397E+16
123706,2,5,6,514,2018,3,20,7,3,0,6,2,0,0,0,0,0,1,1,5.7318E+20,5.94023E+21,1.0106E+16,5.36058E+16
123707,2,5,8,516,2018,2,7,6,3,6,4,0,0,1,1,0,0,0,0,5.70032E+20,5.94068E+21,1.00585E+16,5.36103E+16
123708,2,4,6,415,2018,2,13,4,3,1,5,0,1,1,0,0,0,0,0,5.6845E+20,5.93597E+21,1.00336E+16,5.35681E+16
123709,2,3,9,321,2018,2,19,4,3,0,5,2,1,1,0,0,0,0,0,5.62055E+20,5.93739E+21,9.93733E+15,5.35817E+16
123710,2,3,8,320,2018,2,9,4,2,5,3,0,1,1,0,0,0,0,0,5.59493E+20,5.9417E+21,9.89946E+15,5.36207E+16
123711,2,1,4,112,2018,3,17,5,3,2,6,2,0,1,0,0,0,0,2,5.63345E+20,5.93378E+21,9.95608E+15,5.35491E+16
123712,2,2,9,221,2018,2,10,4,3,5,3,0,1,1,0,0,0,0,0,5.56402E+20,5.93762E+21,9.852E+15,5.35844E+16
123713,2,3,7,319,2018,2,13,4,3,5,3,0,1,1,0,0,0,0,0,5.60029E+20,5.94303E+21,9.90782E+15,5.36326E+16
123714,2,2,1,201,2018,2,18,3,3,4,2,1,0,1,0,0,0,0,1,5.63143E+20,5.93347E+21,9.95297E+15,5.35464E+16