OBJECTID_1,ULAND,UREGBEZ,UKREIS,UGEMEINDE,UJAHR,UMONAT,USTUNDE,UWOCHENTAG,UKATEGORIE,UART,UTYP1,ULICHTVERH,IstRad,IstPKW,IstFuss,IstKrad,IstGkfz,IstSonstig,STRZUSTAND,LINREFX,LINREFY,XGCSWGS84,YGCSWGS84
123901,2,1,15,134,2018,2,1,5,3,7,7,2,0,1,0,0,0,0,1,5.67927E+20,5.93175E+21,1.00248E+16,5.35303E+16
123902,2,1,20,141,2018,2,16,4,3,6,4,0,0,1,1,0,0,0,0,5.58069E+20,5.93198E+21,9.87612E+15,5.35335E+16
123903,2,7,10,711,2018,2,8,1,3,5,3,0,0,1,0,0,0,0,0,5.64101E+20,5.92426E+21,9.96554E+15,5.34634E+16
123904,2,6,1,601,2018,3,16,4,3,6,4,0,0,1,1,0,0,0,1,5.78679E+20,5.92917E+21,1.01863E+16,5.35056E+16
123905,2,6,5,606,2018,2,14,4,3,5,2,0,0,1,0,0,0,0,0,5.83282E+20,5.91948E+21,1.02531E+16,5.34178E+16
123906,2,1,8,122,2018,2,7,4,3,5,2,0,1,1,0,0,0,0,0,5.6977E+20,5.93476E+21,1.00532E+16,5.3557E+16
123907,2,3,8,320,2018,3,5,2,3,3,6,1,0,1,0,0,0,0,2,5.59925E+20,5.93851E+21,9.90537E+15,5.3592E+16
123908,2,5,18,526,2018,2,7,4,3,2,6,0,0,1,0,0,0,0,0,5.76332E+20,5.94126E+21,1.01539E+16,5.36146E+16
123909,2,5,6,514,2018,3,10,5,3,6,2,0,0,1,1,0,0,0,0,5.73995E+20,5.9396E+21,1.01182E+16,5.36E+16
123910,2,5,17,525,2018,3,11,2,2,4,2,0,0,1,0,0,0,0,1,5.76641E+20,5.94594E+21,1.01597E+16,5.36566E+16
123911,2,2,8,220,2018,2,18,4,3,2,6,2,0,1,0,0,0,0,0,5.58552E+20,5.93862E+21,9.88465E+15,5.35932E+16
123912,2,7,13,714,2018,3,9,5,3,2,6,0,0,1,0,0,0,0,0,5.58604E+20,5.92584E+21,9.88305E+15,5.34783E+16
123913,2,4,13,432,2018,2,14,5,3,2,6,0,0,1,0,0,0,1,0,5.67777E+20,5.94503E+21,1.00254E+16,5.36497E+16
123914,2,3,3,314,2018,2,8,4,3,5,3,0,1,1,0,0,0,0,0,5.65459E+20,5.93739E+21,9.98874E+15,5.35813E+16
123915,2,5,6,514,2018,2,21,1,3,1,6,2,0,1,0,0,0,0,2,5.73913E+20,5.9404E+21,1.01171E+16,5.36072E+16
123916,2,5,4,512,2018,3,16,4,3,6,4,0,0,1,1,0,0,0,1,5.75549E+20,5.93784E+21,1.01412E+16,5.3584E+16
123917,2,1,5,114,2018,2,8,4,3,5,3,0,1,1,0,0,0,0,0,5.6667E+20,5.93413E+21,1.00063E+16,5.35518E+16
123918,2,4,4,407,2018,3,9,4,3,5,3,0,0,1,0,0,0,0,1,5.65366E+20,5.93984E+21,9.98785E+15,5.36033E+16
123919,2,1,16,137,2018,2,7,2,2,4,6,2,0,1,0,0,1,0,1,5.65422E+20,5.9305E+21,9.98674E+15,5.35194E+16
123920,2,1,5,113,2018,2,22,4,3,2,6,2,0,1,0,1,0,0,0,5.66982E+20,5.93505E+21,1.00112E+16,5.356E+16
123921,2,1,11,128,2018,3,7,1,3,5,3,0,0,1,0,0,0,0,0,5.71911E+20,5.93415E+21,1.00854E+16,5.35513E+16
123922,2,4,10,428,2018,2,22,7,3,8,5,2,0,1,0,0,0,0,0,5.69046E+20,5.93927E+21,1.00433E+16,5.35977E+16
123923,2,7,14,715,2018,2,7,3,3,6,4,0,0,1,1,0,0,0,2,5.58066E+20,5.92554E+21,9.87488E+15,5.34756E+16
123924,2,4,2,404,2018,3,16,5,3,0,7,0,0,1,0,0,0,1,0,5.65701E+20,5.93861E+21,9.99265E+15,5.35922E+16
123925,2,4,8,420,2018,2,10,1,3,5,3,0,0,1,0,0,0,0,1,5.68419E+20,5.93661E+21,1.00333E+16,5.35739E+16
123926,2,1,20,141,2018,2,9,3,3,6,4,0,0,1,1,0,0,0,2,5.58268E+20,5.93196E+21,9.87912E+15,5.35333E+16
123927,2,2,11,223,2018,2,20,1,3,1,5,2,0,1,0,0,0,0,2,5.54301E+20,5.93496E+21,9.8198E+15,5.35607E+16
123928,2,7,1,702,2018,2,9,3,2,4,2,0,0,1,0,0,0,1,1,5.65988E+20,5.92449E+21,9.99401E+15,5.34653E+16
123929,2,5,7,515,2018,3,12,3,3,5,3,0,0,1,0,0,0,0,0,5.7158E+20,5.94189E+21,1.00822E+16,5.36209E+16
123930,2,2,4,214,2018,2,18,5,3,5,3,2,0,1,0,0,0,0,0,5.61302E+20,5.93386E+21,9.92526E+15,5.35501E+16
123931,2,5,10,518,2018,3,6,4,3,6,2,2,0,1,1,0,0,0,1,5.72857E+20,5.94485E+21,1.01022E+16,5.36474E+16
123932,2,6,1,601,2018,2,12,3,2,6,2,0,0,1,1,0,0,0,1,5.80249E+20,5.9297E+21,1.02101E+16,5.35101E+16
123933,2,7,4,705,2018,3,19,3,3,2,7,2,0,1,0,0,0,0,0,5.65575E+20,5.92279E+21,9.98743E+15,5.345E+16
123934,2,6,2,602,2018,2,12,3,3,2,6,0,0,1,0,0,1,0,1,5.7867E+20,5.92718E+21,1.01857E+16,5.34877E+16
123935,2,6,2,602,2018,3,9,7,3,5,3,0,0,1,0,0,0,0,0,5.78443E+20,5.92764E+21,1.01824E+16,5.34919E+16
123936,2,6,1,601,2018,2,23,6,3,8,1,2,0,1,0,0,0,0,0,5.8022E+20,5.92997E+21,1.02097E+16,5.35125E+16
123937,2,1,12,130,2018,2,10,3,3,6,4,0,0,1,1,0,0,0,2,5.76233E+20,5.93196E+21,1.01501E+16,5.3531E+16
123938,2,1,15,134,2018,2,9,4,3,9,7,0,0,0,1,0,0,1,2,5.67475E+20,5.93127E+21,1.00179E+16,5.3526E+16
123939,2,5,18,526,2018,2,19,3,3,2,2,2,0,1,0,0,0,0,1,5.76128E+20,5.94056E+21,1.01506E+16,5.36083E+16
123940,2,5,6,514,2018,2,10,3,3,1,6,0,0,1,0,0,0,0,1,5.74934E+20,5.9423E+21,1.0133E+16,5.36242E+16
123941,2,1,1,102,2018,3,9,3,3,0,7,0,0,0,1,0,0,1,0,5.65851E+20,5.93401E+21,9.99394E+15,5.35509E+16
123942,2,5,6,514,2018,2,14,3,3,1,2,0,0,1,0,0,0,0,1,5.74041E+20,5.9402E+21,1.0119E+16,5.36054E+16
123943,2,5,10,518,2018,3,13,6,3,5,3,0,0,1,0,0,0,0,2,5.72643E+20,5.9463E+21,1.00993E+16,5.36604E+16
123944,2,1,4,110,2018,2,17,6,3,1,5,0,1,1,0,0,0,0,0,5.63734E+20,5.9346E+21,9.96212E+15,5.35564E+16
123945,2,5,6,514,2018,2,1,3,3,8,1,2,0,1,0,0,0,0,2,5.74345E+20,5.94111E+21,1.01238E+16,5.36135E+16
123946,2,3,7,319,2018,3,9,7,3,9,1,0,0,1,0,0,0,0,0,5.61068E+20,5.94369E+21,9.92366E+15,5.36384E+16
123947,2,4,6,415,2018,2,20,6,2,8,1,2,0,1,0,0,0,0,0,5.68006E+20,5.93616E+21,1.00269E+16,5.35699E+16
123948,2,5,10,518,2018,2,9,3,3,6,7,0,0,1,1,0,0,0,1,5.72914E+20,5.94499E+21,1.01031E+16,5.36486E+16
123949,2,4,13,432,2018,2,10,3,3,6,4,0,0,1,1,0,0,0,1,5.66937E+20,5.94462E+21,1.00126E+16,5.36461E+16
123950,2,4,5,410,2018,2,20,3,3,3,6,2,1,1,0,0,0,0,0,5.66432E+20,5.93831E+21,1.00036E+16,5.35895E+16
123951,2,1,8,126,2018,3,6,2,3,1,1,1,0,1,0,0,0,1,2,5.70349E+20,5.93374E+21,1.00618E+16,5.35478E+16
123952,2,5,1,501,2018,2,15,3,3,0,7,0,0,0,0,1,0,0,1,5.68938E+20,5.93582E+21,1.00409E+16,5.35668E+16
123953,2,2,11,223,2018,3,12,6,3,6,7,0,0,1,1,0,0,0,0,5.53821E+20,5.93489E+21,9.81254E+15,5.35602E+16
123954,2,4,11,430,2018,2,18,5,2,2,6,2,0,1,0,0,0,0,0,5.68644E+20,5.94065E+21,1.00376E+16,5.36101E+16
123955,2,3,8,320,2018,2,14,3,3,5,2,0,0,1,0,0,0,0,1,5.60083E+20,5.94009E+21,9.90807E+15,5.36062E+16
123956,2,4,8,423,2018,2,19,4,3,2,6,2,0,1,0,0,0,0,2,5.68956E+20,5.93729E+21,1.00415E+16,5.35799E+16
123957,2,6,2,602,2018,3,12,4,3,6,4,0,0,1,1,0,0,0,1,5.78439E+20,5.9261E+21,1.01819E+16,5.3478E+16
123958,2,3,8,320,2018,2,10,3,3,6,4,0,0,1,1,0,0,0,0,5.59722E+20,5.9403E+21,9.90266E+15,5.36081E+16
123959,2,4,7,417,2018,3,1,4,3,2,7,2,0,1,0,0,0,0,0,5.68656E+20,5.93524E+21,1.00366E+16,5.35615E+16
123960,2,3,9,321,2018,2,10,3,3,0,7,0,0,0,0,1,0,0,1,5.60679E+20,5.93939E+21,9.91694E+15,5.35998E+16
123961,2,2,9,221,2018,2,20,3,3,8,1,2,0,1,0,0,0,0,1,5.57259E+20,5.93642E+21,9.86472E+15,5.35735E+16
123962,2,2,5,216,2018,2,14,3,3,2,2,0,0,1,0,0,0,0,0,5.59504E+20,5.93617E+21,9.89857E+15,5.3571E+16
123963,2,4,8,423,2018,3,18,2,3,6,7,0,0,1,1,0,0,0,0,5.69589E+20,5.93741E+21,1.00511E+16,5.35809E+16
123964,2,2,8,220,2018,2,15,3,2,5,3,0,1,1,0,0,0,0,0,5.57726E+20,5.93783E+21,9.87203E+15,5.35861E+16
123965,2,1,11,129,2018,3,19,5,3,5,2,2,0,1,0,0,0,0,1,5.72198E+20,5.93446E+21,1.00898E+16,5.35541E+16
123966,2,2,8,220,2018,2,16,5,3,2,6,0,0,1,0,0,0,0,0,5.57859E+20,5.93797E+21,9.87407E+15,5.35873E+16
123967,2,4,9,425,2018,3,20,4,3,6,2,1,0,1,1,0,0,0,0,5.70701E+20,5.93759E+21,1.0068E+16,5.35824E+16
123968,2,2,1,204,2018,2,9,3,3,4,2,0,1,1,0,0,0,0,0,5.6264E+20,5.93465E+21,9.94562E+15,5.3557E+16
123969,2,2,3,210,2018,3,18,4,3,6,3,2,0,0,1,0,0,1,0,5.62624E+20,5.93466E+21,9.94537E+15,5.35571E+16
123970,2,5,6,514,2018,2,9,2,3,6,4,0,0,1,1,0,0,0,1,5.7394E+20,5.94039E+21,1.01175E+16,5.36071E+16
123971,2,2,8,220,2018,3,19,1,3,2,6,2,0,1,0,0,0,0,0,5.56424E+20,5.93849E+21,9.85248E+15,5.35923E+16
123972,2,2,3,208,2018,2,14,7,3,0,7,0,0,1,0,0,0,1,0,5.62883E+20,5.93535E+21,9.94943E+15,5.35633E+16
123973,2,4,2,405,2018,3,10,5,3,5,3,0,1,1,0,0,0,0,1,5.64734E+20,5.93919E+21,9.97817E+15,5.35975E+16
123974,2,5,7,515,2018,4,23,3,2,6,4,2,0,1,1,0,0,0,0,5.70255E+20,5.93904E+21,1.00615E+16,5.35955E+16
123975,2,2,1,203,2018,3,18,5,3,2,6,2,0,1,0,0,0,0,1,5.62421E+20,5.93389E+21,9.94216E+15,5.35502E+16
123976,2,2,3,209,2018,3,14,5,3,6,7,0,1,0,1,0,0,0,1,5.62131E+20,5.93539E+21,9.93809E+15,5.35637E+16
123977,2,4,7,417,2018,3,6,6,3,5,3,1,0,1,0,0,0,0,0,5.68515E+20,5.93553E+21,1.00345E+16,5.35642E+16
123978,2,1,4,109,2018,3,18,5,3,3,2,1,1,1,0,0,0,0,0,5.64414E+20,5.93469E+21,9.9724E+15,5.35571E+16
123979,2,5,10,518,2018,3,7,3,3,5,3,0,1,1,0,0,0,0,0,5.73064E+20,5.94605E+21,1.01056E+16,5.36581E+16
123980,2,1,3,108,2018,3,15,5,3,0,1,0,0,0,0,1,0,0,1,5.65317E+20,5.9348E+21,9.98605E+15,5.3558E+16
123981,2,4,4,407,2018,4,17,5,3,6,4,0,0,1,1,0,0,0,1,5.66082E+20,5.94016E+21,9.99873E+15,5.36061E+16
123982,2,1,4,109,2018,3,17,5,3,2,6,0,0,1,0,0,0,0,1,5.64613E+20,5.93508E+21,9.97549E+15,5.35606E+16
123983,2,5,18,526,2018,4,17,2,3,0,3,0,1,1,0,0,0,0,0,5.76455E+20,5.93826E+21,1.0155E+16,5.35876E+16
123984,2,1,19,140,2018,3,7,5,3,2,6,0,0,1,0,0,1,0,1,5.61458E+20,5.93039E+21,9.92694E+15,5.35189E+16
123985,2,7,1,701,2018,3,16,4,3,5,3,0,1,0,0,0,0,1,0,5.64771E+20,5.92391E+21,9.97556E+15,5.34602E+16
123986,2,5,6,514,2018,3,9,5,2,6,4,0,0,1,1,0,0,0,1,5.74967E+20,5.94225E+21,1.01335E+16,5.36236E+16
123987,2,1,15,134,2018,3,14,4,3,3,6,0,0,1,0,0,1,0,0,5.6789E+20,5.93168E+21,1.00242E+16,5.35296E+16
123988,2,2,7,219,2018,3,17,2,3,5,3,0,1,1,0,0,0,0,0,5.59256E+20,5.93414E+21,9.89445E+15,5.35528E+16
123989,2,6,1,601,2018,3,18,4,3,5,3,2,1,0,0,0,0,1,0,5.77481E+20,5.93026E+21,1.01685E+16,5.35156E+16
123990,2,1,11,129,2018,3,13,5,3,3,6,0,0,1,0,0,1,0,1,5.70885E+20,5.93507E+21,1.00702E+16,5.35597E+16
123991,2,1,12,130,2018,3,9,4,3,2,2,0,0,1,0,0,0,0,0,5.7444E+20,5.93275E+21,1.01233E+16,5.35384E+16
123992,2,5,6,514,2018,3,11,6,3,0,6,0,0,1,0,0,0,1,0,5.74195E+20,5.94023E+21,1.01213E+16,5.36056E+16
123993,2,1,5,113,2018,3,6,3,3,2,6,1,0,1,0,1,0,0,0,5.67192E+20,5.93526E+21,1.00145E+16,5.35619E+16
123994,2,3,4,315,2018,3,8,5,3,1,5,0,1,1,0,0,0,0,1,5.64072E+20,5.93696E+21,9.96771E+15,5.35776E+16
123995,2,5,4,512,2018,3,16,4,3,1,6,0,0,1,0,0,0,0,0,5.73479E+20,5.93635E+21,1.01096E+16,5.35709E+16
123996,2,1,4,111,2018,4,9,5,3,0,4,0,0,0,1,0,1,0,1,5.6411E+20,5.93471E+21,9.96782E+15,5.35574E+16
123997,2,5,5,513,2018,3,7,4,2,3,6,0,1,1,0,0,0,0,0,5.75254E+20,5.93879E+21,1.0137E+16,5.35926E+16
123998,2,1,12,130,2018,4,14,1,3,6,4,0,0,0,1,0,0,1,0,5.75895E+20,5.93215E+21,1.01451E+16,5.35328E+16
123999,2,5,7,515,2018,3,10,4,3,2,6,0,0,1,0,0,0,0,0,5.70456E+20,5.93928E+21,1.00646E+16,5.35976E+16
124000,2,4,13,432,2018,3,15,4,3,5,2,0,0,1,0,0,0,0,1,5.66102E+20,5.94677E+21,1.00004E+16,5.36655E+16
124001,2,2,3,210,2018,3,20,5,3,2,2,2,0,1,0,0,0,1,0,5.62856E+20,5.93492E+21,9.94892E+15,5.35594E+16
124002,2,4,13,432,2018,3,5,4,3,5,7,2,0,1,0,0,0,0,0,5.66699E+20,5.94605E+21,1.00093E+16,5.3659E+16
124003,2,5,6,514,2018,3,19,1,3,5,7,2,0,1,0,0,0,0,0,5.74163E+20,5.94026E+21,1.01209E+16,5.36059E+16
124004,2,2,8,220,2018,3,8,4,3,4,2,0,1,0,0,0,0,1,0,5.57388E+20,5.93775E+21,9.86691E+15,5.35854E+16
124005,2,3,3,314,2018,4,8,4,3,4,2,0,1,1,0,0,0,0,0,5.6554E+20,5.93749E+21,9.98999E+15,5.35821E+16
124006,2,2,5,215,2018,3,7,4,3,2,6,0,0,1,0,0,0,0,0,5.6067E+20,5.93743E+21,9.91643E+15,5.35822E+16
124007,2,4,13,432,2018,3,14,7,3,0,7,0,0,0,0,0,0,1,1,5.68049E+20,5.94816E+21,1.00302E+16,5.36777E+16
124008,2,1,5,114,2018,3,18,4,3,0,4,2,0,0,1,0,0,1,0,5.66851E+20,5.93417E+21,1.00091E+16,5.35522E+16
124009,2,1,16,136,2018,4,13,4,2,0,2,0,0,0,0,0,0,1,0,5.67469E+20,5.92682E+21,1.00168E+16,5.3486E+16
124010,2,1,19,140,2018,3,17,3,3,3,6,0,0,1,0,0,1,0,0,5.60488E+20,5.92983E+21,9.9122E+15,5.35139E+16
124011,2,1,12,130,2018,3,9,7,3,2,6,0,0,1,0,0,0,0,0,5.73502E+20,5.93311E+21,1.01092E+16,5.35417E+16
124012,2,1,16,137,2018,3,5,3,3,5,2,1,1,1,0,0,0,0,1,5.65746E+20,5.92843E+21,9.99119E+15,5.35007E+16
124013,2,6,14,615,2018,3,14,3,3,1,7,0,0,1,0,0,0,0,0,5.77968E+20,5.92627E+21,1.01749E+16,5.34796E+16
124014,2,4,6,415,2018,3,16,4,3,2,6,0,0,1,0,0,0,0,1,5.68404E+20,5.93654E+21,1.0033E+16,5.35733E+16
124015,2,1,12,130,2018,3,10,3,3,1,6,0,0,0,0,0,0,1,0,5.73351E+20,5.93322E+21,1.01069E+16,5.35428E+16
124016,2,3,4,316,2018,4,8,6,3,5,3,0,1,1,0,0,0,0,0,5.63402E+20,5.93728E+21,9.95766E+15,5.35805E+16
124017,2,1,5,114,2018,3,12,1,3,5,3,0,0,1,0,0,0,0,0,5.66397E+20,5.93472E+21,1.00023E+16,5.35571E+16
124018,2,1,14,132,2018,3,16,3,3,2,6,0,0,0,0,0,1,1,0,5.69401E+20,5.93295E+21,1.00473E+16,5.35408E+16
124019,2,5,6,514,2018,4,8,3,3,4,7,0,0,1,0,0,0,0,1,5.73588E+20,5.94037E+21,1.01122E+16,5.3607E+16
124020,2,5,18,526,2018,3,7,3,3,1,6,0,0,1,0,0,0,0,0,5.76263E+20,5.94006E+21,1.01525E+16,5.36038E+16
124021,2,1,16,136,2018,3,2,6,3,1,5,2,0,1,0,0,1,0,0,5.67863E+20,5.92911E+21,1.00232E+16,5.35065E+16
124022,2,5,18,526,2018,3,10,3,3,0,1,0,0,0,0,1,0,0,0,5.7777E+20,5.94043E+21,1.01754E+16,5.36069E+16
124023,2,6,1,601,2018,3,17,3,3,0,7,0,1,0,0,0,0,0,0,5.77005E+20,5.92965E+21,1.01612E+16,5.35102E+16
124024,2,5,18,526,2018,3,11,3,3,8,7,0,0,0,0,1,0,0,0,5.75071E+20,5.94175E+21,1.01349E+16,5.36192E+16
124025,2,5,18,526,2018,3,15,3,3,3,2,0,0,1,0,0,0,0,0,5.76223E+20,5.94142E+21,1.01523E+16,5.3616E+16
124026,2,1,4,111,2018,3,12,4,3,2,2,0,0,1,0,0,0,0,1,5.63962E+20,5.93401E+21,9.96544E+15,5.3551E+16
124027,2,4,9,425,2018,3,11,3,3,3,6,0,0,1,0,0,0,1,0,5.70617E+20,5.93778E+21,1.00667E+16,5.35841E+16
124028,2,1,1,102,2018,4,14,6,3,6,4,0,1,0,1,0,0,0,0,5.65877E+20,5.93397E+21,9.99433E+15,5.35505E+16
124029,2,2,1,201,2018,3,15,7,3,5,2,0,0,1,0,0,0,0,0,5.63265E+20,5.93372E+21,9.95486E+15,5.35486E+16
124030,2,3,1,309,2018,3,14,5,3,3,6,0,0,1,0,0,0,0,0,5.6422E+20,5.93587E+21,9.96971E+15,5.35678E+16
124031,2,5,3,510,2018,3,11,3,3,2,6,0,0,1,0,0,1,0,0,5.70288E+20,5.93628E+21,1.00614E+16,5.35707E+16
124032,2,2,13,226,2018,4,16,3,3,6,4,0,0,1,1,0,0,0,0,5.53127E+20,5.9367E+21,9.80238E+15,5.35764E+16
124033,2,4,9,424,2018,3,19,3,3,6,2,2,0,1,1,0,0,0,0,5.70085E+20,5.9369E+21,1.00585E+16,5.35762E+16
124034,2,5,7,515,2018,3,7,3,3,2,6,0,0,1,0,0,0,1,1,5.71565E+20,5.94186E+21,1.0082E+16,5.36206E+16
124035,2,1,2,103,2018,3,17,6,3,3,6,0,1,1,0,0,0,0,0,5.65604E+20,5.93317E+21,9.99004E+15,5.35433E+16
124036,2,4,10,429,2018,3,16,3,3,1,5,0,0,1,0,0,0,0,0,5.68442E+20,5.94018E+21,1.00344E+16,5.3606E+16
124037,2,5,2,507,2018,3,13,6,2,4,7,0,0,1,0,0,0,0,0,5.71356E+20,5.93685E+21,1.00777E+16,5.35757E+16
124038,2,3,8,320,2018,3,8,3,3,2,6,0,0,1,0,0,1,0,1,5.60054E+20,5.93801E+21,9.90723E+15,5.35875E+16
124039,2,1,2,103,2018,3,17,5,3,3,6,1,0,1,0,0,0,1,1,5.66029E+20,5.93322E+21,9.99646E+15,5.35437E+16
124040,2,4,5,413,2018,3,7,3,3,5,3,0,1,1,0,0,0,0,0,5.66576E+20,5.93731E+21,1.00056E+16,5.35804E+16
124041,2,4,6,415,2018,4,17,5,3,2,6,0,0,1,0,0,0,0,1,5.68434E+20,5.93658E+21,1.00335E+16,5.35736E+16
124042,2,4,5,408,2018,3,10,3,3,1,7,0,0,1,0,0,0,0,0,5.66178E+20,5.93965E+21,1.00001E+16,5.36015E+16
124043,2,1,3,105,2018,4,13,2,2,2,6,0,0,1,0,0,0,1,0,5.65034E+20,5.93324E+21,9.98146E+15,5.3544E+16
124044,2,3,9,321,2018,3,9,3,3,5,3,0,0,1,0,0,0,0,0,5.62141E+20,5.93746E+21,9.93865E+15,5.35823E+16
124045,2,1,6,116,2018,3,18,6,2,0,3,1,0,1,0,1,0,0,0,5.67962E+20,5.93324E+21,1.00256E+16,5.35436E+16
124046,2,5,7,515,2018,4,9,5,3,1,6,0,0,1,0,0,0,0,0,5.71006E+20,5.94053E+21,1.00732E+16,5.36087E+16
124047,2,2,4,213,2018,3,14,3,2,6,4,0,0,1,1,0,0,0,0,5.61809E+20,5.9339E+21,9.93292E+15,5.35503E+16
124048,2,1,3,107,2018,4,13,3,3,0,7,0,1,1,0,0,0,0,0,5.65042E+20,5.93439E+21,9.98181E+15,5.35544E+16
124049,2,2,1,202,2018,3,5,3,3,2,6,0,1,0,0,0,0,1,2,5.62378E+20,5.93364E+21,9.94146E+15,5.3548E+16
124050,2,1,19,140,2018,3,17,3,3,2,6,0,0,1,0,0,1,0,0,5.61265E+20,5.93008E+21,9.92396E+15,5.35161E+16
124051,2,1,6,116,2018,3,17,5,3,6,7,0,0,1,1,0,0,0,1,5.67687E+20,5.93333E+21,1.00215E+16,5.35445E+16
124052,2,7,1,702,2018,3,8,2,3,1,5,0,0,1,0,0,0,1,0,5.65376E+20,5.9237E+21,9.98463E+15,5.34582E+16
124053,2,4,11,430,2018,3,17,6,3,4,2,0,1,1,0,0,0,0,0,5.68603E+20,5.94079E+21,1.0037E+16,5.36115E+16
124054,2,6,1,601,2018,3,13,2,3,5,3,0,1,0,0,0,0,1,0,5.78949E+20,5.92901E+21,1.01903E+16,5.35041E+16
124055,2,1,11,129,2018,3,7,2,3,2,2,0,0,1,0,0,0,0,0,5.71739E+20,5.9346E+21,1.00829E+16,5.35553E+16
124056,2,1,3,108,2018,4,15,5,3,2,6,0,0,1,0,1,0,0,1,5.65191E+20,5.93478E+21,9.98414E+15,5.35579E+16
124057,2,1,11,129,2018,3,11,2,3,8,1,0,0,1,0,0,0,0,0,5.7086E+20,5.93493E+21,1.00697E+16,5.35585E+16
124058,2,2,2,207,2018,4,19,1,3,4,2,0,1,1,0,0,0,0,0,5.63264E+20,5.93513E+21,9.95513E+15,5.35612E+16
124059,2,1,14,132,2018,3,5,2,3,6,4,2,0,1,1,0,0,0,0,5.70607E+20,5.93182E+21,1.00652E+16,5.35305E+16
124060,2,1,6,115,2018,3,14,2,3,2,6,0,0,1,0,0,0,0,0,5.6685E+20,5.93371E+21,1.00089E+16,5.3548E+16
124061,2,5,4,512,2018,3,11,4,3,1,5,0,0,1,0,0,0,0,1,5.73178E+20,5.93644E+21,1.01051E+16,5.35717E+16
124062,2,5,3,510,2018,3,12,2,3,5,3,0,0,1,1,0,0,0,0,5.7025E+20,5.93626E+21,1.00608E+16,5.35705E+16
124063,2,4,5,413,2018,4,18,6,3,1,6,0,1,1,0,0,0,0,0,5.66994E+20,5.93719E+21,1.00119E+16,5.35793E+16
124064,2,4,12,431,2018,3,11,2,3,1,6,0,0,1,0,0,0,0,0,5.67656E+20,5.94276E+21,1.00231E+16,5.36293E+16
124065,2,4,7,417,2018,3,9,2,3,5,3,0,1,1,0,0,0,0,0,5.68299E+20,5.93564E+21,1.00312E+16,5.35652E+16
124066,2,5,3,511,2018,3,8,5,3,6,4,0,0,1,1,0,0,0,2,5.7227E+20,5.9361E+21,1.00913E+16,5.35688E+16
124067,2,2,9,221,2018,3,13,2,3,3,6,0,0,1,0,0,0,1,0,5.56437E+20,5.93762E+21,9.85253E+15,5.35844E+16
124068,2,3,2,312,2018,3,10,2,3,0,5,0,0,1,0,1,0,0,0,5.65892E+20,5.93625E+21,9.99504E+15,5.3571E+16
124069,2,2,5,215,2018,3,12,2,3,2,6,0,0,1,0,0,1,0,0,5.60805E+20,5.93619E+21,9.91822E+15,5.3571E+16
124070,2,4,11,430,2018,4,9,4,3,0,3,0,1,1,0,0,0,0,0,5.69754E+20,5.943E+21,1.00549E+16,5.36312E+16
124071,2,3,4,315,2018,3,17,2,3,6,4,0,0,1,1,0,0,0,0,5.64376E+20,5.93701E+21,9.97231E+15,5.3578E+16
124072,2,5,3,510,2018,3,3,7,3,0,7,2,1,0,0,0,0,0,0,5.70551E+20,5.93637E+21,1.00654E+16,5.35714E+16
124073,2,3,5,317,2018,3,11,2,3,1,5,0,0,1,0,1,0,0,0,5.63201E+20,5.93752E+21,9.95467E+15,5.35828E+16
124074,2,3,2,312,2018,3,16,2,3,3,6,0,1,1,0,0,0,0,0,5.65466E+20,5.9364E+21,9.98863E+15,5.35724E+16
124075,2,3,6,318,2018,3,21,4,3,4,7,2,0,1,0,0,0,0,1,5.63053E+20,5.94209E+21,9.95335E+15,5.36238E+16
124076,2,5,7,515,2018,3,16,6,3,4,6,0,0,0,0,1,0,1,0,5.71933E+20,5.93972E+21,1.0087E+16,5.36014E+16
124077,2,7,4,705,2018,3,7,6,3,6,7,0,0,1,1,0,0,0,0,5.65964E+20,5.92246E+21,9.99322E+15,5.3447E+16
124078,2,3,3,314,2018,3,15,2,3,6,4,0,0,0,1,0,0,1,0,5.65473E+20,5.9371E+21,9.98889E+15,5.35787E+16
124079,2,2,3,210,2018,4,9,6,3,5,3,0,1,0,0,0,0,0,0,5.62464E+20,5.93498E+21,9.94302E+15,5.356E+16
124080,2,5,2,505,2018,3,14,7,3,2,6,0,0,1,0,0,0,0,0,5.70423E+20,5.93633E+21,1.00635E+16,5.35711E+16
124081,2,1,4,111,2018,3,15,2,3,1,5,0,0,1,0,0,0,0,0,5.64054E+20,5.93394E+21,9.96681E+15,5.35505E+16
124082,2,4,9,425,2018,4,6,3,3,5,6,0,0,1,0,0,0,0,1,5.70689E+20,5.93758E+21,1.00678E+16,5.35823E+16
124083,2,5,9,517,2018,3,12,1,3,1,7,0,1,1,0,0,0,0,0,5.70233E+20,5.94379E+21,1.00623E+16,5.36382E+16
124084,2,1,5,114,2018,3,19,2,3,5,3,2,0,0,0,0,0,1,0,5.66912E+20,5.93418E+21,1.001E+16,5.35523E+16
124085,2,7,7,708,2018,4,8,3,3,0,3,0,1,0,0,0,0,1,1,5.65205E+20,5.92006E+21,9.98129E+15,5.34256E+16
124086,2,1,5,113,2018,3,8,2,3,4,6,0,1,1,0,0,0,0,0,5.67616E+20,5.93444E+21,1.00207E+16,5.35545E+16