OBJECTID_1,ULAND,UREGBEZ,UKREIS,UGEMEINDE,UJAHR,UMONAT,USTUNDE,UWOCHENTAG,UKATEGORIE,UART,UTYP1,ULICHTVERH,IstRad,IstPKW,IstFuss,IstKrad,IstGkfz,IstSonstig,STRZUSTAND,LINREFX,LINREFY,XGCSWGS84,YGCSWGS84
124087,2,2,8,220,2018,3,14,7,3,0,7,0,1,0,0,0,0,1,1,5.57128E+20,5.93943E+21,9.8633E+15,5.36006E+16
124088,2,1,17,138,2018,3,7,2,3,4,2,0,0,1,0,0,0,0,0,5.64946E+20,5.93142E+21,9.97975E+15,5.35277E+16
124089,2,1,12,130,2018,3,16,1,2,4,6,0,0,1,0,0,0,0,0,5.74929E+20,5.93374E+21,1.01309E+16,5.35472E+16
124090,2,1,4,109,2018,3,8,4,3,3,2,0,1,1,0,0,0,0,1,5.65575E+20,5.93501E+21,9.98999E+15,5.35599E+16
124091,2,5,7,515,2018,3,8,6,3,5,3,0,0,1,0,0,0,1,0,5.71469E+20,5.94044E+21,1.00802E+16,5.36079E+16
124092,2,5,6,514,2018,3,17,1,3,5,3,0,0,1,0,0,0,1,0,5.7428E+20,5.94262E+21,1.01232E+16,5.36271E+16
124093,2,1,11,129,2018,4,18,5,3,7,7,0,1,0,0,0,0,0,0,5.7159E+20,5.93511E+21,1.00808E+16,5.356E+16
124094,2,1,1,102,2018,3,9,5,3,3,2,0,1,0,0,0,0,0,1,5.65389E+20,5.9338E+21,9.98693E+15,5.35491E+16
124095,2,5,16,524,2018,3,13,1,3,2,6,0,0,1,0,0,0,0,0,5.74138E+20,5.94699E+21,1.01221E+16,5.36664E+16
124096,2,2,5,215,2018,4,9,3,3,3,6,0,0,1,0,0,1,0,1,5.60785E+20,5.93716E+21,9.91811E+15,5.35798E+16
124097,2,3,1,301,2018,3,14,1,3,1,5,0,1,1,0,0,0,0,0,5.62418E+20,5.93709E+21,9.94275E+15,5.3579E+16
124098,2,1,4,112,2018,3,4,1,3,6,4,2,0,0,1,0,0,1,0,5.63374E+20,5.93385E+21,9.95654E+15,5.35497E+16
124099,2,6,3,604,2018,3,20,5,2,6,6,2,0,1,1,0,0,0,0,5.80175E+20,5.92454E+21,1.02077E+16,5.34638E+16
124100,2,2,12,225,2018,3,6,6,3,2,6,0,0,1,0,1,0,0,0,5.54451E+20,5.93749E+21,9.82251E+15,5.35834E+16
124101,2,6,2,603,2018,3,16,7,2,6,7,0,1,0,1,0,0,0,0,5.80641E+20,5.92708E+21,1.02153E+16,5.34865E+16
124102,2,5,5,513,2018,3,16,7,3,4,1,0,0,1,0,0,0,0,0,5.74573E+20,5.93843E+21,1.01266E+16,5.35894E+16
124103,2,4,7,416,2018,3,12,7,3,6,4,0,0,1,1,0,0,0,0,5.67346E+20,5.93527E+21,1.00168E+16,5.3562E+16
124104,2,1,11,129,2018,3,20,6,3,0,6,2,0,1,0,0,0,1,0,5.71865E+20,5.93439E+21,1.00848E+16,5.35535E+16
124105,2,2,4,211,2018,3,0,7,3,4,2,2,0,1,0,0,0,1,0,5.61699E+20,5.93464E+21,9.93141E+15,5.3557E+16
124106,2,5,7,515,2018,3,9,3,3,6,2,0,0,1,1,0,0,0,0,5.7122E+20,5.94133E+21,1.00766E+16,5.36159E+16
124107,2,2,5,216,2018,3,6,6,3,5,3,0,0,1,0,1,0,0,1,5.59769E+20,5.93558E+21,9.90245E+15,5.35657E+16
124108,2,5,3,510,2018,3,18,6,2,2,1,2,0,1,0,1,0,0,0,5.70257E+20,5.93624E+21,1.00609E+16,5.35703E+16
124109,2,4,12,431,2018,4,7,5,3,5,3,0,1,1,0,0,0,0,1,5.67696E+20,5.94245E+21,1.00236E+16,5.36264E+16
124110,2,4,5,408,2018,3,19,6,2,6,4,2,0,1,1,0,0,0,0,5.67895E+20,5.94016E+21,1.00261E+16,5.36059E+16
124111,2,5,18,526,2018,4,18,2,3,0,7,1,1,0,0,0,0,0,0,5.7531E+20,5.93964E+21,1.01381E+16,5.36001E+16
124112,2,4,10,427,2018,3,15,6,3,1,7,0,0,1,0,0,0,1,0,5.69313E+20,5.93785E+21,1.0047E+16,5.35849E+16
124113,2,3,8,320,2018,3,15,6,3,1,6,0,0,1,0,0,0,0,0,5.59695E+20,5.94013E+21,9.90221E+15,5.36066E+16
124114,2,5,4,512,2018,3,11,5,3,0,7,0,0,0,0,0,0,1,0,5.74977E+20,5.9364E+21,1.01322E+16,5.35711E+16
124115,2,3,7,319,2018,3,11,6,3,0,3,0,1,1,0,0,0,0,0,5.61112E+20,5.9429E+21,9.92417E+15,5.36314E+16
124116,2,3,5,317,2018,3,7,6,3,4,2,0,0,1,0,0,0,0,0,5.62423E+20,5.9387E+21,9.94315E+15,5.35934E+16
124117,2,5,18,526,2018,3,14,2,3,2,6,0,0,1,0,0,0,0,0,5.76061E+20,5.94022E+21,1.01495E+16,5.36052E+16
124118,2,2,4,214,2018,3,18,6,3,4,2,2,0,1,0,0,0,0,0,5.608E+20,5.93367E+21,9.91765E+15,5.35484E+16
124119,2,4,3,406,2018,3,14,6,3,2,6,0,0,1,0,0,0,0,0,5.64029E+20,5.9409E+21,9.96786E+15,5.3613E+16
124120,2,1,1,102,2018,4,13,5,3,3,2,0,1,1,0,0,0,0,0,5.66045E+20,5.93375E+21,9.99682E+15,5.35485E+16
124121,2,2,1,206,2018,3,9,3,3,5,3,0,1,1,0,0,0,0,0,5.62817E+20,5.93514E+21,9.94839E+15,5.35614E+16
124122,2,1,4,112,2018,3,4,6,3,6,6,2,1,0,1,0,0,0,0,5.63769E+20,5.9338E+21,9.96248E+15,5.35493E+16
124123,2,2,8,220,2018,4,7,5,3,1,6,0,0,1,0,0,0,1,1,5.5797E+20,5.93812E+21,9.87577E+15,5.35887E+16
124124,2,1,3,108,2018,3,23,6,3,4,2,2,0,1,0,0,0,0,0,5.65535E+20,5.93483E+21,9.98935E+15,5.35583E+16
124125,2,6,2,602,2018,4,4,1,2,9,1,2,0,1,0,0,0,0,0,5.78271E+20,5.92811E+21,1.01799E+16,5.34961E+16
124126,2,1,3,108,2018,3,18,6,3,2,6,0,0,1,0,0,0,0,0,5.65492E+20,5.93451E+21,9.98864E+15,5.35554E+16
124127,2,5,6,514,2018,3,19,5,3,5,3,2,0,1,0,0,0,0,0,5.73714E+20,5.9413E+21,1.01143E+16,5.36153E+16
124128,2,2,8,220,2018,3,8,5,3,2,6,0,0,1,0,0,0,1,2,5.58706E+20,5.9395E+21,9.88715E+15,5.36011E+16
124129,2,2,4,213,2018,3,12,6,3,0,7,0,0,1,0,0,0,1,0,5.61265E+20,5.93395E+21,9.92473E+15,5.35509E+16
124130,2,3,9,321,2018,3,18,5,2,6,4,2,0,1,1,0,0,0,0,5.61888E+20,5.93753E+21,9.93483E+15,5.35829E+16
124131,2,6,1,601,2018,3,14,1,3,2,6,0,0,1,0,0,0,0,0,5.79502E+20,5.92865E+21,1.01986E+16,5.35007E+16
124132,2,2,9,221,2018,3,9,5,3,0,7,0,0,0,0,0,0,1,0,5.56664E+20,5.93747E+21,9.85592E+15,5.3583E+16
124133,2,3,7,319,2018,4,20,4,3,0,7,2,0,0,0,1,0,0,1,5.60047E+20,5.94303E+21,9.90808E+15,5.36326E+16
124134,2,2,5,217,2018,3,16,5,3,2,6,0,0,1,0,0,0,0,0,5.59474E+20,5.93618E+21,9.89811E+15,5.35711E+16
124135,2,4,9,425,2018,3,21,7,2,5,3,2,0,1,0,0,0,0,1,5.70196E+20,5.93787E+21,1.00604E+16,5.35849E+16
124136,2,3,7,319,2018,3,15,5,3,5,3,0,0,1,0,0,0,0,0,5.60398E+20,5.9432E+21,9.91343E+15,5.36341E+16
124137,2,2,1,202,2018,3,19,5,3,0,7,2,0,1,0,1,0,0,0,5.62952E+20,5.93359E+21,9.95011E+15,5.35474E+16
124138,2,3,1,304,2018,3,22,4,2,6,3,2,0,1,1,0,0,0,1,5.62811E+20,5.93651E+21,9.94857E+15,5.35737E+16
124139,2,2,1,202,2018,3,14,5,3,2,6,0,0,1,0,0,0,0,0,5.6299E+20,5.93347E+21,9.95066E+15,5.35463E+16
124140,2,2,2,207,2018,4,17,1,3,5,3,0,1,1,0,0,0,0,0,5.63986E+20,5.93526E+21,9.96605E+15,5.35624E+16
124141,2,1,5,114,2018,3,17,5,3,0,7,0,1,1,0,0,0,0,0,5.67182E+20,5.93423E+21,1.00141E+16,5.35527E+16
124142,2,6,1,601,2018,3,17,4,3,2,6,1,0,1,0,0,0,0,0,5.79973E+20,5.92774E+21,1.02055E+16,5.34926E+16
124143,2,5,10,518,2018,3,7,4,3,5,3,0,1,1,0,0,0,0,1,5.73269E+20,5.9449E+21,1.01085E+16,5.36478E+16
124144,2,2,1,203,2018,3,7,6,3,2,6,0,0,1,0,0,0,0,0,5.62057E+20,5.93362E+21,9.93661E+15,5.35478E+16
124145,2,5,4,512,2018,3,17,4,3,2,6,0,0,1,0,0,0,0,0,5.74621E+20,5.93682E+21,1.0127E+16,5.35749E+16
124146,2,2,8,220,2018,4,7,6,3,5,2,0,1,1,0,0,0,0,0,5.57389E+20,5.93775E+21,9.86693E+15,5.35854E+16
124147,2,4,5,408,2018,3,1,1,3,1,5,2,1,1,0,0,0,0,1,5.66475E+20,5.93951E+21,1.00045E+16,5.36002E+16
124148,2,5,7,515,2018,3,12,4,3,1,5,0,0,1,0,0,0,0,0,5.70794E+20,5.93926E+21,1.00697E+16,5.35973E+16
124149,2,5,5,513,2018,4,13,3,2,2,6,0,0,1,1,0,0,0,0,5.72961E+20,5.93744E+21,1.0102E+16,5.35807E+16
124150,2,5,17,525,2018,3,16,4,3,0,3,0,0,1,0,1,0,0,0,5.76798E+20,5.94523E+21,1.01619E+16,5.36502E+16
124151,2,2,4,213,2018,3,8,7,3,1,5,0,0,1,0,0,0,1,0,5.6163E+20,5.93427E+21,9.9303E+15,5.35537E+16
124152,2,4,5,410,2018,3,9,4,3,5,3,0,1,1,0,0,0,0,0,5.66719E+20,5.93791E+21,1.00079E+16,5.35858E+16
124153,2,1,16,137,2018,3,14,4,3,2,6,0,0,1,0,0,1,0,1,5.64075E+20,5.92916E+21,9.96615E+15,5.35075E+16
124154,2,2,4,211,2018,3,16,6,3,4,2,0,1,1,0,0,0,0,0,5.61774E+20,5.93467E+21,9.93255E+15,5.35573E+16
124155,2,4,5,411,2018,3,8,4,3,3,6,0,0,1,0,0,0,1,0,5.6756E+20,5.93772E+21,1.00205E+16,5.3584E+16
124156,2,5,18,526,2018,4,16,5,2,4,2,0,0,1,0,0,0,0,0,5.76371E+20,5.94104E+21,1.01544E+16,5.36126E+16
124157,2,3,2,312,2018,3,18,6,3,5,3,2,0,1,0,0,0,0,0,5.65845E+20,5.9349E+21,9.99404E+15,5.35588E+16
124158,2,1,3,106,2018,3,13,4,3,3,6,0,0,1,0,0,0,1,0,5.64662E+20,5.9342E+21,9.97604E+15,5.35527E+16
124159,2,1,3,107,2018,4,15,6,3,2,6,0,0,1,0,1,0,0,0,5.65329E+20,5.9339E+21,9.98604E+15,5.35499E+16
124160,2,2,3,210,2018,3,22,7,2,6,7,2,0,0,1,0,0,1,0,5.61889E+20,5.93407E+21,9.93417E+15,5.35519E+16
124161,2,7,6,707,2018,3,13,3,3,6,2,0,0,1,1,0,0,0,1,5.65401E+20,5.9209E+21,9.98443E+15,5.34331E+16
124162,2,3,8,320,2018,4,5,3,3,1,5,2,0,1,0,0,0,0,1,5.59267E+20,5.94154E+21,9.89601E+15,5.36193E+16
124163,2,6,7,608,2018,3,19,3,3,0,6,2,0,1,1,0,0,0,0,5.73743E+20,5.92397E+21,1.01107E+16,5.34595E+16
124164,2,5,12,520,2018,3,16,3,3,4,7,0,0,1,0,0,0,0,0,5.69105E+20,5.94648E+21,1.00458E+16,5.36625E+16
124165,2,3,3,314,2018,3,19,6,3,6,4,0,0,0,1,0,0,1,0,5.64714E+20,5.93697E+21,9.9774E+15,5.35776E+16
124166,2,1,4,110,2018,3,6,6,2,5,3,1,1,1,0,0,0,0,0,5.63462E+20,5.93424E+21,9.95794E+15,5.35532E+16
124167,2,4,11,430,2018,3,0,3,3,8,1,2,0,1,0,0,0,0,1,5.68306E+20,5.94205E+21,1.00328E+16,5.36227E+16
124168,2,2,12,225,2018,3,11,3,3,5,3,0,1,1,0,0,0,0,0,5.54386E+20,5.93672E+21,9.82139E+15,5.35765E+16
124169,2,1,12,130,2018,3,16,5,2,0,3,0,0,1,0,1,0,0,1,5.73179E+20,5.93423E+21,1.01046E+16,5.35518E+16
124170,2,4,5,408,2018,3,16,3,2,6,4,0,1,0,1,0,0,0,0,5.65972E+20,5.93931E+21,9.9969E+15,5.35984E+16
124171,2,5,18,526,2018,3,17,6,3,8,1,0,0,1,0,0,0,0,0,5.77311E+20,5.93898E+21,1.01681E+16,5.3594E+16
124172,2,4,5,410,2018,4,7,5,3,4,2,0,1,1,0,0,0,0,1,5.66688E+20,5.93802E+21,1.00074E+16,5.35867E+16
124173,2,4,10,429,2018,3,18,3,3,5,3,0,0,1,0,0,0,1,0,5.68935E+20,5.93939E+21,1.00417E+16,5.35988E+16
124174,2,2,1,204,2018,4,21,2,3,3,6,2,0,1,0,0,0,0,1,5.62245E+20,5.93409E+21,9.93954E+15,5.3552E+16
124175,2,2,4,212,2018,3,13,3,3,2,2,0,0,1,0,0,0,0,0,5.60273E+20,5.93423E+21,9.90981E+15,5.35535E+16
124176,2,3,7,319,2018,3,11,3,3,8,7,0,0,1,0,0,0,0,0,5.60508E+20,5.94249E+21,9.91495E+15,5.36277E+16
124177,2,5,4,512,2018,3,14,5,3,6,4,0,0,1,1,0,0,0,0,5.74519E+20,5.93638E+21,1.01253E+16,5.3571E+16
124178,2,5,5,513,2018,3,17,5,3,1,6,0,0,1,0,0,0,0,0,5.74449E+20,5.93814E+21,1.01247E+16,5.35868E+16
124179,2,3,7,319,2018,3,16,3,3,4,2,0,0,1,0,0,0,0,0,5.60804E+20,5.94357E+21,9.91964E+15,5.36373E+16
124180,2,3,2,311,2018,4,18,3,3,2,6,0,0,1,0,0,0,0,0,5.6495E+20,5.93583E+21,9.98073E+15,5.35673E+16
124181,2,7,1,702,2018,3,19,2,3,6,2,2,0,1,1,0,0,0,1,5.65761E+20,5.92336E+21,9.99036E+15,5.34551E+16
124182,2,1,16,136,2018,3,11,2,3,1,5,0,0,1,0,0,0,1,1,5.67653E+20,5.92722E+21,1.00197E+16,5.34896E+16
124183,2,1,12,130,2018,3,17,5,2,2,6,0,0,1,0,0,0,0,1,5.73585E+20,5.93289E+21,1.01104E+16,5.35397E+16
124184,2,5,2,508,2018,3,6,5,3,5,3,0,0,1,0,0,0,0,1,5.72359E+20,5.93716E+21,1.00929E+16,5.35783E+16
124185,2,4,9,424,2018,3,13,2,2,0,5,0,0,1,0,0,0,1,1,5.70024E+20,5.93772E+21,1.00578E+16,5.35837E+16
124186,2,1,16,136,2018,3,7,2,3,5,3,0,1,1,0,0,0,0,0,5.6714E+20,5.92772E+21,1.00121E+16,5.34942E+16
124187,2,5,2,509,2018,3,9,5,3,5,3,0,0,1,0,0,0,0,1,5.71072E+20,5.93895E+21,1.00739E+16,5.35946E+16
124188,2,4,5,413,2018,3,8,2,3,1,5,0,1,1,0,0,0,0,0,5.6644E+20,5.9372E+21,1.00035E+16,5.35795E+16
124189,2,3,1,310,2018,4,23,5,3,4,2,2,0,1,0,0,0,0,0,5.63955E+20,5.9356E+21,9.96566E+15,5.35654E+16
124190,2,5,1,504,2018,3,13,2,3,0,7,0,0,1,0,0,1,0,1,5.70117E+20,5.93621E+21,1.00588E+16,5.357E+16
124191,2,1,1,101,2018,3,23,7,3,6,4,2,0,1,1,0,0,0,0,5.66659E+20,5.93397E+21,1.00061E+16,5.35503E+16
124192,2,5,9,517,2018,4,15,1,3,2,6,0,0,1,0,0,0,1,0,5.70555E+20,5.94399E+21,1.00672E+16,5.36399E+16
124193,2,4,10,426,2018,3,12,2,3,5,3,0,0,1,0,0,0,0,1,5.6989E+20,5.93859E+21,1.00559E+16,5.35915E+16
124194,2,5,1,501,2018,3,13,2,3,3,1,0,1,0,0,0,0,1,1,5.68675E+20,5.93566E+21,1.00369E+16,5.35653E+16
124195,2,2,2,207,2018,3,16,5,3,1,6,0,0,1,0,0,0,0,1,5.64036E+20,5.935E+21,9.96675E+15,5.356E+16
124196,2,5,8,516,2018,3,7,5,3,6,4,1,0,0,1,0,0,1,0,5.70112E+20,5.94061E+21,1.00597E+16,5.36096E+16
124197,2,2,4,212,2018,3,20,2,3,2,6,2,0,1,0,0,0,0,1,5.603E+20,5.93432E+21,9.91023E+15,5.35543E+16
124198,2,4,4,407,2018,4,12,6,3,5,2,0,0,1,0,0,0,0,0,5.66819E+20,5.94079E+21,1.001E+16,5.36116E+16
124199,2,5,6,514,2018,3,6,1,2,8,1,2,0,1,0,0,0,0,0,5.7297E+20,5.94019E+21,1.01028E+16,5.36055E+16
124200,2,5,10,518,2018,3,19,5,3,3,2,2,1,1,0,0,0,0,0,5.72757E+20,5.94532E+21,1.01008E+16,5.36516E+16
124201,2,4,3,406,2018,3,21,2,2,6,4,2,0,0,1,0,0,1,1,5.64381E+20,5.94087E+21,9.97317E+15,5.36127E+16
124202,2,1,2,103,2018,4,8,4,3,6,7,0,0,1,1,0,0,0,0,5.65879E+20,5.93278E+21,9.9941E+15,5.35398E+16
124203,2,3,1,302,2018,3,12,2,3,4,7,0,0,1,0,0,0,0,1,5.63022E+20,5.93746E+21,9.95195E+15,5.35822E+16
124204,2,3,6,318,2018,3,12,2,3,0,3,0,1,0,1,0,0,0,0,5.63212E+20,5.94222E+21,9.95579E+15,5.36249E+16
124205,2,4,5,411,2018,3,15,5,3,5,3,0,1,1,0,0,0,0,1,5.68233E+20,5.93801E+21,1.00308E+16,5.35865E+16
124206,2,3,4,315,2018,3,17,2,3,2,6,0,0,1,0,0,0,0,1,5.64374E+20,5.93741E+21,9.97236E+15,5.35816E+16
124207,2,1,13,131,2018,4,8,4,3,2,6,0,0,0,0,0,0,1,0,5.72615E+20,5.93195E+21,1.00955E+16,5.35314E+16
124208,2,2,1,203,2018,3,18,2,3,3,6,2,1,1,0,0,0,0,1,5.62045E+20,5.93402E+21,9.93651E+15,5.35514E+16
124209,2,5,2,508,2018,3,12,7,3,2,6,0,0,1,0,0,0,0,1,5.71961E+20,5.93708E+21,1.00869E+16,5.35777E+16
124210,2,6,2,602,2018,3,17,1,3,5,3,0,0,1,0,0,0,0,0,5.79377E+20,5.92592E+21,1.0196E+16,5.34763E+16
124211,2,1,13,131,2018,3,7,1,3,1,5,0,0,0,0,0,1,1,1,5.71905E+20,5.93195E+21,1.00848E+16,5.35315E+16
124212,2,4,10,426,2018,3,17,4,3,2,6,0,0,1,0,0,0,0,1,5.70061E+20,5.93846E+21,1.00585E+16,5.35903E+16
124213,2,4,6,415,2018,3,11,5,3,2,6,0,0,1,0,0,0,0,1,5.67875E+20,5.93574E+21,1.00249E+16,5.35662E+16
124214,2,1,5,113,2018,3,17,1,3,6,2,0,0,1,1,0,0,0,0,5.67884E+20,5.93434E+21,1.00247E+16,5.35536E+16
124215,2,4,1,402,2018,4,16,6,3,5,7,0,1,1,0,0,0,0,0,5.64595E+20,5.93779E+21,9.97578E+15,5.3585E+16
124216,2,1,16,137,2018,3,15,7,2,6,7,0,0,1,1,0,0,0,0,5.65641E+20,5.93008E+21,9.98995E+15,5.35155E+16
124217,2,5,4,512,2018,3,13,1,3,5,3,0,0,1,0,1,0,0,0,5.74421E+20,5.93622E+21,1.01238E+16,5.35695E+16
124218,2,5,18,526,2018,4,17,3,3,2,6,0,0,1,0,0,0,0,0,5.75969E+20,5.93799E+21,1.01476E+16,5.35853E+16
124219,2,4,12,431,2018,3,12,1,3,2,6,0,0,1,0,0,0,0,0,5.67097E+20,5.94298E+21,1.00147E+16,5.36313E+16
124220,2,1,16,136,2018,3,12,6,3,2,2,0,0,1,0,0,0,0,0,5.66933E+20,5.92797E+21,1.0009E+16,5.34964E+16
124221,2,4,7,416,2018,3,21,1,3,5,3,2,0,1,0,0,0,0,1,5.67263E+20,5.93535E+21,1.00155E+16,5.35627E+16
124222,2,3,8,320,2018,3,16,7,3,2,6,0,0,1,0,0,0,0,1,5.60543E+20,5.93952E+21,9.91491E+15,5.3601E+16
124223,2,4,2,403,2018,3,19,1,2,1,5,2,1,1,0,0,0,0,0,5.64457E+20,5.93814E+21,9.97376E+15,5.35881E+16
124224,2,2,2,207,2018,3,1,1,3,8,1,2,0,1,0,0,0,0,1,5.63646E+20,5.93497E+21,9.96086E+15,5.35597E+16
124225,2,1,1,101,2018,3,18,4,3,2,6,0,0,1,0,0,0,0,1,5.66475E+20,5.93393E+21,1.00033E+16,5.35501E+16
124226,2,4,8,420,2018,3,16,5,2,6,4,0,0,1,1,0,0,0,1,5.68066E+20,5.93677E+21,1.0028E+16,5.35754E+16
124227,2,7,9,710,2018,3,14,7,3,0,7,0,0,0,0,0,0,1,1,5.63792E+20,5.92353E+21,9.96073E+15,5.34569E+16
124228,2,6,1,601,2018,4,15,5,3,1,5,0,0,1,0,0,0,0,1,5.79179E+20,5.92771E+21,1.01935E+16,5.34924E+16
124229,2,1,4,112,2018,3,21,7,3,1,7,2,0,1,0,0,0,1,0,5.64343E+20,5.93364E+21,9.97111E+15,5.35477E+16
124230,2,1,5,114,2018,3,22,5,3,3,6,2,0,1,0,0,0,0,1,5.67125E+20,5.93428E+21,1.00132E+16,5.35531E+16
124231,2,1,12,130,2018,3,18,7,3,2,4,1,0,1,1,0,0,0,1,5.73286E+20,5.93318E+21,1.0106E+16,5.35424E+16
124232,2,2,11,223,2018,4,11,3,3,6,4,0,0,1,1,0,0,0,0,5.53803E+20,5.93531E+21,9.81233E+15,5.35639E+16
124233,2,5,18,526,2018,3,13,7,2,4,2,0,0,1,0,0,0,0,1,5.75771E+20,5.93986E+21,1.01451E+16,5.3602E+16
124234,2,5,2,509,2018,3,3,7,1,4,2,2,0,1,0,1,0,0,0,5.71994E+20,5.93861E+21,1.00877E+16,5.35914E+16
124235,2,7,1,702,2018,3,20,5,3,5,3,2,0,1,0,0,1,0,1,5.66328E+20,5.9243E+21,9.99909E+15,5.34635E+16
124236,2,4,8,421,2018,3,9,5,3,5,3,0,1,1,0,0,0,0,1,5.68768E+20,5.93709E+21,1.00386E+16,5.35782E+16
124237,2,5,7,515,2018,3,11,7,3,3,6,0,0,1,0,0,0,0,1,5.71506E+20,5.94175E+21,1.00811E+16,5.36197E+16
124238,2,2,5,215,2018,3,10,3,3,2,6,0,0,1,0,0,0,0,0,5.61288E+20,5.9364E+21,9.92556E+15,5.35728E+16
124239,2,2,4,212,2018,3,18,5,3,3,6,1,1,1,0,0,0,0,1,5.60359E+20,5.93379E+21,9.91102E+15,5.35495E+16
124240,2,5,17,525,2018,3,14,7,3,4,6,0,1,1,0,0,0,0,1,5.78371E+20,5.94623E+21,1.01859E+16,5.36589E+16
124241,2,3,9,321,2018,4,9,5,3,2,2,0,0,1,0,0,1,0,1,5.61987E+20,5.93642E+21,9.93611E+15,5.3573E+16
124242,2,5,10,518,2018,3,18,7,3,6,6,1,1,0,1,0,0,0,0,5.75238E+20,5.94562E+21,1.01384E+16,5.36539E+16
124243,2,5,8,516,2018,3,17,3,3,5,7,0,0,1,0,0,0,0,0,5.69167E+20,5.94043E+21,1.00454E+16,5.36081E+16
124244,2,2,1,202,2018,3,10,7,3,5,3,0,0,1,0,0,0,0,1,5.6262E+20,5.93344E+21,9.94507E+15,5.35461E+16
124245,2,5,16,524,2018,4,11,5,3,1,6,0,0,1,0,0,0,0,0,5.7459E+20,5.94763E+21,1.01291E+16,5.36721E+16
124246,2,2,2,207,2018,3,22,7,3,4,6,2,0,1,0,0,0,0,1,5.63698E+20,5.93524E+21,9.96171E+15,5.35622E+16
124247,2,7,9,710,2018,4,16,2,3,5,7,0,0,1,0,1,0,0,0,5.61122E+20,5.92091E+21,9.92002E+15,5.34337E+16
124248,2,1,6,115,2018,3,0,7,3,5,3,2,1,1,0,0,0,0,0,5.67255E+20,5.93385E+21,1.00151E+16,5.35492E+16
124249,2,7,13,714,2018,3,14,6,3,0,3,0,0,1,0,0,0,1,0,5.58071E+20,5.92551E+21,9.87495E+15,5.34754E+16
124250,2,5,5,513,2018,3,16,5,3,2,6,0,0,1,0,0,0,0,0,5.74796E+20,5.93865E+21,1.013E+16,5.35913E+16
124251,2,6,1,601,2018,3,18,6,3,5,7,1,1,1,0,0,0,0,0,5.79872E+20,5.92997E+21,1.02045E+16,5.35126E+16
124252,2,1,12,130,2018,3,14,2,3,2,6,0,0,1,0,0,0,0,0,5.76094E+20,5.93336E+21,1.01484E+16,5.35436E+16
124253,2,5,2,508,2018,3,18,6,3,0,7,2,0,1,0,0,0,1,0,5.72941E+20,5.93763E+21,1.01018E+16,5.35825E+16
124254,2,1,1,101,2018,4,20,5,3,3,2,2,0,1,0,0,0,0,0,5.66669E+20,5.93374E+21,1.00062E+16,5.35483E+16
124255,2,5,4,512,2018,3,11,6,3,2,6,0,0,1,0,0,0,0,1,5.75574E+20,5.93635E+21,1.01412E+16,5.35705E+16
124256,2,3,3,313,2018,4,23,1,3,3,6,2,0,1,0,0,0,1,0,5.64756E+20,5.93687E+21,9.97802E+15,5.35767E+16
124257,2,4,11,430,2018,3,15,6,3,3,7,0,0,1,0,0,0,0,0,5.68153E+20,5.9424E+21,1.00305E+16,5.3626E+16
124258,2,4,5,410,2018,3,14,6,3,5,2,0,0,1,0,1,0,0,0,5.66474E+20,5.93819E+21,1.00042E+16,5.35884E+16
124259,2,1,16,136,2018,4,3,1,3,9,1,2,0,1,0,0,0,0,1,5.66812E+20,5.92618E+21,1.00068E+16,5.34804E+16
124260,2,5,1,503,2018,3,5,6,3,6,4,2,0,1,1,0,0,0,0,5.69387E+20,5.93567E+21,1.00477E+16,5.35653E+16
124261,2,4,10,426,2018,3,13,6,3,5,3,0,0,1,0,0,0,0,0,5.69514E+20,5.93794E+21,1.00501E+16,5.35857E+16
124262,2,5,12,520,2018,3,10,5,3,6,2,0,0,1,1,0,0,0,1,5.68572E+20,5.94409E+21,1.00372E+16,5.36411E+16
124263,2,3,5,317,2018,3,10,6,3,0,7,0,1,1,0,0,0,0,0,5.63297E+20,5.939E+21,9.95641E+15,5.3596E+16
124264,2,2,1,201,2018,3,13,2,3,1,5,0,1,1,0,0,0,0,0,5.63484E+20,5.93344E+21,9.95811E+15,5.3546E+16
124265,2,2,4,214,2018,3,18,6,2,2,2,2,0,1,0,0,0,0,0,5.61341E+20,5.93346E+21,9.92578E+15,5.35465E+16
124266,2,4,13,432,2018,4,21,4,3,6,2,2,0,1,1,0,0,0,1,5.66775E+20,5.94493E+21,1.00102E+16,5.36488E+16
124267,2,1,20,141,2018,3,13,5,3,5,3,0,0,1,0,0,0,0,0,5.57321E+20,5.93238E+21,9.86491E+15,5.35372E+16
124268,2,5,2,509,2018,3,15,7,3,5,3,0,1,1,0,0,0,0,1,5.71222E+20,5.93836E+21,1.0076E+16,5.35893E+16
124269,2,1,7,120,2018,3,19,5,3,5,3,2,1,1,0,0,0,0,1,5.68312E+20,5.93472E+21,1.00312E+16,5.35569E+16
124270,2,5,6,514,2018,3,7,5,3,5,3,1,0,1,0,0,0,0,1,5.73811E+20,5.94084E+21,1.01157E+16,5.36112E+16
124271,2,3,7,319,2018,3,15,4,3,6,4,0,0,0,1,0,0,1,1,5.61206E+20,5.94502E+21,9.92601E+15,5.36503E+16
124272,2,6,1,601,2018,3,12,6,3,4,2,0,0,1,0,0,0,0,0,5.80202E+20,5.93001E+21,1.02095E+16,5.35129E+16