OBJECTID_1,ULAND,UREGBEZ,UKREIS,UGEMEINDE,UJAHR,UMONAT,USTUNDE,UWOCHENTAG,UKATEGORIE,UART,UTYP1,ULICHTVERH,IstRad,IstPKW,IstFuss,IstKrad,IstGkfz,IstSonstig,STRZUSTAND,LINREFX,LINREFY,XGCSWGS84,YGCSWGS84
124273,2,4,11,430,2018,3,12,5,3,2,6,0,0,1,0,0,0,0,0,5.69503E+20,5.94341E+21,1.00511E+16,5.36348E+16
124274,2,1,4,111,2018,4,17,6,3,3,6,0,0,1,0,0,0,0,0,5.63945E+20,5.93401E+21,9.96518E+15,5.35511E+16
124275,2,2,7,219,2018,3,15,7,3,5,2,0,0,1,0,0,0,0,0,5.59001E+20,5.9341E+21,9.89058E+15,5.35524E+16
124276,2,4,12,431,2018,3,19,5,3,6,4,2,0,1,1,0,0,0,1,5.66987E+20,5.94252E+21,1.00129E+16,5.36272E+16
124277,2,5,7,515,2018,3,15,4,3,5,3,0,0,1,0,0,0,0,1,5.72603E+20,5.94182E+21,1.00977E+16,5.36201E+16
124278,2,3,9,321,2018,3,13,5,3,2,7,0,0,1,0,0,0,1,0,5.60659E+20,5.93941E+21,9.91664E+15,5.36E+16
124279,2,4,5,409,2018,4,20,6,3,2,6,2,0,1,0,0,0,0,0,5.68352E+20,5.93852E+21,1.00327E+16,5.35911E+16
124280,2,4,13,432,2018,3,15,1,3,2,6,0,0,1,0,0,0,0,0,5.67375E+20,5.94542E+21,1.00194E+16,5.36532E+16
124281,2,2,8,220,2018,3,18,5,1,6,4,2,0,1,1,0,0,0,1,5.57096E+20,5.9391E+21,9.86275E+15,5.35976E+16
124282,2,5,18,526,2018,4,7,3,3,5,3,0,1,1,0,0,0,0,0,5.75904E+20,5.93971E+21,1.0147E+16,5.36007E+16
124283,2,2,8,220,2018,3,16,5,3,5,7,0,0,1,0,0,0,0,0,5.57839E+20,5.93794E+21,9.87375E+15,5.35871E+16
124284,2,2,4,211,2018,3,12,7,3,0,2,0,0,1,1,0,0,0,1,5.6149E+20,5.93454E+21,9.92823E+15,5.35561E+16
124285,2,2,8,220,2018,3,13,5,3,5,3,0,0,1,0,0,0,0,0,5.58231E+20,5.93757E+21,9.87961E+15,5.35838E+16
124286,2,1,1,101,2018,3,16,4,3,6,7,0,0,0,1,0,0,1,1,5.66156E+20,5.934E+21,9.99855E+15,5.35508E+16
124287,2,2,8,220,2018,3,12,5,3,1,6,0,0,1,0,0,0,1,0,5.58474E+20,5.93876E+21,9.8835E+15,5.35944E+16
124288,2,1,14,133,2018,4,11,5,3,2,2,0,0,1,0,0,0,0,0,5.68866E+20,5.93199E+21,1.0039E+16,5.35323E+16
124289,2,1,16,136,2018,3,15,4,3,2,6,0,0,1,0,0,0,0,1,5.67642E+20,5.93026E+21,1.00202E+16,5.35169E+16
124290,2,2,7,219,2018,3,17,5,3,1,6,1,0,1,0,0,0,0,1,5.5854E+20,5.93344E+21,9.88351E+15,5.35466E+16
124291,2,2,4,213,2018,4,8,3,3,5,3,0,1,1,0,0,0,0,1,5.6144E+20,5.9339E+21,9.92736E+15,5.35504E+16
124292,2,1,6,116,2018,4,15,6,3,3,2,0,1,0,0,0,0,1,0,5.67472E+20,5.93379E+21,1.00184E+16,5.35487E+16
124293,2,5,12,520,2018,4,8,5,3,5,2,0,1,1,0,0,0,0,0,5.69352E+20,5.94471E+21,1.00492E+16,5.36465E+16
124294,2,2,8,220,2018,4,8,3,3,2,6,0,0,1,0,0,0,0,0,5.58459E+20,5.93872E+21,9.88327E+15,5.35941E+16
124295,2,1,8,122,2018,4,12,6,3,2,6,0,0,1,0,0,1,0,1,5.69357E+20,5.93487E+21,1.0047E+16,5.35582E+16
124296,2,7,13,714,2018,4,15,3,3,1,6,0,0,1,0,0,0,0,0,5.59068E+20,5.92581E+21,9.89003E+15,5.34779E+16
124297,2,2,5,217,2018,4,16,1,3,5,3,0,0,1,0,0,0,0,0,5.59045E+20,5.9365E+21,9.8917E+15,5.35741E+16
124298,2,5,10,518,2018,4,11,7,2,8,1,0,0,1,0,0,0,0,1,5.74543E+20,5.94428E+21,1.01276E+16,5.36419E+16
124299,2,5,6,514,2018,4,10,6,3,5,2,0,1,1,0,0,0,0,0,5.7391E+20,5.94005E+21,1.0117E+16,5.36041E+16
124300,2,1,14,132,2018,4,20,6,3,5,2,2,1,1,0,0,0,0,0,5.69683E+20,5.93307E+21,1.00516E+16,5.35419E+16
124301,2,5,3,511,2018,4,16,6,3,5,3,0,0,1,0,0,0,0,0,5.72628E+20,5.93614E+21,1.00967E+16,5.35691E+16
124302,2,3,8,320,2018,4,16,6,3,5,3,0,1,0,0,0,0,1,0,5.59462E+20,5.94002E+21,9.89867E+15,5.36056E+16
124303,2,5,7,515,2018,4,17,6,3,5,2,0,0,1,0,0,0,0,0,5.71678E+20,5.94208E+21,1.00837E+16,5.36226E+16
124304,2,1,3,108,2018,4,19,5,3,5,2,0,1,0,0,1,0,0,0,5.64906E+20,5.93454E+21,9.9798E+15,5.35557E+16
124305,2,1,16,136,2018,4,13,2,3,5,2,0,0,1,0,0,0,0,0,5.67334E+20,5.93043E+21,1.00156E+16,5.35185E+16
124306,2,5,10,518,2018,4,13,6,3,2,6,0,0,1,0,0,1,1,1,5.73171E+20,5.9456E+21,1.01071E+16,5.3654E+16
124307,2,6,2,603,2018,4,15,7,3,2,6,0,0,1,0,0,0,0,0,5.80223E+20,5.92666E+21,1.02089E+16,5.34828E+16
124308,2,7,16,717,2018,4,7,6,3,2,6,0,0,1,0,0,0,0,0,5.54488E+20,5.93113E+21,9.82195E+15,5.35263E+16
124309,2,4,10,426,2018,4,20,6,3,3,2,2,1,0,0,0,0,0,1,5.69499E+20,5.93866E+21,1.005E+16,5.35922E+16
124310,2,4,10,426,2018,4,15,6,3,6,4,0,0,0,1,0,0,1,0,5.69874E+20,5.93857E+21,1.00557E+16,5.35913E+16
124311,2,5,18,526,2018,4,12,3,3,5,3,0,1,0,0,0,0,0,0,5.75751E+20,5.93832E+21,1.01444E+16,5.35882E+16
124312,2,3,2,312,2018,4,18,1,3,3,2,0,0,1,0,1,0,0,0,5.65663E+20,5.93513E+21,9.99134E+15,5.35609E+16
124313,2,2,4,211,2018,4,11,7,3,1,5,0,0,1,0,0,0,0,1,5.61662E+20,5.93462E+21,9.93085E+15,5.35569E+16
124314,2,5,18,526,2018,4,9,2,3,5,3,0,1,1,0,0,0,0,0,5.76333E+20,5.94126E+21,1.01539E+16,5.36146E+16
124315,2,4,6,415,2018,4,11,6,3,3,6,0,0,1,0,0,1,0,0,5.6799E+20,5.93607E+21,1.00267E+16,5.35691E+16
124316,2,1,6,118,2018,4,17,6,3,3,6,0,0,1,0,1,0,0,0,5.68622E+20,5.9336E+21,1.00357E+16,5.35468E+16
124317,2,4,8,419,2018,4,13,6,3,2,6,0,0,1,0,0,0,0,1,5.67949E+20,5.93735E+21,1.00263E+16,5.35806E+16
124318,2,4,1,402,2018,4,9,6,3,3,6,0,1,0,0,0,0,1,0,5.64157E+20,5.93794E+21,9.96919E+15,5.35864E+16
124319,2,2,8,220,2018,4,13,6,3,5,3,0,0,1,0,0,0,0,1,5.5832E+20,5.93863E+21,9.88115E+15,5.35932E+16
124320,2,6,1,601,2018,4,7,4,3,5,2,0,1,1,0,0,0,0,0,5.79479E+20,5.92775E+21,1.0198E+16,5.34927E+16
124321,2,1,14,132,2018,4,9,2,3,2,6,0,0,1,0,0,0,1,0,5.69108E+20,5.93287E+21,1.00428E+16,5.35402E+16
124322,2,3,1,309,2018,4,21,6,3,3,2,2,0,1,0,0,0,0,1,5.63803E+20,5.93605E+21,9.96345E+15,5.35694E+16
124323,2,5,7,515,2018,4,7,7,3,4,6,0,0,1,0,0,0,0,0,5.73241E+20,5.94287E+21,1.01075E+16,5.36295E+16
124324,2,1,11,128,2018,4,16,6,3,5,3,0,0,1,0,0,0,0,0,5.71917E+20,5.93415E+21,1.00855E+16,5.35513E+16
124325,2,3,4,315,2018,4,20,6,3,5,3,2,0,1,0,1,0,0,1,5.64057E+20,5.93722E+21,9.96754E+15,5.35799E+16
124326,2,5,11,519,2018,4,18,3,3,3,6,0,0,1,0,1,0,0,0,5.7157E+20,5.9458E+21,1.0083E+16,5.3656E+16
124327,2,3,5,317,2018,4,7,6,3,0,7,0,1,0,0,0,0,0,0,5.6333E+20,5.93805E+21,9.95672E+15,5.35875E+16
124328,2,1,16,137,2018,4,7,5,3,6,6,0,1,0,1,0,0,0,0,5.6572E+20,5.92895E+21,9.99091E+15,5.35053E+16
124329,2,2,1,203,2018,4,11,6,3,1,7,0,1,1,0,0,0,0,0,5.62466E+20,5.93399E+21,9.94286E+15,5.35511E+16
124330,2,1,12,130,2018,4,20,3,3,5,3,0,1,1,0,0,0,0,1,5.73585E+20,5.93288E+21,1.01104E+16,5.35397E+16
124331,2,1,4,111,2018,4,14,6,3,0,7,0,1,1,0,0,0,0,1,5.64452E+20,5.93435E+21,9.9729E+15,5.35541E+16
124332,2,1,3,106,2018,4,15,6,3,4,6,0,1,0,0,0,0,0,0,5.6487E+20,5.9345E+21,9.97924E+15,5.35554E+16
124333,2,1,3,108,2018,4,9,6,3,6,4,0,0,1,1,0,0,0,0,5.65451E+20,5.9345E+21,9.988E+15,5.35553E+16
124334,2,1,2,104,2018,4,7,4,3,5,3,0,1,1,0,0,0,0,0,5.68095E+20,5.93215E+21,1.00274E+16,5.35338E+16
124335,2,5,12,520,2018,4,9,2,2,6,4,0,0,0,1,0,1,0,0,5.69159E+20,5.94475E+21,1.00462E+16,5.36469E+16
124336,2,1,18,139,2018,4,13,6,2,1,6,0,0,1,0,0,1,0,1,5.64304E+20,5.93025E+21,9.96983E+15,5.35173E+16
124337,2,3,8,320,2018,4,17,7,3,6,6,0,1,0,1,0,0,0,0,5.59606E+20,5.93857E+21,9.90056E+15,5.35926E+16
124338,2,7,14,715,2018,4,17,5,3,2,6,0,0,1,0,0,0,0,0,5.57098E+20,5.92566E+21,9.86032E+15,5.34768E+16
124339,2,1,16,137,2018,4,16,5,3,6,4,0,0,1,1,0,0,0,0,5.65402E+20,5.92903E+21,9.98612E+15,5.35062E+16
124340,2,1,16,136,2018,4,8,5,3,5,3,0,0,1,0,0,0,0,0,5.67578E+20,5.92742E+21,1.00186E+16,5.34914E+16
124341,2,5,6,514,2018,4,18,5,2,5,3,0,1,1,0,0,0,0,0,5.73675E+20,5.93956E+21,1.01133E+16,5.35997E+16
124342,2,2,12,225,2018,4,11,3,3,1,7,0,0,1,0,0,0,1,0,5.54377E+20,5.93668E+21,9.82124E+15,5.35762E+16
124343,2,6,6,607,2018,4,10,5,3,1,6,0,0,1,0,0,0,0,0,5.78088E+20,5.9184E+21,1.01747E+16,5.34089E+16
124344,2,2,7,219,2018,4,7,4,3,5,3,0,0,1,0,1,0,0,0,5.5916E+20,5.9341E+21,9.89298E+15,5.35525E+16
124345,2,5,2,507,2018,4,21,1,3,0,7,2,0,0,0,1,0,0,0,5.70894E+20,5.93652E+21,1.00706E+16,5.35727E+16
124346,2,5,18,526,2018,4,16,5,3,5,3,0,0,1,0,0,0,0,0,5.76276E+20,5.93925E+21,1.01525E+16,5.35965E+16
124347,2,5,14,522,2018,4,9,4,3,0,7,0,0,1,0,1,0,0,0,5.73102E+20,5.95148E+21,1.01075E+16,5.37069E+16
124348,2,1,4,112,2018,4,8,2,3,3,6,0,0,1,0,0,0,1,0,5.6378E+20,5.9335E+21,9.96259E+15,5.35465E+16
124349,2,4,10,429,2018,4,19,5,3,4,2,0,1,1,0,0,0,0,0,5.68762E+20,5.94025E+21,1.00393E+16,5.36066E+16
124350,2,1,5,114,2018,4,16,7,3,6,4,0,0,1,1,0,0,0,0,5.67248E+20,5.93456E+21,1.00152E+16,5.35556E+16
124351,2,5,10,518,2018,4,13,5,3,0,7,0,0,1,0,0,1,0,0,5.73485E+20,5.94551E+21,1.01119E+16,5.36532E+16
124352,2,5,7,515,2018,4,17,6,3,2,2,0,1,0,0,0,0,0,0,5.72425E+20,5.94031E+21,1.00946E+16,5.36066E+16
124353,2,5,12,520,2018,4,16,5,3,2,6,0,0,1,0,0,0,1,0,5.69908E+20,5.94409E+21,1.00574E+16,5.36409E+16
124354,2,1,6,116,2018,4,8,6,3,5,3,0,1,1,0,0,0,0,0,5.67667E+20,5.93389E+21,1.00213E+16,5.35495E+16
124355,2,4,5,409,2018,4,7,5,3,5,3,0,0,1,0,0,0,0,0,5.68439E+20,5.93916E+21,1.00341E+16,5.35968E+16
124356,2,4,12,431,2018,4,7,5,3,3,5,0,1,1,0,0,0,0,0,5.66993E+20,5.94275E+21,1.00131E+16,5.36292E+16
124357,2,3,5,317,2018,4,23,3,3,3,6,2,0,1,0,0,0,0,1,5.63639E+20,5.9394E+21,9.96167E+15,5.35996E+16
124358,2,4,8,421,2018,4,16,5,3,2,6,0,0,1,0,0,0,1,0,5.68924E+20,5.93732E+21,1.00411E+16,5.35802E+16
124359,2,1,16,137,2018,4,6,3,3,5,3,0,0,1,0,0,0,0,1,5.66039E+20,5.9259E+21,9.99507E+15,5.34779E+16
124360,2,2,3,210,2018,4,14,1,3,3,2,0,1,1,0,0,0,0,0,5.6201E+20,5.9345E+21,9.93607E+15,5.35557E+16
124361,2,3,9,321,2018,4,15,7,3,5,3,0,1,1,0,0,0,0,1,5.62726E+20,5.93754E+21,9.94749E+15,5.3583E+16
124362,2,5,4,512,2018,4,19,2,3,5,3,0,0,1,0,0,0,0,0,5.73237E+20,5.93653E+21,1.0106E+16,5.35725E+16
124363,2,3,9,321,2018,4,16,5,3,5,2,0,0,1,0,1,0,0,0,5.60868E+20,5.93922E+21,9.91976E+15,5.35983E+16
124364,2,1,7,120,2018,4,13,6,3,1,5,0,1,1,0,0,0,0,0,5.68096E+20,5.93467E+21,1.0028E+16,5.35565E+16
124365,2,3,8,320,2018,4,20,5,3,0,7,2,1,0,0,0,0,0,0,5.59988E+20,5.94121E+21,9.90685E+15,5.36163E+16
124366,2,3,6,318,2018,4,20,6,3,6,4,1,0,1,1,0,0,0,0,5.6402E+20,5.94278E+21,9.96811E+15,5.36299E+16
124367,2,3,2,312,2018,4,12,5,3,2,6,0,0,1,0,0,0,0,0,5.65541E+20,5.9352E+21,9.98952E+15,5.35616E+16
124368,2,7,15,716,2018,4,15,4,3,4,6,0,0,0,0,1,0,1,0,5.56402E+20,5.92913E+21,9.85046E+15,5.35081E+16
124369,2,1,12,130,2018,4,6,6,3,1,7,0,0,1,0,0,0,0,0,5.72848E+20,5.93273E+21,1.00992E+16,5.35384E+16
124370,2,7,1,702,2018,4,5,2,3,2,6,2,0,1,0,0,0,0,0,5.65582E+20,5.92303E+21,9.98759E+15,5.34522E+16
124371,2,1,4,109,2018,4,18,5,3,5,2,0,1,0,0,0,1,0,0,5.64616E+20,5.9351E+21,9.97553E+15,5.35608E+16
124372,2,4,5,413,2018,4,17,6,3,4,6,0,1,0,0,0,0,0,0,5.66465E+20,5.93704E+21,1.00039E+16,5.3578E+16
124373,2,1,5,114,2018,4,15,5,3,0,7,0,0,0,0,1,0,1,0,5.67038E+20,5.93469E+21,1.0012E+16,5.35568E+16
124374,2,2,1,206,2018,4,15,5,3,3,7,0,0,1,0,0,0,0,0,5.63237E+20,5.93512E+21,9.95472E+15,5.35611E+16
124375,2,7,9,710,2018,4,8,2,3,2,6,0,0,1,0,0,0,0,0,5.61299E+20,5.92079E+21,9.92266E+15,5.34325E+16
124376,2,1,8,125,2018,4,12,4,3,5,3,0,0,1,0,0,0,0,0,5.7042E+20,5.93446E+21,1.0063E+16,5.35543E+16
124377,2,2,10,222,2018,4,13,3,3,5,3,0,0,1,0,1,0,0,0,5.56411E+20,5.93373E+21,9.85143E+15,5.35494E+16
124378,2,7,2,703,2018,4,19,7,2,8,1,0,0,0,0,1,0,0,0,5.68104E+20,5.92525E+21,1.0026E+16,5.34718E+16
124379,2,3,3,314,2018,4,19,7,3,2,6,0,0,1,0,0,0,0,1,5.65286E+20,5.9373E+21,9.9861E+15,5.35804E+16
124380,2,5,2,508,2018,4,16,2,3,2,6,0,0,1,0,0,0,0,1,5.72942E+20,5.93764E+21,1.01018E+16,5.35826E+16
124381,2,5,18,526,2018,4,18,4,3,5,3,0,1,1,0,0,0,0,0,5.76098E+20,5.94169E+21,1.01505E+16,5.36185E+16
124382,2,7,9,710,2018,4,8,3,3,5,3,0,1,0,1,0,0,0,0,5.63399E+20,5.92308E+21,9.95473E+15,5.34529E+16
124383,2,5,5,513,2018,4,19,4,3,5,3,0,0,1,0,0,0,0,0,5.72721E+20,5.93842E+21,1.00986E+16,5.35895E+16
124384,2,3,2,312,2018,4,14,6,3,0,7,0,0,1,0,0,0,0,0,5.65476E+20,5.93577E+21,9.98865E+15,5.35667E+16
124385,2,5,7,515,2018,4,21,4,2,6,2,2,0,1,1,0,0,0,0,5.72516E+20,5.94169E+21,1.00963E+16,5.3619E+16
124386,2,1,12,130,2018,4,12,4,3,8,7,0,0,1,0,0,0,0,0,5.73597E+20,5.93276E+21,1.01106E+16,5.35386E+16
124387,2,5,18,526,2018,4,8,2,3,5,3,0,1,1,0,0,0,0,0,5.76512E+20,5.93997E+21,1.01563E+16,5.3603E+16
124388,2,5,7,515,2018,4,17,4,3,4,6,0,0,1,0,0,0,1,0,5.72758E+20,5.94187E+21,1.01E+16,5.36206E+16
124389,2,4,13,432,2018,4,10,7,3,5,3,0,0,1,0,1,0,0,0,5.66255E+20,5.94621E+21,1.00026E+16,5.36604E+16
124390,2,5,11,519,2018,4,13,4,3,9,7,0,0,1,0,0,0,0,0,5.70386E+20,5.94804E+21,1.00656E+16,5.36763E+16
124391,2,1,13,131,2018,4,16,2,3,3,6,0,0,1,0,0,1,0,0,5.72336E+20,5.92987E+21,1.00908E+16,5.35128E+16
124392,2,5,11,519,2018,4,16,4,2,5,7,0,0,1,0,0,0,0,0,5.70335E+20,5.94433E+21,1.00639E+16,5.3643E+16
124393,2,1,11,129,2018,4,18,7,3,1,6,0,0,1,0,0,0,0,0,5.72896E+20,5.93398E+21,1.01003E+16,5.35497E+16
124394,2,1,15,134,2018,4,9,6,3,1,6,0,0,1,0,0,1,0,0,5.67215E+20,5.93073E+21,1.00138E+16,5.35212E+16
124395,2,4,13,432,2018,4,7,4,3,3,2,0,1,0,0,0,0,0,0,5.67072E+20,5.94499E+21,1.00147E+16,5.36494E+16
124396,2,1,14,133,2018,4,8,3,3,1,7,0,1,1,0,0,0,0,0,5.69049E+20,5.93229E+21,1.00418E+16,5.3535E+16
124397,2,4,10,427,2018,4,7,4,3,5,3,0,1,1,0,0,0,0,1,5.68769E+20,5.93799E+21,1.00389E+16,5.35863E+16
124398,2,1,18,139,2018,4,8,6,3,2,6,0,0,0,0,0,1,0,0,5.63403E+20,5.93036E+21,9.95626E+15,5.35183E+16
124399,2,4,8,422,2018,4,11,4,3,6,7,0,0,1,1,0,0,0,0,5.68842E+20,5.93674E+21,1.00397E+16,5.3575E+16
124400,2,5,2,508,2018,4,16,4,3,2,6,0,0,1,0,0,0,0,0,5.71915E+20,5.93707E+21,1.00862E+16,5.35775E+16
124401,2,2,12,225,2018,4,16,2,3,5,3,0,0,1,0,0,0,1,0,5.54481E+20,5.93722E+21,9.82291E+15,5.3581E+16
124402,2,4,8,421,2018,4,13,4,3,5,3,0,0,1,0,0,0,0,0,5.69271E+20,5.93765E+21,1.00464E+16,5.35831E+16
124403,2,5,2,505,2018,4,15,2,3,5,3,0,0,1,0,0,0,0,0,5.70197E+20,5.93639E+21,1.00601E+16,5.35717E+16
124404,2,1,15,134,2018,4,17,3,3,3,6,0,1,1,0,0,0,0,0,5.67551E+20,5.93158E+21,1.00191E+16,5.35288E+16
124405,2,2,2,207,2018,4,17,7,3,3,6,0,1,1,0,0,0,0,0,5.63867E+20,5.93473E+21,9.96415E+15,5.35576E+16
124406,2,2,10,222,2018,4,7,4,3,0,7,0,0,1,1,0,1,1,0,5.56313E+20,5.93448E+21,9.85009E+15,5.35561E+16
124407,2,5,6,514,2018,4,7,6,3,6,7,0,0,1,1,0,0,0,0,5.74561E+20,5.93985E+21,1.01268E+16,5.36021E+16
124408,2,2,11,223,2018,4,11,4,3,1,5,0,1,0,0,0,0,1,0,5.51943E+20,5.935E+21,9.78421E+15,5.35613E+16
124409,2,2,8,220,2018,4,17,4,3,5,3,0,0,1,0,0,0,0,0,5.57983E+20,5.93809E+21,9.87596E+15,5.35884E+16
124410,2,5,4,512,2018,4,7,5,3,5,3,0,1,1,0,0,0,0,0,5.73975E+20,5.93672E+21,1.01172E+16,5.35742E+16
124411,2,4,2,403,2018,4,16,4,3,5,3,0,1,1,0,0,0,0,0,5.65357E+20,5.93844E+21,9.98741E+15,5.35907E+16
124412,2,3,3,313,2018,4,12,4,3,1,6,0,0,1,0,0,0,0,0,5.64728E+20,5.93695E+21,9.9776E+15,5.35774E+16
124413,2,6,1,601,2018,4,16,5,2,1,5,0,0,1,0,0,0,0,0,5.80212E+20,5.92786E+21,1.02091E+16,5.34936E+16
124414,2,4,10,426,2018,4,15,3,3,2,6,0,0,1,0,0,0,0,0,5.70073E+20,5.9388E+21,1.00587E+16,5.35933E+16
124415,2,3,2,311,2018,4,14,4,3,1,5,0,1,1,0,0,0,0,0,5.64891E+20,5.93597E+21,9.97987E+15,5.35686E+16
124416,2,4,5,412,2018,4,8,4,3,5,3,0,1,1,0,0,0,0,0,5.67397E+20,5.93762E+21,1.00181E+16,5.35831E+16
124417,2,7,2,703,2018,4,12,1,3,5,2,0,1,0,0,0,0,0,0,5.69441E+20,5.92465E+21,1.0046E+16,5.34663E+16
124418,2,3,3,314,2018,4,18,4,3,2,6,0,0,1,0,0,0,1,0,5.65825E+20,5.93729E+21,9.99425E+15,5.35803E+16
124419,2,4,8,423,2018,4,15,2,3,6,7,0,1,0,1,0,0,1,0,5.6984E+20,5.93742E+21,1.00549E+16,5.35809E+16
124420,2,7,1,702,2018,4,12,6,2,5,2,0,0,1,0,0,1,0,0,5.65988E+20,5.92449E+21,9.994E+15,5.34653E+16
124421,2,2,2,207,2018,4,11,4,3,3,2,0,0,1,0,1,0,0,0,5.64056E+20,5.93527E+21,9.96711E+15,5.35624E+16
124422,2,5,7,515,2018,4,15,6,3,1,7,0,0,1,0,0,0,0,0,5.74024E+20,5.94293E+21,1.01194E+16,5.36299E+16
124423,2,5,5,513,2018,4,11,6,2,8,7,0,0,1,0,0,0,1,0,5.72875E+20,5.93841E+21,1.0101E+16,5.35894E+16
124424,2,2,2,207,2018,4,18,4,3,2,7,0,1,1,0,0,0,0,0,5.63785E+20,5.93509E+21,9.96299E+15,5.35608E+16
124425,2,2,5,215,2018,4,17,5,3,2,6,0,0,1,0,0,0,0,0,5.60782E+20,5.93718E+21,9.91807E+15,5.358E+16
124426,2,1,3,108,2018,4,17,3,3,2,6,0,0,1,0,0,0,1,0,5.65434E+20,5.93458E+21,9.98777E+15,5.3556E+16
124427,2,2,2,207,2018,4,12,4,3,2,6,0,0,1,0,0,0,0,0,5.63804E+20,5.93505E+21,9.96326E+15,5.35605E+16
124428,2,1,7,120,2018,4,9,3,3,2,6,0,0,1,0,1,0,0,0,5.68656E+20,5.93489E+21,1.00365E+16,5.35584E+16
124429,2,4,7,417,2018,4,17,2,2,5,3,0,1,1,0,0,0,0,1,5.68354E+20,5.93528E+21,1.0032E+16,5.3562E+16
124430,2,3,2,312,2018,4,17,1,3,3,2,0,0,1,0,1,0,0,0,5.65863E+20,5.93543E+21,9.99443E+15,5.35636E+16
124431,2,3,5,317,2018,4,17,7,3,2,6,0,0,1,0,0,0,0,1,5.62988E+20,5.93931E+21,9.95181E+15,5.35988E+16
124432,2,2,8,220,2018,4,16,3,3,5,3,0,0,1,0,0,0,0,0,5.57984E+20,5.9381E+21,9.87597E+15,5.35885E+16
124433,2,7,4,705,2018,4,19,3,3,5,3,0,1,1,0,0,0,0,0,5.65651E+20,5.92246E+21,9.98851E+15,5.34471E+16
124434,2,1,3,108,2018,4,12,4,3,3,6,0,0,1,0,0,0,1,0,5.65523E+20,5.93485E+21,9.98917E+15,5.35584E+16
124435,2,4,5,413,2018,4,18,1,2,0,7,0,1,1,0,0,0,0,0,5.67079E+20,5.93743E+21,1.00132E+16,5.35815E+16
124436,2,5,7,515,2018,4,14,7,3,5,3,0,1,1,0,0,0,0,1,5.72237E+20,5.93955E+21,1.00916E+16,5.35998E+16
124437,2,7,1,701,2018,4,16,3,3,2,6,0,0,1,0,0,0,0,0,5.64884E+20,5.92385E+21,9.97725E+15,5.34596E+16
124438,2,2,9,221,2018,4,18,2,3,2,6,0,0,1,0,0,0,0,1,5.55422E+20,5.9364E+21,9.83698E+15,5.35735E+16
124439,2,1,12,130,2018,4,14,6,3,4,2,0,0,1,0,0,0,1,0,5.73909E+20,5.93485E+21,1.01157E+16,5.35573E+16
124440,2,6,10,611,2018,4,16,3,2,2,6,0,0,1,0,1,0,0,0,5.7502E+20,5.92811E+21,1.01309E+16,5.34966E+16
124441,2,4,8,422,2018,4,15,6,3,5,3,0,1,0,0,1,0,0,0,5.69488E+20,5.93666E+21,1.00494E+16,5.35742E+16
124442,2,1,11,128,2018,4,17,3,3,1,7,0,0,1,0,0,0,0,0,5.7168E+20,5.9339E+21,1.00819E+16,5.35491E+16
124443,2,1,1,101,2018,4,18,5,3,0,6,0,0,1,0,1,0,0,0,5.66656E+20,5.93375E+21,1.0006E+16,5.35484E+16
124444,2,1,16,137,2018,4,5,2,3,3,6,2,0,1,0,0,0,1,0,5.65132E+20,5.92953E+21,9.98216E+15,5.35107E+16
124445,2,1,11,129,2018,4,16,3,3,5,3,0,0,1,0,1,0,0,0,5.7083E+20,5.93459E+21,1.00692E+16,5.35554E+16
124446,2,2,1,206,2018,4,16,3,3,4,6,0,1,0,0,0,0,0,0,5.62784E+20,5.93512E+21,9.94788E+15,5.35612E+16
124447,2,2,8,220,2018,4,19,2,3,5,3,0,1,1,0,0,0,0,0,5.57524E+20,5.93848E+21,9.86911E+15,5.3592E+16
124448,2,1,16,137,2018,4,12,7,3,4,6,0,1,1,0,0,0,0,0,5.653E+20,5.93036E+21,9.98487E+15,5.35182E+16
124449,2,1,17,138,2018,4,14,7,3,5,3,0,0,1,0,0,0,0,1,5.64932E+20,5.93143E+21,9.97954E+15,5.35277E+16
124450,2,1,11,128,2018,4,13,3,2,5,2,0,1,1,0,0,0,0,0,5.72299E+20,5.93337E+21,1.00911E+16,5.35442E+16
124451,2,3,7,319,2018,4,7,2,3,5,3,0,1,1,0,0,0,0,0,5.60252E+20,5.94308E+21,9.9112E+15,5.3633E+16
124452,2,6,3,604,2018,4,8,3,3,5,3,0,0,1,0,0,0,0,0,5.8237E+20,5.9217E+21,1.024E+16,5.34379E+16
124453,2,1,8,126,2018,4,10,3,3,5,2,0,0,1,0,1,0,0,0,5.69019E+20,5.93407E+21,1.00418E+16,5.35509E+16
124454,2,1,3,106,2018,4,9,6,3,3,6,0,0,1,0,0,0,1,0,5.64631E+20,5.93465E+21,9.97567E+15,5.35568E+16
124455,2,5,6,514,2018,4,8,3,3,5,2,0,1,1,0,0,0,0,0,5.74451E+20,5.94267E+21,1.01258E+16,5.36275E+16
124456,2,4,11,430,2018,4,8,3,3,3,2,0,1,1,0,0,0,0,0,5.68374E+20,5.94175E+21,1.00337E+16,5.36201E+16
124457,2,3,6,318,2018,4,13,6,3,0,7,0,0,0,0,1,0,0,0,5.63289E+20,5.94053E+21,9.95661E+15,5.36098E+16
124458,2,5,16,524,2018,4,8,3,3,2,6,0,0,1,0,0,0,1,0,5.73813E+20,5.94646E+21,1.0117E+16,5.36617E+16