OBJECTID_1,ULAND,UREGBEZ,UKREIS,UGEMEINDE,UJAHR,UMONAT,USTUNDE,UWOCHENTAG,UKATEGORIE,UART,UTYP1,ULICHTVERH,IstRad,IstPKW,IstFuss,IstKrad,IstGkfz,IstSonstig,STRZUSTAND,LINREFX,LINREFY,XGCSWGS84,YGCSWGS84
124645,2,4,8,419,2018,5,11,5,3,3,6,0,0,1,0,0,0,1,0,5.68337E+20,5.93726E+21,1.00322E+16,5.35798E+16
124646,2,6,1,601,2018,5,12,1,2,5,3,0,1,1,0,0,0,0,0,5.80068E+20,5.92801E+21,1.0207E+16,5.3495E+16
124647,2,4,10,427,2018,5,15,5,3,3,6,0,1,0,0,0,0,1,0,5.69105E+20,5.9386E+21,1.00441E+16,5.35916E+16
124648,2,1,4,109,2018,5,17,1,3,3,6,0,1,0,0,0,0,0,0,5.64184E+20,5.93471E+21,9.96893E+15,5.35573E+16
124649,2,4,4,407,2018,5,21,7,3,4,7,2,0,1,0,0,0,0,0,5.6708E+20,5.94162E+21,1.00141E+16,5.36191E+16
124650,2,2,8,220,2018,5,16,5,3,5,3,0,1,0,0,0,0,1,0,5.57519E+20,5.93933E+21,9.86918E+15,5.35996E+16
124651,2,2,4,214,2018,5,9,5,3,2,6,0,1,1,0,0,0,0,0,5.61406E+20,5.93324E+21,9.92671E+15,5.35445E+16
124652,2,1,7,120,2018,5,17,4,3,2,6,0,0,1,0,0,0,0,0,5.68669E+20,5.93489E+21,1.00367E+16,5.35584E+16
124653,2,3,3,314,2018,5,14,5,3,5,3,0,1,1,0,0,0,0,0,5.64833E+20,5.93697E+21,9.97919E+15,5.35776E+16
124654,2,7,13,714,2018,5,8,2,3,0,6,0,0,1,0,1,0,0,0,5.58795E+20,5.92619E+21,9.88599E+15,5.34814E+16
124655,2,3,2,312,2018,5,8,5,3,1,5,0,1,1,0,0,0,0,0,5.65011E+20,5.93588E+21,9.98166E+15,5.35677E+16
124656,2,1,5,114,2018,5,22,3,2,0,5,2,0,1,0,1,0,0,0,5.66647E+20,5.93484E+21,1.00061E+16,5.35582E+16
124657,2,1,3,106,2018,5,17,2,3,1,7,0,0,1,0,0,0,0,0,5.64697E+20,5.93416E+21,9.97656E+15,5.35523E+16
124658,2,3,2,312,2018,5,11,5,3,2,6,0,0,1,0,0,0,0,0,5.65903E+20,5.93617E+21,9.99518E+15,5.35703E+16
124659,2,4,10,427,2018,5,14,7,3,3,2,0,1,1,0,0,0,0,0,5.69167E+20,5.93845E+21,1.0045E+16,5.35903E+16
124660,2,5,2,509,2018,5,14,6,2,5,3,0,1,1,0,0,0,0,0,5.72733E+20,5.93836E+21,1.00988E+16,5.3589E+16
124661,2,2,1,201,2018,5,8,3,3,5,2,0,0,1,0,0,0,0,0,5.63153E+20,5.93348E+21,9.95312E+15,5.35464E+16
124662,2,2,7,219,2018,5,7,2,3,3,2,0,1,1,0,0,0,0,0,5.60778E+20,5.93368E+21,9.91733E+15,5.35485E+16
124663,2,1,1,101,2018,5,8,5,3,0,3,0,1,0,0,0,0,1,0,5.66212E+20,5.93402E+21,9.99939E+15,5.35509E+16
124664,2,1,20,141,2018,5,18,4,3,0,3,0,1,1,0,0,0,0,0,5.56563E+20,5.93221E+21,9.85345E+15,5.35357E+16
124665,2,1,8,123,2018,5,10,7,3,5,2,0,0,1,0,0,0,1,0,5.70403E+20,5.9351E+21,1.00629E+16,5.356E+16
124666,2,3,3,313,2018,5,13,7,3,4,6,0,1,0,0,0,0,0,0,5.64575E+20,5.93699E+21,9.9753E+15,5.35778E+16
124667,2,3,4,315,2018,5,22,7,3,3,5,2,0,1,0,1,0,0,0,5.64542E+20,5.93717E+21,9.97485E+15,5.35794E+16
124668,2,7,16,717,2018,5,6,6,3,4,6,0,0,1,0,0,0,0,0,5.5387E+20,5.93082E+21,9.81258E+15,5.35236E+16
124669,2,1,15,134,2018,5,7,4,3,1,6,0,0,1,0,0,0,1,0,5.67126E+20,5.93073E+21,1.00125E+16,5.35212E+16
124670,2,3,8,320,2018,5,12,4,3,0,4,0,0,0,1,0,0,1,0,5.5869E+20,5.94162E+21,9.8873E+15,5.36201E+16
124671,2,6,1,601,2018,5,14,4,3,5,3,0,0,1,0,0,0,0,0,5.80228E+20,5.92683E+21,1.02091E+16,5.34843E+16
124672,2,5,3,511,2018,5,14,2,3,2,6,0,0,1,0,0,0,0,0,5.71946E+20,5.93611E+21,1.00864E+16,5.35689E+16
124673,2,6,13,614,2018,5,12,4,2,4,2,0,1,1,0,0,0,0,0,5.7028E+20,5.92633E+21,1.00591E+16,5.34813E+16
124674,2,6,2,602,2018,5,8,2,2,3,6,0,1,1,0,0,0,0,0,5.8006E+20,5.92736E+21,1.02067E+16,5.34891E+16
124675,2,1,8,125,2018,5,23,1,2,5,3,2,0,1,0,0,0,0,0,5.70304E+20,5.93448E+21,1.00613E+16,5.35545E+16
124676,2,1,11,129,2018,5,16,4,3,0,3,0,1,0,0,0,0,1,0,5.71826E+20,5.93455E+21,1.00842E+16,5.35549E+16
124677,2,5,1,504,2018,5,19,6,2,1,3,0,1,1,0,0,0,0,0,5.70017E+20,5.93617E+21,1.00573E+16,5.35697E+16
124678,2,1,11,129,2018,5,7,4,3,1,3,0,0,1,0,0,0,0,0,5.70822E+20,5.93505E+21,1.00692E+16,5.35595E+16
124679,2,7,1,702,2018,5,12,3,3,3,6,0,1,1,0,0,0,0,0,5.65984E+20,5.92493E+21,9.99404E+15,5.34692E+16
124680,2,3,9,321,2018,5,7,3,3,5,3,0,1,1,0,0,0,0,0,5.60963E+20,5.93912E+21,9.92117E+15,5.35974E+16
124681,2,1,12,130,2018,5,15,4,3,4,2,0,0,1,0,1,0,0,0,5.72918E+20,5.93397E+21,1.01006E+16,5.35496E+16
124682,2,3,2,312,2018,5,11,4,3,2,2,0,0,1,0,0,0,0,0,5.65466E+20,5.93642E+21,9.98864E+15,5.35726E+16
124683,2,1,7,119,2018,5,18,4,3,1,2,0,0,1,0,1,0,0,0,5.68796E+20,5.93423E+21,1.00384E+16,5.35525E+16
124684,2,2,8,220,2018,5,16,2,3,5,3,0,1,1,0,0,0,0,0,5.58231E+20,5.93757E+21,9.87962E+15,5.35838E+16
124685,2,5,2,507,2018,5,17,4,3,0,7,0,0,0,0,1,0,0,0,5.7105E+20,5.93691E+21,1.00731E+16,5.35762E+16
124686,2,5,3,511,2018,5,9,2,3,5,3,0,0,1,0,0,0,0,0,5.72955E+20,5.93678E+21,1.01018E+16,5.35748E+16
124687,2,5,1,504,2018,5,15,1,3,5,3,0,0,1,0,0,0,0,0,5.69784E+20,5.93649E+21,1.00539E+16,5.35727E+16
124688,2,5,3,510,2018,5,13,4,3,5,3,0,1,1,0,0,0,0,0,5.70767E+20,5.93638E+21,1.00687E+16,5.35715E+16
124689,2,6,1,601,2018,5,21,5,3,5,3,1,0,1,0,0,0,0,1,5.79939E+20,5.92813E+21,1.0205E+16,5.3496E+16
124690,2,5,9,517,2018,5,7,4,3,1,5,0,1,1,0,0,0,0,0,5.71496E+20,5.94345E+21,1.00813E+16,5.3635E+16
124691,2,5,7,515,2018,5,14,3,3,2,6,0,0,1,0,0,0,0,0,5.7119E+20,5.94118E+21,1.00761E+16,5.36146E+16
124692,2,4,11,430,2018,5,18,4,3,4,6,0,0,1,0,0,0,1,0,5.67335E+20,5.94148E+21,1.00179E+16,5.36178E+16
124693,2,2,4,212,2018,5,16,3,3,3,6,0,1,1,0,0,0,0,0,5.60831E+20,5.93462E+21,9.9183E+15,5.35569E+16
124694,2,4,7,416,2018,5,9,2,3,5,3,0,0,1,0,1,0,0,0,5.67261E+20,5.93534E+21,1.00155E+16,5.35627E+16
124695,2,5,12,520,2018,5,16,4,3,1,5,0,0,0,0,0,1,1,0,5.68252E+20,5.94453E+21,1.00325E+16,5.36451E+16
124696,2,1,16,137,2018,5,20,1,2,5,3,0,0,1,0,0,0,0,0,5.65153E+20,5.92953E+21,9.98248E+15,5.35107E+16
124697,2,4,8,423,2018,5,15,4,3,2,6,0,0,1,0,0,0,1,0,5.69686E+20,5.93722E+21,1.00525E+16,5.35792E+16
124698,2,4,10,428,2018,5,0,1,3,3,6,2,0,1,0,0,0,0,0,5.69067E+20,5.93926E+21,1.00436E+16,5.35976E+16
124699,2,5,7,515,2018,5,20,7,3,2,2,0,0,1,0,0,0,0,0,5.70864E+20,5.9402E+21,1.0071E+16,5.36058E+16
124700,2,3,8,320,2018,5,13,4,3,6,4,0,0,1,1,0,0,0,0,5.59709E+20,5.94037E+21,9.90248E+15,5.36087E+16
124701,2,3,3,313,2018,5,17,2,3,5,3,0,1,1,0,0,0,0,0,5.65789E+20,5.937E+21,9.99365E+15,5.35777E+16
124702,2,2,5,216,2018,5,11,4,3,2,2,0,0,1,0,0,0,0,0,5.60082E+20,5.93575E+21,9.90721E+15,5.35672E+16
124703,2,5,7,515,2018,5,15,1,3,5,2,0,1,1,0,0,0,0,0,5.71265E+20,5.94144E+21,1.00773E+16,5.36169E+16
124704,2,4,13,432,2018,5,17,2,3,2,2,0,0,1,0,0,0,0,0,5.67402E+20,5.94542E+21,1.00198E+16,5.36532E+16
124705,2,6,1,601,2018,5,1,7,2,8,1,2,0,1,0,0,0,0,0,5.7751E+20,5.93012E+21,1.01689E+16,5.35143E+16
124706,2,2,8,220,2018,5,10,4,3,6,4,0,0,1,1,0,0,0,0,5.58706E+20,5.93952E+21,9.88715E+15,5.36012E+16
124707,2,2,5,216,2018,5,7,4,3,5,3,0,1,1,0,0,0,0,0,5.60924E+20,5.93501E+21,9.91979E+15,5.35604E+16
124708,2,5,2,508,2018,5,16,5,3,0,6,0,0,1,0,1,0,0,1,5.72542E+20,5.93723E+21,1.00957E+16,5.35789E+16
124709,2,7,8,709,2018,5,14,6,3,5,3,0,0,1,0,0,0,0,0,5.64279E+20,5.92168E+21,9.9677E+15,5.34402E+16
124710,2,2,7,219,2018,5,6,4,3,0,2,0,0,1,0,1,0,0,0,5.5896E+20,5.93345E+21,9.88985E+15,5.35467E+16
124711,2,5,1,501,2018,5,8,3,3,5,3,0,1,1,0,0,0,0,0,5.68683E+20,5.93564E+21,1.0037E+16,5.35651E+16
124712,2,4,2,405,2018,5,15,4,2,2,6,0,1,1,0,0,0,0,0,5.64374E+20,5.93965E+21,9.97282E+15,5.36017E+16
124713,2,3,3,314,2018,5,18,3,3,2,6,0,1,1,0,0,0,0,0,5.65441E+20,5.93739E+21,9.98846E+15,5.35813E+16
124714,2,3,4,316,2018,5,12,2,3,3,7,0,0,0,0,0,0,1,0,5.6424E+20,5.93761E+21,9.97037E+15,5.35834E+16
124715,2,2,1,203,2018,5,16,4,3,6,4,0,1,0,1,0,0,0,0,5.62519E+20,5.93407E+21,9.94368E+15,5.35518E+16
124716,2,1,6,115,2018,5,11,1,3,3,2,0,0,1,0,0,0,0,0,5.67225E+20,5.93347E+21,1.00146E+16,5.35458E+16
124717,2,1,4,112,2018,5,7,4,3,3,6,0,1,0,0,0,0,1,0,5.63591E+20,5.93383E+21,9.9598E+15,5.35495E+16
124718,2,6,6,607,2018,5,11,7,3,2,6,0,1,0,0,0,0,0,0,5.80028E+20,5.91772E+21,1.02037E+16,5.34025E+16
124719,2,1,3,108,2018,5,21,7,3,0,5,1,0,1,0,1,0,0,0,5.65504E+20,5.93421E+21,9.98875E+15,5.35527E+16
124720,2,4,6,415,2018,5,18,7,3,5,3,0,0,1,0,0,0,0,0,5.68436E+20,5.93658E+21,1.00335E+16,5.35736E+16
124721,2,7,1,702,2018,5,13,6,3,1,7,0,0,1,0,0,0,0,0,5.65357E+20,5.92382E+21,9.98436E+15,5.34593E+16
124722,2,1,4,109,2018,5,10,4,3,4,2,0,0,1,0,1,0,0,0,5.64607E+20,5.93506E+21,9.97538E+15,5.35604E+16
124723,2,4,8,418,2018,5,17,4,3,1,5,0,0,1,0,0,0,0,0,5.68145E+20,5.93649E+21,1.00291E+16,5.35728E+16
124724,2,1,5,114,2018,5,11,4,3,6,4,0,0,1,1,0,0,0,0,5.66878E+20,5.93423E+21,1.00095E+16,5.35527E+16
124725,2,7,9,710,2018,5,5,3,2,7,1,1,0,1,0,0,0,0,0,5.63974E+20,5.9232E+21,9.96341E+15,5.34539E+16
124726,2,3,4,316,2018,5,22,7,3,1,5,2,1,1,0,0,0,0,0,5.63715E+20,5.93718E+21,9.96236E+15,5.35796E+16
124727,2,1,11,129,2018,5,23,3,3,5,3,2,0,1,0,0,0,0,0,5.70826E+20,5.93505E+21,1.00693E+16,5.35595E+16
124728,2,6,1,601,2018,5,16,4,3,1,6,0,0,1,0,0,0,0,0,5.79824E+20,5.92835E+21,1.02034E+16,5.3498E+16
124729,2,1,8,121,2018,5,19,3,3,3,6,0,0,1,0,0,1,0,1,5.69014E+20,5.93514E+21,1.00419E+16,5.35606E+16
124730,2,3,2,312,2018,5,18,3,2,0,7,0,0,1,0,0,0,0,0,5.65466E+20,5.93637E+21,9.98863E+15,5.35721E+16
124731,2,1,7,119,2018,5,18,3,3,3,6,0,0,1,0,0,0,0,1,5.6892E+20,5.93425E+21,1.00403E+16,5.35526E+16
124732,2,1,3,108,2018,5,13,3,3,4,2,0,0,1,0,0,0,0,0,5.65166E+20,5.93477E+21,9.98376E+15,5.35578E+16
124733,2,3,2,311,2018,5,14,2,3,0,4,0,0,0,1,0,0,1,0,5.64977E+20,5.93578E+21,9.98113E+15,5.35669E+16
124734,2,5,3,511,2018,5,19,3,3,9,7,0,0,1,0,0,0,0,1,5.73189E+20,5.9363E+21,1.01052E+16,5.35704E+16
124735,2,4,12,431,2018,5,17,3,3,2,6,0,0,1,0,0,0,0,1,5.67155E+20,5.9435E+21,1.00157E+16,5.36359E+16
124736,2,4,13,432,2018,5,13,7,3,1,5,0,1,1,0,0,0,0,0,5.67475E+20,5.94635E+21,1.00211E+16,5.36615E+16
124737,2,1,5,114,2018,5,16,7,3,0,7,0,1,0,1,0,0,0,0,5.66599E+20,5.93426E+21,1.00053E+16,5.3553E+16
124738,2,1,3,106,2018,5,16,7,3,0,7,0,1,0,0,0,0,0,0,5.64416E+20,5.93362E+21,9.9722E+15,5.35475E+16
124739,2,4,5,409,2018,5,11,3,3,1,5,0,0,1,0,0,0,0,1,5.67081E+20,5.93901E+21,1.00136E+16,5.35957E+16
124740,2,2,9,221,2018,5,21,4,3,0,7,2,0,1,0,0,0,0,0,5.56449E+20,5.93593E+21,9.8524E+15,5.35692E+16
124741,2,4,8,423,2018,5,2,3,3,3,6,2,0,1,0,0,0,0,0,5.69098E+20,5.9375E+21,1.00437E+16,5.35818E+16
124742,2,5,7,515,2018,5,9,2,3,3,5,0,0,1,0,0,0,1,0,5.71043E+20,5.94076E+21,1.00738E+16,5.36109E+16
124743,2,3,1,307,2018,5,15,3,3,0,3,0,0,1,0,1,0,0,1,5.63382E+20,5.93602E+21,9.95709E+15,5.35692E+16
124744,2,1,11,129,2018,5,8,2,3,2,6,0,0,1,0,0,0,0,0,5.71685E+20,5.93482E+21,1.00822E+16,5.35574E+16
124745,2,4,12,431,2018,5,13,1,3,2,6,0,0,1,0,0,0,0,0,5.66568E+20,5.94316E+21,1.00067E+16,5.3633E+16
124746,2,2,2,207,2018,5,15,3,3,4,2,0,0,1,0,0,0,0,1,5.6397E+20,5.93562E+21,9.96589E+15,5.35655E+16
124747,2,7,4,705,2018,5,14,2,3,1,5,0,0,1,0,0,1,1,0,5.65698E+20,5.92258E+21,9.98925E+15,5.34481E+16
124748,2,2,2,207,2018,5,3,3,2,6,4,2,0,0,1,0,0,1,0,5.63826E+20,5.9348E+21,9.96354E+15,5.35582E+16
124749,2,7,9,710,2018,5,18,2,3,2,2,0,0,1,0,0,0,0,0,5.6355E+20,5.92284E+21,9.95695E+15,5.34507E+16
124750,2,7,9,710,2018,5,15,1,3,5,3,0,1,1,0,0,0,0,0,5.64199E+20,5.92276E+21,9.96671E+15,5.345E+16
124751,2,1,3,105,2018,5,0,3,3,6,4,2,0,0,1,0,0,1,0,5.64819E+20,5.93324E+21,9.97822E+15,5.35441E+16
124752,2,4,13,432,2018,5,11,6,3,2,6,0,0,1,0,0,0,0,0,5.67413E+20,5.94464E+21,1.00198E+16,5.36461E+16
124753,2,7,1,702,2018,4,12,2,3,5,3,0,1,1,0,0,0,0,1,5.65258E+20,5.92361E+21,9.98283E+15,5.34575E+16
124754,2,1,3,105,2018,5,10,4,3,6,7,0,0,0,1,0,0,1,0,5.64816E+20,5.93332E+21,9.97818E+15,5.35448E+16
124755,2,3,8,320,2018,5,15,3,3,5,3,0,1,1,0,0,0,0,0,5.60283E+20,5.93967E+21,9.911E+15,5.36024E+16
124756,2,7,4,705,2018,4,17,2,2,6,4,0,0,1,1,0,0,0,0,5.65797E+20,5.92181E+21,9.99058E+15,5.34412E+16
124757,2,3,5,317,2018,5,15,2,3,5,3,0,1,0,0,0,0,1,0,5.63389E+20,5.93819E+21,9.95764E+15,5.35887E+16
124758,2,1,16,137,2018,4,22,2,3,2,6,2,0,1,0,0,0,0,0,5.65767E+20,5.92852E+21,9.99153E+15,5.35015E+16
124759,2,5,7,515,2018,5,10,2,2,0,6,0,0,1,0,1,0,0,0,5.70632E+20,5.94054E+21,1.00676E+16,5.36089E+16
124760,2,3,5,317,2018,5,19,1,3,5,3,0,1,1,0,0,0,0,0,5.63769E+20,5.93943E+21,9.96363E+15,5.35998E+16
124761,2,1,6,118,2018,5,0,6,3,5,3,2,0,1,0,0,0,0,0,5.69012E+20,5.93407E+21,1.00417E+16,5.3551E+16
124762,2,2,8,220,2018,5,15,7,3,5,2,0,1,1,0,0,0,0,0,5.5784E+20,5.93792E+21,9.87377E+15,5.35869E+16
124763,2,1,16,137,2018,4,18,2,3,4,2,0,0,1,0,1,0,0,0,5.65866E+20,5.93012E+21,9.99335E+15,5.35159E+16
124764,2,1,12,130,2018,4,19,2,3,5,3,0,1,1,0,0,0,0,0,5.76208E+20,5.93182E+21,1.01497E+16,5.35297E+16
124765,2,1,11,129,2018,5,14,5,3,4,2,0,0,1,0,1,0,0,1,5.7292E+20,5.93398E+21,1.01006E+16,5.35496E+16
124766,2,1,12,130,2018,4,13,2,3,2,6,0,0,1,0,0,1,0,1,5.72847E+20,5.93275E+21,1.00992E+16,5.35386E+16
124767,2,2,8,220,2018,5,16,6,3,5,3,0,1,1,0,0,0,0,0,5.57887E+20,5.938E+21,9.87449E+15,5.35876E+16
124768,2,1,12,130,2018,4,19,2,2,3,6,0,0,1,0,0,0,0,0,5.73033E+20,5.93291E+21,1.01021E+16,5.354E+16
124769,2,1,13,131,2018,5,18,3,3,0,7,0,0,0,0,1,1,0,0,5.72823E+20,5.93246E+21,1.00988E+16,5.3536E+16
124770,2,1,14,132,2018,4,9,2,3,5,3,0,0,1,0,0,0,0,0,5.69805E+20,5.93209E+21,1.00532E+16,5.3533E+16
124771,2,2,7,219,2018,5,8,3,3,1,6,0,0,1,0,1,0,0,0,5.59666E+20,5.93462E+21,9.90071E+15,5.3557E+16
124772,2,1,7,120,2018,4,8,2,3,0,1,0,0,0,0,1,0,0,1,5.67905E+20,5.93435E+21,1.0025E+16,5.35536E+16
124773,2,1,3,108,2018,5,3,2,3,4,2,2,0,1,0,0,0,0,0,5.65533E+20,5.93483E+21,9.98932E+15,5.35583E+16
124774,2,1,14,133,2018,4,11,2,3,1,5,0,1,0,0,0,1,0,0,5.6859E+20,5.93214E+21,1.00349E+16,5.35336E+16
124775,2,4,5,410,2018,5,20,1,3,1,5,0,1,1,0,0,0,0,0,5.67144E+20,5.93839E+21,1.00144E+16,5.35901E+16
124776,2,4,5,410,2018,5,9,2,3,3,6,0,1,1,0,0,0,0,0,5.66502E+20,5.93813E+21,1.00046E+16,5.35878E+16
124777,2,1,8,126,2018,5,19,7,3,0,5,0,1,1,0,0,0,0,0,5.7018E+20,5.93395E+21,1.00593E+16,5.35498E+16
124778,2,5,6,514,2018,5,23,6,3,4,6,2,0,1,0,1,0,0,0,5.75022E+20,5.94379E+21,1.01347E+16,5.36375E+16
124779,2,5,4,512,2018,4,17,2,3,6,3,0,0,1,1,0,0,0,0,5.74459E+20,5.93638E+21,1.01244E+16,5.3571E+16
124780,2,4,9,425,2018,4,7,2,3,3,2,0,1,1,0,0,0,0,0,5.70389E+20,5.9375E+21,1.00632E+16,5.35816E+16
124781,2,2,8,220,2018,5,17,5,3,5,3,0,1,1,0,0,0,0,0,5.57002E+20,5.93839E+21,9.86119E+15,5.35912E+16
124782,2,6,9,610,2018,5,15,6,2,5,3,0,0,1,0,1,0,0,0,5.74034E+20,5.92715E+21,1.01158E+16,5.34881E+16
124783,2,5,7,515,2018,4,15,2,3,0,7,0,1,1,0,0,0,0,1,5.71208E+20,5.94129E+21,1.00764E+16,5.36156E+16
124784,2,2,7,219,2018,5,19,3,1,4,6,0,0,1,0,1,0,1,0,5.60579E+20,5.93341E+21,9.91426E+15,5.35461E+16
124785,2,4,12,431,2018,4,11,2,3,2,2,0,0,1,0,0,0,1,1,5.68471E+20,5.9433E+21,1.00355E+16,5.3634E+16
124786,2,2,2,207,2018,5,8,3,3,1,5,0,1,1,0,0,0,0,0,5.63797E+20,5.93507E+21,9.96316E+15,5.35606E+16
124787,2,2,5,215,2018,5,9,2,3,6,4,0,0,1,1,0,0,0,0,5.61812E+20,5.93572E+21,9.93333E+15,5.35667E+16
124788,2,4,6,415,2018,4,18,2,3,1,5,0,0,1,1,0,0,0,0,5.67541E+20,5.93625E+21,1.00199E+16,5.35708E+16
124789,2,5,4,512,2018,5,12,6,3,5,3,0,0,1,0,0,0,0,0,5.74386E+20,5.93614E+21,1.01233E+16,5.35688E+16
124790,2,2,7,219,2018,4,10,2,3,2,6,0,0,1,0,0,0,1,0,5.59801E+20,5.93455E+21,9.90275E+15,5.35564E+16
124791,2,1,12,130,2018,5,15,7,3,5,3,0,1,1,0,0,0,0,0,5.75128E+20,5.93186E+21,1.01334E+16,5.35303E+16
124792,2,4,13,432,2018,5,16,3,3,2,6,0,0,1,0,0,0,0,0,5.67934E+20,5.94792E+21,1.00284E+16,5.36756E+16
124793,2,3,1,304,2018,4,7,2,3,5,3,0,1,0,0,0,0,0,0,5.62211E+20,5.93688E+21,9.93958E+15,5.35771E+16
124794,2,2,1,203,2018,5,9,3,3,2,6,0,0,1,0,1,0,0,0,5.62067E+20,5.93362E+21,9.93676E+15,5.35478E+16
124795,2,2,7,219,2018,5,17,2,3,6,4,0,0,1,1,0,0,0,0,5.57875E+20,5.9335E+21,9.87348E+15,5.35472E+16
124796,2,4,2,404,2018,4,16,2,3,3,7,0,0,1,0,1,0,0,1,5.65029E+20,5.93786E+21,9.98235E+15,5.35855E+16
124797,2,6,4,605,2018,5,12,1,2,2,6,0,0,1,0,1,0,0,0,5.85564E+20,5.92065E+21,1.02878E+16,5.3428E+16
124798,2,3,1,309,2018,4,10,2,3,3,2,0,1,0,0,0,0,1,0,5.64032E+20,5.93568E+21,9.96684E+15,5.35661E+16
124799,2,3,1,302,2018,5,17,1,3,1,5,0,0,1,0,1,0,0,0,5.6304E+20,5.93745E+21,9.95221E+15,5.35821E+16
124800,2,5,11,519,2018,5,12,7,3,4,2,0,1,1,0,0,0,0,0,5.71103E+20,5.94663E+21,1.00761E+16,5.36636E+16
124801,2,4,13,432,2018,5,14,6,3,1,6,0,0,1,0,0,0,1,0,5.67299E+20,5.945E+21,1.00182E+16,5.36495E+16
124802,2,1,12,130,2018,4,19,1,3,5,3,0,1,1,0,0,0,0,0,5.73134E+20,5.93441E+21,1.01039E+16,5.35534E+16
124803,2,5,18,526,2018,4,15,1,3,4,3,0,0,1,0,0,0,0,0,5.76023E+20,5.94188E+21,1.01494E+16,5.36202E+16
124804,2,1,8,122,2018,5,11,4,3,2,2,0,0,1,0,0,0,0,0,5.6971E+20,5.93456E+21,1.00523E+16,5.35553E+16
124805,2,5,10,518,2018,4,9,1,3,2,6,0,0,1,0,0,0,0,0,5.73227E+20,5.94578E+21,1.0108E+16,5.36557E+16
124806,2,1,5,113,2018,5,10,3,3,3,7,0,0,1,0,0,0,0,0,5.67647E+20,5.93428E+21,1.00211E+16,5.35531E+16
124807,2,5,17,525,2018,4,9,1,3,5,3,0,0,1,0,0,0,0,0,5.76541E+20,5.94507E+21,1.0158E+16,5.36488E+16
124808,2,1,2,104,2018,5,11,3,2,9,1,0,0,0,0,1,0,0,0,5.6652E+20,5.93327E+21,1.00039E+16,5.35441E+16
124809,2,1,2,103,2018,5,19,2,3,1,6,0,1,1,0,0,0,0,0,5.6529E+20,5.93297E+21,9.98525E+15,5.35416E+16
124810,2,5,16,524,2018,4,21,1,3,0,7,2,0,0,0,1,0,0,0,5.7398E+20,5.9488E+21,1.01201E+16,5.36827E+16
124811,2,3,5,317,2018,5,9,6,3,5,3,0,0,1,0,1,0,0,0,5.6233E+20,5.93932E+21,9.94187E+15,5.3599E+16
124812,2,3,9,321,2018,4,1,1,3,5,3,2,0,1,0,0,0,0,0,5.60865E+20,5.93832E+21,9.91954E+15,5.35902E+16
124813,2,4,10,426,2018,5,18,7,3,0,7,0,0,1,0,0,0,0,0,5.69483E+20,5.93858E+21,1.00498E+16,5.35915E+16
124814,2,1,2,104,2018,5,13,6,3,5,3,0,1,1,0,0,0,0,0,5.68096E+20,5.93215E+21,1.00274E+16,5.35338E+16
124815,2,2,9,221,2018,5,8,6,3,6,7,0,1,0,1,0,0,0,0,5.57111E+20,5.93668E+21,9.86253E+15,5.35759E+16
124816,2,2,11,223,2018,4,19,1,3,4,2,0,0,1,0,0,0,0,0,5.54546E+20,5.93495E+21,9.8235E+15,5.35606E+16
124817,2,3,5,317,2018,5,8,4,3,4,2,0,1,1,0,0,0,0,0,5.6268E+20,5.93838E+21,9.94696E+15,5.35905E+16
124818,2,3,7,319,2018,5,15,7,3,6,2,0,0,0,1,0,0,1,0,5.60946E+20,5.94298E+21,9.92167E+15,5.3632E+16
124819,2,2,8,220,2018,4,19,1,3,6,4,0,0,1,1,0,0,0,0,5.58111E+20,5.93791E+21,9.87786E+15,5.35868E+16
124820,2,3,9,321,2018,5,13,4,3,6,4,0,0,0,1,0,0,1,0,5.62067E+20,5.93683E+21,9.9374E+15,5.35767E+16
124821,2,2,5,216,2018,4,14,1,3,0,7,0,1,1,0,0,0,0,0,5.59773E+20,5.93563E+21,9.90253E+15,5.35661E+16
124822,2,5,2,509,2018,5,16,2,3,1,5,0,1,1,0,0,0,1,0,5.71386E+20,5.93834E+21,1.00785E+16,5.3589E+16
124823,2,2,8,220,2018,4,13,1,3,5,3,0,0,1,0,0,0,0,0,5.58033E+20,5.93945E+21,9.87697E+15,5.36007E+16
124824,2,6,2,602,2018,5,11,2,3,3,6,0,1,1,0,0,0,0,0,5.80582E+20,5.92801E+21,1.02147E+16,5.34949E+16
124825,2,1,11,128,2018,5,16,1,3,5,3,0,0,1,0,0,0,0,0,5.72399E+20,5.93363E+21,1.00927E+16,5.35466E+16
124826,2,2,9,221,2018,5,13,6,2,5,3,0,1,1,0,0,0,0,0,5.56068E+20,5.9349E+21,9.84646E+15,5.356E+16
124827,2,3,7,319,2018,4,5,1,3,1,5,0,0,1,0,0,1,0,0,5.60703E+20,5.94384E+21,9.91817E+15,5.36398E+16
124828,2,5,1,502,2018,5,16,6,3,3,2,0,0,1,0,0,0,0,0,5.69709E+20,5.93645E+21,1.00527E+16,5.35722E+16
124829,2,2,1,206,2018,4,15,1,3,3,6,0,0,1,0,1,0,0,0,5.6283E+20,5.93521E+21,9.94859E+15,5.3562E+16
124830,2,7,14,715,2018,5,18,3,2,6,3,0,0,1,1,0,0,0,0,5.56649E+20,5.92529E+21,9.8535E+15,5.34736E+16