OBJECTID_1,ULAND,UREGBEZ,UKREIS,UGEMEINDE,UJAHR,UMONAT,USTUNDE,UWOCHENTAG,UKATEGORIE,UART,UTYP1,ULICHTVERH,IstRad,IstPKW,IstFuss,IstKrad,IstGkfz,IstSonstig,STRZUSTAND,LINREFX,LINREFY,XGCSWGS84,YGCSWGS84
125202,2,2,8,220,2018,5,12,4,3,5,3,0,1,0,0,0,0,0,0,5.57573E+20,5.93934E+21,9.87E+15,5.35997E+16
125203,2,2,6,218,2018,5,15,5,3,5,3,0,1,1,0,0,0,0,0,5.58158E+20,5.93483E+21,9.87799E+15,5.35591E+16
125204,2,1,3,108,2018,5,11,5,3,4,2,0,0,1,0,1,0,0,0,5.6533E+20,5.93454E+21,9.9862E+15,5.35557E+16
125205,2,1,12,130,2018,5,22,7,3,5,7,2,0,1,0,0,0,0,0,5.74897E+20,5.93244E+21,1.01301E+16,5.35356E+16
125206,2,1,11,129,2018,5,9,7,3,3,7,0,0,1,0,0,0,0,0,5.71682E+20,5.93483E+21,1.00821E+16,5.35575E+16
125207,2,4,5,409,2018,5,12,4,3,6,7,0,0,1,1,0,0,0,0,5.66327E+20,5.93902E+21,1.00022E+16,5.35958E+16
125208,2,5,10,518,2018,5,17,5,3,2,6,0,1,1,0,0,0,0,0,5.74631E+20,5.94529E+21,1.01291E+16,5.3651E+16
125209,2,4,10,428,2018,5,17,5,3,0,7,0,0,1,0,0,0,1,0,5.69027E+20,5.93919E+21,1.0043E+16,5.3597E+16
125210,2,5,18,526,2018,5,0,7,3,4,6,2,0,1,0,0,0,0,0,5.78376E+20,5.939E+21,1.01842E+16,5.35939E+16
125211,2,2,4,212,2018,5,20,3,3,5,3,0,1,0,0,0,0,0,0,5.608E+20,5.93369E+21,9.91766E+15,5.35485E+16
125212,2,5,17,525,2018,5,14,7,3,2,6,0,0,1,0,0,0,0,0,5.77239E+20,5.94495E+21,1.01685E+16,5.36476E+16
125213,2,2,7,219,2018,5,7,2,3,5,3,0,1,1,0,0,0,0,0,5.60248E+20,5.93367E+21,9.90931E+15,5.35484E+16
125214,2,5,11,519,2018,5,10,7,3,0,7,0,0,0,0,1,0,0,0,5.71809E+20,5.94646E+21,1.00867E+16,5.3662E+16
125215,2,4,10,428,2018,5,6,4,3,5,3,0,0,1,0,0,0,1,0,5.69116E+20,5.93881E+21,1.00443E+16,5.35935E+16
125216,2,2,9,221,2018,6,13,6,2,5,3,0,1,1,0,0,0,0,0,5.57264E+20,5.93481E+21,9.8645E+15,5.35591E+16
125217,2,4,5,413,2018,5,12,6,3,1,5,0,1,1,0,0,0,0,0,5.66853E+20,5.93772E+21,1.00099E+16,5.3584E+16
125218,2,4,12,431,2018,5,11,7,3,5,3,0,0,1,0,0,0,0,0,5.66835E+20,5.94215E+21,1.00105E+16,5.36239E+16
125219,2,7,9,710,2018,5,21,3,2,6,4,1,0,1,1,0,0,0,0,5.63767E+20,5.92346E+21,9.96035E+15,5.34563E+16
125220,2,3,1,309,2018,5,9,5,3,6,6,0,1,0,1,0,0,0,0,5.64269E+20,5.93591E+21,9.97047E+15,5.35681E+16
125221,2,2,9,221,2018,5,17,7,3,6,7,0,0,1,1,0,0,0,0,5.57027E+20,5.93602E+21,9.86115E+15,5.357E+16
125222,2,1,7,120,2018,5,8,2,3,6,3,0,1,0,1,0,0,0,0,5.68684E+20,5.93478E+21,1.00369E+16,5.35574E+16
125223,2,2,3,210,2018,5,19,7,3,6,4,0,0,1,1,0,0,0,0,5.6287E+20,5.93484E+21,9.94912E+15,5.35587E+16
125224,2,4,7,416,2018,6,16,7,3,9,5,0,0,1,0,0,0,0,0,5.67415E+20,5.9352E+21,1.00178E+16,5.35614E+16
125225,2,3,1,304,2018,5,4,1,3,5,3,2,0,1,0,0,0,0,0,5.62815E+20,5.9365E+21,9.94863E+15,5.35736E+16
125226,2,1,4,111,2018,5,12,7,3,5,3,0,0,1,0,0,0,0,0,5.64123E+20,5.93471E+21,9.96801E+15,5.35574E+16
125227,2,7,1,702,2018,5,6,3,3,5,3,0,0,1,0,1,0,0,0,5.65164E+20,5.9247E+21,9.98164E+15,5.34673E+16
125228,2,6,11,612,2018,5,13,6,3,5,3,0,0,0,0,1,1,0,0,5.72353E+20,5.92923E+21,1.0091E+16,5.3507E+16
125229,2,1,5,114,2018,6,7,1,3,1,5,0,1,1,0,0,0,0,0,5.66867E+20,5.9346E+21,1.00094E+16,5.3556E+16
125230,2,3,3,314,2018,5,20,2,3,2,6,0,0,1,0,1,0,0,0,5.65158E+20,5.93764E+21,9.98424E+15,5.35836E+16
125231,2,1,12,130,2018,5,22,6,2,5,3,2,0,1,0,1,0,0,0,5.72701E+20,5.93312E+21,1.00971E+16,5.3542E+16
125232,2,4,10,428,2018,5,13,4,3,2,6,0,0,1,0,0,0,0,0,5.68972E+20,5.93931E+21,1.00422E+16,5.35981E+16
125233,2,1,3,108,2018,6,20,6,3,6,7,0,1,0,1,0,0,0,0,5.657E+20,5.93453E+21,9.99177E+15,5.35555E+16
125234,2,2,8,220,2018,5,15,6,1,6,2,0,0,1,1,0,0,0,0,5.57887E+20,5.93826E+21,9.87454E+15,5.359E+16
125235,2,5,18,526,2018,5,18,6,3,5,3,0,1,0,0,0,0,0,0,5.77131E+20,5.93985E+21,1.01656E+16,5.36018E+16
125236,2,1,12,130,2018,5,10,3,3,3,6,0,0,1,0,1,0,0,0,5.7358E+20,5.93284E+21,1.01103E+16,5.35393E+16
125237,2,7,14,715,2018,5,14,4,3,4,6,0,0,1,0,0,0,0,0,5.58081E+20,5.92569E+21,9.87513E+15,5.3477E+16
125238,2,5,6,514,2018,5,14,6,3,0,7,0,1,0,0,0,0,0,0,5.75181E+20,5.94359E+21,1.01371E+16,5.36357E+16
125239,2,5,4,512,2018,5,16,2,2,6,4,0,0,0,1,1,0,0,0,5.75753E+20,5.93784E+21,1.01443E+16,5.3584E+16
125240,2,5,6,514,2018,5,18,6,3,1,6,0,0,1,0,0,0,0,0,5.74344E+20,5.94091E+21,1.01238E+16,5.36117E+16
125241,2,5,2,507,2018,5,19,6,3,0,7,0,1,0,0,0,0,0,0,5.70843E+20,5.93682E+21,1.00699E+16,5.35755E+16
125242,2,1,1,101,2018,6,22,7,3,5,3,2,0,1,0,0,0,0,1,5.66294E+20,5.93454E+21,1.00007E+16,5.35555E+16
125243,2,5,10,518,2018,5,13,7,3,2,6,0,0,1,0,0,0,0,0,5.7469E+20,5.94394E+21,1.01297E+16,5.36389E+16
125244,2,4,11,430,2018,5,14,6,2,3,6,0,1,0,0,0,0,0,0,5.68422E+20,5.94152E+21,1.00344E+16,5.3618E+16
125245,2,5,15,523,2018,5,17,6,3,5,3,0,1,1,0,0,0,0,0,5.74699E+20,5.94993E+21,1.01313E+16,5.36928E+16
125246,2,5,1,501,2018,5,19,4,3,0,3,0,1,0,0,0,0,0,0,5.68949E+20,5.93613E+21,1.00412E+16,5.35695E+16
125247,2,1,16,137,2018,5,17,4,3,5,2,0,1,1,0,0,0,0,0,5.65481E+20,5.93027E+21,9.98758E+15,5.35173E+16
125248,2,1,8,124,2018,5,5,5,3,5,5,0,0,1,0,0,0,0,0,5.69563E+20,5.93444E+21,1.00501E+16,5.35542E+16
125249,2,7,12,713,2018,5,18,5,2,8,1,0,0,0,0,1,0,0,0,5.60127E+20,5.92862E+21,9.90652E+15,5.35031E+16
125250,2,5,18,526,2018,5,12,5,3,3,6,0,1,1,0,0,0,0,0,5.76265E+20,5.93777E+21,1.0152E+16,5.35833E+16
125251,2,4,12,431,2018,5,23,6,3,7,7,2,0,0,0,1,0,1,0,5.67678E+20,5.94274E+21,1.00234E+16,5.3629E+16
125252,2,4,3,406,2018,5,7,3,3,0,6,0,0,1,0,0,0,0,0,5.66213E+20,5.94119E+21,1.00009E+16,5.36153E+16
125253,2,4,13,432,2018,5,17,6,3,1,5,0,1,1,0,0,0,0,0,5.68006E+20,5.94836E+21,1.00296E+16,5.36795E+16
125254,2,4,7,416,2018,5,7,4,2,0,7,0,1,0,0,0,0,0,0,5.67456E+20,5.93558E+21,1.00185E+16,5.35648E+16
125255,2,6,14,615,2018,5,18,5,3,6,7,0,0,0,1,0,0,1,0,5.76133E+20,5.92721E+21,1.01475E+16,5.34884E+16
125256,2,2,1,201,2018,5,20,6,3,4,6,1,1,0,0,0,0,0,0,5.63271E+20,5.93372E+21,9.95496E+15,5.35486E+16
125257,2,6,1,601,2018,5,14,5,3,5,3,0,1,1,0,0,0,0,0,5.79372E+20,5.92874E+21,1.01966E+16,5.35016E+16
125258,2,4,13,432,2018,5,11,6,3,2,6,0,0,1,0,1,0,1,0,5.66104E+20,5.94817E+21,1.00008E+16,5.36781E+16
125259,2,5,7,515,2018,5,12,3,3,5,3,0,1,0,0,0,1,0,0,5.70876E+20,5.93937E+21,1.0071E+16,5.35983E+16
125260,2,4,5,409,2018,5,13,6,3,5,7,0,0,1,0,0,0,0,0,5.65825E+20,5.9391E+21,9.99463E+15,5.35966E+16
125261,2,5,11,519,2018,5,7,2,3,0,7,0,1,1,0,0,0,0,0,5.71519E+20,5.94723E+21,1.00825E+16,5.3669E+16
125262,2,4,2,404,2018,5,6,6,3,1,5,0,1,1,0,0,0,0,0,5.65641E+20,5.93847E+21,9.99172E+15,5.3591E+16
125263,2,3,8,320,2018,5,18,4,3,4,2,0,1,1,0,0,0,0,0,5.58711E+20,5.94159E+21,9.88761E+15,5.36198E+16
125264,2,2,4,214,2018,5,14,6,3,3,6,0,0,1,0,1,0,0,0,5.61897E+20,5.93361E+21,9.93419E+15,5.35477E+16
125265,2,7,10,711,2018,6,21,6,3,8,1,2,0,1,0,0,0,0,1,5.63934E+20,5.92447E+21,9.96307E+15,5.34654E+16
125266,2,4,13,432,2018,5,12,7,3,2,6,0,0,1,0,0,0,0,0,5.66516E+20,5.94489E+21,1.00063E+16,5.36485E+16
125267,2,2,7,219,2018,5,11,6,3,4,2,0,1,0,0,0,0,1,0,5.60784E+20,5.93367E+21,9.91741E+15,5.35484E+16
125268,2,1,3,108,2018,5,14,6,3,3,7,0,0,1,0,0,0,1,0,5.65441E+20,5.93461E+21,9.98788E+15,5.35563E+16
125269,2,3,9,321,2018,5,16,4,3,5,3,0,0,1,0,0,0,0,0,5.61018E+20,5.93846E+21,9.92188E+15,5.35914E+16
125270,2,1,8,121,2018,5,17,4,3,3,2,0,1,1,0,0,0,0,0,5.68833E+20,5.93499E+21,1.00392E+16,5.35593E+16
125271,2,5,7,515,2018,5,12,5,3,2,6,0,0,1,0,0,0,0,0,5.70719E+20,5.9405E+21,1.00689E+16,5.36086E+16
125272,2,7,1,702,2018,5,17,5,3,4,2,0,0,1,0,1,0,0,0,5.65625E+20,5.92455E+21,9.98856E+15,5.34659E+16
125273,2,7,4,705,2018,5,11,5,3,2,6,0,0,1,0,0,0,0,0,5.65825E+20,5.92226E+21,9.99108E+15,5.34453E+16
125274,2,4,5,409,2018,5,17,5,3,6,4,0,1,0,1,0,0,0,0,5.68439E+20,5.93916E+21,1.00341E+16,5.35968E+16
125275,2,1,1,101,2018,5,18,6,3,9,1,0,0,1,0,0,0,0,0,5.66481E+20,5.93441E+21,1.00035E+16,5.35543E+16
125276,2,3,9,321,2018,5,9,3,3,5,3,0,1,1,0,0,0,0,0,5.60962E+20,5.93912E+21,9.92116E+15,5.35974E+16
125277,2,7,8,709,2018,5,4,5,3,3,7,2,0,1,0,0,1,0,0,5.61886E+20,5.9204E+21,9.93143E+15,5.3429E+16
125278,2,2,4,212,2018,5,17,2,3,0,3,0,1,0,0,0,0,0,0,5.60711E+20,5.93467E+21,9.9165E+15,5.35574E+16
125279,2,6,1,601,2018,5,11,5,3,0,7,0,1,0,0,0,0,0,0,5.79984E+20,5.92764E+21,1.02056E+16,5.34916E+16
125280,2,2,5,215,2018,5,18,4,3,2,6,0,0,1,0,0,0,0,0,5.60575E+20,5.93747E+21,9.91499E+15,5.35826E+16
125281,2,1,11,129,2018,5,13,5,3,3,6,0,0,1,0,0,0,1,0,5.71757E+20,5.93459E+21,1.00832E+16,5.35553E+16
125282,2,4,8,422,2018,5,16,2,3,0,1,0,1,0,0,0,0,0,0,5.6859E+20,5.93676E+21,1.00359E+16,5.35752E+16
125283,2,1,8,123,2018,5,11,5,3,5,3,0,1,1,0,0,0,0,0,5.70517E+20,5.93508E+21,1.00646E+16,5.35599E+16
125284,2,4,1,401,2018,5,20,4,3,4,7,0,0,1,0,1,0,0,0,5.64934E+20,5.93775E+21,9.98089E+15,5.35846E+16
125285,2,1,8,123,2018,6,12,6,3,6,4,0,1,0,1,0,0,0,0,5.69824E+20,5.93495E+21,1.00541E+16,5.35587E+16
125286,2,1,12,130,2018,5,14,6,3,2,6,0,0,1,0,0,0,0,0,5.73429E+20,5.93548E+21,1.01087E+16,5.3563E+16
125287,2,1,14,133,2018,5,4,5,3,8,5,1,0,1,0,0,0,0,0,5.68604E+20,5.93264E+21,1.00352E+16,5.35382E+16
125288,2,1,8,125,2018,5,18,5,3,4,2,0,0,1,0,0,0,0,0,5.70116E+20,5.93423E+21,1.00584E+16,5.35523E+16
125289,2,4,2,403,2018,5,12,4,3,0,5,0,1,1,0,0,0,0,0,5.65194E+20,5.93864E+21,9.985E+15,5.35926E+16
125290,2,5,1,501,2018,5,11,4,3,5,3,0,0,1,0,0,0,0,0,5.69045E+20,5.93567E+21,1.00425E+16,5.35654E+16
125291,2,3,8,320,2018,5,19,5,3,3,7,0,0,1,0,0,0,0,0,5.59952E+20,5.94097E+21,9.90625E+15,5.36141E+16
125292,2,4,10,429,2018,5,17,5,3,1,6,0,0,1,0,0,0,0,0,5.68639E+20,5.93957E+21,1.00372E+16,5.36005E+16
125293,2,5,18,526,2018,5,7,5,3,5,2,0,1,1,0,0,0,0,0,5.74733E+20,5.93964E+21,1.01293E+16,5.36002E+16
125294,2,3,2,312,2018,5,19,3,3,2,6,0,0,1,0,1,0,0,0,5.65397E+20,5.93532E+21,9.98736E+15,5.35627E+16
125295,2,1,3,108,2018,5,10,5,3,3,2,0,1,1,0,0,0,0,0,5.65154E+20,5.93478E+21,9.98359E+15,5.35578E+16
125296,2,5,6,514,2018,5,16,5,3,0,7,0,1,0,0,0,0,0,0,5.73593E+20,5.94232E+21,1.01127E+16,5.36245E+16
125297,2,2,5,216,2018,5,10,2,3,5,3,0,1,1,0,0,0,0,0,5.60246E+20,5.93497E+21,9.90955E+15,5.35601E+16
125298,2,4,10,429,2018,5,22,5,3,0,6,2,0,0,0,0,0,1,0,5.68856E+20,5.93989E+21,1.00406E+16,5.36033E+16
125299,2,4,1,402,2018,5,15,4,3,0,7,0,0,0,0,0,0,1,0,5.64466E+20,5.93814E+21,9.9739E+15,5.35881E+16
125300,2,2,1,203,2018,6,21,6,3,0,4,2,1,0,1,0,0,0,1,5.62534E+20,5.93407E+21,9.94389E+15,5.35518E+16
125301,2,4,7,417,2018,5,21,6,3,0,7,2,1,0,0,0,0,0,0,5.68258E+20,5.93573E+21,1.00306E+16,5.3566E+16
125302,2,4,13,432,2018,5,7,5,3,5,3,0,0,1,0,1,0,0,0,5.67418E+20,5.94594E+21,1.00202E+16,5.36579E+16
125303,2,4,2,403,2018,5,8,4,3,1,5,0,1,0,0,0,0,1,0,5.64927E+20,5.93784E+21,9.98079E+15,5.35854E+16
125304,2,6,1,601,2018,5,12,3,3,6,3,0,1,0,1,0,0,0,0,5.79619E+20,5.92856E+21,1.02003E+16,5.35E+16
125305,2,1,4,109,2018,5,21,5,3,5,3,0,0,1,0,1,0,0,0,5.64186E+20,5.93528E+21,9.96908E+15,5.35624E+16
125306,2,5,1,501,2018,6,10,6,3,6,5,0,0,1,1,0,0,0,0,5.69048E+20,5.93563E+21,1.00426E+16,5.3565E+16
125307,2,5,2,508,2018,5,7,6,3,1,6,0,0,1,0,0,1,0,0,5.71688E+20,5.93695E+21,1.00827E+16,5.35765E+16
125308,2,4,8,423,2018,5,17,5,3,5,3,0,0,1,0,1,0,0,0,5.69087E+20,5.93748E+21,1.00436E+16,5.35816E+16
125309,2,1,1,101,2018,5,14,4,3,0,7,0,0,0,1,0,0,1,0,5.66514E+20,5.9341E+21,1.0004E+16,5.35515E+16
125310,2,2,4,214,2018,5,18,4,3,4,6,0,1,0,0,0,0,0,0,5.61881E+20,5.93361E+21,9.93395E+15,5.35478E+16
125311,2,2,8,220,2018,5,10,5,3,9,1,0,0,1,0,0,0,0,0,5.5769E+20,5.94012E+21,9.8719E+15,5.36067E+16
125312,2,4,8,422,2018,5,19,5,3,5,3,0,1,1,0,0,0,0,0,5.68579E+20,5.93673E+21,1.00357E+16,5.35749E+16
125313,2,7,1,702,2018,5,17,2,3,2,6,0,0,1,0,1,0,0,0,5.65582E+20,5.92303E+21,9.98759E+15,5.34522E+16
125314,2,3,8,320,2018,5,9,5,3,5,2,0,1,1,0,0,0,0,0,5.60554E+20,5.93951E+21,9.91507E+15,5.36009E+16
125315,2,5,18,526,2018,6,17,7,2,9,7,0,0,1,0,0,0,0,0,5.76184E+20,5.94067E+21,1.01515E+16,5.36093E+16
125316,2,6,1,601,2018,5,12,1,3,4,6,0,1,1,0,0,0,0,0,5.7713E+20,5.93034E+21,1.01632E+16,5.35163E+16
125317,2,2,9,221,2018,5,12,5,2,0,3,0,0,1,0,0,0,1,0,5.56391E+20,5.93809E+21,9.85191E+15,5.35887E+16
125318,2,1,5,113,2018,5,17,4,2,6,2,0,0,1,1,0,0,0,0,5.66788E+20,5.93493E+21,1.00083E+16,5.3559E+16
125319,2,1,1,101,2018,6,15,6,3,0,4,0,0,0,1,0,0,1,0,5.66396E+20,5.93407E+21,1.00022E+16,5.35513E+16
125320,2,2,7,219,2018,5,8,6,3,4,2,0,1,1,0,0,0,0,0,5.59001E+20,5.9341E+21,9.89058E+15,5.35524E+16
125321,2,3,6,318,2018,5,14,5,3,2,6,0,0,1,0,0,0,0,0,5.6335E+20,5.94079E+21,9.95758E+15,5.36121E+16
125322,2,5,6,514,2018,5,19,3,3,4,2,0,1,0,0,1,0,0,0,5.74355E+20,5.94108E+21,1.0124E+16,5.36133E+16
125323,2,3,2,311,2018,5,18,5,3,2,6,1,0,1,0,0,0,0,0,5.64921E+20,5.93575E+21,9.98027E+15,5.35666E+16
125324,2,5,2,506,2018,5,14,2,3,3,7,0,0,1,0,0,0,1,0,5.7154E+20,5.93747E+21,1.00806E+16,5.35812E+16
125325,2,1,20,141,2018,5,14,4,3,2,2,0,0,1,0,0,0,0,0,5.5704E+20,5.93208E+21,9.86061E+15,5.35345E+16
125326,2,7,9,710,2018,5,17,4,3,5,3,0,1,1,0,0,0,0,0,5.63656E+20,5.92273E+21,9.95853E+15,5.34498E+16
125327,2,1,8,126,2018,5,14,2,3,2,6,0,0,1,0,1,0,0,0,5.70312E+20,5.93374E+21,1.00612E+16,5.35478E+16
125328,2,7,7,708,2018,5,7,4,3,2,6,0,0,1,0,0,0,0,0,5.65234E+20,5.91935E+21,9.98158E+15,5.34191E+16
125329,2,2,9,221,2018,6,23,7,2,4,2,2,0,1,0,0,0,0,1,5.57369E+20,5.93773E+21,9.86662E+15,5.35853E+16
125330,2,6,2,603,2018,5,18,7,3,5,2,0,1,1,0,0,0,0,0,5.80883E+20,5.92688E+21,1.0219E+16,5.34846E+16
125331,2,1,16,137,2018,5,8,4,3,2,6,0,0,1,0,0,0,0,0,5.66066E+20,5.9283E+21,9.99598E+15,5.34995E+16
125332,2,6,9,610,2018,5,19,4,3,9,1,0,0,1,0,0,0,0,0,5.78036E+20,5.92507E+21,1.01756E+16,5.34688E+16
125333,2,7,10,711,2018,5,14,3,3,2,6,0,0,1,0,0,0,0,0,5.60819E+20,5.92622E+21,9.91649E+15,5.34814E+16
125334,2,6,1,601,2018,5,22,5,2,2,2,2,0,1,0,0,0,0,0,5.79466E+20,5.92867E+21,1.0198E+16,5.3501E+16
125335,2,1,1,102,2018,5,17,6,3,5,2,0,0,1,0,0,0,1,0,5.66039E+20,5.93378E+21,9.99673E+15,5.35488E+16
125336,2,1,12,130,2018,5,13,5,3,6,3,0,1,0,1,0,0,0,0,5.74063E+20,5.93209E+21,1.01174E+16,5.35325E+16
125337,2,6,9,610,2018,5,11,4,3,6,7,0,0,1,1,0,1,0,0,5.74458E+20,5.92784E+21,1.01224E+16,5.34943E+16
125338,2,4,5,408,2018,5,8,3,2,5,3,0,0,1,0,1,0,0,0,5.6596E+20,5.9394E+21,9.99672E+15,5.35993E+16
125339,2,5,7,515,2018,5,7,3,3,3,6,0,1,0,0,0,0,0,0,5.71205E+20,5.94127E+21,1.00764E+16,5.36154E+16
125340,2,1,8,123,2018,5,8,4,3,2,6,0,0,1,0,0,0,0,0,5.70242E+20,5.9345E+21,1.00603E+16,5.35547E+16
125341,2,4,10,428,2018,5,19,2,3,0,7,0,0,0,0,0,0,1,0,5.69086E+20,5.93896E+21,1.00439E+16,5.3595E+16
125342,2,1,8,126,2018,5,15,4,2,8,1,0,0,1,0,0,0,0,0,5.69921E+20,5.93381E+21,1.00553E+16,5.35485E+16
125343,2,7,1,702,2018,5,18,3,3,4,2,0,1,1,0,0,0,0,0,5.65166E+20,5.92409E+21,9.98154E+15,5.34617E+16
125344,2,5,18,526,2018,5,16,4,3,5,2,0,0,1,0,0,0,0,0,5.75532E+20,5.9428E+21,1.01422E+16,5.36285E+16
125345,2,1,11,128,2018,6,14,6,3,2,6,0,0,1,0,1,0,0,0,5.71552E+20,5.93397E+21,1.008E+16,5.35497E+16
125346,2,1,4,110,2018,5,2,7,2,1,1,2,0,1,0,1,0,0,0,5.63554E+20,5.93448E+21,9.95937E+15,5.35553E+16
125347,2,5,18,526,2018,5,17,4,3,4,2,0,1,1,0,0,0,0,0,5.76734E+20,5.94009E+21,1.01597E+16,5.3604E+16
125348,2,5,3,510,2018,5,12,4,3,3,6,0,0,1,0,0,1,0,0,5.71437E+20,5.93553E+21,1.00786E+16,5.35638E+16
125349,2,7,1,702,2018,5,16,3,3,3,2,0,1,1,0,0,0,0,0,5.65823E+20,5.92327E+21,9.99127E+15,5.34544E+16
125350,2,4,12,431,2018,5,8,4,3,6,7,0,0,1,1,0,0,0,0,5.66554E+20,5.94304E+21,1.00065E+16,5.36319E+16
125351,2,5,12,520,2018,5,8,5,3,1,6,0,0,1,0,1,0,0,0,5.68871E+20,5.94484E+21,1.00419E+16,5.36478E+16
125352,2,4,11,430,2018,5,12,4,3,5,3,0,1,1,0,0,0,0,0,5.68871E+20,5.94043E+21,1.00409E+16,5.36082E+16
125353,2,1,1,101,2018,6,23,7,3,3,6,2,0,1,0,0,0,0,1,5.66627E+20,5.93366E+21,1.00056E+16,5.35476E+16
125354,2,4,10,429,2018,5,10,7,3,3,6,0,1,0,0,0,0,1,0,5.689E+20,5.93952E+21,1.00412E+16,5.36E+16
125355,2,5,12,520,2018,5,11,4,3,2,6,0,1,1,0,0,0,0,0,5.70029E+20,5.94433E+21,1.00593E+16,5.3643E+16
125356,2,4,10,427,2018,5,20,4,3,3,2,0,1,0,0,0,0,1,0,5.68409E+20,5.93815E+21,1.00335E+16,5.35878E+16
125357,2,6,1,601,2018,5,13,4,3,5,3,0,1,1,0,0,0,0,0,5.80034E+20,5.92895E+21,1.02067E+16,5.35034E+16
125358,2,5,4,512,2018,5,13,5,3,2,6,0,0,1,0,0,0,0,0,5.74657E+20,5.93746E+21,1.01277E+16,5.35807E+16
125359,2,7,12,713,2018,5,15,5,3,5,3,0,1,0,0,0,1,0,0,5.59939E+20,5.92972E+21,9.9039E+15,5.3513E+16
125360,2,5,2,506,2018,5,11,5,3,4,2,0,1,1,0,0,0,0,0,5.71407E+20,5.93785E+21,1.00787E+16,5.35846E+16
125361,2,4,5,409,2018,5,15,4,3,2,6,0,0,1,0,0,0,0,0,5.65802E+20,5.93921E+21,9.9943E+15,5.35976E+16
125362,2,4,10,429,2018,5,7,3,3,3,2,0,0,0,0,1,0,1,0,5.68654E+20,5.93956E+21,1.00375E+16,5.36004E+16
125363,2,4,10,429,2018,5,8,4,3,0,3,0,1,0,0,0,0,1,0,5.68942E+20,5.93938E+21,1.00418E+16,5.35987E+16
125364,2,3,8,320,2018,5,12,2,3,5,3,0,1,1,0,0,0,0,0,5.59936E+20,5.94089E+21,9.90601E+15,5.36134E+16
125365,2,4,6,414,2018,5,22,4,3,1,7,2,0,1,0,1,0,0,0,5.67208E+20,5.93664E+21,1.0015E+16,5.35743E+16
125366,2,5,2,507,2018,6,15,6,3,6,4,0,0,1,1,0,0,0,0,5.71034E+20,5.93671E+21,1.00728E+16,5.35745E+16
125367,2,1,8,121,2018,5,23,6,3,5,3,2,1,1,0,0,0,0,0,5.68923E+20,5.93509E+21,1.00405E+16,5.35602E+16
125368,2,2,12,225,2018,5,7,4,3,2,6,0,1,0,0,0,0,1,0,5.5463E+20,5.93601E+21,9.82494E+15,5.35701E+16
125369,2,2,5,216,2018,5,18,4,3,1,2,0,0,1,0,0,0,0,0,5.5971E+20,5.93548E+21,9.90155E+15,5.35648E+16
125370,2,4,7,416,2018,5,21,4,3,4,6,1,1,0,0,0,0,0,0,5.67341E+20,5.93568E+21,1.00168E+16,5.35656E+16
125371,2,2,9,221,2018,5,6,5,3,5,3,0,0,1,0,0,0,1,0,5.56073E+20,5.93664E+21,9.84685E+15,5.35756E+16
125372,2,3,1,308,2018,5,21,5,3,6,6,1,1,0,1,0,0,0,0,5.63673E+20,5.93653E+21,9.96159E+15,5.35738E+16
125373,2,2,5,217,2018,5,12,4,3,5,3,0,0,1,0,1,0,0,0,5.58312E+20,5.93628E+21,9.88059E+15,5.35721E+16
125374,2,1,1,101,2018,5,15,3,3,3,6,0,1,1,0,0,0,0,0,5.66378E+20,5.9345E+21,1.0002E+16,5.35552E+16
125375,2,3,1,305,2018,5,16,4,3,4,2,0,1,0,0,1,0,0,0,5.63534E+20,5.93662E+21,9.95952E+15,5.35746E+16
125376,2,1,4,111,2018,6,19,1,2,0,7,0,1,0,0,0,0,1,0,5.6377E+20,5.93409E+21,9.96255E+15,5.35518E+16
125377,2,4,5,408,2018,5,17,5,3,5,3,0,0,1,0,0,0,0,0,5.6784E+20,5.93998E+21,1.00253E+16,5.36042E+16
125378,2,2,3,209,2018,5,15,4,3,6,3,0,1,0,1,0,0,0,0,5.62877E+20,5.93568E+21,9.9494E+15,5.35662E+16
125379,2,4,3,406,2018,5,10,3,3,5,3,0,1,1,0,0,0,0,0,5.64774E+20,5.94108E+21,9.97917E+15,5.36145E+16
125380,2,2,1,203,2018,5,8,4,3,5,3,0,1,1,0,0,0,0,0,5.62669E+20,5.93381E+21,9.94589E+15,5.35494E+16
125381,2,2,5,216,2018,5,17,2,3,6,6,0,1,0,1,0,0,0,0,5.601E+20,5.93552E+21,9.90745E+15,5.35651E+16
125382,2,2,1,206,2018,5,9,4,3,0,7,0,1,0,0,0,0,1,0,5.63222E+20,5.93511E+21,9.9545E+15,5.3561E+16
125383,2,5,1,504,2018,6,9,6,3,5,3,0,0,1,0,0,0,0,0,5.70022E+20,5.93576E+21,1.00573E+16,5.3566E+16
125384,2,5,12,520,2018,5,12,6,2,5,2,0,1,1,0,0,0,0,0,5.68601E+20,5.94491E+21,1.00378E+16,5.36485E+16
125385,2,2,2,207,2018,5,17,4,3,6,4,0,0,1,1,0,0,0,0,5.63688E+20,5.93525E+21,9.96156E+15,5.35623E+16
125386,2,3,2,311,2018,5,14,4,3,6,4,0,1,0,1,0,0,0,0,5.64974E+20,5.93582E+21,9.98108E+15,5.35673E+16
125387,2,2,1,206,2018,5,7,5,3,4,6,0,1,0,0,0,0,0,0,5.62775E+20,5.9351E+21,9.94774E+15,5.35611E+16