OBJECTID_1,ULAND,UREGBEZ,UKREIS,UGEMEINDE,UJAHR,UMONAT,USTUNDE,UWOCHENTAG,UKATEGORIE,UART,UTYP1,ULICHTVERH,IstRad,IstPKW,IstFuss,IstKrad,IstGkfz,IstSonstig,STRZUSTAND,LINREFX,LINREFY,XGCSWGS84,YGCSWGS84
125574,2,4,2,403,2018,6,0,5,3,1,6,2,0,1,0,0,0,0,0,5.65052E+20,5.93831E+21,9.98278E+15,5.35896E+16
125575,2,3,2,312,2018,6,10,6,3,4,6,0,1,0,0,0,0,0,0,5.65815E+20,5.93485E+21,9.99357E+15,5.35584E+16
125576,2,3,1,305,2018,6,9,4,3,4,6,0,1,0,0,0,0,0,0,5.63689E+20,5.93682E+21,9.96188E+15,5.35763E+16
125577,2,2,9,221,2018,6,7,4,3,5,3,0,1,1,0,0,0,0,0,5.56189E+20,5.93691E+21,9.84864E+15,5.3578E+16
125578,2,3,2,312,2018,6,8,6,3,6,4,0,1,0,1,0,0,0,0,5.65971E+20,5.93499E+21,9.99596E+15,5.35597E+16
125579,2,4,13,432,2018,6,14,2,3,2,6,0,0,1,0,0,0,0,0,5.67377E+20,5.9456E+21,1.00195E+16,5.36548E+16
125580,2,2,1,205,2018,6,16,6,3,5,3,0,0,1,0,0,0,0,0,5.63424E+20,5.93441E+21,9.9574E+15,5.35547E+16
125581,2,4,8,423,2018,6,15,1,3,1,7,0,0,1,0,0,0,0,0,5.69044E+20,5.9372E+21,1.00428E+16,5.35791E+16
125582,2,1,3,106,2018,6,13,7,3,0,1,0,0,0,0,1,0,0,1,5.64809E+20,5.93429E+21,9.97828E+15,5.35535E+16
125583,2,6,13,614,2018,6,10,3,2,5,2,0,0,1,0,0,0,1,0,5.69894E+20,5.92766E+21,1.00535E+16,5.34933E+16
125584,2,1,5,113,2018,6,16,6,3,0,7,0,1,0,1,0,0,0,0,5.668E+20,5.93492E+21,1.00085E+16,5.35589E+16
125585,2,4,5,413,2018,6,11,6,3,0,7,0,1,1,0,0,0,0,0,5.66861E+20,5.9371E+21,1.00098E+16,5.35785E+16
125586,2,6,2,602,2018,6,16,2,3,0,6,0,0,1,1,0,0,0,0,5.80526E+20,5.92729E+21,1.02137E+16,5.34884E+16
125587,2,7,1,701,2018,6,16,5,3,5,3,0,1,1,0,0,0,0,0,5.64712E+20,5.9238E+21,9.97464E+15,5.34592E+16
125588,2,1,1,101,2018,6,13,2,3,3,6,0,0,1,0,0,0,0,0,5.66307E+20,5.93455E+21,1.00009E+16,5.35556E+16
125589,2,3,5,317,2018,6,22,7,3,6,4,2,0,1,1,0,0,0,1,5.63184E+20,5.93933E+21,9.95477E+15,5.3599E+16
125590,2,7,7,708,2018,6,13,5,3,0,7,0,0,1,0,0,0,0,0,5.64647E+20,5.91992E+21,9.97287E+15,5.34243E+16
125591,2,4,13,432,2018,6,19,6,3,0,4,0,0,1,1,0,0,0,0,5.67137E+20,5.94486E+21,1.00157E+16,5.36482E+16
125592,2,2,10,222,2018,6,17,5,3,2,6,0,0,1,0,0,0,1,1,5.56386E+20,5.93372E+21,9.85105E+15,5.35494E+16
125593,2,1,12,130,2018,6,19,3,3,1,6,0,0,1,0,0,0,0,0,5.75031E+20,5.93174E+21,1.01319E+16,5.35292E+16
125594,2,1,16,137,2018,6,16,5,2,4,2,0,0,1,0,1,0,0,0,5.65821E+20,5.92935E+21,9.99252E+15,5.3509E+16
125595,2,6,1,601,2018,6,20,5,3,2,6,0,0,1,1,0,0,0,0,5.8001E+20,5.92793E+21,1.02061E+16,5.34942E+16
125596,2,3,2,312,2018,6,16,5,3,4,7,0,0,1,0,1,0,0,0,5.65864E+20,5.93547E+21,9.99445E+15,5.3564E+16
125597,2,1,6,116,2018,6,7,5,3,2,6,0,0,1,0,0,0,0,0,5.67564E+20,5.93396E+21,1.00198E+16,5.35502E+16
125598,2,1,6,115,2018,6,7,4,3,5,3,0,1,0,0,0,0,0,0,5.66724E+20,5.93346E+21,1.0007E+16,5.35458E+16
125599,2,5,18,526,2018,6,16,5,3,0,7,0,0,0,0,1,0,0,0,5.78083E+20,5.94299E+21,1.01808E+16,5.36299E+16
125600,2,2,8,220,2018,6,7,2,3,1,5,0,1,0,0,0,0,1,1,5.57848E+20,5.93993E+21,9.87426E+15,5.3605E+16
125601,2,5,3,511,2018,6,22,5,3,2,6,1,0,1,0,0,0,0,0,5.71856E+20,5.93642E+21,1.00851E+16,5.35718E+16
125602,2,1,8,123,2018,6,4,7,3,1,1,2,0,1,0,0,0,0,0,5.69961E+20,5.93476E+21,1.00561E+16,5.35571E+16
125603,2,1,11,129,2018,6,8,6,3,5,3,0,0,1,0,0,0,0,1,5.71579E+20,5.93514E+21,1.00806E+16,5.35603E+16
125604,2,1,14,132,2018,6,16,3,3,2,6,0,0,1,0,0,1,0,0,5.69723E+20,5.93282E+21,1.00521E+16,5.35397E+16
125605,2,5,2,505,2018,6,16,5,2,4,2,0,1,1,0,0,0,0,0,5.70142E+20,5.93657E+21,1.00593E+16,5.35733E+16
125606,2,3,3,314,2018,6,12,6,3,3,2,0,1,1,0,0,0,0,0,5.65274E+20,5.93756E+21,9.98597E+15,5.35828E+16
125607,2,6,6,607,2018,6,18,4,3,5,3,0,1,1,0,0,0,0,0,5.77941E+20,5.92231E+21,1.01735E+16,5.34441E+16
125608,2,5,18,526,2018,6,18,3,3,4,6,0,1,0,0,0,0,0,0,5.76906E+20,5.94021E+21,1.01623E+16,5.36051E+16
125609,2,5,7,515,2018,6,12,5,3,3,6,0,1,0,0,0,0,0,0,5.72133E+20,5.94307E+21,1.00908E+16,5.36314E+16
125610,2,5,8,516,2018,6,8,5,3,5,3,0,1,0,0,0,1,0,0,5.69739E+20,5.94012E+21,1.0054E+16,5.36052E+16
125611,2,5,10,518,2018,6,20,3,3,0,7,0,1,0,0,0,0,0,0,5.73144E+20,5.94485E+21,1.01065E+16,5.36473E+16
125612,2,3,2,312,2018,6,8,5,3,0,5,0,1,0,0,0,0,1,1,5.65084E+20,5.93594E+21,9.98277E+15,5.35683E+16
125613,2,5,7,515,2018,6,16,5,3,4,6,0,1,0,0,0,0,0,0,5.715E+20,5.94174E+21,1.0081E+16,5.36196E+16
125614,2,5,12,520,2018,6,7,5,3,5,3,0,1,0,0,0,0,0,0,5.69454E+20,5.94384E+21,1.00505E+16,5.36387E+16
125615,2,1,7,119,2018,6,11,3,3,5,3,0,0,1,0,0,0,0,0,5.68675E+20,5.93451E+21,1.00367E+16,5.3555E+16
125616,2,5,17,525,2018,6,19,5,3,5,3,1,0,1,0,1,0,0,0,5.77182E+20,5.94517E+21,1.01677E+16,5.36496E+16
125617,2,6,14,615,2018,6,11,1,3,6,4,0,0,1,1,0,0,0,0,5.77658E+20,5.92617E+21,1.01702E+16,5.34788E+16
125618,2,4,4,407,2018,6,17,5,3,4,2,0,1,1,0,0,0,0,0,5.66675E+20,5.94113E+21,1.00079E+16,5.36147E+16
125619,2,3,7,319,2018,6,1,7,3,5,3,2,0,1,0,0,0,0,0,5.59258E+20,5.94218E+21,9.89599E+15,5.36251E+16
125620,2,5,17,525,2018,6,17,6,3,5,3,0,1,1,0,0,0,0,0,5.7846E+20,5.94463E+21,1.01869E+16,5.36445E+16
125621,2,5,5,513,2018,6,5,3,3,5,3,0,0,1,0,0,0,0,0,5.72822E+20,5.93839E+21,1.01002E+16,5.35893E+16
125622,2,4,13,432,2018,6,14,5,3,2,6,0,0,1,0,1,0,0,0,5.65529E+20,5.94682E+21,9.99177E+15,5.3666E+16
125623,2,6,2,603,2018,6,11,5,3,5,3,0,1,1,0,0,0,0,0,5.80369E+20,5.9267E+21,1.02112E+16,5.34831E+16
125624,2,4,9,425,2018,6,23,4,3,1,6,2,0,1,0,0,0,0,0,5.70534E+20,5.93795E+21,1.00655E+16,5.35856E+16
125625,2,3,9,321,2018,6,15,5,3,5,2,0,1,0,0,0,0,1,0,5.61978E+20,5.93642E+21,9.93597E+15,5.3573E+16
125626,2,1,3,106,2018,6,17,3,3,5,3,0,1,1,0,0,0,0,0,5.64856E+20,5.93436E+21,9.97901E+15,5.35541E+16
125627,2,2,5,216,2018,6,18,3,3,4,2,0,1,1,0,0,0,0,0,5.59788E+20,5.93539E+21,9.90271E+15,5.3564E+16
125628,2,2,8,220,2018,6,7,5,3,6,2,0,0,1,1,0,0,0,0,5.57478E+20,5.93931E+21,9.86855E+15,5.35994E+16
125629,2,4,12,431,2018,6,7,2,3,5,3,0,1,1,0,0,0,0,0,5.67184E+20,5.94392E+21,1.00162E+16,5.36397E+16
125630,2,5,2,508,2018,6,10,7,3,2,6,0,0,1,0,0,0,0,1,5.71657E+20,5.93733E+21,1.00823E+16,5.35799E+16
125631,2,2,1,202,2018,6,16,5,3,2,6,0,1,1,0,1,0,0,0,5.61911E+20,5.93342E+21,9.93437E+15,5.3546E+16
125632,2,5,2,507,2018,6,9,6,3,3,6,0,0,1,0,1,0,0,0,5.71149E+20,5.93676E+21,1.00745E+16,5.35749E+16
125633,2,3,8,320,2018,6,7,6,3,4,7,0,0,1,0,0,0,1,0,5.59849E+20,5.93851E+21,9.90423E+15,5.3592E+16
125634,2,2,1,202,2018,6,17,5,3,3,6,0,1,0,0,0,0,1,0,5.62193E+20,5.93347E+21,9.93863E+15,5.35464E+16
125635,2,3,1,309,2018,6,21,1,3,5,3,1,1,1,0,0,0,0,0,5.64206E+20,5.93633E+21,9.9696E+15,5.35719E+16
125636,2,3,3,314,2018,6,22,5,3,5,3,2,0,1,0,0,0,0,0,5.65292E+20,5.93699E+21,9.98612E+15,5.35777E+16
125637,2,1,17,138,2018,6,16,6,3,0,7,0,1,0,0,0,0,0,0,5.67035E+20,5.93067E+21,1.00111E+16,5.35207E+16
125638,2,4,6,414,2018,6,8,6,3,0,7,0,0,1,1,0,0,0,1,5.67479E+20,5.93642E+21,1.0019E+16,5.35723E+16
125639,2,1,3,107,2018,6,16,6,3,5,3,0,0,1,0,0,0,1,1,5.6523E+20,5.93371E+21,9.98452E+15,5.35482E+16
125640,2,5,18,526,2018,6,18,3,3,5,3,0,1,1,0,0,0,0,0,5.77036E+20,5.94027E+21,1.01643E+16,5.36056E+16
125641,2,3,2,311,2018,6,11,5,3,4,2,0,0,1,0,1,0,0,0,5.64739E+20,5.93549E+21,9.97747E+15,5.35643E+16
125642,2,5,17,525,2018,6,15,5,2,5,3,0,0,1,0,1,0,0,0,5.78248E+20,5.94611E+21,1.01841E+16,5.36579E+16
125643,2,4,10,427,2018,6,20,4,3,3,5,0,0,1,0,1,0,0,0,5.68936E+20,5.93809E+21,1.00414E+16,5.35871E+16
125644,2,1,1,101,2018,6,17,5,3,2,6,0,0,1,0,0,0,0,0,5.66721E+20,5.93371E+21,1.0007E+16,5.35481E+16
125645,2,1,11,129,2018,6,15,2,3,2,2,0,0,1,0,0,0,0,0,5.70799E+20,5.93506E+21,1.00688E+16,5.35596E+16
125646,2,1,1,102,2018,6,9,3,3,6,4,0,1,0,1,0,0,0,0,5.65922E+20,5.93398E+21,9.99501E+15,5.35505E+16
125647,2,7,12,713,2018,6,16,4,3,0,7,0,1,0,0,0,0,1,0,5.59417E+20,5.92901E+21,9.89589E+15,5.35066E+16
125648,2,4,6,415,2018,6,13,2,3,5,3,0,1,1,0,0,0,0,0,5.67954E+20,5.93598E+21,1.00261E+16,5.35683E+16
125649,2,4,10,426,2018,6,16,7,3,0,1,0,0,0,0,1,0,0,1,5.69676E+20,5.93822E+21,1.00526E+16,5.35881E+16
125650,2,7,1,702,2018,6,12,4,3,2,6,0,0,1,0,0,0,0,0,5.65445E+20,5.92351E+21,9.98563E+15,5.34565E+16
125651,2,5,11,519,2018,6,11,6,3,5,3,0,0,1,0,0,0,0,0,5.72326E+20,5.94514E+21,1.00942E+16,5.365E+16
125652,2,4,5,409,2018,6,18,5,3,2,6,0,0,1,0,0,0,0,1,5.67019E+20,5.93947E+21,1.00127E+16,5.35998E+16
125653,2,5,18,526,2018,6,16,3,3,0,3,0,0,1,0,1,0,0,0,5.75335E+20,5.94056E+21,1.01386E+16,5.36085E+16
125654,2,7,10,711,2018,6,16,4,3,5,2,0,1,1,0,0,0,0,0,5.62776E+20,5.92407E+21,9.94554E+15,5.34619E+16
125655,2,1,16,136,2018,6,8,4,3,5,3,0,0,1,0,0,0,0,0,5.67333E+20,5.93043E+21,1.00155E+16,5.35185E+16
125656,2,3,4,316,2018,6,12,5,3,3,7,0,0,1,0,0,0,1,0,5.64128E+20,5.93786E+21,9.96873E+15,5.35857E+16
125657,2,1,16,137,2018,6,5,4,3,0,2,0,1,1,0,0,0,0,0,5.65368E+20,5.92952E+21,9.98572E+15,5.35105E+16
125658,2,2,3,210,2018,6,18,4,3,2,6,0,1,0,0,0,0,0,0,5.62677E+20,5.9347E+21,9.94617E+15,5.35574E+16
125659,2,1,13,131,2018,6,12,4,3,1,6,0,0,1,0,0,0,0,0,5.72452E+20,5.93E+21,1.00926E+16,5.35139E+16
125660,2,5,3,510,2018,6,8,5,3,2,6,0,0,1,0,0,0,1,1,5.70895E+20,5.93643E+21,1.00706E+16,5.35719E+16
125661,2,4,9,425,2018,6,13,3,3,5,3,0,1,1,0,0,0,0,0,5.70327E+20,5.93797E+21,1.00624E+16,5.35858E+16
125662,2,5,4,512,2018,6,16,4,3,3,2,0,1,1,0,0,0,0,0,5.73697E+20,5.93692E+21,1.0113E+16,5.3576E+16
125663,2,3,9,321,2018,6,8,5,3,3,2,0,1,1,0,0,0,0,0,5.61804E+20,5.93859E+21,9.93377E+15,5.35925E+16
125664,2,5,4,512,2018,6,9,4,3,1,6,0,0,1,0,0,0,0,0,5.74418E+20,5.93621E+21,1.01238E+16,5.35694E+16
125665,2,3,1,304,2018,6,19,4,3,3,7,0,0,1,0,0,0,0,0,5.62263E+20,5.93652E+21,9.9403E+15,5.35739E+16
125666,2,5,7,515,2018,6,8,4,3,2,7,0,0,1,0,0,0,1,0,5.71983E+20,5.94305E+21,1.00886E+16,5.36313E+16
125667,2,5,3,511,2018,6,16,2,2,0,7,0,1,0,0,0,0,0,0,5.7222E+20,5.93654E+21,1.00906E+16,5.35728E+16
125668,2,5,3,510,2018,6,16,2,3,1,6,0,0,1,0,0,0,1,0,5.7135E+20,5.93572E+21,1.00773E+16,5.35655E+16
125669,2,5,10,518,2018,6,7,4,3,4,7,0,1,1,0,0,0,0,0,5.74302E+20,5.94383E+21,1.01238E+16,5.3638E+16
125670,2,5,18,526,2018,6,10,1,3,2,7,0,0,1,0,0,0,0,0,5.76508E+20,5.94124E+21,1.01565E+16,5.36143E+16
125671,2,3,2,312,2018,6,16,7,2,6,4,0,0,1,1,0,0,0,1,5.65814E+20,5.93489E+21,9.99358E+15,5.35588E+16
125672,2,5,3,511,2018,6,7,3,3,5,3,0,1,1,0,0,0,0,0,5.72846E+20,5.93621E+21,1.01E+16,5.35697E+16
125673,2,4,13,432,2018,6,14,4,3,0,4,0,0,0,1,0,0,1,0,5.68161E+20,5.94508E+21,1.00312E+16,5.365E+16
125674,2,4,5,409,2018,6,15,6,3,2,6,0,0,1,0,0,0,0,0,5.68243E+20,5.9394E+21,1.00312E+16,5.3599E+16
125675,2,2,5,216,2018,6,9,5,3,6,4,0,1,0,1,0,0,0,1,5.59865E+20,5.93603E+21,9.90399E+15,5.35697E+16
125676,2,4,6,415,2018,6,10,3,3,6,3,0,0,1,1,0,0,0,0,5.6809E+20,5.93609E+21,1.00282E+16,5.35693E+16
125677,2,4,13,432,2018,6,7,4,2,5,3,0,1,1,0,0,0,0,0,5.67739E+20,5.94726E+21,1.00253E+16,5.36697E+16
125678,2,1,13,131,2018,6,7,4,2,3,2,0,0,1,0,1,0,0,0,5.71651E+20,5.93268E+21,1.00812E+16,5.35381E+16
125679,2,4,8,422,2018,6,20,4,3,4,2,0,0,1,0,0,0,0,0,5.68572E+20,5.93673E+21,1.00356E+16,5.3575E+16
125680,2,1,5,114,2018,6,17,5,3,0,7,0,1,1,0,0,0,0,0,5.67244E+20,5.93456E+21,1.00151E+16,5.35556E+16
125681,2,4,6,415,2018,6,8,4,3,5,2,0,1,0,0,0,0,0,0,5.67533E+20,5.9357E+21,1.00197E+16,5.35658E+16
125682,2,1,16,137,2018,6,14,4,3,3,6,0,0,1,0,0,0,1,0,5.62834E+20,5.92844E+21,9.94729E+15,5.35011E+16
125683,2,3,8,320,2018,6,17,4,3,2,6,0,0,1,0,0,0,0,0,5.60548E+20,5.94057E+21,9.91519E+15,5.36105E+16
125684,2,2,7,219,2018,6,13,2,3,4,6,0,1,1,0,0,0,0,0,5.57565E+20,5.93459E+21,9.869E+15,5.3557E+16
125685,2,2,9,221,2018,6,13,4,3,5,3,0,0,1,0,0,0,1,0,5.57386E+20,5.9373E+21,9.86679E+15,5.35814E+16
125686,2,5,2,509,2018,6,23,7,3,6,4,2,0,1,1,0,0,0,0,5.71391E+20,5.93789E+21,1.00784E+16,5.3585E+16
125687,2,1,8,123,2018,6,9,6,3,4,6,0,1,1,0,0,0,0,1,5.70368E+20,5.93462E+21,1.00623E+16,5.35557E+16
125688,2,4,8,422,2018,6,21,3,3,6,3,1,1,0,1,0,0,0,0,5.68708E+20,5.93658E+21,1.00376E+16,5.35736E+16
125689,2,4,10,428,2018,6,14,2,3,1,5,0,1,1,0,0,0,0,0,5.6873E+20,5.93864E+21,1.00384E+16,5.35921E+16
125690,2,2,8,220,2018,6,19,4,3,5,2,0,1,1,0,0,0,0,0,5.58791E+20,5.9395E+21,9.88843E+15,5.3601E+16
125691,2,3,2,311,2018,6,12,1,3,1,6,0,0,1,0,1,0,0,0,5.64951E+20,5.93583E+21,9.98074E+15,5.35673E+16
125692,2,1,5,114,2018,6,15,7,3,6,4,0,0,1,1,0,0,0,1,5.66803E+20,5.93434E+21,1.00084E+16,5.35537E+16
125693,2,2,3,208,2018,6,16,3,3,1,5,0,0,1,0,1,0,0,0,5.6286E+20,5.9353E+21,9.94907E+15,5.35628E+16
125694,2,2,8,220,2018,6,15,4,3,3,2,0,0,1,0,1,0,0,0,5.57892E+20,5.93825E+21,9.87462E+15,5.35899E+16
125695,2,2,14,227,2018,6,11,6,3,6,2,0,0,1,1,0,0,0,0,5.49943E+20,5.93723E+21,9.75437E+15,5.35816E+16
125696,2,1,5,113,2018,6,17,5,3,5,3,0,1,1,0,0,0,0,1,5.67886E+20,5.93442E+21,1.00247E+16,5.35542E+16
125697,2,2,1,205,2018,6,9,3,3,6,4,0,0,1,1,0,0,0,0,5.63232E+20,5.93404E+21,9.95443E+15,5.35515E+16
125698,2,3,6,318,2018,6,8,4,3,8,1,0,0,1,0,0,0,0,0,5.61697E+20,5.94115E+21,9.93266E+15,5.36155E+16
125699,2,3,1,310,2018,6,15,4,3,5,2,0,1,1,0,0,0,0,0,5.63964E+20,5.93559E+21,9.96579E+15,5.35653E+16
125700,2,5,2,505,2018,6,10,3,2,5,2,0,0,1,0,1,0,0,0,5.70532E+20,5.9372E+21,1.00653E+16,5.35789E+16
125701,2,1,1,101,2018,6,13,4,3,4,7,0,1,1,0,0,0,0,0,5.6602E+20,5.93399E+21,9.99649E+15,5.35506E+16
125702,2,5,7,515,2018,6,15,1,3,1,5,0,0,1,0,0,0,0,0,5.73447E+20,5.94219E+21,1.01105E+16,5.36233E+16
125703,2,6,2,602,2018,6,19,4,3,2,6,0,0,1,0,0,0,0,0,5.7829E+20,5.92819E+21,1.01802E+16,5.34968E+16
125704,2,1,16,137,2018,6,16,4,3,2,6,0,0,0,0,0,0,1,0,5.64077E+20,5.92907E+21,9.96616E+15,5.35067E+16
125705,2,1,3,108,2018,6,21,7,3,5,3,1,0,1,0,0,0,0,0,5.6554E+20,5.93483E+21,9.98942E+15,5.35583E+16
125706,2,5,17,525,2018,6,12,6,3,6,4,0,0,1,1,0,0,0,0,5.76909E+20,5.94528E+21,1.01636E+16,5.36506E+16
125707,2,3,3,313,2018,6,21,3,3,0,7,2,0,1,0,0,0,1,0,5.64737E+20,5.93693E+21,9.97774E+15,5.35773E+16
125708,2,1,19,140,2018,6,7,3,3,3,6,0,0,1,0,0,1,0,0,5.59248E+20,5.93011E+21,9.89356E+15,5.35166E+16
125709,2,5,5,513,2018,6,15,5,2,3,2,0,1,1,0,0,0,0,0,5.7463E+20,5.93816E+21,1.01274E+16,5.3587E+16
125710,2,5,10,518,2018,6,8,4,3,5,3,0,1,1,0,0,0,0,0,5.74422E+20,5.94461E+21,1.01258E+16,5.3645E+16
125711,2,3,3,314,2018,6,10,3,3,5,2,0,1,1,0,0,0,0,0,5.66042E+20,5.9371E+21,9.99748E+15,5.35786E+16
125712,2,7,9,710,2018,6,8,3,3,3,2,0,1,1,0,0,0,0,0,5.6464E+20,5.92306E+21,9.97342E+15,5.34526E+16
125713,2,7,1,702,2018,6,16,3,3,5,2,0,1,1,0,0,0,0,0,5.65132E+20,5.92466E+21,9.98115E+15,5.34669E+16
125714,2,6,2,603,2018,6,17,3,3,6,4,0,0,1,1,0,0,0,0,5.81543E+20,5.92684E+21,1.02289E+16,5.34842E+16
125715,2,1,3,108,2018,6,20,6,3,4,6,0,1,0,0,0,0,0,0,5.65315E+20,5.93481E+21,9.98602E+15,5.35581E+16
125716,2,5,6,514,2018,6,7,4,2,5,7,0,0,1,0,1,0,0,0,5.74294E+20,5.94078E+21,1.0123E+16,5.36106E+16
125717,2,3,2,312,2018,6,15,3,3,2,6,0,0,0,0,1,0,1,0,5.65802E+20,5.93489E+21,9.99339E+15,5.35588E+16
125718,2,1,7,119,2018,6,15,3,3,5,3,0,1,1,0,0,0,0,0,5.68212E+20,5.93424E+21,1.00296E+16,5.35526E+16
125719,2,4,5,411,2018,6,17,3,3,0,3,0,1,0,1,0,0,0,0,5.684E+20,5.93802E+21,1.00333E+16,5.35866E+16
125720,2,5,18,526,2018,6,19,3,3,3,2,0,0,1,0,1,0,0,0,5.76543E+20,5.93831E+21,1.01564E+16,5.3588E+16
125721,2,6,1,601,2018,6,14,7,3,5,3,0,0,1,0,0,1,0,0,5.80312E+20,5.92943E+21,1.0211E+16,5.35077E+16
125722,2,5,6,514,2018,6,15,3,2,3,2,0,1,1,0,0,0,0,0,5.73668E+20,5.9414E+21,1.01137E+16,5.36163E+16
125723,2,1,11,129,2018,6,23,6,3,2,6,2,0,1,0,0,0,0,0,5.70941E+20,5.93495E+21,1.0071E+16,5.35586E+16
125724,2,4,8,418,2018,6,8,6,3,6,4,0,0,1,1,0,0,0,1,5.6791E+20,5.93688E+21,1.00256E+16,5.35764E+16
125725,2,7,9,710,2018,6,7,5,3,5,3,0,1,1,0,0,0,0,1,5.63364E+20,5.92271E+21,9.95413E+15,5.34496E+16
125726,2,6,2,602,2018,6,18,2,3,0,7,0,0,1,0,1,0,0,0,5.80303E+20,5.92708E+21,1.02103E+16,5.34866E+16
125727,2,5,7,515,2018,6,15,3,3,1,5,0,1,1,0,0,0,0,0,5.71765E+20,5.94113E+21,1.00848E+16,5.3614E+16
125728,2,4,4,407,2018,6,16,5,3,1,5,0,1,1,0,0,0,0,0,5.6653E+20,5.94052E+21,1.00056E+16,5.36093E+16
125729,2,3,8,320,2018,6,23,4,3,4,2,2,0,1,0,0,0,0,0,5.60005E+20,5.94121E+21,9.90711E+15,5.36163E+16
125730,2,5,17,525,2018,6,16,3,2,6,4,0,1,0,1,0,0,0,0,5.76011E+20,5.94512E+21,1.015E+16,5.36494E+16
125731,2,5,6,514,2018,6,12,2,3,3,7,0,0,1,0,0,0,0,0,5.73943E+20,5.94039E+21,1.01176E+16,5.36071E+16
125732,2,7,1,702,2018,6,14,2,3,0,7,0,0,0,1,0,1,0,0,5.65364E+20,5.92397E+21,9.98451E+15,5.34606E+16
125733,2,5,1,504,2018,6,22,3,3,5,3,2,0,1,0,0,0,0,0,5.7003E+20,5.93576E+21,1.00574E+16,5.3566E+16
125734,2,3,9,321,2018,6,12,2,3,5,3,0,1,1,0,0,0,0,0,5.60961E+20,5.93912E+21,9.92114E+15,5.35974E+16
125735,2,2,5,215,2018,6,18,7,3,0,1,0,0,1,0,1,0,0,1,5.61375E+20,5.93502E+21,9.9266E+15,5.35605E+16
125736,2,2,3,210,2018,6,8,3,3,0,7,0,1,1,0,0,0,0,0,5.61932E+20,5.93407E+21,9.93481E+15,5.35518E+16
125737,2,5,1,503,2018,6,16,3,3,2,6,0,0,1,0,0,0,0,0,5.69262E+20,5.9355E+21,1.00458E+16,5.35638E+16
125738,2,4,5,413,2018,6,17,2,3,5,3,0,1,1,0,0,0,0,0,5.66577E+20,5.93731E+21,1.00056E+16,5.35804E+16
125739,2,5,12,520,2018,6,11,7,3,4,2,0,0,1,0,0,0,0,1,5.70138E+20,5.94566E+21,1.00613E+16,5.3655E+16
125740,2,4,7,416,2018,6,16,3,3,2,6,0,0,1,0,0,0,0,0,5.67272E+20,5.9354E+21,1.00157E+16,5.35632E+16
125741,2,5,7,515,2018,6,17,6,3,4,3,0,1,0,0,0,0,0,0,5.70533E+20,5.93937E+21,1.00658E+16,5.35984E+16
125742,2,3,6,318,2018,6,8,6,3,0,7,0,1,0,0,1,0,0,1,5.62181E+20,5.94153E+21,9.94005E+15,5.36189E+16
125743,2,5,7,515,2018,6,18,5,3,5,3,0,0,1,0,0,0,0,1,5.70304E+20,5.9391E+21,1.00623E+16,5.3596E+16
125744,2,6,2,602,2018,6,15,2,3,2,6,0,0,1,0,1,0,0,0,5.79968E+20,5.92691E+21,1.02052E+16,5.34851E+16
125745,2,4,8,421,2018,6,8,3,3,2,6,0,0,1,0,0,1,0,0,5.68436E+20,5.93776E+21,1.00338E+16,5.35843E+16
125746,2,2,11,224,2018,6,14,5,2,5,3,0,1,1,0,0,0,0,0,5.54194E+20,5.93591E+21,9.81835E+15,5.35692E+16
125747,2,5,1,504,2018,6,18,3,3,5,3,0,1,1,0,0,0,0,0,5.69986E+20,5.93684E+21,1.0057E+16,5.35758E+16
125748,2,3,1,308,2018,6,0,4,3,0,4,2,0,0,1,1,0,0,0,5.63737E+20,5.93646E+21,9.96254E+15,5.35731E+16
125749,2,3,8,320,2018,6,7,4,3,5,3,0,1,1,0,0,0,0,0,5.60341E+20,5.94201E+21,9.91234E+15,5.36234E+16
125750,2,3,7,319,2018,6,15,3,3,2,6,0,0,1,0,0,0,1,0,5.61084E+20,5.94292E+21,9.92374E+15,5.36315E+16
125751,2,5,2,509,2018,6,19,2,3,3,6,0,0,1,0,0,0,0,0,5.7228E+20,5.93819E+21,1.00919E+16,5.35876E+16
125752,2,5,7,515,2018,6,16,2,3,5,3,0,1,1,0,0,0,0,0,5.72897E+20,5.94247E+21,1.01023E+16,5.36259E+16
125753,2,3,6,318,2018,6,16,3,3,5,3,0,1,1,0,0,0,0,0,5.62604E+20,5.94229E+21,9.9466E+15,5.36257E+16
125754,2,5,16,524,2018,6,17,1,3,0,7,0,1,0,0,0,0,1,0,5.7323E+20,5.94737E+21,1.01084E+16,5.36699E+16
125755,2,1,3,106,2018,6,8,7,3,2,6,0,0,1,0,0,0,0,1,5.64263E+20,5.9339E+21,9.96995E+15,5.35501E+16
125756,2,1,11,129,2018,6,12,2,3,7,7,0,0,1,0,0,0,1,0,5.71575E+20,5.93515E+21,1.00806E+16,5.35604E+16
125757,2,3,1,308,2018,6,8,3,3,0,1,0,0,0,0,1,0,0,0,5.63571E+20,5.93643E+21,9.96002E+15,5.35729E+16
125758,2,4,5,409,2018,6,7,6,3,0,6,0,0,0,0,1,0,1,0,5.68088E+20,5.93952E+21,1.00289E+16,5.36001E+16
125759,2,3,2,312,2018,6,10,5,3,2,6,0,0,1,0,0,0,0,1,5.65634E+20,5.93506E+21,9.9909E+15,5.35603E+16
125760,2,1,13,131,2018,6,14,2,2,5,3,0,0,1,0,0,0,0,0,5.72721E+20,5.93225E+21,1.00972E+16,5.35341E+16