OBJECTID_1,ULAND,UREGBEZ,UKREIS,UGEMEINDE,UJAHR,UMONAT,USTUNDE,UWOCHENTAG,UKATEGORIE,UART,UTYP1,ULICHTVERH,IstRad,IstPKW,IstFuss,IstKrad,IstGkfz,IstSonstig,STRZUSTAND,LINREFX,LINREFY,XGCSWGS84,YGCSWGS84
125761,2,2,2,207,2018,6,15,3,3,3,6,0,1,1,0,0,0,0,0,5.63282E+20,5.93516E+21,9.95541E+15,5.35615E+16
125762,2,1,3,108,2018,6,19,3,3,1,7,0,1,1,0,0,0,0,0,5.65084E+20,5.93453E+21,9.98248E+15,5.35556E+16
125763,2,4,4,407,2018,6,19,6,3,3,2,0,1,1,0,0,0,0,0,5.66506E+20,5.94147E+21,1.00054E+16,5.36178E+16
125764,2,3,9,321,2018,6,15,5,3,5,3,0,1,1,0,0,0,0,1,5.62324E+20,5.93768E+21,9.94145E+15,5.35843E+16
125765,2,1,16,137,2018,6,14,3,3,5,3,0,0,1,0,0,1,0,0,5.6409E+20,5.92853E+21,9.96625E+15,5.35018E+16
125766,2,1,16,137,2018,6,14,2,3,5,3,0,1,1,0,0,0,0,0,5.66372E+20,5.92832E+21,1.00006E+16,5.34996E+16
125767,2,2,4,214,2018,6,10,5,3,6,3,0,1,0,1,0,0,0,0,5.61731E+20,5.93384E+21,9.93173E+15,5.35499E+16
125768,2,1,11,129,2018,6,20,2,3,5,3,0,0,1,0,0,0,0,0,5.72753E+20,5.93437E+21,1.00982E+16,5.35532E+16
125769,2,1,3,108,2018,6,21,4,3,0,7,0,1,0,0,0,0,0,0,5.651E+20,5.93453E+21,9.98272E+15,5.35556E+16
125770,2,1,13,131,2018,6,7,2,3,2,2,0,0,1,0,0,0,0,0,5.72853E+20,5.93245E+21,1.00993E+16,5.35359E+16
125771,2,4,7,416,2018,6,21,2,3,0,5,1,0,1,0,1,0,0,1,5.67883E+20,5.93536E+21,1.00249E+16,5.35627E+16
125772,2,5,4,512,2018,6,14,2,3,1,6,0,0,1,0,0,0,0,0,5.75128E+20,5.93682E+21,1.01346E+16,5.35748E+16
125773,2,7,1,702,2018,6,20,7,3,2,2,0,0,1,0,0,0,0,0,5.6519E+20,5.92426E+21,9.98194E+15,5.34633E+16
125774,2,6,5,606,2018,6,15,6,3,1,5,0,0,1,0,0,0,0,0,5.7846E+20,5.92299E+21,1.01815E+16,5.34501E+16
125775,2,5,2,509,2018,6,23,2,2,5,3,2,0,1,0,0,0,0,0,5.72302E+20,5.93908E+21,1.00925E+16,5.35955E+16
125776,2,4,2,405,2018,6,19,6,3,5,3,0,1,1,0,0,0,0,0,5.64711E+20,5.93963E+21,9.9779E+15,5.36015E+16
125777,2,1,16,136,2018,6,6,4,2,4,2,0,0,1,0,0,0,0,0,5.67334E+20,5.93043E+21,1.00156E+16,5.35185E+16
125778,2,4,9,425,2018,6,22,2,3,4,2,1,0,1,0,1,0,0,0,5.70745E+20,5.93742E+21,1.00686E+16,5.35808E+16
125779,2,5,2,507,2018,6,14,2,2,5,3,0,1,1,0,0,0,0,0,5.71455E+20,5.93683E+21,1.00792E+16,5.35754E+16
125780,2,4,11,430,2018,6,14,3,3,5,3,0,0,1,0,0,0,0,0,5.6873E+20,5.94037E+21,1.00388E+16,5.36076E+16
125781,2,4,11,430,2018,6,20,2,3,2,6,0,0,1,0,0,0,0,0,5.6851E+20,5.94112E+21,1.00356E+16,5.36144E+16
125782,2,2,1,204,2018,6,11,1,3,5,3,0,1,1,0,0,0,0,1,5.62536E+20,5.93437E+21,9.944E+15,5.35545E+16
125783,2,5,7,515,2018,6,17,2,3,2,6,0,0,1,0,0,0,0,0,5.70989E+20,5.94058E+21,1.0073E+16,5.36092E+16
125784,2,6,1,601,2018,6,18,3,3,0,7,0,1,0,0,0,0,1,0,5.79976E+20,5.92892E+21,1.02058E+16,5.35032E+16
125785,2,2,10,222,2018,6,19,2,3,5,3,0,0,1,0,0,0,0,0,5.56411E+20,5.93373E+21,9.85143E+15,5.35494E+16
125786,2,6,5,606,2018,6,12,1,2,1,5,0,1,1,0,0,0,0,0,5.83136E+20,5.91916E+21,1.02508E+16,5.3415E+16
125787,2,2,5,216,2018,6,16,2,3,1,5,0,1,1,0,0,0,0,0,5.59988E+20,5.93608E+21,9.90586E+15,5.35702E+16
125788,2,4,5,413,2018,6,12,7,3,0,2,0,0,1,0,0,0,1,0,5.66875E+20,5.93761E+21,1.00102E+16,5.35831E+16
125789,2,4,9,424,2018,6,19,6,3,1,5,0,1,1,0,0,0,0,0,5.69931E+20,5.93751E+21,1.00563E+16,5.35818E+16
125790,2,2,8,220,2018,6,8,2,3,0,7,0,0,0,0,0,0,1,0,5.5885E+20,5.93951E+21,9.88932E+15,5.36011E+16
125791,2,1,16,137,2018,6,15,5,2,5,3,0,1,1,0,0,0,0,0,5.65177E+20,5.92899E+21,9.98272E+15,5.35058E+16
125792,2,5,4,512,2018,6,14,4,3,2,6,0,0,1,0,0,0,0,0,5.7441E+20,5.93638E+21,1.01237E+16,5.3571E+16
125793,2,3,7,319,2018,6,20,2,3,3,6,1,0,1,0,1,0,0,0,5.60499E+20,5.94328E+21,9.91497E+15,5.36348E+16
125794,2,3,3,314,2018,6,13,3,3,1,7,0,1,1,0,0,0,0,0,5.65905E+20,5.93738E+21,9.99547E+15,5.35812E+16
125795,2,2,12,225,2018,6,8,3,3,1,5,0,1,1,0,0,0,0,0,5.5482E+20,5.93716E+21,9.82802E+15,5.35804E+16
125796,2,2,4,213,2018,6,13,2,3,2,3,0,1,0,0,0,0,0,0,5.61695E+20,5.9342E+21,9.93126E+15,5.35531E+16
125797,2,5,18,526,2018,6,14,7,3,0,6,0,1,0,0,0,0,1,1,5.75762E+20,5.94014E+21,1.0145E+16,5.36046E+16
125798,2,1,1,102,2018,6,9,2,3,3,6,0,0,1,0,1,0,0,0,5.65316E+20,5.93359E+21,9.98578E+15,5.35472E+16
125799,2,5,2,508,2018,6,14,6,3,5,3,0,0,1,0,0,0,0,0,5.71971E+20,5.93708E+21,1.0087E+16,5.35777E+16
125800,2,2,10,222,2018,6,21,6,3,5,3,0,1,1,0,0,0,0,0,5.55742E+20,5.93487E+21,9.84153E+15,5.35597E+16
125801,2,1,8,121,2018,6,9,5,3,3,2,0,0,1,0,1,0,0,1,5.69269E+20,5.9349E+21,1.00457E+16,5.35584E+16
125802,2,5,18,526,2018,6,10,4,3,5,3,0,1,1,0,0,0,0,0,5.76829E+20,5.93927E+21,1.01609E+16,5.35967E+16
125803,2,6,1,601,2018,6,12,1,3,8,1,0,0,1,0,1,0,1,0,5.80115E+20,5.92969E+21,1.02081E+16,5.351E+16
125804,2,4,8,422,2018,6,23,5,3,5,2,2,0,1,0,0,0,0,0,5.68572E+20,5.93674E+21,1.00356E+16,5.3575E+16
125805,2,1,12,130,2018,6,18,1,3,2,6,0,0,1,0,0,0,0,0,5.73144E+20,5.93284E+21,1.01037E+16,5.35394E+16
125806,2,5,3,511,2018,6,15,1,3,4,2,0,0,1,0,0,0,0,0,5.7308E+20,5.93683E+21,1.01037E+16,5.35752E+16
125807,2,7,10,711,2018,6,9,6,3,5,3,0,1,1,0,0,0,0,0,5.62176E+20,5.92329E+21,9.93637E+15,5.3455E+16
125808,2,4,8,423,2018,6,13,6,3,5,2,0,0,1,0,0,0,0,0,5.69433E+20,5.93688E+21,1.00486E+16,5.35762E+16
125809,2,5,18,526,2018,6,13,1,3,6,4,0,1,0,1,0,0,0,0,5.7876E+20,5.94025E+21,1.01903E+16,5.36051E+16
125810,2,5,9,517,2018,6,7,5,3,4,6,0,1,0,0,0,0,0,0,5.72903E+20,5.94352E+21,1.01026E+16,5.36353E+16
125811,2,4,13,432,2018,6,16,4,3,2,6,0,0,1,0,0,0,0,0,5.66129E+20,5.94803E+21,1.00011E+16,5.36768E+16
125812,2,5,5,513,2018,6,19,1,3,5,3,0,1,1,0,0,0,0,0,5.72949E+20,5.93751E+21,1.01019E+16,5.35813E+16
125813,2,7,14,715,2018,6,18,2,3,8,1,0,1,0,0,0,0,0,1,5.57288E+20,5.92555E+21,9.86317E+15,5.34758E+16
125814,2,1,1,101,2018,6,16,3,3,3,2,0,1,1,0,0,0,0,0,5.66279E+20,5.93454E+21,1.00005E+16,5.35556E+16
125815,2,5,2,507,2018,6,6,1,3,5,3,0,0,1,0,0,0,0,1,5.71677E+20,5.93697E+21,1.00825E+16,5.35767E+16
125816,2,4,10,428,2018,6,11,2,3,0,2,0,0,1,0,0,0,1,0,5.69117E+20,5.9388E+21,1.00443E+16,5.35935E+16
125817,2,4,13,432,2018,6,21,7,3,2,6,1,0,1,0,0,0,0,1,5.6635E+20,5.94595E+21,1.0004E+16,5.36581E+16
125818,2,5,7,515,2018,6,10,1,2,1,5,0,0,1,0,0,0,1,0,5.71471E+20,5.9406E+21,1.00803E+16,5.36093E+16
125819,2,5,11,519,2018,6,11,6,3,4,6,0,1,0,0,0,0,0,0,5.71712E+20,5.94602E+21,1.00852E+16,5.3658E+16
125820,2,4,13,432,2018,6,13,5,3,1,6,0,0,1,0,0,0,0,1,5.65849E+20,5.94487E+21,9.99621E+15,5.36484E+16
125821,2,4,13,432,2018,6,12,1,3,0,1,0,1,0,0,0,0,0,0,5.67432E+20,5.94605E+21,1.00204E+16,5.36588E+16
125822,2,4,8,422,2018,6,12,1,3,5,3,0,1,1,0,0,0,0,0,5.68597E+20,5.93671E+21,1.0036E+16,5.35748E+16
125823,2,3,5,317,2018,6,9,5,3,5,3,0,1,1,0,0,0,0,0,5.62952E+20,5.93814E+21,9.95102E+15,5.35883E+16
125824,2,3,8,320,2018,6,13,1,3,2,6,0,1,1,0,0,0,0,0,5.60324E+20,5.94062E+21,9.91181E+15,5.3611E+16
125825,2,2,1,205,2018,6,12,4,3,2,6,0,0,1,0,0,0,0,0,5.6321E+20,5.93426E+21,9.95414E+15,5.35534E+16
125826,2,2,1,205,2018,6,18,4,3,6,4,0,1,0,1,0,0,0,0,5.63321E+20,5.93404E+21,9.95577E+15,5.35514E+16
125827,2,2,5,216,2018,6,15,1,2,0,7,0,1,0,0,0,0,1,0,5.59508E+20,5.93621E+21,9.89863E+15,5.35714E+16
125828,2,4,4,407,2018,6,7,2,3,1,7,0,1,1,0,0,0,0,0,5.66596E+20,5.9401E+21,1.00065E+16,5.36054E+16
125829,2,2,8,220,2018,6,5,1,3,3,6,1,0,1,0,0,0,0,1,5.57964E+20,5.93813E+21,9.87568E+15,5.35888E+16
125830,2,5,4,512,2018,7,8,2,3,1,6,0,0,1,0,0,0,0,0,5.74461E+20,5.93804E+21,1.01248E+16,5.35859E+16
125831,2,4,13,432,2018,7,11,6,3,1,5,0,0,1,0,0,0,0,0,5.67173E+20,5.94493E+21,1.00162E+16,5.36488E+16
125832,2,4,8,420,2018,7,18,4,3,5,3,0,0,1,0,0,0,0,0,5.68294E+20,5.93686E+21,1.00314E+16,5.35762E+16
125833,2,4,5,408,2018,7,15,2,3,9,7,0,0,1,0,0,0,0,0,5.66335E+20,5.93959E+21,1.00024E+16,5.36009E+16
125834,2,5,4,512,2018,7,9,2,3,3,2,0,1,1,0,0,0,0,0,5.75304E+20,5.93736E+21,1.01374E+16,5.35797E+16
125835,2,1,1,101,2018,7,10,4,3,6,4,0,0,0,1,0,0,1,0,5.66572E+20,5.93411E+21,1.00048E+16,5.35517E+16
125836,2,5,18,526,2018,7,10,2,3,5,3,0,0,1,0,0,0,0,0,5.75122E+20,5.94152E+21,1.01357E+16,5.36171E+16
125837,2,1,1,101,2018,7,19,7,3,6,4,0,1,0,1,0,0,0,0,5.66571E+20,5.93411E+21,1.00048E+16,5.35517E+16
125838,2,6,9,610,2018,7,20,2,3,5,3,0,0,1,0,0,0,1,0,5.7403E+20,5.92714E+21,1.01157E+16,5.3488E+16
125839,2,5,18,526,2018,7,17,2,3,0,6,0,0,0,0,0,0,1,0,5.77168E+20,5.94029E+21,1.01663E+16,5.36058E+16
125840,2,5,8,516,2018,7,14,2,3,6,2,0,0,1,1,0,0,0,0,5.69476E+20,5.94069E+21,1.00501E+16,5.36104E+16
125841,2,4,3,406,2018,7,18,5,3,5,3,0,1,1,0,0,0,0,0,5.65101E+20,5.94001E+21,9.98387E+15,5.36049E+16
125842,2,1,8,126,2018,7,14,6,3,5,3,0,0,1,0,0,0,1,0,5.69739E+20,5.93398E+21,1.00526E+16,5.35501E+16
125843,2,4,10,429,2018,7,13,2,3,6,4,0,0,0,1,0,1,0,0,5.68881E+20,5.9397E+21,1.00409E+16,5.36016E+16
125844,2,2,1,203,2018,7,15,4,3,5,3,0,1,1,0,0,0,0,1,5.62751E+20,5.934E+21,9.94716E+15,5.35511E+16
125845,2,5,7,515,2018,7,13,2,3,0,1,0,0,0,0,1,0,0,0,5.72218E+20,5.94017E+21,1.00915E+16,5.36054E+16
125846,2,7,1,702,2018,7,11,5,3,6,2,0,0,1,1,0,0,0,0,5.65404E+20,5.92355E+21,9.98502E+15,5.34569E+16
125847,2,7,9,710,2018,7,20,1,2,5,3,0,0,1,0,0,0,0,0,5.63628E+20,5.92348E+21,9.95826E+15,5.34565E+16
125848,2,5,18,526,2018,7,11,3,3,5,2,0,1,1,0,0,0,0,0,5.77354E+20,5.93912E+21,1.01688E+16,5.35952E+16
125849,2,5,13,521,2018,7,8,2,3,2,6,0,0,1,0,0,0,1,0,5.72219E+20,5.94802E+21,1.00933E+16,5.36759E+16
125850,2,4,6,414,2018,7,11,6,3,3,2,0,0,1,0,1,0,0,0,5.67183E+20,5.93681E+21,1.00147E+16,5.35758E+16
125851,2,5,7,515,2018,7,17,2,3,5,3,0,0,1,0,0,0,1,0,5.71251E+20,5.94146E+21,1.00771E+16,5.36171E+16
125852,2,4,5,409,2018,7,18,2,3,1,2,0,0,0,0,1,0,0,0,5.68265E+20,5.93932E+21,1.00315E+16,5.35983E+16
125853,2,7,10,711,2018,7,21,5,3,2,2,0,0,1,0,0,0,1,0,5.62185E+20,5.92574E+21,9.93698E+15,5.34769E+16
125854,2,4,5,409,2018,7,8,2,3,5,3,0,1,1,0,0,0,0,0,5.67094E+20,5.93905E+21,1.00138E+16,5.3596E+16
125855,2,5,4,512,2018,7,19,6,3,3,5,0,0,1,0,0,0,0,0,5.74432E+20,5.93661E+21,1.01241E+16,5.35731E+16
125856,2,5,18,526,2018,7,15,2,3,5,2,0,1,1,0,0,0,0,0,5.76397E+20,5.94109E+21,1.01548E+16,5.3613E+16
125857,2,4,6,415,2018,7,17,2,3,4,2,0,1,1,0,0,0,0,0,5.67584E+20,5.93574E+21,1.00205E+16,5.35662E+16
125858,2,1,12,130,2018,7,9,3,3,4,2,0,0,1,0,0,0,1,0,5.74428E+20,5.93303E+21,1.01231E+16,5.35409E+16
125859,2,4,5,409,2018,7,20,5,3,0,5,0,1,1,0,0,0,0,0,5.66642E+20,5.93858E+21,1.00069E+16,5.35918E+16
125860,2,2,12,225,2018,7,22,2,2,0,1,1,1,0,0,0,0,0,0,5.54092E+20,5.93746E+21,9.81708E+15,5.35832E+16
125861,2,3,2,311,2018,7,12,5,3,4,6,0,0,0,0,0,1,0,0,5.64613E+20,5.93613E+21,9.9757E+15,5.35701E+16
125862,2,3,9,321,2018,6,9,3,3,2,6,0,0,1,0,0,0,0,0,5.60147E+20,5.93846E+21,9.90872E+15,5.35915E+16
125863,2,5,17,525,2018,7,8,6,3,5,3,0,1,1,0,0,0,0,0,5.76694E+20,5.94482E+21,1.01602E+16,5.36465E+16
125864,2,2,6,218,2018,7,8,3,3,1,5,0,1,1,0,0,0,0,0,5.58426E+20,5.93588E+21,9.88224E+15,5.35685E+16
125865,2,2,9,221,2018,7,11,2,3,5,3,0,1,1,0,0,0,0,0,5.57158E+20,5.93694E+21,9.86328E+15,5.35782E+16
125866,2,4,5,410,2018,7,16,5,3,0,7,0,1,0,0,0,0,0,0,5.6749E+20,5.9384E+21,1.00196E+16,5.35901E+16
125867,2,4,6,415,2018,7,17,1,2,2,6,0,0,1,0,1,0,0,0,5.67816E+20,5.93599E+21,1.0024E+16,5.35684E+16
125868,2,5,1,501,2018,7,17,3,3,5,3,0,1,1,0,0,0,0,0,5.69144E+20,5.93632E+21,1.00442E+16,5.35712E+16
125869,2,3,6,318,2018,7,18,2,3,1,5,0,1,1,0,0,0,0,0,5.63676E+20,5.94031E+21,9.96241E+15,5.36077E+16
125870,2,2,1,204,2018,7,14,6,3,5,3,0,0,1,0,0,0,0,0,5.6245E+20,5.93421E+21,9.94266E+15,5.3553E+16
125871,2,3,2,312,2018,7,8,2,3,3,2,0,0,1,0,1,0,0,0,5.65947E+20,5.93575E+21,9.99576E+15,5.35665E+16
125872,2,3,5,317,2018,7,17,2,3,5,2,0,1,1,0,0,0,0,0,5.64053E+20,5.9379E+21,9.96761E+15,5.3586E+16
125873,2,1,12,130,2018,7,17,4,3,5,3,0,1,1,0,0,0,0,1,5.7389E+20,5.93519E+21,1.01155E+16,5.35604E+16
125874,2,2,4,213,2018,7,15,2,3,3,6,0,1,0,0,0,0,1,0,5.61407E+20,5.9339E+21,9.92685E+15,5.35504E+16
125875,2,5,18,526,2018,7,14,4,3,2,6,0,0,1,0,1,0,0,0,5.76405E+20,5.94126E+21,1.0155E+16,5.36146E+16
125876,2,1,15,134,2018,7,16,5,3,0,7,0,1,1,0,0,0,0,0,5.6798E+20,5.93109E+21,1.00254E+16,5.35243E+16
125877,2,1,11,128,2018,7,13,2,3,2,6,0,0,0,0,0,1,0,0,5.71804E+20,5.93362E+21,1.00837E+16,5.35465E+16
125878,2,2,4,214,2018,7,12,2,3,5,2,0,0,1,0,0,0,0,0,5.60893E+20,5.93339E+21,9.919E+15,5.35459E+16
125879,2,5,18,526,2018,7,17,4,3,5,3,0,0,1,0,0,0,0,0,5.7605E+20,5.93806E+21,1.01488E+16,5.35858E+16
125880,2,1,5,113,2018,7,18,2,3,5,3,0,1,1,0,0,0,0,0,5.67213E+20,5.93508E+21,1.00147E+16,5.35603E+16
125881,2,1,12,130,2018,7,18,4,3,5,3,0,1,1,0,0,0,0,0,5.74178E+20,5.93203E+21,1.01191E+16,5.3532E+16
125882,2,1,4,112,2018,7,0,6,3,2,6,2,0,1,0,0,0,0,0,5.63963E+20,5.9335E+21,9.96535E+15,5.35465E+16
125883,2,1,18,139,2018,7,11,3,3,6,6,0,0,0,1,1,0,0,0,5.64523E+20,5.93162E+21,9.97342E+15,5.35296E+16
125884,2,1,16,137,2018,7,14,1,3,8,6,0,0,1,0,0,0,1,0,5.66218E+20,5.92911E+21,9.99845E+15,5.35068E+16
125885,2,2,8,220,2018,7,6,5,3,6,4,0,0,1,1,0,0,0,0,5.57964E+20,5.93807E+21,9.87568E+15,5.35883E+16
125886,2,1,2,104,2018,7,17,1,3,2,6,0,0,1,0,0,0,0,0,5.67755E+20,5.93233E+21,1.00223E+16,5.35355E+16
125887,2,3,6,318,2018,7,5,3,3,5,2,1,0,1,0,1,0,0,0,5.63469E+20,5.94082E+21,9.95938E+15,5.36123E+16
125888,2,6,7,608,2018,7,15,1,2,6,4,0,0,1,1,0,0,0,0,5.73446E+20,5.9215E+21,1.01056E+16,5.34374E+16
125889,2,6,2,603,2018,7,12,1,2,0,1,0,0,0,0,1,0,0,0,5.80232E+20,5.92672E+21,1.02091E+16,5.34833E+16
125890,2,1,4,111,2018,7,22,6,3,5,7,1,1,1,0,0,0,0,0,5.63798E+20,5.93402E+21,9.96297E+15,5.35512E+16
125891,2,2,3,209,2018,7,11,1,3,5,3,0,1,1,0,0,0,0,0,5.62998E+20,5.93569E+21,9.95123E+15,5.35663E+16
125892,2,1,12,130,2018,7,12,1,3,2,6,0,0,1,0,0,0,1,0,5.73041E+20,5.93312E+21,1.01022E+16,5.35419E+16
125893,2,1,6,115,2018,7,10,4,3,3,6,0,0,1,0,0,0,0,1,5.67113E+20,5.93354E+21,1.00129E+16,5.35465E+16
125894,2,1,13,131,2018,7,20,1,2,0,1,0,0,0,0,1,0,0,0,5.72826E+20,5.93265E+21,1.00989E+16,5.35377E+16
125895,2,5,17,525,2018,7,13,4,2,6,4,0,0,1,1,0,0,0,0,5.7696E+20,5.94485E+21,1.01643E+16,5.36468E+16
125896,2,5,2,507,2018,7,17,2,3,2,6,0,0,1,0,0,0,0,0,5.70924E+20,5.93659E+21,1.00711E+16,5.35734E+16
125897,2,1,7,119,2018,7,18,1,3,0,1,0,0,0,0,1,0,0,0,5.6815E+20,5.9342E+21,1.00287E+16,5.35522E+16
125898,2,3,1,307,2018,7,17,4,3,2,6,0,0,1,0,0,0,1,0,5.63183E+20,5.93604E+21,9.95409E+15,5.35694E+16
125899,2,5,18,526,2018,7,16,1,2,5,2,0,1,1,0,0,0,0,0,5.76465E+20,5.94122E+21,1.01559E+16,5.36142E+16
125900,2,2,1,203,2018,7,19,7,3,1,5,0,0,1,0,0,0,0,0,5.62122E+20,5.93389E+21,9.93764E+15,5.35502E+16
125901,2,1,5,113,2018,7,16,3,3,0,7,0,0,1,0,0,0,0,0,5.6743E+20,5.93462E+21,1.00179E+16,5.35561E+16
125902,2,5,18,526,2018,7,11,1,3,2,6,0,0,1,0,1,0,0,0,5.76439E+20,5.94125E+21,1.01555E+16,5.36145E+16
125903,2,5,7,515,2018,7,19,1,3,4,6,0,1,0,0,0,0,0,0,5.71663E+20,5.94159E+21,1.00834E+16,5.36182E+16
125904,2,2,9,221,2018,7,12,5,3,5,3,0,0,1,0,0,0,0,0,5.55986E+20,5.9353E+21,9.84529E+15,5.35636E+16
125905,2,4,3,406,2018,7,10,7,3,5,3,0,0,1,0,0,0,0,0,5.66168E+20,5.94188E+21,1.00004E+16,5.36216E+16
125906,2,2,3,208,2018,7,9,3,3,5,3,0,1,0,0,0,0,0,0,5.62983E+20,5.9356E+21,9.95098E+15,5.35655E+16
125907,2,5,17,525,2018,7,17,1,3,1,5,0,0,1,0,0,0,0,0,5.77168E+20,5.94595E+21,1.01677E+16,5.36566E+16
125908,2,4,13,432,2018,7,18,1,3,3,2,0,1,1,0,0,0,0,0,5.66906E+20,5.94468E+21,1.00122E+16,5.36466E+16
125909,2,1,14,133,2018,7,16,5,3,5,3,0,1,1,0,0,0,0,0,5.68854E+20,5.93221E+21,1.00389E+16,5.35343E+16
125910,2,1,8,122,2018,7,20,7,3,1,7,0,1,1,0,0,0,0,0,5.69637E+20,5.93481E+21,1.00513E+16,5.35576E+16
125911,2,4,5,413,2018,7,9,1,3,1,5,0,1,1,0,0,0,0,0,5.65998E+20,5.93747E+21,9.99689E+15,5.35819E+16
125912,2,4,10,429,2018,7,12,4,3,5,2,0,0,1,0,0,0,0,1,5.68542E+20,5.93961E+21,1.00358E+16,5.36009E+16
125913,2,2,8,220,2018,7,11,1,3,5,2,0,0,1,0,0,0,0,0,5.57835E+20,5.93943E+21,9.87397E+15,5.36005E+16
125914,2,4,8,420,2018,7,23,6,3,0,1,2,1,0,0,0,0,0,0,5.68186E+20,5.93713E+21,1.00299E+16,5.35786E+16
125915,2,2,11,223,2018,7,14,4,3,6,7,0,0,1,1,0,0,0,0,5.53767E+20,5.93524E+21,9.81179E+15,5.35632E+16
125916,2,3,1,307,2018,6,18,3,3,2,6,0,1,0,0,0,0,0,0,5.63275E+20,5.93612E+21,9.9555E+15,5.35701E+16
125917,2,4,8,423,2018,7,16,2,3,3,7,0,0,1,0,0,0,0,0,5.69163E+20,5.93755E+21,1.00447E+16,5.35822E+16
125918,2,2,7,219,2018,7,5,1,3,5,3,0,0,1,0,0,0,0,0,5.58977E+20,5.93388E+21,9.89017E+15,5.35505E+16
125919,2,7,1,702,2018,7,23,3,1,4,6,2,0,1,0,0,0,1,0,5.65846E+20,5.92319E+21,9.9916E+15,5.34536E+16
125920,2,2,1,203,2018,7,17,1,3,6,6,0,1,0,1,0,0,0,0,5.62056E+20,5.93406E+21,9.93669E+15,5.35517E+16
125921,2,6,2,602,2018,7,11,6,3,5,3,0,1,1,0,0,0,0,0,5.80331E+20,5.92708E+21,1.02107E+16,5.34866E+16
125922,2,1,11,129,2018,7,23,2,3,0,6,2,0,1,0,0,0,0,0,5.71548E+20,5.93468E+21,1.00801E+16,5.35562E+16
125923,2,3,2,312,2018,7,1,1,2,5,3,2,0,1,0,0,0,0,0,5.65566E+20,5.93519E+21,9.98989E+15,5.35615E+16
125924,2,1,14,133,2018,7,10,3,3,1,7,0,0,1,0,1,0,0,0,5.68824E+20,5.93216E+21,1.00384E+16,5.35338E+16
125925,2,1,4,109,2018,7,2,1,3,2,7,2,0,1,0,0,0,0,0,5.6473E+20,5.93477E+21,9.97719E+15,5.35578E+16
125926,2,2,4,214,2018,7,15,5,3,5,3,0,1,0,0,0,0,1,0,5.61132E+20,5.93343E+21,9.92261E+15,5.35462E+16
125927,2,4,2,405,2018,6,16,3,3,5,3,0,0,1,0,0,0,0,0,5.64877E+20,5.93962E+21,9.98042E+15,5.36014E+16
125928,2,5,18,526,2018,7,15,6,3,2,6,0,0,1,0,1,0,0,0,5.78627E+20,5.94056E+21,1.01884E+16,5.36079E+16
125929,2,1,14,132,2018,7,18,3,3,4,2,0,0,1,0,0,0,0,0,5.69411E+20,5.93297E+21,1.00474E+16,5.3541E+16
125930,2,6,1,601,2018,6,17,7,2,6,2,0,0,1,1,0,0,0,0,5.79908E+20,5.92766E+21,1.02045E+16,5.34918E+16
125931,2,1,11,128,2018,7,17,5,2,3,6,0,0,1,0,1,1,0,0,5.72542E+20,5.93334E+21,1.00948E+16,5.3544E+16
125932,2,2,4,214,2018,7,10,7,3,3,6,0,0,1,0,1,0,0,0,5.61546E+20,5.93392E+21,9.92895E+15,5.35506E+16
125933,2,6,2,602,2018,7,12,3,3,9,1,0,1,0,0,0,0,0,0,5.81397E+20,5.92808E+21,1.0227E+16,5.34954E+16
125934,2,6,11,612,2018,6,13,7,3,1,5,0,1,1,0,0,0,0,0,5.72066E+20,5.92832E+21,1.00864E+16,5.34989E+16
125935,2,3,6,318,2018,7,7,4,3,5,3,0,0,1,0,0,0,0,1,5.63087E+20,5.94166E+21,9.95377E+15,5.362E+16
125936,2,1,11,128,2018,6,15,7,3,2,6,0,0,1,0,0,0,0,0,5.71844E+20,5.93417E+21,1.00844E+16,5.35515E+16
125937,2,2,4,214,2018,7,12,6,3,0,3,0,0,1,0,1,0,0,0,5.61683E+20,5.93347E+21,9.93094E+15,5.35465E+16
125938,2,3,3,313,2018,7,23,4,3,1,5,2,1,1,0,0,0,0,0,5.65078E+20,5.9366E+21,9.98281E+15,5.35742E+16
125939,2,1,3,108,2018,7,15,2,3,0,6,0,0,1,0,1,0,0,0,5.65617E+20,5.93441E+21,9.9905E+15,5.35545E+16
125940,2,5,18,526,2018,7,17,3,3,2,6,0,0,1,0,0,0,0,0,5.76963E+20,5.94122E+21,1.01634E+16,5.36142E+16
125941,2,1,12,130,2018,6,14,7,3,6,7,0,1,0,1,0,0,0,0,5.72948E+20,5.93296E+21,1.01008E+16,5.35405E+16
125942,2,5,5,513,2018,7,12,6,3,2,6,0,0,1,0,0,0,1,0,5.74929E+20,5.93928E+21,1.01322E+16,5.3597E+16
125943,2,5,3,510,2018,7,19,2,3,3,2,0,1,1,0,0,0,0,0,5.70576E+20,5.93635E+21,1.00658E+16,5.35713E+16
125944,2,5,6,514,2018,6,14,7,3,0,7,0,1,0,0,0,0,0,0,5.73598E+20,5.94139E+21,1.01126E+16,5.36162E+16
125945,2,5,18,526,2018,7,11,3,3,4,2,0,1,1,0,0,0,0,0,5.75447E+20,5.9422E+21,1.01407E+16,5.36232E+16