OBJECTID_1,ULAND,UREGBEZ,UKREIS,UGEMEINDE,UJAHR,UMONAT,USTUNDE,UWOCHENTAG,UKATEGORIE,UART,UTYP1,ULICHTVERH,IstRad,IstPKW,IstFuss,IstKrad,IstGkfz,IstSonstig,STRZUSTAND,LINREFX,LINREFY,XGCSWGS84,YGCSWGS84
125946,2,4,4,407,2018,7,21,5,3,3,5,0,0,1,0,0,0,0,0,5.66846E+20,5.9407E+21,1.00104E+16,5.36109E+16
125947,2,5,18,526,2018,6,13,7,3,5,3,0,1,0,0,0,0,1,0,5.76256E+20,5.94008E+21,1.01524E+16,5.3604E+16
125948,2,1,3,108,2018,7,13,5,3,3,2,0,1,1,0,0,0,0,0,5.65588E+20,5.93502E+21,9.99019E+15,5.35599E+16
125949,2,4,5,409,2018,7,0,6,3,6,3,2,1,0,1,0,0,0,0,5.68225E+20,5.93865E+21,1.00308E+16,5.35922E+16
125950,2,3,1,308,2018,7,1,3,3,5,3,2,1,0,0,0,1,0,0,5.6377E+20,5.93607E+21,9.96296E+15,5.35697E+16
125951,2,5,7,515,2018,6,19,7,3,5,3,0,1,1,0,0,0,0,0,5.72539E+20,5.93958E+21,1.00962E+16,5.36E+16
125952,2,4,6,415,2018,7,15,5,3,2,6,0,0,1,0,0,0,0,0,5.68074E+20,5.93608E+21,1.00279E+16,5.35692E+16
125953,2,3,3,314,2018,7,15,1,2,5,3,0,1,1,0,0,0,0,0,5.65509E+20,5.93747E+21,9.98951E+15,5.3582E+16
125954,2,5,1,501,2018,7,6,3,3,5,3,0,0,1,0,0,0,0,0,5.69008E+20,5.93583E+21,1.0042E+16,5.35668E+16
125955,2,4,12,431,2018,6,14,7,3,5,3,0,0,1,0,1,0,0,0,5.66586E+20,5.94258E+21,1.00069E+16,5.36277E+16
125956,2,3,3,313,2018,7,9,6,3,5,2,0,1,1,0,0,0,0,0,5.64734E+20,5.93676E+21,9.97766E+15,5.35757E+16
125957,2,1,3,108,2018,7,16,2,3,3,6,0,0,1,0,0,0,1,0,5.65465E+20,5.93467E+21,9.98826E+15,5.35568E+16
125958,2,5,5,513,2018,7,9,1,3,4,2,0,0,1,0,1,0,0,0,5.74425E+20,5.93827E+21,1.01244E+16,5.35879E+16
125959,2,4,10,429,2018,7,13,3,3,6,2,0,0,1,1,0,0,0,0,5.68438E+20,5.94021E+21,1.00344E+16,5.36062E+16
125960,2,4,8,423,2018,6,20,7,3,2,6,0,0,1,0,0,0,0,0,5.68887E+20,5.93727E+21,1.00405E+16,5.35797E+16
125961,2,3,8,320,2018,7,18,6,3,2,2,0,1,1,0,0,0,0,0,5.60059E+20,5.93966E+21,9.90763E+15,5.36023E+16
125962,2,5,7,515,2018,7,14,2,2,1,5,0,1,0,0,0,1,0,0,5.7047E+20,5.94E+21,1.0065E+16,5.36041E+16
125963,2,3,8,320,2018,6,12,7,3,0,5,0,0,1,0,0,0,1,0,5.5957E+20,5.94157E+21,9.90059E+15,5.36195E+16
125964,2,7,1,702,2018,7,14,4,3,0,4,0,0,0,1,0,0,1,1,5.65507E+20,5.92356E+21,9.98657E+15,5.34569E+16
125965,2,2,8,220,2018,6,6,7,3,6,6,0,0,1,1,0,0,0,0,5.59005E+20,5.9395E+21,9.89166E+15,5.3601E+16
125966,2,1,7,120,2018,7,16,4,3,6,3,0,0,1,1,0,0,0,0,5.68915E+20,5.93457E+21,1.00403E+16,5.35555E+16
125967,2,1,3,106,2018,7,8,6,3,5,2,0,1,0,0,0,0,1,0,5.64793E+20,5.93381E+21,9.97793E+15,5.35492E+16
125968,2,6,2,603,2018,7,17,2,3,2,6,0,0,1,0,0,0,0,0,5.82344E+20,5.92609E+21,1.02407E+16,5.34773E+16
125969,2,2,5,217,2018,6,3,7,3,0,1,2,1,0,0,0,0,0,0,5.5895E+20,5.93642E+21,9.89025E+15,5.35734E+16
125970,2,1,16,137,2018,7,17,4,3,0,2,0,0,1,0,0,0,1,0,5.66308E+20,5.93059E+21,1.00001E+16,5.352E+16
125971,2,6,1,601,2018,7,14,7,3,5,2,0,1,1,0,0,0,0,0,5.79936E+20,5.92812E+21,1.0205E+16,5.3496E+16
125972,2,3,1,308,2018,7,16,3,3,6,6,0,0,1,1,0,0,0,0,5.63781E+20,5.93607E+21,9.96312E+15,5.35696E+16
125973,2,3,6,318,2018,6,12,7,3,1,5,0,1,1,0,0,0,0,0,5.62533E+20,5.94278E+21,9.94563E+15,5.36301E+16
125974,2,3,2,312,2018,6,10,7,3,4,2,0,0,1,0,0,0,0,0,5.65816E+20,5.93645E+21,9.99393E+15,5.35728E+16
125975,2,5,10,518,2018,7,11,3,3,2,6,0,0,1,0,1,0,0,0,5.73071E+20,5.94553E+21,1.01056E+16,5.36534E+16
125976,2,7,13,714,2018,7,16,5,3,2,6,0,0,1,0,0,0,0,0,5.5966E+20,5.9257E+21,9.89892E+15,5.34769E+16
125977,2,7,1,701,2018,7,16,3,3,5,3,0,0,1,0,1,0,0,0,5.6477E+20,5.92391E+21,9.97555E+15,5.34602E+16
125978,2,3,3,313,2018,7,11,1,3,2,6,0,0,1,0,0,0,1,0,5.64914E+20,5.93689E+21,9.9804E+15,5.35769E+16
125979,2,3,3,314,2018,6,1,7,2,8,1,2,0,1,0,0,0,0,0,5.65173E+20,5.93763E+21,9.98447E+15,5.35835E+16
125980,2,4,5,409,2018,7,18,4,3,5,3,0,0,1,0,0,0,0,1,5.66317E+20,5.93848E+21,1.00019E+16,5.3591E+16
125981,2,1,3,108,2018,6,13,7,3,0,7,0,1,0,0,0,0,0,0,5.65202E+20,5.93451E+21,9.98425E+15,5.35555E+16
125982,2,4,12,431,2018,7,22,6,3,0,7,2,1,0,0,0,0,0,0,5.6729E+20,5.94332E+21,1.00177E+16,5.36343E+16
125983,2,4,5,408,2018,7,16,4,3,5,2,0,0,1,0,1,0,0,0,5.6784E+20,5.93997E+21,1.00253E+16,5.36041E+16
125984,2,4,13,432,2018,7,16,2,3,5,3,0,0,1,0,0,0,0,0,5.66735E+20,5.94543E+21,1.00097E+16,5.36534E+16
125985,2,1,19,140,2018,6,10,6,2,5,2,0,0,1,0,0,1,0,0,5.59456E+20,5.92999E+21,9.89666E+15,5.35155E+16
125986,2,1,13,131,2018,7,14,4,3,3,6,0,0,1,0,0,1,0,1,5.71692E+20,5.93217E+21,1.00817E+16,5.35335E+16
125987,2,7,12,713,2018,6,9,6,3,2,6,0,0,1,0,0,1,0,0,5.58528E+20,5.93021E+21,9.88271E+15,5.35176E+16
125988,2,5,2,508,2018,7,13,4,3,5,2,0,1,1,0,0,0,0,0,5.71716E+20,5.93689E+21,1.00831E+16,5.3576E+16
125989,2,1,14,133,2018,7,9,5,3,1,6,0,0,1,0,0,0,0,0,5.68344E+20,5.93259E+21,1.00313E+16,5.35378E+16
125990,2,5,18,526,2018,7,19,2,3,2,6,0,0,1,0,0,0,0,0,5.75434E+20,5.94064E+21,1.01402E+16,5.36091E+16
125991,2,7,13,714,2018,6,15,6,3,1,1,0,0,1,0,1,0,0,0,5.58379E+20,5.92532E+21,9.87956E+15,5.34737E+16
125992,2,5,1,502,2018,7,17,4,3,3,2,0,1,1,0,0,0,0,0,5.69783E+20,5.93607E+21,1.00537E+16,5.35688E+16
125993,2,7,1,702,2018,6,15,6,3,5,3,0,1,0,0,0,0,1,0,5.65584E+20,5.92358E+21,9.98773E+15,5.34571E+16
125994,2,2,4,212,2018,7,19,7,3,5,3,0,1,1,0,0,0,0,0,5.6025E+20,5.93377E+21,9.90937E+15,5.35493E+16
125995,2,1,4,112,2018,7,16,3,3,2,6,0,0,1,0,0,0,0,0,5.63995E+20,5.93349E+21,9.96582E+15,5.35464E+16
125996,2,1,15,134,2018,6,20,6,3,4,6,0,1,0,0,0,0,0,0,5.6801E+20,5.93143E+21,1.0026E+16,5.35274E+16
125997,2,6,2,602,2018,6,20,6,2,1,5,0,1,1,0,0,0,0,0,5.78622E+20,5.92695E+21,1.01849E+16,5.34857E+16
125998,2,4,5,413,2018,7,12,3,3,2,6,0,0,1,0,0,0,0,0,5.66845E+20,5.93705E+21,1.00096E+16,5.35781E+16
125999,2,5,8,516,2018,7,21,5,3,3,6,0,1,0,0,0,0,1,0,5.69626E+20,5.93994E+21,1.00522E+16,5.36037E+16
126000,2,4,13,432,2018,7,21,7,3,3,7,1,0,1,0,0,0,0,0,5.66872E+20,5.94386E+21,1.00115E+16,5.36393E+16
126001,2,1,13,131,2018,6,13,6,3,8,5,0,0,1,0,0,0,0,0,5.71339E+20,5.9306E+21,1.0076E+16,5.35195E+16
126002,2,4,10,426,2018,7,16,4,3,5,3,0,1,1,0,0,0,0,1,5.69876E+20,5.93857E+21,1.00557E+16,5.35913E+16
126003,2,1,11,129,2018,6,9,6,2,4,2,0,0,1,0,0,0,0,0,5.72451E+20,5.93461E+21,1.00937E+16,5.35553E+16
126004,2,4,10,427,2018,7,11,6,3,2,6,0,0,1,0,0,0,0,0,5.69497E+20,5.93841E+21,1.00499E+16,5.35899E+16
126005,2,4,1,401,2018,7,18,4,3,5,3,0,1,1,0,0,0,0,0,5.64731E+20,5.93767E+21,9.9778E+15,5.35839E+16
126006,2,3,1,308,2018,6,9,3,3,0,3,0,1,1,0,0,0,0,0,5.63796E+20,5.93692E+21,9.96353E+15,5.35773E+16
126007,2,2,5,215,2018,7,17,2,3,3,6,0,0,1,0,0,0,0,0,5.60907E+20,5.93537E+21,9.91959E+15,5.35636E+16
126008,2,1,13,131,2018,7,5,3,3,3,2,0,1,1,0,0,0,0,0,5.72791E+20,5.93247E+21,1.00983E+16,5.35361E+16
126009,2,1,12,130,2018,6,7,6,3,2,7,0,0,1,0,1,0,0,0,5.74147E+20,5.93261E+21,1.01188E+16,5.35372E+16
126010,2,5,1,504,2018,7,8,3,3,5,3,0,0,1,0,0,0,0,0,5.69799E+20,5.9365E+21,1.00541E+16,5.35727E+16
126011,2,1,8,123,2018,7,17,6,3,2,2,0,0,1,0,0,0,0,0,5.6991E+20,5.93519E+21,1.00555E+16,5.35609E+16
126012,2,1,7,119,2018,7,15,2,3,5,3,0,1,1,0,0,0,0,0,5.68577E+20,5.93422E+21,1.00351E+16,5.35524E+16
126013,2,5,6,514,2018,6,17,6,3,2,6,0,0,1,0,0,0,0,0,5.75412E+20,5.9429E+21,1.01404E+16,5.36295E+16
126014,2,5,18,526,2018,6,16,6,3,2,6,0,0,1,0,1,0,0,0,5.76692E+20,5.94194E+21,1.01595E+16,5.36206E+16
126015,2,1,1,102,2018,7,15,4,3,5,3,0,0,1,0,0,0,0,0,5.65425E+20,5.93379E+21,9.98746E+15,5.3549E+16
126016,2,5,18,526,2018,6,17,6,3,6,4,0,0,1,1,0,0,0,0,5.76339E+20,5.94002E+21,1.01537E+16,5.36035E+16
126017,2,1,1,101,2018,7,13,7,3,2,6,0,0,1,0,0,0,0,0,5.66658E+20,5.93398E+21,1.00061E+16,5.35505E+16
126018,2,7,10,711,2018,7,0,2,3,6,2,2,0,1,1,0,0,0,0,5.63919E+20,5.92492E+21,9.96294E+15,5.34694E+16
126019,2,5,10,518,2018,6,14,6,3,2,6,0,0,1,0,0,0,0,0,5.74504E+20,5.94572E+21,1.01273E+16,5.3655E+16
126020,2,4,7,416,2018,6,20,6,3,6,4,0,0,0,1,1,0,0,0,5.67245E+20,5.93537E+21,1.00153E+16,5.35629E+16
126021,2,3,8,320,2018,7,13,3,3,6,2,0,0,1,1,0,0,0,0,5.59764E+20,5.94026E+21,9.90327E+15,5.36077E+16
126022,2,2,8,220,2018,7,11,5,3,2,6,0,0,1,0,0,0,0,0,5.57893E+20,5.93825E+21,9.87463E+15,5.35899E+16
126023,2,1,8,125,2018,7,17,6,2,5,2,0,1,1,0,0,0,0,0,5.70056E+20,5.9345E+21,1.00575E+16,5.35547E+16
126024,2,3,9,321,2018,6,18,6,3,5,3,0,1,1,0,0,0,0,0,5.61959E+20,5.93886E+21,9.93617E+15,5.35949E+16
126025,2,2,4,213,2018,7,9,4,3,5,3,0,1,1,0,0,0,0,1,5.61501E+20,5.93429E+21,9.92836E+15,5.35539E+16
126026,2,3,8,320,2018,6,6,6,3,0,6,0,1,0,0,0,0,1,0,5.59854E+20,5.93997E+21,9.90459E+15,5.36051E+16
126027,2,1,20,141,2018,7,11,5,3,2,6,0,0,1,0,0,0,0,0,5.56817E+20,5.93214E+21,9.85726E+15,5.35351E+16
126028,2,1,3,105,2018,7,22,4,2,5,3,2,1,1,0,0,0,0,0,5.65114E+20,5.93326E+21,9.98267E+15,5.35442E+16
126029,2,1,17,138,2018,7,5,2,2,2,6,0,0,0,0,1,1,0,0,5.67383E+20,5.93139E+21,1.00165E+16,5.35271E+16
126030,2,5,5,513,2018,7,7,3,3,5,3,0,1,1,0,0,0,0,0,5.72964E+20,5.93742E+21,1.01021E+16,5.35806E+16
126031,2,2,8,220,2018,6,12,6,3,3,6,0,0,1,0,0,0,0,0,5.57775E+20,5.93841E+21,9.87288E+15,5.35913E+16
126032,2,2,12,225,2018,7,14,3,3,4,6,0,1,0,0,0,0,0,0,5.55294E+20,5.93624E+21,9.83501E+15,5.35721E+16
126033,2,4,8,423,2018,7,14,6,2,5,3,0,1,1,0,0,0,0,0,5.68936E+20,5.93725E+21,1.00412E+16,5.35796E+16
126034,2,5,2,505,2018,7,7,2,3,5,3,0,0,1,0,1,0,0,0,5.70868E+20,5.93656E+21,1.00702E+16,5.35731E+16
126035,2,2,5,216,2018,6,8,6,3,2,6,0,1,1,0,0,0,0,0,5.60932E+20,5.93501E+21,9.9199E+15,5.35604E+16
126036,2,2,1,204,2018,7,18,5,3,0,5,0,0,1,0,1,0,0,0,5.62476E+20,5.9342E+21,9.94304E+15,5.35529E+16
126037,2,2,5,215,2018,6,15,6,3,5,2,0,1,0,0,0,0,1,0,5.60786E+20,5.93716E+21,9.91812E+15,5.35797E+16
126038,2,2,5,216,2018,7,1,3,3,8,1,2,1,0,0,0,0,0,0,5.59975E+20,5.93521E+21,9.90549E+15,5.35624E+16
126039,2,6,14,615,2018,7,19,4,3,5,2,0,1,1,0,0,0,0,0,5.78437E+20,5.927E+21,1.01821E+16,5.34861E+16
126040,2,2,5,217,2018,7,18,6,3,2,6,0,0,1,0,0,0,0,0,5.59457E+20,5.93582E+21,9.89779E+15,5.35678E+16
126041,2,1,5,113,2018,7,12,3,3,2,6,0,0,1,0,1,0,0,0,5.67544E+20,5.93471E+21,1.00197E+16,5.35569E+16
126042,2,2,3,210,2018,6,14,6,3,5,3,0,1,1,0,0,0,0,0,5.62126E+20,5.9342E+21,9.93776E+15,5.3553E+16
126043,2,2,7,219,2018,7,11,5,3,1,5,0,0,1,0,0,0,0,0,5.60489E+20,5.93341E+21,9.9129E+15,5.35461E+16
126044,2,5,7,515,2018,7,17,5,2,6,4,0,0,1,1,0,0,0,0,5.71269E+20,5.94052E+21,1.00772E+16,5.36086E+16
126045,2,3,2,312,2018,6,16,6,3,5,3,0,0,1,0,0,0,0,0,5.65826E+20,5.93488E+21,9.99374E+15,5.35586E+16
126046,2,2,4,214,2018,7,8,5,3,5,7,0,0,1,0,1,0,0,0,5.61759E+20,5.93348E+21,9.93208E+15,5.35466E+16
126047,2,5,10,518,2018,7,17,6,3,0,1,0,0,1,0,0,0,0,0,5.73496E+20,5.94552E+21,1.0112E+16,5.36533E+16
126048,2,4,10,426,2018,7,7,3,3,5,2,0,1,1,0,0,0,0,0,5.69718E+20,5.93833E+21,1.00533E+16,5.35892E+16
126049,2,1,1,101,2018,6,12,6,3,3,6,0,0,1,0,0,0,0,0,5.6667E+20,5.93372E+21,1.00062E+16,5.35481E+16
126050,2,5,8,516,2018,7,13,5,3,3,6,0,0,1,0,0,0,1,0,5.69644E+20,5.94047E+21,1.00526E+16,5.36084E+16
126051,2,4,13,432,2018,7,0,1,3,6,4,2,0,1,1,0,0,0,0,5.65294E+20,5.94497E+21,9.98783E+15,5.36494E+16
126052,2,4,5,409,2018,7,20,3,2,5,3,0,0,1,0,0,0,1,0,5.68142E+20,5.93953E+21,1.00297E+16,5.36002E+16
126053,2,1,3,108,2018,6,14,6,3,0,7,0,1,0,0,0,0,0,0,5.65822E+20,5.93421E+21,9.99355E+15,5.35526E+16
126054,2,3,4,316,2018,7,20,3,3,1,7,0,1,1,0,0,0,0,0,5.63781E+20,5.93739E+21,9.96339E+15,5.35815E+16
126055,2,4,3,406,2018,7,16,6,3,5,3,0,1,1,0,0,0,0,0,5.64417E+20,5.94078E+21,9.97371E+15,5.36118E+16
126056,2,3,8,320,2018,7,18,2,3,0,7,0,1,0,1,0,0,0,0,5.58997E+20,5.9397E+21,9.89158E+15,5.36028E+16
126057,2,1,20,141,2018,6,22,5,3,9,1,1,0,1,0,0,0,0,0,5.58164E+20,5.93198E+21,9.87757E+15,5.35335E+16
126058,2,6,14,615,2018,7,16,4,2,4,2,0,1,0,0,0,0,1,0,5.76072E+20,5.92689E+21,1.01465E+16,5.34855E+16
126059,2,1,19,140,2018,6,10,5,3,3,6,0,0,1,0,0,1,0,0,5.58763E+20,5.93025E+21,9.88627E+15,5.35179E+16
126060,2,5,3,511,2018,7,16,4,3,4,2,0,0,1,0,0,0,0,0,5.73184E+20,5.93642E+21,1.01052E+16,5.35715E+16
126061,2,1,19,140,2018,7,16,5,3,3,6,0,0,1,0,1,0,0,0,5.60548E+20,5.92989E+21,9.91312E+15,5.35145E+16
126062,2,1,11,129,2018,7,12,2,3,5,3,0,0,1,0,0,0,0,0,5.72457E+20,5.9346E+21,1.00938E+16,5.35552E+16
126063,2,7,1,702,2018,6,13,5,3,0,7,0,0,1,0,0,0,1,0,5.65391E+20,5.92356E+21,9.98483E+15,5.3457E+16
126064,2,1,12,130,2018,7,11,4,3,0,5,0,0,0,0,0,0,1,0,5.73591E+20,5.93365E+21,1.01107E+16,5.35465E+16
126065,2,1,8,125,2018,6,8,5,3,3,2,0,1,1,0,0,0,0,0,5.70062E+20,5.93443E+21,1.00576E+16,5.3554E+16
126066,2,5,17,525,2018,7,11,7,3,2,6,0,0,1,0,0,0,0,0,5.76569E+20,5.94562E+21,1.01585E+16,5.36538E+16
126067,2,4,3,406,2018,7,17,3,3,5,2,0,1,1,0,0,0,0,0,5.65095E+20,5.94107E+21,9.984E+15,5.36144E+16
126068,2,1,8,125,2018,6,7,5,3,5,3,0,1,1,0,0,0,0,0,5.70042E+20,5.93452E+21,1.00573E+16,5.35549E+16
126069,2,1,3,108,2018,7,7,1,2,5,2,0,1,1,0,0,0,0,0,5.65825E+20,5.93478E+21,9.99372E+15,5.35578E+16
126070,2,2,8,220,2018,7,14,3,2,3,6,0,0,1,0,0,0,0,0,5.57946E+20,5.93816E+21,9.87542E+15,5.35891E+16
126071,2,5,18,526,2018,6,15,5,3,3,6,0,0,1,0,1,0,0,0,5.75616E+20,5.94269E+21,1.01434E+16,5.36275E+16
126072,2,5,6,514,2018,6,9,5,3,5,3,0,1,1,0,0,0,0,0,5.74312E+20,5.94139E+21,1.01234E+16,5.36161E+16
126073,2,3,5,317,2018,7,10,3,2,4,6,0,0,0,0,1,0,1,1,5.63573E+20,5.93759E+21,9.9603E+15,5.35833E+16
126074,2,3,2,312,2018,7,14,6,3,3,6,0,1,1,0,0,0,0,0,5.65035E+20,5.9359E+21,9.98202E+15,5.3568E+16
126075,2,6,7,608,2018,7,19,1,3,5,3,0,0,1,0,0,1,0,0,5.73378E+20,5.92367E+21,1.01051E+16,5.34569E+16
126076,2,5,18,526,2018,6,14,5,2,5,3,0,0,1,0,1,0,0,0,5.7705E+20,5.94285E+21,1.01651E+16,5.36288E+16
126077,2,1,12,130,2018,7,12,4,2,5,2,0,0,1,0,0,0,0,1,5.75847E+20,5.93353E+21,1.01447E+16,5.35452E+16
126078,2,5,9,517,2018,6,19,5,3,5,3,0,1,1,0,0,0,0,0,5.716E+20,5.94347E+21,1.00829E+16,5.36351E+16
126079,2,5,11,519,2018,7,20,4,3,5,2,0,1,1,0,0,0,0,0,5.71352E+20,5.94573E+21,1.00796E+16,5.36555E+16
126080,2,4,11,430,2018,7,16,5,3,5,3,0,1,1,0,0,0,0,0,5.69062E+20,5.94069E+21,1.00439E+16,5.36105E+16
126081,2,5,18,526,2018,7,19,2,3,0,1,0,0,0,0,1,0,0,0,5.74706E+20,5.93969E+21,1.01289E+16,5.36007E+16
126082,2,5,16,524,2018,6,9,5,3,5,3,0,1,0,0,0,0,1,0,5.74345E+20,5.94726E+21,1.01253E+16,5.36688E+16
126083,2,2,7,219,2018,7,20,4,3,5,2,0,1,1,0,0,0,0,0,5.59181E+20,5.93465E+21,9.89341E+15,5.35574E+16
126084,2,5,10,518,2018,6,18,5,3,5,3,0,0,1,0,1,0,0,0,5.73944E+20,5.94384E+21,1.01184E+16,5.36381E+16
126085,2,3,1,307,2018,7,1,7,3,3,7,2,0,1,0,0,0,0,0,5.63627E+20,5.93605E+21,9.96079E+15,5.35694E+16
126086,2,1,3,108,2018,7,14,3,3,3,6,0,0,1,0,0,0,0,0,5.65061E+20,5.93468E+21,9.98216E+15,5.3557E+16
126087,2,5,11,519,2018,6,7,5,3,5,3,0,1,1,0,0,0,0,0,5.71294E+20,5.94674E+21,1.0079E+16,5.36645E+16
126088,2,5,9,517,2018,6,10,5,3,2,7,0,0,1,0,1,0,0,0,5.72394E+20,5.94394E+21,1.0095E+16,5.36392E+16
126089,2,3,3,313,2018,7,14,3,3,5,3,0,1,1,0,0,0,0,0,5.66027E+20,5.93658E+21,9.99715E+15,5.35739E+16
126090,2,4,10,426,2018,7,16,5,3,6,7,0,1,0,1,0,0,0,0,5.70057E+20,5.93814E+21,1.00583E+16,5.35874E+16
126091,2,3,1,302,2018,7,23,7,3,0,1,2,1,0,0,0,0,0,0,5.62854E+20,5.93748E+21,9.94942E+15,5.35824E+16
126092,2,5,11,519,2018,6,15,5,2,0,7,0,1,0,0,0,0,0,0,5.72159E+20,5.94528E+21,1.00918E+16,5.36513E+16
126093,2,3,9,321,2018,7,15,4,3,2,6,0,0,1,0,0,0,0,1,5.61963E+20,5.93643E+21,9.93575E+15,5.35731E+16
126094,2,4,12,431,2018,6,14,5,2,2,6,0,0,1,0,0,0,0,0,5.67132E+20,5.94313E+21,1.00152E+16,5.36326E+16
126095,2,2,8,220,2018,7,17,6,3,5,2,0,1,1,0,0,0,0,0,5.57914E+20,5.93803E+21,9.87491E+15,5.35879E+16
126096,2,3,5,317,2018,7,7,4,3,2,6,0,0,1,0,0,0,0,0,5.62706E+20,5.9383E+21,9.94734E+15,5.35898E+16
126097,2,4,5,412,2018,6,9,5,3,6,7,0,1,0,0,0,0,1,0,5.67024E+20,5.93733E+21,1.00124E+16,5.35806E+16
126098,2,3,2,312,2018,7,10,3,3,0,7,0,1,0,0,0,0,0,0,5.65278E+20,5.93636E+21,9.98578E+15,5.35721E+16
126099,2,6,1,601,2018,7,16,5,3,2,6,0,0,1,0,0,0,0,0,5.78814E+20,5.92909E+21,1.01883E+16,5.35049E+16
126100,2,1,16,136,2018,7,10,7,3,4,6,0,1,1,0,0,0,0,0,5.672E+20,5.92899E+21,1.00132E+16,5.35056E+16
126101,2,4,4,407,2018,6,8,5,3,5,3,0,1,1,0,0,0,0,0,5.67392E+20,5.94117E+21,1.00187E+16,5.3615E+16
126102,2,4,8,423,2018,7,16,4,3,2,6,0,0,1,0,0,0,0,1,5.69265E+20,5.93762E+21,1.00463E+16,5.35828E+16
126103,2,4,5,408,2018,6,16,5,3,5,3,0,0,1,0,0,0,0,0,5.67822E+20,5.93998E+21,1.0025E+16,5.36043E+16
126104,2,5,1,501,2018,7,11,6,3,4,6,0,1,0,0,0,0,0,0,5.69009E+20,5.93582E+21,1.0042E+16,5.35667E+16
126105,2,4,10,429,2018,7,8,4,3,0,7,0,1,0,0,0,0,0,0,5.6858E+20,5.93922E+21,1.00363E+16,5.35973E+16
126106,2,5,1,502,2018,7,14,2,3,5,3,0,0,1,0,0,0,0,0,5.69181E+20,5.93625E+21,1.00447E+16,5.35705E+16
126107,2,4,5,408,2018,6,16,5,3,5,3,0,0,1,0,0,0,1,0,5.6784E+20,5.93998E+21,1.00253E+16,5.36043E+16
126108,2,1,5,114,2018,7,10,4,3,3,2,0,1,1,0,0,0,0,0,5.66658E+20,5.93413E+21,1.00062E+16,5.35518E+16
126109,2,4,5,409,2018,6,15,5,3,5,3,0,1,1,0,0,0,0,0,5.68163E+20,5.93954E+21,1.003E+16,5.36003E+16
126110,2,1,4,110,2018,7,8,3,3,5,3,0,1,1,0,0,0,0,0,5.63645E+20,5.93462E+21,9.96077E+15,5.35566E+16
126111,2,7,1,702,2018,7,17,6,3,6,4,0,0,0,1,0,0,1,0,5.65592E+20,5.92358E+21,9.98785E+15,5.34571E+16
126112,2,6,2,603,2018,7,12,2,2,5,3,0,1,1,0,0,0,0,0,5.80787E+20,5.92671E+21,1.02174E+16,5.34832E+16
126113,2,4,8,422,2018,6,16,5,3,6,7,0,1,0,1,0,0,0,0,5.68661E+20,5.93665E+21,1.00369E+16,5.35742E+16
126114,2,3,7,319,2018,6,10,5,3,2,6,0,0,1,0,0,0,0,0,5.61251E+20,5.94404E+21,9.9265E+15,5.36416E+16
126115,2,2,2,207,2018,7,0,3,3,1,6,2,1,1,0,0,0,0,0,5.63958E+20,5.93553E+21,9.96569E+15,5.35647E+16
126116,2,2,4,214,2018,7,19,5,3,4,2,0,0,1,0,1,0,0,0,5.61755E+20,5.93348E+21,9.93202E+15,5.35466E+16
126117,2,5,18,526,2018,7,16,6,3,4,2,0,0,1,0,0,0,0,0,5.76027E+20,5.94188E+21,1.01494E+16,5.36202E+16
126118,2,1,12,130,2018,7,14,3,3,3,2,0,1,1,0,0,0,0,0,5.73403E+20,5.93312E+21,1.01077E+16,5.35418E+16
126119,2,3,6,318,2018,6,9,5,3,6,4,0,1,0,1,0,0,0,0,5.62172E+20,5.94159E+21,9.93993E+15,5.36194E+16
126120,2,7,16,717,2018,7,16,3,3,5,3,0,0,0,0,1,0,1,0,5.53359E+20,5.93154E+21,9.80499E+15,5.35301E+16
126121,2,2,4,212,2018,6,8,5,3,4,2,0,1,1,0,0,0,0,0,5.60994E+20,5.93478E+21,9.92079E+15,5.35584E+16
126122,2,1,15,134,2018,7,18,5,3,2,6,0,0,1,0,0,0,0,0,5.67289E+20,5.93083E+21,1.0015E+16,5.35221E+16
126123,2,1,6,115,2018,7,15,1,3,2,6,0,0,1,0,0,0,0,0,5.66883E+20,5.93368E+21,1.00094E+16,5.35477E+16
126124,2,5,2,507,2018,7,10,3,3,0,2,0,1,0,0,0,0,1,0,5.71632E+20,5.93694E+21,1.00818E+16,5.35764E+16
126125,2,1,5,114,2018,6,13,5,3,3,7,0,1,1,0,0,0,0,0,5.66616E+20,5.93423E+21,1.00055E+16,5.35527E+16
126126,2,1,5,114,2018,7,7,3,3,6,4,0,0,1,1,0,0,0,0,5.66776E+20,5.93442E+21,1.0008E+16,5.35544E+16
126127,2,3,2,312,2018,7,17,2,3,0,7,0,0,0,0,1,0,1,1,5.65355E+20,5.93536E+21,9.98673E+15,5.3563E+16
126128,2,1,7,119,2018,7,8,3,3,3,6,0,0,1,0,0,0,0,0,5.68222E+20,5.93419E+21,1.00298E+16,5.35522E+16
126129,2,1,1,101,2018,6,9,5,3,0,2,0,0,1,0,0,0,1,0,5.66283E+20,5.93455E+21,1.00006E+16,5.35556E+16
126130,2,7,13,714,2018,7,14,2,3,0,3,0,1,1,0,0,0,0,0,5.58111E+20,5.92534E+21,9.87553E+15,5.34738E+16
126131,2,5,5,513,2018,7,18,6,3,2,2,0,0,1,0,0,0,0,0,5.73415E+20,5.93755E+21,1.01089E+16,5.35817E+16