OBJECTID_1,ULAND,UREGBEZ,UKREIS,UGEMEINDE,UJAHR,UMONAT,USTUNDE,UWOCHENTAG,UKATEGORIE,UART,UTYP1,ULICHTVERH,IstRad,IstPKW,IstFuss,IstKrad,IstGkfz,IstSonstig,STRZUSTAND,LINREFX,LINREFY,XGCSWGS84,YGCSWGS84
126132,2,4,9,424,2018,7,12,2,3,0,6,0,0,1,0,1,0,0,0,5.70372E+20,5.9371E+21,1.00629E+16,5.3578E+16
126133,2,1,1,101,2018,6,0,5,2,9,1,2,0,0,0,1,0,0,0,5.66659E+20,5.93397E+21,1.00061E+16,5.35504E+16
126134,2,4,5,408,2018,7,4,5,2,0,1,2,0,0,0,1,0,0,1,5.68106E+20,5.93955E+21,1.00292E+16,5.36003E+16
126135,2,1,5,114,2018,6,18,5,3,6,4,0,1,0,1,0,0,0,0,5.66825E+20,5.93422E+21,1.00087E+16,5.35526E+16
126136,2,7,4,705,2018,7,10,2,3,4,2,0,0,1,0,0,0,0,0,5.65583E+20,5.92281E+21,9.98755E+15,5.34503E+16
126137,2,1,2,103,2018,7,15,5,3,6,4,0,0,1,1,0,0,0,0,5.65412E+20,5.93312E+21,9.98714E+15,5.35429E+16
126138,2,4,5,413,2018,7,9,6,3,3,6,0,1,0,0,0,0,1,0,5.66912E+20,5.93747E+21,1.00107E+16,5.35818E+16
126139,2,4,1,401,2018,7,7,3,3,3,2,0,1,1,0,0,0,0,0,5.6502E+20,5.93774E+21,9.98218E+15,5.35845E+16
126140,2,7,4,705,2018,6,17,4,3,2,6,0,0,1,0,0,0,1,0,5.65578E+20,5.92151E+21,9.98722E+15,5.34385E+16
126141,2,4,8,423,2018,7,6,5,3,5,2,0,1,0,0,0,0,1,0,5.69303E+20,5.93774E+21,1.00469E+16,5.35839E+16
126142,2,1,3,108,2018,7,17,4,3,2,6,0,1,1,0,0,0,0,0,5.6548E+20,5.93482E+21,9.98851E+15,5.35582E+16
126143,2,2,1,205,2018,7,4,1,3,5,3,2,1,1,0,0,0,0,0,5.63313E+20,5.93411E+21,9.95566E+15,5.3552E+16
126144,2,4,6,415,2018,7,16,3,3,2,6,0,0,1,0,0,0,0,0,5.67819E+20,5.93599E+21,1.00241E+16,5.35684E+16
126145,2,7,10,711,2018,6,7,4,3,5,2,0,0,1,0,0,0,0,0,5.61475E+20,5.92583E+21,9.9263E+15,5.34779E+16
126146,2,7,2,703,2018,7,9,2,3,2,6,0,0,1,0,0,0,1,0,5.6656E+20,5.92425E+21,1.00026E+16,5.34631E+16
126147,2,3,2,312,2018,7,13,6,3,4,2,0,1,1,0,0,0,0,0,5.65567E+20,5.93523E+21,9.98992E+15,5.35618E+16
126148,2,1,1,101,2018,7,22,2,3,5,3,2,1,1,0,0,0,0,0,5.66407E+20,5.93443E+21,1.00024E+16,5.35545E+16
126149,2,6,1,601,2018,6,18,4,2,3,7,0,0,0,0,1,0,1,0,5.80279E+20,5.92837E+21,1.02102E+16,5.34981E+16
126150,2,1,13,131,2018,7,17,4,3,0,1,0,0,0,0,1,0,0,1,5.71846E+20,5.93009E+21,1.00835E+16,5.35148E+16
126151,2,1,13,131,2018,6,12,4,3,5,3,0,0,1,0,0,1,0,0,5.72928E+20,5.93165E+21,1.01002E+16,5.35287E+16
126152,2,6,7,608,2018,7,19,2,3,1,7,0,1,1,0,0,0,0,0,5.7382E+20,5.92109E+21,1.01112E+16,5.34337E+16
126153,2,5,4,512,2018,7,19,4,3,6,4,0,0,1,1,0,0,0,0,5.75207E+20,5.93706E+21,1.01359E+16,5.3577E+16
126154,2,1,11,128,2018,7,14,5,3,4,6,0,0,1,0,0,0,1,0,5.71941E+20,5.93389E+21,1.00858E+16,5.3549E+16
126155,2,4,6,415,2018,7,16,6,3,2,6,0,0,1,0,0,0,0,0,5.67878E+20,5.93575E+21,1.00249E+16,5.35662E+16
126156,2,5,8,516,2018,7,18,2,3,2,6,0,0,1,0,0,0,0,0,5.69567E+20,5.94048E+21,1.00515E+16,5.36085E+16
126157,2,1,12,130,2018,6,12,4,3,5,3,0,1,0,0,0,1,0,0,5.73841E+20,5.93207E+21,1.01141E+16,5.35323E+16
126158,2,7,9,710,2018,7,16,4,3,8,1,0,0,1,0,0,0,0,1,5.63784E+20,5.92208E+21,9.96033E+15,5.34438E+16
126159,2,1,12,130,2018,6,15,4,3,1,5,0,1,1,0,0,0,0,0,5.73851E+20,5.9335E+21,1.01145E+16,5.35452E+16
126160,2,6,2,602,2018,7,15,2,3,1,6,0,0,1,0,0,0,0,0,5.79745E+20,5.92724E+21,1.02019E+16,5.34881E+16
126161,2,1,13,131,2018,7,20,4,2,3,7,0,0,1,0,1,0,0,0,5.7187E+20,5.93006E+21,1.00839E+16,5.35146E+16
126162,2,1,3,108,2018,7,18,6,3,5,3,0,1,1,0,0,0,0,0,5.65537E+20,5.93483E+21,9.98937E+15,5.35583E+16
126163,2,1,16,137,2018,7,14,2,3,1,6,0,0,1,0,0,0,0,0,5.65482E+20,5.92863E+21,9.98725E+15,5.35025E+16
126164,2,1,8,122,2018,6,21,4,3,2,2,1,0,1,0,0,1,0,0,5.69847E+20,5.93503E+21,1.00545E+16,5.35595E+16
126165,2,3,2,312,2018,7,10,5,3,4,2,0,1,1,0,0,0,0,0,5.65867E+20,5.93635E+21,9.99468E+15,5.35719E+16
126166,2,7,7,708,2018,7,0,7,2,0,1,2,1,0,0,0,0,0,0,5.64613E+20,5.92046E+21,9.97247E+15,5.34292E+16
126167,2,4,3,406,2018,7,21,3,3,6,4,0,1,0,1,0,0,0,0,5.65056E+20,5.94103E+21,9.98342E+15,5.3614E+16
126168,2,5,18,526,2018,6,19,4,3,4,2,0,0,1,0,0,0,0,0,5.77649E+20,5.94044E+21,1.01736E+16,5.3607E+16
126169,2,5,2,508,2018,6,18,4,3,2,6,0,0,1,0,0,0,0,0,5.73052E+20,5.93705E+21,1.01033E+16,5.35773E+16
126170,2,6,1,601,2018,7,19,2,3,4,6,0,1,1,0,0,0,0,0,5.7955E+20,5.92921E+21,1.01995E+16,5.35058E+16
126171,2,1,5,114,2018,7,11,6,3,6,2,0,0,0,1,0,0,1,0,5.66887E+20,5.93418E+21,1.00096E+16,5.35522E+16
126172,2,2,1,205,2018,7,5,1,3,5,3,0,1,0,0,0,0,1,0,5.63321E+20,5.93405E+21,9.95577E+15,5.35515E+16
126173,2,5,5,513,2018,6,7,4,3,3,2,0,1,1,0,0,0,0,0,5.74438E+20,5.93829E+21,1.01246E+16,5.35881E+16
126174,2,5,12,520,2018,7,18,4,3,5,3,0,0,1,0,0,0,0,1,5.68782E+20,5.94419E+21,1.00404E+16,5.3642E+16
126175,2,5,18,526,2018,6,9,4,3,4,2,0,1,0,0,0,0,1,0,5.77112E+20,5.94288E+21,1.01661E+16,5.36291E+16
126176,2,4,10,429,2018,7,17,6,3,5,3,0,0,1,0,0,0,0,0,5.69281E+20,5.93983E+21,1.0047E+16,5.36027E+16
126177,2,5,10,518,2018,7,7,4,3,5,3,0,0,0,0,1,0,1,0,5.7316E+20,5.94556E+21,1.0107E+16,5.36537E+16
126178,2,5,8,516,2018,7,15,2,3,5,2,0,0,0,0,1,0,1,0,5.69442E+20,5.94056E+21,1.00496E+16,5.36093E+16
126179,2,5,18,526,2018,6,9,4,3,4,2,0,1,1,0,0,0,0,0,5.76512E+20,5.93997E+21,1.01563E+16,5.3603E+16
126180,2,1,1,102,2018,7,19,4,3,4,2,0,1,1,0,0,0,0,0,5.65965E+20,5.93399E+21,9.99567E+15,5.35506E+16
126181,2,5,18,526,2018,6,7,4,3,5,7,0,0,1,0,1,0,0,0,5.77289E+20,5.9424E+21,1.01686E+16,5.36246E+16
126182,2,3,2,311,2018,7,10,7,3,4,2,0,1,1,0,0,0,0,0,5.64806E+20,5.93639E+21,9.97866E+15,5.35723E+16
126183,2,1,14,132,2018,7,14,2,3,1,5,0,0,1,0,0,0,0,0,5.69098E+20,5.93316E+21,1.00428E+16,5.35428E+16
126184,2,5,6,514,2018,6,18,4,2,5,3,0,1,1,0,0,0,0,0,5.74338E+20,5.9393E+21,1.01233E+16,5.35972E+16
126185,2,5,5,513,2018,7,7,4,3,5,3,0,1,0,0,0,0,1,0,5.7491E+20,5.93929E+21,1.01319E+16,5.35971E+16
126186,2,5,4,512,2018,6,12,4,3,0,7,0,1,0,0,0,0,0,0,5.73474E+20,5.93711E+21,1.01097E+16,5.35777E+16
126187,2,2,11,223,2018,7,16,7,2,3,6,0,1,0,0,0,0,0,0,5.52008E+20,5.93548E+21,9.78527E+15,5.35656E+16
126188,2,3,1,308,2018,7,7,3,3,5,7,0,1,1,0,0,0,0,0,5.64123E+20,5.93644E+21,9.96836E+15,5.35729E+16
126189,2,5,2,507,2018,6,7,4,3,5,2,0,1,0,0,0,1,0,0,5.71494E+20,5.9369E+21,1.00798E+16,5.35761E+16
126190,2,5,2,509,2018,6,15,4,3,5,3,0,0,1,0,1,0,0,0,5.71334E+20,5.938E+21,1.00776E+16,5.3586E+16
126191,2,1,7,120,2018,7,10,2,3,5,3,0,1,1,0,0,0,0,0,5.68009E+20,5.93438E+21,1.00266E+16,5.35539E+16
126192,2,5,2,508,2018,7,17,5,3,2,6,0,0,1,0,0,0,0,0,5.72586E+20,5.9383E+21,1.00966E+16,5.35885E+16
126193,2,5,4,512,2018,7,15,7,3,9,7,0,0,1,0,0,0,0,0,5.7501E+20,5.93779E+21,1.01331E+16,5.35836E+16
126194,2,5,7,515,2018,6,20,4,3,2,2,0,0,1,0,0,0,0,0,5.70432E+20,5.93925E+21,1.00643E+16,5.35973E+16
126195,2,4,8,422,2018,7,15,4,3,2,6,0,0,1,0,0,0,0,1,5.68541E+20,5.93671E+21,1.00351E+16,5.35747E+16
126196,2,5,7,515,2018,6,14,4,2,2,6,0,0,1,0,0,1,0,0,5.71472E+20,5.9407E+21,1.00803E+16,5.36102E+16
126197,2,5,1,504,2018,7,11,6,2,0,6,0,1,0,0,0,0,0,0,5.69941E+20,5.93613E+21,1.00561E+16,5.35694E+16
126198,2,2,7,219,2018,7,11,4,2,5,3,0,1,1,0,0,0,0,0,5.59015E+20,5.9344E+21,9.89085E+15,5.35552E+16
126199,2,2,4,211,2018,6,19,3,3,3,2,0,0,1,0,1,0,0,0,5.61431E+20,5.93483E+21,9.9274E+15,5.35587E+16
126200,2,2,9,221,2018,7,13,2,3,0,1,0,0,0,0,1,0,0,0,5.57371E+20,5.93768E+21,9.86664E+15,5.35848E+16
126201,2,5,7,515,2018,6,15,4,3,3,6,0,1,1,0,0,0,0,0,5.71499E+20,5.94085E+21,1.00807E+16,5.36116E+16
126202,2,7,8,709,2018,7,13,3,3,5,3,0,1,1,0,0,0,0,0,5.64328E+20,5.92182E+21,9.96846E+15,5.34415E+16
126203,2,5,14,522,2018,6,18,4,3,2,2,0,0,1,0,0,0,0,0,5.72772E+20,5.95058E+21,1.01023E+16,5.36989E+16
126204,2,5,4,512,2018,7,22,2,2,4,6,1,1,0,0,0,0,0,0,5.74388E+20,5.93612E+21,1.01233E+16,5.35686E+16
126205,2,1,11,129,2018,7,15,6,3,5,3,0,1,1,0,0,0,0,0,5.71576E+20,5.93515E+21,1.00806E+16,5.35604E+16
126206,2,1,11,129,2018,7,16,2,3,2,6,0,0,1,0,0,0,0,0,5.71872E+20,5.93453E+21,1.00849E+16,5.35547E+16
126207,2,5,12,520,2018,6,23,4,3,3,3,2,0,1,0,0,0,0,0,5.6884E+20,5.94483E+21,1.00414E+16,5.36477E+16
126208,2,4,13,432,2018,6,6,4,3,6,4,0,0,1,1,0,0,0,0,5.66572E+20,5.94536E+21,1.00073E+16,5.36528E+16
126209,2,5,18,526,2018,7,15,2,3,5,2,0,1,1,0,0,0,0,0,5.76185E+20,5.94067E+21,1.01515E+16,5.36093E+16
126210,2,2,3,208,2018,7,8,5,3,6,3,0,1,0,1,0,0,0,0,5.63256E+20,5.93528E+21,9.95504E+15,5.35626E+16
126211,2,5,2,505,2018,7,10,6,3,6,4,0,1,0,1,0,0,0,0,5.70656E+20,5.93644E+21,1.0067E+16,5.35721E+16
126212,2,1,5,113,2018,7,14,3,3,0,7,0,0,0,0,1,0,0,0,5.67209E+20,5.93503E+21,1.00147E+16,5.35598E+16
126213,2,4,5,413,2018,6,12,4,3,2,6,0,0,1,0,1,0,0,0,5.66889E+20,5.93758E+21,1.00104E+16,5.35828E+16
126214,2,4,7,416,2018,6,18,4,3,4,2,0,1,0,0,0,0,0,0,5.67209E+20,5.93531E+21,1.00147E+16,5.35624E+16
126215,2,2,9,221,2018,7,8,5,3,5,3,0,1,0,0,0,0,0,0,5.57179E+20,5.93764E+21,9.86373E+15,5.35845E+16
126216,2,1,13,131,2018,7,15,6,3,4,2,0,0,0,0,1,0,1,0,5.71643E+20,5.93199E+21,1.00809E+16,5.3532E+16
126217,2,4,8,421,2018,6,15,4,3,0,3,0,0,1,0,0,0,0,0,5.68456E+20,5.93728E+21,1.0034E+16,5.35799E+16
126218,2,3,5,317,2018,7,12,4,3,2,6,0,0,1,0,0,0,0,1,5.63339E+20,5.93935E+21,9.95712E+15,5.35991E+16
126219,2,4,7,416,2018,6,18,4,3,4,6,0,1,0,0,0,0,0,0,5.67479E+20,5.93561E+21,1.00189E+16,5.3565E+16
126220,2,7,16,717,2018,7,12,5,3,2,6,0,0,1,0,0,0,0,0,5.54288E+20,5.93101E+21,9.81891E+15,5.35252E+16
126221,2,3,2,311,2018,7,20,4,3,5,3,0,1,1,0,0,0,0,0,5.64797E+20,5.93627E+21,9.9785E+15,5.35712E+16
126222,2,1,16,137,2018,7,11,2,3,5,3,0,0,0,0,1,1,0,0,5.64464E+20,5.93066E+21,9.97232E+15,5.3521E+16
126223,2,5,6,514,2018,7,12,3,3,5,3,0,1,1,0,0,0,0,0,5.73524E+20,5.94226E+21,1.01117E+16,5.36239E+16
126224,2,4,8,422,2018,6,11,4,3,5,2,0,1,1,0,0,0,0,0,5.68576E+20,5.93674E+21,1.00357E+16,5.35751E+16
126225,2,5,3,510,2018,7,10,6,3,0,3,0,0,0,0,0,0,1,0,5.70874E+20,5.9364E+21,1.00703E+16,5.35717E+16
126226,2,5,2,509,2018,7,18,2,3,5,3,0,1,1,0,0,0,0,0,5.71581E+20,5.9388E+21,1.00815E+16,5.35931E+16
126227,2,4,10,426,2018,6,15,4,3,3,2,0,0,1,0,1,0,0,0,5.69498E+20,5.93876E+21,1.005E+16,5.35931E+16
126228,2,5,1,504,2018,7,15,5,3,0,2,0,1,1,0,0,0,0,0,5.70113E+20,5.93622E+21,1.00588E+16,5.35702E+16
126229,2,3,8,320,2018,6,22,4,3,3,2,2,1,1,0,0,0,0,0,5.5947E+20,5.94004E+21,9.89879E+15,5.36058E+16
126230,2,7,12,713,2018,7,12,4,2,4,6,0,0,1,0,0,0,0,0,5.59604E+20,5.92875E+21,9.89867E+15,5.35043E+16
126231,2,3,8,320,2018,7,8,6,3,0,6,0,1,0,0,0,0,0,0,5.59124E+20,5.93979E+21,9.89352E+15,5.36036E+16
126232,2,2,3,210,2018,7,10,3,3,4,2,0,1,1,0,0,0,0,1,5.62074E+20,5.93414E+21,9.93697E+15,5.35524E+16
126233,2,3,9,321,2018,6,12,4,3,2,7,0,1,1,0,0,0,0,0,5.61271E+20,5.93943E+21,9.92589E+15,5.36001E+16
126234,2,2,11,224,2018,7,10,5,3,2,2,0,0,1,0,0,1,0,0,5.53438E+20,5.93534E+21,9.80684E+15,5.35642E+16
126235,2,3,2,312,2018,7,8,1,3,0,7,0,1,0,0,0,0,0,0,5.66118E+20,5.93547E+21,9.99829E+15,5.3564E+16
126236,2,2,7,219,2018,7,5,3,3,5,3,0,1,1,0,0,0,0,0,5.6025E+20,5.93377E+21,9.90937E+15,5.35493E+16
126237,2,5,2,508,2018,7,17,3,3,2,2,0,0,1,0,0,0,0,0,5.72338E+20,5.93684E+21,1.00925E+16,5.35754E+16
126238,2,2,8,220,2018,6,7,4,3,4,2,0,1,1,0,0,0,0,0,5.5784E+20,5.93792E+21,9.87377E+15,5.35869E+16
126239,2,1,7,120,2018,7,16,5,3,5,3,0,1,1,0,0,0,0,0,5.68917E+20,5.93457E+21,1.00403E+16,5.35555E+16
126240,2,5,11,519,2018,7,18,1,3,1,5,0,1,0,0,0,0,1,0,5.71021E+20,5.94468E+21,1.00744E+16,5.36461E+16
126241,2,4,13,432,2018,7,9,3,3,3,6,0,0,1,0,1,0,0,0,5.66736E+20,5.945E+21,1.00097E+16,5.36495E+16
126242,2,3,7,319,2018,6,14,4,3,4,6,0,0,1,0,0,0,0,0,5.59655E+20,5.94225E+21,9.90202E+15,5.36257E+16
126243,2,2,8,220,2018,7,14,6,3,0,3,0,1,1,0,0,0,0,0,5.58232E+20,5.93757E+21,9.87963E+15,5.35837E+16
126244,2,4,8,421,2018,7,17,2,3,0,7,0,1,1,0,0,0,0,0,5.68617E+20,5.93753E+21,1.00365E+16,5.35822E+16
126245,2,3,1,304,2018,6,8,4,3,2,6,0,0,1,0,0,0,0,0,5.62536E+20,5.93673E+21,9.94446E+15,5.35757E+16
126246,2,7,1,702,2018,7,8,4,3,4,2,0,0,1,0,0,0,1,1,5.65979E+20,5.92503E+21,9.99399E+15,5.34702E+16
126247,2,3,2,312,2018,6,13,4,3,5,3,0,0,1,0,0,0,0,0,5.65825E+20,5.93487E+21,9.99373E+15,5.35586E+16
126248,2,1,8,126,2018,7,18,4,2,2,6,0,0,1,0,1,0,1,0,5.69735E+20,5.93396E+21,1.00526E+16,5.35499E+16
126249,2,1,5,114,2018,7,9,6,3,3,7,0,0,1,0,0,0,1,0,5.66697E+20,5.93414E+21,1.00067E+16,5.35519E+16
126250,2,1,11,129,2018,7,16,2,2,8,1,0,0,1,0,0,0,0,0,5.72614E+20,5.9347E+21,1.00962E+16,5.35562E+16
126251,2,6,14,615,2018,6,6,3,3,5,3,0,1,1,0,0,0,0,0,5.78278E+20,5.92704E+21,1.01797E+16,5.34865E+16
126252,2,6,1,601,2018,7,14,4,3,3,6,0,0,1,0,0,0,1,0,5.80304E+20,5.92941E+21,1.02109E+16,5.35075E+16
126253,2,5,11,519,2018,7,11,7,3,3,6,0,0,1,0,0,0,0,0,5.70372E+20,5.94512E+21,1.00647E+16,5.36501E+16
126254,2,4,2,404,2018,7,9,3,3,5,2,0,1,1,0,0,0,0,0,5.65915E+20,5.9382E+21,9.99579E+15,5.35885E+16
126255,2,1,12,130,2018,6,7,3,3,4,2,0,0,1,0,0,1,0,0,5.73435E+20,5.93503E+21,1.01086E+16,5.3559E+16
126256,2,5,4,512,2018,6,16,3,3,2,6,0,0,1,0,0,0,0,0,5.74461E+20,5.93804E+21,1.01248E+16,5.35859E+16
126257,2,1,15,134,2018,7,19,5,3,5,3,0,1,0,0,1,0,0,0,5.67287E+20,5.93074E+21,1.00149E+16,5.35212E+16
126258,2,7,1,702,2018,7,13,3,3,5,3,0,0,1,0,0,0,0,0,5.64936E+20,5.92346E+21,9.97795E+15,5.34561E+16
126259,2,1,20,141,2018,7,13,7,3,2,7,0,0,1,0,1,0,0,0,5.57235E+20,5.93251E+21,9.86365E+15,5.35384E+16
126260,2,5,2,506,2018,6,8,3,3,0,7,0,1,0,0,0,0,0,0,5.70854E+20,5.93727E+21,1.00702E+16,5.35795E+16
126261,2,4,6,415,2018,7,19,4,3,2,6,0,0,1,0,0,0,0,1,5.68077E+20,5.93626E+21,1.0028E+16,5.35708E+16
126262,2,5,2,508,2018,6,6,3,3,5,3,1,0,1,0,0,0,0,0,5.72695E+20,5.93727E+21,1.0098E+16,5.35793E+16
126263,2,3,1,309,2018,7,17,6,3,0,7,0,1,0,0,0,0,0,0,5.6443E+20,5.93661E+21,9.97304E+15,5.35744E+16
126264,2,1,1,101,2018,7,9,2,3,2,6,0,0,1,0,0,0,0,0,5.66108E+20,5.93466E+21,9.99796E+15,5.35567E+16
126265,2,5,7,515,2018,6,6,3,3,5,3,0,1,1,0,0,0,0,0,5.70081E+20,5.93896E+21,1.00589E+16,5.35948E+16
126266,2,1,12,130,2018,7,13,4,2,4,7,0,0,1,0,0,0,0,1,5.74034E+20,5.9321E+21,1.0117E+16,5.35326E+16
126267,2,5,10,518,2018,6,14,3,3,2,6,0,0,1,0,0,0,0,0,5.72887E+20,5.94555E+21,1.01028E+16,5.36536E+16
126268,2,4,10,428,2018,7,7,4,3,5,3,0,1,1,0,0,0,0,0,5.69787E+20,5.93953E+21,1.00546E+16,5.35999E+16
126269,2,5,2,507,2018,7,13,5,3,4,2,0,0,1,0,0,0,0,0,5.71176E+20,5.93674E+21,1.00749E+16,5.35746E+16
126270,2,5,4,512,2018,7,19,2,3,1,5,0,0,1,0,0,0,0,0,5.73905E+20,5.93637E+21,1.0116E+16,5.3571E+16
126271,2,5,11,519,2018,6,11,3,3,5,3,0,1,1,0,0,0,0,0,5.71628E+20,5.94626E+21,1.00839E+16,5.36602E+16
126272,2,2,11,223,2018,7,9,4,3,0,5,0,1,1,0,0,0,0,0,5.54331E+20,5.93515E+21,9.82028E+15,5.35624E+16
126273,2,4,11,430,2018,6,15,3,3,5,2,0,0,1,0,0,0,0,0,5.68083E+20,5.94203E+21,1.00294E+16,5.36226E+16
126274,2,2,5,216,2018,7,12,7,3,1,5,0,0,1,0,0,0,1,0,5.59822E+20,5.93585E+21,9.9033E+15,5.35681E+16
126275,2,1,1,101,2018,7,15,3,3,3,6,0,0,1,0,0,0,0,0,5.66539E+20,5.93356E+21,1.00042E+16,5.35467E+16
126276,2,4,13,432,2018,6,16,3,3,4,6,0,1,0,0,0,0,0,0,5.67407E+20,5.94589E+21,1.002E+16,5.36574E+16
126277,2,4,8,420,2018,6,18,3,1,0,1,0,0,1,0,0,0,0,0,5.68176E+20,5.93652E+21,1.00296E+16,5.35731E+16
126278,2,5,8,516,2018,7,19,5,3,5,3,0,0,1,0,0,0,0,0,5.69475E+20,5.94071E+21,1.00501E+16,5.36106E+16
126279,2,2,8,220,2018,7,23,7,3,4,6,2,0,1,0,0,0,1,0,5.56649E+20,5.93915E+21,9.856E+15,5.35982E+16
126280,2,5,1,501,2018,6,11,3,3,5,3,0,0,1,0,0,0,1,0,5.689E+20,5.93621E+21,1.00404E+16,5.35702E+16
126281,2,3,8,320,2018,7,18,4,3,4,2,0,0,1,0,0,0,0,1,5.59086E+20,5.94105E+21,9.89317E+15,5.36149E+16
126282,2,4,7,416,2018,6,8,3,3,2,6,0,0,1,0,0,1,0,0,5.67918E+20,5.93512E+21,1.00254E+16,5.35605E+16
126283,2,2,11,224,2018,7,19,6,3,4,2,0,0,1,0,1,0,0,0,5.53722E+20,5.93558E+21,9.81116E+15,5.35664E+16
126284,2,4,2,403,2018,7,12,4,3,5,2,0,1,1,0,0,0,0,0,5.65026E+20,5.93804E+21,9.98234E+15,5.35872E+16
126285,2,2,1,203,2018,6,9,3,3,5,3,0,1,1,0,0,0,0,0,5.6253E+20,5.93391E+21,9.94381E+15,5.35503E+16
126286,2,2,3,209,2018,7,16,2,3,5,3,0,1,1,0,0,0,0,0,5.62494E+20,5.93557E+21,9.9436E+15,5.35653E+16
126287,2,1,7,120,2018,7,18,3,3,4,2,0,1,1,0,0,0,0,0,5.68795E+20,5.935E+21,1.00386E+16,5.35593E+16
126288,2,2,1,201,2018,7,16,7,3,2,6,0,0,1,0,0,0,0,1,5.62912E+20,5.93378E+21,9.94955E+15,5.35491E+16
126289,2,7,2,703,2018,8,19,6,3,5,3,0,0,1,0,0,0,1,0,5.66092E+20,5.92444E+21,9.99557E+15,5.34648E+16
126290,2,5,6,514,2018,8,14,3,3,5,3,0,1,1,0,0,0,0,1,5.74223E+20,5.9395E+21,1.01216E+16,5.3599E+16
126291,2,1,4,112,2018,7,4,7,2,6,4,2,0,1,1,0,0,0,0,5.63546E+20,5.93383E+21,9.95912E+15,5.35495E+16
126292,2,3,6,318,2018,8,16,6,3,0,7,0,0,1,0,0,0,0,0,5.62911E+20,5.94186E+21,9.95117E+15,5.36218E+16
126293,2,5,5,513,2018,8,12,5,3,5,3,0,1,1,0,0,0,0,0,5.7296E+20,5.93745E+21,1.0102E+16,5.35808E+16
126294,2,1,1,101,2018,8,23,2,2,0,7,2,0,1,1,0,0,0,0,5.66506E+20,5.93418E+21,1.00039E+16,5.35523E+16
126295,2,1,4,112,2018,7,14,7,3,2,6,0,0,1,0,0,0,0,0,5.6406E+20,5.93348E+21,9.9668E+15,5.35463E+16
126296,2,6,2,602,2018,8,15,3,3,5,3,0,0,1,0,0,0,0,0,5.79373E+20,5.92592E+21,1.01959E+16,5.34762E+16
126297,2,1,12,130,2018,8,15,6,3,0,6,0,0,0,0,0,0,1,0,5.74068E+20,5.93517E+21,1.01182E+16,5.35601E+16
126298,2,5,4,512,2018,7,14,2,3,6,4,0,0,1,1,0,0,0,0,5.75547E+20,5.93784E+21,1.01412E+16,5.3584E+16
126299,2,7,1,702,2018,7,12,6,3,2,2,0,0,1,0,0,0,0,0,5.65362E+20,5.92359E+21,9.98439E+15,5.34573E+16
126300,2,4,6,415,2018,8,18,2,3,3,2,0,1,1,0,0,0,0,0,5.67359E+20,5.93617E+21,1.00172E+16,5.35701E+16
126301,2,7,4,705,2018,8,7,4,3,6,4,0,0,1,1,0,0,0,0,5.66284E+20,5.92207E+21,9.99796E+15,5.34435E+16
126302,2,6,2,603,2018,7,11,6,3,5,3,0,0,1,0,0,0,1,0,5.80734E+20,5.92701E+21,1.02167E+16,5.34859E+16
126303,2,4,5,413,2018,8,7,6,3,4,6,0,1,0,0,0,0,0,0,5.66435E+20,5.93724E+21,1.00034E+16,5.35798E+16
126304,2,4,10,426,2018,8,21,3,3,0,1,2,0,0,0,1,0,0,1,5.69666E+20,5.9382E+21,1.00525E+16,5.3588E+16
126305,2,1,12,130,2018,7,16,6,3,3,2,0,0,0,0,1,0,1,0,5.73992E+20,5.93188E+21,1.01163E+16,5.35307E+16
126306,2,5,6,514,2018,8,20,5,3,5,2,0,0,1,0,0,0,0,1,5.74099E+20,5.9403E+21,1.01199E+16,5.36063E+16
126307,2,1,11,128,2018,8,12,1,2,5,3,0,0,0,0,1,0,1,0,5.71985E+20,5.93425E+21,1.00866E+16,5.35522E+16
126308,2,3,7,319,2018,8,11,5,3,3,2,0,1,1,0,0,0,0,0,5.60887E+20,5.94361E+21,9.92091E+15,5.36378E+16
126309,2,1,8,125,2018,8,15,7,3,5,2,0,1,1,0,0,0,0,0,5.70064E+20,5.93443E+21,1.00576E+16,5.3554E+16
126310,2,1,11,129,2018,7,15,6,3,9,1,0,0,0,0,1,0,0,0,5.72636E+20,5.93472E+21,1.00965E+16,5.35563E+16
126311,2,5,10,518,2018,8,7,3,3,4,2,0,0,1,0,0,0,0,0,5.73179E+20,5.94564E+21,1.01073E+16,5.36544E+16
126312,2,4,4,407,2018,8,12,6,3,5,3,0,0,1,0,0,0,0,0,5.6536E+20,5.93984E+21,9.98776E+15,5.36033E+16
126313,2,6,5,606,2018,7,16,1,3,2,2,0,1,1,0,0,0,0,0,5.79611E+20,5.92443E+21,1.01992E+16,5.34628E+16
126314,2,4,6,414,2018,8,18,5,3,2,6,0,0,1,0,0,0,0,0,5.67192E+20,5.93676E+21,1.00148E+16,5.35754E+16
126315,2,5,3,510,2018,8,1,1,3,2,6,2,0,1,0,0,0,0,0,5.70202E+20,5.93625E+21,1.00601E+16,5.35704E+16
126316,2,5,18,526,2018,7,10,6,1,3,2,0,0,1,0,1,0,0,0,5.7607E+20,5.94176E+21,1.015E+16,5.36191E+16
126317,2,5,4,512,2018,8,17,3,2,4,6,0,1,0,0,0,0,0,0,5.75023E+20,5.93717E+21,1.01331E+16,5.3578E+16