OBJECTID_1,ULAND,UREGBEZ,UKREIS,UGEMEINDE,UJAHR,UMONAT,USTUNDE,UWOCHENTAG,UKATEGORIE,UART,UTYP1,ULICHTVERH,IstRad,IstPKW,IstFuss,IstKrad,IstGkfz,IstSonstig,STRZUSTAND,LINREFX,LINREFY,XGCSWGS84,YGCSWGS84
126318,2,4,7,416,2018,8,17,6,2,2,6,0,1,0,0,0,0,0,0,5.67199E+20,5.93529E+21,1.00146E+16,5.35622E+16
126319,2,4,8,423,2018,8,16,4,3,2,6,0,0,1,0,1,0,0,0,5.68924E+20,5.93726E+21,1.0041E+16,5.35797E+16
126320,2,2,1,204,2018,7,17,2,3,1,5,0,1,1,0,0,0,0,0,5.62893E+20,5.93452E+21,9.9494E+15,5.35558E+16
126321,2,1,12,130,2018,7,10,6,3,2,6,0,0,1,0,0,0,0,0,5.74618E+20,5.93368E+21,1.01262E+16,5.35467E+16
126322,2,5,18,526,2018,7,8,6,3,6,2,0,0,1,1,0,0,0,0,5.777E+20,5.94128E+21,1.01746E+16,5.36146E+16
126323,2,4,2,403,2018,8,18,2,3,3,6,0,1,1,0,0,0,0,0,5.64941E+20,5.93849E+21,9.98114E+15,5.35912E+16
126324,2,2,8,220,2018,8,7,3,3,0,7,0,0,1,0,1,0,0,0,5.58613E+20,5.93928E+21,9.8857E+15,5.35991E+16
126325,2,5,10,518,2018,8,7,4,3,8,7,0,0,1,0,0,0,0,0,5.74641E+20,5.94402E+21,1.0129E+16,5.36396E+16
126326,2,5,6,514,2018,7,21,6,3,7,1,0,1,1,0,0,0,0,0,5.74618E+20,5.94172E+21,1.01281E+16,5.3619E+16
126327,2,4,7,416,2018,8,13,6,3,0,7,0,1,0,0,0,0,0,0,5.67729E+20,5.93533E+21,1.00226E+16,5.35625E+16
126328,2,1,5,114,2018,8,23,3,3,5,3,2,0,1,0,0,0,0,0,5.66669E+20,5.93446E+21,1.00064E+16,5.35547E+16
126329,2,4,6,415,2018,8,20,2,3,2,6,0,0,1,0,0,0,0,0,5.68043E+20,5.93619E+21,1.00275E+16,5.35701E+16
126330,2,5,2,506,2018,7,13,6,2,4,6,0,0,1,0,0,0,1,0,5.7144E+20,5.93775E+21,1.00791E+16,5.35838E+16
126331,2,3,3,313,2018,8,18,5,3,0,5,0,1,1,0,0,0,0,0,5.64747E+20,5.93681E+21,9.97786E+15,5.35761E+16
126332,2,4,6,415,2018,8,11,1,3,5,3,0,1,1,0,0,0,0,0,5.67556E+20,5.9357E+21,1.002E+16,5.35658E+16
126333,2,1,5,113,2018,8,10,5,3,2,2,0,0,1,0,0,0,0,0,5.67328E+20,5.93453E+21,1.00163E+16,5.35554E+16
126334,2,4,8,423,2018,8,16,7,2,5,2,0,1,1,0,0,0,0,1,5.69257E+20,5.93718E+21,1.00461E+16,5.35789E+16
126335,2,4,11,430,2018,7,22,6,2,3,2,2,1,0,0,0,0,0,0,5.68715E+20,5.94045E+21,1.00386E+16,5.36084E+16
126336,2,4,5,408,2018,8,15,3,3,2,6,0,0,1,0,0,0,0,0,5.6784E+20,5.94E+21,1.00253E+16,5.36044E+16
126337,2,7,14,715,2018,8,8,5,3,1,5,0,1,1,0,0,0,0,0,5.57104E+20,5.9246E+21,9.86022E+15,5.34673E+16
126338,2,2,11,223,2018,7,14,1,3,1,5,0,1,1,0,0,0,0,0,5.51823E+20,5.93555E+21,9.78249E+15,5.35663E+16
126339,2,5,7,515,2018,7,13,6,3,5,3,0,1,1,0,0,0,0,0,5.70691E+20,5.93984E+21,1.00683E+16,5.36026E+16
126340,2,5,18,526,2018,8,15,7,3,2,6,0,0,1,0,1,0,0,0,5.76942E+20,5.93957E+21,1.01627E+16,5.35993E+16
126341,2,6,2,603,2018,8,16,2,3,5,3,0,1,1,0,0,0,0,0,5.80116E+20,5.92636E+21,1.02073E+16,5.34801E+16
126342,2,3,3,313,2018,8,21,4,3,0,6,1,1,1,0,0,0,1,0,5.654E+20,5.93643E+21,9.98765E+15,5.35727E+16
126343,2,5,17,525,2018,7,14,6,3,4,2,0,0,1,0,0,0,0,0,5.75327E+20,5.94555E+21,1.01397E+16,5.36533E+16
126344,2,3,3,314,2018,8,9,6,3,3,2,0,1,1,0,0,0,0,0,5.65569E+20,5.9375E+21,9.99042E+15,5.35822E+16
126345,2,5,12,520,2018,8,16,2,3,2,6,0,0,1,0,0,1,0,0,5.6869E+20,5.94488E+21,1.00392E+16,5.36482E+16
126346,2,5,12,520,2018,7,7,6,3,5,3,0,1,1,0,0,0,0,0,5.69102E+20,5.94794E+21,1.00461E+16,5.36756E+16
126347,2,2,14,227,2018,8,0,1,3,2,6,2,1,1,0,0,0,0,0,5.50547E+20,5.93721E+21,9.7635E+15,5.35813E+16
126348,2,7,13,714,2018,8,13,2,3,5,3,0,1,1,0,0,0,0,0,5.58474E+20,5.92534E+21,9.881E+15,5.34738E+16
126349,2,4,8,422,2018,8,18,4,3,4,2,0,0,1,0,1,0,0,0,5.68634E+20,5.93668E+21,1.00365E+16,5.35745E+16
126350,2,4,13,432,2018,7,15,6,3,6,4,0,0,0,1,1,0,0,0,5.66353E+20,5.9449E+21,1.00038E+16,5.36487E+16
126351,2,3,1,307,2018,8,8,6,3,5,3,0,1,0,0,0,0,0,0,5.632E+20,5.93605E+21,9.95434E+15,5.35695E+16
126352,2,1,7,119,2018,8,20,2,3,2,2,0,0,1,0,0,0,1,1,5.687E+20,5.93423E+21,1.0037E+16,5.35524E+16
126353,2,4,5,408,2018,7,15,6,2,0,7,0,0,0,0,0,0,1,0,5.66996E+20,5.9402E+21,1.00125E+16,5.36063E+16
126354,2,1,12,130,2018,8,11,4,2,6,4,0,0,1,1,0,0,0,0,5.74022E+20,5.93211E+21,1.01168E+16,5.35327E+16
126355,2,1,12,130,2018,8,14,7,3,2,6,0,0,1,0,0,0,0,0,5.73255E+20,5.93275E+21,1.01054E+16,5.35385E+16
126356,2,1,12,130,2018,8,21,4,3,0,7,0,1,0,0,0,0,0,0,5.75147E+20,5.93413E+21,1.01343E+16,5.35506E+16
126357,2,1,5,114,2018,8,23,7,3,6,7,2,0,1,0,0,0,1,0,5.66884E+20,5.93422E+21,1.00096E+16,5.35526E+16
126358,2,4,6,415,2018,7,23,6,3,4,6,2,1,0,0,0,0,0,0,5.67956E+20,5.93615E+21,1.00262E+16,5.35698E+16
126359,2,3,3,314,2018,8,19,3,3,5,3,0,1,1,0,0,0,0,0,5.65455E+20,5.93739E+21,9.98868E+15,5.35813E+16
126360,2,4,9,424,2018,8,10,5,3,4,2,0,0,1,0,0,0,0,0,5.70074E+20,5.93687E+21,1.00583E+16,5.3576E+16
126361,2,3,5,317,2018,7,17,7,3,8,1,0,0,1,0,0,0,0,0,5.62719E+20,5.93881E+21,9.94765E+15,5.35944E+16
126362,2,2,9,221,2018,8,14,7,3,5,3,0,1,1,0,0,0,0,0,5.57157E+20,5.93694E+21,9.86328E+15,5.35782E+16
126363,2,1,16,137,2018,8,16,3,3,6,4,0,0,0,1,0,0,1,0,5.66609E+20,5.92806E+21,1.00041E+16,5.34973E+16
126364,2,5,1,501,2018,7,18,6,3,3,2,0,1,1,0,0,0,0,0,5.69255E+20,5.93552E+21,1.00456E+16,5.3564E+16
126365,2,6,2,602,2018,8,7,5,3,5,3,0,1,1,0,0,0,0,0,5.8029E+20,5.92697E+21,1.021E+16,5.34856E+16
126366,2,2,1,206,2018,8,15,2,3,3,7,0,1,1,0,0,0,0,0,5.63073E+20,5.93497E+21,9.95222E+15,5.35599E+16
126367,2,4,6,415,2018,7,21,6,3,6,4,0,1,0,1,0,0,0,0,5.68044E+20,5.93619E+21,1.00275E+16,5.35701E+16
126368,2,2,7,219,2018,8,14,4,3,0,7,0,0,0,0,1,0,0,0,5.57912E+20,5.93349E+21,9.87404E+15,5.35471E+16
126369,2,1,16,137,2018,8,17,6,3,6,4,0,0,1,1,0,0,0,0,5.65748E+20,5.92822E+21,9.99118E+15,5.34988E+16
126370,2,1,16,136,2018,7,22,2,3,1,5,2,0,1,0,0,0,0,0,5.67694E+20,5.92987E+21,1.00209E+16,5.35134E+16
126371,2,4,6,415,2018,7,18,6,3,0,7,0,1,1,0,0,0,0,0,5.67217E+20,5.93599E+21,1.0015E+16,5.35684E+16
126372,2,5,10,518,2018,8,6,4,3,4,6,0,1,0,0,0,0,0,0,5.73714E+20,5.94629E+21,1.01155E+16,5.36602E+16
126373,2,4,10,426,2018,8,20,7,3,0,7,0,1,0,0,0,0,0,0,5.69497E+20,5.93861E+21,1.005E+16,5.35917E+16
126374,2,5,18,526,2018,8,8,4,3,0,1,0,1,0,0,0,0,0,0,5.76507E+20,5.93965E+21,1.01561E+16,5.36001E+16
126375,2,4,4,407,2018,8,17,6,3,1,6,0,0,1,0,0,0,0,0,5.67082E+20,5.94135E+21,1.00141E+16,5.36166E+16
126376,2,3,1,306,2018,7,15,3,3,2,5,0,1,1,0,0,0,0,0,5.63212E+20,5.93672E+21,9.95467E+15,5.35755E+16
126377,2,3,9,321,2018,7,9,6,3,3,6,0,0,1,0,0,0,0,0,5.61002E+20,5.93908E+21,9.92175E+15,5.3597E+16
126378,2,7,4,705,2018,8,12,2,3,0,7,0,1,1,0,0,0,0,0,5.66019E+20,5.92201E+21,9.99396E+15,5.3443E+16
126379,2,3,9,321,2018,8,19,5,3,1,7,1,0,1,0,0,0,1,0,5.6182E+20,5.93753E+21,9.9338E+15,5.3583E+16
126380,2,3,9,321,2018,7,23,6,2,3,7,2,0,1,0,1,0,0,0,5.61924E+20,5.93645E+21,9.93516E+15,5.35733E+16
126381,2,1,8,123,2018,7,9,6,3,5,2,0,1,1,0,0,0,0,0,5.70697E+20,5.93439E+21,1.00672E+16,5.35536E+16
126382,2,1,12,130,2018,8,16,6,3,5,2,0,0,1,0,0,0,0,0,5.75847E+20,5.93353E+21,1.01447E+16,5.35452E+16
126383,2,4,11,430,2018,8,14,3,3,0,6,0,1,1,0,0,0,0,0,5.69757E+20,5.94314E+21,1.00549E+16,5.36324E+16
126384,2,2,5,217,2018,7,13,6,3,5,3,0,1,1,0,0,0,0,0,5.59674E+20,5.93807E+21,9.9015E+15,5.35881E+16
126385,2,1,3,106,2018,8,17,6,3,2,6,0,0,1,0,1,0,0,0,5.64892E+20,5.93455E+21,9.97958E+15,5.35558E+16
126386,2,5,2,509,2018,8,5,5,3,5,3,1,0,1,0,0,0,0,0,5.72299E+20,5.93908E+21,1.00924E+16,5.35956E+16
126387,2,1,1,101,2018,8,17,2,3,5,3,0,1,1,0,0,0,0,0,5.66407E+20,5.93443E+21,1.00024E+16,5.35545E+16
126388,2,2,8,220,2018,7,7,6,3,3,2,0,1,0,0,0,1,0,0,5.58004E+20,5.93807E+21,9.87628E+15,5.35882E+16
126389,2,6,5,606,2018,8,8,3,3,5,3,0,0,1,0,0,0,0,0,5.79632E+20,5.92444E+21,1.01995E+16,5.34629E+16
126390,2,5,6,514,2018,8,21,6,3,6,3,2,0,0,1,0,0,1,0,5.75361E+20,5.94301E+21,1.01396E+16,5.36304E+16
126391,2,4,10,426,2018,8,8,4,3,2,6,0,0,1,0,0,0,0,0,5.7027E+20,5.93829E+21,1.00616E+16,5.35888E+16
126392,2,5,4,512,2018,7,12,2,3,0,3,0,1,1,0,0,0,0,0,5.75675E+20,5.93633E+21,1.01428E+16,5.35704E+16
126393,2,1,6,115,2018,7,0,6,3,5,3,2,1,1,0,0,0,0,0,5.67143E+20,5.93376E+21,1.00134E+16,5.35484E+16
126394,2,3,7,319,2018,7,16,6,3,4,7,0,0,1,0,1,0,0,0,5.60802E+20,5.94321E+21,9.91954E+15,5.36342E+16
126395,2,2,7,219,2018,8,15,2,3,2,6,0,1,1,0,0,0,0,0,5.57266E+20,5.93356E+21,9.8643E+15,5.35478E+16
126396,2,4,10,427,2018,8,8,3,3,1,5,0,0,1,0,0,0,0,0,5.69115E+20,5.938E+21,1.00441E+16,5.35863E+16
126397,2,6,2,602,2018,8,7,4,3,0,7,0,1,0,0,0,0,1,0,5.7975E+20,5.92668E+21,1.02018E+16,5.3483E+16
126398,2,2,1,205,2018,7,19,6,3,1,6,0,0,1,0,1,0,0,0,5.63172E+20,5.9343E+21,9.95358E+15,5.35538E+16
126399,2,5,1,501,2018,8,7,6,3,3,2,0,1,1,0,0,0,0,0,5.689E+20,5.93583E+21,1.00404E+16,5.35668E+16
126400,2,1,1,102,2018,8,18,3,3,5,3,0,1,1,0,0,0,0,0,5.65926E+20,5.93359E+21,9.99499E+15,5.3547E+16
126401,2,3,3,314,2018,7,9,6,3,6,7,0,0,1,1,0,0,0,0,5.65294E+20,5.93755E+21,9.98628E+15,5.35827E+16
126402,2,5,10,518,2018,8,14,2,3,5,3,0,1,1,0,0,0,0,0,5.73564E+20,5.94611E+21,1.01132E+16,5.36586E+16
126403,2,4,8,423,2018,8,16,4,3,2,6,0,0,1,0,0,0,0,0,5.69072E+20,5.93719E+21,1.00433E+16,5.3579E+16
126404,2,1,4,112,2018,8,21,5,3,6,4,2,0,1,1,0,0,0,0,5.63716E+20,5.93349E+21,9.96162E+15,5.35464E+16
126405,2,1,4,111,2018,7,22,6,3,2,6,2,0,1,0,0,0,0,0,5.63848E+20,5.93385E+21,9.96369E+15,5.35497E+16
126406,2,5,7,515,2018,8,16,6,3,3,2,0,1,1,0,0,0,0,0,5.70622E+20,5.94034E+21,1.00674E+16,5.36071E+16
126407,2,4,8,422,2018,8,14,3,3,0,2,0,1,0,0,0,0,0,1,5.68822E+20,5.93628E+21,1.00393E+16,5.35709E+16
126408,2,2,1,201,2018,7,13,6,3,0,7,0,1,0,0,0,0,0,0,5.63255E+20,5.9337E+21,9.95471E+15,5.35484E+16
126409,2,6,1,601,2018,8,12,5,3,5,3,0,1,1,0,0,0,0,0,5.79171E+20,5.92888E+21,1.01937E+16,5.35029E+16
126410,2,7,14,715,2018,8,17,1,2,9,7,0,0,0,0,0,0,1,0,5.56747E+20,5.92406E+21,9.85475E+15,5.34625E+16
126411,2,2,7,219,2018,8,18,5,3,4,2,0,0,1,0,0,0,0,0,5.58967E+20,5.93345E+21,9.88995E+15,5.35466E+16
126412,2,4,4,407,2018,8,15,1,3,6,4,0,1,1,1,0,0,0,0,5.67685E+20,5.94075E+21,1.00231E+16,5.36111E+16
126413,2,7,10,711,2018,7,7,6,3,2,6,0,0,0,0,0,1,0,0,5.65022E+20,5.92444E+21,9.97945E+15,5.3465E+16
126414,2,5,18,526,2018,8,17,3,3,0,7,0,0,0,0,1,0,0,0,5.74675E+20,5.93975E+21,1.01285E+16,5.36012E+16
126415,2,2,6,218,2018,8,16,6,3,4,2,0,1,1,0,0,0,0,0,5.5902E+20,5.93552E+21,9.89114E+15,5.35653E+16
126416,2,3,9,321,2018,8,8,4,3,1,5,0,1,1,0,0,0,0,0,5.60829E+20,5.93965E+21,9.91926E+15,5.36022E+16
126417,2,2,4,211,2018,7,16,2,3,0,3,0,1,1,0,0,0,1,0,5.6127E+20,5.93436E+21,9.92488E+15,5.35546E+16
126418,2,7,4,705,2018,7,19,5,3,2,6,0,0,1,0,0,0,0,0,5.6558E+20,5.92301E+21,9.98755E+15,5.3452E+16
126419,2,3,1,309,2018,8,16,2,3,0,7,0,1,0,0,0,0,0,0,5.64326E+20,5.93624E+21,9.9714E+15,5.35711E+16
126420,2,2,4,212,2018,8,7,3,3,3,6,0,1,0,0,0,0,0,0,5.60963E+20,5.93456E+21,9.92029E+15,5.35563E+16
126421,2,4,4,407,2018,8,17,4,3,2,6,0,1,1,0,0,0,0,0,5.66283E+20,5.94069E+21,1.00019E+16,5.36108E+16
126422,2,7,1,702,2018,7,12,5,3,0,7,0,0,0,0,1,1,0,1,5.65996E+20,5.92455E+21,9.99415E+15,5.34658E+16
126423,2,2,8,220,2018,8,13,6,3,4,2,0,1,1,0,0,0,0,0,5.58708E+20,5.93926E+21,9.88713E+15,5.35988E+16
126424,2,6,14,615,2018,8,20,2,3,1,5,1,0,1,0,0,0,0,1,5.77522E+20,5.92729E+21,1.01684E+16,5.34888E+16
126425,2,1,6,117,2018,7,15,5,3,3,2,0,1,0,0,0,1,0,0,5.67739E+20,5.9338E+21,1.00224E+16,5.35487E+16
126426,2,1,1,101,2018,8,19,5,3,3,6,0,1,1,0,0,0,0,0,5.66259E+20,5.9345E+21,1.00002E+16,5.35552E+16
126427,2,1,1,102,2018,8,20,1,3,0,7,0,1,0,0,0,0,1,0,5.6561E+20,5.93375E+21,9.99025E+15,5.35485E+16
126428,2,1,16,137,2018,8,21,4,3,5,3,1,0,1,0,0,0,1,0,5.65695E+20,5.93019E+21,9.99079E+15,5.35166E+16
126429,2,3,1,308,2018,8,23,7,2,1,7,2,1,0,0,0,0,1,0,5.63743E+20,5.9361E+21,9.96256E+15,5.35699E+16
126430,2,1,7,119,2018,7,17,5,3,2,6,0,0,1,0,0,0,1,0,5.68502E+20,5.93422E+21,1.0034E+16,5.35524E+16
126431,2,2,8,220,2018,8,15,3,3,0,7,0,0,1,0,1,0,0,0,5.57725E+20,5.93847E+21,9.87213E+15,5.35919E+16
126432,2,5,18,526,2018,8,13,5,3,2,6,0,0,1,0,0,0,1,0,5.76353E+20,5.93952E+21,1.01538E+16,5.3599E+16
126433,2,4,4,407,2018,8,11,2,3,5,3,0,0,1,0,1,0,0,1,5.67591E+20,5.94114E+21,1.00217E+16,5.36147E+16
126434,2,1,8,123,2018,7,13,5,2,5,2,0,0,1,0,1,0,0,0,5.69959E+20,5.93538E+21,1.00563E+16,5.35626E+16
126435,2,4,7,416,2018,8,9,5,2,0,7,0,1,0,0,0,0,0,0,5.67503E+20,5.93564E+21,1.00192E+16,5.35652E+16
126436,2,5,18,526,2018,8,22,1,3,5,2,2,0,1,0,0,0,0,0,5.74786E+20,5.93958E+21,1.01301E+16,5.35997E+16
126437,2,3,1,310,2018,8,19,5,3,2,5,0,1,1,0,0,0,0,0,5.63739E+20,5.93548E+21,9.96237E+15,5.35644E+16
126438,2,5,2,505,2018,8,14,7,3,4,6,0,1,0,0,0,0,0,1,5.70361E+20,5.93631E+21,1.00625E+16,5.35709E+16
126439,2,4,9,424,2018,7,11,5,3,2,6,0,0,1,0,0,0,0,0,5.69971E+20,5.93739E+21,1.00569E+16,5.35807E+16
126440,2,4,13,432,2018,8,18,3,3,5,3,0,1,1,0,0,0,0,0,5.66964E+20,5.94443E+21,1.0013E+16,5.36443E+16
126441,2,2,3,209,2018,8,9,6,3,1,5,0,1,1,0,0,0,0,0,5.62421E+20,5.93586E+21,9.94255E+15,5.35679E+16
126442,2,5,7,515,2018,7,20,1,3,4,6,0,1,0,0,0,0,0,0,5.70832E+20,5.94007E+21,1.00705E+16,5.36046E+16
126443,2,5,2,507,2018,7,17,5,3,3,6,0,1,1,0,0,0,0,0,5.70836E+20,5.93677E+21,1.00698E+16,5.3575E+16
126444,2,1,3,108,2018,8,19,1,3,8,1,0,0,0,0,1,0,0,0,5.64987E+20,5.93462E+21,9.98103E+15,5.35564E+16
126445,2,6,13,614,2018,8,17,2,2,6,4,0,0,1,1,0,0,0,0,5.70213E+20,5.9264E+21,1.00581E+16,5.34819E+16
126446,2,3,5,317,2018,8,6,4,3,3,6,0,0,1,0,1,0,0,0,5.63685E+20,5.93984E+21,9.96244E+15,5.36035E+16
126447,2,5,11,519,2018,7,16,5,3,5,3,0,1,1,0,0,0,0,0,5.71628E+20,5.94626E+21,1.00839E+16,5.36601E+16
126448,2,2,1,206,2018,8,3,6,3,1,5,2,0,1,0,0,0,0,0,5.62944E+20,5.9346E+21,9.95019E+15,5.35565E+16
126449,2,5,6,514,2018,8,18,2,3,6,4,0,0,1,1,0,0,0,0,5.73905E+20,5.94041E+21,1.0117E+16,5.36073E+16
126450,2,4,4,407,2018,7,18,5,3,2,6,0,0,1,0,1,0,0,0,5.66821E+20,5.94082E+21,1.001E+16,5.36119E+16
126451,2,5,3,511,2018,8,16,4,3,1,5,0,1,1,0,0,0,0,0,5.72907E+20,5.93623E+21,1.01009E+16,5.35698E+16
126452,2,4,9,424,2018,8,10,7,3,3,2,0,0,0,0,1,0,1,0,5.70083E+20,5.93699E+21,1.00585E+16,5.35771E+16
126453,2,1,6,117,2018,8,16,4,3,5,3,0,0,1,0,1,0,0,0,5.67883E+20,5.93346E+21,1.00245E+16,5.35456E+16
126454,2,7,9,710,2018,8,13,6,3,4,2,0,1,1,0,0,0,0,0,5.64527E+20,5.92296E+21,9.97169E+15,5.34517E+16
126455,2,2,14,227,2018,8,9,4,3,5,3,0,0,1,0,0,0,1,0,5.49755E+20,5.9361E+21,9.75135E+15,5.35714E+16
126456,2,4,4,407,2018,8,8,4,3,5,2,0,1,1,0,0,0,0,0,5.67075E+20,5.94163E+21,1.0014E+16,5.36192E+16
126457,2,4,6,414,2018,7,21,5,3,3,2,0,0,1,0,0,0,0,0,5.67017E+20,5.93664E+21,1.00121E+16,5.35744E+16
126458,2,1,5,114,2018,8,13,3,3,2,7,0,0,1,0,0,0,0,0,5.67201E+20,5.93434E+21,1.00144E+16,5.35536E+16
126459,2,4,13,432,2018,8,17,5,3,3,6,0,1,1,0,0,0,0,0,5.6758E+20,5.9443E+21,1.00223E+16,5.36431E+16
126460,2,2,14,227,2018,7,7,5,3,5,3,0,1,1,0,0,0,0,0,5.5007E+20,5.93716E+21,9.75628E+15,5.35809E+16
126461,2,4,1,401,2018,8,3,7,3,1,5,2,1,1,0,0,0,0,0,5.64455E+20,5.93751E+21,9.9736E+15,5.35825E+16
126462,2,5,6,514,2018,8,14,3,3,2,2,0,0,1,0,0,0,0,0,5.74313E+20,5.94139E+21,1.01234E+16,5.36161E+16
126463,2,1,4,109,2018,7,18,1,3,4,7,0,0,1,0,0,0,0,0,5.64613E+20,5.93499E+21,9.97546E+15,5.35599E+16
126464,2,3,8,320,2018,7,15,5,3,5,7,0,0,1,0,0,0,0,0,5.59897E+20,5.93835E+21,9.90493E+15,5.35906E+16
126465,2,4,11,430,2018,8,16,7,3,9,2,0,0,1,0,1,0,0,0,5.69519E+20,5.94342E+21,1.00514E+16,5.36349E+16
126466,2,5,11,519,2018,8,13,2,3,1,5,0,1,0,0,0,0,1,1,5.71243E+20,5.94573E+21,1.0078E+16,5.36555E+16
126467,2,1,18,139,2018,8,8,4,3,0,7,0,1,0,0,0,0,0,0,5.64288E+20,5.93164E+21,9.96987E+15,5.35297E+16
126468,2,2,5,215,2018,7,15,5,2,5,3,0,1,1,0,0,0,0,0,5.60792E+20,5.93617E+21,9.91802E+15,5.35709E+16
126469,2,1,1,102,2018,8,16,6,3,3,6,0,1,0,0,0,0,1,0,5.65661E+20,5.93378E+21,9.99103E+15,5.35488E+16
126470,2,2,5,216,2018,8,21,2,2,3,6,2,1,0,0,0,0,0,0,5.60938E+20,5.93501E+21,9.91999E+15,5.35605E+16
126471,2,3,1,301,2018,7,6,5,3,0,3,0,0,1,0,1,0,0,0,5.62729E+20,5.93748E+21,9.94753E+15,5.35824E+16
126472,2,4,8,418,2018,8,19,4,3,5,3,0,0,1,0,0,0,0,0,5.67812E+20,5.93688E+21,1.00242E+16,5.35764E+16
126473,2,3,1,304,2018,8,10,7,3,5,3,0,1,0,0,0,0,1,0,5.62329E+20,5.93696E+21,9.94138E+15,5.35778E+16
126474,2,5,12,520,2018,8,8,4,3,5,3,0,0,1,0,0,0,1,0,5.70084E+20,5.94498E+21,1.00603E+16,5.36488E+16
126475,2,2,5,215,2018,8,14,6,3,2,6,0,0,1,0,1,0,0,0,5.61236E+20,5.93622E+21,9.92474E+15,5.35713E+16
126476,2,1,3,108,2018,7,11,3,3,2,6,0,0,1,0,0,1,0,0,5.65613E+20,5.9348E+21,9.99051E+15,5.35579E+16
126477,2,2,5,215,2018,8,17,4,3,1,6,0,0,1,0,0,0,0,0,5.60817E+20,5.93626E+21,9.9184E+15,5.35716E+16
126478,2,2,3,208,2018,7,13,5,3,3,6,0,1,0,0,0,0,0,0,5.62884E+20,5.93535E+21,9.94944E+15,5.35633E+16
126479,2,1,16,135,2018,8,1,2,3,8,1,2,0,1,0,0,0,0,0,5.69156E+20,5.9293E+21,1.00428E+16,5.35081E+16
126480,2,3,3,314,2018,8,18,5,3,3,6,0,1,1,0,0,0,0,0,5.66071E+20,5.93713E+21,9.99793E+15,5.35788E+16
126481,2,3,2,312,2018,7,13,5,3,6,4,0,1,0,1,0,0,0,0,5.65482E+20,5.93525E+21,9.98863E+15,5.3562E+16
126482,2,5,6,514,2018,7,17,6,3,1,6,0,0,1,0,1,0,0,0,5.72447E+20,5.9403E+21,1.0095E+16,5.36065E+16
126483,2,1,14,133,2018,8,17,6,3,5,3,0,0,1,0,1,0,0,0,5.68381E+20,5.93234E+21,1.00318E+16,5.35355E+16
126484,2,5,10,518,2018,8,16,3,3,3,6,0,0,1,0,0,1,0,0,5.72936E+20,5.94504E+21,1.01034E+16,5.3649E+16
126485,2,2,2,207,2018,7,20,5,3,3,2,1,1,0,0,0,0,0,0,5.64336E+20,5.93545E+21,9.97138E+15,5.3564E+16
126486,2,1,1,102,2018,8,16,6,3,0,7,0,1,0,1,0,0,0,0,5.65681E+20,5.93385E+21,9.99134E+15,5.35494E+16
126487,2,3,1,304,2018,8,9,2,3,2,6,0,0,1,0,1,0,0,1,5.62529E+20,5.93673E+21,9.94436E+15,5.35757E+16
126488,2,4,5,413,2018,8,22,5,3,0,6,2,1,1,0,0,0,0,0,5.66426E+20,5.9373E+21,1.00033E+16,5.35803E+16
126489,2,1,12,130,2018,8,20,1,2,5,7,2,0,0,0,1,1,0,0,5.74153E+20,5.93537E+21,1.01196E+16,5.3562E+16
126490,2,2,7,219,2018,8,13,4,3,0,1,0,0,0,0,1,0,0,0,5.58952E+20,5.93344E+21,9.88972E+15,5.35466E+16
126491,2,1,3,108,2018,7,22,5,3,0,7,2,0,1,0,0,0,1,0,5.6552E+20,5.93484E+21,9.98913E+15,5.35584E+16
126492,2,1,14,133,2018,8,21,3,3,2,2,2,0,1,0,1,0,0,0,5.68635E+20,5.93241E+21,1.00356E+16,5.35361E+16
126493,2,4,6,414,2018,8,16,6,3,4,3,0,1,1,0,0,0,0,0,5.67196E+20,5.93706E+21,1.00149E+16,5.35781E+16
126494,2,1,5,114,2018,7,19,5,3,1,5,0,1,1,0,0,0,0,0,5.67112E+20,5.93441E+21,1.00131E+16,5.35543E+16
126495,2,2,5,216,2018,8,13,6,3,3,6,0,1,0,0,0,0,1,0,5.60231E+20,5.93498E+21,9.90932E+15,5.35602E+16
126496,2,1,12,130,2018,8,9,5,3,4,6,0,0,1,0,1,0,0,0,5.76757E+20,5.93105E+21,1.01578E+16,5.35228E+16
126497,2,3,2,312,2018,8,7,2,2,5,3,0,1,1,0,0,0,0,0,5.65877E+20,5.93487E+21,9.99451E+15,5.35586E+16
126498,2,7,4,705,2018,7,22,4,3,6,6,2,0,0,1,1,0,0,0,5.66032E+20,5.92172E+21,9.99409E+15,5.34404E+16
126499,2,7,14,715,2018,8,16,3,2,0,2,0,0,1,0,1,0,0,0,5.57037E+20,5.92462E+21,9.85921E+15,5.34675E+16
126500,2,6,14,615,2018,8,15,6,2,5,3,0,0,1,0,0,0,0,0,5.78409E+20,5.92671E+21,1.01816E+16,5.34835E+16
126501,2,6,12,613,2018,7,14,2,3,5,3,0,0,1,0,0,0,0,0,5.70667E+20,5.92745E+21,1.00651E+16,5.34913E+16
126502,2,2,5,216,2018,8,8,4,3,0,4,0,0,0,1,1,0,0,0,5.60382E+20,5.93499E+21,9.9116E+15,5.35603E+16
126503,2,1,13,131,2018,7,9,4,3,5,3,0,0,1,0,0,0,1,0,5.72788E+20,5.93247E+21,1.00983E+16,5.35361E+16