OBJECTID_1,ULAND,UREGBEZ,UKREIS,UGEMEINDE,UJAHR,UMONAT,USTUNDE,UWOCHENTAG,UKATEGORIE,UART,UTYP1,ULICHTVERH,IstRad,IstPKW,IstFuss,IstKrad,IstGkfz,IstSonstig,STRZUSTAND,LINREFX,LINREFY,XGCSWGS84,YGCSWGS84
126504,2,4,3,406,2018,8,13,2,3,4,2,0,0,1,0,0,1,0,0,5.65974E+20,5.94177E+21,9.99744E+15,5.36205E+16
126505,2,1,5,114,2018,8,17,5,3,0,4,0,0,0,1,0,0,1,0,5.66761E+20,5.93415E+21,1.00077E+16,5.3552E+16
126506,2,5,3,510,2018,7,14,4,3,2,6,0,0,1,0,0,0,1,0,5.7125E+20,5.93589E+21,1.00758E+16,5.3567E+16
126507,2,4,3,406,2018,8,7,6,3,5,2,0,1,1,0,0,0,0,0,5.66178E+20,5.94188E+21,1.00005E+16,5.36215E+16
126508,2,4,8,420,2018,8,9,3,3,0,1,0,0,0,0,1,0,0,0,5.68436E+20,5.93693E+21,1.00336E+16,5.35768E+16
126509,2,5,8,516,2018,7,9,4,3,5,3,0,1,0,0,0,0,1,0,5.69894E+20,5.94048E+21,1.00564E+16,5.36085E+16
126510,2,1,6,117,2018,8,15,5,3,5,3,0,1,1,0,0,0,0,0,5.68022E+20,5.93393E+21,1.00267E+16,5.35499E+16
126511,2,7,4,705,2018,8,2,1,3,0,7,2,1,1,0,0,0,0,0,5.65938E+20,5.92218E+21,9.99277E+15,5.34445E+16
126512,2,2,7,219,2018,8,7,5,2,5,3,0,1,1,0,0,0,0,0,5.57489E+20,5.93358E+21,9.86767E+15,5.3548E+16
126513,2,7,9,710,2018,8,18,7,3,5,3,0,0,1,0,1,0,0,0,5.63738E+20,5.92378E+21,9.95998E+15,5.34591E+16
126514,2,3,8,320,2018,8,7,4,3,5,2,0,1,0,0,0,0,1,0,5.5984E+20,5.93859E+21,9.90411E+15,5.35927E+16
126515,2,4,12,431,2018,7,5,4,3,3,6,0,1,1,0,0,0,0,0,5.68E+20,5.94241E+21,1.00282E+16,5.36261E+16
126516,2,5,11,519,2018,8,11,3,3,3,6,0,0,1,0,1,0,0,0,5.72245E+20,5.94573E+21,1.00932E+16,5.36553E+16
126517,2,3,1,310,2018,8,13,6,3,1,7,0,0,1,0,0,0,0,0,5.63565E+20,5.93546E+21,9.95974E+15,5.35641E+16
126518,2,1,5,114,2018,7,8,2,3,0,7,0,1,0,0,0,0,0,0,5.66715E+20,5.93414E+21,1.0007E+16,5.35519E+16
126519,2,3,1,303,2018,8,9,4,2,1,6,0,1,1,0,0,0,0,0,5.62633E+20,5.93714E+21,9.94601E+15,5.35794E+16
126520,2,4,13,432,2018,7,16,4,3,1,6,0,0,1,0,1,0,0,0,5.67816E+20,5.94743E+21,1.00265E+16,5.36712E+16
126521,2,4,6,414,2018,8,20,1,3,0,7,0,1,0,0,0,0,0,0,5.67154E+20,5.93702E+21,1.00143E+16,5.35777E+16
126522,2,1,5,114,2018,8,18,3,3,1,6,0,0,1,0,0,0,0,0,5.66588E+20,5.93478E+21,1.00052E+16,5.35576E+16
126523,2,4,5,411,2018,8,18,4,3,1,5,0,1,1,0,0,0,0,1,5.68196E+20,5.93803E+21,1.00302E+16,5.35867E+16
126524,2,4,13,432,2018,7,17,4,3,8,1,0,0,0,0,1,0,0,1,5.67877E+20,5.94507E+21,1.00269E+16,5.365E+16
126525,2,4,5,408,2018,7,18,2,3,0,7,0,0,0,0,1,0,0,0,5.67307E+20,5.93963E+21,1.00171E+16,5.36012E+16
126526,2,3,9,321,2018,7,19,4,3,5,3,0,1,1,0,0,0,0,0,5.60885E+20,5.93922E+21,9.92002E+15,5.35983E+16
126527,2,3,6,318,2018,8,12,2,3,5,3,0,1,1,0,0,0,0,0,5.62094E+20,5.94351E+21,9.93914E+15,5.36367E+16
126528,2,2,11,224,2018,8,16,3,3,5,3,0,1,1,0,0,0,0,0,5.54018E+20,5.93579E+21,9.81566E+15,5.35682E+16
126529,2,5,17,525,2018,8,15,4,3,5,3,0,1,1,0,0,0,0,0,5.76961E+20,5.94485E+21,1.01643E+16,5.36468E+16
126530,2,3,8,320,2018,7,9,4,3,0,7,0,0,0,0,0,1,0,0,5.60597E+20,5.93947E+21,9.91572E+15,5.36006E+16
126531,2,4,6,415,2018,8,17,6,2,3,6,0,0,1,0,1,0,0,0,5.67937E+20,5.93591E+21,1.00258E+16,5.35677E+16
126532,2,3,2,312,2018,8,13,3,3,2,6,0,0,1,0,0,0,0,0,5.66094E+20,5.93478E+21,9.99777E+15,5.35578E+16
126533,2,4,10,426,2018,8,16,2,3,2,6,0,0,1,0,0,0,0,0,5.70212E+20,5.93835E+21,1.00607E+16,5.35893E+16
126534,2,2,10,222,2018,7,16,4,3,2,6,0,0,1,0,0,0,1,1,5.56395E+20,5.93372E+21,9.85118E+15,5.35494E+16
126535,2,2,7,219,2018,8,4,5,2,6,2,2,0,1,1,0,0,0,0,5.60773E+20,5.9334E+21,9.91718E+15,5.3546E+16
126536,2,4,7,416,2018,8,13,1,3,4,6,0,1,1,0,0,0,0,0,5.67565E+20,5.93562E+21,1.00202E+16,5.35651E+16
126537,2,2,2,207,2018,8,10,5,3,6,4,0,1,0,1,0,0,0,0,5.63774E+20,5.93511E+21,9.96282E+15,5.3561E+16
126538,2,4,12,431,2018,8,1,7,3,5,3,2,0,1,0,0,0,0,0,5.68259E+20,5.94346E+21,1.00324E+16,5.36354E+16
126539,2,2,3,208,2018,8,15,4,3,1,5,0,1,0,0,0,0,1,0,5.63361E+20,5.93536E+21,9.95665E+15,5.35633E+16
126540,2,2,9,221,2018,7,10,4,3,3,2,0,1,0,0,0,1,0,0,5.57311E+20,5.93605E+21,9.86543E+15,5.35702E+16
126541,2,4,5,408,2018,8,23,3,3,3,6,2,1,0,0,0,0,0,0,5.6701E+20,5.93993E+21,1.00127E+16,5.36039E+16
126542,2,1,3,108,2018,8,9,6,3,0,7,0,1,0,0,0,0,1,0,5.65453E+20,5.93444E+21,9.98803E+15,5.35547E+16
126543,2,4,10,426,2018,7,0,1,3,5,2,2,0,1,0,0,0,0,0,5.69878E+20,5.93858E+21,1.00557E+16,5.35914E+16
126544,2,2,5,217,2018,7,23,4,3,0,7,2,1,0,0,0,0,0,0,5.58347E+20,5.93628E+21,9.88112E+15,5.35722E+16
126545,2,1,17,138,2018,8,12,1,3,5,3,0,0,1,0,0,0,0,0,5.64942E+20,5.93143E+21,9.97968E+15,5.35278E+16
126546,2,6,4,605,2018,8,13,2,2,1,5,0,0,1,0,1,0,0,0,5.84616E+20,5.92062E+21,1.02735E+16,5.34278E+16
126547,2,2,1,201,2018,8,18,4,3,6,3,0,1,0,1,0,0,0,0,5.6284E+20,5.93398E+21,9.94849E+15,5.35509E+16
126548,2,3,6,318,2018,7,19,4,3,5,3,0,1,1,0,0,0,0,0,5.63046E+20,5.9421E+21,9.95324E+15,5.36239E+16
126549,2,3,3,314,2018,8,13,6,3,0,7,0,1,1,0,0,0,0,0,5.64866E+20,5.93732E+21,9.97977E+15,5.35807E+16
126550,2,4,11,430,2018,8,23,2,3,5,3,2,0,1,0,0,0,0,1,5.67863E+20,5.94204E+21,1.00261E+16,5.36228E+16
126551,2,4,2,403,2018,7,17,4,3,6,4,0,0,1,1,0,0,0,0,5.64786E+20,5.93837E+21,9.97878E+15,5.35902E+16
126552,2,5,7,515,2018,8,19,4,3,6,4,0,1,0,1,0,0,0,0,5.71326E+20,5.94062E+21,1.00781E+16,5.36096E+16
126553,2,4,4,407,2018,8,0,7,3,1,5,2,0,1,0,0,0,0,0,5.67051E+20,5.94078E+21,1.00135E+16,5.36116E+16
126554,2,5,6,514,2018,8,11,4,3,2,6,0,0,1,0,0,0,1,0,5.74366E+20,5.9401E+21,1.01239E+16,5.36044E+16
126555,2,4,12,431,2018,8,18,6,3,3,6,0,0,1,1,0,0,0,0,5.66546E+20,5.94312E+21,1.00064E+16,5.36327E+16
126556,2,2,7,219,2018,8,9,6,3,0,2,0,1,1,0,0,0,0,0,5.60196E+20,5.93434E+21,9.90867E+15,5.35545E+16
126557,2,1,11,129,2018,8,8,2,3,5,3,0,0,1,0,0,0,0,0,5.71593E+20,5.9351E+21,1.00809E+16,5.35599E+16
126558,2,3,1,305,2018,7,14,4,2,4,7,0,0,1,0,1,0,0,0,5.63596E+20,5.93658E+21,9.96044E+15,5.35743E+16
126559,2,1,16,137,2018,8,8,4,2,4,6,0,0,1,0,0,1,1,0,5.66166E+20,5.92581E+21,9.99696E+15,5.34771E+16
126560,2,1,12,130,2018,8,22,7,3,2,2,2,0,1,0,0,0,0,0,5.73305E+20,5.93365E+21,1.01063E+16,5.35467E+16
126561,2,6,2,603,2018,8,16,4,3,5,3,0,0,1,0,0,0,0,0,5.8188E+20,5.92673E+21,1.02339E+16,5.34832E+16
126562,2,1,1,101,2018,8,15,7,3,2,6,0,0,1,0,0,0,0,0,5.66635E+20,5.9341E+21,1.00058E+16,5.35515E+16
126563,2,1,1,102,2018,8,7,4,3,3,6,0,1,1,0,0,0,0,0,5.65909E+20,5.93407E+21,9.99483E+15,5.35514E+16
126564,2,3,5,317,2018,7,7,4,3,5,3,0,1,1,0,0,0,0,0,5.63561E+20,5.93821E+21,9.96023E+15,5.35889E+16
126565,2,2,1,203,2018,8,10,3,3,2,6,0,0,1,0,1,0,0,0,5.62868E+20,5.93377E+21,9.94887E+15,5.3549E+16
126566,2,5,3,510,2018,8,7,5,3,5,3,0,1,1,0,0,0,0,0,5.71337E+20,5.93576E+21,1.00771E+16,5.35658E+16
126567,2,5,4,512,2018,7,0,7,3,6,2,2,0,1,1,0,0,0,0,5.75143E+20,5.93682E+21,1.01348E+16,5.35749E+16
126568,2,2,3,210,2018,7,10,4,3,4,2,0,0,1,0,0,0,0,0,5.62428E+20,5.93447E+21,9.94237E+15,5.35554E+16
126569,2,5,1,504,2018,8,12,7,3,3,2,0,1,1,0,0,0,0,0,5.69815E+20,5.93666E+21,1.00544E+16,5.35742E+16
126570,2,4,5,408,2018,8,19,2,3,2,6,1,0,1,0,0,0,0,0,5.67825E+20,5.9398E+21,1.0025E+16,5.36026E+16
126571,2,1,16,137,2018,8,20,3,3,2,6,1,0,1,0,1,0,0,1,5.66639E+20,5.92805E+21,1.00046E+16,5.34972E+16
126572,2,2,4,214,2018,7,14,4,3,2,6,0,0,1,0,1,0,0,0,5.61335E+20,5.93346E+21,9.92569E+15,5.35465E+16
126573,2,7,1,702,2018,8,11,5,3,5,3,0,1,1,0,0,0,0,0,5.65639E+20,5.92359E+21,9.98856E+15,5.34572E+16
126574,2,3,4,316,2018,8,14,2,3,3,2,0,0,1,0,0,0,1,0,5.64277E+20,5.93755E+21,9.97091E+15,5.35829E+16
126575,2,3,1,309,2018,7,11,4,3,5,3,0,1,1,0,0,0,0,0,5.64331E+20,5.9367E+21,9.97156E+15,5.35752E+16
126576,2,2,11,223,2018,8,9,4,3,2,6,0,0,1,0,0,0,0,0,5.54521E+20,5.93496E+21,9.82312E+15,5.35607E+16
126577,2,7,6,707,2018,8,7,6,3,4,6,0,1,0,0,0,0,0,0,5.65313E+20,5.92066E+21,9.98304E+15,5.34309E+16
126578,2,7,12,713,2018,7,16,2,3,2,6,0,0,1,0,0,1,0,0,5.60489E+20,5.92979E+21,9.9122E+15,5.35136E+16
126579,2,1,19,140,2018,8,18,4,3,3,6,0,0,1,0,0,1,0,0,5.61174E+20,5.93051E+21,9.92268E+15,5.35199E+16
126580,2,2,2,207,2018,7,16,4,3,3,7,0,1,1,0,0,0,0,0,5.63947E+20,5.93545E+21,9.96551E+15,5.35641E+16
126581,2,5,18,526,2018,8,8,2,3,3,6,0,1,1,0,0,0,0,0,5.75998E+20,5.94022E+21,1.01486E+16,5.36053E+16
126582,2,1,3,106,2018,8,8,5,3,3,7,0,0,1,0,1,0,0,0,5.64276E+20,5.93402E+21,9.97018E+15,5.35511E+16
126583,2,1,1,101,2018,7,16,4,3,4,2,0,0,1,0,0,0,0,0,5.66659E+20,5.93395E+21,1.00061E+16,5.35502E+16
126584,2,2,9,221,2018,7,11,3,3,2,6,0,0,0,0,0,0,1,0,5.57305E+20,5.93608E+21,9.86536E+15,5.35705E+16
126585,2,1,19,140,2018,8,14,4,3,3,7,0,0,1,0,1,0,0,0,5.61073E+20,5.93002E+21,9.92107E+15,5.35156E+16
126586,2,1,3,108,2018,7,14,4,3,3,7,0,0,1,0,0,0,0,0,5.65472E+20,5.93468E+21,9.98837E+15,5.35569E+16
126587,2,7,13,714,2018,8,7,2,3,2,6,0,0,1,0,0,0,1,0,5.59462E+20,5.92575E+21,9.89595E+15,5.34773E+16
126588,2,4,6,414,2018,8,6,5,3,3,2,0,0,1,0,0,0,0,0,5.66961E+20,5.93679E+21,1.00113E+16,5.35757E+16
126589,2,6,1,601,2018,7,17,3,3,2,6,0,0,1,0,0,0,0,0,5.80275E+20,5.92958E+21,1.02105E+16,5.3509E+16
126590,2,6,2,602,2018,8,12,6,3,5,3,0,1,1,0,0,0,0,0,5.79765E+20,5.92734E+21,1.02022E+16,5.3489E+16
126591,2,5,7,515,2018,8,18,3,3,2,2,0,0,1,0,0,0,0,0,5.71352E+20,5.94155E+21,1.00787E+16,5.36179E+16
126592,2,6,1,601,2018,7,18,3,3,1,6,0,0,1,0,0,0,1,0,5.78681E+20,5.92982E+21,1.01865E+16,5.35114E+16
126593,2,1,4,111,2018,8,12,6,3,1,5,0,0,1,0,0,0,0,0,5.63835E+20,5.93401E+21,9.96352E+15,5.35511E+16
126594,2,5,2,508,2018,8,10,5,3,3,7,0,0,1,0,0,0,0,0,5.71581E+20,5.93793E+21,1.00813E+16,5.35853E+16
126595,2,1,4,109,2018,8,19,2,3,4,2,0,1,1,0,0,0,0,1,5.64604E+20,5.93513E+21,9.97535E+15,5.35611E+16
126596,2,7,4,705,2018,7,11,3,3,5,3,0,1,1,0,0,0,0,0,5.65892E+20,5.9225E+21,9.99215E+15,5.34474E+16
126597,2,1,13,131,2018,7,20,3,3,5,3,0,0,1,0,0,0,0,0,5.73657E+20,5.93192E+21,1.01113E+16,5.35311E+16
126598,2,6,1,601,2018,8,12,3,3,1,6,0,0,1,0,0,0,0,0,5.79079E+20,5.92986E+21,1.01925E+16,5.35118E+16
126599,2,1,8,122,2018,8,14,6,3,2,6,0,0,1,0,0,0,0,1,5.69969E+20,5.93541E+21,1.00564E+16,5.35629E+16
126600,2,5,18,526,2018,7,21,2,3,1,5,0,0,1,0,0,0,0,0,5.76532E+20,5.94264E+21,1.01572E+16,5.36269E+16
126601,2,6,2,602,2018,7,7,3,3,4,2,0,1,1,0,0,0,0,0,5.79508E+20,5.92733E+21,1.01983E+16,5.34889E+16
126602,2,1,12,130,2018,7,12,3,3,5,2,0,1,1,0,0,0,0,0,5.72806E+20,5.93305E+21,1.00987E+16,5.35413E+16
126603,2,4,8,418,2018,8,8,2,3,0,2,0,1,1,0,0,0,0,0,5.68018E+20,5.93621E+21,1.00271E+16,5.35703E+16
126604,2,5,1,501,2018,8,17,4,3,2,6,0,1,1,0,0,0,0,0,5.69034E+20,5.93567E+21,1.00424E+16,5.35654E+16
126605,2,5,1,502,2018,8,18,3,3,5,2,0,1,1,0,0,0,0,0,5.69538E+20,5.93602E+21,1.005E+16,5.35685E+16
126606,2,6,1,601,2018,8,15,4,3,4,6,0,0,1,0,0,0,0,0,5.80317E+20,5.92873E+21,1.02109E+16,5.35014E+16
126607,2,1,8,122,2018,7,10,3,3,0,2,0,1,1,0,0,0,0,0,5.69533E+20,5.93483E+21,1.00497E+16,5.35577E+16
126608,2,4,5,409,2018,8,14,6,3,0,7,0,0,0,0,1,0,0,0,5.66093E+20,5.93865E+21,9.99857E+15,5.35925E+16
126609,2,1,4,111,2018,8,8,3,3,5,3,0,0,1,0,1,0,0,0,5.63745E+20,5.93393E+21,9.96215E+15,5.35504E+16
126610,2,5,2,508,2018,7,6,3,2,6,7,0,0,1,1,0,0,0,0,5.72452E+20,5.9372E+21,1.00943E+16,5.35786E+16
126611,2,4,9,424,2018,8,16,5,2,5,2,0,0,1,0,1,0,0,0,5.70264E+20,5.9374E+21,1.00613E+16,5.35808E+16
126612,2,1,8,123,2018,8,0,1,3,4,2,2,0,1,0,0,0,0,0,5.70313E+20,5.93512E+21,1.00615E+16,5.35602E+16
126613,2,2,3,210,2018,8,11,5,3,5,3,0,1,1,0,0,0,0,0,5.62873E+20,5.93482E+21,9.94917E+15,5.35585E+16
126614,2,5,18,526,2018,8,14,7,3,2,6,0,0,1,0,0,0,0,1,5.76423E+20,5.94114E+21,1.01552E+16,5.36135E+16
126615,2,6,5,606,2018,7,9,3,3,4,6,0,1,1,0,0,0,0,0,5.81048E+20,5.92264E+21,1.02203E+16,5.34466E+16
126616,2,5,3,510,2018,8,17,6,3,5,3,0,1,1,0,0,0,0,0,5.70254E+20,5.93625E+21,1.00609E+16,5.35704E+16
126617,2,4,10,428,2018,8,16,3,3,0,7,0,1,1,0,0,0,0,0,5.69102E+20,5.93889E+21,1.00441E+16,5.35943E+16
126618,2,5,2,506,2018,7,18,3,3,6,4,0,0,1,1,0,0,0,0,5.71596E+20,5.93746E+21,1.00814E+16,5.35811E+16
126619,2,7,7,708,2018,8,7,5,3,0,3,0,1,1,0,0,0,0,0,5.66022E+20,5.91996E+21,9.99358E+15,5.34246E+16
126620,2,1,2,104,2018,8,18,2,3,3,2,0,0,1,0,1,0,0,0,5.6669E+20,5.93332E+21,1.00065E+16,5.35446E+16
126621,2,5,1,504,2018,8,15,5,3,2,6,0,0,1,0,0,0,0,0,5.70095E+20,5.93621E+21,1.00585E+16,5.357E+16
126622,2,4,13,432,2018,8,16,1,2,1,5,0,0,1,0,0,0,0,0,5.67136E+20,5.9443E+21,1.00155E+16,5.36432E+16
126623,2,1,11,129,2018,7,16,3,3,1,6,0,0,1,0,0,0,1,0,5.71589E+20,5.93511E+21,1.00808E+16,5.356E+16
126624,2,5,11,519,2018,7,14,3,3,5,3,0,0,1,0,0,0,0,0,5.71626E+20,5.94625E+21,1.00839E+16,5.36601E+16
126625,2,5,18,526,2018,8,6,3,3,5,3,0,1,1,0,0,0,0,0,5.76128E+20,5.94193E+21,1.0151E+16,5.36207E+16
126626,2,3,9,321,2018,8,6,6,3,0,3,0,0,1,0,1,0,0,0,5.61213E+20,5.938E+21,9.92472E+15,5.35872E+16
126627,2,2,4,213,2018,7,18,2,3,5,3,0,1,1,0,0,0,0,0,5.61276E+20,5.93396E+21,9.92489E+15,5.35509E+16
126628,2,5,3,510,2018,7,18,3,3,4,2,0,0,1,0,0,0,0,0,5.70936E+20,5.93644E+21,1.00712E+16,5.3572E+16
126629,2,4,5,411,2018,7,21,3,3,0,7,2,0,0,0,1,0,0,0,5.68329E+20,5.93788E+21,1.00322E+16,5.35853E+16
126630,2,3,3,313,2018,8,15,2,3,6,4,0,1,0,1,0,0,0,0,5.65467E+20,5.93649E+21,9.98867E+15,5.35732E+16
126631,2,3,4,316,2018,8,11,3,3,3,7,0,0,1,0,0,0,1,0,5.64245E+20,5.9376E+21,9.97045E+15,5.35833E+16
126632,2,5,11,519,2018,8,9,4,2,6,4,0,0,1,1,0,0,0,0,5.71179E+20,5.94546E+21,1.0077E+16,5.36531E+16
126633,2,4,5,409,2018,7,15,3,3,4,6,0,1,0,0,0,0,0,0,5.68331E+20,5.93857E+21,1.00324E+16,5.35915E+16
126634,2,3,8,320,2018,8,6,6,3,3,6,0,0,1,0,0,0,0,0,5.59937E+20,5.94017E+21,9.90588E+15,5.36069E+16
126635,2,5,12,520,2018,8,6,4,3,4,6,0,1,0,0,0,0,0,1,5.68705E+20,5.94346E+21,1.00391E+16,5.36354E+16
126636,2,1,16,137,2018,8,13,2,3,6,4,0,0,0,1,0,0,1,0,5.66555E+20,5.92808E+21,1.00033E+16,5.34975E+16
126637,2,4,6,414,2018,7,9,3,3,4,2,0,0,1,0,1,0,0,0,5.6712E+20,5.93714E+21,1.00138E+16,5.35788E+16
126638,2,2,1,201,2018,8,8,5,3,5,3,0,1,0,0,0,0,0,0,5.63199E+20,5.93356E+21,9.95383E+15,5.35471E+16
126639,2,2,7,219,2018,8,9,1,3,0,1,0,1,0,0,0,0,0,0,5.57446E+20,5.93435E+21,9.86717E+15,5.35548E+16
126640,2,7,1,702,2018,8,19,4,3,5,7,0,0,1,0,0,0,1,0,5.65365E+20,5.92378E+21,9.98448E+15,5.3459E+16
126641,2,2,8,220,2018,8,8,7,2,2,6,0,0,1,0,0,0,0,0,5.57401E+20,5.93767E+21,9.8671E+15,5.35847E+16
126642,2,5,7,515,2018,7,18,3,3,2,6,0,0,1,0,0,0,0,0,5.70533E+20,5.9405E+21,1.00661E+16,5.36086E+16
126643,2,4,8,422,2018,7,17,3,3,5,2,0,1,1,0,0,0,0,0,5.68745E+20,5.93696E+21,1.00383E+16,5.3577E+16
126644,2,3,8,320,2018,8,15,3,3,5,3,0,1,1,0,0,0,0,0,5.59868E+20,5.94038E+21,9.90487E+15,5.36088E+16
126645,2,7,7,708,2018,8,17,5,3,5,2,0,0,1,0,0,0,0,0,5.65257E+20,5.9192E+21,9.98191E+15,5.34178E+16
126646,2,3,6,318,2018,7,16,1,3,2,6,0,0,1,0,1,0,0,0,5.64148E+20,5.94387E+21,9.97027E+15,5.36397E+16
126647,2,5,7,515,2018,7,15,3,3,5,2,0,1,1,0,0,0,0,0,5.70303E+20,5.9391E+21,1.00623E+16,5.35961E+16
126648,2,2,8,220,2018,7,17,3,3,1,6,0,0,1,0,0,0,0,0,5.579E+20,5.93824E+21,9.87473E+15,5.35898E+16
126649,2,5,2,507,2018,8,22,7,3,5,2,2,0,1,0,0,0,0,0,5.71179E+20,5.93674E+21,1.0075E+16,5.35747E+16
126650,2,5,6,514,2018,8,13,2,3,3,7,0,0,1,0,1,0,0,1,5.7394E+20,5.94039E+21,1.01175E+16,5.36071E+16
126651,2,1,6,115,2018,8,17,4,3,3,6,0,0,1,0,0,0,0,1,5.66691E+20,5.93387E+21,1.00066E+16,5.35495E+16
126652,2,4,2,405,2018,7,15,3,3,5,3,0,0,1,0,0,0,0,0,5.64971E+20,5.93962E+21,9.98183E+15,5.36013E+16
126653,2,5,9,517,2018,8,13,3,2,5,3,0,1,1,0,0,0,0,0,5.71152E+20,5.94341E+21,1.00761E+16,5.36346E+16
126654,2,2,1,204,2018,8,17,6,3,4,6,0,1,0,0,0,0,0,0,5.62835E+20,5.9348E+21,9.94858E+15,5.35583E+16
126655,2,1,12,130,2018,7,0,1,3,0,7,2,1,0,0,0,0,0,1,5.75953E+20,5.934E+21,1.01464E+16,5.35494E+16
126656,2,5,10,518,2018,7,20,3,3,0,7,0,1,1,0,0,0,0,0,5.72621E+20,5.94504E+21,1.00987E+16,5.36491E+16
126657,2,3,3,314,2018,7,10,3,3,5,3,0,1,0,0,0,0,1,0,5.65442E+20,5.93749E+21,9.98851E+15,5.35822E+16
126658,2,2,8,220,2018,8,0,1,3,0,7,2,0,0,0,1,0,0,0,5.57489E+20,5.9389E+21,9.86864E+15,5.35957E+16
126659,2,1,16,137,2018,8,4,2,3,0,7,2,1,0,0,0,0,0,0,5.64816E+20,5.92965E+21,9.97742E+15,5.35118E+16
126660,2,3,6,318,2018,8,21,4,3,5,3,2,1,1,0,0,0,0,0,5.63249E+20,5.94121E+21,9.95613E+15,5.36159E+16
126661,2,7,13,714,2018,7,14,2,3,5,3,0,1,1,0,0,0,0,0,5.58527E+20,5.92569E+21,9.88186E+15,5.3477E+16
126662,2,3,5,317,2018,8,9,6,3,5,3,0,0,1,0,0,0,0,0,5.63705E+20,5.93992E+21,9.96277E+15,5.36042E+16
126663,2,1,14,132,2018,8,13,2,3,1,6,0,0,1,0,0,0,0,0,5.69381E+20,5.93295E+21,1.0047E+16,5.35409E+16
126664,2,7,13,714,2018,7,7,2,3,5,2,0,1,1,0,0,0,0,0,5.59743E+20,5.92632E+21,9.9003E+15,5.34825E+16
126665,2,1,11,128,2018,8,11,4,2,1,6,0,0,1,0,1,0,0,0,5.7221E+20,5.93344E+21,1.00898E+16,5.35449E+16
126666,2,1,8,121,2018,8,14,7,3,0,7,0,0,0,0,0,0,1,0,5.69263E+20,5.93485E+21,1.00456E+16,5.35579E+16
126667,2,1,12,130,2018,8,17,4,3,6,4,0,0,1,1,0,0,0,0,5.73384E+20,5.93313E+21,1.01074E+16,5.35419E+16
126668,2,1,5,114,2018,8,17,7,3,6,4,0,0,1,1,0,0,0,1,5.66935E+20,5.93419E+21,1.00103E+16,5.35523E+16
126669,2,5,11,519,2018,7,17,3,3,2,6,0,0,1,0,0,0,0,0,5.70927E+20,5.94464E+21,1.0073E+16,5.36457E+16
126670,2,6,11,612,2018,7,18,2,3,5,7,0,0,1,0,1,0,0,0,5.72273E+20,5.92811E+21,1.00895E+16,5.3497E+16
126671,2,1,1,101,2018,8,14,3,3,3,6,0,0,1,0,0,0,0,0,5.662E+20,5.93463E+21,9.99935E+15,5.35563E+16
126672,2,5,9,517,2018,8,18,5,3,3,6,0,0,1,0,0,0,0,0,5.72211E+20,5.94355E+21,1.00921E+16,5.36357E+16
126673,2,1,12,130,2018,7,22,2,3,4,2,2,1,1,0,0,0,0,0,5.758E+20,5.93129E+21,1.01434E+16,5.35251E+16
126674,2,2,8,220,2018,8,18,7,3,3,6,0,0,1,0,0,0,0,0,5.58009E+20,5.93812E+21,9.87636E+15,5.35887E+16
126675,2,1,12,130,2018,8,14,3,3,0,7,0,0,0,0,0,0,1,0,5.75635E+20,5.93282E+21,1.01413E+16,5.35389E+16
126676,2,1,12,130,2018,7,18,2,3,4,2,0,0,1,0,0,0,0,0,5.73265E+20,5.93381E+21,1.01058E+16,5.3548E+16
126677,2,1,11,128,2018,8,17,5,3,4,6,0,1,0,0,0,0,0,0,5.7178E+20,5.93339E+21,1.00833E+16,5.35445E+16
126678,2,2,1,204,2018,8,17,2,3,5,3,0,0,1,0,0,0,1,0,5.62636E+20,5.93465E+21,9.94555E+15,5.3557E+16
126679,2,1,12,130,2018,7,17,2,3,4,2,0,0,1,0,0,0,0,0,5.74709E+20,5.93279E+21,1.01273E+16,5.35387E+16
126680,2,2,2,207,2018,8,20,6,3,2,6,1,1,1,0,1,0,0,0,5.63747E+20,5.93521E+21,9.96244E+15,5.35619E+16
126681,2,4,4,407,2018,8,17,2,3,5,3,0,1,1,0,0,0,0,0,5.66642E+20,5.94129E+21,1.00074E+16,5.36162E+16
126682,2,5,2,508,2018,7,16,2,3,0,7,0,0,0,0,1,0,0,0,5.72177E+20,5.93815E+21,1.00904E+16,5.35872E+16
126683,2,4,8,422,2018,8,16,4,3,1,6,0,0,1,0,0,0,0,0,5.69274E+20,5.93719E+21,1.00463E+16,5.35789E+16
126684,2,3,7,319,2018,8,9,7,3,5,3,0,1,1,0,0,0,0,0,5.61089E+20,5.94432E+21,9.9241E+15,5.36441E+16
126685,2,4,10,429,2018,8,7,4,3,5,2,0,1,1,0,0,0,0,0,5.68847E+20,5.93989E+21,1.00405E+16,5.36033E+16
126686,2,4,5,410,2018,8,15,6,3,5,2,0,0,1,0,0,0,0,0,5.66606E+20,5.93793E+21,1.00062E+16,5.3586E+16
126687,2,1,3,106,2018,7,20,3,3,5,2,0,0,1,0,0,0,1,0,5.64424E+20,5.9343E+21,9.97246E+15,5.35536E+16
126688,2,4,5,409,2018,7,6,3,3,1,5,0,0,0,0,0,0,1,0,5.67984E+20,5.93851E+21,1.00271E+16,5.3591E+16
126689,2,5,7,515,2018,7,11,2,2,6,4,0,0,1,1,0,0,0,0,5.70641E+20,5.9406E+21,1.00677E+16,5.36094E+16