OBJECTID_1,ULAND,UREGBEZ,UKREIS,UGEMEINDE,UJAHR,UMONAT,USTUNDE,UWOCHENTAG,UKATEGORIE,UART,UTYP1,ULICHTVERH,IstRad,IstPKW,IstFuss,IstKrad,IstGkfz,IstSonstig,STRZUSTAND,LINREFX,LINREFY,XGCSWGS84,YGCSWGS84
126876,2,4,5,408,2018,9,17,2,3,5,3,0,0,1,0,0,0,1,0,5.67839E+20,5.93998E+21,1.00252E+16,5.36042E+16
126877,2,2,7,219,2018,9,18,6,3,1,6,0,1,0,0,0,0,1,0,5.59687E+20,5.93455E+21,9.90102E+15,5.35564E+16
126878,2,4,12,431,2018,8,10,2,3,1,7,0,1,1,0,0,0,0,0,5.67629E+20,5.9428E+21,1.00227E+16,5.36296E+16
126879,2,4,9,425,2018,9,23,4,3,8,1,2,0,1,0,0,0,0,0,5.7096E+20,5.93825E+21,1.0072E+16,5.35883E+16
126880,2,4,10,427,2018,8,18,2,3,2,6,0,0,1,0,1,0,0,0,5.68399E+20,5.93823E+21,1.00333E+16,5.35885E+16
126881,2,4,11,430,2018,9,5,7,3,2,6,2,1,1,0,0,0,0,0,5.68955E+20,5.9431E+21,1.00428E+16,5.36322E+16
126882,2,1,16,137,2018,8,15,6,3,2,6,0,0,1,0,0,0,1,0,5.66085E+20,5.92829E+21,9.99628E+15,5.34994E+16
126883,2,4,13,432,2018,8,13,5,3,0,1,0,0,0,0,1,0,0,1,5.66943E+20,5.94461E+21,1.00127E+16,5.3646E+16
126884,2,4,6,415,2018,9,19,4,3,3,2,0,1,1,0,0,0,0,0,5.67878E+20,5.93604E+21,1.0025E+16,5.35688E+16
126885,2,5,5,513,2018,9,0,2,3,8,6,2,0,1,0,0,0,0,0,5.73917E+20,5.9378E+21,1.01166E+16,5.35838E+16
126886,2,4,6,415,2018,8,7,2,3,5,3,0,1,1,0,0,0,0,1,5.68373E+20,5.9365E+21,1.00326E+16,5.35729E+16
126887,2,3,8,320,2018,9,15,3,3,5,3,0,1,1,0,0,0,0,0,5.5884E+20,5.9403E+21,9.88932E+15,5.36082E+16
126888,2,3,8,320,2018,9,5,7,3,6,7,2,0,0,1,0,0,1,0,5.59079E+20,5.93976E+21,9.89283E+15,5.36033E+16
126889,2,4,8,419,2018,8,11,2,3,1,5,0,1,1,0,0,0,0,0,5.68067E+20,5.93733E+21,1.00281E+16,5.35804E+16
126890,2,5,9,517,2018,9,7,5,3,2,7,0,1,1,0,0,0,0,0,5.72044E+20,5.94339E+21,1.00896E+16,5.36343E+16
126891,2,2,14,227,2018,8,8,2,3,0,6,0,1,1,0,0,0,0,1,5.50347E+20,5.93654E+21,9.76037E+15,5.35753E+16
126892,2,1,3,108,2018,9,17,2,3,4,2,0,0,1,0,0,0,0,0,5.65162E+20,5.93477E+21,9.9837E+15,5.35578E+16
126893,2,5,4,512,2018,8,19,5,3,2,6,0,0,1,0,0,0,0,1,5.74478E+20,5.93639E+21,1.01247E+16,5.35711E+16
126894,2,4,13,432,2018,8,5,5,3,6,4,2,1,0,1,0,0,0,1,5.67257E+20,5.94792E+21,1.00182E+16,5.36757E+16
126895,2,4,4,407,2018,9,10,5,2,5,3,0,1,1,0,0,0,0,0,5.66968E+20,5.94086E+21,1.00123E+16,5.36123E+16
126896,2,2,1,206,2018,9,15,4,3,2,6,0,0,1,0,0,0,0,1,5.62773E+20,5.9351E+21,9.94771E+15,5.3561E+16
126897,2,3,5,317,2018,8,14,2,3,5,3,0,0,1,0,0,0,0,1,5.63628E+20,5.93762E+21,9.96113E+15,5.35836E+16
126898,2,2,1,201,2018,9,19,7,3,5,3,0,1,1,0,0,0,0,0,5.63197E+20,5.93356E+21,9.9538E+15,5.35471E+16
126899,2,2,8,220,2018,8,14,6,3,3,2,0,1,1,0,0,0,0,0,5.57997E+20,5.93808E+21,9.87617E+15,5.35883E+16
126900,2,4,2,404,2018,9,14,4,3,5,3,0,1,1,0,0,0,0,0,5.65925E+20,5.9382E+21,9.99595E+15,5.35885E+16
126901,2,3,1,310,2018,9,8,2,3,3,2,0,1,1,0,0,0,0,0,5.6377E+20,5.9355E+21,9.96285E+15,5.35645E+16
126902,2,3,1,307,2018,8,8,2,3,5,3,0,1,0,0,0,0,1,0,5.632E+20,5.93605E+21,9.95435E+15,5.35695E+16
126903,2,1,12,130,2018,8,7,5,3,5,3,0,1,0,0,0,0,1,1,5.72853E+20,5.93274E+21,1.00993E+16,5.35385E+16
126904,2,2,10,222,2018,9,13,4,3,1,5,0,1,1,0,0,0,0,1,5.55131E+20,5.93492E+21,9.83232E+15,5.35603E+16
126905,2,2,4,211,2018,8,23,2,3,4,2,2,0,1,0,0,0,0,0,5.6147E+20,5.93483E+21,9.92799E+15,5.35587E+16
126906,2,2,9,221,2018,9,6,7,3,1,5,1,0,1,0,0,0,0,0,5.56297E+20,5.93698E+21,9.85029E+15,5.35786E+16
126907,2,5,3,510,2018,8,15,6,3,6,4,0,0,1,1,0,0,0,0,5.70253E+20,5.93625E+21,1.00609E+16,5.35704E+16
126908,2,2,10,222,2018,9,21,4,3,2,2,2,0,1,0,1,0,0,0,5.55224E+20,5.93443E+21,9.83364E+15,5.35559E+16
126909,2,5,7,515,2018,9,11,2,3,4,2,0,1,1,0,0,0,0,0,5.70582E+20,5.9393E+21,1.00665E+16,5.35978E+16
126910,2,2,2,207,2018,8,16,2,3,0,4,0,0,0,1,1,0,0,1,5.63783E+20,5.93509E+21,9.96295E+15,5.35609E+16
126911,2,2,3,208,2018,8,16,2,3,2,6,0,0,1,0,1,0,0,1,5.63513E+20,5.93536E+21,9.95894E+15,5.35633E+16
126912,2,3,2,311,2018,9,19,3,3,3,2,0,1,1,0,0,0,0,0,5.64777E+20,5.93576E+21,9.9781E+15,5.35667E+16
126913,2,7,14,715,2018,9,21,6,3,5,3,2,1,1,0,0,0,0,0,5.56939E+20,5.92565E+21,9.85792E+15,5.34767E+16
126914,2,1,3,107,2018,8,10,2,3,5,3,0,0,1,0,1,0,0,1,5.65156E+20,5.93425E+21,9.98351E+15,5.35531E+16
126915,2,2,6,218,2018,9,13,5,3,2,2,0,1,1,0,0,0,0,0,5.57874E+20,5.9349E+21,9.87372E+15,5.35598E+16
126916,2,7,10,711,2018,8,11,1,3,0,4,0,0,1,1,0,0,0,0,5.63506E+20,5.92432E+21,9.95659E+15,5.34641E+16
126917,2,1,5,114,2018,9,2,2,2,5,3,2,1,0,0,0,0,1,0,5.6711E+20,5.93392E+21,1.00129E+16,5.35498E+16
126918,2,5,7,515,2018,8,7,5,3,5,3,0,1,1,0,0,0,0,1,5.73344E+20,5.9421E+21,1.01089E+16,5.36225E+16
126919,2,4,7,416,2018,9,22,5,3,3,2,2,1,1,0,0,0,0,0,5.67498E+20,5.93561E+21,1.00192E+16,5.35651E+16
126920,2,1,6,116,2018,9,17,3,3,5,3,0,0,1,0,1,0,0,0,5.67677E+20,5.93336E+21,1.00214E+16,5.35447E+16
126921,2,1,14,132,2018,8,14,1,3,6,7,0,1,0,1,0,0,0,0,5.69103E+20,5.93283E+21,1.00428E+16,5.35398E+16
126922,2,7,13,714,2018,8,13,5,3,6,4,0,0,1,1,0,0,0,0,5.58326E+20,5.92579E+21,9.87885E+15,5.34778E+16
126923,2,1,5,114,2018,9,4,4,3,8,1,2,0,0,0,1,0,0,0,5.67128E+20,5.93436E+21,1.00133E+16,5.35538E+16
126924,2,4,11,430,2018,9,4,1,3,0,6,2,0,0,1,0,0,1,0,5.68197E+20,5.941E+21,1.00309E+16,5.36134E+16
126925,2,5,18,526,2018,8,12,1,2,6,4,0,0,1,1,0,0,0,0,5.77733E+20,5.94134E+21,1.01751E+16,5.36151E+16
126926,2,5,4,512,2018,9,15,6,3,2,6,0,0,1,0,0,0,0,0,5.74346E+20,5.936E+21,1.01226E+16,5.35676E+16
126927,2,5,10,518,2018,8,21,1,2,8,1,2,0,0,1,1,0,0,0,5.72952E+20,5.94551E+21,1.01038E+16,5.36532E+16
126928,2,1,12,130,2018,9,14,2,3,4,2,0,0,1,0,0,0,0,0,5.76018E+20,5.93339E+21,1.01472E+16,5.35439E+16
126929,2,4,11,430,2018,9,15,6,3,2,6,0,0,1,0,0,0,0,1,5.69187E+20,5.94323E+21,1.00463E+16,5.36333E+16
126930,2,2,9,221,2018,8,18,1,3,6,6,0,1,0,1,0,0,0,0,5.56874E+20,5.93675E+21,9.85896E+15,5.35765E+16
126931,2,7,16,717,2018,9,17,4,2,0,4,0,0,0,1,0,0,1,0,5.51652E+20,5.93068E+21,9.7791E+15,5.35225E+16
126932,2,2,11,223,2018,8,12,1,3,1,5,0,1,1,0,0,0,0,0,5.52142E+20,5.93575E+21,9.78734E+15,5.3568E+16
126933,2,3,1,302,2018,8,16,1,3,0,6,0,0,1,0,0,0,1,0,5.6283E+20,5.93748E+21,9.94904E+15,5.35824E+16
126934,2,1,16,137,2018,9,10,6,3,3,6,0,0,1,0,0,1,0,0,5.65822E+20,5.92841E+21,9.99233E+15,5.35005E+16
126935,2,2,4,212,2018,8,13,1,3,3,2,0,1,1,0,0,0,0,0,5.60837E+20,5.93427E+21,9.91833E+15,5.35538E+16
126936,2,1,20,141,2018,9,14,2,3,2,6,0,0,1,0,1,0,0,0,5.58144E+20,5.93197E+21,9.87725E+15,5.35334E+16
126937,2,5,6,514,2018,9,22,6,3,6,7,2,0,1,1,0,0,0,0,5.7345E+20,5.93874E+21,1.01097E+16,5.35923E+16
126938,2,6,5,606,2018,8,3,7,3,3,6,2,1,1,0,0,0,0,0,5.81911E+20,5.92172E+21,1.02331E+16,5.34382E+16
126939,2,3,3,314,2018,9,15,5,3,6,4,0,0,1,1,0,0,0,0,5.6533E+20,5.93752E+21,9.98681E+15,5.35825E+16
126940,2,1,11,129,2018,8,4,7,2,4,6,2,0,1,0,0,0,0,1,5.72932E+20,5.93488E+21,1.0101E+16,5.35577E+16
126941,2,5,18,526,2018,9,16,1,3,0,7,0,0,0,0,1,0,0,0,5.76978E+20,5.94198E+21,1.01638E+16,5.36209E+16
126942,2,3,2,312,2018,9,12,5,3,3,7,0,0,1,0,0,0,0,0,5.65297E+20,5.93541E+21,9.98587E+15,5.35635E+16
126943,2,5,5,513,2018,9,21,3,3,4,6,2,0,1,0,0,0,0,0,5.74028E+20,5.93794E+21,1.01183E+16,5.3585E+16
126944,2,5,18,526,2018,8,17,7,3,2,6,0,0,1,0,0,0,0,0,5.76331E+20,5.94126E+21,1.01539E+16,5.36146E+16
126945,2,6,9,610,2018,9,22,3,3,9,7,2,0,1,0,0,0,0,0,5.74461E+20,5.92657E+21,1.01221E+16,5.34828E+16
126946,2,6,4,605,2018,9,11,7,3,5,3,0,0,1,0,1,0,0,0,5.85415E+20,5.92061E+21,1.02855E+16,5.34276E+16
126947,2,5,4,512,2018,8,7,7,3,5,3,0,0,1,0,0,0,0,0,5.74361E+20,5.93638E+21,1.01229E+16,5.3571E+16
126948,2,5,7,515,2018,9,11,6,3,5,3,0,1,1,0,0,0,0,0,5.70809E+20,5.93997E+21,1.00701E+16,5.36038E+16
126949,2,5,18,526,2018,8,12,7,3,2,3,0,0,1,0,0,0,0,1,5.76157E+20,5.94115E+21,1.01512E+16,5.36136E+16
126950,2,5,5,513,2018,9,6,2,3,4,6,0,0,1,0,0,0,0,0,5.74293E+20,5.93796E+21,1.01223E+16,5.35852E+16
126951,2,4,7,417,2018,9,15,6,3,3,7,0,0,1,0,1,0,0,1,5.67907E+20,5.93521E+21,1.00252E+16,5.35613E+16
126952,2,5,2,506,2018,8,19,7,3,5,3,1,0,1,0,0,0,0,0,5.71207E+20,5.93742E+21,1.00755E+16,5.35808E+16
126953,2,2,1,206,2018,8,15,5,3,4,2,0,0,1,0,0,0,0,0,5.63176E+20,5.93506E+21,9.95379E+15,5.35606E+16
126954,2,1,14,133,2018,8,8,5,3,2,6,0,0,1,0,0,0,1,1,5.68393E+20,5.9327E+21,1.0032E+16,5.35388E+16
126955,2,5,18,526,2018,9,19,4,2,5,3,1,1,0,0,0,0,1,1,5.75451E+20,5.9422E+21,1.01408E+16,5.36232E+16
126956,2,5,3,510,2018,8,22,7,3,5,3,2,0,1,0,0,0,0,0,5.70236E+20,5.93626E+21,1.00606E+16,5.35705E+16
126957,2,5,18,526,2018,9,3,7,2,0,5,2,0,1,0,0,1,0,0,5.76828E+20,5.93899E+21,1.01608E+16,5.35941E+16
126958,2,4,12,431,2018,9,8,4,3,5,3,0,1,1,0,0,0,0,0,5.67697E+20,5.94244E+21,1.00236E+16,5.36263E+16
126959,2,1,1,101,2018,9,21,3,3,3,2,2,1,1,0,0,0,0,0,5.66309E+20,5.93456E+21,1.0001E+16,5.35557E+16
126960,2,4,11,430,2018,8,13,7,3,5,3,0,0,1,0,0,0,0,1,5.68707E+20,5.94045E+21,1.00385E+16,5.36084E+16
126961,2,1,4,112,2018,9,16,1,3,2,6,0,0,1,0,1,0,0,0,5.64399E+20,5.93339E+21,9.9719E+15,5.35454E+16
126962,2,5,6,514,2018,9,18,4,3,4,6,0,1,0,0,0,0,0,0,5.73932E+20,5.94039E+21,1.01174E+16,5.36071E+16
126963,2,4,10,426,2018,9,16,3,3,4,2,0,1,1,0,0,0,0,0,5.69875E+20,5.9386E+21,1.00557E+16,5.35916E+16
126964,2,5,7,515,2018,8,12,7,3,6,2,0,0,1,1,0,0,0,1,5.72091E+20,5.94039E+21,1.00896E+16,5.36074E+16
126965,2,5,18,526,2018,9,17,3,3,1,6,0,0,1,0,0,0,0,0,5.76407E+20,5.93952E+21,1.01546E+16,5.35989E+16
126966,2,5,18,526,2018,9,11,7,3,6,4,0,0,1,1,0,0,0,0,5.75613E+20,5.93911E+21,1.01425E+16,5.35953E+16
126967,2,5,17,525,2018,8,13,7,3,1,7,0,0,1,0,0,0,1,1,5.76869E+20,5.94515E+21,1.0163E+16,5.36495E+16
126968,2,7,11,712,2018,9,6,5,3,3,2,1,1,1,0,0,0,0,0,5.60443E+20,5.92821E+21,9.91121E+15,5.34994E+16
126969,2,4,6,415,2018,8,13,7,3,8,1,0,0,1,1,0,0,0,1,5.68003E+20,5.93614E+21,1.00269E+16,5.35698E+16
126970,2,5,1,504,2018,9,10,2,3,6,4,0,0,1,1,0,0,0,0,5.70046E+20,5.93618E+21,1.00577E+16,5.35698E+16
126971,2,2,1,203,2018,9,12,6,3,5,3,0,0,1,0,0,0,0,0,5.62153E+20,5.9339E+21,9.93812E+15,5.35503E+16
126972,2,2,9,221,2018,8,22,7,1,8,1,2,0,1,0,0,0,0,1,5.55181E+20,5.93702E+21,9.83345E+15,5.35791E+16
126973,2,7,14,715,2018,8,17,4,3,1,5,0,1,1,0,0,0,0,0,5.57309E+20,5.92516E+21,9.86341E+15,5.34723E+16
126974,2,1,11,129,2018,9,9,5,3,1,6,0,0,1,0,0,0,0,0,5.73369E+20,5.93565E+21,1.01078E+16,5.35646E+16
126975,2,4,4,407,2018,9,11,4,3,5,3,0,1,1,0,0,0,0,1,5.67277E+20,5.94126E+21,1.0017E+16,5.36158E+16
126976,2,2,9,221,2018,8,8,7,3,5,2,0,1,1,0,0,0,0,0,5.57362E+20,5.93585E+21,9.86617E+15,5.35684E+16
126977,2,4,10,426,2018,9,17,7,3,2,6,0,0,1,0,1,0,0,0,5.6963E+20,5.93878E+21,1.0052E+16,5.35932E+16
126978,2,1,12,130,2018,8,15,6,2,6,2,0,0,0,1,0,1,0,0,5.7471E+20,5.93279E+21,1.01273E+16,5.35387E+16
126979,2,4,5,411,2018,8,10,5,3,6,4,0,0,0,1,0,0,1,1,5.68199E+20,5.93799E+21,1.00302E+16,5.35864E+16
126980,2,4,8,422,2018,9,7,4,2,6,4,0,0,1,1,0,0,0,0,5.6924E+20,5.93704E+21,1.00458E+16,5.35776E+16
126981,2,4,9,424,2018,9,18,2,3,5,2,0,1,1,0,0,0,0,0,5.70074E+20,5.93736E+21,1.00584E+16,5.35804E+16
126982,2,4,2,405,2018,8,12,7,3,4,6,0,0,1,0,0,0,0,1,5.65395E+20,5.93895E+21,9.98809E+15,5.35953E+16
126983,2,3,5,317,2018,8,12,7,3,1,7,0,1,1,0,0,0,0,1,5.63122E+20,5.93962E+21,9.9539E+15,5.36016E+16
126984,2,2,8,220,2018,9,18,3,3,3,6,0,1,0,0,0,0,0,0,5.57909E+20,5.93802E+21,9.87483E+15,5.35878E+16
126985,2,3,6,318,2018,9,18,7,3,2,6,0,0,1,0,0,0,0,0,5.63174E+20,5.94196E+21,9.95515E+15,5.36227E+16
126986,2,3,1,310,2018,8,13,7,3,4,2,0,0,1,0,0,0,0,1,5.63595E+20,5.93542E+21,9.96018E+15,5.35638E+16
126987,2,7,4,705,2018,8,11,4,3,2,7,0,0,0,0,1,0,1,0,5.65905E+20,5.92252E+21,9.99235E+15,5.34476E+16
126988,2,4,13,432,2018,9,17,5,2,5,3,0,1,0,0,0,0,1,0,5.68045E+20,5.94813E+21,1.00301E+16,5.36775E+16
126989,2,2,1,201,2018,8,17,7,3,2,6,0,0,1,0,0,0,0,1,5.63254E+20,5.9337E+21,9.9547E+15,5.35484E+16
126990,2,1,1,101,2018,9,10,2,3,5,3,0,0,1,0,0,0,0,0,5.66668E+20,5.93372E+21,1.00062E+16,5.35481E+16
126991,2,4,5,409,2018,9,15,3,3,1,7,0,1,1,0,0,0,0,0,5.65968E+20,5.93875E+21,9.99671E+15,5.35934E+16
126992,2,5,7,515,2018,9,17,7,3,5,3,0,0,0,0,1,0,1,0,5.70928E+20,5.93926E+21,1.00718E+16,5.35974E+16
126993,2,1,3,108,2018,8,17,7,3,6,7,0,0,1,1,0,0,0,0,5.65481E+20,5.93452E+21,9.98847E+15,5.35555E+16
126994,2,1,11,129,2018,9,9,5,3,4,2,0,0,1,0,0,0,0,0,5.72204E+20,5.93447E+21,1.00899E+16,5.35541E+16
126995,2,1,17,138,2018,8,13,7,3,0,7,0,0,0,0,1,0,0,1,5.66541E+20,5.93104E+21,1.00037E+16,5.35241E+16
126996,2,3,6,318,2018,9,14,2,3,6,7,0,0,1,1,0,0,0,0,5.63093E+20,5.94193E+21,9.95392E+15,5.36224E+16
126997,2,1,16,135,2018,9,17,5,3,0,3,0,1,0,0,0,0,1,0,5.7009E+20,5.92572E+21,1.00561E+16,5.34758E+16
126998,2,1,11,129,2018,8,8,4,3,6,7,0,0,1,1,0,0,0,0,5.7192E+20,5.93441E+21,1.00856E+16,5.35536E+16
126999,2,5,18,526,2018,9,9,5,3,5,3,0,0,1,0,0,1,0,0,5.76149E+20,5.94115E+21,1.01511E+16,5.36136E+16
127000,2,3,5,317,2018,9,12,4,3,2,2,0,0,0,0,1,0,1,0,5.63197E+20,5.94007E+21,9.95512E+15,5.36056E+16
127001,2,7,12,713,2018,8,19,6,2,2,6,0,0,0,0,1,0,0,0,5.6044E+20,5.92938E+21,9.9114E+15,5.35099E+16
127002,2,3,1,301,2018,9,10,7,3,3,6,0,1,0,0,0,0,0,0,5.62716E+20,5.93748E+21,9.94734E+15,5.35824E+16
127003,2,4,13,432,2018,8,7,6,3,3,2,0,1,1,0,0,0,0,0,5.66976E+20,5.94393E+21,1.00131E+16,5.36398E+16
127004,2,2,5,215,2018,9,17,4,3,3,7,0,0,1,0,1,0,0,0,5.61303E+20,5.93637E+21,9.92577E+15,5.35726E+16
127005,2,5,1,503,2018,9,9,2,3,3,2,0,1,1,0,0,0,0,0,5.69271E+20,5.93553E+21,1.00459E+16,5.3564E+16
127006,2,7,1,701,2018,8,6,6,3,5,3,0,0,1,0,0,0,1,0,5.64103E+20,5.92425E+21,9.96557E+15,5.34634E+16
127007,2,1,16,137,2018,8,11,6,3,6,4,0,0,1,1,0,0,0,0,5.65398E+20,5.92897E+21,9.98606E+15,5.35056E+16
127008,2,1,3,108,2018,9,10,3,3,5,2,0,1,1,0,0,0,0,0,5.65462E+20,5.93467E+21,9.98821E+15,5.35569E+16
127009,2,1,16,137,2018,9,14,6,3,5,3,0,0,1,0,0,0,0,0,5.65478E+20,5.93028E+21,9.98754E+15,5.35174E+16
127010,2,1,13,131,2018,8,8,6,3,5,2,0,0,0,0,0,1,1,0,5.72821E+20,5.93051E+21,1.00983E+16,5.35185E+16
127011,2,1,13,131,2018,8,15,4,3,3,6,0,0,1,0,0,0,0,0,5.71455E+20,5.93202E+21,1.00781E+16,5.35323E+16
127012,2,3,5,317,2018,9,19,5,3,3,6,0,0,1,0,0,0,0,0,5.64276E+20,5.93931E+21,9.97126E+15,5.35987E+16
127013,2,1,11,129,2018,8,12,6,3,2,6,0,0,1,0,0,0,0,0,5.72065E+20,5.93455E+21,1.00878E+16,5.35549E+16
127014,2,6,7,608,2018,9,17,1,3,0,7,0,0,0,0,1,0,0,0,5.719E+20,5.92512E+21,1.00832E+16,5.34701E+16
127015,2,1,11,128,2018,8,9,4,2,6,3,0,1,0,1,0,0,0,0,5.72228E+20,5.93342E+21,1.009E+16,5.35447E+16
127016,2,3,5,317,2018,9,16,5,3,8,1,0,0,1,0,0,0,0,0,5.63221E+20,5.94006E+21,9.95548E+15,5.36056E+16
127017,2,5,5,513,2018,9,12,3,3,3,2,0,0,1,0,0,0,1,0,5.74434E+20,5.93828E+21,1.01245E+16,5.35881E+16
127018,2,1,6,117,2018,8,14,6,3,0,3,0,0,1,0,1,0,0,0,5.67682E+20,5.9339E+21,1.00215E+16,5.35496E+16
127019,2,7,7,708,2018,8,14,5,3,0,1,0,0,0,0,1,0,0,1,5.64352E+20,5.91999E+21,9.96845E+15,5.3425E+16
127020,2,4,5,409,2018,9,16,5,3,6,4,0,0,1,1,0,0,0,0,5.66187E+20,5.93866E+21,1E+16,5.35926E+16
127021,2,1,15,134,2018,9,13,3,3,5,3,0,0,1,0,0,1,0,0,5.69123E+20,5.93084E+21,1.00426E+16,5.35219E+16
127022,2,1,6,115,2018,8,23,6,3,9,7,2,0,0,0,1,0,0,0,5.66798E+20,5.93371E+21,1.00082E+16,5.3548E+16
127023,2,2,1,206,2018,8,13,6,3,5,3,0,1,1,0,0,0,0,0,5.63078E+20,5.93498E+21,9.95229E+15,5.35599E+16
127024,2,2,4,214,2018,9,17,4,3,3,6,0,1,1,0,0,0,0,0,5.61812E+20,5.93348E+21,9.93288E+15,5.35465E+16
127025,2,6,1,601,2018,9,17,1,3,0,7,0,0,1,0,0,0,0,0,5.79028E+20,5.92897E+21,1.01915E+16,5.35037E+16
127026,2,5,18,526,2018,8,20,6,3,5,3,0,1,1,0,0,0,0,0,5.76107E+20,5.93812E+21,1.01497E+16,5.35864E+16
127027,2,5,6,514,2018,8,17,6,3,2,6,0,0,1,0,0,0,1,0,5.73202E+20,5.94027E+21,1.01063E+16,5.36061E+16
127028,2,1,11,129,2018,9,14,6,3,0,6,0,0,0,0,1,1,0,0,5.71688E+20,5.9346E+21,1.00822E+16,5.35554E+16
127029,2,5,7,515,2018,8,18,6,3,6,7,0,0,1,1,0,0,0,1,5.69897E+20,5.93935E+21,1.00562E+16,5.35983E+16
127030,2,6,1,601,2018,9,18,2,2,5,3,0,0,1,0,0,0,0,0,5.78148E+20,5.92991E+21,1.01785E+16,5.35124E+16
127031,2,5,6,514,2018,9,15,6,3,6,2,0,0,1,1,0,0,0,1,5.73303E+20,5.94093E+21,1.0108E+16,5.3612E+16
127032,2,5,12,520,2018,8,17,6,3,2,2,0,0,1,0,0,0,0,0,5.7022E+20,5.94555E+21,1.00625E+16,5.3654E+16
127033,2,1,13,131,2018,8,6,4,3,0,7,0,1,0,0,0,0,0,0,5.71869E+20,5.93074E+21,1.0084E+16,5.35206E+16
127034,2,1,4,112,2018,9,6,5,3,5,3,2,0,1,0,1,0,0,0,5.63365E+20,5.93386E+21,9.9564E+15,5.35498E+16
127035,2,4,5,409,2018,8,1,6,3,2,6,2,0,1,0,0,0,0,0,5.65803E+20,5.93921E+21,9.99431E+15,5.35976E+16
127036,2,4,13,432,2018,9,14,1,3,3,6,0,1,1,0,0,0,0,0,5.66675E+20,5.94512E+21,1.00088E+16,5.36506E+16
127037,2,6,1,601,2018,9,16,4,3,5,3,0,0,1,0,0,0,0,0,5.79889E+20,5.92766E+21,1.02042E+16,5.34918E+16
127038,2,5,12,520,2018,9,16,3,3,1,6,0,0,1,0,0,0,0,0,5.70181E+20,5.94536E+21,1.00618E+16,5.36523E+16
127039,2,4,8,423,2018,8,15,6,3,5,2,0,1,1,0,0,0,0,1,5.69295E+20,5.93765E+21,1.00467E+16,5.35831E+16
127040,2,1,11,129,2018,9,18,3,3,0,3,0,1,1,0,0,0,0,0,5.70794E+20,5.93505E+21,1.00688E+16,5.35596E+16
127041,2,5,4,512,2018,9,8,7,3,5,3,0,1,1,0,0,0,0,0,5.75568E+20,5.93635E+21,1.01411E+16,5.35705E+16
127042,2,5,1,501,2018,8,11,6,2,5,3,0,0,1,0,0,0,0,0,5.689E+20,5.93621E+21,1.00404E+16,5.35702E+16
127043,2,4,12,431,2018,9,18,6,3,5,3,0,1,1,0,0,0,0,0,5.67048E+20,5.94222E+21,1.00138E+16,5.36245E+16
127044,2,4,7,417,2018,8,15,6,3,2,6,0,0,1,0,0,0,0,0,5.67922E+20,5.93511E+21,1.00254E+16,5.35605E+16
127045,2,4,11,430,2018,9,18,2,3,0,7,0,1,1,0,0,0,0,0,5.67319E+20,5.94147E+21,1.00177E+16,5.36177E+16
127046,2,2,9,221,2018,9,18,6,3,3,2,0,1,0,0,0,0,1,1,5.56523E+20,5.93757E+21,9.85382E+15,5.35839E+16
127047,2,2,8,220,2018,8,17,6,3,1,1,0,0,1,0,1,0,0,0,5.57279E+20,5.93798E+21,9.8653E+15,5.35875E+16
127048,2,7,14,715,2018,9,16,3,3,3,6,0,1,1,0,0,0,0,0,5.57239E+20,5.92645E+21,9.8626E+15,5.34839E+16
127049,2,2,8,220,2018,9,17,1,3,3,7,0,0,1,0,0,0,0,0,5.58047E+20,5.93816E+21,9.87694E+15,5.35891E+16
127050,2,2,5,215,2018,8,23,6,3,8,7,2,0,1,0,0,0,0,0,5.60295E+20,5.9376E+21,9.91079E+15,5.35838E+16
127051,2,5,6,514,2018,9,7,6,3,2,6,0,0,1,0,0,0,0,0,5.73991E+20,5.94036E+21,1.01183E+16,5.36068E+16
127052,2,2,5,217,2018,8,12,6,3,5,3,0,0,0,0,0,1,1,0,5.58349E+20,5.93751E+21,9.88137E+15,5.35832E+16
127053,2,1,14,132,2018,9,17,2,3,6,4,0,0,1,1,0,0,0,0,5.69699E+20,5.93202E+21,1.00516E+16,5.35325E+16
127054,2,5,10,518,2018,9,8,6,3,5,2,0,0,1,0,1,0,0,0,5.73463E+20,5.94552E+21,1.01115E+16,5.36533E+16
127055,2,3,8,320,2018,8,3,6,2,5,3,2,0,1,0,0,0,1,0,5.60112E+20,5.93847E+21,9.9082E+15,5.35916E+16
127056,2,5,18,526,2018,8,14,4,3,5,3,0,1,1,0,0,0,0,0,5.76429E+20,5.94027E+21,1.01551E+16,5.36057E+16
127057,2,7,1,702,2018,9,15,4,2,6,4,0,0,1,1,0,0,0,1,5.66078E+20,5.92312E+21,9.99507E+15,5.34529E+16
127058,2,2,5,216,2018,8,18,6,3,5,3,0,1,0,0,0,0,0,0,5.6007E+20,5.93576E+21,9.90704E+15,5.35672E+16
127059,2,1,5,113,2018,9,20,1,3,2,6,2,1,1,0,0,0,0,0,5.67047E+20,5.93483E+21,1.00122E+16,5.35581E+16
127060,2,5,4,512,2018,9,11,4,3,2,6,0,0,1,0,0,0,0,0,5.73818E+20,5.93637E+21,1.01147E+16,5.3571E+16
127061,2,3,6,318,2018,9,17,3,3,5,3,0,0,1,0,1,0,0,0,5.63615E+20,5.94085E+21,9.9616E+15,5.36126E+16