OBJECTID_1,ULAND,UREGBEZ,UKREIS,UGEMEINDE,UJAHR,UMONAT,USTUNDE,UWOCHENTAG,UKATEGORIE,UART,UTYP1,ULICHTVERH,IstRad,IstPKW,IstFuss,IstKrad,IstGkfz,IstSonstig,STRZUSTAND,LINREFX,LINREFY,XGCSWGS84,YGCSWGS84
127062,2,3,7,319,2018,8,14,6,3,5,3,0,0,1,0,0,1,0,0,5.61257E+20,5.94405E+21,9.92659E+15,5.36417E+16
127063,2,5,2,505,2018,9,12,3,3,4,6,0,1,0,0,0,0,0,0,5.70628E+20,5.93643E+21,1.00666E+16,5.35719E+16
127064,2,4,9,425,2018,9,18,7,2,5,3,0,1,1,0,0,0,0,0,5.70467E+20,5.93804E+21,1.00645E+16,5.35865E+16
127065,2,2,1,203,2018,8,15,6,3,6,6,0,1,0,1,0,0,0,0,5.62017E+20,5.93404E+21,9.93609E+15,5.35515E+16
127066,2,7,7,708,2018,9,13,5,2,4,2,0,0,1,0,0,0,0,0,5.63665E+20,5.92021E+21,9.95815E+15,5.34271E+16
127067,2,3,3,314,2018,8,14,6,3,3,2,0,1,0,0,0,0,0,0,5.65169E+20,5.93738E+21,9.98435E+15,5.35812E+16
127068,2,4,6,414,2018,9,10,2,3,6,2,0,0,1,1,0,0,0,0,5.67247E+20,5.93643E+21,1.00155E+16,5.35724E+16
127069,2,1,3,106,2018,9,18,6,3,3,6,0,1,1,0,0,0,0,0,5.64636E+20,5.93388E+21,9.97558E+15,5.35498E+16
127070,2,5,18,526,2018,8,18,4,2,0,7,0,1,0,0,0,0,0,0,5.78922E+20,5.93884E+21,1.01924E+16,5.35925E+16
127071,2,5,18,526,2018,9,23,5,2,2,6,2,0,0,0,1,0,0,0,5.75414E+20,5.94237E+21,1.01403E+16,5.36247E+16
127072,2,2,10,222,2018,9,14,4,3,2,6,0,0,1,0,0,0,0,1,5.54979E+20,5.93463E+21,9.82997E+15,5.35577E+16
127073,2,1,5,114,2018,8,17,6,3,6,4,0,0,1,1,0,0,0,0,5.67206E+20,5.93444E+21,1.00145E+16,5.35546E+16
127074,2,2,9,221,2018,9,21,7,3,5,3,0,0,1,0,0,0,0,0,5.56051E+20,5.9353E+21,9.84628E+15,5.35636E+16
127075,2,5,2,507,2018,8,16,6,3,5,2,0,0,1,0,0,0,0,0,5.71179E+20,5.93673E+21,1.0075E+16,5.35746E+16
127076,2,4,7,417,2018,9,15,4,3,5,3,0,1,1,0,0,0,0,0,5.68303E+20,5.93564E+21,1.00313E+16,5.35652E+16
127077,2,5,5,513,2018,8,12,4,3,2,6,0,0,1,0,0,0,0,0,5.73045E+20,5.93739E+21,1.01033E+16,5.35802E+16
127078,2,5,2,508,2018,9,17,4,3,3,2,0,0,1,0,0,0,1,0,5.72679E+20,5.93771E+21,1.00978E+16,5.35832E+16
127079,2,7,14,715,2018,8,15,5,2,5,3,0,1,1,0,0,0,0,0,5.55916E+20,5.92572E+21,9.84253E+15,5.34775E+16
127080,2,5,3,510,2018,9,6,7,2,1,7,1,0,1,0,0,0,1,0,5.71462E+20,5.93548E+21,1.0079E+16,5.35633E+16
127081,2,7,10,711,2018,8,17,6,3,0,7,0,0,1,0,0,0,0,0,5.63472E+20,5.92434E+21,9.95608E+15,5.34642E+16
127082,2,4,5,413,2018,9,18,4,3,2,6,0,0,1,0,0,0,0,0,5.65992E+20,5.93772E+21,9.99686E+15,5.35842E+16
127083,2,1,12,130,2018,9,7,2,3,5,3,0,0,1,0,0,0,1,0,5.74701E+20,5.9328E+21,1.01272E+16,5.35388E+16
127084,2,6,2,603,2018,8,16,5,3,2,6,0,0,1,0,0,0,0,0,5.80114E+20,5.92626E+21,1.02072E+16,5.34792E+16
127085,2,5,1,502,2018,9,18,3,3,5,7,0,0,1,0,1,0,0,0,5.69543E+20,5.93653E+21,1.00502E+16,5.3573E+16
127086,2,4,13,432,2018,9,13,7,3,5,3,0,1,1,0,0,0,0,0,5.66804E+20,5.94492E+21,1.00107E+16,5.36488E+16
127087,2,1,11,129,2018,8,15,5,3,2,6,0,0,1,0,1,0,0,0,5.72647E+20,5.93472E+21,1.00967E+16,5.35564E+16
127088,2,5,18,526,2018,8,19,4,3,5,3,0,0,1,0,0,0,0,0,5.76898E+20,5.9386E+21,1.01618E+16,5.35906E+16
127089,2,5,2,505,2018,9,19,5,3,2,6,0,0,1,0,0,0,1,0,5.70186E+20,5.93642E+21,1.00599E+16,5.3572E+16
127090,2,1,12,130,2018,8,12,5,2,2,6,0,0,1,0,0,0,0,0,5.73363E+20,5.93377E+21,1.01072E+16,5.35477E+16
127091,2,3,1,301,2018,9,11,2,3,5,5,0,1,1,0,0,0,0,0,5.62627E+20,5.93716E+21,9.94593E+15,5.35796E+16
127092,2,1,13,131,2018,9,10,5,3,5,3,0,1,1,0,0,0,0,0,5.7366E+20,5.93192E+21,1.01113E+16,5.35311E+16
127093,2,4,9,425,2018,8,10,4,3,2,2,0,1,1,0,0,0,0,0,5.70701E+20,5.93759E+21,1.0068E+16,5.35824E+16
127094,2,4,13,432,2018,9,12,5,3,5,2,0,1,1,0,0,0,0,0,5.66195E+20,5.94704E+21,1.00019E+16,5.36679E+16
127095,2,1,12,130,2018,8,2,5,3,8,1,2,0,1,0,0,0,0,0,5.76132E+20,5.93102E+21,1.01484E+16,5.35226E+16
127096,2,3,1,308,2018,9,17,4,3,3,7,0,0,1,0,0,0,0,0,5.6363E+20,5.93605E+21,9.96085E+15,5.35694E+16
127097,2,1,11,129,2018,8,13,5,3,0,4,0,0,1,1,0,0,0,0,5.73086E+20,5.93496E+21,1.01034E+16,5.35584E+16
127098,2,3,2,311,2018,9,11,7,3,1,5,0,0,1,0,0,0,1,0,5.64849E+20,5.93608E+21,9.97926E+15,5.35696E+16
127099,2,5,1,504,2018,8,7,6,3,0,5,0,1,1,0,0,0,0,0,5.69863E+20,5.93669E+21,1.00551E+16,5.35744E+16
127100,2,3,1,302,2018,9,20,4,3,0,7,1,0,1,0,1,0,0,0,5.63002E+20,5.93696E+21,9.95154E+15,5.35777E+16
127101,2,2,7,219,2018,9,14,2,3,1,6,0,0,1,0,0,0,1,0,5.60234E+20,5.93433E+21,9.90924E+15,5.35544E+16
127102,2,1,13,131,2018,8,8,5,2,3,6,0,0,1,0,1,0,0,0,5.70876E+20,5.93141E+21,1.00692E+16,5.35268E+16
127103,2,7,4,705,2018,9,16,6,3,1,5,0,1,1,0,0,0,0,0,5.65627E+20,5.92224E+21,9.9881E+15,5.34451E+16
127104,2,5,6,514,2018,8,9,5,3,5,3,0,1,1,0,0,0,0,0,5.73823E+20,5.93993E+21,1.01156E+16,5.3603E+16
127105,2,7,1,702,2018,9,17,3,3,2,6,0,1,0,0,0,0,1,0,5.65555E+20,5.92457E+21,9.98751E+15,5.3466E+16
127106,2,1,8,124,2018,9,18,6,3,4,2,0,1,1,0,0,0,0,0,5.6959E+20,5.93456E+21,1.00505E+16,5.35553E+16
127107,2,5,18,526,2018,8,14,5,3,2,7,0,1,1,0,0,0,0,0,5.76848E+20,5.94108E+21,1.01616E+16,5.36129E+16
127108,2,4,12,431,2018,8,9,4,3,5,2,0,1,1,0,0,0,0,0,5.68343E+20,5.9436E+21,1.00337E+16,5.36367E+16
127109,2,5,2,509,2018,9,7,2,2,5,3,0,1,1,0,0,0,0,0,5.71369E+20,5.93812E+21,1.00782E+16,5.35871E+16
127110,2,5,2,507,2018,8,7,5,3,5,3,0,1,1,0,0,0,0,0,5.71022E+20,5.93704E+21,1.00727E+16,5.35774E+16
127111,2,5,2,505,2018,8,8,5,3,5,3,0,1,1,0,0,0,0,0,5.70646E+20,5.93723E+21,1.0067E+16,5.35792E+16
127112,2,3,8,320,2018,9,8,3,3,5,3,0,1,1,0,0,0,0,0,5.59806E+20,5.93891E+21,9.90365E+15,5.35956E+16
127113,2,1,5,114,2018,9,13,7,3,4,2,0,1,0,0,0,0,1,0,5.67107E+20,5.93419E+21,1.00129E+16,5.35523E+16
127114,2,4,12,431,2018,8,8,5,3,3,2,0,1,1,0,0,0,0,0,5.67184E+20,5.94342E+21,1.00161E+16,5.36353E+16
127115,2,5,1,504,2018,8,16,4,3,3,2,0,1,0,0,0,0,1,0,5.69963E+20,5.93613E+21,1.00565E+16,5.35694E+16
127116,2,2,5,217,2018,9,16,5,3,2,6,0,0,1,0,1,0,0,0,5.59156E+20,5.93642E+21,9.89337E+15,5.35733E+16
127117,2,4,5,408,2018,8,16,5,3,2,6,0,0,1,0,0,0,0,0,5.67788E+20,5.9406E+21,1.00246E+16,5.36098E+16
127118,2,1,5,114,2018,9,16,2,3,4,6,0,1,0,0,0,0,1,0,5.66587E+20,5.93465E+21,1.00052E+16,5.35565E+16
127119,2,4,8,422,2018,8,14,4,3,2,6,0,0,1,0,0,0,0,0,5.68786E+20,5.93643E+21,1.00388E+16,5.35722E+16
127120,2,4,5,409,2018,9,8,5,3,1,6,0,0,1,0,0,0,0,0,5.66071E+20,5.93886E+21,9.99829E+15,5.35944E+16
127121,2,6,2,602,2018,9,20,3,3,4,6,2,1,0,0,0,0,0,0,5.80646E+20,5.92718E+21,1.02154E+16,5.34874E+16
127122,2,4,8,419,2018,8,14,5,3,1,5,0,1,1,0,0,0,0,0,5.6779E+20,5.93725E+21,1.00239E+16,5.35797E+16
127123,2,1,5,114,2018,8,18,6,3,2,6,0,0,1,0,0,0,0,0,5.6737E+20,5.93417E+21,1.00169E+16,5.35521E+16
127124,2,2,1,206,2018,9,9,4,3,4,2,0,1,1,0,0,0,0,0,5.63569E+20,5.93501E+21,9.95971E+15,5.35601E+16
127125,2,7,4,705,2018,8,8,5,3,0,3,0,0,1,0,1,0,0,1,5.65658E+20,5.92286E+21,9.9887E+15,5.34506E+16
127126,2,5,7,515,2018,9,17,1,3,1,6,0,0,1,0,0,0,0,0,5.70521E+20,5.93935E+21,1.00656E+16,5.35983E+16
127127,2,5,1,501,2018,8,8,5,3,3,2,0,0,1,0,1,0,0,0,5.68894E+20,5.93581E+21,1.00403E+16,5.35666E+16
127128,2,1,12,130,2018,9,13,6,3,4,6,0,1,0,0,0,0,0,0,5.73789E+20,5.93492E+21,1.0114E+16,5.3558E+16
127129,2,3,9,321,2018,8,21,5,3,5,3,2,1,1,0,0,0,0,0,5.61298E+20,5.93929E+21,9.92627E+15,5.35988E+16
127130,2,6,9,610,2018,9,17,2,3,2,6,0,0,1,0,0,0,0,0,5.73342E+20,5.9277E+21,1.01055E+16,5.34931E+16
127131,2,5,4,512,2018,9,14,6,3,0,3,0,0,1,0,0,0,1,0,5.73881E+20,5.93637E+21,1.01157E+16,5.3571E+16
127132,2,3,8,320,2018,8,14,5,3,1,5,0,1,1,0,0,0,0,0,5.58703E+20,5.94112E+21,9.88741E+15,5.36156E+16
127133,2,4,8,421,2018,8,10,4,3,2,6,0,1,0,0,0,0,0,0,5.68781E+20,5.93713E+21,1.00389E+16,5.35785E+16
127134,2,1,1,101,2018,9,12,5,3,2,6,0,0,1,0,0,0,0,0,5.6632E+20,5.93457E+21,1.00011E+16,5.35559E+16
127135,2,2,11,224,2018,8,17,5,2,0,6,0,1,0,1,0,0,0,0,5.53235E+20,5.93587E+21,9.80386E+15,5.3569E+16
127136,2,1,1,102,2018,9,13,1,3,3,6,0,0,1,0,0,0,0,0,5.65452E+20,5.93334E+21,9.98778E+15,5.35449E+16
127137,2,3,9,321,2018,8,16,4,3,5,2,0,1,1,0,0,0,0,0,5.60925E+20,5.93826E+21,9.92044E+15,5.35897E+16
127138,2,1,12,130,2018,9,10,4,3,1,6,0,0,1,0,0,0,0,0,5.74697E+20,5.93341E+21,1.01273E+16,5.35442E+16
127139,2,4,5,410,2018,9,8,3,3,5,3,0,1,1,0,0,0,0,1,5.66719E+20,5.9379E+21,1.00079E+16,5.35857E+16
127140,2,2,6,218,2018,8,18,5,3,2,6,0,0,1,0,0,0,0,0,5.57472E+20,5.93556E+21,9.86777E+15,5.35657E+16
127141,2,2,1,203,2018,9,13,5,3,5,3,0,0,1,0,1,0,0,0,5.62148E+20,5.93389E+21,9.93804E+15,5.35502E+16
127142,2,2,5,215,2018,8,12,5,3,1,6,0,0,1,0,0,0,0,0,5.61344E+20,5.93628E+21,9.92637E+15,5.35718E+16
127143,2,1,11,128,2018,9,10,1,3,1,7,0,1,1,0,0,0,0,0,5.71605E+20,5.93424E+21,1.00808E+16,5.35522E+16
127144,2,2,7,219,2018,8,10,4,3,2,6,0,0,1,0,0,0,0,0,5.58153E+20,5.93345E+21,9.87766E+15,5.35467E+16
127145,2,2,3,209,2018,9,7,5,3,3,2,0,1,0,0,0,0,1,0,5.62621E+20,5.93531E+21,9.94546E+15,5.35629E+16
127146,2,5,6,514,2018,9,11,3,3,4,6,0,0,1,0,0,0,0,0,5.75363E+20,5.94286E+21,1.01396E+16,5.36291E+16
127147,2,3,6,318,2018,8,3,5,3,1,5,2,1,1,0,0,0,0,0,5.62806E+20,5.94066E+21,9.94933E+15,5.3611E+16
127148,2,1,16,136,2018,9,15,3,3,2,6,0,0,1,0,0,0,0,0,5.6744E+20,5.93046E+21,1.00172E+16,5.35187E+16
127149,2,2,4,212,2018,9,15,1,2,2,6,0,0,1,0,1,0,0,0,5.60937E+20,5.93485E+21,9.91995E+15,5.3559E+16
127150,2,3,1,310,2018,8,16,5,3,0,7,0,1,0,0,0,0,0,0,5.63735E+20,5.9356E+21,9.96233E+15,5.35654E+16
127151,2,5,2,507,2018,9,23,6,2,6,4,2,0,1,1,0,0,0,0,5.71732E+20,5.93681E+21,1.00833E+16,5.35753E+16
127152,2,3,3,314,2018,8,1,5,3,0,7,2,1,0,0,0,0,0,0,5.65913E+20,5.93718E+21,9.99554E+15,5.35793E+16
127153,2,5,6,514,2018,9,8,2,3,3,2,0,1,1,0,0,0,0,0,5.74082E+20,5.94007E+21,1.01196E+16,5.36042E+16
127154,2,4,10,426,2018,9,9,6,2,5,3,0,0,1,0,1,0,0,0,5.69738E+20,5.93838E+21,1.00536E+16,5.35896E+16
127155,2,3,2,312,2018,8,19,5,3,1,6,0,1,1,0,0,0,0,0,5.65223E+20,5.9362E+21,9.98492E+15,5.35706E+16
127156,2,4,2,404,2018,8,19,4,3,1,6,0,1,1,0,0,0,0,0,5.6542E+20,5.93861E+21,9.9884E+15,5.35923E+16
127157,2,1,8,123,2018,9,11,4,3,0,1,0,0,0,0,1,0,0,1,5.7036E+20,5.93465E+21,1.00621E+16,5.3556E+16
127158,2,7,17,718,2018,8,14,4,3,2,6,0,0,1,0,0,0,0,0,5.51798E+20,5.93238E+21,9.78158E+15,5.35378E+16
127159,2,5,6,514,2018,9,15,7,3,3,6,0,0,1,0,0,0,0,0,5.7497E+20,5.94224E+21,1.01335E+16,5.36236E+16
127160,2,4,9,424,2018,9,16,4,3,3,2,0,1,1,0,0,0,0,0,5.701E+20,5.93689E+21,1.00587E+16,5.35761E+16
127161,2,3,1,307,2018,9,11,3,3,3,6,0,0,1,0,0,0,1,0,5.63187E+20,5.93602E+21,9.95414E+15,5.35693E+16
127162,2,6,14,615,2018,8,19,4,3,2,3,0,1,1,0,0,0,0,0,5.76464E+20,5.92681E+21,1.01523E+16,5.34847E+16
127163,2,5,10,518,2018,9,17,3,3,5,3,0,1,1,0,0,0,0,0,5.74101E+20,5.94448E+21,1.01209E+16,5.36438E+16
127164,2,5,2,508,2018,9,6,7,3,1,5,1,0,1,0,0,0,0,0,5.72119E+20,5.93748E+21,1.00893E+16,5.35812E+16
127165,2,6,2,602,2018,8,8,4,3,5,3,0,0,1,0,0,0,0,0,5.78264E+20,5.92812E+21,1.01798E+16,5.34962E+16
127166,2,5,18,526,2018,9,7,3,3,6,4,0,0,1,1,0,0,0,0,5.76411E+20,5.93999E+21,1.01548E+16,5.36031E+16
127167,2,5,6,514,2018,9,17,7,2,5,2,0,0,1,0,0,0,0,0,5.7344E+20,5.93885E+21,1.01096E+16,5.35933E+16
127168,2,1,11,128,2018,8,15,4,3,5,3,0,1,1,0,0,0,0,0,5.72347E+20,5.93332E+21,1.00918E+16,5.35438E+16
127169,2,3,8,320,2018,9,22,6,3,5,3,2,0,1,0,0,0,0,0,5.60123E+20,5.93847E+21,9.90835E+15,5.35917E+16
127170,2,1,8,123,2018,8,14,4,3,5,3,0,1,1,0,0,0,0,0,5.70341E+20,5.9348E+21,1.00619E+16,5.35574E+16
127171,2,4,6,414,2018,9,13,2,3,0,4,0,1,0,1,0,0,0,0,5.67127E+20,5.93715E+21,1.00139E+16,5.35789E+16
127172,2,2,1,206,2018,9,14,6,3,3,2,0,1,1,0,0,0,0,1,5.63159E+20,5.93505E+21,9.95352E+15,5.35605E+16
127173,2,5,4,512,2018,8,10,4,3,2,6,0,0,1,0,0,1,0,0,5.74688E+20,5.93721E+21,1.01281E+16,5.35784E+16
127174,2,3,2,311,2018,8,18,4,3,6,3,0,1,0,1,0,0,0,0,5.65163E+20,5.93553E+21,9.98389E+15,5.35646E+16
127175,2,4,9,425,2018,9,15,4,3,5,3,0,0,1,0,1,0,0,1,5.70201E+20,5.93786E+21,1.00605E+16,5.35849E+16
127176,2,5,18,526,2018,8,19,4,3,2,6,0,1,1,0,0,0,0,0,5.75589E+20,5.94272E+21,1.0143E+16,5.36278E+16
127177,2,4,8,420,2018,9,4,7,2,4,2,2,0,1,0,1,0,0,0,5.68559E+20,5.93674E+21,1.00354E+16,5.35751E+16
127178,2,1,15,134,2018,8,20,6,3,0,6,2,0,0,0,0,1,1,0,5.67305E+20,5.93091E+21,1.00152E+16,5.35228E+16
127179,2,4,8,418,2018,8,9,5,3,5,3,0,1,0,0,0,0,1,1,5.67642E+20,5.93726E+21,1.00217E+16,5.35798E+16
127180,2,5,1,504,2018,9,16,4,3,5,7,0,0,1,0,1,0,0,0,5.7011E+20,5.93621E+21,1.00587E+16,5.35701E+16
127181,2,5,18,526,2018,9,9,2,3,2,6,0,0,1,0,0,0,0,0,5.74667E+20,5.93981E+21,1.01284E+16,5.36018E+16
127182,2,5,2,505,2018,8,22,4,1,6,4,2,0,1,1,0,0,0,0,5.70588E+20,5.9364E+21,1.0066E+16,5.35717E+16
127183,2,5,3,510,2018,8,16,4,3,2,6,0,0,1,0,0,0,0,0,5.71266E+20,5.93586E+21,1.00761E+16,5.35667E+16
127184,2,2,9,221,2018,9,15,3,3,3,2,0,0,1,0,0,0,1,0,5.56438E+20,5.9376E+21,9.85253E+15,5.35842E+16
127185,2,2,11,223,2018,9,14,7,3,3,6,0,1,0,0,0,0,1,0,5.5449E+20,5.9353E+21,9.82271E+15,5.35638E+16
127186,2,4,11,430,2018,8,7,4,3,6,4,0,1,1,1,0,0,0,0,5.68618E+20,5.94046E+21,1.00371E+16,5.36085E+16
127187,2,2,3,208,2018,8,9,4,3,3,2,0,1,0,0,0,0,1,0,5.63437E+20,5.93528E+21,9.95777E+15,5.35626E+16
127188,2,5,10,518,2018,9,8,5,3,5,2,0,1,1,0,0,0,0,0,5.7295E+20,5.94551E+21,1.01038E+16,5.36533E+16
127189,2,5,7,515,2018,8,14,4,3,5,3,0,1,1,0,0,0,0,0,5.71188E+20,5.94088E+21,1.00761E+16,5.36118E+16
127190,2,1,4,109,2018,9,17,2,3,3,6,0,1,0,0,0,0,0,0,5.64598E+20,5.93506E+21,9.97526E+15,5.35604E+16
127191,2,1,5,113,2018,8,17,4,3,3,6,0,0,1,0,1,0,0,0,5.66959E+20,5.93505E+21,1.00109E+16,5.356E+16
127192,2,4,5,413,2018,9,9,5,3,4,6,0,1,0,0,0,0,0,0,5.66808E+20,5.93706E+21,1.0009E+16,5.35781E+16
127193,2,7,14,715,2018,9,14,3,3,0,6,0,0,1,0,0,0,1,0,5.54639E+20,5.9253E+21,9.82322E+15,5.34739E+16
127194,2,4,4,407,2018,8,15,4,3,5,7,0,0,1,0,0,0,0,0,5.66139E+20,5.94089E+21,9.99975E+15,5.36126E+16
127195,2,6,1,601,2018,9,16,5,3,2,6,0,0,1,0,1,0,0,0,5.78415E+20,5.92986E+21,1.01825E+16,5.35119E+16
127196,2,4,5,408,2018,8,17,4,3,5,3,0,1,1,0,0,0,0,0,5.66577E+20,5.9394E+21,1.0006E+16,5.35992E+16
127197,2,3,7,319,2018,9,18,2,2,6,4,0,0,1,1,0,0,0,0,5.60739E+20,5.94334E+21,9.91862E+15,5.36353E+16
127198,2,7,4,705,2018,9,6,5,3,5,3,0,1,1,0,0,0,0,0,5.65612E+20,5.92281E+21,9.98799E+15,5.34502E+16
127199,2,5,18,526,2018,9,16,5,3,1,6,0,0,1,0,0,0,0,0,5.76432E+20,5.94133E+21,1.01554E+16,5.36152E+16
127200,2,4,3,406,2018,9,7,4,3,2,2,0,0,1,0,0,0,0,1,5.6439E+20,5.94087E+21,9.97331E+15,5.36127E+16
127201,2,4,5,408,2018,8,17,4,3,6,2,0,0,1,1,0,0,0,0,5.66479E+20,5.93931E+21,1.00045E+16,5.35984E+16
127202,2,2,14,227,2018,9,12,7,3,2,6,0,0,1,0,0,0,0,0,5.5016E+20,5.93716E+21,9.75764E+15,5.35809E+16
127203,2,5,10,518,2018,8,5,6,3,4,2,2,0,1,0,0,0,0,0,5.74257E+20,5.94454E+21,1.01233E+16,5.36444E+16
127204,2,2,11,224,2018,9,15,4,3,5,3,0,0,1,0,0,0,0,0,5.52335E+20,5.93613E+21,9.79031E+15,5.35714E+16
127205,2,4,8,423,2018,9,18,2,3,5,3,0,1,1,0,0,0,0,0,5.69091E+20,5.93747E+21,1.00436E+16,5.35815E+16
127206,2,3,8,320,2018,8,8,4,3,1,5,0,0,1,0,0,1,1,0,5.60058E+20,5.94073E+21,9.90781E+15,5.36119E+16
127207,2,2,7,219,2018,8,12,4,3,4,6,0,0,1,0,0,0,0,0,5.58967E+20,5.9336E+21,9.88997E+15,5.35479E+16
127208,2,1,2,103,2018,9,13,3,3,4,7,0,0,1,0,1,0,0,0,5.66124E+20,5.93325E+21,9.9979E+15,5.3544E+16
127209,2,7,1,701,2018,9,17,6,3,0,7,0,0,0,0,1,0,0,0,5.64968E+20,5.92403E+21,9.97855E+15,5.34613E+16
127210,2,3,1,302,2018,8,15,4,3,1,6,0,0,1,0,1,0,0,0,5.62984E+20,5.93699E+21,9.95128E+15,5.3578E+16
127211,2,3,5,317,2018,9,16,5,3,5,3,0,0,1,0,1,0,0,0,5.63864E+20,5.93984E+21,9.96515E+15,5.36035E+16
127212,2,4,2,405,2018,8,5,4,3,6,4,0,0,1,1,0,0,0,0,5.65046E+20,5.93903E+21,9.98285E+15,5.3596E+16
127213,2,1,5,114,2018,9,18,2,3,6,4,0,0,1,1,0,0,0,0,5.67086E+20,5.93435E+21,1.00127E+16,5.35538E+16
127214,2,5,1,501,2018,9,16,5,3,6,7,0,1,0,1,0,0,0,0,5.68894E+20,5.93622E+21,1.00404E+16,5.35703E+16
127215,2,1,6,117,2018,9,8,3,2,6,6,0,1,0,1,0,0,0,0,5.67929E+20,5.93416E+21,1.00253E+16,5.35519E+16
127216,2,2,1,203,2018,8,15,4,3,0,6,0,1,0,0,0,0,1,0,5.62035E+20,5.93374E+21,9.9363E+15,5.35489E+16
127217,2,7,4,705,2018,8,16,5,3,6,4,0,0,1,1,0,0,0,0,5.65423E+20,5.92187E+21,9.98495E+15,5.34418E+16
127218,2,1,16,137,2018,9,7,4,3,0,2,0,1,1,0,0,0,0,0,5.64506E+20,5.92792E+21,9.9724E+15,5.34963E+16
127219,2,5,13,521,2018,9,19,1,3,8,1,0,0,1,0,0,0,0,0,5.72828E+20,5.94913E+21,1.01028E+16,5.36858E+16
127220,2,3,2,311,2018,8,17,4,3,3,2,0,1,1,0,0,0,0,0,5.64721E+20,5.93628E+21,9.97736E+15,5.35714E+16
127221,2,5,5,513,2018,9,7,6,3,5,3,0,1,1,0,0,0,0,0,5.73846E+20,5.93777E+21,1.01155E+16,5.35836E+16
127222,2,3,2,312,2018,8,23,4,2,4,2,2,0,1,0,1,0,0,0,5.65864E+20,5.93557E+21,9.99447E+15,5.35649E+16
127223,2,3,5,317,2018,8,9,6,3,4,2,0,1,1,0,0,0,0,0,5.62771E+20,5.93889E+21,9.94844E+15,5.35951E+16
127224,2,3,4,315,2018,9,9,4,3,3,2,0,1,0,0,0,1,0,0,5.64604E+20,5.93712E+21,9.97577E+15,5.3579E+16
127225,2,1,5,113,2018,9,15,2,3,5,3,0,1,1,0,0,0,0,0,5.67268E+20,5.93521E+21,1.00156E+16,5.35614E+16
127226,2,3,1,308,2018,8,23,4,3,3,2,2,1,1,0,0,0,0,0,5.64334E+20,5.93671E+21,9.97161E+15,5.35753E+16
127227,2,3,2,311,2018,8,12,4,3,3,2,0,1,1,0,0,0,0,0,5.64779E+20,5.93625E+21,9.97823E+15,5.35711E+16
127228,2,6,1,601,2018,9,12,6,3,1,5,0,1,1,0,0,0,0,0,5.7949E+20,5.92907E+21,1.01985E+16,5.35046E+16
127229,2,1,4,112,2018,8,21,4,3,6,3,2,1,1,1,0,0,0,0,5.6425E+20,5.93385E+21,9.96976E+15,5.35496E+16
127230,2,6,2,602,2018,9,20,2,3,3,6,2,1,0,0,1,0,0,0,5.79764E+20,5.92699E+21,1.02021E+16,5.34858E+16
127231,2,5,18,526,2018,9,17,6,3,2,6,0,0,1,0,0,0,0,1,5.78354E+20,5.94047E+21,1.01842E+16,5.36072E+16
127232,2,1,1,102,2018,8,7,4,3,3,7,0,1,1,0,0,0,0,0,5.6602E+20,5.93349E+21,9.99639E+15,5.35462E+16
127233,2,1,4,112,2018,9,19,5,3,4,2,0,1,1,0,0,0,0,0,5.63799E+20,5.93355E+21,9.96289E+15,5.3547E+16
127234,2,1,5,114,2018,8,12,4,3,4,6,0,1,0,0,0,0,0,0,5.66467E+20,5.93474E+21,1.00034E+16,5.35574E+16
127235,2,5,5,513,2018,9,17,1,3,0,7,0,1,0,0,0,0,0,0,5.73574E+20,5.93762E+21,1.01113E+16,5.35823E+16
127236,2,1,4,112,2018,9,4,5,2,6,4,2,0,1,1,0,0,0,0,5.63492E+20,5.93384E+21,9.95831E+15,5.35496E+16
127237,2,5,2,507,2018,9,14,3,3,3,6,0,0,1,0,1,0,0,0,5.71136E+20,5.93671E+21,1.00743E+16,5.35745E+16
127238,2,7,1,702,2018,8,14,4,3,1,5,0,1,0,0,0,0,1,0,5.65279E+20,5.92446E+21,9.98332E+15,5.34651E+16
127239,2,6,6,607,2018,9,19,3,3,5,3,0,1,1,0,0,0,0,0,5.75692E+20,5.91998E+21,1.01391E+16,5.34235E+16
127240,2,1,12,130,2018,9,18,7,3,5,3,0,0,1,0,0,0,0,0,5.72349E+20,5.93332E+21,1.00918E+16,5.35438E+16
127241,2,1,18,139,2018,8,12,4,3,3,2,0,1,0,0,0,1,0,0,5.64541E+20,5.93147E+21,9.97365E+15,5.35282E+16
127242,2,5,16,524,2018,9,20,6,3,5,3,2,0,1,0,1,0,0,1,5.74338E+20,5.94757E+21,1.01253E+16,5.36716E+16
127243,2,6,6,607,2018,8,12,3,2,8,1,0,0,1,0,0,0,0,0,5.74464E+20,5.92019E+21,1.01206E+16,5.34255E+16
127244,2,5,11,519,2018,9,10,2,3,4,2,0,1,1,0,0,0,0,0,5.7116E+20,5.94661E+21,1.00769E+16,5.36634E+16
127245,2,2,9,221,2018,9,8,6,3,0,3,0,1,1,0,0,0,0,1,5.56385E+20,5.93532E+21,9.85132E+15,5.35637E+16
127246,2,5,5,513,2018,8,10,3,3,5,3,0,1,1,0,0,0,0,0,5.74586E+20,5.93814E+21,1.01267E+16,5.35868E+16
127247,2,5,2,508,2018,8,7,5,3,2,4,0,0,1,1,0,0,0,1,5.7302E+20,5.93722E+21,1.01029E+16,5.35787E+16