OBJECTID_1,ULAND,UREGBEZ,UKREIS,UGEMEINDE,UJAHR,UMONAT,USTUNDE,UWOCHENTAG,UKATEGORIE,UART,UTYP1,ULICHTVERH,IstRad,IstPKW,IstFuss,IstKrad,IstGkfz,IstSonstig,STRZUSTAND,LINREFX,LINREFY,XGCSWGS84,YGCSWGS84
127434,2,1,6,117,2018,9,17,3,3,6,4,0,0,1,1,0,0,0,0,5.6819E+20,5.93372E+21,1.00292E+16,5.3548E+16
127435,2,5,8,516,2018,9,19,5,3,5,3,1,1,1,0,0,0,0,0,5.70266E+20,5.94076E+21,1.00621E+16,5.3611E+16
127436,2,1,8,122,2018,9,12,3,3,1,5,0,1,1,0,0,0,0,0,5.69808E+20,5.93518E+21,1.00539E+16,5.35609E+16
127437,2,5,18,526,2018,9,20,3,3,0,1,1,0,0,0,1,0,0,0,5.75272E+20,5.94052E+21,1.01377E+16,5.36081E+16
127438,2,5,10,518,2018,9,17,3,3,2,6,0,0,1,0,1,0,0,1,5.74997E+20,5.94378E+21,1.01343E+16,5.36375E+16
127439,2,5,18,526,2018,9,7,3,3,5,3,0,1,1,0,0,0,0,0,5.76994E+20,5.93924E+21,1.01634E+16,5.35964E+16
127440,2,3,1,301,2018,9,8,1,3,1,6,0,0,1,0,0,0,0,0,5.62734E+20,5.9374E+21,9.94759E+15,5.35817E+16
127441,2,5,5,513,2018,9,7,3,3,4,6,0,1,0,0,0,0,0,0,5.73843E+20,5.93776E+21,1.01154E+16,5.35835E+16
127442,2,3,1,306,2018,9,10,7,3,6,7,0,0,1,1,0,0,0,0,5.6317E+20,5.93649E+21,9.95398E+15,5.35735E+16
127443,2,1,16,136,2018,9,23,7,3,3,7,2,0,1,0,0,0,0,1,5.66838E+20,5.92798E+21,1.00076E+16,5.34966E+16
127444,2,5,2,506,2018,9,16,3,3,6,4,0,0,1,1,0,0,0,0,5.71423E+20,5.9378E+21,1.00789E+16,5.35842E+16
127445,2,4,11,430,2018,9,16,2,3,2,6,0,0,1,0,0,0,0,0,5.68436E+20,5.94144E+21,1.00346E+16,5.36173E+16
127446,2,5,7,515,2018,9,17,3,3,5,3,0,1,1,0,0,0,0,0,5.70119E+20,5.93886E+21,1.00594E+16,5.35939E+16
127447,2,2,3,209,2018,9,7,5,3,5,3,0,1,1,0,0,0,0,0,5.62373E+20,5.93559E+21,9.94177E+15,5.35654E+16
127448,2,5,8,516,2018,9,9,3,3,0,3,0,0,1,0,1,0,0,0,5.70238E+20,5.94074E+21,1.00617E+16,5.36108E+16
127449,2,4,11,430,2018,9,9,3,3,4,2,0,1,1,0,0,0,0,0,5.68492E+20,5.94121E+21,1.00354E+16,5.36152E+16
127450,2,3,4,316,2018,9,18,3,3,2,2,0,1,1,0,0,0,0,0,5.63775E+20,5.93695E+21,9.96321E+15,5.35775E+16
127451,2,5,17,525,2018,9,17,3,2,8,1,0,0,1,0,0,0,0,0,5.76301E+20,5.94558E+21,1.01545E+16,5.36534E+16
127452,2,6,1,601,2018,9,7,7,3,5,3,0,0,0,0,1,0,1,0,5.79325E+20,5.92989E+21,1.01962E+16,5.3512E+16
127453,2,4,10,428,2018,9,14,3,2,2,6,0,0,1,0,0,0,1,0,5.69021E+20,5.93921E+21,1.00429E+16,5.35972E+16
127454,2,4,7,416,2018,9,15,3,3,1,6,0,0,1,0,0,0,0,0,5.67326E+20,5.93542E+21,1.00165E+16,5.35634E+16
127455,2,1,12,130,2018,9,12,7,3,0,6,0,0,1,0,0,0,1,1,5.75268E+20,5.93229E+21,1.01356E+16,5.35342E+16
127456,2,5,1,501,2018,9,11,3,3,2,7,0,0,1,0,0,0,0,0,5.69098E+20,5.93587E+21,1.00434E+16,5.35671E+16
127457,2,5,18,526,2018,9,6,6,3,5,3,0,1,1,0,0,0,0,0,5.76333E+20,5.94126E+21,1.01539E+16,5.36146E+16
127458,2,1,12,130,2018,9,13,7,3,2,6,0,0,1,0,0,0,0,0,5.72844E+20,5.93302E+21,1.00992E+16,5.3541E+16
127459,2,4,8,422,2018,9,8,3,3,3,2,0,1,0,0,0,0,1,0,5.68769E+20,5.93699E+21,1.00386E+16,5.35773E+16
127460,2,1,12,130,2018,9,11,4,3,0,7,0,1,0,0,0,0,0,0,5.75819E+20,5.93163E+21,1.01438E+16,5.35281E+16
127461,2,4,10,426,2018,9,0,3,2,5,3,2,0,1,0,0,0,0,0,5.69588E+20,5.93805E+21,1.00512E+16,5.35866E+16
127462,2,3,8,320,2018,9,14,3,3,2,7,0,0,1,0,1,0,0,0,5.59287E+20,5.94E+21,9.89602E+15,5.36054E+16
127463,2,1,16,137,2018,9,14,2,3,5,3,0,0,1,0,0,0,0,0,5.65655E+20,5.93008E+21,9.99016E+15,5.35156E+16
127464,2,3,9,321,2018,9,7,3,3,3,6,0,1,1,0,0,0,0,0,5.61958E+20,5.93747E+21,9.93588E+15,5.35824E+16
127465,2,5,4,512,2018,9,22,7,3,4,6,2,1,0,0,0,0,0,0,5.74608E+20,5.9376E+21,1.0127E+16,5.35819E+16
127466,2,4,2,404,2018,9,13,3,3,5,3,0,1,1,0,0,0,0,0,5.65427E+20,5.93833E+21,9.98846E+15,5.35897E+16
127467,2,2,3,210,2018,9,13,6,3,6,7,0,0,1,1,0,0,0,0,5.62023E+20,5.93414E+21,9.9362E+15,5.35525E+16
127468,2,5,4,512,2018,9,17,7,3,1,6,0,0,1,0,0,0,0,1,5.74545E+20,5.93638E+21,1.01257E+16,5.3571E+16
127469,2,3,2,311,2018,9,15,3,2,2,6,0,0,1,0,0,0,0,0,5.65264E+20,5.93642E+21,9.98559E+15,5.35726E+16
127470,2,7,6,707,2018,9,6,2,3,5,3,0,0,1,0,0,0,1,0,5.6545E+20,5.9212E+21,9.98522E+15,5.34358E+16
127471,2,4,12,431,2018,9,14,6,3,4,6,0,1,0,0,0,0,0,0,5.67326E+20,5.94328E+21,1.00182E+16,5.3634E+16
127472,2,5,5,513,2018,9,11,7,3,3,6,0,0,1,0,0,0,0,0,5.73059E+20,5.93694E+21,1.01034E+16,5.35762E+16
127473,2,1,16,137,2018,9,12,2,3,5,3,0,0,1,0,0,0,0,0,5.6548E+20,5.93029E+21,9.98757E+15,5.35175E+16
127474,2,5,14,522,2018,9,15,4,3,2,6,0,0,1,0,0,0,0,0,5.72844E+20,5.95114E+21,1.01035E+16,5.37039E+16
127475,2,6,1,601,2018,9,11,2,3,5,3,0,0,1,0,0,0,1,0,5.79326E+20,5.92988E+21,1.01962E+16,5.35119E+16
127476,2,1,11,129,2018,9,16,2,3,3,6,0,0,0,0,1,0,1,0,5.71029E+20,5.93455E+21,1.00722E+16,5.3555E+16
127477,2,4,5,409,2018,9,14,7,2,9,7,0,0,0,0,1,0,0,1,5.67232E+20,5.93951E+21,1.0016E+16,5.36001E+16
127478,2,1,8,124,2018,9,7,2,3,0,7,0,0,0,0,0,0,1,0,5.68948E+20,5.93423E+21,1.00407E+16,5.35524E+16
127479,2,1,7,120,2018,9,12,5,3,2,7,0,1,1,0,0,0,0,0,5.68772E+20,5.93462E+21,1.00382E+16,5.35559E+16
127480,2,5,6,514,2018,9,14,2,3,5,2,0,1,1,0,0,0,0,0,5.72708E+20,5.94088E+21,1.0099E+16,5.36117E+16
127481,2,7,2,703,2018,9,12,3,3,2,6,0,0,1,0,0,0,0,0,5.67156E+20,5.92427E+21,1.00115E+16,5.34632E+16
127482,2,5,18,526,2018,9,12,2,3,5,3,0,1,1,0,0,0,0,0,5.75904E+20,5.93971E+21,1.0147E+16,5.36007E+16
127483,2,3,1,310,2018,9,6,4,2,1,5,1,1,1,0,0,0,0,0,5.63852E+20,5.93594E+21,9.96417E+15,5.35685E+16
127484,2,5,18,526,2018,9,16,2,3,0,7,0,1,0,0,0,0,0,0,5.76301E+20,5.94124E+21,1.01534E+16,5.36144E+16
127485,2,5,2,508,2018,9,18,2,3,2,3,0,1,1,0,0,0,0,0,5.72432E+20,5.93755E+21,1.00941E+16,5.35818E+16
127486,2,1,6,117,2018,9,4,7,3,5,3,2,0,1,0,0,0,0,0,5.67658E+20,5.93394E+21,1.00212E+16,5.355E+16
127487,2,4,2,404,2018,9,16,7,2,5,3,0,0,1,0,1,0,0,1,5.65766E+20,5.93788E+21,9.99348E+15,5.35856E+16
127488,2,5,17,525,2018,9,13,2,2,0,3,0,1,1,0,0,0,0,0,5.78311E+20,5.94547E+21,1.01849E+16,5.36522E+16
127489,2,4,12,431,2018,9,13,5,3,5,3,0,0,1,0,0,0,1,0,5.66558E+20,5.94339E+21,1.00066E+16,5.3635E+16
127490,2,4,13,432,2018,9,8,2,3,1,6,0,0,1,0,0,0,0,0,5.67342E+20,5.94532E+21,1.00189E+16,5.36523E+16
127491,2,3,8,320,2018,9,8,2,3,0,7,0,0,0,0,1,0,0,1,5.58918E+20,5.94074E+21,9.89059E+15,5.36121E+16
127492,2,2,11,223,2018,9,10,2,3,0,4,0,1,0,1,0,0,0,0,5.51742E+20,5.93506E+21,9.78118E+15,5.35618E+16
127493,2,5,16,524,2018,9,17,3,3,5,3,0,1,1,0,0,0,0,0,5.74755E+20,5.94777E+21,1.01316E+16,5.36733E+16
127494,2,2,14,227,2018,9,8,2,3,4,2,0,1,1,0,0,0,0,0,5.50485E+20,5.93705E+21,9.76254E+15,5.35798E+16
127495,2,2,4,214,2018,9,16,7,3,2,6,0,0,1,0,0,0,0,1,5.60799E+20,5.93366E+21,9.91764E+15,5.35483E+16
127496,2,2,9,221,2018,9,13,2,3,2,6,0,0,1,0,0,0,1,0,5.56581E+20,5.93678E+21,9.85454E+15,5.35768E+16
127497,2,3,2,312,2018,9,10,7,3,0,7,0,0,0,0,1,0,0,0,5.65618E+20,5.93508E+21,9.99066E+15,5.35605E+16
127498,2,1,4,112,2018,9,18,7,3,6,7,0,0,1,1,0,0,0,0,5.64135E+20,5.93377E+21,9.968E+15,5.35489E+16
127499,2,3,6,318,2018,9,10,2,3,2,2,0,0,1,0,0,0,0,0,5.63454E+20,5.94081E+21,9.95916E+15,5.36123E+16
127500,2,1,3,108,2018,9,12,5,3,5,4,0,1,0,1,0,0,0,0,5.65471E+20,5.93484E+21,9.98838E+15,5.35583E+16
127501,2,3,6,318,2018,9,8,2,3,4,2,0,1,1,0,0,0,0,0,5.62926E+20,5.9421E+21,9.95144E+15,5.36239E+16
127502,2,2,11,224,2018,9,17,7,3,5,3,0,0,1,0,0,0,0,0,5.52556E+20,5.93575E+21,9.79358E+15,5.3568E+16
127503,2,3,1,305,2018,9,17,2,3,3,2,0,1,1,0,0,0,0,0,5.63031E+20,5.93685E+21,9.95196E+15,5.35767E+16
127504,2,3,5,317,2018,9,18,2,3,8,1,0,0,0,0,1,0,0,0,5.63872E+20,5.93985E+21,9.96528E+15,5.36036E+16
127505,2,3,8,320,2018,9,16,5,3,4,2,0,1,1,0,0,0,0,0,5.5955E+20,5.9406E+21,9.90011E+15,5.36108E+16
127506,2,2,4,214,2018,9,13,2,3,5,3,0,0,1,0,0,0,0,0,5.61091E+20,5.93344E+21,9.922E+15,5.35463E+16
127507,2,2,3,210,2018,9,18,2,3,0,3,0,1,0,0,0,0,1,0,5.62388E+20,5.93444E+21,9.94176E+15,5.35551E+16
127508,2,4,6,415,2018,9,10,3,3,0,7,0,1,0,0,0,0,1,0,5.67641E+20,5.93581E+21,1.00213E+16,5.35668E+16
127509,2,3,1,310,2018,9,17,2,3,1,6,0,0,1,0,0,0,0,0,5.63669E+20,5.93545E+21,9.96131E+15,5.35641E+16
127510,2,1,1,102,2018,9,19,2,3,5,3,2,1,1,0,0,0,0,0,5.65314E+20,5.9336E+21,9.98576E+15,5.35472E+16
127511,2,5,2,509,2018,9,13,6,3,2,6,0,0,0,0,0,0,1,0,5.7192E+20,5.93858E+21,1.00866E+16,5.35912E+16
127512,2,1,3,108,2018,9,15,2,3,2,6,0,0,1,0,0,0,0,0,5.6571E+20,5.93432E+21,9.99188E+15,5.35537E+16
127513,2,5,3,511,2018,9,10,4,3,5,3,0,1,1,0,0,0,0,0,5.73292E+20,5.93597E+21,1.01067E+16,5.35674E+16
127514,2,1,3,108,2018,9,9,2,3,5,3,0,1,1,0,0,0,0,0,5.6521E+20,5.93464E+21,9.9844E+15,5.35566E+16
127515,2,1,5,114,2018,9,9,2,3,3,6,0,0,1,0,0,0,0,0,5.67338E+20,5.93406E+21,1.00164E+16,5.35511E+16
127516,2,7,9,710,2018,9,10,1,3,5,3,0,0,1,0,0,0,0,0,5.64547E+20,5.92297E+21,9.97199E+15,5.34518E+16
127517,2,1,16,137,2018,9,13,1,3,2,6,0,0,1,0,0,0,0,0,5.6448E+20,5.92969E+21,9.97237E+15,5.35122E+16
127518,2,1,5,114,2018,9,16,3,3,2,6,0,0,1,0,0,0,0,0,5.67161E+20,5.93421E+21,1.00138E+16,5.35525E+16
127519,2,1,13,131,2018,9,16,1,3,5,3,0,0,1,0,0,0,0,0,5.73653E+20,5.93192E+21,1.01112E+16,5.3531E+16
127520,2,1,8,126,2018,9,15,1,3,5,3,0,0,1,0,0,0,0,0,5.69747E+20,5.93398E+21,1.00527E+16,5.355E+16
127521,2,2,8,220,2018,9,19,6,3,5,3,2,1,1,0,0,0,0,0,5.56467E+20,5.93861E+21,9.85316E+15,5.35933E+16
127522,2,5,8,516,2018,9,0,1,3,4,6,2,0,1,0,0,0,0,0,5.6908E+20,5.94086E+21,1.00442E+16,5.3612E+16
127523,2,5,1,504,2018,9,8,4,2,5,2,0,1,0,0,0,0,1,0,5.70121E+20,5.93587E+21,1.00588E+16,5.3567E+16
127524,2,5,17,525,2018,9,10,1,3,5,2,0,1,1,0,0,0,0,0,5.76782E+20,5.94532E+21,1.01617E+16,5.3651E+16
127525,2,3,7,319,2018,9,2,1,2,0,1,2,1,0,0,0,0,0,0,5.61464E+20,5.94268E+21,9.92945E+15,5.36293E+16
127526,2,1,11,128,2018,9,8,7,3,5,2,0,0,1,0,1,0,0,0,5.72394E+20,5.93363E+21,1.00926E+16,5.35466E+16
127527,2,5,3,510,2018,9,20,2,3,5,4,2,1,0,1,0,0,0,0,5.70575E+20,5.93636E+21,1.00658E+16,5.35713E+16
127528,2,1,1,101,2018,9,6,1,3,2,6,0,0,1,0,0,0,0,0,5.6652E+20,5.93439E+21,1.00041E+16,5.35541E+16
127529,2,5,5,513,2018,9,9,5,3,5,3,0,0,1,0,0,0,0,0,5.74428E+20,5.93829E+21,1.01244E+16,5.35882E+16
127530,2,1,18,139,2018,9,5,1,3,2,6,1,0,1,0,0,0,0,0,5.63972E+20,5.93015E+21,9.96481E+15,5.35164E+16
127531,2,1,16,137,2018,9,18,7,2,0,7,0,1,0,0,0,0,0,0,5.65403E+20,5.93023E+21,9.9864E+15,5.35169E+16
127532,2,1,16,136,2018,9,18,7,3,9,1,0,0,1,0,0,0,0,1,5.68811E+20,5.92897E+21,1.00375E+16,5.35052E+16
127533,2,1,4,112,2018,9,9,6,2,1,5,0,1,1,0,0,0,0,0,5.64176E+20,5.93359E+21,9.96857E+15,5.35473E+16
127534,2,6,1,601,2018,9,12,7,2,0,7,0,0,1,0,0,0,0,0,5.78671E+20,5.92981E+21,1.01864E+16,5.35113E+16
127535,2,1,5,113,2018,9,15,4,3,1,6,0,0,1,0,0,0,0,0,5.66967E+20,5.93505E+21,1.0011E+16,5.35601E+16
127536,2,1,13,131,2018,9,14,7,3,2,6,0,0,1,0,0,0,0,1,5.72014E+20,5.92992E+21,1.0086E+16,5.35133E+16
127537,2,5,8,516,2018,9,16,7,3,2,2,0,0,1,0,0,0,0,0,5.69748E+20,5.94052E+21,1.00542E+16,5.36088E+16
127538,2,5,2,509,2018,9,11,7,3,5,3,0,1,1,0,0,0,0,0,5.71228E+20,5.93837E+21,1.00761E+16,5.35894E+16
127539,2,3,8,320,2018,9,15,7,3,3,6,0,0,1,0,1,0,0,0,5.59996E+20,5.94121E+21,9.90697E+15,5.36163E+16
127540,2,3,1,303,2018,9,23,7,3,8,5,2,0,1,0,0,0,0,0,5.62367E+20,5.93692E+21,9.94195E+15,5.35775E+16
127541,2,4,12,431,2018,9,15,5,3,6,4,0,0,1,1,0,0,0,0,5.6654E+20,5.94319E+21,1.00063E+16,5.36332E+16
127542,2,2,3,208,2018,9,13,7,3,4,2,0,1,1,0,0,0,0,0,5.6335E+20,5.93522E+21,9.95644E+15,5.3562E+16
127543,2,2,6,218,2018,9,16,2,3,5,3,0,1,1,0,0,0,0,0,5.58127E+20,5.93554E+21,9.87766E+15,5.35655E+16
127544,2,7,16,717,2018,9,7,6,2,2,6,0,0,1,0,1,0,0,0,5.53134E+20,5.93167E+21,9.80162E+15,5.35312E+16
127545,2,4,8,421,2018,9,15,3,3,5,3,0,1,1,0,0,0,0,0,5.68433E+20,5.93769E+21,1.00337E+16,5.35836E+16
127546,2,3,4,316,2018,10,15,5,3,0,1,0,0,0,0,1,0,0,1,5.6403E+20,5.93787E+21,9.96726E+15,5.35858E+16
127547,2,5,6,514,2018,10,17,3,3,2,6,0,0,1,0,0,0,0,0,5.73294E+20,5.94027E+21,1.01077E+16,5.36061E+16
127548,2,1,6,118,2018,10,4,6,3,3,7,2,0,1,0,1,0,0,0,5.69038E+20,5.93376E+21,1.0042E+16,5.35482E+16
127549,2,5,7,515,2018,10,16,3,3,1,7,0,0,1,0,1,0,0,0,5.70675E+20,5.93972E+21,1.0068E+16,5.36015E+16
127550,2,1,4,109,2018,10,19,2,3,4,2,2,1,1,0,0,0,0,0,5.64621E+20,5.93514E+21,9.97561E+15,5.35611E+16
127551,2,3,2,312,2018,10,13,2,3,4,6,0,1,0,0,0,0,0,0,5.65735E+20,5.93493E+21,9.99238E+15,5.35591E+16
127552,2,5,5,513,2018,10,18,6,2,8,7,0,0,1,0,0,0,0,0,5.74162E+20,5.93805E+21,1.01203E+16,5.35861E+16
127553,2,6,2,602,2018,10,19,6,2,1,5,2,0,1,0,0,0,0,0,5.78606E+20,5.92609E+21,1.01844E+16,5.34779E+16
127554,2,5,6,514,2018,10,22,6,3,5,3,2,1,1,0,0,0,0,0,5.73851E+20,5.93916E+21,1.01159E+16,5.35961E+16
127555,2,5,2,507,2018,10,19,4,3,3,6,2,0,1,0,1,0,0,0,5.70837E+20,5.93678E+21,1.00698E+16,5.35751E+16
127556,2,3,1,307,2018,10,19,3,3,5,2,2,1,1,0,0,0,0,0,5.63373E+20,5.93581E+21,9.95691E+15,5.35673E+16
127557,2,5,7,515,2018,10,12,6,3,4,6,0,1,0,0,0,0,0,1,5.70315E+20,5.93911E+21,1.00625E+16,5.35961E+16
127558,2,3,2,311,2018,10,16,3,3,0,7,0,1,1,0,0,0,0,0,5.65129E+20,5.93558E+21,9.98338E+15,5.3565E+16
127559,2,1,11,129,2018,10,9,7,3,5,3,0,1,1,0,0,0,0,0,5.73434E+20,5.93507E+21,1.01086E+16,5.35594E+16
127560,2,5,9,517,2018,10,12,1,3,2,6,0,0,1,0,0,0,0,0,5.69923E+20,5.94362E+21,1.00576E+16,5.36367E+16
127561,2,4,13,432,2018,10,12,6,3,2,2,0,0,1,0,0,0,0,0,5.66509E+20,5.94553E+21,1.00063E+16,5.36543E+16
127562,2,5,3,511,2018,10,16,1,2,3,6,0,0,1,0,0,0,0,0,5.73269E+20,5.93606E+21,1.01064E+16,5.35683E+16
127563,2,4,5,413,2018,10,13,6,3,5,3,0,1,1,0,0,0,0,0,5.66701E+20,5.93737E+21,1.00075E+16,5.35809E+16
127564,2,5,7,515,2018,10,17,5,3,5,3,0,1,1,0,0,0,0,0,5.72222E+20,5.94037E+21,1.00916E+16,5.36071E+16
127565,2,7,17,718,2018,9,22,7,3,0,1,2,0,0,0,1,0,0,0,5.51739E+20,5.93242E+21,9.7807E+15,5.35381E+16
127566,2,1,8,121,2018,10,18,6,3,2,6,0,0,1,0,1,0,0,0,5.69493E+20,5.93521E+21,1.00492E+16,5.35612E+16
127567,2,3,7,319,2018,10,16,6,3,0,6,0,0,1,0,1,0,0,0,5.59878E+20,5.94297E+21,9.90553E+15,5.36321E+16
127568,2,4,7,416,2018,10,14,4,3,2,6,0,0,1,0,1,0,0,0,5.6779E+20,5.9349E+21,1.00234E+16,5.35586E+16
127569,2,1,5,114,2018,10,6,3,2,2,6,2,0,1,0,1,0,0,0,5.66716E+20,5.93488E+21,1.00072E+16,5.35586E+16
127570,2,4,2,404,2018,10,11,6,3,0,3,0,1,1,0,0,0,0,0,5.65051E+20,5.93786E+21,9.98268E+15,5.35856E+16
127571,2,1,1,101,2018,10,16,3,3,6,4,0,1,0,1,0,0,1,0,5.66545E+20,5.9341E+21,1.00044E+16,5.35516E+16
127572,2,2,1,202,2018,10,11,7,3,6,3,0,0,1,1,0,0,0,0,5.62018E+20,5.93328E+21,9.93596E+15,5.35448E+16
127573,2,3,5,317,2018,10,8,1,3,8,1,0,0,1,0,0,0,0,0,5.62951E+20,5.93927E+21,9.95124E+15,5.35984E+16
127574,2,2,4,213,2018,10,13,6,3,8,7,0,1,0,0,0,0,0,0,5.61517E+20,5.93435E+21,9.9286E+15,5.35545E+16
127575,2,1,5,114,2018,10,18,4,2,4,2,1,1,1,0,0,0,0,0,5.67454E+20,5.93423E+21,1.00182E+16,5.35526E+16
127576,2,2,8,220,2018,10,12,6,3,4,6,0,0,1,0,0,0,0,0,5.58313E+20,5.93847E+21,9.88102E+15,5.35919E+16
127577,2,3,2,311,2018,10,19,6,3,0,7,2,0,1,0,0,0,0,0,5.64438E+20,5.93598E+21,9.97303E+15,5.35687E+16
127578,2,1,4,111,2018,10,14,4,3,2,6,0,0,1,0,1,0,0,0,5.64039E+20,5.93389E+21,9.96658E+15,5.355E+16
127579,2,4,12,431,2018,10,7,2,3,5,3,0,1,1,0,0,0,0,1,5.68346E+20,5.9436E+21,1.00337E+16,5.36367E+16
127580,2,2,1,202,2018,10,6,4,3,5,7,2,1,1,0,0,0,0,0,5.62444E+20,5.93346E+21,9.94241E+15,5.35464E+16
127581,2,5,2,505,2018,10,13,6,3,1,6,0,0,1,0,0,0,0,0,5.70159E+20,5.93651E+21,1.00595E+16,5.35728E+16
127582,2,1,19,140,2018,10,17,6,3,3,2,0,0,1,0,0,1,0,0,5.6126E+20,5.93058E+21,9.92398E+15,5.35206E+16
127583,2,3,4,315,2018,10,16,4,2,3,6,0,0,1,0,0,0,1,0,5.64526E+20,5.9372E+21,9.9746E+15,5.35797E+16
127584,2,5,18,526,2018,10,8,2,3,4,2,0,0,1,0,0,0,0,0,5.76024E+20,5.94188E+21,1.01494E+16,5.36202E+16
127585,2,6,1,601,2018,10,7,2,3,6,4,0,0,1,1,0,0,0,0,5.79125E+20,5.92987E+21,1.01932E+16,5.35118E+16
127586,2,1,12,130,2018,10,11,6,3,6,4,0,0,1,1,0,0,0,0,5.72795E+20,5.93306E+21,1.00985E+16,5.35414E+16
127587,2,6,1,601,2018,10,11,7,3,2,6,0,0,1,0,0,0,0,0,5.80264E+20,5.92972E+21,1.02103E+16,5.35103E+16
127588,2,1,19,140,2018,10,15,6,3,3,6,0,0,1,0,0,1,0,0,5.61099E+20,5.93001E+21,9.92145E+15,5.35155E+16
127589,2,2,9,221,2018,10,7,5,3,6,7,2,0,1,1,0,0,0,0,5.56587E+20,5.93629E+21,9.85454E+15,5.35724E+16
127590,2,1,6,115,2018,10,13,3,3,3,6,0,0,1,0,0,1,0,0,5.67049E+20,5.9337E+21,1.0012E+16,5.35479E+16
127591,2,6,2,603,2018,10,11,5,3,1,7,0,0,1,0,1,0,0,0,5.81575E+20,5.92651E+21,1.02293E+16,5.34812E+16
127592,2,7,9,710,2018,10,11,5,3,6,7,0,0,1,1,0,0,0,0,5.63544E+20,5.92345E+21,9.95699E+15,5.34562E+16
127593,2,1,11,129,2018,10,14,3,3,3,2,0,1,0,0,0,0,0,1,5.72573E+20,5.93509E+21,1.00956E+16,5.35596E+16
127594,2,3,4,315,2018,10,13,2,3,0,4,0,0,0,1,0,0,1,0,5.64599E+20,5.93709E+21,9.97569E+15,5.35787E+16
127595,2,2,5,215,2018,10,6,2,3,2,6,1,0,1,0,0,0,1,0,5.60533E+20,5.9375E+21,9.91437E+15,5.35829E+16
127596,2,7,7,708,2018,10,13,5,3,5,3,0,0,1,0,0,0,0,1,5.65201E+20,5.91959E+21,9.98114E+15,5.34213E+16
127597,2,5,2,505,2018,10,15,2,3,5,3,0,0,1,0,0,0,0,0,5.70502E+20,5.93636E+21,1.00647E+16,5.35714E+16
127598,2,1,15,134,2018,10,18,5,3,4,2,1,1,1,0,0,0,0,1,5.67556E+20,5.93093E+21,1.0019E+16,5.3523E+16
127599,2,5,11,519,2018,10,19,7,3,2,6,2,0,1,0,0,0,0,0,5.71709E+20,5.94618E+21,1.00851E+16,5.36595E+16
127600,2,6,6,607,2018,10,16,5,3,5,3,0,0,1,0,0,0,0,0,5.79849E+20,5.91964E+21,1.02015E+16,5.34197E+16
127601,2,7,14,715,2018,10,21,4,3,3,2,2,0,1,0,0,0,0,0,5.57914E+20,5.92569E+21,9.87263E+15,5.3477E+16
127602,2,7,14,715,2018,9,21,7,3,2,2,2,0,1,0,0,0,0,0,5.56752E+20,5.92517E+21,9.85502E+15,5.34724E+16
127603,2,5,18,526,2018,10,14,3,3,4,6,0,1,0,0,0,0,0,0,5.76256E+20,5.94008E+21,1.01525E+16,5.3604E+16
127604,2,1,8,122,2018,10,11,5,3,2,7,0,0,1,0,0,0,0,1,5.69598E+20,5.93467E+21,1.00506E+16,5.35563E+16
127605,2,5,11,519,2018,10,16,3,3,0,7,0,1,0,0,0,0,0,1,5.71411E+20,5.94652E+21,1.00807E+16,5.36625E+16
127606,2,7,1,702,2018,10,13,1,3,2,6,0,0,1,0,0,0,0,0,5.65595E+20,5.92318E+21,9.98781E+15,5.34536E+16
127607,2,1,4,111,2018,10,16,2,3,3,6,0,1,1,0,0,0,0,0,5.63665E+20,5.93404E+21,9.96096E+15,5.35514E+16
127608,2,5,5,513,2018,10,19,5,3,2,6,2,0,1,0,0,0,1,1,5.74755E+20,5.93827E+21,1.01293E+16,5.35879E+16
127609,2,4,8,423,2018,10,15,5,3,5,3,0,0,1,0,0,0,0,0,5.69401E+20,5.93748E+21,1.00483E+16,5.35816E+16
127610,2,1,16,137,2018,9,7,7,2,5,3,1,0,1,0,0,0,0,0,5.65853E+20,5.92628E+21,9.99236E+15,5.34813E+16
127611,2,1,12,130,2018,10,16,6,3,2,6,0,0,1,0,0,0,0,0,5.73041E+20,5.93314E+21,1.01022E+16,5.3542E+16
127612,2,4,10,429,2018,10,20,5,3,2,6,2,0,1,0,0,0,0,1,5.68812E+20,5.94008E+21,1.004E+16,5.3605E+16
127613,2,5,7,515,2018,10,23,4,2,9,1,2,0,1,0,0,0,0,0,5.73335E+20,5.94208E+21,1.01088E+16,5.36224E+16
127614,2,3,1,307,2018,10,12,3,3,0,7,0,0,0,0,1,0,0,0,5.63741E+20,5.93598E+21,9.9625E+15,5.35688E+16
127615,2,5,7,515,2018,10,11,5,2,3,2,0,1,1,0,0,0,0,1,5.71264E+20,5.94144E+21,1.00773E+16,5.36169E+16
127616,2,5,3,511,2018,10,17,5,3,0,7,0,1,1,0,0,0,0,0,5.71832E+20,5.93591E+21,1.00846E+16,5.35671E+16
127617,2,1,4,111,2018,10,3,7,3,6,4,2,0,1,1,0,0,0,0,5.63612E+20,5.93392E+21,9.96014E+15,5.35503E+16
127618,2,4,13,432,2018,10,20,5,3,6,4,2,0,1,1,0,0,0,1,5.66454E+20,5.9449E+21,1.00054E+16,5.36487E+16