OBJECTID_1,ULAND,UREGBEZ,UKREIS,UGEMEINDE,UJAHR,UMONAT,USTUNDE,UWOCHENTAG,UKATEGORIE,UART,UTYP1,ULICHTVERH,IstRad,IstPKW,IstFuss,IstKrad,IstGkfz,IstSonstig,STRZUSTAND,LINREFX,LINREFY,XGCSWGS84,YGCSWGS84
127803,2,6,1,601,2018,10,8,1,3,1,7,0,0,1,0,0,0,0,0,5.78894E+20,5.92905E+21,1.01895E+16,5.35044E+16
127804,2,4,2,403,2018,10,8,4,3,3,6,0,1,1,0,0,0,0,0,5.65387E+20,5.9386E+21,9.9879E+15,5.35921E+16
127805,2,1,2,104,2018,10,16,2,3,5,3,0,0,1,0,1,0,0,0,5.66737E+20,5.93288E+21,1.00071E+16,5.35406E+16
127806,2,2,5,216,2018,10,16,2,3,4,6,0,1,1,0,0,0,0,1,5.6052E+20,5.93507E+21,9.9137E+15,5.35611E+16
127807,2,4,2,405,2018,10,7,4,3,3,2,0,1,0,0,0,0,1,0,5.64409E+20,5.93928E+21,9.97327E+15,5.35984E+16
127808,2,1,13,131,2018,10,15,6,3,3,3,0,0,1,0,0,0,0,0,5.73657E+20,5.93192E+21,1.01112E+16,5.35311E+16
127809,2,2,7,219,2018,10,7,2,3,3,2,0,0,1,0,1,0,0,1,5.60278E+20,5.93466E+21,9.90996E+15,5.35573E+16
127810,2,3,1,307,2018,10,17,2,3,1,5,0,1,1,0,0,0,0,0,5.63618E+20,5.93591E+21,9.96063E+15,5.35682E+16
127811,2,2,8,220,2018,10,0,2,3,3,6,2,0,1,0,0,0,0,0,5.58486E+20,5.93731E+21,9.88341E+15,5.35814E+16
127812,2,1,5,114,2018,10,21,7,3,2,2,2,0,1,0,0,0,0,0,5.67111E+20,5.93421E+21,1.0013E+16,5.35524E+16
127813,2,3,7,319,2018,10,17,2,3,2,6,0,0,1,0,0,0,0,1,5.60951E+20,5.94365E+21,9.92187E+15,5.3638E+16
127814,2,5,4,512,2018,10,16,4,2,6,4,0,0,0,1,0,0,1,0,5.73834E+20,5.93637E+21,1.0115E+16,5.3571E+16
127815,2,2,12,225,2018,10,14,3,3,2,6,0,0,1,0,0,0,0,0,5.54503E+20,5.93676E+21,9.82316E+15,5.35769E+16
127816,2,3,4,316,2018,10,13,2,3,1,5,0,1,1,0,0,0,0,1,5.6412E+20,5.9374E+21,9.96853E+15,5.35816E+16
127817,2,3,6,318,2018,10,8,3,2,1,6,0,0,1,0,1,0,1,0,5.64103E+20,5.94377E+21,9.96957E+15,5.36387E+16
127818,2,5,12,520,2018,10,13,1,3,8,7,0,0,1,0,0,0,0,0,5.69386E+20,5.94377E+21,1.00495E+16,5.36381E+16
127819,2,5,2,508,2018,10,3,1,2,1,1,2,0,1,0,0,0,0,0,5.72123E+20,5.93748E+21,1.00894E+16,5.35812E+16
127820,2,2,1,201,2018,10,11,2,3,0,2,0,1,1,0,0,0,0,0,5.62962E+20,5.9333E+21,9.9502E+15,5.35448E+16
127821,2,5,2,507,2018,10,22,6,3,2,7,2,0,0,0,1,0,1,0,5.71114E+20,5.9367E+21,1.0074E+16,5.35743E+16
127822,2,2,1,205,2018,10,20,2,3,2,6,2,0,1,0,0,0,0,1,5.63181E+20,5.93429E+21,9.95371E+15,5.35537E+16
127823,2,4,2,403,2018,10,16,4,3,0,7,0,1,0,1,0,0,0,0,5.65236E+20,5.93815E+21,9.98553E+15,5.35881E+16
127824,2,1,8,126,2018,10,11,2,3,2,6,0,0,0,0,0,0,1,0,5.69101E+20,5.93388E+21,1.0043E+16,5.35493E+16
127825,2,1,16,136,2018,10,8,2,3,5,3,0,1,0,0,0,1,0,0,5.67579E+20,5.92611E+21,1.00183E+16,5.34796E+16
127826,2,5,9,517,2018,10,19,4,3,3,6,2,0,1,0,0,0,1,0,5.72515E+20,5.94386E+21,1.00968E+16,5.36385E+16
127827,2,2,1,201,2018,10,18,3,3,3,2,0,1,1,0,0,0,0,0,5.63098E+20,5.93383E+21,9.95236E+15,5.35496E+16
127828,2,2,4,212,2018,10,7,2,3,2,6,0,0,1,0,0,0,0,0,5.60805E+20,5.9343E+21,9.91785E+15,5.3554E+16
127829,2,2,3,208,2018,10,14,3,3,4,2,0,1,0,0,0,0,1,0,5.63353E+20,5.93522E+21,9.95648E+15,5.3562E+16
127830,2,5,5,513,2018,10,19,7,3,2,6,2,0,1,0,0,0,0,0,5.73486E+20,5.93758E+21,1.011E+16,5.35819E+16
127831,2,2,8,220,2018,10,19,1,3,2,6,2,0,1,0,0,0,0,0,5.56542E+20,5.93917E+21,9.85439E+15,5.35983E+16
127832,2,1,1,101,2018,10,17,2,3,0,3,1,0,0,0,1,0,1,1,5.66094E+20,5.934E+21,9.99761E+15,5.35507E+16
127833,2,1,4,111,2018,10,17,4,3,3,7,0,0,1,0,1,0,0,0,5.64272E+20,5.9347E+21,9.97027E+15,5.35573E+16
127834,2,4,10,428,2018,10,14,6,3,2,6,0,0,1,0,0,0,0,0,5.69079E+20,5.93925E+21,1.00438E+16,5.35976E+16
127835,2,1,20,141,2018,9,13,1,3,2,6,0,0,1,0,0,0,0,0,5.57314E+20,5.93202E+21,9.86474E+15,5.3534E+16
127836,2,2,1,204,2018,10,14,4,3,2,6,0,0,0,0,1,0,0,0,5.62381E+20,5.93408E+21,9.94159E+15,5.35519E+16
127837,2,5,16,524,2018,10,15,2,3,5,3,0,1,1,0,0,0,0,0,5.74346E+20,5.94726E+21,1.01253E+16,5.36688E+16
127838,2,5,4,512,2018,10,14,2,3,1,6,0,0,1,0,0,0,0,0,5.74483E+20,5.9364E+21,1.01248E+16,5.35712E+16
127839,2,7,17,718,2018,9,10,1,3,2,6,0,0,1,0,1,0,0,0,5.51796E+20,5.93238E+21,9.78156E+15,5.35378E+16
127840,2,5,18,526,2018,10,11,5,3,1,6,0,0,1,0,0,0,0,0,5.76164E+20,5.94063E+21,1.01512E+16,5.3609E+16
127841,2,5,18,526,2018,10,20,7,3,6,4,1,0,0,0,0,0,1,0,5.78104E+20,5.94043E+21,1.01805E+16,5.36068E+16
127842,2,5,16,524,2018,9,9,1,3,5,3,0,0,1,0,0,0,0,0,5.74257E+20,5.94753E+21,1.0124E+16,5.36713E+16
127843,2,7,3,704,2018,10,5,6,3,0,7,2,1,0,0,0,0,0,0,5.67728E+20,5.92112E+21,1.00195E+16,5.34348E+16
127844,2,1,3,108,2018,10,4,1,3,1,5,2,1,1,0,0,0,0,0,5.65623E+20,5.93479E+21,9.99066E+15,5.35579E+16
127845,2,4,5,410,2018,9,10,1,3,0,1,0,1,0,0,0,0,0,0,5.66617E+20,5.93792E+21,1.00063E+16,5.35859E+16
127846,2,4,8,420,2018,10,13,5,3,6,4,0,1,0,1,0,0,0,1,5.68478E+20,5.93716E+21,1.00343E+16,5.35788E+16
127847,2,1,11,129,2018,10,15,3,3,4,7,0,0,1,0,0,0,0,0,5.72269E+20,5.93438E+21,1.00909E+16,5.35534E+16
127848,2,3,2,312,2018,10,8,6,3,5,3,0,1,1,0,0,0,0,0,5.65567E+20,5.93524E+21,9.98992E+15,5.35619E+16
127849,2,5,1,503,2018,9,0,1,3,3,5,2,0,1,0,0,0,0,0,5.69544E+20,5.93601E+21,1.00501E+16,5.35684E+16
127850,2,1,12,130,2018,10,11,3,3,2,6,0,0,1,0,0,0,1,0,5.74311E+20,5.93562E+21,1.0122E+16,5.35642E+16
127851,2,4,8,422,2018,10,8,2,3,5,3,0,1,1,0,0,0,0,0,5.68636E+20,5.93669E+21,1.00366E+16,5.35745E+16
127852,2,2,12,225,2018,10,15,2,3,4,2,0,1,0,0,0,0,1,0,5.54502E+20,5.93672E+21,9.82315E+15,5.35765E+16
127853,2,3,8,320,2018,9,12,1,3,4,2,0,0,1,0,0,0,0,0,5.60198E+20,5.93965E+21,9.90972E+15,5.36022E+16
127854,2,2,4,214,2018,10,19,7,3,6,4,1,0,1,1,0,0,0,0,5.61293E+20,5.93326E+21,9.92501E+15,5.35447E+16
127855,2,2,5,216,2018,9,16,1,3,2,4,0,0,1,1,0,0,0,0,5.60057E+20,5.93576E+21,9.90685E+15,5.35673E+16
127856,2,6,10,611,2018,10,14,4,3,5,1,0,0,1,0,0,0,0,0,5.77078E+20,5.92931E+21,1.01622E+16,5.35071E+16
127857,2,1,12,130,2018,9,15,7,3,4,6,0,0,1,0,0,0,1,0,5.74884E+20,5.93357E+21,1.01302E+16,5.35457E+16
127858,2,5,10,518,2018,10,14,3,3,5,3,0,0,1,0,1,0,0,0,5.73088E+20,5.94554E+21,1.01059E+16,5.36535E+16
127859,2,2,5,216,2018,10,16,3,3,5,3,0,1,1,0,0,0,0,0,5.60385E+20,5.93537E+21,9.91172E+15,5.35637E+16
127860,2,6,6,607,2018,10,17,1,2,6,4,0,0,1,1,0,0,0,0,5.77669E+20,5.91747E+21,1.01682E+16,5.34006E+16
127861,2,5,18,526,2018,10,12,5,3,5,3,0,1,1,0,0,0,0,1,5.76738E+20,5.94087E+21,1.01599E+16,5.3611E+16
127862,2,5,5,513,2018,10,16,5,2,6,4,0,0,1,1,0,0,0,1,5.75504E+20,5.93858E+21,1.01407E+16,5.35906E+16
127863,2,5,10,518,2018,10,7,3,3,5,3,0,0,1,0,1,0,0,1,5.74491E+20,5.94434E+21,1.01268E+16,5.36425E+16
127864,2,5,3,510,2018,10,8,5,3,6,4,0,0,1,1,0,0,0,1,5.70338E+20,5.9361E+21,1.00621E+16,5.35691E+16
127865,2,5,5,513,2018,11,11,3,3,2,6,0,0,1,0,0,0,0,1,5.73277E+20,5.93749E+21,1.01068E+16,5.35811E+16
127866,2,3,1,301,2018,10,18,1,3,5,3,2,0,1,0,0,0,0,0,5.62303E+20,5.93701E+21,9.941E+15,5.35783E+16
127867,2,5,3,510,2018,10,14,5,3,2,2,0,0,1,0,0,0,0,1,5.70756E+20,5.93639E+21,1.00685E+16,5.35716E+16
127868,2,1,12,130,2018,11,16,6,3,2,6,1,0,1,0,0,0,0,1,5.73433E+20,5.93519E+21,1.01086E+16,5.35605E+16
127869,2,4,11,430,2018,10,8,5,3,4,2,0,1,1,0,0,0,0,1,5.69004E+20,5.94038E+21,1.00429E+16,5.36077E+16
127870,2,2,3,210,2018,11,14,5,3,6,7,0,0,0,1,0,0,1,0,5.62062E+20,5.93414E+21,9.93679E+15,5.35524E+16
127871,2,5,17,525,2018,10,15,5,3,6,4,0,0,1,1,0,0,0,0,5.76964E+20,5.94485E+21,1.01643E+16,5.36468E+16
127872,2,4,5,413,2018,11,10,4,3,5,3,0,1,0,0,0,0,0,0,5.66185E+20,5.93731E+21,9.99969E+15,5.35804E+16
127873,2,5,10,518,2018,10,15,5,3,0,3,0,1,1,0,0,0,0,0,5.73236E+20,5.9446E+21,1.01079E+16,5.3645E+16
127874,2,1,12,130,2018,10,13,2,3,2,6,0,0,1,0,0,1,0,0,5.73477E+20,5.93265E+21,1.01087E+16,5.35376E+16
127875,2,4,12,431,2018,10,16,5,3,4,2,0,1,1,0,0,0,0,0,5.67862E+20,5.94303E+21,1.00263E+16,5.36316E+16
127876,2,2,3,209,2018,11,17,3,2,0,6,2,1,0,0,0,0,1,0,5.62633E+20,5.93556E+21,9.94569E+15,5.35651E+16
127877,2,4,4,407,2018,10,14,5,3,4,2,0,1,1,0,0,0,0,0,5.67366E+20,5.94115E+21,1.00183E+16,5.36148E+16
127878,2,4,11,430,2018,11,9,6,3,1,6,0,1,0,0,0,0,0,1,5.67886E+20,5.9423E+21,1.00265E+16,5.36251E+16
127879,2,4,13,432,2018,11,19,3,3,2,7,2,0,1,0,0,0,0,0,5.68057E+20,5.9484E+21,1.00304E+16,5.36799E+16
127880,2,3,8,320,2018,10,6,5,3,2,6,2,0,1,0,0,0,0,1,5.59875E+20,5.94036E+21,9.90497E+15,5.36086E+16
127881,2,5,18,526,2018,11,13,6,3,5,2,0,1,1,0,0,0,0,0,5.7772E+20,5.94043E+21,1.01747E+16,5.36069E+16
127882,2,3,9,321,2018,10,14,7,3,3,2,0,1,1,0,0,0,0,0,5.60726E+20,5.93935E+21,9.91764E+15,5.35995E+16
127883,2,3,5,317,2018,10,14,7,3,1,6,0,0,1,0,0,0,0,0,5.64326E+20,5.9393E+21,9.97203E+15,5.35986E+16
127884,2,3,1,310,2018,10,15,5,3,4,6,0,1,1,0,0,0,1,0,5.63715E+20,5.93569E+21,9.96205E+15,5.35662E+16
127885,2,5,5,513,2018,10,17,4,3,3,2,1,1,1,0,0,0,0,0,5.73408E+20,5.93755E+21,1.01088E+16,5.35816E+16
127886,2,2,1,206,2018,10,11,5,3,5,3,0,0,1,0,0,0,0,1,5.62884E+20,5.93484E+21,9.94933E+15,5.35586E+16
127887,2,3,5,317,2018,11,6,4,2,5,3,2,1,1,0,0,0,0,0,5.62987E+20,5.93931E+21,9.95179E+15,5.35988E+16
127888,2,2,3,208,2018,10,11,5,3,5,3,0,1,0,0,0,0,1,1,5.62924E+20,5.93545E+21,9.95006E+15,5.35642E+16
127889,2,5,3,511,2018,10,16,2,2,6,4,0,0,1,1,0,0,0,0,5.72352E+20,5.93659E+21,1.00926E+16,5.35731E+16
127890,2,1,4,111,2018,10,14,5,3,5,3,0,1,1,0,0,0,0,1,5.64512E+20,5.93447E+21,9.97383E+15,5.35551E+16
127891,2,5,2,507,2018,11,15,2,3,5,3,0,0,1,0,0,1,0,0,5.71674E+20,5.93697E+21,1.00825E+16,5.35766E+16
127892,2,3,1,309,2018,10,13,5,3,0,2,0,1,0,0,1,0,0,1,5.63966E+20,5.93561E+21,9.96582E+15,5.35654E+16
127893,2,3,2,311,2018,11,14,6,3,5,2,0,0,1,0,0,0,0,0,5.64734E+20,5.93549E+21,9.97739E+15,5.35643E+16
127894,2,1,4,111,2018,10,16,5,3,5,3,0,1,1,0,0,0,0,1,5.63691E+20,5.93383E+21,9.96131E+15,5.35495E+16
127895,2,1,1,102,2018,10,20,5,3,0,7,2,0,1,0,0,0,0,0,5.65964E+20,5.93399E+21,9.99565E+15,5.35506E+16
127896,2,2,2,207,2018,10,11,4,3,3,3,0,1,0,0,0,0,0,0,5.63717E+20,5.93521E+21,9.96199E+15,5.35619E+16
127897,2,1,1,101,2018,10,18,5,3,2,6,2,0,1,0,0,0,0,0,5.66265E+20,5.9345E+21,1.00003E+16,5.35552E+16
127898,2,7,1,702,2018,11,15,3,3,1,7,0,0,1,0,0,0,0,0,5.6518E+20,5.92422E+21,9.98179E+15,5.34629E+16
127899,2,7,1,702,2018,10,9,4,3,4,2,0,1,1,0,0,0,0,1,5.66086E+20,5.92312E+21,9.9952E+15,5.3453E+16
127900,2,6,2,602,2018,10,15,4,3,6,4,0,0,1,1,0,0,0,0,5.78273E+20,5.92809E+21,1.01799E+16,5.34959E+16
127901,2,5,17,525,2018,10,13,4,3,5,3,0,1,1,0,0,0,0,0,5.76694E+20,5.94482E+21,1.01602E+16,5.36465E+16
127902,2,6,1,601,2018,10,15,4,3,5,3,0,0,1,0,1,0,0,0,5.79477E+20,5.92974E+21,1.01985E+16,5.35106E+16
127903,2,3,3,314,2018,11,9,4,3,5,3,0,0,1,0,0,0,0,0,5.65769E+20,5.93685E+21,9.99331E+15,5.35764E+16
127904,2,3,8,320,2018,10,6,2,3,3,2,2,1,1,0,0,0,0,0,5.59963E+20,5.94103E+21,9.90644E+15,5.36146E+16
127905,2,6,1,601,2018,10,14,4,3,6,4,0,0,1,1,0,0,0,0,5.79822E+20,5.92835E+21,1.02033E+16,5.34981E+16
127906,2,3,8,320,2018,11,21,1,3,5,3,2,0,1,0,0,0,0,1,5.58952E+20,5.94034E+21,9.89103E+15,5.36085E+16
127907,2,6,1,601,2018,10,14,4,3,6,4,0,0,1,0,0,0,1,0,5.79985E+20,5.92764E+21,1.02056E+16,5.34916E+16
127908,2,7,4,705,2018,11,17,5,3,5,3,2,0,1,0,0,1,0,0,5.6561E+20,5.92157E+21,9.98771E+15,5.34391E+16
127909,2,6,2,603,2018,10,13,4,3,5,3,0,1,1,0,0,0,0,0,5.80403E+20,5.92675E+21,1.02117E+16,5.34836E+16
127910,2,1,11,129,2018,10,7,4,3,2,6,0,0,1,0,0,0,0,1,5.73253E+20,5.93501E+21,1.01059E+16,5.35589E+16
127911,2,4,10,429,2018,10,20,3,3,2,6,2,0,1,0,0,0,1,1,5.68734E+20,5.94035E+21,1.00389E+16,5.36074E+16
127912,2,1,5,113,2018,10,12,4,3,6,4,0,0,1,1,0,0,0,0,5.67523E+20,5.93422E+21,1.00192E+16,5.35525E+16
127913,2,1,15,134,2018,11,5,3,2,3,6,2,0,1,0,0,1,0,1,5.67964E+20,5.93182E+21,1.00254E+16,5.35309E+16
127914,2,5,2,506,2018,10,10,1,2,6,4,0,1,0,1,0,0,0,0,5.71269E+20,5.93781E+21,1.00766E+16,5.35843E+16
127915,2,5,6,514,2018,10,9,4,2,0,7,0,0,0,0,0,0,1,0,5.74003E+20,5.94035E+21,1.01185E+16,5.36068E+16
127916,2,4,2,405,2018,11,12,7,3,2,6,0,0,1,0,0,0,0,0,5.64628E+20,5.93924E+21,9.97657E+15,5.3598E+16
127917,2,3,2,311,2018,10,8,2,3,4,6,0,1,0,0,0,0,0,0,5.64743E+20,5.93549E+21,9.97753E+15,5.35643E+16
127918,2,5,6,514,2018,10,7,4,3,2,6,0,0,1,0,0,0,0,1,5.75456E+20,5.94287E+21,1.0141E+16,5.36291E+16
127919,2,7,2,703,2018,11,17,7,2,5,2,2,0,1,0,0,0,0,0,5.67112E+20,5.92426E+21,1.00109E+16,5.34631E+16
127920,2,5,4,512,2018,10,17,4,3,5,3,0,1,1,0,0,0,0,1,5.74543E+20,5.93661E+21,1.01257E+16,5.35731E+16
127921,2,5,7,515,2018,11,15,5,2,6,4,0,0,1,1,0,0,0,0,5.70866E+20,5.93939E+21,1.00708E+16,5.35985E+16
127922,2,3,4,316,2018,10,11,7,3,5,3,0,0,1,0,0,0,1,0,5.64352E+20,5.93746E+21,9.97203E+15,5.3582E+16
127923,2,4,11,430,2018,10,10,4,3,1,6,0,0,1,0,0,0,0,0,5.68604E+20,5.94286E+21,1.00374E+16,5.36301E+16
127924,2,5,12,520,2018,10,6,4,3,5,3,2,0,0,0,1,0,1,1,5.68194E+20,5.94475E+21,1.00316E+16,5.36471E+16
127925,2,4,13,432,2018,10,11,3,3,1,6,0,0,1,0,0,0,0,0,5.66681E+20,5.94486E+21,1.00088E+16,5.36482E+16
127926,2,4,5,409,2018,10,19,4,3,0,7,2,0,1,0,1,0,0,1,5.66621E+20,5.93872E+21,1.00066E+16,5.35931E+16
127927,2,4,9,424,2018,11,14,3,3,6,4,0,0,1,1,0,0,0,0,5.70131E+20,5.93739E+21,1.00593E+16,5.35806E+16
127928,2,4,5,411,2018,10,22,4,3,0,1,2,0,0,0,1,0,0,1,5.68177E+20,5.93785E+21,1.00299E+16,5.35851E+16
127929,2,1,12,130,2018,11,10,6,3,5,3,0,0,1,0,0,0,0,0,5.73587E+20,5.9329E+21,1.01104E+16,5.35399E+16
127930,2,2,11,223,2018,10,9,7,3,0,3,0,0,1,0,1,0,0,0,5.52853E+20,5.93506E+21,9.79795E+15,5.35618E+16
127931,2,1,3,106,2018,10,23,7,2,4,2,2,0,1,0,0,0,0,1,5.64865E+20,5.93452E+21,9.97916E+15,5.35556E+16
127932,2,4,7,417,2018,10,13,4,3,6,7,0,0,1,1,0,0,0,0,5.68221E+20,5.93498E+21,1.00299E+16,5.35593E+16
127933,2,1,19,140,2018,11,14,5,3,5,3,0,0,1,0,0,1,0,0,5.61385E+20,5.93013E+21,9.92579E+15,5.35165E+16
127934,2,5,1,504,2018,10,7,4,2,3,7,2,1,1,0,0,0,0,1,5.69955E+20,5.93631E+21,1.00564E+16,5.3571E+16
127935,2,4,5,412,2018,11,17,4,3,4,6,2,1,1,0,0,0,0,0,5.67077E+20,5.93722E+21,1.00131E+16,5.35796E+16
127936,2,4,8,421,2018,10,6,4,3,3,6,2,0,1,0,0,0,0,1,5.69269E+20,5.93764E+21,1.00463E+16,5.3583E+16
127937,2,4,5,408,2018,10,21,7,3,6,4,2,0,1,1,0,0,0,1,5.6784E+20,5.94005E+21,1.00253E+16,5.36049E+16
127938,2,2,14,227,2018,10,13,4,3,5,3,0,1,1,0,0,0,0,0,5.50517E+20,5.93728E+21,9.76304E+15,5.3582E+16
127939,2,4,10,426,2018,11,8,5,3,2,6,0,0,1,0,0,0,0,0,5.69523E+20,5.93814E+21,1.00503E+16,5.35875E+16
127940,2,2,8,220,2018,10,13,4,3,2,6,0,0,1,0,0,0,0,0,5.56446E+20,5.93849E+21,9.85282E+15,5.35922E+16
127941,2,2,9,221,2018,10,10,4,3,1,5,0,0,1,0,0,0,0,0,5.57001E+20,5.93776E+21,9.86106E+15,5.35856E+16
127942,2,3,7,319,2018,10,12,3,3,3,2,0,1,1,0,0,0,0,0,5.60864E+20,5.94474E+21,9.92077E+15,5.36479E+16
127943,2,2,4,212,2018,10,7,4,3,6,4,1,0,1,1,0,0,0,1,5.60344E+20,5.9346E+21,9.91096E+15,5.35569E+16
127944,2,5,1,501,2018,11,8,3,3,5,3,0,1,1,0,0,0,0,0,5.6905E+20,5.93557E+21,1.00426E+16,5.35645E+16
127945,2,2,7,219,2018,10,7,4,3,2,6,0,0,1,0,0,0,0,1,5.58337E+20,5.93405E+21,9.88055E+15,5.35521E+16
127946,2,5,6,514,2018,11,15,6,3,5,3,0,1,1,0,0,0,0,0,5.73356E+20,5.94062E+21,1.01088E+16,5.36093E+16
127947,2,2,5,217,2018,10,23,7,3,6,4,2,0,1,1,0,0,0,0,5.58887E+20,5.93669E+21,9.88935E+15,5.35758E+16
127948,2,2,5,217,2018,10,14,4,3,1,1,0,1,1,0,0,0,0,0,5.57657E+20,5.93724E+21,9.87088E+15,5.35808E+16
127949,2,5,3,510,2018,10,19,4,3,3,6,2,0,1,0,0,0,0,0,5.70194E+20,5.93625E+21,1.006E+16,5.35704E+16
127950,2,4,3,406,2018,10,15,4,3,5,3,0,1,1,0,0,0,0,0,5.65029E+20,5.94101E+21,9.983E+15,5.36139E+16
127951,2,2,4,214,2018,11,17,4,3,5,3,2,1,0,0,0,0,0,0,5.61314E+20,5.93391E+21,9.92546E+15,5.35505E+16
127952,2,5,14,522,2018,10,13,2,3,2,6,0,0,1,0,0,0,1,0,5.72858E+20,5.95108E+21,1.01037E+16,5.37033E+16
127953,2,3,5,317,2018,10,6,4,3,5,3,2,0,1,0,0,0,0,1,5.63864E+20,5.93984E+21,9.96514E+15,5.36035E+16
127954,2,3,1,308,2018,11,23,2,3,5,3,2,1,1,0,0,0,0,0,5.63772E+20,5.93605E+21,9.96299E+15,5.35694E+16
127955,2,5,18,526,2018,10,15,2,3,0,3,0,1,0,0,0,0,1,0,5.77772E+20,5.94291E+21,1.01761E+16,5.36292E+16
127956,2,2,1,206,2018,10,21,4,3,2,6,1,0,1,0,0,0,0,1,5.62831E+20,5.93522E+21,9.94861E+15,5.35621E+16
127957,2,2,1,201,2018,11,13,3,3,2,6,0,0,1,0,0,0,0,1,5.63192E+20,5.93357E+21,9.95372E+15,5.35472E+16
127958,2,1,2,104,2018,10,15,4,3,1,5,0,1,1,0,0,0,0,0,5.67411E+20,5.93247E+21,1.00172E+16,5.35369E+16
127959,2,3,9,321,2018,11,8,6,3,5,3,0,1,1,0,0,0,0,0,5.60006E+20,5.93921E+21,9.90673E+15,5.35983E+16
127960,2,7,1,701,2018,10,8,3,3,1,6,0,0,1,0,0,0,0,1,5.64923E+20,5.92415E+21,9.9779E+15,5.34623E+16
127961,2,1,12,130,2018,10,16,3,3,5,3,0,0,1,0,0,0,0,1,5.74701E+20,5.93294E+21,1.01272E+16,5.35401E+16
127962,2,4,5,409,2018,10,10,4,3,2,6,0,0,1,0,0,0,0,0,5.67092E+20,5.93884E+21,1.00137E+16,5.35941E+16
127963,2,1,12,130,2018,10,14,3,3,4,6,0,0,1,0,0,0,0,1,5.73817E+20,5.9349E+21,1.01144E+16,5.35578E+16
127964,2,1,3,106,2018,11,9,4,3,5,3,0,0,1,0,0,0,0,0,5.64697E+20,5.93474E+21,9.97668E+15,5.35575E+16
127965,2,2,9,221,2018,10,19,2,3,1,5,2,0,1,0,0,0,1,0,5.5563E+20,5.93615E+21,9.84007E+15,5.35713E+16
127966,2,5,18,526,2018,10,20,3,3,5,2,2,1,1,0,0,0,0,1,5.75281E+20,5.93882E+21,1.01374E+16,5.35928E+16
127967,2,1,4,112,2018,11,6,1,3,2,6,2,0,1,0,1,0,0,0,5.63717E+20,5.93349E+21,9.96163E+15,5.35464E+16
127968,2,5,2,508,2018,10,18,6,3,1,6,2,0,1,0,0,0,0,1,5.72803E+20,5.93731E+21,1.00996E+16,5.35796E+16
127969,2,7,1,702,2018,10,13,7,3,5,2,0,1,1,0,0,0,0,0,5.65406E+20,5.92355E+21,9.98504E+15,5.34569E+16
127970,2,5,4,512,2018,10,17,3,2,8,7,0,0,1,1,0,0,0,1,5.74679E+20,5.93737E+21,1.0128E+16,5.35799E+16
127971,2,6,1,601,2018,11,18,5,3,6,4,2,0,1,1,0,0,0,0,5.8009E+20,5.92801E+21,1.02073E+16,5.3495E+16
127972,2,5,2,508,2018,10,14,3,2,3,6,0,0,1,0,0,0,0,1,5.73003E+20,5.93728E+21,1.01026E+16,5.35793E+16
127973,2,5,18,526,2018,10,6,3,3,2,2,2,1,1,0,0,0,0,0,5.7649E+20,5.94124E+21,1.01563E+16,5.36144E+16
127974,2,5,17,525,2018,10,9,3,2,3,3,0,0,0,0,1,0,1,0,5.76611E+20,5.9456E+21,1.01592E+16,5.36536E+16
127975,2,5,14,522,2018,10,6,3,3,6,4,2,0,1,1,0,0,0,1,5.73266E+20,5.95155E+21,1.011E+16,5.37075E+16
127976,2,1,19,140,2018,11,5,6,2,2,6,2,0,1,0,0,0,1,0,5.6149E+20,5.93037E+21,9.92741E+15,5.35187E+16
127977,2,5,12,520,2018,10,20,3,3,5,3,2,0,1,0,0,0,0,1,5.68505E+20,5.94399E+21,1.00362E+16,5.36402E+16
127978,2,4,13,432,2018,10,19,3,3,4,2,2,0,1,0,0,0,0,1,5.67491E+20,5.94496E+21,1.00211E+16,5.3649E+16
127979,2,6,2,603,2018,10,11,3,3,4,2,0,1,1,0,0,0,0,0,5.80234E+20,5.92664E+21,1.02091E+16,5.34826E+16
127980,2,4,5,408,2018,10,9,3,3,3,6,0,1,1,0,0,0,0,1,5.65771E+20,5.9395E+21,9.99389E+15,5.36002E+16
127981,2,6,1,601,2018,11,16,3,3,3,2,0,1,1,0,0,0,0,0,5.78412E+20,5.92833E+21,1.01821E+16,5.3498E+16
127982,2,1,5,113,2018,10,9,2,3,5,3,0,1,1,0,0,0,0,0,5.67133E+20,5.93519E+21,1.00135E+16,5.35613E+16
127983,2,4,8,422,2018,10,8,3,3,4,2,0,1,1,0,0,0,0,1,5.68797E+20,5.93642E+21,1.00389E+16,5.35721E+16
127984,2,5,2,509,2018,11,17,7,3,6,4,2,0,0,1,0,0,1,0,5.71863E+20,5.93856E+21,1.00857E+16,5.3591E+16
127985,2,5,2,508,2018,10,19,6,3,3,6,2,1,1,0,0,0,0,1,5.72826E+20,5.93795E+21,1.01001E+16,5.35854E+16
127986,2,3,9,321,2018,10,8,3,3,4,2,0,1,1,0,0,0,0,1,5.60921E+20,5.93826E+21,9.92037E+15,5.35896E+16