OBJECTID_1,ULAND,UREGBEZ,UKREIS,UGEMEINDE,UJAHR,UMONAT,USTUNDE,UWOCHENTAG,UKATEGORIE,UART,UTYP1,ULICHTVERH,IstRad,IstPKW,IstFuss,IstKrad,IstGkfz,IstSonstig,STRZUSTAND,LINREFX,LINREFY,XGCSWGS84,YGCSWGS84
127987,2,5,11,519,2018,11,17,5,3,1,5,1,0,1,0,0,0,1,0,5.71611E+20,5.94528E+21,1.00835E+16,5.36514E+16
127988,2,7,1,702,2018,10,15,6,3,2,6,0,0,1,0,0,0,0,1,5.65594E+20,5.92317E+21,9.9878E+15,5.34534E+16
127989,2,3,7,319,2018,10,13,3,3,2,6,0,0,1,0,0,0,0,1,5.60916E+20,5.94364E+21,9.92135E+15,5.36379E+16
127990,2,3,1,301,2018,10,9,3,3,6,4,0,0,1,1,0,0,0,1,5.62686E+20,5.93728E+21,9.94684E+15,5.35806E+16
127991,2,4,5,413,2018,10,15,3,3,5,3,0,1,1,0,0,0,0,0,5.66314E+20,5.93797E+21,1.00018E+16,5.35864E+16
127992,2,2,1,203,2018,10,18,3,3,6,2,2,0,1,1,0,0,0,1,5.62006E+20,5.9339E+21,9.9359E+15,5.35503E+16
127993,2,5,7,515,2018,11,17,3,3,4,6,2,0,1,0,0,0,0,1,5.71342E+20,5.94051E+21,1.00783E+16,5.36085E+16
127994,2,5,7,515,2018,10,19,6,3,3,2,2,1,1,0,0,0,0,1,5.71791E+20,5.93991E+21,1.00849E+16,5.36031E+16
127995,2,3,1,310,2018,10,7,3,3,1,6,0,0,1,0,0,0,0,1,5.63584E+20,5.93542E+21,9.96002E+15,5.35638E+16
127996,2,1,4,112,2018,10,12,3,3,2,6,0,0,1,0,0,0,1,1,5.6363E+20,5.93347E+21,9.96032E+15,5.35463E+16
127997,2,5,4,512,2018,11,20,3,3,5,7,2,0,1,0,0,0,0,0,5.73607E+20,5.93636E+21,1.01115E+16,5.3571E+16
127998,2,2,11,223,2018,10,13,1,3,8,7,0,0,1,0,0,0,0,0,5.54455E+20,5.93499E+21,9.82213E+15,5.3561E+16
127999,2,1,3,106,2018,10,13,3,3,5,2,0,0,1,0,0,0,0,1,5.64863E+20,5.93452E+21,9.97915E+15,5.35556E+16
128000,2,1,5,114,2018,11,15,7,3,0,7,0,0,1,0,0,0,1,0,5.66693E+20,5.93413E+21,1.00067E+16,5.35519E+16
128001,2,5,7,515,2018,10,18,6,3,3,6,2,0,1,0,0,0,0,1,5.71391E+20,5.9416E+21,1.00793E+16,5.36183E+16
128002,2,1,5,114,2018,10,10,3,2,5,3,0,1,1,0,0,0,0,1,5.66378E+20,5.9347E+21,1.0002E+16,5.3557E+16
128003,2,3,6,318,2018,11,13,5,2,5,3,0,1,1,0,0,0,0,0,5.63863E+20,5.94111E+21,9.9654E+15,5.36149E+16
128004,2,1,5,114,2018,10,19,3,3,6,4,2,0,1,1,0,0,0,1,5.66949E+20,5.93404E+21,1.00105E+16,5.35509E+16
128005,2,4,4,407,2018,11,13,4,3,4,2,0,0,1,0,0,0,0,0,5.66922E+20,5.9405E+21,1.00115E+16,5.36091E+16
128006,2,7,12,713,2018,10,14,3,3,3,6,0,0,1,0,0,1,0,1,5.60647E+20,5.92964E+21,9.91457E+15,5.35122E+16
128007,2,1,16,137,2018,10,9,3,3,5,2,0,0,1,0,0,0,0,0,5.63721E+20,5.9298E+21,9.96095E+15,5.35133E+16
128008,2,7,9,710,2018,10,12,2,3,6,4,0,0,1,1,0,0,0,0,5.62462E+20,5.92158E+21,9.94033E+15,5.34395E+16
128009,2,4,1,401,2018,11,18,3,2,0,7,2,1,1,0,0,0,0,0,5.64684E+20,5.93765E+21,9.97709E+15,5.35837E+16
128010,2,4,11,430,2018,10,11,6,3,2,6,0,0,1,0,0,0,0,0,5.68949E+20,5.94039E+21,1.00421E+16,5.36078E+16
128011,2,7,1,702,2018,10,18,2,3,6,4,2,0,1,1,0,0,1,0,5.65484E+20,5.92355E+21,9.98623E+15,5.34569E+16
128012,2,5,2,508,2018,11,15,6,2,5,3,0,0,1,0,1,0,0,0,5.72693E+20,5.93809E+21,1.00982E+16,5.35867E+16
128013,2,4,6,415,2018,10,15,6,3,4,6,0,1,1,0,0,0,0,0,5.67312E+20,5.936E+21,1.00164E+16,5.35685E+16
128014,2,7,9,710,2018,10,16,2,3,5,3,0,0,1,0,0,0,0,0,5.6413E+20,5.92364E+21,9.96585E+15,5.34579E+16
128015,2,5,7,515,2018,10,18,4,2,6,6,2,1,0,1,0,0,0,0,5.71752E+20,5.94233E+21,1.00849E+16,5.36248E+16
128016,2,5,6,514,2018,11,16,6,3,5,2,1,0,0,0,0,0,1,0,5.73714E+20,5.93971E+21,1.0114E+16,5.3601E+16
128017,2,7,1,701,2018,10,15,2,3,2,6,0,0,1,0,0,0,1,0,5.64888E+20,5.92399E+21,9.97733E+15,5.34609E+16
128018,2,6,2,602,2018,10,19,4,3,5,2,2,1,1,0,0,0,0,0,5.79796E+20,5.92734E+21,1.02027E+16,5.3489E+16
128019,2,7,1,701,2018,10,14,2,3,1,5,0,1,1,0,0,0,0,0,5.64127E+20,5.92426E+21,9.96593E+15,5.34635E+16
128020,2,2,8,220,2018,11,7,4,3,4,2,0,0,1,0,0,0,0,0,5.5763E+20,5.93858E+21,9.87071E+15,5.35929E+16
128021,2,1,16,137,2018,10,7,2,3,4,2,2,0,1,0,0,0,1,1,5.65758E+20,5.92843E+21,9.99137E+15,5.35007E+16
128022,2,5,6,514,2018,10,11,2,3,3,2,0,1,0,0,0,1,0,0,5.738E+20,5.9409E+21,1.01155E+16,5.36117E+16
128023,2,1,11,128,2018,10,16,2,3,1,5,0,0,1,0,0,0,0,0,5.71966E+20,5.93341E+21,1.00861E+16,5.35446E+16
128024,2,1,12,130,2018,11,21,2,3,6,4,2,1,1,1,0,0,0,1,5.72972E+20,5.93301E+21,1.01012E+16,5.35409E+16
128025,2,4,8,420,2018,10,20,6,3,5,3,2,0,1,0,0,0,0,1,5.68357E+20,5.93689E+21,1.00324E+16,5.35764E+16
128026,2,1,11,129,2018,10,15,2,3,2,6,0,0,1,0,0,0,1,0,5.72657E+20,5.93473E+21,1.00968E+16,5.35564E+16
128027,2,2,4,211,2018,11,15,6,3,4,6,0,1,1,0,0,0,0,0,5.61818E+20,5.93453E+21,9.93319E+15,5.3556E+16
128028,2,1,12,130,2018,10,10,2,3,5,3,0,0,1,0,0,0,0,0,5.74707E+20,5.9328E+21,1.01273E+16,5.35388E+16
128029,2,1,11,128,2018,10,7,2,3,6,2,2,0,1,1,0,0,0,1,5.72E+20,5.93423E+21,1.00868E+16,5.3552E+16
128030,2,2,5,217,2018,10,14,4,3,3,6,0,1,1,0,0,0,0,0,5.59294E+20,5.93631E+21,9.89542E+15,5.35723E+16
128031,2,1,11,129,2018,10,20,2,3,5,7,2,0,1,0,0,0,0,0,5.71825E+20,5.93454E+21,1.00842E+16,5.35548E+16
128032,2,1,5,114,2018,11,15,4,3,6,7,0,0,0,1,0,0,1,0,5.66939E+20,5.93424E+21,1.00104E+16,5.35528E+16
128033,2,4,2,405,2018,10,12,2,3,5,3,0,0,1,0,1,0,0,0,5.64858E+20,5.93962E+21,9.98012E+15,5.36014E+16
128034,2,1,11,129,2018,10,14,2,3,3,6,0,0,1,0,0,0,1,0,5.70873E+20,5.93493E+21,1.00699E+16,5.35585E+16
128035,2,7,2,703,2018,11,20,7,3,8,7,2,0,1,0,0,0,0,0,5.68111E+20,5.92525E+21,1.00261E+16,5.34719E+16
128036,2,1,8,123,2018,10,10,2,3,0,5,0,1,1,0,0,0,0,1,5.70369E+20,5.93461E+21,1.00623E+16,5.35557E+16
128037,2,3,2,312,2018,11,14,4,3,1,7,0,1,1,0,0,0,0,0,5.65615E+20,5.93507E+21,9.99061E+15,5.35604E+16
128038,2,4,10,427,2018,10,2,2,2,0,7,2,0,1,1,0,0,0,0,5.69315E+20,5.93774E+21,1.0047E+16,5.35839E+16
128039,2,5,6,514,2018,10,8,2,3,5,2,0,1,1,0,0,0,0,1,5.7432E+20,5.94137E+21,1.01235E+16,5.36159E+16
128040,2,7,1,702,2018,11,12,1,3,6,4,0,0,1,1,0,0,0,0,5.65497E+20,5.92355E+21,9.98641E+15,5.34569E+16
128041,2,3,9,321,2018,10,18,6,3,5,3,2,1,1,0,0,0,0,1,5.62726E+20,5.93754E+21,9.94749E+15,5.35829E+16
128042,2,5,18,526,2018,10,9,2,3,2,6,0,1,0,0,0,0,0,0,5.76359E+20,5.9398E+21,1.01539E+16,5.36014E+16
128043,2,7,13,714,2018,11,17,5,3,1,3,2,1,1,0,0,0,0,0,5.58119E+20,5.92534E+21,9.87565E+15,5.34738E+16
128044,2,4,10,429,2018,10,18,2,3,5,3,2,0,1,0,0,0,0,0,5.68757E+20,5.94025E+21,1.00392E+16,5.36065E+16
128045,2,4,11,430,2018,10,6,2,2,6,4,2,0,1,1,0,0,0,1,5.68736E+20,5.94044E+21,1.00389E+16,5.36083E+16
128046,2,5,2,509,2018,10,5,3,3,2,6,2,0,1,0,0,0,0,1,5.72312E+20,5.93908E+21,1.00926E+16,5.35955E+16
128047,2,4,11,430,2018,10,18,2,3,5,2,1,1,0,0,0,0,1,0,5.67186E+20,5.94141E+21,1.00157E+16,5.36172E+16
128048,2,1,6,116,2018,11,17,3,3,5,3,2,0,1,0,1,0,0,0,5.67546E+20,5.93362E+21,1.00194E+16,5.35471E+16
128049,2,5,18,526,2018,10,19,1,3,4,2,2,0,1,0,0,0,0,0,5.75967E+20,5.94023E+21,1.01481E+16,5.36054E+16
128050,2,4,12,431,2018,10,7,2,3,0,2,2,1,1,0,0,0,0,1,5.68044E+20,5.94291E+21,1.0029E+16,5.36306E+16
128051,2,2,5,215,2018,11,14,7,3,5,3,0,0,1,0,0,0,0,0,5.60676E+20,5.93744E+21,9.91651E+15,5.35823E+16
128052,2,2,11,224,2018,10,8,6,3,6,4,0,0,1,1,0,0,0,0,5.52914E+20,5.93553E+21,9.79895E+15,5.35659E+16
128053,2,4,5,408,2018,10,16,2,3,5,2,0,0,1,0,0,0,0,0,5.67822E+20,5.93998E+21,1.0025E+16,5.36042E+16
128054,2,4,6,415,2018,11,11,5,3,5,3,0,0,1,0,0,0,0,0,5.68119E+20,5.93631E+21,1.00287E+16,5.35712E+16
128055,2,4,5,408,2018,10,13,2,3,5,7,0,0,1,0,0,0,0,0,5.66649E+20,5.93998E+21,1.00073E+16,5.36044E+16
128056,2,2,5,215,2018,10,19,6,2,5,3,2,0,1,0,0,0,1,1,5.61543E+20,5.93581E+21,9.92929E+15,5.35675E+16
128057,2,4,5,408,2018,10,16,2,3,4,2,0,0,1,0,0,0,0,0,5.67826E+20,5.93971E+21,1.0025E+16,5.36018E+16
128058,2,5,5,513,2018,11,9,5,3,0,7,0,1,0,0,0,0,0,0,5.74364E+20,5.93733E+21,1.01232E+16,5.35795E+16
128059,2,4,8,421,2018,10,11,2,3,5,3,0,0,1,0,0,0,0,1,5.68432E+20,5.93768E+21,1.00337E+16,5.35835E+16
128060,2,2,8,220,2018,10,17,2,3,5,3,1,0,1,0,0,0,0,0,5.56835E+20,5.93914E+21,9.85881E+15,5.3598E+16
128061,2,5,17,525,2018,10,16,3,3,6,4,1,0,1,1,0,0,0,0,5.77174E+20,5.94521E+21,1.01676E+16,5.36499E+16
128062,2,3,5,317,2018,10,17,2,3,1,6,2,0,1,0,0,0,0,0,5.62986E+20,5.9393E+21,9.95178E+15,5.35988E+16
128063,2,4,9,425,2018,11,15,3,3,5,2,0,1,1,0,0,0,0,1,5.70293E+20,5.93792E+21,1.00619E+16,5.35855E+16
128064,2,4,2,403,2018,10,14,6,3,3,7,0,1,1,0,0,0,0,1,5.64585E+20,5.9382E+21,9.9757E+15,5.35886E+16
128065,2,1,5,113,2018,10,11,1,3,3,6,0,0,1,0,0,0,0,0,5.67643E+20,5.93478E+21,1.00212E+16,5.35576E+16
128066,2,2,1,204,2018,10,19,2,2,5,2,2,1,1,0,0,0,0,0,5.621E+20,5.93414E+21,9.93737E+15,5.35525E+16
128067,2,1,12,130,2018,11,13,6,3,5,3,0,0,1,0,0,0,0,0,5.73924E+20,5.93359E+21,1.01157E+16,5.3546E+16
128068,2,3,1,305,2018,10,3,6,3,1,5,2,1,1,0,0,0,0,0,5.63779E+20,5.93683E+21,9.96326E+15,5.35765E+16
128069,2,4,8,421,2018,10,16,7,3,3,2,0,0,1,0,1,0,0,0,5.68456E+20,5.93728E+21,1.0034E+16,5.35799E+16
128070,2,3,1,309,2018,10,5,2,3,6,2,2,0,1,1,0,0,0,1,5.63998E+20,5.93605E+21,9.9664E+15,5.35694E+16
128071,2,1,3,106,2018,11,8,5,3,4,2,0,1,1,0,0,0,0,0,5.64772E+20,5.93392E+21,9.97765E+15,5.35502E+16
128072,2,1,1,101,2018,10,8,2,3,4,2,0,0,1,0,0,0,0,1,5.66283E+20,5.93455E+21,1.00006E+16,5.35556E+16
128073,2,4,5,413,2018,11,17,4,3,1,5,2,1,1,0,0,0,0,0,5.66003E+20,5.93799E+21,9.99708E+15,5.35866E+16
128074,2,1,5,113,2018,10,19,2,2,1,7,2,1,1,0,0,0,0,0,5.67368E+20,5.93457E+21,1.0017E+16,5.35557E+16
128075,2,1,8,126,2018,10,8,2,3,3,2,0,0,1,0,0,0,1,0,5.68997E+20,5.93411E+21,1.00415E+16,5.35513E+16
128076,2,1,5,113,2018,10,14,2,3,5,2,0,1,1,0,0,0,0,0,5.67248E+20,5.93518E+21,1.00153E+16,5.35612E+16
128077,2,1,4,112,2018,11,23,3,3,5,2,2,0,1,0,0,0,0,0,5.63614E+20,5.93383E+21,9.96015E+15,5.35495E+16
128078,2,3,5,317,2018,10,14,6,3,2,6,0,0,1,0,0,0,0,1,5.63823E+20,5.93985E+21,9.96453E+15,5.36035E+16
128079,2,6,2,602,2018,10,18,1,3,4,2,1,0,1,0,0,0,0,0,5.79757E+20,5.92697E+21,1.0202E+16,5.34856E+16
128080,2,5,1,504,2018,10,8,3,3,3,2,0,1,1,0,0,0,0,0,5.70044E+20,5.93577E+21,1.00576E+16,5.35661E+16
128081,2,6,14,615,2018,10,15,1,3,5,3,0,1,0,0,0,0,1,0,5.77834E+20,5.92666E+21,1.0173E+16,5.34831E+16
128082,2,4,5,411,2018,11,16,3,3,1,5,0,1,1,0,0,0,0,0,5.67544E+20,5.93828E+21,1.00204E+16,5.3589E+16
128083,2,2,1,203,2018,10,19,6,3,5,3,2,0,1,0,0,0,1,1,5.62153E+20,5.93389E+21,9.93811E+15,5.35502E+16
128084,2,5,16,524,2018,10,18,1,3,0,7,1,1,0,0,0,0,1,0,5.73418E+20,5.94773E+21,1.01114E+16,5.36732E+16
128085,2,5,18,526,2018,11,16,6,3,6,4,0,1,0,1,0,0,0,0,5.76357E+20,5.94152E+21,1.01543E+16,5.36169E+16
128086,2,2,4,212,2018,10,14,6,3,0,7,0,0,0,0,1,0,0,1,5.60796E+20,5.93397E+21,9.91765E+15,5.35511E+16
128087,2,5,1,504,2018,10,20,1,3,3,7,2,0,1,0,0,0,0,0,5.70107E+20,5.93621E+21,1.00587E+16,5.35701E+16
128088,2,5,18,526,2018,10,0,4,2,6,4,2,0,0,1,0,0,1,1,5.76671E+20,5.93993E+21,1.01587E+16,5.36026E+16
128089,2,4,10,426,2018,10,19,1,3,0,1,2,0,0,0,1,0,0,0,5.69578E+20,5.93881E+21,1.00513E+16,5.35935E+16
128090,2,1,1,101,2018,10,8,1,3,0,1,0,0,0,0,1,0,0,1,5.66654E+20,5.93446E+21,1.00062E+16,5.35548E+16
128091,2,3,5,317,2018,11,15,4,3,0,7,0,0,0,0,1,0,0,0,5.62807E+20,5.93747E+21,9.9487E+15,5.35824E+16
128092,2,5,2,508,2018,10,14,2,3,0,2,0,0,1,0,0,0,1,0,5.72363E+20,5.93822E+21,1.00932E+16,5.35878E+16
128093,2,2,4,212,2018,10,14,1,3,5,3,0,1,1,0,0,0,0,0,5.60547E+20,5.93458E+21,9.91401E+15,5.35566E+16
128094,2,2,8,220,2018,11,8,2,3,5,3,0,1,1,0,0,0,0,1,5.57835E+20,5.93942E+21,9.87397E+15,5.36004E+16
128095,2,2,1,205,2018,10,12,6,3,5,3,0,0,1,0,0,0,0,1,5.63338E+20,5.93444E+21,9.95611E+15,5.3555E+16
128096,2,2,8,220,2018,10,12,1,3,3,6,0,0,1,0,1,0,0,0,5.58753E+20,5.93863E+21,9.88769E+15,5.35932E+16
128097,2,1,3,108,2018,11,12,6,3,1,5,0,1,1,0,0,0,0,0,5.65399E+20,5.93454E+21,9.98724E+15,5.35556E+16
128098,2,1,4,112,2018,10,19,6,3,2,6,2,0,1,0,0,0,0,1,5.63786E+20,5.93367E+21,9.96271E+15,5.3548E+16
128099,2,2,1,204,2018,10,16,1,3,8,7,0,1,0,0,0,0,0,0,5.62436E+20,5.93446E+21,9.9425E+15,5.35554E+16
128100,2,1,5,114,2018,10,15,1,3,3,6,0,0,1,0,0,0,0,0,5.67245E+20,5.93447E+21,1.00151E+16,5.35548E+16
128101,2,5,1,504,2018,11,20,6,3,2,6,2,0,1,0,0,0,0,0,5.70042E+20,5.93577E+21,1.00576E+16,5.35661E+16
128102,2,1,11,129,2018,10,19,5,3,3,2,2,1,1,0,0,0,0,1,5.72343E+20,5.93428E+21,1.0092E+16,5.35524E+16
128103,2,1,8,121,2018,10,11,7,3,2,6,0,0,1,0,1,0,0,0,5.69139E+20,5.93534E+21,1.00439E+16,5.35624E+16
128104,2,1,8,125,2018,10,14,7,3,5,3,0,0,1,0,0,0,0,0,5.7003E+20,5.93423E+21,1.00571E+16,5.35523E+16
128105,2,5,10,518,2018,10,15,4,3,5,3,0,1,0,0,0,0,1,0,5.74359E+20,5.94343E+21,1.01246E+16,5.36344E+16
128106,2,5,4,512,2018,10,13,7,3,0,7,0,1,0,0,0,0,0,0,5.74549E+20,5.9366E+21,1.01258E+16,5.3573E+16
128107,2,2,1,205,2018,11,15,4,3,5,2,0,1,1,0,0,0,0,0,5.63482E+20,5.93465E+21,9.95833E+15,5.35569E+16
128108,2,3,9,321,2018,10,11,2,3,5,3,0,1,1,0,0,0,0,0,5.61783E+20,5.93908E+21,9.93356E+15,5.35969E+16
128109,2,5,11,519,2018,10,19,7,3,5,3,2,1,1,0,0,0,0,0,5.7194E+20,5.94545E+21,1.00885E+16,5.36529E+16
128110,2,2,1,205,2018,11,0,1,3,5,3,2,0,1,0,0,0,1,0,5.63178E+20,5.93429E+21,9.95367E+15,5.35537E+16
128111,2,1,7,119,2018,10,11,5,3,2,6,0,0,1,0,0,0,0,1,5.68252E+20,5.93419E+21,1.00302E+16,5.35522E+16
128112,2,4,10,428,2018,10,20,7,3,2,6,2,0,1,0,0,0,0,0,5.6925E+20,5.9391E+21,1.00464E+16,5.35961E+16
128113,2,1,15,134,2018,11,12,5,3,4,2,0,1,1,0,0,1,0,0,5.67738E+20,5.93116E+21,1.00218E+16,5.3525E+16
128114,2,5,1,502,2018,10,15,7,3,3,2,0,0,1,0,0,0,1,0,5.69366E+20,5.93644E+21,1.00475E+16,5.35722E+16
128115,2,3,7,319,2018,10,16,7,3,2,6,0,0,1,0,0,0,0,0,5.61366E+20,5.94426E+21,9.92828E+15,5.36435E+16
128116,2,5,16,524,2018,10,10,3,3,2,6,0,0,1,0,0,0,0,1,5.74547E+20,5.94834E+21,1.01286E+16,5.36784E+16
128117,2,4,2,403,2018,10,11,7,3,1,7,0,0,1,0,1,0,0,0,5.65141E+20,5.93801E+21,9.98406E+15,5.35869E+16
128118,2,1,8,123,2018,11,14,3,3,5,3,0,0,1,0,0,0,0,0,5.70502E+20,5.93509E+21,1.00644E+16,5.356E+16
128119,2,5,15,523,2018,10,11,1,3,5,3,0,1,1,0,0,0,0,0,5.74578E+20,5.9503E+21,1.01295E+16,5.36961E+16
128120,2,1,16,136,2018,10,12,6,3,0,1,0,1,0,0,0,0,0,0,5.66778E+20,5.92701E+21,1.00064E+16,5.34878E+16
128121,2,1,4,111,2018,10,1,4,2,1,7,2,0,1,0,0,0,0,1,5.63692E+20,5.93388E+21,9.96134E+15,5.35499E+16
128122,2,6,4,605,2018,10,8,6,3,5,3,0,0,1,0,0,0,0,0,5.8358E+20,5.92024E+21,1.02578E+16,5.34246E+16
128123,2,1,16,137,2018,11,16,3,3,6,4,0,0,1,1,0,0,0,0,5.65226E+20,5.93019E+21,9.98372E+15,5.35166E+16
128124,2,1,3,107,2018,10,14,2,3,5,3,0,1,1,0,0,0,0,0,5.64991E+20,5.9338E+21,9.98092E+15,5.3549E+16
128125,2,1,11,129,2018,10,12,6,3,6,4,0,1,1,1,0,0,0,0,5.73381E+20,5.9356E+21,1.0108E+16,5.35641E+16
128126,2,5,5,513,2018,11,13,7,3,6,7,0,1,0,1,0,0,0,0,5.74534E+20,5.93811E+21,1.0126E+16,5.35865E+16
128127,2,1,8,124,2018,10,10,5,3,6,4,0,0,0,1,0,0,1,1,5.69065E+20,5.93457E+21,1.00426E+16,5.35554E+16
128128,2,1,8,122,2018,10,9,6,3,3,3,0,1,0,0,0,0,1,0,5.69892E+20,5.93458E+21,1.0055E+16,5.35554E+16
128129,2,5,7,515,2018,11,8,5,3,4,2,0,1,1,0,0,0,0,0,5.72559E+20,5.94109E+21,1.00968E+16,5.36136E+16
128130,2,5,18,526,2018,10,19,6,3,2,6,2,0,1,0,0,0,0,1,5.74438E+20,5.94006E+21,1.0125E+16,5.36041E+16
128131,2,5,6,514,2018,10,17,6,3,1,5,0,1,1,0,0,0,0,0,5.73694E+20,5.93972E+21,1.01136E+16,5.36011E+16
128132,2,5,7,515,2018,10,7,6,3,4,6,2,1,0,0,0,0,0,0,5.70471E+20,5.9393E+21,1.00649E+16,5.35977E+16
128133,2,4,4,407,2018,10,16,3,3,6,3,0,1,0,1,0,0,0,0,5.67762E+20,5.94064E+21,1.00242E+16,5.36102E+16
128134,2,5,7,515,2018,10,12,6,3,5,3,0,1,1,0,0,0,0,0,5.70824E+20,5.94003E+21,1.00704E+16,5.36043E+16
128135,2,5,8,516,2018,11,17,3,3,5,2,2,1,1,0,0,0,0,0,5.6996E+20,5.94048E+21,1.00574E+16,5.36084E+16
128136,2,1,14,133,2018,10,8,5,3,3,2,0,1,1,0,0,0,0,1,5.6853E+20,5.9325E+21,1.0034E+16,5.35369E+16
128137,2,5,10,518,2018,10,17,6,3,2,6,0,0,1,0,0,0,0,0,5.73031E+20,5.94553E+21,1.0105E+16,5.36534E+16
128138,2,1,8,122,2018,11,6,6,3,5,3,2,0,1,0,1,0,0,0,5.69762E+20,5.93478E+21,1.00531E+16,5.35573E+16
128139,2,1,14,133,2018,10,8,5,3,6,4,0,0,1,1,0,0,0,1,5.69037E+20,5.93219E+21,1.00416E+16,5.35341E+16
128140,2,5,16,524,2018,10,13,6,3,2,2,0,0,1,0,0,0,0,0,5.73987E+20,5.94676E+21,1.01197E+16,5.36644E+16
128141,2,4,3,406,2018,10,14,6,3,4,2,0,1,1,0,0,0,0,0,5.66597E+20,5.94205E+21,1.00069E+16,5.3623E+16
128142,2,2,1,202,2018,11,14,7,3,1,7,0,1,1,0,0,0,0,0,5.62235E+20,5.93326E+21,9.93922E+15,5.35446E+16
128143,2,4,5,408,2018,10,7,6,3,2,6,0,0,1,0,0,0,0,0,5.67983E+20,5.94021E+21,1.00275E+16,5.36063E+16
128144,2,2,9,221,2018,11,17,5,3,4,2,2,0,1,0,1,0,0,0,5.57277E+20,5.93631E+21,9.86497E+15,5.35725E+16
128145,2,3,8,320,2018,10,23,6,3,2,2,2,0,1,0,0,0,0,0,5.59873E+20,5.93879E+21,9.90464E+15,5.35946E+16
128146,2,2,8,220,2018,10,16,6,2,6,4,0,0,0,1,0,1,0,0,5.57585E+20,5.93866E+21,9.87005E+15,5.35936E+16
128147,2,2,3,208,2018,10,20,3,3,9,1,2,0,1,0,0,0,1,1,5.62944E+20,5.9355E+21,9.95037E+15,5.35646E+16
128148,2,2,4,212,2018,10,19,6,2,0,7,2,1,0,0,0,0,0,0,5.60569E+20,5.93372E+21,9.91418E+15,5.35489E+16
128149,2,3,1,307,2018,11,23,3,3,0,7,2,1,0,0,0,0,1,0,5.63767E+20,5.93605E+21,9.96291E+15,5.35694E+16
128150,2,3,1,307,2018,10,10,6,3,0,6,0,0,0,0,0,0,1,0,5.63169E+20,5.936E+21,9.95387E+15,5.35691E+16
128151,2,5,2,506,2018,11,14,6,3,5,3,0,0,1,0,0,0,0,0,5.71546E+20,5.93745E+21,1.00807E+16,5.3581E+16
128152,2,3,1,301,2018,10,17,6,2,5,3,0,1,1,0,0,0,0,0,5.62339E+20,5.93697E+21,9.94154E+15,5.35779E+16
128153,2,4,9,424,2018,10,12,4,3,0,1,0,0,0,0,1,0,0,0,5.70296E+20,5.93742E+21,1.00618E+16,5.35809E+16
128154,2,2,4,212,2018,10,7,6,3,5,3,0,1,1,0,0,0,0,0,5.60907E+20,5.93396E+21,9.91932E+15,5.3551E+16
128155,2,3,3,314,2018,11,9,4,3,2,6,0,0,1,0,1,0,0,0,5.6577E+20,5.93687E+21,9.99332E+15,5.35765E+16
128156,2,4,5,410,2018,10,18,2,3,5,3,2,0,1,0,0,0,0,0,5.66523E+20,5.93808E+21,1.0005E+16,5.35873E+16
128157,2,1,16,137,2018,10,19,4,3,0,7,2,0,0,1,0,0,1,0,5.65477E+20,5.93023E+21,9.98752E+15,5.35169E+16
128158,2,2,1,206,2018,10,7,6,3,2,2,0,1,1,0,0,0,0,0,5.62882E+20,5.93484E+21,9.94931E+15,5.35587E+16
128159,2,4,6,415,2018,11,13,4,3,5,2,0,1,1,0,0,0,0,0,5.6845E+20,5.93657E+21,1.00337E+16,5.35736E+16
128160,2,3,3,313,2018,10,14,6,3,2,2,0,0,1,0,0,0,1,0,5.65817E+20,5.93646E+21,9.99395E+15,5.35729E+16
128161,2,5,6,514,2018,10,8,2,2,4,2,0,0,1,0,1,0,0,0,5.74342E+20,5.94148E+21,1.01239E+16,5.36169E+16
128162,2,3,3,314,2018,10,13,6,3,5,2,0,1,1,0,0,0,0,0,5.65252E+20,5.93758E+21,9.98566E+15,5.3583E+16
128163,2,1,1,101,2018,11,13,3,3,3,7,0,0,1,0,1,0,0,0,5.66229E+20,5.93392E+21,9.99963E+15,5.355E+16
128164,2,1,4,112,2018,10,21,6,3,5,7,2,0,1,0,0,0,0,0,5.63773E+20,5.93372E+21,9.96252E+15,5.35485E+16
128165,2,2,1,201,2018,11,14,6,3,5,3,0,0,0,0,1,0,1,0,5.63156E+20,5.93337E+21,9.95315E+15,5.35454E+16
128166,2,1,5,114,2018,10,7,6,3,3,2,0,1,1,0,0,0,0,0,5.67132E+20,5.93439E+21,1.00134E+16,5.35541E+16
128167,2,1,16,137,2018,10,16,5,3,0,6,0,1,1,0,0,0,0,0,5.66593E+20,5.92902E+21,1.00041E+16,5.35059E+16
128168,2,3,9,321,2018,10,14,4,3,5,3,0,0,1,0,0,0,0,0,5.62152E+20,5.9393E+21,9.93918E+15,5.35988E+16
128169,2,1,6,115,2018,10,9,5,3,4,6,0,1,0,0,0,0,0,0,5.67086E+20,5.93335E+21,1.00124E+16,5.35448E+16
128170,2,1,5,114,2018,11,12,4,3,3,6,0,0,1,0,0,0,0,0,5.66854E+20,5.93417E+21,1.00091E+16,5.35522E+16
128171,2,2,5,215,2018,10,17,2,3,2,6,1,0,1,0,0,0,0,0,5.6053E+20,5.9375E+21,9.91432E+15,5.35829E+16