OBJECTID_1,ULAND,UREGBEZ,UKREIS,UGEMEINDE,UJAHR,UMONAT,USTUNDE,UWOCHENTAG,UKATEGORIE,UART,UTYP1,ULICHTVERH,IstRad,IstPKW,IstFuss,IstKrad,IstGkfz,IstSonstig,STRZUSTAND,LINREFX,LINREFY,XGCSWGS84,YGCSWGS84
128540,2,4,8,421,2018,11,9,4,3,5,3,0,1,1,0,0,0,0,0,5.68873E+20,5.93734E+21,1.00403E+16,5.35804E+16
128541,2,5,16,524,2018,11,8,4,3,5,3,0,1,0,0,0,0,1,0,5.7437E+20,5.94769E+21,1.01258E+16,5.36726E+16
128542,2,2,4,213,2018,11,13,5,3,5,3,0,1,1,0,0,0,0,1,5.61287E+20,5.93397E+21,9.92506E+15,5.3551E+16
128543,2,4,12,431,2018,11,11,4,3,3,7,0,0,1,0,0,0,0,0,5.68005E+20,5.94289E+21,1.00284E+16,5.36303E+16
128544,2,1,17,138,2018,11,16,7,3,0,7,2,1,1,0,0,0,0,0,5.64996E+20,5.93127E+21,9.98047E+15,5.35263E+16
128545,2,4,12,431,2018,11,7,4,3,1,5,1,1,1,0,0,0,0,1,5.68297E+20,5.94352E+21,1.00329E+16,5.3636E+16
128546,2,5,4,512,2018,11,17,2,2,6,4,2,0,1,1,0,0,0,0,5.75504E+20,5.93769E+21,1.01405E+16,5.35826E+16
128547,2,4,13,432,2018,11,15,4,3,5,3,0,0,1,0,0,0,0,0,5.6584E+20,5.94776E+21,9.99669E+15,5.36745E+16
128548,2,5,2,505,2018,11,7,6,3,0,7,0,0,0,0,0,0,1,0,5.70864E+20,5.93643E+21,1.00702E+16,5.35719E+16
128549,2,4,5,408,2018,11,15,4,3,5,2,0,0,1,0,0,0,0,0,5.67826E+20,5.93971E+21,1.0025E+16,5.36018E+16
128550,2,1,19,140,2018,11,18,5,3,2,6,2,0,1,0,0,0,0,1,5.59018E+20,5.93025E+21,9.89012E+15,5.35179E+16
128551,2,5,6,514,2018,11,17,3,3,4,2,2,0,1,0,0,0,1,0,5.73443E+20,5.93885E+21,1.01097E+16,5.35934E+16
128552,2,5,1,502,2018,11,11,4,3,5,3,0,0,1,0,0,0,0,0,5.69223E+20,5.93613E+21,1.00453E+16,5.35695E+16
128553,2,5,7,515,2018,12,14,4,3,2,6,0,0,1,0,0,0,0,1,5.70362E+20,5.93917E+21,1.00632E+16,5.35966E+16
128554,2,3,9,321,2018,12,14,7,3,3,7,0,0,1,0,0,0,0,1,5.61032E+20,5.93848E+21,9.92209E+15,5.35916E+16
128555,2,3,9,321,2018,12,3,7,3,0,7,2,0,1,1,0,0,0,1,5.61888E+20,5.93753E+21,9.93484E+15,5.35829E+16
128556,2,5,4,512,2018,12,14,2,3,1,6,0,0,1,0,0,0,0,1,5.75585E+20,5.93784E+21,1.01418E+16,5.3584E+16
128557,2,4,6,414,2018,12,18,1,3,0,7,2,0,0,0,1,0,0,1,5.66951E+20,5.93678E+21,1.00111E+16,5.35756E+16
128558,2,2,9,221,2018,12,13,7,3,6,4,0,0,1,1,0,0,0,1,5.57377E+20,5.93736E+21,9.86667E+15,5.3582E+16
128559,2,4,4,407,2018,12,14,6,3,2,6,0,0,1,0,0,0,0,0,5.65775E+20,5.93971E+21,9.994E+15,5.36021E+16
128560,2,3,3,313,2018,12,18,6,3,6,2,2,0,1,1,0,0,0,0,5.65817E+20,5.93646E+21,9.99394E+15,5.35729E+16
128561,2,3,7,319,2018,12,16,7,3,5,3,2,0,1,0,0,0,0,1,5.60664E+20,5.94343E+21,9.91749E+15,5.36362E+16
128562,2,2,1,203,2018,12,12,4,3,2,6,0,0,1,0,0,0,0,1,5.62027E+20,5.93401E+21,9.93624E+15,5.35513E+16
128563,2,3,1,310,2018,12,9,4,3,5,3,0,1,1,0,0,0,0,1,5.63756E+20,5.93549E+21,9.96263E+15,5.35644E+16
128564,2,2,4,214,2018,12,0,7,3,6,6,2,0,1,1,0,0,0,1,5.61758E+20,5.93335E+21,9.93205E+15,5.35454E+16
128565,2,5,18,526,2018,12,16,4,3,1,7,1,0,1,0,0,0,0,1,5.77179E+20,5.93856E+21,1.0166E+16,5.35902E+16
128566,2,3,2,311,2018,12,4,7,3,9,1,2,0,1,0,0,0,0,1,5.64953E+20,5.93579E+21,9.98076E+15,5.3567E+16
128567,2,4,2,405,2018,12,15,2,3,3,6,0,0,1,0,0,0,1,1,5.64441E+20,5.93965E+21,9.97383E+15,5.36017E+16
128568,2,5,2,507,2018,12,21,7,3,3,2,2,1,1,0,0,0,0,1,5.71163E+20,5.93675E+21,1.00747E+16,5.35747E+16
128569,2,1,4,110,2018,12,6,7,3,6,4,2,0,1,1,0,0,0,1,5.63429E+20,5.93388E+21,9.95737E+15,5.355E+16
128570,2,5,14,522,2018,12,16,5,3,5,2,1,1,1,0,0,0,0,0,5.73268E+20,5.95148E+21,1.011E+16,5.37069E+16
128571,2,5,5,513,2018,12,15,5,3,2,6,0,0,1,0,0,0,0,1,5.74563E+20,5.93842E+21,1.01265E+16,5.35893E+16
128572,2,1,5,114,2018,12,16,1,3,3,7,2,0,1,0,0,0,0,1,5.6679E+20,5.93441E+21,1.00082E+16,5.35543E+16
128573,2,1,5,114,2018,12,18,7,3,2,6,2,0,1,0,0,0,0,1,5.66611E+20,5.93482E+21,1.00056E+16,5.3558E+16
128574,2,1,5,114,2018,12,17,6,3,3,6,2,0,1,0,0,0,1,0,5.67047E+20,5.9342E+21,1.0012E+16,5.35524E+16
128575,2,1,8,123,2018,12,7,2,3,5,3,2,1,0,0,0,1,0,1,5.69902E+20,5.9352E+21,1.00554E+16,5.3561E+16
128576,2,1,12,130,2018,12,10,5,3,2,6,0,0,1,0,0,0,0,1,5.7321E+20,5.93346E+21,1.01049E+16,5.35449E+16
128577,2,5,14,522,2018,12,17,2,3,5,3,2,0,1,0,0,0,0,1,5.72809E+20,5.95127E+21,1.0103E+16,5.3705E+16
128578,2,1,19,140,2018,12,4,6,3,9,1,2,0,1,0,0,0,0,1,5.5894E+20,5.93025E+21,9.88893E+15,5.35179E+16
128579,2,1,12,130,2018,12,10,3,3,5,2,0,0,1,0,0,0,1,0,5.73759E+20,5.93455E+21,1.01134E+16,5.35547E+16
128580,2,1,16,137,2018,12,14,3,2,6,4,0,0,1,1,0,0,0,0,5.66007E+20,5.92592E+21,9.99459E+15,5.34781E+16
128581,2,7,10,711,2018,12,19,6,3,1,5,2,0,1,0,0,0,0,1,5.6323E+20,5.92484E+21,9.95255E+15,5.34688E+16
128582,2,1,16,137,2018,12,13,3,3,3,6,0,0,1,0,0,0,0,0,5.66189E+20,5.92616E+21,9.99739E+15,5.34802E+16
128583,2,7,9,710,2018,12,12,6,3,6,4,0,0,1,1,0,0,0,1,5.63429E+20,5.92341E+21,9.95525E+15,5.34559E+16
128584,2,7,9,710,2018,12,7,6,3,6,3,2,0,1,1,0,0,0,0,5.62462E+20,5.92158E+21,9.94033E+15,5.34395E+16
128585,2,1,11,128,2018,12,19,1,3,5,3,2,0,1,0,0,0,0,1,5.72331E+20,5.93334E+21,1.00916E+16,5.3544E+16
128586,2,2,8,220,2018,12,14,7,3,2,6,0,0,1,0,0,0,0,0,5.5821E+20,5.93947E+21,9.87965E+15,5.36008E+16
128587,2,6,1,601,2018,12,17,6,2,5,3,2,1,1,0,0,0,0,1,5.78583E+20,5.92741E+21,1.01844E+16,5.34898E+16
128588,2,4,2,404,2018,12,23,5,3,2,6,2,0,1,0,0,0,0,0,5.656E+20,5.93814E+21,9.99103E+15,5.3588E+16
128589,2,3,7,319,2018,12,13,5,3,0,3,0,0,1,0,0,0,1,1,5.60873E+20,5.94308E+21,9.92059E+15,5.36329E+16
128590,2,6,1,601,2018,12,18,6,3,6,4,2,0,1,1,0,0,0,1,5.79479E+20,5.92974E+21,1.01985E+16,5.35105E+16
128591,2,4,10,428,2018,12,6,3,2,4,7,2,0,1,0,0,0,0,0,5.69417E+20,5.93895E+21,1.00489E+16,5.35948E+16
128592,2,6,1,601,2018,12,10,6,3,5,2,0,0,1,0,0,0,1,1,5.80028E+20,5.92797E+21,1.02063E+16,5.34946E+16
128593,2,3,9,321,2018,12,6,3,3,4,2,1,1,1,0,0,0,0,1,5.61812E+20,5.9386E+21,9.9339E+15,5.35926E+16
128594,2,4,7,416,2018,12,16,2,2,5,3,2,1,1,0,0,0,0,0,5.67416E+20,5.93535E+21,1.00179E+16,5.35627E+16
128595,2,1,12,130,2018,12,17,6,2,4,7,2,0,1,0,0,0,1,1,5.73202E+20,5.93324E+21,1.01047E+16,5.3543E+16
128596,2,5,5,513,2018,12,7,3,3,2,6,1,0,1,0,0,0,0,0,5.72848E+20,5.93788E+21,1.01004E+16,5.35847E+16
128597,2,1,12,130,2018,12,13,6,3,1,6,0,0,1,0,0,0,0,1,5.73763E+20,5.9327E+21,1.0113E+16,5.35381E+16
128598,2,4,12,431,2018,12,7,3,3,5,3,1,1,1,0,0,0,0,0,5.67858E+20,5.94302E+21,1.00262E+16,5.36316E+16
128599,2,1,12,130,2018,12,17,6,2,6,2,2,0,1,1,0,0,0,1,5.73433E+20,5.93505E+21,1.01086E+16,5.35592E+16
128600,2,7,1,702,2018,12,13,2,3,6,7,0,0,1,1,0,0,0,0,5.65204E+20,5.92382E+21,9.98205E+15,5.34593E+16
128601,2,1,7,120,2018,12,14,6,3,4,7,0,0,1,0,0,0,1,1,5.68609E+20,5.9345E+21,1.00357E+16,5.35549E+16
128602,2,1,8,121,2018,12,13,6,3,0,7,0,0,1,0,0,0,0,0,5.6919E+20,5.9349E+21,1.00445E+16,5.35584E+16
128603,2,1,1,101,2018,12,15,1,3,4,2,0,0,1,0,0,0,0,1,5.66283E+20,5.93455E+21,1.00006E+16,5.35556E+16
128604,2,1,16,136,2018,12,7,6,3,5,2,2,0,1,0,0,0,0,1,5.67586E+20,5.93047E+21,1.00194E+16,5.35188E+16
128605,2,1,8,125,2018,12,18,6,3,5,3,2,1,1,0,0,0,0,1,5.70048E+20,5.93442E+21,1.00574E+16,5.3554E+16
128606,2,7,1,701,2018,12,17,4,3,1,6,2,0,1,0,0,0,0,0,5.64923E+20,5.92412E+21,9.97789E+15,5.34621E+16
128607,2,4,9,424,2018,12,19,4,3,2,7,2,0,1,0,0,0,0,1,5.70318E+20,5.93705E+21,1.0062E+16,5.35776E+16
128608,2,5,4,512,2018,12,19,6,2,6,4,2,0,1,0,0,0,1,1,5.752E+20,5.93639E+21,1.01356E+16,5.3571E+16
128609,2,2,4,213,2018,12,11,3,3,4,2,0,1,1,0,0,0,0,0,5.61086E+20,5.93431E+21,9.9221E+15,5.35541E+16
128610,2,5,18,526,2018,12,15,6,3,5,3,0,0,1,0,0,0,0,1,5.76043E+20,5.93807E+21,1.01487E+16,5.35859E+16
128611,2,6,1,601,2018,12,13,2,3,1,5,0,1,1,0,0,0,0,1,5.7915E+20,5.92986E+21,1.01936E+16,5.35117E+16
128612,2,5,3,510,2018,12,18,1,3,6,4,2,0,1,1,0,0,0,1,5.70517E+20,5.93637E+21,1.00649E+16,5.35714E+16
128613,2,5,18,526,2018,12,10,6,3,2,6,0,0,1,0,0,0,0,1,5.74954E+20,5.9396E+21,1.01327E+16,5.35999E+16
128614,2,5,18,526,2018,12,16,6,3,8,1,2,0,1,0,0,0,0,1,5.78812E+20,5.94016E+21,1.01911E+16,5.36043E+16
128615,2,5,11,519,2018,12,7,6,3,5,3,2,1,1,0,0,0,0,1,5.71482E+20,5.94631E+21,1.00817E+16,5.36607E+16
128616,2,4,8,420,2018,12,7,6,3,5,2,2,1,1,0,0,0,0,1,5.68323E+20,5.93725E+21,1.0032E+16,5.35796E+16
128617,2,4,10,429,2018,12,7,6,3,6,2,1,0,1,1,0,0,0,1,5.68821E+20,5.9401E+21,1.00401E+16,5.36052E+16
128618,2,5,11,519,2018,12,8,6,3,3,2,0,1,1,0,0,0,0,1,5.72566E+20,5.94577E+21,1.0098E+16,5.36556E+16
128619,2,1,3,108,2018,12,17,7,3,5,3,2,1,1,0,0,0,0,0,5.65047E+20,5.9344E+21,9.9819E+15,5.35544E+16
128620,2,5,10,518,2018,12,16,6,3,6,2,2,0,0,1,0,0,1,1,5.74254E+20,5.94455E+21,1.01233E+16,5.36444E+16
128621,2,5,17,525,2018,12,15,6,3,5,3,0,1,1,0,0,0,0,1,5.77398E+20,5.945E+21,1.01709E+16,5.3648E+16
128622,2,5,7,515,2018,12,11,4,2,3,2,0,1,0,0,0,1,0,0,5.71187E+20,5.94111E+21,1.00761E+16,5.36139E+16
128623,2,5,17,525,2018,12,17,4,3,2,6,1,0,1,0,0,0,0,0,5.76697E+20,5.94555E+21,1.01605E+16,5.36531E+16
128624,2,5,10,518,2018,12,14,2,3,5,2,0,1,1,0,0,0,0,1,5.74849E+20,5.94479E+21,1.01323E+16,5.36465E+16
128625,2,5,10,518,2018,12,13,6,3,6,4,0,0,1,1,0,0,0,1,5.73748E+20,5.94435E+21,1.01156E+16,5.36427E+16
128626,2,4,12,431,2018,12,18,6,3,6,4,2,0,1,1,0,0,0,1,5.67005E+20,5.94259E+21,1.00132E+16,5.36279E+16
128627,2,5,18,526,2018,12,15,2,3,5,3,0,0,1,0,0,0,1,1,5.761E+20,5.94169E+21,1.01505E+16,5.36185E+16
128628,2,3,4,315,2018,12,13,1,3,0,7,0,0,1,0,0,0,0,1,5.64461E+20,5.93729E+21,9.97364E+15,5.35805E+16
128629,2,4,4,407,2018,12,7,6,3,6,2,2,0,1,1,0,0,0,1,5.65808E+20,5.9397E+21,9.99449E+15,5.3602E+16
128630,2,2,3,209,2018,12,11,6,3,3,6,0,1,1,0,0,0,0,0,5.62382E+20,5.93561E+21,9.94191E+15,5.35656E+16
128631,2,1,6,118,2018,12,7,2,3,6,7,1,0,0,1,0,0,1,1,5.6868E+20,5.93396E+21,1.00366E+16,5.355E+16
128632,2,7,14,715,2018,12,7,5,3,5,3,1,1,1,0,0,0,0,1,5.56445E+20,5.92495E+21,9.85037E+15,5.34705E+16
128633,2,4,5,413,2018,12,17,2,3,2,4,2,1,0,1,0,0,0,1,5.65997E+20,5.93797E+21,9.99698E+15,5.35864E+16
128634,2,4,4,407,2018,12,7,6,2,6,2,2,0,0,1,0,0,1,1,5.67668E+20,5.94104E+21,1.00229E+16,5.36138E+16
128635,2,7,13,714,2018,12,7,3,3,5,2,2,1,0,0,0,0,1,1,5.59679E+20,5.92601E+21,9.89927E+15,5.34797E+16
128636,2,1,1,102,2018,12,17,4,3,3,6,0,1,1,0,0,0,0,0,5.65958E+20,5.93401E+21,9.99557E+15,5.35508E+16
128637,2,4,6,415,2018,12,19,6,3,0,5,2,0,1,0,0,0,1,1,5.67442E+20,5.93597E+21,1.00184E+16,5.35682E+16
128638,2,2,5,217,2018,12,23,4,3,1,2,2,0,1,0,0,0,0,1,5.58428E+20,5.93738E+21,9.88254E+15,5.3582E+16
128639,2,4,6,414,2018,12,20,6,3,5,3,2,0,1,0,0,0,0,1,5.67178E+20,5.93682E+21,1.00146E+16,5.35759E+16
128640,2,2,5,215,2018,12,21,6,3,2,6,2,0,1,0,0,0,0,1,5.6077E+20,5.93727E+21,9.9179E+15,5.35807E+16
128641,2,1,11,128,2018,12,16,2,3,4,2,2,0,1,0,0,0,0,1,5.70799E+20,5.93435E+21,1.00687E+16,5.35532E+16
128642,2,3,8,320,2018,12,9,4,3,2,6,0,0,0,0,0,1,1,0,5.59883E+20,5.93802E+21,9.90464E+15,5.35876E+16
128643,2,2,5,217,2018,12,13,4,2,5,3,0,1,1,0,0,0,0,1,5.58572E+20,5.9372E+21,9.88469E+15,5.35803E+16
128644,2,3,6,318,2018,12,10,6,3,1,6,0,0,1,0,0,0,0,1,5.64199E+20,5.94402E+21,9.97108E+15,5.3641E+16
128645,2,1,5,114,2018,12,21,5,3,5,3,2,0,1,0,0,0,0,1,5.66575E+20,5.93478E+21,1.0005E+16,5.35577E+16
128646,2,3,6,318,2018,12,9,6,3,9,1,0,0,0,0,0,0,1,1,5.62048E+20,5.94127E+21,9.93799E+15,5.36166E+16
128647,2,4,10,427,2018,12,20,2,3,6,4,2,0,1,1,0,0,0,1,5.6926E+20,5.93812E+21,1.00463E+16,5.35873E+16
128648,2,1,12,130,2018,12,16,7,3,2,6,2,0,1,0,0,0,0,1,5.73609E+20,5.935E+21,1.01112E+16,5.35587E+16
128649,2,4,2,403,2018,12,15,6,3,6,4,0,0,1,1,0,0,0,1,5.65372E+20,5.93846E+21,9.98765E+15,5.35909E+16
128650,2,1,11,129,2018,12,7,5,2,6,4,2,0,1,1,0,0,0,0,5.73429E+20,5.93547E+21,1.01087E+16,5.3563E+16
128651,2,5,6,514,2018,12,9,2,3,5,2,0,1,1,0,0,0,0,1,5.73216E+20,5.94125E+21,1.01068E+16,5.36149E+16
128652,2,5,6,514,2018,12,21,5,3,5,3,2,1,0,0,0,0,1,1,5.7321E+20,5.94124E+21,1.01067E+16,5.36149E+16
128653,2,2,4,213,2018,12,9,6,3,5,3,0,1,0,0,0,0,0,1,5.61327E+20,5.93403E+21,9.92568E+15,5.35516E+16
128654,2,1,6,116,2018,12,18,3,3,5,3,2,0,1,0,0,0,0,0,5.67678E+20,5.93336E+21,1.00214E+16,5.35448E+16
128655,2,2,3,209,2018,12,11,6,3,5,3,0,1,0,0,0,0,1,1,5.62363E+20,5.93555E+21,9.94161E+15,5.35651E+16
128656,2,5,6,514,2018,12,22,3,3,5,3,2,1,1,0,0,0,0,0,5.73866E+20,5.94042E+21,1.01164E+16,5.36074E+16
128657,2,3,3,314,2018,12,19,6,3,1,5,2,1,1,0,0,0,0,1,5.65601E+20,5.93731E+21,9.99087E+15,5.35806E+16
128658,2,5,4,512,2018,12,7,3,2,4,6,1,0,1,0,0,0,0,0,5.7445E+20,5.9363E+21,1.01243E+16,5.35703E+16
128659,2,1,5,113,2018,12,18,6,3,1,5,1,0,1,0,0,0,0,1,5.67446E+20,5.93462E+21,1.00182E+16,5.35562E+16
128660,2,1,5,113,2018,12,20,6,3,5,3,2,0,1,0,0,0,0,1,5.6781E+20,5.93432E+21,1.00236E+16,5.35533E+16
128661,2,5,18,526,2018,12,14,1,3,5,3,0,0,1,0,0,0,0,0,5.76038E+20,5.93913E+21,1.01489E+16,5.35955E+16
128662,2,3,7,319,2018,12,13,7,3,3,6,0,0,1,0,0,0,1,1,5.61448E+20,5.94443E+21,9.92955E+15,5.3645E+16
128663,2,1,18,139,2018,12,2,6,3,8,1,2,0,1,0,0,0,0,1,5.643E+20,5.93018E+21,9.96975E+15,5.35166E+16
128664,2,1,3,108,2018,12,16,5,2,3,6,2,1,0,0,0,0,1,0,5.65315E+20,5.93401E+21,9.98585E+15,5.35509E+16
128665,2,7,10,711,2018,12,7,5,3,2,6,1,0,1,0,0,0,0,1,5.61914E+20,5.92506E+21,9.93276E+15,5.34709E+16
128666,2,3,4,316,2018,12,18,2,3,2,6,2,0,1,0,1,0,0,1,5.64104E+20,5.93727E+21,9.96825E+15,5.35803E+16
128667,2,4,5,409,2018,12,18,7,3,5,3,2,1,1,0,0,0,0,1,5.66405E+20,5.93869E+21,1.00033E+16,5.35928E+16
128668,2,6,3,604,2018,12,6,5,3,1,5,2,0,1,0,0,0,0,1,5.81879E+20,5.92365E+21,1.02331E+16,5.34554E+16
128669,2,2,5,215,2018,12,17,5,3,3,2,2,1,0,0,0,0,1,0,5.60797E+20,5.93708E+21,9.91827E+15,5.3579E+16
128670,2,5,7,515,2018,12,18,5,3,5,3,2,0,1,0,0,0,0,1,5.70961E+20,5.94052E+21,1.00725E+16,5.36087E+16
128671,2,1,12,130,2018,12,7,5,3,6,4,2,0,1,1,0,0,0,1,5.73644E+20,5.93432E+21,1.01116E+16,5.35526E+16
128672,2,4,5,413,2018,12,0,3,3,0,7,2,0,1,1,0,0,0,1,5.66702E+20,5.93737E+21,1.00075E+16,5.35809E+16
128673,2,1,7,119,2018,12,7,5,3,1,6,0,0,1,0,1,0,0,1,5.68193E+20,5.93419E+21,1.00293E+16,5.35522E+16
128674,2,4,4,407,2018,12,18,3,3,5,2,2,1,1,0,0,0,0,0,5.65771E+20,5.93968E+21,9.99394E+15,5.36018E+16
128675,2,5,18,526,2018,12,13,5,3,5,3,0,1,1,0,0,0,0,1,5.76972E+20,5.93849E+21,1.01629E+16,5.35896E+16
128676,2,1,8,123,2018,12,18,2,2,4,2,2,0,1,0,0,0,0,1,5.70055E+20,5.93453E+21,1.00575E+16,5.35549E+16
128677,2,5,6,514,2018,12,16,5,2,6,4,2,0,1,1,0,0,0,1,5.75228E+20,5.94284E+21,1.01376E+16,5.36289E+16
128678,2,5,7,515,2018,12,16,5,2,6,4,2,0,1,1,0,0,0,1,5.70979E+20,5.94053E+21,1.00728E+16,5.36087E+16
128679,2,5,9,517,2018,12,14,7,2,4,2,0,1,1,0,0,0,0,0,5.72125E+20,5.94339E+21,1.00908E+16,5.36343E+16
128680,2,5,18,526,2018,12,16,6,3,6,7,2,1,0,1,0,0,0,1,5.7607E+20,5.93809E+21,1.01492E+16,5.35861E+16
128681,2,3,5,317,2018,12,17,2,3,2,6,2,0,1,0,0,0,0,1,5.63218E+20,5.93933E+21,9.95528E+15,5.3599E+16
128682,2,6,14,615,2018,12,13,2,3,2,6,0,0,1,0,0,0,0,1,5.78281E+20,5.92615E+21,1.01796E+16,5.34785E+16
128683,2,5,10,518,2018,12,21,5,3,5,3,2,0,1,0,0,0,0,1,5.73785E+20,5.94523E+21,1.01163E+16,5.36506E+16
128684,2,6,2,602,2018,12,14,4,2,6,4,0,0,0,1,1,0,0,0,5.79454E+20,5.92733E+21,1.01975E+16,5.34889E+16
128685,2,5,2,505,2018,12,21,4,3,6,4,2,0,1,1,0,0,0,1,5.70665E+20,5.93645E+21,1.00671E+16,5.35721E+16
128686,2,5,11,519,2018,12,15,5,2,5,2,0,0,1,0,0,0,0,1,5.71872E+20,5.94524E+21,1.00874E+16,5.3651E+16
128687,2,1,19,140,2018,12,12,3,3,5,3,0,0,1,0,0,0,0,1,5.61488E+20,5.93034E+21,9.92738E+15,5.35184E+16
128688,2,3,3,314,2018,12,18,5,3,2,6,2,1,1,0,0,0,0,1,5.65289E+20,5.93711E+21,9.98612E+15,5.35788E+16
128689,2,5,16,524,2018,12,9,5,3,5,3,0,0,1,0,0,0,0,1,5.7429E+20,5.94716E+21,1.01244E+16,5.36679E+16
128690,2,3,8,320,2018,12,12,3,3,0,2,0,0,1,0,0,0,0,0,5.59382E+20,5.94078E+21,9.8976E+15,5.36125E+16
128691,2,4,12,431,2018,12,18,5,3,6,4,2,0,1,1,0,0,0,1,5.67186E+20,5.94334E+21,1.00161E+16,5.36345E+16
128692,2,3,7,319,2018,12,12,3,3,5,3,0,1,1,0,0,0,0,0,5.60691E+20,5.94332E+21,9.91788E+15,5.36351E+16
128693,2,1,20,141,2018,12,0,1,3,6,2,2,0,1,1,0,0,0,1,5.58614E+20,5.93123E+21,9.88421E+15,5.35267E+16
128694,2,4,12,431,2018,12,15,5,3,3,2,0,0,1,0,1,0,0,1,5.6704E+20,5.94273E+21,1.00138E+16,5.36291E+16
128695,2,5,12,520,2018,12,15,5,3,2,6,1,0,1,0,0,0,0,1,5.68811E+20,5.94484E+21,1.0041E+16,5.36478E+16
128696,2,6,1,601,2018,12,23,6,3,8,1,2,0,1,0,0,0,0,0,5.81057E+20,5.92924E+21,1.02222E+16,5.35059E+16
128697,2,4,13,432,2018,12,13,6,3,2,6,0,0,1,0,0,0,0,1,5.67507E+20,5.94497E+21,1.00213E+16,5.36491E+16
128698,2,3,2,311,2018,12,19,2,3,2,6,2,0,1,0,0,0,0,1,5.6494E+20,5.93577E+21,9.98056E+15,5.35668E+16
128699,2,4,13,432,2018,12,19,6,3,1,5,2,0,1,0,0,0,1,1,5.67868E+20,5.94508E+21,1.00268E+16,5.36501E+16
128700,2,3,9,321,2018,12,16,5,3,4,2,2,1,1,0,0,0,0,1,5.61812E+20,5.9386E+21,9.9339E+15,5.35926E+16
128701,2,4,5,409,2018,12,15,4,3,0,7,0,1,0,0,0,0,0,0,5.65807E+20,5.93919E+21,9.99437E+15,5.35974E+16
128702,2,4,5,410,2018,12,17,4,3,5,3,2,1,1,0,0,0,0,1,5.66249E+20,5.93831E+21,1.00009E+16,5.35895E+16
128703,2,4,5,408,2018,12,5,2,3,2,6,2,0,1,0,0,0,0,1,5.66996E+20,5.9402E+21,1.00125E+16,5.36063E+16
128704,2,3,9,321,2018,12,9,5,3,6,2,0,0,1,1,0,0,0,1,5.61497E+20,5.93856E+21,9.92914E+15,5.35923E+16
128705,2,4,3,406,2018,12,5,5,3,2,6,2,0,1,0,0,0,0,1,5.64957E+20,5.94099E+21,9.98191E+15,5.36137E+16
128706,2,3,4,315,2018,12,19,5,3,0,4,2,1,0,1,0,0,0,1,5.64088E+20,5.93718E+21,9.968E+15,5.35796E+16
128707,2,5,11,519,2018,12,16,2,3,5,3,1,0,1,0,0,0,0,0,5.71277E+20,5.94657E+21,1.00787E+16,5.36631E+16
128708,2,1,4,112,2018,12,11,1,3,2,6,0,0,1,0,0,0,0,1,5.64412E+20,5.93339E+21,9.9721E+15,5.35455E+16
128709,2,3,3,314,2018,12,17,2,3,3,2,2,1,1,0,0,0,0,1,5.658E+20,5.93722E+21,9.99386E+15,5.35797E+16
128710,2,1,1,102,2018,12,5,5,3,6,4,2,0,1,1,0,0,0,1,5.6585E+20,5.93363E+21,9.99385E+15,5.35474E+16
128711,2,2,4,214,2018,12,15,6,3,1,5,0,1,1,0,0,0,0,0,5.61624E+20,5.93396E+21,9.93015E+15,5.35509E+16
128712,2,1,3,106,2018,12,19,5,3,0,1,2,0,0,0,1,0,0,1,5.64723E+20,5.93415E+21,9.97695E+15,5.35522E+16
128713,2,1,11,128,2018,12,19,2,3,5,3,2,0,1,0,0,0,0,1,5.72399E+20,5.93363E+21,1.00927E+16,5.35466E+16
128714,2,5,11,519,2018,12,19,1,3,6,4,2,0,1,1,0,0,0,1,5.71742E+20,5.9459E+21,1.00856E+16,5.36569E+16
128715,2,7,13,714,2018,12,7,4,3,0,3,1,1,1,0,0,0,0,2,5.59385E+20,5.92575E+21,9.8948E+15,5.34774E+16
128716,2,4,13,432,2018,12,15,6,3,0,3,0,1,1,0,0,0,0,0,5.67461E+20,5.94723E+21,1.00211E+16,5.36695E+16
128717,2,1,3,108,2018,12,2,2,3,3,6,2,0,0,0,1,0,1,1,5.65424E+20,5.93416E+21,9.98753E+15,5.35522E+16
128718,2,2,7,219,2018,12,23,6,3,5,2,2,0,1,0,0,0,0,1,5.6013E+20,5.93337E+21,9.90748E+15,5.35458E+16
128719,2,1,16,136,2018,12,14,4,3,5,2,0,0,1,0,0,1,0,0,5.67583E+20,5.93047E+21,1.00193E+16,5.35188E+16
128720,2,3,1,307,2018,12,17,4,3,5,3,2,1,0,0,0,0,0,0,5.63575E+20,5.93602E+21,9.96001E+15,5.35692E+16
128721,2,3,1,309,2018,12,0,4,3,1,5,2,1,1,0,0,0,0,1,5.64128E+20,5.93636E+21,9.96843E+15,5.35722E+16
128722,2,1,12,130,2018,12,8,4,3,2,6,1,0,1,0,0,0,0,1,5.74264E+20,5.93564E+21,1.01213E+16,5.35644E+16
128723,2,7,1,701,2018,12,14,4,3,5,3,0,0,1,0,0,0,0,1,5.64181E+20,5.924E+21,9.9667E+15,5.34611E+16