OBJECTID_1,ULAND,UREGBEZ,UKREIS,UGEMEINDE,UJAHR,UMONAT,USTUNDE,UWOCHENTAG,UKATEGORIE,UART,UTYP1,ULICHTVERH,IstRad,IstPKW,IstFuss,IstKrad,IstGkfz,IstSonstig,STRZUSTAND,LINREFX,LINREFY,XGCSWGS84,YGCSWGS84
129282,3,3,59,38,2018,1,19,2,3,4,6,2,0,1,0,0,0,0,1,5.29157E+20,5.93875E+21,9.44056E+15,5.35968E+16
129283,3,1,53,7,2018,1,17,6,3,0,1,2,1,1,0,0,0,0,0,5.91941E+20,5.75495E+21,1.03374E+16,5.19376E+16
129284,3,3,55,22,2018,1,11,2,3,5,3,0,1,0,0,0,0,0,0,5.94113E+20,5.90097E+21,1.04106E+16,5.32496E+16
129285,3,2,41,1,2018,1,6,3,3,1,7,2,1,1,0,0,0,0,1,5.46384E+20,5.80658E+21,9.68187E+15,5.24075E+16
129286,3,3,58,19,2018,1,0,7,3,9,1,2,0,1,0,0,0,0,2,5.53933E+20,5.88632E+21,9.80595E+15,5.31236E+16
129287,3,3,55,22,2018,1,7,2,3,5,3,2,0,1,0,1,0,0,2,5.94386E+20,5.90076E+21,1.04146E+16,5.32477E+16
129288,3,2,41,1,2018,1,17,2,3,4,2,2,1,1,0,0,0,0,0,5.49793E+20,5.80639E+21,9.73194E+15,5.24055E+16
129289,3,4,54,32,2018,1,7,5,3,5,3,2,1,1,0,0,0,0,1,3.86032E+20,5.81871E+21,7.3208E+15,5.25066E+16
129290,3,2,54,2,2018,1,9,4,2,6,7,0,0,1,1,0,0,0,1,5.57165E+20,5.75991E+21,9.83245E+15,5.19869E+16
129291,3,2,52,3,2018,1,17,2,3,3,6,2,1,1,0,0,0,0,1,5.17304E+20,5.76001E+21,9.252E+15,5.19905E+16
129292,3,2,57,9,2018,1,7,3,3,0,4,2,0,1,1,0,0,0,2,5.03415E+20,5.78996E+21,9.05003E+15,5.22601E+16
129293,3,4,4,0,2018,1,8,6,3,2,6,1,0,1,0,0,0,0,0,4.35378E+20,5.79206E+21,8.05286E+15,5.22751E+16
129294,3,3,55,22,2018,1,13,6,3,2,6,0,0,1,0,0,1,0,1,5.93372E+20,5.89894E+21,1.03989E+16,5.32315E+16
129295,3,2,41,1,2018,1,17,2,3,0,6,2,1,1,0,0,0,0,0,5.50429E+20,5.80332E+21,9.74083E+15,5.23778E+16
129296,3,2,41,5,2018,1,18,2,3,2,2,2,0,1,0,0,0,0,0,5.4196E+20,5.80869E+21,9.61709E+15,5.24268E+16
129297,3,2,41,1,2018,1,18,2,3,6,4,2,0,1,1,0,0,0,1,5.47266E+20,5.8019E+21,9.69418E+15,5.23653E+16
129298,3,4,59,19,2018,1,16,3,3,5,3,1,0,1,0,0,0,0,1,4.36179E+20,5.78545E+21,8.06585E+15,5.22158E+16
129299,3,1,51,9,2018,1,11,2,3,0,3,0,0,1,0,0,0,0,1,6.03219E+20,5.81621E+21,1.05201E+16,5.24863E+16
129300,3,1,58,37,2018,1,9,3,3,2,6,0,0,1,0,0,0,0,1,6.04423E+20,5.78034E+21,1.05267E+16,5.21636E+16
129301,3,4,54,49,2018,1,7,6,3,4,2,2,1,1,0,0,0,0,1,3.96021E+20,5.80268E+21,7.47291E+15,5.23646E+16
129302,3,2,41,5,2018,1,8,6,3,0,1,1,1,0,0,0,0,0,2,5.39678E+20,5.80748E+21,9.5834E+15,5.24161E+16
129303,3,2,41,1,2018,1,17,2,3,6,4,2,0,1,1,0,0,0,1,5.5392E+20,5.79827E+21,9.79131E+15,5.23321E+16
129304,3,4,54,45,2018,1,16,4,3,2,2,0,0,1,0,0,0,0,1,3.88576E+20,5.79747E+21,7.36534E+15,5.23163E+16
129305,3,4,53,1,2018,1,17,5,2,6,6,2,0,1,1,0,0,0,1,4.15849E+20,5.89068E+21,7.74143E+15,5.31589E+16
129306,3,1,3,0,2018,1,12,6,3,8,1,0,0,1,0,0,0,0,1,6.21295E+20,5.80889E+21,1.07835E+16,5.24167E+16
129307,3,2,41,1,2018,1,10,2,3,5,3,0,1,1,0,0,0,0,0,5.5102E+20,5.804E+21,9.74962E+15,5.23839E+16
129308,3,4,5,0,2018,1,16,3,3,6,4,0,0,1,1,0,0,0,1,4.39431E+20,5.9334E+21,8.08588E+15,5.3546E+16
129309,3,4,54,41,2018,1,15,7,3,5,3,0,1,1,0,0,0,0,1,3.92236E+20,5.88258E+21,7.39113E+15,5.30818E+16
129310,3,2,56,32,2018,1,8,2,2,0,3,1,0,1,1,0,0,0,0,5.05138E+20,5.81823E+21,9.07571E+15,5.25142E+16
129311,3,4,57,13,2018,1,10,3,3,5,2,0,1,1,0,0,0,0,1,3.97185E+20,5.8994E+21,7.45957E+15,5.3234E+16
129312,3,4,58,13,2018,1,20,1,3,2,7,2,0,1,0,0,0,0,0,4.47181E+20,5.87417E+21,8.21269E+15,5.30145E+16
129313,3,2,57,18,2018,1,1,2,3,0,7,2,0,0,0,1,0,0,0,5.2502E+20,5.79159E+21,9.3667E+15,5.22741E+16
129314,3,2,55,23,2018,1,18,2,3,5,3,2,0,1,0,0,0,0,1,5.32003E+20,5.74355E+21,9.46454E+15,5.18418E+16
129315,3,2,41,2,2018,1,6,6,2,4,1,2,0,1,0,0,0,1,2,5.32375E+20,5.79612E+21,9.47493E+15,5.23145E+16
129316,3,1,3,0,2018,1,17,2,3,5,3,2,0,1,0,0,0,0,1,6.15036E+20,5.80637E+21,1.06907E+16,5.23955E+16
129317,3,4,3,0,2018,1,17,4,3,5,3,2,0,1,0,0,0,0,1,4.45752E+20,5.88961E+21,8.18878E+15,5.31531E+16
129318,3,4,53,8,2018,1,6,5,3,8,1,2,0,1,0,0,0,0,1,4.31792E+20,5.86977E+21,7.98426E+15,5.29732E+16
129319,3,4,3,0,2018,1,7,2,3,5,3,2,1,1,0,0,0,0,1,4.48884E+20,5.88642E+21,8.23612E+15,5.31248E+16
129320,3,1,2,0,2018,1,9,2,3,5,3,0,1,1,0,0,0,0,0,5.90558E+20,5.77979E+21,1.03239E+16,5.21611E+16
129321,3,4,1,0,2018,1,18,3,3,1,5,2,0,1,0,0,0,0,1,4.76482E+20,5.8765E+21,8.64925E+15,5.30375E+16
129322,3,4,4,0,2018,1,10,5,3,4,2,0,0,1,0,0,0,0,0,4.35211E+20,5.79196E+21,8.05043E+15,5.22742E+16
129323,3,4,55,15,2018,1,8,7,3,6,4,0,0,1,1,0,0,0,0,4.30243E+20,5.93295E+21,7.94735E+15,5.35408E+16
129324,3,4,59,23,2018,1,10,1,3,0,1,0,1,0,0,0,0,0,0,4.20676E+20,5.82662E+21,7.82921E+15,5.25838E+16
129325,3,4,60,9,2018,1,17,5,3,6,4,2,0,1,1,0,0,0,1,4.51795E+20,5.84261E+21,8.28612E+15,5.27312E+16
129326,3,4,53,4,2018,1,18,1,3,0,7,2,0,1,0,0,0,0,1,4.37286E+20,5.85531E+21,8.06885E+15,5.28439E+16
129327,3,4,53,11,2018,1,19,1,3,9,1,2,0,1,0,0,0,0,0,4.17534E+20,5.844E+21,7.7785E+15,5.27396E+16
129328,3,4,5,0,2018,1,17,1,3,6,4,2,0,1,1,0,0,0,0,4.40825E+20,5.93074E+21,8.10743E+15,5.35222E+16
129329,3,3,51,26,2018,1,14,1,3,6,3,0,0,1,1,0,0,0,1,5.73097E+20,5.85537E+21,1.00853E+16,5.28431E+16
129330,3,2,41,1,2018,1,22,4,2,0,1,2,1,0,0,0,0,0,1,5.4878E+20,5.79894E+21,9.71597E+15,5.23386E+16
129331,3,4,53,4,2018,1,8,5,3,5,2,1,1,1,0,0,0,0,1,4.37552E+20,5.85461E+21,8.07293E+15,5.28376E+16
129332,3,2,41,1,2018,1,19,2,3,0,1,2,1,0,0,0,0,0,1,5.5206E+20,5.80081E+21,9.76441E+15,5.23551E+16
129333,3,2,41,1,2018,1,9,1,2,0,7,0,1,0,0,0,0,0,0,5.49243E+20,5.79936E+21,9.72283E+15,5.23424E+16
129334,3,2,41,1,2018,1,17,3,3,6,2,2,0,1,1,0,0,0,1,5.50392E+20,5.80223E+21,9.74013E+15,5.2368E+16
129335,3,2,41,1,2018,1,15,7,3,5,3,0,1,1,0,0,0,0,1,5.51869E+20,5.805E+21,9.76224E+15,5.23928E+16
129336,3,2,57,31,2018,1,14,1,2,6,4,0,0,1,1,0,0,0,0,5.06584E+20,5.78402E+21,9.09635E+15,5.22066E+16
129337,3,4,55,15,2018,1,9,5,3,5,3,0,0,1,0,0,0,0,2,4.30435E+20,5.9333E+21,7.95017E+15,5.3544E+16
129338,3,2,56,21,2018,1,1,1,3,4,1,2,0,1,0,0,0,0,0,5.073E+20,5.83433E+21,9.10792E+15,5.26589E+16
129339,3,2,52,6,2018,1,7,4,3,4,2,1,0,1,0,1,0,0,1,5.25113E+20,5.77404E+21,9.36676E+15,5.21163E+16
129340,3,4,5,0,2018,1,7,5,3,5,3,1,1,1,0,0,0,0,1,4.39031E+20,5.93205E+21,8.08012E+15,5.35338E+16
129341,3,1,2,0,2018,1,15,2,3,6,4,0,0,1,1,0,0,0,1,5.89829E+20,5.76626E+21,1.03097E+16,5.20396E+16
129342,3,2,54,21,2018,1,19,3,3,0,7,2,0,0,0,1,0,0,1,5.64909E+20,5.77821E+21,9.94869E+15,5.21506E+16
129343,3,2,41,1,2018,1,12,4,3,0,7,0,0,1,0,0,0,1,1,5.50806E+20,5.80281E+21,9.74629E+15,5.23732E+16
129344,3,2,41,1,2018,1,13,2,3,6,4,0,0,1,1,0,0,0,1,5.51911E+20,5.80098E+21,9.76224E+15,5.23567E+16
129345,3,2,41,1,2018,1,14,3,2,5,3,0,1,1,0,0,0,0,1,5.50044E+20,5.80213E+21,9.735E+15,5.23672E+16
129346,3,1,1,0,2018,1,5,7,2,6,4,2,0,0,1,0,1,0,1,6.02133E+20,5.79036E+21,1.04962E+16,5.22541E+16
129347,3,4,1,0,2018,1,13,6,3,5,3,0,0,1,0,0,0,0,0,4.77288E+20,5.87514E+21,8.66138E+15,5.30254E+16
129348,3,2,54,21,2018,1,18,1,2,6,2,2,0,1,1,0,0,0,0,5.63959E+20,5.7805E+21,9.93525E+15,5.21713E+16
129349,3,4,5,0,2018,1,8,5,3,6,4,2,0,1,1,0,0,0,1,4.41963E+20,5.93103E+21,8.12453E+15,5.3525E+16
129350,3,1,3,0,2018,1,2,1,3,5,3,2,0,1,0,0,0,0,0,6.21868E+20,5.81012E+21,1.07924E+16,5.24277E+16
129351,3,4,4,0,2018,1,23,3,3,0,1,2,1,0,0,0,0,0,1,4.36694E+20,5.79179E+21,8.07219E+15,5.22728E+16
129352,3,4,4,0,2018,1,19,1,2,3,5,2,1,1,0,0,0,0,1,4.34675E+20,5.79029E+21,8.0429E+15,5.22591E+16
129353,3,1,1,0,2018,1,3,1,2,5,3,2,0,1,0,0,0,0,0,6.03535E+20,5.7908E+21,1.05169E+16,5.22578E+16
129354,3,4,59,24,2018,1,10,7,3,0,1,0,1,0,0,0,0,0,0,4.54641E+20,5.78412E+21,8.33623E+15,5.22057E+16
129355,3,3,56,7,2018,1,6,6,3,0,1,2,1,0,0,0,0,0,2,4.85454E+20,5.89715E+21,8.78212E+15,5.32235E+16
129356,3,2,41,3,2018,1,20,6,3,2,6,2,0,1,0,0,0,0,1,5.69346E+20,5.81008E+21,1.00201E+16,5.24365E+16
129357,3,4,56,1,2018,1,1,7,3,0,7,2,0,1,0,0,0,0,1,3.74963E+20,5.79598E+21,7.16629E+15,5.22999E+16
129358,3,4,54,47,2018,1,11,6,3,5,2,0,1,1,0,0,0,0,1,4.00324E+20,5.85562E+21,7.52013E+15,5.28411E+16
129359,3,2,41,1,2018,1,8,6,3,6,4,1,0,1,1,0,0,0,1,5.48651E+20,5.80219E+21,9.71455E+15,5.23678E+16
129360,3,4,56,15,2018,1,15,7,3,6,6,0,0,0,1,0,0,1,0,3.66701E+20,5.81094E+21,7.03926E+15,5.24324E+16
129361,3,1,1,0,2018,1,13,5,3,6,4,0,0,1,1,0,0,0,1,6.03734E+20,5.79177E+21,1.05201E+16,5.22665E+16
129362,3,3,56,5,2018,1,7,5,3,6,4,2,0,1,1,0,0,0,1,4.95497E+20,5.89032E+21,8.93265E+15,5.31622E+16
129363,3,4,54,12,2018,1,11,7,3,5,7,0,0,1,0,1,0,0,0,4.00984E+20,5.81713E+21,7.54148E+15,5.24953E+16
129364,3,4,56,15,2018,1,15,3,3,5,3,0,0,1,0,0,0,0,1,3.6901E+20,5.81047E+21,7.07337E+15,5.24288E+16
129365,3,2,41,1,2018,1,19,1,3,1,5,2,0,1,0,0,0,0,0,5.49885E+20,5.80459E+21,9.73304E+15,5.23893E+16
129366,3,4,54,45,2018,1,19,7,3,9,1,2,0,1,0,0,0,0,1,3.86045E+20,5.79587E+21,7.32876E+15,5.23013E+16
129367,3,4,54,32,2018,1,11,7,3,5,3,0,1,1,0,0,0,0,0,3.84791E+20,5.82032E+21,7.30197E+15,5.25208E+16
129368,3,2,41,1,2018,1,7,6,3,6,4,2,0,1,1,0,0,0,2,5.45445E+20,5.80745E+21,9.66818E+15,5.24154E+16
129369,3,4,53,7,2018,1,17,7,3,4,2,2,0,1,0,0,0,0,1,4.22973E+20,5.87517E+21,7.85167E+15,5.30205E+16
129370,3,4,61,7,2018,1,17,4,1,6,7,2,0,1,1,0,0,0,1,4.65196E+20,5.92514E+21,8.47563E+15,5.34741E+16
129371,3,4,3,0,2018,1,12,5,3,5,2,0,1,1,0,0,0,0,1,4.47465E+20,5.88888E+21,8.21452E+15,5.31467E+16
129372,3,4,1,0,2018,1,7,2,2,5,2,1,1,1,0,0,0,0,1,4.7732E+20,5.87594E+21,8.66179E+15,5.30325E+16
129373,3,4,53,7,2018,1,15,7,3,6,7,0,0,1,1,0,0,0,0,4.23227E+20,5.875E+21,7.85549E+15,5.3019E+16
129374,3,3,60,25,2018,1,7,3,3,5,3,2,1,1,0,0,0,0,1,6.0324E+20,5.8694E+21,1.05371E+16,5.29643E+16
129375,3,4,60,9,2018,1,11,4,3,5,3,0,0,1,0,0,0,0,1,4.52472E+20,5.83997E+21,8.29653E+15,5.27075E+16
129376,3,2,51,37,2018,1,22,5,3,8,1,2,0,1,0,0,0,0,1,4.80159E+20,5.87021E+21,8.70447E+15,5.29811E+16
129377,3,4,55,7,2018,1,10,7,3,8,1,0,1,0,0,0,0,0,0,4.2735E+20,5.93635E+21,7.9029E+15,5.3571E+16
129378,3,4,51,7,2018,1,12,3,3,5,3,0,1,1,0,0,0,0,1,4.28473E+20,5.90114E+21,7.92785E+15,5.32547E+16
129379,3,4,60,2,2018,1,17,7,3,6,2,2,0,1,1,0,0,0,0,4.44637E+20,5.8183E+21,8.18421E+15,5.2512E+16
129380,3,4,5,0,2018,1,15,7,3,2,2,0,0,1,0,0,0,0,0,4.40132E+20,5.93205E+21,8.09673E+15,5.35339E+16
129381,3,3,59,10,2018,1,19,7,3,0,1,2,0,1,0,0,0,0,0,5.458E+20,5.92624E+21,9.69019E+15,5.34831E+16
129382,3,3,53,40,2018,1,11,5,3,5,3,0,0,1,0,0,0,0,2,5.81194E+20,5.91007E+21,1.02193E+16,5.33335E+16
129383,3,3,57,51,2018,1,2,7,1,1,1,2,0,1,0,0,0,1,1,5.39159E+20,5.87161E+21,9.58341E+15,5.29926E+16
129384,3,2,41,1,2018,1,15,4,3,2,6,0,0,1,0,0,0,0,1,5.48848E+20,5.80371E+21,9.71767E+15,5.23815E+16
129385,3,3,59,10,2018,1,8,5,3,6,4,2,1,0,1,0,0,0,1,5.45164E+20,5.92443E+21,9.68034E+15,5.3467E+16
129386,3,2,41,1,2018,1,15,2,3,2,6,0,0,1,0,0,0,0,1,5.53761E+20,5.80674E+21,9.79033E+15,5.24082E+16
129387,3,4,57,13,2018,1,7,5,3,0,2,2,1,1,0,0,0,0,2,3.96789E+20,5.89953E+21,7.4536E+15,5.3235E+16
129388,3,3,57,39,2018,1,18,7,2,9,1,2,0,1,0,0,0,0,0,5.20743E+20,5.89145E+21,9.31033E+15,5.3172E+16
129389,3,2,41,5,2018,1,16,3,3,2,6,0,0,1,0,0,0,1,1,5.40297E+20,5.80804E+21,9.59256E+15,5.24211E+16
129390,3,2,56,36,2018,1,17,7,2,0,7,2,0,1,0,0,0,0,1,5.06828E+20,5.83953E+21,9.10106E+15,5.27056E+16
129391,3,3,60,2,2018,1,12,7,3,6,4,0,0,1,1,0,0,0,0,6.05734E+20,5.88221E+21,1.05785E+16,5.30789E+16
129392,3,3,51,6,2018,1,7,5,3,2,6,1,1,1,0,0,0,0,1,5.72755E+20,5.82943E+21,1.00745E+16,5.261E+16
129393,3,3,58,22,2018,1,5,7,3,6,4,2,0,1,1,0,0,0,2,5.38902E+20,5.85655E+21,9.57777E+15,5.28573E+16
129394,3,3,55,22,2018,1,18,7,3,5,3,2,1,1,0,0,0,0,0,5.93419E+20,5.89988E+21,1.03998E+16,5.324E+16
129395,3,2,41,1,2018,1,7,5,3,5,3,2,1,1,0,0,0,0,1,5.53138E+20,5.80625E+21,9.78109E+15,5.24039E+16
129396,3,2,41,1,2018,1,21,7,3,2,2,2,0,1,0,0,0,0,0,5.51473E+20,5.80476E+21,9.75639E+15,5.23907E+16
129397,3,1,55,13,2018,1,9,4,3,2,6,0,0,1,0,0,0,0,2,5.60014E+20,5.74163E+21,9.87076E+15,5.18223E+16
129398,3,2,41,6,2018,1,7,5,3,5,2,2,1,1,0,0,0,0,1,5.41414E+20,5.79518E+21,9.60741E+15,5.23054E+16
129399,3,2,55,23,2018,1,11,2,3,5,2,0,0,1,0,1,0,0,1,5.32211E+20,5.74321E+21,9.46753E+15,5.18387E+16
129400,3,2,57,35,2018,1,19,3,2,8,1,2,0,0,0,1,0,0,1,5.1241E+20,5.79707E+21,9.18208E+15,5.23238E+16
129401,3,4,4,0,2018,1,8,6,3,5,2,1,1,1,0,0,0,0,1,4.33354E+20,5.7914E+21,8.02332E+15,5.22689E+16
129402,3,1,54,28,2018,1,17,6,3,6,4,2,0,1,1,0,0,0,1,6.3804E+20,5.78183E+21,1.10185E+16,5.21696E+16
129403,3,3,55,22,2018,1,16,6,3,6,4,0,0,1,1,0,0,0,0,5.9443E+20,5.90135E+21,1.04154E+16,5.3253E+16
129404,3,2,41,1,2018,1,16,7,2,0,1,0,1,0,0,0,0,0,0,5.51999E+20,5.79963E+21,9.76332E+15,5.23445E+16
129405,3,2,41,11,2018,1,8,5,3,5,2,1,1,1,0,0,0,0,1,5.65068E+20,5.8013E+21,9.95547E+15,5.23581E+16
129406,3,2,41,1,2018,1,8,7,3,5,2,0,0,1,0,0,0,0,1,5.54827E+20,5.79811E+21,9.80459E+15,5.23305E+16
129407,3,4,57,13,2018,1,17,3,3,2,6,1,0,1,0,1,0,0,1,3.97198E+20,5.90013E+21,7.45954E+15,5.32404E+16
129408,3,2,41,1,2018,1,11,5,3,5,3,0,0,1,0,0,0,0,1,5.46956E+20,5.80005E+21,9.68935E+15,5.23487E+16
129409,3,4,54,35,2018,1,15,1,3,5,3,0,1,1,0,0,0,0,0,3.82953E+20,5.84045E+21,7.26776E+15,5.27013E+16
129410,3,2,56,29,2018,1,0,7,3,5,2,2,1,1,0,0,0,0,0,5.26851E+20,5.83405E+21,9.39695E+15,5.26557E+16
129411,3,4,59,19,2018,1,20,3,3,4,6,2,0,1,0,1,0,0,1,4.35078E+20,5.78354E+21,8.0501E+15,5.21985E+16
129412,3,1,55,11,2018,1,13,5,3,4,7,0,0,1,0,0,1,0,0,5.68129E+20,5.72986E+21,9.98618E+15,5.17155E+16
129413,3,1,53,2,2018,1,11,2,3,5,3,0,1,1,0,0,0,0,1,6.08557E+20,5.74943E+21,1.05773E+16,5.18851E+16
129414,3,1,3,0,2018,1,8,3,3,6,4,1,0,1,1,0,0,0,1,6.1833E+20,5.80661E+21,1.07391E+16,5.23969E+16
129415,3,4,54,32,2018,1,12,6,3,6,7,0,0,1,1,0,0,0,0,3.87744E+20,5.82322E+21,7.34449E+15,5.25475E+16
129416,3,2,41,2,2018,1,7,6,3,2,6,1,0,1,0,0,0,0,2,5.31702E+20,5.79516E+21,9.46497E+15,5.23059E+16
129417,3,1,59,10,2018,1,20,7,3,2,6,2,0,1,0,0,0,0,0,5.90765E+20,5.70803E+21,1.03081E+16,5.15161E+16
129418,3,4,56,15,2018,1,7,4,2,8,1,1,0,1,0,0,0,0,2,3.71845E+20,5.80821E+21,7.11592E+15,5.24091E+16
129419,3,2,52,3,2018,1,13,5,2,0,7,0,0,1,0,0,0,0,1,5.19144E+20,5.75856E+21,9.27873E+15,5.19773E+16
129420,3,1,1,0,2018,1,13,7,3,5,3,0,1,1,0,0,0,0,1,6.03268E+20,5.7919E+21,1.05133E+16,5.22678E+16
129421,3,4,5,0,2018,1,18,3,3,5,3,2,1,1,0,0,0,0,1,4.42071E+20,5.93159E+21,8.12606E+15,5.353E+16
129422,3,2,41,1,2018,1,21,1,3,6,4,2,0,1,1,0,0,0,0,5.50266E+20,5.80517E+21,9.73872E+15,5.23944E+16
129423,3,1,1,0,2018,1,10,7,3,5,2,0,1,1,0,0,0,0,0,6.03653E+20,5.79318E+21,1.05194E+16,5.22792E+16
129424,3,4,59,33,2018,1,9,6,3,6,4,0,0,1,1,0,0,0,1,4.32759E+20,5.80061E+21,8.01276E+15,5.23517E+16
129425,3,1,59,35,2018,1,8,6,3,1,7,0,0,1,0,0,0,0,2,5.73727E+20,5.71254E+21,1.00635E+16,5.15591E+16
129426,3,4,59,31,2018,1,15,6,3,5,3,0,0,1,0,0,0,1,1,4.31078E+20,5.81477E+21,7.98517E+15,5.24788E+16
129427,3,4,4,0,2018,1,13,6,3,2,6,0,0,1,0,0,0,0,1,4.35406E+20,5.7912E+21,8.05343E+15,5.22673E+16
129428,3,2,41,1,2018,1,9,6,3,5,2,0,1,0,0,0,0,0,1,5.48447E+20,5.80115E+21,9.71141E+15,5.23585E+16
129429,3,4,4,0,2018,1,15,6,3,3,6,0,1,0,0,0,0,0,1,4.34725E+20,5.79173E+21,8.04335E+15,5.2272E+16
129430,3,4,3,0,2018,1,16,4,3,2,2,2,0,1,0,0,0,0,1,4.48202E+20,5.89311E+21,8.22485E+15,5.31848E+16
129431,3,1,59,16,2018,1,17,5,3,6,2,2,0,1,1,0,0,0,1,5.66203E+20,5.70888E+21,9.95434E+15,5.15272E+16
129432,3,4,3,0,2018,1,7,2,2,5,3,2,1,1,0,0,0,0,1,4.47364E+20,5.89063E+21,8.21271E+15,5.31624E+16
129433,3,4,57,14,2018,1,7,6,3,5,2,2,1,1,0,0,0,0,1,3.9915E+20,5.90791E+21,7.48631E+15,5.33108E+16
129434,3,4,3,0,2018,1,16,3,3,2,2,1,0,1,0,0,0,0,1,4.48518E+20,5.8919E+21,8.22977E+15,5.3174E+16
129435,3,4,4,0,2018,1,11,5,2,5,3,0,0,1,0,1,0,0,0,4.32857E+20,5.79347E+21,8.01562E+15,5.22875E+16
129436,3,4,60,6,2018,1,17,7,3,8,1,2,0,1,0,0,0,0,0,4.4662E+20,5.83352E+21,8.21097E+15,5.2649E+16
129437,3,4,54,41,2018,1,7,6,3,0,6,2,0,1,0,1,0,0,1,3.96929E+20,5.87862E+21,7.46243E+15,5.30472E+16
129438,3,4,56,15,2018,1,18,6,3,0,7,1,1,1,0,0,0,0,0,3.6862E+20,5.80819E+21,7.06854E+15,5.24081E+16
129439,3,1,53,17,2018,1,16,5,3,5,5,1,0,1,0,0,0,0,1,5.98661E+20,5.75413E+21,1.04349E+16,5.19291E+16
129440,3,4,54,35,2018,1,22,6,3,0,5,1,1,1,0,0,0,0,0,3.84208E+20,5.83835E+21,7.28707E+15,5.26827E+16
129441,3,2,41,1,2018,1,15,4,3,5,2,0,1,1,0,0,0,0,1,5.51581E+20,5.80536E+21,9.75807E+15,5.2396E+16
129442,3,1,1,0,2018,1,17,5,3,5,3,2,0,1,0,0,0,0,1,6.01043E+20,5.78999E+21,1.04802E+16,5.2251E+16
129443,3,2,41,1,2018,1,18,2,2,6,2,2,0,1,1,0,0,0,1,5.48464E+20,5.80252E+21,9.71185E+15,5.23708E+16
129444,3,4,54,32,2018,1,14,6,3,2,6,0,0,1,0,1,0,0,0,3.85428E+20,5.82054E+21,7.31128E+15,5.25229E+16
129445,3,3,55,22,2018,1,5,4,3,5,3,2,1,1,0,0,0,0,1,5.94859E+20,5.90114E+21,1.04218E+16,5.3251E+16
129446,3,3,55,22,2018,1,13,2,3,6,4,0,0,1,1,0,0,0,0,5.96498E+20,5.90042E+21,1.04461E+16,5.32443E+16
129447,3,4,54,32,2018,1,7,6,3,5,3,2,1,1,0,0,0,0,1,3.86986E+20,5.82162E+21,7.33386E+15,5.25329E+16
129448,3,2,41,1,2018,1,5,3,3,5,3,2,1,1,0,0,0,0,1,5.46116E+20,5.80529E+21,9.67776E+15,5.23959E+16
129449,3,2,41,1,2018,1,13,7,3,2,5,0,0,1,0,1,0,0,1,5.49379E+20,5.80083E+21,9.72504E+15,5.23556E+16
129450,3,4,5,0,2018,1,17,6,2,6,4,2,0,1,1,0,0,0,0,4.42612E+20,5.93194E+21,8.13415E+15,5.35333E+16
129451,3,2,51,42,2018,1,17,6,3,5,3,2,1,1,0,0,0,0,0,4.75143E+20,5.84925E+21,8.63137E+15,5.27925E+16
129452,3,2,52,7,2018,1,18,4,3,6,2,2,0,1,1,0,0,0,1,5.16122E+20,5.7802E+21,9.23575E+15,5.21721E+16
129453,3,1,3,0,2018,1,18,2,3,6,4,1,0,1,1,0,0,0,1,6.19763E+20,5.80924E+21,1.07611E+16,5.24203E+16
129454,3,2,54,22,2018,1,16,3,2,4,1,0,0,1,0,0,0,0,2,5.78548E+20,5.77146E+21,1.01464E+16,5.20881E+16
129455,3,4,57,22,2018,1,8,6,3,8,1,0,0,1,0,0,0,0,2,3.97859E+20,5.88538E+21,7.47415E+15,5.31081E+16
129456,3,2,41,1,2018,1,13,6,3,2,6,0,0,1,0,0,0,0,1,5.47475E+20,5.80198E+21,9.69725E+15,5.2366E+16
129457,3,2,41,1,2018,1,15,3,3,5,3,0,1,1,0,0,0,0,0,5.49197E+20,5.80435E+21,9.72288E+15,5.23872E+16
129458,3,1,3,0,2018,1,6,7,3,0,1,2,0,0,0,0,0,1,2,6.21295E+20,5.80889E+21,1.07835E+16,5.24167E+16
129459,3,2,51,21,2018,1,6,6,3,8,1,2,0,1,0,0,0,0,2,4.86175E+20,5.82772E+21,8.79589E+15,5.25993E+16
129460,3,2,51,12,2018,1,15,6,3,5,3,0,1,1,0,0,0,0,0,4.58146E+20,5.83006E+21,8.38176E+15,5.26189E+16
129461,3,3,52,11,2018,1,13,6,3,5,3,0,0,1,0,0,0,0,1,4.78982E+20,5.96891E+21,8.68036E+15,5.38682E+16
129462,3,4,4,0,2018,1,22,3,3,8,1,2,0,1,0,0,0,0,2,4.37052E+20,5.78959E+21,8.07785E+15,5.22531E+16
129463,3,1,1,0,2018,1,17,2,2,6,4,2,0,1,1,0,0,0,1,6.0358E+20,5.79524E+21,1.05189E+16,5.22977E+16
129464,3,1,51,9,2018,1,11,3,3,6,4,0,0,0,1,1,0,0,1,6.0449E+20,5.81608E+21,1.05388E+16,5.24849E+16
129465,3,4,5,0,2018,1,15,6,3,5,3,0,0,1,0,0,0,0,1,4.41222E+20,5.93149E+21,8.11327E+15,5.3529E+16
129466,3,2,41,18,2018,1,6,6,3,5,3,2,1,1,0,0,0,0,1,5.80009E+20,5.80724E+21,1.01762E+16,5.24095E+16
129467,3,3,53,29,2018,1,14,6,3,0,7,0,0,0,0,0,1,1,1,5.61922E+20,5.91409E+21,9.93073E+15,5.33723E+16
129468,3,4,53,13,2018,1,12,4,3,8,1,0,0,0,0,0,0,1,1,4.0968E+20,5.89306E+21,7.64852E+15,5.31792E+16
129469,3,1,58,6,2018,1,12,6,3,6,2,0,0,1,1,0,0,0,0,6.10415E+20,5.79282E+21,1.06183E+16,5.22747E+16
129470,3,3,59,38,2018,1,16,6,3,2,6,0,0,1,0,0,0,0,1,5.28024E+20,5.93855E+21,9.42342E+15,5.3595E+16