OBJECTID_1,ULAND,UREGBEZ,UKREIS,UGEMEINDE,UJAHR,UMONAT,USTUNDE,UWOCHENTAG,UKATEGORIE,UART,UTYP1,ULICHTVERH,IstRad,IstPKW,IstFuss,IstKrad,IstGkfz,IstSonstig,STRZUSTAND,LINREFX,LINREFY,XGCSWGS84,YGCSWGS84
129659,3,2,51,42,2018,1,19,3,3,5,3,2,1,1,0,0,0,0,1,4.75761E+20,5.84936E+21,8.64053E+15,5.27935E+16
129660,3,1,53,17,2018,1,16,7,3,5,3,0,0,1,0,1,0,0,0,6.08106E+20,5.75698E+21,1.05731E+16,5.1953E+16
129661,3,4,53,4,2018,1,14,2,3,2,6,0,0,1,0,0,0,1,1,4.36194E+20,5.85611E+21,8.05249E+15,5.28509E+16
129662,3,4,56,15,2018,1,9,5,3,5,3,0,1,1,0,0,0,0,0,3.68827E+20,5.80932E+21,7.07114E+15,5.24183E+16
129663,3,1,53,17,2018,2,22,5,3,5,3,2,0,1,0,0,0,0,1,5.98561E+20,5.75175E+21,1.04328E+16,5.19078E+16
129664,3,4,5,0,2018,1,14,2,3,5,3,0,0,1,0,0,0,0,1,4.42014E+20,5.93109E+21,8.12529E+15,5.35255E+16
129665,3,4,1,0,2018,1,18,3,3,6,2,2,0,1,1,0,0,0,1,4.76778E+20,5.87585E+21,8.65373E+15,5.30317E+16
129666,3,4,61,2,2018,1,15,3,3,5,3,0,1,1,0,0,0,0,0,4.64919E+20,5.90893E+21,8.47326E+15,5.33284E+16
129667,3,1,3,0,2018,1,6,6,3,5,3,2,1,1,0,0,0,0,1,6.21221E+20,5.81172E+21,1.07835E+16,5.24422E+16
129668,3,1,59,16,2018,2,9,5,3,0,1,0,1,0,0,0,0,0,2,5.63592E+20,5.71307E+21,9.91746E+15,5.15651E+16
129669,3,4,5,0,2018,1,11,2,3,5,7,0,0,1,0,0,0,1,1,4.42037E+20,5.9301E+21,8.12583E+15,5.35167E+16
129670,3,3,59,31,2018,1,10,3,3,1,1,0,0,1,0,0,0,1,1,5.21577E+20,5.92568E+21,9.32513E+15,5.34796E+16
129671,3,4,54,57,2018,1,12,3,3,5,3,0,1,1,0,0,0,0,0,4.10846E+20,5.85625E+21,7.67613E+15,5.28486E+16
129672,3,3,55,22,2018,1,14,2,3,0,7,0,1,0,0,0,0,0,1,5.93689E+20,5.90074E+21,1.04041E+16,5.32477E+16
129673,3,3,55,22,2018,1,18,3,3,5,3,2,0,1,0,1,0,0,1,5.93725E+20,5.90135E+21,1.04048E+16,5.32531E+16
129674,3,3,55,22,2018,1,15,3,3,4,5,0,0,1,0,0,0,1,0,5.95899E+20,5.90065E+21,1.04372E+16,5.32465E+16
129675,3,4,57,13,2018,1,15,6,3,0,7,0,1,0,0,0,0,0,1,3.97364E+20,5.89881E+21,7.46245E+15,5.32287E+16
129676,3,4,5,0,2018,2,13,5,3,4,2,0,0,1,0,0,0,0,1,4.41119E+20,5.93126E+21,8.11176E+15,5.3527E+16
129677,3,4,51,2,2018,1,16,2,3,4,2,2,0,1,0,0,0,0,1,4.33728E+20,5.89293E+21,8.00831E+15,5.31816E+16
129678,3,4,61,2,2018,1,10,5,3,5,3,0,1,1,0,0,0,0,0,4.65215E+20,5.90712E+21,8.4779E+15,5.33121E+16
129679,3,4,3,0,2018,1,18,4,2,6,4,2,0,1,1,0,0,0,1,4.46504E+20,5.88939E+21,8.20006E+15,5.31512E+16
129680,3,2,41,1,2018,1,14,3,3,0,3,0,1,1,0,0,0,0,0,5.46786E+20,5.80132E+21,9.68704E+15,5.23602E+16
129681,3,3,55,22,2018,1,14,3,3,5,3,0,1,1,0,0,0,0,0,5.94002E+20,5.90104E+21,1.04089E+16,5.32503E+16
129682,3,1,1,0,2018,1,23,2,3,5,3,2,0,1,0,0,0,0,1,6.0337E+20,5.79182E+21,1.05148E+16,5.22671E+16
129683,3,2,41,1,2018,1,19,3,3,6,2,2,0,1,1,0,0,0,1,5.50371E+20,5.8039E+21,9.74007E+15,5.23831E+16
129684,3,2,41,1,2018,1,13,2,3,4,7,0,0,1,0,0,0,0,0,5.50523E+20,5.80547E+21,9.74254E+15,5.23971E+16
129685,3,2,41,1,2018,1,12,3,3,0,7,0,0,0,0,0,0,1,0,5.50192E+20,5.80322E+21,9.73734E+15,5.23769E+16
129686,3,4,53,4,2018,1,7,6,3,6,2,1,0,1,1,0,0,0,0,4.35861E+20,5.85549E+21,8.04767E+15,5.28453E+16
129687,3,4,58,5,2018,2,8,5,3,5,3,0,1,1,0,0,0,0,0,4.7011E+20,5.87576E+21,8.5543E+15,5.30305E+16
129688,3,4,3,0,2018,1,20,2,3,6,2,2,0,1,1,0,0,0,0,4.4714E+20,5.88995E+21,8.20948E+15,5.31563E+16
129689,3,2,41,1,2018,1,19,3,3,5,3,2,0,1,0,0,0,0,1,5.47205E+20,5.79929E+21,9.69291E+15,5.23419E+16
129690,3,3,58,21,2018,1,20,4,3,6,4,2,0,1,1,0,0,0,1,5.56663E+20,5.87183E+21,9.84419E+15,5.2993E+16
129691,3,4,53,4,2018,1,7,2,3,2,6,2,0,1,0,0,0,0,1,4.36215E+20,5.85626E+21,8.05277E+15,5.28523E+16
129692,3,2,41,1,2018,1,10,3,3,4,7,0,0,1,0,0,0,1,1,5.55225E+20,5.80603E+21,9.81173E+15,5.24017E+16
129693,3,2,41,1,2018,1,6,1,3,1,5,2,0,1,0,0,0,0,1,5.51061E+20,5.80523E+21,9.75042E+15,5.2395E+16
129694,3,4,3,0,2018,1,14,2,3,5,3,0,0,1,0,0,0,0,1,4.47704E+20,5.88573E+21,8.21859E+15,5.31184E+16
129695,3,2,41,1,2018,1,22,6,3,6,2,2,0,1,1,0,0,0,0,5.50514E+20,5.80339E+21,9.74209E+15,5.23785E+16
129696,3,2,41,1,2018,2,7,5,3,0,1,1,1,0,0,0,0,0,2,5.45875E+20,5.80667E+21,9.67439E+15,5.24083E+16
129697,3,4,3,0,2018,1,7,2,2,7,7,0,1,0,0,0,0,1,1,4.47803E+20,5.88739E+21,8.21981E+15,5.31334E+16
129698,3,2,41,1,2018,1,7,3,3,5,2,2,1,1,0,0,0,0,0,5.49872E+20,5.80349E+21,9.73267E+15,5.23794E+16
129699,3,1,59,16,2018,1,19,4,3,5,2,2,1,1,0,0,0,0,1,5.66256E+20,5.70885E+21,9.95509E+15,5.15268E+16
129700,3,3,53,5,2018,1,14,6,3,5,3,0,1,1,0,0,0,0,0,5.57853E+20,5.91014E+21,9.86885E+15,5.33373E+16
129701,3,3,60,25,2018,2,7,5,3,5,3,2,1,1,0,0,0,1,2,6.03941E+20,5.87015E+21,1.05478E+16,5.29708E+16
129702,3,2,54,21,2018,1,11,3,3,5,7,0,0,1,0,0,1,0,1,5.66698E+20,5.7807E+21,9.97533E+15,5.21728E+16
129703,3,2,41,9,2018,1,17,4,3,2,2,2,0,1,0,0,0,0,1,5.55814E+20,5.79492E+21,9.81854E+15,5.23018E+16
129704,3,2,54,21,2018,1,13,3,3,6,7,0,0,1,1,0,0,0,0,5.6491E+20,5.77997E+21,9.94905E+15,5.21664E+16
129705,3,4,57,13,2018,1,13,7,3,5,3,0,1,1,0,0,0,0,0,3.97911E+20,5.8995E+21,7.47042E+15,5.3235E+16
129706,3,2,54,21,2018,1,14,6,3,5,2,0,1,1,0,0,0,0,0,5.64848E+20,5.77923E+21,9.948E+15,5.21598E+16
129707,3,2,41,1,2018,2,11,5,3,6,3,0,0,1,1,0,0,0,0,5.50756E+20,5.8023E+21,9.74548E+15,5.23686E+16
129708,3,2,55,23,2018,1,17,3,3,2,6,1,0,1,0,0,0,0,1,5.30994E+20,5.74188E+21,9.44974E+15,5.18269E+16
129709,3,4,4,0,2018,1,22,3,2,6,4,2,0,1,1,0,0,0,0,4.34769E+20,5.79172E+21,8.04399E+15,5.2272E+16
129710,3,3,53,5,2018,1,15,2,3,5,3,0,1,1,0,0,0,0,1,5.56093E+20,5.90876E+21,9.84217E+15,5.3325E+16
129711,3,1,59,16,2018,1,17,3,3,2,6,2,0,1,0,0,0,0,1,5.65812E+20,5.7106E+21,9.94902E+15,5.15427E+16
129712,3,1,59,16,2018,1,11,3,3,2,2,0,0,1,0,0,0,0,0,5.64231E+20,5.70955E+21,9.92603E+15,5.15334E+16
129713,3,4,59,19,2018,1,11,6,2,0,1,0,1,0,0,0,0,0,1,4.34265E+20,5.78592E+21,8.03773E+15,5.22198E+16
129714,3,4,53,7,2018,2,7,5,3,5,3,1,1,1,0,0,0,0,1,4.23439E+20,5.87475E+21,7.85871E+15,5.30168E+16
129715,3,1,3,0,2018,1,17,3,2,6,4,2,0,1,1,0,0,0,0,6.19677E+20,5.80923E+21,1.07599E+16,5.24202E+16
129716,3,1,3,0,2018,1,19,3,3,5,3,2,0,1,0,0,0,0,1,6.1939E+20,5.80645E+21,1.07547E+16,5.23952E+16
129717,3,2,41,1,2018,1,2,7,3,5,2,2,1,1,0,0,0,0,0,5.49631E+20,5.80334E+21,9.72911E+15,5.23781E+16
129718,3,1,1,0,2018,1,19,6,3,2,2,2,0,1,0,0,0,1,0,6.0348E+20,5.79265E+21,1.05167E+16,5.22745E+16
129719,3,1,3,0,2018,2,16,5,3,2,6,1,0,1,0,0,0,0,1,6.19381E+20,5.80917E+21,1.07555E+16,5.24197E+16
129720,3,1,2,0,2018,1,17,3,3,6,7,1,0,1,1,0,0,0,0,5.94208E+20,5.76764E+21,1.03739E+16,5.20514E+16
129721,3,4,54,54,2018,1,16,3,3,5,3,0,1,1,0,0,0,0,0,3.71146E+20,5.83461E+21,7.09542E+15,5.26461E+16
129722,3,2,41,16,2018,1,16,2,3,8,7,0,0,1,0,0,0,0,0,5.66296E+20,5.79742E+21,9.97273E+15,5.23231E+16
129723,3,1,1,0,2018,1,17,3,3,5,3,2,1,1,0,0,0,0,0,6.03114E+20,5.79013E+21,1.05106E+16,5.22519E+16
129724,3,4,59,10,2018,1,12,2,3,5,3,0,0,1,0,0,0,0,1,4.28678E+20,5.82327E+21,7.94801E+15,5.25548E+16
129725,3,4,54,32,2018,1,9,6,3,2,2,0,0,1,0,0,0,0,0,3.85936E+20,5.81889E+21,7.31933E+15,5.25082E+16
129726,3,4,3,0,2018,2,7,5,3,4,2,2,1,1,0,0,0,0,1,4.46375E+20,5.8874E+21,8.19846E+15,5.31333E+16
129727,3,2,41,1,2018,1,19,3,3,5,3,2,0,1,0,0,0,0,0,5.56158E+20,5.80365E+21,9.82505E+15,5.23802E+16
129728,3,3,52,22,2018,1,16,5,3,2,6,1,0,1,0,0,0,0,0,5.10273E+20,5.94845E+21,9.15554E+15,5.36847E+16
129729,3,4,61,2,2018,1,6,4,3,6,4,2,1,0,1,0,0,0,1,4.64465E+20,5.90858E+21,8.46647E+15,5.33252E+16
129730,3,4,5,0,2018,1,10,5,3,2,6,0,1,1,0,0,0,0,0,4.3983E+20,5.93108E+21,8.09235E+15,5.35252E+16
129731,3,4,59,19,2018,1,13,4,3,5,3,0,0,1,0,0,0,0,1,4.35086E+20,5.78353E+21,8.05021E+15,5.21984E+16
129732,3,4,4,0,2018,1,15,2,2,6,4,0,0,1,1,0,0,0,1,4.34973E+20,5.79532E+21,8.04629E+15,5.23044E+16
129733,3,3,60,2,2018,1,11,3,3,6,4,0,0,1,1,0,0,0,0,6.05762E+20,5.88207E+21,1.05788E+16,5.30776E+16
129734,3,1,59,16,2018,1,17,2,3,5,3,1,1,1,0,0,0,0,0,5.65364E+20,5.71018E+21,9.94248E+15,5.15389E+16
129735,3,4,4,0,2018,1,11,2,3,1,5,0,1,1,0,0,0,0,0,4.34258E+20,5.79144E+21,8.03656E+15,5.22694E+16
129736,3,3,61,1,2018,1,20,6,3,1,5,2,1,1,0,0,0,0,0,5.05844E+20,5.87287E+21,9.08709E+15,5.30053E+16
129737,3,4,58,7,2018,2,5,5,3,9,1,2,0,1,0,0,0,0,2,4.52432E+20,5.86125E+21,8.29284E+15,5.28988E+16
129738,3,4,2,0,2018,1,15,2,3,2,2,1,0,1,0,0,0,0,1,3.80812E+20,5.91738E+21,7.20764E+15,5.33921E+16
129739,3,3,55,22,2018,1,11,4,2,0,7,0,0,0,0,1,0,0,1,5.92837E+20,5.90044E+21,1.03913E+16,5.32451E+16
129740,3,3,56,7,2018,1,10,2,3,5,3,0,0,1,0,0,0,0,1,4.82975E+20,5.90074E+21,8.7448E+15,5.32556E+16
129741,3,1,59,16,2018,1,18,1,3,5,3,2,1,1,0,0,0,0,0,5.62624E+20,5.7094E+21,9.90284E+15,5.15322E+16
129742,3,2,41,1,2018,2,22,7,3,4,6,2,0,1,0,0,0,1,0,5.50785E+20,5.80279E+21,9.74598E+15,5.2373E+16
129743,3,2,41,1,2018,2,8,3,3,0,7,0,1,0,0,0,0,0,2,5.49113E+20,5.80358E+21,9.72154E+15,5.23802E+16
129744,3,2,41,1,2018,2,8,7,3,0,1,0,1,0,0,0,0,0,0,5.577E+20,5.80141E+21,9.84731E+15,5.23599E+16
129745,3,3,55,22,2018,2,19,2,3,4,6,2,0,1,0,0,0,0,1,5.96672E+20,5.89819E+21,1.0448E+16,5.32242E+16
129746,3,1,59,16,2018,2,14,7,3,5,3,0,0,1,0,0,0,0,0,5.61763E+20,5.70944E+21,9.89044E+15,5.15327E+16
129747,3,4,58,5,2018,2,6,4,2,5,3,2,1,1,0,0,0,0,0,4.69231E+20,5.87627E+21,8.54115E+15,5.30351E+16
129748,3,1,1,0,2018,2,13,7,3,0,3,0,0,1,0,1,0,0,0,6.02833E+20,5.79992E+21,1.05094E+16,5.234E+16
129749,3,1,59,17,2018,2,11,4,2,6,7,0,0,1,1,0,0,0,0,5.45495E+20,5.69611E+21,9.6542E+15,5.14144E+16
129750,3,4,54,35,2018,2,9,6,2,0,5,0,0,1,0,0,1,0,0,3.84201E+20,5.83981E+21,7.28644E+15,5.26958E+16
129751,3,2,54,28,2018,2,15,3,3,4,6,0,1,0,0,0,0,0,0,5.5789E+20,5.78728E+21,9.84767E+15,5.22329E+16
129752,3,4,54,32,2018,2,13,6,3,5,2,0,1,1,0,0,0,0,0,3.85594E+20,5.81891E+21,7.31428E+15,5.25083E+16
129753,3,4,52,11,2018,2,14,6,3,9,6,0,0,1,0,0,0,0,0,3.7993E+20,5.91997E+21,7.1934E+15,5.34151E+16
129754,3,2,41,1,2018,2,9,2,3,6,4,0,0,1,1,0,0,0,0,5.49276E+20,5.80552E+21,9.72422E+15,5.23977E+16
129755,3,4,3,0,2018,2,15,6,3,5,7,0,1,0,0,0,0,1,0,4.45666E+20,5.88894E+21,8.18761E+15,5.31471E+16
129756,3,1,1,0,2018,2,14,2,3,2,6,0,0,1,0,0,0,1,0,6.0256E+20,5.79111E+21,1.05027E+16,5.22608E+16
129757,3,1,1,0,2018,2,18,6,2,6,4,2,0,1,1,0,0,0,1,6.06924E+20,5.78685E+21,1.05653E+16,5.22217E+16
129758,3,4,3,0,2018,2,7,6,3,5,3,2,1,1,0,0,0,0,0,4.45645E+20,5.88946E+21,8.1872E+15,5.31518E+16
129759,3,4,57,2,2018,2,16,3,3,3,7,0,1,1,0,0,0,0,0,3.45499E+20,5.94013E+21,6.66582E+15,5.35872E+16
129760,3,4,1,0,2018,2,6,6,2,6,2,2,0,1,1,0,0,0,0,4.74295E+20,5.87492E+21,8.61677E+15,5.30232E+16
129761,3,1,59,16,2018,2,10,3,3,2,2,0,0,1,0,0,0,1,1,5.63857E+20,5.7115E+21,9.921E+15,5.1551E+16
129762,3,3,53,40,2018,2,9,6,3,6,4,0,0,1,1,0,0,0,0,5.80418E+20,5.91355E+21,1.02085E+16,5.33649E+16
129763,3,3,51,8,2018,2,12,6,2,5,3,0,1,1,0,0,0,0,0,5.90604E+20,5.8379E+21,1.03403E+16,5.26834E+16
129764,3,3,51,6,2018,2,11,6,3,2,6,0,0,1,0,0,0,0,0,5.71301E+20,5.82898E+21,1.00529E+16,5.26062E+16
129765,3,2,41,1,2018,2,19,6,3,2,2,2,0,1,0,0,0,0,1,5.45668E+20,5.8032E+21,9.67089E+15,5.23772E+16
129766,3,4,58,3,2018,2,12,3,3,4,6,0,1,1,0,0,0,0,1,4.62309E+20,5.87004E+21,8.43864E+15,5.29786E+16
129767,3,2,41,9,2018,2,15,6,3,5,3,0,0,1,0,0,0,0,0,5.56306E+20,5.79428E+21,9.82565E+15,5.2296E+16
129768,3,2,41,1,2018,2,14,6,3,5,3,0,1,1,0,0,0,0,0,5.54046E+20,5.80511E+21,9.79425E+15,5.23936E+16
129769,3,4,52,1,2018,2,13,3,3,5,3,0,1,1,0,0,0,0,0,4.01566E+20,5.92587E+21,7.51695E+15,5.34726E+16
129770,3,2,41,19,2018,2,22,6,3,0,7,2,1,0,0,0,0,0,1,5.49787E+20,5.82202E+21,9.7342E+15,5.2546E+16
129771,3,2,41,14,2018,2,13,6,2,5,3,0,0,1,0,0,0,0,0,5.44622E+20,5.79999E+21,9.65509E+15,5.23484E+16
129772,3,1,1,0,2018,2,11,3,3,1,5,0,0,1,0,0,0,0,2,6.0288E+20,5.79165E+21,1.05076E+16,5.22656E+16
129773,3,1,55,11,2018,2,13,6,3,5,3,0,0,1,0,0,0,0,0,5.69037E+20,5.7283E+21,9.99901E+15,5.17014E+16
129774,3,2,54,21,2018,2,13,6,3,5,3,0,0,1,0,0,0,0,0,5.6561E+20,5.778E+21,9.9589E+15,5.21486E+16
129775,3,1,59,16,2018,2,21,6,3,4,6,2,1,0,1,0,0,0,0,5.64685E+20,5.70992E+21,9.93264E+15,5.15366E+16
129776,3,1,58,27,2018,2,7,6,3,0,7,0,0,0,0,0,0,1,0,6.21601E+20,5.77895E+21,1.07772E+16,5.21476E+16
129777,3,3,60,30,2018,2,7,3,3,5,2,0,0,1,0,1,0,0,2,6.05396E+20,5.86254E+21,1.0567E+16,5.29022E+16
129778,3,1,2,0,2018,2,9,6,2,6,4,0,0,1,1,0,0,0,0,5.93732E+20,5.76779E+21,1.0367E+16,5.20528E+16
129779,3,4,3,0,2018,2,15,2,3,0,1,0,1,1,0,0,0,0,0,4.49069E+20,5.8903E+21,8.23827E+15,5.31596E+16
129780,3,1,51,9,2018,2,12,6,3,5,3,0,0,1,0,0,0,0,0,6.04523E+20,5.81358E+21,1.05385E+16,5.24624E+16
129781,3,1,1,0,2018,2,13,6,3,5,3,0,0,1,0,0,0,0,0,6.02933E+20,5.79119E+21,1.05082E+16,5.22614E+16
129782,3,4,54,32,2018,2,10,2,3,6,2,0,0,1,1,0,0,0,0,3.85768E+20,5.82013E+21,7.31642E+15,5.25193E+16
129783,3,4,59,33,2018,2,8,5,3,1,7,0,0,1,0,0,0,0,0,4.31697E+20,5.80139E+21,7.99702E+15,5.23585E+16
129784,3,4,4,0,2018,2,13,5,3,1,5,0,1,1,0,0,0,0,0,4.35309E+20,5.79141E+21,8.05197E+15,5.22692E+16
129785,3,4,56,15,2018,2,9,5,3,3,6,0,0,1,0,0,0,0,0,3.68159E+20,5.811E+21,7.06067E+15,5.24333E+16
129786,3,2,41,1,2018,2,17,4,3,0,7,0,1,0,0,0,0,0,2,5.5668E+20,5.80048E+21,9.83218E+15,5.23517E+16
129787,3,4,59,12,2018,2,16,5,3,5,3,1,0,0,0,0,0,1,1,4.42381E+20,5.78955E+21,8.15591E+15,5.22533E+16
129788,3,4,60,10,2018,2,12,5,2,5,3,0,0,0,0,1,0,1,0,4.48786E+20,5.85347E+21,8.23987E+15,5.28285E+16
129789,3,2,41,19,2018,2,7,3,3,1,5,0,0,1,0,0,0,1,1,5.51261E+20,5.81946E+21,9.75553E+15,5.25228E+16
129790,3,4,53,6,2018,2,13,5,3,6,4,0,0,1,1,0,0,0,0,4.28231E+20,5.84109E+21,7.93755E+15,5.27149E+16
129791,3,2,41,1,2018,2,10,2,3,5,3,0,0,1,0,0,0,1,1,5.50393E+20,5.80225E+21,9.74014E+15,5.23682E+16
129792,3,4,5,0,2018,2,18,5,3,2,6,2,0,1,0,0,0,0,0,4.39911E+20,5.93084E+21,8.09362E+15,5.35231E+16
129793,3,1,1,0,2018,2,9,2,3,2,2,0,0,1,0,0,1,0,1,6.05055E+20,5.78887E+21,1.05386E+16,5.22402E+16
129794,3,4,4,0,2018,2,10,5,3,0,6,0,0,1,1,0,0,0,0,4.3606E+20,5.79068E+21,8.06311E+15,5.22628E+16
129795,3,4,5,0,2018,2,8,5,3,5,3,0,1,1,0,0,0,0,1,4.42622E+20,5.93223E+21,8.13425E+15,5.35359E+16
129796,3,4,59,24,2018,2,21,3,3,2,2,0,1,1,0,0,0,0,0,4.55029E+20,5.78304E+21,8.34206E+15,5.2196E+16
129797,3,4,3,0,2018,2,11,5,3,2,6,0,0,1,0,0,0,0,0,4.4709E+20,5.88852E+21,8.20896E+15,5.31434E+16
129798,3,2,52,7,2018,2,19,3,3,5,3,2,1,1,0,0,0,0,1,5.16509E+20,5.77988E+21,9.24138E+15,5.21692E+16
129799,3,2,51,47,2018,2,15,5,2,5,3,0,0,1,0,1,0,0,0,4.90791E+20,5.87112E+21,8.86281E+15,5.29895E+16
129800,3,4,3,0,2018,2,15,4,3,5,3,0,1,0,0,0,0,0,0,4.48194E+20,5.89037E+21,8.22517E+15,5.31602E+16
129801,3,4,1,0,2018,2,8,5,3,5,2,0,1,1,0,0,0,0,0,4.75035E+20,5.87829E+21,8.62754E+15,5.30535E+16
129802,3,1,51,11,2018,2,12,2,3,4,2,0,0,1,0,0,0,0,0,6.07898E+20,5.84282E+21,1.05977E+16,5.27245E+16
129803,3,2,56,29,2018,2,15,4,3,8,1,0,0,1,0,0,0,0,2,5.23935E+20,5.83513E+21,9.35393E+15,5.26656E+16
129804,3,3,52,22,2018,2,13,5,3,5,3,0,1,1,0,0,0,0,0,5.10217E+20,5.94878E+21,9.15472E+15,5.36876E+16
129805,3,2,41,1,2018,2,7,3,3,6,4,0,0,1,1,0,0,0,2,5.51729E+20,5.79954E+21,9.75935E+15,5.23437E+16
129806,3,3,58,21,2018,2,9,5,2,5,3,0,1,1,0,0,0,0,0,5.56694E+20,5.87124E+21,9.84456E+15,5.29877E+16
129807,3,2,56,22,2018,2,13,2,3,3,5,0,1,1,0,0,0,0,1,5.1435E+20,5.8305E+21,9.21199E+15,5.26243E+16
129808,3,2,41,1,2018,2,22,5,3,4,2,2,1,1,0,0,0,0,0,5.49104E+20,5.80151E+21,9.72111E+15,5.23617E+16
129809,3,1,1,0,2018,2,9,2,2,5,2,0,1,1,0,0,0,0,1,6.0415E+20,5.79135E+21,1.05261E+16,5.22627E+16
129810,3,2,41,21,2018,2,17,5,3,5,3,2,1,1,0,0,0,0,0,5.29214E+20,5.80793E+21,9.42959E+15,5.24208E+16
129811,3,4,54,35,2018,2,17,3,3,5,2,0,1,1,0,0,0,0,0,3.84163E+20,5.8396E+21,7.28596E+15,5.26939E+16
129812,3,2,41,4,2018,2,7,5,3,2,6,0,0,1,0,0,0,0,0,5.5786E+20,5.82355E+21,9.8535E+15,5.25589E+16
129813,3,2,52,6,2018,2,19,5,3,5,3,2,1,1,0,0,0,0,0,5.24379E+20,5.77291E+21,9.35596E+15,5.21062E+16
129814,3,1,3,0,2018,2,11,3,3,5,3,0,1,1,0,0,0,0,0,6.22469E+20,5.80915E+21,1.08009E+16,5.24188E+16
129815,3,1,59,16,2018,2,12,5,3,6,6,0,0,1,1,0,0,0,0,5.63431E+20,5.70982E+21,9.91456E+15,5.15359E+16
129816,3,1,54,13,2018,2,9,5,3,6,2,0,0,1,1,0,0,0,0,6.23582E+20,5.79036E+21,1.08103E+16,5.22498E+16
129817,3,1,3,0,2018,2,16,5,3,2,2,0,0,1,0,0,0,0,0,6.169E+20,5.80622E+21,1.0718E+16,5.23937E+16
129818,3,1,51,9,2018,2,19,5,3,0,1,2,1,0,0,0,0,0,0,6.05396E+20,5.81569E+21,1.0552E+16,5.24811E+16
129819,3,1,51,9,2018,2,8,5,3,5,3,0,1,1,0,0,0,0,0,6.06959E+20,5.81613E+21,1.05751E+16,5.24848E+16
129820,3,1,1,0,2018,2,9,5,3,2,2,0,0,1,0,0,0,0,0,6.02061E+20,5.79031E+21,1.04952E+16,5.22537E+16
129821,3,4,55,15,2018,2,18,3,2,5,3,2,1,1,0,0,0,0,0,4.30518E+20,5.93322E+21,7.95143E+15,5.35433E+16
129822,3,4,59,6,2018,2,18,4,2,1,7,2,0,1,0,0,0,0,0,4.42671E+20,5.77311E+21,8.16293E+15,5.21056E+16
129823,3,4,59,13,2018,2,8,4,3,5,2,0,0,1,0,0,1,0,0,4.52643E+20,5.80362E+21,8.30425E+15,5.23808E+16
129824,3,1,1,0,2018,2,8,3,2,0,6,0,1,0,0,0,0,0,2,6.05279E+20,5.7901E+21,1.05422E+16,5.22512E+16
129825,3,4,59,30,2018,2,16,4,3,5,3,0,1,1,0,0,0,0,0,4.28221E+20,5.83613E+21,7.93848E+15,5.26703E+16
129826,3,4,2,0,2018,2,15,4,3,2,6,0,0,1,0,0,0,0,0,3.77953E+20,5.914E+21,7.16598E+15,5.3361E+16
129827,3,4,59,33,2018,2,20,1,3,8,1,2,0,1,0,0,0,0,2,4.35507E+20,5.80009E+21,8.0532E+15,5.23473E+16
129828,3,1,54,28,2018,2,13,2,2,5,3,0,0,1,0,0,0,0,0,6.37273E+20,5.78972E+21,1.10105E+16,5.22408E+16
129829,3,4,56,11,2018,2,13,4,3,2,2,0,0,1,0,0,1,0,0,3.50366E+20,5.81972E+21,6.79522E+15,5.2507E+16
129830,3,3,59,38,2018,2,17,4,3,6,4,1,0,1,1,0,0,0,0,5.32424E+20,5.9392E+21,9.48997E+15,5.36006E+16
129831,3,4,54,2,2018,2,16,4,3,5,3,0,0,1,0,0,0,0,0,3.91247E+20,5.82833E+21,7.39445E+15,5.25941E+16
129832,3,2,41,1,2018,2,10,3,3,6,2,0,0,0,1,0,0,1,1,5.49741E+20,5.80521E+21,9.731E+15,5.23949E+16
129833,3,4,60,4,2018,2,7,4,3,5,2,0,1,1,0,0,0,0,0,4.61578E+20,5.84858E+21,8.4303E+15,5.27856E+16
129834,3,3,53,26,2018,2,18,3,3,4,2,2,0,1,0,0,0,0,1,5.52802E+20,5.92409E+21,9.79535E+15,5.34632E+16
129835,3,3,56,5,2018,2,12,4,3,4,1,0,0,1,0,0,0,0,0,4.93506E+20,5.88993E+21,8.90288E+15,5.31587E+16
129836,3,4,52,1,2018,2,8,2,3,8,1,1,0,1,0,0,0,0,2,4.08679E+20,5.93019E+21,7.62284E+15,5.35127E+16
129837,3,3,56,7,2018,2,14,4,3,5,3,0,1,1,0,0,0,0,0,4.86479E+20,5.89765E+21,8.79746E+15,5.3228E+16
129838,3,2,51,44,2018,2,11,4,2,6,7,0,0,1,1,0,0,0,0,4.72774E+20,5.82227E+21,8.59847E+15,5.25498E+16
129839,3,4,54,41,2018,2,12,1,3,5,3,0,0,1,0,0,0,0,0,3.95391E+20,5.88183E+21,7.43845E+15,5.30757E+16
129840,3,4,61,2,2018,2,10,4,3,2,6,0,0,1,0,0,0,1,0,4.65354E+20,5.90918E+21,8.47975E+15,5.33307E+16
129841,3,2,41,20,2018,2,6,4,3,1,5,2,0,1,0,0,0,0,1,5.4236E+20,5.78947E+21,9.62056E+15,5.2254E+16
129842,3,4,4,0,2018,2,7,5,3,0,1,0,0,0,0,1,0,0,1,4.33569E+20,5.78776E+21,8.0272E+15,5.22362E+16
129843,3,3,53,30,2018,2,11,4,3,3,7,0,1,1,0,0,0,0,0,5.78213E+20,5.89788E+21,1.01715E+16,5.32244E+16
129844,3,2,41,10,2018,2,13,3,3,5,2,0,1,1,0,0,0,0,0,5.50103E+20,5.8106E+21,9.73713E+15,5.24432E+16
129845,3,3,59,38,2018,2,20,4,3,6,6,2,0,1,1,0,0,0,0,5.28002E+20,5.93791E+21,9.42303E+15,5.35893E+16
129846,3,2,41,1,2018,2,14,2,3,6,4,0,1,0,1,0,0,0,0,5.49384E+20,5.80443E+21,9.72564E+15,5.23879E+16