OBJECTID_1,ULAND,UREGBEZ,UKREIS,UGEMEINDE,UJAHR,UMONAT,USTUNDE,UWOCHENTAG,UKATEGORIE,UART,UTYP1,ULICHTVERH,IstRad,IstPKW,IstFuss,IstKrad,IstGkfz,IstSonstig,STRZUSTAND,LINREFX,LINREFY,XGCSWGS84,YGCSWGS84
129847,3,4,51,2,2018,2,23,1,2,8,1,2,0,1,0,0,0,0,2,4.4211E+20,5.89284E+21,8.13374E+15,5.31818E+16
129848,3,3,55,22,2018,2,15,4,2,6,2,0,0,1,1,0,0,0,0,5.95338E+20,5.89972E+21,1.04285E+16,5.32382E+16
129849,3,2,41,1,2018,2,15,4,3,2,6,0,0,1,0,0,0,0,0,5.5312E+20,5.80695E+21,9.78094E+15,5.24102E+16
129850,3,3,57,57,2018,2,12,2,3,3,2,0,0,1,0,1,0,0,0,5.18683E+20,5.90517E+21,9.2803E+15,5.32954E+16
129851,3,2,41,1,2018,2,18,4,3,0,2,2,1,1,0,0,0,0,0,5.48052E+20,5.80268E+21,9.70582E+15,5.23722E+16
129852,3,4,61,6,2018,2,4,1,3,8,1,2,0,1,0,0,0,0,1,4.74453E+20,5.89058E+21,8.61788E+15,5.31639E+16
129853,3,4,58,7,2018,2,8,4,2,1,5,0,0,1,0,0,0,0,0,4.47528E+20,5.86113E+21,8.21997E+15,5.28973E+16
129854,3,2,41,1,2018,2,22,4,2,5,2,2,0,1,0,1,0,0,0,5.45672E+20,5.80111E+21,9.67065E+15,5.23584E+16
129855,3,2,52,6,2018,2,12,4,3,2,6,0,0,1,0,0,0,0,0,5.25358E+20,5.77259E+21,9.37023E+15,5.21033E+16
129856,3,2,41,1,2018,2,20,4,3,2,6,2,1,1,0,0,0,0,0,5.49894E+20,5.80307E+21,9.73294E+15,5.23756E+16
129857,3,2,56,21,2018,2,17,3,3,5,3,0,1,1,0,0,0,0,0,5.10544E+20,5.83458E+21,9.1559E+15,5.26611E+16
129858,3,2,56,22,2018,2,14,4,3,2,6,0,0,1,0,1,0,0,0,5.14628E+20,5.83342E+21,9.21623E+15,5.26505E+16
129859,3,1,59,16,2018,2,7,2,3,5,2,1,1,1,0,0,0,0,2,5.65113E+20,5.70912E+21,9.93867E+15,5.15294E+16
129860,3,3,59,4,2018,2,9,1,3,8,1,1,0,1,0,0,0,0,2,5.08742E+20,5.96422E+21,9.13282E+15,5.38264E+16
129861,3,2,54,21,2018,2,15,4,3,5,3,0,0,1,0,0,0,1,0,5.66836E+20,5.77901E+21,9.97702E+15,5.21576E+16
129862,3,3,55,22,2018,2,16,1,3,2,6,0,0,1,0,0,0,0,1,5.94385E+20,5.90133E+21,1.04147E+16,5.32528E+16
129863,3,2,54,21,2018,2,0,4,3,4,6,2,0,1,0,0,0,0,0,5.66446E+20,5.7807E+21,9.97165E+15,5.21727E+16
129864,3,4,52,19,2018,2,9,3,2,5,3,0,0,1,0,0,0,0,2,3.8061E+20,5.94028E+21,7.19588E+15,5.35977E+16
129865,3,2,52,7,2018,2,10,4,2,6,4,0,0,1,1,0,0,0,0,5.16404E+20,5.78002E+21,9.23986E+15,5.21704E+16
129866,3,1,57,6,2018,2,7,4,3,5,3,0,1,1,0,0,0,0,0,5.81369E+20,5.7988E+21,1.01942E+16,5.23335E+16
129867,3,4,4,0,2018,2,7,3,3,6,4,1,0,1,1,0,0,0,1,4.37203E+20,5.79244E+21,8.07953E+15,5.22787E+16
129868,3,1,1,0,2018,2,15,4,2,3,6,0,0,1,0,0,1,0,0,6.03084E+20,5.78888E+21,1.05097E+16,5.22407E+16
129869,3,1,59,7,2018,2,6,3,3,9,1,2,0,1,0,0,0,0,2,5.64463E+20,5.71728E+21,9.9308E+15,5.16028E+16
129870,3,4,4,0,2018,2,18,3,3,4,7,2,1,1,0,0,0,0,0,4.34634E+20,5.79218E+21,8.04192E+15,5.22761E+16
129871,3,4,4,0,2018,2,18,3,3,0,1,1,1,0,0,0,0,0,0,4.34364E+20,5.79407E+21,8.0376E+15,5.22931E+16
129872,3,2,41,1,2018,2,21,1,3,5,3,2,1,0,0,0,0,0,1,5.48886E+20,5.80446E+21,9.71833E+15,5.23882E+16
129873,3,4,4,0,2018,2,12,3,3,2,6,0,0,1,0,0,0,0,0,4.35739E+20,5.79155E+21,8.05824E+15,5.22705E+16
129874,3,4,57,13,2018,2,7,3,3,6,4,2,0,1,1,0,0,0,0,3.96261E+20,5.89854E+21,7.44603E+15,5.3226E+16
129875,3,4,3,0,2018,2,15,3,3,5,3,0,1,1,0,0,0,0,0,4.48068E+20,5.89189E+21,8.22305E+15,5.31738E+16
129876,3,4,54,32,2018,2,15,3,3,5,3,0,1,1,0,0,0,0,0,3.8547E+20,5.82054E+21,7.31189E+15,5.25229E+16
129877,3,4,52,19,2018,2,13,3,3,5,3,0,0,1,0,1,0,0,0,3.78184E+20,5.94275E+21,7.15828E+15,5.36194E+16
129878,3,4,2,0,2018,2,9,2,3,5,3,0,1,1,0,0,0,0,1,3.83114E+20,5.92123E+21,7.24081E+15,5.34272E+16
129879,3,4,53,4,2018,2,16,3,3,6,4,0,0,1,1,0,0,0,0,4.36159E+20,5.85617E+21,8.05195E+15,5.28515E+16
129880,3,3,53,29,2018,2,0,3,3,8,1,2,0,1,0,0,0,0,0,5.59991E+20,5.92195E+21,9.9032E+15,5.34431E+16
129881,3,3,53,40,2018,2,14,3,3,0,7,0,1,1,0,0,0,0,0,5.80411E+20,5.91331E+21,1.02084E+16,5.33628E+16
129882,3,1,53,17,2018,2,7,3,3,5,3,1,0,1,0,0,0,0,2,5.97504E+20,5.75461E+21,1.04182E+16,5.19336E+16
129883,3,3,60,25,2018,2,9,3,3,6,4,0,0,1,1,0,0,0,0,6.05266E+20,5.86943E+21,1.05673E+16,5.29641E+16
129884,3,3,55,22,2018,2,8,3,3,2,6,0,0,1,0,0,0,0,0,5.94465E+20,5.9014E+21,1.04159E+16,5.32534E+16
129885,3,1,59,16,2018,2,10,1,3,5,3,0,1,1,0,0,0,0,2,5.65942E+20,5.70888E+21,9.95057E+15,5.15272E+16
129886,3,3,51,6,2018,2,17,3,3,2,6,1,0,1,0,0,0,0,0,5.73335E+20,5.83207E+21,1.00836E+16,5.26336E+16
129887,3,2,41,1,2018,2,12,3,3,6,7,0,0,1,1,0,0,0,0,5.44673E+20,5.80657E+21,9.65672E+15,5.24076E+16
129888,3,3,58,6,2018,2,14,3,3,6,1,0,0,0,1,0,0,1,2,5.41415E+20,5.8421E+21,9.61326E+15,5.27272E+16
129889,3,2,41,1,2018,2,7,3,3,2,2,0,0,1,0,0,0,0,2,5.49891E+20,5.80157E+21,9.73267E+15,5.23621E+16
129890,3,4,55,26,2018,2,14,2,3,5,3,0,0,1,0,0,0,0,0,4.42362E+20,5.91685E+21,8.13315E+15,5.33976E+16
129891,3,2,41,7,2018,2,7,3,3,2,6,0,0,1,0,0,0,0,1,5.50683E+20,5.79435E+21,9.74322E+15,5.22972E+16
129892,3,2,41,10,2018,2,7,3,2,5,2,1,1,1,0,0,0,0,1,5.51309E+20,5.80965E+21,9.75473E+15,5.24347E+16
129893,3,1,1,0,2018,2,13,1,3,4,2,0,0,1,0,0,0,0,1,6.05299E+20,5.7914E+21,1.05429E+16,5.22629E+16
129894,3,4,51,8,2018,2,15,4,3,6,6,0,0,1,1,0,0,0,0,4.41733E+20,5.89757E+21,8.12723E+15,5.32243E+16
129895,3,2,41,1,2018,2,7,3,2,6,4,1,0,1,1,0,0,0,0,5.51453E+20,5.80086E+21,9.7555E+15,5.23556E+16
129896,3,2,41,1,2018,2,10,4,3,5,2,0,0,1,0,0,0,0,0,5.54838E+20,5.80775E+21,9.80633E+15,5.24172E+16
129897,3,4,59,15,2018,2,8,7,3,8,1,0,1,0,0,0,0,0,2,4.45588E+20,5.77407E+21,8.20537E+15,5.21144E+16
129898,3,1,59,26,2018,2,7,3,3,6,4,1,0,1,1,0,0,0,0,5.8588E+20,5.73182E+21,1.02435E+16,5.17307E+16
129899,3,3,51,6,2018,2,9,4,3,2,6,0,0,1,0,0,0,0,0,5.75909E+20,5.82891E+21,1.01209E+16,5.26049E+16
129900,3,1,59,26,2018,2,9,3,3,1,5,0,0,1,0,0,0,0,0,5.85659E+20,5.73208E+21,1.02404E+16,5.17331E+16
129901,3,2,41,1,2018,2,16,3,3,2,6,1,0,1,0,0,0,0,1,5.54859E+20,5.80783E+21,9.80665E+15,5.24179E+16
129902,3,2,57,1,2018,2,16,3,3,4,2,0,0,1,0,0,0,0,0,5.06697E+20,5.78931E+21,9.0981E+15,5.22542E+16
129903,3,2,41,1,2018,2,17,2,2,0,6,1,1,1,0,0,0,0,0,5.45779E+20,5.80671E+21,9.673E+15,5.24087E+16
129904,3,4,59,19,2018,2,18,7,3,5,3,2,0,1,0,0,0,0,1,4.3616E+20,5.78429E+21,8.06579E+15,5.22054E+16
129905,3,2,54,22,2018,2,19,3,3,5,3,2,0,1,0,0,0,0,1,5.79527E+20,5.77156E+21,1.01607E+16,5.20889E+16
129906,3,4,59,2,2018,2,14,7,2,0,1,0,0,0,0,1,0,0,1,4.2386E+20,5.82211E+21,7.87723E+15,5.25438E+16
129907,3,3,53,40,2018,2,15,4,3,5,3,0,1,1,0,0,0,0,0,5.81463E+20,5.91228E+21,1.02239E+16,5.33533E+16
129908,3,1,59,16,2018,2,8,3,3,2,6,0,0,1,0,0,0,0,0,5.63E+20,5.71139E+21,9.90861E+15,5.15501E+16
129909,3,1,1,0,2018,2,17,2,2,0,1,2,1,0,0,0,0,0,1,6.04169E+20,5.78585E+21,1.05247E+16,5.22132E+16
129910,3,1,53,16,2018,2,10,4,3,6,7,0,0,1,1,0,0,0,2,6.11899E+20,5.73226E+21,1.06203E+16,5.173E+16
129911,3,1,53,12,2018,2,10,3,3,6,7,0,0,0,1,0,1,0,0,5.81563E+20,5.74941E+21,1.01852E+16,5.18894E+16
129912,3,2,54,21,2018,2,8,3,3,4,1,0,0,1,0,0,0,1,2,5.67162E+20,5.77954E+21,9.98188E+15,5.21622E+16
129913,3,1,1,0,2018,2,12,3,2,3,5,0,1,1,0,0,0,0,0,6.04015E+20,5.7914E+21,1.05241E+16,5.22631E+16
129914,3,4,4,0,2018,2,16,7,3,5,3,0,0,1,0,0,0,0,1,4.37276E+20,5.79231E+21,8.08063E+15,5.22775E+16
129915,3,1,1,0,2018,2,10,3,3,0,7,0,1,0,0,0,0,0,0,6.04595E+20,5.79177E+21,1.05327E+16,5.22663E+16
129916,3,2,41,1,2018,2,14,3,2,0,1,0,1,0,0,0,0,0,2,5.51662E+20,5.80128E+21,9.75864E+15,5.23594E+16
129917,3,4,59,13,2018,2,14,2,3,5,3,0,0,1,0,0,0,0,0,4.48205E+20,5.80999E+21,8.23806E+15,5.24377E+16
129918,3,2,41,1,2018,2,18,2,2,0,5,2,0,1,0,0,0,1,0,5.50501E+20,5.80551E+21,9.74223E+15,5.23975E+16
129919,3,4,4,0,2018,2,9,7,3,5,3,0,0,1,0,0,1,0,1,4.28336E+20,5.79511E+21,7.94901E+15,5.23017E+16
129920,3,4,54,29,2018,2,17,2,2,5,3,1,1,1,0,0,0,0,0,3.86554E+20,5.85806E+21,7.31493E+15,5.28603E+16
129921,3,4,56,25,2018,2,23,7,3,8,1,2,0,1,0,0,0,0,1,3.79987E+20,5.81743E+21,7.23224E+15,5.24938E+16
129922,3,4,54,35,2018,2,7,2,3,3,2,2,1,1,0,0,0,0,0,3.85262E+20,5.8402E+21,7.302E+15,5.26995E+16
129923,3,4,57,13,2018,2,15,3,3,5,2,0,1,1,0,0,0,0,0,3.97432E+20,5.89864E+21,7.46353E+15,5.32272E+16
129924,3,4,5,0,2018,2,19,2,2,5,2,2,0,1,0,0,0,0,0,4.39792E+20,5.932E+21,8.0916E+15,5.35335E+16
129925,3,2,51,12,2018,2,15,2,3,2,2,0,0,1,0,0,0,0,0,4.60387E+20,5.82916E+21,8.41497E+15,5.2611E+16
129926,3,1,59,7,2018,2,21,2,3,2,6,2,0,1,0,0,0,0,2,5.64507E+20,5.71532E+21,9.93108E+15,5.15852E+16
129927,3,1,59,7,2018,2,6,3,3,9,1,2,0,1,0,0,0,0,2,5.64463E+20,5.71728E+21,9.9308E+15,5.16028E+16
129928,3,3,53,40,2018,2,11,2,2,5,2,0,1,1,0,0,0,0,0,5.80283E+20,5.91255E+21,1.02062E+16,5.3356E+16
129929,3,3,58,22,2018,2,8,2,3,3,6,0,0,1,0,0,0,0,0,5.3783E+20,5.85571E+21,9.56175E+15,5.28498E+16
129930,3,4,52,24,2018,2,21,7,3,9,1,2,0,1,0,0,0,0,1,3.88033E+20,5.93064E+21,7.31146E+15,5.35127E+16
129931,3,3,51,6,2018,2,18,2,3,2,6,2,0,1,0,0,0,0,0,5.74218E+20,5.82918E+21,1.0096E+16,5.26076E+16
129932,3,4,3,0,2018,2,16,7,3,5,3,1,1,1,0,0,0,0,0,4.48828E+20,5.89193E+21,8.2344E+15,5.31743E+16
129933,3,2,41,1,2018,2,8,2,3,3,6,0,0,1,0,0,0,0,0,5.55615E+20,5.79688E+21,9.81594E+15,5.23195E+16
129934,3,2,41,1,2018,2,13,2,3,1,5,0,1,1,0,0,0,0,0,5.49525E+20,5.80321E+21,9.72754E+15,5.23769E+16
129935,3,4,1,0,2018,2,13,7,3,2,6,0,0,1,0,0,0,0,0,4.75399E+20,5.8782E+21,8.63297E+15,5.30527E+16
129936,3,2,56,22,2018,2,18,2,3,1,5,2,0,1,0,1,0,0,0,5.15481E+20,5.83454E+21,9.22889E+15,5.26606E+16
129937,3,4,60,9,2018,2,7,3,3,5,3,0,1,1,0,0,0,0,2,4.52108E+20,5.84078E+21,8.29102E+15,5.27148E+16
129938,3,2,52,2,2018,2,17,2,3,6,7,2,0,1,1,0,0,0,0,5.32038E+20,5.78284E+21,9.46873E+15,5.21951E+16
129939,3,1,59,16,2018,2,16,2,3,5,2,0,1,0,0,0,1,0,0,5.6231E+20,5.7103E+21,9.89847E+15,5.15403E+16
129940,3,1,1,0,2018,2,11,3,3,0,7,0,0,0,0,0,0,1,0,6.03342E+20,5.79141E+21,1.05143E+16,5.22633E+16
129941,3,1,59,16,2018,2,8,2,2,5,3,0,0,1,0,0,0,0,1,5.64252E+20,5.71251E+21,9.92688E+15,5.156E+16
129942,3,1,54,28,2018,2,10,2,3,2,2,0,0,1,0,0,0,0,1,6.3767E+20,5.7879E+21,1.10156E+16,5.22243E+16
129943,3,3,57,57,2018,2,15,7,3,6,6,0,0,1,1,0,0,0,0,5.18601E+20,5.90735E+21,9.2792E+15,5.3315E+16
129944,3,1,3,0,2018,2,9,2,3,3,6,0,1,1,0,0,0,0,0,6.21794E+20,5.81014E+21,1.07913E+16,5.24279E+16
129945,3,4,4,0,2018,2,9,1,3,9,1,0,0,1,0,0,0,0,2,4.30693E+20,5.78908E+21,7.98481E+15,5.22477E+16
129946,3,2,41,9,2018,2,15,3,3,0,7,0,0,1,0,0,0,0,0,5.55495E+20,5.79551E+21,9.81395E+15,5.23071E+16
129947,3,4,60,6,2018,2,21,1,3,5,3,2,0,1,0,0,0,0,1,4.483E+20,5.83568E+21,8.23546E+15,5.26686E+16
129948,3,3,53,5,2018,2,12,2,3,5,3,0,1,1,0,0,0,0,0,5.58809E+20,5.90892E+21,9.88298E+15,5.33262E+16
129949,3,4,53,4,2018,2,15,1,3,5,3,0,1,1,0,0,0,0,1,4.35684E+20,5.85552E+21,8.04502E+15,5.28456E+16
129950,3,3,52,61,2018,2,7,3,2,8,7,0,0,1,0,0,0,0,2,4.79648E+20,5.95549E+21,8.69138E+15,5.37477E+16
129951,3,4,3,0,2018,2,9,1,3,5,3,0,0,1,0,0,0,0,1,4.44856E+20,5.88711E+21,8.17582E+15,5.31306E+16
129952,3,4,54,32,2018,2,10,2,2,5,3,0,0,1,0,0,0,0,1,3.862E+20,5.81722E+21,7.32378E+15,5.24933E+16
129953,3,4,58,7,2018,2,20,1,3,8,1,2,0,0,0,0,0,1,1,4.43169E+20,5.87145E+21,8.15337E+15,5.29896E+16
129954,3,3,60,5,2018,2,14,1,3,5,3,0,1,1,0,0,0,0,0,6.13309E+20,5.855E+21,1.0682E+16,5.28328E+16
129955,3,3,54,18,2018,2,8,7,3,5,3,0,1,0,0,0,0,0,0,6.4473E+20,5.87074E+21,1.11551E+16,5.29667E+16
129956,3,2,41,11,2018,2,0,1,2,9,1,2,0,1,0,0,0,0,1,5.75471E+20,5.79989E+21,1.01079E+16,5.23441E+16
129957,3,2,41,1,2018,2,17,4,3,5,3,1,0,1,0,0,0,0,0,5.50066E+20,5.80811E+21,9.73622E+15,5.2421E+16
129958,3,4,57,18,2018,2,17,5,3,5,3,1,0,1,0,1,0,0,0,4.05182E+20,5.88874E+21,7.58251E+15,5.31396E+16
129959,3,1,59,16,2018,2,19,1,3,4,2,2,0,1,0,0,0,0,1,5.65261E+20,5.70814E+21,9.94062E+15,5.15206E+16
129960,3,2,41,11,2018,2,17,3,3,3,6,0,1,1,0,0,0,0,0,5.67756E+20,5.80314E+21,9.99531E+15,5.23743E+16
129961,3,1,51,9,2018,2,18,1,3,1,5,2,0,1,0,0,0,0,0,6.02279E+20,5.81304E+21,1.05053E+16,5.24579E+16
129962,3,2,41,5,2018,2,16,2,3,9,1,0,0,0,0,0,0,1,2,5.41446E+20,5.80639E+21,9.60926E+15,5.24061E+16
129963,3,2,41,1,2018,2,20,7,3,2,6,2,0,1,0,0,0,0,0,5.49001E+20,5.80217E+21,9.71969E+15,5.23676E+16
129964,3,4,5,0,2018,2,14,7,3,4,2,0,1,1,0,0,0,0,0,4.40844E+20,5.93058E+21,8.10774E+15,5.35208E+16
129965,3,2,41,6,2018,2,21,7,3,0,7,1,1,0,0,0,0,0,1,5.41188E+20,5.79627E+21,9.60423E+15,5.23152E+16
129966,3,4,5,0,2018,2,0,7,3,0,1,2,0,0,0,1,0,0,1,4.40342E+20,5.93123E+21,8.10005E+15,5.35266E+16
129967,3,4,59,5,2018,2,7,3,3,1,5,0,0,1,0,0,0,0,2,4.37846E+20,5.77305E+21,8.09251E+15,5.21045E+16
129968,3,4,3,0,2018,2,11,7,3,6,4,0,0,0,1,0,0,1,0,4.47493E+20,5.88903E+21,8.21491E+15,5.31481E+16
129969,3,4,61,7,2018,2,11,4,3,6,4,0,0,1,1,0,0,0,0,4.6599E+20,5.92659E+21,8.48743E+15,5.34872E+16
129970,3,2,51,37,2018,2,7,7,2,0,7,2,1,0,0,0,0,0,0,4.79909E+20,5.87604E+21,8.7004E+15,5.30335E+16
129971,3,2,54,11,2018,2,23,4,3,1,5,2,0,1,0,0,0,0,0,5.62291E+20,5.77158E+21,9.90922E+15,5.20913E+16
129972,3,3,53,5,2018,2,18,7,3,6,4,2,0,1,1,0,0,0,0,5.58755E+20,5.90883E+21,9.88216E+15,5.33254E+16
129973,3,2,41,1,2018,2,7,3,3,6,4,1,0,1,1,0,0,0,1,5.48879E+20,5.80182E+21,9.71785E+15,5.23645E+16
129974,3,2,41,1,2018,2,18,7,3,6,2,2,0,1,1,0,0,0,1,5.51827E+20,5.80174E+21,9.76113E+15,5.23635E+16
129975,3,1,59,10,2018,2,15,2,3,5,3,0,0,1,0,0,0,0,0,5.82102E+20,5.70541E+21,1.01827E+16,5.14939E+16
129976,3,2,41,1,2018,2,19,7,3,2,6,2,0,1,0,0,1,0,1,5.50334E+20,5.80367E+21,9.73949E+15,5.2381E+16
129977,3,2,41,5,2018,2,23,7,3,5,3,2,1,1,0,0,0,0,1,5.40455E+20,5.80803E+21,9.59489E+15,5.24209E+16
129978,3,4,52,19,2018,2,14,3,3,2,6,0,0,1,0,0,0,0,0,3.82262E+20,5.93827E+21,7.22159E+15,5.35801E+16
129979,3,1,57,5,2018,2,13,7,3,2,2,0,0,1,0,0,0,0,1,5.90558E+20,5.78322E+21,1.03248E+16,5.2192E+16
129980,3,1,57,9,2018,2,4,7,3,1,5,2,0,1,0,0,0,0,0,5.85202E+20,5.78723E+21,1.02475E+16,5.22289E+16
129981,3,1,57,6,2018,2,13,3,3,2,1,0,0,1,0,1,0,0,2,5.84066E+20,5.7967E+21,1.02332E+16,5.23142E+16
129982,3,1,1,0,2018,2,17,7,2,6,2,2,0,1,1,0,0,0,1,6.04731E+20,5.79068E+21,1.05344E+16,5.22565E+16
129983,3,4,60,9,2018,2,21,6,3,5,3,2,1,1,0,0,0,0,1,4.51476E+20,5.8424E+21,8.28143E+15,5.27293E+16
129984,3,4,5,0,2018,2,15,6,3,1,5,0,1,0,0,1,0,0,1,4.41434E+20,5.93042E+21,8.11666E+15,5.35194E+16
129985,3,1,59,10,2018,2,14,3,3,5,3,0,0,1,0,1,0,0,0,5.86186E+20,5.70767E+21,1.0242E+16,5.15135E+16
129986,3,4,51,7,2018,2,7,6,2,4,2,2,0,1,0,0,0,0,1,4.27619E+20,5.90086E+21,7.91512E+15,5.3252E+16
129987,3,3,53,31,2018,2,13,6,3,5,3,0,1,1,0,0,0,0,1,5.66802E+20,5.91555E+21,1.00044E+16,5.33849E+16
129988,3,3,55,22,2018,2,6,6,3,5,7,2,1,1,0,0,0,0,0,5.94214E+20,5.90119E+21,1.04121E+16,5.32516E+16
129989,3,3,51,6,2018,2,18,6,3,2,6,2,0,1,0,0,0,0,1,5.73198E+20,5.83113E+21,1.00814E+16,5.26252E+16
129990,3,4,51,2,2018,2,13,3,3,5,3,0,1,1,0,0,0,0,0,4.42903E+20,5.89132E+21,8.14588E+15,5.31682E+16
129991,3,2,41,1,2018,2,15,6,3,5,3,0,1,1,0,0,0,0,0,5.49978E+20,5.80232E+21,9.73406E+15,5.23689E+16
129992,3,2,41,1,2018,2,13,6,3,0,6,0,1,1,0,0,0,0,0,5.49929E+20,5.8052E+21,9.73376E+15,5.23948E+16
129993,3,4,59,20,2018,2,18,2,2,0,1,2,1,0,0,0,0,0,2,4.30718E+20,5.783E+21,7.98642E+15,5.21931E+16
129994,3,2,41,1,2018,2,21,6,3,3,2,2,1,1,0,0,0,0,1,5.53924E+20,5.80546E+21,9.79252E+15,5.23968E+16
129995,3,2,41,1,2018,2,19,6,3,1,5,2,0,1,0,0,0,0,0,5.51952E+20,5.80241E+21,9.76307E+15,5.23695E+16
129996,3,1,53,18,2018,2,11,2,3,6,7,0,0,1,1,0,0,0,2,5.92205E+20,5.73991E+21,1.03373E+16,5.18024E+16
129997,3,2,52,6,2018,2,20,6,2,6,4,2,0,1,1,0,0,0,0,5.25543E+20,5.77271E+21,9.37295E+15,5.21044E+16
129998,3,3,58,14,2018,2,14,4,3,8,1,0,0,0,0,0,0,1,1,5.40941E+20,5.84689E+21,9.60685E+15,5.27702E+16
129999,3,1,59,16,2018,2,17,6,3,4,2,0,0,1,0,0,0,0,0,5.65663E+20,5.70887E+21,9.94655E+15,5.15271E+16
130000,3,1,54,28,2018,2,14,6,3,2,6,0,0,1,0,0,0,0,0,6.37642E+20,5.78796E+21,1.10152E+16,5.22248E+16
130001,3,3,53,40,2018,2,15,3,3,6,2,0,0,1,1,0,0,0,1,5.80399E+20,5.91353E+21,1.02082E+16,5.33647E+16
130002,3,1,3,0,2018,2,19,6,3,5,3,2,0,1,0,0,0,0,1,6.21155E+20,5.81001E+21,1.07819E+16,5.24268E+16
130003,3,4,60,6,2018,2,13,2,3,2,2,0,0,1,0,0,0,0,0,4.48204E+20,5.83529E+21,8.23411E+15,5.26651E+16
130004,3,1,51,9,2018,2,18,6,3,3,6,2,0,1,0,0,0,0,1,6.04559E+20,5.81359E+21,1.0539E+16,5.24625E+16
130005,3,1,51,9,2018,2,18,6,2,6,2,2,0,1,1,0,0,0,1,6.04375E+20,5.81614E+21,1.05371E+16,5.24854E+16
130006,3,4,60,6,2018,2,10,4,3,6,2,0,0,1,1,0,0,0,0,4.48195E+20,5.83541E+21,8.23395E+15,5.26661E+16
130007,3,1,1,0,2018,2,22,6,3,5,2,2,1,1,0,0,0,0,1,6.03149E+20,5.7913E+21,1.05114E+16,5.22624E+16
130008,3,2,41,10,2018,2,16,4,3,5,2,0,1,1,0,0,0,0,0,5.48346E+20,5.81054E+21,9.71127E+15,5.24429E+16
130009,3,4,54,32,2018,2,7,5,3,4,1,2,0,1,0,0,0,0,2,3.82588E+20,5.82313E+21,7.26851E+15,5.25456E+16
130010,3,2,41,10,2018,2,10,7,3,2,2,0,0,1,0,0,0,0,2,5.51332E+20,5.80983E+21,9.75509E+15,5.24363E+16
130011,3,2,41,1,2018,2,14,3,3,0,1,0,1,0,0,0,0,0,2,5.46996E+20,5.80555E+21,9.69072E+15,5.23982E+16
130012,3,2,41,11,2018,2,11,2,3,6,7,0,1,0,1,0,0,0,0,5.66748E+20,5.80333E+21,9.98054E+15,5.23761E+16
130013,3,4,1,0,2018,2,16,2,3,5,3,0,1,1,0,0,0,0,0,4.75659E+20,5.87806E+21,8.63687E+15,5.30515E+16
130014,3,2,54,21,2018,2,16,5,3,1,5,0,1,1,0,0,0,0,0,5.65992E+20,5.7775E+21,9.96439E+15,5.2144E+16
130015,3,4,61,7,2018,2,11,7,3,2,6,0,0,1,0,0,0,0,0,4.65298E+20,5.92858E+21,8.47678E+15,5.3505E+16
130016,3,3,53,35,2018,2,11,2,3,0,7,0,1,1,0,0,0,0,0,5.47231E+20,5.90404E+21,9.70844E+15,5.32835E+16
130017,3,4,57,13,2018,2,15,3,3,5,2,0,1,1,0,0,0,0,0,3.97531E+20,5.8993E+21,7.4648E+15,5.32331E+16
130018,3,3,60,25,2018,2,9,2,3,0,3,0,0,1,0,0,0,0,1,6.05327E+20,5.86898E+21,1.05681E+16,5.296E+16
130019,3,1,57,8,2018,2,16,3,3,5,3,0,1,1,0,0,0,0,0,5.95966E+20,5.79471E+21,1.04072E+16,5.22944E+16
130020,3,3,55,22,2018,2,19,2,3,9,7,2,0,1,0,0,0,0,0,5.93694E+20,5.90013E+21,1.0404E+16,5.32422E+16
130021,3,1,3,0,2018,2,15,2,3,5,3,0,0,1,0,0,0,0,0,6.22388E+20,5.81247E+21,1.08009E+16,5.24487E+16
130022,3,3,55,22,2018,2,13,2,3,3,2,0,0,1,0,0,0,0,0,5.93731E+20,5.89976E+21,1.04045E+16,5.32389E+16
130023,3,4,56,15,2018,2,12,4,3,2,6,0,0,1,0,0,0,0,0,3.69474E+20,5.8094E+21,7.08061E+15,5.24192E+16
130024,3,2,41,1,2018,2,6,3,3,6,4,2,0,1,1,0,0,0,0,5.49923E+20,5.80566E+21,9.73375E+15,5.23989E+16
130025,3,2,41,1,2018,2,11,7,3,3,6,0,0,1,0,0,0,0,0,5.49846E+20,5.80317E+21,9.73225E+15,5.23765E+16
130026,3,3,55,22,2018,2,7,2,3,5,2,0,1,1,0,0,0,0,0,5.9561E+20,5.90115E+21,1.0433E+16,5.3251E+16
130027,3,3,56,9,2018,2,8,3,3,5,3,0,1,1,0,0,0,0,1,4.73046E+20,5.89742E+21,8.59626E+15,5.32254E+16
130028,3,4,54,35,2018,2,12,6,3,3,6,0,1,0,0,0,0,0,0,3.84921E+20,5.83751E+21,7.29791E+15,5.26753E+16
130029,3,1,58,13,2018,2,15,5,3,4,1,0,0,1,0,0,0,0,2,6.17048E+20,5.7836E+21,1.07123E+16,5.21904E+16
130030,3,4,59,3,2018,2,17,2,2,5,3,0,0,1,0,1,0,0,0,4.55491E+20,5.79645E+21,8.34704E+15,5.23166E+16
130031,3,2,41,1,2018,2,8,2,3,5,3,0,0,1,0,0,0,0,0,5.48849E+20,5.7988E+21,9.71697E+15,5.23373E+16
130032,3,4,52,1,2018,2,16,1,3,6,6,0,0,1,1,0,0,0,0,3.98364E+20,5.92269E+21,7.46977E+15,5.34434E+16
130033,3,2,41,1,2018,2,18,2,3,2,7,2,1,0,0,0,0,1,0,5.48643E+20,5.80202E+21,9.71441E+15,5.23663E+16
130034,3,3,55,22,2018,2,10,4,3,2,6,0,0,1,0,0,0,0,0,5.93958E+20,5.90033E+21,1.0408E+16,5.32439E+16