OBJECTID_1,ULAND,UREGBEZ,UKREIS,UGEMEINDE,UJAHR,UMONAT,USTUNDE,UWOCHENTAG,UKATEGORIE,UART,UTYP1,ULICHTVERH,IstRad,IstPKW,IstFuss,IstKrad,IstGkfz,IstSonstig,STRZUSTAND,LINREFX,LINREFY,XGCSWGS84,YGCSWGS84
130035,3,2,54,21,2018,2,15,3,3,2,6,0,0,1,0,0,0,0,0,5.64812E+20,5.77972E+21,9.94757E+15,5.21642E+16
130036,3,3,53,5,2018,2,8,2,3,2,6,0,0,1,0,0,0,0,2,5.57156E+20,5.90866E+21,9.85812E+15,5.33241E+16
130037,3,2,41,1,2018,2,12,2,3,5,5,0,1,1,0,0,0,0,0,5.53681E+20,5.80724E+21,9.78923E+15,5.24127E+16
130038,3,4,51,8,2018,2,7,2,3,9,1,0,0,1,0,0,0,0,2,4.45237E+20,5.89536E+21,8.1801E+15,5.32047E+16
130039,3,2,41,16,2018,2,15,2,3,6,4,0,0,0,1,0,0,1,0,5.65878E+20,5.79668E+21,9.96645E+15,5.23165E+16
130040,3,3,60,2,2018,2,23,1,3,8,1,2,0,1,0,0,0,0,2,6.06489E+20,5.8823E+21,1.05897E+16,5.30795E+16
130041,3,2,41,10,2018,2,21,2,3,0,7,2,0,0,0,1,0,0,2,5.50371E+20,5.81021E+21,9.74101E+15,5.24397E+16
130042,3,2,41,19,2018,2,9,4,3,6,4,0,0,1,1,0,0,0,0,5.50789E+20,5.81955E+21,9.74859E+15,5.25237E+16
130043,3,4,2,0,2018,2,12,2,3,2,6,0,0,1,0,0,0,0,0,3.81168E+20,5.91409E+21,7.21423E+15,5.33626E+16
130044,3,2,41,1,2018,2,16,2,3,6,4,0,0,1,1,0,0,0,0,5.51405E+20,5.8014E+21,9.75487E+15,5.23605E+16
130045,3,2,41,1,2018,2,15,2,3,6,4,0,0,1,1,0,0,0,0,5.51884E+20,5.80694E+21,9.76276E+15,5.24102E+16
130046,3,1,59,26,2018,2,10,5,3,5,3,0,0,1,0,0,0,0,0,5.85595E+20,5.73198E+21,1.02395E+16,5.17322E+16
130047,3,4,54,32,2018,2,15,7,3,5,2,0,1,1,0,0,0,0,0,3.85251E+20,5.82099E+21,7.30851E+15,5.2527E+16
130048,3,2,41,1,2018,2,16,2,3,2,6,0,0,1,0,0,0,0,0,5.51262E+20,5.80471E+21,9.75328E+15,5.23902E+16
130049,3,1,1,0,2018,2,19,4,3,5,2,2,0,1,0,0,0,0,0,6.03337E+20,5.79132E+21,1.05142E+16,5.22626E+16
130050,3,1,3,0,2018,2,7,1,3,5,3,0,0,1,0,0,0,0,0,6.18592E+20,5.80788E+21,1.07434E+16,5.24083E+16
130051,3,2,41,1,2018,2,5,2,3,5,3,2,1,1,0,0,0,0,0,5.54816E+20,5.80731E+21,9.80592E+15,5.24133E+16
130052,3,2,56,15,2018,2,7,4,2,5,3,0,0,1,0,0,0,0,1,5.07437E+20,5.85148E+21,9.11034E+15,5.28131E+16
130053,3,4,53,8,2018,2,7,2,3,2,2,0,0,1,0,0,0,0,0,4.33618E+20,5.86735E+21,8.01195E+15,5.29517E+16
130054,3,2,52,3,2018,2,18,2,3,2,2,2,0,1,0,0,0,0,0,5.16108E+20,5.76012E+21,9.23459E+15,5.19915E+16
130055,3,1,57,7,2018,2,8,5,3,4,6,0,0,1,0,0,0,0,2,5.92675E+20,5.79111E+21,1.03579E+16,5.22626E+16
130056,3,2,41,1,2018,2,17,2,3,4,6,0,1,1,0,0,0,0,1,5.48919E+20,5.80583E+21,9.71902E+15,5.24005E+16
130057,3,1,59,16,2018,2,15,2,3,6,4,0,1,0,1,0,0,0,0,5.65063E+20,5.70933E+21,9.93799E+15,5.15313E+16
130058,3,1,1,0,2018,2,10,5,3,5,3,0,0,1,0,1,0,0,0,6.07219E+20,5.79384E+21,1.05718E+16,5.22845E+16
130059,3,3,52,62,2018,2,13,7,3,5,3,0,0,1,0,0,0,0,0,4.89819E+20,5.9413E+21,8.84608E+15,5.36204E+16
130060,3,4,5,0,2018,2,6,1,3,9,1,2,0,1,0,0,0,0,1,4.43443E+20,5.93368E+21,8.14638E+15,5.3549E+16
130061,3,4,52,19,2018,2,10,3,3,2,2,0,0,1,0,0,0,1,0,3.83011E+20,5.94012E+21,7.23222E+15,5.35969E+16
130062,3,4,3,0,2018,2,16,6,3,5,3,0,0,1,0,1,0,0,0,4.46328E+20,5.88739E+21,8.19776E+15,5.31332E+16
130063,3,1,1,0,2018,2,6,5,3,6,2,2,0,1,1,0,0,0,0,6.02059E+20,5.7903E+21,1.04952E+16,5.22536E+16
130064,3,1,57,6,2018,2,7,3,3,5,3,0,1,1,0,0,0,0,1,5.85439E+20,5.7985E+21,1.02538E+16,5.23302E+16
130065,3,2,41,1,2018,2,16,1,3,2,6,0,0,1,0,0,0,0,0,5.50042E+20,5.80571E+21,9.7355E+15,5.23993E+16
130066,3,1,51,18,2018,2,18,2,3,6,6,2,0,1,1,0,0,0,1,5.92684E+20,5.81771E+21,1.03654E+16,5.25016E+16
130067,3,2,56,22,2018,2,4,1,2,8,7,2,0,1,0,0,0,0,0,5.14512E+20,5.83288E+21,9.21449E+15,5.26457E+16
130068,3,1,59,16,2018,2,16,1,3,3,6,0,0,0,0,1,0,0,0,5.65501E+20,5.71087E+21,9.94459E+15,5.15451E+16
130069,3,1,1,0,2018,2,16,7,3,5,3,0,0,1,0,0,0,0,0,6.03338E+20,5.79675E+21,1.05159E+16,5.23114E+16
130070,3,1,59,16,2018,2,8,1,2,6,4,1,0,1,1,0,0,0,2,5.6469E+20,5.71057E+21,9.93284E+15,5.15425E+16
130071,3,1,59,16,2018,2,18,2,3,5,3,2,1,1,0,0,0,0,2,5.64598E+20,5.7099E+21,9.93139E+15,5.15365E+16
130072,3,1,51,9,2018,2,20,1,3,5,3,2,0,1,0,0,0,0,0,6.04839E+20,5.81493E+21,1.05436E+16,5.24745E+16
130073,3,4,54,41,2018,2,14,4,3,5,3,0,1,1,0,0,0,0,0,3.91808E+20,5.88182E+21,7.38499E+15,5.30749E+16
130074,3,2,41,18,2018,2,17,7,3,5,3,1,0,1,0,0,0,0,0,5.79421E+20,5.81346E+21,1.01691E+16,5.24655E+16
130075,3,4,54,35,2018,2,6,7,3,1,5,2,0,1,0,0,0,0,1,3.85448E+20,5.84046E+21,7.30466E+15,5.27019E+16
130076,3,2,51,40,2018,2,15,3,3,5,3,0,0,1,0,0,0,0,0,4.87161E+20,5.83678E+21,8.81008E+15,5.26808E+16
130077,3,3,53,26,2018,2,11,6,3,6,7,0,0,1,1,0,0,0,0,5.53045E+20,5.92456E+21,9.79908E+15,5.34673E+16
130078,3,4,57,13,2018,2,10,2,3,4,2,0,1,1,0,0,0,0,0,3.96089E+20,5.89857E+21,7.44344E+15,5.32262E+16
130079,3,4,60,9,2018,2,19,7,3,4,1,2,0,1,0,0,0,0,0,4.50667E+20,5.84573E+21,8.26896E+15,5.27592E+16
130080,3,4,58,14,2018,2,3,1,3,5,2,2,1,0,0,0,0,0,0,4.61644E+20,5.86076E+21,8.42984E+15,5.28952E+16
130081,3,4,60,9,2018,2,18,7,3,5,3,2,0,1,0,0,0,0,0,4.5142E+20,5.84253E+21,8.28058E+15,5.27305E+16
130082,3,2,41,1,2018,2,7,4,3,5,2,0,1,1,0,0,0,0,0,5.45845E+20,5.80728E+21,9.67404E+15,5.24138E+16
130083,3,1,54,9,2018,2,13,3,3,5,3,0,0,1,0,0,0,0,0,6.29448E+20,5.805E+21,1.09018E+16,5.23799E+16
130084,3,4,53,1,2018,2,13,4,3,5,3,0,0,1,0,0,0,0,0,4.20419E+20,5.88761E+21,7.81052E+15,5.3132E+16
130085,3,2,41,1,2018,2,7,3,3,5,3,0,1,1,0,0,0,0,0,5.52648E+20,5.80585E+21,9.77383E+15,5.24004E+16
130086,3,4,51,8,2018,2,17,2,3,2,2,0,0,1,0,0,0,0,0,4.45052E+20,5.89365E+21,8.17762E+15,5.31893E+16
130087,3,4,3,0,2018,2,20,7,3,5,3,2,1,1,0,0,0,0,2,4.4759E+20,5.88925E+21,8.21633E+15,5.315E+16
130088,3,2,41,1,2018,2,18,1,3,5,3,2,0,1,0,0,0,0,0,5.52652E+20,5.80585E+21,9.77389E+15,5.24004E+16
130089,3,2,51,37,2018,2,9,7,2,8,1,0,0,1,0,0,0,0,0,4.79877E+20,5.87594E+21,8.69992E+15,5.30326E+16
130090,3,2,41,1,2018,2,16,4,3,5,3,0,1,0,0,0,0,1,0,5.50356E+20,5.8039E+21,9.73985E+15,5.23831E+16
130091,3,3,53,18,2018,2,7,6,3,5,3,0,0,1,0,0,0,0,0,5.42596E+20,5.9071E+21,9.63932E+15,5.33114E+16
130092,3,1,59,16,2018,2,2,7,3,4,2,2,0,1,0,0,0,0,1,5.64539E+20,5.70997E+21,9.93055E+15,5.15371E+16
130093,3,4,56,15,2018,2,15,2,3,5,2,0,0,1,0,0,0,0,0,3.67913E+20,5.81001E+21,7.05743E+15,5.24243E+16
130094,3,4,61,2,2018,2,18,7,3,5,3,2,0,1,0,0,0,0,1,4.65277E+20,5.90937E+21,8.47858E+15,5.33323E+16
130095,3,2,41,11,2018,2,21,2,2,0,7,2,1,0,0,0,0,0,2,5.66605E+20,5.80295E+21,9.97836E+15,5.23727E+16
130096,3,3,52,50,2018,2,9,7,3,5,3,0,1,1,0,0,0,0,1,4.7693E+20,5.9317E+21,8.65193E+15,5.35337E+16
130097,3,3,51,6,2018,2,7,2,3,5,3,2,1,1,0,0,0,0,1,5.72643E+20,5.83029E+21,1.0073E+16,5.26178E+16
130098,3,3,57,53,2018,2,16,7,3,5,3,0,1,1,0,0,0,0,0,5.09366E+20,5.89854E+21,9.14033E+15,5.3236E+16
130099,3,2,41,1,2018,2,9,5,3,5,3,0,1,1,0,0,0,0,1,5.51116E+20,5.80321E+21,9.75091E+15,5.23768E+16
130100,3,4,4,0,2018,2,13,7,3,6,4,0,0,1,1,0,0,0,0,4.35073E+20,5.79142E+21,8.0485E+15,5.22693E+16
130101,3,3,55,22,2018,2,14,7,2,6,4,0,0,1,1,0,0,0,0,5.95603E+20,5.90073E+21,1.04328E+16,5.32472E+16
130102,3,1,57,6,2018,2,5,4,3,5,3,2,1,1,0,0,0,0,0,5.85493E+20,5.79846E+21,1.02546E+16,5.23298E+16
130103,3,3,59,38,2018,2,5,6,3,2,6,2,0,1,0,0,0,1,2,5.2894E+20,5.93854E+21,9.43727E+15,5.35949E+16
130104,3,2,51,12,2018,2,10,2,3,5,3,0,0,1,0,0,0,0,0,4.57121E+20,5.82893E+21,8.36678E+15,5.26087E+16
130105,3,2,41,5,2018,2,12,7,3,2,6,0,0,1,0,0,0,0,0,5.40681E+20,5.80798E+21,9.5982E+15,5.24206E+16
130106,3,4,4,0,2018,2,18,4,3,2,6,2,0,1,0,0,0,1,0,4.35946E+20,5.79114E+21,8.06135E+15,5.22669E+16
130107,3,2,57,9,2018,2,5,2,3,1,5,2,1,1,0,0,0,0,0,5.03373E+20,5.79078E+21,9.04943E+15,5.22674E+16
130108,3,2,41,17,2018,2,0,7,2,9,1,2,0,1,0,0,0,0,0,5.37848E+20,5.78431E+21,9.55389E+15,5.2208E+16
130109,3,4,57,13,2018,2,8,4,2,0,7,0,0,0,0,0,1,0,1,3.97266E+20,5.90143E+21,7.46014E+15,5.32522E+16
130110,3,2,41,1,2018,2,12,7,3,6,4,0,0,1,1,0,0,0,0,5.49988E+20,5.8032E+21,9.73434E+15,5.23768E+16
130111,3,1,55,13,2018,2,14,7,3,6,4,0,0,0,1,0,0,1,0,5.54996E+20,5.74049E+21,9.79778E+15,5.18125E+16
130112,3,3,54,4,2018,2,18,6,3,5,3,2,0,1,0,0,0,0,0,6.40298E+20,5.88515E+21,1.10954E+16,5.30973E+16
130113,3,4,53,4,2018,2,7,3,2,1,1,2,1,0,0,0,0,1,0,4.36026E+20,5.85515E+21,8.05018E+15,5.28423E+16
130114,3,2,54,14,2018,2,9,5,3,2,6,0,0,1,0,0,0,0,1,5.50404E+20,5.77454E+21,9.73617E+15,5.21191E+16
130115,3,4,3,0,2018,2,11,7,3,5,2,0,1,1,0,0,0,0,0,4.47036E+20,5.88787E+21,8.20826E+15,5.31376E+16
130116,3,1,58,39,2018,2,13,7,3,2,6,0,0,1,0,1,0,0,0,6.05731E+20,5.76461E+21,1.05409E+16,5.2022E+16
130117,3,4,4,0,2018,2,15,3,3,5,3,0,1,1,0,0,0,0,0,4.34368E+20,5.79151E+21,8.03817E+15,5.227E+16
130118,3,3,55,22,2018,2,18,6,3,6,4,2,0,1,1,0,0,0,0,5.94145E+20,5.90133E+21,1.04111E+16,5.32528E+16
130119,3,4,4,0,2018,2,21,6,2,5,3,2,1,0,0,0,0,0,1,4.34455E+20,5.79222E+21,8.0393E+15,5.22764E+16
130120,3,4,4,0,2018,2,20,6,3,6,2,2,0,1,1,0,0,0,0,4.36514E+20,5.78894E+21,8.07009E+15,5.22472E+16
130121,3,1,3,0,2018,2,8,2,3,4,2,0,1,1,0,0,0,0,1,6.14861E+20,5.80846E+21,1.06888E+16,5.24143E+16
130122,3,4,54,41,2018,2,15,6,3,3,2,0,1,1,0,0,0,0,0,3.92848E+20,5.88201E+21,7.40044E+15,5.30768E+16
130123,3,4,56,15,2018,2,18,4,3,5,3,1,1,1,0,0,0,0,0,3.68713E+20,5.80904E+21,7.06957E+15,5.24158E+16
130124,3,2,57,6,2018,2,11,7,3,6,7,0,0,1,1,0,0,0,0,5.25896E+20,5.79855E+21,9.38007E+15,5.23366E+16
130125,3,4,54,35,2018,2,8,6,3,1,6,0,0,1,0,0,0,0,2,3.88822E+20,5.84098E+21,7.35441E+15,5.27073E+16
130126,3,2,41,1,2018,2,17,6,3,5,3,0,1,1,0,0,0,0,0,5.49299E+20,5.80271E+21,9.72414E+15,5.23724E+16
130127,3,3,59,38,2018,2,16,3,3,5,2,0,1,1,0,0,0,0,1,5.29165E+20,5.93878E+21,9.44069E+15,5.35971E+16
130128,3,2,41,1,2018,2,18,6,3,8,1,2,0,1,0,0,0,0,0,5.57937E+20,5.80681E+21,9.85173E+15,5.24085E+16
130129,3,4,54,10,2018,2,18,2,3,0,1,2,0,0,0,1,0,0,2,3.83897E+20,5.80631E+21,7.29366E+15,5.23947E+16
130130,3,4,54,32,2018,2,16,6,3,2,2,0,0,1,0,1,0,0,0,3.87351E+20,5.82012E+21,7.33974E+15,5.25196E+16
130131,3,4,59,34,2018,2,8,2,3,5,3,0,0,1,0,0,0,0,0,4.31268E+20,5.77044E+21,7.99701E+15,5.20803E+16
130132,3,4,53,4,2018,2,16,6,3,5,2,0,1,1,0,0,0,0,0,4.35679E+20,5.8551E+21,8.04504E+15,5.28418E+16
130133,3,4,54,32,2018,2,3,1,2,0,1,2,1,0,0,0,0,0,0,3.85567E+20,5.82099E+21,7.31316E+15,5.2527E+16
130134,3,4,51,2,2018,2,10,6,3,5,3,0,0,1,0,0,0,0,1,4.33182E+20,5.89297E+21,8.00013E+15,5.31819E+16
130135,3,3,55,14,2018,2,16,4,3,5,3,0,0,1,0,0,0,0,0,5.94682E+20,5.89628E+21,1.04177E+16,5.32074E+16
130136,3,2,41,1,2018,2,22,6,3,6,4,2,0,1,1,0,0,0,0,5.52534E+20,5.80556E+21,9.77211E+15,5.23978E+16
130137,3,2,57,35,2018,2,13,3,3,6,4,0,0,1,1,0,0,0,0,5.12584E+20,5.79358E+21,9.1845E+15,5.22925E+16
130138,3,3,53,5,2018,2,14,2,3,5,2,0,0,1,0,0,0,0,0,5.56921E+20,5.90863E+21,9.85459E+15,5.33238E+16
130139,3,4,3,0,2018,2,8,6,3,5,3,0,1,0,0,0,0,1,2,4.45752E+20,5.88643E+21,8.18932E+15,5.31245E+16
130140,3,1,59,16,2018,2,19,1,2,8,1,2,0,0,0,1,0,0,0,5.62618E+20,5.71228E+21,9.90326E+15,5.15582E+16
130141,3,4,58,3,2018,2,9,6,3,8,1,0,0,0,0,0,1,0,2,4.63036E+20,5.87177E+21,8.44928E+15,5.29942E+16
130142,3,2,57,6,2018,2,8,4,3,1,6,0,0,1,0,0,0,0,0,5.26166E+20,5.79867E+21,9.38405E+15,5.23378E+16
130143,3,3,52,20,2018,2,17,1,3,8,1,0,0,1,0,0,0,0,2,5.13555E+20,5.94297E+21,9.20501E+15,5.36354E+16
130144,3,4,58,14,2018,2,6,6,3,0,1,2,0,0,0,1,0,0,2,4.60853E+20,5.86104E+21,8.41805E+15,5.28976E+16
130145,3,2,41,5,2018,2,7,4,3,6,4,0,0,1,1,0,0,0,0,5.41535E+20,5.80693E+21,9.61063E+15,5.2411E+16
130146,3,2,41,1,2018,2,20,6,2,6,4,2,0,0,1,0,0,1,0,5.4595E+20,5.80542E+21,9.67532E+15,5.23971E+16
130147,3,4,59,28,2018,2,14,2,2,6,6,0,0,1,1,0,0,0,0,4.22657E+20,5.83072E+21,7.85748E+15,5.2621E+16
130148,3,2,41,1,2018,2,9,2,3,5,3,0,1,1,0,0,0,0,1,5.54648E+20,5.80543E+21,9.80315E+15,5.23964E+16
130149,3,3,59,38,2018,2,10,6,3,2,6,0,0,1,0,0,0,0,1,5.31578E+20,5.93845E+21,9.47712E+15,5.35939E+16
130150,3,1,55,12,2018,2,14,5,3,9,7,0,0,1,0,0,0,0,0,5.43002E+20,5.72183E+21,9.62151E+15,5.16459E+16
130151,3,4,57,15,2018,2,15,7,3,5,3,0,1,1,0,0,0,0,0,4.04501E+20,5.91086E+21,7.56571E+15,5.33382E+16
130152,3,3,57,44,2018,2,10,6,2,6,7,0,0,1,1,0,0,0,1,5.34121E+20,5.90238E+21,9.51162E+15,5.32696E+16
130153,3,1,1,0,2018,2,14,4,3,3,6,0,0,1,0,0,1,0,0,6.03072E+20,5.78844E+21,1.05094E+16,5.22367E+16
130154,3,2,41,9,2018,2,18,6,2,2,6,1,0,1,0,0,0,0,0,5.54641E+20,5.79532E+21,9.80141E+15,5.23055E+16
130155,3,3,55,34,2018,2,16,6,3,0,1,0,1,0,0,0,0,0,1,5.76797E+20,5.88848E+21,1.01481E+16,5.31402E+16
130156,3,3,55,22,2018,2,21,6,3,5,3,2,0,1,0,0,0,0,0,5.96152E+20,5.90113E+21,1.04411E+16,5.32507E+16
130157,3,2,54,20,2018,2,8,6,3,5,3,0,0,1,0,0,0,0,1,5.65384E+20,5.78467E+21,9.95688E+15,5.22086E+16
130158,3,4,62,19,2018,2,13,2,3,5,3,0,0,1,0,0,0,0,0,4.18614E+20,5.93682E+21,7.77089E+15,5.35739E+16
130159,3,3,51,6,2018,2,17,6,3,5,2,1,0,1,0,0,0,1,0,5.70693E+20,5.83052E+21,1.00442E+16,5.26201E+16
130160,3,2,41,10,2018,2,13,2,3,0,7,0,1,0,1,0,0,0,0,5.4951E+20,5.81032E+21,9.72836E+15,5.24409E+16
130161,3,2,41,1,2018,2,8,6,3,5,3,0,1,1,0,0,0,0,1,5.42424E+20,5.80707E+21,9.62372E+15,5.24122E+16
130162,3,1,59,16,2018,2,7,5,3,5,3,0,1,1,0,0,0,0,1,5.65095E+20,5.71195E+21,9.93893E+15,5.15549E+16
130163,3,4,58,7,2018,2,18,7,3,8,1,2,0,1,0,0,0,0,0,4.53078E+20,5.86396E+21,8.30206E+15,5.29232E+16
130164,3,2,41,1,2018,2,10,6,3,7,7,0,0,1,0,0,0,1,1,5.50885E+20,5.79901E+21,9.74689E+15,5.2339E+16
130165,3,2,52,6,2018,2,15,6,3,5,3,0,0,1,0,0,0,1,0,5.23262E+20,5.77303E+21,9.33967E+15,5.21073E+16
130166,3,4,54,41,2018,2,12,3,3,2,6,0,0,1,0,0,0,0,0,3.9213E+20,5.88357E+21,7.3892E+15,5.30907E+16
130167,3,1,59,16,2018,2,16,6,3,5,7,0,0,1,0,0,0,0,0,5.64468E+20,5.71242E+21,9.92997E+15,5.15592E+16
130168,3,2,41,1,2018,2,16,6,3,6,4,0,0,1,1,0,0,0,0,5.48749E+20,5.80157E+21,9.7159E+15,5.23622E+16
130169,3,4,59,13,2018,2,10,6,3,4,6,0,1,0,0,0,0,0,0,4.53124E+20,5.80189E+21,8.31156E+15,5.23653E+16
130170,3,1,57,6,2018,2,12,3,3,2,6,0,0,1,0,0,0,0,1,5.84168E+20,5.79668E+21,1.02347E+16,5.2314E+16
130171,3,2,41,7,2018,2,9,6,3,0,7,0,1,0,0,0,0,0,2,5.49796E+20,5.79515E+21,9.73032E+15,5.23045E+16
130172,3,1,57,5,2018,2,10,2,3,2,2,0,0,1,0,0,0,0,0,5.89332E+20,5.78461E+21,1.03073E+16,5.22047E+16
130173,3,2,41,12,2018,2,6,6,3,5,3,2,1,1,0,0,0,0,2,5.31406E+20,5.81616E+21,9.46259E+15,5.24947E+16
130174,3,4,56,15,2018,2,6,4,3,5,3,2,1,1,0,0,0,0,0,3.68635E+20,5.80917E+21,7.06838E+15,5.2417E+16
130175,3,1,1,0,2018,2,13,6,2,6,4,0,0,0,1,0,0,1,0,6.03339E+20,5.7916E+21,1.05143E+16,5.22651E+16
130176,3,2,54,2,2018,2,13,2,3,5,3,0,0,1,0,0,0,0,1,5.56352E+20,5.75931E+21,9.82053E+15,5.19816E+16
130177,3,2,41,10,2018,2,14,6,3,5,3,0,1,0,0,0,1,0,0,5.48299E+20,5.81113E+21,9.71068E+15,5.24482E+16
130178,3,4,54,41,2018,2,7,4,3,5,2,0,1,1,0,0,0,0,0,3.92857E+20,5.88202E+21,7.40058E+15,5.30769E+16
130179,3,2,41,10,2018,2,13,7,3,5,3,0,1,1,0,0,0,0,0,5.45003E+20,5.81114E+21,9.66218E+15,5.24486E+16
130180,3,2,41,1,2018,2,10,6,3,5,3,0,1,1,0,0,0,0,0,5.52079E+20,5.79846E+21,9.76432E+15,5.2334E+16
130181,3,4,54,12,2018,2,12,5,3,3,2,0,0,1,0,0,0,0,0,4.01983E+20,5.81602E+21,7.55652E+15,5.24855E+16
130182,3,4,3,0,2018,2,15,3,3,5,2,0,0,1,0,0,0,0,0,4.46961E+20,5.89052E+21,8.20671E+15,5.31614E+16
130183,3,4,54,32,2018,2,12,5,3,1,7,0,0,1,0,1,0,0,0,3.86318E+20,5.8202E+21,7.3245E+15,5.252E+16
130184,3,4,57,13,2018,2,16,2,3,0,3,0,1,1,0,0,0,0,0,3.97063E+20,5.89937E+21,7.45776E+15,5.32337E+16
130185,3,1,59,19,2018,2,18,6,3,2,5,2,0,1,0,0,0,0,0,5.92581E+20,5.72434E+21,1.03386E+16,5.16624E+16
130186,3,2,52,5,2018,2,23,7,3,9,1,2,0,1,0,0,0,0,0,5.25548E+20,5.76696E+21,9.37258E+15,5.20526E+16
130187,3,4,51,2,2018,2,17,1,3,8,1,0,0,1,0,0,0,0,2,4.34472E+20,5.89273E+21,8.01949E+15,5.31799E+16
130188,3,1,59,26,2018,2,18,6,3,5,2,2,0,1,0,1,0,0,0,5.85587E+20,5.73199E+21,1.02394E+16,5.17323E+16
130189,3,3,51,6,2018,2,19,4,3,5,3,2,1,1,0,0,0,0,0,5.72795E+20,5.8294E+21,1.00751E+16,5.26097E+16
130190,3,4,55,7,2018,2,10,5,3,5,3,0,0,1,0,0,0,0,0,4.27584E+20,5.93691E+21,7.90632E+15,5.3576E+16
130191,3,1,59,33,2018,2,19,3,3,2,2,2,0,1,0,0,0,0,0,5.81275E+20,5.71068E+21,1.0172E+16,5.15414E+16
130192,3,4,3,0,2018,2,19,5,3,5,3,2,0,1,0,0,0,0,1,4.45763E+20,5.88961E+21,8.18894E+15,5.31531E+16
130193,3,2,41,1,2018,2,7,3,2,6,4,0,0,1,1,0,0,0,0,5.51887E+20,5.80254E+21,9.76213E+15,5.23707E+16
130194,3,4,3,0,2018,2,7,5,3,5,3,1,1,0,0,0,0,0,0,4.45782E+20,5.89091E+21,8.189E+15,5.31648E+16
130195,3,4,3,0,2018,2,9,2,3,0,1,0,1,1,0,0,0,0,2,4.4893E+20,5.88417E+21,8.23716E+15,5.31045E+16
130196,3,2,54,8,2018,2,15,6,3,5,3,0,1,0,0,0,0,1,0,5.77932E+20,5.76305E+21,1.01355E+16,5.20126E+16
130197,3,3,51,4,2018,2,17,1,3,4,6,1,0,1,0,0,0,0,0,5.70403E+20,5.84605E+21,1.00433E+16,5.27597E+16
130198,3,2,54,21,2018,2,11,6,3,3,5,0,0,1,0,0,0,0,0,5.64611E+20,5.77813E+21,9.94432E+15,5.21499E+16
130199,3,2,41,1,2018,2,17,4,2,6,4,1,0,1,1,0,0,0,0,5.49869E+20,5.80294E+21,9.73255E+15,5.23744E+16
130200,3,2,51,37,2018,2,18,5,3,5,2,2,0,1,0,0,0,0,0,4.79539E+20,5.87506E+21,8.69493E+15,5.30247E+16
130201,3,4,56,27,2018,2,7,2,3,5,3,1,1,1,0,0,0,0,1,3.79111E+20,5.7978E+21,7.22644E+15,5.23172E+16
130202,3,2,41,1,2018,2,16,2,3,3,6,0,0,1,0,0,0,0,0,5.53955E+20,5.80531E+21,9.79295E+15,5.23954E+16
130203,3,2,54,21,2018,2,22,6,3,4,2,2,0,1,0,0,0,0,1,5.6487E+20,5.7782E+21,9.94812E+15,5.21505E+16
130204,3,2,54,43,2018,2,7,5,3,6,4,1,0,1,1,0,0,0,0,5.53664E+20,5.77064E+21,9.78317E+15,5.20837E+16
130205,3,4,53,10,2018,2,10,7,3,5,3,0,1,1,0,0,0,0,0,4.17982E+20,5.85581E+21,7.78218E+15,5.28458E+16
130206,3,2,52,6,2018,2,16,6,3,3,2,0,1,1,0,0,0,0,0,5.27083E+20,5.77209E+21,9.39537E+15,5.20987E+16
130207,3,3,53,5,2018,2,8,2,3,2,6,0,0,1,0,0,0,0,2,5.57156E+20,5.90866E+21,9.85812E+15,5.33241E+16
130208,3,1,59,16,2018,2,16,6,3,6,4,0,1,0,1,0,0,0,0,5.64837E+20,5.7126E+21,9.93533E+15,5.15607E+16
130209,3,1,53,18,2018,2,15,1,2,8,1,0,0,0,0,1,0,0,2,5.89689E+20,5.73913E+21,1.03006E+16,5.17958E+16
130210,3,4,4,0,2018,2,21,5,3,3,2,2,0,1,0,0,0,0,1,4.31271E+20,5.7956E+21,7.99195E+15,5.23065E+16
130211,3,1,3,0,2018,2,8,4,3,2,6,0,0,1,0,0,0,0,1,6.20701E+20,5.80943E+21,1.0775E+16,5.24218E+16
130212,3,4,1,0,2018,2,15,5,3,5,3,0,1,1,0,0,0,0,0,4.76683E+20,5.87899E+21,8.65207E+15,5.30599E+16
130213,3,4,53,4,2018,2,10,2,3,5,3,0,0,1,0,0,0,0,0,4.37214E+20,5.85639E+21,8.06758E+15,5.28536E+16
130214,3,4,4,0,2018,2,18,5,2,6,4,2,0,1,1,0,0,0,1,4.33659E+20,5.79325E+21,8.02742E+15,5.22856E+16
130215,3,4,4,0,2018,2,21,4,2,6,7,2,1,0,1,0,0,0,0,4.34529E+20,5.79006E+21,8.0408E+15,5.2257E+16
130216,3,2,56,32,2018,2,15,2,3,5,3,0,0,1,0,0,0,0,0,5.04701E+20,5.81897E+21,9.06929E+15,5.25208E+16
130217,3,4,56,15,2018,2,7,5,3,3,6,1,1,1,0,0,0,0,1,3.67634E+20,5.81029E+21,7.05322E+15,5.24267E+16
130218,3,4,59,14,2018,2,7,4,3,4,6,2,0,0,0,1,1,0,1,4.27522E+20,5.80404E+21,7.93515E+15,5.23818E+16
130219,3,3,58,21,2018,2,2,7,2,8,1,2,0,1,0,0,0,0,2,5.48106E+20,5.86894E+21,9.71629E+15,5.29679E+16
130220,3,4,54,35,2018,2,18,5,3,5,3,2,1,1,0,0,0,0,1,3.86043E+20,5.83985E+21,7.31368E+15,5.26966E+16
130221,3,2,41,1,2018,2,14,5,3,5,3,0,1,1,0,0,0,0,0,5.49547E+20,5.80226E+21,9.72772E+15,5.23684E+16
130222,3,4,53,4,2018,2,15,3,3,6,2,0,0,1,1,0,0,0,0,4.35323E+20,5.85605E+21,8.03957E+15,5.28503E+16