OBJECTID_1,ULAND,UREGBEZ,UKREIS,UGEMEINDE,UJAHR,UMONAT,USTUNDE,UWOCHENTAG,UKATEGORIE,UART,UTYP1,ULICHTVERH,IstRad,IstPKW,IstFuss,IstKrad,IstGkfz,IstSonstig,STRZUSTAND,LINREFX,LINREFY,XGCSWGS84,YGCSWGS84
130223,3,2,41,1,2018,2,12,5,3,5,3,0,1,0,0,0,0,1,0,5.545E+20,5.80615E+21,9.8011E+15,5.24029E+16
130224,3,1,53,12,2018,2,15,3,3,5,3,0,0,1,0,1,0,0,1,5.7756E+20,5.75566E+21,1.01284E+16,5.19462E+16
130225,3,4,53,4,2018,2,7,5,3,5,3,0,1,0,0,0,0,1,0,4.3613E+20,5.85612E+21,8.05154E+15,5.28511E+16
130226,3,4,59,19,2018,2,14,3,3,6,7,0,0,1,1,0,0,0,0,4.36303E+20,5.78453E+21,8.06783E+15,5.22075E+16
130227,3,4,3,0,2018,2,21,5,3,5,3,2,0,1,0,0,0,0,0,4.45275E+20,5.88785E+21,8.18194E+15,5.31372E+16
130228,3,4,3,0,2018,2,18,5,3,5,5,2,0,1,0,0,0,0,1,4.44499E+20,5.88761E+21,8.17039E+15,5.3135E+16
130229,3,1,59,16,2018,2,11,2,3,0,3,0,1,1,0,0,0,0,0,5.63877E+20,5.7089E+21,9.92081E+15,5.15276E+16
130230,3,2,51,46,2018,2,12,5,3,5,3,0,0,1,0,0,0,0,1,4.62838E+20,5.83052E+21,8.45101E+15,5.26234E+16
130231,3,4,56,15,2018,2,7,4,3,5,3,1,1,1,0,0,0,0,0,3.69256E+20,5.80864E+21,7.07771E+15,5.24123E+16
130232,3,1,55,13,2018,2,8,7,3,5,3,0,0,1,0,0,0,0,0,5.60348E+20,5.74153E+21,9.87558E+15,5.18214E+16
130233,3,3,52,11,2018,2,12,5,3,8,1,0,0,1,0,0,0,0,0,4.79548E+20,5.96549E+21,8.6892E+15,5.38376E+16
130234,3,3,52,32,2018,2,9,3,3,0,3,0,1,0,0,0,1,0,0,4.79736E+20,5.92849E+21,8.69448E+15,5.3505E+16
130235,3,4,56,15,2018,2,18,2,3,5,7,2,1,1,0,0,0,0,0,3.68906E+20,5.81025E+21,7.07193E+15,5.24267E+16
130236,3,3,53,35,2018,2,8,5,3,6,2,0,0,1,1,0,0,0,0,5.4741E+20,5.90323E+21,9.71101E+15,5.32762E+16
130237,3,3,52,61,2018,2,16,1,3,9,1,0,0,1,0,0,0,0,2,4.773E+20,5.95097E+21,8.65611E+15,5.37069E+16
130238,3,3,57,44,2018,2,14,5,3,3,3,0,1,1,0,0,0,0,0,5.33743E+20,5.9032E+21,9.50605E+15,5.32769E+16
130239,3,2,41,5,2018,2,9,4,3,6,4,0,0,1,1,0,0,0,0,5.40448E+20,5.80955E+21,9.59497E+15,5.24346E+16
130240,3,4,57,14,2018,2,14,1,3,2,2,0,0,1,0,0,0,1,0,3.97005E+20,5.90803E+21,7.45409E+15,5.33114E+16
130241,3,3,55,30,2018,2,18,5,3,5,7,2,1,1,0,0,0,0,2,6.05866E+20,5.89763E+21,1.05855E+16,5.32174E+16
130242,3,4,58,5,2018,2,15,4,3,3,5,0,1,1,0,0,0,0,0,4.69615E+20,5.87671E+21,8.54683E+15,5.30391E+16
130243,3,1,55,10,2018,2,17,3,3,6,6,1,0,1,1,0,0,0,1,5.64744E+20,5.71929E+21,9.93523E+15,5.16209E+16
130244,3,2,51,40,2018,2,14,2,3,5,3,0,1,1,0,0,0,0,1,4.86198E+20,5.83683E+21,8.79584E+15,5.26813E+16
130245,3,2,41,1,2018,2,17,5,3,5,2,1,0,1,0,0,0,1,2,5.48641E+20,5.80259E+21,9.71446E+15,5.23714E+16
130246,3,2,41,11,2018,2,13,1,2,5,3,0,0,1,0,0,0,0,0,5.6686E+20,5.80392E+21,9.9823E+15,5.23815E+16
130247,3,2,41,1,2018,2,16,5,3,3,2,0,0,1,0,1,0,0,1,5.55195E+20,5.80392E+21,9.81094E+15,5.23827E+16
130248,3,2,41,1,2018,2,15,4,3,3,7,0,0,1,0,0,0,0,0,5.47297E+20,5.80218E+21,9.69466E+15,5.23678E+16
130249,3,1,3,0,2018,2,22,7,3,1,5,2,1,1,0,0,0,0,0,6.20526E+20,5.80789E+21,1.07719E+16,5.24079E+16
130250,3,4,56,15,2018,2,8,2,3,0,7,0,1,1,0,0,0,0,0,3.68794E+20,5.80926E+21,7.07068E+15,5.24178E+16
130251,3,2,41,1,2018,2,14,5,3,5,3,0,1,1,0,0,0,0,1,5.54909E+20,5.80271E+21,9.80654E+15,5.23719E+16
130252,3,1,57,6,2018,2,8,3,3,6,7,0,0,1,1,0,0,0,0,5.85264E+20,5.79816E+21,1.02512E+16,5.23271E+16
130253,3,2,41,1,2018,2,13,2,3,0,7,0,1,0,0,0,0,0,0,5.54395E+20,5.80412E+21,9.79922E+15,5.23846E+16
130254,3,2,41,1,2018,2,16,5,3,5,3,0,1,1,0,0,0,0,1,5.5383E+20,5.80629E+21,9.79127E+15,5.24042E+16
130255,3,2,41,11,2018,2,12,5,3,1,5,0,0,1,0,0,1,0,0,5.66074E+20,5.80405E+21,9.97078E+15,5.23827E+16
130256,3,4,4,0,2018,2,11,7,3,4,6,0,1,0,0,0,0,0,0,4.32602E+20,5.79441E+21,8.0117E+15,5.22959E+16
130257,3,2,41,6,2018,2,19,5,3,6,2,2,0,1,1,0,0,0,1,5.40839E+20,5.79626E+21,9.5991E+15,5.23152E+16
130258,3,1,51,25,2018,2,10,4,3,5,3,0,1,1,0,0,0,0,0,6.08027E+20,5.82049E+21,1.05923E+16,5.25238E+16
130259,3,2,41,1,2018,2,18,5,3,2,6,2,0,1,0,0,0,0,1,5.48998E+20,5.80298E+21,9.71976E+15,5.23749E+16
130260,3,1,55,11,2018,2,16,5,3,5,3,1,0,1,0,0,0,0,1,5.69287E+20,5.72827E+21,1.00026E+16,5.17011E+16
130261,3,4,56,14,2018,2,14,4,3,5,3,0,0,1,0,0,0,0,0,3.61661E+20,5.81827E+21,6.96213E+15,5.2497E+16
130262,3,2,56,22,2018,2,21,2,3,3,2,2,0,1,0,0,0,0,2,5.14917E+20,5.83442E+21,9.22054E+15,5.26596E+16
130263,3,4,54,5,2018,2,20,4,3,4,6,2,1,1,0,0,0,0,0,4.02025E+20,5.86391E+21,7.54288E+15,5.29159E+16
130264,3,2,54,14,2018,3,6,4,3,0,3,1,0,1,0,1,0,0,0,5.49705E+20,5.77462E+21,9.72598E+15,5.21199E+16
130265,3,1,59,10,2018,3,13,4,3,2,6,0,0,1,0,1,0,0,0,5.87938E+20,5.70711E+21,1.02671E+16,5.15083E+16
130266,3,1,59,16,2018,3,12,4,3,1,5,0,0,1,0,0,0,0,0,5.62108E+20,5.70999E+21,9.89551E+15,5.15376E+16
130267,3,1,1,0,2018,3,12,4,3,1,5,0,1,1,0,0,0,0,0,6.03455E+20,5.79102E+21,1.05158E+16,5.22598E+16
130268,3,1,59,17,2018,3,10,2,3,6,4,0,0,1,1,0,0,0,1,5.45561E+20,5.69619E+21,9.65517E+15,5.14151E+16
130269,3,4,59,21,2018,3,9,3,3,4,1,0,0,1,0,0,0,0,0,4.27759E+20,5.78979E+21,7.94169E+15,5.22537E+16
130270,3,2,41,1,2018,3,11,7,3,0,1,0,1,0,0,0,0,0,1,5.46559E+20,5.8033E+21,9.68398E+15,5.2378E+16
130271,3,4,2,0,2018,3,8,3,3,2,6,0,0,1,0,0,0,0,0,3.80451E+20,5.91483E+21,7.20318E+15,5.3369E+16
130272,3,4,54,41,2018,3,18,3,2,5,3,1,0,1,0,1,0,0,0,3.9225E+20,5.88206E+21,7.39151E+15,5.30772E+16
130273,3,4,54,8,2018,3,7,3,3,7,7,1,0,0,0,1,0,1,0,3.8724E+20,5.8699E+21,7.321E+15,5.29668E+16
130274,3,4,53,4,2018,3,12,2,3,5,3,0,1,1,0,0,0,0,0,4.35497E+20,5.85788E+21,8.04179E+15,5.28667E+16
130275,3,4,52,19,2018,3,7,3,3,5,3,0,0,1,0,0,0,0,1,3.82988E+20,5.94019E+21,7.23184E+15,5.35975E+16
130276,3,4,54,52,2018,3,1,1,3,8,1,2,0,1,0,0,0,0,1,3.78734E+20,5.86076E+21,7.19783E+15,5.28828E+16
130277,3,4,60,6,2018,3,6,3,3,5,3,2,1,1,0,0,0,0,0,4.48534E+20,5.83538E+21,8.23897E+15,5.26659E+16
130278,3,4,53,4,2018,3,16,3,3,5,3,0,0,1,0,0,0,0,0,4.38897E+20,5.85493E+21,8.09285E+15,5.28406E+16
130279,3,1,58,18,2018,3,7,2,3,4,1,0,0,1,0,0,0,0,1,5.85641E+20,5.76898E+21,1.02493E+16,5.20648E+16
130280,3,3,53,40,2018,3,11,5,2,5,3,0,1,0,0,0,0,0,0,5.8033E+20,5.91326E+21,1.02071E+16,5.33624E+16
130281,3,2,41,1,2018,2,9,3,2,5,2,0,1,1,0,0,0,0,1,5.48262E+20,5.80248E+21,9.70888E+15,5.23705E+16
130282,3,4,4,0,2018,3,9,6,3,5,7,0,1,1,0,0,0,0,0,4.34722E+20,5.79555E+21,8.04256E+15,5.23064E+16
130283,3,4,55,26,2018,3,17,3,3,5,3,0,1,1,0,0,0,0,0,4.39963E+20,5.91682E+21,8.09709E+15,5.33971E+16
130284,3,2,51,40,2018,3,6,3,3,5,2,1,1,1,0,0,0,0,1,4.88698E+20,5.83712E+21,8.83281E+15,5.26839E+16
130285,3,4,1,0,2018,3,9,3,3,0,1,0,0,0,0,1,0,0,1,4.75316E+20,5.87661E+21,8.63186E+15,5.30384E+16
130286,3,2,51,12,2018,3,17,2,3,5,3,0,1,1,0,0,0,0,0,4.57855E+20,5.82923E+21,8.37757E+15,5.26115E+16
130287,3,3,53,31,2018,3,17,3,3,5,3,0,0,1,0,0,0,0,0,5.69225E+20,5.91685E+21,1.00411E+16,5.33962E+16
130288,3,2,41,10,2018,3,11,1,3,5,3,0,1,1,0,0,0,0,0,5.49859E+20,5.81353E+21,9.73399E+15,5.24697E+16
130289,3,1,3,0,2018,3,17,6,3,2,6,0,0,1,0,0,0,0,0,6.25642E+20,5.80955E+21,1.08477E+16,5.24218E+16
130290,3,3,59,10,2018,3,14,3,3,2,6,0,0,1,0,0,0,0,0,5.47762E+20,5.92428E+21,9.71946E+15,5.34653E+16
130291,3,3,55,22,2018,3,21,6,3,4,2,2,0,1,0,0,0,0,0,5.94031E+20,5.90128E+21,1.04094E+16,5.32524E+16
130292,3,3,55,22,2018,3,15,3,2,0,7,0,0,1,0,0,0,1,0,5.92716E+20,5.89679E+21,1.03884E+16,5.32123E+16
130293,3,2,41,1,2018,3,14,3,3,3,6,0,1,1,0,0,0,0,0,5.50805E+20,5.80396E+21,9.74645E+15,5.23836E+16
130294,3,2,41,21,2018,3,16,3,3,5,3,0,0,1,0,0,0,0,0,5.2908E+20,5.8093E+21,9.42773E+15,5.24332E+16
130295,3,3,53,40,2018,3,7,2,3,5,7,0,1,1,0,0,0,0,1,5.79953E+20,5.91093E+21,1.02009E+16,5.33414E+16
130296,3,2,41,17,2018,3,13,3,3,5,3,0,0,1,0,1,0,0,0,5.37248E+20,5.78446E+21,9.54512E+15,5.22093E+16
130297,3,4,4,0,2018,3,14,7,3,5,2,0,0,1,0,0,0,1,0,4.3448E+20,5.79136E+21,8.03983E+15,5.22687E+16
130298,3,2,57,35,2018,3,19,3,3,5,3,2,1,1,0,0,0,0,0,5.13843E+20,5.79719E+21,9.20311E+15,5.23248E+16
130299,3,2,54,21,2018,3,7,3,3,5,3,0,1,1,0,0,0,0,0,5.64004E+20,5.77843E+21,9.93551E+15,5.21526E+16
130300,3,2,52,6,2018,3,7,3,3,5,2,0,1,1,0,0,0,0,1,5.25616E+20,5.7727E+21,9.374E+15,5.21042E+16
130301,3,1,57,6,2018,3,9,3,3,3,2,0,0,1,0,0,0,0,0,5.84039E+20,5.79605E+21,1.02327E+16,5.23083E+16
130302,3,2,41,1,2018,3,7,2,3,6,4,0,0,1,1,0,0,0,1,5.5018E+20,5.80444E+21,9.73734E+15,5.23879E+16
130303,3,1,1,0,2018,3,12,3,3,5,3,0,0,1,0,0,0,0,0,6.05236E+20,5.79276E+21,1.05424E+16,5.22752E+16
130304,3,4,4,0,2018,3,21,2,2,6,6,2,0,1,1,0,0,0,0,4.33143E+20,5.79382E+21,8.01975E+15,5.22907E+16
130305,3,2,41,1,2018,3,12,2,3,2,6,0,0,1,0,0,0,0,1,5.5198E+20,5.80532E+21,9.76393E+15,5.23956E+16
130306,3,4,4,0,2018,3,16,2,3,1,5,0,1,1,0,0,0,0,0,4.35222E+20,5.78948E+21,8.05107E+15,5.22519E+16
130307,3,4,51,5,2018,3,12,7,3,4,2,0,0,1,0,0,0,0,1,4.49615E+20,5.89538E+21,8.24563E+15,5.32053E+16
130308,3,4,54,35,2018,3,15,2,2,6,2,0,0,1,1,0,0,0,0,3.84086E+20,5.83983E+21,7.28475E+15,5.2696E+16
130309,3,2,41,1,2018,2,6,3,3,0,6,1,0,1,1,0,0,0,2,5.58232E+20,5.8052E+21,9.85578E+15,5.2394E+16
130310,3,4,52,1,2018,3,13,2,3,5,3,0,1,1,0,0,0,0,0,3.9935E+20,5.9246E+21,7.48399E+15,5.34608E+16
130311,3,4,53,7,2018,3,14,2,3,5,2,0,1,0,0,0,1,0,0,4.23315E+20,5.87563E+21,7.85666E+15,5.30247E+16
130312,3,4,53,3,2018,3,13,2,3,4,6,0,0,1,0,0,0,1,1,4.4055E+20,5.85165E+21,8.11797E+15,5.28113E+16
130313,3,4,5,0,2018,3,8,2,3,1,1,0,1,1,0,0,0,0,1,4.40326E+20,5.93133E+21,8.09979E+15,5.35275E+16
130314,3,1,59,16,2018,3,15,2,3,5,2,0,1,1,0,0,0,0,0,5.64771E+20,5.71012E+21,9.93392E+15,5.15385E+16
130315,3,3,59,10,2018,3,22,5,3,3,6,2,0,1,0,1,0,0,1,5.50973E+20,5.92297E+21,9.76761E+15,5.34533E+16
130316,3,2,56,22,2018,2,17,3,3,2,6,0,0,1,0,0,0,0,2,5.1439E+20,5.83232E+21,9.21266E+15,5.26407E+16
130317,3,1,51,9,2018,3,20,7,3,5,3,2,0,1,0,0,0,0,0,6.04679E+20,5.81705E+21,1.05419E+16,5.24936E+16
130318,3,4,5,0,2018,3,10,2,3,5,3,0,0,1,0,0,0,0,1,4.4071E+20,5.93156E+21,8.10553E+15,5.35296E+16
130319,3,4,51,4,2018,3,5,2,3,5,3,2,1,1,0,0,0,0,0,4.32635E+20,5.88589E+21,7.99344E+15,5.31182E+16
130320,3,2,51,41,2018,3,8,2,3,5,3,0,1,1,0,0,0,0,1,4.87808E+20,5.86249E+21,8.8187E+15,5.29119E+16
130321,3,2,41,10,2018,3,11,7,3,2,6,0,0,1,0,0,0,0,0,5.49924E+20,5.81009E+21,9.73442E+15,5.24387E+16
130322,3,4,1,0,2018,3,8,5,3,0,5,0,1,1,0,0,0,0,0,4.74621E+20,5.87785E+21,8.6214E+15,5.30496E+16
130323,3,3,60,25,2018,3,5,2,2,0,7,2,1,0,0,0,0,0,2,6.04255E+20,5.87121E+21,1.05528E+16,5.29803E+16
130324,3,2,41,1,2018,3,8,2,3,5,3,0,1,1,0,0,0,0,1,5.50314E+20,5.80352E+21,9.73918E+15,5.23796E+16
130325,3,2,41,10,2018,3,10,2,3,2,6,0,0,1,0,0,0,0,1,5.50402E+20,5.81128E+21,9.74164E+15,5.24494E+16
130326,3,2,41,1,2018,3,7,2,3,4,1,0,0,1,0,0,0,1,2,5.57746E+20,5.80704E+21,9.84895E+15,5.24105E+16
130327,3,2,41,1,2018,3,7,2,3,0,1,0,1,1,0,0,0,0,1,5.50953E+20,5.80544E+21,9.74886E+15,5.23968E+16
130328,3,1,1,0,2018,3,18,2,3,4,1,2,0,1,0,0,0,0,1,6.03992E+20,5.79778E+21,1.05258E+16,5.23205E+16
130329,3,3,54,4,2018,3,9,5,2,4,2,0,1,1,0,0,0,0,1,6.41705E+20,5.88547E+21,1.11165E+16,5.30998E+16
130330,3,2,51,41,2018,3,13,6,3,6,4,0,0,1,1,0,0,0,0,4.88443E+20,5.86286E+21,8.82812E+15,5.29153E+16
130331,3,2,57,9,2018,3,15,2,3,2,6,0,0,1,0,0,0,0,0,5.02874E+20,5.79033E+21,9.04211E+15,5.22634E+16
130332,3,2,54,21,2018,3,14,2,3,2,6,0,0,1,0,0,0,0,0,5.65824E+20,5.7797E+21,9.96236E+15,5.21638E+16
130333,3,1,54,12,2018,3,8,2,3,1,1,0,0,1,0,0,1,0,2,6.30225E+20,5.77184E+21,1.09005E+16,5.20818E+16
130334,3,4,58,10,2018,3,7,2,3,8,1,0,0,1,0,0,0,0,1,4.57175E+20,5.88431E+21,8.3603E+15,5.31065E+16
130335,3,1,54,28,2018,3,15,2,3,5,3,0,1,1,0,0,0,0,0,6.36603E+20,5.78942E+21,1.10006E+16,5.22382E+16
130336,3,2,54,21,2018,3,1,1,3,0,7,2,0,1,0,0,0,0,0,5.65092E+20,5.77813E+21,9.95135E+15,5.21498E+16
130337,3,1,54,8,2018,3,5,2,3,8,1,2,0,1,0,0,0,0,2,6.37226E+20,5.79605E+21,1.10124E+16,5.22977E+16
130338,3,3,56,8,2018,3,17,2,3,5,3,0,1,0,0,0,0,0,0,4.83057E+20,5.89209E+21,8.7465E+15,5.31779E+16
130339,3,1,3,0,2018,3,14,2,3,5,3,0,1,1,0,0,0,0,0,6.22215E+20,5.81116E+21,1.07979E+16,5.24369E+16
130340,3,3,59,13,2018,3,1,1,3,9,1,2,0,1,0,0,0,0,1,5.25346E+20,5.95624E+21,9.38441E+15,5.37541E+16
130341,3,2,41,1,2018,3,12,6,3,5,3,0,0,1,0,0,0,1,0,5.54695E+20,5.80524E+21,9.80381E+15,5.23946E+16
130342,3,1,1,0,2018,3,10,2,2,0,1,0,1,0,0,0,0,0,1,6.03903E+20,5.78916E+21,1.05218E+16,5.22431E+16
130343,3,1,1,0,2018,3,12,2,3,4,2,0,0,1,0,1,0,0,0,6.02046E+20,5.79239E+21,1.04956E+16,5.22724E+16
130344,3,4,57,2,2018,3,19,1,3,0,1,1,0,0,0,1,0,0,2,3.44958E+20,5.94011E+21,6.65768E+15,5.35869E+16
130345,3,3,60,25,2018,3,17,2,3,2,2,0,0,1,0,0,0,0,1,6.03924E+20,5.87185E+21,1.05481E+16,5.29862E+16
130346,3,3,55,22,2018,3,19,5,3,6,2,2,0,1,1,0,0,0,1,5.95328E+20,5.89972E+21,1.04284E+16,5.32382E+16
130347,3,4,55,7,2018,3,15,5,3,2,6,0,0,1,0,0,0,0,1,4.27549E+20,5.93649E+21,7.90588E+15,5.35722E+16
130348,3,4,56,27,2018,3,14,1,3,4,2,0,1,1,0,0,0,0,0,3.78664E+20,5.79806E+21,7.21978E+15,5.23195E+16
130349,3,4,54,41,2018,3,14,7,3,2,2,0,0,1,0,0,1,0,0,3.9181E+20,5.88288E+21,7.38466E+15,5.30844E+16
130350,3,3,61,5,2018,3,11,1,3,6,5,0,0,1,1,0,0,0,0,5.23422E+20,5.85499E+21,9.34775E+15,5.28441E+16
130351,3,3,55,22,2018,3,13,1,3,0,6,0,1,1,0,0,0,0,0,5.94439E+20,5.90116E+21,1.04155E+16,5.32512E+16
130352,3,1,1,0,2018,3,9,6,3,5,7,0,1,1,0,0,0,0,0,6.02583E+20,5.79266E+21,1.05035E+16,5.22747E+16
130353,3,3,51,6,2018,3,12,1,3,6,4,0,0,1,1,0,0,0,0,5.72683E+20,5.82888E+21,1.00733E+16,5.26051E+16
130354,3,2,41,1,2018,3,10,1,3,6,7,0,0,1,1,0,0,0,2,5.58074E+20,5.80472E+21,9.85337E+15,5.23896E+16
130355,3,1,3,0,2018,3,19,1,3,2,6,1,0,1,0,0,0,0,0,6.22419E+20,5.81227E+21,1.08013E+16,5.24469E+16
130356,3,1,2,0,2018,3,17,1,3,5,3,0,0,1,0,0,0,0,0,5.9456E+20,5.76678E+21,1.03788E+16,5.20436E+16
130357,3,2,41,8,2018,3,12,2,3,5,2,0,1,1,0,0,0,0,1,5.53632E+20,5.81231E+21,9.78933E+15,5.24583E+16
130358,3,3,55,22,2018,3,17,5,3,3,2,0,1,1,0,0,0,0,1,5.94186E+20,5.90132E+21,1.04117E+16,5.32527E+16
130359,3,4,59,3,2018,3,22,7,3,4,6,2,1,1,0,0,0,0,0,4.55828E+20,5.79699E+21,8.35192E+15,5.23214E+16
130360,3,3,58,19,2018,3,10,7,3,4,6,0,0,1,0,0,0,0,1,5.52534E+20,5.88587E+21,9.78498E+15,5.31196E+16
130361,3,4,55,25,2018,3,13,7,3,2,2,0,0,1,0,0,0,0,0,4.3527E+20,5.91642E+21,8.0266E+15,5.33929E+16
130362,3,1,59,16,2018,2,8,3,3,5,3,0,0,1,0,0,0,0,2,5.61471E+20,5.71114E+21,9.88652E+15,5.1548E+16
130363,3,4,3,0,2018,3,12,7,3,5,2,0,1,1,0,0,0,0,0,4.47712E+20,5.88955E+21,8.21809E+15,5.31527E+16
130364,3,2,51,41,2018,3,13,7,3,2,2,0,0,1,0,0,0,0,0,4.88443E+20,5.86286E+21,8.82812E+15,5.29153E+16
130365,3,3,58,23,2018,3,13,7,3,5,3,0,0,1,0,0,0,0,0,5.65526E+20,5.86369E+21,9.97458E+15,5.29189E+16
130366,3,2,41,1,2018,3,8,5,3,6,2,0,0,1,1,0,0,0,0,5.51057E+20,5.80315E+21,9.75003E+15,5.23762E+16
130367,3,2,41,1,2018,3,17,7,3,1,5,0,1,1,0,0,0,0,2,5.47998E+20,5.803E+21,9.70508E+15,5.23752E+16
130368,3,1,3,0,2018,3,9,2,3,2,2,0,0,1,0,0,0,1,1,6.21802E+20,5.80981E+21,1.07913E+16,5.24249E+16
130369,3,2,41,1,2018,3,12,7,3,4,7,0,0,1,0,0,0,0,0,5.48729E+20,5.80383E+21,9.71594E+15,5.23825E+16
130370,3,1,1,0,2018,3,16,7,3,8,1,0,0,1,0,0,0,0,0,6.01072E+20,5.79041E+21,1.04807E+16,5.22548E+16
130371,3,1,1,0,2018,3,14,7,3,2,6,0,0,1,0,0,0,0,0,6.03688E+20,5.79013E+21,1.0519E+16,5.22518E+16
130372,3,2,57,35,2018,3,19,2,3,5,2,2,1,1,0,0,0,0,0,5.13128E+20,5.79748E+21,9.19264E+15,5.23275E+16
130373,3,2,41,13,2018,3,11,5,3,5,3,0,0,1,0,0,1,0,0,5.52721E+20,5.79069E+21,9.77253E+15,5.2264E+16
130374,3,1,1,0,2018,3,12,7,3,2,6,0,0,1,0,0,0,0,0,6.03252E+20,5.78947E+21,1.05124E+16,5.22459E+16
130375,3,2,41,1,2018,3,17,7,3,0,1,0,1,0,0,0,0,0,0,5.4842E+20,5.80267E+21,9.71124E+15,5.23722E+16
130376,3,4,4,0,2018,3,12,6,3,3,7,0,0,1,0,0,0,0,0,4.35401E+20,5.79204E+21,8.0532E+15,5.22749E+16
130377,3,4,4,0,2018,3,9,6,3,2,2,0,0,1,1,0,0,0,0,4.36965E+20,5.7924E+21,8.07604E+15,5.22783E+16
130378,3,4,4,0,2018,3,9,6,3,2,7,0,0,1,0,0,1,1,0,4.35715E+20,5.79145E+21,8.05791E+15,5.22697E+16
130379,3,4,54,47,2018,3,15,6,3,5,2,0,1,1,0,0,0,0,0,4.00261E+20,5.85562E+21,7.5192E+15,5.28411E+16
130380,3,2,41,1,2018,3,7,5,2,6,4,0,0,1,1,0,0,0,0,5.4187E+20,5.80778E+21,9.61567E+15,5.24186E+16
130381,3,4,54,10,2018,3,8,6,3,4,2,0,0,1,0,0,0,0,0,3.84818E+20,5.80616E+21,7.30725E+15,5.23935E+16
130382,3,1,1,0,2018,3,7,2,3,5,3,0,0,1,0,0,0,0,1,5.98875E+20,5.79602E+21,1.04502E+16,5.23056E+16
130383,3,2,41,1,2018,3,9,5,3,6,7,0,0,1,1,0,0,0,1,5.44759E+20,5.80685E+21,9.65801E+15,5.241E+16
130384,3,3,57,8,2018,3,23,6,3,0,3,2,1,1,0,0,0,0,1,5.09623E+20,5.92702E+21,9.14505E+15,5.34921E+16
130385,3,4,62,19,2018,3,17,6,3,0,5,0,1,1,0,0,0,0,0,4.196E+20,5.93738E+21,7.78563E+15,5.35791E+16
130386,3,4,4,0,2018,3,11,6,3,5,2,0,1,1,0,0,0,0,0,4.36391E+20,5.79031E+21,8.06802E+15,5.22595E+16
130387,3,4,55,25,2018,3,9,6,3,5,3,0,0,1,0,0,0,0,0,4.35068E+20,5.91459E+21,8.02394E+15,5.33764E+16
130388,3,4,5,0,2018,3,15,6,3,1,5,0,1,1,0,0,0,0,0,4.40472E+20,5.93424E+21,8.10144E+15,5.35537E+16
130389,3,4,5,0,2018,3,19,6,3,2,6,2,0,1,0,0,0,0,0,4.40824E+20,5.93074E+21,8.10741E+15,5.35222E+16
130390,3,2,51,40,2018,3,8,2,3,5,3,0,1,1,0,0,0,0,0,4.85978E+20,5.83708E+21,8.79257E+15,5.26835E+16
130391,3,1,59,14,2018,3,9,5,3,5,3,0,0,1,0,1,0,0,1,5.83424E+20,5.71757E+21,1.02046E+16,5.1603E+16
130392,3,3,61,12,2018,3,5,6,3,1,5,2,1,1,0,0,0,0,0,5.15943E+20,5.86278E+21,9.2371E+15,5.29145E+16
130393,3,2,41,10,2018,3,18,1,3,0,4,0,0,1,1,0,0,0,0,5.50561E+20,5.8097E+21,9.74374E+15,5.24352E+16
130394,3,2,55,2,2018,3,20,6,3,8,1,2,0,1,0,0,0,0,0,5.31992E+20,5.74846E+21,9.46483E+15,5.1886E+16
130395,3,3,61,12,2018,3,8,6,3,5,3,0,1,1,0,0,0,0,0,5.16428E+20,5.86353E+21,9.24434E+15,5.29212E+16
130396,3,4,3,0,2018,3,12,6,3,6,7,0,1,0,1,0,0,0,0,4.47961E+20,5.88801E+21,8.22207E+15,5.3139E+16
130397,3,4,3,0,2018,3,13,6,3,3,6,0,1,0,0,0,0,0,0,4.47052E+20,5.88494E+21,8.20899E+15,5.31113E+16
130398,3,2,41,1,2018,3,15,2,3,4,2,0,0,1,0,0,0,0,1,5.49575E+20,5.80518E+21,9.72857E+15,5.23946E+16
130399,3,4,3,0,2018,3,7,6,3,6,4,0,0,1,1,0,0,0,0,4.47147E+20,5.88796E+21,8.20991E+15,5.31384E+16
130400,3,3,59,28,2018,3,12,6,3,0,7,0,1,0,0,0,0,1,0,5.46246E+20,5.93116E+21,9.69764E+15,5.35273E+16
130401,3,3,52,59,2018,3,12,2,2,6,7,0,0,1,1,0,0,0,0,4.88024E+20,5.92057E+21,8.81974E+15,5.34341E+16
130402,3,1,59,16,2018,3,6,5,3,4,2,2,1,1,0,0,0,0,1,5.63386E+20,5.71042E+21,9.91402E+15,5.15413E+16
130403,3,3,54,18,2018,3,15,6,3,6,4,0,0,1,1,0,0,0,0,6.44455E+20,5.87078E+21,1.1151E+16,5.29671E+16
130404,3,4,4,0,2018,3,16,7,3,5,3,0,1,1,0,0,0,0,0,4.33421E+20,5.79419E+21,8.02375E+15,5.2294E+16
130405,3,4,56,15,2018,3,13,5,3,5,3,0,1,1,0,0,0,0,1,3.68635E+20,5.80917E+21,7.06838E+15,5.2417E+16
130406,3,2,41,1,2018,3,7,6,3,0,4,0,0,1,1,0,0,0,0,5.50345E+20,5.80392E+21,9.73969E+15,5.23833E+16
130407,3,2,41,1,2018,3,18,6,3,5,2,2,0,1,0,0,0,1,0,5.52477E+20,5.80314E+21,9.77089E+15,5.2376E+16
130408,3,2,41,1,2018,3,14,6,2,9,7,0,0,1,0,0,0,0,1,5.51733E+20,5.79929E+21,9.75936E+15,5.23415E+16
130409,3,2,41,9,2018,3,14,6,2,6,4,0,0,1,1,0,0,0,0,5.55142E+20,5.79572E+21,9.80882E+15,5.23091E+16
130410,3,2,41,1,2018,3,14,2,3,6,4,0,0,1,1,0,0,0,1,5.46736E+20,5.80771E+21,9.68719E+15,5.24177E+16