OBJECTID_1,ULAND,UREGBEZ,UKREIS,UGEMEINDE,UJAHR,UMONAT,USTUNDE,UWOCHENTAG,UKATEGORIE,UART,UTYP1,ULICHTVERH,IstRad,IstPKW,IstFuss,IstKrad,IstGkfz,IstSonstig,STRZUSTAND,LINREFX,LINREFY,XGCSWGS84,YGCSWGS84
130411,3,1,3,0,2018,3,11,5,3,5,3,0,0,1,0,0,0,0,0,6.19384E+20,5.80645E+21,1.07546E+16,5.23952E+16
130412,3,2,41,9,2018,3,11,6,3,5,3,0,1,1,0,0,0,0,0,5.55627E+20,5.79385E+21,9.81563E+15,5.22922E+16
130413,3,2,41,1,2018,3,22,7,3,0,7,2,1,0,0,0,0,0,1,5.48352E+20,5.80271E+21,9.71024E+15,5.23726E+16
130414,3,1,59,19,2018,3,9,6,3,3,6,0,0,1,0,0,0,0,0,5.93564E+20,5.72243E+21,1.03523E+16,5.1645E+16
130415,3,1,2,0,2018,3,21,5,2,9,1,2,0,1,0,0,0,1,1,5.93958E+20,5.76862E+21,1.03705E+16,5.20602E+16
130416,3,2,54,14,2018,3,15,6,3,0,2,0,0,1,0,0,0,0,0,5.49896E+20,5.77363E+21,9.72862E+15,5.21109E+16
130417,3,4,53,9,2018,3,10,7,3,5,3,0,0,1,0,0,0,0,1,4.2809E+20,5.85147E+21,7.93318E+15,5.28082E+16
130418,3,2,54,21,2018,3,14,6,3,5,3,0,0,1,0,0,0,0,0,5.64519E+20,5.77955E+21,9.94325E+15,5.21627E+16
130419,3,1,3,0,2018,3,12,6,3,2,6,0,1,0,0,0,0,1,2,6.24798E+20,5.81137E+21,1.08359E+16,5.24383E+16
130420,3,1,1,0,2018,3,13,6,2,6,4,0,0,1,1,0,0,0,0,6.03319E+20,5.7952E+21,1.05151E+16,5.22974E+16
130421,3,4,4,0,2018,3,10,5,2,0,7,0,0,0,1,0,0,1,0,4.34328E+20,5.79155E+21,8.03757E+15,5.22704E+16
130422,3,1,57,6,2018,3,13,5,3,6,6,0,0,1,1,0,0,0,0,5.84135E+20,5.79694E+21,1.02343E+16,5.23164E+16
130423,3,4,54,41,2018,3,9,5,3,5,2,0,1,1,0,0,0,0,0,3.92857E+20,5.88202E+21,7.40059E+15,5.30769E+16
130424,3,1,59,16,2018,3,15,2,3,9,1,0,0,1,0,0,0,0,0,5.65872E+20,5.71041E+21,9.94984E+15,5.1541E+16
130425,3,1,1,0,2018,3,13,5,3,5,5,0,1,1,0,0,0,0,0,6.0371E+20,5.79507E+21,1.05208E+16,5.22962E+16
130426,3,4,54,32,2018,3,8,5,3,3,2,0,1,1,0,0,0,0,0,3.85997E+20,5.82112E+21,7.31945E+15,5.25282E+16
130427,3,1,3,0,2018,3,6,7,3,5,3,2,0,1,0,0,0,0,1,6.17585E+20,5.80945E+21,1.07292E+16,5.24226E+16
130428,3,3,52,50,2018,3,16,5,3,5,3,0,0,1,0,0,0,0,1,4.76004E+20,5.93645E+21,8.63759E+15,5.35763E+16
130429,3,4,53,7,2018,3,18,5,3,5,3,1,1,1,0,0,0,0,0,4.23303E+20,5.87495E+21,7.85664E+15,5.30186E+16
130430,3,3,56,5,2018,3,1,5,3,9,1,2,0,1,0,0,0,0,0,4.93181E+20,5.88923E+21,8.89803E+15,5.31524E+16
130431,3,4,3,0,2018,3,15,5,3,5,3,0,1,1,0,0,0,0,0,4.47602E+20,5.88777E+21,8.21674E+15,5.31368E+16
130432,3,3,56,5,2018,3,11,2,3,5,3,0,0,1,0,0,0,1,0,4.93336E+20,5.88791E+21,8.90037E+15,5.31406E+16
130433,3,4,4,0,2018,3,12,4,3,5,3,0,1,1,0,0,0,0,0,4.34815E+20,5.79117E+21,8.04478E+15,5.22671E+16
130434,3,4,3,0,2018,3,16,5,3,5,3,0,1,1,0,0,0,0,0,4.4731E+20,5.8888E+21,8.21221E+15,5.3146E+16
130435,3,3,55,22,2018,3,15,5,3,5,3,0,0,1,0,0,0,0,0,5.93558E+20,5.90156E+21,1.04024E+16,5.32551E+16
130436,3,3,55,22,2018,3,13,5,3,5,2,0,1,1,0,0,0,0,0,5.94188E+20,5.90018E+21,1.04114E+16,5.32426E+16
130437,3,4,2,0,2018,3,13,4,3,6,1,0,0,1,1,0,0,0,0,3.78434E+20,5.91344E+21,7.17341E+15,5.33561E+16
130438,3,2,41,1,2018,3,18,5,3,1,1,2,1,1,0,0,0,0,2,5.48305E+20,5.80283E+21,9.70956E+15,5.23736E+16
130439,3,1,1,0,2018,3,19,2,3,9,1,2,0,1,0,0,0,0,1,6.04382E+20,5.78835E+21,1.05286E+16,5.22356E+16
130440,3,4,57,13,2018,3,8,4,3,0,5,0,1,1,0,0,0,0,0,3.96672E+20,5.89954E+21,7.45185E+15,5.32351E+16
130441,3,4,54,32,2018,3,12,6,3,2,2,0,0,1,0,0,0,0,0,3.86576E+20,5.81744E+21,7.32925E+15,5.24953E+16
130442,3,2,41,11,2018,3,14,5,3,5,3,0,0,1,0,0,0,1,1,5.64893E+20,5.80429E+21,9.95348E+15,5.2385E+16
130443,3,4,60,9,2018,3,12,5,3,5,3,0,1,1,0,0,0,0,0,4.51799E+20,5.84097E+21,8.28642E+15,5.27165E+16
130444,3,2,41,8,2018,3,15,5,3,5,3,0,1,1,0,0,0,0,1,5.58451E+20,5.80969E+21,9.85977E+15,5.24342E+16
130445,3,1,55,12,2018,3,14,5,3,6,4,0,0,1,1,0,0,0,0,5.43421E+20,5.72446E+21,9.62788E+15,5.16694E+16
130446,3,4,61,7,2018,3,17,2,3,2,6,0,0,1,0,0,0,0,0,4.65428E+20,5.92643E+21,8.47898E+15,5.34857E+16
130447,3,4,56,15,2018,3,17,4,2,0,3,0,1,1,0,0,0,0,1,3.68569E+20,5.81056E+21,7.06686E+15,5.24295E+16
130448,3,1,55,13,2018,3,12,5,3,6,2,0,0,1,1,0,0,0,0,5.60048E+20,5.74163E+21,9.87125E+15,5.18223E+16
130449,3,2,54,26,2018,3,10,1,3,7,7,0,1,0,0,0,0,1,0,5.57225E+20,5.7834E+21,9.83728E+15,5.21981E+16
130450,3,4,56,15,2018,3,15,4,3,2,6,0,0,1,0,0,0,0,0,3.68262E+20,5.8106E+21,7.06233E+15,5.24297E+16
130451,3,1,1,0,2018,3,17,6,3,1,5,0,0,1,0,0,0,0,0,6.03161E+20,5.78947E+21,1.0511E+16,5.22459E+16
130452,3,2,52,8,2018,3,12,5,3,2,2,0,0,1,0,0,0,0,0,5.41167E+20,5.7706E+21,9.6008E+15,5.20844E+16
130453,3,4,62,19,2018,3,17,1,2,0,1,0,1,0,0,0,0,0,0,4.18194E+20,5.93697E+21,7.76451E+15,5.35752E+16
130454,3,4,3,0,2018,3,23,4,3,2,6,2,1,1,0,0,0,0,0,4.47146E+20,5.88822E+21,8.20985E+15,5.31407E+16
130455,3,2,41,1,2018,3,15,6,3,6,7,0,0,1,1,0,0,0,0,5.52863E+20,5.79792E+21,9.77574E+15,5.2329E+16
130456,3,1,3,0,2018,3,16,5,3,5,3,0,0,1,0,0,0,0,0,6.22052E+20,5.80975E+21,1.0795E+16,5.24244E+16
130457,3,1,57,6,2018,3,19,5,3,5,3,2,1,1,0,0,0,0,0,5.82407E+20,5.79804E+21,1.02092E+16,5.23264E+16
130458,3,1,51,9,2018,3,7,5,3,2,6,0,0,1,0,0,0,0,0,6.04936E+20,5.81577E+21,1.05453E+16,5.2482E+16
130459,3,3,57,39,2018,3,14,2,3,0,6,0,1,0,0,0,0,0,1,5.27025E+20,5.8845E+21,9.40371E+15,5.31093E+16
130460,3,4,58,9,2018,3,7,4,3,5,3,0,1,1,0,0,0,0,0,4.5092E+20,5.87825E+21,8.26779E+15,5.30515E+16
130461,3,4,59,33,2018,2,16,4,3,5,3,0,1,1,0,0,0,0,1,4.33124E+20,5.79852E+21,8.01854E+15,5.23329E+16
130462,3,4,2,0,2018,3,5,7,3,4,7,2,0,1,0,0,0,0,1,3.78434E+20,5.91344E+21,7.17341E+15,5.33561E+16
130463,3,4,4,0,2018,2,14,4,3,5,3,0,1,1,0,0,0,0,2,4.37349E+20,5.79054E+21,8.08202E+15,5.22617E+16
130464,3,4,57,13,2018,2,7,4,3,6,6,0,0,1,1,0,0,0,0,3.98057E+20,5.89934E+21,7.47267E+15,5.32335E+16
130465,3,3,56,7,2018,2,7,4,3,5,3,0,1,1,0,0,0,0,0,4.85214E+20,5.89692E+21,8.77855E+15,5.32214E+16
130466,3,4,3,0,2018,2,16,4,3,2,6,0,0,1,0,0,0,0,0,4.48466E+20,5.89136E+21,8.22908E+15,5.31691E+16
130467,3,4,3,0,2018,2,15,4,3,2,6,0,0,1,0,0,0,0,0,4.47602E+20,5.88602E+21,8.21702E+15,5.3121E+16
130468,3,4,61,7,2018,2,5,4,3,0,1,2,0,1,0,1,0,0,0,4.68501E+20,5.92987E+21,8.52494E+15,5.35168E+16
130469,3,2,41,10,2018,3,14,2,3,5,3,0,0,1,0,0,0,0,1,5.51186E+20,5.80977E+21,9.75294E+15,5.24357E+16
130470,3,3,57,39,2018,3,7,4,3,5,5,0,0,1,0,0,0,1,0,5.27713E+20,5.88456E+21,9.41401E+15,5.31098E+16
130471,3,3,52,11,2018,2,17,4,3,5,3,0,0,1,0,0,0,0,0,4.79797E+20,5.96925E+21,8.69273E+15,5.38713E+16
130472,3,4,1,0,2018,3,14,7,3,6,7,0,0,1,1,0,0,0,0,4.76007E+20,5.87683E+21,8.64215E+15,5.30405E+16
130473,3,3,53,5,2018,2,19,4,3,5,3,2,0,1,0,0,0,0,1,5.58211E+20,5.90965E+21,9.87414E+15,5.33328E+16
130474,3,1,59,16,2018,2,7,3,3,5,2,0,0,1,0,0,0,0,2,5.6166E+20,5.70849E+21,9.88879E+15,5.15242E+16
130475,3,3,59,38,2018,2,15,4,3,2,6,0,0,1,0,0,0,1,0,5.29141E+20,5.93874E+21,9.44031E+15,5.35967E+16
130476,3,3,59,38,2018,2,13,4,3,2,2,0,0,1,0,0,0,0,0,5.31692E+20,5.93932E+21,9.47893E+15,5.36017E+16
130477,3,3,60,25,2018,2,12,4,3,2,6,0,0,1,0,0,0,0,1,6.05339E+20,5.86891E+21,1.05682E+16,5.29594E+16
130478,3,2,41,1,2018,3,17,4,3,5,3,1,1,1,0,0,0,0,0,5.47959E+20,5.79785E+21,9.70377E+15,5.23289E+16
130479,3,3,55,13,2018,2,8,4,3,4,2,0,1,1,0,0,0,0,1,6.16132E+20,5.89464E+21,1.07381E+16,5.31884E+16
130480,3,1,54,28,2018,3,15,2,3,5,3,0,0,1,0,0,0,0,1,6.39018E+20,5.78725E+21,1.1035E+16,5.22181E+16
130481,3,2,41,1,2018,3,7,4,3,5,3,0,1,1,0,0,0,0,0,5.45448E+20,5.80276E+21,9.66759E+15,5.23732E+16
130482,3,4,59,17,2018,3,13,6,3,5,3,0,0,1,0,0,0,0,0,4.10406E+20,5.8192E+21,7.67967E+15,5.25155E+16
130483,3,2,41,1,2018,2,14,4,3,2,6,0,0,1,0,0,0,0,2,5.51597E+20,5.8026E+21,9.75789E+15,5.23713E+16
130484,3,2,41,1,2018,2,11,4,3,2,6,0,0,1,0,0,0,0,1,5.53955E+20,5.80532E+21,9.79295E+15,5.23955E+16
130485,3,1,55,13,2018,3,6,2,3,0,7,0,1,0,0,0,0,0,1,5.59771E+20,5.74116E+21,9.86716E+15,5.18181E+16
130486,3,2,41,4,2018,2,8,4,3,9,1,0,0,1,0,0,0,0,2,5.58656E+20,5.81481E+21,9.86369E+15,5.24803E+16
130487,3,2,41,1,2018,3,19,7,3,0,1,2,1,0,0,0,0,0,0,5.50523E+20,5.80311E+21,9.74219E+15,5.23759E+16
130488,3,2,41,8,2018,2,9,4,2,0,7,0,1,0,0,0,0,0,2,5.57833E+20,5.8096E+21,9.85067E+15,5.24336E+16
130489,3,2,56,25,2018,2,16,4,3,1,7,0,0,1,0,0,0,0,2,5.15456E+20,5.81369E+21,9.22754E+15,5.24732E+16
130490,3,2,54,5,2018,2,13,4,3,5,7,0,0,1,0,0,0,0,0,5.70586E+20,5.77057E+21,1.00301E+16,5.20812E+16
130491,3,4,59,15,2018,2,16,3,2,4,6,0,1,0,0,0,0,0,0,4.45007E+20,5.77541E+21,8.19668E+15,5.21265E+16
130492,3,4,54,51,2018,2,17,3,3,4,6,0,0,1,0,0,0,0,2,3.98916E+20,5.87322E+21,7.49375E+15,5.2999E+16
130493,3,1,1,0,2018,3,13,2,3,2,2,0,0,1,0,0,0,0,1,6.05709E+20,5.79107E+21,1.05488E+16,5.22598E+16
130494,3,3,59,10,2018,3,9,6,3,5,3,0,1,1,0,0,0,0,1,5.46566E+20,5.92549E+21,9.70162E+15,5.34764E+16
130495,3,4,56,15,2018,2,13,3,3,1,5,0,0,1,0,1,0,0,0,3.68569E+20,5.81027E+21,7.06697E+15,5.24268E+16
130496,3,4,54,35,2018,2,15,3,3,0,1,0,0,0,0,1,0,0,2,3.84601E+20,5.83926E+21,7.29256E+15,5.26909E+16
130497,3,4,53,7,2018,2,23,3,2,9,1,2,0,1,0,0,0,0,2,4.23383E+20,5.87122E+21,7.85872E+15,5.29851E+16
130498,3,4,1,0,2018,3,20,2,3,5,3,2,0,1,0,0,0,0,1,4.74963E+20,5.87814E+21,8.62648E+15,5.30522E+16
130499,3,3,61,2,2018,2,9,3,3,5,3,0,0,1,0,0,1,0,2,5.09499E+20,5.8669E+21,9.14138E+15,5.29516E+16
130500,3,4,58,9,2018,2,8,3,3,2,6,0,0,1,0,0,0,0,0,4.56371E+20,5.87465E+21,8.3496E+15,5.30196E+16
130501,3,4,3,0,2018,3,14,2,3,5,3,0,1,1,0,0,0,0,1,4.46819E+20,5.88778E+21,8.20504E+15,5.31368E+16
130502,3,3,53,29,2018,2,16,3,3,5,3,0,0,1,0,0,0,0,0,5.59484E+20,5.91477E+21,9.89422E+15,5.33787E+16
130503,3,2,41,1,2018,3,14,1,3,0,7,0,1,0,0,0,0,0,1,5.50703E+20,5.8044E+21,9.74502E+15,5.23875E+16
130504,3,1,55,11,2018,3,12,6,3,5,3,0,0,1,0,1,0,0,0,5.67488E+20,5.72783E+21,9.97651E+15,5.16974E+16
130505,3,3,53,31,2018,2,7,3,3,5,3,0,0,1,0,0,0,0,2,5.64372E+20,5.9143E+21,9.96758E+15,5.33739E+16
130506,3,3,59,38,2018,2,18,3,3,5,2,1,1,0,0,0,0,0,1,5.32226E+20,5.93826E+21,9.48689E+15,5.35922E+16
130507,3,3,51,4,2018,2,11,3,3,6,4,0,0,1,1,0,0,0,0,5.65358E+20,5.85129E+21,9.96959E+15,5.28074E+16
130508,3,2,41,1,2018,3,18,2,3,5,3,2,1,1,0,0,0,0,0,5.49955E+20,5.80237E+21,9.73373E+15,5.23693E+16
130509,3,4,3,0,2018,3,7,5,3,2,6,0,0,1,0,0,0,0,1,4.48454E+20,5.8931E+21,8.22861E+15,5.31847E+16
130510,3,2,41,1,2018,2,9,3,3,2,2,0,0,1,0,0,0,0,1,5.48893E+20,5.80154E+21,9.71801E+15,5.23619E+16
130511,3,4,54,32,2018,3,13,7,3,5,3,0,0,1,0,0,0,0,0,3.87659E+20,5.82115E+21,7.34393E+15,5.25288E+16
130512,3,2,41,16,2018,2,17,3,3,4,5,1,0,0,0,1,0,1,2,5.62088E+20,5.79928E+21,9.91135E+15,5.23403E+16
130513,3,2,41,1,2018,2,16,3,3,2,6,0,0,1,0,0,0,0,2,5.55627E+20,5.80504E+21,9.81747E+15,5.23928E+16
130514,3,1,51,38,2018,3,3,1,3,1,5,2,0,1,0,0,0,0,0,6.03787E+20,5.82726E+21,1.05319E+16,5.25855E+16
130515,3,4,59,30,2018,3,22,5,3,5,3,2,1,1,0,0,0,0,1,4.29524E+20,5.8371E+21,7.95754E+15,5.26792E+16
130516,3,2,41,1,2018,2,18,3,3,0,7,2,1,0,0,0,0,0,2,5.53284E+20,5.80288E+21,9.7827E+15,5.23736E+16
130517,3,2,41,1,2018,2,17,3,3,5,3,0,0,1,0,0,0,0,2,5.49083E+20,5.80519E+21,9.72133E+15,5.23947E+16
130518,3,2,41,1,2018,2,18,3,3,5,3,2,1,1,0,0,0,0,2,5.50306E+20,5.80385E+21,9.7391E+15,5.23826E+16
130519,3,2,41,11,2018,2,16,3,3,0,1,0,1,0,0,0,0,0,2,5.65641E+20,5.80244E+21,9.9641E+15,5.23683E+16
130520,3,2,41,1,2018,3,15,2,3,5,3,0,1,1,0,0,0,0,1,5.54944E+20,5.80555E+21,9.80752E+15,5.23974E+16
130521,3,2,41,10,2018,2,17,3,3,0,3,0,0,1,0,0,0,0,0,5.46738E+20,5.80949E+21,9.68747E+15,5.24336E+16
130522,3,3,55,22,2018,3,21,7,3,4,6,2,1,1,0,0,0,0,0,5.93982E+20,5.90106E+21,1.04086E+16,5.32505E+16
130523,3,2,41,18,2018,2,16,3,3,2,2,0,0,1,0,0,0,0,1,5.81203E+20,5.81335E+21,1.01953E+16,5.24643E+16
130524,3,1,3,0,2018,2,15,3,3,4,1,0,0,1,0,0,0,0,2,6.22505E+20,5.80879E+21,1.08013E+16,5.24156E+16
130525,3,2,41,1,2018,3,6,4,3,5,1,1,1,1,0,0,0,0,2,5.53143E+20,5.80581E+21,9.7811E+15,5.24E+16
130526,3,3,61,12,2018,3,14,3,3,5,3,0,1,1,0,0,0,0,0,5.15271E+20,5.86376E+21,9.22715E+15,5.29232E+16
130527,3,4,53,4,2018,3,12,7,3,3,6,0,1,1,0,0,0,0,0,4.35572E+20,5.85534E+21,8.0434E+15,5.28439E+16
130528,3,4,3,0,2018,3,16,3,3,8,1,0,0,0,0,1,0,0,0,4.47941E+20,5.89329E+21,8.22092E+15,5.31864E+16
130529,3,4,3,0,2018,3,17,3,3,5,2,0,1,1,0,0,0,0,0,4.47683E+20,5.88801E+21,8.21792E+15,5.31389E+16
130530,3,4,3,0,2018,3,7,5,3,8,1,0,0,1,0,0,0,0,1,4.44418E+20,5.88762E+21,8.16918E+15,5.31351E+16
130531,3,2,51,18,2018,3,12,3,3,5,3,0,0,1,0,0,0,0,0,4.76456E+20,5.83039E+21,8.65219E+15,5.2623E+16
130532,3,4,1,0,2018,3,22,3,3,5,3,2,0,1,0,0,0,0,0,4.76087E+20,5.87543E+21,8.64344E+15,5.30279E+16
130533,3,3,55,22,2018,3,11,3,3,4,2,0,0,1,0,0,0,0,0,5.94327E+20,5.9021E+21,1.04141E+16,5.32597E+16
130534,3,4,4,0,2018,3,12,2,3,1,5,0,1,1,0,0,0,0,0,4.35037E+20,5.79129E+21,8.048E+15,5.22682E+16
130535,3,3,51,6,2018,3,16,3,3,5,3,0,0,1,0,1,0,0,0,5.73032E+20,5.82973E+21,1.00786E+16,5.26127E+16
130536,3,1,1,0,2018,3,12,7,3,2,7,0,0,1,0,0,0,0,0,6.03337E+20,5.79769E+21,1.05161E+16,5.23198E+16
130537,3,2,41,1,2018,3,6,3,3,2,6,0,0,1,0,0,0,0,1,5.48853E+20,5.79917E+21,9.71708E+15,5.23406E+16
130538,3,2,41,1,2018,3,19,3,3,5,2,2,0,1,0,0,0,0,0,5.52991E+20,5.80162E+21,9.77819E+15,5.23623E+16
130539,3,2,41,1,2018,3,16,3,3,5,3,0,0,1,0,0,0,0,0,5.51826E+20,5.80357E+21,9.76139E+15,5.23799E+16
130540,3,2,41,1,2018,3,7,3,3,5,3,0,0,1,0,0,0,0,1,5.5092E+20,5.80479E+21,9.74827E+15,5.2391E+16
130541,3,1,59,25,2018,3,19,5,3,5,3,2,0,1,0,0,0,0,1,5.85435E+20,5.71262E+21,1.02324E+16,5.15582E+16
130542,3,4,57,14,2018,3,6,2,3,4,2,0,0,1,0,0,0,0,0,3.97005E+20,5.90803E+21,7.45409E+15,5.33114E+16
130543,3,2,41,12,2018,3,16,3,3,5,3,0,0,1,0,0,0,0,0,5.3064E+20,5.81741E+21,9.45143E+15,5.2506E+16
130544,3,3,60,25,2018,3,9,2,3,6,6,0,1,0,1,0,0,0,0,6.04575E+20,5.86956E+21,1.05571E+16,5.29654E+16
130545,3,2,56,10,2018,3,7,3,3,6,6,0,0,1,1,0,0,0,0,5.12876E+20,5.85074E+21,9.19102E+15,5.28063E+16
130546,3,3,61,8,2018,3,17,6,3,2,6,0,0,1,0,0,0,0,1,5.03709E+20,5.88626E+21,9.05543E+15,5.31258E+16
130547,3,1,57,6,2018,3,14,3,3,2,6,0,0,1,0,0,0,0,0,5.85906E+20,5.79975E+21,1.0261E+16,5.23413E+16
130548,3,1,51,9,2018,3,13,3,3,0,1,0,0,1,0,0,0,1,0,6.04906E+20,5.81931E+21,1.05459E+16,5.25138E+16
130549,3,1,1,0,2018,3,10,3,3,5,3,0,1,1,0,0,0,0,1,6.0697E+20,5.79566E+21,1.05688E+16,5.23009E+16
130550,3,2,41,1,2018,3,18,1,3,5,3,0,1,1,0,0,0,0,0,5.52588E+20,5.79899E+21,9.77188E+15,5.23387E+16
130551,3,4,59,22,2018,3,14,2,3,5,3,0,1,1,0,0,0,0,0,4.41253E+20,5.77551E+21,8.14183E+15,5.2127E+16
130552,3,1,57,2,2018,3,14,2,3,0,7,0,0,1,1,0,0,0,0,5.74101E+20,5.79528E+21,1.00868E+16,5.23029E+16
130553,3,4,4,0,2018,3,12,2,3,1,5,0,1,1,0,0,0,0,0,4.34224E+20,5.79159E+21,8.03604E+15,5.22707E+16
130554,3,2,41,1,2018,3,19,6,2,5,2,2,1,1,0,0,0,0,0,5.56058E+20,5.80406E+21,9.82364E+15,5.23839E+16
130555,3,4,54,41,2018,3,15,2,3,5,3,0,1,0,0,0,0,0,0,3.92206E+20,5.88363E+21,7.39032E+15,5.30912E+16
130556,3,4,54,41,2018,3,8,2,3,5,3,0,0,1,0,0,0,0,0,3.93584E+20,5.8818E+21,7.41151E+15,5.3075E+16
130557,3,2,41,1,2018,3,15,3,3,2,6,0,0,1,0,0,0,0,0,5.52988E+20,5.80575E+21,9.7788E+15,5.23994E+16
130558,3,4,54,35,2018,3,20,2,3,9,1,2,0,1,0,0,0,0,0,3.83968E+20,5.83802E+21,7.28364E+15,5.26797E+16
130559,3,4,59,30,2018,3,18,7,3,2,6,1,0,1,0,0,0,0,0,4.2958E+20,5.8368E+21,7.95844E+15,5.26765E+16
130560,3,4,52,23,2018,3,17,2,2,0,2,0,1,1,0,0,0,0,0,3.93387E+20,5.92628E+21,7.39364E+15,5.34747E+16
130561,3,4,53,11,2018,3,13,2,3,5,3,0,1,1,0,0,0,0,0,4.16209E+20,5.84369E+21,7.75896E+15,5.27365E+16
130562,3,4,5,0,2018,3,17,5,3,5,3,0,0,1,0,0,0,0,1,4.41511E+20,5.93004E+21,8.1179E+15,5.3516E+16
130563,3,4,5,0,2018,3,12,2,3,0,7,0,0,1,0,0,0,0,0,4.39559E+20,5.93717E+21,8.08708E+15,5.35799E+16
130564,3,3,61,1,2018,3,16,2,3,5,3,0,1,1,0,0,0,0,0,5.02456E+20,5.87397E+21,9.03662E+15,5.30152E+16
130565,3,1,1,0,2018,3,18,6,3,5,3,1,1,0,0,0,0,0,0,6.04412E+20,5.79208E+21,1.05302E+16,5.22691E+16
130566,3,4,3,0,2018,3,18,2,3,4,2,1,0,1,0,1,0,0,0,4.47389E+20,5.88787E+21,8.21354E+15,5.31377E+16
130567,3,4,3,0,2018,3,13,2,3,4,2,0,1,1,0,0,0,0,0,4.48127E+20,5.88676E+21,8.22476E+15,5.31278E+16
130568,3,2,51,12,2018,3,13,2,3,2,6,0,0,1,0,0,0,0,0,4.58178E+20,5.83007E+21,8.38223E+15,5.2619E+16
130569,3,1,53,17,2018,3,17,3,3,2,6,0,0,1,0,0,0,0,0,5.96896E+20,5.75456E+21,1.04094E+16,5.19333E+16
130570,3,4,54,41,2018,3,14,2,3,5,3,0,1,1,0,0,0,0,0,3.92117E+20,5.88224E+21,7.38946E+15,5.30787E+16
130571,3,4,58,14,2018,3,17,2,3,8,1,0,0,1,0,0,0,0,0,4.61334E+20,5.85975E+21,8.42536E+15,5.28861E+16
130572,3,3,52,61,2018,3,23,7,3,0,1,2,1,0,0,0,0,0,0,4.68487E+20,5.95413E+21,8.52228E+15,5.37348E+16
130573,3,3,59,38,2018,3,16,2,3,5,3,0,0,1,0,0,0,0,0,5.31294E+20,5.93747E+21,9.47272E+15,5.35852E+16
130574,3,3,55,22,2018,3,16,2,3,5,2,0,1,1,0,0,0,0,0,5.94962E+20,5.90115E+21,1.04233E+16,5.32511E+16
130575,3,2,41,20,2018,3,9,2,3,1,7,0,0,1,0,0,0,0,0,5.39046E+20,5.79156E+21,9.57226E+15,5.22731E+16
130576,3,1,59,16,2018,3,13,5,3,5,5,0,0,1,0,0,0,0,0,5.63562E+20,5.71092E+21,9.91664E+15,5.15458E+16
130577,3,4,54,35,2018,3,21,2,3,5,3,2,1,1,0,0,0,0,0,3.82621E+20,5.83965E+21,7.26314E+15,5.2694E+16
130578,3,1,53,17,2018,3,17,2,3,1,5,1,0,1,0,0,1,0,1,5.97621E+20,5.75306E+21,1.04195E+16,5.19197E+16
130579,3,4,60,9,2018,3,19,2,3,5,3,1,1,1,0,0,0,0,0,4.5286E+20,5.84267E+21,8.30189E+15,5.27319E+16
130580,3,4,4,0,2018,3,0,1,3,9,7,2,1,1,0,0,0,0,1,4.37184E+20,5.79229E+21,8.07927E+15,5.22774E+16
130581,3,2,41,1,2018,3,15,1,3,4,2,0,0,1,0,0,0,0,0,5.53143E+20,5.80855E+21,9.78154E+15,5.24246E+16
130582,3,2,57,6,2018,3,10,5,3,0,5,0,1,1,0,0,0,0,1,5.25429E+20,5.79841E+21,9.37321E+15,5.23354E+16
130583,3,1,59,16,2018,3,1,1,3,1,1,2,0,1,0,0,0,0,2,5.6628E+20,5.7069E+21,9.95507E+15,5.15093E+16
130584,3,1,1,0,2018,3,0,3,3,1,1,2,0,1,0,0,0,1,0,6.05768E+20,5.79178E+21,1.05499E+16,5.22662E+16
130585,3,1,1,0,2018,3,16,1,3,3,2,0,0,1,0,0,0,0,0,6.03498E+20,5.79093E+21,1.05164E+16,5.2259E+16
130586,3,2,41,1,2018,3,10,7,3,9,1,0,0,1,0,0,0,0,0,5.49812E+20,5.80306E+21,9.73174E+15,5.23755E+16
130587,3,1,1,0,2018,3,3,1,3,7,7,2,1,0,0,0,0,0,0,6.04556E+20,5.79084E+21,1.05319E+16,5.2258E+16
130588,3,4,4,0,2018,3,19,7,3,4,2,2,1,1,0,0,0,0,0,4.34295E+20,5.79219E+21,8.03696E+15,5.22761E+16
130589,3,4,54,22,2018,3,11,7,3,8,1,0,0,1,0,0,0,0,0,4.13379E+20,5.87157E+21,7.70964E+15,5.29867E+16
130590,3,1,59,16,2018,3,10,5,3,6,4,0,0,1,1,0,0,0,0,5.65048E+20,5.70938E+21,9.93778E+15,5.15318E+16
130591,3,4,51,1,2018,3,21,7,3,6,4,2,0,1,1,0,0,0,0,4.1718E+20,5.89771E+21,7.7595E+15,5.32222E+16
130592,3,2,41,1,2018,3,7,2,3,5,3,0,0,1,0,0,0,0,0,5.55904E+20,5.80037E+21,9.82077E+15,5.23508E+16
130593,3,3,51,6,2018,3,12,7,3,2,2,0,0,1,0,0,0,1,0,5.72801E+20,5.82865E+21,1.0075E+16,5.2603E+16
130594,3,2,41,1,2018,3,15,6,3,0,7,0,0,0,0,0,0,1,0,5.538E+20,5.7982E+21,9.78953E+15,5.23315E+16
130595,3,2,41,18,2018,3,6,7,3,5,3,1,0,1,0,0,0,1,2,5.79388E+20,5.81026E+21,1.01678E+16,5.24368E+16
130596,3,1,59,16,2018,3,21,7,3,5,3,2,1,1,0,0,0,0,0,5.6338E+20,5.7112E+21,9.91407E+15,5.15484E+16
130597,3,4,52,23,2018,3,18,6,3,5,3,0,0,1,0,1,0,0,0,3.91654E+20,5.92747E+21,7.36713E+15,5.34851E+16