OBJECTID_1,ULAND,UREGBEZ,UKREIS,UGEMEINDE,UJAHR,UMONAT,USTUNDE,UWOCHENTAG,UKATEGORIE,UART,UTYP1,ULICHTVERH,IstRad,IstPKW,IstFuss,IstKrad,IstGkfz,IstSonstig,STRZUSTAND,LINREFX,LINREFY,XGCSWGS84,YGCSWGS84
130598,3,1,59,16,2018,3,6,7,3,2,6,1,0,1,0,0,0,0,2,5.64047E+20,5.70984E+21,9.92343E+15,5.1536E+16
130599,3,1,1,0,2018,3,0,7,3,4,1,2,0,1,0,0,0,0,2,6.02785E+20,5.78993E+21,1.05057E+16,5.22502E+16
130600,3,4,59,19,2018,3,14,6,2,0,1,0,0,0,0,1,0,0,1,4.36189E+20,5.78422E+21,8.06622E+15,5.22048E+16
130601,3,4,56,8,2018,3,23,1,2,9,1,2,0,1,0,0,0,0,0,3.5814E+20,5.81664E+21,6.91099E+15,5.24815E+16
130602,3,4,4,0,2018,3,15,6,2,4,2,0,1,1,0,0,0,0,1,4.3943E+20,5.79132E+21,8.11236E+15,5.2269E+16
130603,3,1,3,0,2018,3,14,6,3,1,5,0,1,1,0,0,0,0,0,6.22547E+20,5.8128E+21,1.08034E+16,5.24517E+16
130604,3,4,4,0,2018,3,13,6,3,5,3,0,0,1,0,0,0,0,1,4.35832E+20,5.79142E+21,8.05963E+15,5.22694E+16
130605,3,1,59,16,2018,3,10,5,3,5,3,0,0,1,0,0,0,0,1,5.65382E+20,5.70847E+21,9.94243E+15,5.15236E+16
130606,3,3,52,11,2018,3,13,5,3,4,5,0,0,1,0,0,0,0,0,4.78507E+20,5.97057E+21,8.67302E+15,5.38832E+16
130607,3,4,4,0,2018,3,13,6,3,6,4,0,0,1,1,0,0,0,1,4.35824E+20,5.79142E+21,8.05951E+15,5.22694E+16
130608,3,4,56,27,2018,3,15,6,3,5,3,0,0,1,0,0,0,0,1,3.78777E+20,5.79864E+21,7.22124E+15,5.23247E+16
130609,3,1,54,21,2018,3,11,3,3,6,2,0,0,1,1,0,0,0,0,6.30019E+20,5.788E+21,1.09037E+16,5.2227E+16
130610,3,4,52,20,2018,3,19,6,3,6,7,2,1,0,1,0,0,0,0,3.77595E+20,5.95249E+21,7.14554E+15,5.37067E+16
130611,3,4,62,19,2018,3,2,7,3,6,7,2,0,1,1,0,0,0,0,4.19212E+20,5.93729E+21,7.7798E+15,5.35782E+16
130612,3,4,52,7,2018,3,16,6,3,9,1,0,1,1,0,0,0,0,0,3.92996E+20,5.93811E+21,7.38371E+15,5.35809E+16
130613,3,1,59,16,2018,3,15,1,2,5,3,0,1,1,0,0,0,0,0,5.64814E+20,5.7094E+21,9.93441E+15,5.15319E+16
130614,3,4,60,1,2018,3,20,6,3,9,1,2,0,1,0,0,0,0,0,4.39356E+20,5.84374E+21,8.10173E+15,5.27401E+16
130615,3,4,51,5,2018,3,14,6,3,5,3,0,1,0,0,0,0,1,0,4.43876E+20,5.90377E+21,8.15823E+15,5.32802E+16
130616,3,4,2,0,2018,3,16,5,3,4,1,0,0,1,0,1,0,0,1,3.78405E+20,5.91407E+21,7.17274E+15,5.33617E+16
130617,3,3,57,57,2018,3,13,6,3,6,7,0,0,1,1,0,0,0,0,5.18389E+20,5.90376E+21,9.27581E+15,5.32828E+16
130618,3,1,3,0,2018,3,16,5,3,2,6,0,0,1,0,0,0,0,0,6.19462E+20,5.8092E+21,1.07567E+16,5.24199E+16
130619,3,3,55,22,2018,3,15,6,3,2,6,0,0,1,0,0,0,0,0,5.92837E+20,5.90045E+21,1.03913E+16,5.32452E+16
130620,3,2,41,1,2018,3,20,6,3,2,6,2,0,1,0,0,0,0,2,5.48233E+20,5.8021E+21,9.70839E+15,5.23671E+16
130621,3,1,51,9,2018,3,19,3,3,5,3,0,0,1,0,0,0,0,0,6.05136E+20,5.81418E+21,1.05477E+16,5.24677E+16
130622,3,4,54,32,2018,3,7,2,3,5,2,0,1,1,0,0,0,0,0,3.87089E+20,5.81938E+21,7.33613E+15,5.25128E+16
130623,3,2,41,1,2018,3,20,6,3,3,6,2,0,1,0,0,0,0,2,5.50528E+20,5.80354E+21,9.74233E+15,5.23798E+16
130624,3,3,51,6,2018,3,13,7,3,2,6,0,0,1,0,0,0,0,0,5.73005E+20,5.82967E+21,1.00782E+16,5.26121E+16
130625,3,2,41,1,2018,3,16,6,3,2,6,1,0,1,0,0,0,0,2,5.51128E+20,5.80305E+21,9.75106E+15,5.23753E+16
130626,3,2,41,17,2018,3,19,6,3,5,3,1,0,1,0,0,0,0,2,5.37721E+20,5.78507E+21,9.55211E+15,5.22147E+16
130627,3,1,57,6,2018,3,20,5,3,5,3,2,0,1,0,0,0,0,1,5.85132E+20,5.79935E+21,1.02495E+16,5.23378E+16
130628,3,2,41,1,2018,3,15,6,3,6,2,0,0,1,1,0,0,0,1,5.51409E+20,5.80483E+21,9.75546E+15,5.23913E+16
130629,3,2,41,1,2018,3,12,6,3,0,1,0,1,0,0,0,0,0,2,5.48716E+20,5.79917E+21,9.71507E+15,5.23406E+16
130630,3,2,41,1,2018,3,11,6,3,5,3,0,1,1,0,0,0,0,1,5.48651E+20,5.80219E+21,9.71455E+15,5.23678E+16
130631,3,4,3,0,2018,3,13,5,3,5,3,0,1,1,0,0,0,0,1,4.46673E+20,5.88621E+21,8.20312E+15,5.31226E+16
130632,3,2,41,1,2018,3,7,6,3,2,6,0,0,1,0,0,0,1,0,5.4861E+20,5.80499E+21,9.71436E+15,5.2393E+16
130633,3,1,1,0,2018,3,7,5,3,0,7,0,1,0,0,0,0,1,1,6.02192E+20,5.79324E+21,1.0498E+16,5.228E+16
130634,3,2,56,22,2018,3,15,6,3,2,6,0,0,1,0,0,0,0,1,5.1454E+20,5.83222E+21,9.21488E+15,5.26398E+16
130635,3,2,54,21,2018,3,23,6,3,4,1,2,0,1,0,0,0,0,2,5.65837E+20,5.77799E+21,9.96222E+15,5.21485E+16
130636,3,4,4,0,2018,3,18,2,3,2,6,0,0,1,0,0,0,0,0,4.28815E+20,5.79194E+21,7.9567E+15,5.22732E+16
130637,3,1,59,10,2018,3,21,6,3,9,1,2,0,1,0,0,0,0,2,5.87169E+20,5.70582E+21,1.02557E+16,5.14968E+16
130638,3,1,59,16,2018,3,13,7,3,6,4,0,0,1,1,0,0,0,0,5.65153E+20,5.70952E+21,9.93932E+15,5.15331E+16
130639,3,1,59,16,2018,3,15,6,3,5,3,0,0,1,0,0,0,0,1,5.64458E+20,5.70908E+21,9.92922E+15,5.15291E+16
130640,3,1,3,0,2018,3,17,6,3,5,2,0,0,1,0,0,0,0,1,6.17126E+20,5.80921E+21,1.07224E+16,5.24205E+16
130641,3,4,53,4,2018,3,15,4,3,5,3,0,1,1,0,0,0,0,0,4.37482E+20,5.85669E+21,8.0715E+15,5.28563E+16
130642,3,1,57,6,2018,3,12,6,3,0,5,0,0,1,1,0,0,0,1,5.87027E+20,5.7988E+21,1.02772E+16,5.23326E+16
130643,3,3,61,12,2018,3,15,4,3,5,3,0,1,1,0,0,0,0,0,5.1704E+20,5.86264E+21,9.2534E+15,5.29132E+16
130644,3,1,1,0,2018,3,20,6,3,2,2,2,0,1,0,0,0,0,2,6.0255E+20,5.79109E+21,1.05026E+16,5.22606E+16
130645,3,2,41,2,2018,3,16,2,3,0,7,0,0,0,1,0,0,1,0,5.31779E+20,5.79508E+21,9.46608E+15,5.23051E+16
130646,3,4,4,0,2018,3,20,5,3,5,3,2,0,1,0,0,0,0,0,4.36499E+20,5.79233E+21,8.06923E+15,5.22776E+16
130647,3,4,3,0,2018,3,16,2,2,1,5,0,1,1,0,0,0,0,0,4.47735E+20,5.88753E+21,8.21878E+15,5.31346E+16
130648,3,4,57,13,2018,3,10,5,3,3,6,0,1,0,0,0,0,0,0,3.96008E+20,5.89955E+21,7.44191E+15,5.3235E+16
130649,3,4,55,27,2018,3,17,6,3,6,7,1,0,1,1,0,0,0,0,4.29127E+20,5.91536E+21,7.93448E+15,5.33826E+16
130650,3,4,54,57,2018,3,12,5,3,2,2,0,0,1,0,0,0,0,0,4.09643E+20,5.85679E+21,7.65812E+15,5.28532E+16
130651,3,4,1,0,2018,3,18,4,3,1,5,1,1,1,0,0,0,0,0,4.75127E+20,5.8791E+21,8.62885E+15,5.30608E+16
130652,3,4,54,41,2018,3,18,5,2,8,7,0,1,0,0,0,0,0,0,3.9509E+20,5.88178E+21,7.43398E+15,5.30752E+16
130653,3,4,56,27,2018,3,14,5,3,5,3,0,1,1,0,0,0,0,0,3.78897E+20,5.79843E+21,7.22307E+15,5.23228E+16
130654,3,3,55,49,2018,3,13,1,3,5,3,0,0,1,0,1,0,0,0,6.30361E+20,5.90246E+21,1.09541E+16,5.32554E+16
130655,3,4,54,19,2018,3,13,5,3,2,2,0,1,1,0,0,0,0,0,3.97563E+20,5.83728E+21,7.48488E+15,5.26757E+16
130656,3,1,1,0,2018,3,16,6,3,5,3,0,1,1,0,0,0,0,0,6.05057E+20,5.79597E+21,1.05408E+16,5.2304E+16
130657,3,4,54,19,2018,3,10,5,3,5,3,0,0,1,0,0,0,0,0,3.97564E+20,5.83728E+21,7.4849E+15,5.26758E+16
130658,3,4,54,35,2018,3,8,5,2,5,3,0,0,1,0,0,0,0,0,3.8436E+20,5.83811E+21,7.2894E+15,5.26805E+16
130659,3,2,41,11,2018,3,12,6,3,5,3,0,1,1,0,0,0,0,0,5.66774E+20,5.80338E+21,9.98093E+15,5.23766E+16
130660,3,4,54,12,2018,3,10,5,3,2,2,0,0,1,0,0,0,0,0,4.01202E+20,5.81584E+21,7.54508E+15,5.24837E+16
130661,3,3,60,25,2018,3,7,4,2,4,6,0,0,1,0,0,0,0,0,6.04122E+20,5.86994E+21,1.05504E+16,5.29689E+16
130662,3,4,54,49,2018,3,19,5,2,5,3,2,1,0,0,0,0,0,0,3.94634E+20,5.80167E+21,7.45287E+15,5.23552E+16
130663,3,4,54,32,2018,3,12,5,3,5,3,0,0,1,0,0,0,0,0,3.8755E+20,5.82086E+21,7.34243E+15,5.25263E+16
130664,3,4,59,24,2018,3,12,7,2,3,6,0,1,1,0,0,0,0,0,4.52803E+20,5.77783E+21,8.3102E+15,5.2149E+16
130665,3,4,62,19,2018,3,13,5,3,3,2,0,0,1,0,1,0,0,0,4.18967E+20,5.93755E+21,7.77603E+15,5.35806E+16
130666,3,4,52,19,2018,3,11,5,3,0,2,0,1,0,0,0,0,1,0,3.80511E+20,5.94142E+21,7.19395E+15,5.3608E+16
130667,3,4,56,15,2018,3,8,5,3,3,6,0,1,1,0,0,0,0,0,3.68424E+20,5.81375E+21,7.06347E+15,5.24581E+16
130668,3,4,5,0,2018,3,7,5,3,5,3,0,0,1,0,0,0,0,0,4.40871E+20,5.93036E+21,8.10818E+15,5.35188E+16
130669,3,3,55,22,2018,3,7,4,3,2,2,0,1,0,0,0,0,0,0,5.94E+20,5.90203E+21,1.04092E+16,5.32592E+16
130670,3,4,51,2,2018,3,13,5,3,6,7,0,0,1,1,0,0,0,0,4.33466E+20,5.89353E+21,8.00427E+15,5.31869E+16
130671,3,3,53,5,2018,3,8,5,3,5,2,0,1,1,0,0,0,0,0,5.58332E+20,5.90905E+21,9.87584E+15,5.33274E+16
130672,3,1,1,0,2018,3,13,3,3,5,3,0,1,1,0,0,0,0,0,6.04478E+20,5.7917E+21,1.0531E+16,5.22658E+16
130673,3,2,41,1,2018,3,8,4,3,3,5,0,0,1,0,0,0,1,0,5.56332E+20,5.80153E+21,9.82725E+15,5.23611E+16
130674,3,2,41,1,2018,3,15,5,3,5,3,0,1,1,0,0,0,0,0,5.45808E+20,5.80306E+21,9.67292E+15,5.23759E+16
130675,3,2,41,1,2018,3,12,5,3,2,2,0,0,1,0,0,0,0,0,5.54574E+20,5.80493E+21,9.80199E+15,5.23919E+16
130676,3,1,3,0,2018,3,17,3,3,2,6,0,0,1,0,0,0,0,0,6.19279E+20,5.80971E+21,1.07542E+16,5.24246E+16
130677,3,2,41,1,2018,3,17,5,3,0,7,0,1,1,0,0,0,0,0,5.52357E+20,5.80547E+21,9.76949E+15,5.23969E+16
130678,3,4,3,0,2018,3,9,7,2,8,6,0,0,0,0,1,0,0,0,4.47638E+20,5.89149E+21,8.21667E+15,5.31702E+16
130679,3,2,41,1,2018,3,6,5,3,0,3,0,0,1,0,1,0,0,0,5.5096E+20,5.80331E+21,9.74864E+15,5.23776E+16
130680,3,2,57,20,2018,3,16,5,3,5,2,0,0,1,0,0,0,0,0,5.19832E+20,5.80024E+21,9.29118E+15,5.23521E+16
130681,3,2,41,1,2018,3,16,4,2,6,4,0,0,1,1,0,0,0,0,5.50633E+20,5.80236E+21,9.74369E+15,5.23692E+16
130682,3,2,51,37,2018,3,17,5,3,5,3,0,0,1,0,0,0,1,1,4.87073E+20,5.87521E+21,8.80726E+15,5.30263E+16
130683,3,2,54,28,2018,3,7,5,3,5,3,0,0,1,0,0,0,0,0,5.58606E+20,5.78848E+21,9.85836E+15,5.22436E+16
130684,3,2,41,1,2018,3,15,4,2,6,4,0,0,1,1,0,0,0,0,5.51722E+20,5.80702E+21,9.7604E+15,5.2411E+16
130685,3,2,54,21,2018,3,17,5,3,5,3,0,1,1,0,0,0,0,0,5.66439E+20,5.77886E+21,9.97119E+15,5.21563E+16
130686,3,2,54,21,2018,3,14,5,3,5,3,0,1,1,0,0,0,0,0,5.65736E+20,5.78092E+21,9.96131E+15,5.21749E+16
130687,3,1,3,0,2018,3,21,5,3,2,6,2,1,1,0,0,0,0,0,6.16596E+20,5.81059E+21,1.07151E+16,5.24331E+16
130688,3,4,60,2,2018,3,7,2,3,6,7,1,0,1,1,0,0,0,0,4.45138E+20,5.81941E+21,8.19141E+15,5.2522E+16
130689,3,1,57,6,2018,3,19,5,3,5,3,2,0,1,0,0,0,0,0,5.85065E+20,5.79767E+21,1.02481E+16,5.23228E+16
130690,3,4,56,15,2018,3,8,6,3,5,3,0,1,1,0,0,0,0,0,3.67459E+20,5.81051E+21,7.05057E+15,5.24287E+16
130691,3,1,1,0,2018,3,10,5,3,4,2,0,0,1,0,0,0,0,0,6.07433E+20,5.79411E+21,1.05751E+16,5.22868E+16
130692,3,1,55,2,2018,3,17,4,2,8,1,1,0,0,0,1,0,0,0,5.35771E+20,5.7268E+21,9.5175E+15,5.1691E+16
130693,3,4,4,0,2018,3,13,4,3,3,2,0,1,1,0,0,0,0,0,4.34362E+20,5.79344E+21,8.0377E+15,5.22874E+16
130694,3,2,41,1,2018,3,12,7,3,6,3,0,0,1,1,0,0,0,0,5.50593E+20,5.80333E+21,9.74325E+15,5.23779E+16
130695,3,4,2,0,2018,3,15,4,3,3,5,0,1,1,0,0,0,0,0,3.80472E+20,5.91423E+21,7.20372E+15,5.33636E+16
130696,3,4,57,8,2018,3,15,4,3,8,1,0,0,0,0,0,0,1,0,4.07324E+20,5.90118E+21,7.61091E+15,5.32518E+16
130697,3,1,59,4,2018,3,10,4,3,6,4,0,0,1,1,0,0,0,0,6.07894E+20,5.71707E+21,1.05576E+16,5.15943E+16
130698,3,4,56,15,2018,3,19,4,3,5,3,2,0,1,0,0,0,0,0,3.69094E+20,5.81126E+21,7.0743E+15,5.24359E+16
130699,3,2,54,2,2018,3,7,4,3,5,3,0,1,1,0,0,0,0,0,5.56923E+20,5.76029E+21,9.829E+15,5.19903E+16
130700,3,4,54,21,2018,3,18,4,3,5,3,0,1,1,0,0,0,0,0,4.06064E+20,5.83821E+21,7.61031E+15,5.26856E+16
130701,3,2,41,1,2018,3,18,2,3,6,4,0,0,1,1,0,0,0,0,5.48604E+20,5.80038E+21,9.7136E+15,5.23516E+16
130702,3,4,58,9,2018,3,14,5,2,5,3,0,1,0,0,0,0,0,0,4.50108E+20,5.87852E+21,8.25563E+15,5.30539E+16
130703,3,4,5,0,2018,3,17,4,2,5,3,0,0,1,0,0,0,0,0,4.40679E+20,5.93065E+21,8.10524E+15,5.35214E+16
130704,3,4,3,0,2018,3,23,6,3,9,7,2,1,0,0,0,0,0,0,4.4678E+20,5.88704E+21,8.20458E+15,5.31301E+16
130705,3,3,61,1,2018,3,10,4,3,5,3,0,1,1,0,0,0,0,0,5.02314E+20,5.8736E+21,9.03449E+15,5.3012E+16
130706,3,1,59,16,2018,3,18,4,3,5,3,0,1,1,0,0,0,0,0,5.65228E+20,5.70911E+21,9.94033E+15,5.15294E+16
130707,3,4,51,4,2018,3,18,4,3,6,6,2,0,1,1,0,0,0,0,4.36876E+20,5.88264E+21,8.05744E+15,5.30895E+16
130708,3,1,53,18,2018,3,7,4,3,5,2,0,0,1,0,0,1,0,1,5.92006E+20,5.74002E+21,1.03344E+16,5.18034E+16
130709,3,3,55,22,2018,3,8,4,2,1,5,0,0,1,0,1,0,0,0,5.938E+20,5.90208E+21,1.04062E+16,5.32597E+16
130710,3,4,4,0,2018,3,7,3,3,5,3,0,1,1,0,0,0,0,1,4.35745E+20,5.79087E+21,8.05846E+15,5.22645E+16
130711,3,3,51,6,2018,3,18,4,3,4,2,2,0,1,0,0,0,0,0,5.73493E+20,5.83031E+21,1.00856E+16,5.26178E+16
130712,3,4,4,0,2018,3,4,1,3,1,5,2,1,1,0,0,0,0,0,4.35753E+20,5.79131E+21,8.0585E+15,5.22684E+16
130713,3,2,41,1,2018,3,19,4,3,6,6,2,0,1,1,0,0,0,1,5.57717E+20,5.80553E+21,9.84827E+15,5.2397E+16
130714,3,2,41,1,2018,3,6,6,3,4,6,2,0,1,0,0,0,0,1,5.4227E+20,5.80717E+21,9.62147E+15,5.24132E+16
130715,3,2,41,1,2018,3,13,4,3,6,4,0,0,1,1,0,0,0,0,5.4993E+20,5.80268E+21,9.73341E+15,5.23721E+16
130716,3,4,4,0,2018,3,7,3,2,0,1,0,0,0,0,1,0,0,2,4.33785E+20,5.79331E+21,8.02926E+15,5.22861E+16
130717,3,2,41,5,2018,3,14,4,3,8,7,0,0,1,0,0,0,0,0,5.42166E+20,5.80956E+21,9.62025E+15,5.24346E+16
130718,3,2,57,35,2018,3,18,3,3,4,2,0,0,1,0,0,0,0,0,5.12837E+20,5.79795E+21,9.18838E+15,5.23317E+16
130719,3,2,41,11,2018,3,12,4,3,1,5,0,0,1,0,0,0,1,0,5.65665E+20,5.80305E+21,9.96457E+15,5.23737E+16
130720,3,4,4,0,2018,3,6,7,3,0,1,0,1,0,0,0,0,0,0,4.35508E+20,5.79025E+21,8.0551E+15,5.22588E+16
130721,3,2,41,1,2018,3,12,4,1,0,7,0,0,0,0,0,0,1,0,5.53935E+20,5.80619E+21,9.79279E+15,5.24033E+16
130722,3,2,41,1,2018,3,13,4,3,6,4,0,0,1,1,0,0,0,0,5.4821E+20,5.80211E+21,9.70806E+15,5.23672E+16
130723,3,4,3,0,2018,3,17,5,3,5,2,0,1,1,0,0,0,0,1,4.49708E+20,5.89096E+21,8.24771E+15,5.31656E+16
130724,3,2,56,22,2018,3,18,4,3,5,3,1,0,1,0,0,0,0,0,5.15331E+20,5.83459E+21,9.22668E+15,5.2661E+16
130725,3,2,41,1,2018,3,5,1,3,6,7,2,0,1,1,0,0,0,0,5.47751E+20,5.80557E+21,9.70182E+15,5.23983E+16
130726,3,1,59,14,2018,3,15,4,3,5,3,0,0,1,0,0,0,0,0,5.84416E+20,5.71832E+21,1.02191E+16,5.16096E+16
130727,3,4,2,0,2018,3,9,5,3,2,6,0,0,1,0,0,0,1,0,3.80682E+20,5.9153E+21,7.20647E+15,5.33733E+16
130728,3,1,59,16,2018,3,12,4,3,2,6,0,1,1,0,0,0,0,0,5.62867E+20,5.71162E+21,9.90674E+15,5.15522E+16
130729,3,4,54,41,2018,3,9,3,3,5,2,0,0,1,0,1,0,0,0,3.9357E+20,5.88177E+21,7.41131E+15,5.30748E+16
130730,3,1,3,0,2018,3,16,4,3,6,7,0,0,1,1,0,0,0,0,6.21132E+20,5.80926E+21,1.07813E+16,5.24202E+16
130731,3,1,3,0,2018,3,16,4,3,6,4,0,0,1,1,0,0,0,0,6.19163E+20,5.80905E+21,1.07523E+16,5.24186E+16
130732,3,1,51,17,2018,3,17,3,3,9,1,0,0,0,0,1,0,0,0,5.90258E+20,5.8121E+21,1.03282E+16,5.24516E+16
130733,3,4,54,32,2018,3,6,2,3,5,2,0,1,1,0,0,0,0,0,3.87612E+20,5.82155E+21,7.3431E+15,5.25324E+16
130734,3,1,1,0,2018,3,6,4,3,5,3,2,1,1,0,0,0,0,1,6.04217E+20,5.79379E+21,1.05278E+16,5.22846E+16
130735,3,3,57,35,2018,3,21,7,3,6,1,2,0,1,1,0,0,0,1,5.03272E+20,5.9247E+21,9.04929E+15,5.34712E+16
130736,3,4,59,3,2018,3,15,3,3,2,6,0,0,1,0,0,0,0,1,4.61918E+20,5.79594E+21,8.44138E+15,5.23125E+16
130737,3,4,54,41,2018,3,7,3,3,5,3,0,1,1,0,0,0,0,1,3.94979E+20,5.88185E+21,7.4323E+15,5.30758E+16
130738,3,4,56,14,2018,3,12,3,3,5,3,0,1,0,0,0,0,1,0,3.62121E+20,5.81872E+21,6.96871E+15,5.25011E+16
130739,3,4,56,15,2018,3,7,3,3,5,2,0,1,1,0,0,0,0,1,3.684E+20,5.81162E+21,7.06395E+15,5.24389E+16
130740,3,4,56,15,2018,3,8,3,3,5,3,0,0,1,0,0,0,0,1,3.69321E+20,5.80856E+21,7.0787E+15,5.24116E+16
130741,3,4,60,9,2018,3,18,3,3,5,3,0,0,1,0,0,0,0,0,4.51587E+20,5.84197E+21,8.28315E+15,5.27254E+16
130742,3,4,55,27,2018,3,8,3,3,6,6,0,0,0,1,0,0,1,1,4.291E+20,5.92011E+21,7.93299E+15,5.34253E+16
130743,3,4,55,7,2018,3,11,3,3,2,6,0,0,1,0,1,0,0,1,4.25951E+20,5.93714E+21,7.8816E+15,5.35779E+16
130744,3,3,56,7,2018,3,15,3,3,1,7,0,0,1,0,0,0,0,0,4.85991E+20,5.89714E+21,8.79017E+15,5.32233E+16
130745,3,4,59,15,2018,3,13,2,3,0,1,0,1,0,0,0,0,0,0,4.45483E+20,5.77398E+21,8.20385E+15,5.21136E+16
130746,3,4,3,0,2018,3,18,3,3,4,2,1,0,1,0,0,0,0,1,4.4682E+20,5.88747E+21,8.2051E+15,5.3134E+16
130747,3,2,54,21,2018,3,16,7,2,2,6,0,0,1,0,1,0,0,0,5.65361E+20,5.77966E+21,9.95558E+15,5.21636E+16
130748,3,4,61,4,2018,3,6,3,3,8,1,0,0,1,0,0,0,0,1,4.61885E+20,5.90133E+21,8.42861E+15,5.32599E+16
130749,3,3,52,60,2018,3,7,3,3,5,3,0,1,1,0,0,0,0,1,4.76194E+20,5.91198E+21,8.64232E+15,5.33564E+16
130750,3,3,59,38,2018,3,7,3,3,2,6,0,0,1,0,0,0,0,0,5.32183E+20,5.9379E+21,9.48619E+15,5.3589E+16
130751,3,3,55,22,2018,3,14,3,3,4,2,0,0,1,0,0,0,1,0,5.95228E+20,5.90352E+21,1.0428E+16,5.32723E+16
130752,3,2,41,1,2018,3,19,2,3,2,6,0,0,1,0,0,0,0,0,5.51141E+20,5.80308E+21,9.75126E+15,5.23756E+16
130753,3,3,51,6,2018,3,16,3,3,5,3,0,1,1,0,0,0,0,0,5.72816E+20,5.82919E+21,1.00753E+16,5.26078E+16
130754,3,2,41,21,2018,3,14,6,3,0,1,0,1,0,0,0,0,0,1,5.29419E+20,5.80862E+21,9.43267E+15,5.2427E+16
130755,3,2,41,1,2018,3,15,3,3,1,5,0,0,1,0,0,0,0,1,5.50044E+20,5.80811E+21,9.73589E+15,5.24209E+16
130756,3,4,5,0,2018,3,15,2,2,6,4,0,0,1,1,0,0,0,0,4.41109E+20,5.93085E+21,8.11168E+15,5.35233E+16
130757,3,2,41,1,2018,3,18,3,3,2,6,2,0,1,0,0,0,0,1,5.52256E+20,5.80695E+21,9.76824E+15,5.24103E+16
130758,3,4,60,9,2018,3,20,6,3,0,7,2,1,0,0,0,0,0,0,4.51682E+20,5.84194E+21,8.28454E+15,5.27252E+16
130759,3,2,41,1,2018,3,8,3,3,2,6,0,0,1,0,0,0,0,1,5.51074E+20,5.80453E+21,9.7505E+15,5.23886E+16
130760,3,2,41,5,2018,3,13,3,2,0,7,0,1,0,0,0,0,0,1,5.42386E+20,5.80893E+21,9.6234E+15,5.24289E+16
130761,3,2,41,19,2018,3,17,3,3,6,7,0,0,1,1,0,0,0,1,5.4993E+20,5.81877E+21,9.73581E+15,5.25168E+16
130762,3,3,59,38,2018,3,13,1,3,2,6,0,0,1,0,0,0,0,0,5.27842E+20,5.93723E+21,9.42056E+15,5.35832E+16
130763,3,2,41,1,2018,3,7,3,3,5,7,0,1,1,0,0,0,0,1,5.5385E+20,5.79954E+21,9.79048E+15,5.23435E+16
130764,3,1,3,0,2018,3,12,6,3,3,6,0,0,1,0,0,0,0,0,6.18895E+20,5.80697E+21,1.07476E+16,5.24E+16
130765,3,2,54,21,2018,3,20,3,3,5,3,2,0,1,0,0,0,0,1,5.66698E+20,5.7807E+21,9.97533E+15,5.21728E+16
130766,3,2,41,1,2018,3,7,5,3,2,6,0,0,1,0,0,0,0,1,5.48927E+20,5.80282E+21,9.7187E+15,5.23735E+16
130767,3,1,59,16,2018,3,5,3,3,5,3,2,1,1,0,0,0,0,1,5.6525E+20,5.70984E+21,9.94078E+15,5.15359E+16
130768,3,1,54,14,2018,3,10,3,3,5,3,0,0,1,0,0,0,1,0,6.16255E+20,5.80129E+21,1.07068E+16,5.23495E+16
130769,3,1,3,0,2018,3,17,3,3,4,2,0,1,1,0,0,0,0,0,6.25387E+20,5.81124E+21,1.08446E+16,5.24369E+16
130770,3,1,3,0,2018,3,15,3,2,6,7,0,0,1,1,0,0,0,1,6.21467E+20,5.80906E+21,1.07861E+16,5.24183E+16
130771,3,1,2,0,2018,3,13,3,3,6,4,0,0,1,1,0,0,0,0,5.93378E+20,5.77396E+21,1.03635E+16,5.21083E+16
130772,3,4,59,12,2018,3,19,7,3,0,1,2,0,0,0,1,0,0,0,4.41268E+20,5.78806E+21,8.13987E+15,5.22398E+16
130773,3,1,1,0,2018,3,16,3,3,1,5,0,0,1,0,0,0,0,1,6.0111E+20,5.789E+21,1.04809E+16,5.22421E+16
130774,3,1,1,0,2018,3,8,3,3,5,3,0,0,1,0,0,0,0,1,6.06713E+20,5.7939E+21,1.05644E+16,5.22851E+16
130775,3,4,54,41,2018,3,10,5,3,1,5,0,0,1,0,0,0,1,1,3.91866E+20,5.88176E+21,7.38588E+15,5.30743E+16
130776,3,1,1,0,2018,3,8,3,3,5,3,0,1,1,0,0,0,0,1,6.02757E+20,5.79202E+21,1.05059E+16,5.2269E+16
130777,3,4,4,0,2018,3,18,2,3,5,2,1,1,1,0,0,0,0,0,4.33713E+20,5.79187E+21,8.02849E+15,5.22732E+16
130778,3,4,57,13,2018,3,15,2,3,2,2,0,0,1,0,0,0,0,0,3.97187E+20,5.89952E+21,7.45957E+15,5.3235E+16
130779,3,1,1,0,2018,3,15,3,3,5,3,0,1,1,0,0,0,0,0,6.03533E+20,5.79117E+21,1.0517E+16,5.22611E+16
130780,3,4,60,6,2018,3,8,2,3,5,3,0,1,1,0,0,0,0,0,4.48701E+20,5.83556E+21,8.24142E+15,5.26676E+16
130781,3,2,41,1,2018,3,19,7,2,0,6,2,1,0,0,0,0,1,0,5.57982E+20,5.80155E+21,9.85147E+15,5.23611E+16
130782,3,4,52,23,2018,3,15,3,3,5,3,0,0,1,0,0,0,0,0,3.93127E+20,5.92762E+21,7.38927E+15,5.34867E+16
130783,3,1,3,0,2018,4,18,5,2,5,3,0,0,1,0,0,0,0,0,6.23472E+20,5.81008E+21,1.0816E+16,5.2427E+16
130784,3,1,3,0,2018,4,16,5,3,5,2,0,1,1,0,0,0,0,0,6.19267E+20,5.80911E+21,1.07538E+16,5.24192E+16
130785,3,4,5,0,2018,4,13,7,3,2,6,0,0,1,0,0,0,0,0,4.39081E+20,5.93476E+21,8.08034E+15,5.35582E+16
130786,3,1,53,17,2018,4,8,5,3,5,3,0,0,1,0,0,0,0,1,5.98678E+20,5.75406E+21,1.04351E+16,5.19285E+16