OBJECTID_1,ULAND,UREGBEZ,UKREIS,UGEMEINDE,UJAHR,UMONAT,USTUNDE,UWOCHENTAG,UKATEGORIE,UART,UTYP1,ULICHTVERH,IstRad,IstPKW,IstFuss,IstKrad,IstGkfz,IstSonstig,STRZUSTAND,LINREFX,LINREFY,XGCSWGS84,YGCSWGS84
130787,3,4,59,19,2018,4,17,4,3,5,3,0,0,1,0,1,0,0,0,4.36934E+20,5.785E+21,8.07698E+15,5.22118E+16
130788,3,4,3,0,2018,4,11,6,3,5,3,0,0,1,0,1,0,0,0,4.4532E+20,5.88778E+21,8.18263E+15,5.31366E+16
130789,3,4,4,0,2018,4,22,4,3,8,1,2,1,0,0,0,0,0,0,4.34746E+20,5.79244E+21,8.04352E+15,5.22784E+16
130790,3,4,4,0,2018,4,14,4,3,0,6,0,0,1,0,0,0,1,0,4.34833E+20,5.79427E+21,8.04445E+15,5.22949E+16
130791,3,4,3,0,2018,4,3,1,3,3,6,2,1,0,0,0,0,0,0,4.48147E+20,5.88797E+21,8.22486E+15,5.31386E+16
130792,3,4,54,41,2018,4,16,4,3,2,7,0,0,1,0,0,0,0,0,3.93623E+20,5.8813E+21,7.41224E+15,5.30706E+16
130793,3,4,54,19,2018,4,16,4,3,1,7,0,0,1,1,0,0,0,1,3.9781E+20,5.83697E+21,7.48863E+15,5.26731E+16
130794,3,2,41,1,2018,4,15,7,3,3,2,0,1,1,0,0,0,0,0,5.51144E+20,5.80273E+21,9.75124E+15,5.23724E+16
130795,3,4,53,1,2018,4,17,4,2,9,1,0,1,0,0,0,0,0,1,4.16426E+20,5.88998E+21,7.75024E+15,5.31526E+16
130796,3,3,55,22,2018,4,18,6,3,0,7,0,1,0,0,0,0,0,0,5.95154E+20,5.90099E+21,1.04262E+16,5.32496E+16
130797,3,4,3,0,2018,4,11,7,3,0,7,0,1,1,0,0,0,0,0,4.47674E+20,5.88944E+21,8.21754E+15,5.31518E+16
130798,3,4,53,6,2018,4,12,4,3,5,3,0,0,1,0,0,0,1,0,4.28851E+20,5.84537E+21,7.94579E+15,5.27535E+16
130799,3,3,56,5,2018,4,6,4,3,5,3,1,1,0,0,0,0,0,0,4.92934E+20,5.88717E+21,8.89439E+15,5.31339E+16
130800,3,2,54,20,2018,4,17,6,2,0,7,0,1,0,0,0,0,0,0,5.70649E+20,5.78608E+21,1.00342E+16,5.22206E+16
130801,3,3,59,38,2018,4,19,6,3,2,6,0,0,0,0,1,0,0,1,5.30792E+20,5.93484E+21,9.46488E+15,5.35615E+16
130802,3,4,3,0,2018,3,10,3,3,4,2,0,1,1,0,0,0,0,0,4.47804E+20,5.88974E+21,8.21944E+15,5.31545E+16
130803,3,3,61,12,2018,4,21,4,2,6,2,2,0,1,1,0,0,0,1,5.16903E+20,5.86341E+21,9.25141E+15,5.29201E+16
130804,3,2,41,1,2018,4,18,1,3,4,1,0,1,1,0,0,0,0,0,5.51568E+20,5.80792E+21,9.75827E+15,5.24191E+16
130805,3,4,3,0,2018,4,14,4,3,4,2,0,1,1,0,0,0,0,0,4.43692E+20,5.89093E+21,8.15775E+15,5.31648E+16
130806,3,4,3,0,2018,4,16,4,3,5,3,0,1,1,0,0,0,0,0,4.46843E+20,5.88858E+21,8.20526E+15,5.31439E+16
130807,3,2,52,6,2018,4,11,7,3,2,6,0,0,1,0,0,0,0,0,5.26172E+20,5.76868E+21,9.38181E+15,5.2068E+16
130808,3,2,51,7,2018,4,11,4,3,5,3,0,1,1,0,0,0,0,0,4.81618E+20,5.85575E+21,8.72704E+15,5.28512E+16
130809,3,2,41,10,2018,4,20,6,3,4,2,2,0,1,0,0,0,0,0,5.50043E+20,5.81041E+21,9.73622E+15,5.24416E+16
130810,3,4,58,5,2018,4,7,4,3,5,3,0,0,1,0,1,0,0,0,4.7065E+20,5.87497E+21,8.56243E+15,5.30235E+16
130811,3,4,1,0,2018,4,12,4,3,5,3,0,1,1,0,0,0,0,0,4.7448E+20,5.8776E+21,8.61931E+15,5.30473E+16
130812,3,2,41,1,2018,4,10,1,2,0,7,0,1,0,0,0,0,0,0,5.55125E+20,5.80409E+21,9.80995E+15,5.23843E+16
130813,3,3,52,11,2018,4,13,4,3,5,3,0,1,1,0,0,0,0,0,4.79427E+20,5.96746E+21,8.68722E+15,5.38552E+16
130814,3,3,53,31,2018,4,19,4,3,0,7,1,0,1,0,0,0,0,1,5.65231E+20,5.91553E+21,9.98075E+15,5.33848E+16
130815,3,1,51,9,2018,4,13,7,3,9,1,0,1,0,0,0,0,0,0,6.04155E+20,5.81688E+21,1.05341E+16,5.24921E+16
130816,3,3,59,38,2018,4,4,4,3,5,3,2,1,0,0,0,0,1,0,5.29358E+20,5.93928E+21,9.44365E+15,5.36015E+16
130817,3,3,51,4,2018,4,17,4,3,5,3,0,0,1,0,0,0,0,0,5.6976E+20,5.84622E+21,1.00338E+16,5.27613E+16
130818,3,3,51,6,2018,4,15,4,3,2,2,0,0,1,0,0,0,0,0,5.72828E+20,5.83031E+21,1.00757E+16,5.26179E+16
130819,3,1,1,0,2018,4,19,1,1,9,1,0,0,1,0,1,0,0,0,6.04357E+20,5.79506E+21,1.05303E+16,5.2296E+16
130820,3,2,41,1,2018,4,15,4,3,5,3,0,0,1,0,0,0,0,0,5.48082E+20,5.80664E+21,9.70684E+15,5.24078E+16
130821,3,2,41,21,2018,4,9,4,3,3,2,0,1,0,0,0,0,1,0,5.29639E+20,5.80851E+21,9.43589E+15,5.2426E+16
130822,3,4,62,19,2018,4,13,6,3,1,5,0,0,1,0,1,0,0,0,4.18582E+20,5.93692E+21,7.77038E+15,5.35748E+16
130823,3,2,54,5,2018,4,18,1,3,5,3,0,1,1,0,0,0,0,0,5.6885E+20,5.76714E+21,1.00041E+16,5.20506E+16
130824,3,2,41,1,2018,4,14,4,2,1,1,0,0,1,0,1,0,0,0,5.46767E+20,5.80257E+21,9.68694E+15,5.23714E+16
130825,3,1,55,13,2018,4,16,4,3,0,7,0,1,0,1,0,0,0,0,5.60825E+20,5.74082E+21,9.88238E+15,5.18149E+16
130826,3,4,4,0,2018,4,9,6,2,6,2,0,0,1,1,0,0,0,0,4.375E+20,5.79249E+21,8.08387E+15,5.22792E+16
130827,3,1,55,3,2018,4,15,4,3,5,3,0,0,1,0,0,0,0,1,5.48217E+20,5.73883E+21,9.69921E+15,5.17983E+16
130828,3,1,55,11,2018,4,20,4,3,5,1,1,1,1,0,0,0,0,0,5.68982E+20,5.72951E+21,9.99845E+15,5.17122E+16
130829,3,4,3,0,2018,3,8,3,3,2,6,0,0,1,0,0,0,1,1,4.50802E+20,5.88517E+21,8.26497E+15,5.31137E+16
130830,3,2,52,6,2018,4,15,4,2,6,4,0,0,1,1,0,0,0,0,5.26421E+20,5.77286E+21,9.38577E+15,5.21057E+16
130831,3,1,54,24,2018,4,15,4,3,5,3,0,0,1,0,1,0,0,0,6.31548E+20,5.80813E+21,1.09339E+16,5.24076E+16
130832,3,4,51,2,2018,4,16,7,3,8,1,0,0,0,0,1,0,0,0,4.39324E+20,5.8899E+21,8.09261E+15,5.31551E+16
130833,3,1,54,15,2018,4,15,4,3,2,2,0,0,1,0,0,0,0,0,6.35992E+20,5.79512E+21,1.09939E+16,5.22896E+16
130834,3,1,54,28,2018,4,18,4,3,2,6,0,0,1,0,0,0,0,1,6.35807E+20,5.7908E+21,1.09895E+16,5.22509E+16
130835,3,1,1,0,2018,4,15,6,3,2,6,0,0,1,0,0,0,0,0,6.03593E+20,5.78981E+21,1.05175E+16,5.22489E+16
130836,3,4,58,14,2018,4,20,6,2,0,7,1,0,1,0,1,0,0,0,4.54849E+20,5.86123E+21,8.32877E+15,5.28989E+16
130837,3,3,53,32,2018,3,7,3,3,5,3,0,1,1,0,0,0,0,1,5.75766E+20,5.91342E+21,1.01386E+16,5.33645E+16
130838,3,1,3,0,2018,4,15,4,3,2,6,0,0,1,0,0,0,0,0,6.21462E+20,5.81012E+21,1.07864E+16,5.24278E+16
130839,3,2,51,40,2018,4,21,1,3,0,1,2,1,0,0,0,0,0,0,4.85564E+20,5.83723E+21,8.78644E+15,5.26848E+16
130840,3,1,3,0,2018,4,7,4,3,5,3,0,1,1,0,0,0,0,0,6.19064E+20,5.80819E+21,1.07505E+16,5.2411E+16
130841,3,1,1,0,2018,4,19,4,3,5,7,0,0,1,0,0,0,0,1,6.04273E+20,5.79203E+21,1.05281E+16,5.22688E+16
130842,3,1,55,13,2018,4,12,6,3,1,1,0,0,1,0,1,0,0,0,5.60466E+20,5.74157E+21,9.8773E+15,5.18217E+16
130843,3,4,2,0,2018,4,10,3,3,8,1,0,0,0,0,0,1,0,1,3.7883E+20,5.91329E+21,7.17941E+15,5.33549E+16
130844,3,4,2,0,2018,4,11,3,3,2,6,0,0,1,0,0,0,0,1,3.80451E+20,5.91483E+21,7.20318E+15,5.3369E+16
130845,3,4,57,13,2018,4,16,3,3,5,3,0,1,0,0,0,0,0,0,3.97912E+20,5.8995E+21,7.47043E+15,5.3235E+16
130846,3,3,53,31,2018,4,16,7,2,0,1,0,1,0,0,0,0,0,0,5.66309E+20,5.91655E+21,9.99717E+15,5.33938E+16
130847,3,4,56,15,2018,4,17,3,3,5,3,0,0,1,0,0,0,0,0,3.67602E+20,5.8123E+21,7.05196E+15,5.24448E+16
130848,3,4,54,35,2018,4,20,3,3,7,7,1,1,0,0,0,0,0,0,3.845E+20,5.83921E+21,7.29108E+15,5.26905E+16
130849,3,1,1,0,2018,4,7,6,3,2,2,0,0,1,0,0,0,0,0,6.00609E+20,5.79796E+21,1.04762E+16,5.23227E+16
130850,3,3,58,16,2018,4,22,6,2,5,3,2,0,1,0,0,0,0,0,5.73181E+20,5.87217E+21,1.00903E+16,5.29941E+16
130851,3,4,60,2,2018,4,15,3,2,6,4,0,0,1,1,0,0,0,0,4.45332E+20,5.81901E+21,8.19433E+15,5.25185E+16
130852,3,2,41,1,2018,4,19,1,3,5,2,1,0,1,0,0,0,1,0,5.45599E+20,5.8057E+21,9.67021E+15,5.23997E+16
130853,3,4,55,26,2018,4,20,3,3,5,3,1,0,1,0,0,0,0,0,4.42704E+20,5.91562E+21,8.13851E+15,5.33866E+16
130854,3,4,51,5,2018,4,18,3,2,9,1,0,0,1,0,0,0,0,1,4.42923E+20,5.9082E+21,8.14315E+15,5.33199E+16
130855,3,1,59,16,2018,4,9,7,2,5,7,0,1,0,1,0,0,0,0,5.66178E+20,5.70852E+21,9.9539E+15,5.15239E+16
130856,3,4,51,2,2018,4,17,3,3,6,2,0,0,1,1,0,0,0,0,4.33725E+20,5.89293E+21,8.00827E+15,5.31816E+16
130857,3,4,61,7,2018,4,7,3,2,5,2,0,1,1,0,0,0,0,1,4.65401E+20,5.92682E+21,8.47854E+15,5.34892E+16
130858,3,2,41,1,2018,4,17,7,3,5,2,0,1,1,0,0,0,0,0,5.50249E+20,5.80378E+21,9.73826E+15,5.2382E+16
130859,3,3,52,11,2018,4,18,3,3,5,3,0,1,1,0,0,0,0,0,4.80069E+20,5.96938E+21,8.69687E+15,5.38725E+16
130860,3,2,41,1,2018,4,7,6,3,5,3,0,1,1,0,0,0,0,0,5.5006E+20,5.8076E+21,9.73606E+15,5.24163E+16
130861,3,3,53,5,2018,4,10,3,3,5,2,0,1,1,0,0,0,0,1,5.58006E+20,5.91195E+21,9.87149E+15,5.33535E+16
130862,3,1,59,36,2018,4,19,1,3,0,7,0,1,0,0,0,0,1,0,6.12246E+20,5.717E+21,1.06204E+16,5.15929E+16
130863,3,2,41,1,2018,4,10,3,3,2,6,0,0,1,0,0,0,0,0,5.47273E+20,5.8005E+21,9.69408E+15,5.23528E+16
130864,3,2,41,1,2018,4,16,3,3,6,4,0,0,1,1,0,0,0,0,5.48569E+20,5.80656E+21,9.71398E+15,5.24072E+16
130865,3,4,59,19,2018,4,8,6,3,9,1,0,0,1,0,0,0,0,0,4.33463E+20,5.78334E+21,8.02651E+15,5.21965E+16
130866,3,4,4,0,2018,4,12,5,3,5,3,0,1,1,0,0,0,0,0,4.34026E+20,5.79181E+21,8.03308E+15,5.22727E+16
130867,3,2,41,1,2018,4,15,6,3,2,2,0,0,1,0,0,0,0,0,5.46521E+20,5.80529E+21,9.6837E+15,5.23959E+16
130868,3,2,41,2,2018,4,11,3,2,5,3,0,1,1,0,0,0,0,0,5.35381E+20,5.7977E+21,9.51918E+15,5.23285E+16
130869,3,1,59,16,2018,4,17,3,3,5,3,0,0,1,0,0,0,0,0,5.61204E+20,5.71099E+21,9.88265E+15,5.15467E+16
130870,3,1,59,16,2018,4,18,3,3,0,7,0,1,0,1,0,0,0,0,5.63877E+20,5.7089E+21,9.92081E+15,5.15276E+16
130871,3,2,41,1,2018,4,23,6,3,5,3,2,0,1,0,0,0,0,0,5.51227E+20,5.80081E+21,9.75217E+15,5.23552E+16
130872,3,1,54,28,2018,4,17,3,3,2,6,0,0,1,0,1,0,0,0,6.36284E+20,5.79041E+21,1.09963E+16,5.22472E+16
130873,3,1,58,37,2018,4,16,3,3,5,3,0,0,1,0,0,0,0,0,6.04795E+20,5.78062E+21,1.05322E+16,5.21661E+16
130874,3,2,52,6,2018,4,15,1,2,0,5,0,1,1,0,0,0,0,0,5.25469E+20,5.77321E+21,9.37189E+15,5.21088E+16
130875,3,1,2,0,2018,4,11,3,2,6,7,0,0,1,1,0,0,0,0,5.9266E+20,5.77377E+21,1.0353E+16,5.21067E+16
130876,3,1,1,0,2018,4,17,3,2,2,6,0,0,1,0,1,0,0,0,6.04351E+20,5.79025E+21,1.05287E+16,5.22527E+16
130877,3,4,54,19,2018,4,8,6,3,3,2,0,1,1,0,0,0,0,0,3.97123E+20,5.83753E+21,7.47829E+15,5.2678E+16
130878,3,4,4,0,2018,4,17,5,3,2,6,0,0,1,0,0,0,0,0,4.32946E+20,5.79471E+21,8.01669E+15,5.22986E+16
130879,3,4,4,0,2018,4,22,2,3,8,1,2,1,0,0,0,0,0,1,4.31076E+20,5.79524E+21,7.98916E+15,5.23032E+16
130880,3,4,54,41,2018,4,10,2,3,5,3,0,1,0,0,0,0,0,0,3.92578E+20,5.88239E+21,7.39629E+15,5.30802E+16
130881,3,3,57,39,2018,3,19,3,3,5,3,1,1,1,0,0,0,0,0,5.27083E+20,5.88451E+21,9.40458E+15,5.31094E+16
130882,3,3,55,22,2018,4,16,2,3,2,3,0,1,1,0,1,0,0,0,5.94486E+20,5.90077E+21,1.04161E+16,5.32478E+16
130883,3,2,41,5,2018,4,17,2,3,1,7,0,1,1,0,0,0,0,0,5.40922E+20,5.8078E+21,9.60173E+15,5.24189E+16
130884,3,4,3,0,2018,4,13,7,2,5,2,0,0,1,0,0,0,1,0,4.47483E+20,5.88838E+21,8.21486E+15,5.31423E+16
130885,3,2,41,11,2018,4,14,2,3,2,6,0,0,1,0,0,0,0,0,5.64469E+20,5.80363E+21,9.94713E+15,5.23792E+16
130886,3,4,56,15,2018,4,16,5,3,2,6,0,0,1,0,0,0,0,0,3.68711E+20,5.80897E+21,7.06958E+15,5.24152E+16
130887,3,1,59,3,2018,4,19,2,3,0,6,0,0,0,0,1,0,0,0,5.99632E+20,5.71986E+21,1.04392E+16,5.16209E+16
130888,3,4,57,22,2018,4,14,1,3,0,7,0,0,1,0,1,0,0,0,3.9868E+20,5.88647E+21,7.48607E+15,5.3118E+16
130889,3,4,54,44,2018,4,16,7,3,8,1,0,0,0,0,1,0,0,0,3.8282E+20,5.88023E+21,7.25148E+15,5.30587E+16
130890,3,3,52,61,2018,4,16,1,3,5,2,0,0,1,0,1,0,0,0,4.68286E+20,5.95434E+21,8.51922E+15,5.37367E+16
130891,3,3,60,4,2018,4,1,1,3,8,1,2,0,1,0,0,0,0,1,5.99127E+20,5.89032E+21,1.04824E+16,5.31531E+16
130892,3,4,3,0,2018,4,12,6,3,5,3,0,0,1,0,0,0,0,0,4.48307E+20,5.89385E+21,8.22629E+15,5.31914E+16
130893,3,4,54,32,2018,4,7,5,3,5,3,0,1,1,0,0,0,0,1,3.85722E+20,5.82086E+21,7.3155E+15,5.25258E+16
130894,3,2,41,21,2018,4,15,1,2,0,7,0,0,1,0,0,0,0,0,5.23139E+20,5.8049E+21,9.34005E+15,5.23938E+16
130895,3,2,56,4,2018,4,6,1,3,6,7,2,0,1,1,0,0,0,0,4.80942E+20,5.81591E+21,8.7193E+15,5.2493E+16
130896,3,2,56,22,2018,4,9,1,3,5,3,0,0,1,0,0,0,0,0,5.15052E+20,5.83266E+21,9.22246E+15,5.26437E+16
130897,3,2,54,32,2018,4,14,1,2,5,3,0,0,1,0,0,0,0,0,5.79538E+20,5.77925E+21,1.01627E+16,5.2158E+16
130898,3,3,53,35,2018,4,11,7,3,2,6,0,0,1,0,0,0,0,0,5.48665E+20,5.90245E+21,9.7297E+15,5.32691E+16
130899,3,4,59,19,2018,3,9,7,3,0,1,0,0,0,0,1,0,0,0,4.3464E+20,5.78429E+21,8.04354E+15,5.22052E+16
130900,3,4,54,32,2018,4,7,5,3,5,3,0,1,1,0,0,0,0,1,3.86224E+20,5.82177E+21,7.32258E+15,5.25341E+16
130901,3,4,4,0,2018,3,11,7,3,6,7,0,0,1,1,0,0,0,0,4.38778E+20,5.78945E+21,8.10316E+15,5.2252E+16
130902,3,3,60,13,2018,4,17,6,2,8,7,0,0,0,0,1,0,0,0,6.12651E+20,5.85103E+21,1.06708E+16,5.27973E+16
130903,3,4,52,1,2018,4,17,5,3,2,6,0,0,1,0,0,0,0,0,3.95186E+20,5.92613E+21,7.42079E+15,5.34737E+16
130904,3,4,54,32,2018,3,10,7,3,5,3,0,1,1,0,0,0,0,0,3.85874E+20,5.81932E+21,7.31826E+15,5.2512E+16
130905,3,3,59,10,2018,4,13,6,3,3,6,0,1,1,0,0,0,0,0,5.45802E+20,5.92568E+21,9.69014E+15,5.34781E+16
130906,3,3,57,39,2018,3,22,7,3,9,7,2,0,1,0,0,0,0,1,5.25012E+20,5.88062E+21,9.37334E+15,5.30745E+16
130907,3,2,41,1,2018,4,10,1,3,1,6,0,1,1,0,0,0,0,0,5.48378E+20,5.8048E+21,9.71091E+15,5.23913E+16
130908,3,2,41,1,2018,3,12,7,3,0,7,0,1,0,0,0,0,0,1,5.55755E+20,5.8048E+21,9.81931E+15,5.23906E+16
130909,3,2,41,1,2018,3,10,7,3,0,1,0,0,0,0,1,0,0,1,5.47057E+20,5.80651E+21,9.69174E+15,5.24068E+16
130910,3,2,52,3,2018,4,10,7,2,6,7,0,0,1,1,0,0,0,0,5.17842E+20,5.75924E+21,9.2598E+15,5.19836E+16
130911,3,4,55,27,2018,4,17,5,3,5,3,0,0,1,0,1,0,0,0,4.31738E+20,5.9197E+21,7.97279E+15,5.3422E+16
130912,3,2,41,1,2018,3,12,7,3,5,3,0,0,1,0,1,0,0,1,5.51964E+20,5.80572E+21,9.76376E+15,5.23992E+16
130913,3,2,41,1,2018,4,15,6,3,5,2,0,1,1,0,0,0,0,0,5.50869E+20,5.80527E+21,9.74759E+15,5.23953E+16
130914,3,2,54,21,2018,3,16,7,3,5,3,0,0,1,0,0,0,0,1,5.6609E+20,5.77982E+21,9.96627E+15,5.21649E+16
130915,3,2,56,22,2018,4,17,1,3,4,7,0,1,0,0,1,0,0,0,5.1357E+20,5.83235E+21,9.20055E+15,5.2641E+16
130916,3,2,52,6,2018,3,11,7,3,5,2,0,0,1,0,1,0,0,0,5.2497E+20,5.7727E+21,9.36457E+15,5.21042E+16
130917,3,1,3,0,2018,3,10,7,3,5,2,0,1,1,0,0,0,0,1,6.20774E+20,5.80965E+21,1.07761E+16,5.24237E+16
130918,3,2,41,1,2018,4,10,1,3,5,3,0,0,1,0,1,0,0,0,5.52729E+20,5.80601E+21,9.77504E+15,5.24018E+16
130919,3,3,54,18,2018,3,17,6,2,2,7,0,0,0,0,1,0,0,0,6.45426E+20,5.87306E+21,1.11665E+16,5.29874E+16
130920,3,3,55,22,2018,3,5,6,3,6,6,2,0,1,1,0,0,0,0,5.94292E+20,5.90117E+21,1.04133E+16,5.32514E+16
130921,3,1,2,0,2018,4,22,7,3,5,2,2,0,1,0,0,0,0,0,5.99873E+20,5.78346E+21,1.04611E+16,5.21926E+16
130922,3,4,3,0,2018,4,7,5,3,3,6,1,1,1,0,0,0,0,1,4.48436E+20,5.88932E+21,8.22896E+15,5.31508E+16
130923,3,2,41,1,2018,3,17,6,3,0,7,0,0,0,1,0,0,1,0,5.53061E+20,5.80048E+21,9.77905E+15,5.2352E+16
130924,3,2,41,1,2018,3,4,6,1,6,7,2,0,0,1,0,0,1,0,5.4877E+20,5.80379E+21,9.71654E+15,5.23822E+16
130925,3,1,55,9,2018,3,0,6,3,4,2,0,0,1,0,0,0,0,0,5.60156E+20,5.72722E+21,9.87033E+15,5.16927E+16
130926,3,1,3,0,2018,4,20,1,3,4,2,2,0,1,0,1,0,0,0,6.18992E+20,5.80845E+21,1.07495E+16,5.24133E+16
130927,3,2,56,25,2018,3,22,6,2,8,1,2,1,0,0,0,0,0,0,5.09135E+20,5.81E+21,9.13438E+15,5.24401E+16
130928,3,1,59,16,2018,3,15,6,3,3,7,0,1,1,0,0,0,0,0,5.65352E+20,5.71213E+21,9.94268E+15,5.15565E+16
130929,3,4,54,49,2018,4,9,6,3,5,3,0,1,1,0,0,0,0,0,3.96068E+20,5.80225E+21,7.47373E+15,5.23606E+16
130930,3,4,3,0,2018,4,11,5,3,6,4,0,1,0,1,0,0,0,0,4.4771E+20,5.88955E+21,8.21807E+15,5.31527E+16
130931,3,4,4,0,2018,3,17,5,3,0,7,0,1,0,0,0,0,0,0,4.35044E+20,5.79097E+21,8.04817E+15,5.22652E+16
130932,3,4,4,0,2018,3,14,5,3,5,3,0,1,1,0,0,0,0,1,4.3598E+20,5.79482E+21,8.06115E+15,5.23E+16
130933,3,4,4,0,2018,4,14,6,3,3,2,0,1,1,0,0,0,0,0,4.33606E+20,5.7916E+21,8.02698E+15,5.22708E+16
130934,3,3,52,59,2018,4,23,5,3,8,1,2,0,1,0,0,0,0,0,4.82303E+20,5.91875E+21,8.73373E+15,5.34175E+16
130935,3,4,57,13,2018,3,18,5,3,3,6,0,1,1,0,0,0,0,1,3.97133E+20,5.90049E+21,7.45845E+15,5.32437E+16
130936,3,4,56,1,2018,3,17,5,3,5,3,0,0,1,0,0,0,0,1,3.6984E+20,5.79761E+21,7.09057E+15,5.23134E+16
130937,3,4,56,15,2018,3,10,5,3,5,3,0,0,1,0,0,0,1,1,3.6817E+20,5.81111E+21,7.06078E+15,5.24343E+16
130938,3,4,54,18,2018,3,17,5,3,4,2,0,0,1,0,0,0,0,1,3.84744E+20,5.85032E+21,7.29079E+15,5.27903E+16
130939,3,3,61,12,2018,4,19,7,3,6,4,0,1,0,1,0,0,0,0,5.15926E+20,5.86427E+21,9.23692E+15,5.29279E+16
130940,3,4,54,39,2018,3,14,5,2,5,7,0,0,0,0,0,1,1,0,3.80704E+20,5.85904E+21,7.22772E+15,5.28679E+16
130941,3,3,59,38,2018,4,13,5,3,6,4,0,0,1,1,0,0,0,0,5.29666E+20,5.93906E+21,9.44828E+15,5.35995E+16
130942,3,4,54,32,2018,3,10,5,3,5,3,0,0,1,0,0,0,0,0,3.87536E+20,5.82083E+21,7.34223E+15,5.2526E+16
130943,3,4,3,0,2018,4,8,6,3,1,5,0,0,1,0,0,0,1,0,4.45928E+20,5.88807E+21,8.19167E+15,5.31393E+16
130944,3,3,55,33,2018,4,22,5,3,1,2,2,0,1,0,0,0,0,0,5.99018E+20,5.90635E+21,1.04857E+16,5.32971E+16
130945,3,4,54,49,2018,3,22,5,2,9,1,2,0,1,0,0,0,0,1,3.95013E+20,5.80264E+21,7.45813E+15,5.23639E+16
130946,3,2,57,19,2018,4,10,6,3,2,2,0,0,1,0,0,0,0,0,5.1369E+20,5.80071E+21,9.20102E+15,5.23565E+16
130947,3,4,53,4,2018,3,18,5,3,2,2,0,0,1,0,0,0,0,1,4.35671E+20,5.85585E+21,8.04478E+15,5.28486E+16
130948,3,2,51,37,2018,4,16,1,3,6,4,0,0,0,1,0,0,1,0,4.85012E+20,5.87251E+21,8.77666E+15,5.3002E+16
130949,3,4,55,26,2018,3,17,5,3,6,6,0,0,1,1,0,0,0,0,4.42791E+20,5.91926E+21,8.13917E+15,5.34193E+16
130950,3,4,5,0,2018,3,5,5,2,0,1,2,1,0,0,0,0,0,2,4.41903E+20,5.93141E+21,8.12357E+15,5.35284E+16
130951,3,2,41,3,2018,4,11,7,3,5,3,0,1,0,0,0,0,0,0,5.68552E+20,5.81172E+21,1.00088E+16,5.24514E+16
130952,3,3,55,22,2018,4,14,5,3,4,2,0,1,1,0,0,0,0,0,5.94317E+20,5.90117E+21,1.04137E+16,5.32514E+16
130953,3,4,5,0,2018,3,8,5,3,5,3,0,0,1,0,0,0,0,2,4.40297E+20,5.9301E+21,8.09958E+15,5.35165E+16
130954,3,3,56,7,2018,3,11,5,3,5,3,0,0,1,0,0,0,0,1,4.85881E+20,5.89811E+21,8.78848E+15,5.32321E+16
130955,3,4,61,8,2018,4,9,7,2,6,4,0,1,0,1,0,0,0,0,4.62604E+20,5.91082E+21,8.43828E+15,5.33452E+16
130956,3,3,61,12,2018,3,19,5,3,6,2,2,0,1,1,0,0,0,0,5.15579E+20,5.86357E+21,9.23172E+15,5.29216E+16
130957,3,2,41,10,2018,4,14,5,3,6,7,0,0,1,1,0,0,0,0,5.49822E+20,5.8101E+21,9.73293E+15,5.24389E+16
130958,3,4,3,0,2018,3,12,5,3,5,3,0,0,1,0,0,0,0,1,4.48213E+20,5.88879E+21,8.22572E+15,5.3146E+16
130959,3,3,58,22,2018,4,17,6,3,0,4,0,0,1,1,0,0,0,0,5.39231E+20,5.85666E+21,9.58266E+15,5.28582E+16
130960,3,2,41,1,2018,4,16,5,3,6,4,0,0,1,1,0,0,0,1,5.52581E+20,5.80772E+21,9.77313E+15,5.24172E+16
130961,3,4,58,14,2018,3,10,5,3,2,6,0,0,1,0,0,0,0,0,4.61902E+20,5.86108E+21,8.43364E+15,5.28981E+16
130962,3,2,41,1,2018,4,22,6,2,0,1,2,1,0,0,0,0,0,0,5.48916E+20,5.80127E+21,9.71831E+15,5.23595E+16
130963,3,2,41,1,2018,4,10,1,3,5,2,0,1,1,0,0,0,0,0,5.50696E+20,5.80515E+21,9.74503E+15,5.23942E+16
130964,3,3,53,12,2018,3,9,5,3,8,1,0,0,1,0,0,0,0,1,5.78916E+20,5.9041E+21,1.01836E+16,5.32803E+16
130965,3,3,59,38,2018,3,13,5,3,5,3,0,1,0,0,0,1,0,1,5.31613E+20,5.93984E+21,9.47778E+15,5.36064E+16
130966,3,1,59,17,2018,4,14,7,2,0,7,0,0,1,0,0,0,0,0,5.45645E+20,5.69684E+21,9.65645E+15,5.14209E+16
130967,3,2,41,1,2018,4,3,5,3,5,3,2,0,1,0,1,0,0,0,5.58882E+20,5.8022E+21,9.8648E+15,5.2367E+16
130968,3,3,57,51,2018,3,17,5,3,2,6,0,0,1,0,0,0,0,0,5.39704E+20,5.87037E+21,9.59137E+15,5.29814E+16
130969,3,2,41,10,2018,4,14,6,3,3,2,0,1,0,0,0,0,1,0,5.50028E+20,5.81036E+21,9.736E+15,5.24412E+16
130970,3,2,57,35,2018,4,10,5,3,6,4,0,0,1,1,0,0,0,1,5.13968E+20,5.79719E+21,9.20495E+15,5.23248E+16
130971,3,3,60,25,2018,3,14,5,3,2,6,0,0,1,0,0,0,0,1,6.0292E+20,5.87259E+21,1.05334E+16,5.2993E+16
130972,3,3,51,6,2018,4,7,6,3,4,2,0,1,1,0,0,0,0,0,5.71327E+20,5.8291E+21,1.00533E+16,5.26072E+16
130973,3,2,54,20,2018,4,16,5,1,0,7,0,0,1,1,0,0,0,0,5.65522E+20,5.7825E+21,9.95847E+15,5.21891E+16
130974,3,3,60,25,2018,3,11,5,3,5,3,0,1,1,0,0,0,0,0,6.04555E+20,5.86909E+21,1.05566E+16,5.29612E+16