OBJECTID_1,ULAND,UREGBEZ,UKREIS,UGEMEINDE,UJAHR,UMONAT,USTUNDE,UWOCHENTAG,UKATEGORIE,UART,UTYP1,ULICHTVERH,IstRad,IstPKW,IstFuss,IstKrad,IstGkfz,IstSonstig,STRZUSTAND,LINREFX,LINREFY,XGCSWGS84,YGCSWGS84
130975,3,2,41,1,2018,4,15,1,3,3,6,0,1,0,0,0,0,0,0,5.53383E+20,5.80141E+21,9.78392E+15,5.23604E+16
130976,3,2,41,1,2018,3,13,5,3,3,2,0,1,0,0,0,0,1,0,5.5031E+20,5.8017E+21,9.73884E+15,5.23633E+16
130977,3,2,41,1,2018,3,20,5,3,5,3,2,1,1,0,0,0,0,1,5.48211E+20,5.80448E+21,9.70842E+15,5.23885E+16
130978,3,1,1,0,2018,4,10,7,3,5,3,0,1,1,0,0,0,0,0,6.03259E+20,5.79189E+21,1.05132E+16,5.22677E+16
130979,3,2,54,14,2018,4,17,5,3,5,2,0,1,1,0,0,0,0,1,5.49926E+20,5.77464E+21,9.72921E+15,5.21201E+16
130980,3,2,41,1,2018,3,11,5,3,5,3,0,1,1,0,0,0,0,1,5.47856E+20,5.79785E+21,9.70226E+15,5.23289E+16
130981,3,2,56,32,2018,3,12,5,3,5,3,0,1,0,0,0,0,1,0,5.04217E+20,5.8178E+21,9.06214E+15,5.25103E+16
130982,3,2,54,21,2018,3,15,5,3,2,2,0,0,1,0,0,0,0,0,5.63169E+20,5.77737E+21,9.92311E+15,5.21433E+16
130983,3,4,57,3,2018,4,12,7,3,2,6,0,0,1,0,0,0,0,0,4.03928E+20,5.9023E+21,7.5597E+15,5.32613E+16
130984,3,2,52,3,2018,3,16,5,3,5,3,0,0,1,0,0,0,1,0,5.18124E+20,5.75902E+21,9.26389E+15,5.19815E+16
130985,3,1,59,13,2018,3,9,5,3,6,6,0,0,1,1,0,0,0,0,5.64143E+20,5.70366E+21,9.92369E+15,5.14804E+16
130986,3,2,52,3,2018,4,19,1,3,0,3,0,1,0,0,1,0,0,0,5.18077E+20,5.75945E+21,9.26324E+15,5.19854E+16
130987,3,1,2,0,2018,3,11,5,3,0,7,0,0,1,0,0,0,0,1,5.94175E+20,5.76727E+21,1.03733E+16,5.2048E+16
130988,3,1,1,0,2018,3,5,5,2,5,3,2,0,1,0,0,0,0,1,6.0164E+20,5.78852E+21,1.04885E+16,5.22377E+16
130989,3,4,54,18,2018,4,16,6,2,5,2,0,1,1,0,0,0,0,0,3.80901E+20,5.85049E+21,7.23377E+15,5.2791E+16
130990,3,2,52,6,2018,4,15,5,3,6,4,0,0,1,1,0,0,0,0,5.25181E+20,5.77235E+21,9.36764E+15,5.21011E+16
130991,3,4,59,3,2018,3,16,4,3,6,7,0,0,1,1,0,0,0,0,4.55634E+20,5.79698E+21,8.34907E+15,5.23214E+16
130992,3,4,4,0,2018,3,22,4,3,8,6,2,0,1,0,0,0,0,1,4.32853E+20,5.79485E+21,8.0153E+15,5.22999E+16
130993,3,2,41,1,2018,3,13,3,3,2,6,0,0,1,0,0,0,0,0,5.4828E+20,5.80131E+21,9.70897E+15,5.23599E+16
130994,3,4,4,0,2018,3,22,4,3,4,6,2,1,1,0,0,0,0,1,4.34342E+20,5.79167E+21,8.03774E+15,5.22715E+16
130995,3,4,60,9,2018,3,11,4,3,3,5,0,0,1,0,0,0,0,1,4.51648E+20,5.84214E+21,8.28402E+15,5.27269E+16
130996,3,4,51,2,2018,4,16,7,3,0,1,0,0,0,0,1,0,0,0,4.3933E+20,5.8899E+21,8.0927E+15,5.3155E+16
130997,3,4,53,4,2018,3,20,4,3,5,3,2,1,1,0,0,0,0,1,4.34267E+20,5.85486E+21,8.02412E+15,5.28395E+16
130998,3,1,59,17,2018,4,15,5,3,6,4,0,0,1,1,0,0,0,0,5.45648E+20,5.69637E+21,9.65644E+15,5.14167E+16
130999,3,4,51,7,2018,3,10,4,3,1,5,0,1,1,0,0,0,0,1,4.28474E+20,5.90113E+21,7.92787E+15,5.32546E+16
131000,3,3,52,11,2018,4,14,6,3,5,7,0,0,1,0,0,0,1,0,4.78799E+20,5.96765E+21,8.67767E+15,5.38569E+16
131001,3,1,59,16,2018,4,7,5,3,0,7,1,1,1,0,0,0,0,0,5.66418E+20,5.70889E+21,9.95743E+15,5.15272E+16
131002,3,3,59,10,2018,3,20,4,3,5,3,2,0,1,0,0,0,0,1,5.46631E+20,5.92563E+21,9.70262E+15,5.34776E+16
131003,3,3,60,25,2018,3,16,4,3,2,6,0,0,1,0,0,0,0,1,6.05214E+20,5.86947E+21,1.05666E+16,5.29645E+16
131004,3,4,55,7,2018,4,11,6,2,6,7,0,0,1,1,0,0,0,0,4.27385E+20,5.93657E+21,7.90338E+15,5.3573E+16
131005,3,3,55,22,2018,3,22,4,3,5,2,2,1,1,0,0,0,0,1,5.94788E+20,5.90115E+21,1.04207E+16,5.32511E+16
131006,3,2,41,1,2018,3,17,4,3,5,3,0,0,1,0,0,0,1,1,5.56618E+20,5.80805E+21,9.83254E+15,5.24197E+16
131007,3,2,41,21,2018,3,21,4,3,1,5,2,0,1,0,0,0,0,1,5.24301E+20,5.81186E+21,9.35763E+15,5.24564E+16
131008,3,2,41,1,2018,3,20,4,3,5,2,2,1,1,0,0,0,0,1,5.50631E+20,5.80411E+21,9.74393E+15,5.23849E+16
131009,3,3,53,31,2018,4,22,7,3,9,1,2,1,0,0,0,0,0,0,5.6558E+20,5.91319E+21,9.98551E+15,5.33638E+16
131010,3,2,41,1,2018,3,16,4,3,2,6,0,0,1,0,0,0,0,1,5.54208E+20,5.80498E+21,9.79662E+15,5.23924E+16
131011,3,2,41,1,2018,3,13,4,3,0,1,0,1,0,0,0,0,0,1,5.42271E+20,5.80642E+21,9.62139E+15,5.24064E+16
131012,3,3,58,21,2018,4,7,6,3,1,5,0,0,1,0,0,0,0,0,5.57904E+20,5.87088E+21,9.86251E+15,5.29843E+16
131013,3,2,41,1,2018,3,12,4,3,5,3,0,0,1,0,0,0,0,1,5.54696E+20,5.80523E+21,9.80382E+15,5.23945E+16
131014,3,2,41,1,2018,4,17,1,3,0,3,0,0,1,0,1,0,0,0,5.52193E+20,5.80111E+21,9.76639E+15,5.23578E+16
131015,3,2,41,1,2018,3,1,4,2,5,3,2,0,1,0,0,0,1,1,5.45603E+20,5.80569E+21,9.67027E+15,5.23996E+16
131016,3,2,41,1,2018,3,16,4,3,5,2,0,0,1,0,0,0,1,1,5.4482E+20,5.80642E+21,9.65886E+15,5.24062E+16
131017,3,3,53,35,2018,4,21,1,3,3,6,1,1,0,0,1,0,0,0,5.48883E+20,5.90551E+21,9.73345E+15,5.32966E+16
131018,3,2,55,3,2018,3,8,4,3,5,3,0,0,1,0,0,0,0,1,5.35125E+20,5.75916E+21,9.51145E+15,5.1982E+16
131019,3,1,59,16,2018,3,12,4,3,0,5,0,0,0,0,1,0,1,1,5.64953E+20,5.7089E+21,9.93633E+15,5.15275E+16
131020,3,2,56,30,2018,4,23,7,3,5,3,2,0,1,0,1,0,0,0,5.01549E+20,5.82353E+21,9.02286E+15,5.25619E+16
131021,3,1,59,16,2018,3,10,4,3,5,3,0,1,0,0,0,0,1,1,5.64955E+20,5.71069E+21,9.93668E+15,5.15436E+16
131022,3,2,41,1,2018,4,12,6,3,6,4,0,0,1,1,0,0,0,0,5.51814E+20,5.80533E+21,9.76149E+15,5.23957E+16
131023,3,1,58,6,2018,3,7,4,3,5,3,0,0,1,0,0,0,0,0,6.11204E+20,5.79275E+21,1.06299E+16,5.22738E+16
131024,3,2,56,13,2018,4,9,1,3,0,7,0,1,0,0,0,0,1,0,5.07514E+20,5.85642E+21,9.11159E+15,5.28574E+16
131025,3,1,58,37,2018,3,9,4,3,4,2,0,0,1,0,1,0,0,1,6.05364E+20,5.78045E+21,1.05405E+16,5.21645E+16
131026,3,1,53,2,2018,3,18,4,3,0,7,0,0,0,0,0,0,1,1,6.05894E+20,5.75079E+21,1.0539E+16,5.18978E+16
131027,3,4,4,0,2018,4,18,6,3,6,4,0,0,1,1,0,0,0,0,4.28366E+20,5.79253E+21,7.94999E+15,5.22785E+16
131028,3,2,41,1,2018,4,13,6,3,0,7,0,1,0,0,0,0,0,0,5.4998E+20,5.80228E+21,9.73408E+15,5.23685E+16
131029,3,1,51,9,2018,3,11,4,3,5,3,0,0,1,0,0,0,0,1,6.03927E+20,5.81432E+21,1.05299E+16,5.24692E+16
131030,3,4,59,24,2018,3,10,3,3,6,2,0,0,1,1,0,0,0,0,4.55052E+20,5.78382E+21,8.34228E+15,5.2203E+16
131031,3,1,54,28,2018,4,13,7,3,4,2,0,0,1,0,0,0,0,0,6.36374E+20,5.78941E+21,1.09972E+16,5.22382E+16
131032,3,4,4,0,2018,3,11,3,2,5,3,0,0,1,0,1,0,0,0,4.33712E+20,5.79194E+21,8.02846E+15,5.22738E+16
131033,3,4,2,0,2018,3,22,3,3,5,3,2,0,1,0,1,0,0,1,3.78434E+20,5.91344E+21,7.17341E+15,5.33561E+16
131034,3,4,2,0,2018,3,8,3,3,1,7,0,0,1,0,0,0,0,0,3.77946E+20,5.91455E+21,7.16566E+15,5.3366E+16
131035,3,1,54,28,2018,4,20,1,3,5,3,1,1,1,0,0,0,0,0,6.36894E+20,5.7885E+21,1.10045E+16,5.22298E+16
131036,3,4,2,0,2018,3,8,3,3,5,3,0,1,1,0,0,0,0,0,3.82063E+20,5.91159E+21,7.2286E+15,5.33403E+16
131037,3,4,52,24,2018,3,17,3,3,2,6,0,0,1,0,1,0,0,0,3.86354E+20,5.93168E+21,7.28577E+15,5.35218E+16
131038,3,4,54,35,2018,4,11,6,3,5,2,0,1,1,0,0,0,0,0,3.84514E+20,5.8384E+21,7.29157E+15,5.26832E+16
131039,3,4,60,8,2018,3,7,3,3,5,3,0,0,1,0,0,0,0,0,4.46669E+20,5.83026E+21,8.21222E+15,5.26197E+16
131040,3,3,56,5,2018,3,12,3,3,5,3,0,1,1,0,0,0,0,0,4.9405E+20,5.88861E+21,8.91104E+15,5.31469E+16
131041,3,2,41,10,2018,3,10,3,3,5,3,0,1,1,0,0,0,0,0,5.51471E+20,5.8114E+21,9.75738E+15,5.24503E+16
131042,3,1,3,0,2018,4,9,5,3,6,6,0,0,1,1,0,0,0,0,6.21761E+20,5.80945E+21,1.07906E+16,5.24217E+16
131043,3,1,55,12,2018,4,13,6,3,6,6,0,0,1,1,0,0,0,1,5.43543E+20,5.72369E+21,9.62955E+15,5.16625E+16
131044,3,2,56,33,2018,4,23,6,3,8,1,2,0,1,0,0,0,0,1,4.93236E+20,5.81619E+21,8.90037E+15,5.24958E+16
131045,3,2,41,1,2018,4,11,2,3,5,3,0,1,1,0,0,0,0,0,5.50505E+20,5.80309E+21,9.74191E+15,5.23757E+16
131046,3,1,59,16,2018,4,21,6,2,5,3,2,1,1,0,0,0,0,1,5.63963E+20,5.7097E+21,9.92219E+15,5.15347E+16
131047,3,1,3,0,2018,4,17,6,3,4,2,0,0,1,0,0,0,0,1,6.20762E+20,5.80963E+21,1.0776E+16,5.24236E+16
131048,3,4,54,32,2018,4,11,7,2,5,3,0,0,1,0,0,0,0,0,3.83578E+20,5.82722E+21,7.28168E+15,5.25825E+16
131049,3,1,57,6,2018,4,6,6,3,4,2,1,0,1,0,1,0,0,1,5.8415E+20,5.79832E+21,1.02349E+16,5.23288E+16
131050,3,1,1,0,2018,4,22,6,2,1,5,2,0,1,0,1,0,0,1,6.02772E+20,5.79265E+21,1.05063E+16,5.22746E+16
131051,3,3,55,22,2018,4,7,3,3,2,2,0,0,1,0,0,0,0,0,5.95136E+20,5.90115E+21,1.04259E+16,5.32511E+16
131052,3,2,41,1,2018,4,8,3,3,2,6,0,0,1,0,0,0,0,0,5.55857E+20,5.80455E+21,9.82078E+15,5.23883E+16
131053,3,1,1,0,2018,4,11,6,3,5,3,0,1,1,0,0,0,0,0,6.03373E+20,5.79598E+21,1.05161E+16,5.23045E+16
131054,3,4,59,4,2018,4,16,5,3,6,7,0,0,1,1,0,0,0,0,4.34804E+20,5.77909E+21,8.04694E+15,5.21584E+16
131055,3,2,55,26,2018,4,9,2,3,4,6,0,0,1,0,0,0,1,0,5.26491E+20,5.72314E+21,9.38297E+15,5.16586E+16
131056,3,4,4,0,2018,4,5,5,2,5,3,2,1,1,0,0,0,0,1,4.32978E+20,5.79454E+21,8.01719E+15,5.22971E+16
131057,3,1,1,0,2018,4,13,7,3,0,2,0,0,1,0,0,0,1,0,6.02788E+20,5.79052E+21,1.05059E+16,5.22554E+16
131058,3,4,57,13,2018,4,9,5,3,5,3,0,1,0,0,0,0,0,0,3.97448E+20,5.89923E+21,7.46357E+15,5.32324E+16
131059,3,4,54,8,2018,4,17,5,3,5,3,0,1,1,0,0,0,0,0,3.87775E+20,5.86913E+21,7.32923E+15,5.296E+16
131060,3,2,41,21,2018,4,10,7,3,0,1,0,1,0,0,0,0,0,0,5.32419E+20,5.80905E+21,9.47682E+15,5.24307E+16
131061,3,4,54,32,2018,4,22,6,3,0,6,2,1,0,1,0,0,0,0,3.8598E+20,5.82105E+21,7.31923E+15,5.25276E+16
131062,3,4,57,12,2018,4,13,1,3,1,7,0,0,1,0,1,0,0,0,3.85461E+20,5.90884E+21,7.28061E+15,5.33163E+16
131063,3,4,56,25,2018,4,7,5,3,5,3,0,1,1,0,0,0,0,0,3.79496E+20,5.81894E+21,7.22447E+15,5.25072E+16
131064,3,2,41,1,2018,4,14,3,3,9,1,0,0,1,0,0,0,0,0,5.5254E+20,5.80531E+21,9.77216E+15,5.23955E+16
131065,3,4,59,5,2018,4,18,2,3,4,2,0,0,1,0,1,0,0,0,4.37722E+20,5.77287E+21,8.09072E+15,5.21028E+16
131066,3,4,54,32,2018,4,13,5,3,5,3,0,0,1,0,0,0,0,0,3.86229E+20,5.82219E+21,7.32251E+15,5.25379E+16
131067,3,4,52,27,2018,4,22,5,3,2,1,2,0,1,0,0,0,0,0,3.99987E+20,5.94873E+21,7.48586E+15,5.36777E+16
131068,3,1,1,0,2018,4,6,2,2,0,1,0,0,0,0,1,0,0,1,6.03491E+20,5.79115E+21,1.05164E+16,5.2261E+16
131069,3,4,53,5,2018,4,22,5,3,8,1,2,0,1,0,0,0,0,0,4.42052E+20,5.85441E+21,8.13977E+15,5.28363E+16
131070,3,4,57,14,2018,4,17,6,3,5,7,0,1,1,0,0,0,0,1,4.00313E+20,5.9084E+21,7.5036E+15,5.33154E+16
131071,3,4,53,4,2018,4,2,5,2,9,1,2,0,1,0,0,0,0,0,4.38617E+20,5.85506E+21,8.08866E+15,5.28418E+16
131072,3,4,53,8,2018,4,7,2,3,5,3,0,0,1,0,1,0,0,0,4.34136E+20,5.86839E+21,8.01944E+15,5.29611E+16
131073,3,4,51,2,2018,4,7,5,3,5,3,0,1,1,0,0,0,0,0,4.33106E+20,5.89297E+21,7.999E+15,5.31819E+16
131074,3,4,54,41,2018,4,15,2,3,2,6,0,0,1,0,0,0,0,0,3.92138E+20,5.88221E+21,7.38979E+15,5.30785E+16
131075,3,4,3,0,2018,4,15,5,3,2,6,0,1,1,0,0,0,0,0,4.46699E+20,5.88907E+21,8.20303E+15,5.31484E+16
131076,3,2,41,9,2018,4,18,5,3,5,3,0,1,1,0,0,0,0,0,5.5353E+20,5.79693E+21,9.78536E+15,5.23201E+16
131077,3,4,54,47,2018,4,16,1,2,5,3,0,0,1,0,1,0,0,0,4.00214E+20,5.85542E+21,7.51856E+15,5.28393E+16
131078,3,2,41,1,2018,4,20,5,3,2,6,0,1,1,0,0,0,0,0,5.51169E+20,5.80093E+21,9.75134E+15,5.23563E+16
131079,3,2,41,1,2018,4,18,5,3,1,5,0,1,1,1,0,0,0,0,5.50645E+20,5.80354E+21,9.74404E+15,5.23797E+16
131080,3,2,41,1,2018,4,17,5,3,5,3,0,0,1,0,0,0,0,0,5.51879E+20,5.80545E+21,9.76246E+15,5.23968E+16
131081,3,3,58,19,2018,4,14,2,3,5,3,0,1,1,0,0,0,0,0,5.52405E+20,5.88557E+21,9.78301E+15,5.3117E+16
131082,3,2,41,1,2018,4,16,5,3,5,3,0,0,1,0,0,0,0,0,5.52327E+20,5.80532E+21,9.76903E+15,5.23956E+16
131083,3,2,41,7,2018,4,19,5,3,1,5,0,1,1,0,0,0,0,0,5.49697E+20,5.79788E+21,9.72928E+15,5.2329E+16
131084,3,4,4,0,2018,4,12,7,3,2,6,0,0,1,0,0,0,0,0,4.35184E+20,5.79553E+21,8.04935E+15,5.23063E+16
131085,3,2,41,16,2018,4,8,5,3,5,3,0,1,1,0,0,0,0,0,5.64431E+20,5.79867E+21,9.94561E+15,5.23346E+16
131086,3,2,41,10,2018,4,19,5,3,0,7,0,0,0,0,0,0,1,0,5.50575E+20,5.80896E+21,9.74384E+15,5.24285E+16
131087,3,1,59,4,2018,4,21,1,3,1,7,2,0,1,1,0,0,0,0,6.07927E+20,5.71738E+21,1.05582E+16,5.15971E+16
131088,3,2,41,1,2018,4,16,5,3,0,1,0,1,0,0,0,0,0,0,5.49987E+20,5.8032E+21,9.73432E+15,5.23768E+16
131089,3,2,41,1,2018,4,15,5,2,3,6,0,1,0,0,0,0,0,0,5.54195E+20,5.80781E+21,9.79688E+15,5.24178E+16
131090,3,4,52,13,2018,4,13,1,2,6,1,0,1,0,1,0,0,0,0,3.67603E+20,5.94951E+21,6.99553E+15,5.36776E+16
131091,3,2,41,1,2018,4,14,5,3,5,3,0,1,1,0,0,0,0,0,5.45658E+20,5.80604E+21,9.67113E+15,5.24027E+16
131092,3,2,41,1,2018,4,10,5,3,0,5,0,1,0,0,0,0,1,0,5.50554E+20,5.80304E+21,9.74263E+15,5.23753E+16
131093,3,2,41,12,2018,4,11,2,3,5,3,0,1,1,0,0,0,0,0,5.30926E+20,5.81756E+21,9.45566E+15,5.25073E+16
131094,3,2,41,1,2018,4,8,5,2,5,3,0,1,0,0,0,0,0,0,5.52127E+20,5.8022E+21,9.76559E+15,5.23676E+16
131095,3,2,41,1,2018,4,8,5,3,1,5,0,1,1,0,0,0,0,0,5.55339E+20,5.8036E+21,9.813E+15,5.23799E+16
131096,3,4,3,0,2018,4,14,7,3,5,3,0,1,1,0,0,0,0,1,4.48884E+20,5.88642E+21,8.23612E+15,5.31248E+16
131097,3,4,54,31,2018,4,16,6,3,5,3,0,1,1,0,0,0,0,0,4.0032E+20,5.82357E+21,7.52977E+15,5.25531E+16
131098,3,4,52,6,2018,4,19,1,3,3,6,1,0,1,0,1,0,0,0,4.06231E+20,5.91933E+21,7.58917E+15,5.34147E+16
131099,3,2,41,1,2018,4,7,5,2,6,4,0,0,1,1,0,0,0,1,5.48883E+20,5.80183E+21,9.71791E+15,5.23646E+16
131100,3,3,51,6,2018,4,20,3,3,0,5,0,0,1,0,1,0,0,0,5.73036E+20,5.83006E+21,1.00788E+16,5.26156E+16
131101,3,1,3,0,2018,4,14,3,3,2,6,0,0,1,0,0,0,0,0,6.21419E+20,5.80889E+21,1.07854E+16,5.24167E+16
131102,3,1,55,7,2018,4,11,5,3,8,1,0,0,1,0,0,0,1,0,5.75605E+20,5.72066E+21,1.00924E+16,5.16318E+16
131103,3,2,57,31,2018,4,19,5,3,0,7,0,0,0,0,1,0,1,1,5.04588E+20,5.77973E+21,9.06709E+15,5.2168E+16
131104,3,4,56,15,2018,4,10,6,3,8,1,0,0,1,0,0,0,0,0,3.69938E+20,5.80946E+21,7.08742E+15,5.24199E+16
131105,3,2,57,31,2018,4,15,5,3,5,3,0,0,1,0,0,0,0,0,5.06608E+20,5.78308E+21,9.09668E+15,5.21981E+16
131106,3,2,41,1,2018,4,15,3,3,5,3,0,1,1,0,0,0,0,0,5.46985E+20,5.80324E+21,9.69023E+15,5.23774E+16
131107,3,2,54,21,2018,4,17,5,3,5,3,0,1,1,0,0,0,0,0,5.66698E+20,5.7807E+21,9.97533E+15,5.21728E+16
131108,3,2,55,23,2018,4,17,5,3,5,3,0,0,1,0,0,0,0,0,5.32001E+20,5.74354E+21,9.46451E+15,5.18418E+16
131109,3,2,41,1,2018,4,8,2,2,6,6,0,1,0,1,0,0,0,0,5.44983E+20,5.80621E+21,9.66122E+15,5.24042E+16
131110,3,1,53,12,2018,4,15,5,3,8,7,0,0,1,0,0,0,0,0,5.83651E+20,5.74868E+21,1.02154E+16,5.18826E+16
131111,3,1,51,9,2018,4,20,5,3,5,3,1,0,1,0,0,0,0,0,6.05768E+20,5.81502E+21,1.05573E+16,5.2475E+16
131112,3,2,41,1,2018,4,13,7,2,5,3,0,0,1,0,0,0,1,0,5.48667E+20,5.79935E+21,9.71437E+15,5.23423E+16
131113,3,4,52,1,2018,4,7,6,3,4,6,0,1,1,0,0,0,0,1,3.99168E+20,5.92555E+21,7.48094E+15,5.34693E+16
131114,3,1,1,0,2018,4,17,5,2,6,4,0,1,0,1,0,0,0,0,6.04257E+20,5.79415E+21,1.05285E+16,5.22878E+16
131115,3,2,41,10,2018,4,4,3,3,0,7,2,0,0,0,0,0,1,0,5.47142E+20,5.81012E+21,9.6935E+15,5.24393E+16
131116,3,4,4,0,2018,4,19,2,3,0,3,0,1,1,0,0,0,0,0,4.34857E+20,5.79124E+21,8.04538E+15,5.22677E+16
131117,3,4,4,0,2018,4,13,4,2,6,4,0,1,0,1,0,0,0,0,4.35124E+20,5.79172E+21,8.0492E+15,5.2272E+16
131118,3,4,57,21,2018,4,11,4,3,5,3,0,0,1,0,0,0,0,0,3.88433E+20,5.88729E+21,7.33274E+15,5.31233E+16
131119,3,4,59,33,2018,4,15,1,3,5,3,0,1,1,0,0,0,0,0,4.33766E+20,5.80103E+21,8.02747E+15,5.23556E+16
131120,3,4,54,47,2018,4,18,4,3,0,6,0,1,0,0,0,0,1,0,4.01238E+20,5.85449E+21,7.53404E+15,5.28311E+16
131121,3,4,56,15,2018,4,0,4,3,0,7,2,1,0,0,0,0,0,0,3.68806E+20,5.80898E+21,7.07097E+15,5.24152E+16
131122,3,1,3,0,2018,4,9,2,3,2,6,0,0,1,0,0,0,0,0,6.21068E+20,5.80953E+21,1.07804E+16,5.24226E+16
131123,3,4,54,18,2018,4,16,4,3,5,3,0,0,1,0,1,0,0,0,3.79238E+20,5.8466E+21,7.21055E+15,5.27557E+16
131124,3,4,59,19,2018,4,5,6,3,5,2,2,0,1,0,0,0,0,1,4.36221E+20,5.78571E+21,8.06641E+15,5.22182E+16
131125,3,4,54,35,2018,4,7,4,2,5,2,0,1,1,0,0,0,0,0,3.84643E+20,5.83966E+21,7.29303E+15,5.26945E+16
131126,3,4,54,32,2018,4,16,2,3,2,2,0,0,1,0,0,0,0,0,3.84411E+20,5.81751E+21,7.29734E+15,5.24954E+16
131127,3,4,52,20,2018,4,21,4,3,4,6,2,1,1,0,0,0,0,0,3.77826E+20,5.95281E+21,7.14892E+15,5.37097E+16
131128,3,4,52,25,2018,4,7,4,3,0,1,0,0,0,0,1,0,0,0,4.1686E+20,5.91472E+21,7.75026E+15,5.33751E+16
131129,3,4,54,14,2018,4,4,1,2,6,4,2,0,1,1,0,0,0,0,3.85982E+20,5.82998E+21,7.31619E+15,5.26079E+16
131130,3,4,52,12,2018,4,12,6,3,3,2,0,0,1,0,1,0,0,0,3.96971E+20,5.91918E+21,7.44995E+15,5.34116E+16
131131,3,4,54,41,2018,4,17,6,3,5,3,0,1,1,0,0,0,0,0,3.92171E+20,5.88209E+21,7.39033E+15,5.30774E+16
131132,3,4,53,1,2018,4,8,4,3,9,1,0,0,1,0,0,0,0,0,4.15915E+20,5.89111E+21,7.7423E+15,5.31627E+16
131133,3,4,55,26,2018,4,13,4,3,6,7,0,0,1,1,0,0,0,0,4.43341E+20,5.91618E+21,8.148E+15,5.33917E+16
131134,3,3,56,7,2018,4,18,4,3,6,4,0,0,1,1,0,0,0,0,4.85699E+20,5.8971E+21,8.7858E+15,5.3223E+16
131135,3,4,51,2,2018,4,20,4,3,9,1,1,0,0,0,1,0,0,0,4.36594E+20,5.88996E+21,8.05178E+15,5.31553E+16
131136,3,3,60,25,2018,4,13,4,3,5,2,0,0,1,0,0,0,0,0,6.05364E+20,5.87039E+21,1.05691E+16,5.29727E+16
131137,3,4,5,0,2018,4,9,2,3,2,6,0,0,1,0,1,0,0,0,4.40828E+20,5.93012E+21,8.10759E+15,5.35167E+16
131138,3,3,55,22,2018,4,17,4,3,5,2,0,1,1,0,0,0,0,0,5.92731E+20,5.89729E+21,1.03888E+16,5.32168E+16
131139,3,3,55,22,2018,4,13,4,2,5,2,0,1,1,0,0,0,0,0,5.96401E+20,5.90115E+21,1.04449E+16,5.32509E+16
131140,3,1,1,0,2018,4,14,1,3,5,3,0,1,0,0,0,0,0,0,6.03958E+20,5.79122E+21,1.05232E+16,5.22615E+16
131141,3,4,55,15,2018,4,17,6,3,5,3,0,1,1,0,0,0,0,1,4.29483E+20,5.93343E+21,7.93577E+15,5.3545E+16
131142,3,3,51,6,2018,4,16,4,3,2,6,0,0,1,0,0,0,0,0,5.72834E+20,5.82925E+21,1.00756E+16,5.26084E+16
131143,3,2,41,1,2018,4,19,4,3,2,6,1,0,1,0,0,0,0,1,5.51036E+20,5.80028E+21,9.74929E+15,5.23504E+16
131144,3,4,52,1,2018,4,15,1,3,0,7,0,1,0,0,0,0,0,0,3.97423E+20,5.92676E+21,7.45428E+15,5.34798E+16
131145,3,2,41,1,2018,4,18,4,3,5,3,0,1,1,0,0,0,0,1,5.49214E+20,5.80329E+21,9.72298E+15,5.23776E+16
131146,3,2,41,1,2018,4,17,4,3,6,4,0,1,0,1,0,0,0,0,5.55291E+20,5.80569E+21,9.81264E+15,5.23987E+16
131147,3,2,41,1,2018,4,20,2,2,0,1,2,1,0,0,0,0,0,0,5.45003E+20,5.8072E+21,9.66165E+15,5.24132E+16
131148,3,2,41,1,2018,4,14,4,3,5,3,0,1,1,0,0,0,0,0,5.4817E+20,5.80874E+21,9.70842E+15,5.24267E+16
131149,3,4,55,7,2018,4,9,6,3,6,6,0,1,0,1,0,0,0,0,4.27034E+20,5.9366E+21,7.89808E+15,5.35731E+16
131150,3,2,41,1,2018,4,9,4,3,5,3,0,1,1,0,0,0,0,0,5.50618E+20,5.80512E+21,9.74388E+15,5.23939E+16
131151,3,3,58,22,2018,4,17,7,3,1,5,0,0,1,0,0,0,0,0,5.42238E+20,5.85323E+21,9.62689E+15,5.28272E+16
131152,3,2,41,1,2018,4,13,4,2,6,4,0,0,1,1,0,0,0,0,5.48483E+20,5.79908E+21,9.71163E+15,5.23399E+16
131153,3,3,55,22,2018,4,15,2,3,0,5,0,1,1,0,0,0,0,1,5.93122E+20,5.89969E+21,1.03953E+16,5.32383E+16
131154,3,2,41,1,2018,4,13,4,3,6,4,0,1,0,1,0,0,0,0,5.46662E+20,5.7986E+21,9.68485E+15,5.23357E+16
131155,3,2,55,23,2018,4,11,4,3,5,3,0,0,1,0,0,0,0,0,5.31998E+20,5.74354E+21,9.46446E+15,5.18418E+16
131156,3,4,2,0,2018,4,13,7,3,2,6,0,0,1,0,0,0,0,0,3.79602E+20,5.91469E+21,7.19048E+15,5.33676E+16
131157,3,4,5,0,2018,4,20,6,3,5,3,2,0,1,0,0,0,0,1,4.40875E+20,5.93043E+21,8.10824E+15,5.35195E+16
131158,3,2,52,3,2018,4,13,4,2,5,3,0,1,1,0,0,0,0,0,5.18115E+20,5.75945E+21,9.26379E+15,5.19854E+16
131159,3,2,52,6,2018,4,16,4,3,5,3,0,0,1,0,0,0,0,0,5.24624E+20,5.77334E+21,9.35957E+15,5.211E+16
131160,3,2,41,17,2018,4,15,3,2,5,3,0,1,0,0,0,0,0,0,5.48332E+20,5.7852E+21,9.70743E+15,5.22151E+16
131161,3,1,3,0,2018,4,16,4,3,2,6,0,0,1,0,0,0,0,0,6.19815E+20,5.80926E+21,1.07619E+16,5.24204E+16