OBJECTID_1,ULAND,UREGBEZ,UKREIS,UGEMEINDE,UJAHR,UMONAT,USTUNDE,UWOCHENTAG,UKATEGORIE,UART,UTYP1,ULICHTVERH,IstRad,IstPKW,IstFuss,IstKrad,IstGkfz,IstSonstig,STRZUSTAND,LINREFX,LINREFY,XGCSWGS84,YGCSWGS84
131162,3,1,3,0,2018,4,6,4,3,2,6,1,0,1,0,0,0,0,0,6.21336E+20,5.81015E+21,1.07846E+16,5.24281E+16
131163,3,2,54,43,2018,4,15,2,3,1,5,0,1,1,0,0,0,0,0,5.53584E+20,5.77041E+21,9.78196E+15,5.20817E+16
131164,3,1,1,0,2018,4,20,4,3,4,2,1,1,0,0,0,0,0,1,6.03958E+20,5.79122E+21,1.05232E+16,5.22615E+16
131165,3,4,3,0,2018,4,17,6,3,5,3,0,1,1,0,0,0,0,1,4.47299E+20,5.88877E+21,8.21205E+15,5.31457E+16
131166,3,1,1,0,2018,4,17,4,3,8,1,0,0,1,0,0,0,0,1,6.03989E+20,5.79781E+21,1.05257E+16,5.23208E+16
131167,3,1,59,26,2018,4,10,7,3,6,6,0,0,1,1,0,0,0,0,5.8661E+20,5.73139E+21,1.0254E+16,5.17267E+16
131168,3,4,3,0,2018,4,6,6,3,5,3,1,0,1,0,0,0,1,1,4.47738E+20,5.88802E+21,8.21873E+15,5.3139E+16
131169,3,4,59,19,2018,4,16,3,3,4,2,0,0,1,0,1,0,0,0,4.33613E+20,5.78392E+21,8.02859E+15,5.22017E+16
131170,3,4,4,0,2018,4,7,2,3,5,3,0,1,1,0,0,0,0,0,4.3732E+20,5.79097E+21,8.08152E+15,5.22655E+16
131171,3,4,4,0,2018,4,18,3,3,5,3,0,1,1,0,0,0,0,0,4.34834E+20,5.79428E+21,8.04445E+15,5.2295E+16
131172,3,2,41,1,2018,4,16,3,3,2,6,0,0,1,0,0,1,0,0,5.55496E+20,5.79826E+21,9.81443E+15,5.23319E+16
131173,3,1,1,0,2018,4,12,3,3,2,2,0,0,1,0,0,0,1,0,6.04391E+20,5.79012E+21,1.05293E+16,5.22516E+16
131174,3,4,4,0,2018,4,15,3,3,5,2,0,1,1,0,0,0,0,0,4.3573E+20,5.79174E+21,8.05807E+15,5.22723E+16
131175,3,4,4,0,2018,4,13,3,3,4,2,0,0,1,0,1,0,0,0,4.34166E+20,5.79155E+21,8.0352E+15,5.22704E+16
131176,3,1,1,0,2018,4,16,2,3,2,2,0,0,1,0,0,0,0,0,6.04313E+20,5.79087E+21,1.05283E+16,5.22584E+16
131177,3,2,51,12,2018,4,22,6,3,5,3,2,0,1,0,0,0,0,1,4.5755E+20,5.82936E+21,8.37305E+15,5.26126E+16
131178,3,4,54,41,2018,4,18,3,3,5,2,0,1,1,0,0,0,0,0,3.96554E+20,5.88203E+21,7.45575E+15,5.30777E+16
131179,3,4,2,0,2018,4,18,6,3,5,2,0,1,1,0,0,0,0,0,3.80662E+20,5.91511E+21,7.20624E+15,5.33717E+16
131180,3,4,54,41,2018,4,13,3,3,4,6,0,1,0,0,0,0,0,0,3.9241E+20,5.88084E+21,7.3943E+15,5.30662E+16
131181,3,4,53,4,2018,4,15,2,3,5,3,0,1,0,0,0,0,0,0,4.35524E+20,5.85567E+21,8.04263E+15,5.28469E+16
131182,3,4,54,41,2018,4,17,3,3,8,1,0,0,0,0,1,0,0,0,3.92088E+20,5.8826E+21,7.38891E+15,5.30819E+16
131183,3,4,54,41,2018,4,12,3,3,5,3,0,0,1,0,0,0,0,0,3.92424E+20,5.88209E+21,7.3941E+15,5.30775E+16
131184,3,2,41,1,2018,4,12,1,3,2,6,0,0,1,0,0,0,0,1,5.5012E+20,5.80079E+21,9.73591E+15,5.23551E+16
131185,3,4,56,15,2018,4,13,3,3,5,3,0,1,1,0,0,0,0,0,3.67905E+20,5.81305E+21,7.05611E+15,5.24517E+16
131186,3,4,54,19,2018,4,18,3,3,0,7,0,0,1,0,0,0,0,0,3.96855E+20,5.83654E+21,7.47465E+15,5.2669E+16
131187,3,4,4,0,2018,4,13,1,3,0,7,0,1,0,1,0,0,0,0,4.32423E+20,5.78766E+21,8.01043E+15,5.22352E+16
131188,3,4,61,7,2018,4,13,6,3,1,5,0,1,1,0,0,0,0,1,4.65837E+20,5.92628E+21,8.48516E+15,5.34844E+16
131189,3,4,54,18,2018,4,14,3,3,5,7,0,1,1,0,0,0,0,0,3.84806E+20,5.84971E+21,7.29193E+15,5.27849E+16
131190,3,4,54,35,2018,4,12,3,3,5,3,0,1,1,0,0,0,0,0,3.81416E+20,5.83683E+21,7.24633E+15,5.26685E+16
131191,3,4,60,3,2018,4,16,3,3,5,3,0,0,1,0,0,0,0,0,4.41665E+20,5.83611E+21,8.13728E+15,5.26718E+16
131192,3,4,3,0,2018,4,10,2,3,0,7,0,1,0,0,0,0,0,0,4.47473E+20,5.88904E+21,8.2146E+15,5.31481E+16
131193,3,4,60,6,2018,4,7,3,3,5,2,0,1,1,0,0,0,0,0,4.48007E+20,5.83563E+21,8.23114E+15,5.26681E+16
131194,3,4,53,4,2018,4,17,3,3,2,6,0,0,1,0,0,0,0,0,4.31541E+20,5.85349E+21,7.98396E+15,5.28268E+16
131195,3,4,4,0,2018,4,17,7,2,2,7,0,0,1,0,0,0,0,0,4.35755E+20,5.79085E+21,8.05861E+15,5.22643E+16
131196,3,4,58,14,2018,4,10,6,2,5,3,0,1,1,0,0,0,0,0,4.62282E+20,5.86032E+21,8.43938E+15,5.28913E+16
131197,3,4,3,0,2018,4,21,3,3,5,3,2,1,1,0,0,0,0,0,4.49368E+20,5.88241E+21,8.24398E+15,5.30887E+16
131198,3,2,51,2,2018,4,12,3,2,0,1,0,1,0,0,0,0,0,0,5.00484E+20,5.84686E+21,9.00717E+15,5.27716E+16
131199,3,2,41,1,2018,4,16,3,2,0,7,0,1,0,0,0,0,0,0,5.47882E+20,5.80571E+21,9.70376E+15,5.23996E+16
131200,3,3,52,11,2018,4,18,6,3,4,1,0,1,1,0,0,0,0,0,4.78596E+20,5.9669E+21,8.67464E+15,5.38502E+16
131201,3,2,51,25,2018,4,15,3,3,5,3,0,0,1,0,0,0,0,0,4.56489E+20,5.81404E+21,8.35939E+15,5.24748E+16
131202,3,2,51,12,2018,4,15,3,3,0,7,0,0,1,0,0,0,0,0,4.57176E+20,5.82888E+21,8.36759E+15,5.26082E+16
131203,3,4,1,0,2018,4,16,3,3,6,4,0,0,1,1,0,0,0,0,4.75311E+20,5.87994E+21,8.63153E+15,5.30683E+16
131204,3,3,53,40,2018,4,16,3,3,5,3,0,1,1,0,0,0,0,0,5.79402E+20,5.91312E+21,1.01932E+16,5.33612E+16
131205,3,2,41,17,2018,4,11,2,3,2,6,0,0,1,0,0,0,1,0,5.38129E+20,5.78463E+21,9.55804E+15,5.22108E+16
131206,3,3,59,13,2018,4,15,3,3,9,1,0,0,0,0,1,0,0,0,5.25403E+20,5.95102E+21,9.38485E+15,5.37073E+16
131207,3,3,53,3,2018,4,12,6,3,4,6,0,0,0,0,1,0,1,0,5.63967E+20,5.90964E+21,9.96056E+15,5.33321E+16
131208,3,3,59,38,2018,4,11,3,3,6,6,0,0,1,1,0,0,0,0,5.30616E+20,5.93773E+21,9.46251E+15,5.35875E+16
131209,3,4,5,0,2018,4,18,7,2,5,3,0,0,1,0,0,0,0,1,4.40001E+20,5.93084E+21,8.09499E+15,5.3523E+16
131210,3,3,60,25,2018,4,13,6,3,1,7,0,0,1,0,0,0,0,0,6.0389E+20,5.86977E+21,1.05469E+16,5.29674E+16
131211,3,3,51,6,2018,4,18,3,3,5,3,0,1,1,0,0,0,0,0,5.71421E+20,5.82882E+21,1.00546E+16,5.26047E+16
131212,3,4,54,29,2018,4,14,6,3,5,3,0,1,1,0,0,0,0,0,3.87171E+20,5.85894E+21,7.32379E+15,5.28683E+16
131213,3,3,51,6,2018,4,13,3,3,2,6,0,0,1,0,0,0,0,0,5.72946E+20,5.82952E+21,1.00773E+16,5.26108E+16
131214,3,3,51,6,2018,4,19,3,3,6,7,0,0,1,1,0,0,0,0,5.71539E+20,5.82877E+21,1.00564E+16,5.26043E+16
131215,3,2,56,22,2018,4,14,3,3,2,2,0,0,1,0,0,0,0,0,5.14508E+20,5.83221E+21,9.2144E+15,5.26397E+16
131216,3,3,51,6,2018,4,11,3,3,5,3,0,1,1,0,0,0,0,0,5.7528E+20,5.82807E+21,1.01114E+16,5.25974E+16
131217,3,2,41,1,2018,4,12,3,3,2,6,0,0,1,0,1,1,0,0,5.4839E+20,5.80131E+21,9.71059E+15,5.236E+16
131218,3,1,59,16,2018,4,10,2,3,5,2,0,1,1,0,0,0,0,1,5.63216E+20,5.71113E+21,9.91168E+15,5.15478E+16
131219,3,3,60,25,2018,4,13,6,3,5,3,0,0,1,0,0,0,0,0,6.05011E+20,5.87332E+21,1.05648E+16,5.29991E+16
131220,3,2,41,1,2018,4,14,3,3,5,2,0,0,1,0,0,0,0,0,5.49194E+20,5.80326E+21,9.72269E+15,5.23774E+16
131221,3,2,41,1,2018,4,13,3,3,0,7,0,1,0,0,0,0,0,0,5.47974E+20,5.80301E+21,9.70472E+15,5.23753E+16
131222,3,2,41,10,2018,4,19,2,2,5,3,0,1,1,0,0,0,0,0,5.45167E+20,5.81102E+21,9.66458E+15,5.24475E+16
131223,3,2,41,1,2018,4,13,3,3,0,1,0,1,0,0,0,0,0,0,5.5385E+20,5.79993E+21,9.79055E+15,5.2347E+16
131224,3,2,41,1,2018,4,10,6,3,1,7,0,1,1,0,0,0,0,1,5.48006E+20,5.80209E+21,9.70506E+15,5.2367E+16
131225,3,2,41,1,2018,4,17,3,3,5,3,0,1,1,0,0,0,0,0,5.52455E+20,5.79872E+21,9.76988E+15,5.23363E+16
131226,3,2,41,11,2018,4,18,7,3,0,1,0,1,0,0,0,0,0,0,5.66732E+20,5.80449E+21,9.98054E+15,5.23866E+16
131227,3,2,41,1,2018,4,13,6,3,0,2,0,1,0,0,0,0,1,1,5.55803E+20,5.79728E+21,9.81877E+15,5.2323E+16
131228,3,2,41,1,2018,4,16,3,3,4,2,0,0,1,0,0,0,1,0,5.52059E+20,5.80512E+21,9.76505E+15,5.23939E+16
131229,3,2,41,21,2018,4,17,3,3,3,2,0,0,1,0,1,0,0,0,5.23944E+20,5.81128E+21,9.35233E+15,5.24512E+16
131230,3,4,59,33,2018,4,7,2,3,6,4,0,0,0,1,1,0,0,0,4.32508E+20,5.79989E+21,8.00922E+15,5.23452E+16
131231,3,4,57,13,2018,4,7,6,3,2,2,0,1,0,0,0,0,0,1,3.97549E+20,5.89994E+21,7.46485E+15,5.32389E+16
131232,3,2,41,19,2018,4,16,3,3,2,6,0,0,1,0,0,0,0,0,5.49728E+20,5.82199E+21,9.73331E+15,5.25457E+16
131233,3,2,41,11,2018,4,13,3,3,5,7,0,0,1,0,1,0,0,0,5.66837E+20,5.80424E+21,9.98203E+15,5.23843E+16
131234,3,4,59,24,2018,4,1,1,3,9,1,2,0,1,0,0,0,0,0,4.58039E+20,5.78626E+21,8.38569E+15,5.22252E+16
131235,3,2,41,1,2018,4,13,6,3,0,7,0,0,0,0,0,0,1,0,5.49701E+20,5.8048E+21,9.73036E+15,5.23912E+16
131236,3,2,41,3,2018,4,7,3,3,5,2,0,1,1,0,0,0,0,0,5.69076E+20,5.81157E+21,1.00164E+16,5.245E+16
131237,3,2,41,1,2018,4,13,6,3,1,6,0,1,1,0,0,0,0,1,5.4889E+20,5.80425E+21,9.71836E+15,5.23863E+16
131238,3,2,41,1,2018,4,15,3,3,5,3,0,1,1,0,0,0,0,0,5.50252E+20,5.80468E+21,9.73844E+15,5.23901E+16
131239,3,1,1,0,2018,4,14,7,2,6,4,0,0,1,1,0,0,0,0,6.04493E+20,5.78615E+21,1.05295E+16,5.22158E+16
131240,3,2,41,1,2018,4,8,6,3,6,4,0,0,1,1,0,0,0,1,5.51173E+20,5.80704E+21,9.75233E+15,5.24112E+16
131241,3,2,41,1,2018,4,12,3,3,2,6,0,1,1,0,0,0,0,0,5.48646E+20,5.80199E+21,9.71445E+15,5.23661E+16
131242,3,4,54,18,2018,4,15,2,3,4,6,0,1,0,0,0,0,0,0,3.81929E+20,5.85036E+21,7.24905E+15,5.27901E+16
131243,3,2,41,1,2018,4,12,3,3,0,7,0,0,0,0,0,0,1,0,5.50203E+20,5.80646E+21,9.73799E+15,5.24061E+16
131244,3,2,41,1,2018,4,8,3,3,2,2,0,1,0,0,1,0,0,0,5.51068E+20,5.80318E+21,9.7502E+15,5.23765E+16
131245,3,4,56,1,2018,4,14,1,2,5,3,0,1,0,0,0,0,0,0,3.7264E+20,5.79556E+21,7.1324E+15,5.22956E+16
131246,3,2,41,5,2018,4,13,6,3,0,7,0,1,0,0,0,0,0,1,5.40761E+20,5.80958E+21,9.59958E+15,5.24349E+16
131247,3,2,41,1,2018,4,7,3,2,5,2,0,1,1,0,0,0,0,0,5.50353E+20,5.80391E+21,9.7398E+15,5.23831E+16
131248,3,2,57,35,2018,4,8,3,3,6,7,0,0,0,1,0,0,1,0,5.13844E+20,5.79721E+21,9.20313E+15,5.2325E+16
131249,3,2,52,6,2018,4,14,3,3,5,5,0,0,1,0,0,0,0,0,5.22725E+20,5.76963E+21,9.3316E+15,5.20768E+16
131250,3,3,55,22,2018,4,17,2,3,6,3,0,1,0,1,0,0,0,0,5.93631E+20,5.90049E+21,1.04032E+16,5.32454E+16
131251,3,2,52,6,2018,4,17,3,2,6,4,0,0,1,1,0,0,0,0,5.256E+20,5.77262E+21,9.37376E+15,5.21035E+16
131252,3,1,59,16,2018,4,16,3,3,4,1,0,1,1,0,0,0,0,0,5.66433E+20,5.70867E+21,9.95761E+15,5.15253E+16
131253,3,4,53,4,2018,4,15,2,2,5,3,0,1,1,0,0,0,0,0,4.3586E+20,5.85547E+21,8.04766E+15,5.28451E+16
131254,3,1,59,16,2018,4,11,3,3,0,7,0,1,1,0,0,0,0,0,5.65851E+20,5.70719E+21,9.94894E+15,5.1512E+16
131255,3,1,59,16,2018,4,10,3,3,2,2,0,0,1,0,0,0,0,0,5.64635E+20,5.71076E+21,9.93208E+15,5.15442E+16
131256,3,2,54,21,2018,4,12,1,3,6,7,0,0,1,1,0,0,0,1,5.6528E+20,5.779E+21,9.95426E+15,5.21576E+16
131257,3,2,41,19,2018,4,6,6,3,2,2,0,0,1,0,0,0,0,0,5.49759E+20,5.822E+21,9.73378E+15,5.25458E+16
131258,3,1,59,16,2018,4,9,3,3,1,5,0,1,1,0,0,0,0,0,5.6548E+20,5.71178E+21,9.94445E+15,5.15533E+16
131259,3,1,54,28,2018,4,13,3,3,2,6,0,0,1,0,1,0,0,0,6.37577E+20,5.78859E+21,1.10145E+16,5.22306E+16
131260,3,4,60,2,2018,4,13,1,3,4,2,0,0,1,0,1,0,0,0,4.45494E+20,5.81901E+21,8.19671E+15,5.25185E+16
131261,3,1,3,0,2018,4,16,3,2,9,1,0,0,1,1,0,0,0,0,6.19857E+20,5.80968E+21,1.07627E+16,5.24241E+16
131262,3,1,58,37,2018,4,14,3,3,5,3,0,0,1,0,0,0,0,0,6.04706E+20,5.78029E+21,1.05308E+16,5.21632E+16
131263,3,2,41,4,2018,4,17,2,3,1,5,0,0,1,0,0,0,0,0,5.57917E+20,5.81604E+21,9.85303E+15,5.24914E+16
131264,3,1,2,0,2018,4,7,3,3,5,3,0,0,1,0,0,0,0,0,5.91364E+20,5.77975E+21,1.03357E+16,5.21607E+16
131265,3,2,41,1,2018,4,22,6,3,5,2,2,0,1,0,0,0,0,1,5.52149E+20,5.8038E+21,9.76617E+15,5.2382E+16
131266,3,1,1,0,2018,4,20,3,3,4,6,2,1,0,0,1,0,0,0,6.03239E+20,5.79256E+21,1.05131E+16,5.22737E+16
131267,3,2,51,44,2018,4,16,7,2,3,6,0,1,0,0,0,0,0,0,4.71762E+20,5.82201E+21,8.58357E+15,5.25474E+16
131268,3,2,41,1,2018,4,12,6,3,6,4,0,0,1,1,0,0,0,1,5.51209E+20,5.80129E+21,9.75198E+15,5.23595E+16
131269,3,4,59,20,2018,4,16,2,3,9,1,0,0,0,0,1,0,0,0,4.32135E+20,5.78377E+21,8.00699E+15,5.22002E+16
131270,3,4,54,35,2018,4,11,2,2,5,2,0,1,1,0,0,0,0,0,3.85152E+20,5.83742E+21,7.30135E+15,5.26745E+16
131271,3,4,4,0,2018,4,1,7,3,7,1,2,1,0,0,0,0,0,0,4.32143E+20,5.79274E+21,8.00531E+15,5.22808E+16
131272,3,4,52,19,2018,4,16,2,3,8,7,0,0,1,0,0,0,0,0,3.80871E+20,5.93943E+21,7.20016E+15,5.35901E+16
131273,3,4,60,3,2018,4,7,2,3,5,3,0,1,1,0,0,0,0,0,4.40933E+20,5.8349E+21,8.12667E+15,5.26608E+16
131274,3,2,41,15,2018,4,11,3,2,6,6,0,0,1,1,0,0,0,0,5.40249E+20,5.80524E+21,9.59152E+15,5.23959E+16
131275,3,3,61,9,2018,4,15,2,3,5,3,0,1,1,0,0,0,0,0,5.02458E+20,5.87882E+21,9.03668E+15,5.30588E+16
131276,3,3,53,5,2018,4,12,2,3,5,3,0,1,1,0,0,0,0,0,5.58418E+20,5.90923E+21,9.87717E+15,5.3329E+16
131277,3,2,57,31,2018,4,6,2,2,9,1,0,0,0,0,1,0,0,0,5.06713E+20,5.78309E+21,9.09822E+15,5.21983E+16
131278,3,3,57,8,2018,4,7,2,3,5,3,0,0,1,0,0,0,0,0,5.09512E+20,5.92618E+21,9.14335E+15,5.34845E+16
131279,3,3,55,22,2018,4,16,2,3,0,7,0,0,1,0,0,0,0,0,5.94542E+20,5.90079E+21,1.04169E+16,5.32479E+16
131280,3,2,41,1,2018,4,9,7,2,6,2,0,0,1,1,0,0,0,0,5.46977E+20,5.80013E+21,9.68967E+15,5.23495E+16
131281,3,3,51,6,2018,4,7,2,3,5,3,0,1,1,0,0,0,0,0,5.74364E+20,5.83347E+21,1.00991E+16,5.26461E+16
131282,3,4,4,0,2018,4,7,2,3,5,3,0,0,1,0,0,0,0,0,4.3771E+20,5.78927E+21,8.08754E+15,5.22503E+16
131283,3,3,51,6,2018,4,12,2,1,2,6,0,0,1,0,0,0,0,0,5.70693E+20,5.83052E+21,1.00442E+16,5.26201E+16
131284,3,2,41,1,2018,4,5,2,3,6,7,2,1,0,1,0,0,0,0,5.49221E+20,5.80232E+21,9.72294E+15,5.2369E+16
131285,3,4,59,10,2018,4,11,1,3,0,1,0,1,0,0,0,0,0,0,4.27975E+20,5.82322E+21,7.93766E+15,5.25543E+16
131286,3,3,51,6,2018,4,17,3,3,1,5,0,1,1,0,0,0,0,0,5.73216E+20,5.83133E+21,1.00817E+16,5.26271E+16
131287,3,1,51,18,2018,4,12,3,3,2,6,0,1,1,0,0,0,0,0,5.92828E+20,5.8185E+21,1.03678E+16,5.25087E+16
131288,3,2,41,1,2018,4,8,2,3,5,3,0,0,1,0,0,0,0,0,5.55063E+20,5.80799E+21,9.80968E+15,5.24194E+16
131289,3,2,41,1,2018,4,19,2,3,0,3,0,0,1,0,0,0,1,0,5.49351E+20,5.80399E+21,9.7251E+15,5.23839E+16
131290,3,1,1,0,2018,4,20,2,2,5,3,2,0,1,0,0,0,0,0,6.03537E+20,5.79081E+21,1.0517E+16,5.22579E+16
131291,3,2,41,1,2018,4,17,2,3,2,6,0,0,1,0,0,0,0,0,5.49861E+20,5.80391E+21,9.73257E+15,5.23831E+16
131292,3,4,4,0,2018,4,16,6,3,9,7,0,0,1,0,0,0,0,1,4.35824E+20,5.78804E+21,8.06015E+15,5.2239E+16
131293,3,2,41,10,2018,4,6,2,2,5,3,0,0,0,0,1,0,1,0,5.50485E+20,5.81228E+21,9.74301E+15,5.24583E+16
131294,3,4,54,12,2018,4,14,2,3,5,3,0,0,1,0,0,1,0,0,4.01862E+20,5.81609E+21,7.55473E+15,5.24861E+16
131295,3,2,56,32,2018,4,6,2,3,6,4,1,0,0,1,0,0,1,0,5.04686E+20,5.81885E+21,9.06906E+15,5.25198E+16
131296,3,2,57,31,2018,4,13,2,3,8,1,0,0,0,0,1,0,0,0,5.05234E+20,5.78147E+21,9.07655E+15,5.21837E+16
131297,3,2,51,28,2018,4,5,1,3,7,1,2,0,1,0,0,0,0,0,4.83173E+20,5.84713E+21,8.75057E+15,5.27738E+16
131298,3,4,56,17,2018,4,12,6,3,5,3,0,0,1,0,0,0,1,0,3.65078E+20,5.82119E+21,7.01125E+15,5.25241E+16
131299,3,2,54,32,2018,4,10,2,3,9,7,0,0,1,0,0,0,0,0,5.84251E+20,5.78247E+21,1.02324E+16,5.21863E+16
131300,3,2,54,21,2018,4,20,2,3,5,2,1,1,1,0,0,0,0,0,5.66906E+20,5.77617E+21,9.97747E+15,5.2132E+16
131301,3,2,52,7,2018,4,14,2,3,2,2,0,0,1,0,0,0,0,0,5.16433E+20,5.77996E+21,9.24029E+15,5.21699E+16
131302,3,2,52,6,2018,4,11,2,3,6,7,0,0,1,1,0,0,0,0,5.25244E+20,5.77256E+21,9.36856E+15,5.2103E+16
131303,3,2,52,6,2018,4,9,2,2,1,5,0,0,1,0,1,0,0,0,5.24442E+20,5.77206E+21,9.35681E+15,5.20986E+16
131304,3,4,51,7,2018,4,7,2,3,2,6,0,0,1,0,0,0,0,1,4.28985E+20,5.90228E+21,7.93526E+15,5.3265E+16
131305,3,1,59,17,2018,4,13,2,3,5,3,0,0,1,0,0,0,0,0,5.46224E+20,5.6964E+21,9.66472E+15,5.14169E+16
131306,3,1,2,0,2018,4,19,2,3,5,3,0,0,1,0,0,0,0,0,5.94361E+20,5.76675E+21,1.03759E+16,5.20433E+16
131307,3,4,59,3,2018,4,14,7,3,5,3,0,1,1,0,0,0,0,0,4.60766E+20,5.7952E+21,8.42457E+15,5.23058E+16
131308,3,1,1,0,2018,4,17,2,3,3,5,0,0,1,0,0,0,1,0,6.04874E+20,5.79185E+21,1.05369E+16,5.2267E+16
131309,3,4,57,13,2018,4,20,1,3,0,7,0,1,0,0,0,0,0,0,3.97447E+20,5.89923E+21,7.46355E+15,5.32324E+16
131310,3,2,41,3,2018,4,14,3,3,5,3,0,1,1,0,0,0,0,0,5.68289E+20,5.81151E+21,1.00048E+16,5.24495E+16
131311,3,3,61,6,2018,4,16,1,3,5,3,0,0,1,0,0,0,0,0,5.09891E+20,5.8723E+21,9.14739E+15,5.30002E+16
131312,3,2,41,1,2018,4,8,6,3,5,3,0,1,0,0,0,0,0,1,5.51599E+20,5.80091E+21,9.75766E+15,5.23561E+16
131313,3,2,41,1,2018,4,18,2,3,2,6,0,0,1,0,0,0,0,0,5.50045E+20,5.80213E+21,9.73502E+15,5.23671E+16
131314,3,4,4,0,2018,4,11,7,2,0,1,0,1,0,0,0,0,0,0,4.35066E+20,5.79007E+21,8.04866E+15,5.22572E+16
131315,3,2,41,1,2018,4,9,5,3,5,3,0,0,1,0,0,0,0,0,5.50881E+20,5.80803E+21,9.74818E+15,5.24201E+16
131316,3,4,56,1,2018,4,17,6,3,0,7,0,1,0,0,0,0,0,0,3.73069E+20,5.79308E+21,7.13961E+15,5.22734E+16
131317,3,2,41,1,2018,4,11,5,3,5,3,0,1,1,0,0,0,1,0,5.5091E+20,5.80478E+21,9.74813E+15,5.23909E+16
131318,3,1,53,7,2018,4,18,6,3,5,3,0,0,1,0,0,0,0,0,5.91867E+20,5.75463E+21,1.03363E+16,5.19348E+16
131319,3,2,41,4,2018,4,12,3,3,5,3,0,1,1,0,0,0,0,0,5.57828E+20,5.81593E+21,9.85171E+15,5.24905E+16
131320,3,2,41,17,2018,4,12,5,3,1,5,0,0,1,0,0,0,1,0,5.3735E+20,5.78416E+21,9.54658E+15,5.22066E+16
131321,3,2,55,23,2018,4,22,2,2,9,7,2,0,1,0,0,0,0,0,5.31407E+20,5.74247E+21,9.45579E+15,5.18322E+16
131322,3,2,41,1,2018,4,20,5,3,1,5,0,0,1,0,1,0,0,0,5.49032E+20,5.80303E+21,9.72027E+15,5.23753E+16
131323,3,2,41,1,2018,4,15,5,3,4,6,0,1,0,0,0,0,0,0,5.53383E+20,5.80141E+21,9.78392E+15,5.23604E+16
131324,3,4,60,6,2018,4,5,6,2,0,1,0,1,0,0,0,0,0,0,4.48097E+20,5.83549E+21,8.23249E+15,5.26669E+16
131325,3,2,41,1,2018,4,8,4,3,3,6,0,0,1,0,0,0,1,0,5.48519E+20,5.80141E+21,9.7125E+15,5.23608E+16
131326,3,2,41,1,2018,4,15,5,3,0,1,0,1,0,0,0,0,0,0,5.50448E+20,5.80235E+21,9.74097E+15,5.23691E+16
131327,3,4,56,23,2018,4,7,5,3,2,2,0,1,1,0,0,0,0,0,3.55162E+20,5.81795E+21,6.8666E+15,5.24924E+16
131328,3,4,4,0,2018,4,8,2,3,2,2,0,0,1,0,0,0,0,0,4.32779E+20,5.79497E+21,8.01419E+15,5.23009E+16
131329,3,4,52,3,2018,4,21,6,3,0,1,2,1,0,0,0,0,0,0,3.88817E+20,5.94047E+21,7.31978E+15,5.36013E+16
131330,3,2,41,1,2018,4,10,4,3,5,3,0,0,1,0,0,0,0,1,5.49708E+20,5.80535E+21,9.73054E+15,5.23962E+16
131331,3,2,41,9,2018,4,12,5,3,1,7,0,0,1,0,0,0,0,0,5.55018E+20,5.79541E+21,9.80695E+15,5.23062E+16
131332,3,1,1,0,2018,4,7,6,3,5,3,0,0,1,0,0,0,1,0,6.03161E+20,5.78947E+21,1.0511E+16,5.22459E+16
131333,3,1,3,0,2018,4,11,3,3,1,5,0,0,1,0,0,0,0,0,6.20657E+20,5.80801E+21,1.07738E+16,5.2409E+16
131334,3,3,57,16,2018,4,14,7,3,9,1,0,0,0,0,1,0,0,0,4.98454E+20,5.91025E+21,8.97678E+15,5.33414E+16
131335,3,3,52,22,2018,4,8,3,3,5,3,0,1,1,0,0,0,0,0,5.11057E+20,5.94842E+21,9.16742E+15,5.36844E+16
131336,3,2,41,1,2018,4,9,5,2,5,3,0,0,1,0,0,0,0,0,5.51819E+20,5.80358E+21,9.76129E+15,5.238E+16
131337,3,1,51,40,2018,4,2,2,2,6,4,2,0,0,1,0,0,1,1,6.18129E+20,5.84306E+21,1.07492E+16,5.27245E+16
131338,3,1,55,12,2018,4,16,5,3,5,3,0,0,1,0,0,0,0,0,5.42933E+20,5.72415E+21,9.62079E+15,5.16667E+16
131339,3,2,54,21,2018,4,11,5,3,3,7,0,1,1,0,0,0,0,0,5.65517E+20,5.77833E+21,9.95761E+15,5.21516E+16
131340,3,3,59,22,2018,4,18,6,2,5,3,0,0,1,0,0,0,1,0,5.24269E+20,5.93947E+21,9.36676E+15,5.36035E+16
131341,3,1,1,0,2018,4,8,4,3,5,1,0,1,1,0,0,0,0,0,6.00795E+20,5.78774E+21,1.04759E+16,5.22308E+16
131342,3,2,54,21,2018,4,10,5,3,3,6,0,1,1,0,0,0,0,0,5.65316E+20,5.78051E+21,9.95509E+15,5.21712E+16
131343,3,4,3,0,2018,4,16,5,3,1,5,0,1,1,0,0,0,0,0,4.4686E+20,5.88827E+21,8.20556E+15,5.31412E+16
131344,3,4,55,7,2018,4,11,2,2,1,7,0,0,1,0,0,0,0,0,4.24968E+20,5.93459E+21,7.86736E+15,5.35548E+16
131345,3,2,54,21,2018,4,10,1,3,5,3,0,0,1,0,0,0,0,0,5.64687E+20,5.77531E+21,9.9449E+15,5.21246E+16
131346,3,2,52,6,2018,4,17,5,3,5,3,0,0,1,0,0,0,0,0,5.27535E+20,5.77201E+21,9.40196E+15,5.20979E+16
131347,3,3,52,61,2018,4,13,1,3,2,6,0,0,1,0,1,0,0,0,4.68442E+20,5.95417E+21,8.52159E+15,5.37353E+16
131348,3,1,59,1,2018,4,17,5,2,6,4,0,0,1,1,0,0,0,0,5.51588E+20,5.71485E+21,9.74456E+15,5.15824E+16
131349,3,1,3,0,2018,4,12,5,3,4,2,0,0,1,0,0,0,0,0,6.1942E+20,5.8062E+21,1.0755E+16,5.2393E+16