OBJECTID_1,ULAND,UREGBEZ,UKREIS,UGEMEINDE,UJAHR,UMONAT,USTUNDE,UWOCHENTAG,UKATEGORIE,UART,UTYP1,ULICHTVERH,IstRad,IstPKW,IstFuss,IstKrad,IstGkfz,IstSonstig,STRZUSTAND,LINREFX,LINREFY,XGCSWGS84,YGCSWGS84
131350,3,2,41,1,2018,4,13,6,3,5,2,0,1,1,0,0,0,0,0,5.47102E+20,5.80186E+21,9.69175E+15,5.2365E+16
131351,3,4,54,32,2018,4,7,3,3,5,3,0,1,0,0,0,0,0,1,3.86572E+20,5.81887E+21,7.3287E+15,5.25081E+16
131352,3,3,59,38,2018,4,10,5,2,5,1,0,1,0,0,0,0,0,0,5.32043E+20,5.9378E+21,9.48406E+15,5.35881E+16
131353,3,3,53,35,2018,4,8,2,3,5,3,0,1,1,0,0,0,0,0,5.47962E+20,5.90282E+21,9.71922E+15,5.32725E+16
131354,3,1,1,0,2018,4,15,1,2,5,2,0,1,1,0,1,0,0,0,6.05626E+20,5.78908E+21,1.0547E+16,5.2242E+16
131355,3,1,3,0,2018,4,8,5,3,4,2,0,0,1,0,0,0,0,0,6.21085E+20,5.81293E+21,1.07819E+16,5.24531E+16
131356,3,1,58,9,2018,4,13,5,3,5,7,0,0,1,0,0,0,0,0,6.13993E+20,5.78124E+21,1.06669E+16,5.21699E+16
131357,3,1,58,37,2018,4,0,6,3,0,7,2,1,0,0,0,0,0,0,6.03856E+20,5.78031E+21,1.05184E+16,5.21635E+16
131358,3,2,41,1,2018,4,10,3,3,0,6,0,0,1,0,1,0,0,0,5.513E+20,5.80428E+21,9.75377E+15,5.23864E+16
131359,3,1,2,0,2018,4,19,5,2,0,7,0,1,1,0,0,0,1,1,5.89906E+20,5.76584E+21,1.03107E+16,5.20359E+16
131360,3,2,57,31,2018,4,13,6,3,0,2,0,1,1,0,0,0,0,0,5.05319E+20,5.78104E+21,9.07779E+15,5.21798E+16
131361,3,4,58,14,2018,4,10,3,3,4,2,0,1,1,0,0,0,0,0,4.61894E+20,5.86106E+21,8.43352E+15,5.28978E+16
131362,3,3,51,18,2018,4,13,5,3,5,3,0,1,0,0,0,0,0,0,5.73816E+20,5.82379E+21,1.00889E+16,5.25591E+16
131363,3,2,41,1,2018,4,11,2,3,2,6,0,1,1,0,0,0,0,0,5.49005E+20,5.80015E+21,9.71946E+15,5.23495E+16
131364,3,3,53,35,2018,4,14,3,3,5,3,0,1,1,0,0,0,0,0,5.46873E+20,5.90376E+21,9.70303E+15,5.3281E+16
131365,3,4,56,15,2018,4,14,7,2,5,2,0,1,0,0,0,0,0,0,3.68748E+20,5.81102E+21,7.06931E+15,5.24336E+16
131366,3,1,57,6,2018,4,1,5,3,9,1,2,0,1,0,0,0,0,0,5.88592E+20,5.79594E+21,1.02994E+16,5.23067E+16
131367,3,4,54,35,2018,4,16,6,3,5,3,0,0,1,0,0,0,0,0,3.85773E+20,5.83687E+21,7.31072E+15,5.26697E+16
131368,3,1,2,0,2018,4,14,5,3,5,3,0,1,1,0,0,0,0,0,5.90796E+20,5.7792E+21,1.03272E+16,5.21558E+16
131369,3,1,51,10,2018,4,16,6,3,9,1,0,0,0,0,1,0,0,0,5.97615E+20,5.83612E+21,1.04435E+16,5.26662E+16
131370,3,1,55,11,2018,4,7,3,3,5,3,0,0,1,0,1,0,0,0,5.69287E+20,5.72827E+21,1.00026E+16,5.17011E+16
131371,3,3,57,39,2018,4,17,7,3,5,3,0,1,1,0,0,0,0,0,5.24092E+20,5.88087E+21,9.35963E+15,5.30767E+16
131372,3,3,53,20,2018,4,16,3,3,5,3,0,1,1,0,0,0,0,0,5.63714E+20,5.907E+21,9.95623E+15,5.33083E+16
131373,3,1,1,0,2018,4,12,5,3,5,3,0,0,1,0,1,0,0,0,6.05565E+20,5.79178E+21,1.0547E+16,5.22663E+16
131374,3,1,59,16,2018,4,6,2,3,4,2,1,1,1,0,0,0,0,1,5.64508E+20,5.71051E+21,9.9302E+15,5.1542E+16
131375,3,4,59,13,2018,4,15,4,3,4,6,0,1,1,0,0,0,0,0,4.49876E+20,5.80923E+21,8.26275E+15,5.2431E+16
131376,3,3,53,40,2018,4,7,7,3,7,1,0,0,1,0,0,0,0,0,5.79378E+20,5.9152E+21,1.01933E+16,5.33799E+16
131377,3,2,41,1,2018,4,13,5,3,4,6,0,0,1,0,0,0,0,0,5.5812E+20,5.80463E+21,9.85404E+15,5.23889E+16
131378,3,2,41,10,2018,4,12,2,3,2,2,0,0,1,0,0,0,1,0,5.50252E+20,5.81101E+21,9.73939E+15,5.2447E+16
131379,3,4,4,0,2018,4,9,4,3,3,5,0,1,1,0,0,0,0,0,4.35323E+20,5.79137E+21,8.05218E+15,5.22689E+16
131380,3,4,4,0,2018,4,8,4,2,6,6,0,0,1,1,0,0,0,0,4.41339E+20,5.79177E+21,8.14027E+15,5.22731E+16
131381,3,4,52,6,2018,4,13,6,3,1,5,0,1,1,0,0,0,0,0,4.09842E+20,5.91406E+21,7.64499E+15,5.3368E+16
131382,3,2,41,1,2018,4,9,4,3,2,6,0,0,1,0,0,0,0,1,5.51458E+20,5.80333E+21,9.75595E+15,5.23778E+16
131383,3,4,57,13,2018,4,12,4,3,2,2,0,0,1,0,0,0,0,0,3.97094E+20,5.89938E+21,7.45823E+15,5.32337E+16
131384,3,4,4,0,2018,4,19,5,3,0,1,0,1,0,0,0,0,0,0,4.33421E+20,5.79337E+21,8.02391E+15,5.22867E+16
131385,3,1,1,0,2018,4,15,3,3,3,2,0,0,0,0,1,0,1,0,6.04687E+20,5.79363E+21,1.05347E+16,5.2283E+16
131386,3,3,60,25,2018,4,20,7,3,2,2,1,0,1,0,1,0,0,0,6.05715E+20,5.86943E+21,1.0574E+16,5.2964E+16
131387,3,4,56,15,2018,4,8,4,3,6,6,0,0,1,1,0,0,0,0,3.69443E+20,5.81181E+21,7.07922E+15,5.24409E+16
131388,3,4,56,27,2018,4,6,1,3,1,7,1,0,1,0,0,0,0,0,3.80474E+20,5.79956E+21,7.24579E+15,5.23333E+16
131389,3,4,54,35,2018,4,19,4,2,5,3,0,1,0,0,1,0,0,0,3.84603E+20,5.83961E+21,7.29247E+15,5.26941E+16
131390,3,4,62,12,2018,4,7,4,3,5,3,0,1,1,0,0,0,0,0,4.02537E+20,5.94078E+21,7.52694E+15,5.36068E+16
131391,3,3,58,16,2018,4,12,6,3,5,3,0,0,1,0,0,0,0,0,5.73644E+20,5.87139E+21,1.0097E+16,5.2987E+16
131392,3,4,4,0,2018,4,16,3,3,3,7,0,1,1,0,0,0,0,0,4.35052E+20,5.79227E+21,8.04803E+15,5.2277E+16
131393,3,4,52,1,2018,4,10,4,3,2,6,0,0,1,0,0,1,0,0,3.98636E+20,5.9257E+21,7.47288E+15,5.34705E+16
131394,3,3,52,46,2018,4,18,6,3,2,2,0,0,1,0,0,0,0,0,4.94261E+20,5.96234E+21,8.91284E+15,5.38096E+16
131395,3,1,59,16,2018,4,12,4,3,1,5,0,0,1,0,0,0,0,1,5.65876E+20,5.71061E+21,9.94994E+15,5.15427E+16
131396,3,4,53,4,2018,4,15,4,3,5,2,0,1,1,0,0,0,0,0,4.36415E+20,5.85517E+21,8.05595E+15,5.28426E+16
131397,3,4,5,0,2018,4,15,5,3,5,3,0,1,1,0,0,0,0,0,4.39454E+20,5.93151E+21,8.0866E+15,5.3529E+16
131398,3,4,54,35,2018,4,17,2,3,4,6,0,1,0,0,0,0,0,0,3.84653E+20,5.83967E+21,7.29319E+15,5.26946E+16
131399,3,2,41,1,2018,4,17,1,2,0,7,0,1,0,0,0,0,0,0,5.49325E+20,5.80019E+21,9.72415E+15,5.23498E+16
131400,3,4,53,4,2018,4,15,4,3,4,2,0,1,1,0,0,0,0,0,4.37039E+20,5.85466E+21,8.06531E+15,5.2838E+16
131401,3,4,5,0,2018,4,11,4,3,6,7,0,0,0,1,0,0,1,0,4.36736E+20,5.9389E+21,8.04411E+15,5.35951E+16
131402,3,2,41,1,2018,4,7,6,3,0,1,0,1,0,0,0,0,0,0,5.55516E+20,5.80137E+21,9.81524E+15,5.23598E+16
131403,3,3,61,12,2018,4,7,3,3,5,3,0,1,1,0,0,0,0,0,5.16891E+20,5.86358E+21,9.25123E+15,5.29216E+16
131404,3,3,55,22,2018,4,13,7,3,5,2,0,1,1,0,0,0,0,0,5.94157E+20,5.90202E+21,1.04115E+16,5.32591E+16
131405,3,4,3,0,2018,4,15,7,3,5,2,0,1,1,0,0,0,0,0,4.47842E+20,5.89051E+21,8.21988E+15,5.31614E+16
131406,3,3,55,22,2018,4,18,5,3,4,2,0,0,1,0,0,0,0,0,5.93012E+20,5.90101E+21,1.03941E+16,5.32502E+16
131407,3,3,60,25,2018,4,20,2,3,5,3,0,1,1,0,0,0,0,0,6.03993E+20,5.86814E+21,1.05479E+16,5.29528E+16
131408,3,4,4,0,2018,4,11,7,3,1,5,0,0,1,0,0,0,0,0,4.34844E+20,5.7942E+21,8.04461E+15,5.22943E+16
131409,3,3,52,50,2018,4,13,5,3,0,1,0,0,0,0,1,0,0,0,4.75349E+20,5.93599E+21,8.62774E+15,5.35722E+16
131410,3,4,3,0,2018,4,9,2,3,5,3,0,1,1,0,0,0,0,0,4.46844E+20,5.88858E+21,8.20528E+15,5.3144E+16
131411,3,1,59,16,2018,4,18,1,3,2,6,1,0,1,0,0,0,0,0,5.64774E+20,5.71008E+21,9.93397E+15,5.15381E+16
131412,3,4,3,0,2018,4,7,4,3,2,2,0,0,1,0,0,0,0,0,4.46501E+20,5.88992E+21,8.19992E+15,5.3156E+16
131413,3,2,51,13,2018,4,11,4,2,9,1,0,0,1,0,0,0,0,0,4.60841E+20,5.83436E+21,8.42107E+15,5.26578E+16
131414,3,2,52,6,2018,4,20,6,3,2,6,1,0,1,0,0,0,0,0,5.25076E+20,5.77191E+21,9.36606E+15,5.20972E+16
131415,3,3,57,39,2018,4,15,3,3,1,5,0,1,1,0,0,0,0,0,5.26871E+20,5.88444E+21,9.40141E+15,5.31087E+16
131416,3,3,55,22,2018,4,15,7,3,4,2,0,0,1,0,0,0,0,0,5.94326E+20,5.9021E+21,1.04141E+16,5.32597E+16
131417,3,2,41,1,2018,4,16,5,3,0,1,0,1,0,0,0,0,0,0,5.48852E+20,5.7995E+21,9.71712E+15,5.23436E+16
131418,3,2,41,1,2018,4,18,2,3,0,7,0,1,0,0,0,0,0,0,5.48098E+20,5.80285E+21,9.70652E+15,5.23738E+16
131419,3,3,57,39,2018,4,17,3,1,8,1,0,1,0,0,0,0,0,0,5.26395E+20,5.88475E+21,9.39433E+15,5.31116E+16
131420,3,2,51,12,2018,4,20,4,3,5,3,2,0,1,0,0,0,0,0,4.5788E+20,5.82907E+21,8.37796E+15,5.261E+16
131421,3,4,54,32,2018,4,11,6,2,3,2,0,1,1,0,0,0,0,0,3.87519E+20,5.82076E+21,7.34201E+15,5.25253E+16
131422,3,2,41,1,2018,4,18,7,3,5,3,0,1,1,0,0,0,0,0,5.42059E+20,5.80635E+21,9.61827E+15,5.24058E+16
131423,3,4,1,0,2018,4,12,4,3,1,5,0,1,1,0,0,0,0,0,4.75191E+20,5.87807E+21,8.62989E+15,5.30516E+16
131424,3,3,53,40,2018,4,9,4,2,5,3,0,1,0,0,0,0,1,0,5.80064E+20,5.91281E+21,1.0203E+16,5.33584E+16
131425,3,3,53,5,2018,4,17,4,3,2,6,0,0,1,0,0,0,0,0,5.56797E+20,5.90854E+21,9.85271E+15,5.3323E+16
131426,3,1,2,0,2018,4,20,6,3,1,3,0,1,1,0,0,0,0,0,5.94084E+20,5.76706E+21,1.03719E+16,5.20462E+16
131427,3,2,41,1,2018,4,2,3,3,0,7,2,0,0,0,1,0,0,0,5.67478E+20,5.7969E+21,9.98997E+15,5.23182E+16
131428,3,2,41,1,2018,4,14,7,3,2,6,0,0,1,0,1,0,0,0,5.47272E+20,5.8005E+21,9.69407E+15,5.23527E+16
131429,3,2,41,1,2018,4,17,5,3,6,4,0,0,1,1,0,0,0,0,5.54495E+20,5.79859E+21,9.79979E+15,5.23349E+16
131430,3,2,56,22,2018,4,6,2,3,5,3,0,1,1,0,0,0,0,0,5.16384E+20,5.83004E+21,9.24201E+15,5.26201E+16
131431,3,3,53,5,2018,4,13,4,3,0,3,0,1,1,0,0,0,0,0,5.58021E+20,5.90963E+21,9.87128E+15,5.33327E+16
131432,3,3,57,57,2018,4,20,4,3,0,7,1,1,1,0,0,0,0,0,5.18485E+20,5.90552E+21,9.27736E+15,5.32985E+16
131433,3,4,60,2,2018,4,9,6,2,5,2,0,0,1,0,0,0,0,0,4.4534E+20,5.81943E+21,8.19438E+15,5.25223E+16
131434,3,2,41,3,2018,4,14,4,3,9,1,0,0,0,0,1,0,0,0,5.70543E+20,5.81131E+21,1.0038E+16,5.24474E+16
131435,3,2,41,1,2018,4,8,7,3,0,1,0,1,0,0,0,0,0,0,5.48296E+20,5.80283E+21,9.70943E+15,5.23736E+16
131436,3,3,60,25,2018,4,10,4,3,5,3,0,0,1,0,0,1,0,0,6.01249E+20,5.8729E+21,1.05086E+16,5.29961E+16
131437,3,4,54,41,2018,4,17,5,2,5,3,0,1,1,0,0,0,0,0,3.92085E+20,5.8826E+21,7.38887E+15,5.3082E+16
131438,3,4,59,33,2018,4,6,2,3,5,3,0,1,1,0,0,0,0,0,4.35784E+20,5.79846E+21,8.05758E+15,5.23327E+16
131439,3,2,41,1,2018,4,18,7,3,5,2,0,1,1,0,0,0,0,0,5.54971E+20,5.80357E+21,9.8076E+15,5.23796E+16
131440,3,4,3,0,2018,4,11,1,3,3,2,0,1,1,0,0,0,0,0,4.47384E+20,5.88788E+21,8.21346E+15,5.31378E+16
131441,3,3,55,22,2018,4,13,4,3,0,7,0,1,0,0,0,0,0,0,5.96351E+20,5.90227E+21,1.04445E+16,5.32609E+16
131442,3,1,1,0,2018,4,16,6,3,5,7,0,1,1,0,0,0,0,0,6.0494E+20,5.79391E+21,1.05385E+16,5.22855E+16
131443,3,2,54,21,2018,4,7,3,3,6,4,0,0,0,1,0,0,1,0,5.63703E+20,5.77786E+21,9.93101E+15,5.21475E+16
131444,3,3,55,22,2018,4,15,4,3,6,4,0,0,1,0,0,0,1,0,5.93154E+20,5.89891E+21,1.03956E+16,5.32313E+16
131445,3,1,53,2,2018,4,9,2,3,6,2,0,0,1,1,0,0,0,1,6.06456E+20,5.74993E+21,1.0547E+16,5.189E+16
131446,3,2,41,1,2018,4,7,4,3,5,3,0,1,0,0,0,0,1,0,5.47257E+20,5.80641E+21,9.69468E+15,5.24059E+16
131447,3,2,41,1,2018,4,18,4,3,2,6,0,0,1,0,0,0,0,0,5.4995E+20,5.80236E+21,9.73366E+15,5.23693E+16
131448,3,3,53,31,2018,4,6,6,3,0,6,0,0,1,0,1,0,0,0,5.6889E+20,5.91648E+21,1.0036E+16,5.33929E+16
131449,3,1,1,0,2018,4,9,4,3,0,7,0,0,1,1,0,0,1,0,6.01127E+20,5.78754E+21,1.04807E+16,5.2229E+16
131450,3,2,41,3,2018,4,14,7,3,0,7,0,0,0,0,0,0,1,0,5.69074E+20,5.81158E+21,1.00164E+16,5.24501E+16
131451,3,2,41,1,2018,4,19,4,3,6,7,0,0,1,1,0,0,0,0,5.49367E+20,5.80167E+21,9.72499E+15,5.23631E+16
131452,3,4,3,0,2018,4,18,5,3,5,7,0,0,1,0,0,0,1,0,4.48339E+20,5.88904E+21,8.22756E+15,5.31482E+16
131453,3,4,53,8,2018,4,17,2,3,1,5,0,1,1,0,0,0,0,0,4.34693E+20,5.86773E+21,8.02786E+15,5.29552E+16
131454,3,2,56,22,2018,4,15,1,3,5,3,0,0,1,0,0,0,0,0,5.14244E+20,5.83187E+21,9.21048E+15,5.26366E+16
131455,3,2,41,1,2018,4,12,4,3,2,6,0,0,1,0,0,0,0,0,5.4981E+20,5.80239E+21,9.73161E+15,5.23695E+16
131456,3,2,41,1,2018,4,13,4,3,4,6,0,1,0,0,0,0,0,0,5.48533E+20,5.80261E+21,9.71287E+15,5.23716E+16
131457,3,1,55,6,2018,4,17,6,3,5,3,0,1,1,0,0,0,0,0,5.70574E+20,5.74105E+21,1.00238E+16,5.18158E+16
131458,3,4,61,4,2018,4,10,3,3,0,1,0,1,0,0,0,0,0,0,4.63526E+20,5.89889E+21,8.45349E+15,5.3238E+16
131459,3,2,41,1,2018,4,14,4,3,2,6,0,0,1,0,0,0,1,0,5.4939E+20,5.80322E+21,9.72556E+15,5.2377E+16
131460,3,3,55,22,2018,4,14,6,3,2,6,0,0,1,0,0,0,0,0,5.93951E+20,5.89901E+21,1.04075E+16,5.3232E+16
131461,3,4,54,35,2018,4,15,3,3,5,7,0,0,1,0,0,0,1,0,3.84611E+20,5.83938E+21,7.29267E+15,5.2692E+16
131462,3,2,41,1,2018,4,14,7,3,5,2,0,1,1,0,0,0,0,0,5.47888E+20,5.79922E+21,9.70292E+15,5.23412E+16
131463,3,3,59,38,2018,4,13,5,3,5,3,0,1,1,0,0,0,0,0,5.30365E+20,5.93743E+21,9.45868E+15,5.35848E+16
131464,3,3,53,42,2018,4,12,2,3,5,3,0,0,1,0,0,0,1,0,5.76589E+20,5.90529E+21,1.0149E+16,5.32913E+16
131465,3,1,54,28,2018,4,15,1,3,2,6,0,0,1,0,0,0,0,0,6.36601E+20,5.78875E+21,1.10003E+16,5.22322E+16
131466,3,2,41,1,2018,4,0,4,3,0,1,2,1,0,0,0,0,0,0,5.50183E+20,5.80306E+21,9.73718E+15,5.23755E+16
131467,3,2,41,15,2018,4,17,4,3,5,3,0,0,1,0,1,0,0,0,5.34997E+20,5.80638E+21,9.51446E+15,5.24065E+16
131468,3,1,3,0,2018,4,9,6,3,6,4,0,0,1,1,0,0,0,0,6.16296E+20,5.8089E+21,1.07101E+16,5.2418E+16
131469,3,2,41,1,2018,4,14,3,3,5,3,0,1,1,0,0,0,0,0,5.49523E+20,5.8058E+21,9.7279E+15,5.24002E+16
131470,3,2,57,31,2018,4,17,7,2,5,3,0,1,1,0,0,0,0,0,5.05769E+20,5.782E+21,9.08439E+15,5.21884E+16
131471,3,2,41,1,2018,4,14,5,3,0,6,0,1,1,0,0,0,0,0,5.58216E+20,5.80504E+21,9.85551E+15,5.23925E+16
131472,3,2,41,1,2018,4,8,2,3,5,3,0,1,0,0,0,0,0,0,5.50016E+20,5.80301E+21,9.73472E+15,5.23751E+16
131473,3,2,41,1,2018,4,17,4,3,5,3,0,1,1,0,0,0,0,0,5.49596E+20,5.80122E+21,9.72829E+15,5.2359E+16
131474,3,2,54,21,2018,4,11,7,2,5,3,0,0,1,0,0,0,1,0,5.59632E+20,5.77792E+21,9.87153E+15,5.21486E+16
131475,3,3,55,22,2018,4,8,5,3,5,3,0,0,1,0,0,0,0,0,5.94048E+20,5.90344E+21,1.04103E+16,5.32719E+16
131476,3,3,55,22,2018,4,17,2,2,2,6,0,0,1,0,0,0,0,0,5.93028E+20,5.89813E+21,1.03935E+16,5.32243E+16
131477,3,4,2,0,2018,4,20,7,3,5,3,1,1,1,0,0,0,0,0,3.80852E+20,5.91561E+21,7.20891E+15,5.33762E+16
131478,3,2,41,1,2018,4,14,4,2,1,5,0,1,1,0,0,0,0,0,5.56209E+20,5.80148E+21,9.82542E+15,5.23608E+16
131479,3,4,54,19,2018,4,8,6,3,1,5,0,1,1,0,0,0,0,0,3.97339E+20,5.83699E+21,7.48167E+15,5.26731E+16
131480,3,2,52,6,2018,4,20,7,2,1,5,2,1,1,0,0,0,0,0,5.23478E+20,5.77215E+21,9.34275E+15,5.20994E+16
131481,3,2,41,1,2018,4,15,4,3,0,1,0,1,0,0,0,0,0,0,5.50564E+20,5.80348E+21,9.74283E+15,5.23793E+16
131482,3,1,53,7,2018,4,20,6,3,5,3,0,0,1,0,1,0,0,0,5.9082E+20,5.75467E+21,1.03211E+16,5.19354E+16
131483,3,2,41,1,2018,4,15,3,3,1,5,0,1,1,0,0,0,0,0,5.50325E+20,5.8025E+21,9.73919E+15,5.23705E+16
131484,3,1,59,16,2018,4,19,7,3,5,3,1,1,1,0,0,0,0,0,5.61804E+20,5.71274E+21,9.8916E+15,5.15624E+16
131485,3,3,58,22,2018,4,0,7,3,1,1,2,1,1,0,0,0,0,0,5.40762E+20,5.85721E+21,9.60548E+15,5.28631E+16
131486,3,2,41,1,2018,4,11,4,3,5,3,0,0,0,0,1,0,0,0,5.50111E+20,5.80253E+21,9.73605E+15,5.23707E+16
131487,3,1,59,16,2018,4,18,2,3,0,5,0,1,1,0,0,0,0,0,5.65632E+20,5.71186E+21,9.94666E+15,5.1554E+16
131488,3,1,55,13,2018,4,7,4,3,5,3,0,1,1,0,0,0,0,0,5.5968E+20,5.74095E+21,9.8658E+15,5.18162E+16
131489,3,2,54,21,2018,4,8,4,3,5,3,0,1,1,0,0,0,0,0,5.64479E+20,5.77811E+21,9.9424E+15,5.21498E+16
131490,3,4,3,0,2018,4,7,6,3,3,6,0,1,1,0,0,0,0,0,4.45268E+20,5.88718E+21,8.18196E+15,5.31312E+16
131491,3,2,41,1,2018,4,10,4,3,6,4,0,1,0,1,0,0,0,1,5.51449E+20,5.80206E+21,9.75562E+15,5.23664E+16
131492,3,1,57,8,2018,4,15,7,3,0,7,0,1,1,0,0,0,0,0,5.95434E+20,5.79762E+21,1.04002E+16,5.23206E+16
131493,3,2,55,23,2018,4,19,4,3,5,2,0,1,1,0,0,0,0,0,5.31484E+20,5.74248E+21,9.45691E+15,5.18323E+16
131494,3,4,52,3,2018,4,12,6,3,5,7,0,1,1,0,0,0,0,0,3.87905E+20,5.93934E+21,7.30641E+15,5.35909E+16
131495,3,2,41,1,2018,4,17,4,3,0,2,0,0,0,0,1,0,0,1,5.5536E+20,5.80719E+21,9.8139E+15,5.24121E+16
131496,3,1,53,7,2018,4,11,7,2,3,2,0,0,1,0,1,0,0,0,5.91008E+20,5.75491E+21,1.03239E+16,5.19375E+16
131497,3,2,55,23,2018,4,15,4,3,2,6,0,0,1,0,0,0,0,0,5.31458E+20,5.74251E+21,9.45653E+15,5.18325E+16
131498,3,4,4,0,2018,4,23,5,3,0,1,2,1,0,0,0,0,0,0,4.34755E+20,5.79261E+21,8.04362E+15,5.228E+16
131499,3,1,1,0,2018,4,18,3,3,5,3,0,1,0,0,0,0,0,0,6.0438E+20,5.79267E+21,1.05299E+16,5.22745E+16
131500,3,1,53,17,2018,4,8,7,3,5,3,0,1,1,0,0,0,0,0,5.98582E+20,5.75285E+21,1.04334E+16,5.19177E+16
131501,3,1,59,16,2018,4,17,4,2,5,3,0,0,1,0,1,0,0,0,5.65452E+20,5.71248E+21,9.94418E+15,5.15596E+16
131502,3,4,57,21,2018,4,19,1,3,4,7,0,1,1,0,0,0,0,0,3.89871E+20,5.89198E+21,7.35261E+15,5.31658E+16
131503,3,1,59,16,2018,4,17,4,3,5,3,0,1,0,0,0,0,0,0,5.65464E+20,5.71248E+21,9.94435E+15,5.15596E+16
131504,3,4,3,0,2018,4,15,7,3,5,3,0,1,1,0,0,0,0,0,4.48332E+20,5.88689E+21,8.22779E+15,5.31289E+16
131505,3,1,59,16,2018,4,9,4,3,5,3,0,1,1,0,0,0,0,0,5.66094E+20,5.70698E+21,9.95241E+15,5.15101E+16
131506,3,3,59,38,2018,4,14,6,3,4,6,0,1,0,0,0,0,0,0,5.3078E+20,5.93877E+21,9.46509E+15,5.35968E+16
131507,3,1,1,0,2018,4,7,4,3,5,3,0,1,1,0,0,0,0,0,6.05534E+20,5.79194E+21,1.05465E+16,5.22677E+16
131508,3,1,1,0,2018,4,11,7,3,0,7,0,1,1,0,0,0,0,0,6.04324E+20,5.79422E+21,1.05295E+16,5.22884E+16
131509,3,2,51,37,2018,4,13,5,2,5,2,0,0,1,0,1,0,0,0,4.85106E+20,5.87268E+21,8.77805E+15,5.30034E+16
131510,3,4,3,0,2018,4,12,2,3,4,2,0,0,1,0,0,0,0,0,4.47073E+20,5.8904E+21,8.2084E+15,5.31604E+16
131511,3,4,59,10,2018,4,16,6,3,5,3,0,0,1,0,0,0,0,0,4.29001E+20,5.82043E+21,7.95339E+15,5.25293E+16
131512,3,1,54,28,2018,4,13,4,3,8,1,0,0,1,0,0,0,0,0,6.38938E+20,5.78724E+21,1.10339E+16,5.22181E+16
131513,3,4,62,19,2018,4,11,5,3,6,2,0,0,0,1,0,0,1,0,4.19439E+20,5.93687E+21,7.78334E+15,5.35745E+16
131514,3,4,56,15,2018,4,12,2,3,2,6,0,0,1,0,0,0,0,0,3.67677E+20,5.81031E+21,7.05385E+15,5.24269E+16
131515,3,4,59,10,2018,4,12,6,3,2,6,0,0,1,0,1,0,0,0,4.28674E+20,5.82328E+21,7.94796E+15,5.25549E+16
131516,3,3,52,11,2018,4,13,1,3,9,1,0,1,1,0,0,0,0,0,4.76801E+20,5.97089E+21,8.64705E+15,5.3886E+16
131517,3,1,3,0,2018,4,10,4,3,5,3,0,1,1,0,0,0,0,0,6.22753E+20,5.8101E+21,1.08054E+16,5.24273E+16
131518,3,1,58,37,2018,4,14,4,3,5,3,0,1,1,0,0,0,0,0,6.06106E+20,5.77932E+21,1.0551E+16,5.21542E+16
131519,3,2,41,9,2018,4,13,6,3,4,2,0,1,1,0,0,0,0,0,5.55009E+20,5.79558E+21,9.80684E+15,5.23078E+16
131520,3,3,56,7,2018,4,12,3,3,5,2,0,0,1,0,0,0,0,0,4.85544E+20,5.89713E+21,8.78348E+15,5.32232E+16
131521,3,4,4,0,2018,4,5,6,2,5,3,2,0,1,0,0,0,0,0,4.35903E+20,5.79502E+21,8.05999E+15,5.23018E+16
131522,3,3,54,4,2018,4,11,5,3,3,2,0,1,1,0,0,0,0,0,6.40467E+20,5.88566E+21,1.10982E+16,5.31019E+16
131523,3,3,58,16,2018,4,21,2,3,5,3,1,1,1,0,0,0,0,0,5.7321E+20,5.87125E+21,1.00905E+16,5.29858E+16
131524,3,4,59,7,2018,4,14,7,3,0,1,0,1,0,0,0,0,0,0,4.24183E+20,5.83335E+21,7.87942E+15,5.26448E+16
131525,3,1,51,39,2018,4,15,4,3,5,3,0,1,1,0,0,0,0,0,6.17174E+20,5.81387E+21,1.07247E+16,5.24624E+16
131526,3,2,54,11,2018,4,0,1,2,0,7,2,0,1,0,0,0,0,0,5.64784E+20,5.77371E+21,9.94601E+15,5.21102E+16
131527,3,1,51,9,2018,4,10,4,3,5,3,0,0,1,0,0,0,0,0,6.03659E+20,5.81375E+21,1.05258E+16,5.24641E+16
131528,3,1,1,0,2018,4,7,4,3,4,2,0,0,1,0,1,0,0,0,6.0045E+20,5.78926E+21,1.04713E+16,5.22445E+16
131529,3,2,52,3,2018,4,7,6,2,6,4,0,0,1,1,0,0,0,0,5.18087E+20,5.75945E+21,9.26338E+15,5.19854E+16
131530,3,3,59,23,2018,4,7,3,3,5,3,0,1,1,0,0,0,0,0,5.33643E+20,5.92293E+21,9.50665E+15,5.34543E+16
131531,3,4,57,18,2018,4,15,6,2,8,1,0,0,0,0,1,0,0,0,3.99976E+20,5.88487E+21,7.50593E+15,5.31039E+16
131532,3,2,41,1,2018,4,16,5,3,5,3,0,1,1,0,0,0,0,0,5.48644E+20,5.80142E+21,9.71433E+15,5.23609E+16
131533,3,2,41,1,2018,4,7,2,3,5,3,0,1,1,0,0,0,0,0,5.45001E+20,5.80085E+21,9.66076E+15,5.23561E+16
131534,3,3,54,4,2018,4,13,3,2,4,6,0,0,1,0,0,0,0,0,6.42199E+20,5.88078E+21,1.11218E+16,5.30576E+16
131535,3,4,59,30,2018,4,15,3,3,1,5,0,1,1,0,0,0,0,0,4.28976E+20,5.83673E+21,7.94952E+15,5.26758E+16
131536,3,4,54,35,2018,4,8,6,3,5,3,0,0,1,0,0,1,0,0,3.87415E+20,5.84305E+21,7.33288E+15,5.27256E+16
131537,3,4,57,13,2018,4,7,6,2,4,2,0,1,0,0,0,0,1,0,3.98062E+20,5.89712E+21,7.47344E+15,5.32136E+16