OBJECTID_1,ULAND,UREGBEZ,UKREIS,UGEMEINDE,UJAHR,UMONAT,USTUNDE,UWOCHENTAG,UKATEGORIE,UART,UTYP1,ULICHTVERH,IstRad,IstPKW,IstFuss,IstKrad,IstGkfz,IstSonstig,STRZUSTAND,LINREFX,LINREFY,XGCSWGS84,YGCSWGS84
131538,3,4,4,0,2018,4,11,3,3,0,1,0,0,0,0,0,0,1,0,4.3482E+20,5.79199E+21,8.0447E+15,5.22744E+16
131539,3,1,51,9,2018,4,8,6,3,5,3,0,0,1,0,0,0,0,0,6.0616E+20,5.81441E+21,1.05628E+16,5.24695E+16
131540,3,2,56,13,2018,4,17,3,3,1,5,0,0,1,0,0,0,0,0,5.09095E+20,5.85517E+21,9.13505E+15,5.28462E+16
131541,3,4,56,2,2018,4,19,6,2,2,2,0,0,0,0,1,0,0,0,3.55362E+20,5.83156E+21,6.86361E+15,5.26147E+16
131542,3,4,57,11,2018,4,17,3,3,5,2,0,0,1,0,1,0,0,0,4.04042E+20,5.90524E+21,7.56051E+15,5.32877E+16
131543,3,1,58,28,2018,4,17,6,3,9,1,0,1,0,0,0,0,0,0,5.86804E+20,5.76608E+21,1.02655E+16,5.20385E+16
131544,3,2,41,5,2018,4,9,3,3,6,4,0,1,0,1,0,0,0,0,5.40014E+20,5.80713E+21,9.58829E+15,5.2413E+16
131545,3,2,41,1,2018,4,7,5,3,2,5,1,0,1,0,0,0,0,0,5.5381E+20,5.80121E+21,9.79015E+15,5.23585E+16
131546,3,2,41,10,2018,4,7,2,3,5,2,0,0,1,0,0,0,0,0,5.46907E+20,5.80939E+21,9.68995E+15,5.24327E+16
131547,3,4,57,21,2018,4,14,3,3,9,6,0,1,0,0,1,0,0,0,3.89979E+20,5.88642E+21,7.35614E+15,5.31158E+16
131548,3,4,54,41,2018,4,19,3,2,5,3,0,1,1,0,0,0,0,0,3.92847E+20,5.88201E+21,7.40044E+15,5.30768E+16
131549,3,4,53,2,2018,4,19,6,3,5,3,0,0,1,0,0,0,0,0,4.29104E+20,5.87275E+21,7.94358E+15,5.29996E+16
131550,3,2,41,5,2018,4,15,4,3,3,2,0,1,1,0,0,0,0,0,5.40315E+20,5.80742E+21,9.59276E+15,5.24155E+16
131551,3,4,56,15,2018,4,13,3,3,3,2,0,1,0,0,0,0,0,0,3.67787E+20,5.81081E+21,7.05527E+15,5.24315E+16
131552,3,4,2,0,2018,4,8,5,2,5,3,0,0,1,0,0,1,0,0,3.83545E+20,5.91342E+21,7.25017E+15,5.33571E+16
131553,3,4,59,19,2018,4,13,2,3,0,1,0,1,1,0,0,0,0,0,4.36153E+20,5.78384E+21,8.06576E+15,5.22013E+16
131554,3,4,56,15,2018,4,15,1,3,4,6,0,1,0,0,0,0,0,0,3.68688E+20,5.81286E+21,7.06771E+15,5.24501E+16
131555,3,4,52,19,2018,4,7,3,3,4,1,1,1,0,0,0,0,0,0,3.79587E+20,5.94051E+21,7.18035E+15,5.35995E+16
131556,3,4,60,2,2018,4,20,3,3,2,2,1,0,1,0,1,0,0,0,4.45173E+20,5.81895E+21,8.192E+15,5.25179E+16
131557,3,4,60,8,2018,4,17,3,3,3,6,0,1,0,0,0,1,0,0,4.46747E+20,5.82764E+21,8.2138E+15,5.25962E+16
131558,3,1,53,12,2018,4,18,2,3,5,3,0,1,1,0,0,0,0,0,5.8121E+20,5.74958E+21,1.01801E+16,5.1891E+16
131559,3,4,53,4,2018,4,7,3,3,5,3,0,1,1,0,0,0,0,0,4.38151E+20,5.85477E+21,8.0818E+15,5.28392E+16
131560,3,4,5,0,2018,4,15,3,3,2,2,0,0,1,0,0,0,0,0,4.4091E+20,5.93234E+21,8.10841E+15,5.35367E+16
131561,3,3,52,11,2018,4,14,6,3,6,4,0,0,1,1,0,0,0,0,4.79614E+20,5.96898E+21,8.68997E+15,5.38689E+16
131562,3,1,58,37,2018,4,13,4,3,2,2,0,0,1,0,0,0,0,0,6.06226E+20,5.77999E+21,1.05529E+16,5.21602E+16
131563,3,3,61,9,2018,4,17,3,3,6,2,0,0,1,1,0,0,0,0,5.01005E+20,5.87867E+21,9.01499E+15,5.30576E+16
131564,3,4,3,0,2018,4,15,5,3,5,3,0,1,1,0,0,0,0,0,4.47507E+20,5.88534E+21,8.21572E+15,5.31149E+16
131565,3,4,60,9,2018,4,7,2,3,5,2,0,1,1,0,0,0,0,0,4.51498E+20,5.84177E+21,8.28185E+15,5.27237E+16
131566,3,2,41,1,2018,4,15,1,3,6,4,0,0,1,1,0,0,0,0,5.54148E+20,5.79831E+21,9.79465E+15,5.23324E+16
131567,3,4,51,7,2018,4,17,3,3,2,6,0,0,1,0,0,0,1,0,4.28108E+20,5.90149E+21,7.9223E+15,5.32578E+16
131568,3,4,61,2,2018,4,15,3,2,6,6,0,0,1,1,0,0,0,0,4.65439E+20,5.90855E+21,8.4811E+15,5.3325E+16
131569,3,1,55,6,2018,4,15,6,3,3,2,0,1,0,0,1,0,0,0,5.76266E+20,5.74001E+21,1.01062E+16,5.18057E+16
131570,3,2,51,49,2018,4,20,3,3,4,6,0,0,1,0,0,0,0,0,4.99687E+20,5.8528E+21,8.99535E+15,5.28249E+16
131571,3,4,3,0,2018,4,10,7,3,5,3,0,1,1,0,0,0,0,0,4.49017E+20,5.89235E+21,8.23717E+15,5.3178E+16
131572,3,3,55,22,2018,4,14,5,3,1,5,0,0,1,0,0,0,0,0,5.95839E+20,5.90087E+21,1.04364E+16,5.32484E+16
131573,3,3,55,22,2018,4,17,2,3,3,2,0,1,1,0,0,0,0,0,5.95683E+20,5.8998E+21,1.04337E+16,5.32388E+16
131574,3,3,60,24,2018,4,19,6,3,0,3,0,0,1,0,0,0,1,0,6.15346E+20,5.87069E+21,1.07178E+16,5.29734E+16
131575,3,4,54,41,2018,4,12,3,3,5,3,0,1,1,0,0,0,0,0,3.91801E+20,5.88289E+21,7.38453E+15,5.30845E+16
131576,3,3,59,38,2018,4,18,5,3,5,3,0,1,1,0,0,0,0,0,5.31533E+20,5.93851E+21,9.47644E+15,5.35945E+16
131577,3,2,51,37,2018,4,14,2,3,2,2,0,0,1,0,0,0,0,0,4.85991E+20,5.87296E+21,8.79123E+15,5.3006E+16
131578,3,1,54,28,2018,4,18,1,3,5,3,0,0,1,0,0,0,1,0,6.3278E+20,5.79276E+21,1.09459E+16,5.22692E+16
131579,3,4,58,14,2018,4,7,3,3,5,3,0,1,1,0,0,0,0,0,4.61694E+20,5.86076E+21,8.43058E+15,5.28952E+16
131580,3,4,58,12,2018,4,10,3,3,5,3,0,0,1,0,0,0,1,0,4.71482E+20,5.86968E+21,8.5753E+15,5.29759E+16
131581,3,1,59,16,2018,4,21,6,2,7,1,2,1,0,0,0,0,0,0,5.64991E+20,5.70909E+21,9.93691E+15,5.15292E+16
131582,3,2,41,1,2018,4,12,3,3,5,2,0,1,1,0,0,0,0,0,5.55071E+20,5.80356E+21,9.80906E+15,5.23795E+16
131583,3,2,41,1,2018,4,7,5,3,5,3,0,1,1,0,0,0,0,0,5.51743E+20,5.80154E+21,9.75986E+15,5.23617E+16
131584,3,2,41,1,2018,4,8,2,3,2,2,0,0,1,0,0,0,0,0,5.55032E+20,5.80431E+21,9.80861E+15,5.23863E+16
131585,3,4,1,0,2018,4,14,3,3,5,3,0,1,1,0,0,0,0,0,4.76185E+20,5.87767E+21,8.64474E+15,5.3048E+16
131586,3,3,54,18,2018,4,18,3,3,2,7,0,0,1,0,0,0,0,0,6.44474E+20,5.87079E+21,1.11513E+16,5.29672E+16
131587,3,2,41,1,2018,5,16,3,3,3,2,0,0,1,0,1,0,0,0,5.55617E+20,5.79784E+21,9.81614E+15,5.2328E+16
131588,3,4,59,13,2018,5,11,5,2,0,1,0,1,0,0,0,0,0,0,4.49036E+20,5.79969E+21,8.25186E+15,5.23451E+16
131589,3,3,55,22,2018,4,9,5,3,5,3,0,1,1,0,0,0,0,0,5.93752E+20,5.90017E+21,1.04049E+16,5.32425E+16
131590,3,2,41,1,2018,4,20,1,3,0,7,0,1,0,0,0,0,0,0,5.49142E+20,5.80319E+21,9.72191E+15,5.23767E+16
131591,3,1,57,7,2018,5,18,5,3,0,3,0,1,1,0,0,0,0,0,5.96242E+20,5.79175E+21,1.04104E+16,5.22677E+16
131592,3,1,59,17,2018,4,16,7,2,4,6,0,0,1,0,1,0,0,0,5.50807E+20,5.69838E+21,9.73092E+15,5.14343E+16
131593,3,4,53,11,2018,5,10,6,3,5,3,0,0,1,0,0,0,0,0,4.16479E+20,5.84345E+21,7.76302E+15,5.27345E+16
131594,3,4,51,7,2018,5,17,4,3,5,3,0,0,1,0,0,0,0,0,4.26593E+20,5.90223E+21,7.89943E+15,5.32643E+16
131595,3,2,41,1,2018,5,7,6,3,5,3,0,1,1,0,0,0,0,0,5.49733E+20,5.8066E+21,9.73109E+15,5.24074E+16
131596,3,1,59,16,2018,4,18,6,3,3,6,0,1,1,0,0,0,0,0,5.6359E+20,5.71309E+21,9.91743E+15,5.15653E+16
131597,3,2,51,12,2018,4,14,2,3,2,6,0,0,1,0,0,0,0,0,4.57868E+20,5.82975E+21,8.3777E+15,5.26162E+16
131598,3,4,5,0,2018,5,7,5,2,0,3,0,1,1,0,0,0,0,0,4.40482E+20,5.93397E+21,8.10163E+15,5.35512E+16
131599,3,1,53,17,2018,4,13,1,3,2,6,0,0,1,0,0,0,0,0,5.98678E+20,5.75219E+21,1.04346E+16,5.19117E+16
131600,3,4,52,23,2018,4,7,6,3,0,3,0,1,0,0,0,0,0,0,3.93539E+20,5.92675E+21,7.39578E+15,5.3479E+16
131601,3,2,41,1,2018,4,18,1,3,7,1,0,1,0,0,0,0,0,1,5.51535E+20,5.79928E+21,9.75646E+15,5.23414E+16
131602,3,4,4,0,2018,5,21,4,2,1,7,2,0,1,1,0,0,0,0,4.35777E+20,5.79157E+21,8.0588E+15,5.22708E+16
131603,3,4,57,13,2018,4,18,6,3,5,2,0,1,0,0,0,0,1,0,3.9821E+20,5.89954E+21,7.47488E+15,5.32354E+16
131604,3,2,41,1,2018,4,10,5,3,5,3,0,0,1,0,0,0,0,1,5.49725E+20,5.79961E+21,9.72994E+15,5.23445E+16
131605,3,1,59,16,2018,4,19,5,3,5,3,0,1,1,0,0,0,0,1,5.63514E+20,5.71039E+21,9.91585E+15,5.1541E+16
131606,3,3,53,5,2018,5,14,4,3,3,6,0,1,1,0,0,0,0,0,5.57407E+20,5.90879E+21,9.86191E+15,5.33252E+16
131607,3,2,41,19,2018,5,16,6,3,0,7,0,1,0,1,0,0,0,0,5.51784E+20,5.82435E+21,9.764E+15,5.25667E+16
131608,3,1,2,0,2018,4,8,6,3,5,2,0,0,1,0,0,0,0,0,5.94015E+20,5.76648E+21,1.03708E+16,5.2041E+16
131609,3,2,41,21,2018,4,20,2,3,5,3,0,1,1,0,0,0,0,0,5.2928E+20,5.80779E+21,9.43054E+15,5.24195E+16
131610,3,3,53,40,2018,5,20,5,3,4,2,0,1,1,0,0,0,0,0,5.80262E+20,5.91283E+21,1.0206E+16,5.33585E+16
131611,3,4,57,21,2018,4,14,7,2,5,2,0,1,1,0,0,0,0,0,3.89023E+20,5.89198E+21,7.33993E+15,5.31656E+16
131612,3,3,53,40,2018,4,7,6,3,2,1,0,1,0,0,0,0,0,0,5.80768E+20,5.91329E+21,1.02137E+16,5.33625E+16
131613,3,2,56,22,2018,5,7,4,3,0,6,0,1,0,0,0,0,0,0,5.14355E+20,5.83052E+21,9.21207E+15,5.26245E+16
131614,3,2,52,6,2018,5,17,6,3,5,3,0,1,0,0,0,0,0,0,5.25036E+20,5.77291E+21,9.36556E+15,5.21062E+16
131615,3,4,53,12,2018,4,10,5,3,5,7,0,1,1,0,0,0,0,0,4.27582E+20,5.85758E+21,7.9243E+15,5.2863E+16
131616,3,1,2,0,2018,4,11,2,3,5,3,0,0,1,0,0,0,0,0,5.94442E+20,5.76749E+21,1.03773E+16,5.20499E+16
131617,3,2,41,8,2018,5,8,4,3,6,7,0,0,1,1,0,0,0,0,5.56291E+20,5.80884E+21,9.82787E+15,5.24269E+16
131618,3,2,41,1,2018,5,8,6,3,5,2,0,1,1,0,0,0,0,0,5.49375E+20,5.80399E+21,9.72545E+15,5.2384E+16
131619,3,4,4,0,2018,4,10,5,3,5,2,0,0,1,0,0,0,1,0,4.3547E+20,5.79188E+21,8.05423E+15,5.22735E+16
131620,3,2,41,1,2018,4,13,2,3,0,5,0,0,1,0,0,0,1,0,5.49231E+20,5.80027E+21,9.72279E+15,5.23505E+16
131621,3,3,51,6,2018,5,17,5,3,2,6,0,0,1,0,0,0,0,0,5.73494E+20,5.8309E+21,1.00857E+16,5.26231E+16
131622,3,4,53,9,2018,4,17,7,3,8,7,0,0,1,0,0,0,0,0,4.2486E+20,5.84814E+21,7.88605E+15,5.27778E+16
131623,3,3,57,39,2018,4,0,6,3,4,6,2,1,1,0,0,0,0,0,5.27953E+20,5.88511E+21,9.41764E+15,5.31147E+16
131624,3,4,4,0,2018,5,23,3,3,5,2,2,1,1,0,0,0,0,0,4.35391E+20,5.79214E+21,8.05303E+15,5.22758E+16
131625,3,1,1,0,2018,5,12,6,3,5,3,0,0,1,0,0,0,0,0,6.03184E+20,5.78963E+21,1.05114E+16,5.22474E+16
131626,3,3,53,20,2018,4,13,5,3,6,4,0,0,1,1,0,0,0,1,5.62629E+20,5.90815E+21,9.94017E+15,5.33188E+16
131627,3,4,53,4,2018,4,11,1,3,5,3,0,1,1,0,0,0,0,0,4.34135E+20,5.85481E+21,8.02218E+15,5.2839E+16
131628,3,2,54,21,2018,5,12,5,3,2,6,0,0,1,0,0,0,0,0,5.65896E+20,5.77838E+21,9.96316E+15,5.2152E+16
131629,3,2,57,35,2018,4,14,7,2,0,4,0,0,1,1,0,0,0,0,5.12414E+20,5.79711E+21,9.18214E+15,5.23242E+16
131630,3,2,41,3,2018,5,16,5,3,6,4,0,0,1,1,0,0,0,0,5.69013E+20,5.80996E+21,1.00152E+16,5.24355E+16
131631,3,2,41,1,2018,4,18,7,3,1,5,0,1,1,0,0,0,0,0,5.48982E+20,5.802E+21,9.71938E+15,5.23661E+16
131632,3,4,2,0,2018,5,14,6,3,5,3,0,0,1,0,0,0,0,0,3.78749E+20,5.91335E+21,7.17818E+15,5.33554E+16
131633,3,4,3,0,2018,5,9,6,3,5,2,0,1,1,0,0,0,0,0,4.47587E+20,5.88778E+21,8.21652E+15,5.31368E+16
131634,3,2,41,1,2018,4,7,6,3,5,3,0,1,0,0,0,0,1,0,5.47725E+20,5.80303E+21,9.70107E+15,5.23755E+16
131635,3,1,59,16,2018,4,14,5,3,5,3,0,1,1,0,0,0,0,1,5.63467E+20,5.7109E+21,9.91527E+15,5.15456E+16
131636,3,1,59,9,2018,5,18,3,3,9,1,0,0,1,0,0,0,0,0,5.52794E+20,5.70578E+21,9.76059E+15,5.15006E+16
131637,3,4,4,0,2018,5,7,5,2,5,2,0,1,1,0,0,0,0,0,4.36144E+20,5.79182E+21,8.06412E+15,5.2273E+16
131638,3,2,41,1,2018,4,14,5,3,2,6,0,0,1,0,0,0,0,1,5.5596E+20,5.80589E+21,9.82251E+15,5.24003E+16
131639,3,2,41,20,2018,4,14,1,3,0,1,0,1,0,0,0,0,0,0,5.42462E+20,5.78881E+21,9.62197E+15,5.22481E+16
131640,3,1,51,9,2018,5,17,5,3,5,3,0,0,1,0,0,0,0,0,6.05138E+20,5.81572E+21,1.05482E+16,5.24815E+16
131641,3,4,59,15,2018,4,7,6,3,5,3,0,1,1,0,0,0,0,0,4.45311E+20,5.7739E+21,8.20135E+15,5.21129E+16
131642,3,2,52,5,2018,4,16,5,3,2,7,0,0,1,0,0,0,0,1,5.26663E+20,5.76608E+21,9.38877E+15,5.20447E+16
131643,3,1,59,16,2018,4,12,5,3,5,3,0,1,1,0,0,0,0,0,5.6447E+20,5.71249E+21,9.93002E+15,5.15598E+16
131644,3,4,3,0,2018,5,9,4,2,5,3,0,1,0,0,0,0,1,0,4.48316E+20,5.89105E+21,8.22688E+15,5.31663E+16
131645,3,2,41,1,2018,5,14,6,3,6,2,0,0,1,1,0,0,0,0,5.51167E+20,5.80497E+21,9.75192E+15,5.23925E+16
131646,3,1,54,28,2018,4,9,6,3,2,2,0,0,1,0,0,0,0,0,6.37112E+20,5.78854E+21,1.10077E+16,5.22302E+16
131647,3,3,53,26,2018,4,16,2,2,6,4,0,0,1,1,0,0,0,0,5.52701E+20,5.92432E+21,9.79385E+15,5.34652E+16
131648,3,4,61,2,2018,5,17,5,3,2,6,0,0,1,0,0,0,0,0,4.65201E+20,5.90964E+21,8.47742E+15,5.33347E+16
131649,3,4,53,2,2018,5,7,6,3,5,3,0,1,1,0,0,0,0,0,4.2942E+20,5.87315E+21,7.94821E+15,5.30032E+16
131650,3,2,41,1,2018,4,15,5,3,4,1,0,0,1,0,0,0,0,1,5.44429E+20,5.80715E+21,9.65321E+15,5.24128E+16
131651,3,4,53,4,2018,5,17,4,3,2,6,0,0,1,0,0,0,1,0,4.34457E+20,5.85443E+21,8.02704E+15,5.28357E+16
131652,3,3,55,22,2018,5,14,6,2,4,6,0,1,0,0,0,0,0,0,5.92824E+20,5.90087E+21,1.03912E+16,5.3249E+16
131653,3,2,52,6,2018,4,13,6,3,5,3,0,1,1,0,0,0,0,0,5.2476E+20,5.77216E+21,9.36147E+15,5.20994E+16
131654,3,4,60,9,2018,4,19,2,3,5,2,0,1,1,0,0,0,0,0,4.51886E+20,5.84308E+21,8.28741E+15,5.27354E+16
131655,3,4,52,1,2018,5,19,5,3,5,3,0,1,0,0,0,0,0,0,4.01064E+20,5.92427E+21,7.50991E+15,5.34582E+16
131656,3,2,54,21,2018,4,15,1,3,6,4,0,0,1,1,0,0,0,0,5.63436E+20,5.77845E+21,9.92722E+15,5.21529E+16
131657,3,4,57,13,2018,5,7,4,3,5,3,0,0,1,0,1,0,0,0,3.995E+20,5.8995E+21,7.49422E+15,5.32353E+16
131658,3,4,56,23,2018,4,13,6,2,8,1,0,0,0,0,1,0,0,0,3.5645E+20,5.81833E+21,6.88539E+15,5.24962E+16
131659,3,2,52,6,2018,4,15,5,3,2,2,0,0,1,0,0,0,1,0,5.26683E+20,5.77228E+21,9.38955E+15,5.21005E+16
131660,3,2,41,1,2018,5,9,4,3,6,6,0,0,1,1,0,0,0,0,5.45379E+20,5.80406E+21,9.66675E+15,5.23849E+16
131661,3,2,41,1,2018,5,14,6,3,5,3,0,1,0,0,0,0,1,0,5.48671E+20,5.80253E+21,9.71489E+15,5.23709E+16
131662,3,1,1,0,2018,4,20,6,2,5,3,0,1,0,0,0,0,0,0,6.05096E+20,5.79404E+21,1.05408E+16,5.22867E+16
131663,3,2,41,3,2018,4,10,2,3,5,3,0,1,1,0,0,0,0,0,5.686E+20,5.81185E+21,1.00095E+16,5.24525E+16
131664,3,3,59,10,2018,5,11,5,1,5,3,0,0,1,0,0,1,1,0,5.5064E+20,5.92281E+21,9.76257E+15,5.34519E+16
131665,3,4,56,15,2018,4,18,7,3,0,3,0,1,1,0,0,0,0,0,3.6867E+20,5.81327E+21,7.06729E+15,5.24538E+16
131666,3,4,4,0,2018,4,12,7,2,0,1,0,1,0,0,0,0,0,0,4.3212E+20,5.79639E+21,8.00424E+15,5.23136E+16
131667,3,4,3,0,2018,4,20,6,3,2,2,0,1,0,0,0,0,0,0,4.47076E+20,5.88438E+21,8.20944E+15,5.31063E+16
131668,3,2,41,1,2018,5,9,4,3,5,3,0,1,1,0,0,0,0,0,5.53952E+20,5.80618E+21,9.79305E+15,5.24032E+16
131669,3,2,54,3,2018,5,19,6,2,5,3,0,1,1,0,0,0,0,0,5.64605E+20,5.79167E+21,9.94682E+15,5.22716E+16
131670,3,4,54,41,2018,4,8,5,3,8,1,0,0,1,0,0,0,0,1,3.93467E+20,5.88168E+21,7.40979E+15,5.30739E+16
131671,3,2,57,9,2018,4,18,2,3,6,4,0,0,1,1,0,0,0,1,5.03415E+20,5.78996E+21,9.05003E+15,5.22601E+16
131672,3,2,41,1,2018,5,2,5,3,0,1,2,1,0,0,0,0,0,0,5.5004E+20,5.8036E+21,9.73516E+15,5.23804E+16
131673,3,4,58,5,2018,4,16,7,2,0,7,0,0,1,0,1,0,0,0,4.7178E+20,5.87961E+21,8.57886E+15,5.30652E+16
131674,3,1,1,0,2018,4,9,5,3,6,3,0,1,0,1,0,0,0,1,6.05629E+20,5.79295E+21,1.05483E+16,5.22767E+16
131675,3,2,41,5,2018,4,11,5,3,5,3,0,0,1,0,0,1,0,0,5.41346E+20,5.81119E+21,9.60838E+15,5.24494E+16
131676,3,3,56,7,2018,5,13,6,3,5,3,0,1,1,0,0,0,0,0,4.86031E+20,5.89824E+21,8.79072E+15,5.32333E+16
131677,3,3,51,23,2018,4,20,6,3,5,3,1,0,1,0,0,0,0,0,5.57262E+20,5.83282E+21,9.84628E+15,5.26424E+16
131678,3,4,52,1,2018,5,2,3,2,5,3,2,1,1,0,0,0,0,1,3.99327E+20,5.92535E+21,7.4834E+15,5.34675E+16
131679,3,4,59,34,2018,5,15,5,3,0,7,0,0,0,0,1,0,1,0,4.27368E+20,5.77157E+21,7.93986E+15,5.20899E+16
131680,3,3,55,22,2018,4,8,5,3,1,5,0,1,0,0,0,0,1,1,5.93719E+20,5.89991E+21,1.04043E+16,5.32402E+16
131681,3,3,59,10,2018,4,17,6,3,5,3,0,1,1,0,0,0,0,0,5.46939E+20,5.92558E+21,9.70725E+15,5.34772E+16
131682,3,1,59,16,2018,5,12,4,3,5,2,0,1,1,0,0,0,0,0,5.65113E+20,5.70912E+21,9.93867E+15,5.15294E+16
131683,3,1,57,6,2018,5,6,6,3,3,6,0,1,1,0,0,0,0,0,5.87031E+20,5.79604E+21,1.02765E+16,5.23078E+16
131684,3,4,51,7,2018,4,15,5,3,5,7,0,0,1,0,0,0,0,0,4.27863E+20,5.90133E+21,7.91866E+15,5.32563E+16
131685,3,4,54,33,2018,4,12,1,2,5,3,0,0,1,0,0,0,1,1,4.08386E+20,5.86498E+21,7.63716E+15,5.29267E+16
131686,3,2,41,1,2018,5,19,5,3,5,3,0,1,1,0,0,0,0,0,5.48081E+20,5.80664E+21,9.70681E+15,5.24079E+16
131687,3,2,41,17,2018,4,9,7,2,9,1,0,0,1,0,0,0,0,0,5.38219E+20,5.78619E+21,9.55952E+15,5.22248E+16
131688,3,4,4,0,2018,4,15,4,3,1,5,0,1,1,0,0,0,0,0,4.31488E+20,5.79009E+21,7.99624E+15,5.2257E+16
131689,3,4,57,13,2018,5,12,6,3,4,2,0,0,1,0,0,0,0,0,3.98267E+20,5.90028E+21,7.4755E+15,5.32421E+16
131690,3,3,59,38,2018,5,15,6,3,5,3,0,1,1,0,0,0,0,0,5.33156E+20,5.93713E+21,9.50082E+15,5.3582E+16
131691,3,2,41,3,2018,4,17,6,3,5,3,0,1,0,0,0,0,0,0,5.67789E+20,5.81121E+21,9.99743E+15,5.24469E+16
131692,3,1,59,16,2018,4,12,5,3,5,3,0,1,1,0,0,0,0,0,5.65632E+20,5.7118E+21,9.94665E+15,5.15534E+16
131693,3,1,1,0,2018,5,14,3,3,2,6,0,0,1,0,1,0,0,0,6.02959E+20,5.78947E+21,1.05081E+16,5.2246E+16
131694,3,4,56,11,2018,5,10,5,3,0,1,0,0,0,0,0,0,1,0,3.45819E+20,5.82198E+21,6.72723E+15,5.25261E+16
131695,3,2,41,18,2018,4,20,1,2,1,7,0,1,0,0,0,0,0,0,5.75541E+20,5.81638E+21,1.01126E+16,5.24923E+16
131696,3,4,59,24,2018,5,7,4,3,5,3,0,0,1,0,0,1,0,0,4.52773E+20,5.78547E+21,8.30871E+15,5.22177E+16
131697,3,4,4,0,2018,4,9,4,3,5,3,0,1,1,0,0,0,0,0,4.38348E+20,5.79025E+21,8.09672E+15,5.22591E+16
131698,3,3,60,25,2018,4,15,1,3,5,3,0,1,1,0,0,0,0,0,6.03752E+20,5.86916E+21,1.05447E+16,5.2962E+16
131699,3,1,58,37,2018,5,16,5,3,6,6,0,0,0,1,1,0,0,0,6.05415E+20,5.78025E+21,1.05412E+16,5.21627E+16
131700,3,2,52,6,2018,4,10,7,3,5,3,0,0,0,0,1,0,1,0,5.2593E+20,5.77265E+21,9.37859E+15,5.21038E+16
131701,3,4,2,0,2018,4,5,4,2,4,2,2,0,1,0,0,0,0,1,3.84111E+20,5.91609E+21,7.2577E+15,5.33812E+16
131702,3,4,60,9,2018,5,7,6,3,5,2,0,1,1,0,0,0,0,0,4.51062E+20,5.84305E+21,8.2752E+15,5.27351E+16
131703,3,3,61,1,2018,5,19,4,3,5,3,0,1,1,0,0,0,0,0,5.0431E+20,5.87385E+21,9.06425E+15,5.30141E+16
131704,3,2,41,1,2018,5,11,6,3,4,2,0,1,1,0,0,0,0,0,5.53148E+20,5.79947E+21,9.78017E+15,5.2343E+16
131705,3,1,59,16,2018,4,19,6,3,5,3,0,1,0,0,0,0,0,0,5.64938E+20,5.70982E+21,9.93628E+15,5.15357E+16
131706,3,3,61,1,2018,4,12,2,3,5,3,0,0,1,0,0,0,0,0,5.06174E+20,5.87361E+21,9.09203E+15,5.3012E+16
131707,3,4,5,0,2018,5,12,5,3,3,5,0,0,1,0,0,0,0,0,4.42017E+20,5.93112E+21,8.12534E+15,5.35258E+16
131708,3,1,54,19,2018,4,14,1,3,3,7,0,0,1,0,0,0,0,0,6.34588E+20,5.77848E+21,1.09667E+16,5.21405E+16
131709,3,4,52,7,2018,5,17,4,3,4,6,0,0,1,1,0,0,0,0,3.9312E+20,5.93788E+21,7.38567E+15,5.35788E+16
131710,3,4,54,57,2018,4,21,4,3,5,3,2,0,1,0,1,0,0,1,4.10898E+20,5.85657E+21,7.67681E+15,5.28515E+16
131711,3,4,62,19,2018,4,7,6,3,3,6,0,1,0,0,0,0,0,0,4.17096E+20,5.93689E+21,7.74796E+15,5.35743E+16
131712,3,4,54,41,2018,4,17,4,3,5,3,0,1,1,0,0,0,0,1,3.91651E+20,5.88279E+21,7.38232E+15,5.30836E+16
131713,3,2,41,10,2018,5,20,4,3,5,3,0,1,1,0,0,0,0,0,5.49982E+20,5.81023E+21,9.73529E+15,5.244E+16
131714,3,2,41,1,2018,5,9,6,3,5,2,0,1,1,0,0,0,0,0,5.51116E+20,5.80307E+21,9.75088E+15,5.23756E+16
131715,3,4,4,0,2018,4,15,5,3,4,6,0,1,1,0,0,0,0,0,4.33336E+20,5.79246E+21,8.02285E+15,5.22784E+16
131716,3,4,2,0,2018,4,13,6,3,5,3,0,1,0,0,0,0,0,0,3.79568E+20,5.91357E+21,7.19039E+15,5.33575E+16
131717,3,3,53,31,2018,5,10,4,3,4,6,0,1,0,0,0,0,0,0,5.66573E+20,5.91539E+21,1.00009E+16,5.33834E+16
131718,3,2,41,7,2018,5,13,6,3,1,5,0,1,1,0,0,0,0,0,5.50857E+20,5.79508E+21,9.74587E+15,5.23037E+16
131719,3,1,3,0,2018,4,21,6,3,5,3,2,0,1,0,0,0,0,0,6.21308E+20,5.80982E+21,1.07841E+16,5.24251E+16
131720,3,2,41,9,2018,4,13,2,3,5,3,0,0,1,0,0,0,0,0,5.56284E+20,5.79422E+21,9.82532E+15,5.22954E+16
131721,3,3,52,62,2018,5,14,5,3,1,1,0,0,1,0,1,0,0,0,4.69925E+20,5.941E+21,8.54535E+15,5.36169E+16
131722,3,4,4,0,2018,4,3,7,3,6,4,2,0,1,1,0,0,0,0,4.34773E+20,5.79208E+21,8.04399E+15,5.22753E+16
131723,3,4,56,14,2018,4,19,4,2,0,3,0,1,0,0,0,0,0,0,3.63837E+20,5.82002E+21,6.99344E+15,5.25133E+16
131724,3,4,58,5,2018,4,7,6,3,5,3,0,1,0,0,0,0,0,0,4.68719E+20,5.88246E+21,8.53291E+15,5.30907E+16
131725,3,1,55,13,2018,5,22,4,2,0,1,2,0,0,0,1,0,0,0,5.58071E+20,5.74196E+21,9.84263E+15,5.18254E+16