OBJECTID_1,ULAND,UREGBEZ,UKREIS,UGEMEINDE,UJAHR,UMONAT,USTUNDE,UWOCHENTAG,UKATEGORIE,UART,UTYP1,ULICHTVERH,IstRad,IstPKW,IstFuss,IstKrad,IstGkfz,IstSonstig,STRZUSTAND,LINREFX,LINREFY,XGCSWGS84,YGCSWGS84
131726,3,2,55,23,2018,5,12,6,3,8,7,0,0,1,0,0,0,0,0,5.30871E+20,5.74211E+21,9.44798E+15,5.1829E+16
131727,3,4,52,12,2018,4,5,5,3,5,3,0,0,1,0,0,0,1,0,3.90311E+20,5.91639E+21,7.35076E+15,5.33852E+16
131728,3,1,54,13,2018,4,8,2,3,6,2,0,0,1,1,0,0,0,0,6.24239E+20,5.79033E+21,1.08199E+16,5.22493E+16
131729,3,2,41,5,2018,5,14,5,3,0,1,0,0,0,0,1,0,0,0,5.40638E+20,5.80799E+21,9.59757E+15,5.24206E+16
131730,3,2,41,3,2018,4,17,7,3,2,6,0,1,1,0,0,0,0,0,5.68466E+20,5.81118E+21,1.00074E+16,5.24465E+16
131731,3,2,41,18,2018,4,12,2,2,9,1,0,0,0,0,1,0,0,0,5.81815E+20,5.81368E+21,1.02044E+16,5.24671E+16
131732,3,3,57,39,2018,5,11,5,3,0,1,0,1,0,0,0,0,0,0,5.26955E+20,5.88447E+21,9.40267E+15,5.3109E+16
131733,3,4,60,6,2018,4,15,7,3,5,3,0,0,1,0,1,0,0,0,4.49149E+20,5.83594E+21,8.24797E+15,5.2671E+16
131734,3,4,54,54,2018,4,17,4,3,1,5,0,0,1,0,1,0,0,0,3.71923E+20,5.83412E+21,7.10707E+15,5.26419E+16
131735,3,3,59,38,2018,4,20,6,3,7,7,0,1,0,0,0,0,1,0,5.3213E+20,5.93706E+21,9.48531E+15,5.35814E+16
131736,3,4,59,13,2018,5,17,3,3,6,4,0,0,1,1,0,0,0,0,4.54017E+20,5.80181E+21,8.32469E+15,5.23646E+16
131737,3,1,51,9,2018,5,16,6,2,5,3,0,1,1,0,0,0,0,0,6.06695E+20,5.81402E+21,1.05706E+16,5.24659E+16
131738,3,3,53,31,2018,4,5,5,3,5,3,2,1,1,0,0,0,0,1,5.64305E+20,5.91468E+21,9.96667E+15,5.33773E+16
131739,3,4,56,1,2018,4,2,1,3,8,6,2,1,1,0,0,0,0,0,3.7619E+20,5.79649E+21,7.18408E+15,5.23048E+16
131740,3,1,55,11,2018,5,11,5,3,1,7,0,0,1,1,0,0,0,0,5.68312E+20,5.72852E+21,9.98856E+15,5.17035E+16
131741,3,1,55,5,2018,4,8,7,3,9,7,0,0,0,0,1,0,0,0,5.57405E+20,5.7226E+21,9.82978E+15,5.16515E+16
131742,3,4,54,32,2018,4,18,4,2,5,3,0,1,1,0,0,0,0,1,3.83347E+20,5.81786E+21,7.28155E+15,5.24984E+16
131743,3,4,54,18,2018,5,12,6,3,3,2,0,1,1,0,0,0,0,0,3.80368E+20,5.85091E+21,7.22571E+15,5.27948E+16
131744,3,3,57,39,2018,5,12,6,2,5,3,0,1,1,0,0,0,0,0,5.28101E+20,5.88479E+21,9.41981E+15,5.31118E+16
131745,3,1,59,19,2018,4,11,6,3,9,1,0,0,1,0,0,0,0,0,5.91359E+20,5.7221E+21,1.03203E+16,5.16425E+16
131746,3,4,62,19,2018,4,14,4,3,5,3,0,1,0,0,0,0,0,0,4.19199E+20,5.93764E+21,7.77951E+15,5.35814E+16
131747,3,4,4,0,2018,5,16,6,3,5,3,0,1,1,0,0,0,0,0,4.3478E+20,5.79353E+21,8.04381E+15,5.22883E+16
131748,3,4,3,0,2018,5,16,6,3,5,3,0,1,1,0,0,0,0,0,4.45237E+20,5.88916E+21,8.18116E+15,5.3149E+16
131749,3,2,41,1,2018,4,18,6,3,6,4,0,0,1,1,0,0,0,0,5.47896E+20,5.79786E+21,9.70284E+15,5.23289E+16
131750,3,1,59,19,2018,5,4,3,2,5,3,2,0,1,0,0,0,0,0,5.9251E+20,5.72358E+21,1.03373E+16,5.16556E+16
131751,3,4,4,0,2018,5,10,5,3,0,7,0,0,0,1,0,0,1,0,4.34E+20,5.79322E+21,8.03243E+15,5.22854E+16
131752,3,2,41,1,2018,4,17,5,3,5,3,0,1,1,0,0,0,0,0,5.48856E+20,5.79963E+21,9.71719E+15,5.23448E+16
131753,3,2,41,1,2018,4,11,1,3,0,7,0,1,0,0,0,0,0,0,5.51891E+20,5.80682E+21,9.76286E+15,5.24092E+16
131754,3,1,57,7,2018,5,14,5,3,5,3,0,1,1,0,0,0,0,0,5.96077E+20,5.79056E+21,1.04076E+16,5.2257E+16
131755,3,4,53,13,2018,4,12,4,3,2,2,0,0,1,0,0,0,0,1,4.10981E+20,5.88514E+21,7.67018E+15,5.31083E+16
131756,3,1,53,12,2018,4,5,7,3,6,7,0,0,1,1,0,0,0,0,5.80388E+20,5.74996E+21,1.01683E+16,5.18946E+16
131757,3,4,53,4,2018,4,13,4,3,6,2,0,0,1,1,0,0,0,0,4.35643E+20,5.85573E+21,8.04437E+15,5.28475E+16
131758,3,4,53,4,2018,5,15,6,3,5,3,0,1,1,0,0,0,0,0,4.3442E+20,5.85441E+21,8.02649E+15,5.28355E+16
131759,3,2,41,1,2018,4,11,5,3,2,2,0,0,1,0,0,0,0,1,5.50394E+20,5.80393E+21,9.74041E+15,5.23833E+16
131760,3,4,3,0,2018,5,15,4,2,0,7,0,1,0,0,0,0,0,0,4.47205E+20,5.88929E+21,8.21056E+15,5.31503E+16
131761,3,2,41,1,2018,5,16,6,3,3,2,0,0,1,0,0,0,0,0,5.50081E+20,5.804E+21,9.73582E+15,5.2384E+16
131762,3,1,59,16,2018,4,14,6,3,5,7,0,1,1,0,0,0,0,0,5.65015E+20,5.70943E+21,9.93732E+15,5.15323E+16
131763,3,4,61,7,2018,4,12,2,3,5,3,0,0,1,0,0,0,0,1,4.65267E+20,5.92586E+21,8.47662E+15,5.34805E+16
131764,3,2,51,42,2018,5,9,5,3,1,7,0,0,1,0,0,0,1,0,4.76013E+20,5.84955E+21,8.64426E+15,5.27952E+16
131765,3,4,4,0,2018,4,17,7,3,5,3,0,1,1,0,0,0,0,0,4.36926E+20,5.79213E+21,8.07552E+15,5.22759E+16
131766,3,4,53,4,2018,4,7,4,3,5,3,0,1,0,0,0,0,0,0,4.36785E+20,5.85598E+21,8.06129E+15,5.28498E+16
131767,3,4,57,13,2018,4,13,2,3,5,3,0,0,1,0,0,0,0,0,3.98218E+20,5.90105E+21,7.47453E+15,5.3249E+16
131768,3,4,52,19,2018,5,15,5,3,5,3,0,1,1,0,0,0,0,0,3.78692E+20,5.9421E+21,7.16621E+15,5.36137E+16
131769,3,1,55,13,2018,4,15,1,3,0,7,0,1,0,0,0,0,0,0,5.59957E+20,5.74121E+21,9.86985E+15,5.18185E+16
131770,3,4,57,2,2018,5,13,4,3,5,3,0,1,0,0,0,0,0,0,3.45802E+20,5.94017E+21,6.67038E+15,5.35877E+16
131771,3,3,56,5,2018,4,9,4,3,2,6,0,0,1,0,0,0,1,0,4.93506E+20,5.88993E+21,8.90288E+15,5.31587E+16
131772,3,4,54,41,2018,4,7,6,3,2,6,0,0,1,0,1,0,0,0,3.92928E+20,5.88202E+21,7.40165E+15,5.30769E+16
131773,3,4,3,0,2018,4,6,4,3,1,5,0,1,1,0,0,0,0,1,4.47886E+20,5.88727E+21,8.22106E+15,5.31323E+16
131774,3,3,53,5,2018,5,13,4,3,2,2,0,0,1,0,0,0,0,0,5.57859E+20,5.91015E+21,9.86895E+15,5.33374E+16
131775,3,2,41,1,2018,5,17,6,3,0,1,0,1,0,0,0,0,0,0,5.49987E+20,5.8032E+21,9.73432E+15,5.23767E+16
131776,3,1,51,16,2018,4,15,6,3,1,7,0,0,1,1,0,0,0,0,6.04659E+20,5.8045E+21,1.05376E+16,5.23807E+16
131777,3,2,41,1,2018,4,16,5,3,2,6,0,0,1,0,0,0,0,1,5.49814E+20,5.79869E+21,9.73111E+15,5.23362E+16
131778,3,2,41,11,2018,4,15,2,3,6,4,0,0,1,1,0,0,0,0,5.66812E+20,5.80365E+21,9.98154E+15,5.23791E+16
131779,3,3,53,40,2018,5,11,5,3,6,4,0,0,1,1,0,0,0,0,5.80727E+20,5.91293E+21,1.0213E+16,5.33593E+16
131780,3,4,56,14,2018,4,14,7,3,5,3,0,0,1,0,0,0,0,0,3.62117E+20,5.81872E+21,6.96866E+15,5.25011E+16
131781,3,3,52,11,2018,4,18,4,3,5,3,0,0,1,0,0,0,0,0,4.79107E+20,5.96916E+21,8.68225E+15,5.38705E+16
131782,3,3,53,40,2018,4,19,6,3,5,3,0,1,1,0,0,0,0,0,5.80355E+20,5.91163E+21,1.02071E+16,5.33477E+16
131783,3,3,52,11,2018,4,7,4,3,5,7,0,1,1,0,0,0,0,0,4.79836E+20,5.96774E+21,8.69343E+15,5.38577E+16
131784,3,1,59,10,2018,5,18,4,2,5,3,0,0,1,0,1,0,0,0,5.82246E+20,5.70556E+21,1.01848E+16,5.14952E+16
131785,3,4,55,7,2018,4,7,6,3,2,6,0,0,1,0,0,0,0,0,4.28087E+20,5.93542E+21,7.91425E+15,5.35627E+16
131786,3,3,53,5,2018,4,7,4,3,5,3,0,1,1,0,0,0,0,0,5.58717E+20,5.90946E+21,9.88169E+15,5.3331E+16
131787,3,2,41,1,2018,5,10,4,3,6,4,0,1,0,1,0,0,0,0,5.52497E+20,5.80553E+21,9.77156E+15,5.23975E+16
131788,3,2,56,22,2018,5,15,6,3,5,3,0,1,0,0,0,0,0,0,5.1416E+20,5.83222E+21,9.20926E+15,5.26398E+16
131789,3,4,4,0,2018,4,1,5,2,3,6,2,1,0,0,0,0,1,0,4.36552E+20,5.79233E+21,8.07001E+15,5.22777E+16
131790,3,2,57,35,2018,4,14,2,3,2,6,0,0,1,0,0,0,0,0,5.14205E+20,5.79742E+21,9.20844E+15,5.23269E+16
131791,3,2,41,1,2018,5,8,5,3,5,2,0,1,1,0,0,0,0,0,5.47212E+20,5.80586E+21,9.69393E+15,5.24009E+16
131792,3,4,51,4,2018,4,14,7,2,2,2,0,0,0,0,1,0,0,0,4.36177E+20,5.88823E+21,8.0459E+15,5.31397E+16
131793,3,3,59,38,2018,4,19,4,3,5,3,0,0,1,0,0,0,0,0,5.31882E+20,5.93928E+21,9.48178E+15,5.36013E+16
131794,3,3,55,22,2018,4,17,6,3,2,6,0,0,1,0,0,0,0,0,5.94926E+20,5.90242E+21,1.04232E+16,5.32625E+16
131795,3,4,62,19,2018,5,14,3,3,0,1,0,1,0,0,0,0,0,1,4.19294E+20,5.93709E+21,7.78109E+15,5.35764E+16
131796,3,4,59,15,2018,5,18,5,3,5,3,0,0,1,0,1,0,0,0,4.44622E+20,5.77395E+21,8.19128E+15,5.21133E+16
131797,3,3,53,5,2018,4,15,5,3,5,2,0,1,1,0,0,0,0,0,5.59091E+20,5.91018E+21,9.88745E+15,5.33375E+16
131798,3,3,53,35,2018,4,18,1,3,0,6,0,1,0,0,0,0,0,0,5.45592E+20,5.90538E+21,9.68404E+15,5.32957E+16
131799,3,2,55,13,2018,5,17,5,3,2,2,0,0,1,0,0,0,0,0,5.44247E+20,5.75324E+21,9.6435E+15,5.19281E+16
131800,3,1,57,6,2018,5,11,6,3,5,3,0,0,1,0,0,0,0,0,5.84157E+20,5.79784E+21,1.02348E+16,5.23244E+16
131801,3,3,56,7,2018,4,12,5,3,0,1,0,0,0,0,1,0,0,1,4.86341E+20,5.89719E+21,8.79541E+15,5.32239E+16
131802,3,4,59,24,2018,4,13,1,3,1,5,0,1,1,0,0,0,0,0,4.60131E+20,5.78482E+21,8.41648E+15,5.22124E+16
131803,3,2,41,1,2018,5,11,5,3,5,3,0,0,1,0,0,0,0,0,5.53155E+20,5.80778E+21,9.78159E+15,5.24177E+16
131804,3,2,41,1,2018,4,12,7,3,5,3,0,0,1,0,0,0,0,0,5.51118E+20,5.80307E+21,9.75092E+15,5.23755E+16
131805,3,3,58,21,2018,4,18,4,3,5,2,0,0,1,0,0,0,0,0,5.56718E+20,5.87107E+21,9.84489E+15,5.29862E+16
131806,3,4,57,18,2018,5,15,6,2,6,4,0,0,1,1,0,0,0,0,4.03728E+20,5.888E+21,7.56101E+15,5.31327E+16
131807,3,2,51,41,2018,5,16,6,3,3,2,0,1,1,0,0,0,0,0,4.87709E+20,5.86277E+21,8.81721E+15,5.29144E+16
131808,3,2,41,9,2018,4,13,6,3,2,6,0,0,1,0,0,0,0,0,5.56285E+20,5.79422E+21,9.82532E+15,5.22954E+16
131809,3,1,53,8,2018,4,13,5,2,0,1,0,1,0,0,0,0,0,1,5.98619E+20,5.76215E+21,1.04366E+16,5.20012E+16
131810,3,1,54,28,2018,5,8,3,3,5,3,0,1,0,0,1,0,0,0,6.36666E+20,5.78885E+21,1.10013E+16,5.2233E+16
131811,3,4,56,14,2018,5,17,5,3,5,3,0,1,1,0,0,0,0,0,3.62025E+20,5.8185E+21,6.96739E+15,5.24992E+16
131812,3,2,41,10,2018,4,14,1,3,5,3,0,1,1,0,0,0,0,0,5.48092E+20,5.8095E+21,9.70739E+15,5.24335E+16
131813,3,1,1,0,2018,5,16,5,3,5,3,0,0,1,0,1,0,0,0,6.03181E+20,5.78959E+21,1.05114E+16,5.2247E+16
131814,3,3,58,21,2018,4,7,4,3,3,2,0,0,1,0,1,0,0,0,5.56937E+20,5.87028E+21,9.84801E+15,5.29791E+16
131815,3,4,4,0,2018,4,13,6,3,3,6,0,1,0,0,0,0,1,0,4.34894E+20,5.79175E+21,8.04582E+15,5.22722E+16
131816,3,3,51,6,2018,4,14,4,3,5,3,0,1,1,0,0,0,0,0,5.74452E+20,5.82912E+21,1.00995E+16,5.2607E+16
131817,3,2,51,37,2018,5,16,4,3,5,3,0,1,1,0,0,0,0,0,4.80984E+20,5.87659E+21,8.71639E+15,5.30385E+16
131818,3,2,41,1,2018,5,13,6,3,3,6,0,0,1,0,0,0,0,0,5.51007E+20,5.80323E+21,9.74931E+15,5.2377E+16
131819,3,2,54,2,2018,4,19,7,3,0,5,0,0,1,0,1,0,0,0,5.55934E+20,5.75875E+21,9.81435E+15,5.19766E+16
131820,3,4,53,13,2018,5,19,6,2,8,1,0,0,0,0,1,0,0,0,4.10745E+20,5.88694E+21,7.66615E+15,5.31244E+16
131821,3,3,61,8,2018,5,16,4,3,2,6,0,0,1,0,0,0,0,0,5.08486E+20,5.88265E+21,9.12672E+15,5.30932E+16
131822,3,3,51,10,2018,5,11,6,3,2,6,0,0,1,0,1,0,0,0,5.7831E+20,5.86108E+21,1.0164E+16,5.28937E+16
131823,3,2,52,6,2018,4,18,6,3,2,6,0,0,1,0,0,0,0,0,5.22714E+20,5.76971E+21,9.33144E+15,5.20775E+16
131824,3,4,5,0,2018,4,16,2,3,5,3,0,0,1,0,0,0,0,0,4.40243E+20,5.93146E+21,8.09851E+15,5.35287E+16
131825,3,4,53,4,2018,5,11,5,3,4,2,0,1,1,0,0,0,0,0,4.35602E+20,5.85749E+21,8.04342E+15,5.28633E+16
131826,3,1,59,16,2018,4,16,1,3,4,2,0,0,1,0,0,0,0,0,5.65389E+20,5.71226E+21,9.94323E+15,5.15577E+16
131827,3,4,54,45,2018,5,17,4,3,5,3,0,0,1,0,0,0,0,0,3.86872E+20,5.79839E+21,7.34004E+15,5.23241E+16
131828,3,4,54,32,2018,4,7,6,2,3,2,0,1,1,0,0,0,0,0,3.85575E+20,5.82101E+21,7.31328E+15,5.25272E+16
131829,3,2,41,1,2018,5,7,4,3,5,3,0,1,1,0,0,0,0,0,5.516E+20,5.80091E+21,9.75766E+15,5.23561E+16
131830,3,2,41,1,2018,5,14,6,3,0,2,0,0,0,0,0,0,1,0,5.50532E+20,5.80545E+21,9.74267E+15,5.2397E+16
131831,3,4,4,0,2018,4,21,5,2,0,1,2,1,0,0,0,0,0,0,4.35578E+20,5.79348E+21,8.05551E+15,5.22879E+16
131832,3,2,41,1,2018,4,18,2,3,5,3,0,0,1,0,0,0,0,0,5.48255E+20,5.80483E+21,9.70911E+15,5.23916E+16
131833,3,3,59,38,2018,5,7,5,3,5,3,0,1,1,0,0,0,0,0,5.31374E+20,5.93866E+21,9.47404E+15,5.35958E+16
131834,3,1,54,28,2018,4,0,6,3,5,3,2,0,1,0,0,0,1,1,6.36955E+20,5.78922E+21,1.10056E+16,5.22363E+16
131835,3,3,51,24,2018,4,15,2,3,5,3,0,1,1,0,0,0,0,0,5.61649E+20,5.83722E+21,9.91193E+15,5.26814E+16
131836,3,4,58,5,2018,5,13,5,3,5,3,0,1,1,0,0,0,0,0,4.69429E+20,5.8757E+21,8.54416E+15,5.30299E+16
131837,3,4,4,0,2018,4,13,7,2,0,1,0,1,0,0,0,0,0,0,4.35367E+20,5.79572E+21,8.05199E+15,5.2308E+16
131838,3,4,3,0,2018,4,6,6,3,2,6,0,0,1,0,0,1,0,0,4.48217E+20,5.8908E+21,8.22545E+15,5.3164E+16
131839,3,2,41,1,2018,5,7,4,3,5,2,0,1,0,0,0,0,1,0,5.50333E+20,5.80365E+21,9.73948E+15,5.23808E+16
131840,3,2,54,21,2018,5,14,6,1,1,5,0,0,1,0,1,0,0,0,5.65197E+20,5.778E+21,9.95286E+15,5.21487E+16
131841,3,4,56,2,2018,4,16,5,3,2,2,0,0,1,0,0,0,1,0,3.55604E+20,5.83077E+21,6.86752E+15,5.26077E+16
131842,3,1,59,7,2018,4,13,2,3,0,1,0,0,1,0,1,0,0,1,5.64436E+20,5.71699E+21,9.93035E+15,5.16002E+16
131843,3,2,41,1,2018,5,16,5,3,6,4,0,1,0,1,0,0,0,0,5.5016E+20,5.80259E+21,9.73677E+15,5.23713E+16
131844,3,2,41,1,2018,4,11,7,3,5,3,0,0,1,0,0,0,0,0,5.51893E+20,5.80792E+21,9.76305E+15,5.2419E+16
131845,3,2,41,1,2018,4,18,5,3,0,1,0,1,0,0,0,0,0,1,5.48576E+20,5.80259E+21,9.71351E+15,5.23714E+16
131846,3,4,3,0,2018,5,12,6,3,5,3,0,1,0,0,0,0,0,0,4.46716E+20,5.88828E+21,8.20342E+15,5.31413E+16
131847,3,3,51,6,2018,4,15,6,3,3,6,0,1,0,0,0,0,1,0,5.72934E+20,5.83076E+21,1.00774E+16,5.26219E+16
131848,3,4,53,13,2018,4,18,7,3,6,2,0,0,1,1,0,0,0,0,4.10845E+20,5.88735E+21,7.66754E+15,5.31281E+16
131849,3,3,59,10,2018,4,13,6,3,5,3,0,1,1,0,0,0,0,0,5.46304E+20,5.9259E+21,9.69774E+15,5.348E+16
131850,3,1,53,12,2018,5,14,4,3,5,3,0,0,1,0,1,0,0,0,5.80192E+20,5.74992E+21,1.01654E+16,5.18943E+16
131851,3,1,2,0,2018,5,12,6,2,6,7,0,0,1,1,0,0,0,0,5.91471E+20,5.77874E+21,1.0337E+16,5.21515E+16
131852,3,2,51,47,2018,4,9,5,2,5,3,0,1,1,0,0,0,0,1,4.89979E+20,5.87014E+21,8.85075E+15,5.29808E+16
131853,3,4,56,15,2018,4,16,1,3,0,2,0,0,1,0,0,0,0,0,3.69793E+20,5.81067E+21,7.08481E+15,5.24307E+16
131854,3,2,41,1,2018,5,6,5,3,0,7,0,0,1,0,1,0,0,0,5.47714E+20,5.80487E+21,9.70117E+15,5.2392E+16
131855,3,1,59,26,2018,4,11,7,3,2,2,0,0,1,0,1,0,0,0,5.87017E+20,5.73133E+21,1.02599E+16,5.17261E+16
131856,3,4,56,15,2018,5,18,6,3,2,6,0,0,1,0,0,0,0,0,3.67915E+20,5.81292E+21,7.05632E+15,5.24505E+16
131857,3,3,59,38,2018,5,14,6,3,2,6,0,0,1,0,0,0,0,0,5.29623E+20,5.93906E+21,9.44764E+15,5.35995E+16
131858,3,2,41,1,2018,4,17,6,3,0,7,0,1,0,0,0,0,0,0,5.47982E+20,5.80741E+21,9.70548E+15,5.24148E+16
131859,3,4,59,24,2018,4,12,2,3,5,3,0,1,1,0,0,0,0,1,4.55006E+20,5.78334E+21,8.34168E+15,5.21986E+16
131860,3,4,56,15,2018,5,16,5,3,0,3,0,1,1,0,0,0,0,0,3.68738E+20,5.81102E+21,7.06916E+15,5.24336E+16
131861,3,2,51,42,2018,5,13,4,3,5,2,0,1,1,0,0,0,0,0,4.76013E+20,5.84955E+21,8.64426E+15,5.27952E+16
131862,3,3,55,22,2018,5,8,2,3,5,3,0,1,0,0,0,0,0,0,5.94193E+20,5.90128E+21,1.04118E+16,5.32524E+16
131863,3,3,54,4,2018,5,14,3,3,0,1,0,0,0,0,1,0,0,0,6.41969E+20,5.88586E+21,1.11206E+16,5.31032E+16
131864,3,3,51,6,2018,5,18,2,3,2,6,0,0,1,0,0,0,0,0,5.7283E+20,5.83031E+21,1.00758E+16,5.26179E+16
131865,3,4,56,25,2018,5,20,2,3,3,2,0,0,1,0,0,0,1,0,3.80791E+20,5.82058E+21,7.24295E+15,5.25223E+16
131866,3,4,58,13,2018,5,22,6,3,6,4,2,0,1,1,0,0,0,0,4.46158E+20,5.87949E+21,8.19654E+15,5.30622E+16
131867,3,2,41,1,2018,5,13,2,3,2,6,0,0,1,0,0,0,0,0,5.51537E+20,5.7992E+21,9.75648E+15,5.23407E+16
131868,3,2,52,6,2018,5,4,5,3,8,7,2,0,1,0,0,0,0,0,5.23293E+20,5.77492E+21,9.34024E+15,5.21243E+16
131869,3,2,41,6,2018,5,7,2,3,2,6,0,0,1,0,0,0,0,0,5.40362E+20,5.79598E+21,9.59207E+15,5.23127E+16
131870,3,3,51,23,2018,5,18,4,3,5,3,0,0,1,0,1,0,0,0,5.56848E+20,5.83345E+21,9.84027E+15,5.26481E+16
131871,3,2,41,11,2018,5,17,2,3,0,6,0,1,0,0,0,0,0,0,5.65912E+20,5.80371E+21,9.96834E+15,5.23797E+16
131872,3,2,41,3,2018,5,12,3,3,5,3,0,1,0,0,0,0,1,0,5.69234E+20,5.81198E+21,1.00188E+16,5.24537E+16
131873,3,3,61,1,2018,5,11,2,3,5,3,0,0,1,0,0,0,0,0,5.02611E+20,5.87427E+21,9.03893E+15,5.3018E+16
131874,3,2,41,1,2018,5,14,6,3,5,3,0,0,1,0,0,0,0,0,5.45422E+20,5.80309E+21,9.66725E+15,5.23762E+16
131875,3,2,41,10,2018,5,14,2,3,5,3,0,0,0,0,1,0,1,0,5.48195E+20,5.8111E+21,9.70913E+15,5.2448E+16
131876,3,4,52,1,2018,5,12,2,3,0,7,0,1,1,0,0,0,0,0,3.99428E+20,5.92621E+21,7.48466E+15,5.34752E+16
131877,3,3,60,25,2018,5,16,6,3,4,2,0,0,1,0,0,0,0,0,6.0105E+20,5.87226E+21,1.05054E+16,5.29904E+16
131878,3,1,55,11,2018,5,13,4,3,5,3,0,0,1,0,0,0,0,0,5.68421E+20,5.72761E+21,9.98997E+15,5.16953E+16
131879,3,1,59,16,2018,5,9,4,3,5,2,0,1,1,0,0,0,0,0,5.64297E+20,5.70951E+21,9.92698E+15,5.1533E+16
131880,3,4,4,0,2018,5,13,4,3,6,7,0,1,0,1,0,0,0,0,4.35432E+20,5.79105E+21,8.05385E+15,5.22661E+16
131881,3,2,41,10,2018,5,12,2,3,0,6,0,0,1,0,0,0,1,0,5.50532E+20,5.81151E+21,9.74359E+15,5.24514E+16
131882,3,2,41,1,2018,5,8,4,3,5,3,0,1,1,0,0,0,0,0,5.55659E+20,5.80505E+21,9.81795E+15,5.23929E+16
131883,3,2,41,10,2018,5,8,2,3,5,3,0,0,1,0,1,0,0,0,5.51784E+20,5.81011E+21,9.76178E+15,5.24387E+16
131884,3,2,54,21,2018,5,10,3,2,6,4,0,0,1,1,0,0,0,0,5.63602E+20,5.77813E+21,9.92958E+15,5.215E+16
131885,3,3,52,56,2018,5,21,7,2,9,1,0,0,0,0,1,0,0,0,5.05785E+20,5.95418E+21,9.0877E+15,5.37362E+16
131886,3,2,51,23,2018,5,14,2,3,5,3,0,0,1,0,0,0,1,0,4.57959E+20,5.81314E+21,8.38115E+15,5.24668E+16
131887,3,2,56,26,2018,5,17,6,3,5,3,0,0,1,1,0,0,0,0,5.32726E+20,5.83855E+21,9.48424E+15,5.26959E+16
131888,3,4,60,7,2018,5,13,4,3,5,3,0,0,1,0,1,0,0,0,4.37578E+20,5.8157E+21,8.08068E+15,5.24879E+16
131889,3,2,41,8,2018,5,13,2,3,0,7,0,1,0,0,0,0,0,0,5.53318E+20,5.81142E+21,9.78456E+15,5.24504E+16
131890,3,4,54,41,2018,5,11,4,2,5,3,0,0,1,0,0,0,0,0,3.8826E+20,5.87914E+21,7.33299E+15,5.305E+16
131891,3,2,41,1,2018,5,17,2,3,5,2,0,0,1,0,0,0,0,0,5.55993E+20,5.80589E+21,9.82299E+15,5.24004E+16
131892,3,2,41,1,2018,5,8,2,3,5,3,0,1,1,0,0,0,0,0,5.51118E+20,5.80348E+21,9.75098E+15,5.23792E+16
131893,3,1,3,0,2018,5,16,3,3,1,7,0,0,1,0,0,0,0,0,6.21833E+20,5.80931E+21,1.07916E+16,5.24204E+16
131894,3,2,41,1,2018,5,19,7,3,1,5,0,0,1,0,0,0,0,0,5.50008E+20,5.80362E+21,9.7347E+15,5.23806E+16
131895,3,3,57,41,2018,5,16,2,3,5,3,0,0,1,0,0,0,0,0,5.33199E+20,5.89109E+21,9.49663E+15,5.31682E+16
131896,3,1,1,0,2018,5,10,6,3,5,3,0,1,1,0,0,0,0,0,6.0419E+20,5.79279E+21,1.05271E+16,5.22756E+16
131897,3,3,61,13,2018,5,8,4,3,5,3,0,0,1,0,0,0,0,0,5.00885E+20,5.86843E+21,9.01317E+15,5.29655E+16
131898,3,2,41,1,2018,5,8,2,2,5,3,0,0,1,0,0,0,1,0,5.47967E+20,5.80657E+21,9.70513E+15,5.24073E+16
131899,3,3,59,38,2018,5,14,3,3,5,3,0,1,1,0,0,0,0,0,5.29204E+20,5.93834E+21,9.44123E+15,5.35931E+16
131900,3,1,55,13,2018,5,13,2,3,2,6,0,0,1,0,0,0,0,0,5.60334E+20,5.74081E+21,9.87526E+15,5.18149E+16
131901,3,4,54,57,2018,5,11,2,3,0,7,0,0,1,0,0,0,1,0,4.12465E+20,5.85794E+21,7.69971E+15,5.28641E+16
131902,3,4,56,23,2018,5,5,6,3,5,3,0,1,1,0,0,0,0,0,3.57679E+20,5.81814E+21,6.90356E+15,5.24948E+16
131903,3,2,54,21,2018,5,22,2,3,4,2,2,0,1,0,1,0,0,0,5.65613E+20,5.77813E+21,9.95897E+15,5.21498E+16
131904,3,1,1,0,2018,5,15,3,3,4,2,0,1,1,0,0,0,0,0,6.04936E+20,5.79391E+21,1.05384E+16,5.22855E+16
131905,3,2,41,10,2018,5,11,7,3,5,3,0,0,1,0,1,0,0,0,5.45165E+20,5.81103E+21,9.66455E+15,5.24476E+16
131906,3,2,54,21,2018,5,14,2,3,4,7,0,1,1,0,0,0,0,0,5.65715E+20,5.7784E+21,9.96052E+15,5.21522E+16
131907,3,4,58,5,2018,5,19,5,3,6,7,0,0,1,1,0,0,0,0,4.73424E+20,5.88062E+21,8.60332E+15,5.30744E+16
131908,3,2,52,7,2018,5,9,2,3,4,2,0,0,1,0,0,1,0,0,5.17352E+20,5.77952E+21,9.2537E+15,5.21659E+16
131909,3,1,3,0,2018,5,8,4,3,3,6,0,1,1,0,0,0,0,0,6.21612E+20,5.80982E+21,1.07885E+16,5.24251E+16
131910,3,2,51,12,2018,5,20,4,3,5,3,1,0,1,0,0,0,0,0,4.57884E+20,5.82907E+21,8.37803E+15,5.261E+16
131911,3,2,52,6,2018,5,17,2,3,1,7,0,0,1,0,1,0,0,0,5.25256E+20,5.77378E+21,9.36883E+15,5.2114E+16
131912,3,2,41,1,2018,5,19,3,3,5,3,0,1,1,0,0,0,0,0,5.48344E+20,5.79987E+21,9.70971E+15,5.2347E+16