OBJECTID_1,ULAND,UREGBEZ,UKREIS,UGEMEINDE,UJAHR,UMONAT,USTUNDE,UWOCHENTAG,UKATEGORIE,UART,UTYP1,ULICHTVERH,IstRad,IstPKW,IstFuss,IstKrad,IstGkfz,IstSonstig,STRZUSTAND,LINREFX,LINREFY,XGCSWGS84,YGCSWGS84
131913,3,1,3,0,2018,5,10,2,3,8,1,0,0,1,0,0,0,0,0,6.17979E+20,5.80846E+21,1.07346E+16,5.24136E+16
131914,3,4,54,12,2018,5,19,2,3,3,2,0,1,1,0,0,0,0,0,4.01079E+20,5.81623E+21,7.54316E+15,5.24872E+16
131915,3,3,53,31,2018,5,16,6,3,3,3,0,0,1,0,1,0,0,0,5.65013E+20,5.91581E+21,9.97753E+15,5.33874E+16
131916,3,2,56,22,2018,5,9,4,3,4,2,0,1,1,0,0,0,0,0,5.1665E+20,5.82996E+21,9.24594E+15,5.26193E+16
131917,3,1,58,37,2018,5,20,4,3,3,6,0,1,1,0,0,0,0,0,6.05012E+20,5.77983E+21,1.05351E+16,5.21589E+16
131918,3,1,51,1,2018,5,16,5,2,6,4,0,0,0,1,0,0,1,0,5.98746E+20,5.80427E+21,1.04507E+16,5.23798E+16
131919,3,1,3,0,2018,5,8,2,3,5,2,0,1,1,0,0,0,0,0,6.17465E+20,5.80861E+21,1.07271E+16,5.24151E+16
131920,3,2,41,1,2018,5,10,4,3,5,2,0,0,1,0,0,0,0,0,5.46975E+20,5.80013E+21,9.68965E+15,5.23494E+16
131921,3,1,3,0,2018,5,15,2,3,2,6,0,0,1,0,0,0,0,0,6.19746E+20,5.80924E+21,1.07609E+16,5.24202E+16
131922,3,1,53,18,2018,5,16,2,3,6,7,0,1,1,1,0,0,0,0,5.9221E+20,5.74077E+21,1.03376E+16,5.18101E+16
131923,3,2,41,1,2018,5,22,4,2,0,1,2,0,0,0,1,0,1,0,5.49737E+20,5.80299E+21,9.73062E+15,5.23749E+16
131924,3,1,55,5,2018,5,20,5,3,0,1,0,0,0,0,1,0,0,0,5.55045E+20,5.71893E+21,9.79508E+15,5.16187E+16
131925,3,1,53,7,2018,5,13,2,3,5,3,0,1,1,0,0,0,0,0,5.92056E+20,5.7545E+21,1.0339E+16,5.19336E+16
131926,3,3,59,38,2018,5,8,4,3,0,7,0,1,0,0,0,0,0,0,5.30348E+20,5.93765E+21,9.45846E+15,5.35868E+16
131927,3,1,53,17,2018,5,18,2,3,4,2,0,0,1,0,1,0,0,0,5.97291E+20,5.75457E+21,1.04151E+16,5.19333E+16
131928,3,2,41,16,2018,5,12,3,3,6,4,0,0,1,1,0,0,0,0,5.66106E+20,5.79678E+21,9.96982E+15,5.23173E+16
131929,3,1,51,9,2018,5,7,2,2,4,6,0,0,1,0,0,0,0,0,6.04141E+20,5.81713E+21,1.0534E+16,5.24944E+16
131930,3,4,60,3,2018,5,13,2,3,6,6,0,0,0,1,0,1,0,0,4.40444E+20,5.83531E+21,8.11936E+15,5.26644E+16
131931,3,3,55,22,2018,5,16,6,3,0,6,0,1,1,0,0,0,0,0,5.9571E+20,5.90228E+21,1.04349E+16,5.32611E+16
131932,3,2,52,6,2018,5,18,4,3,5,5,0,1,1,0,0,0,0,0,5.23406E+20,5.77447E+21,9.34186E+15,5.21202E+16
131933,3,4,2,0,2018,5,19,4,3,5,3,0,1,0,0,0,0,0,0,3.82091E+20,5.91165E+21,7.22901E+15,5.33408E+16
131934,3,1,1,0,2018,5,18,2,2,3,5,0,0,1,0,1,0,0,0,6.05041E+20,5.79071E+21,1.0539E+16,5.22568E+16
131935,3,1,1,0,2018,5,13,2,2,6,4,0,0,1,1,0,0,0,0,6.06872E+20,5.79334E+21,1.05666E+16,5.228E+16
131936,3,1,59,10,2018,5,17,3,3,5,3,0,1,1,0,0,0,0,0,5.8742E+20,5.70748E+21,1.02598E+16,5.15116E+16
131937,3,3,59,38,2018,5,18,7,3,2,6,0,0,1,0,1,0,0,0,5.31622E+20,5.93961E+21,9.4779E+15,5.36043E+16
131938,3,3,52,46,2018,5,13,2,2,4,1,0,1,1,0,0,0,0,0,4.9376E+20,5.96209E+21,8.90525E+15,5.38073E+16
131939,3,1,55,11,2018,5,17,3,3,0,3,0,1,1,0,0,0,0,0,5.67395E+20,5.73148E+21,9.97587E+15,5.17302E+16
131940,3,4,53,11,2018,5,10,7,3,5,3,0,1,1,0,0,0,0,0,4.1648E+20,5.84358E+21,7.763E+15,5.27357E+16
131941,3,4,51,7,2018,5,16,2,3,5,3,0,0,0,0,1,1,0,0,4.26146E+20,5.90475E+21,7.89214E+15,5.32868E+16
131942,3,2,41,1,2018,5,20,6,3,5,3,1,1,0,0,0,0,0,0,5.48537E+20,5.8026E+21,9.71294E+15,5.23716E+16
131943,3,4,52,20,2018,5,12,4,3,5,3,0,1,1,0,0,0,0,0,3.78383E+20,5.95185E+21,7.15773E+15,5.37012E+16
131944,3,1,1,0,2018,5,9,2,3,3,5,0,0,1,0,0,0,1,0,6.04266E+20,5.79093E+21,1.05277E+16,5.22589E+16
131945,3,4,59,19,2018,5,15,1,3,8,1,0,0,1,0,0,0,0,0,4.3267E+20,5.78633E+21,8.01431E+15,5.22232E+16
131946,3,1,1,0,2018,5,18,3,2,5,2,0,1,1,0,0,0,0,0,5.98192E+20,5.79582E+21,1.04401E+16,5.2304E+16
131947,3,2,41,11,2018,5,11,7,3,5,3,0,1,1,0,0,0,0,0,5.66074E+20,5.80333E+21,9.97063E+15,5.23762E+16
131948,3,1,51,13,2018,5,18,4,2,5,3,0,1,1,0,0,0,0,0,6.06812E+20,5.81085E+21,1.05713E+16,5.24374E+16
131949,3,2,41,1,2018,5,7,4,3,5,3,0,1,1,0,0,0,0,0,5.53952E+20,5.80618E+21,9.79304E+15,5.24032E+16
131950,3,3,54,9,2018,5,15,2,3,5,2,0,1,1,0,0,0,0,0,6.36562E+20,5.89005E+21,1.10417E+16,5.31423E+16
131951,3,4,62,5,2018,5,23,5,3,1,5,2,1,1,0,0,0,0,0,4.22502E+20,5.92325E+21,7.83295E+15,5.34526E+16
131952,3,4,59,31,2018,5,17,1,3,1,5,0,1,1,0,0,0,0,0,4.33246E+20,5.81375E+21,8.0173E+15,5.24698E+16
131953,3,4,3,0,2018,5,15,4,2,4,2,0,0,1,0,1,0,0,0,4.47983E+20,5.88721E+21,8.22253E+15,5.31317E+16
131954,3,4,59,30,2018,5,21,1,3,5,3,2,0,1,0,0,0,0,0,4.28945E+20,5.83677E+21,7.94905E+15,5.26762E+16
131955,3,1,59,16,2018,5,14,6,3,5,5,0,0,1,0,0,0,0,0,5.64651E+20,5.70991E+21,9.93216E+15,5.15366E+16
131956,3,4,53,8,2018,5,15,4,3,5,3,0,0,1,0,0,0,1,0,4.34855E+20,5.86899E+21,8.03002E+15,5.29666E+16
131957,3,4,4,0,2018,5,17,1,3,9,1,0,0,1,0,0,0,0,0,4.33459E+20,5.78836E+21,8.02546E+15,5.22416E+16
131958,3,3,52,11,2018,5,11,3,3,5,3,0,1,1,0,0,0,0,0,4.80205E+20,5.96632E+21,8.69912E+15,5.3845E+16
131959,3,4,56,1,2018,5,13,1,2,9,1,0,0,0,0,0,1,0,0,3.75048E+20,5.79672E+21,7.16726E+15,5.23066E+16
131960,3,1,1,0,2018,5,14,3,3,2,6,0,0,1,0,0,0,0,0,6.03612E+20,5.79099E+21,1.05181E+16,5.22596E+16
131961,3,4,4,0,2018,5,15,6,3,5,2,0,0,1,0,0,0,0,0,4.32781E+20,5.79496E+21,8.01422E+15,5.23008E+16
131962,3,4,59,19,2018,5,15,3,3,5,5,0,1,1,0,0,0,0,0,4.36968E+20,5.78543E+21,8.07739E+15,5.22157E+16
131963,3,4,54,35,2018,5,3,1,3,6,4,2,0,1,1,0,0,0,0,3.84654E+20,5.83967E+21,7.2932E+15,5.26946E+16
131964,3,2,41,1,2018,5,17,5,3,0,1,0,1,0,0,0,0,0,0,5.49968E+20,5.80319E+21,9.73404E+15,5.23767E+16
131965,3,4,60,7,2018,5,2,1,2,8,1,2,0,1,0,0,0,0,0,4.36574E+20,5.82073E+21,8.06495E+15,5.25329E+16
131966,3,1,2,0,2018,5,22,4,2,0,7,2,0,0,0,1,0,0,0,5.91979E+20,5.77411E+21,1.03431E+16,5.21098E+16
131967,3,3,52,60,2018,5,14,4,3,5,3,0,1,1,0,0,0,0,0,4.7621E+20,5.91197E+21,8.64257E+15,5.33563E+16
131968,3,4,53,12,2018,5,13,1,3,6,4,0,0,0,1,1,0,0,0,4.275E+20,5.85748E+21,7.9231E+15,5.28621E+16
131969,3,2,41,1,2018,5,11,3,3,6,7,0,0,0,1,0,0,1,0,5.49292E+20,5.80419E+21,9.72425E+15,5.23857E+16
131970,3,4,55,7,2018,5,12,1,3,2,6,0,1,1,0,0,0,0,0,4.27397E+20,5.93615E+21,7.90366E+15,5.35692E+16
131971,3,4,4,0,2018,5,23,3,3,1,5,2,1,1,0,0,0,0,0,4.34834E+20,5.79049E+21,8.04519E+15,5.22609E+16
131972,3,4,54,32,2018,5,16,2,3,4,6,0,1,0,0,0,0,0,0,3.85196E+20,5.82098E+21,7.3077E+15,5.25268E+16
131973,3,3,60,4,2018,5,17,6,3,2,6,0,0,1,0,0,0,1,0,5.99667E+20,5.88906E+21,1.049E+16,5.31416E+16
131974,3,3,57,8,2018,5,21,3,3,9,1,0,0,0,0,1,0,0,0,5.09324E+20,5.92407E+21,9.14045E+15,5.34655E+16
131975,3,2,51,47,2018,5,21,1,2,0,6,1,1,1,0,0,0,0,0,4.91E+20,5.87086E+21,8.86593E+15,5.29873E+16
131976,3,4,56,9,2018,5,15,2,3,5,3,0,0,1,0,0,1,0,0,3.61357E+20,5.82754E+21,6.95378E+15,5.25802E+16
131977,3,2,51,36,2018,5,13,6,3,5,3,0,0,1,0,0,0,1,0,4.55131E+20,5.81211E+21,8.33966E+15,5.24573E+16
131978,3,4,4,0,2018,5,20,3,3,2,6,0,0,1,0,0,0,0,0,4.35847E+20,5.78778E+21,8.06054E+15,5.22367E+16
131979,3,3,53,20,2018,5,17,1,2,8,1,0,0,0,0,1,0,0,0,5.62555E+20,5.90829E+21,9.9391E+15,5.33201E+16
131980,3,2,52,6,2018,5,0,5,3,6,4,2,0,1,1,0,0,0,0,5.23125E+20,5.7697E+21,9.33744E+15,5.20774E+16
131981,3,3,53,41,2018,5,16,1,3,2,7,0,1,1,0,0,0,0,0,5.45363E+20,5.90287E+21,9.68025E+15,5.32731E+16
131982,3,3,55,22,2018,5,20,4,2,0,7,0,1,0,0,0,0,0,0,5.93974E+20,5.90203E+21,1.04088E+16,5.32592E+16
131983,3,3,59,22,2018,5,14,1,3,7,7,0,1,0,1,0,0,0,0,5.24023E+20,5.9415E+21,9.36321E+15,5.36217E+16
131984,3,2,41,1,2018,5,17,3,3,0,7,0,1,0,1,0,0,0,0,5.50501E+20,5.80132E+21,9.74159E+15,5.23598E+16
131985,3,3,58,22,2018,5,9,1,3,1,7,0,1,0,0,0,0,1,0,5.39414E+20,5.85715E+21,9.58545E+15,5.28626E+16
131986,3,4,4,0,2018,5,13,3,3,0,2,0,1,1,0,0,0,0,0,4.33499E+20,5.78697E+21,8.02633E+15,5.22291E+16
131987,3,3,56,10,2018,5,13,2,3,3,5,0,0,1,0,1,0,0,0,4.91508E+20,5.90662E+21,8.87255E+15,5.33087E+16
131988,3,3,51,6,2018,5,19,6,2,5,2,0,0,1,0,0,0,0,0,5.70693E+20,5.83052E+21,1.00442E+16,5.26201E+16
131989,3,4,4,0,2018,5,12,3,3,2,6,0,0,1,0,0,0,0,0,4.37599E+20,5.79179E+21,8.08545E+15,5.22729E+16
131990,3,4,57,24,2018,5,23,4,3,9,1,2,0,1,0,0,0,0,0,3.85328E+20,5.89201E+21,7.28467E+15,5.31651E+16
131991,3,3,57,35,2018,5,10,1,2,8,1,0,1,0,0,0,0,0,0,5.01991E+20,5.92509E+21,9.02999E+15,5.34748E+16
131992,3,4,59,13,2018,5,8,4,3,5,3,0,0,1,0,0,0,0,0,4.50103E+20,5.80991E+21,8.266E+15,5.24371E+16
131993,3,2,41,1,2018,5,15,1,3,2,6,0,0,1,0,0,0,0,0,5.52321E+20,5.80116E+21,9.7683E+15,5.23583E+16
131994,3,2,41,1,2018,5,16,4,3,6,4,0,0,1,1,0,0,0,0,5.5418E+20,5.80308E+21,9.79589E+15,5.23753E+16
131995,3,2,41,1,2018,5,15,1,3,0,7,0,1,0,0,0,0,0,0,5.48573E+20,5.80415E+21,9.71369E+15,5.23854E+16
131996,3,1,55,11,2018,5,13,3,3,2,6,0,0,1,0,0,0,0,0,5.68627E+20,5.72765E+21,9.99295E+15,5.16956E+16
131997,3,4,1,0,2018,5,10,7,3,5,3,0,1,1,0,0,0,0,0,4.73932E+20,5.87717E+21,8.61118E+15,5.30434E+16
131998,3,4,57,13,2018,5,18,3,3,5,3,0,1,0,0,0,0,0,0,3.97471E+20,5.89913E+21,7.46396E+15,5.32315E+16
131999,3,4,3,0,2018,5,18,2,3,5,3,0,0,1,0,0,0,0,0,4.49417E+20,5.88799E+21,8.24383E+15,5.31389E+16
132000,3,2,41,1,2018,5,9,6,3,5,3,0,1,1,0,0,0,0,0,5.5573E+20,5.80584E+21,9.81912E+15,5.23999E+16
132001,3,4,53,1,2018,5,15,4,3,0,1,0,0,0,0,1,0,0,0,4.17241E+20,5.89037E+21,7.76232E+15,5.31563E+16
132002,3,2,41,5,2018,5,10,1,3,5,3,0,1,0,0,0,0,0,0,5.40466E+20,5.80934E+21,9.59521E+15,5.24328E+16
132003,3,2,41,1,2018,5,15,1,3,2,2,0,0,1,0,0,1,0,0,5.53148E+20,5.80805E+21,9.78152E+15,5.24201E+16
132004,3,1,1,0,2018,5,17,3,2,6,4,0,0,1,1,0,0,0,0,6.02756E+20,5.79477E+21,1.05067E+16,5.22936E+16
132005,3,2,41,9,2018,5,18,7,3,5,3,0,0,1,0,0,0,0,0,5.54954E+20,5.79494E+21,9.80593E+15,5.2302E+16
132006,3,1,55,13,2018,5,14,1,2,5,3,0,1,1,0,0,0,0,0,5.60845E+20,5.74081E+21,9.88268E+15,5.18148E+16
132007,3,1,54,28,2018,5,15,3,3,5,3,0,1,1,0,0,0,0,0,6.37667E+20,5.7879E+21,1.10155E+16,5.22243E+16
132008,3,2,41,1,2018,5,13,7,3,5,3,0,1,1,0,0,0,0,0,5.5222E+20,5.80696E+21,9.7677E+15,5.24103E+16
132009,3,4,56,15,2018,5,19,3,2,5,3,0,1,1,0,0,0,0,0,3.69666E+20,5.81193E+21,7.08246E+15,5.2442E+16
132010,3,3,59,38,2018,5,10,2,3,2,6,0,0,1,0,0,0,0,0,5.32196E+20,5.93798E+21,9.48641E+15,5.35896E+16
132011,3,1,57,9,2018,5,20,6,3,0,6,0,0,0,0,0,0,1,0,5.83102E+20,5.78919E+21,1.02172E+16,5.22468E+16
132012,3,4,5,0,2018,5,10,4,3,2,7,0,1,1,0,0,0,0,0,4.40902E+20,5.93128E+21,8.10848E+15,5.35272E+16
132013,3,2,56,22,2018,5,14,1,3,5,3,0,1,1,0,0,0,0,0,5.16144E+20,5.83159E+21,9.23854E+15,5.26341E+16
132014,3,3,53,5,2018,5,17,3,3,2,6,0,0,1,0,0,0,0,0,5.57299E+20,5.91023E+21,9.86054E+15,5.33381E+16
132015,3,2,54,8,2018,5,14,1,2,2,6,0,1,1,0,0,0,0,0,5.77679E+20,5.76227E+21,1.01317E+16,5.20057E+16
132016,3,4,4,0,2018,5,17,2,3,5,3,0,1,1,0,0,0,0,0,4.35116E+20,5.79205E+21,8.04902E+15,5.2275E+16
132017,3,4,54,57,2018,5,13,6,3,5,3,0,1,1,0,0,0,0,0,4.11681E+20,5.85684E+21,7.68836E+15,5.28541E+16
132018,3,4,54,32,2018,5,12,3,3,5,3,0,0,1,0,0,0,0,0,3.84889E+20,5.82574E+21,7.30152E+15,5.25695E+16
132019,3,1,59,16,2018,5,19,1,3,5,2,0,1,1,0,0,0,0,0,5.64752E+20,5.70809E+21,9.93328E+15,5.15202E+16
132020,3,2,41,1,2018,5,10,5,2,6,4,0,1,0,1,0,0,0,0,5.47709E+20,5.80202E+21,9.70069E+15,5.23663E+16
132021,3,1,51,17,2018,5,11,1,3,5,3,0,1,1,0,0,0,0,0,5.89008E+20,5.81218E+21,1.03098E+16,5.24526E+16
132022,3,4,60,9,2018,5,9,3,3,4,2,0,1,1,0,0,0,0,0,4.52056E+20,5.84109E+21,8.29021E+15,5.27176E+16
132023,3,1,51,9,2018,5,14,1,3,2,2,0,0,1,0,1,0,0,0,6.04363E+20,5.82002E+21,1.05381E+16,5.25203E+16
132024,3,2,51,12,2018,5,22,5,3,6,1,2,0,1,1,0,0,0,0,4.56753E+20,5.82799E+21,8.36147E+15,5.26002E+16
132025,3,1,1,0,2018,5,17,1,3,1,5,0,1,0,0,0,0,0,0,6.06741E+20,5.79444E+21,1.0565E+16,5.22899E+16
132026,3,2,51,40,2018,5,18,4,3,1,7,0,1,1,0,0,0,0,0,4.87048E+20,5.83753E+21,8.80838E+15,5.26876E+16
132027,3,1,1,0,2018,5,17,1,3,4,2,0,0,1,0,0,0,0,0,6.04082E+20,5.79891E+21,1.05274E+16,5.23306E+16
132028,3,3,55,22,2018,5,20,3,3,6,6,0,0,1,1,0,0,0,0,5.9403E+20,5.90292E+21,1.04099E+16,5.32672E+16
132029,3,1,1,0,2018,5,9,1,3,0,6,0,0,1,1,0,0,0,0,6.04164E+20,5.79178E+21,1.05264E+16,5.22665E+16
132030,3,4,53,12,2018,5,13,3,3,1,5,0,1,1,0,0,0,0,0,4.27938E+20,5.85769E+21,7.92956E+15,5.28641E+16
132031,3,4,54,35,2018,5,14,2,3,4,2,0,1,1,0,0,0,0,0,3.84907E+20,5.84089E+21,7.29651E+15,5.27056E+16
132032,3,4,58,3,2018,5,12,6,3,8,1,0,0,0,0,1,0,0,0,4.5464E+20,5.87147E+21,8.32423E+15,5.29909E+16
132033,3,4,53,4,2018,5,8,3,3,4,2,0,1,1,0,0,0,0,0,4.35478E+20,5.85627E+21,8.04182E+15,5.28523E+16
132034,3,4,59,19,2018,5,18,7,3,5,7,0,0,1,0,0,0,0,0,4.3543E+20,5.78573E+21,8.05483E+15,5.22182E+16
132035,3,2,41,1,2018,5,17,4,3,5,3,0,1,1,0,0,0,0,0,5.4726E+20,5.80641E+21,9.69472E+15,5.24059E+16
132036,3,1,57,6,2018,5,12,5,3,0,1,0,0,0,0,1,0,0,0,5.85102E+20,5.79641E+21,1.02484E+16,5.23114E+16
132037,3,4,4,0,2018,5,8,7,3,5,3,0,1,1,0,0,0,0,0,4.31236E+20,5.79572E+21,7.99141E+15,5.23075E+16
132038,3,3,51,12,2018,5,11,4,3,0,7,0,1,0,0,0,0,0,0,5.66561E+20,5.82906E+21,9.98293E+15,5.26074E+16
132039,3,4,4,0,2018,5,0,7,3,3,2,2,1,1,0,0,0,0,0,4.35126E+20,5.7942E+21,8.04875E+15,5.22943E+16
132040,3,2,41,1,2018,5,13,3,3,0,1,0,1,0,0,0,0,0,0,5.50632E+20,5.80293E+21,9.74375E+15,5.23743E+16
132041,3,4,5,0,2018,5,18,3,3,5,3,0,0,1,0,0,0,1,0,4.41311E+20,5.94095E+21,8.11283E+15,5.36141E+16
132042,3,3,53,30,2018,5,9,4,3,4,6,0,1,0,0,0,0,0,0,5.7746E+20,5.89811E+21,1.01603E+16,5.32266E+16
132043,3,4,54,29,2018,5,13,7,3,5,3,0,1,1,0,0,0,0,0,3.87375E+20,5.85808E+21,7.32711E+15,5.28606E+16
132044,3,2,41,11,2018,5,20,3,3,5,3,0,1,1,0,0,0,0,0,5.6169E+20,5.8018E+21,9.90596E+15,5.2363E+16
132045,3,4,52,20,2018,5,14,7,3,5,7,0,1,0,0,1,0,0,0,3.81088E+20,5.95316E+21,7.19818E+15,5.37135E+16
132046,3,3,56,9,2018,5,15,3,3,2,5,0,0,1,0,0,0,0,0,4.68482E+20,5.89849E+21,8.5278E+15,5.32347E+16
132047,3,4,53,7,2018,5,10,2,3,5,3,0,1,1,0,0,0,0,0,4.2333E+20,5.87542E+21,7.85693E+15,5.30229E+16
132048,3,3,55,33,2018,5,13,6,3,3,6,0,0,1,0,1,0,0,0,5.99058E+20,5.90662E+21,1.04864E+16,5.32995E+16
132049,3,3,61,8,2018,5,13,3,3,2,6,0,0,1,0,0,1,0,0,5.08486E+20,5.88265E+21,9.12672E+15,5.30932E+16
132050,3,4,4,0,2018,5,20,4,3,8,1,0,0,0,0,1,0,0,0,4.37562E+20,5.79067E+21,8.08512E+15,5.22629E+16
132051,3,4,53,10,2018,5,9,7,3,8,6,0,0,1,0,0,0,0,0,4.17597E+20,5.85609E+21,7.77639E+15,5.28483E+16
132052,3,2,41,1,2018,5,22,4,3,0,7,2,0,0,0,1,0,0,0,5.49702E+20,5.80299E+21,9.7301E+15,5.23749E+16
132053,3,3,61,12,2018,5,16,7,3,3,6,0,1,1,0,0,0,0,0,5.17988E+20,5.86318E+21,9.26754E+15,5.2918E+16
132054,3,2,52,7,2018,5,12,3,3,5,3,0,0,1,0,1,0,0,0,5.17267E+20,5.77963E+21,9.25246E+15,5.21669E+16
132055,3,3,52,46,2018,5,20,7,3,0,1,0,1,0,0,0,0,0,0,4.93097E+20,5.96231E+21,8.89516E+15,5.38093E+16
132056,3,3,61,12,2018,5,17,3,3,4,2,0,0,1,0,1,0,0,0,5.15551E+20,5.86409E+21,9.23132E+15,5.29262E+16
132057,3,4,1,0,2018,5,18,2,3,1,5,0,0,1,0,1,0,0,0,4.7606E+20,5.87716E+21,8.64292E+15,5.30434E+16
132058,3,2,52,7,2018,5,11,6,2,6,4,0,0,1,1,0,0,0,0,5.16698E+20,5.77801E+21,9.24407E+15,5.21523E+16
132059,3,4,51,4,2018,5,9,3,3,4,6,0,0,1,0,0,0,0,0,4.35129E+20,5.88262E+21,8.03136E+15,5.30891E+16
132060,3,3,61,12,2018,5,16,2,3,0,1,0,1,0,0,0,0,0,0,5.16891E+20,5.86358E+21,9.25123E+15,5.29216E+16
132061,3,2,41,1,2018,5,17,6,3,2,6,0,1,1,0,0,0,0,0,5.50357E+20,5.80598E+21,9.74018E+15,5.24018E+16
132062,3,4,3,0,2018,5,21,3,3,8,7,2,0,1,0,0,0,0,0,4.47694E+20,5.88805E+21,8.21807E+15,5.31393E+16
132063,3,4,54,8,2018,5,16,4,3,5,3,0,1,1,0,0,0,0,0,3.88329E+20,5.86993E+21,7.3372E+15,5.29673E+16
132064,3,4,51,4,2018,5,12,7,3,2,6,0,0,1,0,0,0,0,0,4.31991E+20,5.88689E+21,7.9836E+15,5.31271E+16
132065,3,4,3,0,2018,5,17,7,2,5,2,0,1,1,0,0,0,0,0,4.45328E+20,5.88909E+21,8.18253E+15,5.31484E+16
132066,3,1,1,0,2018,5,11,3,3,6,4,0,0,0,1,0,0,1,0,6.04542E+20,5.78604E+21,1.05302E+16,5.22149E+16
132067,3,2,41,11,2018,5,13,7,3,0,7,0,1,0,0,0,0,0,0,5.6678E+20,5.80757E+21,9.98186E+15,5.24143E+16
132068,3,4,3,0,2018,5,18,3,3,4,2,0,1,1,0,0,0,0,0,4.47961E+20,5.88799E+21,8.22208E+15,5.31388E+16
132069,3,3,57,39,2018,5,18,2,3,1,5,0,0,1,0,1,0,0,0,5.27642E+20,5.88408E+21,9.4129E+15,5.31054E+16
132070,3,4,4,0,2018,5,21,5,2,0,1,2,1,0,0,0,0,0,1,4.3567E+20,5.79361E+21,8.05683E+15,5.22891E+16
132071,3,4,3,0,2018,5,18,4,3,4,2,0,0,1,0,1,0,0,0,4.48834E+20,5.88324E+21,8.23587E+15,5.30962E+16
132072,3,4,58,10,2018,5,10,7,3,3,6,0,1,1,0,0,0,0,0,4.5849E+20,5.88542E+21,8.37979E+15,5.31166E+16
132073,3,3,57,57,2018,5,17,3,3,0,1,0,0,0,0,1,0,0,0,5.18569E+20,5.90477E+21,9.27857E+15,5.32918E+16
132074,3,4,58,6,2018,5,14,7,3,5,2,0,1,1,0,0,0,0,0,4.7506E+20,5.86924E+21,8.62861E+15,5.29722E+16
132075,3,4,60,9,2018,5,14,4,3,2,6,0,0,1,0,0,0,0,0,4.51336E+20,5.843E+21,8.27928E+15,5.27347E+16
132076,3,3,52,50,2018,5,13,7,3,2,6,0,0,1,0,0,0,0,0,4.75259E+20,5.93595E+21,8.62638E+15,5.35718E+16
132077,3,3,53,26,2018,5,13,7,3,4,2,0,0,1,0,1,0,0,0,5.52469E+20,5.92491E+21,9.79046E+15,5.34706E+16
132078,3,1,1,0,2018,5,15,3,3,4,6,0,1,0,0,0,0,0,0,6.04837E+20,5.78962E+21,1.05356E+16,5.22469E+16
132079,3,4,59,26,2018,5,23,6,2,9,1,2,0,0,0,1,0,0,0,4.21259E+20,5.81255E+21,7.84114E+15,5.24574E+16
132080,3,4,3,0,2018,5,13,3,3,3,6,0,1,0,0,0,0,0,0,4.47826E+20,5.88733E+21,8.22017E+15,5.31329E+16
132081,3,3,53,26,2018,5,10,7,3,5,5,0,0,1,0,1,0,0,0,5.517E+20,5.92501E+21,9.7789E+15,5.34715E+16
132082,3,3,54,18,2018,5,19,5,3,0,2,0,1,1,0,0,0,0,1,6.4504E+20,5.87084E+21,1.11597E+16,5.29675E+16
132083,3,3,53,23,2018,5,11,7,3,9,1,0,0,1,0,0,0,0,0,5.90779E+20,5.9136E+21,1.03642E+16,5.33637E+16
132084,3,1,57,6,2018,5,14,4,3,5,3,0,1,1,0,0,0,0,0,5.85665E+20,5.79777E+21,1.0257E+16,5.23235E+16
132085,3,4,1,0,2018,5,13,4,3,6,7,0,0,1,1,0,0,0,0,4.74502E+20,5.87762E+21,8.61964E+15,5.30474E+16
132086,3,3,58,8,2018,5,8,7,2,5,3,0,1,1,0,0,0,0,0,5.46758E+20,5.85717E+21,9.69452E+15,5.28622E+16
132087,3,2,41,1,2018,5,11,3,3,5,2,0,0,1,0,0,0,0,0,5.50824E+20,5.80071E+21,9.74624E+15,5.23544E+16
132088,3,3,55,16,2018,5,11,7,3,2,6,0,0,0,0,1,0,1,0,5.89994E+20,5.8906E+21,1.03459E+16,5.31571E+16
132089,3,4,3,0,2018,5,13,3,3,5,3,0,1,1,0,0,0,0,0,4.48392E+20,5.88724E+21,8.22863E+15,5.31321E+16
132090,3,4,54,32,2018,5,17,2,3,0,1,0,1,0,0,0,0,0,0,3.85442E+20,5.82088E+21,7.31136E+15,5.25259E+16
132091,3,3,53,40,2018,5,1,6,3,8,7,2,0,1,0,0,0,0,0,5.80819E+20,5.91241E+21,1.02143E+16,5.33547E+16
132092,3,2,51,27,2018,5,6,3,2,8,1,0,0,1,0,0,0,0,0,4.92019E+20,5.83881E+21,8.8819E+15,5.26992E+16
132093,3,1,1,0,2018,5,10,5,3,5,3,0,1,1,0,0,0,0,0,6.06932E+20,5.78701E+21,1.05655E+16,5.22231E+16
132094,3,3,55,22,2018,5,11,7,3,2,6,0,0,1,0,0,0,0,0,5.93141E+20,5.90105E+21,1.0396E+16,5.32505E+16
132095,3,4,54,41,2018,5,10,2,3,5,7,0,1,1,0,0,0,0,0,3.92223E+20,5.88224E+21,7.39104E+15,5.30787E+16
132096,3,4,54,14,2018,5,20,6,2,3,2,0,1,1,0,0,0,0,0,3.79929E+20,5.82853E+21,7.22737E+15,5.25935E+16
132097,3,2,41,21,2018,5,9,7,3,2,6,0,0,1,0,0,1,0,0,5.30998E+20,5.80854E+21,9.45588E+15,5.24262E+16
132098,3,2,52,5,2018,5,14,5,3,2,2,0,1,1,0,0,0,0,0,5.25791E+20,5.76662E+21,9.3761E+15,5.20496E+16
132099,3,2,41,5,2018,5,16,7,3,2,2,0,0,1,0,0,0,0,0,5.41548E+20,5.80902E+21,9.61108E+15,5.24298E+16
132100,3,3,55,22,2018,5,11,4,2,0,7,0,1,0,0,0,0,0,0,5.9315E+20,5.89971E+21,1.03958E+16,5.32385E+16