OBJECTID_1,ULAND,UREGBEZ,UKREIS,UGEMEINDE,UJAHR,UMONAT,USTUNDE,UWOCHENTAG,UKATEGORIE,UART,UTYP1,ULICHTVERH,IstRad,IstPKW,IstFuss,IstKrad,IstGkfz,IstSonstig,STRZUSTAND,LINREFX,LINREFY,XGCSWGS84,YGCSWGS84
132101,3,2,41,11,2018,5,19,7,3,6,6,0,0,1,1,0,0,0,0,5.66666E+20,5.80787E+21,9.98024E+15,5.2417E+16
132102,3,2,41,10,2018,5,15,3,3,6,7,0,0,0,1,0,0,1,0,5.47413E+20,5.81003E+21,9.69748E+15,5.24384E+16
132103,3,1,59,3,2018,5,13,7,2,9,1,0,0,0,0,1,0,0,0,6.03846E+20,5.72413E+21,1.05013E+16,5.16586E+16
132104,3,4,5,0,2018,5,9,2,2,5,3,0,0,1,0,0,0,0,0,4.4182E+20,5.93319E+21,8.12197E+15,5.35443E+16
132105,3,3,55,22,2018,5,4,6,2,9,1,2,0,1,0,0,0,0,0,5.94813E+20,5.90084E+21,1.0421E+16,5.32484E+16
132106,3,4,54,41,2018,5,13,4,3,4,6,0,1,0,0,0,0,0,0,3.93684E+20,5.8826E+21,7.41273E+15,5.30822E+16
132107,3,1,55,10,2018,5,10,7,3,2,6,0,0,0,0,1,0,1,0,5.63183E+20,5.72035E+21,9.91288E+15,5.16306E+16
132108,3,1,55,11,2018,5,10,7,3,1,5,0,0,1,0,0,0,0,0,5.68685E+20,5.72783E+21,9.99383E+15,5.16972E+16
132109,3,1,54,28,2018,5,21,3,3,5,3,1,0,1,0,0,0,0,0,6.3703E+20,5.78883E+21,1.10066E+16,5.22328E+16
132110,3,2,41,1,2018,5,15,4,3,0,4,0,1,0,1,0,0,0,0,5.50311E+20,5.8017E+21,9.73886E+15,5.23633E+16
132111,3,2,57,31,2018,5,15,7,3,0,1,0,0,0,0,1,0,0,0,5.0322E+20,5.78476E+21,9.04713E+15,5.22132E+16
132112,3,1,55,11,2018,5,14,3,2,5,3,0,0,1,0,1,0,0,0,5.67472E+20,5.72783E+21,9.97627E+15,5.16974E+16
132113,3,4,3,0,2018,5,18,7,3,5,3,0,1,1,0,0,0,0,0,4.47547E+20,5.88521E+21,8.21633E+15,5.31138E+16
132114,3,4,51,5,2018,5,7,2,3,8,1,0,0,1,0,0,0,0,0,4.47346E+20,5.8988E+21,8.21111E+15,5.32359E+16
132115,3,2,41,1,2018,5,11,6,3,5,3,0,1,1,0,0,0,0,0,5.52339E+20,5.80336E+21,9.76889E+15,5.2378E+16
132116,3,4,52,1,2018,5,19,4,3,5,7,0,1,1,0,0,0,0,0,4.00047E+20,5.92618E+21,7.49399E+15,5.34751E+16
132117,3,2,56,22,2018,5,20,7,3,5,3,0,1,1,0,0,0,0,0,5.14244E+20,5.83187E+21,9.21048E+15,5.26366E+16
132118,3,2,54,21,2018,5,22,7,3,5,3,2,0,1,0,0,0,0,0,5.65361E+20,5.77966E+21,9.95558E+15,5.21636E+16
132119,3,1,1,0,2018,5,15,3,3,6,3,0,0,1,1,0,0,0,0,6.0069E+20,5.7898E+21,1.0475E+16,5.22494E+16
132120,3,2,41,1,2018,5,20,7,3,8,1,0,1,1,0,0,0,0,0,5.53802E+20,5.80122E+21,9.79004E+15,5.23586E+16
132121,3,1,55,11,2018,5,17,4,3,0,1,0,1,0,0,0,0,0,0,5.71013E+20,5.7289E+21,1.00277E+16,5.17066E+16
132122,3,3,55,22,2018,5,8,2,3,5,2,0,1,1,0,0,0,0,0,5.9624E+20,5.89923E+21,1.04419E+16,5.32336E+16
132123,3,4,52,19,2018,5,11,5,3,0,3,0,1,0,0,0,0,1,1,3.78309E+20,5.94311E+21,7.16002E+15,5.36227E+16
132124,3,2,55,3,2018,5,18,7,3,5,3,1,0,1,0,0,0,0,0,5.35205E+20,5.75884E+21,9.51258E+15,5.19791E+16
132125,3,3,51,12,2018,5,9,7,2,5,3,0,0,1,0,0,0,0,0,5.64755E+20,5.83123E+21,9.9567E+15,5.26272E+16
132126,3,3,59,38,2018,5,14,2,3,2,6,0,0,1,0,0,0,0,0,5.31295E+20,5.93916E+21,9.47291E+15,5.36004E+16
132127,3,1,54,28,2018,5,11,6,3,6,4,0,0,1,1,0,0,0,0,6.36893E+20,5.78846E+21,1.10044E+16,5.22295E+16
132128,3,4,53,4,2018,5,5,4,3,5,3,0,1,1,0,0,0,0,0,4.37271E+20,5.85522E+21,8.06865E+15,5.28431E+16
132129,3,2,52,6,2018,5,9,7,2,0,7,0,1,0,0,0,0,0,0,5.24239E+20,5.7727E+21,9.3539E+15,5.21043E+16
132130,3,3,53,10,2018,5,13,3,3,5,7,0,0,1,0,1,0,0,0,5.76804E+20,5.89532E+21,1.01498E+16,5.32016E+16
132131,3,1,54,13,2018,5,14,7,3,5,3,0,1,1,0,0,0,0,0,6.22753E+20,5.79895E+21,1.08013E+16,5.23271E+16
132132,3,1,1,0,2018,5,7,3,3,4,2,0,0,0,0,1,0,1,0,6.04204E+20,5.79391E+21,1.05277E+16,5.22856E+16
132133,3,4,4,0,2018,5,15,6,2,2,2,0,0,1,0,0,0,0,0,4.37313E+20,5.79097E+21,8.08141E+15,5.22655E+16
132134,3,1,3,0,2018,5,13,7,3,2,6,0,0,1,0,0,0,0,0,6.2511E+20,5.81136E+21,1.08405E+16,5.24381E+16
132135,3,2,41,2,2018,5,11,5,3,0,7,0,1,0,0,0,0,0,0,5.32684E+20,5.79365E+21,9.47922E+15,5.22922E+16
132136,3,1,1,0,2018,5,18,7,3,4,2,0,0,1,0,0,0,0,0,6.05298E+20,5.7914E+21,1.05429E+16,5.22629E+16
132137,3,2,52,6,2018,5,16,4,3,3,6,0,1,0,0,0,0,0,0,5.23931E+20,5.77213E+21,9.34937E+15,5.20992E+16
132138,3,3,52,50,2018,5,7,4,3,6,6,0,0,0,1,0,0,1,0,4.75814E+20,5.9357E+21,8.63478E+15,5.35696E+16
132139,3,2,41,5,2018,5,17,3,3,5,3,0,1,1,0,0,0,0,0,5.41541E+20,5.80733E+21,9.61077E+15,5.24147E+16
132140,3,1,57,6,2018,5,14,5,3,5,2,0,1,1,0,0,0,0,0,5.84132E+20,5.79882E+21,1.02347E+16,5.23332E+16
132141,3,1,1,0,2018,5,15,5,3,0,7,0,1,1,0,0,0,0,0,6.03122E+20,5.79199E+21,1.05112E+16,5.22686E+16
132142,3,1,1,0,2018,5,12,3,3,5,3,0,1,1,0,0,0,0,0,5.99678E+20,5.79632E+21,1.04621E+16,5.23082E+16
132143,3,1,1,0,2018,5,9,5,3,5,2,0,1,1,0,0,0,0,0,6.0427E+20,5.79167E+21,1.0528E+16,5.22655E+16
132144,3,4,4,0,2018,5,17,4,3,6,7,0,1,0,1,0,0,0,0,4.36752E+20,5.79319E+21,8.07278E+15,5.22854E+16
132145,3,2,41,1,2018,5,18,1,3,2,6,0,0,1,0,0,0,0,0,5.53733E+20,5.8055E+21,9.78971E+15,5.23971E+16
132146,3,4,2,0,2018,5,11,4,3,0,6,0,0,1,0,0,0,1,0,3.80681E+20,5.91523E+21,7.20649E+15,5.33727E+16
132147,3,4,60,6,2018,5,7,6,3,2,6,0,0,1,0,0,0,0,0,4.48632E+20,5.83574E+21,8.24036E+15,5.26692E+16
132148,3,4,56,15,2018,5,18,4,3,5,2,0,1,1,0,0,0,0,0,3.68595E+20,5.80889E+21,7.0679E+15,5.24144E+16
132149,3,4,54,32,2018,5,17,4,3,2,2,0,0,1,0,0,0,0,0,3.8775E+20,5.82205E+21,7.34498E+15,5.2537E+16
132150,3,4,62,3,2018,5,20,4,3,5,7,1,1,1,0,0,0,0,0,4.08012E+20,5.94497E+21,7.60842E+15,5.36454E+16
132151,3,3,59,38,2018,5,18,2,2,5,3,0,1,0,0,0,0,0,0,5.29333E+20,5.93816E+21,9.44317E+15,5.35914E+16
132152,3,4,52,8,2018,5,16,4,3,5,3,0,1,1,0,0,0,0,0,3.8634E+20,5.94076E+21,7.28226E+15,5.36033E+16
132153,3,4,54,32,2018,5,12,7,3,1,5,0,0,0,0,0,0,1,0,3.85065E+20,5.82001E+21,7.30611E+15,5.25181E+16
132154,3,4,53,1,2018,5,22,4,3,5,3,2,1,1,0,0,0,0,0,4.20431E+20,5.88763E+21,7.8107E+15,5.31321E+16
132155,3,4,53,8,2018,5,20,4,3,8,1,2,0,0,0,1,0,0,0,4.35707E+20,5.86718E+21,8.04307E+15,5.29504E+16
132156,3,1,55,9,2018,5,8,1,2,8,7,0,1,0,0,0,0,0,0,5.60242E+20,5.72763E+21,9.87165E+15,5.16964E+16
132157,3,4,61,2,2018,5,7,5,3,5,2,0,1,0,0,0,0,1,0,4.65268E+20,5.90862E+21,8.47853E+15,5.33256E+16
132158,3,1,3,0,2018,5,15,1,3,1,7,0,0,1,0,0,0,0,0,6.18118E+20,5.8072E+21,1.07362E+16,5.24023E+16
132159,3,4,58,14,2018,5,10,6,2,5,2,0,1,1,0,0,0,0,0,4.60761E+20,5.86107E+21,8.41668E+15,5.28979E+16
132160,3,4,53,4,2018,5,16,4,2,5,3,0,0,1,0,0,0,0,0,4.33834E+20,5.85471E+21,8.01773E+15,5.28381E+16
132161,3,4,53,4,2018,5,17,4,2,5,3,0,0,1,0,0,0,0,0,4.35598E+20,5.85749E+21,8.04336E+15,5.28633E+16
132162,3,3,61,13,2018,5,16,4,3,3,6,0,1,1,0,0,0,0,0,5.01021E+20,5.86737E+21,9.01519E+15,5.29559E+16
132163,3,2,41,9,2018,5,15,2,3,2,6,0,1,0,0,0,0,0,0,5.55072E+20,5.79477E+21,9.80763E+15,5.23005E+16
132164,3,4,3,0,2018,5,10,4,3,5,2,0,1,1,0,0,0,0,0,4.47218E+20,5.88961E+21,8.2107E+15,5.31532E+16
132165,3,4,53,6,2018,5,10,7,3,5,3,0,1,1,0,0,0,0,0,4.27927E+20,5.84246E+21,7.93276E+15,5.27272E+16
132166,3,1,57,6,2018,5,7,6,3,0,3,0,0,1,0,0,0,0,0,5.81444E+20,5.79827E+21,1.01952E+16,5.23287E+16
132167,3,4,3,0,2018,5,14,4,3,5,2,0,1,1,0,0,0,0,0,4.4811E+20,5.88707E+21,8.22445E+15,5.31306E+16
132168,3,2,57,35,2018,5,14,3,3,4,1,0,0,1,0,0,0,0,0,5.13123E+20,5.7972E+21,9.19255E+15,5.23249E+16
132169,3,1,59,19,2018,5,17,6,3,1,5,0,1,1,0,0,0,0,0,5.923E+20,5.7231E+21,1.03342E+16,5.16513E+16
132170,3,4,3,0,2018,5,7,4,3,5,2,0,1,1,0,0,0,0,0,4.46647E+20,5.8907E+21,8.20198E+15,5.3163E+16
132171,3,3,52,32,2018,5,9,4,3,0,7,2,0,1,0,0,0,1,0,4.79794E+20,5.92572E+21,8.69553E+15,5.34801E+16
132172,3,4,1,0,2018,5,11,4,2,0,1,0,1,0,0,0,0,0,0,4.74963E+20,5.87814E+21,8.62648E+15,5.30522E+16
132173,3,4,4,0,2018,5,15,1,3,6,4,0,0,1,1,0,0,0,0,4.35837E+20,5.79074E+21,8.05983E+15,5.22633E+16
132174,3,3,59,21,2018,5,16,4,3,1,1,0,1,1,0,0,0,0,0,5.40539E+20,5.93269E+21,9.61175E+15,5.35415E+16
132175,3,3,54,18,2018,5,15,7,3,5,2,0,1,1,0,0,0,0,0,6.44422E+20,5.8707E+21,1.11505E+16,5.29664E+16
132176,3,3,58,16,2018,5,18,4,3,5,3,0,0,1,0,0,0,0,0,5.7262E+20,5.87172E+21,1.00819E+16,5.29901E+16
132177,3,3,55,22,2018,5,16,4,3,0,6,0,0,1,0,0,0,0,0,5.94332E+20,5.90133E+21,1.04139E+16,5.32528E+16
132178,3,1,53,17,2018,5,10,3,3,5,3,0,0,1,0,1,0,0,0,5.98563E+20,5.75176E+21,1.04328E+16,5.19078E+16
132179,3,3,55,22,2018,5,13,4,3,6,7,0,0,1,1,0,0,0,0,5.93976E+20,5.901E+21,1.04085E+16,5.32499E+16
132180,3,3,55,22,2018,5,7,4,3,4,6,0,1,0,0,0,0,0,0,5.94661E+20,5.90238E+21,1.04192E+16,5.32622E+16
132181,3,3,55,22,2018,5,1,1,3,9,7,2,0,1,0,0,0,0,0,5.9405E+20,5.90144E+21,1.04097E+16,5.32539E+16
132182,3,3,51,6,2018,5,7,4,3,3,2,0,1,1,0,0,0,0,0,5.71997E+20,5.83059E+21,1.00635E+16,5.26206E+16
132183,3,2,41,1,2018,5,18,4,3,0,1,0,0,0,0,0,0,1,0,5.48687E+20,5.80154E+21,9.71498E+15,5.2362E+16
132184,3,4,58,13,2018,5,11,1,3,4,6,0,1,0,0,0,0,0,0,4.45877E+20,5.88334E+21,8.1917E+15,5.30968E+16
132185,3,2,41,1,2018,5,11,4,3,5,3,0,1,1,0,0,0,0,1,5.49963E+20,5.80157E+21,9.73373E+15,5.23621E+16
132186,3,2,57,9,2018,5,18,7,3,8,1,0,0,0,0,1,0,0,0,5.03296E+20,5.78975E+21,9.04829E+15,5.22581E+16
132187,3,2,41,6,2018,5,11,4,3,0,1,0,0,0,0,1,0,0,1,5.40479E+20,5.79598E+21,9.59379E+15,5.23127E+16
132188,3,1,1,0,2018,5,13,1,3,2,6,0,0,1,0,0,0,0,0,6.02979E+20,5.78821E+21,1.0508E+16,5.22347E+16
132189,3,2,41,1,2018,5,21,4,3,5,3,1,1,1,0,0,0,0,0,5.47052E+20,5.79978E+21,9.69072E+15,5.23463E+16
132190,3,2,41,1,2018,5,17,4,3,5,3,0,0,1,0,0,0,0,0,5.4996E+20,5.80811E+21,9.73465E+15,5.24209E+16
132191,3,4,4,0,2018,5,17,2,3,5,3,0,1,0,0,0,0,0,0,4.35156E+20,5.79084E+21,8.04984E+15,5.22641E+16
132192,3,2,41,1,2018,5,15,4,2,0,1,0,1,0,0,0,0,0,1,5.48645E+20,5.80258E+21,9.71452E+15,5.23713E+16
132193,3,2,41,1,2018,5,13,4,2,2,6,0,0,1,0,0,0,0,1,5.48712E+20,5.80495E+21,9.71586E+15,5.23926E+16
132194,3,2,41,1,2018,5,18,1,2,5,3,0,1,1,0,0,0,0,0,5.54782E+20,5.80721E+21,9.80541E+15,5.24123E+16
132195,3,3,53,40,2018,5,14,5,3,1,5,0,1,1,0,0,0,0,0,5.8021E+20,5.9119E+21,1.0205E+16,5.33502E+16
132196,3,4,57,13,2018,5,14,7,3,5,3,0,0,1,0,0,0,0,0,3.96416E+20,5.89862E+21,7.44832E+15,5.32267E+16
132197,3,4,51,7,2018,5,13,6,3,4,6,0,1,1,0,0,0,0,0,4.25746E+20,5.89477E+21,7.88847E+15,5.3197E+16
132198,3,2,41,1,2018,5,8,4,3,1,5,0,1,1,0,0,0,0,1,5.48126E+20,5.80303E+21,9.70696E+15,5.23754E+16
132199,3,2,52,6,2018,5,19,4,2,5,3,0,1,1,0,0,0,0,0,5.24943E+20,5.77277E+21,9.36419E+15,5.21049E+16
132200,3,1,59,14,2018,5,16,4,2,4,2,0,1,1,0,0,0,0,0,5.83886E+20,5.7184E+21,1.02115E+16,5.16104E+16
132201,3,4,2,0,2018,5,16,6,3,0,4,0,0,1,1,1,0,0,0,3.81216E+20,5.91484E+21,7.21467E+15,5.33693E+16
132202,3,4,3,0,2018,5,20,5,3,4,2,0,0,1,0,0,0,0,0,4.48118E+20,5.8831E+21,8.22521E+15,5.30948E+16
132203,3,1,3,0,2018,5,13,4,3,0,3,0,1,1,0,0,0,0,0,6.17478E+20,5.80631E+21,1.07265E+16,5.23945E+16
132204,3,1,3,0,2018,5,7,4,3,2,6,0,0,1,0,0,0,0,1,6.22479E+20,5.80917E+21,1.0801E+16,5.2419E+16
132205,3,1,58,6,2018,5,12,4,3,5,3,0,0,1,0,0,0,0,1,6.16347E+20,5.7887E+21,1.07038E+16,5.22364E+16
132206,3,4,3,0,2018,5,8,2,3,5,3,0,1,0,0,0,0,1,0,4.47588E+20,5.88816E+21,8.21647E+15,5.31402E+16
132207,3,1,51,9,2018,5,8,4,3,5,3,0,1,1,0,0,0,0,1,6.06414E+20,5.81573E+21,1.0567E+16,5.24813E+16
132208,3,1,1,0,2018,5,22,4,3,5,3,2,1,1,0,0,0,0,0,6.04255E+20,5.79166E+21,1.05277E+16,5.22655E+16
132209,3,1,51,9,2018,5,10,1,3,2,6,0,0,1,0,1,0,0,0,6.04423E+20,5.81613E+21,1.05378E+16,5.24853E+16
132210,3,3,53,5,2018,5,11,5,3,5,3,0,1,1,0,0,0,0,0,5.57981E+20,5.91002E+21,9.87075E+15,5.33362E+16
132211,3,3,59,38,2018,5,22,6,3,5,3,2,1,1,0,0,0,0,0,5.30664E+20,5.93972E+21,9.46343E+15,5.36054E+16
132212,3,1,1,0,2018,5,8,4,3,3,2,0,1,0,0,0,1,0,0,6.0417E+20,5.79106E+21,1.05263E+16,5.22601E+16
132213,3,4,59,24,2018,5,7,3,3,0,1,0,1,0,0,0,0,0,0,4.54563E+20,5.78356E+21,8.33516E+15,5.22006E+16
132214,3,4,59,33,2018,5,15,3,2,5,2,0,1,1,0,0,0,0,0,4.32438E+20,5.80104E+21,8.00796E+15,5.23555E+16
132215,3,1,53,2,2018,5,17,2,3,5,3,0,1,1,0,0,0,0,0,6.07162E+20,5.74875E+21,1.05568E+16,5.18792E+16
132216,3,4,4,0,2018,5,13,3,3,6,4,0,0,1,1,0,0,0,0,4.35299E+20,5.79142E+21,8.05182E+15,5.22694E+16
132217,3,4,5,0,2018,5,13,7,3,2,6,0,0,1,0,0,0,0,0,4.39787E+20,5.932E+21,8.09154E+15,5.35334E+16
132218,3,4,2,0,2018,5,7,3,3,5,2,0,1,1,0,0,0,0,0,3.81077E+20,5.91416E+21,7.21284E+15,5.33632E+16
132219,3,2,41,1,2018,5,14,2,3,5,3,0,1,1,0,0,0,0,0,5.54648E+20,5.80543E+21,9.80315E+15,5.23964E+16
132220,3,4,57,21,2018,5,19,3,3,5,3,0,1,0,0,0,0,0,0,3.90057E+20,5.89197E+21,7.35539E+15,5.31657E+16
132221,3,4,53,13,2018,5,18,7,3,6,6,0,0,1,1,0,0,0,0,4.11348E+20,5.88477E+21,7.67576E+15,5.3105E+16
132222,3,2,57,1,2018,5,7,6,3,5,2,0,1,1,0,0,0,0,0,5.06501E+20,5.78999E+21,9.09525E+15,5.22603E+16
132223,3,4,54,8,2018,5,19,3,3,5,3,0,0,1,0,0,0,0,0,3.87505E+20,5.86922E+21,7.32519E+15,5.29608E+16
132224,3,4,56,15,2018,5,7,3,3,4,6,0,1,0,0,0,0,0,0,3.68738E+20,5.80903E+21,7.06995E+15,5.24157E+16
132225,3,4,54,18,2018,5,12,3,3,5,3,0,0,1,0,1,0,0,0,3.80991E+20,5.85054E+21,7.23508E+15,5.27915E+16
132226,3,4,52,14,2018,5,13,1,2,6,4,0,1,0,1,0,0,0,0,3.73929E+20,5.9259E+21,7.10078E+15,5.3467E+16
132227,3,3,59,10,2018,5,11,5,3,5,2,0,1,1,0,0,0,0,0,5.45513E+20,5.92465E+21,9.68564E+15,5.34688E+16
132228,3,4,53,13,2018,5,5,5,2,9,1,0,0,1,0,0,0,0,0,4.09818E+20,5.89281E+21,7.65066E+15,5.3177E+16
132229,3,4,54,32,2018,5,7,3,3,5,3,0,1,1,0,0,0,0,0,3.86145E+20,5.81968E+21,7.32214E+15,5.25153E+16
132230,3,2,41,1,2018,5,16,7,3,2,6,0,0,1,0,0,0,0,0,5.5445E+20,5.80323E+21,9.79988E+15,5.23767E+16
132231,3,4,52,1,2018,5,7,3,3,2,6,0,0,1,0,0,0,0,0,4.10218E+20,5.92927E+21,7.6463E+15,5.35047E+16
132232,3,4,60,2,2018,5,14,3,3,5,3,0,0,1,0,0,0,0,0,4.45044E+20,5.81885E+21,8.19011E+15,5.2517E+16
132233,3,4,59,1,2018,5,13,5,3,8,1,0,0,1,0,0,0,1,0,4.31719E+20,5.8193E+21,7.99368E+15,5.25195E+16
132234,3,4,60,2,2018,5,8,3,3,4,2,0,1,1,0,0,0,0,0,4.45967E+20,5.81903E+21,8.20368E+15,5.25187E+16
132235,3,4,3,0,2018,5,10,3,3,2,2,0,0,1,0,0,0,0,0,4.47375E+20,5.88787E+21,8.21334E+15,5.31376E+16
132236,3,2,54,21,2018,5,17,3,3,5,2,0,1,1,0,0,0,0,0,5.64901E+20,5.77867E+21,9.94866E+15,5.21547E+16
132237,3,4,3,0,2018,5,15,3,3,3,6,0,1,1,0,0,0,0,0,4.46828E+20,5.88785E+21,8.20516E+15,5.31374E+16
132238,3,4,3,0,2018,5,7,3,3,2,2,0,0,1,0,1,0,0,0,4.50202E+20,5.88541E+21,8.25597E+15,5.31158E+16
132239,3,3,59,3,2018,5,13,1,3,5,3,0,0,1,0,1,0,0,0,5.40397E+20,5.92197E+21,9.60822E+15,5.34452E+16
132240,3,3,59,38,2018,5,9,5,3,5,3,0,1,1,0,0,0,0,0,5.31411E+20,5.93864E+21,9.47461E+15,5.35957E+16
132241,3,2,51,49,2018,5,14,3,3,5,3,0,0,1,0,1,0,0,0,4.99257E+20,5.85309E+21,8.98897E+15,5.28276E+16
132242,3,1,1,0,2018,5,18,7,3,0,1,0,1,0,0,0,0,0,0,6.01596E+20,5.79311E+21,1.04892E+16,5.22789E+16
132243,3,4,58,9,2018,5,18,3,2,5,3,0,0,1,0,1,0,0,0,4.51724E+20,5.87746E+21,8.2799E+15,5.30445E+16
132244,3,4,54,41,2018,5,15,7,3,5,3,0,1,0,0,1,0,0,0,3.93595E+20,5.88179E+21,7.41167E+15,5.3075E+16
132245,3,3,52,42,2018,5,20,3,3,4,6,0,1,0,0,0,0,0,0,5.07166E+20,5.95224E+21,9.10859E+15,5.37188E+16
132246,3,3,53,40,2018,5,11,3,3,0,7,0,0,0,0,0,0,1,0,5.80264E+20,5.91274E+21,1.0206E+16,5.33577E+16
132247,3,4,56,1,2018,5,20,2,3,5,3,0,1,1,0,0,0,0,0,3.75476E+20,5.79581E+21,7.17386E+15,5.22985E+16
132248,3,3,59,18,2018,5,18,3,3,5,3,0,0,1,0,1,0,0,0,5.16907E+20,5.96401E+21,9.25685E+15,5.38244E+16
132249,3,3,54,18,2018,5,12,5,3,5,7,0,1,1,0,0,0,0,0,6.45156E+20,5.87076E+21,1.11614E+16,5.29668E+16
132250,3,3,57,16,2018,5,5,3,3,4,6,1,0,1,0,1,0,0,0,4.97653E+20,5.9153E+21,8.96471E+15,5.33868E+16
132251,3,1,59,20,2018,5,11,1,2,2,6,0,1,1,0,0,0,0,0,5.89089E+20,5.72501E+21,1.02883E+16,5.1669E+16
132252,3,3,57,39,2018,5,14,3,3,2,6,0,0,1,0,0,0,0,0,5.27682E+20,5.88445E+21,9.41352E+15,5.31088E+16
132253,3,1,1,0,2018,5,18,3,2,0,1,0,0,0,0,1,0,0,0,6.0415E+20,5.79162E+21,1.05262E+16,5.22651E+16
132254,3,3,55,22,2018,5,19,3,3,2,6,0,1,0,0,0,0,0,0,5.94597E+20,5.89989E+21,1.04175E+16,5.32398E+16
132255,3,3,51,6,2018,5,19,3,3,5,3,0,0,1,0,0,0,0,0,5.73086E+20,5.83094E+21,1.00797E+16,5.26235E+16
132256,3,2,41,1,2018,5,19,1,3,0,6,0,1,0,0,0,0,0,0,5.50835E+20,5.80069E+21,9.74639E+15,5.23542E+16
132257,3,3,55,24,2018,5,10,5,3,5,3,0,0,1,0,0,1,0,0,5.91741E+20,5.89441E+21,1.03731E+16,5.31911E+16
132258,3,3,51,6,2018,5,17,3,3,1,5,0,1,1,0,0,0,0,0,5.72325E+20,5.82961E+21,1.00682E+16,5.26117E+16
132259,3,4,52,1,2018,5,14,6,3,5,3,0,0,1,0,0,0,0,0,4.04731E+20,5.92431E+21,7.56509E+15,5.34592E+16
132260,3,2,41,1,2018,5,23,3,3,9,1,2,0,1,0,0,0,0,1,5.49094E+20,5.79883E+21,9.72057E+15,5.23376E+16
132261,3,2,41,1,2018,5,10,3,3,0,7,0,0,0,0,1,0,0,0,5.50039E+20,5.80275E+21,9.73502E+15,5.23727E+16
132262,3,2,41,21,2018,5,9,3,3,6,7,0,0,1,1,0,0,0,0,5.29043E+20,5.80842E+21,9.42711E+15,5.24253E+16
132263,3,3,59,11,2018,5,10,2,3,9,1,0,0,0,0,0,0,1,0,5.29938E+20,5.9288E+21,9.45141E+15,5.35073E+16
132264,3,2,41,10,2018,5,7,3,3,5,3,0,1,0,0,0,0,0,0,5.50039E+20,5.8104E+21,9.73616E+15,5.24415E+16
132265,3,3,55,22,2018,5,17,5,3,2,6,0,0,1,0,0,0,0,0,5.94474E+20,5.90044E+21,1.04158E+16,5.32449E+16
132266,3,1,59,3,2018,5,17,3,3,0,7,0,0,1,0,0,0,0,0,5.98251E+20,5.71998E+21,1.04193E+16,5.16222E+16
132267,3,4,59,13,2018,5,12,7,2,4,6,0,0,1,0,0,0,0,0,4.52651E+20,5.80211E+21,8.30458E+15,5.23672E+16
132268,3,2,41,1,2018,5,17,5,3,6,7,0,0,1,1,0,0,0,0,5.48253E+20,5.80249E+21,9.70875E+15,5.23706E+16
132269,3,3,51,6,2018,5,7,6,3,5,3,0,1,0,0,0,0,0,0,5.73161E+20,5.82933E+21,1.00804E+16,5.2609E+16
132270,3,2,57,6,2018,5,14,3,3,2,6,0,0,1,0,0,0,0,0,5.25474E+20,5.79864E+21,9.37388E+15,5.23375E+16
132271,3,4,3,0,2018,5,7,6,3,3,6,0,1,0,0,0,0,0,0,4.47716E+20,5.89114E+21,8.2179E+15,5.3167E+16
132272,3,2,57,6,2018,5,7,3,3,5,2,0,1,1,0,0,0,0,0,5.26404E+20,5.79872E+21,9.38754E+15,5.23381E+16
132273,3,2,54,21,2018,5,16,3,3,6,7,0,1,0,1,0,0,0,0,5.65161E+20,5.77907E+21,9.95254E+15,5.21583E+16
132274,3,2,52,3,2018,5,13,3,2,8,7,0,0,0,0,1,0,0,0,5.20155E+20,5.75557E+21,9.29327E+15,5.19504E+16
132275,3,2,41,1,2018,5,16,2,3,3,6,0,1,0,0,0,0,0,0,5.47216E+20,5.7974E+21,9.69281E+15,5.23249E+16
132276,3,2,41,1,2018,5,15,5,3,2,6,0,0,1,0,0,0,0,0,5.53312E+20,5.79793E+21,9.78233E+15,5.23291E+16
132277,3,1,59,1,2018,5,8,3,3,5,3,0,0,1,0,0,0,0,0,5.52269E+20,5.71467E+21,9.75435E+15,5.15807E+16
132278,3,4,60,9,2018,5,21,7,3,5,3,1,1,1,0,0,0,0,0,4.51135E+20,5.84349E+21,8.27622E+15,5.27391E+16
132279,3,1,57,6,2018,5,8,6,3,6,7,0,1,0,1,0,0,0,0,5.83882E+20,5.79708E+21,1.02306E+16,5.23177E+16
132280,3,1,54,28,2018,5,16,3,3,0,1,0,0,0,0,1,0,0,0,6.32786E+20,5.79275E+21,1.0946E+16,5.22691E+16
132281,3,1,58,37,2018,5,7,3,3,1,7,0,1,1,0,0,0,0,0,6.06749E+20,5.78094E+21,1.05609E+16,5.21686E+16
132282,3,1,51,9,2018,5,11,3,3,0,4,0,0,1,1,0,0,0,0,6.04803E+20,5.81643E+21,1.05435E+16,5.2488E+16
132283,3,2,51,40,2018,5,20,1,3,5,3,0,1,1,0,0,0,0,0,4.87331E+20,5.83701E+21,8.81259E+15,5.26828E+16
132284,3,4,59,15,2018,5,15,2,3,5,3,0,1,1,0,0,0,0,0,4.4514E+20,5.77407E+21,8.19882E+15,5.21145E+16
132285,3,4,4,0,2018,5,15,2,3,5,2,0,1,0,0,0,0,0,0,4.35755E+20,5.79103E+21,8.05858E+15,5.22659E+16
132286,3,1,1,0,2018,5,15,2,3,0,7,0,1,0,0,0,0,0,0,6.0337E+20,5.79182E+21,1.05148E+16,5.22671E+16
132287,3,2,41,14,2018,5,16,5,3,5,3,0,1,1,0,0,0,0,0,5.45138E+20,5.79927E+21,9.66257E+15,5.23418E+16
132288,3,4,4,0,2018,5,19,2,3,1,5,0,0,1,0,1,0,0,0,4.35412E+20,5.7917E+21,8.05342E+15,5.22719E+16