OBJECTID_1,ULAND,UREGBEZ,UKREIS,UGEMEINDE,UJAHR,UMONAT,USTUNDE,UWOCHENTAG,UKATEGORIE,UART,UTYP1,ULICHTVERH,IstRad,IstPKW,IstFuss,IstKrad,IstGkfz,IstSonstig,STRZUSTAND,LINREFX,LINREFY,XGCSWGS84,YGCSWGS84
132289,3,4,51,7,2018,5,14,7,3,0,3,0,0,1,0,0,0,1,0,4.26299E+20,5.8952E+21,7.89664E+15,5.3201E+16
132290,3,4,54,35,2018,5,13,5,2,0,5,0,1,1,0,0,0,0,0,3.84498E+20,5.83893E+21,7.29116E+15,5.2688E+16
132291,3,4,2,0,2018,5,14,2,3,2,6,0,0,1,0,0,0,0,0,3.80066E+20,5.91366E+21,7.19783E+15,5.33585E+16
132292,3,4,57,13,2018,5,21,2,3,0,1,1,0,0,0,1,0,0,0,3.96075E+20,5.89996E+21,7.44278E+15,5.32387E+16
132293,3,1,54,28,2018,5,13,3,3,6,6,0,0,1,1,0,0,0,0,6.3728E+20,5.78964E+21,1.10106E+16,5.22401E+16
132294,3,4,54,35,2018,5,18,2,3,5,3,0,1,1,0,0,0,0,0,3.85651E+20,5.84054E+21,7.30765E+15,5.27027E+16
132295,3,4,52,20,2018,5,14,2,2,0,1,0,1,0,0,0,0,0,0,3.78795E+20,5.95277E+21,7.1636E+15,5.37095E+16
132296,3,3,55,13,2018,5,18,1,3,5,3,0,0,1,0,0,0,0,0,6.13903E+20,5.89265E+21,1.07041E+16,5.3171E+16
132297,3,2,41,5,2018,5,16,5,3,2,2,0,0,1,0,0,0,0,0,5.3901E+20,5.80977E+21,9.57385E+15,5.24367E+16
132298,3,4,53,7,2018,5,20,2,3,9,1,0,0,0,0,0,0,1,0,4.23415E+20,5.87561E+21,7.85815E+15,5.30246E+16
132299,3,4,59,17,2018,5,12,6,3,4,6,0,0,1,0,1,0,0,0,4.10762E+20,5.82067E+21,7.68453E+15,5.25288E+16
132300,3,4,53,6,2018,5,5,2,3,5,3,0,1,1,0,0,0,0,0,4.2813E+20,5.84169E+21,7.93592E+15,5.27203E+16
132301,3,2,41,5,2018,5,18,5,3,2,6,0,0,1,0,0,0,0,0,5.39141E+20,5.80922E+21,9.57571E+15,5.24317E+16
132302,3,3,56,7,2018,5,16,2,3,0,1,0,0,0,0,1,0,0,0,4.82007E+20,5.89909E+21,8.73039E+15,5.32408E+16
132303,3,2,41,9,2018,5,19,7,2,5,3,0,1,1,0,0,0,0,0,5.55869E+20,5.79483E+21,9.81933E+15,5.2301E+16
132304,3,4,3,0,2018,5,7,2,3,5,3,0,1,1,0,0,0,0,0,4.47918E+20,5.89238E+21,8.22072E+15,5.31782E+16
132305,3,4,3,0,2018,5,16,2,3,5,2,0,1,1,0,0,0,0,0,4.47458E+20,5.88515E+21,8.21502E+15,5.31132E+16
132306,3,4,3,0,2018,5,9,2,3,5,2,0,1,1,0,0,0,0,0,4.47245E+20,5.88878E+21,8.21124E+15,5.31458E+16
132307,3,4,59,20,2018,5,17,2,3,5,2,0,1,1,0,0,0,0,0,4.3042E+20,5.78283E+21,7.9821E+15,5.21916E+16
132308,3,4,3,0,2018,5,14,2,3,5,2,0,1,1,0,0,0,0,0,4.47781E+20,5.88802E+21,8.21937E+15,5.3139E+16
132309,3,2,41,1,2018,5,22,5,3,0,7,2,1,0,0,0,0,0,0,5.48896E+20,5.80281E+21,9.71824E+15,5.23734E+16
132310,3,4,3,0,2018,5,7,2,3,5,3,0,1,1,0,0,0,0,0,4.5005E+20,5.88524E+21,8.25372E+15,5.31142E+16
132311,3,2,41,8,2018,5,15,1,2,4,6,0,1,0,0,0,0,0,0,5.54987E+20,5.81267E+21,9.80932E+15,5.24614E+16
132312,3,2,41,1,2018,5,16,5,3,2,6,0,0,1,0,1,1,0,0,5.44586E+20,5.80857E+21,9.6557E+15,5.24256E+16
132313,3,4,3,0,2018,5,9,2,3,5,3,0,1,0,0,0,0,0,0,4.46737E+20,5.89018E+21,8.20342E+15,5.31583E+16
132314,3,4,5,0,2018,5,17,6,3,6,7,0,0,1,1,0,0,0,0,4.39706E+20,5.93655E+21,8.08943E+15,5.35743E+16
132315,3,4,3,0,2018,5,13,5,3,5,3,0,0,1,0,1,0,0,0,4.44989E+20,5.89002E+21,8.1773E+15,5.31567E+16
132316,3,2,51,41,2018,5,13,2,3,4,6,0,1,0,0,0,0,0,0,4.87703E+20,5.86345E+21,8.8171E+15,5.29206E+16
132317,3,4,58,13,2018,5,17,2,3,5,3,0,1,0,0,0,0,0,0,4.46063E+20,5.87889E+21,8.19524E+15,5.30568E+16
132318,3,3,53,40,2018,5,15,2,3,1,6,0,0,1,0,0,0,0,0,5.8057E+20,5.91327E+21,1.02107E+16,5.33624E+16
132319,3,3,60,25,2018,5,10,2,2,5,3,0,1,1,0,0,0,0,0,6.06317E+20,5.86996E+21,1.05831E+16,5.29687E+16
132320,3,2,41,1,2018,5,11,5,3,5,3,0,1,1,0,0,0,0,0,5.48672E+20,5.79937E+21,9.71445E+15,5.23425E+16
132321,3,3,53,35,2018,5,8,2,3,2,6,0,1,0,0,0,0,0,0,5.47073E+20,5.90412E+21,9.70607E+15,5.32842E+16
132322,3,3,59,38,2018,5,16,2,3,4,6,0,0,1,0,0,0,0,0,5.28817E+20,5.93868E+21,9.43542E+15,5.35962E+16
132323,3,4,5,0,2018,5,16,2,3,8,1,0,0,1,0,0,0,0,0,4.38719E+20,5.93084E+21,8.07564E+15,5.35229E+16
132324,3,3,58,21,2018,5,13,2,3,1,5,0,1,1,0,0,0,0,0,5.5722E+20,5.87124E+21,9.85239E+15,5.29877E+16
132325,3,2,41,12,2018,5,12,5,2,0,1,0,1,0,0,0,0,0,0,5.30679E+20,5.81703E+21,9.45196E+15,5.25025E+16
132326,3,3,58,21,2018,5,12,2,3,5,3,0,1,1,0,0,0,0,0,5.56275E+20,5.87135E+21,9.83834E+15,5.29887E+16
132327,3,2,56,25,2018,5,0,1,2,9,1,2,0,1,0,0,0,0,0,5.1417E+20,5.81497E+21,9.20867E+15,5.24847E+16
132328,3,2,41,1,2018,5,8,5,3,0,1,0,1,0,0,0,0,0,0,5.49016E+20,5.80483E+21,9.7203E+15,5.23915E+16
132329,3,4,1,0,2018,5,20,6,3,5,2,0,0,1,0,0,0,0,0,4.75876E+20,5.87634E+21,8.64023E+15,5.3036E+16
132330,3,3,60,25,2018,5,10,2,3,3,2,0,1,1,0,0,0,0,0,6.05247E+20,5.86945E+21,1.0567E+16,5.29643E+16
132331,3,4,54,35,2018,5,12,5,3,3,2,0,1,1,0,0,0,0,0,3.8475E+20,5.83981E+21,7.29456E+15,5.2696E+16
132332,3,3,55,8,2018,5,17,2,2,0,1,0,1,0,0,0,0,0,0,5.86433E+20,5.88987E+21,1.02925E+16,5.31512E+16
132333,3,3,55,22,2018,5,6,2,3,2,6,0,0,1,0,1,0,0,0,5.934E+20,5.90124E+21,1.04E+16,5.32522E+16
132334,3,2,52,6,2018,5,17,2,3,2,6,0,0,1,0,0,0,0,0,5.24873E+20,5.77218E+21,9.36312E+15,5.20996E+16
132335,3,1,59,3,2018,5,15,5,3,5,3,0,0,1,1,0,0,0,0,5.97837E+20,5.72016E+21,1.04134E+16,5.1624E+16
132336,3,3,55,22,2018,5,7,2,2,5,3,0,1,1,0,0,0,0,0,5.93702E+20,5.9001E+21,1.04041E+16,5.32419E+16
132337,3,4,55,7,2018,5,5,7,3,8,1,2,0,1,0,0,0,0,0,4.23755E+20,5.93352E+21,7.84932E+15,5.3545E+16
132338,3,1,59,4,2018,5,14,5,3,0,5,0,1,0,0,0,0,0,0,6.08203E+20,5.71711E+21,1.05621E+16,5.15947E+16
132339,3,1,51,9,2018,5,10,6,3,2,6,0,1,0,0,0,0,0,0,6.04688E+20,5.81696E+21,1.0542E+16,5.24927E+16
132340,3,2,41,1,2018,5,16,2,3,2,6,0,0,1,0,0,0,0,0,5.4886E+20,5.79981E+21,9.71727E+15,5.23464E+16
132341,3,4,54,10,2018,5,13,7,3,5,3,0,1,1,0,0,0,0,0,3.84054E+20,5.80638E+21,7.29595E+15,5.23954E+16
132342,3,2,57,31,2018,5,17,5,3,5,3,0,1,1,0,0,0,0,0,5.05445E+20,5.78264E+21,9.07967E+15,5.21942E+16
132343,3,2,57,31,2018,5,18,6,3,1,5,0,0,1,0,0,0,0,0,5.0568E+20,5.78202E+21,9.08308E+15,5.21886E+16
132344,3,2,41,1,2018,5,8,2,3,5,3,0,0,1,0,0,0,0,0,5.52065E+20,5.79907E+21,9.76421E+15,5.23395E+16
132345,3,2,41,1,2018,5,18,2,3,5,3,0,1,1,0,0,0,0,0,5.50344E+20,5.8037E+21,9.73965E+15,5.23812E+16
132346,3,2,41,1,2018,5,11,2,3,5,3,0,0,1,0,1,0,0,0,5.49813E+20,5.80537E+21,9.73209E+15,5.23963E+16
132347,3,4,4,0,2018,5,16,1,3,6,2,0,0,0,1,0,0,1,0,4.35031E+20,5.79181E+21,8.04782E+15,5.22728E+16
132348,3,2,52,4,2018,5,7,5,3,6,4,0,0,1,1,0,0,0,0,5.37325E+20,5.77424E+21,9.54512E+15,5.21175E+16
132349,3,2,41,21,2018,5,15,2,3,9,7,0,0,1,0,0,0,0,0,5.28769E+20,5.80822E+21,9.42307E+15,5.24235E+16
132350,3,3,55,22,2018,5,14,7,3,3,2,0,1,1,0,0,0,0,0,5.96507E+20,5.89897E+21,1.04458E+16,5.32312E+16
132351,3,2,41,15,2018,5,7,2,3,4,2,0,1,1,0,0,0,0,0,5.42961E+20,5.80503E+21,9.63135E+15,5.23938E+16
132352,3,2,41,8,2018,5,7,2,3,0,5,0,0,1,0,1,0,0,0,5.58305E+20,5.80968E+21,9.85763E+15,5.24342E+16
132353,3,1,1,0,2018,5,17,3,3,3,2,0,1,1,0,0,0,0,0,6.04195E+20,5.79342E+21,1.05274E+16,5.22812E+16
132354,3,2,41,18,2018,5,15,2,3,5,3,0,1,1,0,0,0,0,0,5.73898E+20,5.81578E+21,1.00883E+16,5.24871E+16
132355,3,2,41,1,2018,5,17,2,3,5,3,0,1,0,0,0,0,0,0,5.53383E+20,5.80311E+21,9.78419E+15,5.23757E+16
132356,3,2,57,31,2018,5,13,3,3,5,3,0,1,1,0,0,0,0,0,5.05412E+20,5.7817E+21,9.07916E+15,5.21858E+16
132357,3,2,41,1,2018,5,16,2,3,3,6,0,0,0,0,1,0,0,0,5.53925E+20,5.80546E+21,9.79252E+15,5.23967E+16
132358,3,2,41,1,2018,5,13,2,3,5,3,0,1,1,0,0,0,0,0,5.49714E+20,5.80229E+21,9.73017E+15,5.23686E+16
132359,3,4,1,0,2018,5,10,1,3,5,3,0,1,1,0,0,0,0,0,4.76671E+20,5.87439E+21,8.65222E+15,5.30186E+16
132360,3,1,59,14,2018,5,11,5,3,5,3,0,0,1,0,1,0,0,0,5.84023E+20,5.71852E+21,1.02135E+16,5.16114E+16
132361,3,2,41,1,2018,5,12,2,3,5,2,0,1,0,0,0,1,0,0,5.58519E+20,5.80233E+21,9.8595E+15,5.23681E+16
132362,3,2,54,21,2018,5,16,7,3,5,3,0,1,0,0,0,0,1,0,5.61662E+20,5.77454E+21,9.90058E+15,5.2118E+16
132363,3,2,41,1,2018,5,11,2,3,0,7,0,1,0,0,0,0,0,0,5.48739E+20,5.80334E+21,9.71602E+15,5.23781E+16
132364,3,4,56,27,2018,5,11,7,2,1,5,0,1,0,0,0,0,1,0,3.79167E+20,5.79773E+21,7.22728E+15,5.23166E+16
132365,3,2,41,1,2018,5,10,2,3,5,3,0,1,1,0,0,0,0,0,5.49478E+20,5.80537E+21,9.72717E+15,5.23963E+16
132366,3,2,57,32,2018,5,16,2,3,5,2,0,1,1,0,0,0,0,0,5.24042E+20,5.7959E+21,9.35268E+15,5.23129E+16
132367,3,4,57,13,2018,5,18,2,3,5,3,0,0,1,0,1,0,0,0,3.99946E+20,5.90009E+21,7.50072E+15,5.32406E+16
132368,3,2,54,21,2018,5,17,2,3,5,3,0,0,1,0,0,0,0,0,5.68282E+20,5.77936E+21,9.99823E+15,5.21605E+16
132369,3,1,59,16,2018,5,18,5,3,5,3,0,1,1,0,0,0,0,0,5.64598E+20,5.71248E+21,9.93186E+15,5.15597E+16
132370,3,2,54,21,2018,5,13,2,3,4,6,0,1,1,0,0,0,0,0,5.63371E+20,5.77809E+21,9.9262E+15,5.21497E+16
132371,3,2,41,1,2018,5,11,1,3,0,1,0,1,0,0,0,0,0,0,5.53145E+20,5.80813E+21,9.7815E+15,5.24208E+16
132372,3,1,3,0,2018,5,15,5,3,0,5,0,0,1,0,0,0,0,0,6.23287E+20,5.80973E+21,1.08131E+16,5.24239E+16
132373,3,4,3,0,2018,5,12,6,3,5,2,0,1,1,0,0,0,0,0,4.49149E+20,5.88662E+21,8.24006E+15,5.31265E+16
132374,3,1,59,17,2018,5,7,2,3,8,7,0,0,1,0,0,0,0,0,5.48675E+20,5.70057E+21,9.70054E+15,5.14542E+16
132375,3,1,59,16,2018,5,12,2,2,4,2,0,0,1,0,0,0,0,0,5.64605E+20,5.7125E+21,9.93197E+15,5.15599E+16
132376,3,3,55,22,2018,5,16,1,3,0,7,0,1,0,0,0,0,0,0,5.95439E+20,5.8997E+21,1.043E+16,5.3238E+16
132377,3,1,59,16,2018,5,15,2,3,5,2,0,1,1,0,0,0,0,0,5.64567E+20,5.71053E+21,9.93106E+15,5.15422E+16
132378,3,4,54,35,2018,5,14,6,3,5,3,0,0,1,0,0,0,0,0,3.85555E+20,5.84046E+21,7.30625E+15,5.2702E+16
132379,3,1,59,16,2018,5,9,2,3,4,2,0,1,1,0,0,0,0,0,5.63863E+20,5.71038E+21,9.92087E+15,5.15409E+16
132380,3,1,3,0,2018,5,13,2,3,5,7,0,1,1,0,0,0,0,0,6.21853E+20,5.80963E+21,1.0792E+16,5.24233E+16
132381,3,1,2,0,2018,5,13,2,3,5,3,0,1,1,0,0,0,0,0,5.88544E+20,5.77748E+21,1.02939E+16,5.21408E+16
132382,3,4,3,0,2018,5,3,2,3,0,6,2,1,0,0,0,0,0,0,4.47219E+20,5.88712E+21,8.21113E+15,5.31308E+16
132383,3,1,2,0,2018,5,7,2,3,5,3,0,0,1,0,0,0,0,0,5.8866E+20,5.7786E+21,1.02959E+16,5.21508E+16
132384,3,1,53,17,2018,5,11,2,3,5,2,0,0,1,0,1,0,0,0,5.97448E+20,5.7522E+21,1.04167E+16,5.1912E+16
132385,3,1,1,0,2018,5,20,1,2,0,7,0,0,0,0,1,0,0,0,6.03384E+20,5.78661E+21,1.05134E+16,5.22202E+16
132386,3,3,55,22,2018,5,20,6,3,0,6,0,0,1,0,1,0,0,0,5.92698E+20,5.90371E+21,1.03902E+16,5.32745E+16
132387,3,1,51,27,2018,5,8,2,3,1,7,0,0,1,0,1,0,0,0,5.97508E+20,5.80148E+21,1.04317E+16,5.23549E+16
132388,3,1,51,9,2018,5,9,2,3,2,6,0,0,1,0,0,0,0,0,6.04875E+20,5.81549E+21,1.05443E+16,5.24795E+16
132389,3,4,4,0,2018,5,17,1,3,0,7,1,0,1,0,0,0,0,1,4.30552E+20,5.79118E+21,7.98232E+15,5.22666E+16
132390,3,1,1,0,2018,5,21,2,2,3,5,0,0,1,0,1,0,0,0,6.02852E+20,5.79235E+21,1.05074E+16,5.22719E+16
132391,3,4,52,6,2018,5,15,1,3,0,1,0,0,0,0,1,0,0,0,4.11432E+20,5.9203E+21,7.66713E+15,5.34243E+16
132392,3,4,51,7,2018,5,13,1,2,5,3,0,1,1,0,0,0,0,0,4.27114E+20,5.90064E+21,7.9076E+15,5.325E+16
132393,3,2,41,10,2018,5,10,2,3,0,1,0,1,0,0,0,0,0,0,5.48305E+20,5.81105E+21,9.71074E+15,5.24475E+16
132394,3,4,3,0,2018,5,20,1,3,6,4,0,0,1,1,0,0,0,1,4.49221E+20,5.88953E+21,8.24066E+15,5.31527E+16
132395,3,4,60,9,2018,5,16,7,3,8,1,0,1,1,1,0,0,0,0,4.51527E+20,5.84284E+21,8.28213E+15,5.27333E+16
132396,3,2,52,6,2018,5,13,6,3,4,2,0,0,1,0,0,0,0,0,5.2519E+20,5.77228E+21,9.36776E+15,5.21005E+16
132397,3,4,3,0,2018,5,13,1,3,2,6,0,0,1,0,0,0,0,0,4.4826E+20,5.89091E+21,8.22606E+15,5.3165E+16
132398,3,3,52,45,2018,5,18,1,2,9,1,0,0,0,0,1,0,0,0,4.96942E+20,5.95552E+21,8.95362E+15,5.37483E+16
132399,3,3,53,40,2018,5,16,1,3,5,3,0,1,1,0,0,0,0,0,5.80947E+20,5.91253E+21,1.02162E+16,5.33557E+16
132400,3,4,53,4,2018,5,5,1,2,9,7,1,0,1,0,0,0,0,0,4.3238E+20,5.85527E+21,7.99604E+15,5.2843E+16
132401,3,4,53,4,2018,5,13,5,3,3,2,0,1,1,0,0,0,0,0,4.35907E+20,5.85543E+21,8.04836E+15,5.28448E+16
132402,3,3,58,22,2018,5,19,1,3,8,1,1,0,1,0,0,0,0,0,5.41635E+20,5.85146E+21,9.6177E+15,5.28113E+16
132403,3,2,41,1,2018,5,13,7,3,1,5,0,1,1,0,0,0,0,0,5.50535E+20,5.80248E+21,9.74226E+15,5.23703E+16
132404,3,3,58,2,2018,5,13,1,2,0,1,0,0,0,0,1,0,0,0,5.70798E+20,5.88447E+21,1.00575E+16,5.31049E+16
132405,3,3,55,4,2018,5,18,1,3,0,1,0,1,0,0,0,0,0,0,5.91834E+20,5.90781E+21,1.03784E+16,5.33115E+16
132406,3,3,61,12,2018,5,19,7,3,5,3,0,0,1,0,0,0,0,0,5.15804E+20,5.86341E+21,9.23506E+15,5.29201E+16
132407,3,4,4,0,2018,5,20,5,2,0,1,1,1,0,0,0,0,0,0,4.39387E+20,5.79155E+21,8.11169E+15,5.2271E+16
132408,3,3,51,26,2018,5,11,1,3,4,6,0,1,1,0,0,0,0,0,5.87206E+20,5.85508E+21,1.02946E+16,5.28384E+16
132409,3,3,51,24,2018,5,12,1,3,5,3,0,1,1,0,0,0,0,0,5.62258E+20,5.83683E+21,9.92087E+15,5.26778E+16
132410,3,2,54,21,2018,5,10,3,3,5,1,0,1,0,0,0,0,0,0,5.65984E+20,5.77995E+21,9.96475E+15,5.21661E+16
132411,3,2,41,1,2018,5,12,1,3,0,3,0,1,1,0,0,0,0,0,5.50696E+20,5.80515E+21,9.74504E+15,5.23943E+16
132412,3,2,41,1,2018,5,23,1,3,6,2,2,0,1,1,0,0,0,0,5.53144E+20,5.80581E+21,9.78111E+15,5.23999E+16
132413,3,3,59,26,2018,5,18,1,3,4,6,0,0,1,0,0,0,0,0,5.33257E+20,5.94067E+21,9.50272E+15,5.36138E+16
132414,3,1,59,26,2018,5,18,1,2,0,7,0,0,0,0,1,0,0,0,5.85505E+20,5.73225E+21,1.02382E+16,5.17346E+16
132415,3,1,1,0,2018,5,8,7,3,5,2,0,0,1,0,0,0,0,0,6.03306E+20,5.79676E+21,1.05154E+16,5.23114E+16
132416,3,2,57,31,2018,5,14,1,3,5,3,0,0,1,0,0,0,1,0,5.05762E+20,5.78356E+21,9.08431E+15,5.22025E+16
132417,3,4,60,9,2018,5,20,7,3,5,3,1,0,1,0,0,0,0,0,4.51685E+20,5.84275E+21,8.28448E+15,5.27324E+16
132418,3,1,58,5,2018,5,18,5,3,5,5,0,0,1,0,1,0,0,0,5.98976E+20,5.77438E+21,1.04454E+16,5.21111E+16
132419,3,4,56,15,2018,5,20,2,2,8,1,0,0,1,0,0,0,0,0,3.71384E+20,5.81113E+21,7.10802E+15,5.24353E+16
132420,3,2,41,1,2018,5,13,6,3,3,2,0,0,1,0,0,0,0,0,5.53949E+20,5.8075E+21,9.79321E+15,5.2415E+16
132421,3,4,1,0,2018,5,15,3,3,6,2,0,0,1,1,0,0,0,0,4.75417E+20,5.8777E+21,8.63328E+15,5.30483E+16
132422,3,4,54,18,2018,5,14,5,3,5,3,0,0,1,0,1,0,0,0,3.74876E+20,5.85396E+21,7.14314E+15,5.28209E+16
132423,3,4,55,15,2018,5,7,2,3,5,3,0,0,1,0,1,0,0,0,4.3093E+20,5.93349E+21,7.95758E+15,5.35458E+16
132424,3,4,54,32,2018,5,19,5,2,5,3,0,1,1,0,0,0,0,0,3.86311E+20,5.81971E+21,7.32457E+15,5.25156E+16
132425,3,4,56,1,2018,5,15,6,3,2,2,0,1,1,0,0,0,0,0,3.74184E+20,5.79633E+21,7.15474E+15,5.23029E+16
132426,3,4,54,32,2018,5,15,5,3,2,6,0,0,1,0,0,0,0,0,3.86595E+20,5.81653E+21,7.32984E+15,5.24871E+16
132427,3,2,54,21,2018,5,21,6,3,4,2,2,0,1,0,1,0,0,0,5.6529E+20,5.77818E+21,9.95426E+15,5.21502E+16
132428,3,2,41,1,2018,5,16,3,3,1,5,0,0,1,0,1,0,0,0,5.56556E+20,5.79852E+21,9.83003E+15,5.2334E+16
132429,3,4,62,19,2018,5,13,5,3,1,5,1,1,1,0,0,0,0,0,4.21322E+20,5.9507E+21,7.80827E+15,5.36991E+16
132430,3,3,58,16,2018,5,16,2,3,4,2,0,0,1,0,1,0,0,0,5.74352E+20,5.87169E+21,1.01077E+16,5.29896E+16
132431,3,4,53,2,2018,5,4,5,3,9,1,1,0,1,0,0,0,0,0,4.30407E+20,5.87152E+21,7.96326E+15,5.29887E+16
132432,3,4,58,10,2018,5,9,6,3,2,6,0,0,1,0,0,0,0,0,4.62832E+20,5.88486E+21,8.44473E+15,5.31119E+16
132433,3,2,51,37,2018,5,18,2,3,2,6,0,0,1,0,0,0,1,0,4.85856E+20,5.87247E+21,8.78924E+15,5.30016E+16
132434,3,4,60,4,2018,5,7,5,3,5,3,0,1,1,0,0,0,0,0,4.58441E+20,5.85062E+21,8.38353E+15,5.28038E+16
132435,3,4,54,41,2018,5,20,1,2,2,6,0,0,1,1,0,0,0,0,3.92967E+20,5.88385E+21,7.40161E+15,5.30934E+16
132436,3,4,60,7,2018,5,14,6,3,4,6,0,1,0,0,1,0,0,0,4.36343E+20,5.81853E+21,8.06196E+15,5.25132E+16
132437,3,3,51,26,2018,5,13,3,3,0,7,0,0,1,0,0,0,0,0,5.72621E+20,5.85459E+21,1.0078E+16,5.28362E+16
132438,3,4,53,4,2018,5,7,5,3,5,3,0,1,0,0,0,0,1,0,4.36157E+20,5.85525E+21,8.05211E+15,5.28433E+16
132439,3,1,3,0,2018,5,12,6,3,5,3,0,1,1,0,0,0,0,0,6.21072E+20,5.808E+21,1.07799E+16,5.24088E+16
132440,3,1,55,11,2018,5,11,3,3,6,4,0,0,1,1,0,0,0,0,5.68894E+20,5.72901E+21,9.99708E+15,5.17078E+16
132441,3,4,5,0,2018,5,17,5,3,5,3,0,1,1,0,0,0,0,0,4.38352E+20,5.93081E+21,8.07012E+15,5.35226E+16
132442,3,2,41,12,2018,5,18,2,3,4,2,0,0,1,0,0,0,0,0,5.31108E+20,5.81711E+21,9.45829E+15,5.25032E+16
132443,3,4,3,0,2018,5,7,5,2,5,3,0,1,0,0,0,0,0,0,4.48067E+20,5.89052E+21,8.22325E+15,5.31615E+16
132444,3,3,55,22,2018,5,11,6,3,5,3,0,1,1,0,0,0,0,0,5.93422E+20,5.89994E+21,1.03999E+16,5.32405E+16
132445,3,4,3,0,2018,5,16,5,3,2,6,0,0,1,0,0,0,0,0,4.48917E+20,5.8867E+21,8.23657E+15,5.31273E+16
132446,3,4,61,2,2018,5,11,5,3,5,3,0,1,1,0,0,0,0,0,4.65273E+20,5.90938E+21,8.47852E+15,5.33324E+16
132447,3,4,54,32,2018,5,17,2,2,5,2,0,1,1,0,0,0,0,0,3.88685E+20,5.81943E+21,7.35962E+15,5.25136E+16
132448,3,3,52,59,2018,5,9,5,3,5,7,0,0,1,0,0,0,0,0,4.88102E+20,5.92061E+21,8.8209E+15,5.34344E+16
132449,3,4,4,0,2018,5,6,5,3,2,6,0,0,1,0,0,0,0,0,4.36073E+20,5.79184E+21,8.06308E+15,5.22732E+16
132450,3,1,57,6,2018,5,16,3,3,0,2,0,1,1,0,0,0,0,0,5.81355E+20,5.7986E+21,1.01939E+16,5.23317E+16
132451,3,3,59,38,2018,5,15,5,3,5,2,0,1,1,0,0,0,0,0,5.31312E+20,5.93866E+21,9.47312E+15,5.35959E+16
132452,3,2,41,1,2018,5,11,2,3,0,7,0,0,0,0,0,0,1,0,5.4771E+20,5.80303E+21,9.70085E+15,5.23754E+16
132453,3,3,55,22,2018,5,15,5,2,4,2,0,0,1,0,1,0,0,0,5.96392E+20,5.90046E+21,1.04445E+16,5.32447E+16
132454,3,2,41,1,2018,5,14,6,3,2,6,0,0,1,0,0,0,0,0,5.49033E+20,5.80303E+21,9.72028E+15,5.23753E+16
132455,3,4,5,0,2018,5,19,3,3,5,3,0,1,1,0,0,0,0,0,4.39427E+20,5.93355E+21,8.08579E+15,5.35473E+16
132456,3,3,51,6,2018,5,10,5,3,5,3,0,1,1,0,0,0,0,0,5.71927E+20,5.8301E+21,1.00624E+16,5.26161E+16
132457,3,4,60,6,2018,5,13,2,3,9,1,0,1,0,0,0,0,0,0,4.48238E+20,5.83646E+21,8.23443E+15,5.26756E+16
132458,3,2,41,1,2018,5,8,5,3,1,5,0,1,1,0,0,0,0,0,5.49953E+20,5.80487E+21,9.73407E+15,5.23918E+16
132459,3,4,59,24,2018,5,16,6,2,0,1,0,1,0,0,0,0,0,0,4.5464E+20,5.78412E+21,8.33622E+15,5.22056E+16
132460,3,2,41,1,2018,5,19,5,3,5,3,0,0,1,0,0,0,0,0,5.52016E+20,5.80535E+21,9.76445E+15,5.23959E+16
132461,3,2,54,21,2018,5,8,2,3,3,6,0,0,1,0,1,0,0,0,5.64349E+20,5.77894E+21,9.94065E+15,5.21572E+16
132462,3,2,41,1,2018,5,12,7,3,5,3,0,0,1,0,0,0,0,0,5.52998E+20,5.80601E+21,9.779E+15,5.24018E+16
132463,3,2,41,1,2018,5,15,5,3,2,6,0,0,0,0,0,0,1,0,5.51163E+20,5.80297E+21,9.75156E+15,5.23746E+16
132464,3,2,41,3,2018,5,17,6,3,0,1,0,1,0,0,0,0,0,0,5.69351E+20,5.81622E+21,1.00214E+16,5.24917E+16
132465,3,2,41,1,2018,5,16,3,3,3,2,0,1,1,0,0,0,0,0,5.53733E+20,5.8055E+21,9.78971E+15,5.23971E+16
132466,3,3,52,50,2018,5,10,3,2,6,4,0,0,1,1,0,0,0,0,4.76004E+20,5.93645E+21,8.63759E+15,5.35763E+16
132467,3,2,41,1,2018,5,14,5,3,3,2,0,1,1,0,0,0,0,0,5.50243E+20,5.8031E+21,9.73807E+15,5.23759E+16
132468,3,4,5,0,2018,5,16,2,3,1,6,0,0,1,0,1,0,0,0,4.39787E+20,5.93086E+21,8.09174E+15,5.35232E+16
132469,3,2,41,1,2018,5,22,5,3,1,5,2,0,1,0,0,0,0,0,5.45559E+20,5.80747E+21,9.66987E+15,5.24156E+16
132470,3,4,54,41,2018,5,23,1,3,9,1,2,0,1,0,0,0,0,1,3.86023E+20,5.87735E+21,7.30027E+15,5.30335E+16
132471,3,4,52,1,2018,5,14,6,3,2,6,0,0,1,0,0,0,0,0,3.97873E+20,5.9258E+21,7.46137E+15,5.34713E+16
132472,3,2,41,4,2018,5,17,3,3,5,3,0,0,1,0,0,0,0,0,5.57869E+20,5.82354E+21,9.85363E+15,5.25588E+16
132473,3,2,41,1,2018,5,18,5,3,6,4,0,0,1,1,0,0,0,0,5.54773E+20,5.80721E+21,9.80527E+15,5.24123E+16
132474,3,2,52,6,2018,5,14,6,3,5,3,0,1,1,0,0,0,0,0,5.24387E+20,5.77291E+21,9.35608E+15,5.21062E+16
132475,3,2,41,10,2018,5,16,3,2,5,2,0,0,1,0,0,0,0,0,5.45017E+20,5.81028E+21,9.66226E+15,5.24409E+16
132476,3,2,41,1,2018,5,19,5,3,1,5,0,1,1,0,0,0,0,0,5.5161E+20,5.80523E+21,9.75847E+15,5.23949E+16