OBJECTID_1,ULAND,UREGBEZ,UKREIS,UGEMEINDE,UJAHR,UMONAT,USTUNDE,UWOCHENTAG,UKATEGORIE,UART,UTYP1,ULICHTVERH,IstRad,IstPKW,IstFuss,IstKrad,IstGkfz,IstSonstig,STRZUSTAND,LINREFX,LINREFY,XGCSWGS84,YGCSWGS84
132665,3,4,52,19,2018,5,11,2,3,5,3,0,0,1,0,0,0,1,0,3.81135E+20,5.93986E+21,7.20398E+15,5.35941E+16
132666,3,3,55,22,2018,5,16,3,3,5,3,0,1,1,0,0,0,0,0,5.93424E+20,5.90125E+21,1.04003E+16,5.32522E+16
132667,3,1,57,5,2018,5,10,7,3,5,3,0,1,1,0,0,0,0,0,5.90653E+20,5.78326E+21,1.03262E+16,5.21923E+16
132668,3,3,55,22,2018,5,14,3,3,6,7,0,0,0,1,0,0,1,0,5.93904E+20,5.90107E+21,1.04074E+16,5.32506E+16
132669,3,2,41,1,2018,5,7,6,3,4,6,0,1,0,0,0,0,0,0,5.48542E+20,5.79934E+21,9.71254E+15,5.23422E+16
132670,3,1,55,11,2018,5,12,3,2,6,4,0,0,1,1,0,0,0,0,5.69576E+20,5.72885E+21,1.00069E+16,5.17063E+16
132671,3,3,53,5,2018,5,20,3,3,5,3,0,1,1,0,0,0,0,0,5.5902E+20,5.90972E+21,9.8863E+15,5.33333E+16
132672,3,2,41,1,2018,6,15,3,3,4,2,0,1,1,0,0,0,0,0,5.49108E+20,5.80826E+21,9.72216E+15,5.24224E+16
132673,3,2,41,1,2018,5,15,5,3,1,5,0,1,1,0,0,0,0,0,5.4511E+20,5.80086E+21,9.66237E+15,5.23561E+16
132674,3,2,41,9,2018,6,13,2,3,5,3,0,1,1,0,0,0,0,0,5.55254E+20,5.79442E+21,9.81024E+15,5.22973E+16
132675,3,2,41,1,2018,5,19,5,3,1,7,0,1,1,0,0,0,0,0,5.54347E+20,5.80423E+21,9.79853E+15,5.23856E+16
132676,3,4,3,0,2018,6,9,6,3,0,7,0,1,0,0,0,0,1,0,4.47382E+20,5.88843E+21,8.21335E+15,5.31427E+16
132677,3,4,56,15,2018,5,7,5,3,1,5,0,1,1,0,0,0,0,0,3.68667E+20,5.80881E+21,7.06898E+15,5.24137E+16
132678,3,1,59,16,2018,6,13,3,3,5,3,0,1,1,0,0,0,0,0,5.63526E+20,5.71041E+21,9.91603E+15,5.15412E+16
132679,3,2,41,1,2018,5,17,5,3,3,2,0,1,1,0,0,0,0,0,5.52573E+20,5.80193E+21,9.77211E+15,5.23651E+16
132680,3,1,51,9,2018,6,16,2,3,5,2,0,1,1,0,0,0,0,0,6.02466E+20,5.81758E+21,1.05095E+16,5.24987E+16
132681,3,1,51,38,2018,6,11,7,3,5,3,0,0,1,0,0,0,1,0,6.0496E+20,5.83E+21,1.05501E+16,5.26099E+16
132682,3,2,41,1,2018,5,11,5,3,5,7,0,1,1,0,0,0,0,0,5.51916E+20,5.80318E+21,9.76265E+15,5.23764E+16
132683,3,2,41,21,2018,6,14,6,3,6,4,0,0,1,1,0,0,0,0,5.28873E+20,5.8084E+21,9.42462E+15,5.24251E+16
132684,3,4,3,0,2018,6,21,3,3,2,6,0,1,0,0,0,0,0,0,4.47374E+20,5.88847E+21,8.21323E+15,5.3143E+16
132685,3,2,41,5,2018,5,16,5,3,3,2,0,0,1,0,1,0,0,0,5.40267E+20,5.80804E+21,9.59213E+15,5.24211E+16
132686,3,3,60,25,2018,6,10,6,3,4,2,0,0,1,0,0,0,0,0,6.03926E+20,5.87014E+21,1.05476E+16,5.29707E+16
132687,3,2,41,3,2018,6,16,1,3,2,6,0,0,1,0,0,0,0,0,5.67855E+20,5.8117E+21,9.9985E+15,5.24513E+16
132688,3,4,4,0,2018,5,14,3,2,6,4,0,0,1,1,0,0,0,0,4.32269E+20,5.79472E+21,8.00676E+15,5.22986E+16
132689,3,4,62,19,2018,5,8,5,3,5,3,0,1,1,0,0,0,0,0,4.18505E+20,5.93678E+21,7.76926E+15,5.35736E+16
132690,3,4,56,15,2018,6,17,2,3,2,6,0,0,1,0,0,0,0,0,3.68706E+20,5.80895E+21,7.06951E+15,5.2415E+16
132691,3,2,41,5,2018,5,10,5,3,0,1,0,1,0,0,0,0,0,0,5.41535E+20,5.80737E+21,9.61068E+15,5.2415E+16
132692,3,2,41,18,2018,6,7,7,3,5,3,0,1,0,0,0,0,0,0,5.821E+20,5.81353E+21,1.02085E+16,5.24658E+16
132693,3,4,59,34,2018,6,0,1,3,5,3,2,0,1,0,0,0,0,0,4.31466E+20,5.77115E+21,7.99975E+15,5.20866E+16
132694,3,4,59,19,2018,6,10,6,3,5,2,0,0,1,0,0,0,1,0,4.35487E+20,5.78336E+21,8.05611E+15,5.21969E+16
132695,3,2,41,10,2018,5,7,5,3,1,5,0,1,0,0,0,0,1,0,5.49526E+20,5.80926E+21,9.72845E+15,5.24313E+16
132696,3,2,41,1,2018,6,3,6,3,2,6,2,1,0,0,0,0,0,0,5.48256E+20,5.80202E+21,9.70872E+15,5.23664E+16
132697,3,4,1,0,2018,6,9,3,2,5,3,0,1,1,0,0,0,0,0,4.75387E+20,5.87906E+21,8.63273E+15,5.30605E+16
132698,3,4,1,0,2018,5,9,5,3,4,2,0,1,1,0,0,0,0,0,4.74797E+20,5.87807E+21,8.62401E+15,5.30516E+16
132699,3,4,3,0,2018,6,14,2,3,5,2,0,1,1,0,0,0,0,0,4.47781E+20,5.88802E+21,8.21937E+15,5.3139E+16
132700,3,2,41,1,2018,5,18,5,3,8,1,0,1,0,0,0,0,0,0,5.46645E+20,5.80498E+21,9.68548E+15,5.23931E+16
132701,3,4,53,4,2018,5,7,5,3,3,2,0,1,1,0,0,0,0,0,4.36454E+20,5.85516E+21,8.05653E+15,5.28424E+16
132702,3,4,52,1,2018,6,18,2,3,0,6,0,1,1,0,0,0,0,0,4.00715E+20,5.92459E+21,7.50455E+15,5.3461E+16
132703,3,2,41,1,2018,5,18,5,3,5,2,0,1,1,0,0,0,0,0,5.49957E+20,5.80353E+21,9.73393E+15,5.23798E+16
132704,3,4,60,5,2018,6,14,1,3,5,3,0,1,1,0,0,0,0,0,4.41739E+20,5.82555E+21,8.14023E+15,5.25769E+16
132705,3,4,54,8,2018,6,7,6,3,5,3,0,1,1,0,0,0,0,0,3.8754E+20,5.86976E+21,7.32552E+15,5.29656E+16
132706,3,1,59,19,2018,5,9,5,3,2,6,0,0,1,0,0,0,0,0,5.92296E+20,5.72353E+21,1.03342E+16,5.16551E+16
132707,3,1,3,0,2018,6,20,6,3,1,5,0,0,1,0,0,0,0,0,6.18075E+20,5.80718E+21,1.07356E+16,5.24021E+16
132708,3,3,55,9,2018,6,13,3,3,5,2,0,1,0,0,0,0,1,0,6.15402E+20,5.90596E+21,1.07313E+16,5.32903E+16
132709,3,1,55,13,2018,5,15,5,3,5,3,0,1,1,0,0,0,0,0,5.59673E+20,5.74081E+21,9.86568E+15,5.18149E+16
132710,3,3,53,5,2018,6,13,2,3,5,3,0,1,1,0,0,0,0,0,5.57665E+20,5.90937E+21,9.86589E+15,5.33303E+16
132711,3,2,57,35,2018,5,7,5,3,0,3,0,1,1,0,0,0,0,0,5.13483E+20,5.79745E+21,9.19784E+15,5.23272E+16
132712,3,4,55,7,2018,6,13,6,3,5,2,0,1,1,0,0,0,0,0,4.27435E+20,5.93661E+21,7.90414E+15,5.35733E+16
132713,3,4,52,19,2018,6,14,6,3,5,3,0,0,1,0,0,0,0,0,3.82401E+20,5.94133E+21,7.22254E+15,5.36076E+16
132714,3,1,3,0,2018,5,18,5,2,5,3,0,1,1,0,0,0,0,0,6.21457E+20,5.80903E+21,1.0786E+16,5.2418E+16
132715,3,1,1,0,2018,6,16,6,3,2,6,0,1,1,0,0,0,0,0,6.0218E+20,5.79176E+21,1.04974E+16,5.22667E+16
132716,3,2,41,12,2018,6,14,3,3,4,2,0,0,0,0,1,0,1,0,5.31021E+20,5.81686E+21,9.45699E+15,5.25009E+16
132717,3,4,4,0,2018,5,10,3,3,4,6,0,1,1,0,0,0,0,0,4.34562E+20,5.79244E+21,8.04082E+15,5.22784E+16
132718,3,1,51,17,2018,5,15,5,3,4,6,0,1,0,0,0,0,0,0,5.90868E+20,5.81367E+21,1.03376E+16,5.24656E+16
132719,3,1,55,9,2018,6,7,2,3,8,6,0,1,0,0,0,0,1,0,5.60395E+20,5.72801E+21,9.87392E+15,5.16998E+16
132720,3,1,51,13,2018,5,19,5,2,5,2,0,0,1,0,1,0,0,0,6.07863E+20,5.80978E+21,1.05864E+16,5.24276E+16
132721,3,3,53,5,2018,6,16,6,3,6,1,0,0,1,1,0,0,0,0,5.58159E+20,5.9043E+21,9.87237E+15,5.32848E+16
132722,3,2,41,3,2018,6,12,1,3,4,7,0,0,1,0,0,0,0,0,5.68479E+20,5.81119E+21,1.00076E+16,5.24466E+16
132723,3,4,56,15,2018,5,17,3,3,5,3,0,1,1,0,0,0,0,0,3.69567E+20,5.80933E+21,7.08201E+15,5.24186E+16
132724,3,4,54,32,2018,5,17,5,3,2,6,0,0,1,0,0,0,0,0,3.8577E+20,5.82E+21,7.3165E+15,5.25181E+16
132725,3,1,1,0,2018,6,17,3,3,5,2,0,1,1,0,0,0,0,0,6.04933E+20,5.78772E+21,1.05364E+16,5.22299E+16
132726,3,1,1,0,2018,5,17,5,2,5,3,0,1,1,0,0,0,0,0,6.04648E+20,5.79277E+21,1.05338E+16,5.22754E+16
132727,3,3,55,1,2018,6,16,1,3,5,3,0,1,1,0,0,0,0,0,5.95809E+20,5.90435E+21,1.0437E+16,5.32797E+16
132728,3,4,59,3,2018,5,15,5,3,5,3,0,0,1,0,0,0,0,0,4.56188E+20,5.79947E+21,8.35686E+15,5.23438E+16
132729,3,1,59,16,2018,6,18,3,3,5,5,0,0,1,0,0,0,0,0,5.64636E+20,5.70811E+21,9.93161E+15,5.15204E+16
132730,3,1,1,0,2018,5,14,5,3,6,4,0,1,0,1,0,0,0,0,6.03649E+20,5.79529E+21,1.052E+16,5.22982E+16
132731,3,1,53,17,2018,6,16,2,3,5,3,0,0,1,0,0,1,0,0,5.95701E+20,5.75689E+21,1.03927E+16,5.19545E+16
132732,3,2,52,6,2018,6,0,7,2,4,2,2,0,1,0,1,0,0,0,5.25036E+20,5.77269E+21,9.36554E+15,5.21042E+16
132733,3,4,4,0,2018,5,17,4,3,5,3,0,1,1,0,0,0,0,0,4.32385E+20,5.79459E+21,8.00849E+15,5.22975E+16
132734,3,3,51,6,2018,6,7,6,3,3,7,0,1,0,0,0,0,0,0,5.70693E+20,5.83052E+21,1.00442E+16,5.26201E+16
132735,3,2,41,1,2018,6,15,1,3,4,6,0,0,1,0,1,0,0,0,5.5198E+20,5.80508E+21,9.76389E+15,5.23935E+16
132736,3,4,53,13,2018,5,13,5,3,5,3,0,1,0,0,1,0,0,0,4.11016E+20,5.88726E+21,7.67012E+15,5.31273E+16
132737,3,4,54,18,2018,6,14,2,3,5,3,0,0,1,0,0,0,0,0,3.85363E+20,5.84919E+21,7.30037E+15,5.27804E+16
132738,3,4,4,0,2018,5,16,4,3,3,2,0,1,0,0,0,0,1,0,4.351E+20,5.79179E+21,8.04883E+15,5.22727E+16
132739,3,4,57,18,2018,6,3,1,3,9,1,2,0,1,0,0,0,0,0,4.03077E+20,5.88811E+21,7.55125E+15,5.31336E+16
132740,3,4,4,0,2018,6,18,6,3,0,6,0,0,1,0,0,0,1,0,4.32698E+20,5.79389E+21,8.01322E+15,5.22912E+16
132741,3,4,4,0,2018,5,10,4,3,5,3,0,1,1,0,0,0,0,0,4.35821E+20,5.79496E+21,8.0588E+15,5.23012E+16
132742,3,2,55,23,2018,6,15,6,3,0,1,0,1,0,0,0,0,0,1,5.32006E+20,5.74355E+21,9.46458E+15,5.18418E+16
132743,3,2,41,12,2018,6,13,7,3,6,4,0,1,0,1,0,0,0,0,5.3137E+20,5.81732E+21,9.46218E+15,5.25051E+16
132744,3,1,1,0,2018,6,14,2,3,5,3,0,0,1,0,0,0,0,0,6.02755E+20,5.79202E+21,1.05059E+16,5.2269E+16
132745,3,1,1,0,2018,6,17,7,3,5,3,0,1,1,0,0,0,0,0,6.03629E+20,5.79416E+21,1.05193E+16,5.2288E+16
132746,3,4,2,0,2018,5,13,4,3,5,7,0,0,1,0,0,0,0,0,3.75925E+20,5.91128E+21,7.13658E+15,5.33361E+16
132747,3,2,41,1,2018,6,21,6,3,6,4,1,0,1,1,0,0,0,0,5.48893E+20,5.80425E+21,9.71841E+15,5.23863E+16
132748,3,2,51,12,2018,6,19,3,3,0,1,0,0,0,0,1,0,0,0,4.58916E+20,5.82908E+21,8.39326E+15,5.26101E+16
132749,3,3,56,5,2018,5,16,5,3,2,2,0,1,0,0,1,0,0,0,4.94049E+20,5.8881E+21,8.91103E+15,5.31423E+16
132750,3,4,53,4,2018,6,7,2,3,3,6,0,1,1,0,0,0,0,0,4.34971E+20,5.85515E+21,8.03451E+15,5.28422E+16
132751,3,4,57,13,2018,5,12,4,3,0,7,0,1,0,0,0,0,1,1,3.9736E+20,5.89947E+21,7.46218E+15,5.32346E+16
132752,3,4,62,19,2018,6,11,6,2,5,3,0,1,1,0,0,0,0,0,4.18572E+20,5.93718E+21,7.77017E+15,5.35771E+16
132753,3,4,54,47,2018,5,16,4,3,5,3,0,1,1,0,0,0,0,0,4.00447E+20,5.85561E+21,7.52196E+15,5.2841E+16
132754,3,2,41,1,2018,6,21,1,3,0,1,0,1,0,0,0,0,0,0,5.52063E+20,5.80785E+21,9.76553E+15,5.24184E+16
132755,3,4,1,0,2018,6,12,1,3,5,3,0,0,1,0,0,0,0,0,4.76664E+20,5.87759E+21,8.6519E+15,5.30473E+16
132756,3,1,3,0,2018,6,15,6,2,0,3,0,1,1,0,0,0,0,0,6.20419E+20,5.80976E+21,1.0771E+16,5.24248E+16
132757,3,2,41,1,2018,6,17,3,3,0,1,0,1,0,0,0,0,0,0,5.48471E+20,5.80245E+21,9.71195E+15,5.23702E+16
132758,3,4,56,16,2018,5,18,4,3,5,3,0,0,1,0,1,0,0,0,3.82129E+20,5.79214E+21,7.27267E+15,5.2267E+16
132759,3,3,59,30,2018,6,15,3,2,2,6,0,1,0,0,1,0,0,0,5.15696E+20,5.96469E+21,9.23849E+15,5.38305E+16
132760,3,2,41,1,2018,5,19,5,3,6,7,0,1,0,1,0,0,0,0,5.48851E+20,5.79894E+21,9.71702E+15,5.23386E+16
132761,3,4,58,14,2018,6,13,2,3,5,3,0,1,1,0,0,0,0,0,4.61938E+20,5.86049E+21,8.43425E+15,5.28928E+16
132762,3,4,54,35,2018,5,5,4,3,5,2,0,0,1,0,0,0,0,0,3.8486E+20,5.83702E+21,7.29718E+15,5.26708E+16
132763,3,4,60,7,2018,6,10,6,3,3,5,0,0,1,0,1,0,0,0,4.36754E+20,5.81835E+21,8.06805E+15,5.25116E+16
132764,3,4,52,20,2018,5,10,4,3,5,2,0,1,1,0,0,0,0,0,3.84303E+20,5.95292E+21,7.24695E+15,5.37121E+16
132765,3,2,41,1,2018,6,12,1,3,2,7,0,0,1,0,0,0,0,0,5.51981E+20,5.80529E+21,9.76394E+15,5.23954E+16
132766,3,1,1,0,2018,6,14,6,3,5,3,0,1,1,0,0,0,0,1,6.04898E+20,5.79376E+21,1.05378E+16,5.22842E+16
132767,3,2,41,1,2018,6,16,3,2,4,2,0,1,1,0,0,0,0,0,5.48887E+20,5.80033E+21,9.71775E+15,5.23511E+16
132768,3,4,54,39,2018,5,15,3,3,5,3,0,0,1,0,0,0,0,0,3.79528E+20,5.85953E+21,7.21008E+15,5.2872E+16
132769,3,4,52,1,2018,5,16,4,3,3,6,0,1,0,0,0,0,0,0,3.97844E+20,5.92547E+21,7.46104E+15,5.34683E+16
132770,3,1,59,16,2018,6,9,2,3,6,7,0,0,0,1,0,0,1,0,5.65015E+20,5.70972E+21,9.93737E+15,5.15348E+16
132771,3,2,41,1,2018,6,17,7,2,0,1,0,1,0,0,0,0,0,0,5.51925E+20,5.80613E+21,9.76325E+15,5.24029E+16
132772,3,4,53,11,2018,5,18,4,3,4,6,0,1,1,0,0,0,0,0,4.13601E+20,5.84966E+21,7.71877E+15,5.27898E+16
132773,3,2,41,1,2018,6,9,1,2,6,4,0,1,1,1,0,0,0,0,5.49295E+20,5.80418E+21,9.7243E+15,5.23857E+16
132774,3,3,57,39,2018,6,10,6,3,8,6,0,1,0,0,0,0,0,0,5.2608E+20,5.88374E+21,9.38954E+15,5.31024E+16
132775,3,2,41,11,2018,6,14,2,3,1,5,0,1,1,0,0,0,0,0,5.61696E+20,5.80219E+21,9.90613E+15,5.23665E+16
132776,3,4,5,0,2018,5,15,4,3,5,3,0,1,1,0,0,0,0,0,4.40902E+20,5.93128E+21,8.10848E+15,5.35272E+16
132777,3,4,51,2,2018,6,17,6,3,5,3,0,1,1,0,0,0,0,0,4.33713E+20,5.8934E+21,8.00799E+15,5.31859E+16
132778,3,2,54,21,2018,6,17,1,3,0,3,0,1,1,0,0,0,0,0,5.64315E+20,5.77806E+21,9.93998E+15,5.21493E+16
132779,3,4,2,0,2018,5,7,5,3,2,6,0,0,1,0,1,0,0,0,3.80452E+20,5.91612E+21,7.20271E+15,5.33806E+16
132780,3,1,59,16,2018,6,14,3,3,5,2,0,1,1,0,0,0,0,0,5.65624E+20,5.71081E+21,9.94635E+15,5.15445E+16
132781,3,3,56,7,2018,5,7,4,3,5,3,0,0,1,0,1,0,0,1,4.86335E+20,5.89868E+21,8.79526E+15,5.32372E+16
132782,3,1,51,9,2018,6,20,2,3,5,2,0,1,1,0,0,0,0,0,6.0479E+20,5.81432E+21,1.05426E+16,5.2469E+16
132783,3,1,57,5,2018,6,0,7,3,4,2,2,0,1,0,0,0,0,0,5.90692E+20,5.78334E+21,1.03268E+16,5.21931E+16
132784,3,3,61,12,2018,5,16,4,3,5,3,0,1,1,0,0,0,0,0,5.16891E+20,5.86358E+21,9.25123E+15,5.29216E+16
132785,3,2,52,7,2018,6,4,1,3,0,6,2,0,1,1,0,0,0,0,5.16045E+20,5.7806E+21,9.23464E+15,5.21756E+16
132786,3,2,41,1,2018,6,7,6,3,0,7,0,1,0,0,0,0,1,0,5.5122E+20,5.80257E+21,9.75233E+15,5.2371E+16
132787,3,4,51,2,2018,6,18,3,2,5,3,0,0,1,0,0,0,0,0,4.40911E+20,5.8933E+21,8.11571E+15,5.31858E+16
132788,3,4,59,13,2018,6,1,7,3,9,1,2,1,0,1,0,0,0,0,4.53097E+20,5.80213E+21,8.31113E+15,5.23675E+16
132789,3,4,53,4,2018,5,19,5,3,5,3,0,1,1,0,0,0,0,0,4.37333E+20,5.85567E+21,8.06949E+15,5.28471E+16
132790,3,4,52,16,2018,6,8,2,3,9,7,0,0,1,0,0,0,0,0,3.84628E+20,5.93745E+21,7.25762E+15,5.35732E+16
132791,3,4,54,32,2018,5,8,5,2,4,7,0,0,1,0,0,1,0,0,3.8471E+20,5.82213E+21,7.30014E+15,5.25371E+16
132792,3,4,4,0,2018,6,17,2,3,5,3,0,1,1,0,0,0,0,0,4.32775E+20,5.79082E+21,8.01495E+15,5.22637E+16
132793,3,4,3,0,2018,5,6,4,3,0,1,0,0,0,0,1,0,0,1,4.49384E+20,5.89324E+21,8.24251E+15,5.31861E+16
132794,3,2,41,10,2018,6,14,7,3,0,1,0,1,0,0,0,0,0,0,5.48997E+20,5.80979E+21,9.72074E+15,5.24361E+16
132795,3,1,1,0,2018,6,12,2,3,3,6,0,1,1,0,0,0,0,0,6.06904E+20,5.79091E+21,1.05663E+16,5.22582E+16
132796,3,4,59,4,2018,6,13,6,3,5,3,0,1,1,0,0,0,0,0,4.3479E+20,5.77906E+21,8.04674E+15,5.21582E+16
132797,3,2,51,21,2018,5,11,4,3,5,3,0,0,1,0,0,0,1,0,4.87259E+20,5.82668E+21,8.81192E+15,5.259E+16
132798,3,4,59,1,2018,6,14,7,3,3,2,0,1,0,0,0,0,0,0,4.30624E+20,5.81798E+21,7.97782E+15,5.25076E+16
132799,3,2,41,1,2018,6,16,6,3,5,3,0,0,1,0,0,0,0,1,5.56451E+20,5.79986E+21,9.82871E+15,5.23462E+16
132800,3,4,1,0,2018,6,2,3,3,0,7,2,0,0,0,1,0,0,0,4.7608E+20,5.87821E+21,8.64314E+15,5.30529E+16
132801,3,2,51,37,2018,5,16,5,3,4,6,0,0,1,0,0,0,0,0,4.78276E+20,5.87061E+21,8.67641E+15,5.29846E+16
132802,3,4,3,0,2018,6,7,2,3,3,6,0,1,0,0,0,0,0,0,4.47219E+20,5.88712E+21,8.21113E+15,5.31308E+16
132803,3,3,52,62,2018,5,17,4,3,4,7,0,0,1,0,0,0,1,0,4.69925E+20,5.941E+21,8.54535E+15,5.36169E+16
132804,3,4,52,14,2018,6,20,6,3,4,6,0,0,1,0,0,0,0,0,3.76348E+20,5.92343E+21,7.13817E+15,5.34454E+16
132805,3,3,59,10,2018,5,16,4,3,1,5,0,1,1,0,0,0,0,0,5.45845E+20,5.92565E+21,9.69079E+15,5.34779E+16
132806,3,2,41,1,2018,5,20,4,3,3,2,1,0,1,0,0,0,1,0,5.50539E+20,5.80124E+21,9.74214E+15,5.23591E+16
132807,3,4,56,15,2018,6,14,1,3,5,3,0,1,1,0,0,0,0,0,3.6893E+20,5.81061E+21,7.07214E+15,5.243E+16
132808,3,4,54,47,2018,6,13,6,3,6,4,0,0,0,1,0,0,1,1,4.0107E+20,5.85541E+21,7.53127E+15,5.28393E+16
132809,3,2,41,1,2018,5,7,4,3,0,2,0,1,0,0,0,0,0,1,5.46438E+20,5.80101E+21,9.68189E+15,5.23574E+16
132810,3,4,59,27,2018,6,13,7,3,5,3,0,0,1,0,1,0,0,0,4.20716E+20,5.80816E+21,7.8342E+15,5.24179E+16
132811,3,2,52,5,2018,6,19,6,3,1,5,0,1,1,0,0,0,0,0,5.27006E+20,5.76622E+21,9.39378E+15,5.20459E+16
132812,3,3,54,18,2018,6,10,3,2,3,2,0,1,0,0,0,1,0,0,6.4569E+20,5.86974E+21,1.11689E+16,5.29575E+16
132813,3,2,41,1,2018,5,12,4,3,5,2,0,0,1,0,1,0,0,1,5.48996E+20,5.80204E+21,9.7196E+15,5.23664E+16
132814,3,3,53,30,2018,6,10,2,3,5,3,0,0,1,0,0,0,0,0,5.7802E+20,5.89829E+21,1.01687E+16,5.32281E+16
132815,3,2,41,1,2018,5,12,4,3,6,2,0,0,1,1,0,0,0,1,5.50621E+20,5.80351E+21,9.74368E+15,5.23795E+16
132816,3,4,55,25,2018,6,11,6,3,5,3,0,0,1,0,0,0,0,0,4.34584E+20,5.91632E+21,8.0163E+15,5.33919E+16
132817,3,4,4,0,2018,6,13,7,3,5,3,0,1,1,0,0,0,0,0,4.33704E+20,5.791E+21,8.02854E+15,5.22654E+16
132818,3,4,59,19,2018,5,9,5,3,5,3,0,0,1,0,0,0,0,0,4.32799E+20,5.78606E+21,8.01626E+15,5.22209E+16
132819,3,1,59,26,2018,6,18,3,3,2,7,0,0,1,0,0,0,0,0,5.85803E+20,5.73174E+21,1.02424E+16,5.173E+16
132820,3,4,4,0,2018,6,2,7,3,5,3,2,0,1,0,0,0,0,0,4.35761E+20,5.79156E+21,8.05856E+15,5.22707E+16
132821,3,1,2,0,2018,6,7,6,3,6,4,0,0,1,1,0,0,0,0,5.94333E+20,5.76727E+21,1.03756E+16,5.2048E+16
132822,3,2,41,14,2018,6,8,3,3,5,3,0,1,0,0,0,0,1,0,5.44531E+20,5.79672E+21,9.65332E+15,5.2319E+16
132823,3,2,41,5,2018,5,21,4,3,0,7,0,1,0,0,0,0,0,0,5.40913E+20,5.80867E+21,9.60171E+15,5.24267E+16
132824,3,1,55,13,2018,6,16,2,3,6,4,0,0,1,1,0,0,0,0,5.60224E+20,5.74161E+21,9.87381E+15,5.18221E+16
132825,3,2,41,3,2018,5,13,4,3,5,3,0,1,1,0,0,0,0,0,5.69151E+20,5.81023E+21,1.00173E+16,5.24379E+16
132826,3,4,2,0,2018,6,19,7,3,5,3,0,1,1,0,0,0,0,0,3.79714E+20,5.91428E+21,7.19232E+15,5.33639E+16
132827,3,3,52,11,2018,6,8,6,3,5,3,0,1,1,0,0,0,0,0,4.79926E+20,5.96788E+21,8.69479E+15,5.3859E+16
132828,3,4,54,10,2018,6,12,7,3,4,7,0,0,0,0,1,0,1,0,3.80749E+20,5.80635E+21,7.24742E+15,5.23944E+16
132829,3,2,41,1,2018,6,18,1,3,1,5,0,1,1,0,0,0,0,0,5.48113E+20,5.80247E+21,9.70669E+15,5.23704E+16
132830,3,4,54,19,2018,5,15,5,3,5,3,0,1,1,0,0,0,0,0,3.97995E+20,5.83719E+21,7.49131E+15,5.2675E+16
132831,3,1,59,16,2018,6,9,3,2,3,6,0,0,1,0,1,0,0,0,5.64293E+20,5.7104E+21,9.92708E+15,5.1541E+16
132832,3,2,41,21,2018,5,17,4,3,5,3,0,1,1,0,0,0,0,0,5.29141E+20,5.8076E+21,9.42848E+15,5.24178E+16
132833,3,1,1,0,2018,6,18,2,3,6,4,0,1,0,1,0,0,0,0,6.03005E+20,5.79052E+21,1.05091E+16,5.22554E+16
132834,3,1,51,9,2018,6,10,7,3,2,2,0,0,1,0,0,0,0,1,6.05805E+20,5.81499E+21,1.05578E+16,5.24748E+16
132835,3,2,41,1,2018,5,18,4,2,6,4,0,0,1,1,0,0,0,0,5.49177E+20,5.79985E+21,9.72193E+15,5.23468E+16
132836,3,4,53,7,2018,6,14,7,3,2,6,0,1,1,0,0,0,0,0,4.23237E+20,5.87558E+21,7.8555E+15,5.30242E+16
132837,3,2,41,1,2018,5,16,4,3,2,2,0,0,1,0,0,0,0,0,5.45325E+20,5.80592E+21,9.66622E+15,5.24017E+16
132838,3,1,57,6,2018,6,14,2,3,5,3,0,1,1,0,0,0,0,0,5.85094E+20,5.79964E+21,1.0249E+16,5.23404E+16
132839,3,1,55,10,2018,6,19,7,2,5,3,0,1,1,0,0,0,0,0,5.65119E+20,5.72011E+21,9.94079E+15,5.16282E+16
132840,3,2,41,1,2018,5,12,4,3,0,1,0,1,0,0,0,0,0,1,5.48804E+20,5.80109E+21,9.71664E+15,5.2358E+16
132841,3,4,5,0,2018,6,15,7,3,5,3,0,1,1,0,0,0,0,0,4.40687E+20,5.9305E+21,8.1054E+15,5.35201E+16
132842,3,3,55,22,2018,6,2,6,3,9,1,2,0,1,0,0,0,0,0,5.94341E+20,5.90011E+21,1.04137E+16,5.32419E+16
132843,3,4,3,0,2018,6,21,7,3,5,3,0,1,1,0,0,0,0,0,4.44611E+20,5.88978E+21,8.17168E+15,5.31546E+16
132844,3,4,52,1,2018,5,13,5,3,5,3,0,1,1,0,0,0,0,0,3.98964E+20,5.93091E+21,7.47614E+15,5.35174E+16
132845,3,4,56,25,2018,6,7,2,3,5,3,0,0,1,0,0,0,0,0,3.73631E+20,5.81857E+21,7.13823E+15,5.25026E+16
132846,3,4,3,0,2018,6,9,1,2,5,3,0,1,1,0,0,0,0,0,4.5141E+20,5.89153E+21,8.27309E+15,5.31709E+16
132847,3,1,59,26,2018,5,16,4,2,0,6,0,1,0,0,0,0,1,0,5.88717E+20,5.72686E+21,1.02834E+16,5.16857E+16
132848,3,4,4,0,2018,6,11,1,3,5,3,0,1,1,0,0,0,0,0,4.33846E+20,5.79083E+21,8.03064E+15,5.22639E+16
132849,3,4,59,3,2018,6,20,6,3,0,3,0,0,1,0,1,0,0,0,4.60904E+20,5.79514E+21,8.4266E+15,5.23052E+16
132850,3,2,57,31,2018,5,17,4,3,1,1,0,1,1,0,0,0,0,0,5.05439E+20,5.7828E+21,9.07958E+15,5.21957E+16
132851,3,4,3,0,2018,6,20,7,3,1,7,0,0,1,0,0,0,0,0,4.47083E+20,5.8839E+21,8.20962E+15,5.31019E+16
132852,3,2,57,31,2018,6,13,6,3,0,1,0,0,0,0,1,0,0,1,5.05364E+20,5.77979E+21,9.07843E+15,5.21686E+16