OBJECTID_1,ULAND,UREGBEZ,UKREIS,UGEMEINDE,UJAHR,UMONAT,USTUNDE,UWOCHENTAG,UKATEGORIE,UART,UTYP1,ULICHTVERH,IstRad,IstPKW,IstFuss,IstKrad,IstGkfz,IstSonstig,STRZUSTAND,LINREFX,LINREFY,XGCSWGS84,YGCSWGS84
133041,3,3,51,6,2018,6,15,1,3,6,4,0,0,1,1,0,0,0,0,5.74266E+20,5.82975E+21,1.00969E+16,5.26127E+16
133042,3,1,59,26,2018,6,9,3,3,5,3,0,0,1,0,1,0,0,0,5.87188E+20,5.73155E+21,1.02624E+16,5.17281E+16
133043,3,2,51,41,2018,6,7,5,3,5,3,0,1,1,0,0,0,0,0,4.87065E+20,5.86238E+21,8.80766E+15,5.29109E+16
133044,3,2,41,2,2018,6,17,1,3,5,3,0,1,1,0,0,0,0,0,5.31989E+20,5.79534E+21,9.46919E+15,5.23075E+16
133045,3,2,41,5,2018,6,22,2,3,5,3,1,1,1,0,0,0,0,0,5.41146E+20,5.80883E+21,9.60515E+15,5.24281E+16
133046,3,2,51,12,2018,6,22,5,3,5,3,1,0,1,0,0,0,0,0,4.57556E+20,5.82936E+21,8.37314E+15,5.26126E+16
133047,3,3,55,22,2018,6,17,2,3,5,2,0,1,1,0,0,0,0,0,5.93695E+20,5.89807E+21,1.04034E+16,5.32236E+16
133048,3,3,59,10,2018,6,8,5,3,5,2,0,0,1,0,0,0,0,0,5.46175E+20,5.92396E+21,9.69551E+15,5.34626E+16
133049,3,3,58,501,2018,6,15,5,3,9,1,0,0,1,0,0,0,0,0,5.49754E+20,5.85676E+21,9.73896E+15,5.28583E+16
133050,3,3,58,8,2018,6,10,5,3,6,7,0,0,1,1,0,0,0,0,5.46974E+20,5.85746E+21,9.69778E+15,5.28648E+16
133051,3,1,2,0,2018,6,12,4,2,3,2,0,0,1,0,1,0,0,0,5.91207E+20,5.77887E+21,1.03331E+16,5.21528E+16
133052,3,3,58,19,2018,6,16,5,3,6,2,0,0,1,1,0,0,1,0,5.5253E+20,5.88584E+21,9.78492E+15,5.31194E+16
133053,3,3,55,22,2018,6,9,5,3,5,3,0,1,1,0,0,0,0,0,5.94154E+20,5.90031E+21,1.0411E+16,5.32437E+16
133054,3,2,41,3,2018,6,20,1,3,1,5,0,1,0,0,0,1,0,0,5.69201E+20,5.80966E+21,1.00179E+16,5.24327E+16
133055,3,1,59,16,2018,6,19,3,3,6,7,0,1,0,1,0,0,0,0,5.64514E+20,5.70808E+21,9.92985E+15,5.15202E+16
133056,3,2,41,1,2018,6,16,5,3,9,6,0,0,1,0,0,0,0,0,5.49305E+20,5.80175E+21,9.7241E+15,5.23638E+16
133057,3,1,55,13,2018,6,17,2,3,0,6,0,0,1,1,0,0,0,0,5.59405E+20,5.74189E+21,9.86197E+15,5.18247E+16
133058,3,2,41,1,2018,6,12,5,3,1,7,0,0,0,0,1,0,1,0,5.4977E+20,5.80553E+21,9.73148E+15,5.23978E+16
133059,3,2,41,1,2018,6,11,5,3,1,1,0,1,1,0,0,0,0,0,5.50544E+20,5.80455E+21,9.74272E+15,5.23889E+16
133060,3,3,61,8,2018,6,22,3,3,7,7,2,0,0,0,1,0,0,0,5.11714E+20,5.88865E+21,9.17514E+15,5.31471E+16
133061,3,2,41,21,2018,6,15,5,3,5,3,0,1,1,0,0,0,0,0,5.28497E+20,5.80789E+21,9.41903E+15,5.24205E+16
133062,3,2,41,14,2018,6,8,5,3,5,3,0,1,1,0,0,0,0,0,5.45634E+20,5.79895E+21,9.66981E+15,5.2339E+16
133063,3,2,41,12,2018,6,8,5,3,4,2,0,1,1,0,0,0,0,0,5.31313E+20,5.81678E+21,9.46128E+15,5.25002E+16
133064,3,4,56,15,2018,6,8,3,3,4,2,0,0,1,0,0,0,0,0,3.70009E+20,5.81067E+21,7.08798E+15,5.24308E+16
133065,3,2,41,19,2018,6,17,5,3,5,3,0,1,1,0,0,0,0,0,5.50522E+20,5.82219E+21,9.74506E+15,5.25475E+16
133066,3,2,41,10,2018,6,17,5,3,0,7,0,1,0,0,0,0,1,0,5.502E+20,5.80984E+21,9.73844E+15,5.24365E+16
133067,3,2,41,1,2018,6,19,1,3,5,2,0,0,1,0,0,0,0,0,5.52751E+20,5.79865E+21,9.77421E+15,5.23356E+16
133068,3,4,4,0,2018,6,19,2,3,5,2,0,1,1,0,0,0,0,0,4.34801E+20,5.79075E+21,8.04466E+15,5.22632E+16
133069,3,2,41,10,2018,6,18,5,3,5,3,0,0,1,0,0,0,0,0,5.50974E+20,5.80987E+21,9.74984E+15,5.24367E+16
133070,3,1,54,28,2018,6,19,2,3,5,3,0,1,1,0,0,0,0,0,6.37804E+20,5.78183E+21,1.10151E+16,5.21697E+16
133071,3,2,41,10,2018,6,10,5,3,5,3,0,1,1,0,0,0,0,0,5.47296E+20,5.81014E+21,9.69578E+15,5.24394E+16
133072,3,2,41,1,2018,6,20,5,3,1,5,0,1,1,0,0,0,0,0,5.48251E+20,5.80276E+21,9.70876E+15,5.2373E+16
133073,3,4,1,0,2018,6,13,3,2,6,4,0,1,0,1,0,0,0,0,4.76375E+20,5.87637E+21,8.64767E+15,5.30364E+16
133074,3,2,41,1,2018,6,21,5,3,5,3,1,1,1,0,0,0,0,0,5.50487E+20,5.80308E+21,9.74165E+15,5.23756E+16
133075,3,2,41,1,2018,6,15,1,3,1,5,0,0,1,0,1,0,0,0,5.50471E+20,5.80337E+21,9.74146E+15,5.23783E+16
133076,3,4,3,0,2018,6,22,2,3,2,6,1,0,1,0,1,0,0,0,4.47471E+20,5.8885E+21,8.21467E+15,5.31433E+16
133077,3,2,41,1,2018,6,15,5,2,5,2,0,0,0,0,1,0,1,0,5.54213E+20,5.80465E+21,9.79663E+15,5.23894E+16
133078,3,1,3,0,2018,6,12,1,3,3,2,0,1,1,0,0,0,0,0,6.25224E+20,5.81008E+21,1.08417E+16,5.24266E+16
133079,3,4,54,18,2018,6,7,2,3,5,3,0,1,1,0,0,0,0,0,3.79276E+20,5.84674E+21,7.21106E+15,5.2757E+16
133080,3,2,41,1,2018,6,10,5,3,3,6,0,0,1,0,0,1,0,0,5.53184E+20,5.80584E+21,9.78171E+15,5.24002E+16
133081,3,1,55,13,2018,6,16,5,3,5,3,0,0,1,0,0,0,0,0,5.5922E+20,5.74067E+21,9.85908E+15,5.18137E+16
133082,3,1,59,3,2018,6,11,5,3,2,6,0,0,1,0,1,0,0,0,5.98708E+20,5.71997E+21,1.04259E+16,5.16221E+16
133083,3,1,2,0,2018,6,19,1,3,4,5,0,0,1,0,1,0,0,0,5.92891E+20,5.76592E+21,1.03542E+16,5.20361E+16
133084,3,2,41,9,2018,6,7,3,3,4,6,0,1,1,0,0,0,0,0,5.55513E+20,5.7946E+21,9.81408E+15,5.22989E+16
133085,3,2,57,9,2018,6,21,5,3,5,3,1,1,1,0,0,0,0,0,5.03388E+20,5.79071E+21,9.04965E+15,5.22668E+16
133086,3,4,59,27,2018,6,11,7,2,8,1,0,0,0,0,0,0,1,0,4.21325E+20,5.80356E+21,7.84424E+15,5.23766E+16
133087,3,3,59,38,2018,6,7,2,3,4,2,0,1,0,0,0,0,1,0,5.32344E+20,5.93779E+21,9.48862E+15,5.3588E+16
133088,3,1,1,0,2018,6,14,2,3,5,3,0,1,1,0,0,0,0,0,6.03427E+20,5.79113E+21,1.05154E+16,5.22608E+16
133089,3,2,56,7,2018,6,15,5,3,5,3,0,0,1,0,0,0,0,0,5.15556E+20,5.84899E+21,9.23069E+15,5.27905E+16
133090,3,2,54,21,2018,6,14,5,3,0,2,0,0,1,0,0,0,1,0,5.6464E+20,5.77814E+21,9.94476E+15,5.215E+16
133091,3,1,58,37,2018,6,17,4,3,5,3,0,1,1,0,0,0,0,0,6.07468E+20,5.78096E+21,1.05714E+16,5.21686E+16
133092,3,1,59,16,2018,6,7,5,3,6,2,0,0,1,1,0,0,0,0,5.65584E+20,5.70915E+21,9.94546E+15,5.15296E+16
133093,3,1,2,0,2018,6,7,5,2,5,3,0,1,1,0,0,0,0,0,5.94125E+20,5.76788E+21,1.03727E+16,5.20535E+16
133094,3,4,57,24,2018,6,11,7,3,0,3,0,1,1,0,0,0,0,0,3.8411E+20,5.89406E+21,7.26572E+15,5.31833E+16
133095,3,1,57,2,2018,6,13,5,3,0,7,0,1,1,0,0,0,0,0,5.75806E+20,5.794E+21,1.01115E+16,5.22911E+16
133096,3,1,53,18,2018,6,13,5,3,5,2,0,0,1,0,0,0,0,0,5.92147E+20,5.74033E+21,1.03365E+16,5.18062E+16
133097,3,1,53,2,2018,6,19,5,3,5,3,0,1,1,0,0,0,0,0,6.07187E+20,5.74869E+21,1.05572E+16,5.18786E+16
133098,3,4,54,41,2018,6,9,7,3,5,3,0,0,1,0,0,0,0,0,3.93584E+20,5.8818E+21,7.4115E+15,5.3075E+16
133099,3,2,41,1,2018,6,6,3,2,5,3,0,1,1,0,0,0,0,0,5.48724E+20,5.80573E+21,9.71614E+15,5.23996E+16
133100,3,1,51,6,2018,6,16,5,3,5,3,0,0,1,0,1,0,0,0,6.11279E+20,5.80965E+21,1.06366E+16,5.24257E+16
133101,3,4,56,23,2018,6,12,7,3,0,1,0,1,0,1,0,0,0,0,3.55637E+20,5.81792E+21,6.8736E+15,5.24923E+16
133102,3,3,51,21,2018,6,15,2,3,5,3,0,1,1,0,0,0,0,0,5.77483E+20,5.82198E+21,1.01425E+16,5.25424E+16
133103,3,1,51,9,2018,6,13,5,3,5,2,0,0,1,0,1,0,0,0,6.03583E+20,5.8161E+21,1.05254E+16,5.24852E+16
133104,3,1,57,9,2018,6,6,2,3,5,3,0,0,1,0,1,0,0,0,5.84681E+20,5.78681E+21,1.02398E+16,5.22252E+16
133105,3,1,1,0,2018,6,15,5,3,5,2,0,0,1,0,0,0,0,0,6.06286E+20,5.79317E+21,1.0558E+16,5.22787E+16
133106,3,4,4,0,2018,6,19,3,2,9,7,0,0,0,0,1,0,0,0,4.32592E+20,5.79172E+21,8.01209E+15,5.22717E+16
133107,3,1,1,0,2018,6,9,5,3,6,7,0,0,1,1,0,0,0,0,6.05319E+20,5.79072E+21,1.0543E+16,5.22568E+16
133108,3,1,1,0,2018,6,9,5,3,6,1,0,0,1,1,0,0,0,0,6.02044E+20,5.79239E+21,1.04956E+16,5.22724E+16
133109,3,4,54,35,2018,6,17,7,3,5,3,0,0,1,0,0,0,0,0,3.84715E+20,5.84139E+21,7.2935E+15,5.27101E+16
133110,3,1,1,0,2018,6,18,3,3,0,7,0,0,0,0,0,0,1,0,6.04734E+20,5.79112E+21,1.05346E+16,5.22605E+16
133111,3,1,1,0,2018,6,9,5,3,0,5,0,0,1,0,0,0,1,0,6.04561E+20,5.79176E+21,1.05322E+16,5.22663E+16
133112,3,4,54,45,2018,6,10,7,2,5,3,0,0,1,0,0,0,0,0,3.88716E+20,5.79588E+21,7.36792E+15,5.23019E+16
133113,3,2,56,22,2018,6,18,2,3,5,3,0,1,0,0,1,0,0,0,5.1665E+20,5.82995E+21,9.24593E+15,5.26193E+16
133114,3,1,1,0,2018,6,6,5,2,6,4,0,0,1,1,0,0,0,0,6.0312E+20,5.79199E+21,1.05112E+16,5.22686E+16
133115,3,2,56,7,2018,6,7,3,3,5,1,0,0,1,0,0,0,1,0,5.14755E+20,5.84783E+21,9.21875E+15,5.27801E+16
133116,3,4,59,4,2018,6,7,4,3,3,6,0,1,1,0,0,0,0,0,4.35105E+20,5.77789E+21,8.05157E+15,5.21477E+16
133117,3,4,52,1,2018,6,11,7,3,2,6,0,0,1,0,0,0,0,0,3.98967E+20,5.93038E+21,7.47636E+15,5.35126E+16
133118,3,2,41,1,2018,6,20,2,2,5,3,0,1,1,0,0,0,0,0,5.51166E+20,5.80701E+21,9.75223E+15,5.24109E+16
133119,3,4,4,0,2018,6,7,4,2,5,3,0,0,1,0,0,0,1,0,4.32061E+20,5.7985E+21,8.00294E+15,5.23326E+16
133120,3,4,2,0,2018,6,18,4,3,0,1,0,0,1,0,0,0,0,0,3.83114E+20,5.92123E+21,7.24081E+15,5.34272E+16
133121,3,4,53,7,2018,6,17,3,3,5,7,0,1,1,0,0,0,0,0,4.23626E+20,5.87526E+21,7.86138E+15,5.30214E+16
133122,3,4,57,17,2018,6,14,4,3,6,7,0,0,0,1,0,1,0,0,4.06341E+20,5.88846E+21,7.59991E+15,5.31373E+16
133123,3,4,54,41,2018,6,20,4,3,0,7,0,0,1,1,0,0,0,0,3.91716E+20,5.88302E+21,7.38322E+15,5.30856E+16
133124,3,4,53,1,2018,6,2,7,3,9,1,2,0,1,0,0,0,0,0,4.16357E+20,5.89007E+21,7.74919E+15,5.31534E+16
133125,3,4,2,0,2018,6,9,2,3,4,6,0,1,0,0,0,0,0,0,3.80203E+20,5.91483E+21,7.19945E+15,5.3369E+16
133126,3,4,56,27,2018,6,15,4,2,5,3,0,1,1,0,0,0,0,0,3.78766E+20,5.79866E+21,7.22106E+15,5.23248E+16
133127,3,4,56,16,2018,6,16,4,3,5,3,0,1,1,0,0,0,0,0,3.8238E+20,5.79272E+21,7.27615E+15,5.22722E+16
133128,3,4,52,19,2018,6,22,4,3,6,7,1,0,1,1,0,0,0,0,3.8111E+20,5.93906E+21,7.20391E+15,5.35869E+16
133129,3,4,52,1,2018,6,11,4,3,4,2,0,0,1,0,0,0,0,0,4.01002E+20,5.92663E+21,7.50822E+15,5.34793E+16
133130,3,2,51,37,2018,6,17,3,3,5,3,0,1,1,0,0,0,0,0,4.85004E+20,5.87193E+21,8.77656E+15,5.29967E+16
133131,3,4,53,8,2018,6,16,4,2,4,2,0,0,1,0,0,0,0,0,4.33996E+20,5.86675E+21,8.01769E+15,5.29463E+16
133132,3,4,55,27,2018,6,13,4,3,5,3,0,0,1,0,0,0,1,0,4.30617E+20,5.91987E+21,7.95588E+15,5.34234E+16
133133,3,4,60,3,2018,6,10,7,3,0,1,0,0,0,0,1,0,0,0,4.4009E+20,5.83559E+21,8.11409E+15,5.26669E+16
133134,3,4,53,4,2018,6,16,2,3,4,6,0,1,0,0,0,0,0,0,4.35733E+20,5.85497E+21,8.04586E+15,5.28407E+16
133135,3,4,5,0,2018,6,17,4,3,0,2,0,0,1,0,1,0,0,0,4.41542E+20,5.93027E+21,8.11832E+15,5.35181E+16
133136,3,4,55,15,2018,6,10,3,3,8,1,0,1,0,0,0,0,0,0,4.2894E+20,5.93294E+21,7.92769E+15,5.35406E+16
133137,3,3,56,7,2018,6,13,4,3,5,3,0,1,1,0,0,0,0,0,4.86337E+20,5.89838E+21,8.7953E+15,5.32345E+16
133138,3,4,61,2,2018,6,17,4,2,5,3,0,1,1,0,0,0,0,0,4.64626E+20,5.90963E+21,8.46877E+15,5.33347E+16
133139,3,4,1,0,2018,6,16,4,3,5,3,0,1,0,0,0,0,1,0,4.74068E+20,5.87869E+21,8.61309E+15,5.30571E+16
133140,3,4,60,6,2018,6,13,7,3,5,2,0,0,1,0,1,0,0,0,4.48611E+20,5.83457E+21,8.24024E+15,5.26586E+16
133141,3,2,41,1,2018,6,8,3,3,5,3,0,1,1,0,0,0,0,0,5.50053E+20,5.80406E+21,9.73542E+15,5.23845E+16
133142,3,3,52,61,2018,6,16,4,3,6,1,0,0,1,1,0,0,0,0,4.74025E+20,5.95889E+21,8.60582E+15,5.3778E+16
133143,3,4,5,0,2018,6,8,7,2,5,3,0,0,1,0,0,0,0,0,4.42976E+20,5.93138E+21,8.13975E+15,5.35283E+16
133144,3,3,57,8,2018,6,12,2,3,5,3,0,0,1,0,0,0,0,0,5.09235E+20,5.92552E+21,9.13915E+15,5.34786E+16
133145,3,3,53,30,2018,6,7,4,3,5,3,0,1,1,0,0,0,1,0,5.7763E+20,5.89894E+21,1.01631E+16,5.32341E+16
133146,3,3,60,4,2018,6,7,3,3,5,3,0,1,0,0,0,1,0,0,6.00915E+20,5.88936E+21,1.05088E+16,5.31441E+16
133147,3,3,53,18,2018,6,7,4,3,5,3,0,0,1,0,0,0,0,0,5.43888E+20,5.90713E+21,9.65872E+15,5.33116E+16
133148,3,2,51,17,2018,6,13,2,3,4,6,0,0,0,0,0,0,1,0,4.72117E+20,5.83662E+21,8.58758E+15,5.26788E+16
133149,3,3,53,5,2018,6,18,4,3,5,3,0,1,1,0,0,0,0,0,5.57627E+20,5.90831E+21,9.86513E+15,5.33208E+16
133150,3,3,59,38,2018,6,19,4,3,2,6,0,0,1,0,0,0,0,0,5.32401E+20,5.93774E+21,9.48947E+15,5.35875E+16
133151,3,3,58,16,2018,6,11,4,3,5,3,0,0,1,0,0,0,0,0,5.73232E+20,5.87127E+21,1.00909E+16,5.2986E+16
133152,3,3,60,25,2018,6,7,4,3,6,4,0,0,1,1,0,0,0,0,6.04818E+20,5.86987E+21,1.05608E+16,5.29681E+16
133153,3,1,55,12,2018,6,14,3,3,5,3,0,0,1,0,0,0,0,0,5.43559E+20,5.72338E+21,9.62974E+15,5.16598E+16
133154,3,2,41,9,2018,6,18,4,3,0,7,0,1,0,0,0,0,0,0,5.55138E+20,5.79594E+21,9.80879E+15,5.2311E+16
133155,3,2,41,2,2018,6,8,2,3,6,1,0,1,0,1,0,0,0,0,5.34011E+20,5.79308E+21,9.49862E+15,5.2287E+16
133156,3,2,41,6,2018,6,12,4,3,5,3,0,1,1,0,0,0,0,0,5.37913E+20,5.79711E+21,9.55628E+15,5.2323E+16
133157,3,2,41,5,2018,6,10,4,3,0,3,0,1,0,0,0,0,0,0,5.40114E+20,5.80855E+21,9.58993E+15,5.24257E+16
133158,3,4,54,41,2018,6,8,3,3,5,3,0,1,1,0,0,0,0,0,3.92815E+20,5.88205E+21,7.39995E+15,5.30772E+16
133159,3,2,41,1,2018,6,17,4,3,0,1,0,0,0,0,1,0,0,0,5.5641E+20,5.80866E+21,9.82958E+15,5.24253E+16
133160,3,2,41,9,2018,6,12,4,3,5,2,0,0,1,0,1,0,0,0,5.54374E+20,5.79671E+21,9.79772E+15,5.2318E+16
133161,3,2,41,1,2018,6,15,4,2,5,3,0,1,1,0,0,0,0,0,5.49921E+20,5.80575E+21,9.73373E+15,5.23997E+16
133162,3,1,57,6,2018,6,17,4,2,3,2,0,1,1,0,0,0,0,0,5.84174E+20,5.79846E+21,1.02352E+16,5.233E+16
133163,3,2,41,1,2018,6,7,4,2,5,2,0,1,0,0,0,0,0,0,5.47962E+20,5.80208E+21,9.70441E+15,5.23669E+16
133164,3,2,41,1,2018,6,2,4,3,5,3,2,1,1,0,0,0,0,0,5.43323E+20,5.80764E+21,9.637E+15,5.24173E+16
133165,3,1,59,16,2018,6,8,3,3,1,5,0,1,1,0,0,0,0,0,5.65345E+20,5.70965E+21,9.9421E+15,5.15341E+16
133166,3,2,57,3,2018,6,12,4,3,2,6,0,0,0,0,0,0,1,0,5.12676E+20,5.78661E+21,9.1856E+15,5.22298E+16
133167,3,2,41,1,2018,6,13,2,3,5,2,0,1,0,0,0,1,0,0,5.50021E+20,5.8052E+21,9.73512E+15,5.23947E+16
133168,3,2,57,31,2018,6,7,4,3,5,3,0,1,1,0,0,0,0,0,5.05545E+20,5.78209E+21,9.08111E+15,5.21893E+16
133169,3,1,59,16,2018,6,12,4,3,5,3,0,0,1,0,0,0,0,0,5.62016E+20,5.70955E+21,9.8941E+15,5.15337E+16
133170,3,4,55,15,2018,6,15,3,3,5,3,0,1,1,0,0,0,0,0,4.36557E+20,5.93098E+21,8.04302E+15,5.35239E+16
133171,3,1,58,37,2018,6,16,4,2,4,2,0,1,1,0,0,0,0,0,6.05352E+20,5.78034E+21,1.05403E+16,5.21635E+16
133172,3,1,53,17,2018,6,16,4,3,5,3,0,0,1,0,0,0,0,0,6.07016E+20,5.75726E+21,1.05574E+16,5.19557E+16
133173,3,4,2,0,2018,6,15,1,3,4,6,0,1,1,0,0,0,0,0,3.75925E+20,5.91128E+21,7.13658E+15,5.33361E+16
133174,3,4,56,14,2018,6,6,2,3,5,3,0,1,1,0,0,0,0,0,3.64193E+20,5.82047E+21,6.9985E+15,5.25174E+16
133175,3,1,53,17,2018,6,13,4,3,6,2,0,0,1,1,0,0,0,0,5.98426E+20,5.7514E+21,1.04307E+16,5.19047E+16
133176,3,1,1,0,2018,6,9,4,3,1,5,0,1,1,0,0,0,0,0,6.09244E+20,5.7972E+21,1.06026E+16,5.23143E+16
133177,3,4,59,15,2018,6,14,2,3,5,2,0,1,1,0,0,0,0,0,4.45059E+20,5.77404E+21,8.19765E+15,5.21142E+16
133178,3,4,59,30,2018,6,12,3,3,5,2,0,1,0,0,0,0,0,0,4.29294E+20,5.83626E+21,7.95432E+15,5.26717E+16
133179,3,2,52,6,2018,6,13,2,3,6,4,0,0,1,1,0,0,0,0,5.26223E+20,5.77312E+21,9.3829E+15,5.2108E+16
133180,3,4,4,0,2018,6,8,3,3,5,2,0,1,1,0,0,0,0,0,4.35557E+20,5.7919E+21,8.05551E+15,5.22737E+16
133181,3,4,4,0,2018,6,12,3,3,5,3,0,0,1,0,0,0,0,0,4.32136E+20,5.79261E+21,8.00523E+15,5.22797E+16
133182,3,2,51,5,2018,6,17,3,3,5,3,0,1,1,0,0,0,0,0,4.66536E+20,5.84107E+21,8.50457E+15,5.27185E+16
133183,3,4,4,0,2018,6,13,3,3,0,1,0,1,0,0,0,0,0,0,4.35424E+20,5.79443E+21,8.05308E+15,5.22965E+16
133184,3,4,5,0,2018,6,11,2,3,2,2,0,0,1,0,0,0,0,0,4.41193E+20,5.93133E+21,8.11286E+15,5.35276E+16
133185,3,4,56,13,2018,6,15,3,2,0,7,0,1,0,0,0,0,1,0,3.61429E+20,5.81306E+21,6.96088E+15,5.24501E+16
133186,3,4,5,0,2018,6,18,3,3,9,1,0,0,1,0,1,0,0,0,4.42098E+20,5.92946E+21,8.12687E+15,5.35109E+16
133187,3,3,61,5,2018,6,19,7,2,0,1,0,0,0,0,1,0,0,0,5.25752E+20,5.86701E+21,9.38331E+15,5.29521E+16
133188,3,2,54,2,2018,6,12,4,3,3,6,0,1,1,0,0,0,0,0,5.56303E+20,5.75928E+21,9.8198E+15,5.19814E+16
133189,3,1,1,0,2018,6,16,1,3,4,6,0,0,1,0,0,0,0,0,6.06222E+20,5.79444E+21,1.05574E+16,5.22901E+16
133190,3,2,41,5,2018,6,19,3,3,5,3,0,1,1,0,0,0,0,0,5.40669E+20,5.80799E+21,9.59804E+15,5.24206E+16
133191,3,1,1,0,2018,6,10,1,2,5,3,0,0,1,0,1,0,0,0,6.06442E+20,5.79472E+21,1.05607E+16,5.22925E+16
133192,3,4,59,24,2018,6,10,7,2,6,7,0,0,1,1,0,0,0,0,4.59373E+20,5.77885E+21,8.4061E+15,5.21587E+16
133193,3,3,59,10,2018,6,12,2,3,6,4,0,0,1,1,0,0,0,0,5.46614E+20,5.92494E+21,9.70227E+15,5.34714E+16
133194,3,4,59,19,2018,6,19,7,2,1,5,0,1,1,0,0,0,0,0,4.3336E+20,5.78414E+21,8.02485E+15,5.22037E+16
133195,3,1,57,7,2018,6,17,4,3,5,3,0,1,1,0,0,0,0,0,5.9614E+20,5.78829E+21,1.04079E+16,5.22366E+16
133196,3,4,59,13,2018,6,19,7,3,3,2,0,0,1,0,1,0,0,0,4.53353E+20,5.80274E+21,8.31481E+15,5.23729E+16
133197,3,4,52,1,2018,6,16,7,3,2,6,0,0,1,0,0,0,0,0,3.98741E+20,5.92564E+21,7.4745E+15,5.347E+16
133198,3,1,3,0,2018,6,1,3,2,0,1,2,1,0,0,0,0,0,0,6.1764E+20,5.80971E+21,1.07301E+16,5.24249E+16
133199,3,4,53,6,2018,6,15,7,3,6,4,0,0,1,1,0,0,0,0,4.28364E+20,5.84223E+21,7.93927E+15,5.27252E+16
133200,3,4,55,25,2018,6,10,7,3,0,1,0,0,0,0,1,0,0,0,4.36754E+20,5.92108E+21,8.04797E+15,5.34349E+16
133201,3,2,41,1,2018,6,15,3,2,0,7,0,0,0,0,0,0,1,0,5.52038E+20,5.80533E+21,9.76479E+15,5.23958E+16
133202,3,4,55,15,2018,6,2,7,3,1,1,2,0,1,0,0,0,0,0,4.36832E+20,5.93061E+21,8.04722E+15,5.35207E+16
133203,3,4,3,0,2018,6,22,7,3,3,6,2,1,0,0,0,0,0,0,4.46753E+20,5.88862E+21,8.20391E+15,5.31443E+16
133204,3,1,59,13,2018,6,12,2,2,9,1,0,0,1,0,0,0,0,0,5.6187E+20,5.69727E+21,9.88984E+15,5.14233E+16
133205,3,2,41,1,2018,6,11,2,3,5,3,0,0,1,0,0,0,0,0,5.49004E+20,5.80224E+21,9.71975E+15,5.23682E+16
133206,3,2,52,6,2018,6,12,4,3,1,5,0,1,1,0,0,0,0,0,5.2578E+20,5.77291E+21,9.37642E+15,5.21062E+16
133207,3,2,51,37,2018,6,19,7,2,8,1,0,0,0,0,1,0,0,0,4.80065E+20,5.87026E+21,8.70307E+15,5.29816E+16
133208,3,4,4,0,2018,6,11,3,3,3,6,0,1,1,0,0,0,0,0,4.35492E+20,5.7945E+21,8.05406E+15,5.2297E+16
133209,3,2,51,42,2018,6,14,7,3,5,3,0,0,1,0,0,0,0,0,4.75834E+20,5.84984E+21,8.64158E+15,5.27978E+16
133210,3,2,51,12,2018,6,8,7,3,5,3,0,1,1,0,0,0,0,0,4.56657E+20,5.82782E+21,8.36006E+15,5.25987E+16
133211,3,3,53,32,2018,6,18,7,3,5,3,0,0,1,0,0,0,0,0,5.75161E+20,5.91452E+21,1.01298E+16,5.33744E+16
133212,3,1,1,0,2018,6,21,3,3,4,2,1,1,1,0,0,0,0,0,6.02025E+20,5.79232E+21,1.04953E+16,5.22718E+16
133213,3,3,59,13,2018,6,16,7,3,5,3,0,1,1,0,0,0,0,0,5.24104E+20,5.9523E+21,9.36526E+15,5.37188E+16
133214,3,3,59,38,2018,6,13,7,3,0,1,0,1,0,0,0,0,0,0,5.31887E+20,5.93929E+21,9.48187E+15,5.36015E+16
133215,3,3,58,22,2018,6,11,7,2,5,3,0,0,1,0,1,0,0,0,5.35255E+20,5.85658E+21,9.52362E+15,5.28578E+16
133216,3,4,5,0,2018,6,18,3,3,0,7,0,1,0,0,0,0,0,0,4.40427E+20,5.93064E+21,8.10144E+15,5.35213E+16
133217,3,3,60,25,2018,6,3,7,3,8,1,2,0,1,0,0,0,0,0,6.03736E+20,5.86895E+21,1.05444E+16,5.29601E+16
133218,3,2,41,1,2018,6,18,7,3,5,3,0,1,1,0,0,0,0,0,5.47844E+20,5.80265E+21,9.70277E+15,5.23721E+16
133219,3,4,56,15,2018,6,19,3,2,5,3,0,0,1,0,1,0,0,0,3.68648E+20,5.81051E+21,7.06805E+15,5.2429E+16
133220,3,2,41,1,2018,6,16,7,3,5,3,0,1,1,0,0,0,0,0,5.48557E+20,5.80402E+21,9.71344E+15,5.23843E+16
133221,3,2,41,1,2018,6,21,7,3,2,6,1,0,1,0,1,0,0,0,5.51326E+20,5.80462E+21,9.75421E+15,5.23895E+16
133222,3,4,4,0,2018,6,18,2,3,5,3,0,0,1,0,0,0,0,0,4.37956E+20,5.79231E+21,8.09058E+15,5.22776E+16
133223,3,2,41,1,2018,6,18,7,3,3,6,0,0,1,0,0,1,0,0,5.53635E+20,5.80553E+21,9.78828E+15,5.23974E+16
133224,3,2,41,2,2018,6,16,7,2,5,3,0,1,1,0,0,0,0,0,5.31687E+20,5.79639E+21,9.46486E+15,5.2317E+16
133225,3,2,41,9,2018,6,16,7,2,0,7,0,1,0,0,0,0,0,0,5.54297E+20,5.79595E+21,9.79645E+15,5.23112E+16
133226,3,3,55,22,2018,6,23,3,3,0,7,2,1,0,0,0,0,0,0,5.96293E+20,5.9005E+21,1.04431E+16,5.3245E+16
133227,3,2,41,1,2018,6,16,7,3,6,4,0,1,0,1,0,0,0,0,5.51011E+20,5.8042E+21,9.74952E+15,5.23857E+16
133228,3,2,41,1,2018,6,9,7,2,5,3,0,1,1,0,0,0,0,0,5.5315E+20,5.80672E+21,9.78134E+15,5.24082E+16