OBJECTID_1,ULAND,UREGBEZ,UKREIS,UGEMEINDE,UJAHR,UMONAT,USTUNDE,UWOCHENTAG,UKATEGORIE,UART,UTYP1,ULICHTVERH,IstRad,IstPKW,IstFuss,IstKrad,IstGkfz,IstSonstig,STRZUSTAND,LINREFX,LINREFY,XGCSWGS84,YGCSWGS84
133229,3,4,61,2,2018,6,13,2,3,2,2,0,0,1,0,0,0,0,0,4.65268E+20,5.90862E+21,8.47853E+15,5.33256E+16
133230,3,1,55,11,2018,6,23,7,3,5,3,2,1,0,0,1,0,0,0,5.69066E+20,5.72975E+21,9.99971E+15,5.17144E+16
133231,3,4,54,32,2018,6,10,2,3,3,2,0,1,0,0,0,0,0,1,3.85898E+20,5.81997E+21,7.31839E+15,5.25179E+16
133232,3,2,57,31,2018,6,15,7,3,2,2,0,0,1,0,1,0,0,0,5.0459E+20,5.77975E+21,9.0671E+15,5.21682E+16
133233,3,2,57,9,2018,6,23,7,3,5,3,2,0,1,0,0,0,0,1,5.03199E+20,5.79045E+21,9.04688E+15,5.22645E+16
133234,3,1,59,16,2018,6,18,4,3,4,2,0,1,1,0,0,0,0,0,5.64169E+20,5.7093E+21,9.92509E+15,5.15311E+16
133235,3,2,52,6,2018,6,8,4,3,5,3,0,1,0,0,0,0,0,0,5.2514E+20,5.77354E+21,9.36711E+15,5.21118E+16
133236,3,2,56,22,2018,6,12,7,3,5,3,0,0,1,0,0,0,0,0,5.15105E+20,5.83676E+21,9.22342E+15,5.26806E+16
133237,3,2,41,3,2018,6,7,3,3,0,7,0,1,0,0,0,0,0,0,5.68607E+20,5.81042E+21,1.00093E+16,5.24397E+16
133238,3,2,54,28,2018,6,21,7,3,0,7,0,1,1,0,0,0,0,0,5.58283E+20,5.78769E+21,9.8535E+15,5.22366E+16
133239,3,1,2,0,2018,6,17,7,3,6,4,0,0,1,1,0,0,0,0,5.89814E+20,5.77875E+21,1.03128E+16,5.2152E+16
133240,3,1,59,16,2018,6,14,2,3,5,3,0,1,1,0,0,0,0,0,5.65966E+20,5.71062E+21,9.95125E+15,5.15428E+16
133241,3,3,59,38,2018,6,16,2,3,2,6,0,0,1,0,0,0,0,0,5.29161E+20,5.93876E+21,9.44063E+15,5.35968E+16
133242,3,1,59,16,2018,6,15,4,3,5,3,0,1,1,0,0,0,0,0,5.6532E+20,5.71086E+21,9.94197E+15,5.1545E+16
133243,3,1,53,17,2018,6,11,7,3,6,4,0,0,1,1,0,0,0,0,5.98367E+20,5.75269E+21,1.04302E+16,5.19162E+16
133244,3,1,1,0,2018,6,18,4,3,6,4,0,1,0,1,0,0,0,0,6.03981E+20,5.79186E+21,1.05238E+16,5.22673E+16
133245,3,4,59,4,2018,6,12,6,3,6,7,0,0,0,1,0,0,1,0,4.34653E+20,5.779E+21,8.04476E+15,5.21576E+16
133246,3,2,57,9,2018,6,6,2,3,5,3,0,1,1,0,0,0,0,0,5.02843E+20,5.79014E+21,9.04166E+15,5.22616E+16
133247,3,4,59,19,2018,6,13,6,3,0,5,0,1,1,0,0,0,0,0,4.33836E+20,5.78412E+21,8.03181E+15,5.22035E+16
133248,3,1,59,16,2018,6,10,4,3,5,3,0,1,1,0,0,0,0,0,5.63187E+20,5.71114E+21,9.91126E+15,5.15478E+16
133249,3,4,59,14,2018,6,11,6,3,5,3,0,1,0,0,0,0,0,0,4.30196E+20,5.80681E+21,7.97385E+15,5.2407E+16
133250,3,4,4,0,2018,6,14,6,3,5,3,0,0,1,0,0,0,0,0,4.38545E+20,5.79257E+21,8.09917E+15,5.22801E+16
133251,3,2,56,22,2018,6,13,3,3,5,3,0,1,1,0,0,0,0,0,5.14886E+20,5.83153E+21,9.21995E+15,5.26335E+16
133252,3,4,57,2,2018,6,16,6,3,8,6,0,1,1,0,0,0,0,0,3.47178E+20,5.93984E+21,6.69132E+15,5.35851E+16
133253,3,4,57,13,2018,6,13,6,3,5,3,0,1,1,0,0,0,0,0,3.96023E+20,5.89889E+21,7.44234E+15,5.32291E+16
133254,3,1,59,16,2018,6,16,2,3,2,6,0,0,1,0,1,0,0,0,5.64371E+20,5.7098E+21,9.9281E+15,5.15356E+16
133255,3,2,41,1,2018,6,15,2,3,1,5,0,1,1,0,0,0,0,0,5.56393E+20,5.79926E+21,9.82776E+15,5.23408E+16
133256,3,4,54,47,2018,6,8,6,3,1,5,0,0,1,0,0,0,1,0,4.00344E+20,5.85544E+21,7.52048E+15,5.28395E+16
133257,3,4,57,2,2018,6,0,3,3,9,1,2,1,1,0,0,0,0,0,3.45241E+20,5.94067E+21,6.66166E+15,5.3592E+16
133258,3,4,54,41,2018,6,21,6,3,3,2,0,1,1,0,0,0,0,0,3.91703E+20,5.88312E+21,7.38299E+15,5.30866E+16
133259,3,4,56,15,2018,6,18,6,3,5,3,0,1,1,0,0,0,0,0,3.68258E+20,5.81086E+21,7.06217E+15,5.24321E+16
133260,3,1,1,0,2018,6,13,3,3,5,3,0,1,1,0,0,0,0,0,6.03866E+20,5.7918E+21,1.05221E+16,5.22667E+16
133261,3,4,56,25,2018,6,12,6,3,5,2,0,0,1,0,1,0,0,0,3.79084E+20,5.8167E+21,7.21922E+15,5.2487E+16
133262,3,4,54,35,2018,6,9,6,3,5,3,0,1,1,0,0,0,0,0,3.85167E+20,5.83875E+21,7.30111E+15,5.26865E+16
133263,3,4,54,49,2018,6,7,6,3,5,3,0,1,1,0,0,0,0,0,3.9585E+20,5.80304E+21,7.47028E+15,5.23677E+16
133264,3,4,53,8,2018,6,15,6,3,0,1,0,0,1,0,1,0,0,0,4.33033E+20,5.86063E+21,8.00462E+15,5.28912E+16
133265,3,1,53,18,2018,6,16,3,3,6,7,0,0,1,1,0,0,0,0,5.92216E+20,5.74081E+21,1.03377E+16,5.18105E+16
133266,3,3,56,9,2018,6,21,6,3,8,6,0,1,1,0,0,0,0,0,4.70896E+20,5.90079E+21,8.56375E+15,5.32556E+16
133267,3,3,56,7,2018,6,17,6,2,5,3,0,1,1,0,0,0,0,0,4.86345E+20,5.89869E+21,8.7954E+15,5.32373E+16
133268,3,3,61,1,2018,6,15,6,3,5,3,0,0,1,0,0,0,0,0,5.02191E+20,5.87584E+21,9.03267E+15,5.3032E+16
133269,3,4,60,2,2018,6,13,3,3,5,3,0,1,1,0,0,0,0,0,4.44025E+20,5.818E+21,8.17524E+15,5.25093E+16
133270,3,3,61,12,2018,6,13,6,3,4,2,0,0,1,0,1,0,0,0,5.16905E+20,5.8634E+21,9.25144E+15,5.292E+16
133271,3,4,3,0,2018,6,16,6,3,5,3,0,1,1,0,0,0,0,0,4.4598E+20,5.88535E+21,8.1929E+15,5.31148E+16
133272,3,4,56,15,2018,6,7,2,3,5,3,0,1,0,0,0,0,0,0,3.68882E+20,5.80909E+21,7.07204E+15,5.24163E+16
133273,3,3,52,11,2018,6,10,6,3,5,2,0,1,1,0,0,0,0,0,4.80224E+20,5.96853E+21,8.69927E+15,5.38649E+16
133274,3,1,57,6,2018,6,14,2,3,4,6,0,1,0,0,0,0,0,0,5.85521E+20,5.79818E+21,1.02549E+16,5.23272E+16
133275,3,2,41,1,2018,6,7,2,3,5,3,0,1,1,0,0,0,0,0,5.51744E+20,5.80154E+21,9.75987E+15,5.23617E+16
133276,3,3,52,11,2018,6,7,6,3,3,2,0,1,1,0,0,0,0,0,4.79774E+20,5.96821E+21,8.69245E+15,5.3862E+16
133277,3,3,53,26,2018,6,8,6,3,5,3,0,1,1,0,0,0,0,0,5.52786E+20,5.92413E+21,9.79511E+15,5.34635E+16
133278,3,3,53,20,2018,6,14,6,3,5,3,0,0,1,0,1,0,0,0,5.63784E+20,5.90609E+21,9.95709E+15,5.33002E+16
133279,3,2,51,5,2018,6,7,3,2,8,1,0,1,0,0,0,0,0,0,4.66277E+20,5.84017E+21,8.50083E+15,5.27104E+16
133280,3,3,57,39,2018,6,14,6,3,5,3,0,1,1,0,0,0,0,0,5.27083E+20,5.88451E+21,9.40458E+15,5.31094E+16
133281,3,3,55,24,2018,6,9,6,3,5,3,0,0,1,0,1,0,0,0,5.94438E+20,5.89282E+21,1.0413E+16,5.31764E+16
133282,3,4,3,0,2018,6,13,2,3,6,4,0,0,1,1,0,0,0,0,4.47734E+20,5.8858E+21,8.21903E+15,5.3119E+16
133283,3,3,55,22,2018,6,15,6,3,4,6,0,0,0,0,1,0,1,0,5.95017E+20,5.90177E+21,1.04243E+16,5.32566E+16
133284,3,1,1,0,2018,6,12,2,3,3,6,0,1,0,0,0,0,1,0,6.04037E+20,5.7915E+21,1.05245E+16,5.22641E+16
133285,3,3,55,22,2018,6,6,6,3,3,2,0,1,0,0,0,0,0,0,5.92969E+20,5.90068E+21,1.03933E+16,5.32472E+16
133286,3,1,59,16,2018,6,7,4,3,5,3,0,0,1,0,0,0,0,0,5.65669E+20,5.71078E+21,9.94699E+15,5.15443E+16
133287,3,1,59,10,2018,6,9,4,2,3,2,0,1,1,0,0,0,0,0,5.86896E+20,5.70769E+21,1.02523E+16,5.15136E+16
133288,3,3,55,22,2018,6,19,6,3,2,6,0,0,1,0,1,0,0,0,5.95585E+20,5.89966E+21,1.04322E+16,5.32376E+16
133289,3,3,55,22,2018,6,0,6,3,5,3,2,0,1,0,0,0,0,0,5.93783E+20,5.89895E+21,1.0405E+16,5.32316E+16
133290,3,2,41,1,2018,6,21,3,3,0,7,2,0,1,0,0,0,1,0,5.50579E+20,5.8029E+21,9.74297E+15,5.23741E+16
133291,3,3,55,22,2018,6,16,6,2,5,3,0,1,1,0,0,0,0,0,5.93842E+20,5.898E+21,1.04056E+16,5.3223E+16
133292,3,4,59,12,2018,6,16,1,3,0,1,0,1,0,0,0,0,0,0,4.43439E+20,5.78794E+21,8.17168E+15,5.22389E+16
133293,3,2,41,1,2018,6,17,6,3,2,6,0,0,1,0,0,0,0,0,5.48165E+20,5.80128E+21,9.70729E+15,5.23597E+16
133294,3,2,41,1,2018,6,12,3,3,0,3,0,0,1,0,1,0,0,0,5.55728E+20,5.80584E+21,9.81909E+15,5.24E+16
133295,3,2,41,1,2018,6,10,6,3,5,2,0,0,1,0,0,0,1,0,5.48666E+20,5.79935E+21,9.71436E+15,5.23423E+16
133296,3,2,41,1,2018,6,19,6,3,0,7,0,1,0,0,0,0,0,0,5.49978E+20,5.80231E+21,9.73406E+15,5.23688E+16
133297,3,3,53,40,2018,6,13,2,2,5,3,0,0,1,1,0,0,0,0,5.76454E+20,5.91106E+21,1.01484E+16,5.33432E+16
133298,3,4,59,34,2018,6,17,1,2,2,6,0,1,0,0,0,0,0,0,4.26056E+20,5.76799E+21,7.9215E+15,5.20576E+16
133299,3,2,41,9,2018,6,12,6,3,5,3,0,1,1,0,0,0,0,0,5.5406E+20,5.79623E+21,9.79303E+15,5.23137E+16
133300,3,1,54,19,2018,6,14,4,3,6,4,0,0,1,1,0,0,0,0,6.34283E+20,5.78048E+21,1.09631E+16,5.21585E+16
133301,3,2,41,9,2018,6,7,6,3,5,2,0,0,1,0,0,0,0,0,5.53598E+20,5.7959E+21,9.7862E+15,5.23108E+16
133302,3,2,41,1,2018,6,17,6,3,2,2,0,0,1,0,0,0,0,0,5.52151E+20,5.8038E+21,9.7662E+15,5.23819E+16
133303,3,2,52,6,2018,6,14,3,3,2,6,0,0,1,0,0,0,0,0,5.25311E+20,5.77358E+21,9.36961E+15,5.21122E+16
133304,3,2,41,1,2018,6,12,6,3,1,7,0,1,1,0,0,0,0,0,5.51619E+20,5.80533E+21,9.75863E+15,5.23958E+16
133305,3,4,4,0,2018,6,1,1,3,6,4,2,0,1,1,0,0,0,1,4.35084E+20,5.79417E+21,8.04815E+15,5.2294E+16
133306,3,2,41,1,2018,6,8,6,3,5,3,0,1,1,0,0,0,0,0,5.52327E+20,5.80532E+21,9.76902E+15,5.23956E+16
133307,3,2,41,1,2018,6,13,2,3,5,3,0,0,1,0,1,0,0,0,5.50302E+20,5.80384E+21,9.73905E+15,5.23825E+16
133308,3,4,56,15,2018,6,16,1,3,7,7,0,1,0,1,0,0,0,0,3.67559E+20,5.80764E+21,7.05317E+15,5.2403E+16
133309,3,2,41,3,2018,6,8,6,3,1,5,0,0,1,0,0,0,0,0,5.6911E+20,5.81587E+21,1.00178E+16,5.24886E+16
133310,3,2,41,1,2018,6,17,2,3,0,7,0,0,0,0,0,0,1,0,5.41907E+20,5.80776E+21,9.6162E+15,5.24185E+16
133311,3,2,41,1,2018,6,18,6,3,0,1,0,1,0,0,0,0,0,0,5.56366E+20,5.79986E+21,9.82746E+15,5.23462E+16
133312,3,4,59,10,2018,6,13,3,3,0,7,0,1,0,0,0,0,0,0,4.28219E+20,5.82314E+21,7.94127E+15,5.25536E+16
133313,3,2,41,1,2018,6,14,6,3,5,3,0,1,1,0,0,0,0,0,5.49138E+20,5.80141E+21,9.72159E+15,5.23608E+16
133314,3,2,41,1,2018,6,13,6,2,5,3,0,1,1,0,0,0,0,0,5.52546E+20,5.80256E+21,9.77181E+15,5.23708E+16
133315,3,1,55,13,2018,6,14,6,3,5,3,0,0,1,0,1,0,0,0,5.59439E+20,5.74104E+21,9.86231E+15,5.1817E+16
133316,3,1,51,9,2018,6,9,3,2,6,4,0,0,1,1,0,0,0,0,6.04531E+20,5.81632E+21,1.05395E+16,5.2487E+16
133317,3,1,55,13,2018,6,14,6,3,4,2,0,0,1,0,0,0,0,0,5.636E+20,5.73913E+21,9.92233E+15,5.17994E+16
133318,3,4,53,4,2018,6,1,1,3,4,1,2,0,1,0,0,0,0,0,4.356E+20,5.85534E+21,8.04381E+15,5.2844E+16
133319,3,2,54,21,2018,6,13,6,3,5,3,0,1,1,0,0,0,0,0,5.67986E+20,5.77983E+21,9.99398E+15,5.21648E+16
133320,3,1,54,28,2018,6,8,6,3,1,5,0,0,1,0,0,0,0,1,6.36664E+20,5.78829E+21,1.1001E+16,5.22281E+16
133321,3,4,55,14,2018,6,14,3,3,4,6,0,1,0,0,0,0,0,0,4.35112E+20,5.92876E+21,8.02167E+15,5.35038E+16
133322,3,1,58,4,2018,6,17,6,2,5,3,0,1,1,0,0,0,0,0,5.83268E+20,5.78031E+21,1.02175E+16,5.2167E+16
133323,3,1,57,6,2018,6,13,6,3,5,3,0,1,1,0,0,0,0,0,5.85116E+20,5.79608E+21,1.02485E+16,5.23084E+16
133324,3,4,54,19,2018,6,7,2,3,5,2,0,1,1,0,0,0,0,0,3.97928E+20,5.83728E+21,7.49028E+15,5.26758E+16
133325,3,1,57,6,2018,6,9,6,3,5,3,0,0,1,0,0,0,0,0,5.8059E+20,5.79967E+21,1.0183E+16,5.23414E+16
133326,3,4,57,13,2018,6,10,3,3,3,2,0,1,1,0,0,0,0,1,3.9723E+20,5.89922E+21,7.46031E+15,5.32323E+16
133327,3,1,51,9,2018,6,12,6,3,5,3,0,0,1,0,1,0,0,0,6.05311E+20,5.81591E+21,1.05508E+16,5.24832E+16
133328,3,1,1,0,2018,6,20,6,3,3,6,0,1,0,0,0,0,0,0,6.03656E+20,5.79111E+21,1.05188E+16,5.22606E+16
133329,3,4,59,15,2018,6,12,2,3,0,2,0,0,1,0,0,0,1,0,4.45423E+20,5.7728E+21,8.20316E+15,5.21031E+16
133330,3,1,1,0,2018,6,8,6,3,5,3,0,1,1,0,0,0,0,0,6.03273E+20,5.79188E+21,1.05134E+16,5.22676E+16
133331,3,4,5,0,2018,6,16,1,3,4,7,0,0,1,0,1,0,0,0,4.41845E+20,5.92937E+21,8.12306E+15,5.35101E+16
133332,3,1,1,0,2018,6,8,6,3,2,6,0,0,1,0,0,0,0,1,6.04106E+20,5.79309E+21,1.0526E+16,5.22783E+16
133333,3,4,59,24,2018,6,18,5,3,4,2,0,1,1,0,0,0,0,1,4.54997E+20,5.78411E+21,8.34143E+15,5.22056E+16
133334,3,3,52,22,2018,6,15,3,3,5,3,0,1,1,0,0,0,0,0,5.0765E+20,5.95045E+21,9.11588E+15,5.37027E+16
133335,3,4,59,24,2018,6,18,5,3,0,3,0,1,1,0,0,0,0,1,4.55116E+20,5.78445E+21,8.34313E+15,5.22087E+16
133336,3,4,2,0,2018,6,14,5,3,5,3,0,1,1,0,0,0,0,0,3.75925E+20,5.91128E+21,7.13658E+15,5.33361E+16
133337,3,4,61,2,2018,6,22,2,3,0,7,2,1,0,0,0,0,0,0,4.64107E+20,5.90859E+21,8.46111E+15,5.33252E+16
133338,3,4,5,0,2018,6,8,1,3,9,1,0,0,1,0,0,0,0,0,4.41296E+20,5.93067E+21,8.11454E+15,5.35217E+16
133339,3,4,56,15,2018,6,13,5,3,2,2,0,0,1,0,0,0,0,0,3.671E+20,5.81103E+21,7.04509E+15,5.24333E+16
133340,3,3,56,2,2018,6,1,1,2,9,1,2,0,1,0,0,0,0,1,5.00924E+20,5.89082E+21,9.01383E+15,5.31667E+16
133341,3,4,54,32,2018,6,7,5,2,5,3,0,1,1,0,0,0,0,0,3.87696E+20,5.82147E+21,7.34437E+15,5.25317E+16
133342,3,2,52,6,2018,6,8,4,3,2,6,0,0,1,0,0,0,0,0,5.27322E+20,5.77122E+21,9.39879E+15,5.20909E+16
133343,3,4,52,20,2018,6,15,5,2,3,6,0,1,1,0,0,0,0,1,3.77509E+20,5.95234E+21,7.1443E+15,5.37054E+16
133344,3,2,41,11,2018,6,15,3,3,0,6,0,1,0,0,0,0,0,0,5.62098E+20,5.80263E+21,9.91211E+15,5.23704E+16
133345,3,4,52,1,2018,6,11,5,3,2,6,0,0,1,0,0,0,0,0,3.99896E+20,5.92472E+21,7.49217E+15,5.3462E+16
133346,3,3,56,7,2018,6,11,1,2,0,2,0,1,1,0,0,0,0,0,4.86338E+20,5.89868E+21,8.79531E+15,5.32372E+16
133347,3,4,52,1,2018,6,11,5,3,2,6,0,0,1,0,0,1,0,0,3.98604E+20,5.92614E+21,7.47226E+15,5.34745E+16
133348,3,3,59,38,2018,6,17,2,2,0,5,0,0,1,1,0,0,0,1,5.31728E+20,5.93916E+21,9.47945E+15,5.36003E+16
133349,3,3,53,31,2018,6,12,1,3,0,2,0,1,1,0,0,0,0,0,5.65277E+20,5.9156E+21,9.98146E+15,5.33855E+16
133350,3,2,54,21,2018,6,7,2,2,6,6,0,0,1,1,0,0,0,0,5.64705E+20,5.77993E+21,9.94605E+15,5.2166E+16
133351,3,4,52,1,2018,6,16,5,3,1,5,0,0,1,0,0,0,0,1,3.97212E+20,5.92876E+21,7.45043E+15,5.34977E+16
133352,3,1,53,18,2018,6,10,4,3,5,7,0,1,1,0,0,0,0,0,5.92204E+20,5.74089E+21,1.03375E+16,5.18113E+16
133353,3,4,3,0,2018,6,17,5,3,5,2,0,1,1,0,0,0,0,1,4.47511E+20,5.88841E+21,8.21528E+15,5.31425E+16
133354,3,4,3,0,2018,6,18,5,3,6,4,0,0,1,1,0,0,0,1,4.47791E+20,5.88645E+21,8.21979E+15,5.31249E+16
133355,3,1,2,0,2018,6,12,3,3,6,7,0,0,0,1,1,0,0,0,5.93845E+20,5.76749E+21,1.03685E+16,5.205E+16
133356,3,2,51,37,2018,6,7,5,3,5,3,0,1,1,0,0,0,0,0,4.81656E+20,5.87535E+21,8.72649E+15,5.30274E+16
133357,3,3,53,5,2018,6,7,1,3,3,6,0,1,0,0,0,0,0,0,5.58043E+20,5.90889E+21,9.87148E+15,5.3326E+16
133358,3,1,59,16,2018,6,17,4,3,5,3,0,1,1,0,0,0,0,0,5.64828E+20,5.71072E+21,9.93486E+15,5.15439E+16
133359,3,2,51,5,2018,6,15,5,2,5,3,0,0,1,0,1,0,0,0,4.66992E+20,5.84048E+21,8.51138E+15,5.27132E+16
133360,3,4,61,4,2018,6,10,5,3,6,4,0,0,0,1,0,1,0,0,4.64034E+20,5.89858E+21,8.46114E+15,5.32353E+16
133361,3,2,41,1,2018,6,12,3,3,5,3,0,1,1,0,0,0,0,0,5.51544E+20,5.80251E+21,9.75708E+15,5.23704E+16
133362,3,4,1,0,2018,6,7,5,3,0,1,0,1,1,0,0,0,0,0,4.76253E+20,5.87829E+21,8.64571E+15,5.30536E+16
133363,3,3,51,6,2018,6,13,1,3,5,3,0,1,1,0,0,0,0,0,5.73074E+20,5.82988E+21,1.00793E+16,5.2614E+16
133364,3,4,1,0,2018,6,17,5,3,5,7,0,0,1,0,0,0,0,1,4.74896E+20,5.87874E+21,8.62543E+15,5.30575E+16
133365,3,2,41,1,2018,6,19,2,3,5,3,0,1,1,0,0,0,0,0,5.48753E+20,5.80451E+21,9.71638E+15,5.23886E+16
133366,3,2,41,1,2018,6,19,1,3,5,3,0,1,1,0,0,0,0,0,5.51242E+20,5.80469E+21,9.75299E+15,5.239E+16
133367,3,3,52,11,2018,6,7,5,3,8,1,0,0,0,0,1,0,0,0,4.81783E+20,5.96718E+21,8.72307E+15,5.38528E+16
133368,3,2,41,1,2018,6,10,2,3,5,3,0,1,1,0,0,0,0,0,5.50487E+20,5.80554E+21,9.74202E+15,5.23978E+16
133369,3,4,57,18,2018,6,9,3,3,5,3,0,0,1,0,0,0,0,0,4.03699E+20,5.88485E+21,7.56152E+15,5.31044E+16
133370,3,3,53,35,2018,6,16,5,2,5,3,0,1,1,0,0,0,0,0,5.49077E+20,5.9034E+21,9.73602E+15,5.32775E+16
133371,3,3,59,5,2018,6,1,5,2,8,1,2,0,1,0,0,0,0,0,5.29755E+20,5.92425E+21,9.44822E+15,5.34664E+16
133372,3,1,1,0,2018,6,15,3,3,5,3,0,1,1,0,0,0,0,0,6.06441E+20,5.79472E+21,1.05607E+16,5.22925E+16
133373,3,3,58,21,2018,6,12,5,3,5,3,0,0,1,0,0,0,0,0,5.56267E+20,5.87074E+21,9.83811E+15,5.29833E+16
133374,3,2,41,1,2018,6,2,1,3,0,1,2,1,0,0,0,0,0,1,5.4993E+20,5.80278E+21,9.73343E+15,5.2373E+16
133375,3,3,57,8,2018,6,9,5,3,5,3,0,1,1,0,0,0,0,0,5.09506E+20,5.92619E+21,9.14326E+15,5.34846E+16
133376,3,2,41,17,2018,6,12,1,3,5,3,0,0,0,0,1,0,1,0,5.38797E+20,5.78461E+21,9.56781E+15,5.22106E+16
133377,3,3,54,18,2018,6,11,5,3,1,5,0,1,1,0,0,0,0,0,6.44886E+20,5.87083E+21,1.11574E+16,5.29674E+16
133378,3,3,55,22,2018,6,17,5,3,2,2,0,0,1,0,0,0,0,0,5.93201E+20,5.89912E+21,1.03963E+16,5.32332E+16
133379,3,2,41,1,2018,6,19,1,2,0,1,0,1,0,0,0,0,0,0,5.48276E+20,5.80212E+21,9.70903E+15,5.23672E+16
133380,3,3,51,4,2018,6,8,5,3,1,7,0,1,1,0,0,0,0,0,5.64481E+20,5.85154E+21,9.95663E+15,5.28098E+16
133381,3,4,56,15,2018,6,13,3,3,7,7,0,1,0,0,0,0,0,1,3.68744E+20,5.81083E+21,7.06933E+15,5.24319E+16
133382,3,2,41,1,2018,6,16,5,3,5,7,0,1,0,0,0,0,0,0,5.4561E+20,5.80569E+21,9.67037E+15,5.23995E+16
133383,3,2,41,1,2018,6,13,5,3,1,5,0,1,1,0,0,0,0,0,5.50658E+20,5.8046E+21,9.7444E+15,5.23893E+16
133384,3,4,4,0,2018,6,7,2,3,3,6,0,1,1,0,0,0,0,0,4.3928E+20,5.78774E+21,8.11081E+15,5.22367E+16
133385,3,2,41,1,2018,6,15,5,3,5,3,0,0,1,0,0,0,0,0,5.52094E+20,5.80571E+21,9.76566E+15,5.23991E+16
133386,3,2,41,1,2018,6,18,1,3,3,5,0,0,1,0,0,0,0,0,5.48437E+20,5.80252E+21,9.71146E+15,5.23708E+16
133387,3,2,41,12,2018,6,19,5,3,0,1,0,1,0,0,0,0,0,1,5.31379E+20,5.81737E+21,9.46232E+15,5.25056E+16
133388,3,2,41,5,2018,6,15,5,3,2,6,0,0,1,0,0,0,1,0,5.40475E+20,5.80927E+21,9.59533E+15,5.24321E+16
133389,3,2,41,1,2018,6,15,3,3,2,5,0,0,1,0,0,0,0,0,5.55237E+20,5.80464E+21,9.81167E+15,5.23892E+16
133390,3,2,41,11,2018,6,14,5,3,0,7,0,0,1,0,0,0,1,0,5.66556E+20,5.80379E+21,9.97781E+15,5.23803E+16
133391,3,3,56,8,2018,6,11,3,3,0,3,0,0,1,0,1,0,0,0,4.82066E+20,5.89225E+21,8.73165E+15,5.31793E+16
133392,3,2,41,10,2018,6,18,5,3,5,3,0,0,0,0,0,0,1,0,5.48862E+20,5.81183E+21,9.71906E+15,5.24544E+16
133393,3,2,41,17,2018,6,10,5,1,0,7,0,0,0,0,0,0,1,1,5.40326E+20,5.78504E+21,9.59024E+15,5.22143E+16
133394,3,4,5,0,2018,6,17,2,3,6,2,0,0,1,1,0,0,0,1,4.4086E+20,5.9305E+21,8.108E+15,5.35201E+16
133395,3,2,41,1,2018,6,6,5,3,5,2,0,1,1,0,0,0,0,0,5.52283E+20,5.80115E+21,9.76774E+15,5.23581E+16
133396,3,2,41,1,2018,6,1,1,2,0,6,2,1,0,0,0,0,0,1,5.53686E+20,5.80528E+21,9.78899E+15,5.23951E+16
133397,3,2,41,1,2018,6,21,5,3,3,6,2,0,1,0,1,0,0,1,5.5061E+20,5.80274E+21,9.7434E+15,5.23726E+16
133398,3,1,3,0,2018,6,12,4,3,5,3,0,1,1,0,0,0,0,0,6.19527E+20,5.80657E+21,1.07567E+16,5.23963E+16
133399,3,2,52,6,2018,6,6,4,3,2,6,0,0,0,0,0,0,1,0,5.25509E+20,5.77236E+21,9.37242E+15,5.21012E+16
133400,3,1,55,12,2018,6,19,5,3,5,3,0,0,1,0,0,0,0,0,5.43916E+20,5.7234E+21,9.63491E+15,5.16599E+16
133401,3,2,52,3,2018,6,16,5,3,1,5,0,1,1,0,0,0,0,0,5.16527E+20,5.75928E+21,9.24065E+15,5.19839E+16
133402,3,2,41,1,2018,6,18,3,3,5,5,0,0,1,0,0,0,0,0,5.50418E+20,5.8015E+21,9.74039E+15,5.23614E+16
133403,3,1,59,16,2018,6,23,5,3,0,3,2,0,0,0,1,0,0,1,5.64961E+20,5.71299E+21,9.93719E+15,5.15643E+16
133404,3,1,55,13,2018,6,13,1,2,1,5,0,1,1,0,0,0,0,0,5.56664E+20,5.74201E+21,9.82222E+15,5.1826E+16
133405,3,1,59,29,2018,6,16,5,2,5,3,0,1,0,0,0,0,0,0,5.63556E+20,5.70713E+21,9.91587E+15,5.15117E+16
133406,3,3,54,4,2018,6,9,2,3,2,6,0,0,1,0,0,0,0,0,6.39848E+20,5.88475E+21,1.10885E+16,5.30939E+16
133407,3,1,59,16,2018,6,15,1,2,4,5,0,1,1,0,0,0,0,0,5.66573E+20,5.70741E+21,9.95939E+15,5.15139E+16
133408,3,1,54,28,2018,6,8,5,3,0,6,0,1,1,0,0,0,0,0,6.3765E+20,5.78795E+21,1.10153E+16,5.22247E+16
133409,3,1,3,0,2018,6,18,5,3,0,5,0,0,1,0,1,0,0,0,6.2069E+20,5.80965E+21,1.07749E+16,5.24238E+16
133410,3,3,53,40,2018,6,16,2,3,5,3,0,1,1,0,0,0,0,0,5.81091E+20,5.91291E+21,1.02185E+16,5.33591E+16
133411,3,4,59,14,2018,6,18,4,3,0,1,0,0,0,0,1,0,0,0,4.29515E+20,5.81063E+21,7.96303E+15,5.24413E+16
133412,3,1,59,16,2018,6,7,4,3,5,3,0,1,1,0,0,0,0,0,5.65044E+20,5.70938E+21,9.93772E+15,5.15318E+16
133413,3,4,4,0,2018,6,10,4,3,6,7,0,0,0,1,0,0,1,0,4.35451E+20,5.79098E+21,8.05413E+15,5.22654E+16
133414,3,4,4,0,2018,6,20,4,3,2,2,0,0,1,0,1,0,0,0,4.33032E+20,5.79393E+21,8.0181E+15,5.22917E+16
133415,3,2,55,23,2018,6,10,3,2,2,6,0,0,1,0,0,0,0,0,5.31244E+20,5.74239E+21,9.45341E+15,5.18315E+16
133416,3,4,54,47,2018,6,12,4,3,2,2,0,0,1,0,0,0,0,0,3.99682E+20,5.85629E+21,7.51039E+15,5.2847E+16