OBJECTID_1,ULAND,UREGBEZ,UKREIS,UGEMEINDE,UJAHR,UMONAT,USTUNDE,UWOCHENTAG,UKATEGORIE,UART,UTYP1,ULICHTVERH,IstRad,IstPKW,IstFuss,IstKrad,IstGkfz,IstSonstig,STRZUSTAND,LINREFX,LINREFY,XGCSWGS84,YGCSWGS84
134168,3,4,4,0,2018,7,20,7,2,5,3,0,1,1,0,0,0,0,0,4.33969E+20,5.79137E+21,8.03234E+15,5.22687E+16
134169,3,3,57,39,2018,7,12,4,3,0,1,0,1,0,0,0,0,0,1,5.2628E+20,5.88297E+21,9.39246E+15,5.30955E+16
134170,3,3,51,18,2018,7,19,7,3,1,5,0,1,1,0,0,0,0,0,5.7428E+20,5.82395E+21,1.00958E+16,5.25605E+16
134171,3,3,53,40,2018,7,12,6,3,5,3,0,0,1,0,0,0,0,0,5.81794E+20,5.91321E+21,1.02291E+16,5.33616E+16
134172,3,3,55,22,2018,7,7,4,3,5,3,0,1,1,0,0,0,0,1,5.93682E+20,5.90072E+21,1.0404E+16,5.32475E+16
134173,3,4,56,15,2018,7,7,3,3,5,3,0,0,1,0,1,0,0,1,3.6852E+20,5.81383E+21,7.06485E+15,5.24588E+16
134174,3,2,41,1,2018,7,3,7,3,0,1,2,1,0,0,0,0,0,0,5.51131E+20,5.80008E+21,9.75065E+15,5.23486E+16
134175,3,1,57,6,2018,7,16,3,3,5,3,0,1,1,0,0,0,0,1,5.85052E+20,5.79767E+21,1.02479E+16,5.23228E+16
134176,3,4,58,7,2018,7,11,5,1,5,3,0,1,1,0,0,0,0,0,4.47104E+20,5.86146E+21,8.21361E+15,5.29002E+16
134177,3,2,41,1,2018,7,13,7,3,2,6,0,1,0,0,0,0,0,0,5.47304E+20,5.80511E+21,9.69518E+15,5.23942E+16
134178,3,3,58,16,2018,7,22,7,2,8,7,1,0,0,0,1,0,0,0,5.7503E+20,5.86349E+21,1.01159E+16,5.29159E+16
134179,3,3,51,6,2018,7,15,4,3,5,3,0,1,1,0,0,0,0,0,5.7145E+20,5.82986E+21,1.00553E+16,5.26141E+16
134180,3,2,41,1,2018,7,12,7,3,5,3,0,1,1,0,0,0,0,0,5.51729E+20,5.80511E+21,9.7602E+15,5.23938E+16
134181,3,1,59,26,2018,7,23,6,3,5,2,2,0,1,0,0,0,0,0,5.86404E+20,5.73054E+21,1.02508E+16,5.17191E+16
134182,3,2,41,1,2018,7,12,4,3,0,1,0,0,0,0,1,0,0,1,5.4886E+20,5.79983E+21,9.71727E+15,5.23466E+16
134183,3,4,61,7,2018,7,14,3,3,6,6,0,1,0,1,0,0,0,0,4.65879E+20,5.9267E+21,8.48575E+15,5.34881E+16
134184,3,2,41,9,2018,7,15,7,3,5,2,0,0,1,0,1,0,0,0,5.55249E+20,5.79584E+21,9.81041E+15,5.23101E+16
134185,3,2,41,9,2018,7,11,7,3,5,2,0,0,1,0,0,0,0,0,5.56288E+20,5.79422E+21,9.82537E+15,5.22954E+16
134186,3,2,41,1,2018,7,7,6,3,5,3,0,1,1,0,0,0,0,0,5.51956E+20,5.79962E+21,9.76268E+15,5.23444E+16
134187,3,2,41,1,2018,7,9,4,3,5,3,0,0,1,0,0,0,0,1,5.45606E+20,5.80014E+21,9.66956E+15,5.23497E+16
134188,3,4,5,0,2018,7,7,3,3,5,3,0,1,1,0,0,0,0,1,4.41336E+20,5.93096E+21,8.11509E+15,5.35243E+16
134189,3,2,41,1,2018,7,10,7,3,0,1,0,1,0,0,0,0,0,0,5.53346E+20,5.7987E+21,9.78295E+15,5.2336E+16
134190,3,4,59,8,2018,7,17,2,3,3,6,0,0,1,0,1,0,0,0,4.42219E+20,5.79884E+21,8.15195E+15,5.23368E+16
134191,3,2,56,34,2018,7,9,7,3,5,3,0,1,0,0,0,0,1,0,4.89796E+20,5.81131E+21,8.84984E+15,5.24519E+16
134192,3,2,41,1,2018,7,16,7,3,4,2,0,1,1,0,0,0,0,0,5.50954E+20,5.80544E+21,9.74887E+15,5.23968E+16
134193,3,2,41,1,2018,7,14,4,3,5,3,0,0,1,0,0,0,0,1,5.48373E+20,5.80257E+21,9.71053E+15,5.23713E+16
134194,3,2,57,35,2018,7,13,7,2,5,3,0,1,1,0,0,0,0,0,5.13114E+20,5.7972E+21,9.19242E+15,5.2325E+16
134195,3,1,59,17,2018,7,12,6,3,5,7,0,0,1,0,1,0,0,0,5.44835E+20,5.69717E+21,9.64485E+15,5.1424E+16
134196,3,3,54,18,2018,7,15,3,3,5,2,0,0,1,0,0,0,0,0,6.45262E+20,5.87071E+21,1.1163E+16,5.29663E+16
134197,3,2,54,14,2018,7,20,7,3,8,6,0,0,1,0,1,0,0,0,5.50491E+20,5.77431E+21,9.73741E+15,5.2117E+16
134198,3,4,52,13,2018,7,20,1,3,8,1,0,1,0,1,0,0,0,0,3.67254E+20,5.94943E+21,6.99029E+15,5.36767E+16
134199,3,4,3,0,2018,7,12,2,3,5,3,0,1,1,0,0,0,0,0,4.43841E+20,5.88727E+21,8.16061E+15,5.31319E+16
134200,3,2,54,5,2018,7,5,1,3,3,6,1,1,1,0,0,0,0,0,5.69112E+20,5.76693E+21,1.00078E+16,5.20487E+16
134201,3,2,56,22,2018,7,11,2,3,2,2,0,0,1,0,0,0,0,0,5.15549E+20,5.8306E+21,9.22971E+15,5.26252E+16
134202,3,4,57,13,2018,7,10,2,3,2,6,0,0,1,0,0,0,0,0,3.97618E+20,5.89937E+21,7.46607E+15,5.32338E+16
134203,3,4,61,6,2018,7,15,1,3,3,6,0,1,1,0,0,0,0,0,4.74025E+20,5.89092E+21,8.61145E+15,5.3167E+16
134204,3,2,55,26,2018,7,12,7,2,2,6,0,0,0,0,1,0,0,0,5.28305E+20,5.72353E+21,9.40923E+15,5.1662E+16
134205,3,1,59,16,2018,7,13,7,3,5,5,0,0,1,0,0,0,0,0,5.56951E+20,5.70994E+21,9.82115E+15,5.15377E+16
134206,3,2,41,1,2018,7,12,4,3,2,2,0,0,1,0,0,0,0,1,5.53955E+20,5.80532E+21,9.79295E+15,5.23955E+16
134207,3,1,3,0,2018,7,10,7,3,1,5,0,0,1,0,0,0,1,0,6.21964E+20,5.81014E+21,1.07938E+16,5.24278E+16
134208,3,1,1,0,2018,7,10,6,2,5,3,0,1,1,0,0,0,0,0,6.05097E+20,5.79072E+21,1.05398E+16,5.22568E+16
134209,3,2,41,9,2018,7,16,3,3,5,3,0,1,1,0,0,0,0,1,5.5387E+20,5.79639E+21,9.79026E+15,5.23152E+16
134210,3,2,41,1,2018,7,18,6,3,1,5,0,1,1,0,0,0,0,0,5.4939E+20,5.80378E+21,9.72564E+15,5.23821E+16
134211,3,4,5,0,2018,7,14,1,2,8,1,0,0,1,0,0,0,0,0,4.39787E+20,5.94358E+21,8.08929E+15,5.36375E+16
134212,3,4,4,0,2018,7,21,6,3,1,5,1,1,1,0,0,0,0,0,4.34496E+20,5.79089E+21,8.04015E+15,5.22645E+16
134213,3,1,1,0,2018,7,12,1,3,0,1,0,1,0,0,0,0,0,0,6.03548E+20,5.7909E+21,1.05171E+16,5.22587E+16
134214,3,2,41,10,2018,7,18,4,2,3,5,0,0,1,0,1,0,0,0,5.49109E+20,5.80869E+21,9.72224E+15,5.24262E+16
134215,3,4,54,41,2018,7,18,6,3,2,2,0,0,1,0,0,0,1,0,3.92437E+20,5.88353E+21,7.39381E+15,5.30904E+16
134216,3,3,61,12,2018,7,20,6,3,0,1,0,1,0,0,0,0,0,0,5.15227E+20,5.86429E+21,9.22651E+15,5.2928E+16
134217,3,2,41,1,2018,7,10,4,3,5,3,0,1,1,0,0,0,0,1,5.54745E+20,5.80695E+21,9.80482E+15,5.241E+16
134218,3,4,2,0,2018,7,17,3,3,3,6,0,1,1,0,0,0,0,0,3.80852E+20,5.91561E+21,7.20891E+15,5.33762E+16
134219,3,4,62,3,2018,7,18,6,3,2,6,0,0,1,0,0,0,0,0,4.0827E+20,5.94448E+21,7.61247E+15,5.36411E+16
134220,3,4,53,2,2018,7,16,6,3,4,6,0,0,1,0,0,0,0,0,4.28994E+20,5.87286E+21,7.94192E+15,5.30006E+16
134221,3,4,57,13,2018,7,7,6,3,5,3,0,1,1,0,0,0,0,0,3.96836E+20,5.89964E+21,7.45428E+15,5.3236E+16
134222,3,1,1,0,2018,7,16,4,3,5,2,0,1,1,0,0,0,0,0,6.03459E+20,5.78981E+21,1.05155E+16,5.2249E+16
134223,3,4,60,7,2018,7,20,6,3,4,6,0,0,1,0,0,0,0,0,4.38169E+20,5.81433E+21,8.08965E+15,5.24756E+16
134224,3,4,55,15,2018,7,11,5,3,5,3,0,1,1,0,0,0,0,0,4.31482E+20,5.93244E+21,7.96615E+15,5.35364E+16
134225,3,2,41,1,2018,7,19,3,2,4,2,0,1,1,0,0,0,0,1,5.51711E+20,5.80153E+21,9.7594E+15,5.23616E+16
134226,3,4,5,0,2018,7,12,6,3,2,2,0,0,1,0,1,0,0,0,4.43428E+20,5.92996E+21,8.14682E+15,5.35155E+16
134227,3,4,57,18,2018,7,5,7,3,9,7,0,0,1,0,0,0,0,0,4.05527E+20,5.8879E+21,7.58793E+15,5.31321E+16
134228,3,4,5,0,2018,7,18,6,3,4,2,0,1,1,0,0,0,0,0,4.40823E+20,5.93057E+21,8.10743E+15,5.35208E+16
134229,3,3,59,38,2018,7,12,6,2,5,3,0,1,1,0,0,0,0,0,5.32433E+20,5.93703E+21,9.48988E+15,5.35811E+16
134230,3,4,54,45,2018,7,8,3,3,5,2,0,1,1,0,0,0,0,1,3.87234E+20,5.79815E+21,7.34543E+15,5.23221E+16
134231,3,3,61,1,2018,7,19,6,3,5,7,0,1,1,0,0,0,0,0,5.00417E+20,5.87404E+21,9.00621E+15,5.30159E+16
134232,3,1,51,9,2018,7,14,3,3,2,2,0,0,1,0,0,0,1,1,6.04675E+20,5.81793E+21,1.05421E+16,5.25014E+16
134233,3,4,3,0,2018,7,1,6,2,0,7,2,0,0,0,1,0,0,0,4.4805E+20,5.88819E+21,8.22337E+15,5.31406E+16
134234,3,2,54,2,2018,7,20,3,3,4,1,0,0,1,0,0,0,0,1,5.56366E+20,5.7593E+21,9.82073E+15,5.19815E+16
134235,3,3,53,5,2018,7,22,6,3,0,1,2,1,0,0,0,0,0,0,5.5828E+20,5.90903E+21,9.87506E+15,5.33272E+16
134236,3,4,53,9,2018,7,23,7,3,1,7,2,0,1,0,0,0,0,0,4.23718E+20,5.84943E+21,7.86881E+15,5.27893E+16
134237,3,3,59,35,2018,7,6,6,2,9,1,0,0,1,0,0,0,0,0,5.1762E+20,5.96032E+21,9.26747E+15,5.37911E+16
134238,3,2,41,3,2018,7,19,6,3,8,1,0,0,0,0,1,0,0,0,5.69821E+20,5.81977E+21,1.00291E+16,5.25236E+16
134239,3,4,51,2,2018,7,5,3,3,2,6,1,0,1,0,0,0,1,1,4.3699E+20,5.89218E+21,8.05726E+15,5.31753E+16
134240,3,3,57,39,2018,7,12,6,3,0,1,0,1,0,0,0,0,0,0,5.27031E+20,5.88478E+21,9.40382E+15,5.31118E+16
134241,3,4,4,0,2018,7,15,2,3,2,2,0,0,1,0,0,0,0,0,4.36451E+20,5.79028E+21,8.06892E+15,5.22592E+16
134242,3,3,55,22,2018,7,11,6,3,7,7,0,1,0,1,0,0,0,0,5.93443E+20,5.8995E+21,1.04001E+16,5.32366E+16
134243,3,1,59,26,2018,7,15,7,2,8,1,0,0,0,0,1,0,0,0,5.8698E+20,5.7307E+21,1.02592E+16,5.17204E+16
134244,3,2,41,7,2018,7,16,5,3,5,3,0,1,0,0,0,0,0,0,5.5052E+20,5.79498E+21,9.74091E+15,5.23029E+16
134245,3,3,55,22,2018,7,9,6,3,3,2,0,1,1,0,0,0,0,0,5.94157E+20,5.90201E+21,1.04115E+16,5.3259E+16
134246,3,1,57,6,2018,7,15,6,2,6,6,0,1,0,1,0,0,0,0,5.83676E+20,5.79747E+21,1.02277E+16,5.23211E+16
134247,3,3,55,22,2018,7,9,7,3,0,1,0,1,0,0,0,0,0,0,5.93784E+20,5.89895E+21,1.0405E+16,5.32316E+16
134248,3,3,51,6,2018,7,12,6,2,5,3,0,1,1,0,0,0,0,0,5.72436E+20,5.82786E+21,1.00694E+16,5.25959E+16
134249,3,1,55,11,2018,7,13,6,3,4,6,0,1,0,0,0,0,0,0,5.69091E+20,5.72913E+21,9.99995E+15,5.17088E+16
134250,3,4,1,0,2018,7,12,3,2,6,4,0,0,1,1,0,0,0,0,4.75524E+20,5.87631E+21,8.63499E+15,5.30357E+16
134251,3,3,51,6,2018,7,15,6,3,5,2,0,0,1,0,1,0,0,0,5.73977E+20,5.83242E+21,1.00932E+16,5.26367E+16
134252,3,1,51,9,2018,7,18,2,2,0,1,0,0,0,0,1,0,0,0,6.04533E+20,5.81632E+21,1.05395E+16,5.2487E+16
134253,3,4,53,13,2018,7,17,2,3,5,3,0,0,1,0,1,0,0,0,4.113E+20,5.88679E+21,7.67449E+15,5.31232E+16
134254,3,2,41,1,2018,7,20,1,3,0,3,0,1,1,0,0,0,0,0,5.45487E+20,5.80579E+21,9.66857E+15,5.24004E+16
134255,3,2,41,1,2018,7,11,6,3,5,3,0,0,1,0,0,0,0,0,5.49789E+20,5.80562E+21,9.73177E+15,5.23986E+16
134256,3,4,4,0,2018,7,14,6,3,0,1,0,1,0,0,0,0,0,0,4.30597E+20,5.79457E+21,7.98227E+15,5.22971E+16
134257,3,2,52,6,2018,7,9,4,3,4,2,0,0,1,0,0,0,0,1,5.24455E+20,5.77215E+21,9.35702E+15,5.20994E+16
134258,3,2,41,1,2018,7,14,6,3,1,5,0,1,1,0,0,0,0,0,5.48783E+20,5.80424E+21,9.71678E+15,5.23862E+16
134259,3,4,2,0,2018,7,16,5,2,1,5,0,1,1,0,0,0,0,0,3.80729E+20,5.91469E+21,7.20741E+15,5.33679E+16
134260,3,2,41,1,2018,7,18,3,3,1,5,0,0,1,0,0,0,0,1,5.49145E+20,5.80519E+21,9.72225E+15,5.23948E+16
134261,3,2,55,23,2018,7,17,6,3,2,5,0,0,1,0,0,0,0,0,5.31867E+20,5.742E+21,9.46242E+15,5.18279E+16
134262,3,4,59,3,2018,7,17,7,3,8,1,0,0,1,0,0,0,0,0,4.54861E+20,5.79667E+21,8.33777E+15,5.23185E+16
134263,3,3,61,12,2018,7,2,6,2,8,1,2,0,0,0,1,0,0,0,5.15335E+20,5.86383E+21,9.2281E+15,5.29239E+16
134264,3,4,1,0,2018,7,16,4,3,5,3,0,1,1,0,0,0,0,0,4.75268E+20,5.87811E+21,8.63102E+15,5.30519E+16
134265,3,3,57,51,2018,7,16,5,3,3,6,0,1,0,0,0,0,1,0,5.38734E+20,5.87007E+21,9.57689E+15,5.29788E+16
134266,3,2,41,1,2018,7,15,5,3,5,2,0,1,1,0,0,0,0,0,5.54646E+20,5.80544E+21,9.80313E+15,5.23965E+16
134267,3,2,41,1,2018,7,9,3,3,6,2,0,0,1,1,0,0,0,0,5.45117E+20,5.80683E+21,9.66327E+15,5.24098E+16
134268,3,2,41,1,2018,7,21,5,3,2,6,1,0,1,0,0,0,0,0,5.52567E+20,5.80191E+21,9.77201E+15,5.23649E+16
134269,3,4,3,0,2018,7,12,2,3,1,5,0,0,1,0,0,0,0,0,4.47182E+20,5.89143E+21,8.20986E+15,5.31696E+16
134270,3,4,54,45,2018,7,12,7,3,5,3,0,0,1,0,0,0,0,0,3.86819E+20,5.79889E+21,7.3391E+15,5.23286E+16
134271,3,2,41,1,2018,7,20,5,3,2,6,0,0,1,0,0,0,0,0,5.49163E+20,5.79888E+21,9.72158E+15,5.2338E+16
134272,3,1,51,9,2018,7,17,6,3,4,2,0,0,1,0,0,0,0,0,6.04776E+20,5.81402E+21,1.05423E+16,5.24662E+16
134273,3,2,54,32,2018,7,5,4,2,7,7,0,0,0,0,1,0,0,0,5.79205E+20,5.78401E+21,1.0159E+16,5.22008E+16
134274,3,2,41,1,2018,7,15,5,3,1,1,0,0,1,0,1,0,0,0,5.55479E+20,5.79825E+21,9.81418E+15,5.23318E+16
134275,3,1,59,26,2018,7,8,3,3,5,3,0,1,1,0,0,0,0,0,5.84646E+20,5.73317E+21,1.0226E+16,5.1743E+16
134276,3,2,41,1,2018,7,13,5,3,5,3,0,1,1,0,0,0,0,0,5.54652E+20,5.80686E+21,9.80345E+15,5.24093E+16
134277,3,2,41,1,2018,7,18,7,2,0,7,0,0,1,0,0,0,0,0,5.52324E+20,5.79827E+21,9.76789E+15,5.23322E+16
134278,3,2,41,3,2018,7,17,3,3,0,3,0,1,1,0,0,0,0,0,5.6726E+20,5.81104E+21,9.98961E+15,5.24454E+16
134279,3,2,41,11,2018,7,12,5,3,2,2,0,0,1,0,0,0,0,0,5.66118E+20,5.80264E+21,9.97114E+15,5.23701E+16
134280,3,3,55,22,2018,7,16,2,3,3,6,0,0,1,0,1,0,0,0,5.94316E+20,5.90208E+21,1.04139E+16,5.32595E+16
134281,3,4,1,0,2018,7,15,7,3,9,1,0,0,0,0,1,0,0,0,4.76467E+20,5.87979E+21,8.64879E+15,5.30671E+16
134282,3,2,41,1,2018,7,17,2,3,3,6,0,0,1,0,0,0,0,0,5.5038E+20,5.80158E+21,9.73985E+15,5.23622E+16
134283,3,1,3,0,2018,7,8,5,3,2,6,0,0,1,0,0,0,0,0,6.18565E+20,5.80692E+21,1.07427E+16,5.23996E+16
134284,3,4,57,18,2018,7,12,5,3,5,3,0,0,1,0,0,0,0,0,4.03179E+20,5.88815E+21,7.55276E+15,5.31339E+16
134285,3,4,52,14,2018,7,17,3,3,0,1,0,1,1,0,0,0,0,0,3.73647E+20,5.9297E+21,7.09501E+15,5.35011E+16
134286,3,2,41,1,2018,7,18,5,3,5,2,0,1,1,0,0,0,0,0,5.53197E+20,5.8015E+21,9.78121E+15,5.23612E+16
134287,3,1,3,0,2018,7,15,3,3,2,6,0,0,1,0,0,0,0,0,6.18021E+20,5.80844E+21,1.07353E+16,5.24134E+16
134288,3,2,41,1,2018,7,7,5,3,5,2,0,1,1,0,0,0,0,0,5.51172E+20,5.80093E+21,9.75139E+15,5.23562E+16
134289,3,4,52,19,2018,7,9,6,3,2,6,0,0,1,0,0,0,0,0,3.81358E+20,5.93951E+21,7.20748E+15,5.3591E+16
134290,3,4,53,6,2018,7,8,4,3,5,2,0,1,1,0,0,0,0,0,4.29353E+20,5.84229E+21,7.9539E+15,5.27258E+16
134291,3,3,59,10,2018,7,8,5,3,5,2,0,0,1,0,0,0,0,0,5.46391E+20,5.92584E+21,9.69904E+15,5.34795E+16
134292,3,2,57,32,2018,7,13,5,3,5,3,0,0,1,0,0,0,0,0,5.24714E+20,5.79569E+21,9.36252E+15,5.2311E+16
134293,3,4,1,0,2018,7,10,3,3,2,6,0,0,1,0,0,0,0,0,4.76425E+20,5.87939E+21,8.6482E+15,5.30635E+16
134294,3,4,4,0,2018,7,14,4,3,5,7,0,1,1,0,0,0,0,0,4.3752E+20,5.78996E+21,8.08464E+15,5.22564E+16
134295,3,3,56,5,2018,7,12,5,3,5,3,0,0,1,0,1,0,0,0,4.93506E+20,5.88993E+21,8.90288E+15,5.31587E+16
134296,3,4,3,0,2018,7,17,3,3,5,3,0,1,1,0,0,0,0,0,4.46875E+20,5.88827E+21,8.2058E+15,5.31412E+16
134297,3,2,52,6,2018,7,7,5,3,2,7,0,0,1,0,0,0,1,0,5.24047E+20,5.77444E+21,9.35122E+15,5.212E+16
134298,3,1,51,9,2018,7,12,3,3,3,2,0,1,0,0,0,0,0,0,6.04869E+20,5.81539E+21,1.05441E+16,5.24786E+16
134299,3,4,60,10,2018,7,16,1,3,5,2,0,1,1,0,0,0,0,0,4.55199E+20,5.85434E+21,8.33493E+15,5.2837E+16
134300,3,1,59,16,2018,7,9,5,3,2,6,0,0,1,0,0,0,0,0,5.66364E+20,5.70876E+21,9.95663E+15,5.15261E+16
134301,3,2,51,4,2018,7,19,6,3,5,3,0,0,1,0,0,0,0,0,4.87164E+20,5.83093E+21,8.81035E+15,5.26282E+16
134302,3,3,61,12,2018,7,11,4,2,5,2,0,0,0,0,1,0,1,0,5.16272E+20,5.86315E+21,9.24201E+15,5.29177E+16
134303,3,1,2,0,2018,7,15,5,3,1,7,0,0,1,0,0,0,1,0,5.90592E+20,5.77852E+21,1.03241E+16,5.21498E+16
134304,3,1,51,9,2018,7,12,5,2,2,6,0,1,1,0,0,0,0,0,6.00313E+20,5.81861E+21,1.04781E+16,5.25083E+16
134305,3,3,55,22,2018,7,16,3,2,0,1,0,1,0,0,0,0,0,0,5.94786E+20,5.8994E+21,1.04202E+16,5.32354E+16
134306,3,1,1,0,2018,7,14,5,3,2,6,0,0,1,0,0,0,0,0,6.05326E+20,5.79133E+21,1.05433E+16,5.22623E+16
134307,3,4,5,0,2018,7,6,2,3,0,7,0,1,0,0,0,0,0,0,4.41776E+20,5.93095E+21,8.12172E+15,5.35242E+16
134308,3,4,59,24,2018,7,0,7,3,6,1,2,0,1,1,0,0,0,0,4.54619E+20,5.7838E+21,8.33594E+15,5.22027E+16
134309,3,1,1,0,2018,7,7,5,3,4,2,0,1,0,0,0,0,1,0,6.05433E+20,5.79305E+21,1.05454E+16,5.22777E+16
134310,3,4,4,0,2018,7,7,2,3,2,6,0,0,1,0,0,0,0,0,4.34804E+20,5.79073E+21,8.0447E+15,5.22631E+16
134311,3,2,41,1,2018,7,0,1,3,1,5,2,0,1,0,0,0,0,0,5.50963E+20,5.807E+21,9.74924E+15,5.24109E+16
134312,3,4,4,0,2018,7,7,4,3,0,2,0,1,0,0,0,0,1,0,4.35088E+20,5.79182E+21,8.04865E+15,5.22729E+16
134313,3,3,55,22,2018,7,5,6,3,4,6,0,0,1,0,0,0,1,0,5.97513E+20,5.90116E+21,1.04616E+16,5.32508E+16
134314,3,2,41,1,2018,7,16,2,2,5,2,0,1,1,0,0,0,0,0,5.49303E+20,5.80416E+21,9.72442E+15,5.23854E+16
134315,3,3,55,1,2018,7,15,4,3,2,2,0,0,1,0,0,0,1,0,5.96367E+20,5.90416E+21,1.04453E+16,5.32779E+16
134316,3,4,2,0,2018,7,11,4,3,5,2,0,0,1,0,0,0,0,0,3.78298E+20,5.91401E+21,7.17115E+15,5.33612E+16
134317,3,4,57,2,2018,7,8,4,3,1,5,0,1,1,0,0,0,0,0,3.45266E+20,5.94009E+21,6.66233E+15,5.35868E+16
134318,3,2,41,1,2018,7,14,3,3,5,3,0,1,1,0,0,0,0,0,5.55262E+20,5.80479E+21,9.81207E+15,5.23906E+16
134319,3,4,62,7,2018,7,16,4,2,0,1,0,1,0,0,0,0,0,0,4.00345E+20,5.95645E+21,7.48879E+15,5.37472E+16
134320,3,3,51,6,2018,7,20,2,3,2,6,0,0,1,0,0,0,0,0,5.73291E+20,5.83209E+21,1.0083E+16,5.26339E+16
134321,3,4,3,0,2018,7,15,7,3,6,3,0,0,1,1,0,0,0,0,4.47897E+20,5.88691E+21,8.22129E+15,5.3129E+16
134322,3,2,41,9,2018,7,15,2,3,6,4,0,0,1,1,0,0,0,0,5.55161E+20,5.79576E+21,9.8091E+15,5.23094E+16
134323,3,4,4,0,2018,7,22,5,2,8,1,2,1,0,0,0,0,0,0,4.39278E+20,5.78951E+21,8.11047E+15,5.22527E+16
134324,3,1,1,0,2018,7,12,4,3,2,2,0,0,1,0,1,0,0,0,6.03612E+20,5.79099E+21,1.05181E+16,5.22596E+16
134325,3,3,57,39,2018,7,15,2,3,0,5,0,1,1,0,0,0,0,0,5.27971E+20,5.88432E+21,9.41783E+15,5.31076E+16
134326,3,4,53,13,2018,7,17,4,3,6,6,0,0,1,1,0,0,0,0,4.11893E+20,5.88404E+21,7.68411E+15,5.30985E+16
134327,3,1,55,11,2018,7,13,6,3,2,7,0,0,1,0,0,0,0,0,5.68992E+20,5.7295E+21,9.99859E+15,5.17122E+16
134328,3,1,55,5,2018,7,17,4,3,5,3,0,0,1,0,0,0,1,0,5.59505E+20,5.71895E+21,9.8595E+15,5.16185E+16
134329,3,4,53,6,2018,7,19,4,3,5,3,0,1,1,0,0,0,0,0,4.34729E+20,5.84289E+21,8.03338E+15,5.2732E+16
134330,3,2,41,1,2018,7,18,3,3,5,3,0,0,1,0,1,0,0,0,5.47963E+20,5.80657E+21,9.70507E+15,5.24073E+16
134331,3,4,53,4,2018,7,9,4,3,5,3,0,1,1,0,0,0,0,0,4.36413E+20,5.85659E+21,8.05564E+15,5.28553E+16
134332,3,2,41,1,2018,7,13,2,3,2,2,0,1,0,0,0,0,0,0,5.48811E+20,5.80275E+21,9.71699E+15,5.23728E+16
134333,3,3,51,21,2018,7,12,7,3,8,1,0,0,0,0,0,0,1,0,5.76973E+20,5.82085E+21,1.01348E+16,5.25323E+16
134334,3,1,51,9,2018,7,18,5,3,2,6,0,0,1,0,0,0,0,0,6.05245E+20,5.81569E+21,1.05498E+16,5.24812E+16
134335,3,4,56,15,2018,7,7,5,3,5,3,0,1,0,0,0,1,0,0,3.67436E+20,5.80846E+21,7.05104E+15,5.24103E+16
134336,3,4,55,27,2018,7,6,3,3,5,3,0,1,1,0,0,0,0,0,4.31919E+20,5.91954E+21,7.97554E+15,5.34206E+16
134337,3,4,51,8,2018,7,19,4,3,3,6,0,1,1,0,0,0,0,0,4.41459E+20,5.90097E+21,8.12251E+15,5.32548E+16
134338,3,1,58,37,2018,7,8,3,3,5,3,0,1,1,0,0,0,0,0,6.05278E+20,5.78019E+21,1.05392E+16,5.21621E+16
134339,3,4,3,0,2018,7,18,4,3,5,3,0,1,0,0,1,0,0,0,4.47267E+20,5.88909E+21,8.21151E+15,5.31486E+16
134340,3,2,54,21,2018,7,18,3,3,4,2,0,1,1,0,0,0,0,0,5.65525E+20,5.77867E+21,9.95779E+15,5.21546E+16
134341,3,2,51,49,2018,7,10,4,3,6,4,0,0,0,1,0,1,0,0,4.99087E+20,5.85244E+21,8.98645E+15,5.28217E+16
134342,3,4,54,46,2018,7,18,6,2,5,3,0,1,1,0,0,0,0,0,4.02188E+20,5.80647E+21,7.56234E+15,5.23997E+16
134343,3,4,56,15,2018,7,9,4,2,0,5,0,1,1,0,0,0,0,0,3.69027E+20,5.81044E+21,7.07363E+15,5.24285E+16
134344,3,2,51,37,2018,7,8,5,2,5,2,0,1,1,0,0,0,0,0,4.85862E+20,5.87367E+21,8.78926E+15,5.30124E+16
134345,3,4,3,0,2018,7,17,3,3,0,1,0,0,0,0,1,0,0,0,4.46713E+20,5.8911E+21,8.2029E+15,5.31666E+16
134346,3,3,58,8,2018,7,13,4,2,5,3,0,1,1,0,0,0,0,0,5.46105E+20,5.85714E+21,9.68482E+15,5.2862E+16
134347,3,4,4,0,2018,7,12,2,3,2,7,0,0,1,0,0,0,0,0,4.33458E+20,5.79195E+21,8.02474E+15,5.22739E+16
134348,3,3,61,1,2018,7,17,1,3,0,1,0,0,0,0,1,0,0,0,5.0044E+20,5.87336E+21,9.00655E+15,5.30098E+16
134349,3,2,41,1,2018,7,17,2,3,2,6,0,0,1,0,0,0,0,0,5.50935E+20,5.80476E+21,9.74849E+15,5.23907E+16
134350,3,3,59,36,2018,7,21,2,3,5,3,1,1,1,0,0,0,0,0,5.16314E+20,5.93888E+21,9.24651E+15,5.35985E+16
134351,3,3,54,18,2018,7,14,4,3,3,2,0,1,1,0,0,0,0,0,6.451E+20,5.87145E+21,1.11609E+16,5.2973E+16
134352,3,3,52,62,2018,7,11,6,3,2,1,0,0,1,0,0,0,1,0,4.89267E+20,5.94195E+21,8.83771E+15,5.36263E+16
134353,3,4,58,5,2018,7,15,4,3,5,3,0,0,1,0,0,0,0,0,4.7098E+20,5.88381E+21,8.56654E+15,5.3103E+16
134354,3,3,54,18,2018,7,12,4,3,5,3,0,0,1,0,0,0,0,0,6.42909E+20,5.87171E+21,1.11284E+16,5.29759E+16
134355,3,4,60,9,2018,7,13,6,3,2,7,0,0,1,0,1,0,0,0,4.5135E+20,5.84293E+21,8.27948E+15,5.2734E+16
134356,3,4,53,12,2018,7,15,4,3,4,6,0,0,1,0,0,0,1,0,4.27135E+20,5.85938E+21,7.91725E+15,5.28792E+16