OBJECTID_1,ULAND,UREGBEZ,UKREIS,UGEMEINDE,UJAHR,UMONAT,USTUNDE,UWOCHENTAG,UKATEGORIE,UART,UTYP1,ULICHTVERH,IstRad,IstPKW,IstFuss,IstKrad,IstGkfz,IstSonstig,STRZUSTAND,LINREFX,LINREFY,XGCSWGS84,YGCSWGS84
134357,3,3,55,22,2018,7,14,4,3,5,2,0,1,1,0,0,0,0,0,5.9751E+20,5.89974E+21,1.04611E+16,5.3238E+16
134358,3,2,41,1,2018,7,13,4,3,5,3,0,1,1,0,0,0,0,0,5.54968E+20,5.80357E+21,9.80755E+15,5.23797E+16
134359,3,3,53,40,2018,7,15,3,3,0,7,0,0,1,0,0,0,0,0,5.79482E+20,5.91356E+21,1.01945E+16,5.33652E+16
134360,3,2,41,1,2018,7,14,4,3,0,1,0,1,0,0,0,0,0,0,5.49683E+20,5.80297E+21,9.72982E+15,5.23747E+16
134361,3,4,52,20,2018,7,17,2,3,6,2,0,1,0,1,0,0,0,0,3.77677E+20,5.95269E+21,7.14671E+15,5.37085E+16
134362,3,1,57,1,2018,7,2,1,3,6,6,2,0,1,1,0,0,0,0,5.85414E+20,5.80404E+21,1.02549E+16,5.23799E+16
134363,3,2,41,1,2018,7,12,2,3,3,6,0,1,1,0,0,0,0,0,5.50276E+20,5.80266E+21,9.73848E+15,5.23719E+16
134364,3,2,41,5,2018,7,13,4,3,4,6,0,1,1,0,0,0,0,0,5.38481E+20,5.80767E+21,9.56582E+15,5.24179E+16
134365,3,2,41,15,2018,7,17,6,3,0,7,0,1,1,0,0,0,0,0,5.40603E+20,5.8052E+21,9.59673E+15,5.23956E+16
134366,3,2,41,1,2018,7,12,2,3,1,5,0,1,1,0,0,0,0,0,5.50726E+20,5.80408E+21,9.74532E+15,5.23846E+16
134367,3,2,41,11,2018,7,15,4,3,0,7,0,1,0,0,0,0,0,0,5.61697E+20,5.80218E+21,9.90613E+15,5.23665E+16
134368,3,2,41,10,2018,7,17,4,2,0,7,0,1,0,0,0,0,0,0,5.50634E+20,5.81264E+21,9.74526E+15,5.24615E+16
134369,3,2,41,6,2018,7,12,3,3,0,7,0,0,1,1,0,0,0,0,5.41278E+20,5.79618E+21,9.60553E+15,5.23144E+16
134370,3,2,41,17,2018,7,19,2,3,0,7,0,0,0,0,1,0,0,0,5.42391E+20,5.78581E+21,9.62055E+15,5.22211E+16
134371,3,2,41,1,2018,7,14,4,3,0,1,0,1,0,0,0,0,0,0,5.51027E+20,5.80281E+21,9.74954E+15,5.23732E+16
134372,3,2,57,6,2018,7,9,4,3,0,7,0,1,0,0,0,0,0,0,5.24892E+20,5.79801E+21,9.3653E+15,5.23318E+16
134373,3,2,52,3,2018,7,17,4,3,8,7,0,0,1,1,0,0,0,0,5.17367E+20,5.75932E+21,9.25289E+15,5.19843E+16
134374,3,3,51,6,2018,7,9,3,3,5,3,0,0,1,0,0,0,1,0,5.73066E+20,5.82879E+21,1.00789E+16,5.26042E+16
134375,3,1,59,16,2018,7,8,4,3,5,3,0,1,1,0,0,0,0,0,5.64381E+20,5.71264E+21,9.92876E+15,5.15612E+16
134376,3,4,51,7,2018,7,18,2,3,5,3,0,1,1,0,0,0,0,0,4.2898E+20,5.90229E+21,7.9352E+15,5.32651E+16
134377,3,4,4,0,2018,7,10,7,3,0,1,0,1,0,0,0,0,0,0,4.33045E+20,5.79783E+21,8.01752E+15,5.23267E+16
134378,3,2,41,2,2018,7,15,2,3,4,6,0,1,1,0,0,0,0,0,5.31707E+20,5.7948E+21,9.46501E+15,5.23026E+16
134379,3,1,3,0,2018,7,9,4,3,2,2,0,0,1,0,1,0,0,0,6.16809E+20,5.80923E+21,1.07177E+16,5.24208E+16
134380,3,1,57,8,2018,7,19,6,3,5,3,0,0,0,0,1,0,1,0,5.94512E+20,5.79742E+21,1.03866E+16,5.2319E+16
134381,3,2,57,9,2018,7,17,4,3,5,3,0,1,1,0,0,0,0,0,5.03788E+20,5.79055E+21,9.05551E+15,5.22653E+16
134382,3,1,57,2,2018,7,17,4,3,0,2,0,1,1,0,0,0,0,0,5.73062E+20,5.79043E+21,1.00705E+16,5.22594E+16
134383,3,2,41,1,2018,7,15,3,3,5,2,0,1,1,0,0,0,0,0,5.50124E+20,5.80433E+21,9.73651E+15,5.23869E+16
134384,3,2,41,10,2018,7,16,2,3,2,6,0,0,1,0,0,0,0,0,5.49158E+20,5.81181E+21,9.72342E+15,5.24542E+16
134385,3,1,53,17,2018,7,10,4,3,6,2,0,0,1,1,0,0,0,0,5.97581E+20,5.75281E+21,1.04188E+16,5.19175E+16
134386,3,2,41,18,2018,7,7,7,3,4,2,0,0,1,0,1,0,0,0,5.81881E+20,5.81353E+21,1.02053E+16,5.24658E+16
134387,3,2,41,1,2018,7,16,2,3,5,3,0,1,1,0,0,0,0,0,5.51863E+20,5.79833E+21,9.76113E+15,5.23328E+16
134388,3,1,1,0,2018,7,6,5,2,5,3,0,1,1,0,0,0,0,0,6.04418E+20,5.7921E+21,1.05302E+16,5.22693E+16
134389,3,4,53,4,2018,7,10,5,3,5,3,0,1,1,0,0,0,0,0,4.35383E+20,5.85608E+21,8.04046E+15,5.28506E+16
134390,3,4,1,0,2018,7,15,7,3,4,6,0,0,1,0,1,0,0,0,4.76237E+20,5.87659E+21,8.6456E+15,5.30383E+16
134391,3,1,3,0,2018,7,5,5,3,3,2,1,0,1,0,0,0,0,0,6.21125E+20,5.80822E+21,1.07808E+16,5.24108E+16
134392,3,4,4,0,2018,7,14,5,3,0,7,0,1,0,0,0,0,0,0,4.34686E+20,5.79311E+21,8.0425E+15,5.22845E+16
134393,3,4,54,54,2018,7,9,3,3,5,3,0,1,1,0,0,0,0,0,3.70562E+20,5.83048E+21,7.0884E+15,5.26089E+16
134394,3,4,4,0,2018,7,10,3,3,5,2,0,1,1,0,0,0,0,0,4.31205E+20,5.79441E+21,7.99123E+15,5.22957E+16
134395,3,2,55,23,2018,7,16,3,3,5,3,0,1,0,0,0,0,1,0,5.3072E+20,5.74166E+21,9.44575E+15,5.18249E+16
134396,3,2,41,1,2018,7,14,2,3,4,6,0,1,0,0,0,0,0,0,5.51036E+20,5.79879E+21,9.74906E+15,5.2337E+16
134397,3,4,56,15,2018,7,22,3,2,4,2,1,0,1,0,1,0,0,0,3.68484E+20,5.80751E+21,7.0668E+15,5.2402E+16
134398,3,4,52,17,2018,7,18,6,3,9,1,0,0,1,0,0,0,1,0,3.86623E+20,5.93248E+21,7.28953E+15,5.3529E+16
134399,3,4,52,19,2018,7,15,4,3,0,6,0,1,1,0,0,0,0,0,3.80671E+20,5.93958E+21,7.19709E+15,5.35914E+16
134400,3,2,51,31,2018,7,0,5,3,0,7,2,0,0,0,1,0,0,0,4.86644E+20,5.83791E+21,8.80239E+15,5.26909E+16
134401,3,4,54,14,2018,7,15,3,3,0,4,0,0,1,1,0,0,0,0,3.8594E+20,5.82928E+21,7.31581E+15,5.26016E+16
134402,3,2,51,37,2018,7,19,3,3,2,6,0,0,1,0,0,0,1,0,4.86662E+20,5.87476E+21,8.80115E+15,5.30222E+16
134403,3,4,54,32,2018,7,20,3,3,5,3,0,1,1,0,0,0,0,0,3.85025E+20,5.81989E+21,7.30556E+15,5.2517E+16
134404,3,4,4,0,2018,7,14,2,2,8,1,0,0,0,0,1,0,0,0,4.41368E+20,5.79353E+21,8.14038E+15,5.2289E+16
134405,3,4,3,0,2018,7,10,3,3,5,3,0,1,1,0,0,0,0,0,4.46875E+20,5.88827E+21,8.20579E+15,5.31411E+16
134406,3,4,62,7,2018,7,18,3,2,8,1,0,1,0,0,0,0,0,0,4.00272E+20,5.95604E+21,7.48781E+15,5.37435E+16
134407,3,1,51,9,2018,7,19,3,3,5,3,0,1,1,0,0,0,0,0,6.06438E+20,5.81415E+21,1.05668E+16,5.24672E+16
134408,3,4,52,27,2018,7,17,1,3,0,7,0,1,0,0,0,0,1,0,4.00828E+20,5.94833E+21,7.49871E+15,5.36743E+16
134409,3,2,41,1,2018,7,15,2,3,5,2,0,1,1,0,0,0,0,0,5.52596E+20,5.80031E+21,9.7722E+15,5.23505E+16
134410,3,4,52,20,2018,7,11,3,3,0,7,0,1,0,0,0,0,0,0,3.79258E+20,5.95338E+21,7.17039E+15,5.37151E+16
134411,3,4,5,0,2018,7,17,6,3,4,6,0,1,0,0,0,0,0,0,4.39131E+20,5.93584E+21,8.08088E+15,5.35679E+16
134412,3,4,5,0,2018,7,15,4,3,5,3,0,0,1,0,0,0,0,0,4.40868E+20,5.93035E+21,8.10814E+15,5.35188E+16
134413,3,4,52,19,2018,7,18,3,3,2,6,0,0,1,0,0,0,0,0,3.80813E+20,5.94023E+21,7.19897E+15,5.35973E+16
134414,3,4,55,14,2018,7,2,3,2,9,1,2,0,1,0,0,0,0,0,4.33501E+20,5.93007E+21,7.99711E+15,5.35153E+16
134415,3,3,60,4,2018,7,12,3,3,4,6,0,1,0,0,0,0,0,0,5.99138E+20,5.8893E+21,1.04822E+16,5.31438E+16
134416,3,4,51,5,2018,7,13,3,3,0,7,0,0,1,0,0,1,0,0,4.44364E+20,5.90484E+21,8.16537E+15,5.32898E+16
134417,3,4,60,6,2018,7,13,2,3,2,6,0,0,1,0,0,0,0,0,4.48687E+20,5.83427E+21,8.24141E+15,5.2656E+16
134418,3,1,1,0,2018,7,0,1,3,4,6,2,1,0,0,0,0,0,0,6.04857E+20,5.78869E+21,1.05356E+16,5.22387E+16
134419,3,2,41,1,2018,7,11,2,3,4,2,0,1,0,0,0,0,0,0,5.47119E+20,5.8056E+21,9.69254E+15,5.23986E+16
134420,3,4,3,0,2018,7,18,3,3,5,3,0,1,1,0,0,0,0,1,4.48115E+20,5.89311E+21,8.22354E+15,5.31848E+16
134421,3,1,55,5,2018,7,18,6,3,9,1,0,0,0,0,1,0,0,0,5.58765E+20,5.72219E+21,9.84935E+15,5.16476E+16
134422,3,3,58,14,2018,7,18,1,3,2,6,0,0,1,0,0,0,0,0,5.41894E+20,5.84662E+21,9.62094E+15,5.27678E+16
134423,3,1,55,12,2018,7,14,2,3,8,1,0,0,1,0,0,0,0,0,5.43868E+20,5.7232E+21,9.63419E+15,5.1658E+16
134424,3,4,3,0,2018,7,5,3,3,5,3,0,1,1,0,0,0,0,0,4.4809E+20,5.88846E+21,8.22392E+15,5.3143E+16
134425,3,3,55,22,2018,7,14,6,3,8,1,0,0,1,0,0,0,0,0,5.93219E+20,5.89892E+21,1.03966E+16,5.32314E+16
134426,3,3,59,27,2018,7,11,4,3,4,2,0,1,1,0,0,0,0,0,5.3867E+20,5.92888E+21,9.58307E+15,5.35074E+16
134427,3,4,58,5,2018,7,11,3,3,5,2,0,1,1,0,0,0,0,0,4.69596E+20,5.87613E+21,8.54659E+15,5.30339E+16
134428,3,3,53,31,2018,7,19,3,3,5,3,0,1,1,0,0,0,0,0,5.69838E+20,5.91077E+21,1.0049E+16,5.33415E+16
134429,3,2,41,1,2018,7,11,3,3,3,2,0,1,1,0,0,0,0,0,5.50655E+20,5.80102E+21,9.74381E+15,5.23571E+16
134430,3,2,56,22,2018,7,16,2,3,4,6,0,1,0,0,0,0,0,0,5.14004E+20,5.83317E+21,9.207E+15,5.26483E+16
134431,3,3,59,25,2018,7,10,3,2,1,5,0,1,1,0,0,0,0,0,5.20269E+20,5.94116E+21,9.30643E+15,5.36188E+16
134432,3,2,51,40,2018,7,19,2,3,5,3,0,0,1,0,0,0,0,0,4.86912E+20,5.8368E+21,8.8064E+15,5.2681E+16
134433,3,4,55,26,2018,7,19,7,3,0,1,0,1,0,0,0,0,0,0,4.40137E+20,5.91679E+21,8.09971E+15,5.33968E+16
134434,3,1,59,16,2018,7,20,2,3,4,6,0,1,0,0,0,0,0,0,5.62618E+20,5.71228E+21,9.90326E+15,5.15582E+16
134435,3,3,55,22,2018,7,11,2,3,3,6,0,0,1,0,0,0,0,0,5.94332E+20,5.90133E+21,1.04139E+16,5.32528E+16
134436,3,3,57,13,2018,7,10,3,3,5,7,0,1,1,0,0,0,0,0,5.25197E+20,5.89983E+21,9.37762E+15,5.32471E+16
134437,3,1,1,0,2018,7,12,6,3,1,5,0,0,1,0,0,0,0,0,6.05221E+20,5.78727E+21,1.05405E+16,5.22258E+16
134438,3,1,1,0,2018,7,23,4,3,5,3,2,0,1,0,0,0,0,0,6.03585E+20,5.7898E+21,1.05173E+16,5.22488E+16
134439,3,3,55,22,2018,7,14,3,3,1,5,0,1,1,0,0,0,0,0,5.94577E+20,5.90115E+21,1.04176E+16,5.32512E+16
134440,3,2,56,22,2018,7,13,3,3,1,5,0,0,1,0,0,0,0,0,5.18559E+20,5.82933E+21,9.2741E+15,5.26137E+16
134441,3,1,59,16,2018,7,17,2,3,5,3,0,1,1,0,0,0,0,0,5.64036E+20,5.70816E+21,9.92297E+15,5.15209E+16
134442,3,1,55,12,2018,7,9,4,3,0,6,0,0,0,0,1,0,0,0,5.4367E+20,5.72341E+21,9.63135E+15,5.166E+16
134443,3,3,55,22,2018,7,5,3,3,0,3,0,1,0,0,0,0,0,0,5.94073E+20,5.90117E+21,1.041E+16,5.32515E+16
134444,3,2,41,1,2018,7,18,3,3,6,4,0,0,1,1,0,0,0,0,5.47429E+20,5.79786E+21,9.696E+15,5.2329E+16
134445,3,1,54,28,2018,7,17,2,3,2,2,0,0,1,0,0,0,0,0,6.36366E+20,5.79021E+21,1.09974E+16,5.22454E+16
134446,3,2,41,1,2018,7,11,3,3,3,6,0,1,0,0,0,0,0,0,5.45504E+20,5.80577E+21,9.66882E+15,5.24003E+16
134447,3,3,55,22,2018,7,18,7,2,4,6,0,1,0,0,0,0,0,0,5.94027E+20,5.90202E+21,1.04096E+16,5.32591E+16
134448,3,1,54,28,2018,7,6,2,3,0,2,0,0,1,0,1,0,0,0,6.38952E+20,5.78751E+21,1.10342E+16,5.22204E+16
134449,3,1,53,18,2018,7,8,5,3,0,2,0,0,1,0,1,0,0,0,5.9284E+20,5.74065E+21,1.03467E+16,5.1809E+16
134450,3,4,56,15,2018,7,17,5,3,5,3,0,1,1,0,0,0,0,0,3.68854E+20,5.8107E+21,7.07099E+15,5.24308E+16
134451,3,2,51,44,2018,7,10,2,2,5,3,0,1,1,0,0,0,0,0,4.73658E+20,5.82338E+21,8.61142E+15,5.25599E+16
134452,3,4,52,19,2018,7,10,3,3,5,3,0,0,1,0,0,0,0,0,3.81999E+20,5.93955E+21,7.21714E+15,5.35915E+16
134453,3,2,41,1,2018,7,14,3,3,6,7,0,0,1,1,0,0,0,0,5.49137E+20,5.80033E+21,9.72142E+15,5.2351E+16
134454,3,1,3,0,2018,7,19,3,3,2,6,0,0,1,0,0,0,0,0,6.24393E+20,5.81003E+21,1.08295E+16,5.24264E+16
134455,3,1,3,0,2018,7,18,2,3,0,7,0,0,1,0,1,0,0,0,6.21443E+20,5.809E+21,1.07857E+16,5.24177E+16
134456,3,2,41,1,2018,7,13,3,3,6,1,0,1,0,1,0,0,0,0,5.51005E+20,5.79877E+21,9.7486E+15,5.23369E+16
134457,3,4,60,8,2018,7,13,6,3,5,3,0,0,1,0,0,0,0,0,4.4937E+20,5.82625E+21,8.25274E+15,5.25839E+16
134458,3,1,51,18,2018,7,9,2,3,5,3,0,1,1,0,0,0,0,0,5.95585E+20,5.82251E+21,1.04095E+16,5.25443E+16
134459,3,4,53,4,2018,7,15,4,3,5,3,0,1,0,0,0,0,1,0,4.38301E+20,5.85522E+21,8.08393E+15,5.28432E+16
134460,3,2,41,1,2018,7,10,3,3,0,1,0,1,0,0,0,0,0,0,5.48656E+20,5.80263E+21,9.71468E+15,5.23718E+16
134461,3,4,59,22,2018,7,10,6,3,0,5,0,0,1,0,0,0,0,0,4.41185E+20,5.77691E+21,8.14058E+15,5.21396E+16
134462,3,1,51,9,2018,7,14,2,3,4,1,0,1,0,0,0,0,0,0,6.05014E+20,5.81645E+21,1.05466E+16,5.24881E+16
134463,3,4,4,0,2018,7,7,4,3,5,3,0,1,1,0,0,0,0,0,4.35519E+20,5.79018E+21,8.05528E+15,5.22583E+16
134464,3,4,3,0,2018,7,15,5,3,2,6,0,1,1,0,0,0,0,0,4.48256E+20,5.89019E+21,8.22613E+15,5.31586E+16
134465,3,4,3,0,2018,7,16,3,3,5,2,0,1,1,0,0,0,0,0,4.47144E+20,5.88994E+21,8.20954E+15,5.31562E+16
134466,3,2,41,1,2018,7,2,3,3,5,3,2,1,1,0,0,0,0,0,5.54055E+20,5.80509E+21,9.79438E+15,5.23934E+16
134467,3,4,59,14,2018,7,16,2,3,5,2,0,1,1,0,0,0,0,0,4.30815E+20,5.80673E+21,7.98297E+15,5.24064E+16
134468,3,3,61,9,2018,7,12,1,3,6,4,0,0,1,1,0,0,0,0,5.0116E+20,5.87879E+21,9.01731E+15,5.30586E+16
134469,3,4,59,19,2018,7,10,1,3,0,3,0,0,1,0,0,0,1,0,4.33657E+20,5.78408E+21,8.0292E+15,5.22032E+16
134470,3,2,41,1,2018,7,9,3,3,5,3,0,1,0,0,0,0,0,0,5.52539E+20,5.80535E+21,9.77214E+15,5.23958E+16
134471,3,2,51,12,2018,7,14,6,3,5,3,0,0,1,0,0,0,0,0,4.56988E+20,5.82879E+21,8.36482E+15,5.26074E+16
134472,3,2,51,12,2018,7,5,4,3,5,2,0,0,1,0,0,0,0,0,4.55338E+20,5.82734E+21,8.34067E+15,5.25943E+16
134473,3,2,41,1,2018,7,23,3,3,0,7,2,1,0,0,0,0,0,0,5.49376E+20,5.80085E+21,9.72499E+15,5.23557E+16
134474,3,2,41,1,2018,7,14,3,3,2,6,0,0,1,0,0,0,0,0,5.49591E+20,5.80332E+21,9.72852E+15,5.23779E+16
134475,3,3,55,22,2018,7,15,3,3,5,2,0,0,0,0,1,0,1,0,5.93679E+20,5.9021E+21,1.04044E+16,5.32599E+16
134476,3,2,41,1,2018,7,13,3,3,3,6,0,1,0,0,0,0,0,0,5.51103E+20,5.79879E+21,9.75005E+15,5.23371E+16
134477,3,2,41,1,2018,7,12,3,3,1,5,0,1,0,0,0,0,1,0,5.47876E+20,5.80296E+21,9.70329E+15,5.23748E+16
134478,3,3,52,59,2018,7,13,3,3,5,3,0,0,0,0,0,1,1,0,4.90157E+20,5.91698E+21,8.85195E+15,5.34018E+16
134479,3,2,57,9,2018,7,8,3,2,5,3,0,1,1,0,0,0,0,0,5.03724E+20,5.7907E+21,9.05458E+15,5.22666E+16
134480,3,4,62,5,2018,7,18,2,3,4,6,0,1,1,0,0,0,0,0,4.24931E+20,5.9247E+21,7.86917E+15,5.34659E+16
134481,3,2,52,5,2018,7,15,1,3,2,6,0,0,1,0,0,0,0,0,5.23272E+20,5.76128E+21,9.339E+15,5.20017E+16
134482,3,4,4,0,2018,7,14,1,3,5,3,0,1,1,0,0,0,0,0,4.37187E+20,5.79585E+21,8.07866E+15,5.23094E+16
134483,3,4,4,0,2018,7,15,2,3,1,5,0,0,1,0,0,0,0,0,4.36576E+20,5.79183E+21,8.07045E+15,5.22732E+16
134484,3,2,41,1,2018,7,16,6,3,2,6,0,0,1,0,0,0,0,0,5.49843E+20,5.80345E+21,9.73225E+15,5.23791E+16
134485,3,1,55,13,2018,7,16,2,2,9,7,0,0,1,0,0,0,0,0,5.59553E+20,5.7462E+21,9.86486E+15,5.18634E+16
134486,3,2,41,1,2018,7,16,4,3,4,6,0,1,0,0,0,0,0,0,5.46692E+20,5.8003E+21,9.68552E+15,5.2351E+16
134487,3,4,54,41,2018,7,15,2,3,5,2,0,1,1,0,0,0,0,0,3.92151E+20,5.88224E+21,7.38997E+15,5.30787E+16
134488,3,4,56,15,2018,7,17,2,3,0,6,0,1,0,0,0,0,0,0,3.68589E+20,5.8117E+21,7.0667E+15,5.24397E+16
134489,3,2,41,1,2018,7,9,3,3,2,6,0,0,1,0,0,1,0,0,5.53926E+20,5.80621E+21,9.79266E+15,5.24035E+16
134490,3,4,4,0,2018,7,10,1,3,5,2,0,1,1,0,0,0,0,0,4.37228E+20,5.79007E+21,8.08034E+15,5.22575E+16
134491,3,4,54,18,2018,7,14,2,3,2,7,0,0,1,0,0,0,1,0,3.83748E+20,5.84825E+21,7.27677E+15,5.27715E+16
134492,3,4,1,0,2018,7,17,7,3,3,6,0,1,0,0,0,0,0,0,4.75004E+20,5.88001E+21,8.62694E+15,5.3069E+16
134493,3,4,56,16,2018,7,14,1,3,5,3,0,0,1,0,1,0,0,0,3.82381E+20,5.79272E+21,7.27616E+15,5.22722E+16
134494,3,4,55,25,2018,7,18,2,3,4,6,0,0,1,0,0,0,0,0,4.33972E+20,5.91333E+21,8.00773E+15,5.3365E+16
134495,3,3,56,7,2018,7,12,2,3,6,5,0,0,1,1,0,0,0,0,4.87288E+20,5.89728E+21,8.80959E+15,5.32246E+16
134496,3,4,59,20,2018,7,18,7,2,5,1,0,0,1,0,1,0,0,0,4.28443E+20,5.78617E+21,7.95248E+15,5.22213E+16
134497,3,4,5,0,2018,7,10,2,3,4,2,0,0,1,0,0,0,1,0,4.39795E+20,5.93201E+21,8.09166E+15,5.35335E+16
134498,3,2,55,23,2018,7,14,6,3,6,2,0,0,1,1,0,0,0,0,5.31009E+20,5.74176E+21,9.44996E+15,5.18258E+16
134499,3,2,57,35,2018,7,22,4,3,5,3,2,1,1,0,0,0,0,0,5.13399E+20,5.79773E+21,9.19662E+15,5.23297E+16
134500,3,4,3,0,2018,7,11,2,3,5,3,0,1,1,0,0,0,0,0,4.47362E+20,5.88853E+21,8.21304E+15,5.31435E+16
134501,3,2,41,1,2018,7,14,3,3,5,2,0,1,1,0,0,0,0,0,5.47722E+20,5.80532E+21,9.70136E+15,5.2396E+16
134502,3,4,3,0,2018,7,13,2,3,5,3,0,1,1,0,0,0,0,0,4.48516E+20,5.89056E+21,8.22995E+15,5.31619E+16
134503,3,2,41,2,2018,7,1,7,3,0,7,2,1,0,0,0,0,0,0,5.31833E+20,5.79503E+21,9.46687E+15,5.23047E+16
134504,3,1,1,0,2018,7,23,5,2,0,1,2,0,0,0,1,0,0,0,6.04142E+20,5.79136E+21,1.0526E+16,5.22628E+16
134505,3,4,54,32,2018,7,8,5,3,5,3,0,1,1,0,0,0,0,0,3.85364E+20,5.82165E+21,7.30995E+15,5.25329E+16
134506,3,4,51,1,2018,7,12,3,3,1,5,0,1,1,0,0,0,0,0,4.17239E+20,5.89485E+21,7.76113E+15,5.31965E+16
134507,3,4,4,0,2018,7,19,5,2,5,3,0,1,0,0,0,0,0,0,4.36408E+20,5.79436E+21,8.06752E+15,5.22959E+16
134508,3,4,56,15,2018,7,12,3,2,0,6,0,1,0,0,0,0,0,0,3.68179E+20,5.81115E+21,7.0609E+15,5.24347E+16
134509,3,2,51,14,2018,7,12,2,3,5,3,0,0,1,0,0,0,0,0,4.70528E+20,5.84339E+21,8.56346E+15,5.27395E+16
134510,3,2,54,21,2018,7,5,3,3,5,3,0,1,1,0,0,0,0,0,5.64119E+20,5.77858E+21,9.93722E+15,5.2154E+16
134511,3,4,58,14,2018,7,14,2,3,0,3,0,0,1,0,1,0,0,0,4.61685E+20,5.8605E+21,8.43048E+15,5.28928E+16
134512,3,4,62,3,2018,7,11,6,2,6,7,0,0,1,1,0,0,0,0,4.08347E+20,5.9449E+21,7.61351E+15,5.36448E+16
134513,3,4,62,7,2018,7,17,4,2,0,2,0,1,0,0,0,0,0,0,4.0102E+20,5.95625E+21,7.49908E+15,5.37455E+16
134514,3,2,51,41,2018,7,11,5,3,6,2,0,0,0,1,0,0,1,0,4.88206E+20,5.86252E+21,8.82461E+15,5.29122E+16
134515,3,4,3,0,2018,7,11,3,2,5,3,0,0,1,0,0,0,0,0,4.48426E+20,5.8931E+21,8.2282E+15,5.31848E+16
134516,3,3,52,44,2018,7,8,2,2,5,2,0,1,1,0,0,0,0,0,5.11962E+20,5.94964E+21,9.18116E+15,5.36953E+16
134517,3,4,4,0,2018,7,16,2,3,6,6,0,1,0,1,0,0,0,0,4.32907E+20,5.79444E+21,8.01618E+15,5.22962E+16
134518,3,4,3,0,2018,7,17,1,3,5,3,0,1,1,0,0,0,0,0,4.4674E+20,5.88993E+21,8.2035E+15,5.31561E+16
134519,3,3,59,38,2018,7,12,2,3,5,2,0,0,1,0,0,0,0,0,5.3282E+20,5.93679E+21,9.4957E+15,5.35789E+16
134520,3,3,53,40,2018,7,14,2,3,4,6,0,0,1,0,0,0,0,0,5.81281E+20,5.9123E+21,1.02212E+16,5.33536E+16
134521,3,3,59,36,2018,7,16,2,3,5,3,0,0,1,0,0,0,0,0,5.1647E+20,5.93795E+21,9.24882E+15,5.35901E+16
134522,3,1,57,6,2018,7,12,3,3,5,3,0,1,1,0,0,0,0,0,5.8344E+20,5.79791E+21,1.02243E+16,5.23252E+16
134523,3,3,59,38,2018,7,13,2,3,4,6,0,1,0,0,1,0,0,0,5.3126E+20,5.93929E+21,9.4724E+15,5.36015E+16
134524,3,4,5,0,2018,7,20,6,3,5,3,0,0,1,0,0,0,0,0,4.39367E+20,5.93338E+21,8.08492E+15,5.35458E+16
134525,3,4,5,0,2018,7,21,4,3,1,7,0,1,1,0,0,0,0,0,4.41672E+20,5.93096E+21,8.12016E+15,5.35243E+16
134526,3,3,57,8,2018,7,19,2,2,2,6,0,0,1,0,1,0,0,0,5.07922E+20,5.92598E+21,9.11938E+15,5.34827E+16
134527,3,3,60,25,2018,7,10,2,2,4,7,0,0,1,0,0,0,1,0,6.03983E+20,5.86831E+21,1.05479E+16,5.29544E+16
134528,3,3,58,21,2018,7,14,3,3,0,7,0,0,1,0,0,0,0,0,5.52887E+20,5.87485E+21,9.78844E+15,5.30206E+16
134529,3,3,51,6,2018,7,21,2,3,0,1,1,1,1,0,0,0,0,1,5.72049E+20,5.83165E+21,1.00645E+16,5.26301E+16
134530,3,4,52,6,2018,7,9,2,3,5,2,0,1,1,0,0,0,0,0,4.01473E+20,5.91397E+21,7.51927E+15,5.33656E+16
134531,3,1,53,8,2018,7,14,1,3,1,7,0,0,0,0,1,0,1,1,5.96285E+20,5.75882E+21,1.04017E+16,5.19717E+16
134532,3,2,41,1,2018,7,16,2,3,5,2,0,1,1,0,0,0,0,0,5.47191E+20,5.80488E+21,9.69349E+15,5.23922E+16
134533,3,2,41,1,2018,7,14,6,3,1,5,0,1,1,0,0,0,0,0,5.48298E+20,5.80227E+21,9.70938E+15,5.23686E+16
134534,3,2,57,9,2018,7,11,2,3,0,3,0,1,0,0,0,0,0,0,5.0392E+20,5.79019E+21,9.05744E+15,5.22621E+16
134535,3,2,41,1,2018,7,14,4,3,5,3,0,1,1,0,0,0,0,0,5.45687E+20,5.80748E+21,9.67174E+15,5.24156E+16
134536,3,3,56,7,2018,8,8,1,3,8,7,0,0,0,0,1,0,0,0,4.86036E+20,5.89825E+21,8.79079E+15,5.32334E+16
134537,3,1,59,2,2018,7,16,2,3,8,7,0,0,0,0,1,0,0,0,5.8203E+20,5.73786E+21,1.01892E+16,5.17856E+16
134538,3,4,52,25,2018,8,22,6,3,0,7,2,0,1,0,0,0,0,0,4.13564E+20,5.91842E+21,7.69972E+15,5.34078E+16
134539,3,2,52,6,2018,7,12,2,3,5,3,0,1,0,0,0,0,1,0,5.24447E+20,5.77238E+21,9.35692E+15,5.21014E+16
134540,3,2,41,1,2018,7,16,3,3,0,3,0,1,1,0,0,0,0,0,5.4823E+20,5.80211E+21,9.70836E+15,5.23672E+16
134541,3,1,1,0,2018,8,20,6,2,6,4,0,0,1,1,0,0,0,0,6.04822E+20,5.79137E+21,1.05359E+16,5.22627E+16
134542,3,1,3,0,2018,7,12,2,3,5,3,0,1,1,0,0,0,0,0,6.24911E+20,5.81144E+21,1.08376E+16,5.24389E+16
134543,3,2,41,19,2018,7,8,2,3,6,7,0,0,1,1,0,0,0,0,5.51102E+20,5.81939E+21,9.75317E+15,5.25222E+16