OBJECTID_1,ULAND,UREGBEZ,UKREIS,UGEMEINDE,UJAHR,UMONAT,USTUNDE,UWOCHENTAG,UKATEGORIE,UART,UTYP1,ULICHTVERH,IstRad,IstPKW,IstFuss,IstKrad,IstGkfz,IstSonstig,STRZUSTAND,LINREFX,LINREFY,XGCSWGS84,YGCSWGS84
134544,3,4,59,4,2018,8,10,7,3,2,6,0,1,0,0,0,0,0,0,4.334E+20,5.7801E+21,8.02622E+15,5.21674E+16
134545,3,1,1,0,2018,7,16,2,3,5,3,0,0,1,0,0,0,1,0,6.00952E+20,5.79761E+21,1.04811E+16,5.23196E+16
134546,3,1,51,9,2018,8,11,4,3,5,3,0,0,1,0,1,0,0,0,6.04782E+20,5.81411E+21,1.05425E+16,5.24671E+16
134547,3,4,1,0,2018,8,18,6,3,4,2,0,1,1,0,0,0,0,0,4.76453E+20,5.87824E+21,8.6487E+15,5.30531E+16
134548,3,1,1,0,2018,7,9,2,3,5,2,0,1,0,0,0,0,1,0,6.06993E+20,5.79042E+21,1.05674E+16,5.22537E+16
134549,3,4,4,0,2018,7,16,2,3,0,3,0,1,1,0,0,0,0,0,4.38112E+20,5.79234E+21,8.09287E+15,5.22779E+16
134550,3,3,61,12,2018,8,17,5,3,5,3,0,1,1,0,0,0,0,0,5.15295E+20,5.86356E+21,9.22749E+15,5.29215E+16
134551,3,4,51,5,2018,8,4,6,3,3,6,2,1,1,0,0,0,0,0,4.48449E+20,5.89631E+21,8.22802E+15,5.32136E+16
134552,3,4,54,53,2018,7,13,1,3,1,5,0,1,1,0,0,0,0,0,3.97469E+20,5.8169E+21,7.4898E+15,5.24926E+16
134553,3,1,54,19,2018,7,17,3,3,5,3,0,0,0,0,1,0,1,0,6.34895E+20,5.77804E+21,1.0971E+16,5.21364E+16
134554,3,4,54,18,2018,8,12,5,3,5,3,0,1,1,0,0,0,0,0,3.81599E+20,5.85038E+21,7.24416E+15,5.27902E+16
134555,3,2,41,5,2018,8,18,5,3,8,7,0,1,0,0,0,0,0,0,5.3957E+20,5.811E+21,9.58223E+15,5.24477E+16
134556,3,2,41,3,2018,7,7,5,2,6,4,0,0,1,1,0,0,0,0,5.68475E+20,5.8112E+21,1.00075E+16,5.24467E+16
134557,3,4,55,15,2018,7,12,1,3,2,6,0,1,0,0,0,0,0,0,4.33632E+20,5.93167E+21,7.99875E+15,5.35298E+16
134558,3,3,55,9,2018,8,3,7,3,8,7,2,0,1,0,0,0,1,0,6.13994E+20,5.90305E+21,1.07091E+16,5.32644E+16
134559,3,4,3,0,2018,7,22,1,3,5,2,2,1,1,0,0,0,0,0,4.47387E+20,5.88789E+21,8.2135E+15,5.31378E+16
134560,3,4,52,3,2018,7,14,3,3,6,7,0,0,1,1,0,0,0,1,3.88719E+20,5.94076E+21,7.31819E+15,5.36039E+16
134561,3,2,41,11,2018,8,18,6,3,2,6,0,0,1,0,0,0,0,0,5.66028E+20,5.8047E+21,9.97023E+15,5.23886E+16
134562,3,4,58,5,2018,7,19,1,2,3,6,0,1,0,0,0,0,0,0,4.70132E+20,5.88324E+21,8.55394E+15,5.30978E+16
134563,3,4,60,9,2018,7,13,2,3,5,3,0,0,1,0,0,0,0,0,4.51705E+20,5.84338E+21,8.28468E+15,5.27381E+16
134564,3,4,58,14,2018,8,18,5,3,5,3,0,1,1,0,0,0,0,0,4.61148E+20,5.85916E+21,8.42266E+15,5.28807E+16
134565,3,3,60,30,2018,7,1,1,3,6,7,2,0,1,1,0,0,0,1,6.10164E+20,5.86516E+21,1.06387E+16,5.29248E+16
134566,3,2,56,12,2018,8,11,7,2,2,6,0,0,0,0,1,0,0,0,5.16768E+20,5.83899E+21,9.24814E+15,5.27006E+16
134567,3,3,54,4,2018,7,13,1,3,3,2,0,1,1,0,0,0,0,0,6.41102E+20,5.88298E+21,1.11064E+16,5.30776E+16
134568,3,2,41,1,2018,7,15,1,3,5,3,0,1,1,0,0,0,0,0,5.47688E+20,5.80481E+21,9.70078E+15,5.23915E+16
134569,3,2,41,10,2018,8,21,7,3,4,2,1,1,1,0,0,0,0,0,5.49564E+20,5.80855E+21,9.7289E+15,5.24249E+16
134570,3,2,41,10,2018,7,23,1,3,1,5,2,0,1,0,0,0,0,0,5.49868E+20,5.81028E+21,9.73364E+15,5.24404E+16
134571,3,4,51,4,2018,7,18,3,3,0,1,0,0,0,0,1,0,0,0,4.32187E+20,5.88672E+21,7.98657E+15,5.31256E+16
134572,3,2,41,1,2018,8,16,6,3,9,1,0,0,1,0,0,0,0,0,5.4817E+20,5.80875E+21,9.70844E+15,5.24268E+16
134573,3,2,41,18,2018,7,3,1,3,9,1,2,0,1,0,0,0,0,1,5.79135E+20,5.80981E+21,1.0164E+16,5.24328E+16
134574,3,4,3,0,2018,7,11,2,3,1,5,0,1,1,0,0,0,0,0,4.47172E+20,5.88863E+21,8.21018E+15,5.31445E+16
134575,3,3,58,19,2018,8,12,5,3,5,7,0,1,1,0,0,0,0,0,5.46202E+20,5.88483E+21,9.69022E+15,5.31109E+16
134576,3,4,59,27,2018,8,15,1,3,4,2,0,0,1,0,0,0,0,0,4.16426E+20,5.80764E+21,7.77126E+15,5.24126E+16
134577,3,2,41,18,2018,7,19,1,2,0,1,0,1,0,0,0,0,0,0,5.81538E+20,5.81341E+21,1.02002E+16,5.24648E+16
134578,3,4,4,0,2018,8,16,6,2,8,1,0,1,0,0,0,0,0,0,4.39279E+20,5.78955E+21,8.11048E+15,5.2253E+16
134579,3,2,41,10,2018,7,14,1,2,0,1,0,0,0,0,1,0,0,0,5.45169E+20,5.81103E+21,9.66461E+15,5.24476E+16
134580,3,3,54,4,2018,7,19,3,3,5,3,0,1,1,0,0,0,0,0,6.40468E+20,5.88566E+21,1.10982E+16,5.31019E+16
134581,3,1,51,36,2018,8,15,6,3,5,3,0,0,0,0,0,0,1,0,6.08252E+20,5.82978E+21,1.05986E+16,5.26073E+16
134582,3,1,55,13,2018,7,3,1,3,1,5,2,1,1,0,0,0,0,0,5.64236E+20,5.73513E+21,9.93081E+15,5.17634E+16
134583,3,3,53,40,2018,7,14,3,3,0,7,0,1,1,0,0,0,0,0,5.79166E+20,5.91363E+21,1.01897E+16,5.33659E+16
134584,3,2,54,21,2018,8,22,6,2,5,3,2,0,1,0,1,0,0,0,5.64904E+20,5.77473E+21,9.94796E+15,5.21193E+16
134585,3,2,55,3,2018,7,13,1,2,5,3,0,0,0,0,1,0,0,0,5.35292E+20,5.75844E+21,9.5138E+15,5.19756E+16
134586,3,3,55,22,2018,7,13,2,3,5,3,0,1,1,0,0,0,0,0,5.94803E+20,5.89977E+21,1.04205E+16,5.32388E+16
134587,3,2,41,1,2018,8,18,5,3,4,2,0,0,1,0,0,0,0,0,5.54783E+20,5.80339E+21,9.80481E+15,5.2378E+16
134588,3,2,41,9,2018,7,21,5,2,0,1,1,0,1,0,1,0,0,0,5.55826E+20,5.79512E+21,9.81874E+15,5.23036E+16
134589,3,4,58,5,2018,8,3,1,3,9,7,2,0,1,0,0,0,0,0,4.68664E+20,5.8836E+21,8.53198E+15,5.31009E+16
134590,3,1,51,13,2018,7,11,1,3,5,3,0,1,0,0,0,0,0,0,6.09802E+20,5.81243E+21,1.06158E+16,5.2451E+16
134591,3,4,60,2,2018,8,18,6,3,2,6,0,0,1,0,1,0,0,0,4.4463E+20,5.81826E+21,8.18411E+15,5.25117E+16
134592,3,4,54,8,2018,7,12,7,3,5,3,0,0,1,0,0,0,0,1,3.88663E+20,5.86898E+21,7.3425E+15,5.29589E+16
134593,3,2,54,21,2018,7,10,3,3,0,3,0,1,1,0,1,0,0,0,5.65837E+20,5.77799E+21,9.96222E+15,5.21485E+16
134594,3,4,4,0,2018,8,18,5,3,0,1,0,1,0,0,0,0,0,0,4.37258E+20,5.78888E+21,8.08099E+15,5.22467E+16
134595,3,2,41,19,2018,8,12,5,3,0,7,0,1,0,0,0,0,0,0,5.50075E+20,5.82215E+21,9.73846E+15,5.25472E+16
134596,3,2,41,1,2018,7,18,5,3,5,3,0,1,1,0,0,0,0,0,5.49432E+20,5.80449E+21,9.72636E+15,5.23884E+16
134597,3,2,41,1,2018,7,12,2,3,5,3,0,1,1,0,0,0,0,0,5.47159E+20,5.80679E+21,9.69329E+15,5.24093E+16
134598,3,4,4,0,2018,8,23,7,3,3,2,2,1,1,0,0,0,0,0,4.36596E+20,5.79019E+21,8.07106E+15,5.22584E+16
134599,3,4,54,41,2018,7,12,7,2,5,2,0,1,1,0,0,0,0,1,3.92223E+20,5.88224E+21,7.39104E+15,5.30787E+16
134600,3,2,41,1,2018,8,11,5,3,0,2,0,1,1,0,0,0,0,0,5.51995E+20,5.80233E+21,9.76369E+15,5.23688E+16
134601,3,2,41,1,2018,7,7,2,3,5,5,0,1,1,0,0,0,0,0,5.50806E+20,5.80626E+21,9.74682E+15,5.24042E+16
134602,3,1,54,13,2018,8,14,1,2,5,7,0,0,1,0,0,0,0,0,6.19617E+20,5.79132E+21,1.07526E+16,5.22592E+16
134603,3,4,56,27,2018,7,9,7,3,5,3,0,1,1,0,0,0,0,0,3.78546E+20,5.7984E+21,7.21793E+15,5.23225E+16
134604,3,1,58,39,2018,8,7,4,3,0,5,0,0,1,0,1,0,0,1,6.10308E+20,5.76562E+21,1.06079E+16,5.20302E+16
134605,3,4,3,0,2018,8,10,6,3,2,2,0,0,1,0,0,0,1,0,4.47101E+20,5.88677E+21,8.20941E+15,5.31277E+16
134606,3,4,54,32,2018,7,11,7,3,4,2,0,0,1,0,0,0,0,0,3.86116E+20,5.8232E+21,7.32049E+15,5.2547E+16
134607,3,1,51,22,2018,7,8,3,3,5,3,0,0,1,0,0,0,0,0,6.01E+20,5.81016E+21,1.04856E+16,5.24323E+16
134608,3,4,52,1,2018,8,21,5,3,4,6,1,1,0,0,0,0,0,0,3.98587E+20,5.92615E+21,7.472E+15,5.34746E+16
134609,3,2,41,1,2018,8,19,5,3,6,4,0,1,0,1,0,0,0,0,5.50876E+20,5.80638E+21,9.74786E+15,5.24053E+16
134610,3,4,52,20,2018,7,23,7,3,4,1,2,1,0,0,0,0,0,0,3.77738E+20,5.95259E+21,7.14767E+15,5.37076E+16
134611,3,2,41,1,2018,8,22,7,3,6,1,2,0,1,1,0,0,0,0,5.5431E+20,5.80035E+21,9.79736E+15,5.23508E+16
134612,3,3,52,50,2018,7,9,7,3,6,7,0,0,1,1,0,0,0,0,4.75403E+20,5.93704E+21,8.62847E+15,5.35816E+16
134613,3,4,60,9,2018,7,14,3,3,5,3,0,1,1,0,0,0,0,0,4.5051E+20,5.84569E+21,8.26664E+15,5.27588E+16
134614,3,2,41,1,2018,8,20,6,2,1,1,0,1,1,0,0,0,0,0,5.49108E+20,5.80243E+21,9.7213E+15,5.23699E+16
134615,3,3,52,11,2018,7,17,7,3,6,6,0,0,1,0,0,0,1,0,4.8091E+20,5.9687E+21,8.7097E+15,5.38665E+16
134616,3,4,53,4,2018,7,9,2,3,8,1,0,0,1,0,0,0,0,0,4.36539E+20,5.85932E+21,8.05698E+15,5.28798E+16
134617,3,4,4,0,2018,7,19,3,3,0,7,0,1,0,0,0,0,0,0,4.40071E+20,5.79138E+21,8.12174E+15,5.22695E+16
134618,3,3,52,50,2018,8,11,6,3,3,2,0,1,1,0,0,0,0,0,4.75642E+20,5.93608E+21,8.63215E+15,5.3573E+16
134619,3,3,59,38,2018,7,17,7,2,4,6,0,0,1,0,0,0,0,1,5.3187E+20,5.93914E+21,9.48159E+15,5.36001E+16
134620,3,4,2,0,2018,7,16,2,3,5,3,0,1,1,0,0,0,0,0,3.81527E+20,5.91517E+21,7.21921E+15,5.33723E+16
134621,3,4,51,8,2018,8,13,5,3,0,7,0,1,0,0,0,0,0,0,4.41656E+20,5.90146E+21,8.12537E+15,5.32592E+16
134622,3,2,41,1,2018,7,14,7,3,0,7,0,1,0,0,0,0,0,1,5.46796E+20,5.80495E+21,9.6877E+15,5.23928E+16
134623,3,2,41,1,2018,8,14,7,3,1,5,0,1,1,0,0,0,0,0,5.5127E+20,5.80358E+21,9.75323E+15,5.23801E+16
134624,3,2,41,1,2018,7,13,7,3,6,6,0,1,0,1,0,0,0,1,5.50622E+20,5.80238E+21,9.74352E+15,5.23694E+16
134625,3,4,3,0,2018,7,10,3,3,5,2,0,0,1,0,0,0,1,0,4.48311E+20,5.88768E+21,8.22736E+15,5.3136E+16
134626,3,2,41,1,2018,8,9,6,3,5,3,0,1,1,0,0,0,0,0,5.50673E+20,5.80413E+21,9.74454E+15,5.23851E+16
134627,3,2,41,1,2018,7,14,7,3,2,5,0,0,1,0,0,0,0,1,5.49684E+20,5.80488E+21,9.73012E+15,5.23919E+16
134628,3,1,59,2,2018,8,20,5,3,5,3,1,0,1,0,0,0,1,0,5.85407E+20,5.74065E+21,1.02389E+16,5.18101E+16
134629,3,2,41,1,2018,8,16,5,3,5,3,0,1,1,0,0,0,0,0,5.52119E+20,5.80536E+21,9.76597E+15,5.2396E+16
134630,3,3,59,23,2018,7,10,2,3,2,6,0,0,1,0,0,0,0,0,5.35396E+20,5.92304E+21,9.53306E+15,5.34552E+16
134631,3,3,55,22,2018,8,14,5,3,6,6,0,1,0,1,0,0,0,0,5.94188E+20,5.90031E+21,1.04115E+16,5.32437E+16
134632,3,4,52,1,2018,8,18,1,2,5,3,0,0,1,0,0,0,0,0,4.07205E+20,5.92795E+21,7.60127E+15,5.34923E+16
134633,3,2,41,12,2018,7,11,7,3,0,7,0,1,0,0,0,0,0,0,5.38684E+20,5.82888E+21,9.57127E+15,5.26086E+16
134634,3,3,52,11,2018,8,9,5,3,6,2,0,0,1,1,0,0,0,0,4.79787E+20,5.96902E+21,8.69259E+15,5.38693E+16
134635,3,2,41,10,2018,7,21,7,3,8,1,2,0,1,0,0,0,0,1,5.44117E+20,5.81012E+21,9.64901E+15,5.24395E+16
134636,3,2,55,23,2018,8,9,7,3,3,7,0,0,1,0,0,0,1,0,5.31466E+20,5.74075E+21,9.45648E+15,5.18167E+16
134637,3,2,41,18,2018,7,13,7,3,5,3,0,1,1,0,0,0,0,0,5.79497E+20,5.81344E+21,1.01702E+16,5.24653E+16
134638,3,3,59,1,2018,7,11,3,3,5,3,0,0,1,0,0,0,0,0,5.34675E+20,5.93492E+21,9.52351E+15,5.3562E+16
134639,3,1,54,13,2018,8,20,6,3,1,5,0,0,1,0,0,0,0,0,6.2369E+20,5.7907E+21,1.0812E+16,5.22527E+16
134640,3,2,41,1,2018,7,3,7,3,0,1,2,0,0,0,1,0,0,0,5.50525E+20,5.80343E+21,9.74225E+15,5.23788E+16
134641,3,2,57,23,2018,8,20,5,3,0,7,0,0,0,0,1,0,0,0,5.10256E+20,5.79939E+21,9.15055E+15,5.23447E+16
134642,3,2,41,1,2018,7,11,2,3,0,1,0,1,0,0,0,0,0,0,5.46676E+20,5.79777E+21,9.68493E+15,5.23282E+16
134643,3,2,56,16,2018,7,15,5,3,9,1,0,0,1,0,0,0,0,0,5.21364E+20,5.82305E+21,9.31512E+15,5.25571E+16
134644,3,2,41,1,2018,8,7,1,3,0,1,0,1,0,0,0,0,0,0,5.48993E+20,5.80335E+21,9.71974E+15,5.23782E+16
134645,3,2,56,22,2018,7,11,7,3,4,2,0,0,1,0,1,0,0,0,5.14746E+20,5.83259E+21,9.21794E+15,5.26431E+16
134646,3,4,5,0,2018,8,10,6,3,2,6,0,0,1,0,0,0,0,0,4.4082E+20,5.93409E+21,8.10671E+15,5.35524E+16
134647,3,2,54,21,2018,7,9,7,3,2,6,0,0,1,0,0,0,0,0,5.65182E+20,5.77784E+21,9.95262E+15,5.21472E+16
134648,3,2,54,21,2018,8,6,5,3,0,1,0,0,0,0,1,0,0,1,5.6371E+20,5.77783E+21,9.9311E+15,5.21473E+16
134649,3,1,59,16,2018,7,9,3,3,4,2,0,1,1,0,0,0,0,0,5.65431E+20,5.71087E+21,9.94358E+15,5.15451E+16
134650,3,4,62,19,2018,8,10,6,3,0,7,0,1,0,0,0,0,1,0,4.20983E+20,5.94985E+21,7.80335E+15,5.36914E+16
134651,3,4,59,2,2018,7,12,6,3,5,3,0,0,1,0,1,0,0,0,4.22998E+20,5.82192E+21,7.86457E+15,5.25419E+16
134652,3,2,41,11,2018,7,16,3,3,0,7,0,1,1,0,0,0,0,0,5.61778E+20,5.80268E+21,9.90742E+15,5.23709E+16
134653,3,1,51,9,2018,8,14,6,3,2,6,0,0,1,0,0,0,0,0,6.04504E+20,5.81906E+21,1.05399E+16,5.25116E+16
134654,3,4,2,0,2018,7,11,6,3,8,7,0,0,1,0,0,0,0,0,3.80598E+20,5.91455E+21,7.20549E+15,5.33665E+16
134655,3,1,59,5,2018,8,14,5,3,5,2,1,0,1,0,0,0,0,0,5.80266E+20,5.72007E+21,1.01596E+16,5.16259E+16
134656,3,2,41,12,2018,7,9,2,3,0,7,0,1,0,0,0,0,0,0,5.31118E+20,5.81762E+21,9.45849E+15,5.25078E+16
134657,3,1,1,0,2018,8,7,1,3,5,3,0,0,1,0,0,0,1,0,6.04868E+20,5.79249E+21,1.0537E+16,5.22728E+16
134658,3,4,57,21,2018,7,12,6,3,8,1,0,0,1,0,0,0,0,0,3.9025E+20,5.89239E+21,7.35813E+15,5.31696E+16
134659,3,1,51,12,2018,8,8,4,3,6,4,0,1,1,1,0,0,0,0,5.95379E+20,5.80841E+21,1.04025E+16,5.24176E+16
134660,3,4,61,2,2018,8,13,6,3,5,3,0,1,1,0,0,0,0,0,4.64643E+20,5.91112E+21,8.46888E+15,5.3348E+16
134661,3,4,54,19,2018,7,17,6,2,5,3,0,0,1,0,1,0,0,0,3.97506E+20,5.83904E+21,7.4835E+15,5.26916E+16
134662,3,1,3,0,2018,8,18,5,3,9,1,0,0,0,0,1,0,0,0,6.18924E+20,5.80747E+21,1.07482E+16,5.24045E+16
134663,3,4,4,0,2018,7,21,2,3,0,7,1,1,0,1,0,0,0,0,4.28842E+20,5.79191E+21,7.9571E+15,5.2273E+16
134664,3,4,5,0,2018,8,19,5,3,6,4,0,0,1,1,0,0,0,0,4.40902E+20,5.93128E+21,8.10848E+15,5.35272E+16
134665,3,1,57,9,2018,8,11,5,3,4,1,0,0,1,0,0,0,0,0,5.82872E+20,5.78998E+21,1.02141E+16,5.2254E+16
134666,3,4,62,19,2018,7,15,6,3,2,2,0,0,1,0,0,0,0,0,4.18347E+20,5.93672E+21,7.76689E+15,5.3573E+16
134667,3,4,56,15,2018,8,19,5,3,5,2,0,0,1,1,0,0,0,0,3.684E+20,5.81162E+21,7.06395E+15,5.24389E+16
134668,3,4,53,4,2018,7,8,6,3,5,3,0,1,1,0,0,0,0,0,4.35412E+20,5.85537E+21,8.04102E+15,5.28442E+16
134669,3,2,51,47,2018,8,13,7,3,5,3,0,0,1,0,0,0,0,0,4.90629E+20,5.87055E+21,8.86042E+15,5.29845E+16
134670,3,4,55,26,2018,7,17,6,3,4,6,0,1,0,0,0,0,0,0,4.43081E+20,5.91435E+21,8.14441E+15,5.33752E+16
134671,3,4,52,19,2018,7,20,3,3,5,3,0,1,1,0,0,0,0,0,3.80488E+20,5.9405E+21,7.19396E+15,5.35997E+16
134672,3,3,59,17,2018,8,7,6,3,5,3,0,1,1,0,0,0,0,0,5.2276E+20,5.93231E+21,9.34343E+15,5.35392E+16
134673,3,4,55,20,2018,7,9,6,3,5,3,0,1,0,0,0,1,0,0,4.25371E+20,5.93862E+21,7.87248E+15,5.35911E+16
134674,3,1,51,9,2018,8,15,5,3,8,1,0,0,1,0,0,0,0,0,6.05109E+20,5.81951E+21,1.0549E+16,5.25156E+16
134675,3,4,62,19,2018,7,12,2,3,5,3,0,1,1,0,0,0,0,0,4.19313E+20,5.93761E+21,7.78124E+15,5.35811E+16
134676,3,4,58,5,2018,8,11,5,3,8,1,0,0,1,0,0,0,0,0,4.69677E+20,5.87645E+21,8.54778E+15,5.30367E+16
134677,3,4,3,0,2018,7,7,6,3,5,2,0,1,1,0,0,0,0,0,4.48999E+20,5.89018E+21,8.23724E+15,5.31586E+16
134678,3,1,55,1,2018,8,19,7,3,0,1,0,0,0,0,1,0,0,0,5.70547E+20,5.74715E+21,1.00247E+16,5.18706E+16
134679,3,2,51,47,2018,7,11,6,3,2,6,0,1,1,0,0,0,0,0,4.90098E+20,5.87088E+21,8.85249E+15,5.29874E+16
134680,3,4,1,0,2018,7,11,3,2,5,3,0,0,1,0,1,0,0,0,4.78128E+20,5.87654E+21,8.6738E+15,5.3038E+16
134681,3,1,55,11,2018,8,17,6,2,1,5,0,1,1,0,0,0,0,0,5.69856E+20,5.72876E+21,1.0011E+16,5.17054E+16
134682,3,4,1,0,2018,7,15,6,2,5,3,0,0,0,0,1,0,1,0,4.76354E+20,5.87823E+21,8.64722E+15,5.30531E+16
134683,3,2,41,1,2018,8,19,7,3,0,3,0,1,1,0,0,0,0,0,5.53546E+20,5.80599E+21,9.78705E+15,5.24016E+16
134684,3,3,52,61,2018,7,18,6,3,0,7,0,1,0,0,0,0,0,0,4.68566E+20,5.95404E+21,8.52348E+15,5.37341E+16
134685,3,3,61,12,2018,7,16,3,3,5,3,0,0,1,0,0,0,1,0,5.15803E+20,5.86342E+21,9.23505E+15,5.29202E+16
134686,3,2,41,10,2018,8,14,6,3,2,2,0,0,1,0,0,0,0,0,5.51224E+20,5.8104E+21,9.7536E+15,5.24414E+16
134687,3,3,55,22,2018,7,18,6,3,5,3,0,1,1,0,0,0,0,0,5.92913E+20,5.89686E+21,1.03914E+16,5.32129E+16
134688,3,4,4,0,2018,8,8,4,2,0,1,0,1,0,0,0,0,0,0,4.357E+20,5.79172E+21,8.05764E+15,5.22721E+16
134689,3,4,3,0,2018,7,15,2,3,2,6,0,0,1,0,0,0,0,0,4.44623E+20,5.88975E+21,8.17188E+15,5.31543E+16
134690,3,3,58,18,2018,8,19,5,3,4,6,0,1,1,0,0,0,0,0,5.25376E+20,5.84794E+21,9.37622E+15,5.27806E+16
134691,3,3,51,4,2018,7,17,6,3,5,3,0,1,0,0,0,0,1,0,5.64439E+20,5.85169E+21,9.95604E+15,5.28111E+16
134692,3,4,4,0,2018,8,23,6,2,8,1,2,1,0,0,0,0,0,0,4.41488E+20,5.79257E+21,8.1423E+15,5.22804E+16
134693,3,3,51,6,2018,7,16,6,3,3,6,0,1,1,0,0,0,0,0,5.7563E+20,5.82889E+21,1.01168E+16,5.26047E+16
134694,3,3,58,21,2018,7,17,3,3,5,3,0,1,0,0,0,0,1,0,5.56862E+20,5.86928E+21,9.84671E+15,5.29701E+16
134695,3,1,3,0,2018,8,18,6,3,0,5,0,1,1,0,0,0,0,0,6.21396E+20,5.80997E+21,1.07854E+16,5.24265E+16
134696,3,2,41,1,2018,7,12,6,3,1,5,0,1,1,0,0,0,0,0,5.56027E+20,5.806E+21,9.82351E+15,5.24014E+16
134697,3,4,57,21,2018,8,18,4,3,9,6,0,0,1,0,1,0,0,0,3.90173E+20,5.89211E+21,7.35707E+15,5.3167E+16
134698,3,2,41,1,2018,7,16,2,3,2,2,0,1,1,0,0,0,0,0,5.53163E+20,5.79786E+21,9.78013E+15,5.23285E+16
134699,3,4,56,9,2018,8,19,4,3,0,7,0,1,0,0,0,0,1,0,3.60645E+20,5.82544E+21,6.94416E+15,5.25611E+16
134700,3,3,54,4,2018,7,9,2,3,5,3,0,0,1,0,0,0,1,0,6.40874E+20,5.88585E+21,1.11043E+16,5.31035E+16
134701,3,2,41,1,2018,8,14,5,3,0,7,0,0,1,0,1,0,0,0,5.4702E+20,5.80315E+21,9.69073E+15,5.23766E+16
134702,3,4,3,0,2018,8,16,1,3,4,2,0,0,1,0,1,0,0,0,4.48836E+20,5.88324E+21,8.2359E+15,5.30962E+16
134703,3,2,41,1,2018,7,17,6,3,5,7,0,1,1,0,0,0,0,0,5.49435E+20,5.80325E+21,9.72622E+15,5.23772E+16
134704,3,4,53,1,2018,8,11,6,2,5,3,0,1,1,0,0,0,0,0,4.16118E+20,5.89151E+21,7.74523E+15,5.31664E+16
134705,3,2,41,13,2018,7,18,6,3,5,3,0,1,1,0,0,0,0,0,5.52161E+20,5.79097E+21,9.76436E+15,5.22666E+16
134706,3,4,52,21,2018,8,18,4,3,0,3,0,0,1,0,1,0,0,0,3.8424E+20,5.93387E+21,7.25309E+15,5.35409E+16
134707,3,2,57,9,2018,7,13,3,3,1,7,0,0,1,0,1,0,0,0,5.02184E+20,5.78995E+21,9.032E+15,5.22599E+16
134708,3,4,59,6,2018,8,11,5,3,2,6,0,0,1,0,0,0,0,0,4.42792E+20,5.77317E+21,8.1647E+15,5.21061E+16
134709,3,2,41,20,2018,7,9,6,3,0,7,0,0,0,0,1,0,0,0,5.36671E+20,5.79133E+21,9.53743E+15,5.22711E+16
134710,3,4,51,8,2018,8,18,4,3,8,3,0,0,1,0,0,0,0,0,4.37325E+20,5.89982E+21,8.06077E+15,5.32439E+16
134711,3,2,41,1,2018,8,10,5,3,5,3,0,1,1,0,0,0,0,0,5.47733E+20,5.80673E+21,9.70172E+15,5.24087E+16
134712,3,2,41,3,2018,7,17,2,3,0,7,0,1,0,0,0,0,0,0,5.68773E+20,5.81128E+21,1.00119E+16,5.24474E+16
134713,3,4,59,19,2018,8,9,7,3,0,7,0,0,1,0,0,0,0,0,4.39171E+20,5.78388E+21,8.10992E+15,5.2202E+16
134714,3,2,41,19,2018,7,13,6,3,2,6,0,0,1,0,1,0,0,0,5.52592E+20,5.82294E+21,9.7757E+15,5.2554E+16
134715,3,1,1,0,2018,8,8,4,3,3,2,0,1,0,0,0,0,0,0,6.03883E+20,5.78943E+21,1.05216E+16,5.22454E+16
134716,3,4,1,0,2018,8,17,6,3,5,7,0,0,1,0,0,0,1,0,4.72849E+20,5.87697E+21,8.59503E+15,5.30415E+16
134717,3,2,41,10,2018,7,16,6,2,8,1,0,0,0,0,1,0,0,0,5.50105E+20,5.80888E+21,9.73691E+15,5.24278E+16
134718,3,2,41,1,2018,8,0,4,3,5,2,2,0,1,0,0,0,0,0,5.49111E+20,5.8015E+21,9.72121E+15,5.23616E+16
134719,3,2,52,6,2018,8,22,1,3,5,3,2,0,1,0,0,0,0,0,5.25607E+20,5.77269E+21,9.37387E+15,5.21042E+16
134720,3,2,41,10,2018,7,18,6,2,0,1,0,1,0,0,0,0,0,0,5.50676E+20,5.81027E+21,9.74551E+15,5.24403E+16
134721,3,1,59,16,2018,8,19,4,3,2,6,0,0,1,0,0,0,0,0,5.65801E+20,5.7072E+21,9.94823E+15,5.15121E+16
134722,3,4,3,0,2018,8,15,6,3,0,1,0,0,0,0,1,0,0,0,4.49063E+20,5.88633E+21,8.23881E+15,5.3124E+16
134723,3,2,41,1,2018,7,16,6,3,5,2,0,0,1,0,1,0,0,0,5.50792E+20,5.80803E+21,9.74688E+15,5.24201E+16
134724,3,2,41,1,2018,8,16,4,3,5,3,0,0,1,0,0,0,0,0,5.45028E+20,5.80053E+21,9.66112E+15,5.23532E+16
134725,3,1,2,0,2018,7,14,3,3,0,5,0,0,1,0,0,0,0,0,5.93924E+20,5.76802E+21,1.03699E+16,5.20548E+16
134726,3,4,54,32,2018,8,11,5,3,5,3,0,0,1,0,0,1,0,0,3.92261E+20,5.81949E+21,7.41229E+15,5.25148E+16
134727,3,2,41,1,2018,8,19,4,3,2,6,0,0,1,0,0,0,0,0,5.53861E+20,5.80548E+21,9.79159E+15,5.23969E+16
134728,3,2,41,1,2018,7,6,6,2,5,3,0,1,1,0,0,0,0,0,5.51356E+20,5.80228E+21,9.75428E+15,5.23684E+16
134729,3,2,41,1,2018,8,4,5,3,8,1,2,0,1,0,0,0,0,1,5.54963E+20,5.80348E+21,9.80746E+15,5.23788E+16
134730,3,3,55,3,2018,8,9,7,3,9,1,0,1,0,0,0,0,0,0,5.99737E+20,5.91431E+21,1.0499E+16,5.33685E+16
134731,3,2,56,22,2018,7,16,6,3,2,6,0,1,0,0,0,0,0,0,5.14244E+20,5.83187E+21,9.21048E+15,5.26366E+16