OBJECTID_1,ULAND,UREGBEZ,UKREIS,UGEMEINDE,UJAHR,UMONAT,USTUNDE,UWOCHENTAG,UKATEGORIE,UART,UTYP1,ULICHTVERH,IstRad,IstPKW,IstFuss,IstKrad,IstGkfz,IstSonstig,STRZUSTAND,LINREFX,LINREFY,XGCSWGS84,YGCSWGS84
134920,3,4,3,0,2018,8,18,3,2,5,3,0,0,1,0,1,0,0,0,4.46997E+20,5.89048E+21,8.20725E+15,5.3161E+16
134921,3,4,54,32,2018,8,2,7,3,0,1,2,0,0,0,1,0,0,1,3.85462E+20,5.82088E+21,7.31166E+15,5.25259E+16
134922,3,3,54,18,2018,8,11,6,3,2,6,0,0,1,0,1,0,0,0,6.45293E+20,5.87116E+21,1.11637E+16,5.29704E+16
134923,3,2,51,37,2018,8,7,3,3,5,3,0,0,1,0,1,0,0,0,4.791E+20,5.87384E+21,8.68847E+15,5.30137E+16
134924,3,4,4,0,2018,8,13,6,2,0,1,0,1,0,0,0,0,0,0,4.33248E+20,5.79531E+21,8.02099E+15,5.23041E+16
134925,3,3,60,2,2018,8,20,5,3,5,3,0,0,1,0,0,0,0,1,6.05525E+20,5.88236E+21,1.05754E+16,5.30802E+16
134926,3,4,51,7,2018,8,13,3,2,5,3,0,1,1,0,0,0,0,0,4.28484E+20,5.90107E+21,7.92804E+15,5.32541E+16
134927,3,2,51,47,2018,8,15,3,3,5,3,0,0,1,0,0,0,0,0,4.92547E+20,5.87017E+21,8.889E+15,5.29811E+16
134928,3,1,55,11,2018,8,13,2,3,0,1,0,0,0,0,1,0,0,1,5.68569E+20,5.72826E+21,9.99222E+15,5.17011E+16
134929,3,3,53,35,2018,8,22,3,3,7,1,2,0,1,0,0,0,0,0,5.47274E+20,5.90372E+21,9.70903E+15,5.32806E+16
134930,3,2,41,1,2018,8,18,7,2,5,3,0,1,1,0,0,0,0,0,5.48034E+20,5.80473E+21,9.70586E+15,5.23908E+16
134931,3,4,4,0,2018,8,14,6,3,0,7,0,1,0,0,0,0,0,0,4.35618E+20,5.79184E+21,8.05641E+15,5.22732E+16
134932,3,1,59,16,2018,8,14,6,3,8,1,0,0,0,0,1,0,0,0,5.63513E+20,5.71125E+21,9.916E+15,5.15487E+16
134933,3,3,58,16,2018,8,16,3,3,5,7,0,0,1,0,0,0,0,0,5.73453E+20,5.87204E+21,1.00943E+16,5.29929E+16
134934,3,4,4,0,2018,8,9,6,3,6,4,0,0,1,1,0,0,0,0,4.35255E+20,5.79557E+21,8.05038E+15,5.23067E+16
134935,3,2,41,1,2018,8,18,5,2,6,1,0,1,0,1,0,0,0,1,5.5127E+20,5.80319E+21,9.75317E+15,5.23765E+16
134936,3,2,41,1,2018,8,17,3,3,2,6,0,0,1,0,0,0,0,0,5.51196E+20,5.80463E+21,9.7523E+15,5.23896E+16
134937,3,3,57,39,2018,8,15,3,2,5,2,0,0,1,0,1,0,0,0,5.28312E+20,5.88577E+21,9.42306E+15,5.31206E+16
134938,3,2,41,1,2018,8,19,5,3,0,1,1,1,0,0,0,0,0,1,5.53952E+20,5.80707E+21,9.7932E+15,5.24112E+16
134939,3,2,41,1,2018,8,13,3,3,2,6,0,0,1,0,0,0,0,1,5.4338E+20,5.80764E+21,9.63785E+15,5.24173E+16
134940,3,3,60,4,2018,8,19,3,3,4,2,0,1,1,0,0,0,0,0,6.00946E+20,5.8883E+21,1.05089E+16,5.31345E+16
134941,3,1,3,0,2018,8,15,2,3,4,6,0,0,1,0,0,0,0,0,6.18743E+20,5.80815E+21,1.07458E+16,5.24106E+16
134942,3,2,41,1,2018,8,17,3,3,5,7,0,1,1,0,0,0,0,0,5.49182E+20,5.79985E+21,9.72201E+15,5.23467E+16
134943,3,4,57,18,2018,8,15,6,3,5,3,0,1,1,0,0,0,0,1,4.04577E+20,5.88768E+21,7.57379E+15,5.31299E+16
134944,3,1,51,9,2018,8,18,6,3,6,7,0,0,1,1,0,0,0,0,6.04653E+20,5.81941E+21,1.05422E+16,5.25148E+16
134945,3,2,41,1,2018,8,16,3,3,0,3,0,0,1,0,1,0,0,0,5.49553E+20,5.8029E+21,9.72791E+15,5.23741E+16
134946,3,1,59,26,2018,8,18,5,3,2,6,0,0,1,0,0,0,0,0,5.86924E+20,5.73072E+21,1.02584E+16,5.17207E+16
134947,3,1,51,9,2018,8,7,3,3,9,6,0,1,1,0,0,0,0,0,6.06234E+20,5.81511E+21,1.05641E+16,5.24758E+16
134948,3,2,41,1,2018,8,16,3,3,9,7,0,0,1,0,0,0,0,0,5.47844E+20,5.80312E+21,9.70284E+15,5.23763E+16
134949,3,2,41,1,2018,8,1,1,3,6,4,2,1,0,1,0,0,0,0,5.50086E+20,5.80161E+21,9.73553E+15,5.23625E+16
134950,3,2,41,1,2018,8,14,3,3,3,2,0,1,0,0,0,1,0,0,5.52524E+20,5.80256E+21,9.77149E+15,5.23708E+16
134951,3,2,41,12,2018,8,11,3,3,5,2,0,1,1,0,0,0,0,0,5.31137E+20,5.8171E+21,9.45872E+15,5.25032E+16
134952,3,4,62,19,2018,8,15,1,3,0,1,0,1,0,0,0,0,0,0,4.19439E+20,5.93687E+21,7.78334E+15,5.35745E+16
134953,3,2,41,10,2018,8,19,3,3,5,2,0,1,1,0,0,0,0,0,5.5004E+20,5.8104E+21,9.73618E+15,5.24415E+16
134954,3,4,57,13,2018,8,10,6,3,4,2,0,0,1,0,0,0,0,0,3.98684E+20,5.89687E+21,7.48284E+15,5.32115E+16
134955,3,4,54,57,2018,8,9,5,2,8,1,0,0,1,0,0,1,0,0,4.09436E+20,5.85604E+21,7.65525E+15,5.28464E+16
134956,3,2,41,10,2018,8,7,3,3,2,6,0,0,1,0,0,0,0,0,5.48162E+20,5.81228E+21,9.70882E+15,5.24585E+16
134957,3,1,51,9,2018,8,22,5,3,5,2,2,1,1,0,0,0,0,0,6.04767E+20,5.81365E+21,1.05421E+16,5.24629E+16
134958,3,4,58,14,2018,8,11,2,3,5,3,0,1,1,0,0,0,0,0,4.62608E+20,5.8615E+21,8.44408E+15,5.29019E+16
134959,3,2,41,1,2018,8,22,3,2,0,1,2,1,0,0,0,0,0,1,5.47987E+20,5.80291E+21,9.7049E+15,5.23743E+16
134960,3,4,54,18,2018,8,15,7,2,2,2,0,1,0,0,0,0,0,0,3.72142E+20,5.84942E+21,7.10437E+15,5.27794E+16
134961,3,2,41,1,2018,8,17,3,3,5,3,0,0,1,0,0,0,0,0,5.51173E+20,5.80423E+21,9.7519E+15,5.23859E+16
134962,3,4,54,50,2018,8,19,6,1,5,3,0,0,1,0,1,0,0,0,3.92085E+20,5.84881E+21,7.40011E+15,5.27783E+16
134963,3,4,61,2,2018,8,17,5,3,5,3,0,1,1,0,0,0,0,0,4.65213E+20,5.90766E+21,8.47782E+15,5.3317E+16
134964,3,4,54,57,2018,8,12,6,3,2,6,0,0,1,0,1,0,0,0,4.10558E+20,5.85648E+21,7.67179E+15,5.28506E+16
134965,3,4,60,9,2018,8,7,5,3,5,3,0,1,1,0,0,0,0,0,4.52095E+20,5.84273E+21,8.29055E+15,5.27323E+16
134966,3,2,41,1,2018,8,15,3,3,4,1,0,0,1,0,0,0,0,0,5.5175E+20,5.79928E+21,9.75962E+15,5.23414E+16
134967,3,2,41,1,2018,8,7,3,3,5,2,0,1,0,0,0,0,1,0,5.47132E+20,5.80538E+21,9.69269E+15,5.23967E+16
134968,3,2,41,1,2018,8,15,2,3,5,3,0,1,1,0,0,0,0,0,5.49963E+20,5.80157E+21,9.73373E+15,5.23621E+16
134969,3,1,55,12,2018,8,10,3,2,0,1,0,1,0,0,0,0,0,1,5.42592E+20,5.72508E+21,9.61598E+15,5.16751E+16
134970,3,4,53,12,2018,8,20,7,3,5,3,0,1,1,0,0,0,0,0,4.2776E+20,5.8575E+21,7.92696E+15,5.28624E+16
134971,3,4,56,15,2018,8,18,6,3,2,6,0,0,1,0,0,0,0,0,3.6872E+20,5.80901E+21,7.06969E+15,5.24155E+16
134972,3,2,41,1,2018,8,16,6,3,1,5,0,1,1,0,0,0,0,0,5.51118E+20,5.80142E+21,9.75067E+15,5.23606E+16
134973,3,2,57,6,2018,8,7,3,3,5,3,0,0,1,0,0,0,0,0,5.25556E+20,5.79886E+21,9.37511E+15,5.23394E+16
134974,3,4,54,32,2018,8,15,6,3,0,6,0,1,1,0,0,0,0,0,3.85284E+20,5.82169E+21,7.30875E+15,5.25333E+16
134975,3,3,55,22,2018,8,21,5,3,0,7,1,1,0,0,0,0,0,1,5.94747E+20,5.89951E+21,1.04196E+16,5.32364E+16
134976,3,1,3,0,2018,8,9,7,3,4,5,0,0,1,0,1,0,0,1,6.22226E+20,5.81227E+21,1.07984E+16,5.24469E+16
134977,3,2,51,42,2018,8,12,3,3,5,3,0,0,1,0,1,0,0,1,4.7597E+20,5.84962E+21,8.64362E+15,5.27959E+16
134978,3,2,56,21,2018,8,7,3,2,5,3,0,1,1,0,0,0,0,0,5.10578E+20,5.83542E+21,9.15643E+15,5.26686E+16
134979,3,2,54,21,2018,8,7,2,3,6,7,0,0,0,1,0,0,1,0,5.64115E+20,5.77803E+21,9.93705E+15,5.21491E+16
134980,3,2,54,43,2018,8,16,3,3,1,7,0,0,1,0,0,0,0,0,5.53208E+20,5.77068E+21,9.77651E+15,5.20842E+16
134981,3,4,54,32,2018,8,12,6,2,5,3,0,1,0,0,0,0,0,0,3.86757E+20,5.82087E+21,7.33073E+15,5.25262E+16
134982,3,2,52,6,2018,8,16,3,3,2,6,0,1,0,0,0,0,0,0,5.24572E+20,5.76832E+21,9.35845E+15,5.20649E+16
134983,3,2,41,1,2018,8,11,2,3,5,3,0,1,1,0,0,0,0,0,5.5444E+20,5.8057E+21,9.80013E+15,5.23988E+16
134984,3,1,59,10,2018,8,20,3,3,5,3,1,1,1,0,0,0,0,0,5.86905E+20,5.70796E+21,1.02525E+16,5.15161E+16
134985,3,2,41,1,2018,8,13,7,3,5,3,0,1,1,0,0,0,0,0,5.44514E+20,5.80685E+21,9.65441E+15,5.24101E+16
134986,3,4,54,32,2018,8,14,6,2,0,1,0,1,0,0,0,0,0,0,3.83771E+20,5.81891E+21,7.28744E+15,5.25079E+16
134987,3,2,56,19,2018,8,12,6,3,0,1,0,0,0,0,1,0,0,0,5.03355E+20,5.83389E+21,9.0496E+15,5.26549E+16
134988,3,1,58,37,2018,8,21,3,3,2,2,2,0,1,0,1,0,0,0,6.04543E+20,5.77944E+21,1.05282E+16,5.21555E+16
134989,3,4,62,5,2018,8,15,6,3,4,6,0,0,1,0,0,0,0,1,4.19296E+20,5.91942E+21,7.78567E+15,5.34176E+16
134990,3,2,41,1,2018,8,8,5,3,5,3,0,1,1,0,0,0,0,0,5.54838E+20,5.80775E+21,9.80633E+15,5.24172E+16
134991,3,2,41,1,2018,8,17,3,3,5,2,0,1,1,0,0,0,0,1,5.50309E+20,5.80171E+21,9.73883E+15,5.23633E+16
134992,3,2,41,1,2018,8,16,7,3,6,4,0,0,0,1,1,0,0,0,5.54598E+20,5.80364E+21,9.80213E+15,5.23803E+16
134993,3,1,2,0,2018,8,17,3,3,5,3,0,1,1,0,0,0,0,0,5.93926E+20,5.76837E+21,1.037E+16,5.2058E+16
134994,3,4,56,1,2018,8,15,1,3,5,3,0,1,1,0,0,0,0,0,3.74537E+20,5.79658E+21,7.15983E+15,5.23052E+16
134995,3,1,53,17,2018,8,7,3,3,5,3,0,0,1,0,1,0,0,0,5.98249E+20,5.75267E+21,1.04285E+16,5.19161E+16
134996,3,4,55,14,2018,8,14,6,3,8,1,0,0,1,0,0,0,0,0,4.35936E+20,5.92729E+21,8.0344E+15,5.34907E+16
134997,3,1,1,0,2018,8,20,6,3,5,3,1,0,1,0,0,0,0,0,6.04359E+20,5.78949E+21,1.05286E+16,5.22459E+16
134998,3,1,51,9,2018,8,18,3,3,2,6,0,0,1,0,0,0,0,0,6.04876E+20,5.81557E+21,1.05443E+16,5.24802E+16
134999,3,4,3,0,2018,8,21,6,3,5,3,2,1,1,0,0,0,0,0,4.46537E+20,5.8894E+21,8.20055E+15,5.31513E+16
135000,3,1,59,10,2018,8,20,5,3,5,3,0,1,1,0,0,0,0,0,5.90723E+20,5.71304E+21,1.03088E+16,5.15611E+16
135001,3,1,3,0,2018,8,7,6,3,0,3,0,0,1,0,1,0,0,0,6.22767E+20,5.81298E+21,1.08067E+16,5.24532E+16
135002,3,4,59,20,2018,8,19,2,3,0,1,0,0,0,0,1,0,0,0,4.29027E+20,5.78541E+21,7.96118E+15,5.22146E+16
135003,3,2,51,26,2018,8,5,6,3,9,1,1,0,1,0,0,0,0,1,5.07459E+20,5.86087E+21,9.11088E+15,5.28975E+16
135004,3,2,41,1,2018,8,6,5,3,5,2,0,1,1,0,0,0,0,0,5.52089E+20,5.79837E+21,9.76445E+15,5.23332E+16
135005,3,2,41,3,2018,8,19,3,3,5,7,0,1,1,0,0,0,0,0,5.68775E+20,5.81185E+21,1.00121E+16,5.24525E+16
135006,3,4,54,32,2018,8,16,2,3,5,3,0,1,1,0,0,0,0,0,3.8512E+20,5.82096E+21,7.30659E+15,5.25266E+16
135007,3,3,53,40,2018,8,19,1,3,0,1,0,1,0,0,0,0,0,0,5.79075E+20,5.91597E+21,1.0189E+16,5.33869E+16
135008,3,4,60,9,2018,8,7,2,3,5,2,0,1,1,0,0,0,0,0,4.51069E+20,5.84305E+21,8.27531E+15,5.27351E+16
135009,3,4,61,7,2018,8,14,6,3,5,3,0,1,0,0,0,0,0,0,4.6507E+20,5.9264E+21,8.47359E+15,5.34854E+16
135010,3,4,54,32,2018,8,20,5,3,5,3,0,1,0,0,0,1,0,0,3.86224E+20,5.81652E+21,7.32438E+15,5.2487E+16
135011,3,4,53,5,2018,8,16,2,3,4,6,0,0,1,0,0,0,0,0,4.40632E+20,5.85971E+21,8.11772E+15,5.28838E+16
135012,3,4,53,4,2018,8,11,2,3,4,2,0,1,1,0,0,0,0,0,4.35484E+20,5.8559E+21,8.04199E+15,5.28489E+16
135013,3,3,53,5,2018,8,11,2,3,5,3,0,1,1,0,0,0,0,0,5.58749E+20,5.90934E+21,9.88215E+15,5.33299E+16
135014,3,3,61,13,2018,8,19,2,3,8,1,0,0,0,0,0,0,1,0,5.01723E+20,5.8669E+21,9.02565E+15,5.29517E+16
135015,3,4,54,35,2018,8,1,7,2,0,1,2,1,0,0,0,0,0,0,3.85145E+20,5.83885E+21,7.30075E+15,5.26874E+16
135016,3,1,1,0,2018,8,16,3,3,5,3,0,1,1,0,0,0,0,1,6.04242E+20,5.79175E+21,1.05276E+16,5.22662E+16
135017,3,4,51,2,2018,8,16,2,3,5,3,0,1,1,0,0,0,0,0,4.424E+20,5.89144E+21,8.13833E+15,5.31692E+16
135018,3,1,59,16,2018,8,9,1,2,5,3,0,1,1,0,0,0,0,0,5.6621E+20,5.71051E+21,9.95475E+15,5.15418E+16
135019,3,4,3,0,2018,8,16,2,3,5,2,0,1,1,0,0,0,0,0,4.47748E+20,5.88803E+21,8.21888E+15,5.31391E+16
135020,3,4,58,5,2018,8,8,6,3,8,1,0,0,1,0,0,0,0,0,4.72756E+20,5.87558E+21,8.59377E+15,5.3029E+16
135021,3,4,51,4,2018,8,10,5,3,5,3,0,0,1,0,0,1,0,0,4.31393E+20,5.88593E+21,7.97488E+15,5.31183E+16
135022,3,2,51,47,2018,8,11,2,3,0,7,0,1,1,0,0,0,0,0,4.89972E+20,5.87023E+21,8.85064E+15,5.29816E+16
135023,3,1,51,9,2018,8,18,2,3,8,7,0,0,1,0,0,0,0,0,6.04301E+20,5.81809E+21,1.05366E+16,5.25029E+16
135024,3,2,51,5,2018,8,10,2,3,2,6,0,1,1,0,0,0,0,0,4.66907E+20,5.84018E+21,8.51015E+15,5.27105E+16
135025,3,2,41,19,2018,8,18,2,3,2,4,0,0,1,1,0,0,0,0,5.50417E+20,5.82219E+21,9.74351E+15,5.25474E+16
135026,3,4,61,7,2018,8,9,2,3,2,6,0,1,0,0,0,0,0,0,4.64439E+20,5.92682E+21,8.46403E+15,5.34892E+16
135027,3,3,53,31,2018,8,20,7,3,8,1,2,1,0,0,0,0,0,0,5.6882E+20,5.91841E+21,1.00353E+16,5.34103E+16
135028,3,3,53,40,2018,8,7,6,3,5,3,0,1,1,0,0,0,0,0,5.81781E+20,5.91319E+21,1.02289E+16,5.33615E+16
135029,3,2,41,1,2018,8,16,6,3,6,2,0,0,1,1,0,0,0,0,5.47931E+20,5.80209E+21,9.70396E+15,5.23669E+16
135030,3,4,61,6,2018,8,12,2,2,5,3,0,1,1,0,0,0,0,0,4.73505E+20,5.88881E+21,8.60385E+15,5.3148E+16
135031,3,3,59,38,2018,8,15,6,3,2,6,0,0,1,0,0,0,0,0,5.33125E+20,5.93701E+21,9.50033E+15,5.35809E+16
135032,3,2,41,1,2018,8,18,5,3,5,3,0,1,1,0,0,0,0,1,5.52574E+20,5.80033E+21,9.77187E+15,5.23508E+16
135033,3,2,41,1,2018,8,22,3,3,7,1,2,0,1,0,0,0,0,0,5.45878E+20,5.80675E+21,9.67445E+15,5.24091E+16
135034,3,3,59,38,2018,8,7,6,3,2,6,0,0,1,0,0,0,1,0,5.30895E+20,5.93983E+21,9.46694E+15,5.36064E+16
135035,3,4,58,9,2018,8,7,2,3,6,4,0,0,1,1,0,0,0,0,4.48943E+20,5.87882E+21,8.23821E+15,5.30564E+16
135036,3,3,58,19,2018,8,9,5,3,5,3,0,0,1,0,0,0,1,0,5.52373E+20,5.8857E+21,9.78255E+15,5.31181E+16
135037,3,3,52,11,2018,8,16,2,3,5,3,0,1,1,0,0,0,0,0,4.7934E+20,5.96937E+21,8.68577E+15,5.38724E+16
135038,3,1,55,11,2018,8,14,2,3,0,1,0,0,0,0,1,0,0,1,5.68594E+20,5.72893E+21,9.99272E+15,5.17071E+16
135039,3,3,59,38,2018,8,8,2,3,6,2,0,0,1,1,0,0,0,0,5.31887E+20,5.93929E+21,9.48187E+15,5.36015E+16
135040,3,2,41,18,2018,8,15,7,3,5,3,0,0,1,0,0,0,0,0,5.72358E+20,5.81535E+21,1.00655E+16,5.24835E+16
135041,3,1,59,16,2018,8,18,6,3,5,3,0,1,1,0,0,0,0,0,5.64598E+20,5.7099E+21,9.93139E+15,5.15365E+16
135042,3,3,58,20,2018,8,21,2,3,5,3,1,0,1,0,0,0,1,0,5.4196E+20,5.83712E+21,9.62069E+15,5.26824E+16
135043,3,2,41,1,2018,8,17,5,3,5,3,0,1,1,0,0,0,0,1,5.53861E+20,5.80298E+21,9.7912E+15,5.23744E+16
135044,3,2,41,1,2018,8,16,3,3,0,3,0,1,1,0,0,0,0,0,5.50899E+20,5.80337E+21,9.74775E+15,5.23783E+16
135045,3,3,58,16,2018,8,10,2,3,5,2,0,1,1,0,0,0,0,0,5.72912E+20,5.87215E+21,1.00863E+16,5.29939E+16
135046,3,4,54,32,2018,8,14,1,3,5,7,0,0,1,0,1,0,0,0,3.83915E+20,5.82445E+21,7.28762E+15,5.25577E+16
135047,3,3,55,22,2018,8,18,2,3,5,3,0,0,1,0,1,0,0,0,5.93743E+20,5.89962E+21,1.04046E+16,5.32375E+16
135048,3,1,59,10,2018,8,23,2,3,6,4,2,0,1,1,0,0,0,1,5.868E+20,5.70815E+21,1.0251E+16,5.15178E+16
135049,3,3,55,22,2018,8,12,2,3,4,2,0,0,1,0,0,0,0,0,5.94E+20,5.90203E+21,1.04092E+16,5.32592E+16
135050,3,1,53,17,2018,8,12,6,3,5,1,0,1,1,0,0,0,0,0,5.96864E+20,5.75248E+21,1.04083E+16,5.19146E+16
135051,3,2,41,1,2018,8,10,2,3,5,2,0,0,1,0,1,0,0,0,5.49176E+20,5.80074E+21,9.72205E+15,5.23548E+16
135052,3,1,59,26,2018,8,21,5,3,2,6,1,0,1,0,0,0,0,1,5.84901E+20,5.73288E+21,1.02296E+16,5.17404E+16
135053,3,2,54,21,2018,8,8,3,3,5,2,0,1,1,0,0,0,0,0,5.65407E+20,5.77877E+21,9.95608E+15,5.21556E+16
135054,3,2,41,1,2018,8,15,2,3,2,6,0,0,1,0,0,0,0,0,5.54663E+20,5.80491E+21,9.80329E+15,5.23917E+16
135055,3,2,41,1,2018,8,14,1,3,5,3,0,1,1,0,0,0,0,0,5.51156E+20,5.80696E+21,9.75207E+15,5.24104E+16
135056,3,2,41,1,2018,8,11,2,3,5,3,0,0,1,0,0,0,0,0,5.50394E+20,5.80581E+21,9.74069E+15,5.24002E+16
135057,3,2,57,31,2018,8,20,7,3,4,1,1,0,1,0,1,0,0,0,5.04332E+20,5.78393E+21,9.0634E+15,5.22058E+16
135058,3,4,60,4,2018,8,8,5,3,6,7,0,0,1,1,0,0,0,0,4.61634E+20,5.84864E+21,8.43112E+15,5.27862E+16
135059,3,2,41,5,2018,8,13,2,3,0,7,0,1,0,0,0,0,0,0,5.40494E+20,5.80906E+21,9.59558E+15,5.24303E+16
135060,3,2,41,1,2018,8,17,2,3,3,6,0,0,1,0,1,0,0,0,5.53612E+20,5.80554E+21,9.78795E+15,5.23975E+16
135061,3,1,1,0,2018,8,9,6,3,5,3,0,0,1,0,0,0,0,0,6.01516E+20,5.78781E+21,1.04865E+16,5.22314E+16
135062,3,2,41,1,2018,8,14,2,3,5,2,0,1,1,0,0,0,0,0,5.5473E+20,5.80486E+21,9.80427E+15,5.23912E+16
135063,3,1,2,0,2018,8,19,5,3,5,3,0,1,1,0,0,0,0,1,5.93382E+20,5.76681E+21,1.03616E+16,5.20441E+16
135064,3,4,53,4,2018,8,13,2,3,0,6,0,1,1,0,0,0,0,0,4.35035E+20,5.85523E+21,8.03545E+15,5.28429E+16
135065,3,2,57,31,2018,8,12,2,3,5,3,0,0,1,0,1,0,0,0,5.07006E+20,5.7801E+21,9.10245E+15,5.21713E+16
135066,3,4,56,19,2018,8,22,7,2,9,1,2,1,0,0,0,0,0,0,3.63699E+20,5.83397E+21,6.98568E+15,5.26385E+16
135067,3,2,54,21,2018,8,15,2,3,6,7,0,1,0,1,0,0,0,0,5.64452E+20,5.77809E+21,9.94199E+15,5.21496E+16
135068,3,4,61,7,2018,8,16,5,3,2,2,0,0,1,0,0,0,0,0,4.65827E+20,5.92667E+21,8.48497E+15,5.34879E+16
135069,3,1,1,0,2018,8,16,2,3,5,3,0,1,1,0,0,0,0,0,6.03678E+20,5.79315E+21,1.05197E+16,5.22789E+16
135070,3,2,41,1,2018,8,10,2,2,0,7,0,0,1,0,0,0,0,0,5.53136E+20,5.80563E+21,9.78097E+15,5.23984E+16
135071,3,3,51,6,2018,8,18,3,3,5,2,0,1,1,0,0,0,0,0,5.7256E+20,5.82855E+21,1.00714E+16,5.26022E+16
135072,3,3,55,22,2018,8,16,5,3,2,2,0,1,1,0,0,0,0,0,5.94038E+20,5.90056E+21,1.04093E+16,5.32459E+16
135073,3,1,1,0,2018,8,15,7,3,3,2,0,1,1,0,0,0,0,0,6.04709E+20,5.79408E+21,1.05351E+16,5.22871E+16
135074,3,3,59,10,2018,8,2,2,3,9,7,2,0,1,0,0,0,0,0,5.474E+20,5.92409E+21,9.71398E+15,5.34637E+16
135075,3,3,55,22,2018,8,20,5,3,5,2,0,1,1,0,0,0,0,0,5.93659E+20,5.90043E+21,1.04036E+16,5.32449E+16
135076,3,2,41,1,2018,8,8,6,3,0,7,0,1,0,0,0,0,0,0,5.53327E+20,5.80262E+21,9.78329E+15,5.23712E+16
135077,3,4,51,1,2018,8,7,5,3,5,3,0,1,1,0,0,0,0,0,4.17172E+20,5.89793E+21,7.75933E+15,5.32242E+16
135078,3,3,55,22,2018,8,18,5,3,4,2,0,0,1,0,0,0,0,0,5.94054E+20,5.90049E+21,1.04095E+16,5.32453E+16
135079,3,1,55,10,2018,8,21,3,2,8,1,2,0,0,0,1,0,0,0,5.61296E+20,5.72057E+21,9.88565E+15,5.16328E+16
135080,3,3,55,22,2018,8,15,5,3,5,2,0,1,1,0,0,0,0,0,5.94926E+20,5.90087E+21,1.04227E+16,5.32486E+16
135081,3,4,54,49,2018,8,4,6,2,8,7,2,0,0,0,1,0,0,0,3.94799E+20,5.80217E+21,7.45513E+15,5.23597E+16
135082,3,1,59,16,2018,8,8,2,3,5,3,0,1,1,0,0,0,0,0,5.65872E+20,5.71037E+21,9.94984E+15,5.15406E+16
135083,3,1,3,0,2018,8,9,6,3,2,6,0,0,1,0,0,0,0,0,6.22201E+20,5.80977E+21,1.07972E+16,5.24245E+16
135084,3,1,55,13,2018,8,8,2,3,0,2,0,0,1,0,0,0,0,0,5.602E+20,5.74136E+21,9.87341E+15,5.18199E+16
135085,3,3,51,26,2018,8,15,5,3,5,3,0,1,1,0,0,0,0,0,5.87194E+20,5.85563E+21,1.02946E+16,5.28433E+16
135086,3,2,41,1,2018,8,7,6,3,5,2,0,1,1,0,0,0,0,0,5.49687E+20,5.80186E+21,9.72971E+15,5.23647E+16
135087,3,2,41,1,2018,8,1,1,3,2,6,2,0,1,0,0,0,0,0,5.50034E+20,5.8036E+21,9.73507E+15,5.23803E+16
135088,3,4,54,35,2018,8,10,3,3,4,2,0,0,1,0,0,0,1,1,3.84089E+20,5.84016E+21,7.28468E+15,5.26989E+16
135089,3,3,51,6,2018,8,12,5,3,6,2,0,0,1,1,0,0,0,0,5.73938E+20,5.82886E+21,1.00918E+16,5.26047E+16
135090,3,1,2,0,2018,8,8,3,3,2,7,0,0,1,0,0,0,0,0,5.94594E+20,5.76716E+21,1.03794E+16,5.2047E+16
135091,3,3,51,6,2018,8,7,5,3,5,3,0,1,1,0,0,0,0,0,5.74195E+20,5.82917E+21,1.00957E+16,5.26075E+16
135092,3,4,3,0,2018,8,11,6,3,5,3,0,0,1,0,0,0,0,0,4.47642E+20,5.88558E+21,8.21769E+15,5.31171E+16
135093,3,1,51,40,2018,8,16,2,3,1,5,0,1,1,0,0,0,0,0,6.17274E+20,5.84317E+21,1.07366E+16,5.27257E+16
135094,3,1,53,7,2018,8,13,6,3,0,3,0,0,1,0,0,0,1,0,5.907E+20,5.75493E+21,1.03194E+16,5.19377E+16
135095,3,4,61,7,2018,8,15,3,3,2,6,0,0,0,0,1,0,0,0,4.64807E+20,5.92705E+21,8.46955E+15,5.34913E+16
135096,3,2,41,1,2018,8,17,5,3,5,7,0,1,0,0,0,0,0,0,5.56009E+20,5.79864E+21,9.82202E+15,5.23352E+16
135097,3,3,61,1,2018,8,16,2,3,5,3,0,1,1,0,0,0,0,0,5.03222E+20,5.87326E+21,9.04802E+15,5.30089E+16
135098,3,4,54,35,2018,8,18,3,3,2,2,0,0,1,0,0,0,0,0,3.79696E+20,5.8419E+21,7.21905E+15,5.27136E+16
135099,3,2,41,1,2018,8,16,5,3,5,3,0,1,1,0,0,0,0,0,5.54652E+20,5.80686E+21,9.80345E+15,5.24093E+16
135100,3,4,56,15,2018,8,15,2,2,5,2,0,0,1,0,1,0,0,0,3.68461E+20,5.8109E+21,7.06514E+15,5.24325E+16
135101,3,2,41,1,2018,8,11,5,3,4,2,0,1,1,0,0,0,0,0,5.53161E+20,5.80739E+21,9.78161E+15,5.24141E+16
135102,3,3,59,38,2018,8,15,6,3,4,6,0,0,1,0,0,0,0,0,5.32531E+20,5.9376E+21,9.49142E+15,5.35862E+16
135103,3,4,4,0,2018,8,12,1,3,0,5,0,1,1,0,0,0,0,0,4.38239E+20,5.79286E+21,8.09463E+15,5.22826E+16
135104,3,1,1,0,2018,8,13,6,3,2,6,0,0,1,0,0,0,0,0,6.03181E+20,5.79063E+21,1.05117E+16,5.22563E+16
135105,3,3,58,19,2018,8,14,3,3,5,3,0,0,1,0,0,0,0,0,5.53344E+20,5.88547E+21,9.79701E+15,5.3116E+16
135106,3,2,41,21,2018,8,9,5,3,6,7,0,0,1,1,0,0,0,0,5.28791E+20,5.80843E+21,9.4234E+15,5.24253E+16
135107,3,1,57,6,2018,8,11,7,3,2,2,0,0,1,0,0,0,0,0,5.85184E+20,5.79965E+21,1.02504E+16,5.23405E+16