OBJECTID_1,ULAND,UREGBEZ,UKREIS,UGEMEINDE,UJAHR,UMONAT,USTUNDE,UWOCHENTAG,UKATEGORIE,UART,UTYP1,ULICHTVERH,IstRad,IstPKW,IstFuss,IstKrad,IstGkfz,IstSonstig,STRZUSTAND,LINREFX,LINREFY,XGCSWGS84,YGCSWGS84
135108,3,2,51,47,2018,8,12,2,3,5,3,0,0,0,0,1,0,1,0,4.87452E+20,5.87163E+21,8.81305E+15,5.29941E+16
135109,3,2,41,6,2018,8,10,5,3,3,6,0,1,1,0,0,0,0,0,5.41449E+20,5.79587E+21,9.608E+15,5.23116E+16
135110,3,2,41,1,2018,8,12,6,3,2,6,0,0,1,0,0,0,0,0,5.47297E+20,5.80053E+21,9.69443E+15,5.2353E+16
135111,3,2,41,1,2018,8,22,5,3,0,1,2,0,0,0,1,0,0,0,5.46847E+20,5.79889E+21,9.6876E+15,5.23384E+16
135112,3,3,60,25,2018,8,22,6,3,0,7,2,1,0,0,0,0,0,0,6.02909E+20,5.8737E+21,1.05336E+16,5.30029E+16
135113,3,4,5,0,2018,8,10,1,2,0,1,0,1,0,0,0,0,0,0,4.40252E+20,5.93167E+21,8.0986E+15,5.35306E+16
135114,3,4,57,2,2018,8,12,5,3,6,6,0,0,1,1,0,0,0,0,3.45937E+20,5.93949E+21,6.67275E+15,5.35816E+16
135115,3,3,52,11,2018,8,19,5,3,5,1,0,1,1,0,0,0,0,0,4.80579E+20,5.96913E+21,8.70464E+15,5.38703E+16
135116,3,4,54,32,2018,8,14,3,2,5,3,0,1,1,0,0,0,0,0,3.90044E+20,5.81937E+21,7.37967E+15,5.25133E+16
135117,3,2,41,1,2018,8,18,3,3,2,6,0,0,1,0,0,0,0,0,5.47387E+20,5.79766E+21,9.69536E+15,5.23272E+16
135118,3,2,41,1,2018,8,11,5,3,0,6,0,1,1,0,0,0,0,0,5.50089E+20,5.80345E+21,9.73586E+15,5.2379E+16
135119,3,4,4,0,2018,8,12,6,2,0,1,0,1,0,0,0,0,0,1,4.34322E+20,5.79095E+21,8.0376E+15,5.2265E+16
135120,3,2,41,1,2018,8,17,2,3,5,3,0,1,1,0,0,0,0,0,5.50387E+20,5.80207E+21,9.74002E+15,5.23666E+16
135121,3,2,41,1,2018,8,11,5,2,5,3,0,1,1,0,0,0,0,0,5.49586E+20,5.80223E+21,9.7283E+15,5.23681E+16
135122,3,2,41,1,2018,8,12,6,1,0,7,0,0,0,0,0,0,1,0,5.50214E+20,5.80379E+21,9.73775E+15,5.23821E+16
135123,3,2,41,1,2018,8,11,1,2,3,6,0,0,1,0,1,0,0,0,5.48194E+20,5.80129E+21,9.7077E+15,5.23598E+16
135124,3,4,52,1,2018,8,17,3,3,5,3,0,1,1,0,0,0,0,0,3.98669E+20,5.92568E+21,7.47339E+15,5.34703E+16
135125,3,2,41,1,2018,8,9,5,3,4,2,0,0,1,0,0,0,0,0,5.47119E+20,5.80539E+21,9.6925E+15,5.23967E+16
135126,3,1,3,0,2018,8,15,3,3,5,3,0,1,1,0,0,0,0,0,6.24946E+20,5.81157E+21,1.08382E+16,5.244E+16
135127,3,2,56,14,2018,8,11,5,3,4,6,0,1,1,0,0,0,0,0,5.0938E+20,5.85126E+21,9.13916E+15,5.2811E+16
135128,3,4,54,32,2018,8,16,5,3,8,7,0,0,0,0,1,0,1,1,3.87705E+20,5.82155E+21,7.34448E+15,5.25324E+16
135129,3,3,55,31,2018,8,17,1,3,5,3,0,1,1,0,0,0,0,0,5.90307E+20,5.9007E+21,1.03534E+16,5.32479E+16
135130,3,3,59,38,2018,8,8,5,2,3,6,0,1,0,0,0,0,0,0,5.31229E+20,5.93681E+21,9.47168E+15,5.35792E+16
135131,3,2,41,1,2018,8,16,3,3,5,3,0,1,1,0,0,0,0,0,5.5092E+20,5.8029E+21,9.74798E+15,5.2374E+16
135132,3,2,54,28,2018,8,22,5,3,2,6,2,0,1,0,0,0,0,0,5.58672E+20,5.78738E+21,9.85914E+15,5.22337E+16
135133,3,4,4,0,2018,8,6,6,3,4,2,0,1,1,0,0,0,0,0,4.35349E+20,5.79209E+21,8.05242E+15,5.22754E+16
135134,3,2,54,43,2018,8,15,2,3,5,3,0,0,1,0,1,0,0,0,5.53586E+20,5.76553E+21,9.78123E+15,5.20378E+16
135135,3,2,54,20,2018,8,14,5,3,6,7,0,0,1,1,0,0,0,0,5.65773E+20,5.78442E+21,9.96253E+15,5.22063E+16
135136,3,2,54,28,2018,8,19,6,3,5,3,0,0,1,1,0,0,0,0,5.58199E+20,5.78799E+21,9.85232E+15,5.22393E+16
135137,3,2,54,21,2018,8,0,1,3,6,7,2,0,1,1,0,0,0,0,5.65363E+20,5.77926E+21,9.95553E+15,5.216E+16
135138,3,2,54,21,2018,8,16,5,3,4,5,0,1,1,0,0,0,0,0,5.64705E+20,5.7784E+21,9.94576E+15,5.21523E+16
135139,3,4,4,0,2018,8,16,2,3,8,7,0,0,1,0,0,0,0,0,4.34869E+20,5.7952E+21,8.04478E+15,5.23033E+16
135140,3,2,54,21,2018,8,16,5,2,5,3,0,0,1,0,1,0,0,0,5.6595E+20,5.77893E+21,9.96404E+15,5.21569E+16
135141,3,2,51,12,2018,8,18,6,2,2,6,0,1,1,0,0,0,0,0,4.5509E+20,5.82848E+21,8.33684E+15,5.26045E+16
135142,3,1,1,0,2018,8,13,2,3,2,6,0,0,1,0,0,0,0,0,6.04138E+20,5.79124E+21,1.05259E+16,5.22617E+16
135143,3,1,1,0,2018,8,21,6,3,4,6,2,0,1,0,0,0,0,0,6.04603E+20,5.793E+21,1.05333E+16,5.22774E+16
135144,3,4,60,9,2018,8,23,6,3,5,3,2,0,1,0,0,0,0,0,4.52889E+20,5.84353E+21,8.30219E+15,5.27396E+16
135145,3,1,3,0,2018,8,16,2,3,5,3,0,1,1,0,0,0,0,0,6.21149E+20,5.81013E+21,1.07818E+16,5.24279E+16
135146,3,1,3,0,2018,8,7,6,3,5,3,0,0,1,0,0,0,0,0,6.19357E+20,5.80643E+21,1.07542E+16,5.23951E+16
135147,3,4,53,13,2018,8,11,3,3,5,3,0,1,1,0,0,0,0,0,4.10748E+20,5.88705E+21,7.66618E+15,5.31254E+16
135148,3,2,52,3,2018,8,4,5,3,0,7,2,0,1,1,0,0,0,0,5.18007E+20,5.75928E+21,9.2622E+15,5.19839E+16
135149,3,4,54,35,2018,8,8,2,3,2,6,0,1,1,0,0,0,0,0,3.85301E+20,5.83516E+21,7.30433E+15,5.26543E+16
135150,3,1,59,16,2018,8,17,5,3,5,3,0,1,1,0,0,0,0,0,5.64973E+20,5.71071E+21,9.93694E+15,5.15437E+16
135151,3,3,59,38,2018,8,12,6,3,0,5,0,0,1,0,1,0,0,1,5.29315E+20,5.93948E+21,9.44302E+15,5.36033E+16
135152,3,4,54,41,2018,8,18,1,2,5,3,0,1,1,0,0,0,0,0,3.92973E+20,5.88308E+21,7.40196E+15,5.30865E+16
135153,3,2,52,6,2018,8,8,1,2,0,1,0,1,0,0,0,0,0,0,5.25491E+20,5.77211E+21,9.37214E+15,5.2099E+16
135154,3,2,41,1,2018,8,15,1,3,3,2,0,1,1,0,0,0,0,0,5.54733E+20,5.80585E+21,9.80447E+15,5.24002E+16
135155,3,4,59,2,2018,8,19,5,2,3,6,0,1,0,0,1,0,0,0,4.24394E+20,5.82255E+21,7.88501E+15,5.25478E+16
135156,3,2,51,41,2018,8,17,5,3,5,2,0,1,1,0,0,0,0,0,4.87788E+20,5.86309E+21,8.81837E+15,5.29174E+16
135157,3,3,55,22,2018,8,13,3,3,0,5,0,0,1,0,0,0,1,0,5.95601E+20,5.90065E+21,1.04328E+16,5.32465E+16
135158,3,1,3,0,2018,8,7,5,3,5,3,0,0,1,0,1,0,0,0,6.2406E+20,5.81208E+21,1.08253E+16,5.24448E+16
135159,3,4,58,6,2018,8,19,3,3,0,6,0,1,1,0,0,0,0,0,4.74884E+20,5.8688E+21,8.62603E+15,5.29682E+16
135160,3,1,53,12,2018,8,13,5,3,6,7,0,1,0,1,0,0,0,0,5.81195E+20,5.74964E+21,1.01799E+16,5.18916E+16
135161,3,1,55,13,2018,8,11,7,3,3,7,0,0,1,0,0,0,0,0,5.57662E+20,5.74236E+21,9.83677E+15,5.18291E+16
135162,3,4,3,0,2018,8,10,2,3,5,3,0,0,1,0,0,1,0,0,4.48494E+20,5.89141E+21,8.22949E+15,5.31695E+16
135163,3,1,51,11,2018,8,15,5,3,2,2,0,0,0,0,1,0,0,0,6.08337E+20,5.844E+21,1.06046E+16,5.2735E+16
135164,3,3,55,22,2018,8,16,6,3,2,6,0,0,1,0,0,0,0,0,5.95464E+20,5.90115E+21,1.04308E+16,5.3251E+16
135165,3,4,58,6,2018,8,17,1,2,8,1,0,0,0,0,1,0,0,0,4.73034E+20,5.86866E+21,8.59849E+15,5.29669E+16
135166,3,1,53,2,2018,8,11,1,3,4,5,0,0,1,0,0,0,0,0,6.08234E+20,5.74945E+21,1.05726E+16,5.18853E+16
135167,3,4,56,2,2018,8,7,5,3,5,3,0,1,1,0,0,0,0,0,3.54262E+20,5.83168E+21,6.84733E+15,5.26155E+16
135168,3,3,52,11,2018,8,14,5,3,5,3,0,1,1,0,0,0,0,0,4.77526E+20,5.97093E+21,8.65807E+15,5.38864E+16
135169,3,4,60,8,2018,8,1,3,3,0,7,2,0,1,0,0,0,0,0,4.46761E+20,5.82649E+21,8.21418E+15,5.25858E+16
135170,3,2,41,1,2018,8,13,3,3,5,2,0,1,1,0,0,0,0,0,5.51144E+20,5.80273E+21,9.75124E+15,5.23724E+16
135171,3,1,1,0,2018,8,14,5,3,5,3,0,1,0,0,1,0,0,0,6.05407E+20,5.79174E+21,1.05446E+16,5.22659E+16
135172,3,4,4,0,2018,8,22,6,3,1,7,2,0,1,0,0,0,0,0,4.32743E+20,5.79431E+21,8.01379E+15,5.2295E+16
135173,3,2,41,1,2018,8,22,2,3,0,7,2,1,0,0,0,0,0,0,5.48313E+20,5.80273E+21,9.70966E+15,5.23727E+16
135174,3,4,59,8,2018,8,15,4,3,1,5,0,0,1,0,0,0,1,0,4.40667E+20,5.79527E+21,8.1298E+15,5.23045E+16
135175,3,1,1,0,2018,8,18,1,3,4,6,0,1,1,0,0,0,0,0,6.0146E+20,5.79076E+21,1.04865E+16,5.22578E+16
135176,3,2,41,10,2018,8,11,6,2,0,7,0,0,1,0,0,0,1,0,5.49721E+20,5.80994E+21,9.73142E+15,5.24374E+16
135177,3,1,1,0,2018,8,12,7,3,5,3,0,1,1,0,0,0,0,0,6.06442E+20,5.79472E+21,1.05607E+16,5.22925E+16
135178,3,4,61,2,2018,8,11,2,3,2,6,0,0,1,0,0,0,0,1,4.6443E+20,5.9116E+21,8.46561E+15,5.33523E+16
135179,3,4,59,33,2018,8,9,4,3,5,3,0,1,1,0,0,0,0,0,4.32416E+20,5.79996E+21,8.00787E+15,5.23457E+16
135180,3,2,41,9,2018,8,13,6,3,5,3,0,1,0,0,1,0,0,0,5.55196E+20,5.79573E+21,9.80961E+15,5.23091E+16
135181,3,1,1,0,2018,8,14,1,3,0,3,0,1,0,0,0,0,0,0,6.03767E+20,5.78982E+21,1.052E+16,5.2249E+16
135182,3,4,53,11,2018,8,6,5,3,5,3,0,1,1,0,0,0,0,0,4.16103E+20,5.84368E+21,7.7574E+15,5.27365E+16
135183,3,4,4,0,2018,8,17,4,3,1,5,0,1,0,0,0,0,0,0,4.36393E+20,5.78999E+21,8.06811E+15,5.22566E+16
135184,3,1,55,13,2018,8,7,3,3,5,3,0,0,1,0,0,0,0,0,5.60504E+20,5.7414E+21,9.87782E+15,5.18201E+16
135185,3,4,4,0,2018,8,14,4,3,5,2,0,1,1,0,0,0,0,0,4.35329E+20,5.78951E+21,8.05263E+15,5.22522E+16
135186,3,4,57,14,2018,8,17,6,3,2,6,0,1,0,0,0,0,0,0,3.99349E+20,5.90748E+21,7.48943E+15,5.3307E+16
135187,3,2,54,21,2018,8,12,2,3,5,3,0,0,1,0,0,0,1,0,5.69831E+20,5.77709E+21,1.00204E+16,5.21399E+16
135188,3,4,57,13,2018,8,17,4,3,0,2,0,0,1,1,0,0,0,0,3.96068E+20,5.89996E+21,7.44266E+15,5.32387E+16
135189,3,1,1,0,2018,8,11,1,2,3,6,0,1,0,0,0,0,0,0,6.04326E+20,5.79002E+21,1.05283E+16,5.22507E+16
135190,3,1,54,28,2018,8,15,6,2,6,2,0,0,1,1,0,0,0,0,6.36998E+20,5.78854E+21,1.1006E+16,5.22302E+16
135191,3,4,59,6,2018,8,15,7,3,5,3,0,1,1,0,0,0,0,0,4.41883E+20,5.77332E+21,8.1514E+15,5.21073E+16
135192,3,4,57,13,2018,8,6,4,2,0,7,0,1,0,0,0,0,1,1,3.97366E+20,5.89969E+21,7.46219E+15,5.32366E+16
135193,3,4,54,47,2018,8,21,4,3,5,3,2,1,1,0,0,0,0,0,4.00694E+20,5.85547E+21,7.52566E+15,5.28398E+16
135194,3,1,58,37,2018,8,16,3,3,5,2,0,1,1,0,0,0,0,0,6.06437E+20,5.78001E+21,1.0556E+16,5.21603E+16
135195,3,4,54,41,2018,8,6,4,3,2,6,1,0,1,0,0,0,0,0,3.9259E+20,5.88131E+21,7.39684E+15,5.30705E+16
135196,3,4,3,0,2018,8,21,6,3,4,6,1,1,0,0,0,0,0,0,4.47221E+20,5.88962E+21,8.21074E+15,5.31534E+16
135197,3,1,2,0,2018,8,7,2,3,5,7,0,0,1,0,0,0,0,0,5.90401E+20,5.77976E+21,1.03216E+16,5.21609E+16
135198,3,4,2,0,2018,8,20,7,3,2,2,0,0,1,0,0,0,0,0,3.80653E+20,5.91471E+21,7.20626E+15,5.3368E+16
135199,3,1,57,6,2018,8,17,6,3,5,3,0,1,1,0,0,0,0,0,5.84622E+20,5.7966E+21,1.02414E+16,5.23132E+16
135200,3,4,3,0,2018,8,13,3,3,2,2,0,0,1,0,0,0,0,0,4.44333E+20,5.8876E+21,8.16791E+15,5.31349E+16
135201,3,4,54,32,2018,8,12,4,3,5,3,0,1,1,0,0,0,0,0,3.85552E+20,5.82106E+21,7.31292E+15,5.25276E+16
135202,3,4,55,14,2018,8,19,2,3,2,6,0,0,1,0,0,0,0,0,4.36735E+20,5.92671E+21,8.04655E+15,5.34855E+16
135203,3,4,60,9,2018,8,17,4,3,3,2,0,1,1,0,0,0,0,0,4.51453E+20,5.84211E+21,8.28113E+15,5.27267E+16
135204,3,3,57,57,2018,8,18,6,3,0,1,0,1,0,0,0,0,0,0,5.18449E+20,5.90555E+21,9.27683E+15,5.32988E+16
135205,3,4,53,4,2018,8,19,1,3,4,6,0,1,1,0,0,0,0,0,4.35426E+20,5.85532E+21,8.04123E+15,5.28437E+16
135206,3,4,56,2,2018,8,15,2,3,5,3,0,1,1,0,0,0,0,0,3.54648E+20,5.83094E+21,6.85335E+15,5.2609E+16
135207,3,4,5,0,2018,8,16,4,3,5,3,0,1,1,0,0,0,0,1,4.39448E+20,5.93151E+21,8.08651E+15,5.3529E+16
135208,3,3,53,5,2018,8,18,6,3,5,3,0,1,1,0,0,0,0,0,5.56172E+20,5.90888E+21,9.84338E+15,5.33261E+16
135209,3,4,59,19,2018,8,1,1,3,1,5,2,1,1,0,0,0,0,0,4.32777E+20,5.78602E+21,8.01594E+15,5.22205E+16
135210,3,4,57,20,2018,8,16,7,3,5,3,0,0,1,0,0,0,0,0,4.16235E+20,5.90667E+21,7.743E+15,5.33026E+16
135211,3,1,1,0,2018,8,16,6,3,1,5,0,1,1,0,0,0,0,0,6.03034E+20,5.79276E+21,1.05102E+16,5.22755E+16
135212,3,3,52,11,2018,8,7,3,3,5,3,0,1,1,0,0,0,0,0,4.79265E+20,5.9683E+21,8.68471E+15,5.38628E+16
135213,3,4,5,0,2018,8,13,4,3,5,3,0,1,1,0,0,0,0,1,4.40474E+20,5.93104E+21,8.10207E+15,5.35249E+16
135214,3,1,59,16,2018,8,15,7,3,4,6,0,1,1,0,0,0,0,0,5.6285E+20,5.70889E+21,9.90601E+15,5.15277E+16
135215,3,4,3,0,2018,8,7,2,3,5,3,0,1,1,0,0,0,0,1,4.47088E+20,5.89036E+21,8.20864E+15,5.316E+16
135216,3,4,5,0,2018,8,10,4,2,0,5,0,1,1,0,0,0,0,0,4.41628E+20,5.93174E+21,8.11936E+15,5.35313E+16
135217,3,3,51,6,2018,8,18,6,3,5,3,0,1,1,0,0,0,0,0,5.73335E+20,5.83207E+21,1.00836E+16,5.26336E+16
135218,3,4,56,15,2018,8,14,7,3,5,3,0,0,1,0,0,0,0,0,3.69776E+20,5.81069E+21,7.08455E+15,5.24309E+16
135219,3,4,54,49,2018,8,17,5,3,0,5,0,0,1,0,1,0,0,0,3.95064E+20,5.80131E+21,7.45928E+15,5.2352E+16
135220,3,3,59,17,2018,8,14,5,3,5,3,0,0,1,0,0,1,0,0,5.27867E+20,5.93108E+21,9.42039E+15,5.35279E+16
135221,3,4,54,35,2018,8,17,7,3,3,7,0,0,1,0,1,0,0,0,3.85127E+20,5.84008E+21,7.30006E+15,5.26984E+16
135222,3,4,57,14,2018,8,13,5,3,5,3,0,0,1,0,0,0,0,0,3.974E+20,5.90742E+21,7.46022E+15,5.3306E+16
135223,3,4,58,5,2018,8,13,5,3,0,1,0,1,0,0,0,0,0,0,4.69346E+20,5.87654E+21,8.54284E+15,5.30375E+16
135224,3,3,51,6,2018,8,18,3,2,5,3,0,1,1,0,0,0,0,0,5.71528E+20,5.83027E+21,1.00565E+16,5.26177E+16
135225,3,3,61,12,2018,8,16,4,3,2,2,0,0,1,0,1,0,0,0,5.15448E+20,5.8631E+21,9.22975E+15,5.29174E+16
135226,3,4,59,30,2018,8,14,6,3,8,1,0,1,0,0,0,0,0,0,4.27893E+20,5.83652E+21,7.93355E+15,5.26738E+16
135227,3,2,41,1,2018,8,16,2,3,5,3,0,0,1,0,1,0,0,0,5.49184E+20,5.79985E+21,9.72204E+15,5.23468E+16
135228,3,4,51,2,2018,8,16,4,3,5,3,0,1,1,0,0,0,0,0,4.33754E+20,5.89303E+21,8.00868E+15,5.31825E+16
135229,3,4,54,35,2018,8,12,7,3,5,3,0,0,1,0,0,0,1,0,3.8978E+20,5.84321E+21,7.36783E+15,5.27275E+16
135230,3,2,41,1,2018,8,7,6,3,2,6,0,0,1,0,0,0,0,0,5.50647E+20,5.80241E+21,9.7439E+15,5.23696E+16
135231,3,4,52,7,2018,8,8,7,2,5,2,0,1,0,0,0,0,1,0,3.90865E+20,5.93872E+21,7.35133E+15,5.3586E+16
135232,3,4,51,2,2018,8,17,5,3,5,3,0,1,1,0,0,0,0,0,4.3691E+20,5.89285E+21,8.05594E+15,5.31813E+16
135233,3,2,41,1,2018,8,21,1,3,2,6,2,1,0,0,0,0,0,0,5.53955E+20,5.80532E+21,9.79295E+15,5.23955E+16
135234,3,2,51,41,2018,8,8,4,3,5,3,0,1,0,0,0,0,0,0,4.88481E+20,5.86268E+21,8.82869E+15,5.29137E+16
135235,3,2,56,22,2018,8,12,3,3,0,1,0,1,1,0,0,0,0,0,5.15524E+20,5.83434E+21,9.22952E+15,5.26588E+16
135236,3,2,51,41,2018,8,16,4,2,8,1,0,0,0,0,1,0,0,0,4.86438E+20,5.86187E+21,8.79835E+15,5.29064E+16
135237,3,4,54,32,2018,8,8,6,3,5,3,0,0,1,0,0,0,0,1,3.89272E+20,5.82438E+21,7.36662E+15,5.25582E+16
135238,3,1,3,0,2018,8,17,2,3,2,6,0,0,1,0,0,0,0,0,6.1938E+20,5.80644E+21,1.07545E+16,5.23952E+16
135239,3,4,3,0,2018,8,12,7,3,9,3,0,1,1,0,0,0,0,0,4.4772E+20,5.88756E+21,8.21855E+15,5.31349E+16
135240,3,2,41,7,2018,8,17,3,3,2,6,0,1,1,0,0,0,0,0,5.49704E+20,5.79729E+21,9.72928E+15,5.23237E+16
135241,3,2,51,40,2018,8,16,4,3,4,2,0,0,1,0,1,0,0,0,4.86044E+20,5.83667E+21,8.79357E+15,5.26798E+16
135242,3,4,4,0,2018,8,12,6,3,2,6,0,0,1,0,0,0,0,0,4.33638E+20,5.79427E+21,8.02691E+15,5.22948E+16
135243,3,2,54,26,2018,8,13,2,3,9,1,0,0,1,0,0,0,0,0,5.55386E+20,5.78252E+21,9.81023E+15,5.21903E+16
135244,3,4,1,0,2018,8,16,4,3,5,3,0,1,1,0,0,0,0,0,4.76013E+20,5.87833E+21,8.64213E+15,5.30539E+16
135245,3,3,53,7,2018,8,11,7,3,5,3,0,1,1,0,0,0,0,0,5.86691E+20,5.92085E+21,1.03048E+16,5.34296E+16
135246,3,2,57,15,2018,8,11,6,3,1,7,0,1,1,0,0,0,0,0,5.18557E+20,5.79839E+21,9.27236E+15,5.23355E+16
135247,3,3,53,5,2018,8,20,7,3,6,7,0,0,1,1,0,0,0,0,5.58486E+20,5.90907E+21,9.87817E+15,5.33276E+16
135248,3,4,1,0,2018,8,10,4,3,4,2,0,1,1,0,0,0,0,0,4.76769E+20,5.87587E+21,8.65358E+15,5.30318E+16
135249,3,4,59,19,2018,8,18,2,3,0,1,0,0,0,0,1,0,0,0,4.37433E+20,5.78507E+21,8.08426E+15,5.22125E+16
135250,3,4,1,0,2018,8,17,1,2,0,4,0,0,1,1,0,0,0,0,4.75386E+20,5.8788E+21,8.63274E+15,5.30581E+16
135251,3,3,59,3,2018,8,7,4,2,5,3,0,1,1,0,0,0,0,0,5.40726E+20,5.92082E+21,9.61303E+15,5.34349E+16
135252,3,4,3,0,2018,8,7,6,3,5,3,0,1,1,0,0,0,0,1,4.47219E+20,5.88712E+21,8.21113E+15,5.31308E+16
135253,3,1,1,0,2018,8,18,2,3,2,2,0,0,1,0,0,0,0,0,6.0282E+20,5.79241E+21,1.05069E+16,5.22725E+16
135254,3,3,59,38,2018,8,10,7,3,5,3,0,0,1,0,0,0,0,0,5.31416E+20,5.93966E+21,9.47479E+15,5.36048E+16
135255,3,1,51,17,2018,8,16,6,2,5,3,0,0,1,0,0,0,0,0,5.92208E+20,5.8147E+21,1.03576E+16,5.24747E+16
135256,3,3,54,9,2018,8,15,7,3,5,3,0,1,1,0,0,0,0,0,6.36785E+20,5.8909E+21,1.10454E+16,5.31499E+16
135257,3,4,58,5,2018,8,9,3,3,5,3,0,1,1,0,0,0,0,0,4.69476E+20,5.87645E+21,8.54478E+15,5.30367E+16
135258,3,1,3,0,2018,8,8,6,3,2,2,0,0,1,0,0,0,1,0,6.19804E+20,5.80925E+21,1.07618E+16,5.24203E+16
135259,3,2,41,1,2018,8,13,7,3,2,6,0,0,1,0,0,0,0,0,5.49762E+20,5.80252E+21,9.73092E+15,5.23707E+16
135260,3,4,53,7,2018,8,17,3,3,5,3,0,1,1,0,0,0,0,0,4.24011E+20,5.87566E+21,7.86702E+15,5.30251E+16
135261,3,3,54,9,2018,8,18,4,1,8,1,0,0,0,0,1,0,0,0,6.35963E+20,5.89058E+21,1.1033E+16,5.31472E+16
135262,3,4,54,19,2018,8,18,2,3,1,7,0,1,1,0,0,0,0,0,3.96684E+20,5.83713E+21,7.47194E+15,5.26742E+16
135263,3,3,55,22,2018,8,16,4,3,3,2,0,1,1,0,0,0,0,0,5.94353E+20,5.90132E+21,1.04143E+16,5.32528E+16
135264,3,3,59,38,2018,8,13,6,3,3,6,0,0,1,0,1,0,0,1,5.31421E+20,5.93863E+21,9.47476E+15,5.35956E+16
135265,3,4,4,0,2018,8,1,1,2,4,2,2,1,1,0,0,0,0,0,4.35735E+20,5.79168E+21,8.05815E+15,5.22717E+16
135266,3,2,41,1,2018,8,1,7,3,0,6,2,1,0,0,0,0,0,0,5.5012E+20,5.80163E+21,9.73604E+15,5.23626E+16
135267,3,1,1,0,2018,8,13,6,3,2,6,0,0,1,0,0,0,0,0,6.05165E+20,5.79181E+21,1.05411E+16,5.22666E+16
135268,3,3,55,22,2018,8,18,3,3,3,6,0,1,0,0,0,0,1,0,5.94049E+20,5.90051E+21,1.04095E+16,5.32455E+16
135269,3,2,41,1,2018,8,11,4,3,0,7,0,1,0,0,0,0,0,0,5.49378E+20,5.80322E+21,9.72537E+15,5.2377E+16
135270,3,1,1,0,2018,8,4,7,3,5,3,2,1,1,0,0,0,0,0,6.04014E+20,5.79239E+21,1.05244E+16,5.2272E+16
135271,3,2,51,37,2018,8,7,2,3,5,3,0,1,1,0,0,0,0,1,4.85108E+20,5.87268E+21,8.77807E+15,5.30034E+16
135272,3,2,41,1,2018,8,9,4,3,0,7,0,1,1,0,0,0,0,0,5.48637E+20,5.80234E+21,9.71437E+15,5.23692E+16
135273,3,2,41,1,2018,8,16,4,3,2,6,0,0,1,0,0,0,1,0,5.5212E+20,5.79946E+21,9.76508E+15,5.2343E+16
135274,3,4,3,0,2018,8,17,2,3,2,6,0,0,1,0,0,0,0,1,4.47703E+20,5.88803E+21,8.2182E+15,5.31391E+16
135275,3,2,41,1,2018,8,15,4,3,2,6,0,0,1,0,0,0,0,0,5.51063E+20,5.80317E+21,9.75012E+15,5.23764E+16
135276,3,3,55,22,2018,8,14,6,3,5,3,0,1,1,0,0,0,0,0,5.94809E+20,5.90083E+21,1.04209E+16,5.32483E+16
135277,3,4,5,0,2018,8,13,1,3,6,7,0,1,0,1,0,0,0,0,4.4019E+20,5.93401E+21,8.09723E+15,5.35516E+16
135278,3,2,41,1,2018,8,13,7,3,3,6,0,0,1,0,0,0,0,0,5.49161E+20,5.79888E+21,9.72156E+15,5.2338E+16
135279,3,4,56,27,2018,8,7,5,3,5,3,0,1,1,0,0,0,0,0,3.79518E+20,5.79919E+21,7.23191E+15,5.23298E+16
135280,3,3,52,11,2018,8,16,5,3,4,2,0,1,1,0,0,0,0,0,4.79787E+20,5.96902E+21,8.69259E+15,5.38693E+16
135281,3,4,60,9,2018,8,17,3,3,5,3,0,1,0,0,0,0,0,0,4.51718E+20,5.84186E+21,8.28509E+15,5.27244E+16
135282,3,2,41,1,2018,8,15,3,3,2,6,0,0,1,0,0,0,0,0,5.4854E+20,5.80404E+21,9.71319E+15,5.23845E+16
135283,3,2,41,1,2018,8,17,4,3,2,6,0,1,1,0,0,0,0,0,5.58074E+20,5.80452E+21,9.85334E+15,5.23878E+16
135284,3,4,4,0,2018,8,22,6,2,0,7,2,1,0,0,0,0,0,0,4.31647E+20,5.79257E+21,7.99808E+15,5.22793E+16
135285,3,2,41,3,2018,8,16,2,3,0,2,0,0,0,0,1,0,1,0,5.68348E+20,5.81152E+21,1.00057E+16,5.24496E+16
135286,3,2,41,1,2018,8,18,4,3,0,7,0,0,1,0,1,0,0,0,5.51233E+20,5.80424E+21,9.75278E+15,5.2386E+16
135287,3,2,41,1,2018,8,16,7,3,5,3,0,0,1,0,0,0,0,0,5.48051E+20,5.80751E+21,9.7065E+15,5.24157E+16
135288,3,2,41,5,2018,8,20,6,2,0,7,1,1,0,0,0,0,0,0,5.39529E+20,5.81E+21,9.5815E+15,5.24388E+16
135289,3,2,41,1,2018,8,6,7,3,6,4,0,0,1,1,0,0,0,0,5.4982E+20,5.80295E+21,9.73183E+15,5.23745E+16
135290,3,2,41,1,2018,8,8,4,2,5,2,0,1,1,0,0,0,0,0,5.5278E+20,5.80174E+21,9.77512E+15,5.23634E+16
135291,3,2,41,1,2018,8,16,6,3,5,3,0,0,1,0,0,0,0,0,5.45381E+20,5.80079E+21,9.66634E+15,5.23555E+16
135292,3,4,53,9,2018,8,9,5,3,0,7,0,1,0,0,0,0,0,0,4.23403E+20,5.85009E+21,7.86399E+15,5.27951E+16
135293,3,3,58,16,2018,8,17,5,3,5,3,0,0,1,0,1,0,0,0,5.72133E+20,5.87118E+21,1.00745E+16,5.29853E+16
135294,3,2,41,1,2018,8,14,3,2,0,1,0,1,0,0,0,0,0,0,5.48018E+20,5.8008E+21,9.70506E+15,5.23554E+16
135295,3,2,54,21,2018,8,21,4,3,4,2,2,0,1,0,0,0,0,0,5.68279E+20,5.77945E+21,9.99819E+15,5.21613E+16