OBJECTID_1,ULAND,UREGBEZ,UKREIS,UGEMEINDE,UJAHR,UMONAT,USTUNDE,UWOCHENTAG,UKATEGORIE,UART,UTYP1,ULICHTVERH,IstRad,IstPKW,IstFuss,IstKrad,IstGkfz,IstSonstig,STRZUSTAND,LINREFX,LINREFY,XGCSWGS84,YGCSWGS84
135296,3,4,57,22,2018,8,12,6,3,4,6,0,0,1,0,0,0,0,0,3.96979E+20,5.88706E+21,7.46048E+15,5.3123E+16
135297,3,2,54,21,2018,8,18,2,3,5,3,0,1,1,0,0,0,0,0,5.64859E+20,5.77487E+21,9.94733E+15,5.21205E+16
135298,3,1,59,16,2018,8,13,4,3,5,2,0,0,1,0,0,0,0,0,5.64599E+20,5.7125E+21,9.93188E+15,5.15599E+16
135299,3,1,54,13,2018,8,20,6,2,0,7,0,0,1,0,1,0,0,0,6.24321E+20,5.79077E+21,1.08213E+16,5.22532E+16
135300,3,1,57,6,2018,8,15,4,3,1,7,0,0,1,0,0,0,0,0,5.84955E+20,5.79832E+21,1.02467E+16,5.23286E+16
135301,3,4,2,0,2018,8,15,2,3,3,6,0,1,1,0,0,0,0,0,3.80793E+20,5.9156E+21,7.20803E+15,5.33761E+16
135302,3,1,51,9,2018,8,16,4,3,2,1,0,0,1,0,0,0,0,0,6.05307E+20,5.81573E+21,1.05507E+16,5.24815E+16
135303,3,4,1,0,2018,8,18,6,3,5,3,0,1,1,0,0,0,0,0,4.75067E+20,5.87566E+21,8.62823E+15,5.30299E+16
135304,3,1,58,37,2018,8,8,3,3,0,7,0,0,0,1,0,1,0,0,6.05149E+20,5.78037E+21,1.05373E+16,5.21638E+16
135305,3,1,1,0,2018,8,17,4,3,5,3,0,1,1,0,0,0,0,0,6.04492E+20,5.79146E+21,1.05311E+16,5.22636E+16
135306,3,3,61,9,2018,8,16,6,3,5,3,0,1,1,0,0,0,0,0,5.02089E+20,5.87857E+21,9.03117E+15,5.30566E+16
135307,3,1,2,0,2018,8,11,2,2,8,1,0,0,0,0,1,0,0,0,5.88699E+20,5.77873E+21,1.02965E+16,5.21519E+16
135308,3,1,57,9,2018,8,18,6,3,5,3,0,1,1,0,0,0,0,0,5.81871E+20,5.79037E+21,1.01995E+16,5.22576E+16
135309,3,4,3,0,2018,8,8,3,3,6,4,0,0,1,1,0,0,0,0,4.47538E+20,5.88534E+21,8.21618E+15,5.31149E+16
135310,3,4,4,0,2018,8,14,3,3,4,2,0,0,1,0,1,0,0,0,4.35076E+20,5.79142E+21,8.04855E+15,5.22693E+16
135311,3,4,62,19,2018,8,13,2,2,0,1,0,1,0,0,0,0,0,0,4.21341E+20,5.95155E+21,7.80834E+15,5.37067E+16
135312,3,4,4,0,2018,8,13,3,3,5,3,0,1,1,0,0,0,0,0,4.38688E+20,5.78941E+21,8.10185E+15,5.22517E+16
135313,3,3,59,38,2018,8,8,6,3,5,2,0,1,1,0,0,0,0,0,5.31587E+20,5.93994E+21,9.4774E+15,5.36073E+16
135314,3,4,53,11,2018,8,13,1,3,5,2,0,1,1,0,0,0,0,0,4.14545E+20,5.84358E+21,7.73435E+15,5.27353E+16
135315,3,2,41,1,2018,8,12,1,3,6,4,0,0,1,1,0,0,0,0,5.50779E+20,5.80453E+21,9.74616E+15,5.23886E+16
135316,3,4,57,13,2018,8,13,5,3,5,3,0,1,1,0,0,0,0,0,3.96027E+20,5.89893E+21,7.4424E+15,5.32295E+16
135317,3,2,51,40,2018,8,18,5,3,4,6,0,0,1,0,1,0,0,0,4.87334E+20,5.8372E+21,8.81263E+15,5.26846E+16
135318,3,1,1,0,2018,8,7,2,3,4,6,0,1,0,0,0,0,0,0,6.0544E+20,5.79256E+21,1.05454E+16,5.22733E+16
135319,3,1,1,0,2018,8,16,6,3,5,3,0,0,1,0,0,0,0,0,6.03057E+20,5.79741E+21,1.05119E+16,5.23174E+16
135320,3,4,1,0,2018,8,20,3,3,5,3,2,0,1,0,1,0,0,0,4.75404E+20,5.87881E+21,8.633E+15,5.30583E+16
135321,3,4,54,41,2018,8,8,3,2,2,6,0,0,1,0,0,0,0,1,3.93135E+20,5.88194E+21,7.40475E+15,5.30762E+16
135322,3,1,55,11,2018,8,9,7,3,5,3,0,1,0,0,0,0,0,0,5.6994E+20,5.73022E+21,1.00125E+16,5.17185E+16
135323,3,4,3,0,2018,8,8,2,3,5,3,0,1,1,0,0,0,0,1,4.44601E+20,5.88831E+21,8.1718E+15,5.31413E+16
135324,3,4,54,18,2018,8,7,3,3,0,6,0,0,1,0,1,0,0,1,3.844E+20,5.85019E+21,7.28574E+15,5.27891E+16
135325,3,3,55,22,2018,8,13,6,3,3,6,0,0,1,0,1,0,0,0,5.94504E+20,5.90064E+21,1.04163E+16,5.32466E+16
135326,3,4,54,19,2018,8,7,5,3,5,3,0,1,1,0,0,0,0,0,3.99374E+20,5.83763E+21,7.51156E+15,5.26793E+16
135327,3,3,53,20,2018,8,8,5,3,2,6,0,0,1,0,0,0,0,0,5.63935E+20,5.90613E+21,9.95937E+15,5.33005E+16
135328,3,4,60,9,2018,8,17,3,3,2,2,0,0,1,0,0,0,0,0,4.51036E+20,5.84275E+21,8.27487E+15,5.27324E+16
135329,3,2,41,1,2018,8,7,3,3,4,6,0,1,0,0,0,0,1,0,5.5016E+20,5.80371E+21,9.73694E+15,5.23813E+16
135330,3,4,4,0,2018,8,12,6,2,5,3,0,1,0,0,0,0,0,0,4.34785E+20,5.79172E+21,8.04424E+15,5.2272E+16
135331,3,1,1,0,2018,8,12,1,2,2,6,0,1,0,0,0,0,0,0,6.04127E+20,5.79112E+21,1.05257E+16,5.22606E+16
135332,3,4,59,19,2018,8,19,7,3,0,1,1,0,0,0,1,0,0,1,4.35664E+20,5.78384E+21,8.05861E+15,5.22012E+16
135333,3,1,59,16,2018,8,12,4,3,2,2,0,0,1,0,0,0,0,0,5.63201E+20,5.7104E+21,9.91134E+15,5.15411E+16
135334,3,4,4,0,2018,8,19,7,3,5,3,0,1,1,0,0,0,0,1,4.32923E+20,5.79234E+21,8.01682E+15,5.22773E+16
135335,3,4,4,0,2018,8,10,7,3,0,7,0,1,0,0,0,0,0,1,4.32526E+20,5.79312E+21,8.01085E+15,5.22843E+16
135336,3,1,1,0,2018,8,13,3,3,1,7,0,0,0,0,1,0,1,0,6.03613E+20,5.79133E+21,1.05182E+16,5.22625E+16
135337,3,4,57,13,2018,8,10,7,3,5,2,0,1,1,0,0,0,0,1,3.97511E+20,5.89928E+21,7.4645E+15,5.32329E+16
135338,3,4,56,20,2018,8,19,7,3,5,3,1,0,1,0,0,0,0,1,3.78377E+20,5.79638E+21,7.21618E+15,5.23042E+16
135339,3,4,54,35,2018,8,23,7,2,0,1,2,1,0,0,0,0,0,1,3.85668E+20,5.83847E+21,7.30861E+15,5.26841E+16
135340,3,4,54,32,2018,8,17,7,3,0,1,0,0,0,0,1,0,0,1,3.85737E+20,5.82018E+21,7.31594E+15,5.25198E+16
135341,3,4,55,15,2018,8,5,3,3,5,3,2,0,1,0,0,0,0,0,4.30435E+20,5.9333E+21,7.95017E+15,5.3544E+16
135342,3,4,62,3,2018,8,9,7,2,5,3,0,1,1,0,0,0,0,1,4.08388E+20,5.94516E+21,7.61405E+15,5.36472E+16
135343,3,3,58,2,2018,8,16,2,3,5,3,0,0,1,0,0,0,0,1,5.68886E+20,5.88852E+21,1.00298E+16,5.31416E+16
135344,3,4,53,7,2018,8,17,7,3,5,3,0,1,1,0,0,0,0,0,4.23296E+20,5.87498E+21,7.85653E+15,5.30189E+16
135345,3,3,56,7,2018,8,13,7,3,5,2,0,0,1,0,0,0,1,1,4.86354E+20,5.89871E+21,8.79555E+15,5.32375E+16
135346,3,4,54,41,2018,8,13,2,2,5,2,0,1,0,0,0,1,0,0,3.91811E+20,5.8818E+21,7.38504E+15,5.30747E+16
135347,3,1,54,19,2018,8,12,2,2,5,3,0,1,1,0,0,0,0,0,6.34248E+20,5.7783E+21,1.09617E+16,5.21388E+16
135348,3,1,1,0,2018,8,18,4,3,2,2,0,1,1,0,0,0,0,0,6.04822E+20,5.79183E+21,1.05361E+16,5.22668E+16
135349,3,3,61,5,2018,8,11,7,3,5,3,0,0,1,0,0,0,1,1,5.20286E+20,5.86109E+21,9.30157E+15,5.28991E+16
135350,3,2,51,7,2018,8,16,4,3,6,4,0,0,1,1,0,0,0,0,4.82678E+20,5.85665E+21,8.74272E+15,5.28593E+16
135351,3,3,52,39,2018,8,17,7,2,6,4,0,0,1,1,0,0,0,1,5.02253E+20,5.96162E+21,9.03421E+15,5.38031E+16
135352,3,3,53,5,2018,8,17,7,3,2,6,0,0,1,0,0,0,0,1,5.57083E+20,5.91098E+21,9.85744E+15,5.33449E+16
135353,3,3,53,5,2018,8,9,3,3,5,3,0,1,1,0,0,0,0,0,5.56189E+20,5.90832E+21,9.84354E+15,5.3321E+16
135354,3,3,57,39,2018,8,13,7,3,6,4,0,0,1,1,0,0,0,1,5.27646E+20,5.88508E+21,9.41304E+15,5.31144E+16
135355,3,2,41,1,2018,8,13,2,2,5,3,0,1,1,0,0,0,0,0,5.45068E+20,5.80677E+21,9.66255E+15,5.24093E+16
135356,3,3,55,22,2018,8,12,7,3,0,3,0,0,1,0,1,0,0,1,5.956E+20,5.90065E+21,1.04327E+16,5.32465E+16
135357,3,2,41,17,2018,8,15,4,3,5,3,0,0,1,0,0,0,0,0,5.3762E+20,5.78435E+21,9.55056E+15,5.22083E+16
135358,3,2,41,1,2018,8,10,7,3,3,2,0,1,1,0,0,0,0,0,5.48422E+20,5.80268E+21,9.71126E+15,5.23722E+16
135359,3,3,55,22,2018,8,7,4,3,6,6,0,1,0,1,0,0,0,0,5.94756E+20,5.90115E+21,1.04202E+16,5.32511E+16
135360,3,2,41,1,2018,8,11,7,3,0,6,0,0,1,0,1,0,0,1,5.56464E+20,5.79986E+21,9.8289E+15,5.23462E+16
135361,3,2,41,1,2018,8,12,7,3,2,6,0,0,1,0,0,0,0,0,5.4724E+20,5.80793E+21,9.69464E+15,5.24195E+16
135362,3,3,51,6,2018,8,18,3,3,2,6,0,0,1,0,0,0,0,0,5.72884E+20,5.82938E+21,1.00764E+16,5.26095E+16
135363,3,2,41,1,2018,8,20,7,3,0,1,1,1,0,0,0,0,0,0,5.51437E+20,5.80535E+21,9.75596E+15,5.2396E+16
135364,3,1,59,19,2018,8,19,7,2,7,7,0,1,0,0,0,0,0,0,5.94902E+20,5.72026E+21,1.0371E+16,5.16254E+16
135365,3,1,59,16,2018,8,16,7,3,3,6,0,1,0,0,0,0,1,0,5.62232E+20,5.71277E+21,9.89779E+15,5.15626E+16
135366,3,2,41,1,2018,8,18,4,3,0,1,0,1,0,0,0,0,0,0,5.48766E+20,5.80161E+21,9.71616E+15,5.23626E+16
135367,3,1,3,0,2018,8,14,7,3,0,2,0,1,1,0,0,0,0,0,6.19266E+20,5.80911E+21,1.07538E+16,5.24192E+16
135368,3,4,59,34,2018,8,7,6,2,5,3,0,0,1,0,0,0,1,0,4.28807E+20,5.76662E+21,7.96189E+15,5.20456E+16
135369,3,1,59,16,2018,8,11,3,3,1,5,0,1,1,0,0,0,0,0,5.65415E+20,5.71098E+21,9.94337E+15,5.15461E+16
135370,3,4,4,0,2018,8,17,6,3,4,2,0,0,1,0,0,0,0,0,4.34229E+20,5.79147E+21,8.03613E+15,5.22696E+16
135371,3,4,4,0,2018,8,12,6,3,4,2,0,0,1,0,0,0,0,0,4.28795E+20,5.79552E+21,7.95565E+15,5.23054E+16
135372,3,2,41,1,2018,8,15,3,3,6,4,0,1,0,1,0,0,0,0,5.50436E+20,5.803E+21,9.74088E+15,5.23749E+16
135373,3,4,2,0,2018,8,15,6,3,5,3,0,1,1,0,0,0,0,0,3.81497E+20,5.91501E+21,7.21882E+15,5.33709E+16
135374,3,4,54,41,2018,8,14,6,2,0,7,0,1,0,0,0,0,0,0,3.92972E+20,5.88343E+21,7.40183E+15,5.30895E+16
135375,3,1,1,0,2018,8,13,4,3,5,3,0,0,1,0,0,0,1,0,6.03728E+20,5.79176E+21,1.052E+16,5.22664E+16
135376,3,4,54,41,2018,8,14,6,3,5,2,0,0,0,0,1,0,1,1,3.96992E+20,5.88105E+21,7.4626E+15,5.3069E+16
135377,3,4,56,15,2018,8,17,6,3,5,3,0,1,1,0,0,0,0,1,3.68219E+20,5.81049E+21,7.06175E+15,5.24287E+16
135378,3,1,57,6,2018,8,17,4,3,5,3,0,1,0,0,0,0,0,0,5.8371E+20,5.79769E+21,1.02283E+16,5.23231E+16
135379,3,4,54,35,2018,8,13,6,2,6,4,0,0,1,1,0,0,0,0,3.85208E+20,5.84014E+21,7.30122E+15,5.2699E+16
135380,3,4,52,23,2018,8,17,6,3,2,6,0,0,1,0,0,0,0,0,3.9394E+20,5.92656E+21,7.40188E+15,5.34773E+16
135381,3,4,4,0,2018,8,7,2,3,4,2,0,1,1,0,0,0,0,1,4.36934E+20,5.79016E+21,8.07601E+15,5.22583E+16
135382,3,1,57,6,2018,8,21,2,3,2,6,2,0,1,0,0,0,0,0,5.85509E+20,5.79831E+21,1.02548E+16,5.23284E+16
135383,3,4,59,19,2018,8,10,3,2,5,3,0,0,0,0,1,1,0,0,4.35736E+20,5.78559E+21,8.05933E+15,5.2217E+16
135384,3,4,53,4,2018,8,23,6,3,2,6,2,0,1,0,0,0,0,0,4.35821E+20,5.85589E+21,8.047E+15,5.28489E+16
135385,3,4,55,27,2018,8,22,6,2,0,7,2,1,0,0,0,0,0,0,4.3173E+20,5.91985E+21,7.97263E+15,5.34232E+16
135386,3,4,55,20,2018,8,13,6,3,0,1,0,1,0,0,0,0,0,1,4.35181E+20,5.94885E+21,8.01854E+15,5.36844E+16
135387,3,2,55,23,2018,8,17,2,2,0,7,0,0,0,0,0,0,1,0,5.31394E+20,5.74195E+21,9.45555E+15,5.18275E+16
135388,3,2,51,46,2018,8,10,6,3,5,3,0,0,1,0,0,0,0,0,4.63104E+20,5.8293E+21,8.45508E+15,5.26124E+16
135389,3,4,58,13,2018,8,20,6,3,5,3,0,1,1,0,0,0,0,0,4.45965E+20,5.87324E+21,8.19472E+15,5.3006E+16
135390,3,3,52,11,2018,8,10,6,3,2,6,0,1,1,0,0,0,0,1,4.80641E+20,5.96898E+21,8.7056E+15,5.3869E+16
135391,3,4,4,0,2018,8,8,3,3,2,6,0,0,1,0,0,0,0,0,4.3483E+20,5.79063E+21,8.0451E+15,5.22622E+16
135392,3,3,59,10,2018,8,17,6,3,5,3,0,1,1,0,0,0,0,0,5.46611E+20,5.92467E+21,9.70217E+15,5.3469E+16
135393,3,3,58,8,2018,8,9,6,3,4,6,0,1,0,0,0,0,0,0,5.46554E+20,5.85742E+21,9.69153E+15,5.28644E+16
135394,3,4,3,0,2018,8,7,2,3,5,3,0,1,1,0,0,0,0,1,4.46893E+20,5.89368E+21,8.20516E+15,5.31898E+16
135395,3,1,57,6,2018,8,20,2,3,8,1,2,0,1,0,0,0,0,0,5.83429E+20,5.79683E+21,1.02239E+16,5.23155E+16
135396,3,3,55,22,2018,8,18,6,3,5,2,0,1,0,0,0,0,0,0,5.94687E+20,5.90187E+21,1.04194E+16,5.32576E+16
135397,3,4,61,6,2018,8,15,4,2,4,6,0,1,0,0,0,0,0,0,4.72476E+20,5.88827E+21,8.58851E+15,5.31431E+16
135398,3,3,55,22,2018,8,7,6,3,5,2,0,1,1,0,0,0,0,0,5.96241E+20,5.89926E+21,1.04419E+16,5.32339E+16
135399,3,3,55,22,2018,8,19,6,3,0,7,0,0,1,0,0,0,0,0,5.94524E+20,5.90147E+21,1.04169E+16,5.32541E+16
135400,3,3,58,19,2018,8,18,3,3,4,6,0,0,1,0,0,0,0,0,5.55528E+20,5.88954E+21,9.83035E+15,5.31524E+16
135401,3,3,55,22,2018,8,11,6,3,8,1,0,0,1,0,0,0,0,0,5.96438E+20,5.8972E+21,1.04442E+16,5.32153E+16
135402,3,2,41,1,2018,8,7,6,3,4,2,0,0,1,0,1,0,0,0,5.44675E+20,5.8066E+21,9.65675E+15,5.24078E+16
135403,3,4,3,0,2018,8,15,3,3,3,2,0,1,1,0,0,0,0,0,4.47511E+20,5.88842E+21,8.21528E+15,5.31426E+16
135404,3,2,41,9,2018,8,12,6,3,2,6,0,0,1,0,0,0,0,0,5.55723E+20,5.79371E+21,9.81701E+15,5.22909E+16
135405,3,3,55,22,2018,8,13,2,3,0,3,0,1,1,0,0,0,0,0,5.954E+20,5.90081E+21,1.04298E+16,5.32479E+16
135406,3,2,41,1,2018,8,8,6,3,5,3,0,1,1,0,0,0,0,0,5.51539E+20,5.80099E+21,9.75678E+15,5.23568E+16
135407,3,2,41,1,2018,8,11,4,3,5,3,0,1,1,0,0,0,0,0,5.50672E+20,5.80413E+21,9.74453E+15,5.23851E+16
135408,3,2,41,1,2018,8,15,6,3,6,4,0,0,1,1,0,0,0,0,5.56798E+20,5.79881E+21,9.83363E+15,5.23366E+16
135409,3,2,41,1,2018,8,19,6,3,5,3,0,0,1,0,0,0,0,0,5.50174E+20,5.80406E+21,9.73719E+15,5.23845E+16
135410,3,2,41,1,2018,8,15,3,3,2,6,0,0,1,0,1,0,0,0,5.5477E+20,5.80338E+21,9.8046E+15,5.23779E+16
135411,3,1,53,2,2018,8,20,2,3,8,1,1,1,1,0,0,0,0,0,6.05583E+20,5.7507E+21,1.05345E+16,5.1897E+16
135412,3,2,41,1,2018,8,7,2,2,0,7,0,1,0,0,0,0,0,1,5.53254E+20,5.80015E+21,9.78183E+15,5.2349E+16
135413,3,2,41,1,2018,8,14,6,3,5,3,0,1,1,0,0,0,0,0,5.54395E+20,5.79854E+21,9.79832E+15,5.23345E+16
135414,3,2,41,1,2018,8,12,6,3,2,6,0,0,1,0,1,0,0,1,5.51235E+20,5.80253E+21,9.75255E+15,5.23706E+16
135415,3,2,41,1,2018,8,12,6,3,2,6,0,0,1,0,0,0,0,1,5.4886E+20,5.79984E+21,9.71728E+15,5.23466E+16
135416,3,2,41,1,2018,8,10,6,3,0,5,0,1,1,0,0,0,0,0,5.46048E+20,5.80164E+21,9.67625E+15,5.23631E+16
135417,3,2,41,1,2018,8,0,6,3,8,7,2,1,0,0,0,0,0,0,5.50617E+20,5.80351E+21,9.74362E+15,5.23795E+16
135418,3,2,41,5,2018,8,21,4,3,3,2,2,1,0,0,0,0,0,0,5.42225E+20,5.81103E+21,9.62129E+15,5.24479E+16
135419,3,2,55,23,2018,8,7,6,3,6,4,0,0,1,1,0,0,0,1,5.31483E+20,5.74173E+21,9.45682E+15,5.18255E+16
135420,3,2,52,1,2018,8,12,6,2,4,6,0,0,1,0,0,0,1,0,5.17047E+20,5.76873E+21,9.24869E+15,5.20689E+16
135421,3,2,41,1,2018,8,9,3,3,1,5,0,1,1,0,0,0,0,0,5.51054E+20,5.80363E+21,9.75006E+15,5.23806E+16
135422,3,1,51,11,2018,8,15,2,3,5,3,0,1,0,0,0,0,1,0,6.08793E+20,5.84336E+21,1.06111E+16,5.27292E+16
135423,3,2,52,6,2018,8,15,6,3,5,3,0,0,1,0,1,0,0,0,5.24788E+20,5.77218E+21,9.36188E+15,5.20996E+16
135424,3,1,59,16,2018,8,22,6,3,5,3,2,1,1,0,0,0,0,0,5.63516E+20,5.71039E+21,9.91587E+15,5.1541E+16
135425,3,4,59,33,2018,8,16,3,3,5,3,0,1,0,0,0,0,0,0,4.30628E+20,5.80054E+21,7.98149E+15,5.23508E+16
135426,3,1,58,37,2018,8,8,6,3,5,3,0,1,1,0,0,0,0,1,6.06301E+20,5.78122E+21,1.05544E+16,5.21712E+16
135427,3,1,2,0,2018,8,13,6,3,2,7,0,1,0,0,0,0,1,0,5.9126E+20,5.77706E+21,1.03334E+16,5.21365E+16
135428,3,1,51,9,2018,8,8,4,3,2,6,0,0,1,0,0,0,0,0,6.04575E+20,5.81655E+21,1.05402E+16,5.24891E+16
135429,3,1,53,18,2018,8,16,6,3,0,1,0,1,0,0,0,0,0,0,5.9225E+20,5.74126E+21,1.03383E+16,5.18145E+16
135430,3,1,51,9,2018,8,15,2,3,0,1,0,0,1,0,1,0,0,1,6.04494E+20,5.8163E+21,1.05389E+16,5.24868E+16
135431,3,1,51,24,2018,8,14,6,3,1,7,0,0,1,0,0,0,0,0,6.2809E+20,5.81673E+21,1.08864E+16,5.24857E+16
135432,3,4,57,14,2018,8,18,2,2,0,7,1,1,0,0,0,0,0,0,3.99087E+20,5.90747E+21,7.4855E+15,5.33068E+16
135433,3,1,1,0,2018,8,11,6,2,5,3,0,1,1,0,0,0,0,0,6.02102E+20,5.79034E+21,1.04958E+16,5.22539E+16
135434,3,2,52,6,2018,8,8,4,3,0,7,0,1,0,0,0,0,0,0,5.25193E+20,5.76865E+21,9.36753E+15,5.20679E+16
135435,3,1,1,0,2018,8,14,6,3,3,5,0,0,1,0,0,0,0,0,6.02893E+20,5.79228E+21,1.0508E+16,5.22712E+16
135436,3,4,59,19,2018,8,18,5,2,9,7,0,1,0,0,0,0,0,0,4.34663E+20,5.78414E+21,8.04391E+15,5.22038E+16
135437,3,1,1,0,2018,8,22,3,3,4,2,2,0,1,0,0,0,0,0,6.0494E+20,5.79405E+21,1.05385E+16,5.22868E+16
135438,3,1,1,0,2018,8,16,2,2,0,1,0,0,0,0,0,0,1,0,6.05076E+20,5.7951E+21,1.05408E+16,5.22962E+16
135439,3,4,4,0,2018,8,13,5,3,5,3,0,0,1,0,0,0,0,0,4.37548E+20,5.79086E+21,8.08488E+15,5.22646E+16
135440,3,4,4,0,2018,8,16,5,2,4,2,0,0,1,0,0,1,0,0,4.34052E+20,5.79319E+21,8.0332E+15,5.22851E+16
135441,3,4,4,0,2018,8,14,5,3,0,4,0,0,1,1,0,0,0,0,4.35692E+20,5.79258E+21,8.05736E+15,5.22798E+16
135442,3,4,4,0,2018,8,8,5,3,5,3,0,0,1,0,0,0,1,0,4.33453E+20,5.79134E+21,8.02479E+15,5.22684E+16
135443,3,4,54,18,2018,8,15,3,3,4,2,0,0,1,0,0,0,0,0,3.85692E+20,5.85072E+21,7.3047E+15,5.27941E+16
135444,3,4,54,41,2018,8,12,5,3,5,3,0,1,1,0,0,0,0,0,3.92142E+20,5.88294E+21,7.3896E+15,5.3085E+16
135445,3,1,1,0,2018,8,7,2,3,5,2,0,1,1,0,0,0,0,0,6.04844E+20,5.7894E+21,1.05357E+16,5.2245E+16
135446,3,4,56,14,2018,8,10,5,3,1,7,0,0,1,0,0,1,0,0,3.63845E+20,5.81617E+21,6.99513E+15,5.24787E+16
135447,3,3,59,10,2018,8,18,2,3,5,3,0,0,1,0,0,0,0,0,5.4397E+20,5.92336E+21,9.66222E+15,5.34574E+16
135448,3,1,1,0,2018,8,7,2,3,5,3,0,1,1,0,0,0,0,1,6.05364E+20,5.79184E+21,1.0544E+16,5.22668E+16
135449,3,4,54,32,2018,8,22,5,3,5,3,2,1,0,0,0,0,0,0,3.86118E+20,5.82052E+21,7.32144E+15,5.25229E+16
135450,3,4,1,0,2018,8,15,4,3,5,3,0,1,1,0,0,0,0,0,4.76683E+20,5.87899E+21,8.65207E+15,5.30599E+16
135451,3,4,62,6,2018,8,18,5,3,5,3,0,1,1,0,0,0,0,0,4.0639E+20,5.94358E+21,7.58431E+15,5.36327E+16
135452,3,4,3,0,2018,8,9,4,3,5,3,0,1,1,0,0,0,0,0,4.44223E+20,5.88933E+21,8.16596E+15,5.31505E+16
135453,3,4,53,7,2018,8,5,5,3,7,7,2,0,0,0,1,0,0,0,4.28289E+20,5.86597E+21,7.93294E+15,5.29386E+16
135454,3,4,53,4,2018,8,18,5,3,3,2,0,1,1,0,0,0,0,0,4.36197E+20,5.85526E+21,8.05269E+15,5.28433E+16
135455,3,3,53,31,2018,8,18,3,2,6,4,0,0,1,1,0,0,0,0,5.67895E+20,5.91839E+21,1.00214E+16,5.34102E+16
135456,3,1,1,0,2018,8,7,2,3,6,4,0,1,0,1,0,0,0,1,5.9881E+20,5.79335E+21,1.04485E+16,5.22816E+16
135457,3,4,55,7,2018,8,16,5,3,5,3,0,1,1,0,0,0,0,0,4.27964E+20,5.9358E+21,7.9123E+15,5.35662E+16
135458,3,2,41,18,2018,8,17,2,3,5,3,0,1,1,0,0,0,0,0,5.73518E+20,5.81534E+21,1.00826E+16,5.24833E+16
135459,3,4,51,2,2018,8,16,5,3,4,6,0,1,1,0,0,0,0,0,4.32316E+20,5.89095E+21,7.98761E+15,5.31636E+16
135460,3,2,41,17,2018,8,16,4,3,2,6,0,1,0,0,0,0,0,0,5.44664E+20,5.78013E+21,9.65308E+15,5.21699E+16
135461,3,4,3,0,2018,8,7,5,3,5,2,0,1,1,0,0,0,0,0,4.47508E+20,5.88834E+21,8.21525E+15,5.31419E+16
135462,3,2,51,40,2018,8,14,5,3,5,3,0,0,1,0,0,0,0,0,4.85363E+20,5.83739E+21,8.78347E+15,5.26862E+16
135463,3,2,41,1,2018,8,18,3,3,5,3,0,1,1,0,0,0,0,0,5.5048E+20,5.80359E+21,9.74162E+15,5.23802E+16
135464,3,4,1,0,2018,8,14,5,3,2,6,0,0,1,0,1,0,0,0,4.75657E+20,5.87806E+21,8.63683E+15,5.30515E+16
135465,3,3,52,62,2018,8,15,5,3,0,7,0,0,0,0,1,0,1,1,4.69925E+20,5.941E+21,8.54535E+15,5.36169E+16
135466,3,3,55,22,2018,8,10,3,3,5,3,0,0,1,0,0,0,0,0,5.94859E+20,5.90114E+21,1.04218E+16,5.3251E+16
135467,3,4,4,0,2018,8,12,1,3,5,3,0,1,1,0,0,0,0,0,4.33868E+20,5.7915E+21,8.03084E+15,5.22699E+16
135468,3,3,52,11,2018,8,16,5,3,6,7,0,1,0,1,0,0,0,0,4.79248E+20,5.96794E+21,8.68447E+15,5.38595E+16
135469,3,3,59,38,2018,8,13,5,3,9,7,0,1,0,0,1,0,0,0,5.29643E+20,5.9391E+21,9.44794E+15,5.35999E+16
135470,3,3,57,16,2018,8,12,5,3,8,6,0,1,1,0,0,0,0,0,5.01896E+20,5.91604E+21,9.02851E+15,5.33934E+16
135471,3,2,41,3,2018,8,13,4,3,5,3,0,1,1,0,0,0,0,0,5.68337E+20,5.81126E+21,1.00055E+16,5.24473E+16
135472,3,3,55,22,2018,8,10,5,3,0,3,0,0,1,0,1,0,0,0,5.96599E+20,5.90067E+21,1.04477E+16,5.32465E+16
135473,3,2,41,1,2018,8,13,5,3,0,7,0,0,0,0,1,0,0,0,5.46648E+20,5.80499E+21,9.68553E+15,5.23931E+16
135474,3,1,59,16,2018,8,20,3,2,5,3,1,1,0,0,0,0,0,0,5.60856E+20,5.70978E+21,9.87743E+15,5.15358E+16
135475,3,4,57,24,2018,8,3,1,3,0,7,2,0,1,1,0,0,0,0,3.85526E+20,5.89339E+21,7.28714E+15,5.31776E+16
135476,3,2,41,1,2018,8,23,5,3,3,2,2,1,0,0,0,0,0,0,5.50391E+20,5.80212E+21,9.7401E+15,5.2367E+16
135477,3,2,41,1,2018,8,16,5,2,7,7,0,1,0,0,0,0,0,0,5.56288E+20,5.80307E+21,9.82686E+15,5.2375E+16
135478,3,4,54,49,2018,8,12,1,3,5,3,0,1,1,0,0,0,0,0,3.95992E+20,5.80269E+21,7.47248E+15,5.23646E+16
135479,3,2,41,1,2018,8,17,5,3,5,3,0,1,1,0,0,0,0,0,5.54362E+20,5.80419E+21,9.79874E+15,5.23853E+16
135480,3,2,41,1,2018,8,15,5,3,5,3,0,1,1,0,0,0,0,0,5.51474E+20,5.80695E+21,9.75674E+15,5.24104E+16
135481,3,2,41,1,2018,8,14,5,3,5,3,0,1,1,0,0,0,0,0,5.53544E+20,5.806E+21,9.78701E+15,5.24017E+16
135482,3,2,41,13,2018,8,0,5,3,8,1,2,0,1,0,0,0,0,0,5.51176E+20,5.79122E+21,9.74996E+15,5.2269E+16
135483,3,1,3,0,2018,8,22,4,3,5,3,2,1,1,0,0,0,0,0,6.21468E+20,5.81016E+21,1.07865E+16,5.24281E+16