OBJECTID_1,ULAND,UREGBEZ,UKREIS,UGEMEINDE,UJAHR,UMONAT,USTUNDE,UWOCHENTAG,UKATEGORIE,UART,UTYP1,ULICHTVERH,IstRad,IstPKW,IstFuss,IstKrad,IstGkfz,IstSonstig,STRZUSTAND,LINREFX,LINREFY,XGCSWGS84,YGCSWGS84
135484,3,2,41,6,2018,8,7,5,3,0,3,0,1,1,0,0,0,0,0,5.40792E+20,5.796E+21,9.59838E+15,5.23128E+16
135485,3,4,60,2,2018,8,18,1,3,5,3,0,1,1,0,0,0,0,0,4.45253E+20,5.81901E+21,8.19316E+15,5.25184E+16
135486,3,2,41,12,2018,8,16,5,3,5,3,0,0,1,0,0,0,0,0,5.22446E+20,5.82054E+21,9.33092E+15,5.25345E+16
135487,3,4,59,14,2018,8,19,2,3,5,3,0,1,1,0,0,0,0,0,4.30851E+20,5.80671E+21,7.9835E+15,5.24062E+16
135488,3,4,60,9,2018,8,11,1,3,5,3,0,1,1,0,0,0,0,0,4.52543E+20,5.84311E+21,8.29714E+15,5.27358E+16
135489,3,2,41,12,2018,8,17,5,2,6,4,0,1,0,1,0,0,0,0,5.31399E+20,5.8162E+21,9.46249E+15,5.24951E+16
135490,3,1,59,17,2018,8,9,2,3,5,3,0,0,1,0,0,0,0,1,5.44665E+20,5.69864E+21,9.64259E+15,5.14372E+16
135491,3,2,41,1,2018,8,13,5,3,5,3,0,1,1,0,0,0,0,0,5.53934E+20,5.80548E+21,9.79266E+15,5.23969E+16
135492,3,1,59,2,2018,8,14,5,3,0,7,0,1,0,0,0,0,0,0,5.82591E+20,5.73744E+21,1.01973E+16,5.17817E+16
135493,3,2,57,9,2018,8,0,5,3,1,1,2,1,1,0,0,0,0,0,5.02441E+20,5.79041E+21,9.03577E+15,5.22641E+16
135494,3,4,3,0,2018,8,18,3,2,5,3,0,1,0,0,0,0,0,0,4.49092E+20,5.8862E+21,8.23927E+15,5.31228E+16
135495,3,4,3,0,2018,8,14,1,3,3,2,0,1,1,0,0,0,0,0,4.47581E+20,5.88779E+21,8.21642E+15,5.3137E+16
135496,3,2,54,21,2018,8,18,5,3,6,4,0,0,1,1,0,0,0,0,5.6535E+20,5.77836E+21,9.95517E+15,5.21518E+16
135497,3,1,3,0,2018,8,23,5,3,3,7,2,0,1,0,1,0,0,0,6.22228E+20,5.80976E+21,1.07976E+16,5.24244E+16
135498,3,4,59,19,2018,8,20,3,3,6,2,1,0,0,1,0,0,1,0,4.33944E+20,5.78407E+21,8.0334E+15,5.22031E+16
135499,3,1,3,0,2018,8,16,5,3,0,1,0,0,1,0,0,0,0,0,6.22216E+20,5.80976E+21,1.07974E+16,5.24244E+16
135500,3,4,3,0,2018,8,10,1,3,5,3,0,0,1,0,1,0,0,0,4.48522E+20,5.89166E+21,8.22986E+15,5.31718E+16
135501,3,1,53,17,2018,8,8,5,3,3,2,0,1,1,0,0,0,0,0,5.9864E+20,5.7542E+21,1.04346E+16,5.19298E+16
135502,3,4,53,13,2018,8,17,2,3,0,1,0,0,0,0,1,0,0,0,4.13631E+20,5.88026E+21,7.71106E+15,5.30648E+16
135503,3,3,57,39,2018,8,14,1,3,9,1,0,0,0,0,1,0,0,0,5.20402E+20,5.88345E+21,9.30471E+15,5.31001E+16
135504,3,1,51,9,2018,8,11,5,3,6,6,0,0,1,1,0,0,0,0,6.04985E+20,5.81508E+21,1.05457E+16,5.24758E+16
135505,3,4,61,7,2018,8,16,4,3,5,3,0,1,1,0,0,0,0,0,4.6516E+20,5.92633E+21,8.47495E+15,5.34848E+16
135506,3,2,41,1,2018,8,14,2,3,9,1,0,0,0,0,1,0,0,1,5.486E+20,5.80743E+21,9.71457E+15,5.2415E+16
135507,3,1,1,0,2018,8,20,5,3,8,6,1,0,1,0,1,0,0,0,6.02975E+20,5.79056E+21,1.05087E+16,5.22558E+16
135508,3,1,1,0,2018,8,18,5,3,5,2,0,1,1,0,0,0,0,0,6.03009E+20,5.79025E+21,1.05091E+16,5.2253E+16
135509,3,3,59,38,2018,8,15,3,3,5,3,0,1,1,0,0,0,0,0,5.31275E+20,5.93828E+21,9.47252E+15,5.35924E+16
135510,3,3,60,5,2018,8,10,1,2,1,5,0,1,1,0,0,0,0,0,6.12979E+20,5.85523E+21,1.06772E+16,5.2835E+16
135511,3,1,1,0,2018,8,13,5,2,5,3,0,1,1,0,0,0,0,0,6.03254E+20,5.79191E+21,1.05131E+16,5.22679E+16
135512,3,3,55,17,2018,8,14,1,1,4,2,0,0,1,0,1,0,0,0,5.89675E+20,5.91055E+21,1.03468E+16,5.33365E+16
135513,3,4,4,0,2018,8,17,4,3,5,3,0,1,1,0,0,0,0,0,4.32951E+20,5.79242E+21,8.01722E+15,5.22781E+16
135514,3,3,60,6,2018,8,14,2,3,5,3,0,1,1,0,0,0,0,0,5.95643E+20,5.87548E+21,1.04259E+16,5.30203E+16
135515,3,3,51,16,2018,8,17,1,2,9,1,0,0,0,0,1,0,0,0,5.83725E+20,5.8295E+21,1.02365E+16,5.2609E+16
135516,3,4,4,0,2018,8,13,4,3,6,4,0,0,0,1,1,0,0,0,4.34965E+20,5.79217E+21,8.04679E+15,5.2276E+16
135517,3,3,51,6,2018,8,13,4,3,3,2,0,1,0,0,0,0,1,0,5.74021E+20,5.82923E+21,1.00931E+16,5.2608E+16
135518,3,4,4,0,2018,8,12,4,2,5,3,0,1,0,0,0,0,0,0,4.33338E+20,5.78846E+21,8.02366E+15,5.22425E+16
135519,3,4,4,0,2018,8,8,4,3,5,2,0,1,1,0,0,0,0,0,4.37009E+20,5.79033E+21,8.07708E+15,5.22598E+16
135520,3,2,41,1,2018,8,16,3,3,2,6,0,0,1,0,0,0,0,0,5.48252E+20,5.8019E+21,9.70866E+15,5.23653E+16
135521,3,2,41,1,2018,8,12,1,2,5,3,0,1,1,0,0,0,0,0,5.48212E+20,5.80589E+21,9.70864E+15,5.24011E+16
135522,3,4,2,0,2018,8,14,4,3,1,5,0,1,1,0,0,0,0,0,3.81219E+20,5.91481E+21,7.21472E+15,5.33691E+16
135523,3,4,57,13,2018,8,11,4,2,3,6,0,1,0,0,0,0,0,0,3.96662E+20,5.89901E+21,7.45188E+15,5.32303E+16
135524,3,4,57,13,2018,8,11,4,3,0,7,0,1,0,0,0,1,0,0,3.96638E+20,5.89892E+21,7.45155E+15,5.32295E+16
135525,3,2,57,35,2018,8,10,4,3,5,3,0,1,1,0,0,0,0,0,5.13959E+20,5.7967E+21,9.2048E+15,5.23204E+16
135526,3,4,54,41,2018,8,18,4,3,5,3,0,1,1,0,0,0,0,0,3.93002E+20,5.88165E+21,7.40287E+15,5.30736E+16
135527,3,4,54,19,2018,8,16,4,3,5,2,0,1,1,0,0,0,0,0,3.97433E+20,5.83689E+21,7.48308E+15,5.26722E+16
135528,3,2,41,12,2018,8,13,4,3,6,7,0,0,0,1,0,0,1,0,5.31239E+20,5.81612E+21,9.46013E+15,5.24943E+16
135529,3,4,62,3,2018,8,16,4,3,1,1,0,1,1,0,0,0,0,0,4.08339E+20,5.9451E+21,7.61333E+15,5.36466E+16
135530,3,4,52,20,2018,8,21,4,3,0,1,2,1,0,1,0,0,0,0,3.77181E+20,5.95264E+21,7.13921E+15,5.3708E+16
135531,3,2,41,1,2018,8,13,3,2,5,3,0,1,1,0,0,0,0,0,5.48858E+20,5.8007E+21,9.71738E+15,5.23544E+16
135532,3,2,41,1,2018,8,11,1,2,0,7,0,1,0,0,0,0,0,0,5.49743E+20,5.80482E+21,9.73098E+15,5.23914E+16
135533,3,4,60,9,2018,8,17,4,3,5,3,0,0,0,0,0,0,1,0,4.52963E+20,5.84505E+21,8.30307E+15,5.27533E+16
135534,3,4,53,12,2018,8,20,4,2,0,1,0,1,0,0,0,0,0,0,4.30832E+20,5.85434E+21,7.97325E+15,5.28344E+16
135535,3,4,57,13,2018,8,7,3,3,5,3,0,1,1,0,0,0,0,0,3.97445E+20,5.89923E+21,7.46352E+15,5.32325E+16
135536,3,3,61,6,2018,8,11,4,3,9,1,0,0,1,0,0,0,0,0,5.09161E+20,5.86939E+21,9.13643E+15,5.2974E+16
135537,3,4,3,0,2018,8,17,4,3,6,6,0,1,0,1,0,0,0,0,4.49219E+20,5.89276E+21,8.24013E+15,5.31818E+16
135538,3,1,57,6,2018,8,13,4,2,4,6,0,1,1,0,0,0,0,0,5.83647E+20,5.79675E+21,1.02271E+16,5.23147E+16
135539,3,4,3,0,2018,8,10,4,2,4,2,0,1,1,0,0,0,0,0,4.46918E+20,5.88439E+21,8.20708E+15,5.31063E+16
135540,3,1,55,13,2018,8,12,1,3,5,3,0,0,1,0,1,0,0,0,5.58822E+20,5.7413E+21,9.85342E+15,5.18195E+16
135541,3,4,3,0,2018,8,10,4,3,8,7,0,1,0,0,0,0,0,0,4.48045E+20,5.89045E+21,8.22293E+15,5.31609E+16
135542,3,4,2,0,2018,8,13,2,3,5,3,0,1,1,0,0,0,0,0,3.80852E+20,5.91561E+21,7.20891E+15,5.33762E+16
135543,3,2,57,28,2018,8,16,1,2,3,7,0,1,0,0,0,0,1,0,5.07356E+20,5.79149E+21,9.10782E+15,5.22738E+16
135544,3,2,51,37,2018,8,15,4,3,5,3,0,1,0,0,0,0,1,0,4.85073E+20,5.87265E+21,8.77756E+15,5.30032E+16
135545,3,2,51,49,2018,8,15,4,3,5,7,0,1,1,0,0,0,0,0,5.00837E+20,5.85351E+21,9.01242E+15,5.28314E+16
135546,3,1,2,0,2018,8,18,3,3,5,3,0,0,1,0,0,0,0,0,5.91368E+20,5.77975E+21,1.03357E+16,5.21607E+16
135547,3,4,58,5,2018,8,16,4,3,2,2,0,0,1,0,0,0,1,0,4.7327E+20,5.88072E+21,8.601E+15,5.30753E+16
135548,3,3,53,40,2018,8,13,4,3,5,3,0,0,1,0,0,0,0,0,5.80327E+20,5.91164E+21,1.02067E+16,5.33478E+16
135549,3,3,59,38,2018,8,13,4,3,5,3,0,1,1,0,0,0,0,0,5.29564E+20,5.93935E+21,9.44677E+15,5.36021E+16
135550,3,3,57,21,2018,8,10,4,3,0,1,0,0,0,0,1,0,0,0,5.22403E+20,5.90737E+21,9.33628E+15,5.3315E+16
135551,3,4,54,51,2018,8,5,3,3,2,6,1,0,1,0,0,0,0,0,4.01611E+20,5.87579E+21,7.53312E+15,5.30226E+16
135552,3,3,54,16,2018,8,7,4,3,9,7,0,0,0,0,0,0,1,0,6.35946E+20,5.86796E+21,1.10232E+16,5.2944E+16
135553,3,3,54,18,2018,8,10,4,3,5,3,0,1,1,0,0,0,0,0,6.44527E+20,5.87083E+21,1.11521E+16,5.29676E+16
135554,3,3,53,26,2018,8,16,2,3,2,6,0,0,1,0,0,0,0,1,5.52655E+20,5.92446E+21,9.79319E+15,5.34665E+16
135555,3,3,55,22,2018,8,11,4,3,0,7,0,1,0,0,0,0,0,0,5.92552E+20,5.9016E+21,1.03873E+16,5.32556E+16
135556,3,4,1,0,2018,8,7,4,3,5,3,0,1,1,0,0,0,0,0,4.768E+20,5.87668E+21,8.65398E+15,5.30391E+16
135557,3,3,51,6,2018,8,17,4,3,4,2,0,1,1,0,0,0,0,0,5.70235E+20,5.8288E+21,1.00371E+16,5.26047E+16
135558,3,3,51,6,2018,8,7,4,3,3,6,0,1,0,0,0,0,0,0,5.71949E+20,5.82904E+21,1.00625E+16,5.26066E+16
135559,3,3,57,8,2018,8,16,3,3,5,7,0,0,1,0,0,0,1,0,5.09716E+20,5.9266E+21,9.14643E+15,5.34883E+16
135560,3,2,41,1,2018,8,19,4,3,1,5,0,1,1,0,0,0,0,0,5.46687E+20,5.80518E+21,9.68613E+15,5.23949E+16
135561,3,2,41,1,2018,8,11,4,3,3,6,0,1,1,0,0,0,0,0,5.52042E+20,5.8078E+21,9.76522E+15,5.2418E+16
135562,3,2,51,7,2018,8,19,3,1,9,1,0,0,1,0,0,0,0,0,4.85104E+20,5.84958E+21,8.77908E+15,5.27958E+16
135563,3,2,41,1,2018,8,8,4,3,2,6,0,0,1,0,0,0,0,0,5.50111E+20,5.80717E+21,9.73673E+15,5.24125E+16
135564,3,2,41,1,2018,8,12,2,3,5,3,0,1,1,0,0,0,0,0,5.50833E+20,5.80385E+21,9.74685E+15,5.23826E+16
135565,3,2,41,1,2018,8,8,4,3,2,6,0,0,1,0,1,0,0,0,5.52034E+20,5.80532E+21,9.76473E+15,5.23957E+16
135566,3,2,41,21,2018,8,16,4,3,0,1,0,1,0,0,0,0,0,0,5.24802E+20,5.81146E+21,9.36497E+15,5.24527E+16
135567,3,2,41,15,2018,8,17,4,3,6,4,0,0,1,1,0,0,0,0,5.44403E+20,5.80523E+21,9.65257E+15,5.23955E+16
135568,3,2,41,4,2018,8,15,4,3,5,3,0,1,1,0,0,0,0,0,5.58352E+20,5.8156E+21,9.85936E+15,5.24874E+16
135569,3,2,41,1,2018,8,15,3,3,5,3,0,1,0,0,0,0,0,0,5.49677E+20,5.80314E+21,9.72976E+15,5.23763E+16
135570,3,2,54,17,2018,8,8,2,3,9,7,0,0,1,0,0,0,0,0,5.59999E+20,5.78588E+21,9.8783E+15,5.222E+16
135571,3,2,41,9,2018,8,15,4,2,0,7,0,0,0,0,1,0,0,0,5.54266E+20,5.79599E+21,9.79601E+15,5.23116E+16
135572,3,2,41,19,2018,8,8,4,2,0,1,0,1,0,0,0,0,0,0,5.49317E+20,5.82214E+21,9.72728E+15,5.25471E+16
135573,3,1,55,13,2018,8,12,4,3,9,7,0,0,1,0,0,0,0,0,5.6021E+20,5.74142E+21,9.87356E+15,5.18204E+16
135574,3,2,57,6,2018,8,18,4,3,1,5,0,0,1,0,0,0,0,0,5.25386E+20,5.79775E+21,9.37253E+15,5.23295E+16
135575,3,2,56,12,2018,8,12,4,3,8,7,0,0,0,0,1,0,0,0,5.18469E+20,5.83796E+21,9.27325E+15,5.26913E+16
135576,3,2,41,5,2018,8,6,4,3,4,2,0,0,1,0,1,0,0,0,5.41086E+20,5.8109E+21,9.60452E+15,5.24468E+16
135577,3,1,3,0,2018,8,8,4,3,5,3,0,1,1,0,0,0,0,0,6.22538E+20,5.81006E+21,1.08022E+16,5.2427E+16
135578,3,1,57,6,2018,8,13,4,3,5,3,0,0,1,0,0,0,0,0,5.83705E+20,5.79672E+21,1.02279E+16,5.23144E+16
135579,3,1,55,12,2018,8,18,3,2,4,6,0,0,1,0,1,0,0,0,5.51528E+20,5.72366E+21,9.74499E+15,5.16616E+16
135580,3,1,51,6,2018,8,7,4,3,5,7,0,0,1,0,0,0,0,0,6.10516E+20,5.80911E+21,1.06252E+16,5.2421E+16
135581,3,1,1,0,2018,8,17,4,3,4,2,0,1,1,0,0,0,0,0,6.0207E+20,5.792E+21,1.04958E+16,5.22689E+16
135582,3,4,56,15,2018,8,19,3,2,5,3,0,1,1,0,0,0,0,0,3.67598E+20,5.81277E+21,7.05171E+15,5.24491E+16
135583,3,2,52,6,2018,8,1,1,3,6,2,2,0,1,1,0,0,0,0,5.2497E+20,5.7727E+21,9.36457E+15,5.21042E+16
135584,3,1,1,0,2018,8,20,4,3,3,7,1,0,1,0,0,0,0,0,6.02557E+20,5.78886E+21,1.0502E+16,5.22406E+16
135585,3,2,41,7,2018,9,9,4,3,5,3,0,1,1,0,0,0,0,0,5.50589E+20,5.79752E+21,9.74231E+15,5.23257E+16
135586,3,1,1,0,2018,9,10,7,3,0,7,0,0,1,0,1,0,0,1,6.03484E+20,5.79523E+21,1.05175E+16,5.22976E+16
135587,3,2,41,1,2018,9,13,3,3,0,5,0,1,1,0,0,0,0,0,5.49082E+20,5.80394E+21,9.72113E+15,5.23835E+16
135588,3,4,4,0,2018,8,16,6,3,0,7,0,1,0,0,0,0,0,0,4.34452E+20,5.79218E+21,8.03926E+15,5.22761E+16
135589,3,4,5,0,2018,9,17,5,2,5,3,0,1,1,0,0,0,0,1,4.42037E+20,5.93182E+21,8.1255E+15,5.35321E+16
135590,3,2,41,7,2018,9,13,2,3,4,1,0,1,0,0,0,0,0,0,5.50947E+20,5.79668E+21,9.74744E+15,5.23181E+16
135591,3,1,53,17,2018,9,8,5,3,4,2,0,0,1,0,1,0,0,0,5.98838E+20,5.75349E+21,1.04373E+16,5.19234E+16
135592,3,4,54,35,2018,9,16,7,3,5,3,0,1,1,0,0,0,0,0,3.84998E+20,5.83817E+21,7.29881E+15,5.26813E+16
135593,3,2,41,1,2018,9,16,7,3,1,5,0,0,1,0,0,0,0,0,5.54675E+20,5.80571E+21,9.80359E+15,5.23989E+16
135594,3,1,51,25,2018,9,23,4,3,6,1,2,0,1,1,0,0,0,0,6.10618E+20,5.81703E+21,1.06293E+16,5.24922E+16
135595,3,4,57,13,2018,8,14,6,3,5,2,0,1,1,0,0,0,0,1,3.97183E+20,5.90011E+21,7.45933E+15,5.32403E+16
135596,3,1,59,16,2018,9,17,3,3,5,3,0,1,1,0,0,0,0,0,5.64752E+20,5.70809E+21,9.93328E+15,5.15202E+16
135597,3,4,54,41,2018,8,19,6,3,5,3,0,1,1,0,0,0,0,0,3.94451E+20,5.88167E+21,7.42448E+15,5.30741E+16
135598,3,3,52,11,2018,9,19,5,3,5,3,1,0,1,0,0,0,0,1,4.75896E+20,5.96795E+21,8.63351E+15,5.38595E+16
135599,3,1,59,16,2018,9,17,2,3,5,3,0,0,1,0,0,0,0,0,5.64398E+20,5.70991E+21,9.9285E+15,5.15366E+16
135600,3,1,55,11,2018,9,22,3,2,0,7,2,0,1,0,0,0,0,0,5.68549E+20,5.72911E+21,9.9921E+15,5.17087E+16
135601,3,4,54,32,2018,8,16,6,3,1,5,0,1,1,0,0,0,0,0,3.85878E+20,5.81954E+21,7.31825E+15,5.2514E+16
135602,3,2,51,41,2018,9,19,5,2,5,3,0,0,1,0,0,0,0,1,4.8779E+20,5.8631E+21,8.81841E+15,5.29174E+16
135603,3,2,54,21,2018,9,11,2,3,0,7,0,1,0,0,0,0,1,0,5.6497E+20,5.77822E+21,9.94959E+15,5.21507E+16
135604,3,4,53,12,2018,9,16,3,3,5,2,0,0,1,0,0,0,0,0,4.28738E+20,5.85617E+21,7.94177E+15,5.28505E+16
135605,3,4,54,57,2018,8,17,4,3,3,6,0,1,0,0,1,0,0,0,4.10981E+20,5.85652E+21,7.67806E+15,5.2851E+16
135606,3,4,54,32,2018,9,11,4,3,8,1,0,1,0,0,0,0,0,0,3.86786E+20,5.8216E+21,7.33092E+15,5.25327E+16
135607,3,2,51,40,2018,9,20,7,3,5,3,2,0,1,0,0,0,0,0,4.86998E+20,5.8369E+21,8.80767E+15,5.26819E+16
135608,3,4,53,7,2018,8,18,6,3,5,3,0,1,1,0,0,0,0,0,4.23009E+20,5.87526E+21,7.85219E+15,5.30213E+16
135609,3,4,4,0,2018,9,22,3,3,4,2,2,0,1,0,1,0,0,0,4.34816E+20,5.79066E+21,8.0449E+15,5.22624E+16
135610,3,4,60,9,2018,8,17,6,2,5,3,0,1,1,0,0,0,0,0,4.50155E+20,5.84671E+21,8.26121E+15,5.27679E+16
135611,3,4,59,24,2018,9,7,2,3,8,1,0,1,0,0,0,0,0,0,4.54857E+20,5.78395E+21,8.3394E+15,5.22041E+16
135612,3,4,53,4,2018,8,10,6,3,4,6,0,0,1,0,0,0,0,0,4.36465E+20,5.85667E+21,8.05641E+15,5.2856E+16
135613,3,3,54,2,2018,9,18,5,3,0,7,0,1,0,0,0,0,0,0,6.31592E+20,5.86684E+21,1.0958E+16,5.2935E+16
135614,3,1,53,17,2018,9,15,2,3,1,1,0,1,1,0,0,0,0,0,5.98945E+20,5.75326E+21,1.04388E+16,5.19213E+16
135615,3,3,55,22,2018,9,11,4,3,5,3,0,1,1,0,0,0,0,0,5.93886E+20,5.89934E+21,1.04067E+16,5.3235E+16
135616,3,4,3,0,2018,8,17,6,3,0,7,0,1,1,0,0,0,0,0,4.45663E+20,5.88812E+21,8.18771E+15,5.31397E+16
135617,3,4,3,0,2018,9,8,4,3,4,2,0,1,1,0,0,0,0,0,4.47805E+20,5.88742E+21,8.21983E+15,5.31336E+16
135618,3,3,53,40,2018,8,17,6,3,5,3,0,1,1,0,0,0,0,0,5.80855E+20,5.91331E+21,1.0215E+16,5.33627E+16
135619,3,3,53,27,2018,8,13,6,3,5,3,0,1,1,0,0,0,0,0,5.49488E+20,5.90008E+21,9.74167E+15,5.32477E+16
135620,3,4,54,19,2018,9,15,2,3,5,2,0,1,1,0,0,0,0,0,3.97345E+20,5.83682E+21,7.48181E+15,5.26716E+16
135621,3,2,41,1,2018,9,17,5,3,6,6,0,1,0,1,0,0,0,0,5.49807E+20,5.80576E+21,9.73206E+15,5.23998E+16
135622,3,4,61,1,2018,9,18,1,3,5,3,0,0,1,0,0,0,0,0,4.68912E+20,5.88624E+21,8.53542E+15,5.31247E+16
135623,3,2,41,1,2018,9,10,4,3,6,7,0,0,1,1,0,0,0,0,5.48818E+20,5.80472E+21,9.71737E+15,5.23906E+16
135624,3,3,55,1,2018,8,13,6,3,0,1,0,1,0,0,0,0,0,0,5.96405E+20,5.90425E+21,1.04459E+16,5.32787E+16
135625,3,3,55,22,2018,8,6,6,3,6,2,1,0,1,1,0,0,0,0,5.94058E+20,5.90137E+21,1.04098E+16,5.32532E+16
135626,3,4,52,12,2018,9,19,5,3,0,1,1,0,1,1,0,0,0,0,3.88785E+20,5.9177E+21,7.32736E+15,5.33966E+16
135627,3,3,54,18,2018,9,13,2,3,6,6,0,1,0,1,0,0,0,0,6.45645E+20,5.8699E+21,1.11683E+16,5.2959E+16
135628,3,2,41,1,2018,8,14,6,3,2,6,0,0,1,0,0,0,0,0,5.42425E+20,5.80708E+21,9.62374E+15,5.24123E+16
135629,3,4,3,0,2018,9,15,2,3,3,6,0,1,0,0,0,0,0,0,4.47187E+20,5.88974E+21,8.21022E+15,5.31544E+16
135630,3,2,54,21,2018,9,18,5,3,0,7,0,1,0,0,0,0,0,0,5.65617E+20,5.77869E+21,9.95914E+15,5.21548E+16
135631,3,3,60,25,2018,9,13,1,3,1,5,0,1,1,0,0,0,0,0,6.04543E+20,5.86959E+21,1.05566E+16,5.29657E+16
135632,3,4,54,35,2018,8,19,4,3,0,1,1,0,0,0,1,0,0,1,3.82748E+20,5.83993E+21,7.26491E+15,5.26966E+16
135633,3,2,41,1,2018,9,16,4,3,5,2,0,1,1,0,0,0,0,0,5.4885E+20,5.79964E+21,9.7171E+15,5.23449E+16
135634,3,2,41,1,2018,8,13,6,3,5,2,0,1,1,0,0,0,0,0,5.45478E+20,5.80739E+21,9.66866E+15,5.24148E+16
135635,3,2,41,1,2018,9,9,3,3,7,7,0,1,0,0,0,0,0,0,5.49821E+20,5.80115E+21,9.73158E+15,5.23583E+16
135636,3,2,41,1,2018,8,6,6,3,5,3,1,0,1,0,0,0,0,0,5.58043E+20,5.80148E+21,9.85235E+15,5.23605E+16
135637,3,4,3,0,2018,9,17,5,3,0,7,0,1,0,0,0,0,0,1,4.47703E+20,5.88759E+21,8.21827E+15,5.31352E+16
135638,3,2,41,10,2018,9,9,2,3,3,5,0,0,1,0,0,0,1,0,5.49441E+20,5.81023E+21,9.72734E+15,5.24401E+16
135639,3,4,53,12,2018,9,0,3,2,9,1,2,0,1,0,0,0,0,0,4.30642E+20,5.85865E+21,7.96952E+15,5.28731E+16
135640,3,4,54,35,2018,8,16,4,3,2,2,0,0,1,0,0,0,0,0,3.83371E+20,5.84605E+21,7.27195E+15,5.27517E+16
135641,3,4,4,0,2018,9,8,4,3,4,2,0,1,1,0,0,0,0,0,4.33451E+20,5.79337E+21,8.02436E+15,5.22866E+16
135642,3,4,53,7,2018,9,17,7,3,2,6,0,0,1,0,0,0,0,0,4.23479E+20,5.87517E+21,7.85921E+15,5.30206E+16
135643,3,1,59,16,2018,9,17,7,2,5,2,0,1,1,0,0,0,0,0,5.64974E+20,5.7107E+21,9.93696E+15,5.15437E+16
135644,3,4,59,12,2018,9,19,3,3,0,1,1,1,0,0,0,0,0,0,4.44919E+20,5.78759E+21,8.1934E+15,5.2236E+16
135645,3,4,2,0,2018,9,13,3,3,5,7,0,0,1,0,0,0,0,0,3.75925E+20,5.91128E+21,7.13658E+15,5.33361E+16
135646,3,1,58,37,2018,9,18,5,3,5,2,0,1,1,0,0,0,0,0,6.04817E+20,5.77964E+21,1.05322E+16,5.21573E+16
135647,3,1,53,17,2018,9,17,1,3,5,3,0,1,1,0,0,0,0,1,6.01864E+20,5.75018E+21,1.04803E+16,5.1893E+16
135648,3,3,57,8,2018,9,14,7,2,8,1,0,0,1,0,1,0,0,0,5.08819E+20,5.92438E+21,9.13285E+15,5.34683E+16
135649,3,2,54,21,2018,9,15,4,3,6,1,0,0,1,1,0,0,0,0,5.6653E+20,5.77662E+21,9.97207E+15,5.21361E+16
135650,3,2,41,1,2018,8,10,6,3,6,6,0,1,0,1,0,0,0,0,5.48634E+20,5.80422E+21,9.7146E+15,5.23861E+16
135651,3,2,56,33,2018,9,15,3,3,3,6,0,1,1,0,0,0,0,0,4.93864E+20,5.81635E+21,8.90961E+15,5.24973E+16
135652,3,2,41,1,2018,8,13,6,3,4,6,0,0,1,0,1,0,0,0,5.53921E+20,5.80555E+21,9.79249E+15,5.23975E+16
135653,3,2,51,12,2018,9,18,5,3,5,3,0,1,1,0,0,0,0,0,4.57496E+20,5.82902E+21,8.37229E+15,5.26096E+16
135654,3,2,52,6,2018,9,15,2,3,5,3,0,0,1,0,1,0,0,0,5.25207E+20,5.77199E+21,9.36799E+15,5.20979E+16
135655,3,4,55,26,2018,9,22,3,3,8,1,2,0,1,0,0,0,0,0,4.44126E+20,5.91338E+21,8.16029E+15,5.33666E+16
135656,3,4,52,19,2018,9,16,4,3,5,3,0,0,1,0,0,0,0,0,3.79771E+20,5.94125E+21,7.18285E+15,5.36062E+16
135657,3,4,58,5,2018,9,12,7,2,5,3,0,1,1,0,0,0,0,0,4.7034E+20,5.88103E+21,8.55725E+15,5.30779E+16
135658,3,2,41,10,2018,8,13,6,3,2,6,0,0,1,0,0,0,0,0,5.50116E+20,5.81064E+21,9.73733E+15,5.24436E+16
135659,3,2,41,1,2018,8,16,6,2,0,7,0,1,0,0,0,0,0,0,5.58211E+20,5.80463E+21,9.85536E+15,5.23889E+16
135660,3,4,59,2,2018,9,7,2,3,5,3,0,1,1,0,0,0,0,0,4.24184E+20,5.82222E+21,7.88198E+15,5.25448E+16
135661,3,2,41,9,2018,8,12,6,3,5,2,0,1,1,0,0,0,0,0,5.54865E+20,5.79548E+21,9.80472E+15,5.23069E+16
135662,3,1,53,2,2018,9,13,3,3,3,2,0,1,1,0,0,0,0,0,6.06436E+20,5.75017E+21,1.05467E+16,5.18921E+16
135663,3,1,55,11,2018,8,14,6,3,1,5,0,0,1,0,1,0,0,0,5.69037E+20,5.72998E+21,9.99934E+15,5.17165E+16
135664,3,3,53,35,2018,9,7,5,3,3,6,0,1,0,0,0,0,0,0,5.48025E+20,5.90239E+21,9.72009E+15,5.32686E+16
135665,3,1,3,0,2018,9,11,2,3,2,6,0,0,1,0,0,0,0,0,6.2134E+20,5.80983E+21,1.07845E+16,5.24252E+16
135666,3,3,59,10,2018,9,17,4,3,5,3,0,1,1,0,0,0,0,0,5.46696E+20,5.92567E+21,9.70361E+15,5.3478E+16
135667,3,2,57,6,2018,8,12,6,3,2,6,0,0,1,0,0,0,0,0,5.25161E+20,5.79777E+21,9.36923E+15,5.23297E+16
135668,3,2,52,6,2018,8,7,6,3,5,3,0,1,1,0,0,0,0,0,5.25591E+20,5.77232E+21,9.37362E+15,5.21008E+16
135669,3,4,54,32,2018,9,12,2,3,0,1,0,1,0,0,0,0,0,0,3.85774E+20,5.82006E+21,7.31654E+15,5.25187E+16
135670,3,4,55,7,2018,9,15,3,2,6,7,0,0,1,1,0,0,0,0,4.27381E+20,5.93706E+21,7.90321E+15,5.35773E+16
135671,3,4,54,14,2018,9,11,3,2,5,3,0,0,1,0,0,0,0,0,3.81467E+20,5.82875E+21,7.24999E+15,5.25958E+16