OBJECTID_1,ULAND,UREGBEZ,UKREIS,UGEMEINDE,UJAHR,UMONAT,USTUNDE,UWOCHENTAG,UKATEGORIE,UART,UTYP1,ULICHTVERH,IstRad,IstPKW,IstFuss,IstKrad,IstGkfz,IstSonstig,STRZUSTAND,LINREFX,LINREFY,XGCSWGS84,YGCSWGS84
135672,3,2,41,10,2018,9,9,5,3,5,2,0,0,0,0,0,1,1,0,5.48464E+20,5.81114E+21,9.71311E+15,5.24483E+16
135673,3,3,59,10,2018,9,19,1,3,5,2,0,0,0,0,1,0,1,0,5.50265E+20,5.92277E+21,9.75692E+15,5.34515E+16
135674,3,2,41,1,2018,9,13,4,3,5,3,0,0,1,0,0,0,0,0,5.50658E+20,5.80244E+21,9.74407E+15,5.23699E+16
135675,3,3,51,6,2018,9,15,5,3,0,7,0,1,0,0,0,0,0,0,5.72147E+20,5.83013E+21,1.00656E+16,5.26164E+16
135676,3,4,56,25,2018,9,13,1,3,2,2,0,0,0,0,1,0,0,0,3.77972E+20,5.8159E+21,7.20314E+15,5.24796E+16
135677,3,3,51,6,2018,9,17,4,3,5,3,0,1,0,0,0,0,0,0,5.73058E+20,5.83103E+21,1.00793E+16,5.26244E+16
135678,3,1,59,16,2018,8,10,6,3,3,6,0,1,1,0,0,0,0,0,5.64597E+20,5.70991E+21,9.93138E+15,5.15366E+16
135679,3,1,3,0,2018,8,16,6,3,5,3,0,1,0,0,1,0,0,0,6.21369E+20,5.80944E+21,1.07848E+16,5.24217E+16
135680,3,3,53,26,2018,9,7,2,3,5,3,0,1,1,0,0,0,0,0,5.52313E+20,5.92375E+21,9.78792E+15,5.34601E+16
135681,3,4,5,0,2018,9,15,3,3,6,4,0,0,1,1,0,0,0,0,4.42285E+20,5.93187E+21,8.12924E+15,5.35325E+16
135682,3,2,54,21,2018,9,6,5,2,6,4,0,0,1,1,0,0,0,0,5.63104E+20,5.77914E+21,9.9225E+15,5.21591E+16
135683,3,2,41,5,2018,9,13,1,3,5,3,0,1,1,0,0,0,0,0,5.42386E+20,5.80893E+21,9.6234E+15,5.24289E+16
135684,3,4,54,12,2018,8,12,4,3,6,4,0,0,1,1,0,0,0,0,4.01213E+20,5.81604E+21,7.54519E+15,5.24856E+16
135685,3,2,41,1,2018,9,11,4,3,2,6,0,0,1,0,0,0,0,0,5.49853E+20,5.80346E+21,9.7324E+15,5.23791E+16
135686,3,1,57,6,2018,8,5,6,3,8,1,1,0,1,0,0,0,0,0,5.84826E+20,5.79886E+21,1.02449E+16,5.23335E+16
135687,3,1,55,5,2018,9,16,3,3,5,3,0,0,1,0,0,0,0,0,5.59504E+20,5.71895E+21,9.85949E+15,5.16185E+16
135688,3,4,3,0,2018,9,7,3,3,5,3,0,1,0,0,0,0,1,0,4.49233E+20,5.88438E+21,8.24166E+15,5.31064E+16
135689,3,1,53,17,2018,8,7,6,3,5,2,0,0,1,0,1,0,0,0,5.99641E+20,5.75389E+21,1.04491E+16,5.19268E+16
135690,3,4,3,0,2018,9,16,5,3,4,2,0,0,1,0,0,0,0,1,4.45603E+20,5.88887E+21,8.18668E+15,5.31464E+16
135691,3,1,51,39,2018,8,22,6,2,3,2,2,1,0,0,1,0,0,0,6.16831E+20,5.81357E+21,1.07196E+16,5.24598E+16
135692,3,4,4,0,2018,8,16,5,3,0,7,0,0,0,0,1,0,0,1,4.35074E+20,5.79285E+21,8.04824E+15,5.22821E+16
135693,3,4,5,0,2018,9,16,5,3,5,2,0,1,1,0,0,0,0,1,4.39997E+20,5.93618E+21,8.0939E+15,5.3571E+16
135694,3,2,41,1,2018,9,16,2,3,0,1,0,1,0,0,0,0,0,0,5.55014E+20,5.80357E+21,9.80823E+15,5.23796E+16
135695,3,4,3,0,2018,9,22,3,3,5,3,2,1,1,0,0,0,0,0,4.47453E+20,5.88898E+21,8.21432E+15,5.31476E+16
135696,3,1,57,6,2018,9,16,5,3,1,5,0,1,1,0,0,0,0,1,5.79846E+20,5.79931E+21,1.0172E+16,5.23382E+16
135697,3,4,4,0,2018,9,2,7,2,2,6,2,1,0,0,0,0,0,0,4.32988E+20,5.7911E+21,8.01801E+15,5.22662E+16
135698,3,2,41,1,2018,9,22,7,3,5,3,2,1,1,0,0,0,0,0,5.5028E+20,5.80372E+21,9.73871E+15,5.23814E+16
135699,3,1,59,16,2018,9,15,4,3,4,6,0,1,1,0,0,0,0,0,5.64919E+20,5.70985E+21,9.93601E+15,5.1536E+16
135700,3,4,4,0,2018,8,13,5,3,4,6,0,0,1,0,0,0,0,1,4.35369E+20,5.79016E+21,8.05309E+15,5.2258E+16
135701,3,2,55,23,2018,9,19,3,3,4,2,0,0,1,0,0,0,0,0,5.32209E+20,5.74321E+21,9.46749E+15,5.18388E+16
135702,3,4,3,0,2018,9,18,3,3,1,7,0,1,1,0,0,0,0,0,4.4746E+20,5.8879E+21,8.2146E+15,5.31379E+16
135703,3,4,56,15,2018,8,8,5,3,3,2,0,1,0,0,0,0,1,0,3.67481E+20,5.81051E+21,7.05088E+15,5.24287E+16
135704,3,4,1,0,2018,9,15,5,3,5,2,0,1,1,0,0,0,0,1,4.76425E+20,5.87939E+21,8.6482E+15,5.30635E+16
135705,3,1,59,16,2018,9,16,2,3,5,3,0,1,1,0,0,0,0,0,5.64863E+20,5.71066E+21,9.93536E+15,5.15433E+16
135706,3,4,3,0,2018,9,17,3,3,5,3,0,1,1,0,0,0,0,0,4.45818E+20,5.89152E+21,8.18945E+15,5.31703E+16
135707,3,4,3,0,2018,9,14,4,3,5,3,0,1,1,0,0,0,0,0,4.45988E+20,5.89007E+21,8.19223E+15,5.31573E+16
135708,3,4,52,20,2018,8,17,5,2,5,3,0,1,1,0,0,0,0,0,3.79247E+20,5.95323E+21,7.17026E+15,5.37138E+16
135709,3,2,41,1,2018,9,7,2,3,5,5,0,1,1,0,0,0,0,0,5.51975E+20,5.79859E+21,9.76281E+15,5.23352E+16
135710,3,4,54,47,2018,9,9,4,3,2,2,0,0,1,0,0,0,0,1,4.00305E+20,5.85543E+21,7.5199E+15,5.28394E+16
135711,3,4,3,0,2018,9,1,7,3,0,5,2,0,1,0,0,0,0,0,4.467E+20,5.89371E+21,8.20227E+15,5.31901E+16
135712,3,4,52,20,2018,8,13,5,3,5,2,0,1,1,0,0,0,0,0,3.78127E+20,5.9526E+21,7.15356E+15,5.37078E+16
135713,3,4,59,5,2018,9,13,3,3,4,6,0,1,0,1,0,0,0,0,4.37155E+20,5.7727E+21,8.08248E+15,5.21013E+16
135714,3,4,52,19,2018,8,14,5,3,5,3,0,1,1,0,0,0,0,0,3.79935E+20,5.94089E+21,7.18545E+15,5.36031E+16
135715,3,1,1,0,2018,9,15,3,3,5,3,0,1,0,0,0,0,1,0,6.04556E+20,5.79084E+21,1.05319E+16,5.2258E+16
135716,3,4,58,9,2018,9,17,3,2,5,3,0,0,1,0,0,0,1,0,4.52387E+20,5.87972E+21,8.28946E+15,5.30648E+16
135717,3,4,52,23,2018,8,9,5,3,5,3,0,1,1,0,0,0,0,0,3.93514E+20,5.92649E+21,7.39548E+15,5.34766E+16
135718,3,3,57,39,2018,9,7,5,3,5,3,0,1,1,0,0,0,0,0,5.26694E+20,5.88434E+21,9.39876E+15,5.31078E+16
135719,3,1,2,0,2018,9,8,2,3,0,7,0,0,1,0,1,0,0,0,5.94368E+20,5.76691E+21,1.0376E+16,5.20448E+16
135720,3,3,55,2,2018,9,8,4,3,5,3,0,1,1,0,0,0,0,0,5.80803E+20,5.88775E+21,1.02078E+16,5.31331E+16
135721,3,4,53,5,2018,8,11,5,3,5,3,0,1,1,0,0,0,0,1,4.43108E+20,5.85381E+21,8.15554E+15,5.28311E+16
135722,3,4,53,4,2018,8,19,5,3,5,3,0,1,1,0,0,0,0,1,4.3613E+20,5.85527E+21,8.0517E+15,5.28434E+16
135723,3,4,51,2,2018,9,16,2,3,2,2,0,0,1,0,0,0,0,0,4.351E+20,5.88874E+21,8.02969E+15,5.31441E+16
135724,3,4,55,26,2018,8,17,5,3,0,7,0,1,1,0,0,0,0,0,4.43187E+20,5.91697E+21,8.14554E+15,5.33988E+16
135725,3,4,57,13,2018,9,7,2,3,5,2,0,1,1,0,0,0,0,0,3.97183E+20,5.90011E+21,7.45933E+15,5.32403E+16
135726,3,4,1,0,2018,9,13,3,3,5,3,0,1,1,0,0,0,0,0,4.76788E+20,5.87752E+21,8.65375E+15,5.30467E+16
135727,3,2,41,9,2018,9,16,5,3,6,2,0,0,1,1,0,0,0,0,5.55407E+20,5.7954E+21,9.81265E+15,5.23061E+16
135728,3,4,3,0,2018,9,9,1,2,5,3,0,1,1,0,0,0,0,0,4.46617E+20,5.88992E+21,8.20166E+15,5.3156E+16
135729,3,2,41,1,2018,9,7,4,3,2,6,0,0,1,0,0,0,0,0,5.5272E+20,5.8027E+21,9.77439E+15,5.2372E+16
135730,3,3,56,5,2018,8,6,5,3,5,3,1,1,0,0,0,0,0,1,4.92934E+20,5.88717E+21,8.89439E+15,5.31339E+16
135731,3,4,3,0,2018,8,8,5,3,4,6,0,1,0,0,0,0,0,1,4.47912E+20,5.89007E+21,8.221E+15,5.31575E+16
135732,3,4,2,0,2018,9,17,5,3,5,2,0,1,1,0,0,0,0,1,3.80748E+20,5.91534E+21,7.20745E+15,5.33737E+16
135733,3,3,53,5,2018,9,15,2,2,6,2,0,0,1,1,0,0,0,0,5.58412E+20,5.90927E+21,9.87709E+15,5.33294E+16
135734,3,3,52,11,2018,9,17,3,2,5,3,0,1,1,0,0,0,0,0,4.79768E+20,5.96891E+21,8.69231E+15,5.38683E+16
135735,3,2,52,6,2018,9,14,5,3,0,1,0,1,0,0,0,0,0,0,5.25495E+20,5.77211E+21,9.3722E+15,5.2099E+16
135736,3,1,3,0,2018,9,13,1,3,2,6,0,1,1,0,0,0,0,1,6.22198E+20,5.80953E+21,1.0797E+16,5.24223E+16
135737,3,3,59,38,2018,9,13,7,3,5,3,0,1,1,0,0,0,0,0,5.31435E+20,5.9386E+21,9.47496E+15,5.35953E+16
135738,3,3,53,5,2018,9,15,3,3,2,6,0,0,1,0,0,0,0,0,5.58311E+20,5.90904E+21,9.87553E+15,5.33273E+16
135739,3,2,41,1,2018,9,17,5,3,0,1,0,1,0,0,0,0,0,0,5.52549E+20,5.80029E+21,9.77151E+15,5.23504E+16
135740,3,3,57,15,2018,9,0,1,3,8,1,2,0,1,0,0,0,0,0,5.45324E+20,5.89204E+21,9.67813E+15,5.31758E+16
135741,3,2,41,19,2018,9,13,4,3,0,6,0,1,0,1,0,0,0,0,5.50512E+20,5.8209E+21,9.74471E+15,5.25359E+16
135742,3,3,57,44,2018,8,13,5,3,4,2,0,0,1,0,0,0,0,1,5.3326E+20,5.90369E+21,9.49885E+15,5.32814E+16
135743,3,2,41,1,2018,9,11,3,3,5,3,0,1,1,0,0,0,0,0,5.50859E+20,5.80441E+21,9.74732E+15,5.23876E+16
135744,3,3,59,23,2018,9,18,3,3,5,3,0,1,1,0,0,0,0,0,5.32806E+20,5.9227E+21,9.49402E+15,5.34523E+16
135745,3,3,60,2,2018,8,6,5,3,5,3,0,1,0,0,0,0,0,1,6.05736E+20,5.88236E+21,1.05785E+16,5.30802E+16
135746,3,3,61,13,2018,9,13,5,3,4,6,0,0,0,0,0,0,1,0,5.0335E+20,5.8641E+21,9.04983E+15,5.29266E+16
135747,3,2,41,5,2018,9,17,2,3,5,3,0,1,1,0,0,0,0,0,5.4063E+20,5.808E+21,9.59746E+15,5.24207E+16
135748,3,3,59,38,2018,9,16,3,3,5,3,0,1,1,0,0,0,0,0,5.28118E+20,5.93904E+21,9.42489E+15,5.35995E+16
135749,3,4,56,11,2018,9,17,3,2,5,3,0,1,0,0,0,0,1,0,3.49173E+20,5.81839E+21,6.77825E+15,5.24948E+16
135750,3,1,1,0,2018,9,10,5,3,1,5,0,1,1,0,0,0,0,0,6.04927E+20,5.79298E+21,1.0538E+16,5.22772E+16
135751,3,4,52,19,2018,9,17,7,3,5,3,0,1,1,0,0,0,0,0,3.81995E+20,5.93949E+21,7.21711E+15,5.35909E+16
135752,3,2,55,23,2018,9,12,7,3,5,3,0,0,1,0,0,0,0,0,5.31674E+20,5.74324E+21,9.45974E+15,5.18391E+16
135753,3,1,1,0,2018,9,16,4,3,2,6,0,0,1,0,0,0,0,0,6.04304E+20,5.79135E+21,1.05284E+16,5.22626E+16
135754,3,2,41,1,2018,8,18,5,3,2,6,0,0,1,0,0,0,0,0,5.47703E+20,5.80531E+21,9.70107E+15,5.2396E+16
135755,3,1,3,0,2018,9,0,3,3,6,7,2,0,1,1,0,0,0,0,6.21306E+20,5.80997E+21,1.07841E+16,5.24265E+16
135756,3,3,59,38,2018,9,14,3,3,2,6,0,0,1,0,0,0,0,0,5.31245E+20,5.93703E+21,9.47194E+15,5.35812E+16
135757,3,2,56,22,2018,9,14,4,2,6,4,0,1,0,1,0,0,0,0,5.14052E+20,5.83253E+21,9.20768E+15,5.26426E+16
135758,3,2,41,1,2018,8,15,5,3,5,3,0,0,1,0,0,0,0,0,5.55153E+20,5.80398E+21,9.81033E+15,5.23833E+16
135759,3,1,55,11,2018,9,10,3,3,6,6,0,0,1,1,0,0,0,0,5.68858E+20,5.72871E+21,9.9965E+15,5.17051E+16
135760,3,3,57,39,2018,9,12,3,3,2,6,0,0,1,0,0,0,0,0,5.27178E+20,5.88481E+21,9.40602E+15,5.3112E+16
135761,3,2,41,1,2018,8,18,5,3,0,1,0,1,0,0,0,0,0,1,5.4815E+20,5.80249E+21,9.70724E+15,5.23705E+16
135762,3,2,51,40,2018,9,16,5,3,2,5,0,0,1,0,0,0,0,1,4.87074E+20,5.83698E+21,8.80879E+15,5.26826E+16
135763,3,2,54,21,2018,9,7,2,3,5,3,0,1,0,0,0,0,0,0,5.65313E+20,5.77894E+21,9.95474E+15,5.21571E+16
135764,3,3,60,25,2018,9,18,3,3,5,3,0,1,1,0,0,0,0,0,6.06117E+20,5.8693E+21,1.05799E+16,5.29628E+16
135765,3,4,54,32,2018,9,11,4,3,0,1,0,1,0,0,0,0,0,0,3.85501E+20,5.82014E+21,7.31249E+15,5.25194E+16
135766,3,4,61,2,2018,9,11,7,3,3,2,0,0,1,0,0,0,0,0,4.64488E+20,5.91144E+21,8.46651E+15,5.33509E+16
135767,3,2,41,1,2018,8,17,5,3,5,2,0,1,0,0,0,0,0,1,5.51469E+20,5.80095E+21,9.75575E+15,5.23564E+16
135768,3,4,4,0,2018,9,10,3,3,1,5,0,0,1,0,0,0,0,0,4.33482E+20,5.79219E+21,8.02504E+15,5.2276E+16
135769,3,2,41,1,2018,8,8,5,3,2,6,1,0,1,0,0,0,0,1,5.55088E+20,5.79885E+21,9.80854E+15,5.23372E+16
135770,3,4,59,27,2018,9,7,2,3,5,3,0,0,1,0,0,0,1,0,4.22427E+20,5.80997E+21,7.85894E+15,5.24344E+16
135771,3,3,55,22,2018,9,8,3,3,3,2,0,1,1,0,0,0,0,0,5.95609E+20,5.90115E+21,1.0433E+16,5.3251E+16
135772,3,3,55,18,2018,9,11,5,3,5,3,0,0,1,0,0,0,0,0,6.06256E+20,5.91164E+21,1.0596E+16,5.33433E+16
135773,3,4,57,13,2018,9,17,1,3,5,3,0,0,1,0,1,0,0,0,3.99946E+20,5.90009E+21,7.50072E+15,5.32406E+16
135774,3,2,41,1,2018,9,22,3,3,0,7,2,0,1,0,1,0,0,0,5.45434E+20,5.80746E+21,9.66802E+15,5.24155E+16
135775,3,1,59,19,2018,8,18,5,3,5,3,1,0,1,0,1,0,0,0,5.9251E+20,5.72358E+21,1.03373E+16,5.16556E+16
135776,3,3,53,26,2018,9,11,5,3,5,7,0,0,1,0,0,0,0,0,5.52681E+20,5.92439E+21,9.79357E+15,5.34659E+16
135777,3,1,59,16,2018,9,7,2,3,5,3,0,1,1,0,0,0,0,0,5.65851E+20,5.70719E+21,9.94894E+15,5.1512E+16
135778,3,2,41,1,2018,9,15,3,3,5,2,0,1,1,0,0,0,0,0,5.47245E+20,5.80151E+21,9.69381E+15,5.23618E+16
135779,3,2,51,47,2018,9,12,4,3,0,5,0,1,1,0,0,0,0,0,4.89887E+20,5.87028E+21,8.84938E+15,5.2982E+16
135780,3,1,59,26,2018,8,8,5,2,3,6,0,0,1,0,1,0,0,1,5.8571E+20,5.73188E+21,1.02411E+16,5.17313E+16
135781,3,1,55,13,2018,8,10,5,3,2,6,0,0,1,0,0,0,0,0,5.58464E+20,5.74138E+21,9.84823E+15,5.18202E+16
135782,3,4,54,19,2018,9,4,2,3,3,6,2,1,1,0,0,0,0,0,3.97797E+20,5.83699E+21,7.48843E+15,5.26732E+16
135783,3,2,41,1,2018,9,13,3,3,0,7,0,1,0,0,0,0,0,0,5.53464E+20,5.80286E+21,9.78534E+15,5.23734E+16
135784,3,2,41,11,2018,9,7,5,3,4,2,0,1,1,0,0,0,0,0,5.665E+20,5.8034E+21,9.97691E+15,5.23768E+16
135785,3,4,1,0,2018,9,18,1,2,6,4,0,0,1,1,0,0,0,0,4.74117E+20,5.87903E+21,8.61378E+15,5.30601E+16
135786,3,2,41,1,2018,9,19,4,3,5,2,0,1,1,0,0,0,0,0,5.50337E+20,5.80314E+21,9.73946E+15,5.23762E+16
135787,3,2,57,18,2018,8,18,5,3,6,4,0,0,1,1,0,0,0,1,5.25116E+20,5.79159E+21,9.3681E+15,5.22741E+16
135788,3,3,51,6,2018,9,14,4,3,0,1,0,0,0,0,1,0,0,0,5.74072E+20,5.83169E+21,1.00944E+16,5.26301E+16
135789,3,2,54,21,2018,8,14,5,3,1,5,0,1,1,0,0,0,0,0,5.65792E+20,5.77871E+21,9.9617E+15,5.2155E+16
135790,3,2,55,23,2018,8,18,5,3,5,7,0,1,1,0,0,0,0,1,5.30228E+20,5.74188E+21,9.43862E+15,5.1827E+16
135791,3,3,52,11,2018,9,18,2,3,5,3,0,1,1,0,0,0,0,0,4.78639E+20,5.96796E+21,8.67522E+15,5.38597E+16
135792,3,2,41,1,2018,9,7,3,3,5,3,0,1,1,0,0,0,0,0,5.51173E+20,5.80704E+21,9.75233E+15,5.24112E+16
135793,3,2,54,21,2018,9,8,5,3,0,7,0,1,1,0,0,0,0,0,5.64866E+20,5.77758E+21,9.94795E+15,5.21449E+16
135794,3,3,55,22,2018,9,21,1,3,5,2,2,0,1,0,0,0,0,0,5.94052E+20,5.90137E+21,1.04098E+16,5.32532E+16
135795,3,4,52,1,2018,8,22,4,3,0,7,2,1,1,0,0,0,0,0,4.01367E+20,5.92631E+21,7.51382E+15,5.34765E+16
135796,3,2,41,1,2018,9,19,4,3,5,2,0,1,1,0,0,0,0,0,5.49238E+20,5.8027E+21,9.72325E+15,5.23724E+16
135797,3,1,59,16,2018,8,10,5,3,0,1,0,1,0,0,0,0,0,1,5.64527E+20,5.71035E+21,9.93045E+15,5.15406E+16
135798,3,2,41,9,2018,9,6,3,3,5,3,0,1,0,0,0,0,0,0,5.56476E+20,5.79363E+21,9.82803E+15,5.22901E+16
135799,3,2,41,14,2018,9,18,3,3,3,6,0,1,1,0,0,0,0,0,5.45099E+20,5.79905E+21,9.66197E+15,5.23399E+16
135800,3,1,59,16,2018,8,9,5,2,5,3,0,1,1,0,0,0,0,1,5.65453E+20,5.71224E+21,9.94416E+15,5.15575E+16
135801,3,4,3,0,2018,9,16,5,3,5,3,0,0,1,0,0,0,1,1,4.43421E+20,5.88702E+21,8.15438E+15,5.31295E+16
135802,3,2,41,1,2018,9,10,2,3,0,7,0,1,0,0,0,0,0,0,5.45176E+20,5.80381E+21,9.66374E+15,5.23827E+16
135803,3,2,41,12,2018,9,14,3,2,5,3,0,1,0,0,0,0,1,0,5.30365E+20,5.81665E+21,9.44731E+15,5.24991E+16
135804,3,4,2,0,2018,9,22,4,1,5,3,2,0,1,0,1,0,0,0,3.83545E+20,5.91342E+21,7.25017E+15,5.33571E+16
135805,3,1,3,0,2018,8,16,5,3,6,7,0,1,0,1,0,0,0,0,6.21987E+20,5.80974E+21,1.0794E+16,5.24243E+16
135806,3,4,60,6,2018,9,7,5,3,5,3,0,1,1,0,0,0,0,0,4.48599E+20,5.83479E+21,8.24002E+15,5.26606E+16
135807,3,3,55,22,2018,9,13,2,3,3,2,0,1,1,0,0,0,0,0,5.95736E+20,5.90002E+21,1.04346E+16,5.32408E+16
135808,3,1,2,0,2018,9,12,5,3,5,3,0,1,1,0,0,0,0,0,5.94503E+20,5.76753E+21,1.03782E+16,5.20503E+16
135809,3,4,4,0,2018,9,20,7,3,5,3,1,0,1,0,0,0,0,0,4.36397E+20,5.79105E+21,8.06797E+15,5.22661E+16
135810,3,3,55,22,2018,9,11,7,3,0,1,0,1,0,0,0,0,0,0,5.94359E+20,5.90199E+21,1.04145E+16,5.32588E+16
135811,3,2,54,21,2018,9,7,4,3,6,4,0,0,1,1,0,0,0,0,5.646E+20,5.77996E+21,9.94452E+15,5.21664E+16
135812,3,1,3,0,2018,8,6,5,3,5,3,1,1,1,0,0,0,0,1,6.21149E+20,5.81013E+21,1.07818E+16,5.24279E+16
135813,3,2,57,9,2018,9,17,3,3,2,6,0,0,1,0,0,0,0,0,5.03401E+20,5.78939E+21,9.04982E+15,5.22549E+16
135814,3,1,57,6,2018,8,8,5,3,5,3,0,1,1,0,0,0,0,0,5.84102E+20,5.79803E+21,1.02341E+16,5.23261E+16
135815,3,4,1,0,2018,9,13,5,2,3,2,0,0,0,1,0,1,0,0,4.76077E+20,5.8782E+21,8.6431E+15,5.30527E+16
135816,3,1,59,16,2018,9,14,2,3,0,1,0,1,0,0,0,0,0,1,5.6348E+20,5.71039E+21,9.91536E+15,5.15411E+16
135817,3,3,56,7,2018,9,17,4,3,5,3,0,0,1,0,1,0,0,0,4.85393E+20,5.89655E+21,8.78123E+15,5.32181E+16
135818,3,1,2,0,2018,8,15,5,3,2,7,0,0,1,0,1,0,0,0,5.90831E+20,5.77918E+21,1.03277E+16,5.21557E+16
135819,3,1,53,18,2018,8,10,5,3,0,7,2,0,0,0,1,0,0,1,5.91826E+20,5.73982E+21,1.03317E+16,5.18016E+16
135820,3,4,5,0,2018,9,8,7,3,8,1,0,0,0,0,1,0,0,0,4.43093E+20,5.93736E+21,8.14042E+15,5.3582E+16
135821,3,1,59,16,2018,9,17,7,3,5,3,0,1,1,0,0,0,0,0,5.6525E+20,5.70918E+21,9.94066E+15,5.15299E+16
135822,3,4,59,8,2018,9,18,3,3,0,1,0,1,0,0,0,0,0,0,4.40337E+20,5.79504E+21,8.125E+15,5.23025E+16
135823,3,1,1,0,2018,8,18,5,2,0,7,0,1,0,0,0,0,0,0,6.02647E+20,5.79079E+21,1.05039E+16,5.22579E+16
135824,3,1,53,17,2018,9,19,3,2,5,3,0,0,1,0,1,0,0,0,5.99593E+20,5.75282E+21,1.04481E+16,5.19172E+16
135825,3,1,1,0,2018,8,17,5,3,5,3,0,1,1,0,0,0,0,1,6.05274E+20,5.79401E+21,1.05434E+16,5.22863E+16
135826,3,3,53,5,2018,9,14,5,3,4,2,0,0,1,0,0,0,0,0,5.57075E+20,5.91108E+21,9.85734E+15,5.33458E+16
135827,3,1,3,0,2018,9,9,2,3,5,3,0,1,1,0,0,0,0,0,6.2042E+20,5.80977E+21,1.0771E+16,5.24248E+16
135828,3,3,59,38,2018,9,18,4,2,6,4,0,1,0,1,0,0,0,0,5.30533E+20,5.93968E+21,9.46145E+15,5.36051E+16
135829,3,1,1,0,2018,8,17,5,3,0,1,0,1,0,0,0,0,0,0,6.05459E+20,5.79289E+21,1.05458E+16,5.22763E+16
135830,3,1,1,0,2018,8,16,5,3,5,3,0,1,1,0,0,0,0,1,6.04041E+20,5.79192E+21,1.05247E+16,5.22678E+16
135831,3,4,53,9,2018,9,17,2,2,8,1,0,0,1,0,1,0,0,0,4.23349E+20,5.84991E+21,7.86323E+15,5.27935E+16
135832,3,4,60,9,2018,9,15,3,3,0,1,0,1,0,0,0,0,0,0,4.51838E+20,5.84238E+21,8.2868E+15,5.27292E+16
135833,3,2,41,1,2018,9,20,5,3,5,2,1,1,1,0,0,0,0,1,5.50017E+20,5.8036E+21,9.73482E+15,5.23803E+16
135834,3,3,58,501,2018,9,15,1,2,8,1,0,0,0,0,1,0,0,0,5.47294E+20,5.85394E+21,9.70202E+15,5.28331E+16
135835,3,4,57,13,2018,9,7,2,3,5,3,0,1,1,0,0,0,0,0,3.97078E+20,5.90142E+21,7.45733E+15,5.32521E+16
135836,3,3,51,6,2018,9,5,5,3,5,3,1,1,1,0,0,0,0,0,5.72263E+20,5.83065E+21,1.00675E+16,5.26211E+16
135837,3,4,3,0,2018,9,16,1,3,5,3,0,1,1,0,0,0,0,0,4.4841E+20,5.88373E+21,8.22947E+15,5.31005E+16
135838,3,2,41,1,2018,9,18,4,3,5,2,0,1,0,0,0,0,0,0,5.54629E+20,5.80449E+21,9.80272E+15,5.2388E+16
135839,3,4,59,24,2018,8,6,4,3,5,3,0,1,1,0,0,0,0,0,4.54929E+20,5.78393E+21,8.34046E+15,5.22039E+16
135840,3,4,4,0,2018,8,13,4,3,3,6,0,0,1,0,0,0,1,0,4.34556E+20,5.79212E+21,8.0408E+15,5.22756E+16
135841,3,4,2,0,2018,9,17,5,2,5,3,0,1,1,0,0,0,0,0,3.81338E+20,5.91566E+21,7.21619E+15,5.33767E+16
135842,3,3,53,5,2018,9,14,2,3,2,6,0,1,0,0,1,0,0,0,5.57117E+20,5.91135E+21,9.85802E+15,5.33482E+16
135843,3,2,55,23,2018,9,10,5,2,0,4,0,0,1,1,0,0,0,0,5.31179E+20,5.74236E+21,9.45247E+15,5.18312E+16
135844,3,2,54,21,2018,9,14,1,3,6,7,0,1,0,1,0,0,0,0,5.65024E+20,5.77852E+21,9.95044E+15,5.21533E+16
135845,3,3,59,38,2018,9,15,7,3,5,3,0,1,1,0,0,0,0,0,5.31622E+20,5.9396E+21,9.4779E+15,5.36043E+16
135846,3,4,52,1,2018,8,8,4,3,8,1,0,0,1,0,0,0,0,0,4.04046E+20,5.93117E+21,7.55269E+15,5.35206E+16
135847,3,2,56,5,2018,9,6,4,3,5,3,0,0,1,0,1,0,0,0,5.15876E+20,5.83814E+21,9.2349E+15,5.2693E+16
135848,3,2,41,10,2018,9,7,3,3,5,3,0,1,0,0,0,0,0,0,5.50418E+20,5.81035E+21,9.74173E+15,5.24411E+16
135849,3,4,60,7,2018,9,11,4,3,5,3,0,0,1,0,0,0,0,1,4.37187E+20,5.81717E+21,8.07465E+15,5.25011E+16
135850,3,1,1,0,2018,9,14,2,3,5,3,0,1,1,0,0,0,0,0,6.04011E+20,5.79238E+21,1.05244E+16,5.2272E+16
135851,3,4,5,0,2018,9,15,2,3,5,3,0,0,1,0,0,0,0,0,4.40463E+20,5.9356E+21,8.10105E+15,5.35659E+16
135852,3,2,41,1,2018,9,13,6,3,6,7,0,1,0,1,0,0,0,0,5.48189E+20,5.80237E+21,9.7078E+15,5.23695E+16
135853,3,1,1,0,2018,9,11,2,3,5,3,0,1,1,0,0,0,0,0,6.03068E+20,5.79074E+21,1.05101E+16,5.22574E+16
135854,3,2,41,17,2018,9,11,5,2,6,4,0,0,1,1,0,0,0,1,5.37836E+20,5.78452E+21,9.55374E+15,5.22098E+16
135855,3,4,59,30,2018,9,22,1,3,7,1,2,0,1,0,0,0,0,0,4.2998E+20,5.83656E+21,7.9644E+15,5.26745E+16
135856,3,2,54,28,2018,9,16,3,3,5,3,0,0,0,0,1,0,1,0,5.5818E+20,5.78742E+21,9.85194E+15,5.22341E+16
135857,3,3,52,11,2018,9,9,4,3,5,3,0,0,1,0,0,0,0,1,4.77947E+20,5.9708E+21,8.66448E+15,5.38852E+16
135858,3,4,4,0,2018,9,12,1,3,1,5,0,1,1,0,0,0,0,0,4.3301E+20,5.79112E+21,8.01833E+15,5.22664E+16
135859,3,2,41,19,2018,9,15,2,3,5,3,0,1,1,0,0,0,0,0,5.49184E+20,5.82388E+21,9.72558E+15,5.25627E+16