OBJECTID_1,ULAND,UREGBEZ,UKREIS,UGEMEINDE,UJAHR,UMONAT,USTUNDE,UWOCHENTAG,UKATEGORIE,UART,UTYP1,ULICHTVERH,IstRad,IstPKW,IstFuss,IstKrad,IstGkfz,IstSonstig,STRZUSTAND,LINREFX,LINREFY,XGCSWGS84,YGCSWGS84
135860,3,1,51,9,2018,9,18,6,2,0,3,0,1,1,0,0,0,0,0,6.06704E+20,5.81572E+21,1.05713E+16,5.24811E+16
135861,3,4,2,0,2018,9,13,1,3,5,3,0,0,1,0,0,0,0,0,3.79926E+20,5.91414E+21,7.19556E+15,5.33628E+16
135862,3,2,52,6,2018,9,6,6,3,5,3,2,1,1,0,0,0,0,0,5.23936E+20,5.77052E+21,9.34932E+15,5.20848E+16
135863,3,4,54,35,2018,9,3,1,3,8,7,2,0,1,0,0,0,0,0,3.86436E+20,5.84169E+21,7.31885E+15,5.27132E+16
135864,3,2,41,1,2018,9,1,4,2,0,3,2,1,0,0,0,0,0,0,5.48187E+20,5.80289E+21,9.70784E+15,5.23742E+16
135865,3,1,51,9,2018,9,20,6,2,3,2,2,0,1,0,0,0,0,0,6.04363E+20,5.82002E+21,1.05381E+16,5.25203E+16
135866,3,1,59,16,2018,9,15,5,3,5,5,0,1,1,0,0,0,0,0,5.65278E+20,5.71105E+21,9.9414E+15,5.15468E+16
135867,3,4,54,32,2018,9,17,1,3,5,3,0,0,1,0,0,0,0,0,3.85499E+20,5.81823E+21,7.31311E+15,5.25021E+16
135868,3,1,59,16,2018,9,8,3,3,6,4,0,1,0,1,0,0,0,0,5.65309E+20,5.71149E+21,9.94193E+15,5.15507E+16
135869,3,3,55,22,2018,9,10,4,3,0,7,0,0,0,0,1,0,1,1,5.93681E+20,5.90381E+21,1.04049E+16,5.32752E+16
135870,3,4,5,0,2018,9,14,1,3,5,3,0,1,1,0,0,0,0,0,4.40867E+20,5.931E+21,8.10802E+15,5.35246E+16
135871,3,2,41,1,2018,9,18,2,3,2,2,0,1,0,0,0,0,0,0,5.50234E+20,5.8038E+21,9.73804E+15,5.23821E+16
135872,3,4,54,41,2018,9,21,5,3,5,3,2,1,1,0,0,0,0,0,3.94282E+20,5.88133E+21,7.42207E+15,5.3071E+16
135873,3,4,51,8,2018,9,13,1,3,6,1,0,0,0,1,1,0,0,0,4.37054E+20,5.89737E+21,8.05719E+15,5.32219E+16
135874,3,4,58,14,2018,9,17,3,2,2,6,0,1,1,0,0,0,0,0,4.6236E+20,5.86104E+21,8.44045E+15,5.28977E+16
135875,3,4,59,24,2018,9,7,4,3,6,4,0,0,1,1,0,0,0,0,4.54518E+20,5.78402E+21,8.33444E+15,5.22048E+16
135876,3,4,3,0,2018,9,10,1,3,1,5,0,1,1,0,0,0,0,0,4.4813E+20,5.88924E+21,8.2244E+15,5.315E+16
135877,3,1,1,0,2018,9,19,3,3,4,6,0,1,1,0,0,0,0,0,6.02272E+20,5.78626E+21,1.04971E+16,5.22173E+16
135878,3,4,60,9,2018,9,16,3,3,1,5,0,0,1,0,0,0,0,0,4.53436E+20,5.84347E+21,8.3103E+15,5.27391E+16
135879,3,1,1,0,2018,9,18,5,3,5,3,1,1,1,0,0,0,0,0,6.03424E+20,5.79113E+21,1.05154E+16,5.22608E+16
135880,3,3,52,11,2018,9,20,1,2,5,3,2,1,1,0,0,0,0,0,4.79718E+20,5.96912E+21,8.69154E+15,5.38702E+16
135881,3,1,53,17,2018,9,11,3,3,2,6,0,0,1,0,0,0,0,0,5.97934E+20,5.75472E+21,1.04245E+16,5.19345E+16
135882,3,2,56,32,2018,9,18,2,3,9,1,0,0,0,0,0,1,0,0,5.04118E+20,5.81777E+21,9.06068E+15,5.25101E+16
135883,3,4,54,10,2018,9,19,5,2,0,1,0,0,0,0,1,0,1,0,3.88079E+20,5.81015E+21,7.35382E+15,5.243E+16
135884,3,3,59,2,2018,9,3,1,2,9,1,2,0,0,0,0,0,1,0,5.27643E+20,5.9151E+21,9.4156E+15,5.33843E+16
135885,3,2,41,1,2018,9,17,3,3,6,7,0,0,0,1,0,0,1,0,5.50673E+20,5.80482E+21,9.74464E+15,5.23913E+16
135886,3,4,56,15,2018,9,15,4,2,3,2,0,1,1,0,0,0,0,0,3.7402E+20,5.81386E+21,7.14574E+15,5.24603E+16
135887,3,3,60,13,2018,9,23,1,2,9,7,2,0,1,0,0,0,0,0,6.12726E+20,5.8482E+21,1.0671E+16,5.27718E+16
135888,3,4,54,32,2018,9,15,2,3,2,6,0,0,1,0,0,0,0,0,3.85738E+20,5.81981E+21,7.31609E+15,5.25164E+16
135889,3,3,51,10,2018,9,12,1,3,5,2,0,1,1,0,0,0,0,0,5.79757E+20,5.86155E+21,1.01857E+16,5.28977E+16
135890,3,1,59,16,2018,9,10,2,3,2,6,0,1,0,0,0,0,0,0,5.63458E+20,5.71046E+21,9.91506E+15,5.15417E+16
135891,3,3,56,7,2018,9,16,5,3,4,2,0,0,1,0,0,0,0,0,4.86462E+20,5.8986E+21,8.79716E+15,5.32365E+16
135892,3,2,41,10,2018,9,14,1,3,5,2,0,1,0,0,0,0,0,0,5.50096E+20,5.81054E+21,9.73702E+15,5.24428E+16
135893,3,1,1,0,2018,9,8,6,3,6,4,0,0,1,1,0,0,0,0,6.04276E+20,5.791E+21,1.05278E+16,5.22595E+16
135894,3,2,41,1,2018,9,20,3,3,5,7,2,1,1,0,0,0,0,0,5.51897E+20,5.79986E+21,9.76186E+15,5.23466E+16
135895,3,4,5,0,2018,9,11,4,3,5,3,0,0,1,0,0,0,0,1,4.41169E+20,5.93126E+21,8.11251E+15,5.35269E+16
135896,3,1,55,13,2018,9,14,1,3,6,4,0,0,1,1,0,0,0,0,5.59852E+20,5.74142E+21,9.86837E+15,5.18204E+16
135897,3,2,51,7,2018,9,19,2,1,5,3,0,0,1,0,0,0,0,0,4.85439E+20,5.85545E+21,8.78379E+15,5.28486E+16
135898,3,2,41,1,2018,9,6,6,3,5,2,0,1,1,0,0,0,0,0,5.53151E+20,5.80755E+21,9.7815E+15,5.24156E+16
135899,3,2,56,22,2018,9,7,1,3,8,1,0,0,1,0,0,0,0,0,5.1288E+20,5.82907E+21,9.19022E+15,5.26115E+16
135900,3,2,41,1,2018,9,17,4,3,0,7,0,0,1,0,0,0,0,0,5.50348E+20,5.80164E+21,9.73939E+15,5.23628E+16
135901,3,1,1,0,2018,9,6,6,3,1,5,1,1,1,0,1,0,0,0,6.05447E+20,5.79189E+21,1.05453E+16,5.22672E+16
135902,3,2,54,42,2018,9,16,5,2,8,1,0,0,1,0,0,0,0,1,5.62709E+20,5.75174E+21,9.91169E+15,5.19129E+16
135903,3,2,54,21,2018,9,19,1,3,2,6,0,0,1,0,0,0,0,0,5.65244E+20,5.77811E+21,9.95357E+15,5.21496E+16
135904,3,2,52,6,2018,9,18,3,3,5,3,0,0,1,0,0,0,0,0,5.24885E+20,5.77244E+21,9.36331E+15,5.21019E+16
135905,3,3,52,11,2018,9,12,4,3,0,7,0,1,0,0,0,0,1,0,4.80458E+20,5.96875E+21,8.70282E+15,5.38668E+16
135906,3,1,59,29,2018,9,13,1,3,5,3,0,0,1,0,1,0,0,0,5.636E+20,5.70161E+21,9.91551E+15,5.14621E+16
135907,3,2,41,4,2018,9,8,4,3,5,3,0,1,1,0,0,0,0,0,5.5779E+20,5.81558E+21,9.85108E+15,5.24873E+16
135908,3,3,55,22,2018,9,10,5,3,2,6,0,1,1,0,0,0,0,0,5.93597E+20,5.90211E+21,1.04031E+16,5.326E+16
135909,3,4,59,31,2018,9,14,7,3,0,1,0,1,0,0,0,0,0,0,4.31776E+20,5.8153E+21,7.99534E+15,5.24836E+16
135910,3,2,57,35,2018,9,18,3,3,0,6,0,0,1,0,1,0,0,0,5.143E+20,5.79788E+21,9.20986E+15,5.2331E+16
135911,3,2,51,37,2018,9,14,4,3,7,7,0,0,0,0,0,1,0,0,4.86782E+20,5.87571E+21,8.8029E+15,5.30308E+16
135912,3,4,59,10,2018,9,16,7,3,2,6,0,0,1,0,0,0,0,0,4.28703E+20,5.82321E+21,7.9484E+15,5.25543E+16
135913,3,2,41,1,2018,9,16,2,3,4,6,0,1,0,0,0,0,1,0,5.4901E+20,5.80131E+21,9.7197E+15,5.23599E+16
135914,3,1,59,16,2018,9,13,6,3,2,2,0,0,1,0,0,0,0,0,5.64332E+20,5.71043E+21,9.92765E+15,5.15413E+16
135915,3,4,56,14,2018,9,12,7,2,5,3,0,0,1,0,1,0,0,0,3.61013E+20,5.81731E+21,6.95299E+15,5.24882E+16
135916,3,2,41,1,2018,9,18,4,2,5,2,2,1,1,0,0,0,0,1,5.50966E+20,5.80284E+21,9.74865E+15,5.23735E+16
135917,3,1,3,0,2018,9,14,5,3,0,7,0,0,1,0,1,0,0,1,6.20712E+20,5.81225E+21,1.07762E+16,5.24471E+16
135918,3,4,56,14,2018,9,0,7,2,6,4,2,0,1,1,0,0,0,0,3.61972E+20,5.81837E+21,6.96666E+15,5.24979E+16
135919,3,1,3,0,2018,9,22,3,3,4,2,2,1,1,0,0,0,0,0,6.1972E+20,5.80963E+21,1.07606E+16,5.24237E+16
135920,3,2,41,1,2018,9,13,2,3,7,1,0,0,1,0,0,0,0,0,5.45663E+20,5.8021E+21,9.67066E+15,5.23673E+16
135921,3,2,41,10,2018,9,9,2,3,0,7,0,1,0,0,0,0,1,0,5.4988E+20,5.8108E+21,9.73389E+15,5.24451E+16
135922,3,1,1,0,2018,9,13,6,3,5,7,0,0,1,0,0,0,0,0,6.05303E+20,5.7914E+21,1.0543E+16,5.22629E+16
135923,3,4,5,0,2018,9,18,7,2,4,2,1,0,1,0,1,0,0,0,4.41081E+20,5.93307E+21,8.11085E+15,5.35432E+16
135924,3,4,55,15,2018,9,15,3,3,3,2,0,1,1,0,0,0,0,0,4.3027E+20,5.93264E+21,7.94782E+15,5.3538E+16
135925,3,1,1,0,2018,9,17,5,3,0,1,0,1,0,0,0,0,0,1,6.0447E+20,5.79178E+21,1.05309E+16,5.22664E+16
135926,3,3,61,12,2018,9,22,7,3,5,3,2,0,1,0,0,0,0,0,5.16891E+20,5.86358E+21,9.25123E+15,5.29216E+16
135927,3,1,1,0,2018,9,14,3,3,2,6,0,0,1,0,0,0,0,0,6.02583E+20,5.79042E+21,1.05029E+16,5.22546E+16
135928,3,2,54,21,2018,9,19,2,3,0,1,0,1,0,0,0,0,0,0,5.65728E+20,5.78094E+21,9.96119E+15,5.2175E+16
135929,3,2,41,1,2018,9,20,4,3,6,2,2,0,1,1,0,0,0,1,5.5042E+20,5.80516E+21,9.74098E+15,5.23943E+16
135930,3,2,41,2,2018,9,14,4,3,6,7,0,1,0,1,0,0,0,0,5.31491E+20,5.79479E+21,9.46183E+15,5.23026E+16
135931,3,4,60,5,2018,9,16,5,3,5,3,0,1,1,0,0,0,0,0,4.40304E+20,5.82719E+21,8.11877E+15,5.25915E+16
135932,3,3,59,10,2018,9,11,7,3,5,2,0,0,1,0,1,0,0,0,5.44071E+20,5.92261E+21,9.66364E+15,5.34507E+16
135933,3,2,41,11,2018,9,10,3,3,5,2,0,1,1,0,0,0,0,0,5.65429E+20,5.80244E+21,9.96098E+15,5.23683E+16
135934,3,4,54,35,2018,9,12,4,3,5,3,0,0,1,0,0,0,1,1,3.84907E+20,5.84089E+21,7.29651E+15,5.27056E+16
135935,3,3,58,2,2018,9,2,7,3,0,1,2,1,0,0,0,0,0,0,5.65607E+20,5.88481E+21,9.98007E+15,5.31087E+16
135936,3,4,54,41,2018,9,14,5,3,5,3,0,0,1,0,0,0,0,0,3.8826E+20,5.87914E+21,7.33299E+15,5.305E+16
135937,3,3,57,39,2018,9,12,7,3,0,4,0,0,0,1,1,0,0,0,5.20773E+20,5.8915E+21,9.31077E+15,5.31725E+16
135938,3,3,54,6,2018,9,7,3,3,9,1,0,0,0,0,1,0,0,0,6.35476E+20,5.8886E+21,1.10249E+16,5.31296E+16
135939,3,4,4,0,2018,9,18,4,3,2,2,0,1,0,0,0,0,0,0,4.34558E+20,5.79184E+21,8.04088E+15,5.22731E+16
135940,3,3,55,4,2018,9,13,7,3,2,6,0,0,1,0,0,0,0,0,5.93015E+20,5.90488E+21,1.03952E+16,5.3285E+16
135941,3,4,4,0,2018,9,11,2,2,6,7,0,0,0,1,0,1,0,0,4.33293E+20,5.79137E+21,8.02244E+15,5.22687E+16
135942,3,1,2,0,2018,9,12,2,3,0,2,0,0,1,0,0,0,0,0,5.91211E+20,5.77896E+21,1.03332E+16,5.21536E+16
135943,3,2,41,1,2018,9,17,4,3,5,3,0,1,1,0,0,0,0,0,5.48219E+20,5.80212E+21,9.70819E+15,5.23672E+16
135944,3,4,3,0,2018,9,15,5,3,1,5,0,1,1,0,0,0,0,0,4.4792E+20,5.88894E+21,8.22131E+15,5.31473E+16
135945,3,3,51,6,2018,9,13,7,3,2,6,0,0,1,0,0,0,0,0,5.7282E+20,5.83041E+21,1.00756E+16,5.26188E+16
135946,3,4,59,33,2018,9,16,5,3,0,1,0,0,0,0,1,0,0,1,4.29737E+20,5.79994E+21,7.96854E+15,5.23452E+16
135947,3,2,41,1,2018,9,18,3,3,5,3,1,1,1,0,0,0,0,0,5.53136E+20,5.80625E+21,9.78106E+15,5.24039E+16
135948,3,4,5,0,2018,9,15,4,3,0,2,0,1,1,0,0,0,0,0,4.42254E+20,5.93186E+21,8.12877E+15,5.35325E+16
135949,3,2,41,1,2018,9,19,7,3,5,3,0,1,1,0,0,0,0,0,5.46298E+20,5.80754E+21,9.68074E+15,5.24161E+16
135950,3,3,52,60,2018,9,6,2,2,8,7,0,0,0,0,1,0,0,0,4.80986E+20,5.90631E+21,8.71466E+15,5.33057E+16
135951,3,2,41,10,2018,9,15,4,2,3,6,0,1,0,0,0,0,0,0,5.45086E+20,5.81069E+21,9.66335E+15,5.24445E+16
135952,3,2,55,23,2018,9,13,6,2,5,3,0,1,1,0,0,0,0,0,5.3314E+20,5.74277E+21,9.48096E+15,5.18347E+16
135953,3,2,41,1,2018,9,19,7,3,5,3,1,1,0,0,0,0,0,0,5.52224E+20,5.80178E+21,9.76696E+15,5.23638E+16
135954,3,4,53,8,2018,9,7,2,3,1,5,0,1,1,0,0,0,0,0,4.34768E+20,5.86731E+21,8.02906E+15,5.29514E+16
135955,3,2,41,1,2018,9,16,6,3,1,5,0,0,1,0,0,0,0,0,5.4567E+20,5.8022E+21,9.67077E+15,5.23682E+16
135956,3,2,41,5,2018,9,11,7,3,2,6,0,0,1,0,0,0,0,0,5.40145E+20,5.81014E+21,9.59058E+15,5.244E+16
135957,3,2,41,1,2018,9,13,4,3,6,4,0,0,1,1,0,0,0,0,5.50405E+20,5.80704E+21,9.74105E+15,5.24113E+16
135958,3,2,41,1,2018,9,17,5,3,0,1,0,1,0,0,0,0,0,0,5.48743E+20,5.80165E+21,9.71582E+15,5.2363E+16
135959,3,2,41,1,2018,9,10,7,3,0,7,0,1,0,0,0,0,0,0,5.52006E+20,5.79908E+21,9.76334E+15,5.23395E+16
135960,3,2,56,22,2018,9,7,3,3,6,7,0,0,1,1,0,0,0,0,5.14191E+20,5.83219E+21,9.20971E+15,5.26395E+16
135961,3,4,1,0,2018,9,20,4,2,5,2,1,1,1,0,0,0,0,1,4.76228E+20,5.87836E+21,8.64533E+15,5.30542E+16
135962,3,2,41,1,2018,9,12,7,3,6,4,0,0,1,1,0,0,0,0,5.49101E+20,5.79983E+21,9.72081E+15,5.23466E+16
135963,3,2,41,15,2018,9,16,2,3,4,2,0,1,1,0,0,0,0,0,5.40839E+20,5.80483E+21,9.60015E+15,5.23922E+16
135964,3,1,55,11,2018,9,14,4,3,5,3,0,1,1,0,0,0,0,0,5.69505E+20,5.72899E+21,1.00059E+16,5.17075E+16
135965,3,1,54,28,2018,9,13,6,3,0,4,0,0,1,1,0,0,0,0,6.36739E+20,5.78863E+21,1.10022E+16,5.22311E+16
135966,3,2,41,1,2018,9,13,7,2,5,3,0,1,0,0,0,0,1,0,5.44665E+20,5.80656E+21,9.6566E+15,5.24075E+16
135967,3,2,57,16,2018,9,12,4,3,9,7,0,0,1,0,0,0,0,0,5.23713E+20,5.80118E+21,9.34822E+15,5.23604E+16
135968,3,1,53,12,2018,9,9,5,3,0,7,0,0,0,0,1,0,0,1,5.80268E+20,5.74904E+21,1.01663E+16,5.18863E+16
135969,3,1,55,9,2018,9,18,7,3,1,5,1,1,1,0,0,0,0,0,5.60581E+20,5.72735E+21,9.8765E+15,5.16938E+16
135970,3,1,59,16,2018,9,15,5,3,6,2,0,0,1,1,0,0,0,0,5.6406E+20,5.70984E+21,9.92362E+15,5.1536E+16
135971,3,2,56,22,2018,9,23,7,3,9,1,2,0,1,0,0,0,0,0,5.14863E+20,5.83368E+21,9.21972E+15,5.26529E+16
135972,3,1,59,16,2018,9,18,3,3,5,3,0,0,1,0,0,1,0,0,5.61917E+20,5.7112E+21,9.89296E+15,5.15485E+16
135973,3,3,57,39,2018,9,10,4,3,8,1,0,1,0,0,0,0,0,1,5.24618E+20,5.88636E+21,9.3679E+15,5.31261E+16
135974,3,1,57,5,2018,9,18,7,3,5,3,0,0,1,0,0,0,0,0,5.89463E+20,5.78525E+21,1.03093E+16,5.22104E+16
135975,3,2,41,1,2018,9,19,2,3,5,3,0,1,1,0,0,0,0,0,5.58081E+20,5.80108E+21,9.85285E+15,5.23569E+16
135976,3,2,56,22,2018,9,14,4,3,5,2,0,1,1,0,0,0,0,0,5.15067E+20,5.83382E+21,9.22274E+15,5.26541E+16
135977,3,4,54,5,2018,9,19,5,3,5,3,0,1,1,0,0,0,0,0,4.01717E+20,5.86411E+21,7.53824E+15,5.29176E+16
135978,3,1,2,0,2018,9,17,7,2,6,4,0,0,1,1,0,0,0,0,5.94153E+20,5.77889E+21,1.03762E+16,5.21525E+16
135979,3,2,51,47,2018,9,6,3,3,5,3,1,1,1,0,0,0,0,0,4.90697E+20,5.87091E+21,8.86141E+15,5.29877E+16
135980,3,1,1,0,2018,9,8,5,3,5,3,0,1,1,0,0,0,0,1,6.0518E+20,5.79109E+21,1.05411E+16,5.22601E+16
135981,3,1,51,6,2018,9,8,7,3,8,1,0,0,1,0,0,0,0,0,6.13442E+20,5.80434E+21,1.06666E+16,5.23775E+16
135982,3,1,1,0,2018,9,14,3,2,5,3,0,1,1,0,0,0,0,0,6.04538E+20,5.78605E+21,1.05301E+16,5.22149E+16
135983,3,1,59,16,2018,9,16,2,2,7,1,0,1,0,0,0,0,0,0,5.63773E+20,5.70817E+21,9.91919E+15,5.1521E+16
135984,3,1,53,2,2018,9,21,3,3,9,1,2,0,1,0,0,0,0,0,6.07316E+20,5.7484E+21,1.0559E+16,5.1876E+16
135985,3,1,59,3,2018,9,15,2,3,0,7,0,0,1,1,0,0,0,0,6.01161E+20,5.72056E+21,1.04615E+16,5.1627E+16
135986,3,1,59,16,2018,9,7,4,3,5,3,0,1,1,0,0,0,0,0,5.65942E+20,5.70888E+21,9.95058E+15,5.15272E+16
135987,3,4,54,32,2018,9,6,5,2,2,5,0,0,1,0,0,0,1,0,3.88129E+20,5.82352E+21,7.35006E+15,5.25503E+16
135988,3,1,1,0,2018,9,9,7,3,5,3,0,0,1,0,0,0,0,0,6.06655E+20,5.7937E+21,1.05635E+16,5.22833E+16
135989,3,2,41,1,2018,9,11,3,3,4,2,0,1,1,0,0,0,0,0,5.5133E+20,5.8006E+21,9.75365E+15,5.23533E+16
135990,3,4,56,15,2018,9,9,4,3,5,3,0,1,1,0,0,0,0,1,3.68803E+20,5.81108E+21,7.0701E+15,5.24342E+16
135991,3,4,59,3,2018,9,17,6,3,0,7,0,0,0,0,1,0,0,0,4.55908E+20,5.79812E+21,8.35294E+15,5.23316E+16
135992,3,4,56,15,2018,9,6,2,2,5,3,2,0,1,0,1,0,0,0,3.67598E+20,5.8123E+21,7.0519E+15,5.24448E+16
135993,3,4,57,13,2018,9,12,6,3,0,3,0,1,1,0,0,0,0,0,3.96108E+20,5.89855E+21,7.44373E+15,5.32261E+16
135994,3,1,59,16,2018,9,14,4,3,7,1,0,1,0,0,0,0,0,0,5.65338E+20,5.7096E+21,9.942E+15,5.15337E+16
135995,3,4,1,0,2018,9,17,5,3,5,3,0,1,0,0,0,0,0,0,4.76172E+20,5.87859E+21,8.64448E+15,5.30563E+16
135996,3,4,57,13,2018,9,7,6,3,5,3,0,1,1,0,0,0,0,0,3.97094E+20,5.89938E+21,7.45823E+15,5.32337E+16
135997,3,1,55,9,2018,9,11,3,3,5,3,0,0,1,0,0,0,1,0,5.59868E+20,5.72743E+21,9.8662E+15,5.16946E+16
135998,3,1,57,6,2018,9,13,4,3,2,6,0,0,1,0,0,0,0,0,5.81446E+20,5.79883E+21,1.01953E+16,5.23337E+16
135999,3,4,5,0,2018,9,11,5,3,5,3,0,1,1,0,0,0,0,0,4.4155E+20,5.93157E+21,8.1182E+15,5.35298E+16
136000,3,4,54,44,2018,9,13,6,3,5,3,0,0,1,0,1,0,0,1,3.85605E+20,5.88093E+21,7.29275E+15,5.30656E+16
136001,3,2,41,3,2018,9,13,3,3,6,2,0,0,0,1,0,0,1,0,5.68691E+20,5.81155E+21,1.00108E+16,5.24498E+16
136002,3,4,53,4,2018,9,10,4,3,5,3,0,1,1,0,0,0,0,1,4.36131E+20,5.85527E+21,8.05171E+15,5.28434E+16
136003,3,4,54,41,2018,9,9,6,3,2,2,0,0,1,0,1,0,0,0,3.94648E+20,5.88102E+21,7.42763E+15,5.30683E+16
136004,3,4,3,0,2018,9,15,2,3,5,3,0,1,1,0,0,0,0,0,4.4552E+20,5.89134E+21,8.18502E+15,5.31686E+16
136005,3,1,57,6,2018,9,14,4,3,5,3,0,0,1,0,0,0,0,0,5.84149E+20,5.79832E+21,1.02349E+16,5.23287E+16
136006,3,2,41,1,2018,9,10,6,3,2,2,0,0,1,0,0,0,0,0,5.48612E+20,5.79935E+21,9.71356E+15,5.23423E+16
136007,3,4,56,15,2018,9,17,6,2,6,4,0,0,0,1,0,0,1,0,3.68824E+20,5.81137E+21,7.07029E+15,5.24368E+16
136008,3,1,57,6,2018,9,14,4,3,5,3,0,0,1,0,0,1,0,0,5.86979E+20,5.79686E+21,1.0276E+16,5.23152E+16
136009,3,2,41,1,2018,9,13,4,3,5,3,0,1,1,0,0,0,0,0,5.49581E+20,5.80201E+21,9.72818E+15,5.23661E+16
136010,3,1,55,9,2018,9,7,5,3,5,2,0,0,1,0,1,0,0,1,5.5986E+20,5.72739E+21,9.86608E+15,5.16943E+16
136011,3,4,54,35,2018,9,15,6,3,6,6,0,0,1,1,0,0,0,0,3.84153E+20,5.8382E+21,7.28631E+15,5.26813E+16
136012,3,2,54,21,2018,9,15,3,3,3,7,0,1,1,0,0,0,0,0,5.64885E+20,5.77812E+21,9.94833E+15,5.21497E+16
136013,3,3,52,11,2018,9,12,4,2,6,2,0,1,0,1,0,0,0,0,4.80505E+20,5.96883E+21,8.70353E+15,5.38676E+16
136014,3,4,54,35,2018,9,18,6,3,5,2,0,1,1,0,0,0,0,0,3.85229E+20,5.83984E+21,7.30164E+15,5.26963E+16
136015,3,2,41,10,2018,9,9,2,3,5,3,0,0,1,0,0,0,0,0,5.51235E+20,5.81073E+21,9.75381E+15,5.24443E+16
136016,3,1,1,0,2018,9,13,4,3,2,6,0,0,1,0,0,0,0,0,6.04376E+20,5.78831E+21,1.05285E+16,5.22353E+16
136017,3,4,3,0,2018,9,17,4,2,5,5,0,0,1,0,0,0,0,0,4.47252E+20,5.89156E+21,8.21088E+15,5.31708E+16
136018,3,4,54,10,2018,9,20,6,2,0,7,1,1,0,0,0,0,0,0,3.83625E+20,5.80643E+21,7.28963E+15,5.23957E+16
136019,3,3,53,40,2018,9,13,2,3,1,5,0,1,1,0,0,0,0,0,5.81005E+20,5.91176E+21,1.02169E+16,5.33487E+16
136020,3,1,1,0,2018,9,13,4,3,4,2,0,1,1,0,0,0,0,0,6.04888E+20,5.79367E+21,1.05376E+16,5.22834E+16
136021,3,1,59,10,2018,9,8,6,3,4,6,0,0,1,0,1,0,0,0,5.875E+20,5.70749E+21,1.02609E+16,5.15118E+16
136022,3,4,53,13,2018,9,15,6,3,5,3,0,1,1,0,0,0,0,0,4.13275E+20,5.88069E+21,7.70564E+15,5.30687E+16
136023,3,1,1,0,2018,9,8,4,3,4,6,0,0,1,0,0,0,1,0,6.03178E+20,5.79211E+21,1.05121E+16,5.22697E+16
136024,3,1,54,13,2018,9,17,5,3,2,6,0,0,1,0,0,0,0,1,6.23287E+20,5.79084E+21,1.08062E+16,5.22541E+16
136025,3,4,60,9,2018,9,14,6,3,5,3,0,1,1,0,0,0,0,0,4.51369E+20,5.84307E+21,8.27975E+15,5.27353E+16
136026,3,1,54,13,2018,9,9,3,2,6,6,0,0,1,1,0,0,0,0,6.24024E+20,5.79033E+21,1.08168E+16,5.22494E+16
136027,3,2,41,1,2018,9,8,4,3,3,6,0,0,1,0,0,0,0,0,5.52834E+20,5.80174E+21,9.77592E+15,5.23634E+16
136028,3,2,41,1,2018,9,17,2,3,5,3,0,0,1,0,1,0,0,0,5.55792E+20,5.80586E+21,9.82003E+15,5.24001E+16
136029,3,1,1,0,2018,9,16,4,2,6,4,0,0,1,1,0,0,0,0,6.0309E+20,5.79814E+21,1.05126E+16,5.23239E+16
136030,3,4,54,41,2018,9,12,5,2,5,3,0,1,1,0,0,0,0,0,3.91993E+20,5.88339E+21,7.38722E+15,5.30891E+16
136031,3,4,53,4,2018,9,12,6,3,0,1,0,1,0,0,0,0,0,1,4.35737E+20,5.85517E+21,8.04588E+15,5.28425E+16
136032,3,4,59,24,2018,9,7,3,3,5,3,0,0,1,0,1,0,0,0,4.53302E+20,5.7837E+21,8.3167E+15,5.22018E+16
136033,3,3,60,25,2018,9,17,3,3,5,3,0,1,1,0,0,0,0,0,6.04044E+20,5.86982E+21,1.05492E+16,5.29679E+16
136034,3,1,1,0,2018,9,22,6,2,5,3,2,0,1,0,0,0,0,0,6.04163E+20,5.79198E+21,1.05265E+16,5.22683E+16
136035,3,4,53,12,2018,9,19,6,2,5,3,2,0,1,0,0,0,0,1,4.27259E+20,5.8592E+21,7.91913E+15,5.28776E+16
136036,3,4,59,30,2018,9,16,3,3,5,3,0,1,1,0,0,0,0,0,4.29473E+20,5.83792E+21,7.95661E+15,5.26866E+16
136037,3,4,53,6,2018,9,12,3,3,5,3,0,0,1,0,1,0,0,0,4.2829E+20,5.84116E+21,7.93841E+15,5.27156E+16
136038,3,1,1,0,2018,9,19,5,3,2,6,1,0,1,0,0,0,0,1,6.03337E+20,5.79132E+21,1.05142E+16,5.22626E+16
136039,3,4,55,25,2018,9,6,6,3,5,3,0,1,0,0,0,0,0,0,4.34549E+20,5.91652E+21,8.01574E+15,5.33937E+16
136040,3,1,51,9,2018,9,15,3,3,0,7,0,1,0,0,0,0,0,0,6.04054E+20,5.81458E+21,1.05319E+16,5.24715E+16
136041,3,2,54,2,2018,9,11,2,3,0,1,0,0,0,0,1,0,0,0,5.57576E+20,5.75823E+21,9.83816E+15,5.19718E+16
136042,3,4,4,0,2018,9,13,3,3,2,6,0,0,1,0,0,0,0,0,4.35658E+20,5.79544E+21,8.05631E+15,5.23055E+16
136043,3,4,52,1,2018,9,8,5,3,5,3,0,1,1,0,0,0,0,0,3.99091E+20,5.92646E+21,7.47949E+15,5.34774E+16
136044,3,4,5,0,2018,9,14,6,3,0,1,0,0,0,0,1,0,0,1,4.38099E+20,5.93178E+21,8.06611E+15,5.35313E+16
136045,3,2,41,1,2018,9,13,3,3,5,3,0,1,1,0,0,0,0,0,5.4997E+20,5.8037E+21,9.73415E+15,5.23813E+16
136046,3,4,54,18,2018,9,19,4,3,5,3,0,1,1,0,0,0,0,0,3.82831E+20,5.85029E+21,7.26245E+15,5.27897E+16
136047,3,4,5,0,2018,9,12,6,3,3,6,0,1,1,0,0,0,0,1,4.40193E+20,5.93081E+21,8.09788E+15,5.35228E+16