OBJECTID_1,ULAND,UREGBEZ,UKREIS,UGEMEINDE,UJAHR,UMONAT,USTUNDE,UWOCHENTAG,UKATEGORIE,UART,UTYP1,ULICHTVERH,IstRad,IstPKW,IstFuss,IstKrad,IstGkfz,IstSonstig,STRZUSTAND,LINREFX,LINREFY,XGCSWGS84,YGCSWGS84
136236,3,1,59,7,2018,9,15,2,3,0,7,0,1,0,0,0,0,0,0,5.64408E+20,5.71386E+21,9.92937E+15,5.15721E+16
136237,3,1,59,29,2018,9,18,6,2,4,1,0,0,1,0,0,0,0,1,5.63222E+20,5.70545E+21,9.91075E+15,5.14967E+16
136238,3,1,59,16,2018,9,10,2,3,2,6,0,0,1,0,1,0,0,0,5.64042E+20,5.70816E+21,9.92306E+15,5.15209E+16
136239,3,2,41,1,2018,9,14,6,3,5,3,0,1,1,0,0,0,0,1,5.50054E+20,5.80406E+21,9.73544E+15,5.23845E+16
136240,3,1,53,7,2018,9,7,2,3,5,3,0,0,1,0,0,0,0,0,5.92534E+20,5.75455E+21,1.03459E+16,5.1934E+16
136241,3,1,1,0,2018,9,13,2,3,5,2,0,1,1,0,0,0,0,0,6.0506E+20,5.79511E+21,1.05406E+16,5.22962E+16
136242,3,2,41,1,2018,9,17,5,3,0,3,0,0,1,0,0,0,0,0,5.5452E+20,5.80616E+21,9.80138E+15,5.2403E+16
136243,3,1,1,0,2018,9,18,2,3,2,6,0,0,1,0,0,0,0,0,6.04738E+20,5.7907E+21,1.05345E+16,5.22567E+16
136244,3,4,57,24,2018,9,10,3,3,9,1,0,0,1,0,0,0,0,0,3.85192E+20,5.89184E+21,7.2827E+15,5.31636E+16
136245,3,3,53,31,2018,9,18,4,2,5,3,1,0,1,0,0,0,1,0,5.69234E+20,5.91686E+21,1.00412E+16,5.33963E+16
136246,3,1,1,0,2018,9,16,2,3,5,3,0,1,1,0,0,0,0,0,6.02171E+20,5.79122E+21,1.04971E+16,5.22619E+16
136247,3,1,1,0,2018,9,10,2,3,5,3,0,1,1,0,0,0,0,0,6.04659E+20,5.78754E+21,1.05324E+16,5.22283E+16
136248,3,1,1,0,2018,9,7,2,3,3,6,0,0,1,0,1,0,0,0,6.04014E+20,5.79191E+21,1.05243E+16,5.22677E+16
136249,3,4,2,0,2018,9,16,5,3,2,6,0,0,1,0,0,0,1,0,3.83114E+20,5.92123E+21,7.24081E+15,5.34272E+16
136250,3,4,59,20,2018,9,13,1,3,0,7,0,0,0,0,1,0,0,0,4.29027E+20,5.78541E+21,7.96118E+15,5.22146E+16
136251,3,4,59,6,2018,9,18,4,3,0,2,0,0,1,0,1,0,0,0,4.42737E+20,5.77293E+21,8.16394E+15,5.2104E+16
136252,3,4,4,0,2018,9,10,1,2,1,7,0,0,1,0,0,0,0,0,4.33317E+20,5.7924E+21,8.02259E+15,5.22779E+16
136253,3,4,4,0,2018,9,11,1,3,4,6,0,1,1,0,0,0,0,0,4.36323E+20,5.79033E+21,8.06703E+15,5.22596E+16
136254,3,2,54,26,2018,9,16,5,3,2,6,0,0,1,0,0,0,0,0,5.53258E+20,5.78007E+21,9.77872E+15,5.21686E+16
136255,3,4,57,14,2018,9,13,1,3,0,3,0,0,1,0,0,1,0,0,3.952E+20,5.9077E+21,7.42712E+15,5.33081E+16
136256,3,4,56,2,2018,9,10,3,1,6,2,0,0,0,1,0,1,0,0,3.55981E+20,5.83204E+21,6.87254E+15,5.26192E+16
136257,3,3,58,16,2018,9,8,4,3,2,6,1,1,0,0,0,0,0,0,5.73153E+20,5.8724E+21,1.009E+16,5.29962E+16
136258,3,4,55,14,2018,9,12,1,3,1,5,0,1,1,0,0,0,0,0,4.32513E+20,5.92602E+21,7.98309E+15,5.34788E+16
136259,3,4,51,7,2018,9,13,1,1,9,1,0,0,1,0,0,0,0,0,4.24978E+20,5.89538E+21,7.87683E+15,5.32024E+16
136260,3,4,51,1,2018,9,9,1,3,5,2,0,0,1,0,1,0,0,0,4.18308E+20,5.89743E+21,7.77647E+15,5.32199E+16
136261,3,4,53,6,2018,9,16,5,2,5,2,0,0,1,0,1,0,0,0,4.29758E+20,5.84119E+21,7.96013E+15,5.2716E+16
136262,3,4,3,0,2018,9,17,1,3,3,5,0,1,1,0,0,0,0,0,4.45767E+20,5.88808E+21,8.18926E+15,5.31394E+16
136263,3,4,54,41,2018,9,13,4,3,5,3,0,1,1,0,0,0,0,0,3.92836E+20,5.88202E+21,7.40026E+15,5.30769E+16
136264,3,4,3,0,2018,9,4,1,3,3,6,2,1,1,0,0,0,0,0,4.45396E+20,5.88767E+21,8.18378E+15,5.31356E+16
136265,3,4,56,15,2018,9,18,3,3,4,6,0,1,0,0,0,0,0,0,3.679E+20,5.80999E+21,7.05725E+15,5.24241E+16
136266,3,1,59,2,2018,9,16,4,3,0,5,0,1,1,0,0,0,0,0,5.83046E+20,5.73615E+21,1.02036E+16,5.17701E+16
136267,3,3,53,20,2018,9,7,1,3,8,1,0,0,1,0,0,0,0,0,5.63449E+20,5.90721E+21,9.95229E+15,5.33103E+16
136268,3,3,60,25,2018,9,15,1,3,5,3,0,1,1,0,0,0,0,0,6.02856E+20,5.86954E+21,1.05315E+16,5.29656E+16
136269,3,4,56,15,2018,9,16,3,2,5,3,0,1,1,0,0,0,0,0,3.68504E+20,5.80716E+21,7.06724E+15,5.23989E+16
136270,3,2,41,1,2018,9,12,4,3,5,2,0,1,0,0,0,1,0,0,5.47933E+20,5.80631E+21,9.7046E+15,5.24049E+16
136271,3,3,55,22,2018,9,16,1,3,2,2,0,0,1,0,0,0,0,0,5.94439E+20,5.90115E+21,1.04155E+16,5.32512E+16
136272,3,3,55,22,2018,9,3,1,2,7,1,2,1,0,0,0,0,0,0,5.95359E+20,5.89971E+21,1.04288E+16,5.32381E+16
136273,3,2,41,1,2018,9,16,1,3,4,2,0,1,1,0,0,0,0,0,5.48383E+20,5.80426E+21,9.71091E+15,5.23865E+16
136274,3,4,51,2,2018,9,17,5,3,5,3,0,0,1,0,0,0,0,0,4.39835E+20,5.88952E+21,8.10033E+15,5.31516E+16
136275,3,2,41,1,2018,9,1,1,3,0,1,2,1,0,0,0,0,0,0,5.50284E+20,5.80294E+21,9.73865E+15,5.23744E+16
136276,3,4,54,35,2018,9,11,3,3,5,2,0,1,0,0,0,0,0,0,3.84544E+20,5.83953E+21,7.29162E+15,5.26934E+16
136277,3,4,53,11,2018,9,7,4,3,5,3,0,1,1,0,0,0,0,0,4.1647E+20,5.8436E+21,7.76285E+15,5.27358E+16
136278,3,2,41,19,2018,9,15,1,3,0,1,0,1,1,0,0,0,0,0,5.50056E+20,5.82219E+21,9.73819E+15,5.25475E+16
136279,3,4,54,49,2018,9,7,3,3,5,7,0,1,1,0,0,0,0,0,3.96118E+20,5.80324E+21,7.47416E+15,5.23696E+16
136280,3,1,3,0,2018,9,15,4,3,2,6,0,0,1,0,0,0,0,0,6.25213E+20,5.81009E+21,1.08416E+16,5.24266E+16
136281,3,2,41,10,2018,9,13,1,3,6,4,0,1,0,1,0,0,0,0,5.44642E+20,5.8109E+21,9.65683E+15,5.24464E+16
136282,3,3,57,39,2018,9,11,6,3,5,2,0,0,1,0,0,1,0,0,5.28312E+20,5.88577E+21,9.42306E+15,5.31206E+16
136283,3,2,41,10,2018,9,13,1,3,5,3,0,1,1,0,0,0,0,0,5.50106E+20,5.80888E+21,9.73692E+15,5.24279E+16
136284,3,2,41,3,2018,9,14,1,3,0,7,0,1,0,0,0,0,0,0,5.68527E+20,5.81105E+21,1.00082E+16,5.24453E+16
136285,3,2,41,15,2018,9,19,5,3,1,5,0,1,1,0,0,0,0,0,5.37936E+20,5.80564E+21,9.55758E+15,5.23997E+16
136286,3,2,41,1,2018,9,17,1,3,0,1,0,1,0,0,0,0,0,0,5.48712E+20,5.80151E+21,9.71535E+15,5.23617E+16
136287,3,4,62,19,2018,9,14,3,3,4,2,0,1,1,0,0,0,0,0,4.21276E+20,5.95133E+21,7.80741E+15,5.37047E+16
136288,3,2,41,1,2018,9,12,1,3,5,3,0,1,1,0,0,0,0,0,5.45603E+20,5.80245E+21,9.66982E+15,5.23704E+16
136289,3,4,1,0,2018,9,10,5,3,0,1,0,0,1,0,0,0,0,0,4.75124E+20,5.87478E+21,8.62914E+15,5.3022E+16
136290,3,2,41,1,2018,9,8,1,2,5,3,0,1,0,0,0,0,0,0,5.48996E+20,5.80156E+21,9.71952E+15,5.23621E+16
136291,3,4,52,1,2018,9,12,3,3,5,3,0,1,1,0,0,0,0,0,3.97456E+20,5.92459E+21,7.45548E+15,5.34603E+16
136292,3,3,61,1,2018,9,20,4,3,6,4,2,0,1,1,0,0,0,0,5.02614E+20,5.87351E+21,9.03896E+15,5.30111E+16
136293,3,1,55,11,2018,9,11,1,3,0,2,0,0,1,0,1,0,0,0,5.68613E+20,5.7287E+21,9.99295E+15,5.1705E+16
136294,3,4,60,2,2018,9,10,3,2,6,4,0,0,0,1,0,0,1,0,4.44564E+20,5.81815E+21,8.18316E+15,5.25107E+16
136295,3,2,56,14,2018,9,11,1,2,6,4,0,0,1,1,0,0,0,0,5.09183E+20,5.85071E+21,9.13622E+15,5.28061E+16
136296,3,2,41,15,2018,9,13,6,3,0,7,0,1,0,0,0,0,0,1,5.40796E+20,5.80549E+21,9.59959E+15,5.23981E+16
136297,3,1,59,16,2018,9,17,1,3,5,7,0,1,1,0,0,0,0,0,5.64305E+20,5.70864E+21,9.92693E+15,5.15252E+16
136298,3,2,54,21,2018,9,14,4,3,0,3,0,1,1,0,0,0,0,0,5.65469E+20,5.77969E+21,9.95716E+15,5.21638E+16
136299,3,2,57,25,2018,9,11,5,3,5,3,0,1,1,0,0,0,0,0,5.10549E+20,5.79934E+21,9.15486E+15,5.23442E+16
136300,3,4,2,0,2018,9,11,7,3,5,2,0,1,1,0,0,0,0,0,3.80507E+20,5.91388E+21,7.20438E+15,5.33605E+16
136301,3,4,60,4,2018,9,22,3,3,8,1,2,1,1,0,0,0,0,0,4.6158E+20,5.84858E+21,8.43032E+15,5.27856E+16
136302,3,3,59,38,2018,9,17,4,3,6,4,0,0,0,1,0,0,1,0,5.31014E+20,5.93806E+21,9.46855E+15,5.35904E+16
136303,3,4,54,39,2018,9,11,7,2,2,6,0,1,1,0,0,0,0,0,3.8104E+20,5.85898E+21,7.23273E+15,5.28674E+16
136304,3,4,60,9,2018,9,17,3,3,5,2,0,1,1,0,0,0,0,0,4.51937E+20,5.8434E+21,8.28811E+15,5.27383E+16
136305,3,4,54,10,2018,9,14,7,3,0,7,0,1,0,0,0,0,1,0,3.84827E+20,5.80559E+21,7.30758E+15,5.23885E+16
136306,3,4,3,0,2018,9,12,4,3,6,4,0,0,1,1,0,0,0,0,4.46217E+20,5.89015E+21,8.19564E+15,5.3158E+16
136307,3,2,51,12,2018,9,21,7,3,5,3,2,0,1,0,0,0,0,0,4.5686E+20,5.82883E+21,8.36293E+15,5.26078E+16
136308,3,4,53,4,2018,9,7,3,3,8,1,0,0,0,0,1,0,0,0,4.36424E+20,5.86349E+21,8.05446E+15,5.29173E+16
136309,3,4,58,9,2018,9,17,7,3,5,3,0,1,1,0,0,0,0,0,4.49918E+20,5.87975E+21,8.25261E+15,5.30649E+16
136310,3,3,53,5,2018,9,19,7,3,2,7,0,0,1,0,0,0,0,0,5.58696E+20,5.90945E+21,9.88138E+15,5.3331E+16
136311,3,1,51,9,2018,9,11,6,3,5,1,0,0,1,0,0,0,0,0,6.03775E+20,5.81377E+21,1.05275E+16,5.24642E+16
136312,3,3,59,10,2018,9,16,7,3,2,6,0,0,1,0,0,0,0,0,5.50167E+20,5.92251E+21,9.7554E+15,5.34492E+16
136313,3,2,52,6,2018,9,7,5,2,6,2,0,0,1,1,0,0,0,0,5.25562E+20,5.77305E+21,9.37325E+15,5.21074E+16
136314,3,3,59,38,2018,9,16,7,3,5,3,0,1,1,0,0,0,0,0,5.32215E+20,5.93793E+21,9.48668E+15,5.35892E+16
136315,3,4,55,15,2018,9,16,3,3,0,2,0,0,0,0,1,0,0,0,4.3027E+20,5.93223E+21,7.94792E+15,5.35343E+16
136316,3,3,57,39,2018,9,7,4,3,5,2,0,1,1,0,0,0,0,0,5.26727E+20,5.88438E+21,9.39926E+15,5.31081E+16
136317,3,2,41,1,2018,9,13,7,3,5,3,0,0,1,0,0,0,0,0,5.57603E+20,5.80488E+21,9.84648E+15,5.23911E+16
136318,3,2,54,3,2018,9,15,7,2,6,7,0,0,0,1,0,0,1,0,5.6614E+20,5.78971E+21,9.96893E+15,5.22538E+16
136319,3,2,54,2,2018,9,11,7,3,1,5,0,1,1,0,0,0,0,0,5.56778E+20,5.75771E+21,9.82647E+15,5.19672E+16
136320,3,3,56,5,2018,9,8,5,3,2,6,0,0,1,0,0,0,0,0,4.86868E+20,5.8931E+21,8.80347E+15,5.31871E+16
136321,3,2,54,21,2018,9,22,7,3,5,3,2,0,1,0,0,0,0,0,5.64304E+20,5.78004E+21,9.94021E+15,5.21671E+16
136322,3,4,54,54,2018,9,18,4,2,5,3,0,0,1,0,1,0,0,0,3.68792E+20,5.83413E+21,7.06083E+15,5.26413E+16
136323,3,2,52,5,2018,9,20,7,3,3,6,2,1,1,0,0,0,0,0,5.25783E+20,5.76624E+21,9.37596E+15,5.20462E+16
136324,3,4,54,41,2018,9,8,5,3,5,3,0,1,1,0,0,0,0,0,3.94042E+20,5.88103E+21,7.41859E+15,5.30682E+16
136325,3,1,59,10,2018,9,10,7,2,6,2,0,0,1,1,0,0,0,0,5.87155E+20,5.70711E+21,1.02559E+16,5.15084E+16
136326,3,4,59,33,2018,9,21,4,3,5,3,2,0,1,0,1,0,0,0,4.32416E+20,5.79996E+21,8.00787E+15,5.23457E+16
136327,3,1,59,15,2018,9,10,7,3,0,7,0,1,0,0,0,0,1,0,5.67902E+20,5.70453E+21,9.97798E+15,5.14878E+16
136328,3,4,5,0,2018,9,15,3,3,1,5,0,1,1,0,0,0,0,0,4.40124E+20,5.93045E+21,8.09691E+15,5.35196E+16
136329,3,2,41,10,2018,9,7,4,3,6,4,0,0,1,1,0,0,0,0,5.49374E+20,5.81026E+21,9.72636E+15,5.24403E+16
136330,3,1,3,0,2018,9,17,7,3,0,5,1,0,1,0,0,0,0,0,6.2014E+20,5.80819E+21,1.07663E+16,5.24107E+16
136331,3,4,59,34,2018,9,19,3,2,4,6,1,1,0,0,0,0,0,0,4.31782E+20,5.7708E+21,8.00444E+15,5.20836E+16
136332,3,1,58,6,2018,9,12,7,3,0,1,0,0,1,0,0,0,0,0,6.12668E+20,5.78957E+21,1.06503E+16,5.2245E+16
136333,3,1,53,2,2018,9,20,7,3,2,2,2,0,1,0,0,0,0,0,6.06539E+20,5.75058E+21,1.05484E+16,5.18958E+16
136334,3,4,3,0,2018,9,18,5,3,5,3,0,1,1,0,0,0,0,0,4.47231E+20,5.88879E+21,8.21103E+15,5.31459E+16
136335,3,1,53,8,2018,9,12,7,3,5,3,0,0,1,0,0,0,0,0,5.94451E+20,5.76261E+21,1.0376E+16,5.20061E+16
136336,3,4,5,0,2018,9,6,3,2,6,2,2,0,1,1,0,0,0,0,4.41827E+20,5.93E+21,8.12267E+15,5.35157E+16
136337,3,4,5,0,2018,9,23,4,3,5,3,2,0,1,0,0,0,0,0,4.42294E+20,5.93008E+21,8.12971E+15,5.35164E+16
136338,3,1,1,0,2018,9,10,7,3,5,3,0,1,1,0,0,0,0,0,6.08429E+20,5.79411E+21,1.05897E+16,5.22867E+16
136339,3,3,61,1,2018,9,19,3,3,7,1,0,0,0,0,1,0,0,0,5.01222E+20,5.87413E+21,9.01821E+15,5.30167E+16
136340,3,1,1,0,2018,9,19,7,3,1,5,2,0,1,0,0,0,0,0,6.0147E+20,5.79311E+21,1.04874E+16,5.2279E+16
136341,3,1,1,0,2018,9,8,7,3,3,6,0,1,1,0,0,0,0,0,6.04103E+20,5.79295E+21,1.05259E+16,5.2277E+16
136342,3,2,57,31,2018,9,9,4,3,5,3,0,1,1,0,0,0,0,0,5.05376E+20,5.78115E+21,9.07863E+15,5.21808E+16
136343,3,4,59,8,2018,9,11,6,3,5,7,0,0,1,0,0,0,0,0,4.40484E+20,5.79523E+21,8.12713E+15,5.23041E+16
136344,3,4,56,15,2018,9,19,6,2,0,1,0,1,0,0,0,0,0,0,3.73984E+20,5.80589E+21,7.14823E+15,5.23887E+16
136345,3,4,56,15,2018,9,13,6,3,0,2,0,0,1,0,0,0,0,0,3.68248E+20,5.80792E+21,7.06318E+15,5.24056E+16
136346,3,3,59,38,2018,9,11,5,2,5,7,0,1,1,0,0,0,0,0,5.3018E+20,5.94041E+21,9.45617E+15,5.36116E+16
136347,3,4,54,18,2018,9,10,6,3,5,3,0,1,1,0,0,0,0,0,3.82826E+20,5.85029E+21,7.26237E+15,5.27897E+16
136348,3,4,3,0,2018,9,21,4,3,6,4,2,1,0,1,0,0,0,0,4.47961E+20,5.88847E+21,8.22199E+15,5.31431E+16
136349,3,4,54,35,2018,9,8,6,3,4,6,0,1,1,0,0,0,0,0,3.8265E+20,5.83932E+21,7.26369E+15,5.26911E+16
136350,3,4,53,4,2018,9,16,6,3,5,2,0,1,1,0,0,0,0,0,4.35839E+20,5.85547E+21,8.04735E+15,5.28451E+16
136351,3,2,41,1,2018,9,13,6,3,5,2,0,0,1,0,0,0,0,1,5.53377E+20,5.80562E+21,9.7845E+15,5.23982E+16
136352,3,4,51,1,2018,9,14,6,1,5,7,0,0,0,0,0,0,1,0,4.16017E+20,5.89733E+21,7.74219E+15,5.32186E+16
136353,3,2,57,32,2018,9,8,5,3,5,3,0,0,1,0,0,0,1,0,5.24653E+20,5.79493E+21,9.36157E+15,5.23041E+16
136354,3,2,41,1,2018,9,14,6,3,2,6,0,0,1,0,1,0,0,1,5.50953E+20,5.80497E+21,9.74878E+15,5.23926E+16
136355,3,4,3,0,2018,9,16,6,3,5,3,0,1,1,0,0,0,0,0,4.467E+20,5.89367E+21,8.20228E+15,5.31897E+16
136356,3,4,3,0,2018,9,14,6,2,2,2,0,0,1,0,0,0,0,0,4.48923E+20,5.88606E+21,8.23677E+15,5.31215E+16
136357,3,2,41,1,2018,9,19,5,3,5,3,0,1,1,0,0,0,0,0,5.51839E+20,5.80123E+21,9.76122E+15,5.23589E+16
136358,3,4,3,0,2018,9,12,6,3,6,5,0,0,1,1,0,0,0,0,4.45703E+20,5.88766E+21,8.18837E+15,5.31356E+16
136359,3,3,52,11,2018,9,16,4,3,0,6,0,0,1,0,0,0,1,0,4.78191E+20,5.97123E+21,8.66818E+15,5.38891E+16
136360,3,4,3,0,2018,9,8,6,3,5,2,0,1,1,0,0,0,0,0,4.47937E+20,5.88627E+21,8.222E+15,5.31233E+16
136361,3,4,3,0,2018,9,8,6,3,2,2,0,0,1,0,0,0,0,0,4.47073E+20,5.8904E+21,8.2084E+15,5.31604E+16
136362,3,2,51,42,2018,9,19,6,3,5,3,1,0,1,0,1,0,0,0,4.7216E+20,5.8499E+21,8.58708E+15,5.27982E+16
136363,3,4,4,0,2018,9,18,5,3,5,3,0,0,1,0,0,0,0,0,4.34134E+20,5.79138E+21,8.03476E+15,5.22688E+16
136364,3,4,61,7,2018,9,16,6,2,5,3,0,1,1,0,0,0,0,0,4.65434E+20,5.92643E+21,8.47907E+15,5.34857E+16
136365,3,1,3,0,2018,9,16,5,3,3,2,0,1,1,0,0,0,0,0,6.21369E+20,5.80944E+21,1.07848E+16,5.24217E+16
136366,3,4,61,7,2018,9,11,6,2,5,3,0,1,0,0,0,0,0,0,4.65357E+20,5.92685E+21,8.47787E+15,5.34894E+16
136367,3,2,41,1,2018,9,17,4,3,0,1,0,0,1,0,0,0,0,0,5.463E+20,5.79982E+21,9.6797E+15,5.23467E+16
136368,3,1,58,37,2018,9,12,4,3,0,5,0,0,1,0,0,1,0,0,6.0636E+20,5.78154E+21,1.05554E+16,5.21741E+16
136369,3,3,52,24,2018,9,21,6,2,8,1,2,0,0,0,0,0,1,0,5.06373E+20,5.93796E+21,9.09629E+15,5.35905E+16
136370,3,3,53,5,2018,9,17,6,3,1,5,0,0,1,0,0,1,0,0,5.57406E+20,5.91122E+21,9.86233E+15,5.3347E+16
136371,3,3,59,38,2018,9,9,4,3,5,3,0,1,0,0,0,1,0,0,5.30699E+20,5.93971E+21,9.46396E+15,5.36054E+16
136372,3,3,58,19,2018,9,8,6,3,5,3,0,1,1,0,0,0,0,0,5.53651E+20,5.88569E+21,9.80163E+15,5.3118E+16
136373,3,3,51,6,2018,9,17,6,3,5,3,0,1,1,0,0,0,0,0,5.71434E+20,5.83026E+21,1.00551E+16,5.26176E+16
136374,3,3,51,6,2018,9,7,6,3,5,3,0,1,1,0,0,0,0,0,5.71276E+20,5.82884E+21,1.00525E+16,5.26049E+16
136375,3,4,54,32,2018,9,17,5,3,2,2,0,0,1,0,1,0,0,0,3.85778E+20,5.82E+21,7.31661E+15,5.25182E+16
136376,3,2,41,1,2018,9,17,6,3,6,7,0,1,0,1,0,0,0,0,5.50214E+20,5.80089E+21,9.73731E+15,5.2356E+16
136377,3,4,4,0,2018,9,14,4,3,5,3,0,1,1,0,0,0,0,0,4.3458E+20,5.79259E+21,8.04105E+15,5.22798E+16
136378,3,2,41,9,2018,9,12,6,3,6,7,0,0,1,1,0,0,0,0,5.54089E+20,5.79669E+21,9.79353E+15,5.23179E+16
136379,3,2,41,1,2018,9,10,4,2,5,3,0,0,0,0,1,0,1,0,5.47932E+20,5.80208E+21,9.70398E+15,5.23669E+16
136380,3,2,41,1,2018,9,8,6,3,2,6,0,0,1,0,0,0,0,0,5.50168E+20,5.80387E+21,9.73708E+15,5.23828E+16
136381,3,4,59,21,2018,9,7,3,3,4,6,0,0,1,0,1,0,0,0,4.30976E+20,5.78628E+21,7.98953E+15,5.22226E+16
136382,3,2,41,21,2018,9,13,6,3,5,3,0,1,1,0,0,0,0,0,5.29317E+20,5.80805E+21,9.43111E+15,5.24219E+16
136383,3,3,61,12,2018,9,7,3,3,4,6,0,1,0,0,0,0,0,0,5.16021E+20,5.86368E+21,9.2383E+15,5.29226E+16
136384,3,4,58,7,2018,9,15,5,3,5,3,0,0,1,0,1,0,0,0,4.54634E+20,5.86521E+21,8.32503E+15,5.29346E+16
136385,3,1,1,0,2018,9,8,6,3,1,5,0,1,1,0,0,0,0,1,6.02392E+20,5.79056E+21,1.05001E+16,5.22558E+16
136386,3,4,55,7,2018,9,7,2,3,5,3,0,1,1,0,0,0,0,1,4.27745E+20,5.93743E+21,7.90862E+15,5.35807E+16
136387,3,3,61,2,2018,9,17,2,3,5,3,0,0,1,0,0,1,0,1,5.09499E+20,5.8669E+21,9.14138E+15,5.29516E+16
136388,3,4,53,4,2018,9,9,7,3,5,3,0,0,1,0,0,0,0,0,4.33429E+20,5.85493E+21,8.01167E+15,5.284E+16
136389,3,4,61,7,2018,9,15,3,3,8,1,0,1,0,0,0,0,0,0,4.65151E+20,5.92763E+21,8.47468E+15,5.34965E+16
136390,3,4,3,0,2018,9,9,2,3,5,2,0,1,1,0,0,0,0,1,4.48125E+20,5.89061E+21,8.2241E+15,5.31623E+16
136391,3,4,3,0,2018,9,14,6,2,0,1,0,0,0,0,1,0,0,0,4.48365E+20,5.89465E+21,8.22703E+15,5.31987E+16
136392,3,4,3,0,2018,9,9,2,3,3,2,0,1,1,0,0,0,0,1,4.46638E+20,5.88924E+21,8.20209E+15,5.31499E+16
136393,3,4,51,2,2018,9,13,5,2,1,1,0,0,1,0,0,0,0,0,4.34933E+20,5.89279E+21,8.02637E+15,5.31804E+16
136394,3,4,3,0,2018,9,5,2,3,5,3,2,0,1,0,1,0,0,1,4.48225E+20,5.88698E+21,8.22618E+15,5.31297E+16
136395,3,2,41,1,2018,9,20,4,3,0,7,2,0,0,0,0,0,1,0,5.50602E+20,5.80474E+21,9.74359E+15,5.23906E+16
136396,3,2,51,17,2018,9,7,2,2,5,3,0,0,1,0,0,0,0,0,4.71828E+20,5.83581E+21,8.58337E+15,5.26715E+16
136397,3,2,41,10,2018,9,15,7,3,5,3,0,1,1,0,0,0,0,0,5.50476E+20,5.81015E+21,9.74256E+15,5.24392E+16
136398,3,2,41,9,2018,9,7,3,3,5,3,0,0,1,0,1,0,0,0,5.56043E+20,5.79298E+21,9.82158E+15,5.22844E+16
136399,3,2,41,1,2018,9,11,4,3,5,3,0,1,1,0,0,0,0,0,5.48002E+20,5.8004E+21,9.70477E+15,5.23518E+16
136400,3,4,58,9,2018,9,7,2,3,5,3,0,1,1,0,0,0,0,0,4.57144E+20,5.87475E+21,8.3611E+15,5.30206E+16
136401,3,4,3,0,2018,9,13,7,3,3,6,0,1,1,0,0,0,0,0,4.4784E+20,5.88745E+21,8.22035E+15,5.31339E+16
136402,3,2,41,12,2018,9,11,5,3,5,2,0,0,1,0,0,0,0,0,5.31129E+20,5.8171E+21,9.45861E+15,5.25032E+16
136403,3,2,41,1,2018,9,7,3,3,1,5,0,1,1,0,0,0,0,0,5.511E+20,5.80202E+21,9.75049E+15,5.23661E+16
136404,3,2,41,1,2018,9,13,5,3,0,7,0,1,0,0,0,0,0,0,5.53683E+20,5.80289E+21,9.78857E+15,5.23737E+16
136405,3,3,58,21,2018,9,16,6,3,5,3,0,1,1,0,0,0,0,0,5.56939E+20,5.87028E+21,9.84803E+15,5.2979E+16
136406,3,4,58,14,2018,9,17,2,3,2,6,0,0,1,0,0,0,0,0,4.62521E+20,5.86114E+21,8.44284E+15,5.28986E+16
136407,3,4,1,0,2018,9,8,5,3,5,3,0,1,1,0,0,0,0,0,4.75423E+20,5.87814E+21,8.63334E+15,5.30522E+16
136408,3,3,60,29,2018,9,17,2,3,3,2,0,1,0,0,0,1,0,0,5.86018E+20,5.87586E+21,1.02825E+16,5.30254E+16
136409,3,4,3,0,2018,9,13,1,3,0,7,0,1,0,0,0,0,0,0,4.48348E+20,5.88693E+21,8.22803E+15,5.31293E+16
136410,3,2,54,2,2018,9,11,4,3,5,3,0,0,1,0,0,0,0,0,5.55165E+20,5.76E+21,9.80335E+15,5.19879E+16
136411,3,3,60,25,2018,9,9,2,2,4,1,0,0,1,0,0,1,0,1,6.05252E+20,5.87421E+21,1.05686E+16,5.30071E+16
136412,3,1,2,0,2018,9,23,7,2,9,1,2,0,1,0,0,0,0,0,5.93381E+20,5.774E+21,1.03636E+16,5.21087E+16
136413,3,1,54,14,2018,9,19,3,3,5,7,1,1,1,0,0,0,0,0,6.13647E+20,5.79872E+21,1.06677E+16,5.2327E+16
136414,3,2,41,17,2018,9,8,6,3,8,1,0,0,1,0,0,0,0,1,5.38803E+20,5.78439E+21,9.56787E+15,5.22086E+16
136415,3,3,55,22,2018,9,19,2,3,0,1,2,1,0,0,0,0,0,1,5.95049E+20,5.90119E+21,1.04246E+16,5.32514E+16
136416,3,3,51,26,2018,9,7,6,2,8,1,0,1,0,0,0,0,0,0,5.86904E+20,5.85648E+21,1.02905E+16,5.2851E+16
136417,3,3,55,22,2018,9,17,2,3,0,3,0,1,1,0,0,0,0,1,5.97487E+20,5.89973E+21,1.04607E+16,5.32379E+16
136418,3,3,55,22,2018,9,18,2,3,3,2,0,1,1,0,0,0,0,1,5.97513E+20,5.90116E+21,1.04616E+16,5.32508E+16
136419,3,2,41,1,2018,9,22,1,3,6,7,2,1,0,1,0,0,0,0,5.49669E+20,5.80478E+21,9.72989E+15,5.2391E+16
136420,3,4,59,24,2018,9,16,3,2,0,1,0,1,0,0,0,0,0,0,4.55313E+20,5.7846E+21,8.34599E+15,5.221E+16
136421,3,3,55,22,2018,9,18,2,3,5,3,1,1,0,0,0,0,0,1,5.93599E+20,5.89815E+21,1.0402E+16,5.32244E+16
136422,3,4,4,0,2018,9,12,6,3,5,3,0,1,1,0,0,0,0,0,4.34441E+20,5.79326E+21,8.03889E+15,5.22858E+16
136423,3,4,59,24,2018,9,18,2,2,1,5,0,0,1,0,0,0,0,1,4.56428E+20,5.7827E+21,8.36256E+15,5.2193E+16