OBJECTID_1,ULAND,UREGBEZ,UKREIS,UGEMEINDE,UJAHR,UMONAT,USTUNDE,UWOCHENTAG,UKATEGORIE,UART,UTYP1,ULICHTVERH,IstRad,IstPKW,IstFuss,IstKrad,IstGkfz,IstSonstig,STRZUSTAND,LINREFX,LINREFY,XGCSWGS84,YGCSWGS84
136424,3,2,54,21,2018,9,10,6,3,5,3,0,1,1,0,0,0,0,0,5.63959E+20,5.7805E+21,9.93525E+15,5.21713E+16
136425,3,3,51,6,2018,9,16,2,3,2,6,0,0,1,0,0,0,1,1,5.72669E+20,5.82885E+21,1.00731E+16,5.26048E+16
136426,3,2,41,1,2018,9,20,2,3,3,2,2,1,1,0,0,0,0,1,5.51478E+20,5.80141E+21,9.75596E+15,5.23605E+16
136427,3,4,52,12,2018,9,17,7,2,2,6,0,0,0,0,1,0,0,0,3.93962E+20,5.91412E+21,7.40639E+15,5.33656E+16
136428,3,4,3,0,2018,9,16,3,3,4,2,0,1,1,0,0,0,0,0,4.49373E+20,5.8824E+21,8.24406E+15,5.30887E+16
136429,3,2,41,1,2018,9,15,2,3,6,4,0,1,0,1,0,0,0,1,5.49709E+20,5.80314E+21,9.73023E+15,5.23763E+16
136430,3,2,41,18,2018,9,7,2,3,4,6,1,0,1,0,0,0,1,1,5.82163E+20,5.8146E+21,1.02097E+16,5.24754E+16
136431,3,4,4,0,2018,9,19,7,3,6,1,2,0,0,1,1,0,0,0,4.37175E+20,5.79258E+21,8.07909E+15,5.228E+16
136432,3,4,52,12,2018,9,15,3,3,5,3,0,0,1,0,0,0,0,0,3.90888E+20,5.91676E+21,7.3593E+15,5.33886E+16
136433,3,2,41,1,2018,9,20,2,3,5,3,2,1,1,0,0,0,0,1,5.48927E+20,5.80288E+21,9.7187E+15,5.2374E+16
136434,3,4,54,32,2018,9,7,6,3,3,6,0,1,0,0,0,0,0,0,3.8777E+20,5.82075E+21,7.34571E+15,5.25253E+16
136435,3,4,57,12,2018,9,9,2,3,4,6,0,0,0,0,0,1,1,1,3.91807E+20,5.90087E+21,7.37855E+15,5.3246E+16
136436,3,2,41,1,2018,9,13,5,3,5,3,0,1,1,0,0,0,0,0,5.51156E+20,5.80696E+21,9.75207E+15,5.24104E+16
136437,3,4,59,4,2018,9,15,5,3,5,7,0,0,1,0,0,0,1,0,4.3455E+20,5.77809E+21,8.04341E+15,5.21494E+16
136438,3,2,41,1,2018,9,14,2,3,0,1,0,1,0,0,0,0,0,1,5.47953E+20,5.80293E+21,9.7044E+15,5.23745E+16
136439,3,2,41,1,2018,9,16,2,3,2,6,0,0,1,0,0,0,0,1,5.49047E+20,5.80305E+21,9.7205E+15,5.23755E+16
136440,3,4,51,7,2018,9,19,7,3,0,7,0,0,1,0,0,0,0,0,4.28459E+20,5.90132E+21,7.92759E+15,5.32563E+16
136441,3,2,41,11,2018,9,11,5,3,0,7,0,0,1,0,0,0,0,0,5.6641E+20,5.80306E+21,9.97553E+15,5.23738E+16
136442,3,3,55,22,2018,9,6,3,3,2,6,2,1,1,0,0,0,0,0,5.93624E+20,5.89903E+21,1.04027E+16,5.32323E+16
136443,3,2,41,1,2018,9,14,5,3,0,5,0,1,1,0,0,0,0,0,5.50618E+20,5.80462E+21,9.74381E+15,5.23895E+16
136444,3,2,51,47,2018,9,16,6,3,2,6,0,1,1,0,0,0,0,0,4.87837E+20,5.87085E+21,8.81881E+15,5.29871E+16
136445,3,2,41,1,2018,9,13,2,3,5,2,0,0,1,0,1,0,0,1,5.47959E+20,5.80687E+21,9.70507E+15,5.24099E+16
136446,3,2,51,37,2018,9,12,5,2,7,7,0,1,0,0,0,1,0,0,4.86017E+20,5.87327E+21,8.7916E+15,5.30088E+16
136447,3,2,41,1,2018,9,11,5,3,5,2,0,1,0,0,0,0,0,0,5.48786E+20,5.80273E+21,9.71662E+15,5.23726E+16
136448,3,4,55,26,2018,9,11,6,2,1,5,0,1,1,0,0,0,0,0,4.42382E+20,5.91636E+21,8.13355E+15,5.33932E+16
136449,3,4,53,11,2018,9,13,2,3,5,3,0,1,1,0,0,0,0,1,4.1608E+20,5.84326E+21,7.75715E+15,5.27327E+16
136450,3,4,60,9,2018,9,17,5,3,5,2,0,1,1,0,0,0,0,0,4.50864E+20,5.84224E+21,8.27239E+15,5.27278E+16
136451,3,2,41,1,2018,9,6,2,3,8,1,2,0,1,0,0,0,0,1,5.58354E+20,5.80219E+21,9.85705E+15,5.23669E+16
136452,3,2,41,1,2018,9,16,4,3,2,6,0,0,1,0,0,0,0,0,5.49582E+20,5.80292E+21,9.72834E+15,5.23743E+16
136453,3,2,57,35,2018,9,7,2,3,5,3,0,1,1,0,0,0,0,1,5.13412E+20,5.79751E+21,9.1968E+15,5.23277E+16
136454,3,3,59,10,2018,9,12,7,3,5,2,0,1,1,0,0,0,0,0,5.46504E+20,5.92542E+21,9.70068E+15,5.34757E+16
136455,3,2,41,1,2018,9,17,5,3,3,6,0,1,0,0,0,0,0,0,5.58286E+20,5.80218E+21,9.85605E+15,5.23668E+16
136456,3,2,41,1,2018,9,16,3,3,5,3,0,0,1,0,0,0,0,0,5.51469E+20,5.8033E+21,9.75611E+15,5.23775E+16
136457,3,3,57,39,2018,9,13,6,3,3,6,0,1,1,0,0,0,0,0,5.25963E+20,5.88476E+21,9.38787E+15,5.31117E+16
136458,3,2,54,5,2018,9,18,2,3,0,1,0,0,0,0,1,0,0,1,5.69144E+20,5.76811E+21,1.00085E+16,5.20593E+16
136459,3,2,54,21,2018,9,16,2,3,5,3,0,1,1,0,0,0,0,1,5.65523E+20,5.77972E+21,9.95795E+15,5.21641E+16
136460,3,3,51,6,2018,9,16,1,3,5,3,0,1,1,0,0,0,0,0,5.72987E+20,5.83075E+21,1.00782E+16,5.26218E+16
136461,3,1,57,6,2018,9,14,4,3,5,3,0,0,1,0,0,0,0,0,5.83934E+20,5.79796E+21,1.02316E+16,5.23255E+16
136462,3,2,55,23,2018,9,10,2,3,6,2,0,0,1,1,0,0,0,0,5.31423E+20,5.74154E+21,9.45594E+15,5.18238E+16
136463,3,2,52,3,2018,9,21,2,2,5,3,2,0,1,0,1,0,0,1,5.19015E+20,5.75937E+21,9.27689E+15,5.19847E+16
136464,3,2,41,1,2018,9,14,4,2,5,3,0,1,1,0,0,0,0,0,5.49074E+20,5.8028E+21,9.72085E+15,5.23732E+16
136465,3,1,59,16,2018,9,15,2,3,2,6,0,1,1,0,0,0,0,1,5.64829E+20,5.71165E+21,9.93505E+15,5.15522E+16
136466,3,2,41,1,2018,9,20,7,3,2,2,2,0,1,0,0,0,0,0,5.50022E+20,5.80358E+21,9.7349E+15,5.23802E+16
136467,3,1,59,19,2018,9,14,3,3,5,2,0,1,1,0,0,0,0,0,5.92289E+20,5.72418E+21,1.03343E+16,5.1661E+16
136468,3,2,41,1,2018,9,17,6,3,0,7,0,1,0,0,0,0,0,0,5.54389E+20,5.7976E+21,9.79807E+15,5.2326E+16
136469,3,1,59,16,2018,9,7,2,3,3,6,0,0,0,0,1,0,0,1,5.62106E+20,5.71075E+21,9.89561E+15,5.15444E+16
136470,3,1,1,0,2018,9,15,2,3,0,7,0,0,1,0,1,0,0,1,6.04306E+20,5.79296E+21,1.05289E+16,5.22771E+16
136471,3,2,57,3,2018,9,11,1,2,5,2,0,0,1,0,1,0,0,0,5.19376E+20,5.79068E+21,9.28393E+15,5.22662E+16
136472,3,4,54,35,2018,9,8,3,3,9,1,0,0,0,0,1,0,0,0,3.81147E+20,5.84026E+21,7.24111E+15,5.26992E+16
136473,3,1,59,10,2018,9,10,5,3,6,6,0,0,1,1,0,0,0,0,5.86082E+20,5.70729E+21,1.02404E+16,5.15102E+16
136474,3,1,1,0,2018,9,15,2,3,5,2,0,1,1,0,0,0,0,1,6.03458E+20,5.79522E+21,1.05171E+16,5.22976E+16
136475,3,3,59,38,2018,9,15,5,3,5,3,0,1,1,0,0,0,0,0,5.30702E+20,5.93971E+21,9.464E+15,5.36053E+16
136476,3,4,4,0,2018,9,5,6,3,0,1,2,0,0,0,1,0,0,1,4.33988E+20,5.78941E+21,8.033E+15,5.22511E+16
136477,3,4,59,21,2018,9,15,2,2,0,7,0,0,1,0,1,0,0,1,4.29899E+20,5.78776E+21,7.97346E+15,5.22358E+16
136478,3,1,3,0,2018,9,18,6,3,5,3,1,0,1,0,1,0,0,0,6.20417E+20,5.80976E+21,1.07709E+16,5.24248E+16
136479,3,4,59,24,2018,9,18,1,3,5,3,1,0,1,0,0,0,0,1,4.55076E+20,5.78371E+21,8.34264E+15,5.2202E+16
136480,3,1,1,0,2018,9,16,7,3,5,2,0,1,1,0,0,0,0,0,6.07967E+20,5.7938E+21,1.05828E+16,5.2284E+16
136481,3,1,1,0,2018,9,7,3,3,2,2,0,1,0,0,0,0,0,0,6.07203E+20,5.78711E+21,1.05695E+16,5.2224E+16
136482,3,2,41,1,2018,9,9,6,3,9,6,0,0,1,0,0,0,0,0,5.5328E+20,5.80754E+21,9.78338E+15,5.24155E+16
136483,3,4,59,19,2018,9,17,1,2,6,4,0,0,1,1,0,0,0,1,4.35977E+20,5.78418E+21,8.06313E+15,5.22043E+16
136484,3,4,54,41,2018,9,8,1,2,6,4,0,0,1,1,0,0,0,0,3.93219E+20,5.88191E+21,7.40602E+15,5.3076E+16
136485,3,4,56,2,2018,9,12,7,2,2,6,0,1,0,0,0,0,0,0,3.56269E+20,5.83387E+21,6.87599E+15,5.26357E+16
136486,3,4,5,0,2018,9,18,3,3,2,6,0,0,1,0,0,0,0,0,4.421E+20,5.93108E+21,8.12659E+15,5.35254E+16
136487,3,1,59,16,2018,9,11,5,3,0,6,0,1,0,0,0,0,1,0,5.64821E+20,5.7099E+21,9.93461E+15,5.15365E+16
136488,3,4,56,15,2018,9,13,1,3,2,2,0,0,1,0,0,0,0,1,3.68671E+20,5.80991E+21,7.06862E+15,5.24236E+16
136489,3,4,53,13,2018,9,12,6,3,4,2,0,0,1,0,1,0,0,0,4.10756E+20,5.88689E+21,7.66634E+15,5.31239E+16
136490,3,4,54,19,2018,9,13,2,3,5,3,0,1,1,0,0,0,0,0,3.9747E+20,5.83711E+21,7.48357E+15,5.26742E+16
136491,3,2,56,32,2018,9,15,5,3,5,5,0,1,1,0,0,0,0,0,5.04933E+20,5.81825E+21,9.07269E+15,5.25143E+16
136492,3,4,56,15,2018,9,17,5,3,5,3,0,0,1,0,0,0,0,0,3.71993E+20,5.80619E+21,7.11887E+15,5.2391E+16
136493,3,3,56,5,2018,9,5,1,3,8,1,2,0,1,0,0,0,0,1,4.93233E+20,5.88945E+21,8.8988E+15,5.31544E+16
136494,3,1,59,16,2018,9,17,5,3,5,3,0,1,1,0,0,0,0,0,5.65664E+20,5.71096E+21,9.94696E+15,5.15459E+16
136495,3,4,3,0,2018,9,15,1,3,5,3,0,0,1,0,0,0,0,1,4.43371E+20,5.88849E+21,8.15338E+15,5.31428E+16
136496,3,4,3,0,2018,9,18,7,3,8,7,0,0,1,0,0,0,0,0,4.47509E+20,5.88604E+21,8.21564E+15,5.31212E+16
136497,3,3,58,22,2018,9,1,1,3,1,1,2,0,1,0,0,0,0,1,5.39395E+20,5.85728E+21,9.58519E+15,5.28638E+16
136498,3,4,60,9,2018,9,10,7,3,5,2,0,1,1,0,0,0,0,0,4.51469E+20,5.84197E+21,8.28139E+15,5.27254E+16
136499,3,2,51,40,2018,9,15,3,3,2,2,0,0,1,0,0,0,0,0,4.8733E+20,5.83705E+21,8.81258E+15,5.26833E+16
136500,3,1,3,0,2018,9,22,5,3,5,3,2,1,1,0,0,0,0,0,6.19284E+20,5.80962E+21,1.07542E+16,5.24238E+16
136501,3,3,55,22,2018,9,17,1,3,0,1,0,0,0,0,1,0,0,1,5.97066E+20,5.90043E+21,1.04546E+16,5.32442E+16
136502,3,4,5,0,2018,9,6,6,3,2,6,2,0,1,0,0,0,0,0,4.40264E+20,5.93039E+21,8.09903E+15,5.35191E+16
136503,3,3,51,6,2018,9,13,1,3,3,6,0,1,1,0,0,0,0,1,5.73036E+20,5.83076E+21,1.00789E+16,5.26219E+16
136504,3,4,5,0,2018,9,11,5,3,5,3,0,1,1,0,0,0,0,0,4.41283E+20,5.9315E+21,8.11419E+15,5.35292E+16
136505,3,2,41,1,2018,9,11,1,3,5,3,0,1,1,0,0,0,0,1,5.50308E+20,5.80171E+21,9.73882E+15,5.23633E+16
136506,3,2,41,16,2018,9,15,4,3,0,1,0,1,0,0,0,0,0,0,5.65256E+20,5.79729E+21,9.95745E+15,5.2322E+16
136507,3,1,57,7,2018,9,7,5,3,5,3,1,1,1,0,0,0,0,0,5.93153E+20,5.79093E+21,1.03649E+16,5.22609E+16
136508,3,2,41,1,2018,9,12,1,3,0,7,0,1,0,0,0,0,0,1,5.52356E+20,5.8032E+21,9.76912E+15,5.23766E+16
136509,3,2,41,1,2018,9,11,7,3,2,6,0,0,1,0,0,0,0,0,5.50492E+20,5.8036E+21,9.7418E+15,5.23803E+16
136510,3,2,41,1,2018,9,18,3,3,0,5,0,0,1,0,0,0,1,0,5.49294E+20,5.8052E+21,9.72444E+15,5.23948E+16
136511,3,1,53,18,2018,9,19,5,3,2,6,0,1,1,0,0,0,0,0,5.91892E+20,5.74002E+21,1.03327E+16,5.18035E+16
136512,3,3,55,22,2018,9,0,6,3,0,1,2,1,0,0,0,0,0,0,5.94914E+20,5.90087E+21,1.04225E+16,5.32486E+16
136513,3,2,41,11,2018,9,15,1,3,5,7,0,0,1,0,0,0,0,1,5.66071E+20,5.80338E+21,9.9706E+15,5.23767E+16
136514,3,2,41,1,2018,9,20,3,3,6,4,2,0,0,1,1,0,0,0,5.48658E+20,5.79951E+21,9.71427E+15,5.23437E+16
136515,3,3,58,22,2018,9,16,6,3,5,3,0,1,1,0,0,0,0,0,5.40233E+20,5.85573E+21,9.59743E+15,5.28498E+16
136516,3,2,41,1,2018,9,14,1,3,5,3,0,1,1,0,0,0,0,1,5.45175E+20,5.80352E+21,9.66368E+15,5.23801E+16
136517,3,4,58,14,2018,9,14,5,3,5,3,0,1,0,0,0,0,0,0,4.61189E+20,5.86031E+21,8.42314E+15,5.28911E+16
136518,3,2,41,1,2018,9,12,1,3,0,1,0,1,0,0,0,0,0,1,5.48844E+20,5.80554E+21,9.71788E+15,5.23979E+16
136519,3,4,51,2,2018,9,10,1,2,5,3,0,1,0,0,0,1,0,0,4.3297E+20,5.89298E+21,7.99697E+15,5.31819E+16
136520,3,2,54,14,2018,9,8,4,3,2,2,0,0,1,0,1,0,0,0,5.50498E+20,5.77428E+21,9.73751E+15,5.21168E+16
136521,3,1,1,0,2018,9,8,5,3,5,2,0,1,1,0,0,0,0,0,6.04138E+20,5.7912E+21,1.05259E+16,5.22613E+16
136522,3,2,55,23,2018,9,12,1,3,2,2,0,0,1,0,0,0,0,1,5.32257E+20,5.74289E+21,9.46817E+15,5.18359E+16
136523,3,2,54,21,2018,9,9,7,3,5,3,0,0,1,0,0,0,0,0,5.64026E+20,5.78071E+21,9.93627E+15,5.21731E+16
136524,3,1,59,16,2018,9,18,3,3,5,3,0,1,1,0,0,0,0,0,5.62714E+20,5.71112E+21,9.90444E+15,5.15476E+16
136525,3,2,41,21,2018,9,17,6,3,5,3,0,0,1,0,1,0,0,0,5.29035E+20,5.8094E+21,9.42708E+15,5.24341E+16
136526,3,1,59,16,2018,9,20,1,3,2,2,2,0,1,0,0,0,0,1,5.637E+20,5.71126E+21,9.91869E+15,5.15488E+16
136527,3,1,2,0,2018,9,20,1,2,5,3,2,0,1,0,0,0,0,1,5.94417E+20,5.7671E+21,1.03768E+16,5.20464E+16
136528,3,1,59,16,2018,9,18,1,3,2,6,0,1,1,0,0,0,0,0,5.65211E+20,5.71082E+21,9.9404E+15,5.15447E+16
136529,3,4,52,6,2018,9,18,3,3,5,3,0,0,1,0,0,0,0,0,4.12513E+20,5.91975E+21,7.68355E+15,5.34196E+16
136530,3,4,57,13,2018,9,15,7,3,2,6,0,0,1,0,0,0,0,1,3.98088E+20,5.89802E+21,7.47354E+15,5.32217E+16
136531,3,2,41,1,2018,9,11,1,3,7,7,0,1,0,0,0,0,0,0,5.49045E+20,5.80415E+21,9.72062E+15,5.23854E+16
136532,3,1,51,6,2018,9,8,4,2,5,3,0,1,1,0,0,0,0,0,6.10372E+20,5.80942E+21,1.06232E+16,5.24238E+16
136533,3,4,59,19,2018,9,5,4,3,3,6,2,1,1,0,0,0,0,0,4.38976E+20,5.78726E+21,8.10644E+15,5.22324E+16
136534,3,4,56,27,2018,9,13,7,3,2,6,0,0,1,0,0,0,0,0,3.78417E+20,5.79568E+21,7.21701E+15,5.2298E+16
136535,3,4,59,14,2018,9,14,6,2,6,4,0,0,0,1,0,1,0,0,4.31319E+20,5.80517E+21,7.9907E+15,5.23924E+16
136536,3,1,1,0,2018,9,11,3,3,0,1,0,0,0,0,1,0,0,0,6.03069E+20,5.79202E+21,1.05105E+16,5.22689E+16
136537,3,2,54,21,2018,9,15,6,3,5,3,0,1,0,0,0,0,1,0,5.64911E+20,5.77873E+21,9.94883E+15,5.21553E+16
136538,3,4,56,2,2018,9,23,7,2,9,1,2,0,1,0,1,0,0,1,3.54583E+20,5.83164E+21,6.85208E+15,5.26153E+16
136539,3,4,54,32,2018,9,16,7,3,5,3,0,0,1,0,1,0,0,1,3.86014E+20,5.81875E+21,7.32052E+15,5.25069E+16
136540,3,4,52,20,2018,9,14,7,3,8,1,0,1,0,0,0,0,0,0,3.78146E+20,5.95263E+21,7.15384E+15,5.37081E+16
136541,3,4,51,7,2018,9,8,3,3,8,6,1,0,0,0,0,1,0,1,4.30971E+20,5.90076E+21,7.96537E+15,5.32516E+16
136542,3,4,59,3,2018,9,15,4,3,5,3,0,0,1,0,0,0,0,0,4.62006E+20,5.79764E+21,8.44248E+15,5.23277E+16
136543,3,3,56,5,2018,9,8,7,3,4,2,0,1,1,0,0,0,0,0,4.9395E+20,5.88804E+21,8.90955E+15,5.31417E+16
136544,3,4,60,9,2018,9,17,6,3,2,6,0,0,1,0,0,0,0,0,4.51803E+20,5.84167E+21,8.28639E+15,5.27228E+16
136545,3,4,60,9,2018,9,9,2,3,4,1,0,0,1,0,0,0,0,1,4.52693E+20,5.83929E+21,8.29991E+15,5.27014E+16
136546,3,4,59,10,2018,9,20,4,3,0,1,2,1,0,0,0,0,0,0,4.28672E+20,5.82301E+21,7.94798E+15,5.25524E+16
136547,3,4,51,2,2018,9,17,7,3,5,2,0,1,1,0,0,0,0,0,4.33901E+20,5.89232E+21,8.01102E+15,5.31761E+16
136548,3,4,54,32,2018,9,15,6,3,5,2,0,1,1,0,0,0,0,0,3.86019E+20,5.81875E+21,7.3206E+15,5.25069E+16
136549,3,4,2,0,2018,9,14,2,3,5,3,0,0,1,0,1,0,0,0,3.8121E+20,5.91487E+21,7.21457E+15,5.33696E+16
136550,3,4,59,6,2018,9,17,5,2,5,7,0,1,1,0,0,0,0,0,4.42897E+20,5.77354E+21,8.16616E+15,5.21095E+16
136551,3,4,3,0,2018,9,13,7,3,5,3,0,1,1,0,0,0,0,0,4.47738E+20,5.88802E+21,8.21873E+15,5.3139E+16
136552,3,4,4,0,2018,9,16,4,3,5,3,0,1,1,0,0,0,0,0,4.35024E+20,5.79555E+21,8.04699E+15,5.23065E+16
136553,3,2,51,26,2018,9,12,7,3,6,7,0,0,1,1,0,0,0,0,5.03311E+20,5.85908E+21,9.04921E+15,5.28814E+16
136554,3,4,55,26,2018,9,20,7,3,4,6,2,0,1,0,0,0,0,0,4.41735E+20,5.92219E+21,8.12273E+15,5.34455E+16
136555,3,4,58,14,2018,9,17,3,3,4,2,0,1,1,0,0,0,0,0,4.62134E+20,5.86048E+21,8.43716E+15,5.28927E+16
136556,3,4,57,13,2018,9,15,4,3,0,5,0,1,1,0,0,0,0,0,3.96389E+20,5.89879E+21,7.44785E+15,5.32283E+16
136557,3,2,41,1,2018,9,7,5,3,0,7,0,1,0,0,0,0,0,0,5.55801E+20,5.80093E+21,9.81935E+15,5.23559E+16
136558,3,4,3,0,2018,9,13,6,3,4,2,0,0,1,0,0,0,0,0,4.48568E+20,5.8931E+21,8.23032E+15,5.31848E+16
136559,3,3,58,16,2018,9,6,7,2,4,2,1,1,1,0,0,0,0,0,5.72983E+20,5.87088E+21,1.00871E+16,5.29825E+16
136560,3,4,3,0,2018,9,18,5,3,0,7,0,0,1,0,1,0,0,0,4.48192E+20,5.88268E+21,8.22638E+15,5.30911E+16
136561,3,3,55,22,2018,9,14,7,3,5,3,0,1,0,0,0,0,0,0,5.93057E+20,5.89846E+21,1.0394E+16,5.32272E+16
136562,3,2,41,1,2018,9,17,4,3,0,1,0,1,0,0,0,0,0,0,5.49628E+20,5.80358E+21,9.7291E+15,5.23802E+16
136563,3,4,5,0,2018,9,8,4,3,5,3,0,1,1,0,0,0,0,0,4.41234E+20,5.93155E+21,8.11344E+15,5.35296E+16
136564,3,4,54,35,2018,9,12,5,3,5,2,0,1,1,0,0,0,0,0,3.84014E+20,5.84014E+21,7.28357E+15,5.26987E+16
136565,3,3,55,22,2018,9,12,7,3,8,1,0,0,0,0,1,0,0,0,5.92714E+20,5.9004E+21,1.03894E+16,5.32448E+16
136566,3,2,41,1,2018,9,9,4,3,2,2,0,0,1,0,0,0,0,0,5.52754E+20,5.80262E+21,9.77488E+15,5.23713E+16
136567,3,4,5,0,2018,9,12,4,3,0,7,0,1,0,0,0,0,0,0,4.42306E+20,5.93235E+21,8.12946E+15,5.35369E+16
136568,3,2,41,1,2018,9,17,7,3,5,3,0,1,1,0,0,0,0,0,5.48856E+20,5.80488E+21,9.71795E+15,5.2392E+16
136569,3,2,51,7,2018,9,12,7,3,5,7,0,1,1,0,0,0,0,0,4.82464E+20,5.85523E+21,8.73962E+15,5.28465E+16
136570,3,2,41,1,2018,9,14,3,3,5,3,0,0,1,0,0,0,0,0,5.55464E+20,5.80872E+21,9.81569E+15,5.24259E+16
136571,3,4,5,0,2018,9,16,4,3,2,6,0,0,1,0,0,0,0,0,4.41404E+20,5.93005E+21,8.11628E+15,5.35161E+16
136572,3,3,57,44,2018,9,17,6,3,5,3,0,1,1,0,0,0,0,0,5.3326E+20,5.90369E+21,9.49885E+15,5.32814E+16
136573,3,2,41,1,2018,9,15,7,3,5,2,0,1,1,0,0,0,0,0,5.5478E+20,5.80721E+21,9.80538E+15,5.24123E+16
136574,3,3,59,10,2018,9,7,5,3,2,6,0,0,1,0,0,0,0,0,5.5063E+20,5.92281E+21,9.76242E+15,5.34519E+16
136575,3,2,41,1,2018,9,0,7,3,9,7,2,0,1,0,0,0,0,1,5.55857E+20,5.80455E+21,9.82078E+15,5.23883E+16
136576,3,3,52,46,2018,9,19,1,3,5,3,2,0,1,0,1,0,0,0,4.93752E+20,5.96209E+21,8.90513E+15,5.38073E+16
136577,3,1,58,37,2018,9,14,4,3,6,4,0,0,0,1,0,0,1,0,6.05258E+20,5.78021E+21,1.05389E+16,5.21624E+16
136578,3,4,51,5,2018,9,13,4,3,5,3,0,1,1,0,0,0,0,0,4.4685E+20,5.9005E+21,8.20338E+15,5.32511E+16
136579,3,2,57,31,2018,9,17,7,3,0,1,0,1,1,0,0,0,0,1,5.1108E+20,5.77368E+21,9.16181E+15,5.21136E+16
136580,3,1,53,12,2018,9,2,7,2,5,3,2,0,1,0,0,0,0,0,5.80989E+20,5.74947E+21,1.01769E+16,5.18901E+16
136581,3,1,2,0,2018,9,10,3,1,6,4,0,0,1,1,0,0,0,0,5.94441E+20,5.76702E+21,1.03771E+16,5.20457E+16
136582,3,4,3,0,2018,9,19,4,3,5,3,1,1,1,0,0,0,0,0,4.46007E+20,5.88938E+21,8.19263E+15,5.31511E+16
136583,3,2,52,6,2018,9,18,7,3,2,6,1,0,1,0,0,0,0,1,5.24795E+20,5.77424E+21,9.36214E+15,5.21181E+16
136584,3,2,41,10,2018,9,9,7,3,5,5,0,0,1,0,0,0,1,0,5.50008E+20,5.81457E+21,9.73634E+15,5.2479E+16
136585,3,2,41,5,2018,9,7,3,2,5,3,0,1,1,0,0,0,0,1,5.41505E+20,5.80751E+21,9.61027E+15,5.24163E+16
136586,3,2,51,40,2018,9,11,4,3,1,5,0,0,1,0,0,0,0,0,4.87656E+20,5.83702E+21,8.81739E+15,5.26829E+16
136587,3,2,41,1,2018,9,7,6,3,5,2,0,1,1,0,0,0,0,0,5.54687E+20,5.80527E+21,9.8037E+15,5.23949E+16
136588,3,2,52,6,2018,9,18,7,3,0,3,1,1,1,0,0,0,0,1,5.25339E+20,5.77263E+21,9.36996E+15,5.21036E+16
136589,3,1,59,16,2018,9,7,7,1,1,5,0,0,1,0,0,0,1,0,5.65546E+20,5.70977E+21,9.94503E+15,5.15353E+16
136590,3,1,59,26,2018,9,16,1,3,5,3,0,1,1,0,0,0,0,0,5.86801E+20,5.73087E+21,1.02566E+16,5.1722E+16
136591,3,4,56,27,2018,9,7,3,3,0,3,0,1,1,0,0,0,0,0,3.78455E+20,5.79756E+21,7.2169E+15,5.23149E+16
136592,3,2,51,12,2018,9,18,4,3,6,7,0,0,1,1,0,0,0,0,4.57256E+20,5.82886E+21,8.36878E+15,5.26081E+16
136593,3,1,3,0,2018,9,9,7,2,6,2,0,0,1,1,0,0,0,0,6.18539E+20,5.80692E+21,1.07423E+16,5.23996E+16
136594,3,4,4,0,2018,9,7,6,2,3,6,1,1,0,0,0,1,0,1,4.35678E+20,5.79121E+21,8.05742E+15,5.22675E+16
136595,3,4,59,22,2018,9,19,2,3,8,1,0,0,1,0,0,0,0,1,4.4592E+20,5.78049E+21,8.2092E+15,5.21723E+16
136596,3,1,59,7,2018,9,17,6,3,6,7,0,0,0,1,0,0,1,0,5.64439E+20,5.71617E+21,9.93024E+15,5.15929E+16
136597,3,1,2,0,2018,9,14,7,3,5,3,0,1,1,0,0,0,0,0,5.90307E+20,5.77958E+21,1.03202E+16,5.21593E+16
136598,3,1,51,21,2018,9,16,7,3,5,3,0,0,1,0,0,0,0,0,6.28282E+20,5.8222E+21,1.08913E+16,5.25348E+16
136599,3,2,41,5,2018,9,7,6,2,5,3,0,0,1,0,1,0,0,0,5.40103E+20,5.80779E+21,9.58968E+15,5.24189E+16
136600,3,4,59,19,2018,9,12,6,3,8,1,0,1,0,0,0,0,0,1,4.35633E+20,5.78401E+21,8.05812E+15,5.22028E+16
136601,3,4,4,0,2018,9,11,6,3,4,6,0,0,1,0,0,0,0,1,4.3631E+20,5.79175E+21,8.06657E+15,5.22724E+16
136602,3,4,4,0,2018,9,8,7,2,1,5,0,0,1,0,0,0,0,0,4.36552E+20,5.79498E+21,8.06952E+15,5.23015E+16
136603,3,4,53,2,2018,9,16,3,2,8,1,0,0,0,0,1,0,0,0,4.29339E+20,5.87391E+21,7.94683E+15,5.30101E+16
136604,3,3,53,5,2018,9,7,4,3,2,6,0,1,1,0,0,0,0,0,5.56248E+20,5.90901E+21,9.84455E+15,5.33273E+16
136605,3,4,57,17,2018,9,18,6,3,5,3,1,0,1,0,0,0,0,1,4.06345E+20,5.88843E+21,7.6E+15,5.3137E+16
136606,3,4,54,32,2018,9,14,6,3,2,6,0,1,0,0,0,0,0,0,3.86022E+20,5.81872E+21,7.32065E+15,5.25067E+16
136607,3,4,57,13,2018,9,15,2,3,4,2,0,1,1,0,0,0,0,1,3.96019E+20,5.89888E+21,7.44228E+15,5.3229E+16
136608,3,2,54,3,2018,9,19,5,2,5,7,2,1,1,0,0,0,0,0,5.6565E+20,5.78894E+21,9.9616E+15,5.22469E+16
136609,3,4,54,41,2018,9,17,5,3,5,3,0,1,1,0,0,0,0,0,3.91705E+20,5.88312E+21,7.38302E+15,5.30866E+16
136610,3,4,57,13,2018,9,9,6,3,4,2,0,0,1,0,0,0,0,1,3.98088E+20,5.89802E+21,7.47354E+15,5.32217E+16
136611,3,3,55,22,2018,9,19,4,3,5,3,0,1,1,0,0,0,0,0,5.9336E+20,5.90207E+21,1.03996E+16,5.32596E+16