OBJECTID_1,ULAND,UREGBEZ,UKREIS,UGEMEINDE,UJAHR,UMONAT,USTUNDE,UWOCHENTAG,UKATEGORIE,UART,UTYP1,ULICHTVERH,IstRad,IstPKW,IstFuss,IstKrad,IstGkfz,IstSonstig,STRZUSTAND,LINREFX,LINREFY,XGCSWGS84,YGCSWGS84
136985,3,2,41,11,2018,10,16,2,2,5,3,0,1,1,0,0,0,0,0,5.66295E+20,5.80416E+21,9.97405E+15,5.23837E+16
136986,3,2,41,1,2018,10,14,5,3,0,7,0,1,0,0,0,0,0,0,5.5046E+20,5.80336E+21,9.74129E+15,5.23782E+16
136987,3,2,41,1,2018,10,16,2,3,5,2,0,1,0,0,1,0,0,0,5.52172E+20,5.79911E+21,9.76579E+15,5.23398E+16
136988,3,2,41,1,2018,10,11,2,3,0,2,0,0,1,0,0,0,1,0,5.52639E+20,5.79903E+21,9.77262E+15,5.2339E+16
136989,3,3,57,8,2018,10,6,4,3,5,3,2,1,1,0,0,0,0,0,5.09386E+20,5.92582E+21,9.14144E+15,5.34813E+16
136990,3,1,55,12,2018,10,9,2,3,5,3,0,0,1,0,1,0,0,0,5.43923E+20,5.72351E+21,9.63502E+15,5.16609E+16
136991,3,4,57,13,2018,10,7,3,3,7,7,2,0,1,0,0,0,0,0,3.98589E+20,5.90058E+21,7.48023E+15,5.32448E+16
136992,3,4,54,32,2018,10,10,3,3,5,3,0,0,1,0,0,0,0,0,3.87555E+20,5.82088E+21,7.34249E+15,5.25264E+16
136993,3,4,54,35,2018,10,13,5,3,5,3,0,1,1,0,0,0,0,0,3.84059E+20,5.84001E+21,7.28428E+15,5.26976E+16
136994,3,1,59,19,2018,10,16,2,3,5,3,0,1,1,0,0,0,0,0,5.92799E+20,5.72355E+21,1.03415E+16,5.16553E+16
136995,3,1,59,26,2018,10,12,2,3,5,2,0,0,1,0,1,0,0,0,5.85382E+20,5.73181E+21,1.02363E+16,5.17307E+16
136996,3,1,57,9,2018,10,14,5,3,3,2,0,1,1,0,0,0,0,0,5.82607E+20,5.79086E+21,1.02104E+16,5.22619E+16
136997,3,1,55,11,2018,10,15,2,3,5,3,0,0,1,0,0,0,0,0,5.68618E+20,5.72953E+21,9.99319E+15,5.17125E+16
136998,3,4,4,0,2018,10,16,3,3,6,7,0,0,1,1,0,0,0,0,4.34133E+20,5.79154E+21,8.03471E+15,5.22703E+16
136999,3,1,1,0,2018,10,9,6,3,5,3,0,0,1,0,0,0,0,0,6.05117E+20,5.79071E+21,1.05401E+16,5.22568E+16
137000,3,2,52,6,2018,10,11,2,2,6,6,0,1,0,1,0,0,0,0,5.23841E+20,5.77281E+21,9.3481E+15,5.21053E+16
137001,3,2,52,6,2018,10,10,2,3,5,3,0,1,0,0,0,0,0,0,5.25303E+20,5.77294E+21,9.36946E+15,5.21064E+16
137002,3,2,54,21,2018,10,12,5,3,5,3,0,1,1,0,0,0,0,0,5.65477E+20,5.77932E+21,9.95721E+15,5.21604E+16
137003,3,1,59,16,2018,10,16,2,3,5,2,0,1,1,0,0,0,0,0,5.66948E+20,5.70717E+21,9.96475E+15,5.15117E+16
137004,3,1,59,16,2018,10,15,2,3,5,3,0,1,1,0,0,0,0,0,5.64985E+20,5.71071E+21,9.93711E+15,5.15437E+16
137005,3,2,41,1,2018,10,13,4,3,2,6,0,0,1,0,0,0,1,0,5.49574E+20,5.8029E+21,9.72821E+15,5.23741E+16
137006,3,1,59,29,2018,10,12,2,3,1,5,0,1,1,0,0,0,0,0,5.62896E+20,5.70643E+21,9.90623E+15,5.15055E+16
137007,3,4,56,1,2018,10,17,3,3,5,3,0,1,1,0,0,0,0,0,3.71279E+20,5.79521E+21,7.11258E+15,5.22922E+16
137008,3,4,5,0,2018,10,16,5,3,0,7,0,1,1,0,0,0,0,0,4.41804E+20,5.93095E+21,8.12215E+15,5.35242E+16
137009,3,1,54,28,2018,10,8,2,3,6,4,0,0,1,1,0,0,0,0,6.37315E+20,5.78887E+21,1.10108E+16,5.22331E+16
137010,3,1,3,0,2018,10,16,2,3,2,6,0,0,1,0,1,0,0,0,6.21789E+20,5.80977E+21,1.07911E+16,5.24245E+16
137011,3,1,1,0,2018,10,7,5,3,6,7,0,0,1,1,0,0,0,0,6.03517E+20,5.79105E+21,1.05167E+16,5.22601E+16
137012,3,1,2,0,2018,10,14,2,3,0,7,0,1,1,0,0,0,0,0,5.92454E+20,5.77376E+21,1.035E+16,5.21066E+16
137013,3,2,54,21,2018,10,17,4,3,5,3,0,1,0,0,0,0,1,0,5.65456E+20,5.77848E+21,9.95674E+15,5.21529E+16
137014,3,1,57,6,2018,10,10,2,3,0,6,0,1,0,0,0,0,0,0,5.84486E+20,5.7977E+21,1.02396E+16,5.23231E+16
137015,3,2,41,2,2018,10,16,4,3,5,3,0,1,1,0,0,0,0,0,5.33246E+20,5.79349E+21,9.48744E+15,5.22907E+16
137016,3,1,51,40,2018,10,17,2,3,0,1,0,1,0,0,0,0,0,0,6.17401E+20,5.84352E+21,1.07386E+16,5.27288E+16
137017,3,4,59,17,2018,10,15,1,3,5,3,0,0,1,0,0,0,0,0,4.09801E+20,5.8198E+21,7.6706E+15,5.25208E+16
137018,3,3,52,22,2018,10,16,5,3,5,3,1,0,1,0,0,0,1,0,5.10085E+20,5.94907E+21,9.15272E+15,5.36902E+16
137019,3,4,4,0,2018,10,11,1,3,2,6,0,0,1,0,0,0,0,0,4.32793E+20,5.79418E+21,8.01456E+15,5.22938E+16
137020,3,4,52,19,2018,10,19,1,3,1,5,2,0,1,0,0,0,0,0,3.77254E+20,5.93113E+21,7.1488E+15,5.35148E+16
137021,3,4,4,0,2018,10,11,4,3,6,4,0,1,0,1,0,0,0,0,4.32633E+20,5.79182E+21,8.01268E+15,5.22727E+16
137022,3,4,5,0,2018,10,16,1,3,5,3,0,0,0,0,1,0,1,0,4.39787E+20,5.94358E+21,8.08929E+15,5.36375E+16
137023,3,1,2,0,2018,10,12,4,2,4,2,0,1,1,0,0,0,0,0,5.9126E+20,5.77907E+21,1.0334E+16,5.21546E+16
137024,3,3,53,16,2018,10,5,3,3,5,3,2,0,1,0,0,0,0,0,5.67492E+20,5.90137E+21,1.00117E+16,5.32573E+16
137025,3,4,59,13,2018,10,5,3,3,5,3,2,0,1,0,0,0,1,0,4.52625E+20,5.80362E+21,8.30398E+15,5.23808E+16
137026,3,2,52,2,2018,10,7,6,3,9,1,0,0,1,0,0,0,0,0,5.31584E+20,5.7827E+21,9.46206E+15,5.21939E+16
137027,3,4,5,0,2018,10,13,1,3,5,3,0,1,0,0,0,0,0,0,4.41382E+20,5.9315E+21,8.11569E+15,5.35292E+16
137028,3,3,61,12,2018,10,15,1,3,8,1,0,0,0,0,1,0,0,0,5.15338E+20,5.86381E+21,9.22815E+15,5.29237E+16
137029,3,2,41,1,2018,10,9,5,3,2,7,0,0,0,1,0,1,0,0,5.50474E+20,5.8017E+21,9.74125E+15,5.23633E+16
137030,3,4,51,7,2018,10,16,1,2,4,2,0,0,1,0,1,0,0,0,4.27619E+20,5.90086E+21,7.91512E+15,5.3252E+16
137031,3,4,3,0,2018,10,4,1,3,1,5,2,1,1,0,0,0,0,0,4.47354E+20,5.88856E+21,8.21291E+15,5.31438E+16
137032,3,4,3,0,2018,10,17,1,2,3,6,0,1,1,0,0,0,0,0,4.48865E+20,5.89079E+21,8.23514E+15,5.3164E+16
137033,3,3,55,22,2018,10,17,5,3,8,1,1,0,1,0,0,0,0,1,5.96886E+20,5.89891E+21,1.04515E+16,5.32306E+16
137034,3,2,51,47,2018,10,14,1,3,5,3,0,1,1,0,0,0,0,0,4.87745E+20,5.86876E+21,8.81752E+15,5.29683E+16
137035,3,4,58,5,2018,10,19,1,2,0,1,2,1,0,0,0,0,0,0,4.69175E+20,5.87629E+21,8.54031E+15,5.30353E+16
137036,3,4,52,25,2018,10,12,4,2,5,2,0,0,1,0,1,0,0,0,4.16296E+20,5.91919E+21,7.74061E+15,5.34151E+16
137037,3,3,52,11,2018,10,13,1,3,0,7,0,0,1,0,0,0,1,0,4.7629E+20,5.97036E+21,8.63931E+15,5.38812E+16
137038,3,1,1,0,2018,10,16,4,3,5,2,0,1,1,0,0,0,0,0,6.04845E+20,5.79228E+21,1.05366E+16,5.22709E+16
137039,3,3,53,35,2018,10,15,3,3,5,3,0,0,1,0,0,0,0,0,5.48508E+20,5.90402E+21,9.72758E+15,5.32831E+16
137040,3,1,2,0,2018,10,14,6,3,6,4,0,0,1,1,0,0,0,0,5.91124E+20,5.77914E+21,1.0332E+16,5.21552E+16
137041,3,3,60,4,2018,10,11,1,3,5,3,0,1,1,0,0,0,0,0,5.99612E+20,5.88986E+21,1.04895E+16,5.31488E+16
137042,3,4,52,19,2018,10,18,3,3,5,3,1,1,1,0,0,0,0,0,3.79845E+20,5.9409E+21,7.18409E+15,5.36032E+16
137043,3,3,51,12,2018,10,10,1,1,8,1,0,0,1,0,0,0,0,0,5.66561E+20,5.82906E+21,9.98293E+15,5.26074E+16
137044,3,2,57,31,2018,10,7,5,3,5,3,2,1,1,0,0,0,0,0,5.05362E+20,5.78132E+21,9.07842E+15,5.21823E+16
137045,3,2,41,9,2018,10,17,1,3,5,3,1,1,1,0,0,0,0,0,5.54336E+20,5.79677E+21,9.79717E+15,5.23186E+16
137046,3,2,41,1,2018,10,16,1,3,2,6,0,0,1,0,0,0,0,0,5.53194E+20,5.80755E+21,9.78212E+15,5.24156E+16
137047,3,2,41,1,2018,10,20,4,3,0,7,2,1,0,1,0,0,0,0,5.47025E+20,5.80514E+21,9.69108E+15,5.23945E+16
137048,3,3,59,38,2018,10,17,3,3,4,2,0,0,1,0,0,0,0,0,5.31531E+20,5.93851E+21,9.47641E+15,5.35945E+16
137049,3,2,41,2,2018,10,11,1,3,0,1,0,1,0,0,0,0,0,0,5.32353E+20,5.8013E+21,9.4751E+15,5.2361E+16
137050,3,2,41,1,2018,10,15,1,3,0,7,0,1,0,0,0,0,0,0,5.50349E+20,5.80269E+21,9.73956E+15,5.23722E+16
137051,3,3,52,11,2018,10,14,4,3,2,6,0,0,1,0,0,0,0,0,4.8121E+20,5.96782E+21,8.71431E+15,5.38586E+16
137052,3,2,41,21,2018,10,17,1,2,8,1,0,0,0,0,1,0,0,0,5.28142E+20,5.80904E+21,9.41392E+15,5.24309E+16
137053,3,3,57,57,2018,10,13,3,3,5,3,0,1,0,0,0,0,0,0,5.18392E+20,5.90596E+21,9.27599E+15,5.33025E+16
137054,3,4,59,3,2018,10,13,5,3,0,5,0,1,1,0,0,0,0,1,4.5524E+20,5.79671E+21,8.34332E+15,5.23189E+16
137055,3,2,41,1,2018,10,17,1,2,5,2,0,0,1,0,0,0,1,0,5.49076E+20,5.80281E+21,9.72089E+15,5.23733E+16
137056,3,2,41,17,2018,10,10,1,2,0,1,0,0,0,0,1,0,0,0,5.35473E+20,5.78011E+21,9.51869E+15,5.21703E+16
137057,3,1,3,0,2018,10,15,5,3,5,3,0,0,1,0,0,0,0,0,6.2172E+20,5.81014E+21,1.07902E+16,5.24279E+16
137058,3,2,56,22,2018,10,8,1,3,4,2,0,1,1,0,0,0,0,0,5.14725E+20,5.83116E+21,9.21756E+15,5.26303E+16
137059,3,2,54,21,2018,10,16,1,3,2,6,0,0,1,0,1,0,0,0,5.64475E+20,5.7781E+21,9.94233E+15,5.21496E+16
137060,3,2,41,1,2018,10,11,4,3,2,6,0,0,1,0,0,0,0,0,5.52015E+20,5.80536E+21,9.76444E+15,5.2396E+16
137061,3,3,57,6,2018,10,18,3,3,5,3,1,0,1,0,0,0,0,0,5.33224E+20,5.88042E+21,9.49589E+15,5.30722E+16
137062,3,1,59,16,2018,10,11,1,3,5,3,0,0,1,0,0,0,0,0,5.61084E+20,5.70975E+21,9.88071E+15,5.15356E+16
137063,3,3,55,22,2018,10,13,3,3,0,1,0,1,0,0,0,0,0,0,5.92756E+20,5.90242E+21,1.03906E+16,5.32629E+16
137064,3,4,3,0,2018,10,13,5,3,5,2,0,1,0,0,0,0,1,0,4.47376E+20,5.88787E+21,8.21336E+15,5.31376E+16
137065,3,1,51,36,2018,10,16,1,3,5,3,0,0,1,0,0,0,0,0,6.07019E+20,5.82786E+21,1.05798E+16,5.25902E+16
137066,3,4,53,8,2018,10,9,5,3,5,3,0,0,1,0,0,0,0,1,4.34137E+20,5.86839E+21,8.01945E+15,5.29611E+16
137067,3,1,1,0,2018,10,12,1,3,6,7,0,0,1,1,0,0,0,0,6.03933E+20,5.78948E+21,1.05223E+16,5.22459E+16
137068,3,4,56,11,2018,10,15,7,2,7,7,0,1,0,0,0,0,0,0,3.50198E+20,5.81938E+21,6.79289E+15,5.25039E+16
137069,3,1,53,17,2018,10,13,5,3,5,3,0,1,1,0,0,0,0,0,5.9806E+20,5.75308E+21,1.04259E+16,5.19198E+16
137070,3,4,54,18,2018,10,8,7,3,5,3,0,0,1,0,0,0,0,0,3.8061E+20,5.85184E+21,7.22896E+15,5.28031E+16
137071,3,4,54,12,2018,10,12,7,3,4,6,0,1,1,0,0,0,0,0,4.01152E+20,5.81614E+21,7.54425E+15,5.24864E+16
137072,3,2,41,1,2018,10,18,4,2,5,3,1,0,1,0,1,0,0,0,5.5182E+20,5.80358E+21,9.76131E+15,5.238E+16
137073,3,2,41,1,2018,10,7,3,3,1,5,1,0,1,0,0,1,0,0,5.4869E+20,5.80071E+21,9.7149E+15,5.23545E+16
137074,3,4,62,10,2018,10,16,7,2,5,3,0,1,1,0,0,0,0,0,4.14274E+20,5.95098E+21,7.70147E+15,5.37005E+16
137075,3,4,60,9,2018,10,19,7,3,5,3,2,1,1,0,0,0,0,0,4.51793E+20,5.84171E+21,8.28623E+15,5.27231E+16
137076,3,3,60,13,2018,10,19,5,3,8,7,2,0,1,0,0,0,0,0,6.12444E+20,5.84787E+21,1.06667E+16,5.2769E+16
137077,3,4,53,4,2018,10,16,7,3,5,3,0,1,1,0,0,0,0,0,4.36157E+20,5.85617E+21,8.05192E+15,5.28515E+16
137078,3,4,3,0,2018,10,14,7,3,4,2,0,0,1,0,1,0,0,0,4.47382E+20,5.88788E+21,8.21343E+15,5.31377E+16
137079,3,4,54,35,2018,10,18,4,3,5,3,1,0,1,0,0,0,0,0,3.8569E+20,5.84031E+21,7.3083E+15,5.27006E+16
137080,3,4,58,13,2018,10,18,7,2,0,6,0,1,1,0,0,0,0,0,4.46924E+20,5.8785E+21,8.20814E+15,5.30534E+16
137081,3,1,51,9,2018,10,7,4,3,0,7,0,0,0,1,0,0,1,0,6.00553E+20,5.81892E+21,1.04817E+16,5.25111E+16
137082,3,4,1,0,2018,10,14,7,3,3,6,0,0,1,0,1,0,0,0,4.76743E+20,5.8759E+21,8.65319E+15,5.30321E+16
137083,3,1,1,0,2018,10,13,5,3,2,6,0,0,1,0,0,0,0,0,6.04366E+20,5.79174E+21,1.05294E+16,5.22661E+16
137084,3,3,52,56,2018,10,16,7,2,9,1,0,0,0,0,1,0,0,0,4.99575E+20,5.95103E+21,8.99356E+15,5.3708E+16
137085,3,2,55,23,2018,10,14,4,3,6,7,0,0,1,1,0,0,0,0,5.31291E+20,5.74229E+21,9.45409E+15,5.18305E+16
137086,3,2,41,1,2018,10,10,3,3,6,4,0,0,1,1,0,0,0,0,5.4563E+20,5.80076E+21,9.66999E+15,5.23552E+16
137087,3,2,57,3,2018,10,7,6,3,5,3,0,0,1,0,0,0,0,1,5.09443E+20,5.78759E+21,9.13829E+15,5.22386E+16
137088,3,3,53,26,2018,10,1,7,3,9,1,2,0,1,0,0,0,0,0,5.52876E+20,5.92516E+21,9.79663E+15,5.34727E+16
137089,3,3,59,38,2018,10,10,7,3,3,2,0,0,1,0,1,0,0,0,5.3086E+20,5.93981E+21,9.46639E+15,5.36062E+16
137090,3,3,51,6,2018,10,8,5,3,5,3,0,1,1,0,0,0,0,0,5.731E+20,5.83092E+21,1.00799E+16,5.26233E+16
137091,3,3,57,39,2018,10,16,7,3,3,6,0,1,0,0,0,0,1,0,5.2408E+20,5.88158E+21,9.35951E+15,5.30832E+16
137092,3,2,41,1,2018,10,11,7,3,1,5,0,0,1,0,0,0,0,0,5.4954E+20,5.7995E+21,9.72721E+15,5.23436E+16
137093,3,4,55,26,2018,10,21,4,3,0,7,1,0,1,0,0,0,0,0,4.42931E+20,5.91664E+21,8.14174E+15,5.33958E+16
137094,3,2,41,1,2018,10,13,7,3,6,4,0,0,1,1,0,0,0,0,5.47739E+20,5.79837E+21,9.70061E+15,5.23335E+16
137095,3,2,41,9,2018,10,19,3,3,3,7,2,0,1,0,1,0,0,0,5.54332E+20,5.79589E+21,9.79697E+15,5.23106E+16
137096,3,1,1,0,2018,10,21,6,3,6,4,2,0,1,1,0,0,0,0,6.04027E+20,5.7919E+21,1.05245E+16,5.22676E+16
137097,3,2,41,1,2018,10,15,7,3,5,3,0,1,1,0,0,0,0,0,5.49607E+20,5.80277E+21,9.72867E+15,5.23729E+16
137098,3,2,41,1,2018,10,13,7,3,5,3,0,1,1,0,0,0,0,0,5.4929E+20,5.80277E+21,9.72403E+15,5.23729E+16
137099,3,2,41,1,2018,10,23,3,3,5,3,2,1,1,0,0,0,0,0,5.50474E+20,5.80257E+21,9.74138E+15,5.23711E+16
137100,3,1,54,28,2018,10,13,6,3,5,3,0,0,1,0,1,0,0,0,6.36455E+20,5.78863E+21,1.09981E+16,5.22312E+16
137101,3,2,41,1,2018,10,14,7,3,6,4,0,0,1,1,0,0,0,0,5.45705E+20,5.8039E+21,9.67152E+15,5.23834E+16
137102,3,2,41,1,2018,10,15,7,3,5,3,0,1,1,0,0,0,0,0,5.50989E+20,5.80332E+21,9.74907E+15,5.23778E+16
137103,3,2,41,1,2018,10,15,5,3,5,2,0,1,0,0,0,0,0,0,5.49361E+20,5.80392E+21,9.72523E+15,5.23833E+16
137104,3,1,55,1,2018,10,10,7,3,0,7,0,0,1,0,0,0,0,0,5.69725E+20,5.74739E+21,1.00128E+16,5.18729E+16
137105,3,2,52,6,2018,10,9,7,3,5,3,0,0,1,0,0,0,0,0,5.25102E+20,5.77251E+21,9.36649E+15,5.21025E+16
137106,3,3,58,4,2018,10,15,4,3,5,3,0,0,1,0,0,0,0,0,5.42058E+20,5.86234E+21,9.62539E+15,5.29091E+16
137107,3,2,41,21,2018,10,19,3,3,1,5,2,1,1,0,0,0,0,1,5.30639E+20,5.80818E+21,9.45057E+15,5.2423E+16
137108,3,1,3,0,2018,10,20,7,3,4,6,2,0,1,0,1,0,0,0,6.21615E+20,5.80997E+21,1.07886E+16,5.24264E+16
137109,3,2,41,10,2018,10,20,3,3,5,3,2,0,1,0,0,0,0,0,5.4934E+20,5.81243E+21,9.72618E+15,5.24598E+16
137110,3,4,4,0,2018,10,12,3,2,8,1,0,1,0,0,0,0,0,0,4.34594E+20,5.79279E+21,8.04123E+15,5.22816E+16
137111,3,4,2,0,2018,10,11,5,3,2,5,0,1,1,0,0,0,0,0,3.8121E+20,5.91487E+21,7.21457E+15,5.33696E+16
137112,3,1,3,0,2018,10,15,7,3,1,7,0,0,1,0,0,0,0,0,6.2253E+20,5.81192E+21,1.08028E+16,5.24437E+16
137113,3,1,53,2,2018,10,17,7,3,0,1,0,1,0,0,0,0,0,0,6.05238E+20,5.74908E+21,1.0529E+16,5.18825E+16
137114,3,1,58,30,2018,10,6,5,3,0,3,2,1,1,0,0,0,0,0,6.1162E+20,5.7863E+21,1.06338E+16,5.22158E+16
137115,3,1,1,0,2018,10,13,7,3,6,4,0,0,1,1,0,0,0,0,6.00546E+20,5.78965E+21,1.04728E+16,5.22481E+16
137116,3,1,1,0,2018,10,10,7,3,5,3,0,1,0,0,0,0,1,0,6.02295E+20,5.79046E+21,1.04987E+16,5.2255E+16
137117,3,2,41,13,2018,10,14,4,3,5,3,0,1,1,0,0,0,0,0,5.52152E+20,5.79097E+21,9.76423E+15,5.22666E+16
137118,3,2,41,1,2018,10,7,3,3,5,2,0,1,0,0,0,0,0,0,5.51522E+20,5.79941E+21,9.75629E+15,5.23426E+16
137119,3,2,54,21,2018,10,16,5,3,2,6,0,0,1,0,0,0,1,0,5.65024E+20,5.7791E+21,9.95055E+15,5.21586E+16
137120,3,4,59,19,2018,10,20,6,3,0,1,2,1,0,0,0,0,0,0,4.33995E+20,5.78439E+21,8.03408E+15,5.2206E+16
137121,3,4,59,19,2018,10,9,6,2,0,1,0,1,0,0,0,0,0,0,4.36378E+20,5.7848E+21,8.06888E+15,5.221E+16
137122,3,2,41,1,2018,10,15,4,3,5,3,0,0,1,0,0,0,0,0,5.48481E+20,5.79871E+21,9.71155E+15,5.23366E+16
137123,3,1,55,13,2018,10,15,3,3,2,2,0,0,1,0,0,0,0,0,5.59959E+20,5.74017E+21,9.86971E+15,5.18092E+16
137124,3,4,59,13,2018,10,11,6,3,8,1,0,0,0,0,0,1,0,0,4.53004E+20,5.8022E+21,8.30975E+15,5.2368E+16
137125,3,2,57,35,2018,10,18,3,3,6,7,0,0,1,1,0,0,0,1,5.13318E+20,5.7969E+21,9.1954E+15,5.23222E+16
137126,3,4,5,0,2018,10,18,5,3,5,3,0,1,1,0,0,0,0,0,4.40875E+20,5.93035E+21,8.10826E+15,5.35188E+16
137127,3,4,4,0,2018,10,12,6,3,5,3,0,0,1,0,0,0,0,0,4.38411E+20,5.78981E+21,8.09771E+15,5.22552E+16
137128,3,4,54,41,2018,10,6,6,3,6,6,2,1,0,1,0,0,0,0,3.91075E+20,5.88326E+21,7.37357E+15,5.30877E+16
137129,3,1,1,0,2018,10,12,4,3,5,7,0,1,1,0,0,0,0,0,6.01445E+20,5.78963E+21,1.0486E+16,5.22477E+16
137130,3,1,51,40,2018,10,16,5,3,5,3,0,1,1,0,0,0,0,0,6.17512E+20,5.84347E+21,1.07402E+16,5.27283E+16
137131,3,4,54,41,2018,10,11,6,3,0,1,0,0,0,0,1,0,0,0,3.93136E+20,5.88334E+21,7.4043E+15,5.30888E+16
137132,3,2,54,3,2018,10,19,4,3,1,5,2,1,1,0,0,0,0,0,5.66238E+20,5.78991E+21,9.9704E+15,5.22556E+16
137133,3,2,54,21,2018,10,18,3,3,5,3,0,1,1,0,0,0,0,0,5.62994E+20,5.78017E+21,9.92108E+15,5.21684E+16
137134,3,4,54,49,2018,10,16,6,3,0,3,0,1,0,0,0,0,0,0,3.95747E+20,5.80298E+21,7.4688E+15,5.23672E+16
137135,3,2,52,6,2018,10,13,3,3,0,7,0,1,0,0,0,0,0,1,5.25348E+20,5.77261E+21,9.37009E+15,5.21034E+16
137136,3,4,53,7,2018,10,11,6,3,6,6,0,1,0,1,0,0,0,0,4.23315E+20,5.87563E+21,7.85666E+15,5.30247E+16
137137,3,3,60,25,2018,10,12,5,3,6,2,0,0,1,1,0,0,0,0,6.05246E+20,5.86944E+21,1.0567E+16,5.29643E+16
137138,3,4,53,4,2018,10,12,6,3,5,3,0,1,1,0,0,0,0,0,4.35606E+20,5.85534E+21,8.04391E+15,5.2844E+16
137139,3,1,59,16,2018,10,18,3,3,0,1,0,1,0,0,0,0,0,0,5.63316E+20,5.71133E+21,9.91317E+15,5.15495E+16
137140,3,4,5,0,2018,10,13,6,3,2,6,0,0,1,0,0,0,0,0,4.41324E+20,5.93006E+21,8.11508E+15,5.35162E+16
137141,3,3,52,22,2018,10,16,5,3,5,3,0,1,1,0,0,0,0,0,5.0872E+20,5.9495E+21,9.13206E+15,5.36941E+16
137142,3,4,5,0,2018,10,18,6,2,0,7,2,0,1,0,0,0,0,0,4.39891E+20,5.93085E+21,8.09333E+15,5.35231E+16
137143,3,4,51,7,2018,10,16,6,3,5,3,0,0,1,0,0,0,0,0,4.27619E+20,5.90086E+21,7.91512E+15,5.3252E+16
137144,3,4,4,0,2018,10,7,4,3,0,1,2,1,0,0,0,0,0,0,4.36659E+20,5.7901E+21,8.072E+15,5.22577E+16
137145,3,4,3,0,2018,10,19,6,3,2,6,2,0,1,0,0,0,0,0,4.42118E+20,5.88675E+21,8.13497E+15,5.3127E+16
137146,3,1,3,0,2018,10,17,4,3,5,3,0,0,1,0,0,0,0,0,6.25673E+20,5.80887E+21,1.08479E+16,5.24156E+16
137147,3,1,59,16,2018,10,15,3,3,5,3,0,0,1,0,0,0,0,0,5.66324E+20,5.70732E+21,9.95578E+15,5.15131E+16
137148,3,2,52,2,2018,10,17,6,3,5,7,0,0,1,0,0,0,0,0,5.31908E+20,5.78323E+21,9.46686E+15,5.21986E+16
137149,3,4,3,0,2018,10,17,6,3,3,6,0,0,1,0,0,0,0,0,4.48226E+20,5.89082E+21,8.22557E+15,5.31642E+16
137150,3,2,51,41,2018,10,17,6,2,0,7,0,1,0,0,0,0,1,0,4.87584E+20,5.86662E+21,8.81521E+15,5.29491E+16
137151,3,2,41,1,2018,10,11,5,3,0,7,0,1,0,0,0,0,0,0,5.55707E+20,5.80494E+21,9.81864E+15,5.23919E+16
137152,3,3,53,26,2018,10,9,6,3,4,2,0,0,0,0,1,0,1,0,5.52575E+20,5.92465E+21,9.79201E+15,5.34682E+16
137153,3,3,59,38,2018,10,14,6,3,2,6,0,0,1,0,0,0,0,0,5.31636E+20,5.93882E+21,9.47802E+15,5.35973E+16
137154,3,3,52,11,2018,10,18,4,3,5,2,2,1,1,0,0,0,0,0,4.80368E+20,5.96864E+21,8.70146E+15,5.38658E+16
137155,3,3,59,38,2018,10,6,6,3,2,6,1,0,1,0,0,0,0,0,5.33027E+20,5.93681E+21,9.49884E+15,5.35791E+16
137156,3,3,60,5,2018,10,12,6,3,5,3,0,0,1,0,0,0,1,0,6.15794E+20,5.85766E+21,1.07198E+16,5.28562E+16
137157,3,4,52,8,2018,10,6,4,3,7,7,1,1,0,0,0,0,0,0,3.85956E+20,5.94072E+21,7.27647E+15,5.36029E+16
137158,3,3,51,6,2018,10,15,6,3,2,6,0,0,1,0,0,0,1,0,5.71314E+20,5.83056E+21,1.00534E+16,5.26204E+16
137159,3,1,1,0,2018,10,17,4,3,6,4,0,0,1,1,0,0,0,0,6.01102E+20,5.78932E+21,1.04808E+16,5.2245E+16
137160,3,1,59,16,2018,10,15,3,3,2,6,0,0,1,0,0,0,0,0,5.63773E+20,5.70817E+21,9.91919E+15,5.1521E+16
137161,3,1,2,0,2018,10,13,6,3,4,2,0,0,1,0,1,0,0,0,5.94274E+20,5.7674E+21,1.03748E+16,5.20492E+16
137162,3,2,41,1,2018,10,14,6,3,0,1,0,1,0,0,0,0,0,1,5.4751E+20,5.80132E+21,9.69768E+15,5.23601E+16
137163,3,4,53,11,2018,10,14,3,3,5,2,0,1,1,0,0,0,0,0,4.16256E+20,5.8438E+21,7.75963E+15,5.27376E+16
137164,3,2,41,1,2018,10,7,6,3,2,7,0,1,1,0,0,0,0,0,5.48537E+20,5.80734E+21,9.71363E+15,5.24141E+16
137165,3,2,41,4,2018,10,15,5,3,5,3,0,1,1,0,0,0,0,0,5.57116E+20,5.81602E+21,9.84122E+15,5.24913E+16
137166,3,2,41,1,2018,10,14,6,3,0,2,0,1,1,0,0,0,0,0,5.51333E+20,5.80351E+21,9.75414E+15,5.23795E+16
137167,3,2,41,1,2018,10,10,6,2,0,7,0,0,0,1,0,0,1,0,5.51265E+20,5.80471E+21,9.75332E+15,5.23902E+16
137168,3,3,54,4,2018,10,15,4,3,0,7,0,1,0,0,0,0,0,0,6.40359E+20,5.88611E+21,1.10967E+16,5.3106E+16
137169,3,1,59,16,2018,10,15,3,3,5,3,0,0,1,0,0,0,0,0,5.61944E+20,5.71243E+21,9.89357E+15,5.15595E+16
137170,3,2,41,1,2018,10,21,6,3,4,7,2,0,1,0,0,0,0,0,5.49825E+20,5.80324E+21,9.73196E+15,5.23771E+16