OBJECTID_1,ULAND,UREGBEZ,UKREIS,UGEMEINDE,UJAHR,UMONAT,USTUNDE,UWOCHENTAG,UKATEGORIE,UART,UTYP1,ULICHTVERH,IstRad,IstPKW,IstFuss,IstKrad,IstGkfz,IstSonstig,STRZUSTAND,LINREFX,LINREFY,XGCSWGS84,YGCSWGS84
137357,3,1,51,9,2018,10,16,2,3,5,3,0,1,1,0,0,0,0,0,6.04924E+20,5.81366E+21,1.05444E+16,5.24631E+16
137358,3,4,51,2,2018,10,13,6,3,5,3,0,0,1,0,0,0,0,1,4.33113E+20,5.89297E+21,7.9991E+15,5.31819E+16
137359,3,1,1,0,2018,10,13,2,3,9,1,0,0,1,0,0,0,0,1,6.04344E+20,5.78837E+21,1.0528E+16,5.22359E+16
137360,3,4,61,7,2018,10,15,4,3,5,3,0,1,1,0,0,0,0,1,4.65812E+20,5.92612E+21,8.48481E+15,5.34829E+16
137361,3,4,57,13,2018,10,20,5,3,2,6,2,0,1,0,1,0,0,1,3.97114E+20,5.89914E+21,7.45861E+15,5.32316E+16
137362,3,1,1,0,2018,10,12,2,3,0,7,0,0,1,0,0,0,1,1,6.06097E+20,5.79444E+21,1.05556E+16,5.22901E+16
137363,3,4,52,19,2018,10,17,1,3,5,3,0,1,1,0,0,0,0,0,3.81191E+20,5.93991E+21,7.20481E+15,5.35945E+16
137364,3,4,1,0,2018,10,7,4,3,5,2,2,1,0,0,0,1,0,1,4.7654E+20,5.87505E+21,8.65023E+15,5.30245E+16
137365,3,1,1,0,2018,10,9,6,2,5,2,0,0,1,0,1,0,0,1,6.04214E+20,5.79086E+21,1.05269E+16,5.22583E+16
137366,3,4,58,7,2018,10,17,1,3,5,2,0,0,1,0,0,0,0,0,4.53385E+20,5.86124E+21,8.30702E+15,5.28988E+16
137367,3,3,57,8,2018,10,17,1,3,3,2,0,1,1,0,0,0,0,0,5.09798E+20,5.92588E+21,9.14765E+15,5.34818E+16
137368,3,3,51,6,2018,10,10,1,3,5,3,0,1,1,0,0,0,0,0,5.71515E+20,5.83026E+21,1.00563E+16,5.26177E+16
137369,3,2,41,1,2018,10,8,1,3,1,5,0,0,1,0,0,0,0,0,5.46576E+20,5.8053E+21,9.68452E+15,5.2396E+16
137370,3,3,59,23,2018,10,9,4,3,5,3,0,1,1,0,0,0,0,0,5.33553E+20,5.92262E+21,9.50525E+15,5.34515E+16
137371,3,3,59,10,2018,10,8,6,3,6,4,0,1,0,1,0,0,0,0,5.45667E+20,5.92388E+21,9.68785E+15,5.34619E+16
137372,3,2,41,12,2018,10,0,1,3,6,4,2,0,1,1,0,0,0,0,5.30597E+20,5.81689E+21,9.45074E+15,5.25013E+16
137373,3,3,59,38,2018,10,10,4,3,2,2,0,0,1,0,0,0,1,1,5.32109E+20,5.93785E+21,9.48508E+15,5.35885E+16
137374,3,4,53,7,2018,10,13,5,3,5,3,0,0,1,0,0,0,0,1,4.23331E+20,5.87532E+21,7.85697E+15,5.30219E+16
137375,3,1,1,0,2018,10,16,5,3,4,2,0,1,0,0,0,0,1,0,6.0041E+20,5.78542E+21,1.04696E+16,5.221E+16
137376,3,1,59,3,2018,10,15,1,2,5,2,0,0,1,0,1,0,0,0,5.97953E+20,5.71973E+21,1.04149E+16,5.16201E+16
137377,3,2,54,20,2018,10,11,1,3,5,3,0,1,1,0,0,0,0,0,5.66072E+20,5.78504E+21,9.96703E+15,5.22119E+16
137378,3,1,3,0,2018,10,16,1,3,3,5,0,0,1,0,1,0,0,0,6.21674E+20,5.80996E+21,1.07895E+16,5.24263E+16
137379,3,4,54,44,2018,10,19,7,3,5,3,1,1,1,0,0,0,0,0,3.84418E+20,5.88058E+21,7.27519E+15,5.30622E+16
137380,3,3,57,41,2018,10,13,4,3,1,5,0,0,1,0,1,0,0,0,5.32196E+20,5.89107E+21,9.48163E+15,5.3168E+16
137381,3,4,3,0,2018,10,23,7,3,8,7,2,0,1,0,0,0,0,0,4.45202E+20,5.88799E+21,8.18083E+15,5.31385E+16
137382,3,2,51,49,2018,10,10,7,3,8,1,0,0,0,0,1,0,0,1,4.99932E+20,5.85183E+21,8.99899E+15,5.28163E+16
137383,3,3,55,22,2018,10,18,4,3,5,3,1,1,1,0,0,0,0,1,5.95799E+20,5.89975E+21,1.04354E+16,5.32384E+16
137384,3,2,41,10,2018,10,9,6,3,5,3,0,0,1,0,0,0,0,0,5.50315E+20,5.81113E+21,9.74034E+15,5.2448E+16
137385,3,3,52,46,2018,10,9,7,3,0,1,0,1,0,0,0,0,0,0,4.9325E+20,5.96195E+21,8.89751E+15,5.38061E+16
137386,3,3,55,22,2018,10,13,4,3,0,2,0,0,1,0,0,0,1,0,5.94664E+20,5.90095E+21,1.04188E+16,5.32493E+16
137387,3,3,59,38,2018,10,17,5,3,2,2,1,0,1,0,0,0,0,0,5.32606E+20,5.93936E+21,9.49274E+15,5.36021E+16
137388,3,3,59,38,2018,10,22,7,3,8,1,2,0,1,1,0,0,0,0,5.31857E+20,5.93872E+21,9.48136E+15,5.35963E+16
137389,3,3,51,23,2018,10,23,7,3,8,1,2,0,0,0,1,0,0,0,5.56284E+20,5.83515E+21,9.83222E+15,5.26634E+16
137390,3,1,51,9,2018,10,13,5,2,4,2,0,0,1,0,1,0,0,1,6.05074E+20,5.81485E+21,1.0547E+16,5.24737E+16
137391,3,3,57,39,2018,10,15,7,3,5,3,0,0,1,0,0,0,0,0,5.28111E+20,5.88468E+21,9.41995E+15,5.31108E+16
137392,3,3,51,6,2018,10,14,4,3,6,7,0,1,0,1,0,0,0,0,5.71997E+20,5.83059E+21,1.00635E+16,5.26206E+16
137393,3,1,59,16,2018,10,16,6,3,2,6,0,0,1,0,0,0,0,0,5.63877E+20,5.7089E+21,9.92081E+15,5.15276E+16
137394,3,3,55,22,2018,10,13,7,3,2,2,0,0,1,0,0,0,0,0,5.93013E+20,5.901E+21,1.03941E+16,5.32501E+16
137395,3,2,41,1,2018,10,9,4,2,2,6,0,0,1,0,0,0,0,1,5.47104E+20,5.80555E+21,9.69231E+15,5.23981E+16
137396,3,3,51,10,2018,10,9,7,3,2,6,0,0,1,0,0,0,0,0,5.78363E+20,5.86082E+21,1.01648E+16,5.28913E+16
137397,3,2,55,23,2018,10,18,5,2,4,2,2,0,1,0,1,0,0,1,5.32208E+20,5.74321E+21,9.46748E+15,5.18388E+16
137398,3,2,56,25,2018,10,11,6,3,2,2,0,0,1,0,0,0,0,0,5.09882E+20,5.8125E+21,9.14545E+15,5.24626E+16
137399,3,3,51,6,2018,10,3,7,2,8,1,2,0,1,0,0,0,0,0,5.72267E+20,5.82716E+21,1.00668E+16,5.25896E+16
137400,3,2,41,1,2018,10,11,4,3,1,5,0,1,1,0,0,0,0,0,5.47952E+20,5.7988E+21,9.7038E+15,5.23374E+16
137401,3,2,41,1,2018,10,20,7,3,0,7,2,1,1,0,0,0,0,0,5.49767E+20,5.80253E+21,9.73099E+15,5.23707E+16
137402,3,2,41,1,2018,10,16,5,3,1,1,0,0,1,0,0,0,0,1,5.50313E+20,5.80715E+21,9.7397E+15,5.24123E+16
137403,3,2,41,1,2018,10,14,7,3,6,6,0,0,1,1,0,0,0,0,5.48236E+20,5.80224E+21,9.70846E+15,5.23683E+16
137404,3,2,41,1,2018,10,6,7,3,6,4,2,1,0,1,0,0,0,0,5.54648E+20,5.80543E+21,9.80315E+15,5.23964E+16
137405,3,4,55,26,2018,10,13,6,3,3,2,0,1,1,0,0,0,0,1,4.42689E+20,5.91684E+21,8.13807E+15,5.33976E+16
137406,3,2,41,10,2018,10,13,7,3,8,1,0,0,1,0,0,0,0,0,5.50068E+20,5.81123E+21,9.73671E+15,5.24489E+16
137407,3,2,41,1,2018,10,20,4,3,0,3,2,0,1,0,1,0,0,1,5.48143E+20,5.80721E+21,9.70782E+15,5.2413E+16
137408,3,1,1,0,2018,10,23,6,3,5,3,2,0,1,0,0,0,0,1,6.03607E+20,5.78981E+21,1.05177E+16,5.22489E+16
137409,3,2,41,10,2018,10,11,7,3,2,6,0,0,1,0,0,0,0,0,5.50279E+20,5.8103E+21,9.73968E+15,5.24406E+16
137410,3,2,41,1,2018,10,21,7,3,5,3,2,0,1,0,0,0,0,0,5.43008E+20,5.80697E+21,9.63229E+15,5.24113E+16
137411,3,1,55,11,2018,10,14,7,2,4,2,0,1,1,0,0,0,0,0,5.68103E+20,5.73019E+21,9.98587E+15,5.17185E+16
137412,3,2,54,28,2018,10,9,7,2,6,3,0,0,1,1,0,0,0,0,5.58673E+20,5.7876E+21,9.85919E+15,5.22357E+16
137413,3,2,54,21,2018,10,14,7,3,5,3,0,1,1,0,0,0,0,0,5.6607E+20,5.77822E+21,9.96566E+15,5.21505E+16
137414,3,1,59,16,2018,10,13,7,3,6,7,0,0,1,1,0,0,0,0,5.63191E+20,5.70855E+21,9.91086E+15,5.15245E+16
137415,3,4,5,0,2018,10,12,6,3,5,3,0,1,1,0,0,0,0,0,4.42224E+20,5.93157E+21,8.12837E+15,5.35298E+16
137416,3,1,1,0,2018,10,13,7,3,3,6,0,0,1,0,0,0,0,0,6.04236E+20,5.79087E+21,1.05272E+16,5.22583E+16
137417,3,2,41,1,2018,10,13,4,3,5,7,0,1,1,0,0,0,0,0,5.55057E+20,5.80628E+21,9.80931E+15,5.2404E+16
137418,3,4,4,0,2018,10,18,5,3,6,2,1,0,1,1,0,0,0,1,4.35855E+20,5.79073E+21,8.0601E+15,5.22632E+16
137419,3,4,4,0,2018,10,11,6,2,0,1,0,0,1,0,1,0,0,0,4.33282E+20,5.79211E+21,8.02213E+15,5.22753E+16
137420,3,4,57,13,2018,10,12,4,3,4,6,0,1,0,0,0,0,0,0,3.97398E+20,5.89835E+21,7.4631E+15,5.32246E+16
137421,3,4,4,0,2018,10,5,6,3,5,3,2,0,1,0,0,0,0,0,4.36935E+20,5.79213E+21,8.07565E+15,5.22759E+16
137422,3,4,2,0,2018,10,9,6,3,0,6,0,0,1,1,0,0,0,0,3.79231E+20,5.9135E+21,7.18536E+15,5.33568E+16
137423,3,4,56,15,2018,10,18,6,3,5,3,0,0,1,0,0,0,0,0,3.70931E+20,5.81037E+21,7.10166E+15,5.24283E+16
137424,3,2,41,1,2018,10,7,4,3,0,1,2,1,0,0,0,0,0,1,5.5043E+20,5.80508E+21,9.74111E+15,5.23937E+16
137425,3,2,41,1,2018,10,10,6,3,2,6,0,0,1,0,0,0,0,1,5.55106E+20,5.8041E+21,9.80967E+15,5.23844E+16
137426,3,4,52,19,2018,10,18,6,3,4,5,0,0,1,0,0,0,0,0,3.80111E+20,5.9407E+21,7.18819E+15,5.36014E+16
137427,3,2,41,5,2018,10,13,4,3,5,3,0,0,1,0,0,0,0,1,5.41348E+20,5.81119E+21,9.60841E+15,5.24494E+16
137428,3,4,60,7,2018,10,10,5,3,0,7,0,0,1,0,0,0,0,1,4.37809E+20,5.81814E+21,8.08363E+15,5.25098E+16
137429,3,4,53,1,2018,10,5,6,3,8,1,2,0,1,0,0,0,0,0,4.18055E+20,5.88855E+21,7.77496E+15,5.314E+16
137430,3,2,51,40,2018,10,17,6,3,4,6,1,0,1,0,1,0,0,1,4.86446E+20,5.83691E+21,8.79951E+15,5.26819E+16
137431,3,4,60,9,2018,10,12,6,3,6,4,0,0,1,1,0,0,0,0,4.53338E+20,5.8409E+21,8.30922E+15,5.2716E+16
137432,3,4,56,15,2018,10,15,5,3,0,5,0,1,1,0,0,0,0,0,3.67715E+20,5.80988E+21,7.05458E+15,5.24231E+16
137433,3,4,5,0,2018,10,17,6,3,2,6,0,0,1,0,0,0,0,0,4.41371E+20,5.93029E+21,8.11574E+15,5.35183E+16
137434,3,4,3,0,2018,10,11,6,3,5,3,0,0,1,0,0,0,1,0,4.46729E+20,5.88894E+21,8.2035E+15,5.31472E+16
137435,3,2,51,40,2018,10,9,6,2,5,3,0,0,1,0,1,0,0,0,4.86831E+20,5.83715E+21,8.80519E+15,5.26842E+16
137436,3,4,58,5,2018,10,13,6,3,5,3,0,1,0,0,0,0,1,0,4.69472E+20,5.87646E+21,8.54472E+15,5.30368E+16
137437,3,2,41,1,2018,10,8,6,3,5,3,0,1,1,0,0,0,0,1,5.50507E+20,5.80309E+21,9.74195E+15,5.23757E+16
137438,3,3,52,50,2018,10,18,6,3,8,1,1,1,0,0,0,0,0,0,4.75403E+20,5.93704E+21,8.62847E+15,5.35816E+16
137439,3,2,41,2,2018,10,16,5,3,5,3,0,1,1,0,0,0,0,1,5.3315E+20,5.79508E+21,9.48619E+15,5.23051E+16
137440,3,3,52,11,2018,10,17,6,3,0,7,1,0,1,0,0,0,1,0,4.76054E+20,5.97E+21,8.63576E+15,5.38779E+16
137441,3,3,53,40,2018,10,15,6,3,5,3,0,0,1,0,0,0,0,0,5.80943E+20,5.91238E+21,1.02161E+16,5.33544E+16
137442,3,3,58,8,2018,10,13,6,3,5,3,0,1,1,0,0,0,0,0,5.46834E+20,5.85793E+21,9.69577E+15,5.2869E+16
137443,3,3,58,2,2018,10,16,6,3,5,3,0,0,1,0,0,0,0,0,5.67664E+20,5.88113E+21,1.001E+16,5.30753E+16
137444,3,3,60,2,2018,10,7,6,3,0,2,0,1,1,0,0,0,0,0,6.05252E+20,5.88192E+21,1.05712E+16,5.30763E+16
137445,3,2,56,22,2018,10,11,6,2,0,7,0,0,0,0,1,0,0,1,5.12977E+20,5.83331E+21,9.19182E+15,5.26496E+16
137446,3,3,55,22,2018,10,14,6,3,0,7,0,1,0,0,0,0,0,0,5.95002E+20,5.90088E+21,1.04238E+16,5.32487E+16
137447,3,3,55,22,2018,10,14,6,3,5,3,0,1,1,0,0,0,0,0,5.93441E+20,5.89995E+21,1.04002E+16,5.32406E+16
137448,3,2,41,1,2018,10,9,5,3,5,2,0,0,1,0,0,0,1,0,5.49234E+20,5.80242E+21,9.72315E+15,5.23698E+16
137449,3,3,51,6,2018,10,16,6,3,4,3,0,1,0,0,0,0,0,0,5.72452E+20,5.83081E+21,1.00703E+16,5.26224E+16
137450,3,2,41,1,2018,10,23,6,3,0,5,2,1,1,0,0,0,0,0,5.44782E+20,5.80639E+21,9.65829E+15,5.24059E+16
137451,3,4,5,0,2018,10,22,6,3,5,3,2,1,1,0,0,0,0,1,4.40874E+20,5.93044E+21,8.10823E+15,5.35195E+16
137452,3,2,41,1,2018,10,16,6,3,2,6,0,1,1,0,0,0,0,0,5.49369E+20,5.79965E+21,9.72473E+15,5.2345E+16
137453,3,1,1,0,2018,10,18,5,3,2,2,0,0,1,0,0,0,0,1,6.00235E+20,5.79586E+21,1.04701E+16,5.23039E+16
137454,3,1,1,0,2018,10,21,6,3,4,2,2,0,1,0,0,0,0,1,6.0307E+20,5.79532E+21,1.05115E+16,5.22986E+16
137455,3,2,41,1,2018,10,14,6,3,1,5,0,1,1,0,0,0,0,0,5.52169E+20,5.80076E+21,9.766E+15,5.23546E+16
137456,3,2,41,1,2018,10,8,6,3,5,3,1,1,1,0,0,0,0,0,5.48512E+20,5.80378E+21,9.71274E+15,5.23822E+16
137457,3,1,53,17,2018,10,14,6,3,2,2,0,0,1,0,0,0,0,1,5.98977E+20,5.75213E+21,1.04389E+16,5.19112E+16
137458,3,2,41,1,2018,10,13,6,3,5,3,0,0,1,0,0,0,0,0,5.55711E+20,5.8091E+21,9.81939E+15,5.24293E+16
137459,3,2,41,1,2018,10,12,6,3,2,7,0,0,1,0,0,0,0,0,5.52953E+20,5.80574E+21,9.77829E+15,5.23993E+16
137460,3,1,57,6,2018,10,23,5,3,8,6,2,1,1,0,0,0,0,1,5.85155E+20,5.79808E+21,1.02495E+16,5.23264E+16
137461,3,2,41,5,2018,10,12,6,3,8,7,0,0,0,0,1,0,0,0,5.41498E+20,5.80836E+21,9.61026E+15,5.24239E+16
137462,3,2,41,1,2018,10,22,6,3,5,3,2,0,1,0,0,0,0,0,5.49009E+20,5.803E+21,9.71993E+15,5.23751E+16
137463,3,3,61,1,2018,10,8,6,3,1,7,0,0,1,0,0,0,0,0,4.97157E+20,5.87593E+21,8.95761E+15,5.30329E+16
137464,3,2,41,1,2018,10,15,6,3,5,2,0,1,1,0,0,0,0,0,5.50637E+20,5.80431E+21,9.74405E+15,5.23867E+16
137465,3,4,2,0,2018,10,9,5,3,7,7,0,1,0,0,0,0,0,0,3.80698E+20,5.91408E+21,7.20718E+15,5.33623E+16
137466,3,1,55,13,2018,10,13,6,3,2,2,0,0,1,0,0,0,0,0,5.59915E+20,5.74096E+21,9.8692E+15,5.18162E+16
137467,3,4,54,44,2018,10,7,4,2,5,3,2,1,1,0,0,0,0,1,3.84136E+20,5.88018E+21,7.27112E+15,5.30585E+16
137468,3,2,57,35,2018,10,10,6,3,5,3,0,1,1,0,0,0,0,0,5.13844E+20,5.79719E+21,9.20313E+15,5.23248E+16
137469,3,2,41,11,2018,10,8,4,2,0,1,0,1,0,0,0,0,0,1,5.6608E+20,5.80356E+21,9.97077E+15,5.23783E+16
137470,3,3,52,11,2018,11,11,5,3,2,6,0,0,1,0,0,1,0,0,4.8041E+20,5.96838E+21,8.70211E+15,5.38635E+16
137471,3,3,58,8,2018,11,10,5,3,2,2,0,0,1,0,0,0,0,0,5.46741E+20,5.8571E+21,9.69426E+15,5.28616E+16
137472,3,1,59,16,2018,11,13,2,3,5,3,0,1,1,0,0,0,0,0,5.64754E+20,5.71021E+21,9.93369E+15,5.15393E+16
137473,3,3,57,44,2018,11,7,5,3,5,3,0,1,1,0,0,0,0,0,5.3363E+20,5.90435E+21,9.50448E+15,5.32873E+16
137474,3,1,58,6,2018,11,15,7,3,5,3,0,0,1,0,0,0,0,0,6.12992E+20,5.79054E+21,1.06553E+16,5.22536E+16
137475,3,3,55,4,2018,11,10,5,3,6,3,0,0,1,1,0,0,0,0,5.93033E+20,5.90555E+21,1.03957E+16,5.3291E+16
137476,3,2,41,1,2018,11,13,5,3,6,7,0,0,1,1,0,0,0,0,5.5123E+20,5.80387E+21,9.75269E+15,5.23827E+16
137477,3,4,54,32,2018,11,9,2,3,5,3,0,1,1,0,0,0,0,0,3.86026E+20,5.81875E+21,7.32069E+15,5.25069E+16
137478,3,2,41,1,2018,11,13,5,3,3,6,0,1,1,0,0,0,0,0,5.50462E+20,5.80257E+21,9.74121E+15,5.2371E+16
137479,3,2,41,6,2018,11,10,5,3,5,3,0,0,1,0,0,0,1,0,5.41346E+20,5.79546E+21,9.60644E+15,5.23079E+16
137480,3,4,55,15,2018,11,12,1,3,6,2,0,0,1,1,0,0,0,0,4.30241E+20,5.93314E+21,7.94727E+15,5.35426E+16
137481,3,2,41,11,2018,11,2,5,3,1,5,2,0,1,0,0,0,0,0,5.66109E+20,5.80354E+21,9.97119E+15,5.23781E+16
137482,3,2,41,10,2018,11,15,5,3,5,3,0,1,0,0,0,0,0,0,5.45171E+20,5.8108E+21,9.66461E+15,5.24455E+16
137483,3,4,4,0,2018,11,8,6,3,0,7,0,1,0,1,1,0,1,1,4.3478E+20,5.79221E+21,8.04407E+15,5.22764E+16
137484,3,2,41,3,2018,11,7,5,3,5,3,0,1,1,0,0,0,0,0,5.69091E+20,5.81138E+21,1.00166E+16,5.24483E+16
137485,3,4,3,0,2018,11,14,6,3,2,2,0,1,1,0,0,0,0,0,4.46837E+20,5.88789E+21,8.20529E+15,5.31377E+16
137486,3,3,53,32,2018,11,20,6,2,5,3,2,1,1,0,0,0,0,0,5.73222E+20,5.91537E+21,1.01008E+16,5.33823E+16
137487,3,2,41,1,2018,11,13,5,3,5,2,0,1,0,0,0,0,1,0,5.47888E+20,5.79922E+21,9.70292E+15,5.23412E+16
137488,3,3,61,12,2018,11,8,2,3,5,3,0,0,1,0,0,0,0,0,5.14035E+20,5.8638E+21,9.20876E+15,5.29236E+16
137489,3,2,41,1,2018,11,11,5,3,5,2,0,0,1,0,0,0,1,0,5.45774E+20,5.80556E+21,9.67276E+15,5.23984E+16
137490,3,2,41,1,2018,11,7,5,3,8,1,0,0,1,0,0,0,0,0,5.48311E+20,5.80133E+21,9.70943E+15,5.23602E+16
137491,3,1,59,26,2018,11,14,1,2,9,7,0,0,1,0,0,0,0,0,5.85407E+20,5.73209E+21,1.02368E+16,5.17332E+16
137492,3,1,55,13,2018,11,16,5,3,5,3,1,0,1,0,0,0,1,0,5.60819E+20,5.74064E+21,9.88226E+15,5.18133E+16
137493,3,2,56,21,2018,11,18,5,2,5,3,2,1,1,0,0,0,0,1,5.09863E+20,5.8343E+21,9.14582E+15,5.26585E+16
137494,3,2,54,21,2018,11,15,5,3,5,3,0,1,1,0,0,0,0,0,5.67241E+20,5.7751E+21,9.98215E+15,5.21223E+16
137495,3,2,54,21,2018,11,11,5,3,5,3,0,0,1,0,1,0,0,0,5.64701E+20,5.77842E+21,9.94569E+15,5.21524E+16
137496,3,2,41,11,2018,11,17,2,3,5,3,2,1,1,0,0,0,0,0,5.66853E+20,5.80392E+21,9.9822E+15,5.23815E+16
137497,3,2,54,21,2018,11,8,5,3,5,3,0,1,1,0,0,0,0,0,5.68231E+20,5.77973E+21,9.99755E+15,5.21638E+16
137498,3,2,55,23,2018,11,17,5,3,3,5,1,1,1,0,0,0,0,0,5.31003E+20,5.74217E+21,9.4499E+15,5.18295E+16
137499,3,1,59,17,2018,11,15,5,3,5,3,0,1,1,0,0,0,0,0,5.44911E+20,5.69755E+21,9.64599E+15,5.14274E+16
137500,3,3,57,57,2018,11,5,2,3,5,3,1,1,1,0,0,0,0,1,5.20244E+20,5.90305E+21,9.30359E+15,5.32763E+16
137501,3,1,57,6,2018,11,15,5,2,5,3,0,0,1,0,1,0,0,0,5.85322E+20,5.7982E+21,1.0252E+16,5.23275E+16
137502,3,4,54,41,2018,11,16,7,3,3,2,0,1,0,0,0,0,0,0,3.954E+20,5.88142E+21,7.43872E+15,5.3072E+16
137503,3,1,2,0,2018,11,19,5,3,2,6,2,0,1,0,0,0,0,0,5.88238E+20,5.77792E+21,1.02895E+16,5.21447E+16
137504,3,1,53,2,2018,11,12,5,3,0,1,0,1,0,0,0,0,0,0,6.05196E+20,5.74907E+21,1.05284E+16,5.18825E+16
137505,3,1,1,0,2018,11,7,5,3,1,5,0,1,1,0,0,0,0,0,6.047E+20,5.79114E+21,1.05341E+16,5.22607E+16
137506,3,4,54,13,2018,10,14,4,3,4,2,0,1,0,0,1,0,0,0,3.86607E+20,5.8608E+21,7.31476E+15,5.28849E+16
137507,3,1,55,11,2018,11,13,2,3,0,2,0,1,1,0,0,0,0,0,5.69436E+20,5.72834E+21,1.00048E+16,5.17017E+16
137508,3,4,54,18,2018,10,6,4,3,0,1,2,0,0,0,1,0,0,0,3.80573E+20,5.85126E+21,7.22862E+15,5.27979E+16
137509,3,2,54,21,2018,11,13,7,3,4,6,0,0,1,0,1,0,0,0,5.64116E+20,5.7793E+21,9.93731E+15,5.21605E+16
137510,3,3,51,23,2018,10,13,4,2,0,1,0,0,0,0,1,0,0,0,5.56746E+20,5.83247E+21,9.8386E+15,5.26392E+16
137511,3,2,41,1,2018,11,16,7,3,0,7,1,0,0,0,0,0,1,0,5.48618E+20,5.80259E+21,9.71413E+15,5.23714E+16
137512,3,2,41,1,2018,10,21,4,3,4,2,2,0,1,0,1,0,0,0,5.50493E+20,5.80341E+21,9.74179E+15,5.23786E+16
137513,3,2,41,1,2018,10,8,4,3,6,6,0,0,1,1,0,0,0,0,5.49789E+20,5.80301E+21,9.73138E+15,5.23751E+16
137514,3,3,58,22,2018,11,13,6,2,4,2,0,0,1,0,1,0,0,0,5.39901E+20,5.85729E+21,9.5927E+15,5.28639E+16
137515,3,2,41,16,2018,10,15,4,2,0,7,0,1,0,0,0,0,0,0,5.66194E+20,5.79753E+21,9.97126E+15,5.23241E+16
137516,3,2,41,1,2018,10,21,4,3,6,4,2,0,1,1,0,0,0,0,5.55764E+20,5.80477E+21,9.81945E+15,5.23903E+16
137517,3,1,59,16,2018,11,13,2,3,4,2,0,0,1,0,0,0,0,0,5.6539E+20,5.71227E+21,9.94324E+15,5.15577E+16
137518,3,2,41,5,2018,10,9,4,2,9,6,0,0,1,0,1,0,1,0,5.41095E+20,5.80727E+21,9.6042E+15,5.24141E+16
137519,3,1,1,0,2018,11,22,7,3,5,3,2,0,1,0,0,0,0,0,6.03482E+20,5.79092E+21,1.05162E+16,5.22589E+16
137520,3,2,41,1,2018,10,13,4,3,0,2,0,1,1,0,0,0,0,0,5.54781E+20,5.80721E+21,9.8054E+15,5.24123E+16
137521,3,4,1,0,2018,11,12,6,3,5,3,0,1,1,0,0,0,0,0,4.75486E+20,5.87771E+21,8.63431E+15,5.30484E+16
137522,3,3,58,21,2018,11,15,6,3,5,2,0,1,1,0,0,0,0,0,5.56942E+20,5.87031E+21,9.84808E+15,5.29794E+16
137523,3,1,1,0,2018,10,20,4,3,3,2,2,1,1,0,0,0,0,0,6.04628E+20,5.79245E+21,1.05334E+16,5.22725E+16
137524,3,4,53,7,2018,11,13,2,3,5,3,0,1,1,0,0,0,0,0,4.23968E+20,5.87567E+21,7.86639E+15,5.30251E+16
137525,3,1,1,0,2018,10,16,4,3,5,2,0,1,1,0,0,0,0,0,6.03743E+20,5.79317E+21,1.05207E+16,5.22791E+16
137526,3,4,59,30,2018,10,14,3,3,5,3,0,1,1,0,0,0,0,1,4.29084E+20,5.83697E+21,7.95107E+15,5.2678E+16
137527,3,2,51,12,2018,11,17,1,2,5,3,2,1,1,0,0,0,0,0,4.56054E+20,5.82871E+21,8.35105E+15,5.26067E+16
137528,3,4,53,4,2018,11,13,6,3,5,2,0,1,1,0,0,0,0,0,4.3614E+20,5.85612E+21,8.05168E+15,5.2851E+16
137529,3,4,4,0,2018,10,6,3,3,0,1,1,1,0,0,0,0,0,1,4.34756E+20,5.79236E+21,8.04368E+15,5.22778E+16
137530,3,4,4,0,2018,10,21,3,3,2,6,2,0,1,0,0,0,0,1,4.35075E+20,5.79543E+21,8.04776E+15,5.23054E+16
137531,3,4,4,0,2018,10,13,3,3,0,1,0,0,0,0,1,0,1,1,4.34937E+20,5.79093E+21,8.04661E+15,5.22649E+16
137532,3,4,4,0,2018,11,19,1,3,0,1,2,1,0,0,0,0,0,1,4.33237E+20,5.7937E+21,8.02115E+15,5.22896E+16
137533,3,4,2,0,2018,10,7,3,3,1,5,0,1,1,0,0,0,0,1,3.80086E+20,5.91521E+21,7.19754E+15,5.33724E+16
137534,3,4,2,0,2018,11,7,6,3,0,7,2,0,0,0,1,0,0,1,3.81168E+20,5.91409E+21,7.21423E+15,5.33626E+16
137535,3,4,57,14,2018,10,8,3,3,3,6,0,1,0,0,0,1,0,1,3.96117E+20,5.90768E+21,7.44089E+15,5.33081E+16
137536,3,4,1,0,2018,11,8,6,3,5,3,0,1,1,0,0,0,0,1,4.76045E+20,5.87819E+21,8.64261E+15,5.30526E+16
137537,3,4,62,19,2018,10,13,3,3,5,2,0,1,1,0,0,0,0,1,4.19172E+20,5.937E+21,7.77927E+15,5.35756E+16
137538,3,3,59,38,2018,11,10,2,3,9,1,0,0,1,0,0,0,0,1,5.31596E+20,5.93864E+21,9.47741E+15,5.35956E+16
137539,3,4,60,9,2018,10,15,3,3,5,3,0,1,1,0,0,0,0,0,4.51016E+20,5.84306E+21,8.27452E+15,5.27352E+16
137540,3,2,54,21,2018,11,16,1,3,6,4,1,0,1,1,0,0,0,0,5.65305E+20,5.77819E+21,9.95447E+15,5.21503E+16
137541,3,3,56,5,2018,10,13,3,3,4,6,0,1,0,0,0,0,0,1,4.92934E+20,5.88717E+21,8.89439E+15,5.31339E+16
137542,3,4,51,5,2018,10,18,3,2,9,6,2,0,1,0,0,0,0,1,4.4948E+20,5.89783E+21,8.24322E+15,5.32273E+16