OBJECTID_1,ULAND,UREGBEZ,UKREIS,UGEMEINDE,UJAHR,UMONAT,USTUNDE,UWOCHENTAG,UKATEGORIE,UART,UTYP1,ULICHTVERH,IstRad,IstPKW,IstFuss,IstKrad,IstGkfz,IstSonstig,STRZUSTAND,LINREFX,LINREFY,XGCSWGS84,YGCSWGS84
137729,3,3,53,40,2018,11,18,7,3,8,1,2,0,1,0,0,0,0,1,5.82065E+20,5.91298E+21,1.02331E+16,5.33596E+16
137730,3,2,54,21,2018,11,7,4,3,5,3,0,1,1,0,0,0,0,0,5.64116E+20,5.7793E+21,9.93731E+15,5.21605E+16
137731,3,1,59,16,2018,11,18,4,3,5,3,2,0,1,0,0,0,0,0,5.64828E+20,5.71072E+21,9.93486E+15,5.15439E+16
137732,3,4,55,15,2018,11,7,5,3,5,2,1,1,1,0,0,0,0,0,4.29677E+20,5.93288E+21,7.93883E+15,5.35401E+16
137733,3,2,54,21,2018,11,20,3,3,5,3,2,0,1,0,0,0,0,0,5.66114E+20,5.77687E+21,9.96604E+15,5.21384E+16
137734,3,4,53,7,2018,11,13,4,3,5,3,0,1,1,0,0,0,0,0,4.23276E+20,5.87631E+21,7.85591E+15,5.30308E+16
137735,3,1,59,16,2018,11,7,2,3,5,2,0,1,1,0,0,0,0,1,5.64285E+20,5.7104E+21,9.92697E+15,5.1541E+16
137736,3,1,59,16,2018,11,17,4,3,5,3,2,1,1,0,0,0,0,0,5.65224E+20,5.70911E+21,9.94027E+15,5.15294E+16
137737,3,4,57,16,2018,11,15,4,3,6,6,0,0,1,1,0,0,0,0,4.02906E+20,5.90233E+21,7.54437E+15,5.32613E+16
137738,3,2,41,10,2018,11,15,2,3,5,2,0,1,0,0,0,0,1,0,5.50049E+20,5.81037E+21,9.73631E+15,5.24413E+16
137739,3,4,54,12,2018,11,10,6,2,8,1,0,0,1,0,0,0,0,0,4.03471E+20,5.81589E+21,7.57846E+15,5.24846E+16
137740,3,4,53,4,2018,11,5,6,3,8,1,2,0,1,0,0,0,0,1,4.39001E+20,5.85331E+21,8.09468E+15,5.28261E+16
137741,3,3,59,38,2018,11,12,7,2,4,6,0,0,1,0,0,0,1,1,5.29266E+20,5.93917E+21,9.44225E+15,5.36006E+16
137742,3,1,3,0,2018,11,16,4,3,0,5,0,0,1,0,0,0,1,0,6.22625E+20,5.81288E+21,1.08045E+16,5.24523E+16
137743,3,1,3,0,2018,11,14,4,2,5,3,0,1,1,0,0,0,0,0,6.22424E+20,5.81262E+21,1.08015E+16,5.245E+16
137744,3,4,1,0,2018,11,13,5,3,1,5,0,1,1,0,0,0,0,0,4.74017E+20,5.87755E+21,8.6124E+15,5.30468E+16
137745,3,4,4,0,2018,11,11,2,3,6,2,0,0,1,1,0,0,0,0,4.38734E+20,5.7924E+21,8.10198E+15,5.22785E+16
137746,3,4,55,20,2018,11,5,4,3,9,1,1,0,0,0,0,0,1,1,4.28748E+20,5.93974E+21,7.92324E+15,5.36016E+16
137747,3,1,1,0,2018,11,11,2,3,0,2,0,0,1,0,1,0,0,1,6.04849E+20,5.79248E+21,1.05367E+16,5.22727E+16
137748,3,1,53,12,2018,11,4,7,3,1,5,2,0,1,0,0,0,0,0,5.80871E+20,5.74954E+21,1.01752E+16,5.18908E+16
137749,3,1,51,25,2018,11,7,4,3,6,2,1,0,1,1,0,0,0,1,6.13553E+20,5.8251E+21,1.06753E+16,5.25641E+16
137750,3,2,54,21,2018,11,22,7,3,2,6,2,0,1,0,0,0,0,1,5.65462E+20,5.77849E+21,9.95684E+15,5.2153E+16
137751,3,1,51,9,2018,11,11,4,2,5,3,0,1,1,0,0,0,0,0,6.06391E+20,5.81612E+21,1.05668E+16,5.24848E+16
137752,3,1,1,0,2018,11,13,4,3,5,3,0,0,1,0,0,0,0,0,6.03328E+20,5.79748E+21,1.05159E+16,5.23179E+16
137753,3,3,51,23,2018,11,17,5,3,5,3,2,0,0,0,0,0,1,1,5.56388E+20,5.83394E+21,9.83356E+15,5.26524E+16
137754,3,4,54,21,2018,11,17,2,2,1,7,2,0,1,0,1,0,0,0,4.04978E+20,5.83759E+21,7.59444E+15,5.26799E+16
137755,3,4,3,0,2018,11,8,4,3,2,6,0,0,1,0,0,0,0,0,4.47791E+20,5.88971E+21,8.21925E+15,5.31542E+16
137756,3,4,53,7,2018,11,14,1,3,5,3,0,0,1,0,0,0,0,0,4.23727E+20,5.87556E+21,7.86281E+15,5.30242E+16
137757,3,1,1,0,2018,11,14,4,3,5,2,0,1,1,0,0,0,0,0,6.05435E+20,5.79304E+21,1.05454E+16,5.22776E+16
137758,3,4,59,30,2018,11,15,5,3,3,6,0,1,1,0,0,0,0,0,4.28385E+20,5.83614E+21,7.9409E+15,5.26705E+16
137759,3,4,59,19,2018,11,16,3,3,2,6,0,0,1,0,0,0,0,0,4.32733E+20,5.78435E+21,8.01563E+15,5.22055E+16
137760,3,1,59,16,2018,11,19,5,3,3,2,1,0,1,0,0,0,0,0,5.63588E+20,5.71042E+21,9.91692E+15,5.15413E+16
137761,3,3,59,10,2018,11,17,2,3,6,6,1,1,0,1,0,0,0,1,5.46407E+20,5.92544E+21,9.69922E+15,5.34759E+16
137762,3,4,59,6,2018,11,10,3,3,3,6,0,1,1,0,0,0,0,1,4.43193E+20,5.7699E+21,8.17109E+15,5.20768E+16
137763,3,2,41,1,2018,11,8,5,3,0,7,0,0,0,0,1,0,0,1,5.48657E+20,5.80497E+21,9.71505E+15,5.23928E+16
137764,3,4,5,0,2018,11,8,2,3,4,2,0,0,1,0,0,0,0,1,4.41442E+20,5.93066E+21,8.11675E+15,5.35216E+16
137765,3,3,59,10,2018,11,11,4,3,5,3,0,0,1,0,0,0,0,0,5.46037E+20,5.92479E+21,9.69355E+15,5.34701E+16
137766,3,2,41,1,2018,11,17,1,3,7,7,2,1,0,0,0,0,0,0,5.52768E+20,5.80178E+21,9.77494E+15,5.23638E+16
137767,3,2,41,14,2018,11,12,4,3,2,6,0,1,0,0,0,0,0,0,5.44327E+20,5.79589E+21,9.65022E+15,5.23116E+16
137768,3,4,55,15,2018,11,19,6,3,5,2,2,0,1,0,0,0,0,1,4.30227E+20,5.93312E+21,7.94706E+15,5.35423E+16
137769,3,4,4,0,2018,11,18,3,3,5,2,2,1,1,0,0,0,0,0,4.34879E+20,5.79091E+21,8.04577E+15,5.22647E+16
137770,3,4,54,35,2018,11,20,5,3,4,2,2,1,1,0,0,0,0,0,3.84915E+20,5.84069E+21,7.2967E+15,5.27039E+16
137771,3,4,4,0,2018,11,8,3,3,0,7,0,0,0,0,1,0,0,0,4.32854E+20,5.79436E+21,8.0154E+15,5.22954E+16
137772,3,4,59,15,2018,11,16,4,2,5,3,0,1,1,0,0,0,0,0,4.4454E+20,5.77391E+21,8.1901E+15,5.2113E+16
137773,3,2,41,1,2018,11,10,2,3,2,6,0,0,1,0,0,0,1,1,5.55956E+20,5.7995E+21,9.82138E+15,5.2343E+16
137774,3,4,52,23,2018,11,18,6,3,5,3,2,0,1,0,0,0,0,0,3.9436E+20,5.92638E+21,7.40827E+15,5.34758E+16
137775,3,4,5,0,2018,11,17,6,2,4,2,2,1,1,0,0,0,0,1,4.42156E+20,5.93275E+21,8.12713E+15,5.35405E+16
137776,3,3,59,10,2018,11,13,7,3,0,4,0,0,1,1,0,0,0,0,5.45983E+20,5.92507E+21,9.69277E+15,5.34726E+16
137777,3,4,4,0,2018,11,8,3,3,5,2,0,1,1,0,0,0,0,0,4.34708E+20,5.79091E+21,8.04326E+15,5.22647E+16
137778,3,4,2,0,2018,11,9,3,2,5,3,0,1,1,0,0,0,0,0,3.80486E+20,5.9142E+21,7.20395E+15,5.33634E+16
137779,3,3,55,22,2018,11,10,4,3,5,2,0,1,1,0,0,0,0,0,5.93741E+20,5.89972E+21,1.04046E+16,5.32384E+16
137780,3,4,55,15,2018,11,16,7,3,5,2,0,1,1,0,0,0,0,0,4.30604E+20,5.93313E+21,7.95275E+15,5.35425E+16
137781,3,4,54,18,2018,11,10,6,3,9,7,0,0,1,0,0,0,0,0,3.80469E+20,5.84996E+21,7.22756E+15,5.27862E+16
137782,3,2,41,2,2018,11,16,4,3,0,7,0,0,1,0,1,0,0,0,5.31773E+20,5.7963E+21,9.46612E+15,5.23161E+16
137783,3,4,54,55,2018,11,23,3,3,8,1,2,0,1,0,0,0,0,0,4.17549E+20,5.86046E+21,7.77457E+15,5.28875E+16
137784,3,4,52,23,2018,11,5,5,3,8,7,2,0,1,0,0,0,0,0,3.94441E+20,5.92635E+21,7.40949E+15,5.34756E+16
137785,3,4,54,41,2018,11,20,3,3,1,5,2,0,1,0,0,0,0,0,3.87885E+20,5.87871E+21,7.32755E+15,5.30462E+16
137786,3,4,56,2,2018,11,12,4,3,5,3,0,0,1,0,0,0,0,0,3.55222E+20,5.83153E+21,6.86156E+15,5.26144E+16
137787,3,2,41,1,2018,11,11,2,3,4,6,0,0,1,0,0,0,0,0,5.50764E+20,5.80277E+21,9.74567E+15,5.23728E+16
137788,3,4,53,1,2018,11,13,6,3,6,7,0,0,1,1,0,0,0,0,4.16897E+20,5.8907E+21,7.75709E+15,5.31592E+16
137789,3,2,41,1,2018,11,13,7,3,0,2,0,1,1,0,0,0,0,0,5.50562E+20,5.80406E+21,9.7429E+15,5.23844E+16
137790,3,4,54,41,2018,11,7,3,3,5,3,0,1,0,0,0,0,1,1,3.92779E+20,5.88204E+21,7.39941E+15,5.30771E+16
137791,3,4,56,15,2018,11,15,3,3,5,3,0,0,1,0,0,0,0,0,3.69556E+20,5.80878E+21,7.08207E+15,5.24136E+16
137792,3,3,59,38,2018,11,15,5,2,0,1,0,1,0,0,0,0,1,1,5.31469E+20,5.93821E+21,9.47544E+15,5.35918E+16
137793,3,4,4,0,2018,11,12,2,3,2,6,0,0,1,0,0,0,0,1,4.39212E+20,5.79007E+21,8.1094E+15,5.22577E+16
137794,3,4,51,7,2018,11,14,4,3,3,1,0,1,0,0,0,1,0,0,4.26328E+20,5.89487E+21,7.89716E+15,5.3198E+16
137795,3,4,54,32,2018,11,0,1,3,9,7,2,0,1,0,0,0,0,1,3.85108E+20,5.82068E+21,7.30651E+15,5.25241E+16
137796,3,4,3,0,2018,11,14,5,3,5,3,0,1,1,0,0,0,0,0,4.46867E+20,5.88941E+21,8.20548E+15,5.31514E+16
137797,3,2,52,6,2018,11,7,3,3,0,1,0,1,0,0,0,0,0,1,5.25497E+20,5.77211E+21,9.37223E+15,5.2099E+16
137798,3,4,53,4,2018,11,15,4,3,5,3,0,1,1,0,0,0,0,0,4.37333E+20,5.85567E+21,8.06949E+15,5.28471E+16
137799,3,1,57,6,2018,11,10,2,3,5,3,0,0,1,0,0,1,0,1,5.85884E+20,5.79975E+21,1.02607E+16,5.23413E+16
137800,3,1,3,0,2018,11,17,7,3,2,6,2,0,1,0,0,0,0,1,6.21131E+20,5.80822E+21,1.07809E+16,5.24108E+16
137801,3,4,56,15,2018,11,11,3,3,2,6,0,0,1,0,1,0,0,0,3.684E+20,5.81162E+21,7.06395E+15,5.24389E+16
137802,3,4,54,18,2018,11,6,3,3,0,6,1,0,0,0,1,0,1,0,3.79574E+20,5.85073E+21,7.214E+15,5.27929E+16
137803,3,2,41,10,2018,11,13,5,3,1,7,0,0,1,0,0,0,0,0,5.47612E+20,5.81011E+21,9.70042E+15,5.24391E+16
137804,3,4,54,10,2018,11,9,2,2,5,3,0,0,1,0,0,0,1,1,3.85909E+20,5.80123E+21,7.32496E+15,5.23495E+16
137805,3,4,3,0,2018,11,7,6,3,6,4,0,0,1,1,0,0,0,1,4.48449E+20,5.88818E+21,8.22934E+15,5.31405E+16
137806,3,4,59,4,2018,11,10,6,3,0,7,0,0,1,0,0,0,0,1,4.35272E+20,5.77763E+21,8.05406E+15,5.21454E+16
137807,3,3,53,26,2018,11,9,4,3,4,2,0,1,1,0,0,0,0,0,5.52837E+20,5.92482E+21,9.79598E+15,5.34698E+16
137808,3,3,52,61,2018,11,17,1,3,0,7,2,0,0,0,1,0,1,1,4.70035E+20,5.95439E+21,8.54572E+15,5.37373E+16
137809,3,2,41,1,2018,11,15,4,3,5,3,0,1,1,0,0,0,0,0,5.52558E+20,5.80242E+21,9.77196E+15,5.23695E+16
137810,3,4,55,7,2018,11,17,3,3,5,3,1,1,0,0,0,0,0,1,4.26931E+20,5.93659E+21,7.89652E+15,5.35731E+16
137811,3,1,1,0,2018,11,22,7,3,2,6,2,0,1,0,0,0,0,0,6.04131E+20,5.79137E+21,1.05258E+16,5.22628E+16
137812,3,3,61,12,2018,11,22,3,3,8,1,2,0,1,0,0,0,0,0,5.15599E+20,5.86449E+21,9.23206E+15,5.29298E+16
137813,3,1,59,16,2018,11,8,6,3,5,2,0,1,1,0,0,0,0,1,5.64607E+20,5.71251E+21,9.93199E+15,5.156E+16
137814,3,4,3,0,2018,11,19,3,3,5,3,2,1,1,0,0,0,0,0,4.47537E+20,5.88844E+21,8.21566E+15,5.31427E+16
137815,3,2,56,22,2018,11,18,5,3,5,3,2,1,1,0,0,0,0,0,5.15246E+20,5.83082E+21,9.22525E+15,5.26272E+16
137816,3,4,3,0,2018,11,16,2,3,6,7,1,0,0,1,0,0,1,1,4.48745E+20,5.88917E+21,8.23361E+15,5.31495E+16
137817,3,4,3,0,2018,11,7,6,2,6,2,2,0,1,1,0,0,0,1,4.4494E+20,5.88941E+21,8.17667E+15,5.31512E+16
137818,3,3,58,21,2018,11,16,4,3,5,2,2,0,1,0,0,0,0,0,5.56782E+20,5.87084E+21,9.8458E+15,5.29841E+16
137819,3,4,4,0,2018,11,22,7,3,5,3,2,1,1,0,0,0,0,1,4.3521E+20,5.79196E+21,8.05042E+15,5.22742E+16
137820,3,2,41,5,2018,11,17,4,3,2,6,2,0,1,0,0,0,0,0,5.39978E+20,5.80759E+21,9.58782E+15,5.2417E+16
137821,3,4,5,0,2018,11,22,6,3,9,1,2,0,1,0,0,0,0,0,4.37165E+20,5.93703E+21,8.05097E+15,5.35783E+16
137822,3,4,3,0,2018,11,10,3,3,5,3,0,1,1,0,0,0,0,0,4.48214E+20,5.88924E+21,8.22565E+15,5.315E+16
137823,3,4,54,32,2018,11,16,5,3,5,3,0,1,1,0,0,0,0,0,3.86191E+20,5.81841E+21,7.32325E+15,5.2504E+16
137824,3,4,3,0,2018,11,10,3,3,5,2,0,1,1,0,0,0,0,0,4.4817E+20,5.88871E+21,8.22508E+15,5.31453E+16
137825,3,4,61,2,2018,11,5,6,3,6,2,2,0,1,1,0,0,0,1,4.65426E+20,5.90852E+21,8.48091E+15,5.33248E+16
137826,3,4,2,0,2018,11,12,4,3,2,6,0,1,0,0,0,0,0,0,3.79319E+20,5.91317E+21,7.18681E+15,5.33539E+16
137827,3,2,41,12,2018,11,13,2,3,5,3,0,0,1,0,1,0,0,1,5.31385E+20,5.81761E+21,9.46243E+15,5.25077E+16
137828,3,4,4,0,2018,11,10,5,3,5,3,0,1,1,0,0,0,0,0,4.36458E+20,5.79027E+21,8.06902E+15,5.22592E+16
137829,3,3,53,5,2018,11,13,3,3,6,5,0,0,1,1,0,0,0,0,5.57517E+20,5.9102E+21,9.86381E+15,5.33378E+16
137830,3,1,3,0,2018,11,22,5,3,5,3,2,1,1,0,0,0,0,0,6.22304E+20,5.81094E+21,1.07991E+16,5.24349E+16
137831,3,3,55,22,2018,11,8,2,3,0,1,0,0,0,0,1,0,0,1,5.93124E+20,5.89877E+21,1.03951E+16,5.32301E+16
137832,3,4,58,13,2018,11,10,6,3,5,3,0,1,1,0,0,0,0,1,4.46162E+20,5.87949E+21,8.1966E+15,5.30622E+16
137833,3,2,41,1,2018,11,14,4,3,4,2,0,1,1,0,0,0,0,0,5.4731E+20,5.80674E+21,9.6955E+15,5.24089E+16
137834,3,3,52,11,2018,11,6,7,3,0,7,2,1,0,0,0,0,0,1,4.79529E+20,5.9687E+21,8.68869E+15,5.38664E+16
137835,3,3,60,23,2018,11,17,3,3,2,6,2,1,0,0,0,0,1,0,6.00736E+20,5.86398E+21,1.04982E+16,5.2916E+16
137836,3,3,54,18,2018,11,7,3,3,0,2,1,0,1,0,1,0,0,0,6.45173E+20,5.8707E+21,1.11617E+16,5.29662E+16
137837,3,4,55,26,2018,11,9,5,3,0,5,0,0,1,0,1,0,0,1,4.4305E+20,5.9168E+21,8.14351E+15,5.33973E+16
137838,3,3,55,4,2018,11,19,3,3,6,4,2,0,1,1,0,0,0,0,5.92342E+20,5.90565E+21,1.03854E+16,5.3292E+16
137839,3,3,53,40,2018,11,10,6,3,2,6,0,0,1,0,0,0,0,1,5.80591E+20,5.91247E+21,1.02109E+16,5.33552E+16
137840,3,4,54,10,2018,11,8,4,3,5,3,0,0,1,0,0,0,0,0,3.83688E+20,5.80609E+21,7.29068E+15,5.23927E+16
137841,3,1,59,16,2018,11,13,2,3,6,3,0,0,1,1,0,0,0,0,5.64828E+20,5.7116E+21,9.93502E+15,5.15518E+16
137842,3,3,53,5,2018,11,9,6,2,6,2,0,0,1,1,0,0,0,1,5.58375E+20,5.90897E+21,9.87648E+15,5.33267E+16
137843,3,1,55,11,2018,11,20,7,3,2,6,2,0,1,0,0,0,0,0,5.68816E+20,5.72831E+21,9.99582E+15,5.17015E+16
137844,3,3,55,22,2018,11,8,3,3,0,7,0,1,0,0,0,0,0,1,5.93471E+20,5.89869E+21,1.04003E+16,5.32293E+16
137845,3,3,59,36,2018,11,10,7,2,2,2,0,0,1,0,0,0,0,1,5.16323E+20,5.93547E+21,9.24647E+15,5.35679E+16
137846,3,2,41,1,2018,11,15,3,3,0,7,0,0,0,1,0,0,1,0,5.49249E+20,5.80253E+21,9.72338E+15,5.23708E+16
137847,3,2,41,1,2018,11,9,3,3,1,5,0,1,1,0,0,0,0,0,5.47809E+20,5.80299E+21,9.7023E+15,5.2375E+16
137848,3,4,3,0,2018,11,9,5,3,4,2,0,1,0,0,0,0,1,0,4.49043E+20,5.89098E+21,8.23777E+15,5.31657E+16
137849,3,1,3,0,2018,11,7,3,3,2,6,0,0,1,0,0,0,0,1,6.21094E+20,5.80982E+21,1.07809E+16,5.24252E+16
137850,3,3,53,5,2018,11,9,6,3,5,3,0,0,1,0,0,0,0,1,5.57944E+20,5.90886E+21,9.86998E+15,5.33257E+16
137851,3,4,55,27,2018,11,12,4,3,0,7,0,0,1,0,0,0,0,0,4.30479E+20,5.91911E+21,7.95397E+15,5.34165E+16
137852,3,1,1,0,2018,11,12,2,3,5,3,0,1,0,0,0,0,1,0,6.03677E+20,5.79315E+21,1.05197E+16,5.22789E+16
137853,3,1,58,37,2018,11,18,7,3,4,2,2,0,1,0,0,0,1,1,6.04898E+20,5.77985E+21,1.05335E+16,5.21592E+16
137854,3,2,41,1,2018,11,17,3,3,5,3,2,0,1,0,0,0,1,0,5.51106E+20,5.80202E+21,9.75058E+15,5.23661E+16
137855,3,2,41,1,2018,11,13,3,3,1,5,0,0,1,0,0,0,0,0,5.56709E+20,5.80501E+21,9.83336E+15,5.23924E+16
137856,3,2,41,1,2018,11,16,5,3,5,2,1,1,1,0,0,0,0,0,5.54748E+20,5.80689E+21,9.80486E+15,5.24095E+16
137857,3,4,52,1,2018,11,13,2,3,9,1,0,0,1,0,0,0,0,1,3.97983E+20,5.92348E+21,7.46377E+15,5.34504E+16
137858,3,2,41,1,2018,11,9,3,3,2,6,0,0,1,0,0,0,0,0,5.50124E+20,5.80812E+21,9.73707E+15,5.2421E+16
137859,3,3,60,25,2018,11,18,5,3,5,3,2,1,0,0,0,1,0,0,6.05336E+20,5.87196E+21,1.05692E+16,5.29868E+16
137860,3,4,56,15,2018,11,15,2,3,5,2,0,1,1,0,0,0,0,1,3.67176E+20,5.8104E+21,7.04645E+15,5.24277E+16
137861,3,3,59,10,2018,11,21,6,3,4,2,2,0,1,0,0,0,0,1,5.44145E+20,5.92515E+21,9.66509E+15,5.34735E+16
137862,3,4,3,0,2018,11,14,4,3,4,6,0,1,0,0,0,0,0,0,4.4696E+20,5.89215E+21,8.20641E+15,5.31761E+16
137863,3,4,52,6,2018,11,6,1,3,6,6,2,0,1,1,0,0,0,1,4.12502E+20,5.91978E+21,7.68337E+15,5.34198E+16
137864,3,1,1,0,2018,11,0,7,3,8,1,2,0,1,0,0,0,0,0,6.02191E+20,5.79735E+21,1.04992E+16,5.23169E+16
137865,3,2,41,1,2018,11,14,3,3,0,1,0,1,0,0,0,0,0,0,5.53054E+20,5.80581E+21,9.77979E+15,5.24E+16
137866,3,1,1,0,2018,11,13,6,3,4,2,0,1,1,0,0,0,0,0,6.04721E+20,5.79178E+21,1.05346E+16,5.22664E+16
137867,3,2,41,1,2018,11,9,3,3,3,6,0,0,1,0,1,0,0,0,5.51045E+20,5.80317E+21,9.74986E+15,5.23764E+16
137868,3,2,55,23,2018,11,19,5,3,6,2,2,0,1,1,0,0,0,0,5.30957E+20,5.74206E+21,9.44922E+15,5.18285E+16
137869,3,2,51,40,2018,11,12,2,3,5,3,0,1,1,0,0,0,0,1,4.86884E+20,5.83682E+21,8.80599E+15,5.26812E+16
137870,3,3,59,38,2018,11,7,6,3,5,2,1,1,1,0,0,0,0,1,5.31536E+20,5.94005E+21,9.47664E+15,5.36083E+16
137871,3,3,55,22,2018,11,16,4,3,2,6,0,0,1,0,0,0,0,0,5.93834E+20,5.89848E+21,1.04056E+16,5.32274E+16
137872,3,4,53,12,2018,11,4,7,2,6,4,2,0,1,1,0,0,0,0,4.27787E+20,5.85586E+21,7.92772E+15,5.28477E+16
137873,3,2,41,1,2018,11,17,4,3,5,2,1,1,1,0,0,0,0,0,5.50336E+20,5.80487E+21,9.73971E+15,5.23918E+16
137874,3,3,51,26,2018,11,11,6,3,6,5,0,0,1,1,0,0,0,1,5.87183E+20,5.85562E+21,1.02944E+16,5.28433E+16
137875,3,3,59,28,2018,11,9,4,3,0,7,0,1,1,0,0,0,0,0,5.45008E+20,5.93182E+21,9.67907E+15,5.35334E+16
137876,3,3,55,22,2018,11,13,1,3,4,2,0,1,1,0,0,0,0,0,5.92252E+20,5.89754E+21,1.03817E+16,5.32192E+16
137877,3,2,41,21,2018,11,18,4,3,5,3,2,1,1,0,0,0,0,0,5.29797E+20,5.80743E+21,9.43812E+15,5.24163E+16
137878,3,2,41,11,2018,11,12,3,3,5,3,0,0,1,0,0,0,0,0,5.66863E+20,5.80392E+21,9.98235E+15,5.23815E+16
137879,3,4,54,41,2018,11,14,5,3,4,2,0,1,1,0,0,0,0,0,3.91595E+20,5.88275E+21,7.38151E+15,5.30832E+16
137880,3,2,41,3,2018,11,14,3,3,0,7,0,1,0,0,0,0,0,0,5.6777E+20,5.81214E+21,9.99734E+15,5.24553E+16
137881,3,3,51,6,2018,11,7,6,3,5,3,0,1,1,0,0,0,0,1,5.72815E+20,5.82919E+21,1.00753E+16,5.26078E+16
137882,3,1,1,0,2018,11,9,5,3,3,6,0,0,1,0,0,0,1,1,6.0423E+20,5.7918E+21,1.05274E+16,5.22667E+16
137883,3,2,41,1,2018,11,20,2,3,5,3,2,1,1,0,0,0,0,1,5.49709E+20,5.80234E+21,9.73011E+15,5.2369E+16
137884,3,2,41,1,2018,11,7,6,3,5,7,0,1,1,0,0,0,0,1,5.47693E+20,5.80481E+21,9.70085E+15,5.23915E+16
137885,3,2,41,1,2018,11,15,4,3,3,6,0,1,0,0,1,0,0,0,5.48587E+20,5.80255E+21,9.71366E+15,5.23711E+16
137886,3,3,59,10,2018,11,23,7,2,5,3,2,0,1,0,0,0,0,1,5.45811E+20,5.92484E+21,9.69016E+15,5.34706E+16
137887,3,4,54,35,2018,11,21,6,2,2,6,2,1,1,0,0,0,0,0,3.84136E+20,5.83919E+21,7.28571E+15,5.26903E+16
137888,3,2,41,1,2018,11,18,3,3,5,3,1,1,1,0,0,0,0,0,5.51212E+20,5.80524E+21,9.75263E+15,5.2395E+16
137889,3,2,41,1,2018,11,15,3,3,3,2,0,1,1,0,0,0,0,0,5.53867E+20,5.80618E+21,9.79179E+15,5.24032E+16
137890,3,3,61,12,2018,11,16,5,3,0,4,0,0,1,1,0,0,0,0,5.15583E+20,5.86456E+21,9.23183E+15,5.29304E+16
137891,3,2,54,21,2018,11,9,3,2,5,3,0,1,1,0,0,0,0,1,5.65522E+20,5.77861E+21,9.95773E+15,5.21541E+16
137892,3,2,41,1,2018,11,9,6,3,0,6,0,0,0,0,1,0,0,1,5.49852E+20,5.80454E+21,9.73254E+15,5.23889E+16
137893,3,2,41,1,2018,11,9,3,1,6,4,0,0,0,1,0,1,0,0,5.49243E+20,5.8024E+21,9.72327E+15,5.23697E+16
137894,3,4,52,1,2018,11,18,5,3,0,2,2,1,1,0,0,0,0,0,3.98277E+20,5.92579E+21,7.46745E+15,5.34713E+16
137895,3,1,59,26,2018,11,13,3,3,5,3,0,0,1,0,0,1,0,0,5.83864E+20,5.73421E+21,1.02149E+16,5.17525E+16
137896,3,2,41,1,2018,11,19,6,3,4,2,2,1,1,0,0,0,0,0,5.50242E+20,5.8041E+21,9.7382E+15,5.23848E+16
137897,3,4,57,17,2018,11,21,4,3,1,5,2,0,1,0,0,0,0,1,4.07029E+20,5.88832E+21,7.61024E+15,5.31361E+16
137898,3,2,41,1,2018,11,14,2,3,6,4,0,0,1,1,0,0,0,1,5.54299E+20,5.79849E+21,9.7969E+15,5.2334E+16
137899,3,2,41,1,2018,11,19,6,3,0,7,2,1,0,0,0,0,0,1,5.50357E+20,5.8039E+21,9.73987E+15,5.2383E+16
137900,3,2,41,9,2018,11,16,7,2,5,3,1,1,1,0,0,0,0,0,5.55361E+20,5.79491E+21,9.8119E+15,5.23017E+16
137901,3,2,54,14,2018,11,18,3,3,2,6,2,0,1,0,1,0,0,0,5.504E+20,5.77469E+21,9.73613E+15,5.21204E+16
137902,3,4,59,24,2018,11,14,6,3,5,3,0,1,1,0,0,0,0,0,4.55707E+20,5.78434E+21,8.3518E+15,5.22077E+16
137903,3,2,54,2,2018,11,11,3,3,0,7,0,0,1,0,1,0,0,0,5.57514E+20,5.76015E+21,9.83758E+15,5.1989E+16
137904,3,3,59,10,2018,11,10,5,3,5,3,0,0,1,0,0,0,1,0,5.4787E+20,5.92437E+21,9.72109E+15,5.34662E+16
137905,3,4,4,0,2018,11,15,2,3,3,7,1,1,1,0,0,0,0,1,4.3336E+20,5.79205E+21,8.02329E+15,5.22748E+16
137906,3,2,41,1,2018,11,11,6,3,2,6,0,0,1,0,0,0,0,1,5.50775E+20,5.80503E+21,9.74617E+15,5.23932E+16
137907,3,3,61,1,2018,11,8,4,3,0,6,0,1,0,1,0,0,0,0,5.04999E+20,5.87297E+21,9.0745E+15,5.30063E+16
137908,3,4,54,45,2018,11,2,1,3,8,1,2,0,1,0,0,0,0,1,3.85711E+20,5.79668E+21,7.3236E+15,5.23086E+16
137909,3,2,41,1,2018,11,10,6,3,0,7,0,1,0,0,0,0,0,1,5.52555E+20,5.80279E+21,9.77198E+15,5.23729E+16
137910,3,1,51,9,2018,11,23,7,3,8,1,2,0,1,0,0,0,0,1,6.04739E+20,5.8165E+21,1.05426E+16,5.24886E+16
137911,3,4,53,4,2018,11,15,4,3,6,6,0,1,0,1,0,0,0,0,4.35338E+20,5.85556E+21,8.03988E+15,5.28459E+16
137912,3,1,59,16,2018,11,8,2,3,2,2,0,1,1,0,0,0,0,1,5.65871E+20,5.70996E+21,9.94976E+15,5.15369E+16
137913,3,2,56,5,2018,11,15,6,3,4,2,0,0,1,0,0,0,0,0,5.15837E+20,5.83771E+21,9.23431E+15,5.26891E+16
137914,3,1,3,0,2018,11,19,7,3,5,3,2,0,1,0,0,0,0,1,6.16636E+20,5.8092E+21,1.07152E+16,5.24206E+16