OBJECTID_1,ULAND,UREGBEZ,UKREIS,UGEMEINDE,UJAHR,UMONAT,USTUNDE,UWOCHENTAG,UKATEGORIE,UART,UTYP1,ULICHTVERH,IstRad,IstPKW,IstFuss,IstKrad,IstGkfz,IstSonstig,STRZUSTAND,LINREFX,LINREFY,XGCSWGS84,YGCSWGS84
137915,3,2,54,21,2018,11,9,3,3,1,1,0,0,1,0,0,0,0,0,5.65677E+20,5.77915E+21,9.96011E+15,5.2159E+16
137916,3,2,52,6,2018,11,13,3,3,6,4,0,0,1,1,0,0,0,0,5.24917E+20,5.77198E+21,9.36374E+15,5.20978E+16
137917,3,2,41,1,2018,11,15,5,3,0,7,0,1,0,0,0,0,0,0,5.49764E+20,5.80649E+21,9.73153E+15,5.24064E+16
137918,3,4,54,32,2018,11,7,2,3,6,4,1,0,1,1,0,0,0,1,3.87691E+20,5.82153E+21,7.34428E+15,5.25322E+16
137919,3,2,57,13,2018,11,15,6,3,4,6,0,0,1,0,0,0,1,0,5.0801E+20,5.7956E+21,9.1175E+15,5.23107E+16
137920,3,4,1,0,2018,11,9,4,3,2,6,0,0,1,0,1,0,0,1,4.75819E+20,5.87816E+21,8.63925E+15,5.30524E+16
137921,3,4,3,0,2018,11,3,1,3,1,5,2,0,1,0,0,0,0,1,4.47563E+20,5.88919E+21,8.21592E+15,5.31495E+16
137922,3,2,52,6,2018,11,8,3,3,5,7,0,1,1,0,0,0,0,0,5.24914E+20,5.77286E+21,9.36376E+15,5.21057E+16
137923,3,4,4,0,2018,11,12,5,3,0,7,0,0,1,0,0,0,1,0,4.35326E+20,5.79136E+21,8.05223E+15,5.22689E+16
137924,3,1,59,29,2018,11,16,3,3,5,3,0,1,1,0,0,0,0,0,5.62748E+20,5.70668E+21,9.90414E+15,5.15078E+16
137925,3,1,59,16,2018,11,14,3,3,4,6,0,1,0,0,0,0,0,0,5.64237E+20,5.70955E+21,9.92612E+15,5.15334E+16
137926,3,1,54,28,2018,11,15,3,3,5,2,0,1,1,0,0,0,0,0,6.34982E+20,5.78999E+21,1.09771E+16,5.22438E+16
137927,3,1,55,11,2018,11,10,5,3,5,3,0,0,1,0,0,0,0,0,5.68147E+20,5.72686E+21,9.98585E+15,5.16886E+16
137928,3,4,3,0,2018,11,15,2,3,4,6,0,1,1,0,0,0,0,0,4.48247E+20,5.88697E+21,8.22651E+15,5.31296E+16
137929,3,2,57,9,2018,11,12,6,3,5,3,0,1,1,0,0,0,0,0,4.99648E+20,5.79035E+21,8.99484E+15,5.22635E+16
137930,3,3,58,16,2018,11,18,4,3,1,7,0,0,1,0,0,0,0,0,5.74158E+20,5.87174E+21,1.01048E+16,5.29901E+16
137931,3,1,3,0,2018,11,22,1,3,6,4,2,0,1,1,0,0,0,1,6.24504E+20,5.81135E+21,1.08316E+16,5.24382E+16
137932,3,2,41,12,2018,11,11,4,3,0,7,0,1,0,0,0,0,0,0,5.31036E+20,5.81712E+21,9.45723E+15,5.25034E+16
137933,3,4,3,0,2018,11,7,6,3,4,6,1,1,0,0,0,0,0,1,4.46786E+20,5.88663E+21,8.20474E+15,5.31264E+16
137934,3,1,2,0,2018,11,10,3,3,6,2,0,0,1,1,0,0,0,0,5.91208E+20,5.7789E+21,1.03332E+16,5.2153E+16
137935,3,4,54,35,2018,11,15,5,2,0,3,0,1,1,0,0,0,0,0,3.85675E+20,5.83849E+21,7.30871E+15,5.26842E+16
137936,3,1,2,0,2018,11,8,3,2,1,7,0,0,1,0,0,1,0,0,5.90911E+20,5.77914E+21,1.03289E+16,5.21553E+16
137937,3,2,54,22,2018,11,16,6,3,5,3,1,1,1,0,0,0,0,0,5.79162E+20,5.77192E+21,1.01555E+16,5.20922E+16
137938,3,4,2,0,2018,11,17,4,3,6,6,2,0,1,1,0,0,0,0,3.80602E+20,5.91447E+21,7.20559E+15,5.33658E+16
137939,3,2,41,1,2018,11,18,2,3,5,3,2,1,1,0,0,0,0,1,5.5156E+20,5.80296E+21,9.7574E+15,5.23745E+16
137940,3,2,52,6,2018,11,11,6,3,4,1,0,0,1,0,0,0,0,1,5.25564E+20,5.77235E+21,9.37323E+15,5.21011E+16
137941,3,3,59,17,2018,11,21,7,3,0,1,2,1,0,0,0,0,0,1,5.27171E+20,5.92853E+21,9.40966E+15,5.3505E+16
137942,3,1,1,0,2018,11,10,3,3,0,1,0,0,1,0,1,0,0,1,6.01699E+20,5.78949E+21,1.04896E+16,5.22464E+16
137943,3,1,59,16,2018,11,10,5,3,0,5,0,0,1,0,0,0,0,1,5.62163E+20,5.70893E+21,9.89612E+15,5.15281E+16
137944,3,3,58,22,2018,11,17,2,3,1,7,2,0,1,0,0,0,0,1,5.39316E+20,5.85671E+21,9.58393E+15,5.28587E+16
137945,3,3,51,6,2018,11,16,4,3,5,3,0,1,0,0,0,0,1,0,5.71247E+20,5.82982E+21,1.00523E+16,5.26137E+16
137946,3,4,3,0,2018,11,12,7,3,1,7,0,0,1,0,0,0,0,0,4.48317E+20,5.88915E+21,8.2272E+15,5.31492E+16
137947,3,2,41,5,2018,11,8,4,3,5,2,0,0,1,0,0,0,0,0,5.41879E+20,5.80779E+21,9.6158E+15,5.24187E+16
137948,3,4,59,24,2018,11,14,2,3,0,6,0,0,0,0,1,0,1,0,4.62966E+20,5.78186E+21,8.4583E+15,5.2186E+16
137949,3,4,60,2,2018,11,10,5,3,1,7,0,0,1,0,0,0,1,0,4.44828E+20,5.81685E+21,8.18726E+15,5.2499E+16
137950,3,4,59,24,2018,11,14,2,3,5,2,0,1,1,0,0,0,0,0,4.5437E+20,5.78385E+21,8.3323E+15,5.22032E+16
137951,3,4,56,15,2018,11,7,4,3,2,6,0,0,1,0,1,0,0,1,3.68995E+20,5.8105E+21,7.07315E+15,5.2429E+16
137952,3,2,56,25,2018,11,13,2,3,4,2,0,1,1,0,0,0,0,0,5.15255E+20,5.81269E+21,9.22454E+15,5.24642E+16
137953,3,2,41,1,2018,11,10,7,2,5,3,0,1,1,0,0,0,0,0,5.49048E+20,5.80305E+21,9.72051E+15,5.23755E+16
137954,3,4,59,13,2018,11,6,2,3,3,6,2,1,1,0,0,0,0,0,4.53372E+20,5.80283E+21,8.31507E+15,5.23737E+16
137955,3,4,59,7,2018,11,20,2,3,8,7,2,0,1,0,0,0,0,1,4.24299E+20,5.8356E+21,7.88061E+15,5.26651E+16
137956,3,3,57,8,2018,11,10,5,2,3,6,0,1,1,0,0,0,0,0,5.09353E+20,5.92644E+21,9.14096E+15,5.34868E+16
137957,3,4,56,15,2018,11,15,2,3,5,3,0,1,1,0,0,0,0,1,3.69562E+20,5.80877E+21,7.08215E+15,5.24136E+16
137958,3,4,4,0,2018,11,19,2,2,5,3,2,0,1,0,1,0,0,0,4.35482E+20,5.79035E+21,8.05471E+15,5.22597E+16
137959,3,4,3,0,2018,11,14,5,3,5,2,2,0,1,0,0,0,1,0,4.47511E+20,5.88834E+21,8.21528E+15,5.31418E+16
137960,3,1,3,0,2018,11,15,3,3,2,6,0,0,1,0,0,0,0,1,6.2149E+20,5.81012E+21,1.07868E+16,5.24278E+16
137961,3,4,55,27,2018,11,15,4,3,2,6,0,1,1,0,0,0,0,0,4.2979E+20,5.91617E+21,7.94426E+15,5.339E+16
137962,3,1,1,0,2018,11,15,2,3,0,2,1,1,1,0,0,0,0,0,6.04934E+20,5.79405E+21,1.05384E+16,5.22868E+16
137963,3,1,3,0,2018,11,17,7,3,5,2,2,0,1,0,0,0,0,1,6.18128E+20,5.80839E+21,1.07368E+16,5.24129E+16
137964,3,4,4,0,2018,11,16,2,3,5,2,2,1,1,0,0,0,0,0,4.37392E+20,5.79075E+21,8.08261E+15,5.22636E+16
137965,3,4,2,0,2018,11,15,2,3,3,2,1,1,1,0,0,0,0,0,3.80357E+20,5.91486E+21,7.20176E+15,5.33693E+16
137966,3,2,41,1,2018,11,17,5,3,5,2,2,0,1,0,1,0,0,0,5.47367E+20,5.80193E+21,9.69566E+15,5.23656E+16
137967,3,4,52,1,2018,11,13,2,3,0,7,0,0,1,1,0,0,0,0,4.01187E+20,5.92445E+21,7.5117E+15,5.34598E+16
137968,3,4,56,15,2018,11,13,6,3,0,7,0,1,0,0,0,0,0,0,3.68511E+20,5.80785E+21,7.06708E+15,5.24051E+16
137969,3,3,53,5,2018,11,12,4,3,2,6,0,0,1,0,0,0,0,0,5.58489E+20,5.90939E+21,9.87827E+15,5.33304E+16
137970,3,3,55,13,2018,11,1,1,3,1,1,2,1,1,0,0,0,0,1,6.16569E+20,5.89435E+21,1.07446E+16,5.31857E+16
137971,3,2,41,1,2018,11,17,4,3,5,3,2,1,1,0,0,0,0,0,5.54193E+20,5.8063E+21,9.79661E+15,5.24042E+16
137972,3,4,3,0,2018,11,13,4,3,5,3,0,1,1,0,0,0,0,0,4.47738E+20,5.88597E+21,8.21908E+15,5.31205E+16
137973,3,4,52,16,2018,11,22,1,3,0,7,2,1,0,0,0,0,0,1,3.83399E+20,5.94047E+21,7.23794E+15,5.36001E+16
137974,3,1,1,0,2018,11,18,7,3,0,7,2,0,1,1,0,0,0,0,6.02528E+20,5.78638E+21,1.05008E+16,5.22183E+16
137975,3,4,2,0,2018,11,7,2,2,5,3,1,1,1,0,0,0,0,1,3.80452E+20,5.91612E+21,7.20271E+15,5.33806E+16
137976,3,1,1,0,2018,11,22,6,2,5,3,2,1,1,0,0,0,0,0,6.02531E+20,5.79127E+21,1.05024E+16,5.22622E+16
137977,3,4,54,19,2018,11,9,2,3,5,3,0,1,1,0,0,0,0,0,3.97399E+20,5.83716E+21,7.4825E+15,5.26746E+16
137978,3,2,54,21,2018,11,15,5,3,6,4,0,0,0,1,0,0,1,0,5.65103E+20,5.77824E+21,9.95154E+15,5.21509E+16
137979,3,4,3,0,2018,11,10,2,3,5,3,0,1,1,0,0,0,0,1,4.48091E+20,5.88847E+21,8.22394E+15,5.31431E+16
137980,3,3,60,25,2018,11,8,4,3,4,2,0,0,1,0,0,0,0,1,6.04341E+20,5.86926E+21,1.05535E+16,5.29628E+16
137981,3,4,52,19,2018,11,11,7,2,0,3,0,1,1,0,0,0,0,1,3.80814E+20,5.9395E+21,7.19927E+15,5.35908E+16
137982,3,2,41,11,2018,11,12,4,3,1,5,0,1,1,0,0,0,0,0,5.66143E+20,5.80323E+21,9.97163E+15,5.23753E+16
137983,3,4,3,0,2018,11,11,6,3,5,3,0,0,1,0,0,1,0,1,4.47343E+20,5.89326E+21,8.21196E+15,5.31861E+16
137984,3,4,52,19,2018,11,12,5,3,5,3,0,1,0,0,0,0,1,0,3.81531E+20,5.94017E+21,7.20984E+15,5.3597E+16
137985,3,1,3,0,2018,11,16,2,3,0,3,1,0,1,0,1,0,0,0,6.23676E+20,5.81551E+21,1.0821E+16,5.24757E+16
137986,3,1,57,6,2018,11,16,2,3,5,3,2,0,1,0,0,0,0,1,5.85809E+20,5.79729E+21,1.02589E+16,5.23192E+16
137987,3,1,53,12,2018,11,13,2,3,6,2,0,0,1,1,0,0,0,1,5.77433E+20,5.75549E+21,1.01266E+16,5.19447E+16
137988,3,1,1,0,2018,11,17,2,3,5,3,2,1,1,0,0,0,0,1,6.05675E+20,5.793E+21,1.05489E+16,5.22772E+16
137989,3,4,4,0,2018,11,17,4,3,6,4,2,0,1,1,0,0,0,0,4.35197E+20,5.79197E+21,8.05022E+15,5.22742E+16
137990,3,1,1,0,2018,11,15,2,3,2,6,0,1,1,0,0,0,0,0,6.04758E+20,5.79139E+21,1.0535E+16,5.22629E+16
137991,3,4,3,0,2018,11,7,3,3,4,6,2,1,1,0,0,0,0,0,4.46875E+20,5.88827E+21,8.2058E+15,5.31412E+16
137992,3,1,1,0,2018,11,7,2,2,6,4,2,0,1,1,0,0,0,1,6.0345E+20,5.79103E+21,1.05158E+16,5.22599E+16
137993,3,2,57,35,2018,11,18,3,3,6,4,2,0,1,1,0,0,0,1,5.13959E+20,5.7967E+21,9.2048E+15,5.23204E+16
137994,3,4,3,0,2018,11,12,1,3,5,3,0,1,1,0,0,0,0,0,4.44589E+20,5.88838E+21,8.1716E+15,5.3142E+16
137995,3,4,3,0,2018,11,1,1,2,5,3,2,1,1,0,0,0,0,0,4.47587E+20,5.88778E+21,8.21652E+15,5.31368E+16
137996,3,3,59,10,2018,11,8,5,2,1,7,0,1,1,0,0,0,0,1,5.4602E+20,5.92541E+21,9.69339E+15,5.34757E+16
137997,3,2,51,41,2018,11,17,1,3,0,1,2,0,0,0,1,0,0,1,4.87824E+20,5.8648E+21,8.81886E+15,5.29327E+16
137998,3,4,3,0,2018,11,16,4,3,3,6,0,1,0,0,0,0,1,1,4.48883E+20,5.88758E+21,8.23593E+15,5.31352E+16
137999,3,4,1,0,2018,11,12,1,3,5,3,0,1,1,0,0,0,0,0,4.73141E+20,5.87751E+21,8.59935E+15,5.30465E+16
138000,3,3,57,39,2018,11,16,1,3,4,6,2,1,1,0,0,0,0,1,5.28097E+20,5.88489E+21,9.41976E+15,5.31127E+16
138001,3,4,60,1,2018,11,14,4,3,2,6,0,0,1,0,0,0,0,0,4.47335E+20,5.84168E+21,8.22023E+15,5.27224E+16
138002,3,2,51,30,2018,11,21,2,3,8,1,2,0,1,0,0,0,0,1,4.64414E+20,5.82809E+21,8.47456E+15,5.26016E+16
138003,3,2,41,1,2018,11,10,3,3,5,3,0,1,1,0,0,0,0,1,5.48225E+20,5.80447E+21,9.70862E+15,5.23884E+16
138004,3,3,60,14,2018,11,16,1,3,9,7,2,0,1,0,0,0,0,1,5.98688E+20,5.87918E+21,1.04724E+16,5.3053E+16
138005,3,2,52,6,2018,11,17,3,3,5,2,2,1,1,0,0,0,0,1,5.26763E+20,5.77235E+21,9.39073E+15,5.21011E+16
138006,3,3,60,25,2018,11,0,1,3,8,7,2,0,1,0,0,0,0,0,6.06127E+20,5.86994E+21,1.05803E+16,5.29685E+16
138007,3,3,55,22,2018,11,7,1,3,8,1,1,0,1,0,0,0,0,0,5.92668E+20,5.90292E+21,1.03895E+16,5.32674E+16
138008,3,2,41,1,2018,11,17,5,3,6,6,2,1,0,1,0,0,0,1,5.51524E+20,5.80144E+21,9.75663E+15,5.23608E+16
138009,3,2,41,1,2018,11,19,1,3,6,4,2,0,1,1,0,0,0,0,5.55015E+20,5.80468E+21,9.80843E+15,5.23896E+16
138010,3,3,53,40,2018,11,11,4,3,5,3,0,0,1,0,1,0,0,0,5.81229E+20,5.91077E+21,1.022E+16,5.33399E+16
138011,3,2,56,11,2018,11,17,1,3,5,3,2,0,1,0,0,0,0,1,5.15775E+20,5.84242E+21,9.23361E+15,5.27314E+16
138012,3,2,57,31,2018,11,18,1,3,0,1,2,0,0,0,0,0,1,1,5.11713E+20,5.78328E+21,9.17138E+15,5.21998E+16
138013,3,1,57,5,2018,11,17,1,3,5,2,2,0,1,0,0,0,0,0,5.90691E+20,5.78334E+21,1.03268E+16,5.2193E+16
138014,3,4,59,30,2018,11,11,7,3,6,1,0,0,1,1,0,0,0,0,4.29415E+20,5.83712E+21,7.95593E+15,5.26794E+16
138015,3,2,41,2,2018,11,16,5,3,6,4,2,0,1,1,0,0,0,1,5.34248E+20,5.79331E+21,9.50212E+15,5.22891E+16
138016,3,4,56,15,2018,11,18,7,2,6,7,2,1,0,0,0,0,1,0,3.69033E+20,5.81174E+21,7.07322E+15,5.24401E+16
138017,3,2,54,21,2018,11,14,4,3,3,6,0,1,1,0,0,0,0,0,5.6475E+20,5.77788E+21,9.94632E+15,5.21476E+16
138018,3,4,56,15,2018,11,20,7,3,5,3,2,1,1,0,0,0,0,0,3.68598E+20,5.80857E+21,7.06807E+15,5.24115E+16
138019,3,4,56,15,2018,11,7,7,3,0,1,1,0,0,0,1,0,0,2,3.68996E+20,5.81048E+21,7.07316E+15,5.24288E+16
138020,3,4,52,19,2018,11,11,7,3,5,3,0,1,1,0,0,0,0,1,3.82548E+20,5.9386E+21,7.22579E+15,5.35831E+16
138021,3,4,52,12,2018,11,2,7,3,8,7,2,0,1,0,0,0,0,1,3.92256E+20,5.91682E+21,7.37984E+15,5.33895E+16
138022,3,1,51,9,2018,11,7,5,3,4,2,1,1,1,0,0,0,0,1,6.0536E+20,5.81492E+21,1.05512E+16,5.24743E+16
138023,3,4,60,9,2018,11,18,7,3,5,3,2,0,1,0,0,0,0,0,4.51321E+20,5.84093E+21,8.27935E+15,5.27161E+16
138024,3,4,3,0,2018,11,9,7,2,4,2,0,1,1,0,0,0,0,0,4.47349E+20,5.89323E+21,8.21206E+15,5.31858E+16
138025,3,2,54,21,2018,11,17,5,3,5,3,2,1,0,0,0,0,1,0,5.65456E+20,5.77848E+21,9.95674E+15,5.21529E+16
138026,3,3,55,26,2018,11,10,7,3,5,3,0,0,1,0,0,0,0,0,6.08538E+20,5.9036E+21,1.06276E+16,5.32705E+16
138027,3,4,4,0,2018,11,21,3,3,0,1,2,1,0,0,0,0,0,1,4.34946E+20,5.79531E+21,8.0459E+15,5.23043E+16
138028,3,3,55,22,2018,11,9,7,3,7,7,0,1,0,1,0,0,0,1,5.94087E+20,5.89915E+21,1.04096E+16,5.32333E+16
138029,3,3,59,10,2018,11,22,3,3,2,6,2,0,1,0,0,0,0,0,5.50933E+20,5.92294E+21,9.76701E+15,5.34531E+16
138030,3,2,41,11,2018,11,5,3,3,6,6,2,1,0,1,0,0,0,1,5.65964E+20,5.80368E+21,9.96909E+15,5.23794E+16
138031,3,2,41,1,2018,11,9,7,3,5,3,0,1,1,0,0,0,0,0,5.49952E+20,5.80406E+21,9.73394E+15,5.23846E+16
138032,3,2,41,10,2018,11,6,7,3,2,6,1,0,1,0,0,0,1,0,5.50424E+20,5.81247E+21,9.74214E+15,5.24601E+16
138033,3,2,57,9,2018,11,18,7,3,4,7,2,0,1,0,1,0,0,0,5.03539E+20,5.79006E+21,9.05185E+15,5.22609E+16
138034,3,2,54,21,2018,11,13,7,3,5,3,0,1,1,0,0,0,0,0,5.64847E+20,5.77833E+21,9.94781E+15,5.21517E+16
138035,3,4,57,21,2018,11,19,4,2,6,6,2,0,1,0,0,0,1,0,3.8773E+20,5.89353E+21,7.32004E+15,5.31793E+16
138036,3,4,61,2,2018,11,15,2,3,5,2,0,1,1,0,0,0,0,0,4.64438E+20,5.90963E+21,8.46596E+15,5.33347E+16
138037,3,2,41,1,2018,11,14,3,3,0,1,0,1,0,0,0,0,0,1,5.4711E+20,5.80787E+21,9.69272E+15,5.2419E+16
138038,3,2,51,41,2018,11,14,3,2,5,3,0,1,1,0,0,0,0,0,4.87661E+20,5.86278E+21,8.8165E+15,5.29145E+16
138039,3,1,59,16,2018,11,9,7,3,0,4,0,1,0,1,0,0,0,2,5.6672E+20,5.70732E+21,9.96149E+15,5.1513E+16
138040,3,2,54,45,2018,11,7,3,3,0,3,1,1,0,0,0,0,0,2,5.62085E+20,5.76788E+21,9.90554E+15,5.20581E+16
138041,3,1,2,0,2018,11,18,7,3,2,6,2,0,1,0,0,0,0,1,5.91247E+20,5.78043E+21,1.03341E+16,5.21668E+16
138042,3,1,1,0,2018,11,11,7,3,5,3,0,1,1,0,0,0,0,0,6.03675E+20,5.79315E+21,1.05197E+16,5.22789E+16
138043,3,4,3,0,2018,11,16,2,3,4,2,1,1,1,0,0,0,0,0,4.467E+20,5.88907E+21,8.20304E+15,5.31483E+16
138044,3,4,54,32,2018,11,23,3,3,5,3,2,1,1,0,0,0,0,1,3.85445E+20,5.82127E+21,7.31127E+15,5.25295E+16
138045,3,4,4,0,2018,11,16,6,3,1,5,1,0,1,0,0,0,0,0,4.38777E+20,5.78945E+21,8.10314E+15,5.2252E+16
138046,3,2,41,1,2018,11,8,3,3,5,2,0,1,1,0,0,0,0,0,5.51897E+20,5.80531E+21,9.7627E+15,5.23955E+16
138047,3,4,57,2,2018,11,22,6,2,0,1,2,1,0,0,0,0,0,0,3.45675E+20,5.9398E+21,6.66864E+15,5.35843E+16
138048,3,4,54,32,2018,11,13,6,3,2,6,0,0,1,0,0,0,0,0,3.8776E+20,5.82202E+21,7.34513E+15,5.25367E+16
138049,3,4,3,0,2018,11,13,5,3,5,3,1,1,0,0,0,0,0,0,4.47038E+20,5.891E+21,8.20778E+15,5.31658E+16
138050,3,4,62,19,2018,11,13,6,3,5,3,0,1,0,0,0,0,1,0,4.17978E+20,5.93701E+21,7.76125E+15,5.35755E+16
138051,3,4,52,1,2018,11,14,6,3,5,3,0,0,1,0,1,0,0,0,4.00484E+20,5.92942E+21,7.49954E+15,5.35043E+16
138052,3,3,61,9,2018,11,11,4,3,5,7,0,0,1,0,0,0,0,0,5.03279E+20,5.87836E+21,9.04892E+15,5.30547E+16
138053,3,3,53,5,2018,11,15,2,3,5,3,0,0,1,0,0,0,0,0,5.58142E+20,5.90894E+21,9.87297E+15,5.33265E+16
138054,3,4,60,9,2018,11,13,6,3,2,6,0,0,1,0,1,0,0,0,4.51575E+20,5.84007E+21,8.28324E+15,5.27084E+16
138055,3,4,4,0,2018,11,17,2,3,4,2,2,0,1,0,1,0,0,1,4.37009E+20,5.79033E+21,8.07708E+15,5.22598E+16
138056,3,4,3,0,2018,11,15,6,3,6,3,0,0,1,1,0,0,0,0,4.47156E+20,5.88888E+21,8.20989E+15,5.31467E+16
138057,3,4,3,0,2018,11,6,6,3,5,3,2,1,1,0,0,0,0,0,4.47425E+20,5.88387E+21,8.21474E+15,5.31017E+16
138058,3,2,41,13,2018,11,16,5,3,0,1,2,1,0,0,0,0,0,1,5.52299E+20,5.7907E+21,9.76635E+15,5.22642E+16
138059,3,2,51,37,2018,11,9,6,3,5,2,0,1,1,0,0,0,0,0,4.81788E+20,5.87602E+21,8.72842E+15,5.30334E+16
138060,3,2,51,12,2018,11,11,6,3,5,2,0,1,1,0,0,0,0,0,4.57938E+20,5.82853E+21,8.37889E+15,5.26051E+16
138061,3,3,60,2,2018,11,18,5,3,6,4,2,0,1,1,0,0,0,0,6.05018E+20,5.88245E+21,1.05678E+16,5.30812E+16
138062,3,4,61,6,2018,11,18,6,3,5,2,2,1,1,0,0,0,0,0,4.73805E+20,5.89064E+21,8.60818E+15,5.31645E+16
138063,3,2,51,47,2018,11,14,4,3,5,3,0,1,1,0,0,0,0,0,4.90058E+20,5.87021E+21,8.85192E+15,5.29814E+16
138064,3,4,58,9,2018,11,16,6,3,5,3,0,1,1,0,0,0,0,0,4.50116E+20,5.87855E+21,8.25576E+15,5.30542E+16
138065,3,3,52,50,2018,11,12,6,3,5,3,0,1,1,0,0,0,0,0,4.75467E+20,5.93675E+21,8.62946E+15,5.3579E+16
138066,3,3,53,40,2018,11,12,6,3,5,3,0,0,1,0,0,0,0,0,5.79195E+20,5.91353E+21,1.01902E+16,5.3365E+16
138067,3,2,41,1,2018,11,16,5,2,0,7,2,1,0,0,0,0,0,1,5.50057E+20,5.8032E+21,9.73534E+15,5.23767E+16
138068,3,3,59,23,2018,11,11,2,3,5,7,0,1,1,0,0,0,0,0,5.32439E+20,5.92283E+21,9.48851E+15,5.34535E+16
138069,3,4,52,6,2018,11,13,2,3,9,1,0,0,1,0,0,0,0,0,4.10282E+20,5.91729E+21,7.65068E+15,5.33971E+16
138070,3,3,55,22,2018,11,5,6,2,2,6,2,0,1,0,1,0,0,0,5.96368E+20,5.89709E+21,1.04432E+16,5.32144E+16
138071,3,1,59,16,2018,11,18,4,3,5,3,2,0,1,0,0,0,0,1,5.62012E+20,5.70955E+21,9.89404E+15,5.15337E+16
138072,3,3,51,23,2018,11,11,6,3,5,3,0,1,1,0,0,0,0,0,5.56757E+20,5.83395E+21,9.83901E+15,5.26525E+16
138073,3,3,51,6,2018,11,12,6,3,5,3,0,1,1,0,0,0,0,0,5.71888E+20,5.83202E+21,1.00622E+16,5.26334E+16
138074,3,3,51,18,2018,11,20,4,3,3,6,2,1,1,0,0,0,0,1,5.74432E+20,5.8239E+21,1.0098E+16,5.25601E+16
138075,3,2,41,1,2018,11,14,6,3,3,2,0,0,1,0,1,0,0,0,5.50856E+20,5.80065E+21,9.7467E+15,5.23538E+16
138076,3,2,41,1,2018,11,20,6,3,5,2,2,1,0,0,0,0,1,0,5.52404E+20,5.79893E+21,9.76915E+15,5.23382E+16
138077,3,2,41,1,2018,11,12,6,3,5,3,0,1,1,0,0,0,0,0,5.47725E+20,5.80673E+21,9.7016E+15,5.24087E+16
138078,3,2,41,1,2018,11,16,6,3,0,3,0,0,1,0,0,0,0,0,5.50695E+20,5.8044E+21,9.74491E+15,5.23875E+16
138079,3,1,57,6,2018,11,7,5,3,5,3,1,1,1,0,0,0,0,1,5.80595E+20,5.79901E+21,1.01829E+16,5.23355E+16
138080,3,3,59,38,2018,11,7,2,3,6,4,0,0,0,1,0,1,0,1,5.31306E+20,5.93784E+21,9.47294E+15,5.35885E+16
138081,3,2,41,1,2018,11,11,6,3,3,5,0,1,0,0,0,0,1,0,5.51109E+20,5.8045E+21,9.751E+15,5.23884E+16
138082,3,4,57,13,2018,11,14,3,3,5,3,0,1,1,0,0,0,0,0,3.98212E+20,5.89953E+21,7.47491E+15,5.32353E+16
138083,3,2,41,10,2018,11,6,6,3,0,3,2,1,1,0,0,0,0,0,5.49784E+20,5.81006E+21,9.73236E+15,5.24385E+16
138084,3,3,57,20,2018,11,17,3,2,6,6,2,0,1,1,0,0,0,1,5.18282E+20,5.88466E+21,9.27312E+15,5.3111E+16
138085,3,2,41,1,2018,11,12,3,2,5,2,0,1,1,0,0,0,0,0,5.52784E+20,5.80177E+21,9.77518E+15,5.23637E+16
138086,3,2,41,1,2018,11,18,6,3,5,2,2,1,1,0,0,0,0,0,5.50107E+20,5.80403E+21,9.73621E+15,5.23842E+16
138087,3,2,41,1,2018,11,15,6,3,2,6,0,0,1,0,0,0,0,0,5.46148E+20,5.80193E+21,9.67776E+15,5.23657E+16
138088,3,4,5,0,2018,11,19,5,3,2,2,2,0,1,0,0,0,0,0,4.39867E+20,5.93132E+21,8.09287E+15,5.35273E+16
138089,3,1,55,11,2018,11,7,6,3,0,1,1,0,0,0,1,0,0,2,5.71963E+20,5.73476E+21,1.00427E+16,5.17591E+16
138090,3,3,55,22,2018,11,12,2,3,5,3,0,0,1,0,0,0,0,0,5.92833E+20,5.89948E+21,1.03909E+16,5.32365E+16
138091,3,2,57,35,2018,11,9,6,3,5,2,0,1,1,0,0,0,0,0,5.13934E+20,5.79667E+21,9.20443E+15,5.23202E+16
138092,3,4,54,32,2018,11,7,4,3,2,6,0,0,1,0,0,0,0,1,3.85962E+20,5.81868E+21,7.31977E+15,5.25063E+16
138093,3,2,54,21,2018,11,14,6,3,6,4,0,0,1,1,0,0,0,0,5.65141E+20,5.77863E+21,9.95217E+15,5.21544E+16
138094,3,2,52,2,2018,11,21,6,3,7,1,2,0,1,0,0,0,0,0,5.26546E+20,5.7846E+21,9.38851E+15,5.22112E+16
138095,3,1,59,17,2018,11,20,6,3,0,1,2,0,0,0,1,0,0,0,5.45797E+20,5.69637E+21,9.65858E+15,5.14167E+16
138096,3,4,59,14,2018,11,20,4,3,2,6,2,1,1,0,0,0,0,0,4.30212E+20,5.80653E+21,7.97414E+15,5.24045E+16
138097,3,3,55,22,2018,11,13,2,3,5,2,0,1,1,0,0,0,0,1,5.95081E+20,5.90096E+21,1.04251E+16,5.32494E+16
138098,3,1,59,16,2018,11,14,6,3,0,1,0,0,0,0,1,0,0,0,5.65517E+20,5.71275E+21,9.94518E+15,5.1562E+16
138099,3,4,3,0,2018,11,10,3,2,2,6,0,1,1,0,0,0,0,0,4.48708E+20,5.88909E+21,8.23306E+15,5.31487E+16
138100,3,1,1,0,2018,11,12,6,3,2,2,0,0,1,0,0,0,0,0,6.03558E+20,5.79458E+21,1.05184E+16,5.22918E+16