OBJECTID_1,ULAND,UREGBEZ,UKREIS,UGEMEINDE,UJAHR,UMONAT,USTUNDE,UWOCHENTAG,UKATEGORIE,UART,UTYP1,ULICHTVERH,IstRad,IstPKW,IstFuss,IstKrad,IstGkfz,IstSonstig,STRZUSTAND,LINREFX,LINREFY,XGCSWGS84,YGCSWGS84
138287,3,4,60,9,2018,12,17,2,3,5,3,2,1,1,0,0,0,0,0,4.52299E+20,5.84165E+21,8.29373E+15,5.27226E+16
138288,3,2,41,1,2018,11,17,3,3,5,3,2,1,1,0,0,0,0,0,5.51762E+20,5.79921E+21,9.75978E+15,5.23407E+16
138289,3,1,57,1,2018,12,7,2,3,5,3,2,1,1,0,0,0,0,1,5.92547E+20,5.80453E+21,1.03598E+16,5.23832E+16
138290,3,2,41,1,2018,11,9,3,3,6,4,0,0,1,1,0,0,0,0,5.51988E+20,5.79876E+21,9.76302E+15,5.23367E+16
138291,3,2,41,1,2018,11,16,5,3,8,1,2,0,1,0,0,0,0,1,5.52287E+20,5.80307E+21,9.76808E+15,5.23754E+16
138292,3,4,57,13,2018,11,12,6,3,5,3,0,0,1,0,1,0,0,1,3.96146E+20,5.89769E+21,7.44458E+15,5.32183E+16
138293,3,1,1,0,2018,11,8,4,3,2,7,1,1,1,0,0,0,0,0,6.04786E+20,5.79203E+21,1.05356E+16,5.22686E+16
138294,3,4,61,2,2018,12,16,2,3,2,6,1,0,1,0,0,0,0,1,4.65081E+20,5.91004E+21,8.47557E+15,5.33384E+16
138295,3,2,41,1,2018,11,17,3,3,4,2,2,1,1,0,0,0,0,0,5.50036E+20,5.80246E+21,9.73493E+15,5.23701E+16
138296,3,4,54,32,2018,11,15,5,3,0,1,0,1,0,0,0,0,0,1,3.85995E+20,5.82112E+21,7.31943E+15,5.25282E+16
138297,3,2,51,40,2018,12,18,2,2,5,3,2,1,1,0,0,0,0,1,4.86561E+20,5.83711E+21,8.8012E+15,5.26838E+16
138298,3,2,41,1,2018,11,9,3,3,0,7,0,0,1,0,0,0,0,0,5.48441E+20,5.80505E+21,9.71188E+15,5.23936E+16
138299,3,4,56,15,2018,12,1,1,3,4,6,2,1,0,0,0,0,0,1,3.69643E+20,5.80948E+21,7.08307E+15,5.24199E+16
138300,3,2,41,1,2018,11,20,3,3,5,2,2,0,1,0,0,0,0,0,5.52048E+20,5.79944E+21,9.76401E+15,5.23428E+16
138301,3,2,41,1,2018,11,16,3,3,0,7,1,1,0,0,0,0,0,0,5.49024E+20,5.80482E+21,9.72042E+15,5.23914E+16
138302,3,1,1,0,2018,11,9,6,3,1,5,0,0,1,0,0,0,1,0,6.01078E+20,5.78901E+21,1.04804E+16,5.22422E+16
138303,3,2,41,1,2018,11,13,5,3,5,3,0,0,1,0,0,0,0,1,5.47965E+20,5.80657E+21,9.7051E+15,5.24073E+16
138304,3,4,5,0,2018,11,18,3,2,6,2,2,0,1,1,0,0,0,0,4.41588E+20,5.93045E+21,8.11898E+15,5.35198E+16
138305,3,3,58,21,2018,12,8,2,3,4,7,0,0,1,0,1,0,0,1,5.5675E+20,5.87158E+21,9.84545E+15,5.29908E+16
138306,3,2,54,14,2018,11,14,3,3,5,3,0,0,1,0,0,0,0,0,5.47885E+20,5.77415E+21,9.69933E+15,5.21158E+16
138307,3,2,51,41,2018,11,18,6,3,9,7,2,0,1,0,0,0,0,0,4.91419E+20,5.861E+21,8.87243E+15,5.28986E+16
138308,3,1,1,0,2018,11,14,6,3,3,2,0,1,1,0,0,0,0,0,6.04031E+20,5.79263E+21,1.05247E+16,5.22742E+16
138309,3,4,5,0,2018,11,16,5,3,2,6,2,0,1,0,0,0,0,1,4.39932E+20,5.93007E+21,8.09408E+15,5.35161E+16
138310,3,2,41,5,2018,12,1,1,3,5,3,2,0,1,0,0,0,0,1,5.42134E+20,5.81028E+21,9.61986E+15,5.24411E+16
138311,3,2,54,21,2018,11,17,3,3,5,3,2,1,1,0,0,0,0,0,5.65461E+20,5.77847E+21,9.95681E+15,5.21528E+16
138312,3,1,59,16,2018,11,15,3,3,2,6,0,0,1,0,0,0,0,0,5.6478E+20,5.71061E+21,9.93415E+15,5.15429E+16
138313,3,1,51,28,2018,11,15,5,2,9,1,1,0,1,0,0,0,0,1,6.04192E+20,5.85365E+21,1.05463E+16,5.28225E+16
138314,3,3,61,6,2018,11,17,6,3,5,3,2,1,1,0,0,0,0,1,5.08444E+20,5.87184E+21,9.12581E+15,5.2996E+16
138315,3,4,61,6,2018,12,16,1,3,8,1,0,0,1,0,0,0,0,1,4.74364E+20,5.88745E+21,8.61679E+15,5.31359E+16
138316,3,1,59,16,2018,11,8,3,3,5,3,0,1,1,0,0,0,0,0,5.64835E+20,5.70917E+21,9.93466E+15,5.15299E+16
138317,3,1,58,37,2018,11,7,3,3,1,5,1,1,1,0,0,0,0,0,6.04742E+20,5.78205E+21,1.05319E+16,5.2179E+16
138318,3,1,59,16,2018,11,18,5,3,0,1,2,1,0,0,0,0,0,0,5.65876E+20,5.7117E+21,9.95015E+15,5.15526E+16
138319,3,1,2,0,2018,11,18,3,3,2,6,2,0,1,0,0,0,0,0,5.91343E+20,5.77944E+21,1.03353E+16,5.21579E+16
138320,3,2,41,1,2018,12,17,2,3,6,7,2,0,1,1,0,0,0,0,5.50862E+20,5.80441E+21,9.74737E+15,5.23876E+16
138321,3,1,1,0,2018,11,17,3,3,2,6,2,0,1,0,0,0,0,0,6.04381E+20,5.79208E+21,1.05297E+16,5.22692E+16
138322,3,2,51,12,2018,11,10,6,3,5,3,0,1,1,0,0,0,0,0,4.57734E+20,5.82946E+21,8.37576E+15,5.26135E+16
138323,3,4,58,7,2018,11,8,5,3,2,6,1,0,1,0,0,1,0,1,4.46585E+20,5.86149E+21,8.20589E+15,5.29004E+16
138324,3,2,52,3,2018,12,17,1,3,6,2,2,0,1,1,0,0,0,1,5.17437E+20,5.75953E+21,9.25392E+15,5.19862E+16
138325,3,4,59,29,2018,11,17,2,3,4,2,2,0,1,0,0,0,0,0,4.47655E+20,5.79951E+21,8.23162E+15,5.23434E+16
138326,3,3,52,11,2018,11,10,4,3,6,2,0,0,1,1,0,0,0,0,4.80342E+20,5.9677E+21,8.70113E+15,5.38574E+16
138327,3,4,52,1,2018,12,16,2,3,5,3,2,1,1,0,0,0,0,1,3.99986E+20,5.9293E+21,7.49208E+15,5.35031E+16
138328,3,4,4,0,2018,11,8,2,3,5,3,0,1,0,0,1,0,0,1,4.34396E+20,5.79396E+21,8.03809E+15,5.22921E+16
138329,3,1,54,28,2018,12,13,2,3,6,6,0,0,1,1,0,0,0,1,6.36663E+20,5.7887E+21,1.10012E+16,5.22317E+16
138330,3,4,56,15,2018,11,14,2,2,0,3,0,1,1,0,0,0,0,0,3.67459E+20,5.81053E+21,7.05056E+15,5.24289E+16
138331,3,2,41,1,2018,12,7,2,3,6,4,2,0,1,1,0,0,0,1,5.4806E+20,5.80265E+21,9.70593E+15,5.2372E+16
138332,3,4,53,3,2018,11,14,2,3,8,1,0,0,1,0,0,0,0,0,4.36152E+20,5.84594E+21,8.05385E+15,5.27596E+16
138333,3,3,58,21,2018,11,8,5,3,8,7,0,0,1,0,0,0,0,1,5.5637E+20,5.87144E+21,9.83976E+15,5.29896E+16
138334,3,4,60,9,2018,12,14,7,3,5,2,0,1,1,0,0,0,0,0,4.51028E+20,5.84307E+21,8.2747E+15,5.27352E+16
138335,3,2,41,1,2018,11,8,4,3,2,7,0,0,1,0,0,1,0,0,5.4684E+20,5.80494E+21,9.68834E+15,5.23927E+16
138336,3,3,56,7,2018,12,15,2,3,5,3,0,1,1,0,0,0,0,0,4.8642E+20,5.89727E+21,8.7966E+15,5.32246E+16
138337,3,4,53,4,2018,11,12,2,3,5,2,0,1,1,0,0,0,0,0,4.35689E+20,5.85511E+21,8.04518E+15,5.28419E+16
138338,3,3,59,18,2018,11,18,6,3,8,1,2,0,1,0,0,0,0,0,5.1888E+20,5.96396E+21,9.28682E+15,5.38238E+16
138339,3,4,60,1,2018,11,15,6,3,1,5,0,1,1,0,0,0,0,0,4.45528E+20,5.84371E+21,8.19314E+15,5.27405E+16
138340,3,1,1,0,2018,12,16,2,3,4,2,1,1,1,0,0,0,0,0,6.04722E+20,5.79765E+21,1.05364E+16,5.23191E+16
138341,3,4,55,7,2018,11,17,2,3,6,4,2,0,1,1,0,0,0,0,4.26378E+20,5.93694E+21,7.8881E+15,5.35762E+16
138342,3,2,41,1,2018,11,16,5,3,1,5,0,0,1,0,0,0,0,1,5.55294E+20,5.80599E+21,9.81274E+15,5.24014E+16
138343,3,4,54,47,2018,11,10,6,2,5,3,0,1,1,0,0,0,0,0,4.00454E+20,5.85558E+21,7.52207E+15,5.28408E+16
138344,3,4,5,0,2018,11,12,2,1,4,2,0,0,1,0,0,0,0,0,4.38534E+20,5.93094E+21,8.07283E+15,5.35238E+16
138345,3,3,51,6,2018,11,18,5,3,5,3,2,0,1,0,1,0,0,1,5.70838E+20,5.82926E+21,1.00461E+16,5.26087E+16
138346,3,1,51,9,2018,12,16,7,3,5,3,1,0,1,0,0,0,0,0,6.06462E+20,5.81536E+21,1.05676E+16,5.2478E+16
138347,3,2,41,8,2018,11,16,4,3,5,3,1,0,1,0,1,0,0,0,5.5413E+20,5.81195E+21,9.7966E+15,5.24551E+16
138348,3,2,51,12,2018,12,21,2,3,5,3,2,1,1,0,0,0,0,1,4.56925E+20,5.82844E+21,8.36394E+15,5.26042E+16
138349,3,4,3,0,2018,11,11,2,3,2,6,0,0,1,0,0,0,1,0,4.47953E+20,5.89024E+21,8.22159E+15,5.3159E+16
138350,3,3,59,38,2018,11,6,6,3,5,3,2,1,1,0,0,0,0,0,5.3194E+20,5.93839E+21,9.48258E+15,5.35933E+16
138351,3,4,4,0,2018,11,14,5,3,5,3,0,0,1,0,1,0,0,1,4.34784E+20,5.78998E+21,8.04455E+15,5.22563E+16
138352,3,4,53,4,2018,12,15,1,3,6,4,1,0,1,1,0,0,0,1,4.35327E+20,5.8559E+21,8.03966E+15,5.28489E+16
138353,3,3,52,50,2018,11,18,2,3,5,3,2,0,1,0,0,0,0,0,4.75642E+20,5.937E+21,8.63209E+15,5.35813E+16
138354,3,3,59,10,2018,11,12,2,3,5,3,0,1,1,0,0,0,0,0,5.46309E+20,5.9259E+21,9.69781E+15,5.34801E+16
138355,3,4,4,0,2018,11,14,5,3,2,6,0,0,1,0,0,0,0,0,4.35397E+20,5.79117E+21,8.0533E+15,5.22671E+16
138356,3,2,54,21,2018,11,8,5,3,2,6,0,0,1,0,0,0,0,0,5.63291E+20,5.7787E+21,9.92515E+15,5.21552E+16
138357,3,3,59,38,2018,11,13,2,3,6,1,0,1,0,1,0,0,0,0,5.31458E+20,5.93899E+21,9.47536E+15,5.35988E+16
138358,3,3,58,21,2018,11,12,6,3,6,4,0,0,1,1,0,0,0,0,5.57225E+20,5.87093E+21,9.85241E+15,5.29849E+16
138359,3,3,55,22,2018,12,7,2,3,5,2,1,1,1,0,0,0,0,1,5.93419E+20,5.89994E+21,1.03999E+16,5.32405E+16
138360,3,3,57,8,2018,11,17,2,3,5,3,2,0,1,0,0,0,0,0,5.09234E+20,5.92552E+21,9.13914E+15,5.34786E+16
138361,3,4,4,0,2018,11,14,3,3,2,6,0,0,1,0,0,0,0,0,4.40384E+20,5.7914E+21,8.12633E+15,5.22697E+16
138362,3,3,53,30,2018,12,7,2,3,5,2,2,1,1,0,0,0,0,1,5.78001E+20,5.89727E+21,1.01682E+16,5.3219E+16
138363,3,3,55,30,2018,11,6,2,2,8,1,2,0,1,0,0,0,0,0,6.03141E+20,5.90125E+21,1.05459E+16,5.32505E+16
138364,3,3,60,25,2018,11,15,6,3,5,2,0,1,1,0,0,0,0,1,6.04882E+20,5.86883E+21,1.05614E+16,5.29588E+16
138365,3,4,55,15,2018,11,15,5,3,0,3,0,1,1,0,0,0,0,1,4.29794E+20,5.93297E+21,7.94057E+15,5.35409E+16
138366,3,3,60,25,2018,12,19,1,2,0,7,2,0,1,0,0,0,0,1,6.06347E+20,5.8682E+21,1.0583E+16,5.29529E+16
138367,3,3,51,6,2018,11,7,2,3,5,3,0,1,1,0,0,0,0,0,5.72648E+20,5.82883E+21,1.00728E+16,5.26046E+16
138368,3,2,41,1,2018,11,6,2,3,5,3,2,1,1,0,0,0,0,0,5.54946E+20,5.80559E+21,9.80755E+15,5.23978E+16
138369,3,1,59,16,2018,11,14,5,3,2,6,0,1,0,0,0,0,1,0,5.64877E+20,5.71108E+21,9.93562E+15,5.15471E+16
138370,3,2,41,6,2018,11,15,2,3,6,4,0,0,1,1,0,0,0,0,5.41461E+20,5.79588E+21,9.60818E+15,5.23117E+16
138371,3,3,55,22,2018,11,8,6,3,3,2,1,1,1,0,0,0,0,1,5.93437E+20,5.90132E+21,1.04005E+16,5.32529E+16
138372,3,2,41,3,2018,12,6,2,3,5,3,2,0,1,0,0,0,0,1,5.68877E+20,5.81088E+21,1.00134E+16,5.24438E+16
138373,3,2,41,1,2018,11,19,2,3,4,6,2,1,1,0,0,0,0,0,5.50267E+20,5.80355E+21,9.73849E+15,5.23799E+16
138374,3,3,51,6,2018,11,6,6,3,5,3,2,0,1,0,0,0,0,1,5.72761E+20,5.8303E+21,1.00748E+16,5.26179E+16
138375,3,3,53,11,2018,11,6,5,3,1,5,2,0,1,0,0,0,0,1,5.73671E+20,5.89923E+21,1.01038E+16,5.32373E+16
138376,3,4,4,0,2018,12,15,7,3,5,3,0,0,1,0,0,0,0,0,4.3658E+20,5.78858E+21,8.07112E+15,5.2244E+16
138377,3,2,41,1,2018,11,18,2,3,6,4,2,0,1,1,0,0,0,0,5.49183E+20,5.8045E+21,9.7227E+15,5.23885E+16
138378,3,4,3,0,2018,11,16,5,3,5,3,0,0,1,0,0,0,0,1,4.48937E+20,5.88387E+21,8.23732E+15,5.31018E+16
138379,3,2,41,1,2018,12,13,1,3,5,2,0,0,1,0,0,0,1,1,5.48666E+20,5.79935E+21,9.71436E+15,5.23423E+16
138380,3,2,41,1,2018,11,7,2,2,6,4,1,0,1,1,0,0,0,0,5.48331E+20,5.7993E+21,9.70943E+15,5.23418E+16
138381,3,4,54,35,2018,11,11,4,2,6,6,0,1,0,1,0,0,0,0,3.85215E+20,5.84025E+21,7.30129E+15,5.27E+16
138382,3,4,4,0,2018,12,9,2,3,0,5,0,1,1,0,0,0,0,0,4.33481E+20,5.79349E+21,8.02478E+15,5.22877E+16
138383,3,2,54,21,2018,11,16,2,3,2,2,2,0,1,0,0,0,0,0,5.6598E+20,5.7808E+21,9.96485E+15,5.21738E+16
138384,3,2,41,1,2018,11,13,6,3,5,3,0,1,1,0,0,0,0,0,5.54727E+20,5.80486E+21,9.80422E+15,5.23912E+16
138385,3,2,56,22,2018,12,11,2,3,5,3,0,0,1,0,1,0,0,1,5.14438E+20,5.83265E+21,9.21339E+15,5.26436E+16
138386,3,1,58,37,2018,11,9,2,3,2,6,0,1,0,0,0,0,1,0,6.05729E+20,5.7803E+21,1.05458E+16,5.2163E+16
138387,3,3,55,22,2018,11,10,5,3,5,3,0,0,1,0,0,0,0,1,5.95786E+20,5.9007E+21,1.04355E+16,5.32469E+16
138388,3,2,41,1,2018,12,12,7,3,2,6,0,0,1,0,0,0,1,0,5.49198E+20,5.80336E+21,9.72276E+15,5.23783E+16
138389,3,2,41,1,2018,11,9,4,3,3,2,0,0,1,0,0,1,0,0,5.48641E+20,5.80259E+21,9.71446E+15,5.23714E+16
138390,3,4,3,0,2018,12,7,2,3,5,2,1,1,1,0,0,0,0,1,4.4794E+20,5.88814E+21,8.22174E+15,5.31401E+16
138391,3,1,2,0,2018,11,17,2,2,5,3,2,0,1,0,0,0,0,1,5.94513E+20,5.76686E+21,1.03781E+16,5.20443E+16
138392,3,3,60,25,2018,11,8,4,3,1,7,0,0,1,0,0,0,0,0,6.05175E+20,5.86947E+21,1.0566E+16,5.29645E+16
138393,3,4,53,2,2018,12,12,2,3,4,6,0,0,1,0,0,0,0,0,4.34654E+20,5.87319E+21,8.02618E+15,5.30043E+16
138394,3,1,57,6,2018,11,19,2,3,5,3,2,0,1,0,0,0,0,0,5.8015E+20,5.79894E+21,1.01763E+16,5.23349E+16
138395,3,2,41,3,2018,11,12,6,3,5,3,0,1,0,0,0,0,0,0,5.68571E+20,5.81114E+21,1.00089E+16,5.24461E+16
138396,3,1,3,0,2018,12,7,2,2,5,3,1,0,1,0,0,0,0,1,6.198E+20,5.80926E+21,1.07617E+16,5.24204E+16
138397,3,1,1,0,2018,11,17,2,2,6,7,2,0,1,1,0,0,0,0,6.03671E+20,5.79109E+21,1.0519E+16,5.22604E+16
138398,3,2,41,1,2018,11,18,5,3,5,2,2,1,1,0,0,0,0,1,5.51054E+20,5.80319E+21,9.74999E+15,5.23766E+16
138399,3,4,57,13,2018,11,16,6,3,2,6,2,0,1,0,0,0,0,1,3.97157E+20,5.89917E+21,7.45923E+15,5.32319E+16
138400,3,2,54,21,2018,11,16,4,3,5,3,2,1,1,0,0,0,0,0,5.62715E+20,5.7785E+21,9.91669E+15,5.21534E+16
138401,3,4,61,7,2018,12,12,2,2,5,2,0,1,0,0,0,0,0,0,4.65625E+20,5.92635E+21,8.48196E+15,5.3485E+16
138402,3,4,56,15,2018,11,1,1,3,3,6,2,1,0,0,0,0,0,1,3.69659E+20,5.81192E+21,7.08235E+15,5.24419E+16
138403,3,2,41,1,2018,11,8,6,3,5,3,1,1,1,0,0,0,0,0,5.50484E+20,5.80359E+21,9.74168E+15,5.23802E+16
138404,3,4,2,0,2018,11,23,5,3,3,6,2,1,1,0,0,0,0,1,3.80658E+20,5.91467E+21,7.20635E+15,5.33676E+16
138405,3,2,51,47,2018,12,19,1,3,5,2,2,1,1,0,0,0,0,1,4.91826E+20,5.8734E+21,8.87817E+15,5.30101E+16
138406,3,4,54,32,2018,11,16,1,3,0,1,2,1,0,0,0,0,0,1,3.85793E+20,5.82025E+21,7.31675E+15,5.25204E+16
138407,3,4,54,32,2018,11,12,1,2,4,7,0,0,1,0,0,0,0,1,3.8347E+20,5.82348E+21,7.2814E+15,5.25489E+16
138408,3,1,59,16,2018,11,19,5,3,5,3,2,1,1,0,0,0,0,1,5.64752E+20,5.70809E+21,9.93328E+15,5.15202E+16
138409,3,1,55,13,2018,11,15,6,3,5,3,0,1,1,0,0,0,0,0,5.60401E+20,5.74078E+21,9.87622E+15,5.18146E+16
138410,3,4,59,4,2018,12,16,1,3,6,7,1,0,1,1,0,0,0,0,4.34645E+20,5.77908E+21,8.04463E+15,5.21583E+16
138411,3,4,53,4,2018,11,11,1,1,4,6,0,0,1,0,0,0,0,1,4.38351E+20,5.85628E+21,8.08449E+15,5.28527E+16
138412,3,3,51,18,2018,11,17,1,3,1,7,2,0,1,0,0,0,0,1,5.74929E+20,5.82356E+21,1.01052E+16,5.25569E+16
138413,3,2,41,1,2018,11,14,5,3,5,2,0,0,0,0,0,0,1,1,5.52288E+20,5.80343E+21,9.76816E+15,5.23786E+16
138414,3,4,55,7,2018,11,7,3,3,5,3,2,1,1,0,0,0,0,0,4.28131E+20,5.9357E+21,7.91485E+15,5.35653E+16
138415,3,2,56,22,2018,11,14,6,3,5,2,0,1,0,0,0,0,1,0,5.14739E+20,5.83115E+21,9.21777E+15,5.26302E+16
138416,3,3,58,21,2018,12,17,2,3,1,5,2,0,1,0,0,0,0,1,5.56715E+20,5.87137E+21,9.8449E+15,5.29889E+16
138417,3,3,51,6,2018,11,16,1,3,6,4,1,0,1,1,0,0,0,1,5.73724E+20,5.83194E+21,1.00893E+16,5.26324E+16
138418,3,2,56,22,2018,11,15,6,3,5,3,0,1,1,0,0,0,0,0,5.14836E+20,5.83401E+21,9.21932E+15,5.26559E+16
138419,3,4,5,0,2018,11,11,5,3,5,3,0,0,1,0,0,0,0,1,4.39877E+20,5.93671E+21,8.09198E+15,5.35758E+16
138420,3,4,3,0,2018,11,22,6,3,1,5,2,1,1,0,0,0,0,0,4.46648E+20,5.88964E+21,8.20218E+15,5.31535E+16
138421,3,2,41,15,2018,12,14,1,3,6,4,0,0,1,1,0,0,0,1,5.40439E+20,5.80482E+21,9.59426E+15,5.23921E+16
138422,3,2,41,1,2018,11,15,1,3,0,1,1,0,0,0,1,0,0,1,5.5837E+20,5.80223E+21,9.85729E+15,5.23672E+16
138423,3,1,51,32,2018,11,9,1,3,5,3,0,0,1,0,0,0,1,1,6.27288E+20,5.8267E+21,1.08784E+16,5.25755E+16
138424,3,1,3,0,2018,11,22,5,3,5,3,2,0,1,0,0,0,0,1,6.16701E+20,5.80961E+21,1.07163E+16,5.24242E+16
138425,3,4,59,19,2018,11,16,7,3,5,3,2,0,1,0,0,0,0,1,4.36206E+20,5.78435E+21,8.06645E+15,5.22059E+16
138426,3,2,52,6,2018,11,19,6,3,2,6,2,0,1,0,0,0,0,0,5.24221E+20,5.77241E+21,9.35361E+15,5.21017E+16
138427,3,4,56,15,2018,11,14,7,2,2,5,0,1,1,0,0,0,0,0,3.67599E+20,5.81123E+21,7.05234E+15,5.24352E+16
138428,3,1,59,16,2018,11,14,6,3,3,5,0,1,1,0,0,0,0,0,5.64964E+20,5.71131E+21,9.93692E+15,5.15491E+16
138429,3,3,51,6,2018,12,20,2,3,6,4,2,0,1,1,0,0,0,0,5.73509E+20,5.83094E+21,1.00859E+16,5.26235E+16
138430,3,4,52,19,2018,11,14,7,3,4,2,0,1,1,0,0,0,0,0,3.80019E+20,5.94064E+21,7.18683E+15,5.36008E+16
138431,3,1,3,0,2018,11,19,6,3,2,6,2,0,1,0,0,0,0,1,6.21298E+20,5.80893E+21,1.07836E+16,5.24171E+16
138432,3,4,3,0,2018,11,12,5,3,5,2,0,0,1,0,0,0,0,1,4.46786E+20,5.88747E+21,8.2046E+15,5.3134E+16
138433,3,2,55,15,2018,12,14,1,3,8,1,0,0,1,0,0,0,0,1,5.37484E+20,5.75012E+21,9.54481E+15,5.19005E+16
138434,3,4,53,4,2018,11,12,7,3,5,3,0,0,1,0,0,0,0,1,4.36775E+20,5.85622E+21,8.0611E+15,5.2852E+16
138435,3,3,61,12,2018,11,18,4,2,5,3,2,1,1,0,0,0,0,0,5.1592E+20,5.86313E+21,9.23677E+15,5.29176E+16
138436,3,4,53,7,2018,11,17,6,3,5,2,2,1,1,0,0,0,0,0,4.23608E+20,5.87535E+21,7.86109E+15,5.30223E+16
138437,3,4,56,15,2018,12,10,2,3,6,4,0,0,1,1,0,0,0,0,3.68506E+20,5.81093E+21,7.06579E+15,5.24328E+16
138438,3,2,51,49,2018,11,11,7,3,5,3,0,0,1,0,0,0,0,1,4.97484E+20,5.84994E+21,8.96268E+15,5.27993E+16
138439,3,1,3,0,2018,11,17,6,3,5,3,2,1,1,0,0,0,0,1,6.21727E+20,5.81017E+21,1.07903E+16,5.24282E+16
138440,3,1,59,16,2018,12,12,2,3,1,5,0,0,1,0,0,0,1,1,5.64471E+20,5.7125E+21,9.93003E+15,5.15599E+16
138441,3,3,53,31,2018,11,3,7,3,6,4,2,0,1,1,0,0,0,0,5.65462E+20,5.91514E+21,9.98414E+15,5.33813E+16
138442,3,1,53,12,2018,11,10,6,3,6,2,0,0,1,1,0,0,0,0,5.81062E+20,5.7493E+21,1.01779E+16,5.18885E+16
138443,3,3,51,6,2018,11,17,5,3,6,4,2,0,1,1,0,0,0,1,5.73198E+20,5.83113E+21,1.00814E+16,5.26252E+16
138444,3,2,54,21,2018,12,16,7,3,0,7,1,1,1,0,0,0,0,0,5.65514E+20,5.77812E+21,9.95752E+15,5.21497E+16
138445,3,2,41,1,2018,12,10,2,3,8,1,0,0,1,0,0,0,0,1,5.57836E+20,5.80734E+21,9.85033E+15,5.24132E+16
138446,3,3,53,31,2018,11,14,7,3,9,7,0,0,1,0,0,0,0,0,5.68361E+20,5.91839E+21,1.00284E+16,5.34102E+16
138447,3,1,51,9,2018,11,14,6,3,5,3,0,0,1,0,0,0,1,1,6.05017E+20,5.81403E+21,1.05459E+16,5.24663E+16
138448,3,3,58,19,2018,11,13,5,3,5,3,0,0,1,0,0,0,0,1,5.53651E+20,5.88569E+21,9.80163E+15,5.3118E+16
138449,3,4,60,9,2018,12,18,7,3,5,3,2,0,1,0,0,0,0,0,4.51389E+20,5.84265E+21,8.28011E+15,5.27316E+16
138450,3,3,55,22,2018,11,11,4,3,3,6,0,1,1,0,0,0,0,0,5.95281E+20,5.90083E+21,1.0428E+16,5.32482E+16
138451,3,4,55,26,2018,12,8,2,3,1,7,0,0,1,0,0,1,0,1,4.40035E+20,5.9168E+21,8.09817E+15,5.33969E+16
138452,3,3,54,18,2018,11,16,7,2,2,7,2,0,1,0,0,0,0,1,6.45052E+20,5.87069E+21,1.11599E+16,5.29662E+16
138453,3,1,1,0,2018,11,7,6,3,6,2,2,0,1,1,0,0,0,1,6.02615E+20,5.78651E+21,1.05021E+16,5.22194E+16
138454,3,1,51,9,2018,12,7,2,3,5,3,2,0,1,0,1,0,0,1,6.0452E+20,5.81657E+21,1.05394E+16,5.24893E+16
138455,3,2,41,14,2018,11,23,7,3,0,1,2,1,0,0,0,0,0,1,5.45243E+20,5.79924E+21,9.66411E+15,5.23416E+16
138456,3,2,41,11,2018,11,18,5,2,3,6,2,1,1,0,0,0,0,1,5.65979E+20,5.80357E+21,9.96929E+15,5.23784E+16
138457,3,4,54,8,2018,11,10,6,3,5,3,0,0,1,0,0,0,0,1,3.87787E+20,5.86894E+21,7.32947E+15,5.29583E+16
138458,3,4,59,30,2018,11,9,3,3,5,2,0,1,1,0,0,0,0,0,4.29091E+20,5.83697E+21,7.95116E+15,5.2678E+16
138459,3,2,41,1,2018,11,17,4,3,5,3,2,1,1,0,0,0,0,0,5.56212E+20,5.79921E+21,9.82509E+15,5.23403E+16
138460,3,2,51,40,2018,12,7,2,3,5,3,1,1,1,0,0,0,0,1,4.85569E+20,5.83744E+21,8.7865E+15,5.26867E+16
138461,3,2,57,35,2018,11,15,7,3,5,3,1,1,1,0,0,0,0,1,5.13874E+20,5.79735E+21,9.20357E+15,5.23263E+16
138462,3,1,1,0,2018,11,4,6,3,0,7,2,0,0,1,0,0,1,0,6.03834E+20,5.79172E+21,1.05216E+16,5.22661E+16
138463,3,4,52,19,2018,12,17,1,3,1,5,2,0,1,0,0,0,0,1,3.80259E+20,5.93982E+21,7.19076E+15,5.35936E+16
138464,3,2,54,28,2018,11,15,7,3,6,4,0,0,1,1,0,0,0,1,5.59707E+20,5.78776E+21,9.87436E+15,5.2237E+16
138465,3,1,51,11,2018,11,19,7,3,0,4,2,0,1,1,0,0,0,1,6.07939E+20,5.84283E+21,1.05983E+16,5.27245E+16
138466,3,4,4,0,2018,11,12,5,3,6,4,0,0,1,1,0,0,0,0,4.35892E+20,5.78906E+21,8.06095E+15,5.22482E+16
138467,3,2,56,22,2018,11,14,5,3,0,6,0,1,1,0,0,0,0,1,5.14985E+20,5.83408E+21,9.22153E+15,5.26565E+16
138468,3,1,51,10,2018,11,13,7,2,8,1,0,0,0,0,0,0,1,0,5.97447E+20,5.83622E+21,1.0441E+16,5.26672E+16
138469,3,4,59,19,2018,11,10,5,3,5,3,0,1,1,0,0,0,0,1,4.35651E+20,5.78388E+21,8.05841E+15,5.22016E+16
138470,3,3,55,33,2018,12,16,2,3,5,2,2,0,1,0,0,0,0,1,5.99983E+20,5.90621E+21,1.05002E+16,5.32957E+16
138471,3,1,1,0,2018,11,10,7,2,6,7,0,0,1,1,0,0,0,1,6.03604E+20,5.79135E+21,1.05181E+16,5.22628E+16
138472,3,4,4,0,2018,11,14,5,3,5,2,0,1,1,0,0,0,0,1,4.36373E+20,5.79092E+21,8.06764E+15,5.2265E+16