OBJECTID_1,ULAND,UREGBEZ,UKREIS,UGEMEINDE,UJAHR,UMONAT,USTUNDE,UWOCHENTAG,UKATEGORIE,UART,UTYP1,ULICHTVERH,IstRad,IstPKW,IstFuss,IstKrad,IstGkfz,IstSonstig,STRZUSTAND,LINREFX,LINREFY,XGCSWGS84,YGCSWGS84
139031,3,2,41,19,2018,12,0,6,3,0,7,2,1,0,0,0,0,0,1,5.49791E+20,5.82202E+21,9.73426E+15,5.2546E+16
139032,3,4,55,26,2018,12,16,4,3,5,3,2,0,1,0,1,0,0,0,4.39963E+20,5.91682E+21,8.09708E+15,5.3397E+16
139033,3,4,5,0,2018,12,9,4,3,5,3,0,1,1,0,0,0,0,0,4.42616E+20,5.93223E+21,8.13416E+15,5.35358E+16
139034,3,2,41,1,2018,12,18,5,3,2,6,2,0,1,0,1,0,0,1,5.48489E+20,5.80254E+21,9.71223E+15,5.2371E+16
139035,3,4,5,0,2018,12,12,4,3,1,5,0,0,1,0,0,1,1,0,4.3761E+20,5.92942E+21,8.0592E+15,5.351E+16
139036,3,4,3,0,2018,12,13,4,2,5,2,0,1,1,0,0,0,0,1,4.44068E+20,5.88871E+21,8.16375E+15,5.31448E+16
139037,3,3,60,25,2018,12,16,4,3,3,2,1,1,1,0,0,0,0,1,6.05247E+20,5.86944E+21,1.0567E+16,5.29643E+16
139038,3,4,1,0,2018,12,15,4,3,5,3,0,1,1,0,0,0,0,0,4.76429E+20,5.879E+21,8.64829E+15,5.306E+16
139039,3,2,41,1,2018,12,18,7,3,0,7,2,1,0,0,0,0,0,1,5.50385E+20,5.80236E+21,9.74005E+15,5.23691E+16
139040,3,3,52,59,2018,12,17,4,3,1,5,2,0,1,0,0,0,0,0,4.85713E+20,5.91771E+21,8.78508E+15,5.34082E+16
139041,3,4,59,19,2018,12,17,5,2,6,2,2,0,1,1,0,0,0,1,4.39286E+20,5.78406E+21,8.11156E+15,5.22036E+16
139042,3,3,52,11,2018,12,22,4,3,9,1,2,0,0,0,1,0,0,1,4.77626E+20,5.96323E+21,8.66015E+15,5.38171E+16
139043,3,1,53,2,2018,12,16,5,3,5,3,1,1,1,0,0,0,0,1,6.07383E+20,5.74946E+21,1.05603E+16,5.18856E+16
139044,3,3,59,23,2018,12,7,4,3,5,7,2,1,1,0,0,0,0,1,5.33472E+20,5.92346E+21,9.50412E+15,5.34591E+16
139045,3,3,58,22,2018,12,18,4,2,6,2,2,0,1,1,0,0,0,1,5.39565E+20,5.85635E+21,9.58759E+15,5.28555E+16
139046,3,3,60,25,2018,12,19,4,3,3,6,2,1,0,0,0,0,0,0,6.04456E+20,5.86968E+21,1.05553E+16,5.29665E+16
139047,3,3,60,25,2018,12,12,4,3,5,2,0,1,1,0,0,0,0,1,6.03856E+20,5.86907E+21,1.05462E+16,5.29611E+16
139048,3,2,41,1,2018,12,21,4,3,6,2,2,0,1,1,0,0,0,1,5.5478E+20,5.80721E+21,9.80538E+15,5.24123E+16
139049,3,3,60,25,2018,12,9,4,3,2,6,0,0,1,0,0,0,0,0,6.05296E+20,5.86947E+21,1.05678E+16,5.29645E+16
139050,3,4,4,0,2018,12,18,6,3,4,2,2,0,1,0,0,0,0,1,4.31943E+20,5.7907E+21,8.00279E+15,5.22625E+16
139051,3,3,51,6,2018,12,16,4,3,5,2,2,1,1,0,0,0,0,0,5.69026E+20,5.82861E+21,1.00192E+16,5.26031E+16
139052,3,4,4,0,2018,12,17,5,3,6,2,2,0,1,1,0,0,0,1,4.35075E+20,5.79142E+21,8.04853E+15,5.22693E+16
139053,3,2,41,1,2018,12,15,4,3,3,2,0,1,1,0,0,0,0,0,5.4886E+20,5.79981E+21,9.71727E+15,5.23464E+16
139054,3,1,1,0,2018,12,12,5,3,5,3,0,1,0,0,0,0,0,0,6.05077E+20,5.7917E+21,1.05398E+16,5.22656E+16
139055,3,2,41,1,2018,12,19,4,3,6,2,2,0,0,1,0,0,1,0,5.4901E+20,5.80222E+21,9.71983E+15,5.23681E+16
139056,3,2,41,1,2018,12,8,4,3,0,5,0,1,1,0,0,0,0,0,5.5013E+20,5.80332E+21,9.73645E+15,5.23778E+16
139057,3,4,55,15,2018,12,7,6,3,6,6,2,0,1,1,0,0,0,1,4.28663E+20,5.93329E+21,7.92343E+15,5.35436E+16
139058,3,2,57,32,2018,12,17,4,3,5,3,2,0,1,0,0,0,0,0,5.24108E+20,5.79616E+21,9.35366E+15,5.23152E+16
139059,3,2,41,5,2018,12,13,4,3,5,3,0,1,1,0,0,0,0,1,5.41017E+20,5.81018E+21,9.60341E+15,5.24402E+16
139060,3,4,3,0,2018,12,12,5,3,5,3,0,1,0,0,0,0,1,0,4.47741E+20,5.88806E+21,8.21877E+15,5.31393E+16
139061,3,2,41,19,2018,12,12,4,3,1,5,0,0,1,0,0,0,0,0,5.494E+20,5.82229E+21,9.72853E+15,5.25485E+16
139062,3,1,55,13,2018,12,15,4,1,4,7,0,0,1,0,0,0,0,1,5.58044E+20,5.74198E+21,9.84223E+15,5.18257E+16
139063,3,4,54,19,2018,12,14,6,3,4,2,0,1,1,0,0,0,0,1,3.97065E+20,5.83665E+21,7.47772E+15,5.267E+16
139064,3,2,57,35,2018,12,16,4,2,6,4,1,0,1,1,0,0,0,1,5.13839E+20,5.79707E+21,9.20305E+15,5.23238E+16
139065,3,4,57,13,2018,12,16,5,3,5,3,0,1,1,0,0,0,0,0,3.97255E+20,5.89924E+21,7.46068E+15,5.32325E+16
139066,3,2,54,2,2018,12,18,4,3,2,6,2,0,1,0,0,0,0,1,5.56061E+20,5.7589E+21,9.81622E+15,5.19779E+16
139067,3,4,54,32,2018,12,7,4,3,5,2,1,1,0,0,0,0,0,1,3.86297E+20,5.82081E+21,7.32398E+15,5.25255E+16
139068,3,2,54,21,2018,12,7,4,3,5,3,1,1,1,0,0,0,0,0,5.65638E+20,5.77813E+21,9.95934E+15,5.21498E+16
139069,3,2,55,23,2018,12,20,4,3,8,1,2,0,1,0,0,0,0,1,5.31439E+20,5.74125E+21,9.45614E+15,5.18212E+16
139070,3,3,58,19,2018,12,12,6,3,5,3,1,1,1,0,0,0,0,1,5.53541E+20,5.88573E+21,9.8E+15,5.31183E+16
139071,3,2,52,5,2018,12,15,4,3,2,2,0,0,1,0,0,0,0,0,5.27737E+20,5.76588E+21,9.40442E+15,5.20428E+16
139072,3,1,59,16,2018,12,16,4,3,1,5,0,1,0,0,0,0,1,1,5.65486E+20,5.71048E+21,9.9443E+15,5.15416E+16
139073,3,3,59,38,2018,12,15,5,3,5,3,0,1,1,0,0,0,0,1,5.30968E+20,5.9382E+21,9.46788E+15,5.35917E+16
139074,3,1,3,0,2018,12,13,4,3,5,3,0,0,1,0,0,0,0,0,6.21451E+20,5.80983E+21,1.07862E+16,5.24252E+16
139075,3,4,4,0,2018,12,21,3,3,5,3,2,1,1,0,0,0,0,1,4.35481E+20,5.79035E+21,8.05468E+15,5.22597E+16
139076,3,2,41,1,2018,12,6,3,3,0,1,2,1,0,0,0,0,0,1,5.46911E+20,5.80651E+21,9.6896E+15,5.24068E+16
139077,3,3,53,31,2018,12,12,4,3,0,1,0,1,0,0,0,0,0,1,5.6546E+20,5.9185E+21,9.98481E+15,5.34115E+16
139078,4,0,11,0,2018,1,18,2,3,3,6,2,0,1,0,0,0,1,1,4.87143E+20,5.88148E+21,8.80806E+15,5.30826E+16
139079,4,0,12,0,2018,1,13,7,3,5,3,0,0,1,0,0,0,0,1,4.75172E+20,5.93124E+21,8.62544E+15,5.35294E+16
139080,3,2,51,20,2018,12,22,2,3,6,6,2,0,0,1,0,0,1,1,4.56795E+20,5.81692E+21,8.36352E+15,5.25007E+16
139081,4,0,11,0,2018,1,19,4,3,6,3,2,0,1,1,0,0,0,1,4.89978E+20,5.8769E+21,8.85052E+15,5.30415E+16
139082,4,0,11,0,2018,1,17,2,3,6,4,2,0,1,1,0,0,0,0,4.88017E+20,5.87813E+21,8.82122E+15,5.30525E+16
139083,3,1,55,3,2018,12,13,2,3,5,3,0,0,1,0,0,0,0,1,5.53168E+20,5.7408E+21,9.77131E+15,5.18155E+16
139084,4,0,11,0,2018,1,18,5,3,2,6,2,0,1,0,0,0,0,1,4.91346E+20,5.88323E+21,8.87076E+15,5.30984E+16
139085,3,1,59,16,2018,12,14,2,2,6,7,0,1,0,1,0,0,0,0,5.64878E+20,5.70948E+21,9.93535E+15,5.15327E+16
139086,4,0,11,0,2018,1,7,2,3,6,4,2,0,1,1,0,0,0,1,4.82396E+20,5.87745E+21,8.7374E+15,5.30462E+16
139087,4,0,11,0,2018,1,8,6,3,5,2,0,0,1,0,0,0,1,0,4.84771E+20,5.88443E+21,8.7725E+15,5.31091E+16
139088,3,1,57,6,2018,12,10,2,3,5,3,0,0,1,0,0,0,0,1,5.83859E+20,5.79668E+21,1.02302E+16,5.2314E+16
139089,4,0,11,0,2018,1,16,2,3,3,6,0,1,1,0,0,0,0,1,4.91512E+20,5.88356E+21,8.87323E+15,5.31014E+16
139090,3,4,59,33,2018,12,22,1,2,1,5,2,1,1,0,0,0,0,1,4.32096E+20,5.79955E+21,8.00324E+15,5.2342E+16
139091,3,4,59,33,2018,12,19,1,3,5,3,2,1,1,0,0,0,0,1,4.3404E+20,5.79723E+21,8.03223E+15,5.23214E+16
139092,4,0,12,0,2018,1,23,3,3,4,6,2,0,1,0,0,0,0,1,4.73568E+20,5.93146E+21,8.60123E+15,5.35314E+16
139093,3,3,51,6,2018,12,18,1,3,5,3,2,0,1,0,0,0,0,0,5.72261E+20,5.82662E+21,1.00666E+16,5.25848E+16
139094,4,0,11,0,2018,1,15,5,3,5,3,0,0,1,0,0,0,0,1,4.74825E+20,5.89164E+21,8.62336E+15,5.31735E+16
139095,4,0,12,0,2018,1,7,4,3,0,7,1,1,0,0,0,0,0,1,4.73822E+20,5.93712E+21,8.60458E+15,5.35823E+16
139096,3,4,5,0,2018,12,12,7,2,5,3,0,1,1,0,0,0,0,1,4.41275E+20,5.93123E+21,8.11413E+15,5.35267E+16
139097,3,2,41,1,2018,12,20,1,3,2,6,2,0,1,0,0,0,0,0,5.49959E+20,5.80297E+21,9.73388E+15,5.23747E+16
139098,4,0,12,0,2018,1,17,6,3,6,4,2,0,1,1,0,0,0,1,4.72152E+20,5.93301E+21,8.57973E+15,5.35453E+16
139099,4,0,11,0,2018,1,18,5,3,5,3,2,1,1,0,0,0,0,1,4.86547E+20,5.88163E+21,8.79914E+15,5.3084E+16
139100,3,1,1,0,2018,12,15,1,3,5,3,0,0,1,0,0,0,0,0,6.05123E+20,5.79071E+21,1.05402E+16,5.22568E+16
139101,4,0,12,0,2018,1,18,1,3,5,3,2,0,1,0,0,0,1,0,4.73107E+20,5.93154E+21,8.59427E+15,5.35321E+16
139102,3,4,4,0,2018,12,15,7,3,6,4,0,0,0,1,1,0,0,1,4.3503E+20,5.7926E+21,8.04765E+15,5.22799E+16
139103,3,4,4,0,2018,12,5,7,3,6,2,2,0,1,1,0,0,0,1,4.3572E+20,5.79172E+21,8.05793E+15,5.22721E+16
139104,4,0,11,0,2018,1,16,3,3,5,3,2,0,1,0,0,0,0,1,4.87168E+20,5.88152E+21,8.80843E+15,5.3083E+16
139105,4,0,11,0,2018,1,18,2,3,5,2,2,1,1,0,0,0,0,0,4.89097E+20,5.87649E+21,8.83739E+15,5.30378E+16
139106,3,4,57,10,2018,12,15,7,3,0,7,0,0,1,0,0,0,0,1,4.06264E+20,5.9071E+21,7.59329E+15,5.33048E+16
139107,4,0,12,0,2018,1,12,5,2,6,3,0,0,0,1,0,1,0,2,4.73016E+20,5.9319E+21,8.59287E+15,5.35353E+16
139108,4,0,11,0,2018,1,15,4,3,6,4,0,0,0,1,0,0,1,1,4.85837E+20,5.8804E+21,8.7886E+15,5.30729E+16
139109,4,0,11,0,2018,1,15,3,3,5,2,0,1,1,0,0,0,0,0,4.85858E+20,5.8832E+21,8.7888E+15,5.3098E+16
139110,3,4,56,23,2018,12,2,7,3,9,1,2,1,0,0,0,0,0,0,3.57666E+20,5.81808E+21,6.9034E+15,5.24943E+16
139111,4,0,11,0,2018,1,6,6,3,5,3,2,1,1,0,0,0,0,2,4.93305E+20,5.88603E+21,8.89996E+15,5.31237E+16
139112,4,0,12,0,2018,1,11,4,3,5,3,0,0,1,0,0,0,1,1,4.73173E+20,5.9323E+21,8.5952E+15,5.3539E+16
139113,4,0,12,0,2018,1,17,6,3,1,5,2,0,1,0,0,0,1,1,4.73124E+20,5.93624E+21,8.59411E+15,5.35743E+16
139114,3,4,53,4,2018,12,19,7,3,5,3,2,0,1,0,1,0,0,1,4.34418E+20,5.85441E+21,8.02646E+15,5.28355E+16
139115,3,4,5,0,2018,12,13,7,3,0,5,0,1,1,0,0,0,0,1,4.41064E+20,5.93189E+21,8.11082E+15,5.35326E+16
139116,4,0,12,0,2018,1,7,2,3,4,6,2,0,1,0,0,0,0,1,4.74114E+20,5.93805E+21,8.60891E+15,5.35907E+16
139117,4,0,11,0,2018,1,19,2,3,1,7,2,0,1,0,0,0,0,0,4.87107E+20,5.87895E+21,8.80762E+15,5.30599E+16
139118,3,4,61,2,2018,12,11,7,3,5,3,0,1,1,0,0,0,0,1,4.65716E+20,5.908E+21,8.48532E+15,5.33201E+16
139119,4,0,11,0,2018,1,14,4,2,9,7,0,0,1,0,0,0,0,1,4.94569E+20,5.88255E+21,8.91891E+15,5.30924E+16
139120,4,0,11,0,2018,1,14,3,3,5,3,0,1,0,0,0,0,1,0,4.86831E+20,5.88122E+21,8.8034E+15,5.30803E+16
139121,3,3,58,16,2018,12,14,7,3,5,3,0,0,1,0,0,0,1,1,5.7698E+20,5.86994E+21,1.01464E+16,5.29735E+16
139122,4,0,11,0,2018,1,12,6,3,0,7,0,1,0,0,0,0,0,1,4.86863E+20,5.88177E+21,8.80386E+15,5.30852E+16
139123,3,3,55,22,2018,12,11,7,3,0,1,0,0,0,0,1,0,0,1,5.9699E+20,5.90023E+21,1.04534E+16,5.32425E+16
139124,3,3,51,24,2018,12,11,7,3,5,3,0,0,1,0,0,0,0,0,5.56597E+20,5.84171E+21,9.83799E+15,5.27223E+16
139125,4,0,11,0,2018,1,8,2,3,1,5,0,1,1,0,0,0,0,1,4.89223E+20,5.8802E+21,8.83914E+15,5.30712E+16
139126,3,4,3,0,2018,12,9,7,2,4,2,0,0,1,0,1,0,0,1,4.47798E+20,5.88771E+21,8.21968E+15,5.31362E+16
139127,4,0,11,0,2018,1,17,7,3,3,2,2,0,1,0,0,0,1,0,4.84018E+20,5.88508E+21,8.76123E+15,5.31149E+16
139128,3,3,51,12,2018,12,16,7,3,6,4,2,0,1,1,0,0,0,1,5.66078E+20,5.83209E+21,9.9764E+15,5.26347E+16
139129,4,0,11,0,2018,1,8,4,3,2,7,1,0,1,1,0,0,0,2,4.74942E+20,5.89123E+21,8.62514E+15,5.31698E+16
139130,4,0,11,0,2018,1,5,2,2,9,1,2,0,0,0,0,0,1,1,4.7101E+20,5.89263E+21,8.56619E+15,5.31822E+16
139131,3,2,41,17,2018,12,17,7,3,7,1,2,1,0,0,0,0,0,1,5.37974E+20,5.78424E+21,9.55572E+15,5.22073E+16
139132,4,0,11,0,2018,1,16,5,3,6,4,0,0,1,1,0,0,0,1,4.90662E+20,5.87994E+21,8.86063E+15,5.30689E+16
139133,4,0,11,0,2018,1,5,5,3,5,2,2,0,1,0,0,0,1,0,4.94257E+20,5.87954E+21,8.91429E+15,5.30653E+16
139134,3,2,51,42,2018,12,15,7,3,5,3,0,0,1,0,0,1,0,1,4.72173E+20,5.84555E+21,8.58765E+15,5.27591E+16
139135,3,2,41,1,2018,12,9,7,3,5,3,0,0,1,0,0,0,0,1,5.53733E+20,5.79816E+21,9.78854E+15,5.23311E+16
139136,4,0,11,0,2018,1,16,1,3,5,2,1,0,1,0,1,0,0,1,4.95471E+20,5.87941E+21,8.93241E+15,5.30642E+16
139137,4,0,12,0,2018,1,16,5,3,6,4,0,1,0,1,0,0,0,1,4.72586E+20,5.9348E+21,8.58612E+15,5.35614E+16
139138,3,1,59,3,2018,12,13,7,2,5,3,0,1,1,0,0,0,0,1,6.00998E+20,5.71733E+21,1.04582E+16,5.1598E+16
139139,4,0,11,0,2018,1,11,5,3,5,3,0,0,1,0,0,0,1,1,4.88697E+20,5.87639E+21,8.83143E+15,5.30369E+16
139140,3,1,53,16,2018,12,9,7,3,5,3,0,0,1,0,0,0,0,1,6.11372E+20,5.73114E+21,1.06123E+16,5.17201E+16
139141,4,0,11,0,2018,1,22,2,2,6,6,2,1,0,1,0,0,0,1,4.96388E+20,5.87991E+21,8.9461E+15,5.30686E+16
139142,4,0,11,0,2018,1,7,6,2,5,3,2,1,1,0,0,0,0,1,4.88972E+20,5.87621E+21,8.83554E+15,5.30353E+16
139143,3,1,53,17,2018,12,17,7,3,6,7,1,0,1,1,0,0,0,0,5.98844E+20,5.75182E+21,1.04369E+16,5.19084E+16
139144,4,0,11,0,2018,1,6,3,3,2,6,2,0,1,0,0,0,0,1,4.94248E+20,5.87918E+21,8.91416E+15,5.30621E+16
139145,3,1,51,9,2018,12,19,7,3,4,2,2,0,1,0,0,0,0,1,6.0533E+20,5.81565E+21,1.0551E+16,5.24808E+16
139146,3,1,1,0,2018,12,11,7,3,9,1,0,0,1,0,0,0,0,1,6.04325E+20,5.78857E+21,1.05278E+16,5.22377E+16
139147,4,0,11,0,2018,1,14,5,3,5,3,0,1,0,0,0,1,0,1,4.85642E+20,5.87911E+21,8.78574E+15,5.30613E+16
139148,4,0,11,0,2018,1,8,4,3,9,6,0,1,1,0,0,0,0,0,4.86627E+20,5.88007E+21,8.80041E+15,5.307E+16
139149,3,4,53,4,2018,12,11,6,3,5,3,0,1,1,0,0,0,0,1,4.36832E+20,5.85596E+21,8.06199E+15,5.28497E+16
139150,4,0,11,0,2018,1,1,6,3,9,2,2,0,1,0,0,0,0,2,4.89361E+20,5.87623E+21,8.84135E+15,5.30355E+16
139151,4,0,11,0,2018,1,18,5,3,5,2,2,1,1,0,0,0,0,1,4.72837E+20,5.89285E+21,8.59351E+15,5.31843E+16
139152,4,0,11,0,2018,1,19,7,3,2,1,2,0,1,0,0,0,0,0,4.80166E+20,5.89024E+21,8.70335E+15,5.31611E+16
139153,3,4,55,7,2018,12,14,6,3,5,3,0,1,1,0,0,0,0,1,4.28005E+20,5.93565E+21,7.91296E+15,5.35648E+16
139154,4,0,11,0,2018,1,17,2,3,5,3,2,1,1,0,0,0,0,1,4.87554E+20,5.88177E+21,8.81417E+15,5.30852E+16
139155,3,3,61,12,2018,12,17,6,3,6,2,2,0,1,1,0,0,0,1,5.15341E+20,5.86379E+21,9.22819E+15,5.29236E+16
139156,3,4,51,2,2018,12,15,6,3,4,2,0,1,1,0,0,0,0,1,4.32924E+20,5.89296E+21,7.99628E+15,5.31817E+16
139157,4,0,11,0,2018,1,17,3,3,5,2,1,0,1,0,0,0,0,0,4.9009E+20,5.87524E+21,8.85224E+15,5.30266E+16
139158,4,0,12,0,2018,1,18,2,3,1,7,2,0,1,0,0,0,0,0,4.72441E+20,5.9374E+21,8.5837E+15,5.35847E+16
139159,3,4,3,0,2018,12,17,6,3,5,3,2,0,1,0,1,0,0,1,4.46848E+20,5.89304E+21,8.2046E+15,5.31841E+16
139160,4,0,11,0,2018,1,8,6,3,0,1,0,1,0,0,0,0,0,2,4.90328E+20,5.88166E+21,8.8556E+15,5.30843E+16
139161,4,0,11,0,2018,1,8,4,3,6,4,2,1,0,1,0,0,0,1,4.86228E+20,5.88059E+21,8.79442E+15,5.30746E+16
139162,4,0,11,0,2018,1,12,6,3,6,4,0,0,1,1,0,0,0,1,4.74515E+20,5.892E+21,8.61869E+15,5.31768E+16
139163,3,4,3,0,2018,12,10,6,3,0,7,0,1,0,1,0,0,0,0,4.42908E+20,5.88728E+21,8.14667E+15,5.31319E+16
139164,4,0,11,0,2018,1,18,5,3,6,4,2,0,1,1,0,0,0,1,4.87383E+20,5.88251E+21,8.8116E+15,5.30919E+16
139165,4,0,12,0,2018,1,14,5,3,2,6,0,0,1,0,0,0,0,1,4.73521E+20,5.92783E+21,8.60082E+15,5.34987E+16
139166,3,2,51,47,2018,12,9,6,2,5,3,0,0,1,0,0,0,0,1,4.86002E+20,5.87146E+21,8.79145E+15,5.29926E+16
139167,4,0,11,0,2018,1,16,2,3,0,7,0,0,0,1,0,0,1,0,4.8833E+20,5.88105E+21,8.82579E+15,5.30788E+16
139168,4,0,11,0,2018,1,16,1,3,2,6,1,0,1,0,0,0,0,1,4.85764E+20,5.8823E+21,8.78743E+15,5.309E+16
139169,3,2,51,30,2018,12,14,6,3,5,3,0,0,1,0,0,0,0,0,4.64877E+20,5.82903E+21,8.4813E+15,5.26101E+16
139170,3,3,59,38,2018,12,18,6,3,5,3,2,1,1,0,0,0,0,1,5.27967E+20,5.93899E+21,9.42261E+15,5.3599E+16
139171,4,0,11,0,2018,1,16,3,3,6,4,1,0,1,1,0,0,0,0,4.91897E+20,5.88176E+21,8.87901E+15,5.30853E+16
139172,4,0,11,0,2018,1,16,2,3,6,4,0,0,1,1,0,0,0,0,4.84007E+20,5.88507E+21,8.76106E+15,5.31148E+16
139173,3,3,57,5,2018,12,21,6,3,8,1,2,0,1,0,0,0,0,1,5.20899E+20,5.88805E+21,9.31244E+15,5.31414E+16
139174,4,0,11,0,2018,1,7,5,3,2,6,2,0,1,0,0,0,0,1,4.91405E+20,5.87934E+21,8.87174E+15,5.30635E+16
139175,4,0,11,0,2018,1,22,4,3,1,1,2,0,1,0,0,0,0,1,4.92384E+20,5.88019E+21,8.88632E+15,5.30712E+16
139176,3,3,60,25,2018,12,16,6,3,4,7,2,0,0,0,1,0,1,1,6.05374E+20,5.87087E+21,1.05694E+16,5.29771E+16
139177,4,0,11,0,2018,1,8,5,2,0,7,0,0,0,0,0,0,1,0,4.86928E+20,5.8813E+21,8.80485E+15,5.3081E+16
139178,3,3,55,22,2018,12,18,6,3,2,6,2,0,1,0,0,0,0,1,5.93943E+20,5.90033E+21,1.04078E+16,5.32439E+16
139179,4,0,11,0,2018,1,9,2,3,3,6,0,0,1,0,0,0,1,1,4.83897E+20,5.88518E+21,8.75941E+15,5.31158E+16
139180,3,4,1,0,2018,12,17,7,3,2,1,2,0,1,0,0,0,0,1,4.76706E+20,5.87756E+21,8.65252E+15,5.3047E+16
139181,4,0,11,0,2018,1,20,7,3,3,6,2,0,1,0,0,0,0,0,4.88165E+20,5.87634E+21,8.8235E+15,5.30364E+16
139182,3,2,41,1,2018,12,20,6,3,5,2,2,1,1,0,0,0,0,1,5.50049E+20,5.80159E+21,9.73499E+15,5.23623E+16
139183,4,0,12,0,2018,1,7,3,3,6,4,2,0,1,1,0,0,0,0,4.71942E+20,5.93472E+21,8.57641E+15,5.35606E+16
139184,3,4,52,1,2018,12,13,2,3,5,3,0,1,1,0,0,0,0,0,3.99989E+20,5.92472E+21,7.49358E+15,5.3462E+16
139185,4,0,11,0,2018,1,13,5,3,5,3,0,1,1,0,0,0,0,0,4.89149E+20,5.87983E+21,8.83806E+15,5.30679E+16
139186,3,2,41,1,2018,12,16,6,3,5,2,2,0,1,0,0,0,1,1,5.43002E+20,5.80695E+21,9.6322E+15,5.24111E+16
139187,4,0,11,0,2018,1,7,4,3,3,6,1,0,1,0,0,0,1,1,4.90183E+20,5.87948E+21,8.8535E+15,5.30647E+16
139188,4,0,11,0,2018,1,10,3,3,2,6,0,0,1,0,0,0,0,1,4.91437E+20,5.87976E+21,8.8722E+15,5.30672E+16
139189,3,2,41,1,2018,12,1,6,2,5,3,2,1,1,0,0,0,0,0,5.4748E+20,5.79871E+21,9.69687E+15,5.23366E+16
139190,4,0,11,0,2018,1,7,5,2,4,6,2,1,0,0,0,0,0,1,4.8574E+20,5.88071E+21,8.78714E+15,5.30756E+16
139191,4,0,11,0,2018,1,10,5,2,0,7,0,0,1,1,0,0,0,1,4.80089E+20,5.89096E+21,8.70216E+15,5.31677E+16
139192,3,1,59,26,2018,12,18,6,3,6,6,2,0,1,1,0,0,0,1,5.81326E+20,5.73341E+21,1.0178E+16,5.17457E+16
139193,4,0,11,0,2018,1,7,2,3,6,4,1,0,1,1,0,0,0,1,4.71662E+20,5.89492E+21,8.57574E+15,5.32028E+16
139194,4,0,11,0,2018,1,21,6,3,6,4,2,1,0,1,0,0,0,1,4.91999E+20,5.88081E+21,8.88057E+15,5.30767E+16
139195,3,2,57,9,2018,12,18,6,3,0,7,2,1,0,0,0,0,0,0,5.0324E+20,5.79008E+21,9.04747E+15,5.22611E+16
139196,4,0,12,0,2018,1,15,2,3,2,6,0,0,1,0,0,0,0,1,4.73103E+20,5.93359E+21,8.59402E+15,5.35505E+16
139197,3,2,56,22,2018,12,22,6,3,2,6,2,0,1,0,0,0,0,1,5.14096E+20,5.83251E+21,9.20833E+15,5.26424E+16
139198,4,0,11,0,2018,1,7,5,3,2,5,0,0,1,0,0,1,0,1,4.83436E+20,5.88562E+21,8.7525E+15,5.31197E+16
139199,3,2,52,7,2018,12,11,6,3,0,7,0,0,0,0,1,0,1,0,5.16901E+20,5.7784E+21,9.24704E+15,5.21559E+16
139200,4,0,11,0,2018,1,7,4,3,5,3,0,0,1,0,1,0,0,0,4.93179E+20,5.87715E+21,8.89825E+15,5.30438E+16
139201,4,0,11,0,2018,1,13,5,3,5,3,0,0,1,0,0,0,0,0,4.97507E+20,5.87897E+21,8.96281E+15,5.30602E+16
139202,3,1,57,6,2018,12,2,6,2,0,1,2,1,0,0,0,0,0,0,5.83862E+20,5.79787E+21,1.02305E+16,5.23248E+16
139203,4,0,11,0,2018,1,9,6,3,4,2,0,1,1,0,0,0,0,1,4.8736E+20,5.88254E+21,8.81125E+15,5.30922E+16
139204,4,0,12,0,2018,1,7,4,3,2,6,2,0,1,0,0,0,0,1,4.73193E+20,5.93518E+21,8.59525E+15,5.35648E+16
139205,3,1,51,16,2018,12,18,6,3,6,2,2,0,1,1,0,0,0,1,6.04768E+20,5.80451E+21,1.05392E+16,5.23808E+16
139206,4,0,12,0,2018,1,7,6,2,0,7,1,1,0,0,0,0,0,2,4.73598E+20,5.93614E+21,8.60129E+15,5.35734E+16
139207,4,0,11,0,2018,1,19,5,3,5,3,2,0,1,0,0,0,0,1,4.82623E+20,5.87816E+21,8.74076E+15,5.30527E+16
139208,3,4,59,14,2018,12,14,5,3,5,3,0,0,1,0,0,0,1,0,4.35044E+20,5.80437E+21,8.04558E+15,5.23857E+16
139209,4,0,11,0,2018,1,23,2,3,0,7,2,1,0,0,0,0,0,1,4.90301E+20,5.88091E+21,8.85522E+15,5.30776E+16
139210,3,4,59,26,2018,12,16,5,3,3,6,2,1,1,0,0,0,0,0,4.19745E+20,5.81839E+21,7.81747E+15,5.25097E+16
139211,4,0,11,0,2018,1,21,5,3,2,6,2,0,1,0,0,0,0,0,4.88435E+20,5.88101E+21,8.82737E+15,5.30784E+16
139212,3,4,56,15,2018,12,14,5,3,0,5,0,1,1,0,0,0,0,0,3.69015E+20,5.81077E+21,7.07334E+15,5.24314E+16
139213,4,0,11,0,2018,1,17,3,3,5,3,2,1,0,0,0,0,1,1,4.88085E+20,5.88038E+21,8.82216E+15,5.30728E+16
139214,4,0,12,0,2018,1,11,2,3,5,3,0,0,1,0,0,0,0,0,4.72331E+20,5.92992E+21,8.58271E+15,5.35175E+16
139215,3,4,54,18,2018,12,23,5,3,9,1,2,0,1,0,0,0,0,0,3.81021E+20,5.85043E+21,7.23557E+15,5.27905E+16
139216,4,0,12,0,2018,1,9,5,3,2,6,0,0,1,0,0,0,0,2,4.72159E+20,5.9332E+21,8.57982E+15,5.3547E+16
139217,4,0,11,0,2018,1,7,4,3,6,3,1,0,1,1,0,0,0,1,4.97147E+20,5.87866E+21,8.95743E+15,5.30575E+16