OBJECTID_1,ULAND,UREGBEZ,UKREIS,UGEMEINDE,UJAHR,UMONAT,USTUNDE,UWOCHENTAG,UKATEGORIE,UART,UTYP1,ULICHTVERH,IstRad,IstPKW,IstFuss,IstKrad,IstGkfz,IstSonstig,STRZUSTAND,LINREFX,LINREFY,XGCSWGS84,YGCSWGS84
139218,4,0,11,0,2018,1,9,6,3,5,3,0,0,1,0,0,0,1,1,4.88961E+20,5.88245E+21,8.83517E+15,5.30914E+16
139219,3,4,5,0,2018,12,12,5,3,0,4,0,0,1,1,0,0,0,0,4.41909E+20,5.93043E+21,8.12384E+15,5.35196E+16
139220,4,0,12,0,2018,1,16,4,3,5,3,2,0,1,0,0,0,0,1,4.73376E+20,5.93687E+21,8.59787E+15,5.358E+16
139221,4,0,11,0,2018,1,16,7,2,0,3,1,1,0,0,0,1,0,0,4.97266E+20,5.87693E+21,8.95922E+15,5.30419E+16
139222,3,4,3,0,2018,12,7,5,3,5,3,2,1,1,0,0,0,0,1,4.46619E+20,5.8883E+21,8.20196E+15,5.31414E+16
139223,4,0,12,0,2018,1,16,4,3,6,7,0,0,0,1,0,0,1,0,4.7612E+20,5.93884E+21,8.63916E+15,5.35978E+16
139224,3,3,51,6,2018,12,11,5,3,2,6,0,0,1,0,0,0,0,1,5.73419E+20,5.83083E+21,1.00846E+16,5.26225E+16
139225,4,0,11,0,2018,1,18,3,3,6,4,2,0,1,1,0,0,0,1,4.79895E+20,5.89102E+21,8.69925E+15,5.31682E+16
139226,4,0,11,0,2018,1,5,2,3,5,3,2,1,1,0,0,0,0,0,4.79017E+20,5.8916E+21,8.68608E+15,5.31733E+16
139227,3,3,51,6,2018,12,7,5,2,4,2,2,1,1,0,0,0,0,1,5.71977E+20,5.83047E+21,1.00632E+16,5.26194E+16
139228,4,0,11,0,2018,1,8,4,3,6,4,0,0,1,1,0,0,0,1,4.89303E+20,5.88076E+21,8.84032E+15,5.30762E+16
139229,4,0,12,0,2018,1,10,3,3,2,6,0,0,1,0,0,0,1,0,4.73172E+20,5.93287E+21,8.59514E+15,5.3544E+16
139230,3,2,41,1,2018,12,14,5,3,5,3,0,0,1,0,0,0,0,0,5.51611E+20,5.80344E+21,9.75821E+15,5.23788E+16
139231,4,0,11,0,2018,1,18,4,3,6,4,2,0,1,1,0,0,0,0,4.87221E+20,5.88106E+21,8.80924E+15,5.30788E+16
139232,3,2,52,6,2018,12,14,5,3,5,3,0,0,1,0,1,0,0,0,5.28612E+20,5.77001E+21,9.41753E+15,5.208E+16
139233,4,0,11,0,2018,1,7,2,3,5,3,1,1,1,0,0,0,0,1,4.86464E+20,5.88045E+21,8.79796E+15,5.30733E+16
139234,4,0,11,0,2018,1,9,6,3,5,2,0,1,1,0,0,0,0,0,4.73504E+20,5.89288E+21,8.60349E+15,5.31846E+16
139235,4,0,11,0,2018,1,17,4,3,4,6,1,0,1,0,0,0,0,1,4.81731E+20,5.87647E+21,8.72754E+15,5.30375E+16
139236,3,1,3,0,2018,12,16,5,3,5,3,2,1,1,0,0,0,0,0,6.22394E+20,5.81247E+21,1.0801E+16,5.24487E+16
139237,4,0,11,0,2018,1,16,2,3,3,6,0,0,1,0,0,1,0,0,4.84814E+20,5.8836E+21,8.77318E+15,5.31016E+16
139238,4,0,11,0,2018,1,23,7,3,2,6,2,0,1,0,0,0,0,1,4.90882E+20,5.8802E+21,8.86391E+15,5.30712E+16
139239,3,1,57,6,2018,12,9,5,1,0,7,0,0,0,1,0,0,1,0,5.83944E+20,5.79749E+21,1.02316E+16,5.23213E+16
139240,4,0,11,0,2018,1,19,4,3,2,6,2,0,1,0,0,0,0,1,4.9195E+20,5.8848E+21,8.87974E+15,5.31126E+16
139241,4,0,11,0,2018,1,0,2,2,6,4,2,0,1,1,0,0,0,1,4.7522E+20,5.89148E+21,8.62928E+15,5.31721E+16
139242,4,0,11,0,2018,1,14,4,3,0,5,0,0,1,0,1,0,0,0,4.85452E+20,5.88279E+21,8.78275E+15,5.30944E+16
139243,3,4,54,46,2018,12,11,4,2,5,3,0,0,1,0,0,0,0,1,4.01996E+20,5.80687E+21,7.5594E+15,5.24032E+16
139244,4,0,11,0,2018,1,13,5,3,3,2,0,1,1,0,0,0,0,0,4.92598E+20,5.87914E+21,8.88954E+15,5.30617E+16
139245,4,0,11,0,2018,1,7,4,2,6,4,1,0,1,1,0,0,0,1,4.86566E+20,5.88009E+21,8.7995E+15,5.30701E+16
139246,4,0,11,0,2018,1,11,5,3,6,4,0,0,1,1,0,0,0,0,4.76463E+20,5.89136E+21,8.64788E+15,5.31711E+16
139247,3,4,58,5,2018,12,23,4,3,8,1,2,0,1,0,0,0,0,1,4.67488E+20,5.87893E+21,8.51488E+15,5.30589E+16
139248,4,0,12,0,2018,1,17,1,3,5,3,2,0,1,0,0,0,1,0,4.73375E+20,5.93686E+21,8.59786E+15,5.35799E+16
139249,4,0,11,0,2018,1,6,6,3,5,2,2,1,1,0,0,0,0,1,4.84615E+20,5.88265E+21,8.77026E+15,5.30931E+16
139250,3,2,41,11,2018,12,10,4,3,5,3,0,0,1,0,0,0,0,1,5.61825E+20,5.80244E+21,9.90807E+15,5.23688E+16
139251,4,0,11,0,2018,1,15,2,3,3,6,1,1,0,0,0,0,0,1,4.89067E+20,5.87986E+21,8.83683E+15,5.30681E+16
139252,3,1,55,11,2018,12,17,4,3,5,3,2,0,1,0,0,0,0,0,5.69047E+20,5.72784E+21,9.99906E+15,5.16973E+16
139253,4,0,11,0,2018,1,10,4,3,5,3,0,0,1,0,0,0,1,1,4.91013E+20,5.88027E+21,8.86587E+15,5.30718E+16
139254,3,1,57,6,2018,12,17,4,3,5,3,2,0,1,0,0,0,0,1,5.85899E+20,5.79974E+21,1.02609E+16,5.23413E+16
139255,4,0,11,0,2018,1,18,3,2,6,4,2,0,1,1,0,0,0,1,4.92479E+20,5.88442E+21,8.88765E+15,5.31092E+16
139256,3,4,55,7,2018,12,11,2,3,5,3,0,1,1,0,0,0,0,1,4.28079E+20,5.93546E+21,7.91412E+15,5.3563E+16
139257,4,0,11,0,2018,1,15,4,3,5,3,0,1,1,0,0,0,0,0,4.86385E+20,5.88221E+21,8.79671E+15,5.30892E+16
139258,3,2,51,7,2018,12,11,3,3,5,3,0,0,1,0,0,0,0,0,4.81942E+20,5.85607E+21,8.73183E+15,5.2854E+16
139259,4,0,12,0,2018,1,9,4,3,2,6,0,0,1,0,0,0,0,0,4.71858E+20,5.93416E+21,8.57518E+15,5.35555E+16
139260,4,0,11,0,2018,1,9,4,3,0,7,0,1,0,0,0,0,0,2,4.89238E+20,5.88327E+21,8.83927E+15,5.30988E+16
139261,3,1,53,2,2018,12,16,3,3,5,2,2,1,1,0,0,0,0,0,6.05598E+20,5.75091E+21,1.05348E+16,5.18989E+16
139262,4,0,11,0,2018,1,6,6,3,5,3,2,1,1,0,0,0,0,2,4.71676E+20,5.89354E+21,8.57609E+15,5.31904E+16
139263,4,0,11,0,2018,1,20,5,3,6,4,2,0,1,1,0,0,0,0,4.79427E+20,5.88543E+21,8.69261E+15,5.31179E+16
139264,4,0,12,0,2018,1,14,5,3,2,6,0,0,1,0,0,0,0,1,4.73521E+20,5.92783E+21,8.60082E+15,5.34987E+16
139265,4,0,11,0,2018,1,18,1,3,2,2,2,0,1,0,0,0,0,0,4.86152E+20,5.88261E+21,8.79322E+15,5.30927E+16
139266,3,4,54,41,2018,12,18,2,2,9,1,2,0,1,1,0,0,0,0,3.97036E+20,5.88099E+21,7.46326E+15,5.30684E+16
139267,4,0,11,0,2018,1,23,4,2,9,1,2,0,1,0,0,0,0,1,4.86766E+20,5.88358E+21,8.80233E+15,5.31015E+16
139268,3,4,56,27,2018,12,9,2,3,5,3,0,0,1,0,1,0,0,0,3.78546E+20,5.7984E+21,7.21794E+15,5.23225E+16
139269,4,0,11,0,2018,1,11,3,3,3,6,0,1,0,0,0,0,0,0,4.86542E+20,5.88001E+21,8.79914E+15,5.30694E+16
139270,4,0,11,0,2018,1,11,4,2,6,4,0,0,1,1,0,0,0,0,4.86637E+20,5.88103E+21,8.80052E+15,5.30786E+16
139271,4,0,11,0,2018,1,11,2,2,5,3,0,1,1,0,0,0,0,0,4.8329E+20,5.88637E+21,8.75027E+15,5.31265E+16
139272,3,4,56,15,2018,12,10,2,3,2,6,0,0,1,0,0,0,0,0,3.68452E+20,5.81066E+21,7.0651E+15,5.24303E+16
139273,4,0,12,0,2018,1,17,3,3,5,3,2,0,1,0,0,0,0,1,4.72628E+20,5.93052E+21,8.58712E+15,5.35229E+16
139274,4,0,11,0,2018,1,17,3,3,5,3,2,1,1,0,0,0,0,0,4.89764E+20,5.88196E+21,8.84717E+15,5.3087E+16
139275,4,0,11,0,2018,1,12,3,3,5,3,0,1,1,0,0,0,0,0,4.90737E+20,5.88332E+21,8.86165E+15,5.30993E+16
139276,3,4,56,25,2018,12,11,2,3,5,4,0,0,1,1,0,0,0,0,3.79725E+20,5.81841E+21,7.22803E+15,5.25025E+16
139277,4,0,11,0,2018,1,19,6,3,0,7,2,0,0,0,0,0,1,1,4.842E+20,5.88488E+21,8.76396E+15,5.31131E+16
139278,4,0,11,0,2018,1,15,4,3,6,4,1,0,1,1,0,0,0,1,4.96649E+20,5.87928E+21,8.94999E+15,5.3063E+16
139279,4,0,11,0,2018,1,20,6,3,6,4,2,0,1,1,0,0,0,0,4.86984E+20,5.88076E+21,8.80571E+15,5.30761E+16
139280,3,4,62,3,2018,12,8,2,3,5,3,0,1,1,0,0,0,0,0,4.07983E+20,5.94492E+21,7.60799E+15,5.36449E+16
139281,4,0,11,0,2018,1,12,3,3,0,7,0,0,1,0,0,0,0,0,4.87875E+20,5.87634E+21,8.81917E+15,5.30365E+16
139282,3,4,53,7,2018,12,11,2,3,6,2,0,0,1,1,0,0,0,0,4.2444E+20,5.87651E+21,7.87322E+15,5.30328E+16
139283,4,0,12,0,2018,1,15,2,3,5,3,0,1,1,0,0,0,0,1,4.72926E+20,5.93454E+21,8.59127E+15,5.3559E+16
139284,4,0,11,0,2018,1,16,1,3,3,6,1,1,1,0,0,0,0,0,4.88485E+20,5.88034E+21,8.82813E+15,5.30724E+16
139285,3,4,53,7,2018,12,9,2,3,5,3,0,1,1,0,0,0,0,0,4.23302E+20,5.87607E+21,7.85636E+15,5.30287E+16
139286,4,0,11,0,2018,1,17,4,3,6,3,2,1,0,1,0,0,0,1,4.85861E+20,5.87997E+21,8.78898E+15,5.3069E+16
139287,4,0,11,0,2018,1,10,3,3,4,6,0,1,0,0,0,0,0,1,4.86483E+20,5.8812E+21,8.79821E+15,5.30801E+16
139288,3,4,3,0,2018,12,12,2,3,5,2,0,1,1,0,0,0,0,0,4.4568E+20,5.88739E+21,8.18808E+15,5.31331E+16
139289,4,0,11,0,2018,1,7,5,3,2,7,1,1,1,0,0,0,0,1,4.88357E+20,5.88159E+21,8.82617E+15,5.30837E+16
139290,4,0,11,0,2018,1,10,4,3,0,2,0,1,1,0,0,0,0,1,4.79336E+20,5.89109E+21,8.69088E+15,5.31688E+16
139291,3,3,52,11,2018,12,8,2,2,5,3,0,1,1,0,0,0,0,1,4.80136E+20,5.96933E+21,8.69789E+15,5.38721E+16
139292,4,0,11,0,2018,1,11,3,3,5,3,0,0,1,0,0,0,0,0,4.91413E+20,5.88361E+21,8.87175E+15,5.31018E+16
139293,3,3,53,5,2018,12,8,2,3,6,4,0,0,1,1,0,0,0,1,5.5836E+20,5.90932E+21,9.87631E+15,5.33298E+16
139294,4,0,11,0,2018,1,20,2,3,0,7,2,0,0,0,0,0,1,1,4.86657E+20,5.88102E+21,8.80082E+15,5.30785E+16
139295,3,3,55,1,2018,12,16,7,3,5,3,2,1,1,0,0,0,0,1,5.95779E+20,5.90426E+21,1.04365E+16,5.32789E+16
139296,4,0,11,0,2018,1,10,7,3,5,3,0,1,1,0,0,0,0,0,4.92691E+20,5.8844E+21,8.89082E+15,5.31089E+16
139297,3,3,55,22,2018,12,19,2,3,1,7,2,0,1,0,0,0,0,0,5.93268E+20,5.90204E+21,1.03982E+16,5.32594E+16
139298,4,0,12,0,2018,1,14,3,3,2,6,0,0,1,0,0,0,1,1,4.73388E+20,5.93576E+21,8.59815E+15,5.35701E+16
139299,3,4,4,0,2018,12,14,2,1,0,1,0,1,0,0,0,0,0,1,4.3601E+20,5.79177E+21,8.06216E+15,5.22726E+16
139300,4,0,11,0,2018,1,17,3,3,1,7,2,0,1,0,1,0,0,0,4.76016E+20,5.89078E+21,8.64124E+15,5.31658E+16
139301,3,2,41,1,2018,12,14,2,3,2,6,0,0,1,0,0,0,0,0,5.53745E+20,5.80125E+21,9.78921E+15,5.23589E+16
139302,4,0,12,0,2018,1,7,4,3,2,6,2,0,1,0,0,0,0,1,4.73193E+20,5.93518E+21,8.59525E+15,5.35648E+16
139303,4,0,11,0,2018,1,18,3,2,5,2,2,0,1,0,1,0,0,0,4.72773E+20,5.89262E+21,8.59257E+15,5.31822E+16
139304,3,2,41,1,2018,12,13,2,3,5,2,0,1,1,0,0,0,0,0,5.52151E+20,5.80379E+21,9.7662E+15,5.23819E+16
139305,3,2,41,4,2018,12,9,2,3,0,7,0,1,0,0,0,0,0,1,5.59092E+20,5.8186E+21,9.87079E+15,5.25143E+16
139306,4,0,11,0,2018,1,10,5,3,5,3,0,1,1,0,0,0,0,0,4.70329E+20,5.89304E+21,8.55597E+15,5.31858E+16
139307,3,2,54,3,2018,12,11,2,3,6,6,0,0,1,1,0,0,0,1,5.66801E+20,5.78978E+21,9.97863E+15,5.22544E+16
139308,4,0,11,0,2018,1,9,2,3,2,2,0,1,1,0,0,0,0,1,4.69915E+20,5.8936E+21,8.54972E+15,5.31909E+16
139309,4,0,11,0,2018,1,7,6,3,5,3,2,1,1,0,0,0,0,0,4.86112E+20,5.8815E+21,8.79266E+15,5.30828E+16
139310,3,2,54,29,2018,12,11,2,3,4,2,0,0,1,0,0,0,0,1,5.74759E+20,5.7823E+21,1.00935E+16,5.21861E+16
139311,4,0,11,0,2018,1,15,3,3,1,7,1,0,1,0,0,0,0,1,4.90231E+20,5.88204E+21,8.85414E+15,5.30878E+16
139312,3,2,55,23,2018,12,11,2,3,0,7,0,0,1,0,1,0,0,1,5.3161E+20,5.74266E+21,9.45875E+15,5.18339E+16
139313,3,4,56,15,2018,12,18,1,3,5,3,2,0,1,0,0,0,0,1,3.71203E+20,5.81109E+21,7.10538E+15,5.24348E+16
139314,4,0,11,0,2018,1,13,4,3,2,6,0,0,1,0,0,0,0,0,4.87583E+20,5.8814E+21,8.81463E+15,5.30819E+16
139315,3,4,62,19,2018,12,10,1,3,5,3,0,1,1,0,0,0,0,1,4.18935E+20,5.93744E+21,7.77558E+15,5.35795E+16
139316,4,0,11,0,2018,1,17,6,2,6,3,2,0,1,1,0,0,0,1,4.81941E+20,5.89213E+21,8.7298E+15,5.31783E+16
139317,4,0,11,0,2018,1,21,5,3,0,1,2,1,0,0,0,0,0,1,4.91346E+20,5.87974E+21,8.87085E+15,5.30671E+16
139318,4,0,11,0,2018,1,15,7,2,1,5,0,0,1,0,0,0,0,1,4.76078E+20,5.89159E+21,8.6421E+15,5.31731E+16
139319,4,0,11,0,2018,1,10,7,3,5,3,0,0,1,0,0,0,0,1,4.96336E+20,5.87956E+21,8.94532E+15,5.30656E+16
139320,4,0,11,0,2018,1,18,5,3,5,3,2,1,1,0,0,0,0,1,4.85439E+20,5.88198E+21,8.78259E+15,5.30871E+16
139321,3,4,53,9,2018,12,0,1,2,0,1,2,0,0,0,1,0,0,1,4.24734E+20,5.85118E+21,7.88347E+15,5.28052E+16
139322,4,0,11,0,2018,1,14,2,3,0,7,0,0,0,0,0,1,0,0,4.70491E+20,5.89453E+21,8.55825E+15,5.31993E+16
139323,3,4,5,0,2018,12,23,1,3,0,1,2,0,0,0,1,0,0,1,4.42024E+20,5.93865E+21,8.12404E+15,5.35935E+16
139324,3,4,5,0,2018,12,6,1,3,8,1,2,0,1,0,0,0,0,1,4.4117E+20,5.93124E+21,8.11253E+15,5.35268E+16
139325,4,0,11,0,2018,1,22,3,3,3,6,2,0,1,0,0,0,0,1,4.97485E+20,5.87882E+21,8.96248E+15,5.30588E+16
139326,4,0,12,0,2018,1,7,2,2,0,7,2,1,0,1,0,0,0,0,4.72052E+20,5.93293E+21,8.57823E+15,5.35445E+16
139327,3,4,51,4,2018,12,23,1,3,8,1,2,0,1,0,0,0,0,1,4.36228E+20,5.88878E+21,8.04654E+15,5.31446E+16
139328,4,0,11,0,2018,1,12,6,3,5,3,0,1,1,0,0,0,0,1,4.85733E+20,5.88344E+21,8.78692E+15,5.31002E+16
139329,4,0,11,0,2018,1,15,4,2,6,4,0,0,1,1,0,0,0,1,4.9276E+20,5.88124E+21,8.89191E+15,5.30806E+16
139330,4,0,11,0,2018,1,18,6,3,5,3,2,0,1,0,0,0,0,1,4.71458E+20,5.89407E+21,8.57277E+15,5.31952E+16
139331,3,2,54,21,2018,12,20,1,3,5,3,2,0,1,0,0,0,0,1,5.64038E+20,5.77838E+21,9.936E+15,5.21522E+16
139332,4,0,12,0,2018,1,16,5,3,2,6,0,0,1,0,1,0,0,1,4.73399E+20,5.93745E+21,8.59816E+15,5.35852E+16
139333,3,1,1,0,2018,12,19,1,3,5,3,2,0,1,0,0,0,0,1,6.04633E+20,5.78753E+21,1.0532E+16,5.22283E+16
139334,3,1,1,0,2018,12,14,1,3,5,3,0,0,1,0,0,0,0,1,6.04449E+20,5.79411E+21,1.05313E+16,5.22874E+16
139335,3,4,59,6,2018,12,11,7,3,5,3,0,0,1,0,0,0,1,1,4.42719E+20,5.77405E+21,8.16347E+15,5.2114E+16
139336,4,0,11,0,2018,1,14,3,3,5,2,0,1,0,0,0,1,0,0,4.80868E+20,5.88782E+21,8.714E+15,5.31394E+16
139337,4,0,11,0,2018,1,15,2,2,5,2,0,1,1,0,0,0,0,0,4.85835E+20,5.8804E+21,8.78857E+15,5.30729E+16
139338,3,4,4,0,2018,12,21,7,3,6,7,2,0,1,0,0,0,1,1,4.34758E+20,5.79226E+21,8.04373E+15,5.22768E+16
139339,4,0,12,0,2018,1,6,4,3,0,3,2,0,1,1,0,0,0,2,4.73285E+20,5.93056E+21,8.59704E+15,5.35233E+16
139340,4,0,11,0,2018,1,21,4,2,8,1,2,0,1,0,0,0,0,1,4.92213E+20,5.87584E+21,8.88389E+15,5.3032E+16
139341,3,4,4,0,2018,12,11,7,3,0,1,0,0,0,0,1,0,0,1,4.34705E+20,5.79333E+21,8.04275E+15,5.22865E+16
139342,3,4,57,13,2018,12,17,7,3,4,6,2,1,1,0,0,0,0,1,3.97721E+20,5.89908E+21,7.46771E+15,5.32312E+16
139343,4,0,11,0,2018,1,7,2,2,6,4,2,0,1,1,0,0,0,1,4.89997E+20,5.88022E+21,8.85071E+15,5.30714E+16
139344,3,3,51,6,2018,12,13,7,3,6,4,0,0,1,1,0,0,0,1,5.73417E+20,5.83117E+21,1.00846E+16,5.26256E+16
139345,4,0,12,0,2018,1,5,6,3,2,6,2,0,1,0,0,0,0,1,4.72766E+20,5.93028E+21,8.58923E+15,5.35207E+16
139346,4,0,11,0,2018,1,18,3,3,3,6,2,1,1,0,0,0,0,1,4.88196E+20,5.88092E+21,8.82379E+15,5.30776E+16
139347,3,4,53,5,2018,12,13,2,3,0,1,0,1,1,0,0,0,0,1,4.43454E+20,5.85479E+21,8.16051E+15,5.28399E+16
139348,4,0,11,0,2018,2,16,4,3,5,2,0,0,1,0,1,0,0,0,4.8413E+20,5.88603E+21,8.76285E+15,5.31234E+16
139349,4,0,11,0,2018,2,7,4,3,5,2,1,1,1,0,0,0,0,0,4.90849E+20,5.87989E+21,8.86342E+15,5.30684E+16
139350,4,0,12,0,2018,3,18,2,3,5,3,0,0,1,0,0,0,0,0,4.73354E+20,5.93169E+21,8.59798E+15,5.35334E+16
139351,4,0,12,0,2018,2,14,3,3,0,6,0,0,1,0,0,0,1,0,4.72082E+20,5.93758E+21,8.57827E+15,5.35863E+16
139352,4,0,11,0,2018,3,18,1,3,1,7,2,1,1,0,0,0,0,0,4.87015E+20,5.88273E+21,8.80609E+15,5.30939E+16
139353,4,0,11,0,2018,2,15,3,3,0,7,0,0,0,0,0,0,1,0,4.86663E+20,5.87916E+21,8.80098E+15,5.30617E+16
139354,4,0,11,0,2018,3,10,2,3,0,3,0,0,0,0,0,0,1,0,4.90151E+20,5.88153E+21,8.85295E+15,5.30831E+16
139355,4,0,11,0,2018,2,10,3,3,2,6,0,1,0,0,0,0,0,0,4.92134E+20,5.87936E+21,8.88261E+15,5.30637E+16
139356,4,0,11,0,2018,3,16,6,3,1,4,0,0,1,1,0,0,0,2,4.89164E+20,5.87981E+21,8.83829E+15,5.30677E+16
139357,4,0,11,0,2018,3,21,1,3,5,3,2,1,0,0,0,0,1,0,4.85376E+20,5.88353E+21,8.78159E+15,5.3101E+16
139358,4,0,11,0,2018,2,22,3,2,5,2,2,1,1,0,0,0,0,0,4.87454E+20,5.88044E+21,8.81274E+15,5.30733E+16
139359,4,0,11,0,2018,2,15,3,3,6,4,0,0,1,1,0,0,0,0,4.82468E+20,5.87756E+21,8.73847E+15,5.30473E+16
139360,4,0,11,0,2018,3,15,6,3,3,2,0,0,1,0,0,0,0,0,4.86737E+20,5.88192E+21,8.80197E+15,5.30866E+16
139361,4,0,12,0,2018,2,17,2,3,5,3,1,1,1,0,0,0,0,0,4.73314E+20,5.93202E+21,8.59735E+15,5.35364E+16
139362,4,0,11,0,2018,3,12,6,3,5,3,0,0,1,0,0,0,0,0,4.82449E+20,5.88724E+21,8.73767E+15,5.31343E+16
139363,4,0,11,0,2018,2,8,2,3,1,5,0,1,1,0,0,0,0,0,4.89085E+20,5.88148E+21,8.83705E+15,5.30827E+16
139364,4,0,11,0,2018,3,11,7,3,5,3,0,1,1,0,0,0,0,1,4.87192E+20,5.88101E+21,8.8088E+15,5.30784E+16
139365,4,0,11,0,2018,2,12,2,3,2,6,0,0,1,0,0,0,0,0,4.85741E+20,5.88342E+21,8.78703E+15,5.31001E+16
139366,4,0,11,0,2018,2,22,4,2,0,7,2,1,0,0,0,0,0,0,4.87918E+20,5.87826E+21,8.81974E+15,5.30537E+16
139367,4,0,11,0,2018,2,12,3,3,2,6,0,0,1,1,0,0,0,0,4.83293E+20,5.88639E+21,8.75032E+15,5.31267E+16
139368,4,0,11,0,2018,2,11,2,3,2,6,0,0,1,0,0,0,0,0,4.91391E+20,5.8833E+21,8.87143E+15,5.30991E+16
139369,4,0,11,0,2018,3,15,5,3,2,6,0,0,1,0,0,0,1,0,4.89841E+20,5.878E+21,8.84844E+15,5.30514E+16
139370,4,0,12,0,2018,3,22,6,3,5,3,2,0,1,0,0,0,0,1,4.71839E+20,5.93296E+21,8.57501E+15,5.35448E+16
139371,4,0,12,0,2018,2,11,7,3,0,7,0,1,1,0,0,0,0,0,4.74478E+20,5.93833E+21,8.61439E+15,5.35931E+16
139372,4,0,11,0,2018,2,13,7,3,6,4,0,1,0,1,0,0,0,0,4.96022E+20,5.88106E+21,8.94061E+15,5.3079E+16
139373,4,0,11,0,2018,3,9,5,3,2,6,0,0,1,0,0,0,0,0,4.90077E+20,5.8785E+21,8.85195E+15,5.30559E+16
139374,4,0,11,0,2018,2,2,7,3,2,6,2,0,1,0,0,0,0,1,4.87509E+20,5.88123E+21,8.81353E+15,5.30804E+16
139375,4,0,11,0,2018,3,18,5,3,5,2,2,1,1,0,0,0,0,1,4.87052E+20,5.87902E+21,8.8068E+15,5.30605E+16
139376,4,0,11,0,2018,2,14,7,3,5,3,0,0,1,0,0,0,1,0,4.87175E+20,5.88151E+21,8.80853E+15,5.30829E+16
139377,4,0,12,0,2018,2,13,6,3,2,6,0,0,1,0,0,0,0,0,4.74533E+20,5.93118E+21,8.61581E+15,5.35289E+16
139378,4,0,12,0,2018,2,18,6,2,5,3,2,1,1,0,0,0,0,1,4.73246E+20,5.93541E+21,8.59604E+15,5.35669E+16
139379,4,0,11,0,2018,3,14,4,3,6,4,0,1,0,1,0,0,0,0,4.91116E+20,5.87962E+21,8.86742E+15,5.3066E+16
139380,4,0,12,0,2018,2,16,6,3,5,3,0,0,1,0,0,0,0,0,4.73982E+20,5.93052E+21,8.60755E+15,5.35229E+16
139381,4,0,11,0,2018,2,11,6,3,5,2,0,1,1,0,0,0,0,0,4.8825E+20,5.87995E+21,8.82464E+15,5.30689E+16
139382,4,0,11,0,2018,2,13,6,3,5,3,0,1,1,0,0,0,0,0,4.74162E+20,5.89284E+21,8.61334E+15,5.31843E+16
139383,4,0,11,0,2018,3,16,6,3,5,2,0,1,1,0,0,0,0,1,4.86878E+20,5.88034E+21,8.80415E+15,5.30724E+16
139384,4,0,11,0,2018,2,17,6,3,2,6,0,0,1,0,0,0,0,0,4.86092E+20,5.88182E+21,8.79235E+15,5.30856E+16
139385,4,0,11,0,2018,3,7,4,3,5,2,0,1,1,0,0,0,0,0,4.81014E+20,5.8786E+21,8.71673E+15,5.30565E+16
139386,4,0,11,0,2018,2,13,6,3,6,4,0,0,1,1,0,0,0,0,4.92407E+20,5.87801E+21,8.88672E+15,5.30515E+16
139387,4,0,12,0,2018,3,7,4,3,2,6,0,0,1,0,0,1,0,1,4.72167E+20,5.93346E+21,8.57991E+15,5.35493E+16
139388,4,0,11,0,2018,2,13,5,3,2,6,0,0,1,0,1,0,0,1,4.90941E+20,5.88017E+21,8.86479E+15,5.30709E+16
139389,4,0,11,0,2018,2,16,5,3,0,7,1,0,0,0,0,0,1,1,4.80736E+20,5.88788E+21,8.71201E+15,5.314E+16
139390,4,0,11,0,2018,2,10,5,2,6,3,0,1,0,1,0,0,0,1,4.89076E+20,5.88145E+21,8.83692E+15,5.30824E+16
139391,4,0,11,0,2018,3,10,3,3,4,6,0,0,1,0,0,0,1,0,4.86923E+20,5.87963E+21,8.80485E+15,5.3066E+16
139392,4,0,11,0,2018,2,9,5,3,5,3,0,1,1,0,0,0,0,1,4.87243E+20,5.8829E+21,8.8095E+15,5.30954E+16
139393,4,0,11,0,2018,3,14,2,3,2,6,0,0,1,0,0,0,0,0,4.91138E+20,5.88035E+21,8.86772E+15,5.30726E+16
139394,4,0,11,0,2018,2,8,5,3,1,5,0,0,1,0,0,0,0,0,4.87955E+20,5.88115E+21,8.82019E+15,5.30797E+16
139395,4,0,12,0,2018,3,13,2,2,5,3,0,0,1,0,0,0,0,0,4.74153E+20,5.92871E+21,8.61029E+15,5.35067E+16
139396,4,0,11,0,2018,2,15,5,3,5,3,0,0,1,0,0,0,0,1,4.84978E+20,5.879E+21,8.77585E+15,5.30603E+16
139397,4,0,12,0,2018,3,15,3,3,2,6,0,0,1,0,0,0,0,0,4.76048E+20,5.9314E+21,8.63865E+15,5.3531E+16
139398,4,0,11,0,2018,2,7,5,3,5,3,1,1,1,0,0,0,0,0,4.70925E+20,5.89435E+21,8.56476E+15,5.31977E+16
139399,4,0,11,0,2018,3,16,2,3,5,2,0,1,1,0,0,0,0,0,4.9079E+20,5.8798E+21,8.86255E+15,5.30676E+16
139400,4,0,11,0,2018,2,20,3,2,5,3,2,0,1,0,1,0,0,1,4.73738E+20,5.89195E+21,8.60706E+15,5.31762E+16
139401,4,0,11,0,2018,2,18,5,3,2,6,2,0,1,0,0,0,0,1,4.85789E+20,5.88333E+21,8.78776E+15,5.30993E+16
139402,4,0,11,0,2018,2,4,5,2,5,3,2,0,1,0,0,0,0,0,4.86164E+20,5.88263E+21,8.79339E+15,5.30929E+16
139403,4,0,11,0,2018,3,16,2,3,3,2,0,0,0,0,0,0,1,0,4.85923E+20,5.88308E+21,8.78977E+15,5.30969E+16
139404,4,0,12,0,2018,2,14,4,3,5,3,0,0,1,0,0,0,0,0,4.73439E+20,5.93612E+21,8.59889E+15,5.35733E+16
139405,4,0,11,0,2018,3,15,7,3,6,4,0,0,1,1,0,0,0,1,4.90078E+20,5.87978E+21,8.85192E+15,5.30674E+16