OBJECTID_1,ULAND,UREGBEZ,UKREIS,UGEMEINDE,UJAHR,UMONAT,USTUNDE,UWOCHENTAG,UKATEGORIE,UART,UTYP1,ULICHTVERH,IstRad,IstPKW,IstFuss,IstKrad,IstGkfz,IstSonstig,STRZUSTAND,LINREFX,LINREFY,XGCSWGS84,YGCSWGS84
139594,4,0,12,0,2018,2,7,4,3,5,3,1,0,1,0,0,0,0,0,4.75275E+20,5.93236E+21,8.6269E+15,5.35395E+16
139595,4,0,11,0,2018,3,18,7,3,5,3,1,0,1,0,0,0,0,0,4.71924E+20,5.89271E+21,8.57987E+15,5.3183E+16
139596,4,0,12,0,2018,1,8,3,3,1,5,0,1,1,0,0,0,0,1,4.73566E+20,5.93195E+21,8.60115E+15,5.35358E+16
139597,4,0,11,0,2018,2,15,4,3,6,4,0,1,0,1,0,0,0,0,4.91341E+20,5.88295E+21,8.87069E+15,5.30959E+16
139598,4,0,11,0,2018,1,7,3,3,2,6,2,0,0,0,0,1,0,1,4.83511E+20,5.88467E+21,8.75366E+15,5.31113E+16
139599,4,0,12,0,2018,3,14,1,3,5,3,0,0,1,0,0,0,0,1,4.72169E+20,5.93353E+21,8.57994E+15,5.35499E+16
139600,4,0,11,0,2018,1,13,2,3,5,2,0,1,0,0,0,0,1,1,4.85838E+20,5.88274E+21,8.78852E+15,5.30939E+16
139601,4,0,11,0,2018,3,12,2,3,4,6,0,0,0,0,0,0,1,0,4.96794E+20,5.87956E+21,8.95216E+15,5.30656E+16
139602,4,0,11,0,2018,1,11,2,3,2,6,0,0,1,0,0,0,0,1,4.88752E+20,5.87993E+21,8.83213E+15,5.30688E+16
139603,4,0,11,0,2018,3,16,6,3,1,6,0,0,1,0,0,0,0,0,4.85628E+20,5.88216E+21,8.7854E+15,5.30888E+16
139604,4,0,11,0,2018,3,16,2,2,0,7,0,1,0,0,0,0,0,0,4.83263E+20,5.88263E+21,8.75006E+15,5.30929E+16
139605,4,0,11,0,2018,1,16,2,3,6,4,1,0,1,1,0,0,0,1,4.81789E+20,5.87872E+21,8.72828E+15,5.30576E+16
139606,4,0,11,0,2018,1,14,2,2,6,4,0,0,1,1,0,0,0,1,4.71022E+20,5.89419E+21,8.56623E+15,5.31963E+16
139607,4,0,12,0,2018,3,9,6,3,0,4,0,0,0,1,0,0,1,0,4.73058E+20,5.93172E+21,8.59351E+15,5.35337E+16
139608,4,0,11,0,2018,1,6,2,3,6,3,2,0,1,1,0,0,0,1,4.97279E+20,5.87683E+21,8.95941E+15,5.30409E+16
139609,4,0,11,0,2018,3,10,6,3,5,3,0,0,1,0,0,0,0,0,4.86905E+20,5.88176E+21,8.80449E+15,5.30852E+16
139610,4,0,12,0,2018,1,11,1,3,5,3,0,0,1,0,0,0,0,0,4.73186E+20,5.93267E+21,8.59535E+15,5.35423E+16
139611,4,0,12,0,2018,1,22,1,3,8,1,2,0,1,0,0,0,0,1,4.74253E+20,5.93733E+21,8.61108E+15,5.35841E+16
139612,4,0,11,0,2018,3,17,5,3,6,4,0,0,1,1,0,0,0,0,4.96787E+20,5.87612E+21,8.95208E+15,5.30346E+16
139613,4,0,11,0,2018,3,15,6,3,5,2,0,1,1,0,0,0,0,1,4.89166E+20,5.87983E+21,8.83831E+15,5.30678E+16
139614,4,0,12,0,2018,1,16,7,3,5,3,1,0,1,0,0,0,1,0,4.7293E+20,5.93156E+21,8.59159E+15,5.35322E+16
139615,4,0,11,0,2018,3,16,5,3,5,2,0,0,1,0,0,0,0,0,4.70753E+20,5.89373E+21,8.56224E+15,5.31921E+16
139616,4,0,11,0,2018,3,15,7,3,2,6,0,0,1,0,0,0,0,0,4.85078E+20,5.88415E+21,8.7771E+15,5.31066E+16
139617,4,0,12,0,2018,1,16,7,3,5,3,0,1,1,0,0,0,0,0,4.72866E+20,5.93139E+21,8.59064E+15,5.35307E+16
139618,4,0,11,0,2018,1,23,7,2,6,4,2,0,0,1,0,0,1,1,4.85047E+20,5.88311E+21,8.77669E+15,5.30972E+16
139619,4,0,11,0,2018,3,18,5,3,6,4,1,1,0,1,0,0,0,0,4.92401E+20,5.87802E+21,8.88664E+15,5.30516E+16
139620,4,0,11,0,2018,1,11,7,3,5,3,0,0,1,0,0,0,0,0,4.93198E+20,5.87712E+21,8.89855E+15,5.30436E+16
139621,4,0,11,0,2018,3,8,5,3,6,3,0,0,1,1,0,0,0,1,4.82052E+20,5.87671E+21,8.73231E+15,5.30396E+16
139622,4,0,12,0,2018,1,18,6,3,2,6,2,0,1,0,0,0,0,1,4.72757E+20,5.93241E+21,8.5889E+15,5.35399E+16
139623,4,0,11,0,2018,1,21,6,3,5,3,2,0,1,0,0,0,0,1,4.92939E+20,5.87891E+21,8.89465E+15,5.30596E+16
139624,4,0,11,0,2018,1,7,6,3,6,4,1,0,1,1,0,0,0,1,4.90206E+20,5.88145E+21,8.85378E+15,5.30824E+16
139625,4,0,11,0,2018,3,8,5,3,4,6,0,1,0,0,0,0,0,0,4.88861E+20,5.87668E+21,8.83387E+15,5.30396E+16
139626,4,0,11,0,2018,1,9,6,2,2,6,0,0,1,0,1,0,0,1,4.87382E+20,5.88087E+21,8.81165E+15,5.30771E+16
139627,4,0,11,0,2018,3,13,3,3,2,6,0,0,1,0,0,0,0,0,4.89994E+20,5.88175E+21,8.85061E+15,5.30851E+16
139628,4,0,11,0,2018,1,17,6,3,2,6,2,0,1,0,0,0,0,0,4.88162E+20,5.87585E+21,8.82347E+15,5.30321E+16
139629,4,0,11,0,2018,2,16,4,3,5,7,0,0,1,0,0,0,1,0,4.84023E+20,5.88508E+21,8.7613E+15,5.31149E+16
139630,4,0,11,0,2018,3,14,4,3,0,1,0,1,0,0,0,0,0,0,4.75406E+20,5.89202E+21,8.63202E+15,5.31769E+16
139631,4,0,11,0,2018,1,13,6,3,5,3,0,0,1,0,0,0,0,0,4.9471E+20,5.87807E+21,8.92108E+15,5.30521E+16
139632,4,0,11,0,2018,3,18,2,3,0,7,2,0,0,0,0,0,1,0,4.86895E+20,5.8807E+21,8.80438E+15,5.30756E+16
139633,4,0,11,0,2018,3,17,4,3,5,3,0,1,1,0,0,0,0,0,4.87093E+20,5.88143E+21,8.80732E+15,5.30822E+16
139634,4,0,12,0,2018,1,7,5,3,6,4,1,1,0,1,0,0,0,1,4.72896E+20,5.9353E+21,8.59076E+15,5.35658E+16
139635,4,0,11,0,2018,3,11,5,3,1,6,0,0,1,0,1,0,0,0,4.87346E+20,5.88327E+21,8.81102E+15,5.30987E+16
139636,4,0,12,0,2018,1,17,5,2,5,3,2,0,1,0,1,0,0,0,4.74542E+20,5.93117E+21,8.61595E+15,5.35288E+16
139637,4,0,12,0,2018,1,7,5,3,6,4,1,0,1,1,0,0,0,0,4.74918E+20,5.93118E+21,8.62162E+15,5.35289E+16
139638,4,0,12,0,2018,1,13,5,3,5,3,0,0,1,0,0,0,0,0,4.73651E+20,5.92634E+21,8.60292E+15,5.34854E+16
139639,4,0,11,0,2018,3,22,4,3,4,6,2,1,0,0,0,0,0,1,4.95234E+20,5.88028E+21,8.92886E+15,5.3072E+16
139640,4,0,12,0,2018,1,13,5,3,1,7,0,1,1,0,0,0,0,0,4.75611E+20,5.93863E+21,8.63149E+15,5.3596E+16
139641,4,0,11,0,2018,3,14,2,3,5,3,0,1,1,0,0,0,0,0,4.92705E+20,5.87779E+21,8.89117E+15,5.30496E+16
139642,4,0,11,0,2018,1,7,5,3,5,3,1,1,1,0,0,0,0,0,4.96018E+20,5.8809E+21,8.94056E+15,5.30776E+16
139643,4,0,11,0,2018,3,6,3,3,5,3,1,1,1,0,0,0,0,1,4.84375E+20,5.88512E+21,8.76656E+15,5.31153E+16
139644,4,0,11,0,2018,1,17,5,3,5,3,0,0,1,0,0,0,0,0,4.94389E+20,5.88019E+21,8.91625E+15,5.30712E+16
139645,4,0,12,0,2018,3,12,6,3,2,6,0,0,1,0,0,0,1,0,4.72745E+20,5.93184E+21,8.58878E+15,5.35347E+16
139646,4,0,11,0,2018,2,16,2,3,5,3,1,0,1,0,0,0,0,0,4.95105E+20,5.87655E+21,8.92699E+15,5.30384E+16
139647,4,0,11,0,2018,3,18,2,3,5,2,0,0,0,0,0,0,1,0,4.90788E+20,5.8798E+21,8.86252E+15,5.30676E+16
139648,4,0,11,0,2018,1,15,5,3,5,3,0,0,1,0,0,0,0,0,4.92333E+20,5.88451E+21,8.88546E+15,5.311E+16
139649,4,0,11,0,2018,2,8,4,3,5,3,0,1,0,0,0,0,1,1,4.87749E+20,5.88105E+21,8.81711E+15,5.30788E+16
139650,4,0,11,0,2018,3,13,7,3,2,6,0,0,1,0,0,0,0,0,4.86899E+20,5.88127E+21,8.80442E+15,5.30808E+16
139651,4,0,11,0,2018,4,10,6,3,5,3,0,1,1,0,0,0,0,1,4.90592E+20,5.88031E+21,8.85958E+15,5.30722E+16
139652,4,0,11,0,2018,5,7,4,3,5,3,0,1,1,0,0,0,0,0,4.91885E+20,5.88108E+21,8.87887E+15,5.30791E+16
139653,4,0,11,0,2018,4,21,6,3,6,4,2,0,1,1,0,0,0,1,4.74947E+20,5.89232E+21,8.62513E+15,5.31797E+16
139654,4,0,11,0,2018,4,7,7,3,2,6,0,0,1,0,0,1,0,0,4.94241E+20,5.8789E+21,8.91407E+15,5.30596E+16
139655,4,0,11,0,2018,4,11,6,2,5,3,0,1,1,0,0,0,0,0,4.91156E+20,5.88039E+21,8.86799E+15,5.30729E+16
139656,4,0,11,0,2018,4,8,4,3,5,2,0,1,1,0,0,0,0,0,4.91336E+20,5.88283E+21,8.87061E+15,5.30949E+16
139657,4,0,11,0,2018,4,17,3,3,5,3,0,0,1,0,0,0,0,0,4.85847E+20,5.88077E+21,8.78873E+15,5.30762E+16
139658,4,0,11,0,2018,4,10,6,3,2,6,0,0,1,0,0,0,0,1,4.87488E+20,5.88128E+21,8.81321E+15,5.30808E+16
139659,4,0,12,0,2018,4,14,1,3,2,6,0,0,1,0,0,0,0,0,4.73762E+20,5.93343E+21,8.60399E+15,5.35491E+16
139660,4,0,11,0,2018,4,8,6,2,2,6,0,1,0,0,0,0,0,0,4.86012E+20,5.88246E+21,8.79113E+15,5.30914E+16
139661,4,0,11,0,2018,4,19,6,3,2,6,2,0,1,0,1,0,0,1,4.86132E+20,5.88266E+21,8.79291E+15,5.30932E+16
139662,4,0,11,0,2018,4,13,2,3,6,4,0,0,1,1,0,0,1,0,4.91661E+20,5.88356E+21,8.87545E+15,5.31014E+16
139663,4,0,12,0,2018,4,5,5,3,5,2,1,0,1,0,0,0,0,1,4.70854E+20,5.93606E+21,8.55985E+15,5.35726E+16
139664,4,0,12,0,2018,4,11,5,3,0,7,0,0,0,0,0,0,1,0,4.75576E+20,5.93154E+21,8.63152E+15,5.35322E+16
139665,4,0,11,0,2018,4,18,5,3,4,2,0,1,0,0,0,0,1,0,4.87073E+20,5.87899E+21,8.80711E+15,5.30602E+16
139666,4,0,11,0,2018,4,14,6,3,1,6,0,0,1,0,0,0,0,0,4.74828E+20,5.89253E+21,8.62334E+15,5.31815E+16
139667,4,0,11,0,2018,4,9,5,3,1,5,0,1,1,0,0,0,0,0,4.74511E+20,5.89178E+21,8.61866E+15,5.31747E+16
139668,4,0,11,0,2018,4,15,6,3,0,7,0,1,0,1,0,0,0,0,4.8783E+20,5.8819E+21,8.8183E+15,5.30864E+16
139669,4,0,11,0,2018,4,15,6,2,5,3,0,1,1,0,0,0,0,0,4.85899E+20,5.88152E+21,8.78948E+15,5.30829E+16
139670,4,0,11,0,2018,4,9,2,2,5,3,0,1,1,0,0,0,0,0,4.93044E+20,5.88498E+21,8.89608E+15,5.31142E+16
139671,4,0,12,0,2018,4,21,7,3,6,1,2,1,1,1,0,0,0,0,4.72585E+20,5.93478E+21,8.5861E+15,5.35611E+16
139672,4,0,11,0,2018,4,19,5,3,2,6,0,0,1,0,0,0,0,0,4.74789E+20,5.89255E+21,8.62276E+15,5.31817E+16
139673,4,0,11,0,2018,4,9,5,3,5,3,0,1,1,0,0,0,0,0,4.85704E+20,5.88208E+21,8.78654E+15,5.3088E+16
139674,4,0,11,0,2018,4,16,2,3,5,3,0,0,1,0,0,0,0,0,4.92319E+20,5.87784E+21,8.88541E+15,5.305E+16
139675,4,0,11,0,2018,4,12,5,2,0,7,0,1,0,0,0,0,0,0,4.91304E+20,5.88364E+21,8.87012E+15,5.31022E+16
139676,4,0,11,0,2018,4,13,5,3,5,3,0,0,1,0,0,0,1,0,4.74313E+20,5.89397E+21,8.61551E+15,5.31945E+16
139677,4,0,11,0,2018,4,7,5,3,1,7,0,1,1,0,0,0,0,0,4.88143E+20,5.88047E+21,8.82302E+15,5.30736E+16
139678,4,0,12,0,2018,4,11,7,3,5,3,0,0,1,0,1,0,0,1,4.74322E+20,5.93574E+21,8.61225E+15,5.35699E+16
139679,4,0,11,0,2018,5,11,4,3,2,6,0,0,1,0,0,0,0,0,4.70977E+20,5.89264E+21,8.5657E+15,5.31823E+16
139680,4,0,11,0,2018,4,12,5,3,4,6,0,0,1,0,0,0,1,0,4.85447E+20,5.88931E+21,8.78238E+15,5.3153E+16
139681,4,0,11,0,2018,4,12,1,3,2,6,0,0,1,0,0,0,0,1,4.91891E+20,5.88108E+21,8.87894E+15,5.30791E+16
139682,4,0,11,0,2018,4,15,5,3,5,7,0,1,1,0,0,0,0,0,4.92834E+20,5.87837E+21,8.89308E+15,5.30548E+16
139683,4,0,11,0,2018,4,11,1,2,5,3,0,0,1,1,0,0,1,0,4.86874E+20,5.88076E+21,8.80407E+15,5.30762E+16
139684,4,0,11,0,2018,4,7,5,3,5,3,0,1,1,0,0,0,0,0,4.86336E+20,5.88412E+21,8.7959E+15,5.31063E+16
139685,4,0,11,0,2018,4,15,4,3,5,3,0,1,1,0,0,0,0,1,4.87118E+20,5.88156E+21,8.80768E+15,5.30834E+16
139686,4,0,11,0,2018,4,15,5,3,2,6,0,0,1,0,0,0,0,0,4.74609E+20,5.8926E+21,8.62005E+15,5.31821E+16
139687,4,0,11,0,2018,4,4,6,3,4,1,2,0,0,0,0,1,0,1,4.81826E+20,5.88185E+21,8.72866E+15,5.30858E+16
139688,4,0,11,0,2018,5,18,4,3,2,6,0,0,1,0,0,0,0,0,4.82444E+20,5.88771E+21,8.73756E+15,5.31385E+16
139689,4,0,11,0,2018,4,17,5,3,3,6,0,1,0,0,0,0,0,0,4.86979E+20,5.88051E+21,8.80565E+15,5.30739E+16
139690,4,0,11,0,2018,4,17,7,3,5,2,0,1,1,0,0,0,0,0,4.85605E+20,5.88366E+21,8.78499E+15,5.31022E+16
139691,4,0,11,0,2018,4,11,4,2,5,3,0,1,1,0,0,0,0,0,4.92418E+20,5.88446E+21,8.88673E+15,5.31095E+16
139692,4,0,11,0,2018,4,10,4,3,0,7,0,1,0,0,0,0,0,0,4.84887E+20,5.8792E+21,8.77448E+15,5.3062E+16
139693,4,0,12,0,2018,4,17,7,3,2,6,0,1,1,0,0,0,0,0,4.73832E+20,5.93707E+21,8.60474E+15,5.35818E+16
139694,4,0,11,0,2018,4,19,4,3,2,6,0,0,1,0,0,0,0,0,4.74564E+20,5.89289E+21,8.61935E+15,5.31848E+16
139695,4,0,11,0,2018,4,17,4,3,5,3,0,1,1,0,0,0,0,1,4.88164E+20,5.88079E+21,8.82332E+15,5.30765E+16
139696,4,0,11,0,2018,4,7,4,3,5,2,0,1,1,0,0,0,0,0,4.70011E+20,5.89436E+21,8.55109E+15,5.31977E+16
139697,4,0,11,0,2018,4,10,3,2,5,3,0,0,1,0,0,0,1,0,4.86994E+20,5.88134E+21,8.80583E+15,5.30814E+16
139698,4,0,11,0,2018,4,17,4,3,5,2,0,1,1,0,0,0,0,0,4.86818E+20,5.88171E+21,8.80319E+15,5.30847E+16
139699,4,0,11,0,2018,4,16,6,3,3,6,0,1,1,0,0,0,0,0,4.86498E+20,5.8818E+21,8.79841E+15,5.30855E+16
139700,4,0,11,0,2018,4,10,6,3,2,6,0,0,1,0,0,1,0,1,4.7225E+20,5.89255E+21,8.58476E+15,5.31815E+16
139701,4,0,11,0,2018,5,14,4,3,2,6,0,0,1,0,0,0,1,0,4.92629E+20,5.8794E+21,8.89001E+15,5.3064E+16
139702,4,0,11,0,2018,4,22,4,3,5,3,2,0,1,0,0,0,0,0,4.89604E+20,5.87737E+21,8.84492E+15,5.30458E+16
139703,4,0,12,0,2018,4,10,6,3,5,2,0,1,1,0,0,0,0,0,4.71857E+20,5.93328E+21,8.57524E+15,5.35477E+16
139704,4,0,11,0,2018,4,20,4,3,0,1,0,1,0,1,0,0,0,0,4.72097E+20,5.89622E+21,8.58214E+15,5.32146E+16
139705,4,0,11,0,2018,4,18,6,3,2,6,0,0,1,0,0,0,0,0,4.8511E+20,5.88415E+21,8.77758E+15,5.31065E+16
139706,4,0,11,0,2018,4,9,6,3,5,3,0,1,1,0,0,0,0,0,4.86874E+20,5.88076E+21,8.80407E+15,5.30762E+16
139707,4,0,11,0,2018,4,16,2,3,3,3,0,0,1,0,1,0,0,0,4.87719E+20,5.88104E+21,8.81667E+15,5.30787E+16
139708,4,0,11,0,2018,4,6,4,3,1,7,0,1,1,0,0,0,0,0,4.868E+20,5.88006E+21,8.80299E+15,5.30699E+16
139709,4,0,12,0,2018,4,14,1,3,3,6,0,0,1,0,1,0,0,0,4.72574E+20,5.93472E+21,8.58594E+15,5.35606E+16
139710,4,0,11,0,2018,4,7,4,3,2,6,0,0,1,0,0,0,0,0,4.87345E+20,5.87867E+21,8.81118E+15,5.30574E+16
139711,4,0,11,0,2018,4,15,4,3,2,6,2,0,1,0,0,0,0,0,4.86983E+20,5.88157E+21,8.80566E+15,5.30834E+16
139712,4,0,12,0,2018,4,15,3,3,5,3,0,1,1,0,0,0,0,0,4.73472E+20,5.92933E+21,8.59996E+15,5.35122E+16
139713,4,0,11,0,2018,4,20,7,2,5,2,1,0,1,0,1,0,0,0,4.95421E+20,5.87919E+21,8.93167E+15,5.30622E+16
139714,4,0,11,0,2018,4,21,4,3,5,3,2,1,1,0,0,0,0,0,4.89517E+20,5.8813E+21,8.8435E+15,5.30811E+16
139715,4,0,11,0,2018,4,14,2,2,6,4,0,0,1,1,0,0,0,0,4.8347E+20,5.88578E+21,8.753E+15,5.31212E+16
139716,4,0,11,0,2018,4,5,4,3,5,3,2,1,1,0,0,0,0,0,4.9169E+20,5.88141E+21,8.87594E+15,5.30821E+16
139717,4,0,12,0,2018,4,6,3,3,5,2,0,0,1,0,0,0,0,0,4.73076E+20,5.92745E+21,8.59414E+15,5.34954E+16
139718,4,0,12,0,2018,4,9,2,3,0,7,0,1,0,0,0,0,0,1,4.73273E+20,5.93279E+21,8.59666E+15,5.35433E+16
139719,4,0,12,0,2018,4,11,3,3,4,2,0,0,1,0,0,0,0,0,4.73581E+20,5.92849E+21,8.60167E+15,5.35047E+16
139720,4,0,11,0,2018,4,15,6,3,1,7,0,0,1,0,0,1,0,0,4.86746E+20,5.88398E+21,8.80202E+15,5.31051E+16
139721,4,0,11,0,2018,4,15,3,3,0,1,0,0,1,0,0,0,0,0,4.69592E+20,5.89394E+21,8.54485E+15,5.31939E+16
139722,4,0,11,0,2018,4,23,6,3,0,1,2,1,0,0,0,0,0,0,4.86382E+20,5.8799E+21,8.79676E+15,5.30684E+16
139723,4,0,11,0,2018,4,12,2,3,5,2,0,0,1,0,1,0,0,0,4.84395E+20,5.88165E+21,8.76702E+15,5.30841E+16
139724,4,0,11,0,2018,4,15,7,2,5,3,0,1,1,0,0,0,0,0,4.84962E+20,5.88426E+21,8.77537E+15,5.31076E+16
139725,4,0,11,0,2018,4,8,3,3,5,3,0,1,1,0,0,0,0,0,4.86401E+20,5.88079E+21,8.797E+15,5.30764E+16
139726,4,0,11,0,2018,4,18,3,2,5,2,0,1,0,0,0,1,0,0,4.85804E+20,5.88079E+21,8.78809E+15,5.30764E+16
139727,4,0,11,0,2018,4,10,2,3,3,6,0,0,1,0,0,0,0,0,4.91824E+20,5.88114E+21,8.87795E+15,5.30796E+16
139728,4,0,11,0,2018,4,15,3,3,5,3,0,1,1,0,0,0,0,0,4.75573E+20,5.89159E+21,8.63455E+15,5.31731E+16
139729,4,0,11,0,2018,4,16,5,2,3,2,0,0,1,0,0,0,1,0,4.85725E+20,5.88345E+21,8.7868E+15,5.31003E+16
139730,4,0,11,0,2018,4,8,2,3,0,7,0,1,0,0,0,0,1,1,4.84317E+20,5.88441E+21,8.76572E+15,5.31089E+16
139731,4,0,11,0,2018,4,18,3,2,0,7,0,1,0,0,0,0,0,0,4.90997E+20,5.87968E+21,8.86564E+15,5.30666E+16
139732,4,0,11,0,2018,4,9,5,3,5,3,0,0,1,0,0,0,1,1,4.84959E+20,5.87902E+21,8.77557E+15,5.30605E+16
139733,4,0,11,0,2018,4,9,3,3,3,3,0,0,1,0,0,0,1,0,4.92671E+20,5.87909E+21,8.89063E+15,5.30612E+16
139734,4,0,11,0,2018,4,17,1,3,1,5,0,1,1,0,0,0,0,0,4.85951E+20,5.88013E+21,8.79032E+15,5.30705E+16
139735,4,0,12,0,2018,5,7,4,3,5,2,0,1,1,0,0,0,0,0,4.72379E+20,5.93201E+21,8.58324E+15,5.35363E+16
139736,4,0,11,0,2018,4,16,2,3,2,7,0,0,1,0,0,0,0,0,4.87975E+20,5.88084E+21,8.82051E+15,5.30769E+16
139737,4,0,11,0,2018,4,3,1,3,6,4,2,0,1,1,0,0,0,0,4.86566E+20,5.88009E+21,8.7995E+15,5.30701E+16
139738,4,0,11,0,2018,4,12,2,3,2,6,0,0,1,0,0,0,0,0,4.90201E+20,5.87957E+21,8.85377E+15,5.30655E+16
139739,4,0,11,0,2018,4,12,6,3,2,6,0,0,1,0,0,0,0,0,4.86477E+20,5.87852E+21,8.79824E+15,5.3056E+16
139740,4,0,11,0,2018,4,10,7,3,5,2,0,0,1,0,0,0,0,0,4.86801E+20,5.88357E+21,8.80286E+15,5.31014E+16
139741,4,0,11,0,2018,4,16,4,3,5,2,0,0,1,0,0,0,0,0,4.82544E+20,5.87803E+21,8.73958E+15,5.30515E+16
139742,4,0,11,0,2018,4,15,2,3,0,3,0,0,0,0,0,1,1,0,4.71842E+20,5.89258E+21,8.57865E+15,5.31818E+16
139743,4,0,11,0,2018,4,22,3,3,6,6,2,0,1,1,0,0,0,1,4.87204E+20,5.88156E+21,8.80896E+15,5.30833E+16
139744,4,0,11,0,2018,4,7,6,3,5,2,0,1,1,0,0,0,0,1,4.91331E+20,5.88243E+21,8.87055E+15,5.30913E+16
139745,4,0,11,0,2018,4,17,2,3,5,2,0,0,1,0,0,0,1,0,4.86401E+20,5.88079E+21,8.79701E+15,5.30764E+16
139746,4,0,11,0,2018,4,11,7,3,5,3,0,0,1,0,0,0,0,1,4.92247E+20,5.88401E+21,8.88419E+15,5.31055E+16
139747,4,0,11,0,2018,5,9,4,3,3,2,0,1,0,0,0,0,0,0,4.8519E+20,5.88342E+21,8.77881E+15,5.31E+16
139748,4,0,12,0,2018,4,16,1,3,2,6,0,0,1,0,1,0,0,0,4.72793E+20,5.93154E+21,8.58953E+15,5.35321E+16
139749,4,0,11,0,2018,4,15,7,3,5,3,0,1,1,0,0,0,0,0,4.7505E+20,5.89287E+21,8.62663E+15,5.31846E+16
139750,4,0,12,0,2018,4,17,1,3,5,3,0,0,1,0,0,0,0,0,4.74019E+20,5.92877E+21,8.60826E+15,5.35072E+16
139751,4,0,11,0,2018,4,15,5,2,1,5,0,0,1,0,0,0,0,0,4.87097E+20,5.88013E+21,8.80742E+15,5.30705E+16
139752,4,0,11,0,2018,4,17,4,3,0,7,0,0,0,0,0,0,1,0,4.74519E+20,5.89206E+21,8.61875E+15,5.31773E+16
139753,4,0,11,0,2018,4,17,4,3,5,3,0,1,1,0,0,0,0,0,4.85328E+20,5.87981E+21,8.78103E+15,5.30676E+16
139754,4,0,11,0,2018,4,18,1,3,6,7,0,0,1,1,0,0,0,0,4.92629E+20,5.8794E+21,8.89001E+15,5.3064E+16
139755,4,0,12,0,2018,4,12,2,3,5,3,0,1,1,0,0,0,0,0,4.72939E+20,5.92989E+21,8.59187E+15,5.35172E+16
139756,4,0,11,0,2018,4,17,1,3,1,5,0,0,1,0,0,0,0,0,4.80099E+20,5.89115E+21,8.70229E+15,5.31693E+16
139757,4,0,11,0,2018,4,8,6,3,4,6,0,1,1,0,0,0,0,0,4.86266E+20,5.88274E+21,8.7949E+15,5.30939E+16
139758,4,0,11,0,2018,4,13,6,3,1,7,0,1,1,0,0,0,0,1,4.86684E+20,5.87987E+21,8.80127E+15,5.30682E+16
139759,4,0,11,0,2018,5,2,3,2,0,7,2,1,0,0,0,0,0,1,4.87631E+20,5.88145E+21,8.81534E+15,5.30823E+16
139760,4,0,11,0,2018,4,15,1,3,4,6,0,1,0,0,0,0,0,0,4.87257E+20,5.88102E+21,8.80978E+15,5.30785E+16
139761,4,0,11,0,2018,4,10,5,3,0,7,0,0,0,0,0,0,1,0,4.84571E+20,5.88457E+21,8.7695E+15,5.31104E+16
139762,4,0,11,0,2018,4,12,6,3,5,3,0,1,1,0,0,0,0,0,4.86401E+20,5.88026E+21,8.79703E+15,5.30716E+16
139763,4,0,11,0,2018,4,14,1,3,5,2,0,1,1,0,0,0,0,0,4.86877E+20,5.88034E+21,8.80413E+15,5.30724E+16
139764,4,0,11,0,2018,5,12,4,3,2,6,0,0,1,0,0,0,0,0,4.83759E+20,5.88536E+21,8.75734E+15,5.31174E+16
139765,4,0,11,0,2018,4,18,7,3,0,7,0,1,0,0,0,0,0,0,4.8842E+20,5.88189E+21,8.82711E+15,5.30863E+16
139766,4,0,11,0,2018,4,13,7,3,0,1,0,1,0,0,0,0,0,0,4.90126E+20,5.87757E+21,8.85271E+15,5.30475E+16
139767,4,0,11,0,2018,4,19,7,3,5,3,0,1,1,0,0,0,0,0,4.91249E+20,5.88061E+21,8.86938E+15,5.30749E+16
139768,4,0,11,0,2018,4,9,5,3,5,3,0,0,1,0,0,0,0,0,4.72239E+20,5.89254E+21,8.58459E+15,5.31815E+16
139769,4,0,11,0,2018,4,16,4,3,6,4,0,0,1,1,0,0,0,0,4.86302E+20,5.87981E+21,8.79557E+15,5.30676E+16
139770,4,0,11,0,2018,4,18,3,3,0,4,0,0,0,1,0,0,1,0,4.87242E+20,5.88157E+21,8.80953E+15,5.30834E+16
139771,4,0,11,0,2018,4,16,7,3,5,3,0,1,1,0,0,0,0,0,4.93219E+20,5.88171E+21,8.89876E+15,5.30848E+16
139772,4,0,11,0,2018,4,9,2,3,1,5,0,1,1,0,0,0,0,0,4.88896E+20,5.88191E+21,8.8342E+15,5.30866E+16
139773,4,0,11,0,2018,4,19,7,3,5,3,1,1,1,0,0,0,0,0,4.82538E+20,5.87842E+21,8.73946E+15,5.3055E+16
139774,4,0,11,0,2018,4,18,7,2,3,2,0,0,0,0,1,0,0,0,4.92127E+20,5.87868E+21,8.88253E+15,5.30576E+16
139775,4,0,11,0,2018,4,6,2,3,0,6,0,0,0,0,0,0,1,1,4.89137E+20,5.8808E+21,8.83785E+15,5.30766E+16
139776,4,0,11,0,2018,4,10,7,3,5,3,0,1,1,0,0,0,0,0,4.87796E+20,5.87816E+21,8.81793E+15,5.30528E+16
139777,4,0,11,0,2018,4,9,5,3,5,2,0,1,1,0,0,0,0,0,4.89801E+20,5.87963E+21,8.8478E+15,5.30661E+16
139778,4,0,12,0,2018,4,15,5,3,2,6,0,0,1,0,0,0,0,0,4.73718E+20,5.93142E+21,8.6035E+15,5.3531E+16
139779,4,0,12,0,2018,4,15,6,3,5,3,0,0,1,0,1,0,0,0,4.72471E+20,5.93452E+21,8.58441E+15,5.35589E+16
139780,4,0,11,0,2018,4,6,5,3,5,3,0,1,0,0,0,1,0,0,4.82663E+20,5.88246E+21,8.74111E+15,5.30913E+16
139781,4,0,11,0,2018,4,22,1,3,3,6,2,0,1,0,0,0,0,0,4.87455E+20,5.88131E+21,8.81272E+15,5.30811E+16
139782,4,0,12,0,2018,4,14,6,3,2,6,0,0,1,0,0,0,0,0,4.72793E+20,5.93123E+21,8.58956E+15,5.35293E+16