OBJECTID_1,ULAND,UREGBEZ,UKREIS,UGEMEINDE,UJAHR,UMONAT,USTUNDE,UWOCHENTAG,UKATEGORIE,UART,UTYP1,ULICHTVERH,IstRad,IstPKW,IstFuss,IstKrad,IstGkfz,IstSonstig,STRZUSTAND,LINREFX,LINREFY,XGCSWGS84,YGCSWGS84
139783,4,0,11,0,2018,4,8,2,3,2,6,0,0,1,0,0,0,0,0,4.80801E+20,5.88828E+21,8.71297E+15,5.31436E+16
139784,4,0,11,0,2018,4,5,1,3,1,5,1,1,1,0,0,0,0,0,4.90221E+20,5.88155E+21,8.85401E+15,5.30834E+16
139785,4,0,12,0,2018,4,21,6,3,5,3,2,0,1,0,0,0,0,0,4.73598E+20,5.93057E+21,8.60175E+15,5.35234E+16
139786,4,0,11,0,2018,4,7,6,3,2,6,0,0,1,0,0,0,0,1,4.74455E+20,5.8937E+21,8.61766E+15,5.3192E+16
139787,4,0,11,0,2018,4,16,2,3,5,3,0,0,1,0,0,0,1,0,4.85732E+20,5.88344E+21,8.78689E+15,5.31002E+16
139788,4,0,11,0,2018,4,7,6,3,2,6,0,0,1,0,0,0,0,1,4.74455E+20,5.8937E+21,8.61766E+15,5.3192E+16
139789,4,0,11,0,2018,4,16,5,3,6,4,0,0,0,1,1,0,0,0,4.89948E+20,5.87958E+21,8.84999E+15,5.30656E+16
139790,4,0,11,0,2018,4,11,5,3,3,6,0,0,1,0,0,1,0,1,4.86341E+20,5.88186E+21,8.79607E+15,5.30861E+16
139791,4,0,11,0,2018,4,18,6,3,0,7,0,0,0,0,0,0,1,0,4.74453E+20,5.89177E+21,8.61779E+15,5.31747E+16
139792,4,0,12,0,2018,4,21,7,3,2,6,2,0,1,0,0,0,0,1,4.72145E+20,5.93341E+21,8.57958E+15,5.35488E+16
139793,4,0,11,0,2018,5,13,4,3,3,6,0,0,1,0,1,0,1,0,4.83685E+20,5.88547E+21,8.75623E+15,5.31184E+16
139794,4,0,11,0,2018,4,15,6,3,5,2,0,1,0,0,0,0,1,0,4.72236E+20,5.89253E+21,8.58455E+15,5.31814E+16
139795,4,0,12,0,2018,4,14,7,3,4,6,0,0,1,0,0,0,0,0,4.73396E+20,5.93838E+21,8.59804E+15,5.35936E+16
139796,4,0,11,0,2018,4,8,6,3,5,3,0,1,0,0,0,0,1,0,4.90042E+20,5.88394E+21,8.85126E+15,5.31048E+16
139797,4,0,11,0,2018,4,5,6,3,5,2,2,1,1,0,0,0,0,0,4.81892E+20,5.88662E+21,8.72938E+15,5.31286E+16
139798,4,0,11,0,2018,4,14,2,3,5,3,0,1,1,0,0,0,0,0,4.90555E+20,5.88032E+21,8.85903E+15,5.30723E+16
139799,4,0,11,0,2018,4,22,6,2,6,4,2,0,1,1,0,0,0,0,4.73558E+20,5.89288E+21,8.6043E+15,5.31846E+16
139800,4,0,11,0,2018,4,12,5,3,2,6,0,0,1,0,0,0,1,0,4.79022E+20,5.8914E+21,8.68616E+15,5.31715E+16
139801,4,0,11,0,2018,4,17,4,3,6,7,0,0,1,1,0,0,0,1,4.83451E+20,5.88581E+21,8.75272E+15,5.31215E+16
139802,4,0,11,0,2018,4,15,6,3,0,1,0,0,1,0,0,0,0,0,4.92663E+20,5.88011E+21,8.89049E+15,5.30704E+16
139803,4,0,12,0,2018,4,13,6,3,5,3,0,1,1,0,0,0,0,0,4.73383E+20,5.9371E+21,8.59796E+15,5.3582E+16
139804,4,0,11,0,2018,5,19,4,3,0,2,0,0,1,0,1,0,0,0,4.95297E+20,5.88066E+21,8.9298E+15,5.30754E+16
139805,4,0,11,0,2018,4,14,6,3,2,6,0,0,1,0,0,0,0,0,4.8583E+20,5.88325E+21,8.78837E+15,5.30985E+16
139806,4,0,11,0,2018,4,9,7,3,2,6,0,0,1,0,0,0,0,0,4.86007E+20,5.88246E+21,8.79105E+15,5.30915E+16
139807,4,0,11,0,2018,4,10,6,3,2,2,0,0,1,0,0,0,0,0,4.92676E+20,5.88143E+21,8.89067E+15,5.30823E+16
139808,4,0,11,0,2018,4,17,5,3,5,2,0,1,1,0,0,0,0,0,4.93254E+20,5.88572E+21,8.89919E+15,5.31208E+16
139809,4,0,11,0,2018,4,16,4,3,5,3,0,1,1,0,0,0,0,0,4.83769E+20,5.87876E+21,8.75782E+15,5.30581E+16
139810,4,0,11,0,2018,4,18,4,3,6,4,0,1,0,1,0,0,0,0,4.87442E+20,5.87885E+21,8.81262E+15,5.3059E+16
139811,4,0,12,0,2018,4,7,5,3,5,2,0,1,1,0,0,0,0,1,4.73382E+20,5.93696E+21,8.59795E+15,5.35809E+16
139812,4,0,11,0,2018,4,19,2,3,5,3,0,0,1,0,0,0,1,0,4.83693E+20,5.88547E+21,8.75635E+15,5.31184E+16
139813,4,0,11,0,2018,4,11,5,3,1,5,0,0,0,0,1,0,1,1,4.71373E+20,5.89361E+21,8.57154E+15,5.31911E+16
139814,4,0,11,0,2018,4,16,5,3,5,3,0,1,1,0,0,0,0,1,4.92128E+20,5.87936E+21,8.88252E+15,5.30637E+16
139815,4,0,11,0,2018,4,16,5,3,5,3,0,1,1,0,0,0,0,0,4.83691E+20,5.88211E+21,8.75649E+15,5.30882E+16
139816,4,0,11,0,2018,4,20,4,3,6,4,0,0,1,1,0,0,0,1,4.82535E+20,5.87773E+21,8.73947E+15,5.30488E+16
139817,4,0,11,0,2018,4,19,5,3,5,2,0,1,1,0,0,0,0,0,4.92596E+20,5.87913E+21,8.88952E+15,5.30616E+16
139818,4,0,11,0,2018,4,18,3,3,5,2,0,1,0,0,1,0,0,0,4.88749E+20,5.87992E+21,8.83209E+15,5.30686E+16
139819,4,0,11,0,2018,4,16,5,3,6,4,0,0,1,1,0,0,0,1,4.85976E+20,5.88186E+21,8.79062E+15,5.3086E+16
139820,4,0,11,0,2018,4,10,6,3,2,6,0,0,1,0,0,0,0,1,4.87923E+20,5.88002E+21,8.81975E+15,5.30695E+16
139821,4,0,11,0,2018,5,7,4,3,2,6,0,0,1,0,0,0,0,0,4.81013E+20,5.8786E+21,8.7167E+15,5.30565E+16
139822,4,0,11,0,2018,4,8,4,3,1,7,0,1,1,0,0,0,0,0,4.91596E+20,5.88307E+21,8.8745E+15,5.3097E+16
139823,4,0,11,0,2018,4,17,5,3,5,2,0,1,0,0,0,1,0,0,4.87839E+20,5.87806E+21,8.81857E+15,5.30519E+16
139824,4,0,11,0,2018,4,11,7,3,0,7,0,0,0,1,0,0,1,0,4.87145E+20,5.8789E+21,8.80819E+15,5.30595E+16
139825,4,0,11,0,2018,4,10,4,2,4,6,0,1,0,0,0,0,0,0,4.97545E+20,5.87958E+21,8.96336E+15,5.30657E+16
139826,4,0,11,0,2018,4,13,5,2,4,6,0,1,0,0,0,0,0,0,4.91337E+20,5.88296E+21,8.87062E+15,5.3096E+16
139827,4,0,12,0,2018,4,7,2,3,4,2,0,0,1,0,0,0,0,1,4.73311E+20,5.93198E+21,8.5973E+15,5.3536E+16
139828,4,0,12,0,2018,4,8,6,3,5,3,0,0,1,0,1,0,0,0,4.73777E+20,5.9314E+21,8.60438E+15,5.35308E+16
139829,4,0,11,0,2018,4,17,4,3,2,6,0,0,1,1,0,0,0,1,4.82507E+20,5.87763E+21,8.73905E+15,5.30479E+16
139830,4,0,12,0,2018,4,16,1,3,3,6,0,1,1,0,0,0,0,0,4.7248E+20,5.93249E+21,8.58472E+15,5.35406E+16
139831,4,0,11,0,2018,4,17,4,3,4,6,0,0,1,0,0,0,0,1,4.81689E+20,5.88701E+21,8.72632E+15,5.31322E+16
139832,4,0,11,0,2018,4,12,4,3,3,7,0,0,1,0,0,0,1,0,4.83973E+20,5.88512E+21,8.76054E+15,5.31152E+16
139833,4,0,11,0,2018,4,21,2,3,5,3,2,0,1,0,0,0,0,0,4.74512E+20,5.89172E+21,8.61867E+15,5.31743E+16
139834,4,0,11,0,2018,4,17,4,3,2,6,0,0,1,0,0,0,0,0,4.8123E+20,5.87866E+21,8.71995E+15,5.30571E+16
139835,4,0,11,0,2018,4,13,5,3,2,6,0,0,1,0,0,0,0,0,4.77646E+20,5.89185E+21,8.66554E+15,5.31755E+16
139836,4,0,11,0,2018,5,16,3,2,5,3,0,1,0,0,0,0,1,0,4.89177E+20,5.88301E+21,8.83837E+15,5.30965E+16
139837,4,0,11,0,2018,4,5,4,1,5,3,2,1,0,0,0,1,0,0,4.86678E+20,5.88106E+21,8.80112E+15,5.30789E+16
139838,4,0,11,0,2018,4,12,5,3,0,7,0,1,0,0,0,0,0,0,4.89994E+20,5.88175E+21,8.85061E+15,5.30851E+16
139839,4,0,11,0,2018,4,16,6,3,5,2,0,1,1,0,0,0,0,0,4.86123E+20,5.88048E+21,8.79286E+15,5.30736E+16
139840,4,0,11,0,2018,4,6,4,3,4,6,0,1,0,0,0,0,0,0,4.87502E+20,5.88018E+21,8.81346E+15,5.3071E+16
139841,4,0,11,0,2018,4,13,5,3,5,3,0,0,1,0,0,0,0,0,4.95166E+20,5.88035E+21,8.92785E+15,5.30726E+16
139842,4,0,11,0,2018,4,14,2,3,2,6,0,0,1,0,0,0,0,0,4.87704E+20,5.88154E+21,8.81643E+15,5.30832E+16
139843,4,0,11,0,2018,4,20,7,3,0,7,0,1,0,0,0,0,0,0,4.86653E+20,5.87989E+21,8.8008E+15,5.30683E+16
139844,4,0,12,0,2018,4,23,3,3,9,1,2,0,1,0,0,0,0,0,4.72579E+20,5.93444E+21,8.58605E+15,5.35581E+16
139845,4,0,12,0,2018,4,14,3,3,5,3,0,0,1,0,0,0,0,0,4.74739E+20,5.93098E+21,8.61893E+15,5.35272E+16
139846,4,0,11,0,2018,4,20,7,3,3,6,1,1,0,0,0,0,0,0,4.87263E+20,5.88339E+21,8.80977E+15,5.30998E+16
139847,4,0,11,0,2018,4,12,2,3,2,6,0,0,1,0,0,0,0,0,4.80241E+20,5.88961E+21,8.70451E+15,5.31555E+16
139848,4,0,12,0,2018,4,16,3,2,0,6,0,0,1,0,0,0,1,1,4.73302E+20,5.9321E+21,8.59715E+15,5.35371E+16
139849,4,0,11,0,2018,4,21,5,3,6,4,2,1,1,1,0,0,0,0,4.84286E+20,5.88485E+21,8.76523E+15,5.31128E+16
139850,4,0,11,0,2018,4,17,5,3,2,6,0,0,1,0,0,0,0,1,4.86296E+20,5.88323E+21,8.79534E+15,5.30984E+16
139851,4,0,11,0,2018,4,20,3,3,5,3,2,0,1,0,0,0,1,0,4.82027E+20,5.87878E+21,8.73183E+15,5.30582E+16
139852,4,0,11,0,2018,4,22,5,3,6,4,2,0,0,1,0,0,1,0,4.92135E+20,5.87934E+21,8.88263E+15,5.30635E+16
139853,4,0,11,0,2018,4,15,7,3,2,6,0,0,1,0,0,0,0,0,4.85809E+20,5.8808E+21,8.78817E+15,5.30765E+16
139854,4,0,11,0,2018,4,11,5,3,5,3,0,0,1,0,0,0,0,1,4.84031E+20,5.88553E+21,8.76139E+15,5.31189E+16
139855,4,0,11,0,2018,4,16,3,3,6,4,0,0,1,1,0,0,0,0,4.92922E+20,5.87804E+21,8.89441E+15,5.30518E+16
139856,4,0,12,0,2018,4,22,4,3,6,4,2,0,1,1,0,0,0,0,4.72528E+20,5.93472E+21,8.58524E+15,5.35607E+16
139857,4,0,11,0,2018,4,21,1,3,5,3,2,0,1,0,0,0,0,0,4.94258E+20,5.87957E+21,8.91431E+15,5.30656E+16
139858,4,0,12,0,2018,5,19,4,2,5,3,0,1,1,0,0,0,0,0,4.73058E+20,5.93211E+21,8.59348E+15,5.35372E+16
139859,4,0,11,0,2018,4,16,3,3,2,6,0,0,1,0,0,0,1,0,4.86351E+20,5.88187E+21,8.79621E+15,5.30861E+16
139860,4,0,11,0,2018,4,0,1,3,3,6,2,1,0,1,0,0,0,0,4.91417E+20,5.87972E+21,8.87191E+15,5.30669E+16
139861,4,0,11,0,2018,4,18,2,3,5,3,0,0,1,0,0,0,0,0,4.84358E+20,5.88542E+21,8.76628E+15,5.3118E+16
139862,4,0,11,0,2018,4,8,4,3,2,6,0,1,1,0,0,0,0,0,4.812E+20,5.87861E+21,8.7195E+15,5.30567E+16
139863,4,0,11,0,2018,4,19,4,2,5,3,0,1,1,0,0,0,0,0,4.70977E+20,5.89264E+21,8.5657E+15,5.31823E+16
139864,4,0,11,0,2018,4,14,1,3,0,7,0,0,1,0,0,0,1,0,4.90954E+20,5.87944E+21,8.865E+15,5.30644E+16
139865,4,0,11,0,2018,4,15,3,2,0,7,0,1,0,0,0,0,0,1,4.88726E+20,5.88131E+21,8.83169E+15,5.30811E+16
139866,4,0,11,0,2018,4,11,6,3,5,3,0,0,1,0,1,0,0,0,4.7753E+20,5.89184E+21,8.66381E+15,5.31754E+16
139867,4,0,11,0,2018,5,11,4,3,2,6,0,0,1,0,0,0,0,0,4.89419E+20,5.88073E+21,8.84206E+15,5.3076E+16
139868,4,0,11,0,2018,4,12,1,3,5,2,0,1,1,0,0,0,0,0,4.8415E+20,5.88595E+21,8.76315E+15,5.31227E+16
139869,4,0,11,0,2018,5,6,4,3,8,1,0,0,1,0,0,0,0,0,4.87877E+20,5.88471E+21,8.8189E+15,5.31117E+16
139870,4,0,11,0,2018,4,2,1,3,4,6,2,1,1,0,0,0,0,1,4.86841E+20,5.88034E+21,8.8036E+15,5.30723E+16
139871,4,0,11,0,2018,4,10,7,3,5,2,0,1,1,0,0,0,0,0,4.91554E+20,5.88354E+21,8.87385E+15,5.31013E+16
139872,4,0,12,0,2018,3,5,7,3,5,3,2,1,1,0,0,0,0,1,4.72394E+20,5.93408E+21,8.58329E+15,5.35549E+16
139873,4,0,11,0,2018,4,13,4,3,5,3,0,1,0,0,0,0,0,0,4.90042E+20,5.88394E+21,8.85126E+15,5.31048E+16
139874,4,0,11,0,2018,4,16,4,3,3,6,0,1,1,0,0,0,0,0,4.8472E+20,5.88284E+21,8.77181E+15,5.30948E+16
139875,4,0,12,0,2018,3,18,7,3,5,3,0,0,1,0,0,0,0,1,4.73076E+20,5.93357E+21,8.59362E+15,5.35504E+16
139876,4,0,11,0,2018,4,14,3,3,6,7,0,0,1,1,0,0,0,0,4.94258E+20,5.87957E+21,8.91431E+15,5.30656E+16
139877,4,0,12,0,2018,3,13,7,3,2,6,0,0,1,0,0,0,0,0,4.73473E+20,5.92826E+21,8.60007E+15,5.35026E+16
139878,4,0,11,0,2018,4,17,6,3,0,1,0,1,0,0,0,0,0,0,4.87931E+20,5.88489E+21,8.81969E+15,5.31133E+16
139879,4,0,11,0,2018,4,18,6,3,1,5,0,1,1,0,0,0,0,1,4.88339E+20,5.88048E+21,8.82595E+15,5.30737E+16
139880,4,0,11,0,2018,5,19,3,3,0,7,0,1,0,0,0,0,0,0,4.85409E+20,5.88089E+21,8.78219E+15,5.30772E+16
139881,4,0,11,0,2018,3,12,7,3,5,3,0,1,1,0,0,0,0,1,4.86564E+20,5.88003E+21,8.79947E+15,5.30695E+16
139882,4,0,11,0,2018,4,12,4,3,4,7,0,1,1,0,0,0,0,0,4.87976E+20,5.88E+21,8.82054E+15,5.30694E+16
139883,4,0,11,0,2018,4,12,6,3,6,4,0,0,0,1,0,1,0,0,4.86937E+20,5.88057E+21,8.80501E+15,5.30744E+16
139884,4,0,11,0,2018,3,17,7,3,5,3,0,1,1,0,0,0,0,0,4.83936E+20,5.88209E+21,8.76014E+15,5.3088E+16
139885,4,0,11,0,2018,4,18,4,3,5,3,0,1,1,0,0,0,0,0,4.73501E+20,5.89288E+21,8.60344E+15,5.31846E+16
139886,4,0,11,0,2018,4,16,2,3,2,6,0,0,1,0,0,0,0,0,4.91416E+20,5.88334E+21,8.8718E+15,5.30995E+16
139887,4,0,11,0,2018,4,18,1,3,1,6,0,0,1,0,0,0,1,0,4.90064E+20,5.88469E+21,8.85156E+15,5.31116E+16
139888,4,0,11,0,2018,4,10,7,3,2,6,0,0,1,0,0,0,0,0,4.85803E+20,5.88048E+21,8.7881E+15,5.30736E+16
139889,4,0,11,0,2018,3,11,7,3,5,2,0,0,1,0,0,0,0,0,4.79354E+20,5.89107E+21,8.69115E+15,5.31686E+16
139890,4,0,11,0,2018,4,10,4,2,5,3,0,1,0,0,0,0,1,0,4.85366E+20,5.88094E+21,8.78154E+15,5.30777E+16
139891,4,0,11,0,2018,4,16,3,3,2,6,0,0,1,0,0,0,0,0,4.88265E+20,5.88169E+21,8.8248E+15,5.30846E+16
139892,4,0,11,0,2018,3,17,7,3,5,2,0,1,1,0,0,0,0,1,4.89997E+20,5.88278E+21,8.85062E+15,5.30944E+16
139893,4,0,11,0,2018,4,7,2,3,5,2,0,1,1,0,0,0,0,0,4.89853E+20,5.8779E+21,8.84862E+15,5.30505E+16
139894,4,0,11,0,2018,3,19,7,3,2,6,1,0,1,0,0,0,0,1,4.85014E+20,5.88327E+21,8.77618E+15,5.30986E+16
139895,4,0,11,0,2018,3,16,7,3,6,4,0,0,1,1,0,0,0,0,4.856E+20,5.8837E+21,8.78492E+15,5.31025E+16
139896,4,0,11,0,2018,4,15,2,3,1,5,0,1,1,0,0,0,0,0,4.87977E+20,5.88037E+21,8.82055E+15,5.30727E+16
139897,4,0,11,0,2018,3,19,6,3,3,6,2,0,1,0,0,0,0,0,4.87176E+20,5.88151E+21,8.80854E+15,5.30829E+16
139898,4,0,11,0,2018,4,16,6,3,5,3,0,0,1,0,0,0,0,1,4.85683E+20,5.87999E+21,8.78633E+15,5.30692E+16
139899,4,0,11,0,2018,3,10,6,3,5,3,0,0,1,0,0,0,0,0,4.90834E+20,5.875E+21,8.86334E+15,5.30244E+16
139900,4,0,11,0,2018,4,8,1,3,1,5,0,1,1,0,0,0,0,1,4.89785E+20,5.88024E+21,8.84753E+15,5.30716E+16
139901,4,0,11,0,2018,3,14,5,3,5,3,0,0,1,0,0,0,0,0,4.90349E+20,5.88378E+21,8.85585E+15,5.31034E+16
139902,4,0,11,0,2018,3,9,5,2,5,3,0,1,0,0,0,1,0,1,4.85529E+20,5.8807E+21,8.784E+15,5.30756E+16
139903,4,0,11,0,2018,4,18,2,3,5,3,0,0,1,0,0,0,0,0,4.92923E+20,5.87818E+21,8.89441E+15,5.30531E+16
139904,4,0,11,0,2018,3,10,5,3,5,2,0,1,1,0,0,0,0,1,4.94635E+20,5.8804E+21,8.91993E+15,5.30731E+16
139905,4,0,11,0,2018,3,7,5,3,5,3,0,1,1,0,0,0,0,1,4.91762E+20,5.88355E+21,8.87695E+15,5.31013E+16
139906,4,0,11,0,2018,4,15,2,3,5,2,0,1,1,0,0,0,0,0,4.92233E+20,5.87935E+21,8.8841E+15,5.30636E+16
139907,4,0,11,0,2018,3,7,5,3,2,6,0,0,1,0,1,0,0,1,4.91353E+20,5.88324E+21,8.87085E+15,5.30985E+16
139908,4,0,11,0,2018,4,14,5,3,5,3,0,1,0,0,0,0,1,1,4.86477E+20,5.88236E+21,8.79808E+15,5.30905E+16
139909,4,0,12,0,2018,3,17,4,3,2,6,0,0,1,0,0,0,0,1,4.731E+20,5.93349E+21,8.59399E+15,5.35496E+16
139910,4,0,12,0,2018,4,7,7,3,5,3,0,0,1,0,0,0,0,1,4.71639E+20,5.93356E+21,8.57194E+15,5.35501E+16
139911,4,0,12,0,2018,5,7,4,2,5,3,0,1,1,0,0,0,0,0,4.73801E+20,5.93057E+21,8.60481E+15,5.35234E+16
139912,4,0,11,0,2018,3,13,4,3,5,3,0,0,1,0,0,0,1,1,4.90066E+20,5.88017E+21,8.85173E+15,5.3071E+16
139913,4,0,12,0,2018,4,12,7,3,2,6,0,0,1,0,0,0,0,0,4.73521E+20,5.92782E+21,8.60083E+15,5.34987E+16
139914,4,0,11,0,2018,3,11,4,3,5,3,0,0,1,0,0,0,0,1,4.85852E+20,5.88077E+21,8.78881E+15,5.30762E+16
139915,4,0,11,0,2018,4,14,7,3,2,6,0,0,1,0,0,0,0,0,4.93432E+20,5.88047E+21,8.90196E+15,5.30736E+16
139916,4,0,11,0,2018,4,9,4,3,0,3,0,1,1,0,0,0,0,1,4.86029E+20,5.87952E+21,8.7915E+15,5.3065E+16
139917,4,0,11,0,2018,3,22,4,3,6,4,2,0,1,1,0,0,0,1,4.85867E+20,5.88318E+21,8.78893E+15,5.30979E+16
139918,4,0,11,0,2018,4,9,3,3,5,3,0,0,1,0,0,0,0,0,4.70756E+20,5.89374E+21,8.5623E+15,5.31922E+16
139919,4,0,11,0,2018,3,7,4,3,0,7,0,0,1,0,0,0,1,0,4.87594E+20,5.88138E+21,8.8148E+15,5.30817E+16
139920,4,0,11,0,2018,3,13,4,3,2,6,0,0,1,0,0,0,0,1,4.88176E+20,5.88173E+21,8.82347E+15,5.30849E+16
139921,4,0,12,0,2018,4,7,4,3,6,7,0,1,0,1,0,0,0,0,4.72128E+20,5.93386E+21,8.57929E+15,5.35529E+16
139922,4,0,11,0,2018,3,19,3,3,5,3,0,1,1,0,0,0,0,0,4.91762E+20,5.88128E+21,8.87702E+15,5.30809E+16
139923,4,0,11,0,2018,4,8,7,2,6,2,0,0,0,1,0,1,0,1,4.85763E+20,5.8823E+21,8.78742E+15,5.309E+16
139924,4,0,11,0,2018,5,7,4,3,5,3,0,1,1,0,0,0,0,0,4.7493E+20,5.8922E+21,8.62488E+15,5.31786E+16
139925,4,0,11,0,2018,3,13,3,3,5,3,0,1,1,0,0,0,0,0,4.91414E+20,5.88086E+21,8.87184E+15,5.30771E+16
139926,4,0,11,0,2018,4,17,7,3,5,3,0,0,1,0,1,0,0,0,4.96815E+20,5.8787E+21,8.95247E+15,5.30578E+16
139927,4,0,11,0,2018,3,16,3,3,0,3,0,1,0,0,0,0,0,0,4.87689E+20,5.88035E+21,8.81625E+15,5.30725E+16
139928,4,0,11,0,2018,4,13,4,3,2,6,0,0,1,0,0,0,0,0,4.86372E+20,5.88223E+21,8.79652E+15,5.30893E+16
139929,4,0,11,0,2018,4,16,4,3,5,3,0,1,1,0,0,0,0,0,4.85925E+20,5.88023E+21,8.78993E+15,5.30714E+16
139930,4,0,11,0,2018,3,13,3,2,1,2,0,0,1,0,0,0,0,0,4.90888E+20,5.87987E+21,8.86401E+15,5.30682E+16
139931,4,0,12,0,2018,4,17,2,3,6,4,0,0,1,1,0,0,0,0,4.71447E+20,5.93413E+21,8.56899E+15,5.35553E+16
139932,4,0,12,0,2018,3,18,2,2,6,4,0,0,1,1,0,0,0,0,4.72459E+20,5.93473E+21,8.58421E+15,5.35607E+16
139933,4,0,11,0,2018,4,23,6,3,5,3,2,1,1,0,0,0,0,0,4.86689E+20,5.88024E+21,8.80133E+15,5.30715E+16
139934,4,0,11,0,2018,3,14,2,3,6,4,0,0,1,1,0,0,0,0,4.85521E+20,5.88072E+21,8.78387E+15,5.30758E+16
139935,4,0,11,0,2018,5,12,3,3,5,3,0,0,1,0,0,0,0,1,4.86309E+20,5.87854E+21,8.79573E+15,5.30562E+16
139936,4,0,11,0,2018,5,15,3,3,2,6,0,0,1,0,0,0,0,0,4.87807E+20,5.87748E+21,8.81812E+15,5.30467E+16
139937,4,0,11,0,2018,5,21,5,3,6,4,0,1,0,1,0,0,0,0,4.87086E+20,5.88148E+21,8.80721E+15,5.30826E+16
139938,4,0,12,0,2018,6,15,6,3,2,6,0,0,1,0,0,0,0,0,4.73352E+20,5.93782E+21,8.59743E+15,5.35886E+16
139939,4,0,12,0,2018,5,20,1,3,0,1,0,0,0,0,1,0,0,0,4.72558E+20,5.92814E+21,8.58628E+15,5.35015E+16
139940,4,0,12,0,2018,5,7,3,3,2,6,0,0,1,0,0,0,0,0,4.73234E+20,5.92901E+21,8.59639E+15,5.35094E+16
139941,4,0,12,0,2018,5,13,1,3,5,3,0,0,1,0,0,0,0,0,4.73903E+20,5.92872E+21,8.6065E+15,5.35068E+16
139942,4,0,12,0,2018,5,6,5,2,5,3,0,1,1,0,0,0,0,0,4.76233E+20,5.93211E+21,8.64138E+15,5.35374E+16
139943,4,0,11,0,2018,5,16,7,3,4,6,0,1,1,0,0,0,0,0,4.84326E+20,5.89027E+21,8.76557E+15,5.31616E+16
139944,4,0,12,0,2018,5,10,1,2,5,3,0,0,1,0,1,0,0,0,4.73383E+20,5.9371E+21,8.59796E+15,5.35821E+16
139945,4,0,11,0,2018,5,15,1,3,0,1,0,1,0,0,0,0,0,0,4.74148E+20,5.89393E+21,8.61305E+15,5.3194E+16
139946,4,0,11,0,2018,5,12,2,3,5,2,0,1,1,0,0,0,0,0,4.85551E+20,5.88379E+21,8.78419E+15,5.31034E+16
139947,4,0,12,0,2018,5,22,5,3,5,3,2,0,1,0,0,0,0,0,4.75433E+20,5.93085E+21,8.62941E+15,5.3526E+16
139948,4,0,11,0,2018,5,16,1,3,2,6,0,0,1,0,0,0,1,1,4.89936E+20,5.87982E+21,8.84981E+15,5.30678E+16
139949,4,0,11,0,2018,5,6,3,3,4,6,0,1,1,0,0,0,0,0,4.89832E+20,5.87658E+21,8.84835E+15,5.30386E+16
139950,4,0,11,0,2018,5,14,1,3,6,7,0,0,1,1,0,0,0,0,4.85053E+20,5.87936E+21,8.77696E+15,5.30635E+16
139951,4,0,11,0,2018,5,17,4,3,3,6,0,1,0,0,0,0,0,0,4.85695E+20,5.88351E+21,8.78635E+15,5.31009E+16
139952,4,0,11,0,2018,5,17,3,3,0,4,0,1,1,1,0,0,0,0,4.87814E+20,5.878E+21,8.8182E+15,5.30514E+16
139953,4,0,12,0,2018,5,18,7,3,1,7,0,1,1,0,0,0,0,0,4.74426E+20,5.93126E+21,8.61419E+15,5.35296E+16
139954,4,0,12,0,2018,5,14,3,3,4,2,0,0,1,0,0,0,1,0,4.73242E+20,5.93541E+21,8.59597E+15,5.35669E+16
139955,4,0,11,0,2018,5,21,5,2,8,2,1,0,1,0,0,0,0,0,4.7369E+20,5.89196E+21,8.60635E+15,5.31764E+16
139956,4,0,12,0,2018,5,16,6,3,2,6,0,0,1,0,0,0,0,0,4.73768E+20,5.93622E+21,8.60384E+15,5.35742E+16
139957,4,0,11,0,2018,5,22,5,3,6,4,2,0,1,1,0,0,0,0,4.93263E+20,5.87887E+21,8.89947E+15,5.30593E+16
139958,4,0,11,0,2018,5,14,7,2,2,2,0,0,1,0,1,0,0,0,4.88125E+20,5.88104E+21,8.82272E+15,5.30787E+16
139959,4,0,11,0,2018,5,14,2,2,5,3,0,1,1,0,0,0,0,0,4.82363E+20,5.88718E+21,8.73638E+15,5.31337E+16
139960,4,0,11,0,2018,5,10,5,3,2,6,0,0,1,0,0,0,0,0,4.87716E+20,5.88165E+21,8.8166E+15,5.30842E+16
139961,4,0,11,0,2018,5,12,7,3,8,1,0,1,1,0,0,0,0,0,4.8574E+20,5.88343E+21,8.78702E+15,5.31001E+16
139962,4,0,11,0,2018,5,14,3,3,5,3,0,1,1,0,0,0,0,0,4.89085E+20,5.88332E+21,8.83699E+15,5.30993E+16
139963,4,0,11,0,2018,5,15,7,3,1,5,0,0,1,0,1,0,0,0,4.82005E+20,5.87839E+21,8.73152E+15,5.30547E+16
139964,4,0,11,0,2018,5,12,4,2,6,4,0,0,1,1,0,0,0,0,4.87594E+20,5.87838E+21,8.81491E+15,5.30548E+16
139965,4,0,11,0,2018,5,13,6,3,5,3,0,1,1,0,0,0,0,0,4.93702E+20,5.881E+21,8.90598E+15,5.30784E+16
139966,4,0,12,0,2018,6,18,1,3,8,1,0,1,0,0,0,0,0,0,4.73063E+20,5.92951E+21,8.59377E+15,5.35138E+16
139967,4,0,11,0,2018,5,13,7,2,5,3,0,0,1,0,1,0,0,0,4.96504E+20,5.87873E+21,8.94783E+15,5.30581E+16
139968,4,0,11,0,2018,5,7,6,3,2,6,0,0,1,0,0,0,0,0,4.86837E+20,5.88428E+21,8.80336E+15,5.31078E+16
139969,4,0,11,0,2018,6,15,2,2,2,6,0,0,1,0,1,0,0,0,4.87976E+20,5.88E+21,8.82054E+15,5.30694E+16
139970,4,0,11,0,2018,5,11,2,3,5,3,0,1,1,0,0,0,0,0,4.9172E+20,5.88132E+21,8.87639E+15,5.30813E+16