OBJECTID_1,ULAND,UREGBEZ,UKREIS,UGEMEINDE,UJAHR,UMONAT,USTUNDE,UWOCHENTAG,UKATEGORIE,UART,UTYP1,ULICHTVERH,IstRad,IstPKW,IstFuss,IstKrad,IstGkfz,IstSonstig,STRZUSTAND,LINREFX,LINREFY,XGCSWGS84,YGCSWGS84
139971,4,0,12,0,2018,5,19,4,3,5,3,0,0,1,0,0,0,0,0,4.75144E+20,5.93123E+21,8.62502E+15,5.35294E+16
139972,4,0,11,0,2018,5,9,7,2,5,6,0,1,1,0,0,0,0,0,4.85399E+20,5.8809E+21,8.78204E+15,5.30774E+16
139973,4,0,11,0,2018,5,14,2,3,5,2,0,1,1,0,0,0,0,0,4.92764E+20,5.88121E+21,8.89197E+15,5.30803E+16
139974,4,0,12,0,2018,5,12,6,3,2,6,0,0,1,0,0,0,0,0,4.73102E+20,5.93231E+21,8.59413E+15,5.3539E+16
139975,4,0,12,0,2018,5,8,3,3,5,3,0,1,1,0,0,0,0,0,4.73497E+20,5.93146E+21,8.60016E+15,5.35314E+16
139976,4,0,12,0,2018,5,14,5,3,5,3,0,0,1,0,0,0,0,0,4.72179E+20,5.93357E+21,8.58009E+15,5.35503E+16
139977,4,0,11,0,2018,6,17,7,3,5,3,0,1,1,0,0,0,0,0,4.91169E+20,5.87917E+21,8.86822E+15,5.30619E+16
139978,4,0,12,0,2018,5,16,6,3,5,3,0,1,1,0,0,0,0,0,4.73992E+20,5.93189E+21,8.60759E+15,5.35352E+16
139979,4,0,11,0,2018,5,8,4,3,4,6,0,1,0,0,1,0,0,0,4.90123E+20,5.87901E+21,8.85262E+15,5.30605E+16
139980,4,0,11,0,2018,5,15,6,3,6,7,0,0,1,1,0,0,0,0,4.89927E+20,5.87774E+21,8.84973E+15,5.30491E+16
139981,4,0,11,0,2018,5,10,6,3,3,6,0,1,1,0,0,0,1,0,4.91178E+20,5.88243E+21,8.86827E+15,5.30912E+16
139982,4,0,11,0,2018,5,3,1,2,2,6,2,0,1,0,0,0,0,0,4.89069E+20,5.88145E+21,8.83681E+15,5.30824E+16
139983,4,0,11,0,2018,5,10,4,3,2,6,0,0,1,0,0,0,0,0,4.91823E+20,5.88114E+21,8.87793E+15,5.30796E+16
139984,4,0,11,0,2018,5,13,6,3,0,7,0,0,0,0,0,0,1,0,4.94439E+20,5.87661E+21,8.91706E+15,5.3039E+16
139985,4,0,11,0,2018,5,15,6,2,5,3,0,1,1,0,0,0,0,0,4.90916E+20,5.87973E+21,8.86442E+15,5.3067E+16
139986,4,0,12,0,2018,5,20,1,3,5,3,0,1,1,0,0,0,0,0,4.72487E+20,5.9343E+21,8.58466E+15,5.35569E+16
139987,4,0,11,0,2018,5,16,6,3,0,7,0,1,0,0,0,0,0,0,4.79291E+20,5.89114E+21,8.6902E+15,5.31692E+16
139988,4,0,11,0,2018,5,13,6,3,5,6,0,0,1,0,1,0,0,0,4.79517E+20,5.89107E+21,8.69359E+15,5.31686E+16
139989,4,0,11,0,2018,5,11,3,3,3,2,0,1,1,0,0,0,0,0,4.87997E+20,5.87798E+21,8.82094E+15,5.30512E+16
139990,4,0,11,0,2018,5,17,5,2,6,6,0,1,0,1,0,0,0,0,4.94092E+20,5.88426E+21,8.91174E+15,5.31077E+16
139991,4,0,11,0,2018,5,13,5,3,5,3,0,1,1,0,0,0,0,0,4.80924E+20,5.87819E+21,8.7154E+15,5.30528E+16
139992,4,0,12,0,2018,6,15,6,3,5,3,0,0,1,0,0,0,0,0,4.75709E+20,5.93261E+21,8.63344E+15,5.35418E+16
139993,4,0,11,0,2018,5,2,6,3,5,3,2,0,1,0,0,0,0,0,4.90251E+20,5.87973E+21,8.85451E+15,5.3067E+16
139994,4,0,11,0,2018,5,15,3,3,0,1,0,1,0,0,0,0,0,0,4.85304E+20,5.88349E+21,8.78051E+15,5.31007E+16
139995,4,0,11,0,2018,5,18,5,3,0,7,0,1,0,0,0,0,0,0,4.96867E+20,5.87608E+21,8.95328E+15,5.30343E+16
139996,4,0,11,0,2018,5,7,3,3,0,7,0,1,0,0,0,0,1,0,4.8667E+20,5.88089E+21,8.80102E+15,5.30773E+16
139997,4,0,11,0,2018,5,11,5,3,6,4,0,0,1,1,0,0,0,0,4.83359E+20,5.88502E+21,8.75138E+15,5.31144E+16
139998,4,0,11,0,2018,5,23,7,3,3,3,2,0,1,0,0,0,0,0,4.86652E+20,5.88105E+21,8.80074E+15,5.30787E+16
139999,4,0,11,0,2018,5,14,5,3,0,1,0,1,0,0,0,0,0,0,4.88921E+20,5.88176E+21,8.83458E+15,5.30852E+16
140000,4,0,11,0,2018,5,20,5,3,0,5,1,1,1,0,0,0,0,0,4.88533E+20,5.88031E+21,8.82884E+15,5.30722E+16
140001,4,0,11,0,2018,5,17,2,3,5,3,0,1,1,0,0,0,0,0,4.80112E+20,5.89123E+21,8.70248E+15,5.317E+16
140002,4,0,11,0,2018,5,19,5,2,0,7,0,1,0,0,0,0,0,0,4.8813E+20,5.8807E+21,8.82281E+15,5.30756E+16
140003,4,0,11,0,2018,5,15,4,3,6,4,0,0,1,1,0,0,0,0,4.97575E+20,5.87909E+21,8.96381E+15,5.30613E+16
140004,4,0,11,0,2018,5,21,5,2,0,7,2,1,0,0,0,0,0,0,4.94588E+20,5.87685E+21,8.91928E+15,5.30412E+16
140005,4,0,12,0,2018,5,18,2,3,5,3,0,1,1,0,0,0,0,0,4.73157E+20,5.92923E+21,8.59522E+15,5.35114E+16
140006,4,0,11,0,2018,5,20,4,3,5,2,0,0,1,0,0,0,0,0,4.89098E+20,5.87649E+21,8.8374E+15,5.30378E+16
140007,4,0,11,0,2018,6,20,6,3,5,3,0,1,1,0,0,0,0,0,4.8639E+20,5.87947E+21,8.7969E+15,5.30646E+16
140008,4,0,11,0,2018,5,18,5,3,3,6,0,0,1,0,0,0,0,0,4.73839E+20,5.89191E+21,8.60859E+15,5.31759E+16
140009,4,0,11,0,2018,5,16,3,3,5,3,0,1,1,0,0,0,0,0,4.93396E+20,5.87889E+21,8.90146E+15,5.30594E+16
140010,4,0,11,0,2018,5,17,5,2,3,1,0,1,0,0,0,0,0,0,4.89624E+20,5.88092E+21,8.84512E+15,5.30776E+16
140011,4,0,11,0,2018,5,7,3,3,5,3,0,1,1,0,0,0,0,0,4.81487E+20,5.87715E+21,8.72386E+15,5.30436E+16
140012,4,0,12,0,2018,5,9,4,2,1,1,0,0,1,0,0,0,0,0,4.73203E+20,5.93449E+21,8.59547E+15,5.35586E+16
140013,4,0,12,0,2018,5,7,6,3,5,3,0,1,1,0,0,0,0,0,4.76033E+20,5.93152E+21,8.63842E+15,5.3532E+16
140014,4,0,11,0,2018,5,18,5,3,6,4,0,0,1,1,0,0,0,0,4.89839E+20,5.8849E+21,8.8482E+15,5.31134E+16
140015,4,0,11,0,2018,6,18,2,3,5,2,0,1,1,0,0,0,0,0,4.88458E+20,5.88152E+21,8.82768E+15,5.3083E+16
140016,4,0,11,0,2018,5,13,2,3,5,6,0,0,1,0,0,0,0,0,4.86157E+20,5.88156E+21,8.79332E+15,5.30834E+16
140017,4,0,11,0,2018,5,8,5,3,2,6,0,0,1,0,0,0,0,0,4.80581E+20,5.89098E+21,8.70952E+15,5.31679E+16
140018,4,0,12,0,2018,5,12,4,3,5,3,0,1,0,0,0,1,0,0,4.72802E+20,5.93097E+21,8.58972E+15,5.35269E+16
140019,4,0,11,0,2018,5,10,2,3,0,7,0,1,0,0,0,0,0,0,4.71206E+20,5.89252E+21,8.56913E+15,5.31812E+16
140020,4,0,12,0,2018,5,16,4,3,1,5,0,1,1,0,0,0,0,0,4.73397E+20,5.93132E+21,8.59867E+15,5.35301E+16
140021,4,0,11,0,2018,5,17,5,3,5,2,0,1,1,0,0,0,0,0,4.74523E+20,5.89216E+21,8.61881E+15,5.31782E+16
140022,4,0,11,0,2018,5,15,4,3,5,2,0,1,1,0,0,0,0,0,4.88288E+20,5.88167E+21,8.82513E+15,5.30843E+16
140023,4,0,11,0,2018,5,19,3,3,5,3,0,1,0,0,0,0,1,0,4.92028E+20,5.87907E+21,8.88104E+15,5.30611E+16
140024,4,0,11,0,2018,5,12,4,3,2,6,0,0,1,0,1,0,0,0,4.8782E+20,5.88093E+21,8.81818E+15,5.30777E+16
140025,4,0,11,0,2018,5,9,4,2,2,6,0,1,1,0,0,0,0,0,4.88683E+20,5.88074E+21,8.83106E+15,5.3076E+16
140026,4,0,11,0,2018,5,8,6,2,5,3,0,1,1,0,0,0,0,0,4.74481E+20,5.89175E+21,8.61821E+15,5.31745E+16
140027,4,0,11,0,2018,6,12,2,2,0,7,0,1,0,0,0,0,0,0,4.84908E+20,5.88474E+21,8.77453E+15,5.31119E+16
140028,4,0,11,0,2018,5,13,4,2,6,7,0,1,0,1,0,0,0,0,4.68512E+20,5.89394E+21,8.52869E+15,5.31939E+16
140029,4,0,11,0,2018,5,8,4,3,2,6,0,0,1,0,0,0,0,0,4.86385E+20,5.88147E+21,8.79674E+15,5.30825E+16
140030,4,0,11,0,2018,5,6,4,3,1,1,0,0,1,0,0,1,0,0,4.9347E+20,5.88002E+21,8.90254E+15,5.30697E+16
140031,4,0,11,0,2018,5,10,3,3,5,3,0,1,1,0,0,0,0,0,4.93483E+20,5.88638E+21,8.90261E+15,5.31268E+16
140032,4,0,11,0,2018,5,6,2,3,1,3,0,1,1,0,0,0,0,0,4.93394E+20,5.87889E+21,8.90143E+15,5.30594E+16
140033,4,0,11,0,2018,5,17,4,3,1,5,0,0,1,0,0,0,1,0,4.74207E+20,5.89219E+21,8.61407E+15,5.31784E+16
140034,4,0,11,0,2018,5,6,4,3,5,3,0,1,1,0,0,0,0,0,4.79631E+20,5.89109E+21,8.69529E+15,5.31688E+16
140035,4,0,11,0,2018,5,9,4,3,5,3,0,1,1,0,0,0,0,0,4.84692E+20,5.88286E+21,8.77139E+15,5.3095E+16
140036,4,0,11,0,2018,5,16,3,3,0,7,0,1,0,0,0,0,1,0,4.93585E+20,5.87755E+21,8.9043E+15,5.30474E+16
140037,4,0,11,0,2018,5,14,5,3,3,6,0,1,1,0,0,0,0,0,4.73395E+20,5.89238E+21,8.60191E+15,5.31801E+16
140038,4,0,12,0,2018,6,10,6,3,5,3,0,1,1,0,0,0,0,0,4.73474E+20,5.92933E+21,8.59999E+15,5.35123E+16
140039,4,0,12,0,2018,5,16,3,3,6,4,0,0,1,1,0,0,0,0,4.72052E+20,5.93416E+21,8.57811E+15,5.35556E+16
140040,4,0,11,0,2018,5,11,6,3,6,7,0,0,0,1,0,1,0,0,4.86748E+20,5.8808E+21,8.80219E+15,5.30765E+16
140041,4,0,11,0,2018,6,11,1,3,2,6,0,0,1,0,0,0,1,0,4.93724E+20,5.88021E+21,8.90633E+15,5.30714E+16
140042,4,0,11,0,2018,5,11,4,3,0,7,0,0,1,0,0,0,1,0,4.75811E+20,5.8916E+21,8.63811E+15,5.31732E+16
140043,4,0,11,0,2018,5,15,4,3,6,4,0,1,0,1,0,0,0,0,4.87698E+20,5.88096E+21,8.81635E+15,5.3078E+16
140044,4,0,11,0,2018,5,16,4,3,4,2,0,0,1,0,0,0,0,0,4.8148E+20,5.88767E+21,8.72316E+15,5.31381E+16
140045,4,0,11,0,2018,5,8,6,3,0,6,0,1,0,0,0,0,0,0,4.86899E+20,5.88127E+21,8.80442E+15,5.30808E+16
140046,4,0,11,0,2018,5,10,3,3,5,3,0,0,1,0,0,0,1,0,4.87109E+20,5.87895E+21,8.80765E+15,5.30599E+16
140047,4,0,11,0,2018,5,15,1,3,7,7,0,1,0,0,0,0,1,0,4.83364E+20,5.88673E+21,8.75137E+15,5.31297E+16
140048,4,0,11,0,2018,5,18,4,3,3,6,0,1,1,0,0,0,0,0,4.89415E+20,5.87582E+21,8.84216E+15,5.30318E+16
140049,4,0,11,0,2018,5,17,4,3,6,3,0,1,0,1,0,0,0,0,4.86177E+20,5.88053E+21,8.79367E+15,5.30741E+16
140050,4,0,11,0,2018,5,23,3,2,6,4,2,0,1,1,0,0,0,0,4.83237E+20,5.88612E+21,8.7495E+15,5.31242E+16
140051,4,0,11,0,2018,5,13,5,3,6,1,0,0,1,1,0,0,0,0,4.97385E+20,5.8791E+21,8.96099E+15,5.30614E+16
140052,4,0,11,0,2018,5,10,5,3,5,2,0,1,1,0,0,0,0,0,4.88262E+20,5.88169E+21,8.82475E+15,5.30846E+16
140053,4,0,11,0,2018,6,18,6,3,5,2,0,1,1,0,0,0,0,0,4.83818E+20,5.88526E+21,8.75822E+15,5.31165E+16
140054,4,0,11,0,2018,5,16,4,3,0,5,0,0,1,0,0,0,1,0,4.87321E+20,5.883E+21,8.81066E+15,5.30963E+16
140055,4,0,11,0,2018,5,14,3,3,1,7,0,1,1,0,0,0,0,0,4.83364E+20,5.88629E+21,8.75139E+15,5.31258E+16
140056,4,0,11,0,2018,5,7,3,3,3,6,0,1,1,0,0,0,0,0,4.90136E+20,5.88049E+21,8.85276E+15,5.30738E+16
140057,4,0,12,0,2018,5,21,3,3,0,7,1,1,0,0,0,0,0,0,4.70458E+20,5.93675E+21,8.5538E+15,5.35788E+16
140058,4,0,12,0,2018,5,16,3,3,2,6,0,0,1,0,0,0,0,0,4.73986E+20,5.93755E+21,8.60702E+15,5.35861E+16
140059,4,0,11,0,2018,5,8,4,3,5,2,0,1,1,0,0,0,0,0,4.93237E+20,5.88646E+21,8.89893E+15,5.31275E+16
140060,4,0,12,0,2018,5,16,3,3,5,2,0,1,1,0,0,0,0,0,4.73093E+20,5.93346E+21,8.59388E+15,5.35493E+16
140061,4,0,12,0,2018,5,16,5,3,5,3,0,1,1,0,0,0,0,0,4.73643E+20,5.93579E+21,8.602E+15,5.35703E+16
140062,4,0,11,0,2018,5,16,3,2,6,4,0,0,1,1,0,0,0,0,4.87342E+20,5.88253E+21,8.81098E+15,5.30921E+16
140063,4,0,12,0,2018,5,20,7,3,2,6,0,0,1,0,1,0,0,0,4.74604E+20,5.93831E+21,8.61631E+15,5.3593E+16
140064,4,0,12,0,2018,5,14,3,3,0,7,0,1,1,0,0,0,0,0,4.73923E+20,5.92905E+21,8.60679E+15,5.35097E+16
140065,4,0,11,0,2018,5,16,3,3,4,6,0,1,1,0,0,0,0,0,4.84959E+20,5.87902E+21,8.77556E+15,5.30605E+16
140066,4,0,11,0,2018,5,14,2,3,5,3,0,1,1,0,0,0,0,0,4.81307E+20,5.88703E+21,8.72061E+15,5.31323E+16
140067,4,0,11,0,2018,5,18,4,3,6,4,0,0,0,1,0,0,1,0,4.86853E+20,5.88123E+21,8.80373E+15,5.30804E+16
140068,4,0,12,0,2018,5,14,5,3,2,6,0,0,1,0,0,0,0,0,4.71891E+20,5.93472E+21,8.57564E+15,5.35606E+16
140069,4,0,11,0,2018,5,17,3,3,5,2,0,1,1,0,0,0,0,0,4.97278E+20,5.87752E+21,8.95939E+15,5.30472E+16
140070,4,0,11,0,2018,5,17,3,2,5,2,0,1,1,1,0,0,0,0,4.86606E+20,5.87923E+21,8.80014E+15,5.30623E+16
140071,4,0,11,0,2018,5,8,3,3,6,4,0,0,1,1,0,0,0,0,4.8664E+20,5.88103E+21,8.80056E+15,5.30786E+16
140072,4,0,11,0,2018,5,16,3,3,5,3,0,1,0,0,0,0,1,0,4.86108E+20,5.8796E+21,8.79268E+15,5.30657E+16
140073,4,0,12,0,2018,5,16,4,3,5,3,0,0,1,0,0,0,0,0,4.73091E+20,5.93404E+21,8.59381E+15,5.35545E+16
140074,4,0,11,0,2018,5,6,3,3,5,3,0,1,1,0,0,0,0,0,4.85072E+20,5.87959E+21,8.77722E+15,5.30655E+16
140075,4,0,11,0,2018,5,14,6,3,5,3,0,1,1,0,0,0,0,0,4.87653E+20,5.8783E+21,8.81578E+15,5.3054E+16
140076,4,0,11,0,2018,6,7,2,3,2,6,0,0,0,0,0,0,1,0,4.91332E+20,5.88318E+21,8.87055E+15,5.3098E+16
140077,4,0,11,0,2018,5,18,2,3,4,2,0,0,1,0,0,0,1,0,4.74927E+20,5.8922E+21,8.62484E+15,5.31786E+16
140078,4,0,11,0,2018,5,15,5,3,1,5,0,1,1,0,0,0,0,0,4.87082E+20,5.87947E+21,8.80722E+15,5.30646E+16
140079,4,0,11,0,2018,5,19,7,3,5,2,0,1,1,0,0,0,0,0,4.85686E+20,5.8806E+21,8.78634E+15,5.30746E+16
140080,4,0,11,0,2018,5,15,3,3,5,3,0,1,1,0,0,0,0,0,4.80858E+20,5.88807E+21,8.71384E+15,5.31417E+16
140081,4,0,11,0,2018,5,18,2,2,5,2,0,1,1,0,0,0,0,0,4.80713E+20,5.89105E+21,8.71148E+15,5.31684E+16
140082,4,0,11,0,2018,5,7,5,3,0,1,0,1,0,0,0,0,0,0,4.78888E+20,5.8905E+21,8.68422E+15,5.31635E+16
140083,4,0,11,0,2018,5,11,3,3,6,4,0,1,0,1,0,0,0,0,4.8812E+20,5.88103E+21,8.82265E+15,5.30786E+16
140084,4,0,11,0,2018,5,21,3,3,2,6,1,0,1,0,1,0,0,0,4.89994E+20,5.88175E+21,8.85061E+15,5.30851E+16
140085,4,0,11,0,2018,5,17,3,2,5,2,0,1,1,0,0,0,0,0,4.87457E+20,5.88044E+21,8.81278E+15,5.30733E+16
140086,4,0,11,0,2018,5,11,3,3,5,3,0,1,1,0,0,0,0,0,4.8627E+20,5.8817E+21,8.79501E+15,5.30846E+16
140087,4,0,11,0,2018,5,7,4,3,4,6,0,0,0,0,0,0,1,0,4.84192E+20,5.88187E+21,8.76398E+15,5.3086E+16
140088,4,0,11,0,2018,5,5,6,3,6,4,0,0,1,1,0,0,0,0,4.92435E+20,5.87922E+21,8.88712E+15,5.30624E+16
140089,4,0,12,0,2018,6,17,1,3,1,5,0,1,1,0,0,0,0,0,4.71405E+20,5.93322E+21,8.56843E+15,5.35471E+16
140090,4,0,11,0,2018,5,14,3,3,5,2,0,1,1,0,0,0,0,0,4.87114E+20,5.88147E+21,8.80762E+15,5.30825E+16
140091,4,0,11,0,2018,5,16,4,3,1,5,0,0,1,0,1,0,0,0,4.84787E+20,5.88486E+21,8.77272E+15,5.3113E+16
140092,4,0,11,0,2018,5,15,3,3,5,3,0,1,1,0,0,0,0,0,4.91336E+20,5.88297E+21,8.87061E+15,5.30961E+16
140093,4,0,11,0,2018,5,14,5,3,0,1,0,1,1,0,0,0,0,0,4.96074E+20,5.87944E+21,8.94142E+15,5.30645E+16
140094,4,0,11,0,2018,5,17,3,3,1,5,0,1,1,0,0,0,0,0,4.86542E+20,5.87986E+21,8.79915E+15,5.3068E+16
140095,4,0,11,0,2018,5,15,3,3,5,3,0,0,1,0,0,0,0,0,4.95275E+20,5.87884E+21,8.92949E+15,5.30591E+16
140096,4,0,11,0,2018,5,19,2,3,2,6,0,0,1,0,0,0,0,0,4.91721E+20,5.87736E+21,8.87651E+15,5.30457E+16
140097,4,0,11,0,2018,5,21,3,3,5,3,1,1,1,0,0,0,0,0,4.81694E+20,5.87734E+21,8.72695E+15,5.30452E+16
140098,4,0,12,0,2018,5,12,3,2,3,6,0,0,1,0,0,0,1,0,4.73306E+20,5.93167E+21,8.59726E+15,5.35333E+16
140099,4,0,12,0,2018,5,12,5,3,0,7,0,1,1,0,0,0,0,0,4.72598E+20,5.935E+21,8.58628E+15,5.35632E+16
140100,4,0,11,0,2018,6,11,1,3,1,1,0,1,1,0,0,0,0,0,4.82056E+20,5.87841E+21,8.73227E+15,5.30549E+16
140101,4,0,11,0,2018,5,19,3,3,2,6,0,0,1,0,0,0,0,0,4.9241E+20,5.88334E+21,8.88665E+15,5.30995E+16
140102,4,0,11,0,2018,5,22,4,3,5,3,2,1,1,0,0,0,0,1,4.8544E+20,5.88198E+21,8.78261E+15,5.30871E+16
140103,4,0,11,0,2018,5,15,3,3,5,2,0,1,1,0,0,0,0,0,4.87921E+20,5.88117E+21,8.81968E+15,5.30799E+16
140104,4,0,11,0,2018,5,13,6,3,2,5,0,0,0,0,0,1,0,0,4.8239E+20,5.88118E+21,8.73712E+15,5.30798E+16
140105,4,0,11,0,2018,5,8,3,3,3,2,0,1,1,0,0,0,0,0,4.82643E+20,5.87816E+21,8.74105E+15,5.30526E+16
140106,4,0,11,0,2018,5,19,1,3,8,7,0,0,0,0,1,0,0,0,4.95548E+20,5.87661E+21,8.9336E+15,5.3039E+16
140107,4,0,11,0,2018,5,10,3,3,0,7,0,0,0,0,0,0,1,0,4.71435E+20,5.89434E+21,8.57241E+15,5.31976E+16
140108,4,0,11,0,2018,5,17,3,3,6,4,0,0,1,1,0,0,0,0,4.85605E+20,5.88366E+21,8.785E+15,5.31022E+16
140109,4,0,11,0,2018,5,11,3,3,1,6,0,0,1,0,0,0,0,0,4.86149E+20,5.88261E+21,8.79316E+15,5.30927E+16
140110,4,0,11,0,2018,5,9,4,3,2,6,0,0,1,0,0,0,0,0,4.71874E+20,5.89276E+21,8.57911E+15,5.31834E+16
140111,4,0,12,0,2018,5,17,2,2,0,7,0,1,0,0,0,0,0,0,4.70342E+20,5.9359E+21,8.55214E+15,5.35711E+16
140112,4,0,12,0,2018,5,15,1,3,0,7,0,1,1,0,0,0,0,0,4.72313E+20,5.93387E+21,8.58208E+15,5.3553E+16
140113,4,0,12,0,2018,5,6,2,3,4,3,0,1,1,0,0,0,0,0,4.73397E+20,5.93199E+21,8.59861E+15,5.35361E+16
140114,4,0,11,0,2018,5,8,2,2,6,4,0,0,1,1,0,0,0,0,4.95194E+20,5.88074E+21,8.92825E+15,5.30761E+16
140115,4,0,11,0,2018,5,4,3,3,0,7,2,1,0,0,0,0,0,0,4.88835E+20,5.88018E+21,8.83336E+15,5.3071E+16
140116,4,0,11,0,2018,5,9,5,3,6,4,0,1,0,1,0,0,0,0,4.87104E+20,5.88146E+21,8.80746E+15,5.30825E+16
140117,4,0,12,0,2018,6,7,6,3,5,3,0,1,1,0,0,0,0,0,4.73505E+20,5.93115E+21,8.6003E+15,5.35286E+16
140118,4,0,11,0,2018,5,13,2,3,6,4,0,1,0,1,0,0,0,0,4.87744E+20,5.8808E+21,8.81705E+15,5.30765E+16
140119,4,0,11,0,2018,5,19,2,3,6,4,0,0,1,1,0,0,0,0,4.87041E+20,5.88153E+21,8.80652E+15,5.30831E+16
140120,4,0,12,0,2018,5,20,3,3,5,3,0,1,0,0,0,0,0,0,4.7183E+20,5.93354E+21,8.57482E+15,5.355E+16
140121,4,0,11,0,2018,5,8,2,3,5,3,0,1,1,0,0,0,0,0,4.85622E+20,5.88018E+21,8.78541E+15,5.30709E+16
140122,4,0,11,0,2018,5,20,5,3,5,3,0,1,1,0,0,0,0,0,4.86537E+20,5.87857E+21,8.79912E+15,5.30564E+16
140123,4,0,11,0,2018,5,14,2,3,4,6,0,1,1,0,0,0,0,0,4.84078E+20,5.88233E+21,8.76226E+15,5.30902E+16
140124,4,0,11,0,2018,5,20,7,3,6,7,0,0,1,1,0,0,0,0,4.95617E+20,5.87982E+21,8.93459E+15,5.30678E+16
140125,4,0,12,0,2018,5,17,3,3,0,7,0,1,1,0,0,0,0,0,4.71213E+20,5.93356E+21,8.5655E+15,5.35502E+16
140126,4,0,11,0,2018,5,7,2,3,2,6,0,0,1,0,0,0,0,0,4.93267E+20,5.87887E+21,8.89954E+15,5.30593E+16
140127,4,0,11,0,2018,5,18,2,3,3,2,0,1,1,0,0,0,0,0,4.88262E+20,5.88169E+21,8.82475E+15,5.30846E+16
140128,4,0,11,0,2018,5,17,5,3,5,2,0,1,1,0,0,0,0,0,4.8822E+20,5.8801E+21,8.82418E+15,5.30703E+16
140129,4,0,11,0,2018,5,16,2,2,5,3,0,1,0,0,1,0,0,0,4.90055E+20,5.87527E+21,8.85172E+15,5.30269E+16
140130,4,0,12,0,2018,5,14,1,3,5,3,0,0,1,0,0,0,0,0,4.73484E+20,5.92812E+21,8.60025E+15,5.35014E+16
140131,4,0,11,0,2018,6,16,6,2,4,6,0,0,1,0,1,0,0,0,4.90364E+20,5.88012E+21,8.85618E+15,5.30705E+16
140132,4,0,11,0,2018,5,14,2,3,2,6,0,0,1,0,0,1,0,0,4.81873E+20,5.88185E+21,8.72936E+15,5.30858E+16
140133,4,0,11,0,2018,5,22,1,3,5,3,2,1,1,0,0,0,0,0,4.87989E+20,5.87665E+21,8.82086E+15,5.30393E+16
140134,4,0,11,0,2018,5,18,3,3,5,2,0,1,1,0,0,0,0,0,4.85637E+20,5.88019E+21,8.78563E+15,5.3071E+16
140135,4,0,11,0,2018,5,17,2,3,5,2,0,1,1,0,0,0,0,0,4.8555E+20,5.88379E+21,8.78417E+15,5.31034E+16
140136,4,0,12,0,2018,5,11,4,3,2,6,0,0,1,0,0,0,0,0,4.73076E+20,5.93358E+21,8.59362E+15,5.35504E+16
140137,4,0,11,0,2018,5,18,1,3,2,6,0,0,1,0,0,0,0,0,4.82511E+20,5.88757E+21,8.73857E+15,5.31372E+16
140138,4,0,12,0,2018,5,14,6,3,6,4,0,1,0,1,0,0,0,0,4.74193E+20,5.93128E+21,8.61067E+15,5.35298E+16
140139,4,0,11,0,2018,5,17,2,3,3,6,0,1,0,0,0,0,1,0,4.87066E+20,5.88139E+21,8.80691E+15,5.30818E+16
140140,4,0,12,0,2018,6,0,2,3,1,7,2,0,1,0,0,0,0,0,4.72719E+20,5.93116E+21,8.58844E+15,5.35287E+16
140141,4,0,11,0,2018,5,14,2,3,5,3,0,1,1,0,0,0,0,0,4.84919E+20,5.87924E+21,8.77495E+15,5.30624E+16
140142,4,0,11,0,2018,5,1,4,3,0,1,2,1,0,0,0,0,0,0,4.89807E+20,5.87964E+21,8.84788E+15,5.30661E+16
140143,4,0,11,0,2018,5,7,5,3,5,3,0,1,1,0,0,0,0,0,4.68212E+20,5.89507E+21,8.52408E+15,5.3204E+16
140144,4,0,11,0,2018,5,17,2,3,5,3,0,1,1,0,0,0,0,0,4.85383E+20,5.87859E+21,8.78191E+15,5.30566E+16
140145,4,0,11,0,2018,5,5,1,3,4,6,0,1,0,0,0,0,0,0,4.78887E+20,5.8905E+21,8.68421E+15,5.31635E+16
140146,4,0,11,0,2018,5,9,2,3,0,2,0,1,1,0,0,0,0,0,4.74215E+20,5.89194E+21,8.61421E+15,5.31762E+16
140147,4,0,11,0,2018,5,18,2,3,5,3,0,1,1,0,0,0,0,0,4.86845E+20,5.8812E+21,8.80361E+15,5.30801E+16
140148,4,0,11,0,2018,5,9,4,3,5,2,0,1,1,0,0,0,0,0,4.93424E+20,5.88441E+21,8.90176E+15,5.31091E+16
140149,4,0,11,0,2018,5,12,1,3,5,7,0,1,1,0,0,0,0,0,4.88494E+20,5.87641E+21,8.82841E+15,5.30371E+16
140150,4,0,11,0,2018,5,19,6,3,0,7,0,1,0,0,0,0,0,0,4.68212E+20,5.89507E+21,8.52408E+15,5.3204E+16
140151,4,0,11,0,2018,5,9,3,3,3,7,0,0,1,0,0,0,0,0,4.84594E+20,5.87912E+21,8.77011E+15,5.30613E+16
140152,4,0,11,0,2018,5,8,2,3,5,3,0,1,1,0,0,0,0,0,4.81858E+20,5.8767E+21,8.72942E+15,5.30395E+16
140153,4,0,11,0,2018,5,9,4,3,2,6,0,0,1,0,0,0,0,0,4.87729E+20,5.88209E+21,8.81678E+15,5.30882E+16
140154,4,0,11,0,2018,5,17,7,3,5,3,0,1,1,0,0,0,0,0,4.82678E+20,5.87794E+21,8.74158E+15,5.30507E+16
140155,4,0,11,0,2018,5,13,6,2,6,4,0,0,0,1,0,0,1,0,4.9003E+20,5.87647E+21,8.8513E+15,5.30377E+16
140156,4,0,11,0,2018,6,17,2,2,0,1,0,1,0,0,0,0,1,0,4.9646E+20,5.87874E+21,8.94719E+15,5.30581E+16
140157,4,0,11,0,2018,5,7,2,3,5,3,0,1,0,0,0,0,1,0,4.8485E+20,5.87885E+21,8.77394E+15,5.30589E+16
140158,4,0,11,0,2018,5,7,4,3,3,6,0,0,1,0,1,0,0,0,4.96291E+20,5.87656E+21,8.94468E+15,5.30386E+16