OBJECTID_1,ULAND,UREGBEZ,UKREIS,UGEMEINDE,UJAHR,UMONAT,USTUNDE,UWOCHENTAG,UKATEGORIE,UART,UTYP1,ULICHTVERH,IstRad,IstPKW,IstFuss,IstKrad,IstGkfz,IstSonstig,STRZUSTAND,LINREFX,LINREFY,XGCSWGS84,YGCSWGS84
140159,4,0,12,0,2018,5,0,1,3,3,6,2,1,1,0,0,0,0,0,4.71653E+20,5.93376E+21,8.57212E+15,5.35519E+16
140160,4,0,11,0,2018,5,20,7,2,1,7,1,0,1,0,1,0,0,0,4.91761E+20,5.88063E+21,8.87701E+15,5.30751E+16
140161,4,0,11,0,2018,5,18,2,3,4,6,0,1,0,0,0,0,0,0,4.89794E+20,5.87718E+21,8.84776E+15,5.3044E+16
140162,4,0,11,0,2018,5,6,1,3,2,6,0,0,1,0,0,0,0,0,4.86834E+20,5.88181E+21,8.80343E+15,5.30856E+16
140163,4,0,11,0,2018,5,0,1,3,0,7,2,1,0,0,0,0,0,0,4.86694E+20,5.88108E+21,8.80137E+15,5.30791E+16
140164,4,0,11,0,2018,5,8,3,3,2,6,0,0,1,0,0,0,0,0,4.8669E+20,5.88024E+21,8.80134E+15,5.30715E+16
140165,4,0,11,0,2018,5,18,5,3,1,5,0,1,1,0,0,0,0,0,4.89051E+20,5.87987E+21,8.83659E+15,5.30682E+16
140166,4,0,11,0,2018,6,12,7,2,0,7,0,1,0,0,0,0,0,0,4.88429E+20,5.88173E+21,8.82725E+15,5.30849E+16
140167,4,0,11,0,2018,5,16,1,3,5,3,0,0,1,0,0,0,0,0,4.87071E+20,5.88312E+21,8.80691E+15,5.30974E+16
140168,4,0,11,0,2018,5,15,4,3,5,3,0,1,1,0,0,0,0,0,4.71644E+20,5.89369E+21,8.57558E+15,5.31918E+16
140169,4,0,11,0,2018,6,18,1,3,5,2,0,1,1,0,0,0,0,0,4.91689E+20,5.88142E+21,8.87592E+15,5.30822E+16
140170,4,0,11,0,2018,5,15,1,2,0,7,0,1,0,0,0,0,0,0,4.87987E+20,5.88037E+21,8.8207E+15,5.30727E+16
140171,4,0,11,0,2018,5,9,4,3,0,7,0,1,0,0,0,0,0,0,4.92749E+20,5.88164E+21,8.89175E+15,5.30841E+16
140172,4,0,11,0,2018,5,12,1,2,0,7,0,1,0,0,0,0,0,0,4.908E+20,5.87955E+21,8.8627E+15,5.30654E+16
140173,4,0,11,0,2018,5,20,6,3,2,7,0,0,1,0,0,0,0,0,4.93832E+20,5.87672E+21,8.908E+15,5.30399E+16
140174,4,0,11,0,2018,5,13,7,3,1,7,0,1,1,0,0,0,0,0,4.80427E+20,5.89129E+21,8.70719E+15,5.31706E+16
140175,4,0,11,0,2018,5,15,1,3,0,7,0,0,1,1,0,0,0,0,4.85026E+20,5.88369E+21,8.77635E+15,5.31024E+16
140176,4,0,11,0,2018,5,18,7,3,0,7,0,1,0,0,0,0,0,0,4.88684E+20,5.88183E+21,8.83105E+15,5.30858E+16
140177,4,0,11,0,2018,5,12,7,3,2,6,0,0,1,0,0,0,0,0,4.88245E+20,5.87995E+21,8.82456E+15,5.30689E+16
140178,4,0,11,0,2018,5,7,3,3,3,2,0,0,1,0,0,0,1,0,4.93506E+20,5.88101E+21,8.90306E+15,5.30785E+16
140179,4,0,11,0,2018,5,6,5,3,5,3,0,1,1,0,0,0,0,0,4.80934E+20,5.87828E+21,8.71555E+15,5.30536E+16
140180,4,0,11,0,2018,5,17,5,3,1,7,0,0,1,0,0,0,0,0,4.88323E+20,5.87995E+21,8.82573E+15,5.30689E+16
140181,4,0,11,0,2018,6,19,6,3,6,4,0,0,1,1,0,0,0,0,4.93515E+20,5.87746E+21,8.90326E+15,5.30466E+16
140182,4,0,11,0,2018,5,14,7,2,0,7,0,1,0,0,0,0,0,0,4.9063E+20,5.88715E+21,8.85995E+15,5.31337E+16
140183,4,0,11,0,2018,5,13,7,3,5,3,0,1,1,0,0,0,0,0,4.92951E+20,5.8774E+21,8.89485E+15,5.30461E+16
140184,4,0,11,0,2018,5,8,3,3,2,6,0,0,1,0,0,0,0,0,4.86675E+20,5.88107E+21,8.80109E+15,5.30789E+16
140185,4,0,11,0,2018,5,17,7,2,5,3,0,1,0,0,0,0,0,0,4.905E+20,5.87771E+21,8.85828E+15,5.30488E+16
140186,4,0,11,0,2018,5,15,5,3,5,2,0,1,1,0,0,0,0,0,4.88113E+20,5.88065E+21,8.82256E+15,5.30752E+16
140187,4,0,11,0,2018,5,22,6,3,1,7,2,1,1,0,0,0,0,0,4.88185E+20,5.88025E+21,8.82366E+15,5.30716E+16
140188,4,0,11,0,2018,5,13,7,3,0,2,0,0,1,0,0,0,0,0,4.89096E+20,5.87649E+21,8.83738E+15,5.30378E+16
140189,4,0,11,0,2018,5,18,7,3,2,6,0,0,1,0,0,0,0,0,4.89988E+20,5.88019E+21,8.85057E+15,5.30711E+16
140190,4,0,12,0,2018,5,18,6,3,5,3,0,1,0,0,0,0,0,0,4.73555E+20,5.93578E+21,8.60066E+15,5.35702E+16
140191,4,0,11,0,2018,5,16,6,3,5,2,0,0,0,0,0,0,1,0,4.80089E+20,5.89097E+21,8.70216E+15,5.31677E+16
140192,4,0,12,0,2018,5,16,7,3,5,2,0,1,1,0,0,0,0,0,4.73394E+20,5.93578E+21,8.59824E+15,5.35702E+16
140193,4,0,12,0,2018,5,16,6,3,5,3,0,0,1,0,1,0,0,0,4.73723E+20,5.93172E+21,8.60355E+15,5.35337E+16
140194,4,0,12,0,2018,5,19,6,3,8,1,0,0,0,0,1,0,0,0,4.70929E+20,5.93672E+21,8.56093E+15,5.35785E+16
140195,4,0,11,0,2018,5,15,2,3,5,3,0,1,1,0,0,0,0,0,4.8718E+20,5.88151E+21,8.8086E+15,5.30829E+16
140196,4,0,11,0,2018,5,15,4,3,6,4,0,0,1,1,0,0,0,0,4.83528E+20,5.88589E+21,8.75386E+15,5.31222E+16
140197,4,0,11,0,2018,6,7,6,3,5,2,0,1,0,0,0,1,0,0,4.87989E+20,5.878E+21,8.82081E+15,5.30514E+16
140198,4,0,12,0,2018,5,13,6,3,5,3,0,1,1,0,0,0,0,0,4.73247E+20,5.93778E+21,8.59584E+15,5.35882E+16
140199,4,0,11,0,2018,5,21,3,3,5,2,2,1,1,0,0,0,0,0,4.86456E+20,5.87967E+21,8.79787E+15,5.30664E+16
140200,4,0,12,0,2018,5,10,6,2,5,2,0,1,1,0,0,0,0,0,4.73333E+20,5.92872E+21,8.59791E+15,5.35068E+16
140201,4,0,12,0,2018,5,21,4,3,5,3,1,1,1,0,0,0,0,0,4.73439E+20,5.93612E+21,8.59889E+15,5.35733E+16
140202,4,0,12,0,2018,5,13,6,3,2,6,0,0,1,0,0,0,0,0,4.72904E+20,5.92998E+21,8.59134E+15,5.3518E+16
140203,4,0,11,0,2018,6,22,2,3,0,7,1,1,0,0,0,0,0,0,4.86566E+20,5.88E+21,8.79949E+15,5.30694E+16
140204,4,0,11,0,2018,5,15,2,3,2,6,0,1,0,0,0,1,0,0,4.92956E+20,5.87891E+21,8.8949E+15,5.30596E+16
140205,4,0,11,0,2018,5,22,5,3,6,4,1,1,0,1,0,0,0,0,4.92735E+20,5.87905E+21,8.8916E+15,5.30609E+16
140206,4,0,11,0,2018,5,18,6,3,5,3,0,0,1,0,0,0,0,0,4.83362E+20,5.88453E+21,8.75145E+15,5.311E+16
140207,4,0,11,0,2018,5,9,2,3,5,3,0,1,1,0,0,0,0,0,4.71313E+20,5.8948E+21,8.57054E+15,5.32018E+16
140208,4,0,11,0,2018,5,18,5,3,2,6,0,0,1,0,0,0,0,0,4.82107E+20,5.88731E+21,8.73255E+15,5.31349E+16
140209,4,0,11,0,2018,5,12,6,3,5,2,0,1,1,0,0,0,0,0,4.87068E+20,5.87949E+21,8.80701E+15,5.30647E+16
140210,4,0,11,0,2018,5,16,3,3,2,6,0,0,1,0,0,0,0,0,4.90123E+20,5.87901E+21,8.85262E+15,5.30605E+16
140211,4,0,11,0,2018,5,10,6,3,5,2,0,1,1,0,0,0,0,0,4.85298E+20,5.87987E+21,8.78058E+15,5.30682E+16
140212,4,0,11,0,2018,5,9,4,2,0,7,0,1,0,0,0,0,0,1,4.86004E+20,5.8795E+21,8.79114E+15,5.30648E+16
140213,4,0,11,0,2018,5,17,6,3,5,3,0,1,1,0,0,0,0,0,4.88512E+20,5.88119E+21,8.8285E+15,5.30801E+16
140214,4,0,11,0,2018,6,7,2,3,5,3,0,1,1,0,0,0,0,0,4.8416E+20,5.88526E+21,8.76333E+15,5.31165E+16
140215,4,0,11,0,2018,5,19,6,3,5,2,0,0,1,0,0,0,0,0,4.95738E+20,5.88048E+21,8.93638E+15,5.30738E+16
140216,4,0,11,0,2018,5,17,4,3,2,6,0,0,1,0,1,0,0,0,4.90073E+20,5.88039E+21,8.85182E+15,5.30729E+16
140217,4,0,11,0,2018,5,15,6,3,0,1,0,1,0,0,0,0,0,0,4.87724E+20,5.88257E+21,8.81668E+15,5.30924E+16
140218,4,0,12,0,2018,5,16,1,3,5,3,0,0,1,0,0,0,0,0,4.73585E+20,5.93066E+21,8.60155E+15,5.35242E+16
140219,4,0,11,0,2018,5,16,4,3,5,3,0,0,1,0,1,0,0,0,4.87785E+20,5.88102E+21,8.81766E+15,5.30785E+16
140220,4,0,11,0,2018,5,15,6,3,1,5,0,1,1,0,0,0,0,0,4.89476E+20,5.8822E+21,8.84286E+15,5.30891E+16
140221,4,0,11,0,2018,5,15,6,3,5,3,0,1,1,0,0,0,0,0,4.92554E+20,5.88184E+21,8.88883E+15,5.3086E+16
140222,4,0,11,0,2018,5,16,2,3,5,3,0,0,1,0,0,0,0,0,4.86079E+20,5.88149E+21,8.79217E+15,5.30827E+16
140223,4,0,11,0,2018,5,17,6,3,2,2,0,0,1,0,0,0,0,0,4.83431E+20,5.88563E+21,8.75242E+15,5.31198E+16
140224,4,0,12,0,2018,5,9,3,3,3,2,0,1,0,0,0,0,0,0,4.73319E+20,5.93626E+21,8.59706E+15,5.35745E+16
140225,4,0,11,0,2018,5,22,6,2,8,1,2,0,1,0,0,0,0,0,4.97286E+20,5.87676E+21,8.95952E+15,5.30404E+16
140226,4,0,11,0,2018,6,2,1,3,6,4,2,0,0,1,0,0,1,0,4.9401E+20,5.88093E+21,8.91059E+15,5.30778E+16
140227,4,0,11,0,2018,5,11,5,3,6,4,0,0,1,1,0,0,0,0,4.82498E+20,5.87761E+21,8.73891E+15,5.30477E+16
140228,4,0,11,0,2018,5,18,4,3,4,3,0,0,1,0,0,0,0,0,4.85539E+20,5.88391E+21,8.78399E+15,5.31044E+16
140229,4,0,11,0,2018,5,18,5,3,5,3,0,1,1,0,0,0,0,0,4.87616E+20,5.88087E+21,8.81513E+15,5.30771E+16
140230,4,0,11,0,2018,5,17,6,3,6,4,0,1,0,1,0,0,0,0,4.91341E+20,5.87947E+21,8.87079E+15,5.30647E+16
140231,4,0,11,0,2018,5,3,1,3,1,5,2,1,1,0,0,0,0,0,4.86221E+20,5.8803E+21,8.79434E+15,5.3072E+16
140232,4,0,11,0,2018,5,10,5,2,0,7,0,0,0,0,1,0,0,0,4.91368E+20,5.87984E+21,8.87117E+15,5.3068E+16
140233,4,0,11,0,2018,5,18,5,3,2,6,0,0,1,0,0,0,0,0,4.92075E+20,5.88466E+21,8.8816E+15,5.31113E+16
140234,4,0,11,0,2018,5,14,3,2,5,3,0,1,0,0,0,1,0,0,4.86505E+20,5.87835E+21,8.79866E+15,5.30545E+16
140235,4,0,12,0,2018,5,19,4,3,0,7,0,1,0,0,0,0,0,0,4.72793E+20,5.93154E+21,8.58953E+15,5.35321E+16
140236,4,0,12,0,2018,5,16,4,3,6,7,0,1,0,1,0,0,0,0,4.72926E+20,5.93156E+21,8.59153E+15,5.35322E+16
140237,4,0,11,0,2018,6,12,6,3,2,6,0,0,1,0,0,0,0,0,4.86177E+20,5.88259E+21,8.79359E+15,5.30926E+16
140238,4,0,11,0,2018,6,1,7,3,1,7,2,1,0,0,0,0,1,0,4.90107E+20,5.88211E+21,8.85228E+15,5.30884E+16
140239,4,0,11,0,2018,6,18,6,3,5,3,0,1,1,0,0,0,0,0,4.81131E+20,5.89189E+21,8.71768E+15,5.3176E+16
140240,4,0,11,0,2018,6,18,7,3,0,7,0,1,0,0,0,0,0,0,4.86692E+20,5.88022E+21,8.80137E+15,5.30713E+16
140241,4,0,11,0,2018,7,12,5,3,2,6,0,0,1,0,0,0,0,0,4.83493E+20,5.88575E+21,8.75334E+15,5.31209E+16
140242,4,0,11,0,2018,7,22,3,3,3,2,1,1,1,0,0,0,0,0,4.885E+20,5.88121E+21,8.82831E+15,5.30802E+16
140243,4,0,11,0,2018,6,13,3,3,3,2,0,1,1,0,0,0,0,0,4.89148E+20,5.88101E+21,8.838E+15,5.30784E+16
140244,4,0,11,0,2018,6,9,7,3,5,2,0,1,1,0,0,0,0,0,4.72953E+20,5.89229E+21,8.5953E+15,5.31792E+16
140245,4,0,12,0,2018,7,22,5,3,5,3,1,1,1,0,0,0,0,0,4.73069E+20,5.93168E+21,8.59369E+15,5.35334E+16
140246,4,0,11,0,2018,6,18,7,3,0,7,0,0,1,0,0,0,0,0,4.87284E+20,5.87997E+21,8.81022E+15,5.30691E+16
140247,4,0,11,0,2018,7,18,1,3,4,6,0,0,0,0,0,0,1,0,4.87232E+20,5.88059E+21,8.80942E+15,5.30746E+16
140248,4,0,11,0,2018,6,7,2,3,5,3,0,0,1,0,0,0,0,0,4.87587E+20,5.87839E+21,8.81481E+15,5.30548E+16
140249,4,0,11,0,2018,6,14,5,3,2,6,0,0,1,0,0,0,0,0,4.8711E+20,5.88039E+21,8.80761E+15,5.30728E+16
140250,4,0,11,0,2018,6,10,7,2,1,5,0,0,1,0,0,0,0,0,4.80763E+20,5.88873E+21,8.71238E+15,5.31476E+16
140251,4,0,11,0,2018,7,17,4,3,5,3,0,1,1,0,0,0,0,1,4.86837E+20,5.88084E+21,8.80352E+15,5.30768E+16
140252,4,0,11,0,2018,7,17,1,3,2,6,0,0,1,0,1,0,0,0,4.88095E+20,5.87997E+21,8.82232E+15,5.30691E+16
140253,4,0,12,0,2018,6,15,2,3,6,4,0,0,1,1,0,0,0,0,4.72666E+20,5.93154E+21,8.58762E+15,5.35321E+16
140254,4,0,11,0,2018,6,14,7,3,4,6,0,0,1,0,0,0,0,0,4.88779E+20,5.87992E+21,8.83253E+15,5.30686E+16
140255,4,0,11,0,2018,7,5,4,3,3,6,0,0,1,0,1,0,0,0,4.81334E+20,5.88701E+21,8.72101E+15,5.31322E+16
140256,4,0,11,0,2018,6,15,4,3,5,3,0,1,1,0,0,0,0,0,4.91948E+20,5.8848E+21,8.8797E+15,5.31126E+16
140257,4,0,11,0,2018,6,17,3,3,0,7,0,0,0,1,1,0,0,0,4.91617E+20,5.87923E+21,8.87491E+15,5.30625E+16
140258,4,0,12,0,2018,6,16,6,3,2,6,0,0,1,0,0,0,0,0,4.73658E+20,5.92658E+21,8.603E+15,5.34875E+16
140259,4,0,11,0,2018,7,18,5,3,6,7,0,0,1,1,0,0,0,0,4.91901E+20,5.88162E+21,8.87909E+15,5.3084E+16
140260,4,0,11,0,2018,6,18,7,3,3,2,0,1,1,0,0,0,0,0,4.97448E+20,5.87819E+21,8.96192E+15,5.30532E+16
140261,4,0,12,0,2018,6,7,4,3,5,2,0,1,1,0,0,0,0,0,4.73222E+20,5.92904E+21,8.59621E+15,5.35097E+16
140262,4,0,11,0,2018,6,11,6,3,1,6,0,0,1,0,0,1,0,0,4.92736E+20,5.87905E+21,8.8916E+15,5.30609E+16
140263,4,0,11,0,2018,6,15,3,3,0,7,0,1,0,0,0,0,0,0,4.92116E+20,5.88351E+21,8.88224E+15,5.3101E+16
140264,4,0,12,0,2018,6,19,7,3,2,6,0,0,1,0,0,0,0,0,4.73765E+20,5.93755E+21,8.60369E+15,5.35862E+16
140265,4,0,11,0,2018,6,18,7,3,4,6,0,1,0,0,0,0,0,0,4.9068E+20,5.87933E+21,8.86092E+15,5.30634E+16
140266,4,0,11,0,2018,6,7,5,3,5,6,0,1,0,0,0,0,0,0,4.88853E+20,5.88279E+21,8.83353E+15,5.30944E+16
140267,4,0,11,0,2018,6,7,6,3,0,7,0,1,0,0,1,0,1,1,4.85668E+20,5.88095E+21,8.78605E+15,5.30778E+16
140268,4,0,12,0,2018,7,18,3,3,5,3,0,0,1,0,0,0,0,0,4.75449E+20,5.93133E+21,8.62962E+15,5.35303E+16
140269,4,0,12,0,2018,7,1,7,3,6,7,2,0,1,1,0,0,0,0,4.71717E+20,5.93352E+21,8.57311E+15,5.35498E+16
140270,4,0,11,0,2018,6,20,2,3,5,3,1,0,1,0,0,0,0,0,4.71029E+20,5.89345E+21,8.5664E+15,5.31896E+16
140271,4,0,11,0,2018,6,11,6,3,5,2,0,1,1,0,0,0,0,0,4.90205E+20,5.87959E+21,8.85383E+15,5.30657E+16
140272,4,0,11,0,2018,7,16,3,3,5,3,0,1,1,0,0,0,0,0,4.95626E+20,5.88155E+21,8.93469E+15,5.30834E+16
140273,4,0,11,0,2018,6,18,3,3,3,2,0,1,1,0,0,0,0,0,4.92367E+20,5.87895E+21,8.8861E+15,5.30599E+16
140274,4,0,11,0,2018,6,17,6,3,5,3,0,1,1,0,0,0,0,0,4.87851E+20,5.88004E+21,8.81867E+15,5.30697E+16
140275,4,0,11,0,2018,6,18,7,2,5,3,0,1,1,0,0,0,0,0,4.91897E+20,5.87952E+21,8.87907E+15,5.30651E+16
140276,4,0,11,0,2018,6,10,6,3,5,2,0,1,0,0,0,0,1,0,4.90011E+20,5.88026E+21,8.85091E+15,5.30717E+16
140277,4,0,11,0,2018,6,20,4,3,1,7,0,0,1,0,0,0,1,0,4.89038E+20,5.88025E+21,8.83639E+15,5.30716E+16
140278,4,0,11,0,2018,6,14,6,3,4,6,0,0,1,0,1,0,0,0,4.92557E+20,5.88234E+21,8.88886E+15,5.30905E+16
140279,4,0,12,0,2018,6,16,7,3,5,3,0,0,1,0,0,0,0,0,4.73311E+20,5.93198E+21,8.5973E+15,5.3536E+16
140280,4,0,12,0,2018,6,16,5,3,1,5,0,0,1,0,0,0,0,0,4.73046E+20,5.93206E+21,8.59331E+15,5.35367E+16
140281,4,0,11,0,2018,6,21,5,1,6,4,0,0,0,1,1,0,0,0,4.86558E+20,5.88096E+21,8.79934E+15,5.3078E+16
140282,4,0,11,0,2018,6,8,5,3,5,3,0,1,0,0,0,0,0,0,4.74093E+20,5.89181E+21,8.61239E+15,5.31751E+16
140283,4,0,11,0,2018,7,14,3,3,2,6,0,0,1,0,0,0,0,0,4.91438E+20,5.88335E+21,8.87212E+15,5.30995E+16
140284,4,0,11,0,2018,7,12,7,3,5,3,0,0,1,0,0,0,0,0,4.91691E+20,5.88141E+21,8.87596E+15,5.30821E+16
140285,4,0,11,0,2018,6,7,2,3,5,3,0,1,1,0,0,0,0,0,4.86069E+20,5.88042E+21,8.79206E+15,5.30731E+16
140286,4,0,11,0,2018,6,20,5,3,0,7,0,0,0,0,1,0,0,1,4.88783E+20,5.88004E+21,8.83258E+15,5.30698E+16
140287,4,0,11,0,2018,7,17,3,3,2,6,0,0,1,0,0,0,0,0,4.83261E+20,5.88609E+21,8.74986E+15,5.31239E+16
140288,4,0,11,0,2018,6,8,3,3,5,2,0,1,1,0,0,0,0,0,4.88775E+20,5.87601E+21,8.83261E+15,5.30335E+16
140289,4,0,11,0,2018,6,16,5,3,5,3,0,0,1,0,1,0,0,0,4.867E+20,5.88128E+21,8.80145E+15,5.30808E+16
140290,4,0,12,0,2018,6,13,6,3,5,3,0,1,1,0,0,0,0,0,4.72602E+20,5.93205E+21,8.5866E+15,5.35367E+16
140291,4,0,11,0,2018,6,11,5,3,5,2,0,1,1,0,0,0,0,0,4.91636E+20,5.88145E+21,8.87513E+15,5.30824E+16
140292,4,0,11,0,2018,6,14,4,3,5,7,0,1,1,0,0,0,0,0,4.91397E+20,5.87921E+21,8.87163E+15,5.30623E+16
140293,4,0,11,0,2018,6,16,5,3,0,7,0,0,0,0,0,0,1,0,4.77782E+20,5.8918E+21,8.66759E+15,5.31751E+16
140294,4,0,11,0,2018,7,15,6,3,1,5,0,1,1,0,0,0,0,0,4.83575E+20,5.88526E+21,8.75459E+15,5.31165E+16
140295,4,0,11,0,2018,6,21,5,3,3,6,0,0,1,0,0,0,0,0,4.85603E+20,5.88216E+21,8.78503E+15,5.30887E+16
140296,4,0,11,0,2018,6,15,5,3,2,6,0,0,1,0,1,0,0,0,4.77025E+20,5.89175E+21,8.65627E+15,5.31746E+16
140297,4,0,11,0,2018,7,0,6,3,1,7,2,1,1,0,0,0,0,0,4.92923E+20,5.87807E+21,8.89442E+15,5.30521E+16
140298,4,0,11,0,2018,6,15,1,3,5,3,0,1,1,0,0,0,0,1,4.87371E+20,5.88249E+21,8.81142E+15,5.30918E+16
140299,4,0,11,0,2018,6,9,5,3,5,3,0,1,0,0,0,0,1,0,4.83829E+20,5.88516E+21,8.7584E+15,5.31156E+16
140300,4,0,12,0,2018,7,22,2,3,0,1,2,1,0,0,0,0,0,0,4.73076E+20,5.9338E+21,8.59361E+15,5.35524E+16
140301,4,0,11,0,2018,6,8,2,2,2,1,0,0,1,0,0,0,0,0,4.89132E+20,5.88148E+21,8.83774E+15,5.30827E+16
140302,4,0,11,0,2018,6,13,5,3,5,3,0,1,1,0,0,0,0,0,4.93112E+20,5.88543E+21,8.89708E+15,5.31182E+16
140303,4,0,11,0,2018,6,12,3,3,6,6,0,1,0,1,0,0,0,0,4.93771E+20,5.87673E+21,8.9071E+15,5.30401E+16
140304,4,0,11,0,2018,6,18,6,3,5,3,0,1,1,0,0,0,0,0,4.87747E+20,5.88105E+21,8.81708E+15,5.30788E+16
140305,4,0,11,0,2018,6,18,5,3,6,6,0,0,1,1,0,0,0,1,4.87078E+20,5.88104E+21,8.8071E+15,5.30787E+16
140306,4,0,11,0,2018,7,17,5,3,5,2,0,1,1,0,0,0,0,0,4.88238E+20,5.88168E+21,8.8244E+15,5.30844E+16
140307,4,0,11,0,2018,7,17,2,3,5,3,0,1,1,0,0,0,0,0,4.87095E+20,5.88145E+21,8.80733E+15,5.30824E+16
140308,4,0,11,0,2018,6,17,3,3,3,3,0,0,1,0,1,0,0,0,4.81873E+20,5.8885E+21,8.72898E+15,5.31456E+16
140309,4,0,11,0,2018,6,13,5,3,2,2,0,0,1,0,1,0,0,0,4.92788E+20,5.88112E+21,8.89234E+15,5.30795E+16
140310,4,0,11,0,2018,7,12,5,3,0,7,0,1,0,0,0,0,0,0,4.87207E+20,5.87935E+21,8.8091E+15,5.30635E+16
140311,4,0,11,0,2018,6,19,7,2,5,3,0,1,1,0,0,0,0,0,4.87216E+20,5.87581E+21,8.80937E+15,5.30317E+16
140312,4,0,12,0,2018,6,16,4,3,5,2,0,1,0,0,0,0,1,0,4.71903E+20,5.93416E+21,8.57586E+15,5.35556E+16
140313,4,0,11,0,2018,6,14,3,3,6,4,0,0,0,1,0,0,1,0,4.87922E+20,5.87802E+21,8.81981E+15,5.30515E+16
140314,4,0,11,0,2018,7,13,1,3,0,1,0,0,0,0,1,0,0,0,4.74826E+20,5.89164E+21,8.62338E+15,5.31735E+16
140315,4,0,11,0,2018,6,17,2,3,0,7,0,1,0,0,0,0,0,1,4.88719E+20,5.88184E+21,8.83157E+15,5.30859E+16
140316,4,0,11,0,2018,6,13,5,3,5,3,0,1,1,0,0,0,0,0,4.84258E+20,5.88453E+21,8.76483E+15,5.311E+16
140317,4,0,11,0,2018,7,18,2,3,2,6,0,0,1,0,0,0,0,0,4.80922E+20,5.88459E+21,8.71499E+15,5.31104E+16
140318,4,0,11,0,2018,6,19,7,3,5,3,0,1,1,0,0,0,0,0,4.87758E+20,5.88104E+21,8.81725E+15,5.30787E+16
140319,4,0,11,0,2018,6,7,2,2,2,6,0,0,1,0,0,0,1,0,4.85538E+20,5.88223E+21,8.78406E+15,5.30893E+16
140320,4,0,12,0,2018,6,10,4,3,5,3,0,1,1,0,0,0,0,0,4.72427E+20,5.93034E+21,8.58411E+15,5.35212E+16
140321,4,0,11,0,2018,6,0,6,3,1,5,2,0,1,0,0,0,1,0,4.86654E+20,5.87989E+21,8.80083E+15,5.30683E+16
140322,4,0,12,0,2018,6,20,4,3,1,5,0,1,0,0,0,1,0,0,4.73638E+20,5.93584E+21,8.60191E+15,5.35708E+16
140323,4,0,11,0,2018,7,17,4,3,2,6,0,0,1,0,0,0,0,1,4.88122E+20,5.88103E+21,8.82269E+15,5.30786E+16
140324,4,0,12,0,2018,7,0,1,3,8,1,2,0,1,0,0,0,0,0,4.73087E+20,5.93371E+21,8.59377E+15,5.35516E+16
140325,4,0,11,0,2018,6,5,3,3,5,3,0,0,0,0,1,0,1,0,4.74993E+20,5.8913E+21,8.62589E+15,5.31705E+16
140326,4,0,11,0,2018,6,17,4,3,6,4,0,1,0,1,0,0,0,0,4.8878E+20,5.87992E+21,8.83255E+15,5.30686E+16
140327,4,0,11,0,2018,7,16,5,3,5,3,0,1,1,0,0,0,0,0,4.95627E+20,5.88007E+21,8.93473E+15,5.30701E+16
140328,4,0,12,0,2018,6,10,6,3,2,6,0,0,1,0,0,0,0,1,4.75828E+20,5.93138E+21,8.63533E+15,5.35308E+16
140329,4,0,12,0,2018,6,16,4,3,5,3,0,0,1,0,0,0,0,0,4.7153E+20,5.93374E+21,8.57027E+15,5.35518E+16
140330,4,0,11,0,2018,6,17,4,3,5,3,0,1,1,0,0,0,0,0,4.83794E+20,5.88598E+21,8.75783E+15,5.3123E+16
140331,4,0,12,0,2018,6,19,7,3,1,7,0,1,1,0,0,0,0,0,4.73174E+20,5.93228E+21,8.59521E+15,5.35388E+16
140332,4,0,11,0,2018,6,8,4,3,5,2,0,1,0,0,0,0,0,0,4.88698E+20,5.88068E+21,8.83129E+15,5.30755E+16
140333,4,0,11,0,2018,6,18,5,3,1,5,0,1,1,0,0,0,0,0,4.83864E+20,5.8853E+21,8.75891E+15,5.31169E+16
140334,4,0,11,0,2018,6,8,4,3,2,6,0,0,1,0,1,0,0,0,4.8982E+20,5.87796E+21,8.84814E+15,5.30511E+16
140335,4,0,12,0,2018,7,11,3,3,2,6,0,0,1,0,0,0,0,0,4.73128E+20,5.92932E+21,8.59477E+15,5.35121E+16
140336,4,0,11,0,2018,7,1,7,3,0,7,2,1,0,0,0,0,0,0,4.87316E+20,5.88028E+21,8.81068E+15,5.30718E+16
140337,4,0,11,0,2018,6,11,2,3,6,4,0,0,1,1,0,0,0,0,4.92465E+20,5.8792E+21,8.88757E+15,5.30623E+16
140338,4,0,11,0,2018,6,21,4,3,5,3,1,1,1,0,0,0,0,0,4.89158E+20,5.87982E+21,8.8382E+15,5.30678E+16
140339,4,0,11,0,2018,7,6,3,2,0,3,0,1,1,0,0,0,0,0,4.83242E+20,5.88571E+21,8.74959E+15,5.31205E+16
140340,4,0,11,0,2018,6,21,4,3,5,2,0,1,1,0,0,0,0,0,4.96056E+20,5.87881E+21,8.94115E+15,5.30588E+16
140341,4,0,11,0,2018,7,7,4,3,2,6,0,1,1,0,0,0,0,0,4.90955E+20,5.88293E+21,8.86493E+15,5.30958E+16
140342,4,0,11,0,2018,7,17,1,3,1,5,0,0,1,1,0,1,1,0,4.85895E+20,5.88022E+21,8.78947E+15,5.30712E+16
140343,4,0,12,0,2018,6,14,2,3,5,3,0,1,1,0,0,0,0,0,4.71755E+20,5.9345E+21,8.5736E+15,5.35586E+16
140344,4,0,11,0,2018,6,17,4,3,2,6,0,0,1,0,0,0,0,0,4.88606E+20,5.87993E+21,8.82996E+15,5.30688E+16
140345,4,0,12,0,2018,7,11,3,3,5,3,0,0,1,0,0,0,0,0,4.71912E+20,5.93331E+21,8.57608E+15,5.35479E+16
140346,4,0,11,0,2018,6,19,4,3,5,3,0,0,1,0,0,0,1,0,4.88262E+20,5.88169E+21,8.82475E+15,5.30846E+16
140347,4,0,12,0,2018,6,17,3,2,5,3,0,1,1,0,0,0,0,0,4.76041E+20,5.93139E+21,8.63855E+15,5.35309E+16