OBJECTID_1,ULAND,UREGBEZ,UKREIS,UGEMEINDE,UJAHR,UMONAT,USTUNDE,UWOCHENTAG,UKATEGORIE,UART,UTYP1,ULICHTVERH,IstRad,IstPKW,IstFuss,IstKrad,IstGkfz,IstSonstig,STRZUSTAND,LINREFX,LINREFY,XGCSWGS84,YGCSWGS84
140536,4,0,11,0,2018,6,9,4,3,6,4,0,1,0,1,0,0,0,0,4.86776E+20,5.88148E+21,8.80258E+15,5.30827E+16
140537,4,0,11,0,2018,7,10,5,3,6,4,0,0,1,1,0,0,0,0,4.86647E+20,5.88119E+21,8.80066E+15,5.308E+16
140538,4,0,11,0,2018,6,11,5,3,7,1,0,0,0,0,1,0,0,1,4.86899E+20,5.88127E+21,8.80442E+15,5.30808E+16
140539,4,0,11,0,2018,6,13,4,3,5,2,0,1,1,0,0,0,0,0,4.85657E+20,5.88372E+21,8.78577E+15,5.31028E+16
140540,4,0,11,0,2018,7,20,1,2,8,1,0,0,1,0,0,0,0,0,4.82537E+20,5.88733E+21,8.73897E+15,5.31351E+16
140541,4,0,11,0,2018,7,15,6,3,0,7,0,0,1,0,0,0,0,0,4.8995E+20,5.88053E+21,8.84999E+15,5.30742E+16
140542,4,0,11,0,2018,6,9,4,3,0,7,0,1,0,0,0,0,0,0,4.88774E+20,5.88187E+21,8.83239E+15,5.30862E+16
140543,4,0,11,0,2018,7,11,2,3,3,2,0,1,0,0,0,1,0,0,4.74566E+20,5.89281E+21,8.61938E+15,5.31841E+16
140544,4,0,11,0,2018,6,18,2,2,5,2,0,1,1,0,0,0,0,1,4.85377E+20,5.88353E+21,8.78159E+15,5.3101E+16
140545,4,0,11,0,2018,6,7,4,3,5,2,0,1,1,0,0,0,0,0,4.86612E+20,5.88008E+21,8.80018E+15,5.307E+16
140546,4,0,11,0,2018,6,8,6,2,5,2,0,1,0,0,0,1,0,0,4.87898E+20,5.87769E+21,8.81947E+15,5.30486E+16
140547,4,0,11,0,2018,6,16,4,3,5,2,0,1,1,0,0,0,0,0,4.89764E+20,5.88196E+21,8.84716E+15,5.3087E+16
140548,4,0,11,0,2018,7,9,4,3,1,7,0,0,1,0,0,0,0,1,4.97291E+20,5.87668E+21,8.9596E+15,5.30396E+16
140549,4,0,11,0,2018,7,14,1,3,0,7,0,1,0,0,0,0,0,0,4.90899E+20,5.87994E+21,8.86417E+15,5.30689E+16
140550,4,0,12,0,2018,6,1,2,3,6,7,2,0,1,1,0,0,0,0,4.72374E+20,5.93402E+21,8.58299E+15,5.35543E+16
140551,4,0,11,0,2018,6,12,4,3,6,4,0,0,1,1,0,0,0,0,4.90247E+20,5.87973E+21,8.85444E+15,5.3067E+16
140552,4,0,12,0,2018,7,22,4,3,3,6,1,1,0,0,0,0,0,0,4.7146E+20,5.9347E+21,8.56914E+15,5.35604E+16
140553,4,0,11,0,2018,6,14,4,3,6,4,0,0,1,1,0,0,0,0,4.91856E+20,5.88108E+21,8.87843E+15,5.30791E+16
140554,4,0,11,0,2018,6,7,4,3,4,6,0,0,1,0,1,0,0,0,4.83942E+20,5.87774E+21,8.76045E+15,5.30489E+16
140555,4,0,12,0,2018,6,14,7,3,2,6,0,0,1,0,0,0,0,0,4.73482E+20,5.92819E+21,8.6002E+15,5.3502E+16
140556,4,0,11,0,2018,6,13,4,3,5,2,0,1,1,0,0,0,0,0,4.75812E+20,5.89161E+21,8.63813E+15,5.31733E+16
140557,4,0,11,0,2018,6,2,5,3,8,1,2,0,1,0,0,0,0,0,4.8503E+20,5.88114E+21,8.77653E+15,5.30795E+16
140558,4,0,12,0,2018,6,12,3,3,5,2,0,1,1,0,0,0,0,0,4.72851E+20,5.93241E+21,8.59033E+15,5.35399E+16
140559,4,0,11,0,2018,7,13,3,3,6,7,0,1,0,1,0,0,0,0,4.87509E+20,5.88335E+21,8.81344E+15,5.30994E+16
140560,4,0,11,0,2018,7,12,7,3,6,4,0,0,1,1,0,0,0,0,4.84285E+20,5.88485E+21,8.76522E+15,5.31128E+16
140561,4,0,11,0,2018,6,12,1,3,3,6,0,0,1,0,0,0,1,0,4.87127E+20,5.88095E+21,8.80783E+15,5.30779E+16
140562,4,0,11,0,2018,6,13,5,3,0,2,0,1,0,1,0,0,0,0,4.87521E+20,5.87596E+21,8.81391E+15,5.3033E+16
140563,4,0,12,0,2018,6,20,3,3,5,2,0,0,1,0,1,0,0,0,4.73898E+20,5.93135E+21,8.60622E+15,5.35304E+16
140564,4,0,12,0,2018,7,10,3,3,5,2,0,1,1,0,0,0,0,0,4.73369E+20,5.93677E+21,8.59777E+15,5.35791E+16
140565,4,0,11,0,2018,7,7,1,3,4,6,0,1,0,0,0,0,0,0,4.84005E+20,5.87891E+21,8.76133E+15,5.30595E+16
140566,4,0,12,0,2018,6,13,2,3,1,7,0,1,1,0,0,0,0,0,4.71689E+20,5.93359E+21,8.57268E+15,5.35505E+16
140567,4,0,11,0,2018,6,10,3,3,5,3,0,1,1,0,0,0,0,0,4.936E+20,5.88101E+21,8.90446E+15,5.30785E+16
140568,4,0,12,0,2018,7,15,3,3,2,6,0,0,1,0,0,0,0,0,4.72564E+20,5.93472E+21,8.58579E+15,5.35607E+16
140569,4,0,11,0,2018,6,17,4,3,6,4,0,0,1,1,0,0,0,0,4.91997E+20,5.8817E+21,8.88052E+15,5.30847E+16
140570,4,0,11,0,2018,6,8,3,3,5,3,0,1,1,0,0,0,0,0,4.96089E+20,5.87899E+21,8.94164E+15,5.30604E+16
140571,4,0,11,0,2018,6,15,7,3,6,4,0,0,1,1,0,0,0,0,4.83946E+20,5.88454E+21,8.76017E+15,5.31101E+16
140572,4,0,11,0,2018,6,8,3,3,0,1,0,0,0,0,1,0,0,0,4.93036E+20,5.87765E+21,8.89611E+15,5.30483E+16
140573,4,0,11,0,2018,6,15,4,3,3,2,0,1,1,0,0,0,0,0,4.87053E+20,5.87901E+21,8.80681E+15,5.30605E+16
140574,4,0,11,0,2018,6,23,3,3,3,6,2,0,1,0,1,0,0,0,4.86648E+20,5.88104E+21,8.80068E+15,5.30787E+16
140575,4,0,11,0,2018,7,18,7,3,5,7,0,1,1,0,0,0,0,0,4.82221E+20,5.87851E+21,8.73473E+15,5.30558E+16
140576,4,0,11,0,2018,6,22,1,3,3,3,2,0,1,0,1,0,0,1,4.88406E+20,5.88155E+21,8.82691E+15,5.30833E+16
140577,4,0,11,0,2018,6,11,3,3,3,6,0,1,0,0,0,0,0,0,4.87168E+20,5.88208E+21,8.8084E+15,5.3088E+16
140578,4,0,11,0,2018,6,18,7,3,5,3,0,0,1,0,0,0,1,0,4.85923E+20,5.88308E+21,8.78977E+15,5.30969E+16
140579,4,0,12,0,2018,7,19,2,3,5,3,0,1,1,0,0,0,0,0,4.73119E+20,5.93314E+21,8.5943E+15,5.35465E+16
140580,4,0,12,0,2018,6,17,2,3,6,2,0,0,1,1,0,0,0,0,4.7322E+20,5.93683E+21,8.59552E+15,5.35796E+16
140581,4,0,11,0,2018,6,20,2,3,1,2,0,1,0,0,0,0,0,0,4.97257E+20,5.87751E+21,8.95908E+15,5.30471E+16
140582,4,0,11,0,2018,6,17,3,3,1,7,0,0,1,1,0,0,0,0,4.91422E+20,5.88246E+21,8.87191E+15,5.30915E+16
140583,4,0,11,0,2018,7,15,3,3,5,3,0,0,1,0,0,0,0,0,4.71908E+20,5.89579E+21,8.57935E+15,5.32107E+16
140584,4,0,11,0,2018,6,17,3,3,5,3,0,1,1,0,0,0,0,0,4.8858E+20,5.88028E+21,8.82955E+15,5.30719E+16
140585,4,0,11,0,2018,6,12,3,3,0,7,0,1,0,0,0,0,0,0,4.71426E+20,5.89412E+21,8.57229E+15,5.31957E+16
140586,4,0,11,0,2018,6,23,7,3,6,4,2,0,1,1,0,0,0,0,4.87171E+20,5.88132E+21,8.80848E+15,5.30812E+16
140587,4,0,11,0,2018,6,14,3,3,5,3,0,1,0,0,0,1,0,0,4.8602E+20,5.88247E+21,8.79125E+15,5.30915E+16
140588,4,0,11,0,2018,6,9,4,3,6,7,0,1,1,1,0,0,0,0,4.90261E+20,5.88129E+21,8.85461E+15,5.3081E+16
140589,4,0,11,0,2018,6,16,3,3,5,3,0,1,1,0,0,0,0,0,4.83572E+20,5.88557E+21,8.75454E+15,5.31193E+16
140590,4,0,11,0,2018,7,12,6,3,2,6,0,0,1,0,0,0,0,0,4.90385E+20,5.88217E+21,8.85643E+15,5.30889E+16
140591,4,0,11,0,2018,6,12,3,3,1,7,0,0,1,0,0,0,0,0,4.88696E+20,5.87565E+21,8.83144E+15,5.30303E+16
140592,4,0,11,0,2018,7,20,2,3,0,7,0,1,0,0,0,0,0,0,4.88644E+20,5.88181E+21,8.83046E+15,5.30857E+16
140593,4,0,11,0,2018,6,20,2,3,2,7,0,0,0,0,1,0,1,0,4.91341E+20,5.88295E+21,8.87068E+15,5.30959E+16
140594,4,0,11,0,2018,6,19,3,3,3,6,0,0,1,0,0,0,0,0,4.96639E+20,5.87872E+21,8.94985E+15,5.3058E+16
140595,4,0,12,0,2018,6,13,2,2,0,7,0,1,0,0,0,0,1,0,4.74703E+20,5.93133E+21,8.61837E+15,5.35303E+16
140596,4,0,11,0,2018,6,13,6,3,2,6,0,0,1,0,0,0,0,0,4.84571E+20,5.88457E+21,8.7695E+15,5.31104E+16
140597,4,0,11,0,2018,7,16,4,3,4,6,0,0,1,0,0,0,0,1,4.76557E+20,5.89148E+21,8.64928E+15,5.31722E+16
140598,4,0,11,0,2018,7,16,2,3,5,3,0,1,1,0,0,0,0,0,4.91447E+20,5.88089E+21,8.87232E+15,5.30774E+16
140599,4,0,11,0,2018,8,20,3,3,0,6,0,1,0,1,0,0,0,0,4.9199E+20,5.87893E+21,8.88048E+15,5.30598E+16
140600,4,0,11,0,2018,8,15,5,3,2,6,0,0,1,0,0,0,0,0,4.86356E+20,5.88188E+21,8.79629E+15,5.30862E+16
140601,4,0,11,0,2018,8,19,7,3,4,6,0,1,0,0,0,0,0,0,4.87082E+20,5.88053E+21,8.80718E+15,5.30741E+16
140602,4,0,11,0,2018,8,17,5,3,3,6,0,0,1,0,1,0,0,0,4.86634E+20,5.88018E+21,8.80051E+15,5.3071E+16
140603,4,0,11,0,2018,8,17,5,3,0,7,0,0,0,0,0,0,1,0,4.80219E+20,5.89023E+21,8.70415E+15,5.3161E+16
140604,4,0,11,0,2018,8,11,4,3,4,6,0,1,1,0,0,0,0,0,4.96819E+20,5.88265E+21,8.9525E+15,5.30933E+16
140605,4,0,11,0,2018,8,9,5,3,3,6,0,0,1,0,1,0,0,0,4.864E+20,5.88341E+21,8.79688E+15,5.31E+16
140606,4,0,11,0,2018,8,16,6,3,1,7,0,1,1,0,0,0,0,0,4.82733E+20,5.88653E+21,8.74194E+15,5.31279E+16
140607,4,0,11,0,2018,8,18,6,2,5,3,0,1,1,0,0,0,0,0,4.94943E+20,5.87718E+21,8.92457E+15,5.30441E+16
140608,4,0,11,0,2018,8,16,2,3,2,6,0,0,1,0,0,0,0,1,4.92758E+20,5.87762E+21,8.89197E+15,5.3048E+16
140609,4,0,11,0,2018,8,13,5,3,0,3,0,1,1,0,0,0,0,0,4.87063E+20,5.88141E+21,8.80687E+15,5.3082E+16
140610,4,0,11,0,2018,8,17,3,3,5,3,0,1,1,0,0,0,0,0,4.91361E+20,5.882E+21,8.87102E+15,5.30874E+16
140611,4,0,11,0,2018,8,11,7,2,6,7,0,0,1,1,0,0,0,1,4.93305E+20,5.88601E+21,8.89996E+15,5.31235E+16
140612,4,0,11,0,2018,8,14,5,2,5,3,0,1,1,0,0,0,0,0,4.85055E+20,5.88409E+21,8.77676E+15,5.31061E+16
140613,4,0,12,0,2018,8,19,5,3,3,6,0,1,1,0,0,0,0,0,4.71701E+20,5.9347E+21,8.57277E+15,5.35605E+16
140614,4,0,11,0,2018,8,8,5,3,0,1,0,1,0,0,0,0,0,0,4.84515E+20,5.88375E+21,8.76871E+15,5.3103E+16
140615,4,0,11,0,2018,8,15,5,3,6,4,0,0,1,1,0,0,0,0,4.84254E+20,5.88607E+21,8.7647E+15,5.31238E+16
140616,4,0,11,0,2018,8,14,3,3,5,2,0,0,1,0,0,0,1,0,4.72372E+20,5.89204E+21,8.58663E+15,5.3177E+16
140617,4,0,11,0,2018,8,7,4,3,5,3,0,1,1,0,0,0,0,0,4.9321E+20,5.88562E+21,8.89855E+15,5.31199E+16
140618,4,0,11,0,2018,8,11,5,3,6,7,0,1,0,1,0,0,0,0,4.83684E+20,5.88623E+21,8.75617E+15,5.31252E+16
140619,4,0,11,0,2018,8,16,5,3,5,2,0,1,1,0,0,0,0,0,4.87164E+20,5.88152E+21,8.80837E+15,5.3083E+16
140620,4,0,11,0,2018,8,17,5,3,5,3,0,1,0,0,0,0,0,0,4.88152E+20,5.88112E+21,8.82312E+15,5.30794E+16
140621,4,0,11,0,2018,8,12,5,3,5,3,0,0,1,0,1,0,0,0,4.83349E+20,5.88464E+21,8.75124E+15,5.31109E+16
140622,4,0,11,0,2018,8,13,3,3,5,2,0,0,1,0,0,0,0,1,4.87989E+20,5.87799E+21,8.82081E+15,5.30512E+16
140623,4,0,12,0,2018,8,21,4,3,1,5,2,0,1,0,0,0,0,0,4.73985E+20,5.93134E+21,8.60753E+15,5.35303E+16
140624,4,0,12,0,2018,8,9,4,3,2,6,0,0,1,0,0,0,0,0,4.7324E+20,5.93541E+21,8.59595E+15,5.35669E+16
140625,4,0,11,0,2018,8,22,6,3,2,6,2,0,1,0,0,0,0,0,4.83254E+20,5.8861E+21,8.74976E+15,5.3124E+16
140626,4,0,11,0,2018,8,16,2,3,4,6,0,0,1,0,0,1,0,0,4.81764E+20,5.88096E+21,8.72778E+15,5.30778E+16
140627,4,0,12,0,2018,8,16,5,3,8,1,0,0,0,0,1,0,0,1,4.73475E+20,5.93538E+21,8.5995E+15,5.35666E+16
140628,4,0,11,0,2018,8,18,2,3,5,3,0,1,1,0,0,0,0,0,4.8264E+20,5.88761E+21,8.7405E+15,5.31376E+16
140629,4,0,12,0,2018,8,13,4,3,5,3,0,0,1,0,0,0,0,0,4.73636E+20,5.92902E+21,8.60246E+15,5.35094E+16
140630,4,0,11,0,2018,8,7,3,3,0,7,0,1,0,0,0,0,0,0,4.86547E+20,5.88003E+21,8.79921E+15,5.30696E+16
140631,4,0,11,0,2018,8,11,6,3,5,2,0,1,1,0,0,0,0,0,4.77529E+20,5.89184E+21,8.66379E+15,5.31754E+16
140632,4,0,11,0,2018,8,9,4,3,5,3,0,0,1,0,0,0,0,0,4.90214E+20,5.87568E+21,8.85407E+15,5.30306E+16
140633,4,0,11,0,2018,8,8,5,3,5,3,0,1,1,0,0,0,0,0,4.85964E+20,5.88254E+21,8.7904E+15,5.30922E+16
140634,4,0,11,0,2018,8,14,4,2,6,4,0,1,0,1,0,0,0,0,4.71796E+20,5.89256E+21,8.57797E+15,5.31816E+16
140635,4,0,11,0,2018,8,17,4,2,5,2,0,1,0,0,0,0,0,0,4.8701E+20,5.88044E+21,8.80611E+15,5.30733E+16
140636,4,0,11,0,2018,8,13,2,3,1,5,0,1,1,0,0,0,0,0,4.85399E+20,5.88314E+21,8.78193E+15,5.30975E+16
140637,4,0,11,0,2018,8,16,4,3,1,7,0,1,1,0,0,0,0,0,4.85152E+20,5.88077E+21,8.77837E+15,5.30762E+16
140638,4,0,11,0,2018,8,9,4,3,3,2,0,1,0,0,0,0,1,0,4.86833E+20,5.88122E+21,8.80344E+15,5.30803E+16
140639,4,0,12,0,2018,8,7,4,3,2,6,0,0,1,0,0,0,0,0,4.73067E+20,5.93459E+21,8.5934E+15,5.35595E+16
140640,4,0,11,0,2018,8,20,5,3,2,6,1,0,1,0,0,0,0,1,4.92462E+20,5.88443E+21,8.88739E+15,5.31093E+16
140641,4,0,11,0,2018,8,16,4,2,3,2,0,1,0,0,0,0,1,0,4.96756E+20,5.87871E+21,8.9516E+15,5.30579E+16
140642,4,0,11,0,2018,8,17,2,3,4,3,0,1,0,0,0,0,0,0,4.85962E+20,5.8815E+21,8.79043E+15,5.30828E+16
140643,4,0,11,0,2018,8,5,4,3,5,3,1,1,1,0,0,0,0,0,4.85521E+20,5.8796E+21,8.78392E+15,5.30657E+16
140644,4,0,11,0,2018,8,7,4,3,0,7,0,1,0,0,0,0,1,0,4.87774E+20,5.87544E+21,8.8177E+15,5.30284E+16
140645,4,0,11,0,2018,8,7,2,3,5,3,0,1,1,0,0,0,0,0,4.85046E+20,5.88315E+21,8.77667E+15,5.30976E+16
140646,4,0,11,0,2018,8,7,4,2,5,2,0,1,1,0,0,0,0,0,4.91568E+20,5.87972E+21,8.87416E+15,5.30669E+16
140647,4,0,11,0,2018,8,8,5,3,5,3,0,1,1,0,0,0,0,0,4.92745E+20,5.88165E+21,8.89169E+15,5.30842E+16
140648,4,0,11,0,2018,8,12,4,3,2,6,0,0,1,0,0,0,1,0,4.85521E+20,5.87983E+21,8.78391E+15,5.30678E+16
140649,4,0,11,0,2018,8,11,4,3,5,3,0,0,1,0,0,0,1,0,4.70755E+20,5.89374E+21,8.56228E+15,5.31922E+16
140650,4,0,12,0,2018,8,14,1,3,2,6,0,0,1,0,0,0,0,0,4.73576E+20,5.92731E+21,8.6017E+15,5.34941E+16
140651,4,0,11,0,2018,8,7,3,3,6,3,0,0,1,1,0,0,0,0,4.81852E+20,5.87748E+21,8.7293E+15,5.30465E+16
140652,4,0,11,0,2018,8,12,4,3,5,3,0,1,1,0,0,0,0,0,4.87872E+20,5.88095E+21,8.81896E+15,5.30779E+16
140653,4,0,11,0,2018,8,16,4,3,0,1,0,1,0,0,0,0,0,0,4.87166E+20,5.88065E+21,8.80843E+15,5.30752E+16
140654,4,0,11,0,2018,8,11,4,3,2,6,0,0,1,0,0,0,0,0,4.90982E+20,5.88025E+21,8.86539E+15,5.30717E+16
140655,4,0,11,0,2018,8,8,4,3,5,2,0,1,1,0,0,0,0,0,4.92656E+20,5.88506E+21,8.89028E+15,5.31149E+16
140656,4,0,11,0,2018,8,17,1,3,5,2,0,1,1,0,0,0,0,0,4.87435E+20,5.88186E+21,8.8124E+15,5.3086E+16
140657,4,0,11,0,2018,8,17,4,3,5,2,0,1,1,0,0,0,0,0,4.86382E+20,5.88147E+21,8.79669E+15,5.30825E+16
140658,4,0,11,0,2018,8,17,4,3,0,2,0,0,0,0,1,0,0,0,4.92731E+20,5.87905E+21,8.89154E+15,5.30609E+16
140659,4,0,11,0,2018,8,17,4,3,1,7,0,1,0,0,0,0,0,0,4.88723E+20,5.88131E+21,8.83164E+15,5.30811E+16
140660,4,0,11,0,2018,8,8,6,3,2,6,0,0,1,0,0,0,0,0,4.73833E+20,5.89191E+21,8.6085E+15,5.31759E+16
140661,4,0,12,0,2018,8,16,4,3,2,6,0,0,1,0,0,0,0,0,4.73047E+20,5.93427E+21,8.59312E+15,5.35566E+16
140662,4,0,11,0,2018,8,18,4,3,5,2,0,1,1,0,0,0,0,0,4.83403E+20,5.89053E+21,8.75175E+15,5.31639E+16
140663,4,0,11,0,2018,7,7,3,3,5,3,0,1,1,0,0,0,0,0,4.74562E+20,5.89269E+21,8.61935E+15,5.3183E+16
140664,4,0,11,0,2018,8,6,7,3,5,3,0,1,1,0,0,0,0,1,4.88287E+20,5.88166E+21,8.82512E+15,5.30843E+16
140665,4,0,11,0,2018,8,16,3,3,3,2,0,1,1,0,0,0,0,0,4.8627E+20,5.8817E+21,8.79501E+15,5.30846E+16
140666,4,0,11,0,2018,7,13,3,2,0,7,0,0,0,0,0,1,0,0,4.96418E+20,5.87784E+21,8.94656E+15,5.305E+16
140667,4,0,11,0,2018,8,9,4,3,0,7,0,0,0,0,1,0,0,0,4.88215E+20,5.8811E+21,8.82406E+15,5.30792E+16
140668,4,0,11,0,2018,8,14,1,2,3,6,0,1,1,0,0,0,0,0,4.8672E+20,5.88281E+21,8.80168E+15,5.30946E+16
140669,4,0,11,0,2018,8,9,3,3,0,7,0,1,1,0,0,0,0,0,4.84942E+20,5.88013E+21,8.77525E+15,5.30705E+16
140670,4,0,11,0,2018,8,14,2,3,2,6,0,0,1,0,0,0,0,0,4.88837E+20,5.88138E+21,8.83335E+15,5.30817E+16
140671,4,0,11,0,2018,7,13,3,3,2,6,0,1,0,0,0,0,0,0,4.80327E+20,5.89168E+21,8.70568E+15,5.31741E+16
140672,4,0,11,0,2018,8,1,7,3,1,7,2,1,1,0,0,0,0,0,4.8241E+20,5.88663E+21,8.73711E+15,5.31288E+16
140673,4,0,11,0,2018,7,20,3,3,5,3,0,1,1,0,0,0,0,0,4.95159E+20,5.88034E+21,8.92774E+15,5.30725E+16
140674,4,0,11,0,2018,7,10,3,3,6,4,0,0,1,1,0,0,0,0,4.9173E+20,5.88355E+21,8.87647E+15,5.31013E+16
140675,4,0,11,0,2018,8,12,4,3,5,3,0,1,1,0,0,0,0,0,4.80252E+20,5.88952E+21,8.70468E+15,5.31547E+16
140676,4,0,11,0,2018,7,18,3,3,5,3,0,1,1,0,0,0,0,0,4.86914E+20,5.88183E+21,8.80462E+15,5.30858E+16
140677,4,0,11,0,2018,8,13,6,3,5,3,0,1,0,1,0,0,0,0,4.87091E+20,5.88051E+21,8.80732E+15,5.3074E+16
140678,4,0,11,0,2018,8,12,2,2,5,3,0,1,1,0,0,0,0,0,4.90378E+20,5.88143E+21,8.85635E+15,5.30823E+16
140679,4,0,11,0,2018,8,22,6,3,6,4,2,0,0,1,0,0,1,0,4.91114E+20,5.87933E+21,8.86739E+15,5.30634E+16
140680,4,0,12,0,2018,8,18,1,3,1,6,0,0,1,0,0,0,0,0,4.75078E+20,5.93821E+21,8.62347E+15,5.35921E+16
140681,4,0,11,0,2018,7,18,3,3,4,6,0,0,1,0,0,0,0,0,4.88073E+20,5.88182E+21,8.82192E+15,5.30857E+16
140682,4,0,11,0,2018,8,15,3,3,2,6,0,0,1,0,0,0,0,0,4.89857E+20,5.87803E+21,8.84869E+15,5.30517E+16
140683,4,0,12,0,2018,8,14,6,3,0,7,0,1,1,0,0,0,0,0,4.71647E+20,5.93354E+21,8.57206E+15,5.355E+16
140684,4,0,11,0,2018,7,15,2,2,1,5,0,1,1,0,0,0,0,0,4.92597E+20,5.88563E+21,8.88938E+15,5.312E+16
140685,4,0,11,0,2018,8,14,5,3,5,3,0,1,1,0,0,0,0,0,4.84567E+20,5.88461E+21,8.76945E+15,5.31107E+16
140686,4,0,11,0,2018,8,9,2,3,2,6,0,0,1,0,0,0,0,1,4.97547E+20,5.87865E+21,8.9634E+15,5.30574E+16
140687,4,0,11,0,2018,7,14,2,3,1,7,0,1,1,0,0,0,0,0,4.87779E+20,5.88295E+21,8.81749E+15,5.30959E+16
140688,4,0,11,0,2018,8,13,3,3,6,4,0,1,0,1,0,0,0,0,4.93351E+20,5.87693E+21,8.90082E+15,5.30418E+16
140689,4,0,11,0,2018,8,11,3,3,3,2,0,0,1,0,0,0,1,0,4.90336E+20,5.8838E+21,8.85565E+15,5.31035E+16
140690,4,0,11,0,2018,8,13,7,3,5,3,0,1,1,0,0,0,0,1,4.88749E+20,5.88091E+21,8.83205E+15,5.30776E+16
140691,4,0,11,0,2018,7,11,2,3,4,2,0,1,1,0,0,0,0,0,4.88625E+20,5.88181E+21,8.83017E+15,5.30856E+16
140692,4,0,11,0,2018,8,21,6,3,1,5,2,1,1,0,0,0,0,0,4.89494E+20,5.87995E+21,8.8432E+15,5.30689E+16
140693,4,0,11,0,2018,7,6,2,3,5,2,0,1,1,0,0,0,0,0,4.85678E+20,5.87867E+21,8.78631E+15,5.30573E+16
140694,4,0,11,0,2018,7,15,2,3,1,7,0,1,1,0,0,0,0,0,4.89553E+20,5.88029E+21,8.84407E+15,5.3072E+16
140695,4,0,11,0,2018,8,11,3,3,3,3,0,0,1,0,0,0,0,0,4.87239E+20,5.8803E+21,8.80953E+15,5.3072E+16
140696,4,0,12,0,2018,8,6,4,3,2,6,0,0,1,0,0,0,0,0,4.7299E+20,5.92748E+21,8.59286E+15,5.34956E+16
140697,4,0,11,0,2018,7,12,2,2,3,6,0,0,1,0,1,0,0,0,4.91015E+20,5.88011E+21,8.8659E+15,5.30704E+16
140698,4,0,11,0,2018,8,13,6,3,0,7,0,1,0,0,0,0,0,0,4.87201E+20,5.88031E+21,8.80897E+15,5.30722E+16
140699,4,0,11,0,2018,8,17,2,3,5,3,0,0,1,0,1,0,0,0,4.88028E+20,5.87761E+21,8.82141E+15,5.30478E+16
140700,4,0,11,0,2018,8,19,5,3,1,5,0,0,1,0,1,0,0,1,4.85498E+20,5.88385E+21,8.78338E+15,5.31039E+16
140701,4,0,11,0,2018,7,17,2,3,5,3,0,1,1,0,0,0,0,0,4.88275E+20,5.88165E+21,8.82495E+15,5.30842E+16
140702,4,0,11,0,2018,8,18,3,3,5,3,0,1,0,0,0,0,1,0,4.90355E+20,5.88379E+21,8.85594E+15,5.31035E+16
140703,4,0,11,0,2018,8,4,6,3,5,3,2,0,1,0,0,0,0,0,4.8541E+20,5.8807E+21,8.78222E+15,5.30756E+16
140704,4,0,11,0,2018,7,17,2,3,5,3,0,1,1,0,0,0,0,0,4.96693E+20,5.87896E+21,8.95065E+15,5.30601E+16
140705,4,0,11,0,2018,8,14,5,3,5,3,0,1,1,0,0,0,0,0,4.85126E+20,5.8792E+21,8.77804E+15,5.30621E+16
140706,4,0,12,0,2018,7,12,1,3,5,3,0,0,1,0,0,0,0,0,4.71473E+20,5.9343E+21,8.56936E+15,5.35568E+16
140707,4,0,11,0,2018,7,20,1,3,6,4,0,0,0,1,0,0,1,0,4.87363E+20,5.88135E+21,8.81135E+15,5.30815E+16
140708,4,0,11,0,2018,8,12,2,3,0,7,0,0,0,0,0,0,1,0,4.88459E+20,5.88035E+21,8.82774E+15,5.30725E+16
140709,4,0,11,0,2018,8,17,4,3,5,3,0,1,1,0,0,0,0,0,4.86685E+20,5.88024E+21,8.80127E+15,5.30715E+16
140710,4,0,11,0,2018,7,17,1,3,5,3,0,1,1,0,0,0,0,0,4.83976E+20,5.88597E+21,8.76055E+15,5.31229E+16
140711,4,0,12,0,2018,7,14,7,2,5,3,0,1,1,0,0,0,0,0,4.7344E+20,5.93578E+21,8.59893E+15,5.35702E+16
140712,4,0,11,0,2018,7,18,7,3,8,1,0,0,1,0,0,0,0,1,4.67309E+20,5.89636E+21,8.51043E+15,5.32155E+16
140713,4,0,11,0,2018,8,16,3,3,6,4,2,1,0,1,0,0,0,0,4.87221E+20,5.88096E+21,8.80924E+15,5.30779E+16
140714,4,0,11,0,2018,8,1,4,3,1,7,2,1,1,0,0,0,0,0,4.92408E+20,5.88346E+21,8.8866E+15,5.31005E+16
140715,4,0,11,0,2018,7,18,7,3,2,6,0,0,1,0,0,0,0,1,4.71063E+20,5.89395E+21,8.56687E+15,5.31941E+16
140716,4,0,11,0,2018,8,13,5,3,1,1,0,1,1,0,0,0,0,0,4.86951E+20,5.88292E+21,8.80514E+15,5.30955E+16
140717,4,0,11,0,2018,8,16,5,3,5,3,0,0,1,0,0,0,0,0,4.88244E+20,5.88168E+21,8.82448E+15,5.30845E+16
140718,4,0,11,0,2018,7,2,7,2,7,7,2,1,0,1,0,0,0,0,4.8842E+20,5.88114E+21,8.82713E+15,5.30796E+16
140719,4,0,11,0,2018,8,11,2,3,5,3,0,0,1,0,0,0,0,0,4.88077E+20,5.87685E+21,8.82217E+15,5.30411E+16
140720,4,0,12,0,2018,7,11,6,2,2,6,0,0,1,0,1,0,0,0,4.73322E+20,5.92875E+21,8.59775E+15,5.35071E+16
140721,4,0,11,0,2018,8,19,5,3,6,4,0,0,1,1,0,0,0,0,4.92965E+20,5.87845E+21,8.89503E+15,5.30555E+16
140722,4,0,12,0,2018,7,9,6,3,5,3,0,1,1,0,0,0,0,0,4.72142E+20,5.93223E+21,8.57964E+15,5.35382E+16
140723,4,0,12,0,2018,7,22,6,3,1,6,2,0,1,0,0,0,1,0,4.71275E+20,5.93492E+21,8.56632E+15,5.35624E+16
140724,4,0,11,0,2018,8,11,1,3,0,7,0,1,0,0,0,0,1,0,4.92399E+20,5.88344E+21,8.88647E+15,5.31004E+16