OBJECTID_1,ULAND,UREGBEZ,UKREIS,UGEMEINDE,UJAHR,UMONAT,USTUNDE,UWOCHENTAG,UKATEGORIE,UART,UTYP1,ULICHTVERH,IstRad,IstPKW,IstFuss,IstKrad,IstGkfz,IstSonstig,STRZUSTAND,LINREFX,LINREFY,XGCSWGS84,YGCSWGS84
140725,4,0,11,0,2018,8,15,7,3,0,7,0,1,0,0,0,0,0,0,4.77782E+20,5.8918E+21,8.66759E+15,5.31751E+16
140726,4,0,12,0,2018,8,7,2,3,3,6,0,0,1,0,0,1,0,0,4.73775E+20,5.93756E+21,8.60384E+15,5.35862E+16
140727,4,0,11,0,2018,8,9,3,3,5,2,0,1,1,0,0,0,0,0,4.79E+20,5.89166E+21,8.68581E+15,5.31738E+16
140728,4,0,11,0,2018,7,15,6,3,5,3,0,1,1,0,0,0,0,0,4.90938E+20,5.88286E+21,8.86467E+15,5.30951E+16
140729,4,0,11,0,2018,8,19,4,3,5,2,0,1,1,0,0,0,0,0,4.88287E+20,5.88167E+21,8.82513E+15,5.30843E+16
140730,4,0,11,0,2018,8,13,2,2,1,7,0,1,1,0,0,0,0,1,4.86323E+20,5.87954E+21,8.79589E+15,5.30651E+16
140731,4,0,12,0,2018,8,11,3,3,3,6,0,1,1,0,0,0,0,0,4.73161E+20,5.93134E+21,8.59509E+15,5.35303E+16
140732,4,0,11,0,2018,7,14,6,3,0,2,0,0,1,0,0,0,1,0,4.87178E+20,5.88151E+21,8.80857E+15,5.30829E+16
140733,4,0,12,0,2018,8,21,7,3,5,3,1,0,1,0,0,0,0,0,4.72947E+20,5.93702E+21,8.59137E+15,5.35814E+16
140734,4,0,11,0,2018,8,13,4,3,3,2,0,0,1,0,1,0,0,0,4.84761E+20,5.88095E+21,8.77252E+15,5.30778E+16
140735,4,0,11,0,2018,8,20,5,3,2,6,0,0,1,0,0,0,0,1,4.96842E+20,5.8787E+21,8.95289E+15,5.30578E+16
140736,4,0,11,0,2018,7,22,6,3,0,7,2,0,1,0,0,0,0,0,4.9682E+20,5.87991E+21,8.95254E+15,5.30687E+16
140737,4,0,11,0,2018,8,9,2,2,0,1,0,0,0,0,1,0,0,1,4.71862E+20,5.89278E+21,8.57892E+15,5.31837E+16
140738,4,0,11,0,2018,7,12,6,3,0,1,0,1,0,0,0,0,0,0,4.9008E+20,5.8804E+21,8.85194E+15,5.3073E+16
140739,4,0,12,0,2018,8,11,4,3,2,6,0,0,0,0,0,0,1,0,4.73115E+20,5.93236E+21,8.59432E+15,5.35395E+16
140740,4,0,11,0,2018,7,11,6,3,5,2,0,1,1,0,0,0,0,0,4.71433E+20,5.89282E+21,8.57251E+15,5.3184E+16
140741,4,0,12,0,2018,7,6,5,3,5,3,0,1,1,0,0,0,0,0,4.7381E+20,5.93775E+21,8.60434E+15,5.3588E+16
140742,4,0,11,0,2018,8,8,7,3,0,1,0,0,1,0,0,0,0,0,4.83841E+20,5.88518E+21,8.75857E+15,5.31158E+16
140743,4,0,11,0,2018,8,12,7,3,0,7,0,0,0,0,0,0,1,0,4.74483E+20,5.89175E+21,8.61823E+15,5.31745E+16
140744,4,0,12,0,2018,8,7,2,3,0,7,0,1,0,0,0,1,0,1,4.72573E+20,5.93461E+21,8.58593E+15,5.35596E+16
140745,4,0,12,0,2018,7,9,5,3,0,7,0,0,1,0,0,0,1,0,4.73017E+20,5.93543E+21,8.59258E+15,5.35671E+16
140746,4,0,11,0,2018,8,13,4,3,2,6,0,0,1,0,0,0,0,0,4.85834E+20,5.88087E+21,8.78854E+15,5.30771E+16
140747,4,0,11,0,2018,8,17,1,3,3,6,0,0,1,0,1,0,0,0,4.87227E+20,5.88157E+21,8.80931E+15,5.30835E+16
140748,4,0,11,0,2018,8,14,3,3,1,6,0,0,1,0,0,0,0,0,4.8634E+20,5.88162E+21,8.79606E+15,5.30839E+16
140749,4,0,11,0,2018,8,0,1,3,5,3,1,0,1,0,0,0,1,0,4.88552E+20,5.8803E+21,8.82913E+15,5.30721E+16
140750,4,0,11,0,2018,7,13,5,3,4,2,0,0,1,0,0,0,0,0,4.70757E+20,5.89374E+21,8.56231E+15,5.31922E+16
140751,4,0,11,0,2018,8,18,7,3,6,4,0,0,1,1,0,0,0,0,4.91836E+20,5.88016E+21,8.87815E+15,5.30709E+16
140752,4,0,11,0,2018,7,14,5,3,5,3,0,1,1,0,0,0,0,0,4.82621E+20,5.87816E+21,8.74072E+15,5.30527E+16
140753,4,0,11,0,2018,7,18,5,2,5,3,0,1,1,0,0,0,0,0,4.9096E+20,5.87971E+21,8.86509E+15,5.30668E+16
140754,4,0,11,0,2018,8,11,3,3,0,7,0,1,0,0,0,0,0,0,4.89193E+20,5.88149E+21,8.83865E+15,5.30828E+16
140755,4,0,11,0,2018,8,13,7,3,6,4,0,1,0,1,0,0,0,0,4.87631E+20,5.88171E+21,8.81533E+15,5.30847E+16
140756,4,0,11,0,2018,8,11,5,3,2,6,0,0,1,0,0,0,0,1,4.88059E+20,5.88143E+21,8.82173E+15,5.30822E+16
140757,4,0,11,0,2018,7,15,5,3,6,4,0,0,0,1,0,0,1,0,4.96918E+20,5.87967E+21,8.954E+15,5.30665E+16
140758,4,0,11,0,2018,8,15,6,3,2,6,0,0,1,0,0,0,0,0,4.95793E+20,5.88062E+21,8.9372E+15,5.30751E+16
140759,4,0,11,0,2018,7,13,5,3,0,7,0,0,1,0,0,0,0,0,4.77842E+20,5.89064E+21,8.66857E+15,5.31647E+16
140760,4,0,11,0,2018,7,8,5,3,0,7,0,0,1,0,0,0,1,0,4.92358E+20,5.87954E+21,8.88595E+15,5.30653E+16
140761,4,0,11,0,2018,8,14,4,3,4,6,0,1,0,0,0,0,0,0,4.78687E+20,5.89047E+21,8.68122E+15,5.31631E+16
140762,4,0,11,0,2018,7,9,5,3,6,4,0,0,1,1,0,0,0,0,4.84704E+20,5.8792E+21,8.77174E+15,5.30621E+16
140763,4,0,11,0,2018,8,7,6,2,0,1,0,0,0,0,1,0,0,0,4.97493E+20,5.87733E+21,8.96261E+15,5.30455E+16
140764,4,0,11,0,2018,8,16,7,3,2,7,0,1,1,0,0,0,0,0,4.8544E+20,5.88357E+21,8.78253E+15,5.31014E+16
140765,4,0,11,0,2018,8,20,2,3,2,7,0,1,0,0,0,0,0,1,4.887E+20,5.88021E+21,8.83134E+15,5.30713E+16
140766,4,0,11,0,2018,7,18,5,2,9,7,0,1,0,0,0,0,0,0,4.93973E+20,5.88178E+21,8.91002E+15,5.30855E+16
140767,4,0,11,0,2018,8,10,3,3,2,6,0,0,1,0,0,0,0,0,4.85047E+20,5.88311E+21,8.77669E+15,5.30972E+16
140768,4,0,11,0,2018,8,18,7,2,9,6,0,0,0,0,1,0,0,1,4.87521E+20,5.88098E+21,8.81372E+15,5.30781E+16
140769,4,0,11,0,2018,7,15,5,3,5,3,0,1,1,0,0,0,0,0,4.86733E+20,5.88023E+21,8.80199E+15,5.30714E+16
140770,4,0,12,0,2018,8,11,5,3,2,6,0,0,1,0,0,0,0,0,4.74711E+20,5.93114E+21,8.6185E+15,5.35286E+16
140771,4,0,12,0,2018,7,11,4,3,1,6,0,0,1,0,0,0,0,0,4.73892E+20,5.93136E+21,8.60613E+15,5.35305E+16
140772,4,0,11,0,2018,7,16,4,3,2,6,0,0,1,0,0,0,0,0,4.90964E+20,5.88014E+21,8.86513E+15,5.30707E+16
140773,4,0,11,0,2018,8,12,3,3,0,7,0,1,0,0,0,0,1,0,4.86607E+20,5.87922E+21,8.80015E+15,5.30623E+16
140774,4,0,11,0,2018,8,15,7,3,2,6,0,0,1,0,0,0,0,0,4.89476E+20,5.8822E+21,8.84286E+15,5.30891E+16
140775,4,0,11,0,2018,8,16,4,3,1,5,0,1,1,0,0,0,0,0,4.85232E+20,5.88273E+21,8.77946E+15,5.30939E+16
140776,4,0,11,0,2018,7,19,4,2,5,3,0,1,1,0,0,0,0,0,4.85711E+20,5.88224E+21,8.78663E+15,5.30894E+16
140777,4,0,11,0,2018,8,20,5,3,5,2,0,0,1,0,1,0,0,0,4.85866E+20,5.87997E+21,8.78906E+15,5.3069E+16
140778,4,0,11,0,2018,8,7,5,3,3,7,0,1,1,0,0,0,0,0,4.84454E+20,5.88044E+21,8.76795E+15,5.30732E+16
140779,4,0,11,0,2018,8,13,7,3,5,3,0,1,0,0,0,0,0,0,4.96238E+20,5.87965E+21,8.94385E+15,5.30663E+16
140780,4,0,11,0,2018,7,14,3,3,3,6,0,1,1,0,0,0,0,0,4.88197E+20,5.8802E+21,8.82384E+15,5.30711E+16
140781,4,0,12,0,2018,8,17,2,2,0,7,0,1,1,0,0,0,0,0,4.73282E+20,5.93089E+21,8.59696E+15,5.35262E+16
140782,4,0,12,0,2018,8,16,5,3,2,6,0,0,1,0,1,0,0,1,4.73287E+20,5.93056E+21,8.59707E+15,5.35233E+16
140783,4,0,11,0,2018,7,11,3,2,5,3,0,0,1,0,0,0,0,0,4.7604E+20,5.89195E+21,8.64151E+15,5.31763E+16
140784,4,0,11,0,2018,8,19,3,3,5,2,0,1,1,0,0,0,0,0,4.85227E+20,5.88344E+21,8.77935E+15,5.31002E+16
140785,4,0,11,0,2018,8,8,6,3,0,7,0,1,0,0,0,0,0,0,4.92629E+20,5.88109E+21,8.88997E+15,5.30792E+16
140786,4,0,11,0,2018,7,10,3,3,5,3,0,1,1,0,0,0,0,0,4.85662E+20,5.87987E+21,8.78601E+15,5.30682E+16
140787,4,0,11,0,2018,8,14,5,3,6,4,0,1,0,1,0,0,0,0,4.86976E+20,5.88132E+21,8.80557E+15,5.30812E+16
140788,4,0,11,0,2018,7,17,3,2,5,3,0,1,1,0,0,0,0,0,4.7451E+20,5.89181E+21,8.61864E+15,5.3175E+16
140789,4,0,11,0,2018,7,0,3,3,8,1,2,0,0,0,1,0,0,0,4.79598E+20,5.89067E+21,8.69483E+15,5.3165E+16
140790,4,0,11,0,2018,8,12,3,3,0,1,0,0,0,0,1,0,0,1,4.80686E+20,5.88876E+21,8.71122E+15,5.31479E+16
140791,4,0,11,0,2018,8,23,7,3,4,2,2,1,1,0,0,0,0,0,4.88121E+20,5.88065E+21,8.82269E+15,5.30752E+16
140792,4,0,11,0,2018,8,14,4,3,5,7,0,0,1,0,1,0,0,0,4.90489E+20,5.88001E+21,8.85805E+15,5.30695E+16
140793,4,0,11,0,2018,7,18,3,3,6,4,0,0,1,1,0,0,0,0,4.88539E+20,5.88031E+21,8.82894E+15,5.30721E+16
140794,4,0,12,0,2018,8,13,4,3,5,2,0,1,1,0,0,0,0,0,4.73349E+20,5.93593E+21,8.59754E+15,5.35715E+16
140795,4,0,11,0,2018,8,22,5,3,0,1,2,1,0,0,0,0,0,0,4.88082E+20,5.8753E+21,8.82229E+15,5.30271E+16
140796,4,0,11,0,2018,7,19,3,3,4,6,0,1,0,0,0,0,0,0,4.93789E+20,5.88141E+21,8.90728E+15,5.30821E+16
140797,4,0,11,0,2018,8,12,2,3,8,7,0,0,0,1,0,1,0,0,4.87363E+20,5.88073E+21,8.81137E+15,5.30759E+16
140798,4,0,12,0,2018,7,19,2,3,5,3,0,1,1,0,0,0,0,0,4.72968E+20,5.93484E+21,8.59188E+15,5.35618E+16
140799,4,0,12,0,2018,8,19,4,3,5,3,0,0,1,0,0,0,0,0,4.73381E+20,5.93573E+21,8.59804E+15,5.35697E+16
140800,4,0,11,0,2018,7,16,2,3,5,2,0,1,1,0,0,0,0,0,4.85764E+20,5.8823E+21,8.78742E+15,5.309E+16
140801,4,0,11,0,2018,7,10,2,3,2,6,0,0,1,0,0,0,0,0,4.82602E+20,5.88752E+21,8.73993E+15,5.31368E+16
140802,4,0,11,0,2018,7,15,2,3,5,3,0,1,0,0,0,0,0,0,4.96523E+20,5.87847E+21,8.94812E+15,5.30558E+16
140803,4,0,11,0,2018,8,19,5,2,6,4,0,0,1,1,0,0,0,0,4.73611E+20,5.89288E+21,8.6051E+15,5.31846E+16
140804,4,0,11,0,2018,7,12,2,3,2,7,0,0,1,0,0,0,0,0,4.84571E+20,5.88457E+21,8.7695E+15,5.31104E+16
140805,4,0,12,0,2018,7,11,1,3,0,7,0,0,1,0,0,0,0,0,4.74188E+20,5.93071E+21,8.61065E+15,5.35247E+16
140806,4,0,11,0,2018,8,8,2,3,1,7,0,1,1,0,0,0,0,0,4.90362E+20,5.88215E+21,8.85608E+15,5.30887E+16
140807,4,0,12,0,2018,8,13,6,3,2,6,0,0,1,0,0,0,0,0,4.7299E+20,5.93633E+21,8.59208E+15,5.35751E+16
140808,4,0,12,0,2018,8,10,3,3,5,2,0,0,1,0,0,0,1,0,4.73265E+20,5.93099E+21,8.5967E+15,5.35271E+16
140809,4,0,11,0,2018,7,17,1,3,5,3,0,0,1,0,0,0,0,0,4.86483E+20,5.87957E+21,8.79828E+15,5.30655E+16
140810,4,0,11,0,2018,8,14,4,3,6,4,0,0,1,1,0,0,0,0,4.75622E+20,5.89091E+21,8.63533E+15,5.3167E+16
140811,4,0,11,0,2018,8,7,4,3,5,3,0,1,1,0,0,0,0,0,4.81029E+20,5.89213E+21,8.71614E+15,5.31782E+16
140812,4,0,11,0,2018,7,14,1,3,2,6,0,0,1,0,0,0,0,0,4.93321E+20,5.88607E+21,8.90019E+15,5.3124E+16
140813,4,0,12,0,2018,8,11,1,3,5,3,0,0,1,0,0,0,0,0,4.72862E+20,5.9324E+21,8.5905E+15,5.35398E+16
140814,4,0,11,0,2018,7,20,1,3,4,6,1,1,1,0,0,0,0,0,4.67084E+20,5.89655E+21,8.50704E+15,5.32172E+16
140815,4,0,11,0,2018,8,6,4,3,5,2,0,1,1,0,0,0,0,0,4.70344E+20,5.89295E+21,8.5562E+15,5.31851E+16
140816,4,0,12,0,2018,7,12,7,3,5,2,0,1,1,0,0,0,0,0,4.73041E+20,5.93556E+21,8.59292E+15,5.35682E+16
140817,4,0,12,0,2018,8,8,6,3,8,1,0,1,1,0,0,0,0,1,4.72569E+20,5.93456E+21,8.58588E+15,5.35592E+16
140818,4,0,11,0,2018,8,18,6,3,8,1,0,0,1,0,0,0,0,0,4.92594E+20,5.88229E+21,8.88942E+15,5.309E+16
140819,4,0,11,0,2018,8,17,2,3,2,6,0,0,1,0,0,0,0,1,4.85704E+20,5.88058E+21,8.78661E+15,5.30745E+16
140820,4,0,11,0,2018,7,15,7,3,1,5,0,1,1,0,0,0,0,0,4.86803E+20,5.87975E+21,8.80305E+15,5.30671E+16
140821,4,0,12,0,2018,8,16,3,3,5,2,0,1,1,0,0,0,0,0,4.73389E+20,5.93578E+21,8.59816E+15,5.35702E+16
140822,4,0,12,0,2018,8,16,7,3,2,6,0,0,1,0,0,0,0,1,4.74712E+20,5.93114E+21,8.61851E+15,5.35286E+16
140823,4,0,12,0,2018,8,10,7,3,2,6,0,0,1,0,0,0,0,1,4.73295E+20,5.93553E+21,8.59676E+15,5.3568E+16
140824,4,0,11,0,2018,8,7,6,3,0,6,0,0,1,0,0,0,1,0,4.95358E+20,5.87891E+21,8.93073E+15,5.30596E+16
140825,4,0,11,0,2018,8,5,3,3,5,3,1,1,1,0,0,0,0,1,4.9119E+20,5.87973E+21,8.86852E+15,5.30669E+16
140826,4,0,11,0,2018,7,16,6,3,6,4,0,0,1,1,0,0,0,0,4.85594E+20,5.88371E+21,8.78482E+15,5.31027E+16
140827,4,0,11,0,2018,8,13,4,3,5,3,0,1,1,0,0,0,0,0,4.84805E+20,5.88439E+21,8.77302E+15,5.31088E+16
140828,4,0,11,0,2018,8,15,2,3,1,6,0,0,1,0,0,0,1,1,4.91734E+20,5.87961E+21,8.87665E+15,5.30659E+16
140829,4,0,11,0,2018,8,18,3,3,3,2,0,1,1,0,0,0,0,0,4.88289E+20,5.88169E+21,8.82515E+15,5.30845E+16
140830,4,0,11,0,2018,7,11,6,3,0,7,0,1,0,0,0,0,0,0,4.87462E+20,5.88045E+21,8.81285E+15,5.30734E+16
140831,4,0,11,0,2018,8,18,7,3,5,2,0,1,1,0,0,0,0,0,4.88669E+20,5.87683E+21,8.83099E+15,5.30409E+16
140832,4,0,11,0,2018,7,13,6,3,2,6,0,0,1,0,1,0,0,0,4.89993E+20,5.87534E+21,8.85079E+15,5.30275E+16
140833,4,0,11,0,2018,7,10,6,3,0,7,0,1,0,0,0,0,0,0,4.85455E+20,5.88358E+21,8.78276E+15,5.31014E+16
140834,4,0,11,0,2018,8,17,4,3,6,4,0,1,0,1,0,0,0,0,4.87488E+20,5.88101E+21,8.81322E+15,5.30784E+16
140835,4,0,11,0,2018,8,11,6,2,5,3,0,1,1,0,0,0,0,0,4.80148E+20,5.89137E+21,8.70301E+15,5.31713E+16
140836,4,0,11,0,2018,7,12,6,3,2,6,0,0,1,0,0,0,0,0,4.89815E+20,5.87795E+21,8.84805E+15,5.3051E+16
140837,4,0,11,0,2018,8,13,6,2,6,4,0,0,1,1,0,0,0,0,4.83756E+20,5.88537E+21,8.7573E+15,5.31175E+16
140838,4,0,11,0,2018,8,15,6,3,6,6,0,0,1,1,0,0,0,0,4.89137E+20,5.8808E+21,8.83785E+15,5.30766E+16
140839,4,0,11,0,2018,8,7,6,2,5,2,0,1,1,0,0,0,0,0,4.95827E+20,5.87991E+21,8.93772E+15,5.30687E+16
140840,4,0,11,0,2018,7,21,6,3,6,4,2,0,0,1,0,0,1,0,4.91188E+20,5.8814E+21,8.86845E+15,5.3082E+16
140841,4,0,11,0,2018,8,16,3,3,6,4,0,0,1,1,0,0,0,0,4.95894E+20,5.87937E+21,8.93873E+15,5.30638E+16
140842,4,0,11,0,2018,8,18,3,3,0,1,0,0,0,0,1,0,0,0,4.71474E+20,5.89446E+21,8.57298E+15,5.31987E+16
140843,4,0,11,0,2018,8,12,7,3,5,3,0,0,1,0,0,0,1,1,4.87218E+20,5.88106E+21,8.8092E+15,5.30789E+16
140844,4,0,12,0,2018,7,21,5,2,2,1,0,0,1,0,1,0,0,0,4.72653E+20,5.93241E+21,8.58734E+15,5.35399E+16
140845,4,0,12,0,2018,8,18,5,3,2,6,0,0,1,0,0,0,0,0,4.71706E+20,5.9347E+21,8.57285E+15,5.35604E+16
140846,4,0,11,0,2018,7,13,5,3,5,3,0,1,1,0,0,0,0,0,4.84538E+20,5.88485E+21,8.769E+15,5.31128E+16
140847,4,0,11,0,2018,7,16,5,3,5,3,0,1,0,0,0,0,0,0,4.85996E+20,5.8833E+21,8.79086E+15,5.3099E+16
140848,4,0,11,0,2018,8,15,3,3,5,3,0,1,1,0,0,0,0,1,4.89482E+20,5.88213E+21,8.84295E+15,5.30885E+16
140849,4,0,11,0,2018,8,19,6,3,2,6,0,0,1,0,0,0,1,0,4.92982E+20,5.87848E+21,8.89529E+15,5.30558E+16
140850,4,0,11,0,2018,7,17,5,3,5,3,0,1,1,0,0,0,0,0,4.78965E+20,5.8919E+21,8.68528E+15,5.3176E+16
140851,4,0,12,0,2018,8,16,6,3,5,3,0,1,0,0,0,0,0,0,4.732E+20,5.93517E+21,8.59536E+15,5.35647E+16
140852,4,0,11,0,2018,7,10,5,3,3,3,0,1,1,0,0,0,0,0,4.87462E+20,5.88045E+21,8.81286E+15,5.30734E+16
140853,4,0,11,0,2018,7,23,5,3,3,6,2,0,1,0,0,0,0,0,4.87067E+20,5.88161E+21,8.80692E+15,5.30838E+16
140854,4,0,11,0,2018,8,10,3,3,2,6,0,0,1,0,0,0,0,0,4.82403E+20,5.87861E+21,8.73744E+15,5.30567E+16
140855,4,0,11,0,2018,8,23,6,3,0,1,2,1,1,0,0,0,0,0,4.88739E+20,5.88019E+21,8.83193E+15,5.30711E+16
140856,4,0,12,0,2018,8,8,4,3,5,3,0,1,1,0,0,0,0,0,4.73081E+20,5.93353E+21,8.5937E+15,5.355E+16
140857,4,0,11,0,2018,7,22,5,3,5,3,2,1,1,0,0,0,0,0,4.83168E+20,5.88622E+21,8.74846E+15,5.31252E+16
140858,4,0,11,0,2018,8,20,6,3,5,2,0,1,1,0,0,0,0,1,4.92221E+20,5.88108E+21,8.88388E+15,5.30791E+16
140859,4,0,12,0,2018,8,10,5,3,2,6,0,0,1,0,0,0,0,0,4.73487E+20,5.92813E+21,8.60029E+15,5.35015E+16
140860,4,0,11,0,2018,8,21,6,3,5,2,2,1,1,0,0,0,0,0,4.86639E+20,5.88103E+21,8.80054E+15,5.30786E+16
140861,4,0,12,0,2018,7,14,4,2,3,6,0,0,1,0,1,0,0,0,4.73357E+20,5.92866E+21,8.59828E+15,5.35062E+16
140862,4,0,11,0,2018,8,14,3,3,5,3,0,1,1,0,0,0,0,0,4.91359E+20,5.87947E+21,8.87104E+15,5.30646E+16
140863,4,0,11,0,2018,8,8,6,3,5,3,0,1,1,0,0,0,0,0,4.7185E+20,5.8954E+21,8.57852E+15,5.32071E+16
140864,4,0,11,0,2018,7,13,4,3,2,6,0,0,1,0,1,0,0,0,4.91337E+20,5.88296E+21,8.87062E+15,5.3096E+16
140865,4,0,11,0,2018,8,0,3,3,0,7,2,1,0,0,0,0,0,0,4.8517E+20,5.8795E+21,8.7787E+15,5.30648E+16
140866,4,0,11,0,2018,8,17,5,3,5,3,0,1,1,0,0,0,0,0,4.91056E+20,5.88328E+21,8.86642E+15,5.30989E+16
140867,4,0,11,0,2018,7,6,4,3,5,3,0,1,1,0,0,0,0,0,4.83782E+20,5.87877E+21,8.75801E+15,5.30582E+16
140868,4,0,11,0,2018,7,11,4,3,0,1,0,0,0,0,1,0,0,0,4.85923E+20,5.88308E+21,8.78977E+15,5.30969E+16
140869,4,0,11,0,2018,8,10,2,3,0,7,0,0,1,0,0,1,0,0,4.96686E+20,5.87974E+21,8.95054E+15,5.30671E+16
140870,4,0,11,0,2018,8,13,6,3,5,3,0,1,1,0,0,0,0,0,4.82454E+20,5.88724E+21,8.73774E+15,5.31343E+16
140871,4,0,11,0,2018,8,9,4,2,5,3,0,1,1,0,0,0,0,0,4.81161E+20,5.89182E+21,8.71813E+15,5.31754E+16
140872,4,0,11,0,2018,7,12,4,3,6,4,0,1,0,1,0,0,0,0,4.8522E+20,5.88272E+21,8.77929E+15,5.30937E+16
140873,4,0,12,0,2018,8,16,4,3,0,7,0,1,0,0,0,0,0,0,4.74107E+20,5.93761E+21,8.60885E+15,5.35867E+16
140874,4,0,11,0,2018,8,16,5,3,5,2,0,1,1,0,0,0,0,0,4.85745E+20,5.88154E+21,8.78718E+15,5.30831E+16
140875,4,0,11,0,2018,8,11,6,3,5,3,0,1,1,0,0,0,0,0,4.84171E+20,5.88441E+21,8.76354E+15,5.31089E+16
140876,4,0,11,0,2018,7,17,4,3,2,6,0,0,1,0,0,0,0,0,4.86269E+20,5.88244E+21,8.79496E+15,5.30912E+16
140877,4,0,11,0,2018,8,13,4,3,5,3,0,1,1,0,0,0,0,0,4.95151E+20,5.88036E+21,8.92762E+15,5.30727E+16
140878,4,0,11,0,2018,7,15,4,3,5,3,0,0,1,0,0,0,0,0,4.81013E+20,5.8786E+21,8.71671E+15,5.30565E+16
140879,4,0,11,0,2018,8,14,5,3,4,6,0,0,1,0,0,0,1,0,4.93439E+20,5.88368E+21,8.902E+15,5.31026E+16
140880,4,0,11,0,2018,8,21,5,3,3,3,1,1,1,0,0,0,0,0,4.88247E+20,5.88169E+21,8.82453E+15,5.30845E+16
140881,4,0,11,0,2018,8,10,6,3,5,3,0,1,0,0,0,0,0,0,4.87099E+20,5.88143E+21,8.8074E+15,5.30822E+16
140882,4,0,11,0,2018,7,12,3,3,2,6,0,0,1,0,0,0,1,0,4.9185E+20,5.88113E+21,8.87833E+15,5.30796E+16
140883,4,0,11,0,2018,8,1,2,3,8,1,2,0,0,0,0,0,1,0,4.88976E+20,5.88311E+21,8.83536E+15,5.30973E+16
140884,4,0,11,0,2018,7,14,3,3,2,6,0,0,1,0,0,0,0,0,4.71676E+20,5.89354E+21,8.57608E+15,5.31904E+16
140885,4,0,11,0,2018,8,16,5,3,5,3,0,1,0,0,0,0,1,0,4.87728E+20,5.88128E+21,8.8168E+15,5.30809E+16
140886,4,0,11,0,2018,7,8,3,3,0,7,0,1,0,0,0,0,0,0,4.83987E+20,5.8789E+21,8.76106E+15,5.30594E+16
140887,4,0,11,0,2018,7,9,3,3,3,6,0,1,0,0,0,0,0,0,4.88101E+20,5.8783E+21,8.82247E+15,5.30541E+16
140888,4,0,11,0,2018,8,13,1,3,3,6,0,0,1,0,0,0,0,0,4.93108E+20,5.87887E+21,8.89716E+15,5.30592E+16
140889,4,0,12,0,2018,8,13,5,3,5,3,0,1,1,0,0,0,0,0,4.7303E+20,5.9345E+21,8.59285E+15,5.35587E+16
140890,4,0,11,0,2018,8,18,3,3,3,6,0,0,1,0,0,0,1,0,4.86486E+20,5.88044E+21,8.79829E+15,5.30732E+16
140891,4,0,11,0,2018,7,10,3,3,2,2,0,0,1,0,1,0,0,0,4.90913E+20,5.8802E+21,8.86438E+15,5.30712E+16
140892,4,0,11,0,2018,8,6,4,3,8,1,0,0,1,0,0,0,1,0,4.96118E+20,5.87898E+21,8.94207E+15,5.30603E+16
140893,4,0,11,0,2018,8,7,2,2,5,3,0,0,0,0,0,1,1,1,4.74826E+20,5.89164E+21,8.62338E+15,5.31735E+16
140894,4,0,12,0,2018,8,16,3,3,5,3,0,0,1,0,1,0,0,0,4.72331E+20,5.92992E+21,8.5827E+15,5.35175E+16
140895,4,0,11,0,2018,7,15,3,3,5,3,0,0,1,0,1,0,0,0,4.86007E+20,5.88246E+21,8.79105E+15,5.30915E+16
140896,4,0,11,0,2018,8,15,1,3,1,7,0,1,1,0,0,0,0,0,4.89248E+20,5.88122E+21,8.83949E+15,5.30803E+16
140897,4,0,11,0,2018,7,17,3,3,5,3,0,1,1,0,0,0,0,0,4.90031E+20,5.88176E+21,8.85116E+15,5.30852E+16
140898,4,0,11,0,2018,8,7,4,3,5,3,0,1,1,0,0,0,0,0,4.84946E+20,5.88347E+21,8.77515E+15,5.31005E+16
140899,4,0,11,0,2018,8,12,2,3,5,3,0,1,1,0,0,0,0,0,4.83522E+20,5.88603E+21,8.75376E+15,5.31234E+16
140900,4,0,12,0,2018,7,8,2,3,1,5,0,0,1,0,0,0,0,0,4.71767E+20,5.93415E+21,8.57382E+15,5.35555E+16
140901,4,0,12,0,2018,8,7,4,3,5,3,0,1,1,0,0,0,0,1,4.75077E+20,5.93821E+21,8.62346E+15,5.35921E+16
140902,4,0,12,0,2018,7,6,2,2,5,3,0,0,1,0,0,0,0,0,4.72715E+20,5.92727E+21,8.58872E+15,5.34937E+16
140903,4,0,11,0,2018,7,17,2,2,8,7,0,1,0,0,0,0,0,0,4.71312E+20,5.8945E+21,8.57055E+15,5.31991E+16
140904,4,0,11,0,2018,8,15,7,3,2,6,0,0,1,0,0,0,0,0,4.90115E+20,5.88047E+21,8.85246E+15,5.30737E+16
140905,4,0,12,0,2018,8,23,5,3,6,7,2,1,0,1,0,0,0,0,4.73037E+20,5.93708E+21,8.59273E+15,5.35819E+16
140906,4,0,11,0,2018,8,14,3,3,6,4,0,0,1,1,0,0,0,0,4.74823E+20,5.89164E+21,8.62333E+15,5.31735E+16
140907,4,0,11,0,2018,7,19,2,3,5,3,0,1,1,0,0,0,0,0,4.9022E+20,5.87963E+21,8.85404E+15,5.30661E+16
140908,4,0,11,0,2018,8,11,4,3,5,2,0,1,1,0,0,0,0,0,4.78395E+20,5.89075E+21,8.67683E+15,5.31657E+16
140909,4,0,11,0,2018,8,21,1,2,5,3,2,0,1,0,1,0,0,0,4.83784E+20,5.87877E+21,8.75804E+15,5.30582E+16
140910,4,0,11,0,2018,8,10,3,3,2,6,0,0,1,0,0,0,0,0,4.82075E+20,5.87652E+21,8.73266E+15,5.30379E+16
140911,4,0,12,0,2018,8,17,7,3,5,3,0,0,1,1,0,0,0,0,4.72201E+20,5.93371E+21,8.5804E+15,5.35515E+16
140912,4,0,11,0,2018,7,6,2,3,5,3,0,0,1,0,1,0,0,0,4.75549E+20,5.89266E+21,8.63411E+15,5.31827E+16