OBJECTID_1,ULAND,UREGBEZ,UKREIS,UGEMEINDE,UJAHR,UMONAT,USTUNDE,UWOCHENTAG,UKATEGORIE,UART,UTYP1,ULICHTVERH,IstRad,IstPKW,IstFuss,IstKrad,IstGkfz,IstSonstig,STRZUSTAND,LINREFX,LINREFY,XGCSWGS84,YGCSWGS84
140913,4,0,11,0,2018,8,16,7,3,0,1,0,1,0,0,0,0,0,0,4.8929E+20,5.88384E+21,8.84003E+15,5.31039E+16
140914,4,0,11,0,2018,7,16,2,2,2,6,0,0,1,0,0,0,0,0,4.82541E+20,5.88733E+21,8.73903E+15,5.31351E+16
140915,4,0,11,0,2018,7,14,2,3,3,6,0,0,1,0,0,1,0,0,4.82367E+20,5.88119E+21,8.73677E+15,5.30799E+16
140916,4,0,11,0,2018,8,9,3,3,5,3,0,1,1,0,0,0,0,0,4.85734E+20,5.88152E+21,8.78702E+15,5.30829E+16
140917,4,0,11,0,2018,8,14,5,3,1,5,0,0,1,0,0,0,0,0,4.85173E+20,5.88107E+21,8.77867E+15,5.30789E+16
140918,4,0,11,0,2018,8,14,5,3,6,7,0,0,0,1,0,0,1,0,4.77591E+20,5.89083E+21,8.66479E+15,5.31664E+16
140919,4,0,11,0,2018,7,20,2,2,5,2,1,0,1,0,0,0,0,0,4.92197E+20,5.88459E+21,8.88343E+15,5.31106E+16
140920,4,0,11,0,2018,8,0,6,3,9,7,2,0,1,0,0,0,0,0,4.6734E+20,5.89761E+21,8.51076E+15,5.32268E+16
140921,4,0,11,0,2018,8,14,6,3,2,6,0,0,1,0,0,0,0,0,4.903E+20,5.88129E+21,8.8552E+15,5.3081E+16
140922,4,0,11,0,2018,8,11,5,3,5,3,0,0,1,0,0,0,1,0,4.92592E+20,5.87913E+21,8.88946E+15,5.30616E+16
140923,4,0,11,0,2018,7,11,2,2,6,3,0,1,0,1,0,0,0,0,4.88265E+20,5.88169E+21,8.8248E+15,5.30846E+16
140924,4,0,11,0,2018,8,22,3,3,5,6,2,1,1,0,0,0,0,0,4.85214E+20,5.87995E+21,8.77933E+15,5.30688E+16
140925,4,0,12,0,2018,8,14,6,3,5,3,0,1,1,0,0,0,0,1,4.73697E+20,5.93142E+21,8.60318E+15,5.35311E+16
140926,4,0,11,0,2018,7,11,2,3,5,3,0,1,1,0,0,0,0,0,4.86733E+20,5.88023E+21,8.80199E+15,5.30714E+16
140927,4,0,11,0,2018,8,4,6,3,5,2,2,0,1,0,0,0,0,1,4.86563E+20,5.88002E+21,8.79946E+15,5.30695E+16
140928,4,0,11,0,2018,8,15,2,3,0,1,0,1,0,0,0,0,0,1,4.85987E+20,5.88295E+21,8.79073E+15,5.30958E+16
140929,4,0,11,0,2018,7,18,2,3,2,6,0,0,1,0,1,0,0,0,4.7842E+20,5.8916E+21,8.67714E+15,5.31733E+16
140930,4,0,11,0,2018,8,10,3,3,0,1,0,1,0,0,0,0,0,0,4.84649E+20,5.88364E+21,8.77071E+15,5.3102E+16
140931,4,0,11,0,2018,8,10,7,3,1,6,0,0,1,0,0,0,1,1,4.91946E+20,5.87949E+21,8.8798E+15,5.30649E+16
140932,4,0,11,0,2018,7,7,2,3,5,3,0,0,1,0,0,0,0,0,4.84615E+20,5.88265E+21,8.77025E+15,5.30931E+16
140933,4,0,11,0,2018,8,17,6,3,6,3,0,0,1,1,0,0,0,0,4.84787E+20,5.88486E+21,8.77272E+15,5.3113E+16
140934,4,0,11,0,2018,7,19,2,3,5,2,0,1,1,0,0,0,0,0,4.8409E+20,5.88502E+21,8.7623E+15,5.31144E+16
140935,4,0,12,0,2018,7,21,1,3,1,5,0,1,1,0,0,0,0,0,4.72804E+20,5.93516E+21,8.58938E+15,5.35646E+16
140936,4,0,11,0,2018,8,3,3,3,0,7,2,1,0,0,0,0,0,0,4.8848E+20,5.88034E+21,8.82806E+15,5.30724E+16
140937,4,0,11,0,2018,8,10,4,3,6,4,0,0,1,1,0,0,0,0,4.86687E+20,5.88099E+21,8.80126E+15,5.30782E+16
140938,4,0,11,0,2018,7,17,1,3,5,3,0,0,1,0,0,0,0,0,4.85809E+20,5.8808E+21,8.78817E+15,5.30765E+16
140939,4,0,11,0,2018,8,19,5,3,5,2,0,1,0,0,0,0,1,0,4.72226E+20,5.89253E+21,8.5844E+15,5.31814E+16
140940,4,0,11,0,2018,8,19,5,2,0,1,1,1,0,0,0,0,0,1,4.88864E+20,5.8819E+21,8.83373E+15,5.30865E+16
140941,4,0,12,0,2018,7,13,7,3,2,6,0,0,1,0,0,0,0,0,4.72994E+20,5.92971E+21,8.59271E+15,5.35156E+16
140942,4,0,11,0,2018,8,7,3,3,0,6,0,1,0,0,0,0,0,0,4.93202E+20,5.87712E+21,8.89861E+15,5.30435E+16
140943,4,0,12,0,2018,7,13,7,3,5,2,0,0,1,0,0,0,0,0,4.73353E+20,5.93169E+21,8.59797E+15,5.35334E+16
140944,4,0,11,0,2018,8,17,5,3,5,3,0,1,1,0,0,0,0,0,4.84615E+20,5.88265E+21,8.77026E+15,5.30931E+16
140945,4,0,12,0,2018,7,17,7,3,5,3,0,1,1,0,0,0,0,0,4.76027E+20,5.93014E+21,8.63843E+15,5.35196E+16
140946,4,0,11,0,2018,7,14,7,3,1,5,0,1,1,0,0,0,0,0,4.91409E+20,5.87923E+21,8.87181E+15,5.30625E+16
140947,4,0,11,0,2018,8,8,5,3,8,1,0,1,0,0,0,0,0,0,4.7587E+20,5.8916E+21,8.63899E+15,5.31732E+16
140948,4,0,11,0,2018,7,13,7,3,3,7,0,1,0,0,0,0,0,0,4.89408E+20,5.88301E+21,8.84181E+15,5.30965E+16
140949,4,0,11,0,2018,7,8,7,3,3,2,0,1,1,0,0,0,0,0,4.74904E+20,5.89205E+21,8.62451E+15,5.31772E+16
140950,4,0,11,0,2018,8,16,3,2,4,2,0,0,1,0,0,0,0,1,4.83295E+20,5.87948E+21,8.7507E+15,5.30646E+16
140951,4,0,11,0,2018,8,13,4,3,2,6,0,0,0,0,1,0,1,0,4.91948E+20,5.8848E+21,8.8797E+15,5.31126E+16
140952,4,0,11,0,2018,7,16,7,2,5,2,0,0,1,0,1,0,0,0,4.88982E+20,5.88309E+21,8.83546E+15,5.30972E+16
140953,4,0,11,0,2018,8,12,5,3,8,6,0,0,1,0,0,0,1,0,4.89107E+20,5.87795E+21,8.8375E+15,5.30509E+16
140954,4,0,11,0,2018,8,10,5,2,5,2,0,1,1,0,0,0,0,0,4.91684E+20,5.88138E+21,8.87585E+15,5.30818E+16
140955,4,0,11,0,2018,7,8,7,3,1,5,0,0,1,0,0,0,0,0,4.81558E+20,5.87721E+21,8.72493E+15,5.30441E+16
140956,4,0,11,0,2018,8,16,2,3,2,6,0,0,1,0,0,0,0,0,4.89911E+20,5.87959E+21,8.84943E+15,5.30657E+16
140957,4,0,11,0,2018,7,11,7,3,1,7,0,1,1,0,0,0,0,0,4.89567E+20,5.88096E+21,8.84426E+15,5.3078E+16
140958,4,0,12,0,2018,8,14,4,3,2,6,0,0,1,0,1,0,0,0,4.72743E+20,5.93188E+21,8.58875E+15,5.35352E+16
140959,4,0,11,0,2018,7,8,7,3,5,3,0,1,1,0,0,0,0,0,4.83381E+20,5.88591E+21,8.75166E+15,5.31223E+16
140960,4,0,12,0,2018,7,9,6,3,0,7,0,1,0,0,0,0,0,0,4.73289E+20,5.93056E+21,8.5971E+15,5.35233E+16
140961,4,0,11,0,2018,8,10,1,3,5,3,0,1,1,0,0,0,0,0,4.91807E+20,5.88146E+21,8.87769E+15,5.30825E+16
140962,4,0,11,0,2018,8,14,2,3,2,6,0,0,1,0,0,0,0,0,4.92922E+20,5.87798E+21,8.8944E+15,5.30513E+16
140963,4,0,11,0,2018,8,15,3,3,5,3,0,1,1,0,0,0,0,0,4.92408E+20,5.88109E+21,8.88666E+15,5.30792E+16
140964,4,0,11,0,2018,7,10,6,3,5,3,0,1,1,0,0,0,0,0,4.86801E+20,5.88357E+21,8.80285E+15,5.31014E+16
140965,4,0,11,0,2018,8,19,4,3,7,1,0,1,0,0,0,0,0,0,4.75536E+20,5.89264E+21,8.63391E+15,5.31825E+16
140966,4,0,11,0,2018,8,9,2,3,5,3,0,0,1,0,0,0,0,0,4.95649E+20,5.88157E+21,8.93503E+15,5.30836E+16
140967,4,0,11,0,2018,7,0,6,2,7,7,2,1,0,0,0,0,0,0,4.85347E+20,5.88207E+21,8.78121E+15,5.30879E+16
140968,4,0,11,0,2018,8,18,2,3,5,3,1,1,1,0,0,0,0,1,4.89787E+20,5.87775E+21,8.84764E+15,5.30492E+16
140969,4,0,12,0,2018,8,13,3,3,5,3,0,0,1,0,1,0,0,0,4.74201E+20,5.93046E+21,8.61086E+15,5.35224E+16
140970,4,0,11,0,2018,7,14,6,3,5,3,0,1,1,0,0,0,0,0,4.83405E+20,5.88588E+21,8.75201E+15,5.31221E+16
140971,4,0,11,0,2018,8,14,4,3,4,6,0,1,0,0,0,0,0,0,4.89105E+20,5.87649E+21,8.83751E+15,5.30378E+16
140972,4,0,11,0,2018,8,17,4,3,2,6,0,0,1,0,0,0,0,0,4.92356E+20,5.8768E+21,8.88599E+15,5.30407E+16
140973,4,0,11,0,2018,7,13,6,3,5,3,0,1,1,0,0,0,0,0,4.95275E+20,5.87884E+21,8.92949E+15,5.30591E+16
140974,4,0,11,0,2018,8,8,2,3,0,1,0,0,0,0,1,0,0,0,4.85071E+20,5.88112E+21,8.77714E+15,5.30793E+16
140975,4,0,11,0,2018,7,17,5,3,5,2,0,1,1,0,0,0,0,0,4.86983E+20,5.88157E+21,8.80566E+15,5.30834E+16
140976,4,0,12,0,2018,8,15,4,3,9,1,0,0,1,0,0,0,1,1,4.71122E+20,5.93785E+21,8.56374E+15,5.35887E+16
140977,4,0,11,0,2018,7,13,5,3,5,3,0,1,1,0,0,0,0,0,4.83279E+20,5.8863E+21,8.75012E+15,5.31259E+16
140978,4,0,11,0,2018,8,16,7,2,0,7,0,0,0,0,0,0,1,0,4.74693E+20,5.89144E+21,8.6214E+15,5.31717E+16
140979,4,0,11,0,2018,8,16,2,3,2,3,0,1,1,0,0,0,0,1,4.92161E+20,5.88348E+21,8.88292E+15,5.31007E+16
140980,4,0,11,0,2018,7,15,5,3,1,7,0,0,1,0,0,0,0,0,4.9729E+20,5.87815E+21,8.95957E+15,5.30528E+16
140981,4,0,11,0,2018,8,13,4,3,5,2,0,1,1,0,0,0,0,0,4.87495E+20,5.88181E+21,8.81329E+15,5.30856E+16
140982,4,0,12,0,2018,8,15,7,3,5,3,0,1,1,0,0,0,0,1,4.73047E+20,5.93427E+21,8.59312E+15,5.35566E+16
140983,4,0,11,0,2018,8,16,3,3,1,7,0,0,1,0,0,0,0,0,4.82374E+20,5.88717E+21,8.73654E+15,5.31336E+16
140984,4,0,12,0,2018,8,14,7,3,1,5,0,1,1,0,0,0,0,0,4.74112E+20,5.92883E+21,8.60965E+15,5.35078E+16
140985,4,0,11,0,2018,7,11,5,3,5,3,0,1,1,0,0,0,0,0,4.85398E+20,5.88301E+21,8.78194E+15,5.30964E+16
140986,4,0,12,0,2018,8,13,6,3,2,6,0,0,1,0,0,0,0,0,4.72175E+20,5.93355E+21,8.58002E+15,5.35501E+16
140987,4,0,11,0,2018,9,11,7,3,5,3,0,0,1,0,0,0,0,0,4.83733E+20,5.8854E+21,8.75695E+15,5.31178E+16
140988,4,0,11,0,2018,9,13,5,3,9,1,0,0,1,0,0,0,1,0,4.86571E+20,5.88364E+21,8.79942E+15,5.31021E+16
140989,4,0,11,0,2018,10,14,6,3,2,6,0,0,1,0,0,0,1,0,4.85523E+20,5.88383E+21,8.78377E+15,5.31037E+16
140990,4,0,11,0,2018,10,15,3,3,2,6,0,0,1,0,0,0,0,1,4.77611E+20,5.88284E+21,8.66565E+15,5.30945E+16
140991,4,0,12,0,2018,9,9,4,3,5,3,0,1,1,0,0,0,0,1,4.72107E+20,5.93719E+21,8.57867E+15,5.35828E+16
140992,4,0,11,0,2018,9,15,4,3,5,3,0,1,1,0,0,0,0,0,4.92499E+20,5.87992E+21,8.88806E+15,5.30688E+16
140993,4,0,11,0,2018,9,9,6,3,5,2,0,0,1,0,0,0,0,0,4.91884E+20,5.88107E+21,8.87884E+15,5.3079E+16
140994,4,0,12,0,2018,9,14,4,3,5,3,0,0,1,0,1,0,0,1,4.75451E+20,5.93132E+21,8.62965E+15,5.35303E+16
140995,4,0,11,0,2018,10,14,7,3,5,2,0,0,1,0,1,0,0,0,4.83962E+20,5.8816E+21,8.76055E+15,5.30837E+16
140996,4,0,12,0,2018,9,18,4,3,6,4,0,0,1,1,0,0,0,0,4.74045E+20,5.92823E+21,8.60869E+15,5.35024E+16
140997,4,0,11,0,2018,9,13,3,3,2,6,0,0,1,0,0,0,0,0,4.89113E+20,5.88148E+21,8.83746E+15,5.30826E+16
140998,4,0,12,0,2018,9,13,4,3,5,2,0,0,1,0,0,0,0,1,4.73151E+20,5.93096E+21,8.59498E+15,5.35269E+16
140999,4,0,11,0,2018,10,12,3,3,5,2,0,1,1,0,0,0,0,0,4.71564E+20,5.89467E+21,8.5743E+15,5.32006E+16
141000,4,0,12,0,2018,9,11,4,3,0,7,0,1,0,0,0,0,0,1,4.69982E+20,5.93705E+21,8.5466E+15,5.35815E+16
141001,4,0,11,0,2018,9,9,6,3,1,3,0,0,1,0,0,0,0,1,4.83811E+20,5.88528E+21,8.75812E+15,5.31167E+16
141002,4,0,11,0,2018,10,11,5,3,6,4,0,0,1,1,0,0,0,0,4.87333E+20,5.88159E+21,8.81088E+15,5.30836E+16
141003,4,0,11,0,2018,10,22,2,3,0,1,2,1,0,0,0,0,0,0,4.92445E+20,5.87854E+21,8.88728E+15,5.30563E+16
141004,4,0,11,0,2018,9,9,4,3,0,7,0,1,0,0,0,0,1,0,4.86662E+20,5.87977E+21,8.80094E+15,5.30672E+16
141005,4,0,11,0,2018,9,17,3,2,1,5,0,1,1,0,0,0,0,0,4.88727E+20,5.8802E+21,8.83175E+15,5.30711E+16
141006,4,0,11,0,2018,9,18,5,3,5,3,0,1,1,0,0,0,0,0,4.91493E+20,5.88171E+21,8.87299E+15,5.30848E+16
141007,4,0,11,0,2018,9,6,4,3,5,3,2,1,0,0,0,0,0,1,4.86833E+20,5.88122E+21,8.80343E+15,5.30803E+16
141008,4,0,11,0,2018,10,9,6,3,5,3,0,1,1,0,0,0,0,0,4.86801E+20,5.88357E+21,8.80287E+15,5.31014E+16
141009,4,0,11,0,2018,9,7,4,3,6,4,0,1,0,1,0,0,0,1,4.87838E+20,5.88119E+21,8.81844E+15,5.308E+16
141010,4,0,11,0,2018,9,12,2,3,5,3,0,1,1,0,0,0,0,1,4.86878E+20,5.88034E+21,8.80414E+15,5.30724E+16
141011,4,0,11,0,2018,9,15,4,3,2,6,0,0,1,0,0,0,1,1,4.85649E+20,5.88061E+21,8.78579E+15,5.30748E+16
141012,4,0,11,0,2018,9,13,6,3,5,3,0,1,0,0,0,1,0,0,4.82772E+20,5.8853E+21,8.74259E+15,5.31168E+16
141013,4,0,11,0,2018,9,12,4,3,9,1,0,0,1,0,0,0,0,1,4.80873E+20,5.88775E+21,8.71408E+15,5.31388E+16
141014,4,0,12,0,2018,10,18,6,3,2,6,1,0,1,0,0,0,0,0,4.73234E+20,5.9354E+21,8.59585E+15,5.35668E+16
141015,4,0,11,0,2018,9,14,4,3,4,1,0,1,1,0,0,0,0,1,4.93552E+20,5.87892E+21,8.90378E+15,5.30598E+16
141016,4,0,11,0,2018,9,21,1,3,6,4,2,0,1,1,0,0,0,0,4.8926E+20,5.88139E+21,8.83966E+15,5.30819E+16
141017,4,0,12,0,2018,9,9,2,3,9,1,0,0,0,0,1,0,0,1,4.73021E+20,5.92963E+21,8.59314E+15,5.35149E+16
141018,4,0,11,0,2018,9,12,4,3,5,7,0,0,1,0,1,0,0,1,4.86479E+20,5.88121E+21,8.79815E+15,5.30802E+16
141019,4,0,11,0,2018,8,8,5,3,5,3,0,1,1,0,0,0,0,1,4.90907E+20,5.88331E+21,8.86419E+15,5.30991E+16
141020,4,0,11,0,2018,10,17,3,3,2,6,0,0,1,0,0,0,0,0,4.90093E+20,5.87858E+21,8.85219E+15,5.30566E+16
141021,4,0,11,0,2018,9,14,4,3,5,3,0,0,1,0,0,0,0,1,4.70068E+20,5.89317E+21,8.55206E+15,5.31871E+16
141022,4,0,12,0,2018,9,14,5,3,5,3,0,0,1,0,0,0,0,0,4.72127E+20,5.93027E+21,8.5796E+15,5.35206E+16
141023,4,0,11,0,2018,10,6,2,3,2,6,0,0,1,0,0,0,1,0,4.82387E+20,5.87743E+21,8.73727E+15,5.30461E+16
141024,4,0,11,0,2018,9,12,4,3,5,3,0,1,1,0,0,0,0,1,4.74769E+20,5.89118E+21,8.62256E+15,5.31694E+16
141025,4,0,12,0,2018,9,11,2,3,1,7,0,1,1,0,0,0,0,0,4.72991E+20,5.93455E+21,8.59226E+15,5.35592E+16
141026,4,0,11,0,2018,9,5,4,3,0,7,2,0,0,0,0,0,1,0,4.74992E+20,5.8913E+21,8.62588E+15,5.31705E+16
141027,4,0,11,0,2018,9,6,4,3,2,6,0,0,1,0,0,0,0,1,4.86028E+20,5.8788E+21,8.79153E+15,5.30585E+16
141028,4,0,11,0,2018,10,14,6,3,5,3,0,1,1,0,0,0,0,0,4.97425E+20,5.8797E+21,8.96157E+15,5.30667E+16
141029,4,0,11,0,2018,9,11,4,3,5,3,0,0,1,0,0,0,0,1,4.91689E+20,5.88142E+21,8.87593E+15,5.30821E+16
141030,4,0,11,0,2018,9,18,2,3,5,2,1,0,1,0,0,0,0,1,4.91863E+20,5.88106E+21,8.87853E+15,5.30789E+16
141031,4,0,11,0,2018,9,6,4,3,2,6,0,0,1,0,0,0,0,1,4.91404E+20,5.88249E+21,8.87164E+15,5.30918E+16
141032,4,0,11,0,2018,10,17,7,3,0,7,0,1,0,0,0,0,0,0,4.9279E+20,5.88334E+21,8.89232E+15,5.30995E+16
141033,4,0,12,0,2018,9,14,3,3,5,2,0,1,0,0,0,0,1,0,4.71448E+20,5.93374E+21,8.56904E+15,5.35518E+16
141034,4,0,11,0,2018,9,18,4,3,5,3,0,1,1,0,0,0,0,0,4.92741E+20,5.87928E+21,8.89168E+15,5.3063E+16
141035,4,0,11,0,2018,10,7,2,3,5,2,0,1,1,0,0,0,0,0,4.9623E+20,5.87876E+21,8.94375E+15,5.30583E+16
141036,4,0,12,0,2018,9,14,3,3,5,2,0,1,1,0,0,0,0,0,4.73026E+20,5.93452E+21,8.59279E+15,5.35588E+16
141037,4,0,11,0,2018,9,18,5,3,3,2,0,0,1,0,0,1,0,0,4.8599E+20,5.87826E+21,8.79098E+15,5.30537E+16
141038,4,0,11,0,2018,10,5,2,3,1,5,2,1,1,0,0,0,0,1,4.91582E+20,5.87932E+21,8.87438E+15,5.30633E+16
141039,4,0,12,0,2018,9,14,3,3,3,6,0,1,1,0,0,0,0,0,4.73028E+20,5.93452E+21,8.59281E+15,5.35588E+16
141040,4,0,11,0,2018,9,8,2,3,5,2,0,1,0,0,0,0,0,0,4.82274E+20,5.87846E+21,8.73553E+15,5.30553E+16
141041,4,0,11,0,2018,9,14,4,3,5,3,0,1,1,0,0,0,0,0,4.84616E+20,5.88265E+21,8.77027E+15,5.30931E+16
141042,4,0,12,0,2018,9,15,3,3,5,3,0,0,1,0,0,0,0,0,4.73464E+20,5.92866E+21,8.5999E+15,5.35062E+16
141043,4,0,11,0,2018,10,19,5,3,0,7,2,0,1,0,0,0,0,0,4.95981E+20,5.8812E+21,8.94E+15,5.30803E+16
141044,4,0,12,0,2018,9,16,3,2,5,3,0,1,1,0,0,0,0,0,4.72219E+20,5.93238E+21,8.5808E+15,5.35396E+16
141045,4,0,11,0,2018,9,15,1,3,5,3,0,0,1,0,1,0,0,1,4.86689E+20,5.87987E+21,8.80135E+15,5.30681E+16
141046,4,0,12,0,2018,9,12,3,2,5,3,0,1,1,0,0,0,0,0,4.72734E+20,5.93194E+21,8.5886E+15,5.35356E+16
141047,4,0,11,0,2018,10,14,7,3,3,6,0,1,0,0,0,0,0,0,4.87258E+20,5.89015E+21,8.80942E+15,5.31605E+16
141048,4,0,11,0,2018,10,5,3,3,8,1,2,0,0,0,0,0,1,1,4.82261E+20,5.88873E+21,8.73477E+15,5.31477E+16
141049,4,0,11,0,2018,9,14,3,3,0,7,0,0,0,0,0,0,1,0,4.84246E+20,5.88488E+21,8.76464E+15,5.31131E+16
141050,4,0,11,0,2018,9,7,4,3,0,3,0,1,1,0,0,0,0,0,4.86371E+20,5.88112E+21,8.79654E+15,5.30794E+16
141051,4,0,11,0,2018,9,21,7,3,0,7,2,1,0,0,0,0,0,0,4.87462E+20,5.88045E+21,8.81285E+15,5.30734E+16
141052,4,0,11,0,2018,9,13,3,3,1,1,0,1,1,0,0,0,0,0,4.74167E+20,5.89297E+21,8.61341E+15,5.31854E+16
141053,4,0,11,0,2018,10,22,7,3,6,4,2,0,1,1,0,0,0,0,4.88494E+20,5.87631E+21,8.8284E+15,5.30362E+16
141054,4,0,11,0,2018,9,14,3,3,2,6,0,0,1,0,0,0,0,0,4.80102E+20,5.89097E+21,8.70235E+15,5.31677E+16
141055,4,0,11,0,2018,9,12,3,3,1,6,0,0,1,0,0,0,0,0,4.89034E+20,5.88085E+21,8.8363E+15,5.3077E+16
141056,4,0,11,0,2018,9,17,1,3,5,3,0,1,1,0,0,0,0,0,4.84034E+20,5.88601E+21,8.76141E+15,5.31232E+16
141057,4,0,11,0,2018,9,15,3,3,6,4,0,1,0,1,0,0,0,0,4.87067E+20,5.88139E+21,8.80692E+15,5.30818E+16
141058,4,0,12,0,2018,10,14,7,3,3,6,0,1,1,0,0,0,0,0,4.73376E+20,5.93687E+21,8.59787E+15,5.358E+16
141059,4,0,12,0,2018,9,7,3,3,2,6,0,0,1,0,0,0,0,1,4.74626E+20,5.93706E+21,8.61674E+15,5.35818E+16
141060,4,0,11,0,2018,9,10,3,3,8,7,0,0,1,1,0,0,0,0,4.87158E+20,5.88281E+21,8.80823E+15,5.30946E+16
141061,4,0,11,0,2018,10,18,5,3,5,3,2,0,0,0,0,1,0,0,4.8215E+20,5.88203E+21,8.73348E+15,5.30874E+16
141062,4,0,11,0,2018,9,14,3,3,3,6,0,0,1,0,0,0,1,0,4.89988E+20,5.88019E+21,8.85056E+15,5.30711E+16
141063,4,0,11,0,2018,9,12,7,3,5,3,0,1,1,0,0,0,0,0,4.92099E+20,5.88108E+21,8.88205E+15,5.30791E+16
141064,4,0,11,0,2018,9,8,3,3,2,6,0,0,1,0,0,0,1,0,4.92736E+20,5.88111E+21,8.89156E+15,5.30794E+16
141065,4,0,11,0,2018,8,6,5,3,0,1,0,0,0,0,0,0,1,1,4.87115E+20,5.88037E+21,8.80769E+15,5.30727E+16
141066,4,0,11,0,2018,10,13,6,2,6,4,0,0,1,1,0,0,0,0,4.75415E+20,5.89111E+21,8.63223E+15,5.31688E+16
141067,4,0,11,0,2018,10,14,3,3,5,2,0,1,0,0,0,1,0,1,4.81032E+20,5.88727E+21,8.71649E+15,5.31345E+16
141068,4,0,12,0,2018,9,15,2,3,6,7,0,1,0,1,0,0,0,0,4.73028E+20,5.93444E+21,8.59282E+15,5.35582E+16
141069,4,0,11,0,2018,9,7,4,3,5,3,0,1,1,0,0,0,0,0,4.88206E+20,5.87605E+21,8.82412E+15,5.30338E+16
141070,4,0,11,0,2018,9,20,6,3,2,6,2,0,1,0,0,0,0,0,4.9173E+20,5.88129E+21,8.87654E+15,5.3081E+16
141071,4,0,11,0,2018,9,18,2,3,5,3,0,1,1,0,0,0,0,0,4.84619E+20,5.88267E+21,8.77031E+15,5.30932E+16
141072,4,0,11,0,2018,10,11,7,3,0,7,0,0,0,1,0,0,1,0,4.89132E+20,5.88285E+21,8.8377E+15,5.3095E+16
141073,4,0,11,0,2018,9,11,2,3,2,6,0,0,1,0,0,0,0,0,4.974E+20,5.87793E+21,8.96121E+15,5.30509E+16
141074,4,0,11,0,2018,9,18,1,3,5,3,0,1,1,0,0,0,0,0,4.90208E+20,5.88233E+21,8.85378E+15,5.30903E+16
141075,4,0,12,0,2018,9,8,2,3,9,1,0,0,1,0,0,0,0,1,4.72499E+20,5.93141E+21,8.5851E+15,5.35309E+16
141076,4,0,11,0,2018,9,13,2,3,5,3,0,1,0,0,0,0,0,0,4.8846E+20,5.88118E+21,8.82773E+15,5.308E+16
141077,4,0,11,0,2018,8,7,5,3,0,6,0,0,1,0,1,0,0,1,4.77165E+20,5.88992E+21,8.65849E+15,5.31581E+16
141078,4,0,11,0,2018,10,10,3,3,1,5,0,1,0,0,0,0,1,0,4.88742E+20,5.88019E+21,8.83197E+15,5.30711E+16
141079,4,0,11,0,2018,9,14,2,3,0,4,0,1,0,1,0,0,0,0,4.91938E+20,5.88357E+21,8.87958E+15,5.31015E+16
141080,4,0,11,0,2018,9,14,6,3,2,6,0,0,1,0,0,0,0,1,4.85811E+20,5.8793E+21,8.78826E+15,5.3063E+16
141081,4,0,11,0,2018,10,7,2,3,2,6,0,0,1,0,0,0,1,1,4.93238E+20,5.88657E+21,8.89894E+15,5.31285E+16
141082,4,0,11,0,2018,9,17,2,3,1,7,0,1,1,0,0,0,0,0,4.89066E+20,5.87588E+21,8.83696E+15,5.30323E+16
141083,4,0,11,0,2018,9,17,1,3,3,3,1,0,1,0,0,0,0,0,4.92946E+20,5.87892E+21,8.89474E+15,5.30597E+16
141084,4,0,12,0,2018,10,10,3,3,6,7,0,1,0,1,0,0,0,0,4.73746E+20,5.9309E+21,8.60397E+15,5.35264E+16
141085,4,0,11,0,2018,9,15,2,3,2,6,0,0,1,0,0,0,1,0,4.9442E+20,5.87892E+21,8.91673E+15,5.30597E+16
141086,4,0,11,0,2018,9,13,6,3,2,6,0,0,1,0,0,0,0,1,4.81166E+20,5.87738E+21,8.71907E+15,5.30456E+16
141087,4,0,11,0,2018,10,14,6,3,0,7,0,1,0,1,0,0,0,0,4.87237E+20,5.8809E+21,8.80949E+15,5.30774E+16
141088,4,0,11,0,2018,10,14,2,3,5,3,0,1,0,0,0,0,1,1,4.87431E+20,5.88293E+21,8.8123E+15,5.30957E+16
141089,4,0,11,0,2018,9,12,2,2,6,4,0,0,0,1,0,0,1,0,4.86873E+20,5.88124E+21,8.80403E+15,5.30804E+16
141090,4,0,11,0,2018,9,10,3,2,0,7,0,1,0,0,0,0,0,0,4.91326E+20,5.88324E+21,8.87046E+15,5.30985E+16
141091,4,0,11,0,2018,9,11,5,3,2,6,0,0,1,0,0,0,0,0,4.85524E+20,5.88205E+21,8.78386E+15,5.30877E+16
141092,4,0,11,0,2018,9,22,1,3,5,2,2,0,1,0,0,0,0,0,4.72077E+20,5.89604E+21,8.58187E+15,5.3213E+16
141093,4,0,11,0,2018,10,14,6,3,2,6,0,0,1,0,1,0,0,0,4.71129E+20,5.894E+21,8.56785E+15,5.31945E+16
141094,4,0,11,0,2018,9,19,1,3,5,3,1,0,1,0,0,0,0,0,4.9536E+20,5.87892E+21,8.93077E+15,5.30597E+16
141095,4,0,11,0,2018,9,3,1,3,6,4,2,0,1,1,0,0,0,0,4.8633E+20,5.88114E+21,8.79594E+15,5.30796E+16
141096,4,0,11,0,2018,9,17,2,3,5,3,0,0,1,0,1,0,0,1,4.85319E+20,5.88363E+21,8.78073E+15,5.31019E+16
141097,4,0,11,0,2018,9,23,1,3,6,4,2,1,0,1,0,0,0,0,4.75506E+20,5.89259E+21,8.63347E+15,5.31821E+16
141098,4,0,11,0,2018,10,16,2,3,3,6,0,1,0,0,0,1,0,0,4.89561E+20,5.88066E+21,8.84418E+15,5.30753E+16
141099,4,0,11,0,2018,9,14,1,3,2,6,0,0,1,0,0,0,0,0,4.86701E+20,5.88022E+21,8.80151E+15,5.30713E+16
141100,4,0,11,0,2018,9,15,5,3,5,3,0,1,0,0,1,0,0,0,4.87217E+20,5.87934E+21,8.80924E+15,5.30634E+16