OBJECTID_1,ULAND,UREGBEZ,UKREIS,UGEMEINDE,UJAHR,UMONAT,USTUNDE,UWOCHENTAG,UKATEGORIE,UART,UTYP1,ULICHTVERH,IstRad,IstPKW,IstFuss,IstKrad,IstGkfz,IstSonstig,STRZUSTAND,LINREFX,LINREFY,XGCSWGS84,YGCSWGS84
141101,4,0,11,0,2018,10,20,2,3,2,6,2,0,1,0,0,0,0,1,4.976E+20,5.8792E+21,8.96419E+15,5.30623E+16
141102,4,0,11,0,2018,9,21,1,3,6,4,2,0,1,1,0,0,0,0,4.95998E+20,5.88143E+21,8.94026E+15,5.30823E+16
141103,4,0,11,0,2018,9,9,2,3,6,4,0,1,0,1,0,0,0,0,4.8727E+20,5.88216E+21,8.80992E+15,5.30887E+16
141104,4,0,11,0,2018,9,10,4,3,0,2,0,0,1,0,0,0,1,0,4.77388E+20,5.89061E+21,8.66177E+15,5.31644E+16
141105,4,0,11,0,2018,9,20,1,3,3,6,2,0,1,0,0,0,0,0,4.85908E+20,5.88107E+21,8.78964E+15,5.30789E+16
141106,4,0,11,0,2018,9,15,3,3,0,7,0,0,0,0,1,0,0,0,4.86012E+20,5.88247E+21,8.79113E+15,5.30915E+16
141107,4,0,12,0,2018,9,5,4,3,5,3,2,1,1,0,0,0,0,0,4.71122E+20,5.93785E+21,8.56374E+15,5.35887E+16
141108,4,0,11,0,2018,9,14,1,3,2,6,0,0,1,0,0,0,0,0,4.94398E+20,5.88021E+21,8.91638E+15,5.30713E+16
141109,4,0,11,0,2018,10,6,6,3,0,1,1,1,0,0,0,0,0,0,4.92122E+20,5.8787E+21,8.88246E+15,5.30578E+16
141110,4,0,11,0,2018,9,4,1,2,0,7,2,1,0,0,0,0,0,0,4.85635E+20,5.88154E+21,8.78554E+15,5.30832E+16
141111,4,0,11,0,2018,9,17,2,3,2,6,0,0,1,0,0,0,0,0,4.75391E+20,5.8912E+21,8.63187E+15,5.31696E+16
141112,4,0,11,0,2018,9,12,1,2,5,2,0,0,1,0,1,0,0,0,4.87453E+20,5.88322E+21,8.81262E+15,5.30982E+16
141113,4,0,12,0,2018,10,16,1,3,5,2,0,1,1,0,0,0,0,0,4.73107E+20,5.93233E+21,8.5942E+15,5.35392E+16
141114,4,0,11,0,2018,9,21,1,3,5,7,2,0,1,0,0,0,0,0,4.82344E+20,5.87734E+21,8.73663E+15,5.30453E+16
141115,4,0,11,0,2018,9,18,4,3,5,3,0,0,1,0,0,0,0,0,4.93109E+20,5.88543E+21,8.89703E+15,5.31183E+16
141116,4,0,12,0,2018,9,16,1,3,3,6,0,0,1,0,1,0,0,0,4.73347E+20,5.9365E+21,8.59746E+15,5.35767E+16
141117,4,0,12,0,2018,9,13,7,3,6,4,0,1,0,1,0,0,0,0,4.72152E+20,5.93258E+21,8.57977E+15,5.35414E+16
141118,4,0,12,0,2018,9,11,3,3,5,3,0,0,1,0,0,0,0,0,4.72719E+20,5.9343E+21,8.58817E+15,5.35569E+16
141119,4,0,12,0,2018,9,12,7,3,5,3,0,0,1,0,0,0,0,0,4.71617E+20,5.93344E+21,8.57161E+15,5.3549E+16
141120,4,0,12,0,2018,9,13,7,3,5,2,0,0,1,0,1,0,0,1,4.73331E+20,5.92872E+21,8.59788E+15,5.35068E+16
141121,4,0,11,0,2018,9,7,2,3,5,3,0,1,1,0,0,0,0,0,4.88866E+20,5.88139E+21,8.83377E+15,5.30819E+16
141122,4,0,11,0,2018,10,15,5,2,6,4,0,1,0,1,0,0,0,0,4.96875E+20,5.88292E+21,8.95333E+15,5.30958E+16
141123,4,0,11,0,2018,9,0,7,3,9,6,2,1,1,0,0,0,0,0,4.94151E+20,5.88323E+21,8.91265E+15,5.30985E+16
141124,4,0,11,0,2018,9,8,1,3,8,7,0,0,1,0,0,0,1,0,4.84121E+20,5.88499E+21,8.76277E+15,5.31141E+16
141125,4,0,11,0,2018,9,10,7,3,5,3,0,0,1,0,0,0,0,0,4.75416E+20,5.89367E+21,8.63204E+15,5.31918E+16
141126,4,0,12,0,2018,10,14,6,3,2,6,0,0,1,0,0,0,0,0,4.7111E+20,5.93784E+21,8.56356E+15,5.35887E+16
141127,4,0,11,0,2018,10,12,3,3,5,2,0,1,1,0,0,0,0,1,4.87786E+20,5.88006E+21,8.8177E+15,5.30699E+16
141128,4,0,11,0,2018,9,11,7,3,2,6,0,1,1,0,0,0,0,0,4.88753E+20,5.87992E+21,8.83214E+15,5.30686E+16
141129,4,0,12,0,2018,10,18,5,2,5,3,0,1,1,0,0,0,0,0,4.72325E+20,5.93733E+21,8.58196E+15,5.35841E+16
141130,4,0,11,0,2018,9,12,7,3,0,1,0,1,0,0,0,0,0,0,4.70808E+20,5.8941E+21,8.56304E+15,5.31955E+16
141131,4,0,11,0,2018,9,14,1,3,2,6,0,0,1,0,0,0,0,1,4.91842E+20,5.87722E+21,8.87832E+15,5.30444E+16
141132,4,0,11,0,2018,9,9,7,3,5,3,0,0,1,0,0,0,0,0,4.79747E+20,5.88528E+21,8.6974E+15,5.31165E+16
141133,4,0,11,0,2018,10,20,7,3,6,4,2,1,0,1,0,0,0,0,4.88266E+20,5.88041E+21,8.82485E+15,5.3073E+16
141134,4,0,11,0,2018,10,15,5,3,6,4,0,0,1,1,0,0,0,0,4.92863E+20,5.88111E+21,8.89346E+15,5.30794E+16
141135,4,0,11,0,2018,9,5,7,3,6,4,2,0,1,1,0,0,0,0,4.87724E+20,5.88104E+21,8.81675E+15,5.30787E+16
141136,4,0,11,0,2018,9,8,4,3,0,3,0,0,1,0,0,0,1,0,4.73106E+20,5.89291E+21,8.59754E+15,5.31848E+16
141137,4,0,12,0,2018,9,19,7,3,5,2,1,0,1,0,1,0,0,0,4.72996E+20,5.93158E+21,8.59259E+15,5.35324E+16
141138,4,0,11,0,2018,9,13,7,3,1,5,0,1,1,0,0,0,0,0,4.88227E+20,5.88161E+21,8.82423E+15,5.30838E+16
141139,4,0,11,0,2018,10,19,7,3,6,4,1,0,1,1,0,0,0,0,4.87065E+20,5.88104E+21,8.80691E+15,5.30787E+16
141140,4,0,11,0,2018,9,7,3,3,5,3,0,0,1,0,0,0,1,1,4.86065E+20,5.88234E+21,8.79193E+15,5.30903E+16
141141,4,0,11,0,2018,9,15,7,3,5,3,0,0,1,0,1,0,0,0,4.85615E+20,5.88215E+21,8.78522E+15,5.30886E+16
141142,4,0,11,0,2018,9,17,7,3,5,3,0,1,0,0,0,0,1,0,4.94061E+20,5.881E+21,8.91135E+15,5.30784E+16
141143,4,0,11,0,2018,10,17,4,3,5,2,0,1,1,0,0,0,0,0,4.86072E+20,5.88042E+21,8.79211E+15,5.3073E+16
141144,4,0,12,0,2018,9,14,6,3,5,3,0,0,1,0,0,0,0,1,4.72577E+20,5.93146E+21,8.58628E+15,5.35314E+16
141145,4,0,11,0,2018,9,10,6,3,3,6,0,0,1,0,0,1,0,1,4.8589E+20,5.88105E+21,8.78936E+15,5.30787E+16
141146,4,0,12,0,2018,9,5,6,3,5,2,1,0,1,0,0,0,0,0,4.70857E+20,5.93606E+21,8.5599E+15,5.35726E+16
141147,4,0,11,0,2018,8,19,5,3,5,3,0,0,1,0,0,0,0,0,4.88682E+20,5.87562E+21,8.83123E+15,5.303E+16
141148,4,0,11,0,2018,10,13,6,3,6,4,0,0,1,1,0,0,0,0,4.92182E+20,5.88106E+21,8.8833E+15,5.30789E+16
141149,4,0,11,0,2018,10,20,3,3,2,6,2,0,1,0,0,0,0,1,4.95829E+20,5.87991E+21,8.93774E+15,5.30687E+16
141150,4,0,11,0,2018,9,14,6,3,0,3,0,1,1,0,0,0,0,1,4.86824E+20,5.88119E+21,8.8033E+15,5.308E+16
141151,4,0,11,0,2018,9,11,4,3,0,2,0,0,1,0,0,0,1,0,4.82565E+20,5.88707E+21,8.73941E+15,5.31327E+16
141152,4,0,11,0,2018,9,16,6,3,0,7,0,0,0,0,0,0,1,0,4.91313E+20,5.88306E+21,8.87027E+15,5.30969E+16
141153,4,0,11,0,2018,9,7,6,3,9,1,0,0,0,0,1,0,0,1,4.8109E+20,5.8786E+21,8.71785E+15,5.30566E+16
141154,4,0,11,0,2018,9,15,7,3,0,7,0,1,0,0,0,0,0,0,4.88739E+20,5.88019E+21,8.83192E+15,5.30711E+16
141155,4,0,12,0,2018,10,12,6,3,0,7,0,1,1,0,0,0,0,0,4.74716E+20,5.9312E+21,8.61857E+15,5.35291E+16
141156,4,0,11,0,2018,9,15,6,3,0,6,0,0,1,0,0,0,0,1,4.82961E+20,5.8869E+21,8.74534E+15,5.31313E+16
141157,4,0,11,0,2018,9,7,4,3,3,6,0,1,0,0,0,0,0,0,4.88877E+20,5.88089E+21,8.83396E+15,5.30773E+16
141158,4,0,12,0,2018,9,13,6,3,5,3,0,0,1,0,0,0,0,0,4.7294E+20,5.93237E+21,8.59168E+15,5.35395E+16
141159,4,0,11,0,2018,9,15,6,3,2,6,0,0,1,0,1,0,0,1,4.74557E+20,5.8926E+21,8.61927E+15,5.31821E+16
141160,4,0,11,0,2018,10,18,7,3,0,7,1,1,0,0,0,0,0,0,4.87518E+20,5.88125E+21,8.81366E+15,5.30806E+16
141161,4,0,11,0,2018,9,15,3,3,0,7,0,0,1,1,0,0,0,0,4.7856E+20,5.89153E+21,8.67925E+15,5.31727E+16
141162,4,0,11,0,2018,9,7,6,3,5,3,0,1,1,0,0,0,0,0,4.88286E+20,5.88165E+21,8.82511E+15,5.30842E+16
141163,4,0,12,0,2018,9,15,6,2,5,3,0,0,1,0,1,0,0,0,4.74369E+20,5.93614E+21,8.61293E+15,5.35735E+16
141164,4,0,11,0,2018,10,16,3,3,2,6,0,1,1,0,0,0,0,0,4.91412E+20,5.88245E+21,8.87177E+15,5.30914E+16
141165,4,0,11,0,2018,9,9,6,3,3,6,0,1,1,0,0,0,0,0,4.94711E+20,5.87646E+21,8.92112E+15,5.30376E+16
141166,4,0,11,0,2018,9,12,6,3,5,3,0,1,1,0,0,0,0,1,4.80253E+20,5.88951E+21,8.7047E+15,5.31546E+16
141167,4,0,11,0,2018,10,11,5,3,5,3,0,0,1,0,0,0,0,0,4.80955E+20,5.87833E+21,8.71585E+15,5.30542E+16
141168,4,0,11,0,2018,10,11,2,3,3,6,0,0,1,0,0,0,1,1,4.87115E+20,5.88037E+21,8.80767E+15,5.30727E+16
141169,4,0,11,0,2018,9,12,6,3,0,1,0,1,0,0,0,0,0,0,4.88718E+20,5.88133E+21,8.83157E+15,5.30813E+16
141170,4,0,11,0,2018,9,8,3,3,0,7,0,0,1,0,1,0,0,0,4.88799E+20,5.88092E+21,8.83279E+15,5.30776E+16
141171,4,0,11,0,2018,9,17,5,3,5,3,0,1,1,0,0,0,0,0,4.7704E+20,5.89175E+21,8.65649E+15,5.31746E+16
141172,4,0,11,0,2018,9,7,6,2,5,6,0,0,1,0,1,0,0,1,4.90293E+20,5.88102E+21,8.85509E+15,5.30786E+16
141173,4,0,12,0,2018,9,15,6,3,5,3,0,0,1,0,0,0,0,0,4.73353E+20,5.93169E+21,8.59796E+15,5.35334E+16
141174,4,0,11,0,2018,10,16,6,3,6,4,0,0,1,1,0,0,0,0,4.89811E+20,5.87754E+21,8.84801E+15,5.30472E+16
141175,4,0,11,0,2018,9,7,6,3,5,3,0,1,1,0,0,0,0,0,4.73552E+20,5.89202E+21,8.60429E+15,5.31768E+16
141176,4,0,11,0,2018,9,8,2,3,0,1,0,1,0,0,0,0,0,1,4.91642E+20,5.88145E+21,8.87523E+15,5.30824E+16
141177,4,0,11,0,2018,9,20,6,3,5,3,1,1,1,0,0,0,0,0,4.8824E+20,5.88166E+21,8.82443E+15,5.30843E+16
141178,4,0,12,0,2018,9,12,6,3,2,6,0,0,1,0,0,0,0,0,4.73308E+20,5.932E+21,8.59726E+15,5.35362E+16
141179,4,0,11,0,2018,10,17,2,2,0,5,0,0,1,0,1,0,0,0,4.73959E+20,5.89286E+21,8.61031E+15,5.31844E+16
141180,4,0,11,0,2018,9,13,6,3,5,3,0,0,1,0,1,0,0,1,4.9381E+20,5.87621E+21,8.9077E+15,5.30354E+16
141181,4,0,11,0,2018,9,16,5,3,6,3,0,0,1,1,0,0,0,0,4.87214E+20,5.88148E+21,8.80911E+15,5.30827E+16
141182,4,0,12,0,2018,9,8,2,3,5,2,0,1,1,0,0,0,0,1,4.7337E+20,5.93685E+21,8.59778E+15,5.35799E+16
141183,4,0,11,0,2018,9,21,6,3,5,3,2,1,1,0,0,0,0,0,4.83152E+20,5.88179E+21,8.74846E+15,5.30853E+16
141184,4,0,11,0,2018,10,13,3,3,6,4,0,0,1,1,0,0,0,0,4.7457E+20,5.89281E+21,8.61944E+15,5.31841E+16
141185,4,0,11,0,2018,9,15,6,3,5,2,0,1,1,0,0,0,0,1,4.74501E+20,5.89361E+21,8.61836E+15,5.31912E+16
141186,4,0,12,0,2018,9,12,5,3,5,2,0,0,0,0,1,0,1,0,4.73352E+20,5.93169E+21,8.59795E+15,5.35334E+16
141187,4,0,11,0,2018,10,13,2,3,2,6,0,0,1,0,0,0,0,1,4.87533E+20,5.87666E+21,8.81406E+15,5.30393E+16
141188,4,0,11,0,2018,9,17,6,3,5,3,0,1,1,0,0,0,0,0,4.83629E+20,5.88555E+21,8.75538E+15,5.31191E+16
141189,4,0,11,0,2018,9,20,3,3,0,1,2,1,0,0,0,0,0,0,4.88565E+20,5.87994E+21,8.82933E+15,5.30688E+16
141190,4,0,11,0,2018,9,13,4,3,2,6,0,0,1,0,0,0,0,0,4.88749E+20,5.87992E+21,8.83209E+15,5.30686E+16
141191,4,0,11,0,2018,9,20,6,3,5,3,1,0,1,0,0,0,0,0,4.84956E+20,5.87902E+21,8.77552E+15,5.30605E+16
141192,4,0,11,0,2018,9,17,6,2,6,4,0,1,0,1,0,0,0,0,4.96797E+20,5.87957E+21,8.95221E+15,5.30656E+16
141193,4,0,11,0,2018,10,15,6,3,1,5,0,0,1,0,1,0,0,0,4.90844E+20,5.87977E+21,8.86335E+15,5.30673E+16
141194,4,0,11,0,2018,9,17,6,3,5,3,0,0,1,0,0,0,0,0,4.70221E+20,5.89451E+21,8.55421E+15,5.31991E+16
141195,4,0,11,0,2018,9,18,2,3,5,3,0,1,1,0,0,0,0,1,4.82621E+20,5.87816E+21,8.74072E+15,5.30527E+16
141196,4,0,11,0,2018,9,14,6,3,2,6,0,0,1,0,0,0,0,1,4.97477E+20,5.87819E+21,8.96236E+15,5.30532E+16
141197,4,0,11,0,2018,10,15,1,3,5,2,0,1,1,0,0,0,0,0,4.87197E+20,5.88153E+21,8.80886E+15,5.30831E+16
141198,4,0,11,0,2018,9,11,6,3,5,2,0,0,0,0,0,1,1,0,4.84872E+20,5.88357E+21,8.77404E+15,5.31013E+16
141199,4,0,11,0,2018,9,14,4,3,5,2,0,1,1,0,0,0,0,0,4.85687E+20,5.88376E+21,8.78621E+15,5.31031E+16
141200,4,0,11,0,2018,9,18,1,2,0,7,0,1,0,0,0,0,0,0,4.84293E+20,5.88146E+21,8.76551E+15,5.30824E+16
141201,4,0,12,0,2018,9,7,5,3,5,3,0,1,1,0,0,0,0,0,4.74059E+20,5.93625E+21,8.60823E+15,5.35745E+16
141202,4,0,12,0,2018,10,16,7,3,3,6,0,1,1,0,0,0,0,0,4.73193E+20,5.93373E+21,8.59537E+15,5.35517E+16
141203,4,0,11,0,2018,10,6,2,3,5,3,1,0,1,0,1,0,0,1,4.97201E+20,5.87866E+21,8.95824E+15,5.30574E+16
141204,4,0,12,0,2018,9,21,5,3,0,1,2,0,0,0,1,0,0,1,4.74078E+20,5.93583E+21,8.60855E+15,5.35707E+16
141205,4,0,11,0,2018,9,10,2,3,5,3,0,1,1,0,0,0,0,0,4.90448E+20,5.88124E+21,8.8574E+15,5.30805E+16
141206,4,0,11,0,2018,9,9,4,3,1,5,0,0,1,0,0,0,0,0,4.85787E+20,5.88004E+21,8.78787E+15,5.30697E+16
141207,4,0,11,0,2018,9,18,5,3,6,4,0,0,1,1,0,0,0,0,4.67378E+20,5.89559E+21,8.51155E+15,5.32086E+16
141208,4,0,11,0,2018,9,20,6,3,2,6,2,0,1,0,0,0,0,0,4.86533E+20,5.88359E+21,8.79886E+15,5.31016E+16
141209,4,0,11,0,2018,10,15,5,3,2,6,0,0,1,0,0,1,0,0,4.85663E+20,5.88154E+21,8.78595E+15,5.30831E+16
141210,4,0,11,0,2018,9,7,5,3,6,4,0,0,1,1,0,0,0,0,4.87857E+20,5.87805E+21,8.81884E+15,5.30518E+16
141211,4,0,11,0,2018,9,18,1,3,5,3,0,0,1,0,0,0,0,1,4.92496E+20,5.8797E+21,8.88801E+15,5.30667E+16
141212,4,0,11,0,2018,9,10,5,3,6,4,0,0,1,1,0,0,0,0,4.88193E+20,5.88088E+21,8.82375E+15,5.30772E+16
141213,4,0,11,0,2018,10,17,7,3,5,7,0,0,1,0,0,0,0,0,4.83692E+20,5.88547E+21,8.75632E+15,5.31184E+16
141214,4,0,11,0,2018,10,11,4,3,6,4,0,1,0,1,0,0,1,0,4.85277E+20,5.88333E+21,8.78011E+15,5.30992E+16
141215,4,0,11,0,2018,9,12,5,3,5,2,0,1,0,0,0,0,1,0,4.96239E+20,5.8765E+21,8.9439E+15,5.3038E+16
141216,4,0,11,0,2018,9,17,4,3,5,3,0,1,1,0,0,0,0,0,4.88281E+20,5.88169E+21,8.82504E+15,5.30846E+16
141217,4,0,11,0,2018,9,12,7,3,2,6,0,0,1,0,1,0,0,0,4.70346E+20,5.89295E+21,8.55624E+15,5.31851E+16
141218,4,0,11,0,2018,9,16,5,3,3,6,0,1,1,0,0,0,0,0,4.95868E+20,5.88133E+21,8.93831E+15,5.30814E+16
141219,4,0,11,0,2018,10,17,7,3,5,3,0,1,1,0,0,0,0,0,4.89159E+20,5.87982E+21,8.8382E+15,5.30677E+16
141220,4,0,11,0,2018,9,18,3,3,2,6,0,0,1,0,0,0,0,0,4.85687E+20,5.88375E+21,8.78622E+15,5.3103E+16
141221,4,0,11,0,2018,9,15,5,3,5,3,0,1,1,0,0,0,0,1,4.71398E+20,5.89417E+21,8.57186E+15,5.31961E+16
141222,4,0,11,0,2018,9,8,6,2,4,6,0,1,0,0,0,0,0,0,4.91344E+20,5.88323E+21,8.87073E+15,5.30985E+16
141223,4,0,11,0,2018,10,20,4,2,6,4,2,0,0,1,1,0,0,0,4.89008E+20,5.88009E+21,8.83594E+15,5.30702E+16
141224,4,0,11,0,2018,9,15,5,3,2,6,0,0,1,0,0,0,0,1,4.86795E+20,5.88183E+21,8.80285E+15,5.30858E+16
141225,4,0,11,0,2018,9,19,6,2,6,4,2,0,1,1,0,0,0,1,4.86738E+20,5.88176E+21,8.802E+15,5.30852E+16
141226,4,0,12,0,2018,9,9,3,3,3,6,0,0,1,0,1,0,0,1,4.74363E+20,5.93772E+21,8.6127E+15,5.35877E+16
141227,4,0,11,0,2018,9,15,5,2,4,6,0,1,0,0,0,0,0,0,4.90008E+20,5.87732E+21,8.85096E+15,5.30453E+16
141228,4,0,11,0,2018,9,10,6,3,5,3,0,0,1,0,0,0,0,0,4.75973E+20,5.8918E+21,8.64052E+15,5.3175E+16
141229,4,0,11,0,2018,10,11,5,3,4,1,0,1,0,0,0,0,1,0,4.86398E+20,5.88282E+21,8.79688E+15,5.30947E+16
141230,4,0,11,0,2018,9,16,5,3,5,3,0,0,1,0,0,0,1,1,4.88247E+20,5.87995E+21,8.82458E+15,5.30689E+16
141231,4,0,11,0,2018,9,5,7,3,4,6,2,0,1,0,0,0,0,1,4.87714E+20,5.88164E+21,8.81658E+15,5.30841E+16
141232,4,0,11,0,2018,9,15,5,3,2,6,0,0,1,0,0,0,0,0,4.85862E+20,5.88043E+21,8.78898E+15,5.30731E+16
141233,4,0,11,0,2018,10,15,6,3,2,6,0,0,1,0,0,0,0,0,4.82525E+20,5.88857E+21,8.73873E+15,5.31463E+16
141234,4,0,11,0,2018,10,17,3,3,5,2,0,1,1,0,0,0,0,1,4.90175E+20,5.88151E+21,8.85331E+15,5.30829E+16
141235,4,0,11,0,2018,9,19,5,3,5,2,1,0,1,0,0,0,0,1,4.83089E+20,5.88634E+21,8.74727E+15,5.31262E+16
141236,4,0,11,0,2018,9,8,4,3,3,2,0,1,0,0,0,0,1,0,4.89096E+20,5.87649E+21,8.83738E+15,5.30378E+16
141237,4,0,11,0,2018,9,13,6,3,5,2,0,1,0,0,0,0,0,0,4.85609E+20,5.88058E+21,8.78519E+15,5.30745E+16
141238,4,0,11,0,2018,9,17,5,3,5,7,0,1,1,0,0,0,0,1,4.71835E+20,5.89536E+21,8.57829E+15,5.32068E+16
141239,4,0,11,0,2018,9,12,6,3,2,7,0,0,1,0,0,0,0,0,4.87484E+20,5.88328E+21,8.81307E+15,5.30989E+16
141240,4,0,11,0,2018,10,15,7,3,2,6,0,0,1,0,0,0,0,0,4.93049E+20,5.88537E+21,8.89613E+15,5.31177E+16
141241,4,0,11,0,2018,9,7,5,3,2,6,0,0,1,0,0,0,0,0,4.87811E+20,5.8781E+21,8.81816E+15,5.30523E+16
141242,4,0,11,0,2018,9,19,3,3,5,3,1,1,1,0,0,0,0,0,4.84098E+20,5.87901E+21,8.76272E+15,5.30603E+16
141243,4,0,11,0,2018,9,12,5,3,0,7,0,1,0,0,0,0,0,0,4.82545E+20,5.88734E+21,8.73909E+15,5.31352E+16
141244,4,0,11,0,2018,9,8,6,3,5,3,0,1,0,0,0,0,0,0,4.87094E+20,5.88143E+21,8.80732E+15,5.30822E+16
141245,4,0,11,0,2018,9,18,1,3,0,7,0,1,0,0,0,0,0,0,4.87815E+20,5.87748E+21,8.81824E+15,5.30467E+16
141246,4,0,11,0,2018,10,17,3,3,5,2,0,1,1,0,0,0,0,0,4.85767E+20,5.88006E+21,8.78758E+15,5.30698E+16
141247,4,0,11,0,2018,9,15,5,3,0,1,0,1,0,0,0,0,0,1,4.71264E+20,5.89511E+21,8.56977E+15,5.32045E+16
141248,4,0,11,0,2018,9,12,6,3,8,1,0,0,1,0,0,0,0,1,4.81026E+20,5.87752E+21,8.71696E+15,5.30469E+16
141249,4,0,11,0,2018,10,17,2,3,2,6,0,0,1,0,0,0,0,1,4.97209E+20,5.87744E+21,8.95836E+15,5.30465E+16
141250,4,0,11,0,2018,9,16,5,3,5,3,0,0,1,0,0,0,0,1,4.70962E+20,5.89352E+21,8.5654E+15,5.31903E+16
141251,4,0,11,0,2018,9,9,3,3,1,5,0,1,1,0,0,0,0,0,4.87448E+20,5.88239E+21,8.81257E+15,5.30908E+16
141252,4,0,12,0,2018,9,17,4,3,6,4,0,0,1,1,0,0,0,1,4.72765E+20,5.93033E+21,8.58922E+15,5.35212E+16
141253,4,0,11,0,2018,9,16,5,3,5,2,0,1,1,0,0,0,0,1,4.81046E+20,5.88728E+21,8.71669E+15,5.31346E+16
141254,4,0,11,0,2018,9,12,6,3,4,6,0,1,1,0,0,0,0,0,4.81313E+20,5.89154E+21,8.72043E+15,5.31729E+16
141255,4,0,11,0,2018,10,9,6,3,4,1,0,0,1,0,0,0,0,0,4.92223E+20,5.87697E+21,8.88401E+15,5.30422E+16
141256,4,0,12,0,2018,10,10,2,3,1,7,0,0,1,0,0,0,0,1,4.71692E+20,5.93358E+21,8.57273E+15,5.35504E+16
141257,4,0,11,0,2018,9,7,5,3,5,3,0,1,1,0,0,0,0,0,4.88157E+20,5.8774E+21,8.82334E+15,5.3046E+16
141258,4,0,12,0,2018,9,15,3,3,6,7,0,1,0,1,0,0,0,0,4.72997E+20,5.9297E+21,8.59276E+15,5.35156E+16
141259,4,0,11,0,2018,9,13,5,3,2,2,0,0,1,0,0,0,0,0,4.85466E+20,5.88079E+21,8.78305E+15,5.30764E+16
141260,4,0,11,0,2018,9,15,5,3,5,3,0,1,1,0,0,0,0,0,4.9314E+20,5.8811E+21,8.89759E+15,5.30794E+16
141261,4,0,12,0,2018,9,16,5,3,5,3,0,1,1,0,0,0,0,0,4.72461E+20,5.93422E+21,8.58429E+15,5.35562E+16
141262,4,0,11,0,2018,10,9,6,3,3,6,0,0,1,0,0,0,0,0,4.97446E+20,5.87819E+21,8.96189E+15,5.30532E+16
141263,4,0,11,0,2018,9,14,5,3,5,3,0,1,1,0,0,0,0,0,4.9056E+20,5.88167E+21,8.85906E+15,5.30844E+16
141264,4,0,11,0,2018,9,17,2,3,2,6,0,0,1,0,0,0,0,1,4.81875E+20,5.88662E+21,8.72911E+15,5.31286E+16
141265,4,0,12,0,2018,9,9,4,3,5,3,0,1,1,0,0,0,0,0,4.72825E+20,5.93551E+21,8.58966E+15,5.35678E+16
141266,4,0,12,0,2018,9,14,5,3,0,1,0,0,1,0,0,1,0,0,4.73472E+20,5.92933E+21,8.59996E+15,5.35122E+16
141267,4,0,11,0,2018,10,14,3,3,3,6,0,1,0,0,0,0,0,0,4.89644E+20,5.88166E+21,8.84539E+15,5.30843E+16
141268,4,0,11,0,2018,9,17,4,3,5,2,0,0,1,0,1,0,0,0,4.82255E+20,5.87721E+21,8.73531E+15,5.30441E+16
141269,4,0,11,0,2018,9,15,5,2,5,3,0,1,1,0,0,0,0,0,4.74009E+20,5.89184E+21,8.61113E+15,5.31753E+16
141270,4,0,11,0,2018,9,14,2,3,5,3,0,1,1,0,0,0,0,0,4.87883E+20,5.88122E+21,8.81912E+15,5.30803E+16
141271,4,0,11,0,2018,10,12,2,2,5,3,0,0,1,0,1,0,0,1,4.74183E+20,5.89162E+21,8.61375E+15,5.31733E+16
141272,4,0,11,0,2018,9,16,4,3,0,7,0,0,1,0,0,0,0,0,4.95554E+20,5.8766E+21,8.9337E+15,5.30389E+16
141273,4,0,12,0,2018,9,10,2,3,5,3,0,1,1,0,0,0,0,0,4.74311E+20,5.93771E+21,8.61192E+15,5.35876E+16
141274,4,0,11,0,2018,9,11,4,3,3,6,0,1,1,0,0,0,0,0,4.89919E+20,5.8769E+21,8.84964E+15,5.30415E+16
141275,4,0,11,0,2018,9,16,4,3,5,3,0,1,1,0,0,0,0,0,4.87353E+20,5.8812E+21,8.81119E+15,5.30801E+16
141276,4,0,11,0,2018,9,12,5,3,5,3,0,1,1,0,0,0,0,0,4.86772E+20,5.88117E+21,8.80252E+15,5.30799E+16
141277,4,0,12,0,2018,10,16,5,3,2,6,0,0,1,0,0,0,0,0,4.73484E+20,5.92816E+21,8.60024E+15,5.35017E+16
141278,4,0,11,0,2018,9,7,4,3,2,6,0,1,0,0,0,0,0,0,4.69924E+20,5.89427E+21,8.54979E+15,5.31969E+16
141279,4,0,12,0,2018,9,18,1,3,5,3,0,0,1,0,0,0,0,1,4.73352E+20,5.93169E+21,8.59795E+15,5.35334E+16
141280,4,0,11,0,2018,9,13,4,3,5,3,0,1,0,0,0,1,0,0,4.83367E+20,5.88173E+21,8.75167E+15,5.30848E+16
141281,4,0,11,0,2018,9,12,5,3,5,3,0,1,1,0,0,0,0,0,4.75947E+20,5.89324E+21,8.64003E+15,5.3188E+16
141282,4,0,11,0,2018,10,7,6,3,5,3,0,1,0,0,0,0,0,0,4.89967E+20,5.88013E+21,8.85025E+15,5.30706E+16
141283,4,0,11,0,2018,9,13,4,2,5,3,0,1,0,0,0,0,0,0,4.77954E+20,5.89174E+21,8.67017E+15,5.31746E+16
141284,4,0,11,0,2018,9,12,2,3,5,2,0,1,1,0,0,0,0,1,4.91865E+20,5.88106E+21,8.87856E+15,5.30789E+16
141285,4,0,11,0,2018,9,14,3,2,5,3,0,1,0,0,0,0,1,0,4.91421E+20,5.87975E+21,8.87196E+15,5.30671E+16
141286,4,0,11,0,2018,9,16,5,3,5,3,0,1,1,0,1,0,0,0,4.93184E+20,5.88645E+21,8.89814E+15,5.31275E+16
141287,4,0,11,0,2018,10,12,2,3,5,2,0,1,1,0,0,0,0,0,4.88284E+20,5.88165E+21,8.82508E+15,5.30842E+16
141288,4,0,11,0,2018,9,19,3,3,0,1,0,0,0,0,1,0,0,0,4.87141E+20,5.88035E+21,8.80807E+15,5.30725E+16