OBJECTID_1,ULAND,UREGBEZ,UKREIS,UGEMEINDE,UJAHR,UMONAT,USTUNDE,UWOCHENTAG,UKATEGORIE,UART,UTYP1,ULICHTVERH,IstRad,IstPKW,IstFuss,IstKrad,IstGkfz,IstSonstig,STRZUSTAND,LINREFX,LINREFY,XGCSWGS84,YGCSWGS84
141662,4,0,11,0,2018,10,18,1,3,5,2,2,1,1,0,0,0,0,0,4.90794E+20,5.88416E+21,8.86248E+15,5.31068E+16
141663,4,0,11,0,2018,10,14,1,3,5,3,0,1,1,0,0,0,0,0,4.82576E+20,5.87802E+21,8.74006E+15,5.30514E+16
141664,4,0,12,0,2018,11,17,2,3,2,6,2,0,1,0,0,0,0,1,4.73651E+20,5.93143E+21,8.60248E+15,5.35312E+16
141665,4,0,11,0,2018,11,14,2,3,2,6,0,0,1,0,0,0,0,0,4.85185E+20,5.88283E+21,8.77876E+15,5.30947E+16
141666,4,0,11,0,2018,10,19,1,3,5,3,2,0,1,0,0,0,0,0,4.91258E+20,5.87944E+21,8.86955E+15,5.30644E+16
141667,4,0,11,0,2018,11,18,6,3,5,3,2,0,1,0,0,0,0,0,4.81875E+20,5.88662E+21,8.72911E+15,5.31286E+16
141668,4,0,11,0,2018,12,19,5,3,5,2,2,1,1,0,0,0,0,1,4.90109E+20,5.88048E+21,8.85237E+15,5.30737E+16
141669,4,0,11,0,2018,11,13,5,3,5,3,0,1,1,0,0,0,0,1,4.9614E+20,5.87877E+21,8.9424E+15,5.30584E+16
141670,4,0,11,0,2018,10,10,1,3,5,3,0,0,1,0,0,0,0,0,4.90332E+20,5.88137E+21,8.85567E+15,5.30817E+16
141671,4,0,11,0,2018,11,18,4,3,2,6,2,0,1,0,0,0,0,0,4.92384E+20,5.88025E+21,8.88633E+15,5.30717E+16
141672,4,0,11,0,2018,10,8,3,3,5,3,0,1,1,0,0,0,0,0,4.85421E+20,5.88345E+21,8.78225E+15,5.31003E+16
141673,4,0,12,0,2018,11,19,2,3,0,7,2,1,1,0,0,0,0,0,4.7259E+20,5.93486E+21,8.58618E+15,5.35619E+16
141674,4,0,11,0,2018,12,18,2,3,0,7,2,0,0,0,0,0,1,0,4.83379E+20,5.88591E+21,8.75163E+15,5.31224E+16
141675,4,0,11,0,2018,11,6,7,3,2,6,1,0,1,0,0,0,0,1,4.89853E+20,5.8779E+21,8.84863E+15,5.30506E+16
141676,4,0,11,0,2018,10,5,1,3,6,4,2,0,0,1,0,0,1,0,4.87374E+20,5.88123E+21,8.81151E+15,5.30804E+16
141677,4,0,12,0,2018,11,19,5,2,0,6,2,0,1,0,0,0,0,0,4.72163E+20,5.93351E+21,8.57985E+15,5.35498E+16
141678,4,0,11,0,2018,10,12,7,3,0,2,0,1,1,0,0,0,0,0,4.88343E+20,5.8761E+21,8.82617E+15,5.30343E+16
141679,4,0,11,0,2018,10,17,3,3,4,2,2,1,1,0,0,0,0,0,4.85953E+20,5.88029E+21,8.79034E+15,5.30719E+16
141680,4,0,11,0,2018,11,18,3,3,3,6,2,1,0,0,0,0,0,1,4.86956E+20,5.8813E+21,8.80527E+15,5.3081E+16
141681,4,0,11,0,2018,12,13,3,2,0,1,0,0,1,0,0,0,0,1,4.89103E+20,5.88146E+21,8.83732E+15,5.30825E+16
141682,4,0,12,0,2018,11,15,1,3,6,2,0,0,0,1,1,0,0,0,4.72236E+20,5.93369E+21,8.58094E+15,5.35513E+16
141683,4,0,11,0,2018,10,13,7,3,5,3,0,0,1,0,0,0,0,0,4.75857E+20,5.89124E+21,8.63882E+15,5.317E+16
141684,4,0,11,0,2018,11,18,6,2,0,7,2,0,1,0,0,0,0,0,4.84645E+20,5.87913E+21,8.77087E+15,5.30614E+16
141685,4,0,11,0,2018,11,10,5,3,5,3,0,0,1,0,0,0,0,1,4.8263E+20,5.87821E+21,8.74085E+15,5.30531E+16
141686,4,0,11,0,2018,10,1,7,3,9,7,2,0,1,0,0,0,0,0,4.86989E+20,5.88134E+21,8.80576E+15,5.30814E+16
141687,4,0,11,0,2018,10,17,7,3,2,6,1,0,1,0,0,0,0,0,4.8256E+20,5.87782E+21,8.73983E+15,5.30496E+16
141688,4,0,11,0,2018,11,20,2,3,1,5,2,0,1,0,0,1,0,1,4.93345E+20,5.87594E+21,8.90076E+15,5.30329E+16
141689,4,0,11,0,2018,11,20,2,2,6,4,2,0,1,1,0,0,0,0,4.87239E+20,5.87879E+21,8.80959E+15,5.30585E+16
141690,4,0,11,0,2018,10,20,7,2,5,2,2,0,1,0,0,0,0,0,4.83531E+20,5.88568E+21,8.75391E+15,5.31203E+16
141691,4,0,11,0,2018,10,14,3,3,6,4,0,0,1,1,0,0,0,1,4.96508E+20,5.87941E+21,8.94788E+15,5.30641E+16
141692,4,0,12,0,2018,11,15,5,3,3,2,0,1,1,0,0,0,0,0,4.73339E+20,5.93176E+21,8.59775E+15,5.35341E+16
141693,4,0,12,0,2018,12,13,4,3,2,6,0,0,1,0,0,0,0,1,4.74051E+20,5.93002E+21,8.60863E+15,5.35185E+16
141694,4,0,11,0,2018,10,20,7,3,5,3,1,0,1,0,0,0,0,0,4.94376E+20,5.88019E+21,8.91607E+15,5.30712E+16
141695,4,0,11,0,2018,11,5,3,2,6,4,2,0,1,1,0,0,0,0,4.83427E+20,5.88516E+21,8.75239E+15,5.31156E+16
141696,4,0,11,0,2018,10,10,3,3,5,3,0,1,1,0,0,0,0,1,4.92821E+20,5.87782E+21,8.8929E+15,5.30499E+16
141697,4,0,11,0,2018,11,18,5,3,1,7,2,0,1,0,0,0,1,1,4.8608E+20,5.88044E+21,8.79222E+15,5.30733E+16
141698,4,0,11,0,2018,12,17,2,3,5,3,2,1,0,0,0,0,0,1,4.88009E+20,5.88136E+21,8.82099E+15,5.30816E+16
141699,4,0,11,0,2018,11,6,6,3,2,6,2,0,1,0,0,0,0,1,4.95222E+20,5.87885E+21,8.9287E+15,5.30591E+16
141700,4,0,12,0,2018,10,13,6,3,3,6,0,1,1,0,0,0,0,0,4.73872E+20,5.93055E+21,8.60589E+15,5.35232E+16
141701,4,0,11,0,2018,11,8,5,3,2,6,1,0,1,0,0,0,0,0,4.85358E+20,5.88071E+21,8.78145E+15,5.30757E+16
141702,4,0,11,0,2018,11,13,4,3,5,3,0,1,1,0,0,0,0,0,4.82624E+20,5.8782E+21,8.74076E+15,5.30531E+16
141703,4,0,12,0,2018,10,18,6,2,6,4,1,0,1,1,0,0,0,0,4.73518E+20,5.93108E+21,8.6005E+15,5.3528E+16
141704,4,0,11,0,2018,10,21,6,3,1,6,2,0,1,0,0,0,0,0,4.87772E+20,5.88157E+21,8.81744E+15,5.30835E+16
141705,4,0,11,0,2018,11,11,1,3,5,3,0,1,1,0,0,0,0,1,4.82577E+20,5.88746E+21,8.73956E+15,5.31363E+16
141706,4,0,11,0,2018,11,17,7,3,0,2,2,1,1,0,0,0,0,0,4.94376E+20,5.88019E+21,8.91607E+15,5.30712E+16
141707,4,0,11,0,2018,10,17,6,3,5,3,0,1,1,0,0,0,0,0,4.86879E+20,5.88034E+21,8.80415E+15,5.30724E+16
141708,4,0,11,0,2018,10,16,3,3,5,2,0,1,1,0,0,0,0,0,4.71432E+20,5.89317E+21,8.57246E+15,5.31871E+16
141709,4,0,11,0,2018,11,16,5,3,4,6,2,0,1,0,0,0,1,1,4.97472E+20,5.87886E+21,8.96228E+15,5.30592E+16
141710,4,0,11,0,2018,10,11,6,3,5,2,0,1,1,0,0,0,0,0,4.92114E+20,5.88351E+21,8.88222E+15,5.3101E+16
141711,4,0,11,0,2018,10,2,6,3,5,2,2,1,1,0,0,0,0,0,4.88674E+20,5.88023E+21,8.83095E+15,5.30714E+16
141712,4,0,12,0,2018,11,11,1,3,8,1,0,0,0,0,0,0,1,1,4.73091E+20,5.93369E+21,8.59383E+15,5.35514E+16
141713,4,0,11,0,2018,11,20,2,3,5,3,2,0,1,0,0,0,0,0,4.85753E+20,5.88203E+21,8.78727E+15,5.30876E+16
141714,4,0,11,0,2018,10,12,6,3,5,2,0,1,1,0,0,0,0,0,4.92761E+20,5.87761E+21,8.89202E+15,5.3048E+16
141715,4,0,11,0,2018,10,16,3,3,5,2,0,1,1,0,0,0,0,1,4.88285E+20,5.88165E+21,8.8251E+15,5.30842E+16
141716,4,0,11,0,2018,11,8,5,2,0,7,0,1,0,0,0,0,0,0,4.87685E+20,5.87854E+21,8.81626E+15,5.30562E+16
141717,4,0,11,0,2018,12,7,4,3,0,1,1,1,0,0,0,0,0,2,4.86975E+20,5.88043E+21,8.80559E+15,5.30732E+16
141718,4,0,11,0,2018,10,19,6,3,1,6,2,0,1,0,0,0,1,0,4.86983E+20,5.87957E+21,8.80574E+15,5.30655E+16
141719,4,0,11,0,2018,11,12,2,3,2,6,0,0,1,0,0,0,0,1,4.8919E+20,5.88149E+21,8.83861E+15,5.30828E+16
141720,4,0,11,0,2018,10,14,3,3,1,6,0,0,1,0,0,0,0,0,4.95596E+20,5.87999E+21,8.93427E+15,5.30693E+16
141721,4,0,11,0,2018,12,15,1,3,6,7,2,0,1,1,0,0,0,1,4.71611E+20,5.89373E+21,8.57509E+15,5.31921E+16
141722,4,0,11,0,2018,11,16,6,2,0,7,0,0,0,0,0,0,1,0,4.73351E+20,5.89209E+21,8.60127E+15,5.31775E+16
141723,4,0,11,0,2018,10,12,6,3,5,2,0,1,1,0,0,0,0,0,4.84426E+20,5.88474E+21,8.76733E+15,5.31118E+16
141724,4,0,11,0,2018,11,21,5,3,3,2,2,1,1,0,0,0,0,0,4.86205E+20,5.88056E+21,8.79409E+15,5.30743E+16
141725,4,0,12,0,2018,11,10,5,3,6,4,0,0,1,1,0,0,0,0,4.73512E+20,5.93577E+21,8.60002E+15,5.35702E+16
141726,4,0,11,0,2018,11,20,4,3,0,7,0,0,1,0,0,0,0,0,4.74399E+20,5.89164E+21,8.61699E+15,5.31735E+16
141727,4,0,11,0,2018,10,12,6,3,2,6,0,0,1,0,1,0,0,0,4.89068E+20,5.88145E+21,8.83679E+15,5.30824E+16
141728,4,0,11,0,2018,10,8,6,3,5,3,0,1,1,0,0,0,0,0,4.86165E+20,5.88262E+21,8.79341E+15,5.30929E+16
141729,4,0,11,0,2018,11,9,7,3,1,6,0,0,1,0,0,0,0,0,4.97204E+20,5.87746E+21,8.95829E+15,5.30466E+16
141730,4,0,11,0,2018,12,12,6,3,5,3,0,1,1,0,0,0,0,1,4.89929E+20,5.88175E+21,8.84963E+15,5.30851E+16
141731,4,0,11,0,2018,11,18,6,3,5,2,2,1,1,0,0,0,0,0,4.86733E+20,5.88024E+21,8.80198E+15,5.30714E+16
141732,4,0,11,0,2018,10,16,6,3,5,2,0,1,0,0,0,0,1,0,4.89738E+20,5.87765E+21,8.84692E+15,5.30483E+16
141733,4,0,11,0,2018,10,15,3,3,0,7,0,0,1,0,0,0,1,0,4.95446E+20,5.8793E+21,8.93205E+15,5.30632E+16
141734,4,0,11,0,2018,11,15,4,3,5,3,0,1,1,0,0,0,0,0,4.83086E+20,5.88634E+21,8.74722E+15,5.31262E+16
141735,4,0,11,0,2018,12,18,3,3,5,3,2,1,1,0,0,0,0,0,4.89481E+20,5.88213E+21,8.84294E+15,5.30885E+16
141736,4,0,12,0,2018,10,12,5,3,2,6,0,0,1,0,0,0,0,0,4.73234E+20,5.9354E+21,8.59586E+15,5.35668E+16
141737,4,0,12,0,2018,11,12,6,3,2,6,0,0,1,0,0,0,0,0,4.73112E+20,5.93499E+21,8.59405E+15,5.35631E+16
141738,4,0,11,0,2018,10,6,3,2,6,4,2,0,0,1,0,0,1,1,4.91897E+20,5.88176E+21,8.87902E+15,5.30852E+16
141739,4,0,11,0,2018,11,16,6,3,5,3,2,1,1,0,0,0,0,0,4.84943E+20,5.88014E+21,8.77528E+15,5.30705E+16
141740,4,0,11,0,2018,11,18,4,3,4,6,2,1,0,0,0,0,0,0,4.86636E+20,5.88017E+21,8.80054E+15,5.30708E+16
141741,4,0,11,0,2018,12,20,4,3,9,1,2,0,0,0,1,0,0,1,4.95506E+20,5.87882E+21,8.93294E+15,5.30589E+16
141742,4,0,12,0,2018,10,16,5,3,2,6,0,0,1,0,0,0,0,0,4.72732E+20,5.92888E+21,8.58883E+15,5.35081E+16
141743,4,0,11,0,2018,11,17,1,3,5,2,2,0,1,0,0,0,0,1,4.95342E+20,5.87884E+21,8.93049E+15,5.3059E+16
141744,4,0,11,0,2018,10,8,3,3,2,6,2,0,1,0,0,0,0,1,4.9135E+20,5.88243E+21,8.87083E+15,5.30913E+16
141745,4,0,11,0,2018,12,7,7,3,6,4,1,0,0,1,0,0,1,0,4.87866E+20,5.88124E+21,8.81885E+15,5.30805E+16
141746,4,0,12,0,2018,10,12,5,3,6,4,0,0,1,1,0,0,0,0,4.72987E+20,5.93558E+21,8.5921E+15,5.35684E+16
141747,4,0,11,0,2018,11,16,4,3,4,6,0,0,1,0,0,0,1,0,4.95643E+20,5.87997E+21,8.93498E+15,5.30692E+16
141748,4,0,11,0,2018,11,7,3,3,5,3,1,1,1,0,0,0,0,0,4.71451E+20,5.89438E+21,8.57264E+15,5.3198E+16
141749,4,0,11,0,2018,10,13,5,3,5,3,0,1,0,0,0,0,0,1,4.89738E+20,5.87765E+21,8.84692E+15,5.30483E+16
141750,4,0,11,0,2018,10,4,5,3,6,4,2,0,1,1,0,0,0,1,4.95475E+20,5.8766E+21,8.93251E+15,5.30389E+16
141751,4,0,11,0,2018,11,6,6,3,5,2,2,0,1,0,0,0,0,1,4.86194E+20,5.88262E+21,8.79384E+15,5.30928E+16
141752,4,0,11,0,2018,12,9,5,3,2,6,0,0,1,0,0,0,0,1,4.84642E+20,5.87914E+21,8.77082E+15,5.30615E+16
141753,4,0,11,0,2018,11,19,6,3,5,3,2,0,1,0,0,0,0,0,4.8353E+20,5.88568E+21,8.75391E+15,5.31203E+16
141754,4,0,11,0,2018,10,15,5,3,5,3,0,1,1,0,0,0,0,0,4.85863E+20,5.88268E+21,8.78889E+15,5.30934E+16
141755,4,0,11,0,2018,10,12,3,3,2,6,0,0,1,0,0,0,0,1,4.858E+20,5.87929E+21,8.7881E+15,5.30629E+16
141756,4,0,11,0,2018,11,14,3,3,6,4,0,0,1,1,0,0,0,0,4.82352E+20,5.87736E+21,8.73676E+15,5.30455E+16
141757,4,0,11,0,2018,12,9,3,3,5,2,0,1,1,0,0,0,0,0,4.71743E+20,5.89331E+21,8.57711E+15,5.31884E+16
141758,4,0,11,0,2018,11,11,2,3,5,3,0,0,1,0,0,0,0,0,4.92335E+20,5.88452E+21,8.88549E+15,5.311E+16
141759,4,0,11,0,2018,10,21,5,3,7,7,2,0,0,0,1,0,0,1,4.80556E+20,5.88293E+21,8.70963E+15,5.30955E+16
141760,4,0,11,0,2018,11,14,6,3,5,3,0,1,1,0,0,0,0,0,4.88435E+20,5.88152E+21,8.82733E+15,5.3083E+16
141761,4,0,11,0,2018,11,17,5,3,5,2,2,1,1,0,0,0,0,1,4.86218E+20,5.88375E+21,8.79414E+15,5.3103E+16
141762,4,0,11,0,2018,10,13,5,2,6,4,0,0,1,1,0,0,0,1,4.95286E+20,5.8771E+21,8.92968E+15,5.30434E+16
141763,4,0,11,0,2018,10,7,5,3,5,2,1,1,1,0,0,0,0,0,4.84889E+20,5.88358E+21,8.7743E+15,5.31015E+16
141764,4,0,11,0,2018,11,10,2,3,2,6,0,0,1,0,0,0,1,1,4.92483E+20,5.88441E+21,8.8877E+15,5.31091E+16
141765,4,0,11,0,2018,11,14,2,3,4,6,0,0,1,0,0,0,1,0,4.88424E+20,5.88154E+21,8.82717E+15,5.30832E+16
141766,4,0,11,0,2018,10,11,5,3,0,7,0,0,0,0,0,0,1,1,4.91208E+20,5.87973E+21,8.86879E+15,5.3067E+16
141767,4,0,11,0,2018,10,7,5,3,5,3,1,0,1,0,1,0,0,0,4.95738E+20,5.88048E+21,8.93638E+15,5.30738E+16
141768,4,0,12,0,2018,10,16,4,3,5,2,0,1,1,0,0,0,0,0,4.729E+20,5.93287E+21,8.59103E+15,5.3544E+16
141769,4,0,11,0,2018,11,17,3,3,1,5,2,1,1,0,0,0,0,0,4.85683E+20,5.88346E+21,8.78617E+15,5.31004E+16
141770,4,0,11,0,2018,11,0,3,2,0,7,2,0,1,0,0,0,1,0,4.7416E+20,5.89306E+21,8.61329E+15,5.31863E+16
141771,4,0,11,0,2018,10,7,4,3,2,6,0,0,1,0,0,0,0,0,4.86307E+20,5.88236E+21,8.79553E+15,5.30905E+16
141772,4,0,11,0,2018,11,12,6,3,5,3,0,0,1,0,0,0,0,1,4.71582E+20,5.89381E+21,8.57465E+15,5.31928E+16
141773,4,0,11,0,2018,12,20,5,3,5,3,2,1,0,0,0,0,1,0,4.93219E+20,5.8822E+21,8.89876E+15,5.30892E+16
141774,4,0,11,0,2018,11,17,5,3,2,6,2,0,1,0,0,0,0,1,4.91969E+20,5.88477E+21,8.88002E+15,5.31123E+16
141775,4,0,11,0,2018,10,16,4,3,5,3,0,1,1,0,0,0,0,0,4.86072E+20,5.88042E+21,8.79211E+15,5.3073E+16
141776,4,0,11,0,2018,11,9,4,2,2,6,0,0,1,0,0,0,1,0,4.8947E+20,5.87615E+21,8.84297E+15,5.30347E+16
141777,4,0,11,0,2018,10,14,3,3,2,6,0,0,1,0,0,0,1,0,4.8909E+20,5.88147E+21,8.83712E+15,5.30826E+16
141778,4,0,11,0,2018,11,18,3,3,5,2,2,1,0,0,0,0,1,0,4.85297E+20,5.87987E+21,8.78056E+15,5.30681E+16
141779,4,0,11,0,2018,12,6,3,3,6,3,2,0,1,1,0,0,0,1,4.95605E+20,5.87999E+21,8.93441E+15,5.30694E+16
141780,4,0,11,0,2018,11,13,7,3,5,2,0,1,0,0,0,1,0,0,4.86219E+20,5.88377E+21,8.79416E+15,5.31032E+16
141781,4,0,11,0,2018,10,15,4,3,5,3,0,1,1,0,0,0,0,0,4.96788E+20,5.87612E+21,8.9521E+15,5.30346E+16
141782,4,0,11,0,2018,11,19,6,3,5,2,2,0,1,0,1,0,0,0,4.80219E+20,5.89155E+21,8.70406E+15,5.3173E+16
141783,4,0,11,0,2018,10,2,4,3,5,3,2,1,1,0,0,0,0,1,4.81675E+20,5.87627E+21,8.72671E+15,5.30357E+16
141784,4,0,11,0,2018,11,8,5,3,6,7,0,0,1,1,0,0,0,1,4.88425E+20,5.88118E+21,8.8272E+15,5.30799E+16
141785,4,0,11,0,2018,10,17,4,3,2,6,0,0,1,0,0,0,0,0,4.92845E+20,5.88145E+21,8.89318E+15,5.30825E+16
141786,4,0,11,0,2018,10,16,4,3,6,6,0,1,0,1,0,0,0,0,4.9253E+20,5.87876E+21,8.88855E+15,5.30583E+16
141787,4,0,11,0,2018,11,15,2,3,0,6,0,1,0,0,0,1,0,1,4.80449E+20,5.8914E+21,8.70751E+15,5.31716E+16
141788,4,0,11,0,2018,11,2,2,2,1,7,2,0,1,0,0,0,0,0,4.92923E+20,5.87813E+21,8.89442E+15,5.30527E+16
141789,4,0,12,0,2018,10,10,3,2,5,3,0,1,1,0,0,0,0,0,4.72587E+20,5.93513E+21,8.58611E+15,5.35644E+16
141790,4,0,12,0,2018,10,16,2,3,5,3,1,0,1,0,0,0,1,0,4.73195E+20,5.93517E+21,8.59528E+15,5.35647E+16
141791,4,0,11,0,2018,11,11,5,3,5,3,0,0,1,0,0,0,0,0,4.74515E+20,5.89172E+21,8.61871E+15,5.31743E+16
141792,4,0,11,0,2018,12,8,4,3,5,2,0,1,0,0,0,1,0,1,4.87179E+20,5.88151E+21,8.80858E+15,5.30829E+16
141793,4,0,12,0,2018,10,8,3,3,3,2,0,1,1,0,0,0,0,0,4.71449E+20,5.93372E+21,8.56905E+15,5.35516E+16
141794,4,0,11,0,2018,11,18,3,3,1,6,2,0,1,0,0,0,0,1,4.91351E+20,5.88262E+21,8.87085E+15,5.3093E+16
141795,4,0,11,0,2018,10,13,2,2,5,3,0,1,0,0,0,0,0,0,4.86584E+20,5.8804E+21,8.79975E+15,5.30729E+16
141796,4,0,12,0,2018,12,22,1,3,3,6,2,0,1,0,0,0,1,1,4.72806E+20,5.93153E+21,8.58973E+15,5.3532E+16
141797,4,0,11,0,2018,11,17,6,3,2,6,2,0,1,0,0,0,0,0,4.86063E+20,5.88279E+21,8.79187E+15,5.30944E+16
141798,4,0,11,0,2018,11,7,6,3,0,7,1,0,0,0,0,0,1,1,4.8785E+20,5.87806E+21,8.81874E+15,5.30519E+16
141799,4,0,11,0,2018,12,12,5,3,1,7,0,0,1,1,0,0,0,1,4.85207E+20,5.88383E+21,8.77904E+15,5.31037E+16
141800,4,0,11,0,2018,11,17,4,3,0,7,0,0,0,0,0,0,1,0,4.88302E+20,5.87652E+21,8.82553E+15,5.30381E+16
141801,4,0,12,0,2018,10,11,3,3,0,1,0,1,0,0,0,0,0,0,4.71819E+20,5.93293E+21,8.5747E+15,5.35445E+16
141802,4,0,12,0,2018,11,15,3,3,5,3,0,1,1,0,0,0,0,0,4.70054E+20,5.93701E+21,8.54768E+15,5.35811E+16
141803,4,0,11,0,2018,11,20,2,3,1,5,1,1,1,0,0,0,0,0,4.74022E+20,5.89184E+21,8.61133E+15,5.31753E+16
141804,4,0,11,0,2018,12,15,2,3,0,2,0,1,1,0,0,0,0,1,4.92032E+20,5.88356E+21,8.88099E+15,5.31014E+16
141805,4,0,12,0,2018,11,15,6,3,5,2,0,0,1,0,0,0,0,0,4.7191E+20,5.93761E+21,8.57566E+15,5.35866E+16
141806,4,0,12,0,2018,10,15,3,3,5,3,0,1,1,0,0,0,0,0,4.74272E+20,5.93778E+21,8.61133E+15,5.35882E+16
141807,4,0,11,0,2018,11,7,5,3,0,7,0,0,0,0,0,0,1,1,4.82282E+20,5.87724E+21,8.73572E+15,5.30444E+16
141808,4,0,11,0,2018,11,7,5,3,6,4,1,0,1,1,0,0,0,1,4.81884E+20,5.88663E+21,8.72925E+15,5.31288E+16
141809,4,0,12,0,2018,10,7,3,3,6,7,1,0,1,1,0,0,0,0,4.73252E+20,5.93541E+21,8.59613E+15,5.35669E+16
141810,4,0,11,0,2018,10,20,3,3,5,2,2,0,1,0,0,0,0,0,4.83529E+20,5.88568E+21,8.75389E+15,5.31203E+16
141811,4,0,12,0,2018,11,3,1,3,6,7,2,0,1,1,0,0,0,1,4.72376E+20,5.93475E+21,8.58296E+15,5.35609E+16
141812,4,0,11,0,2018,11,18,1,3,2,6,2,0,1,0,0,0,0,0,4.96741E+20,5.87951E+21,8.95136E+15,5.30651E+16
141813,4,0,11,0,2018,10,19,3,3,6,4,2,0,1,1,0,0,0,0,4.74786E+20,5.89114E+21,8.62282E+15,5.3169E+16
141814,4,0,11,0,2018,11,15,5,3,6,4,0,1,0,1,0,0,0,0,4.87613E+20,5.87805E+21,8.8152E+15,5.30518E+16
141815,4,0,11,0,2018,12,10,4,2,0,7,0,1,0,0,0,0,0,2,4.91822E+20,5.88146E+21,8.87791E+15,5.30825E+16
141816,4,0,11,0,2018,10,17,3,2,5,3,0,1,1,0,0,0,0,0,4.8735E+20,5.88034E+21,8.81119E+15,5.30724E+16
141817,4,0,11,0,2018,11,17,2,3,5,3,2,0,1,0,0,0,0,0,4.70282E+20,5.89357E+21,8.55521E+15,5.31906E+16
141818,4,0,11,0,2018,12,17,7,3,2,6,2,0,1,0,0,0,0,0,4.8095E+20,5.87834E+21,8.71578E+15,5.30542E+16
141819,4,0,11,0,2018,10,15,3,3,1,5,0,1,1,0,0,0,0,0,4.74153E+20,5.8928E+21,8.61322E+15,5.31839E+16
141820,4,0,11,0,2018,11,5,4,3,0,7,2,0,0,0,1,0,0,1,4.80001E+20,5.88978E+21,8.70091E+15,5.3157E+16
141821,4,0,12,0,2018,11,5,3,3,2,6,2,0,1,0,0,0,0,1,4.73351E+20,5.93783E+21,8.59741E+15,5.35887E+16
141822,4,0,11,0,2018,10,12,3,3,2,6,0,0,1,0,0,0,0,0,4.91087E+20,5.88007E+21,8.86698E+15,5.307E+16
141823,4,0,11,0,2018,10,6,3,3,3,2,2,0,1,0,0,1,0,0,4.94247E+20,5.87893E+21,8.91416E+15,5.30598E+16
141824,4,0,11,0,2018,11,18,7,3,5,2,2,0,1,0,1,0,0,1,4.93028E+20,5.87889E+21,8.89596E+15,5.30595E+16
141825,4,0,12,0,2018,12,14,5,3,5,2,0,1,1,0,0,0,0,1,4.7257E+20,5.93457E+21,8.5859E+15,5.35593E+16
141826,4,0,11,0,2018,10,17,3,3,1,5,0,1,1,0,0,0,0,0,4.9186E+20,5.87954E+21,8.87853E+15,5.30653E+16
141827,4,0,11,0,2018,11,8,5,3,5,2,0,1,1,0,0,0,0,1,4.86688E+20,5.88024E+21,8.80132E+15,5.30715E+16
141828,4,0,11,0,2018,11,6,4,3,6,4,2,0,1,1,0,0,0,0,4.9274E+20,5.87777E+21,8.8917E+15,5.30494E+16
141829,4,0,11,0,2018,10,16,3,3,0,7,0,0,0,0,0,0,1,0,4.87449E+20,5.88128E+21,8.81262E+15,5.30808E+16
141830,4,0,11,0,2018,10,16,3,3,5,3,0,1,1,0,0,0,0,0,4.94418E+20,5.88019E+21,8.91669E+15,5.30712E+16
141831,4,0,11,0,2018,11,20,1,3,5,3,2,0,1,0,0,0,0,1,4.91341E+20,5.88226E+21,8.87071E+15,5.30897E+16
141832,4,0,11,0,2018,11,21,7,3,5,3,2,1,1,0,0,0,0,1,4.88284E+20,5.88165E+21,8.82509E+15,5.30842E+16
141833,4,0,11,0,2018,10,22,3,3,5,2,2,0,1,0,0,0,0,0,4.93441E+20,5.88023E+21,8.9021E+15,5.30715E+16
141834,4,0,11,0,2018,11,14,4,3,3,2,0,0,1,0,0,1,0,0,4.84839E+20,5.88091E+21,8.77368E+15,5.30774E+16
141835,4,0,11,0,2018,12,19,4,3,8,2,2,0,1,0,1,0,0,1,4.92258E+20,5.8785E+21,8.88448E+15,5.30559E+16
141836,4,0,12,0,2018,10,8,2,3,5,2,0,1,1,0,0,0,0,0,4.73088E+20,5.93484E+21,8.59369E+15,5.35617E+16
141837,4,0,12,0,2018,11,16,7,3,2,6,0,0,1,0,0,0,0,0,4.75194E+20,5.93084E+21,8.62581E+15,5.35259E+16
141838,4,0,12,0,2018,11,7,6,3,2,6,0,0,1,0,0,0,0,1,4.72209E+20,5.93318E+21,8.58058E+15,5.35468E+16
141839,4,0,12,0,2018,10,6,2,2,5,3,2,1,1,0,0,0,0,0,4.73639E+20,5.93579E+21,8.60194E+15,5.35703E+16
141840,4,0,12,0,2018,11,14,3,2,1,6,0,0,1,0,1,0,0,1,4.74226E+20,5.93126E+21,8.61117E+15,5.35297E+16
141841,4,0,11,0,2018,11,7,3,3,4,2,1,1,1,0,0,0,0,0,4.90105E+20,5.88048E+21,8.85231E+15,5.30737E+16
141842,4,0,12,0,2018,10,7,2,3,0,7,0,1,0,0,0,0,0,0,4.75202E+20,5.93834E+21,8.62534E+15,5.35933E+16
141843,4,0,11,0,2018,11,11,6,3,3,6,0,0,1,0,0,1,1,0,4.86651E+20,5.87991E+21,8.80078E+15,5.30685E+16
141844,4,0,11,0,2018,12,15,5,2,0,7,1,0,0,0,0,0,1,1,4.71208E+20,5.89252E+21,8.56916E+15,5.31812E+16
141845,4,0,12,0,2018,11,15,5,3,5,3,0,1,1,0,0,0,0,0,4.73356E+20,5.93605E+21,8.59764E+15,5.35727E+16
141846,4,0,12,0,2018,10,11,2,2,5,2,0,1,1,0,0,0,0,0,4.73162E+20,5.92922E+21,8.5953E+15,5.35113E+16
141847,4,0,11,0,2018,11,17,5,3,3,2,2,1,0,0,0,0,1,0,4.85097E+20,5.88291E+21,8.77744E+15,5.30954E+16
141848,4,0,11,0,2018,11,15,3,3,0,2,0,0,1,0,0,0,0,0,4.86401E+20,5.88079E+21,8.797E+15,5.30764E+16