OBJECTID_1,ULAND,UREGBEZ,UKREIS,UGEMEINDE,UJAHR,UMONAT,USTUNDE,UWOCHENTAG,UKATEGORIE,UART,UTYP1,ULICHTVERH,IstRad,IstPKW,IstFuss,IstKrad,IstGkfz,IstSonstig,STRZUSTAND,LINREFX,LINREFY,XGCSWGS84,YGCSWGS84
142223,6,4,12,0,2018,1,18,4,3,8,1,2,0,1,0,0,0,0,0,4.75976E+20,5.55382E+21,8.66383E+15,5.01361E+16
142224,6,4,31,6,2018,1,10,3,3,5,3,0,0,1,0,0,0,1,1,4.67562E+20,5.50182E+21,8.55046E+15,4.9668E+16
142225,6,6,36,4,2018,1,10,4,3,5,3,0,0,1,0,0,0,1,1,5.54681E+20,5.67862E+21,9.78359E+15,5.12563E+16
142226,6,4,35,9,2018,1,16,3,3,5,3,0,0,1,0,1,0,1,0,5.08177E+20,5.55438E+21,9.11443E+15,5.01416E+16
142227,6,6,32,3,2018,1,10,4,2,3,2,0,0,1,0,0,0,0,1,5.5613E+20,5.64586E+21,9.79926E+15,5.09616E+16
142228,6,4,38,1,2018,1,13,3,3,5,3,0,0,1,0,0,0,0,0,4.84303E+20,5.53953E+21,8.78094E+15,5.00079E+16
142229,6,4,38,13,2018,1,13,4,3,5,3,0,0,1,0,1,0,0,1,4.98011E+20,5.54353E+21,8.97222E+15,5.00441E+16
142230,6,4,32,2,2018,1,7,4,3,5,2,2,0,1,0,0,0,0,1,4.96335E+20,5.53538E+21,8.94889E+15,4.99708E+16
142231,6,4,32,4,2018,1,5,3,3,5,3,2,0,1,0,0,0,0,1,4.88803E+20,5.52785E+21,8.84408E+15,4.9903E+16
142232,6,4,31,13,2018,1,19,4,3,5,3,2,1,1,0,0,0,0,0,4.61759E+20,5.49392E+21,8.47083E+15,4.95966E+16
142233,6,4,31,5,2018,1,1,4,3,8,7,2,0,1,0,0,0,0,1,4.60411E+20,5.49857E+21,8.4517E+15,4.96384E+16
142234,6,4,33,10,2018,1,7,3,3,5,3,1,1,1,0,0,0,0,1,4.59616E+20,5.53964E+21,8.43642E+15,5.00077E+16
142235,6,4,31,13,2018,1,7,4,2,5,2,2,1,0,0,0,0,1,1,4.63011E+20,5.49386E+21,8.48815E+15,4.95962E+16
142236,6,5,34,1,2018,1,10,3,3,5,3,0,0,1,0,0,0,0,1,4.9546E+20,5.62687E+21,8.93559E+15,5.07936E+16
142237,6,4,31,2,2018,1,17,4,3,5,2,2,1,1,0,0,0,0,1,4.72302E+20,5.50257E+21,8.61611E+15,4.9675E+16
142238,6,6,31,15,2018,1,19,4,2,6,2,2,0,1,1,0,0,0,1,5.53979E+20,5.61343E+21,9.76386E+15,5.06702E+16
142239,6,5,34,14,2018,1,7,3,3,5,3,2,0,1,0,0,0,0,1,4.83659E+20,5.62558E+21,8.7682E+15,5.07818E+16
142240,6,4,35,7,2018,1,20,2,3,5,3,2,0,1,0,0,0,0,1,4.98472E+20,5.55764E+21,8.9786E+15,5.01709E+16
142241,6,5,31,5,2018,1,20,2,3,5,3,2,0,1,0,0,0,0,1,4.76833E+20,5.60419E+21,8.67272E+15,5.05891E+16
142242,6,5,31,5,2018,1,12,4,3,5,3,0,0,1,0,0,0,0,1,4.79324E+20,5.60263E+21,8.708E+15,5.05752E+16
142243,6,5,35,15,2018,1,11,2,2,0,7,0,0,0,1,0,0,1,1,5.42453E+20,5.61455E+21,9.6009E+15,5.06812E+16
142244,6,4,35,21,2018,1,17,3,2,6,4,2,0,1,1,0,0,0,0,4.93524E+20,5.56757E+21,8.90915E+15,5.02603E+16
142245,6,5,33,6,2018,1,18,2,3,5,3,2,0,1,0,1,0,0,1,4.31423E+20,5.58427E+21,8.03495E+15,5.04064E+16
142246,6,6,11,0,2018,1,15,3,3,5,3,0,0,1,0,0,0,1,1,5.36741E+20,5.68271E+21,9.52695E+15,5.12945E+16
142247,6,4,14,0,2018,1,12,2,3,5,3,0,0,1,0,0,0,0,0,4.45115E+20,5.54676E+21,8.23303E+15,5.00706E+16
142248,6,4,12,0,2018,1,12,3,3,2,6,0,0,1,0,0,0,0,1,4.79166E+20,5.55324E+21,8.70849E+15,5.01311E+16
142249,6,4,12,0,2018,1,16,3,3,6,4,0,0,1,1,0,0,0,1,4.77176E+20,5.55127E+21,8.68078E+15,5.01133E+16
142250,6,4,12,0,2018,1,16,2,3,5,2,2,0,1,0,0,0,0,1,4.74521E+20,5.55123E+21,8.64365E+15,5.01127E+16
142251,6,4,38,9,2018,1,17,3,3,5,3,2,0,1,0,1,0,0,0,4.77716E+20,5.54513E+21,8.68868E+15,5.0058E+16
142252,6,4,38,6,2018,1,17,3,3,5,3,2,0,1,0,0,0,0,0,4.761E+20,5.53791E+21,8.66656E+15,4.99931E+16
142253,6,4,12,0,2018,1,19,2,2,5,3,2,1,1,0,0,0,0,1,4.77746E+20,5.55187E+21,8.68871E+15,5.01186E+16
142254,6,6,34,22,2018,1,11,2,3,5,2,0,0,1,0,0,0,0,0,5.16948E+20,5.64015E+21,9.24108E+15,5.09127E+16
142255,6,4,35,28,2018,1,8,2,3,5,3,1,0,1,0,0,0,0,0,5.32966E+20,5.5734E+21,9.46299E+15,5.03118E+16
142256,6,4,35,19,2018,1,17,3,3,5,3,2,1,1,0,0,0,0,0,4.88209E+20,5.55546E+21,8.83496E+15,5.01513E+16
142257,6,4,34,8,2018,1,7,2,3,6,4,0,0,1,1,0,0,0,0,4.69988E+20,5.56147E+21,8.57944E+15,5.02046E+16
142258,6,4,34,13,2018,1,16,3,3,6,7,0,0,1,1,0,0,0,1,4.56481E+20,5.57196E+21,8.38897E+15,5.02981E+16
142259,6,4,34,1,2018,1,12,3,3,6,7,0,0,1,1,0,0,0,0,4.72483E+20,5.56343E+21,8.61426E+15,5.02224E+16
142260,6,4,36,4,2018,1,17,2,3,5,3,2,1,1,0,0,0,0,1,4.57953E+20,5.53933E+21,8.41324E+15,5.00048E+16
142261,6,4,35,10,2018,1,14,3,3,5,3,0,1,1,0,0,0,0,1,5.13709E+20,5.56095E+21,9.19209E+15,5.02005E+16
142262,6,5,32,11,2018,1,18,3,3,2,7,2,0,1,0,1,0,0,1,4.44437E+20,5.62141E+21,8.21252E+15,5.07418E+16
142263,6,4,36,7,2018,1,14,2,3,5,3,0,1,0,0,0,0,1,0,4.60371E+20,5.5483E+21,8.44605E+15,5.00857E+16
142264,6,6,31,6,2018,1,18,3,3,5,2,2,0,1,0,0,0,0,1,5.48144E+20,5.59295E+21,9.67865E+15,5.04866E+16
142265,6,4,14,0,2018,1,15,2,2,6,4,0,0,1,1,0,0,0,0,4.43098E+20,5.54895E+21,8.20453E+15,5.00901E+16
142266,6,4,40,3,2018,1,19,2,2,6,4,2,0,1,1,0,0,0,1,4.811E+20,5.55851E+21,8.73531E+15,5.01785E+16
142267,6,4,40,8,2018,1,17,2,3,6,4,1,0,0,1,0,0,1,1,4.82923E+20,5.57534E+21,8.76007E+15,5.03299E+16
142268,6,4,13,0,2018,1,0,2,2,6,4,2,0,1,1,0,0,0,0,4.82871E+20,5.54925E+21,8.76052E+15,5.00952E+16
142269,6,4,33,10,2018,1,17,2,3,1,5,2,0,1,0,0,1,0,1,4.61079E+20,5.54029E+21,8.45676E+15,5.00137E+16
142270,6,4,40,8,2018,1,0,2,3,9,1,2,0,1,0,0,0,0,0,4.82447E+20,5.57683E+21,8.75332E+15,5.03433E+16
142271,6,4,33,8,2018,1,8,2,3,5,3,0,1,1,0,0,0,0,0,4.68946E+20,5.53617E+21,8.56689E+15,4.99771E+16
142272,6,4,12,0,2018,1,9,3,3,3,6,0,0,1,0,1,0,0,0,4.76599E+20,5.55072E+21,8.67273E+15,5.01083E+16
142273,6,4,12,0,2018,1,10,3,3,6,4,0,0,1,1,0,0,0,0,4.77138E+20,5.55171E+21,8.68022E+15,5.01172E+16
142274,6,4,11,0,2018,1,7,3,3,5,2,0,1,1,0,0,0,0,1,4.75639E+20,5.52529E+21,8.66093E+15,4.98795E+16
142275,6,4,11,0,2018,1,9,3,3,5,3,0,0,1,0,1,0,0,1,4.76347E+20,5.52486E+21,8.6708E+15,4.98756E+16
142276,6,6,34,22,2018,1,21,3,3,6,4,2,0,1,1,0,0,0,0,5.13099E+20,5.63995E+21,9.18633E+15,5.09111E+16
142277,6,6,34,7,2018,1,16,3,3,0,7,0,0,0,0,0,0,1,0,5.28766E+20,5.66979E+21,9.41153E+15,5.11789E+16
142278,6,6,11,0,2018,2,16,2,3,6,7,0,0,1,1,0,0,0,0,5.315E+20,5.68238E+21,9.45175E+15,5.12919E+16
142279,6,6,35,11,2018,1,13,3,3,6,7,0,0,1,1,0,0,0,0,4.85444E+20,5.65678E+21,8.79228E+15,5.10624E+16
142280,6,4,38,9,2018,1,9,3,2,5,2,0,0,1,0,0,0,0,0,4.77711E+20,5.54441E+21,8.68866E+15,5.00516E+16
142281,6,4,38,2,2018,2,7,2,3,5,3,0,1,1,0,0,0,0,0,4.78092E+20,5.54253E+21,8.69409E+15,5.00346E+16
142282,6,4,35,19,2018,1,8,3,3,6,6,0,0,1,1,0,0,0,0,4.87876E+20,5.55409E+21,8.83034E+15,5.01389E+16
142283,6,4,38,11,2018,2,19,2,2,1,7,2,0,1,0,1,0,0,0,4.89954E+20,5.53887E+21,8.85982E+15,5.00021E+16
142284,6,4,40,16,2018,1,15,3,3,6,6,0,0,0,1,0,0,1,0,5.00677E+20,5.58494E+21,9.00953E+15,5.04165E+16
142285,6,5,34,5,2018,2,19,2,3,8,1,2,0,1,0,0,0,0,2,4.59259E+20,5.63975E+21,8.42054E+15,5.0908E+16
142286,6,5,32,12,2018,1,12,3,3,5,3,0,1,1,0,0,0,0,0,4.51077E+20,5.61346E+21,8.30767E+15,5.0671E+16
142287,6,4,32,18,2018,1,18,3,2,5,2,2,0,1,0,1,0,0,0,4.71668E+20,5.51708E+21,8.60625E+15,4.98055E+16
142288,6,5,35,1,2018,2,9,2,3,5,3,0,0,1,0,0,1,0,1,5.20123E+20,5.62044E+21,9.28516E+15,5.07354E+16
142289,6,4,40,8,2018,1,12,3,3,1,7,0,0,0,0,1,0,1,0,4.82571E+20,5.57596E+21,8.75509E+15,5.03354E+16
142290,6,4,33,12,2018,2,7,2,3,2,6,0,0,1,0,0,0,0,0,4.58655E+20,5.53759E+21,8.42323E+15,4.99892E+16
142291,6,4,33,8,2018,1,13,3,3,5,3,0,0,1,0,0,0,1,0,4.69647E+20,5.53912E+21,8.57643E+15,5.00036E+16
142292,6,4,33,12,2018,2,13,2,3,3,6,0,1,1,0,0,0,0,0,4.58725E+20,5.53645E+21,8.42432E+15,4.99789E+16
142293,6,4,33,6,2018,1,17,3,3,6,4,1,0,1,1,0,0,0,0,4.63136E+20,5.52978E+21,8.48648E+15,4.99193E+16
142294,6,5,34,16,2018,1,7,3,3,9,1,0,0,1,0,0,0,0,1,5.07117E+20,5.63881E+21,9.10121E+15,5.09009E+16
142295,6,6,31,9,2018,2,20,2,3,5,3,2,1,1,0,0,0,0,1,5.47881E+20,5.60085E+21,9.67595E+15,5.05576E+16
142296,6,4,35,14,2018,1,19,3,3,5,3,2,0,1,0,0,0,0,0,4.93841E+20,5.55385E+21,8.91382E+15,5.01368E+16
142297,6,5,31,5,2018,1,14,2,3,5,3,0,0,1,0,0,0,0,0,4.76584E+20,5.60398E+21,8.66922E+15,5.05873E+16
142298,6,6,35,15,2018,1,12,2,3,5,3,0,0,1,0,0,0,0,0,4.90067E+20,5.68099E+21,8.85759E+15,5.12802E+16
142299,6,4,12,0,2018,2,6,1,3,5,3,2,0,1,0,0,0,0,1,4.67779E+20,5.55057E+21,8.5494E+15,5.01065E+16
142300,6,6,33,26,2018,1,20,2,3,5,3,2,0,1,0,1,0,0,1,5.32556E+20,5.68966E+21,9.46757E+15,5.13573E+16
142301,6,4,14,0,2018,1,17,2,3,1,5,2,0,1,0,0,0,0,0,4.50112E+20,5.54536E+21,8.30304E+15,5.00584E+16
142302,6,4,12,0,2018,2,14,1,3,6,4,0,0,1,1,0,0,0,0,4.76024E+20,5.55046E+21,8.66472E+15,5.01059E+16
142303,6,4,11,0,2018,2,19,1,3,5,3,2,0,1,0,0,0,0,1,4.74773E+20,5.52374E+21,8.64898E+15,4.98655E+16
142304,6,6,36,16,2018,2,13,1,3,6,4,0,0,1,1,0,0,0,1,5.59841E+20,5.68802E+21,9.85911E+15,5.13403E+16
142305,6,4,14,0,2018,1,15,2,3,2,6,0,0,1,0,0,0,0,0,4.4455E+20,5.54823E+21,8.22493E+15,5.00838E+16
142306,6,4,31,11,2018,2,19,1,3,5,3,2,0,1,0,0,0,0,1,4.73482E+20,5.49883E+21,8.63271E+15,4.96414E+16
142307,6,4,12,0,2018,1,16,2,3,1,5,0,1,1,0,0,0,0,0,4.67557E+20,5.55011E+21,8.54635E+15,5.01023E+16
142308,6,4,12,0,2018,1,13,2,3,2,6,0,0,1,0,0,0,0,0,4.78151E+20,5.5504E+21,8.69446E+15,5.01054E+16
142309,6,6,32,14,2018,2,2,7,3,2,6,2,0,1,0,0,0,0,1,5.41398E+20,5.64003E+21,9.58884E+15,5.09105E+16
142310,6,4,12,0,2018,1,17,2,3,3,6,2,1,0,0,1,0,0,0,4.76737E+20,5.55168E+21,8.67461E+15,5.01169E+16
142311,6,6,11,0,2018,1,13,2,3,6,4,0,1,0,1,0,0,0,0,5.30906E+20,5.68469E+21,9.44344E+15,5.13127E+16
142312,6,4,12,0,2018,2,21,7,3,0,1,2,0,0,0,1,0,0,1,4.67556E+20,5.55147E+21,8.54621E+15,5.01145E+16
142313,6,4,12,0,2018,2,22,7,3,0,2,2,0,0,1,0,0,1,1,4.77093E+20,5.55016E+21,8.67968E+15,5.01033E+16
142314,6,4,39,15,2018,1,17,2,3,5,3,2,0,1,0,0,0,0,1,4.39479E+20,5.55415E+21,8.15311E+15,5.01365E+16
142315,6,4,12,0,2018,2,13,7,3,5,3,0,0,1,0,0,0,0,0,4.80228E+20,5.55164E+21,8.72344E+15,5.01167E+16
142316,6,4,12,0,2018,2,5,7,2,5,3,2,0,1,0,0,0,0,1,4.76307E+20,5.55127E+21,8.66863E+15,5.01132E+16
142317,6,4,39,3,2018,1,16,2,3,6,4,0,0,1,1,0,0,0,0,4.36492E+20,5.54227E+21,8.1133E+15,5.00293E+16
142318,6,4,12,0,2018,2,0,7,3,5,2,2,0,1,1,0,0,0,0,4.77752E+20,5.55186E+21,8.6888E+15,5.01185E+16
142319,6,4,34,12,2018,1,18,2,1,9,1,2,0,1,0,0,0,0,0,4.69987E+20,5.57099E+21,8.57868E+15,5.02903E+16
142320,6,4,34,1,2018,1,15,2,3,6,4,0,0,1,1,0,0,0,0,4.71962E+20,5.56352E+21,8.60695E+15,5.02232E+16
142321,6,4,12,0,2018,2,10,7,3,6,4,0,1,0,1,0,0,0,1,4.77686E+20,5.55145E+21,8.6879E+15,5.01149E+16
142322,6,4,36,9,2018,1,20,2,3,6,4,2,0,1,1,0,0,0,0,4.6227E+20,5.54866E+21,8.47256E+15,5.0089E+16
142323,6,4,36,8,2018,1,9,2,3,8,1,0,0,1,0,0,0,0,0,4.62158E+20,5.55233E+21,8.47063E+15,5.0122E+16
142324,6,4,11,0,2018,2,0,7,3,8,1,2,0,1,0,0,0,0,1,4.72764E+20,5.52488E+21,8.62095E+15,4.98757E+16
142325,6,4,32,19,2018,1,14,2,3,5,2,0,1,1,0,0,0,0,0,4.8816E+20,5.51946E+21,8.83538E+15,4.98274E+16
142326,6,6,32,18,2018,2,5,7,1,4,1,2,0,1,0,0,0,0,1,5.51949E+20,5.64981E+21,9.7403E+15,5.09976E+16
142327,6,4,33,12,2018,1,8,2,3,2,2,0,0,1,0,0,0,0,0,4.5677E+20,5.5356E+21,8.39715E+15,4.99712E+16
142328,6,4,33,11,2018,1,15,2,3,5,3,0,1,1,0,0,0,0,0,4.64161E+20,5.51998E+21,8.50167E+15,4.98312E+16
142329,6,4,34,2,2018,2,19,7,3,2,6,2,0,1,0,0,0,0,0,4.74589E+20,5.5662E+21,8.64359E+15,5.02474E+16
142330,6,4,33,6,2018,1,11,2,3,2,6,0,0,1,0,0,0,1,0,4.63064E+20,5.52957E+21,8.4855E+15,4.99173E+16
142331,6,4,35,15,2018,2,12,7,3,5,3,0,1,0,0,0,0,1,0,5.09075E+20,5.55783E+21,9.12708E+15,5.01726E+16
142332,6,4,31,3,2018,2,14,7,2,6,4,0,1,0,1,0,0,0,0,4.60654E+20,5.50398E+21,8.45453E+15,4.96871E+16
142333,6,5,34,14,2018,1,7,2,3,5,3,0,0,1,0,1,0,0,1,4.8366E+20,5.6267E+21,8.76817E+15,5.07918E+16
142334,6,5,31,5,2018,1,13,2,3,2,6,0,0,1,0,0,0,0,0,4.78569E+20,5.60329E+21,8.69729E+15,5.05811E+16
142335,6,4,33,10,2018,2,5,7,3,6,4,2,0,1,1,0,0,0,0,4.62309E+20,5.5421E+21,8.47375E+15,5.003E+16
142336,6,4,14,0,2018,1,12,1,3,5,2,0,0,1,0,0,0,0,0,4.45755E+20,5.54574E+21,8.24212E+15,5.00615E+16
142337,6,4,35,19,2018,1,0,1,3,1,1,2,0,1,0,1,0,0,0,4.89102E+20,5.55365E+21,8.8475E+15,5.0135E+16
142338,6,5,34,14,2018,2,14,7,2,0,7,0,0,1,1,0,0,0,0,4.84289E+20,5.63083E+21,8.77692E+15,5.0829E+16
142339,6,4,32,8,2018,1,3,1,3,0,1,2,1,0,0,0,0,0,0,4.69627E+20,5.52308E+21,8.57742E+15,4.98594E+16
142340,6,5,31,14,2018,2,10,7,3,5,2,0,0,1,0,0,0,0,0,4.82504E+20,5.59867E+21,8.7531E+15,5.05397E+16
142341,6,4,12,0,2018,1,5,7,3,6,4,1,0,1,1,0,0,0,0,4.71471E+20,5.54495E+21,8.60146E+15,5.00562E+16
142342,6,4,13,0,2018,1,8,7,3,1,5,0,0,1,0,1,0,0,1,4.8412E+20,5.54922E+21,8.77798E+15,5.0095E+16
142343,6,5,31,5,2018,2,21,7,3,5,3,2,0,1,0,0,0,0,0,4.76213E+20,5.60369E+21,8.66399E+15,5.05846E+16
142344,6,6,35,22,2018,2,17,6,3,6,6,1,0,1,1,0,0,0,2,4.73811E+20,5.68093E+21,8.62451E+15,5.12791E+16
142345,6,6,32,2,2018,2,11,6,3,3,6,0,0,1,0,0,0,1,1,5.50277E+20,5.63544E+21,9.71449E+15,5.08684E+16
142346,6,4,12,0,2018,1,20,7,3,9,1,2,0,1,0,0,0,0,0,4.67327E+20,5.54987E+21,8.54315E+15,5.01002E+16
142347,6,6,11,0,2018,2,13,6,3,5,3,0,0,1,0,0,0,0,0,5.35916E+20,5.68477E+21,9.51532E+15,5.13131E+16
142348,6,4,12,0,2018,1,18,7,3,5,3,2,1,1,0,0,0,0,0,4.72753E+20,5.54805E+21,8.61914E+15,5.00841E+16
142349,6,4,14,0,2018,2,22,6,3,1,5,2,0,1,0,0,0,0,0,4.45075E+20,5.54634E+21,8.23254E+15,5.00668E+16
142350,6,4,12,0,2018,1,2,7,3,2,6,2,0,1,0,1,0,0,1,4.7804E+20,5.54972E+21,8.69294E+15,5.00993E+16
142351,6,4,12,0,2018,1,12,7,3,1,5,0,1,1,0,0,0,0,0,4.77089E+20,5.55151E+21,8.67954E+15,5.01154E+16
142352,6,4,14,0,2018,2,18,6,3,3,7,2,0,1,0,0,0,0,1,4.45933E+20,5.54821E+21,8.24426E+15,5.00837E+16
142353,6,4,33,9,2018,1,8,7,3,5,2,0,0,1,0,0,0,0,1,4.60512E+20,5.53223E+21,8.44968E+15,4.99411E+16
142354,6,4,35,6,2018,1,11,6,3,5,2,0,0,1,0,1,0,0,0,4.94022E+20,5.55945E+21,8.91626E+15,5.01872E+16
142355,6,4,13,0,2018,2,13,6,3,5,2,0,0,1,0,0,0,0,1,4.845E+20,5.54797E+21,8.78335E+15,5.00838E+16
142356,6,4,12,0,2018,2,18,6,3,5,2,2,0,1,0,0,0,0,1,4.75873E+20,5.56015E+21,8.66199E+15,5.0193E+16
142357,6,4,12,0,2018,2,6,6,2,6,4,2,0,1,1,0,0,0,1,4.77237E+20,5.55735E+21,8.68127E+15,5.01679E+16
142358,6,6,11,0,2018,1,9,6,3,2,6,0,0,1,0,0,0,0,1,5.35472E+20,5.68483E+21,9.50896E+15,5.13136E+16
142359,6,4,12,0,2018,2,12,6,3,2,6,0,0,1,0,0,1,0,0,4.78618E+20,5.55172E+21,8.70091E+15,5.01174E+16
142360,6,4,14,0,2018,1,14,6,3,6,5,0,0,1,1,0,0,0,1,4.52563E+20,5.54519E+21,8.3373E+15,5.00571E+16
142361,6,4,14,0,2018,1,17,6,2,6,4,1,0,1,1,0,0,0,0,4.42795E+20,5.54863E+21,8.20035E+15,5.00871E+16
142362,6,4,12,0,2018,2,19,6,3,0,3,2,1,0,0,1,0,0,1,4.77214E+20,5.55236E+21,8.68124E+15,5.0123E+16
142363,6,4,14,0,2018,1,13,6,3,6,4,0,0,1,1,0,0,0,0,4.47464E+20,5.54598E+21,8.26596E+15,5.00637E+16
142364,6,4,12,0,2018,1,20,6,3,5,3,2,0,1,0,0,0,0,0,4.75186E+20,5.56054E+21,8.65234E+15,5.01965E+16
142365,6,4,12,0,2018,1,16,6,3,0,1,1,1,0,0,0,0,0,1,4.74439E+20,5.55191E+21,8.64245E+15,5.01189E+16
142366,6,4,11,0,2018,2,20,6,3,5,3,2,0,1,0,0,0,0,1,4.74338E+20,5.52425E+21,8.64288E+15,4.98701E+16
142367,6,4,12,0,2018,1,5,6,2,6,7,2,0,1,1,0,0,1,1,4.82986E+20,5.55159E+21,8.76202E+15,5.01163E+16
142368,6,4,11,0,2018,1,14,6,3,3,6,0,1,1,0,0,0,0,1,4.7435E+20,5.524E+21,8.64307E+15,4.98679E+16
142369,6,4,11,0,2018,2,11,6,3,6,7,0,0,1,1,0,0,0,1,4.74538E+20,5.5251E+21,8.64561E+15,4.98777E+16
142370,6,4,35,25,2018,2,20,6,2,6,4,2,0,1,1,0,0,0,1,5.37109E+20,5.57758E+21,9.52158E+15,5.03491E+16
142371,6,4,11,0,2018,1,17,6,3,0,7,2,1,0,0,0,0,0,1,4.7527E+20,5.52394E+21,8.65587E+15,4.98674E+16
142372,6,4,38,11,2018,2,20,6,3,6,4,2,0,1,1,0,0,0,1,4.91231E+20,5.541E+21,8.87759E+15,5.00213E+16
142373,6,4,34,12,2018,1,17,6,3,5,3,2,1,1,0,0,0,0,0,4.69368E+20,5.57231E+21,8.56987E+15,5.03021E+16
142374,6,4,36,6,2018,1,7,6,3,5,3,0,1,1,0,0,0,0,1,4.53103E+20,5.54026E+21,8.34545E+15,5.00128E+16
142375,6,5,33,17,2018,2,10,6,3,6,4,0,0,1,1,0,0,0,1,4.5047E+20,5.59142E+21,8.30202E+15,5.04726E+16
142376,6,4,32,5,2018,1,11,6,3,6,7,0,0,1,0,0,1,1,0,4.88479E+20,5.53266E+21,8.83943E+15,4.99462E+16
142377,6,4,32,15,2018,1,9,6,3,3,2,0,1,1,0,0,0,0,0,4.89571E+20,5.52948E+21,8.85472E+15,4.99176E+16
142378,6,4,40,5,2018,2,6,6,3,5,2,2,0,1,0,0,0,0,1,4.77009E+20,5.58667E+21,8.67629E+15,5.04316E+16
142379,6,4,40,24,2018,1,14,6,2,5,3,0,0,1,0,0,1,0,0,4.87389E+20,5.58347E+21,8.82254E+15,5.04031E+16
142380,6,4,33,12,2018,1,23,6,3,6,4,2,1,0,1,0,0,0,0,4.58107E+20,5.5379E+21,8.41554E+15,4.99919E+16
142381,6,4,31,9,2018,2,16,6,3,4,6,0,0,1,0,0,0,0,2,4.87542E+20,5.49812E+21,8.82747E+15,4.96355E+16
142382,6,4,33,8,2018,1,12,6,3,2,7,0,0,1,0,0,1,0,0,4.68696E+20,5.53632E+21,8.5634E+15,4.99784E+16
142383,6,4,31,20,2018,2,7,6,3,5,3,1,1,1,0,0,0,0,1,4.70062E+20,5.48782E+21,8.58618E+15,4.95422E+16
142384,6,4,33,7,2018,1,8,6,3,3,2,1,1,1,0,0,0,0,1,4.66785E+20,5.54527E+21,8.53597E+15,5.00588E+16
142385,6,4,33,6,2018,1,7,6,3,5,3,2,1,1,0,0,0,0,0,4.63023E+20,5.52868E+21,8.48501E+15,4.99093E+16
142386,6,4,33,11,2018,2,15,6,3,5,7,0,0,1,0,0,0,1,1,4.65146E+20,5.51795E+21,8.51554E+15,4.9813E+16
142387,6,5,34,14,2018,1,13,6,3,5,3,0,1,1,0,0,0,0,0,4.84123E+20,5.62921E+21,8.77464E+15,5.08144E+16
142388,6,6,31,17,2018,1,18,6,3,0,3,2,1,1,0,0,0,0,0,5.50659E+20,5.59917E+21,9.71494E+15,5.05423E+16
142389,6,6,31,7,2018,2,9,6,3,5,3,0,0,1,0,0,0,1,1,5.56473E+20,5.62357E+21,9.80071E+15,5.07612E+16
142390,6,4,35,14,2018,1,14,6,3,2,6,0,0,1,0,0,0,0,0,4.94369E+20,5.55465E+21,8.92119E+15,5.01441E+16
142391,6,4,35,14,2018,2,13,6,3,6,4,0,0,1,1,0,0,0,0,4.94595E+20,5.5537E+21,8.92437E+15,5.01355E+16
142392,6,5,33,9,2018,1,20,5,2,3,6,2,0,1,0,1,0,0,1,4.33253E+20,5.58302E+21,8.06092E+15,5.03955E+16
142393,6,5,32,23,2018,2,9,6,3,5,2,0,0,1,0,0,0,0,1,4.66424E+20,5.60003E+21,8.52605E+15,5.05512E+16
142394,6,6,33,20,2018,1,14,5,3,5,3,0,0,1,0,0,0,0,1,5.37947E+20,5.68492E+21,9.54448E+15,5.13143E+16
142395,6,6,11,0,2018,1,16,5,3,5,3,1,0,1,0,0,0,1,1,5.37196E+20,5.68246E+21,9.53345E+15,5.12923E+16
142396,6,5,35,11,2018,2,14,5,3,0,5,0,0,1,0,0,0,0,0,5.28524E+20,5.60998E+21,9.40339E+15,5.0641E+16
142397,6,6,11,0,2018,1,8,5,3,6,4,0,0,1,1,0,0,0,1,5.35545E+20,5.68586E+21,9.51011E+15,5.1323E+16
142398,6,5,33,9,2018,2,16,5,3,5,3,1,0,1,0,0,0,0,1,4.34753E+20,5.58351E+21,8.08193E+15,5.04E+16
142399,6,4,14,0,2018,1,21,5,2,0,1,2,1,0,0,0,0,0,1,4.45653E+20,5.54423E+21,8.24092E+15,5.00479E+16
142400,6,4,14,0,2018,2,11,5,3,6,4,0,0,1,1,0,0,0,0,4.55009E+20,5.54785E+21,8.37116E+15,5.00812E+16
142401,6,4,12,0,2018,1,13,5,3,2,2,0,0,1,0,0,0,0,1,4.75204E+20,5.55984E+21,8.65264E+15,5.01902E+16
142402,6,4,12,0,2018,1,13,5,3,2,6,0,0,1,0,0,0,0,1,4.75299E+20,5.55092E+21,8.65455E+15,5.011E+16
142403,6,4,14,0,2018,2,14,5,3,5,3,0,0,1,0,0,0,0,1,4.44686E+20,5.54844E+21,8.2268E+15,5.00856E+16
142404,6,4,12,0,2018,1,9,5,3,2,6,0,0,1,0,0,0,0,0,4.7642E+20,5.55138E+21,8.67019E+15,5.01142E+16
142405,6,4,12,0,2018,1,18,5,3,5,3,2,1,1,0,0,0,0,1,4.77687E+20,5.55228E+21,8.68787E+15,5.01224E+16
142406,6,4,13,0,2018,2,20,5,3,5,3,2,0,1,0,0,0,0,0,4.82555E+20,5.54892E+21,8.75612E+15,5.00923E+16
142407,6,4,13,0,2018,2,16,5,3,5,3,1,0,1,0,0,0,0,1,4.83461E+20,5.55012E+21,8.76873E+15,5.01031E+16
142408,6,4,12,0,2018,2,14,5,3,3,6,0,0,1,0,0,0,0,0,4.76317E+20,5.55128E+21,8.66877E+15,5.01133E+16
142409,6,4,11,0,2018,1,10,5,3,5,3,0,1,1,0,0,0,0,1,4.75131E+20,5.52643E+21,8.65378E+15,4.98897E+16
142410,6,4,11,0,2018,1,17,5,2,6,4,2,0,1,1,0,0,0,1,4.74349E+20,5.52355E+21,8.64309E+15,4.98638E+16