OBJECTID_1,ULAND,UREGBEZ,UKREIS,UGEMEINDE,UJAHR,UMONAT,USTUNDE,UWOCHENTAG,UKATEGORIE,UART,UTYP1,ULICHTVERH,IstRad,IstPKW,IstFuss,IstKrad,IstGkfz,IstSonstig,STRZUSTAND,LINREFX,LINREFY,XGCSWGS84,YGCSWGS84
142599,6,4,33,8,2018,2,8,4,2,2,6,0,0,0,0,0,0,1,0,4.6943E+20,5.53764E+21,8.57354E+15,4.99903E+16
142600,6,4,12,0,2018,2,21,7,3,5,3,2,0,1,0,0,0,0,0,4.7871E+20,5.55266E+21,8.70215E+15,5.01258E+16
142601,6,6,31,20,2018,2,10,4,3,2,6,0,0,1,0,0,0,0,0,5.50264E+20,5.6009E+21,9.7096E+15,5.05579E+16
142602,6,5,31,12,2018,2,22,4,3,4,6,2,0,1,0,0,0,1,1,4.7578E+20,5.59846E+21,8.65822E+15,5.05376E+16
142603,6,4,11,0,2018,2,23,4,2,8,1,2,0,0,0,1,0,0,0,4.74566E+20,5.52182E+21,8.64622E+15,4.98483E+16
142604,6,4,35,21,2018,2,14,3,2,5,3,0,0,1,0,1,0,0,0,4.90263E+20,5.56461E+21,8.86348E+15,5.02336E+16
142605,6,5,31,5,2018,2,8,5,3,0,7,0,1,1,0,0,0,0,0,4.76367E+20,5.60294E+21,8.66622E+15,5.05779E+16
142606,6,4,35,17,2018,2,16,3,3,5,3,0,1,1,0,0,0,0,0,5.04007E+20,5.55689E+21,9.0561E+15,5.01642E+16
142607,6,4,33,6,2018,2,15,2,3,5,3,0,0,1,0,0,0,0,0,4.63193E+20,5.53022E+21,8.48723E+15,4.99232E+16
142608,6,6,11,0,2018,2,8,3,3,4,6,0,0,1,0,0,0,0,1,5.33355E+20,5.68799E+21,9.47888E+15,5.13422E+16
142609,6,4,14,0,2018,2,15,3,2,5,3,0,0,1,0,0,0,0,0,4.43354E+20,5.54732E+21,8.20835E+15,5.00755E+16
142610,6,4,14,0,2018,2,11,3,2,6,4,0,0,1,1,0,0,0,1,4.42792E+20,5.54781E+21,8.20042E+15,5.00798E+16
142611,6,4,33,8,2018,2,12,7,3,3,2,0,0,1,0,0,0,0,0,4.69006E+20,5.53602E+21,8.56774E+15,4.99757E+16
142612,6,4,12,0,2018,2,16,3,3,6,2,0,0,1,1,0,0,0,0,4.73368E+20,5.55107E+21,8.62753E+15,5.01113E+16
142613,6,4,32,4,2018,2,19,4,3,5,3,2,0,1,0,0,0,1,0,4.89519E+20,5.52778E+21,8.85405E+15,4.99023E+16
142614,6,4,12,0,2018,2,6,3,3,6,2,1,0,1,1,0,0,0,2,4.73471E+20,5.5481E+21,8.62917E+15,5.00846E+16
142615,6,4,31,20,2018,2,9,7,3,5,3,0,0,1,0,0,0,0,0,4.68947E+20,5.48714E+21,8.57083E+15,4.95361E+16
142616,6,5,33,2,2018,2,11,7,3,5,3,0,0,1,0,0,0,0,0,4.40681E+20,5.57962E+21,8.16595E+15,5.03656E+16
142617,6,4,12,0,2018,2,18,3,3,6,4,2,1,0,1,0,0,0,0,4.77112E+20,5.55119E+21,8.67988E+15,5.01125E+16
142618,6,4,11,0,2018,2,12,3,3,6,7,0,0,1,1,0,0,0,0,4.76357E+20,5.52227E+21,8.67111E+15,4.98524E+16
142619,6,4,11,0,2018,2,16,3,3,5,2,0,1,1,0,0,0,0,0,4.75291E+20,5.52557E+21,8.65607E+15,4.9882E+16
142620,6,5,32,6,2018,2,16,1,3,5,3,0,0,1,0,0,0,0,0,4.49146E+20,5.62023E+21,8.27941E+15,5.07317E+16
142621,6,6,11,0,2018,2,22,3,3,3,2,2,0,1,0,0,0,0,0,5.31449E+20,5.67994E+21,9.45081E+15,5.12699E+16
142622,6,4,34,8,2018,2,16,3,3,2,6,0,0,1,1,0,0,0,1,4.69578E+20,5.56061E+21,8.57376E+15,5.01969E+16
142623,6,4,34,1,2018,2,16,3,3,6,7,0,0,1,1,0,0,0,0,4.73113E+20,5.56359E+21,8.62308E+15,5.02239E+16
142624,6,4,12,0,2018,2,15,6,3,5,2,0,0,1,0,1,0,0,0,4.7925E+20,5.55287E+21,8.7097E+15,5.01277E+16
142625,6,4,36,4,2018,2,19,3,3,5,3,2,1,1,0,0,0,0,0,4.59139E+20,5.54065E+21,8.42966E+15,5.00168E+16
142626,6,4,12,0,2018,2,18,3,3,5,3,1,1,1,0,0,0,0,0,4.66902E+20,5.55138E+21,8.53708E+15,5.01137E+16
142627,6,4,32,15,2018,2,11,3,3,1,6,0,0,1,0,0,0,0,0,4.89883E+20,5.53015E+21,8.85905E+15,4.99236E+16
142628,6,4,33,8,2018,2,9,7,3,5,2,0,0,1,0,1,0,0,1,4.68734E+20,5.53524E+21,8.56402E+15,4.99687E+16
142629,6,4,32,4,2018,2,12,3,3,5,3,0,1,1,0,0,0,0,0,4.90034E+20,5.52904E+21,8.86118E+15,4.99136E+16
142630,6,6,34,13,2018,2,8,7,3,5,3,0,0,1,0,0,0,0,0,5.37309E+20,5.66021E+21,9.53275E+15,5.10922E+16
142631,6,4,33,12,2018,2,8,3,3,3,7,0,0,1,0,0,0,0,0,4.59141E+20,5.53653E+21,8.43012E+15,4.99797E+16
142632,6,4,12,0,2018,2,15,2,3,6,4,0,0,1,1,0,0,0,1,4.73247E+20,5.54979E+21,8.62593E+15,5.00998E+16
142633,6,4,11,0,2018,2,15,5,3,5,2,0,0,1,0,0,0,0,0,4.75232E+20,5.52909E+21,8.65502E+15,4.99136E+16
142634,6,4,12,0,2018,2,10,2,3,2,6,0,0,1,0,0,0,0,1,4.74213E+20,5.55999E+21,8.63874E+15,5.01916E+16
142635,6,4,33,8,2018,2,23,7,3,6,4,2,0,0,1,0,0,1,0,4.69315E+20,5.53945E+21,8.57178E+15,5.00066E+16
142636,6,4,12,0,2018,2,21,2,2,6,2,2,0,1,1,0,0,0,0,4.75918E+20,5.55566E+21,8.66291E+15,5.01526E+16
142637,6,4,12,0,2018,2,19,2,3,2,6,2,0,1,0,0,0,0,1,4.76443E+20,5.55033E+21,8.67059E+15,5.01048E+16
142638,6,4,31,2,2018,2,10,6,3,3,2,0,1,1,0,0,0,0,0,4.72588E+20,5.50318E+21,8.62002E+15,4.96805E+16
142639,6,4,11,0,2018,2,6,2,3,0,1,2,1,0,0,0,0,0,1,4.74808E+20,5.52489E+21,8.64938E+15,4.98759E+16
142640,6,4,34,1,2018,2,13,3,3,5,3,0,1,1,0,0,0,0,0,4.71812E+20,5.56501E+21,8.60473E+15,5.02366E+16
142641,6,4,35,25,2018,2,9,2,3,6,7,0,0,1,1,0,0,0,0,5.36963E+20,5.57829E+21,9.5196E+15,5.03555E+16
142642,6,5,34,8,2018,2,9,7,3,5,3,0,0,1,0,0,0,0,1,4.89865E+20,5.61968E+21,8.8564E+15,5.07288E+16
142643,6,4,38,9,2018,2,20,2,3,1,7,2,0,1,0,1,0,0,0,4.78527E+20,5.5451E+21,8.70002E+15,5.00578E+16
142644,6,4,38,1,2018,2,14,2,3,0,7,0,0,0,0,0,0,1,0,4.84736E+20,5.54062E+21,8.78694E+15,5.00177E+16
142645,6,4,31,13,2018,2,22,2,3,0,7,2,1,0,0,0,0,0,0,4.61249E+20,5.49393E+21,8.46376E+15,4.95967E+16
142646,6,4,31,11,2018,2,11,5,3,1,7,0,0,1,0,0,1,0,0,4.72098E+20,5.49915E+21,8.61351E+15,4.96442E+16
142647,6,4,33,10,2018,2,17,2,2,4,6,1,0,1,0,0,1,0,0,4.62534E+20,5.5421E+21,8.4769E+15,5.003E+16
142648,6,5,34,14,2018,2,12,7,3,0,5,0,0,1,0,0,0,0,0,4.79801E+20,5.63277E+21,8.71309E+15,5.08463E+16
142649,6,4,38,11,2018,2,19,2,3,1,5,2,0,1,0,0,0,0,0,4.91622E+20,5.54196E+21,8.88302E+15,5.00299E+16
142650,6,4,37,11,2018,2,6,1,3,8,1,2,0,1,0,0,0,0,0,5.00263E+20,5.50222E+21,9.00364E+15,4.96725E+16
142651,6,5,32,23,2018,2,17,7,2,6,2,0,0,1,1,0,0,0,0,4.64188E+20,5.59784E+21,8.49471E+15,5.05314E+16
142652,6,4,38,2,2018,2,19,1,3,5,2,2,1,1,0,0,0,0,1,4.78186E+20,5.54134E+21,8.69547E+15,5.0024E+16
142653,6,4,34,1,2018,2,4,1,3,4,6,2,0,1,0,0,0,0,0,4.70895E+20,5.56465E+21,8.5919E+15,5.02333E+16
142654,6,4,36,4,2018,2,20,1,2,6,7,2,1,0,1,0,0,0,1,4.59303E+20,5.54071E+21,8.43194E+15,5.00173E+16
142655,6,5,34,10,2018,2,21,1,3,1,5,2,0,1,0,0,1,0,1,4.70421E+20,5.62288E+21,8.58066E+15,5.07569E+16
142656,6,4,12,0,2018,2,13,4,2,6,4,0,0,1,1,0,0,0,0,4.78519E+20,5.55618E+21,8.69929E+15,5.01574E+16
142657,6,4,33,8,2018,2,13,1,3,9,1,0,0,0,0,1,0,0,1,4.69706E+20,5.53835E+21,8.57732E+15,4.99967E+16
142658,6,5,33,3,2018,2,16,6,3,4,6,0,0,1,0,0,0,0,0,4.47766E+20,5.57164E+21,8.26667E+15,5.02946E+16
142659,6,4,12,0,2018,2,5,1,3,2,6,2,0,1,0,0,0,0,1,4.74582E+20,5.55135E+21,8.6445E+15,5.01139E+16
142660,6,4,14,0,2018,2,12,7,3,5,3,0,1,1,0,0,0,0,0,4.47474E+20,5.55021E+21,8.26553E+15,5.01018E+16
142661,6,4,12,0,2018,2,14,7,3,3,6,0,1,1,0,0,0,0,0,4.77016E+20,5.5488E+21,8.67869E+15,5.00911E+16
142662,6,4,35,25,2018,2,11,7,2,6,2,0,0,1,1,0,0,0,0,5.37779E+20,5.5779E+21,9.53104E+15,5.0352E+16
142663,6,6,11,0,2018,2,16,6,3,6,4,0,0,1,1,0,0,0,0,5.33493E+20,5.6848E+21,9.48056E+15,5.13135E+16
142664,6,4,31,7,2018,2,17,7,2,5,3,2,0,1,0,0,0,0,0,4.84017E+20,5.49964E+21,8.7786E+15,4.96491E+16
142665,6,4,33,12,2018,2,13,4,3,5,3,0,0,1,0,0,0,0,0,4.58104E+20,5.53761E+21,8.41553E+15,4.99894E+16
142666,6,5,32,10,2018,2,17,7,3,6,4,2,0,1,1,0,0,0,0,4.46463E+20,5.60679E+21,8.24335E+15,5.06105E+16
142667,6,4,34,2,2018,2,16,7,3,5,3,0,1,0,0,0,0,0,0,4.73948E+20,5.56979E+21,8.63437E+15,5.02797E+16
142668,6,4,38,12,2018,2,13,7,3,5,3,0,1,1,0,0,0,0,0,4.87176E+20,5.5364E+21,8.82113E+15,4.99798E+16
142669,6,4,39,8,2018,2,9,4,3,6,7,0,0,1,1,0,0,0,0,4.47739E+20,5.56297E+21,8.26748E+15,5.02166E+16
142670,6,4,32,8,2018,2,20,7,3,5,6,2,1,1,0,0,0,0,0,4.68821E+20,5.5239E+21,8.56615E+15,4.98667E+16
142671,6,4,14,0,2018,2,12,6,3,6,4,0,0,0,1,1,0,0,1,4.44442E+20,5.54634E+21,8.22369E+15,5.00668E+16
142672,6,5,34,4,2018,2,19,1,2,6,4,2,0,1,1,0,0,0,0,4.67008E+20,5.64001E+21,8.53072E+15,5.09108E+16
142673,6,4,33,12,2018,2,11,7,3,5,3,0,1,1,0,0,0,0,0,4.58079E+20,5.53758E+21,8.41519E+15,4.99891E+16
142674,6,4,35,14,2018,2,20,7,3,6,4,2,0,1,1,0,0,0,0,4.97012E+20,5.55216E+21,8.9582E+15,5.01217E+16
142675,6,6,33,24,2018,2,14,6,2,9,1,0,0,1,0,0,0,0,0,5.40394E+20,5.67649E+21,9.57864E+15,5.12384E+16
142676,6,4,34,6,2018,2,7,6,3,6,4,1,0,1,1,0,0,0,0,4.65709E+20,5.55867E+21,8.51974E+15,5.01792E+16
142677,6,4,14,0,2018,2,8,6,2,6,4,0,1,0,1,0,0,0,0,4.4562E+20,5.54719E+21,8.24003E+15,5.00745E+16
142678,6,4,12,0,2018,2,9,3,3,4,6,0,1,0,0,0,0,0,0,4.74784E+20,5.54994E+21,8.6474E+15,5.01012E+16
142679,6,4,13,0,2018,2,16,6,3,1,5,0,0,1,0,0,0,0,0,4.82914E+20,5.54975E+21,8.7611E+15,5.00998E+16
142680,6,4,14,0,2018,2,8,6,3,2,6,0,0,1,0,0,0,0,2,4.45213E+20,5.54607E+21,8.23451E+15,5.00644E+16
142681,6,4,12,0,2018,2,7,6,2,6,4,0,0,1,1,0,0,0,0,4.73268E+20,5.55894E+21,8.62558E+15,5.01821E+16
142682,6,4,12,0,2018,2,3,6,3,3,1,2,0,1,0,0,0,0,1,4.74992E+20,5.55133E+21,8.65023E+15,5.01137E+16
142683,6,4,14,0,2018,2,8,6,2,8,1,0,0,0,0,1,0,0,2,4.45216E+20,5.54607E+21,8.23454E+15,5.00644E+16
142684,6,4,12,0,2018,2,14,6,3,6,7,0,0,1,1,0,0,0,0,4.78265E+20,5.55591E+21,8.69575E+15,5.0155E+16
142685,6,4,12,0,2018,2,13,6,3,3,2,0,0,1,0,1,0,0,0,4.76774E+20,5.5517E+21,8.67513E+15,5.01171E+16
142686,6,4,12,0,2018,2,9,6,3,5,3,0,0,1,0,0,0,0,1,4.77901E+20,5.55293E+21,8.69083E+15,5.01282E+16
142687,6,4,12,0,2018,2,8,5,3,5,3,0,0,1,0,0,0,1,0,4.75484E+20,5.55116E+21,8.65712E+15,5.01122E+16
142688,6,4,11,0,2018,2,15,6,3,5,3,0,0,1,0,0,0,1,0,4.74903E+20,5.52485E+21,8.65071E+15,4.98755E+16
142689,6,4,13,0,2018,2,14,6,3,5,3,0,0,1,0,1,0,0,0,4.84005E+20,5.54953E+21,8.77637E+15,5.00978E+16
142690,6,4,31,2,2018,2,12,3,3,5,3,0,1,1,0,0,0,0,0,4.71975E+20,5.50267E+21,8.61156E+15,4.96759E+16
142691,6,6,11,0,2018,2,15,6,3,1,5,0,1,1,0,0,0,0,0,5.31966E+20,5.68472E+21,9.45865E+15,5.13129E+16
142692,6,4,12,0,2018,2,9,6,2,1,7,0,0,1,1,0,0,1,1,4.64959E+20,5.54762E+21,8.51025E+15,5.00798E+16
142693,6,4,36,3,2018,2,16,7,3,6,7,0,1,0,1,0,0,0,0,4.69145E+20,5.55528E+21,8.56813E+15,5.0149E+16
142694,6,4,40,12,2018,2,12,6,3,3,6,0,1,1,0,0,0,0,0,4.82685E+20,5.56438E+21,8.75723E+15,5.02313E+16
142695,6,4,40,2,2018,2,6,6,2,5,2,2,0,1,0,1,0,0,1,4.82941E+20,5.57906E+21,8.76016E+15,5.03633E+16
142696,6,4,31,13,2018,2,20,6,3,8,1,2,0,1,0,0,0,0,0,4.60012E+20,5.49354E+21,8.44669E+15,4.95931E+16
142697,6,4,31,5,2018,2,13,5,3,5,3,0,0,1,0,0,0,0,0,4.61868E+20,5.49858E+21,8.47188E+15,4.96386E+16
142698,6,5,34,14,2018,2,11,6,2,5,3,0,1,1,0,0,0,0,0,4.84128E+20,5.63027E+21,8.77465E+15,5.08239E+16
142699,6,4,12,0,2018,2,13,6,3,8,1,0,0,1,0,0,0,0,1,4.74537E+20,5.55487E+21,8.64363E+15,5.01455E+16
142700,6,6,33,26,2018,2,8,5,2,9,1,0,0,1,0,0,0,0,0,5.32488E+20,5.6894E+21,9.46656E+15,5.13549E+16
142701,6,4,38,11,2018,2,15,5,2,6,6,0,0,0,1,1,0,0,0,4.91108E+20,5.53799E+21,8.87594E+15,4.99942E+16
142702,6,4,14,0,2018,2,16,5,3,5,3,0,1,1,0,0,0,0,0,4.46035E+20,5.54687E+21,8.24589E+15,5.00717E+16
142703,6,4,12,0,2018,2,7,6,3,5,3,0,1,1,0,0,0,0,1,4.81855E+20,5.55335E+21,8.74612E+15,5.01321E+16
142704,6,4,11,0,2018,2,6,2,3,8,1,2,0,1,0,0,0,0,0,4.73483E+20,5.5235E+21,8.63104E+15,4.98633E+16
142705,6,4,14,0,2018,2,8,5,3,3,1,0,0,1,0,0,1,0,0,4.45394E+20,5.54752E+21,8.23682E+15,5.00775E+16
142706,6,4,37,6,2018,2,11,6,3,2,6,0,0,1,0,0,0,1,0,4.99341E+20,5.50177E+21,8.99087E+15,4.96685E+16
142707,6,4,13,0,2018,2,11,5,3,5,3,0,0,1,0,0,0,0,0,4.83651E+20,5.54948E+21,8.77142E+15,5.00974E+16
142708,6,4,12,0,2018,2,13,5,3,2,6,0,0,1,0,0,0,0,0,4.76518E+20,5.55087E+21,8.6716E+15,5.01096E+16
142709,6,6,36,3,2018,2,9,7,2,2,7,0,1,1,0,0,0,0,0,5.72013E+20,5.67134E+21,1.00305E+16,5.11889E+16
142710,6,4,12,0,2018,2,14,4,3,2,2,0,1,1,0,0,0,0,0,4.76817E+20,5.55064E+21,8.6758E+15,5.01075E+16
142711,6,4,12,0,2018,2,7,5,3,5,3,0,0,1,0,0,0,0,0,4.73723E+20,5.55043E+21,8.63254E+15,5.01056E+16
142712,6,4,11,0,2018,2,13,6,3,9,1,0,0,1,0,0,0,0,0,4.77039E+20,5.52515E+21,8.68043E+15,4.98783E+16
142713,6,4,12,0,2018,2,16,1,3,2,6,0,0,1,0,0,0,0,0,4.76806E+20,5.55066E+21,8.67564E+15,5.01077E+16
142714,6,4,32,23,2018,2,9,5,3,5,3,0,1,1,0,0,0,0,0,4.68454E+20,5.52935E+21,8.56059E+15,4.99157E+16
142715,6,6,34,26,2018,2,16,6,3,5,6,0,0,1,0,0,0,0,0,5.15311E+20,5.63345E+21,9.21752E+15,5.08526E+16
142716,6,6,32,3,2018,2,8,5,3,5,3,0,0,1,0,0,0,0,0,5.54946E+20,5.64833E+21,9.78278E+15,5.09839E+16
142717,6,5,32,8,2018,2,8,2,3,0,7,0,0,1,0,0,0,0,0,4.54213E+20,5.60747E+21,8.35279E+15,5.06173E+16
142718,6,4,38,8,2018,2,11,5,3,0,6,0,0,1,0,0,0,1,0,4.88533E+20,5.5521E+21,8.8396E+15,5.0121E+16
142719,6,6,35,2,2018,2,13,6,3,1,6,0,0,1,0,0,0,0,0,4.99857E+20,5.69181E+21,8.99795E+15,5.13775E+16
142720,6,4,38,6,2018,2,11,5,3,5,2,0,1,1,0,0,0,0,0,4.76676E+20,5.53757E+21,8.67462E+15,4.999E+16
142721,6,4,37,3,2018,2,18,5,3,4,1,1,0,1,0,0,0,1,0,4.91023E+20,5.5136E+21,8.87532E+15,4.97748E+16
142722,6,4,31,2,2018,2,14,7,3,5,3,0,1,0,0,0,0,1,0,4.72352E+20,5.50414E+21,8.61668E+15,4.96891E+16
142723,6,4,11,0,2018,2,11,5,2,0,2,0,1,0,0,0,0,1,0,4.74529E+20,5.52112E+21,8.64575E+15,4.98419E+16
142724,6,4,34,5,2018,2,17,4,3,0,7,0,1,0,0,0,0,0,0,4.62089E+20,5.55866E+21,8.46904E+15,5.01789E+16
142725,6,4,31,20,2018,2,17,5,3,1,2,1,1,1,0,0,0,0,0,4.70282E+20,5.48724E+21,8.58926E+15,4.9537E+16
142726,6,6,11,0,2018,2,9,6,3,0,1,0,1,0,0,0,0,0,2,5.29305E+20,5.68381E+21,9.42039E+15,5.13049E+16
142727,6,4,33,12,2018,2,7,5,2,6,4,0,0,1,1,0,0,0,0,4.60139E+20,5.53826E+21,8.44385E+15,4.99954E+16
142728,6,4,33,10,2018,2,7,5,3,6,4,1,0,1,1,0,0,0,0,4.60546E+20,5.53974E+21,8.44938E+15,5.00086E+16
142729,6,4,33,7,2018,2,8,5,3,3,6,0,0,1,0,0,0,0,0,4.62952E+20,5.5425E+21,8.48269E+15,5.00336E+16
142730,6,4,32,10,2018,2,23,6,3,2,6,2,0,1,0,0,0,0,0,4.93744E+20,5.52445E+21,8.91294E+15,4.98724E+16
142731,6,5,31,5,2018,2,7,4,3,3,2,0,1,1,0,0,0,0,0,4.77416E+20,5.60393E+21,8.68098E+15,5.05868E+16
142732,6,4,14,0,2018,2,10,4,2,6,4,0,0,1,1,0,0,0,0,4.44479E+20,5.5463E+21,8.22422E+15,5.00664E+16
142733,6,4,13,0,2018,2,11,6,3,6,4,0,0,1,1,0,0,0,0,4.82959E+20,5.55012E+21,8.76171E+15,5.01031E+16
142734,6,4,14,0,2018,2,9,4,2,6,7,0,0,1,1,0,0,0,0,4.45514E+20,5.54737E+21,8.23853E+15,5.00761E+16
142735,6,4,14,0,2018,2,7,3,3,6,2,1,0,1,1,0,0,0,1,4.45035E+20,5.54641E+21,8.23197E+15,5.00674E+16
142736,6,4,12,0,2018,2,12,4,3,0,7,0,1,1,0,0,0,0,0,4.67752E+20,5.55006E+21,8.54907E+15,5.01019E+16
142737,6,6,35,11,2018,2,15,6,2,7,4,0,0,1,1,0,0,0,0,4.8577E+20,5.65549E+21,8.79698E+15,5.10508E+16
142738,6,4,12,0,2018,2,9,4,2,5,3,0,1,1,0,0,0,0,0,4.74575E+20,5.55743E+21,8.64398E+15,5.01685E+16
142739,6,4,38,1,2018,2,11,7,3,5,3,0,0,1,0,0,0,0,0,4.84775E+20,5.5396E+21,8.78752E+15,5.00085E+16
142740,6,4,12,0,2018,2,15,4,3,3,5,0,1,1,0,0,0,0,0,4.74749E+20,5.55228E+21,8.64676E+15,5.01222E+16
142741,6,4,12,0,2018,2,18,4,3,5,3,2,1,1,0,0,0,0,0,4.77402E+20,5.55372E+21,8.68379E+15,5.01353E+16
142742,6,4,12,0,2018,2,17,5,3,1,1,0,1,1,0,0,0,0,0,4.74054E+20,5.55027E+21,8.63718E+15,5.01041E+16
142743,6,4,12,0,2018,2,7,4,3,8,1,0,0,1,0,0,0,0,0,4.76481E+20,5.55155E+21,8.67104E+15,5.01158E+16
142744,6,4,39,7,2018,2,7,6,3,9,1,1,0,1,0,0,0,0,2,4.43016E+20,5.56407E+21,8.20112E+15,5.02261E+16
142745,6,4,12,0,2018,2,7,2,3,2,6,0,0,1,0,0,0,1,0,4.72855E+20,5.55113E+21,8.62036E+15,5.01118E+16
142746,6,4,12,0,2018,2,15,4,3,6,2,0,0,1,1,0,0,0,0,4.77518E+20,5.55185E+21,8.68553E+15,5.01185E+16
142747,6,4,39,12,2018,2,10,6,3,5,3,0,0,1,0,0,0,0,0,4.3081E+20,5.54001E+21,8.03439E+15,5.00084E+16
142748,6,4,36,6,2018,2,8,4,3,5,3,0,1,1,0,0,0,0,0,4.53205E+20,5.54003E+21,8.3469E+15,5.00108E+16
142749,6,4,38,7,2018,2,17,3,2,5,3,0,0,1,0,1,0,0,0,4.99261E+20,5.54013E+21,8.98969E+15,5.00135E+16
142750,6,4,36,7,2018,2,12,4,3,1,7,0,0,1,0,0,1,0,0,4.56088E+20,5.54642E+21,8.3864E+15,5.00685E+16
142751,6,4,36,5,2018,2,10,4,3,5,3,0,0,1,0,1,0,0,0,4.62786E+20,5.5457E+21,8.48006E+15,5.00624E+16
142752,6,4,35,10,2018,2,20,4,3,8,1,2,0,1,0,0,0,0,0,5.13009E+20,5.56072E+21,9.18227E+15,5.01985E+16
142753,6,4,11,0,2018,2,7,4,3,5,3,1,1,1,0,0,0,0,0,4.74437E+20,5.51782E+21,8.64469E+15,4.98123E+16
142754,6,4,34,1,2018,2,11,5,2,0,7,0,0,0,0,0,0,1,0,4.73417E+20,5.56338E+21,8.62736E+15,5.0222E+16
142755,6,4,40,8,2018,2,7,4,3,2,6,1,0,1,0,0,0,0,1,4.82324E+20,5.5767E+21,8.75159E+15,5.03421E+16
142756,6,4,39,4,2018,2,11,2,2,5,3,0,0,1,0,0,0,0,0,4.26259E+20,5.53787E+21,7.9713E+15,4.99886E+16
142757,6,4,31,13,2018,2,7,4,3,5,3,0,1,1,0,0,0,0,0,4.60925E+20,5.49416E+21,8.45926E+15,4.95987E+16
142758,6,4,33,12,2018,2,12,4,3,5,3,0,0,1,0,0,0,1,0,4.58878E+20,5.53857E+21,8.42623E+15,4.99981E+16
142759,6,6,35,15,2018,2,18,3,3,8,2,2,0,1,0,0,0,0,0,4.90644E+20,5.67925E+21,8.8659E+15,5.12645E+16
142760,6,6,11,0,2018,2,18,3,3,2,6,2,0,1,0,0,0,0,0,5.38128E+20,5.68422E+21,9.54699E+15,5.1308E+16
142761,6,4,13,0,2018,2,9,3,2,5,2,0,0,1,0,0,0,1,0,4.83272E+20,5.54969E+21,8.76611E+15,5.00992E+16
142762,6,4,36,5,2018,2,23,4,3,8,1,2,0,1,0,0,0,0,0,4.63679E+20,5.54466E+21,8.49264E+15,5.00531E+16
142763,6,4,12,0,2018,2,17,3,3,1,5,1,0,1,0,0,0,1,0,4.65409E+20,5.54783E+21,8.51652E+15,5.00817E+16
142764,6,6,31,15,2018,2,13,2,3,2,6,0,0,1,0,0,0,0,0,5.53976E+20,5.61419E+21,9.76393E+15,5.0677E+16
142765,6,4,12,0,2018,2,17,3,3,5,3,1,0,1,0,0,0,1,0,4.74618E+20,5.55707E+21,8.64461E+15,5.01653E+16
142766,6,4,12,0,2018,2,15,3,3,5,3,0,0,1,0,0,0,0,0,4.78815E+20,5.56134E+21,8.70314E+15,5.02039E+16
142767,6,4,12,0,2018,2,19,3,3,1,5,2,0,1,0,0,0,0,0,4.73837E+20,5.55014E+21,8.63415E+15,5.01029E+16
142768,6,4,35,14,2018,2,1,7,3,9,1,2,0,1,0,0,0,0,0,4.95627E+20,5.55077E+21,8.93884E+15,5.01092E+16
142769,6,4,12,0,2018,2,20,3,2,6,2,2,0,0,1,0,0,1,0,4.76409E+20,5.55251E+21,8.66997E+15,5.01244E+16
142770,6,4,31,20,2018,2,20,4,3,5,3,2,0,1,0,0,0,0,0,4.69057E+20,5.48684E+21,8.57236E+15,4.95334E+16
142771,6,4,39,3,2018,2,9,3,3,5,3,0,0,1,0,0,0,0,0,4.35255E+20,5.54116E+21,8.09622E+15,5.00192E+16
142772,6,6,11,0,2018,2,22,7,3,5,2,2,1,1,0,0,0,0,0,5.37802E+20,5.6844E+21,9.54234E+15,5.13096E+16
142773,6,4,38,6,2018,2,15,3,3,5,3,0,1,1,0,0,0,0,0,4.7499E+20,5.53724E+21,8.65112E+15,4.9987E+16
142774,6,6,11,0,2018,2,13,4,3,6,7,0,0,1,1,0,0,0,0,5.31215E+20,5.68572E+21,9.44796E+15,5.13219E+16
142775,6,4,33,6,2018,2,22,3,3,8,1,2,0,1,0,0,0,0,0,4.62996E+20,5.52926E+21,8.48457E+15,4.99146E+16
142776,6,4,32,1,2018,2,11,1,3,1,7,0,1,1,0,0,0,0,0,4.69432E+20,5.50989E+21,8.57574E+15,4.97407E+16
142777,6,5,33,4,2018,2,19,2,2,6,2,2,0,1,1,0,0,0,0,4.31033E+20,5.59509E+21,8.02747E+15,5.05037E+16
142778,6,6,11,0,2018,2,17,2,3,6,4,2,0,1,1,0,0,0,0,5.35406E+20,5.68166E+21,9.50769E+15,5.12851E+16
142779,6,4,13,0,2018,2,14,2,3,5,3,0,0,1,0,0,0,0,0,4.847E+20,5.55211E+21,8.78597E+15,5.01211E+16
142780,6,4,38,11,2018,2,23,6,3,8,1,2,0,1,0,0,0,0,0,4.91773E+20,5.54136E+21,8.88514E+15,5.00245E+16
142781,6,4,36,3,2018,2,21,2,3,5,2,2,0,1,0,0,0,0,0,4.67775E+20,5.5561E+21,8.54889E+15,5.01563E+16
142782,6,4,12,0,2018,2,11,3,2,6,1,0,0,1,1,0,0,1,0,4.7545E+20,5.55615E+21,8.65632E+15,5.01571E+16
142783,6,4,36,5,2018,2,11,2,3,6,4,0,0,1,1,0,0,0,0,4.63577E+20,5.54662E+21,8.49103E+15,5.00707E+16
142784,6,4,12,0,2018,2,12,2,3,5,3,0,1,0,0,0,0,1,0,4.74882E+20,5.55664E+21,8.64834E+15,5.01614E+16
142785,6,4,31,20,2018,2,19,7,3,5,2,2,0,1,0,0,0,0,0,4.69019E+20,5.48621E+21,8.57188E+15,4.95277E+16
142786,6,4,12,0,2018,2,17,2,3,6,4,0,1,0,1,0,0,0,0,4.76399E+20,5.55136E+21,8.6699E+15,5.0114E+16