OBJECTID_1,ULAND,UREGBEZ,UKREIS,UGEMEINDE,UJAHR,UMONAT,USTUNDE,UWOCHENTAG,UKATEGORIE,UART,UTYP1,ULICHTVERH,IstRad,IstPKW,IstFuss,IstKrad,IstGkfz,IstSonstig,STRZUSTAND,LINREFX,LINREFY,XGCSWGS84,YGCSWGS84
142787,6,4,11,0,2018,2,11,5,3,1,5,0,1,1,0,0,0,0,0,4.74737E+20,5.52264E+21,8.64854E+15,4.98557E+16
142788,6,4,32,23,2018,2,6,2,3,2,6,0,0,1,0,0,0,0,2,4.70813E+20,5.53095E+21,8.59333E+15,4.99302E+16
142789,6,4,35,14,2018,3,21,7,2,3,6,2,1,1,0,0,0,0,0,4.9442E+20,5.55564E+21,8.9219E+15,5.0153E+16
142790,6,4,12,0,2018,3,12,6,3,2,6,0,0,1,0,0,0,0,0,4.74823E+20,5.54836E+21,8.64806E+15,5.0087E+16
142791,6,4,14,0,2018,3,9,5,3,0,6,0,0,1,0,1,0,0,1,4.45548E+20,5.5469E+21,8.23907E+15,5.00719E+16
142792,6,4,12,0,2018,3,18,6,3,2,6,2,0,1,0,0,0,0,0,4.76771E+20,5.5509E+21,8.67513E+15,5.01099E+16
142793,6,4,33,12,2018,3,13,3,3,2,6,0,0,1,0,0,0,0,0,4.59563E+20,5.53855E+21,8.43579E+15,4.99979E+16
142794,6,4,35,23,2018,3,13,6,2,6,4,0,0,1,1,0,0,0,0,5.02051E+20,5.55406E+21,9.0287E+15,5.01388E+16
142795,6,4,37,11,2018,3,21,6,3,9,1,2,0,1,0,0,0,0,2,5.00878E+20,5.5018E+21,9.01216E+15,4.96687E+16
142796,6,5,32,8,2018,3,13,5,3,5,3,0,0,1,0,0,0,1,0,4.53729E+20,5.60794E+21,8.34589E+15,5.06215E+16
142797,6,4,36,7,2018,3,7,6,3,5,3,1,1,0,0,0,0,1,0,4.59421E+20,5.54745E+21,8.43286E+15,5.0078E+16
142798,6,6,33,3,2018,3,11,5,3,1,5,0,0,1,0,0,0,1,0,5.30091E+20,5.67901E+21,9.43126E+15,5.12617E+16
142799,6,4,36,7,2018,3,10,6,3,6,2,0,0,1,1,0,0,0,0,4.55982E+20,5.54592E+21,8.38499E+15,5.00639E+16
142800,6,4,12,0,2018,3,16,2,3,5,2,1,1,1,0,0,0,0,0,4.70703E+20,5.54966E+21,8.59037E+15,5.00984E+16
142801,6,4,12,0,2018,3,15,6,3,6,7,0,0,1,1,0,0,0,0,4.71584E+20,5.55016E+21,8.60265E+15,5.0103E+16
142802,6,5,35,11,2018,3,8,5,2,6,4,0,0,1,1,0,0,0,0,5.27519E+20,5.61023E+21,9.3892E+15,5.06433E+16
142803,6,4,12,0,2018,3,14,4,3,5,3,0,1,1,0,0,0,0,0,4.73407E+20,5.5559E+21,8.62773E+15,5.01547E+16
142804,6,4,14,0,2018,3,10,5,3,2,6,0,0,1,0,0,0,0,0,4.45084E+20,5.54632E+21,8.23267E+15,5.00666E+16
142805,6,4,32,8,2018,3,13,2,3,5,3,0,1,0,0,0,0,0,0,4.68811E+20,5.52365E+21,8.56603E+15,4.98644E+16
142806,6,4,36,11,2018,3,12,5,3,8,1,0,0,1,0,0,0,0,0,4.66538E+20,5.55494E+21,8.53167E+15,5.01457E+16
142807,6,4,34,1,2018,3,14,2,3,1,5,0,0,1,0,0,0,1,0,4.74933E+20,5.56307E+21,8.64863E+15,5.02193E+16
142808,6,4,12,0,2018,3,19,5,3,6,4,2,0,1,1,0,0,0,0,4.67388E+20,5.55008E+21,8.54398E+15,5.01021E+16
142809,6,4,12,0,2018,3,19,5,3,5,2,2,0,1,0,0,0,0,0,4.719E+20,5.55122E+21,8.60699E+15,5.01126E+16
142810,6,4,31,2,2018,3,12,4,3,5,3,0,0,1,0,1,0,0,0,4.7125E+20,5.50297E+21,8.60149E+15,4.96786E+16
142811,6,4,12,0,2018,3,9,5,3,2,6,0,0,1,0,0,0,0,0,4.75214E+20,5.54761E+21,8.65358E+15,5.00803E+16
142812,6,4,35,14,2018,3,17,2,3,1,7,0,0,1,0,0,0,1,0,4.97092E+20,5.55048E+21,8.95934E+15,5.01066E+16
142813,6,4,12,0,2018,3,9,5,3,5,3,0,0,1,0,0,0,0,0,4.755E+20,5.5506E+21,8.65738E+15,5.01071E+16
142814,6,4,31,2,2018,3,23,6,3,5,3,2,1,1,0,0,0,0,1,4.72176E+20,5.50353E+21,8.61428E+15,4.96837E+16
142815,6,4,11,0,2018,3,19,5,3,5,2,2,1,1,0,0,0,0,0,4.7431E+20,5.52413E+21,8.64251E+15,4.9869E+16
142816,6,6,33,28,2018,3,14,3,2,4,7,0,0,1,0,1,0,0,0,5.12523E+20,5.68569E+21,9.17972E+15,5.13224E+16
142817,6,5,32,8,2018,3,15,6,3,5,3,0,0,1,0,0,0,0,1,4.56294E+20,5.60605E+21,8.38237E+15,5.06047E+16
142818,6,6,33,3,2018,3,13,5,3,2,6,0,0,1,0,0,0,0,0,5.28756E+20,5.67868E+21,9.4121E+15,5.12587E+16
142819,6,6,32,14,2018,3,17,3,2,5,2,0,0,1,0,0,0,0,0,5.40562E+20,5.64038E+21,9.57699E+15,5.09136E+16
142820,6,6,32,2,2018,3,6,7,3,5,3,2,0,1,0,0,1,0,1,5.49965E+20,5.6346E+21,9.70995E+15,5.08609E+16
142821,6,4,35,19,2018,3,13,5,3,5,3,0,1,1,0,0,0,0,0,4.88633E+20,5.55428E+21,8.84092E+15,5.01406E+16
142822,6,4,36,5,2018,3,15,5,3,2,2,0,1,1,0,0,0,0,0,4.6293E+20,5.54601E+21,8.48205E+15,5.00652E+16
142823,6,4,34,8,2018,3,16,5,3,1,5,0,0,1,0,0,0,0,0,4.69607E+20,5.56065E+21,8.57417E+15,5.01972E+16
142824,6,4,14,0,2018,3,18,2,3,6,4,1,0,1,1,0,0,0,0,4.42784E+20,5.54779E+21,8.20032E+15,5.00796E+16
142825,6,5,33,9,2018,3,13,6,3,0,1,0,1,0,0,0,0,0,0,4.34434E+20,5.58244E+21,8.07763E+15,5.03903E+16
142826,6,4,11,0,2018,3,14,7,3,5,3,0,0,1,0,0,0,1,0,4.72841E+20,5.52199E+21,8.62221E+15,4.98498E+16
142827,6,4,31,6,2018,3,15,5,3,5,3,0,0,1,0,0,0,0,0,4.6758E+20,5.50258E+21,8.55066E+15,4.96749E+16
142828,6,4,12,0,2018,3,19,7,3,1,5,2,0,1,0,1,0,0,1,4.67052E+20,5.55118E+21,8.5392E+15,5.01119E+16
142829,6,4,38,11,2018,3,19,5,3,5,3,1,0,1,0,0,1,0,0,4.90473E+20,5.53769E+21,8.86709E+15,4.99914E+16
142830,6,4,38,1,2018,3,10,5,3,6,2,0,0,1,1,0,0,0,0,4.84622E+20,5.54034E+21,8.78536E+15,5.00152E+16
142831,6,4,12,0,2018,3,14,7,3,6,7,0,0,1,1,0,0,0,0,4.77432E+20,5.55192E+21,8.68431E+15,5.01191E+16
142832,6,4,12,0,2018,3,10,2,3,5,3,0,1,1,0,0,0,0,0,4.75538E+20,5.55062E+21,8.65791E+15,5.01073E+16
142833,6,4,38,8,2018,3,14,7,3,0,7,0,0,1,0,0,0,0,0,4.8734E+20,5.55202E+21,8.82291E+15,5.01203E+16
142834,6,4,35,10,2018,3,9,7,3,6,4,0,0,1,1,0,0,0,0,5.09645E+20,5.55897E+21,9.13509E+15,5.01828E+16
142835,6,4,40,2,2018,3,11,5,3,2,6,0,0,1,0,0,0,0,0,4.81643E+20,5.57793E+21,8.74197E+15,5.03532E+16
142836,6,4,40,3,2018,3,4,7,3,0,7,2,0,1,0,0,0,0,1,4.80788E+20,5.55955E+21,8.73088E+15,5.01878E+16
142837,6,4,38,8,2018,3,18,4,3,1,5,1,1,1,0,0,0,0,0,4.88843E+20,5.55167E+21,8.84394E+15,5.01172E+16
142838,6,4,33,7,2018,3,12,5,1,4,6,0,1,0,0,0,0,0,0,4.6515E+20,5.54469E+21,8.51318E+15,5.00535E+16
142839,6,4,35,14,2018,3,20,6,3,5,3,2,0,0,0,1,0,1,1,4.95077E+20,5.5543E+21,8.93111E+15,5.01409E+16
142840,6,4,33,6,2018,3,22,5,3,5,3,2,1,1,0,0,0,0,1,4.6331E+20,5.52983E+21,8.4889E+15,4.99197E+16
142841,6,5,31,5,2018,3,15,5,3,5,3,0,0,1,0,0,0,0,0,4.77945E+20,5.60207E+21,8.68856E+15,5.05702E+16
142842,6,6,34,9,2018,3,9,6,3,6,7,0,0,1,1,0,0,0,1,5.2802E+20,5.65352E+21,9.3996E+15,5.10325E+16
142843,6,4,34,1,2018,3,16,2,3,1,5,0,0,1,0,0,0,0,0,4.72565E+20,5.56443E+21,8.61534E+15,5.02314E+16
142844,6,4,14,0,2018,3,16,6,3,6,2,0,0,1,1,0,0,0,1,4.50239E+20,5.53888E+21,8.30566E+15,5.00002E+16
142845,6,4,14,0,2018,3,16,6,3,3,6,0,0,1,0,0,0,0,1,4.44949E+20,5.54411E+21,8.23111E+15,5.00467E+16
142846,6,4,33,7,2018,3,19,5,3,2,6,2,0,1,0,0,0,0,0,4.63507E+20,5.54176E+21,8.49051E+15,5.0027E+16
142847,6,4,14,0,2018,3,11,6,3,5,3,0,0,1,0,0,0,0,0,4.47355E+20,5.54647E+21,8.26438E+15,5.00681E+16
142848,6,6,11,0,2018,2,14,4,3,5,3,0,0,1,0,0,0,1,0,5.34691E+20,5.68524E+21,9.4978E+15,5.13174E+16
142849,6,4,14,0,2018,3,9,6,3,5,2,0,0,1,0,0,0,0,1,4.46593E+20,5.5454E+21,8.25388E+15,5.00585E+16
142850,6,6,31,15,2018,3,17,4,3,0,3,0,0,1,0,1,0,0,0,5.54261E+20,5.61358E+21,9.76787E+15,5.06716E+16
142851,6,4,11,0,2018,3,13,6,3,6,7,0,0,1,1,0,0,0,1,4.73685E+20,5.52294E+21,8.63389E+15,4.98583E+16
142852,6,5,32,12,2018,3,17,1,3,5,3,0,0,1,0,0,0,0,1,4.48155E+20,5.61657E+21,8.26589E+15,5.06986E+16
142853,6,4,38,9,2018,3,13,6,2,5,3,0,1,1,0,0,0,0,0,4.78176E+20,5.54396E+21,8.69517E+15,5.00475E+16
142854,6,4,38,10,2018,3,8,6,3,5,2,0,1,1,0,0,0,0,1,4.90069E+20,5.54724E+21,8.8612E+15,5.00773E+16
142855,6,4,14,0,2018,2,13,4,3,0,2,0,0,1,0,0,0,1,0,4.44192E+20,5.54397E+21,8.22055E+15,5.00454E+16
142856,6,4,38,11,2018,3,23,6,3,5,3,2,0,1,0,0,0,0,1,4.90951E+20,5.53828E+21,8.87374E+15,4.99968E+16
142857,6,4,31,20,2018,3,17,2,3,6,7,0,0,1,1,0,0,0,0,4.69589E+20,5.48846E+21,8.57959E+15,4.9548E+16
142858,6,4,34,8,2018,3,16,6,3,1,5,0,0,1,0,0,0,0,0,4.70615E+20,5.55861E+21,8.58845E+15,5.0179E+16
142859,6,4,36,9,2018,3,14,6,3,5,3,0,1,1,0,0,0,0,0,4.61421E+20,5.54842E+21,8.46072E+15,5.00868E+16
142860,6,4,13,0,2018,2,10,4,3,5,3,0,1,1,0,0,0,0,0,4.81718E+20,5.54849E+21,8.74443E+15,5.00884E+16
142861,6,4,31,4,2018,3,13,6,3,6,4,0,0,1,1,0,0,0,1,4.79814E+20,5.49177E+21,8.72077E+15,4.95781E+16
142862,6,4,32,8,2018,3,14,6,3,5,3,0,1,0,0,0,0,1,1,4.69581E+20,5.52345E+21,8.57675E+15,4.98627E+16
142863,6,4,36,3,2018,2,8,4,3,5,2,0,1,1,0,0,0,0,0,4.69251E+20,5.55408E+21,8.56972E+15,5.01381E+16
142864,6,5,32,10,2018,3,11,6,2,9,1,0,0,1,0,0,0,0,1,4.49838E+20,5.60235E+21,8.29164E+15,5.05709E+16
142865,6,4,12,0,2018,3,18,3,3,3,2,0,1,1,0,0,0,0,0,4.78479E+20,5.55222E+21,8.69895E+15,5.01218E+16
142866,6,4,38,1,2018,3,12,6,3,5,3,0,1,1,0,0,0,0,0,4.84244E+20,5.53971E+21,8.7801E+15,5.00095E+16
142867,6,4,14,0,2018,3,13,7,3,6,4,0,0,1,1,0,0,0,1,4.43288E+20,5.54743E+21,8.20742E+15,5.00764E+16
142868,6,4,31,3,2018,3,14,6,3,0,1,0,0,0,0,1,0,0,0,4.61263E+20,5.50483E+21,8.46288E+15,4.96947E+16
142869,6,4,31,20,2018,3,6,6,3,2,6,0,0,1,0,0,0,0,1,4.70538E+20,5.48743E+21,8.59279E+15,4.95388E+16
142870,6,4,12,0,2018,2,7,4,3,3,2,0,1,1,0,0,0,0,0,4.74808E+20,5.5474E+21,8.64791E+15,5.00783E+16
142871,6,4,35,14,2018,3,13,6,3,5,3,0,0,1,0,0,0,1,0,4.92041E+20,5.55296E+21,8.88865E+15,5.01288E+16
142872,6,4,11,0,2018,3,19,5,3,5,2,2,1,1,0,0,0,0,1,4.74372E+20,5.52496E+21,8.64332E+15,4.98765E+16
142873,6,4,11,0,2018,2,7,4,3,5,3,0,1,1,0,0,0,0,0,4.73083E+20,5.52205E+21,8.62558E+15,4.98503E+16
142874,6,4,12,0,2018,3,13,6,3,6,4,0,0,1,1,0,0,0,0,4.82147E+20,5.55589E+21,8.75009E+15,5.0155E+16
142875,6,4,38,7,2018,2,15,4,2,5,3,0,1,0,0,0,0,1,0,4.99204E+20,5.54034E+21,8.9889E+15,5.00153E+16
142876,6,4,36,3,2018,3,21,5,3,5,2,2,0,1,0,0,0,0,1,4.68859E+20,5.55344E+21,8.56428E+15,5.01323E+16
142877,6,6,35,22,2018,3,21,5,3,9,1,2,0,1,0,0,0,0,1,4.72919E+20,5.68303E+21,8.61157E+15,5.1298E+16
142878,6,4,40,3,2018,2,18,4,2,4,6,2,0,1,0,0,0,0,0,4.8045E+20,5.55722E+21,8.72626E+15,5.01669E+16
142879,6,4,12,0,2018,3,13,5,3,1,3,0,0,1,0,1,0,0,0,4.77536E+20,5.55182E+21,8.68578E+15,5.01182E+16
142880,6,4,11,0,2018,3,9,3,3,1,5,0,1,1,0,0,0,0,0,4.74416E+20,5.51826E+21,8.64437E+15,4.98162E+16
142881,6,4,38,13,2018,3,20,5,2,6,4,2,0,1,1,0,0,0,1,4.98283E+20,5.54308E+21,8.97602E+15,5.004E+16
142882,6,4,35,14,2018,3,15,6,3,5,3,0,0,1,0,0,0,0,0,4.94953E+20,5.55427E+21,8.92937E+15,5.01406E+16
142883,6,4,38,6,2018,3,7,5,3,6,4,1,0,1,1,0,0,0,0,4.75071E+20,5.53787E+21,8.65221E+15,4.99927E+16
142884,6,4,34,8,2018,3,14,5,3,0,7,0,0,0,1,0,1,1,0,4.69676E+20,5.55866E+21,8.5753E+15,5.01794E+16
142885,6,4,32,22,2018,2,7,4,3,5,3,0,0,1,0,0,0,0,0,4.73659E+20,5.51171E+21,8.63429E+15,4.97573E+16
142886,6,4,40,2,2018,3,17,5,3,2,6,0,0,1,0,0,0,0,0,4.82264E+20,5.57889E+21,8.75064E+15,5.03618E+16
142887,6,4,36,7,2018,3,12,5,2,9,1,0,0,0,0,1,0,0,0,4.61523E+20,5.54897E+21,8.46208E+15,5.00918E+16
142888,6,6,31,9,2018,2,9,4,3,5,3,0,0,1,0,1,0,0,0,5.48359E+20,5.59815E+21,9.68235E+15,5.05333E+16
142889,6,5,32,21,2018,3,9,5,3,0,7,0,0,1,0,0,1,0,0,4.57933E+20,5.59859E+21,8.40637E+15,5.05377E+16
142890,6,4,39,15,2018,3,7,2,3,5,3,0,0,1,0,0,0,0,0,4.41484E+20,5.55552E+21,8.18097E+15,5.0149E+16
142891,6,4,12,0,2018,3,13,4,3,6,2,0,0,1,1,0,0,0,0,4.69877E+20,5.54452E+21,8.57923E+15,5.00522E+16
142892,6,4,13,0,2018,3,7,2,3,1,5,0,0,1,0,0,0,0,0,4.82887E+20,5.54924E+21,8.76074E+15,5.00952E+16
142893,6,6,36,1,2018,3,10,4,3,0,5,0,0,1,0,0,1,0,0,5.67898E+20,5.681E+21,9.97343E+15,5.12763E+16
142894,6,4,13,0,2018,3,12,6,3,6,7,0,0,1,1,0,0,0,0,4.85813E+20,5.55351E+21,8.80149E+15,5.01336E+16
142895,6,6,32,6,2018,3,0,4,3,9,1,2,0,1,0,0,0,0,1,5.60664E+20,5.63705E+21,9.86235E+15,5.08819E+16
142896,6,4,14,0,2018,3,20,4,3,6,3,2,0,1,1,0,0,0,0,4.53128E+20,5.5454E+21,8.34517E+15,5.0059E+16
142897,6,4,35,14,2018,2,21,4,3,5,3,2,0,1,0,0,0,0,0,4.93916E+20,5.55352E+21,8.91488E+15,5.01338E+16
142898,6,4,14,0,2018,3,10,4,3,2,6,0,1,1,0,0,0,0,0,4.4569E+20,5.54771E+21,8.24094E+15,5.00792E+16
142899,6,4,14,0,2018,3,16,4,2,2,6,0,1,1,0,0,0,0,0,4.46048E+20,5.5467E+21,8.24608E+15,5.00701E+16
142900,6,6,32,2,2018,2,10,3,3,6,4,0,0,1,1,0,0,0,0,5.4948E+20,5.63553E+21,9.70318E+15,5.08693E+16
142901,6,4,13,0,2018,3,17,4,3,2,6,0,1,1,0,0,0,0,0,4.83019E+20,5.54935E+21,8.76259E+15,5.00961E+16
142902,6,5,32,12,2018,3,13,2,3,6,2,0,0,1,1,0,0,0,0,4.51073E+20,5.61481E+21,8.30743E+15,5.0683E+16
142903,6,4,13,0,2018,3,17,4,2,6,4,0,0,0,1,0,0,1,0,4.83166E+20,5.55031E+21,8.76459E+15,5.01048E+16
142904,6,4,13,0,2018,3,19,4,3,6,4,2,0,1,1,0,0,0,0,4.83278E+20,5.55037E+21,8.76616E+15,5.01053E+16
142905,6,4,14,0,2018,2,15,3,3,6,4,0,0,1,1,0,0,0,0,4.45943E+20,5.54836E+21,8.24438E+15,5.00851E+16
142906,6,4,12,0,2018,3,7,4,3,5,3,0,1,1,0,0,0,0,1,4.78275E+20,5.54888E+21,8.69628E+15,5.00918E+16
142907,6,4,13,0,2018,2,17,3,3,3,7,0,1,1,0,0,0,0,0,4.82846E+20,5.54988E+21,8.76015E+15,5.0101E+16
142908,6,6,33,3,2018,3,11,4,3,2,6,0,0,1,0,0,0,1,0,5.26798E+20,5.67769E+21,9.38397E+15,5.12499E+16
142909,6,4,12,0,2018,2,19,3,3,2,6,2,0,1,0,0,0,0,0,4.72415E+20,5.55286E+21,8.61407E+15,5.01274E+16
142910,6,4,38,4,2018,3,12,4,3,5,3,0,0,1,0,0,0,0,0,4.97853E+20,5.54702E+21,8.97E+15,5.00754E+16
142911,6,4,12,0,2018,2,16,3,2,6,4,0,0,1,1,0,0,0,0,4.76193E+20,5.55084E+21,8.66705E+15,5.01093E+16
142912,6,4,38,9,2018,3,16,4,3,1,7,0,0,1,0,0,0,0,0,4.76818E+20,5.54495E+21,8.67616E+15,5.00563E+16
142913,6,4,31,20,2018,3,16,4,3,5,7,0,0,1,0,1,0,0,1,4.68634E+20,5.48637E+21,8.56656E+15,4.95291E+16
142914,6,4,12,0,2018,2,9,3,3,6,4,0,0,0,1,0,0,1,0,4.73385E+20,5.55004E+21,8.62784E+15,5.0102E+16
142915,6,4,38,2,2018,3,14,4,3,5,3,0,0,1,0,0,0,0,0,4.78044E+20,5.54092E+21,8.69352E+15,5.00202E+16
142916,6,6,31,8,2018,3,16,2,2,6,4,0,0,1,1,0,0,0,0,5.41325E+20,5.5843E+21,9.58158E+15,5.04093E+16
142917,6,4,34,2,2018,3,7,4,3,2,3,0,0,1,0,0,0,0,0,4.73898E+20,5.56695E+21,8.63386E+15,5.02542E+16
142918,6,4,33,11,2018,3,11,4,3,5,3,0,0,1,0,0,0,0,0,4.59602E+20,5.52254E+21,8.43801E+15,4.98539E+16
142919,6,4,11,0,2018,2,3,3,3,8,1,2,0,1,0,0,0,0,2,4.73966E+20,5.52525E+21,8.63764E+15,4.9879E+16
142920,6,4,33,11,2018,3,16,4,3,0,1,0,1,0,0,0,0,0,1,4.64204E+20,5.51903E+21,8.50235E+15,4.98226E+16
142921,6,4,31,13,2018,3,13,6,3,5,3,0,0,1,0,0,0,0,1,4.61453E+20,5.49505E+21,8.46647E+15,4.96068E+16
142922,6,4,11,0,2018,2,16,3,3,2,6,1,1,1,0,0,0,0,0,4.75168E+20,5.52544E+21,8.65437E+15,4.98808E+16
142923,6,5,34,14,2018,3,15,4,2,6,4,0,0,1,1,0,0,0,0,4.88004E+20,5.62622E+21,8.82982E+15,5.07876E+16
142924,6,6,34,14,2018,3,14,3,3,1,5,0,1,1,0,0,0,0,0,5.3797E+20,5.66449E+21,9.54265E+15,5.11307E+16
142925,6,5,31,5,2018,3,6,4,3,1,2,2,1,1,0,0,0,0,0,4.75969E+20,5.60252E+21,8.66063E+15,5.05741E+16
142926,6,4,12,0,2018,3,2,7,3,2,6,2,0,1,0,0,0,0,2,4.77058E+20,5.55096E+21,8.67915E+15,5.01104E+16
142927,6,4,14,0,2018,3,15,3,3,6,4,0,0,0,1,0,0,1,0,4.45555E+20,5.54784E+21,8.23904E+15,5.00803E+16
142928,6,4,12,0,2018,3,23,3,3,4,1,2,0,1,0,0,0,1,1,4.69215E+20,5.54557E+21,8.5699E+15,5.00616E+16
142929,6,4,13,0,2018,3,14,3,3,2,2,0,0,1,0,0,0,0,1,4.83097E+20,5.54836E+21,8.76372E+15,5.00872E+16
142930,6,5,31,5,2018,3,18,7,3,1,6,2,0,1,0,0,0,0,1,4.82067E+20,5.60519E+21,8.74661E+15,5.05983E+16
142931,6,4,12,0,2018,3,19,3,3,5,2,2,0,1,0,0,0,0,1,4.74522E+20,5.55123E+21,8.64366E+15,5.01127E+16
142932,6,4,12,0,2018,3,12,3,3,5,3,0,0,1,0,0,0,0,1,4.74916E+20,5.54805E+21,8.64938E+15,5.00841E+16
142933,6,6,35,3,2018,2,15,3,3,6,4,0,0,1,1,0,0,0,0,5.08539E+20,5.66267E+21,9.122E+15,5.11154E+16
142934,6,4,12,0,2018,3,12,3,3,1,5,0,1,1,0,0,0,0,1,4.77545E+20,5.5517E+21,8.68591E+15,5.01171E+16
142935,6,4,14,0,2018,3,14,5,3,0,7,0,1,0,0,0,0,0,0,4.45771E+20,5.54784E+21,8.24205E+15,5.00804E+16
142936,6,4,39,2,2018,2,16,3,1,4,6,0,0,1,0,0,0,0,0,4.31861E+20,5.55397E+21,8.04657E+15,5.01341E+16
142937,6,4,11,0,2018,3,14,3,3,2,6,0,0,1,0,0,0,0,1,4.75491E+20,5.52405E+21,8.65894E+15,4.98683E+16
142938,6,6,31,9,2018,3,19,3,3,0,7,2,0,1,0,0,0,0,0,5.48191E+20,5.60109E+21,9.68037E+15,5.05598E+16
142939,6,4,39,4,2018,3,16,3,2,5,3,0,0,1,0,1,0,0,1,4.2466E+20,5.53718E+21,7.94912E+15,4.99822E+16
142940,6,5,31,5,2018,3,17,6,3,2,6,2,0,1,0,0,0,0,0,4.76828E+20,5.60342E+21,8.67271E+15,5.05822E+16
142941,6,4,38,2,2018,3,14,3,2,5,3,0,1,1,0,0,0,0,1,4.76146E+20,5.54169E+21,8.66697E+15,5.00271E+16
142942,6,4,38,2,2018,3,7,3,3,5,3,0,1,1,0,0,0,0,1,4.78348E+20,5.53889E+21,8.69786E+15,5.00019E+16
142943,6,4,39,4,2018,2,20,3,3,5,3,2,1,1,0,0,0,0,0,4.26399E+20,5.53749E+21,7.97333E+15,4.99852E+16
142944,6,4,34,11,2018,3,11,3,3,5,3,0,0,1,0,0,0,0,1,4.6704E+20,5.57591E+21,8.53687E+15,5.03343E+16
142945,6,4,33,5,2018,3,7,3,3,2,6,0,0,1,0,0,0,1,0,4.52998E+20,5.53557E+21,8.34456E+15,4.99706E+16
142946,6,4,34,2,2018,2,16,3,2,8,1,0,0,1,0,0,0,0,0,4.74546E+20,5.5668E+21,8.64296E+15,5.02528E+16
142947,6,6,31,9,2018,3,11,3,3,2,6,0,0,1,0,0,0,0,1,5.47327E+20,5.60059E+21,9.6681E+15,5.05553E+16
142948,6,4,38,13,2018,3,18,5,3,1,5,0,1,1,0,0,0,0,0,4.98025E+20,5.54432E+21,8.97241E+15,5.00512E+16
142949,6,4,32,15,2018,2,6,3,3,1,5,1,0,1,0,0,0,0,0,4.9023E+20,5.52975E+21,8.8639E+15,4.992E+16
142950,6,5,32,23,2018,3,19,3,3,0,7,2,1,0,1,0,0,0,1,4.65325E+20,5.5998E+21,8.51056E+15,5.05491E+16
142951,6,4,12,0,2018,3,18,2,3,5,3,1,0,1,0,0,0,0,0,4.73862E+20,5.55642E+21,8.63408E+15,5.01594E+16
142952,6,5,31,5,2018,3,10,3,2,6,4,0,0,1,1,0,0,0,0,4.76479E+20,5.60306E+21,8.66779E+15,5.05789E+16
142953,6,4,12,0,2018,3,13,6,3,3,2,0,1,1,0,0,0,0,0,4.70855E+20,5.54971E+21,8.59249E+15,5.00989E+16
142954,6,4,12,0,2018,3,12,3,3,5,3,0,0,1,0,0,0,0,1,4.707E+20,5.55346E+21,8.59004E+15,5.01326E+16
142955,6,5,34,14,2018,2,9,3,3,2,6,0,0,1,0,0,0,0,1,4.84406E+20,5.62592E+21,8.77879E+15,5.07849E+16
142956,6,4,35,14,2018,3,13,2,3,5,3,0,0,1,1,0,0,0,0,4.94953E+20,5.55427E+21,8.92937E+15,5.01406E+16
142957,6,4,12,0,2018,3,10,4,3,4,6,0,0,0,0,0,1,0,0,4.80962E+20,5.55144E+21,8.73372E+15,5.01149E+16
142958,6,4,12,0,2018,2,16,3,3,5,3,0,0,1,0,0,0,0,0,4.81995E+20,5.55622E+21,8.74794E+15,5.01579E+16
142959,6,4,14,0,2018,3,18,2,3,2,6,1,0,1,0,0,0,0,0,4.45871E+20,5.54853E+21,8.24335E+15,5.00866E+16
142960,6,4,40,2,2018,3,17,2,2,8,1,0,0,1,1,0,0,0,0,4.82199E+20,5.57903E+21,8.74972E+15,5.03631E+16
142961,6,4,12,0,2018,3,15,2,3,0,7,0,0,1,0,0,0,0,0,4.72524E+20,5.54788E+21,8.61595E+15,5.00825E+16
142962,6,4,32,5,2018,3,21,5,3,6,7,2,0,1,1,0,0,0,1,4.8856E+20,5.53273E+21,8.84055E+15,4.99469E+16
142963,6,6,11,0,2018,2,16,2,3,2,6,0,0,1,0,0,0,0,0,5.3724E+20,5.68304E+21,9.53414E+15,5.12974E+16
142964,6,4,11,0,2018,3,11,2,3,1,7,0,0,1,0,0,1,0,0,4.7428E+20,5.52646E+21,8.64194E+15,4.989E+16
142965,6,4,34,2,2018,3,13,2,2,6,4,0,0,1,1,0,0,0,0,4.74006E+20,5.56681E+21,8.63538E+15,5.02529E+16
142966,6,4,32,23,2018,3,13,2,3,4,6,0,0,1,0,0,0,0,1,4.70341E+20,5.5283E+21,8.58695E+15,4.99064E+16
142967,6,4,32,23,2018,3,17,2,3,1,3,0,1,1,0,0,0,0,0,4.70341E+20,5.52834E+21,8.58695E+15,4.99067E+16
142968,6,4,14,0,2018,2,16,2,3,6,4,0,0,1,1,0,0,0,0,4.44446E+20,5.54646E+21,8.22374E+15,5.00678E+16
142969,6,4,11,0,2018,3,15,2,3,5,3,0,0,1,0,0,0,0,1,4.72785E+20,5.52404E+21,8.62129E+15,4.98682E+16
142970,6,4,14,0,2018,2,21,2,2,6,4,2,0,1,1,0,0,0,0,4.43199E+20,5.54762E+21,8.20614E+15,5.00781E+16
142971,6,6,34,13,2018,3,15,2,3,1,1,0,0,0,0,1,1,0,1,5.34193E+20,5.65948E+21,9.4882E+15,5.10858E+16
142972,6,4,33,6,2018,3,12,4,2,5,3,0,1,0,0,0,1,0,0,4.63096E+20,5.52889E+21,8.486E+15,4.99112E+16
142973,6,4,39,8,2018,3,15,2,3,6,4,0,0,1,1,0,0,0,1,4.47654E+20,5.56375E+21,8.26618E+15,5.02236E+16