OBJECTID_1,ULAND,UREGBEZ,UKREIS,UGEMEINDE,UJAHR,UMONAT,USTUNDE,UWOCHENTAG,UKATEGORIE,UART,UTYP1,ULICHTVERH,IstRad,IstPKW,IstFuss,IstKrad,IstGkfz,IstSonstig,STRZUSTAND,LINREFX,LINREFY,XGCSWGS84,YGCSWGS84
143350,6,4,40,23,2018,4,15,6,3,5,2,0,0,1,0,0,0,0,1,4.78083E+20,5.57215E+21,8.69225E+15,5.03011E+16
143351,6,4,14,0,2018,4,9,5,3,5,3,0,0,1,0,1,0,0,0,4.44371E+20,5.5469E+21,8.22263E+15,5.00718E+16
143352,6,4,40,23,2018,4,14,6,3,5,3,0,0,1,0,0,0,0,1,4.78195E+20,5.57169E+21,8.69385E+15,5.02969E+16
143353,6,4,14,0,2018,4,16,5,3,1,6,0,1,1,0,0,0,0,0,4.45487E+20,5.54783E+21,8.23808E+15,5.00803E+16
143354,6,4,12,0,2018,4,16,5,2,4,6,0,1,0,0,0,0,0,0,4.7423E+20,5.55396E+21,8.6394E+15,5.01373E+16
143355,6,4,33,10,2018,4,22,6,3,6,4,2,0,1,1,0,0,0,1,4.60885E+20,5.53953E+21,8.45413E+15,5.00068E+16
143356,6,4,12,0,2018,4,15,5,3,2,6,0,0,1,0,0,0,0,0,4.73482E+20,5.55681E+21,8.62873E+15,5.01629E+16
143357,6,6,33,8,2018,4,21,6,3,8,1,2,0,1,0,0,0,0,1,5.3603E+20,5.67759E+21,9.51624E+15,5.12485E+16
143358,6,4,35,14,2018,4,13,5,3,5,2,0,0,1,0,1,0,0,0,4.94941E+20,5.55434E+21,8.92921E+15,5.01413E+16
143359,6,4,12,0,2018,4,7,5,3,5,3,0,0,1,0,1,0,0,0,4.79232E+20,5.56088E+21,8.70901E+15,5.01998E+16
143360,6,5,31,5,2018,4,15,5,3,6,7,0,0,0,1,0,0,1,0,4.76913E+20,5.60385E+21,8.67388E+15,5.05861E+16
143361,6,4,12,0,2018,4,12,5,3,0,7,0,0,1,0,0,0,0,0,4.76476E+20,5.54939E+21,8.6711E+15,5.00963E+16
143362,6,6,35,15,2018,4,17,5,2,5,3,0,1,1,0,0,0,0,0,4.91603E+20,5.67948E+21,8.87964E+15,5.12666E+16
143363,6,4,12,0,2018,4,8,5,3,5,2,0,1,1,0,0,0,0,0,4.75867E+20,5.55328E+21,8.66235E+15,5.01313E+16
143364,6,4,12,0,2018,4,15,5,3,2,6,0,0,1,0,0,0,0,0,4.77639E+20,5.55086E+21,8.68728E+15,5.01096E+16
143365,6,4,11,0,2018,4,19,5,3,5,3,0,1,1,0,0,0,0,0,4.74882E+20,5.52394E+21,8.65047E+15,4.98674E+16
143366,6,5,33,7,2018,4,8,5,3,0,7,0,0,1,0,0,0,1,0,4.32779E+20,5.5889E+21,8.0532E+15,5.04482E+16
143367,6,4,14,0,2018,4,12,5,3,2,6,0,0,1,0,0,0,0,0,4.48492E+20,5.54901E+21,8.27992E+15,5.00911E+16
143368,6,4,11,0,2018,4,8,5,3,5,2,0,0,1,0,0,0,0,0,4.72566E+20,5.52433E+21,8.61822E+15,4.98708E+16
143369,6,4,13,0,2018,4,19,5,3,5,3,0,1,1,0,0,0,0,0,4.82984E+20,5.55078E+21,8.76203E+15,5.0109E+16
143370,6,4,13,0,2018,4,16,5,3,1,5,0,1,1,0,0,0,0,0,4.82874E+20,5.55009E+21,8.76053E+15,5.01029E+16
143371,6,6,11,0,2018,4,8,5,3,5,3,0,0,1,0,0,0,0,0,5.30343E+20,5.68457E+21,9.43535E+15,5.13116E+16
143372,6,4,36,3,2018,4,18,5,3,5,3,0,1,1,0,0,0,0,0,4.69691E+20,5.55456E+21,8.57583E+15,5.01425E+16
143373,6,6,35,11,2018,4,14,5,3,3,6,0,0,1,0,0,0,0,0,4.85384E+20,5.65607E+21,8.79146E+15,5.1056E+16
143374,6,4,35,25,2018,4,16,5,3,1,5,0,0,1,0,1,0,0,0,5.37407E+20,5.57756E+21,9.52577E+15,5.0349E+16
143375,6,4,37,11,2018,4,17,5,3,5,2,0,1,0,0,0,0,0,0,5.00079E+20,5.50281E+21,9.00109E+15,4.96778E+16
143376,6,4,35,19,2018,4,12,5,3,6,3,0,0,1,1,0,0,0,0,4.88597E+20,5.5559E+21,8.84037E+15,5.01552E+16
143377,6,4,37,11,2018,4,17,5,3,5,3,0,0,1,0,0,0,0,0,5.00587E+20,5.50241E+21,9.00813E+15,4.96742E+16
143378,6,6,35,1,2018,4,18,5,2,4,6,0,1,1,0,0,0,0,0,4.76276E+20,5.65204E+21,8.66176E+15,5.10194E+16
143379,6,4,38,11,2018,4,0,5,3,8,7,2,0,1,0,0,0,0,0,4.91668E+20,5.53875E+21,8.88373E+15,5.0001E+16
143380,6,4,38,9,2018,4,18,5,3,5,7,0,0,1,0,1,0,0,1,4.77942E+20,5.54475E+21,8.69186E+15,5.00547E+16
143381,6,4,31,7,2018,4,13,5,3,2,2,0,0,1,0,0,0,0,0,4.84096E+20,5.49922E+21,8.7797E+15,4.96453E+16
143382,6,4,31,11,2018,4,17,5,2,6,4,0,1,0,1,0,0,0,0,4.76585E+20,5.49838E+21,8.67572E+15,4.96375E+16
143383,6,4,38,12,2018,4,15,5,2,6,4,0,0,1,1,0,0,0,0,4.8806E+20,5.53578E+21,8.83349E+15,4.99743E+16
143384,6,4,35,9,2018,4,12,5,2,0,7,0,1,1,0,0,0,0,0,5.09853E+20,5.55461E+21,9.1379E+15,5.01437E+16
143385,6,4,32,4,2018,4,10,5,3,0,1,0,1,0,0,0,0,0,0,4.88959E+20,5.52743E+21,8.84626E+15,4.98992E+16
143386,6,4,32,15,2018,4,8,5,3,3,6,0,1,1,0,0,0,0,0,4.90349E+20,5.53015E+21,8.86555E+15,4.99236E+16
143387,6,4,31,20,2018,4,16,5,3,2,6,0,0,1,0,0,0,0,0,4.69397E+20,5.48796E+21,8.57698E+15,4.95435E+16
143388,6,4,32,3,2018,4,13,5,3,9,7,0,0,1,0,0,0,0,0,4.71722E+20,5.51133E+21,8.60743E+15,4.97538E+16
143389,6,4,31,5,2018,4,14,5,3,9,1,0,0,1,0,0,0,0,0,4.62538E+20,5.49939E+21,8.48108E+15,4.96459E+16
143390,6,4,32,19,2018,4,17,5,2,0,7,0,0,1,0,1,0,0,0,4.88784E+20,5.51895E+21,8.84408E+15,4.98229E+16
143391,6,4,31,2,2018,4,12,5,3,5,3,0,1,1,0,0,0,0,0,4.71656E+20,5.50205E+21,8.60719E+15,4.96703E+16
143392,6,4,40,2,2018,4,12,5,2,2,6,0,0,1,0,0,0,1,0,4.82011E+20,5.57952E+21,8.74706E+15,5.03675E+16
143393,6,4,33,8,2018,4,23,5,2,0,1,2,1,0,0,0,0,0,0,4.68907E+20,5.53612E+21,8.56636E+15,4.99766E+16
143394,6,4,33,2,2018,4,17,5,2,9,1,0,0,1,0,0,0,0,0,4.55848E+20,5.53647E+21,8.3842E+15,4.99789E+16
143395,6,4,33,12,2018,4,15,5,3,9,7,0,0,1,0,0,0,0,0,4.59077E+20,5.53634E+21,8.42924E+15,4.9978E+16
143396,6,4,35,14,2018,4,14,5,3,2,6,0,0,1,0,0,0,0,0,4.94508E+20,5.55417E+21,8.92315E+15,5.01397E+16
143397,6,6,31,9,2018,4,15,5,2,6,7,0,0,0,1,0,0,1,0,5.48782E+20,5.60031E+21,9.6886E+15,5.05527E+16
143398,6,4,12,0,2018,4,13,5,3,0,4,0,0,0,1,1,0,0,0,4.81008E+20,5.5539E+21,8.73424E+15,5.0137E+16
143399,6,5,31,5,2018,4,13,5,3,5,3,0,0,1,0,1,0,0,0,4.78691E+20,5.60322E+21,8.69903E+15,5.05805E+16
143400,6,4,35,14,2018,4,15,5,3,0,3,0,1,1,0,0,0,0,0,4.94649E+20,5.55323E+21,8.92512E+15,5.01313E+16
143401,6,4,35,17,2018,4,15,4,3,6,7,0,0,1,1,0,0,0,0,5.0366E+20,5.55866E+21,9.05126E+15,5.01801E+16
143402,6,4,35,14,2018,4,18,5,3,4,6,0,1,1,0,0,0,0,0,4.94107E+20,5.55039E+21,8.91759E+15,5.01057E+16
143403,6,4,35,21,2018,4,8,4,3,5,3,0,0,1,0,1,0,0,1,4.90932E+20,5.56404E+21,8.87286E+15,5.02285E+16
143404,6,4,14,0,2018,4,7,4,3,6,2,0,0,1,1,0,0,0,0,4.42433E+20,5.54815E+21,8.19536E+15,5.00828E+16
143405,6,4,14,0,2018,4,9,4,3,5,3,0,1,1,0,0,0,0,0,4.49019E+20,5.54045E+21,8.28843E+15,5.00142E+16
143406,6,4,36,3,2018,4,12,4,3,5,3,0,0,1,0,0,1,0,0,4.68985E+20,5.55342E+21,8.56605E+15,5.01322E+16
143407,6,4,14,0,2018,4,17,4,3,6,2,0,0,1,1,0,0,0,0,4.45608E+20,5.54368E+21,8.24037E+15,5.0043E+16
143408,6,4,12,0,2018,4,17,4,3,5,3,0,1,0,0,0,0,0,0,4.69038E+20,5.55184E+21,8.56692E+15,5.0118E+16
143409,6,4,12,0,2018,4,20,4,3,2,6,1,0,1,0,0,0,0,0,4.77673E+20,5.5506E+21,8.68777E+15,5.01072E+16
143410,6,4,14,0,2018,4,10,4,3,5,2,0,1,1,0,0,0,0,0,4.47037E+20,5.54543E+21,8.26009E+15,5.00588E+16
143411,6,4,12,0,2018,4,18,4,2,0,1,0,1,0,0,0,0,0,0,4.788E+20,5.55457E+21,8.7033E+15,5.01429E+16
143412,6,4,14,0,2018,4,9,4,3,0,6,0,0,0,0,1,0,0,1,4.46897E+20,5.54578E+21,8.25808E+15,5.00619E+16
143413,6,4,36,5,2018,4,16,4,3,0,6,0,1,1,0,0,0,0,0,4.63889E+20,5.54462E+21,8.49558E+15,5.00528E+16
143414,6,4,12,0,2018,4,14,4,3,5,3,0,1,1,0,0,0,0,0,4.76435E+20,5.5522E+21,8.67035E+15,5.01216E+16
143415,6,4,36,5,2018,4,13,4,3,5,2,0,1,1,0,0,0,0,0,4.63024E+20,5.54609E+21,8.48335E+15,5.00659E+16
143416,6,4,12,0,2018,4,8,4,3,3,6,0,1,1,0,0,0,0,0,4.77658E+20,5.55277E+21,8.68743E+15,5.01268E+16
143417,6,4,12,0,2018,4,12,4,3,2,6,0,0,1,0,0,1,0,1,4.67315E+20,5.55059E+21,8.54292E+15,5.01067E+16
143418,6,4,12,0,2018,4,8,4,2,5,2,0,1,0,0,0,0,1,1,4.76219E+20,5.55398E+21,8.66722E+15,5.01376E+16
143419,6,4,11,0,2018,4,18,4,3,5,3,0,1,1,0,0,0,0,0,4.75043E+20,5.52844E+21,8.65243E+15,4.99078E+16
143420,6,4,12,0,2018,4,18,4,3,2,6,0,0,1,0,0,0,0,0,4.83064E+20,5.55269E+21,8.76307E+15,5.01262E+16
143421,6,4,11,0,2018,4,17,4,3,1,5,0,1,1,0,0,0,0,0,4.75401E+20,5.5235E+21,8.65773E+15,4.98634E+16
143422,6,4,11,0,2018,4,15,4,3,5,7,0,0,1,0,0,1,0,0,4.73497E+20,5.52927E+21,8.63084E+15,4.99152E+16
143423,6,4,11,0,2018,4,10,4,3,2,6,0,0,1,0,0,0,1,0,4.73809E+20,5.52379E+21,8.63556E+15,4.9866E+16
143424,6,4,11,0,2018,4,8,4,2,1,5,0,1,1,0,0,0,0,0,4.75278E+20,5.52411E+21,8.65598E+15,4.98689E+16
143425,6,4,11,0,2018,4,17,4,3,5,2,0,1,1,0,0,0,0,0,4.73821E+20,5.52527E+21,8.63563E+15,4.98793E+16
143426,6,6,11,0,2018,4,22,4,3,5,3,2,0,1,0,1,0,0,0,5.31136E+20,5.68027E+21,9.44634E+15,5.12729E+16
143427,6,4,11,0,2018,4,20,4,3,0,2,2,0,1,0,1,0,0,0,4.74302E+20,5.52413E+21,8.64239E+15,4.98691E+16
143428,6,6,33,3,2018,4,15,4,3,5,3,0,0,1,0,0,0,0,0,5.29017E+20,5.67794E+21,9.41578E+15,5.12521E+16
143429,6,4,39,8,2018,4,7,4,3,5,3,0,0,1,0,0,0,0,0,4.47046E+20,5.56644E+21,8.25729E+15,5.02477E+16
143430,6,4,38,13,2018,4,18,4,2,5,3,0,1,1,0,0,0,0,0,4.97327E+20,5.54291E+21,8.96267E+15,5.00385E+16
143431,6,4,39,2,2018,4,14,4,3,1,5,0,0,1,0,0,0,0,0,4.31918E+20,5.55348E+21,8.04745E+15,5.01297E+16
143432,6,4,38,2,2018,4,10,4,3,2,6,0,0,1,0,0,0,1,1,4.7889E+20,5.54216E+21,8.70525E+15,5.00314E+16
143433,6,4,35,25,2018,4,13,4,3,5,3,0,0,1,0,1,0,0,0,5.36954E+20,5.57727E+21,9.51937E+15,5.03463E+16
143434,6,4,38,6,2018,4,9,4,2,5,3,0,0,1,0,1,0,0,1,4.75519E+20,5.53786E+21,8.65847E+15,4.99925E+16
143435,6,4,38,2,2018,4,6,4,3,0,2,0,0,1,0,0,0,1,0,4.78189E+20,5.54104E+21,8.69552E+15,5.00213E+16
143436,6,4,38,6,2018,4,17,4,3,2,6,0,0,1,0,0,0,0,0,4.77339E+20,5.53686E+21,8.6839E+15,4.99837E+16
143437,6,4,38,11,2018,4,21,4,3,1,7,2,0,1,0,0,0,0,0,4.90919E+20,5.5383E+21,8.8733E+15,4.9997E+16
143438,6,4,38,6,2018,4,12,4,3,4,6,0,1,0,0,0,0,0,0,4.75489E+20,5.53885E+21,8.65798E+15,5.00015E+16
143439,6,4,34,7,2018,4,7,4,3,6,2,0,0,1,1,0,0,0,1,4.65227E+20,5.57137E+21,8.51182E+15,5.02935E+16
143440,6,4,34,2,2018,4,20,4,3,6,4,1,0,1,1,0,0,0,0,4.74527E+20,5.56612E+21,8.64274E+15,5.02467E+16
143441,6,4,35,26,2018,4,11,4,3,0,7,0,0,0,1,0,1,0,0,4.89193E+20,5.56052E+21,8.84858E+15,5.01968E+16
143442,6,4,34,1,2018,4,19,4,3,6,2,0,0,1,1,0,0,0,0,4.77009E+20,5.56379E+21,8.67768E+15,5.02258E+16
143443,6,4,34,12,2018,4,12,4,3,6,4,0,0,1,1,0,0,0,0,4.69293E+20,5.57252E+21,8.56881E+15,5.0304E+16
143444,6,4,34,12,2018,4,15,4,3,5,3,0,1,1,0,0,0,0,0,4.69231E+20,5.57226E+21,8.56796E+15,5.03016E+16
143445,6,4,35,1,2018,4,14,4,2,6,7,0,0,1,1,0,0,0,0,5.2484E+20,5.56454E+21,9.34829E+15,5.02325E+16
143446,6,4,40,12,2018,4,7,4,3,5,3,0,0,1,0,0,0,0,0,4.79981E+20,5.56575E+21,8.71925E+15,5.02435E+16
143447,6,4,32,10,2018,4,14,4,3,1,7,0,0,1,0,0,1,0,0,4.96444E+20,5.52616E+21,8.9505E+15,4.98878E+16
143448,6,4,11,0,2018,4,7,4,3,5,2,0,1,1,0,0,0,0,0,4.74545E+20,5.5178E+21,8.6462E+15,4.98121E+16
143449,6,4,32,18,2018,4,13,4,3,5,3,0,0,1,0,0,0,0,0,4.70126E+20,5.51688E+21,8.58484E+15,4.98036E+16
143450,6,4,32,18,2018,4,7,4,3,4,7,1,1,1,0,0,0,0,0,4.71141E+20,5.51682E+21,8.59895E+15,4.98032E+16
143451,6,4,32,14,2018,4,15,4,2,6,4,0,0,1,1,0,0,0,0,4.78061E+20,5.51891E+21,8.69499E+15,4.98223E+16
143452,6,4,31,13,2018,4,15,4,3,1,7,0,0,1,0,0,0,0,0,4.61481E+20,5.49507E+21,8.46687E+15,4.9607E+16
143453,6,4,32,8,2018,4,11,4,3,5,3,0,1,1,0,0,0,0,0,4.68991E+20,5.5233E+21,8.56856E+15,4.98613E+16
143454,6,4,31,2,2018,4,17,4,2,5,3,0,0,1,0,1,0,0,0,4.71805E+20,5.50309E+21,8.60917E+15,4.96797E+16
143455,6,4,33,7,2018,4,22,4,3,2,6,2,0,1,0,0,0,0,0,4.6457E+20,5.54426E+21,8.50512E+15,5.00495E+16
143456,6,5,34,14,2018,4,7,4,3,6,4,0,0,1,1,0,0,0,1,4.83126E+20,5.62766E+21,8.76056E+15,5.08005E+16
143457,6,5,34,14,2018,4,7,4,2,5,3,0,1,1,0,0,0,0,0,4.83728E+20,5.62669E+21,8.76914E+15,5.07917E+16
143458,6,6,31,14,2018,4,16,4,2,8,1,0,0,0,0,1,0,0,0,5.35008E+20,5.59856E+21,9.49402E+15,5.05379E+16
143459,6,4,12,0,2018,4,12,4,3,5,3,0,0,1,0,0,0,0,0,4.81993E+20,5.55622E+21,8.74792E+15,5.01579E+16
143460,6,4,35,7,2018,4,16,3,3,1,5,0,0,1,0,0,0,0,0,4.98582E+20,5.55752E+21,8.98014E+15,5.01698E+16
143461,6,4,35,14,2018,4,8,4,3,3,6,0,1,0,0,0,0,1,0,4.95545E+20,5.55106E+21,8.9377E+15,5.01118E+16
143462,6,4,35,6,2018,4,10,3,3,5,5,0,1,1,0,0,0,0,0,4.94558E+20,5.55863E+21,8.92378E+15,5.01798E+16
143463,6,6,11,0,2018,4,14,3,3,1,3,0,1,1,0,0,0,0,0,5.36478E+20,5.68492E+21,9.5234E+15,5.13144E+16
143464,6,4,14,0,2018,4,18,3,3,4,6,0,0,1,0,1,0,0,0,4.42086E+20,5.54657E+21,8.19075E+15,5.00686E+16
143465,6,6,11,0,2018,4,22,3,3,6,2,2,0,1,1,0,0,0,0,5.35442E+20,5.68593E+21,9.50863E+15,5.13236E+16
143466,6,4,36,11,2018,4,13,3,3,8,1,0,0,1,0,0,0,0,0,4.67335E+20,5.55551E+21,8.54278E+15,5.01509E+16
143467,6,4,14,0,2018,4,9,3,3,0,7,0,1,0,1,0,0,0,0,4.42703E+20,5.54365E+21,8.1998E+15,5.00424E+16
143468,6,4,12,0,2018,4,16,3,3,8,7,0,1,1,0,0,0,0,0,4.7714E+20,5.55006E+21,8.68035E+15,5.01023E+16
143469,6,4,14,0,2018,4,14,3,3,6,4,0,0,1,1,0,0,0,0,4.45821E+20,5.54715E+21,8.24285E+15,5.00741E+16
143470,6,4,12,0,2018,4,12,3,3,1,5,0,1,1,0,0,0,0,0,4.78023E+20,5.5533E+21,8.69251E+15,5.01315E+16
143471,6,4,13,0,2018,4,15,3,3,5,3,0,0,1,0,0,0,0,0,4.8298E+20,5.55078E+21,8.76197E+15,5.01091E+16
143472,6,4,12,0,2018,4,18,3,3,6,4,0,0,1,1,0,0,0,0,4.71753E+20,5.5497E+21,8.60504E+15,5.00989E+16
143473,6,6,35,2,2018,4,18,3,2,6,7,0,0,0,1,1,0,0,0,5.00476E+20,5.69192E+21,9.00684E+15,5.13785E+16
143474,6,4,12,0,2018,4,14,3,3,2,6,0,0,1,0,0,0,0,0,4.71298E+20,5.55105E+21,8.59858E+15,5.0111E+16
143475,6,4,34,5,2018,4,15,3,3,1,5,0,0,1,0,0,0,0,0,4.62245E+20,5.55893E+21,8.4712E+15,5.01814E+16
143476,6,4,31,7,2018,4,15,3,3,6,4,0,0,1,1,0,0,0,0,4.84112E+20,5.49923E+21,8.77993E+15,4.96454E+16
143477,6,4,12,0,2018,4,8,3,3,5,3,0,1,1,0,0,0,0,0,4.74192E+20,5.55941E+21,8.63849E+15,5.01864E+16
143478,6,4,12,0,2018,4,22,2,3,6,4,2,0,1,1,0,0,0,0,4.69311E+20,5.54831E+21,8.57102E+15,5.00863E+16
143479,6,4,12,0,2018,4,18,3,2,5,2,0,0,1,0,1,0,0,0,4.74522E+20,5.55123E+21,8.64366E+15,5.01127E+16
143480,6,4,12,0,2018,4,16,2,3,0,7,0,0,1,1,0,0,0,0,4.78177E+20,5.55135E+21,8.69477E+15,5.0114E+16
143481,6,4,12,0,2018,4,19,3,3,2,7,0,0,1,0,1,0,0,0,4.76199E+20,5.5507E+21,8.66715E+15,5.01081E+16
143482,6,4,12,0,2018,4,18,3,3,5,3,0,1,1,0,0,0,0,0,4.77947E+20,5.55183E+21,8.69153E+15,5.01183E+16
143483,6,4,12,0,2018,4,16,2,3,5,3,0,0,1,0,1,0,0,0,4.76274E+20,5.55194E+21,8.66811E+15,5.01192E+16
143484,6,4,12,0,2018,4,0,3,2,6,4,2,0,1,1,0,0,0,0,4.77679E+20,5.55136E+21,8.6878E+15,5.01141E+16
143485,6,4,38,2,2018,4,21,3,3,0,7,2,0,1,0,1,0,0,0,4.78188E+20,5.5416E+21,8.69548E+15,5.00263E+16
143486,6,4,37,6,2018,4,15,2,3,6,7,0,0,1,1,0,0,0,0,4.99715E+20,5.50107E+21,8.99604E+15,4.96621E+16
143487,6,4,38,6,2018,4,18,3,3,0,7,0,1,0,0,0,0,0,0,4.75505E+20,5.53865E+21,8.65821E+15,4.99997E+16
143488,6,4,11,0,2018,4,17,2,3,3,2,0,0,1,0,0,0,1,0,4.74875E+20,5.52501E+21,8.65031E+15,4.9877E+16
143489,6,6,34,22,2018,4,20,2,3,8,7,2,0,1,0,0,0,0,0,5.13297E+20,5.64007E+21,9.18915E+15,5.09121E+16
143490,6,4,38,10,2018,4,15,3,2,0,4,0,1,0,1,0,0,0,0,4.88069E+20,5.54641E+21,8.83329E+15,5.00699E+16
143491,6,6,33,3,2018,4,13,2,3,6,4,0,0,1,1,0,0,0,0,5.30336E+20,5.67902E+21,9.43477E+15,5.12617E+16
143492,6,4,38,5,2018,4,17,3,3,5,3,0,1,1,0,0,0,0,0,4.8666E+20,5.5449E+21,8.81364E+15,5.00563E+16
143493,6,4,35,19,2018,4,17,2,2,6,4,0,1,0,1,0,0,0,0,4.86616E+20,5.55561E+21,8.81266E+15,5.01526E+16
143494,6,4,34,8,2018,4,9,3,3,5,3,0,0,1,0,1,0,0,0,4.70049E+20,5.56368E+21,8.58013E+15,5.02246E+16
143495,6,4,38,10,2018,4,5,2,3,0,4,1,0,0,1,0,0,1,0,4.89919E+20,5.54627E+21,8.85913E+15,5.00686E+16
143496,6,4,31,7,2018,4,17,3,2,6,4,0,0,1,1,0,0,0,0,4.85229E+20,5.49987E+21,8.79538E+15,4.96512E+16
143497,6,4,34,12,2018,4,19,2,3,6,7,0,0,1,1,0,0,0,0,4.69119E+20,5.57169E+21,8.56643E+15,5.02965E+16
143498,6,4,31,7,2018,4,10,2,3,5,3,0,0,1,0,0,0,0,0,4.84708E+20,5.50066E+21,8.78812E+15,4.96583E+16
143499,6,4,31,13,2018,4,14,3,2,5,3,0,1,1,0,0,0,0,0,4.62259E+20,5.49408E+21,8.47773E+15,4.95981E+16
143500,6,4,40,25,2018,4,11,2,3,2,6,0,1,1,0,0,0,0,0,4.83208E+20,5.56929E+21,8.76435E+15,5.02755E+16
143501,6,4,33,8,2018,4,7,3,3,5,3,0,0,1,0,1,0,0,0,4.68825E+20,5.53836E+21,8.56503E+15,4.99968E+16
143502,6,4,33,12,2018,4,12,2,3,2,6,0,0,1,0,0,0,0,0,4.59055E+20,5.53931E+21,8.42861E+15,5.00047E+16
143503,6,4,33,7,2018,4,15,2,3,2,6,0,0,1,0,0,0,0,0,4.64723E+20,5.54437E+21,8.50724E+15,5.00506E+16
143504,6,4,33,11,2018,4,13,3,3,5,3,0,1,1,0,0,0,0,0,4.63226E+20,5.52044E+21,8.48862E+15,4.98352E+16
143505,6,5,32,23,2018,4,11,2,3,0,1,0,0,0,0,1,0,0,0,4.72187E+20,5.60122E+21,8.60731E+15,5.05623E+16
143506,6,6,31,9,2018,4,15,3,3,0,1,0,1,0,0,0,0,0,0,5.49433E+20,5.59961E+21,9.6977E+15,5.05463E+16
143507,6,4,35,21,2018,4,6,2,3,5,3,1,1,0,0,0,0,1,0,4.9028E+20,5.56459E+21,8.86371E+15,5.02334E+16
143508,6,4,35,14,2018,4,15,2,3,5,3,0,0,1,0,0,0,0,0,4.96983E+20,5.55172E+21,8.9578E+15,5.01177E+16
143509,6,5,31,5,2018,4,19,2,3,5,3,0,0,1,0,0,0,0,0,4.75305E+20,5.60424E+21,8.65114E+15,5.05895E+16
143510,6,5,31,5,2018,4,12,1,3,1,3,0,0,1,0,0,0,0,0,4.76056E+20,5.6047E+21,8.66171E+15,5.05937E+16
143511,6,6,35,15,2018,4,18,2,2,5,6,0,1,1,0,0,0,0,0,4.90725E+20,5.68114E+21,8.86702E+15,5.12815E+16
143512,6,6,33,9,2018,4,14,1,3,5,3,0,1,1,0,0,0,0,0,5.36213E+20,5.68806E+21,9.51991E+15,5.13426E+16
143513,6,6,32,2,2018,4,12,2,3,1,1,0,1,1,0,0,0,0,0,5.49778E+20,5.6359E+21,9.70746E+15,5.08726E+16
143514,6,4,13,0,2018,4,4,1,3,1,5,2,0,1,0,0,0,1,0,4.8294E+20,5.54965E+21,8.76146E+15,5.00989E+16
143515,6,5,33,9,2018,4,14,2,3,2,6,0,0,1,0,0,0,0,0,4.33327E+20,5.58228E+21,8.06209E+15,5.03888E+16
143516,6,4,14,0,2018,4,6,2,3,6,4,0,0,1,1,0,0,0,0,4.44473E+20,5.54631E+21,8.22414E+15,5.00665E+16
143517,6,4,13,0,2018,4,14,1,3,1,5,0,0,1,0,0,0,1,0,4.84983E+20,5.55259E+21,8.78991E+15,5.01254E+16
143518,6,4,14,0,2018,4,18,2,2,5,3,0,0,0,0,1,0,1,0,4.46741E+20,5.54534E+21,8.25596E+15,5.00579E+16
143519,6,4,13,0,2018,4,6,1,3,1,5,0,0,1,0,0,0,0,0,4.84568E+20,5.55136E+21,8.78416E+15,5.01142E+16
143520,6,4,13,0,2018,4,12,2,2,6,4,0,0,1,1,0,0,0,0,4.82177E+20,5.5507E+21,8.75075E+15,5.01083E+16
143521,6,4,12,0,2018,4,14,1,2,0,7,0,0,1,0,1,0,0,0,4.72894E+20,5.55876E+21,8.62035E+15,5.01805E+16
143522,6,4,36,3,2018,4,14,2,3,2,2,0,1,1,0,0,0,0,0,4.6885E+20,5.55426E+21,8.56409E+15,5.01398E+16
143523,6,4,12,0,2018,4,15,1,3,3,2,0,1,1,0,0,0,0,0,4.76864E+20,5.55132E+21,8.67641E+15,5.01137E+16
143524,6,4,11,0,2018,4,17,1,3,5,3,0,0,1,0,0,0,0,0,4.73998E+20,5.52604E+21,8.63804E+15,4.98862E+16
143525,6,4,12,0,2018,4,7,2,3,1,5,0,1,0,0,0,1,0,0,4.74335E+20,5.54985E+21,8.64114E+15,5.01003E+16
143526,6,6,32,3,2018,4,15,1,2,4,1,0,0,1,0,1,0,0,0,5.56109E+20,5.64638E+21,9.79904E+15,5.09663E+16
143527,6,4,12,0,2018,4,12,2,3,2,6,0,0,1,0,0,0,0,0,4.77462E+20,5.55084E+21,8.68481E+15,5.01094E+16
143528,6,4,38,7,2018,4,13,1,3,2,6,0,1,1,0,0,0,0,0,5.00379E+20,5.53978E+21,9.00529E+15,5.00103E+16
143529,6,4,12,0,2018,4,18,2,3,0,4,0,0,0,1,1,0,0,0,4.77485E+20,5.55087E+21,8.68512E+15,5.01097E+16
143530,6,4,37,6,2018,4,19,2,3,5,3,0,1,1,0,0,0,0,0,4.99371E+20,5.50029E+21,8.99128E+15,4.96552E+16
143531,6,4,34,5,2018,4,0,1,3,0,7,2,0,1,0,0,0,0,0,4.62047E+20,5.55915E+21,8.4684E+15,5.01833E+16
143532,6,4,11,0,2018,4,16,2,3,5,2,0,1,1,0,0,0,0,0,4.73334E+20,5.52589E+21,8.62881E+15,4.98848E+16
143533,6,4,32,13,2018,4,14,1,3,5,3,0,1,1,0,0,0,0,0,4.78383E+20,5.51316E+21,8.69979E+15,4.97705E+16
143534,6,4,31,20,2018,4,16,1,3,0,6,0,1,0,0,0,0,0,0,4.71768E+20,5.48915E+21,8.60967E+15,4.95543E+16
143535,6,4,11,0,2018,4,15,2,3,5,3,0,0,1,0,1,0,0,0,4.75729E+20,5.52382E+21,8.66228E+15,4.98663E+16
143536,6,4,33,12,2018,4,12,1,3,2,6,0,0,1,0,1,0,0,0,4.59962E+20,5.5374E+21,8.44147E+15,4.99876E+16