OBJECTID_1,ULAND,UREGBEZ,UKREIS,UGEMEINDE,UJAHR,UMONAT,USTUNDE,UWOCHENTAG,UKATEGORIE,UART,UTYP1,ULICHTVERH,IstRad,IstPKW,IstFuss,IstKrad,IstGkfz,IstSonstig,STRZUSTAND,LINREFX,LINREFY,XGCSWGS84,YGCSWGS84
143913,6,4,13,0,2018,5,21,2,3,2,7,2,0,1,0,1,0,0,0,4.81461E+20,5.55039E+21,8.74075E+15,5.01055E+16
143914,6,4,13,0,2018,5,18,2,3,4,6,0,0,1,0,0,0,0,0,4.85262E+20,5.55003E+21,8.79391E+15,5.01024E+16
143915,6,4,36,11,2018,5,9,2,3,5,2,0,1,1,0,0,0,0,0,4.66376E+20,5.55597E+21,8.52931E+15,5.0155E+16
143916,6,4,11,0,2018,5,18,1,3,6,4,0,0,1,1,0,0,0,0,4.74071E+20,5.52458E+21,8.63915E+15,4.9873E+16
143917,6,6,33,3,2018,5,13,1,3,1,5,0,0,1,0,0,0,0,0,5.29428E+20,5.67914E+21,9.42178E+15,5.12629E+16
143918,6,4,12,0,2018,5,17,2,3,5,1,0,1,1,0,0,0,0,0,4.73905E+20,5.55593E+21,8.63471E+15,5.0155E+16
143919,6,4,36,4,2018,5,15,1,3,5,3,0,0,1,0,1,0,0,0,4.58759E+20,5.53988E+21,8.42443E+15,5.00098E+16
143920,6,4,36,5,2018,5,1,1,3,5,3,2,1,1,0,0,0,0,0,4.61724E+20,5.54254E+21,8.46554E+15,5.00339E+16
143921,6,4,12,0,2018,5,10,2,3,5,2,0,0,1,0,1,0,0,0,4.76329E+20,5.55404E+21,8.66875E+15,5.01381E+16
143922,6,4,11,0,2018,5,8,1,3,0,1,0,1,0,0,0,0,0,0,4.74397E+20,5.51861E+21,8.64408E+15,4.98194E+16
143923,6,4,12,0,2018,5,14,2,2,5,2,0,0,1,0,1,0,0,0,4.69294E+20,5.548E+21,8.57081E+15,5.00835E+16
143924,6,4,12,0,2018,5,18,2,3,3,2,0,1,1,0,0,0,0,0,4.77193E+20,5.54926E+21,8.68114E+15,5.00952E+16
143925,6,4,31,20,2018,5,11,1,3,6,4,0,0,0,1,0,0,1,0,4.69721E+20,5.48737E+21,8.5815E+15,4.95382E+16
143926,6,4,12,0,2018,5,11,2,2,5,2,0,1,1,0,0,0,0,0,4.77151E+20,5.54935E+21,8.68055E+15,5.0096E+16
143927,6,4,33,8,2018,5,18,1,3,5,3,0,1,1,0,0,0,0,0,4.69025E+20,5.53924E+21,8.56775E+15,5.00047E+16
143928,6,5,31,18,2018,5,16,7,3,2,2,0,0,1,0,1,0,0,0,4.74295E+20,5.60836E+21,8.63659E+15,5.06266E+16
143929,6,4,12,0,2018,5,9,2,3,6,4,0,0,1,1,0,0,0,0,4.75438E+20,5.55055E+21,8.65652E+15,5.01067E+16
143930,6,6,33,17,2018,5,11,7,3,2,6,0,0,1,0,0,0,0,0,5.378E+20,5.68067E+21,9.54192E+15,5.12761E+16
143931,6,4,12,0,2018,5,15,7,3,6,4,0,0,1,0,0,0,1,0,4.75086E+20,5.55081E+21,8.65157E+15,5.0109E+16
143932,6,4,12,0,2018,5,16,2,3,2,6,0,0,1,0,0,0,0,0,4.77616E+20,5.55201E+21,8.68689E+15,5.01199E+16
143933,6,4,12,0,2018,5,16,7,3,3,6,0,0,1,0,1,0,0,0,4.7695E+20,5.55534E+21,8.67737E+15,5.01498E+16
143934,6,4,11,0,2018,5,18,2,2,5,2,0,0,1,0,1,0,0,0,4.74456E+20,5.52307E+21,8.64461E+15,4.98595E+16
143935,6,4,11,0,2018,5,16,2,2,0,6,0,0,1,0,0,0,1,0,4.73676E+20,5.52409E+21,8.63368E+15,4.98686E+16
143936,6,4,12,0,2018,5,14,7,3,3,2,0,1,1,0,0,0,0,0,4.76822E+20,5.55064E+21,8.67586E+15,5.01075E+16
143937,6,6,33,13,2018,5,18,2,3,5,3,0,0,1,0,1,0,0,0,5.26748E+20,5.70496E+21,9.3853E+15,5.14952E+16
143938,6,6,34,14,2018,5,11,7,2,0,7,0,1,0,0,0,0,0,0,5.37154E+20,5.6642E+21,9.53095E+15,5.11281E+16
143939,6,6,11,0,2018,5,16,2,3,5,3,0,1,1,0,0,0,0,0,5.29668E+20,5.68399E+21,9.42562E+15,5.13064E+16
143940,6,4,35,22,2018,5,11,7,3,6,4,0,0,1,1,0,0,0,0,4.85974E+20,5.5599E+21,8.80352E+15,5.01911E+16
143941,6,6,11,0,2018,5,7,2,3,5,3,0,1,0,0,0,0,1,0,5.3114E+20,5.68109E+21,9.44647E+15,5.12803E+16
143942,6,4,31,16,2018,5,14,7,3,6,4,0,1,0,1,0,0,0,0,4.68306E+20,5.49902E+21,8.56101E+15,4.96429E+16
143943,6,4,38,5,2018,5,12,2,3,6,4,0,0,0,0,0,0,1,0,4.86501E+20,5.5453E+21,8.81141E+15,5.00598E+16
143944,6,4,38,11,2018,5,13,2,3,2,6,0,0,1,0,0,0,0,0,4.91585E+20,5.54377E+21,8.88247E+15,5.00461E+16
143945,6,4,33,10,2018,5,13,7,3,2,6,0,1,1,0,0,0,0,0,4.5957E+20,5.53968E+21,8.43577E+15,5.00081E+16
143946,6,4,34,1,2018,5,7,2,3,2,6,0,0,1,0,0,0,0,0,4.7294E+20,5.56623E+21,8.62047E+15,5.02476E+16
143947,6,4,33,7,2018,5,14,7,3,0,1,0,0,0,0,1,0,0,0,4.66359E+20,5.54613E+21,8.52995E+15,5.00665E+16
143948,6,4,38,12,2018,5,21,2,2,1,5,0,0,1,0,0,0,0,0,4.86011E+20,5.53578E+21,8.80492E+15,4.99742E+16
143949,6,4,11,0,2018,5,12,2,3,5,3,0,1,1,0,0,0,0,0,4.74212E+20,5.51856E+21,8.64151E+15,4.98189E+16
143950,6,4,33,9,2018,5,22,7,3,6,7,2,0,1,1,0,0,0,0,4.61069E+20,5.53336E+21,8.45732E+15,4.99514E+16
143951,6,4,40,2,2018,5,17,2,3,5,2,0,0,1,0,1,0,0,0,4.82941E+20,5.57906E+21,8.76016E+15,5.03633E+16
143952,6,6,33,20,2018,5,8,6,2,0,1,0,1,0,0,0,0,0,0,5.38657E+20,5.68533E+21,9.55471E+15,5.13179E+16
143953,6,6,33,26,2018,5,3,6,2,8,1,2,0,1,0,0,0,0,0,5.32504E+20,5.68937E+21,9.46679E+15,5.13547E+16
143954,6,4,31,5,2018,5,17,2,3,5,3,0,0,1,0,0,0,0,0,4.61098E+20,5.49884E+21,8.46119E+15,4.96409E+16
143955,6,4,14,0,2018,5,16,6,3,6,4,0,0,1,1,0,0,0,0,4.4593E+20,5.5445E+21,8.24475E+15,5.00503E+16
143956,6,4,33,12,2018,5,19,2,3,3,7,0,0,1,0,0,0,0,0,4.59547E+20,5.5367E+21,8.43576E+15,4.99812E+16
143957,6,4,14,0,2018,5,18,6,3,0,7,0,1,1,0,0,0,0,0,4.44908E+20,5.54817E+21,8.22995E+15,5.00832E+16
143958,6,4,33,6,2018,5,19,2,3,5,7,0,0,1,0,0,0,0,0,4.6291E+20,5.52534E+21,8.48376E+15,4.98793E+16
143959,6,6,31,9,2018,5,7,2,3,5,3,0,0,1,0,0,0,0,0,5.45796E+20,5.59868E+21,9.64625E+15,5.05383E+16
143960,6,4,12,0,2018,5,20,6,3,5,3,1,1,1,0,0,0,0,0,4.76095E+20,5.56091E+21,8.66505E+15,5.01999E+16
143961,6,4,35,14,2018,5,20,2,3,3,2,0,0,1,0,1,0,0,0,4.94884E+20,5.55152E+21,8.92844E+15,5.01159E+16
143962,6,4,12,0,2018,5,15,6,3,5,3,0,1,0,0,0,0,0,0,4.76672E+20,5.56076E+21,8.67314E+15,5.01985E+16
143963,6,4,12,0,2018,5,17,6,3,2,2,0,0,1,0,0,0,0,0,4.76408E+20,5.55137E+21,8.67004E+15,5.01141E+16
143964,6,6,35,15,2018,5,15,1,3,5,3,0,0,1,0,1,0,0,0,4.91462E+20,5.67984E+21,8.87761E+15,5.12698E+16
143965,6,4,12,0,2018,5,18,6,3,5,2,0,1,1,0,0,0,0,0,4.76388E+20,5.55043E+21,8.66981E+15,5.01056E+16
143966,6,5,33,13,2018,5,18,1,2,5,3,0,0,1,0,1,0,0,0,4.36169E+20,5.58563E+21,8.1015E+15,5.04192E+16
143967,6,4,12,0,2018,5,16,6,3,6,4,0,0,1,1,0,0,0,0,4.77246E+20,5.55123E+21,8.68175E+15,5.01129E+16
143968,6,4,11,0,2018,5,18,6,3,5,3,0,1,1,0,0,0,0,0,4.74109E+20,5.5244E+21,8.63969E+15,4.98714E+16
143969,6,4,14,0,2018,5,8,1,3,5,3,0,1,1,0,0,0,0,0,4.42265E+20,5.54374E+21,8.19367E+15,5.00432E+16
143970,6,6,35,3,2018,5,17,6,3,0,7,0,1,0,0,0,0,0,0,5.0935E+20,5.66382E+21,9.13362E+15,5.11257E+16
143971,6,4,12,0,2018,5,6,1,3,1,7,0,0,1,0,0,0,1,0,4.75678E+20,5.55989E+21,8.65928E+15,5.01907E+16
143972,6,6,35,11,2018,5,12,6,3,5,3,0,0,1,0,0,0,0,0,4.85524E+20,5.65632E+21,8.79344E+15,5.10583E+16
143973,6,4,12,0,2018,5,14,1,3,6,4,0,0,1,1,0,0,0,0,4.77394E+20,5.5506E+21,8.68386E+15,5.01072E+16
143974,6,4,12,0,2018,5,16,1,2,0,5,0,1,1,0,0,0,0,0,4.78934E+20,5.55153E+21,8.70535E+15,5.01156E+16
143975,6,4,39,13,2018,5,17,6,3,5,3,0,1,1,0,0,0,0,0,4.23299E+20,5.53693E+21,7.9302E+15,4.99798E+16
143976,6,4,12,0,2018,5,15,1,3,5,3,0,0,1,0,0,0,0,0,4.76303E+20,5.5521E+21,8.66852E+15,5.01207E+16
143977,6,4,34,1,2018,5,19,6,3,1,5,0,0,1,0,0,0,0,0,4.72087E+20,5.56475E+21,8.60861E+15,5.02343E+16
143978,6,4,34,1,2018,5,9,6,3,2,6,0,1,1,0,0,0,0,0,4.71872E+20,5.56405E+21,8.60565E+15,5.0228E+16
143979,6,6,33,21,2018,5,17,1,3,5,3,0,0,1,0,0,0,0,0,5.3864E+20,5.71619E+21,9.55784E+15,5.15955E+16
143980,6,4,36,6,2018,5,22,6,3,8,1,2,0,1,0,0,0,0,0,4.53584E+20,5.54058E+21,8.35213E+15,5.00158E+16
143981,6,4,38,2,2018,5,11,1,3,1,5,0,0,1,0,1,0,0,0,4.78189E+20,5.54094E+21,8.69553E+15,5.00204E+16
143982,6,4,36,6,2018,5,22,6,3,1,5,2,0,1,0,0,0,0,0,4.53322E+20,5.54023E+21,8.34851E+15,5.00126E+16
143983,6,4,38,6,2018,5,19,1,3,7,7,0,1,0,0,0,0,1,0,4.75396E+20,5.53953E+21,8.65664E+15,5.00076E+16
143984,6,5,32,12,2018,5,19,6,3,6,4,0,0,0,1,1,0,0,0,4.50741E+20,5.616E+21,8.30258E+15,5.06937E+16
143985,6,4,40,3,2018,5,19,1,3,1,6,0,1,1,0,0,0,0,0,4.82731E+20,5.56184E+21,8.75799E+15,5.02085E+16
143986,6,4,40,4,2018,5,7,1,3,4,6,0,1,1,0,0,0,0,0,5.07901E+20,5.57034E+21,9.1109E+15,5.02851E+16
143987,6,4,32,16,2018,5,10,6,3,5,2,0,0,1,0,0,0,0,0,4.8175E+20,5.5198E+21,8.74624E+15,4.98304E+16
143988,6,4,32,1,2018,5,12,1,3,6,6,0,1,0,1,0,0,0,0,4.70205E+20,5.50948E+21,8.58651E+15,4.97371E+16
143989,6,4,40,2,2018,5,12,6,3,2,6,0,0,1,0,0,0,0,0,4.81254E+20,5.58073E+21,8.73636E+15,5.03783E+16
143990,6,4,31,20,2018,5,13,6,3,5,2,0,1,1,0,0,0,0,0,4.69143E+20,5.48733E+21,8.57351E+15,4.95378E+16
143991,6,4,31,21,2018,5,18,1,3,5,3,0,0,1,0,1,0,0,0,4.87488E+20,5.49082E+21,8.82696E+15,4.95698E+16
143992,6,4,31,5,2018,5,20,6,3,2,6,0,0,1,0,1,0,0,0,4.60421E+20,5.49835E+21,8.45186E+15,4.96364E+16
143993,6,5,34,11,2018,5,17,1,3,4,1,0,0,1,0,0,0,0,0,4.96572E+20,5.62912E+21,8.95134E+15,5.08138E+16
143994,6,5,34,6,2018,5,16,1,3,5,2,0,0,1,0,1,0,0,0,4.84081E+20,5.63277E+21,8.77388E+15,5.08464E+16
143995,6,5,35,1,2018,5,10,6,3,1,7,0,0,1,0,0,0,0,0,5.19322E+20,5.62205E+21,9.27389E+15,5.07499E+16
143996,6,4,35,14,2018,5,14,1,3,6,4,0,0,0,1,0,0,1,0,4.96034E+20,5.55031E+21,8.94454E+15,5.0105E+16
143997,6,4,33,12,2018,5,15,6,3,5,3,0,0,1,0,0,0,0,0,4.58083E+20,5.53725E+21,8.41528E+15,4.99861E+16
143998,6,5,31,5,2018,5,15,7,3,5,3,0,1,1,0,0,0,0,0,4.77493E+20,5.60462E+21,8.68202E+15,5.0593E+16
143999,6,4,33,12,2018,5,0,6,3,8,6,2,0,1,0,0,0,1,0,4.60021E+20,5.53837E+21,8.4422E+15,4.99963E+16
144000,6,6,33,26,2018,5,14,7,3,6,4,0,0,0,1,0,0,1,0,5.3132E+20,5.68969E+21,9.44982E+15,5.13576E+16
144001,6,6,35,22,2018,5,22,5,3,6,4,2,0,1,1,0,0,0,0,4.72441E+20,5.68263E+21,8.60475E+15,5.12943E+16
144002,6,4,14,0,2018,5,2,7,3,9,1,2,0,1,0,0,0,0,0,4.4251E+20,5.54728E+21,8.19657E+15,5.0075E+16
144003,6,6,33,17,2018,5,7,5,3,1,1,0,0,1,0,0,0,0,0,5.37503E+20,5.68081E+21,9.53768E+15,5.12774E+16
144004,6,4,14,0,2018,5,18,5,2,6,6,0,0,1,1,0,0,0,0,4.45322E+20,5.54299E+21,8.23647E+15,5.00367E+16
144005,6,4,12,0,2018,5,19,7,3,2,6,0,0,1,0,0,0,0,0,4.8338E+20,5.55299E+21,8.76747E+15,5.01289E+16
144006,6,4,12,0,2018,5,3,5,3,0,1,2,1,0,0,0,0,0,0,4.77598E+20,5.54985E+21,8.68676E+15,5.01005E+16
144007,6,4,12,0,2018,5,13,7,3,2,7,0,0,0,0,1,0,1,0,4.7838E+20,5.55311E+21,8.69751E+15,5.01299E+16
144008,6,4,32,23,2018,5,21,7,3,5,3,1,1,1,0,0,0,0,0,4.71789E+20,5.52652E+21,8.60726E+15,4.98904E+16
144009,6,4,12,0,2018,5,15,5,3,0,1,0,0,1,0,1,0,0,0,4.77144E+20,5.55002E+21,8.68041E+15,5.0102E+16
144010,6,4,37,11,2018,5,11,7,3,5,3,0,0,0,0,1,0,1,0,4.9981E+20,5.50383E+21,8.99737E+15,4.9687E+16
144011,6,4,39,8,2018,5,11,5,3,4,6,0,0,1,0,0,0,0,1,4.47077E+20,5.56258E+21,8.25825E+15,5.0213E+16
144012,6,4,39,12,2018,5,16,5,2,0,1,0,1,0,0,0,0,0,0,4.28235E+20,5.53828E+21,7.99878E+15,4.99925E+16
144013,6,6,35,3,2018,5,18,7,3,4,6,0,0,0,0,1,0,1,0,5.09803E+20,5.66286E+21,9.14006E+15,5.11172E+16
144014,6,4,40,8,2018,5,22,5,3,6,4,2,0,0,1,0,0,1,0,4.82285E+20,5.57546E+21,8.75111E+15,5.0331E+16
144015,6,6,11,0,2018,5,18,7,3,2,2,0,0,1,0,1,0,0,0,5.31879E+20,5.68669E+21,9.45758E+15,5.13306E+16
144016,6,4,31,13,2018,5,17,5,2,1,5,0,1,1,0,0,0,0,1,4.60892E+20,5.49391E+21,8.45883E+15,4.95965E+16
144017,6,4,39,15,2018,5,13,7,2,4,1,0,1,1,0,0,0,0,0,4.41888E+20,5.55623E+21,8.1865E+15,5.01555E+16
144018,6,4,31,22,2018,5,15,5,3,5,3,0,1,0,0,0,0,0,0,4.71609E+20,5.50833E+21,8.60608E+15,4.97268E+16
144019,6,4,34,1,2018,5,14,7,3,5,3,0,1,1,0,0,0,0,0,4.77225E+20,5.56393E+21,8.68071E+15,5.02271E+16
144020,6,4,33,12,2018,5,19,5,3,0,1,0,1,0,0,0,0,0,1,4.60504E+20,5.53711E+21,8.44907E+15,4.9985E+16
144021,6,4,31,16,2018,5,16,7,3,9,2,0,0,1,0,1,0,0,0,4.68791E+20,5.49915E+21,8.56772E+15,4.96441E+16
144022,6,4,40,18,2018,5,8,7,3,5,3,0,0,1,0,0,0,0,0,4.786E+20,5.58027E+21,8.69906E+15,5.03741E+16
144023,6,4,33,5,2018,5,21,5,2,8,1,1,0,1,0,1,0,0,0,4.52822E+20,5.53587E+21,8.34207E+15,4.99733E+16
144024,6,4,40,13,2018,5,12,7,3,8,1,0,0,0,0,1,0,0,0,5.15839E+20,5.57936E+21,9.2227E+15,5.03661E+16
144025,6,5,31,5,2018,5,7,5,3,9,1,0,0,1,0,0,0,0,0,4.787E+20,5.60273E+21,8.69919E+15,5.05761E+16
144026,6,5,31,5,2018,5,17,4,2,5,2,0,1,1,0,0,0,0,0,4.76938E+20,5.60494E+21,8.67416E+15,5.05959E+16
144027,6,4,32,19,2018,5,10,7,3,1,7,0,0,1,0,0,0,1,0,4.87986E+20,5.52115E+21,8.8329E+15,4.98426E+16
144028,6,6,36,3,2018,5,8,4,3,5,3,0,1,1,0,0,0,0,0,5.73101E+20,5.67155E+21,1.00461E+16,5.11906E+16
144029,6,4,33,12,2018,5,21,7,3,0,1,2,1,0,0,0,0,0,0,4.57895E+20,5.53765E+21,8.41262E+15,4.99897E+16
144030,6,6,34,1,2018,5,17,4,2,5,3,0,0,1,0,0,0,0,0,5.19807E+20,5.65501E+21,9.28256E+15,5.10462E+16
144031,6,4,33,3,2018,5,11,7,3,4,1,0,0,1,0,0,0,0,0,4.66054E+20,5.53003E+21,8.52711E+15,4.99217E+16
144032,6,6,31,8,2018,5,18,7,2,4,1,0,0,0,0,1,0,1,0,5.41429E+20,5.58412E+21,9.58302E+15,5.04076E+16
144033,6,5,33,4,2018,5,17,4,3,5,3,0,1,1,0,0,0,0,0,4.31138E+20,5.59528E+21,8.02891E+15,5.05055E+16
144034,6,4,35,14,2018,5,12,7,3,5,3,0,1,1,0,0,0,0,0,4.92994E+20,5.55103E+21,8.90201E+15,5.01115E+16
144035,6,6,35,15,2018,5,17,6,3,6,3,0,0,1,1,0,0,0,0,4.90865E+20,5.68044E+21,8.86904E+15,5.12752E+16
144036,6,5,33,9,2018,5,13,4,3,6,7,0,0,0,1,0,0,1,0,4.33416E+20,5.58219E+21,8.06336E+15,5.0388E+16
144037,6,4,14,0,2018,5,14,6,3,3,6,0,0,1,0,0,0,1,0,4.44302E+20,5.54649E+21,8.22172E+15,5.00681E+16
144038,6,6,33,8,2018,5,7,4,3,5,3,0,1,0,0,0,0,0,0,5.34905E+20,5.68003E+21,9.50035E+15,5.12705E+16
144039,6,4,14,0,2018,5,5,4,2,5,3,1,0,0,0,0,1,1,0,4.44114E+20,5.54797E+21,8.21887E+15,5.00814E+16
144040,6,4,14,0,2018,5,10,6,3,6,5,0,0,1,1,0,0,0,0,4.47005E+20,5.54542E+21,8.25963E+15,5.00587E+16
144041,6,4,13,0,2018,5,18,4,3,6,2,0,0,1,1,0,0,0,0,4.83694E+20,5.55043E+21,8.77197E+15,5.01059E+16
144042,6,4,14,0,2018,5,14,6,3,6,4,0,1,0,1,0,0,0,0,4.45482E+20,5.54784E+21,8.23802E+15,5.00803E+16
144043,6,4,36,11,2018,5,7,4,3,0,7,0,1,0,0,0,0,0,0,4.67342E+20,5.55513E+21,8.54291E+15,5.01475E+16
144044,6,4,13,0,2018,5,15,6,3,5,3,0,1,1,0,0,0,0,0,4.85585E+20,5.54867E+21,8.79848E+15,5.00901E+16
144045,6,4,12,0,2018,5,11,4,3,1,7,0,0,1,0,0,0,0,0,4.76689E+20,5.54806E+21,8.67416E+15,5.00844E+16
144046,6,4,12,0,2018,5,18,6,2,6,7,0,1,0,1,0,0,0,0,4.77809E+20,5.55512E+21,8.6894E+15,5.01479E+16
144047,6,4,12,0,2018,5,15,4,3,5,3,0,0,1,0,1,0,0,0,4.77259E+20,5.5526E+21,8.68185E+15,5.01252E+16
144048,6,4,12,0,2018,5,11,4,3,5,2,0,1,1,0,0,0,0,0,4.77543E+20,5.55117E+21,8.68591E+15,5.01124E+16
144049,6,4,12,0,2018,5,11,6,3,5,2,0,0,1,0,1,0,0,0,4.73461E+20,5.55278E+21,8.62871E+15,5.01267E+16
144050,6,4,11,0,2018,5,19,4,2,0,1,0,1,0,0,0,0,0,0,4.75359E+20,5.52845E+21,8.65683E+15,4.9908E+16
144051,6,4,12,0,2018,5,18,6,3,3,2,0,1,1,0,0,0,0,0,4.75948E+20,5.55179E+21,8.66357E+15,5.01179E+16
144052,6,6,35,1,2018,5,18,4,3,5,2,0,1,1,0,0,0,0,0,4.76349E+20,5.6523E+21,8.66278E+15,5.10217E+16
144053,6,4,35,25,2018,5,22,4,1,4,1,2,0,1,0,0,0,0,0,5.38814E+20,5.57828E+21,9.54561E+15,5.03553E+16
144054,6,4,12,0,2018,5,9,6,3,0,6,0,0,1,0,1,0,0,0,4.76859E+20,5.55181E+21,8.67631E+15,5.01181E+16
144055,6,4,38,2,2018,5,16,4,3,5,3,0,1,1,0,0,0,0,0,4.80714E+20,5.53885E+21,8.73088E+15,5.00017E+16
144056,6,4,12,0,2018,5,13,6,3,5,2,0,1,1,0,0,0,0,0,4.77077E+20,5.55137E+21,8.67938E+15,5.01142E+16
144057,6,4,11,0,2018,5,14,6,3,5,2,0,1,1,0,0,0,0,0,4.74688E+20,5.52632E+21,8.64762E+15,4.98887E+16
144058,6,4,38,3,2018,5,16,4,3,5,2,0,1,1,0,0,0,0,0,4.76417E+20,5.53436E+21,8.6712E+15,4.99611E+16
144059,6,6,11,0,2018,5,7,6,3,5,2,0,0,1,0,0,0,1,0,5.30879E+20,5.68467E+21,9.44305E+15,5.13125E+16
144060,6,4,35,22,2018,5,16,4,3,8,7,0,0,1,0,0,0,0,0,4.8567E+20,5.56019E+21,8.79924E+15,5.01938E+16
144061,6,5,33,17,2018,5,11,6,2,0,7,0,0,1,1,0,0,0,0,4.48498E+20,5.59274E+21,8.27405E+15,5.04844E+16
144062,6,4,31,11,2018,5,11,4,2,5,3,0,1,1,0,0,0,0,0,4.72531E+20,5.49794E+21,8.61959E+15,4.96334E+16
144063,6,4,36,7,2018,5,15,6,2,0,1,0,1,0,0,0,0,0,0,4.61435E+20,5.5512E+21,8.46063E+15,5.01118E+16
144064,6,4,40,5,2018,5,18,4,3,6,4,0,0,1,1,0,0,0,0,4.76441E+20,5.58679E+21,8.66829E+15,5.04327E+16
144065,6,4,40,3,2018,5,18,6,2,0,7,0,1,0,0,0,0,0,0,4.81893E+20,5.5595E+21,8.74636E+15,5.01874E+16
144066,6,4,40,4,2018,5,11,6,3,5,3,0,1,1,0,0,0,0,0,5.07931E+20,5.57117E+21,9.11134E+15,5.02926E+16
144067,6,4,40,9,2018,5,20,4,3,3,6,0,0,1,0,0,0,0,0,5.14297E+20,5.58546E+21,9.20125E+15,5.0421E+16
144068,6,5,32,12,2018,5,16,6,3,2,6,0,0,1,0,0,0,0,0,4.50546E+20,5.61477E+21,8.29999E+15,5.06826E+16
144069,6,4,40,14,2018,5,18,4,3,5,3,0,0,1,0,0,0,0,0,4.98499E+20,5.56737E+21,8.97895E+15,5.02585E+16
144070,6,4,32,18,2018,5,12,6,3,5,3,0,1,1,0,0,0,0,0,4.70867E+20,5.51714E+21,8.59512E+15,4.9806E+16
144071,6,5,32,11,2018,5,13,4,3,6,6,0,0,1,1,0,0,0,0,4.43986E+20,5.62155E+21,8.20611E+15,5.0743E+16
144072,6,4,32,18,2018,5,18,6,3,5,7,0,1,0,0,0,0,1,0,4.71718E+20,5.5165E+21,8.607E+15,4.98003E+16
144073,6,4,32,4,2018,5,15,4,3,5,2,0,1,0,0,0,0,1,0,4.88444E+20,5.52772E+21,8.83908E+15,4.99018E+16
144074,6,4,32,4,2018,5,16,4,3,5,3,0,0,1,0,0,0,0,0,4.89524E+20,5.52778E+21,8.85412E+15,4.99023E+16
144075,6,4,31,20,2018,5,19,6,3,1,6,0,1,0,0,1,0,0,0,4.68675E+20,5.48632E+21,8.56712E+15,4.95287E+16
144076,6,4,32,11,2018,5,11,4,1,5,2,0,0,1,0,1,0,0,0,4.87082E+20,5.52529E+21,8.8202E+15,4.98798E+16
144077,6,4,31,20,2018,5,17,6,3,2,6,0,0,1,0,0,0,0,0,4.69045E+20,5.48619E+21,8.57225E+15,4.95276E+16
144078,6,4,32,18,2018,5,16,4,3,2,1,0,0,1,0,1,0,0,0,4.71351E+20,5.51695E+21,8.60186E+15,4.98043E+16
144079,6,4,31,13,2018,5,7,6,3,5,2,0,1,1,0,0,0,0,0,4.61495E+20,5.49491E+21,8.46707E+15,4.96055E+16
144080,6,4,31,2,2018,5,17,6,3,2,6,0,0,1,0,0,0,1,0,4.71909E+20,5.50483E+21,8.6105E+15,4.96954E+16
144081,6,4,11,0,2018,5,9,4,1,5,2,0,0,0,0,1,1,0,0,4.73775E+20,5.51827E+21,8.63546E+15,4.98163E+16
144082,6,4,31,2,2018,5,8,6,3,5,2,0,1,1,0,0,0,0,0,4.72923E+20,5.50327E+21,8.62466E+15,4.96814E+16
144083,6,4,32,9,2018,5,16,4,3,5,3,0,0,1,0,1,0,0,0,4.87512E+20,5.51612E+21,8.82648E+15,4.97974E+16
144084,6,4,32,8,2018,5,16,4,3,0,6,0,1,1,0,0,0,0,0,4.69926E+20,5.5225E+21,8.58162E+15,4.98542E+16
144085,6,5,34,14,2018,5,8,6,2,5,2,0,1,1,0,0,0,0,0,4.84704E+20,5.62825E+21,8.78292E+15,5.08058E+16
144086,6,4,33,11,2018,5,15,4,3,5,3,0,1,1,0,0,0,0,0,4.6398E+20,5.52018E+21,8.49913E+15,4.9833E+16
144087,6,4,35,14,2018,5,18,6,3,6,2,0,0,1,1,0,0,0,0,4.93822E+20,5.55335E+21,8.91356E+15,5.01324E+16
144088,6,4,33,3,2018,5,8,4,3,5,3,0,1,1,0,0,0,0,0,4.64826E+20,5.52791E+21,8.51019E+15,4.99025E+16
144089,6,5,32,23,2018,5,14,6,3,5,3,0,0,1,0,0,0,0,0,4.65351E+20,5.60016E+21,8.5109E+15,5.05523E+16
144090,6,4,33,11,2018,5,7,4,3,5,2,0,1,1,0,0,0,0,0,4.65434E+20,5.51769E+21,8.51958E+15,4.98107E+16
144091,6,5,32,23,2018,5,12,6,3,2,6,0,0,1,0,0,0,0,0,4.65035E+20,5.60034E+21,8.50642E+15,5.05539E+16
144092,6,5,34,12,2018,5,12,4,3,6,7,0,0,1,1,0,0,0,0,4.79318E+20,5.63455E+21,8.70612E+15,5.08623E+16
144093,6,5,31,5,2018,5,17,6,3,6,4,0,0,1,1,0,0,0,0,4.76089E+20,5.60224E+21,8.66234E+15,5.05716E+16
144094,6,4,14,0,2018,5,13,5,3,1,5,0,0,1,0,0,1,0,0,4.45796E+20,5.54743E+21,8.24246E+15,5.00767E+16
144095,6,6,31,13,2018,5,15,4,3,9,1,0,0,1,0,0,0,0,0,5.61649E+20,5.60218E+21,9.87053E+15,5.05683E+16
144096,6,4,13,0,2018,5,17,5,3,5,3,0,1,1,0,0,0,0,0,4.83075E+20,5.54954E+21,8.76336E+15,5.00979E+16
144097,6,5,31,6,2018,5,10,4,3,1,7,0,0,1,1,0,0,0,0,4.97273E+20,5.60404E+21,8.96147E+15,5.05883E+16
144098,6,5,31,8,2018,5,13,4,2,5,3,0,1,0,0,0,0,1,0,4.93632E+20,5.55121E+21,8.91094E+15,5.01131E+16
144099,6,4,13,0,2018,5,12,5,3,5,3,0,0,0,0,1,0,1,0,4.82518E+20,5.55042E+21,8.75553E+15,5.01058E+16
144100,6,4,35,23,2018,5,10,3,2,6,7,0,0,1,1,0,0,0,0,5.00786E+20,5.5547E+21,9.011E+15,5.01446E+16