OBJECTID_1,ULAND,UREGBEZ,UKREIS,UGEMEINDE,UJAHR,UMONAT,USTUNDE,UWOCHENTAG,UKATEGORIE,UART,UTYP1,ULICHTVERH,IstRad,IstPKW,IstFuss,IstKrad,IstGkfz,IstSonstig,STRZUSTAND,LINREFX,LINREFY,XGCSWGS84,YGCSWGS84
144101,6,4,13,0,2018,5,17,5,3,6,2,0,0,1,1,0,0,0,0,4.8576E+20,5.54889E+21,8.80092E+15,5.00921E+16
144102,6,4,12,0,2018,5,16,5,3,0,3,0,0,1,0,1,0,0,0,4.7399E+20,5.5517E+21,8.63619E+15,5.0117E+16
144103,6,5,31,5,2018,5,23,3,3,3,2,2,1,1,0,0,0,0,0,4.78697E+20,5.60549E+21,8.69898E+15,5.0601E+16
144104,6,4,12,0,2018,5,21,5,3,3,2,1,0,1,0,0,0,1,0,4.75127E+20,5.54863E+21,8.65229E+15,5.00894E+16
144105,6,4,11,0,2018,5,14,5,3,5,3,0,1,1,0,0,0,0,0,4.72799E+20,5.5241E+21,8.62149E+15,4.98687E+16
144106,6,5,31,5,2018,5,7,3,3,5,3,0,0,1,0,0,0,0,0,4.7712E+20,5.60488E+21,8.67673E+15,5.05953E+16
144107,6,6,36,11,2018,5,16,5,3,5,3,0,0,0,0,1,0,1,0,5.65142E+20,5.65737E+21,9.92964E+15,5.10641E+16
144108,6,6,34,9,2018,5,13,3,2,5,3,0,0,1,0,0,0,0,0,5.2944E+20,5.65307E+21,9.41981E+15,5.10284E+16
144109,6,6,32,2,2018,5,16,3,3,0,1,0,1,0,0,0,0,0,0,5.49488E+20,5.63594E+21,9.70334E+15,5.0873E+16
144110,6,4,39,5,2018,5,12,5,3,4,1,0,0,1,0,0,0,1,0,4.29786E+20,5.55747E+21,8.01689E+15,5.01653E+16
144111,6,6,11,0,2018,5,8,3,3,5,3,0,1,1,0,0,0,0,0,5.35366E+20,5.68483E+21,9.50743E+15,5.13137E+16
144112,6,4,35,25,2018,5,12,5,3,5,3,0,0,1,0,1,0,0,0,5.37133E+20,5.57737E+21,9.52191E+15,5.03472E+16
144113,6,4,38,10,2018,5,9,5,3,5,3,0,1,1,0,0,0,0,0,4.88451E+20,5.5463E+21,8.83862E+15,5.00689E+16
144114,6,4,14,0,2018,5,11,3,2,0,7,0,0,1,1,0,0,0,0,4.53115E+20,5.54539E+21,8.34499E+15,5.00589E+16
144115,6,4,38,10,2018,5,10,5,3,1,7,0,0,1,0,0,0,0,0,4.89762E+20,5.54738E+21,8.85691E+15,5.00786E+16
144116,6,4,14,0,2018,5,13,3,3,0,7,0,1,0,1,0,0,0,0,4.44718E+20,5.5471E+21,8.22745E+15,5.00736E+16
144117,6,4,34,10,2018,5,20,5,3,6,4,0,1,1,1,0,0,0,0,4.69216E+20,5.55787E+21,8.56892E+15,5.01722E+16
144118,6,4,14,0,2018,5,16,3,3,0,6,0,0,1,0,1,0,1,0,4.44883E+20,5.54656E+21,8.22982E+15,5.00688E+16
144119,6,4,36,6,2018,5,16,5,2,5,3,0,0,1,0,1,0,0,0,4.536E+20,5.54038E+21,8.35238E+15,5.0014E+16
144120,6,4,14,0,2018,5,10,3,2,6,4,0,0,1,1,0,0,0,0,4.46899E+20,5.54538E+21,8.25815E+15,5.00584E+16
144121,6,5,31,6,2018,5,13,5,3,2,6,0,0,1,0,0,0,0,0,4.97003E+20,5.60543E+21,8.95766E+15,5.06008E+16
144122,6,4,13,0,2018,5,15,3,3,3,7,0,0,1,0,0,0,0,0,4.83326E+20,5.54949E+21,8.76687E+15,5.00974E+16
144123,6,4,13,0,2018,5,12,3,3,5,3,0,1,1,0,0,0,0,0,4.83382E+20,5.54934E+21,8.76765E+15,5.00961E+16
144124,6,5,31,5,2018,5,16,5,3,5,3,0,0,1,0,0,0,0,0,4.78288E+20,5.60353E+21,8.69332E+15,5.05833E+16
144125,6,4,12,0,2018,5,21,3,3,0,6,1,0,1,0,1,0,0,0,4.68035E+20,5.55001E+21,8.55304E+15,5.01015E+16
144126,6,5,31,5,2018,5,16,4,3,5,3,0,1,1,0,0,0,0,0,4.76541E+20,5.6036E+21,8.66863E+15,5.05838E+16
144127,6,6,33,15,2018,5,14,4,3,0,5,0,1,1,0,0,0,0,0,5.43908E+20,5.68155E+21,9.62959E+15,5.12836E+16
144128,6,4,12,0,2018,5,14,3,3,6,6,0,0,1,1,0,0,0,0,4.65454E+20,5.54768E+21,8.51716E+15,5.00804E+16
144129,6,4,14,0,2018,5,9,4,3,5,2,0,0,1,0,0,0,0,0,4.42727E+20,5.54917E+21,8.19931E+15,5.00921E+16
144130,6,4,12,0,2018,5,11,3,3,4,6,0,0,1,0,0,0,1,0,4.66786E+20,5.5507E+21,8.53551E+15,5.01076E+16
144131,6,4,12,0,2018,5,8,3,3,5,3,0,0,1,0,0,0,1,0,4.71336E+20,5.54929E+21,8.59925E+15,5.00952E+16
144132,6,4,12,0,2018,5,7,4,3,0,4,0,1,0,1,0,0,0,0,4.71227E+20,5.54994E+21,8.59767E+15,5.0101E+16
144133,6,4,12,0,2018,5,7,3,3,5,3,0,1,1,0,0,0,0,0,4.75445E+20,5.55185E+21,8.65653E+15,5.01184E+16
144134,6,4,12,0,2018,5,14,4,3,5,3,0,1,1,0,0,0,0,0,4.77287E+20,5.55577E+21,8.68207E+15,5.01537E+16
144135,6,4,12,0,2018,5,18,3,3,5,3,0,1,1,0,0,0,0,0,4.74723E+20,5.55297E+21,8.64636E+15,5.01285E+16
144136,6,5,33,17,2018,5,10,3,3,5,2,0,0,1,0,0,0,0,0,4.49424E+20,5.59248E+21,8.28714E+15,5.04822E+16
144137,6,4,31,11,2018,5,11,3,3,5,2,0,1,1,0,0,0,0,0,4.73592E+20,5.49904E+21,8.63421E+15,4.96434E+16
144138,6,4,12,0,2018,5,17,3,3,0,1,0,1,0,0,0,0,0,0,4.76481E+20,5.549E+21,8.67119E+15,5.00928E+16
144139,6,4,35,10,2018,5,16,3,3,4,1,0,0,1,0,0,0,0,1,5.13656E+20,5.56047E+21,9.19133E+15,5.01963E+16
144140,6,4,12,0,2018,5,18,3,3,7,7,0,1,0,0,0,0,0,0,4.78135E+20,5.55086E+21,8.69422E+15,5.01096E+16
144141,6,4,12,0,2018,5,17,3,3,7,7,0,1,0,0,0,0,0,0,4.78136E+20,5.55085E+21,8.69422E+15,5.01095E+16
144142,6,4,11,0,2018,5,10,3,3,6,2,0,0,1,1,0,0,0,0,4.74477E+20,5.52016E+21,8.6451E+15,4.98333E+16
144143,6,4,12,0,2018,5,16,3,2,5,3,0,1,0,0,0,0,1,0,4.79931E+20,5.55238E+21,8.71925E+15,5.01233E+16
144144,6,4,31,20,2018,5,15,3,3,1,7,0,1,1,0,0,0,0,0,4.69307E+20,5.48739E+21,8.57578E+15,4.95384E+16
144145,6,4,12,0,2018,5,19,3,3,3,2,0,1,0,0,0,0,1,0,4.77963E+20,5.55249E+21,8.69171E+15,5.01242E+16
144146,6,4,31,2,2018,5,8,3,2,5,3,0,1,1,0,0,0,0,0,4.7273E+20,5.50613E+21,8.62178E+15,4.97071E+16
144147,6,4,33,8,2018,5,19,3,3,2,6,0,0,1,0,0,0,1,0,4.68751E+20,5.53818E+21,8.56401E+15,4.99951E+16
144148,6,4,12,0,2018,5,8,3,3,5,2,0,0,1,0,1,0,0,0,4.77895E+20,5.55334E+21,8.69071E+15,5.01319E+16
144149,6,4,33,11,2018,5,16,3,3,0,7,0,0,0,0,1,0,0,0,4.59602E+20,5.52254E+21,8.43802E+15,4.98539E+16
144150,6,4,12,0,2018,5,9,3,3,5,3,0,1,1,0,0,0,0,0,4.78124E+20,5.55278E+21,8.69395E+15,5.01269E+16
144151,6,4,39,4,2018,5,12,3,3,1,5,0,1,1,0,0,0,0,0,4.25955E+20,5.53737E+21,7.96716E+15,4.99841E+16
144152,6,4,33,6,2018,5,12,3,3,5,3,0,0,1,0,0,0,0,0,4.63256E+20,5.52964E+21,8.48817E+15,4.9918E+16
144153,6,4,34,6,2018,5,18,3,3,4,1,0,1,1,0,0,0,0,1,4.67257E+20,5.55916E+21,8.54137E+15,5.01838E+16
144154,6,4,34,1,2018,5,18,3,3,5,2,0,1,1,0,0,0,0,1,4.743E+20,5.56298E+21,8.63976E+15,5.02184E+16
144155,6,6,31,20,2018,5,17,3,3,6,4,0,0,1,1,0,0,0,1,5.49734E+20,5.60035E+21,9.70205E+15,5.0553E+16
144156,6,4,36,8,2018,5,9,3,3,5,3,0,0,1,0,1,0,0,0,4.59245E+20,5.55493E+21,8.42961E+15,5.01452E+16
144157,6,4,14,0,2018,5,11,2,3,5,3,0,1,1,0,0,0,0,0,4.52683E+20,5.54519E+21,8.33898E+15,5.00571E+16
144158,6,5,32,12,2018,5,8,3,2,6,2,0,0,1,1,0,0,0,0,4.50997E+20,5.61501E+21,8.30634E+15,5.06848E+16
144159,6,4,13,0,2018,5,21,2,3,2,6,1,0,1,0,0,0,0,0,4.84351E+20,5.54985E+21,8.78119E+15,5.01007E+16
144160,6,4,13,0,2018,5,13,2,3,5,3,0,1,1,0,0,0,0,0,4.85693E+20,5.54878E+21,8.79999E+15,5.00911E+16
144161,6,5,32,6,2018,5,18,3,2,5,3,0,1,1,0,0,0,0,0,4.48284E+20,5.62435E+21,8.26663E+15,5.07686E+16
144162,6,4,12,0,2018,5,19,2,3,6,4,0,1,0,1,0,0,0,0,4.68338E+20,5.55161E+21,8.55714E+15,5.01159E+16
144163,6,4,32,4,2018,5,9,3,3,5,3,0,1,0,0,1,0,0,0,4.88213E+20,5.52706E+21,8.83588E+15,4.98958E+16
144164,6,4,11,0,2018,5,12,3,3,6,4,0,0,1,1,0,0,0,0,4.74184E+20,5.51862E+21,8.64112E+15,4.98195E+16
144165,6,4,12,0,2018,5,16,2,3,0,7,0,0,0,0,1,0,1,0,4.79584E+20,5.54972E+21,8.71453E+15,5.00993E+16
144166,6,4,33,8,2018,5,11,3,3,0,3,0,0,1,0,0,0,0,0,4.67882E+20,5.53623E+21,8.55205E+15,4.99776E+16
144167,6,4,12,0,2018,5,14,2,3,1,5,0,1,1,0,0,0,0,0,4.76878E+20,5.55085E+21,8.67664E+15,5.01095E+16
144168,6,4,12,0,2018,5,10,2,3,0,7,0,1,0,0,0,0,1,1,4.76659E+20,5.55053E+21,8.67359E+15,5.01066E+16
144169,6,4,33,13,2018,5,9,3,2,5,3,0,0,1,0,0,0,0,0,4.62543E+20,5.51801E+21,8.47935E+15,4.98133E+16
144170,6,4,11,0,2018,5,15,2,3,1,2,0,1,1,0,0,0,0,0,4.74876E+20,5.52866E+21,8.65008E+15,4.99098E+16
144171,6,5,31,6,2018,5,15,3,3,2,6,0,0,1,0,0,0,0,0,4.96993E+20,5.60415E+21,8.95752E+15,5.05893E+16
144172,6,6,33,13,2018,5,13,2,3,1,7,0,1,1,0,0,0,0,0,5.26777E+20,5.70485E+21,9.38572E+15,5.14942E+16
144173,6,6,11,0,2018,5,17,2,2,6,4,0,0,1,1,0,0,0,0,5.30197E+20,5.68458E+21,9.43325E+15,5.13117E+16
144174,6,4,35,7,2018,5,19,2,3,5,3,0,1,1,0,0,0,0,0,4.98696E+20,5.55742E+21,8.98174E+15,5.0169E+16
144175,6,6,35,11,2018,5,11,2,3,0,7,0,0,0,0,0,0,1,0,4.8554E+20,5.65562E+21,8.79369E+15,5.10519E+16
144176,6,5,31,5,2018,5,20,2,3,3,6,0,0,1,0,0,0,0,0,4.76991E+20,5.60435E+21,8.67495E+15,5.05906E+16
144177,6,6,35,11,2018,5,21,2,3,5,3,2,0,1,0,0,0,0,0,4.8476E+20,5.65654E+21,8.78253E+15,5.10602E+16
144178,6,5,33,7,2018,5,16,2,3,5,3,0,0,1,0,1,0,0,0,4.33027E+20,5.58912E+21,8.05666E+15,5.04502E+16
144179,6,4,13,0,2018,5,0,2,3,5,3,2,0,1,0,0,0,0,0,4.83463E+20,5.55012E+21,8.76876E+15,5.01031E+16
144180,6,6,35,11,2018,5,19,2,3,2,6,0,0,1,0,0,0,0,0,4.85517E+20,5.65633E+21,8.79334E+15,5.10583E+16
144181,6,4,12,0,2018,5,14,2,3,2,6,0,0,1,0,0,0,0,0,4.71609E+20,5.54995E+21,8.60301E+15,5.01012E+16
144182,6,4,34,8,2018,5,9,2,2,6,4,0,0,1,1,0,0,0,0,4.70135E+20,5.56115E+21,8.58152E+15,5.02018E+16
144183,6,4,34,5,2018,5,21,2,3,6,4,1,0,1,1,0,0,0,0,4.61974E+20,5.55915E+21,8.46738E+15,5.01833E+16
144184,6,4,32,23,2018,5,16,2,2,6,4,0,0,1,1,0,0,0,0,4.72652E+20,5.53099E+21,8.61896E+15,4.99307E+16
144185,6,4,34,1,2018,5,7,2,3,2,6,0,0,1,0,0,0,1,0,4.7273E+20,5.56411E+21,8.61767E+15,5.02285E+16
144186,6,4,11,0,2018,5,18,2,3,6,2,0,0,1,1,0,0,0,0,4.73332E+20,5.52423E+21,8.62888E+15,4.98699E+16
144187,6,6,35,3,2018,5,13,2,3,0,1,0,0,0,0,0,0,1,0,5.09333E+20,5.66309E+21,9.13335E+15,5.11192E+16
144188,6,4,37,4,2018,5,23,2,2,9,7,2,0,1,0,0,0,0,0,5.03459E+20,5.51782E+21,9.04807E+15,4.98129E+16
144189,6,4,12,0,2018,5,21,1,3,6,7,1,0,1,1,0,0,0,0,4.6922E+20,5.54436E+21,8.57006E+15,5.00507E+16
144190,6,6,34,1,2018,5,18,1,1,8,1,0,0,0,0,1,0,0,0,5.17467E+20,5.65591E+21,9.24921E+15,5.10544E+16
144191,6,6,33,9,2018,5,20,1,3,5,3,0,1,1,0,0,0,0,0,5.36243E+20,5.68812E+21,9.52036E+15,5.13432E+16
144192,6,5,32,12,2018,5,11,2,3,5,3,0,0,1,0,0,1,0,0,4.53594E+20,5.61663E+21,8.3429E+15,5.06997E+16
144193,6,4,14,0,2018,5,17,1,3,5,3,0,1,1,0,0,0,0,0,4.51948E+20,5.54526E+21,8.32871E+15,5.00577E+16
144194,6,5,32,6,2018,5,19,2,3,5,3,0,0,1,0,1,0,0,0,4.50123E+20,5.6252E+21,8.29259E+15,5.07764E+16
144195,6,4,12,0,2018,5,14,1,2,0,1,0,0,1,0,0,0,0,0,4.737E+20,5.55618E+21,8.63182E+15,5.01572E+16
144196,6,4,32,2,2018,5,14,2,3,5,3,0,1,1,0,0,0,0,0,4.97117E+20,5.53504E+21,8.9598E+15,4.99677E+16
144197,6,4,32,3,2018,5,22,2,3,4,6,2,0,1,0,0,0,0,0,4.71431E+20,5.51273E+21,8.60329E+15,4.97663E+16
144198,6,4,12,0,2018,5,8,1,3,3,6,0,0,1,0,0,0,0,0,4.73947E+20,5.55247E+21,8.63553E+15,5.01239E+16
144199,6,4,40,24,2018,5,9,2,2,6,7,0,0,1,1,0,0,0,0,4.86931E+20,5.58259E+21,8.81613E+15,5.03952E+16
144200,6,4,12,0,2018,5,17,1,3,6,7,0,0,1,1,0,0,0,0,4.76859E+20,5.55095E+21,8.67637E+15,5.01104E+16
144201,6,4,12,0,2018,5,17,1,3,0,6,0,0,1,1,0,0,0,0,4.76861E+20,5.55095E+21,8.67639E+15,5.01104E+16
144202,6,4,33,12,2018,5,8,2,3,5,2,0,1,1,0,0,0,0,0,4.59145E+20,5.53929E+21,8.42987E+15,5.00046E+16
144203,6,4,12,0,2018,5,17,1,3,6,4,0,0,1,1,0,0,0,0,4.77042E+20,5.55095E+21,8.67893E+15,5.01104E+16
144204,6,4,33,12,2018,5,6,2,3,5,3,0,1,1,0,0,0,0,0,4.5957E+20,5.53627E+21,8.43612E+15,4.99774E+16
144205,6,4,34,12,2018,5,18,1,3,0,6,0,0,1,0,0,0,1,0,4.67857E+20,5.57054E+21,8.54881E+15,5.02861E+16
144206,6,5,34,14,2018,5,17,2,3,2,6,0,1,1,0,0,0,0,0,4.83954E+20,5.62959E+21,8.77221E+15,5.08178E+16
144207,6,4,35,21,2018,5,16,1,3,6,4,0,0,1,1,0,0,0,0,4.9079E+20,5.56311E+21,8.8709E+15,5.02201E+16
144208,6,6,35,15,2018,5,12,1,3,5,2,0,0,1,0,1,0,0,0,4.90695E+20,5.67924E+21,8.86664E+15,5.12644E+16
144209,6,4,32,4,2018,5,18,1,3,6,6,0,1,0,1,0,0,0,0,4.87958E+20,5.52643E+21,8.83235E+15,4.98901E+16
144210,6,4,31,3,2018,5,6,1,2,5,2,0,0,1,0,1,0,0,1,4.6041E+20,5.50348E+21,8.45118E+15,4.96826E+16
144211,6,5,35,7,2018,5,17,1,2,8,1,0,0,0,0,1,0,0,0,5.23047E+20,5.59279E+21,9.32488E+15,5.04866E+16
144212,6,4,33,6,2018,5,0,1,3,2,6,2,0,1,0,0,0,1,0,4.62049E+20,5.53034E+21,8.47129E+15,4.99242E+16
144213,6,5,34,6,2018,5,17,1,1,6,4,0,0,1,1,0,0,0,0,4.8811E+20,5.6369E+21,8.83097E+15,5.08837E+16
144214,6,4,12,0,2018,5,20,1,3,1,5,0,1,1,0,0,0,0,0,4.74469E+20,5.55792E+21,8.64248E+15,5.01729E+16
144215,6,5,34,14,2018,5,17,1,2,7,1,0,1,0,0,0,0,0,0,4.8422E+20,5.62633E+21,8.77613E+15,5.07885E+16
144216,6,4,12,0,2018,5,12,1,3,1,5,0,1,0,0,0,0,1,0,4.77434E+20,5.55551E+21,8.68413E+15,5.01514E+16
144217,6,4,11,0,2018,5,18,1,3,5,2,0,1,1,0,0,0,0,0,4.75017E+20,5.52918E+21,8.65201E+15,4.99144E+16
144218,6,4,14,0,2018,5,22,7,2,0,7,2,1,0,0,0,0,0,0,4.46379E+20,5.54708E+21,8.25066E+15,5.00736E+16
144219,6,4,11,0,2018,5,13,1,3,2,6,0,0,1,0,0,0,0,0,4.73673E+20,5.5241E+21,8.63365E+15,4.98687E+16
144220,6,4,36,1,2018,5,19,7,3,6,6,0,0,1,1,0,0,0,0,4.65208E+20,5.55559E+21,8.513E+15,5.01515E+16
144221,6,4,36,1,2018,5,16,7,2,1,7,0,1,1,0,0,0,0,0,4.6225E+20,5.55636E+21,8.47151E+15,5.01583E+16
144222,6,4,39,3,2018,5,7,1,2,9,1,0,0,1,0,0,0,0,0,4.32E+20,5.54365E+21,8.05035E+15,5.00413E+16
144223,6,4,12,0,2018,5,16,7,3,5,3,0,0,1,0,1,0,0,0,4.75363E+20,5.55436E+21,8.65522E+15,5.01409E+16
144224,6,4,12,0,2018,5,9,7,3,6,4,0,0,1,1,0,0,0,0,4.76191E+20,5.55084E+21,8.66702E+15,5.01093E+16
144225,6,4,38,11,2018,5,16,1,3,5,3,0,1,1,0,0,0,0,0,4.91647E+20,5.54211E+21,8.88337E+15,5.00312E+16
144226,6,4,12,0,2018,5,7,7,3,6,7,0,0,1,1,0,0,0,0,4.76113E+20,5.55079E+21,8.66595E+15,5.01089E+16
144227,6,4,34,9,2018,5,16,1,3,5,2,0,0,1,0,0,0,0,0,4.6142E+20,5.56821E+21,8.4587E+15,5.02648E+16
144228,6,4,34,7,2018,5,9,1,3,8,7,0,0,1,0,0,0,0,0,4.66245E+20,5.57264E+21,8.526E+15,5.03049E+16
144229,6,6,33,22,2018,5,2,7,3,1,7,2,0,1,0,0,0,0,0,5.41936E+20,5.7049E+21,9.60407E+15,5.14937E+16
144230,6,4,40,1,2018,5,2,1,3,6,6,2,0,1,1,0,0,0,0,4.98977E+20,5.57082E+21,8.98564E+15,5.02895E+16
144231,6,6,34,7,2018,5,9,7,3,2,6,0,0,1,0,0,0,0,0,5.25695E+20,5.67004E+21,9.36761E+15,5.11812E+16
144232,6,5,32,6,2018,5,17,1,3,4,6,0,0,1,0,0,0,0,0,4.48917E+20,5.62153E+21,8.276E+15,5.07433E+16
144233,6,4,38,6,2018,5,14,7,3,1,7,0,0,1,0,1,0,0,0,4.75242E+20,5.53776E+21,8.6546E+15,4.99917E+16
144234,6,4,32,21,2018,5,15,1,2,5,3,0,0,1,0,1,0,0,0,5.01112E+20,5.53086E+21,9.01549E+15,4.99301E+16
144235,6,4,34,1,2018,5,12,7,3,5,3,0,1,1,0,0,0,0,0,4.71449E+20,5.56535E+21,8.59962E+15,5.02396E+16
144236,6,5,32,23,2018,5,4,1,3,5,3,1,0,1,0,0,0,0,0,4.64723E+20,5.60033E+21,8.50202E+15,5.05538E+16
144237,6,5,31,5,2018,5,12,7,3,0,7,0,0,1,0,0,0,1,0,4.78029E+20,5.60503E+21,8.68957E+15,5.05968E+16
144238,6,4,35,14,2018,5,10,7,3,5,3,0,0,1,0,1,0,0,0,4.94314E+20,5.55391E+21,8.92043E+15,5.01374E+16
144239,6,6,34,9,2018,5,18,7,3,5,3,0,1,1,0,0,0,0,0,5.29558E+20,5.65325E+21,9.42151E+15,5.103E+16
144240,6,6,36,3,2018,5,17,6,2,0,7,0,1,0,0,0,0,0,0,5.73819E+20,5.67137E+21,1.00563E+16,5.1189E+16
144241,6,6,34,9,2018,5,13,7,3,0,7,0,0,1,0,0,0,1,0,5.28537E+20,5.65348E+21,9.40697E+15,5.10322E+16
144242,6,4,14,0,2018,5,22,7,3,5,3,2,0,1,0,1,0,0,0,4.47354E+20,5.54554E+21,8.2645E+15,5.00598E+16
144243,6,6,11,0,2018,5,17,6,3,0,7,0,0,0,0,1,0,0,0,5.33266E+20,5.68497E+21,9.47732E+15,5.1315E+16
144244,6,4,14,0,2018,5,16,7,3,3,6,0,0,1,0,0,0,1,0,4.45037E+20,5.54788E+21,8.23179E+15,5.00806E+16
144245,6,4,14,0,2018,5,8,6,3,2,6,0,0,1,0,0,0,0,0,4.46927E+20,5.54539E+21,8.25855E+15,5.00585E+16
144246,6,4,12,0,2018,5,9,6,3,5,3,0,0,1,0,0,0,0,0,4.71615E+20,5.54996E+21,8.6031E+15,5.01012E+16
144247,6,4,13,0,2018,5,11,7,3,7,7,0,1,0,1,0,0,0,0,4.82056E+20,5.5505E+21,8.74907E+15,5.01065E+16
144248,6,4,12,0,2018,5,17,6,2,1,1,0,1,1,0,0,0,0,0,4.77115E+20,5.55011E+21,8.68E+15,5.01028E+16
144249,6,4,12,0,2018,5,10,7,3,3,6,0,1,0,0,0,0,0,0,4.75686E+20,5.55192E+21,8.6599E+15,5.0119E+16
144250,6,4,12,0,2018,5,6,6,3,2,6,0,0,1,0,0,1,0,0,4.82707E+20,5.55332E+21,8.75804E+15,5.01318E+16
144251,6,4,12,0,2018,5,23,7,3,3,2,2,0,1,0,0,0,1,0,4.78229E+20,5.55291E+21,8.69541E+15,5.0128E+16
144252,6,4,12,0,2018,5,14,7,3,3,2,0,0,1,0,1,0,1,0,4.782E+20,5.55289E+21,8.695E+15,5.01278E+16
144253,6,4,12,0,2018,5,18,6,3,0,6,0,1,1,0,0,0,0,0,4.76136E+20,5.55057E+21,8.66628E+15,5.01069E+16
144254,6,4,11,0,2018,5,17,7,3,5,3,0,1,1,0,0,0,0,0,4.75533E+20,5.52383E+21,8.65954E+15,4.98664E+16
144255,6,4,12,0,2018,5,10,6,3,1,5,0,1,1,0,0,0,0,0,4.76292E+20,5.55226E+21,8.66835E+15,5.01221E+16
144256,6,4,12,0,2018,5,23,6,3,6,4,2,0,0,1,0,0,1,0,4.77898E+20,5.55224E+21,8.69081E+15,5.0122E+16
144257,6,4,38,9,2018,5,13,7,3,5,3,0,0,1,0,0,0,0,0,4.76817E+20,5.54472E+21,8.67616E+15,5.00543E+16
144258,6,4,32,23,2018,5,17,6,3,5,3,0,0,1,0,1,0,0,0,4.72372E+20,5.52741E+21,8.61531E+15,4.98984E+16
144259,6,4,36,9,2018,5,16,7,3,5,3,0,0,1,0,1,0,0,0,4.61703E+20,5.54861E+21,8.46464E+15,5.00886E+16
144260,6,4,11,0,2018,5,15,6,3,2,6,0,0,1,0,0,0,0,0,4.7339E+20,5.52393E+21,8.62972E+15,4.98672E+16
144261,6,4,11,0,2018,5,16,6,3,2,6,0,0,1,0,0,0,0,0,4.7259E+20,5.52513E+21,8.6185E+15,4.9878E+16
144262,6,4,40,3,2018,5,13,7,3,6,7,0,0,1,1,0,0,0,0,4.81615E+20,5.55888E+21,8.74249E+15,5.01818E+16
144263,6,6,35,3,2018,5,10,6,2,6,7,0,0,1,1,0,0,0,0,5.08426E+20,5.6631E+21,9.12039E+15,5.11194E+16
144264,6,6,31,23,2018,5,0,7,2,1,1,2,0,1,0,0,0,1,0,5.69942E+20,5.61242E+21,9.98953E+15,5.06594E+16
144265,6,4,38,9,2018,5,21,6,3,5,3,0,0,1,0,0,0,0,0,4.78887E+20,5.544E+21,8.70511E+15,5.00479E+16
144266,6,5,31,5,2018,5,22,7,3,8,1,2,0,1,0,0,0,0,0,4.78218E+20,5.60324E+21,8.69235E+15,5.05807E+16
144267,6,4,35,14,2018,5,10,7,2,6,4,0,0,1,1,0,0,0,0,4.93162E+20,5.5514E+21,8.90435E+15,5.01148E+16
144268,6,4,38,9,2018,5,15,6,3,5,2,0,0,1,0,0,0,0,0,4.78188E+20,5.54373E+21,8.69537E+15,5.00455E+16
144269,6,4,12,0,2018,5,7,6,3,1,6,0,0,1,0,0,1,0,0,4.69883E+20,5.5444E+21,8.57932E+15,5.00511E+16
144270,6,4,38,2,2018,5,17,6,3,6,6,0,0,0,1,0,0,1,0,4.79472E+20,5.5388E+21,8.71356E+15,5.00011E+16
144271,6,4,38,11,2018,5,14,6,3,0,2,0,0,1,0,1,0,0,0,4.91444E+20,5.54313E+21,8.88051E+15,5.00404E+16
144272,6,5,31,5,2018,5,23,6,3,2,6,2,1,1,0,0,0,0,0,4.7707E+20,5.60413E+21,8.67608E+15,5.05886E+16
144273,6,4,36,2,2018,5,18,6,3,0,1,0,1,0,0,0,0,0,0,4.56062E+20,5.55496E+21,8.38505E+15,5.01452E+16
144274,6,5,31,5,2018,5,17,6,3,6,7,0,0,0,1,0,0,1,0,4.76602E+20,5.60397E+21,8.66948E+15,5.05872E+16
144275,6,4,31,12,2018,5,15,6,3,0,7,0,0,0,0,1,0,0,0,4.92498E+20,5.47717E+21,8.8965E+15,4.94472E+16
144276,6,6,33,8,2018,5,19,6,3,8,6,0,1,1,0,0,0,0,0,5.3475E+20,5.67921E+21,9.49805E+15,5.12632E+16
144277,6,4,33,8,2018,5,8,6,3,5,3,0,1,1,0,0,0,0,0,4.69613E+20,5.53895E+21,8.57598E+15,5.00021E+16
144278,6,6,33,17,2018,5,11,6,3,4,5,0,0,1,0,0,0,1,0,5.38493E+20,5.68033E+21,9.55181E+15,5.12731E+16
144279,6,6,11,0,2018,5,7,6,2,6,4,0,0,1,1,0,0,0,0,5.3416E+20,5.68539E+21,9.49019E+15,5.13188E+16
144280,6,6,31,14,2018,5,17,6,3,6,4,0,0,1,1,0,0,0,0,5.33376E+20,5.59916E+21,9.47104E+15,5.05434E+16
144281,6,4,14,0,2018,5,19,6,3,2,7,0,0,0,0,1,0,1,0,4.46337E+20,5.54709E+21,8.25007E+15,5.00736E+16
144282,6,4,12,0,2018,5,9,5,3,2,5,0,0,1,0,0,0,0,0,4.70315E+20,5.54459E+21,8.58533E+15,5.00529E+16
144283,6,4,35,14,2018,5,19,5,3,5,3,0,0,1,0,0,0,0,0,4.95386E+20,5.55537E+21,8.93542E+15,5.01505E+16
144284,6,4,36,1,2018,5,7,6,3,0,5,0,1,1,0,0,0,0,0,4.64527E+20,5.55403E+21,8.50361E+15,5.01374E+16
144285,6,6,35,15,2018,5,13,5,3,0,7,0,0,0,0,1,0,0,0,4.90604E+20,5.68028E+21,8.8653E+15,5.12738E+16
144286,6,4,12,0,2018,5,11,6,3,6,4,0,0,1,1,0,0,0,0,4.75593E+20,5.55117E+21,8.65864E+15,5.01123E+16
144287,6,4,12,0,2018,5,9,6,3,1,7,0,0,1,0,0,0,0,0,4.75371E+20,5.55185E+21,8.65549E+15,5.01184E+16
144288,6,5,33,9,2018,5,7,5,3,5,2,0,0,1,0,1,0,0,0,4.34049E+20,5.58074E+21,8.07252E+15,5.03751E+16