OBJECTID_1,ULAND,UREGBEZ,UKREIS,UGEMEINDE,UJAHR,UMONAT,USTUNDE,UWOCHENTAG,UKATEGORIE,UART,UTYP1,ULICHTVERH,IstRad,IstPKW,IstFuss,IstKrad,IstGkfz,IstSonstig,STRZUSTAND,LINREFX,LINREFY,XGCSWGS84,YGCSWGS84
144289,6,4,12,0,2018,5,17,6,3,2,6,0,0,1,0,1,0,0,0,4.74515E+20,5.55069E+21,8.64361E+15,5.01079E+16
144290,6,5,33,13,2018,5,6,5,3,6,7,0,0,1,1,0,0,0,0,4.36087E+20,5.58562E+21,8.10034E+15,5.04192E+16
144291,6,4,12,0,2018,5,16,6,3,5,3,0,1,1,0,0,0,0,0,4.77426E+20,5.55116E+21,8.68428E+15,5.01123E+16
144292,6,4,13,0,2018,5,20,5,2,5,2,1,1,0,0,0,0,1,0,4.8282E+20,5.54925E+21,8.75981E+15,5.00953E+16
144293,6,6,34,22,2018,5,16,6,3,2,6,0,0,1,0,0,0,0,0,5.16724E+20,5.63999E+21,9.23788E+15,5.09113E+16
144294,6,4,13,0,2018,5,12,5,3,5,3,0,1,1,0,0,0,0,0,4.82181E+20,5.54836E+21,8.75091E+15,5.00873E+16
144295,6,6,34,24,2018,5,13,6,3,6,1,0,0,0,1,1,0,0,0,5.46287E+20,5.66267E+21,9.66127E+15,5.11136E+16
144296,6,4,13,0,2018,5,8,5,3,5,3,0,1,1,0,0,0,0,0,4.83703E+20,5.55021E+21,8.77211E+15,5.01039E+16
144297,6,4,12,0,2018,5,13,5,3,5,3,0,1,1,0,0,0,0,0,4.72294E+20,5.55314E+21,8.61236E+15,5.01299E+16
144298,6,6,33,21,2018,5,16,6,3,0,1,0,0,1,0,0,0,0,0,5.37716E+20,5.71648E+21,9.54453E+15,5.15981E+16
144299,6,4,12,0,2018,5,12,5,3,5,3,0,1,1,0,0,0,0,0,4.75812E+20,5.54947E+21,8.66181E+15,5.0097E+16
144300,6,4,38,9,2018,5,17,6,3,5,3,0,1,1,0,0,0,0,0,4.78486E+20,5.5434E+21,8.69954E+15,5.00425E+16
144301,6,4,34,8,2018,5,16,6,3,1,6,0,0,1,0,0,0,1,0,4.70016E+20,5.55926E+21,8.58001E+15,5.01847E+16
144302,6,4,12,0,2018,5,15,5,3,0,7,0,1,0,0,0,0,1,0,4.76815E+20,5.55221E+21,8.67567E+15,5.01217E+16
144303,6,4,35,29,2018,5,14,6,3,5,3,0,1,1,0,0,0,0,0,5.20804E+20,5.56699E+21,9.29183E+15,5.02547E+16
144304,6,4,12,0,2018,5,17,5,3,2,6,0,0,1,0,0,0,0,0,4.77878E+20,5.55084E+21,8.69062E+15,5.01094E+16
144305,6,4,11,0,2018,5,18,5,3,6,4,0,0,1,1,0,0,0,0,4.74459E+20,5.52314E+21,8.64464E+15,4.98601E+16
144306,6,4,32,4,2018,5,18,6,2,2,6,0,1,0,0,0,0,0,0,4.88588E+20,5.52722E+21,8.84111E+15,4.98973E+16
144307,6,4,11,0,2018,5,15,5,3,5,3,0,1,1,0,0,0,0,0,4.73766E+20,5.52301E+21,8.63502E+15,4.9859E+16
144308,6,4,11,0,2018,5,7,6,3,2,6,0,0,1,0,0,0,0,0,4.73431E+20,5.51819E+21,8.63068E+15,4.98156E+16
144309,6,4,39,8,2018,5,15,5,3,2,6,0,0,1,0,1,0,0,0,4.47836E+20,5.56363E+21,8.26875E+15,5.02225E+16
144310,6,4,40,2,2018,5,8,6,3,3,6,0,0,1,0,1,0,0,0,4.804E+20,5.57879E+21,8.72445E+15,5.03608E+16
144311,6,4,39,8,2018,5,16,5,3,5,3,0,1,1,0,0,0,0,0,4.47047E+20,5.56257E+21,8.25784E+15,5.02129E+16
144312,6,4,33,12,2018,5,15,6,3,3,2,0,1,0,0,0,1,0,0,4.59581E+20,5.53628E+21,8.43627E+15,4.99775E+16
144313,6,4,38,4,2018,5,10,5,3,5,3,0,0,1,0,0,0,0,0,4.96035E+20,5.54735E+21,8.94458E+15,5.00784E+16
144314,6,4,33,2,2018,5,18,6,3,3,5,0,1,1,0,0,0,0,0,4.53586E+20,5.53736E+21,8.35254E+15,4.99868E+16
144315,6,4,33,9,2018,5,13,6,3,5,3,0,0,1,0,0,0,0,0,4.60424E+20,5.53201E+21,8.44848E+15,4.99391E+16
144316,6,4,38,6,2018,5,22,5,3,6,2,2,0,1,1,0,0,0,0,4.77105E+20,5.53766E+21,8.68059E+15,4.99909E+16
144317,6,4,33,6,2018,5,6,6,2,4,6,0,1,0,0,0,0,0,0,4.62953E+20,5.53039E+21,8.48387E+15,4.99247E+16
144318,6,4,38,5,2018,5,13,5,3,5,3,0,1,1,0,0,0,0,0,4.85068E+20,5.54513E+21,8.7914E+15,5.00583E+16
144319,6,4,36,7,2018,5,13,5,3,5,2,0,1,1,0,0,0,0,0,4.60444E+20,5.54861E+21,8.44704E+15,5.00884E+16
144320,6,5,34,14,2018,5,8,6,3,5,2,0,1,1,0,0,0,0,0,4.82359E+20,5.62772E+21,8.74966E+15,5.0801E+16
144321,6,4,35,1,2018,5,17,5,3,5,3,0,0,1,0,0,0,0,0,5.25365E+20,5.56295E+21,9.35554E+15,5.02182E+16
144322,6,5,31,8,2018,5,16,6,3,5,3,0,0,1,0,1,0,0,0,4.92762E+20,5.59099E+21,8.898E+15,5.04709E+16
144323,6,4,40,3,2018,5,18,5,3,5,3,0,1,1,0,0,0,0,0,4.79679E+20,5.55772E+21,8.71544E+15,5.01713E+16
144324,6,5,33,7,2018,5,17,5,3,5,3,0,1,1,0,0,0,0,0,4.31123E+20,5.58718E+21,8.0302E+15,5.04326E+16
144325,6,6,11,0,2018,5,15,5,3,5,3,0,0,1,0,0,0,0,0,5.33556E+20,5.68641E+21,9.48162E+15,5.1328E+16
144326,6,5,32,5,2018,5,17,5,3,5,3,0,1,1,0,0,0,0,0,4.53043E+20,5.63117E+21,8.33323E+15,5.08303E+16
144327,6,4,13,0,2018,5,17,5,3,6,4,0,0,1,1,0,0,0,0,4.8316E+20,5.55049E+21,8.7645E+15,5.01064E+16
144328,6,4,12,0,2018,5,20,5,2,5,3,1,0,0,0,1,0,1,0,4.7428E+20,5.55215E+21,8.64022E+15,5.0121E+16
144329,6,4,32,8,2018,5,17,5,3,5,3,0,1,1,0,0,0,0,0,4.69376E+20,5.523E+21,8.57394E+15,4.98586E+16
144330,6,4,12,0,2018,5,13,5,3,5,3,0,1,1,0,0,0,0,0,4.74575E+20,5.55237E+21,8.64432E+15,5.0123E+16
144331,6,4,31,5,2018,5,11,5,3,5,3,0,0,1,0,0,0,0,0,4.60406E+20,5.50032E+21,8.45145E+15,4.96541E+16
144332,6,4,35,14,2018,5,17,5,3,6,4,0,0,1,1,0,0,0,0,4.94325E+20,5.55355E+21,8.92059E+15,5.01342E+16
144333,6,4,12,0,2018,5,17,5,3,6,7,0,0,1,1,0,0,0,0,4.78071E+20,5.54991E+21,8.69337E+15,5.01011E+16
144334,6,5,32,15,2018,5,19,5,3,0,7,0,1,0,0,0,0,1,0,4.71026E+20,5.60275E+21,8.59081E+15,5.0576E+16
144335,6,4,12,0,2018,5,15,5,3,5,3,0,1,1,0,0,0,0,0,4.77686E+20,5.5499E+21,8.688E+15,5.0101E+16
144336,6,5,31,5,2018,5,18,5,3,1,7,1,1,1,0,0,0,0,0,4.76137E+20,5.60296E+21,8.66298E+15,5.0578E+16
144337,6,4,12,0,2018,5,12,5,3,5,3,0,0,1,0,0,0,0,0,4.81948E+20,5.55226E+21,8.74747E+15,5.01223E+16
144338,6,4,13,0,2018,5,5,5,2,8,1,1,0,1,0,0,0,0,1,4.80554E+20,5.54623E+21,8.72828E+15,5.0068E+16
144339,6,6,11,0,2018,5,16,5,3,5,2,0,1,1,0,0,0,0,0,5.30455E+20,5.67975E+21,9.43654E+15,5.12683E+16
144340,6,5,31,5,2018,5,18,4,3,5,3,0,1,1,0,0,0,0,0,4.77024E+20,5.60389E+21,8.67544E+15,5.05864E+16
144341,6,4,14,0,2018,5,19,4,3,5,3,0,0,1,0,1,0,0,0,4.48802E+20,5.54785E+21,8.28441E+15,5.00807E+16
144342,6,6,11,0,2018,5,6,5,3,6,6,0,0,1,1,0,0,0,1,5.30203E+20,5.67984E+21,9.43294E+15,5.12691E+16
144343,6,4,13,0,2018,5,16,4,3,6,3,0,0,0,1,0,0,1,0,4.82454E+20,5.55077E+21,8.75461E+15,5.01089E+16
144344,6,4,38,2,2018,5,17,5,3,5,2,0,1,1,0,0,0,0,0,4.78188E+20,5.54133E+21,8.6955E+15,5.00239E+16
144345,6,4,12,0,2018,5,9,4,3,5,2,0,1,1,0,0,0,0,0,4.67947E+20,5.54799E+21,8.55198E+15,5.00833E+16
144346,6,4,12,0,2018,5,7,4,3,5,2,0,1,1,0,0,0,0,0,4.76218E+20,5.55398E+21,8.66721E+15,5.01376E+16
144347,6,4,35,19,2018,5,16,5,3,2,6,0,0,1,0,0,0,0,0,4.89317E+20,5.55347E+21,8.85052E+15,5.01334E+16
144348,6,4,12,0,2018,5,16,4,3,2,6,0,0,1,0,0,0,0,0,4.80441E+20,5.55448E+21,8.72627E+15,5.01423E+16
144349,6,4,34,6,2018,5,21,5,3,5,3,1,1,1,0,0,0,0,0,4.66412E+20,5.55815E+21,8.52962E+15,5.01746E+16
144350,6,4,34,6,2018,5,17,5,2,6,6,0,0,1,1,0,0,0,0,4.64908E+20,5.55924E+21,8.50846E+15,5.01843E+16
144351,6,4,12,0,2018,5,13,4,3,2,6,0,0,1,0,0,0,1,0,4.80618E+20,5.55215E+21,8.72887E+15,5.01213E+16
144352,6,4,34,6,2018,5,8,5,3,0,7,0,0,1,0,0,0,1,0,4.65784E+20,5.55915E+21,8.52074E+15,5.01836E+16
144353,6,4,12,0,2018,5,17,4,2,5,3,0,1,1,0,0,0,0,0,4.77772E+20,5.55185E+21,8.68908E+15,5.01185E+16
144354,6,4,38,1,2018,5,8,5,3,0,7,0,1,0,0,0,0,0,0,4.84348E+20,5.54182E+21,8.78148E+15,5.00285E+16
144355,6,4,37,6,2018,5,12,4,2,6,7,0,0,1,1,0,0,0,0,4.99576E+20,5.50114E+21,8.99413E+15,4.96628E+16
144356,6,4,32,19,2018,5,11,5,2,6,7,0,0,0,1,0,0,1,0,4.85143E+20,5.52136E+21,8.79336E+15,4.98445E+16
144357,6,6,33,3,2018,5,9,4,3,1,5,0,1,1,0,0,0,0,0,5.29912E+20,5.67675E+21,9.42851E+15,5.12413E+16
144358,6,4,31,20,2018,5,16,5,3,3,6,0,0,0,0,1,1,0,0,4.71719E+20,5.48889E+21,8.60901E+15,4.9552E+16
144359,6,4,31,20,2018,5,13,5,3,2,6,0,0,0,0,1,0,1,0,4.69715E+20,5.48795E+21,8.58137E+15,4.95434E+16
144360,6,4,38,9,2018,5,8,4,3,5,2,0,0,1,1,0,0,0,1,4.75448E+20,5.54461E+21,8.65703E+15,5.00533E+16
144361,6,5,34,14,2018,5,7,5,3,2,6,0,0,1,0,0,0,0,1,4.85475E+20,5.62774E+21,8.79388E+15,5.08012E+16
144362,6,4,35,10,2018,5,16,4,3,2,6,0,0,1,0,0,0,0,0,5.12923E+20,5.56072E+21,9.18107E+15,5.01985E+16
144363,6,5,32,23,2018,5,17,5,3,4,7,0,0,1,0,0,0,0,1,4.65265E+20,5.59925E+21,8.50977E+15,5.05441E+16
144364,6,4,40,3,2018,5,15,4,3,0,1,0,1,1,0,0,0,0,0,4.80981E+20,5.55948E+21,8.73359E+15,5.01872E+16
144365,6,5,31,5,2018,5,15,5,3,5,3,0,1,1,0,0,0,0,0,4.78841E+20,5.60313E+21,8.70116E+15,5.05797E+16
144366,6,4,32,18,2018,5,7,4,3,5,3,0,1,0,0,1,0,0,0,4.70761E+20,5.51718E+21,8.59365E+15,4.98063E+16
144367,6,4,40,8,2018,5,18,4,3,5,3,0,1,1,0,0,0,0,0,4.8257E+20,5.57565E+21,8.7551E+15,5.03327E+16
144368,6,4,35,17,2018,5,19,4,3,2,2,0,0,1,0,0,0,0,0,5.02497E+20,5.55895E+21,9.03498E+15,5.01828E+16
144369,6,4,31,13,2018,5,13,4,3,5,3,0,1,1,0,0,0,0,0,4.61957E+20,5.49342E+21,8.4736E+15,4.95922E+16
144370,6,5,31,5,2018,5,15,4,3,6,4,0,1,0,1,0,0,0,0,4.77551E+20,5.60492E+21,8.68282E+15,5.05957E+16
144371,6,4,33,12,2018,5,18,4,3,2,6,0,0,1,0,0,0,0,0,4.57896E+20,5.53736E+21,8.41266E+15,4.99871E+16
144372,6,5,31,5,2018,5,15,4,3,0,7,0,1,1,0,0,0,0,0,4.76908E+20,5.60428E+21,8.67378E+15,5.059E+16
144373,6,6,32,2,2018,5,15,4,2,6,4,0,0,1,1,0,0,0,0,5.53581E+20,5.63545E+21,9.76144E+15,5.08682E+16
144374,6,4,33,12,2018,5,17,4,3,2,6,0,0,1,0,0,0,0,1,4.59963E+20,5.53742E+21,8.44148E+15,4.99878E+16
144375,6,4,14,0,2018,5,9,4,3,2,6,0,0,1,0,0,0,0,0,4.44809E+20,5.54664E+21,8.22879E+15,5.00694E+16
144376,6,4,33,8,2018,5,15,4,3,1,5,0,0,1,0,0,0,0,0,4.70012E+20,5.53943E+21,8.58151E+15,5.00065E+16
144377,6,6,31,15,2018,5,18,4,3,5,2,0,0,1,0,0,0,0,0,5.53977E+20,5.61342E+21,9.76383E+15,5.06701E+16
144378,6,4,13,0,2018,5,17,4,3,6,4,0,0,1,1,0,0,0,0,4.81928E+20,5.55081E+21,8.74726E+15,5.01092E+16
144379,6,4,34,12,2018,5,17,3,3,3,6,0,1,1,0,0,0,0,0,4.70163E+20,5.57243E+21,8.58104E+15,5.03032E+16
144380,6,6,31,9,2018,5,7,4,3,5,3,0,0,1,0,0,0,0,1,5.45795E+20,5.59869E+21,9.64625E+15,5.05383E+16
144381,6,4,13,0,2018,5,15,4,3,2,6,0,0,1,0,0,0,0,1,4.8276E+20,5.55052E+21,8.7589E+15,5.01067E+16
144382,6,5,31,3,2018,5,22,3,3,2,6,2,0,1,0,0,0,0,0,4.8246E+20,5.60639E+21,8.75211E+15,5.06092E+16
144383,6,4,12,0,2018,5,18,4,3,5,3,0,1,1,0,0,0,0,1,4.78428E+20,5.55801E+21,8.6979E+15,5.01739E+16
144384,6,6,32,7,2018,5,22,3,3,8,1,2,0,0,0,1,0,0,1,5.51721E+20,5.63004E+21,9.73425E+15,5.08198E+16
144385,6,4,12,0,2018,5,16,4,3,5,3,0,1,1,0,0,0,0,0,4.76266E+20,5.55419E+21,8.66787E+15,5.01395E+16
144386,6,6,33,17,2018,5,14,3,3,5,3,0,1,1,0,0,0,0,0,5.38038E+20,5.68009E+21,9.54527E+15,5.12709E+16
144387,6,4,12,0,2018,5,0,4,3,5,3,2,1,1,0,0,0,0,0,4.80466E+20,5.55175E+21,8.72676E+15,5.01177E+16
144388,6,4,12,0,2018,5,10,4,2,5,7,0,1,0,0,0,0,0,0,4.76482E+20,5.55159E+21,8.67105E+15,5.01161E+16
144389,6,4,14,0,2018,5,16,3,3,1,6,0,0,1,0,0,0,0,0,4.46865E+20,5.54689E+21,8.25747E+15,5.00719E+16
144390,6,4,11,0,2018,5,13,4,3,6,4,0,0,1,1,0,0,0,0,4.75447E+20,5.52883E+21,8.65802E+15,4.99114E+16
144391,6,4,13,0,2018,5,20,3,3,1,5,0,0,1,0,0,0,0,1,4.83302E+20,5.54957E+21,8.76653E+15,5.00982E+16
144392,6,4,12,0,2018,5,9,3,2,6,2,0,0,1,1,0,0,0,0,4.67459E+20,5.54985E+21,8.54499E+15,5.01E+16
144393,6,4,37,6,2018,5,15,4,3,8,1,0,1,0,0,0,0,0,0,4.99547E+20,5.50054E+21,8.99373E+15,4.96574E+16
144394,6,4,12,0,2018,5,7,3,3,6,7,0,0,1,1,0,0,0,0,4.76052E+20,5.55458E+21,8.66485E+15,5.0143E+16
144395,6,4,11,0,2018,5,9,4,3,5,3,0,1,1,0,0,0,0,0,4.73514E+20,5.52469E+21,8.63139E+15,4.9874E+16
144396,6,4,11,0,2018,5,10,4,3,2,6,0,0,1,0,0,0,1,0,4.7446E+20,5.52317E+21,8.64465E+15,4.98604E+16
144397,6,4,12,0,2018,5,22,3,3,0,1,2,0,0,0,1,0,0,1,4.77681E+20,5.55131E+21,8.68784E+15,5.01136E+16
144398,6,6,33,5,2018,5,12,4,2,5,3,0,0,1,0,0,0,0,0,5.22674E+20,5.69824E+21,9.32618E+15,5.14349E+16
144399,6,4,35,25,2018,5,17,4,3,2,6,0,0,1,0,0,0,0,1,5.37307E+20,5.57849E+21,9.52446E+15,5.03573E+16
144400,6,4,38,6,2018,5,13,3,2,0,7,0,0,0,0,0,0,1,0,4.76475E+20,5.53778E+21,8.67181E+15,4.99919E+16
144401,6,4,39,4,2018,5,20,4,3,5,3,0,0,1,0,0,0,0,1,4.25532E+20,5.53714E+21,7.96129E+15,4.9982E+16
144402,6,4,38,10,2018,5,17,3,3,2,6,0,0,1,0,1,0,0,0,4.8969E+20,5.5469E+21,8.85592E+15,5.00743E+16
144403,6,4,34,11,2018,5,14,3,2,6,2,0,0,1,1,0,0,0,0,4.66979E+20,5.57591E+21,8.53602E+15,5.03344E+16
144404,6,4,31,16,2018,5,9,4,3,0,7,0,1,1,0,0,0,0,0,4.6879E+20,5.50037E+21,8.5676E+15,4.96551E+16
144405,6,4,36,6,2018,5,8,3,3,3,6,0,1,1,0,0,0,0,0,4.53219E+20,5.54087E+21,8.34699E+15,5.00183E+16
144406,6,4,32,19,2018,5,11,4,3,5,3,0,1,1,0,0,0,0,0,4.87866E+20,5.52061E+21,8.83125E+15,4.98378E+16
144407,6,4,31,5,2018,5,16,4,3,5,3,0,1,1,0,0,0,0,1,4.60484E+20,5.5011E+21,8.45245E+15,4.96611E+16
144408,6,4,40,8,2018,5,15,3,3,5,2,0,1,1,0,0,0,0,0,4.82001E+20,5.5769E+21,8.74705E+15,5.03439E+16
144409,6,4,31,20,2018,5,11,4,3,5,3,0,0,1,0,0,0,0,0,4.70602E+20,5.48856E+21,8.59359E+15,4.9549E+16
144410,6,4,33,12,2018,5,13,3,2,5,3,0,1,1,0,0,0,0,0,4.58697E+20,5.53651E+21,8.42392E+15,4.99795E+16
144411,6,6,31,9,2018,5,9,4,3,5,2,0,1,1,0,0,0,0,0,5.48026E+20,5.6004E+21,9.67794E+15,5.05535E+16
144412,6,4,33,12,2018,5,7,3,3,6,4,0,0,1,1,0,0,0,0,4.55112E+20,5.5346E+21,8.37415E+15,4.9962E+16
144413,6,6,31,9,2018,5,13,4,3,5,3,0,0,1,0,0,0,0,0,5.46797E+20,5.6002E+21,9.66057E+15,5.05519E+16
144414,6,4,33,2,2018,5,19,3,3,4,6,0,0,1,0,1,0,0,0,4.54131E+20,5.5372E+21,8.36016E+15,4.99854E+16
144415,6,5,32,23,2018,5,7,4,3,5,3,0,1,1,0,0,0,0,0,4.65294E+20,5.6029E+21,8.50984E+15,5.0577E+16
144416,6,6,31,17,2018,5,17,3,3,5,3,0,1,1,0,0,0,0,1,5.50989E+20,5.59831E+21,9.71949E+15,5.05345E+16
144417,6,5,32,15,2018,5,14,3,3,2,6,0,1,1,0,0,0,0,0,4.69669E+20,5.60295E+21,8.57162E+15,5.05776E+16
144418,6,6,34,1,2018,5,18,3,3,4,3,0,0,1,0,0,0,0,1,5.19024E+20,5.65547E+21,9.2714E+15,5.10504E+16
144419,6,6,36,14,2018,5,9,2,3,2,6,0,0,1,0,0,0,0,0,5.68322E+20,5.66592E+21,9.97664E+15,5.11407E+16
144420,6,6,32,2,2018,5,8,3,3,2,6,0,0,1,0,0,0,1,0,5.50852E+20,5.63428E+21,9.7225E+15,5.08579E+16
144421,6,6,11,0,2018,5,11,3,3,2,6,0,0,1,0,0,0,0,0,5.32604E+20,5.68765E+21,9.46807E+15,5.13392E+16
144422,6,4,14,0,2018,5,17,2,3,2,6,0,0,1,0,0,0,0,1,4.4572E+20,5.54771E+21,8.24136E+15,5.00792E+16
144423,6,4,14,0,2018,5,14,3,3,5,3,0,1,1,0,0,0,0,0,4.44172E+20,5.54436E+21,8.22021E+15,5.00489E+16
144424,6,4,13,0,2018,5,17,2,3,5,3,0,1,1,0,0,0,0,1,4.84545E+20,5.54975E+21,8.78391E+15,5.00998E+16
144425,6,4,12,0,2018,5,17,2,2,6,4,0,0,1,1,0,0,0,1,4.68733E+20,5.55177E+21,8.56265E+15,5.01173E+16
144426,6,4,14,0,2018,5,9,3,3,6,7,0,0,1,1,0,0,0,0,4.45604E+20,5.54794E+21,8.2397E+15,5.00813E+16
144427,6,4,12,0,2018,5,14,2,3,0,7,0,0,1,0,0,0,0,0,4.67703E+20,5.55003E+21,8.54839E+15,5.01016E+16
144428,6,6,11,0,2018,6,16,2,2,5,3,0,1,0,0,0,0,1,0,5.32251E+20,5.68276E+21,9.46255E+15,5.12953E+16
144429,6,6,11,0,2018,6,15,2,3,1,5,0,0,1,0,0,0,0,0,5.31375E+20,5.68122E+21,9.44986E+15,5.12814E+16
144430,6,4,39,15,2018,6,8,2,3,5,2,0,0,1,0,1,0,0,0,4.39648E+20,5.55435E+21,8.15545E+15,5.01383E+16
144431,6,4,38,10,2018,6,19,2,3,8,1,0,0,1,0,0,0,0,0,4.89838E+20,5.548E+21,8.85796E+15,5.00842E+16
144432,6,4,38,11,2018,6,17,2,3,7,7,0,1,0,1,0,0,0,0,4.92651E+20,5.53958E+21,8.89744E+15,5.00085E+16
144433,6,4,34,1,2018,6,16,2,3,5,3,0,1,1,0,0,0,0,0,4.71777E+20,5.56443E+21,8.60429E+15,5.02314E+16
144434,6,4,32,18,2018,6,13,2,3,0,4,0,0,0,1,1,0,0,0,4.71746E+20,5.51711E+21,8.60734E+15,4.98058E+16
144435,6,4,40,8,2018,6,13,2,2,4,1,0,0,1,0,0,1,0,0,4.83443E+20,5.57547E+21,8.76737E+15,5.03311E+16
144436,6,4,31,5,2018,6,13,2,3,5,3,0,1,1,0,0,0,0,0,4.60433E+20,5.49855E+21,8.452E+15,4.96382E+16
144437,6,4,33,12,2018,6,20,2,3,5,3,0,1,1,0,0,0,0,0,4.58746E+20,5.53861E+21,8.42438E+15,4.99984E+16
144438,6,4,33,12,2018,6,7,2,3,5,3,0,1,1,0,0,0,0,0,4.56981E+20,5.53696E+21,8.39994E+15,4.99834E+16
144439,6,4,33,6,2018,6,22,2,2,5,3,2,1,1,0,0,0,0,0,4.63129E+20,5.5298E+21,8.48638E+15,4.99194E+16
144440,6,4,33,13,2018,6,22,2,3,1,1,2,0,1,0,0,0,0,0,4.62038E+20,5.51802E+21,8.47234E+15,4.98134E+16
144441,6,5,34,16,2018,6,12,2,3,5,3,0,1,1,0,0,0,0,0,5.07407E+20,5.63308E+21,9.10521E+15,5.08494E+16
144442,6,5,34,11,2018,6,12,2,3,6,6,0,0,1,1,0,0,0,0,4.9454E+20,5.63111E+21,8.92247E+15,5.08317E+16
144443,6,5,31,8,2018,6,15,2,3,4,6,0,0,1,0,0,0,0,0,4.9276E+20,5.59158E+21,8.89796E+15,5.04762E+16
144444,6,5,31,5,2018,6,7,2,3,5,3,0,1,1,0,0,0,0,0,4.78345E+20,5.60306E+21,8.69416E+15,5.05791E+16
144445,6,5,35,16,2018,6,16,1,2,0,7,0,0,1,0,0,0,0,0,5.06818E+20,5.59231E+21,9.0961E+15,5.04827E+16
144446,6,4,36,3,2018,6,12,1,3,5,3,0,1,1,0,0,0,0,0,4.69251E+20,5.55429E+21,8.5697E+15,5.01401E+16
144447,6,4,12,0,2018,6,17,1,3,3,6,0,1,1,0,0,0,0,0,4.72944E+20,5.55097E+21,8.62161E+15,5.01103E+16
144448,6,4,12,0,2018,6,16,1,3,5,3,0,0,1,0,0,0,0,0,4.72411E+20,5.5514E+21,8.61412E+15,5.01143E+16
144449,6,4,12,0,2018,6,19,1,3,0,3,0,0,1,0,1,0,0,0,4.7867E+20,5.55273E+21,8.70159E+15,5.01264E+16
144450,6,4,32,23,2018,6,13,1,3,5,3,0,0,1,0,0,0,0,0,4.71437E+20,5.5312E+21,8.602E+15,4.99325E+16
144451,6,6,11,0,2018,6,13,1,3,0,3,0,1,1,0,0,0,0,0,5.32373E+20,5.68486E+21,9.4645E+15,5.13141E+16
144452,6,4,38,13,2018,6,13,1,3,0,7,0,1,0,0,0,0,0,0,4.94655E+20,5.544E+21,8.92535E+15,5.00482E+16
144453,6,4,35,22,2018,6,7,1,2,1,5,0,0,1,0,0,0,0,0,4.86206E+20,5.5602E+21,8.80675E+15,5.01938E+16
144454,6,4,38,5,2018,6,19,1,3,5,3,0,1,0,0,0,0,0,0,4.85885E+20,5.54533E+21,8.8028E+15,5.00601E+16
144455,6,4,35,1,2018,6,20,1,3,0,1,0,0,0,0,1,0,0,0,5.24935E+20,5.563E+21,9.34952E+15,5.02186E+16
144456,6,4,37,4,2018,6,19,1,3,5,3,0,1,1,0,0,0,0,0,5.01161E+20,5.51871E+21,9.01614E+15,4.98208E+16
144457,6,4,35,9,2018,6,20,1,2,1,1,0,0,1,0,0,0,0,0,5.08322E+20,5.55386E+21,9.11646E+15,5.01369E+16
144458,6,4,35,29,2018,6,1,1,3,5,3,2,0,1,0,0,0,0,1,5.20606E+20,5.56713E+21,9.28905E+15,5.02559E+16
144459,6,4,32,22,2018,6,17,1,3,2,6,0,0,1,0,0,0,0,1,4.74662E+20,5.51339E+21,8.6481E+15,4.97725E+16
144460,6,4,31,20,2018,6,21,1,3,2,6,2,0,1,0,0,0,0,0,4.69311E+20,5.48701E+21,8.57586E+15,4.95349E+16
144461,6,5,32,1,2018,6,10,1,3,0,7,0,0,1,0,1,0,0,0,4.62946E+20,5.60381E+21,8.47658E+15,5.0585E+16
144462,6,4,31,20,2018,6,17,1,3,0,2,0,0,1,0,1,0,0,0,4.71278E+20,5.48798E+21,8.60298E+15,4.95438E+16
144463,6,5,31,12,2018,6,22,1,3,1,5,2,0,1,0,1,0,0,0,4.76602E+20,5.59743E+21,8.66988E+15,5.05283E+16
144464,6,4,33,10,2018,6,14,1,3,4,6,0,1,1,0,0,0,0,0,4.60239E+20,5.54013E+21,8.44505E+15,5.00122E+16
144465,6,4,33,11,2018,6,10,1,3,5,3,0,0,1,0,1,0,0,0,4.62275E+20,5.52046E+21,8.4754E+15,4.98354E+16
144466,6,5,31,3,2018,6,12,7,2,0,3,0,1,1,0,0,0,0,0,4.85048E+20,5.60572E+21,8.78871E+15,5.06031E+16
144467,6,6,31,8,2018,6,19,1,2,6,7,0,0,1,1,0,0,0,0,5.40201E+20,5.58581E+21,9.56593E+15,5.0423E+16
144468,6,4,14,0,2018,6,6,7,3,9,1,1,0,1,0,0,0,0,0,4.45332E+20,5.54856E+21,8.23582E+15,5.00868E+16
144469,6,4,14,0,2018,6,3,7,3,8,1,2,0,0,0,0,0,1,0,4.45405E+20,5.54734E+21,8.23701E+15,5.00758E+16
144470,6,5,31,5,2018,6,17,1,3,1,5,0,1,1,0,0,0,0,0,4.76905E+20,5.60299E+21,8.67382E+15,5.05783E+16
144471,6,4,14,0,2018,6,13,7,3,6,7,0,0,1,1,0,0,0,0,4.46183E+20,5.54783E+21,8.24781E+15,5.00803E+16
144472,6,4,35,14,2018,6,20,1,3,7,1,0,1,0,0,0,0,0,0,4.95312E+20,5.55006E+21,8.93445E+15,5.01028E+16
144473,6,4,12,0,2018,6,14,7,3,5,3,0,0,1,0,0,0,0,0,4.72411E+20,5.55141E+21,8.61412E+15,5.01143E+16
144474,6,6,36,3,2018,6,11,7,2,2,6,0,0,0,0,1,0,0,0,5.72955E+20,5.67138E+21,1.0044E+16,5.11892E+16
144475,6,4,14,0,2018,6,22,7,2,3,6,2,0,0,0,1,0,1,0,4.44438E+20,5.54809E+21,8.22339E+15,5.00825E+16