OBJECTID_1,ULAND,UREGBEZ,UKREIS,UGEMEINDE,UJAHR,UMONAT,USTUNDE,UWOCHENTAG,UKATEGORIE,UART,UTYP1,ULICHTVERH,IstRad,IstPKW,IstFuss,IstKrad,IstGkfz,IstSonstig,STRZUSTAND,LINREFX,LINREFY,XGCSWGS84,YGCSWGS84
144664,6,4,12,0,2018,6,18,2,3,5,3,0,1,1,0,0,0,0,0,4.766E+20,5.55177E+21,8.6727E+15,5.01177E+16
144665,6,4,32,8,2018,6,19,4,2,0,1,0,1,0,0,0,0,0,0,4.69681E+20,5.52276E+21,8.57819E+15,4.98565E+16
144666,6,4,33,12,2018,6,7,4,3,5,3,0,1,1,0,0,0,0,0,4.59421E+20,5.53875E+21,8.43379E+15,4.99997E+16
144667,6,4,36,6,2018,5,18,4,3,0,7,0,0,1,0,0,0,0,0,4.52983E+20,5.5401E+21,8.34379E+15,5.00114E+16
144668,6,4,12,0,2018,6,14,2,3,6,4,0,0,1,1,0,0,0,0,4.76913E+20,5.55158E+21,8.67707E+15,5.0116E+16
144669,6,5,34,22,2018,6,14,4,2,0,1,0,0,0,0,0,0,1,0,4.94752E+20,5.64361E+21,8.92531E+15,5.09441E+16
144670,6,4,36,9,2018,5,19,4,3,5,2,0,1,1,0,0,0,0,0,4.62059E+20,5.54813E+21,8.46967E+15,5.00843E+16
144671,6,5,34,14,2018,6,9,4,3,2,6,0,1,1,0,0,0,0,0,4.83238E+20,5.62745E+21,8.76215E+15,5.07985E+16
144672,6,4,35,12,2018,5,13,4,3,0,6,0,0,1,0,1,0,0,0,5.09993E+20,5.56208E+21,9.14005E+15,5.02108E+16
144673,6,6,31,15,2018,6,7,4,3,3,2,0,1,1,0,0,0,0,0,5.53975E+20,5.61341E+21,9.76381E+15,5.06701E+16
144674,6,4,32,11,2018,5,18,4,3,5,2,0,1,1,0,0,0,0,0,4.86999E+20,5.52537E+21,8.81904E+15,4.98806E+16
144675,6,4,35,14,2018,6,22,4,2,5,3,2,0,1,0,1,0,0,0,4.93918E+20,5.55335E+21,8.9149E+15,5.01324E+16
144676,6,4,32,20,2018,5,18,4,3,5,3,0,1,0,0,1,0,0,0,4.82201E+20,5.52311E+21,8.75236E+15,4.98602E+16
144677,6,4,40,8,2018,5,10,4,3,2,2,0,1,1,0,0,0,0,0,4.82405E+20,5.57592E+21,8.75276E+15,5.03351E+16
144678,6,4,12,0,2018,6,8,4,3,1,1,0,1,1,0,0,0,0,0,4.80966E+20,5.55308E+21,8.73369E+15,5.01297E+16
144679,6,4,31,2,2018,5,10,4,3,5,3,0,1,1,0,0,0,0,0,4.72266E+20,5.50285E+21,8.61558E+15,4.96776E+16
144680,6,4,35,14,2018,6,16,4,3,6,4,0,0,1,1,0,0,0,0,4.96999E+20,5.55175E+21,8.95803E+15,5.0118E+16
144681,6,4,35,17,2018,6,9,4,3,2,6,0,0,1,0,0,0,1,0,5.02384E+20,5.55768E+21,9.03339E+15,5.01714E+16
144682,6,5,32,23,2018,5,14,4,3,0,3,0,1,0,0,0,0,0,0,4.64341E+20,5.6008E+21,8.49659E+15,5.0558E+16
144683,6,5,31,5,2018,6,7,3,2,2,1,0,1,0,0,0,0,0,0,4.77166E+20,5.60371E+21,8.67746E+15,5.05849E+16
144684,6,4,35,14,2018,5,14,3,3,3,6,0,1,1,0,0,0,0,0,4.95553E+20,5.55542E+21,8.93775E+15,5.0151E+16
144685,6,4,14,0,2018,5,16,3,3,5,2,0,0,1,0,0,0,0,0,4.46766E+20,5.54207E+21,8.25676E+15,5.00286E+16
144686,6,4,36,3,2018,6,16,3,3,0,3,0,1,1,0,0,0,0,0,4.68997E+20,5.55418E+21,8.56614E+15,5.0139E+16
144687,6,4,14,0,2018,5,12,3,3,5,3,0,0,1,0,0,0,0,0,4.46899E+20,5.54538E+21,8.25815E+15,5.00584E+16
144688,6,4,13,0,2018,5,15,3,3,5,3,0,0,1,0,0,0,0,0,4.83659E+20,5.5478E+21,8.7716E+15,5.00823E+16
144689,6,4,12,0,2018,6,18,3,2,5,2,0,1,1,0,0,0,0,0,4.73261E+20,5.55893E+21,8.62549E+15,5.01819E+16
144690,6,4,12,0,2018,5,4,3,3,4,6,1,0,1,0,0,0,0,0,4.68728E+20,5.55178E+21,8.56258E+15,5.01174E+16
144691,6,4,12,0,2018,6,11,3,3,2,6,0,0,1,0,0,0,0,0,4.75598E+20,5.55968E+21,8.65817E+15,5.01888E+16
144692,6,4,12,0,2018,6,9,3,3,5,3,0,1,0,0,0,0,0,0,4.73018E+20,5.55507E+21,8.62235E+15,5.01473E+16
144693,6,4,12,0,2018,5,14,3,3,6,4,0,1,0,1,0,0,0,0,4.67309E+20,5.55101E+21,8.5428E+15,5.01105E+16
144694,6,4,12,0,2018,6,5,3,3,0,1,1,0,0,0,1,0,0,0,4.7307E+20,5.55216E+21,8.62329E+15,5.01211E+16
144695,6,4,12,0,2018,5,15,3,3,6,4,0,0,1,1,0,0,0,0,4.74701E+20,5.55692E+21,8.64578E+15,5.01639E+16
144696,6,4,12,0,2018,5,9,3,3,0,3,0,0,0,0,1,1,0,0,4.70014E+20,5.54788E+21,8.58087E+15,5.00824E+16
144697,6,4,12,0,2018,6,8,3,2,0,7,0,1,0,0,0,0,0,0,4.7142E+20,5.54805E+21,8.60051E+15,5.0084E+16
144698,6,4,12,0,2018,5,10,3,3,5,3,0,0,1,0,1,0,0,0,4.78145E+20,5.54945E+21,8.69444E+15,5.00969E+16
144699,6,4,12,0,2018,6,10,3,3,1,6,0,0,1,0,1,0,0,0,4.77049E+20,5.55024E+21,8.67906E+15,5.0104E+16
144700,6,4,12,0,2018,5,16,3,3,6,7,0,0,0,1,1,0,0,0,4.83842E+20,5.55174E+21,8.77399E+15,5.01177E+16
144701,6,4,12,0,2018,6,10,3,3,3,6,0,0,1,0,1,0,0,0,4.78534E+20,5.5521E+21,8.69972E+15,5.01207E+16
144702,6,4,12,0,2018,5,11,3,3,3,6,0,1,0,0,0,0,1,0,4.82998E+20,5.55142E+21,8.7622E+15,5.01148E+16
144703,6,4,32,12,2018,6,16,3,2,8,1,0,0,1,0,0,0,0,0,4.8179E+20,5.52986E+21,8.74633E+15,4.99208E+16
144704,6,4,12,0,2018,5,16,3,3,5,2,0,1,1,0,0,0,0,0,4.75678E+20,5.55193E+21,8.65979E+15,5.01191E+16
144705,6,4,37,6,2018,6,18,3,3,5,3,0,0,1,0,1,0,0,0,4.99655E+20,5.5003E+21,8.99522E+15,4.96552E+16
144706,6,6,34,8,2018,6,6,3,3,5,3,0,0,1,0,0,0,0,0,5.32911E+20,5.67234E+21,9.47106E+15,5.12015E+16
144707,6,4,12,0,2018,5,8,3,3,5,3,0,1,1,0,0,0,0,0,4.75662E+20,5.55193E+21,8.65955E+15,5.01191E+16
144708,6,6,34,14,2018,6,6,3,3,5,2,0,0,1,0,1,0,0,0,5.38057E+20,5.66479E+21,9.54392E+15,5.11333E+16
144709,6,4,11,0,2018,5,11,3,3,5,3,0,0,1,0,0,0,1,0,4.74903E+20,5.52485E+21,8.65071E+15,4.98755E+16
144710,6,6,33,3,2018,5,20,3,3,8,1,2,0,1,0,0,0,0,1,5.32941E+20,5.67839E+21,9.47205E+15,5.12559E+16
144711,6,6,34,27,2018,6,12,3,3,0,6,0,0,1,0,0,0,1,0,5.12203E+20,5.6552E+21,9.17409E+15,5.10482E+16
144712,6,6,11,0,2018,5,7,3,3,5,3,0,1,1,0,0,0,0,0,5.3119E+20,5.68401E+21,9.44745E+15,5.13065E+16
144713,6,6,34,5,2018,6,15,3,3,1,5,0,0,1,0,0,0,0,0,5.20048E+20,5.66395E+21,9.28649E+15,5.11267E+16
144714,6,4,38,3,2018,6,14,3,3,3,6,0,0,1,0,0,1,0,0,4.764E+20,5.53421E+21,8.67097E+15,4.99598E+16
144715,6,4,35,19,2018,5,9,3,3,6,4,0,0,1,1,0,0,0,0,4.89293E+20,5.55348E+21,8.85018E+15,5.01335E+16
144716,6,6,11,0,2018,6,14,1,2,5,2,0,0,1,0,1,0,0,0,5.33155E+20,5.68573E+21,9.4758E+15,5.13219E+16
144717,6,4,13,0,2018,6,12,6,3,5,3,0,0,1,0,0,0,1,0,4.8135E+20,5.55056E+21,8.73918E+15,5.0107E+16
144718,6,4,12,0,2018,6,15,6,3,1,1,0,0,1,0,1,0,0,0,4.7677E+20,5.55255E+21,8.67501E+15,5.01247E+16
144719,6,4,36,11,2018,6,4,1,3,8,5,1,0,1,0,0,0,0,0,4.66347E+20,5.55577E+21,8.52893E+15,5.01532E+16
144720,6,4,12,0,2018,6,5,6,3,5,2,0,1,1,0,0,0,0,0,4.78181E+20,5.55337E+21,8.69471E+15,5.01321E+16
144721,6,4,36,11,2018,6,8,1,3,5,3,0,1,1,0,0,0,0,0,4.67186E+20,5.55526E+21,8.54072E+15,5.01487E+16
144722,6,4,12,0,2018,6,19,1,3,5,3,0,0,1,0,0,0,0,0,4.72174E+20,5.54897E+21,8.61099E+15,5.00924E+16
144723,6,4,11,0,2018,6,17,6,3,6,4,0,0,0,1,0,0,1,0,4.74354E+20,5.52561E+21,8.64302E+15,4.98824E+16
144724,6,4,12,0,2018,6,19,1,3,1,5,0,1,0,0,0,0,1,0,4.79251E+20,5.55084E+21,8.70982E+15,5.01095E+16
144725,6,6,35,2,2018,6,18,6,3,5,3,0,1,1,0,0,0,0,0,5.01371E+20,5.69235E+21,9.0197E+15,5.13824E+16
144726,6,4,11,0,2018,6,11,1,3,1,5,0,1,1,0,0,0,0,0,4.74742E+20,5.52422E+21,8.64851E+15,4.98699E+16
144727,6,6,34,13,2018,6,8,6,3,5,3,0,0,1,0,0,0,1,1,5.37814E+20,5.66029E+21,9.53997E+15,5.10929E+16
144728,6,6,35,11,2018,6,10,6,3,6,4,0,0,1,1,0,0,0,0,4.8476E+20,5.65653E+21,8.78254E+15,5.10601E+16
144729,6,6,11,0,2018,6,11,1,3,2,6,0,0,1,0,0,0,0,0,5.33456E+20,5.6826E+21,9.47983E+15,5.12937E+16
144730,6,4,38,9,2018,6,8,6,3,3,6,0,0,1,0,0,0,0,0,4.78219E+20,5.54402E+21,8.69577E+15,5.0048E+16
144731,6,4,34,6,2018,6,15,1,3,2,6,0,1,1,0,0,0,0,0,4.66782E+20,5.55916E+21,8.53472E+15,5.01837E+16
144732,6,4,34,1,2018,6,10,1,3,1,2,0,1,1,0,0,0,0,0,4.71543E+20,5.56381E+21,8.60105E+15,5.02258E+16
144733,6,4,38,11,2018,6,6,6,3,5,3,1,1,1,0,0,0,0,0,4.92732E+20,5.54127E+21,8.89854E+15,5.00237E+16
144734,6,4,11,0,2018,6,11,1,3,0,6,0,1,1,0,0,0,0,0,4.74734E+20,5.5184E+21,8.64877E+15,4.98175E+16
144735,6,4,33,14,2018,6,21,1,3,1,2,0,0,1,0,0,0,0,0,4.55784E+20,5.53186E+21,8.38383E+15,4.99375E+16
144736,6,4,34,1,2018,6,18,6,3,5,3,0,1,1,0,0,0,0,0,4.72511E+20,5.56487E+21,8.61454E+15,5.02354E+16
144737,6,5,33,9,2018,6,18,7,3,0,7,0,0,1,0,0,0,0,0,4.33723E+20,5.5819E+21,8.06773E+15,5.03854E+16
144738,6,4,31,7,2018,6,15,6,3,6,7,0,1,0,1,0,0,0,0,4.84066E+20,5.49975E+21,8.77927E+15,4.96501E+16
144739,6,4,14,0,2018,6,17,7,3,4,6,0,0,1,0,1,0,0,0,4.43434E+20,5.54748E+21,8.20944E+15,5.00769E+16
144740,6,4,31,11,2018,6,20,6,3,1,7,0,0,0,0,1,1,0,0,4.7242E+20,5.49921E+21,8.61797E+15,4.96448E+16
144741,6,4,35,1,2018,6,13,6,3,5,3,0,1,1,0,0,0,0,0,5.24889E+20,5.56383E+21,9.34892E+15,5.02261E+16
144742,6,4,14,0,2018,6,20,7,3,6,4,0,0,1,1,0,0,0,0,4.45216E+20,5.54789E+21,8.23429E+15,5.00807E+16
144743,6,4,40,16,2018,6,11,6,2,5,3,0,1,1,0,0,0,0,0,5.00249E+20,5.58459E+21,9.0035E+15,5.04133E+16
144744,6,4,13,0,2018,6,16,7,3,2,6,0,0,1,0,0,0,0,0,4.83304E+20,5.55036E+21,8.76653E+15,5.01053E+16
144745,6,4,13,0,2018,6,17,7,3,6,4,0,0,1,1,0,0,0,0,4.8316E+20,5.5505E+21,8.7645E+15,5.01065E+16
144746,6,5,32,12,2018,6,12,6,3,5,7,0,0,1,0,0,0,1,0,4.50283E+20,5.61431E+21,8.29632E+15,5.06785E+16
144747,6,4,12,0,2018,6,14,7,3,2,6,0,0,1,0,0,0,0,0,4.75218E+20,5.56056E+21,8.65279E+15,5.01967E+16
144748,6,5,32,6,2018,6,10,6,2,5,3,0,0,1,0,1,0,0,0,4.5081E+20,5.61855E+21,8.30322E+15,5.07167E+16
144749,6,4,32,10,2018,6,18,6,3,5,3,0,1,1,0,0,0,0,0,4.94128E+20,5.52426E+21,8.91829E+15,4.98707E+16
144750,6,4,12,0,2018,6,14,7,3,3,6,0,0,1,0,1,0,0,0,4.77072E+20,5.5502E+21,8.67938E+15,5.01036E+16
144751,6,4,32,4,2018,6,7,6,3,5,3,0,0,1,0,0,0,0,0,4.87683E+20,5.5279E+21,8.82848E+15,4.99034E+16
144752,6,4,32,23,2018,6,19,7,3,0,4,0,0,0,1,0,0,1,0,4.71156E+20,5.52742E+21,8.59837E+15,4.98985E+16
144753,6,4,32,18,2018,6,18,6,3,0,6,0,0,1,1,0,0,0,0,4.67739E+20,5.51593E+21,8.55176E+15,4.9795E+16
144754,6,4,31,21,2018,6,7,6,3,4,6,0,0,1,0,0,0,1,0,4.86773E+20,5.49143E+21,8.81704E+15,4.95753E+16
144755,6,4,37,1,2018,6,17,7,2,6,4,0,0,1,1,0,0,0,0,5.00614E+20,5.50981E+21,9.00853E+15,4.97407E+16
144756,6,4,33,6,2018,6,12,6,3,6,4,0,0,1,1,0,0,0,0,4.62995E+20,5.52987E+21,8.4845E+15,4.99201E+16
144757,6,6,35,1,2018,6,20,7,3,0,1,0,1,0,0,0,0,0,0,4.77759E+20,5.65244E+21,8.68288E+15,5.10231E+16
144758,6,6,31,15,2018,6,9,6,3,0,1,0,0,0,0,1,0,0,1,5.54271E+20,5.61356E+21,9.76802E+15,5.06714E+16
144759,6,4,38,6,2018,6,17,7,3,3,6,0,1,1,0,0,0,0,0,4.76932E+20,5.5381E+21,8.67816E+15,4.99947E+16
144760,6,5,33,1,2018,6,17,7,3,6,4,0,1,0,1,0,0,0,0,4.37859E+20,5.58996E+21,8.12457E+15,5.04583E+16
144761,6,4,35,11,2018,6,9,6,3,4,6,0,1,1,0,0,0,0,0,4.98293E+20,5.54783E+21,8.97615E+15,5.00827E+16
144762,6,4,31,16,2018,6,19,7,3,0,1,0,1,0,0,0,0,0,0,4.68818E+20,5.50093E+21,8.56794E+15,4.96601E+16
144763,6,4,35,14,2018,6,12,6,3,6,4,0,0,1,1,0,0,0,0,4.95896E+20,5.55043E+21,8.9426E+15,5.01061E+16
144764,6,6,35,15,2018,6,12,5,2,5,7,0,1,1,0,0,0,0,0,4.91765E+20,5.67956E+21,8.88196E+15,5.12674E+16
144765,6,5,33,9,2018,6,15,5,3,5,3,0,0,1,0,0,0,0,0,4.32923E+20,5.58176E+21,8.05651E+15,5.0384E+16
144766,6,4,35,15,2018,6,19,7,2,5,3,0,0,1,0,1,0,0,0,5.09206E+20,5.557E+21,9.1289E+15,5.01652E+16
144767,6,4,32,18,2018,6,14,7,3,5,3,0,1,1,0,0,0,0,0,4.71053E+20,5.51666E+21,8.59774E+15,4.98017E+16
144768,6,4,13,0,2018,6,18,5,3,6,6,0,1,1,1,0,0,0,0,4.82722E+20,5.54827E+21,8.75847E+15,5.00864E+16
144769,6,4,32,18,2018,6,9,7,3,5,2,0,1,1,0,0,0,0,0,4.71333E+20,5.5178E+21,8.60155E+15,4.98119E+16
144770,6,5,34,12,2018,6,10,7,3,0,2,0,0,1,1,0,0,0,0,4.78968E+20,5.63463E+21,8.70114E+15,5.0863E+16
144771,6,6,31,9,2018,6,10,7,3,2,6,0,0,1,0,0,0,0,0,5.47987E+20,5.60048E+21,9.6774E+15,5.05543E+16
144772,6,4,13,0,2018,6,16,5,3,0,7,0,0,1,0,1,0,0,0,4.81301E+20,5.55083E+21,8.73849E+15,5.01094E+16
144773,6,5,31,14,2018,6,17,7,2,5,3,0,0,1,0,1,0,0,0,4.79199E+20,5.59795E+21,8.7065E+15,5.05331E+16
144774,6,4,12,0,2018,6,20,5,3,5,3,1,1,1,0,0,0,0,0,4.74243E+20,5.55667E+21,8.6394E+15,5.01617E+16
144775,6,5,31,13,2018,6,12,6,2,6,4,0,0,1,1,0,0,0,0,4.79532E+20,5.61239E+21,8.7104E+15,5.0663E+16
144776,6,4,12,0,2018,6,21,5,3,0,3,1,0,1,0,1,0,0,0,4.75443E+20,5.5518E+21,8.65651E+15,5.01179E+16
144777,6,4,12,0,2018,6,9,5,3,3,2,0,1,1,0,0,0,0,0,4.75487E+20,5.55101E+21,8.65718E+15,5.01108E+16
144778,6,5,33,9,2018,6,19,6,3,5,3,0,0,1,0,0,0,0,0,4.35376E+20,5.58144E+21,8.09106E+15,5.03814E+16
144779,6,4,12,0,2018,6,22,5,3,6,7,2,1,0,1,0,0,0,0,4.77675E+20,5.55063E+21,8.68779E+15,5.01075E+16
144780,6,4,13,0,2018,6,14,6,3,5,3,0,0,1,0,0,0,0,0,4.81777E+20,5.54756E+21,8.74531E+15,5.008E+16
144781,6,4,12,0,2018,6,16,6,3,6,4,0,0,0,1,1,0,0,0,4.76964E+20,5.55199E+21,8.67776E+15,5.01197E+16
144782,6,4,12,0,2018,6,13,5,3,0,1,0,1,0,0,0,0,0,0,4.77092E+20,5.55016E+21,8.67966E+15,5.01033E+16
144783,6,4,11,0,2018,6,7,6,2,5,3,0,1,1,0,0,0,0,0,4.75088E+20,5.52963E+21,8.65297E+15,4.99185E+16
144784,6,4,12,0,2018,6,14,5,3,4,6,0,1,0,0,0,0,0,0,4.75669E+20,5.55202E+21,8.65965E+15,5.01199E+16
144785,6,4,37,11,2018,6,9,6,3,4,6,0,0,1,0,1,0,0,0,5.00198E+20,5.50369E+21,9.00274E+15,4.96857E+16
144786,6,4,11,0,2018,6,17,5,3,5,3,0,0,1,0,1,0,0,0,4.74358E+20,5.52414E+21,8.64317E+15,4.98691E+16
144787,6,4,11,0,2018,6,18,5,3,3,6,0,0,1,0,0,0,0,0,4.73679E+20,5.52407E+21,8.63374E+15,4.98685E+16
144788,6,6,11,0,2018,6,16,5,3,5,3,0,1,1,0,0,0,0,0,5.33151E+20,5.6825E+21,9.47544E+15,5.12929E+16
144789,6,6,35,3,2018,6,18,6,3,5,1,0,0,1,0,1,0,0,0,5.08463E+20,5.6629E+21,9.12091E+15,5.11175E+16
144790,6,6,34,2,2018,6,19,6,3,2,6,0,0,1,0,0,0,0,0,5.29668E+20,5.67367E+21,9.42477E+15,5.12136E+16
144791,6,6,32,18,2018,6,16,5,2,6,4,0,0,1,1,0,0,0,0,5.51446E+20,5.64932E+21,9.73307E+15,5.09932E+16
144792,6,4,38,11,2018,6,13,6,3,1,5,0,0,1,0,1,0,0,0,4.9023E+20,5.53838E+21,8.86368E+15,4.99977E+16
144793,6,4,34,7,2018,6,19,6,3,3,6,0,0,1,0,0,0,0,0,4.65397E+20,5.57363E+21,8.514E+15,5.03138E+16
144794,6,6,32,18,2018,6,10,5,3,5,3,0,0,1,0,0,0,0,0,5.50756E+20,5.64958E+21,9.72327E+15,5.09956E+16
144795,6,4,34,1,2018,6,19,6,3,6,4,0,0,1,1,0,0,0,0,4.70418E+20,5.56526E+21,8.58517E+15,5.02387E+16
144796,6,4,39,15,2018,6,14,5,2,6,3,0,0,1,1,0,0,0,0,4.42016E+20,5.55597E+21,8.18835E+15,5.01531E+16
144797,6,4,38,2,2018,6,16,5,3,3,6,0,1,1,0,0,0,0,0,4.78188E+20,5.54161E+21,8.69548E+15,5.00264E+16
144798,6,4,40,12,2018,6,15,6,3,8,7,0,0,1,1,0,0,0,0,4.84113E+20,5.56383E+21,8.77728E+15,5.02264E+16
144799,6,4,36,7,2018,6,17,5,2,6,4,0,0,0,1,0,0,1,0,4.59714E+20,5.54702E+21,8.43701E+15,5.00741E+16
144800,6,4,40,3,2018,6,19,6,3,0,7,0,0,1,0,0,0,0,0,4.80951E+20,5.55976E+21,8.73315E+15,5.01897E+16
144801,6,4,40,2,2018,6,15,6,3,6,4,0,0,1,1,0,0,0,0,4.81331E+20,5.57911E+21,8.73751E+15,5.03638E+16
144802,6,4,36,8,2018,6,19,5,2,6,3,0,0,1,1,0,0,0,0,4.6065E+20,5.55364E+21,8.4494E+15,5.01337E+16
144803,6,4,40,8,2018,6,10,6,2,6,7,0,0,1,1,0,0,0,0,4.81955E+20,5.57589E+21,8.74644E+15,5.03348E+16
144804,6,5,32,23,2018,6,18,6,3,5,3,0,0,1,0,0,0,0,0,4.66782E+20,5.60161E+21,8.53097E+15,5.05654E+16
144805,6,5,32,11,2018,6,12,5,3,2,6,0,0,1,0,0,1,0,0,4.43108E+20,5.62177E+21,8.19363E+15,5.07449E+16
144806,6,5,31,5,2018,6,22,5,3,0,7,2,1,0,0,0,0,0,1,4.79151E+20,5.60577E+21,8.70538E+15,5.06035E+16
144807,6,4,32,2,2018,6,17,5,3,0,7,0,1,0,0,0,0,0,0,4.94899E+20,5.53266E+21,8.9289E+15,4.99463E+16
144808,6,4,32,19,2018,6,13,5,3,6,4,0,0,1,1,0,0,0,0,4.84875E+20,5.52147E+21,8.78963E+15,4.98455E+16
144809,6,6,35,15,2018,6,14,5,3,2,6,0,0,1,0,1,0,0,0,4.9176E+20,5.67959E+21,8.88188E+15,5.12676E+16
144810,6,4,31,13,2018,6,16,5,3,2,6,0,0,1,0,0,0,0,0,4.62436E+20,5.49359E+21,8.48023E+15,4.95937E+16
144811,6,6,35,15,2018,6,21,5,3,5,3,1,0,1,0,1,0,0,1,4.90578E+20,5.68073E+21,8.86491E+15,5.12779E+16
144812,6,4,33,10,2018,6,23,5,3,1,1,2,0,1,0,0,0,0,0,4.60243E+20,5.53916E+21,8.44522E+15,5.00034E+16
144813,6,4,13,0,2018,6,23,5,3,6,4,2,0,0,1,0,0,1,0,4.8229E+20,5.55112E+21,8.75231E+15,5.01121E+16
144814,6,4,33,2,2018,6,14,5,3,5,3,0,1,0,1,0,0,0,0,4.53931E+20,5.5369E+21,8.35741E+15,4.99827E+16
144815,6,4,36,3,2018,6,7,5,3,0,6,0,1,1,0,0,0,0,0,4.69495E+20,5.55386E+21,8.57314E+15,5.01362E+16
144816,6,6,31,18,2018,6,17,5,3,5,3,0,0,1,0,1,0,0,0,5.43591E+20,5.58943E+21,9.61406E+15,5.04553E+16
144817,6,6,31,20,2018,6,12,5,3,5,3,0,1,1,0,0,0,0,0,5.49493E+20,5.60121E+21,9.69877E+15,5.05607E+16
144818,6,4,12,0,2018,6,11,5,3,5,3,0,1,1,0,0,0,0,0,4.63355E+20,5.54947E+21,8.48766E+15,5.00964E+16
144819,6,6,31,6,2018,6,17,5,2,5,3,0,1,0,0,1,0,0,0,5.50556E+20,5.59275E+21,9.71263E+15,5.04846E+16
144820,6,4,12,0,2018,6,4,5,3,5,3,2,0,1,0,1,0,0,0,4.74816E+20,5.54741E+21,8.64803E+15,5.00784E+16
144821,6,5,31,5,2018,6,7,5,3,2,6,0,0,1,0,0,0,1,0,4.77109E+20,5.60255E+21,8.67672E+15,5.05745E+16
144822,6,5,31,14,2018,6,18,5,3,5,3,0,1,1,0,0,0,0,0,4.80863E+20,5.59554E+21,8.7301E+15,5.05115E+16
144823,6,4,12,0,2018,6,17,5,3,2,6,0,1,1,0,0,0,0,0,4.76812E+20,5.55063E+21,8.67573E+15,5.01075E+16
144824,6,4,35,14,2018,6,9,5,2,0,7,0,1,1,0,0,0,0,0,4.96465E+20,5.54973E+21,8.95058E+15,5.00998E+16
144825,6,6,35,3,2018,6,11,5,3,0,7,0,0,0,1,0,1,0,0,5.05052E+20,5.66259E+21,9.07218E+15,5.11148E+16
144826,6,6,35,20,2018,6,10,5,3,3,6,0,0,1,0,1,0,0,0,5.08285E+20,5.69531E+21,9.11913E+15,5.14089E+16
144827,6,4,14,0,2018,6,17,4,3,5,2,0,1,1,0,0,0,0,0,4.4984E+20,5.54068E+21,8.29986E+15,5.00163E+16
144828,6,6,11,0,2018,6,19,5,3,6,4,0,0,0,1,0,0,1,0,5.32765E+20,5.68363E+21,9.47E+15,5.1303E+16
144829,6,4,36,3,2018,6,15,4,3,5,3,0,0,1,0,1,0,0,0,4.69238E+20,5.55354E+21,8.56957E+15,5.01333E+16
144830,6,4,39,4,2018,6,19,5,3,5,3,0,0,1,0,0,0,0,0,4.25132E+20,5.53971E+21,7.95522E+15,5.0005E+16
144831,6,4,12,0,2018,6,15,4,3,5,2,0,0,1,0,0,0,0,0,4.74215E+20,5.55974E+21,8.63878E+15,5.01893E+16
144832,6,4,12,0,2018,6,17,4,3,6,7,0,0,1,1,0,0,0,0,4.74764E+20,5.55266E+21,8.64695E+15,5.01256E+16
144833,6,4,38,6,2018,6,19,5,3,1,5,0,1,1,0,0,0,0,0,4.76598E+20,5.53762E+21,8.67353E+15,4.99905E+16
144834,6,4,12,0,2018,6,10,4,3,5,3,0,1,1,0,0,0,0,0,4.74914E+20,5.55485E+21,8.64891E+15,5.01454E+16
144835,6,4,34,1,2018,6,7,5,3,5,2,0,0,1,0,1,0,0,0,4.72363E+20,5.56444E+21,8.61251E+15,5.02315E+16
144836,6,4,31,11,2018,6,16,5,3,0,2,0,1,1,0,0,0,0,0,4.7241E+20,5.49917E+21,8.61783E+15,4.96445E+16
144837,6,4,12,0,2018,6,16,4,3,5,3,0,0,1,0,1,0,0,0,4.78004E+20,5.55588E+21,8.69209E+15,5.01548E+16
144838,6,4,32,11,2018,6,13,5,2,7,7,0,0,0,0,1,0,0,0,4.8737E+20,5.5248E+21,8.82422E+15,4.98754E+16
144839,6,4,12,0,2018,6,8,4,3,2,6,0,0,1,0,0,0,0,0,4.74445E+20,5.54883E+21,8.64274E+15,5.00912E+16
144840,6,4,32,8,2018,6,9,5,3,5,3,0,1,1,0,0,0,0,0,4.67912E+20,5.52416E+21,8.55347E+15,4.9869E+16
144841,6,4,31,2,2018,6,11,5,3,6,7,0,0,0,1,0,0,1,0,4.71768E+20,5.50352E+21,8.60863E+15,4.96835E+16
144842,6,4,12,0,2018,6,11,4,3,2,2,0,0,1,0,0,0,0,0,4.78502E+20,5.55411E+21,8.69917E+15,5.01388E+16
144843,6,5,35,17,2018,6,11,5,3,5,3,0,0,1,0,0,0,0,0,5.24183E+20,5.61563E+21,9.34237E+15,5.0692E+16
144844,6,4,12,0,2018,6,9,4,3,7,7,0,1,0,0,0,1,0,0,4.78984E+20,5.55297E+21,8.70598E+15,5.01286E+16
144845,6,4,33,12,2018,6,15,5,3,5,3,0,1,0,0,0,0,0,0,4.59574E+20,5.53854E+21,8.43594E+15,4.99978E+16
144846,6,4,12,0,2018,6,5,4,3,0,1,1,1,0,0,0,0,0,0,4.76389E+20,5.5525E+21,8.66969E+15,5.01242E+16
144847,6,4,12,0,2018,6,0,4,3,5,3,2,0,1,0,0,0,0,0,4.76116E+20,5.55198E+21,8.66591E+15,5.01196E+16
144848,6,5,31,5,2018,6,13,5,3,3,6,0,1,1,0,0,0,0,0,4.76381E+20,5.60292E+21,8.66642E+15,5.05778E+16
144849,6,4,11,0,2018,6,17,4,3,2,6,0,0,1,0,0,0,0,0,4.75594E+20,5.52664E+21,8.66021E+15,4.98917E+16
144850,6,4,35,14,2018,6,12,5,3,5,3,0,1,1,0,0,0,0,0,4.92558E+20,5.55103E+21,8.89591E+15,5.01115E+16
144851,6,5,31,16,2018,6,14,5,2,5,3,0,0,1,0,0,1,0,0,4.87405E+20,5.6061E+21,8.82201E+15,5.06066E+16