OBJECTID_1,ULAND,UREGBEZ,UKREIS,UGEMEINDE,UJAHR,UMONAT,USTUNDE,UWOCHENTAG,UKATEGORIE,UART,UTYP1,ULICHTVERH,IstRad,IstPKW,IstFuss,IstKrad,IstGkfz,IstSonstig,STRZUSTAND,LINREFX,LINREFY,XGCSWGS84,YGCSWGS84
145040,6,6,36,14,2018,7,17,3,3,2,6,0,0,1,0,0,0,0,0,5.68314E+20,5.66599E+21,9.97654E+15,5.11413E+16
145041,6,5,31,11,2018,6,7,6,2,5,2,0,1,1,0,0,0,0,0,4.87174E+20,5.59602E+21,8.81908E+15,5.0516E+16
145042,6,4,12,0,2018,7,11,2,3,6,4,0,0,1,1,0,0,0,0,4.76083E+20,5.55078E+21,8.66553E+15,5.01088E+16
145043,6,5,31,16,2018,6,18,6,3,2,6,0,0,0,0,1,0,0,0,4.88036E+20,5.60658E+21,8.8309E+15,5.0611E+16
145044,6,6,32,11,2018,6,10,5,2,5,3,0,1,1,0,0,0,0,0,5.40219E+20,5.63143E+21,9.57113E+15,5.08332E+16
145045,6,4,14,0,2018,6,15,5,3,2,6,0,0,1,0,0,0,0,0,4.4934E+20,5.54076E+21,8.29286E+15,5.0017E+16
145046,6,4,40,2,2018,6,12,7,3,5,2,0,0,1,0,1,0,0,0,4.82011E+20,5.57952E+21,8.74706E+15,5.03675E+16
145047,6,4,11,0,2018,7,1,3,3,0,1,2,1,0,0,0,0,0,0,4.75431E+20,5.52437E+21,8.6581E+15,4.98712E+16
145048,6,4,14,0,2018,6,10,5,3,3,2,0,1,1,0,0,0,0,0,4.49109E+20,5.54098E+21,8.28961E+15,5.0019E+16
145049,6,4,14,0,2018,6,15,5,3,5,3,0,1,1,0,0,0,0,0,4.4536E+20,5.54426E+21,8.23682E+15,5.00481E+16
145050,6,4,34,2,2018,7,13,2,3,2,6,0,0,1,0,0,0,0,0,4.74972E+20,5.56886E+21,8.6488E+15,5.02714E+16
145051,6,4,13,0,2018,6,15,5,3,2,6,0,0,1,0,1,0,0,0,4.84292E+20,5.54988E+21,8.78036E+15,5.01009E+16
145052,6,4,12,0,2018,7,8,3,3,6,7,0,1,0,1,0,0,0,0,4.75235E+20,5.55165E+21,8.65361E+15,5.01166E+16
145053,6,4,12,0,2018,6,22,5,3,0,6,2,0,1,0,1,0,0,0,4.72728E+20,5.55001E+21,8.61865E+15,5.01017E+16
145054,6,4,12,0,2018,6,9,5,3,1,7,0,0,1,0,1,0,0,0,4.76579E+20,5.55352E+21,8.67229E+15,5.01335E+16
145055,6,4,11,0,2018,7,8,2,3,5,7,0,0,1,0,0,0,0,0,4.77098E+20,5.52842E+21,8.68105E+15,4.99077E+16
145056,6,4,12,0,2018,6,15,5,3,5,3,0,0,1,0,0,0,0,0,4.76652E+20,5.54959E+21,8.67355E+15,5.00981E+16
145057,6,4,40,8,2018,7,19,1,3,5,2,0,0,1,0,1,0,0,0,4.8303E+20,5.57541E+21,8.76157E+15,5.03305E+16
145058,6,4,12,0,2018,6,16,5,3,3,2,0,1,1,0,0,0,0,0,4.79659E+20,5.55267E+21,8.71543E+15,5.01259E+16
145059,6,4,12,0,2018,6,19,5,3,3,6,0,0,1,0,0,0,0,0,4.75983E+20,5.55072E+21,8.66413E+15,5.01082E+16
145060,6,4,34,1,2018,7,8,3,3,5,3,0,1,1,0,0,0,0,0,4.7196E+20,5.56299E+21,8.60696E+15,5.02184E+16
145061,6,4,12,0,2018,6,15,5,3,5,2,0,1,0,0,0,0,1,0,4.73896E+20,5.55024E+21,8.63497E+15,5.01038E+16
145062,6,4,11,0,2018,6,16,5,3,3,3,0,0,1,0,1,0,0,0,4.75878E+20,5.52731E+21,8.66413E+15,4.98977E+16
145063,6,4,38,5,2018,7,15,1,3,1,5,0,1,1,0,0,0,0,0,4.86022E+20,5.54576E+21,8.8047E+15,5.00639E+16
145064,6,4,33,5,2018,7,8,2,2,5,3,0,1,1,0,0,0,0,0,4.52523E+20,5.53607E+21,8.33788E+15,4.9975E+16
145065,6,5,34,10,2018,7,15,1,3,6,7,0,0,1,1,0,0,0,0,4.70383E+20,5.62407E+21,8.58001E+15,5.07676E+16
145066,6,4,11,0,2018,6,10,5,3,5,3,0,1,1,0,0,0,0,0,4.72808E+20,5.5241E+21,8.62161E+15,4.98687E+16
145067,6,4,11,0,2018,6,14,5,3,0,1,0,1,0,0,0,0,0,0,4.76254E+20,5.52531E+21,8.66948E+15,4.98798E+16
145068,6,4,11,0,2018,7,14,4,3,5,3,0,1,1,0,0,0,0,0,4.76199E+20,5.52539E+21,8.66871E+15,4.98804E+16
145069,6,6,11,0,2018,7,17,1,3,5,3,0,0,1,0,0,0,0,0,5.29909E+20,5.68389E+21,9.42907E+15,5.13056E+16
145070,6,4,39,12,2018,6,11,5,3,5,3,0,1,1,0,0,0,0,0,4.30784E+20,5.54048E+21,8.03394E+15,5.00126E+16
145071,6,4,12,0,2018,7,18,4,3,6,6,0,1,0,1,0,0,0,0,4.73494E+20,5.54793E+21,8.62951E+15,5.00831E+16
145072,6,4,38,9,2018,6,19,5,3,6,4,0,0,1,1,0,0,0,0,4.77798E+20,5.54473E+21,8.68985E+15,5.00544E+16
145073,6,4,33,9,2018,7,18,3,3,5,3,0,0,1,0,0,0,0,0,4.60718E+20,5.53293E+21,8.45248E+15,4.99474E+16
145074,6,4,38,2,2018,6,17,5,3,5,3,0,0,1,0,0,0,0,0,4.81463E+20,5.5367E+21,8.74144E+15,4.99823E+16
145075,6,4,38,6,2018,6,11,5,3,0,2,0,1,1,0,0,0,0,0,4.76323E+20,5.53794E+21,8.66967E+15,4.99933E+16
145076,6,4,34,1,2018,7,16,1,2,1,7,0,0,1,0,0,0,0,0,4.71169E+20,5.56412E+21,8.59579E+15,5.02285E+16
145077,6,4,36,3,2018,7,14,1,3,0,1,0,1,0,0,0,0,0,0,4.6797E+20,5.55654E+21,8.55157E+15,5.01602E+16
145078,6,4,38,5,2018,6,7,5,3,5,3,0,1,0,0,1,0,0,0,4.86244E+20,5.54526E+21,8.80782E+15,5.00595E+16
145079,6,4,33,12,2018,6,16,7,3,9,1,0,0,0,0,1,0,0,0,4.58006E+20,5.53765E+21,8.41416E+15,4.99897E+16
145080,6,4,40,25,2018,7,10,4,2,4,2,0,0,0,0,1,0,1,0,4.83719E+20,5.56999E+21,8.77148E+15,5.02818E+16
145081,6,5,33,15,2018,6,15,5,3,5,3,0,0,1,0,0,0,1,0,4.42301E+20,5.58249E+21,8.18828E+15,5.03916E+16
145082,6,4,13,0,2018,7,8,2,3,5,2,0,1,1,0,0,0,0,0,4.83164E+20,5.55056E+21,8.76455E+15,5.0107E+16
145083,6,4,31,4,2018,6,17,5,3,6,7,0,0,1,1,0,0,0,0,4.79288E+20,5.49026E+21,8.71357E+15,4.95646E+16
145084,6,4,31,16,2018,6,10,5,3,5,3,0,0,1,0,0,0,0,0,4.6814E+20,5.49999E+21,8.55863E+15,4.96516E+16
145085,6,5,33,9,2018,7,14,2,3,0,7,0,0,1,0,0,0,0,0,4.33735E+20,5.58299E+21,8.06771E+15,5.03952E+16
145086,6,4,40,3,2018,6,17,5,3,2,6,0,0,1,0,1,0,0,0,4.80405E+20,5.56022E+21,8.72548E+15,5.01939E+16
145087,6,4,37,4,2018,6,11,5,3,5,3,0,0,1,0,1,0,0,0,5.02257E+20,5.51825E+21,9.03138E+15,4.98167E+16
145088,6,5,32,8,2018,6,15,5,3,4,6,0,0,1,0,1,0,0,0,4.56607E+20,5.60535E+21,8.38687E+15,5.05984E+16
145089,6,4,31,5,2018,6,12,5,3,5,3,0,1,1,0,0,0,0,0,4.6043E+20,5.49862E+21,8.45196E+15,4.96388E+16
145090,6,5,33,9,2018,7,8,3,3,5,6,0,0,1,0,1,0,0,0,4.34403E+20,5.58334E+21,8.07704E+15,5.03984E+16
145091,6,4,33,12,2018,6,14,5,3,5,3,0,1,1,0,0,0,0,0,4.59886E+20,5.53657E+21,8.4405E+15,4.99801E+16
145092,6,4,12,0,2018,7,18,2,3,2,6,0,0,1,0,1,0,1,0,4.77967E+20,5.55254E+21,8.69176E+15,5.01247E+16
145093,6,6,34,9,2018,6,9,7,2,5,3,0,0,1,0,1,0,0,0,5.28151E+20,5.65361E+21,9.40147E+15,5.10333E+16
145094,6,4,11,0,2018,7,16,1,3,2,6,0,0,1,0,1,0,0,0,4.75625E+20,5.52489E+21,8.66076E+15,4.98759E+16
145095,6,6,31,9,2018,6,17,5,3,8,6,0,0,0,0,1,0,1,0,5.47338E+20,5.59912E+21,9.66808E+15,5.05421E+16
145096,6,4,35,7,2018,6,14,4,3,7,1,0,1,0,0,0,0,0,0,4.99005E+20,5.5568E+21,8.98606E+15,5.01634E+16
145097,6,4,14,0,2018,6,14,4,3,5,5,0,0,1,0,1,0,0,0,4.5019E+20,5.53992E+21,8.30485E+15,5.00095E+16
145098,6,4,14,0,2018,6,21,4,3,5,3,1,0,1,0,0,1,0,0,4.47555E+20,5.54563E+21,8.26729E+15,5.00607E+16
145099,6,4,12,0,2018,6,7,4,3,5,3,0,0,1,0,0,0,0,0,4.78535E+20,5.55608E+21,8.69951E+15,5.01566E+16
145100,6,4,12,0,2018,7,10,3,3,1,5,0,1,1,0,0,0,0,0,4.76215E+20,5.5506E+21,8.66738E+15,5.01072E+16
145101,6,4,12,0,2018,6,15,4,3,0,6,0,0,0,0,1,1,0,0,4.81758E+20,5.55241E+21,8.74481E+15,5.01237E+16
145102,6,4,12,0,2018,6,18,4,3,6,4,0,1,0,1,0,0,0,0,4.77722E+20,5.55324E+21,8.68829E+15,5.0131E+16
145103,6,4,38,6,2018,7,13,2,3,2,6,0,0,1,0,0,0,1,0,4.74847E+20,5.53862E+21,8.64903E+15,4.99994E+16
145104,6,6,32,2,2018,6,13,7,3,4,6,0,0,1,0,0,0,1,0,5.50336E+20,5.63564E+21,9.71536E+15,5.08703E+16
145105,6,4,12,0,2018,6,13,4,3,5,3,0,1,1,0,0,0,0,0,4.7686E+20,5.55131E+21,8.67636E+15,5.01136E+16
145106,6,4,31,5,2018,7,13,1,3,0,1,0,1,0,0,0,0,0,0,4.62466E+20,5.49771E+21,8.48024E+15,4.96308E+16
145107,6,4,32,23,2018,6,12,4,2,5,2,0,1,1,0,0,0,0,0,4.71827E+20,5.53093E+21,8.60746E+15,4.99301E+16
145108,6,4,36,12,2018,7,20,4,3,5,3,0,0,1,0,1,0,0,0,4.66246E+20,5.55394E+21,8.52767E+15,5.01367E+16
145109,6,4,11,0,2018,6,17,4,3,5,3,0,1,1,0,0,0,0,0,4.7306E+20,5.52404E+21,8.62512E+15,4.98681E+16
145110,6,4,40,4,2018,7,15,3,2,5,3,0,0,1,0,1,0,0,0,5.08039E+20,5.569E+21,9.11281E+15,5.02731E+16
145111,6,4,14,0,2018,6,19,7,3,6,4,0,0,1,1,0,0,0,0,4.4553E+20,5.54736E+21,8.23875E+15,5.0076E+16
145112,6,4,11,0,2018,6,9,4,2,6,4,0,1,0,1,0,0,0,0,4.74382E+20,5.52481E+21,8.64346E+15,4.98751E+16
145113,6,4,38,13,2018,6,16,4,3,5,3,0,0,1,0,0,0,0,0,4.97946E+20,5.5434E+21,8.97132E+15,5.00429E+16
145114,6,4,38,2,2018,6,14,4,3,5,3,0,0,1,0,0,0,0,0,4.78046E+20,5.54092E+21,8.69353E+15,5.00202E+16
145115,6,6,32,20,2018,7,15,3,3,0,3,0,0,1,0,1,0,0,0,5.72078E+20,5.64447E+21,1.0026E+16,5.09474E+16
145116,6,4,38,2,2018,6,9,4,3,5,3,0,1,1,0,0,0,0,0,4.81463E+20,5.5367E+21,8.74144E+15,4.99823E+16
145117,6,4,34,10,2018,6,17,4,3,2,6,0,0,1,0,0,0,0,0,4.70545E+20,5.55746E+21,8.58756E+15,5.01686E+16
145118,6,4,31,20,2018,7,16,2,3,1,5,0,0,1,0,0,0,0,0,4.70168E+20,5.48885E+21,8.58757E+15,4.95516E+16
145119,6,4,14,0,2018,6,16,7,3,1,6,0,0,1,0,0,0,0,0,4.46754E+20,5.54789E+21,8.25579E+15,5.00809E+16
145120,6,4,34,5,2018,6,12,4,3,2,6,0,0,1,0,0,0,0,0,4.6205E+20,5.55901E+21,8.46846E+15,5.01821E+16
145121,6,4,34,1,2018,6,17,4,2,5,3,0,1,1,0,0,0,0,0,4.77125E+20,5.56383E+21,8.67931E+15,5.02262E+16
145122,6,4,12,0,2018,7,17,4,3,2,6,0,0,1,0,0,0,0,0,4.80968E+20,5.55142E+21,8.73381E+15,5.01147E+16
145123,6,4,40,8,2018,6,0,4,3,3,6,2,0,1,0,1,0,0,0,4.83943E+20,5.57489E+21,8.77442E+15,5.03259E+16
145124,6,5,32,23,2018,7,17,3,3,5,3,0,1,1,0,0,0,0,0,4.66988E+20,5.59988E+21,8.53403E+15,5.05499E+16
145125,6,4,12,0,2018,6,19,7,3,0,1,0,1,0,0,0,0,0,0,4.77442E+20,5.54844E+21,8.68467E+15,5.00878E+16
145126,6,4,31,20,2018,6,13,4,3,5,3,0,0,1,0,1,0,0,0,4.7081E+20,5.48791E+21,8.59651E+15,4.95431E+16
145127,6,4,31,5,2018,6,12,4,3,5,3,0,1,1,0,0,0,0,0,4.60441E+20,5.50027E+21,8.45194E+15,4.96537E+16
145128,6,4,12,0,2018,6,12,7,3,5,3,0,1,1,0,0,0,0,0,4.78172E+20,5.55296E+21,8.69461E+15,5.01284E+16
145129,6,5,35,1,2018,6,13,4,2,5,3,0,0,1,0,1,0,0,0,5.19656E+20,5.6225E+21,9.27865E+15,5.07539E+16
145130,6,4,35,14,2018,7,18,2,3,2,6,0,0,1,0,0,0,0,0,4.96073E+20,5.55075E+21,8.94508E+15,5.0109E+16
145131,6,4,33,10,2018,6,15,4,2,5,3,0,1,1,0,0,0,0,0,4.59616E+20,5.53964E+21,8.43642E+15,5.00077E+16
145132,6,4,35,14,2018,6,0,3,3,2,6,2,0,1,0,0,0,0,0,4.96143E+20,5.55523E+21,8.94601E+15,5.01493E+16
145133,6,6,34,8,2018,7,17,4,3,0,7,0,0,1,0,1,0,0,0,5.33866E+20,5.67354E+21,9.48485E+15,5.12122E+16
145134,6,4,14,0,2018,6,7,3,3,5,2,0,0,1,0,0,0,0,0,4.48983E+20,5.54106E+21,8.28784E+15,5.00197E+16
145135,6,4,14,0,2018,7,16,2,2,0,7,0,0,1,0,1,0,0,0,4.50192E+20,5.53991E+21,8.30487E+15,5.00095E+16
145136,6,4,12,0,2018,6,1,7,3,3,6,2,0,1,0,0,0,0,0,4.77676E+20,5.55143E+21,8.68775E+15,5.01147E+16
145137,6,4,13,0,2018,6,8,3,3,5,3,0,1,1,0,0,0,0,0,4.83094E+20,5.5498E+21,8.76361E+15,5.01003E+16
145138,6,4,36,3,2018,6,17,3,2,6,7,0,1,0,1,0,0,0,0,4.69036E+20,5.55479E+21,8.56664E+15,5.01446E+16
145139,6,4,36,1,2018,6,11,3,2,9,1,0,0,1,0,0,0,1,0,4.63664E+20,5.5565E+21,8.4913E+15,5.01596E+16
145140,6,4,12,0,2018,6,14,3,3,2,6,0,1,1,0,0,0,0,0,4.73933E+20,5.55046E+21,8.63547E+15,5.01058E+16
145141,6,4,12,0,2018,7,8,3,3,5,3,0,0,1,0,0,0,0,0,4.7519E+20,5.56054E+21,8.6524E+15,5.01965E+16
145142,6,4,12,0,2018,6,18,3,3,4,6,0,1,1,0,0,0,0,0,4.77467E+20,5.55214E+21,8.6848E+15,5.01211E+16
145143,6,4,12,0,2018,6,23,3,3,5,3,2,0,1,0,0,0,0,0,4.76622E+20,5.55104E+21,8.67304E+15,5.01111E+16
145144,6,5,34,14,2018,7,0,4,3,2,6,2,0,1,0,0,0,0,0,4.83792E+20,5.63179E+21,8.76982E+15,5.08376E+16
145145,6,4,11,0,2018,6,20,3,3,5,3,0,1,1,0,0,0,0,0,4.75197E+20,5.52734E+21,8.65465E+15,4.98979E+16
145146,6,4,12,0,2018,7,9,2,3,6,4,0,0,1,1,0,0,0,0,4.78251E+20,5.55308E+21,8.6957E+15,5.01295E+16
145147,6,4,11,0,2018,6,23,7,3,2,6,2,0,1,0,0,0,0,0,4.75651E+20,5.52669E+21,8.66101E+15,4.98921E+16
145148,6,4,11,0,2018,6,8,3,3,5,2,0,0,1,0,0,0,0,0,4.72566E+20,5.52433E+21,8.61823E+15,4.98708E+16
145149,6,4,11,0,2018,6,7,3,3,1,5,0,1,1,0,0,0,0,0,4.73724E+20,5.52478E+21,8.6343E+15,4.98749E+16
145150,6,6,35,3,2018,6,20,3,3,5,3,0,0,1,0,1,0,0,0,5.04438E+20,5.6554E+21,9.06332E+15,5.10501E+16
145151,6,6,35,2,2018,6,17,3,3,2,2,0,0,1,0,0,0,0,0,5.03502E+20,5.69099E+21,9.05031E+15,5.13701E+16
145152,6,4,11,0,2018,7,9,3,3,0,2,0,0,1,0,0,0,1,0,4.74439E+20,5.52346E+21,8.64435E+15,4.9863E+16
145153,6,6,35,11,2018,6,11,3,3,5,3,0,0,1,0,0,0,0,0,4.8558E+20,5.6563E+21,8.79424E+15,5.1058E+16
145154,6,4,38,4,2018,6,15,3,3,5,2,0,1,1,0,0,0,0,0,4.97333E+20,5.54662E+21,8.96273E+15,5.00718E+16
145155,6,4,35,19,2018,7,16,2,3,2,6,0,0,1,0,1,0,0,0,4.88318E+20,5.55564E+21,8.83648E+15,5.01529E+16
145156,6,6,33,13,2018,6,18,7,2,0,1,0,0,0,0,1,0,0,0,5.27232E+20,5.70471E+21,9.39226E+15,5.14929E+16
145157,6,4,38,2,2018,6,21,3,3,0,7,1,1,0,0,0,0,0,0,4.77911E+20,5.54064E+21,8.69167E+15,5.00177E+16
145158,6,4,38,6,2018,6,16,3,3,5,3,0,1,1,0,0,0,0,0,4.75483E+20,5.53833E+21,8.65793E+15,4.99968E+16
145159,6,4,11,0,2018,7,23,2,3,0,2,2,0,0,1,0,0,1,0,4.7469E+20,5.52487E+21,8.64775E+15,4.98757E+16
145160,6,4,39,4,2018,6,11,7,3,5,2,0,1,1,0,0,0,0,0,4.26615E+20,5.53804E+21,7.97623E+15,4.99902E+16
145161,6,4,34,1,2018,6,19,3,3,5,2,0,0,1,0,1,0,0,0,4.74536E+20,5.56373E+21,8.64301E+15,5.02252E+16
145162,6,4,40,12,2018,6,9,3,2,1,1,0,0,1,0,1,0,0,0,4.83158E+20,5.56401E+21,8.76388E+15,5.0228E+16
145163,6,4,40,5,2018,6,18,3,3,5,3,0,0,1,0,0,0,0,0,4.76782E+20,5.58669E+21,8.6731E+15,5.04318E+16
145164,6,4,34,1,2018,7,19,3,3,6,4,0,0,0,1,0,0,1,0,4.72523E+20,5.56402E+21,8.61478E+15,5.02277E+16
145165,6,4,38,2,2018,6,22,7,3,5,2,2,0,1,0,0,0,0,0,4.78476E+20,5.54133E+21,8.69952E+15,5.00239E+16
145166,6,4,38,1,2018,6,5,3,3,3,6,1,0,0,0,1,0,1,0,4.84692E+20,5.54053E+21,8.78632E+15,5.00169E+16
145167,6,4,31,5,2018,6,18,3,3,5,3,0,1,1,0,0,0,0,0,4.60282E+20,5.50108E+21,8.44966E+15,4.96609E+16
145168,6,4,33,8,2018,7,7,2,3,5,2,0,1,1,0,0,0,0,0,4.69999E+20,5.54011E+21,8.58127E+15,5.00126E+16
145169,6,4,38,6,2018,6,17,7,3,1,5,0,1,0,0,0,0,1,0,4.76158E+20,5.5371E+21,8.66742E+15,4.99858E+16
145170,6,4,31,20,2018,6,20,3,3,5,3,0,1,1,0,0,0,0,0,4.68859E+20,5.48794E+21,8.56954E+15,4.95433E+16
145171,6,6,11,0,2018,7,13,1,3,5,3,0,1,1,0,0,0,0,0,5.32568E+20,5.68253E+21,9.46708E+15,5.12931E+16
145172,6,4,33,8,2018,6,13,3,2,5,3,0,0,1,0,1,0,0,0,4.69713E+20,5.53941E+21,8.57734E+15,5.00063E+16
145173,6,4,12,0,2018,7,20,4,3,5,3,0,0,1,0,0,0,0,0,4.78234E+20,5.55291E+21,8.69547E+15,5.01281E+16
145174,6,4,33,6,2018,6,14,3,3,5,3,0,1,1,0,0,0,0,0,4.62853E+20,5.53025E+21,8.48249E+15,4.99235E+16
145175,6,5,33,6,2018,7,16,2,3,4,6,0,0,1,0,1,0,0,0,4.31499E+20,5.58468E+21,8.03594E+15,5.04102E+16
145176,6,4,34,8,2018,6,19,7,2,5,2,0,1,1,0,0,0,0,0,4.69654E+20,5.56112E+21,8.57479E+15,5.02015E+16
145177,6,4,12,0,2018,7,9,4,3,5,3,0,0,1,0,0,0,0,0,4.72408E+20,5.5514E+21,8.61408E+15,5.01142E+16
145178,6,6,31,20,2018,6,18,3,2,0,3,0,0,1,0,1,0,0,0,5.50259E+20,5.60064E+21,9.7095E+15,5.05555E+16
145179,6,4,33,8,2018,7,20,3,2,5,3,0,1,1,0,0,0,0,0,4.69522E+20,5.53668E+21,8.57488E+15,4.99817E+16
145180,6,4,40,5,2018,6,8,7,3,5,3,0,0,1,0,0,0,0,0,4.76249E+20,5.58643E+21,8.6656E+15,5.04294E+16
145181,6,4,35,14,2018,6,17,3,3,2,6,0,0,0,0,1,0,1,0,4.93247E+20,5.55312E+21,8.90552E+15,5.01303E+16
145182,6,5,31,7,2018,6,20,3,3,5,3,0,1,1,0,0,0,0,0,4.74179E+20,5.60409E+21,8.63524E+15,5.05882E+16
145183,6,4,14,0,2018,7,18,1,3,3,6,0,0,1,0,1,0,0,0,4.47657E+20,5.54566E+21,8.26871E+15,5.0061E+16
145184,6,4,40,24,2018,6,17,7,2,9,1,0,0,0,0,1,0,0,0,4.90903E+20,5.58622E+21,8.87192E+15,5.04279E+16
145185,6,4,35,7,2018,6,9,2,3,5,2,0,1,1,0,0,0,0,0,4.99502E+20,5.55604E+21,8.99303E+15,5.01566E+16
145186,6,5,33,9,2018,6,16,2,3,5,2,0,0,1,0,0,0,0,0,4.33627E+20,5.58037E+21,8.06664E+15,5.03716E+16
145187,6,4,12,0,2018,7,13,1,3,4,6,0,0,1,0,0,0,0,0,4.70963E+20,5.54977E+21,8.594E+15,5.00995E+16
145188,6,4,35,19,2018,7,21,4,2,5,3,0,1,1,0,0,0,0,0,4.8846E+20,5.55433E+21,8.83851E+15,5.01411E+16
145189,6,6,11,0,2018,6,8,2,3,5,2,0,1,0,0,0,0,0,1,5.33459E+20,5.6843E+21,9.48003E+15,5.1309E+16
145190,6,4,13,0,2018,7,10,2,3,5,3,0,0,1,0,0,0,0,0,4.81935E+20,5.55081E+21,8.74736E+15,5.01093E+16
145191,6,4,33,10,2018,6,11,7,3,5,3,0,1,1,0,0,0,0,0,4.59585E+20,5.53964E+21,8.43599E+15,5.00077E+16
145192,6,4,36,11,2018,6,10,2,3,2,6,0,0,1,0,0,0,0,0,4.66578E+20,5.55489E+21,8.53224E+15,5.01453E+16
145193,6,4,12,0,2018,6,21,2,3,5,3,1,0,1,0,0,0,0,0,4.67124E+20,5.5498E+21,8.54032E+15,5.00995E+16
145194,6,4,12,0,2018,6,17,6,2,6,2,0,0,1,1,0,0,0,0,4.76431E+20,5.55409E+21,8.67018E+15,5.01386E+16
145195,6,4,12,0,2018,6,19,2,3,3,2,0,0,1,0,0,0,1,0,4.73996E+20,5.5517E+21,8.63627E+15,5.01169E+16
145196,6,4,12,0,2018,6,7,2,3,3,2,0,1,1,0,0,0,0,0,4.76514E+20,5.55391E+21,8.67136E+15,5.0137E+16
145197,6,4,12,0,2018,6,18,2,3,5,3,0,1,1,0,0,0,0,0,4.77892E+20,5.55221E+21,8.69073E+15,5.01217E+16
145198,6,5,32,23,2018,6,19,7,2,5,3,0,1,1,0,0,0,0,0,4.70182E+20,5.59988E+21,8.57912E+15,5.05501E+16
145199,6,4,12,0,2018,6,14,2,3,6,4,0,1,0,1,0,0,0,0,4.77986E+20,5.55279E+21,8.69202E+15,5.01269E+16
145200,6,4,12,0,2018,6,8,2,3,2,6,0,0,1,0,0,0,0,0,4.77693E+20,5.55193E+21,8.68797E+15,5.01192E+16
145201,6,5,33,4,2018,7,10,3,3,5,6,0,0,0,0,1,0,0,0,4.2931E+20,5.59522E+21,8.00315E+15,5.05047E+16
145202,6,4,11,0,2018,6,12,2,3,5,3,0,1,1,0,0,0,0,0,4.74072E+20,5.52348E+21,8.63924E+15,4.98632E+16
145203,6,4,12,0,2018,7,9,2,3,6,4,0,0,1,1,0,0,0,0,4.74316E+20,5.55031E+21,8.64084E+15,5.01045E+16
145204,6,4,35,17,2018,6,17,7,3,2,6,0,0,1,0,0,0,0,0,5.01491E+20,5.55736E+21,9.02088E+15,5.01684E+16
145205,6,6,35,3,2018,6,5,2,3,0,1,0,0,0,0,1,0,0,1,5.09379E+20,5.6633E+21,9.13401E+15,5.11211E+16
145206,6,4,39,8,2018,6,17,2,3,5,3,0,0,1,0,0,0,1,0,4.45235E+20,5.56331E+21,8.23234E+15,5.02194E+16
145207,6,4,38,6,2018,6,19,2,3,5,3,0,1,1,0,0,0,0,0,4.75095E+20,5.53851E+21,8.6525E+15,4.99984E+16
145208,6,6,34,22,2018,7,7,3,3,2,6,0,0,1,0,0,0,0,0,5.16436E+20,5.63957E+21,9.23377E+15,5.09075E+16
145209,6,4,38,2,2018,6,12,2,2,5,3,0,1,1,0,0,0,0,0,4.81542E+20,5.53632E+21,8.74257E+15,4.99789E+16
145210,6,4,34,7,2018,6,23,2,3,1,5,2,0,1,0,0,0,0,0,4.65035E+20,5.57304E+21,8.50896E+15,5.03085E+16
145211,6,4,12,0,2018,7,12,3,3,3,6,0,1,0,0,0,0,0,0,4.78335E+20,5.55294E+21,8.69689E+15,5.01283E+16
145212,6,4,34,8,2018,6,14,2,3,6,4,0,0,1,0,0,0,1,0,4.701E+20,5.56121E+21,8.58103E+15,5.02023E+16
145213,6,4,34,8,2018,6,10,2,2,0,1,0,1,0,0,0,0,0,0,4.68852E+20,5.56196E+21,8.56348E+15,5.0209E+16
145214,6,6,35,11,2018,7,12,2,3,5,3,0,0,1,0,0,0,0,0,4.85478E+20,5.65635E+21,8.79278E+15,5.10585E+16
145215,6,6,32,9,2018,6,17,6,3,5,2,0,0,1,0,1,0,0,0,5.71657E+20,5.63783E+21,1.00187E+16,5.08877E+16
145216,6,4,31,11,2018,6,18,2,3,2,7,0,1,1,0,0,0,0,0,4.73204E+20,5.49853E+21,8.62888E+15,4.96387E+16
145217,6,4,33,1,2018,7,16,1,3,8,1,0,0,0,0,1,0,0,0,4.61709E+20,5.51475E+21,8.46809E+15,4.9784E+16
145218,6,4,40,12,2018,6,9,2,3,5,3,0,0,1,0,0,0,0,0,4.82952E+20,5.56408E+21,8.76098E+15,5.02286E+16
145219,6,4,14,0,2018,7,20,4,3,5,3,0,1,1,0,0,0,0,0,4.46464E+20,5.54847E+21,8.25165E+15,5.00861E+16
145220,6,4,38,1,2018,6,19,2,3,5,3,0,0,1,0,0,0,0,0,4.84073E+20,5.54035E+21,8.77769E+15,5.00153E+16
145221,6,4,34,1,2018,7,11,3,3,1,5,0,1,0,0,0,0,0,0,4.72958E+20,5.56621E+21,8.62072E+15,5.02475E+16
145222,6,4,14,0,2018,6,12,6,3,5,2,0,0,1,0,1,0,0,0,4.44849E+20,5.5443E+21,8.22968E+15,5.00484E+16
145223,6,4,33,11,2018,6,13,2,3,0,3,0,0,1,0,1,0,0,0,4.64016E+20,5.52054E+21,8.4996E+15,4.98362E+16
145224,6,6,31,11,2018,6,13,2,2,8,1,0,0,1,0,0,0,0,0,5.39492E+20,5.60265E+21,9.55773E+15,5.05744E+16
145225,6,4,35,14,2018,7,18,2,3,9,1,0,1,0,0,0,0,0,0,4.9518E+20,5.55292E+21,8.93257E+15,5.01285E+16
145226,6,4,12,0,2018,6,9,6,3,2,6,0,0,1,0,0,0,0,0,4.71754E+20,5.55095E+21,8.60497E+15,5.01102E+16
145227,6,4,35,14,2018,6,7,2,3,1,5,0,0,1,0,0,0,1,0,4.95059E+20,5.55277E+21,8.93087E+15,5.01272E+16