OBJECTID_1,ULAND,UREGBEZ,UKREIS,UGEMEINDE,UJAHR,UMONAT,USTUNDE,UWOCHENTAG,UKATEGORIE,UART,UTYP1,ULICHTVERH,IstRad,IstPKW,IstFuss,IstKrad,IstGkfz,IstSonstig,STRZUSTAND,LINREFX,LINREFY,XGCSWGS84,YGCSWGS84
145228,6,4,35,14,2018,6,11,2,3,5,3,0,0,1,0,0,0,0,0,4.97435E+20,5.55028E+21,8.96413E+15,5.01047E+16
145229,6,4,40,3,2018,7,23,2,3,7,7,2,1,0,0,0,0,1,0,4.80082E+20,5.56038E+21,8.72094E+15,5.01953E+16
145230,6,4,14,0,2018,6,12,1,3,1,3,0,1,1,0,0,0,0,0,4.45678E+20,5.5444E+21,8.24124E+15,5.00494E+16
145231,6,4,14,0,2018,6,16,1,2,8,2,0,0,0,0,1,0,0,0,4.44237E+20,5.54754E+21,8.22066E+15,5.00775E+16
145232,6,4,12,0,2018,7,9,4,3,3,6,0,0,1,0,1,0,0,0,4.77163E+20,5.54932E+21,8.68071E+15,5.00957E+16
145233,6,4,13,0,2018,6,17,1,3,5,3,0,1,1,0,0,0,0,0,4.82306E+20,5.54989E+21,8.75259E+15,5.0101E+16
145234,6,4,35,14,2018,7,17,3,3,5,3,0,1,1,0,0,0,0,0,4.94457E+20,5.55325E+21,8.92244E+15,5.01315E+16
145235,6,4,12,0,2018,6,5,1,3,5,3,0,0,1,0,0,0,1,0,4.74805E+20,5.54816E+21,8.64781E+15,5.00852E+16
145236,6,6,35,11,2018,6,2,1,3,8,1,2,0,1,0,0,0,0,0,4.84795E+20,5.65565E+21,8.78307E+15,5.10522E+16
145237,6,4,12,0,2018,7,19,1,2,2,6,0,0,1,0,1,0,0,0,4.67775E+20,5.54984E+21,8.54941E+15,5.01E+16
145238,6,4,38,9,2018,6,11,1,3,6,7,0,1,0,1,0,0,0,0,4.79039E+20,5.5454E+21,8.70716E+15,5.00605E+16
145239,6,4,36,8,2018,6,0,7,3,1,1,2,0,1,0,0,0,0,0,4.61269E+20,5.55365E+21,8.45806E+15,5.01339E+16
145240,6,4,31,10,2018,7,16,4,3,0,1,0,0,0,0,1,0,0,1,4.61942E+20,5.50728E+21,8.47206E+15,4.97168E+16
145241,6,4,36,8,2018,6,15,1,3,2,6,0,1,1,0,0,0,0,0,4.60989E+20,5.55371E+21,8.45414E+15,5.01343E+16
145242,6,4,11,0,2018,7,2,4,3,5,2,2,0,1,0,0,0,1,0,4.76288E+20,5.52526E+21,8.66997E+15,4.98792E+16
145243,6,5,32,17,2018,6,16,1,2,5,3,0,1,1,0,0,0,0,0,4.56348E+20,5.61547E+21,8.38202E+15,5.06894E+16
145244,6,6,11,0,2018,7,11,2,3,2,6,0,1,1,0,0,0,0,0,5.3443E+20,5.68495E+21,9.49402E+15,5.13148E+16
145245,6,4,32,8,2018,6,1,1,3,0,1,2,1,0,0,0,0,0,0,4.67404E+20,5.52402E+21,8.54642E+15,4.98677E+16
145246,6,4,33,8,2018,6,14,1,3,5,3,0,1,1,0,0,0,0,0,4.69979E+20,5.53926E+21,8.58106E+15,5.00049E+16
145247,6,4,35,14,2018,6,5,1,2,6,4,0,0,1,1,0,0,0,0,4.93832E+20,5.55335E+21,8.9137E+15,5.01324E+16
145248,6,5,31,5,2018,6,16,7,3,2,6,0,0,1,0,1,0,0,0,4.77246E+20,5.60436E+21,8.67854E+15,5.05907E+16
145249,6,4,13,0,2018,7,11,3,3,4,6,0,0,1,0,0,0,1,0,4.81952E+20,5.55081E+21,8.7476E+15,5.01093E+16
145250,6,5,31,5,2018,6,10,7,3,6,4,0,1,0,1,0,0,0,0,4.76955E+20,5.6039E+21,8.67447E+15,5.05865E+16
145251,6,4,32,23,2018,7,20,2,3,2,6,0,0,1,0,0,0,0,0,4.72036E+20,5.52673E+21,8.61068E+15,4.98923E+16
145252,6,4,11,0,2018,7,19,1,3,5,3,0,0,1,0,1,0,0,0,4.75386E+20,5.52566E+21,8.65739E+15,4.98828E+16
145253,6,6,11,0,2018,6,14,7,3,6,4,0,0,1,1,0,0,0,0,5.35894E+20,5.68602E+21,9.51513E+15,5.13244E+16
145254,6,6,11,0,2018,6,16,7,3,1,5,0,0,1,0,1,0,0,0,5.33928E+20,5.68602E+21,9.48691E+15,5.13245E+16
145255,6,4,12,0,2018,7,15,2,3,2,6,0,0,1,0,0,0,0,0,4.7497E+20,5.55941E+21,8.64939E+15,5.01863E+16
145256,6,4,14,0,2018,6,9,7,3,5,3,0,0,1,0,0,0,0,0,4.52383E+20,5.5452E+21,8.33479E+15,5.00572E+16
145257,6,4,13,0,2018,6,11,7,3,0,7,0,0,1,0,0,0,0,0,4.84526E+20,5.55013E+21,8.78362E+15,5.01033E+16
145258,6,6,33,3,2018,6,17,7,3,6,4,0,0,1,1,0,0,0,0,5.28222E+20,5.67795E+21,9.40439E+15,5.12522E+16
145259,6,4,39,3,2018,6,11,7,3,1,1,0,0,1,0,0,0,0,0,4.36728E+20,5.54192E+21,8.11666E+15,5.00262E+16
145260,6,4,12,0,2018,7,16,3,3,5,3,0,1,1,0,0,0,0,0,4.77771E+20,5.55185E+21,8.68907E+15,5.01185E+16
145261,6,4,34,1,2018,6,22,7,3,5,3,1,0,1,0,0,0,0,0,4.73037E+20,5.5639E+21,8.62199E+15,5.02267E+16
145262,6,4,38,6,2018,7,19,2,3,3,6,0,1,1,0,0,0,0,0,4.75065E+20,5.53881E+21,8.65206E+15,5.00011E+16
145263,6,4,31,20,2018,6,9,7,2,6,7,0,0,1,1,0,0,0,0,4.68404E+20,5.48785E+21,8.56326E+15,4.95424E+16
145264,6,6,35,15,2018,6,10,7,3,2,6,0,0,1,0,1,0,0,0,4.91607E+20,5.67948E+21,8.8797E+15,5.12666E+16
145265,6,4,38,12,2018,6,15,7,3,0,7,0,0,0,0,1,0,0,0,4.85347E+20,5.5351E+21,8.79567E+15,4.99681E+16
145266,6,4,12,0,2018,7,11,4,3,5,3,0,0,1,0,0,0,1,0,4.67364E+20,5.54979E+21,8.54367E+15,5.00995E+16
145267,6,4,33,12,2018,6,13,7,2,5,3,0,1,1,0,0,0,0,0,4.59122E+20,5.53858E+21,8.42964E+15,4.99982E+16
145268,6,4,40,3,2018,7,14,6,2,1,7,0,1,1,0,0,0,0,0,4.79869E+20,5.55813E+21,8.71808E+15,5.01751E+16
145269,6,6,33,13,2018,7,15,4,3,2,2,0,0,1,0,0,0,0,0,5.28163E+20,5.7057E+21,9.40574E+15,5.15018E+16
145270,6,4,38,12,2018,7,0,6,3,5,3,2,0,1,0,0,0,0,0,4.87504E+20,5.53602E+21,8.82572E+15,4.99764E+16
145271,6,4,32,22,2018,7,23,6,2,9,1,2,0,1,0,0,0,0,0,4.74143E+20,5.51144E+21,8.64103E+15,4.97549E+16
145272,6,4,40,8,2018,7,18,6,3,0,7,0,0,1,0,1,0,0,0,4.82706E+20,5.57719E+21,8.75694E+15,5.03465E+16
145273,6,4,31,5,2018,7,12,6,2,0,2,0,0,1,0,1,0,0,0,4.6063E+20,5.4992E+21,8.45467E+15,4.96441E+16
145274,6,4,34,1,2018,7,6,5,3,3,2,0,1,1,0,0,0,0,0,4.72005E+20,5.5644E+21,8.60749E+15,5.02311E+16
145275,6,4,33,12,2018,7,15,6,2,5,3,0,0,1,0,1,0,0,0,4.58402E+20,5.53774E+21,8.41968E+15,4.99906E+16
145276,6,4,32,19,2018,7,9,4,2,6,4,0,0,1,1,0,0,0,0,4.88245E+20,5.51972E+21,8.83655E+15,4.98298E+16
145277,6,4,33,2,2018,7,18,6,3,3,6,0,1,0,0,0,0,1,0,4.55517E+20,5.53623E+21,8.37961E+15,4.99768E+16
145278,6,4,13,0,2018,7,16,6,3,2,6,0,0,1,0,0,0,0,0,4.81049E+20,5.54714E+21,8.73514E+15,5.00762E+16
145279,6,4,35,21,2018,7,14,5,2,6,4,0,0,1,1,0,0,0,0,4.93124E+20,5.56739E+21,8.90354E+15,5.02586E+16
145280,6,5,31,5,2018,7,12,5,3,3,6,0,1,1,0,0,0,0,0,4.78816E+20,5.60557E+21,8.70066E+15,5.06016E+16
145281,6,6,35,15,2018,7,13,5,3,3,5,0,1,1,0,0,0,0,0,4.90661E+20,5.68027E+21,8.86613E+15,5.12737E+16
145282,6,4,33,6,2018,7,11,2,3,3,6,0,1,0,0,0,0,0,0,4.62807E+20,5.52981E+21,8.48189E+15,4.99195E+16
145283,6,4,12,0,2018,7,19,1,3,1,7,0,1,1,0,0,0,0,0,4.77966E+20,5.5525E+21,8.69175E+15,5.01243E+16
145284,6,4,13,0,2018,7,20,5,3,0,7,0,1,1,0,0,0,0,0,4.84478E+20,5.55177E+21,8.78289E+15,5.01179E+16
145285,6,4,40,2,2018,7,16,5,3,1,5,0,0,1,0,0,0,0,0,4.82538E+20,5.578E+21,8.75454E+15,5.03538E+16
145286,6,4,13,0,2018,7,16,5,3,2,6,0,0,1,0,0,0,0,0,4.8633E+20,5.54834E+21,8.80891E+15,5.00872E+16
145287,6,4,14,0,2018,7,17,3,3,2,6,0,0,1,0,0,0,0,0,4.52919E+20,5.5454E+21,8.34225E+15,5.0059E+16
145288,6,4,32,8,2018,7,11,3,2,0,6,0,1,0,0,0,0,1,0,4.68837E+20,5.52396E+21,8.56637E+15,4.98673E+16
145289,6,4,12,0,2018,7,19,5,3,0,2,0,1,1,0,0,0,0,0,4.74983E+20,5.55205E+21,8.65006E+15,5.01202E+16
145290,6,4,12,0,2018,7,11,5,3,4,6,0,1,0,0,0,0,0,0,4.74151E+20,5.54865E+21,8.63865E+15,5.00895E+16
145291,6,4,32,23,2018,7,13,5,3,1,5,0,1,0,0,0,0,1,0,4.71312E+20,5.53086E+21,8.60029E+15,4.99295E+16
145292,6,6,33,3,2018,7,16,5,3,5,3,0,1,1,0,0,0,0,0,5.31282E+20,5.67864E+21,9.4483E+15,5.12583E+16
145293,6,4,14,0,2018,7,20,4,3,4,7,1,0,1,0,0,0,1,0,4.45762E+20,5.54833E+21,8.24186E+15,5.00848E+16
145294,6,4,34,8,2018,7,7,5,3,6,4,1,0,1,1,0,0,0,0,4.66904E+20,5.56267E+21,8.53612E+15,5.02153E+16
145295,6,4,40,3,2018,7,8,5,2,5,2,0,1,0,0,0,1,0,0,4.81659E+20,5.56019E+21,8.74305E+15,5.01936E+16
145296,6,4,35,14,2018,7,18,4,2,5,3,0,1,1,0,0,0,0,0,4.95075E+20,5.55499E+21,8.93107E+15,5.01471E+16
145297,6,5,32,20,2018,7,14,5,3,0,7,0,1,0,0,0,0,0,0,4.53171E+20,5.61098E+21,8.33761E+15,5.06488E+16
145298,6,4,11,0,2018,7,11,3,3,5,2,0,1,0,0,0,0,1,0,4.75724E+20,5.52731E+21,8.66199E+15,4.98977E+16
145299,6,4,33,9,2018,7,11,3,3,2,7,0,0,1,0,0,0,0,0,4.60555E+20,5.53331E+21,8.45017E+15,4.99508E+16
145300,6,4,32,21,2018,7,21,5,3,4,6,1,0,1,0,1,0,0,0,5.01206E+20,5.53052E+21,9.01681E+15,4.9927E+16
145301,6,5,34,4,2018,7,11,5,3,5,3,0,1,1,0,0,0,0,0,4.66918E+20,5.63994E+21,8.52945E+15,5.09102E+16
145302,6,4,33,8,2018,7,9,5,2,2,7,0,0,1,0,0,0,0,0,4.69843E+20,5.53679E+21,8.57936E+15,4.99827E+16
145303,6,4,33,2,2018,7,10,5,3,1,7,0,1,1,0,0,0,0,0,4.54363E+20,5.53704E+21,8.36341E+15,4.9984E+16
145304,6,4,11,0,2018,7,18,4,2,6,4,0,0,1,1,0,0,0,0,4.77004E+20,5.52741E+21,8.6798E+15,4.98986E+16
145305,6,4,33,7,2018,7,12,5,3,5,7,0,1,1,0,0,0,0,0,4.66153E+20,5.54508E+21,8.52716E+15,5.0057E+16
145306,6,4,12,0,2018,7,8,2,3,1,5,0,0,1,0,1,0,0,0,4.69263E+20,5.54971E+21,8.57022E+15,5.00989E+16
145307,6,4,33,11,2018,7,15,5,3,6,7,0,0,0,1,0,0,1,0,4.63918E+20,5.52048E+21,8.49824E+15,4.98357E+16
145308,6,5,31,5,2018,7,9,5,3,5,3,0,1,1,0,0,0,0,0,4.78485E+20,5.60257E+21,8.69616E+15,5.05746E+16
145309,6,5,31,5,2018,7,8,5,3,5,2,0,1,0,0,0,1,0,0,4.77634E+20,5.60262E+21,8.68414E+15,5.0575E+16
145310,6,5,31,5,2018,7,15,2,3,3,6,0,1,1,0,0,0,0,0,4.76249E+20,5.60415E+21,8.66448E+15,5.05888E+16
145311,6,5,31,5,2018,7,12,4,3,2,6,0,0,1,0,0,0,0,0,4.77538E+20,5.60382E+21,8.6827E+15,5.05858E+16
145312,6,6,32,2,2018,7,7,4,3,2,6,0,0,1,0,0,0,0,1,5.50103E+20,5.63637E+21,9.71215E+15,5.08769E+16
145313,6,6,11,0,2018,7,17,4,3,2,6,1,0,1,0,0,0,1,1,5.35858E+20,5.68472E+21,9.51449E+15,5.13127E+16
145314,6,4,14,0,2018,7,17,5,3,1,1,0,0,1,0,0,0,0,0,4.45512E+20,5.54739E+21,8.2385E+15,5.00763E+16
145315,6,4,12,0,2018,7,20,1,3,2,6,0,0,1,0,0,0,0,1,4.77685E+20,5.55122E+21,8.68789E+15,5.01128E+16
145316,6,4,12,0,2018,7,19,4,3,3,6,0,0,1,0,0,0,0,0,4.7573E+20,5.54943E+21,8.66067E+15,5.00966E+16
145317,6,6,32,3,2018,7,8,4,3,5,2,0,1,1,0,0,0,0,0,5.55682E+20,5.64592E+21,9.79289E+15,5.09622E+16
145318,6,4,37,11,2018,7,11,4,3,1,7,0,0,1,0,0,0,0,0,5.00377E+20,5.50455E+21,9.00523E+15,4.96934E+16
145319,6,4,37,1,2018,7,10,4,3,0,7,0,0,1,0,0,0,0,0,5.00394E+20,5.50997E+21,9.00547E+15,4.97422E+16
145320,6,6,11,0,2018,7,17,4,3,4,6,0,0,1,0,1,0,0,1,5.31631E+20,5.68575E+21,9.45393E+15,5.13222E+16
145321,6,5,32,23,2018,7,14,2,3,2,6,0,0,1,0,0,0,0,0,4.66304E+20,5.59892E+21,8.52447E+15,5.05412E+16
145322,6,4,11,0,2018,7,14,1,3,0,6,0,1,0,0,0,0,0,0,4.73493E+20,5.52635E+21,8.63098E+15,4.9889E+16
145323,6,4,34,1,2018,7,16,4,3,5,3,0,0,1,0,0,0,0,0,4.75362E+20,5.56248E+21,8.65469E+15,5.0214E+16
145324,6,4,36,9,2018,7,18,5,3,5,3,0,0,1,0,1,0,0,0,4.61212E+20,5.54793E+21,8.45785E+15,5.00824E+16
145325,6,4,31,4,2018,7,17,4,3,8,1,0,0,1,0,0,0,0,0,4.79879E+20,5.49022E+21,8.72175E+15,4.95642E+16
145326,6,6,31,15,2018,7,13,4,3,2,6,0,0,1,0,0,0,0,0,5.54794E+20,5.61419E+21,9.77551E+15,5.06769E+16
145327,6,4,39,4,2018,7,0,3,3,8,1,2,0,1,0,0,0,0,0,4.26155E+20,5.53743E+21,7.96993E+15,4.99846E+16
145328,6,4,38,9,2018,7,2,5,3,0,7,2,1,0,0,0,0,0,0,4.77711E+20,5.54391E+21,8.68869E+15,5.00471E+16
145329,6,4,33,8,2018,7,7,2,3,5,3,0,0,1,0,0,0,0,0,4.69196E+20,5.5367E+21,8.57034E+15,4.99819E+16
145330,6,4,33,1,2018,7,6,4,3,5,3,0,1,1,0,0,0,0,0,4.61716E+20,5.51471E+21,8.4682E+15,4.97836E+16
145331,6,4,36,6,2018,7,11,4,2,5,7,0,1,1,0,0,0,0,0,4.54496E+20,5.54054E+21,8.36486E+15,5.00154E+16
145332,6,4,35,14,2018,7,17,4,3,6,2,0,0,1,1,0,0,0,0,4.9391E+20,5.55335E+21,8.91478E+15,5.01324E+16
145333,6,4,35,17,2018,7,20,4,3,3,6,1,0,1,0,0,0,0,1,5.01605E+20,5.55753E+21,9.02247E+15,5.01699E+16
145334,6,6,11,0,2018,7,7,3,3,0,5,0,1,1,0,0,0,0,0,5.37993E+20,5.68429E+21,9.54508E+15,5.13086E+16
145335,6,4,13,0,2018,7,11,1,3,5,2,0,1,1,0,0,0,0,0,4.83159E+20,5.55039E+21,8.7645E+15,5.01056E+16
145336,6,4,13,0,2018,7,15,3,3,0,7,0,0,1,0,0,0,1,0,4.83201E+20,5.55002E+21,8.7651E+15,5.01022E+16
145337,6,4,33,9,2018,7,10,5,3,5,3,0,1,0,0,0,0,1,0,4.60928E+20,5.53295E+21,8.4554E+15,4.99476E+16
145338,6,4,36,12,2018,7,9,3,3,6,4,0,0,1,1,0,0,0,0,4.66307E+20,5.55167E+21,8.52873E+15,5.01163E+16
145339,6,4,12,0,2018,7,15,3,3,5,3,0,0,1,0,1,0,0,0,4.7524E+20,5.55384E+21,8.65354E+15,5.01363E+16
145340,6,4,33,12,2018,7,17,3,3,6,4,0,0,1,1,0,0,0,0,4.58427E+20,5.53808E+21,8.41998E+15,4.99936E+16
145341,6,4,12,0,2018,7,16,3,3,2,6,0,0,1,0,0,0,0,0,4.70482E+20,5.55073E+21,8.5872E+15,5.01081E+16
145342,6,4,11,0,2018,7,4,3,3,1,5,1,0,1,0,0,0,0,0,4.7499E+20,5.52477E+21,8.65193E+15,4.98748E+16
145343,6,4,11,0,2018,7,14,3,3,5,3,0,1,0,0,0,0,0,0,4.74797E+20,5.52444E+21,8.64927E+15,4.98718E+16
145344,6,4,34,5,2018,7,20,3,2,6,4,0,0,1,1,0,0,0,0,4.62331E+20,5.55901E+21,8.47239E+15,5.01821E+16
145345,6,4,35,18,2018,7,8,3,3,5,2,0,0,1,0,0,0,0,0,5.13897E+20,5.55953E+21,9.19467E+15,5.01878E+16
145346,6,4,40,16,2018,7,9,3,2,0,7,0,0,1,0,0,0,0,0,5.00647E+20,5.58585E+21,9.00911E+15,5.04247E+16
145347,6,5,33,9,2018,7,11,4,3,0,1,0,1,0,0,0,0,0,0,4.35165E+20,5.58029E+21,8.08829E+15,5.03711E+16
145348,6,5,32,12,2018,7,16,3,3,6,4,0,0,1,1,0,0,0,0,4.50858E+20,5.61464E+21,8.30441E+15,5.06815E+16
145349,6,4,11,0,2018,7,13,3,2,1,5,0,1,1,0,0,0,0,0,4.7476E+20,5.52423E+21,8.64877E+15,4.98699E+16
145350,6,5,31,5,2018,7,13,3,3,1,3,0,1,1,0,0,0,0,0,4.7642E+20,5.60345E+21,8.66693E+15,5.05825E+16
145351,6,5,31,5,2018,7,17,3,3,5,3,0,1,1,0,0,0,0,0,4.76229E+20,5.60288E+21,8.66428E+15,5.05774E+16
145352,6,4,33,12,2018,7,5,1,3,8,1,0,0,1,0,0,0,0,0,4.60083E+20,5.53837E+21,8.44307E+15,4.99963E+16
145353,6,4,34,2,2018,7,7,2,3,5,3,0,1,0,0,0,1,0,0,4.74684E+20,5.56794E+21,8.64481E+15,5.02631E+16
145354,6,6,11,0,2018,7,17,2,3,5,2,0,0,1,0,0,0,0,0,5.34748E+20,5.68118E+21,9.49822E+15,5.12809E+16
145355,6,6,34,9,2018,7,17,5,3,5,3,0,0,1,0,0,0,0,0,5.28155E+20,5.65388E+21,9.40155E+15,5.10358E+16
145356,6,6,11,0,2018,7,10,2,3,0,7,0,0,0,0,1,0,0,0,5.35428E+20,5.68577E+21,9.50842E+15,5.13221E+16
145357,6,6,34,14,2018,7,19,4,3,8,1,0,0,1,1,0,0,0,0,5.38767E+20,5.66423E+21,9.554E+15,5.11282E+16
145358,6,4,14,0,2018,7,7,2,3,5,3,0,0,1,0,0,0,0,0,4.44157E+20,5.54435E+21,8.22001E+15,5.00489E+16
145359,6,4,13,0,2018,7,11,2,3,5,3,0,0,1,0,0,0,0,0,4.83435E+20,5.54922E+21,8.7684E+15,5.0095E+16
145360,6,4,12,0,2018,7,20,4,3,5,3,0,1,1,0,0,0,0,0,4.64635E+20,5.55005E+21,8.50549E+15,5.01016E+16
145361,6,4,12,0,2018,7,9,2,2,6,4,0,0,1,1,0,0,0,0,4.73852E+20,5.55594E+21,8.63397E+15,5.01551E+16
145362,6,4,14,0,2018,7,19,2,2,6,4,0,0,1,1,0,0,0,0,4.53014E+20,5.54578E+21,8.34353E+15,5.00625E+16
145363,6,4,12,0,2018,7,9,2,2,5,2,0,0,0,0,1,0,1,0,4.76475E+20,5.55716E+21,8.67061E+15,5.01662E+16
145364,6,4,12,0,2018,7,16,2,3,0,7,0,1,1,0,0,0,0,0,4.78139E+20,5.5547E+21,8.69405E+15,5.01442E+16
145365,6,5,33,9,2018,7,15,7,3,0,6,0,0,1,0,1,0,0,0,4.33029E+20,5.58326E+21,8.05773E+15,5.03976E+16
145366,6,4,12,0,2018,7,18,2,3,0,1,0,1,0,0,0,0,0,0,4.75724E+20,5.54943E+21,8.66059E+15,5.00966E+16
145367,6,4,12,0,2018,7,17,5,3,0,1,0,0,0,0,1,0,0,0,4.76449E+20,5.55297E+21,8.6705E+15,5.01285E+16
145368,6,4,34,8,2018,7,3,1,3,1,5,2,1,1,0,0,0,0,0,4.70461E+20,5.56141E+21,8.58608E+15,5.02041E+16
145369,6,4,11,0,2018,7,7,2,3,5,3,0,1,1,0,0,0,0,0,4.74051E+20,5.52467E+21,8.63887E+15,4.98739E+16
145370,6,6,35,11,2018,7,13,4,3,1,2,0,0,1,0,0,0,0,0,4.85553E+20,5.65631E+21,8.79386E+15,5.10582E+16
145371,6,6,35,3,2018,7,18,2,3,5,3,0,0,1,0,0,0,0,0,5.07587E+20,5.66239E+21,9.10839E+15,5.1113E+16
145372,6,4,12,0,2018,7,5,7,3,8,1,0,0,1,0,0,0,0,1,4.75188E+20,5.54688E+21,8.65325E+15,5.00737E+16
145373,6,4,38,5,2018,7,9,2,3,4,6,0,1,1,0,0,0,0,0,4.85764E+20,5.54498E+21,8.80113E+15,5.00569E+16
145374,6,4,34,2,2018,7,19,2,3,5,3,0,1,1,0,0,0,0,0,4.77219E+20,5.56723E+21,8.68043E+15,5.02567E+16
145375,6,4,37,4,2018,7,17,2,3,5,3,0,0,1,0,1,0,0,0,5.02292E+20,5.51837E+21,9.03186E+15,4.98178E+16
145376,6,4,11,0,2018,7,15,2,3,2,6,0,1,1,0,0,0,0,0,4.74492E+20,5.51844E+21,8.64541E+15,4.98178E+16
145377,6,4,32,19,2018,7,7,2,3,2,6,0,0,1,0,1,0,0,0,4.87839E+20,5.51954E+21,8.83092E+15,4.98281E+16
145378,6,4,12,0,2018,7,23,7,3,8,7,2,0,1,0,0,0,0,0,4.80535E+20,5.5542E+21,8.72761E+15,5.01397E+16
145379,6,5,34,10,2018,7,21,2,2,5,3,0,1,1,0,0,0,0,0,4.71736E+20,5.62229E+21,8.59934E+15,5.07517E+16
145380,6,4,38,11,2018,7,23,5,2,0,7,2,1,0,0,0,0,0,0,4.9167E+20,5.53995E+21,8.88374E+15,5.00118E+16
145381,6,4,31,21,2018,7,15,2,3,9,7,0,0,1,0,0,0,0,0,4.87036E+20,5.49157E+21,8.82067E+15,4.95766E+16
145382,6,4,32,19,2018,7,14,4,3,1,7,0,0,1,0,0,0,0,0,4.87673E+20,5.51895E+21,8.82863E+15,4.98228E+16
145383,6,4,33,10,2018,7,17,2,3,6,4,0,0,1,1,0,0,0,0,4.60813E+20,5.54026E+21,8.45305E+15,5.00134E+16
145384,6,4,12,0,2018,7,3,7,3,5,2,2,1,1,0,0,0,0,0,4.77525E+20,5.55183E+21,8.68562E+15,5.01183E+16
145385,6,4,33,8,2018,7,6,2,3,4,6,0,0,1,0,0,0,0,0,4.69211E+20,5.53524E+21,8.57067E+15,4.99687E+16
145386,6,4,33,5,2018,7,16,2,2,0,7,0,1,0,0,0,0,0,0,4.51295E+20,5.53818E+21,8.32048E+15,4.9994E+16
145387,6,4,38,11,2018,7,2,7,3,1,5,2,0,1,0,0,0,0,0,4.91774E+20,5.54468E+21,8.88508E+15,5.00544E+16
145388,6,5,31,5,2018,7,11,2,3,5,3,0,0,0,1,0,0,1,0,4.76754E+20,5.60335E+21,8.67166E+15,5.05816E+16
145389,6,5,31,11,2018,7,18,5,2,4,6,0,0,1,0,0,0,0,0,4.8814E+20,5.59481E+21,8.83275E+15,5.05051E+16
145390,6,5,31,14,2018,7,21,2,3,5,3,1,0,1,0,0,0,0,0,4.79191E+20,5.59784E+21,8.7064E+15,5.05321E+16
145391,6,4,31,16,2018,7,9,5,2,0,1,0,1,0,0,0,0,0,0,4.68275E+20,5.49961E+21,8.56053E+15,4.96482E+16
145392,6,4,13,0,2018,7,18,1,3,0,2,0,1,1,0,0,0,0,0,4.83159E+20,5.5504E+21,8.76449E+15,5.01056E+16
145393,6,6,32,2,2018,7,7,3,2,4,7,0,0,0,0,1,1,0,0,5.50833E+20,5.63468E+21,9.72228E+15,5.08615E+16
145394,6,4,40,9,2018,7,14,3,2,6,4,0,0,1,1,0,0,0,0,5.13581E+20,5.58514E+21,9.19116E+15,5.04182E+16
145395,6,4,13,0,2018,7,20,1,3,5,3,0,1,1,0,0,0,0,0,4.83702E+20,5.55041E+21,8.77208E+15,5.01057E+16
145396,6,4,35,29,2018,7,19,7,3,5,3,0,0,1,0,0,0,0,0,5.21365E+20,5.56802E+21,9.29976E+15,5.0264E+16
145397,6,4,13,0,2018,7,12,1,2,5,3,0,0,1,0,1,0,0,0,4.84335E+20,5.54968E+21,8.78097E+15,5.00992E+16
145398,6,4,12,0,2018,7,9,1,3,0,7,0,1,1,0,0,0,0,0,4.73854E+20,5.54845E+21,8.6345E+15,5.00878E+16
145399,6,4,37,7,2018,7,10,1,3,5,3,0,1,1,0,0,0,0,0,4.9071E+20,5.51072E+21,8.87104E+15,4.97489E+16
145400,6,4,14,0,2018,7,19,4,3,5,2,0,0,1,0,0,0,0,0,4.44243E+20,5.54753E+21,8.22074E+15,5.00774E+16
145401,6,6,34,27,2018,7,15,1,1,2,6,0,0,1,0,1,0,0,0,5.12766E+20,5.65645E+21,9.18217E+15,5.10594E+16
145402,6,6,11,0,2018,7,16,3,3,6,4,0,0,1,1,0,0,0,0,5.31843E+20,5.6867E+21,9.45705E+15,5.13307E+16
145403,6,5,31,5,2018,7,18,2,3,5,3,0,0,1,0,1,0,0,1,4.78606E+20,5.60545E+21,8.6977E+15,5.06005E+16
145404,6,6,36,5,2018,7,10,1,3,6,6,0,1,0,1,0,0,0,0,5.81397E+20,5.65049E+21,1.016E+16,5.10002E+16
145405,6,4,34,2,2018,7,18,1,3,0,6,0,0,1,0,1,0,0,0,4.75098E+20,5.56561E+21,8.65078E+15,5.02421E+16
145406,6,4,12,0,2018,7,17,3,3,0,1,0,0,0,0,1,0,0,0,4.78292E+20,5.54867E+21,8.69653E+15,5.00899E+16
145407,6,4,33,12,2018,7,7,3,3,1,7,0,0,1,0,0,0,0,0,4.57257E+20,5.53814E+21,8.40366E+15,4.99941E+16
145408,6,4,37,10,2018,7,4,1,2,8,1,2,0,1,0,0,0,0,0,5.05343E+20,5.51251E+21,9.07419E+15,4.97651E+16
145409,6,4,38,12,2018,7,11,7,2,5,3,0,0,1,0,1,0,0,0,4.87901E+20,5.53547E+21,8.83128E+15,4.99715E+16
145410,6,4,32,21,2018,7,1,1,3,0,1,2,1,0,0,0,0,0,0,5.00375E+20,5.53019E+21,9.00522E+15,4.99241E+16
145411,6,4,33,4,2018,7,13,1,3,8,1,0,1,0,0,0,0,0,0,4.63544E+20,5.51134E+21,8.4939E+15,4.97535E+16
145412,6,5,31,12,2018,7,21,1,3,5,3,1,0,1,0,0,0,0,0,4.77033E+20,5.59728E+21,8.67598E+15,5.0527E+16
145413,6,4,12,0,2018,7,8,4,3,3,2,0,1,0,0,0,0,1,0,4.76146E+20,5.5511E+21,8.66638E+15,5.01117E+16
145414,6,5,31,12,2018,7,8,1,3,2,6,0,0,1,0,0,0,0,0,4.75185E+20,5.59791E+21,8.64986E+15,5.05326E+16
145415,6,4,13,0,2018,7,15,2,3,5,3,0,0,1,0,0,0,1,0,4.8236E+20,5.55091E+21,8.75329E+15,5.01101E+16