OBJECTID_1,ULAND,UREGBEZ,UKREIS,UGEMEINDE,UJAHR,UMONAT,USTUNDE,UWOCHENTAG,UKATEGORIE,UART,UTYP1,ULICHTVERH,IstRad,IstPKW,IstFuss,IstKrad,IstGkfz,IstSonstig,STRZUSTAND,LINREFX,LINREFY,XGCSWGS84,YGCSWGS84
145792,6,6,31,17,2018,8,14,3,3,5,1,0,0,1,0,1,0,0,0,5.51193E+20,5.59944E+21,9.72252E+15,5.05446E+16
145793,6,4,35,10,2018,8,14,4,3,5,3,0,0,1,0,0,0,0,0,5.11491E+20,5.56174E+21,9.16103E+15,5.02077E+16
145794,6,6,31,1,2018,8,11,3,3,5,2,0,0,1,0,0,0,0,0,5.35836E+20,5.60837E+21,9.50665E+15,5.06261E+16
145795,6,4,12,0,2018,8,11,3,2,6,4,0,0,1,1,0,0,0,0,4.82296E+20,5.55475E+21,8.75222E+15,5.01447E+16
145796,6,5,31,10,2018,8,15,3,3,5,3,0,0,1,0,0,0,1,0,4.97256E+20,5.59651E+21,8.96129E+15,5.05205E+16
145797,6,4,14,0,2018,8,12,3,3,5,3,0,1,1,0,0,0,0,0,4.4567E+20,5.5435E+21,8.24125E+15,5.00413E+16
145798,6,5,31,14,2018,8,12,3,3,0,7,0,0,1,0,0,0,0,0,4.82655E+20,5.59793E+21,8.75527E+15,5.05331E+16
145799,6,4,35,14,2018,8,8,3,3,6,5,0,0,1,1,0,0,0,0,4.96125E+20,5.55011E+21,8.94581E+15,5.01033E+16
145800,6,4,36,6,2018,8,16,3,3,2,6,0,0,1,0,0,0,1,0,4.56374E+20,5.54505E+21,8.39056E+15,5.00561E+16
145801,6,6,35,15,2018,8,12,2,3,5,2,0,1,1,0,0,0,0,0,4.90991E+20,5.68063E+21,8.87084E+15,5.1277E+16
145802,6,6,34,9,2018,8,9,2,3,3,7,0,0,1,0,0,0,0,0,5.28508E+20,5.65353E+21,9.40656E+15,5.10326E+16
145803,6,4,38,6,2018,8,19,3,3,0,7,0,1,1,0,0,0,0,0,4.76171E+20,5.53773E+21,8.66756E+15,4.99914E+16
145804,6,4,14,0,2018,8,7,2,3,5,2,0,1,1,0,0,0,0,0,4.45499E+20,5.5447E+21,8.2387E+15,5.00521E+16
145805,6,4,14,0,2018,8,15,2,3,0,2,0,0,0,0,1,0,1,0,4.45979E+20,5.54787E+21,8.24496E+15,5.00807E+16
145806,6,6,34,12,2018,8,20,4,3,1,5,1,0,1,0,0,0,0,0,5.36627E+20,5.66868E+21,9.52388E+15,5.11684E+16
145807,6,4,13,0,2018,8,14,2,3,5,3,0,1,1,0,0,0,0,0,4.81993E+20,5.55066E+21,8.74818E+15,5.0108E+16
145808,6,4,12,0,2018,8,14,4,3,0,2,0,0,1,0,1,0,0,0,4.77899E+20,5.55549E+21,8.69064E+15,5.01512E+16
145809,6,4,13,0,2018,8,19,2,3,6,2,0,0,1,1,0,0,0,0,4.83475E+20,5.55057E+21,8.76891E+15,5.01072E+16
145810,6,4,13,0,2018,8,14,2,2,2,6,0,0,1,1,0,0,0,0,4.83992E+20,5.549E+21,8.77621E+15,5.0093E+16
145811,6,4,33,8,2018,8,16,3,2,6,4,0,0,1,1,0,0,0,0,4.69492E+20,5.53831E+21,8.57434E+15,4.99964E+16
145812,6,4,13,0,2018,8,18,2,3,2,6,0,0,1,0,0,0,0,0,4.83989E+20,5.54992E+21,8.77613E+15,5.01013E+16
145813,6,4,38,11,2018,8,18,4,3,0,6,0,1,0,0,0,0,1,0,4.90773E+20,5.53784E+21,8.87127E+15,4.99928E+16
145814,6,4,12,0,2018,8,17,2,3,2,6,0,0,1,0,0,0,0,0,4.7139E+20,5.55109E+21,8.59987E+15,5.01113E+16
145815,6,4,12,0,2018,8,6,2,3,5,2,0,1,1,0,0,0,0,0,4.72748E+20,5.55685E+21,8.61845E+15,5.01632E+16
145816,6,4,12,0,2018,8,17,2,3,5,3,0,0,1,0,0,0,0,0,4.72411E+20,5.5514E+21,8.61412E+15,5.01142E+16
145817,6,4,12,0,2018,8,8,2,3,3,2,0,1,0,0,0,0,1,0,4.7758E+20,5.54997E+21,8.6865E+15,5.01016E+16
145818,6,4,12,0,2018,8,19,2,3,5,3,0,0,1,0,1,0,0,0,4.77237E+20,5.55288E+21,8.68153E+15,5.01277E+16
145819,6,4,12,0,2018,8,20,2,3,3,2,0,1,1,0,0,0,0,0,4.78235E+20,5.55291E+21,8.69549E+15,5.0128E+16
145820,6,4,40,2,2018,8,7,4,3,4,6,0,1,0,0,0,0,0,1,4.81856E+20,5.57945E+21,8.74489E+15,5.03668E+16
145821,6,6,11,0,2018,8,16,3,3,4,6,0,0,1,0,1,0,0,0,5.33196E+20,5.68139E+21,9.47598E+15,5.12829E+16
145822,6,4,34,1,2018,8,10,2,3,5,3,0,0,1,0,0,0,0,0,4.72628E+20,5.56291E+21,8.61633E+15,5.02177E+16
145823,6,5,33,17,2018,8,13,3,3,4,3,0,0,1,0,0,0,0,1,4.47755E+20,5.59351E+21,8.26347E+15,5.04912E+16
145824,6,4,36,8,2018,8,13,3,3,2,6,0,1,1,0,0,0,0,0,4.60639E+20,5.55365E+21,8.44925E+15,5.01338E+16
145825,6,5,33,17,2018,8,11,2,2,5,3,0,1,1,0,0,0,0,0,4.47872E+20,5.59265E+21,8.26524E+15,5.04835E+16
145826,6,4,35,12,2018,8,13,3,3,5,3,0,0,1,0,0,0,1,0,5.08103E+20,5.56079E+21,9.11354E+15,5.01992E+16
145827,6,4,35,29,2018,8,16,2,3,5,3,0,0,1,0,0,0,0,0,5.20517E+20,5.56681E+21,9.2878E+15,5.02531E+16
145828,6,4,31,20,2018,8,20,2,3,2,6,0,0,1,0,0,0,0,0,4.69759E+20,5.48796E+21,8.58198E+15,4.95435E+16
145829,6,4,31,20,2018,8,19,2,3,0,6,0,1,1,0,0,0,0,0,4.69773E+20,5.48708E+21,8.58224E+15,4.95356E+16
145830,6,4,32,8,2018,8,7,3,2,5,3,0,1,1,0,0,0,0,0,4.6937E+20,5.52299E+21,8.57385E+15,4.98586E+16
145831,6,4,31,2,2018,8,19,2,3,5,3,0,1,1,0,0,0,0,0,4.71847E+20,5.50571E+21,8.60957E+15,4.97032E+16
145832,6,5,31,5,2018,8,20,3,3,8,1,1,0,1,0,0,0,0,1,4.79161E+20,5.60527E+21,8.70555E+15,5.0599E+16
145833,6,4,31,13,2018,8,16,3,3,5,3,0,0,1,0,0,0,0,0,4.61722E+20,5.49471E+21,8.47023E+15,4.96037E+16
145834,6,4,33,12,2018,8,15,3,3,0,2,0,0,1,0,1,0,0,0,4.59085E+20,5.53615E+21,8.42938E+15,4.99762E+16
145835,6,4,33,12,2018,8,23,2,3,0,1,2,1,0,0,0,0,0,0,4.57354E+20,5.53814E+21,8.40501E+15,4.99941E+16
145836,6,6,31,17,2018,8,14,3,3,5,3,0,1,1,0,0,0,0,0,5.51967E+20,5.59705E+21,9.7331E+15,5.05231E+16
145837,6,5,33,7,2018,8,15,2,2,0,3,0,0,1,0,1,0,0,0,4.31598E+20,5.58795E+21,8.03675E+15,5.04395E+16
145838,6,5,34,14,2018,8,7,2,3,2,6,0,0,1,0,0,0,1,0,4.83409E+20,5.6277E+21,8.76456E+15,5.08008E+16
145839,6,5,33,4,2018,8,11,4,3,5,3,0,0,1,0,0,0,0,0,4.29396E+20,5.59572E+21,8.00426E+15,5.05092E+16
145840,6,6,33,17,2018,8,11,2,3,0,3,0,0,1,0,1,0,0,1,5.36854E+20,5.68103E+21,9.52839E+15,5.12794E+16
145841,6,6,31,17,2018,8,17,2,3,2,6,0,0,1,0,0,0,0,0,5.51178E+20,5.59954E+21,9.72231E+15,5.05456E+16
145842,6,4,35,7,2018,8,18,1,3,5,3,0,0,1,0,0,0,0,0,4.98286E+20,5.55739E+21,8.976E+15,5.01688E+16
145843,6,4,35,29,2018,8,13,3,2,5,3,0,1,1,0,0,0,0,0,5.20938E+20,5.56686E+21,9.29371E+15,5.02535E+16
145844,6,6,11,0,2018,8,12,2,3,5,2,0,0,1,0,0,0,0,0,5.33128E+20,5.68504E+21,9.47535E+15,5.13157E+16
145845,6,6,11,0,2018,8,15,2,3,6,4,0,1,0,1,0,0,0,0,5.34298E+20,5.6848E+21,9.49211E+15,5.13135E+16
145846,6,6,33,12,2018,8,14,1,3,0,1,0,1,0,0,0,0,0,0,5.48339E+20,5.67897E+21,9.69277E+15,5.126E+16
145847,6,4,12,0,2018,8,18,3,3,1,5,0,1,1,0,0,0,0,0,4.76291E+20,5.55226E+21,8.66834E+15,5.01221E+16
145848,6,4,14,0,2018,8,20,2,3,0,7,2,1,0,0,0,0,0,1,4.46833E+20,5.54537E+21,8.25723E+15,5.00582E+16
145849,6,4,13,0,2018,8,17,2,2,5,3,0,1,1,0,0,0,0,0,4.81885E+20,5.5502E+21,8.74669E+15,5.01037E+16
145850,6,4,14,0,2018,8,18,1,3,2,6,0,0,1,0,0,0,0,0,4.45102E+20,5.54746E+21,8.23276E+15,5.00769E+16
145851,6,4,12,0,2018,8,19,2,3,5,3,0,1,1,0,0,0,0,0,4.74986E+20,5.55924E+21,8.64963E+15,5.01848E+16
145852,6,4,12,0,2018,8,11,2,3,0,1,0,0,0,0,1,0,0,1,4.71927E+20,5.55288E+21,8.60725E+15,5.01275E+16
145853,6,4,13,0,2018,8,14,1,3,5,3,0,0,1,0,0,0,0,0,4.82972E+20,5.55047E+21,8.76188E+15,5.01062E+16
145854,6,4,12,0,2018,8,5,4,2,9,1,0,0,1,0,0,0,0,1,4.77659E+20,5.55167E+21,8.6875E+15,5.01168E+16
145855,6,4,12,0,2018,8,15,2,3,0,5,0,1,1,0,0,0,0,1,4.74496E+20,5.54816E+21,8.64351E+15,5.00852E+16
145856,6,4,12,0,2018,8,10,1,3,5,3,0,0,1,0,0,0,0,0,4.71774E+20,5.54891E+21,8.60541E+15,5.00918E+16
145857,6,4,12,0,2018,8,18,1,3,3,6,0,0,1,0,0,0,0,0,4.76252E+20,5.55376E+21,8.6677E+15,5.01356E+16
145858,6,4,12,0,2018,8,6,1,3,4,6,0,0,1,0,0,0,0,0,4.74946E+20,5.54721E+21,8.64985E+15,5.00766E+16
145859,6,4,12,0,2018,8,8,2,3,0,1,0,0,0,0,1,0,0,1,4.73471E+20,5.5481E+21,8.62918E+15,5.00845E+16
145860,6,4,11,0,2018,8,16,2,3,1,5,0,1,1,0,0,0,0,0,4.75596E+20,5.52558E+21,8.66031E+15,4.98822E+16
145861,6,4,12,0,2018,8,23,1,3,1,7,2,1,1,0,0,0,0,0,4.74396E+20,5.55004E+21,8.64197E+15,5.01021E+16
145862,6,4,38,2,2018,8,18,2,3,2,6,0,0,1,0,0,0,0,0,4.78203E+20,5.5426E+21,8.69563E+15,5.00353E+16
145863,6,4,12,0,2018,8,16,1,3,6,7,0,0,0,1,0,0,1,0,4.75817E+20,5.55032E+21,8.66183E+15,5.01046E+16
145864,6,4,38,3,2018,8,16,2,3,0,7,0,1,0,0,0,0,0,1,4.76424E+20,5.53461E+21,8.67128E+15,4.99634E+16
145865,6,4,34,1,2018,8,17,2,3,1,5,0,1,1,0,0,0,0,1,4.72099E+20,5.56474E+21,8.60878E+15,5.02342E+16
145866,6,6,35,2,2018,8,18,1,3,2,6,0,1,1,0,0,0,0,0,5.05022E+20,5.69326E+21,9.07218E+15,5.13906E+16
145867,6,6,33,3,2018,8,15,4,3,0,1,0,0,0,0,1,0,0,0,5.29038E+20,5.67785E+21,9.41607E+15,5.12513E+16
145868,6,4,36,4,2018,8,9,2,3,8,1,0,0,1,0,0,0,0,1,4.59138E+20,5.54066E+21,8.42963E+15,5.00169E+16
145869,6,4,35,25,2018,8,8,1,2,5,3,0,1,0,0,1,0,0,0,5.37368E+20,5.57717E+21,9.52518E+15,5.03454E+16
145870,6,4,32,4,2018,8,13,2,3,5,3,0,0,1,0,1,0,0,1,4.89352E+20,5.52813E+21,8.85171E+15,4.99054E+16
145871,6,4,39,13,2018,8,18,1,3,6,4,0,0,1,1,0,0,0,0,4.22937E+20,5.53672E+21,7.9252E+15,4.99778E+16
145872,6,4,31,13,2018,8,23,2,2,2,6,2,1,1,0,0,0,0,0,4.61261E+20,5.49392E+21,8.46394E+15,4.95967E+16
145873,6,4,31,20,2018,8,14,2,3,5,3,0,0,1,0,0,0,0,0,4.68905E+20,5.4867E+21,8.57027E+15,4.95321E+16
145874,6,4,38,8,2018,8,18,1,3,4,6,0,0,1,0,0,0,0,0,4.87504E+20,5.55251E+21,8.82519E+15,5.01247E+16
145875,6,4,31,13,2018,8,13,2,3,5,3,0,0,1,0,0,0,0,0,4.6151E+20,5.49389E+21,8.46738E+15,4.95963E+16
145876,6,4,38,11,2018,8,17,1,2,5,3,0,1,1,0,0,0,0,0,4.91908E+20,5.5443E+21,8.88697E+15,5.0051E+16
145877,6,4,33,11,2018,8,23,4,3,0,1,2,0,1,0,0,0,0,0,4.64161E+20,5.51999E+21,8.50166E+15,4.98312E+16
145878,6,4,31,2,2018,8,7,2,3,0,1,0,0,0,0,1,0,0,1,4.69121E+20,5.50558E+21,8.57177E+15,4.9702E+16
145879,6,4,33,11,2018,8,9,2,2,9,1,0,0,0,0,1,0,0,1,4.62499E+20,5.51914E+21,8.47863E+15,4.98235E+16
145880,6,4,40,3,2018,8,15,1,2,6,4,0,0,1,1,0,0,0,0,4.82451E+20,5.55878E+21,8.7542E+15,5.0181E+16
145881,6,4,33,6,2018,8,9,2,3,6,7,0,1,0,1,0,0,0,1,4.63134E+20,5.52978E+21,8.48646E+15,4.99193E+16
145882,6,4,36,6,2018,8,14,4,3,1,5,0,0,1,0,0,0,0,0,4.54756E+20,5.53982E+21,8.36857E+15,5.00089E+16
145883,6,5,34,14,2018,8,12,2,3,0,1,0,0,0,0,1,0,0,1,4.83489E+20,5.62718E+21,8.76572E+15,5.07961E+16
145884,6,5,33,6,2018,8,12,1,3,0,7,0,0,1,0,0,0,0,0,4.30517E+20,5.58573E+21,8.02193E+15,5.04195E+16
145885,6,4,11,0,2018,8,18,1,3,5,2,0,0,1,0,0,0,0,0,4.73775E+20,5.51827E+21,8.63546E+15,4.98163E+16
145886,6,4,14,0,2018,8,3,1,3,8,1,2,0,1,0,0,0,0,0,4.42653E+20,5.55152E+21,8.19792E+15,5.01132E+16
145887,6,4,13,0,2018,8,18,1,3,0,7,0,0,1,0,0,0,0,0,4.8482E+20,5.55215E+21,8.78766E+15,5.01214E+16
145888,6,4,32,14,2018,8,16,1,3,4,1,0,0,1,0,0,0,0,0,4.75593E+20,5.51672E+21,8.66083E+15,4.98025E+16
145889,6,4,13,0,2018,8,15,1,2,5,3,0,1,1,0,0,0,0,0,4.83487E+20,5.54945E+21,8.76912E+15,5.00971E+16
145890,6,4,35,14,2018,8,9,1,3,5,3,0,0,1,0,0,0,0,0,4.95282E+20,5.54993E+21,8.93403E+15,5.01016E+16
145891,6,4,14,0,2018,8,17,3,3,5,2,0,0,1,0,0,1,0,0,4.48182E+20,5.54175E+21,8.27657E+15,5.00258E+16
145892,6,4,38,6,2018,8,19,1,2,0,7,0,0,1,0,1,0,0,0,4.76677E+20,5.53806E+21,8.6746E+15,4.99944E+16
145893,6,4,35,19,2018,8,19,1,3,2,6,0,0,1,0,1,0,0,0,4.88233E+20,5.55466E+21,8.83531E+15,5.0144E+16
145894,6,5,31,5,2018,8,17,7,3,0,7,0,0,1,0,0,0,0,0,4.7724E+20,5.60436E+21,8.67846E+15,5.05907E+16
145895,6,4,38,5,2018,8,14,1,3,5,3,0,0,1,0,0,0,0,0,4.85831E+20,5.54519E+21,8.80205E+15,5.00589E+16
145896,6,6,36,3,2018,8,13,7,2,9,1,0,0,0,0,1,0,0,0,5.72383E+20,5.66996E+21,1.00355E+16,5.11765E+16
145897,6,4,14,0,2018,8,14,7,3,5,2,0,1,1,0,0,0,0,0,4.49435E+20,5.54066E+21,8.29421E+15,5.00161E+16
145898,6,4,13,0,2018,8,7,4,3,1,5,0,1,1,0,0,0,0,0,4.84046E+20,5.55049E+21,8.7769E+15,5.01065E+16
145899,6,5,33,3,2018,8,16,7,3,5,3,0,0,1,0,0,0,0,0,4.47995E+20,5.57079E+21,8.26999E+15,5.0287E+16
145900,6,4,14,0,2018,8,20,7,3,5,2,0,0,1,0,1,0,0,0,4.4342E+20,5.54429E+21,8.20973E+15,5.00482E+16
145901,6,4,14,0,2018,8,20,7,3,0,3,0,0,1,0,1,0,0,0,4.49278E+20,5.539E+21,8.29223E+15,5.00011E+16
145902,6,4,13,0,2018,8,16,7,3,0,2,0,1,1,0,0,0,0,1,4.8353E+20,5.55023E+21,8.76969E+15,5.01041E+16
145903,6,4,12,0,2018,8,7,7,3,2,6,0,0,1,0,0,0,0,0,4.73371E+20,5.55105E+21,8.62757E+15,5.01111E+16
145904,6,6,35,11,2018,8,16,3,3,2,2,0,0,1,0,0,0,0,0,4.85181E+20,5.65614E+21,8.78856E+15,5.10566E+16
145905,6,4,14,0,2018,8,9,7,3,6,2,0,0,0,1,0,0,1,0,4.44882E+20,5.54787E+21,8.22963E+15,5.00805E+16
145906,6,4,14,0,2018,8,13,7,3,3,7,0,0,1,0,0,0,0,0,4.46837E+20,5.54537E+21,8.25729E+15,5.00582E+16
145907,6,4,12,0,2018,8,16,7,2,8,1,0,0,1,0,0,0,0,1,4.77933E+20,5.55183E+21,8.69133E+15,5.01183E+16
145908,6,4,12,0,2018,8,17,7,3,2,6,0,1,1,0,0,0,0,0,4.74301E+20,5.55415E+21,8.64037E+15,5.0139E+16
145909,6,4,12,0,2018,8,6,7,3,4,6,0,0,1,0,0,0,0,0,4.77927E+20,5.55564E+21,8.69103E+15,5.01525E+16
145910,6,4,12,0,2018,8,18,7,3,6,4,0,0,1,1,0,0,0,0,4.77551E+20,5.55165E+21,8.686E+15,5.01167E+16
145911,6,6,35,2,2018,8,11,4,2,5,3,0,0,1,0,1,0,0,0,5.02454E+20,5.69121E+21,9.03526E+15,5.13721E+16
145912,6,4,12,0,2018,8,18,7,3,2,6,0,0,1,0,0,0,0,0,4.76834E+20,5.55064E+21,8.67604E+15,5.01076E+16
145913,6,4,12,0,2018,8,18,7,3,3,6,0,1,1,0,0,0,0,0,4.77682E+20,5.55129E+21,8.68785E+15,5.01134E+16
145914,6,4,11,0,2018,8,17,7,3,5,2,0,0,1,0,0,0,1,0,4.74903E+20,5.52485E+21,8.65071E+15,4.98755E+16
145915,6,6,11,0,2018,8,9,7,3,1,5,0,0,1,0,0,0,1,0,5.30704E+20,5.68829E+21,9.44084E+15,5.13451E+16
145916,6,4,12,0,2018,8,12,7,3,4,4,0,1,0,1,0,0,0,0,4.76859E+20,5.55132E+21,8.67634E+15,5.01136E+16
145917,6,4,11,0,2018,8,15,7,3,2,6,0,0,1,0,0,0,0,0,4.74279E+20,5.52626E+21,8.64193E+15,4.98882E+16
145918,6,4,39,11,2018,8,12,7,3,5,3,0,0,1,0,0,0,0,0,4.51393E+20,5.55752E+21,8.31939E+15,5.01679E+16
145919,6,4,38,9,2018,8,16,7,3,2,6,0,0,1,0,0,0,0,0,4.81663E+20,5.54538E+21,8.74382E+15,5.00604E+16
145920,6,4,33,12,2018,8,19,3,2,5,2,0,1,0,0,0,0,1,0,4.57893E+20,5.53751E+21,8.4126E+15,4.99885E+16
145921,6,6,33,29,2018,8,22,7,3,9,7,2,1,0,0,0,0,0,0,5.20965E+20,5.69059E+21,9.30116E+15,5.13662E+16
145922,6,4,38,2,2018,8,13,7,3,5,3,0,1,1,0,0,0,0,0,4.78189E+20,5.54113E+21,8.69552E+15,5.00221E+16
145923,6,4,38,9,2018,8,11,7,3,5,3,0,1,0,0,0,0,0,0,4.77945E+20,5.54459E+21,8.69192E+15,5.00532E+16
145924,6,4,34,8,2018,8,12,7,3,6,2,0,0,1,1,0,0,0,0,4.67419E+20,5.5625E+21,8.54336E+15,5.02137E+16
145925,6,4,34,5,2018,8,0,7,2,1,4,2,0,1,1,1,0,0,0,4.62074E+20,5.55877E+21,8.46881E+15,5.01799E+16
145926,6,4,34,7,2018,8,18,7,3,5,3,0,1,1,0,0,0,0,0,4.64683E+20,5.5731E+21,8.50402E+15,5.03089E+16
145927,6,4,35,25,2018,8,15,4,3,1,5,0,1,1,0,0,0,0,0,5.37125E+20,5.57703E+21,9.52175E+15,5.03442E+16
145928,6,4,34,1,2018,8,18,7,3,0,7,0,0,0,0,1,0,0,0,4.73517E+20,5.56332E+21,8.62877E+15,5.02214E+16
145929,6,4,34,2,2018,8,14,7,3,5,3,0,1,1,0,0,0,0,0,4.75048E+20,5.56731E+21,8.64997E+15,5.02574E+16
145930,6,5,33,17,2018,8,22,7,3,8,1,2,0,1,0,0,0,0,0,4.50157E+20,5.59207E+21,8.29751E+15,5.04785E+16
145931,6,4,32,15,2018,8,19,7,3,8,1,0,0,1,0,0,0,0,0,4.90309E+20,5.52947E+21,8.86501E+15,4.99176E+16
145932,6,4,36,5,2018,8,15,7,3,5,3,0,1,1,0,0,0,0,0,4.6339E+20,5.54689E+21,8.48839E+15,5.00732E+16
145933,6,4,35,9,2018,8,14,7,3,1,1,0,1,1,0,0,0,0,0,5.08306E+20,5.55367E+21,9.11622E+15,5.01352E+16
145934,6,4,33,12,2018,8,18,7,3,2,6,0,0,1,0,0,0,0,0,4.59157E+20,5.53928E+21,8.43004E+15,5.00045E+16
145935,6,4,40,5,2018,8,17,7,3,5,3,0,0,1,0,0,0,1,0,4.77675E+20,5.58499E+21,8.68577E+15,5.04165E+16
145936,6,4,32,4,2018,8,17,7,1,5,2,0,1,1,0,0,0,0,0,4.88729E+20,5.5272E+21,8.84307E+15,4.98971E+16
145937,6,5,31,16,2018,8,8,7,3,8,1,0,0,1,0,0,0,0,0,4.87455E+20,5.60488E+21,8.82276E+15,5.05957E+16
145938,6,4,32,15,2018,8,4,7,3,5,3,2,0,1,0,0,0,0,0,4.90402E+20,5.53016E+21,8.86628E+15,4.99237E+16
145939,6,5,31,14,2018,8,21,7,2,0,7,1,0,1,0,0,0,0,0,4.79771E+20,5.59808E+21,8.71456E+15,5.05343E+16
145940,6,4,40,5,2018,8,17,4,3,5,3,0,0,1,0,0,0,0,0,4.75693E+20,5.58746E+21,8.6577E+15,5.04387E+16
145941,6,4,32,10,2018,8,23,7,3,0,1,2,0,0,0,1,0,0,0,4.92174E+20,5.52468E+21,8.89109E+15,4.98745E+16
145942,6,4,32,18,2018,8,11,7,3,0,1,0,0,0,0,1,0,0,0,4.70941E+20,5.5168E+21,8.59618E+15,4.98029E+16
145943,6,4,35,17,2018,8,18,6,3,1,5,0,0,1,0,1,0,0,0,5.0311E+20,5.55863E+21,9.04356E+15,5.01799E+16
145944,6,4,40,2,2018,8,16,7,3,0,7,0,0,1,0,0,0,0,0,4.80151E+20,5.5783E+21,8.72098E+15,5.03565E+16
145945,6,4,31,20,2018,8,22,7,3,1,1,2,1,1,0,0,0,0,0,4.69405E+20,5.48805E+21,8.57708E+15,4.95442E+16
145946,6,4,35,17,2018,8,17,6,3,3,2,0,1,1,0,0,0,0,0,5.0271E+20,5.55871E+21,9.03795E+15,5.01806E+16
145947,6,4,33,7,2018,8,18,7,3,2,6,0,0,1,0,1,0,0,0,4.66311E+20,5.54571E+21,8.52931E+15,5.00627E+16
145948,6,5,31,5,2018,8,19,6,3,1,2,0,0,1,0,0,0,0,0,4.77576E+20,5.60492E+21,8.68318E+15,5.05958E+16
145949,6,4,12,0,2018,8,20,3,3,5,3,0,1,0,0,0,0,1,0,4.78853E+20,5.55288E+21,8.70414E+15,5.01278E+16
145950,6,4,33,6,2018,8,8,7,3,2,6,0,0,1,0,0,0,0,0,4.61847E+20,5.53063E+21,8.46845E+15,4.99268E+16
145951,6,4,14,0,2018,8,14,6,3,1,7,0,0,1,0,0,0,0,0,4.43179E+20,5.54773E+21,8.20584E+15,5.00791E+16
145952,6,6,31,9,2018,8,17,4,3,2,6,0,0,1,0,0,0,0,0,5.48256E+20,5.59848E+21,9.68094E+15,5.05362E+16
145953,6,5,31,14,2018,8,11,7,2,5,3,0,1,1,0,0,0,0,0,4.80744E+20,5.59883E+21,8.72826E+15,5.05411E+16
145954,6,4,14,0,2018,8,7,6,3,5,3,0,0,1,0,1,0,0,0,4.42933E+20,5.54735E+21,8.20246E+15,5.00757E+16
145955,6,4,14,0,2018,8,7,6,2,5,3,0,0,0,1,0,0,1,0,4.4302E+20,5.54737E+21,8.20368E+15,5.00758E+16
145956,6,4,13,0,2018,8,10,6,3,2,6,0,0,1,0,0,0,0,0,4.8337E+20,5.54937E+21,8.76749E+15,5.00964E+16
145957,6,4,12,0,2018,8,17,6,3,6,7,0,0,1,1,0,0,0,0,4.68733E+20,5.55177E+21,8.56265E+15,5.01173E+16
145958,6,4,14,0,2018,8,18,6,3,6,4,0,0,1,1,0,0,0,0,4.46011E+20,5.54706E+21,8.24551E+15,5.00734E+16
145959,6,5,33,9,2018,8,14,4,2,6,7,0,0,1,1,0,0,0,0,4.32955E+20,5.58203E+21,8.0569E+15,5.03865E+16
145960,6,4,12,0,2018,8,9,6,3,5,3,0,1,1,0,0,0,0,0,4.70121E+20,5.55058E+21,8.58216E+15,5.01067E+16
145961,6,4,13,0,2018,8,14,6,3,1,5,0,0,1,0,0,0,1,0,4.81196E+20,5.55046E+21,8.73704E+15,5.01061E+16
145962,6,4,12,0,2018,8,15,6,3,2,6,0,0,1,0,1,0,0,0,4.75173E+20,5.551E+21,8.65278E+15,5.01107E+16
145963,6,4,34,8,2018,8,18,3,3,0,7,0,0,0,0,0,0,1,0,4.69714E+20,5.56112E+21,8.57563E+15,5.02015E+16
145964,6,4,12,0,2018,8,18,6,3,1,1,0,0,1,0,1,0,0,0,4.79064E+20,5.55284E+21,8.7071E+15,5.01274E+16
145965,6,4,37,6,2018,8,9,6,3,0,7,0,1,0,0,0,0,0,0,4.99988E+20,5.49993E+21,8.99984E+15,4.9652E+16
145966,6,4,12,0,2018,8,18,6,3,5,2,0,1,0,0,0,0,1,0,4.71412E+20,5.55232E+21,8.60008E+15,5.01224E+16
145967,6,4,11,0,2018,8,8,6,3,1,7,0,1,1,0,0,0,0,0,4.75252E+20,5.52374E+21,8.65564E+15,4.98656E+16
145968,6,4,11,0,2018,8,18,6,3,5,3,0,0,1,0,0,0,0,0,4.74998E+20,5.52545E+21,8.65199E+15,4.98809E+16
145969,6,4,12,0,2018,8,8,6,3,5,3,0,1,1,0,0,0,0,0,4.75694E+20,5.54919E+21,8.66019E+15,5.00945E+16
145970,6,6,35,2,2018,8,6,6,3,0,7,0,1,0,0,0,0,0,0,5.06275E+20,5.68857E+21,9.09011E+15,5.13483E+16
145971,6,4,12,0,2018,8,8,6,3,6,2,0,0,1,1,0,0,0,0,4.77356E+20,5.55297E+21,8.6832E+15,5.01286E+16
145972,6,6,33,13,2018,8,16,6,3,5,3,0,1,1,0,0,0,0,0,5.27259E+20,5.70507E+21,9.39268E+15,5.14961E+16
145973,6,4,39,1,2018,8,10,6,2,6,4,0,0,1,1,0,0,0,0,4.33335E+20,5.56421E+21,8.0654E+15,5.02263E+16
145974,6,4,12,0,2018,8,16,6,3,1,5,0,1,1,0,0,0,0,0,4.76956E+20,5.5511E+21,8.67771E+15,5.01117E+16
145975,6,4,12,0,2018,8,19,4,3,3,6,1,1,1,0,0,0,0,0,4.77341E+20,5.54966E+21,8.68318E+15,5.00987E+16
145976,6,4,38,10,2018,8,11,6,3,6,4,0,0,1,1,0,0,0,0,4.89977E+20,5.547E+21,8.85993E+15,5.00752E+16
145977,6,4,12,0,2018,8,14,6,1,0,6,0,1,0,0,0,1,0,0,4.77699E+20,5.55121E+21,8.6881E+15,5.01127E+16
145978,6,6,34,22,2018,8,17,6,3,1,3,0,0,1,0,0,0,0,0,5.16584E+20,5.63995E+21,9.23589E+15,5.09109E+16