OBJECTID_1,ULAND,UREGBEZ,UKREIS,UGEMEINDE,UJAHR,UMONAT,USTUNDE,UWOCHENTAG,UKATEGORIE,UART,UTYP1,ULICHTVERH,IstRad,IstPKW,IstFuss,IstKrad,IstGkfz,IstSonstig,STRZUSTAND,LINREFX,LINREFY,XGCSWGS84,YGCSWGS84
146355,6,4,32,11,2018,9,5,7,2,5,3,1,1,1,0,0,0,0,0,4.87597E+20,5.52491E+21,8.82737E+15,4.98765E+16
146356,6,4,14,0,2018,9,12,6,3,6,4,0,0,1,1,0,0,0,0,4.45852E+20,5.54821E+21,8.24314E+15,5.00837E+16
146357,6,4,40,8,2018,9,7,7,3,5,3,0,0,1,0,0,0,0,0,4.81925E+20,5.57391E+21,8.74611E+15,5.0317E+16
146358,6,4,31,13,2018,9,10,7,3,5,3,0,1,1,0,0,0,0,0,4.61376E+20,5.49399E+21,8.46552E+15,4.95973E+16
146359,6,6,31,15,2018,9,14,7,2,3,2,0,0,1,0,0,0,0,0,5.54696E+20,5.61313E+21,9.77397E+15,5.06675E+16
146360,6,4,12,0,2018,9,19,6,2,5,7,0,1,1,0,0,0,0,0,4.78372E+20,5.55593E+21,8.69723E+15,5.01552E+16
146361,6,4,12,0,2018,9,20,6,3,0,7,1,1,0,0,0,0,0,0,4.73759E+20,5.55024E+21,8.63305E+15,5.01038E+16
146362,6,4,12,0,2018,9,15,6,3,2,7,0,0,0,0,1,0,1,0,4.77162E+20,5.55121E+21,8.68058E+15,5.01127E+16
146363,6,4,12,0,2018,9,6,6,3,0,7,1,1,0,0,0,0,0,0,4.76635E+20,5.55105E+21,8.67322E+15,5.01112E+16
146364,6,4,35,14,2018,9,1,7,3,5,3,2,0,1,0,0,0,0,0,4.9423E+20,5.55318E+21,8.91927E+15,5.01309E+16
146365,6,5,32,23,2018,9,12,7,3,5,3,0,0,1,0,0,0,1,0,4.649E+20,5.60242E+21,8.50432E+15,5.05727E+16
146366,6,4,12,0,2018,9,11,6,3,5,7,0,1,0,0,0,0,0,0,4.77657E+20,5.55168E+21,8.68749E+15,5.0117E+16
146367,6,5,32,23,2018,9,17,7,3,5,3,0,1,1,0,0,0,0,0,4.64268E+20,5.60238E+21,8.4954E+15,5.05723E+16
146368,6,4,11,0,2018,9,18,6,3,2,6,0,0,1,0,0,0,0,1,4.75222E+20,5.52757E+21,8.65497E+15,4.99E+16
146369,6,4,35,21,2018,8,7,6,3,5,2,0,0,0,1,1,0,0,0,4.91173E+20,5.56404E+21,8.87625E+15,5.02284E+16
146370,6,4,11,0,2018,9,18,6,3,1,5,0,0,1,0,0,0,0,1,4.74179E+20,5.52606E+21,8.64055E+15,4.98864E+16
146371,6,4,11,0,2018,9,20,6,3,5,3,2,1,1,0,0,0,0,0,4.76326E+20,5.52227E+21,8.67067E+15,4.98524E+16
146372,6,6,32,12,2018,8,13,6,3,5,3,0,0,1,0,0,0,1,0,5.55889E+20,5.64073E+21,9.79504E+15,5.09155E+16
146373,6,6,33,3,2018,9,17,6,3,0,3,0,0,1,0,1,0,0,0,5.29075E+20,5.67835E+21,9.41666E+15,5.12558E+16
146374,6,6,11,0,2018,8,18,6,3,5,3,0,0,1,0,0,0,0,0,5.37197E+20,5.68246E+21,9.53346E+15,5.12923E+16
146375,6,4,39,11,2018,9,13,6,3,0,7,0,0,0,0,0,0,1,0,4.50494E+20,5.55688E+21,8.30689E+15,5.01621E+16
146376,6,4,38,13,2018,9,15,6,3,5,3,0,0,1,0,1,0,0,0,4.98682E+20,5.543E+21,8.9816E+15,5.00393E+16
146377,6,6,11,0,2018,8,20,6,3,6,4,2,0,0,1,0,0,1,0,5.33517E+20,5.68774E+21,9.48118E+15,5.13399E+16
146378,6,5,33,17,2018,9,6,6,3,6,7,0,0,1,0,0,0,1,0,4.47599E+20,5.59268E+21,8.26139E+15,5.04838E+16
146379,6,6,11,0,2018,8,14,6,2,5,3,0,1,1,0,0,0,0,0,5.34514E+20,5.68718E+21,9.49545E+15,5.13349E+16
146380,6,4,14,0,2018,8,16,6,3,6,3,0,0,1,1,0,0,0,0,4.44465E+20,5.54724E+21,8.22389E+15,5.00748E+16
146381,6,4,31,16,2018,9,11,6,3,4,6,0,1,1,0,0,0,0,1,4.68399E+20,5.49979E+21,8.56223E+15,4.96499E+16
146382,6,4,32,19,2018,9,19,6,3,9,1,1,0,1,0,0,0,0,0,4.88522E+20,5.52013E+21,8.8404E+15,4.98335E+16
146383,6,4,14,0,2018,8,18,6,3,6,7,0,0,1,1,0,0,0,0,4.45688E+20,5.54805E+21,8.24086E+15,5.00822E+16
146384,6,4,31,5,2018,9,20,6,3,1,5,2,0,1,0,0,0,0,1,4.60962E+20,5.49907E+21,8.45927E+15,4.96429E+16
146385,6,4,31,13,2018,9,17,6,2,5,3,0,1,1,0,0,0,0,0,4.61279E+20,5.49459E+21,8.46412E+15,4.96026E+16
146386,6,4,14,0,2018,8,13,6,3,5,2,0,0,1,0,0,0,0,0,4.45974E+20,5.5468E+21,8.24504E+15,5.0071E+16
146387,6,6,31,9,2018,9,6,6,2,1,7,0,0,1,0,0,0,0,0,5.48654E+20,5.60021E+21,9.68679E+15,5.05518E+16
146388,6,4,13,0,2018,8,15,6,3,6,7,0,0,0,1,0,0,1,0,4.8531E+20,5.55121E+21,8.79454E+15,5.01129E+16
146389,6,4,12,0,2018,8,15,6,3,5,2,0,0,1,0,0,0,0,0,4.64844E+20,5.54765E+21,8.50864E+15,5.00801E+16
146390,6,4,12,0,2018,8,15,6,3,6,4,0,1,0,1,0,0,0,0,4.72977E+20,5.55716E+21,8.62163E+15,5.0166E+16
146391,6,5,32,1,2018,9,9,6,3,9,1,0,0,1,0,0,0,0,0,4.58753E+20,5.60482E+21,8.41726E+15,5.05938E+16
146392,6,4,12,0,2018,8,16,6,3,5,3,0,1,1,0,0,0,0,0,4.77219E+20,5.54917E+21,8.68151E+15,5.00944E+16
146393,6,4,12,0,2018,8,12,6,3,6,4,0,0,1,1,0,0,0,0,4.77587E+20,5.55149E+21,8.68652E+15,5.01152E+16
146394,6,4,14,0,2018,9,17,5,3,0,7,0,1,1,0,0,0,0,0,4.54347E+20,5.54307E+21,8.36248E+15,5.00381E+16
146395,6,4,14,0,2018,9,16,5,3,5,3,0,0,1,0,0,0,0,0,4.45805E+20,5.54362E+21,8.24313E+15,5.00424E+16
146396,6,4,11,0,2018,8,20,6,3,0,7,2,1,1,0,0,0,0,0,4.75364E+20,5.52848E+21,8.65689E+15,4.99082E+16
146397,6,4,14,0,2018,9,11,5,3,6,4,0,0,0,1,0,0,1,0,4.45484E+20,5.54779E+21,8.23805E+15,5.00799E+16
146398,6,4,12,0,2018,9,9,5,3,5,3,0,0,1,0,0,0,0,0,4.70213E+20,5.55284E+21,8.58327E+15,5.01271E+16
146399,6,6,35,17,2018,8,6,6,3,5,3,0,0,1,0,0,0,0,0,4.90598E+20,5.64743E+21,8.86607E+15,5.09784E+16
146400,6,4,38,7,2018,8,18,6,3,0,7,0,0,0,0,1,0,1,0,5.02104E+20,5.54241E+21,9.02938E+15,5.0034E+16
146401,6,4,12,0,2018,9,6,5,3,1,5,0,1,1,0,0,0,0,0,4.73989E+20,5.55183E+21,8.63617E+15,5.01182E+16
146402,6,4,38,2,2018,8,18,6,3,5,2,0,1,0,0,0,0,0,0,4.78053E+20,5.54044E+21,8.69366E+15,5.00158E+16
146403,6,4,38,8,2018,8,15,6,2,5,3,0,1,1,0,0,0,0,0,4.89481E+20,5.55216E+21,8.85285E+15,5.01216E+16
146404,6,4,38,11,2018,8,13,6,3,0,7,0,0,1,0,0,0,0,0,4.9196E+20,5.53952E+21,8.88779E+15,5.0008E+16
146405,6,4,12,0,2018,9,18,5,3,4,6,0,1,1,0,0,0,0,0,4.77228E+20,5.55559E+21,8.68124E+15,5.01521E+16
146406,6,4,12,0,2018,9,17,5,3,5,3,0,1,1,0,0,0,0,0,4.7759E+20,5.55453E+21,8.68637E+15,5.01426E+16
146407,6,4,34,1,2018,8,18,6,2,5,3,0,1,1,0,0,0,0,0,4.73484E+20,5.56331E+21,8.62831E+15,5.02214E+16
146408,6,4,31,16,2018,8,18,6,3,3,2,0,1,1,0,0,0,0,0,4.68071E+20,5.49917E+21,8.55773E+15,4.96443E+16
146409,6,4,12,0,2018,9,9,5,3,6,7,0,0,1,0,0,0,1,0,4.76013E+20,5.55089E+21,8.66453E+15,5.01098E+16
146410,6,4,12,0,2018,9,16,5,2,0,6,0,0,1,0,0,0,1,0,4.77861E+20,5.55207E+21,8.69032E+15,5.01205E+16
146411,6,4,40,5,2018,8,13,6,3,6,4,0,0,1,1,0,0,0,0,4.76419E+20,5.5877E+21,8.66792E+15,5.04409E+16
146412,6,4,12,0,2018,9,9,5,3,5,3,0,1,0,0,1,0,0,0,4.77481E+20,5.55084E+21,8.68507E+15,5.01094E+16
146413,6,4,12,0,2018,9,8,5,3,5,2,0,1,1,0,0,0,0,0,4.77083E+20,5.55145E+21,8.67946E+15,5.01149E+16
146414,6,4,40,5,2018,8,15,6,3,5,3,0,0,1,0,0,0,0,0,4.77357E+20,5.58693E+21,8.68117E+15,5.0434E+16
146415,6,4,37,9,2018,8,9,6,3,5,3,0,1,1,0,0,0,0,0,5.00171E+20,5.51638E+21,9.00238E+15,4.97999E+16
146416,6,6,33,3,2018,9,18,5,3,0,1,0,0,0,0,1,0,0,1,5.27474E+20,5.67827E+21,9.39369E+15,5.12551E+16
146417,6,4,32,21,2018,8,13,6,3,5,3,0,0,1,0,0,0,0,0,5.00205E+20,5.5301E+21,9.00285E+15,4.99232E+16
146418,6,4,33,6,2018,8,11,6,3,2,6,0,0,1,0,0,0,0,0,4.62644E+20,5.52933E+21,8.47967E+15,4.99151E+16
146419,6,4,33,6,2018,8,7,6,3,5,3,0,1,1,0,0,0,0,0,4.63125E+20,5.52979E+21,8.48632E+15,4.99194E+16
146420,6,4,39,2,2018,9,20,5,3,2,6,2,0,1,0,0,0,0,0,4.31863E+20,5.55395E+21,8.04659E+15,5.01339E+16
146421,6,4,38,11,2018,9,20,5,2,5,2,2,1,1,0,0,0,0,1,4.90476E+20,5.53856E+21,8.86712E+15,4.99993E+16
146422,6,4,33,3,2018,8,8,6,3,5,2,0,1,0,0,0,0,1,0,4.64435E+20,5.52813E+21,8.50472E+15,4.99045E+16
146423,6,4,38,11,2018,9,18,5,3,2,6,0,0,1,0,0,0,0,0,4.90249E+20,5.53888E+21,8.86393E+15,5.00022E+16
146424,6,5,34,14,2018,8,20,6,3,5,2,2,1,1,0,0,0,0,0,4.8382E+20,5.62726E+21,8.77041E+15,5.07969E+16
146425,6,4,40,2,2018,9,17,5,3,0,7,0,0,1,0,0,0,0,0,4.81702E+20,5.57929E+21,8.74272E+15,5.03654E+16
146426,6,5,34,10,2018,9,19,5,3,1,3,0,0,1,0,1,0,0,0,4.70467E+20,5.62449E+21,8.58117E+15,5.07714E+16
146427,6,5,34,14,2018,8,13,6,3,5,3,0,0,1,0,0,0,0,0,4.83026E+20,5.62792E+21,8.75911E+15,5.08028E+16
146428,6,5,31,12,2018,8,16,6,3,5,3,0,0,1,0,0,0,0,0,4.75258E+20,5.59846E+21,8.65085E+15,5.05375E+16
146429,6,4,33,12,2018,9,17,5,3,0,3,0,0,1,0,1,0,0,1,4.58934E+20,5.53799E+21,8.42707E+15,4.99928E+16
146430,6,5,31,12,2018,8,11,6,3,0,3,0,1,1,0,0,0,0,0,4.77601E+20,5.59755E+21,8.68397E+15,5.05295E+16
146431,6,4,33,12,2018,9,18,5,3,5,3,0,1,1,0,0,0,0,0,4.58661E+20,5.53861E+21,8.4232E+15,4.99983E+16
146432,6,5,31,5,2018,8,9,5,3,5,2,0,1,1,0,0,0,0,0,4.78427E+20,5.60554E+21,8.69516E+15,5.06014E+16
146433,6,4,33,8,2018,9,9,5,3,0,1,0,0,0,0,1,0,0,0,4.69414E+20,5.53824E+21,8.57325E+15,4.99957E+16
146434,6,4,33,7,2018,9,17,5,3,2,6,0,0,1,0,0,0,0,1,4.64561E+20,5.54425E+21,8.50499E+15,5.00495E+16
146435,6,5,31,5,2018,8,17,5,3,2,6,0,0,1,0,1,0,0,0,4.79091E+20,5.60481E+21,8.70458E+15,5.05948E+16
146436,6,6,31,9,2018,9,10,5,3,0,7,0,0,1,0,1,0,0,0,5.48508E+20,5.59752E+21,9.68438E+15,5.05277E+16
146437,6,6,32,19,2018,8,17,5,3,5,3,0,0,1,0,0,0,0,0,5.5688E+20,5.63055E+21,9.80756E+15,5.08239E+16
146438,6,6,32,2,2018,8,18,5,3,5,3,0,1,0,0,1,0,0,0,5.50286E+20,5.63566E+21,9.71465E+15,5.08705E+16
146439,6,4,35,14,2018,9,8,5,3,0,1,0,1,0,0,0,0,0,0,4.96326E+20,5.55112E+21,8.94861E+15,5.01123E+16
146440,6,6,33,17,2018,9,7,4,3,5,3,0,0,1,0,0,0,0,0,5.38148E+20,5.68107E+21,9.54694E+15,5.12797E+16
146441,6,6,11,0,2018,8,15,5,3,5,3,0,1,1,0,0,0,0,0,5.37211E+20,5.68358E+21,9.53378E+15,5.13023E+16
146442,6,4,13,0,2018,9,15,4,3,5,3,0,0,1,0,0,0,0,0,4.82581E+20,5.55026E+21,8.75642E+15,5.01043E+16
146443,6,4,14,0,2018,8,17,5,3,0,7,0,0,0,0,1,0,1,1,4.45341E+20,5.5479E+21,8.23603E+15,5.00808E+16
146444,6,4,13,0,2018,9,5,4,3,5,2,1,1,1,0,0,0,0,0,4.82562E+20,5.54877E+21,8.75622E+15,5.00909E+16
146445,6,4,12,0,2018,9,16,4,3,0,7,0,1,0,0,0,0,1,0,4.74203E+20,5.55201E+21,8.63915E+15,5.01198E+16
146446,6,4,14,0,2018,8,17,5,3,4,7,0,0,1,1,0,0,0,0,4.46316E+20,5.54806E+21,8.24963E+15,5.00824E+16
146447,6,4,12,0,2018,9,8,4,3,1,7,0,1,1,0,0,0,0,0,4.75185E+20,5.55476E+21,8.65271E+15,5.01445E+16
146448,6,4,12,0,2018,9,17,4,2,0,5,0,1,1,0,0,0,0,0,4.7371E+20,5.54822E+21,8.63251E+15,5.00856E+16
146449,6,4,13,0,2018,8,9,5,3,5,2,0,1,1,0,0,0,0,0,4.83392E+20,5.54989E+21,8.76778E+15,5.0101E+16
146450,6,4,12,0,2018,9,17,4,3,6,4,0,0,1,1,0,0,0,0,4.75079E+20,5.54855E+21,8.65162E+15,5.00887E+16
146451,6,4,36,1,2018,8,21,5,2,5,2,2,0,1,0,1,0,0,0,4.61506E+20,5.55659E+21,8.46108E+15,5.01603E+16
146452,6,4,12,0,2018,8,11,5,2,2,6,0,0,1,0,0,0,0,0,4.71919E+20,5.54944E+21,8.60739E+15,5.00966E+16
146453,6,4,12,0,2018,9,22,4,3,3,6,2,0,1,0,1,0,0,0,4.76387E+20,5.5511E+21,8.66976E+15,5.01117E+16
146454,6,4,37,6,2018,9,9,4,3,1,7,0,1,1,0,0,0,0,0,4.99452E+20,5.50078E+21,8.99241E+15,4.96595E+16
146455,6,4,12,0,2018,8,8,5,3,5,3,0,1,1,0,0,0,0,0,4.77568E+20,5.55259E+21,8.68618E+15,5.01252E+16
146456,6,4,11,0,2018,9,17,4,2,5,2,0,0,1,0,1,0,0,0,4.72522E+20,5.5249E+21,8.61757E+15,4.98759E+16
146457,6,6,34,7,2018,9,18,4,2,5,3,0,0,1,0,1,0,0,0,5.28383E+20,5.67133E+21,9.40618E+15,5.11927E+16
146458,6,4,11,0,2018,8,15,5,3,5,3,0,0,1,0,0,0,1,0,4.75483E+20,5.52607E+21,8.6587E+15,4.98866E+16
146459,6,4,38,2,2018,8,8,5,3,5,3,0,1,1,0,0,0,0,0,4.77997E+20,5.54186E+21,8.69281E+15,5.00287E+16
146460,6,6,34,5,2018,9,13,4,3,5,2,0,0,1,0,0,0,0,0,5.18934E+20,5.66464E+21,9.2706E+15,5.11329E+16
146461,6,4,38,9,2018,8,16,5,3,5,2,0,1,1,0,0,0,0,0,4.78184E+20,5.54387E+21,8.6953E+15,5.00467E+16
146462,6,6,35,11,2018,9,10,4,3,1,3,0,0,1,0,1,0,0,0,4.85363E+20,5.65606E+21,8.79115E+15,5.10558E+16
146463,6,4,38,6,2018,8,11,5,3,1,5,0,1,1,0,0,0,0,0,4.75487E+20,5.53791E+21,8.65801E+15,4.9993E+16
146464,6,4,38,5,2018,8,8,5,3,5,2,0,1,1,0,0,0,0,0,4.85176E+20,5.5441E+21,8.79294E+15,5.0049E+16
146465,6,5,33,17,2018,8,13,5,3,6,4,0,0,1,1,0,0,0,0,4.49035E+20,5.59237E+21,8.28167E+15,5.04811E+16
146466,6,4,38,13,2018,9,15,4,3,5,3,0,1,1,0,0,0,0,0,4.98011E+20,5.54353E+21,8.97222E+15,5.00441E+16
146467,6,4,34,7,2018,9,22,4,3,5,3,2,0,1,0,1,0,0,0,4.64557E+20,5.57313E+21,8.50225E+15,5.03092E+16
146468,6,4,36,5,2018,8,15,5,3,2,2,0,0,1,0,1,0,0,0,4.63337E+20,5.54685E+21,8.48766E+15,5.00728E+16
146469,6,4,32,4,2018,9,16,4,3,5,3,0,0,1,0,1,0,0,0,4.89773E+20,5.52791E+21,8.85759E+15,4.99035E+16
146470,6,4,32,8,2018,9,15,4,3,1,5,0,1,1,0,0,0,0,0,4.68168E+20,5.52301E+21,8.55714E+15,4.98587E+16
146471,6,4,32,19,2018,8,11,5,3,4,6,0,0,1,0,0,0,0,0,4.85063E+20,5.5213E+21,8.79225E+15,4.98439E+16
146472,6,4,33,12,2018,8,13,5,3,2,6,0,0,1,0,1,0,0,0,4.58557E+20,5.53757E+21,8.42186E+15,4.9989E+16
146473,6,4,40,2,2018,9,19,4,3,1,5,0,1,1,0,0,0,0,0,4.81293E+20,5.57876E+21,8.73699E+15,5.03606E+16
146474,6,4,33,12,2018,8,1,5,3,9,1,2,0,1,0,0,0,0,1,4.56443E+20,5.53712E+21,8.39243E+15,4.99848E+16
146475,6,4,33,6,2018,8,18,5,2,5,3,0,1,1,0,0,0,0,0,4.63307E+20,5.52982E+21,8.48886E+15,4.99197E+16
146476,6,5,34,14,2018,8,17,5,3,2,6,0,0,1,0,1,0,0,0,4.79977E+20,5.63233E+21,8.71562E+15,5.08424E+16
146477,6,4,31,20,2018,9,19,4,2,1,5,1,1,1,0,0,0,0,0,4.69301E+20,5.48725E+21,8.5757E+15,4.95371E+16
146478,6,4,33,12,2018,9,9,4,3,5,3,0,0,1,0,0,0,0,0,4.58202E+20,5.5376E+21,8.4169E+15,4.99893E+16
146479,6,5,31,5,2018,8,23,5,3,5,3,2,0,1,0,0,0,0,0,4.78118E+20,5.6022E+21,8.691E+15,5.05713E+16
146480,6,5,31,5,2018,8,15,4,3,6,6,0,0,1,1,0,0,0,0,4.77089E+20,5.60378E+21,8.67637E+15,5.05855E+16
146481,6,6,36,7,2018,8,15,4,3,8,1,0,0,0,0,1,0,0,0,5.74417E+20,5.673E+21,1.00652E+16,5.12036E+16
146482,6,4,33,12,2018,9,7,4,3,3,6,0,0,1,0,0,0,1,0,4.57936E+20,5.53728E+21,8.41322E+15,4.99864E+16
146483,6,4,33,12,2018,9,21,4,3,5,3,2,0,1,0,0,0,0,0,4.59077E+20,5.53835E+21,8.42904E+15,4.99961E+16
146484,6,5,33,7,2018,8,12,4,3,6,4,0,0,1,1,0,0,0,0,4.32456E+20,5.58889E+21,8.04865E+15,5.04482E+16
146485,6,4,35,14,2018,9,9,4,2,5,3,0,0,1,0,1,0,0,0,4.93131E+20,5.55422E+21,8.90388E+15,5.01402E+16
146486,6,4,35,23,2018,9,14,3,3,1,7,0,0,1,0,0,0,0,0,5.01539E+20,5.55501E+21,9.02154E+15,5.01473E+16
146487,6,6,33,26,2018,8,12,4,3,4,6,0,0,1,0,0,0,0,0,5.32403E+20,5.68916E+21,9.46532E+15,5.13528E+16
146488,6,4,14,0,2018,8,7,4,3,0,7,0,1,1,0,0,0,0,0,4.45548E+20,5.54686E+21,8.23908E+15,5.00715E+16
146489,6,5,33,3,2018,9,18,3,3,5,3,0,0,1,0,1,0,0,0,4.47039E+20,5.57316E+21,8.25625E+15,5.03082E+16
146490,6,4,14,0,2018,8,5,4,3,1,1,1,0,1,0,0,0,0,0,4.43178E+20,5.54773E+21,8.20583E+15,5.00791E+16
146491,6,6,11,0,2018,9,16,3,3,1,7,0,0,1,0,0,0,0,0,5.36747E+20,5.68272E+21,9.52703E+15,5.12946E+16
146492,6,4,14,0,2018,8,11,4,3,7,7,0,0,0,0,0,0,1,0,4.45539E+20,5.54976E+21,8.23854E+15,5.00976E+16
146493,6,6,11,0,2018,9,17,3,3,0,2,0,1,1,0,0,0,0,0,5.35557E+20,5.68649E+21,9.51034E+15,5.13286E+16
146494,6,4,14,0,2018,9,17,3,3,2,6,0,0,1,0,0,0,0,0,4.44419E+20,5.54728E+21,8.22324E+15,5.00752E+16
146495,6,4,13,0,2018,8,19,4,3,5,3,0,1,1,0,0,0,0,0,4.82754E+20,5.54983E+21,8.75885E+15,5.01005E+16
146496,6,4,14,0,2018,9,16,3,3,2,6,0,0,1,0,0,0,0,0,4.4551E+20,5.54741E+21,8.23847E+15,5.00765E+16
146497,6,4,13,0,2018,9,13,3,3,5,3,0,0,1,0,0,0,0,0,4.88407E+20,5.54764E+21,8.83797E+15,5.00809E+16
146498,6,4,13,0,2018,8,16,4,3,6,4,0,0,1,1,0,0,1,0,4.82533E+20,5.55079E+21,8.75573E+15,5.01091E+16
146499,6,4,12,0,2018,9,13,3,3,1,5,0,0,1,0,0,0,1,0,4.67414E+20,5.55008E+21,8.54435E+15,5.01021E+16
146500,6,4,12,0,2018,8,18,4,3,5,3,0,1,1,0,0,0,0,1,4.72437E+20,5.54916E+21,8.61465E+15,5.00941E+16
146501,6,4,12,0,2018,8,19,4,3,0,1,1,1,0,0,1,0,0,1,4.73866E+20,5.55603E+21,8.63415E+15,5.0156E+16
146502,6,4,12,0,2018,9,15,3,3,4,6,0,1,1,0,0,0,0,0,4.75976E+20,5.55902E+21,8.6635E+15,5.01829E+16
146503,6,4,12,0,2018,9,18,3,3,3,6,0,1,1,0,0,0,0,0,4.72515E+20,5.55284E+21,8.61547E+15,5.01272E+16
146504,6,4,12,0,2018,8,17,4,3,1,7,0,1,1,0,0,0,0,0,4.75863E+20,5.55173E+21,8.66238E+15,5.01173E+16
146505,6,4,12,0,2018,9,12,3,3,2,6,0,0,1,0,0,0,0,0,4.75565E+20,5.55021E+21,8.65831E+15,5.01036E+16
146506,6,4,12,0,2018,9,16,3,3,0,7,0,1,1,0,0,0,1,0,4.7673E+20,5.55135E+21,8.67453E+15,5.01139E+16
146507,6,4,12,0,2018,8,11,4,3,5,3,0,0,1,0,0,0,1,0,4.72442E+20,5.55131E+21,8.61457E+15,5.01134E+16
146508,6,6,35,3,2018,9,9,3,3,6,4,0,0,1,1,0,0,0,0,5.08026E+20,5.66279E+21,9.11466E+15,5.11165E+16
146509,6,4,12,0,2018,8,15,4,3,6,7,0,0,1,1,0,0,0,0,4.78076E+20,5.5496E+21,8.69346E+15,5.00983E+16
146510,6,4,12,0,2018,8,18,4,3,0,1,0,0,0,0,1,0,0,1,4.78337E+20,5.55294E+21,8.69692E+15,5.01283E+16
146511,6,6,35,4,2018,9,7,3,3,6,4,0,0,1,1,0,0,0,0,4.71982E+20,5.65274E+21,8.60048E+15,5.10256E+16
146512,6,4,12,0,2018,8,18,4,3,5,2,0,1,1,0,0,0,0,0,4.77395E+20,5.55129E+21,8.68384E+15,5.01134E+16
146513,6,4,11,0,2018,8,18,4,3,0,1,0,0,0,0,1,0,0,1,4.74716E+20,5.52239E+21,8.64827E+15,4.98534E+16
146514,6,4,38,9,2018,9,10,3,3,5,3,0,1,1,0,0,0,0,0,4.76999E+20,5.54335E+21,8.67878E+15,5.0042E+16
146515,6,4,38,6,2018,9,18,3,3,8,7,0,1,0,0,0,0,0,0,4.76947E+20,5.53689E+21,8.67843E+15,4.99839E+16
146516,6,4,11,0,2018,8,17,4,3,2,6,0,0,1,0,0,0,0,0,4.75317E+20,5.52576E+21,8.65641E+15,4.98838E+16
146517,6,4,38,11,2018,9,17,3,3,5,3,0,0,1,0,1,0,0,0,4.92172E+20,5.54023E+21,8.89074E+15,5.00143E+16
146518,6,5,33,17,2018,9,10,3,3,5,3,0,0,1,0,0,0,1,0,4.43189E+20,5.59111E+21,8.19947E+15,5.04693E+16
146519,6,6,11,0,2018,8,17,4,3,5,2,0,1,1,0,0,0,0,0,5.32451E+20,5.68391E+21,9.46553E+15,5.13056E+16
146520,6,4,38,3,2018,8,16,4,3,5,3,0,1,1,0,0,0,0,0,4.76382E+20,5.53396E+21,8.67074E+15,4.99575E+16
146521,6,4,31,19,2018,9,19,3,3,5,2,0,1,1,0,0,0,0,0,4.82746E+20,5.49645E+21,8.76112E+15,4.96204E+16
146522,6,4,38,6,2018,8,8,4,3,2,6,0,0,1,0,0,0,0,0,4.74437E+20,5.53778E+21,8.64337E+15,4.99918E+16
146523,6,4,38,10,2018,8,13,4,3,5,3,0,0,1,0,0,0,0,0,4.90484E+20,5.54789E+21,8.86698E+15,5.00832E+16
146524,6,4,34,1,2018,8,12,4,3,5,2,0,0,1,0,1,0,0,0,4.73932E+20,5.56378E+21,8.63455E+15,5.02256E+16
146525,6,4,31,11,2018,9,17,3,3,6,7,0,1,0,1,0,0,0,0,4.72362E+20,5.49756E+21,8.61729E+15,4.963E+16
146526,6,5,32,6,2018,9,14,3,3,2,6,0,0,1,0,0,0,0,0,4.49348E+20,5.62156E+21,8.28209E+15,5.07436E+16
146527,6,4,36,9,2018,8,18,4,3,5,3,0,0,1,0,0,0,0,1,4.61808E+20,5.54841E+21,8.46612E+15,5.00867E+16
146528,6,4,32,2,2018,9,15,3,3,5,3,0,1,1,0,0,0,0,0,4.95725E+20,5.53453E+21,8.94039E+15,4.99631E+16
146529,6,4,32,8,2018,9,13,3,3,5,3,0,0,1,0,1,0,0,0,4.69814E+20,5.5232E+21,8.58002E+15,4.98605E+16
146530,6,4,31,20,2018,8,13,4,3,0,6,0,1,0,0,0,0,0,0,4.6968E+20,5.48749E+21,8.58093E+15,4.95393E+16
146531,6,4,31,2,2018,9,8,3,3,1,5,0,1,1,0,0,0,0,0,4.72203E+20,5.50216E+21,8.61476E+15,4.96713E+16
146532,6,4,33,8,2018,8,7,4,3,5,3,0,1,1,0,0,0,0,0,4.70226E+20,5.53722E+21,8.58467E+15,4.99865E+16
146533,6,4,33,12,2018,9,7,3,3,5,3,0,1,1,0,0,0,0,0,4.60193E+20,5.53738E+21,8.4447E+15,4.99874E+16
146534,6,4,33,7,2018,9,5,3,2,7,7,1,0,0,0,1,0,0,0,4.64308E+20,5.54393E+21,8.50149E+15,5.00466E+16
146535,6,4,33,8,2018,8,14,4,3,5,7,0,0,1,0,0,0,0,0,4.6909E+20,5.53619E+21,8.5689E+15,4.99773E+16
146536,6,4,33,6,2018,8,17,4,3,6,7,0,0,1,1,0,0,0,0,4.6288E+20,5.53005E+21,8.48289E+15,4.99216E+16
146537,6,5,34,14,2018,9,19,3,2,6,7,1,1,0,1,0,0,0,0,4.85028E+20,5.62707E+21,8.78757E+15,5.07951E+16
146538,6,5,31,5,2018,8,7,4,2,5,3,0,0,1,0,1,0,0,0,4.78885E+20,5.603E+21,8.70177E+15,5.05785E+16
146539,6,4,35,17,2018,8,8,3,3,5,3,0,1,1,0,0,0,0,0,5.03505E+20,5.55898E+21,9.0491E+15,5.0183E+16
146540,6,6,35,22,2018,8,18,3,3,5,3,0,0,1,0,1,0,0,0,4.71646E+20,5.68248E+21,8.59335E+15,5.1293E+16
146541,6,5,34,14,2018,9,17,3,3,5,3,0,0,1,0,1,0,0,0,4.8482E+20,5.6275E+21,8.7846E+15,5.0799E+16
146542,6,6,31,9,2018,9,15,3,2,0,7,0,1,0,0,0,0,0,1,5.474E+20,5.59926E+21,9.66897E+15,5.05434E+16