OBJECTID_1,ULAND,UREGBEZ,UKREIS,UGEMEINDE,UJAHR,UMONAT,USTUNDE,UWOCHENTAG,UKATEGORIE,UART,UTYP1,ULICHTVERH,IstRad,IstPKW,IstFuss,IstKrad,IstGkfz,IstSonstig,STRZUSTAND,LINREFX,LINREFY,XGCSWGS84,YGCSWGS84
146543,6,6,34,1,2018,8,20,3,3,5,3,0,0,1,0,0,0,0,0,5.20133E+20,5.65423E+21,9.28716E+15,5.10393E+16
146544,6,5,32,23,2018,9,14,3,3,5,3,0,0,1,0,1,0,0,0,4.71618E+20,5.60141E+21,8.59926E+15,5.05639E+16
146545,6,4,14,0,2018,8,16,3,3,1,7,0,0,1,0,0,0,0,0,4.45706E+20,5.54365E+21,8.24174E+15,5.00427E+16
146546,6,4,36,3,2018,8,16,3,3,1,5,0,1,1,0,0,0,0,0,4.67659E+20,5.556E+21,8.54727E+15,5.01553E+16
146547,6,5,31,5,2018,9,18,3,3,5,3,0,1,0,0,0,0,1,0,4.76251E+20,5.60323E+21,8.66456E+15,5.05805E+16
146548,6,4,36,5,2018,8,7,3,3,5,2,0,1,1,0,0,0,0,0,4.6285E+20,5.54594E+21,8.48093E+15,5.00646E+16
146549,6,5,31,12,2018,9,10,3,3,5,3,0,0,1,0,1,0,0,0,4.75466E+20,5.59846E+21,8.65379E+15,5.05376E+16
146550,6,4,12,0,2018,8,17,3,3,0,7,0,1,0,0,0,0,0,0,4.75289E+20,5.55634E+21,8.65406E+15,5.01587E+16
146551,6,4,36,3,2018,9,13,2,3,5,2,0,0,1,0,1,0,0,0,4.69541E+20,5.55442E+21,8.57375E+15,5.01412E+16
146552,6,4,12,0,2018,8,12,3,3,5,3,0,0,1,0,0,1,0,0,4.76712E+20,5.55422E+21,8.67411E+15,5.01397E+16
146553,6,4,12,0,2018,9,6,2,3,5,3,1,1,1,0,0,0,0,1,4.67007E+20,5.55015E+21,8.53865E+15,5.01027E+16
146554,6,4,12,0,2018,8,17,3,3,1,5,0,1,1,0,0,0,0,0,4.76638E+20,5.55457E+21,8.67305E+15,5.01429E+16
146555,6,4,12,0,2018,9,18,2,3,1,7,0,1,1,0,0,0,0,0,4.79723E+20,5.55276E+21,8.71632E+15,5.01267E+16
146556,6,4,12,0,2018,9,17,2,3,2,6,0,0,1,0,0,0,1,0,4.78959E+20,5.55285E+21,8.70563E+15,5.01275E+16
146557,6,4,12,0,2018,8,22,3,3,5,2,2,0,1,0,0,0,0,0,4.75722E+20,5.54943E+21,8.66055E+15,5.00966E+16
146558,6,4,12,0,2018,9,6,2,3,1,1,2,0,1,0,1,0,0,1,4.78497E+20,5.55298E+21,8.69916E+15,5.01287E+16
146559,6,4,12,0,2018,8,15,3,3,5,2,0,1,0,0,0,0,0,0,4.76632E+20,5.55018E+21,8.67323E+15,5.01034E+16
146560,6,4,12,0,2018,8,15,3,3,2,6,0,0,1,0,0,0,0,0,4.75656E+20,5.54999E+21,8.6596E+15,5.01017E+16
146561,6,4,12,0,2018,9,8,2,3,6,4,0,1,0,1,0,0,0,1,4.79612E+20,5.5513E+21,8.71484E+15,5.01136E+16
146562,6,4,12,0,2018,9,12,2,3,6,7,0,0,1,1,0,0,0,0,4.75875E+20,5.55239E+21,8.66251E+15,5.01232E+16
146563,6,4,12,0,2018,8,19,3,3,0,5,0,1,1,0,0,0,0,0,4.77293E+20,5.55162E+21,8.68239E+15,5.01164E+16
146564,6,4,12,0,2018,9,12,2,3,8,7,0,0,1,0,0,0,0,0,4.7681E+20,5.5524E+21,8.67559E+15,5.01234E+16
146565,6,4,11,0,2018,9,10,2,3,8,2,0,0,1,0,0,0,1,0,4.74335E+20,5.52562E+21,8.64276E+15,4.98824E+16
146566,6,4,11,0,2018,8,18,3,3,5,3,0,1,1,0,0,0,0,0,4.75119E+20,5.52908E+21,8.65345E+15,4.99136E+16
146567,6,6,34,3,2018,8,18,3,2,0,1,0,0,1,0,0,0,0,0,5.31085E+20,5.66368E+21,9.44418E+15,5.11237E+16
146568,6,4,11,0,2018,9,14,2,3,4,3,0,1,1,0,0,0,0,0,4.74672E+20,5.52429E+21,8.64754E+15,4.98705E+16
146569,6,6,35,3,2018,9,14,2,3,5,3,0,0,1,0,0,0,0,1,5.07536E+20,5.66228E+21,9.10766E+15,5.1112E+16
146570,6,6,32,18,2018,8,9,3,3,2,6,0,0,1,0,0,0,0,0,5.50904E+20,5.64963E+21,9.72538E+15,5.0996E+16
146571,6,6,33,21,2018,9,18,2,3,8,3,0,0,0,0,1,0,1,0,5.38236E+20,5.71632E+21,9.55203E+15,5.15966E+16
146572,6,4,38,5,2018,8,18,3,3,1,5,0,1,1,0,0,0,0,0,4.84604E+20,5.54478E+21,8.78493E+15,5.00551E+16
146573,6,4,34,8,2018,8,6,3,3,5,3,0,0,1,0,0,0,1,0,4.69343E+20,5.5621E+21,8.57036E+15,5.02103E+16
146574,6,6,11,0,2018,9,19,2,3,1,5,0,0,1,0,0,0,0,0,5.30454E+20,5.68363E+21,9.43686E+15,5.13032E+16
146575,6,6,33,3,2018,9,14,2,3,4,1,0,0,1,0,0,0,0,1,5.27506E+20,5.6783E+21,9.39416E+15,5.12554E+16
146576,6,4,34,6,2018,8,9,3,3,0,7,0,1,0,0,0,0,0,0,4.6347E+20,5.55971E+21,8.48827E+15,5.01885E+16
146577,6,4,38,6,2018,9,10,2,2,5,2,0,1,1,0,0,0,0,0,4.7694E+20,5.53679E+21,8.67835E+15,4.9983E+16
146578,6,4,35,19,2018,9,9,2,3,0,7,0,1,1,0,0,0,1,0,4.87988E+20,5.5547E+21,8.83189E+15,5.01444E+16
146579,6,4,36,7,2018,8,14,3,3,2,6,0,0,1,0,1,0,0,0,4.61525E+20,5.54893E+21,8.46212E+15,5.00914E+16
146580,6,4,36,8,2018,8,6,3,2,0,1,0,1,0,0,0,0,0,0,4.61561E+20,5.55247E+21,8.46227E+15,5.01232E+16
146581,6,4,31,11,2018,9,14,2,3,5,3,0,0,1,0,0,0,0,0,4.72788E+20,5.49792E+21,8.62316E+15,4.96332E+16
146582,6,4,40,12,2018,8,19,3,3,5,3,1,0,1,0,1,0,0,0,4.83923E+20,5.56383E+21,8.77461E+15,5.02264E+16
146583,6,4,40,22,2018,8,20,3,3,4,6,1,0,1,0,0,0,0,0,4.81051E+20,5.58663E+21,8.73321E+15,5.04313E+16
146584,6,5,32,11,2018,8,11,3,3,5,3,0,0,1,0,1,0,0,0,4.43883E+20,5.62153E+21,8.20465E+15,5.07428E+16
146585,6,5,32,6,2018,9,13,2,3,5,3,0,0,1,0,0,0,0,1,4.49584E+20,5.62157E+21,8.28544E+15,5.07437E+16
146586,6,4,40,23,2018,8,19,3,1,8,1,0,0,0,0,0,0,1,0,4.78169E+20,5.57181E+21,8.69348E+15,5.0298E+16
146587,6,4,31,5,2018,8,7,3,3,6,4,0,0,1,1,0,0,0,0,4.6157E+20,5.49896E+21,8.46771E+15,4.9642E+16
146588,6,4,33,2,2018,8,13,3,3,6,3,0,0,1,1,0,0,0,0,4.53967E+20,5.53767E+21,8.35782E+15,4.99896E+16
146589,6,4,38,1,2018,9,14,2,3,5,3,0,1,1,0,0,0,0,0,4.8463E+20,5.54146E+21,8.78542E+15,5.00252E+16
146590,6,4,32,11,2018,9,18,2,3,2,7,0,1,0,0,0,0,1,0,4.87149E+20,5.52522E+21,8.82113E+15,4.98792E+16
146591,6,4,33,2,2018,8,13,3,3,1,5,0,1,1,0,0,0,0,0,4.54415E+20,5.53736E+21,8.3641E+15,4.99868E+16
146592,6,4,32,15,2018,9,12,2,3,5,3,0,0,1,0,0,0,1,0,4.89785E+20,5.52917E+21,8.85771E+15,4.99148E+16
146593,6,4,11,0,2018,9,18,2,3,5,3,0,0,1,0,1,0,0,0,4.73606E+20,5.51823E+21,8.63312E+15,4.98159E+16
146594,6,4,33,13,2018,8,18,3,3,2,6,0,0,1,0,0,0,0,0,4.62558E+20,5.51815E+21,8.47956E+15,4.98147E+16
146595,6,5,34,14,2018,8,17,3,2,7,7,0,0,1,1,0,0,0,0,4.85048E+20,5.62706E+21,8.78786E+15,5.07951E+16
146596,6,5,34,5,2018,9,15,2,3,2,6,0,0,1,0,0,0,0,1,4.61715E+20,5.63675E+21,8.45579E+15,5.08812E+16
146597,6,4,12,0,2018,8,14,3,3,1,5,0,1,1,0,0,0,0,0,4.83023E+20,5.55498E+21,8.76239E+15,5.01468E+16
146598,6,4,12,0,2018,8,14,3,3,3,6,0,0,1,0,0,1,0,0,4.71442E+20,5.54389E+21,8.60114E+15,5.00466E+16
146599,6,5,33,7,2018,8,16,2,3,2,6,0,0,1,0,0,0,0,0,4.36515E+20,5.59132E+21,8.10541E+15,5.04704E+16
146600,6,4,31,3,2018,9,7,2,3,5,3,0,1,1,0,0,0,0,0,4.60675E+20,5.50433E+21,8.45478E+15,4.96902E+16
146601,6,4,33,10,2018,9,19,2,3,5,3,0,1,1,0,0,0,0,0,4.61284E+20,5.54047E+21,8.4596E+15,5.00153E+16
146602,6,6,11,0,2018,8,17,2,2,6,1,0,0,1,1,0,0,0,0,5.36516E+20,5.68657E+21,9.52411E+15,5.13292E+16
146603,6,4,33,12,2018,9,16,2,3,1,1,0,0,1,0,0,0,0,0,4.60362E+20,5.53525E+21,8.44728E+15,4.99683E+16
146604,6,5,34,1,2018,9,18,2,3,5,3,0,0,1,0,0,0,0,0,4.92187E+20,5.62413E+21,8.8892E+15,5.07689E+16
146605,6,4,13,0,2018,8,11,2,3,5,2,0,0,1,0,0,0,1,0,4.83276E+20,5.54967E+21,8.76617E+15,5.0099E+16
146606,6,4,35,14,2018,9,12,2,2,6,4,0,0,1,1,0,0,0,0,4.91498E+20,5.55333E+21,8.88104E+15,5.01322E+16
146607,6,5,32,23,2018,9,11,2,3,5,3,0,0,1,0,0,0,0,0,4.6496E+20,5.59966E+21,8.50543E+15,5.05478E+16
146608,6,4,12,0,2018,8,6,2,3,5,3,1,1,0,0,0,0,1,0,4.72501E+20,5.55515E+21,8.61511E+15,5.01479E+16
146609,6,4,38,10,2018,8,7,2,3,2,2,0,0,1,0,0,0,0,1,4.88922E+20,5.54617E+21,8.8452E+15,5.00677E+16
146610,6,5,31,5,2018,9,18,1,3,4,3,1,1,1,0,0,0,0,0,4.77628E+20,5.60373E+21,8.68399E+15,5.0585E+16
146611,6,4,36,5,2018,8,8,2,3,0,7,0,1,0,0,0,0,0,0,4.63527E+20,5.54621E+21,8.49037E+15,5.0067E+16
146612,6,6,11,0,2018,9,16,1,3,2,6,0,0,1,0,1,0,0,0,5.37567E+20,5.68257E+21,9.53878E+15,5.12932E+16
146613,6,5,34,11,2018,8,19,2,3,5,3,0,0,1,0,0,0,0,0,4.94907E+20,5.63039E+21,8.92769E+15,5.08252E+16
146614,6,6,35,4,2018,9,15,1,3,5,3,0,0,1,0,0,0,0,0,4.7542E+20,5.65138E+21,8.6496E+15,5.10135E+16
146615,6,6,31,9,2018,8,13,2,3,8,6,0,1,0,0,0,0,1,0,5.4967E+20,5.60188E+21,9.70134E+15,5.05667E+16
146616,6,4,12,0,2018,9,15,6,3,5,3,0,0,0,0,0,0,1,0,4.77038E+20,5.54954E+21,8.67895E+15,5.00976E+16
146617,6,4,12,0,2018,9,14,6,3,5,2,0,0,1,0,1,0,0,0,4.78852E+20,5.54924E+21,8.70434E+15,5.00951E+16
146618,6,4,12,0,2018,9,7,6,3,5,3,0,1,1,0,0,0,0,0,4.77484E+20,5.55284E+21,8.68499E+15,5.01274E+16
146619,6,4,12,0,2018,9,22,6,3,2,7,2,0,1,0,0,0,0,0,4.7782E+20,5.55168E+21,8.68976E+15,5.0117E+16
146620,6,4,11,0,2018,9,7,6,3,6,7,0,0,1,1,0,0,0,0,4.74803E+20,5.52292E+21,8.64945E+15,4.98581E+16
146621,6,4,38,4,2018,9,12,6,3,3,6,0,1,0,0,0,1,0,0,4.97799E+20,5.54688E+21,8.96924E+15,5.00742E+16
146622,6,4,34,11,2018,9,10,6,3,5,3,0,1,1,0,0,0,0,0,4.67185E+20,5.57555E+21,8.53894E+15,5.03311E+16
146623,6,5,33,15,2018,9,15,6,3,5,3,0,0,1,0,0,0,0,0,4.42335E+20,5.58279E+21,8.18872E+15,5.03944E+16
146624,6,4,36,9,2018,9,11,6,3,5,3,0,0,1,0,0,0,0,0,4.62195E+20,5.54724E+21,8.47166E+15,5.00762E+16
146625,6,4,40,5,2018,9,14,6,3,5,2,0,0,1,0,0,1,0,0,4.77709E+20,5.58675E+21,8.68613E+15,5.04323E+16
146626,6,4,32,15,2018,9,10,6,3,3,2,0,1,1,0,0,0,0,0,4.92177E+20,5.52957E+21,8.89103E+15,4.99185E+16
146627,6,4,32,18,2018,9,22,6,3,5,2,2,0,1,0,0,0,0,0,4.71891E+20,5.51717E+21,8.60935E+15,4.98064E+16
146628,6,4,11,0,2018,9,7,6,3,8,6,0,1,0,0,0,0,1,0,4.7628E+20,5.51821E+21,8.67028E+15,4.98159E+16
146629,6,4,31,13,2018,9,21,6,3,5,3,2,1,1,0,0,0,0,0,4.56864E+20,5.50088E+21,8.40232E+15,4.9659E+16
146630,6,4,33,4,2018,9,12,6,3,5,3,0,1,1,0,0,0,0,0,4.63061E+20,5.5115E+21,8.48718E+15,4.97548E+16
146631,6,4,12,0,2018,9,12,6,3,0,1,0,0,0,0,1,0,0,0,4.82654E+20,5.55532E+21,8.75721E+15,5.01498E+16
146632,6,4,35,19,2018,9,9,5,2,6,4,0,0,0,1,0,0,1,0,4.86347E+20,5.55561E+21,8.80889E+15,5.01526E+16
146633,6,5,31,5,2018,9,16,6,3,0,7,0,1,1,0,0,0,0,0,4.78454E+20,5.60293E+21,8.69569E+15,5.05779E+16
146634,6,5,31,18,2018,9,5,5,3,5,3,2,0,1,0,0,0,0,0,4.76003E+20,5.60995E+21,8.66062E+15,5.06409E+16
146635,6,4,34,8,2018,9,16,5,3,5,3,0,1,1,0,0,0,0,0,4.7038E+20,5.5604E+21,8.58502E+15,5.01951E+16
146636,6,4,34,5,2018,9,21,5,3,1,5,2,1,1,0,0,0,0,0,4.62086E+20,5.55875E+21,8.46899E+15,5.01798E+16
146637,6,5,33,9,2018,9,22,5,2,1,1,2,0,1,0,0,0,0,1,4.33326E+20,5.58228E+21,8.06208E+15,5.03888E+16
146638,6,4,36,8,2018,9,15,5,3,6,7,0,0,1,1,0,0,0,0,4.6055E+20,5.55386E+21,8.44798E+15,5.01357E+16
146639,6,4,32,1,2018,9,17,5,3,5,3,0,1,0,0,0,0,1,0,4.702E+20,5.5095E+21,8.58643E+15,4.97373E+16
146640,6,4,32,18,2018,9,12,5,3,5,3,0,1,1,0,0,0,0,0,4.70962E+20,5.51721E+21,8.59644E+15,4.98066E+16
146641,6,6,33,20,2018,9,7,5,3,1,7,0,1,1,0,0,0,0,0,5.38517E+20,5.6849E+21,9.55265E+15,5.13141E+16
146642,6,4,14,0,2018,9,13,5,3,0,5,0,1,1,0,0,0,0,0,4.44635E+20,5.54689E+21,8.22632E+15,5.00717E+16
146643,6,4,12,0,2018,9,7,5,3,5,3,0,1,1,0,0,0,0,0,4.7265E+20,5.55068E+21,8.61752E+15,5.01078E+16
146644,6,4,12,0,2018,9,19,5,3,5,3,0,1,1,0,0,0,0,0,4.76478E+20,5.54932E+21,8.67114E+15,5.00957E+16
146645,6,4,40,2,2018,9,14,5,3,5,2,0,0,1,0,0,0,0,0,4.80953E+20,5.58097E+21,8.73211E+15,5.03805E+16
146646,6,5,34,4,2018,9,20,5,3,5,3,2,0,1,0,0,0,0,1,4.66864E+20,5.64006E+21,8.52866E+15,5.09112E+16
146647,6,4,12,0,2018,9,8,5,3,6,4,0,1,0,1,0,0,0,0,4.7741E+20,5.5532E+21,8.68393E+15,5.01306E+16
146648,6,4,33,12,2018,9,22,5,3,5,2,2,0,1,0,1,0,0,0,4.58193E+20,5.53738E+21,8.4168E+15,4.99873E+16
146649,6,4,11,0,2018,9,10,5,3,2,6,0,0,1,0,0,0,0,0,4.74691E+20,5.52487E+21,8.64776E+15,4.98757E+16
146650,6,4,33,14,2018,9,14,5,3,2,6,0,1,0,0,0,0,0,0,4.55405E+20,5.53177E+21,8.37856E+15,4.99366E+16
146651,6,4,38,11,2018,9,7,5,3,6,7,0,1,0,1,0,0,0,0,4.91691E+20,5.5396E+21,8.88404E+15,5.00087E+16
146652,6,4,34,8,2018,9,13,5,3,0,2,0,1,1,0,0,0,0,0,4.7013E+20,5.55896E+21,8.58163E+15,5.01821E+16
146653,6,5,34,14,2018,9,12,5,3,1,2,0,0,1,0,0,0,0,0,4.82839E+20,5.63162E+21,8.75629E+15,5.0836E+16
146654,6,4,40,22,2018,9,15,5,3,5,3,0,0,0,0,1,0,1,0,4.80738E+20,5.5862E+21,8.72882E+15,5.04275E+16
146655,6,6,31,9,2018,9,14,5,3,5,3,0,0,1,0,0,0,0,0,5.47008E+20,5.59961E+21,9.66348E+15,5.05465E+16
146656,6,4,38,1,2018,9,17,5,3,5,3,0,1,1,0,0,0,0,0,4.83751E+20,5.53981E+21,8.77323E+15,5.00104E+16
146657,6,4,32,18,2018,9,15,5,3,5,3,0,0,1,0,0,0,1,0,4.70127E+20,5.51688E+21,8.58486E+15,4.98036E+16
146658,6,4,35,14,2018,9,18,5,3,5,3,0,1,1,0,0,0,0,0,4.94401E+20,5.55361E+21,8.92166E+15,5.01347E+16
146659,6,4,40,2,2018,9,9,5,3,5,3,0,0,1,0,0,0,0,0,4.82157E+20,5.57998E+21,8.74909E+15,5.03716E+16
146660,6,4,12,0,2018,9,15,5,2,3,6,0,1,1,0,1,0,0,0,4.82348E+20,5.55476E+21,8.75295E+15,5.01448E+16
146661,6,5,32,3,2018,9,14,5,2,6,4,0,0,1,1,0,0,0,0,4.52657E+20,5.59814E+21,8.33198E+15,5.05333E+16
146662,6,5,34,14,2018,9,15,5,3,1,5,0,0,1,0,0,0,0,0,4.83718E+20,5.62817E+21,8.76892E+15,5.0805E+16
146663,6,6,31,19,2018,9,16,5,3,5,3,0,0,1,0,0,0,0,0,5.57692E+20,5.60943E+21,9.81577E+15,5.06339E+16
146664,6,5,31,14,2018,9,11,5,3,5,3,0,1,1,0,0,0,0,0,4.80925E+20,5.59529E+21,8.73099E+15,5.05093E+16
146665,6,6,31,9,2018,9,8,5,3,8,1,0,1,0,0,0,0,0,0,5.47658E+20,5.60038E+21,9.67274E+15,5.05534E+16
146666,6,5,31,5,2018,9,18,5,2,5,3,0,1,1,0,0,0,0,0,4.78841E+20,5.60313E+21,8.70116E+15,5.05797E+16
146667,6,6,32,2,2018,9,8,4,3,6,4,0,0,1,1,0,0,0,0,5.4963E+20,5.63591E+21,9.70537E+15,5.08728E+16
146668,6,4,12,0,2018,9,8,5,3,2,6,0,0,1,0,0,0,0,0,4.7108E+20,5.55364E+21,8.59533E+15,5.01343E+16
146669,6,6,11,0,2018,9,16,4,3,0,1,0,0,0,0,1,0,0,0,5.34825E+20,5.68828E+21,9.50002E+15,5.13447E+16
146670,6,4,13,0,2018,9,10,4,3,1,5,0,0,1,0,0,0,0,0,4.82078E+20,5.54979E+21,8.74941E+15,5.01001E+16
146671,6,4,36,11,2018,9,7,4,1,2,1,0,1,1,0,0,0,0,0,4.66859E+20,5.55532E+21,8.53613E+15,5.01492E+16
146672,6,4,35,6,2018,9,16,4,3,1,7,0,0,1,0,0,0,1,0,4.95434E+20,5.55871E+21,8.93605E+15,5.01806E+16
146673,6,4,12,0,2018,9,21,4,3,3,6,2,1,1,0,0,0,0,0,4.74289E+20,5.55073E+21,8.64043E+15,5.01082E+16
146674,6,4,12,0,2018,9,18,4,3,5,2,1,0,1,0,0,0,1,0,4.76213E+20,5.55398E+21,8.66714E+15,5.01375E+16
146675,6,5,31,18,2018,9,8,4,3,1,6,0,0,1,0,1,0,0,0,4.74581E+20,5.60728E+21,8.6407E+15,5.06169E+16
146676,6,6,34,9,2018,9,8,4,3,8,1,0,0,0,0,1,0,0,0,5.28168E+20,5.65391E+21,9.40174E+15,5.1036E+16
146677,6,4,12,0,2018,9,15,4,3,4,7,0,1,1,0,1,0,0,0,4.76284E+20,5.54984E+21,8.66839E+15,5.01004E+16
146678,6,5,33,9,2018,9,10,4,3,0,7,0,0,1,0,0,0,0,0,4.3377E+20,5.58381E+21,8.06806E+15,5.04026E+16
146679,6,5,33,3,2018,9,18,4,3,2,6,0,0,1,0,1,0,0,0,4.47747E+20,5.57229E+21,8.2663E+15,5.03004E+16
146680,6,4,12,0,2018,9,18,4,3,6,7,0,0,0,1,0,0,1,0,4.77708E+20,5.55114E+21,8.68823E+15,5.01121E+16
146681,6,4,11,0,2018,9,17,4,3,5,3,0,0,1,0,0,0,0,0,4.74877E+20,5.52347E+21,8.65044E+15,4.98631E+16
146682,6,6,11,0,2018,9,18,4,3,5,2,0,1,1,0,0,0,0,0,5.3802E+20,5.68413E+21,9.54545E+15,5.13072E+16
146683,6,4,11,0,2018,9,19,4,3,1,7,0,1,1,0,0,0,0,0,4.75226E+20,5.52573E+21,8.65515E+15,4.98834E+16
146684,6,6,33,13,2018,9,8,4,3,1,7,0,0,1,0,0,0,0,0,5.29772E+20,5.70415E+21,9.4288E+15,5.14877E+16
146685,6,4,39,15,2018,9,8,4,3,6,4,0,0,1,1,0,0,0,0,4.39131E+20,5.55422E+21,8.14825E+15,5.01371E+16
146686,6,6,11,0,2018,9,19,4,3,0,1,0,1,0,0,0,0,0,0,5.36829E+20,5.68405E+21,9.52835E+15,5.13066E+16
146687,6,6,11,0,2018,9,11,4,3,6,4,0,0,1,1,0,0,0,0,5.3429E+20,5.68452E+21,9.49197E+15,5.13109E+16
146688,6,4,38,2,2018,9,13,4,3,3,6,0,1,1,0,0,0,0,0,4.78228E+20,5.53979E+21,8.69614E+15,5.001E+16
146689,6,4,35,19,2018,9,10,4,2,1,5,0,1,1,0,0,0,0,0,4.85786E+20,5.55544E+21,8.80104E+15,5.0151E+16
146690,6,4,14,0,2018,9,16,4,3,0,7,0,0,0,0,0,0,1,0,4.45499E+20,5.54794E+21,8.23823E+15,5.00812E+16
146691,6,4,13,0,2018,9,19,4,3,0,7,0,0,1,1,0,0,0,0,4.82191E+20,5.55045E+21,8.75096E+15,5.0106E+16
146692,6,4,34,8,2018,9,1,4,3,3,6,2,0,1,0,1,0,0,0,4.69856E+20,5.56354E+21,8.57742E+15,5.02233E+16
146693,6,4,13,0,2018,9,10,4,3,6,2,0,0,1,1,0,0,0,0,4.83122E+20,5.54834E+21,8.76407E+15,5.00871E+16
146694,6,4,13,0,2018,9,10,4,3,2,6,0,0,1,0,0,0,0,0,4.82939E+20,5.55048E+21,8.76141E+15,5.01063E+16
146695,6,4,34,1,2018,9,13,4,3,2,6,0,0,1,0,0,0,0,0,4.70938E+20,5.56507E+21,8.59248E+15,5.0237E+16
146696,6,5,32,6,2018,9,13,4,3,5,2,0,1,1,0,0,0,0,0,4.49809E+20,5.6204E+21,8.28878E+15,5.07332E+16
146697,6,4,13,0,2018,9,9,4,3,5,3,0,0,1,0,0,0,0,0,4.83599E+20,5.54981E+21,8.77067E+15,5.01003E+16
146698,6,4,33,12,2018,9,12,4,3,5,5,0,1,1,0,0,0,0,0,4.58348E+20,5.53759E+21,8.41895E+15,4.99892E+16
146699,6,5,34,14,2018,9,12,4,2,0,7,0,0,1,0,0,0,0,0,4.84992E+20,5.62843E+21,8.787E+15,5.08074E+16
146700,6,5,32,23,2018,9,11,4,3,1,5,0,1,1,0,0,0,0,0,4.65938E+20,5.60344E+21,8.51889E+15,5.05818E+16
146701,6,4,12,0,2018,9,9,4,3,5,2,0,1,0,0,0,1,0,0,4.75294E+20,5.55096E+21,8.65447E+15,5.01103E+16
146702,6,4,12,0,2018,9,17,4,2,6,4,0,0,1,1,0,0,0,0,4.75862E+20,5.55071E+21,8.66243E+15,5.01081E+16
146703,6,6,36,1,2018,9,13,3,3,3,6,0,1,1,0,0,0,0,0,5.68194E+20,5.68053E+21,9.97759E+15,5.1272E+16
146704,6,4,12,0,2018,9,11,4,3,2,6,0,0,1,0,1,0,0,0,4.77818E+20,5.55169E+21,8.68973E+15,5.0117E+16
146705,6,4,14,0,2018,9,9,3,3,5,2,0,0,1,0,0,0,0,0,4.4827E+20,5.54153E+21,8.27783E+15,5.00238E+16
146706,6,4,37,11,2018,9,15,4,3,3,6,0,1,0,0,0,0,0,0,5.00146E+20,5.50335E+21,9.00202E+15,4.96827E+16
146707,6,6,32,18,2018,9,17,4,3,8,7,0,1,1,0,0,0,0,0,5.51168E+20,5.64974E+21,9.72916E+15,5.09969E+16
146708,6,4,13,0,2018,9,8,3,3,6,4,0,0,1,1,0,0,0,0,4.8185E+20,5.55063E+21,8.74618E+15,5.01077E+16
146709,6,4,13,0,2018,9,14,3,3,6,7,0,0,1,1,0,0,0,0,4.87593E+20,5.54793E+21,8.82658E+15,5.00835E+16
146710,6,4,38,9,2018,9,18,4,3,1,5,0,1,1,0,0,0,0,0,4.78585E+20,5.54421E+21,8.70088E+15,5.00498E+16
146711,6,4,13,0,2018,9,14,3,2,5,3,0,0,1,0,0,0,0,0,4.84563E+20,5.55117E+21,8.7841E+15,5.01126E+16
146712,6,4,38,11,2018,9,17,4,3,5,2,0,1,1,0,0,0,0,0,4.90971E+20,5.5412E+21,8.87396E+15,5.00231E+16
146713,6,4,12,0,2018,9,18,3,3,5,3,0,1,1,0,0,0,0,0,4.74082E+20,5.55243E+21,8.63742E+15,5.01236E+16
146714,6,4,36,9,2018,9,16,4,2,0,7,0,0,0,0,1,0,0,0,4.62203E+20,5.54725E+21,8.47176E+15,5.00763E+16
146715,6,5,32,20,2018,9,16,4,3,5,3,0,1,1,0,0,0,0,0,4.52947E+20,5.6109E+21,8.33446E+15,5.06481E+16
146716,6,4,12,0,2018,9,13,3,3,2,6,0,1,1,0,0,0,0,0,4.74868E+20,5.55148E+21,8.64849E+15,5.0115E+16
146717,6,4,32,4,2018,9,16,4,3,9,1,0,0,0,0,1,0,0,0,4.88726E+20,5.52621E+21,8.84306E+15,4.98882E+16
146718,6,4,12,0,2018,9,18,3,3,5,3,0,0,1,0,0,0,0,0,4.72472E+20,5.55304E+21,8.61486E+15,5.0129E+16
146719,6,4,12,0,2018,9,17,3,2,4,6,0,0,1,0,1,0,0,0,4.67956E+20,5.54799E+21,8.55211E+15,5.00833E+16
146720,6,4,32,20,2018,9,7,4,3,5,3,0,0,1,0,0,0,0,0,4.8164E+20,5.52347E+21,8.74454E+15,4.98634E+16
146721,6,4,40,8,2018,9,23,4,2,2,6,2,1,0,0,1,0,0,0,4.81848E+20,5.57727E+21,8.74487E+15,5.03473E+16
146722,6,4,12,0,2018,9,10,3,3,6,7,0,0,1,1,0,0,0,0,4.77211E+20,5.55233E+21,8.68121E+15,5.01228E+16
146723,6,4,31,3,2018,9,18,4,3,5,3,0,1,1,0,0,0,0,0,4.59957E+20,5.50395E+21,8.44486E+15,4.96868E+16
146724,6,4,12,0,2018,9,12,3,3,5,3,0,0,1,0,1,0,0,0,4.777E+20,5.55278E+21,8.68802E+15,5.01269E+16
146725,6,4,31,2,2018,9,16,4,2,5,3,0,0,1,0,1,0,0,0,4.71792E+20,5.50176E+21,8.60909E+15,4.96677E+16
146726,6,4,33,5,2018,9,15,4,3,5,3,0,1,1,0,0,0,0,0,4.51194E+20,5.53878E+21,8.319E+15,4.99993E+16
146727,6,4,32,23,2018,9,15,3,3,5,3,0,0,1,0,1,0,0,0,4.71838E+20,5.52696E+21,8.6079E+15,4.98944E+16
146728,6,4,33,7,2018,9,14,4,3,5,3,0,1,1,0,0,0,0,0,4.66461E+20,5.54555E+21,8.53142E+15,5.00613E+16
146729,6,4,33,6,2018,9,15,4,3,5,3,0,1,1,0,0,0,0,0,4.62804E+20,5.52993E+21,8.48184E+15,4.99206E+16
146730,6,4,11,0,2018,9,10,3,3,5,3,0,0,1,0,0,0,0,0,4.74302E+20,5.52413E+21,8.6424E+15,4.9869E+16