OBJECTID_1,ULAND,UREGBEZ,UKREIS,UGEMEINDE,UJAHR,UMONAT,USTUNDE,UWOCHENTAG,UKATEGORIE,UART,UTYP1,ULICHTVERH,IstRad,IstPKW,IstFuss,IstKrad,IstGkfz,IstSonstig,STRZUSTAND,LINREFX,LINREFY,XGCSWGS84,YGCSWGS84
146731,6,4,33,11,2018,9,8,4,3,0,7,0,1,1,0,0,0,0,0,4.63892E+20,5.52023E+21,8.4979E+15,4.98334E+16
146732,6,6,33,23,2018,9,10,3,3,6,7,0,0,1,1,0,0,0,0,5.23936E+20,5.68134E+21,9.3432E+15,5.12829E+16
146733,6,4,39,10,2018,9,13,3,3,2,2,0,0,0,0,1,0,1,0,4.14607E+20,5.54472E+21,7.80725E+15,5.00486E+16
146734,6,5,34,14,2018,9,18,4,2,5,3,0,1,1,0,0,0,0,0,4.82354E+20,5.62773E+21,8.74959E+15,5.08011E+16
146735,6,6,11,0,2018,9,8,3,3,2,6,0,1,1,0,0,0,0,0,5.3465E+20,5.68517E+21,9.4972E+15,5.13168E+16
146736,6,4,38,2,2018,9,8,3,3,2,6,0,0,1,0,0,0,0,0,4.78184E+20,5.54073E+21,8.69548E+15,5.00185E+16
146737,6,4,14,0,2018,9,16,3,3,5,3,0,0,1,0,0,0,0,0,4.52411E+20,5.54546E+21,8.33514E+15,5.00595E+16
146738,6,4,13,0,2018,9,14,3,3,5,3,0,1,1,0,0,0,0,0,4.87251E+20,5.54792E+21,8.8218E+15,5.00835E+16
146739,6,4,38,6,2018,9,9,3,3,5,3,0,1,0,0,0,0,1,0,4.76338E+20,5.53706E+21,8.66993E+15,4.99854E+16
146740,6,4,35,19,2018,9,17,3,3,2,6,0,0,1,0,0,0,1,0,4.89319E+20,5.55345E+21,8.85055E+15,5.01332E+16
146741,6,4,12,0,2018,9,11,3,3,6,7,0,0,1,1,0,0,0,0,4.69458E+20,5.54943E+21,8.57298E+15,5.00963E+16
146742,6,4,38,11,2018,9,19,3,3,5,3,0,1,1,0,0,0,0,0,4.92226E+20,5.53898E+21,8.89153E+15,5.00031E+16
146743,6,4,12,0,2018,9,7,3,3,3,6,0,0,1,0,0,0,0,0,4.7389E+20,5.55605E+21,8.63449E+15,5.01561E+16
146744,6,4,34,2,2018,9,6,3,3,5,6,1,1,1,0,0,0,0,0,4.74559E+20,5.56736E+21,8.64309E+15,5.02579E+16
146745,6,4,40,5,2018,9,13,3,3,5,3,0,0,1,0,0,0,0,0,4.75694E+20,5.58746E+21,8.65772E+15,5.04387E+16
146746,6,4,40,4,2018,9,11,3,3,0,7,0,0,1,0,0,0,0,0,5.08153E+20,5.57028E+21,9.11445E+15,5.02846E+16
146747,6,4,12,0,2018,9,18,3,2,6,4,0,0,1,1,0,0,0,0,4.73932E+20,5.55098E+21,8.63542E+15,5.01105E+16
146748,6,4,12,0,2018,9,16,3,3,3,6,0,0,1,0,0,0,0,0,4.72411E+20,5.5514E+21,8.61412E+15,5.01142E+16
146749,6,4,32,11,2018,9,16,3,3,5,2,0,1,1,0,0,0,0,0,4.87453E+20,5.52496E+21,8.82538E+15,4.98769E+16
146750,6,4,12,0,2018,9,14,3,3,3,6,0,0,1,0,1,0,0,0,4.75199E+20,5.55135E+21,8.65312E+15,5.01139E+16
146751,6,4,12,0,2018,9,14,3,3,5,2,0,0,1,0,1,0,0,0,4.75158E+20,5.54772E+21,8.65278E+15,5.00812E+16
146752,6,4,32,22,2018,9,13,3,3,5,3,0,1,1,0,0,0,0,0,4.73904E+20,5.51249E+21,8.63763E+15,4.97644E+16
146753,6,4,11,0,2018,9,12,3,2,6,4,0,0,0,1,0,0,1,0,4.74532E+20,5.51771E+21,8.64602E+15,4.98113E+16
146754,6,4,12,0,2018,9,9,3,3,3,6,0,0,1,0,1,0,0,0,4.77126E+20,5.55009E+21,8.68014E+15,5.01026E+16
146755,6,4,11,0,2018,9,11,3,3,6,4,0,0,1,1,0,0,0,0,4.74074E+20,5.51878E+21,8.63958E+15,4.98209E+16
146756,6,4,31,2,2018,9,19,3,3,8,1,2,0,0,0,1,0,0,0,4.72322E+20,5.50393E+21,8.61628E+15,4.96873E+16
146757,6,4,33,12,2018,9,15,3,3,5,3,0,1,1,0,0,0,0,0,4.58184E+20,5.53742E+21,8.41668E+15,4.99876E+16
146758,6,4,12,0,2018,9,9,3,3,1,5,0,0,1,0,0,1,0,0,4.81068E+20,5.55133E+21,8.73521E+15,5.01139E+16
146759,6,4,12,0,2018,9,22,3,2,5,7,2,0,1,0,1,0,0,0,4.77317E+20,5.55082E+21,8.68278E+15,5.01092E+16
146760,6,4,33,12,2018,9,16,3,3,5,2,0,0,1,0,0,0,0,0,4.58554E+20,5.53739E+21,8.42184E+15,4.99874E+16
146761,6,4,33,2,2018,9,16,3,3,4,6,0,1,1,0,0,0,0,0,4.53641E+20,5.53752E+21,8.35329E+15,4.99882E+16
146762,6,4,33,7,2018,9,15,3,3,5,3,0,1,1,0,0,0,0,0,4.65473E+20,5.54473E+21,8.51769E+15,5.00539E+16
146763,6,4,11,0,2018,9,22,3,3,2,6,2,0,1,0,0,0,0,0,4.75162E+20,5.52643E+21,8.65422E+15,4.98898E+16
146764,6,4,11,0,2018,9,9,3,3,3,6,0,0,1,0,1,0,0,0,4.75662E+20,5.52825E+21,8.66106E+15,4.99061E+16
146765,6,5,31,5,2018,9,9,3,3,5,3,0,0,1,0,0,0,0,0,4.77227E+20,5.60334E+21,8.67834E+15,5.05815E+16
146766,6,4,37,11,2018,9,7,3,3,6,4,0,0,1,1,0,0,0,0,5.00843E+20,5.5021E+21,9.01168E+15,4.96715E+16
146767,6,4,11,0,2018,9,17,3,3,5,2,0,1,1,0,0,0,0,0,4.74176E+20,5.5234E+21,8.64069E+15,4.98624E+16
146768,6,4,35,6,2018,9,9,2,3,6,7,0,0,1,1,0,0,0,0,4.94042E+20,5.55846E+21,8.91655E+15,5.01783E+16
146769,6,5,35,11,2018,9,14,2,3,6,7,0,0,1,1,0,0,0,0,5.29221E+20,5.61025E+21,9.41328E+15,5.06434E+16
146770,6,4,11,0,2018,9,7,3,3,5,3,0,1,1,0,0,0,0,0,4.7419E+20,5.524E+21,8.64084E+15,4.98679E+16
146771,6,6,33,15,2018,9,9,2,3,5,3,0,0,1,0,0,0,0,0,5.44035E+20,5.68101E+21,9.63135E+15,5.12788E+16
146772,6,4,11,0,2018,9,23,3,3,5,3,2,1,1,0,0,0,0,0,4.7498E+20,5.52584E+21,8.65172E+15,4.98844E+16
146773,6,4,14,0,2018,9,21,2,3,4,6,2,1,1,0,0,0,0,0,4.49913E+20,5.53952E+21,8.30102E+15,5.00059E+16
146774,6,4,11,0,2018,9,7,3,3,3,4,0,1,0,1,0,0,0,0,4.74819E+20,5.52435E+21,8.64958E+15,4.98711E+16
146775,6,6,11,0,2018,9,19,3,3,1,5,0,1,1,0,0,0,0,0,5.30973E+20,5.68426E+21,9.44436E+15,5.13088E+16
146776,6,4,14,0,2018,9,11,2,3,5,3,0,0,1,0,1,0,0,0,4.46705E+20,5.54897E+21,8.25495E+15,5.00906E+16
146777,6,4,39,11,2018,9,21,3,3,9,1,2,0,1,0,0,0,0,0,4.51759E+20,5.55643E+21,8.32465E+15,5.01581E+16
146778,6,4,34,1,2018,9,9,3,3,2,6,0,0,1,0,0,0,0,0,4.70863E+20,5.56512E+21,8.59142E+15,5.02375E+16
146779,6,4,13,0,2018,9,18,2,3,5,3,0,0,1,0,0,0,0,0,4.83659E+20,5.54779E+21,8.7716E+15,5.00822E+16
146780,6,4,36,8,2018,9,17,3,3,0,7,0,0,1,1,0,0,0,0,4.61087E+20,5.55368E+21,8.45551E+15,5.01341E+16
146781,6,4,13,0,2018,9,17,2,3,5,3,0,1,1,0,0,0,0,0,4.82901E+20,5.5494E+21,8.76093E+15,5.00966E+16
146782,6,4,36,11,2018,9,13,2,3,2,6,0,0,1,0,0,0,0,0,4.6678E+20,5.55693E+21,8.53489E+15,5.01636E+16
146783,6,4,35,12,2018,9,19,3,3,0,3,0,0,1,0,1,0,0,0,5.10148E+20,5.5656E+21,9.14232E+15,5.02424E+16
146784,6,4,40,5,2018,9,15,3,3,5,3,0,1,0,0,0,0,1,0,4.75507E+20,5.58768E+21,8.65508E+15,5.04406E+16
146785,6,4,12,0,2018,9,15,2,3,4,6,0,0,1,0,0,0,1,0,4.75806E+20,5.56018E+21,8.66105E+15,5.01933E+16
146786,6,4,32,21,2018,9,10,3,2,6,4,0,0,0,1,1,0,0,0,5.00562E+20,5.5299E+21,9.00783E+15,4.99215E+16
146787,6,5,34,4,2018,9,9,3,3,3,2,0,1,1,0,0,0,0,0,4.67286E+20,5.63913E+21,8.53476E+15,5.09029E+16
146788,6,4,12,0,2018,9,14,2,3,5,2,0,0,1,0,1,0,0,0,4.74521E+20,5.55123E+21,8.64365E+15,5.01127E+16
146789,6,4,31,12,2018,9,12,3,3,0,5,0,0,1,0,0,0,1,0,4.92467E+20,5.47701E+21,8.89607E+15,4.94457E+16
146790,6,4,12,0,2018,9,12,2,3,5,3,0,1,0,0,0,0,1,0,4.76299E+20,5.55343E+21,8.66837E+15,5.01327E+16
146791,6,4,12,0,2018,9,13,2,3,0,7,0,0,1,0,1,0,0,0,4.7277E+20,5.55342E+21,8.619E+15,5.01324E+16
146792,6,4,31,20,2018,9,13,3,3,6,4,0,0,1,1,0,0,0,0,4.69334E+20,5.4874E+21,8.57615E+15,4.95385E+16
146793,6,4,12,0,2018,9,12,2,3,6,4,0,1,0,1,0,0,0,0,4.78574E+20,5.55215E+21,8.70029E+15,5.01212E+16
146794,6,4,12,0,2018,9,18,2,3,5,3,0,1,1,0,0,0,0,0,4.73135E+20,5.55043E+21,8.62432E+15,5.01055E+16
146795,6,4,31,13,2018,9,20,3,2,0,7,1,1,0,0,0,0,0,0,4.56531E+20,5.49838E+21,8.39799E+15,4.96364E+16
146796,6,4,31,2,2018,9,17,3,3,5,2,0,1,1,0,0,0,0,0,4.72434E+20,5.50397E+21,8.61783E+15,4.96877E+16
146797,6,4,12,0,2018,9,7,2,3,2,2,0,0,1,0,1,0,0,0,4.74753E+20,5.54997E+21,8.64697E+15,5.01015E+16
146798,6,4,31,2,2018,9,12,3,3,8,7,0,0,1,0,0,0,0,0,4.7263E+20,5.50576E+21,8.62042E+15,4.97037E+16
146799,6,4,33,12,2018,9,8,3,3,3,6,0,0,1,0,0,0,0,0,4.57172E+20,5.53642E+21,8.40267E+15,4.99786E+16
146800,6,4,12,0,2018,9,16,2,3,6,7,0,0,1,1,0,0,0,0,4.77019E+20,5.55226E+21,8.67852E+15,5.01221E+16
146801,6,4,12,0,2018,9,17,2,3,3,6,0,0,1,0,1,0,0,0,4.77768E+20,5.55184E+21,8.68902E+15,5.01184E+16
146802,6,5,31,9,2018,9,11,3,3,0,7,0,0,0,0,0,1,1,0,4.76908E+20,5.59401E+21,8.67442E+15,5.04976E+16
146803,6,4,12,0,2018,9,13,2,3,3,6,0,0,1,0,0,0,0,0,4.76671E+20,5.55095E+21,8.67374E+15,5.01104E+16
146804,6,4,32,23,2018,9,7,2,3,5,2,0,1,1,0,0,0,0,0,4.7179E+20,5.52985E+21,8.60702E+15,4.99204E+16
146805,6,4,11,0,2018,9,18,2,3,5,3,0,1,0,0,0,0,1,0,4.74953E+20,5.53089E+21,8.65101E+15,4.99298E+16
146806,6,5,31,5,2018,9,17,3,3,2,7,0,0,1,0,0,0,0,0,4.76416E+20,5.60356E+21,8.66687E+15,5.05834E+16
146807,6,5,31,5,2018,9,20,2,3,5,3,1,1,1,0,0,0,0,0,4.78431E+20,5.60602E+21,8.6952E+15,5.06057E+16
146808,6,4,11,0,2018,9,17,2,3,0,1,0,1,0,0,0,0,0,0,4.75323E+20,5.52419E+21,8.6566E+15,4.98696E+16
146809,6,5,31,5,2018,9,14,2,3,6,3,0,1,0,1,0,0,0,0,4.76845E+20,5.60361E+21,8.67293E+15,5.05839E+16
146810,6,5,33,2,2018,9,21,2,3,8,1,2,0,1,0,0,0,0,0,4.42788E+20,5.57828E+21,8.19577E+15,5.03539E+16
146811,6,4,39,3,2018,9,18,2,3,5,3,0,0,1,1,0,0,0,0,4.36513E+20,5.5433E+21,8.11342E+15,5.00386E+16
146812,6,4,12,0,2018,9,8,2,3,3,2,0,1,1,0,0,0,0,0,4.74496E+20,5.55812E+21,8.64284E+15,5.01747E+16
146813,6,4,38,5,2018,9,11,2,3,5,2,0,0,0,0,1,0,1,0,4.85351E+20,5.54516E+21,8.79535E+15,5.00585E+16
146814,6,4,12,0,2018,9,15,2,3,6,7,0,0,1,1,0,0,0,0,4.78261E+20,5.55034E+21,8.696E+15,5.01049E+16
146815,6,4,12,0,2018,9,18,2,3,2,6,0,0,1,0,0,0,0,0,4.77704E+20,5.55118E+21,8.68817E+15,5.01125E+16
146816,6,4,34,6,2018,9,17,2,3,2,6,1,0,1,0,0,0,0,0,4.66236E+20,5.55795E+21,8.52719E+15,5.01728E+16
146817,6,4,34,1,2018,9,9,2,3,3,6,0,0,1,0,1,0,0,0,4.71423E+20,5.56479E+21,8.5993E+15,5.02346E+16
146818,6,4,12,0,2018,9,15,2,3,5,3,0,1,1,0,0,0,0,0,4.77132E+20,5.5512E+21,8.68017E+15,5.01126E+16
146819,6,5,33,17,2018,9,19,2,3,8,1,0,0,1,0,0,0,0,0,4.49717E+20,5.59188E+21,8.29134E+15,5.04767E+16
146820,6,4,40,12,2018,9,11,2,3,4,3,0,0,1,0,0,0,0,0,4.84051E+20,5.56334E+21,8.77642E+15,5.0222E+16
146821,6,5,35,13,2018,9,14,2,3,0,7,0,0,0,0,0,0,1,0,5.08084E+20,5.60699E+21,9.11427E+15,5.06147E+16
146822,6,4,39,3,2018,9,12,2,3,7,7,0,0,0,0,1,0,1,0,4.35093E+20,5.54164E+21,8.09388E+15,5.00235E+16
146823,6,4,34,11,2018,9,17,2,3,5,2,0,1,1,0,0,0,0,0,4.66742E+20,5.57541E+21,8.53273E+15,5.03299E+16
146824,6,5,34,17,2018,9,14,2,3,0,7,0,0,1,0,0,0,0,0,4.94066E+20,5.63677E+21,8.91564E+15,5.08826E+16
146825,6,4,32,15,2018,9,13,2,3,6,4,0,0,1,1,0,0,0,0,4.90048E+20,5.52948E+21,8.86137E+15,4.99176E+16
146826,6,6,31,17,2018,9,8,2,2,6,4,0,0,1,1,0,0,0,0,5.51759E+20,5.59734E+21,9.73021E+15,5.05258E+16
146827,6,4,12,0,2018,9,12,2,3,5,2,0,0,1,0,0,0,0,0,4.82592E+20,5.55435E+21,8.75639E+15,5.01411E+16
146828,6,4,11,0,2018,9,7,2,3,5,2,0,1,1,0,0,0,0,0,4.747E+20,5.51921E+21,8.64826E+15,4.98248E+16
146829,6,5,31,5,2018,9,17,2,3,3,6,0,0,1,0,0,1,0,0,4.75213E+20,5.60385E+21,8.64987E+15,5.0586E+16
146830,6,4,31,13,2018,9,12,2,3,2,6,0,0,1,0,0,0,0,0,4.62737E+20,5.49415E+21,8.48433E+15,4.95988E+16
146831,6,4,35,14,2018,9,7,2,3,3,5,0,1,1,0,0,0,0,0,4.93425E+20,5.55207E+21,8.90803E+15,5.01209E+16
146832,6,4,33,4,2018,9,16,2,3,1,5,0,1,1,0,0,0,0,0,4.62518E+20,5.5112E+21,8.47967E+15,4.97521E+16
146833,6,4,35,17,2018,9,7,2,3,2,6,0,0,1,0,0,0,0,0,5.01239E+20,5.55683E+21,9.01735E+15,5.01637E+16
146834,6,5,34,16,2018,9,13,2,3,4,6,0,0,1,0,0,0,0,0,5.07535E+20,5.63257E+21,9.10702E+15,5.08448E+16
146835,6,4,14,0,2018,9,22,1,3,5,3,2,0,1,0,0,0,0,0,4.44949E+20,5.5431E+21,8.23124E+15,5.00376E+16
146836,6,5,32,23,2018,9,16,2,3,1,5,0,1,1,0,0,0,0,0,4.65139E+20,5.60031E+21,8.5079E+15,5.05537E+16
146837,6,5,32,23,2018,9,12,2,3,5,1,0,1,1,0,0,0,0,0,4.66871E+20,5.59925E+21,8.53244E+15,5.05442E+16
146838,6,4,36,12,2018,9,14,1,3,5,3,0,0,1,0,0,0,0,0,4.66691E+20,5.55352E+21,8.53393E+15,5.0133E+16
146839,6,5,31,5,2018,9,13,2,3,5,3,0,0,1,0,0,0,1,0,4.75166E+20,5.60366E+21,8.64922E+15,5.05843E+16
146840,6,4,11,0,2018,9,14,1,3,0,1,0,0,0,0,1,0,0,0,4.74715E+20,5.52399E+21,8.64816E+15,4.98678E+16
146841,6,6,34,14,2018,9,4,1,3,8,1,2,0,1,0,0,0,0,0,5.37309E+20,5.66312E+21,9.53306E+15,5.11183E+16
146842,6,5,31,9,2018,9,8,2,2,4,6,0,1,0,0,0,0,1,0,4.75602E+20,5.59342E+21,8.65604E+15,5.04923E+16
146843,6,4,12,0,2018,9,18,2,3,0,1,0,0,0,0,1,0,0,1,4.71842E+20,5.54504E+21,8.60664E+15,5.0057E+16
146844,6,6,11,0,2018,9,22,1,3,5,2,2,0,1,0,0,0,0,0,5.31396E+20,5.6807E+21,9.45011E+15,5.12768E+16
146845,6,4,14,0,2018,9,16,1,2,6,4,0,0,1,1,0,0,0,0,4.44618E+20,5.54616E+21,8.22618E+15,5.00651E+16
146846,6,4,13,0,2018,9,16,1,3,5,3,0,1,1,0,0,0,0,0,4.83469E+20,5.5489E+21,8.76889E+15,5.00921E+16
146847,6,4,39,14,2018,9,14,1,2,1,3,0,1,1,0,0,0,0,0,4.33632E+20,5.55056E+21,8.07193E+15,5.01036E+16
146848,6,4,39,17,2018,9,15,1,3,9,3,0,0,1,0,0,0,0,0,4.39562E+20,5.54327E+21,8.15601E+15,5.00387E+16
146849,6,4,12,0,2018,9,20,1,3,4,3,2,1,1,0,0,0,0,0,4.76542E+20,5.55717E+21,8.67154E+15,5.01663E+16
146850,6,4,12,0,2018,9,13,1,3,5,2,0,0,1,0,1,0,0,0,4.78054E+20,5.55133E+21,8.69305E+15,5.01138E+16
146851,6,4,35,12,2018,9,11,1,2,2,6,0,0,0,0,1,0,0,0,5.09777E+20,5.56151E+21,9.137E+15,5.02057E+16
146852,6,4,32,23,2018,9,17,1,3,2,6,0,0,1,0,0,0,0,0,4.70064E+20,5.52825E+21,8.5831E+15,4.99059E+16
146853,6,4,33,9,2018,9,14,1,3,5,3,0,1,1,0,0,0,0,0,4.61239E+20,5.53324E+21,8.4597E+15,4.99502E+16
146854,6,5,32,23,2018,9,15,1,3,9,1,0,0,1,0,0,0,0,0,4.6357E+20,5.60339E+21,8.48544E+15,5.05813E+16
146855,6,4,38,5,2018,9,18,1,3,3,5,0,0,1,0,0,0,0,0,4.86146E+20,5.54555E+21,8.80644E+15,5.00621E+16
146856,6,4,36,10,2018,9,14,1,2,5,3,0,0,1,0,1,0,0,0,4.63157E+20,5.55293E+21,8.48455E+15,5.01275E+16
146857,6,6,34,1,2018,9,10,7,3,5,3,0,0,1,0,0,0,0,0,5.19104E+20,5.65534E+21,9.27255E+15,5.10493E+16
146858,6,4,40,1,2018,9,18,1,3,5,3,0,0,1,0,0,0,0,0,4.95621E+20,5.57047E+21,8.93853E+15,5.02864E+16
146859,6,4,32,10,2018,9,19,1,3,6,4,1,0,1,1,0,0,0,0,4.94309E+20,5.52352E+21,8.92081E+15,4.98641E+16
146860,6,4,13,0,2018,9,13,7,3,3,6,0,0,1,0,0,0,1,0,4.83229E+20,5.54988E+21,8.7655E+15,5.0101E+16
146861,6,4,11,0,2018,9,11,7,3,2,6,0,0,1,0,1,0,0,0,4.74457E+20,5.52309E+21,8.64462E+15,4.98597E+16
146862,6,4,40,6,2018,9,15,1,3,0,1,0,0,0,0,1,0,0,0,4.92208E+20,5.58226E+21,8.89038E+15,5.03924E+16
146863,6,4,11,0,2018,9,17,7,3,3,2,0,0,1,0,1,0,0,0,4.73687E+20,5.52402E+21,8.63384E+15,4.9868E+16
146864,6,4,38,9,2018,9,23,7,3,6,7,2,0,1,1,0,0,0,0,4.7637E+20,5.54435E+21,8.66993E+15,5.00509E+16
146865,6,5,33,1,2018,9,14,7,3,5,3,0,0,1,0,0,0,0,0,4.37405E+20,5.5902E+21,8.11813E+15,5.04605E+16
146866,6,5,34,2,2018,9,10,1,3,1,5,0,0,1,0,0,0,1,0,4.61286E+20,5.6308E+21,8.45031E+15,5.08276E+16
146867,6,4,31,16,2018,9,23,7,3,1,5,2,1,1,0,0,0,0,0,4.68635E+20,5.4995E+21,8.56551E+15,4.96472E+16
146868,6,4,40,5,2018,9,16,7,3,0,3,0,0,1,0,1,0,0,0,4.7619E+20,5.58703E+21,8.66474E+15,5.04348E+16
146869,6,4,40,7,2018,9,15,7,3,5,3,0,0,1,0,1,0,0,0,4.89633E+20,5.57423E+21,8.85437E+15,5.03201E+16
146870,6,6,31,1,2018,9,14,1,2,0,7,0,1,0,0,0,0,0,0,5.35661E+20,5.60779E+21,9.50412E+15,5.06209E+16
146871,6,5,31,12,2018,9,11,1,3,2,6,0,0,1,0,0,0,0,0,4.75177E+20,5.59873E+21,8.64969E+15,5.054E+16
146872,6,4,31,20,2018,9,20,7,3,5,7,2,0,1,0,1,0,0,0,4.70212E+20,5.48767E+21,8.58826E+15,4.95409E+16
146873,6,4,36,8,2018,9,14,1,2,0,1,0,1,0,0,1,0,0,0,4.57868E+20,5.55814E+21,8.40998E+15,5.0174E+16
146874,6,4,36,1,2018,9,13,7,2,0,7,0,0,1,0,1,0,0,0,4.65178E+20,5.55555E+21,8.51259E+15,5.01512E+16
146875,6,4,31,13,2018,9,12,7,2,5,3,0,0,1,0,1,0,0,0,4.6985E+20,5.4937E+21,8.58279E+15,4.95951E+16
146876,6,4,31,14,2018,9,9,7,3,6,7,0,0,1,1,0,0,0,0,4.81382E+20,5.50713E+21,8.74173E+15,4.97164E+16
146877,6,4,36,5,2018,9,17,7,2,6,4,0,0,1,1,0,0,0,0,4.63737E+20,5.54481E+21,8.49343E+15,5.00545E+16
146878,6,6,31,6,2018,9,19,7,2,0,1,2,1,0,0,0,0,0,0,5.48086E+20,5.59412E+21,9.67799E+15,5.04971E+16
146879,6,5,31,5,2018,9,22,6,3,6,4,2,1,0,1,0,0,0,0,4.77163E+20,5.6037E+21,8.67742E+15,5.05847E+16
146880,6,6,32,2,2018,9,1,6,2,8,1,2,0,1,0,0,0,0,0,5.49224E+20,5.63476E+21,9.69944E+15,5.08625E+16
146881,6,4,12,0,2018,9,16,7,3,5,3,0,1,1,0,0,0,0,0,4.74316E+20,5.5573E+21,8.64037E+15,5.01673E+16
146882,6,4,12,0,2018,9,12,7,3,2,6,0,0,1,0,0,0,0,0,4.77056E+20,5.55179E+21,8.67906E+15,5.01179E+16
146883,6,4,14,0,2018,9,10,6,3,6,4,0,0,1,1,0,0,0,0,4.4873E+20,5.54818E+21,8.28336E+15,5.00837E+16
146884,6,4,11,0,2018,9,18,7,3,0,4,0,1,0,1,0,0,0,0,4.74325E+20,5.52479E+21,8.64268E+15,4.9875E+16
146885,6,6,33,13,2018,9,21,7,2,5,3,2,0,1,0,0,0,0,0,5.26524E+20,5.70537E+21,9.38211E+15,5.14988E+16
146886,6,4,13,0,2018,9,8,6,3,5,2,0,1,1,0,0,0,0,0,4.81535E+20,5.55095E+21,8.74175E+15,5.01105E+16
146887,6,4,38,2,2018,9,14,7,3,0,7,0,1,0,0,0,0,0,0,4.78308E+20,5.54124E+21,8.69718E+15,5.00231E+16
146888,6,4,38,10,2018,9,11,7,3,5,3,0,0,1,0,1,0,0,0,4.90873E+20,5.54709E+21,8.87244E+15,5.0076E+16
146889,6,4,12,0,2018,9,18,6,3,5,3,0,0,1,0,1,0,0,0,4.64497E+20,5.54986E+21,8.50358E+15,5.01E+16
146890,6,4,12,0,2018,9,15,6,3,1,1,0,0,1,0,1,0,0,0,4.67176E+20,5.5514E+21,8.5409E+15,5.01139E+16
146891,6,4,31,11,2018,9,2,7,2,0,1,2,1,0,0,0,0,0,0,4.73559E+20,5.49872E+21,8.63379E+15,4.96405E+16
146892,6,4,12,0,2018,9,7,6,3,1,5,0,1,0,0,0,0,1,0,4.75527E+20,5.5515E+21,8.65769E+15,5.01153E+16
146893,6,4,38,1,2018,9,15,7,3,0,7,0,1,0,0,0,0,0,0,4.84776E+20,5.53959E+21,8.78753E+15,5.00084E+16
146894,6,4,12,0,2018,9,15,6,3,3,6,0,1,0,0,0,0,0,0,4.76462E+20,5.55354E+21,8.67066E+15,5.01336E+16
146895,6,5,34,10,2018,9,15,7,3,2,6,0,0,1,0,0,0,0,0,4.6989E+20,5.62285E+21,8.57313E+15,5.07566E+16
146896,6,4,12,0,2018,9,13,5,3,1,1,0,0,1,1,0,0,0,0,4.78549E+20,5.55215E+21,8.69992E+15,5.01212E+16
146897,6,4,32,23,2018,9,12,5,2,5,3,0,1,1,0,0,0,0,0,4.71082E+20,5.52757E+21,8.59733E+15,4.98998E+16
146898,6,4,37,6,2018,9,11,5,3,5,3,0,0,1,0,0,0,0,0,4.99737E+20,5.50159E+21,8.99636E+15,4.96668E+16
146899,6,4,11,0,2018,9,15,5,3,5,3,0,1,1,0,0,0,0,0,4.76405E+20,5.52558E+21,8.67158E+15,4.98821E+16
146900,6,6,11,0,2018,9,15,5,2,6,4,0,0,1,1,0,0,0,0,5.31124E+20,5.68111E+21,9.44626E+15,5.12805E+16
146901,6,6,33,3,2018,9,15,5,3,0,6,0,1,0,0,0,0,0,0,5.29863E+20,5.67928E+21,9.42802E+15,5.12641E+16
146902,6,4,38,3,2018,9,7,5,3,4,5,0,1,1,0,0,0,0,0,4.75368E+20,5.53489E+21,8.65655E+15,4.99658E+16
146903,6,4,38,6,2018,9,16,5,3,1,5,0,1,0,0,0,1,0,0,4.74847E+20,5.53798E+21,8.64908E+15,4.99936E+16
146904,6,4,34,5,2018,9,12,5,3,6,4,0,0,1,1,0,0,0,0,4.6242E+20,5.5588E+21,8.47367E+15,5.01802E+16
146905,6,4,13,0,2018,10,15,4,3,6,7,0,1,0,1,0,0,0,0,4.8637E+20,5.54829E+21,8.80947E+15,5.00867E+16
146906,6,5,33,15,2018,9,19,5,3,0,7,1,1,1,0,0,0,0,0,4.4514E+20,5.58516E+21,8.22783E+15,5.04159E+16
146907,6,4,32,4,2018,9,8,5,3,0,7,0,1,0,0,0,0,0,0,4.87964E+20,5.52686E+21,8.83243E+15,4.9894E+16
146908,6,4,40,8,2018,9,16,5,3,5,3,0,1,1,0,0,0,0,0,4.82683E+20,5.57685E+21,8.75663E+15,5.03435E+16
146909,6,4,11,0,2018,10,19,4,3,6,4,1,0,1,1,0,0,0,0,4.75382E+20,5.52793E+21,8.65718E+15,4.99032E+16
146910,6,4,34,1,2018,10,13,4,2,4,6,0,0,1,0,0,0,0,0,4.7266E+20,5.56474E+21,8.61665E+15,5.02342E+16
146911,6,4,35,11,2018,9,15,5,3,5,3,0,0,1,0,1,0,0,0,4.98653E+20,5.54796E+21,8.98117E+15,5.00839E+16
146912,6,4,31,11,2018,10,16,4,2,1,5,0,0,1,0,0,0,0,0,4.72583E+20,5.49794E+21,8.62031E+15,4.96334E+16
146913,6,4,31,2,2018,10,14,4,3,5,3,0,0,1,0,1,0,0,0,4.71662E+20,5.50399E+21,8.60713E+15,4.96878E+16
146914,6,4,14,0,2018,9,20,4,3,6,7,2,0,1,1,0,0,0,0,4.42561E+20,5.54397E+21,8.19778E+15,5.00452E+16
146915,6,4,13,0,2018,9,20,4,3,0,2,2,0,1,0,1,0,0,0,4.8135E+20,5.5504E+21,8.7392E+15,5.01056E+16
146916,6,4,33,12,2018,10,23,4,3,5,3,2,0,1,0,0,0,0,0,4.5989E+20,5.53656E+21,8.44056E+15,4.998E+16
146917,6,4,33,12,2018,10,22,4,3,5,2,2,1,1,0,0,0,0,0,4.57731E+20,5.53821E+21,8.41027E+15,4.99947E+16