OBJECTID_1,ULAND,UREGBEZ,UKREIS,UGEMEINDE,UJAHR,UMONAT,USTUNDE,UWOCHENTAG,UKATEGORIE,UART,UTYP1,ULICHTVERH,IstRad,IstPKW,IstFuss,IstKrad,IstGkfz,IstSonstig,STRZUSTAND,LINREFX,LINREFY,XGCSWGS84,YGCSWGS84
146918,6,4,13,0,2018,9,12,4,3,5,3,0,1,1,0,0,0,0,0,4.83288E+20,5.55009E+21,8.76631E+15,5.01028E+16
146919,6,4,36,12,2018,9,19,4,3,6,4,2,0,1,1,0,0,0,0,4.66309E+20,5.55167E+21,8.52875E+15,5.01163E+16
146920,6,5,31,5,2018,10,17,3,3,5,3,0,1,1,0,0,0,0,1,4.77557E+20,5.60419E+21,8.68296E+15,5.05892E+16
146921,6,4,12,0,2018,9,20,4,3,5,2,1,1,1,0,0,0,0,0,4.74561E+20,5.55078E+21,8.64423E+15,5.01088E+16
146922,6,4,12,0,2018,9,14,4,3,6,4,0,0,1,1,0,0,0,0,4.79504E+20,5.55313E+21,8.71324E+15,5.013E+16
146923,6,4,12,0,2018,9,8,4,3,2,6,0,1,0,0,0,0,0,0,4.77917E+20,5.55225E+21,8.69108E+15,5.01221E+16
146924,6,6,34,9,2018,10,15,3,3,0,2,0,0,1,0,1,0,0,1,5.2767E+20,5.65246E+21,9.39452E+15,5.10231E+16
146925,6,6,32,2,2018,10,16,3,3,5,3,0,1,1,0,0,0,0,0,5.50526E+20,5.6351E+21,9.71799E+15,5.08654E+16
146926,6,4,14,0,2018,10,14,3,3,5,3,0,0,1,0,0,0,0,1,4.44056E+20,5.54382E+21,8.21867E+15,5.0044E+16
146927,6,4,14,0,2018,10,16,3,2,0,1,0,0,0,0,1,0,0,1,4.44009E+20,5.54692E+21,8.21756E+15,5.00719E+16
146928,6,4,11,0,2018,9,8,4,3,5,3,0,1,1,0,0,0,0,0,4.73676E+20,5.52327E+21,8.63375E+15,4.98612E+16
146929,6,4,11,0,2018,9,8,4,3,2,6,0,0,1,0,0,0,0,0,4.74687E+20,5.52487E+21,8.64771E+15,4.98757E+16
146930,6,4,14,0,2018,10,19,3,3,0,2,2,1,1,0,0,0,0,1,4.45845E+20,5.54821E+21,8.24304E+15,5.00837E+16
146931,6,6,11,0,2018,9,18,4,3,5,3,0,0,1,0,0,0,0,0,5.3117E+20,5.68613E+21,9.44735E+15,5.13256E+16
146932,6,4,14,0,2018,10,8,3,3,6,7,0,0,1,1,0,0,0,0,4.45604E+20,5.54794E+21,8.2397E+15,5.00812E+16
146933,6,6,35,1,2018,9,15,4,2,1,3,0,0,1,0,0,0,0,0,4.76576E+20,5.6525E+21,8.66601E+15,5.10236E+16
146934,6,4,13,0,2018,10,11,3,3,6,7,0,1,0,1,0,0,0,1,4.83856E+20,5.54988E+21,8.77426E+15,5.0101E+16
146935,6,4,36,1,2018,10,12,3,3,5,3,0,0,1,0,0,0,0,1,4.65177E+20,5.55555E+21,8.51257E+15,5.01512E+16
146936,6,4,38,13,2018,9,6,4,3,4,6,1,1,1,0,0,0,0,0,4.98126E+20,5.54309E+21,8.97382E+15,5.00401E+16
146937,6,4,12,0,2018,10,18,3,3,0,7,1,0,0,0,0,0,1,0,4.75846E+20,5.56E+21,8.66162E+15,5.01917E+16
146938,6,4,38,10,2018,9,13,4,2,0,7,0,0,0,0,0,0,1,0,4.89487E+20,5.54671E+21,8.85309E+15,5.00725E+16
146939,6,4,12,0,2018,10,16,3,3,5,7,0,1,1,0,0,0,0,1,4.75676E+20,5.56015E+21,8.65923E+15,5.01931E+16
146940,6,4,12,0,2018,10,9,3,3,1,7,0,1,1,0,0,0,0,0,4.75619E+20,5.55147E+21,8.65899E+15,5.0115E+16
146941,6,4,31,17,2018,9,19,4,3,0,1,2,1,0,0,0,0,0,0,4.8139E+20,5.49507E+21,8.74242E+15,4.96079E+16
146942,6,4,12,0,2018,10,16,3,3,1,5,0,0,1,0,1,0,0,1,4.73517E+20,5.55227E+21,8.62953E+15,5.01221E+16
146943,6,4,40,5,2018,9,16,4,3,2,6,0,0,1,0,0,0,0,0,4.77729E+20,5.5872E+21,8.6864E+15,5.04364E+16
146944,6,4,32,18,2018,9,10,4,3,5,3,0,0,1,0,0,0,0,0,4.71455E+20,5.51733E+21,8.60327E+15,4.98077E+16
146945,6,4,12,0,2018,10,21,3,3,5,3,2,0,1,0,0,0,1,1,4.75115E+20,5.5478E+21,8.65218E+15,5.00819E+16
146946,6,4,12,0,2018,10,16,3,3,6,7,0,0,1,1,0,0,0,1,4.70555E+20,5.54829E+21,8.5884E+15,5.00861E+16
146947,6,4,11,0,2018,9,10,4,3,5,3,0,0,1,0,0,0,0,0,4.74347E+20,5.5186E+21,8.64339E+15,4.98193E+16
146948,6,4,12,0,2018,10,20,3,3,0,1,2,0,0,0,1,0,0,1,4.80206E+20,5.5501E+21,8.72321E+15,5.01029E+16
146949,6,4,12,0,2018,10,14,3,3,5,3,0,1,1,0,0,0,0,1,4.73536E+20,5.55001E+21,8.62995E+15,5.01017E+16
146950,6,4,32,18,2018,9,14,4,3,7,7,0,1,0,0,0,0,0,0,4.68285E+20,5.51699E+21,8.55925E+15,4.98045E+16
146951,6,4,12,0,2018,10,22,3,3,6,7,2,0,0,1,0,0,1,0,4.75961E+20,5.55086E+21,8.66381E+15,5.01095E+16
146952,6,4,32,14,2018,9,7,4,3,6,4,1,1,0,1,0,0,0,0,4.78181E+20,5.52034E+21,8.69658E+15,4.98351E+16
146953,6,4,33,12,2018,9,19,4,3,3,6,1,1,1,0,0,0,0,0,4.56115E+20,5.53512E+21,8.38808E+15,4.99668E+16
146954,6,4,33,12,2018,9,10,4,3,6,4,0,0,1,1,0,0,0,0,4.59414E+20,5.53876E+21,8.43369E+15,4.99998E+16
146955,6,4,11,0,2018,10,17,3,3,5,3,1,1,1,0,0,0,0,1,4.74658E+20,5.52817E+21,8.64709E+15,4.99054E+16
146956,6,4,33,12,2018,9,7,4,3,2,6,0,0,1,0,0,0,0,0,4.59165E+20,5.53927E+21,8.43016E+15,5.00043E+16
146957,6,6,31,9,2018,9,14,4,3,1,7,0,0,1,0,0,0,0,0,5.483E+20,5.59813E+21,9.68152E+15,5.05332E+16
146958,6,4,11,0,2018,10,16,3,3,5,3,0,1,1,0,0,0,0,1,4.75106E+20,5.52952E+21,8.65323E+15,4.99175E+16
146959,6,6,35,3,2018,10,17,3,3,5,3,0,0,1,0,0,0,0,0,5.0988E+20,5.66297E+21,9.14117E+15,5.11181E+16
146960,6,5,31,8,2018,9,12,4,3,6,4,0,0,0,1,0,0,1,0,4.9198E+20,5.59187E+21,8.88697E+15,5.04787E+16
146961,6,4,39,8,2018,10,9,3,3,5,3,0,1,1,0,0,0,0,1,4.47694E+20,5.56355E+21,8.26677E+15,5.02218E+16
146962,6,4,39,15,2018,10,10,3,2,5,3,0,0,1,0,0,0,0,1,4.39038E+20,5.55447E+21,8.1469E+15,5.01394E+16
146963,6,4,35,17,2018,9,11,3,3,5,3,0,0,1,1,0,0,0,0,5.03333E+20,5.5584E+21,9.04668E+15,5.01778E+16
146964,6,5,31,5,2018,9,19,3,3,2,6,0,1,1,0,0,0,0,0,4.78085E+20,5.60514E+21,8.69035E+15,5.05977E+16
146965,6,4,39,15,2018,10,8,3,3,2,6,0,0,1,0,0,0,0,0,4.44139E+20,5.55834E+21,8.21771E+15,5.01746E+16
146966,6,5,31,2,2018,9,12,3,3,2,6,0,0,1,0,0,0,0,0,4.69679E+20,5.61349E+21,8.5709E+15,5.06724E+16
146967,6,6,11,0,2018,9,16,3,3,5,3,0,0,1,0,1,0,0,0,5.35091E+20,5.68599E+21,9.5036E+15,5.13241E+16
146968,6,4,14,0,2018,9,12,3,3,5,3,0,1,1,0,0,0,0,0,4.47135E+20,5.54656E+21,8.2613E+15,5.0069E+16
146969,6,4,38,13,2018,10,18,3,3,2,6,1,0,1,0,0,0,0,1,4.98837E+20,5.54255E+21,8.98376E+15,5.00352E+16
146970,6,4,38,6,2018,10,23,3,3,5,3,2,0,1,0,0,0,0,1,4.76771E+20,5.53807E+21,8.67591E+15,4.99945E+16
146971,6,4,12,0,2018,9,14,3,3,2,6,0,0,1,0,0,1,0,0,4.72931E+20,5.55819E+21,8.62092E+15,5.01753E+16
146972,6,4,12,0,2018,9,10,3,3,6,7,0,0,1,0,0,0,1,0,4.74376E+20,5.54987E+21,8.64171E+15,5.01006E+16
146973,6,4,34,5,2018,10,0,3,3,9,1,2,0,1,0,0,0,0,1,4.62485E+20,5.55902E+21,8.47455E+15,5.01822E+16
146974,6,4,34,1,2018,10,17,3,3,0,7,0,0,0,0,1,0,0,1,4.73123E+20,5.56638E+21,8.62303E+15,5.02489E+16
146975,6,4,12,0,2018,9,16,3,3,6,7,0,1,0,1,0,0,0,0,4.77251E+20,5.55124E+21,8.68182E+15,5.01129E+16
146976,6,4,36,4,2018,10,1,3,3,0,7,2,1,0,0,0,0,0,0,4.58045E+20,5.53914E+21,8.41455E+15,5.00031E+16
146977,6,4,31,11,2018,10,16,3,3,5,3,0,0,1,0,0,0,0,1,4.7291E+20,5.49944E+21,8.62474E+15,4.96469E+16
146978,6,4,11,0,2018,9,18,3,3,5,3,1,1,1,0,0,0,0,0,4.73327E+20,5.52343E+21,8.62888E+15,4.98627E+16
146979,6,6,34,14,2018,9,15,3,3,0,1,0,0,0,0,1,0,0,0,5.38326E+20,5.66151E+21,9.54741E+15,5.11038E+16
146980,6,4,40,3,2018,10,12,3,3,5,3,0,0,1,0,1,0,0,1,4.79921E+20,5.55999E+21,8.71871E+15,5.01917E+16
146981,6,6,33,3,2018,9,22,3,3,5,2,2,0,1,0,0,0,0,0,5.30367E+20,5.67899E+21,9.43522E+15,5.12615E+16
146982,6,6,35,14,2018,9,17,3,2,5,3,0,0,1,0,0,1,0,0,4.71868E+20,5.6486E+21,8.59918E+15,5.09883E+16
146983,6,4,39,15,2018,9,16,3,3,0,3,0,1,1,0,0,0,0,0,4.38081E+20,5.55405E+21,8.13357E+15,5.01354E+16
146984,6,4,38,1,2018,10,12,3,3,0,7,0,0,1,0,0,0,0,1,4.85119E+20,5.54216E+21,8.79223E+15,5.00316E+16
146985,6,4,32,5,2018,10,9,3,2,6,4,0,0,1,1,0,0,0,0,4.88684E+20,5.53282E+21,8.84227E+15,4.99476E+16
146986,6,4,38,2,2018,9,7,3,3,5,7,0,0,1,0,0,0,0,0,4.78032E+20,5.54186E+21,8.69329E+15,5.00286E+16
146987,6,4,32,10,2018,10,22,3,3,5,2,2,0,1,0,0,0,0,0,4.94522E+20,5.52402E+21,8.92376E+15,4.98686E+16
146988,6,4,38,8,2018,9,10,3,3,6,4,0,0,0,1,0,0,1,0,4.89524E+20,5.55177E+21,8.85346E+15,5.01181E+16
146989,6,4,33,12,2018,10,12,3,3,5,2,0,0,1,0,1,0,0,1,4.58734E+20,5.53818E+21,8.42426E+15,4.99945E+16
146990,6,4,33,12,2018,10,15,3,3,5,3,0,0,1,0,0,0,0,1,4.6123E+20,5.53496E+21,8.45941E+15,4.99657E+16
146991,6,4,35,19,2018,9,14,3,3,1,6,0,0,1,0,0,0,0,0,4.89231E+20,5.55355E+21,8.84931E+15,5.01341E+16
146992,6,4,31,11,2018,9,19,3,2,5,2,1,1,0,0,0,1,0,0,4.72389E+20,5.49894E+21,8.61756E+15,4.96424E+16
146993,6,4,12,0,2018,10,15,3,2,0,1,0,1,0,0,0,0,0,1,4.82518E+20,5.55542E+21,8.7553E+15,5.01508E+16
146994,6,4,31,19,2018,9,12,3,3,4,1,0,1,1,0,0,0,0,0,4.82712E+20,5.49702E+21,8.76062E+15,4.96255E+16
146995,6,6,35,21,2018,10,21,2,3,5,3,2,0,1,0,0,0,0,1,5.04824E+20,5.67267E+21,9.06905E+15,5.12054E+16
146996,6,4,11,0,2018,9,19,3,3,0,7,2,1,0,0,0,0,0,0,4.74476E+20,5.52014E+21,8.64508E+15,4.98331E+16
146997,6,5,33,9,2018,10,11,2,3,0,7,0,1,0,0,0,0,1,0,4.33246E+20,5.58213E+21,8.06097E+15,5.03874E+16
146998,6,6,33,26,2018,10,14,2,2,4,1,0,0,1,0,0,0,0,0,5.32163E+20,5.68973E+21,9.46192E+15,5.13579E+16
146999,6,5,35,1,2018,9,15,3,3,5,3,0,1,1,0,0,0,0,0,5.19535E+20,5.62202E+21,9.27691E+15,5.07496E+16
147000,6,6,11,0,2018,10,13,2,3,5,3,0,0,1,0,1,0,0,1,5.32097E+20,5.68765E+21,9.46079E+15,5.13393E+16
147001,6,4,33,9,2018,9,10,3,2,2,6,0,0,1,0,0,0,0,0,4.60675E+20,5.53177E+21,8.452E+15,4.9937E+16
147002,6,4,33,3,2018,9,15,3,3,5,5,0,1,1,0,0,0,0,0,4.65119E+20,5.52784E+21,8.51428E+15,4.99019E+16
147003,6,6,11,0,2018,10,13,2,3,0,2,0,0,1,0,1,0,0,1,5.33863E+20,5.68473E+21,9.48586E+15,5.13129E+16
147004,6,4,14,0,2018,10,14,2,3,5,2,0,1,1,0,0,0,0,0,4.4424E+20,5.54753E+21,8.2207E+15,5.00775E+16
147005,6,4,35,7,2018,9,17,2,3,4,6,0,1,0,0,0,0,0,0,4.98693E+20,5.55583E+21,8.98171E+15,5.01547E+16
147006,6,4,14,0,2018,10,6,2,2,3,6,2,0,1,0,1,0,0,0,4.42527E+20,5.54683E+21,8.19686E+15,5.00709E+16
147007,6,4,35,20,2018,9,9,2,2,9,1,0,0,0,0,0,1,0,0,4.99727E+20,5.55952E+21,8.99617E+15,5.01878E+16
147008,6,4,14,0,2018,10,8,2,3,3,6,0,0,1,0,1,0,0,0,4.44229E+20,5.54751E+21,8.22055E+15,5.00773E+16
147009,6,4,12,0,2018,10,6,2,3,5,3,1,0,1,0,1,0,0,0,4.73793E+20,5.54969E+21,8.63357E+15,5.00989E+16
147010,6,6,36,3,2018,9,13,2,3,2,6,0,0,1,0,0,0,0,0,5.70622E+20,5.67292E+21,1.00109E+16,5.12033E+16
147011,6,4,11,0,2018,10,6,2,3,5,3,2,1,0,0,0,0,1,0,4.73817E+20,5.52528E+21,8.63557E+15,4.98793E+16
147012,6,6,35,11,2018,10,20,2,3,8,1,2,0,1,0,0,0,0,0,4.85746E+20,5.65653E+21,8.79659E+15,5.10601E+16
147013,6,6,34,9,2018,9,15,2,3,5,3,0,0,1,0,0,0,0,0,5.29336E+20,5.6533E+21,9.41835E+15,5.10305E+16
147014,6,4,38,6,2018,10,9,2,3,5,3,0,0,1,0,0,0,0,0,4.76296E+20,5.53743E+21,8.66932E+15,4.99887E+16
147015,6,4,13,0,2018,9,7,2,3,2,6,0,0,1,0,0,0,0,1,4.82746E+20,5.55092E+21,8.75869E+15,5.01102E+16
147016,6,4,12,0,2018,9,11,2,3,3,6,0,0,1,0,1,0,0,0,4.73685E+20,5.55621E+21,8.63161E+15,5.01576E+16
147017,6,4,38,10,2018,10,11,2,3,1,5,0,1,1,0,0,0,0,0,4.9038E+20,5.54751E+21,8.86554E+15,5.00798E+16
147018,6,4,35,29,2018,10,16,2,2,5,7,0,0,1,0,1,0,0,0,5.20879E+20,5.56732E+21,9.2929E+15,5.02576E+16
147019,6,4,12,0,2018,9,17,2,3,0,1,0,0,0,0,1,0,0,0,4.79104E+20,5.5608E+21,8.70722E+15,5.01991E+16
147020,6,4,35,10,2018,10,11,2,3,5,3,0,1,1,0,0,0,0,0,5.13442E+20,5.56082E+21,9.18833E+15,5.01994E+16
147021,6,4,32,8,2018,10,7,2,3,2,6,0,0,1,0,0,0,0,0,4.69732E+20,5.52345E+21,8.57885E+15,4.98627E+16
147022,6,4,12,0,2018,9,17,2,2,1,5,0,0,1,0,1,0,0,0,4.79327E+20,5.55294E+21,8.71077E+15,5.01283E+16
147023,6,4,12,0,2018,9,7,2,3,3,6,0,0,1,0,1,0,0,0,4.78397E+20,5.55158E+21,8.69784E+15,5.01161E+16
147024,6,4,32,8,2018,10,7,2,3,0,1,0,1,0,0,0,0,0,0,4.68453E+20,5.5228E+21,8.56111E+15,4.98568E+16
147025,6,4,12,0,2018,9,14,2,3,5,3,0,0,1,0,1,0,0,0,4.76675E+20,5.55063E+21,8.6738E+15,5.01075E+16
147026,6,4,33,8,2018,10,17,2,3,2,6,0,0,1,0,0,0,1,1,4.68842E+20,5.53844E+21,8.56526E+15,4.99975E+16
147027,6,4,11,0,2018,9,8,2,3,2,6,0,0,1,0,0,0,0,0,4.75076E+20,5.52642E+21,8.65302E+15,4.98897E+16
147028,6,6,32,18,2018,9,14,2,2,4,6,0,0,1,0,0,0,0,1,5.50829E+20,5.65127E+21,9.72455E+15,5.10108E+16
147029,6,6,34,7,2018,9,5,2,3,5,3,2,0,1,0,1,0,0,0,5.2796E+20,5.67165E+21,9.40015E+15,5.11956E+16
147030,6,5,34,14,2018,10,17,2,2,6,4,0,0,1,1,0,0,0,0,4.84438E+20,5.62655E+21,8.77922E+15,5.07905E+16
147031,6,4,35,17,2018,10,6,2,3,2,6,1,0,1,0,0,0,0,0,5.02584E+20,5.5577E+21,9.03619E+15,5.01715E+16
147032,6,4,39,8,2018,9,16,2,3,6,7,0,0,1,1,0,0,0,0,4.47587E+20,5.56402E+21,8.26521E+15,5.0226E+16
147033,6,5,31,16,2018,10,16,2,3,9,1,0,0,1,0,0,1,0,1,4.88231E+20,5.6067E+21,8.83366E+15,5.0612E+16
147034,6,6,36,3,2018,9,13,1,3,0,1,0,1,0,0,0,0,0,0,5.72897E+20,5.67163E+21,1.00432E+16,5.11915E+16
147035,6,4,38,9,2018,9,15,2,3,5,2,0,1,1,0,0,0,0,0,4.78168E+20,5.54355E+21,8.69509E+15,5.00438E+16
147036,6,4,35,26,2018,9,9,2,3,0,7,0,0,1,0,0,0,1,0,4.89424E+20,5.56123E+21,8.8518E+15,5.02032E+16
147037,6,4,14,0,2018,9,19,1,3,4,2,2,0,1,0,1,0,0,0,4.4566E+20,5.54411E+21,8.24103E+15,5.00468E+16
147038,6,4,36,10,2018,9,19,2,3,5,3,2,0,1,0,0,0,0,0,4.6316E+20,5.55293E+21,8.48459E+15,5.01274E+16
147039,6,4,38,1,2018,9,17,2,3,1,5,0,1,1,0,0,0,0,0,4.84463E+20,5.53911E+21,8.78319E+15,5.00041E+16
147040,6,5,34,4,2018,9,14,2,3,6,4,0,0,0,1,0,0,1,0,4.67012E+20,5.64006E+21,8.53078E+15,5.09112E+16
147041,6,4,14,0,2018,9,14,1,3,0,7,0,1,0,0,0,0,0,0,4.45181E+20,5.54778E+21,8.23381E+15,5.00798E+16
147042,6,4,11,0,2018,9,17,1,3,0,2,0,0,0,0,1,0,1,0,4.7506E+20,5.52642E+21,8.6528E+15,4.98896E+16
147043,6,4,33,12,2018,9,7,2,3,5,2,0,1,1,0,0,0,0,0,4.60332E+20,5.53683E+21,8.4467E+15,4.99825E+16
147044,6,4,33,12,2018,9,13,2,3,1,5,0,0,1,0,0,0,0,0,4.60716E+20,5.53442E+21,8.4523E+15,4.99609E+16
147045,6,4,12,0,2018,9,13,2,3,5,3,0,0,1,0,0,0,0,0,4.82791E+20,5.55461E+21,8.75916E+15,5.01434E+16
147046,6,4,32,23,2018,9,1,1,3,0,1,2,1,0,0,0,0,0,0,4.70935E+20,5.53082E+21,8.59504E+15,4.99291E+16
147047,6,6,35,10,2018,9,14,1,3,5,3,0,0,1,0,0,0,0,0,4.95418E+20,5.65985E+21,8.93457E+15,5.10901E+16
147048,6,5,31,14,2018,9,16,2,3,1,5,0,0,1,0,0,0,0,0,4.81822E+20,5.59923E+21,8.74345E+15,5.05447E+16
147049,6,4,35,19,2018,9,15,1,3,6,4,0,0,1,1,0,0,0,0,4.88861E+20,5.55422E+21,8.84412E+15,5.01401E+16
147050,6,4,35,19,2018,9,17,1,2,8,1,0,0,0,0,1,0,0,0,4.87633E+20,5.5557E+21,8.82689E+15,5.01534E+16
147051,6,6,34,9,2018,9,0,1,3,4,6,2,0,1,0,0,0,0,1,5.28971E+20,5.65341E+21,9.41316E+15,5.10315E+16
147052,6,5,33,9,2018,9,12,1,3,8,1,0,0,1,0,0,0,0,1,4.35817E+20,5.58775E+21,8.09618E+15,5.04382E+16
147053,6,4,36,7,2018,9,12,1,3,5,3,0,1,1,0,0,0,0,0,4.59579E+20,5.54688E+21,8.43513E+15,5.00729E+16
147054,6,4,36,3,2018,9,16,1,3,2,6,0,0,1,0,0,0,0,1,4.68997E+20,5.55418E+21,8.56615E+15,5.0139E+16
147055,6,4,36,7,2018,9,11,1,3,1,3,0,1,1,0,0,0,0,0,4.5508E+20,5.54598E+21,8.37236E+15,5.00644E+16
147056,6,4,38,7,2018,9,15,1,3,0,3,0,1,0,0,0,0,1,1,4.99261E+20,5.54013E+21,8.98969E+15,5.00134E+16
147057,6,4,36,8,2018,9,18,1,3,5,3,0,1,1,0,0,0,0,0,4.60271E+20,5.55488E+21,8.44398E+15,5.01448E+16
147058,6,4,32,4,2018,9,14,1,3,5,3,0,0,1,0,0,0,0,0,4.88526E+20,5.52703E+21,8.84024E+15,4.98956E+16
147059,6,4,40,3,2018,9,17,1,3,5,3,0,0,1,0,0,0,0,1,4.80295E+20,5.55692E+21,8.72411E+15,5.01642E+16
147060,6,4,32,8,2018,9,11,1,3,5,2,0,1,1,0,0,0,0,0,4.70048E+20,5.52356E+21,8.58324E+15,4.98637E+16
147061,6,4,40,2,2018,9,9,1,3,6,4,0,0,1,1,0,0,0,0,4.8202E+20,5.57954E+21,8.74718E+15,5.03677E+16
147062,6,4,32,2,2018,9,17,1,3,5,3,0,1,1,0,0,0,0,1,4.95777E+20,5.53472E+21,8.94112E+15,4.99648E+16
147063,6,5,34,12,2018,9,15,1,3,2,6,0,0,1,0,0,0,0,0,4.74095E+20,5.636E+21,8.63181E+15,5.08751E+16
147064,6,4,35,14,2018,9,2,1,3,9,1,2,0,1,0,0,0,0,1,4.95319E+20,5.55E+21,8.93455E+15,5.01022E+16
147065,6,4,12,0,2018,9,11,7,3,5,3,0,1,1,0,0,0,0,0,4.65647E+20,5.54248E+21,8.52032E+15,5.00336E+16
147066,6,5,31,15,2018,9,12,1,2,8,1,0,0,0,0,1,0,0,0,4.94061E+20,5.61504E+21,8.91593E+15,5.06872E+16
147067,6,4,35,14,2018,9,18,1,3,8,1,0,0,1,0,0,0,0,0,4.94867E+20,5.54995E+21,8.92822E+15,5.01018E+16
147068,6,5,31,5,2018,9,15,7,3,6,7,0,0,0,1,0,0,1,0,4.76964E+20,5.60489E+21,8.67453E+15,5.05955E+16
147069,6,5,31,5,2018,9,11,7,3,5,3,0,0,1,0,0,0,0,0,4.7887E+20,5.6058E+21,8.70141E+15,5.06037E+16
147070,6,4,14,0,2018,9,15,7,3,4,2,0,0,1,0,0,0,0,0,4.455E+20,5.5447E+21,8.23872E+15,5.00521E+16
147071,6,4,12,0,2018,9,2,7,2,0,7,2,1,0,0,0,0,0,0,4.76547E+20,5.55718E+21,8.67161E+15,5.01663E+16
147072,6,4,14,0,2018,9,15,7,3,5,3,0,1,1,0,0,0,0,0,4.42728E+20,5.5493E+21,8.19931E+15,5.00932E+16
147073,6,4,12,0,2018,9,1,7,3,0,1,2,1,0,0,0,0,0,0,4.75907E+20,5.55182E+21,8.66299E+15,5.01181E+16
147074,6,6,35,1,2018,9,17,7,3,0,7,0,0,1,0,0,0,0,0,4.76975E+20,5.65295E+21,8.67167E+15,5.10277E+16
147075,6,4,14,0,2018,9,17,7,3,2,6,0,1,1,0,0,0,0,0,4.45776E+20,5.54778E+21,8.24213E+15,5.00798E+16
147076,6,4,35,19,2018,9,16,7,3,6,6,0,0,1,1,0,0,0,0,4.88413E+20,5.55432E+21,8.83784E+15,5.0141E+16
147077,6,5,33,17,2018,9,22,7,3,8,1,2,0,1,0,0,0,0,1,4.4828E+20,5.59453E+21,8.27072E+15,5.05004E+16
147078,6,4,13,0,2018,9,14,7,3,6,2,0,0,1,1,0,0,0,0,4.83354E+20,5.55035E+21,8.76722E+15,5.01051E+16
147079,6,4,36,5,2018,9,17,7,2,6,7,0,0,1,1,0,0,0,0,4.64191E+20,5.54477E+21,8.49978E+15,5.00541E+16
147080,6,5,33,17,2018,9,13,7,3,0,1,0,0,0,0,1,0,0,0,4.47752E+20,5.59352E+21,8.26343E+15,5.04913E+16
147081,6,4,12,0,2018,9,11,7,3,2,6,0,1,1,0,0,0,0,0,4.76086E+20,5.56007E+21,8.66498E+15,5.01923E+16
147082,6,4,12,0,2018,9,16,7,3,5,2,0,0,1,0,1,0,0,0,4.74521E+20,5.55123E+21,8.64364E+15,5.01127E+16
147083,6,4,36,10,2018,9,11,7,2,5,3,0,0,1,0,0,0,0,0,4.63159E+20,5.55293E+21,8.48458E+15,5.01274E+16
147084,6,4,35,29,2018,9,14,7,3,5,3,0,0,1,0,1,0,0,0,5.20057E+20,5.56662E+21,9.28133E+15,5.02514E+16
147085,6,4,12,0,2018,9,13,7,3,5,2,0,1,1,0,0,0,0,0,4.77708E+20,5.55107E+21,8.68823E+15,5.01115E+16
147086,6,5,32,6,2018,9,19,7,3,0,7,2,1,0,0,0,0,0,1,4.5013E+20,5.61935E+21,8.29348E+15,5.07238E+16
147087,6,4,32,14,2018,9,15,7,3,0,3,0,0,1,0,1,0,0,0,4.77417E+20,5.51865E+21,8.68606E+15,4.98199E+16
147088,6,4,40,2,2018,9,10,7,3,6,4,0,0,1,1,0,0,0,0,4.82098E+20,5.57932E+21,8.7483E+15,5.03657E+16
147089,6,4,11,0,2018,9,16,7,3,5,3,0,1,1,0,0,0,0,0,4.74297E+20,5.52296E+21,8.6424E+15,4.98585E+16
147090,6,6,11,0,2018,9,13,7,3,2,6,0,0,1,0,0,0,0,0,5.33031E+20,5.68224E+21,9.4737E+15,5.12905E+16
147091,6,4,31,2,2018,9,12,7,3,5,3,0,1,1,0,0,0,0,0,4.71386E+20,5.50334E+21,8.60335E+15,4.96819E+16
147092,6,4,39,8,2018,9,10,7,3,5,3,0,0,1,0,0,0,0,0,4.46841E+20,5.56596E+21,8.25447E+15,5.02434E+16
147093,6,4,38,6,2018,9,22,7,3,0,2,2,0,1,0,0,0,0,0,4.76264E+20,5.53759E+21,8.66887E+15,4.99901E+16
147094,6,4,33,12,2018,9,19,7,2,5,2,2,1,1,0,0,0,0,1,4.59889E+20,5.53656E+21,8.44055E+15,4.998E+16
147095,6,4,38,3,2018,9,11,7,3,4,5,0,1,1,0,0,0,0,0,4.75763E+20,5.53484E+21,8.66205E+15,4.99654E+16
147096,6,6,31,6,2018,9,16,7,3,0,1,0,1,0,0,0,0,0,0,5.52546E+20,5.59217E+21,9.74058E+15,5.04791E+16
147097,6,4,35,19,2018,9,17,7,3,6,4,0,0,1,1,0,0,0,0,4.89287E+20,5.55346E+21,8.8501E+15,5.01333E+16
147098,6,4,34,8,2018,9,22,7,3,5,3,2,0,1,0,0,0,0,0,4.68917E+20,5.56262E+21,8.56435E+15,5.0215E+16
147099,6,4,35,14,2018,9,12,7,2,6,4,0,0,1,1,0,0,0,0,4.92186E+20,5.55314E+21,8.89067E+15,5.01304E+16
147100,6,4,14,0,2018,9,15,6,3,5,2,0,0,1,0,0,0,0,1,4.47636E+20,5.54631E+21,8.26832E+15,5.00667E+16
147101,6,4,36,9,2018,9,1,7,3,0,7,2,0,1,0,0,0,0,0,4.6173E+20,5.54794E+21,8.46509E+15,5.00825E+16
147102,6,4,14,0,2018,9,13,6,3,6,4,0,0,1,1,0,0,0,0,4.50094E+20,5.55392E+21,8.30168E+15,5.01354E+16
147103,6,4,12,0,2018,9,16,6,3,2,6,0,0,1,0,0,0,0,1,4.67398E+20,5.5514E+21,8.54402E+15,5.0114E+16
147104,6,4,12,0,2018,9,17,6,3,5,2,0,0,1,0,0,0,0,1,4.81954E+20,5.55293E+21,8.74752E+15,5.01284E+16