OBJECTID_1,ULAND,UREGBEZ,UKREIS,UGEMEINDE,UJAHR,UMONAT,USTUNDE,UWOCHENTAG,UKATEGORIE,UART,UTYP1,ULICHTVERH,IstRad,IstPKW,IstFuss,IstKrad,IstGkfz,IstSonstig,STRZUSTAND,LINREFX,LINREFY,XGCSWGS84,YGCSWGS84
147105,6,4,31,13,2018,9,10,7,3,5,3,0,0,1,0,0,0,0,0,4.60761E+20,5.49446E+21,8.45696E+15,4.96014E+16
147106,6,4,33,11,2018,9,19,7,2,5,3,2,1,1,0,0,0,0,0,4.596E+20,5.52254E+21,8.43798E+15,4.98539E+16
147107,6,4,32,6,2018,9,8,6,3,2,6,0,0,1,1,0,0,0,0,4.74281E+20,5.53332E+21,8.64149E+15,4.99517E+16
147108,6,6,31,19,2018,9,15,7,3,1,7,0,1,1,0,0,0,0,0,5.60137E+20,5.60874E+21,9.85025E+15,5.06274E+16
147109,6,4,11,0,2018,9,10,6,3,8,7,0,0,0,0,0,1,0,0,4.75412E+20,5.52508E+21,8.65778E+15,4.98776E+16
147110,6,6,35,3,2018,9,10,6,3,2,6,0,0,1,0,0,0,0,0,5.10648E+20,5.663E+21,9.15213E+15,5.11184E+16
147111,6,5,31,3,2018,9,14,6,3,5,3,0,0,1,0,0,0,0,0,4.83071E+20,5.60736E+21,8.7607E+15,5.06179E+16
147112,6,4,39,8,2018,9,14,6,3,6,4,0,0,1,1,0,0,0,1,4.47696E+20,5.56354E+21,8.2668E+15,5.02217E+16
147113,6,6,36,14,2018,9,11,6,3,2,6,0,0,1,0,0,0,0,0,5.68334E+20,5.66398E+21,9.97645E+15,5.11232E+16
147114,6,4,38,11,2018,9,13,6,3,5,3,0,1,1,0,0,0,0,0,4.91813E+20,5.54388E+21,8.88565E+15,5.00472E+16
147115,6,6,11,0,2018,9,20,6,3,0,1,2,1,1,0,0,0,0,0,5.3374E+20,5.68343E+21,9.48398E+15,5.13012E+16
147116,6,4,34,1,2018,9,15,6,2,5,3,0,1,1,0,0,0,0,1,4.73747E+20,5.56323E+21,8.63199E+15,5.02206E+16
147117,6,6,11,0,2018,9,14,6,3,5,2,0,0,1,0,0,0,1,0,5.3469E+20,5.68524E+21,9.49777E+15,5.13174E+16
147118,6,4,34,2,2018,9,16,6,3,2,6,0,0,1,0,0,0,0,1,4.74601E+20,5.56776E+21,8.64367E+15,5.02614E+16
147119,6,4,14,0,2018,9,23,6,3,5,3,2,0,1,0,0,0,0,0,4.45514E+20,5.54737E+21,8.23853E+15,5.00761E+16
147120,6,4,13,0,2018,9,10,6,3,2,6,0,0,1,0,1,0,0,0,4.81675E+20,5.55041E+21,8.74374E+15,5.01057E+16
147121,6,4,36,4,2018,9,12,6,3,0,1,0,0,0,0,1,0,0,0,4.57941E+20,5.53932E+21,8.41307E+15,5.00047E+16
147122,6,4,12,0,2018,9,14,6,3,6,4,0,0,0,1,0,0,1,0,4.74767E+20,5.55264E+21,8.64699E+15,5.01254E+16
147123,6,4,40,3,2018,9,14,6,3,5,3,0,1,1,0,0,0,0,0,4.81852E+20,5.56148E+21,8.74568E+15,5.02052E+16
147124,6,4,32,2,2018,9,14,6,3,5,3,0,1,1,0,0,0,0,1,4.96697E+20,5.5343E+21,8.95395E+15,4.9961E+16
147125,6,4,12,0,2018,9,14,6,2,0,7,0,0,1,0,1,0,0,0,4.76406E+20,5.55251E+21,8.66992E+15,5.01243E+16
147126,6,4,12,0,2018,9,14,6,3,5,3,0,1,0,0,0,0,1,0,4.76489E+20,5.55172E+21,8.67114E+15,5.01173E+16
147127,6,4,32,8,2018,9,7,6,2,5,3,0,1,1,0,0,0,0,0,4.66789E+20,5.5238E+21,8.53788E+15,4.98657E+16
147128,6,4,32,23,2018,9,13,6,3,0,3,0,1,0,0,0,0,0,0,4.71566E+20,5.52781E+21,8.60406E+15,4.9902E+16
147129,6,4,37,13,2018,9,19,6,3,5,3,2,0,1,0,1,0,0,0,4.89762E+20,5.50595E+21,8.85801E+15,4.9706E+16
147130,6,4,31,5,2018,9,14,6,3,5,3,0,0,1,0,0,0,1,0,4.60574E+20,5.49864E+21,8.45395E+15,4.9639E+16
147131,6,4,33,8,2018,9,10,6,1,5,3,0,1,1,0,0,0,0,0,4.69329E+20,5.53906E+21,8.572E+15,5.00031E+16
147132,6,4,11,0,2018,9,13,6,3,2,6,0,0,1,0,0,0,0,0,4.7433E+20,5.524E+21,8.64279E+15,4.98679E+16
147133,6,4,11,0,2018,9,10,6,3,3,6,0,1,1,0,0,0,0,0,4.74443E+20,5.52404E+21,8.64436E+15,4.98682E+16
147134,6,5,34,14,2018,9,11,6,2,6,7,0,0,1,1,0,0,0,0,4.85115E+20,5.62824E+21,8.78875E+15,5.08057E+16
147135,6,6,33,3,2018,9,11,6,3,6,4,0,0,1,1,0,0,0,0,5.28637E+20,5.67799E+21,9.41035E+15,5.12526E+16
147136,6,6,31,14,2018,9,17,6,3,5,3,0,0,1,0,0,0,0,1,5.34158E+20,5.59462E+21,9.48166E+15,5.05025E+16
147137,6,5,31,5,2018,9,6,5,3,6,2,2,0,1,1,0,0,0,0,4.77758E+20,5.60383E+21,8.68581E+15,5.05859E+16
147138,6,6,32,3,2018,9,1,6,3,9,7,2,0,1,0,0,0,0,0,5.5536E+20,5.64674E+21,9.78844E+15,5.09696E+16
147139,6,4,38,13,2018,9,14,6,3,2,2,0,0,1,0,0,0,0,0,4.99369E+20,5.5425E+21,8.99119E+15,5.00348E+16
147140,6,6,36,1,2018,9,14,5,3,5,3,0,1,1,0,0,0,0,0,5.6765E+20,5.68029E+21,9.96974E+15,5.12699E+16
147141,6,4,38,2,2018,9,7,6,3,1,7,0,1,1,0,0,0,0,0,4.78123E+20,5.54231E+21,8.69453E+15,5.00327E+16
147142,6,4,38,11,2018,9,15,6,2,5,2,0,0,1,0,1,0,0,0,4.91763E+20,5.54223E+21,8.88499E+15,5.00323E+16
147143,6,6,36,3,2018,9,14,5,3,5,7,0,0,1,0,1,0,0,0,5.73357E+20,5.67084E+21,1.00496E+16,5.11843E+16
147144,6,6,11,0,2018,9,18,5,3,0,5,0,0,1,0,1,0,0,0,5.34236E+20,5.68703E+21,9.49144E+15,5.13335E+16
147145,6,4,34,1,2018,9,10,6,3,1,5,0,1,1,0,0,0,0,0,4.74102E+20,5.56363E+21,8.63694E+15,5.02243E+16
147146,6,6,11,0,2018,9,15,5,3,6,4,0,0,1,1,0,0,0,0,5.35654E+20,5.68582E+21,9.51167E+15,5.13225E+16
147147,6,6,11,0,2018,9,17,5,3,3,5,0,1,1,0,0,0,0,0,5.33477E+20,5.68493E+21,9.48034E+15,5.13147E+16
147148,6,4,14,0,2018,9,13,5,3,5,3,0,1,1,0,0,0,0,0,4.48536E+20,5.54209E+21,8.28147E+15,5.00289E+16
147149,6,4,32,14,2018,9,11,6,3,6,5,0,0,0,1,0,1,0,0,4.78285E+20,5.52054E+21,8.69802E+15,4.98369E+16
147150,6,4,14,0,2018,9,12,5,3,0,2,0,0,1,0,0,0,1,0,4.45073E+20,5.54788E+21,8.23229E+15,5.00807E+16
147151,6,4,14,0,2018,9,16,5,3,1,1,0,0,1,0,0,0,0,0,4.46972E+20,5.5462E+21,8.25906E+15,5.00658E+16
147152,6,4,13,0,2018,9,13,5,3,1,5,0,0,1,0,0,0,0,0,4.88434E+20,5.54763E+21,8.83834E+15,5.00808E+16
147153,6,4,40,2,2018,9,9,6,3,2,6,0,0,1,0,1,0,0,0,4.81722E+20,5.57845E+21,8.74304E+15,5.03579E+16
147154,6,4,31,22,2018,9,5,6,3,1,5,2,1,1,0,0,0,0,0,4.72156E+20,5.50713E+21,8.61376E+15,4.9716E+16
147155,6,4,12,0,2018,9,17,5,3,6,7,0,0,1,1,0,0,0,0,4.68766E+20,5.55207E+21,8.56309E+15,5.012E+16
147156,6,4,33,10,2018,9,9,6,3,5,7,0,0,1,0,0,0,0,0,4.60323E+20,5.5393E+21,8.44631E+15,5.00047E+16
147157,6,4,33,3,2018,9,18,6,3,5,7,0,0,1,0,1,0,0,0,4.65133E+20,5.52787E+21,8.51447E+15,4.99022E+16
147158,6,4,12,0,2018,9,14,5,3,2,6,0,0,1,0,0,0,0,0,4.76431E+20,5.55815E+21,8.66993E+15,5.01751E+16
147159,6,4,12,0,2018,9,7,5,3,5,3,0,1,1,0,0,0,0,0,4.77578E+20,5.55455E+21,8.68621E+15,5.01427E+16
147160,6,5,31,14,2018,9,16,6,3,5,3,0,0,1,0,0,0,0,0,4.82579E+20,5.59844E+21,8.75416E+15,5.05377E+16
147161,6,4,12,0,2018,9,23,5,2,5,3,2,0,1,0,1,0,0,0,4.77643E+20,5.55039E+21,8.68736E+15,5.01053E+16
147162,6,4,12,0,2018,9,17,5,3,2,6,0,0,1,0,0,0,0,0,4.82044E+20,5.55221E+21,8.74882E+15,5.01219E+16
147163,6,4,12,0,2018,9,12,5,3,5,3,0,0,0,0,1,0,0,0,4.79255E+20,5.55285E+21,8.70977E+15,5.01275E+16
147164,6,4,35,7,2018,9,20,5,3,1,5,2,0,1,0,0,0,0,0,4.9861E+20,5.55782E+21,8.98054E+15,5.01726E+16
147165,6,5,31,3,2018,9,17,5,3,5,3,0,0,1,0,1,0,0,0,4.84771E+20,5.60643E+21,8.78477E+15,5.06096E+16
147166,6,4,12,0,2018,9,11,5,3,2,6,0,1,1,0,0,0,0,0,4.77285E+20,5.55268E+21,8.68221E+15,5.01259E+16
147167,6,4,14,0,2018,9,16,5,3,6,4,0,0,1,1,0,0,0,0,4.44231E+20,5.54751E+21,8.22058E+15,5.00772E+16
147168,6,4,14,0,2018,9,16,5,2,6,4,0,0,0,1,0,0,1,0,4.44939E+20,5.54828E+21,8.23036E+15,5.00842E+16
147169,6,4,12,0,2018,9,13,5,3,4,7,0,1,0,0,0,0,0,0,4.78327E+20,5.55228E+21,8.69682E+15,5.01223E+16
147170,6,4,13,0,2018,9,15,5,3,6,2,0,0,1,1,0,0,0,0,4.82556E+20,5.54891E+21,8.75613E+15,5.00922E+16
147171,6,4,13,0,2018,9,6,5,3,0,7,1,0,0,0,1,0,1,0,4.8598E+20,5.54863E+21,8.80401E+15,5.00898E+16
147172,6,4,12,0,2018,9,14,5,2,0,3,0,1,1,0,0,0,0,0,4.77849E+20,5.55144E+21,8.69019E+15,5.01148E+16
147173,6,6,35,2,2018,9,8,5,2,0,7,0,0,1,0,0,0,0,0,5.05654E+20,5.68811E+21,9.08118E+15,5.13442E+16
147174,6,4,12,0,2018,9,19,5,3,2,6,1,1,1,0,0,0,0,0,4.6726E+20,5.55005E+21,8.5422E+15,5.01018E+16
147175,6,6,34,14,2018,9,14,5,3,6,7,0,0,1,1,0,0,0,0,5.38177E+20,5.66469E+21,9.54563E+15,5.11324E+16
147176,6,4,12,0,2018,9,17,5,3,5,2,0,1,0,0,0,0,1,0,4.72753E+20,5.54805E+21,8.61914E+15,5.00841E+16
147177,6,4,38,9,2018,9,22,5,3,0,7,2,0,0,0,1,0,0,0,4.78786E+20,5.54466E+21,8.70367E+15,5.00538E+16
147178,6,4,11,0,2018,10,17,6,3,1,5,0,1,1,0,0,0,0,0,4.73986E+20,5.51715E+21,8.63847E+15,4.98062E+16
147179,6,4,12,0,2018,10,7,6,2,0,1,0,0,0,0,1,0,0,0,4.76229E+20,5.55028E+21,8.66759E+15,5.01043E+16
147180,6,4,12,0,2018,10,16,6,3,6,4,0,1,0,1,0,0,0,0,4.7579E+20,5.55188E+21,8.66135E+15,5.01186E+16
147181,6,4,32,18,2018,10,14,6,3,2,6,0,0,1,0,0,0,0,0,4.72686E+20,5.51804E+21,8.62034E+15,4.98142E+16
147182,6,4,31,20,2018,10,11,6,3,5,3,0,1,1,0,0,0,0,0,4.68315E+20,5.4867E+21,8.56212E+15,4.95321E+16
147183,6,4,11,0,2018,10,23,6,2,3,6,2,0,1,0,1,0,0,0,4.75126E+20,5.52643E+21,8.65372E+15,4.98898E+16
147184,6,5,32,23,2018,10,9,6,2,5,3,0,1,1,0,0,0,0,0,4.64491E+20,5.59839E+21,8.49893E+15,5.05364E+16
147185,6,5,32,23,2018,10,8,6,3,0,7,0,1,0,0,0,0,0,0,4.63572E+20,5.60108E+21,8.48569E+15,5.05605E+16
147186,6,6,35,11,2018,10,17,6,3,5,3,0,1,1,0,0,0,0,0,4.85007E+20,5.6562E+21,8.78607E+15,5.10571E+16
147187,6,5,31,17,2018,10,12,5,3,5,3,0,0,1,0,1,0,0,0,4.84715E+20,5.61287E+21,8.78372E+15,5.06675E+16
147188,6,4,38,3,2018,10,23,6,3,5,3,2,0,1,0,0,0,0,0,4.76749E+20,5.5352E+21,8.67578E+15,4.99687E+16
147189,6,4,38,6,2018,10,18,6,3,6,4,1,0,1,1,0,0,0,0,4.76974E+20,5.53713E+21,8.67881E+15,4.9986E+16
147190,6,6,32,7,2018,10,15,5,2,6,7,0,0,1,1,0,0,0,0,5.51718E+20,5.62991E+21,9.73419E+15,5.08186E+16
147191,6,6,32,15,2018,10,11,5,3,7,7,0,0,1,0,0,0,1,0,5.42083E+20,5.6283E+21,9.59723E+15,5.08049E+16
147192,6,4,38,3,2018,10,15,6,3,5,3,0,1,1,0,0,0,0,0,4.76419E+20,5.53438E+21,8.67123E+15,4.99613E+16
147193,6,6,32,2,2018,10,14,5,3,1,6,0,0,1,0,0,0,0,0,5.49665E+20,5.63494E+21,9.70572E+15,5.0864E+16
147194,6,6,11,0,2018,10,16,5,3,2,6,0,0,1,0,0,0,0,0,5.35972E+20,5.6856E+21,9.51621E+15,5.13206E+16
147195,6,4,34,11,2018,10,20,6,3,5,2,2,0,1,0,0,0,0,0,4.66679E+20,5.57574E+21,8.53182E+15,5.03328E+16
147196,6,4,34,8,2018,10,23,6,3,5,3,2,0,1,0,0,0,0,0,4.68918E+20,5.56262E+21,8.56435E+15,5.0215E+16
147197,6,4,12,0,2018,10,14,5,3,0,7,0,0,0,0,0,0,1,0,4.74306E+20,5.5568E+21,8.64027E+15,5.01628E+16
147198,6,4,36,8,2018,10,13,6,3,2,6,0,0,1,0,0,0,0,0,4.6189E+20,5.55383E+21,8.46674E+15,5.01355E+16
147199,6,4,32,5,2018,10,17,6,3,5,2,0,1,1,0,0,0,0,0,4.89032E+20,5.53292E+21,8.84713E+15,4.99485E+16
147200,6,4,32,10,2018,10,10,6,3,5,3,0,0,1,0,0,1,0,0,4.94733E+20,5.52456E+21,8.9267E+15,4.98734E+16
147201,6,4,12,0,2018,10,5,5,2,2,6,2,1,0,0,0,0,1,0,4.75316E+20,5.55978E+21,8.65421E+15,5.01897E+16
147202,6,4,12,0,2018,10,9,5,3,5,3,0,1,0,0,0,0,0,0,4.75987E+20,5.55258E+21,8.66407E+15,5.0125E+16
147203,6,5,35,1,2018,10,15,6,2,5,3,0,0,1,0,0,0,0,0,5.19316E+20,5.62204E+21,9.2738E+15,5.07498E+16
147204,6,4,11,0,2018,10,9,5,3,5,7,0,0,1,0,0,0,0,1,4.73365E+20,5.5265E+21,8.6292E+15,4.98903E+16
147205,6,4,11,0,2018,10,14,5,3,5,7,0,0,1,0,1,0,0,0,4.75415E+20,5.52558E+21,8.65779E+15,4.98821E+16
147206,6,6,31,9,2018,10,14,6,2,6,4,0,0,1,1,0,0,0,0,5.48783E+20,5.60124E+21,9.68873E+15,5.0561E+16
147207,6,5,31,13,2018,10,16,5,2,3,6,0,0,1,0,1,0,0,0,4.78784E+20,5.61009E+21,8.69994E+15,5.06423E+16
147208,6,6,35,2,2018,10,23,5,2,0,1,2,0,0,0,1,0,0,0,4.99214E+20,5.68999E+21,8.98871E+15,5.13612E+16
147209,6,4,38,4,2018,10,6,5,3,4,6,2,0,1,0,0,0,1,0,4.96073E+20,5.5474E+21,8.94511E+15,5.00789E+16
147210,6,6,32,2,2018,10,18,5,3,2,6,2,0,1,0,0,0,0,0,5.49566E+20,5.63507E+21,9.70433E+15,5.08652E+16
147211,6,4,14,0,2018,10,17,5,3,6,4,0,0,0,1,1,0,0,0,4.45304E+20,5.54855E+21,8.23542E+15,5.00867E+16
147212,6,4,34,11,2018,10,14,5,2,2,6,0,0,1,0,1,0,0,0,4.65899E+20,5.57543E+21,8.52088E+15,5.033E+16
147213,6,4,14,0,2018,10,15,5,3,0,7,0,0,1,0,0,0,0,0,4.45973E+20,5.5479E+21,8.24486E+15,5.00809E+16
147214,6,4,13,0,2018,10,9,5,3,0,7,0,1,0,0,0,1,0,0,4.81172E+20,5.55096E+21,8.73668E+15,5.01106E+16
147215,6,4,13,0,2018,10,11,5,2,5,2,0,1,1,0,0,0,0,0,4.86242E+20,5.54848E+21,8.80768E+15,5.00884E+16
147216,6,4,36,8,2018,10,11,5,3,0,6,0,1,0,0,0,1,0,0,4.61132E+20,5.55306E+21,8.45621E+15,5.01285E+16
147217,6,4,31,20,2018,10,15,5,3,5,2,0,0,1,0,0,0,0,0,4.69554E+20,5.48694E+21,8.57923E+15,4.95343E+16
147218,6,4,31,20,2018,10,15,5,2,6,4,0,1,0,1,0,0,0,0,4.70316E+20,5.48719E+21,8.58974E+15,4.95366E+16
147219,6,4,31,20,2018,10,11,5,3,5,3,0,1,1,0,0,0,0,0,4.69291E+20,5.48705E+21,8.57558E+15,4.95353E+16
147220,6,4,13,0,2018,10,9,5,3,5,3,0,0,1,0,0,0,0,0,4.83431E+20,5.54921E+21,8.76835E+15,5.00949E+16
147221,6,4,36,3,2018,10,19,5,3,5,3,2,0,1,0,0,0,0,0,4.69647E+20,5.55453E+21,8.57522E+15,5.01422E+16
147222,6,4,31,13,2018,10,10,5,3,0,7,0,0,0,0,1,0,0,0,4.62574E+20,5.49309E+21,8.48218E+15,4.95892E+16
147223,6,4,36,5,2018,10,6,5,3,5,3,2,0,1,0,1,0,0,0,4.62193E+20,5.54334E+21,8.47201E+15,5.00411E+16
147224,6,4,33,12,2018,10,19,5,3,6,2,2,0,1,1,0,0,0,0,4.58066E+20,5.53797E+21,8.41496E+15,4.99926E+16
147225,6,4,12,0,2018,10,16,5,3,3,2,0,1,1,0,0,0,0,0,4.67087E+20,5.54999E+21,8.53978E+15,5.01012E+16
147226,6,4,33,6,2018,10,17,5,2,6,4,0,1,0,1,0,0,0,0,4.62977E+20,5.52988E+21,8.48425E+15,4.99202E+16
147227,6,5,34,14,2018,10,8,5,3,6,4,0,0,1,1,0,0,0,0,4.83013E+20,5.62811E+21,8.75893E+15,5.08045E+16
147228,6,4,12,0,2018,10,18,5,3,1,5,0,0,1,0,0,0,0,0,4.75663E+20,5.55891E+21,8.65913E+15,5.01819E+16
147229,6,5,31,5,2018,10,11,5,3,5,2,0,0,1,0,1,0,0,0,4.78117E+20,5.60245E+21,8.69096E+15,5.05736E+16
147230,6,4,12,0,2018,10,18,5,2,6,7,2,0,1,1,0,0,0,0,4.7291E+20,5.55714E+21,8.62069E+15,5.01659E+16
147231,6,5,31,5,2018,10,22,5,3,2,6,2,0,1,0,0,0,0,1,4.76493E+20,5.6032E+21,8.66798E+15,5.05803E+16
147232,6,4,35,14,2018,10,8,5,3,7,7,0,1,0,0,0,1,0,0,4.97108E+20,5.55184E+21,8.95955E+15,5.01188E+16
147233,6,4,12,0,2018,10,19,5,3,1,7,2,1,1,0,0,0,0,0,4.74841E+20,5.55183E+21,8.64809E+15,5.01182E+16
147234,6,4,35,14,2018,10,20,5,3,3,6,2,0,1,0,1,0,0,0,4.97737E+20,5.55031E+21,8.96836E+15,5.0105E+16
147235,6,4,12,0,2018,10,19,5,3,5,3,2,1,1,0,0,0,0,0,4.75414E+20,5.55078E+21,8.65617E+15,5.01087E+16
147236,6,4,12,0,2018,10,14,5,3,2,6,0,0,1,0,1,0,0,0,4.79647E+20,5.55167E+21,8.71531E+15,5.01169E+16
147237,6,5,31,5,2018,10,13,4,2,3,2,0,1,0,0,0,1,0,0,4.77222E+20,5.60363E+21,8.67825E+15,5.05842E+16
147238,6,5,33,13,2018,10,15,4,3,0,7,0,1,0,1,0,0,0,0,4.39126E+20,5.58373E+21,8.14342E+15,5.04024E+16
147239,6,4,12,0,2018,10,19,5,3,0,7,2,0,1,0,0,0,0,0,4.78017E+20,5.55335E+21,8.69242E+15,5.0132E+16
147240,6,4,12,0,2018,10,10,4,3,0,7,0,0,0,0,1,0,1,1,4.782E+20,5.556E+21,8.69482E+15,5.01559E+16
147241,6,4,32,23,2018,10,7,4,3,5,2,0,1,1,0,0,0,0,0,4.69379E+20,5.52895E+21,8.57351E+15,4.99122E+16
147242,6,4,11,0,2018,10,17,5,3,8,1,0,0,1,0,0,0,0,0,4.75237E+20,5.52762E+21,8.65518E+15,4.99004E+16
147243,6,4,11,0,2018,10,8,4,2,4,1,0,0,1,0,0,0,0,0,4.72405E+20,5.52485E+21,8.61595E+15,4.98754E+16
147244,6,4,39,14,2018,10,16,5,3,5,3,0,0,1,0,0,0,0,0,4.33745E+20,5.55023E+21,8.07357E+15,5.01007E+16
147245,6,4,34,8,2018,10,7,5,3,5,2,0,0,1,0,1,0,0,0,4.69074E+20,5.56256E+21,8.56655E+15,5.02144E+16
147246,6,4,36,7,2018,10,22,5,3,0,1,2,1,0,0,0,0,0,0,4.60541E+20,5.54815E+21,8.44844E+15,5.00843E+16
147247,6,4,11,0,2018,10,21,4,3,6,4,2,0,1,1,0,0,0,0,4.7491E+20,5.52546E+21,8.65077E+15,4.9881E+16
147248,6,4,32,14,2018,10,16,5,3,2,6,0,0,1,0,1,0,0,0,4.7859E+20,5.52103E+21,8.70223E+15,4.98413E+16
147249,6,4,31,5,2018,10,13,5,2,9,1,0,0,1,0,0,0,0,0,4.61914E+20,5.4993E+21,8.47245E+15,4.9645E+16
147250,6,6,34,3,2018,10,7,4,3,8,1,1,0,1,0,0,0,0,1,5.30528E+20,5.6643E+21,9.43628E+15,5.11294E+16
147251,6,4,38,6,2018,10,17,4,3,5,3,0,0,1,0,1,0,0,0,4.77102E+20,5.53681E+21,8.68061E+15,4.99832E+16
147252,6,4,33,12,2018,10,13,5,3,2,6,0,0,1,0,0,0,0,0,4.60036E+20,5.53772E+21,8.44248E+15,4.99905E+16
147253,6,4,34,1,2018,10,17,4,3,2,6,0,0,1,0,1,0,0,0,4.71752E+20,5.56508E+21,8.60389E+15,5.02372E+16
147254,6,4,36,4,2018,10,16,4,3,6,4,0,0,1,1,0,0,0,0,4.59146E+20,5.54099E+21,8.42972E+15,5.00198E+16
147255,6,6,31,9,2018,10,10,5,3,0,7,0,0,0,1,0,0,1,0,5.47916E+20,5.60016E+21,9.67636E+15,5.05514E+16
147256,6,4,12,0,2018,10,16,5,3,2,6,0,0,1,0,0,0,0,0,4.71279E+20,5.55356E+21,8.59813E+15,5.01336E+16
147257,6,4,36,8,2018,10,18,4,3,5,3,2,1,1,0,0,0,1,0,4.6177E+20,5.55298E+21,8.46514E+15,5.01278E+16
147258,6,5,31,5,2018,10,17,4,3,4,3,0,0,1,0,0,0,0,0,4.79089E+20,5.60477E+21,8.70456E+15,5.05944E+16
147259,6,4,12,0,2018,10,9,4,3,6,7,0,0,1,1,0,0,0,0,4.74211E+20,5.55672E+21,8.63894E+15,5.01622E+16
147260,6,4,12,0,2018,10,7,4,3,5,3,0,1,1,0,0,0,0,0,4.77431E+20,5.5568E+21,8.68401E+15,5.0163E+16
147261,6,4,32,22,2018,10,12,4,3,5,7,0,1,1,0,0,0,0,0,4.74211E+20,5.51306E+21,8.64186E+15,4.97695E+16
147262,6,4,33,12,2018,10,12,4,3,1,5,0,0,1,0,0,0,0,0,4.5837E+20,5.53615E+21,8.4194E+15,4.99762E+16
147263,6,4,12,0,2018,10,0,4,3,6,4,2,0,1,1,0,0,0,0,4.77678E+20,5.55139E+21,8.68779E+15,5.01143E+16
147264,6,4,11,0,2018,10,15,4,3,5,3,0,0,1,0,0,0,0,0,4.73845E+20,5.52643E+21,8.63588E+15,4.98897E+16
147265,6,4,33,8,2018,10,17,4,3,3,6,0,1,1,0,0,0,0,0,4.69388E+20,5.53985E+21,8.57277E+15,5.00102E+16
147266,6,4,33,7,2018,10,10,4,3,3,6,0,1,1,0,0,0,0,0,4.66088E+20,5.54516E+21,8.52625E+15,5.00577E+16
147267,6,4,38,10,2018,10,13,4,3,5,2,0,1,1,0,0,0,0,0,4.90087E+20,5.54705E+21,8.86146E+15,5.00756E+16
147268,6,5,34,14,2018,10,14,4,3,0,6,0,0,0,0,1,0,1,0,4.84812E+20,5.62674E+21,8.78451E+15,5.07922E+16
147269,6,4,12,0,2018,10,16,3,2,5,3,0,1,0,0,0,0,1,0,4.70978E+20,5.54483E+21,8.59459E+15,5.0055E+16
147270,6,4,34,5,2018,10,10,4,3,2,6,0,0,1,0,0,0,0,0,4.62466E+20,5.55878E+21,8.47431E+15,5.018E+16
147271,6,4,34,1,2018,10,9,4,3,2,6,0,0,1,0,1,0,1,0,4.71885E+20,5.56428E+21,8.60581E+15,5.023E+16
147272,6,6,32,2,2018,10,21,3,3,5,3,2,0,1,0,0,0,0,0,5.50129E+20,5.63616E+21,9.71249E+15,5.0875E+16
147273,6,4,40,3,2018,10,20,4,2,5,3,2,1,1,0,0,0,0,0,4.81061E+20,5.55831E+21,8.73477E+15,5.01767E+16
147274,6,4,40,3,2018,10,8,4,3,5,3,0,1,1,0,0,0,0,0,4.81835E+20,5.56183E+21,8.74544E+15,5.02084E+16
147275,6,4,32,4,2018,10,13,4,3,0,1,0,1,0,0,0,0,0,0,4.88763E+20,5.52734E+21,8.84354E+15,4.98984E+16
147276,6,6,11,0,2018,10,9,3,3,6,5,0,0,0,1,0,0,1,0,5.34373E+20,5.68472E+21,9.49319E+15,5.13127E+16
147277,6,4,12,0,2018,10,20,3,3,5,2,2,0,1,0,0,0,0,0,4.69963E+20,5.54845E+21,8.58012E+15,5.00875E+16
147278,6,4,11,0,2018,10,11,4,3,5,3,0,1,1,0,0,0,0,0,4.73737E+20,5.51825E+21,8.63493E+15,4.98162E+16
147279,6,4,12,0,2018,10,17,3,3,5,3,0,0,1,0,1,0,0,0,4.80221E+20,5.54998E+21,8.72343E+15,5.01017E+16
147280,6,4,40,2,2018,10,16,4,3,0,1,0,1,1,0,0,0,0,0,4.82911E+20,5.57837E+21,8.75977E+15,5.03571E+16
147281,6,4,12,0,2018,10,20,3,3,2,6,2,0,1,0,0,0,0,0,4.7648E+20,5.55172E+21,8.67101E+15,5.01172E+16
147282,6,6,35,2,2018,10,12,3,2,5,2,0,0,1,0,0,0,1,0,5.0032E+20,5.69224E+21,9.0046E+15,5.13814E+16
147283,6,4,40,2,2018,10,17,4,3,5,3,0,1,0,0,0,0,0,0,4.82438E+20,5.57874E+21,8.75311E+15,5.03605E+16
147284,6,4,31,20,2018,10,9,4,3,4,2,0,0,1,0,1,0,0,0,4.70101E+20,5.48789E+21,8.58671E+15,4.95429E+16
147285,6,6,33,3,2018,10,15,3,3,5,3,0,0,1,0,0,0,0,0,5.26377E+20,5.67738E+21,9.37791E+15,5.12472E+16
147286,6,4,31,20,2018,10,13,4,3,5,3,0,1,1,0,0,0,0,0,4.69752E+20,5.48725E+21,8.58194E+15,4.95371E+16
147287,6,4,34,1,2018,10,19,3,3,5,2,1,1,1,0,0,0,0,0,4.71517E+20,5.56463E+21,8.60062E+15,5.02332E+16
147288,6,4,33,8,2018,10,16,4,2,6,7,0,0,1,1,0,0,0,0,4.69283E+20,5.53547E+21,8.57166E+15,4.99708E+16
147289,6,4,34,1,2018,10,18,3,3,5,3,1,0,1,0,1,0,0,0,4.72518E+20,5.56318E+21,8.61477E+15,5.02201E+16
147290,6,4,34,1,2018,10,18,3,3,5,3,0,1,1,0,0,0,0,0,4.7207E+20,5.56446E+21,8.60839E+15,5.02317E+16
147291,6,4,33,7,2018,10,17,4,3,5,2,0,1,1,0,0,0,0,0,4.65008E+20,5.54463E+21,8.51121E+15,5.00529E+16