OBJECTID_1,ULAND,UREGBEZ,UKREIS,UGEMEINDE,UJAHR,UMONAT,USTUNDE,UWOCHENTAG,UKATEGORIE,UART,UTYP1,ULICHTVERH,IstRad,IstPKW,IstFuss,IstKrad,IstGkfz,IstSonstig,STRZUSTAND,LINREFX,LINREFY,XGCSWGS84,YGCSWGS84
147478,6,4,12,0,2018,10,15,7,3,0,7,0,0,0,0,0,0,1,0,4.77121E+20,5.5501E+21,8.68008E+15,5.01027E+16
147479,6,5,31,5,2018,10,10,4,2,8,1,0,0,1,0,0,0,0,0,4.79713E+20,5.60654E+21,8.71328E+15,5.06104E+16
147480,6,4,12,0,2018,10,1,7,3,5,3,2,0,1,0,0,0,0,1,4.77471E+20,5.54991E+21,8.68498E+15,5.0101E+16
147481,6,4,12,0,2018,10,15,3,3,6,5,0,0,1,1,0,0,0,1,4.77444E+20,5.54974E+21,8.68461E+15,5.00995E+16
147482,6,6,33,29,2018,10,22,7,2,6,7,2,0,1,1,0,0,0,0,5.2128E+20,5.69065E+21,9.30569E+15,5.13667E+16
147483,6,5,33,17,2018,10,18,7,2,5,3,2,0,0,0,1,0,1,0,4.47974E+20,5.59289E+21,8.26664E+15,5.04857E+16
147484,6,4,14,0,2018,10,13,3,3,6,2,0,0,1,1,0,0,0,1,4.44395E+20,5.54639E+21,8.22304E+15,5.00672E+16
147485,6,4,33,12,2018,10,14,7,2,8,1,0,0,0,0,1,0,0,0,4.59526E+20,5.53611E+21,8.43553E+15,4.99759E+16
147486,6,4,12,0,2018,10,9,6,3,5,3,0,1,1,0,0,0,0,0,4.73411E+20,5.55591E+21,8.62779E+15,5.01548E+16
147487,6,4,31,20,2018,10,18,3,3,5,2,2,1,1,0,0,0,0,1,4.70282E+20,5.48798E+21,8.5892E+15,4.95437E+16
147488,6,4,33,12,2018,10,16,3,3,5,3,0,0,1,0,1,0,0,1,4.57894E+20,5.53745E+21,8.41263E+15,4.99879E+16
147489,6,4,12,0,2018,10,11,6,3,2,6,0,0,1,0,0,0,0,0,4.66979E+20,5.55014E+21,8.53826E+15,5.01026E+16
147490,6,4,33,9,2018,10,16,7,3,6,7,0,0,0,1,0,0,1,0,4.60391E+20,5.53279E+21,8.44794E+15,4.99461E+16
147491,6,4,36,11,2018,10,15,4,3,6,7,0,0,1,1,0,0,0,0,4.66764E+20,5.55487E+21,8.53485E+15,5.01451E+16
147492,6,4,35,14,2018,10,15,7,3,7,7,0,1,0,0,0,0,1,0,4.93525E+20,5.55419E+21,8.90939E+15,5.01399E+16
147493,6,4,37,11,2018,10,15,3,3,2,6,0,0,1,0,0,0,0,1,5.00358E+20,5.50256E+21,9.00497E+15,4.96756E+16
147494,6,5,32,23,2018,10,10,7,2,9,5,0,1,1,0,0,0,0,0,4.64543E+20,5.60272E+21,8.49925E+15,5.05753E+16
147495,6,5,31,5,2018,10,15,7,3,6,7,0,0,0,1,0,0,1,0,4.75817E+20,5.60292E+21,8.65845E+15,5.05777E+16
147496,6,5,31,2,2018,10,7,6,3,6,4,2,0,0,1,0,0,1,0,4.7152E+20,5.60762E+21,8.59741E+15,5.06198E+16
147497,6,6,34,9,2018,10,6,6,3,6,1,2,0,1,1,0,0,0,0,5.28982E+20,5.65353E+21,9.41331E+15,5.10325E+16
147498,6,5,33,9,2018,10,23,6,3,5,2,2,0,1,0,1,0,0,1,4.31619E+20,5.58318E+21,8.03791E+15,5.03967E+16
147499,6,4,14,0,2018,10,10,6,3,6,7,0,0,1,1,0,0,0,0,4.49297E+20,5.53983E+21,8.29239E+15,5.00086E+16
147500,6,4,12,0,2018,10,11,4,3,6,7,0,1,0,1,0,0,0,0,4.78229E+20,5.55204E+21,8.69546E+15,5.01202E+16
147501,6,4,14,0,2018,10,10,6,2,6,3,0,0,0,1,0,1,0,0,4.44528E+20,5.54433E+21,8.22519E+15,5.00487E+16
147502,6,4,36,4,2018,10,17,3,3,5,3,2,0,1,0,1,0,0,1,4.58922E+20,5.54085E+21,8.42659E+15,5.00186E+16
147503,6,4,12,0,2018,10,15,6,3,2,6,0,0,1,0,0,0,0,0,4.75082E+20,5.55128E+21,8.65148E+15,5.01133E+16
147504,6,4,12,0,2018,10,17,6,3,4,6,1,1,1,0,0,0,0,0,4.76226E+20,5.55407E+21,8.66731E+15,5.01384E+16
147505,6,4,12,0,2018,10,16,6,3,1,5,0,1,1,0,0,0,0,0,4.78864E+20,5.5525E+21,8.70432E+15,5.01244E+16
147506,6,4,12,0,2018,11,17,5,2,1,6,0,0,1,0,0,0,1,0,4.76205E+20,5.5506E+21,8.66724E+15,5.01072E+16
147507,6,4,12,0,2018,10,16,6,3,1,5,0,0,1,0,0,0,1,0,4.79566E+20,5.55255E+21,8.71413E+15,5.01249E+16
147508,6,4,32,8,2018,10,7,4,3,2,6,0,0,1,0,0,1,0,0,4.69116E+20,5.52333E+21,8.57029E+15,4.98616E+16
147509,6,4,37,1,2018,10,20,6,3,0,7,2,1,1,0,0,0,0,0,5.00232E+20,5.50971E+21,9.00322E+15,4.97399E+16
147510,6,4,11,0,2018,10,18,6,3,2,6,2,0,1,0,0,0,0,0,4.74423E+20,5.52445E+21,8.64405E+15,4.98719E+16
147511,6,4,39,3,2018,10,19,6,3,6,4,2,0,1,1,0,0,0,0,4.36193E+20,5.5423E+21,8.10913E+15,5.00296E+16
147512,6,4,38,7,2018,10,18,4,3,5,3,2,0,1,0,1,0,0,0,5.01964E+20,5.54198E+21,9.02742E+15,5.00301E+16
147513,6,4,38,10,2018,10,6,6,3,0,3,2,0,1,0,1,0,0,0,4.88697E+20,5.54641E+21,8.84205E+15,5.00698E+16
147514,6,4,40,10,2018,10,12,6,3,0,4,0,0,1,1,0,0,0,0,5.00006E+20,5.57355E+21,9.00008E+15,5.03141E+16
147515,6,4,32,11,2018,10,11,6,3,2,7,0,0,1,0,1,0,0,0,4.87106E+20,5.5246E+21,8.82055E+15,4.98737E+16
147516,6,4,33,5,2018,10,8,3,3,0,1,0,0,0,0,1,0,0,1,4.53135E+20,5.53574E+21,8.34645E+15,4.99721E+16
147517,6,4,32,18,2018,10,17,6,2,5,6,0,0,1,0,1,0,0,0,4.71371E+20,5.51696E+21,8.60213E+15,4.98044E+16
147518,6,4,11,0,2018,11,1,5,2,0,1,2,0,0,0,1,0,0,0,4.7386E+20,5.51685E+21,8.63673E+15,4.98035E+16
147519,6,4,11,0,2018,10,15,6,3,5,3,0,1,1,0,0,0,0,0,4.74432E+20,5.51782E+21,8.64462E+15,4.98123E+16
147520,6,5,31,5,2018,10,11,4,3,5,2,0,1,1,0,0,0,0,0,4.78432E+20,5.60181E+21,8.69544E+15,5.05679E+16
147521,6,4,11,0,2018,10,17,6,3,0,3,1,1,1,0,0,0,0,0,4.74516E+20,5.52088E+21,8.64559E+15,4.98398E+16
147522,6,5,34,4,2018,10,23,6,3,6,7,2,0,1,1,0,0,0,0,4.66813E+20,5.63992E+21,8.52796E+15,5.091E+16
147523,6,4,31,2,2018,10,7,3,2,5,2,1,1,1,0,0,0,0,1,4.71829E+20,5.50607E+21,8.60929E+15,4.97065E+16
147524,6,6,31,9,2018,10,7,3,3,5,3,0,0,1,0,1,0,0,1,5.50051E+20,5.6002E+21,9.7065E+15,5.05516E+16
147525,6,5,34,11,2018,10,13,6,3,2,2,0,0,1,0,0,0,0,0,4.95549E+20,5.62978E+21,8.93681E+15,5.08197E+16
147526,6,6,31,17,2018,10,17,6,3,6,6,0,0,1,1,0,0,0,0,5.54105E+20,5.59565E+21,9.76305E+15,5.05103E+16
147527,6,4,14,0,2018,10,11,4,3,5,2,0,0,1,0,0,0,1,0,4.45833E+20,5.547E+21,8.24304E+15,5.00728E+16
147528,6,4,32,8,2018,10,6,3,2,5,3,2,0,1,0,1,0,0,1,4.67381E+20,5.52408E+21,8.5461E+15,4.98682E+16
147529,6,4,35,14,2018,10,15,5,3,6,7,0,0,0,1,0,0,1,0,4.955E+20,5.55375E+21,8.93704E+15,5.0136E+16
147530,6,4,14,0,2018,11,10,5,3,2,6,0,0,1,0,0,0,0,0,4.44708E+20,5.54677E+21,8.22735E+15,5.00706E+16
147531,6,6,31,9,2018,11,17,5,3,1,5,2,1,1,0,0,0,0,0,5.48374E+20,5.60117E+21,9.68296E+15,5.05605E+16
147532,6,5,31,5,2018,10,17,5,2,0,7,1,1,1,0,0,0,0,0,4.76704E+20,5.6037E+21,8.67093E+15,5.05847E+16
147533,6,4,13,0,2018,10,15,3,3,6,2,0,0,1,1,0,0,0,1,4.8316E+20,5.55039E+21,8.7645E+15,5.01055E+16
147534,6,4,14,0,2018,10,15,5,3,0,1,0,0,0,0,1,0,0,0,4.44823E+20,5.54596E+21,8.22908E+15,5.00633E+16
147535,6,4,13,0,2018,10,12,5,3,1,5,0,1,1,0,0,0,0,0,4.83101E+20,5.55017E+21,8.76369E+15,5.01036E+16
147536,6,4,31,2,2018,10,6,3,3,5,2,0,0,1,0,0,0,0,1,4.72429E+20,5.50397E+21,8.61776E+15,4.96876E+16
147537,6,4,12,0,2018,10,18,5,3,5,3,1,1,1,0,0,0,0,0,4.73778E+20,5.54786E+21,8.63348E+15,5.00824E+16
147538,6,4,12,0,2018,10,14,5,3,4,1,0,0,1,0,0,0,0,0,4.77329E+20,5.54967E+21,8.68301E+15,5.00988E+16
147539,6,4,12,0,2018,10,23,4,3,6,7,2,0,1,1,0,0,0,0,4.77145E+20,5.55716E+21,8.67999E+15,5.01662E+16
147540,6,4,12,0,2018,10,4,5,1,6,7,2,0,1,1,0,0,0,1,4.78093E+20,5.54636E+21,8.69388E+15,5.00691E+16
147541,6,4,38,2,2018,10,11,3,3,5,3,0,1,1,0,0,0,0,1,4.77706E+20,5.5406E+21,8.68881E+15,5.00173E+16
147542,6,4,12,0,2018,10,6,5,2,1,5,1,0,1,0,0,1,0,0,4.77678E+20,5.55138E+21,8.68779E+15,5.01143E+16
147543,6,4,38,9,2018,10,13,5,3,3,6,0,1,0,0,0,0,0,0,4.78184E+20,5.54391E+21,8.69529E+15,5.00471E+16
147544,6,4,12,0,2018,10,8,3,3,2,6,0,0,1,0,0,0,0,1,4.75984E+20,5.55072E+21,8.66415E+15,5.01082E+16
147545,6,4,35,19,2018,10,14,5,3,5,3,0,0,1,0,1,0,0,0,4.85932E+20,5.55493E+21,8.80311E+15,5.01464E+16
147546,6,4,32,5,2018,10,11,5,2,6,4,0,0,1,1,0,0,0,0,4.8873E+20,5.53277E+21,8.84292E+15,4.99472E+16
147547,6,4,11,0,2018,10,18,5,3,5,3,2,1,1,0,0,0,0,0,4.74432E+20,5.51843E+21,8.64458E+15,4.98178E+16
147548,6,4,31,18,2018,10,23,5,3,6,4,2,0,1,1,0,0,0,0,4.88403E+20,5.47292E+21,8.84014E+15,4.94088E+16
147549,6,6,33,23,2018,10,22,4,3,6,4,2,0,1,1,0,0,0,1,5.25928E+20,5.6804E+21,9.37171E+15,5.12743E+16
147550,6,4,31,13,2018,10,6,5,2,5,2,2,1,1,0,0,0,0,0,4.62553E+20,5.49303E+21,8.4819E+15,4.95887E+16
147551,6,4,12,0,2018,10,18,2,3,5,3,2,1,1,0,0,0,0,0,4.70886E+20,5.54955E+21,8.59293E+15,5.00975E+16
147552,6,4,40,12,2018,10,14,3,3,6,7,0,0,1,0,0,0,1,1,4.83876E+20,5.56393E+21,8.77394E+15,5.02273E+16
147553,6,4,33,12,2018,10,9,5,3,2,6,0,0,1,0,0,1,0,0,4.58075E+20,5.53822E+21,8.41507E+15,4.99949E+16
147554,6,4,33,11,2018,10,15,5,3,6,4,0,0,1,1,0,0,0,0,4.62247E+20,5.52008E+21,8.47504E+15,4.9832E+16
147555,6,4,34,7,2018,11,7,5,3,8,1,0,0,1,0,0,0,0,0,4.66786E+20,5.57214E+21,8.53364E+15,5.03004E+16
147556,6,6,31,9,2018,10,18,5,3,5,2,1,0,1,0,0,0,0,0,5.48101E+20,5.59844E+21,9.67876E+15,5.05359E+16
147557,6,4,13,0,2018,10,13,4,3,6,4,0,0,1,1,0,0,0,0,4.87614E+20,5.54788E+21,8.82688E+15,5.0083E+16
147558,6,4,36,3,2018,10,8,4,2,3,2,0,1,1,0,0,0,0,1,4.69266E+20,5.55407E+21,8.56993E+15,5.01381E+16
147559,6,4,34,1,2018,10,11,4,2,8,7,0,0,1,0,0,0,0,0,4.7313E+20,5.56358E+21,8.62333E+15,5.02238E+16
147560,6,4,36,3,2018,10,1,4,2,0,1,2,1,0,0,0,0,0,0,4.68984E+20,5.55441E+21,8.56594E+15,5.01411E+16
147561,6,4,12,0,2018,10,11,4,3,0,7,0,0,1,0,0,0,0,1,4.70894E+20,5.55346E+21,8.59274E+15,5.01327E+16
147562,6,4,12,0,2018,10,18,2,3,5,2,2,0,1,0,0,0,0,1,4.72915E+20,5.55655E+21,8.62081E+15,5.01606E+16
147563,6,4,12,0,2018,10,16,4,3,1,5,0,0,1,0,0,0,1,0,4.79548E+20,5.55254E+21,8.71389E+15,5.01247E+16
147564,6,5,31,5,2018,10,15,3,3,0,2,0,1,1,0,0,0,0,1,4.77928E+20,5.60206E+21,8.68832E+15,5.05701E+16
147565,6,6,36,6,2018,10,21,4,3,9,1,2,0,1,0,0,0,0,1,5.50096E+20,5.67261E+21,9.71706E+15,5.12027E+16
147566,6,4,35,14,2018,11,7,6,3,5,3,0,0,1,0,0,0,0,1,4.96353E+20,5.54919E+21,8.94901E+15,5.0095E+16
147567,6,4,32,8,2018,11,23,5,3,1,5,2,1,1,0,0,0,0,0,4.6862E+20,5.52376E+21,8.56336E+15,4.98654E+16
147568,6,6,33,6,2018,10,6,4,2,1,1,2,1,1,0,0,0,0,1,5.17365E+20,5.68037E+21,9.24895E+15,5.12744E+16
147569,6,5,31,5,2018,10,7,3,3,6,4,1,0,1,1,0,0,0,1,4.77625E+20,5.60375E+21,8.68394E+15,5.05852E+16
147570,6,4,12,0,2018,10,19,2,3,5,3,2,0,1,0,0,0,1,0,4.7808E+20,5.54991E+21,8.6935E+15,5.0101E+16
147571,6,6,11,0,2018,10,13,4,3,6,4,0,0,0,1,0,0,1,0,5.30733E+20,5.6873E+21,9.44118E+15,5.13361E+16
147572,6,4,38,5,2018,10,7,4,3,5,3,0,0,1,0,0,0,0,0,4.8927E+20,5.54438E+21,8.85011E+15,5.00516E+16
147573,6,4,36,7,2018,10,18,4,3,9,1,2,0,1,0,0,0,1,1,4.58881E+20,5.55149E+21,8.42488E+15,5.01142E+16
147574,6,4,33,12,2018,10,17,4,3,5,2,2,0,1,0,0,0,1,0,4.57976E+20,5.53768E+21,8.41375E+15,4.999E+16
147575,6,4,36,8,2018,10,21,4,3,5,3,2,0,1,0,1,0,0,1,4.61495E+20,5.55377E+21,8.46121E+15,5.01349E+16
147576,6,4,35,2,2018,10,16,4,3,0,6,0,0,1,0,1,0,0,1,5.25963E+20,5.57086E+21,9.36446E+15,5.02893E+16
147577,6,4,37,11,2018,10,19,2,3,0,1,2,0,0,0,1,0,0,1,5.00126E+20,5.50357E+21,9.00174E+15,4.96847E+16
147578,6,4,40,1,2018,10,21,4,3,8,1,2,0,1,0,0,0,0,1,4.9687E+20,5.57272E+21,8.95605E+15,5.03066E+16
147579,6,5,32,11,2018,10,13,4,2,1,5,0,0,1,0,0,0,0,1,4.44869E+20,5.62144E+21,8.21864E+15,5.07421E+16
147580,6,4,35,14,2018,10,10,4,3,0,6,0,0,0,0,0,0,1,0,4.95825E+20,5.55378E+21,8.94158E+15,5.01362E+16
147581,6,4,33,8,2018,10,17,4,3,5,3,0,0,1,0,0,0,0,0,4.69025E+20,5.53924E+21,8.56775E+15,5.00047E+16
147582,6,4,12,0,2018,10,7,3,3,0,6,0,0,0,0,1,0,1,1,4.7331E+20,5.55309E+21,8.62658E+15,5.01294E+16
147583,6,4,11,0,2018,10,17,2,3,3,7,2,0,1,0,0,0,0,0,4.73769E+20,5.5249E+21,8.63493E+15,4.9876E+16
147584,6,5,34,14,2018,10,11,4,3,6,4,0,0,1,1,0,0,0,0,4.84077E+20,5.63045E+21,8.77392E+15,5.08256E+16
147585,6,5,32,14,2018,10,13,4,3,6,7,0,0,1,1,0,0,0,0,4.69677E+20,5.59631E+21,8.57228E+15,5.0518E+16
147586,6,6,35,3,2018,10,7,2,2,0,3,2,1,1,0,0,0,0,1,5.07294E+20,5.66226E+21,9.1042E+15,5.11118E+16
147587,6,5,31,14,2018,10,1,4,3,1,5,2,0,1,0,0,0,0,1,4.8241E+20,5.59863E+21,8.75177E+15,5.05394E+16
147588,6,5,33,3,2018,10,5,3,3,1,5,2,0,1,0,0,0,1,0,4.4754E+20,5.57267E+21,8.26335E+15,5.03039E+16
147589,6,4,14,0,2018,10,17,3,3,0,7,1,0,0,0,0,0,1,0,4.42733E+20,5.5493E+21,8.19938E+15,5.00932E+16
147590,6,4,13,0,2018,10,17,4,3,2,6,1,0,1,0,0,0,0,0,4.87657E+20,5.54797E+21,8.82748E+15,5.00838E+16
147591,6,4,14,0,2018,10,7,3,3,5,3,0,0,0,0,1,0,1,0,4.45676E+20,5.54574E+21,8.24102E+15,5.00614E+16
147592,6,4,11,0,2018,10,17,3,3,2,6,2,0,1,0,0,0,1,1,4.75199E+20,5.52736E+21,8.65467E+15,4.98982E+16
147593,6,6,35,2,2018,10,17,2,2,6,7,2,0,1,1,0,0,0,1,5.00032E+20,5.69074E+21,9.00046E+15,5.13679E+16
147594,6,4,12,0,2018,10,13,3,3,6,4,0,0,1,1,0,0,0,0,4.76327E+20,5.5611E+21,8.66828E+15,5.02016E+16
147595,6,4,12,0,2018,10,8,3,3,6,4,0,0,1,1,0,0,0,0,4.7723E+20,5.55288E+21,8.68144E+15,5.01278E+16
147596,6,4,11,0,2018,10,11,3,3,1,1,0,1,1,0,0,0,0,0,4.74981E+20,5.52301E+21,8.65192E+15,4.9859E+16
147597,6,6,35,2,2018,10,15,3,3,0,1,0,0,0,0,1,0,0,1,4.99913E+20,5.69214E+21,8.99875E+15,5.13805E+16
147598,6,6,33,23,2018,10,17,4,3,2,6,1,0,1,0,0,0,0,0,5.26359E+20,5.67948E+21,9.37781E+15,5.12661E+16
147599,6,4,39,15,2018,10,16,3,2,6,7,0,0,1,1,0,0,0,0,4.38646E+20,5.55455E+21,8.1414E+15,5.014E+16
147600,6,4,39,15,2018,10,15,3,3,6,4,0,0,1,1,0,0,0,0,4.39525E+20,5.55495E+21,8.15363E+15,5.01437E+16
147601,6,4,12,0,2018,10,11,4,3,6,7,0,0,0,1,0,1,0,0,4.70104E+20,5.54834E+21,8.5821E+15,5.00866E+16
147602,6,4,31,17,2018,10,17,3,2,5,3,0,0,1,0,0,0,1,0,4.82033E+20,5.49504E+21,8.75131E+15,4.96077E+16
147603,6,4,34,1,2018,10,8,3,3,2,6,0,0,1,0,0,0,0,1,4.71893E+20,5.56389E+21,8.60596E+15,5.02265E+16
147604,6,4,38,4,2018,10,18,2,3,1,5,2,1,1,0,0,0,0,0,4.95643E+20,5.5475E+21,8.93911E+15,5.00798E+16
147605,6,4,32,8,2018,10,15,3,2,5,3,0,1,1,0,0,0,0,0,4.68825E+20,5.52357E+21,8.56622E+15,4.98637E+16
147606,6,5,35,1,2018,10,11,3,3,5,3,0,0,1,0,0,0,0,0,5.17908E+20,5.62089E+21,9.25379E+15,5.07395E+16
147607,6,5,34,14,2018,10,13,3,3,5,3,0,0,1,0,0,0,0,0,4.82487E+20,5.62663E+21,8.75154E+15,5.07911E+16
147608,6,4,12,0,2018,11,8,5,3,1,7,0,1,1,0,0,0,0,0,4.70292E+20,5.54791E+21,8.58476E+15,5.00827E+16
147609,6,4,35,14,2018,10,23,3,3,3,6,2,1,1,0,0,0,0,0,4.94428E+20,5.55313E+21,8.92204E+15,5.01304E+16
147610,6,4,11,0,2018,10,14,4,3,6,2,0,0,1,1,0,0,0,0,4.74135E+20,5.5171E+21,8.64054E+15,4.98058E+16
147611,6,4,33,10,2018,10,16,3,3,2,6,0,0,1,0,0,0,0,0,4.63847E+20,5.54131E+21,8.4953E+15,5.0023E+16
147612,6,5,33,4,2018,10,16,2,3,5,3,0,1,1,0,0,0,0,0,4.30641E+20,5.59514E+21,8.02193E+15,5.05041E+16
147613,6,4,38,9,2018,10,16,2,3,5,3,1,0,1,0,0,0,0,0,4.77128E+20,5.54432E+21,8.68052E+15,5.00507E+16
147614,6,4,14,0,2018,10,7,2,3,5,3,0,1,1,0,0,0,0,0,4.4525E+20,5.54546E+21,8.23511E+15,5.00589E+16
147615,6,4,14,0,2018,10,15,2,3,6,3,0,0,1,1,0,0,0,0,4.46883E+20,5.54539E+21,8.25793E+15,5.00584E+16
147616,6,4,38,6,2018,10,18,2,3,6,4,2,1,0,1,0,0,0,0,4.76862E+20,5.53816E+21,8.67717E+15,4.99953E+16
147617,6,4,13,0,2018,10,0,2,3,5,3,2,0,1,0,0,0,0,0,4.81738E+20,5.55017E+21,8.74463E+15,5.01035E+16
147618,6,4,12,0,2018,10,16,2,3,5,3,0,1,1,0,0,0,0,0,4.73268E+20,5.55893E+21,8.62558E+15,5.0182E+16
147619,6,4,31,16,2018,11,14,5,3,6,7,0,0,1,1,0,0,0,0,4.69146E+20,5.49961E+21,8.5726E+15,4.96482E+16
147620,6,4,12,0,2018,10,10,2,3,3,2,0,1,0,0,0,0,0,0,4.74832E+20,5.55241E+21,8.64792E+15,5.01234E+16
147621,6,4,35,14,2018,10,6,4,3,5,3,2,1,1,0,0,0,0,0,4.9508E+20,5.55238E+21,8.93117E+15,5.01236E+16
147622,6,4,34,2,2018,10,19,2,3,5,3,2,0,1,0,0,0,0,0,4.74665E+20,5.5663E+21,8.64466E+15,5.02483E+16
147623,6,4,12,0,2018,10,7,2,3,0,7,0,0,1,0,1,0,0,0,4.7302E+20,5.55072E+21,8.62268E+15,5.01081E+16
147624,6,4,12,0,2018,10,19,2,2,6,4,1,0,1,1,0,0,0,0,4.73503E+20,5.55307E+21,8.62928E+15,5.01293E+16
147625,6,4,36,6,2018,10,17,2,3,0,1,2,0,0,0,1,0,0,0,4.54799E+20,5.54071E+21,8.36907E+15,5.0017E+16
147626,6,4,11,0,2018,10,16,2,3,5,3,0,1,1,0,0,0,0,0,4.7422E+20,5.52454E+21,8.64122E+15,4.98727E+16
147627,6,4,40,2,2018,10,18,3,2,5,3,2,1,1,0,0,0,0,1,4.82161E+20,5.57999E+21,8.74915E+15,5.03717E+16
147628,6,4,38,9,2018,10,11,2,3,6,7,0,0,1,1,0,0,0,0,4.82202E+20,5.54534E+21,8.75134E+15,5.00601E+16
147629,6,5,33,6,2018,10,10,4,3,6,6,0,0,1,1,0,0,0,0,4.31271E+20,5.58453E+21,8.03276E+15,5.04088E+16
147630,6,4,34,12,2018,10,9,2,3,5,3,0,1,1,0,0,0,0,0,4.69595E+20,5.57204E+21,8.57309E+15,5.02997E+16
147631,6,4,12,0,2018,10,18,3,3,2,6,2,0,1,0,0,0,0,1,4.76267E+20,5.55015E+21,8.66814E+15,5.01032E+16
147632,6,4,32,15,2018,10,13,2,3,8,1,0,1,0,0,0,0,0,0,4.89696E+20,5.53061E+21,8.85645E+15,4.99278E+16
147633,6,5,33,8,2018,11,15,5,3,0,6,0,0,0,0,1,0,0,1,4.39699E+20,5.57336E+21,8.15314E+15,5.03093E+16
147634,6,4,31,2,2018,11,13,5,3,5,3,0,0,1,0,1,0,0,0,4.70203E+20,5.5026E+21,8.58701E+15,4.96752E+16
147635,6,4,34,2,2018,10,7,2,3,5,3,0,0,0,0,1,0,1,0,4.77015E+20,5.56669E+21,8.6776E+15,5.02519E+16
147636,6,4,14,0,2018,10,8,3,3,6,4,0,0,1,1,0,0,0,1,4.44203E+20,5.54808E+21,8.22011E+15,5.00823E+16
147637,6,4,31,20,2018,10,7,2,2,5,3,0,1,1,0,0,0,0,0,4.68675E+20,5.48632E+21,8.56712E+15,4.95287E+16
147638,6,4,34,1,2018,10,7,2,3,1,7,1,1,1,0,0,0,0,0,4.72138E+20,5.5652E+21,8.6093E+15,5.02383E+16
147639,6,5,33,17,2018,10,13,2,3,1,5,0,0,1,0,0,1,0,0,4.4916E+20,5.5924E+21,8.28343E+15,5.04814E+16
147640,6,4,35,14,2018,10,11,2,3,1,4,0,0,1,1,0,0,0,0,4.94459E+20,5.55368E+21,8.92246E+15,5.01353E+16
147641,6,4,31,11,2018,10,18,2,3,0,6,2,1,1,0,0,0,0,0,4.73554E+20,5.49872E+21,8.63371E+15,4.96404E+16
147642,6,4,35,29,2018,10,8,2,3,8,1,0,0,1,0,0,0,0,0,5.20667E+20,5.56596E+21,9.28986E+15,5.02455E+16
147643,6,4,35,10,2018,10,10,3,3,0,7,0,0,1,0,0,0,0,0,5.13751E+20,5.56108E+21,9.19268E+15,5.02018E+16
147644,6,4,12,0,2018,10,7,4,3,5,3,1,1,1,0,0,0,0,1,4.70384E+20,5.55085E+21,8.58582E+15,5.01092E+16
147645,6,4,40,3,2018,10,15,2,3,5,3,0,0,1,0,0,0,0,0,4.81762E+20,5.55966E+21,8.74451E+15,5.01889E+16
147646,6,6,11,0,2018,10,6,3,3,5,2,1,1,1,0,0,0,0,0,5.31077E+20,5.68449E+21,9.44587E+15,5.13109E+16
147647,6,4,12,0,2018,10,8,2,3,5,3,0,0,1,0,0,0,1,0,4.82247E+20,5.55591E+21,8.75149E+15,5.01552E+16
147648,6,4,40,4,2018,10,8,2,3,0,1,0,0,0,0,1,0,0,0,5.01786E+20,5.56707E+21,9.02505E+15,5.02558E+16
147649,6,4,32,15,2018,10,12,2,2,2,6,0,0,1,0,0,0,1,0,4.89583E+20,5.5295E+21,8.85489E+15,4.99178E+16
147650,6,5,31,5,2018,10,15,2,3,6,4,0,0,1,1,0,0,0,0,4.77317E+20,5.60297E+21,8.67963E+15,5.05782E+16
147651,6,4,32,4,2018,10,7,2,3,6,4,0,0,1,1,0,0,0,0,4.8881E+20,5.52761E+21,8.84418E+15,4.99008E+16
147652,6,4,32,8,2018,10,13,2,3,5,3,0,1,1,0,0,0,0,0,4.68809E+20,5.52376E+21,8.56599E+15,4.98654E+16
147653,6,4,40,8,2018,10,13,2,3,5,2,0,1,1,0,0,0,0,0,4.82598E+20,5.57515E+21,8.75552E+15,5.03282E+16
147654,6,5,31,5,2018,10,19,1,3,5,2,2,0,1,0,0,0,0,1,4.78721E+20,5.60551E+21,8.69932E+15,5.06011E+16
147655,6,4,31,20,2018,10,19,2,2,5,3,2,0,1,0,0,0,0,0,4.69038E+20,5.48662E+21,8.57212E+15,4.95314E+16
147656,6,4,31,13,2018,10,17,2,3,5,3,0,1,1,0,0,0,0,0,4.6115E+20,5.49416E+21,8.46237E+15,4.95988E+16
147657,6,6,35,2,2018,10,7,4,3,5,3,0,0,1,0,0,0,1,0,4.99528E+20,5.69096E+21,8.99321E+15,5.13699E+16
147658,6,4,33,10,2018,10,13,2,3,1,7,0,1,1,0,0,0,0,0,4.61299E+20,5.54047E+21,8.45982E+15,5.00153E+16
147659,6,4,36,8,2018,10,19,3,3,6,6,2,0,1,1,0,0,0,1,4.59875E+20,5.55531E+21,8.43838E+15,5.01486E+16
147660,6,4,33,12,2018,10,19,1,3,5,7,2,0,1,0,0,0,0,0,4.59381E+20,5.53881E+21,8.43323E+15,5.00003E+16
147661,6,6,31,20,2018,10,12,2,3,0,7,0,0,1,1,0,0,0,0,5.50565E+20,5.60102E+21,9.71386E+15,5.05589E+16
147662,6,6,11,0,2018,10,1,1,3,6,7,2,0,1,1,0,0,0,0,5.35002E+20,5.68506E+21,9.50224E+15,5.13158E+16
147663,6,4,38,6,2018,11,16,5,3,1,5,0,1,1,0,0,0,0,0,4.76655E+20,5.53771E+21,8.67432E+15,4.99913E+16