OBJECTID_1,ULAND,UREGBEZ,UKREIS,UGEMEINDE,UJAHR,UMONAT,USTUNDE,UWOCHENTAG,UKATEGORIE,UART,UTYP1,ULICHTVERH,IstRad,IstPKW,IstFuss,IstKrad,IstGkfz,IstSonstig,STRZUSTAND,LINREFX,LINREFY,XGCSWGS84,YGCSWGS84
147664,6,4,14,0,2018,10,18,1,3,2,6,1,0,1,0,0,0,0,0,4.44445E+20,5.54721E+21,8.22362E+15,5.00745E+16
147665,6,4,31,20,2018,10,15,4,3,0,2,0,1,1,0,0,0,0,0,4.69331E+20,5.48703E+21,8.57613E+15,4.95351E+16
147666,6,4,12,0,2018,10,23,1,3,5,3,2,0,1,0,0,0,0,0,4.75634E+20,5.55119E+21,8.65921E+15,5.01124E+16
147667,6,4,12,0,2018,10,22,1,3,0,1,2,0,1,0,1,0,0,0,4.7705E+20,5.55168E+21,8.67899E+15,5.01169E+16
147668,6,4,34,1,2018,10,17,4,3,2,6,2,0,1,0,0,0,0,0,4.7327E+20,5.56238E+21,8.62536E+15,5.0213E+16
147669,6,6,33,3,2018,10,4,1,3,1,1,2,0,1,0,0,0,0,0,5.28972E+20,5.67909E+21,9.41523E+15,5.12624E+16
147670,6,4,35,25,2018,10,15,1,3,5,3,0,0,1,0,0,0,0,0,5.3673E+20,5.57714E+21,9.51622E+15,5.03452E+16
147671,6,4,38,12,2018,10,17,1,3,1,5,2,1,1,0,0,0,0,1,4.87955E+20,5.53527E+21,8.83203E+15,4.99696E+16
147672,6,4,34,8,2018,10,18,1,3,3,6,1,0,1,0,1,0,0,0,4.7122E+20,5.56122E+21,8.59672E+15,5.02025E+16
147673,6,5,31,5,2018,10,19,2,2,5,2,2,1,1,0,0,0,0,0,4.77642E+20,5.60495E+21,8.6841E+15,5.0596E+16
147674,6,4,34,2,2018,10,16,1,3,5,3,0,1,0,0,0,0,0,0,4.75558E+20,5.56731E+21,8.65712E+15,5.02574E+16
147675,6,5,31,5,2018,11,9,6,3,0,7,0,1,0,0,0,1,0,1,4.77412E+20,5.60237E+21,8.68102E+15,5.05728E+16
147676,6,4,32,1,2018,11,15,5,3,3,6,0,1,1,0,0,0,0,0,4.71826E+20,5.5102E+21,8.60895E+15,4.97436E+16
147677,6,4,31,16,2018,10,2,1,3,0,1,2,1,0,0,0,0,0,0,4.68208E+20,5.49956E+21,8.55961E+15,4.96478E+16
147678,6,4,35,7,2018,10,7,3,3,8,1,1,1,1,0,0,0,0,1,4.99036E+20,5.55638E+21,8.9865E+15,5.01596E+16
147679,6,4,12,0,2018,10,0,1,3,5,3,2,0,1,0,1,0,0,0,4.76685E+20,5.55092E+21,8.67393E+15,5.01101E+16
147680,6,4,38,1,2018,10,18,1,3,6,2,0,0,1,1,0,0,0,0,4.84505E+20,5.54037E+21,8.78372E+15,5.00154E+16
147681,6,4,38,1,2018,10,3,1,3,8,7,2,0,1,0,0,0,0,0,4.84463E+20,5.53999E+21,8.78316E+15,5.0012E+16
147682,6,6,33,14,2018,10,8,1,3,1,5,0,0,1,0,0,0,1,0,5.33413E+20,5.69757E+21,9.48061E+15,5.14284E+16
147683,6,5,34,21,2018,10,10,1,2,8,1,0,0,0,0,1,0,0,0,4.81145E+20,5.63892E+21,8.73186E+15,5.09016E+16
147684,6,5,32,23,2018,10,17,1,3,2,2,0,0,0,0,1,0,0,0,4.66484E+20,5.59908E+21,8.52699E+15,5.05427E+16
147685,6,4,35,14,2018,10,14,1,2,5,3,0,0,1,0,0,0,0,0,4.94967E+20,5.54965E+21,8.92963E+15,5.00991E+16
147686,6,4,35,17,2018,10,16,1,2,9,1,0,0,0,0,1,0,0,0,5.01545E+20,5.55743E+21,9.02163E+15,5.01691E+16
147687,6,4,12,0,2018,11,13,5,3,5,3,0,1,1,0,0,0,0,0,4.73113E+20,5.55566E+21,8.62364E+15,5.01525E+16
147688,6,4,12,0,2018,11,15,5,3,6,4,0,0,1,1,0,0,0,0,4.80545E+20,5.55286E+21,8.72781E+15,5.01277E+16
147689,6,4,14,0,2018,10,12,7,2,6,7,0,0,0,1,0,0,1,0,4.4559E+20,5.54797E+21,8.2395E+15,5.00815E+16
147690,6,4,13,0,2018,10,13,3,3,2,6,0,0,1,0,0,0,0,1,4.82211E+20,5.55045E+21,8.75124E+15,5.01061E+16
147691,6,4,14,0,2018,10,12,7,3,0,7,0,0,1,0,1,0,0,0,4.44893E+20,5.54802E+21,8.22976E+15,5.00819E+16
147692,6,4,12,0,2018,10,7,7,3,0,3,1,1,0,0,0,0,1,0,4.78002E+20,5.55468E+21,8.69214E+15,5.0144E+16
147693,6,4,11,0,2018,10,15,7,3,5,5,0,1,1,0,0,0,0,0,4.75356E+20,5.52884E+21,8.65676E+15,4.99114E+16
147694,6,4,38,9,2018,10,13,7,3,5,3,0,0,1,0,0,0,0,0,4.77137E+20,5.54459E+21,8.68063E+15,5.00531E+16
147695,6,4,12,0,2018,10,10,4,3,6,3,0,0,1,1,0,0,0,0,4.77341E+20,5.55445E+21,8.68289E+15,5.01419E+16
147696,6,4,40,5,2018,10,15,7,3,6,4,0,0,1,1,0,0,0,0,4.76761E+20,5.5873E+21,8.67276E+15,5.04372E+16
147697,6,4,13,0,2018,10,16,4,2,1,7,0,0,1,0,0,0,1,0,4.84248E+20,5.55006E+21,8.77973E+15,5.01026E+16
147698,6,4,32,11,2018,10,12,7,3,1,5,0,1,1,0,0,0,0,0,4.87586E+20,5.52498E+21,8.82722E+15,4.98771E+16
147699,6,4,12,0,2018,10,7,3,3,0,3,1,1,0,0,0,0,1,1,4.77151E+20,5.55217E+21,8.68037E+15,5.01214E+16
147700,6,4,32,19,2018,10,13,7,3,6,6,0,0,1,1,0,0,0,0,4.85142E+20,5.52128E+21,8.79335E+15,4.98438E+16
147701,6,4,40,2,2018,10,19,7,2,8,1,2,0,0,0,1,0,0,0,4.80081E+20,5.5786E+21,8.71998E+15,5.03591E+16
147702,6,5,34,11,2018,10,13,7,3,3,2,0,1,1,0,0,0,0,0,4.942E+20,5.63019E+21,8.91765E+15,5.08234E+16
147703,6,6,31,14,2018,10,0,7,3,8,1,2,0,0,0,1,0,1,0,5.33612E+20,5.59932E+21,9.47438E+15,5.05448E+16
147704,6,6,11,0,2018,10,21,4,2,5,2,2,0,1,0,0,0,1,0,5.30745E+20,5.68146E+21,9.44085E+15,5.12837E+16
147705,6,5,32,23,2018,10,21,7,3,6,7,2,0,1,1,0,0,0,0,4.64544E+20,5.60028E+21,8.4995E+15,5.05533E+16
147706,6,4,40,18,2018,10,18,3,3,5,3,2,0,1,0,0,0,0,1,4.78601E+20,5.58027E+21,8.69907E+15,5.03741E+16
147707,6,4,35,14,2018,10,15,7,3,5,3,0,0,1,0,0,0,1,0,4.93458E+20,5.55136E+21,8.9085E+15,5.01145E+16
147708,6,6,32,2,2018,10,18,6,3,5,3,1,1,0,0,0,0,1,0,5.50953E+20,5.63425E+21,9.72393E+15,5.08577E+16
147709,6,4,34,1,2018,10,17,3,3,6,4,1,0,1,1,0,0,0,1,4.72016E+20,5.56437E+21,8.60765E+15,5.02308E+16
147710,6,4,14,0,2018,10,16,6,3,5,6,0,1,1,0,0,0,0,0,4.45198E+20,5.54441E+21,8.23454E+15,5.00494E+16
147711,6,4,14,0,2018,10,15,6,3,6,4,0,0,1,1,0,0,0,0,4.43559E+20,5.54706E+21,8.21126E+15,5.00731E+16
147712,6,4,14,0,2018,10,15,6,3,6,4,0,0,1,1,0,0,0,0,4.45479E+20,5.54702E+21,8.23809E+15,5.0073E+16
147713,6,4,36,3,2018,10,18,6,3,5,3,0,0,1,0,0,0,1,0,4.67393E+20,5.55631E+21,8.54352E+15,5.01581E+16
147714,6,4,32,11,2018,10,14,4,3,6,7,0,1,0,1,0,0,0,0,4.88095E+20,5.52444E+21,8.83432E+15,4.98722E+16
147715,6,4,12,0,2018,10,9,6,3,0,7,0,0,1,0,1,0,0,0,4.76999E+20,5.55572E+21,8.67803E+15,5.01532E+16
147716,6,4,12,0,2018,10,18,6,3,4,6,0,1,1,0,0,0,0,0,4.74665E+20,5.55256E+21,8.64558E+15,5.01247E+16
147717,6,5,33,9,2018,10,11,2,3,4,1,0,0,1,0,1,0,0,0,4.33646E+20,5.58047E+21,8.0669E+15,5.03725E+16
147718,6,4,12,0,2018,10,11,6,3,5,3,0,1,0,0,0,0,1,0,4.73392E+20,5.55591E+21,8.62752E+15,5.01548E+16
147719,6,6,32,2,2018,11,12,5,3,0,6,0,1,1,0,0,0,0,0,5.50565E+20,5.63624E+21,9.71869E+15,5.08756E+16
147720,6,4,40,2,2018,11,17,5,3,5,3,1,1,1,0,0,0,0,0,4.82281E+20,5.57884E+21,8.75089E+15,5.03613E+16
147721,6,4,12,0,2018,10,16,6,2,8,7,0,0,1,0,0,0,0,0,4.80381E+20,5.55468E+21,8.72542E+15,5.0144E+16
147722,6,6,35,2,2018,11,18,3,3,5,3,2,1,1,0,0,0,0,0,5.01019E+20,5.69195E+21,9.01464E+15,5.13788E+16
147723,6,4,35,25,2018,11,18,3,2,5,2,2,0,1,0,0,0,0,0,5.38124E+20,5.57765E+21,9.53586E+15,5.03497E+16
147724,6,5,31,5,2018,11,11,6,3,6,7,0,0,0,1,0,0,1,0,4.76056E+20,5.6047E+21,8.66171E+15,5.05937E+16
147725,6,4,12,0,2018,11,15,4,3,3,2,0,1,1,0,0,0,0,0,4.78014E+20,5.55083E+21,8.69252E+15,5.01093E+16
147726,6,4,40,12,2018,11,14,3,3,5,3,0,0,1,0,0,0,0,0,4.83843E+20,5.5633E+21,8.77351E+15,5.02216E+16
147727,6,4,35,7,2018,11,16,1,3,0,1,0,0,0,0,1,0,0,0,4.98114E+20,5.55587E+21,8.9736E+15,5.0155E+16
147728,6,4,31,20,2018,11,13,3,2,5,3,0,1,1,0,0,0,0,0,4.70136E+20,5.48753E+21,8.58722E+15,4.95397E+16
147729,6,4,14,0,2018,11,18,5,3,5,2,2,0,1,0,0,0,0,0,4.42817E+20,5.55086E+21,8.20032E+15,5.01072E+16
147730,6,4,14,0,2018,11,16,2,3,2,6,0,0,1,0,0,0,0,0,4.48845E+20,5.54194E+21,8.28581E+15,5.00275E+16
147731,6,4,31,20,2018,11,10,6,3,5,3,0,0,1,0,0,0,0,0,4.68896E+20,5.48653E+21,8.57016E+15,4.95306E+16
147732,6,4,35,26,2018,11,13,4,3,5,3,0,0,1,0,0,0,1,0,4.8981E+20,5.56079E+21,8.85722E+15,5.01992E+16
147733,6,4,12,0,2018,11,17,2,3,8,1,2,0,1,0,0,0,0,0,4.80276E+20,5.55679E+21,8.72385E+15,5.0163E+16
147734,6,4,40,20,2018,11,0,1,3,8,1,2,0,1,0,0,0,0,1,4.96824E+20,5.57869E+21,8.95535E+15,5.03602E+16
147735,6,4,12,0,2018,11,12,2,3,5,2,0,1,1,0,0,0,0,0,4.76465E+20,5.55152E+21,8.67082E+15,5.01154E+16
147736,6,4,11,0,2018,11,8,5,3,0,1,0,1,1,0,0,0,0,1,4.75082E+20,5.5237E+21,8.65327E+15,4.98652E+16
147737,6,4,12,0,2018,11,19,4,3,5,2,2,0,1,0,0,0,0,1,4.81225E+20,5.55406E+21,8.73728E+15,5.01385E+16
147738,6,4,40,6,2018,11,9,4,2,1,5,0,0,1,0,0,0,0,0,4.92698E+20,5.58169E+21,8.89728E+15,5.03872E+16
147739,6,4,12,0,2018,11,11,2,2,5,2,0,1,1,0,0,0,0,0,4.77526E+20,5.55184E+21,8.68564E+15,5.01184E+16
147740,6,4,12,0,2018,11,15,7,3,9,1,0,0,1,0,0,0,0,1,4.73255E+20,5.55806E+21,8.62546E+15,5.01741E+16
147741,6,6,11,0,2018,11,12,2,3,4,6,0,1,1,0,0,0,1,0,5.32506E+20,5.68398E+21,9.46633E+15,5.13062E+16
147742,6,4,32,18,2018,11,7,5,3,5,2,1,0,1,0,1,0,0,0,4.7183E+20,5.51699E+21,8.60852E+15,4.98047E+16
147743,6,4,12,0,2018,11,22,3,3,0,7,2,0,0,1,1,0,0,0,4.77708E+20,5.55107E+21,8.68823E+15,5.01115E+16
147744,6,6,35,12,2018,11,6,2,3,6,6,2,0,1,0,0,0,1,0,4.97735E+20,5.64642E+21,8.96774E+15,5.09694E+16
147745,6,4,35,19,2018,11,18,2,3,5,3,1,0,1,0,0,0,0,0,4.88552E+20,5.55385E+21,8.8398E+15,5.01367E+16
147746,6,4,33,10,2018,11,1,7,3,9,1,2,0,1,0,0,0,0,0,4.61774E+20,5.54078E+21,8.46641E+15,5.00181E+16
147747,6,4,31,17,2018,11,8,2,3,2,6,0,0,1,0,1,0,0,0,4.80721E+20,5.4935E+21,8.73323E+15,4.95937E+16
147748,6,4,11,0,2018,11,11,7,3,5,3,0,1,1,0,0,0,0,1,4.75144E+20,5.52592E+21,8.65399E+15,4.98851E+16
147749,6,5,31,5,2018,11,13,5,3,0,7,0,0,0,0,1,0,0,0,4.78354E+20,5.60261E+21,8.6943E+15,5.0575E+16
147750,6,4,33,10,2018,11,7,2,3,5,3,0,0,1,0,0,0,0,0,4.60918E+20,5.53949E+21,8.45459E+15,5.00064E+16
147751,6,5,34,11,2018,11,19,2,3,5,3,2,0,1,0,0,0,0,0,4.94418E+20,5.62977E+21,8.92076E+15,5.08196E+16
147752,6,4,13,0,2018,11,13,6,2,0,4,0,0,0,1,0,0,1,0,4.83172E+20,5.55017E+21,8.76468E+15,5.01035E+16
147753,6,4,37,11,2018,11,15,4,3,2,6,0,0,1,0,0,0,0,0,4.99933E+20,5.5021E+21,8.99907E+15,4.96714E+16
147754,6,5,34,14,2018,11,9,2,3,0,7,0,1,1,0,0,0,0,0,4.84092E+20,5.62923E+21,8.7742E+15,5.08145E+16
147755,6,4,13,0,2018,11,15,4,3,6,4,0,0,1,1,0,0,0,0,4.83176E+20,5.5504E+21,8.76473E+15,5.01056E+16
147756,6,6,31,6,2018,11,16,2,3,6,7,1,0,1,1,0,0,0,0,5.49164E+20,5.59416E+21,9.69318E+15,5.04973E+16
147757,6,4,12,0,2018,11,16,2,3,0,7,0,1,0,0,0,0,1,0,4.82607E+20,5.55614E+21,8.75651E+15,5.01572E+16
147758,6,4,33,3,2018,11,21,2,3,5,3,2,0,1,0,0,0,0,1,4.661E+20,5.52999E+21,8.52775E+15,4.99213E+16
147759,6,5,31,5,2018,11,17,2,3,5,2,1,1,1,0,0,0,0,0,4.77039E+20,5.60299E+21,8.67571E+15,5.05784E+16
147760,6,4,12,0,2018,11,12,6,2,5,3,0,0,1,0,1,0,0,0,4.70436E+20,5.55278E+21,8.5864E+15,5.01265E+16
147761,6,5,31,5,2018,11,19,6,3,5,3,2,1,1,0,0,0,0,0,4.79372E+20,5.60309E+21,8.70866E+15,5.05793E+16
147762,6,4,32,23,2018,11,13,6,3,5,3,0,0,1,0,0,0,0,0,4.71804E+20,5.52666E+21,8.60745E+15,4.98916E+16
147763,6,4,11,0,2018,11,10,6,3,5,2,0,0,1,0,0,0,0,0,4.73672E+20,5.52327E+21,8.63369E+15,4.98613E+16
147764,6,4,34,2,2018,11,4,4,3,5,3,2,0,1,0,0,0,0,1,4.74023E+20,5.56679E+21,8.63562E+15,5.02526E+16
147765,6,4,11,0,2018,11,12,6,3,6,7,0,0,1,1,0,0,0,0,4.74766E+20,5.52524E+21,8.64878E+15,4.9879E+16
147766,6,4,36,3,2018,11,15,1,2,0,7,0,0,1,1,0,0,0,0,4.69297E+20,5.55465E+21,8.5703E+15,5.01433E+16
147767,6,4,12,0,2018,11,15,1,3,5,3,0,0,1,0,0,0,0,0,4.81995E+20,5.55622E+21,8.74794E+15,5.01579E+16
147768,6,6,11,0,2018,11,15,6,3,5,3,0,1,0,0,0,0,1,0,5.30831E+20,5.68003E+21,9.44196E+15,5.12707E+16
147769,6,4,12,0,2018,11,19,1,3,1,1,2,0,1,0,0,0,0,0,4.69448E+20,5.5493E+21,8.57285E+15,5.00951E+16
147770,6,4,39,11,2018,11,19,6,2,6,2,2,0,1,1,0,0,0,0,4.50952E+20,5.55674E+21,8.31332E+15,5.01608E+16
147771,6,4,38,6,2018,11,10,5,3,5,3,0,1,1,0,0,0,0,0,4.74693E+20,5.53825E+21,8.64691E+15,4.9996E+16
147772,6,4,11,0,2018,11,17,1,3,5,2,2,0,1,0,0,0,0,0,4.74455E+20,5.52317E+21,8.64459E+15,4.98604E+16
147773,6,4,39,4,2018,11,12,6,3,6,7,0,0,0,1,0,0,1,0,4.25562E+20,5.53713E+21,7.96171E+15,4.99818E+16
147774,6,4,12,0,2018,11,18,1,3,5,3,2,0,1,0,0,0,0,0,4.76381E+20,5.55112E+21,8.66966E+15,5.01118E+16
147775,6,4,38,6,2018,11,14,6,3,5,3,0,0,1,0,0,0,0,0,4.76097E+20,5.53791E+21,8.66651E+15,4.99931E+16
147776,6,4,13,0,2018,11,19,5,3,6,4,2,0,0,1,0,0,1,0,4.81163E+20,5.55038E+21,8.73659E+15,5.01054E+16
147777,6,4,38,5,2018,11,13,6,3,5,3,0,0,1,0,0,0,0,0,4.85607E+20,5.54403E+21,8.79897E+15,5.00484E+16
147778,6,4,38,11,2018,11,18,6,3,5,2,2,0,1,0,1,0,0,0,4.91452E+20,5.53859E+21,8.88073E+15,4.99995E+16
147779,6,4,33,10,2018,11,18,4,3,4,1,2,0,1,0,0,0,0,0,4.5968E+20,5.53947E+21,8.43733E+15,5.00062E+16
147780,6,4,34,7,2018,11,13,6,3,6,4,0,0,0,1,1,0,0,0,4.64907E+20,5.57204E+21,8.50727E+15,5.02994E+16
147781,6,4,32,23,2018,11,16,1,3,0,1,1,1,0,0,0,0,0,0,4.68898E+20,5.52891E+21,8.56681E+15,4.99118E+16
147782,6,4,12,0,2018,11,19,7,3,6,2,2,0,1,1,0,0,0,1,4.7666E+20,5.55213E+21,8.6735E+15,5.01209E+16
147783,6,4,34,1,2018,11,8,6,3,2,6,0,0,1,0,0,0,0,0,4.72413E+20,5.56358E+21,8.61326E+15,5.02238E+16
147784,6,4,36,8,2018,11,8,6,2,6,3,0,0,1,1,0,0,0,0,4.60779E+20,5.55324E+21,8.45124E+15,5.01301E+16
147785,6,4,40,2,2018,11,8,5,3,5,3,0,0,1,0,0,0,0,0,4.7983E+20,5.58116E+21,8.7163E+15,5.03822E+16
147786,6,5,32,12,2018,11,15,6,3,1,5,0,0,1,0,0,0,0,0,4.50848E+20,5.61615E+21,8.30407E+15,5.06951E+16
147787,6,6,35,3,2018,11,13,3,3,6,7,0,0,0,1,0,0,1,0,5.09529E+20,5.66315E+21,9.13616E+15,5.11197E+16
147788,6,4,38,2,2018,11,17,1,3,5,2,1,0,1,0,0,0,0,0,4.78482E+20,5.54133E+21,8.6996E+15,5.00239E+16
147789,6,5,32,11,2018,11,8,6,3,5,3,0,0,1,0,0,0,0,0,4.42501E+20,5.61874E+21,8.1855E+15,5.07176E+16
147790,6,4,32,11,2018,11,22,6,3,0,1,2,0,0,0,1,0,0,0,4.88156E+20,5.52496E+21,8.83516E+15,4.98769E+16
147791,6,4,14,0,2018,11,14,3,3,0,6,0,1,0,0,0,0,1,0,4.45731E+20,5.54284E+21,8.24221E+15,5.00354E+16
147792,6,4,31,20,2018,11,8,6,3,5,3,0,1,1,0,0,0,0,0,4.69643E+20,5.48691E+21,8.58046E+15,4.9534E+16
147793,6,4,31,20,2018,11,11,1,3,0,3,0,1,1,0,0,0,0,0,4.69183E+20,5.48795E+21,8.57402E+15,4.95434E+16
147794,6,4,31,13,2018,11,17,6,3,5,3,2,0,1,0,0,0,0,0,4.62914E+20,5.49417E+21,8.48678E+15,4.95989E+16
147795,6,4,34,1,2018,11,9,7,3,5,3,0,0,1,0,0,0,0,1,4.72165E+20,5.56505E+21,8.60968E+15,5.02369E+16
147796,6,4,31,20,2018,11,17,6,3,2,6,1,1,0,0,0,0,1,0,4.69354E+20,5.48819E+21,8.57636E+15,4.95455E+16
147797,6,5,34,20,2018,11,9,6,3,1,5,0,0,1,0,0,0,0,0,4.81369E+20,5.62328E+21,8.73584E+15,5.0761E+16
147798,6,5,35,7,2018,11,13,4,3,5,3,0,0,1,0,0,0,0,0,5.21322E+20,5.59263E+21,9.30056E+15,5.04853E+16
147799,6,4,35,14,2018,11,17,6,3,5,2,2,1,1,0,0,0,0,0,4.94857E+20,5.55152E+21,8.92807E+15,5.01159E+16
147800,6,4,33,12,2018,11,15,1,3,5,3,0,1,1,0,0,0,0,0,4.59566E+20,5.5384E+21,8.43585E+15,4.99966E+16
147801,6,6,31,9,2018,11,5,1,2,0,7,2,0,1,0,0,0,0,0,5.47604E+20,5.59959E+21,9.67189E+15,5.05463E+16
147802,6,4,12,0,2018,11,11,6,3,5,3,0,1,1,0,0,0,0,0,4.82866E+20,5.55522E+21,8.76018E+15,5.0149E+16
147803,6,4,14,0,2018,11,13,7,3,3,7,0,1,1,0,0,0,0,0,4.45744E+20,5.54785E+21,8.24168E+15,5.00805E+16
147804,6,5,31,8,2018,11,17,6,3,2,6,1,0,1,0,0,0,0,0,4.91241E+20,5.59182E+21,8.87656E+15,5.04783E+16
147805,6,4,36,8,2018,11,13,6,3,2,6,0,0,1,0,0,0,0,0,4.6092E+20,5.55537E+21,8.45301E+15,5.01492E+16
147806,6,5,31,14,2018,11,13,6,3,6,4,0,0,1,1,0,0,0,0,4.82125E+20,5.59781E+21,8.74779E+15,5.0532E+16
147807,6,4,35,21,2018,11,18,5,2,5,3,1,1,1,0,0,0,0,0,4.90866E+20,5.5641E+21,8.87194E+15,5.0229E+16
147808,6,4,12,0,2018,11,13,7,3,5,3,0,1,1,0,0,0,0,0,4.76218E+20,5.55431E+21,8.66719E+15,5.01405E+16
147809,6,6,11,0,2018,11,15,5,3,0,7,0,1,0,0,0,0,1,0,5.37065E+20,5.68496E+21,9.53182E+15,5.13147E+16
147810,6,5,32,23,2018,11,17,7,3,0,7,2,0,1,0,0,0,0,1,4.66574E+20,5.60356E+21,8.52786E+15,5.0583E+16
147811,6,4,14,0,2018,11,12,5,3,5,3,0,0,1,0,0,0,0,0,4.46546E+20,5.54756E+21,8.25293E+15,5.00779E+16
147812,6,4,12,0,2018,11,19,5,2,5,3,2,1,1,0,0,0,0,0,4.75434E+20,5.55084E+21,8.65644E+15,5.01093E+16
147813,6,4,12,0,2018,11,17,4,3,0,7,2,1,1,0,0,0,0,0,4.78269E+20,5.55315E+21,8.69595E+15,5.01302E+16
147814,6,4,12,0,2018,11,8,5,3,5,3,0,1,1,0,0,0,0,0,4.73537E+20,5.55001E+21,8.62997E+15,5.01018E+16
147815,6,4,12,0,2018,11,15,7,3,5,3,0,1,1,0,0,0,0,0,4.75431E+20,5.5546E+21,8.65616E+15,5.01431E+16
147816,6,4,35,14,2018,11,22,1,3,8,1,2,0,1,0,0,0,0,0,4.95075E+20,5.55568E+21,8.93105E+15,5.01534E+16
147817,6,4,12,0,2018,11,20,5,3,5,2,2,1,1,0,0,0,0,0,4.76744E+20,5.55082E+21,8.67476E+15,5.01092E+16
147818,6,4,12,0,2018,11,15,7,2,6,4,0,0,1,1,0,0,0,0,4.76497E+20,5.55005E+21,8.67135E+15,5.01023E+16
147819,6,4,11,0,2018,11,17,5,3,5,2,2,1,1,0,0,0,0,0,4.75222E+20,5.52909E+21,8.65488E+15,4.99137E+16
147820,6,5,33,7,2018,11,16,5,3,2,6,2,0,1,0,0,0,1,0,4.32213E+20,5.58908E+21,8.04519E+15,5.04498E+16
147821,6,6,36,11,2018,11,17,5,3,6,4,2,0,1,1,0,0,0,0,5.6542E+20,5.65806E+21,9.93373E+15,5.10703E+16
147822,6,4,38,10,2018,11,6,5,3,0,2,2,1,1,0,0,0,0,0,4.89706E+20,5.54691E+21,8.85614E+15,5.00744E+16
147823,6,4,11,0,2018,11,14,4,3,5,2,0,1,1,0,0,0,0,0,4.74511E+20,5.52074E+21,8.64552E+15,4.98385E+16
147824,6,4,34,8,2018,11,18,5,3,2,6,2,0,1,0,1,0,0,1,4.70629E+20,5.56132E+21,8.58844E+15,5.02034E+16
147825,6,4,39,4,2018,11,10,4,3,5,3,0,1,1,0,0,0,0,0,4.25839E+20,5.53728E+21,7.96556E+15,4.99832E+16
147826,6,4,40,9,2018,11,13,5,3,6,6,0,0,1,1,0,0,0,0,5.14528E+20,5.58546E+21,9.2045E+15,5.0421E+16
147827,6,4,38,2,2018,11,14,7,3,5,3,0,1,1,0,0,0,0,0,4.78237E+20,5.54262E+21,8.69611E+15,5.00355E+16
147828,6,4,38,10,2018,11,14,1,3,2,6,0,0,1,0,0,0,0,0,4.89746E+20,5.54692E+21,8.8567E+15,5.00745E+16
147829,6,4,32,8,2018,11,7,5,3,0,7,0,0,0,1,0,0,1,0,4.69374E+20,5.52275E+21,8.57393E+15,4.98564E+16
147830,6,4,31,16,2018,11,14,7,3,5,3,0,1,1,0,0,0,0,0,4.68307E+20,5.50065E+21,8.56088E+15,4.96576E+16
147831,6,5,34,4,2018,11,7,5,3,6,7,2,0,0,1,0,0,1,1,4.66336E+20,5.64054E+21,8.52112E+15,5.09155E+16
147832,6,4,12,0,2018,11,16,5,2,5,2,0,1,1,0,0,0,0,0,4.76389E+20,5.55042E+21,8.66983E+15,5.01056E+16
147833,6,4,31,5,2018,11,22,5,3,5,3,2,1,1,0,0,0,0,0,4.60308E+20,5.49886E+21,8.45024E+15,4.9641E+16
147834,6,4,33,12,2018,11,7,5,3,6,4,1,1,0,1,0,0,0,0,4.5789E+20,5.53761E+21,8.41255E+15,4.99893E+16
147835,6,5,34,18,2018,11,12,4,3,6,2,0,0,1,1,0,0,0,1,5.01017E+20,5.63014E+21,9.01444E+15,5.0823E+16
147836,6,4,35,14,2018,11,18,5,3,5,3,1,0,1,0,0,0,0,0,4.94457E+20,5.55325E+21,8.92245E+15,5.01315E+16
147837,6,4,38,1,2018,11,16,7,3,6,7,1,0,1,1,0,0,0,0,4.84317E+20,5.54032E+21,8.7811E+15,5.0015E+16
147838,6,4,11,0,2018,11,5,7,3,8,1,2,0,1,0,0,0,0,0,4.74138E+20,5.5252E+21,8.64004E+15,4.98787E+16
147839,6,5,31,12,2018,11,16,5,3,5,2,1,0,1,0,1,0,0,0,4.77521E+20,5.59754E+21,8.68285E+15,5.05294E+16
147840,6,5,31,5,2018,11,22,5,3,2,6,2,0,1,0,0,0,0,0,4.77972E+20,5.60353E+21,8.68885E+15,5.05833E+16
147841,6,4,32,15,2018,11,18,7,2,5,2,2,0,1,0,1,0,0,0,4.91791E+20,5.52917E+21,8.88565E+15,4.99149E+16
147842,6,4,14,0,2018,11,17,7,3,0,6,1,0,0,0,1,0,1,1,4.4286E+20,5.54734E+21,8.20144E+15,5.00756E+16
147843,6,5,31,5,2018,11,13,4,3,2,6,0,0,1,0,0,0,0,0,4.77042E+20,5.60436E+21,8.67567E+15,5.05907E+16
147844,6,4,32,15,2018,11,8,7,3,2,6,0,0,1,0,0,0,0,0,4.89668E+20,5.52969E+21,8.85607E+15,4.99195E+16
147845,6,5,33,9,2018,11,7,4,3,0,1,2,1,0,0,0,0,0,1,4.34205E+20,5.5815E+21,8.07458E+15,5.03818E+16
147846,6,4,11,0,2018,11,7,5,3,5,3,0,0,1,0,0,0,0,1,4.73521E+20,5.51821E+21,8.63193E+15,4.98157E+16
147847,6,6,11,0,2018,11,8,4,3,3,6,1,1,1,0,0,0,0,0,5.34414E+20,5.68493E+21,9.49379E+15,5.13146E+16
147848,6,4,14,0,2018,11,8,4,2,6,3,1,0,1,1,0,0,0,1,4.42374E+20,5.54699E+21,8.1947E+15,5.00724E+16