OBJECTID_1,ULAND,UREGBEZ,UKREIS,UGEMEINDE,UJAHR,UMONAT,USTUNDE,UWOCHENTAG,UKATEGORIE,UART,UTYP1,ULICHTVERH,IstRad,IstPKW,IstFuss,IstKrad,IstGkfz,IstSonstig,STRZUSTAND,LINREFX,LINREFY,XGCSWGS84,YGCSWGS84
148035,6,4,36,3,2018,11,14,6,3,5,3,0,0,1,0,1,0,0,1,4.69855E+20,5.55482E+21,8.5781E+15,5.01449E+16
148036,6,5,31,5,2018,11,21,6,3,2,6,2,0,1,0,0,0,0,1,4.76003E+20,5.60325E+21,8.66106E+15,5.05806E+16
148037,6,4,12,0,2018,11,8,6,3,5,3,0,0,1,0,0,0,0,1,4.68866E+20,5.55218E+21,8.56448E+15,5.01211E+16
148038,6,4,35,14,2018,11,13,6,3,5,3,0,0,1,0,0,0,0,0,4.95424E+20,5.5513E+21,8.936E+15,5.01139E+16
148039,6,4,14,0,2018,11,23,5,2,8,7,2,0,1,0,0,0,0,0,4.42889E+20,5.54749E+21,8.20183E+15,5.00769E+16
148040,6,4,12,0,2018,11,8,6,3,2,6,0,0,1,0,0,0,0,1,4.64441E+20,5.54912E+21,8.50287E+15,5.00933E+16
148041,6,4,12,0,2018,11,12,5,3,5,3,0,1,1,0,0,0,0,0,4.74456E+20,5.5514E+21,8.64273E+15,5.01143E+16
148042,6,4,12,0,2018,11,11,6,3,2,6,0,0,1,0,0,0,0,1,4.73463E+20,5.55594E+21,8.62852E+15,5.01551E+16
148043,6,4,12,0,2018,11,18,5,3,5,3,2,0,1,0,0,0,0,0,4.68071E+20,5.54803E+21,8.55371E+15,5.00837E+16
148044,6,4,12,0,2018,11,17,6,3,6,4,1,1,0,1,0,0,0,1,4.75075E+20,5.5508E+21,8.65142E+15,5.01089E+16
148045,6,4,12,0,2018,11,13,6,3,1,5,0,1,1,0,0,0,0,0,4.76865E+20,5.54987E+21,8.67651E+15,5.01006E+16
148046,6,4,11,0,2018,11,19,5,3,5,2,2,0,1,0,0,0,0,0,4.76328E+20,5.52227E+21,8.6707E+15,4.98524E+16
148047,6,4,12,0,2018,11,11,6,3,0,6,0,0,1,0,0,0,1,0,4.77083E+20,5.55096E+21,8.67949E+15,5.01105E+16
148048,6,4,11,0,2018,11,13,5,3,2,6,0,0,1,0,0,0,0,0,4.75174E+20,5.5253E+21,8.65445E+15,4.98796E+16
148049,6,6,34,14,2018,11,10,5,3,0,7,0,0,1,0,0,0,0,0,5.3791E+20,5.66472E+21,9.54182E+15,5.11327E+16
148050,6,4,11,0,2018,11,22,6,3,5,3,2,0,1,0,0,0,1,1,4.75082E+20,5.52324E+21,8.6533E+15,4.98611E+16
148051,6,6,36,16,2018,11,12,6,2,6,4,0,0,1,1,0,0,0,1,5.59822E+20,5.68814E+21,9.85886E+15,5.13414E+16
148052,6,4,35,19,2018,11,15,5,2,5,3,0,0,1,0,0,0,1,0,4.88805E+20,5.55602E+21,8.84329E+15,5.01562E+16
148053,6,4,35,25,2018,11,14,6,2,5,3,0,0,1,0,0,0,0,1,5.38124E+20,5.57764E+21,9.53586E+15,5.03496E+16
148054,6,4,34,2,2018,11,13,5,3,9,1,0,0,1,0,0,0,0,0,4.73858E+20,5.56987E+21,8.63308E+15,5.02804E+16
148055,6,4,36,4,2018,11,14,5,3,8,1,0,0,1,1,0,0,0,0,4.58019E+20,5.5417E+21,8.4139E+15,5.00261E+16
148056,6,4,38,4,2018,11,17,6,3,5,2,1,0,1,0,1,0,0,0,4.96156E+20,5.547E+21,8.94628E+15,5.00752E+16
148057,6,4,34,1,2018,11,8,6,3,0,2,0,0,1,0,1,0,0,1,4.71745E+20,5.56509E+21,8.60379E+15,5.02373E+16
148058,6,4,40,3,2018,11,9,5,3,5,2,0,1,1,0,0,0,0,0,4.81903E+20,5.5621E+21,8.74638E+15,5.02108E+16
148059,6,5,33,11,2018,11,10,6,3,5,3,0,0,1,0,1,0,0,1,4.40302E+20,5.60184E+21,8.15707E+15,5.05655E+16
148060,6,4,11,0,2018,11,7,5,3,2,6,0,0,1,0,0,0,0,0,4.73391E+20,5.51818E+21,8.63013E+15,4.98155E+16
148061,6,4,35,1,2018,11,13,6,3,6,7,0,0,1,1,0,0,0,1,5.24758E+20,5.56413E+21,9.3471E+15,5.02288E+16
148062,6,4,40,2,2018,11,19,5,3,6,3,2,0,1,1,0,0,0,0,4.8155E+20,5.57881E+21,8.74061E+15,5.03611E+16
148063,6,4,32,21,2018,11,14,6,3,5,3,0,0,1,0,1,0,0,1,5.00342E+20,5.53034E+21,9.00476E+15,4.99254E+16
148064,6,4,11,0,2018,11,9,6,3,5,3,0,1,1,0,0,0,0,1,4.74424E+20,5.51843E+21,8.64447E+15,4.98178E+16
148065,6,4,33,12,2018,11,22,5,3,5,3,2,0,1,0,0,0,0,0,4.59222E+20,5.53723E+21,8.43117E+15,4.9986E+16
148066,6,4,32,19,2018,11,8,6,3,6,4,0,0,1,1,0,0,0,0,4.88053E+20,5.51969E+21,8.83389E+15,4.98296E+16
148067,6,4,33,5,2018,11,9,5,3,5,3,0,1,1,0,0,0,0,0,4.51717E+20,5.53828E+21,8.32636E+15,4.99949E+16
148068,6,4,33,6,2018,11,11,5,3,2,6,0,0,1,0,0,0,0,0,4.6414E+20,5.5286E+21,8.50058E+15,4.99087E+16
148069,6,4,32,8,2018,11,20,6,3,9,1,2,0,1,0,0,0,0,1,4.70013E+20,5.52425E+21,8.58271E+15,4.98699E+16
148070,6,5,34,11,2018,11,14,5,3,5,3,0,0,1,0,0,0,0,1,4.94932E+20,5.63022E+21,8.92805E+15,5.08237E+16
148071,6,4,31,20,2018,11,15,6,3,5,3,0,1,1,0,0,0,0,0,4.69575E+20,5.48721E+21,8.5795E+15,4.95368E+16
148072,6,4,14,0,2018,11,22,4,3,5,3,2,0,1,0,0,0,0,0,4.45617E+20,5.54332E+21,8.24054E+15,5.00397E+16
148073,6,4,31,20,2018,11,15,6,3,5,3,0,0,1,0,0,0,0,0,4.69465E+20,5.48721E+21,8.57798E+15,4.95367E+16
148074,6,4,31,5,2018,11,8,6,3,6,4,0,0,1,1,0,0,0,1,4.61204E+20,5.49916E+21,8.46262E+15,4.96437E+16
148075,6,4,14,0,2018,11,15,4,3,6,4,0,0,1,1,0,0,0,0,4.45106E+20,5.5474E+21,8.23282E+15,5.00764E+16
148076,6,4,31,13,2018,11,23,6,3,6,4,2,0,1,1,0,0,0,1,4.61583E+20,5.49383E+21,8.46839E+15,4.95959E+16
148077,6,4,14,0,2018,11,10,4,2,3,6,0,0,1,0,0,0,0,0,4.45967E+20,5.54787E+21,8.24479E+15,5.00806E+16
148078,6,4,31,20,2018,11,10,6,3,5,3,0,1,1,0,0,0,0,1,4.69569E+20,5.48754E+21,8.57939E+15,4.95397E+16
148079,6,4,33,12,2018,11,13,6,3,2,6,0,0,1,0,0,0,0,1,4.59182E+20,5.53825E+21,8.4305E+15,4.99952E+16
148080,6,4,12,0,2018,11,18,4,3,5,2,2,0,1,0,0,0,0,0,4.74512E+20,5.55152E+21,8.6435E+15,5.01154E+16
148081,6,4,33,6,2018,11,13,6,3,6,4,0,0,1,1,0,0,0,1,4.63072E+20,5.53036E+21,8.48553E+15,4.99245E+16
148082,6,4,12,0,2018,11,14,4,3,3,6,0,0,1,0,1,0,0,0,4.75258E+20,5.55383E+21,8.65378E+15,5.01362E+16
148083,6,4,12,0,2018,11,17,4,3,6,4,2,0,1,1,0,0,0,0,4.73803E+20,5.54968E+21,8.63371E+15,5.00988E+16
148084,6,4,35,14,2018,11,14,6,3,5,3,0,0,1,0,0,0,0,1,4.96944E+20,5.55162E+21,8.95725E+15,5.01168E+16
148085,6,4,12,0,2018,11,19,4,3,5,2,2,1,1,0,0,0,0,0,4.76267E+20,5.55073E+21,8.6681E+15,5.01084E+16
148086,6,4,35,17,2018,11,19,6,3,2,6,2,0,1,0,0,0,0,0,5.02384E+20,5.5577E+21,9.03339E+15,5.01715E+16
148087,6,4,32,23,2018,11,11,4,2,5,3,0,0,1,0,0,0,0,0,4.69448E+20,5.52838E+21,8.57451E+15,4.9907E+16
148088,6,4,14,0,2018,11,13,5,3,5,3,0,0,1,0,0,0,0,1,4.41521E+20,5.54727E+21,8.18275E+15,5.00749E+16
148089,6,4,14,0,2018,11,7,5,3,1,6,0,0,1,0,0,0,0,0,4.45859E+20,5.54756E+21,8.24333E+15,5.00778E+16
148090,6,4,11,0,2018,11,5,4,2,6,4,2,0,1,1,0,0,0,0,4.75288E+20,5.52797E+21,8.65587E+15,4.99036E+16
148091,6,4,12,0,2018,11,21,5,3,5,3,2,1,1,0,0,0,0,0,4.75932E+20,5.5558E+21,8.66309E+15,5.01539E+16
148092,6,4,11,0,2018,11,2,4,3,0,1,2,1,0,0,0,0,0,0,4.74906E+20,5.52542E+21,8.65072E+15,4.98807E+16
148093,6,4,12,0,2018,11,8,5,3,6,4,0,0,1,1,0,0,0,1,4.77819E+20,5.55607E+21,8.6895E+15,5.01564E+16
148094,6,6,34,17,2018,11,8,4,2,4,6,0,0,0,0,1,0,1,0,5.23691E+20,5.63564E+21,9.3367E+15,5.0872E+16
148095,6,6,33,5,2018,11,16,4,2,6,7,1,0,1,1,0,0,0,0,5.28076E+20,5.69537E+21,9.40368E+15,5.14088E+16
148096,6,4,12,0,2018,11,18,5,3,3,6,2,0,1,0,0,1,0,0,4.80652E+20,5.55207E+21,8.72935E+15,5.01205E+16
148097,6,4,38,8,2018,11,22,4,3,0,7,2,0,0,0,0,0,1,0,4.89166E+20,5.54952E+21,8.84852E+15,5.00978E+16
148098,6,4,12,0,2018,11,11,5,3,6,4,0,0,1,1,0,0,0,0,4.74377E+20,5.55032E+21,8.64169E+15,5.01045E+16
148099,6,4,33,12,2018,11,7,4,3,5,2,2,1,1,0,0,0,0,0,4.60036E+20,5.53772E+21,8.44248E+15,4.99905E+16
148100,6,4,12,0,2018,11,11,5,3,5,3,0,1,1,0,0,0,0,0,4.76447E+20,5.55213E+21,8.67053E+15,5.01209E+16
148101,6,4,12,0,2018,11,17,5,3,0,7,2,1,1,0,0,0,0,1,4.77546E+20,5.5527E+21,8.68587E+15,5.01261E+16
148102,6,5,32,14,2018,11,1,4,3,1,5,2,0,1,0,0,0,1,0,4.68191E+20,5.59525E+21,8.55141E+15,5.05083E+16
148103,6,4,11,0,2018,11,17,5,3,2,6,2,0,1,0,0,0,0,1,4.73254E+20,5.52479E+21,8.62776E+15,4.98749E+16
148104,6,5,31,5,2018,11,14,3,3,3,6,0,1,1,0,0,0,0,1,4.76667E+20,5.60394E+21,8.6704E+15,5.05869E+16
148105,6,5,31,5,2018,11,14,3,3,5,3,0,1,1,0,0,0,0,1,4.76544E+20,5.6036E+21,8.66868E+15,5.05838E+16
148106,6,4,11,0,2018,11,13,5,2,0,1,0,1,0,0,0,0,0,1,4.75778E+20,5.52473E+21,8.6629E+15,4.98744E+16
148107,6,6,35,3,2018,11,16,5,3,5,2,1,1,1,0,0,0,0,1,5.08236E+20,5.66289E+21,9.11767E+15,5.11174E+16
148108,6,5,31,5,2018,11,10,3,3,2,2,0,0,1,0,1,0,0,0,4.77135E+20,5.60375E+21,8.67702E+15,5.05852E+16
148109,6,4,14,0,2018,11,20,3,3,5,3,2,0,1,0,0,0,1,0,4.45031E+20,5.54788E+21,8.23171E+15,5.00807E+16
148110,6,6,35,2,2018,11,11,5,3,5,2,0,0,1,0,0,0,0,0,5.00866E+20,5.69235E+21,9.01244E+15,5.13824E+16
148111,6,4,13,0,2018,11,17,3,3,5,3,1,1,1,0,0,0,0,0,4.8313E+20,5.5491E+21,8.76414E+15,5.0094E+16
148112,6,4,38,13,2018,11,7,5,3,5,3,1,1,1,0,0,0,0,0,4.98011E+20,5.54353E+21,8.97222E+15,5.00441E+16
148113,6,4,13,0,2018,11,7,3,3,2,6,0,0,1,0,0,0,0,0,4.83512E+20,5.54992E+21,8.76946E+15,5.01013E+16
148114,6,4,38,6,2018,11,11,5,3,2,6,0,0,1,0,0,0,0,0,4.77091E+20,5.53812E+21,8.68037E+15,4.99949E+16
148115,6,4,35,19,2018,11,12,5,3,1,6,0,0,1,0,0,0,0,0,4.86195E+20,5.55468E+21,8.80679E+15,5.01442E+16
148116,6,4,36,1,2018,11,16,3,2,6,2,1,0,1,1,0,0,0,0,4.64415E+20,5.55444E+21,8.50201E+15,5.01411E+16
148117,6,4,12,0,2018,11,9,3,2,6,4,0,0,1,1,0,0,0,0,4.66461E+20,5.5508E+21,8.53096E+15,5.01085E+16
148118,6,4,38,5,2018,11,13,5,3,3,6,0,1,1,0,0,0,0,0,4.85907E+20,5.54521E+21,8.80311E+15,5.0059E+16
148119,6,4,12,0,2018,11,11,3,3,5,3,0,1,1,0,0,0,0,0,4.83382E+20,5.55234E+21,8.76753E+15,5.01231E+16
148120,6,4,34,11,2018,11,8,5,3,2,6,0,0,1,0,0,0,0,1,4.67038E+20,5.5759E+21,8.53685E+15,5.03342E+16
148121,6,4,12,0,2018,11,18,3,3,3,6,1,1,1,0,0,0,0,0,4.78219E+20,5.55203E+21,8.69531E+15,5.01201E+16
148122,6,4,31,11,2018,11,16,5,3,2,6,1,0,1,0,0,0,0,0,4.7253E+20,5.49794E+21,8.61959E+15,4.96334E+16
148123,6,4,40,19,2018,11,13,5,3,0,1,0,0,0,0,1,0,1,1,5.0161E+20,5.57695E+21,9.02262E+15,5.03446E+16
148124,6,4,12,0,2018,11,10,3,3,0,7,0,1,0,0,0,1,0,0,4.77464E+20,5.55164E+21,8.68479E+15,5.01166E+16
148125,6,4,40,2,2018,11,7,5,3,6,4,0,0,1,1,0,0,0,0,4.81554E+20,5.5793E+21,8.74065E+15,5.03654E+16
148126,6,5,35,1,2018,11,16,5,2,6,7,2,1,0,1,0,0,0,1,5.1857E+20,5.62233E+21,9.26324E+15,5.07525E+16
148127,6,4,11,0,2018,11,15,3,3,9,1,0,0,1,0,0,0,0,0,4.76322E+20,5.52227E+21,8.67061E+15,4.98524E+16
148128,6,5,34,11,2018,11,20,5,3,5,3,2,0,1,0,0,0,0,0,4.94595E+20,5.63028E+21,8.92326E+15,5.08242E+16
148129,6,6,35,1,2018,11,14,3,3,1,5,0,0,1,0,0,0,0,2,4.77349E+20,5.65324E+21,8.67699E+15,5.10303E+16
148130,6,4,12,0,2018,11,18,5,3,2,6,2,0,1,0,0,0,1,0,4.71851E+20,5.54484E+21,8.60677E+15,5.00552E+16
148131,6,4,38,7,2018,11,15,3,3,5,3,0,0,1,0,0,0,0,0,5.00098E+20,5.54005E+21,9.00137E+15,5.00128E+16
148132,6,6,11,0,2018,11,16,4,3,6,4,0,0,1,1,0,0,0,0,5.34188E+20,5.68455E+21,9.4905E+15,5.13113E+16
148133,6,4,38,9,2018,11,10,3,3,0,3,0,0,1,0,1,0,0,0,4.77319E+20,5.54459E+21,8.68317E+15,5.00532E+16
148134,6,4,14,0,2018,11,16,4,3,3,6,1,1,1,0,0,0,0,0,4.46373E+20,5.54532E+21,8.25082E+15,5.00577E+16
148135,6,4,14,0,2018,11,18,4,3,3,3,2,0,1,0,1,0,0,1,4.45683E+20,5.5444E+21,8.24131E+15,5.00494E+16
148136,6,4,34,2,2018,11,16,3,3,6,4,0,0,1,1,0,0,0,0,4.74769E+20,5.56693E+21,8.64607E+15,5.0254E+16
148137,6,4,12,0,2018,11,6,4,3,6,7,0,1,0,1,0,0,0,0,4.67262E+20,5.55022E+21,8.54222E+15,5.01033E+16
148138,6,4,32,22,2018,11,7,3,3,5,3,0,0,1,0,0,0,0,0,4.74411E+20,5.51277E+21,8.64467E+15,4.97669E+16
148139,6,4,32,14,2018,11,20,3,3,1,1,2,0,1,0,0,0,1,0,4.78277E+20,5.51888E+21,8.698E+15,4.9822E+16
148140,6,4,12,0,2018,11,18,4,3,3,2,2,1,1,0,0,0,0,0,4.74561E+20,5.55078E+21,8.64423E+15,5.01088E+16
148141,6,4,31,20,2018,11,7,3,3,5,3,2,1,1,0,0,0,0,0,4.69717E+20,5.4875E+21,8.58144E+15,4.95394E+16
148142,6,5,34,14,2018,11,5,3,3,2,6,2,0,1,0,0,0,0,0,4.8372E+20,5.62923E+21,8.76891E+15,5.08146E+16
148143,6,6,31,15,2018,11,14,3,3,6,7,0,0,0,1,0,0,1,1,5.53678E+20,5.61555E+21,9.75991E+15,5.06893E+16
148144,6,4,35,14,2018,11,14,3,3,5,2,0,1,1,0,0,0,0,0,4.94917E+20,5.55261E+21,8.92889E+15,5.01257E+16
148145,6,4,12,0,2018,11,5,4,3,2,6,2,1,1,0,0,0,0,0,4.74483E+20,5.55168E+21,8.64309E+15,5.01168E+16
148146,6,6,32,2,2018,11,15,2,2,5,3,0,1,1,0,0,0,0,1,5.49933E+20,5.63458E+21,9.70949E+15,5.08608E+16
148147,6,4,11,0,2018,11,7,4,3,5,3,2,1,1,0,0,0,0,0,4.73482E+20,5.52348E+21,8.63102E+15,4.98632E+16
148148,6,6,33,17,2018,11,16,2,3,2,6,1,0,1,0,0,0,0,1,5.3696E+20,5.68108E+21,9.52992E+15,5.12799E+16
148149,6,6,33,3,2018,11,14,4,3,9,1,0,0,0,0,1,0,0,0,5.28718E+20,5.67833E+21,9.41153E+15,5.12556E+16
148150,6,4,34,1,2018,11,11,4,2,5,3,0,0,1,0,1,0,0,0,4.71483E+20,5.56471E+21,8.60014E+15,5.02339E+16
148151,6,4,13,0,2018,11,16,2,3,5,3,2,0,1,0,0,0,0,0,4.85638E+20,5.55106E+21,8.79913E+15,5.01117E+16
148152,6,4,36,6,2018,11,16,4,3,5,3,1,0,1,0,1,0,0,0,4.53145E+20,5.54071E+21,8.34598E+15,5.00169E+16
148153,6,4,13,0,2018,11,17,2,3,0,7,2,0,1,0,0,0,0,0,4.85062E+20,5.54949E+21,8.79114E+15,5.00975E+16
148154,6,4,12,0,2018,11,20,2,3,6,7,2,0,0,1,0,0,1,0,4.74706E+20,5.55686E+21,8.64586E+15,5.01634E+16
148155,6,4,32,8,2018,11,18,4,3,6,4,2,0,1,1,0,0,0,1,4.68151E+20,5.5222E+21,8.55696E+15,4.98514E+16
148156,6,4,12,0,2018,11,8,2,3,5,3,1,1,1,0,0,0,0,0,4.73262E+20,5.55846E+21,8.62554E+15,5.01778E+16
148157,6,4,33,12,2018,11,8,4,3,2,2,0,1,1,0,0,0,0,2,4.60338E+20,5.53836E+21,8.44663E+15,4.99963E+16
148158,6,4,12,0,2018,11,11,2,3,2,6,0,0,1,0,0,0,1,0,4.80373E+20,5.54981E+21,8.72557E+15,5.01003E+16
148159,6,4,12,0,2018,11,9,4,3,5,3,0,0,1,0,0,0,0,0,4.83014E+20,5.55626E+21,8.76221E+15,5.01583E+16
148160,6,6,36,3,2018,11,7,3,3,5,2,1,0,1,0,0,0,0,0,5.73513E+20,5.67129E+21,1.00519E+16,5.11883E+16
148161,6,4,12,0,2018,11,20,2,3,2,6,2,0,1,0,0,0,0,0,4.75576E+20,5.54932E+21,8.65852E+15,5.00957E+16
148162,6,6,35,22,2018,11,12,3,3,5,3,0,0,0,0,1,1,0,0,4.77047E+20,5.68152E+21,8.67087E+15,5.12846E+16
148163,6,4,12,0,2018,11,15,2,3,5,2,0,1,1,0,0,0,0,0,4.8148E+20,5.55218E+21,8.74093E+15,5.01216E+16
148164,6,4,14,0,2018,11,14,3,3,2,2,0,0,1,0,0,0,1,0,4.46041E+20,5.54679E+21,8.24597E+15,5.00709E+16
148165,6,4,13,0,2018,11,10,3,3,2,6,0,0,1,0,0,0,0,0,4.8325E+20,5.5497E+21,8.76579E+15,5.00993E+16
148166,6,4,12,0,2018,11,11,2,2,5,7,0,0,1,0,0,0,0,0,4.78128E+20,5.55197E+21,8.69405E+15,5.01196E+16
148167,6,4,13,0,2018,11,11,3,3,3,6,0,1,0,0,0,0,1,0,4.83204E+20,5.55001E+21,8.76513E+15,5.01021E+16
148168,6,4,11,0,2018,11,13,2,3,6,4,0,0,1,1,0,0,0,1,4.74473E+20,5.52317E+21,8.64483E+15,4.98604E+16
148169,6,6,35,11,2018,11,7,2,3,6,2,1,0,1,1,0,0,0,1,4.85526E+20,5.65616E+21,8.79348E+15,5.10568E+16
148170,6,4,12,0,2018,11,15,3,2,0,1,0,0,1,0,1,0,0,0,4.77152E+20,5.55439E+21,8.68025E+15,5.01413E+16
148171,6,4,38,9,2018,11,14,2,3,6,4,0,0,1,1,0,0,0,0,4.79429E+20,5.54397E+21,8.71268E+15,5.00476E+16
148172,6,4,12,0,2018,11,8,3,3,2,6,0,0,1,0,0,0,0,0,4.75561E+20,5.55019E+21,8.65825E+15,5.01034E+16
148173,6,4,38,11,2018,11,19,2,2,9,7,2,0,1,0,0,0,0,0,4.90519E+20,5.54319E+21,8.8676E+15,5.00409E+16
148174,6,4,12,0,2018,11,15,3,3,3,2,0,1,1,0,0,0,0,0,4.76678E+20,5.55277E+21,8.67372E+15,5.01267E+16
148175,6,4,35,9,2018,11,11,2,3,0,1,0,0,0,0,1,0,0,0,5.08305E+20,5.55422E+21,9.11622E+15,5.01402E+16
148176,6,4,40,5,2018,11,19,2,2,6,4,1,0,1,1,0,0,0,0,4.76943E+20,5.58705E+21,8.67533E+15,5.0435E+16
148177,6,4,38,9,2018,11,8,3,3,5,3,1,1,1,0,0,0,0,0,4.78584E+20,5.54454E+21,8.70084E+15,5.00528E+16
148178,6,4,32,5,2018,11,7,2,2,0,1,0,1,0,0,0,0,0,1,4.88514E+20,5.53302E+21,8.8399E+15,4.99494E+16
148179,6,4,31,11,2018,11,17,3,2,6,2,2,0,1,1,0,0,0,0,4.73131E+20,5.49967E+21,8.62779E+15,4.9649E+16
148180,6,4,32,18,2018,11,13,3,3,5,2,0,0,1,0,0,0,0,0,4.71889E+20,5.51717E+21,8.60932E+15,4.98063E+16
148181,6,5,34,8,2018,11,16,2,3,8,1,1,0,1,0,0,0,0,1,4.88975E+20,5.62365E+21,8.84368E+15,5.07645E+16
148182,6,4,11,0,2018,11,7,3,3,5,3,0,1,1,0,0,0,0,0,4.74417E+20,5.51843E+21,8.64437E+15,4.98178E+16
148183,6,6,31,9,2018,11,7,2,2,0,1,1,1,0,0,0,0,0,1,5.46162E+20,5.599E+21,9.65146E+15,5.05411E+16
148184,6,4,40,25,2018,11,16,3,3,5,2,2,1,1,0,0,0,0,0,4.82823E+20,5.57098E+21,8.75887E+15,5.02907E+16
148185,6,4,40,25,2018,11,6,3,3,5,3,1,0,1,0,0,0,0,0,4.84571E+20,5.57042E+21,8.78343E+15,5.02857E+16
148186,6,5,32,23,2018,11,8,2,3,2,5,0,0,1,0,0,0,1,1,4.6414E+20,5.60099E+21,8.49373E+15,5.05598E+16
148187,6,5,34,11,2018,11,7,3,2,5,3,2,0,1,0,0,0,0,0,4.94839E+20,5.63015E+21,8.92673E+15,5.08231E+16
148188,6,5,31,5,2018,11,8,2,3,5,3,0,1,1,0,0,0,0,1,4.79071E+20,5.604E+21,8.70436E+15,5.05875E+16
148189,6,4,13,0,2018,11,14,1,3,5,3,0,0,1,0,0,0,0,0,4.84728E+20,5.55177E+21,8.78638E+15,5.0118E+16
148190,6,6,31,15,2018,11,5,3,2,0,1,2,0,0,0,1,0,0,2,5.53739E+20,5.61293E+21,9.7604E+15,5.06657E+16
148191,6,4,12,0,2018,11,19,1,3,5,3,2,0,1,0,0,0,0,0,4.6675E+20,5.55141E+21,8.53495E+15,5.0114E+16
148192,6,4,12,0,2018,11,8,3,2,0,1,0,1,0,0,0,0,0,0,4.82093E+20,5.55584E+21,8.74933E+15,5.01545E+16
148193,6,4,12,0,2018,11,14,1,3,5,3,0,1,1,0,0,0,0,0,4.77424E+20,5.55679E+21,8.68392E+15,5.01629E+16
148194,6,5,31,16,2018,11,19,3,3,6,4,2,1,0,1,0,0,0,0,4.88099E+20,5.60501E+21,8.83184E+15,5.05969E+16
148195,6,6,32,2,2018,11,11,2,3,6,6,0,1,0,1,0,0,0,1,5.50101E+20,5.63515E+21,9.71194E+15,5.08658E+16
148196,6,4,12,0,2018,11,13,1,2,5,3,0,1,1,0,0,0,0,0,4.76412E+20,5.55137E+21,8.67008E+15,5.01141E+16
148197,6,4,12,0,2018,11,19,1,3,1,6,2,1,1,0,0,0,0,0,4.77607E+20,5.54923E+21,8.68693E+15,5.00949E+16
148198,6,6,11,0,2018,11,16,2,3,4,6,2,0,1,0,0,1,0,0,5.3653E+20,5.68071E+21,9.52372E+15,5.12765E+16
148199,6,4,14,0,2018,11,18,2,3,4,6,2,1,1,0,0,0,0,0,4.45788E+20,5.54566E+21,8.2426E+15,5.00607E+16
148200,6,4,34,8,2018,11,11,1,2,9,1,0,1,0,0,0,0,0,0,4.70906E+20,5.56182E+21,8.59228E+15,5.02078E+16
148201,6,4,12,0,2018,11,5,2,3,6,7,2,0,0,1,0,0,1,0,4.64729E+20,5.54731E+21,8.50706E+15,5.0077E+16
148202,6,4,35,17,2018,11,12,7,3,5,3,0,0,1,0,0,0,0,0,5.03331E+20,5.5584E+21,9.04665E+15,5.01778E+16
148203,6,6,11,0,2018,11,23,7,3,5,3,2,0,1,0,0,0,0,0,5.35983E+20,5.68561E+21,9.51637E+15,5.13206E+16
148204,6,4,13,0,2018,11,10,7,3,5,2,0,1,1,0,0,0,0,0,4.82406E+20,5.55076E+21,8.75394E+15,5.01088E+16
148205,6,4,12,0,2018,11,10,2,2,5,3,0,1,1,0,0,0,0,0,4.75591E+20,5.54933E+21,8.65874E+15,5.00957E+16
148206,6,4,13,0,2018,11,9,7,3,6,4,0,0,1,1,0,0,0,0,4.82446E+20,5.54854E+21,8.75461E+15,5.00889E+16
148207,6,4,11,0,2018,11,7,2,3,5,2,0,1,1,0,0,0,0,0,4.75054E+20,5.52642E+21,8.65271E+15,4.98897E+16
148208,6,4,12,0,2018,11,17,7,3,5,3,2,0,1,0,0,0,0,0,4.7284E+20,5.55655E+21,8.61976E+15,5.01605E+16
148209,6,4,11,0,2018,11,17,2,3,6,4,2,0,1,1,0,0,0,0,4.75655E+20,5.52518E+21,8.66116E+15,4.98786E+16
148210,6,6,34,13,2018,11,11,2,3,0,1,0,1,0,0,0,0,0,0,5.37815E+20,5.66029E+21,9.53999E+15,5.10928E+16
148211,6,4,12,0,2018,11,13,7,3,5,7,0,0,1,0,0,0,0,0,4.78485E+20,5.55411E+21,8.69892E+15,5.01389E+16
148212,6,4,39,4,2018,11,12,2,3,5,3,0,0,1,0,0,0,0,0,4.26259E+20,5.53787E+21,7.9713E+15,4.99886E+16
148213,6,4,12,0,2018,11,5,7,3,8,1,2,0,1,0,0,0,0,0,4.78251E+20,5.55116E+21,8.69581E+15,5.01123E+16
148214,6,4,12,0,2018,11,12,7,3,5,3,0,0,1,0,1,0,0,0,4.77848E+20,5.55152E+21,8.69017E+15,5.01155E+16
148215,6,4,38,9,2018,11,18,2,3,5,3,2,1,1,0,0,0,0,1,4.78113E+20,5.54476E+21,8.69425E+15,5.00547E+16
148216,6,4,38,2,2018,11,10,7,3,2,6,0,0,1,0,0,0,0,0,4.78187E+20,5.5419E+21,8.69545E+15,5.0029E+16
148217,6,4,34,8,2018,11,19,7,3,6,4,2,0,1,1,0,0,0,0,4.70485E+20,5.56097E+21,8.58644E+15,5.02002E+16
148218,6,4,38,9,2018,11,14,2,3,5,3,0,0,1,0,0,0,1,0,4.81848E+20,5.54546E+21,8.74639E+15,5.00612E+16
148219,6,4,34,1,2018,11,7,7,3,9,1,0,0,1,0,0,0,0,0,4.72426E+20,5.56482E+21,8.61336E+15,5.02349E+16
148220,6,4,38,10,2018,11,14,2,3,5,3,0,1,1,0,0,0,0,0,4.90087E+20,5.54704E+21,8.86146E+15,5.00756E+16