OBJECTID_1,ULAND,UREGBEZ,UKREIS,UGEMEINDE,UJAHR,UMONAT,USTUNDE,UWOCHENTAG,UKATEGORIE,UART,UTYP1,ULICHTVERH,IstRad,IstPKW,IstFuss,IstKrad,IstGkfz,IstSonstig,STRZUSTAND,LINREFX,LINREFY,XGCSWGS84,YGCSWGS84
148221,6,4,40,1,2018,11,10,7,3,5,3,0,0,1,0,0,0,1,0,4.98047E+20,5.56909E+21,8.97259E+15,5.02739E+16
148222,6,4,36,8,2018,11,12,2,2,6,4,0,0,1,1,0,0,0,0,4.61397E+20,5.55331E+21,8.45989E+15,5.01308E+16
148223,6,4,35,3,2018,11,15,2,2,9,1,0,0,1,0,0,0,0,0,5.19794E+20,5.56049E+21,9.27733E+15,5.01962E+16
148224,6,5,32,11,2018,11,23,7,3,8,7,2,0,1,0,0,0,0,0,4.43658E+20,5.62893E+21,8.20032E+15,5.08094E+16
148225,6,4,32,18,2018,11,20,2,3,5,3,2,0,1,0,0,0,0,1,4.72238E+20,5.51796E+21,8.61412E+15,4.98134E+16
148226,6,4,31,20,2018,11,17,7,3,5,3,1,0,1,0,0,0,0,0,4.69761E+20,5.48665E+21,8.5821E+15,4.95317E+16
148227,6,4,33,12,2018,11,14,7,3,5,3,0,0,1,0,0,0,0,0,4.60793E+20,5.53507E+21,8.45331E+15,4.99667E+16
148228,6,4,40,2,2018,11,21,2,3,5,3,2,1,1,0,0,0,0,0,4.82024E+20,5.57847E+21,8.74729E+15,5.0358E+16
148229,6,5,34,14,2018,11,18,2,3,8,1,2,0,1,0,0,0,0,0,4.85312E+20,5.62783E+21,8.79157E+15,5.0802E+16
148230,6,4,35,14,2018,11,21,7,3,5,3,2,1,1,0,0,0,0,0,4.93728E+20,5.55343E+21,8.91224E+15,5.0133E+16
148231,6,4,14,0,2018,11,1,1,3,0,1,2,0,0,0,1,0,0,1,4.45974E+20,5.54707E+21,8.245E+15,5.00735E+16
148232,6,4,35,14,2018,11,12,7,3,6,4,0,0,1,1,0,0,0,0,4.92083E+20,5.55347E+21,8.88922E+15,5.01334E+16
148233,6,4,12,0,2018,11,14,1,3,6,7,0,0,1,1,0,0,0,0,4.80857E+20,5.55465E+21,8.7321E+15,5.01438E+16
148234,6,5,31,5,2018,11,8,6,3,5,3,0,1,1,0,0,0,0,0,4.76477E+20,5.60403E+21,8.6677E+15,5.05877E+16
148235,6,4,12,0,2018,11,19,1,3,3,6,2,0,1,0,0,0,0,0,4.80753E+20,5.55182E+21,8.73078E+15,5.01183E+16
148236,6,4,11,0,2018,11,17,1,3,2,6,2,0,1,0,0,0,0,1,4.76308E+20,5.52521E+21,8.67024E+15,4.98788E+16
148237,6,6,36,3,2018,11,19,6,3,5,3,2,0,1,0,0,0,0,0,5.73213E+20,5.67148E+21,1.00477E+16,5.119E+16
148238,6,4,11,0,2018,11,0,1,3,5,3,2,0,1,0,0,0,0,1,4.75382E+20,5.52558E+21,8.65733E+15,4.98821E+16
148239,6,6,32,2,2018,11,0,6,3,2,6,2,0,1,0,0,0,0,1,5.47909E+20,5.63289E+21,9.68051E+15,5.08458E+16
148240,6,5,33,3,2018,11,17,6,2,6,2,2,0,1,1,0,0,0,0,4.46889E+20,5.572E+21,8.2543E+15,5.02978E+16
148241,6,4,38,2,2018,11,20,1,3,5,3,2,0,1,0,0,0,0,1,4.78187E+20,5.54245E+21,8.69541E+15,5.00339E+16
148242,6,4,38,9,2018,11,8,1,3,8,7,1,0,1,0,0,0,0,1,4.78185E+20,5.54322E+21,8.69535E+15,5.00408E+16
148243,6,4,14,0,2018,11,15,6,3,0,7,0,0,0,0,0,0,1,0,4.45842E+20,5.54689E+21,8.24318E+15,5.00718E+16
148244,6,4,38,8,2018,11,15,1,3,5,3,0,0,1,0,0,0,0,0,4.88596E+20,5.55222E+21,8.84047E+15,5.01221E+16
148245,6,4,36,3,2018,11,10,6,3,1,5,0,1,0,0,0,0,1,0,4.69389E+20,5.55442E+21,8.57162E+15,5.01412E+16
148246,6,5,32,23,2018,12,21,7,3,6,3,2,0,1,1,0,0,0,1,4.647E+20,5.60073E+21,8.50166E+15,5.05575E+16
148247,6,5,31,5,2018,12,13,6,3,5,3,0,1,1,0,0,0,0,1,4.76362E+20,5.60485E+21,8.66602E+15,5.0595E+16
148248,6,6,36,3,2018,12,7,6,3,5,2,1,0,1,0,0,0,0,1,5.71885E+20,5.67083E+21,1.00285E+16,5.11843E+16
148249,6,6,11,0,2018,12,11,6,3,6,4,0,1,0,1,0,0,0,1,5.34592E+20,5.68509E+21,9.49635E+15,5.13161E+16
148250,6,4,14,0,2018,12,12,6,3,4,1,0,0,1,0,0,0,0,1,4.41808E+20,5.54993E+21,8.18635E+15,5.00988E+16
148251,6,4,14,0,2018,12,11,6,3,6,4,0,0,1,1,0,0,0,0,4.45679E+20,5.54771E+21,8.24079E+15,5.00791E+16
148252,6,4,14,0,2018,12,18,6,3,3,6,2,0,1,0,0,0,1,1,4.45813E+20,5.54724E+21,8.24273E+15,5.0075E+16
148253,6,4,13,0,2018,12,17,6,3,5,2,2,0,0,0,1,0,0,1,4.82952E+20,5.54976E+21,8.76163E+15,5.00999E+16
148254,6,4,12,0,2018,12,10,6,2,0,7,0,0,0,0,0,0,1,1,4.73974E+20,5.5517E+21,8.63597E+15,5.01169E+16
148255,6,4,11,0,2018,12,13,6,2,5,3,0,0,1,0,0,0,1,1,4.72561E+20,5.52433E+21,8.61816E+15,4.98707E+16
148256,6,4,11,0,2018,12,6,6,3,5,3,2,0,1,0,0,1,0,1,4.7369E+20,5.52403E+21,8.63389E+15,4.98681E+16
148257,6,4,11,0,2018,12,6,6,3,5,3,2,0,1,0,0,0,0,1,4.75181E+20,5.52326E+21,8.65468E+15,4.98612E+16
148258,6,6,35,9,2018,12,7,6,3,5,3,1,1,0,0,0,0,1,1,5.09751E+20,5.66833E+21,9.13947E+15,5.11663E+16
148259,6,4,38,11,2018,12,7,6,3,5,3,1,1,1,0,0,0,0,1,4.9158E+20,5.54342E+21,8.88241E+15,5.0043E+16
148260,6,4,38,11,2018,12,17,6,3,6,6,2,0,1,1,0,0,0,1,4.90804E+20,5.53813E+21,8.87169E+15,4.99954E+16
148261,6,4,34,8,2018,12,9,6,3,5,2,0,1,1,0,0,0,0,1,4.70741E+20,5.56014E+21,8.59009E+15,5.01927E+16
148262,6,4,34,1,2018,12,15,6,3,2,6,0,0,1,0,0,0,0,1,4.70776E+20,5.5652E+21,8.5902E+15,5.02382E+16
148263,6,4,36,4,2018,12,23,6,3,5,3,2,0,1,0,0,0,0,1,4.59606E+20,5.54387E+21,8.43582E+15,5.00458E+16
148264,6,4,31,11,2018,12,7,6,3,5,3,1,1,1,0,0,0,0,1,4.73924E+20,5.49823E+21,8.63887E+15,4.9636E+16
148265,6,4,11,0,2018,12,14,6,3,5,3,0,1,1,0,0,0,0,1,4.74509E+20,5.52074E+21,8.6455E+15,4.98386E+16
148266,6,4,31,13,2018,12,14,7,3,1,5,0,0,1,0,0,0,0,0,4.62132E+20,5.49361E+21,8.47601E+15,4.95939E+16
148267,6,4,31,13,2018,12,11,7,3,2,6,0,0,1,0,0,0,0,0,4.65076E+20,5.49467E+21,8.51665E+15,4.96036E+16
148268,6,4,32,18,2018,12,12,6,3,5,3,0,1,0,0,0,0,1,1,4.68273E+20,5.51592E+21,8.55918E+15,4.97949E+16
148269,6,5,33,7,2018,12,20,6,2,5,2,2,1,1,0,0,0,0,0,4.32315E+20,5.58876E+21,8.04668E+15,5.04469E+16
148270,6,4,31,20,2018,12,20,6,3,5,3,2,0,1,0,0,0,0,0,4.69244E+20,5.48795E+21,8.57486E+15,4.95433E+16
148271,6,4,13,0,2018,12,18,6,3,5,3,2,1,1,0,0,0,0,0,4.81067E+20,5.55073E+21,8.73523E+15,5.01085E+16
148272,6,4,33,12,2018,12,10,6,3,5,3,0,1,1,0,0,0,0,1,4.59174E+20,5.53755E+21,8.43047E+15,4.99889E+16
148273,6,4,33,5,2018,12,11,6,2,8,1,0,0,1,0,0,0,0,1,4.53387E+20,5.53489E+21,8.35006E+15,4.99646E+16
148274,6,4,12,0,2018,12,20,6,3,6,4,2,0,1,1,0,0,0,0,4.71908E+20,5.54916E+21,8.60725E+15,5.00941E+16
148275,6,4,12,0,2018,12,23,6,3,3,6,2,0,1,0,0,0,0,0,4.765E+20,5.55412E+21,8.67115E+15,5.01389E+16
148276,6,4,33,7,2018,12,10,6,3,6,6,0,1,0,1,0,0,0,1,4.66326E+20,5.54573E+21,8.52952E+15,5.00629E+16
148277,6,4,12,0,2018,12,14,6,2,5,3,0,0,1,0,1,0,0,0,4.80083E+20,5.55156E+21,8.72142E+15,5.01159E+16
148278,6,5,32,23,2018,12,13,6,2,0,7,0,0,0,0,0,0,1,0,4.6673E+20,5.59846E+21,8.53052E+15,5.05372E+16
148279,6,4,12,0,2018,12,18,6,3,2,6,2,0,1,0,0,0,0,0,4.74516E+20,5.55067E+21,8.64361E+15,5.01077E+16
148280,6,4,12,0,2018,12,13,6,3,2,6,0,0,1,0,0,0,0,1,4.70687E+20,5.55368E+21,8.58984E+15,5.01346E+16
148281,6,4,14,0,2018,12,13,5,3,5,3,0,0,1,0,0,0,0,1,4.48527E+20,5.54897E+21,8.28042E+15,5.00908E+16
148282,6,4,12,0,2018,12,11,6,3,5,3,0,0,1,0,0,0,0,0,4.76228E+20,5.55061E+21,8.66756E+15,5.01073E+16
148283,6,4,13,0,2018,12,18,5,3,1,5,2,0,1,0,0,0,0,1,4.83008E+20,5.54876E+21,8.76246E+15,5.00908E+16
148284,6,4,38,11,2018,12,18,6,3,6,2,2,0,1,1,0,0,0,0,4.91645E+20,5.53877E+21,8.88341E+15,5.00012E+16
148285,6,4,13,0,2018,12,16,5,3,5,3,2,0,1,0,1,0,1,1,4.81748E+20,5.55027E+21,8.74476E+15,5.01044E+16
148286,6,4,13,0,2018,12,15,5,2,0,7,0,0,1,1,0,0,0,1,4.8628E+20,5.54843E+21,8.80821E+15,5.00879E+16
148287,6,4,37,9,2018,12,23,6,3,0,1,2,0,0,0,0,0,1,0,4.99457E+20,5.51598E+21,8.99246E+15,4.97963E+16
148288,6,4,12,0,2018,12,15,5,3,5,2,0,1,1,0,0,0,0,0,4.71672E+20,5.54915E+21,8.60396E+15,5.00939E+16
148289,6,4,37,9,2018,12,7,6,3,9,1,1,0,1,0,0,0,0,0,5.00258E+20,5.51735E+21,9.00358E+15,4.98086E+16
148290,6,4,12,0,2018,12,15,5,3,2,6,0,0,1,0,0,0,1,1,4.73695E+20,5.55619E+21,8.63176E+15,5.01573E+16
148291,6,5,32,11,2018,12,15,6,2,8,7,0,0,1,0,0,0,0,0,4.43875E+20,5.62086E+21,8.20464E+15,5.07369E+16
148292,6,4,12,0,2018,12,12,5,3,0,6,0,0,1,0,1,0,0,1,4.77079E+20,5.55436E+21,8.67923E+15,5.0141E+16
148293,6,4,38,1,2018,12,7,6,3,6,3,2,0,1,1,0,0,0,0,4.85435E+20,5.54099E+21,8.79668E+15,5.00211E+16
148294,6,4,12,0,2018,12,14,5,3,3,6,0,0,1,0,0,0,0,0,4.76296E+20,5.55349E+21,8.66833E+15,5.01331E+16
148295,6,4,12,0,2018,12,14,5,1,3,2,0,1,1,0,0,0,0,1,4.7815E+20,5.54568E+21,8.69472E+15,5.0063E+16
148296,6,4,32,8,2018,12,13,6,3,5,3,0,1,1,0,0,0,0,0,4.68825E+20,5.52356E+21,8.56623E+15,4.98637E+16
148297,6,4,12,0,2018,12,13,5,3,5,2,0,0,1,0,0,0,0,1,4.77788E+20,5.55333E+21,8.68922E+15,5.01318E+16
148298,6,4,40,24,2018,12,22,6,3,1,1,2,0,1,0,0,0,0,0,4.87149E+20,5.58288E+21,8.81919E+15,5.03979E+16
148299,6,4,31,20,2018,12,22,6,3,5,3,2,0,1,0,1,0,0,0,4.6888E+20,5.48713E+21,8.56989E+15,4.9536E+16
148300,6,4,31,10,2018,12,8,6,3,6,6,0,0,0,1,0,1,0,0,4.61938E+20,5.50682E+21,8.47205E+15,4.97127E+16
148301,6,5,34,14,2018,12,12,6,3,6,4,0,0,1,1,0,0,0,0,4.85324E+20,5.62714E+21,8.79176E+15,5.07959E+16
148302,6,5,31,9,2018,12,16,6,3,6,7,1,0,1,1,0,0,0,0,4.77687E+20,5.59377E+21,8.68541E+15,5.04955E+16
148303,6,4,35,14,2018,12,15,6,3,5,3,0,0,1,0,0,0,0,0,4.96211E+20,5.55039E+21,8.94702E+15,5.01058E+16
148304,6,4,12,0,2018,12,14,5,3,2,2,0,0,1,0,0,0,1,1,4.77669E+20,5.55087E+21,8.68769E+15,5.01096E+16
148305,6,5,31,5,2018,12,11,5,3,3,6,0,1,1,0,0,0,0,0,4.7758E+20,5.60378E+21,8.6833E+15,5.05855E+16
148306,6,4,11,0,2018,12,14,5,3,5,3,0,0,1,0,0,1,0,1,4.72573E+20,5.52433E+21,8.61832E+15,4.98708E+16
148307,6,6,35,2,2018,12,17,5,3,6,4,2,0,1,1,0,0,0,1,5.00427E+20,5.69287E+21,9.00614E+15,5.13871E+16
148308,6,5,33,9,2018,12,18,5,3,5,3,2,0,1,0,0,0,0,0,4.33542E+20,5.58537E+21,8.06457E+15,5.04166E+16
148309,6,4,38,9,2018,12,21,5,3,5,3,2,0,1,0,0,0,0,0,4.7771E+20,5.54459E+21,8.68863E+15,5.00532E+16
148310,6,4,14,0,2018,12,4,5,3,5,3,2,0,1,0,0,0,0,0,4.55239E+20,5.54799E+21,8.37435E+15,5.00825E+16
148311,6,4,13,0,2018,12,13,5,3,5,2,0,0,1,0,0,0,1,0,4.83216E+20,5.54995E+21,8.76531E+15,5.01016E+16
148312,6,4,38,8,2018,12,13,5,3,5,3,0,0,1,0,0,0,0,1,4.88476E+20,5.55239E+21,8.83879E+15,5.01237E+16
148313,6,4,36,3,2018,12,19,5,3,0,6,2,0,1,0,0,0,1,0,4.6903E+20,5.55342E+21,8.56668E+15,5.01322E+16
148314,6,4,38,6,2018,12,7,5,3,2,6,0,1,0,0,0,0,0,0,4.76842E+20,5.5368E+21,8.67699E+15,4.99831E+16
148315,6,4,12,0,2018,12,7,5,3,6,4,0,0,1,1,0,0,0,0,4.82047E+20,5.55338E+21,8.74881E+15,5.01323E+16
148316,6,4,12,0,2018,12,19,5,3,6,7,2,0,1,1,0,0,0,0,4.73131E+20,5.55052E+21,8.62426E+15,5.01064E+16
148317,6,4,34,2,2018,12,17,5,3,5,3,1,0,1,0,0,0,0,1,4.74683E+20,5.5664E+21,8.64491E+15,5.02492E+16
148318,6,4,12,0,2018,12,18,5,3,5,3,2,0,1,0,0,0,0,0,4.76402E+20,5.55241E+21,8.66988E+15,5.01235E+16
148319,6,4,36,4,2018,12,17,5,3,5,3,2,0,1,0,1,0,0,0,4.5958E+20,5.54393E+21,8.43546E+15,5.00463E+16
148320,6,4,11,0,2018,12,16,5,3,5,3,0,1,1,0,0,0,0,0,4.7284E+20,5.522E+21,8.6222E+15,4.98498E+16
148321,6,4,36,5,2018,12,12,5,3,5,3,0,0,1,0,0,0,0,1,4.63345E+20,5.5465E+21,8.48779E+15,5.00696E+16
148322,6,4,35,10,2018,12,15,5,2,0,3,0,0,1,0,1,0,0,1,5.11972E+20,5.56132E+21,9.16776E+15,5.02039E+16
148323,6,4,38,2,2018,12,13,5,3,1,5,0,1,1,0,0,0,0,0,4.78397E+20,5.53886E+21,8.69855E+15,5.00016E+16
148324,6,4,35,29,2018,12,7,5,3,5,3,1,0,1,0,0,0,1,1,5.21122E+20,5.56741E+21,9.29632E+15,5.02584E+16
148325,6,4,34,1,2018,12,17,5,2,2,2,2,0,1,0,0,0,0,0,4.73599E+20,5.56343E+21,8.6299E+15,5.02224E+16
148326,6,4,34,2,2018,12,9,5,3,5,3,0,0,1,0,0,0,1,0,4.75096E+20,5.56928E+21,8.6505E+15,5.02751E+16
148327,6,4,40,22,2018,12,16,5,3,0,2,0,1,1,0,0,0,0,1,4.81469E+20,5.58497E+21,8.73917E+15,5.04165E+16
148328,6,4,40,4,2018,12,7,5,3,6,2,2,0,1,1,0,0,0,1,5.08217E+20,5.5707E+21,9.11534E+15,5.02884E+16
148329,6,4,40,16,2018,12,6,5,3,6,2,2,0,0,1,0,0,1,0,5.00767E+20,5.58427E+21,9.0108E+15,5.04104E+16
148330,6,4,32,18,2018,12,7,5,3,6,4,2,0,1,1,0,0,0,1,4.70961E+20,5.51721E+21,8.59642E+15,4.98066E+16
148331,6,4,40,8,2018,12,13,5,3,6,3,0,0,1,1,0,0,0,0,4.82696E+20,5.57592E+21,8.75686E+15,5.03351E+16
148332,6,4,31,2,2018,12,13,5,2,5,3,0,0,1,0,1,0,0,0,4.71681E+20,5.50305E+21,8.60745E+15,4.96793E+16
148333,6,4,32,18,2018,12,7,5,3,5,3,1,1,0,0,0,0,1,1,4.71425E+20,5.51746E+21,8.60286E+15,4.98089E+16
148334,6,4,31,2,2018,12,19,5,3,6,2,2,0,1,1,0,0,0,1,4.70692E+20,5.50236E+21,8.5938E+15,4.96731E+16
148335,6,4,33,10,2018,12,16,5,3,5,3,1,1,1,0,0,0,0,0,4.62923E+20,5.5425E+21,8.48229E+15,5.00337E+16
148336,6,4,31,2,2018,12,12,5,3,5,3,0,1,1,0,0,0,0,0,4.72292E+20,5.50486E+21,8.61579E+15,4.96956E+16
148337,6,4,33,11,2018,12,13,5,2,1,5,0,1,1,0,0,0,0,0,4.6377E+20,5.52266E+21,8.49599E+15,4.98552E+16
148338,6,4,33,12,2018,12,6,5,2,5,3,2,0,1,0,1,0,0,1,4.56976E+20,5.53805E+21,8.39976E+15,4.99932E+16
148339,6,5,34,18,2018,12,5,5,3,0,2,2,1,1,0,0,0,0,1,5.00864E+20,5.6301E+21,9.01227E+15,5.08226E+16
148340,6,4,33,12,2018,12,7,5,2,0,1,1,1,0,0,0,0,0,1,4.58801E+20,5.53627E+21,8.4254E+15,4.99773E+16
148341,6,4,33,8,2018,12,16,5,3,5,3,1,1,1,0,0,0,0,1,4.68375E+20,5.53605E+21,8.55894E+15,4.9976E+16
148342,6,6,31,20,2018,12,7,5,3,5,3,1,0,1,0,0,0,0,0,5.49931E+20,5.60037E+21,9.70483E+15,5.05531E+16
148343,6,6,31,9,2018,12,12,5,3,0,7,0,0,0,0,1,0,0,1,5.49115E+20,5.60022E+21,9.69329E+15,5.05518E+16
148344,6,5,31,5,2018,12,8,5,2,6,4,1,0,1,1,0,0,0,2,4.79722E+20,5.60393E+21,8.71355E+15,5.05869E+16
148345,6,5,31,5,2018,12,7,4,3,2,6,0,0,1,0,0,0,0,1,4.78251E+20,5.60524E+21,8.69269E+15,5.05986E+16
148346,6,5,35,11,2018,12,11,4,3,5,3,0,0,1,0,0,0,0,0,5.27511E+20,5.61023E+21,9.38908E+15,5.06433E+16
148347,6,6,36,14,2018,12,6,4,3,2,6,2,0,1,0,0,0,0,0,5.68319E+20,5.66589E+21,9.97658E+15,5.11404E+16
148348,6,4,14,0,2018,12,8,4,3,6,4,0,0,1,1,0,0,0,0,4.45951E+20,5.5438E+21,8.24513E+15,5.0044E+16
148349,6,6,35,15,2018,12,8,4,3,2,6,0,0,1,0,0,0,0,1,4.91762E+20,5.67959E+21,8.88191E+15,5.12676E+16
148350,6,4,14,0,2018,12,14,4,3,5,3,0,0,1,0,0,0,0,0,4.44167E+20,5.54385E+21,8.22022E+15,5.00443E+16
148351,6,4,14,0,2018,12,13,4,3,6,4,0,0,1,1,0,0,0,0,4.45726E+20,5.54771E+21,8.24144E+15,5.00792E+16
148352,6,4,13,0,2018,12,7,4,3,6,4,1,0,1,1,0,0,0,1,4.85413E+20,5.54813E+21,8.79611E+15,5.00852E+16
148353,6,4,12,0,2018,12,12,4,3,9,1,0,0,0,0,1,0,0,0,4.75013E+20,5.5508E+21,8.65055E+15,5.01089E+16
148354,6,4,12,0,2018,12,18,4,2,6,4,2,0,0,1,1,0,0,0,4.69139E+20,5.55008E+21,8.56847E+15,5.01021E+16
148355,6,4,12,0,2018,12,23,4,3,4,6,2,0,1,0,0,0,0,1,4.68114E+20,5.54787E+21,8.55432E+15,5.00823E+16
148356,6,4,12,0,2018,12,7,4,2,5,2,1,1,1,0,0,0,0,0,4.80305E+20,5.54948E+21,8.72464E+15,5.00973E+16
148357,6,4,12,0,2018,12,10,4,3,5,3,0,1,1,0,0,0,0,0,4.7519E+20,5.55632E+21,8.65267E+15,5.01586E+16
148358,6,4,12,0,2018,12,12,4,3,6,6,0,1,0,1,0,0,0,0,4.76446E+20,5.5522E+21,8.6705E+15,5.01216E+16
148359,6,4,12,0,2018,12,14,4,3,5,3,0,1,1,0,0,0,0,0,4.75894E+20,5.55108E+21,8.66285E+15,5.01114E+16
148360,6,4,12,0,2018,12,14,4,2,0,1,0,1,0,0,0,0,0,0,4.75633E+20,5.55685E+21,8.65884E+15,5.01634E+16
148361,6,6,35,3,2018,12,13,4,3,6,4,0,0,1,0,0,0,1,0,5.08367E+20,5.66298E+21,9.11954E+15,5.11182E+16
148362,6,4,12,0,2018,12,7,4,3,5,1,1,1,0,0,0,0,0,0,4.78312E+20,5.55336E+21,8.69655E+15,5.01321E+16
148363,6,6,34,5,2018,12,18,4,3,5,3,2,0,1,0,0,0,0,1,5.19941E+20,5.66545E+21,9.28504E+15,5.11402E+16
148364,6,4,12,0,2018,12,18,4,3,5,3,2,0,1,0,1,0,0,0,4.80555E+20,5.55158E+21,8.72802E+15,5.01162E+16
148365,6,4,38,11,2018,12,17,4,3,6,4,2,0,1,1,0,0,0,0,4.91646E+20,5.54417E+21,8.88331E+15,5.00497E+16
148366,6,4,40,3,2018,12,15,4,3,6,7,0,0,1,1,0,0,0,0,4.81117E+20,5.5585E+21,8.73554E+15,5.01784E+16
148367,6,4,12,0,2018,12,11,4,2,6,3,0,0,1,0,0,0,1,0,4.73945E+20,5.55037E+21,8.63565E+15,5.0105E+16
148368,6,4,40,3,2018,12,7,4,3,2,6,0,0,1,0,0,0,0,0,4.81634E+20,5.55997E+21,8.74271E+15,5.01916E+16
148369,6,4,12,0,2018,12,6,4,3,6,4,2,0,1,1,0,0,0,1,4.76329E+20,5.55195E+21,8.66889E+15,5.01193E+16
148370,6,4,40,1,2018,12,19,4,3,0,2,2,1,1,0,0,0,0,0,4.96139E+20,5.57067E+21,8.9458E+15,5.02881E+16
148371,6,4,12,0,2018,12,21,4,3,5,3,2,1,1,0,0,0,0,0,4.76784E+20,5.55095E+21,8.67531E+15,5.01104E+16
148372,6,4,32,23,2018,12,17,4,3,2,6,2,0,1,0,0,0,0,0,4.72293E+20,5.52709E+21,8.61423E+15,4.98955E+16
148373,6,4,38,12,2018,12,17,4,3,0,7,2,1,0,0,0,0,0,0,4.8755E+20,5.53604E+21,8.82636E+15,4.99765E+16
148374,6,4,11,0,2018,12,15,4,3,2,6,0,0,1,0,0,0,0,0,4.74448E+20,5.52334E+21,8.64448E+15,4.98619E+16
148375,6,4,32,4,2018,12,11,4,3,3,6,0,1,1,0,0,0,0,0,4.88974E+20,5.52745E+21,8.84648E+15,4.98993E+16
148376,6,4,11,0,2018,12,18,4,3,6,4,2,1,0,1,0,0,0,0,4.75718E+20,5.52489E+21,8.66205E+15,4.98759E+16
148377,6,4,31,5,2018,12,13,4,2,5,3,0,1,1,0,0,0,0,0,4.6064E+20,5.49913E+21,8.45481E+15,4.96434E+16
148378,6,4,31,5,2018,12,7,4,3,5,3,2,1,1,0,0,0,0,0,4.61396E+20,5.49867E+21,8.46532E+15,4.96393E+16
148379,6,6,32,1,2018,12,12,4,3,0,6,0,0,1,0,0,0,1,1,5.47019E+20,5.65573E+21,9.67083E+15,5.10512E+16
148380,6,4,33,12,2018,12,7,4,3,5,3,2,1,1,0,0,0,0,0,4.59695E+20,5.53639E+21,8.43786E+15,4.99785E+16
148381,6,4,38,6,2018,12,13,4,3,5,3,0,0,1,0,0,0,0,0,4.75839E+20,5.53792E+21,8.66292E+15,4.99932E+16
148382,6,4,34,11,2018,12,17,4,3,5,3,2,1,1,0,0,0,0,0,4.6688E+20,5.57589E+21,8.53463E+15,5.03341E+16
148383,6,6,31,9,2018,12,16,4,3,2,6,2,0,1,0,0,0,0,0,5.50872E+20,5.6003E+21,9.7181E+15,5.05524E+16
148384,6,6,31,9,2018,12,19,4,2,6,3,2,0,1,1,0,0,0,0,5.48572E+20,5.59764E+21,9.68529E+15,5.05287E+16
148385,6,4,36,6,2018,12,14,4,3,5,3,0,1,1,0,0,0,0,0,4.54507E+20,5.54054E+21,8.36502E+15,5.00155E+16
148386,6,4,36,9,2018,12,19,4,3,1,5,2,0,1,0,0,0,0,1,4.6147E+20,5.54801E+21,8.46144E+15,5.00831E+16
148387,6,5,31,5,2018,12,16,4,3,5,3,0,1,1,0,0,0,0,0,4.76272E+20,5.60217E+21,8.66493E+15,5.05709E+16
148388,6,5,32,9,2018,12,6,4,3,5,3,1,0,1,0,0,0,1,1,4.53698E+20,5.62881E+21,8.34283E+15,5.08092E+16
148389,6,4,12,0,2018,12,8,4,2,2,1,0,0,1,0,1,0,0,1,4.71059E+20,5.55365E+21,8.59505E+15,5.01344E+16
148390,6,4,40,7,2018,12,18,4,3,0,7,2,0,1,1,0,0,0,0,4.93814E+20,5.57342E+21,8.91312E+15,5.03128E+16
148391,6,5,31,5,2018,12,7,3,3,6,4,0,0,1,1,0,0,0,0,4.77265E+20,5.60446E+21,8.67881E+15,5.05916E+16
148392,6,4,12,0,2018,12,15,3,3,5,3,0,1,1,0,0,0,0,0,4.75844E+20,5.5541E+21,8.66197E+15,5.01386E+16
148393,6,4,33,12,2018,12,14,4,3,5,3,0,1,0,0,0,0,1,0,4.57956E+20,5.53773E+21,8.41346E+15,4.99904E+16
148394,6,4,33,6,2018,12,13,4,3,4,6,0,1,0,0,0,0,0,0,4.63349E+20,5.53027E+21,8.4894E+15,4.99237E+16
148395,6,4,12,0,2018,12,18,3,3,0,7,2,1,0,0,0,0,0,0,4.77112E+20,5.54962E+21,8.67998E+15,5.00984E+16
148396,6,6,33,26,2018,12,7,3,3,3,2,1,0,1,0,0,0,1,1,5.32669E+20,5.69013E+21,9.46923E+15,5.13615E+16
148397,6,4,12,0,2018,12,15,3,3,5,3,0,1,1,0,0,0,0,0,4.83362E+20,5.55212E+21,8.76726E+15,5.01211E+16
148398,6,4,14,0,2018,12,11,3,3,5,3,0,0,1,0,0,0,0,1,4.46354E+20,5.54422E+21,8.25071E+15,5.00479E+16
148399,6,4,12,0,2018,12,7,3,3,3,6,1,0,1,0,1,0,0,0,4.7698E+20,5.55196E+21,8.678E+15,5.01194E+16
148400,6,4,11,0,2018,12,10,3,3,5,2,0,0,1,0,0,0,0,1,4.74173E+20,5.5234E+21,8.64066E+15,4.98625E+16
148401,6,4,14,0,2018,12,6,3,3,5,2,2,0,1,0,0,0,0,1,4.4203E+20,5.54395E+21,8.19036E+15,5.00451E+16
148402,6,4,11,0,2018,12,7,3,3,5,3,1,1,1,0,0,0,0,1,4.75845E+20,5.52548E+21,8.66378E+15,4.98813E+16
148403,6,6,11,0,2018,12,18,3,3,1,5,2,1,1,0,0,0,0,0,5.30924E+20,5.68043E+21,9.44332E+15,5.12744E+16
148404,6,4,14,0,2018,12,9,3,3,5,2,0,0,1,0,0,0,0,0,4.46685E+20,5.54687E+21,8.25497E+15,5.00717E+16
148405,6,4,38,10,2018,12,13,3,3,2,6,0,0,1,0,0,0,0,0,4.8985E+20,5.54696E+21,8.85816E+15,5.00748E+16
148406,6,4,13,0,2018,12,13,3,2,6,2,0,0,1,1,0,0,0,0,4.82283E+20,5.55044E+21,8.75224E+15,5.0106E+16