OBJECTID_1,ULAND,UREGBEZ,UKREIS,UGEMEINDE,UJAHR,UMONAT,USTUNDE,UWOCHENTAG,UKATEGORIE,UART,UTYP1,ULICHTVERH,IstRad,IstPKW,IstFuss,IstKrad,IstGkfz,IstSonstig,STRZUSTAND,LINREFX,LINREFY,XGCSWGS84,YGCSWGS84
148407,6,5,32,12,2018,12,14,3,3,5,3,0,0,1,0,0,0,0,1,4.50934E+20,5.61513E+21,8.30543E+15,5.06859E+16
148408,6,4,12,0,2018,12,22,3,3,8,1,2,1,1,0,0,0,0,0,4.67773E+20,5.55019E+21,8.54936E+15,5.01031E+16
148409,6,4,38,12,2018,12,8,3,3,5,3,0,0,1,0,0,0,0,0,4.85906E+20,5.53739E+21,8.80339E+15,4.99886E+16
148410,6,4,12,0,2018,12,19,3,3,6,4,2,0,1,1,0,0,0,0,4.727E+20,5.55019E+21,8.61826E+15,5.01034E+16
148411,6,4,32,4,2018,12,14,3,2,5,3,0,0,1,0,1,0,0,0,4.88299E+20,5.52775E+21,8.83707E+15,4.99021E+16
148412,6,4,11,0,2018,12,11,3,3,2,6,0,0,1,0,0,0,0,1,4.74477E+20,5.52014E+21,8.64509E+15,4.98332E+16
148413,6,6,33,3,2018,12,8,3,3,5,2,1,1,1,0,0,0,0,1,5.2901E+20,5.67835E+21,9.41571E+15,5.12558E+16
148414,6,4,33,9,2018,12,18,3,3,2,6,2,0,1,0,0,0,0,0,4.61086E+20,5.53137E+21,8.45776E+15,4.99334E+16
148415,6,4,39,8,2018,12,14,3,2,0,1,0,1,0,0,0,0,0,1,4.47507E+20,5.56432E+21,8.26405E+15,5.02287E+16
148416,6,4,38,9,2018,12,7,3,2,6,2,2,0,1,1,0,0,0,1,4.75042E+20,5.54462E+21,8.65136E+15,5.00533E+16
148417,6,4,35,14,2018,12,9,3,3,6,4,0,0,1,1,0,0,0,0,4.97789E+20,5.55053E+21,8.96908E+15,5.0107E+16
148418,6,4,38,11,2018,12,17,3,3,2,6,1,0,1,0,0,0,0,0,4.91404E+20,5.54326E+21,8.87995E+15,5.00416E+16
148419,6,4,34,6,2018,12,18,3,3,1,5,2,0,1,0,0,0,0,1,4.65728E+20,5.55993E+21,8.51989E+15,5.01905E+16
148420,6,5,33,15,2018,12,16,3,3,2,6,2,0,1,0,0,0,0,0,4.42364E+20,5.5828E+21,8.18912E+15,5.03944E+16
148421,6,4,36,6,2018,12,13,3,3,5,3,0,0,1,0,0,0,0,0,4.54327E+20,5.54044E+21,8.36251E+15,5.00145E+16
148422,6,6,32,2,2018,12,13,2,3,6,7,0,0,1,1,0,0,0,0,5.50087E+20,5.6354E+21,9.71179E+15,5.08681E+16
148423,6,4,38,1,2018,12,16,3,3,6,7,1,0,1,1,0,0,0,0,4.84559E+20,5.5408E+21,8.78445E+15,5.00193E+16
148424,6,6,11,0,2018,12,11,2,3,2,6,0,0,1,0,0,0,0,1,5.33155E+20,5.68585E+21,9.4758E+15,5.1323E+16
148425,6,4,32,3,2018,12,16,3,3,5,3,1,1,1,0,0,0,0,0,4.71931E+20,5.51111E+21,8.61035E+15,4.97518E+16
148426,6,6,11,0,2018,12,17,2,3,6,4,2,0,1,1,0,0,0,1,5.3486E+20,5.68677E+21,9.50037E+15,5.13312E+16
148427,6,6,11,0,2018,12,18,2,3,0,5,2,1,1,0,0,0,0,1,5.35198E+20,5.68591E+21,9.50513E+15,5.13234E+16
148428,6,4,31,20,2018,12,16,3,3,5,3,1,0,1,0,1,0,0,1,4.69908E+20,5.48798E+21,8.58404E+15,4.95436E+16
148429,6,4,13,0,2018,12,16,2,3,5,3,1,1,1,0,0,0,0,1,4.83828E+20,5.55001E+21,8.77386E+15,5.01022E+16
148430,6,4,33,12,2018,12,19,3,3,2,6,2,0,1,0,0,0,0,0,4.58586E+20,5.53757E+21,8.42226E+15,4.9989E+16
148431,6,4,33,12,2018,12,12,3,3,3,2,0,1,1,0,0,0,0,0,4.56583E+20,5.53533E+21,8.39457E+15,4.99687E+16
148432,6,4,13,0,2018,12,2,2,3,5,2,2,0,0,0,1,0,1,1,4.83931E+20,5.55005E+21,8.77531E+15,5.01025E+16
148433,6,4,33,12,2018,12,8,3,3,5,3,0,1,1,0,0,0,0,0,4.58773E+20,5.53839E+21,8.42479E+15,4.99964E+16
148434,6,4,12,0,2018,12,19,2,2,5,3,2,0,1,0,0,0,0,1,4.71334E+20,5.5493E+21,8.59921E+15,5.00953E+16
148435,6,5,31,11,2018,12,5,3,2,9,1,2,0,1,0,0,0,0,2,4.89827E+20,5.59304E+21,8.8566E+15,5.04893E+16
148436,6,4,12,0,2018,12,7,2,3,3,6,0,1,1,0,0,0,0,1,4.73603E+20,5.55834E+21,8.63032E+15,5.01767E+16
148437,6,4,12,0,2018,12,18,2,3,0,7,2,1,0,1,0,0,0,1,4.75651E+20,5.55185E+21,8.65941E+15,5.01184E+16
148438,6,5,31,14,2018,12,7,3,3,4,1,1,0,1,0,0,0,1,2,4.82179E+20,5.59746E+21,8.74857E+15,5.05288E+16
148439,6,4,12,0,2018,12,8,2,3,2,6,0,0,1,0,0,1,0,1,4.76305E+20,5.55128E+21,8.6686E+15,5.01133E+16
148440,6,5,33,9,2018,12,7,2,3,5,3,1,0,1,0,0,0,0,1,4.33396E+20,5.58338E+21,8.06287E+15,5.03987E+16
148441,6,4,12,0,2018,12,15,2,3,5,3,0,0,1,0,1,0,0,1,4.7266E+20,5.55318E+21,8.61747E+15,5.01303E+16
148442,6,4,12,0,2018,12,2,2,3,6,7,2,0,1,1,0,0,0,1,4.72369E+20,5.55364E+21,8.61338E+15,5.01344E+16
148443,6,4,14,0,2018,12,18,2,3,5,2,2,0,1,0,0,0,0,1,4.45983E+20,5.54773E+21,8.24503E+15,5.00794E+16
148444,6,4,11,0,2018,12,18,2,3,2,6,2,0,1,0,0,0,1,1,4.74664E+20,5.52817E+21,8.64717E+15,4.99054E+16
148445,6,4,12,0,2018,12,11,2,3,0,7,0,1,1,0,0,0,0,1,4.64197E+20,5.54925E+21,8.49945E+15,5.00945E+16
148446,6,4,12,0,2018,12,21,2,3,5,3,2,1,1,0,0,0,0,0,4.75379E+20,5.55065E+21,8.65568E+15,5.01076E+16
148447,6,4,11,0,2018,12,21,2,3,2,6,2,0,1,0,0,0,0,1,4.75663E+20,5.5267E+21,8.66117E+15,4.98922E+16
148448,6,4,11,0,2018,12,9,2,3,6,4,0,1,0,1,0,0,0,0,4.73929E+20,5.52457E+21,8.63717E+15,4.9873E+16
148449,6,4,11,0,2018,12,14,2,3,5,2,0,0,1,0,0,0,0,1,4.7397E+20,5.52524E+21,8.63769E+15,4.9879E+16
148450,6,4,11,0,2018,12,16,2,3,4,6,2,1,1,0,0,0,0,1,4.75222E+20,5.52591E+21,8.65509E+15,4.9885E+16
148451,6,4,11,0,2018,12,9,2,3,5,3,0,1,0,0,0,0,1,1,4.74892E+20,5.5249E+21,8.65055E+15,4.9876E+16
148452,6,6,33,3,2018,12,13,2,3,2,6,0,0,1,0,0,0,1,1,5.29039E+20,5.67785E+21,9.41609E+15,5.12513E+16
148453,6,6,35,11,2018,12,14,2,2,5,3,0,1,1,0,0,0,0,1,4.8601E+20,5.65617E+21,8.80038E+15,5.10569E+16
148454,6,4,39,4,2018,12,18,2,3,4,6,2,0,0,0,1,0,1,1,4.25596E+20,5.53753E+21,7.96211E+15,4.99854E+16
148455,6,4,35,25,2018,12,13,2,3,5,3,0,0,1,0,0,0,0,0,5.37791E+20,5.57791E+21,9.53121E+15,5.03521E+16
148456,6,4,38,9,2018,12,16,2,3,5,3,2,0,1,0,0,0,0,1,4.77317E+20,5.54334E+21,8.68322E+15,5.0042E+16
148457,6,4,38,2,2018,12,16,2,3,5,3,1,1,1,0,0,0,0,1,4.7874E+20,5.54227E+21,8.70316E+15,5.00323E+16
148458,6,4,38,6,2018,12,8,2,3,5,3,1,1,1,0,0,0,0,0,4.76597E+20,5.53763E+21,8.67351E+15,4.99906E+16
148459,6,4,38,11,2018,12,17,2,3,9,7,2,0,1,0,0,0,0,1,4.91391E+20,5.53854E+21,8.87987E+15,4.99991E+16
148460,6,4,35,19,2018,12,11,2,2,6,2,0,0,1,1,0,0,0,1,4.88325E+20,5.55432E+21,8.83662E+15,5.0141E+16
148461,6,4,34,1,2018,12,17,2,3,9,7,1,0,1,0,0,0,0,0,4.71933E+20,5.56287E+21,8.60659E+15,5.02173E+16
148462,6,5,33,10,2018,12,18,2,2,7,1,2,0,1,0,0,0,0,1,4.48045E+20,5.59589E+21,8.26722E+15,5.05126E+16
148463,6,4,34,1,2018,12,18,2,3,1,5,2,1,1,0,0,0,0,0,4.73786E+20,5.56321E+21,8.63254E+15,5.02205E+16
148464,6,4,31,13,2018,12,14,2,3,5,3,0,1,1,0,0,0,0,1,4.61377E+20,5.49399E+21,8.46553E+15,4.95972E+16
148465,6,4,34,1,2018,12,18,2,2,6,4,2,0,1,1,0,0,0,1,4.72853E+20,5.56402E+21,8.61941E+15,5.02278E+16
148466,6,4,32,19,2018,12,17,2,2,6,4,2,0,1,1,0,0,0,1,4.88046E+20,5.51989E+21,8.83378E+15,4.98313E+16
148467,6,4,31,20,2018,12,14,2,3,2,6,0,0,1,0,0,0,0,1,4.69022E+20,5.4862E+21,8.57194E+15,4.95277E+16
148468,6,4,33,12,2018,12,12,2,3,6,2,0,0,1,1,0,0,0,0,4.58275E+20,5.53791E+21,8.41789E+15,4.99921E+16
148469,6,4,31,20,2018,12,16,2,2,5,3,2,1,1,0,0,0,0,1,4.69844E+20,5.48758E+21,8.58319E+15,4.95401E+16
148470,6,4,33,10,2018,12,7,2,3,5,3,0,0,1,0,0,0,1,1,4.60634E+20,5.54029E+21,8.45056E+15,5.00136E+16
148471,6,4,33,12,2018,12,19,2,3,6,7,2,0,1,1,0,0,0,1,4.57115E+20,5.53671E+21,8.40184E+15,4.99811E+16
148472,6,4,33,12,2018,12,11,2,3,0,3,0,0,1,0,1,0,0,1,4.57897E+20,5.53734E+21,8.41267E+15,4.99869E+16
148473,6,4,33,9,2018,12,7,2,3,6,4,2,0,1,1,0,0,0,1,4.61041E+20,5.53333E+21,8.45694E+15,4.99511E+16
148474,6,5,34,14,2018,12,10,2,2,6,4,0,0,1,1,0,0,0,1,4.83623E+20,5.62521E+21,8.76771E+15,5.07785E+16
148475,6,4,33,8,2018,12,8,2,3,2,6,0,0,1,0,0,0,0,1,4.67696E+20,5.53578E+21,8.54949E+15,4.99735E+16
148476,6,6,31,9,2018,12,7,2,3,2,6,1,1,0,0,0,0,1,0,5.48851E+20,5.60047E+21,9.68959E+15,5.05541E+16
148477,6,5,33,6,2018,12,11,1,3,5,3,0,0,1,0,0,0,0,1,4.31242E+20,5.58431E+21,8.03239E+15,5.04068E+16
148478,6,4,35,14,2018,12,17,2,2,6,4,2,0,1,1,0,0,0,1,4.93917E+20,5.55334E+21,8.91489E+15,5.01323E+16
148479,6,4,13,0,2018,12,6,1,3,8,1,2,0,1,0,0,0,0,1,4.81662E+20,5.55059E+21,8.74355E+15,5.01073E+16
148480,6,4,12,0,2018,12,13,1,2,5,3,0,0,1,0,0,0,0,1,4.7253E+20,5.553E+21,8.61567E+15,5.01286E+16
148481,6,4,37,1,2018,12,12,1,3,5,3,0,1,1,0,0,0,0,0,5.00387E+20,5.50982E+21,9.00537E+15,4.97409E+16
148482,6,4,35,17,2018,12,16,2,3,3,6,2,0,1,0,0,1,0,1,5.02335E+20,5.5577E+21,9.03269E+15,5.01715E+16
148483,6,4,38,3,2018,12,0,1,3,0,7,2,0,1,0,0,0,0,1,4.76424E+20,5.53443E+21,8.6713E+15,4.99618E+16
148484,6,5,31,13,2018,12,18,1,3,2,7,2,0,1,0,0,0,0,1,4.79315E+20,5.61255E+21,8.70731E+15,5.06644E+16
148485,6,4,33,8,2018,12,22,1,3,5,3,2,0,1,0,0,0,0,1,4.68239E+20,5.53611E+21,8.55705E+15,4.99765E+16
148486,6,4,14,0,2018,12,21,1,2,6,2,2,0,1,1,0,0,0,1,4.45752E+20,5.54574E+21,8.24209E+15,5.00615E+16
148487,6,4,14,0,2018,12,20,1,2,5,3,2,0,1,0,0,0,0,1,4.44421E+20,5.54728E+21,8.22327E+15,5.00752E+16
148488,6,4,33,13,2018,12,18,1,3,5,7,2,0,1,0,0,0,0,1,4.61597E+20,5.51697E+21,8.46631E+15,4.98039E+16
148489,6,4,13,0,2018,12,21,1,3,3,6,2,0,1,0,0,0,0,1,4.81732E+20,5.55041E+21,8.74455E+15,5.01056E+16
148490,6,5,31,5,2018,12,18,7,3,6,3,2,0,1,1,0,0,0,1,4.78472E+20,5.60547E+21,8.69581E+15,5.06007E+16
148491,6,6,36,1,2018,12,20,7,2,5,3,2,0,1,0,1,0,0,1,5.68373E+20,5.68035E+21,9.98011E+15,5.12704E+16
148492,6,4,12,0,2018,12,18,1,3,6,2,2,0,1,1,0,0,0,1,4.76161E+20,5.55149E+21,8.66656E+15,5.01152E+16
148493,6,6,11,0,2018,12,22,7,3,6,4,2,0,1,1,0,0,0,1,5.34148E+20,5.68524E+21,9.49001E+15,5.13175E+16
148494,6,4,12,0,2018,12,13,7,3,5,3,0,1,1,0,0,0,0,0,4.76021E+20,5.55142E+21,8.66462E+15,5.01145E+16
148495,6,4,12,0,2018,12,14,1,3,5,2,0,0,1,0,0,0,0,1,4.74181E+20,5.54777E+21,8.63912E+15,5.00816E+16
148496,6,4,12,0,2018,12,9,7,3,0,1,0,1,0,0,0,0,0,1,4.75689E+20,5.5516E+21,8.65996E+15,5.01162E+16
148497,6,4,11,0,2018,12,14,1,3,0,1,0,1,0,0,0,0,0,1,4.75151E+20,5.52456E+21,8.65419E+15,4.98729E+16
148498,6,4,12,0,2018,12,15,7,3,1,6,0,1,1,0,0,0,0,1,4.75311E+20,5.55468E+21,8.65447E+15,5.01439E+16
148499,6,4,34,1,2018,12,18,1,2,6,7,2,0,1,1,0,0,0,1,4.71867E+20,5.56396E+21,8.60559E+15,5.02272E+16
148500,6,5,32,12,2018,12,18,1,2,6,2,2,0,1,1,0,0,0,1,4.50838E+20,5.61448E+21,8.30415E+15,5.06801E+16
148501,6,6,34,22,2018,12,23,7,3,5,3,2,0,1,0,0,0,0,1,5.12771E+20,5.63988E+21,9.18165E+15,5.09104E+16
148502,6,5,32,12,2018,12,20,1,3,6,3,2,0,1,1,0,0,0,0,4.5077E+20,5.61604E+21,8.30299E+15,5.06941E+16
148503,6,4,38,9,2018,12,0,7,3,9,7,2,0,1,0,0,0,0,1,4.77724E+20,5.54409E+21,8.68886E+15,5.00487E+16
148504,6,4,31,6,2018,12,2,7,3,1,1,2,0,1,0,0,0,0,0,4.66847E+20,5.50234E+21,8.54052E+15,4.96726E+16
148505,6,4,38,1,2018,12,20,1,3,9,3,2,0,1,0,0,0,0,1,4.8528E+20,5.53896E+21,8.79459E+15,5.00028E+16
148506,6,4,33,12,2018,12,1,1,2,5,3,2,0,1,0,0,0,0,1,4.56605E+20,5.53535E+21,8.39489E+15,4.99689E+16
148507,6,5,32,12,2018,12,21,7,3,5,3,2,0,1,0,0,0,0,1,4.5022E+20,5.61449E+21,8.29541E+15,5.06801E+16
148508,6,4,35,17,2018,12,14,7,3,5,3,0,0,1,0,0,0,0,0,5.03649E+20,5.55849E+21,9.05111E+15,5.01786E+16
148509,6,4,32,10,2018,12,16,7,3,2,6,0,0,1,0,0,0,1,0,4.94214E+20,5.52421E+21,8.91948E+15,4.98703E+16
148510,6,4,14,0,2018,12,0,7,2,8,1,2,0,1,0,0,0,0,1,4.49095E+20,5.54181E+21,8.28931E+15,5.00264E+16
148511,6,4,40,2,2018,12,18,7,3,5,3,2,1,1,0,0,0,0,1,4.82548E+20,5.57901E+21,8.75464E+15,5.03629E+16
148512,6,4,14,0,2018,12,21,7,2,0,1,2,0,0,0,1,0,0,1,4.43347E+20,5.54794E+21,8.20816E+15,5.0081E+16
148513,6,4,13,0,2018,12,19,7,3,6,2,2,0,1,1,0,0,0,1,4.86284E+20,5.54845E+21,8.80827E+15,5.00881E+16
148514,6,4,31,20,2018,12,13,7,3,2,6,0,0,1,0,0,0,0,1,4.69016E+20,5.48617E+21,8.57185E+15,4.95274E+16
148515,6,4,13,0,2018,12,16,7,3,6,4,2,0,1,1,0,0,0,1,4.83243E+20,5.54983E+21,8.7657E+15,5.01005E+16
148516,6,4,31,2,2018,12,19,7,3,5,3,2,1,1,0,0,0,0,1,4.71428E+20,5.50344E+21,8.60393E+15,4.96828E+16
148517,6,4,33,2,2018,12,18,7,3,2,2,2,0,1,0,0,0,0,1,4.5413E+20,5.53812E+21,8.36004E+15,4.99936E+16
148518,6,4,11,0,2018,12,10,7,3,0,1,0,0,0,0,1,0,0,1,4.74456E+20,5.52307E+21,8.64461E+15,4.98595E+16
148519,6,4,38,9,2018,12,18,7,3,1,5,2,0,1,0,0,0,0,1,4.77085E+20,5.54459E+21,8.6799E+15,5.00531E+16
148520,6,4,35,14,2018,12,17,7,3,6,4,2,0,1,1,0,0,0,1,4.94638E+20,5.55344E+21,8.92498E+15,5.01332E+16
148521,6,4,38,2,2018,12,9,7,3,0,7,0,0,0,0,1,0,0,1,4.78487E+20,5.54134E+21,8.69967E+15,5.0024E+16
148522,6,4,33,5,2018,12,19,5,3,1,5,2,0,1,0,0,0,0,0,4.5299E+20,5.53536E+21,8.34447E+15,4.99687E+16
148523,6,5,34,14,2018,12,10,5,3,0,7,0,1,1,0,0,0,0,0,4.83628E+20,5.62826E+21,8.76765E+15,5.08058E+16
148524,6,5,33,3,2018,12,18,4,3,6,2,0,0,1,1,0,0,0,0,4.48053E+20,5.57227E+21,8.2706E+15,5.03002E+16
148525,6,4,12,0,2018,12,19,4,3,5,3,2,0,1,0,0,0,0,0,4.67714E+20,5.55004E+21,8.54854E+15,5.01017E+16
148526,6,4,12,0,2018,12,15,4,3,0,7,0,1,0,0,0,0,1,0,4.77777E+20,5.55144E+21,8.68918E+15,5.01148E+16
148527,6,4,12,0,2018,12,19,3,2,5,3,2,1,1,0,0,0,0,0,4.76784E+20,5.55068E+21,8.67533E+15,5.01079E+16
148528,6,4,38,9,2018,12,11,3,3,5,3,0,0,1,0,0,0,0,0,4.77943E+20,5.54442E+21,8.6919E+15,5.00516E+16
148529,6,4,40,16,2018,12,11,3,2,5,3,0,0,1,0,0,0,0,0,5.03848E+20,5.58917E+21,9.0542E+15,5.04545E+16
148530,6,4,33,8,2018,12,21,3,3,8,1,2,0,1,0,0,0,0,0,4.68875E+20,5.53529E+21,8.56597E+15,4.99692E+16
148531,6,6,34,1,2018,12,17,2,3,0,1,2,0,1,0,0,0,0,0,5.19205E+20,5.65508E+21,9.27397E+15,5.10469E+16
148532,6,6,32,2,2018,12,7,2,3,6,2,2,0,1,1,0,0,0,1,5.51285E+20,5.63493E+21,9.72875E+15,5.08638E+16
148533,6,6,11,0,2018,12,11,2,2,1,5,0,0,1,0,0,0,0,1,5.34925E+20,5.68517E+21,9.50115E+15,5.13167E+16
148534,6,4,14,0,2018,12,20,2,2,6,2,2,0,1,1,0,0,0,0,4.43909E+20,5.54746E+21,8.21609E+15,5.00768E+16
148535,6,4,13,0,2018,12,14,2,2,5,3,0,1,1,0,0,0,0,1,4.87607E+20,5.54784E+21,8.82678E+15,5.00827E+16
148536,6,4,12,0,2018,12,16,2,3,9,1,0,0,1,0,0,0,0,0,4.77588E+20,5.55911E+21,8.68607E+15,5.01838E+16
148537,6,6,11,0,2018,12,11,2,3,2,6,0,0,1,0,0,0,0,1,5.32127E+20,5.68629E+21,9.46109E+15,5.1327E+16
148538,6,6,11,0,2018,12,10,2,3,5,2,0,1,1,0,0,0,0,1,5.30843E+20,5.68011E+21,9.44213E+15,5.12715E+16
148539,6,4,38,13,2018,12,10,2,3,6,7,0,0,1,1,0,0,0,0,4.98076E+20,5.54357E+21,8.97313E+15,5.00444E+16
148540,6,4,35,14,2018,12,18,2,3,6,4,2,0,1,1,0,0,0,1,4.94779E+20,5.55163E+21,8.92697E+15,5.01169E+16
148541,6,5,31,12,2018,12,16,2,1,0,7,1,1,0,0,0,0,0,0,4.76964E+20,5.59764E+21,8.67498E+15,5.05303E+16
148542,6,4,12,0,2018,12,16,1,3,6,4,2,0,1,1,0,0,0,1,4.77991E+20,5.55262E+21,8.69209E+15,5.01254E+16
148543,6,4,11,0,2018,12,20,1,3,5,7,2,0,1,0,0,0,0,1,4.75133E+20,5.52643E+21,8.65381E+15,4.98897E+16
148544,6,6,35,2,2018,12,20,1,3,5,3,2,0,1,0,0,0,0,1,5.00452E+20,5.69222E+21,9.0065E+15,5.13812E+16
148545,6,4,36,6,2018,12,16,1,3,5,3,2,0,1,0,0,0,0,1,4.53498E+20,5.54046E+21,8.35093E+15,5.00147E+16
148546,8,1,17,26,2018,1,17,6,2,6,4,2,0,1,1,0,0,0,1,5.48528E+20,5.39484E+21,9.65958E+15,4.87047E+16
148547,6,4,32,16,2018,12,12,1,3,5,3,0,1,1,0,0,0,0,0,4.81819E+20,5.5197E+21,8.74721E+15,4.98295E+16
148548,8,1,16,47,2018,1,14,6,3,5,3,0,0,1,0,0,0,0,1,5.20439E+20,5.39192E+21,9.27767E+15,4.868E+16
148549,8,1,15,28,2018,1,17,6,3,5,3,2,0,1,0,0,0,0,1,5.00267E+20,5.40496E+21,9.00363E+15,4.87976E+16
148550,6,4,40,24,2018,12,19,1,3,5,3,2,0,1,0,0,0,0,1,4.86355E+20,5.58245E+21,8.80804E+15,5.0394E+16
148551,8,1,15,28,2018,1,16,6,2,6,4,1,0,1,1,0,0,0,1,5.00698E+20,5.40488E+21,9.0095E+15,4.87969E+16
148552,6,5,31,5,2018,12,15,7,3,5,3,0,0,1,0,1,0,0,1,4.78797E+20,5.60556E+21,8.70039E+15,5.06015E+16
148553,8,1,15,3,2018,1,15,6,3,5,3,0,1,1,0,0,0,0,1,5.00763E+20,5.39112E+21,9.01037E+15,4.86731E+16
148554,8,1,15,3,2018,1,16,6,3,6,4,1,0,1,1,0,0,0,1,5.00949E+20,5.39259E+21,9.01289E+15,4.86864E+16
148555,6,5,31,5,2018,12,10,7,2,5,3,0,1,0,0,1,0,0,1,4.77062E+20,5.60385E+21,8.67598E+15,5.05861E+16
148556,8,4,36,64,2018,1,9,5,3,3,2,0,1,1,0,0,0,0,1,5.45968E+20,5.29209E+21,9.61363E+15,4.77805E+16
148557,6,4,12,0,2018,12,19,7,3,6,6,2,0,0,1,0,0,1,1,4.74084E+20,5.54635E+21,8.63786E+15,5.00689E+16
148558,8,4,26,21,2018,1,9,5,2,4,2,0,1,1,0,0,0,0,1,5.57276E+20,5.32779E+21,9.76933E+15,4.81008E+16
148559,6,4,12,0,2018,12,17,7,3,0,7,2,0,1,0,0,0,1,0,4.75258E+20,5.54753E+21,8.65419E+15,5.00795E+16
148560,8,3,36,81,2018,1,17,5,3,3,6,2,1,1,0,0,0,0,1,4.11088E+20,5.27758E+21,7.81615E+15,4.76455E+16
148561,6,4,11,0,2018,12,20,7,3,5,3,2,1,1,0,0,0,0,0,4.75423E+20,5.52883E+21,8.65769E+15,4.99113E+16
148562,8,3,36,50,2018,1,7,5,3,7,1,2,1,0,0,0,0,0,1,3.98993E+20,5.27592E+21,7.65554E+15,4.76288E+16
148563,8,3,35,43,2018,1,10,5,3,5,3,0,1,0,0,0,1,0,1,5.10589E+20,5.28102E+21,9.1411E+15,4.76824E+16
148564,6,4,11,0,2018,12,14,7,3,5,3,0,0,1,0,0,0,0,0,4.74491E+20,5.52239E+21,8.64514E+15,4.98534E+16
148565,8,3,35,43,2018,1,19,5,3,5,3,2,0,0,0,1,0,1,1,5.13457E+20,5.27985E+21,9.17926E+15,4.76719E+16
148566,6,6,35,2,2018,12,8,7,3,1,5,1,0,1,0,0,0,0,1,5.0011E+20,5.69267E+21,9.00158E+15,5.13852E+16
148567,6,4,38,2,2018,12,19,7,3,1,5,2,0,1,0,0,0,0,0,4.77535E+20,5.54203E+21,8.68635E+15,5.00302E+16
148568,6,5,33,1,2018,12,18,7,2,4,6,2,0,1,0,1,0,0,1,4.38525E+20,5.59086E+21,8.1338E+15,5.04665E+16
148569,6,4,36,10,2018,12,15,7,3,5,3,0,0,1,0,0,0,0,1,4.63157E+20,5.55293E+21,8.48455E+15,5.01275E+16
148570,6,4,32,10,2018,12,20,7,3,5,3,2,1,1,0,0,0,0,0,4.94368E+20,5.52411E+21,8.92163E+15,4.98694E+16
148571,6,4,11,0,2018,12,8,7,3,6,7,1,0,1,1,0,0,0,0,4.74585E+20,5.51864E+21,8.6467E+15,4.98197E+16
148572,8,3,11,0,2018,1,10,5,3,5,3,0,0,1,0,0,0,0,1,4.11588E+20,5.32155E+21,7.81382E+15,4.80411E+16
148573,6,6,36,3,2018,12,13,6,3,5,3,0,0,1,0,0,0,0,1,5.73215E+20,5.67148E+21,1.00477E+16,5.11901E+16
148574,8,2,12,0,2018,1,17,5,2,0,5,2,1,0,0,0,0,1,1,4.55049E+20,5.42904E+21,8.38528E+15,4.90126E+16
148575,8,2,12,0,2018,1,17,5,3,6,4,2,0,1,1,0,0,0,1,4.54923E+20,5.42882E+21,8.38358E+15,4.90107E+16
148576,6,5,33,9,2018,12,11,6,3,6,4,0,0,1,1,0,0,0,0,4.32986E+20,5.58334E+21,8.05711E+15,5.03983E+16
148577,8,2,37,28,2018,1,19,5,3,2,6,2,0,1,0,0,0,0,1,4.56104E+20,5.36915E+21,8.40609E+15,4.8474E+16
148578,6,4,14,0,2018,12,12,6,3,5,3,0,0,1,0,0,0,0,1,4.49512E+20,5.54032E+21,8.29533E+15,5.00131E+16
148579,6,4,14,0,2018,12,16,6,3,6,4,2,0,1,1,0,0,0,0,4.42795E+20,5.54781E+21,8.20046E+15,5.00798E+16
148580,8,2,25,58,2018,1,16,5,3,6,4,1,0,1,1,0,0,0,1,5.09727E+20,5.46605E+21,9.13392E+15,4.93471E+16
148581,6,4,14,0,2018,12,10,6,3,6,2,0,0,0,1,0,1,0,1,4.4578E+20,5.54772E+21,8.2422E+15,5.00793E+16
148582,8,2,22,0,2018,1,0,5,2,8,7,2,1,0,0,0,0,0,1,4.61363E+20,5.48313E+21,8.4664E+15,4.94996E+16
148583,6,4,12,0,2018,12,17,6,3,5,2,2,0,1,0,0,0,1,1,4.71217E+20,5.54981E+21,8.59754E+15,5.00999E+16
148584,6,4,12,0,2018,12,23,6,3,6,4,2,0,1,1,0,0,0,1,4.76161E+20,5.55069E+21,8.66662E+15,5.0108E+16
148585,8,2,22,0,2018,1,12,5,3,5,3,0,0,1,0,0,0,0,1,4.60864E+20,5.48173E+21,8.45965E+15,4.9487E+16
148586,6,4,12,0,2018,12,11,6,3,6,7,0,1,0,1,0,0,0,1,4.76224E+20,5.5517E+21,8.66744E+15,5.0117E+16
148587,8,2,22,0,2018,1,15,5,2,5,3,0,0,1,0,0,0,0,1,4.63554E+20,5.48496E+21,8.49649E+15,4.95162E+16
148588,6,4,12,0,2018,12,9,6,3,1,1,0,1,1,0,0,0,0,1,4.76545E+20,5.55214E+21,8.6719E+15,5.0121E+16
148589,8,2,12,0,2018,1,8,5,3,5,3,0,1,1,0,0,0,0,0,4.54477E+20,5.42868E+21,8.3775E+15,4.90093E+16
148590,8,2,16,9,2018,1,20,5,2,5,3,2,0,1,0,1,0,0,1,4.46338E+20,5.41988E+21,8.26736E+15,4.89296E+16
148591,6,4,12,0,2018,12,12,6,3,5,2,0,1,1,0,0,0,0,1,4.77417E+20,5.55273E+21,8.68407E+15,5.01264E+16
148592,8,2,11,0,2018,1,16,5,3,6,2,2,0,1,1,0,0,0,1,4.41553E+20,5.40334E+21,8.2044E+15,4.87803E+16