OBJECTID_1,ULAND,UREGBEZ,UKREIS,UGEMEINDE,UJAHR,UMONAT,USTUNDE,UWOCHENTAG,UKATEGORIE,UART,UTYP1,ULICHTVERH,IstRad,IstPKW,IstFuss,IstKrad,IstGkfz,IstSonstig,STRZUSTAND,LINREFX,LINREFY,XGCSWGS84,YGCSWGS84
148967,8,1,11,0,2018,1,19,2,3,3,6,2,1,1,0,0,0,0,0,5.12241E+20,5.40108E+21,9.16656E+15,4.87626E+16
148968,8,4,36,49,2018,1,9,1,3,4,1,0,0,1,0,0,0,0,2,5.81042E+20,5.28088E+21,1.00797E+16,4.76763E+16
148969,8,3,36,8,2018,1,16,6,3,4,6,1,0,1,0,0,0,0,0,3.95194E+20,5.27734E+21,7.60464E+15,4.7641E+16
148970,8,4,26,74,2018,1,5,1,3,8,7,2,0,1,0,0,0,0,1,5.5509E+20,5.32597E+21,9.73972E+15,4.80846E+16
148971,8,3,11,0,2018,1,7,6,2,6,4,2,0,1,1,0,0,0,0,4.11971E+20,5.31594E+21,7.82012E+15,4.79907E+16
148972,8,3,35,75,2018,1,11,1,3,9,1,0,0,1,0,0,0,0,1,4.91563E+20,5.28941E+21,8.88742E+15,4.7758E+16
148973,8,3,11,0,2018,1,11,6,3,5,3,0,1,1,0,0,0,0,0,4.14197E+20,5.31815E+21,7.84951E+15,4.80109E+16
148974,8,3,35,43,2018,1,18,1,3,5,2,2,1,1,0,0,0,0,0,5.12739E+20,5.28473E+21,9.16985E+15,4.77158E+16
148975,8,3,17,41,2018,1,10,1,3,5,3,0,0,1,0,0,0,0,0,4.37682E+20,5.34802E+21,8.15999E+15,4.82823E+16
148976,8,3,11,0,2018,1,18,6,3,5,2,2,0,1,0,1,0,0,0,4.14616E+20,5.31776E+21,7.8552E+15,4.80075E+16
148977,8,3,17,73,2018,1,20,1,3,9,1,2,0,1,0,0,0,0,0,4.10036E+20,5.34778E+21,7.78746E+15,4.82768E+16
148978,8,3,11,0,2018,1,14,6,3,5,3,0,1,0,0,0,0,0,0,4.10164E+20,5.31546E+21,7.796E+15,4.79862E+16
148979,8,3,36,50,2018,1,12,6,3,5,3,0,0,1,0,0,0,0,0,3.99356E+20,5.27345E+21,7.66094E+15,4.76066E+16
148980,8,3,11,0,2018,1,8,1,3,5,3,1,1,1,0,0,0,0,0,4.14464E+20,5.31565E+21,7.85358E+15,4.79884E+16
148981,8,2,12,0,2018,1,7,6,3,4,7,1,1,1,0,0,0,0,0,4.63375E+20,5.42805E+21,8.49922E+15,4.90043E+16
148982,8,2,12,0,2018,1,15,1,3,1,5,0,0,1,0,0,0,0,0,4.54841E+20,5.42884E+21,8.38245E+15,4.90108E+16
148983,8,2,26,84,2018,1,7,6,3,5,3,1,1,0,0,0,0,1,0,4.69281E+20,5.46957E+21,8.5768E+15,4.93781E+16
148984,8,2,22,0,2018,1,13,6,3,3,5,0,1,1,0,0,0,0,0,4.6135E+20,5.48211E+21,8.46632E+15,4.94904E+16
148985,8,1,19,20,2018,1,1,1,3,8,1,2,0,1,0,0,0,0,0,5.19785E+20,5.40674E+21,9.2695E+15,4.88133E+16
148986,8,2,21,0,2018,1,18,6,3,0,1,1,1,0,0,0,0,0,0,4.77692E+20,5.4705E+21,8.69261E+15,4.93868E+16
148987,8,1,16,49,2018,1,12,1,3,2,6,0,0,1,0,0,0,1,0,5.25768E+20,5.38409E+21,9.34957E+15,4.86093E+16
148988,8,4,15,61,2018,1,15,7,2,5,7,0,0,1,0,1,0,0,0,5.15459E+20,5.36966E+21,9.20918E+15,4.84799E+16
148989,8,2,16,59,2018,1,20,6,3,3,6,2,1,1,0,0,0,0,0,4.53324E+20,5.3962E+21,8.36544E+15,4.87171E+16
148990,8,3,17,65,2018,1,9,7,3,5,1,0,0,1,0,0,0,0,1,4.1278E+20,5.35568E+21,7.82281E+15,4.83483E+16
148991,8,2,11,0,2018,1,19,6,3,0,3,2,1,1,0,0,0,0,0,4.4081E+20,5.4037E+21,8.19425E+15,4.87834E+16
148992,8,3,17,1,2018,1,23,7,2,5,3,2,1,1,0,0,0,0,0,4.29454E+20,5.38747E+21,8.04244E+15,4.86364E+16
148993,8,1,35,16,2018,1,11,6,3,2,6,0,0,1,0,0,0,0,0,5.92017E+20,5.38622E+21,1.02486E+16,4.86223E+16
148994,8,1,28,20,2018,1,0,6,3,5,3,2,1,1,0,0,0,0,0,5.74274E+20,5.48076E+21,1.00253E+16,4.94749E+16
148995,8,3,11,0,2018,1,14,7,3,5,2,0,1,1,0,0,0,0,0,4.11855E+20,5.31902E+21,7.81794E+15,4.80184E+16
148996,8,2,12,0,2018,1,20,7,3,9,7,2,0,1,0,0,0,0,1,4.53145E+20,5.42882E+21,8.35927E+15,4.90105E+16
148997,8,1,18,48,2018,1,23,6,3,0,7,2,0,0,0,1,0,0,0,5.15516E+20,5.41772E+21,9.21177E+15,4.89122E+16
148998,8,1,18,3,2018,1,10,6,3,5,3,0,0,1,0,0,0,0,0,5.10647E+20,5.41725E+21,9.14529E+15,4.89081E+16
148999,8,2,26,107,2018,1,11,7,3,5,3,0,0,1,0,0,0,0,1,4.75135E+20,5.48291E+21,8.6566E+15,4.94983E+16
149000,8,1,16,71,2018,1,15,6,3,5,3,0,1,1,0,0,0,0,0,5.28053E+20,5.39101E+21,9.38104E+15,4.86715E+16
149001,8,2,26,32,2018,1,12,7,3,0,1,0,0,0,0,1,0,0,1,4.67568E+20,5.46238E+21,8.55378E+15,4.93133E+16
149002,8,2,15,108,2018,1,12,7,3,4,3,0,1,1,0,0,0,0,1,4.4811E+20,5.42299E+21,8.29116E+15,4.89576E+16
149003,8,1,25,26,2018,1,19,7,3,1,1,2,0,1,0,0,0,0,0,4.92721E+20,5.44259E+21,8.9002E+15,4.91361E+16
149004,8,1,15,41,2018,1,21,6,3,2,6,2,0,1,0,0,0,0,0,4.95257E+20,5.40168E+21,8.93545E+15,4.87681E+16
149005,8,1,16,19,2018,1,17,7,3,4,2,2,1,1,0,0,0,0,1,5.21582E+20,5.3981E+21,9.29351E+15,4.87355E+16
149006,8,1,11,0,2018,1,15,6,2,6,4,0,0,1,1,0,0,0,0,5.12322E+20,5.39945E+21,9.16762E+15,4.87479E+16
149007,8,4,35,30,2018,1,11,6,3,0,1,0,1,0,0,0,0,0,1,5.39896E+20,5.27288E+21,9.53083E+15,4.76081E+16
149008,8,1,11,0,2018,1,19,6,3,1,5,2,1,1,0,0,0,0,0,5.12751E+20,5.40204E+21,9.17353E+15,4.87712E+16
149009,8,1,11,0,2018,1,0,6,2,1,5,2,0,1,0,0,1,0,0,5.19096E+20,5.40166E+21,9.25987E+15,4.87677E+16
149010,8,4,21,0,2018,1,20,6,2,6,4,2,0,1,1,0,0,0,1,5.74452E+20,5.36198E+21,1.0006E+16,4.84066E+16
149011,8,1,11,0,2018,1,12,6,3,2,7,0,0,1,0,0,0,0,0,5.15258E+20,5.40377E+21,9.20772E+15,4.87867E+16
149012,8,4,16,41,2018,1,21,6,2,0,1,2,0,0,0,1,0,0,1,5.03909E+20,5.3738E+21,9.05293E+15,4.85173E+16
149013,8,4,15,61,2018,1,12,6,3,4,2,0,0,1,0,0,0,0,1,5.16069E+20,5.37413E+21,9.21762E+15,4.85201E+16
149014,8,1,11,0,2018,1,14,6,3,6,6,0,0,1,1,0,0,0,0,5.08614E+20,5.39918E+21,9.11718E+15,4.87456E+16
149015,8,4,15,50,2018,1,5,6,3,5,3,2,0,1,0,0,0,0,1,5.19887E+20,5.37755E+21,9.26948E+15,4.85507E+16
149016,8,3,35,75,2018,1,17,6,3,5,7,2,0,1,0,0,0,0,1,4.87921E+20,5.28955E+21,8.83882E+15,4.77592E+16
149017,8,1,11,0,2018,1,16,6,3,2,6,1,0,1,0,0,0,0,1,5.13273E+20,5.40142E+21,9.18062E+15,4.87656E+16
149018,8,3,25,49,2018,1,17,6,3,5,3,2,0,1,0,0,0,0,1,4.73361E+20,5.33247E+21,8.64189E+15,4.81449E+16
149019,8,4,36,64,2018,1,9,5,3,2,6,0,0,1,0,0,0,0,0,5.43639E+20,5.29183E+21,9.58252E+15,4.77783E+16
149020,8,3,17,96,2018,1,20,6,3,3,2,2,1,1,0,0,0,0,1,4.21246E+20,5.36783E+21,7.93477E+15,4.84586E+16
149021,8,4,35,16,2018,1,12,5,3,2,6,0,0,1,0,0,0,0,0,5.37663E+20,5.27777E+21,9.50154E+15,4.76522E+16
149022,8,4,21,0,2018,1,14,5,2,6,4,0,0,1,1,0,0,0,0,5.71539E+20,5.36126E+21,9.96653E+15,4.84004E+16
149023,8,3,17,57,2018,1,22,6,3,5,3,2,0,1,0,0,0,1,1,4.12278E+20,5.38084E+21,7.81075E+15,4.85745E+16
149024,8,4,21,0,2018,1,12,5,2,5,2,0,0,1,0,0,0,1,0,5.72653E+20,5.36071E+21,9.98148E+15,4.83954E+16
149025,8,3,15,74,2018,1,13,6,3,0,3,0,0,1,0,0,0,1,0,3.97207E+20,5.29593E+21,7.62706E+15,4.78085E+16
149026,8,3,15,115,2018,1,19,6,2,5,3,2,1,1,0,0,0,0,1,4.07986E+20,5.32159E+21,7.76551E+15,4.80409E+16
149027,8,4,16,41,2018,1,7,5,3,3,6,0,0,1,0,0,0,0,0,5.04469E+20,5.37289E+21,9.0605E+15,4.85091E+16
149028,8,3,36,84,2018,1,11,5,3,7,1,0,0,1,0,0,0,0,0,4.05244E+20,5.27778E+21,7.73832E+15,4.76465E+16
149029,8,3,11,0,2018,1,20,6,2,6,2,2,0,1,1,0,0,0,1,4.12391E+20,5.3176E+21,7.8254E+15,4.80057E+16
149030,8,3,35,100,2018,1,10,5,3,5,2,0,1,0,0,0,0,0,0,4.88324E+20,5.28727E+21,8.84426E+15,4.77387E+16
149031,8,3,11,0,2018,1,15,6,3,5,3,0,1,1,0,0,0,0,1,4.14763E+20,5.31748E+21,7.85722E+15,4.80049E+16
149032,8,3,35,75,2018,1,14,5,3,5,3,0,0,1,0,0,0,0,0,4.88998E+20,5.28934E+21,8.8532E+15,4.77574E+16
149033,8,2,31,0,2018,1,16,6,3,6,2,1,0,1,1,0,0,0,1,4.77686E+20,5.41486E+21,8.69561E+15,4.88863E+16
149034,8,3,17,96,2018,1,8,5,3,5,3,1,1,1,0,0,0,0,1,4.22574E+20,5.36967E+21,7.95239E+15,4.84754E+16
149035,8,3,17,65,2018,1,7,5,3,5,3,0,0,1,0,1,0,0,1,4.16145E+20,5.35488E+21,7.86837E+15,4.83415E+16
149036,8,2,22,0,2018,1,14,6,3,0,7,0,1,1,0,0,0,0,1,4.62375E+20,5.47843E+21,8.48082E+15,4.94573E+16
149037,8,3,36,91,2018,1,15,5,3,0,4,0,0,0,1,0,0,1,0,3.96098E+20,5.27195E+21,7.61796E+15,4.75926E+16
149038,8,2,22,0,2018,1,9,6,3,0,1,0,0,0,0,1,0,0,1,4.67637E+20,5.47879E+21,8.5534E+15,4.94609E+16
149039,8,1,36,65,2018,1,19,6,3,6,4,2,0,1,1,0,0,0,1,5.58822E+20,5.40542E+21,9.801E+15,4.8799E+16
149040,8,2,12,0,2018,1,22,5,2,0,1,2,1,0,0,0,0,0,0,4.56499E+20,5.42869E+21,8.40515E+15,4.90095E+16
149041,8,2,12,0,2018,1,18,5,3,2,2,2,0,1,0,0,0,0,0,4.59292E+20,5.42826E+21,8.44337E+15,4.90059E+16
149042,8,1,17,26,2018,1,18,6,3,0,4,2,0,1,1,0,0,0,1,5.49064E+20,5.39373E+21,9.66674E+15,4.86947E+16
149043,8,4,17,2,2018,1,12,5,3,5,3,0,0,1,0,1,0,0,1,4.88799E+20,5.34594E+21,8.84907E+15,4.82666E+16
149044,8,4,16,41,2018,1,7,5,3,6,4,2,0,1,1,0,0,0,1,5.03624E+20,5.37414E+21,9.04907E+15,4.85204E+16
149045,8,4,15,93,2018,1,15,5,3,6,7,0,0,0,1,0,0,1,2,5.28191E+20,5.36412E+21,9.3811E+15,4.84296E+16
149046,8,3,35,75,2018,1,5,5,3,5,3,2,0,1,0,0,0,0,1,4.89064E+20,5.28837E+21,8.8541E+15,4.77486E+16
149047,8,4,36,64,2018,1,7,5,3,1,5,2,1,1,0,0,0,0,1,5.45752E+20,5.29272E+21,9.61082E+15,4.77862E+16
149048,8,3,35,63,2018,1,18,5,2,6,2,2,0,1,1,0,0,0,1,4.95112E+20,5.28882E+21,8.93479E+15,4.77527E+16
149049,8,3,27,50,2018,1,17,5,3,2,6,1,0,1,0,0,0,0,1,4.87475E+20,5.31337E+21,8.83219E+15,4.79736E+16
149050,8,3,26,52,2018,1,17,5,3,6,4,2,0,1,1,0,0,0,1,4.50414E+20,5.33054E+21,8.33364E+15,4.81262E+16
149051,8,3,26,74,2018,1,20,5,3,3,6,2,1,0,0,0,1,0,1,4.67072E+20,5.32327E+21,8.55805E+15,4.80619E+16
149052,8,3,11,0,2018,1,8,5,3,6,4,0,1,0,1,0,0,0,1,4.13175E+20,5.31541E+21,7.83637E+15,4.79861E+16
149053,8,3,11,0,2018,1,14,5,3,1,6,0,0,1,0,0,0,0,0,4.10396E+20,5.31644E+21,7.79891E+15,4.79949E+16
149054,8,3,11,0,2018,1,7,5,3,5,3,1,1,1,0,0,0,0,1,4.12566E+20,5.3175E+21,7.82777E+15,4.80049E+16
149055,8,3,11,0,2018,1,17,5,3,5,3,0,1,1,0,0,0,0,0,4.04384E+20,5.31616E+21,7.71841E+15,4.79916E+16
149056,8,2,12,0,2018,1,14,5,1,6,3,0,0,0,1,0,0,1,1,4.57129E+20,5.42864E+21,8.41376E+15,4.90092E+16
149057,8,2,12,0,2018,1,13,5,3,1,5,0,1,1,0,0,0,0,1,4.56828E+20,5.42888E+21,8.40963E+15,4.90113E+16
149058,8,2,31,0,2018,1,17,5,3,5,3,2,0,1,0,0,0,0,0,4.78608E+20,5.41602E+21,8.70813E+15,4.88968E+16
149059,8,2,31,0,2018,1,19,5,3,6,4,2,0,1,1,0,0,0,1,4.78345E+20,5.41543E+21,8.70457E+15,4.88914E+16
149060,8,2,31,0,2018,1,12,5,3,1,6,0,0,1,0,0,1,0,1,4.78114E+20,5.41115E+21,8.70166E+15,4.8853E+16
149061,8,2,26,85,2018,1,13,5,3,1,6,0,0,1,0,0,0,0,1,4.91145E+20,5.45511E+21,8.87833E+15,4.92487E+16
149062,8,2,22,0,2018,1,13,5,3,5,7,0,0,1,0,0,0,1,0,4.62771E+20,5.48666E+21,8.48552E+15,4.95314E+16
149063,8,2,22,0,2018,1,12,5,2,5,5,0,1,1,0,0,0,0,1,4.6274E+20,5.48196E+21,8.48553E+15,4.94891E+16
149064,8,2,22,0,2018,1,9,5,2,5,3,0,1,1,0,0,0,0,1,4.6429E+20,5.48422E+21,8.50672E+15,4.95095E+16
149065,8,2,21,0,2018,1,9,5,3,1,7,0,0,1,0,0,0,0,0,4.77443E+20,5.46972E+21,8.68923E+15,4.93797E+16
149066,8,2,21,0,2018,1,7,5,2,2,6,1,1,0,0,0,0,0,1,4.77323E+20,5.47372E+21,8.68735E+15,4.94157E+16
149067,8,2,16,43,2018,1,8,5,2,4,1,0,0,1,0,0,0,0,1,4.42615E+20,5.41377E+21,8.2174E+15,4.88743E+16
149068,8,2,15,103,2018,1,7,5,3,5,3,2,1,1,0,0,0,0,1,4.66448E+20,5.44334E+21,8.53997E+15,4.9142E+16
149069,8,2,12,0,2018,1,7,5,3,5,2,2,1,1,0,0,0,0,1,4.54303E+20,5.43321E+21,8.37461E+15,4.905E+16
149070,8,2,15,108,2018,1,9,5,3,0,4,0,0,1,1,0,0,0,1,4.49987E+20,5.42488E+21,8.31657E+15,4.89748E+16
149071,8,2,12,0,2018,1,9,5,3,6,1,0,0,1,1,0,0,0,0,4.57516E+20,5.4287E+21,8.41905E+15,4.90098E+16
149072,8,1,36,28,2018,1,18,5,3,5,3,2,0,1,0,0,0,0,1,5.68034E+20,5.40525E+21,9.92639E+15,4.87965E+16
149073,8,3,16,10,2018,1,17,2,3,6,4,1,0,0,1,0,0,1,1,4.30909E+20,5.33587E+21,8.07069E+15,4.81723E+16
149074,8,1,36,88,2018,1,23,5,3,8,1,2,0,1,0,0,0,0,0,5.80456E+20,5.41013E+21,1.00965E+16,4.8839E+16
149075,8,3,16,11,2018,1,18,2,3,6,4,2,0,1,1,0,0,0,1,4.14531E+20,5.33046E+21,7.85152E+15,4.81216E+16
149076,8,1,36,88,2018,1,17,5,3,2,6,2,0,1,0,0,0,0,1,5.81225E+20,5.40939E+21,1.01068E+16,4.88322E+16
149077,8,3,16,11,2018,1,7,2,3,5,2,2,1,1,0,0,0,0,1,4.15699E+20,5.32912E+21,7.86748E+15,4.81098E+16
149078,8,3,11,0,2018,1,16,2,2,1,6,0,0,1,0,0,0,0,1,4.13037E+20,5.32028E+21,7.83352E+15,4.80299E+16
149079,8,3,11,0,2018,1,11,2,3,1,6,0,0,1,0,0,0,0,1,4.10616E+20,5.31779E+21,7.80158E+15,4.80072E+16
149080,8,3,11,0,2018,1,16,2,3,6,4,0,1,0,1,0,0,0,1,4.14203E+20,5.31511E+21,7.85019E+15,4.79836E+16
149081,8,3,36,91,2018,1,8,2,3,3,6,0,1,1,0,0,0,0,1,3.96638E+20,5.27217E+21,7.62509E+15,4.75947E+16
149082,8,2,12,0,2018,1,6,2,3,5,3,2,0,1,0,0,0,1,1,4.5739E+20,5.42864E+21,8.41733E+15,4.90092E+16
149083,8,2,12,0,2018,1,15,2,3,6,4,0,0,1,1,0,0,0,1,4.59614E+20,5.42804E+21,8.44779E+15,4.9004E+16
149084,8,2,12,0,2018,1,5,2,2,1,6,2,0,1,0,1,0,0,1,4.57861E+20,5.42856E+21,8.42378E+15,4.90085E+16
149085,8,2,26,96,2018,1,7,2,3,4,7,1,1,1,0,0,0,0,1,4.75109E+20,5.48917E+21,8.65585E+15,4.95546E+16
149086,8,1,28,7,2018,1,14,5,3,6,4,0,0,1,1,0,0,0,1,5.55769E+20,5.48244E+21,9.77009E+15,4.94921E+16
149087,8,2,22,0,2018,1,10,2,3,1,2,0,0,1,0,0,1,0,1,4.63783E+20,5.47885E+21,8.50022E+15,4.94612E+16
149088,8,1,27,14,2018,1,6,5,3,6,4,2,0,1,1,0,0,0,1,5.78419E+20,5.44315E+21,1.00751E+16,4.91362E+16
149089,8,2,22,0,2018,1,16,2,3,2,6,0,0,1,0,0,0,0,0,4.61012E+20,5.48247E+21,8.46162E+15,4.94936E+16
149090,8,2,22,0,2018,1,7,2,2,6,4,0,0,1,1,0,0,0,1,4.6386E+20,5.48583E+21,8.50064E+15,4.9524E+16
149091,8,1,27,76,2018,1,13,5,3,5,3,0,0,1,0,0,0,1,1,5.56521E+20,5.43974E+21,9.77443E+15,4.91079E+16
149092,8,2,22,0,2018,1,16,2,2,6,4,0,0,1,1,0,0,0,0,4.60307E+20,5.48746E+21,8.45138E+15,4.95385E+16
149093,8,1,25,74,2018,1,6,5,3,5,3,2,0,1,0,0,0,0,1,5.09309E+20,5.43905E+21,9.12754E+15,4.91042E+16
149094,8,2,15,7,2018,1,12,2,3,0,5,0,0,1,0,0,0,0,1,4.78268E+20,5.43194E+21,8.70265E+15,4.904E+16
149095,8,2,12,0,2018,1,15,2,3,1,3,0,1,1,0,0,0,0,1,4.55114E+20,5.43413E+21,8.3856E+15,4.90584E+16
149096,8,1,19,91,2018,1,18,5,3,5,3,2,0,1,0,1,0,0,1,5.28285E+20,5.40597E+21,9.38521E+15,4.88061E+16
149097,8,2,12,0,2018,1,18,2,3,5,3,1,0,1,0,0,0,0,1,4.61402E+20,5.43055E+21,8.47201E+15,4.90266E+16
149098,8,1,19,67,2018,1,10,5,3,2,6,0,0,1,0,0,0,0,0,5.39098E+20,5.40567E+21,9.53245E+15,4.88028E+16
149099,8,2,15,90,2018,1,16,2,3,0,5,0,1,1,0,0,0,0,1,4.65685E+20,5.43334E+21,8.53036E+15,4.90519E+16
149100,8,1,19,20,2018,1,7,5,3,5,2,2,1,0,0,0,0,1,1,5.19509E+20,5.40732E+21,9.26576E+15,4.88185E+16
149101,8,1,15,3,2018,1,18,5,2,5,3,2,0,1,0,1,0,0,1,5.0115E+20,5.39252E+21,9.01563E+15,4.86857E+16
149102,8,2,12,0,2018,1,15,2,3,6,1,0,1,0,1,0,0,0,1,4.5526E+20,5.43165E+21,8.38787E+15,4.90361E+16
149103,8,1,17,26,2018,1,17,5,2,6,4,2,0,1,1,0,0,0,1,5.47884E+20,5.39476E+21,9.65082E+15,4.87041E+16
149104,8,2,12,0,2018,1,17,2,3,6,2,2,0,1,1,0,0,0,0,4.51484E+20,5.4282E+21,8.33662E+15,4.90048E+16
149105,8,2,12,0,2018,1,17,2,3,0,7,2,1,0,0,0,0,0,1,4.57374E+20,5.42819E+21,8.41716E+15,4.90051E+16
149106,8,1,16,49,2018,1,19,5,3,5,3,2,0,1,0,0,0,0,1,5.25692E+20,5.38408E+21,9.34854E+15,4.86093E+16
149107,8,1,16,19,2018,1,12,5,2,5,3,0,0,1,0,0,0,0,1,5.23921E+20,5.3964E+21,9.32523E+15,4.87202E+16
149108,8,2,12,0,2018,1,9,2,3,6,4,0,0,1,1,0,0,0,1,4.61588E+20,5.42763E+21,8.47483E+15,4.90004E+16
149109,8,1,16,19,2018,1,19,5,3,5,3,2,0,1,0,0,0,0,1,5.23307E+20,5.39807E+21,9.31697E+15,4.87352E+16
149110,8,2,12,0,2018,1,17,2,3,6,7,1,0,1,1,0,0,0,0,4.54583E+20,5.43324E+21,8.37843E+15,4.90504E+16
149111,8,1,35,16,2018,1,7,2,3,5,3,1,0,1,0,0,0,0,2,5.91173E+20,5.3869E+21,1.02373E+16,4.86286E+16
149112,8,1,11,0,2018,1,18,5,3,6,2,2,0,1,1,0,0,0,1,5.09059E+20,5.40684E+21,9.1234E+15,4.88144E+16
149113,8,1,11,0,2018,1,19,5,3,6,4,2,0,1,1,0,0,0,1,5.15961E+20,5.40549E+21,9.21736E+15,4.88022E+16
149114,8,1,21,0,2018,1,9,2,2,5,3,0,1,0,0,0,1,0,1,5.16802E+20,5.44415E+21,9.23041E+15,4.915E+16
149115,8,1,11,0,2018,1,16,5,3,5,3,2,0,1,0,0,0,0,1,5.1407E+20,5.39996E+21,9.19142E+15,4.87525E+16
149116,8,1,19,68,2018,1,10,2,3,5,3,0,0,1,0,0,0,0,1,5.2589E+20,5.41301E+21,9.35304E+15,4.88695E+16
149117,8,4,36,82,2018,1,11,4,3,2,6,0,0,1,0,0,0,0,2,5.47183E+20,5.29571E+21,9.63024E+15,4.7813E+16
149118,8,1,19,20,2018,1,16,2,3,3,5,1,1,1,0,0,0,0,1,5.19181E+20,5.40725E+21,9.26129E+15,4.88179E+16
149119,8,4,26,45,2018,1,21,4,3,4,6,2,0,1,0,0,0,0,2,5.34907E+20,5.32744E+21,9.46885E+15,4.80992E+16
149120,8,4,26,128,2018,1,7,4,3,2,6,1,0,1,0,0,0,0,2,5.60071E+20,5.33114E+21,9.80734E+15,4.81307E+16
149121,8,1,19,8,2018,1,17,2,3,6,4,2,0,1,1,0,0,0,1,5.31265E+20,5.42154E+21,9.427E+15,4.8946E+16
149122,8,4,21,0,2018,1,7,4,3,5,3,2,0,1,0,0,1,0,1,5.72442E+20,5.36001E+21,9.97852E+15,4.83891E+16
149123,8,1,18,48,2018,1,10,2,3,5,2,0,1,1,0,0,0,0,1,5.14623E+20,5.41562E+21,9.1995E+15,4.88933E+16
149124,8,1,18,79,2018,1,6,2,3,2,6,2,0,1,0,0,0,0,1,5.1064E+20,5.42243E+21,9.14534E+15,4.89547E+16
149125,8,4,25,33,2018,1,10,4,3,5,2,0,0,1,0,0,0,0,1,5.54002E+20,5.34795E+21,9.72792E+15,4.82824E+16
149126,8,1,16,71,2018,1,7,2,3,1,5,1,1,0,0,0,1,0,1,5.27344E+20,5.39167E+21,9.37145E+15,4.86774E+16
149127,8,4,15,61,2018,1,19,4,2,6,4,2,0,1,1,0,0,0,1,5.15808E+20,5.37034E+21,9.21393E+15,4.8486E+16
149128,8,1,16,46,2018,1,9,2,3,5,3,0,0,1,0,0,0,1,1,5.27682E+20,5.37752E+21,9.3751E+15,4.85502E+16
149129,8,3,35,43,2018,1,13,4,3,0,1,0,1,0,0,0,0,0,2,5.12831E+20,5.28013E+21,9.17094E+15,4.76744E+16
149130,8,3,27,50,2018,1,19,4,3,5,3,2,0,1,0,0,0,0,2,4.86355E+20,5.31406E+21,8.81715E+15,4.79797E+16
149131,8,1,15,45,2018,1,17,2,3,6,4,2,0,1,1,0,0,0,1,4.97428E+20,5.3969E+21,8.96503E+15,4.87252E+16
149132,8,3,17,96,2018,1,17,4,3,2,6,2,0,1,0,0,1,0,1,4.20742E+20,5.36576E+21,7.92834E+15,4.844E+16
149133,8,1,15,3,2018,1,18,2,3,6,4,2,0,1,1,0,0,0,1,5.00205E+20,5.39153E+21,9.00279E+15,4.86768E+16
149134,8,3,17,141,2018,1,13,4,3,9,7,0,0,1,0,0,0,0,1,4.16637E+20,5.37282E+21,7.87145E+15,4.8503E+16
149135,8,3,11,0,2018,1,8,4,3,4,3,1,1,1,0,0,0,0,0,4.1507E+20,5.31771E+21,7.8613E+15,4.8007E+16
149136,8,1,11,0,2018,1,10,2,3,5,2,0,0,1,0,0,0,0,1,5.14939E+20,5.40724E+21,9.20351E+15,4.8818E+16
149137,8,3,11,0,2018,1,13,4,3,5,3,0,0,1,0,0,1,0,0,4.11752E+20,5.32113E+21,7.81611E+15,4.80374E+16
149138,8,1,11,0,2018,1,14,2,2,6,4,0,0,1,1,0,0,0,1,5.07423E+20,5.39693E+21,9.10093E+15,4.87253E+16
149139,8,1,11,0,2018,1,17,2,3,6,4,2,0,1,1,0,0,0,1,5.13053E+20,5.40348E+21,9.1777E+15,4.87842E+16
149140,8,3,36,50,2018,1,12,4,3,2,6,0,0,1,0,0,0,0,2,3.99992E+20,5.27457E+21,7.66914E+15,4.76168E+16
149141,8,1,11,0,2018,1,6,2,3,6,4,2,0,1,1,0,0,0,1,5.15552E+20,5.40649E+21,9.21182E+15,4.88112E+16
149142,8,2,12,0,2018,1,4,4,3,0,1,2,1,0,0,0,0,0,1,4.56115E+20,5.42872E+21,8.39989E+15,4.90098E+16
149143,8,4,26,78,2018,1,4,1,3,8,1,2,0,1,0,0,0,0,2,5.44478E+20,5.32648E+21,9.5973E+15,4.809E+16
149144,8,2,12,0,2018,1,16,4,1,6,3,0,0,0,1,0,0,1,1,4.55374E+20,5.43355E+21,8.38922E+15,4.90532E+16
149145,8,2,12,0,2018,1,6,4,3,6,2,2,0,0,1,0,0,1,1,4.55646E+20,5.42876E+21,8.39347E+15,4.90101E+16
149146,8,3,36,50,2018,1,18,1,3,6,4,2,0,1,1,0,0,0,1,3.99198E+20,5.273E+21,7.65894E+15,4.76025E+16
149147,8,2,35,46,2018,1,11,4,3,2,6,0,0,1,0,0,0,0,1,4.78937E+20,5.37735E+21,8.7146E+15,4.85489E+16
149148,8,3,17,100,2018,1,9,1,3,5,3,0,0,1,0,0,0,0,1,4.24041E+20,5.36748E+21,7.97262E+15,4.84559E+16
149149,8,2,31,0,2018,1,9,4,3,0,7,0,0,0,1,0,0,1,1,4.77779E+20,5.41534E+21,8.69686E+15,4.88906E+16
149150,8,3,11,0,2018,1,3,1,3,3,6,2,1,0,0,0,0,0,1,4.14012E+20,5.31681E+21,7.8473E+15,4.79988E+16
149151,8,3,11,0,2018,1,0,1,3,6,7,2,0,1,1,0,0,0,1,4.1229E+20,5.31445E+21,7.82469E+15,4.79774E+16
149152,8,2,22,0,2018,1,7,4,3,4,2,0,0,1,0,0,0,1,1,4.64721E+20,5.47666E+21,8.51335E+15,4.94416E+16
149153,8,2,12,0,2018,1,11,1,2,0,1,0,1,0,0,0,0,0,1,4.62649E+20,5.42758E+21,8.48934E+15,4.9E+16