OBJECTID_1,ULAND,UREGBEZ,UKREIS,UGEMEINDE,UJAHR,UMONAT,USTUNDE,UWOCHENTAG,UKATEGORIE,UART,UTYP1,ULICHTVERH,IstRad,IstPKW,IstFuss,IstKrad,IstGkfz,IstSonstig,STRZUSTAND,LINREFX,LINREFY,XGCSWGS84,YGCSWGS84
149341,8,2,12,0,2018,1,14,4,2,6,4,0,0,1,1,0,0,0,0,4.53208E+20,5.42889E+21,8.36012E+15,4.90112E+16
149342,8,2,12,0,2018,1,17,4,3,5,3,1,0,1,0,0,0,0,1,4.53384E+20,5.42904E+21,8.36251E+15,4.90125E+16
149343,8,2,31,0,2018,1,18,4,2,6,4,2,0,1,1,0,0,0,1,4.77389E+20,5.41469E+21,8.69158E+15,4.88847E+16
149344,8,2,26,98,2018,1,9,4,3,5,3,0,0,1,0,0,0,0,1,4.77728E+20,5.46018E+21,8.69369E+15,4.9294E+16
149345,8,2,26,102,2018,1,22,4,3,5,3,2,0,1,0,0,0,0,1,4.83751E+20,5.45303E+21,8.77682E+15,4.92298E+16
149346,8,2,26,84,2018,1,16,4,3,5,3,1,0,1,0,0,0,0,1,4.69287E+20,5.46997E+21,8.57684E+15,4.93817E+16
149347,8,2,22,0,2018,1,6,4,3,1,7,0,0,1,0,0,0,0,0,4.61638E+20,5.48097E+21,8.4704E+15,4.94801E+16
149348,8,2,22,0,2018,1,17,4,3,6,4,1,0,1,1,0,0,0,0,4.6121E+20,5.48328E+21,8.46427E+15,4.95009E+16
149349,8,2,22,0,2018,1,17,4,3,5,2,2,1,1,0,0,0,0,1,4.62214E+20,5.47876E+21,8.47856E+15,4.94603E+16
149350,8,1,17,12,2018,1,17,6,3,4,2,1,0,0,0,1,0,1,0,5.45069E+20,5.38821E+21,9.61185E+15,4.86453E+16
149351,8,2,21,0,2018,1,7,4,2,5,3,2,1,1,0,0,0,0,0,4.76563E+20,5.47338E+21,8.67689E+15,4.94126E+16
149352,8,1,15,3,2018,1,12,6,3,5,3,0,0,1,0,0,0,0,0,4.99875E+20,5.39249E+21,8.99831E+15,4.86854E+16
149353,8,2,15,89,2018,1,7,4,3,5,3,2,0,1,0,0,0,0,0,4.68872E+20,5.43114E+21,8.57414E+15,4.90324E+16
149354,8,2,12,0,2018,1,18,4,3,5,3,2,1,1,0,0,0,0,1,4.55511E+20,5.42863E+21,8.39164E+15,4.9009E+16
149355,8,1,11,0,2018,1,15,6,3,0,3,0,1,1,0,0,0,0,0,5.12456E+20,5.4015E+21,9.16951E+15,4.87664E+16
149356,8,3,17,1,2018,1,17,4,2,5,3,1,1,1,0,0,0,0,1,4.31836E+20,5.38646E+21,8.07494E+15,4.86275E+16
149357,8,4,36,11,2018,1,15,5,3,5,3,0,1,1,0,0,0,0,0,5.48843E+20,5.2977E+21,9.65264E+15,4.78308E+16
149358,8,1,26,66,2018,1,21,4,3,1,5,2,0,1,0,0,0,1,1,5.37185E+20,5.4504E+21,9.5105E+15,4.92052E+16
149359,8,1,25,65,2018,1,22,4,3,6,4,2,0,1,1,0,0,0,1,5.16504E+20,5.44999E+21,9.22656E+15,4.92025E+16
149360,8,4,21,0,2018,1,9,5,3,7,1,0,1,0,0,0,0,0,0,5.72038E+20,5.36005E+21,9.97306E+15,4.83895E+16
149361,8,1,21,0,2018,1,7,4,3,5,3,0,0,1,0,0,0,0,0,5.15719E+20,5.44525E+21,9.21561E+15,4.91598E+16
149362,8,3,26,74,2018,1,8,5,3,0,6,0,0,1,0,0,0,0,0,4.62044E+20,5.32363E+21,8.49053E+15,4.80648E+16
149363,8,1,19,20,2018,1,20,4,3,2,6,2,0,1,0,0,0,0,1,5.20103E+20,5.40698E+21,9.27383E+15,4.88155E+16
149364,8,3,26,75,2018,1,6,5,2,0,1,2,1,0,0,0,0,0,2,4.60585E+20,5.31867E+21,8.47141E+15,4.80201E+16
149365,8,3,26,12,2018,1,20,5,3,8,7,2,0,1,0,0,0,0,0,4.6222E+20,5.3104E+21,8.49406E+15,4.79458E+16
149366,8,1,18,48,2018,1,17,4,3,6,4,2,1,0,1,0,0,0,1,5.13182E+20,5.41728E+21,9.1799E+15,4.89083E+16
149367,8,3,25,49,2018,1,17,5,3,0,7,2,0,0,0,0,0,1,0,4.72687E+20,5.33435E+21,8.6327E+15,4.81618E+16
149368,8,1,18,3,2018,1,16,4,3,5,3,0,0,1,0,0,0,1,0,5.10851E+20,5.41608E+21,9.14806E+15,4.88976E+16
149369,8,1,17,26,2018,1,13,4,3,6,4,0,0,1,1,0,0,0,1,5.45116E+20,5.39091E+21,9.61278E+15,4.86696E+16
149370,8,3,27,50,2018,1,12,5,2,6,4,0,0,1,1,0,0,0,0,4.86795E+20,5.31538E+21,8.82301E+15,4.79916E+16
149371,8,3,17,59,2018,1,17,5,3,0,7,1,1,0,0,0,0,0,0,4.15307E+20,5.34806E+21,7.85843E+15,4.828E+16
149372,8,1,15,24,2018,1,18,4,3,2,6,2,0,1,0,0,0,0,1,5.01442E+20,5.38605E+21,9.01957E+15,4.86276E+16
149373,8,3,16,11,2018,1,17,5,3,5,7,1,1,1,0,0,0,0,0,4.14206E+20,5.33027E+21,7.8472E+15,4.81199E+16
149374,8,1,11,0,2018,1,13,4,3,5,2,0,0,1,0,0,0,0,0,5.07577E+20,5.39966E+21,9.10307E+15,4.87499E+16
149375,8,1,11,0,2018,1,6,4,3,1,5,2,1,1,0,0,0,0,0,5.19233E+20,5.40079E+21,9.2617E+15,4.87598E+16
149376,8,3,11,0,2018,1,18,5,3,0,7,2,1,1,0,0,0,0,0,4.1392E+20,5.31564E+21,7.8463E+15,4.79882E+16
149377,8,2,15,103,2018,1,1,5,3,8,5,2,0,1,0,0,0,1,0,4.67523E+20,5.4439E+21,8.55467E+15,4.9147E+16
149378,8,4,36,81,2018,1,8,3,3,8,1,0,0,1,0,0,0,0,1,5.62723E+20,5.28194E+21,9.83582E+15,4.76878E+16
149379,8,2,31,0,2018,1,17,5,3,5,2,2,0,1,0,0,0,0,0,4.78543E+20,5.41533E+21,8.70728E+15,4.88905E+16
149380,8,4,21,0,2018,1,12,3,3,6,6,0,0,0,1,0,0,1,0,5.72886E+20,5.36091E+21,9.98467E+15,4.83971E+16
149381,8,2,36,40,2018,1,7,5,2,1,7,2,1,0,0,0,0,1,0,4.8839E+20,5.42093E+21,8.84145E+15,4.89412E+16
149382,8,4,16,41,2018,1,23,3,3,0,7,2,0,0,0,1,0,0,0,5.0303E+20,5.37477E+21,9.04104E+15,4.85261E+16
149383,8,2,26,98,2018,1,6,5,3,5,3,1,0,1,0,0,0,0,0,4.80546E+20,5.46098E+21,8.73241E+15,4.93012E+16
149384,8,2,22,0,2018,1,14,5,3,5,7,0,1,1,0,0,0,0,0,4.63007E+20,5.48653E+21,8.48879E+15,4.95302E+16
149385,8,4,15,61,2018,1,14,3,2,5,3,0,0,1,0,1,0,0,1,5.15969E+20,5.37453E+21,9.21627E+15,4.85237E+16
149386,8,2,22,0,2018,1,18,5,3,6,4,2,1,0,1,0,0,0,0,4.61517E+20,5.48159E+21,8.46868E+15,4.94858E+16
149387,8,4,15,59,2018,1,7,3,3,2,6,0,0,1,0,0,0,0,0,5.1701E+20,5.36993E+21,9.23019E+15,4.84822E+16
149388,8,3,35,43,2018,1,14,3,3,6,6,0,0,1,1,0,0,0,0,5.08704E+20,5.2869E+21,9.11609E+15,4.77355E+16
149389,8,2,22,0,2018,1,15,5,3,1,1,0,0,1,0,1,0,0,0,4.62049E+20,5.48194E+21,8.47599E+15,4.94889E+16
149390,8,3,35,43,2018,1,18,3,3,5,3,2,0,1,0,1,0,0,0,5.12962E+20,5.27894E+21,9.17265E+15,4.76637E+16
149391,8,2,15,106,2018,1,10,5,3,6,7,0,0,1,1,0,0,0,0,4.65605E+20,5.45102E+21,8.52775E+15,4.9211E+16
149392,8,3,15,89,2018,1,8,3,3,4,6,0,0,1,0,1,0,0,0,4.07285E+20,5.31015E+21,7.75858E+15,4.7938E+16
149393,8,2,11,0,2018,1,5,5,2,8,1,2,0,1,0,0,0,0,0,4.43764E+20,5.40125E+21,8.23478E+15,4.87617E+16
149394,8,1,18,48,2018,1,16,5,2,6,4,0,0,1,1,0,0,0,0,5.13098E+20,5.41635E+21,9.17872E+15,4.88999E+16
149395,8,3,11,0,2018,1,9,3,3,2,6,0,0,1,0,0,0,0,0,4.14072E+20,5.31797E+21,7.84787E+15,4.80093E+16
149396,8,1,36,50,2018,1,16,5,3,4,1,1,0,1,0,0,0,0,0,5.80645E+20,5.40384E+21,1.00978E+16,4.87824E+16
149397,8,2,12,0,2018,1,11,3,3,5,2,0,1,0,0,0,0,0,0,4.56417E+20,5.42875E+21,8.40402E+15,4.90101E+16
149398,8,1,26,66,2018,1,9,5,3,6,7,0,0,1,1,0,0,0,0,5.36964E+20,5.44919E+21,9.50734E+15,4.91944E+16
149399,8,1,25,69,2018,1,17,5,2,6,4,2,0,1,1,0,0,0,0,5.24491E+20,5.45392E+21,9.33644E+15,4.92375E+16
149400,8,2,12,0,2018,1,9,3,3,5,2,0,1,0,0,0,0,0,0,4.55583E+20,5.42745E+21,8.39276E+15,4.89984E+16
149401,8,1,19,79,2018,1,19,5,3,5,3,2,0,1,0,1,0,0,0,5.24203E+20,5.4084E+21,9.32976E+15,4.88281E+16
149402,8,2,12,0,2018,1,11,3,3,8,7,0,0,1,0,0,0,0,0,4.60282E+20,5.43216E+21,8.45653E+15,4.9041E+16
149403,8,2,37,40,2018,1,15,3,3,6,4,0,0,1,1,0,0,0,0,4.7748E+20,5.36671E+21,8.69543E+15,4.84531E+16
149404,8,1,19,55,2018,1,20,5,3,1,5,2,0,1,0,1,0,0,0,5.43658E+20,5.40494E+21,9.59447E+15,4.87959E+16
149405,8,2,36,71,2018,1,15,3,3,2,6,0,0,1,0,0,0,0,0,4.69548E+20,5.42231E+21,8.58406E+15,4.8953E+16
149406,8,1,17,19,2018,1,16,5,3,5,3,0,0,1,0,1,0,0,0,5.53852E+20,5.39519E+21,9.73199E+15,4.87074E+16
149407,8,2,26,96,2018,1,10,3,2,0,7,0,0,0,0,0,1,0,0,4.75653E+20,5.48858E+21,8.66341E+15,4.95493E+16
149408,8,1,16,19,2018,1,20,5,3,5,3,2,0,1,0,0,0,1,0,5.21721E+20,5.39819E+21,9.29541E+15,4.87364E+16
149409,8,1,15,45,2018,1,12,5,3,5,3,0,1,1,0,0,0,0,0,5.00517E+20,5.39392E+21,9.00703E+15,4.86983E+16
149410,8,2,26,84,2018,1,13,3,3,6,7,0,1,0,1,0,0,0,0,4.6942E+20,5.47035E+21,8.57866E+15,4.93851E+16
149411,8,1,11,0,2018,1,14,5,3,1,5,0,0,1,0,0,0,0,0,5.13273E+20,5.39771E+21,9.1805E+15,4.87323E+16
149412,8,2,22,0,2018,1,8,3,3,4,6,0,0,0,1,0,0,1,0,4.66088E+20,5.48185E+21,8.53176E+15,4.94883E+16
149413,8,4,36,64,2018,1,6,4,3,0,1,2,1,0,0,0,0,0,0,5.45631E+20,5.29137E+21,9.60906E+15,4.77741E+16
149414,8,2,22,0,2018,1,8,3,3,0,7,0,0,1,0,0,0,0,0,4.63157E+20,5.483E+21,8.49118E+15,4.94985E+16
149415,8,2,21,0,2018,1,7,3,3,4,6,0,1,0,0,0,0,1,0,4.76767E+20,5.47542E+21,8.67959E+15,4.94311E+16
149416,8,4,35,16,2018,1,6,4,3,5,3,2,1,1,0,0,0,0,0,5.36427E+20,5.28007E+21,9.48526E+15,4.7673E+16
149417,8,2,21,0,2018,1,17,3,3,5,3,1,1,1,0,0,0,0,0,4.77026E+20,5.47249E+21,8.68332E+15,4.94047E+16
149418,8,4,26,21,2018,1,12,4,3,6,4,0,1,0,1,0,0,0,0,5.58765E+20,5.32728E+21,9.78925E+15,4.8096E+16
149419,8,2,21,0,2018,1,15,3,3,5,3,0,0,1,0,1,0,0,0,4.76679E+20,5.47338E+21,8.67849E+15,4.94127E+16
149420,8,4,26,21,2018,1,12,4,3,6,2,0,0,1,1,0,0,0,0,5.59784E+20,5.32925E+21,9.80322E+15,4.81137E+16
149421,8,4,21,0,2018,1,23,4,3,0,1,2,1,0,0,0,0,0,0,5.71267E+20,5.36076E+21,9.96277E+15,4.8396E+16
149422,8,2,16,9,2018,1,18,3,3,6,6,2,1,0,1,0,0,0,0,4.47072E+20,5.4212E+21,8.27722E+15,4.89415E+16
149423,8,4,21,0,2018,1,17,4,3,5,3,2,0,1,0,0,0,0,0,5.71202E+20,5.36082E+21,9.9619E+15,4.83966E+16
149424,8,2,16,9,2018,1,7,3,3,1,5,2,1,1,0,0,0,0,1,4.47285E+20,5.4208E+21,8.28017E+15,4.89379E+16
149425,8,2,15,9,2018,1,12,3,3,6,7,0,0,1,1,0,0,0,0,4.70501E+20,5.44141E+21,8.59568E+15,4.91248E+16
149426,8,4,17,36,2018,1,19,4,3,8,1,2,0,1,0,0,0,0,0,5.03334E+20,5.35269E+21,9.04497E+15,4.83274E+16
149427,8,4,15,61,2018,1,13,4,3,3,2,0,1,1,0,0,0,0,0,5.15022E+20,5.36961E+21,9.20327E+15,4.84795E+16
149428,8,2,15,90,2018,1,12,3,3,1,5,0,1,1,0,0,0,0,0,4.65669E+20,5.43346E+21,8.53013E+15,4.90531E+16
149429,8,2,15,17,2018,1,14,3,3,6,4,0,0,1,1,0,0,0,0,4.5675E+20,5.42129E+21,8.40936E+15,4.8943E+16
149430,8,3,36,81,2018,1,6,4,3,5,3,2,1,1,0,0,0,0,1,4.11991E+20,5.27832E+21,7.82803E+15,4.76523E+16
149431,8,2,12,0,2018,1,16,3,3,6,3,1,0,1,1,0,0,0,0,4.57041E+20,5.42825E+21,8.4126E+15,4.90056E+16
149432,8,3,26,55,2018,1,14,4,3,6,4,0,0,1,1,0,0,0,1,4.40556E+20,5.33258E+21,8.20089E+15,4.81437E+16
149433,8,2,12,0,2018,1,13,3,3,5,1,0,1,0,0,0,0,0,0,4.55617E+20,5.42846E+21,8.39311E+15,4.90074E+16
149434,8,3,27,50,2018,1,21,4,1,6,4,2,0,1,1,0,0,0,0,4.86507E+20,5.31439E+21,8.81918E+15,4.79827E+16
149435,8,3,17,11,2018,1,14,4,2,0,7,0,1,0,0,0,0,0,0,4.28734E+20,5.35424E+21,8.03834E+15,4.83373E+16
149436,8,1,36,2,2018,1,14,3,3,4,1,0,0,1,0,0,0,0,0,5.69508E+20,5.41807E+21,9.94863E+15,4.89117E+16
149437,8,1,35,19,2018,1,11,3,3,6,7,0,0,1,1,0,0,0,0,5.84757E+20,5.39239E+21,1.01514E+16,4.86788E+16
149438,8,3,16,11,2018,1,7,4,3,6,4,2,0,1,1,0,0,0,1,4.1434E+20,5.329E+21,7.84925E+15,4.81085E+16
149439,8,4,21,0,2018,1,20,3,2,1,5,2,0,1,0,0,0,0,0,5.71574E+20,5.36024E+21,9.96683E+15,4.83913E+16
149440,8,3,11,0,2018,1,7,4,3,2,6,1,0,1,0,0,0,0,1,4.13058E+20,5.32031E+21,7.8338E+15,4.80302E+16
149441,8,1,27,76,2018,1,18,3,3,2,6,2,0,1,0,0,0,0,0,5.53359E+20,5.44025E+21,9.73118E+15,4.91128E+16
149442,8,3,11,0,2018,1,12,4,3,3,2,0,1,0,0,0,1,0,0,4.14444E+20,5.31839E+21,7.85278E+15,4.8013E+16
149443,8,3,36,91,2018,1,13,4,3,0,4,0,0,0,1,0,0,1,0,3.96574E+20,5.27204E+21,7.62427E+15,4.75935E+16
149444,8,1,18,48,2018,1,18,3,3,6,7,2,0,1,1,0,0,0,0,5.13936E+20,5.41533E+21,9.19011E+15,4.88908E+16
149445,8,3,15,109,2018,1,8,4,3,2,2,0,0,1,0,0,0,0,0,4.22856E+20,5.31505E+21,7.96615E+15,4.79841E+16
149446,8,2,12,0,2018,1,10,4,3,6,7,0,0,1,0,0,0,1,0,4.56618E+20,5.42717E+21,8.40693E+15,4.89959E+16
149447,8,1,18,49,2018,1,7,3,3,0,7,0,1,0,0,0,0,0,1,5.17385E+20,5.41945E+21,9.23734E+15,4.89278E+16
149448,8,2,31,0,2018,1,16,4,3,4,3,0,0,1,0,1,0,0,0,4.7777E+20,5.41494E+21,8.69676E+15,4.8887E+16
149449,8,1,16,49,2018,1,6,3,3,2,6,2,0,1,0,0,0,0,1,5.24324E+20,5.38738E+21,9.33018E+15,4.8639E+16
149450,8,2,26,41,2018,1,20,4,3,5,3,2,0,1,0,0,0,0,0,4.76328E+20,5.4652E+21,8.67414E+15,4.93391E+16
149451,8,1,11,0,2018,1,5,3,3,5,3,2,1,1,0,0,0,0,1,5.19465E+20,5.40164E+21,9.26489E+15,4.87675E+16
149452,8,2,21,0,2018,1,12,4,3,5,3,0,1,1,0,0,0,0,0,4.77247E+20,5.46811E+21,8.68662E+15,4.93652E+16
149453,8,1,11,0,2018,1,7,3,3,6,4,1,0,1,1,0,0,0,1,5.12856E+20,5.40901E+21,9.17518E+15,4.8834E+16
149454,8,2,21,0,2018,1,16,4,3,5,3,0,1,1,0,0,0,0,0,4.7757E+20,5.47255E+21,8.69082E+15,4.94052E+16
149455,8,2,12,0,2018,1,15,4,3,4,5,0,1,1,0,0,0,0,0,4.56403E+20,5.42876E+21,8.40382E+15,4.90102E+16
149456,8,4,36,81,2018,1,7,2,3,5,3,0,0,1,0,0,0,0,0,5.63135E+20,5.2811E+21,9.84118E+15,4.76802E+16
149457,8,2,16,43,2018,1,7,4,2,5,3,1,1,1,0,0,0,0,0,4.41938E+20,5.41231E+21,8.20838E+15,4.8861E+16
149458,8,4,35,16,2018,1,16,2,3,6,6,0,0,0,1,0,0,1,0,5.38728E+20,5.27968E+21,9.51589E+15,4.76693E+16
149459,8,4,15,61,2018,1,14,2,2,1,5,0,1,1,0,0,0,0,0,5.11556E+20,5.3709E+21,9.1564E+15,4.84911E+16
149460,8,1,35,16,2018,1,18,4,1,7,7,2,1,1,0,0,0,0,0,5.91186E+20,5.38396E+21,1.02369E+16,4.86021E+16
149461,8,4,15,61,2018,1,9,2,3,6,4,0,0,0,1,0,0,1,0,5.15476E+20,5.37023E+21,9.20944E+15,4.8485E+16
149462,8,3,35,43,2018,1,7,2,3,5,3,0,1,1,0,0,0,0,0,5.12735E+20,5.27991E+21,9.16965E+15,4.76724E+16
149463,8,3,35,43,2018,1,19,2,3,0,2,2,0,1,0,0,0,1,0,5.13116E+20,5.27831E+21,9.17467E+15,4.7658E+16
149464,8,3,26,74,2018,1,18,2,3,4,2,2,0,1,0,0,0,0,0,4.64072E+20,5.32314E+21,8.5178E+15,4.80606E+16
149465,8,1,27,14,2018,1,11,4,2,6,4,0,0,1,1,0,0,0,0,5.79097E+20,5.44253E+21,1.00843E+16,4.91306E+16
149466,8,3,17,96,2018,1,17,2,3,2,6,1,0,1,0,0,0,0,0,4.21245E+20,5.36782E+21,7.93475E+15,4.84586E+16
149467,8,1,27,14,2018,1,7,4,3,9,7,0,0,1,0,0,0,0,0,5.78962E+20,5.44311E+21,1.00825E+16,4.91357E+16
149468,8,3,11,0,2018,1,21,2,3,0,1,2,0,0,0,1,0,0,0,4.13416E+20,5.31724E+21,7.83921E+15,4.80026E+16
149469,8,1,19,79,2018,1,14,4,3,0,7,0,0,0,0,0,1,0,0,5.22235E+20,5.41224E+21,9.30316E+15,4.88627E+16
149470,8,1,18,76,2018,1,16,4,3,1,5,0,0,1,0,0,0,0,0,5.05785E+20,5.42389E+21,9.07904E+15,4.89679E+16
149471,8,3,11,0,2018,1,7,2,3,4,6,2,1,0,0,0,0,0,0,4.14742E+20,5.31585E+21,7.85728E+15,4.79903E+16
149472,8,1,15,28,2018,1,19,4,3,0,7,2,1,1,0,0,0,0,0,5.00677E+20,5.40389E+21,9.00922E+15,4.8788E+16
149473,8,3,11,0,2018,1,10,2,3,5,3,0,1,1,0,0,0,0,0,4.13858E+20,5.31624E+21,7.84534E+15,4.79936E+16
149474,8,3,11,0,2018,1,12,2,3,5,3,0,0,1,0,0,0,0,0,4.11588E+20,5.32155E+21,7.81383E+15,4.80411E+16
149475,8,1,11,0,2018,1,13,4,2,1,5,0,0,1,0,0,0,0,0,5.11851E+20,5.40114E+21,9.16126E+15,4.87632E+16
149476,8,2,12,0,2018,1,14,2,3,6,4,0,0,0,1,0,0,1,0,4.5667E+20,5.42841E+21,8.40752E+15,4.9007E+16
149477,8,1,11,0,2018,1,12,4,3,6,2,0,0,1,1,0,0,0,0,5.15788E+20,5.39912E+21,9.21476E+15,4.87449E+16
149478,8,2,12,0,2018,1,11,2,3,6,6,0,0,1,1,0,0,0,0,4.55927E+20,5.42862E+21,8.39733E+15,4.90089E+16
149479,8,1,11,0,2018,1,12,4,3,5,3,0,1,1,0,0,0,0,0,5.19929E+20,5.40154E+21,9.2712E+15,4.87666E+16
149480,8,4,25,104,2018,1,18,3,2,4,6,2,0,1,0,0,0,0,1,5.50739E+20,5.3439E+21,9.68345E+15,4.82463E+16
149481,8,1,25,6,2018,1,16,2,3,5,3,0,1,1,0,0,0,0,1,5.07157E+20,5.45381E+21,9.09832E+15,4.9237E+16
149482,8,4,21,0,2018,1,19,3,3,8,1,2,1,0,0,0,0,0,1,5.71401E+20,5.36097E+21,9.96462E+15,4.83978E+16
149483,8,1,19,8,2018,1,7,2,3,2,6,0,0,1,0,0,0,0,0,5.31074E+20,5.42121E+21,9.42436E+15,4.8943E+16
149484,8,4,17,2,2018,1,16,3,3,5,3,0,0,1,0,0,0,0,0,4.89584E+20,5.34654E+21,8.85963E+15,4.8272E+16
149485,8,4,15,14,2018,1,7,3,3,2,6,0,0,1,0,0,0,0,0,5.26917E+20,5.37321E+21,9.36446E+15,4.85114E+16
149486,8,1,15,3,2018,1,9,2,3,5,3,0,1,1,0,0,0,0,0,5.00794E+20,5.39169E+21,9.01078E+15,4.86783E+16
149487,8,3,27,50,2018,1,10,3,2,0,7,0,0,1,0,0,0,0,1,4.8615E+20,5.31434E+21,8.8144E+15,4.79823E+16
149488,8,1,16,47,2018,1,9,2,2,6,7,0,0,1,1,0,0,0,0,5.20716E+20,5.39169E+21,9.28141E+15,4.86779E+16
149489,8,1,15,3,2018,1,7,2,3,5,3,1,1,1,0,0,0,0,0,4.98553E+20,5.39209E+21,8.98035E+15,4.86818E+16
149490,8,3,17,65,2018,1,16,3,3,2,6,0,1,1,0,0,0,0,0,4.16128E+20,5.35461E+21,7.8682E+15,4.83391E+16
149491,8,1,11,0,2018,1,14,2,3,6,4,0,0,1,1,0,0,0,0,5.12082E+20,5.40269E+21,9.16445E+15,4.87771E+16
149492,8,3,17,89,2018,1,12,3,3,2,6,0,0,1,0,0,0,0,1,4.31665E+20,5.37564E+21,8.07439E+15,4.85301E+16
149493,8,1,11,0,2018,1,17,2,2,5,3,1,0,1,0,1,0,0,0,5.11856E+20,5.40177E+21,9.16134E+15,4.87688E+16
149494,8,3,11,0,2018,1,7,3,3,5,3,0,0,1,0,1,0,0,0,4.11698E+20,5.31609E+21,7.81643E+15,4.7992E+16
149495,8,1,11,0,2018,1,15,2,3,2,6,0,0,1,0,0,0,0,0,5.13214E+20,5.40899E+21,9.18006E+15,4.88337E+16
149496,8,1,11,0,2018,1,15,2,3,6,6,0,1,0,1,0,0,0,0,5.11755E+20,5.40099E+21,9.15996E+15,4.87618E+16
149497,8,3,11,0,2018,1,8,3,3,0,3,0,0,1,0,1,0,0,1,4.14678E+20,5.31567E+21,7.85645E+15,4.79886E+16
149498,8,3,17,96,2018,1,9,1,3,3,6,0,1,1,0,0,0,0,0,4.20664E+20,5.36836E+21,7.9268E+15,4.84633E+16
149499,8,3,11,0,2018,1,12,3,3,2,6,0,0,1,0,0,0,0,0,4.10183E+20,5.31549E+21,7.79625E+15,4.79864E+16
149500,8,2,12,0,2018,1,16,3,2,0,3,0,0,1,0,0,0,1,0,4.54999E+20,5.42812E+21,8.38469E+15,4.90044E+16
149501,8,2,35,67,2018,1,17,1,3,1,1,1,0,1,0,1,0,0,0,4.86008E+20,5.3997E+21,8.80966E+15,4.87501E+16
149502,8,2,35,85,2018,1,15,3,2,6,7,0,0,0,1,0,0,1,0,4.82683E+20,5.39318E+21,8.76469E+15,4.86915E+16
149503,8,2,26,95,2018,1,11,1,3,5,3,0,0,1,0,0,0,0,1,4.74377E+20,5.46139E+21,8.64753E+15,4.93047E+16
149504,8,2,26,41,2018,1,13,3,3,5,3,0,1,1,0,0,0,0,0,4.7576E+20,5.4662E+21,8.66626E+15,4.9348E+16
149505,8,2,26,60,2018,1,15,3,3,5,2,0,1,1,0,0,0,0,0,4.77183E+20,5.46326E+21,8.68602E+15,4.93216E+16
149506,8,2,22,0,2018,1,18,1,3,0,6,2,0,1,0,0,0,0,0,4.61406E+20,5.48125E+21,8.46718E+15,4.94827E+16
149507,8,2,26,85,2018,1,10,3,3,2,6,0,0,1,0,0,0,0,1,4.90709E+20,5.45535E+21,8.87233E+15,4.92509E+16
149508,8,2,15,89,2018,1,7,1,2,5,3,0,1,1,0,0,0,0,0,4.71731E+20,5.4281E+21,8.61347E+15,4.90052E+16
149509,8,2,12,0,2018,1,3,1,3,1,5,2,0,1,0,0,0,1,0,4.51868E+20,5.42798E+21,8.34191E+15,4.90028E+16
149510,8,2,22,0,2018,1,12,3,3,1,7,0,0,1,0,0,0,0,0,4.62204E+20,5.4822E+21,8.4781E+15,4.94913E+16
149511,8,1,15,3,2018,1,13,1,3,1,5,0,1,1,0,0,0,0,1,5.01681E+20,5.39204E+21,9.02283E+15,4.86814E+16
149512,8,2,16,43,2018,1,11,3,3,5,3,0,1,1,0,0,0,0,0,4.41557E+20,5.41199E+21,8.20323E+15,4.88581E+16
149513,8,1,35,19,2018,1,11,1,3,5,3,0,0,1,0,0,0,0,0,5.85032E+20,5.39215E+21,1.01551E+16,4.86766E+16
149514,8,2,15,103,2018,1,18,3,3,5,3,2,0,1,0,0,0,0,0,4.67012E+20,5.44342E+21,8.54769E+15,4.91427E+16
149515,8,2,12,0,2018,1,11,3,3,5,3,0,1,0,0,0,0,0,0,4.54459E+20,5.42862E+21,8.37726E+15,4.90088E+16
149516,8,1,18,80,2018,1,17,1,3,6,4,0,1,0,1,0,0,0,0,5.08494E+20,5.40878E+21,9.11574E+15,4.8832E+16
149517,8,1,16,49,2018,1,17,1,3,1,7,2,1,1,0,0,0,0,0,5.22437E+20,5.38351E+21,9.30435E+15,4.86043E+16
149518,8,2,11,0,2018,1,13,3,3,5,3,0,1,1,0,0,0,0,0,4.42209E+20,5.40295E+21,8.21339E+15,4.87769E+16
149519,8,1,36,19,2018,1,15,3,3,5,3,0,0,1,0,0,0,0,0,5.85596E+20,5.42311E+21,1.01692E+16,4.8955E+16
149520,8,1,11,0,2018,1,17,1,3,6,4,1,0,1,1,0,0,0,0,5.09052E+20,5.40684E+21,9.1233E+15,4.88145E+16
149521,8,1,19,93,2018,1,8,3,3,6,4,0,0,1,1,0,0,0,1,5.23321E+20,5.40658E+21,9.31765E+15,4.88117E+16
149522,8,1,11,0,2018,1,12,1,3,6,4,0,0,1,1,0,0,0,0,5.12659E+20,5.40226E+21,9.1723E+15,4.87732E+16
149523,8,4,21,0,2018,1,15,7,3,0,1,0,0,1,0,1,0,0,0,5.70447E+20,5.36228E+21,9.95195E+15,4.84098E+16
149524,8,4,15,61,2018,1,3,7,2,9,1,2,0,1,0,0,0,0,1,5.14892E+20,5.3711E+21,9.20156E+15,4.84929E+16
149525,8,1,18,46,2018,1,8,3,3,5,2,0,0,1,0,1,0,0,1,5.14327E+20,5.412E+21,9.19533E+15,4.88608E+16
149526,8,4,16,41,2018,1,22,7,3,0,7,2,1,0,0,0,0,0,0,5.04143E+20,5.37352E+21,9.05611E+15,4.85148E+16
149527,8,1,17,6,2018,1,14,3,3,1,1,0,1,1,0,0,0,0,0,5.51817E+20,5.38178E+21,9.70265E+15,4.85869E+16
149528,8,4,15,50,2018,1,13,7,3,1,6,0,0,1,0,0,0,0,0,5.21399E+20,5.37584E+21,9.28988E+15,4.85353E+16