OBJECTID_1,ULAND,UREGBEZ,UKREIS,UGEMEINDE,UJAHR,UMONAT,USTUNDE,UWOCHENTAG,UKATEGORIE,UART,UTYP1,ULICHTVERH,IstRad,IstPKW,IstFuss,IstKrad,IstGkfz,IstSonstig,STRZUSTAND,LINREFX,LINREFY,XGCSWGS84,YGCSWGS84
149716,8,2,15,108,2018,2,6,6,2,3,6,2,1,1,0,0,0,0,1,4.49966E+20,5.42525E+21,8.31624E+15,4.89782E+16
149717,8,3,11,0,2018,2,7,5,3,6,4,2,0,1,1,0,0,0,1,4.13141E+20,5.31784E+21,7.83542E+15,4.80079E+16
149718,8,2,15,47,2018,2,17,6,2,5,3,2,0,1,0,0,0,0,1,4.606E+20,5.4116E+21,8.46287E+15,4.88561E+16
149719,8,2,12,0,2018,2,9,5,3,5,3,0,1,1,0,0,0,0,0,4.54046E+20,5.42863E+21,8.37161E+15,4.90088E+16
149720,8,2,31,0,2018,2,16,5,3,2,7,0,0,1,0,1,0,0,0,4.79088E+20,5.41616E+21,8.71468E+15,4.8898E+16
149721,8,2,26,41,2018,2,8,6,3,5,3,0,0,1,0,0,0,0,0,4.78418E+20,5.46652E+21,8.70283E+15,4.9351E+16
149722,8,2,31,0,2018,2,16,5,2,5,3,0,0,1,0,0,0,0,0,4.74563E+20,5.41664E+21,8.6529E+15,4.89022E+16
149723,8,2,22,0,2018,2,12,6,3,0,3,0,0,0,0,0,0,1,1,4.6306E+20,5.48643E+21,8.48952E+15,4.95294E+16
149724,8,2,21,0,2018,2,7,6,3,5,3,1,1,1,0,0,0,0,0,4.75651E+20,5.4731E+21,8.66434E+15,4.94101E+16
149725,8,2,31,0,2018,2,11,5,3,5,3,0,0,1,0,1,0,0,0,4.75512E+20,5.41452E+21,8.66598E+15,4.88832E+16
149726,8,2,21,0,2018,2,8,6,2,5,3,0,1,1,0,0,0,0,0,4.77031E+20,5.47477E+21,8.68326E+15,4.94251E+16
149727,8,2,12,0,2018,2,12,6,3,5,3,0,0,1,0,1,0,0,0,4.53353E+20,5.42606E+21,8.36243E+15,4.89857E+16
149728,8,1,36,10,2018,2,6,6,2,0,1,2,1,0,0,0,0,0,2,6.00726E+20,5.41173E+21,1.0373E+16,4.88503E+16
149729,8,1,36,88,2018,2,15,6,3,6,4,0,0,1,1,0,0,0,0,5.80101E+20,5.41007E+21,1.00916E+16,4.88384E+16
149730,8,2,22,0,2018,2,16,5,3,2,7,0,0,1,0,0,0,1,0,4.63957E+20,5.48247E+21,8.50228E+15,4.94938E+16
149731,8,1,35,19,2018,2,6,6,3,0,1,2,1,0,0,0,0,0,2,5.85753E+20,5.39557E+21,1.01656E+16,4.87073E+16
149732,8,2,22,0,2018,2,9,5,3,0,7,0,1,1,0,0,0,0,0,4.61941E+20,5.48281E+21,8.47441E+15,4.94967E+16
149733,8,1,21,0,2018,2,16,6,3,6,4,0,0,1,1,0,0,0,0,5.15807E+20,5.4427E+21,9.21671E+15,4.9137E+16
149734,8,2,16,43,2018,2,13,5,3,5,3,0,1,0,0,0,1,0,0,4.43786E+20,5.41251E+21,8.23355E+15,4.8863E+16
149735,8,2,15,9,2018,2,6,5,3,5,2,2,1,1,0,0,0,0,2,4.67942E+20,5.44226E+21,8.56054E+15,4.91323E+16
149736,8,1,17,26,2018,2,19,6,3,6,4,2,0,1,1,0,0,0,1,5.4889E+20,5.39475E+21,9.6645E+15,4.87039E+16
149737,8,1,26,66,2018,2,13,5,3,5,3,0,0,1,0,0,0,0,0,5.3731E+20,5.44978E+21,9.51216E+15,4.91997E+16
149738,8,1,15,45,2018,2,13,6,3,5,3,0,0,1,0,0,0,0,0,4.99817E+20,5.39479E+21,8.99751E+15,4.87061E+16
149739,8,1,15,28,2018,2,13,6,3,5,3,0,1,1,0,0,0,0,0,5.01071E+20,5.40505E+21,9.01459E+15,4.87984E+16
149740,8,1,15,37,2018,2,7,5,3,5,3,0,0,1,0,0,0,0,1,4.92315E+20,5.38528E+21,8.89572E+15,4.86205E+16
149741,8,1,15,24,2018,2,9,6,3,2,6,0,0,1,0,0,0,0,2,5.00682E+20,5.38799E+21,9.00926E+15,4.8645E+16
149742,8,4,25,104,2018,2,9,4,3,6,7,0,0,1,1,0,0,0,0,5.51204E+20,5.34263E+21,9.68956E+15,4.82348E+16
149743,8,1,11,0,2018,2,6,6,3,5,2,2,1,1,0,0,0,0,0,5.1621E+20,5.40505E+21,9.22073E+15,4.87982E+16
149744,8,3,35,43,2018,2,12,4,3,5,3,0,1,1,0,0,0,0,0,5.13869E+20,5.28003E+21,9.18476E+15,4.76735E+16
149745,8,2,35,84,2018,2,12,4,3,5,3,0,0,1,0,0,0,0,0,4.77448E+20,5.39411E+21,8.6935E+15,4.86997E+16
149746,8,4,25,72,2018,2,10,5,3,5,3,0,0,1,0,0,0,0,1,5.83018E+20,5.37204E+21,1.01237E+16,4.8496E+16
149747,8,2,31,0,2018,2,6,4,3,6,3,2,0,1,1,0,0,0,0,4.77439E+20,5.4152E+21,8.69223E+15,4.88893E+16
149748,8,4,17,13,2018,2,15,5,3,6,4,0,0,1,1,0,0,0,0,5.0823E+20,5.34885E+21,9.11095E+15,4.82928E+16
149749,8,2,36,33,2018,2,12,4,3,5,7,0,0,1,0,0,0,0,0,4.81279E+20,5.43051E+21,8.7439E+15,4.90272E+16
149750,8,2,26,84,2018,2,9,4,3,4,6,0,1,1,0,0,0,1,0,4.68967E+20,5.47091E+21,8.57236E+15,4.93901E+16
149751,8,3,35,43,2018,2,6,5,3,5,3,2,1,1,0,0,0,0,1,5.12012E+20,5.28035E+21,9.16002E+15,4.76764E+16
149752,8,1,28,131,2018,2,15,4,3,5,7,0,1,1,0,0,0,0,0,5.36811E+20,5.51254E+21,9.51114E+15,4.97642E+16
149753,8,3,26,74,2018,2,13,5,3,5,3,0,0,1,0,0,0,0,0,4.65669E+20,5.32407E+21,8.53915E+15,4.8069E+16
149754,8,3,17,151,2018,2,16,5,3,6,2,0,0,1,1,0,0,0,0,4.12208E+20,5.36852E+21,7.8124E+15,4.84637E+16
149755,8,1,21,0,2018,2,11,4,3,6,7,0,0,1,1,0,0,0,0,5.17238E+20,5.44306E+21,9.23634E+15,4.91401E+16
149756,8,3,17,34,2018,2,6,5,3,0,1,2,1,0,0,0,0,0,1,4.28052E+20,5.36127E+21,8.02794E+15,4.84005E+16
149757,8,1,18,6,2018,2,8,4,3,5,3,0,0,1,0,0,0,0,0,5.17148E+20,5.42085E+21,9.23417E+15,4.89403E+16
149758,8,3,17,96,2018,2,14,5,3,5,3,0,0,1,0,0,0,0,0,4.20767E+20,5.36768E+21,7.92832E+15,4.84573E+16
149759,8,1,18,48,2018,2,9,4,3,5,7,0,1,1,0,0,0,0,0,5.1518E+20,5.41557E+21,9.2071E+15,4.88928E+16
149760,8,3,17,141,2018,2,9,5,3,5,3,0,0,1,0,0,0,0,0,4.20232E+20,5.38049E+21,7.91864E+15,4.85724E+16
149761,8,3,15,50,2018,2,7,5,2,8,1,1,0,1,0,0,0,0,1,4.00414E+20,5.30371E+21,7.66809E+15,4.7879E+16
149762,8,1,18,46,2018,2,16,4,3,2,6,0,0,1,0,0,0,0,0,5.14559E+20,5.4123E+21,9.19851E+15,4.88635E+16
149763,8,3,15,50,2018,2,4,5,3,5,3,2,1,0,0,1,0,0,1,3.98683E+20,5.30327E+21,7.64505E+15,4.78748E+16
149764,8,1,18,51,2018,2,23,4,3,8,1,2,0,1,0,0,0,0,0,5.1036E+20,5.41518E+21,9.14133E+15,4.88895E+16
149765,8,1,18,79,2018,2,18,4,3,6,2,2,0,1,1,0,0,0,0,5.08909E+20,5.42321E+21,9.12171E+15,4.89617E+16
149766,8,3,15,74,2018,2,7,5,3,2,6,1,1,1,0,0,0,0,0,3.9712E+20,5.29548E+21,7.626E+15,4.78044E+16
149767,8,1,17,60,2018,2,10,4,2,5,3,0,1,1,0,0,0,0,0,5.42201E+20,5.3889E+21,9.57299E+15,4.86517E+16
149768,8,3,11,0,2018,2,19,5,3,0,7,2,0,1,1,0,0,0,1,4.11251E+20,5.31817E+21,7.81002E+15,4.80107E+16
149769,8,1,16,77,2018,2,9,4,3,5,3,0,0,1,0,0,0,1,0,5.16304E+20,5.39176E+21,9.22148E+15,4.86787E+16
149770,8,1,16,78,2018,2,20,4,3,0,7,2,0,0,0,0,0,1,0,5.10562E+20,5.39369E+21,9.14353E+15,4.86962E+16
149771,8,3,11,0,2018,2,15,5,3,4,6,0,1,0,0,0,0,0,0,4.13836E+20,5.31702E+21,7.8449E+15,4.80007E+16
149772,8,1,15,45,2018,2,14,4,3,8,1,0,0,1,0,0,0,0,0,5.00556E+20,5.39676E+21,9.00755E+15,4.87239E+16
149773,8,2,31,0,2018,2,0,5,3,6,4,2,0,1,1,0,0,0,1,4.78498E+20,5.41613E+21,8.70663E+15,4.88977E+16
149774,8,2,31,0,2018,2,6,5,3,1,6,1,0,1,0,0,0,0,1,4.77776E+20,5.41534E+21,8.69681E+15,4.88906E+16
149775,8,1,15,45,2018,2,8,4,3,5,7,0,1,1,0,0,0,0,0,5.00499E+20,5.39489E+21,9.00679E+15,4.87071E+16
149776,8,2,31,0,2018,2,7,5,2,5,3,0,0,1,0,0,1,0,1,4.77139E+20,5.41428E+21,8.68819E+15,4.88811E+16
149777,8,1,11,0,2018,2,23,4,3,4,1,2,0,1,0,0,0,0,0,5.1183E+20,5.40019E+21,9.16095E+15,4.87546E+16
149778,8,2,31,0,2018,2,18,5,3,5,3,2,1,1,0,0,0,0,0,4.75861E+20,5.41649E+21,8.67063E+15,4.89009E+16
149779,8,1,11,0,2018,2,12,4,3,4,7,0,0,1,0,0,0,0,0,5.13481E+20,5.40328E+21,9.18351E+15,4.87824E+16
149780,8,1,11,0,2018,2,7,4,3,1,5,1,0,0,0,0,0,1,0,5.07364E+20,5.39771E+21,9.10014E+15,4.87324E+16
149781,8,2,26,98,2018,2,14,5,3,6,7,0,0,1,1,0,0,0,0,4.77793E+20,5.45994E+21,8.6946E+15,4.92918E+16
149782,8,2,26,6,2018,2,14,5,3,0,3,0,1,1,0,0,0,0,1,4.83772E+20,5.46661E+21,8.77656E+15,4.9352E+16
149783,8,4,21,0,2018,2,11,3,3,0,3,0,0,1,0,0,0,1,0,5.73382E+20,5.36094E+21,9.99137E+15,4.83973E+16
149784,8,4,21,0,2018,2,7,3,2,6,4,2,0,1,1,0,0,0,0,5.72632E+20,5.36049E+21,9.98117E+15,4.83934E+16
149785,8,2,22,0,2018,2,6,5,3,5,3,2,1,1,0,0,0,0,1,4.61037E+20,5.48506E+21,8.4617E+15,4.95169E+16
149786,8,4,17,8,2018,2,17,3,3,0,7,0,0,1,0,0,0,0,0,4.94634E+20,5.35087E+21,8.92763E+15,4.8311E+16
149787,8,2,15,9,2018,2,16,5,2,6,4,0,0,1,1,0,0,0,1,4.70367E+20,5.4415E+21,8.59384E+15,4.91256E+16
149788,8,2,15,9,2018,2,9,5,3,1,6,0,0,1,0,0,0,0,1,4.69902E+20,5.44168E+21,8.58746E+15,4.91272E+16
149789,8,2,15,103,2018,2,5,5,3,6,4,2,0,1,1,0,0,0,1,4.67119E+20,5.44337E+21,8.54916E+15,4.91423E+16
149790,8,4,16,41,2018,2,21,3,3,0,7,2,1,0,0,0,0,0,0,5.02891E+20,5.37547E+21,9.03915E+15,4.85323E+16
149791,8,2,15,17,2018,2,16,5,3,5,3,0,1,1,0,0,0,0,0,4.54372E+20,5.42042E+21,8.37698E+15,4.8935E+16
149792,8,4,16,41,2018,2,17,3,3,5,3,1,0,1,0,0,0,0,0,5.06228E+20,5.37366E+21,9.08434E+15,4.8516E+16
149793,8,2,12,0,2018,2,19,5,3,5,3,2,1,1,0,0,0,0,1,4.55318E+20,5.42882E+21,8.38898E+15,4.90106E+16
149794,8,4,15,78,2018,2,22,3,2,0,7,2,0,1,0,0,0,0,0,5.29976E+20,5.37155E+21,9.40576E+15,4.84964E+16
149795,8,3,36,103,2018,2,12,3,3,3,6,0,1,1,0,0,0,0,0,4.1448E+20,5.28475E+21,7.85991E+15,4.77105E+16
149796,8,2,16,8,2018,2,6,5,2,4,6,2,0,1,0,1,0,0,1,4.39413E+20,5.39376E+21,8.17669E+15,4.86939E+16
149797,8,3,36,105,2018,2,8,3,2,5,3,0,1,1,0,0,0,0,0,4.01443E+20,5.26642E+21,7.69028E+15,4.75437E+16
149798,8,1,36,88,2018,2,16,5,3,2,6,0,0,1,0,0,0,0,1,5.78276E+20,5.41001E+21,1.00667E+16,4.88381E+16
149799,8,1,35,19,2018,2,19,5,3,0,3,2,1,1,0,0,0,0,0,5.84765E+20,5.39246E+21,1.01515E+16,4.86794E+16
149800,8,3,17,65,2018,2,13,3,3,2,6,0,0,1,0,0,0,0,0,4.11155E+20,5.3565E+21,7.8007E+15,4.83554E+16
149801,8,1,35,19,2018,2,8,5,3,6,4,0,0,1,1,0,0,0,0,5.83827E+20,5.39264E+21,1.01388E+16,4.86812E+16
149802,8,1,28,7,2018,2,18,5,3,5,3,2,1,1,0,0,0,0,1,5.55765E+20,5.48244E+21,9.77004E+15,4.9492E+16
149803,8,3,17,145,2018,2,18,3,2,0,1,2,1,0,0,0,0,0,0,4.42244E+20,5.35032E+21,8.22116E+15,4.83034E+16
149804,8,1,27,76,2018,2,7,5,2,5,3,0,0,1,0,0,0,0,1,5.5712E+20,5.44072E+21,9.78277E+15,4.91166E+16
149805,8,3,16,49,2018,2,10,3,2,0,2,0,0,1,1,0,0,0,0,4.01486E+20,5.33929E+21,7.67423E+15,4.81992E+16
149806,8,1,21,0,2018,2,12,5,2,6,4,0,0,1,1,0,0,0,1,5.16235E+20,5.44295E+21,9.22258E+15,4.91391E+16
149807,8,3,15,22,2018,2,19,3,3,8,1,2,0,1,0,0,0,0,0,3.97032E+20,5.30029E+21,7.62368E+15,4.78477E+16
149808,8,3,11,0,2018,2,10,3,3,6,1,0,1,0,1,0,0,0,0,4.15092E+20,5.31723E+21,7.86169E+15,4.80028E+16
149809,8,1,19,85,2018,2,11,5,3,5,3,0,0,1,0,0,0,0,0,5.2951E+20,5.41363E+21,9.40245E+15,4.88749E+16
149810,8,3,11,0,2018,2,7,3,3,1,7,0,1,0,0,0,1,0,0,4.1195E+20,5.31429E+21,7.82018E+15,4.79758E+16
149811,8,1,19,93,2018,2,19,5,3,6,7,2,0,0,1,0,0,1,1,5.25143E+20,5.40419E+21,9.34231E+15,4.87902E+16
149812,8,1,16,78,2018,2,7,5,3,6,4,1,0,1,1,0,0,0,1,5.10423E+20,5.39387E+21,9.14164E+15,4.86978E+16
149813,8,3,11,0,2018,2,16,3,3,3,6,0,1,1,0,0,0,0,0,4.14072E+20,5.31797E+21,7.84787E+15,4.80093E+16
149814,8,2,12,0,2018,2,5,3,3,0,2,2,1,0,0,0,0,1,0,4.54291E+20,5.42916E+21,8.3749E+15,4.90136E+16
149815,8,1,11,0,2018,2,14,5,3,3,6,0,0,1,0,0,0,0,0,5.18318E+20,5.40308E+21,9.24936E+15,4.87805E+16
149816,8,2,31,0,2018,2,13,3,3,5,3,0,0,1,0,0,0,1,0,4.76618E+20,5.41565E+21,8.68101E+15,4.88933E+16
149817,8,4,35,59,2018,1,12,4,3,2,2,0,0,1,0,0,0,0,0,5.15037E+20,5.291E+21,9.2007E+15,4.77722E+16
149818,8,2,26,98,2018,2,17,3,2,1,6,2,0,1,0,0,0,0,0,4.7686E+20,5.46064E+21,8.68173E+15,4.92981E+16
149819,8,4,35,35,2018,1,6,4,2,4,2,2,1,1,0,0,0,0,0,5.42244E+20,5.28285E+21,9.56303E+15,4.76977E+16
149820,8,2,26,41,2018,2,10,3,3,5,3,0,0,1,0,0,0,0,0,4.76328E+20,5.4652E+21,8.67414E+15,4.93391E+16
149821,8,2,26,46,2018,2,7,3,3,0,7,1,0,1,0,0,0,0,0,4.74646E+20,5.45453E+21,8.65167E+15,4.9243E+16
149822,8,4,35,16,2018,1,13,4,2,5,3,0,1,1,0,0,0,0,0,5.36959E+20,5.2804E+21,9.49238E+15,4.76759E+16
149823,8,2,22,0,2018,2,14,3,3,2,6,0,0,1,0,0,0,0,0,4.62598E+20,5.47966E+21,8.48378E+15,4.94685E+16
149824,8,4,26,70,2018,1,12,4,3,2,6,0,0,1,0,0,0,0,0,5.66154E+20,5.34311E+21,9.89093E+15,4.82377E+16
149825,8,4,21,0,2018,1,16,4,3,3,6,1,0,1,0,0,0,1,0,5.72182E+20,5.3605E+21,9.97509E+15,4.83936E+16
149826,8,1,27,14,2018,2,14,4,2,5,2,0,1,1,0,0,0,0,0,5.7701E+20,5.443E+21,1.00557E+16,4.9135E+16
149827,8,1,16,49,2018,2,16,3,3,2,6,0,0,1,0,0,0,0,0,5.25126E+20,5.38557E+21,9.34096E+15,4.86227E+16
149828,8,1,17,15,2018,2,9,2,3,5,3,0,0,1,0,0,0,0,0,5.58506E+20,5.39287E+21,9.79491E+15,4.86861E+16
149829,8,2,31,0,2018,2,14,6,3,0,3,0,0,1,1,0,0,0,0,4.78627E+20,5.41698E+21,8.70834E+15,4.89054E+16
149830,8,1,15,3,2018,2,12,2,3,2,6,0,0,1,0,0,0,0,0,5.01096E+20,5.39114E+21,9.01489E+15,4.86733E+16
149831,8,4,21,0,2018,2,23,1,3,1,1,2,0,1,0,0,0,0,1,5.73084E+20,5.35649E+21,9.98658E+15,4.83573E+16
149832,8,1,17,58,2018,2,16,5,3,8,1,0,0,1,0,0,0,0,2,5.44687E+20,5.3794E+21,9.60571E+15,4.85661E+16
149833,8,4,16,41,2018,2,1,1,3,6,3,2,0,1,1,0,0,0,1,5.04341E+20,5.37386E+21,9.05878E+15,4.85179E+16
149834,8,3,35,43,2018,2,0,1,3,5,3,2,1,1,0,0,0,0,1,5.11065E+20,5.2808E+21,9.14743E+15,4.76805E+16
149835,8,2,15,21,2018,2,12,1,3,5,3,0,0,1,0,0,0,0,0,4.69485E+20,5.44493E+21,8.58149E+15,4.91564E+16
149836,8,1,25,65,2018,2,6,6,3,5,3,1,0,1,0,0,1,0,0,5.16373E+20,5.44798E+21,9.22468E+15,4.91844E+16
149837,8,2,26,76,2018,2,14,1,3,6,1,0,0,1,1,0,0,0,0,4.75165E+20,5.46552E+21,8.65811E+15,4.93419E+16
149838,8,2,21,0,2018,2,13,1,3,5,2,0,1,1,0,0,0,0,0,4.77593E+20,5.47215E+21,8.69116E+15,4.94017E+16
149839,8,3,36,84,2018,2,15,4,2,5,3,0,0,1,0,1,0,0,0,4.04909E+20,5.27728E+21,7.73398E+15,4.76419E+16
149840,8,2,15,21,2018,2,15,6,3,5,3,0,0,1,0,0,0,0,0,4.70146E+20,5.44424E+21,8.59061E+15,4.91502E+16
149841,8,2,12,0,2018,2,7,1,3,0,7,2,1,0,0,0,0,0,2,4.57404E+20,5.42812E+21,8.41757E+15,4.90045E+16
149842,8,1,16,78,2018,2,12,1,3,2,6,0,0,1,0,0,0,0,0,5.11005E+20,5.39489E+21,9.14959E+15,4.8707E+16
149843,8,2,22,0,2018,2,14,3,3,0,1,0,1,0,0,0,0,0,0,4.63349E+20,5.4905E+21,8.49314E+15,4.9566E+16
149844,8,4,26,21,2018,2,6,4,3,5,3,2,1,1,0,0,0,0,1,5.57804E+20,5.3277E+21,9.7764E+15,4.81E+16
149845,8,2,26,9,2018,2,16,3,3,5,3,0,1,1,0,0,0,0,0,4.65326E+20,5.47256E+21,8.52205E+15,4.94048E+16
149846,8,1,11,0,2018,2,0,1,3,6,7,2,0,1,1,0,0,0,0,5.12325E+20,5.40292E+21,9.16777E+15,4.87792E+16
149847,8,1,11,0,2018,2,6,1,2,6,4,2,0,1,1,0,0,0,1,5.12361E+20,5.40271E+21,9.16824E+15,4.87773E+16
149848,8,4,26,31,2018,2,20,7,3,4,6,2,0,1,0,0,0,0,2,5.82927E+20,5.32807E+21,1.01139E+16,4.81005E+16
149849,8,1,17,19,2018,2,7,6,3,1,6,0,0,1,0,0,0,0,0,5.51988E+20,5.39419E+21,9.70653E+15,4.86986E+16
149850,8,4,15,61,2018,2,12,7,3,2,6,0,0,1,0,0,0,0,1,5.1513E+20,5.37096E+21,9.20478E+15,4.84916E+16
149851,8,4,36,49,2018,2,6,2,3,2,2,2,1,1,0,0,0,0,2,5.78795E+20,5.28228E+21,1.005E+16,4.76891E+16
149852,8,2,21,0,2018,2,8,4,3,0,6,0,0,0,0,0,0,1,0,4.76787E+20,5.47217E+21,8.68005E+15,4.94018E+16
149853,8,4,25,20,2018,2,5,2,2,5,2,2,1,1,0,0,0,0,1,5.5823E+20,5.36205E+21,9.78686E+15,4.84089E+16
149854,8,3,26,74,2018,2,10,7,3,2,6,0,0,1,0,0,0,0,1,4.58978E+20,5.32475E+21,8.44928E+15,4.80747E+16
149855,8,3,11,0,2018,2,18,7,3,9,1,2,0,1,0,0,0,0,2,4.13566E+20,5.31904E+21,7.84087E+15,4.80188E+16
149856,8,3,11,0,2018,2,18,7,3,6,4,2,0,1,1,0,0,0,1,4.12402E+20,5.3176E+21,7.82556E+15,4.80057E+16
149857,8,3,35,43,2018,2,16,5,3,0,1,0,1,0,0,0,0,0,0,5.13425E+20,5.27925E+21,9.17882E+15,4.76665E+16
149858,8,3,11,0,2018,2,17,7,3,2,6,2,1,1,0,0,0,0,1,4.14078E+20,5.31593E+21,7.84835E+15,4.79909E+16
149859,8,2,12,0,2018,2,17,7,3,5,3,2,0,1,0,0,0,0,1,4.60431E+20,5.42729E+21,8.45905E+15,4.89972E+16
149860,8,1,36,65,2018,2,10,4,3,6,7,0,0,1,1,0,0,0,0,5.58377E+20,5.40569E+21,9.79498E+15,4.88015E+16
149861,8,2,37,19,2018,2,8,7,3,9,1,0,0,1,0,0,0,0,2,4.63807E+20,5.36827E+21,8.51038E+15,4.84665E+16
149862,8,2,26,85,2018,2,23,7,2,8,1,2,0,1,0,0,0,0,1,4.90812E+20,5.45531E+21,8.87375E+15,4.92505E+16
149863,8,3,11,0,2018,2,20,6,3,1,5,2,1,1,0,0,0,0,0,4.14671E+20,5.31699E+21,7.85609E+15,4.80005E+16
149864,8,2,22,0,2018,2,8,7,3,5,3,0,1,1,0,0,0,0,0,4.63247E+20,5.48077E+21,8.49264E+15,4.94785E+16
149865,8,4,37,100,2018,2,12,2,3,2,6,0,0,1,0,0,0,0,0,5.37151E+20,5.31755E+21,9.49813E+15,4.80102E+16
149866,8,2,12,0,2018,2,20,5,3,0,1,2,0,0,0,1,0,0,0,4.58857E+20,5.42819E+21,8.43744E+15,4.90052E+16
149867,8,4,37,104,2018,2,11,2,3,1,1,0,0,1,1,0,0,1,1,5.16637E+20,5.3259E+21,9.2234E+15,4.80861E+16
149868,8,1,15,3,2018,2,6,3,3,5,2,1,0,1,0,1,0,0,0,5.0112E+20,5.3921E+21,9.01522E+15,4.86819E+16
149869,8,2,12,0,2018,2,20,5,3,5,3,2,1,1,0,0,0,0,0,4.53779E+20,5.4287E+21,8.36795E+15,4.90094E+16
149870,8,1,11,0,2018,2,18,3,3,5,3,2,0,1,0,0,0,0,0,5.12719E+20,5.40802E+21,9.17329E+15,4.8825E+16
149871,8,1,16,19,2018,2,7,4,3,6,3,0,0,1,1,0,0,0,0,5.21496E+20,5.39824E+21,9.29236E+15,4.87368E+16
149872,8,2,26,28,2018,2,10,3,3,5,3,0,1,0,0,0,0,1,0,4.70886E+20,5.48369E+21,8.59788E+15,4.95052E+16
149873,8,1,15,45,2018,2,12,3,3,2,7,0,0,1,0,0,1,0,0,5.00589E+20,5.39427E+21,9.008E+15,4.87015E+16
149874,8,2,22,0,2018,2,17,7,3,2,6,0,0,1,0,0,0,1,1,4.64615E+20,5.48522E+21,8.51112E+15,4.95186E+16
149875,8,2,25,58,2018,2,17,6,2,5,3,1,1,1,0,0,0,0,0,5.0761E+20,5.46606E+21,9.10477E+15,4.93472E+16
149876,8,2,26,98,2018,2,11,7,2,6,4,0,0,1,1,0,0,0,1,4.76865E+20,5.45992E+21,8.68184E+15,4.92916E+16
149877,8,2,12,0,2018,2,13,7,3,2,6,0,0,1,0,0,0,0,1,4.51651E+20,5.42885E+21,8.33883E+15,4.90107E+16
149878,8,2,22,0,2018,2,13,3,3,4,6,0,1,0,0,0,0,0,0,4.61618E+20,5.48129E+21,8.4701E+15,4.9483E+16
149879,8,1,16,58,2018,2,17,5,3,5,3,0,1,1,0,0,0,0,0,5.34054E+20,5.39519E+21,9.46289E+15,4.87088E+16
149880,8,2,15,106,2018,2,8,3,3,0,7,0,0,1,0,0,0,1,0,4.6459E+20,5.45336E+21,8.51361E+15,4.9232E+16
149881,8,1,36,65,2018,2,12,7,3,6,2,0,0,1,1,0,0,0,1,5.58738E+20,5.40564E+21,9.79989E+15,4.8801E+16
149882,8,1,27,43,2018,2,7,7,3,5,3,0,0,1,0,0,0,1,0,5.66573E+20,5.44617E+21,9.9132E+15,4.91647E+16
149883,8,1,25,13,2018,2,8,7,3,6,6,0,0,0,1,0,0,1,0,5.05911E+20,5.43711E+21,9.08095E+15,4.90868E+16
149884,8,2,31,0,2018,2,18,3,3,6,4,2,0,1,1,0,0,0,0,4.77609E+20,5.41384E+21,8.69462E+15,4.88771E+16
149885,8,1,19,85,2018,2,18,7,2,6,2,1,0,1,1,0,0,0,0,5.29222E+20,5.41436E+21,9.39857E+15,4.88815E+16
149886,8,1,19,3,2018,2,23,7,3,5,3,2,0,1,0,0,0,0,1,5.3461E+20,5.41718E+21,9.4723E+15,4.89066E+16
149887,8,1,18,50,2018,2,20,7,3,6,7,2,0,1,1,0,0,0,1,5.08249E+20,5.41714E+21,9.11256E+15,4.89071E+16
149888,8,2,12,0,2018,2,7,6,2,5,3,0,1,1,0,0,0,0,0,4.54778E+20,5.43375E+21,8.38105E+15,4.9055E+16
149889,8,1,18,70,2018,2,10,7,3,1,7,0,0,1,0,0,0,0,0,5.19558E+20,5.42424E+21,9.26723E+15,4.89708E+16
149890,8,1,15,3,2018,2,12,7,3,2,2,0,0,1,0,0,0,0,2,4.98221E+20,5.39181E+21,8.97583E+15,4.86793E+16
149891,8,2,22,0,2018,2,22,3,3,5,3,2,0,1,0,0,0,0,0,4.63094E+20,5.47986E+21,8.4906E+15,4.94703E+16
149892,8,3,17,114,2018,2,17,4,3,1,7,0,0,1,0,1,0,0,0,4.04503E+20,5.34683E+21,7.71313E+15,4.82675E+16
149893,8,1,11,0,2018,2,12,7,3,6,2,0,0,1,1,0,0,0,1,5.12531E+20,5.40163E+21,9.17053E+15,4.87676E+16
149894,8,4,36,10,2018,2,9,6,3,8,7,0,0,1,0,0,0,0,0,5.67606E+20,5.30667E+21,9.90473E+15,4.79097E+16
149895,8,4,35,57,2018,2,13,6,3,8,1,0,0,1,0,0,0,0,0,5.49272E+20,5.28143E+21,9.65653E+15,4.76844E+16
149896,8,4,21,0,2018,2,11,5,2,0,1,0,0,0,0,1,0,0,2,5.7169E+20,5.36061E+21,9.96846E+15,4.83946E+16
149897,8,4,35,16,2018,2,22,6,2,0,1,2,1,0,0,0,0,0,0,5.35278E+20,5.27815E+21,9.46981E+15,4.76557E+16
149898,8,4,37,118,2018,2,8,6,3,8,1,0,0,1,0,0,0,0,2,5.11039E+20,5.31052E+21,9.14783E+15,4.79479E+16
149899,8,4,37,76,2018,2,14,6,3,5,3,0,0,1,0,0,0,0,0,5.24968E+20,5.32209E+21,9.33504E+15,4.80516E+16
149900,8,1,18,46,2018,2,6,6,3,5,3,1,0,1,0,0,0,0,0,5.13509E+20,5.41226E+21,9.1842E+15,4.88631E+16
149901,8,4,21,0,2018,2,8,6,3,2,1,0,1,1,0,0,0,0,1,5.73611E+20,5.36115E+21,9.99451E+15,4.83992E+16
149902,8,4,15,61,2018,2,14,6,3,5,3,0,1,1,0,0,0,0,0,5.15469E+20,5.37086E+21,9.20936E+15,4.84907E+16