OBJECTID_1,ULAND,UREGBEZ,UKREIS,UGEMEINDE,UJAHR,UMONAT,USTUNDE,UWOCHENTAG,UKATEGORIE,UART,UTYP1,ULICHTVERH,IstRad,IstPKW,IstFuss,IstKrad,IstGkfz,IstSonstig,STRZUSTAND,LINREFX,LINREFY,XGCSWGS84,YGCSWGS84
149903,8,2,26,84,2018,2,15,4,3,1,5,0,1,1,0,0,0,0,0,4.69803E+20,5.46993E+21,8.58396E+15,4.93813E+16
149904,8,3,35,75,2018,2,16,6,3,6,7,0,0,1,1,0,0,0,0,4.87733E+20,5.28951E+21,8.83631E+15,4.77588E+16
149905,8,3,26,74,2018,2,14,6,3,4,2,0,0,1,0,0,0,0,0,4.60134E+20,5.32253E+21,8.465E+15,4.80548E+16
149906,8,3,17,65,2018,2,17,6,3,5,3,1,0,1,0,1,0,0,0,4.16687E+20,5.3556E+21,7.87554E+15,4.83481E+16
149907,8,4,17,79,2018,2,13,5,3,2,2,0,0,1,0,0,0,1,1,5.01181E+20,5.3397E+21,9.0159E+15,4.82105E+16
149908,8,1,21,0,2018,2,7,3,3,6,4,1,0,0,1,0,0,1,0,5.17925E+20,5.44264E+21,9.24574E+15,4.91363E+16
149909,8,3,36,91,2018,2,14,3,3,5,3,0,1,1,0,0,0,0,0,3.96572E+20,5.27195E+21,7.62426E+15,4.75927E+16
149910,8,3,36,50,2018,2,9,6,3,6,7,0,0,0,1,0,0,1,0,3.98838E+20,5.27482E+21,7.65374E+15,4.76189E+16
149911,8,1,27,75,2018,2,12,4,3,5,3,0,0,1,0,0,0,0,0,5.79139E+20,5.46671E+21,1.00896E+16,4.9348E+16
149912,8,3,11,0,2018,2,12,6,3,5,3,0,1,1,0,0,0,0,0,4.14046E+20,5.31669E+21,7.84777E+15,4.79977E+16
149913,8,2,12,0,2018,2,17,6,3,1,7,0,0,1,0,0,0,1,0,4.54043E+20,5.42739E+21,8.37171E+15,4.89977E+16
149914,8,2,15,105,2018,2,14,4,3,2,2,0,0,1,0,0,0,0,0,4.57704E+20,5.44152E+21,8.42028E+15,4.91251E+16
149915,8,2,15,17,2018,2,5,6,3,4,2,2,1,1,0,0,0,0,1,4.5948E+20,5.42005E+21,8.44676E+15,4.89321E+16
149916,8,2,36,28,2018,2,10,6,3,5,3,0,0,1,0,0,0,0,0,4.94222E+20,5.42258E+21,8.92107E+15,4.89561E+16
149917,8,2,26,103,2018,2,8,6,3,2,6,0,0,1,0,0,0,0,1,4.72763E+20,5.45827E+21,8.62554E+15,4.92766E+16
149918,8,2,26,68,2018,2,19,5,3,5,3,2,1,0,0,0,0,1,0,4.68285E+20,5.46012E+21,8.56384E+15,4.9293E+16
149919,8,1,18,46,2018,2,12,3,3,1,7,0,0,1,0,0,0,0,0,5.14927E+20,5.41163E+21,9.2035E+15,4.88574E+16
149920,8,2,26,32,2018,2,14,6,3,5,7,0,0,1,0,0,0,0,0,4.6624E+20,5.46402E+21,8.53538E+15,4.9328E+16
149921,8,4,36,64,2018,2,8,3,3,2,6,0,0,1,0,0,0,0,1,5.45614E+20,5.29268E+21,9.60897E+15,4.77858E+16
149922,8,2,12,0,2018,2,6,3,3,2,6,2,0,1,0,0,0,0,0,4.59878E+20,5.43232E+21,8.45099E+15,4.90424E+16
149923,8,2,22,0,2018,2,13,6,3,2,6,0,0,1,0,0,0,0,0,4.63106E+20,5.48129E+21,8.49065E+15,4.94831E+16
149924,8,2,22,0,2018,2,7,6,3,5,3,0,0,0,0,0,0,1,0,4.64525E+20,5.47441E+21,8.51085E+15,4.94213E+16
149925,8,2,22,0,2018,2,18,6,3,6,2,2,0,1,1,0,0,0,0,4.62641E+20,5.48104E+21,8.48425E+15,4.94808E+16
149926,8,2,16,43,2018,2,7,6,3,5,3,0,1,1,0,0,0,0,0,4.41686E+20,5.41259E+21,8.2049E+15,4.88635E+16
149927,8,1,11,0,2018,2,7,3,3,4,6,0,0,1,0,0,0,1,0,5.13467E+20,5.4042E+21,9.18336E+15,4.87907E+16
149928,8,2,15,7,2018,2,11,6,3,2,6,0,0,1,0,1,0,0,1,4.77798E+20,5.43166E+21,8.69623E+15,4.90375E+16
149929,8,2,35,79,2018,2,16,6,3,6,7,0,0,1,1,0,0,0,0,4.66973E+20,5.40015E+21,8.55067E+15,4.87535E+16
149930,8,2,15,105,2018,2,18,6,3,5,3,0,0,1,0,1,0,0,0,4.57423E+20,5.44125E+21,8.41646E+15,4.91226E+16
149931,8,2,11,0,2018,2,6,6,3,2,2,1,0,1,0,0,0,0,1,4.42242E+20,5.40692E+21,8.21328E+15,4.88126E+16
149932,8,1,18,79,2018,2,7,5,3,1,5,0,1,1,0,0,0,0,0,5.096E+20,5.42192E+21,9.13112E+15,4.89501E+16
149933,8,1,11,0,2018,2,14,3,3,0,1,0,0,0,0,1,0,0,1,5.09712E+20,5.3963E+21,9.13205E+15,4.87196E+16
149934,8,1,36,19,2018,2,17,6,3,0,1,0,1,0,0,0,0,0,0,5.83004E+20,5.42329E+21,1.01339E+16,4.89569E+16
149935,8,1,35,19,2018,2,10,6,3,5,3,0,0,1,0,0,0,0,1,5.85443E+20,5.39358E+21,1.0161E+16,4.86894E+16
149936,8,1,35,19,2018,2,10,6,2,6,7,0,0,0,1,0,0,1,0,5.84039E+20,5.39036E+21,1.01413E+16,4.86606E+16
149937,8,1,28,7,2018,2,14,6,3,5,2,0,1,1,0,0,0,0,0,5.56064E+20,5.48281E+21,9.77421E+15,4.94953E+16
149938,8,1,28,115,2018,2,11,6,3,5,3,0,0,1,0,0,0,0,0,5.48452E+20,5.49731E+21,9.67088E+15,4.96264E+16
149939,8,4,35,59,2018,2,6,2,3,5,3,2,0,1,0,0,0,0,0,5.14053E+20,5.28917E+21,9.1875E+15,4.77558E+16
149940,8,1,19,41,2018,2,10,6,3,5,7,0,0,1,0,0,0,0,0,5.26824E+20,5.40923E+21,9.36554E+15,4.88355E+16
149941,8,3,11,0,2018,2,8,4,3,2,6,0,0,1,0,0,0,0,0,4.13094E+20,5.31721E+21,7.83491E+15,4.80023E+16
149942,8,4,26,120,2018,2,11,2,3,6,7,0,0,0,1,0,0,1,2,5.61539E+20,5.3243E+21,9.82607E+15,4.8069E+16
149943,8,1,19,20,2018,2,20,6,3,8,1,2,0,1,0,0,0,0,0,5.20543E+20,5.40818E+21,9.27989E+15,4.88262E+16
149944,8,1,11,0,2018,2,18,5,3,1,7,2,0,1,0,1,0,0,0,5.15275E+20,5.40323E+21,9.20793E+15,4.87819E+16
149945,8,1,18,79,2018,2,16,6,3,5,3,0,0,1,0,1,0,0,0,5.09664E+20,5.42307E+21,9.13202E+15,4.89605E+16
149946,8,1,16,80,2018,2,12,6,3,5,3,0,0,1,0,0,0,0,0,5.22624E+20,5.39515E+21,9.30753E+15,4.8709E+16
149947,8,1,15,24,2018,2,11,6,3,5,3,0,1,1,0,0,0,0,0,5.00884E+20,5.38721E+21,9.012E+15,4.8638E+16
149948,8,1,18,79,2018,2,17,6,3,5,2,0,1,1,0,0,0,0,0,5.10825E+20,5.4223E+21,9.14786E+15,4.89535E+16
149949,8,1,11,0,2018,2,11,6,3,0,6,0,0,1,0,1,0,0,1,5.10796E+20,5.39722E+21,9.14681E+15,4.87279E+16
149950,8,3,36,91,2018,2,19,2,3,9,1,2,0,1,0,0,0,0,0,3.92943E+20,5.27532E+21,7.57519E+15,4.76224E+16
149951,8,1,11,0,2018,2,8,6,2,8,1,0,1,0,0,0,0,0,1,5.12641E+20,5.40637E+21,9.17218E+15,4.88102E+16
149952,8,2,22,0,2018,2,13,4,3,5,2,0,1,1,0,0,0,0,0,4.61424E+20,5.4821E+21,8.46735E+15,4.94903E+16
149953,8,1,11,0,2018,2,8,6,2,0,1,0,1,0,0,0,0,0,1,5.11786E+20,5.40352E+21,9.16044E+15,4.87845E+16
149954,8,4,36,8,2018,2,21,5,3,4,1,2,0,1,0,0,0,0,1,5.47874E+20,5.31078E+21,9.64114E+15,4.79486E+16
149955,8,3,35,43,2018,2,1,5,3,0,1,2,0,1,0,0,0,0,0,5.10851E+20,5.28223E+21,9.14462E+15,4.76933E+16
149956,8,4,16,36,2018,2,13,5,3,0,7,0,1,0,0,0,0,0,2,4.95206E+20,5.36867E+21,8.93513E+15,4.84712E+16
149957,8,3,37,66,2018,2,8,5,3,8,1,0,0,1,0,0,0,0,1,4.29832E+20,5.26864E+21,8.06712E+15,4.75674E+16
149958,8,4,15,61,2018,2,13,5,3,1,6,0,0,1,0,0,0,1,0,5.15317E+20,5.36994E+21,9.20728E+15,4.84824E+16
149959,8,3,37,65,2018,2,8,5,3,0,7,0,0,1,0,0,0,1,2,4.47976E+20,5.27574E+21,8.30748E+15,4.7633E+16
149960,8,3,11,0,2018,2,17,2,3,0,2,0,0,1,0,0,0,1,0,4.14074E+20,5.3159E+21,7.84831E+15,4.79906E+16
149961,8,3,35,75,2018,2,12,5,3,5,3,0,0,1,0,0,0,0,1,4.89064E+20,5.28838E+21,8.85411E+15,4.77487E+16
149962,8,2,12,0,2018,2,17,4,3,6,7,0,0,1,1,0,0,0,0,4.61827E+20,5.42414E+21,8.47843E+15,4.8969E+16
149963,8,3,11,0,2018,2,10,5,3,0,7,0,1,1,0,0,0,0,1,4.12694E+20,5.31773E+21,7.82944E+15,4.80069E+16
149964,8,3,11,0,2018,2,8,5,3,0,7,0,1,0,0,0,0,0,2,4.10841E+20,5.32075E+21,7.80398E+15,4.80338E+16
149965,8,2,12,0,2018,2,12,5,3,5,3,0,1,1,0,0,0,0,1,4.55039E+20,5.4299E+21,8.38505E+15,4.90203E+16
149966,8,2,31,0,2018,2,18,5,2,5,3,2,0,1,0,0,0,0,1,4.7598E+20,5.41488E+21,8.67234E+15,4.88864E+16
149967,8,2,15,25,2018,2,14,5,3,6,4,0,0,1,1,0,0,0,0,4.75057E+20,5.4343E+21,8.65856E+15,4.9061E+16
149968,8,3,11,0,2018,2,7,2,3,0,1,0,1,0,0,0,0,0,0,4.147E+20,5.31636E+21,7.8566E+15,4.79948E+16
149969,8,2,26,84,2018,2,9,5,3,1,6,0,0,1,0,0,0,0,2,4.68677E+20,5.46984E+21,8.56845E+15,4.93804E+16
149970,8,2,12,0,2018,2,22,5,3,5,2,2,0,1,0,0,0,1,0,4.55971E+20,5.4279E+21,8.39801E+15,4.90024E+16
149971,8,3,11,0,2018,2,12,2,3,1,5,0,1,1,0,0,0,0,0,4.12138E+20,5.31711E+21,7.82211E+15,4.80013E+16
149972,8,2,22,0,2018,2,16,5,2,8,5,1,0,1,0,0,0,0,1,4.61705E+20,5.48378E+21,8.47106E+15,4.95054E+16
149973,8,1,16,58,2018,2,17,4,3,6,7,0,0,1,1,0,0,0,0,5.3257E+20,5.39586E+21,9.44277E+15,4.87149E+16
149974,8,1,16,19,2018,2,9,3,3,0,7,0,1,0,0,0,0,0,0,5.2241E+20,5.39895E+21,9.30482E+15,4.87431E+16
149975,8,2,12,0,2018,2,13,5,3,6,7,0,1,0,1,0,0,0,1,4.54906E+20,5.42813E+21,8.38342E+15,4.90044E+16
149976,8,2,26,98,2018,2,16,6,3,2,6,0,0,1,0,0,0,0,0,4.78977E+20,5.46068E+21,8.71084E+15,4.92985E+16
149977,8,1,36,68,2018,2,19,5,2,8,1,2,0,1,0,0,0,0,2,5.98155E+20,5.42943E+21,1.03423E+16,4.901E+16
149978,8,2,36,40,2018,2,12,2,3,2,6,0,0,1,0,0,0,0,0,4.90645E+20,5.42241E+21,8.87222E+15,4.89546E+16
149979,8,1,18,79,2018,2,8,5,3,0,4,0,0,1,1,0,0,0,0,5.08894E+20,5.4235E+21,9.12152E+15,4.89644E+16
149980,8,1,16,19,2018,2,21,5,2,5,3,2,0,1,0,0,0,0,0,5.21726E+20,5.3982E+21,9.29548E+15,4.87364E+16
149981,8,2,26,49,2018,2,6,2,3,6,4,2,0,1,1,0,0,0,0,4.86432E+20,5.46308E+21,8.8133E+15,4.93203E+16
149982,8,1,17,49,2018,2,5,5,3,5,3,1,1,1,0,0,0,0,0,5.55991E+20,5.39195E+21,9.76062E+15,4.86781E+16
149983,8,2,31,0,2018,2,14,3,3,2,6,0,0,1,0,0,0,1,0,4.78997E+20,5.41613E+21,8.71344E+15,4.88978E+16
149984,8,1,17,19,2018,2,10,5,2,6,4,0,0,1,1,0,0,0,1,5.52019E+20,5.39424E+21,9.70695E+15,4.8699E+16
149985,8,4,35,29,2018,2,7,4,2,4,2,1,1,1,0,0,0,0,2,5.45444E+20,5.27127E+21,9.60447E+15,4.75933E+16
149986,8,1,19,79,2018,2,15,6,3,1,6,0,0,1,0,0,0,0,0,5.22593E+20,5.40803E+21,9.30781E+15,4.88249E+16
149987,8,4,16,22,2018,2,20,4,3,0,7,2,1,0,0,0,0,0,0,5.11072E+20,5.37477E+21,9.14996E+15,4.8526E+16
149988,8,2,22,0,2018,2,19,2,3,5,7,1,0,1,0,1,0,0,0,4.6114E+20,5.48397E+21,8.46324E+15,4.95071E+16
149989,8,4,15,61,2018,2,12,4,3,3,2,0,0,1,0,1,0,0,0,5.16545E+20,5.37062E+21,9.22392E+15,4.84885E+16
149990,8,3,37,30,2018,2,15,4,3,4,6,0,0,1,0,0,0,0,0,4.60151E+20,5.27414E+21,8.46969E+15,4.76194E+16
149991,8,3,35,75,2018,2,12,4,3,2,6,0,0,1,0,0,0,0,0,4.89174E+20,5.28892E+21,8.85555E+15,4.77535E+16
149992,8,2,15,100,2018,2,6,6,3,4,2,2,0,1,0,1,0,0,0,4.74307E+20,5.45176E+21,8.64719E+15,4.92181E+16
149993,8,3,17,151,2018,2,12,4,3,5,3,0,0,1,0,0,0,0,0,4.12296E+20,5.36535E+21,7.81425E+15,4.84352E+16
149994,8,2,22,0,2018,2,7,2,2,2,6,0,0,1,0,0,0,0,0,4.64255E+20,5.48406E+21,8.50626E+15,4.95081E+16
149995,8,3,11,0,2018,2,20,4,3,5,1,2,1,1,0,0,0,0,0,4.18335E+20,5.31557E+21,7.90547E+15,4.79882E+16
149996,8,3,17,96,2018,2,12,4,3,5,3,0,1,1,0,0,0,0,0,4.2214E+20,5.36892E+21,7.94665E+15,4.84686E+16
149997,8,2,21,0,2018,2,13,2,3,4,6,0,0,1,0,1,0,1,1,4.77869E+20,5.47162E+21,8.69499E+15,4.93969E+16
149998,8,3,11,0,2018,2,18,4,3,6,4,2,0,0,1,1,0,0,0,4.13549E+20,5.31679E+21,7.8411E+15,4.79985E+16
149999,8,4,16,22,2018,2,20,3,3,0,7,2,0,1,0,1,0,0,0,5.10245E+20,5.37539E+21,9.13878E+15,4.85316E+16
150000,8,2,37,2,2018,2,15,4,3,9,1,0,0,1,0,0,0,0,2,4.58585E+20,5.35359E+21,8.44119E+15,4.83341E+16
150001,8,2,35,46,2018,2,8,4,3,5,3,0,0,1,0,0,0,1,0,4.81673E+20,5.37595E+21,8.75174E+15,4.85364E+16
150002,8,1,11,0,2018,2,14,6,3,3,2,0,0,1,0,0,0,0,0,5.11506E+20,5.40922E+21,9.15679E+15,4.88358E+16
150003,8,2,36,33,2018,2,20,4,3,5,3,2,0,1,0,0,0,0,0,4.81735E+20,5.42971E+21,8.75018E+15,4.902E+16
150004,8,2,15,66,2018,2,9,2,3,5,3,0,0,1,0,0,0,1,0,4.60579E+20,5.45373E+21,8.45848E+15,4.92351E+16
150005,8,2,22,0,2018,2,15,4,2,5,3,0,0,1,0,0,0,0,0,4.61252E+20,5.48208E+21,8.46496E+15,4.94901E+16
150006,8,2,16,5,2018,2,17,4,3,5,3,1,0,1,0,0,0,0,0,4.44665E+20,5.41819E+21,8.24475E+15,4.89142E+16
150007,8,2,25,109,2018,2,10,2,2,5,3,0,0,1,0,0,0,0,0,5.31737E+20,5.48475E+21,9.43844E+15,4.95145E+16
150008,8,2,22,0,2018,2,11,4,2,2,1,0,0,1,0,0,0,1,0,4.62923E+20,5.48298E+21,8.48796E+15,4.94983E+16
150009,8,2,26,38,2018,2,16,4,3,4,2,0,1,0,0,0,0,1,0,4.71445E+20,5.48023E+21,8.60584E+15,4.94741E+16
150010,8,2,26,85,2018,2,15,4,3,2,1,0,0,1,0,0,0,0,0,4.91307E+20,5.45498E+21,8.88055E+15,4.92475E+16
150011,8,1,27,14,2018,2,14,2,3,2,6,0,0,1,0,0,0,0,0,5.78974E+20,5.44293E+21,1.00826E+16,4.91341E+16
150012,8,2,21,0,2018,2,12,4,3,0,6,0,0,1,0,0,0,1,0,4.76235E+20,5.4726E+21,8.67242E+15,4.94056E+16
150013,8,2,26,103,2018,2,9,4,2,0,6,0,0,0,0,0,0,1,0,4.73698E+20,5.45451E+21,8.63864E+15,4.92428E+16
150014,8,2,16,15,2018,2,14,4,3,3,6,0,1,1,0,0,0,0,0,4.50069E+20,5.40602E+21,8.32E+15,4.88051E+16
150015,8,3,35,75,2018,2,22,5,3,1,5,2,0,1,0,0,1,0,0,4.89047E+20,5.28919E+21,8.85386E+15,4.7756E+16
150016,8,2,15,59,2018,2,12,4,3,5,3,0,0,1,0,0,0,0,0,4.85201E+20,5.43464E+21,8.79741E+15,4.90645E+16
150017,8,1,21,0,2018,2,10,2,2,0,7,0,1,0,0,0,0,1,0,5.16549E+20,5.44254E+21,9.22688E+15,4.91355E+16
150018,8,1,36,65,2018,2,14,4,3,5,3,0,0,1,0,0,0,0,0,5.56113E+20,5.4043E+21,9.76396E+15,4.87892E+16
150019,8,1,36,19,2018,2,19,4,3,0,7,2,0,1,0,0,0,0,0,5.91723E+20,5.42421E+21,1.02531E+16,4.8964E+16
150020,8,1,25,98,2018,2,9,4,3,2,6,0,0,1,0,0,0,0,0,5.21086E+20,5.43702E+21,9.28878E+15,4.90857E+16
150021,8,1,21,0,2018,2,8,4,3,6,4,0,0,1,1,0,0,0,0,5.15058E+20,5.44102E+21,9.20638E+15,4.91219E+16
150022,8,2,37,40,2018,2,0,6,3,9,1,2,0,1,0,0,0,0,2,4.74108E+20,5.37122E+21,8.64954E+15,4.84936E+16
150023,8,1,18,19,2018,2,16,4,3,5,3,0,0,1,0,0,0,0,0,5.04739E+20,5.40533E+21,9.06453E+15,4.8801E+16
150024,8,1,18,48,2018,2,9,4,3,0,7,0,0,1,0,0,0,1,0,5.14038E+20,5.41593E+21,9.19153E+15,4.88962E+16
150025,8,1,16,78,2018,2,12,4,3,0,1,0,0,0,0,1,0,0,0,5.12154E+20,5.39068E+21,9.16507E+15,4.86691E+16
150026,8,2,26,41,2018,2,15,5,2,4,6,0,1,1,0,0,0,0,0,4.82073E+20,5.46571E+21,8.75321E+15,4.93439E+16
150027,8,1,21,0,2018,2,8,2,2,5,2,0,1,1,0,0,0,0,0,5.15886E+20,5.4446E+21,9.21786E+15,4.9154E+16
150028,8,1,15,45,2018,2,12,4,3,2,6,0,0,1,0,0,0,0,0,5.01949E+20,5.39447E+21,9.02649E+15,4.87033E+16
150029,8,1,15,51,2018,2,14,4,3,4,6,0,0,1,0,0,0,0,0,5.03771E+20,5.38533E+21,9.05117E+15,4.8621E+16
150030,8,2,15,108,2018,2,10,3,3,8,1,0,1,0,0,0,0,0,0,4.48765E+20,5.42395E+21,8.29998E+15,4.89663E+16
150031,8,1,15,28,2018,2,23,4,3,5,3,2,0,1,0,0,0,0,0,5.00517E+20,5.40424E+21,9.00704E+15,4.87912E+16
150032,8,1,15,50,2018,2,7,4,3,9,7,0,0,1,0,0,0,0,0,4.90332E+20,5.39972E+21,8.86847E+15,4.87504E+16
150033,8,2,22,0,2018,2,12,6,3,5,3,0,0,1,0,0,0,0,0,4.63994E+20,5.48692E+21,8.50238E+15,4.95339E+16
150034,8,4,35,35,2018,2,11,3,3,0,1,0,1,0,0,0,0,0,2,5.41421E+20,5.28112E+21,9.55189E+15,4.76821E+16
150035,8,1,19,20,2018,2,15,2,3,5,3,0,0,1,0,1,0,0,0,5.20232E+20,5.40586E+21,9.27554E+15,4.88054E+16
150036,8,4,15,61,2018,2,17,3,3,6,2,2,0,1,1,0,0,0,0,5.16208E+20,5.37094E+21,9.21937E+15,4.84913E+16
150037,8,1,11,0,2018,2,14,5,3,0,6,0,0,0,0,0,0,1,0,5.1943E+20,5.4017E+21,9.26442E+15,4.8768E+16
150038,8,1,18,71,2018,2,16,2,3,0,7,0,0,1,0,0,0,0,0,5.08206E+20,5.41852E+21,9.11202E+15,4.89196E+16
150039,8,4,15,59,2018,2,8,3,3,2,6,0,0,1,0,0,0,0,0,5.16829E+20,5.37003E+21,9.22774E+15,4.84832E+16
150040,8,3,37,2,2018,2,17,3,2,8,1,0,0,1,0,0,0,0,0,4.34889E+20,5.27526E+21,8.13337E+15,4.76275E+16
150041,8,1,25,65,2018,2,17,5,3,5,3,0,1,1,0,0,0,0,0,5.1671E+20,5.44695E+21,9.22926E+15,4.91751E+16
150042,8,3,35,75,2018,2,19,3,3,0,7,2,1,0,0,0,0,0,0,4.87738E+20,5.29031E+21,8.83636E+15,4.7766E+16
150043,8,3,35,63,2018,2,14,3,2,0,7,0,1,0,0,0,0,0,0,4.97794E+20,5.28717E+21,8.97058E+15,4.77379E+16
150044,8,3,35,43,2018,2,14,3,3,2,6,0,0,1,0,1,0,0,1,5.13927E+20,5.27969E+21,9.18553E+15,4.76704E+16
150045,8,3,27,50,2018,2,15,3,3,5,3,0,0,1,0,0,1,0,0,4.87443E+20,5.31429E+21,8.83172E+15,4.79818E+16
150046,8,1,36,65,2018,2,19,6,3,6,4,2,0,1,1,0,0,0,0,5.58962E+20,5.40578E+21,9.80295E+15,4.88022E+16
150047,8,3,17,96,2018,2,12,3,3,2,6,0,0,1,0,0,0,0,0,4.21074E+20,5.36899E+21,7.93223E+15,4.84691E+16
150048,8,3,17,65,2018,2,8,3,3,2,6,0,0,1,0,0,0,1,0,4.11158E+20,5.3565E+21,7.80074E+15,4.83554E+16
150049,8,3,17,89,2018,2,12,4,2,0,7,0,1,0,0,0,0,0,0,4.30928E+20,5.37683E+21,8.06422E+15,4.85408E+16
150050,8,3,15,15,2018,2,15,3,3,5,3,0,1,1,0,0,0,0,0,3.96482E+20,5.3193E+21,7.61176E+15,4.80186E+16
150051,8,3,15,132,2018,2,8,3,3,1,1,0,0,1,0,0,1,0,0,4.08399E+20,5.32468E+21,7.77038E+15,4.80688E+16
150052,8,3,11,0,2018,2,17,3,2,5,3,0,0,1,0,1,0,0,0,4.1001E+20,5.31679E+21,7.79367E+15,4.7998E+16
150053,8,3,11,0,2018,2,11,3,3,2,6,0,0,1,0,0,0,0,0,4.14158E+20,5.32077E+21,7.84846E+15,4.80344E+16
150054,8,2,22,0,2018,2,23,3,3,6,7,2,0,0,1,0,0,1,0,4.61696E+20,5.48156E+21,8.47115E+15,4.94855E+16
150055,8,1,18,80,2018,2,6,6,3,5,3,0,0,1,0,0,1,0,0,5.06535E+20,5.411E+21,9.08909E+15,4.88519E+16
150056,8,2,22,0,2018,2,18,3,3,2,6,1,0,1,0,1,0,0,0,4.62408E+20,5.48091E+21,8.48105E+15,4.94797E+16
150057,8,2,21,0,2018,2,14,3,3,5,3,0,1,1,0,0,0,0,0,4.76151E+20,5.47274E+21,8.67125E+15,4.94069E+16
150058,8,2,26,68,2018,2,10,4,3,8,5,0,0,1,0,0,0,0,0,4.68935E+20,5.46027E+21,8.57275E+15,4.92943E+16
150059,8,2,12,0,2018,2,11,3,3,0,7,0,1,0,0,0,0,0,0,4.5638E+20,5.42526E+21,8.40388E+15,4.89787E+16
150060,8,2,12,0,2018,2,17,3,3,0,1,0,1,0,0,0,0,0,0,4.55573E+20,5.42876E+21,8.39247E+15,4.90101E+16
150061,8,2,11,0,2018,2,13,3,3,0,7,0,0,0,0,1,0,0,0,4.40633E+20,5.40424E+21,8.19175E+15,4.87883E+16
150062,8,3,11,0,2018,2,14,5,3,5,1,0,1,0,0,0,0,0,0,4.1374E+20,5.31678E+21,7.84366E+15,4.79985E+16
150063,8,2,31,0,2018,2,14,3,2,6,7,0,0,1,1,0,0,0,1,4.78615E+20,5.41602E+21,8.70823E+15,4.88968E+16
150064,8,1,25,26,2018,2,14,3,3,6,7,0,1,0,1,0,0,0,0,4.93589E+20,5.44292E+21,8.91211E+15,4.9139E+16
150065,8,4,21,0,2018,2,23,5,2,6,4,2,0,1,1,0,0,0,0,5.72859E+20,5.36113E+21,9.98434E+15,4.83991E+16
150066,8,1,19,41,2018,2,16,3,3,1,6,0,1,1,0,0,0,1,1,5.28029E+20,5.41107E+21,9.38208E+15,4.8852E+16
150067,8,1,18,73,2018,2,12,3,3,4,6,0,1,1,0,0,0,0,0,4.99069E+20,5.4252E+21,8.98728E+15,4.89797E+16
150068,8,2,12,0,2018,2,20,4,2,5,3,2,1,1,0,0,0,0,0,4.54736E+20,5.4327E+21,8.38059E+15,4.90455E+16
150069,8,1,15,3,2018,2,12,3,3,3,6,0,0,1,0,0,0,0,0,5.00712E+20,5.39301E+21,9.00967E+15,4.86902E+16
150070,8,1,17,60,2018,2,15,3,3,6,4,0,0,1,1,0,0,0,0,5.41939E+20,5.38896E+21,9.56944E+15,4.86523E+16
150071,8,2,16,43,2018,2,14,5,3,2,6,0,0,1,0,1,0,0,0,4.43286E+20,5.41272E+21,8.2267E+15,4.88648E+16
150072,8,1,15,16,2018,2,10,3,3,1,5,0,0,1,0,0,1,0,0,4.89059E+20,5.37855E+21,8.85172E+15,4.85599E+16
150073,8,4,16,41,2018,2,16,3,2,3,6,0,1,0,0,0,0,0,0,5.03565E+20,5.37381E+21,9.04827E+15,4.85174E+16
150074,8,1,28,139,2018,2,15,3,3,5,3,0,0,1,0,0,0,0,0,5.5373E+20,5.48646E+21,9.74248E+15,4.95284E+16
150075,8,1,15,45,2018,2,18,3,3,2,6,0,0,1,0,0,0,0,0,5.0239E+20,5.39488E+21,9.03249E+15,4.8707E+16
150076,8,1,11,0,2018,2,15,3,2,5,3,0,0,1,0,1,0,0,0,5.10397E+20,5.39731E+21,9.14139E+15,4.87287E+16
150077,8,1,35,16,2018,3,11,2,3,0,7,0,0,1,0,0,0,1,0,5.93105E+20,5.3867E+21,1.02635E+16,4.86265E+16
150078,8,2,22,0,2018,3,13,6,3,6,7,0,1,0,1,0,0,0,0,4.61786E+20,5.4829E+21,8.47226E+15,4.94975E+16
150079,8,4,15,62,2018,3,10,2,3,5,3,0,0,1,0,0,0,0,0,5.19786E+20,5.37864E+21,9.26816E+15,4.85605E+16
150080,8,2,22,0,2018,3,14,6,2,6,4,0,0,1,1,0,0,0,0,4.64386E+20,5.48452E+21,8.50802E+15,4.95123E+16
150081,8,1,19,90,2018,3,15,2,3,2,3,0,0,1,0,0,0,0,0,5.29883E+20,5.40673E+21,9.40703E+15,4.88128E+16
150082,8,2,21,0,2018,3,21,6,3,3,3,2,0,1,0,0,0,0,2,4.7604E+20,5.46945E+21,8.66992E+15,4.93773E+16
150083,8,2,16,15,2018,3,12,6,3,5,3,0,0,1,0,0,0,0,0,4.49399E+20,5.40673E+21,8.31078E+15,4.88115E+16
150084,8,1,19,86,2018,3,18,2,2,0,7,2,1,0,0,0,0,0,0,5.34903E+20,5.40563E+21,9.47532E+15,4.88027E+16
150085,8,2,15,9,2018,3,13,6,3,5,3,0,1,1,0,0,0,0,0,4.73928E+20,5.4389E+21,8.64281E+15,4.91024E+16
150086,8,3,11,0,2018,3,16,2,3,5,3,0,1,1,0,0,0,0,0,4.15436E+20,5.31579E+21,7.86658E+15,4.79899E+16
150087,8,2,12,0,2018,3,8,6,3,5,3,0,1,0,0,0,0,0,0,4.57811E+20,5.42885E+21,8.42306E+15,4.90111E+16
150088,8,1,19,67,2018,3,16,6,3,0,1,0,1,0,0,0,0,0,0,5.39134E+20,5.40494E+21,9.53287E+15,4.87962E+16
150089,8,1,18,80,2018,3,17,2,3,0,4,0,0,0,1,0,0,1,0,5.06745E+20,5.41115E+21,9.09195E+15,4.88533E+16