OBJECTID_1,ULAND,UREGBEZ,UKREIS,UGEMEINDE,UJAHR,UMONAT,USTUNDE,UWOCHENTAG,UKATEGORIE,UART,UTYP1,ULICHTVERH,IstRad,IstPKW,IstFuss,IstKrad,IstGkfz,IstSonstig,STRZUSTAND,LINREFX,LINREFY,XGCSWGS84,YGCSWGS84
150090,8,1,18,11,2018,3,18,6,2,4,5,2,0,1,0,0,0,0,0,5.05451E+20,5.4079E+21,9.07427E+15,4.8824E+16
150091,8,1,18,18,2018,3,7,6,3,5,3,0,0,1,0,0,0,0,0,5.114E+20,5.43067E+21,9.15595E+15,4.90288E+16
150092,8,1,18,79,2018,3,12,2,3,0,7,0,1,0,0,0,0,0,0,5.10854E+20,5.4213E+21,9.14823E+15,4.89445E+16
150093,8,1,16,77,2018,3,16,2,3,5,3,0,0,1,0,0,0,0,0,5.15256E+20,5.3914E+21,9.20724E+15,4.86754E+16
150094,8,1,11,0,2018,3,11,6,3,3,6,0,0,1,0,1,0,0,0,5.15276E+20,5.40361E+21,9.20795E+15,4.87853E+16
150095,8,1,11,0,2018,3,7,6,3,2,6,0,0,1,0,1,0,0,0,5.16509E+20,5.40528E+21,9.22481E+15,4.88003E+16
150096,8,1,16,77,2018,3,10,2,3,4,2,0,0,1,0,0,0,0,0,5.14978E+20,5.38837E+21,9.20335E+15,4.86482E+16
150097,8,1,11,0,2018,3,21,6,3,2,6,2,0,1,0,0,0,0,1,5.16014E+20,5.40614E+21,9.2181E+15,4.8808E+16
150098,8,2,26,84,2018,3,15,2,3,4,6,0,0,1,0,0,0,1,0,4.69511E+20,5.46958E+21,8.57996E+15,4.93782E+16
150099,8,1,11,0,2018,3,11,6,3,0,7,0,0,1,0,0,0,0,1,5.08661E+20,5.39593E+21,9.11774E+15,4.87164E+16
150100,8,4,16,48,2018,3,15,5,3,0,7,0,0,0,0,1,0,0,2,4.96961E+20,5.37959E+21,8.95881E+15,4.85694E+16
150101,8,1,16,80,2018,3,12,2,3,1,7,0,0,1,0,0,0,0,0,5.16641E+20,5.39679E+21,9.22627E+15,4.87239E+16
150102,8,4,16,41,2018,3,17,5,3,0,7,0,0,0,0,0,0,1,0,5.04286E+20,5.37396E+21,9.05805E+15,4.85187E+16
150103,8,4,15,50,2018,3,12,5,2,5,3,0,1,1,0,0,0,0,0,5.20603E+20,5.37718E+21,9.27916E+15,4.85474E+16
150104,8,1,15,24,2018,3,8,2,3,5,7,0,0,1,0,0,0,0,0,5.01382E+20,5.38691E+21,9.01875E+15,4.86353E+16
150105,8,3,36,105,2018,3,18,5,3,6,3,1,0,1,1,0,0,0,1,3.99514E+20,5.26735E+21,7.66444E+15,4.75518E+16
150106,8,1,21,0,2018,3,13,3,3,4,6,0,1,1,0,0,0,0,0,5.15827E+20,5.44321E+21,9.217E+15,4.91415E+16
150107,8,3,17,1,2018,3,10,5,3,5,3,0,0,1,0,0,0,0,0,4.32263E+20,5.38709E+21,8.08064E+15,4.86332E+16
150108,8,2,22,0,2018,3,15,2,3,6,3,0,0,1,1,0,0,0,0,4.61802E+20,5.48141E+21,8.47262E+15,4.94842E+16
150109,8,3,11,0,2018,3,6,5,3,5,3,1,1,1,0,0,0,0,0,4.14074E+20,5.31797E+21,7.84789E+15,4.80093E+16
150110,8,3,11,0,2018,3,7,5,3,2,2,0,1,1,0,0,0,0,0,4.12893E+20,5.31805E+21,7.83204E+15,4.80098E+16
150111,8,1,15,3,2018,3,21,2,3,5,2,2,0,1,0,1,0,0,0,5.00891E+20,5.39269E+21,9.01211E+15,4.86872E+16
150112,8,2,12,0,2018,3,19,5,2,6,4,2,0,1,1,0,0,0,0,4.58708E+20,5.43187E+21,8.43502E+15,4.90384E+16
150113,8,2,31,0,2018,3,8,5,3,2,6,0,0,1,0,0,0,0,0,4.75975E+20,5.41598E+21,8.67221E+15,4.88963E+16
150114,8,1,11,0,2018,3,15,2,2,0,7,0,0,1,0,0,0,1,0,5.18007E+20,5.40215E+21,9.24507E+15,4.87721E+16
150115,8,2,26,9,2018,3,10,5,3,5,3,0,0,1,0,0,0,0,0,4.65809E+20,5.47288E+21,8.52868E+15,4.94077E+16
150116,8,1,11,0,2018,3,15,3,3,6,4,0,0,1,1,0,0,0,0,5.18553E+20,5.40286E+21,9.25254E+15,4.87785E+16
150117,8,2,22,0,2018,3,12,5,3,2,6,0,0,1,0,0,0,0,0,4.6195E+20,5.48133E+21,8.47468E+15,4.94835E+16
150118,8,1,11,0,2018,3,18,2,3,2,2,1,0,1,0,0,0,0,0,5.1245E+20,5.40192E+21,9.16944E+15,4.87702E+16
150119,8,2,15,7,2018,3,13,5,3,0,3,0,0,1,0,1,0,0,0,4.76417E+20,5.43241E+21,8.67729E+15,4.90441E+16
150120,8,1,28,131,2018,3,8,5,3,2,6,0,0,1,0,0,0,0,0,5.36454E+20,5.51112E+21,9.50605E+15,4.97515E+16
150121,8,4,25,88,2018,3,19,1,2,5,3,2,0,1,0,1,0,0,1,5.62346E+20,5.35015E+21,9.8407E+15,4.83015E+16
150122,8,1,36,65,2018,3,14,2,3,6,7,0,0,1,1,0,0,0,0,5.62573E+20,5.40777E+21,9.85242E+15,4.88198E+16
150123,8,1,16,18,2018,3,11,5,3,0,7,0,0,1,0,0,0,0,0,5.31892E+20,5.37826E+21,9.43221E+15,4.85567E+16
150124,8,1,11,0,2018,3,14,5,3,1,5,0,0,1,0,0,0,0,0,5.16589E+20,5.4059E+21,9.22592E+15,4.88059E+16
150125,8,4,17,54,2018,3,9,1,3,6,4,0,0,1,1,0,0,0,0,4.80212E+20,5.3477E+21,8.73327E+15,4.82822E+16
150126,8,1,11,0,2018,3,18,5,3,3,6,1,0,1,0,0,0,0,0,5.11736E+20,5.40087E+21,9.1597E+15,4.87608E+16
150127,8,3,35,63,2018,3,7,1,2,0,1,1,1,0,0,0,0,0,1,4.95747E+20,5.28868E+21,8.94325E+15,4.77514E+16
150128,8,1,11,0,2018,3,18,5,3,2,6,1,0,1,0,0,0,0,0,5.11524E+20,5.3995E+21,9.15677E+15,4.87484E+16
150129,8,3,35,75,2018,3,11,2,3,5,3,0,0,1,0,0,0,0,0,4.88869E+20,5.28871E+21,8.8515E+15,4.77516E+16
150130,8,4,36,49,2018,2,14,4,3,5,3,0,0,1,0,0,0,0,0,5.78481E+20,5.28343E+21,1.0046E+16,4.76995E+16
150131,8,3,35,43,2018,3,5,1,2,0,1,2,1,0,0,0,0,0,2,5.12944E+20,5.28034E+21,9.17245E+15,4.76763E+16
150132,8,4,35,16,2018,2,12,4,3,1,1,0,0,1,0,0,0,0,0,5.37036E+20,5.2779E+21,9.4932E+15,4.76534E+16
150133,8,4,37,104,2018,2,8,4,3,6,4,0,0,1,1,0,0,0,0,5.16324E+20,5.32592E+21,9.21919E+15,4.80864E+16
150134,8,3,17,41,2018,3,10,1,3,9,1,0,0,0,0,0,0,1,2,4.38422E+20,5.35106E+21,8.16951E+15,4.83097E+16
150135,8,4,21,0,2018,2,13,4,3,5,7,0,0,0,0,0,1,1,0,5.70207E+20,5.35633E+21,9.94771E+15,4.83562E+16
150136,8,2,15,99,2018,3,3,2,3,8,1,2,0,1,0,0,0,0,1,4.60838E+20,5.44446E+21,8.46295E+15,4.91518E+16
150137,8,4,25,33,2018,2,19,4,2,6,4,2,0,1,1,0,0,0,0,5.52907E+20,5.34884E+21,9.71327E+15,4.82905E+16
150138,8,4,21,0,2018,2,14,4,3,1,6,0,0,1,0,0,0,0,0,5.70312E+20,5.35645E+21,9.94915E+15,4.83573E+16
150139,8,4,15,61,2018,2,14,4,2,4,6,0,0,1,0,0,0,0,0,5.15E+20,5.37164E+21,9.20305E+15,4.84977E+16
150140,8,3,17,96,2018,3,9,2,2,0,1,0,1,0,0,0,0,0,2,4.2322E+20,5.36955E+21,7.96114E+15,4.84744E+16
150141,8,3,26,74,2018,2,9,4,3,4,2,0,0,1,0,0,0,0,0,4.60292E+20,5.32402E+21,8.46698E+15,4.80682E+16
150142,8,4,17,79,2018,2,22,4,2,9,1,2,0,1,0,0,0,0,0,5.01823E+20,5.34013E+21,9.02454E+15,4.82144E+16
150143,8,3,16,10,2018,3,6,1,3,4,1,1,0,1,0,0,0,0,2,4.31578E+20,5.33679E+21,8.07954E+15,4.81807E+16
150144,8,3,26,3,2018,2,15,4,2,6,4,0,0,1,1,0,0,0,0,4.65243E+20,5.32033E+21,8.53374E+15,4.80353E+16
150145,8,3,17,96,2018,2,12,4,3,5,3,0,1,1,0,0,0,0,0,4.22323E+20,5.36803E+21,7.9493E+15,4.84606E+16
150146,8,3,16,11,2018,3,21,1,3,5,3,2,1,1,0,0,0,0,1,4.14638E+20,5.32944E+21,7.85317E+15,4.81125E+16
150147,8,3,17,96,2018,2,12,4,3,6,4,0,0,0,1,0,0,1,0,4.2077E+20,5.36842E+21,7.92822E+15,4.84639E+16
150148,8,2,26,6,2018,3,4,2,2,0,7,2,1,0,0,0,0,0,0,4.83606E+20,5.46831E+21,8.7742E+15,4.93673E+16
150149,8,3,15,47,2018,2,12,4,3,1,6,0,0,1,0,0,0,0,0,4.15432E+20,5.32139E+21,7.86543E+15,4.80402E+16
150150,8,3,11,0,2018,2,13,4,3,1,7,0,0,1,0,1,0,0,0,4.1261E+20,5.31473E+21,7.82893E+15,4.79799E+16
150151,8,3,16,12,2018,3,21,1,3,5,3,2,0,1,0,0,0,0,1,4.03345E+20,5.33398E+21,7.70046E+15,4.81517E+16
150152,8,3,36,50,2018,2,8,4,3,2,6,0,1,1,0,0,0,0,0,3.98774E+20,5.27431E+21,7.653E+15,4.76143E+16
150153,8,2,31,0,2018,2,13,4,3,0,7,0,0,0,0,0,0,1,0,4.7865E+20,5.41552E+21,8.70873E+15,4.88922E+16
150154,8,2,31,0,2018,2,7,4,3,5,3,0,0,1,0,0,0,0,0,4.77694E+20,5.41486E+21,8.69572E+15,4.88862E+16
150155,8,3,11,0,2018,3,15,1,2,0,1,0,1,0,0,0,0,0,0,4.14578E+20,5.3185E+21,7.85455E+15,4.80141E+16
150156,8,2,26,9,2018,2,10,4,3,0,7,0,1,0,0,0,0,0,0,4.66386E+20,5.47289E+21,8.53663E+15,4.94077E+16
150157,8,2,16,43,2018,2,7,4,3,1,6,0,0,1,0,0,0,0,0,4.41334E+20,5.41072E+21,8.20038E+15,4.88466E+16
150158,8,2,31,0,2018,3,17,1,3,5,3,0,0,1,0,0,0,0,0,4.75492E+20,5.41337E+21,8.66578E+15,4.88728E+16
150159,8,2,15,111,2018,2,10,4,3,4,2,0,0,1,0,0,0,0,0,4.56929E+20,5.44504E+21,8.40927E+15,4.91567E+16
150160,8,2,16,41,2018,3,7,3,3,5,3,0,0,1,0,1,0,0,0,4.30261E+20,5.39287E+21,8.0525E+15,4.8685E+16
150161,8,2,12,0,2018,3,7,2,3,0,1,1,1,0,0,0,0,0,2,4.55984E+20,5.42565E+21,8.39843E+15,4.89822E+16
150162,8,2,15,9,2018,2,23,4,3,0,7,2,0,1,0,0,0,0,0,4.69863E+20,5.44194E+21,8.5869E+15,4.91296E+16
150163,8,2,11,0,2018,2,0,4,3,9,1,2,0,1,0,0,0,0,0,4.43872E+20,5.40138E+21,8.23624E+15,4.87629E+16
150164,8,2,15,9,2018,3,15,1,3,1,6,0,0,1,0,0,0,0,0,4.69909E+20,5.44086E+21,8.58761E+15,4.91198E+16
150165,8,2,16,43,2018,2,13,4,3,6,6,0,0,1,1,0,0,0,0,4.42003E+20,5.41316E+21,8.20914E+15,4.88687E+16
150166,8,1,18,11,2018,3,14,1,2,6,6,0,1,0,1,0,0,0,0,5.0474E+20,5.40869E+21,9.06459E+15,4.88311E+16
150167,8,1,36,88,2018,2,17,4,3,2,6,0,0,1,0,0,0,0,0,5.80154E+20,5.40969E+21,1.00923E+16,4.8835E+16
150168,8,4,16,41,2018,3,12,2,3,5,3,0,1,1,0,0,0,0,0,5.03496E+20,5.37417E+21,9.04734E+15,4.85207E+16
150169,8,1,36,65,2018,2,5,4,2,5,3,2,0,1,0,1,0,0,0,5.5988E+20,5.40574E+21,9.81544E+15,4.88017E+16
150170,8,1,17,51,2018,3,11,1,3,4,6,0,0,1,0,0,0,0,0,5.43092E+20,5.3948E+21,9.58569E+15,4.87047E+16
150171,8,1,35,16,2018,2,9,4,3,5,3,0,0,1,0,0,0,0,0,5.94147E+20,5.38678E+21,1.02777E+16,4.8627E+16
150172,8,1,19,20,2018,3,7,3,3,5,3,0,1,1,0,0,0,0,0,5.20027E+20,5.40569E+21,9.27274E+15,4.88039E+16
150173,8,1,19,85,2018,2,13,4,3,5,3,0,1,1,0,0,0,0,0,5.29463E+20,5.41358E+21,9.40181E+15,4.88744E+16
150174,8,1,19,84,2018,2,20,4,3,4,2,2,0,1,0,0,0,0,0,5.46278E+20,5.41312E+21,9.63107E+15,4.88693E+16
150175,8,1,11,0,2018,3,19,1,2,5,3,2,0,1,0,0,0,0,0,5.12103E+20,5.40643E+21,9.16485E+15,4.88108E+16
150176,8,1,18,11,2018,2,0,4,3,3,7,2,0,1,0,0,0,0,0,5.05164E+20,5.40778E+21,9.07035E+15,4.8823E+16
150177,8,1,11,0,2018,3,8,1,2,0,1,0,1,0,0,0,0,0,2,5.11258E+20,5.40645E+21,9.15334E+15,4.88109E+16
150178,8,1,16,19,2018,2,13,4,2,6,7,0,0,0,1,0,1,0,0,5.22026E+20,5.39794E+21,9.29955E+15,4.87341E+16
150179,8,3,27,50,2018,3,13,2,3,5,3,0,0,1,0,1,0,0,1,4.88499E+20,5.31391E+21,8.84589E+15,4.79784E+16
150180,8,1,15,46,2018,2,9,4,3,3,6,0,0,1,0,0,0,0,0,5.08815E+20,5.38995E+21,9.11971E+15,4.86625E+16
150181,8,4,36,64,2018,3,9,7,3,0,1,0,1,0,0,0,0,0,0,5.46205E+20,5.29266E+21,9.61686E+15,4.77856E+16
150182,8,1,11,0,2018,2,11,4,3,5,3,0,0,1,0,0,0,0,0,5.11701E+20,5.40121E+21,9.15922E+15,4.87638E+16
150183,8,1,11,0,2018,2,13,4,3,6,2,0,0,1,1,0,0,0,0,5.1432E+20,5.40235E+21,9.1949E+15,4.8774E+16
150184,8,4,15,61,2018,3,11,7,3,2,2,0,0,1,0,0,1,0,0,5.15924E+20,5.3722E+21,9.21558E+15,4.85028E+16
150185,8,4,26,117,2018,2,16,3,3,5,3,0,0,1,0,0,0,0,0,5.80978E+20,5.31657E+21,1.00855E+16,4.79973E+16
150186,8,4,16,36,2018,2,18,3,3,5,3,1,1,0,0,1,0,0,0,4.94921E+20,5.36908E+21,8.93128E+15,4.84748E+16
150187,8,4,15,53,2018,3,20,7,3,5,3,2,0,1,0,0,0,0,1,5.37085E+20,5.36271E+21,9.5012E+15,4.84164E+16
150188,8,4,16,36,2018,2,15,3,3,6,2,0,0,1,1,0,0,0,0,4.94894E+20,5.36895E+21,8.93091E+15,4.84736E+16
150189,8,3,11,0,2018,3,18,2,3,5,3,2,1,1,0,0,0,0,0,4.143E+20,5.3178E+21,7.85096E+15,4.80077E+16
150190,8,4,16,36,2018,2,20,3,3,5,3,2,0,1,0,0,0,0,0,4.95922E+20,5.36999E+21,8.94481E+15,4.8483E+16
150191,8,4,15,62,2018,2,5,3,3,9,1,2,0,1,0,0,0,0,0,5.2074E+20,5.37858E+21,9.28109E+15,4.856E+16
150192,8,3,37,97,2018,3,15,7,3,6,1,0,0,1,1,0,0,0,0,4.3443E+20,5.29032E+21,8.12499E+15,4.77629E+16
150193,8,4,16,41,2018,2,16,3,3,0,7,0,0,1,0,0,0,1,0,5.03803E+20,5.3745E+21,9.05151E+15,4.85236E+16
150194,8,3,17,31,2018,2,10,3,3,5,3,0,0,1,0,0,0,1,0,4.16935E+20,5.35815E+21,7.87838E+15,4.8371E+16
150195,8,3,36,91,2018,3,20,7,3,5,3,2,0,1,0,0,0,0,1,3.95854E+20,5.27218E+21,7.61466E+15,4.75947E+16
150196,8,3,11,0,2018,2,8,3,3,5,3,0,1,1,0,0,0,0,0,4.15071E+20,5.31566E+21,7.86171E+15,4.79886E+16
150197,8,3,35,75,2018,3,10,7,2,2,6,0,0,1,0,1,0,0,0,4.88911E+20,5.28912E+21,8.85205E+15,4.77553E+16
150198,8,3,11,0,2018,2,13,3,3,0,1,0,1,0,0,0,0,0,0,4.15381E+20,5.31579E+21,7.86585E+15,4.79898E+16
150199,8,2,35,6,2018,3,7,2,3,6,4,1,0,1,1,0,0,0,0,4.7368E+20,5.38577E+21,8.64283E+15,4.86244E+16
150200,8,3,36,91,2018,2,7,3,2,0,2,0,0,0,0,1,0,0,0,3.95098E+20,5.27302E+21,7.60441E+15,4.76021E+16
150201,8,2,12,0,2018,2,18,3,3,6,4,1,0,1,1,0,0,0,0,4.60695E+20,5.42713E+21,8.46267E+15,4.89958E+16
150202,8,3,35,66,2018,3,13,7,3,6,6,0,1,0,1,0,0,0,1,5.06139E+20,5.28185E+21,9.08181E+15,4.769E+16
150203,8,2,12,0,2018,2,9,3,3,2,6,0,0,1,0,0,0,0,0,4.52379E+20,5.42835E+21,8.34885E+15,4.90062E+16
150204,8,2,37,24,2018,2,0,3,3,9,1,2,0,1,0,0,1,0,0,4.79675E+20,5.35986E+21,8.72545E+15,4.83916E+16
150205,8,3,17,65,2018,3,22,7,3,9,1,2,0,1,0,0,0,0,2,4.15976E+20,5.35445E+21,7.86618E+15,4.83376E+16
150206,8,2,31,0,2018,2,15,3,3,1,6,0,0,1,0,0,0,0,0,4.78262E+20,5.41522E+21,8.70346E+15,4.88895E+16
150207,8,1,26,28,2018,3,7,3,3,4,6,0,0,1,0,0,0,0,1,5.36126E+20,5.46075E+21,9.49689E+15,4.92984E+16
150208,8,2,16,15,2018,3,8,2,3,6,4,0,1,1,1,0,0,0,0,4.4966E+20,5.40642E+21,8.31437E+15,4.88087E+16
150209,8,2,31,0,2018,2,14,3,2,3,6,0,0,1,0,0,0,0,0,4.76047E+20,5.41542E+21,8.67323E+15,4.88912E+16
150210,8,2,22,0,2018,2,10,3,3,2,6,0,0,1,0,0,0,0,0,4.62457E+20,5.48752E+21,8.48109E+15,4.95391E+16
150211,8,2,22,0,2018,3,13,2,3,6,7,0,1,0,1,0,0,0,0,4.62326E+20,5.48124E+21,8.47988E+15,4.94827E+16
150212,8,2,22,0,2018,2,14,3,3,2,6,0,0,1,0,0,0,0,0,4.61361E+20,5.48029E+21,8.46664E+15,4.9474E+16
150213,8,2,16,43,2018,2,7,3,3,5,3,0,1,1,0,0,0,0,0,4.41118E+20,5.41336E+21,8.19704E+15,4.88704E+16
150214,8,3,17,5,2018,3,17,7,3,9,1,0,0,1,0,0,0,0,1,4.23124E+20,5.37647E+21,7.95857E+15,4.85367E+16
150215,8,1,26,66,2018,2,11,3,3,1,3,0,1,1,0,0,0,0,0,5.36846E+20,5.44946E+21,9.50576E+15,4.91969E+16
150216,8,1,21,0,2018,2,16,3,2,6,4,0,0,1,1,0,0,0,0,5.16282E+20,5.44362E+21,9.22326E+15,4.91452E+16
150217,8,3,17,57,2018,3,21,7,3,2,2,2,0,1,0,0,0,0,1,4.1581E+20,5.37995E+21,7.85881E+15,4.8567E+16
150218,8,1,19,20,2018,2,8,3,3,5,3,0,0,1,0,0,0,0,0,5.19617E+20,5.40854E+21,9.2673E+15,4.88295E+16
150219,8,1,15,45,2018,3,7,3,3,4,6,0,0,0,0,0,0,1,0,5.00856E+20,5.3939E+21,9.01164E+15,4.86981E+16
150220,8,1,18,3,2018,2,16,3,3,2,6,0,0,1,0,0,0,0,0,5.1115E+20,5.41603E+21,9.15213E+15,4.88971E+16
150221,8,1,16,78,2018,2,9,3,3,5,3,0,0,1,0,0,0,0,0,5.12501E+20,5.39281E+21,9.16985E+15,4.86882E+16
150222,8,1,11,0,2018,2,13,3,3,2,7,0,0,1,0,0,0,0,0,5.11993E+20,5.40922E+21,9.16343E+15,4.88358E+16
150223,8,3,11,0,2018,3,23,7,3,0,1,2,1,0,0,0,0,0,1,4.12154E+20,5.31718E+21,7.82232E+15,4.80019E+16
150224,8,1,11,0,2018,2,7,3,3,6,6,0,1,0,1,0,0,0,0,5.15519E+20,5.39417E+21,9.21091E+15,4.87004E+16
150225,8,2,26,84,2018,3,20,7,3,1,6,2,0,1,0,0,0,0,1,4.69004E+20,5.47008E+21,8.57295E+15,4.93826E+16
150226,8,1,11,0,2018,2,21,3,3,5,3,2,0,1,0,0,0,0,0,5.1251E+20,5.40904E+21,9.17048E+15,4.88342E+16
150227,8,2,11,0,2018,3,19,7,3,6,2,2,0,1,1,0,0,0,1,4.4359E+20,5.40194E+21,8.23232E+15,4.87679E+16
150228,8,1,11,0,2018,2,19,3,3,5,3,2,0,1,0,0,0,0,0,5.08122E+20,5.39934E+21,9.11049E+15,4.8747E+16
150229,8,3,37,2,2018,3,20,2,3,8,1,2,0,1,0,0,0,0,0,4.3535E+20,5.27181E+21,8.14E+15,4.75965E+16
150230,8,1,11,0,2018,2,19,3,2,0,1,2,1,0,0,0,0,0,0,5.12218E+20,5.3973E+21,9.16615E+15,4.87286E+16
150231,8,2,15,9,2018,3,18,7,3,6,4,1,0,1,1,0,0,0,1,4.70147E+20,5.44136E+21,8.59083E+15,4.91243E+16
150232,8,4,36,81,2018,2,16,2,3,1,5,0,0,1,0,0,0,0,0,5.62031E+20,5.28314E+21,9.82676E+15,4.76986E+16
150233,8,4,21,0,2018,2,12,2,3,0,7,0,1,1,0,0,0,0,0,5.72978E+20,5.36116E+21,9.98595E+15,4.83994E+16
150234,8,1,36,60,2018,3,17,7,3,1,5,0,0,1,0,0,0,0,0,5.75532E+20,5.42998E+21,1.0033E+16,4.90181E+16
150235,8,4,17,79,2018,2,11,2,3,6,7,0,0,1,1,0,0,0,0,5.01746E+20,5.34004E+21,9.0235E+15,4.82135E+16
150236,8,3,11,0,2018,3,8,2,3,0,1,0,1,0,0,0,0,0,2,4.15463E+20,5.31558E+21,7.86698E+15,4.79879E+16
150237,8,3,36,91,2018,2,8,2,3,1,6,0,0,1,0,0,0,0,0,3.9557E+20,5.27426E+21,7.61038E+15,4.76133E+16
150238,8,3,17,47,2018,2,13,2,3,6,4,0,0,1,1,0,0,0,0,4.1885E+20,5.36392E+21,7.90313E+15,4.84232E+16
150239,8,2,25,39,2018,3,13,7,2,8,1,0,0,1,0,0,0,0,1,5.29154E+20,5.4947E+21,9.40349E+15,4.96042E+16
150240,8,3,17,65,2018,2,16,2,3,5,3,0,0,1,0,1,0,0,0,4.15829E+20,5.3545E+21,7.86419E+15,4.8338E+16
150241,8,3,11,0,2018,2,13,2,3,5,3,0,0,1,0,0,0,0,0,4.09593E+20,5.31571E+21,7.78831E+15,4.79883E+16
150242,8,3,17,21,2018,3,16,2,3,6,7,0,0,1,1,0,0,0,0,4.27304E+20,5.37167E+21,8.01603E+15,4.84939E+16
150243,8,2,12,0,2018,2,12,2,3,5,2,0,1,0,0,0,0,1,0,4.56522E+20,5.42806E+21,8.40552E+15,4.90039E+16
150244,8,2,31,0,2018,2,10,2,2,1,6,0,0,1,0,0,0,0,0,4.79094E+20,5.41616E+21,8.71475E+15,4.8898E+16
150245,8,1,17,26,2018,3,9,7,3,1,1,0,0,1,1,1,0,0,0,5.47772E+20,5.39481E+21,9.6493E+15,4.87045E+16
150246,8,2,22,0,2018,2,23,2,3,5,3,2,0,1,0,0,0,0,0,4.60303E+20,5.48821E+21,8.45125E+15,4.95452E+16
150247,8,2,22,0,2018,2,21,2,3,0,7,2,0,1,0,0,0,0,0,4.61785E+20,5.48578E+21,8.47197E+15,4.95234E+16
150248,8,1,16,33,2018,3,11,7,3,4,2,0,0,1,0,0,0,1,0,5.3342E+20,5.38807E+21,9.4537E+15,4.86448E+16
150249,8,2,16,43,2018,2,16,2,3,5,3,0,0,1,0,0,0,0,0,4.41398E+20,5.41189E+21,8.20108E+15,4.88572E+16
150250,8,2,26,63,2018,3,12,2,3,5,7,0,0,1,0,1,0,0,0,4.69849E+20,5.47147E+21,8.58448E+15,4.93952E+16
150251,8,2,16,49,2018,2,18,2,3,5,3,0,0,1,0,0,0,0,0,4.38719E+20,5.40163E+21,8.16608E+15,4.87647E+16
150252,8,2,11,0,2018,2,10,2,3,8,1,0,0,1,0,0,0,0,0,4.45203E+20,5.3996E+21,8.25458E+15,4.8747E+16
150253,8,1,16,4,2018,3,4,7,3,5,3,2,0,1,0,0,0,0,1,5.28041E+20,5.39684E+21,9.38128E+15,4.87239E+16
150254,8,2,11,0,2018,2,21,2,2,6,2,2,0,1,1,0,0,0,0,4.43398E+20,5.40033E+21,8.22993E+15,4.87534E+16
150255,8,1,36,19,2018,2,12,2,2,0,7,0,0,1,0,0,0,0,0,5.83128E+20,5.42374E+21,1.01356E+16,4.8961E+16
150256,8,1,15,45,2018,3,12,7,3,5,3,0,0,1,0,0,0,0,0,5.0061E+20,5.39659E+21,9.0083E+15,4.87223E+16
150257,8,1,28,131,2018,2,12,2,3,4,1,0,0,1,0,0,0,0,0,5.42183E+20,5.51173E+21,9.58564E+15,4.97565E+16
150258,8,1,26,46,2018,2,13,2,3,6,4,0,0,1,1,0,0,0,0,5.50423E+20,5.45898E+21,9.6933E+15,4.92815E+16
150259,8,4,21,0,2018,3,14,6,3,3,7,0,0,1,0,0,0,1,0,5.72404E+20,5.36055E+21,9.9781E+15,4.8394E+16
150260,8,1,25,110,2018,2,8,2,2,7,7,0,0,1,0,0,0,1,0,5.26127E+20,5.44243E+21,9.35817E+15,4.91342E+16
150261,8,2,16,8,2018,3,8,3,2,8,1,0,0,1,0,0,0,0,0,4.40981E+20,5.39236E+21,8.19819E+15,4.86815E+16
150262,8,2,12,0,2018,3,13,2,3,3,6,0,1,0,0,0,0,0,0,4.56364E+20,5.42548E+21,8.40364E+15,4.89807E+16
150263,8,1,19,42,2018,2,18,2,3,5,3,2,0,1,0,0,0,1,0,5.28445E+20,5.41531E+21,9.38804E+15,4.88901E+16
150264,8,1,19,68,2018,2,9,2,3,0,7,0,0,1,0,0,1,0,0,5.25802E+20,5.41353E+21,9.35189E+15,4.88742E+16
150265,8,4,15,59,2018,3,15,6,3,5,3,0,0,1,0,0,0,0,0,5.1691E+20,5.36952E+21,9.22881E+15,4.84785E+16
150266,8,1,18,46,2018,2,7,2,2,0,7,1,0,1,0,0,0,0,0,5.14715E+20,5.41223E+21,9.20063E+15,4.88628E+16
150267,8,1,15,45,2018,2,12,2,3,0,3,0,1,1,0,0,0,0,0,5.0064E+20,5.39357E+21,9.0087E+15,4.86952E+16
150268,8,3,36,14,2018,3,18,6,3,5,1,1,0,1,0,0,0,0,2,3.92279E+20,5.27836E+21,7.56561E+15,4.76496E+16
150269,8,1,11,0,2018,2,19,2,2,5,2,2,1,1,0,0,0,0,0,5.07433E+20,5.39784E+21,9.10109E+15,4.87336E+16
150270,8,4,21,0,2018,3,12,2,2,5,2,0,1,1,0,0,0,0,0,5.73753E+20,5.36152E+21,9.99648E+15,4.84025E+16
150271,8,4,15,50,2018,2,13,1,2,4,2,0,0,1,0,0,0,0,0,5.23646E+20,5.37527E+21,9.32029E+15,4.85301E+16
150272,8,3,36,69,2018,3,11,6,3,5,3,0,0,1,0,0,0,1,0,4.08258E+20,5.26794E+21,7.7805E+15,4.75584E+16
150273,8,3,11,0,2018,2,3,1,3,5,2,2,1,1,0,0,0,0,0,4.13656E+20,5.31668E+21,7.84256E+15,4.79976E+16
150274,8,1,19,20,2018,3,14,3,3,4,2,0,0,1,0,0,0,0,0,5.19544E+20,5.40798E+21,9.26627E+15,4.88245E+16
150275,8,2,26,97,2018,2,16,1,3,4,6,0,0,1,0,0,0,0,0,4.85571E+20,5.46739E+21,8.80129E+15,4.93591E+16
150276,8,2,22,0,2018,2,14,1,3,2,2,0,0,1,0,0,0,0,0,4.62442E+20,5.47834E+21,8.48176E+15,4.94565E+16
150277,8,4,36,82,2018,3,17,6,2,5,3,0,1,1,0,0,0,0,1,5.47838E+20,5.29476E+21,9.63888E+15,4.78044E+16