OBJECTID_1,ULAND,UREGBEZ,UKREIS,UGEMEINDE,UJAHR,UMONAT,USTUNDE,UWOCHENTAG,UKATEGORIE,UART,UTYP1,ULICHTVERH,IstRad,IstPKW,IstFuss,IstKrad,IstGkfz,IstSonstig,STRZUSTAND,LINREFX,LINREFY,XGCSWGS84,YGCSWGS84
150278,8,2,16,9,2018,2,7,1,3,5,3,0,0,1,0,0,0,0,0,4.46212E+20,5.41958E+21,8.26568E+15,4.89268E+16
150279,8,3,35,63,2018,3,9,6,3,6,1,0,0,1,1,0,0,0,0,4.95261E+20,5.28893E+21,8.93677E+15,4.77537E+16
150280,8,3,17,146,2018,2,18,1,2,4,6,0,0,1,0,1,0,0,0,4.32428E+20,5.35643E+21,8.08783E+15,4.83575E+16
150281,8,3,35,100,2018,3,10,2,3,5,5,0,1,1,0,0,0,0,1,4.8783E+20,5.28651E+21,8.83769E+15,4.77318E+16
150282,8,1,36,65,2018,2,14,1,3,2,6,0,0,1,0,0,0,0,0,5.58537E+20,5.40526E+21,9.7971E+15,4.87976E+16
150283,8,3,17,34,2018,3,7,6,3,0,7,0,0,0,0,0,0,1,0,4.26793E+20,5.36164E+21,8.01087E+15,4.84036E+16
150284,8,1,35,19,2018,2,13,1,3,5,3,0,0,1,0,0,0,0,0,5.85323E+20,5.39441E+21,1.01595E+16,4.86968E+16
150285,8,1,16,80,2018,2,16,1,3,5,3,0,0,1,0,0,0,0,0,5.1664E+20,5.39681E+21,9.22625E+15,4.87241E+16
150286,8,3,17,152,2018,3,22,6,3,0,1,2,0,0,0,1,0,0,2,4.08553E+20,5.34875E+21,7.76727E+15,4.82853E+16
150287,8,1,11,0,2018,2,1,1,3,5,3,2,0,1,0,0,0,0,0,5.13374E+20,5.40641E+21,9.18215E+15,4.88106E+16
150288,8,4,37,76,2018,2,19,7,3,5,3,2,0,1,0,0,0,0,1,5.24967E+20,5.3221E+21,9.33504E+15,4.80517E+16
150289,8,3,17,57,2018,3,18,6,3,4,1,0,0,1,0,0,0,0,2,4.16033E+20,5.37179E+21,7.86348E+15,4.84936E+16
150290,8,4,35,59,2018,2,12,7,3,2,6,0,0,1,0,0,0,0,0,5.12787E+20,5.2901E+21,9.17064E+15,4.77641E+16
150291,8,4,26,97,2018,2,16,7,3,4,2,0,0,1,0,0,0,0,0,5.37107E+20,5.33362E+21,9.49893E+15,4.81548E+16
150292,8,3,16,9,2018,3,10,2,3,5,3,0,0,1,0,1,0,0,0,4.18222E+20,5.32442E+21,7.90227E+15,4.80678E+16
150293,8,4,17,23,2018,2,15,7,3,1,7,0,0,1,0,0,0,0,1,4.92004E+20,5.35345E+21,8.89211E+15,4.83342E+16
150294,8,4,16,36,2018,2,13,7,3,4,1,0,0,1,0,0,0,0,2,4.87402E+20,5.36783E+21,8.82958E+15,4.84635E+16
150295,8,3,17,57,2018,3,16,6,3,5,3,0,0,1,0,0,0,0,0,4.13209E+20,5.37322E+21,7.82497E+15,4.85061E+16
150296,8,3,26,74,2018,2,16,7,3,2,6,0,0,1,0,0,0,0,0,4.61945E+20,5.32473E+21,8.4891E+15,4.80747E+16
150297,8,3,11,0,2018,2,16,7,3,4,1,0,1,0,0,0,0,0,0,4.12596E+20,5.31749E+21,7.82818E+15,4.80048E+16
150298,8,3,11,0,2018,3,13,6,3,0,7,0,1,0,0,0,0,0,1,4.11331E+20,5.31459E+21,7.81182E+15,4.79785E+16
150299,8,2,26,96,2018,2,14,7,3,5,3,0,0,1,0,1,0,0,0,4.7579E+20,5.48784E+21,8.66535E+15,4.95427E+16
150300,8,2,22,0,2018,3,18,2,3,5,3,1,0,1,0,1,0,0,0,4.60734E+20,5.48889E+21,8.45714E+15,4.95513E+16
150301,8,2,22,0,2018,2,11,7,3,2,6,0,0,1,0,0,0,0,0,4.61682E+20,5.48412E+21,8.47071E+15,4.95085E+16
150302,8,2,22,0,2018,2,10,7,1,6,4,0,0,0,1,0,0,1,0,4.61717E+20,5.48323E+21,8.47128E+15,4.95005E+16
150303,8,2,12,0,2018,3,15,2,3,5,3,0,1,1,0,0,0,0,0,4.5956E+20,5.43164E+21,8.44671E+15,4.90363E+16
150304,8,1,27,14,2018,2,15,7,3,4,6,0,1,1,0,0,0,0,0,5.76207E+20,5.44385E+21,1.00449E+16,4.91428E+16
150305,8,1,18,46,2018,2,9,7,2,0,7,0,1,0,0,0,0,0,0,5.14455E+20,5.4123E+21,9.19709E+15,4.88635E+16
150306,8,3,11,0,2018,3,12,6,3,1,7,0,0,1,0,0,0,0,0,4.12885E+20,5.31806E+21,7.83193E+15,4.80099E+16
150307,8,1,15,28,2018,2,12,7,3,5,3,0,1,1,0,0,0,0,0,5.00089E+20,5.405E+21,9.00121E+15,4.8798E+16
150308,8,1,15,45,2018,2,14,7,3,5,3,0,0,1,0,0,0,0,0,4.99256E+20,5.39297E+21,8.98989E+15,4.86898E+16
150309,8,3,11,0,2018,3,1,6,3,0,1,2,1,0,0,0,0,0,2,4.13377E+20,5.31655E+21,7.83884E+15,4.79964E+16
150310,8,1,11,0,2018,2,3,7,3,0,1,2,0,1,0,0,0,0,0,5.12084E+20,5.40671E+21,9.1646E+15,4.88133E+16
150311,8,2,15,108,2018,3,15,3,2,5,3,0,1,1,0,0,0,0,0,4.50191E+20,5.42543E+21,8.31928E+15,4.89798E+16
150312,8,2,12,0,2018,3,8,2,3,1,5,0,1,1,0,0,0,0,0,4.5557E+20,5.42785E+21,8.39253E+15,4.90019E+16
150313,8,1,11,0,2018,2,12,7,3,6,6,0,1,0,1,0,0,0,0,5.15816E+20,5.4057E+21,9.2154E+15,4.88041E+16
150314,8,1,11,0,2018,2,14,7,3,2,6,0,0,1,0,0,0,0,0,5.1727E+20,5.4027E+21,9.23507E+15,4.87771E+16
150315,8,2,35,85,2018,3,16,6,3,5,3,0,0,1,0,0,0,0,0,4.78135E+20,5.39681E+21,8.7027E+15,4.87239E+16
150316,8,1,11,0,2018,2,20,7,3,6,4,2,0,1,1,0,0,0,0,5.12661E+20,5.40188E+21,9.17231E+15,4.87698E+16
150317,8,2,36,70,2018,3,15,6,3,6,7,0,0,1,1,0,0,0,0,4.67697E+20,5.4183E+21,8.55909E+15,4.89168E+16
150318,8,4,35,16,2018,2,16,6,3,2,2,0,0,1,0,0,0,0,0,5.36202E+20,5.27808E+21,9.48211E+15,4.76551E+16
150319,8,4,21,0,2018,2,20,6,3,4,2,2,0,1,0,0,0,0,0,5.69666E+20,5.36251E+21,9.94144E+15,4.84119E+16
150320,8,2,26,98,2018,3,10,6,3,5,3,0,0,1,0,0,0,0,0,4.78339E+20,5.45987E+21,8.70211E+15,4.92912E+16
150321,8,4,16,11,2018,2,6,6,3,0,7,2,1,0,0,0,0,0,2,5.04807E+20,5.36678E+21,9.06501E+15,4.84542E+16
150322,8,1,18,80,2018,3,11,3,3,5,3,0,0,1,0,0,0,0,0,5.09263E+20,5.40866E+21,9.12622E+15,4.88309E+16
150323,8,3,25,49,2018,2,20,6,2,6,4,2,0,1,1,0,0,0,0,4.72229E+20,5.33553E+21,8.62647E+15,4.81724E+16
150324,8,2,26,59,2018,3,13,6,3,6,4,0,0,1,1,0,0,0,0,4.64957E+20,5.45931E+21,8.51814E+15,4.92856E+16
150325,8,3,17,5,2018,2,13,6,3,2,6,0,0,1,0,0,0,0,0,4.24451E+20,5.3762E+21,7.9766E+15,4.85344E+16
150326,8,2,22,0,2018,3,16,6,3,5,3,0,1,1,0,0,0,0,0,4.65983E+20,5.48421E+21,8.53011E+15,4.95095E+16
150327,8,3,16,24,2018,2,17,6,3,2,6,2,0,1,0,0,0,0,0,4.08841E+20,5.33408E+21,7.77431E+15,4.81535E+16
150328,8,3,26,74,2018,3,15,2,3,5,3,0,0,1,0,0,0,0,0,4.59902E+20,5.32369E+21,8.46178E+15,4.80652E+16
150329,8,2,21,0,2018,3,22,4,3,5,3,2,0,1,0,0,0,0,0,4.73906E+20,5.47289E+21,8.6403E+15,4.94081E+16
150330,8,1,15,28,2018,3,10,1,3,5,3,0,0,1,0,0,0,0,0,5.00406E+20,5.40424E+21,9.00553E+15,4.87911E+16
150331,8,2,15,66,2018,3,9,4,3,6,7,0,0,1,1,0,0,0,0,4.60709E+20,5.45423E+21,8.46022E+15,4.92396E+16
150332,8,1,11,0,2018,3,0,1,3,2,6,2,0,1,0,0,0,0,0,5.12325E+20,5.40118E+21,9.16772E+15,4.87635E+16
150333,8,2,11,0,2018,3,13,4,3,2,6,0,0,1,0,0,0,0,0,4.40836E+20,5.40409E+21,8.19453E+15,4.8787E+16
150334,8,4,21,0,2018,3,21,7,3,2,6,2,0,1,0,0,0,0,1,5.73403E+20,5.36093E+21,9.99166E+15,4.83973E+16
150335,8,3,36,6,2018,3,7,7,3,0,7,0,1,0,0,0,0,0,1,3.91897E+20,5.28721E+21,7.55832E+15,4.77292E+16
150336,8,1,36,88,2018,3,16,4,3,5,3,0,0,1,0,1,0,0,0,5.78907E+20,5.40983E+21,1.00753E+16,4.88365E+16
150337,8,3,35,79,2018,3,19,7,2,6,4,2,0,1,1,0,0,0,1,5.01025E+20,5.29999E+21,9.0137E+15,4.78532E+16
150338,8,1,35,31,2018,3,9,4,2,6,7,0,0,1,1,0,0,0,0,5.95152E+20,5.37914E+21,1.02896E+16,4.85582E+16
150339,8,3,35,75,2018,3,11,7,2,6,2,0,0,1,1,0,0,0,1,4.8787E+20,5.28966E+21,8.83814E+15,4.77602E+16
150340,8,3,17,96,2018,3,20,7,3,5,3,2,0,1,0,0,0,0,0,4.21245E+20,5.36783E+21,7.93475E+15,4.84587E+16
150341,8,1,35,19,2018,3,7,4,2,0,7,0,1,0,0,0,0,0,1,5.83611E+20,5.39222E+21,1.01358E+16,4.86775E+16
150342,8,3,17,56,2018,3,9,7,3,5,3,0,0,1,0,1,0,0,1,4.3449E+20,5.38302E+21,8.11149E+15,4.85968E+16
150343,8,3,15,37,2018,3,18,7,3,6,6,1,0,1,1,0,0,0,1,4.32316E+20,5.30144E+21,8.09505E+15,4.78627E+16
150344,8,1,19,67,2018,3,17,4,3,6,7,0,0,1,1,0,0,0,0,5.41398E+20,5.40204E+21,9.5634E+15,4.877E+16
150345,8,1,18,48,2018,3,9,4,3,3,5,0,0,1,0,0,0,0,0,5.15335E+20,5.41566E+21,9.20922E+15,4.88937E+16
150346,8,3,11,0,2018,3,3,7,3,0,1,2,1,0,0,0,0,0,0,4.14614E+20,5.31776E+21,7.85517E+15,4.80075E+16
150347,8,2,26,41,2018,3,19,7,3,2,6,2,0,1,0,0,0,0,1,4.77431E+20,5.46694E+21,8.68922E+15,4.93548E+16
150348,8,1,16,80,2018,3,19,4,3,2,6,2,0,1,0,0,0,0,0,5.20237E+20,5.3957E+21,9.27511E+15,4.8714E+16
150349,8,2,26,96,2018,3,2,7,2,8,1,2,0,1,0,0,0,0,1,4.75346E+20,5.486E+21,8.65933E+15,4.95261E+16
150350,8,3,11,0,2018,3,17,4,3,2,6,0,0,1,0,0,0,0,0,4.13772E+20,5.3169E+21,7.84406E+15,4.79996E+16
150351,8,1,16,77,2018,3,16,4,3,1,5,0,0,1,0,0,0,0,0,5.1639E+20,5.38835E+21,9.22252E+15,4.8648E+16
150352,8,2,21,0,2018,3,22,7,2,5,3,2,0,1,0,0,0,0,0,4.77703E+20,5.47275E+21,8.69264E+15,4.9407E+16
150353,8,2,21,0,2018,3,18,7,3,2,6,2,0,1,0,0,0,0,1,4.76421E+20,5.47256E+21,8.67498E+15,4.94053E+16
150354,8,1,16,33,2018,3,15,4,2,1,6,0,0,1,0,1,0,0,0,5.33361E+20,5.38699E+21,9.45281E+15,4.86351E+16
150355,8,2,12,0,2018,3,20,7,3,0,7,2,1,0,0,0,0,0,1,4.56881E+20,5.4278E+21,8.41047E+15,4.90016E+16
150356,8,2,12,0,2018,3,21,7,3,0,1,2,0,0,0,1,0,0,1,4.56355E+20,5.42787E+21,8.40326E+15,4.90022E+16
150357,8,1,15,42,2018,3,11,4,3,4,6,0,1,1,0,0,0,0,0,4.9713E+20,5.40416E+21,8.96093E+15,4.87904E+16
150358,8,2,12,0,2018,3,12,7,3,3,6,0,0,1,0,1,0,0,1,4.55763E+20,5.42876E+21,8.39508E+15,4.90101E+16
150359,8,1,11,0,2018,3,20,4,2,2,6,2,0,1,0,1,0,0,1,5.14361E+20,5.40912E+21,9.1957E+15,4.88349E+16
150360,8,1,19,67,2018,3,11,7,3,6,6,0,0,1,1,0,0,0,1,5.3941E+20,5.4057E+21,9.53669E+15,4.8803E+16
150361,8,2,22,0,2018,3,15,4,3,0,4,0,0,1,1,0,0,0,0,4.61366E+20,5.482E+21,8.46655E+15,4.94894E+16
150362,8,1,11,0,2018,3,6,4,3,2,6,1,0,1,0,0,0,0,0,5.11755E+20,5.40139E+21,9.15996E+15,4.87654E+16
150363,8,1,16,80,2018,3,12,7,3,0,5,0,1,1,0,0,0,0,1,5.22156E+20,5.39565E+21,9.30119E+15,4.87135E+16
150364,8,1,16,19,2018,3,16,7,3,5,3,0,0,1,0,0,0,0,1,5.2185E+20,5.39869E+21,9.29719E+15,4.87408E+16
150365,8,4,26,21,2018,3,19,3,3,0,1,2,0,1,1,0,0,0,0,5.58676E+20,5.32712E+21,9.78804E+15,4.80947E+16
150366,8,1,11,0,2018,3,15,7,3,5,3,0,1,0,0,0,0,1,1,5.18212E+20,5.40176E+21,9.24785E+15,4.87686E+16
150367,8,1,11,0,2018,3,14,7,3,0,7,0,1,0,0,0,0,0,1,5.10668E+20,5.40639E+21,9.1453E+15,4.88104E+16
150368,8,4,21,0,2018,3,14,3,3,2,6,0,0,1,0,0,1,0,0,5.71021E+20,5.35697E+21,9.95881E+15,4.83619E+16
150369,8,1,11,0,2018,3,16,7,3,4,6,0,0,1,0,0,0,0,1,5.18069E+20,5.40167E+21,9.2459E+15,4.87678E+16
150370,8,3,36,14,2018,3,9,3,3,9,7,0,0,1,0,0,0,0,0,3.92497E+20,5.27807E+21,7.56858E+15,4.76471E+16
150371,8,1,11,0,2018,3,17,7,3,3,6,0,0,1,0,0,0,0,0,5.1785E+20,5.40219E+21,9.24294E+15,4.87724E+16
150372,8,3,35,75,2018,3,8,3,3,5,2,0,0,1,0,1,0,0,0,4.87568E+20,5.29049E+21,8.83409E+15,4.77677E+16
150373,8,1,11,0,2018,3,11,7,3,2,6,0,0,1,0,0,0,0,1,5.12012E+20,5.40281E+21,9.1635E+15,4.87782E+16
150374,8,4,21,0,2018,3,14,6,3,0,1,0,1,1,0,0,0,0,0,5.73164E+20,5.36128E+21,9.98848E+15,4.84004E+16
150375,8,3,26,74,2018,3,17,3,3,1,1,0,0,1,0,0,0,0,1,4.59517E+20,5.32345E+21,8.45664E+15,4.80631E+16
150376,8,3,17,96,2018,3,18,3,3,8,7,1,0,1,0,0,0,0,0,4.22712E+20,5.36894E+21,7.9544E+15,4.84688E+16
150377,8,4,16,41,2018,3,16,6,3,0,1,0,1,0,0,0,0,0,0,5.0476E+20,5.37397E+21,9.06446E+15,4.85189E+16
150378,8,4,15,60,2018,3,17,6,3,4,2,0,1,0,0,0,0,1,0,5.13865E+20,5.3789E+21,9.18792E+15,4.8563E+16
150379,8,3,11,0,2018,3,18,3,3,5,2,1,0,1,0,1,0,0,1,4.11914E+20,5.31519E+21,7.81951E+15,4.7984E+16
150380,8,3,37,96,2018,3,15,6,3,6,4,0,0,1,1,0,0,0,0,4.19311E+20,5.26685E+21,7.9276E+15,4.755E+16
150381,8,2,36,40,2018,3,23,3,2,5,3,2,0,1,0,0,0,0,1,4.88074E+20,5.42067E+21,8.83715E+15,4.89389E+16
150382,8,3,25,70,2018,3,10,6,3,5,3,0,0,1,0,0,0,0,0,4.61631E+20,5.34894E+21,8.4827E+15,4.82925E+16
150383,8,2,26,91,2018,3,19,3,3,0,7,2,0,1,1,0,0,0,1,4.93784E+20,5.46062E+21,8.91451E+15,4.92983E+16
150384,8,3,17,57,2018,3,20,6,3,5,3,2,0,1,0,0,0,0,0,4.12801E+20,5.38037E+21,7.81794E+15,4.85704E+16
150385,8,2,22,0,2018,3,7,3,2,2,6,0,0,1,0,0,0,1,1,4.63384E+20,5.47961E+21,8.49463E+15,4.9468E+16
150386,8,3,11,0,2018,3,23,6,3,6,7,2,0,1,1,0,0,0,0,4.13631E+20,5.3164E+21,7.84227E+15,4.79951E+16
150387,8,3,36,50,2018,3,15,6,3,4,2,0,0,1,0,1,0,0,0,3.98814E+20,5.27311E+21,7.65381E+15,4.76035E+16
150388,8,2,22,0,2018,3,13,3,3,3,6,0,1,1,0,0,0,0,0,4.61986E+20,5.4811E+21,8.4752E+15,4.94813E+16
150389,8,3,11,0,2018,3,22,6,3,5,2,2,1,1,0,0,0,0,0,4.14142E+20,5.31608E+21,7.84919E+15,4.79922E+16
150390,8,2,22,0,2018,3,15,3,3,6,2,0,0,1,1,0,0,0,1,4.61658E+20,5.48207E+21,8.47057E+15,4.949E+16
150391,8,3,36,91,2018,3,19,6,3,6,4,2,0,1,1,0,0,0,0,3.96799E+20,5.27162E+21,7.62735E+15,4.75898E+16
150392,8,2,15,9,2018,3,20,6,2,4,2,2,0,1,0,1,0,0,0,4.68248E+20,5.44289E+21,8.56468E+15,4.9138E+16
150393,8,2,26,85,2018,3,13,6,3,6,7,0,0,0,1,0,0,1,0,4.91411E+20,5.45494E+21,8.88199E+15,4.92471E+16
150394,8,2,21,0,2018,3,12,3,3,6,7,0,0,1,1,0,0,0,0,4.77436E+20,5.46986E+21,8.68914E+15,4.9381E+16
150395,8,2,26,105,2018,3,15,6,2,5,3,0,0,1,0,1,0,0,1,4.71549E+20,5.47755E+21,8.60747E+15,4.94499E+16
150396,8,2,22,0,2018,3,17,6,2,6,7,1,0,1,1,0,0,0,1,4.61279E+20,5.48172E+21,8.46538E+15,4.94869E+16
150397,8,2,21,0,2018,3,15,3,3,5,3,0,1,1,0,0,0,0,0,4.76859E+20,5.47229E+21,8.68103E+15,4.94029E+16
150398,8,2,22,0,2018,3,7,6,2,8,1,0,0,1,0,0,0,1,1,4.65219E+20,5.47655E+21,8.52023E+15,4.94406E+16
150399,8,2,21,0,2018,3,14,6,3,6,4,0,0,1,1,0,0,0,1,4.76945E+20,5.46941E+21,8.68238E+15,4.9377E+16
150400,8,2,21,0,2018,3,9,3,3,6,4,0,0,0,1,0,0,1,0,4.77737E+20,5.47301E+21,8.6931E+15,4.94094E+16
150401,8,2,16,43,2018,3,16,6,2,0,6,0,0,1,0,0,0,1,0,4.41613E+20,5.41164E+21,8.20404E+15,4.88549E+16
150402,8,2,12,0,2018,3,15,4,3,5,2,0,1,0,0,0,0,1,0,4.56855E+20,5.42849E+21,8.41003E+15,4.90078E+16
150403,8,2,16,17,2018,3,11,3,3,0,1,0,0,0,0,1,0,0,1,4.51311E+20,5.40138E+21,8.33745E+15,4.87636E+16
150404,8,2,16,43,2018,3,7,6,3,6,4,0,0,1,1,0,0,0,0,4.41199E+20,5.41371E+21,8.1981E+15,4.88736E+16
150405,8,1,28,126,2018,3,19,6,3,8,1,2,0,0,0,1,0,0,1,5.66095E+20,5.48085E+21,9.91238E+15,4.94767E+16
150406,8,2,16,43,2018,3,18,3,3,3,1,0,1,1,0,0,0,0,0,4.40695E+20,5.4127E+21,8.19138E+15,4.88644E+16
150407,8,1,18,46,2018,3,21,6,3,5,2,2,0,1,0,0,0,0,1,5.13527E+20,5.41086E+21,9.18439E+15,4.88506E+16
150408,8,1,16,19,2018,3,17,6,3,5,3,0,1,1,0,0,0,0,0,5.25194E+20,5.39653E+21,9.34254E+15,4.87213E+16
150409,8,1,16,19,2018,3,10,6,3,5,3,0,0,1,0,0,1,0,0,5.24518E+20,5.3973E+21,9.3334E+15,4.87283E+16
150410,8,1,28,115,2018,3,12,3,3,5,3,0,0,1,0,0,0,0,0,5.47547E+20,5.49688E+21,9.65831E+15,4.96226E+16
150411,8,1,16,80,2018,3,14,6,3,0,7,0,0,0,1,0,0,1,0,5.2005E+20,5.39585E+21,9.27257E+15,4.87154E+16
150412,8,1,15,45,2018,3,11,6,2,6,4,0,0,1,1,0,0,0,0,5.0026E+20,5.39505E+21,9.00353E+15,4.87085E+16
150413,8,1,27,76,2018,3,7,3,2,5,1,0,1,0,0,0,0,0,1,5.53071E+20,5.4391E+21,9.72708E+15,4.91025E+16
150414,8,1,11,0,2018,3,23,6,3,6,2,2,0,1,1,0,0,0,1,5.1542E+20,5.40372E+21,9.20993E+15,4.87863E+16
150415,8,1,21,0,2018,3,19,3,3,6,2,2,0,1,1,0,0,0,1,5.14598E+20,5.44591E+21,9.20025E+15,4.91658E+16
150416,8,1,18,48,2018,3,9,3,3,2,6,0,0,1,0,0,0,0,0,5.15703E+20,5.41585E+21,9.21425E+15,4.88954E+16
150417,8,1,11,0,2018,3,16,6,2,1,7,0,0,1,0,0,0,0,0,5.14663E+20,5.40393E+21,9.19963E+15,4.87882E+16
150418,8,1,11,0,2018,3,7,6,3,0,2,0,0,0,1,0,1,0,0,5.12088E+20,5.40267E+21,9.16453E+15,4.87769E+16
150419,8,1,17,18,2018,3,20,3,3,6,4,2,0,1,1,0,0,0,1,5.38601E+20,5.3958E+21,9.52475E+15,4.87141E+16
150420,8,1,11,0,2018,3,7,6,3,5,3,0,0,1,0,0,0,0,0,5.15101E+20,5.40655E+21,9.20569E+15,4.88118E+16
150421,8,1,16,56,2018,3,19,3,3,6,2,2,0,1,1,0,0,0,1,5.3033E+20,5.39586E+21,9.41232E+15,4.8715E+16
150422,8,4,37,100,2018,3,6,5,3,0,1,2,1,0,0,0,0,0,2,5.36913E+20,5.31696E+21,9.49489E+15,4.80048E+16
150423,8,1,15,45,2018,3,15,3,3,5,2,0,1,1,0,0,0,0,0,5.0051E+20,5.39452E+21,9.00693E+15,4.87037E+16
150424,8,4,36,83,2018,3,7,5,3,4,1,0,0,1,0,0,0,0,2,5.32858E+20,5.30178E+21,9.43937E+15,4.78686E+16
150425,8,1,15,3,2018,3,9,3,3,6,7,0,0,1,1,0,0,0,0,4.99752E+20,5.39246E+21,8.99663E+15,4.86852E+16
150426,8,4,26,87,2018,3,19,5,3,6,4,2,0,1,1,0,0,0,0,5.71024E+20,5.32449E+21,9.95341E+15,4.80697E+16
150427,8,1,11,0,2018,3,3,3,3,5,3,2,1,1,0,0,0,0,1,5.12987E+20,5.40267E+21,9.17677E+15,4.87769E+16
150428,8,4,25,141,2018,3,3,5,2,1,7,2,0,1,0,0,0,0,0,5.67278E+20,5.3633E+21,9.9093E+15,4.84193E+16
150429,8,4,21,0,2018,3,16,5,3,5,3,0,0,1,0,0,0,1,0,5.71847E+20,5.36704E+21,9.97168E+15,4.84524E+16
150430,8,1,11,0,2018,3,15,3,3,0,4,0,0,0,1,0,0,1,0,5.12319E+20,5.40279E+21,9.16769E+15,4.8778E+16
150431,8,4,16,48,2018,3,1,5,3,8,1,2,0,1,0,0,0,0,1,4.9738E+20,5.37515E+21,8.96452E+15,4.85295E+16
150432,8,1,11,0,2018,3,16,3,3,5,7,0,0,1,0,0,0,0,1,5.13912E+20,5.40907E+21,9.18958E+15,4.88344E+16
150433,8,4,15,61,2018,3,15,5,3,5,3,0,0,1,0,0,0,1,0,5.16378E+20,5.37213E+21,9.22172E+15,4.85021E+16
150434,8,4,37,100,2018,3,10,2,3,1,5,0,1,1,0,0,0,0,1,5.3688E+20,5.31743E+21,9.49449E+15,4.80091E+16
150435,8,3,35,75,2018,3,15,5,1,5,2,0,1,0,0,0,1,0,0,4.89029E+20,5.28925E+21,8.85362E+15,4.77565E+16
150436,8,4,36,49,2018,3,19,2,3,4,2,2,0,1,0,0,0,0,1,5.77765E+20,5.28241E+21,1.00363E+16,4.76904E+16
150437,8,3,25,69,2018,3,7,5,3,4,1,0,0,1,0,0,0,0,2,4.70048E+20,5.33616E+21,8.59708E+15,4.8178E+16
150438,8,3,26,12,2018,3,7,5,2,4,6,0,0,1,0,0,0,0,2,4.65302E+20,5.31599E+21,8.53489E+15,4.79963E+16
150439,8,4,35,16,2018,3,21,2,3,6,4,2,0,1,1,0,0,0,0,5.36911E+20,5.27882E+21,9.49161E+15,4.76617E+16
150440,8,3,17,122,2018,3,16,5,3,1,5,0,1,1,0,0,0,0,0,4.17536E+20,5.36732E+21,7.8847E+15,4.84536E+16
150441,8,3,11,0,2018,3,11,5,2,5,3,0,1,0,0,0,0,1,0,4.11765E+20,5.3191E+21,7.8167E+15,4.80191E+16
150442,8,4,17,2,2018,3,16,2,3,0,3,0,0,1,0,1,0,0,1,4.88214E+20,5.34778E+21,8.84113E+15,4.82832E+16
150443,8,3,11,0,2018,3,8,5,3,3,2,0,1,1,0,0,0,0,0,4.12892E+20,5.31805E+21,7.83203E+15,4.80098E+16
150444,8,4,16,41,2018,3,19,2,3,1,6,2,1,1,0,0,0,0,0,5.04267E+20,5.37418E+21,9.05778E+15,4.85207E+16
150445,8,2,15,17,2018,3,9,5,3,1,6,0,0,1,0,0,0,0,0,4.56532E+20,5.42287E+21,8.40622E+15,4.89572E+16
150446,8,2,31,0,2018,3,16,5,3,6,7,0,0,0,1,0,0,1,0,4.77731E+20,5.41549E+21,8.6962E+15,4.88919E+16
150447,8,3,37,126,2018,3,15,2,3,5,3,0,0,1,0,0,1,0,0,4.41175E+20,5.27471E+21,8.21709E+15,4.76231E+16
150448,8,2,36,71,2018,3,16,5,3,5,2,0,0,1,0,1,0,0,0,4.69179E+20,5.422E+21,8.57904E+15,4.89502E+16
150449,8,2,22,0,2018,3,10,5,3,5,3,0,1,1,0,0,0,0,0,4.62766E+20,5.47794E+21,8.48627E+15,4.9453E+16
150450,8,3,35,75,2018,3,20,2,3,8,1,2,0,1,0,0,0,0,1,4.89333E+20,5.29153E+21,8.85761E+15,4.7777E+16
150451,8,2,16,43,2018,3,13,5,2,5,3,0,0,1,0,0,1,0,0,4.43782E+20,5.41251E+21,8.23349E+15,4.8863E+16
150452,8,2,26,107,2018,3,8,4,2,0,1,0,0,1,0,1,0,0,1,4.75511E+20,5.48458E+21,8.6617E+15,4.95134E+16
150453,8,3,35,75,2018,3,13,2,3,1,5,0,1,1,0,0,0,0,1,4.87726E+20,5.2903E+21,8.8362E+15,4.7766E+16
150454,8,2,12,0,2018,3,17,5,3,2,6,0,0,1,0,0,0,0,0,4.58391E+20,5.43145E+21,8.43072E+15,4.90346E+16
150455,8,3,15,51,2018,3,15,4,3,0,7,0,1,0,0,0,0,1,0,4.18091E+20,5.32192E+21,7.90099E+15,4.80453E+16
150456,8,3,35,75,2018,3,17,2,3,5,3,1,1,1,0,0,0,0,0,4.88452E+20,5.28877E+21,8.84593E+15,4.77522E+16
150457,8,1,15,45,2018,3,13,5,2,5,3,0,1,1,0,0,0,0,0,5.00213E+20,5.39541E+21,9.00289E+15,4.87117E+16
150458,8,1,15,28,2018,3,15,5,3,5,3,0,0,1,0,0,0,0,0,5.01389E+20,5.40432E+21,9.01892E+15,4.87919E+16
150459,8,3,26,12,2018,3,16,2,3,5,3,0,0,1,0,0,0,0,0,4.62425E+20,5.31096E+21,8.49676E+15,4.79508E+16
150460,8,1,26,66,2018,3,8,5,3,2,6,0,0,1,0,0,0,0,0,5.36055E+20,5.44916E+21,9.49486E+15,4.91942E+16
150461,8,1,21,0,2018,3,7,5,3,6,7,0,0,1,1,0,0,0,0,5.13592E+20,5.44377E+21,9.18637E+15,4.91466E+16
150462,8,3,17,146,2018,3,6,2,3,5,3,0,0,1,0,1,0,0,1,4.30643E+20,5.35575E+21,8.06385E+15,4.83511E+16
150463,8,1,19,20,2018,3,13,5,3,2,6,0,0,1,0,0,0,0,0,5.19601E+20,5.40799E+21,9.26704E+15,4.88246E+16
150464,8,3,17,65,2018,3,15,2,3,2,2,0,0,1,0,0,0,0,0,4.1579E+20,5.35483E+21,7.8636E+15,4.83411E+16