OBJECTID_1,ULAND,UREGBEZ,UKREIS,UGEMEINDE,UJAHR,UMONAT,USTUNDE,UWOCHENTAG,UKATEGORIE,UART,UTYP1,ULICHTVERH,IstRad,IstPKW,IstFuss,IstKrad,IstGkfz,IstSonstig,STRZUSTAND,LINREFX,LINREFY,XGCSWGS84,YGCSWGS84
150653,8,3,35,63,2018,3,12,6,3,2,6,0,0,1,0,0,0,0,0,4.96997E+20,5.2874E+21,8.95994E+15,4.77399E+16
150654,8,3,26,74,2018,3,7,6,3,9,1,0,0,1,0,0,0,0,1,4.59026E+20,5.31961E+21,8.45041E+15,4.80285E+16
150655,8,2,21,0,2018,3,8,6,3,5,3,0,1,1,0,0,0,0,1,4.73669E+20,5.47594E+21,8.63683E+15,4.94355E+16
150656,8,2,26,18,2018,3,15,6,3,5,3,0,0,1,0,0,0,0,0,4.73513E+20,5.4726E+21,8.6349E+15,4.94055E+16
150657,8,3,26,74,2018,3,12,6,3,6,4,0,0,1,1,0,0,0,0,4.64605E+20,5.32202E+21,8.52504E+15,4.80505E+16
150658,8,2,26,18,2018,3,13,6,3,6,4,0,0,1,1,0,0,0,1,4.73333E+20,5.47109E+21,8.63252E+15,4.93919E+16
150659,8,1,18,19,2018,3,20,2,2,5,3,2,0,1,0,1,0,0,0,5.04891E+20,5.40544E+21,9.06661E+15,4.8802E+16
150660,8,3,16,11,2018,3,16,6,3,6,4,0,0,1,1,0,0,0,0,4.14521E+20,5.33027E+21,7.85143E+15,4.812E+16
150661,8,2,16,15,2018,3,17,6,2,1,5,0,0,1,0,0,0,0,0,4.49358E+20,5.40496E+21,8.31044E+15,4.87956E+16
150662,8,3,16,11,2018,3,12,6,3,5,2,0,0,1,0,0,0,0,0,4.1257E+20,5.33113E+21,7.82504E+15,4.81274E+16
150663,8,1,21,0,2018,3,7,6,3,5,3,0,1,1,0,0,0,0,0,5.16709E+20,5.44369E+21,9.22911E+15,4.91458E+16
150664,8,3,11,0,2018,3,19,2,3,2,6,2,0,1,0,0,0,0,0,4.14807E+20,5.31579E+21,7.85816E+15,4.79898E+16
150665,8,3,11,0,2018,3,20,6,2,9,1,2,1,0,0,0,0,0,0,4.12019E+20,5.31728E+21,7.82049E+15,4.80028E+16
150666,8,1,36,65,2018,3,21,6,3,1,7,2,0,1,0,0,0,0,0,5.58162E+20,5.40031E+21,9.79129E+15,4.87531E+16
150667,8,3,11,0,2018,3,13,6,3,3,6,0,0,1,0,0,0,0,0,4.12965E+20,5.32024E+21,7.83257E+15,4.80295E+16
150668,8,1,19,20,2018,3,15,6,3,2,2,0,1,1,0,0,0,0,0,5.19318E+20,5.40856E+21,9.26322E+15,4.88297E+16
150669,8,1,19,84,2018,3,22,6,1,6,7,2,0,1,1,0,0,0,0,5.46257E+20,5.41418E+21,9.63089E+15,4.88788E+16
150670,8,2,12,0,2018,3,16,6,2,6,4,0,0,1,1,0,0,0,0,4.54048E+20,5.42849E+21,8.37166E+15,4.90076E+16
150671,8,1,18,73,2018,3,17,6,3,5,3,0,0,1,0,0,0,0,0,4.97745E+20,5.41937E+21,8.96921E+15,4.89273E+16
150672,8,1,19,20,2018,3,7,2,3,2,6,0,0,1,0,0,0,0,1,5.20787E+20,5.40721E+21,9.28316E+15,4.88175E+16
150673,8,2,37,40,2018,3,14,6,3,5,3,0,0,1,0,1,0,0,0,4.77676E+20,5.36484E+21,8.69818E+15,4.84363E+16
150674,8,1,18,48,2018,3,8,6,3,0,3,0,0,1,0,1,0,0,0,5.16731E+20,5.41545E+21,9.22825E+15,4.88918E+16
150675,8,2,35,7,2018,3,7,6,3,3,6,0,1,1,0,0,0,0,0,4.84271E+20,5.39721E+21,8.78612E+15,4.87277E+16
150676,8,1,11,0,2018,3,17,6,3,2,6,0,0,1,0,0,0,1,1,5.12145E+20,5.40317E+21,9.16532E+15,4.87814E+16
150677,8,2,36,31,2018,3,6,6,3,5,3,1,0,1,0,0,0,0,0,4.81156E+20,5.42007E+21,8.7427E+15,4.89333E+16
150678,8,1,11,0,2018,3,9,6,2,6,4,0,0,1,1,0,0,0,0,5.11455E+20,5.40245E+21,9.15591E+15,4.8775E+16
150679,8,1,11,0,2018,3,13,6,3,3,7,0,0,1,0,0,0,0,0,5.11828E+20,5.40672E+21,9.16111E+15,4.88133E+16
150680,8,1,18,46,2018,3,15,3,3,6,4,0,0,1,1,0,0,0,0,5.13613E+20,5.41194E+21,9.1856E+15,4.88603E+16
150681,8,2,31,0,2018,3,16,6,3,2,6,0,0,1,0,0,0,0,0,4.76588E+20,5.41533E+21,8.68061E+15,4.88904E+16
150682,8,1,11,0,2018,3,7,6,3,5,3,0,0,1,0,0,0,0,0,5.13395E+20,5.40542E+21,9.18241E+15,4.88016E+16
150683,8,4,36,55,2018,3,14,5,3,6,4,0,0,1,1,0,0,0,0,5.76384E+20,5.29721E+21,1.00205E+16,4.78237E+16
150684,8,2,31,0,2018,3,10,6,3,0,7,0,0,1,0,0,0,0,0,4.80571E+20,5.41128E+21,8.73514E+15,4.88542E+16
150685,8,4,35,34,2018,3,12,5,3,5,3,0,0,1,0,1,0,0,0,5.32764E+20,5.28518E+21,9.43686E+15,4.77192E+16
150686,8,1,11,0,2018,3,8,2,3,2,6,0,1,1,0,0,0,0,2,5.10781E+20,5.40655E+21,9.14684E+15,4.88119E+16
150687,8,2,22,0,2018,3,15,6,3,5,3,0,1,1,0,0,0,0,0,4.62948E+20,5.48289E+21,8.48831E+15,4.94975E+16
150688,8,4,35,59,2018,3,17,5,3,5,3,0,0,1,0,0,0,0,0,5.14185E+20,5.28917E+21,9.18927E+15,4.77557E+16
150689,8,4,16,41,2018,3,7,5,3,0,7,0,1,0,0,0,0,0,1,5.02855E+20,5.37415E+21,9.03867E+15,4.85204E+16
150690,8,2,22,0,2018,3,8,6,3,0,7,0,1,0,0,0,0,0,1,4.6055E+20,5.48147E+21,8.45533E+15,4.94846E+16
150691,8,4,16,36,2018,3,12,5,3,5,3,0,0,1,0,0,0,0,0,4.96192E+20,5.36883E+21,8.94848E+15,4.84726E+16
150692,8,4,15,61,2018,3,10,5,3,5,3,0,0,1,0,0,0,0,0,5.15011E+20,5.37486E+21,9.20332E+15,4.85267E+16
150693,8,1,11,0,2018,3,17,3,3,2,6,1,0,1,0,0,0,0,0,5.14981E+20,5.40717E+21,9.20407E+15,4.88174E+16
150694,8,2,22,0,2018,3,16,6,3,5,3,0,0,1,0,0,0,0,1,4.61881E+20,5.48746E+21,8.47313E+15,4.95386E+16
150695,8,3,35,79,2018,3,11,5,3,5,2,0,0,1,0,0,0,0,0,5.0028E+20,5.29955E+21,9.00375E+15,4.78493E+16
150696,8,2,21,0,2018,3,12,6,3,5,3,0,0,1,0,1,0,0,1,4.76863E+20,5.47254E+21,8.68108E+15,4.94051E+16
150697,8,2,15,9,2018,3,22,6,3,0,1,2,0,1,1,0,0,0,1,4.70302E+20,5.44135E+21,8.59296E+15,4.91243E+16
150698,8,3,35,63,2018,3,8,5,3,5,3,0,1,0,0,0,0,1,0,4.97803E+20,5.28726E+21,8.9707E+15,4.77387E+16
150699,8,2,12,0,2018,3,9,6,3,5,3,0,0,1,0,0,0,0,0,4.59581E+20,5.43052E+21,8.44711E+15,4.90262E+16
150700,8,1,36,88,2018,3,11,6,3,0,1,0,1,0,0,0,0,0,0,5.79475E+20,5.40941E+21,1.0083E+16,4.88326E+16
150701,8,3,17,41,2018,3,10,5,3,3,2,0,0,0,0,1,1,0,0,4.39534E+20,5.34818E+21,8.18493E+15,4.82839E+16
150702,8,3,36,50,2018,3,18,5,3,5,3,1,0,1,0,0,0,0,0,3.99555E+20,5.27393E+21,7.66347E+15,4.7611E+16
150703,8,1,35,19,2018,3,7,6,3,2,6,0,0,1,0,1,0,0,0,5.8534E+20,5.39466E+21,1.01598E+16,4.86991E+16
150704,8,3,11,0,2018,3,18,5,3,0,6,0,0,1,0,0,0,0,1,4.10366E+20,5.31631E+21,7.79853E+15,4.79938E+16
150705,8,3,11,0,2018,3,15,5,3,5,3,0,1,1,0,0,0,0,1,4.11456E+20,5.31459E+21,7.81349E+15,4.79785E+16
150706,8,3,16,56,2018,3,14,2,3,0,2,0,1,0,0,0,1,0,0,4.22436E+20,5.32713E+21,7.95833E+15,4.80927E+16
150707,8,1,25,6,2018,3,13,6,2,6,4,0,0,1,1,0,0,0,1,5.07848E+20,5.45436E+21,9.10781E+15,4.92419E+16
150708,8,2,31,0,2018,3,14,5,3,0,5,0,0,1,0,0,0,1,0,4.78424E+20,5.41528E+21,8.70566E+15,4.88901E+16
150709,8,1,19,79,2018,3,17,6,3,6,4,0,0,1,1,0,0,0,0,5.23003E+20,5.40869E+21,9.31343E+15,4.88307E+16
150710,8,1,18,48,2018,3,13,6,3,0,2,0,1,1,0,0,0,0,0,5.14773E+20,5.41537E+21,9.20154E+15,4.88911E+16
150711,8,2,22,0,2018,3,13,5,3,2,6,0,0,1,0,0,0,1,1,4.65175E+20,5.48207E+21,8.51914E+15,4.94903E+16
150712,8,2,21,0,2018,3,13,5,3,1,7,0,1,1,0,0,0,0,1,4.77664E+20,5.47267E+21,8.6921E+15,4.94063E+16
150713,8,1,16,70,2018,3,12,6,3,8,7,0,0,0,0,1,0,0,0,5.39602E+20,5.38484E+21,9.53731E+15,4.86154E+16
150714,8,2,21,0,2018,3,0,5,3,6,4,2,0,0,1,0,0,1,1,4.74358E+20,5.46938E+21,8.64676E+15,4.93766E+16
150715,8,2,15,7,2018,3,17,5,3,5,3,0,0,1,0,0,0,0,1,4.77998E+20,5.43201E+21,8.69894E+15,4.90406E+16
150716,8,1,15,45,2018,3,17,6,3,1,7,1,0,1,0,1,0,0,0,5.01535E+20,5.39414E+21,9.02086E+15,4.87003E+16
150717,8,1,36,65,2018,3,15,5,3,1,5,0,0,1,0,0,0,0,0,5.5931E+20,5.40574E+21,9.80769E+15,4.88018E+16
150718,8,1,36,19,2018,3,7,5,3,0,7,0,0,1,0,0,0,1,1,5.83079E+20,5.42313E+21,1.01349E+16,4.89555E+16
150719,8,2,12,0,2018,3,6,2,3,5,3,1,1,1,0,0,0,0,0,4.51368E+20,5.42843E+21,8.33501E+15,4.90069E+16
150720,8,1,15,45,2018,3,15,6,3,5,3,0,1,1,0,0,0,0,0,5.00491E+20,5.39454E+21,9.00668E+15,4.87039E+16
150721,8,1,35,19,2018,3,15,5,3,5,3,0,0,1,0,0,0,0,1,5.84823E+20,5.39263E+21,1.01524E+16,4.86809E+16
150722,8,1,15,45,2018,3,14,6,3,6,6,0,1,0,1,0,0,0,0,4.99668E+20,5.39472E+21,8.99548E+15,4.87055E+16
150723,8,1,35,19,2018,3,7,5,3,5,3,0,0,1,0,1,0,0,0,5.84513E+20,5.39259E+21,1.01481E+16,4.86806E+16
150724,8,1,18,67,2018,3,17,5,3,4,5,0,0,1,0,0,0,1,1,5.06274E+20,5.41352E+21,9.08557E+15,4.88746E+16
150725,8,1,18,48,2018,3,16,5,3,0,6,0,0,1,0,1,0,0,1,5.13241E+20,5.41577E+21,9.18065E+15,4.88947E+16
150726,8,1,15,24,2018,3,11,6,3,5,3,0,0,1,0,0,0,0,0,5.00682E+20,5.38799E+21,9.00927E+15,4.8645E+16
150727,8,1,16,77,2018,3,22,5,3,5,3,2,0,1,0,0,0,0,1,5.16221E+20,5.3923E+21,9.22038E+15,4.86835E+16
150728,8,1,16,19,2018,3,8,2,2,9,7,0,0,1,0,0,0,0,0,5.23422E+20,5.39651E+21,9.31845E+15,4.87212E+16
150729,8,1,15,24,2018,3,11,6,3,6,7,0,0,1,1,0,0,0,0,5.00864E+20,5.3874E+21,9.01173E+15,4.86397E+16
150730,8,1,16,19,2018,3,18,5,3,5,3,1,1,1,0,0,0,0,1,5.23259E+20,5.3979E+21,9.31631E+15,4.87337E+16
150731,8,1,28,131,2018,3,12,2,3,0,1,0,1,0,0,0,0,0,1,5.36414E+20,5.51386E+21,9.50576E+15,4.97761E+16
150732,8,1,11,0,2018,3,20,6,2,5,3,2,0,1,0,1,0,0,0,5.07442E+20,5.39693E+21,9.10119E+15,4.87254E+16
150733,8,1,11,0,2018,3,7,5,3,5,2,0,0,1,0,0,0,0,0,5.17047E+20,5.40868E+21,9.23227E+15,4.88308E+16
150734,8,1,11,0,2018,3,23,6,3,1,7,2,0,1,1,0,1,0,0,5.13234E+20,5.4021E+21,9.18011E+15,4.87717E+16
150735,8,4,36,81,2018,3,20,4,3,6,2,2,0,1,1,0,0,0,1,5.6201E+20,5.28319E+21,9.82649E+15,4.76991E+16
150736,8,1,11,0,2018,3,7,6,2,0,1,0,1,0,0,0,0,0,0,5.13154E+20,5.4066E+21,9.17917E+15,4.88122E+16
150737,8,4,26,74,2018,3,10,4,3,5,3,0,1,0,0,0,0,1,0,5.56554E+20,5.32691E+21,9.75951E+15,4.80929E+16
150738,8,3,36,84,2018,3,8,4,3,2,6,0,0,1,0,0,0,0,0,4.04755E+20,5.27736E+21,7.7319E+15,4.76427E+16
150739,8,1,18,48,2018,3,8,3,3,6,7,0,0,1,1,0,0,0,0,5.13164E+20,5.41522E+21,9.17959E+15,4.88898E+16
150740,8,1,11,0,2018,3,0,6,3,1,7,2,1,0,0,0,0,1,0,5.12402E+20,5.40696E+21,9.16894E+15,4.88155E+16
150741,8,3,17,96,2018,3,13,4,3,5,3,0,0,1,0,0,1,0,0,4.20719E+20,5.36932E+21,7.92736E+15,4.8472E+16
150742,8,4,16,41,2018,3,12,1,3,6,2,0,0,1,1,0,0,0,1,5.04403E+20,5.37455E+21,9.05963E+15,4.8524E+16
150743,8,4,35,16,2018,3,5,5,3,2,6,2,0,1,0,0,0,0,0,5.35549E+20,5.27848E+21,9.47344E+15,4.76588E+16
150744,8,3,17,65,2018,3,9,4,3,4,7,0,0,1,0,0,0,0,0,4.16671E+20,5.35497E+21,7.87545E+15,4.83425E+16
150745,8,3,36,50,2018,3,13,4,3,5,3,0,0,1,0,0,0,0,0,3.99258E+20,5.27448E+21,7.6594E+15,4.76158E+16
150746,8,4,21,0,2018,3,15,5,3,6,4,0,1,0,1,0,0,0,0,5.70155E+20,5.35862E+21,9.94739E+15,4.83769E+16
150747,8,3,11,0,2018,3,15,4,3,5,3,0,0,1,0,1,0,0,0,4.13654E+20,5.31668E+21,7.84252E+15,4.79976E+16
150748,8,2,31,0,2018,3,17,4,3,5,3,0,0,1,0,0,0,0,0,4.76761E+20,5.41536E+21,8.68297E+15,4.88908E+16
150749,8,4,25,31,2018,3,9,5,3,5,3,0,0,1,0,0,0,1,0,5.70136E+20,5.36817E+21,9.94874E+15,4.84627E+16
150750,8,2,31,0,2018,3,18,4,3,2,6,0,0,1,0,0,0,0,0,4.78013E+20,5.41529E+21,8.70005E+15,4.88901E+16
150751,8,2,31,0,2018,3,9,4,3,5,3,0,0,1,0,0,0,0,0,4.77797E+20,5.41578E+21,8.69708E+15,4.88945E+16
150752,8,4,16,41,2018,3,0,5,3,0,7,2,1,0,0,0,0,0,0,5.0429E+20,5.37405E+21,9.05809E+15,4.85195E+16
150753,8,2,26,84,2018,3,15,4,3,1,5,0,0,1,0,0,0,1,0,4.67561E+20,5.47286E+21,8.55284E+15,4.94075E+16
150754,8,2,25,58,2018,3,5,4,3,5,3,1,0,1,0,0,0,0,0,5.09185E+20,5.46534E+21,9.12645E+15,4.93407E+16
150755,8,1,17,26,2018,3,7,3,2,0,1,0,0,0,0,1,0,0,0,5.46833E+20,5.39531E+21,9.63661E+15,4.87091E+16
150756,8,3,36,105,2018,3,19,5,3,1,7,2,0,1,0,0,0,1,1,4.02563E+20,5.26628E+21,7.70518E+15,4.75426E+16
150757,8,2,22,0,2018,3,8,4,3,2,2,0,0,1,0,0,0,0,0,4.6082E+20,5.48827E+21,8.45839E+15,4.95458E+16
150758,8,3,35,75,2018,3,12,5,3,1,5,0,1,1,0,0,0,0,0,4.87862E+20,5.28928E+21,8.83804E+15,4.77568E+16
150759,8,3,35,43,2018,3,20,5,2,6,2,2,0,1,1,0,0,0,0,5.14586E+20,5.28052E+21,9.19433E+15,4.76779E+16
150760,8,2,22,0,2018,3,8,4,3,5,3,0,1,1,0,0,0,0,0,4.622E+20,5.4817E+21,8.4781E+15,4.94868E+16
150761,8,2,22,0,2018,3,22,4,3,0,7,2,1,0,0,0,0,0,1,4.6272E+20,5.47902E+21,8.48553E+15,4.94627E+16
150762,8,3,27,46,2018,3,10,5,3,5,3,0,1,1,0,0,0,0,0,4.80373E+20,5.32478E+21,8.7365E+15,4.8076E+16
150763,8,2,22,0,2018,3,11,4,3,6,4,0,0,1,1,0,0,0,0,4.61622E+20,5.4837E+21,8.46992E+15,4.95047E+16
150764,8,2,26,18,2018,3,13,4,3,6,4,0,0,1,1,0,0,0,0,4.72829E+20,5.47226E+21,8.6255E+15,4.94024E+16
150765,8,3,11,0,2018,3,20,2,3,5,3,2,1,1,0,0,0,0,0,4.14009E+20,5.31523E+21,7.84757E+15,4.79846E+16
150766,8,3,15,115,2018,3,12,5,3,0,7,0,1,1,0,0,0,0,1,4.07802E+20,5.32131E+21,7.7631E+15,4.80384E+16
150767,8,2,16,22,2018,3,12,4,3,5,3,0,0,1,0,1,0,0,0,4.34432E+20,5.40433E+21,8.10733E+15,4.87885E+16
150768,8,2,15,17,2018,3,8,4,3,6,7,0,1,0,1,0,0,0,0,4.56597E+20,5.42128E+21,8.40727E+15,4.89429E+16
150769,8,3,26,12,2018,3,11,2,3,9,1,0,0,1,0,0,0,0,0,4.62771E+20,5.30975E+21,8.5015E+15,4.79399E+16
150770,8,3,11,0,2018,3,16,5,3,6,7,0,0,1,1,0,0,0,0,4.13746E+20,5.31648E+21,7.84379E+15,4.79958E+16
150771,8,1,36,65,2018,3,16,4,2,1,5,0,1,1,0,0,0,0,0,5.58525E+20,5.40535E+21,9.79694E+15,4.87983E+16
150772,8,2,37,40,2018,3,16,5,3,6,7,0,0,1,1,0,0,0,1,4.69819E+20,5.36393E+21,8.59202E+15,4.84278E+16
150773,8,2,22,0,2018,3,16,5,3,4,6,0,0,1,0,0,0,0,0,4.64927E+20,5.47637E+21,8.51622E+15,4.9439E+16
150774,8,1,36,44,2018,3,16,4,3,4,2,0,1,1,0,0,0,0,0,5.58754E+20,5.40786E+21,9.80042E+15,4.8821E+16
150775,8,1,36,65,2018,3,15,4,3,1,6,0,0,1,0,0,0,0,0,5.58189E+20,5.40505E+21,9.79233E+15,4.87957E+16
150776,8,2,21,0,2018,3,16,5,3,5,3,0,0,1,0,0,0,0,1,4.74983E+20,5.47357E+21,8.6551E+15,4.94143E+16
150777,8,1,36,19,2018,3,12,4,3,2,6,0,0,1,0,0,0,0,1,5.83031E+20,5.42322E+21,1.01342E+16,4.89563E+16
150778,8,1,36,38,2018,3,4,4,2,0,1,2,1,0,0,0,0,0,2,5.91505E+20,5.41453E+21,1.0248E+16,4.88769E+16
150779,8,2,16,28,2018,3,6,2,1,8,7,0,0,1,0,0,0,0,0,4.24265E+20,5.39832E+21,7.97003E+15,4.87333E+16
150780,8,2,15,109,2018,3,10,5,3,0,1,0,1,0,0,0,0,0,0,4.61335E+20,5.43461E+21,8.4707E+15,4.90632E+16
150781,8,1,36,65,2018,3,7,4,3,6,4,0,0,0,1,0,0,1,0,5.58155E+20,5.40563E+21,9.79195E+15,4.8801E+16
150782,8,2,12,0,2018,3,16,5,3,5,3,1,0,1,0,0,0,0,0,4.53714E+20,5.42772E+21,8.36718E+15,4.90006E+16
150783,8,1,35,19,2018,3,14,4,3,2,6,0,0,1,0,0,0,0,0,5.84297E+20,5.39166E+21,1.0145E+16,4.86723E+16
150784,8,2,12,0,2018,3,7,5,3,5,3,0,0,1,0,0,0,0,0,4.58109E+20,5.42874E+21,8.42715E+15,4.90101E+16
150785,8,1,27,76,2018,3,7,4,3,5,3,0,1,1,0,0,0,0,1,5.54374E+20,5.44033E+21,9.74509E+15,4.91134E+16
150786,8,1,19,93,2018,3,16,5,3,1,7,0,0,1,0,0,0,0,0,5.23618E+20,5.40684E+21,9.32171E+15,4.88141E+16
150787,8,1,19,67,2018,3,12,4,3,5,3,0,0,1,0,0,0,0,0,5.39547E+20,5.40608E+21,9.53861E+15,4.88065E+16
150788,8,1,17,33,2018,3,8,4,3,5,3,0,0,1,0,0,0,0,0,5.58418E+20,5.38819E+21,9.79305E+15,4.8644E+16
150789,8,1,19,20,2018,3,13,5,3,6,4,0,0,1,1,0,0,0,0,5.20825E+20,5.40702E+21,9.28367E+15,4.88158E+16
150790,8,1,17,24,2018,3,7,4,3,0,7,0,0,1,1,0,0,0,1,5.60502E+20,5.38657E+21,9.8211E+15,4.86292E+16
150791,8,1,19,20,2018,3,9,2,3,5,2,0,1,1,0,0,0,0,0,5.19927E+20,5.40759E+21,9.27147E+15,4.8821E+16
150792,8,1,18,79,2018,3,7,5,2,5,3,0,0,1,0,0,0,0,0,5.07336E+20,5.42143E+21,9.10019E+15,4.89457E+16
150793,8,1,16,22,2018,3,7,4,3,5,3,0,0,1,0,0,0,0,0,5.23233E+20,5.3817E+21,9.31505E+15,4.8588E+16
150794,8,1,16,19,2018,3,12,5,3,2,6,0,0,1,0,0,0,0,0,5.24076E+20,5.39876E+21,9.32747E+15,4.87414E+16
150795,8,1,16,77,2018,3,7,4,3,5,3,1,0,1,0,1,0,0,0,5.15243E+20,5.38911E+21,9.20698E+15,4.86548E+16
150796,8,1,15,45,2018,3,11,5,3,5,3,0,1,1,0,0,0,0,0,5.00508E+20,5.39452E+21,9.0069E+15,4.87037E+16
150797,8,1,15,45,2018,3,6,4,3,0,7,0,0,1,0,0,0,0,0,5.00363E+20,5.39691E+21,9.00494E+15,4.87252E+16
150798,8,1,15,3,2018,3,17,4,3,2,6,0,0,1,0,0,0,0,0,5.0109E+20,5.39246E+21,9.01481E+15,4.86852E+16
150799,8,1,18,48,2018,3,11,3,2,5,3,0,1,1,0,0,0,0,0,5.12929E+20,5.41662E+21,9.17642E+15,4.89024E+16
150800,8,1,11,0,2018,3,11,5,3,6,4,0,0,1,1,0,0,0,0,5.12725E+20,5.402E+21,9.17319E+15,4.87709E+16
150801,8,1,15,3,2018,3,13,4,3,5,2,0,0,1,0,0,0,0,0,5.00785E+20,5.39207E+21,9.01066E+15,4.86817E+16
150802,8,1,11,0,2018,3,12,4,3,5,3,0,0,1,0,0,0,0,0,5.13011E+20,5.39964E+21,9.17701E+15,4.87497E+16
150803,8,1,11,0,2018,3,15,5,3,5,3,0,1,1,0,0,0,0,0,5.16155E+20,5.40547E+21,9.22E+15,4.8802E+16
150804,8,1,11,0,2018,3,8,4,3,5,3,0,1,1,0,0,0,0,0,5.12581E+20,5.40124E+21,9.1712E+15,4.8764E+16
150805,8,1,15,3,2018,3,16,2,3,2,6,0,0,1,0,0,0,0,0,5.00575E+20,5.39289E+21,9.00781E+15,4.8689E+16
150806,8,4,36,64,2018,3,22,3,3,6,7,2,0,1,1,0,0,0,1,5.4516E+20,5.29064E+21,9.6027E+15,4.77676E+16
150807,8,4,35,57,2018,3,9,4,3,6,2,0,0,1,1,0,0,0,0,5.44346E+20,5.28017E+21,9.59077E+15,4.76734E+16
150808,8,4,36,64,2018,3,14,3,3,2,2,0,0,1,0,1,0,0,0,5.45525E+20,5.29161E+21,9.60767E+15,4.77763E+16
150809,8,4,35,59,2018,3,7,3,3,0,4,0,1,0,1,0,0,0,0,5.11943E+20,5.29057E+21,9.1594E+15,4.77684E+16
150810,8,4,35,16,2018,3,11,4,3,3,2,0,1,0,0,0,0,0,0,5.36828E+20,5.27873E+21,9.4905E+15,4.7661E+16
150811,8,4,25,81,2018,3,10,3,2,8,1,0,1,0,0,0,0,0,0,5.48003E+20,5.34268E+21,9.64646E+15,4.82355E+16
150812,8,4,15,61,2018,3,7,3,3,5,3,0,1,0,0,0,0,1,0,5.15383E+20,5.37044E+21,9.20818E+15,4.84869E+16
150813,8,1,16,79,2018,3,16,3,3,0,7,0,1,0,0,0,0,1,0,5.34921E+20,5.37773E+21,9.4732E+15,4.85517E+16
150814,8,4,15,61,2018,3,10,4,3,1,5,0,1,1,0,0,0,0,0,5.16091E+20,5.37071E+21,9.21777E+15,4.84893E+16
150815,8,4,15,53,2018,3,18,3,3,6,6,1,1,0,1,0,0,0,0,5.36764E+20,5.36194E+21,9.49679E+15,4.84095E+16
150816,8,4,16,48,2018,3,12,4,2,5,3,0,1,0,0,0,0,1,0,4.97363E+20,5.37473E+21,8.96429E+15,4.85257E+16
150817,8,3,35,43,2018,3,9,4,3,5,3,0,1,1,0,0,0,0,0,5.13293E+20,5.27847E+21,9.17704E+15,4.76595E+16
150818,8,3,35,43,2018,3,17,3,3,5,2,1,1,1,0,0,0,0,1,5.13019E+20,5.27999E+21,9.17344E+15,4.76732E+16
150819,8,3,17,34,2018,3,7,3,3,9,7,0,1,0,0,0,0,0,0,4.27939E+20,5.36233E+21,8.02624E+15,4.841E+16
150820,8,3,35,43,2018,3,7,4,3,5,3,0,1,1,0,0,0,0,0,5.12213E+20,5.2806E+21,9.16272E+15,4.76786E+16
150821,8,3,17,65,2018,3,14,3,3,6,4,0,0,1,1,0,0,0,0,4.13604E+20,5.35526E+21,7.83401E+15,4.83446E+16
150822,8,3,17,1,2018,3,11,3,2,6,4,0,0,1,1,0,0,0,0,4.31539E+20,5.38691E+21,8.07083E+15,4.86315E+16
150823,8,3,35,43,2018,3,8,4,3,5,3,0,1,1,0,0,0,0,0,5.11619E+20,5.28622E+21,9.15495E+15,4.77292E+16
150824,8,3,11,0,2018,3,9,3,3,6,2,0,0,1,1,0,0,0,0,4.13571E+20,5.3174E+21,7.84127E+15,4.80041E+16
150825,8,3,11,0,2018,3,8,3,2,5,2,0,1,1,0,0,0,0,0,4.12372E+20,5.31449E+21,7.82579E+15,4.79778E+16
150826,8,3,17,1,2018,3,12,2,3,5,3,0,1,1,0,0,0,0,0,4.31836E+20,5.38646E+21,8.07494E+15,4.86275E+16
150827,8,3,35,43,2018,3,22,4,3,0,7,2,1,0,0,0,0,0,0,5.12957E+20,5.27915E+21,9.17259E+15,4.76656E+16
150828,8,3,11,0,2018,3,7,3,3,5,3,0,0,1,0,0,0,0,0,4.13593E+20,5.31843E+21,7.84135E+15,4.80133E+16
150829,8,3,17,146,2018,3,16,4,3,2,6,0,0,1,0,0,0,1,0,4.30229E+20,5.35506E+21,8.05837E+15,4.83449E+16
150830,8,3,17,65,2018,3,13,4,3,5,3,0,0,1,0,0,0,0,0,4.13754E+20,5.35472E+21,7.83615E+15,4.83397E+16
150831,8,2,35,46,2018,3,16,3,3,5,3,0,0,1,0,0,0,1,1,4.81673E+20,5.37595E+21,8.75173E+15,4.85364E+16
150832,8,2,36,76,2018,3,9,3,3,4,6,0,1,1,0,0,0,0,0,4.71685E+20,5.42368E+21,8.61315E+15,4.89653E+16
150833,8,3,17,65,2018,3,7,4,3,5,2,1,1,1,0,0,0,0,0,4.14343E+20,5.35462E+21,7.84412E+15,4.8339E+16
150834,8,2,25,58,2018,3,9,3,3,5,3,0,0,1,0,0,0,0,0,5.07923E+20,5.46621E+21,9.10909E+15,4.93486E+16
150835,8,1,28,64,2018,3,18,2,3,5,2,1,0,1,0,0,0,0,0,5.37453E+20,5.50191E+21,9.51904E+15,4.96685E+16
150836,8,3,16,17,2018,3,11,4,3,2,6,0,0,1,0,0,0,0,0,4.09212E+20,5.34181E+21,7.77765E+15,4.8223E+16
150837,8,2,21,0,2018,3,14,3,3,0,7,0,1,1,0,0,0,0,0,4.77038E+20,5.47568E+21,8.6833E+15,4.94334E+16
150838,8,2,15,99,2018,3,7,3,3,5,3,0,0,1,0,0,0,0,0,4.62142E+20,5.4448E+21,8.48079E+15,4.91549E+16
150839,8,2,12,0,2018,3,13,2,3,0,7,0,1,0,0,1,0,0,0,4.60432E+20,5.42776E+21,8.45901E+15,4.90015E+16