OBJECTID_1,ULAND,UREGBEZ,UKREIS,UGEMEINDE,UJAHR,UMONAT,USTUNDE,UWOCHENTAG,UKATEGORIE,UART,UTYP1,ULICHTVERH,IstRad,IstPKW,IstFuss,IstKrad,IstGkfz,IstSonstig,STRZUSTAND,LINREFX,LINREFY,XGCSWGS84,YGCSWGS84
150840,8,3,15,74,2018,3,10,4,2,0,7,0,1,0,0,0,0,0,0,3.96712E+20,5.29841E+21,7.61985E+15,4.78307E+16
150841,8,2,12,0,2018,3,18,3,3,6,2,2,0,1,1,0,0,0,2,4.61639E+20,5.42754E+21,8.47554E+15,4.89995E+16
150842,8,3,15,76,2018,3,23,4,3,1,7,2,0,1,0,0,1,0,0,3.92026E+20,5.29586E+21,7.5579E+15,4.7807E+16
150843,8,1,25,86,2018,3,12,3,3,5,3,0,0,1,0,0,0,0,0,5.04582E+20,5.44352E+21,9.06282E+15,4.91445E+16
150844,8,3,11,0,2018,3,12,4,3,5,3,0,1,1,0,0,0,0,0,4.09768E+20,5.31557E+21,7.79067E+15,4.79871E+16
150845,8,1,19,20,2018,3,8,3,3,2,2,0,0,1,0,0,0,0,0,5.18853E+20,5.40781E+21,9.25685E+15,4.8823E+16
150846,8,1,19,8,2018,3,12,2,3,6,4,0,0,1,1,0,0,0,0,5.31485E+20,5.42177E+21,9.43001E+15,4.8948E+16
150847,8,3,36,69,2018,3,12,4,1,5,2,0,0,1,0,0,0,0,0,4.0762E+20,5.26763E+21,7.77209E+15,4.75555E+16
150848,8,2,22,0,2018,3,15,5,3,6,7,0,0,0,1,0,0,1,0,4.61616E+20,5.48097E+21,8.47011E+15,4.94802E+16
150849,8,2,22,0,2018,3,22,5,3,5,3,2,1,1,0,0,0,0,0,4.66557E+20,5.48516E+21,8.53796E+15,4.95182E+16
150850,8,2,22,0,2018,3,12,5,3,6,4,0,0,1,1,0,0,0,0,4.61185E+20,5.482E+21,8.46405E+15,4.94894E+16
150851,8,2,21,0,2018,3,18,5,3,0,7,0,0,1,1,0,0,0,0,4.82674E+20,5.47397E+21,8.76112E+15,4.94181E+16
150852,8,2,21,0,2018,3,14,5,3,1,6,0,0,1,0,0,0,0,0,4.7661E+20,5.47196E+21,8.67763E+15,4.93999E+16
150853,8,2,16,15,2018,3,12,5,3,1,7,0,0,1,0,0,0,0,0,4.49566E+20,5.40499E+21,8.31327E+15,4.87959E+16
150854,8,2,16,43,2018,3,6,5,3,3,6,1,0,1,0,1,0,0,0,4.41208E+20,5.41084E+21,8.19864E+15,4.88478E+16
150855,8,2,15,102,2018,3,15,5,3,5,3,0,0,1,0,1,0,0,0,4.55441E+20,5.43882E+21,8.38956E+15,4.91006E+16
150856,8,2,12,0,2018,3,7,5,2,5,3,0,1,1,0,0,0,0,0,4.55412E+20,5.42734E+21,8.39043E+15,4.89973E+16
150857,8,1,36,19,2018,3,9,5,3,2,6,0,0,1,0,0,0,0,0,5.8268E+20,5.4238E+21,1.01295E+16,4.89616E+16
150858,8,1,26,66,2018,3,18,5,3,2,6,0,0,1,0,0,0,0,0,5.34675E+20,5.44948E+21,9.47596E+15,4.91971E+16
150859,8,1,25,26,2018,3,15,5,3,6,7,0,0,1,1,0,0,0,0,4.9418E+20,5.44284E+21,8.92021E+15,4.91384E+16
150860,8,1,19,20,2018,3,11,5,3,2,6,0,0,1,0,0,0,0,0,5.20355E+20,5.40627E+21,9.27723E+15,4.88091E+16
150861,8,1,17,51,2018,3,16,5,3,6,7,0,0,1,1,0,0,0,0,5.42224E+20,5.39456E+21,9.57387E+15,4.87026E+16
150862,8,1,17,18,2018,3,9,5,2,0,1,0,0,0,0,1,0,0,0,5.38697E+20,5.39599E+21,9.52608E+15,4.87157E+16
150863,8,1,16,68,2018,3,18,5,3,5,3,0,0,1,0,0,0,0,0,5.25641E+20,5.38892E+21,9.34815E+15,4.86528E+16
150864,8,1,16,78,2018,3,9,5,3,2,6,0,0,1,0,0,0,0,0,5.10298E+20,5.3943E+21,9.13996E+15,4.87017E+16
150865,8,1,16,19,2018,3,11,5,3,2,1,0,0,1,0,0,0,0,0,5.21478E+20,5.39748E+21,9.29207E+15,4.87299E+16
150866,8,1,16,49,2018,3,8,5,3,6,4,0,0,1,1,0,0,0,0,5.25246E+20,5.38459E+21,9.34253E+15,4.86139E+16
150867,8,1,11,0,2018,3,19,5,2,0,7,1,1,0,0,0,0,0,0,5.09886E+20,5.39915E+21,9.13448E+15,4.87453E+16
150868,8,1,11,0,2018,3,8,5,3,3,6,0,1,1,0,0,0,0,0,5.12556E+20,5.40355E+21,9.17092E+15,4.87848E+16
150869,8,4,35,16,2018,3,16,4,3,1,5,0,1,1,0,0,0,0,1,5.36015E+20,5.27801E+21,9.47962E+15,4.76545E+16
150870,8,3,17,65,2018,4,18,3,3,4,6,0,0,1,0,0,0,0,0,4.15922E+20,5.35485E+21,7.86538E+15,4.83413E+16
150871,8,4,15,61,2018,3,16,4,3,6,4,0,0,1,1,0,0,0,1,5.1621E+20,5.37059E+21,9.21939E+15,4.84882E+16
150872,8,3,37,116,2018,3,6,4,3,2,6,2,0,1,0,0,0,0,1,4.17293E+20,5.27526E+21,7.8992E+15,4.76255E+16
150873,8,3,17,57,2018,4,10,3,3,2,2,0,0,1,0,1,0,0,0,4.1433E+20,5.37835E+21,7.83908E+15,4.85524E+16
150874,8,3,36,105,2018,3,20,4,3,8,1,2,0,1,0,0,0,0,1,4.0067E+20,5.26711E+21,7.67985E+15,4.75498E+16
150875,8,3,15,47,2018,4,21,3,3,2,7,2,1,1,0,0,0,0,0,4.15661E+20,5.32171E+21,7.86843E+15,4.80431E+16
150876,8,3,35,75,2018,3,17,4,3,5,3,0,0,1,0,0,0,0,1,4.89298E+20,5.28891E+21,8.85721E+15,4.77535E+16
150877,8,3,11,0,2018,4,21,3,3,5,3,2,0,1,0,0,0,0,0,4.12241E+20,5.31742E+21,7.82343E+15,4.80041E+16
150878,8,2,15,101,2018,4,16,3,3,6,7,0,0,0,1,0,0,1,0,4.66678E+20,5.42598E+21,8.54455E+15,4.89858E+16
150879,8,3,27,33,2018,3,10,4,3,5,3,0,0,1,0,0,0,1,0,4.87628E+20,5.3249E+21,8.8339E+15,4.80773E+16
150880,8,3,26,3,2018,3,8,4,3,6,4,0,0,1,1,0,0,0,0,4.65046E+20,5.31875E+21,8.53123E+15,4.80211E+16
150881,8,2,15,99,2018,4,18,3,3,5,3,0,1,0,1,1,0,0,0,4.62355E+20,5.44551E+21,8.48365E+15,4.91612E+16
150882,8,2,37,54,2018,4,14,3,3,3,2,0,0,1,0,1,0,0,0,4.67695E+20,5.37509E+21,8.56245E+15,4.85281E+16
150883,8,3,26,74,2018,3,5,4,3,5,3,1,1,1,0,0,0,0,1,4.67179E+20,5.32361E+21,8.55946E+15,4.80649E+16
150884,8,3,17,122,2018,3,16,4,3,5,3,0,0,1,0,0,0,0,1,4.17043E+20,5.36941E+21,7.87762E+15,4.84723E+16
150885,8,3,17,96,2018,3,16,4,3,1,5,0,0,1,0,1,0,0,1,4.23223E+20,5.36847E+21,7.96138E+15,4.84647E+16
150886,8,3,17,110,2018,3,19,4,3,5,3,1,1,1,0,0,0,0,1,4.27342E+20,5.38223E+21,8.0147E+15,4.8589E+16
150887,8,3,11,0,2018,3,16,4,3,2,3,0,0,1,0,0,0,0,1,4.11202E+20,5.31828E+21,7.80933E+15,4.80117E+16
150888,8,2,26,40,2018,4,18,3,2,6,4,0,0,1,1,0,0,0,0,4.73994E+20,5.49546E+21,8.64002E+15,4.96111E+16
150889,8,2,26,59,2018,4,18,3,3,9,2,0,0,1,0,0,0,0,0,4.65703E+20,5.46138E+21,8.52821E+15,4.93042E+16
150890,8,3,11,0,2018,3,1,4,2,5,3,2,1,1,0,0,0,0,1,4.14093E+20,5.31804E+21,7.84813E+15,4.80099E+16
150891,8,2,12,0,2018,3,16,4,3,5,2,0,1,1,0,0,0,0,1,4.55613E+20,5.42857E+21,8.39304E+15,4.90085E+16
150892,8,2,22,0,2018,4,4,3,3,0,3,1,0,0,0,1,1,0,0,4.60201E+20,5.4887E+21,8.44979E+15,4.95496E+16
150893,8,2,12,0,2018,3,14,4,3,5,2,0,0,1,0,0,0,0,1,4.54784E+20,5.42814E+21,8.38175E+15,4.90045E+16
150894,8,2,22,0,2018,4,15,3,3,0,4,0,0,0,1,0,0,1,0,4.61434E+20,5.48069E+21,8.46761E+15,4.94776E+16
150895,8,2,22,0,2018,4,15,3,3,0,3,0,1,1,0,0,0,0,0,4.63219E+20,5.48079E+21,8.49225E+15,4.94786E+16
150896,8,2,35,85,2018,3,19,4,3,5,3,1,0,1,0,0,0,0,1,4.82884E+20,5.39378E+21,8.7674E+15,4.86968E+16
150897,8,2,21,0,2018,4,17,3,3,6,4,0,0,1,1,0,0,0,0,4.76538E+20,5.46938E+21,8.67678E+15,4.93767E+16
150898,8,2,22,0,2018,3,17,4,3,1,6,1,1,1,0,0,0,0,1,4.61454E+20,5.48059E+21,8.46791E+15,4.94767E+16
150899,8,2,21,0,2018,4,16,3,3,6,4,0,0,1,1,0,0,0,0,4.77458E+20,5.47438E+21,8.68918E+15,4.94217E+16
150900,8,2,21,0,2018,4,7,3,3,5,2,0,1,1,0,0,0,0,0,4.76737E+20,5.47458E+21,8.67923E+15,4.94235E+16
150901,8,2,22,0,2018,3,17,4,3,2,2,0,0,1,0,0,1,0,1,4.66253E+20,5.47468E+21,8.53466E+15,4.94239E+16
150902,8,2,26,48,2018,4,7,3,3,1,5,0,1,1,0,0,0,0,0,4.8548E+20,5.46521E+21,8.80012E+15,4.93394E+16
150903,8,2,12,0,2018,4,14,3,3,5,7,0,0,1,0,0,0,0,0,4.53769E+20,5.42775E+21,8.36792E+15,4.90009E+16
150904,8,2,26,38,2018,3,16,4,3,6,7,0,0,1,1,0,0,0,1,4.71796E+20,5.47999E+21,8.61071E+15,4.94719E+16
150905,8,3,17,56,2018,3,19,4,2,5,3,2,0,1,0,0,0,0,1,4.34553E+20,5.38296E+21,8.11236E+15,4.85963E+16
150906,8,2,12,0,2018,4,13,3,3,0,1,0,1,0,0,0,0,0,0,4.55814E+20,5.42874E+21,8.39577E+15,4.901E+16
150907,8,1,36,28,2018,3,15,4,3,5,3,0,0,1,0,0,0,0,0,5.68388E+20,5.40557E+21,9.93127E+15,4.87993E+16
150908,8,2,25,115,2018,3,11,4,2,9,1,0,0,1,0,0,0,0,0,5.20272E+20,5.47235E+21,9.27943E+15,4.94035E+16
150909,8,1,36,65,2018,4,14,3,3,2,6,0,0,1,0,0,0,0,0,5.58748E+20,5.40522E+21,9.79997E+15,4.87972E+16
150910,8,1,26,94,2018,4,8,3,3,8,1,0,0,1,0,0,0,0,0,5.36195E+20,5.45574E+21,9.49738E+15,4.92533E+16
150911,8,1,28,139,2018,3,18,4,2,6,4,0,0,1,1,0,0,0,1,5.5101E+20,5.49102E+21,9.70549E+15,4.95696E+16
150912,8,1,25,65,2018,4,15,3,3,2,6,0,0,1,0,0,0,0,0,5.16044E+20,5.44747E+21,9.22014E+15,4.91799E+16
150913,8,1,19,85,2018,4,10,3,3,3,2,0,0,1,0,0,0,0,0,5.29159E+20,5.41368E+21,9.39766E+15,4.88754E+16
150914,8,1,19,91,2018,4,14,3,3,0,2,0,1,0,0,0,0,1,0,5.27128E+20,5.40697E+21,9.36953E+15,4.88151E+16
150915,8,1,17,26,2018,3,8,4,3,0,1,0,0,0,0,1,0,0,1,5.49759E+20,5.39451E+21,9.67628E+15,4.87016E+16
150916,8,1,18,7,2018,4,15,3,3,6,4,0,0,1,1,0,0,0,0,5.10257E+20,5.42724E+21,9.14023E+15,4.8998E+16
150917,8,1,15,54,2018,4,14,3,3,0,7,0,1,0,1,0,0,0,0,4.93156E+20,5.39618E+21,8.90696E+15,4.87186E+16
150918,8,1,16,77,2018,3,11,4,3,6,7,0,0,1,1,0,0,0,0,5.15943E+20,5.39155E+21,9.21657E+15,4.86768E+16
150919,8,1,16,19,2018,3,10,4,3,5,3,0,1,1,0,0,0,0,0,5.22922E+20,5.3987E+21,9.31178E+15,4.87409E+16
150920,8,1,11,0,2018,4,18,3,3,2,7,0,0,1,0,0,0,0,0,5.13022E+20,5.40219E+21,9.17724E+15,4.87726E+16
150921,8,1,11,0,2018,3,13,4,3,5,3,0,0,1,0,0,0,0,0,5.10962E+20,5.39642E+21,9.14904E+15,4.87207E+16
150922,8,1,11,0,2018,3,17,4,3,2,6,0,0,1,0,0,0,0,1,5.16079E+20,5.40581E+21,9.21897E+15,4.88051E+16
150923,8,4,36,53,2018,4,15,2,2,0,1,0,1,0,0,0,0,0,0,5.32165E+20,5.30866E+21,9.43062E+15,4.79305E+16
150924,8,4,37,88,2018,4,17,2,2,5,2,0,0,1,0,1,0,0,0,5.18065E+20,5.30894E+21,9.24186E+15,4.79336E+16
150925,8,4,36,81,2018,3,13,3,2,5,3,0,1,1,0,0,0,0,0,5.63092E+20,5.28161E+21,9.84069E+15,4.76848E+16
150926,8,4,25,79,2018,4,17,2,2,0,1,0,1,0,0,0,0,0,0,5.56592E+20,5.37356E+21,9.76627E+15,4.85126E+16
150927,8,4,36,55,2018,3,11,3,3,4,2,0,0,1,0,0,0,0,0,5.72722E+20,5.2949E+21,9.9712E+15,4.78033E+16
150928,8,4,21,0,2018,3,14,3,3,6,4,0,0,1,1,0,0,0,0,5.73246E+20,5.36144E+21,9.98963E+15,4.84018E+16
150929,8,3,37,66,2018,4,13,2,3,4,6,0,0,1,0,1,0,0,0,4.30214E+20,5.26967E+21,8.07204E+15,4.75767E+16
150930,8,4,16,36,2018,3,7,3,2,0,7,0,1,0,0,0,0,0,1,4.95045E+20,5.36878E+21,8.93297E+15,4.84722E+16
150931,8,3,35,75,2018,4,16,2,3,5,7,0,0,1,0,1,0,0,0,4.87581E+20,5.28947E+21,8.83429E+15,4.77584E+16
150932,8,3,35,43,2018,3,22,3,2,5,3,2,1,0,0,0,0,0,1,5.13579E+20,5.27963E+21,9.18088E+15,4.767E+16
150933,8,3,35,43,2018,3,9,3,3,5,2,0,1,1,0,0,0,0,1,5.11971E+20,5.28014E+21,9.15948E+15,4.76745E+16
150934,8,3,17,96,2018,4,16,2,3,0,1,0,0,0,0,1,0,0,0,4.2056E+20,5.36855E+21,7.92535E+15,4.84651E+16
150935,8,3,17,57,2018,3,23,3,3,5,3,2,0,1,0,0,0,0,1,4.13064E+20,5.38065E+21,7.82146E+15,4.85729E+16
150936,8,3,17,100,2018,4,16,2,3,1,7,0,0,1,1,0,0,0,0,4.23795E+20,5.36789E+21,7.96923E+15,4.84595E+16
150937,8,3,15,50,2018,4,0,2,3,6,4,2,0,1,1,0,0,0,0,3.98724E+20,5.30355E+21,7.64553E+15,4.78773E+16
150938,8,3,11,0,2018,3,8,3,3,0,7,0,0,0,1,0,1,0,0,4.14375E+20,5.31662E+21,7.8522E+15,4.79971E+16
150939,8,3,11,0,2018,4,17,2,3,2,6,0,1,0,0,0,0,0,0,4.18607E+20,5.31325E+21,7.90955E+15,4.79674E+16
150940,8,3,11,0,2018,3,17,3,3,5,3,0,1,1,0,0,0,0,0,4.11675E+20,5.31457E+21,7.81644E+15,4.79783E+16
150941,8,3,11,0,2018,3,11,3,3,5,3,0,0,1,0,0,0,1,0,4.11713E+20,5.32124E+21,7.81557E+15,4.80383E+16
150942,8,2,12,0,2018,4,13,2,3,1,5,0,0,1,0,1,0,0,0,4.53812E+20,5.4258E+21,8.36873E+15,4.89834E+16
150943,8,2,12,0,2018,3,17,3,3,5,3,0,1,0,0,0,0,0,0,4.5524E+20,5.42812E+21,8.38799E+15,4.90043E+16
150944,8,2,31,0,2018,4,20,2,3,3,6,2,0,1,0,0,0,0,0,4.78261E+20,5.41517E+21,8.70344E+15,4.88891E+16
150945,8,2,12,0,2018,3,6,3,2,5,3,1,1,1,0,0,0,0,1,4.52349E+20,5.43086E+21,8.34814E+15,4.90288E+16
150946,8,2,22,0,2018,4,4,2,2,0,1,2,0,1,0,0,0,0,0,4.64441E+20,5.48384E+21,8.50885E+15,4.95062E+16
150947,8,1,18,46,2018,4,15,2,3,5,3,0,1,0,0,0,0,0,0,5.13855E+20,5.41218E+21,9.1889E+15,4.88625E+16
150948,8,2,31,0,2018,3,15,3,3,0,3,0,0,1,0,1,0,0,0,4.77395E+20,5.41469E+21,8.69166E+15,4.88848E+16
150949,8,2,31,0,2018,3,14,3,2,6,7,0,0,1,1,0,0,0,0,4.77373E+20,5.41514E+21,8.69133E+15,4.88888E+16
150950,8,4,26,117,2018,4,17,1,2,4,6,0,0,1,0,0,0,0,2,5.83954E+20,5.31924E+21,1.01259E+16,4.80209E+16
150951,8,4,16,36,2018,4,11,1,3,5,3,0,0,1,0,0,0,0,1,4.85995E+20,5.37112E+21,8.81044E+15,4.84931E+16
150952,8,2,26,98,2018,3,14,3,3,8,1,0,0,1,0,0,0,0,0,4.77717E+20,5.4593E+21,8.69359E+15,4.92861E+16
150953,8,3,36,81,2018,4,17,1,3,5,3,0,1,1,0,0,0,0,0,4.11112E+20,5.27758E+21,7.81648E+15,4.76455E+16
150954,8,2,26,107,2018,3,23,3,3,2,6,2,0,1,0,0,0,0,1,4.75126E+20,5.48258E+21,8.65651E+15,4.94953E+16
150955,8,2,22,0,2018,3,8,3,3,2,6,0,0,1,0,0,0,0,0,4.60942E+20,5.48531E+21,8.46037E+15,4.95192E+16
150956,8,3,26,74,2018,4,20,1,3,5,3,2,0,1,0,0,0,0,1,4.64167E+20,5.32392E+21,8.51901E+15,4.80676E+16
150957,8,2,37,27,2018,4,15,1,2,3,6,0,0,1,0,0,0,1,0,4.80149E+20,5.36915E+21,8.73141E+15,4.84752E+16
150958,8,2,22,0,2018,3,10,3,3,6,7,0,0,1,1,0,0,0,0,4.64422E+20,5.47709E+21,8.50919E+15,4.94455E+16
150959,8,3,11,0,2018,4,7,1,2,8,1,2,0,1,0,0,0,0,1,4.10383E+20,5.31716E+21,7.79858E+15,4.80015E+16
150960,8,2,36,4,2018,4,3,1,3,9,1,2,0,1,0,0,0,0,1,4.74048E+20,5.41315E+21,8.6461E+15,4.88708E+16
150961,8,2,22,0,2018,3,15,3,3,0,7,0,0,1,0,0,0,0,0,4.61311E+20,5.48191E+21,8.46581E+15,4.94886E+16
150962,8,2,22,0,2018,3,8,3,3,5,2,0,0,1,0,0,0,1,0,4.63207E+20,5.48673E+21,8.49154E+15,4.95321E+16
150963,8,2,22,0,2018,4,17,1,3,5,3,0,0,1,0,0,0,0,0,4.61412E+20,5.48436E+21,8.46696E+15,4.95107E+16
150964,8,2,16,43,2018,3,14,3,3,3,5,0,1,1,0,0,0,0,0,4.42269E+20,5.41312E+21,8.21278E+15,4.88684E+16
150965,8,1,15,28,2018,3,21,3,3,2,6,2,0,1,0,0,0,0,1,5.01514E+20,5.40275E+21,9.02061E+15,4.87778E+16
150966,8,2,22,0,2018,4,17,1,3,5,3,0,0,1,0,0,0,0,1,4.61744E+20,5.47978E+21,8.47199E+15,4.94695E+16
150967,8,1,35,19,2018,3,20,3,3,0,7,2,0,0,0,0,0,1,0,5.85256E+20,5.39185E+21,1.01581E+16,4.86738E+16
150968,8,1,25,26,2018,3,17,3,3,0,7,0,1,0,0,0,0,0,0,4.94584E+20,5.44297E+21,8.92574E+15,4.91396E+16
150969,8,2,12,0,2018,4,13,1,3,5,3,0,0,1,0,0,0,0,1,4.54601E+20,5.43337E+21,8.37866E+15,4.90515E+16
150970,8,2,12,0,2018,4,15,1,3,0,7,0,1,0,0,0,0,0,1,4.60531E+20,5.42769E+21,8.46037E+15,4.90008E+16
150971,8,1,19,79,2018,3,19,3,2,5,3,1,1,1,0,0,0,0,0,5.23063E+20,5.4087E+21,9.31426E+15,4.88308E+16
150972,8,1,36,68,2018,4,11,1,3,5,3,0,0,1,0,0,0,0,0,5.9837E+20,5.43034E+21,1.03454E+16,4.90181E+16
150973,8,1,25,110,2018,4,16,1,3,5,3,0,0,1,0,1,0,0,0,5.27059E+20,5.4423E+21,9.37094E+15,4.9133E+16
150974,8,1,19,8,2018,3,9,3,3,5,3,0,0,1,0,0,0,0,1,5.32092E+20,5.42089E+21,9.43823E+15,4.89401E+16
150975,8,1,19,83,2018,3,7,3,3,5,3,0,0,1,0,0,0,0,1,5.35097E+20,5.41962E+21,9.47915E+15,4.89286E+16
150976,8,1,16,19,2018,4,5,1,3,5,3,2,0,1,0,1,0,0,0,5.20345E+20,5.39861E+21,9.27671E+15,4.87402E+16
150977,8,1,18,48,2018,3,17,3,3,0,6,0,1,0,0,0,0,1,0,5.1343E+20,5.415E+21,9.1832E+15,4.88878E+16
150978,8,1,15,28,2018,3,17,3,3,5,7,0,1,1,0,0,0,0,0,5.01304E+20,5.40418E+21,9.01775E+15,4.87906E+16
150979,8,1,16,49,2018,4,22,1,2,5,3,2,0,1,0,0,0,0,1,5.2474E+20,5.38454E+21,9.33566E+15,4.86135E+16
150980,8,1,11,0,2018,4,13,1,3,5,3,0,0,1,0,0,0,0,1,5.16634E+20,5.4055E+21,9.22653E+15,4.88023E+16
150981,8,4,25,39,2018,3,15,2,3,5,3,0,0,1,0,0,0,0,0,5.66774E+20,5.34994E+21,9.90037E+15,4.82992E+16
150982,8,4,36,82,2018,3,9,7,3,0,1,0,1,0,0,0,0,0,1,5.47898E+20,5.29584E+21,9.63981E+15,4.78141E+16
150983,8,4,21,0,2018,3,13,7,3,4,2,0,0,1,0,0,0,0,0,5.73682E+20,5.36096E+21,9.99543E+15,4.83975E+16
150984,8,3,37,126,2018,3,16,2,3,0,7,0,0,1,0,1,0,0,0,4.40911E+20,5.27493E+21,8.21355E+15,4.76251E+16
150985,8,4,21,0,2018,3,7,7,3,0,1,0,0,0,0,1,0,0,1,5.73413E+20,5.36093E+21,9.9918E+15,4.83973E+16
150986,8,4,16,36,2018,3,17,7,3,6,7,0,0,0,1,0,0,1,0,4.95886E+20,5.36988E+21,8.94433E+15,4.8482E+16
150987,8,3,36,81,2018,3,5,2,3,1,5,2,0,0,0,0,0,1,0,4.10903E+20,5.27736E+21,7.81374E+15,4.76435E+16
150988,8,3,35,75,2018,3,12,2,3,5,2,0,0,1,0,1,0,0,0,4.91542E+20,5.28919E+21,8.88715E+15,4.7756E+16
150989,8,4,15,61,2018,3,15,7,3,0,1,0,1,0,0,0,0,0,0,5.16236E+20,5.37215E+21,9.2198E+15,4.85023E+16
150990,8,3,35,75,2018,3,14,2,2,5,3,0,1,1,0,0,0,0,0,4.8903E+20,5.28925E+21,8.85362E+15,4.77565E+16
150991,8,4,15,61,2018,3,16,7,3,4,5,0,1,1,0,0,0,0,0,5.15809E+20,5.37183E+21,9.21401E+15,4.84994E+16
150992,8,3,35,63,2018,3,23,7,3,2,6,2,1,0,0,0,0,1,0,4.97353E+20,5.28742E+21,8.9647E+15,4.77401E+16
150993,8,3,35,43,2018,3,16,7,3,0,7,0,1,0,0,0,0,0,0,5.12707E+20,5.28042E+21,9.1693E+15,4.7677E+16
150994,8,3,17,11,2018,3,11,2,2,7,7,0,1,0,1,0,0,0,0,4.27938E+20,5.35461E+21,8.02754E+15,4.83406E+16
150995,8,3,25,53,2018,3,22,7,3,4,1,2,0,1,0,0,0,1,0,4.56418E+20,5.34158E+21,8.41319E+15,4.82259E+16
150996,8,3,17,65,2018,3,18,2,3,5,3,0,0,1,0,0,0,0,0,4.16305E+20,5.35463E+21,7.87059E+15,4.83393E+16
150997,8,3,11,0,2018,3,8,2,3,0,7,0,1,0,0,0,0,0,0,4.14019E+20,5.31523E+21,7.8477E+15,4.79846E+16
150998,8,3,16,11,2018,3,11,7,2,5,3,0,0,1,0,0,0,0,0,4.1257E+20,5.33113E+21,7.82504E+15,4.81274E+16
150999,8,3,11,0,2018,3,7,2,3,5,6,0,1,0,0,0,0,1,0,4.15281E+20,5.3159E+21,7.86448E+15,4.79908E+16
151000,8,2,12,0,2018,3,3,2,3,8,1,2,0,1,0,0,0,0,0,4.55661E+20,5.42957E+21,8.39358E+15,4.90175E+16
151001,8,3,16,17,2018,3,18,7,3,0,4,0,0,1,1,0,0,0,0,4.08779E+20,5.34215E+21,7.77174E+15,4.8226E+16
151002,8,2,26,85,2018,3,23,2,3,5,3,2,0,1,0,0,0,0,1,4.91175E+20,5.45541E+21,8.87874E+15,4.92514E+16
151003,8,3,16,12,2018,3,14,7,3,5,3,0,0,1,0,0,0,0,0,4.03493E+20,5.33365E+21,7.70251E+15,4.81487E+16
151004,8,2,22,0,2018,3,10,2,3,5,3,0,1,1,0,0,0,0,0,4.62396E+20,5.47837E+21,8.48111E+15,4.94568E+16
151005,8,3,11,0,2018,3,15,7,3,2,6,0,0,1,0,0,0,0,0,4.12639E+20,5.31783E+21,7.82868E+15,4.80078E+16
151006,8,3,16,12,2018,3,18,7,2,8,1,0,0,0,0,1,0,0,0,3.99653E+20,5.32924E+21,7.65194E+15,4.81085E+16
151007,8,2,16,43,2018,3,6,2,3,0,7,2,1,0,0,0,0,0,0,4.41765E+20,5.41197E+21,8.20607E+15,4.88579E+16
151008,8,1,21,0,2018,3,22,2,2,0,7,2,1,0,0,0,0,0,0,5.16241E+20,5.44298E+21,9.22267E+15,4.91394E+16
151009,8,3,11,0,2018,3,12,7,3,6,4,0,0,1,1,0,0,0,0,4.14097E+20,5.31805E+21,7.84819E+15,4.801E+16
151010,8,1,19,68,2018,3,19,2,2,1,2,1,0,0,0,1,0,1,0,5.25898E+20,5.41318E+21,9.35316E+15,4.8871E+16
151011,8,1,19,55,2018,3,7,2,3,1,5,0,1,1,0,0,0,0,0,5.43831E+20,5.40435E+21,9.59676E+15,4.87906E+16
151012,8,2,12,0,2018,3,13,7,3,5,3,0,1,0,0,1,0,0,0,4.58305E+20,5.42833E+21,8.42987E+15,4.90065E+16
151013,8,2,12,0,2018,3,14,7,3,5,3,0,1,1,0,0,0,0,0,4.55451E+20,5.42786E+21,8.39091E+15,4.9002E+16
151014,8,1,19,20,2018,3,9,2,3,0,7,0,0,1,0,0,0,0,0,5.20254E+20,5.40605E+21,9.27585E+15,4.88071E+16
151015,8,2,31,0,2018,3,11,7,3,5,3,0,0,1,0,0,0,0,0,4.78105E+20,5.41529E+21,8.70131E+15,4.88902E+16
151016,8,2,26,32,2018,3,9,7,3,1,7,0,0,1,0,0,0,0,0,4.66989E+20,5.46317E+21,8.54575E+15,4.93203E+16
151017,8,1,19,44,2018,3,14,2,3,6,7,0,0,1,1,0,0,0,0,5.42491E+20,5.42553E+21,9.58072E+15,4.89812E+16
151018,8,2,22,0,2018,3,18,7,3,2,6,0,0,1,0,0,0,0,0,4.61793E+20,5.48288E+21,8.47236E+15,4.94973E+16
151019,8,2,26,9,2018,3,15,7,3,5,3,0,0,1,0,0,0,0,0,4.6615E+20,5.4721E+21,8.53344E+15,4.94006E+16
151020,8,1,18,54,2018,3,20,2,3,0,7,2,0,0,0,1,0,0,0,5.19223E+20,5.4233E+21,9.26261E+15,4.89623E+16
151021,8,2,22,0,2018,3,12,7,3,1,3,0,1,1,0,0,0,0,0,4.6157E+20,5.48247E+21,8.46933E+15,4.94937E+16
151022,8,2,16,39,2018,3,17,7,3,0,5,0,1,1,0,0,0,0,0,4.43891E+20,5.41519E+21,8.2346E+15,4.88871E+16
151023,8,1,16,33,2018,3,22,2,3,6,4,2,0,1,1,0,0,0,0,5.33374E+20,5.38771E+21,9.45305E+15,4.86416E+16
151024,8,1,16,80,2018,3,17,2,3,3,3,0,0,1,0,0,1,0,0,5.22085E+20,5.39575E+21,9.30023E+15,4.87144E+16
151025,8,1,28,7,2018,3,16,7,3,2,6,0,0,1,0,0,0,0,0,5.56687E+20,5.48174E+21,9.78266E+15,4.94857E+16
151026,8,1,16,19,2018,3,8,2,3,6,4,0,0,1,1,0,0,0,0,5.26492E+20,5.39697E+21,9.36022E+15,4.87252E+16