OBJECTID_1,ULAND,UREGBEZ,UKREIS,UGEMEINDE,UJAHR,UMONAT,USTUNDE,UWOCHENTAG,UKATEGORIE,UART,UTYP1,ULICHTVERH,IstRad,IstPKW,IstFuss,IstKrad,IstGkfz,IstSonstig,STRZUSTAND,LINREFX,LINREFY,XGCSWGS84,YGCSWGS84
151027,8,1,11,0,2018,3,11,2,3,5,3,0,0,1,0,0,0,0,0,5.14299E+20,5.40512E+21,9.19471E+15,4.87989E+16
151028,8,1,19,84,2018,3,13,7,1,8,1,0,1,0,0,0,0,0,0,5.46738E+20,5.41663E+21,9.63774E+15,4.89009E+16
151029,8,1,19,4,2018,3,17,7,2,8,1,0,0,0,0,1,0,0,0,5.39832E+20,5.42103E+21,9.54394E+15,4.89409E+16
151030,8,1,11,0,2018,3,16,2,3,6,3,0,0,1,1,0,0,0,0,5.12793E+20,5.40876E+21,9.17432E+15,4.88317E+16
151031,8,1,18,40,2018,3,8,7,2,2,6,0,0,1,0,0,1,0,0,5.40455E+20,5.38684E+21,9.54909E+15,4.86333E+16
151032,8,1,35,19,2018,3,13,7,3,3,2,0,0,1,0,0,0,0,0,5.85453E+20,5.39358E+21,1.01611E+16,4.86894E+16
151033,8,1,11,0,2018,3,7,2,3,3,6,0,0,1,0,0,0,1,0,5.13822E+20,5.40702E+21,9.18828E+15,4.8816E+16
151034,8,4,25,20,2018,3,4,1,3,6,4,2,0,1,1,0,0,0,0,5.58052E+20,5.36241E+21,9.7845E+15,4.84122E+16
151035,8,1,16,80,2018,3,14,7,2,0,1,0,0,0,0,1,0,0,0,5.21094E+20,5.39442E+21,9.2867E+15,4.87024E+16
151036,8,1,16,78,2018,3,12,7,3,2,6,0,0,1,0,0,0,0,0,5.12549E+20,5.3937E+21,9.17054E+15,4.86962E+16
151037,8,4,16,6,2018,3,19,1,2,8,1,0,0,1,0,0,0,0,0,4.96327E+20,5.35884E+21,8.9504E+15,4.83827E+16
151038,8,3,35,63,2018,3,19,1,2,1,5,0,1,1,0,0,0,0,0,4.97688E+20,5.28727E+21,8.96917E+15,4.77388E+16
151039,8,4,35,30,2018,3,16,6,1,5,3,0,0,1,0,0,0,1,0,5.40332E+20,5.27227E+21,9.53657E+15,4.76026E+16
151040,8,3,17,57,2018,3,14,1,3,1,5,0,1,1,0,0,0,0,0,4.12276E+20,5.38042E+21,7.81082E+15,4.85707E+16
151041,8,3,15,74,2018,3,15,1,3,5,3,0,1,1,0,0,0,0,0,3.97097E+20,5.29554E+21,7.62567E+15,4.7805E+16
151042,8,3,36,81,2018,3,20,6,3,9,7,2,0,0,0,1,0,0,1,4.111E+20,5.27759E+21,7.81632E+15,4.76456E+16
151043,8,3,26,52,2018,3,5,6,3,9,1,2,0,1,0,0,0,0,0,4.50609E+20,5.33186E+21,8.3361E+15,4.81381E+16
151044,8,3,11,0,2018,3,16,1,3,5,2,0,0,0,0,1,0,1,0,4.13873E+20,5.31773E+21,7.84524E+15,4.80071E+16
151045,8,3,26,3,2018,3,7,6,2,0,1,0,0,1,0,0,0,0,0,4.64937E+20,5.31854E+21,8.52978E+15,4.80192E+16
151046,8,3,17,57,2018,3,2,6,3,9,1,2,0,1,0,0,0,0,0,4.12521E+20,5.37926E+21,7.81438E+15,4.85603E+16
151047,8,2,36,50,2018,3,12,1,3,4,2,0,1,0,0,0,0,1,0,4.86611E+20,5.42325E+21,8.81708E+15,4.8962E+16
151048,8,2,26,84,2018,3,11,1,3,6,4,0,0,1,1,0,0,0,0,4.66974E+20,5.47352E+21,8.54468E+15,4.94135E+16
151049,8,3,15,6,2018,3,13,6,3,0,7,0,1,1,0,0,0,0,0,4.02091E+20,5.30826E+21,7.68948E+15,4.79202E+16
151050,8,2,21,0,2018,3,14,1,3,2,5,0,0,1,0,0,0,0,0,4.77544E+20,5.47294E+21,8.69045E+15,4.94087E+16
151051,8,2,31,0,2018,3,15,6,3,0,7,0,0,1,0,0,0,0,0,4.78635E+20,5.41551E+21,8.70853E+15,4.88921E+16
151052,8,2,12,0,2018,3,14,1,3,5,2,0,1,1,0,0,0,0,0,4.57326E+20,5.42857E+21,8.41646E+15,4.90085E+16
151053,8,2,15,106,2018,3,15,6,3,0,7,0,0,1,0,0,0,0,0,4.67734E+20,5.45409E+21,8.55674E+15,4.92388E+16
151054,8,2,15,101,2018,3,4,1,3,4,6,2,0,1,0,0,0,0,0,4.65481E+20,5.42828E+21,8.528E+15,4.90064E+16
151055,8,2,12,0,2018,3,13,6,3,3,6,0,1,1,0,0,0,0,0,4.54946E+20,5.42928E+21,8.38384E+15,4.90148E+16
151056,8,1,28,7,2018,3,15,6,3,6,2,0,0,1,1,0,0,0,0,5.56058E+20,5.48281E+21,9.77413E+15,4.94953E+16
151057,8,1,27,43,2018,3,8,1,3,6,7,0,0,1,1,0,0,0,0,5.67089E+20,5.44671E+21,9.92037E+15,4.91696E+16
151058,8,2,25,32,2018,3,16,6,2,0,1,0,0,0,0,1,0,0,0,5.35359E+20,5.49782E+21,9.48965E+15,4.96319E+16
151059,8,1,19,67,2018,3,20,1,3,1,7,2,1,1,0,0,0,0,0,5.39541E+20,5.40997E+21,9.53889E+15,4.88415E+16
151060,8,1,19,69,2018,3,16,1,2,9,1,0,0,0,0,1,0,0,0,5.31048E+20,5.43159E+21,9.42479E+15,4.90364E+16
151061,8,1,18,11,2018,3,12,6,3,3,6,0,0,1,0,0,0,0,0,5.05189E+20,5.40778E+21,9.07069E+15,4.8823E+16
151062,8,1,19,79,2018,3,16,1,2,6,4,0,0,1,1,0,0,0,0,5.2199E+20,5.40879E+21,9.29964E+15,4.88317E+16
151063,8,1,15,28,2018,3,21,6,3,5,3,2,0,1,0,0,0,0,1,5.01143E+20,5.40378E+21,9.01556E+15,4.8787E+16
151064,8,1,11,0,2018,3,15,1,3,2,6,0,0,1,0,0,0,0,0,5.17359E+20,5.40263E+21,9.23627E+15,4.87764E+16
151065,8,1,11,0,2018,3,14,6,3,6,7,0,1,0,1,0,0,0,0,5.15885E+20,5.40565E+21,9.21633E+15,4.88037E+16
151066,8,4,26,73,2018,3,14,5,3,4,1,0,0,1,0,0,0,0,0,5.642E+20,5.33612E+21,9.86357E+15,4.81751E+16
151067,8,1,11,0,2018,3,15,1,3,5,3,0,1,1,0,0,0,0,0,5.10878E+20,5.41076E+21,9.14828E+15,4.88498E+16
151068,8,4,25,71,2018,3,10,7,2,5,3,0,1,0,0,0,0,0,0,5.52774E+20,5.36759E+21,9.71382E+15,4.84592E+16
151069,8,4,26,21,2018,3,17,5,3,1,6,0,0,1,0,0,0,0,1,5.58904E+20,5.32739E+21,9.79113E+15,4.8097E+16
151070,8,4,25,71,2018,3,17,5,3,6,1,0,0,0,1,0,0,1,0,5.5061E+20,5.37097E+21,9.68497E+15,4.84898E+16
151071,8,3,36,24,2018,3,20,7,2,8,1,2,0,0,0,1,0,0,0,3.95737E+20,5.27885E+21,7.61151E+15,4.76546E+16
151072,8,4,16,41,2018,3,17,5,3,6,4,0,0,1,1,0,0,0,0,5.03826E+20,5.37324E+21,9.05181E+15,4.85122E+16
151073,8,3,35,43,2018,3,4,7,3,9,1,2,1,0,0,0,0,0,0,5.1289E+20,5.28025E+21,9.17172E+15,4.76755E+16
151074,8,4,16,26,2018,3,19,5,3,5,3,1,0,1,0,1,0,0,0,5.04793E+20,5.3636E+21,9.06479E+15,4.84255E+16
151075,8,3,17,39,2018,3,12,7,3,6,6,0,0,1,1,0,0,0,0,4.40355E+20,5.34689E+21,8.19618E+15,4.82724E+16
151076,8,3,36,50,2018,3,23,5,3,0,1,2,0,0,0,1,0,0,0,4.0036E+20,5.2749E+21,7.67396E+15,4.76198E+16
151077,8,3,35,99,2018,3,5,5,3,0,1,2,1,0,0,0,0,0,0,4.98952E+20,5.29848E+21,8.98599E+15,4.78397E+16
151078,8,3,17,96,2018,3,12,7,3,6,2,0,0,1,1,0,0,0,0,4.20463E+20,5.36818E+21,7.92411E+15,4.84617E+16
151079,8,3,35,75,2018,3,22,5,3,5,2,2,0,1,0,0,0,0,0,4.89097E+20,5.28891E+21,8.85453E+15,4.77534E+16
151080,8,3,35,43,2018,3,17,5,3,5,3,0,1,1,0,0,0,0,1,5.13184E+20,5.27921E+21,9.17561E+15,4.76661E+16
151081,8,3,17,31,2018,3,15,7,3,8,5,0,1,1,0,0,0,0,0,4.1763E+20,5.35868E+21,7.88766E+15,4.83759E+16
151082,8,3,17,57,2018,3,18,7,2,0,1,0,1,0,0,0,0,0,0,4.14686E+20,5.37968E+21,7.84363E+15,4.85644E+16
151083,8,4,35,34,2018,3,9,5,2,5,3,0,0,1,0,0,0,0,1,5.29014E+20,5.28494E+21,9.38685E+15,4.77172E+16
151084,8,3,17,96,2018,3,12,7,2,5,3,0,0,1,0,0,0,0,0,4.21689E+20,5.36949E+21,7.94045E+15,4.84736E+16
151085,8,3,15,52,2018,3,12,7,2,0,7,0,0,1,0,0,0,0,2,4.29251E+20,5.30663E+21,8.05322E+15,4.7909E+16
151086,8,3,17,65,2018,3,12,5,3,3,6,0,0,1,0,0,1,0,0,4.11324E+20,5.35642E+21,7.80301E+15,4.83547E+16
151087,8,3,11,0,2018,3,12,5,3,3,2,0,1,1,0,0,0,0,0,4.1237E+20,5.3149E+21,7.82567E+15,4.79814E+16
151088,8,3,11,0,2018,3,21,7,3,0,1,2,1,0,0,0,0,0,0,4.1453E+20,5.31602E+21,7.85439E+15,4.79918E+16
151089,8,3,11,0,2018,3,7,5,3,5,2,0,1,0,0,0,0,1,0,4.14606E+20,5.31852E+21,7.85492E+15,4.80143E+16
151090,8,3,36,105,2018,3,7,5,2,1,5,0,1,1,0,0,0,0,0,4.01512E+20,5.26642E+21,7.69119E+15,4.75437E+16
151091,8,3,11,0,2018,3,16,7,3,5,3,0,0,1,0,0,0,0,0,4.14219E+20,5.31838E+21,7.84975E+15,4.8013E+16
151092,8,3,15,64,2018,3,16,5,3,4,7,0,0,1,0,1,0,0,0,4.21927E+20,5.3125E+21,7.95417E+15,4.7961E+16
151093,8,3,11,0,2018,3,7,5,3,3,6,0,0,1,0,1,0,0,0,4.10417E+20,5.31649E+21,7.79918E+15,4.79954E+16
151094,8,2,22,0,2018,3,19,7,3,0,1,2,1,0,0,0,0,0,0,4.61901E+20,5.48109E+21,8.47403E+15,4.94812E+16
151095,8,2,12,0,2018,3,8,7,2,9,6,0,0,0,0,0,1,1,0,4.58524E+20,5.42723E+21,8.43298E+15,4.89966E+16
151096,8,2,37,40,2018,3,8,5,3,2,6,0,0,1,0,0,0,1,0,4.75778E+20,5.36812E+21,8.67232E+15,4.84658E+16
151097,8,2,21,0,2018,3,15,7,3,1,6,0,0,1,0,0,0,0,0,4.75912E+20,5.4741E+21,8.66788E+15,4.94191E+16
151098,8,2,16,15,2018,3,1,7,3,2,6,2,0,1,0,0,0,0,1,4.49608E+20,5.40521E+21,8.31381E+15,4.87979E+16
151099,8,2,35,79,2018,3,11,5,3,4,6,0,0,1,0,0,0,0,0,4.66522E+20,5.39932E+21,8.5446E+15,4.8746E+16
151100,8,2,35,85,2018,3,8,5,3,2,6,0,0,1,0,0,0,0,1,4.82741E+20,5.39512E+21,8.7654E+15,4.87089E+16
151101,8,1,35,16,2018,3,9,7,3,1,6,0,0,1,0,0,0,0,0,5.91506E+20,5.38636E+21,1.02417E+16,4.86236E+16
151102,8,2,31,0,2018,3,16,5,3,6,4,0,0,1,1,0,0,0,0,4.76856E+20,5.41512E+21,8.68428E+15,4.88886E+16
151103,8,1,28,7,2018,3,11,7,3,6,7,0,0,1,1,0,0,0,0,5.55982E+20,5.48214E+21,9.77299E+15,4.94893E+16
151104,8,1,18,48,2018,3,15,7,3,5,3,0,1,1,0,0,0,0,0,5.13982E+20,5.41661E+21,9.19079E+15,4.89023E+16
151105,8,2,26,96,2018,3,16,5,3,5,3,0,0,1,0,0,0,0,0,4.73707E+20,5.48841E+21,8.63652E+15,4.95477E+16
151106,8,2,26,3,2018,3,17,5,3,2,6,0,0,1,0,0,0,0,0,4.63489E+20,5.46117E+21,8.49778E+15,4.93022E+16
151107,8,1,16,78,2018,3,22,7,3,9,7,2,0,0,0,0,1,0,0,5.10796E+20,5.39374E+21,9.14672E+15,4.86966E+16
151108,8,1,16,80,2018,3,18,7,3,5,3,0,1,1,0,0,0,0,0,5.19696E+20,5.39698E+21,9.26781E+15,4.87256E+16
151109,8,2,25,58,2018,3,12,5,3,5,2,0,1,1,0,0,0,0,0,5.09413E+20,5.46548E+21,9.12958E+15,4.9342E+16
151110,8,1,16,33,2018,3,13,7,3,6,7,0,0,1,1,0,0,0,0,5.32901E+20,5.38876E+21,9.44671E+15,4.8651E+16
151111,8,2,25,58,2018,3,12,5,3,5,3,0,0,1,0,0,0,1,0,5.07637E+20,5.46441E+21,9.10511E+15,4.93324E+16
151112,8,1,11,0,2018,3,17,7,3,2,6,0,0,1,0,0,0,0,0,5.15846E+20,5.40323E+21,9.2157E+15,4.87819E+16
151113,8,2,22,0,2018,3,18,5,3,0,2,0,0,1,0,1,0,0,0,4.61129E+20,5.48144E+21,8.46333E+15,4.94844E+16
151114,8,4,37,100,2018,3,9,6,3,5,3,0,0,1,0,0,0,0,0,5.37742E+20,5.31796E+21,9.50609E+15,4.80138E+16
151115,8,3,37,30,2018,4,16,7,3,6,6,0,0,1,1,0,0,0,0,4.62655E+20,5.27506E+21,8.50293E+15,4.76279E+16
151116,8,3,36,50,2018,4,16,7,3,6,6,0,1,0,1,0,0,0,0,3.98558E+20,5.27248E+21,7.65055E+15,4.75978E+16
151117,8,3,35,43,2018,4,0,7,3,0,1,2,1,0,0,0,0,0,0,5.13104E+20,5.2784E+21,9.17452E+15,4.76588E+16
151118,8,3,35,66,2018,4,16,7,3,6,7,0,0,1,1,0,0,0,0,5.04547E+20,5.2827E+21,9.0606E+15,4.76977E+16
151119,8,3,25,45,2018,4,23,7,2,0,1,2,0,0,0,1,0,0,0,4.68595E+20,5.34966E+21,8.57654E+15,4.82993E+16
151120,8,3,27,29,2018,4,13,7,3,8,1,0,0,0,0,1,0,0,0,4.89816E+20,5.32784E+21,8.86321E+15,4.81038E+16
151121,8,3,17,96,2018,4,18,7,3,5,3,0,0,1,0,1,0,0,0,4.218E+20,5.36545E+21,7.9427E+15,4.84373E+16
151122,8,3,17,96,2018,4,22,7,2,0,7,1,1,0,0,0,0,0,0,4.20473E+20,5.36816E+21,7.92425E+15,4.84616E+16
151123,8,3,16,51,2018,4,18,7,3,4,7,0,1,1,0,0,0,0,0,4.00057E+20,5.33541E+21,7.65592E+15,4.81641E+16
151124,8,3,11,0,2018,4,18,7,3,5,3,0,0,1,0,1,0,0,0,4.1474E+20,5.31543E+21,7.85733E+15,4.79865E+16
151125,8,2,12,0,2018,4,11,7,3,2,6,0,1,1,0,0,0,0,0,4.54778E+20,5.43318E+21,8.38111E+15,4.90498E+16
151126,8,2,36,71,2018,4,19,7,3,0,7,0,1,1,0,0,0,0,0,4.68728E+20,5.4214E+21,8.57292E+15,4.89447E+16
151127,8,2,26,41,2018,4,15,7,3,5,3,0,1,1,0,0,0,0,0,4.76992E+20,5.46697E+21,8.68317E+15,4.9355E+16
151128,8,2,26,95,2018,4,16,7,3,3,3,0,1,1,0,0,0,0,0,4.75199E+20,5.46004E+21,8.65892E+15,4.92926E+16
151129,8,1,15,21,2018,4,11,4,2,0,1,0,0,0,0,1,0,0,0,4.89445E+20,5.38219E+21,8.85686E+15,4.85927E+16
151130,8,2,26,96,2018,4,12,7,3,5,3,0,1,1,0,0,0,0,0,4.74308E+20,5.48796E+21,8.64486E+15,4.95437E+16
151131,8,2,26,32,2018,4,10,7,3,0,7,0,1,0,0,0,0,0,0,4.67859E+20,5.46221E+21,8.55781E+15,4.93118E+16
151132,8,1,15,3,2018,4,13,4,3,0,7,0,0,0,0,1,0,0,0,5.00639E+20,5.38961E+21,9.00868E+15,4.86596E+16
151133,8,1,11,0,2018,4,7,4,3,5,2,0,1,1,0,0,0,1,0,5.18672E+20,5.40332E+21,9.25418E+15,4.87826E+16
151134,8,2,22,0,2018,4,9,7,2,1,6,0,0,1,0,0,0,0,0,4.62594E+20,5.47971E+21,8.48372E+15,4.94689E+16
151135,8,4,36,11,2018,4,7,3,3,0,6,0,1,0,0,0,0,0,0,5.489E+20,5.29687E+21,9.65331E+15,4.78233E+16
151136,8,2,22,0,2018,4,14,7,3,2,6,0,0,1,0,0,0,0,0,4.64406E+20,5.4846E+21,8.50828E+15,4.95129E+16
151137,8,4,35,59,2018,4,13,3,3,8,7,0,0,0,0,1,0,0,0,5.11164E+20,5.29065E+21,9.14899E+15,4.77691E+16
151138,8,4,26,70,2018,4,6,3,3,6,7,0,0,1,1,0,0,0,0,5.6567E+20,5.34219E+21,9.88429E+15,4.82296E+16
151139,8,2,21,0,2018,4,12,7,3,0,7,0,1,0,0,0,0,0,0,4.78425E+20,5.46982E+21,8.70276E+15,4.93807E+16
151140,8,4,21,0,2018,4,20,3,3,1,5,2,0,1,0,0,0,0,1,5.69661E+20,5.36289E+21,9.94143E+15,4.84153E+16
151141,8,2,15,9,2018,4,18,7,2,0,1,0,0,0,0,0,0,1,0,4.6749E+20,5.43711E+21,8.55475E+15,4.9086E+16
151142,8,4,25,72,2018,4,12,3,3,5,3,0,0,1,0,0,0,0,0,5.82489E+20,5.37221E+21,1.01166E+16,4.84976E+16
151143,8,4,25,72,2018,4,17,3,3,0,5,0,1,1,0,0,0,0,0,5.82852E+20,5.3724E+21,1.01216E+16,4.84993E+16
151144,8,2,12,0,2018,4,16,7,3,3,2,0,0,1,0,0,0,0,0,4.57486E+20,5.42869E+21,8.41863E+15,4.90097E+16
151145,8,4,17,79,2018,4,14,3,3,8,1,0,0,1,0,1,0,0,0,5.0119E+20,5.34478E+21,9.01603E+15,4.82562E+16
151146,8,1,27,63,2018,4,0,7,3,8,1,2,0,1,0,0,0,0,0,5.64976E+20,5.43491E+21,9.88949E+15,4.90637E+16
151147,8,4,15,61,2018,4,12,3,2,2,2,0,0,1,0,1,0,0,0,5.16513E+20,5.37285E+21,9.22358E+15,4.85085E+16
151148,8,1,26,66,2018,4,15,7,3,2,6,0,0,1,0,0,0,0,0,5.35693E+20,5.45036E+21,9.49001E+15,4.9205E+16
151149,8,1,19,89,2018,4,8,7,3,8,1,0,1,0,0,0,0,0,0,5.34312E+20,5.41374E+21,9.46794E+15,4.88757E+16
151150,8,4,15,50,2018,4,16,3,3,4,6,0,1,0,0,0,0,0,0,5.20619E+20,5.37718E+21,9.27938E+15,4.85474E+16
151151,8,3,37,65,2018,4,5,3,2,0,1,2,0,0,0,1,0,0,0,4.49533E+20,5.27419E+21,8.32839E+15,4.76191E+16
151152,8,1,18,80,2018,4,22,7,3,9,1,2,0,1,0,0,0,0,0,5.08407E+20,5.40838E+21,9.11455E+15,4.88284E+16
151153,8,1,16,77,2018,4,13,7,3,0,7,0,1,0,0,0,0,0,0,5.16812E+20,5.39138E+21,9.22837E+15,4.86752E+16
151154,8,3,35,75,2018,4,10,3,3,2,6,0,0,1,0,0,0,0,0,4.89679E+20,5.2889E+21,8.8623E+15,4.77534E+16
151155,8,3,26,12,2018,4,20,3,3,0,1,2,0,0,0,1,0,0,0,4.65861E+20,5.31475E+21,8.54248E+15,4.79852E+16
151156,8,3,17,114,2018,4,13,3,3,5,3,0,0,1,0,0,0,0,1,4.06234E+20,5.34704E+21,7.73639E+15,4.82696E+16
151157,8,3,17,65,2018,4,5,3,3,5,3,2,0,1,0,0,0,0,0,4.13124E+20,5.35548E+21,7.82749E+15,4.83465E+16
151158,8,3,17,96,2018,4,13,3,2,5,2,0,1,1,0,0,0,0,0,4.21034E+20,5.36919E+21,7.93164E+15,4.84709E+16
151159,8,1,15,1,2018,4,10,7,3,6,4,0,0,1,1,0,0,0,0,4.91646E+20,5.39166E+21,8.88651E+15,4.86779E+16
151160,8,1,11,0,2018,4,15,7,3,2,2,0,0,1,0,0,0,0,0,5.15443E+20,5.40195E+21,9.21017E+15,4.87704E+16
151161,8,3,16,39,2018,4,13,3,3,6,4,0,0,0,1,0,0,1,0,4.18703E+20,5.32814E+21,7.90801E+15,4.81013E+16
151162,8,3,11,0,2018,4,23,3,3,4,1,2,1,0,0,0,0,0,0,4.11507E+20,5.3171E+21,7.81366E+15,4.80011E+16
151163,8,1,11,0,2018,4,23,7,2,6,4,2,0,1,1,0,0,0,0,5.10667E+20,5.40242E+21,9.14518E+15,4.87747E+16
151164,8,3,11,0,2018,4,14,3,3,5,3,0,0,1,0,0,0,0,1,4.10009E+20,5.31679E+21,7.79365E+15,4.79981E+16
151165,8,1,11,0,2018,4,18,7,3,6,7,0,0,1,1,0,0,0,0,5.13066E+20,5.40279E+21,9.17785E+15,4.8778E+16
151166,8,1,11,0,2018,4,13,7,3,2,6,0,0,1,0,0,0,0,0,5.13914E+20,5.4057E+21,9.18949E+15,4.88042E+16
151167,8,3,11,0,2018,4,10,3,3,3,2,0,1,1,0,0,0,0,0,4.14584E+20,5.31732E+21,7.85486E+15,4.80035E+16
151168,8,4,17,2,2018,4,14,6,3,5,3,0,1,1,0,0,0,0,0,4.89088E+20,5.34688E+21,8.85294E+15,4.8275E+16
151169,8,2,12,0,2018,4,20,3,3,6,2,2,0,1,1,0,0,0,1,4.56871E+20,5.42812E+21,8.41029E+15,4.90044E+16
151170,8,4,16,41,2018,4,17,6,3,0,7,0,1,0,0,0,0,1,0,5.00161E+20,5.37157E+21,9.00218E+15,4.84972E+16
151171,8,4,15,61,2018,4,14,6,3,5,3,0,1,0,0,0,0,0,0,5.16362E+20,5.37191E+21,9.22149E+15,4.85001E+16
151172,8,2,31,0,2018,4,15,3,2,6,4,0,0,1,1,0,0,0,0,4.76146E+20,5.4154E+21,8.67458E+15,4.88911E+16
151173,8,3,27,49,2018,4,15,6,3,5,3,0,0,1,0,0,0,1,0,4.7318E+20,5.32422E+21,8.63997E+15,4.80707E+16
151174,8,3,17,127,2018,4,9,6,3,6,7,0,0,1,1,0,0,0,0,4.21501E+20,5.35082E+21,7.94139E+15,4.83057E+16
151175,8,2,31,0,2018,4,17,3,3,5,3,0,1,1,0,0,0,0,0,4.77052E+20,5.41467E+21,8.68698E+15,4.88846E+16
151176,8,2,22,0,2018,4,15,3,3,2,7,0,0,1,0,0,0,0,0,4.6366E+20,5.48527E+21,8.49793E+15,4.9519E+16
151177,8,3,17,150,2018,4,15,6,3,5,2,0,0,1,0,1,0,0,0,4.08147E+20,5.3601E+21,7.75932E+15,4.83874E+16
151178,8,2,22,0,2018,4,12,3,3,1,5,0,1,0,0,0,0,1,0,4.6243E+20,5.47793E+21,8.48163E+15,4.94529E+16
151179,8,2,22,0,2018,4,20,3,3,5,3,0,0,1,0,0,0,0,0,4.63968E+20,5.48531E+21,8.50218E+15,4.95194E+16
151180,8,3,17,57,2018,4,17,6,2,0,7,0,1,0,0,0,0,0,0,4.1245E+20,5.38269E+21,7.8127E+15,4.85912E+16
151181,8,3,17,57,2018,4,16,6,2,5,3,0,0,1,0,1,0,0,0,4.13865E+20,5.37224E+21,7.83404E+15,4.84974E+16
151182,8,2,21,0,2018,4,15,3,3,1,5,0,1,1,0,0,0,0,0,4.77168E+20,5.47399E+21,8.6852E+15,4.94182E+16
151183,8,3,15,74,2018,4,14,6,3,2,6,0,0,1,0,0,0,0,0,3.97501E+20,5.2959E+21,7.63099E+15,4.78083E+16
151184,8,3,11,0,2018,4,10,6,3,5,3,0,1,1,0,0,0,0,0,4.14614E+20,5.31776E+21,7.85517E+15,4.80075E+16
151185,8,3,15,98,2018,4,7,6,3,4,6,0,1,0,0,1,0,0,0,4.06795E+20,5.31206E+21,7.75159E+15,4.79551E+16
151186,8,2,21,0,2018,4,16,3,3,6,4,0,0,1,1,0,0,0,0,4.77542E+20,5.47345E+21,8.69039E+15,4.94133E+16
151187,8,3,11,0,2018,4,10,6,3,3,3,0,0,1,0,0,0,0,0,4.1417E+20,5.32072E+21,7.84863E+15,4.8034E+16
151188,8,3,36,91,2018,4,18,6,3,4,2,0,0,1,0,1,0,0,0,3.9631E+20,5.27162E+21,7.62086E+15,4.75897E+16
151189,8,2,21,0,2018,4,13,3,3,0,7,0,1,0,0,0,0,1,0,4.76569E+20,5.47326E+21,8.67698E+15,4.94116E+16
151190,8,2,21,0,2018,4,9,3,3,3,6,0,1,1,0,0,0,0,0,4.78935E+20,5.47347E+21,8.70958E+15,4.94135E+16
151191,8,3,11,0,2018,4,19,6,3,1,5,0,1,1,0,0,0,0,0,4.14731E+20,5.31525E+21,7.85724E+15,4.79849E+16
151192,8,2,16,2,2018,4,8,3,3,5,3,0,0,1,0,0,0,0,0,4.44617E+20,5.42265E+21,8.24349E+15,4.89543E+16
151193,8,2,15,64,2018,4,17,3,2,8,7,0,1,0,0,0,0,0,0,4.8333E+20,5.4492E+21,8.77119E+15,4.91954E+16
151194,8,3,11,0,2018,4,23,6,2,0,1,2,1,0,0,0,0,0,0,4.14597E+20,5.31782E+21,7.85494E+15,4.8008E+16
151195,8,2,12,0,2018,4,16,6,3,5,2,0,1,1,0,0,0,0,0,4.56953E+20,5.42848E+21,8.41137E+15,4.90077E+16
151196,8,2,15,109,2018,4,14,3,3,5,3,0,0,1,0,0,0,1,0,4.6153E+20,5.43453E+21,8.47338E+15,4.90624E+16
151197,8,2,31,0,2018,4,15,6,3,0,1,0,1,0,0,0,0,0,0,4.80037E+20,5.41451E+21,8.7277E+15,4.88832E+16
151198,8,2,12,0,2018,4,10,3,3,2,6,0,0,1,0,0,0,0,0,4.54165E+20,5.42934E+21,8.37315E+15,4.90153E+16
151199,8,2,12,0,2018,4,16,3,3,6,4,0,0,1,1,0,0,0,0,4.53182E+20,5.42611E+21,8.36009E+15,4.89861E+16
151200,8,2,31,0,2018,4,12,6,3,0,7,0,0,1,0,0,0,0,0,4.79694E+20,5.41597E+21,8.72296E+15,4.88963E+16
151201,8,1,36,65,2018,4,0,3,3,1,5,2,0,1,0,0,0,0,0,5.5987E+20,5.40574E+21,9.81531E+15,4.88017E+16
151202,8,2,26,41,2018,4,16,6,3,5,3,0,0,1,0,0,0,0,0,4.78005E+20,5.4664E+21,8.69716E+15,4.93499E+16
151203,8,1,35,19,2018,4,12,3,3,5,3,0,0,1,0,0,0,0,0,5.84825E+20,5.39263E+21,1.01524E+16,4.86809E+16
151204,8,1,28,131,2018,4,13,3,3,6,4,0,0,1,1,0,0,0,0,5.36919E+20,5.51166E+21,9.51256E+15,4.97563E+16
151205,8,2,22,0,2018,4,11,6,3,2,6,0,0,1,0,0,0,0,0,4.63839E+20,5.47813E+21,8.50106E+15,4.94548E+16
151206,8,1,25,58,2018,4,13,3,2,8,1,0,1,0,0,0,0,0,0,5.07664E+20,5.44407E+21,9.1051E+15,4.91494E+16
151207,8,2,26,96,2018,4,13,6,3,3,6,0,0,1,0,0,0,0,0,4.7469E+20,5.48947E+21,8.65004E+15,4.95573E+16
151208,8,2,22,0,2018,4,17,6,2,5,3,0,1,1,0,0,0,0,0,4.6267E+20,5.4846E+21,8.48431E+15,4.95129E+16
151209,8,1,21,0,2018,4,17,3,3,5,3,0,0,1,0,0,0,0,0,5.16801E+20,5.44415E+21,9.2304E+15,4.915E+16
151210,8,2,16,5,2018,4,2,6,3,8,1,2,0,1,0,0,0,0,0,4.45498E+20,5.41832E+21,8.25611E+15,4.89154E+16
151211,8,1,25,6,2018,4,9,3,3,6,7,0,0,1,1,0,0,0,0,5.03872E+20,5.45267E+21,9.05317E+15,4.92268E+16
151212,8,1,18,71,2018,4,17,3,3,5,7,0,1,1,0,0,0,0,0,5.08304E+20,5.41852E+21,9.11335E+15,4.89195E+16
151213,8,2,15,103,2018,4,19,6,3,5,3,0,0,1,0,0,0,0,0,4.67448E+20,5.44324E+21,8.55369E+15,4.91411E+16