OBJECTID_1,ULAND,UREGBEZ,UKREIS,UGEMEINDE,UJAHR,UMONAT,USTUNDE,UWOCHENTAG,UKATEGORIE,UART,UTYP1,ULICHTVERH,IstRad,IstPKW,IstFuss,IstKrad,IstGkfz,IstSonstig,STRZUSTAND,LINREFX,LINREFY,XGCSWGS84,YGCSWGS84
151214,8,1,18,71,2018,4,17,3,3,6,7,0,1,0,1,0,0,0,0,5.09951E+20,5.41921E+21,9.13585E+15,4.89258E+16
151215,8,2,12,0,2018,4,19,6,2,0,1,0,1,0,0,0,0,0,0,4.55527E+20,5.42876E+21,8.39185E+15,4.90102E+16
151216,8,1,17,26,2018,4,14,3,3,2,6,0,0,1,0,1,0,0,0,5.48486E+20,5.39466E+21,9.659E+15,4.87031E+16
151217,8,1,35,19,2018,4,16,6,3,0,6,0,0,1,0,0,0,1,0,5.84747E+20,5.39235E+21,1.01513E+16,4.86784E+16
151218,8,1,28,7,2018,4,15,6,3,6,4,0,0,1,1,0,0,0,0,5.55649E+20,5.4816E+21,9.76831E+15,4.94845E+16
151219,8,1,16,33,2018,4,17,3,3,2,6,0,0,1,0,0,0,0,0,5.33728E+20,5.38746E+21,9.45783E+15,4.86393E+16
151220,8,1,11,0,2018,4,8,3,3,2,6,0,0,1,0,0,0,0,0,5.13563E+20,5.40325E+21,9.18462E+15,4.87821E+16
151221,8,1,25,24,2018,4,16,6,3,2,2,0,0,1,0,0,0,0,1,5.2372E+20,5.44308E+21,9.32521E+15,4.91401E+16
151222,8,1,21,0,2018,4,5,6,3,5,2,1,0,1,0,0,0,0,0,5.1418E+20,5.44483E+21,9.19447E+15,4.91561E+16
151223,8,1,11,0,2018,4,17,3,3,6,2,0,0,1,1,0,0,0,0,5.13825E+20,5.40328E+21,9.18819E+15,4.87824E+16
151224,8,1,19,79,2018,4,11,6,3,0,7,0,0,1,0,1,0,0,0,5.23057E+20,5.40872E+21,9.31418E+15,4.8831E+16
151225,8,4,35,16,2018,4,13,2,3,3,2,0,1,1,0,0,0,0,0,5.36809E+20,5.27899E+21,9.49026E+15,4.76633E+16
151226,8,4,35,29,2018,4,15,2,3,3,2,0,1,0,0,0,0,1,0,5.45165E+20,5.27119E+21,9.60075E+15,4.75926E+16
151227,8,1,19,91,2018,4,12,6,3,2,7,0,0,1,0,0,0,0,0,5.28329E+20,5.40604E+21,9.38583E+15,4.88067E+16
151228,8,1,19,93,2018,4,7,6,3,6,7,0,0,1,1,0,0,0,0,5.25146E+20,5.4042E+21,9.34236E+15,4.87902E+16
151229,8,4,16,25,2018,4,15,2,3,0,7,0,0,0,1,0,1,0,0,5.04327E+20,5.36137E+21,9.05847E+15,4.84055E+16
151230,8,1,19,8,2018,4,13,6,3,1,6,0,0,1,0,0,0,0,0,5.31509E+20,5.42294E+21,9.43044E+15,4.89586E+16
151231,8,1,19,68,2018,4,19,6,2,4,1,0,0,1,0,1,0,0,0,5.25522E+20,5.41363E+21,9.34807E+15,4.88751E+16
151232,8,4,15,61,2018,4,12,2,2,6,7,0,0,1,1,0,0,0,0,5.15719E+20,5.37103E+21,9.21275E+15,4.84922E+16
151233,8,3,37,128,2018,4,15,2,3,1,1,0,0,1,0,0,0,0,0,4.47845E+20,5.2837E+21,8.30479E+15,4.77046E+16
151234,8,1,18,48,2018,4,6,6,3,0,3,2,0,0,0,0,0,1,0,5.16662E+20,5.41563E+21,9.22732E+15,4.88934E+16
151235,8,3,35,43,2018,4,13,2,3,5,2,0,0,1,0,0,0,0,0,5.11626E+20,5.28053E+21,9.15489E+15,4.7678E+16
151236,8,3,17,56,2018,4,20,2,2,8,1,1,1,0,0,0,0,0,0,4.3558E+20,5.38167E+21,8.12649E+15,4.85848E+16
151237,8,1,18,46,2018,4,18,6,3,5,7,0,1,1,0,0,0,0,0,5.12926E+20,5.41208E+21,9.17624E+15,4.88615E+16
151238,8,3,11,0,2018,4,15,2,3,6,4,0,0,0,1,0,0,1,0,4.15041E+20,5.31987E+21,7.86048E+15,4.80265E+16
151239,8,3,11,0,2018,4,14,2,3,5,2,0,1,1,0,0,0,0,0,4.15323E+20,5.31764E+21,7.86471E+15,4.80064E+16
151240,8,1,16,50,2018,4,23,6,3,1,7,2,1,1,0,0,0,0,0,5.26872E+20,5.38895E+21,9.36487E+15,4.86531E+16
151241,8,1,15,3,2018,4,22,6,3,2,6,2,0,1,0,0,0,0,0,5.013E+20,5.39148E+21,9.01767E+15,4.86763E+16
151242,8,3,11,0,2018,4,15,2,3,5,3,0,1,1,0,0,0,0,0,4.13066E+20,5.31539E+21,7.8349E+15,4.79859E+16
151243,8,1,11,0,2018,4,16,6,2,5,2,0,0,1,0,1,0,0,0,5.11514E+20,5.40218E+21,9.15671E+15,4.87725E+16
151244,8,1,11,0,2018,4,15,6,2,6,7,0,0,0,1,0,0,1,0,5.18202E+20,5.40412E+21,9.24782E+15,4.87898E+16
151245,8,2,12,0,2018,4,7,2,3,5,3,0,0,1,0,0,0,0,0,4.57371E+20,5.42781E+21,8.41715E+15,4.90017E+16
151246,8,2,31,0,2018,4,16,2,3,2,6,0,0,1,0,0,0,0,0,4.74941E+20,5.41435E+21,8.6582E+15,4.88816E+16
151247,8,1,11,0,2018,4,16,6,3,2,6,0,0,1,0,0,0,0,0,5.07833E+20,5.39905E+21,9.10655E+15,4.87444E+16
151248,8,2,26,98,2018,4,7,2,3,3,6,0,1,1,0,0,0,0,0,4.7751E+20,5.46028E+21,8.69068E+15,4.92948E+16
151249,8,2,26,95,2018,4,7,2,3,6,6,0,0,1,1,0,0,0,0,4.73544E+20,5.46092E+21,8.63611E+15,4.93005E+16
151250,8,1,11,0,2018,4,8,6,3,1,5,0,1,1,0,0,0,0,0,5.12763E+20,5.4016E+21,9.17368E+15,4.87672E+16
151251,8,4,26,21,2018,4,15,5,3,5,3,0,0,1,0,0,0,0,0,5.59049E+20,5.32705E+21,9.79303E+15,4.8094E+16
151252,8,2,26,96,2018,4,13,2,3,3,2,0,1,0,0,1,0,0,0,4.75753E+20,5.48854E+21,8.66479E+15,4.9549E+16
151253,8,4,21,0,2018,4,8,5,3,2,6,0,0,1,0,0,0,0,0,5.71953E+20,5.3614E+21,9.97215E+15,4.84016E+16
151254,8,4,21,0,2018,4,12,5,3,0,2,0,0,1,0,0,0,1,0,5.73258E+20,5.36141E+21,9.98978E+15,4.84015E+16
151255,8,2,26,18,2018,4,12,2,3,5,3,0,1,1,0,0,0,0,0,4.73285E+20,5.47245E+21,8.63177E+15,4.94041E+16
151256,8,1,16,81,2018,4,23,5,2,6,4,2,0,1,1,0,0,0,0,5.15243E+20,5.38543E+21,9.20683E+15,4.86218E+16
151257,8,3,37,126,2018,4,11,5,3,0,1,0,0,1,0,0,0,0,0,4.41156E+20,5.27458E+21,8.21686E+15,4.76219E+16
151258,8,2,21,0,2018,4,20,2,3,0,1,2,1,1,0,0,0,0,0,4.77162E+20,5.47531E+21,8.68504E+15,4.94301E+16
151259,8,2,12,0,2018,4,16,2,3,0,4,0,0,1,1,0,0,0,0,4.60074E+20,5.431E+21,8.4538E+15,4.90306E+16
151260,8,3,37,123,2018,4,18,5,3,5,4,0,0,0,1,0,0,1,0,4.52359E+20,5.27856E+21,8.36552E+15,4.76587E+16
151261,8,2,15,96,2018,4,10,2,3,0,7,0,0,1,0,0,0,0,0,4.64119E+20,5.41829E+21,8.51026E+15,4.89165E+16
151262,8,3,27,46,2018,4,16,5,3,5,3,0,0,1,0,0,0,0,1,4.79909E+20,5.32383E+21,8.73032E+15,4.80674E+16
151263,8,3,26,37,2018,4,12,5,3,5,3,0,0,1,0,0,0,0,1,4.56197E+20,5.32788E+21,8.41162E+15,4.81027E+16
151264,8,3,25,1,2018,4,13,5,3,4,1,0,0,1,0,0,0,0,1,4.55148E+20,5.34564E+21,8.39565E+15,4.82624E+16
151265,8,1,36,65,2018,4,6,2,3,2,6,0,0,1,0,0,0,0,0,5.58906E+20,5.4055E+21,9.80215E+15,4.87997E+16
151266,8,3,17,1,2018,4,16,5,3,1,6,0,0,1,0,0,0,0,0,4.30046E+20,5.38704E+21,8.05056E+15,4.86325E+16
151267,8,1,36,65,2018,4,7,2,3,6,4,0,0,1,1,0,0,0,0,5.60763E+20,5.4048E+21,9.82733E+15,4.87932E+16
151268,8,1,36,27,2018,4,6,2,3,5,3,0,0,1,0,0,0,0,0,5.54441E+20,5.4204E+21,9.74333E+15,4.89341E+16
151269,8,3,16,12,2018,4,17,5,3,3,3,0,1,1,0,0,0,0,0,3.99643E+20,5.33122E+21,7.65135E+15,4.81263E+16
151270,8,1,36,50,2018,4,7,2,3,6,4,0,0,0,1,1,0,0,0,5.8101E+20,5.40361E+21,1.01027E+16,4.87802E+16
151271,8,1,35,20,2018,4,12,2,2,4,2,0,1,1,0,0,0,0,0,5.86656E+20,5.38607E+21,1.01759E+16,4.86217E+16
151272,8,3,11,0,2018,4,17,5,2,5,3,0,1,1,0,0,0,0,1,4.13156E+20,5.31543E+21,7.8361E+15,4.79862E+16
151273,8,1,19,85,2018,4,14,2,3,8,7,0,1,0,0,0,0,0,0,5.29236E+20,5.41366E+21,9.39872E+15,4.88752E+16
151274,8,2,12,0,2018,4,5,5,3,8,7,2,0,1,0,0,0,0,0,4.56167E+20,5.42893E+21,8.40058E+15,4.90117E+16
151275,8,1,19,91,2018,4,3,2,3,3,6,2,0,1,0,0,0,0,0,5.27367E+20,5.40693E+21,9.37279E+15,4.88148E+16
151276,8,2,15,109,2018,4,17,5,3,5,3,0,1,1,0,0,0,0,0,4.62236E+20,5.43881E+21,8.48265E+15,4.9101E+16
151277,8,2,35,85,2018,4,21,5,3,8,1,2,0,1,0,0,0,0,0,4.7785E+20,5.39658E+21,8.69884E+15,4.87219E+16
151278,8,1,17,44,2018,4,17,2,3,5,3,0,0,1,0,0,0,0,0,5.38695E+20,5.39147E+21,9.52563E+15,4.86751E+16
151279,8,1,17,26,2018,4,17,2,3,6,4,0,0,1,1,0,0,0,0,5.48364E+20,5.39439E+21,9.65731E+15,4.87006E+16
151280,8,2,26,76,2018,4,18,5,3,5,3,0,0,1,0,0,0,0,0,4.7478E+20,5.46548E+21,8.65282E+15,4.93415E+16
151281,8,1,16,49,2018,4,16,2,3,3,6,0,1,0,0,0,0,0,0,5.2556E+20,5.3838E+21,9.34673E+15,4.86068E+16
151282,8,1,16,4,2018,4,9,2,3,0,7,0,1,0,0,0,0,0,0,5.28298E+20,5.39727E+21,9.38479E+15,4.87278E+16
151283,8,2,22,0,2018,4,23,5,3,2,7,2,1,1,0,0,0,0,1,4.61797E+20,5.48104E+21,8.47259E+15,4.94808E+16
151284,8,2,22,0,2018,4,15,5,3,6,4,0,1,0,1,0,0,0,0,4.61683E+20,5.48293E+21,8.47084E+15,4.94978E+16
151285,8,1,16,19,2018,4,11,2,3,2,6,0,0,1,0,0,0,0,0,5.21341E+20,5.39812E+21,9.29024E+15,4.87357E+16
151286,8,2,26,32,2018,4,7,5,2,5,3,0,1,1,0,0,0,0,0,4.67687E+20,5.46346E+21,8.55533E+15,4.9323E+16
151287,8,2,22,0,2018,4,19,5,3,2,6,0,0,1,0,0,0,0,1,4.61785E+20,5.48497E+21,8.47205E+15,4.95162E+16
151288,8,1,11,0,2018,4,5,2,3,5,3,2,0,1,0,0,0,0,0,5.16819E+20,5.40519E+21,9.22903E+15,4.87994E+16
151289,8,2,21,0,2018,4,10,5,3,3,2,0,1,0,0,0,1,0,1,4.7645E+20,5.47351E+21,8.67532E+15,4.94138E+16
151290,8,2,15,66,2018,4,16,5,3,5,3,0,0,1,0,0,0,0,0,4.60781E+20,5.4534E+21,8.4613E+15,4.92321E+16
151291,8,4,36,5,2018,4,12,1,3,0,7,0,0,1,0,0,0,0,0,5.40666E+20,5.30838E+21,9.54439E+15,4.79275E+16
151292,8,2,15,7,2018,4,10,5,2,1,7,0,0,1,0,0,0,0,0,4.79642E+20,5.43271E+21,8.7214E+15,4.9047E+16
151293,8,2,16,39,2018,4,11,5,2,0,7,0,0,0,0,0,1,0,1,4.44693E+20,5.41571E+21,8.24547E+15,4.88919E+16
151294,8,4,36,64,2018,4,9,1,3,4,6,0,0,1,0,0,0,0,0,5.47958E+20,5.28519E+21,9.63943E+15,4.77183E+16
151295,8,4,35,30,2018,4,13,1,3,1,6,0,0,1,0,1,0,0,0,5.40296E+20,5.27221E+21,9.53609E+15,4.7602E+16
151296,8,1,28,7,2018,4,12,5,1,6,6,0,0,1,1,0,0,0,0,5.55501E+20,5.48245E+21,9.76639E+15,4.94921E+16
151297,8,4,21,0,2018,4,17,1,3,5,3,0,1,1,0,0,0,0,0,5.73497E+20,5.36168E+21,9.99306E+15,4.8404E+16
151298,8,4,17,44,2018,4,11,1,3,3,6,0,1,1,0,0,0,0,0,4.97731E+20,5.3369E+21,8.96948E+15,4.81853E+16
151299,8,1,19,67,2018,4,17,5,3,1,7,0,0,1,0,1,0,0,0,5.40832E+20,5.40253E+21,9.55575E+15,4.87744E+16
151300,8,1,18,48,2018,4,12,5,3,0,7,0,0,0,0,1,0,0,0,5.13419E+20,5.415E+21,9.18305E+15,4.88878E+16
151301,8,4,16,41,2018,4,23,1,3,5,3,2,0,1,0,0,0,0,0,5.04477E+20,5.37366E+21,9.06063E+15,4.8516E+16
151302,8,1,16,77,2018,4,12,5,3,1,6,0,0,1,0,0,0,0,0,5.15919E+20,5.39155E+21,9.21625E+15,4.86768E+16
151303,8,1,16,19,2018,4,16,5,3,4,2,0,1,1,0,0,0,0,1,5.24111E+20,5.39771E+21,9.32789E+15,4.87319E+16
151304,8,4,16,36,2018,4,15,1,3,5,3,0,1,1,0,0,0,0,0,4.95293E+20,5.36958E+21,8.93631E+15,4.84793E+16
151305,8,4,15,60,2018,4,15,1,3,1,5,0,1,1,0,0,0,0,0,5.14014E+20,5.37902E+21,9.18995E+15,4.85641E+16
151306,8,1,16,33,2018,4,18,5,3,0,7,0,1,1,0,0,0,0,0,5.33253E+20,5.38821E+21,9.45144E+15,4.86461E+16
151307,8,1,15,46,2018,4,13,5,3,2,2,0,0,1,0,0,0,0,0,5.09085E+20,5.39034E+21,9.12338E+15,4.86661E+16
151308,8,4,15,61,2018,4,20,1,3,0,1,2,0,0,0,1,0,0,0,5.16387E+20,5.37145E+21,9.22181E+15,4.8496E+16
151309,8,3,37,66,2018,4,13,1,3,6,6,0,0,1,1,0,0,0,0,4.29521E+20,5.2683E+21,8.06305E+15,4.75643E+16
151310,8,1,15,13,2018,4,12,5,3,0,7,0,1,0,0,0,0,0,0,4.96534E+20,5.39042E+21,8.95293E+15,4.86668E+16
151311,8,3,36,57,2018,4,14,1,2,0,7,0,1,0,0,0,0,0,0,4.07498E+20,5.27748E+21,7.7684E+15,4.76441E+16
151312,8,3,26,74,2018,4,11,1,3,5,3,0,0,1,0,0,0,0,0,4.60311E+20,5.32243E+21,8.46739E+15,4.80539E+16
151313,8,1,11,0,2018,4,20,5,3,6,3,2,0,1,1,0,0,0,0,5.13139E+20,5.40316E+21,9.17885E+15,4.87813E+16
151314,8,1,11,0,2018,4,11,5,3,5,3,0,0,1,0,1,0,0,0,5.11733E+20,5.40082E+21,9.15964E+15,4.87603E+16
151315,8,3,26,12,2018,4,17,1,3,6,4,0,0,1,1,0,0,0,0,4.62769E+20,5.31106E+21,8.50136E+15,4.79517E+16
151316,8,1,11,0,2018,4,12,5,3,1,5,0,1,1,0,0,0,0,0,5.11412E+20,5.40228E+21,9.15532E+15,4.87734E+16
151317,8,1,11,0,2018,4,14,5,3,2,6,0,0,1,0,0,0,0,0,5.12798E+20,5.40295E+21,9.1742E+15,4.87795E+16
151318,8,3,17,34,2018,4,11,1,3,7,1,0,1,0,0,0,0,0,0,4.2716E+20,5.36161E+21,8.01583E+15,4.84034E+16
151319,8,3,17,65,2018,4,13,1,3,5,3,0,0,1,0,0,0,0,0,4.20869E+20,5.35338E+21,7.9324E+15,4.83286E+16
151320,8,1,11,0,2018,4,19,5,3,0,7,0,1,0,0,0,0,0,0,5.11199E+20,5.40064E+21,9.15238E+15,4.87587E+16
151321,8,3,17,65,2018,4,14,1,2,6,7,0,0,1,1,0,0,0,0,4.14481E+20,5.35462E+21,7.84597E+15,4.8339E+16
151322,8,4,35,16,2018,4,10,4,2,2,6,0,1,0,0,0,0,0,0,5.36367E+20,5.28004E+21,9.48447E+15,4.76728E+16
151323,8,3,15,76,2018,4,15,1,3,5,6,0,1,0,0,0,0,0,0,3.92452E+20,5.29604E+21,7.56354E+15,4.78087E+16
151324,8,4,21,0,2018,4,13,4,3,5,3,0,0,1,0,0,0,0,0,5.71366E+20,5.36047E+21,9.96407E+15,4.83933E+16
151325,8,3,15,47,2018,4,17,1,3,5,3,0,0,1,0,0,0,0,0,4.157E+20,5.32151E+21,7.86899E+15,4.80413E+16
151326,8,4,25,81,2018,4,13,4,3,1,1,0,1,1,0,0,0,0,0,5.47807E+20,5.34184E+21,9.64373E+15,4.8228E+16
151327,8,4,15,53,2018,4,10,4,3,6,7,0,0,0,1,0,0,1,0,5.36286E+20,5.36209E+21,9.49034E+15,4.84109E+16
151328,8,3,15,28,2018,4,18,1,3,9,1,0,1,0,0,0,0,0,0,4.0937E+20,5.31207E+21,7.78608E+15,4.79555E+16
151329,8,4,15,59,2018,4,14,4,3,2,6,0,0,1,0,0,0,0,0,5.17011E+20,5.36993E+21,9.2302E+15,4.84823E+16
151330,8,2,37,40,2018,4,17,1,3,0,1,0,1,0,0,0,0,0,0,4.69083E+20,5.36582E+21,8.58193E+15,4.84448E+16
151331,8,2,31,0,2018,4,3,1,3,6,7,2,1,0,1,0,0,0,0,4.77901E+20,5.41526E+21,8.69853E+15,4.88899E+16
151332,8,4,15,50,2018,4,17,4,3,1,2,0,0,1,0,0,0,0,0,5.21786E+20,5.37567E+21,9.29511E+15,4.85337E+16
151333,8,2,26,95,2018,4,12,1,3,5,3,0,0,1,0,0,0,0,0,4.74221E+20,5.46162E+21,8.64537E+15,4.93068E+16
151334,8,3,35,79,2018,4,13,4,3,2,6,0,0,1,0,0,0,0,0,4.99813E+20,5.29901E+21,8.9975E+15,4.78444E+16
151335,8,2,22,0,2018,4,20,1,3,0,7,2,0,0,0,1,0,0,0,4.63477E+20,5.48688E+21,8.49525E+15,4.95335E+16
151336,8,3,17,65,2018,4,12,4,3,3,6,0,0,1,0,0,0,0,0,4.1426E+20,5.35406E+21,7.84311E+15,4.83339E+16
151337,8,3,11,0,2018,4,17,4,3,2,6,0,0,1,0,0,1,0,1,4.12397E+20,5.32001E+21,7.825E+15,4.80274E+16
151338,8,2,21,0,2018,4,16,1,3,0,1,0,1,0,0,0,0,0,0,4.78464E+20,5.47142E+21,8.70321E+15,4.93951E+16
151339,8,2,21,0,2018,4,9,1,1,3,6,0,1,1,0,0,0,0,0,4.73214E+20,5.46694E+21,8.63116E+15,4.93546E+16
151340,8,3,15,64,2018,4,15,4,3,5,3,0,1,1,0,0,0,0,1,4.2215E+20,5.31328E+21,7.95701E+15,4.79681E+16
151341,8,3,11,0,2018,4,12,4,3,2,6,0,0,1,0,0,0,0,0,4.13156E+20,5.31543E+21,7.8361E+15,4.79862E+16
151342,8,2,16,43,2018,4,16,1,3,0,7,0,1,0,0,0,0,0,0,4.38325E+20,5.412E+21,8.15917E+15,4.88579E+16
151343,8,2,15,101,2018,4,19,4,2,5,3,0,1,1,0,0,0,0,0,4.66324E+20,5.42671E+21,8.53965E+15,4.89924E+16
151344,8,2,12,0,2018,4,16,1,3,0,7,0,1,0,0,0,0,0,0,4.54723E+20,5.43324E+21,8.38036E+15,4.90504E+16
151345,8,2,31,0,2018,4,19,4,3,5,3,0,1,1,0,0,0,0,0,4.8133E+20,5.41739E+21,8.74521E+15,4.89092E+16
151346,8,2,12,0,2018,4,19,1,3,5,3,0,0,1,0,0,0,0,0,4.55951E+20,5.42691E+21,8.39784E+15,4.89935E+16
151347,8,2,36,62,2018,4,15,4,3,8,1,0,0,1,0,0,0,0,1,4.83588E+20,5.41016E+21,8.77631E+15,4.88442E+16
151348,8,2,31,0,2018,4,19,4,3,5,3,1,0,1,0,0,0,0,0,4.7704E+20,5.41581E+21,8.68675E+15,4.88948E+16
151349,8,1,18,21,2018,4,13,1,2,0,7,0,1,0,0,0,0,0,0,5.19422E+20,5.43006E+21,9.26566E+15,4.90231E+16
151350,8,2,22,0,2018,4,8,4,3,5,3,0,1,1,0,0,0,0,0,4.62454E+20,5.4884E+21,8.48096E+15,4.9547E+16
151351,8,3,17,153,2018,4,18,4,2,9,1,0,0,0,0,1,0,0,0,4.21535E+20,5.3917E+21,7.93417E+15,4.86734E+16
151352,8,1,36,38,2018,4,16,1,3,0,1,0,1,0,0,0,0,0,0,5.90192E+20,5.41453E+21,1.02301E+16,4.88771E+16
151353,8,1,28,7,2018,4,13,1,3,6,7,0,0,1,1,0,0,0,0,5.55303E+20,5.48236E+21,9.76365E+15,4.94914E+16
151354,8,1,36,7,2018,4,14,4,3,5,3,0,1,1,0,0,0,0,0,5.73623E+20,5.40005E+21,1.00016E+16,4.87491E+16
151355,8,2,25,75,2018,4,18,1,3,6,4,0,0,1,1,0,0,0,0,5.31358E+20,5.47524E+21,9.43246E+15,4.9429E+16
151356,8,1,19,61,2018,4,18,1,3,8,1,0,0,1,0,0,0,0,0,5.39875E+20,5.41478E+21,9.54391E+15,4.88847E+16
151357,8,1,36,88,2018,4,12,4,3,9,7,0,0,1,0,0,1,0,0,5.78886E+20,5.40866E+21,1.00748E+16,4.88259E+16
151358,8,1,36,88,2018,4,17,4,3,2,6,0,0,1,0,0,0,0,0,5.79825E+20,5.41001E+21,1.00879E+16,4.8838E+16
151359,8,1,19,84,2018,4,13,1,3,0,1,0,1,0,0,0,0,0,0,5.46082E+20,5.41292E+21,9.62836E+15,4.88675E+16
151360,8,1,25,5,2018,4,14,4,3,5,3,0,0,1,0,0,0,1,0,5.16103E+20,5.45712E+21,9.22135E+15,4.92667E+16
151361,8,1,25,27,2018,4,15,4,3,0,1,0,1,0,0,0,0,0,1,5.18313E+20,5.4471E+21,9.25127E+15,4.91765E+16
151362,8,1,19,53,2018,4,11,1,2,0,1,0,1,0,0,0,0,0,0,5.33244E+20,5.42522E+21,9.45431E+15,4.8979E+16
151363,8,1,21,0,2018,4,22,4,3,0,7,2,0,0,0,1,0,0,0,5.1394E+20,5.44291E+21,9.19112E+15,4.91388E+16
151364,8,1,19,20,2018,4,13,4,3,3,6,0,0,1,0,0,0,1,0,5.19775E+20,5.40803E+21,9.26942E+15,4.88249E+16
151365,8,1,18,46,2018,4,15,1,3,9,1,0,0,1,0,0,0,0,0,5.13272E+20,5.4124E+21,9.18096E+15,4.88644E+16
151366,8,1,18,47,2018,4,19,1,3,1,5,0,0,1,0,0,0,0,0,5.07923E+20,5.42762E+21,9.10833E+15,4.90014E+16
151367,8,1,15,28,2018,4,17,4,2,5,3,0,0,1,0,1,0,0,0,5.00404E+20,5.40433E+21,9.0055E+15,4.8792E+16
151368,8,1,16,49,2018,4,11,1,3,0,1,0,1,0,0,0,0,0,0,5.25048E+20,5.3856E+21,9.33989E+15,4.8623E+16
151369,8,1,16,78,2018,4,17,1,3,5,3,0,1,1,0,0,0,0,0,5.12852E+20,5.3934E+21,9.17464E+15,4.86935E+16
151370,8,4,36,82,2018,4,10,3,3,1,5,0,1,1,0,0,0,0,0,5.46897E+20,5.29504E+21,9.62636E+15,4.7807E+16
151371,8,4,35,24,2018,4,14,3,3,0,1,0,1,0,0,0,0,0,0,5.27595E+20,5.27927E+21,9.36757E+15,4.76663E+16
151372,8,1,15,21,2018,4,19,1,3,6,4,0,0,1,1,0,0,0,0,4.89831E+20,5.38241E+21,8.86209E+15,4.85947E+16
151373,8,4,16,23,2018,4,8,3,3,5,3,0,0,1,0,0,0,0,0,5.09162E+20,5.37496E+21,9.1241E+15,4.85276E+16
151374,8,1,11,0,2018,4,1,1,2,0,7,2,1,0,0,0,0,0,0,5.11808E+20,5.40142E+21,9.16069E+15,4.87657E+16
151375,8,4,35,35,2018,4,20,7,2,0,7,2,1,0,0,0,0,0,0,5.45088E+20,5.28543E+21,9.6012E+15,4.77207E+16
151376,8,3,35,100,2018,4,12,3,3,5,3,0,1,1,0,0,0,0,0,4.88699E+20,5.28704E+21,8.84927E+15,4.77367E+16
151377,8,3,35,75,2018,4,10,3,3,2,6,0,0,1,0,1,0,0,0,4.88697E+20,5.28884E+21,8.84919E+15,4.77528E+16
151378,8,4,26,70,2018,4,21,7,2,0,3,2,1,1,0,0,0,0,0,5.65406E+20,5.34191E+21,9.88068E+15,4.8227E+16
151379,8,4,26,87,2018,4,12,7,2,6,4,0,0,1,1,0,0,0,0,5.70693E+20,5.32473E+21,9.94901E+15,4.8072E+16
151380,8,3,27,50,2018,4,16,3,3,0,1,0,1,0,0,0,0,0,0,4.87255E+20,5.31514E+21,8.82918E+15,4.79894E+16
151381,8,4,21,0,2018,4,18,7,3,2,6,0,0,1,0,1,0,0,0,5.73678E+20,5.36096E+21,9.99538E+15,4.83975E+16
151382,8,3,17,96,2018,4,6,3,3,5,3,1,1,1,0,0,0,0,0,4.22644E+20,5.36915E+21,7.95342E+15,4.84708E+16
151383,8,4,16,36,2018,4,13,7,3,5,3,0,0,1,0,0,0,0,0,4.96203E+20,5.36953E+21,8.94862E+15,4.84789E+16
151384,8,3,17,96,2018,4,5,3,3,0,1,2,0,0,0,1,0,0,0,4.21055E+20,5.36898E+21,7.93197E+15,4.8469E+16
151385,8,3,35,43,2018,4,18,6,3,0,1,0,1,0,0,0,0,0,0,5.13359E+20,5.27822E+21,9.17791E+15,4.76572E+16
151386,8,3,25,57,2018,4,12,6,3,6,4,0,0,0,1,1,0,0,0,4.72202E+20,5.35634E+21,8.62473E+15,4.83597E+16
151387,8,2,37,28,2018,4,8,6,2,0,7,0,0,0,0,0,0,1,0,4.56683E+20,5.36778E+21,8.41407E+15,4.84616E+16
151388,8,3,17,146,2018,4,12,6,3,5,2,0,0,1,0,1,0,0,1,4.31248E+20,5.35507E+21,8.07212E+15,4.83451E+16
151389,8,3,16,17,2018,4,13,6,3,0,6,0,1,1,0,0,0,0,1,4.09214E+20,5.34182E+21,7.77767E+15,4.82231E+16
151390,8,3,36,50,2018,4,13,6,3,0,7,0,0,1,0,0,0,0,0,3.99336E+20,5.27303E+21,7.66076E+15,4.76028E+16
151391,8,3,11,0,2018,4,12,6,3,5,3,0,1,0,0,1,0,0,1,4.11764E+20,5.3191E+21,7.8167E+15,4.80191E+16
151392,8,3,11,0,2018,4,5,6,3,5,2,2,0,1,0,0,0,1,0,4.11904E+20,5.31522E+21,7.81937E+15,4.79842E+16
151393,8,3,11,0,2018,4,12,6,3,2,6,0,0,1,0,0,0,0,0,4.13038E+20,5.31651E+21,7.83431E+15,4.7996E+16
151394,8,3,11,0,2018,4,10,6,3,1,7,0,0,1,0,1,0,0,0,4.13762E+20,5.31689E+21,7.84394E+15,4.79994E+16
151395,8,3,11,0,2018,4,11,6,3,1,6,0,0,1,0,0,0,0,0,4.13191E+20,5.31679E+21,7.83629E+15,4.79985E+16
151396,8,2,12,0,2018,4,10,3,3,5,3,0,1,0,0,0,0,1,0,4.55036E+20,5.42957E+21,8.38504E+15,4.90174E+16
151397,8,3,11,0,2018,4,7,6,3,0,7,0,1,0,0,0,0,0,0,4.12162E+20,5.3177E+21,7.82231E+15,4.80065E+16
151398,8,2,15,102,2018,4,14,3,2,0,7,0,0,0,0,1,0,0,0,4.54447E+20,5.43565E+21,8.3763E+15,4.9072E+16
151399,8,2,35,85,2018,4,9,3,3,0,1,0,0,0,0,1,0,0,0,4.80412E+20,5.39818E+21,8.73359E+15,4.87363E+16
151400,8,2,35,85,2018,4,9,3,3,1,6,0,0,1,0,0,0,0,0,4.82253E+20,5.39555E+21,8.75874E+15,4.87128E+16