OBJECTID_1,ULAND,UREGBEZ,UKREIS,UGEMEINDE,UJAHR,UMONAT,USTUNDE,UWOCHENTAG,UKATEGORIE,UART,UTYP1,ULICHTVERH,IstRad,IstPKW,IstFuss,IstKrad,IstGkfz,IstSonstig,STRZUSTAND,LINREFX,LINREFY,XGCSWGS84,YGCSWGS84
151588,8,3,35,43,2018,4,13,7,2,0,1,0,1,0,0,0,0,0,0,5.1112E+20,5.27995E+21,9.14813E+15,4.76729E+16
151589,8,3,35,43,2018,4,10,7,2,6,7,0,0,1,1,0,0,0,0,5.13161E+20,5.27836E+21,9.17528E+15,4.76585E+16
151590,8,3,11,0,2018,4,18,4,3,3,2,0,1,1,0,0,0,0,0,4.139E+20,5.31684E+21,7.84579E+15,4.7999E+16
151591,8,3,36,91,2018,4,7,4,3,3,2,0,1,1,0,0,0,0,0,3.96286E+20,5.27197E+21,7.62046E+15,4.75928E+16
151592,8,3,17,96,2018,4,20,7,3,8,7,0,1,0,0,0,0,0,0,4.22079E+20,5.36933E+21,7.94575E+15,4.84723E+16
151593,8,3,36,6,2018,4,18,4,3,0,1,0,1,0,0,0,0,0,0,3.89518E+20,5.28476E+21,7.52723E+15,4.77068E+16
151594,8,3,17,9,2018,4,15,7,3,8,1,0,0,0,0,1,0,0,0,4.25066E+20,5.36287E+21,7.98732E+15,4.84145E+16
151595,8,3,11,0,2018,4,18,4,3,1,1,0,0,1,0,0,0,0,0,4.10156E+20,5.31546E+21,7.7959E+15,4.79861E+16
151596,8,3,17,73,2018,4,2,7,2,1,1,2,0,1,0,0,0,0,0,4.11758E+20,5.34927E+21,7.81035E+15,4.82905E+16
151597,8,2,15,9,2018,4,6,4,3,1,6,1,0,0,0,1,1,0,1,4.68429E+20,5.44313E+21,8.56715E+15,4.91402E+16
151598,8,3,11,0,2018,4,18,7,3,5,2,0,0,1,0,0,0,0,0,4.14389E+20,5.31566E+21,7.85257E+15,4.79885E+16
151599,8,3,11,0,2018,4,6,7,3,5,3,0,0,1,0,0,0,0,0,4.14358E+20,5.3178E+21,7.85173E+15,4.80078E+16
151600,8,2,12,0,2018,4,8,4,3,6,4,0,1,0,1,0,0,0,0,4.56516E+20,5.42868E+21,8.40537E+15,4.90095E+16
151601,8,2,15,96,2018,4,6,7,2,6,4,0,0,1,1,0,0,0,0,4.61048E+20,5.41612E+21,8.46855E+15,4.88968E+16
151602,8,2,36,39,2018,4,18,4,3,4,7,0,1,1,0,0,0,0,0,4.90431E+20,5.41194E+21,8.86953E+15,4.88603E+16
151603,8,2,26,84,2018,4,11,4,3,4,2,0,0,1,0,0,0,0,0,4.69116E+20,5.46993E+21,8.5745E+15,4.93813E+16
151604,8,2,35,25,2018,4,13,7,3,0,7,0,1,0,0,0,0,0,0,4.58513E+20,5.38621E+21,8.43698E+15,4.86276E+16
151605,8,2,22,0,2018,4,19,4,3,0,6,0,1,0,0,0,0,0,0,4.61884E+20,5.48282E+21,8.47362E+15,4.94968E+16
151606,8,2,31,0,2018,4,15,7,3,6,4,0,0,0,1,1,0,0,0,4.77362E+20,5.41538E+21,8.69116E+15,4.88909E+16
151607,8,2,22,0,2018,4,18,4,3,0,1,0,0,0,0,1,0,0,0,4.67872E+20,5.47879E+21,8.55664E+15,4.94609E+16
151608,8,2,31,0,2018,4,16,7,3,2,6,0,0,1,0,0,0,0,0,4.77976E+20,5.41529E+21,8.69955E+15,4.88902E+16
151609,8,2,31,0,2018,4,16,7,3,0,7,0,0,0,0,0,0,1,0,4.77948E+20,5.41545E+21,8.69915E+15,4.88916E+16
151610,8,2,26,36,2018,4,18,4,3,4,2,0,1,1,0,0,0,0,0,4.67515E+20,5.48108E+21,8.55153E+15,4.94815E+16
151611,8,2,26,38,2018,4,16,4,3,2,6,0,0,1,0,0,0,0,0,4.72045E+20,5.48023E+21,8.61413E+15,4.94741E+16
151612,8,2,22,0,2018,4,15,7,3,1,5,0,1,1,0,0,0,0,0,4.61361E+20,5.48199E+21,8.46648E+15,4.94893E+16
151613,8,2,21,0,2018,4,12,7,2,2,6,0,1,0,0,0,0,0,0,4.76362E+20,5.47256E+21,8.67416E+15,4.94053E+16
151614,8,2,22,0,2018,4,6,4,2,0,7,1,1,0,0,0,0,0,0,4.6129E+20,5.48173E+21,8.46552E+15,4.9487E+16
151615,8,2,16,43,2018,4,6,7,2,0,1,1,0,0,0,1,0,0,0,4.4314E+20,5.41297E+21,8.22467E+15,4.88671E+16
151616,8,2,22,0,2018,4,19,4,3,6,4,0,0,1,1,0,0,0,0,4.6637E+20,5.47813E+21,8.53597E+15,4.94549E+16
151617,8,2,16,43,2018,4,11,7,3,2,6,0,0,1,0,0,0,0,0,4.40547E+20,5.4124E+21,8.18941E+15,4.88617E+16
151618,8,2,21,0,2018,4,18,4,3,5,3,0,1,1,0,0,0,0,0,4.7743E+20,5.47269E+21,8.68888E+15,4.94065E+16
151619,8,2,15,17,2018,4,17,7,3,6,7,0,0,1,1,0,0,0,0,4.53783E+20,5.41946E+21,8.36906E+15,4.89264E+16
151620,8,1,36,65,2018,4,13,7,3,5,3,0,1,1,0,0,0,0,0,5.62854E+20,5.40668E+21,9.85608E+15,4.88099E+16
151621,8,2,21,0,2018,4,13,4,3,3,7,0,0,1,0,0,0,1,0,4.76934E+20,5.46786E+21,8.68233E+15,4.9363E+16
151622,8,1,28,7,2018,4,22,7,3,6,7,2,0,1,1,0,0,0,0,5.56153E+20,5.48232E+21,9.77537E+15,4.94909E+16
151623,8,1,25,110,2018,4,13,7,2,0,1,0,1,0,0,0,0,0,0,5.25664E+20,5.44344E+21,9.35189E+15,4.91433E+16
151624,8,2,16,43,2018,4,17,4,3,1,6,0,0,1,0,0,0,0,0,4.4426E+20,5.41235E+21,8.24002E+15,4.88616E+16
151625,8,2,15,17,2018,4,10,4,3,1,6,0,0,1,0,0,0,0,0,4.56732E+20,5.42129E+21,8.40912E+15,4.8943E+16
151626,8,1,25,5,2018,4,14,7,3,2,6,0,0,1,0,0,0,0,0,5.14138E+20,5.45365E+21,9.19421E+15,4.92355E+16
151627,8,2,12,0,2018,4,18,4,3,2,6,0,0,1,0,0,0,1,0,4.60325E+20,5.42725E+21,8.45759E+15,4.89969E+16
151628,8,2,11,0,2018,4,11,4,3,5,2,0,0,1,0,1,0,0,0,4.4387E+20,5.40138E+21,8.23621E+15,4.87629E+16
151629,8,1,19,55,2018,4,12,7,3,4,7,0,1,0,0,0,0,1,0,5.43381E+20,5.4053E+21,9.59073E+15,4.87992E+16
151630,8,1,18,48,2018,4,14,7,3,5,3,0,0,1,0,0,0,1,0,5.1312E+20,5.41703E+21,9.17903E+15,4.89061E+16
151631,8,2,11,0,2018,4,16,4,3,6,4,0,0,1,1,0,0,0,0,4.40868E+20,5.40466E+21,8.19489E+15,4.87921E+16
151632,8,1,16,49,2018,4,19,7,3,3,2,0,1,1,0,0,0,0,0,5.24612E+20,5.38613E+21,9.33401E+15,4.86278E+16
151633,8,1,16,19,2018,4,13,7,3,8,6,0,0,1,0,0,0,0,0,5.23475E+20,5.39678E+21,9.31919E+15,4.87236E+16
151634,8,1,36,9,2018,4,7,4,3,5,3,0,0,1,0,0,0,0,0,5.66978E+20,5.40807E+21,9.91248E+15,4.8822E+16
151635,8,1,11,0,2018,4,9,7,3,6,2,0,0,1,1,0,0,0,0,5.11795E+20,5.40623E+21,9.16065E+15,4.88089E+16
151636,8,4,36,64,2018,4,20,6,2,5,3,1,1,1,0,0,0,0,0,5.46231E+20,5.2935E+21,9.6173E+15,4.77932E+16
151637,8,1,36,28,2018,4,19,4,3,0,7,0,1,1,0,0,0,0,0,5.68628E+20,5.40526E+21,9.93449E+15,4.87966E+16
151638,8,1,35,19,2018,4,9,4,3,0,1,0,1,1,0,0,0,0,0,5.85083E+20,5.39247E+21,1.01559E+16,4.86795E+16
151639,8,4,35,34,2018,4,13,6,3,5,2,0,1,1,0,0,0,0,0,5.2943E+20,5.28465E+21,9.39236E+15,4.77146E+16
151640,8,1,28,39,2018,4,5,4,3,0,7,2,1,0,0,0,0,1,1,5.23235E+20,5.51116E+21,9.32256E+15,4.97525E+16
151641,8,1,21,0,2018,4,17,4,2,5,2,0,1,1,0,0,0,0,0,5.15066E+20,5.44103E+21,9.20649E+15,4.91219E+16
151642,8,4,21,0,2018,4,14,6,2,0,1,0,0,0,0,1,0,0,1,5.71207E+20,5.36159E+21,9.9621E+15,4.84034E+16
151643,8,4,15,14,2018,4,17,6,3,5,3,0,0,1,0,0,0,0,0,5.26042E+20,5.37497E+21,9.35272E+15,4.85273E+16
151644,8,1,21,0,2018,4,13,4,3,6,4,0,0,1,1,0,0,0,0,5.1609E+20,5.44295E+21,9.22059E+15,4.91392E+16
151645,8,3,37,126,2018,4,13,6,3,6,1,0,1,0,1,0,0,0,0,4.41457E+20,5.27456E+21,8.22087E+15,4.76218E+16
151646,8,1,21,0,2018,4,7,4,3,5,3,1,1,1,0,0,0,0,0,5.15578E+20,5.44305E+21,9.21358E+15,4.91401E+16
151647,8,1,19,79,2018,4,17,4,3,0,7,0,1,0,0,0,0,0,0,5.23642E+20,5.40941E+21,9.32218E+15,4.88372E+16
151648,8,3,36,105,2018,4,18,6,3,0,7,0,0,0,0,1,0,0,0,4.01486E+20,5.26578E+21,7.69099E+15,4.75379E+16
151649,8,3,35,100,2018,4,15,6,3,5,3,0,0,1,0,0,0,0,0,4.88641E+20,5.287E+21,8.8485E+15,4.77363E+16
151650,8,1,19,8,2018,4,11,4,3,5,3,0,1,1,0,0,0,0,0,5.3182E+20,5.42141E+21,9.43456E+15,4.89448E+16
151651,8,1,18,48,2018,4,10,4,3,5,3,0,0,1,0,0,0,1,0,5.14001E+20,5.41533E+21,9.19101E+15,4.88908E+16
151652,8,3,35,43,2018,4,15,6,3,5,7,0,0,1,0,1,0,0,0,5.13018E+20,5.27999E+21,9.17342E+15,4.76732E+16
151653,8,1,18,3,2018,4,8,4,3,5,3,0,0,1,0,0,0,1,0,5.10647E+20,5.41725E+21,9.1453E+15,4.89081E+16
151654,8,3,35,43,2018,4,15,6,3,0,1,0,1,0,0,0,0,0,0,5.13329E+20,5.27906E+21,9.17753E+15,4.76648E+16
151655,8,1,15,3,2018,4,16,4,3,6,4,0,0,1,1,0,0,0,0,5.00337E+20,5.39075E+21,9.00457E+15,4.86698E+16
151656,8,4,35,16,2018,4,17,5,3,0,3,0,1,0,0,0,0,1,0,5.36473E+20,5.27874E+21,9.48577E+15,4.76611E+16
151657,8,4,37,100,2018,4,18,5,3,5,3,0,1,1,0,0,0,0,0,5.37677E+20,5.31814E+21,9.50523E+15,4.80154E+16
151658,8,4,26,21,2018,4,12,5,3,5,3,0,0,1,0,0,0,0,0,5.59049E+20,5.32705E+21,9.79304E+15,4.8094E+16
151659,8,4,21,0,2018,4,16,5,3,4,2,0,0,1,0,1,0,0,0,5.74528E+20,5.36188E+21,1.0007E+16,4.84057E+16
151660,8,4,15,61,2018,4,18,5,3,0,7,0,1,0,0,0,0,0,0,5.12531E+20,5.37125E+21,9.16961E+15,4.84943E+16
151661,8,4,15,14,2018,4,16,5,3,6,7,0,0,1,1,0,0,0,0,5.26146E+20,5.37531E+21,9.35415E+15,4.85304E+16
151662,8,3,37,125,2018,4,7,5,3,2,6,0,0,1,0,1,0,0,0,4.47089E+20,5.27301E+21,8.29601E+15,4.76083E+16
151663,8,3,36,105,2018,4,13,5,3,5,3,0,1,1,0,0,0,0,0,4.01439E+20,5.26642E+21,7.69022E+15,4.75437E+16
151664,8,3,35,43,2018,4,8,5,3,7,6,0,1,1,0,0,0,0,0,5.10671E+20,5.28175E+21,9.1422E+15,4.76891E+16
151665,8,3,27,50,2018,4,13,5,3,1,5,0,0,1,0,0,0,0,0,4.87439E+20,5.31452E+21,8.83167E+15,4.79838E+16
151666,8,3,25,57,2018,4,10,5,3,1,1,0,0,1,0,0,0,1,0,4.72309E+20,5.35643E+21,8.62618E+15,4.83604E+16
151667,8,3,17,57,2018,4,17,5,2,5,3,0,0,1,0,1,0,0,0,4.14128E+20,5.37905E+21,7.8362E+15,4.85587E+16
151668,8,3,15,33,2018,4,18,5,3,5,3,0,1,1,0,0,0,0,0,3.99551E+20,5.30486E+21,7.65627E+15,4.78892E+16
151669,8,3,36,50,2018,4,8,5,3,6,4,0,0,1,1,0,1,0,0,3.98834E+20,5.27274E+21,7.65416E+15,4.76002E+16
151670,8,1,15,3,2018,4,13,1,3,2,6,0,0,0,0,1,0,0,0,5.0077E+20,5.39215E+21,9.01045E+15,4.86824E+16
151671,8,1,11,0,2018,4,11,1,3,2,6,0,0,1,0,0,0,0,0,5.14747E+20,5.40746E+21,9.2009E+15,4.88199E+16
151672,8,3,36,50,2018,4,18,5,2,2,2,0,0,1,0,1,0,0,0,4.02142E+20,5.27755E+21,7.69709E+15,4.7644E+16
151673,8,4,36,49,2018,4,15,7,3,5,3,0,1,1,0,0,0,0,0,5.78268E+20,5.28308E+21,1.00431E+16,4.76964E+16
151674,8,3,11,0,2018,4,9,5,3,5,3,0,1,0,0,0,0,0,0,4.12131E+20,5.31433E+21,7.8226E+15,4.79763E+16
151675,8,4,26,13,2018,4,11,7,3,4,6,0,0,1,0,1,0,0,0,5.45414E+20,5.32311E+21,9.60951E+15,4.80596E+16
151676,8,4,21,0,2018,4,12,7,2,0,1,0,1,0,0,0,0,0,0,5.70311E+20,5.36026E+21,9.94977E+15,4.83916E+16
151677,8,3,11,0,2018,4,16,5,3,3,3,0,1,0,0,0,0,1,0,4.1358E+20,5.31734E+21,7.8414E+15,4.80035E+16
151678,8,4,21,0,2018,4,14,7,3,0,7,0,0,0,0,1,0,1,1,5.74547E+20,5.36425E+21,1.00077E+16,4.8427E+16
151679,8,3,11,0,2018,4,16,5,3,5,2,0,1,1,0,0,0,0,0,4.13147E+20,5.31562E+21,7.83595E+15,4.7988E+16
151680,8,4,17,25,2018,4,14,7,3,0,1,0,1,0,0,0,0,0,0,4.86907E+20,5.35583E+21,8.82326E+15,4.83556E+16
151681,8,4,15,91,2018,4,18,7,3,5,3,0,0,1,0,1,0,0,0,5.14909E+20,5.35515E+21,9.20122E+15,4.83493E+16
151682,8,2,12,0,2018,4,8,5,3,5,2,0,0,1,0,0,0,1,0,4.59371E+20,5.43136E+21,8.44414E+15,4.90338E+16
151683,8,3,37,96,2018,4,0,7,3,9,1,2,0,1,0,0,0,0,0,4.18241E+20,5.26949E+21,7.91289E+15,4.75737E+16
151684,8,2,12,0,2018,4,17,5,3,3,6,0,1,0,0,0,0,0,0,4.58691E+20,5.42887E+21,8.43509E+15,4.90114E+16
151685,8,3,36,91,2018,4,19,7,3,1,1,0,1,1,0,0,0,0,0,3.95805E+20,5.27186E+21,7.61409E+15,4.75918E+16
151686,8,2,36,40,2018,4,7,5,2,0,7,0,1,1,0,0,0,0,0,4.88258E+20,5.42176E+21,8.83962E+15,4.89487E+16
151687,8,2,36,40,2018,4,16,5,3,6,4,0,0,1,1,0,0,0,0,4.88545E+20,5.42212E+21,8.84354E+15,4.89519E+16
151688,8,3,36,105,2018,4,9,7,3,5,3,0,0,1,0,1,0,0,0,3.99973E+20,5.26717E+21,7.67058E+15,4.75502E+16
151689,8,3,36,50,2018,4,16,7,3,8,1,0,0,1,0,0,0,0,0,3.99123E+20,5.27508E+21,7.65746E+15,4.76212E+16
151690,8,2,36,40,2018,4,17,5,3,5,3,0,1,1,0,0,0,0,0,4.88758E+20,5.42221E+21,8.84644E+15,4.89527E+16
151691,8,2,26,41,2018,4,19,5,3,1,5,0,1,1,0,0,0,0,0,4.7736E+20,5.46672E+21,8.68825E+15,4.93528E+16
151692,8,3,35,75,2018,4,8,7,3,5,3,0,0,1,0,1,0,0,0,4.88779E+20,5.28972E+21,8.85026E+15,4.77607E+16
151693,8,3,35,63,2018,4,7,7,2,6,4,0,0,1,1,0,0,0,0,4.9492E+20,5.28882E+21,8.93222E+15,4.77527E+16
151694,8,3,27,50,2018,4,6,7,3,2,2,0,0,1,0,0,0,0,0,4.85276E+20,5.31928E+21,8.80251E+15,4.80266E+16
151695,8,3,26,74,2018,4,17,7,3,2,6,0,0,1,0,0,0,0,0,4.62101E+20,5.32481E+21,8.4912E+15,4.80754E+16
151696,8,3,17,96,2018,4,15,7,3,8,1,0,0,0,0,1,0,0,0,4.20333E+20,5.36839E+21,7.92232E+15,4.84636E+16
151697,8,2,26,98,2018,4,19,5,3,5,3,0,1,1,0,0,0,0,0,4.781E+20,5.45954E+21,8.69884E+15,4.92882E+16
151698,8,2,26,96,2018,4,16,5,3,5,3,0,0,1,0,0,0,0,0,4.7431E+20,5.48801E+21,8.64489E+15,4.95441E+16
151699,8,3,17,96,2018,4,16,7,3,6,2,0,0,1,1,0,0,0,0,4.21902E+20,5.36933E+21,7.94336E+15,4.84722E+16
151700,8,3,16,20,2018,4,12,7,3,0,5,0,1,1,0,0,0,0,0,4.08527E+20,5.3384E+21,7.76916E+15,4.81923E+16
151701,8,2,26,85,2018,4,10,5,3,5,5,0,0,1,0,0,0,0,0,4.91549E+20,5.45524E+21,8.88387E+15,4.92499E+16
151702,8,3,15,108,2018,4,19,7,2,4,2,0,1,1,0,0,0,0,0,4.04608E+20,5.3036E+21,7.72419E+15,4.78786E+16
151703,8,2,26,68,2018,4,14,5,3,2,6,0,0,1,0,1,0,0,0,4.6789E+20,5.46054E+21,8.55836E+15,4.92968E+16
151704,8,2,22,0,2018,4,16,5,2,0,7,0,0,1,0,0,0,0,0,4.60285E+20,5.48256E+21,8.45157E+15,4.94943E+16
151705,8,2,12,0,2018,4,16,7,3,5,2,0,0,1,0,0,0,0,0,4.53841E+20,5.4256E+21,8.36915E+15,4.89816E+16
151706,8,2,26,9,2018,4,13,5,3,1,7,0,1,1,0,0,0,0,0,4.65983E+20,5.4719E+21,8.53116E+15,4.93988E+16
151707,8,2,26,60,2018,4,18,7,3,0,3,0,1,1,0,0,0,0,0,4.77918E+20,5.46408E+21,8.69609E+15,4.9329E+16
151708,8,2,21,0,2018,4,9,5,3,1,5,0,1,1,0,0,0,0,0,4.77288E+20,5.47201E+21,8.68697E+15,4.94004E+16
151709,8,2,16,43,2018,4,15,5,3,2,6,0,0,1,0,1,0,0,0,4.40109E+20,5.41342E+21,8.18328E+15,4.88709E+16
151710,8,2,26,10,2018,4,13,7,3,0,3,0,1,0,0,0,0,0,0,4.84006E+20,5.45895E+21,8.78008E+15,4.92831E+16
151711,8,2,15,107,2018,4,8,5,3,0,7,0,1,0,0,0,0,0,0,4.62913E+20,5.45665E+21,8.49028E+15,4.92615E+16
151712,8,2,15,7,2018,4,18,5,3,2,2,0,0,1,0,0,0,0,0,4.78224E+20,5.43148E+21,8.70207E+15,4.90358E+16
151713,8,2,25,58,2018,4,1,7,3,9,1,2,0,0,0,1,0,0,0,5.08036E+20,5.46667E+21,9.11066E+15,4.93527E+16
151714,8,2,22,0,2018,4,6,7,3,5,3,0,1,1,0,0,0,0,0,4.6278E+20,5.48653E+21,8.48565E+15,4.95303E+16
151715,8,2,12,0,2018,4,7,5,3,5,2,0,1,1,0,0,0,0,0,4.54316E+20,5.42932E+21,8.37522E+15,4.90151E+16
151716,8,2,22,0,2018,4,1,7,3,5,2,2,1,1,0,0,0,0,0,4.61567E+20,5.48178E+21,8.46934E+15,4.94875E+16
151717,8,2,26,85,2018,4,10,7,3,5,2,0,1,1,0,0,0,0,0,4.90648E+20,5.45549E+21,8.8715E+15,4.92521E+16
151718,8,1,36,19,2018,4,15,5,3,4,2,0,0,0,0,1,1,0,0,5.81944E+20,5.42502E+21,1.01197E+16,4.89726E+16
151719,8,1,27,43,2018,4,16,5,3,5,3,0,0,1,0,0,0,0,0,5.66573E+20,5.44617E+21,9.9132E+15,4.91647E+16
151720,8,2,15,106,2018,4,15,7,3,4,2,0,1,1,0,0,0,0,0,4.66293E+20,5.45483E+21,8.53689E+15,4.92453E+16
151721,8,1,27,76,2018,4,13,5,3,2,6,0,0,1,0,0,0,0,0,5.53518E+20,5.44086E+21,9.73344E+15,4.91182E+16
151722,8,1,25,26,2018,4,18,5,2,5,3,0,0,1,0,0,0,0,0,4.93382E+20,5.4428E+21,8.90926E+15,4.9138E+16
151723,8,1,25,110,2018,4,18,5,2,0,7,0,0,1,0,0,0,0,0,5.288E+20,5.44283E+21,9.39484E+15,4.91377E+16
151724,8,2,15,17,2018,4,11,7,3,5,3,0,0,1,0,1,0,0,0,4.55135E+20,5.42233E+21,8.38719E+15,4.89523E+16
151725,8,1,25,65,2018,4,21,5,3,0,1,1,0,0,0,1,0,0,0,5.19121E+20,5.45115E+21,9.26255E+15,4.92128E+16
151726,8,1,19,20,2018,4,16,5,3,2,2,0,0,1,0,0,0,0,0,5.19819E+20,5.40912E+21,9.27007E+15,4.88348E+16
151727,8,3,17,56,2018,4,16,7,3,5,3,0,0,1,0,0,0,0,0,4.35802E+20,5.38143E+21,8.12954E+15,4.85827E+16
151728,8,1,36,28,2018,4,9,7,3,2,6,0,0,1,0,0,0,0,0,5.67989E+20,5.40531E+21,9.9258E+15,4.8797E+16
151729,8,1,18,1,2018,4,16,5,3,5,2,0,1,1,0,0,0,0,0,5.23888E+20,5.41811E+21,9.32605E+15,4.89154E+16
151730,8,1,36,28,2018,4,16,7,3,5,3,0,0,1,0,0,0,0,0,5.68164E+20,5.40493E+21,9.92812E+15,4.87937E+16
151731,8,1,36,43,2018,4,12,7,3,0,1,0,0,0,0,1,0,0,0,5.7118E+20,5.40814E+21,9.96972E+15,4.88222E+16
151732,8,1,18,60,2018,4,17,5,3,5,2,0,1,0,0,0,0,0,0,5.23209E+20,5.42981E+21,9.31745E+15,4.90207E+16
151733,8,1,18,46,2018,4,9,5,3,1,5,0,1,1,0,0,0,0,0,5.14205E+20,5.41167E+21,9.19367E+15,4.88578E+16
151734,8,1,36,88,2018,4,17,7,3,5,2,0,0,1,0,1,0,0,0,5.81109E+20,5.40977E+21,1.01053E+16,4.88356E+16
151735,8,1,16,49,2018,4,16,5,3,1,5,0,1,0,0,0,0,1,0,5.25551E+20,5.38577E+21,9.34673E+15,4.86245E+16
151736,8,1,35,16,2018,4,10,7,3,5,3,0,0,1,0,0,0,0,0,5.94146E+20,5.38678E+21,1.02777E+16,4.8627E+16
151737,8,1,21,0,2018,4,18,7,2,0,7,0,1,0,0,0,0,0,0,5.14814E+20,5.44513E+21,9.20318E+15,4.91588E+16
151738,8,1,16,58,2018,4,9,5,3,1,6,0,0,1,0,1,0,0,0,5.34521E+20,5.39526E+21,9.46924E+15,4.87094E+16
151739,8,1,25,30,2018,4,14,7,3,5,3,0,1,1,0,0,0,0,0,5.15624E+20,5.43879E+21,9.21404E+15,4.91017E+16
151740,8,1,16,19,2018,4,13,5,3,2,6,0,0,1,0,0,0,0,0,5.21861E+20,5.39817E+21,9.29732E+15,4.87361E+16
151741,8,1,21,0,2018,4,10,7,3,5,3,0,0,1,0,0,0,0,0,5.16437E+20,5.44504E+21,9.22544E+15,4.9158E+16
151742,8,1,19,20,2018,4,14,7,3,2,6,0,0,1,0,0,0,0,0,5.20215E+20,5.40687E+21,9.27536E+15,4.88145E+16
151743,8,1,16,80,2018,4,12,5,1,1,6,0,0,1,0,0,1,0,0,5.21923E+20,5.39606E+21,9.29805E+15,4.87172E+16
151744,8,1,18,50,2018,4,12,7,3,6,6,0,0,1,1,0,0,0,0,5.06113E+20,5.41692E+21,9.08341E+15,4.89052E+16
151745,8,1,11,0,2018,4,8,5,3,0,3,0,0,1,0,1,0,0,0,5.14498E+20,5.40367E+21,9.19737E+15,4.87859E+16
151746,8,1,11,0,2018,4,17,5,2,5,3,0,1,1,0,0,0,0,0,5.16119E+20,5.40763E+21,9.21959E+15,4.88214E+16
151747,8,1,18,48,2018,4,18,7,3,5,3,0,1,1,0,0,0,0,0,5.13852E+20,5.41614E+21,9.189E+15,4.8898E+16
151748,8,1,11,0,2018,4,17,5,3,5,2,0,0,1,0,1,0,0,0,5.17497E+20,5.40427E+21,9.23822E+15,4.87912E+16
151749,8,1,18,11,2018,4,14,7,3,4,7,0,0,1,0,1,0,0,0,5.04434E+20,5.40744E+21,9.06041E+15,4.882E+16
151750,8,1,16,19,2018,4,8,7,3,5,3,0,0,1,0,0,0,0,0,5.23811E+20,5.39795E+21,9.32382E+15,4.87342E+16
151751,8,1,11,0,2018,4,18,5,3,6,4,0,0,0,1,0,0,1,0,5.14361E+20,5.40406E+21,9.19552E+15,4.87894E+16
151752,8,1,16,71,2018,4,13,7,3,1,5,0,1,1,0,0,0,0,0,5.27901E+20,5.39111E+21,9.37899E+15,4.86724E+16
151753,8,1,11,0,2018,4,19,5,3,5,3,0,1,1,0,0,0,0,0,5.12512E+20,5.40646E+21,9.17042E+15,4.8811E+16
151754,8,1,15,1,2018,4,18,7,3,0,7,0,1,0,0,0,0,0,0,4.91659E+20,5.39164E+21,8.88669E+15,4.86778E+16
151755,8,1,11,0,2018,4,16,5,3,5,2,0,0,1,0,1,0,0,0,5.13317E+20,5.40899E+21,9.18147E+15,4.88338E+16
151756,8,4,35,16,2018,4,0,4,3,8,1,2,0,1,0,0,0,0,0,5.35068E+20,5.27808E+21,9.467E+15,4.76552E+16
151757,8,1,15,45,2018,4,15,7,3,5,3,0,0,1,0,0,0,0,0,4.99878E+20,5.3962E+21,8.99834E+15,4.87188E+16
151758,8,1,15,13,2018,4,12,7,3,5,2,0,1,1,0,0,0,0,0,4.95022E+20,5.38912E+21,8.93241E+15,4.86552E+16
151759,8,4,36,64,2018,4,16,4,3,2,2,0,0,1,0,0,0,0,0,5.45519E+20,5.29104E+21,9.60752E+15,4.77711E+16
151760,8,4,36,10,2018,4,17,4,3,5,3,0,1,1,0,0,0,0,0,5.67279E+20,5.30657E+21,9.90034E+15,4.79089E+16
151761,8,1,11,0,2018,4,22,7,3,6,4,2,0,1,1,0,0,0,0,5.12668E+20,5.40329E+21,9.17245E+15,4.87824E+16
151762,8,4,35,34,2018,4,8,4,3,0,1,0,1,0,0,0,0,0,0,5.29019E+20,5.28497E+21,9.38691E+15,4.77175E+16
151763,8,1,11,0,2018,4,11,7,3,5,3,0,0,1,0,0,0,1,0,5.13004E+20,5.40854E+21,9.17719E+15,4.88297E+16
151764,8,1,11,0,2018,4,23,7,3,5,3,2,0,1,0,1,0,0,0,5.16516E+20,5.40558E+21,9.22492E+15,4.8803E+16
151765,8,4,21,0,2018,4,15,4,3,5,3,0,0,1,0,1,0,0,0,5.72873E+20,5.36145E+21,9.98459E+15,4.84019E+16
151766,8,4,26,108,2018,4,14,4,3,2,6,0,0,0,0,0,0,1,0,5.71666E+20,5.33787E+21,9.96427E+15,4.819E+16
151767,8,1,11,0,2018,4,16,7,2,0,1,0,1,0,0,0,0,0,0,5.07538E+20,5.39908E+21,9.10253E+15,4.87447E+16
151768,8,4,21,0,2018,4,15,4,3,4,2,0,1,1,0,0,0,0,0,5.73563E+20,5.36189E+21,9.99399E+15,4.84058E+16
151769,8,4,21,0,2018,4,7,4,3,6,4,0,0,0,1,0,0,1,0,5.72832E+20,5.36118E+21,9.98399E+15,4.83996E+16
151770,8,4,37,104,2018,4,15,6,3,2,2,0,0,1,0,0,0,0,0,5.15964E+20,5.32634E+21,9.21438E+15,4.80901E+16
151771,8,4,36,81,2018,4,7,6,3,0,1,0,1,0,0,0,0,0,0,5.62051E+20,5.28187E+21,9.82685E+15,4.76872E+16
151772,8,4,17,2,2018,4,7,4,3,2,6,0,0,1,0,0,0,0,0,4.89878E+20,5.34354E+21,8.86366E+15,4.8245E+16
151773,8,4,36,64,2018,4,14,6,3,5,3,0,1,1,0,0,0,0,0,5.46394E+20,5.29335E+21,9.61945E+15,4.77919E+16
151774,8,4,26,45,2018,4,19,6,3,5,3,0,0,1,0,0,0,0,0,5.3453E+20,5.32747E+21,9.46379E+15,4.80995E+16