OBJECTID_1,ULAND,UREGBEZ,UKREIS,UGEMEINDE,UJAHR,UMONAT,USTUNDE,UWOCHENTAG,UKATEGORIE,UART,UTYP1,ULICHTVERH,IstRad,IstPKW,IstFuss,IstKrad,IstGkfz,IstSonstig,STRZUSTAND,LINREFX,LINREFY,XGCSWGS84,YGCSWGS84
151775,8,4,16,41,2018,4,15,4,3,0,7,0,0,0,0,0,0,1,0,5.04285E+20,5.37394E+21,9.05803E+15,4.85186E+16
151776,8,4,26,70,2018,4,7,6,2,5,2,0,0,1,0,1,0,0,0,5.65497E+20,5.34278E+21,9.88204E+15,4.82348E+16
151777,8,4,25,137,2018,4,12,6,3,5,3,0,0,1,0,1,0,0,0,5.75634E+20,5.35251E+21,1.00203E+16,4.83213E+16
151778,8,4,15,59,2018,4,11,4,3,0,1,0,1,0,0,0,0,0,0,5.17079E+20,5.36675E+21,9.23099E+15,4.84537E+16
151779,8,4,15,50,2018,4,17,4,3,0,7,0,1,0,0,0,0,1,0,5.22549E+20,5.37524E+21,9.30543E+15,4.85298E+16
151780,8,4,21,0,2018,4,13,6,3,7,7,0,0,0,0,0,0,1,0,5.71534E+20,5.35984E+21,9.96623E+15,4.83877E+16
151781,8,3,27,46,2018,4,11,4,3,1,6,0,0,1,0,0,0,0,0,4.80327E+20,5.32435E+21,8.73591E+15,4.80721E+16
151782,8,3,26,5,2018,4,8,4,3,6,4,0,0,1,1,0,0,0,0,4.65439E+20,5.29845E+21,8.53813E+15,4.78385E+16
151783,8,4,16,25,2018,4,14,6,3,6,3,0,0,1,1,0,0,0,0,5.03233E+20,5.36159E+21,9.04369E+15,4.84075E+16
151784,8,4,16,41,2018,4,19,6,3,1,5,0,1,1,0,0,0,0,0,5.04168E+20,5.37388E+21,9.05644E+15,4.8518E+16
151785,8,3,17,145,2018,4,15,4,2,4,6,0,1,0,0,0,0,0,0,4.43656E+20,5.34966E+21,8.24029E+15,4.82976E+16
151786,8,4,15,61,2018,4,8,6,3,5,2,0,1,1,0,0,0,0,0,5.16543E+20,5.37204E+21,9.22394E+15,4.85012E+16
151787,8,3,37,22,2018,4,14,6,3,3,2,0,1,0,0,0,0,0,0,4.50203E+20,5.29618E+21,8.33478E+15,4.7817E+16
151788,8,3,17,152,2018,4,11,4,3,5,2,0,0,1,0,1,0,0,0,4.08198E+20,5.34837E+21,7.76256E+15,4.82819E+16
151789,8,3,17,65,2018,4,7,4,3,5,3,0,1,0,0,0,0,1,0,4.12895E+20,5.3559E+21,7.82432E+15,4.83503E+16
151790,8,3,37,62,2018,4,15,6,3,5,3,0,1,1,0,0,0,0,0,4.56884E+20,5.2781E+21,8.42582E+15,4.76548E+16
151791,8,3,17,1,2018,4,17,4,3,8,1,0,1,0,0,0,0,0,0,4.30953E+20,5.3866E+21,8.06293E+15,4.86287E+16
151792,8,3,16,11,2018,4,18,4,3,0,1,0,1,0,0,0,0,0,0,4.13492E+20,5.33079E+21,7.83749E+15,4.81244E+16
151793,8,3,36,81,2018,4,13,6,3,0,1,0,1,0,0,0,0,0,0,4.11899E+20,5.27839E+21,7.82679E+15,4.76529E+16
151794,8,3,16,11,2018,4,15,4,3,5,3,0,0,1,0,0,0,0,0,4.138E+20,5.33066E+21,7.84167E+15,4.81233E+16
151795,8,3,15,31,2018,4,19,4,3,4,1,0,1,1,0,0,0,0,0,4.45451E+20,5.31235E+21,8.26927E+15,4.79621E+16
151796,8,3,35,75,2018,4,13,6,3,0,7,0,0,0,0,0,0,1,0,4.8774E+20,5.28933E+21,8.83641E+15,4.77573E+16
151797,8,3,27,56,2018,4,19,6,3,0,1,1,0,0,0,1,0,0,0,4.83675E+20,5.32095E+21,8.78097E+15,4.80416E+16
151798,8,3,36,50,2018,4,17,4,3,1,5,0,1,1,0,0,0,0,0,3.98985E+20,5.27417E+21,7.65584E+15,4.76131E+16
151799,8,3,26,3,2018,4,12,6,3,6,4,0,0,1,1,0,0,0,0,4.64992E+20,5.31854E+21,8.53052E+15,4.80192E+16
151800,8,3,36,91,2018,4,10,4,3,5,3,0,0,1,0,0,0,0,0,3.96126E+20,5.27228E+21,7.61826E+15,4.75956E+16
151801,8,3,11,0,2018,4,15,4,3,0,1,0,1,0,0,0,0,0,0,4.15184E+20,5.31205E+21,7.86394E+15,4.79561E+16
151802,8,3,15,47,2018,4,6,4,2,5,3,0,1,0,0,0,1,0,0,4.15348E+20,5.32104E+21,7.86436E+15,4.80371E+16
151803,8,3,26,74,2018,4,6,6,3,5,3,0,0,1,0,0,0,0,0,4.65586E+20,5.32286E+21,8.53814E+15,4.80581E+16
151804,8,3,11,0,2018,4,8,4,3,3,2,0,1,0,0,0,0,0,0,4.13209E+20,5.31521E+21,7.83685E+15,4.79843E+16
151805,8,3,26,74,2018,4,7,6,3,2,2,1,0,1,0,0,0,0,0,4.64513E+20,5.32353E+21,8.52368E+15,4.8064E+16
151806,8,3,17,96,2018,4,21,6,3,6,2,2,0,1,1,0,0,0,0,4.2215E+20,5.37043E+21,7.94652E+15,4.84822E+16
151807,8,3,11,0,2018,4,7,4,3,5,3,0,1,0,0,0,1,0,0,4.14414E+20,5.3193E+21,7.85218E+15,4.80213E+16
151808,8,3,17,110,2018,4,13,6,3,2,6,0,0,1,0,0,0,0,0,4.26538E+20,5.3817E+21,8.00389E+15,4.85841E+16
151809,8,3,16,17,2018,4,13,6,3,5,2,0,1,0,0,0,0,1,0,4.08672E+20,5.34179E+21,7.77038E+15,4.82227E+16
151810,8,2,12,0,2018,4,8,4,3,1,5,0,0,1,0,0,0,0,0,4.55033E+20,5.42949E+21,8.385E+15,4.90167E+16
151811,8,3,15,115,2018,4,14,6,3,1,5,0,0,1,0,1,0,0,0,4.08085E+20,5.32174E+21,7.7668E+15,4.80424E+16
151812,8,2,15,108,2018,4,13,4,2,4,7,0,1,0,0,0,1,0,0,4.48966E+20,5.42404E+21,8.30273E+15,4.89671E+16
151813,8,3,15,15,2018,4,18,6,3,6,4,0,0,1,1,0,0,0,0,3.94535E+20,5.32144E+21,7.58513E+15,4.80376E+16
151814,8,2,37,54,2018,4,18,4,3,5,3,0,0,1,0,0,0,0,0,4.68676E+20,5.37547E+21,8.57571E+15,4.85316E+16
151815,8,2,35,80,2018,4,11,4,3,6,6,0,0,0,1,0,0,1,0,4.81463E+20,5.38574E+21,8.74845E+15,4.86245E+16
151816,8,3,11,0,2018,4,17,6,3,1,1,0,1,1,0,0,0,0,0,4.14999E+20,5.31743E+21,7.86041E+15,4.80045E+16
151817,8,3,36,50,2018,4,11,6,3,5,3,0,1,1,0,0,0,0,0,3.9895E+20,5.27462E+21,7.65528E+15,4.76171E+16
151818,8,2,22,0,2018,4,18,4,3,5,3,0,1,1,0,0,0,0,0,4.62038E+20,5.48195E+21,8.47584E+15,4.9489E+16
151819,8,3,11,0,2018,4,7,6,3,0,2,0,1,1,0,0,0,0,0,4.12639E+20,5.31783E+21,7.82868E+15,4.80078E+16
151820,8,3,11,0,2018,4,15,6,3,1,3,0,1,1,0,0,0,0,0,4.13454E+20,5.31479E+21,7.84023E+15,4.79805E+16
151821,8,2,21,0,2018,4,10,4,3,1,5,0,1,1,0,0,0,0,0,4.77269E+20,5.47246E+21,8.68667E+15,4.94044E+16
151822,8,2,26,18,2018,4,19,4,3,0,6,0,1,0,0,0,0,1,0,4.73383E+20,5.4721E+21,8.63314E+15,4.9401E+16
151823,8,3,11,0,2018,4,13,6,3,0,7,0,1,0,0,0,0,0,0,4.14192E+20,5.31789E+21,7.84949E+15,4.80085E+16
151824,8,2,16,39,2018,4,11,4,3,5,3,0,0,1,0,0,0,1,0,4.43983E+20,5.41556E+21,8.2358E+15,4.88904E+16
151825,8,2,15,84,2018,4,19,4,3,2,2,1,0,1,0,0,0,0,0,4.72288E+20,5.44625E+21,8.61983E+15,4.91685E+16
151826,8,3,11,0,2018,4,5,6,3,5,3,1,0,1,0,0,0,1,0,4.11751E+20,5.32112E+21,7.81611E+15,4.80372E+16
151827,8,2,15,109,2018,4,22,4,3,0,3,2,1,1,0,0,0,0,0,4.60708E+20,5.433E+21,8.46228E+15,4.90486E+16
151828,8,1,18,40,2018,4,8,4,3,0,1,0,1,1,0,0,0,0,0,5.10923E+20,5.43199E+21,9.14946E+15,4.90407E+16
151829,8,2,12,0,2018,4,8,6,2,2,2,0,0,1,0,0,0,0,0,4.58391E+20,5.43146E+21,8.43073E+15,4.90346E+16
151830,8,1,36,44,2018,4,12,4,3,0,1,0,1,0,0,0,0,0,0,5.5837E+20,5.40809E+21,9.79523E+15,4.8823E+16
151831,8,1,36,21,2018,4,18,4,2,5,7,0,1,1,0,0,0,0,0,5.7739E+20,5.40777E+21,1.00542E+16,4.88181E+16
151832,8,2,31,0,2018,4,15,6,3,4,2,0,0,1,0,1,0,0,0,4.78492E+20,5.41502E+21,8.7066E+15,4.88878E+16
151833,8,2,26,95,2018,4,15,6,3,4,2,0,1,1,0,0,0,0,0,4.73825E+20,5.46229E+21,8.63988E+15,4.93128E+16
151834,8,1,36,2,2018,4,16,4,2,6,7,0,0,1,1,0,0,0,0,5.72702E+20,5.41566E+21,9.99179E+15,4.88897E+16
151835,8,2,26,13,2018,4,15,6,3,0,6,0,1,0,0,0,1,0,0,4.98682E+20,5.47984E+21,8.98181E+15,4.94712E+16
151836,8,2,25,9,2018,4,20,6,3,9,1,0,0,1,0,0,0,0,0,5.17703E+20,5.46371E+21,9.24363E+15,4.93258E+16
151837,8,1,28,7,2018,4,8,4,3,0,1,0,0,0,0,1,0,0,0,5.54818E+20,5.4826E+21,9.75698E+15,4.94936E+16
151838,8,1,28,7,2018,4,14,4,2,6,4,0,0,1,1,0,0,0,0,5.55738E+20,5.48293E+21,9.76974E+15,4.94964E+16
151839,8,2,22,0,2018,4,19,6,3,5,3,0,1,1,0,0,0,0,0,4.63676E+20,5.47801E+21,8.49881E+15,4.94537E+16
151840,8,1,28,7,2018,4,14,4,3,8,1,0,1,0,0,0,0,0,0,5.56173E+20,5.4823E+21,9.77564E+15,4.94908E+16
151841,8,1,25,102,2018,4,16,4,3,8,1,0,1,0,0,0,0,0,0,5.19651E+20,5.44478E+21,9.2695E+15,4.91556E+16
151842,8,2,22,0,2018,4,13,6,3,3,6,0,1,1,0,0,0,0,0,4.61669E+20,5.48171E+21,8.47077E+15,4.94868E+16
151843,8,2,22,0,2018,4,16,6,2,5,3,0,1,0,0,0,0,0,0,4.61384E+20,5.48006E+21,8.46698E+15,4.9472E+16
151844,8,1,21,0,2018,4,7,4,3,4,2,0,0,1,0,1,0,0,0,5.13193E+20,5.4436E+21,9.1809E+15,4.91451E+16
151845,8,1,25,26,2018,4,12,4,3,5,3,0,1,1,0,0,0,0,0,4.93596E+20,5.44245E+21,8.91221E+15,4.91348E+16
151846,8,2,21,0,2018,4,12,6,3,4,6,0,0,1,0,0,0,0,0,4.77704E+20,5.47087E+21,8.69277E+15,4.93901E+16
151847,8,2,16,7,2018,4,13,6,3,5,3,0,0,1,0,1,0,0,0,4.35992E+20,5.39581E+21,8.12988E+15,4.87121E+16
151848,8,1,19,90,2018,4,20,4,2,3,6,1,1,0,0,0,0,0,0,5.30454E+20,5.40669E+21,9.41481E+15,4.88125E+16
151849,8,2,16,43,2018,4,11,6,3,5,3,0,0,1,0,1,0,0,0,4.42E+20,5.41315E+21,8.20911E+15,4.88686E+16
151850,8,2,15,99,2018,4,12,6,3,2,2,0,0,1,0,0,0,0,0,4.61983E+20,5.44474E+21,8.47862E+15,4.91543E+16
151851,8,1,18,48,2018,4,9,4,3,0,7,0,1,0,0,0,0,0,0,5.11055E+20,5.41541E+21,9.15081E+15,4.88915E+16
151852,8,1,18,7,2018,4,6,4,3,5,3,0,0,1,0,1,0,0,0,5.15375E+20,5.4289E+21,9.21026E+15,4.90128E+16
151853,8,2,15,106,2018,4,7,6,3,0,7,0,0,0,0,1,0,0,0,4.64287E+20,5.45393E+21,8.50939E+15,4.92371E+16
151854,8,1,17,26,2018,4,23,4,3,5,3,2,1,1,0,0,0,0,0,5.50439E+20,5.39318E+21,9.68535E+15,4.86897E+16
151855,8,1,17,26,2018,4,13,4,3,1,6,0,0,1,0,0,0,0,0,5.4811E+20,5.39331E+21,9.65373E+15,4.8691E+16
151856,8,2,12,0,2018,4,7,6,3,5,7,0,1,1,0,0,0,0,0,4.59633E+20,5.43197E+21,8.44767E+15,4.90393E+16
151857,8,2,12,0,2018,4,7,6,3,6,4,0,0,0,1,1,0,0,0,4.58407E+20,5.43148E+21,8.43095E+15,4.90348E+16
151858,8,1,17,25,2018,4,20,4,3,0,3,1,0,1,0,1,0,0,0,5.57613E+20,5.3898E+21,9.78235E+15,4.86586E+16
151859,8,2,12,0,2018,4,6,6,3,5,2,0,0,1,0,0,0,1,0,4.55869E+20,5.42701E+21,8.39671E+15,4.89944E+16
151860,8,1,17,42,2018,4,8,4,3,5,2,0,0,1,0,0,0,0,0,5.54242E+20,5.39328E+21,9.73703E+15,4.86902E+16
151861,8,2,12,0,2018,4,18,6,3,5,3,0,0,1,0,1,0,0,0,4.55704E+20,5.42704E+21,8.39445E+15,4.89947E+16
151862,8,1,16,33,2018,4,8,4,3,3,2,0,1,1,0,0,0,0,0,5.332E+20,5.38775E+21,9.45069E+15,4.8642E+16
151863,8,2,15,9,2018,4,19,6,3,1,5,0,1,1,0,0,0,0,0,4.67594E+20,5.43738E+21,8.55616E+15,4.90884E+16
151864,8,1,16,33,2018,4,14,4,3,5,3,0,0,1,0,1,0,0,0,5.32938E+20,5.38839E+21,9.44718E+15,4.86477E+16
151865,8,1,16,77,2018,4,7,4,3,6,4,0,0,1,1,0,0,0,0,5.16094E+20,5.39196E+21,9.21864E+15,4.86804E+16
151866,8,1,36,19,2018,4,17,6,3,5,3,0,1,1,0,0,0,0,0,5.88886E+20,5.42174E+21,1.02139E+16,4.89422E+16
151867,8,1,16,19,2018,4,7,4,3,5,3,0,0,1,0,0,0,0,0,5.2452E+20,5.39767E+21,9.33345E+15,4.87315E+16
151868,8,1,36,88,2018,4,10,6,3,5,3,0,0,1,0,0,1,0,0,5.81202E+20,5.40901E+21,1.01064E+16,4.88287E+16
151869,8,1,36,88,2018,4,15,6,2,5,3,0,0,1,0,1,0,0,0,5.80467E+20,5.40902E+21,1.00964E+16,4.8829E+16
151870,8,1,15,50,2018,4,13,4,3,3,6,0,1,0,0,0,0,0,0,4.89436E+20,5.40171E+21,8.85623E+15,4.87683E+16
151871,8,1,35,19,2018,4,19,6,2,0,7,0,1,0,0,0,0,0,0,5.82979E+20,5.39263E+21,1.01273E+16,4.86812E+16
151872,8,1,15,41,2018,4,18,4,3,6,4,0,0,1,1,0,0,0,0,4.95192E+20,5.40223E+21,8.93456E+15,4.8773E+16
151873,8,1,27,14,2018,4,17,6,3,4,6,0,0,1,0,1,0,0,0,5.80833E+20,5.44108E+21,1.01078E+16,4.91172E+16
151874,8,1,15,3,2018,4,9,4,3,0,7,0,1,0,0,0,0,0,0,4.99781E+20,5.39222E+21,8.99702E+15,4.8683E+16
151875,8,1,11,0,2018,4,13,4,3,5,3,0,0,1,0,0,0,0,0,5.13535E+20,5.40434E+21,9.18428E+15,4.87919E+16
151876,8,1,26,11,2018,4,17,6,3,8,7,0,0,1,0,0,0,0,0,5.31063E+20,5.44731E+21,9.42621E+15,4.91778E+16
151877,8,1,25,6,2018,4,0,6,2,9,7,2,0,0,0,1,0,0,0,5.07072E+20,5.45441E+21,9.09716E+15,4.92424E+16
151878,8,1,11,0,2018,4,12,4,3,5,3,0,1,1,0,0,0,0,0,5.15943E+20,5.40607E+21,9.21714E+15,4.88074E+16
151879,8,1,11,0,2018,4,8,4,2,5,2,0,0,1,0,1,0,0,0,5.11802E+20,5.40089E+21,9.16059E+15,4.8761E+16
151880,8,1,26,46,2018,4,17,6,2,8,7,0,0,0,0,1,0,0,0,5.48739E+20,5.45803E+21,9.67003E+15,4.92731E+16
151881,8,1,11,0,2018,4,7,4,3,0,3,0,1,1,0,0,0,0,0,5.11036E+20,5.40649E+21,9.15032E+15,4.88113E+16
151882,8,1,25,56,2018,4,7,6,3,2,6,0,0,1,0,0,0,0,0,5.10944E+20,5.43609E+21,9.14986E+15,4.90775E+16
151883,8,1,11,0,2018,4,18,4,2,5,3,0,1,1,0,0,0,0,0,5.14674E+20,5.41002E+21,9.19999E+15,4.8843E+16
151884,8,1,25,74,2018,4,11,6,3,5,3,0,0,1,0,0,0,0,0,5.09747E+20,5.44003E+21,9.13356E+15,4.9113E+16
151885,8,1,11,0,2018,4,19,4,3,5,3,0,1,1,0,0,0,0,0,5.07901E+20,5.40672E+21,9.10762E+15,4.88134E+16
151886,8,1,11,0,2018,4,21,4,3,0,7,2,1,0,0,0,0,0,0,5.1335E+20,5.40269E+21,9.18171E+15,4.8777E+16
151887,8,1,21,0,2018,4,22,6,3,0,7,2,1,0,0,0,0,0,0,5.15577E+20,5.44304E+21,9.21357E+15,4.914E+16
151888,8,4,21,0,2018,4,12,3,3,5,3,0,1,0,0,0,1,0,0,5.71539E+20,5.36126E+21,9.96653E+15,4.84005E+16
151889,8,4,17,2,2018,4,18,3,3,5,3,0,0,1,0,0,0,0,0,4.89549E+20,5.34644E+21,8.85916E+15,4.82711E+16
151890,8,1,19,76,2018,4,16,6,2,5,3,0,1,1,0,0,0,0,0,5.42384E+20,5.40726E+21,9.57736E+15,4.88169E+16
151891,8,1,19,20,2018,4,20,6,3,0,1,0,1,0,0,0,0,0,0,5.2035E+20,5.40608E+21,9.27716E+15,4.88074E+16
151892,8,4,16,48,2018,4,15,3,3,0,7,0,0,0,0,0,0,1,0,4.92776E+20,5.37818E+21,8.9021E+15,4.85566E+16
151893,8,1,19,20,2018,4,13,6,2,6,4,0,0,1,1,0,0,0,0,5.20776E+20,5.4072E+21,9.28301E+15,4.88175E+16
151894,8,1,18,70,2018,4,17,6,3,6,4,0,0,1,1,0,0,0,0,5.20209E+20,5.42415E+21,9.27614E+15,4.89699E+16
151895,8,4,15,61,2018,4,18,3,3,5,2,0,1,1,0,0,0,0,0,5.15317E+20,5.3714E+21,9.20733E+15,4.84955E+16
151896,8,4,15,50,2018,4,18,3,3,5,3,0,0,1,0,1,0,0,0,5.21179E+20,5.37672E+21,9.28695E+15,4.85432E+16
151897,8,1,18,48,2018,4,7,6,3,5,2,1,1,1,0,0,0,0,0,5.15958E+20,5.41605E+21,9.21773E+15,4.88972E+16
151898,8,4,15,61,2018,4,6,3,3,0,4,1,1,0,1,0,0,0,0,5.16923E+20,5.37245E+21,9.22911E+15,4.8505E+16
151899,8,4,15,59,2018,4,17,3,3,1,6,0,0,1,0,0,0,0,0,5.1685E+20,5.36798E+21,9.22794E+15,4.84647E+16
151900,8,1,16,49,2018,4,16,6,3,6,4,0,0,1,1,0,0,0,0,5.25319E+20,5.38579E+21,9.34358E+15,4.86246E+16
151901,8,3,35,43,2018,4,9,3,3,6,7,0,0,1,0,0,0,1,0,5.13541E+20,5.27942E+21,9.18037E+15,4.76681E+16
151902,8,3,26,74,2018,4,5,3,3,5,3,0,0,1,0,0,0,0,0,4.6031E+20,5.32242E+21,8.46738E+15,4.80539E+16
151903,8,1,15,21,2018,4,9,6,3,1,7,0,0,1,0,0,0,1,0,4.92246E+20,5.38041E+21,8.89488E+15,4.85767E+16
151904,8,1,15,4,2018,4,20,6,3,0,7,0,0,0,0,1,0,0,0,4.8737E+20,5.37422E+21,8.82896E+15,4.8521E+16
151905,8,3,26,74,2018,4,16,3,3,3,6,0,1,1,0,0,0,0,0,4.63543E+20,5.3264E+21,8.51042E+15,4.80898E+16
151906,8,1,15,13,2018,4,10,6,3,5,3,0,0,1,0,0,0,0,0,4.95551E+20,5.39014E+21,8.93958E+15,4.86643E+16
151907,8,1,15,3,2018,4,14,6,3,3,2,0,0,1,0,0,0,0,0,4.97907E+20,5.3915E+21,8.97157E+15,4.86766E+16
151908,8,3,16,11,2018,4,15,3,3,0,2,0,1,1,0,0,0,0,0,4.14771E+20,5.32908E+21,7.85502E+15,4.81093E+16
151909,8,3,15,113,2018,4,8,3,2,5,3,0,1,1,0,0,0,0,0,4.39945E+20,5.30809E+21,8.19611E+15,4.79233E+16
151910,8,1,15,44,2018,4,16,6,2,6,4,0,0,1,1,0,0,0,0,5.0418E+20,5.3902E+21,9.05677E+15,4.86648E+16
151911,8,3,36,69,2018,4,12,3,2,6,7,0,0,1,1,0,0,0,0,4.08583E+20,5.26788E+21,7.78484E+15,4.75579E+16
151912,8,1,11,0,2018,4,11,6,3,1,5,0,0,1,0,1,0,0,0,5.14247E+20,5.40394E+21,9.19397E+15,4.87883E+16
151913,8,1,11,0,2018,4,17,6,3,0,1,0,1,0,0,0,0,0,0,5.10276E+20,5.40242E+21,9.13986E+15,4.87747E+16
151914,8,3,36,50,2018,4,19,3,3,5,3,0,1,1,0,0,0,0,0,3.99237E+20,5.27328E+21,7.65939E+15,4.76051E+16
151915,8,3,11,0,2018,4,12,3,3,0,4,0,0,0,1,0,0,1,0,4.14192E+20,5.31636E+21,7.8498E+15,4.79948E+16
151916,8,4,36,81,2018,4,10,5,3,3,2,0,1,0,0,1,0,0,0,5.62391E+20,5.2809E+21,9.83124E+15,4.76785E+16
151917,8,4,36,64,2018,4,18,5,3,4,2,0,0,1,0,1,0,0,0,5.46348E+20,5.29287E+21,9.61878E+15,4.77875E+16
151918,8,3,11,0,2018,4,8,3,2,5,2,0,1,0,0,0,0,1,0,4.10231E+20,5.31662E+21,7.79666E+15,4.79966E+16
151919,8,4,35,16,2018,4,22,5,3,5,3,2,1,0,0,1,0,0,0,5.34012E+20,5.27834E+21,9.45297E+15,4.76576E+16
151920,8,3,11,0,2018,4,8,3,3,5,2,0,1,0,0,0,0,1,0,4.14037E+20,5.31493E+21,7.84801E+15,4.79819E+16
151921,8,2,22,0,2018,4,16,3,2,3,2,0,1,1,0,0,0,0,0,4.6145E+20,5.48184E+21,8.46772E+15,4.9488E+16
151922,8,2,22,0,2018,4,14,3,2,5,7,0,0,1,0,1,0,0,0,4.62502E+20,5.47987E+21,8.48244E+15,4.94703E+16
151923,8,2,26,103,2018,4,6,3,3,0,7,0,0,0,1,0,0,1,0,4.7334E+20,5.45639E+21,8.63359E+15,4.92597E+16
151924,8,3,35,63,2018,4,16,5,3,2,7,0,1,1,0,0,0,0,0,4.97117E+20,5.288E+21,8.96154E+15,4.77454E+16
151925,8,3,35,22,2018,4,11,5,2,0,1,0,1,0,0,0,0,0,0,4.81743E+20,5.29666E+21,8.75608E+15,4.7823E+16
151926,8,2,26,32,2018,4,14,3,3,5,3,0,0,1,0,0,0,1,0,4.66009E+20,5.46452E+21,8.53216E+15,4.93325E+16
151927,8,2,15,107,2018,4,8,3,3,5,3,0,0,1,0,0,1,0,0,4.63003E+20,5.45575E+21,8.4916E+15,4.92534E+16
151928,8,3,26,60,2018,4,7,5,3,6,7,0,0,1,1,0,0,0,0,4.42832E+20,5.33091E+21,8.23171E+15,4.81289E+16
151929,8,2,15,9,2018,4,17,3,3,0,1,0,1,0,0,0,0,0,0,4.70161E+20,5.44139E+21,8.59103E+15,4.91246E+16
151930,8,2,12,0,2018,4,16,3,3,5,3,0,1,1,0,0,0,0,0,4.54639E+20,5.4323E+21,8.3793E+15,4.90419E+16
151931,8,2,37,28,2018,4,12,5,2,0,6,0,0,1,0,1,0,0,0,4.60521E+20,5.36834E+21,8.46592E+15,4.84669E+16
151932,8,3,17,65,2018,4,11,5,3,5,3,0,1,1,0,0,0,0,0,4.16345E+20,5.35463E+21,7.87112E+15,4.83393E+16
151933,8,2,15,96,2018,4,8,3,3,6,4,0,0,1,1,0,0,0,0,4.61169E+20,5.41619E+21,8.4702E+15,4.88974E+16
151934,8,3,17,57,2018,4,20,5,3,5,3,1,0,1,0,0,0,0,0,4.13859E+20,5.37994E+21,7.83237E+15,4.85666E+16
151935,8,2,12,0,2018,4,20,3,2,0,7,1,0,0,0,1,0,0,0,4.52084E+20,5.42722E+21,8.34495E+15,4.8996E+16
151936,8,3,17,1,2018,4,12,5,3,5,3,0,1,1,0,0,0,0,0,4.32017E+20,5.38685E+21,8.07733E+15,4.8631E+16
151937,8,3,17,96,2018,4,7,5,2,5,3,0,1,0,0,0,0,1,0,4.22028E+20,5.36913E+21,7.9451E+15,4.84705E+16
151938,8,3,16,56,2018,4,14,5,3,5,3,0,1,1,0,0,0,0,0,4.23487E+20,5.32823E+21,7.97224E+15,4.81028E+16
151939,8,3,16,24,2018,4,1,5,3,9,1,2,0,1,0,0,0,0,1,4.08686E+20,5.33396E+21,7.77225E+15,4.81523E+16
151940,8,3,16,11,2018,4,17,5,3,2,6,0,0,1,0,0,0,0,0,4.12292E+20,5.33127E+21,7.82128E+15,4.81286E+16
151941,8,3,16,24,2018,4,12,5,3,4,2,0,0,1,0,0,0,0,0,4.09209E+20,5.33433E+21,7.7792E+15,4.81557E+16
151942,8,2,12,0,2018,4,7,3,3,0,7,0,1,0,0,0,0,0,0,4.55751E+20,5.42874E+21,8.39491E+15,4.901E+16
151943,8,2,16,49,2018,4,14,3,3,5,7,0,1,1,0,0,0,0,0,4.38725E+20,5.40119E+21,8.16624E+15,4.87607E+16
151944,8,3,16,11,2018,4,5,5,2,5,3,1,1,1,0,0,0,0,1,4.147E+20,5.32907E+21,7.85407E+15,4.81091E+16
151945,8,1,36,65,2018,4,11,3,2,0,1,0,1,0,0,0,0,0,0,5.58157E+20,5.40503E+21,9.79189E+15,4.87955E+16
151946,8,3,15,52,2018,4,7,5,2,5,3,0,1,1,0,0,0,0,0,4.32944E+20,5.30641E+21,8.10267E+15,4.79075E+16
151947,8,1,28,139,2018,4,8,3,3,5,3,0,0,1,0,0,0,0,0,5.51093E+20,5.49002E+21,9.70651E+15,4.95606E+16
151948,8,2,25,75,2018,4,13,3,2,6,4,0,0,1,1,0,0,0,0,5.31962E+20,5.47546E+21,9.4408E+15,4.9431E+16
151949,8,3,15,15,2018,4,13,5,3,5,3,0,0,1,0,0,0,0,0,3.94198E+20,5.32093E+21,7.58074E+15,4.80329E+16
151950,8,1,27,14,2018,4,23,3,2,8,1,2,0,1,0,0,0,0,0,5.76412E+20,5.44487E+21,1.00479E+16,4.91519E+16
151951,8,3,36,50,2018,4,17,5,3,3,6,0,1,1,0,0,0,0,0,3.99278E+20,5.27484E+21,7.65958E+15,4.76191E+16
151952,8,1,25,102,2018,4,16,3,3,5,3,0,0,1,0,0,0,0,0,5.20615E+20,5.44423E+21,9.2827E+15,4.91505E+16
151953,8,1,25,65,2018,4,7,3,3,5,3,0,1,1,0,0,0,0,0,5.1615E+20,5.44857E+21,9.22164E+15,4.91898E+16
151954,8,3,11,0,2018,4,14,5,3,3,2,0,1,1,0,0,0,0,0,4.12585E+20,5.3156E+21,7.82842E+15,4.79877E+16
151955,8,1,25,65,2018,4,8,3,3,5,3,0,1,1,0,0,0,0,0,5.16423E+20,5.44846E+21,9.22538E+15,4.91887E+16
151956,8,2,15,99,2018,4,15,5,2,5,3,0,1,1,0,0,0,0,0,4.63003E+20,5.4457E+21,8.49253E+15,4.9163E+16
151957,8,1,21,0,2018,4,11,3,3,3,6,0,0,1,0,0,1,0,0,5.16271E+20,5.44145E+21,9.22302E+15,4.91257E+16
151958,8,2,12,0,2018,4,11,5,3,5,3,0,0,1,0,0,0,0,0,4.5407E+20,5.42918E+21,8.37187E+15,4.90138E+16
151959,8,2,35,65,2018,4,19,5,3,5,3,0,1,1,0,0,0,0,0,4.74033E+20,5.40404E+21,8.64647E+15,4.87889E+16
151960,8,1,19,20,2018,4,18,3,3,0,7,0,1,1,0,0,0,0,0,5.20015E+20,5.40627E+21,9.27261E+15,4.88091E+16
151961,8,1,19,18,2018,4,18,3,3,5,3,0,0,1,0,1,0,0,0,5.2862E+20,5.41957E+21,9.39073E+15,4.89284E+16