OBJECTID_1,ULAND,UREGBEZ,UKREIS,UGEMEINDE,UJAHR,UMONAT,USTUNDE,UWOCHENTAG,UKATEGORIE,UART,UTYP1,ULICHTVERH,IstRad,IstPKW,IstFuss,IstKrad,IstGkfz,IstSonstig,STRZUSTAND,LINREFX,LINREFY,XGCSWGS84,YGCSWGS84
152336,8,3,36,50,2018,5,18,3,2,5,3,0,0,1,0,1,0,0,0,3.99539E+20,5.27341E+21,7.66338E+15,4.76063E+16
152337,8,4,15,87,2018,4,13,6,3,2,2,0,0,1,0,0,0,0,0,5.13291E+20,5.38166E+21,9.18023E+15,4.85879E+16
152338,8,2,22,0,2018,4,15,2,3,6,4,0,1,0,1,0,0,0,0,4.62298E+20,5.48822E+21,8.47883E+15,4.95454E+16
152339,8,3,37,106,2018,4,14,6,3,1,1,0,0,1,0,0,0,0,0,4.58777E+20,5.28813E+21,8.45008E+15,4.77452E+16
152340,8,4,35,45,2018,5,19,3,2,6,1,0,1,0,1,0,0,0,0,5.35361E+20,5.28611E+21,9.47155E+15,4.77274E+16
152341,8,3,36,6,2018,4,18,6,3,5,3,0,1,1,0,0,0,0,0,3.91702E+20,5.2873E+21,7.5557E+15,4.773E+16
152342,8,3,36,107,2018,4,19,6,3,9,7,0,0,0,0,0,0,1,0,4.12051E+20,5.29128E+21,7.82622E+15,4.77689E+16
152343,8,3,36,69,2018,4,6,6,3,5,3,0,1,1,0,0,0,0,0,4.08718E+20,5.26849E+21,7.7865E+15,4.75634E+16
152344,8,2,22,0,2018,4,18,2,2,0,7,0,1,0,0,0,0,0,0,4.61281E+20,5.48159E+21,8.46542E+15,4.94857E+16
152345,8,3,36,50,2018,4,8,6,3,5,3,0,0,1,0,0,0,0,0,3.99431E+20,5.27343E+21,7.66194E+15,4.76065E+16
152346,8,2,16,15,2018,5,17,4,3,5,3,0,1,1,0,0,0,0,0,4.50126E+20,5.40564E+21,8.32082E+15,4.88017E+16
152347,8,3,35,63,2018,4,13,6,3,2,6,0,0,1,0,0,0,0,0,4.97232E+20,5.28777E+21,8.96307E+15,4.77433E+16
152348,8,2,16,15,2018,4,22,2,3,1,5,2,0,1,0,0,0,0,0,4.48995E+20,5.40629E+21,8.30533E+15,4.88075E+16
152349,8,3,17,96,2018,4,8,2,3,3,6,0,1,0,0,0,0,1,0,4.22302E+20,5.36861E+21,7.9489E+15,4.84658E+16
152350,8,3,35,63,2018,4,8,6,3,6,6,0,1,0,1,0,0,0,0,4.97671E+20,5.28724E+21,8.96893E+15,4.77386E+16
152351,8,2,21,0,2018,5,10,3,3,5,5,0,1,1,0,0,0,0,0,4.75947E+20,5.47204E+21,8.66848E+15,4.94006E+16
152352,8,3,26,3,2018,4,13,6,3,3,5,0,0,1,0,1,0,0,0,4.64937E+20,5.31946E+21,8.52971E+15,4.80275E+16
152353,8,3,17,96,2018,4,7,6,3,5,3,0,1,1,0,0,0,0,0,4.22797E+20,5.36866E+21,7.95559E+15,4.84663E+16
152354,8,2,16,52,2018,4,14,2,3,5,3,0,0,1,0,0,0,0,0,4.4113E+20,5.4169E+21,8.1967E+15,4.89023E+16
152355,8,3,17,65,2018,4,11,6,3,5,2,0,1,1,0,0,0,0,0,4.15855E+20,5.35442E+21,7.86456E+15,4.83374E+16
152356,8,3,17,65,2018,4,9,6,2,1,1,0,1,1,0,0,0,0,0,4.15816E+20,5.35468E+21,7.86397E+15,4.83397E+16
152357,8,2,15,7,2018,4,10,2,3,7,1,0,1,0,0,0,0,0,0,4.76474E+20,5.43247E+21,8.67807E+15,4.90447E+16
152358,8,3,17,1,2018,4,11,6,3,1,7,0,1,1,0,0,0,0,0,4.31661E+20,5.38653E+21,8.07256E+15,4.86281E+16
152359,8,1,35,19,2018,5,12,4,3,3,6,0,0,1,0,1,0,0,0,5.83384E+20,5.39284E+21,1.01329E+16,4.8683E+16
152360,8,3,17,96,2018,4,17,6,3,6,7,0,0,1,1,0,0,0,0,4.20618E+20,5.37352E+21,7.9252E+15,4.85098E+16
152361,8,2,15,97,2018,4,10,2,3,5,3,0,0,1,0,0,0,1,0,4.79554E+20,5.44427E+21,8.71962E+15,4.91509E+16
152362,8,3,16,56,2018,4,7,6,3,4,2,0,1,1,0,0,0,0,0,4.23152E+20,5.32784E+21,7.96782E+15,4.80992E+16
152363,8,1,35,31,2018,5,15,3,3,9,1,0,1,0,0,0,0,0,0,5.93579E+20,5.38206E+21,1.02689E+16,4.85846E+16
152364,8,3,26,74,2018,4,16,2,3,7,7,0,1,0,0,0,0,0,1,4.58989E+20,5.32475E+21,8.44942E+15,4.80747E+16
152365,8,3,16,56,2018,4,11,6,3,2,6,0,0,1,0,0,0,1,0,4.21492E+20,5.32643E+21,7.94578E+15,4.80863E+16
152366,8,3,36,91,2018,4,11,6,2,0,7,0,0,0,0,1,0,0,0,3.95701E+20,5.27261E+21,7.61253E+15,4.75985E+16
152367,8,2,12,0,2018,4,12,2,3,2,6,0,0,1,0,0,0,0,0,4.60844E+20,5.4276E+21,8.46466E+15,4.9E+16
152368,8,3,11,0,2018,4,0,6,2,5,3,2,1,1,0,0,0,0,0,4.14076E+20,5.31668E+21,7.84817E+15,4.79977E+16
152369,8,4,37,100,2018,5,17,3,2,3,6,0,1,1,0,0,0,0,0,5.35401E+20,5.31379E+21,9.47435E+15,4.79764E+16
152370,8,3,11,0,2018,4,11,6,3,3,2,0,1,1,0,0,0,0,0,4.1453E+20,5.31601E+21,7.8544E+15,4.79917E+16
152371,8,1,36,46,2018,4,20,2,2,0,7,1,1,0,0,0,0,0,0,5.78778E+20,5.42015E+21,1.00755E+16,4.89292E+16
152372,8,3,11,0,2018,4,13,6,3,2,6,0,0,1,0,1,0,0,0,4.15016E+20,5.32066E+21,7.85998E+15,4.80335E+16
152373,8,1,15,45,2018,5,19,4,3,0,3,0,1,1,0,0,0,0,0,4.97339E+20,5.39622E+21,8.96383E+15,4.8719E+16
152374,8,3,36,91,2018,4,18,6,3,1,6,0,1,1,0,0,0,0,0,3.96134E+20,5.27468E+21,7.61779E+15,4.76172E+16
152375,8,1,35,19,2018,4,10,2,3,8,6,0,1,1,0,0,0,0,0,5.83055E+20,5.39245E+21,1.01283E+16,4.86796E+16
152376,8,3,11,0,2018,4,16,6,3,5,3,0,1,1,0,0,0,0,0,4.1474E+20,5.31543E+21,7.85733E+15,4.79865E+16
152377,8,1,11,0,2018,5,8,3,3,0,1,0,0,0,0,1,0,0,0,5.14143E+20,5.40387E+21,9.19254E+15,4.87877E+16
152378,8,2,31,0,2018,4,20,6,3,6,7,1,0,1,1,0,0,0,0,4.79718E+20,5.41598E+21,8.72329E+15,4.88964E+16
152379,8,2,31,0,2018,4,7,6,3,2,6,0,0,1,0,0,0,0,0,4.80492E+20,5.41606E+21,8.73384E+15,4.88972E+16
152380,8,1,28,115,2018,4,15,2,3,6,1,0,1,0,1,0,0,0,0,5.48559E+20,5.49693E+21,9.67232E+15,4.9623E+16
152381,8,2,26,98,2018,4,18,6,3,3,2,0,1,1,0,0,0,0,0,4.76631E+20,5.45957E+21,8.67864E+15,4.92884E+16
152382,8,3,36,50,2018,5,0,3,3,5,3,2,0,1,0,0,0,0,0,3.99356E+20,5.27345E+21,7.66094E+15,4.76066E+16
152383,8,2,26,103,2018,4,9,6,3,5,3,0,1,1,0,0,0,0,0,4.73178E+20,5.45681E+21,8.63135E+15,4.92635E+16
152384,8,2,26,62,2018,4,15,6,3,5,3,0,1,1,0,0,0,0,0,4.70124E+20,5.46896E+21,8.58846E+15,4.93726E+16
152385,8,2,26,62,2018,4,15,6,3,5,2,0,0,1,0,1,0,0,0,4.6998E+20,5.46863E+21,8.5865E+15,4.93696E+16
152386,8,2,22,0,2018,4,14,6,3,1,5,0,0,1,0,0,1,0,0,4.61739E+20,5.48081E+21,8.47182E+15,4.94787E+16
152387,8,4,17,79,2018,4,19,2,3,2,6,0,0,1,0,0,0,0,1,5.00749E+20,5.33974E+21,9.01008E+15,4.82109E+16
152388,8,4,26,13,2018,4,7,5,3,9,7,0,0,1,0,0,0,0,0,5.46033E+20,5.32312E+21,9.61781E+15,4.80597E+16
152389,8,3,17,56,2018,5,18,4,3,5,7,0,1,1,0,0,0,0,0,4.34994E+20,5.3821E+21,8.11847E+15,4.85886E+16
152390,8,2,26,28,2018,4,16,6,3,5,3,0,1,1,0,0,0,0,0,4.71407E+20,5.48364E+21,8.60507E+15,4.95047E+16
152391,8,1,28,61,2018,4,17,2,3,0,1,0,1,0,0,0,0,0,0,5.43497E+20,5.49659E+21,9.60221E+15,4.96203E+16
152392,8,2,22,0,2018,4,11,6,3,6,7,0,1,0,1,0,0,0,0,4.623E+20,5.48271E+21,8.47938E+15,4.94959E+16
152393,8,3,17,96,2018,5,12,3,3,2,2,0,0,1,0,1,0,0,0,4.20643E+20,5.37008E+21,7.92618E+15,4.84788E+16
152394,8,2,22,0,2018,4,20,6,2,5,3,1,0,1,0,0,0,0,0,4.60252E+20,5.48754E+21,8.45062E+15,4.95391E+16
152395,8,3,11,0,2018,4,9,2,3,5,3,0,0,1,0,1,0,0,0,4.18395E+20,5.31534E+21,7.90631E+15,4.79861E+16
152396,8,2,15,21,2018,4,9,6,3,5,3,0,0,1,0,0,0,0,0,4.69678E+20,5.44539E+21,8.5841E+15,4.91606E+16
152397,8,2,12,0,2018,4,16,6,3,0,7,0,1,0,0,0,0,0,0,4.55846E+20,5.4281E+21,8.39628E+15,4.90042E+16
152398,8,1,25,65,2018,4,17,2,3,5,3,0,0,1,0,0,0,0,0,5.16144E+20,5.44668E+21,9.22148E+15,4.91728E+16
152399,8,2,12,0,2018,4,12,6,3,1,5,0,1,1,0,0,0,0,0,4.64096E+20,5.42225E+21,8.5096E+15,4.89521E+16
152400,8,2,15,9,2018,5,6,4,3,3,6,1,1,1,0,0,0,0,0,4.74529E+20,5.43873E+21,8.65106E+15,4.91009E+16
152401,8,1,28,7,2018,4,12,6,2,6,2,0,0,1,1,0,0,0,0,5.5586E+20,5.4821E+21,9.77129E+15,4.9489E+16
152402,8,1,28,126,2018,4,19,2,3,5,3,0,0,1,0,1,0,0,0,5.6643E+20,5.48057E+21,9.91696E+15,4.94742E+16
152403,8,1,11,0,2018,4,18,6,3,0,7,0,1,0,0,0,0,1,0,5.1131E+20,5.40609E+21,9.15403E+15,4.88077E+16
152404,8,2,22,0,2018,5,11,4,3,5,3,0,0,1,0,0,0,0,0,4.61967E+20,5.48101E+21,8.47494E+15,4.94805E+16
152405,8,1,21,0,2018,4,22,6,2,5,3,2,1,1,0,0,0,0,0,5.14879E+20,5.44291E+21,9.20399E+15,4.91389E+16
152406,8,1,21,0,2018,4,20,6,3,2,6,2,0,1,0,0,0,0,0,5.14895E+20,5.44276E+21,9.20421E+15,4.91375E+16
152407,8,2,26,32,2018,5,16,3,3,5,3,0,0,1,0,1,0,0,0,4.67104E+20,5.46213E+21,8.54742E+15,4.9311E+16
152408,8,1,25,56,2018,4,16,6,3,2,6,0,1,1,0,0,0,0,0,5.11647E+20,5.43546E+21,9.15947E+15,4.90719E+16
152409,8,1,21,0,2018,4,12,6,3,5,3,0,0,1,0,0,0,1,0,5.1653E+20,5.44471E+21,9.2267E+15,4.9155E+16
152410,8,1,19,44,2018,4,14,6,3,5,3,0,1,1,0,0,0,0,0,5.42775E+20,5.42528E+21,9.58458E+15,4.89789E+16
152411,8,1,27,76,2018,5,12,4,3,0,1,0,1,0,0,0,0,0,0,5.53446E+20,5.44084E+21,9.73245E+15,4.9118E+16
152412,8,1,18,48,2018,4,15,6,3,2,6,0,0,1,0,1,0,0,0,5.13803E+20,5.41579E+21,9.18832E+15,4.88949E+16
152413,8,1,17,26,2018,4,9,6,3,6,7,0,0,1,1,0,0,0,0,5.48287E+20,5.39487E+21,9.65632E+15,4.8705E+16
152414,8,1,21,0,2018,5,13,3,3,5,3,0,0,1,0,0,0,0,0,5.17081E+20,5.44359E+21,9.23421E+15,4.91449E+16
152415,8,1,17,26,2018,4,15,6,3,5,3,0,0,1,0,0,0,0,0,5.49838E+20,5.39412E+21,9.6773E+15,4.86981E+16
152416,8,2,16,43,2018,5,17,3,3,0,7,0,0,0,0,0,0,1,0,4.4112E+20,5.4131E+21,8.19712E+15,4.88681E+16
152417,8,1,17,24,2018,4,15,6,3,1,6,0,0,1,0,0,0,1,0,5.61986E+20,5.3856E+21,9.8411E+15,4.86204E+16
152418,8,1,17,49,2018,4,7,6,3,5,3,0,1,1,0,0,0,0,0,5.56137E+20,5.39162E+21,9.76256E+15,4.86751E+16
152419,8,1,17,24,2018,4,18,6,3,6,4,0,0,1,1,0,0,0,0,5.60269E+20,5.38546E+21,9.81778E+15,4.86193E+16
152420,8,1,11,0,2018,5,14,4,3,6,2,0,0,1,1,0,0,0,0,5.11115E+20,5.39872E+21,9.15118E+15,4.87414E+16
152421,8,1,16,19,2018,4,12,6,3,2,6,0,0,1,0,0,0,0,0,5.23049E+20,5.39792E+21,9.31345E+15,4.87339E+16
152422,8,1,16,7,2018,4,16,6,3,8,1,0,0,1,0,0,0,0,0,5.33312E+20,5.40094E+21,9.45327E+15,4.87606E+16
152423,8,4,36,64,2018,4,14,2,3,5,3,0,1,1,0,0,0,0,0,5.46536E+20,5.29359E+21,9.62137E+15,4.7794E+16
152424,8,1,15,45,2018,4,11,6,3,5,2,0,1,1,0,0,0,0,0,5.00227E+20,5.3957E+21,9.00308E+15,4.87143E+16
152425,8,3,25,61,2018,5,10,4,3,5,3,0,0,1,0,0,0,0,0,4.75062E+20,5.35422E+21,8.66347E+15,4.83406E+16
152426,8,1,15,28,2018,4,16,6,3,2,6,0,0,1,0,0,0,0,0,5.01168E+20,5.40378E+21,9.0159E+15,4.8787E+16
152427,8,3,25,49,2018,4,10,2,2,6,2,0,0,1,1,0,0,0,0,4.72712E+20,5.33434E+21,8.63304E+15,4.81617E+16
152428,8,1,11,0,2018,4,13,6,3,6,4,0,0,1,1,0,0,0,0,5.12578E+20,5.40277E+21,9.17121E+15,4.87778E+16
152429,8,3,35,43,2018,5,1,3,3,1,5,2,1,0,0,0,0,1,1,5.12995E+20,5.27925E+21,9.17309E+15,4.76665E+16
152430,8,1,11,0,2018,4,14,6,3,4,6,0,0,1,0,1,0,0,0,5.13118E+20,5.40476E+21,9.17861E+15,4.87957E+16
152431,8,1,11,0,2018,4,10,6,3,2,6,0,0,1,0,0,0,0,0,5.14524E+20,5.40922E+21,9.19793E+15,4.88358E+16
152432,8,4,15,61,2018,5,19,3,3,5,3,0,0,1,0,0,0,0,0,5.14698E+20,5.37262E+21,9.19899E+15,4.85065E+16
152433,8,1,11,0,2018,4,11,6,3,2,6,0,0,1,0,0,0,0,0,5.15563E+20,5.40401E+21,9.21189E+15,4.87889E+16
152434,8,4,15,61,2018,4,11,2,3,2,6,0,0,1,0,0,1,0,0,5.16387E+20,5.37043E+21,9.22177E+15,4.84868E+16
152435,8,4,36,82,2018,4,6,5,3,5,3,0,0,1,0,0,0,0,0,5.47071E+20,5.29416E+21,9.62858E+15,4.7799E+16
152436,8,3,11,0,2018,5,12,4,3,0,1,0,1,0,0,0,0,0,0,4.14588E+20,5.31599E+21,7.85518E+15,4.79915E+16
152437,8,4,36,55,2018,4,15,5,2,0,1,0,1,0,0,0,0,0,0,5.75248E+20,5.29609E+21,1.00051E+16,4.78138E+16
152438,8,4,35,16,2018,4,20,5,3,4,6,0,1,0,0,0,0,0,0,5.36631E+20,5.2786E+21,9.48787E+15,4.76597E+16
152439,8,3,11,0,2018,5,10,3,2,2,1,0,0,1,0,1,0,0,0,4.13428E+20,5.31725E+21,7.83939E+15,4.80027E+16
152440,8,4,26,120,2018,4,14,5,3,5,3,0,0,1,0,1,0,0,0,5.62063E+20,5.32333E+21,9.83296E+15,4.80603E+16
152441,8,2,12,0,2018,4,12,2,3,5,2,0,0,1,0,0,0,1,0,4.59554E+20,5.43165E+21,8.44662E+15,4.90364E+16
152442,8,4,36,82,2018,4,15,5,3,3,5,0,1,1,0,0,0,0,0,5.47978E+20,5.29518E+21,9.64081E+15,4.78082E+16
152443,8,2,16,63,2018,5,18,7,3,6,3,0,0,1,1,0,0,0,0,4.30423E+20,5.40152E+21,8.05324E+15,4.87628E+16
152444,8,3,11,0,2018,5,12,6,3,2,6,0,0,1,0,1,0,0,0,4.14588E+20,5.31837E+21,7.85471E+15,4.80129E+16
152445,8,1,35,31,2018,5,8,6,2,6,4,0,0,1,1,0,0,0,0,5.95561E+20,5.37974E+21,1.02952E+16,4.85635E+16
152446,8,1,15,3,2018,5,1,1,3,0,7,2,1,0,0,0,0,0,0,5.00268E+20,5.39043E+21,9.00364E+15,4.86669E+16
152447,8,1,28,47,2018,5,15,6,3,8,7,0,0,1,0,0,0,0,0,5.53504E+20,5.49652E+21,9.74073E+15,4.96189E+16
152448,8,1,19,61,2018,5,20,7,3,8,1,0,0,0,0,1,0,0,0,5.3932E+20,5.41549E+21,9.53641E+15,4.88911E+16
152449,8,2,26,96,2018,5,23,6,3,4,6,2,0,1,0,1,0,0,0,4.73864E+20,5.48802E+21,8.63872E+15,4.95442E+16
152450,8,1,28,47,2018,5,7,6,3,4,6,0,0,1,0,0,1,0,0,5.52562E+20,5.4984E+21,9.72794E+15,4.96359E+16
152451,8,3,11,0,2018,5,11,6,3,1,3,0,0,1,0,0,0,0,0,4.14075E+20,5.31798E+21,7.8479E+15,4.80093E+16
152452,8,1,21,0,2018,5,8,6,2,5,3,0,1,1,0,0,0,0,0,5.1545E+20,5.44203E+21,9.21179E+15,4.91309E+16
152453,8,4,16,36,2018,5,15,4,3,5,3,0,1,0,0,0,0,1,0,4.95509E+20,5.36922E+21,8.93924E+15,4.84761E+16
152454,8,4,25,2,2018,5,17,7,3,4,6,0,0,1,0,1,0,0,0,5.5275E+20,5.353E+21,9.71167E+15,4.8328E+16
152455,8,1,19,86,2018,5,14,6,3,1,5,0,1,1,0,0,0,0,0,5.35621E+20,5.40539E+21,9.48507E+15,4.88005E+16
152456,8,4,35,16,2018,5,23,6,3,9,7,2,0,1,0,0,0,0,0,5.35959E+20,5.28024E+21,9.47905E+15,4.76746E+16
152457,8,2,21,0,2018,5,16,6,2,6,4,0,0,1,1,0,0,0,0,4.75963E+20,5.46945E+21,8.66886E+15,4.93773E+16
152458,8,1,19,61,2018,5,14,6,3,5,3,0,0,1,0,0,0,0,0,5.38711E+20,5.41528E+21,9.52809E+15,4.88892E+16
152459,8,3,11,0,2018,5,18,7,3,6,7,0,0,1,1,0,0,0,0,4.14523E+20,5.31885E+21,7.85373E+15,4.80172E+16
152460,8,1,19,20,2018,5,13,6,3,0,7,0,1,0,0,0,0,0,0,5.20178E+20,5.40686E+21,9.27485E+15,4.88144E+16
152461,8,3,36,50,2018,5,7,6,3,1,3,0,0,0,0,1,1,0,0,3.99987E+20,5.27457E+21,7.66908E+15,4.76168E+16
152462,8,3,36,91,2018,5,16,7,3,0,3,0,1,0,0,0,0,0,0,3.9517E+20,5.27415E+21,7.6051E+15,4.76123E+16
152463,8,1,18,48,2018,5,6,6,3,2,6,0,0,1,0,0,0,0,0,5.14741E+20,5.41592E+21,9.20111E+15,4.8896E+16
152464,8,4,16,36,2018,5,16,6,2,6,4,0,0,1,1,0,0,0,0,4.96615E+20,5.36913E+21,8.9542E+15,4.84753E+16
152465,8,1,18,77,2018,5,20,6,3,5,3,1,0,1,0,0,0,0,0,5.13352E+20,5.42344E+21,9.18241E+15,4.89638E+16
152466,8,2,25,58,2018,5,14,7,3,6,4,0,0,1,1,0,0,0,0,5.07669E+20,5.46573E+21,9.10558E+15,4.93442E+16
152467,8,1,17,24,2018,5,15,6,3,5,3,0,1,1,0,0,0,0,0,5.59964E+20,5.38489E+21,9.81357E+15,4.86142E+16
152468,8,3,17,89,2018,5,10,6,3,6,7,0,0,1,1,0,0,0,0,4.31891E+20,5.37554E+21,8.07748E+15,4.85292E+16
152469,8,1,15,45,2018,5,19,6,2,6,4,0,0,1,1,0,0,0,0,5.00233E+20,5.39647E+21,9.00317E+15,4.87213E+16
152470,8,1,15,13,2018,5,15,6,2,4,2,0,0,1,0,1,0,0,0,4.9646E+20,5.38997E+21,8.95192E+15,4.86627E+16
152471,8,1,28,131,2018,5,15,1,2,0,1,0,1,0,0,0,0,0,0,5.36687E+20,5.5117E+21,9.50934E+15,4.97567E+16
152472,8,1,11,0,2018,5,18,6,3,5,3,0,1,1,0,0,0,0,0,5.13842E+20,5.40726E+21,9.18856E+15,4.88182E+16
152473,8,4,16,41,2018,5,20,4,2,0,1,1,1,0,0,0,0,0,0,5.04364E+20,5.3748E+21,9.05911E+15,4.85263E+16
152474,8,2,15,17,2018,5,12,7,3,0,1,0,1,0,0,0,0,0,0,4.56386E+20,5.42116E+21,8.40441E+15,4.89418E+16
152475,8,3,11,0,2018,5,18,6,3,4,3,0,1,1,0,0,0,0,0,4.13369E+20,5.31717E+21,7.83861E+15,4.8002E+16
152476,8,1,11,0,2018,5,13,6,3,1,5,0,0,1,0,0,0,0,0,5.12874E+20,5.39909E+21,9.17512E+15,4.87447E+16
152477,8,4,15,61,2018,5,15,4,3,2,6,0,0,1,0,0,0,0,0,5.14173E+20,5.37086E+21,9.19182E+15,4.84907E+16
152478,8,1,11,0,2018,5,16,1,3,1,5,0,0,1,0,1,0,0,0,5.12912E+20,5.40474E+21,9.17581E+15,4.87955E+16
152479,8,1,11,0,2018,5,9,6,2,5,2,0,0,1,0,1,0,0,0,5.13117E+20,5.40156E+21,9.17851E+15,4.87669E+16
152480,8,1,18,48,2018,5,11,7,2,0,7,0,1,0,1,0,0,0,0,5.12883E+20,5.4173E+21,9.17581E+15,4.89085E+16
152481,8,1,18,48,2018,5,18,1,3,5,3,0,1,1,0,0,0,0,0,5.14866E+20,5.41562E+21,9.20282E+15,4.88934E+16
152482,8,1,11,0,2018,5,10,6,3,5,3,0,0,1,0,0,0,1,0,5.08985E+20,5.39678E+21,9.12217E+15,4.8724E+16
152483,8,1,26,66,2018,5,16,7,3,3,6,0,1,1,0,0,0,0,0,5.35901E+20,5.45047E+21,9.49287E+15,4.9206E+16
152484,8,2,12,0,2018,5,8,6,3,1,5,0,1,1,0,0,0,0,0,4.57096E+20,5.42842E+21,8.41334E+15,4.90072E+16
152485,8,1,11,0,2018,5,15,6,3,2,6,0,0,1,0,0,0,0,0,5.12352E+20,5.40134E+21,9.16809E+15,4.87649E+16
152486,8,4,15,61,2018,5,22,7,3,5,3,2,0,1,0,0,0,0,0,5.15793E+20,5.37304E+21,9.21384E+15,4.85102E+16
152487,8,1,11,0,2018,5,16,6,2,5,2,0,0,1,0,0,0,0,0,5.17275E+20,5.4027E+21,9.23513E+15,4.87771E+16
152488,8,4,26,100,2018,5,17,6,3,3,6,0,1,0,0,0,0,0,0,5.77349E+20,5.31865E+21,1.00372E+16,4.80165E+16
152489,8,2,26,32,2018,5,8,6,3,5,3,0,0,1,0,0,0,0,0,4.67518E+20,5.4631E+21,8.55304E+15,4.93197E+16
152490,8,4,35,54,2018,5,17,2,3,5,3,0,0,1,0,1,0,0,0,5.22801E+20,5.28223E+21,9.30387E+15,4.7693E+16
152491,8,1,11,0,2018,5,11,6,3,0,6,0,0,1,0,0,0,1,0,5.12856E+20,5.4034E+21,9.17501E+15,4.87834E+16
152492,8,4,37,104,2018,5,7,2,3,2,2,0,0,1,0,0,0,0,0,5.16945E+20,5.32723E+21,9.22759E+15,4.80981E+16
152493,8,3,17,1,2018,5,21,7,3,8,1,2,0,1,0,0,0,0,0,4.31005E+20,5.38938E+21,8.06318E+15,4.86536E+16
152494,8,4,21,0,2018,5,10,2,3,6,4,0,0,1,1,0,0,0,0,5.7256E+20,5.36144E+21,9.98036E+15,4.8402E+16
152495,8,4,21,0,2018,5,15,5,3,0,1,0,1,0,0,0,0,0,0,5.71949E+20,5.36203E+21,9.97221E+15,4.84073E+16
152496,8,4,15,59,2018,5,15,6,3,2,2,0,0,1,0,0,0,0,0,5.16697E+20,5.36953E+21,9.22594E+15,4.84787E+16
152497,8,4,25,31,2018,5,13,2,3,0,7,0,0,0,1,1,0,0,0,5.69475E+20,5.36905E+21,9.93995E+15,4.84707E+16
152498,8,4,21,0,2018,5,16,5,3,2,6,0,0,1,0,0,0,0,0,5.69251E+20,5.35727E+21,9.93497E+15,4.83648E+16
152499,8,4,21,0,2018,5,12,2,3,2,6,0,0,1,0,0,0,0,0,5.73793E+20,5.36197E+21,9.99711E+15,4.84066E+16
152500,8,4,21,0,2018,5,8,2,3,0,5,0,1,1,0,0,0,0,0,5.72642E+20,5.36083E+21,9.98136E+15,4.83965E+16
152501,8,4,16,26,2018,5,10,5,3,5,3,0,0,1,0,0,0,0,0,5.04676E+20,5.36397E+21,9.06322E+15,4.84289E+16
152502,8,4,21,0,2018,5,15,2,2,0,1,0,1,0,0,0,0,0,0,5.7294E+20,5.36088E+21,9.98539E+15,4.83968E+16
152503,8,2,26,103,2018,5,14,7,2,5,3,0,1,1,0,0,0,0,0,4.73255E+20,5.45645E+21,8.63242E+15,4.92602E+16
152504,8,4,16,23,2018,5,15,2,3,0,1,0,1,0,0,0,0,0,0,5.11214E+20,5.37136E+21,9.15178E+15,4.84952E+16
152505,8,4,15,61,2018,5,16,2,3,4,6,0,0,1,0,1,0,0,0,5.15022E+20,5.37497E+21,9.20347E+15,4.85277E+16
152506,8,4,15,61,2018,5,7,5,3,5,3,0,1,1,0,0,0,0,0,5.15174E+20,5.37121E+21,9.20539E+15,4.84938E+16
152507,8,4,15,61,2018,5,7,2,3,4,2,0,1,1,0,0,0,0,0,5.16356E+20,5.37413E+21,9.2215E+15,4.852E+16
152508,8,2,37,19,2018,5,10,7,2,6,7,0,0,1,1,0,0,0,0,4.63174E+20,5.36866E+21,8.50177E+15,4.847E+16
152509,8,3,36,91,2018,5,17,2,3,2,6,0,0,1,0,1,0,0,0,3.97549E+20,5.27184E+21,7.63728E+15,4.75918E+16
152510,8,4,15,50,2018,5,20,5,2,0,7,2,0,0,0,1,0,0,0,5.21102E+20,5.37662E+21,9.2859E+15,4.85423E+16
152511,8,4,36,64,2018,5,13,6,3,5,3,0,0,1,0,1,0,0,0,5.46819E+20,5.29344E+21,9.62514E+15,4.77926E+16
152512,8,3,25,49,2018,5,7,2,3,2,6,0,0,1,0,0,0,0,0,4.74992E+20,5.33124E+21,8.66387E+15,4.81339E+16
152513,8,4,15,61,2018,5,15,5,3,0,6,0,0,0,0,1,0,0,0,5.15748E+20,5.37158E+21,9.21317E+15,4.84971E+16
152514,8,3,17,96,2018,5,7,2,3,0,7,0,1,0,0,1,0,0,0,4.22331E+20,5.36795E+21,7.94941E+15,4.84599E+16
152515,8,1,26,45,2018,5,11,1,3,5,3,0,0,1,0,1,0,0,0,5.44332E+20,5.46879E+21,9.61064E+15,4.93702E+16
152516,8,3,17,96,2018,5,6,2,3,5,3,0,0,1,0,0,0,0,0,4.20766E+20,5.3701E+21,7.92785E+15,4.8479E+16
152517,8,4,15,53,2018,5,15,5,3,3,6,0,1,1,0,0,0,0,0,5.36591E+20,5.36224E+21,9.49448E+15,4.84123E+16
152518,8,3,17,1,2018,5,15,2,3,0,7,0,1,0,0,0,0,0,0,4.30751E+20,5.38654E+21,8.0602E+15,4.86281E+16
152519,8,4,15,61,2018,5,15,4,2,5,3,0,0,1,0,1,0,0,0,5.16317E+20,5.37084E+21,9.22085E+15,4.84904E+16
152520,8,2,12,0,2018,5,12,7,3,0,7,0,1,0,0,0,0,0,0,4.55281E+20,5.42977E+21,8.38837E+15,4.90192E+16
152521,8,3,17,116,2018,5,13,2,2,0,1,0,1,0,0,0,0,0,0,4.35209E+20,5.38749E+21,8.12055E+15,4.86372E+16
152522,8,3,11,0,2018,5,16,6,3,1,7,0,0,1,0,0,0,0,0,4.12635E+20,5.31574E+21,7.82906E+15,4.7989E+16