OBJECTID_1,ULAND,UREGBEZ,UKREIS,UGEMEINDE,UJAHR,UMONAT,USTUNDE,UWOCHENTAG,UKATEGORIE,UART,UTYP1,ULICHTVERH,IstRad,IstPKW,IstFuss,IstKrad,IstGkfz,IstSonstig,STRZUSTAND,LINREFX,LINREFY,XGCSWGS84,YGCSWGS84
152710,8,1,11,0,2018,5,10,5,2,0,1,0,1,0,0,0,0,0,0,5.10617E+20,5.40045E+21,9.14446E+15,4.87569E+16
152711,8,1,11,0,2018,5,14,3,3,2,6,0,0,1,0,0,0,0,0,5.15355E+20,5.40329E+21,9.20903E+15,4.87825E+16
152712,8,4,36,64,2018,5,16,4,3,5,3,0,0,1,0,1,0,0,0,5.46232E+20,5.29349E+21,9.6173E+15,4.77931E+16
152713,8,4,35,57,2018,5,15,4,3,2,2,0,1,0,0,0,0,0,0,5.4459E+20,5.27791E+21,9.59379E+15,4.76531E+16
152714,8,4,26,21,2018,5,6,4,3,5,3,0,1,1,0,0,0,0,0,5.586E+20,5.32605E+21,9.78687E+15,4.80851E+16
152715,8,4,21,0,2018,5,11,4,3,0,3,0,1,1,0,0,0,0,0,5.70801E+20,5.36128E+21,9.95657E+15,4.84007E+16
152716,8,4,17,31,2018,5,12,4,3,5,3,0,0,1,0,0,0,0,0,4.97024E+20,5.35519E+21,8.95983E+15,4.83499E+16
152717,8,4,15,61,2018,5,20,4,3,9,5,1,1,1,0,0,0,0,0,5.13052E+20,5.37127E+21,9.17666E+15,4.84944E+16
152718,8,3,36,103,2018,5,17,4,2,4,6,0,0,1,0,0,0,0,0,4.14456E+20,5.28478E+21,7.85958E+15,4.77108E+16
152719,8,3,35,100,2018,5,13,4,3,0,1,0,1,0,0,0,0,0,0,4.88665E+20,5.2869E+21,8.84882E+15,4.77354E+16
152720,8,3,35,43,2018,5,19,4,3,0,1,1,1,0,0,0,0,0,0,5.11094E+20,5.28142E+21,9.14783E+15,4.7686E+16
152721,8,3,35,43,2018,5,19,4,2,5,3,0,1,1,0,0,0,0,0,5.11278E+20,5.28121E+21,9.15028E+15,4.76842E+16
152722,8,4,36,82,2018,5,7,4,2,2,1,0,1,1,0,0,0,0,0,5.48404E+20,5.295E+21,9.64648E+15,4.78065E+16
152723,8,3,27,50,2018,5,18,4,3,5,3,0,0,1,0,0,0,0,0,4.89441E+20,5.31673E+21,8.85844E+15,4.80037E+16
152724,8,3,17,96,2018,5,7,4,2,5,3,0,1,1,0,0,0,0,0,4.2334E+20,5.36903E+21,7.96287E+15,4.84697E+16
152725,8,3,17,5,2018,5,9,4,2,5,3,0,1,1,0,0,0,0,0,4.2549E+20,5.37833E+21,7.99029E+15,4.85536E+16
152726,8,3,16,11,2018,5,13,4,2,5,3,0,1,1,0,0,0,0,0,4.14637E+20,5.32962E+21,7.85311E+15,4.81141E+16
152727,8,3,11,0,2018,5,13,4,3,2,6,0,0,1,0,0,0,0,0,4.14567E+20,5.31782E+21,7.85453E+15,4.80079E+16
152728,8,3,11,0,2018,5,7,4,3,6,6,0,1,0,1,0,0,0,0,4.13592E+20,5.31904E+21,7.84121E+15,4.80188E+16
152729,8,3,11,0,2018,5,16,4,3,1,5,0,0,1,0,0,0,0,0,4.14358E+20,5.3178E+21,7.85173E+15,4.80077E+16
152730,8,1,11,0,2018,5,11,3,2,6,2,0,0,1,1,0,0,0,0,5.1081E+20,5.3971E+21,9.14699E+15,4.87269E+16
152731,8,2,12,0,2018,5,19,4,2,5,2,0,1,0,0,0,0,1,0,4.54649E+20,5.42882E+21,8.37983E+15,4.90106E+16
152732,8,2,15,9,2018,5,12,4,2,8,1,0,0,0,0,1,0,0,0,4.70054E+20,5.4363E+21,8.58993E+15,4.90788E+16
152733,8,2,31,0,2018,5,12,4,3,0,7,0,0,0,1,1,0,0,0,4.75899E+20,5.41531E+21,8.67121E+15,4.88903E+16
152734,8,2,26,95,2018,5,19,4,3,4,2,0,0,1,0,1,0,0,0,4.73584E+20,5.46107E+21,8.63664E+15,4.93018E+16
152735,8,1,11,0,2018,5,15,3,3,5,2,0,1,1,0,0,0,0,0,5.11962E+20,5.40182E+21,9.16279E+15,4.87692E+16
152736,8,2,26,95,2018,5,9,4,3,5,3,0,0,1,0,0,0,0,0,4.7418E+20,5.46215E+21,8.64477E+15,4.93116E+16
152737,8,2,26,41,2018,5,13,4,3,5,3,0,1,1,0,0,0,0,0,4.76288E+20,5.4658E+21,8.67356E+15,4.93445E+16
152738,8,2,26,95,2018,5,11,4,3,5,3,0,0,1,0,0,0,1,0,4.73995E+20,5.4614E+21,8.64227E+15,4.93047E+16
152739,8,2,26,82,2018,5,8,4,3,0,1,0,1,0,0,0,0,0,0,4.77691E+20,5.48036E+21,8.69205E+15,4.94754E+16
152740,8,2,26,84,2018,5,20,4,3,1,3,1,1,1,0,0,0,0,0,4.70114E+20,5.46932E+21,8.5883E+15,4.93758E+16
152741,8,2,26,62,2018,5,16,4,3,4,6,0,1,0,0,0,0,0,0,4.69753E+20,5.46779E+21,8.58344E+15,4.93621E+16
152742,8,2,25,2,2018,5,18,4,3,0,7,0,1,1,0,0,0,0,0,4.9893E+20,5.46616E+21,8.98527E+15,4.93481E+16
152743,8,2,22,0,2018,5,8,4,3,5,3,0,0,1,0,1,0,0,0,4.61894E+20,5.48408E+21,8.47365E+15,4.95082E+16
152744,8,1,16,14,2018,5,16,2,3,5,3,0,1,1,0,0,0,0,1,5.28819E+20,5.39522E+21,9.39173E+15,4.87093E+16
152745,8,2,26,32,2018,5,11,4,2,5,3,0,1,1,0,0,0,0,0,4.67164E+20,5.46288E+21,8.54818E+15,4.93177E+16
152746,8,2,21,0,2018,5,4,4,2,0,7,2,1,0,0,0,0,0,0,4.75467E+20,5.47299E+21,8.66181E+15,4.94091E+16
152747,8,1,16,71,2018,5,6,2,3,4,6,1,0,1,0,0,0,0,1,5.2792E+20,5.39207E+21,9.37931E+15,4.86811E+16
152748,8,2,16,17,2018,5,16,4,3,0,7,0,1,0,0,0,0,0,0,4.51892E+20,5.40192E+21,8.3453E+15,4.87684E+16
152749,8,2,12,0,2018,5,15,4,3,1,5,0,0,1,0,1,0,0,0,4.54273E+20,5.43055E+21,8.37449E+15,4.90261E+16
152750,8,1,11,0,2018,5,16,2,3,5,3,0,1,0,0,0,0,1,1,5.10881E+20,5.4065E+21,9.1482E+15,4.88114E+16
152751,8,2,12,0,2018,5,11,4,3,5,2,0,1,1,0,0,0,0,0,4.52357E+20,5.43088E+21,8.34826E+15,4.90289E+16
152752,8,1,11,0,2018,5,20,2,3,2,6,0,0,1,0,0,0,0,1,5.13065E+20,5.40901E+21,9.17803E+15,4.88339E+16
152753,8,2,11,0,2018,5,15,4,3,8,1,0,0,1,0,0,0,0,0,4.40568E+20,5.40432E+21,8.19085E+15,4.87891E+16
152754,8,1,11,0,2018,5,19,2,3,2,6,0,0,1,0,0,0,0,1,5.11525E+20,5.39949E+21,9.15678E+15,4.87483E+16
152755,8,4,36,9,2018,5,15,1,3,6,7,0,0,1,1,0,0,0,0,5.55577E+20,5.30747E+21,9.74388E+15,4.79182E+16
152756,8,1,27,14,2018,5,14,4,3,5,3,0,0,1,0,1,0,0,0,5.78244E+20,5.44325E+21,1.00727E+16,4.91371E+16
152757,8,4,35,16,2018,5,14,1,3,0,1,0,1,0,0,0,0,0,0,5.36006E+20,5.27805E+21,9.4795E+15,4.76548E+16
152758,8,1,36,28,2018,5,16,4,2,5,3,0,0,1,0,1,0,0,0,5.67848E+20,5.40524E+21,9.92386E+15,4.87964E+16
152759,8,1,19,79,2018,5,16,4,3,2,6,0,0,1,0,1,0,0,0,5.21243E+20,5.40903E+21,9.28947E+15,4.88338E+16
152760,8,3,35,35,2018,5,5,1,3,0,1,2,1,0,0,0,0,0,0,4.84019E+20,5.29045E+21,8.78673E+15,4.77672E+16
152761,8,1,19,20,2018,5,9,4,3,3,6,0,1,0,0,0,0,1,0,5.19709E+20,5.40801E+21,9.26852E+15,4.88248E+16
152762,8,3,35,63,2018,5,15,1,3,6,6,0,1,0,1,0,0,0,0,4.98594E+20,5.28756E+21,8.98124E+15,4.77414E+16
152763,8,1,18,63,2018,5,16,4,3,5,3,0,1,1,0,0,0,0,0,5.15423E+20,5.4233E+21,9.21071E+15,4.89624E+16
152764,8,1,18,48,2018,5,16,4,3,2,7,0,0,1,0,0,0,0,0,5.13671E+20,5.41493E+21,9.18649E+15,4.88872E+16
152765,8,3,35,43,2018,5,0,1,2,8,1,2,0,1,0,0,0,0,0,5.11046E+20,5.28077E+21,9.14717E+15,4.76803E+16
152766,8,1,15,3,2018,5,13,4,2,5,3,0,1,1,0,0,0,0,0,5.00848E+20,5.39135E+21,9.01153E+15,4.86752E+16
152767,8,3,25,45,2018,5,14,1,3,9,1,0,0,0,0,1,0,0,0,4.68289E+20,5.35021E+21,8.57237E+15,4.83043E+16
152768,8,1,16,77,2018,5,9,4,3,5,3,0,0,1,0,0,0,0,0,5.14777E+20,5.39155E+21,9.20074E+15,4.86768E+16
152769,8,3,11,0,2018,5,16,1,3,1,5,0,1,1,0,0,0,0,0,4.10034E+20,5.31708E+21,7.79392E+15,4.80007E+16
152770,8,2,15,90,2018,5,0,1,2,0,1,2,1,0,0,0,0,0,1,4.64995E+20,5.43408E+21,8.52086E+15,4.90586E+16
152771,8,1,16,77,2018,5,15,4,3,5,2,0,1,1,0,0,0,0,0,5.16197E+20,5.38908E+21,9.21993E+15,4.86546E+16
152772,8,2,21,0,2018,5,15,1,2,5,2,0,0,1,0,0,0,0,0,4.78663E+20,5.47297E+21,8.70587E+15,4.9409E+16
152773,8,1,16,19,2018,5,8,4,3,6,6,0,0,1,1,0,0,0,0,5.24608E+20,5.39656E+21,9.33458E+15,4.87216E+16
152774,8,2,16,43,2018,5,20,1,3,8,1,1,0,0,0,1,0,0,1,4.41981E+20,5.41251E+21,8.20894E+15,4.88628E+16
152775,8,1,16,19,2018,5,19,4,2,6,4,0,0,1,1,0,0,0,0,5.2245E+20,5.39711E+21,9.30527E+15,4.87266E+16
152776,8,1,18,48,2018,5,3,1,2,8,7,2,0,0,0,1,0,0,0,5.1189E+20,5.41601E+21,9.16222E+15,4.88969E+16
152777,8,1,15,45,2018,5,13,4,3,4,6,0,0,1,0,0,0,1,0,4.98594E+20,5.39653E+21,8.98088E+15,4.87218E+16
152778,8,4,36,11,2018,5,20,2,3,0,1,0,1,0,0,0,0,0,0,5.48901E+20,5.29687E+21,9.65332E+15,4.78233E+16
152779,8,1,19,20,2018,5,4,1,3,1,1,2,1,0,0,0,1,0,0,5.20242E+20,5.40771E+21,9.27576E+15,4.8822E+16
152780,8,1,15,41,2018,5,16,4,3,3,2,0,1,1,0,0,0,0,0,4.95727E+20,5.40168E+21,8.94185E+15,4.87681E+16
152781,8,1,16,56,2018,5,15,1,3,9,1,0,0,0,0,1,0,0,0,5.30036E+20,5.3958E+21,9.40833E+15,4.87145E+16
152782,8,1,15,15,2018,5,17,4,3,0,7,0,1,0,0,0,0,0,0,4.92425E+20,5.38794E+21,8.89717E+15,4.86445E+16
152783,8,1,11,0,2018,5,20,4,3,5,3,1,1,1,0,0,0,0,0,5.12202E+20,5.40747E+21,9.16622E+15,4.88201E+16
152784,8,1,11,0,2018,5,12,1,3,5,3,0,1,1,0,0,0,0,0,5.12354E+20,5.39945E+21,9.16805E+15,4.87479E+16
152785,8,1,11,0,2018,5,6,4,3,5,3,0,0,1,0,1,0,0,0,5.19023E+20,5.40026E+21,9.25882E+15,4.87551E+16
152786,8,1,11,0,2018,5,16,1,3,1,5,0,1,1,0,0,0,0,0,5.13161E+20,5.4015E+21,9.1791E+15,4.87663E+16
152787,8,1,11,0,2018,5,21,4,3,6,4,1,0,0,1,1,0,0,0,5.12499E+20,5.40303E+21,9.17013E+15,4.87801E+16
152788,8,4,36,64,2018,5,16,7,2,5,3,0,0,1,0,1,0,0,0,5.44875E+20,5.29032E+21,9.59887E+15,4.77647E+16
152789,8,4,37,65,2018,5,17,3,3,0,1,0,0,0,0,1,0,0,0,5.14949E+20,5.3173E+21,9.20043E+15,4.80088E+16
152790,8,4,36,64,2018,5,19,7,2,9,1,0,0,1,0,0,0,0,0,5.44611E+20,5.29066E+21,9.59537E+15,4.77678E+16
152791,8,4,35,16,2018,5,12,7,2,0,1,0,1,0,0,0,0,0,0,5.36248E+20,5.27771E+21,9.48269E+15,4.76518E+16
152792,8,4,36,82,2018,5,7,3,3,3,6,0,1,0,0,0,0,0,0,5.47193E+20,5.29586E+21,9.63039E+15,4.78143E+16
152793,8,4,21,0,2018,5,16,7,3,0,1,0,1,0,0,0,0,0,0,5.7258E+20,5.35569E+21,9.97964E+15,4.83502E+16
152794,8,4,36,49,2018,5,15,3,2,0,1,0,1,0,0,0,0,0,0,5.80913E+20,5.28164E+21,1.00781E+16,4.76831E+16
152795,8,4,36,55,2018,5,17,3,3,3,2,0,1,0,0,0,0,0,0,5.76368E+20,5.2977E+21,1.00204E+16,4.78282E+16
152796,8,4,21,0,2018,5,9,7,3,5,3,0,1,1,0,0,0,0,0,5.68301E+20,5.36286E+21,9.92305E+15,4.84152E+16
152797,8,4,35,16,2018,5,6,3,3,0,1,1,1,0,0,0,0,0,0,5.35956E+20,5.27917E+21,9.47891E+15,4.76649E+16
152798,8,4,17,2,2018,5,13,7,3,2,6,0,0,1,0,0,0,0,0,4.88886E+20,5.34538E+21,8.85025E+15,4.82615E+16
152799,8,4,26,21,2018,5,8,3,3,6,7,0,0,1,1,0,0,0,0,5.58485E+20,5.32688E+21,9.78544E+15,4.80925E+16
152800,8,4,16,25,2018,5,7,7,3,0,7,0,0,1,0,0,0,0,0,5.03741E+20,5.36234E+21,9.05056E+15,4.84142E+16
152801,8,4,15,61,2018,5,13,7,3,0,1,0,1,0,0,0,0,0,0,5.16729E+20,5.37472E+21,9.22657E+15,4.85254E+16
152802,8,4,26,21,2018,5,12,3,3,2,6,0,0,1,0,0,0,0,0,5.59022E+20,5.32766E+21,9.79276E+15,4.80995E+16
152803,8,4,15,14,2018,5,18,7,3,0,1,0,1,0,0,0,0,0,1,5.25948E+20,5.37514E+21,9.35145E+15,4.85289E+16
152804,8,4,25,33,2018,5,12,3,2,0,2,0,1,1,0,0,0,0,0,5.55704E+20,5.3475E+21,9.7508E+15,4.82782E+16
152805,8,3,11,0,2018,5,22,7,3,0,1,2,1,0,0,0,0,0,0,4.11424E+20,5.31709E+21,7.81255E+15,4.8001E+16
152806,8,3,37,96,2018,5,10,7,3,2,1,0,0,1,0,0,0,0,0,4.20716E+20,5.26727E+21,7.94619E+15,4.7554E+16
152807,8,4,21,0,2018,5,12,3,3,0,1,0,0,0,0,1,0,0,0,5.72827E+20,5.36046E+21,9.98379E+15,4.83931E+16
152808,8,3,36,104,2018,5,10,7,3,4,6,0,0,1,0,0,1,0,0,4.03861E+20,5.28911E+21,7.71742E+15,4.77482E+16
152809,8,4,21,0,2018,5,14,3,3,1,7,0,0,1,0,1,0,0,0,5.70735E+20,5.36088E+21,9.9556E+15,4.83971E+16
152810,8,4,17,44,2018,5,17,3,2,0,1,0,1,0,0,0,0,0,0,4.97516E+20,5.33642E+21,8.96658E+15,4.81811E+16
152811,8,3,26,54,2018,5,16,7,2,2,6,0,1,0,0,1,0,0,0,4.4122E+20,5.3297E+21,8.21021E+15,4.81179E+16
152812,8,4,16,41,2018,5,10,3,3,0,7,0,1,0,0,0,0,0,0,5.03551E+20,5.37214E+21,9.04807E+15,4.85024E+16
152813,8,3,26,17,2018,5,10,7,3,5,3,0,0,1,0,0,0,0,0,4.40794E+20,5.32248E+21,8.20549E+15,4.80529E+16
152814,8,4,15,61,2018,5,17,3,3,2,6,0,0,1,0,0,0,0,0,5.1443E+20,5.37026E+21,9.19528E+15,4.84853E+16
152815,8,3,25,57,2018,5,9,7,2,1,5,0,0,1,0,0,0,0,0,4.72658E+20,5.3554E+21,8.63095E+15,4.83512E+16
152816,8,3,17,96,2018,5,16,7,2,6,4,0,1,0,1,0,0,0,0,4.22251E+20,5.36939E+21,7.94807E+15,4.84728E+16
152817,8,4,15,61,2018,5,13,3,3,0,1,0,1,0,0,0,0,0,0,5.16803E+20,5.3704E+21,9.2274E+15,4.84865E+16
152818,8,3,15,130,2018,5,11,7,3,1,6,0,0,1,0,0,0,0,0,4.08827E+20,5.30083E+21,7.78119E+15,4.78543E+16
152819,8,2,12,0,2018,5,14,7,2,0,7,0,0,0,0,1,0,0,0,4.61826E+20,5.42849E+21,8.478E+15,4.90082E+16
152820,8,4,15,61,2018,5,6,3,3,8,1,0,0,0,0,1,0,0,0,5.18111E+20,5.37365E+21,9.24524E+15,4.85157E+16
152821,8,3,37,96,2018,5,7,3,2,0,1,0,1,1,0,0,0,0,0,4.23608E+20,5.26875E+21,7.98437E+15,4.75676E+16
152822,8,3,37,96,2018,5,23,3,3,5,3,2,0,1,0,0,0,0,1,4.20705E+20,5.26764E+21,7.94598E+15,4.75574E+16
152823,8,2,26,49,2018,5,13,7,3,5,3,0,1,1,0,0,0,0,0,4.86545E+20,5.46278E+21,8.81487E+15,4.93176E+16
152824,8,3,37,66,2018,5,18,3,3,5,3,0,0,1,0,1,0,0,0,4.3088E+20,5.26869E+21,8.08104E+15,4.7568E+16
152825,8,2,22,0,2018,5,15,7,3,5,3,0,1,1,0,0,0,0,0,4.62564E+20,5.48073E+21,8.48321E+15,4.94781E+16
152826,8,3,36,69,2018,5,20,3,3,5,2,0,0,1,0,1,0,0,0,4.08337E+20,5.26889E+21,7.78136E+15,4.75669E+16
152827,8,2,21,0,2018,5,14,7,3,0,7,0,0,0,0,1,0,0,0,4.77683E+20,5.47298E+21,8.69235E+15,4.94091E+16
152828,8,2,21,0,2018,5,16,7,3,3,2,0,1,0,0,0,0,0,0,4.77463E+20,5.47282E+21,8.68933E+15,4.94076E+16
152829,8,3,35,35,2018,5,19,3,3,1,5,0,1,1,0,0,0,0,0,4.85235E+20,5.28976E+21,8.80297E+15,4.7761E+16
152830,8,2,12,0,2018,5,11,7,3,1,5,0,0,1,0,0,0,0,0,4.56789E+20,5.42719E+21,8.40926E+15,4.89961E+16
152831,8,3,35,43,2018,5,15,3,3,0,1,0,1,0,0,0,0,0,0,5.13356E+20,5.2782E+21,9.17787E+15,4.76571E+16
152832,8,1,35,19,2018,5,13,7,3,5,3,0,1,1,0,0,0,0,0,5.85049E+20,5.3962E+21,1.01562E+16,4.8713E+16
152833,8,3,27,46,2018,5,18,3,3,2,6,0,0,1,0,0,0,0,0,4.80549E+20,5.32408E+21,8.7389E+15,4.80697E+16
152834,8,1,35,16,2018,5,19,7,3,5,2,0,0,1,0,1,0,0,0,5.93126E+20,5.38665E+21,1.02638E+16,4.8626E+16
152835,8,3,26,60,2018,5,12,3,3,0,1,0,1,0,0,0,0,0,0,4.47067E+20,5.3307E+21,8.28865E+15,4.81274E+16
152836,8,3,26,3,2018,5,9,3,3,2,6,0,1,1,0,0,0,0,0,4.6501E+20,5.31884E+21,8.53073E+15,4.80219E+16
152837,8,1,25,27,2018,5,16,7,2,4,1,0,0,1,0,0,0,0,0,5.19066E+20,5.44675E+21,9.26158E+15,4.91733E+16
152838,8,3,26,74,2018,5,15,3,2,6,4,0,0,1,1,0,0,0,0,4.64868E+20,5.32303E+21,8.52849E+15,4.80596E+16
152839,8,1,19,20,2018,5,1,7,2,0,1,2,1,0,0,0,0,0,0,5.20272E+20,5.40638E+21,9.27611E+15,4.88101E+16
152840,8,3,25,49,2018,5,11,3,2,4,6,0,0,1,0,1,0,0,0,4.73358E+20,5.33363E+21,8.64176E+15,4.81553E+16
152841,8,1,15,45,2018,5,16,7,3,1,5,0,1,1,0,0,0,0,0,5.01405E+20,5.39396E+21,9.01909E+15,4.86987E+16
152842,8,3,17,65,2018,5,7,3,3,5,3,0,1,1,0,0,0,0,0,4.15547E+20,5.35467E+21,7.86035E+15,4.83395E+16
152843,8,3,17,141,2018,5,18,3,2,4,6,0,0,1,0,1,0,1,0,4.15051E+20,5.3744E+21,7.84965E+15,4.8517E+16
152844,8,1,11,0,2018,5,15,7,3,8,6,0,1,0,0,0,0,0,0,5.11106E+20,5.39557E+21,9.15098E+15,4.87131E+16
152845,8,3,17,1,2018,5,13,3,3,5,3,0,0,1,0,1,0,0,0,4.30783E+20,5.38726E+21,8.06052E+15,4.86345E+16
152846,8,4,35,52,2018,5,13,6,3,4,1,0,0,0,0,1,0,1,0,5.27377E+20,5.28902E+21,9.36527E+15,4.77539E+16
152847,8,3,17,1,2018,5,12,3,3,5,3,0,0,1,0,0,0,0,0,4.29669E+20,5.38663E+21,8.0455E+15,4.86288E+16
152848,8,4,26,74,2018,5,21,6,2,0,1,2,1,0,0,0,0,0,0,5.5558E+20,5.3266E+21,9.74638E+15,4.80902E+16
152849,8,4,16,41,2018,5,9,6,3,3,3,0,1,1,0,0,0,0,0,5.04545E+20,5.37508E+21,9.06156E+15,4.85288E+16
152850,8,3,17,47,2018,5,17,3,2,4,1,0,0,0,0,1,0,1,0,4.20206E+20,5.36227E+21,7.92176E+15,4.84085E+16
152851,8,4,15,50,2018,5,8,6,3,4,2,0,1,0,0,1,0,0,0,5.214E+20,5.37585E+21,9.28989E+15,4.85354E+16
152852,8,3,16,9,2018,5,18,3,3,5,3,0,1,1,0,0,0,0,0,4.1755E+20,5.32425E+21,7.89328E+15,4.80662E+16
152853,8,3,37,96,2018,5,17,6,3,5,3,0,1,1,0,0,0,0,0,4.2071E+20,5.26727E+21,7.94611E+15,4.7554E+16
152854,8,3,11,0,2018,5,17,3,3,0,2,0,1,1,0,0,0,0,0,4.14614E+20,5.31762E+21,7.85521E+15,4.80062E+16
152855,8,3,35,43,2018,5,11,6,3,1,5,0,1,1,0,0,0,0,0,5.12589E+20,5.28008E+21,9.16771E+15,4.7674E+16
152856,8,3,11,0,2018,5,18,3,3,5,3,0,0,1,0,0,0,1,0,4.1453E+20,5.31601E+21,7.8544E+15,4.79917E+16
152857,8,3,11,0,2018,5,13,3,3,4,2,0,1,0,0,0,0,0,0,4.14903E+20,5.31679E+21,7.85925E+15,4.79987E+16
152858,8,3,35,43,2018,5,11,6,3,6,6,0,0,1,1,0,0,0,0,5.13116E+20,5.27849E+21,9.17469E+15,4.76597E+16
152859,8,2,12,0,2018,5,12,3,3,5,3,0,1,1,0,0,0,0,0,4.53166E+20,5.42882E+21,8.35956E+15,4.90105E+16
152860,8,3,35,75,2018,5,10,6,3,5,3,0,0,1,0,0,0,0,0,4.91157E+20,5.28877E+21,8.88201E+15,4.77522E+16
152861,8,2,12,0,2018,5,9,3,2,5,2,0,1,1,0,0,0,0,0,4.54985E+20,5.42905E+21,8.38441E+15,4.90127E+16
152862,8,3,26,74,2018,5,9,6,2,0,7,0,1,1,0,0,0,0,0,4.64849E+20,5.32404E+21,8.52815E+15,4.80687E+16
152863,8,3,25,12,2018,5,17,6,3,0,7,0,1,0,0,0,0,0,0,4.63673E+20,5.35511E+21,8.5097E+15,4.83481E+16
152864,8,2,12,0,2018,5,16,3,3,5,3,0,0,1,0,0,0,1,0,4.61489E+20,5.42723E+21,8.47351E+15,4.89968E+16
152865,8,3,25,51,2018,5,8,6,1,8,1,0,0,1,0,0,0,0,0,4.49803E+20,5.34884E+21,8.32326E+15,4.82907E+16
152866,8,2,15,17,2018,5,8,3,3,6,2,0,0,1,1,0,0,0,0,4.55822E+20,5.42125E+21,8.39669E+15,4.89426E+16
152867,8,2,26,76,2018,5,18,3,3,5,3,0,1,1,0,0,0,0,0,4.75232E+20,5.46571E+21,8.65902E+15,4.93436E+16
152868,8,3,25,49,2018,5,14,6,2,5,3,0,1,1,0,0,0,0,0,4.72561E+20,5.33413E+21,8.63103E+15,4.81598E+16
152869,8,2,26,31,2018,5,21,3,3,9,7,1,0,1,0,0,0,0,0,4.73593E+20,5.4936E+21,8.63459E+15,4.95944E+16
152870,8,3,17,65,2018,5,0,6,2,4,6,2,0,1,0,0,0,0,0,4.16123E+20,5.35376E+21,7.8683E+15,4.83314E+16
152871,8,2,26,32,2018,5,15,3,3,1,7,0,0,0,0,1,0,1,0,4.66452E+20,5.46278E+21,8.5384E+15,4.93169E+16
152872,8,3,17,65,2018,5,15,6,3,2,6,0,0,1,0,0,0,0,0,4.14658E+20,5.35463E+21,7.84836E+15,4.83391E+16
152873,8,2,25,74,2018,5,18,3,2,0,1,0,1,0,0,0,0,0,0,5.04426E+20,5.4679E+21,9.06095E+15,4.93638E+16
152874,8,3,17,65,2018,5,15,6,3,5,3,0,1,1,0,0,0,0,0,4.15142E+20,5.35467E+21,7.85488E+15,4.83395E+16
152875,8,2,22,0,2018,5,19,3,3,6,3,0,1,0,1,0,0,0,0,4.61216E+20,5.4839E+21,8.46429E+15,4.95065E+16
152876,8,3,17,57,2018,5,15,6,3,5,3,0,0,1,0,0,0,0,0,4.16837E+20,5.37939E+21,7.87284E+15,4.85621E+16
152877,8,3,16,9,2018,5,18,6,3,5,3,0,0,1,0,0,0,0,0,4.16674E+20,5.32536E+21,7.88131E+15,4.80761E+16
152878,8,2,22,0,2018,5,13,3,2,0,7,0,1,0,0,0,0,0,0,4.60279E+20,5.48257E+21,8.45149E+15,4.94945E+16
152879,8,2,22,0,2018,5,8,3,3,5,3,0,0,1,0,0,0,1,0,4.61298E+20,5.48147E+21,8.46566E+15,4.94846E+16
152880,8,2,22,0,2018,5,9,3,3,5,3,0,1,1,0,0,0,0,0,4.62479E+20,5.48249E+21,8.48187E+15,4.94939E+16
152881,8,3,15,76,2018,5,9,6,3,6,7,0,0,1,1,0,0,0,0,3.92171E+20,5.29663E+21,7.55963E+15,4.7814E+16
152882,8,2,22,0,2018,5,8,3,3,6,7,0,0,1,1,0,0,0,0,4.62104E+20,5.4841E+21,8.47654E+15,4.95084E+16
152883,8,3,15,47,2018,5,8,6,3,5,3,0,0,1,0,0,0,1,0,4.15234E+20,5.32091E+21,7.86286E+15,4.80359E+16
152884,8,2,21,0,2018,5,14,3,3,1,5,0,1,1,0,0,0,0,0,4.77463E+20,5.47292E+21,8.68933E+15,4.94086E+16
152885,8,3,11,0,2018,5,10,6,3,3,2,0,1,1,0,0,0,0,0,4.14542E+20,5.3167E+21,7.85442E+15,4.79978E+16
152886,8,2,21,0,2018,5,15,3,3,1,6,0,0,1,0,0,0,0,0,4.78789E+20,5.47299E+21,8.70759E+15,4.94093E+16
152887,8,2,21,0,2018,5,18,3,3,5,5,0,1,1,0,0,0,0,0,4.77506E+20,5.47187E+21,8.68997E+15,4.93991E+16
152888,8,3,11,0,2018,5,12,6,3,3,2,0,0,1,0,1,0,0,0,4.11472E+20,5.31957E+21,7.81268E+15,4.80233E+16
152889,8,3,36,14,2018,5,4,6,3,1,1,2,0,1,0,0,0,0,0,3.92333E+20,5.2781E+21,7.56639E+15,4.76473E+16
152890,8,2,21,0,2018,5,18,3,3,5,6,0,0,1,0,1,0,0,0,4.77241E+20,5.47051E+21,8.68641E+15,4.93869E+16
152891,8,3,11,0,2018,5,16,6,2,6,4,0,0,1,1,0,0,0,0,4.10032E+20,5.31652E+21,7.79401E+15,4.79956E+16
152892,8,2,16,7,2018,5,8,3,3,5,3,0,1,0,0,0,0,1,0,4.38217E+20,5.39449E+21,8.16032E+15,4.87003E+16
152893,8,3,11,0,2018,5,14,6,3,2,6,0,0,1,0,0,0,0,0,4.12543E+20,5.31775E+21,7.82742E+15,4.80071E+16
152894,8,2,11,0,2018,5,16,3,3,2,6,0,0,1,0,0,0,0,0,4.3594E+20,5.3971E+21,8.12899E+15,4.87237E+16
152895,8,3,11,0,2018,5,15,6,3,0,1,0,1,0,0,0,0,0,0,4.14E+20,5.31566E+21,7.84737E+15,4.79884E+16
152896,8,2,16,43,2018,5,22,3,3,5,2,2,0,1,0,1,0,0,0,4.41873E+20,5.41111E+21,8.20766E+15,4.88502E+16