OBJECTID_1,ULAND,UREGBEZ,UKREIS,UGEMEINDE,UJAHR,UMONAT,USTUNDE,UWOCHENTAG,UKATEGORIE,UART,UTYP1,ULICHTVERH,IstRad,IstPKW,IstFuss,IstKrad,IstGkfz,IstSonstig,STRZUSTAND,LINREFX,LINREFY,XGCSWGS84,YGCSWGS84
152897,8,4,36,81,2018,5,7,2,3,2,6,0,1,0,0,1,0,0,0,5.62579E+20,5.282E+21,9.83391E+15,4.76883E+16
152898,8,2,15,17,2018,5,16,6,3,5,2,0,1,0,0,1,0,0,0,4.55411E+20,5.42115E+21,8.39109E+15,4.89417E+16
152899,8,2,16,43,2018,5,6,3,3,0,1,0,1,0,0,0,0,0,0,4.41269E+20,5.41249E+21,8.19923E+15,4.88626E+16
152900,8,2,37,28,2018,5,17,6,3,6,4,0,0,1,1,0,0,0,0,4.56836E+20,5.36809E+21,8.4161E+15,4.84644E+16
152901,8,2,15,105,2018,5,14,3,3,4,6,0,1,1,0,0,0,0,0,4.56832E+20,5.44137E+21,8.40834E+15,4.91236E+16
152902,8,2,15,105,2018,5,19,3,2,5,3,0,1,1,0,0,0,0,0,4.57092E+20,5.4412E+21,8.41192E+15,4.91221E+16
152903,8,2,35,32,2018,5,16,6,3,4,2,0,0,0,0,1,0,1,0,4.74213E+20,5.37481E+21,8.65074E+15,4.85259E+16
152904,8,2,15,17,2018,5,10,3,3,1,7,0,0,1,0,0,0,0,0,4.56295E+20,5.42095E+21,8.40318E+15,4.89399E+16
152905,8,2,36,50,2018,5,13,6,3,1,7,0,0,1,0,0,1,0,0,4.8546E+20,5.42385E+21,8.80134E+15,4.89674E+16
152906,8,1,36,65,2018,5,8,3,3,5,3,0,1,0,0,0,0,0,0,5.58991E+20,5.40564E+21,9.80333E+15,4.88009E+16
152907,8,2,26,84,2018,5,10,6,3,6,4,0,0,1,1,0,0,0,0,4.68989E+20,5.47027E+21,8.57273E+15,4.93843E+16
152908,8,1,36,88,2018,5,17,3,3,5,3,0,0,1,0,0,0,0,0,5.86699E+20,5.40631E+21,1.01807E+16,4.88037E+16
152909,8,2,26,32,2018,5,18,6,3,5,3,0,0,1,0,0,0,0,0,4.67399E+20,5.46316E+21,8.5514E+15,4.93203E+16
152910,8,1,28,131,2018,5,17,3,3,8,1,0,0,0,0,0,0,1,0,5.36219E+20,5.51328E+21,9.503E+15,4.97709E+16
152911,8,2,22,0,2018,5,11,6,3,1,5,0,1,1,0,0,0,0,0,4.6224E+20,5.48101E+21,8.47872E+15,4.94805E+16
152912,8,2,22,0,2018,5,17,6,3,2,6,0,0,1,0,0,0,0,0,4.61289E+20,5.48194E+21,8.46549E+15,4.94889E+16
152913,8,1,28,139,2018,5,10,3,3,5,3,0,0,1,0,0,0,0,0,5.5088E+20,5.49099E+21,9.70369E+15,4.95694E+16
152914,8,2,16,43,2018,5,14,6,3,2,6,0,0,1,0,0,0,0,0,4.4155E+20,5.41265E+21,8.20304E+15,4.88641E+16
152915,8,1,25,65,2018,5,17,3,2,5,2,0,1,1,0,0,0,0,0,5.1642E+20,5.4489E+21,9.22537E+15,4.91927E+16
152916,8,1,21,0,2018,5,13,3,3,1,6,0,0,1,0,0,0,0,0,5.1582E+20,5.44329E+21,9.21691E+15,4.91423E+16
152917,8,2,15,9,2018,5,16,6,3,5,3,0,0,1,0,1,0,0,0,4.69916E+20,5.44087E+21,8.5877E+15,4.91199E+16
152918,8,1,19,91,2018,5,13,3,3,5,2,0,0,1,0,1,0,0,0,5.26761E+20,5.40651E+21,9.3645E+15,4.8811E+16
152919,8,2,15,105,2018,5,14,6,3,0,7,0,1,0,0,0,0,0,0,4.57524E+20,5.44135E+21,8.41783E+15,4.91235E+16
152920,8,1,19,67,2018,5,13,3,3,0,1,0,1,0,0,0,0,0,0,5.3955E+20,5.40619E+21,9.53865E+15,4.88074E+16
152921,8,2,12,0,2018,5,15,6,2,5,2,0,1,1,0,0,0,0,0,4.56886E+20,5.42779E+21,8.41054E+15,4.90015E+16
152922,8,1,36,65,2018,5,9,6,3,5,3,0,1,1,0,0,0,0,0,5.58648E+20,5.40646E+21,9.79878E+15,4.88083E+16
152923,8,1,18,46,2018,5,10,3,3,5,3,0,0,1,0,0,0,0,0,5.12693E+20,5.41259E+21,9.17308E+15,4.88661E+16
152924,8,1,35,16,2018,5,21,6,2,0,1,2,0,0,0,1,0,0,0,5.92033E+20,5.38639E+21,1.02489E+16,4.86238E+16
152925,8,1,35,15,2018,5,18,6,3,4,6,0,0,1,0,0,0,0,0,5.7543E+20,5.3862E+21,1.00236E+16,4.86243E+16
152926,8,1,18,51,2018,5,16,3,3,5,3,0,1,1,0,0,0,0,0,5.10268E+20,5.41541E+21,9.14007E+15,4.88916E+16
152927,8,4,21,0,2018,5,6,6,2,5,3,0,1,1,0,0,0,0,0,5.72916E+20,5.36488E+21,9.98577E+15,4.84328E+16
152928,8,1,18,11,2018,5,16,3,3,0,7,0,1,0,0,0,0,0,0,5.05759E+20,5.40846E+21,9.07846E+15,4.88291E+16
152929,8,1,18,74,2018,5,18,3,2,0,1,0,1,0,0,0,0,0,0,5.10997E+20,5.42832E+21,9.15037E+15,4.90076E+16
152930,8,1,26,11,2018,5,11,6,3,5,3,0,0,1,0,1,0,0,0,5.32182E+20,5.4472E+21,9.44156E+15,4.91768E+16
152931,8,1,17,26,2018,5,8,3,3,3,2,0,1,1,0,0,0,0,0,5.46896E+20,5.39518E+21,9.63744E+15,4.87079E+16
152932,8,1,26,66,2018,5,14,6,2,9,1,0,0,0,0,1,0,0,0,5.33336E+20,5.45506E+21,9.45804E+15,4.92474E+16
152933,8,1,16,78,2018,5,13,3,3,1,6,0,1,1,0,0,0,0,0,5.12518E+20,5.39259E+21,9.17008E+15,4.86862E+16
152934,8,1,25,26,2018,5,8,6,2,6,7,0,0,0,1,0,0,1,0,4.90177E+20,5.44251E+21,8.86533E+15,4.91353E+16
152935,8,1,19,85,2018,5,12,6,3,5,3,0,0,1,0,0,0,1,0,5.28864E+20,5.41395E+21,9.39366E+15,4.88779E+16
152936,8,1,16,19,2018,5,17,3,3,5,2,0,0,1,0,1,0,0,0,5.23228E+20,5.39769E+21,9.31588E+15,4.87318E+16
152937,8,1,17,29,2018,5,17,6,2,0,1,0,1,0,0,0,0,0,0,5.41959E+20,5.39076E+21,9.56988E+15,4.86685E+16
152938,8,1,16,14,2018,5,14,3,3,5,3,0,0,1,0,1,0,0,0,5.28069E+20,5.39561E+21,9.38157E+15,4.87129E+16
152939,8,1,16,19,2018,5,17,3,3,5,3,0,1,1,0,0,0,0,0,5.23098E+20,5.39835E+21,9.31414E+15,4.87378E+16
152940,8,1,16,71,2018,5,7,6,3,5,3,0,0,1,0,0,0,0,0,5.2814E+20,5.39144E+21,9.38225E+15,4.86754E+16
152941,8,1,15,45,2018,5,14,3,3,5,2,0,0,1,0,1,0,0,0,5.00528E+20,5.39448E+21,9.00717E+15,4.87034E+16
152942,8,1,15,45,2018,5,16,3,3,2,6,0,0,1,0,0,0,0,0,5.00592E+20,5.39371E+21,9.00804E+15,4.86964E+16
152943,8,1,16,47,2018,5,14,6,3,0,3,0,0,1,0,0,1,1,0,5.19983E+20,5.39274E+21,9.2715E+15,4.86873E+16
152944,8,1,15,45,2018,5,19,3,2,8,1,0,0,1,0,0,0,0,0,4.99278E+20,5.39324E+21,8.99019E+15,4.86922E+16
152945,8,1,15,21,2018,5,14,6,3,6,7,0,1,0,1,0,0,0,0,4.89761E+20,5.38243E+21,8.86114E+15,4.85949E+16
152946,8,3,36,91,2018,5,2,5,3,9,1,2,0,1,0,0,0,0,0,3.92939E+20,5.27532E+21,7.57513E+15,4.76224E+16
152947,8,3,36,50,2018,5,17,5,3,0,3,0,0,1,0,1,0,0,0,3.99221E+20,5.27397E+21,7.65903E+15,4.76113E+16
152948,8,1,15,21,2018,5,18,3,3,1,6,0,0,1,0,0,0,0,0,4.92123E+20,5.38091E+21,8.8932E+15,4.85812E+16
152949,8,3,16,11,2018,5,12,5,3,4,6,0,0,1,0,0,0,0,1,4.16364E+20,5.32825E+21,7.87658E+15,4.8102E+16
152950,8,1,11,0,2018,5,22,3,2,5,3,2,0,1,0,0,0,0,0,5.07957E+20,5.39786E+21,9.10821E+15,4.87337E+16
152951,8,2,37,19,2018,5,18,5,3,8,1,0,0,0,0,1,0,0,0,4.62616E+20,5.36887E+21,8.49421E+15,4.84718E+16
152952,8,1,11,0,2018,5,7,3,3,5,3,0,1,1,0,0,0,0,0,5.0808E+20,5.40674E+21,9.11005E+15,4.88136E+16
152953,8,2,31,0,2018,5,14,5,3,2,6,0,0,1,0,0,0,0,0,4.80086E+20,5.41578E+21,8.72831E+15,4.88947E+16
152954,8,1,11,0,2018,5,10,3,3,5,3,0,0,1,0,0,1,0,0,5.15211E+20,5.40402E+21,9.20709E+15,4.8789E+16
152955,8,4,36,64,2018,5,18,2,3,1,1,0,1,1,0,0,0,0,0,5.45784E+20,5.29142E+21,9.6111E+15,4.77745E+16
152956,8,2,15,109,2018,5,7,4,3,4,7,0,0,1,0,0,0,0,0,4.61431E+20,5.43494E+21,8.47199E+15,4.90661E+16
152957,8,4,21,0,2018,5,17,4,3,3,7,0,1,1,0,0,0,0,0,5.70856E+20,5.3606E+21,9.95719E+15,4.83946E+16
152958,8,4,21,0,2018,5,16,4,3,0,1,0,1,0,0,0,0,0,0,5.70635E+20,5.35787E+21,9.95375E+15,4.837E+16
152959,8,4,25,31,2018,5,13,4,3,4,6,0,0,1,0,0,0,0,0,5.65478E+20,5.36788E+21,9.88569E+15,4.84606E+16
152960,8,4,21,0,2018,5,14,4,3,6,7,0,0,1,1,0,0,0,0,5.73058E+20,5.36114E+21,9.98703E+15,4.83991E+16
152961,8,4,21,0,2018,5,9,4,3,2,6,0,0,1,0,0,0,0,1,5.7293E+20,5.36086E+21,9.98526E+15,4.83967E+16
152962,8,4,16,25,2018,5,18,4,3,2,6,0,0,1,0,0,0,1,1,5.02909E+20,5.3612E+21,9.03931E+15,4.84039E+16
152963,8,3,36,91,2018,5,22,4,3,6,4,2,0,1,1,0,0,0,0,3.96147E+20,5.27195E+21,7.61861E+15,4.75926E+16
152964,8,3,36,105,2018,5,16,4,3,2,6,0,0,1,0,0,0,1,1,4.00091E+20,5.26726E+21,7.67212E+15,4.7551E+16
152965,8,3,35,43,2018,5,15,4,3,6,7,0,0,1,1,0,0,0,1,5.11733E+20,5.28048E+21,9.15632E+15,4.76776E+16
152966,8,4,35,16,2018,5,8,4,2,6,4,0,0,1,1,0,0,0,0,5.37691E+20,5.27764E+21,9.50189E+15,4.7651E+16
152967,8,1,18,48,2018,5,7,2,3,5,3,0,1,1,0,0,0,0,0,5.13118E+20,5.41703E+21,9.17902E+15,4.89061E+16
152968,8,4,36,64,2018,5,16,4,3,5,3,0,0,1,0,1,0,0,1,5.45391E+20,5.29326E+21,9.60605E+15,4.77911E+16
152969,8,3,27,50,2018,5,7,4,3,4,2,0,1,1,0,0,0,0,1,4.86396E+20,5.31545E+21,8.81765E+15,4.79922E+16
152970,8,3,17,146,2018,5,19,4,3,0,7,0,1,0,0,0,0,0,0,4.325E+20,5.35612E+21,8.08885E+15,4.83546E+16
152971,8,3,17,122,2018,5,15,4,3,5,3,0,0,1,0,0,0,1,1,4.17049E+20,5.36811E+21,7.87795E+15,4.84607E+16
152972,8,3,17,96,2018,5,19,4,3,5,3,0,0,1,0,0,0,0,0,4.21381E+20,5.37038E+21,7.93611E+15,4.84816E+16
152973,8,3,17,57,2018,5,7,4,3,5,3,0,0,1,0,0,0,0,1,4.13724E+20,5.37991E+21,7.83055E+15,4.85663E+16
152974,8,3,16,11,2018,5,13,4,3,5,3,0,1,1,0,0,0,0,1,4.14973E+20,5.32735E+21,7.85808E+15,4.80938E+16
152975,8,3,11,0,2018,5,3,4,3,1,1,2,0,1,0,1,0,0,1,4.13129E+20,5.31602E+21,7.83562E+15,4.79916E+16
152976,8,3,36,69,2018,5,13,4,3,5,3,0,1,1,0,0,0,0,0,4.08195E+20,5.26856E+21,7.77954E+15,4.75639E+16
152977,8,3,11,0,2018,5,17,4,3,2,6,0,0,1,0,0,0,0,0,4.11257E+20,5.32012E+21,7.80969E+15,4.80282E+16
152978,8,3,36,8,2018,5,10,4,3,5,3,0,1,1,0,0,0,0,1,3.96827E+20,5.27668E+21,7.62654E+15,4.76353E+16
152979,8,3,11,0,2018,5,15,4,3,0,1,0,1,0,0,0,0,0,1,4.13305E+20,5.31651E+21,7.83789E+15,4.7996E+16
152980,8,3,11,0,2018,5,14,4,3,5,3,0,1,1,0,0,0,0,0,4.10421E+20,5.31567E+21,7.7994E+15,4.7988E+16
152981,8,2,12,0,2018,5,16,4,3,3,6,0,1,1,0,0,0,0,0,4.5684E+20,5.42873E+21,8.4098E+15,4.90099E+16
152982,8,2,12,0,2018,5,20,4,3,1,7,0,0,1,0,0,0,0,0,4.55474E+20,5.42887E+21,8.39111E+15,4.90111E+16
152983,8,2,35,85,2018,5,11,4,3,5,3,0,0,1,0,0,0,0,0,4.82418E+20,5.39464E+21,8.76103E+15,4.87045E+16
152984,8,2,26,32,2018,5,14,4,3,2,2,0,0,1,0,0,0,1,0,4.66282E+20,5.46528E+21,8.53585E+15,4.93393E+16
152985,8,2,25,58,2018,5,14,4,3,1,6,0,0,1,1,1,0,0,0,5.07669E+20,5.46575E+21,9.10558E+15,4.93445E+16
152986,8,2,22,0,2018,5,16,4,3,1,6,0,0,1,0,0,0,0,0,4.62058E+20,5.48148E+21,8.47615E+15,4.94848E+16
152987,8,1,18,48,2018,5,8,2,3,5,3,0,1,1,0,0,0,0,1,5.1488E+20,5.41537E+21,9.203E+15,4.88911E+16
152988,8,2,22,0,2018,5,18,4,3,5,3,0,1,1,0,0,0,0,0,4.65691E+20,5.47678E+21,8.52672E+15,4.94427E+16
152989,8,2,21,0,2018,5,14,4,3,1,6,0,0,1,0,0,0,0,0,4.73926E+20,5.4729E+21,8.64056E+15,4.94082E+16
152990,8,2,26,85,2018,5,5,4,2,5,3,1,0,1,0,1,0,0,1,4.91173E+20,5.45509E+21,8.87872E+15,4.92485E+16
152991,8,1,18,11,2018,5,14,2,3,8,7,0,0,1,0,0,0,0,1,5.05078E+20,5.40778E+21,9.06918E+15,4.88229E+16
152992,8,2,15,9,2018,5,18,4,3,5,3,0,0,1,0,0,0,0,1,4.69998E+20,5.44232E+21,8.58872E+15,4.9133E+16
152993,8,2,15,7,2018,5,10,4,3,2,7,0,0,1,0,0,0,1,1,4.76899E+20,5.43139E+21,8.68394E+15,4.9035E+16
152994,8,2,12,0,2018,5,2,4,3,9,1,2,0,1,0,0,0,0,1,4.60664E+20,5.42727E+21,8.46224E+15,4.89971E+16
152995,8,2,11,0,2018,5,15,4,3,5,3,0,1,1,0,0,0,0,0,4.4267E+20,5.40275E+21,8.21969E+15,4.87752E+16
152996,8,1,36,88,2018,5,17,4,3,5,3,0,0,1,0,0,0,0,1,5.81808E+20,5.41054E+21,1.0115E+16,4.88424E+16
152997,8,1,28,115,2018,5,3,4,3,6,7,2,0,1,1,0,0,0,0,5.47428E+20,5.49748E+21,9.65673E+15,4.9628E+16
152998,8,1,28,7,2018,5,14,4,3,2,2,0,0,1,0,0,0,0,1,5.55577E+20,5.48301E+21,9.76752E+15,4.94972E+16
152999,8,1,27,76,2018,5,15,4,3,5,3,0,1,1,0,0,0,0,1,5.5666E+20,5.44053E+21,9.77644E+15,4.9115E+16
153000,8,2,12,0,2018,5,16,7,3,5,7,0,1,1,0,0,0,0,0,4.56917E+20,5.42796E+21,8.41093E+15,4.90031E+16
153001,8,1,26,66,2018,5,15,4,2,5,3,0,1,1,0,0,0,0,0,5.3563E+20,5.4512E+21,9.48922E+15,4.92126E+16
153002,8,1,27,46,2018,5,17,7,3,2,2,0,1,1,0,0,0,0,0,5.7078E+20,5.45013E+21,9.97159E+15,4.91999E+16
153003,8,1,21,0,2018,5,15,4,3,5,3,0,0,1,0,0,0,0,0,5.15885E+20,5.44147E+21,9.21773E+15,4.91259E+16
153004,8,1,26,58,2018,5,19,7,3,0,7,0,1,0,0,0,0,0,0,5.42341E+20,5.4504E+21,9.58127E+15,4.92049E+16
153005,8,1,21,0,2018,5,9,7,3,0,7,0,0,1,0,0,0,1,0,5.1403E+20,5.44273E+21,9.19235E+15,4.91372E+16
153006,8,1,19,20,2018,5,16,4,3,2,6,0,0,1,0,1,0,0,0,5.1927E+20,5.40962E+21,9.26261E+15,4.88393E+16
153007,8,1,19,90,2018,5,14,7,3,0,7,0,1,0,0,0,0,0,0,5.322E+20,5.40586E+21,9.43853E+15,4.88049E+16
153008,8,1,18,48,2018,5,11,7,3,1,5,0,0,1,0,0,0,0,0,5.1542E+20,5.41591E+21,9.21039E+15,4.8896E+16
153009,8,1,15,10,2018,5,16,4,2,1,5,0,0,1,0,1,0,0,1,4.87158E+20,5.38877E+21,8.82564E+15,4.86519E+16
153010,8,1,17,26,2018,5,15,7,3,1,6,0,0,1,0,0,0,0,0,5.47626E+20,5.39463E+21,9.6473E+15,4.87029E+16
153011,8,1,17,15,2018,5,14,4,2,8,1,0,0,1,0,0,0,0,1,5.56843E+20,5.39609E+21,9.77276E+15,4.87152E+16
153012,8,1,17,33,2018,5,9,7,3,0,1,0,0,0,0,1,0,0,0,5.59136E+20,5.38706E+21,9.80264E+15,4.86338E+16
153013,8,1,16,33,2018,5,14,4,3,5,3,0,0,1,0,0,0,0,1,5.33711E+20,5.38832E+21,9.45767E+15,4.86471E+16
153014,8,1,16,56,2018,5,18,4,2,0,1,0,1,0,0,0,0,0,1,5.30749E+20,5.39512E+21,9.41797E+15,4.87083E+16
153015,8,4,37,104,2018,5,7,6,3,4,1,0,1,1,0,0,0,0,0,5.16206E+20,5.32608E+21,9.21762E+15,4.80877E+16
153016,8,1,15,50,2018,5,16,4,3,3,6,0,0,1,0,0,0,0,1,4.86644E+20,5.40236E+21,8.81821E+15,4.87741E+16
153017,8,4,36,82,2018,5,22,6,3,0,1,2,1,0,0,0,0,0,0,5.47808E+20,5.29485E+21,9.6385E+15,4.78052E+16
153018,8,4,17,31,2018,5,16,6,3,0,1,0,1,0,0,0,0,0,0,4.97808E+20,5.35557E+21,8.97041E+15,4.83533E+16
153019,8,1,11,0,2018,5,8,4,3,2,6,0,0,0,0,1,1,0,1,5.12349E+20,5.40132E+21,9.16805E+15,4.87647E+16
153020,8,4,16,41,2018,5,20,6,3,1,5,0,1,1,0,0,0,0,0,5.04713E+20,5.37473E+21,9.06384E+15,4.85257E+16
153021,8,1,11,0,2018,5,14,4,3,2,6,0,0,1,0,0,0,0,0,5.1431E+20,5.40221E+21,9.19476E+15,4.87727E+16
153022,8,4,16,36,2018,5,19,6,3,2,2,0,0,0,0,1,0,1,0,4.93755E+20,5.36292E+21,8.9156E+15,4.84194E+16
153023,8,4,16,11,2018,5,8,6,3,5,3,0,1,0,0,0,0,1,0,5.04271E+20,5.36661E+21,9.05776E+15,4.84526E+16
153024,8,4,36,64,2018,5,6,3,3,0,3,0,0,1,1,0,0,0,0,5.45632E+20,5.29137E+21,9.60907E+15,4.77741E+16
153025,8,4,16,41,2018,5,12,6,3,0,7,0,1,0,0,0,0,0,0,5.04423E+20,5.37659E+21,9.05992E+15,4.85424E+16
153026,8,4,35,16,2018,5,11,3,3,6,7,0,0,1,1,0,0,0,1,5.36641E+20,5.28238E+21,9.48832E+15,4.76937E+16
153027,8,3,37,123,2018,5,18,6,3,5,1,0,1,1,0,0,0,0,0,4.52385E+20,5.27881E+21,8.36583E+15,4.7661E+16
153028,8,4,26,13,2018,5,17,3,2,0,1,0,1,0,0,0,0,0,1,5.45395E+20,5.32336E+21,9.60928E+15,4.80619E+16
153029,8,4,21,0,2018,5,14,3,3,5,3,0,0,1,0,0,0,0,0,5.70514E+20,5.36162E+21,9.95275E+15,4.84038E+16
153030,8,3,37,116,2018,5,9,6,3,0,1,0,0,0,0,1,0,1,0,4.17892E+20,5.27421E+21,7.90737E+15,4.76161E+16
153031,8,4,25,31,2018,5,17,3,3,5,3,0,1,1,0,0,0,0,0,5.69963E+20,5.36876E+21,9.9465E+15,4.84681E+16
153032,8,3,37,96,2018,5,17,6,3,5,3,0,1,1,0,0,0,0,0,4.19311E+20,5.26685E+21,7.9276E+15,4.755E+16
153033,8,4,17,79,2018,5,12,3,3,0,1,0,1,0,0,0,0,0,0,5.00514E+20,5.3444E+21,9.00693E+15,4.82528E+16
153034,8,3,26,74,2018,5,18,6,2,5,3,0,0,1,0,1,0,0,0,4.64956E+20,5.3228E+21,8.52968E+15,4.80575E+16
153035,8,4,16,41,2018,5,0,3,2,5,3,2,1,0,0,0,0,1,1,5.04522E+20,5.37654E+21,9.06126E+15,4.85419E+16
153036,8,3,17,57,2018,5,12,6,3,1,5,0,1,1,0,0,0,0,0,4.12442E+20,5.38083E+21,7.81298E+15,4.85744E+16
153037,8,1,17,26,2018,5,5,2,3,5,3,1,0,1,0,0,0,0,1,5.49526E+20,5.39364E+21,9.673E+15,4.86939E+16
153038,8,4,15,61,2018,5,7,3,3,3,6,0,0,1,0,1,0,0,1,5.16127E+20,5.37191E+21,9.21831E+15,4.85001E+16
153039,8,3,17,118,2018,5,20,6,3,6,4,0,1,0,1,0,0,0,0,4.35491E+20,5.38544E+21,8.1247E+15,4.86187E+16
153040,8,4,15,53,2018,5,15,3,3,8,1,0,1,0,0,0,0,0,0,5.36756E+20,5.36219E+21,9.49671E+15,4.84118E+16
153041,8,3,17,57,2018,5,14,6,2,5,2,0,0,1,0,1,0,0,0,4.1343E+20,5.37939E+21,7.82668E+15,4.85616E+16
153042,8,3,36,50,2018,5,10,6,3,1,3,0,1,1,0,0,0,0,0,3.99667E+20,5.27411E+21,7.66493E+15,4.76126E+16
153043,8,3,37,116,2018,5,10,3,2,5,3,0,1,1,0,0,0,0,1,4.17877E+20,5.2707E+21,7.90783E+15,4.75845E+16
153044,8,3,11,0,2018,5,20,6,3,5,3,0,0,1,0,1,0,0,0,4.14899E+20,5.31678E+21,7.8592E+15,4.79986E+16
153045,8,3,36,57,2018,5,17,3,3,1,5,0,0,1,0,0,0,0,1,4.07674E+20,5.27764E+21,7.7707E+15,4.76455E+16
153046,8,3,11,0,2018,5,16,6,3,5,2,0,0,1,0,1,0,0,0,4.12654E+20,5.31577E+21,7.82931E+15,4.79893E+16
153047,8,3,36,69,2018,5,8,3,3,5,3,0,1,1,0,0,0,0,1,4.06182E+20,5.26938E+21,7.7526E+15,4.7571E+16
153048,8,3,11,0,2018,5,18,6,3,5,1,0,1,1,0,0,0,0,0,4.13638E+20,5.31592E+21,7.84246E+15,4.79908E+16
153049,8,3,35,79,2018,5,13,3,3,2,6,0,0,1,0,0,0,0,1,4.99603E+20,5.29874E+21,8.99469E+15,4.7842E+16
153050,8,3,35,75,2018,5,15,3,3,4,7,0,0,1,0,0,0,0,1,4.88322E+20,5.29057E+21,8.84414E+15,4.77684E+16
153051,8,2,12,0,2018,5,17,6,3,5,3,0,1,1,0,0,0,0,0,4.56662E+20,5.42881E+21,8.40736E+15,4.90107E+16
153052,8,3,35,63,2018,5,15,3,3,5,3,0,1,1,0,0,0,0,1,4.98677E+20,5.28785E+21,8.98235E+15,4.77441E+16
153053,8,2,15,110,2018,5,14,6,3,5,3,0,1,1,0,0,0,0,0,4.62145E+20,5.41903E+21,8.48324E+15,4.89231E+16
153054,8,2,15,46,2018,5,10,6,2,8,1,0,1,0,0,0,0,0,0,4.50983E+20,5.41451E+21,8.33142E+15,4.88816E+16
153055,8,3,35,43,2018,5,12,3,3,1,5,0,1,0,0,0,0,1,1,5.11059E+20,5.28143E+21,9.14737E+15,4.76862E+16
153056,8,2,12,0,2018,5,18,6,3,6,2,0,0,1,1,0,0,0,0,4.60699E+20,5.42778E+21,8.46266E+15,4.90016E+16
153057,8,3,35,43,2018,5,15,3,3,6,6,0,1,0,1,0,0,0,0,5.13024E+20,5.27862E+21,9.17347E+15,4.76609E+16
153058,8,2,12,0,2018,5,9,6,3,5,3,0,1,1,0,0,0,0,0,4.53263E+20,5.42941E+21,8.36081E+15,4.90158E+16
153059,8,3,25,49,2018,5,19,3,3,6,6,0,1,0,1,0,0,0,0,4.74871E+20,5.33497E+21,8.66204E+15,4.81675E+16
153060,8,3,17,96,2018,5,8,3,2,0,1,0,1,0,0,0,0,0,1,4.22025E+20,5.36895E+21,7.9451E+15,4.84688E+16
153061,8,2,35,33,2018,5,18,6,3,2,6,0,0,1,0,1,0,0,0,4.59153E+20,5.40394E+21,8.4439E+15,4.87871E+16
153062,8,3,17,59,2018,5,7,3,3,5,3,0,0,1,0,0,0,0,0,4.13012E+20,5.34921E+21,7.82728E+15,4.82901E+16
153063,8,2,26,98,2018,5,11,6,3,2,6,0,0,1,0,0,0,0,0,4.76643E+20,5.45975E+21,8.67879E+15,4.929E+16
153064,8,3,17,57,2018,5,15,3,3,0,7,0,1,0,0,0,0,0,0,4.12517E+20,5.38009E+21,7.81415E+15,4.85678E+16
153065,8,3,17,65,2018,5,13,3,2,4,6,0,0,1,0,0,0,0,0,4.17937E+20,5.35456E+21,7.89261E+15,4.83389E+16
153066,8,2,26,96,2018,5,16,6,3,3,5,0,0,1,0,1,0,0,0,4.76079E+20,5.48805E+21,8.66933E+15,4.95446E+16
153067,8,3,16,43,2018,5,12,3,3,5,3,0,1,1,0,0,0,0,0,4.11501E+20,5.33117E+21,7.81067E+15,4.81276E+16
153068,8,2,26,13,2018,5,14,6,3,1,1,0,0,1,0,1,0,0,0,4.99732E+20,5.48068E+21,8.9963E+15,4.94788E+16
153069,8,2,22,0,2018,5,16,6,3,6,7,0,0,0,1,0,0,1,0,4.61557E+20,5.48099E+21,8.46929E+15,4.94803E+16
153070,8,3,11,0,2018,5,19,3,3,5,3,1,1,1,0,0,0,0,1,4.14309E+20,5.31938E+21,7.85076E+15,4.8022E+16
153071,8,2,26,96,2018,5,18,6,2,6,7,0,0,1,1,0,0,0,0,4.7606E+20,5.48878E+21,8.66903E+15,4.95512E+16
153072,8,3,11,0,2018,5,20,3,3,0,1,1,1,0,0,0,0,0,1,4.13863E+20,5.31623E+21,7.84541E+15,4.79936E+16
153073,8,2,22,0,2018,5,8,6,3,5,3,0,1,1,0,0,0,0,0,4.62498E+20,5.48085E+21,8.48228E+15,4.94792E+16
153074,8,3,11,0,2018,5,7,3,3,3,2,0,0,1,0,0,0,1,0,4.14575E+20,5.31822E+21,7.85456E+15,4.80116E+16
153075,8,3,11,0,2018,5,15,3,3,6,4,0,0,1,1,0,0,0,1,4.17466E+20,5.31499E+21,7.89394E+15,4.79829E+16
153076,8,2,21,0,2018,5,13,6,3,0,7,0,1,1,0,0,0,0,0,4.74584E+20,5.4746E+21,8.64954E+15,4.94235E+16
153077,8,3,36,50,2018,5,11,3,2,6,6,0,0,1,1,0,0,0,1,3.99547E+20,5.27424E+21,7.66329E+15,4.76138E+16
153078,8,3,11,0,2018,5,19,3,3,2,6,0,0,1,0,0,0,0,1,4.18295E+20,5.31474E+21,7.90509E+15,4.79808E+16
153079,8,2,21,0,2018,5,18,6,3,5,3,0,1,1,0,0,0,0,0,4.77303E+20,5.46985E+21,8.68729E+15,4.93809E+16
153080,8,4,25,72,2018,5,12,6,2,1,5,0,1,1,0,0,0,0,0,5.82883E+20,5.3723E+21,1.0122E+16,4.84983E+16
153081,8,2,25,109,2018,5,20,6,2,0,1,0,1,0,0,0,0,0,0,5.2778E+20,5.48982E+21,9.38414E+15,4.95603E+16
153082,8,2,15,64,2018,5,13,3,2,4,6,0,0,1,0,1,0,0,0,4.78804E+20,5.45163E+21,8.70894E+15,4.92171E+16
153083,8,1,21,0,2018,5,8,6,2,6,4,0,0,1,1,0,0,0,0,5.17014E+20,5.44236E+21,9.23324E+15,4.91338E+16