OBJECTID_1,ULAND,UREGBEZ,UKREIS,UGEMEINDE,UJAHR,UMONAT,USTUNDE,UWOCHENTAG,UKATEGORIE,UART,UTYP1,ULICHTVERH,IstRad,IstPKW,IstFuss,IstKrad,IstGkfz,IstSonstig,STRZUSTAND,LINREFX,LINREFY,XGCSWGS84,YGCSWGS84
153832,8,4,17,13,2018,6,16,5,3,5,3,0,0,1,0,0,0,0,0,5.07595E+20,5.34911E+21,9.1024E+15,4.82952E+16
153833,8,3,36,105,2018,6,19,2,3,0,1,0,0,0,0,1,0,0,1,4.01081E+20,5.26712E+21,7.68531E+15,4.755E+16
153834,8,4,16,36,2018,6,18,5,3,6,7,0,0,1,1,0,0,0,1,4.9472E+20,5.36942E+21,8.92855E+15,4.84778E+16
153835,8,3,35,43,2018,6,11,2,3,0,1,0,1,0,0,0,0,0,0,5.13354E+20,5.27813E+21,9.17784E+15,4.76565E+16
153836,8,4,15,61,2018,6,11,5,3,5,3,0,0,1,0,0,0,0,0,5.15207E+20,5.37102E+21,9.20583E+15,4.84921E+16
153837,8,3,27,50,2018,6,20,2,3,5,3,0,0,1,0,0,0,0,0,4.86504E+20,5.31431E+21,8.81914E+15,4.7982E+16
153838,8,4,15,61,2018,6,18,5,3,1,6,0,1,1,0,0,0,0,0,5.14358E+20,5.37184E+21,9.19436E+15,4.84995E+16
153839,8,3,25,49,2018,6,10,2,3,0,7,0,0,0,0,1,0,0,0,4.72005E+20,5.33522E+21,8.62347E+15,4.81696E+16
153840,8,4,17,2,2018,6,17,2,2,0,7,0,1,0,0,0,0,0,0,4.87914E+20,5.34512E+21,8.83716E+15,4.82592E+16
153841,8,4,15,50,2018,6,14,5,3,6,7,0,0,1,1,0,0,0,0,5.20508E+20,5.37568E+21,9.2778E+15,4.85339E+16
153842,8,3,17,93,2018,6,5,2,3,9,1,0,1,0,0,0,0,0,0,4.41784E+20,5.35103E+21,8.21487E+15,4.83098E+16
153843,8,3,35,43,2018,6,17,5,3,1,5,0,1,1,0,0,0,0,0,5.13587E+20,5.27976E+21,9.18099E+15,4.76711E+16
153844,8,3,35,43,2018,6,11,5,3,0,3,0,1,1,0,0,0,0,0,5.13329E+20,5.27897E+21,9.17754E+15,4.7664E+16
153845,8,3,17,97,2018,6,11,2,3,5,3,0,0,1,0,0,0,0,0,4.24821E+20,5.36469E+21,7.98368E+15,4.84309E+16
153846,8,3,35,43,2018,6,17,5,2,6,4,0,1,0,1,0,0,0,0,5.1298E+20,5.27921E+21,9.1729E+15,4.76661E+16
153847,8,3,15,108,2018,6,8,2,3,2,6,0,0,1,0,0,0,0,0,4.04806E+20,5.30501E+21,7.72652E+15,4.78914E+16
153848,8,3,27,50,2018,6,16,5,3,6,4,0,0,1,1,0,0,0,0,4.85856E+20,5.31397E+21,8.81047E+15,4.79788E+16
153849,8,3,11,0,2018,6,13,2,3,2,6,0,1,0,0,0,0,0,0,4.13241E+20,5.31654E+21,7.83702E+15,4.79963E+16
153850,8,3,36,50,2018,6,13,2,3,0,3,0,0,1,0,0,0,1,0,3.99718E+20,5.27436E+21,7.66554E+15,4.76149E+16
153851,8,3,26,3,2018,6,11,5,2,1,5,0,1,1,0,0,0,0,0,4.64826E+20,5.31994E+21,8.52819E+15,4.80318E+16
153852,8,3,11,0,2018,6,12,2,3,2,6,0,0,1,0,1,0,0,0,4.14069E+20,5.3157E+21,7.84828E+15,4.79888E+16
153853,8,3,16,56,2018,6,8,5,3,3,3,0,1,1,0,0,0,0,0,4.23343E+20,5.32844E+21,7.97028E+15,4.81046E+16
153854,8,2,12,0,2018,6,18,2,3,0,6,0,1,0,0,0,0,0,0,4.57669E+20,5.42879E+21,8.42113E+15,4.90105E+16
153855,8,2,35,66,2018,6,14,2,3,2,7,0,0,0,0,1,0,1,0,4.63659E+20,5.38587E+21,8.50684E+15,4.86248E+16
153856,8,3,16,17,2018,6,10,5,3,5,3,0,0,1,0,0,0,1,0,4.09122E+20,5.34127E+21,7.77654E+15,4.82182E+16
153857,8,2,26,54,2018,6,9,2,3,5,3,0,1,1,0,0,0,0,0,4.78266E+20,5.45385E+21,8.70143E+15,4.9237E+16
153858,8,3,15,52,2018,6,9,5,3,8,1,0,0,1,0,0,0,0,0,4.35012E+20,5.3059E+21,8.13042E+15,4.79031E+16
153859,8,3,36,50,2018,6,18,5,3,5,3,0,1,1,0,0,0,0,0,4.00339E+20,5.27505E+21,7.67365E+15,4.76212E+16
153860,8,2,26,85,2018,6,7,2,2,5,3,0,0,1,0,1,0,0,0,4.93974E+20,5.45189E+21,8.91724E+15,4.92198E+16
153861,8,2,12,0,2018,6,14,5,3,3,6,0,1,1,0,0,0,0,0,4.56491E+20,5.42852E+21,8.40505E+15,4.90081E+16
153862,8,2,22,0,2018,6,7,2,2,0,1,0,1,0,0,0,0,0,0,4.66198E+20,5.47478E+21,8.53388E+15,4.94248E+16
153863,8,2,15,109,2018,6,10,5,3,5,2,0,0,1,0,0,0,1,0,4.60602E+20,5.43272E+21,8.46085E+15,4.90461E+16
153864,8,2,22,0,2018,6,10,2,3,3,2,0,1,1,0,0,0,0,0,4.61529E+20,5.48226E+21,8.46877E+15,4.94918E+16
153865,8,2,21,0,2018,6,14,2,3,1,5,0,1,1,0,0,0,0,0,4.7763E+20,5.47068E+21,8.69175E+15,4.93884E+16
153866,8,2,15,84,2018,6,17,5,3,5,3,0,0,1,0,0,0,1,0,4.72363E+20,5.44787E+21,8.62076E+15,4.9183E+16
153867,8,2,21,0,2018,6,19,2,3,3,6,0,1,0,0,0,0,1,0,4.76998E+20,5.4739E+21,8.68286E+15,4.94174E+16
153868,8,2,12,0,2018,6,0,2,3,5,2,2,1,0,0,0,0,0,0,4.54959E+20,5.43187E+21,8.38372E+15,4.9038E+16
153869,8,2,12,0,2018,6,15,5,2,5,3,0,0,1,0,1,0,0,0,4.55004E+20,5.42928E+21,8.38463E+15,4.90148E+16
153870,8,2,31,0,2018,6,7,5,3,0,7,0,0,0,0,0,1,1,0,4.77798E+20,5.41548E+21,8.69711E+15,4.88919E+16
153871,8,2,36,62,2018,6,19,5,3,4,7,0,0,1,0,0,0,0,1,4.85005E+20,5.40837E+21,8.79569E+15,4.88282E+16
153872,8,2,12,0,2018,6,14,2,3,1,5,0,0,1,0,0,0,0,0,4.54241E+20,5.42878E+21,8.37426E+15,4.90103E+16
153873,8,2,26,96,2018,6,12,5,3,1,6,0,0,1,0,0,0,1,0,4.74632E+20,5.48808E+21,8.64933E+15,4.95448E+16
153874,8,1,36,65,2018,6,9,2,2,1,5,0,1,0,0,0,1,0,0,5.59594E+20,5.40555E+21,9.81152E+15,4.88001E+16
153875,8,2,26,107,2018,6,14,5,3,5,3,0,0,1,0,0,0,0,0,4.74489E+20,5.48442E+21,8.64758E+15,4.95119E+16
153876,8,1,35,19,2018,6,16,2,3,0,7,0,1,1,0,0,0,0,0,5.85512E+20,5.396E+21,1.01624E+16,4.87112E+16
153877,8,1,28,126,2018,6,18,2,3,0,7,0,1,0,0,0,0,0,0,5.65035E+20,5.48059E+21,9.89772E+15,4.94745E+16
153878,8,2,26,62,2018,6,18,5,2,0,3,0,0,1,0,1,0,0,0,4.69839E+20,5.46822E+21,8.58459E+15,4.93659E+16
153879,8,1,26,69,2018,6,12,2,3,6,4,0,0,1,1,0,0,0,0,5.36774E+20,5.44795E+21,9.50463E+15,4.91833E+16
153880,8,2,22,0,2018,6,7,5,3,6,7,0,0,1,1,0,0,0,0,4.61144E+20,5.48355E+21,8.46333E+15,4.95034E+16
153881,8,1,26,46,2018,6,7,2,3,5,3,0,1,0,0,0,0,1,0,5.50013E+20,5.45829E+21,9.68758E+15,4.92754E+16
153882,8,2,22,0,2018,6,20,5,3,5,5,0,0,1,0,0,0,0,0,4.60678E+20,5.48248E+21,8.45701E+15,4.94937E+16
153883,8,1,21,0,2018,6,9,2,2,5,3,0,1,1,0,0,0,0,0,5.15077E+20,5.44086E+21,9.20663E+15,4.91204E+16
153884,8,2,21,0,2018,6,11,5,3,0,4,0,0,0,1,0,0,1,0,4.81852E+20,5.47506E+21,8.74973E+15,4.9428E+16
153885,8,2,12,0,2018,6,17,5,3,1,7,0,0,1,0,1,0,0,0,4.59675E+20,5.43148E+21,8.44829E+15,4.90349E+16
153886,8,1,18,67,2018,6,7,2,3,6,5,0,0,1,1,0,0,0,0,5.06276E+20,5.41317E+21,9.08558E+15,4.88715E+16
153887,8,2,15,105,2018,6,9,5,3,0,7,0,0,1,0,0,0,0,0,4.56867E+20,5.4415E+21,8.40881E+15,4.91248E+16
153888,8,1,18,48,2018,6,17,2,3,0,5,0,0,1,0,1,0,0,0,5.12864E+20,5.41669E+21,9.17554E+15,4.89031E+16
153889,8,2,15,17,2018,6,9,5,3,5,3,0,1,1,0,0,0,0,0,4.5551E+20,5.42145E+21,8.39242E+15,4.89444E+16
153890,8,1,18,48,2018,6,7,2,3,5,3,0,1,1,0,0,0,0,0,5.14404E+20,5.41535E+21,9.1965E+15,4.88909E+16
153891,8,2,15,17,2018,6,9,5,3,5,3,0,1,1,0,0,0,0,0,4.55583E+20,5.42056E+21,8.39351E+15,4.89364E+16
153892,8,2,12,0,2018,6,2,5,3,0,7,2,1,0,0,0,0,0,0,4.56883E+20,5.42773E+21,8.4105E+15,4.90009E+16
153893,8,1,18,51,2018,6,8,2,3,2,6,0,0,1,0,0,0,0,0,5.1026E+20,5.41505E+21,9.13996E+15,4.88883E+16
153894,8,1,35,19,2018,6,22,5,3,8,1,2,1,0,0,0,0,0,0,5.8522E+20,5.39211E+21,1.01577E+16,4.86762E+16
153895,8,1,17,19,2018,6,19,2,3,5,3,0,1,1,0,0,0,0,0,5.51907E+20,5.39352E+21,9.70534E+15,4.86926E+16
153896,8,1,19,85,2018,6,22,5,3,1,5,2,0,1,0,0,0,0,1,5.29904E+20,5.41338E+21,9.4078E+15,4.88726E+16
153897,8,1,16,42,2018,6,13,2,3,0,7,0,0,1,0,0,0,0,0,5.16873E+20,5.38137E+21,9.22879E+15,4.85852E+16
153898,8,1,16,80,2018,6,6,2,3,6,4,0,0,0,1,0,0,1,0,5.20064E+20,5.39707E+21,9.27282E+15,4.87263E+16
153899,8,1,19,93,2018,6,8,5,3,2,7,0,0,0,0,1,1,0,0,5.25185E+20,5.4044E+21,9.3429E+15,4.87921E+16
153900,8,1,16,54,2018,6,13,2,2,5,3,0,1,1,0,0,0,0,0,5.33195E+20,5.3817E+21,9.45013E+15,4.85875E+16
153901,8,1,18,3,2018,6,18,5,3,2,7,0,0,1,0,0,0,0,0,5.10665E+20,5.41687E+21,9.14554E+15,4.89047E+16
153902,8,1,15,3,2018,6,13,2,3,3,7,0,0,1,0,1,0,0,0,5.00333E+20,5.39265E+21,9.00453E+15,4.86869E+16
153903,8,1,18,46,2018,6,5,5,2,0,7,0,1,0,0,0,0,0,0,5.12949E+20,5.41149E+21,9.17653E+15,4.88562E+16
153904,8,1,15,3,2018,6,6,2,3,4,6,0,1,0,0,0,0,0,0,4.98054E+20,5.39137E+21,8.97357E+15,4.86754E+16
153905,8,1,16,33,2018,6,6,5,3,0,1,0,1,0,0,0,0,0,0,5.33693E+20,5.38877E+21,9.45746E+15,4.8651E+16
153906,8,1,16,78,2018,6,10,5,3,1,6,0,1,1,0,0,0,0,0,5.115E+20,5.39214E+21,9.15623E+15,4.86822E+16
153907,8,1,11,0,2018,6,18,2,2,0,7,0,1,1,0,0,0,0,0,5.14409E+20,5.40895E+21,9.19635E+15,4.88334E+16
153908,8,1,16,78,2018,6,6,5,3,5,3,0,1,1,0,0,0,0,0,5.10496E+20,5.39354E+21,9.14264E+15,4.86948E+16
153909,8,1,11,0,2018,6,19,2,3,5,3,0,1,1,0,0,0,0,0,5.10928E+20,5.41084E+21,9.14896E+15,4.88504E+16
153910,8,1,11,0,2018,6,7,5,3,1,5,0,0,1,0,0,0,0,0,5.11206E+20,5.40212E+21,9.15251E+15,4.87719E+16
153911,8,4,26,70,2018,6,18,1,2,5,3,0,1,1,0,0,0,0,0,5.62998E+20,5.34365E+21,9.84852E+15,4.82429E+16
153912,8,4,21,0,2018,6,11,1,2,0,1,0,1,0,0,0,0,0,0,5.71553E+20,5.35964E+21,9.96645E+15,4.83859E+16
153913,8,1,11,0,2018,6,17,5,2,5,3,0,1,1,0,0,0,0,0,5.08194E+20,5.40675E+21,9.11161E+15,4.88137E+16
153914,8,4,21,0,2018,6,18,1,2,0,3,0,0,1,1,0,0,0,0,5.74538E+20,5.36377E+21,1.00075E+16,4.84227E+16
153915,8,1,11,0,2018,6,14,5,3,0,6,0,1,1,0,0,0,0,0,5.15473E+20,5.40704E+21,9.21077E+15,4.88162E+16
153916,8,1,11,0,2018,6,18,5,3,5,3,0,1,1,0,0,0,0,0,5.11621E+20,5.40052E+21,9.15811E+15,4.87575E+16
153917,8,4,21,0,2018,6,15,1,3,4,2,0,0,1,0,1,0,0,0,5.7378E+20,5.36139E+21,9.99683E+15,4.84014E+16
153918,8,1,11,0,2018,6,18,5,3,5,3,1,1,1,0,0,0,0,0,5.1708E+20,5.4029E+21,9.23249E+15,4.87789E+16
153919,8,4,16,48,2018,6,17,1,3,5,3,0,1,1,0,0,0,0,0,4.98085E+20,5.37789E+21,8.97406E+15,4.85541E+16
153920,8,4,25,141,2018,6,11,4,3,0,1,0,1,0,0,0,0,0,0,5.63672E+20,5.36044E+21,9.86013E+15,4.83939E+16
153921,8,4,15,61,2018,6,0,1,3,5,2,2,1,1,0,0,0,0,0,5.15498E+20,5.37131E+21,9.20977E+15,4.84947E+16
153922,8,1,36,65,2018,6,10,4,3,4,6,0,0,1,0,0,0,0,0,5.58645E+20,5.40529E+21,9.79856E+15,4.87978E+16
153923,8,1,16,19,2018,6,5,1,2,8,1,0,0,1,0,0,0,0,0,5.26517E+20,5.39667E+21,9.36054E+15,4.87225E+16
153924,8,1,36,10,2018,6,12,4,3,6,4,0,0,0,1,0,0,1,0,5.99181E+20,5.41267E+21,1.03522E+16,4.88591E+16
153925,8,4,15,61,2018,6,9,1,3,0,1,0,1,0,0,0,0,0,0,5.16066E+20,5.37189E+21,9.21749E+15,4.84999E+16
153926,8,3,35,22,2018,6,18,1,3,0,7,0,1,0,0,0,0,0,0,4.83229E+20,5.30049E+21,8.77579E+15,4.78576E+16
153927,8,4,36,82,2018,6,17,4,3,5,3,0,1,1,0,0,0,0,0,5.47813E+20,5.29485E+21,9.63857E+15,4.78052E+16
153928,8,4,36,64,2018,6,13,4,3,5,2,0,1,1,0,0,0,0,0,5.47449E+20,5.29402E+21,9.63362E+15,4.77978E+16
153929,8,4,36,18,2018,6,18,4,3,3,6,0,1,0,0,0,0,0,0,5.51672E+20,5.28424E+21,9.68883E+15,4.77095E+16
153930,8,3,35,25,2018,6,11,1,3,0,1,0,1,0,0,0,0,0,0,4.99863E+20,5.28213E+21,8.99817E+15,4.76925E+16
153931,8,4,36,8,2018,6,12,4,3,8,1,0,0,1,0,0,0,0,0,5.4807E+20,5.31136E+21,9.64384E+15,4.79537E+16
153932,8,3,27,50,2018,6,19,1,3,5,3,0,1,1,0,0,0,0,0,4.86592E+20,5.31633E+21,8.82026E+15,4.80002E+16
153933,8,4,26,128,2018,6,6,4,3,5,3,0,1,1,0,0,0,0,0,5.59024E+20,5.33152E+21,9.79332E+15,4.81342E+16
153934,8,2,37,28,2018,6,1,1,3,4,6,2,0,1,0,0,0,0,0,4.59831E+20,5.36877E+21,8.45655E+15,4.84708E+16
153935,8,4,26,14,2018,6,7,4,2,5,3,0,1,1,0,0,0,0,0,5.48173E+20,5.31743E+21,9.6459E+15,4.80084E+16
153936,8,4,25,64,2018,6,15,4,2,5,3,0,0,1,0,0,0,0,0,5.69556E+20,5.34834E+21,9.93761E+15,4.82844E+16
153937,8,3,17,96,2018,6,2,1,3,0,1,2,1,0,0,0,0,0,0,4.2118E+20,5.36942E+21,7.93358E+15,4.8473E+16
153938,8,3,17,96,2018,6,14,1,3,8,7,0,1,0,0,0,0,0,0,4.21134E+20,5.36886E+21,7.93306E+15,4.84679E+16
153939,8,4,25,72,2018,6,13,4,3,0,3,0,0,1,0,1,0,0,0,5.76631E+20,5.36756E+21,1.00365E+16,4.84565E+16
153940,8,2,12,0,2018,6,9,1,3,1,1,0,1,1,0,0,0,0,0,4.60381E+20,5.43095E+21,8.45801E+15,4.90301E+16
153941,8,4,21,0,2018,6,6,4,3,5,3,0,1,1,0,0,0,0,0,5.73196E+20,5.36157E+21,9.98897E+15,4.8403E+16
153942,8,2,15,107,2018,6,16,1,2,5,3,0,1,1,0,0,0,0,0,4.63716E+20,5.45627E+21,8.50135E+15,4.92582E+16
153943,8,4,16,6,2018,6,18,4,3,0,3,0,0,1,0,1,0,0,0,4.98263E+20,5.3604E+21,8.97653E+15,4.83968E+16
153944,8,2,25,14,2018,6,14,1,2,4,1,0,0,1,0,0,0,0,0,5.27076E+20,5.48239E+21,9.37389E+15,4.94935E+16
153945,8,1,11,0,2018,6,7,4,3,1,5,0,1,1,0,0,0,0,0,5.1915E+20,5.4001E+21,9.26054E+15,4.87536E+16
153946,8,2,25,58,2018,6,7,1,3,5,3,0,0,1,0,1,0,0,0,5.09799E+20,5.46583E+21,9.13491E+15,4.93451E+16
153947,8,3,37,116,2018,6,16,4,2,4,6,0,1,0,0,0,0,0,0,4.17869E+20,5.27449E+21,7.90701E+15,4.76186E+16
153948,8,2,22,0,2018,6,18,1,3,5,3,0,0,1,0,1,0,0,0,4.61468E+20,5.48052E+21,8.46811E+15,4.94761E+16
153949,8,4,36,13,2018,6,17,4,2,8,1,0,0,0,0,1,0,0,0,5.45303E+20,5.29649E+21,9.60522E+15,4.78202E+16
153950,8,3,26,74,2018,6,11,4,3,3,6,0,0,1,0,1,0,0,0,4.58662E+20,5.32294E+21,8.44521E+15,4.80584E+16
153951,8,2,22,0,2018,6,5,1,2,5,3,1,0,1,0,0,0,0,0,4.61112E+20,5.48185E+21,8.46306E+15,4.94881E+16
153952,8,3,17,129,2018,6,6,4,3,0,3,0,1,0,0,0,0,1,0,4.31166E+20,5.34824E+21,8.07213E+15,4.82836E+16
153953,8,2,16,15,2018,6,15,1,3,8,1,0,1,0,0,0,0,0,0,4.51303E+20,5.40579E+21,8.33683E+15,4.88031E+16
153954,8,3,17,96,2018,6,14,4,3,0,7,0,0,1,0,1,0,0,0,4.22285E+20,5.36811E+21,7.94877E+15,4.84613E+16
153955,8,2,15,46,2018,6,12,1,2,0,1,0,1,0,0,0,0,0,0,4.51821E+20,5.41415E+21,8.34289E+15,4.88784E+16
153956,8,3,17,65,2018,6,15,4,3,5,3,0,1,1,0,0,0,0,0,4.11794E+20,5.35528E+21,7.80959E+15,4.83445E+16
153957,8,2,12,0,2018,6,14,1,3,0,6,0,1,0,1,0,0,0,0,4.58495E+20,5.42724E+21,8.43259E+15,4.89966E+16
153958,8,3,16,51,2018,6,16,4,3,0,3,0,1,1,0,0,0,0,0,3.9982E+20,5.33572E+21,7.65265E+15,4.81668E+16
153959,8,2,25,67,2018,6,16,1,2,0,7,0,1,0,0,0,0,0,0,5.09645E+20,5.46277E+21,9.13271E+15,4.93176E+16
153960,8,1,21,0,2018,6,12,1,3,1,5,0,1,1,0,0,0,0,0,5.16745E+20,5.4441E+21,9.22963E+15,4.91495E+16
153961,8,3,16,11,2018,6,17,4,3,5,3,0,1,1,0,0,0,0,0,4.14364E+20,5.3304E+21,7.8493E+15,4.81211E+16
153962,8,1,16,54,2018,6,9,1,3,5,3,0,0,1,0,0,0,0,0,5.33445E+20,5.38171E+21,9.45352E+15,4.85876E+16
153963,8,3,11,0,2018,6,7,4,3,5,3,0,1,0,0,0,0,0,0,4.12585E+20,5.31558E+21,7.82842E+15,4.79875E+16
153964,8,3,36,50,2018,6,7,4,3,5,3,0,1,1,0,0,0,0,0,3.98894E+20,5.27234E+21,7.65505E+15,4.75966E+16
153965,8,1,16,70,2018,6,18,1,3,0,7,0,0,0,0,1,0,0,0,5.42291E+20,5.38325E+21,9.57363E+15,4.86009E+16
153966,8,2,35,18,2018,6,19,4,2,1,1,0,0,1,0,1,0,0,0,4.6305E+20,5.40531E+21,8.49684E+15,4.87997E+16
153967,8,1,16,47,2018,6,9,1,2,0,7,0,1,0,0,0,0,0,0,5.19685E+20,5.39264E+21,9.26746E+15,4.86865E+16
153968,8,2,22,0,2018,6,16,4,3,1,5,0,1,1,0,0,0,0,0,4.62578E+20,5.48069E+21,8.48341E+15,4.94777E+16
153969,8,1,11,0,2018,6,13,1,3,5,3,0,1,1,0,0,0,0,0,5.11564E+20,5.40206E+21,9.15738E+15,4.87715E+16
153970,8,4,35,13,2018,6,7,7,1,8,1,0,1,0,0,0,0,0,0,5.39905E+20,5.27514E+21,9.53115E+15,4.76285E+16
153971,8,2,22,0,2018,6,7,4,3,5,2,0,1,1,0,0,0,0,0,4.63971E+20,5.4782E+21,8.50286E+15,4.94554E+16
153972,8,4,36,82,2018,6,14,7,3,4,6,0,0,1,0,0,0,0,0,5.46704E+20,5.29458E+21,9.62373E+15,4.78029E+16
153973,8,4,35,59,2018,6,12,7,3,8,7,0,1,0,0,0,0,0,0,5.12116E+20,5.29087E+21,9.16171E+15,4.77711E+16
153974,8,2,21,0,2018,6,15,4,3,5,3,0,1,1,0,0,0,0,0,4.78503E+20,5.47337E+21,8.70364E+15,4.94126E+16
153975,8,4,35,59,2018,6,12,7,3,6,7,0,0,1,1,0,0,0,0,5.12115E+20,5.2906E+21,9.16169E+15,4.77687E+16
153976,8,2,15,21,2018,6,17,4,3,8,1,0,0,1,0,0,0,0,0,4.69987E+20,5.44462E+21,8.5884E+15,4.91537E+16
153977,8,2,15,59,2018,6,21,4,3,1,7,1,0,1,0,0,0,0,0,4.8548E+20,5.43414E+21,8.80125E+15,4.90599E+16
153978,8,4,35,66,2018,6,9,7,3,5,3,0,1,1,0,0,0,0,0,5.18938E+20,5.28693E+21,9.25258E+15,4.77354E+16
153979,8,1,36,19,2018,6,7,4,3,5,3,0,0,1,0,1,0,0,0,5.83096E+20,5.42433E+21,1.01353E+16,4.89663E+16
153980,8,4,35,16,2018,6,20,7,3,1,3,0,0,1,0,0,0,0,0,5.33697E+20,5.2788E+21,9.44881E+15,4.76617E+16
153981,8,1,26,46,2018,6,14,4,3,7,7,0,1,0,0,0,0,0,0,5.49851E+20,5.45787E+21,9.6853E+15,4.92715E+16
153982,8,4,35,35,2018,6,15,7,3,5,2,0,1,0,0,0,0,0,0,5.40965E+20,5.28217E+21,9.54592E+15,4.76917E+16
153983,8,4,17,31,2018,6,17,7,3,5,3,0,1,1,0,0,0,0,0,4.97364E+20,5.35557E+21,8.96442E+15,4.83533E+16
153984,8,1,25,86,2018,6,20,4,3,0,1,1,0,1,0,1,0,0,0,5.03954E+20,5.4431E+21,9.05422E+15,4.91407E+16
153985,8,4,17,2,2018,6,20,7,3,6,4,0,0,0,1,0,0,1,0,4.88681E+20,5.3456E+21,8.84749E+15,4.82635E+16
153986,8,1,19,85,2018,6,12,4,3,6,2,0,0,1,1,0,0,0,0,5.29115E+20,5.41383E+21,9.39709E+15,4.88768E+16
153987,8,1,19,85,2018,6,16,4,3,4,7,0,1,0,0,0,0,0,0,5.28392E+20,5.41296E+21,9.38715E+15,4.8869E+16
153988,8,4,17,79,2018,6,14,7,3,1,1,0,0,1,0,0,0,0,0,5.0243E+20,5.33961E+21,9.03271E+15,4.82097E+16
153989,8,1,19,8,2018,6,14,4,2,5,3,0,0,1,0,1,0,0,1,5.32548E+20,5.41835E+21,9.44426E+15,4.89173E+16
153990,8,1,19,79,2018,6,18,4,2,0,1,0,0,0,1,0,0,1,0,5.22326E+20,5.4088E+21,9.30422E+15,4.88318E+16
153991,8,4,15,80,2018,6,14,7,3,0,1,0,1,0,0,0,0,0,0,5.117E+20,5.37337E+21,9.15842E+15,4.85133E+16
153992,8,1,17,18,2018,6,12,4,3,5,3,0,0,1,0,1,0,0,0,5.3687E+20,5.39341E+21,9.50102E+15,4.86927E+16
153993,8,4,15,61,2018,6,10,7,3,6,7,0,0,1,1,0,0,0,0,5.15161E+20,5.37153E+21,9.20521E+15,4.84967E+16
153994,8,4,15,61,2018,6,14,7,3,0,3,0,0,1,0,1,0,0,0,5.15694E+20,5.36984E+21,9.21237E+15,4.84815E+16
153995,8,3,36,69,2018,6,20,7,3,8,1,0,1,0,0,0,0,0,0,4.07574E+20,5.26818E+21,7.77137E+15,4.75605E+16
153996,8,1,17,26,2018,6,17,4,3,0,1,0,1,0,0,0,0,0,0,5.49406E+20,5.39483E+21,9.67151E+15,4.87045E+16
153997,8,3,35,43,2018,6,6,7,3,0,7,0,1,0,0,0,0,0,0,5.13027E+20,5.27863E+21,9.1735E+15,4.76609E+16
153998,8,1,16,33,2018,6,17,4,3,5,3,0,1,0,0,0,0,1,0,5.33769E+20,5.38871E+21,9.45849E+15,4.86506E+16
153999,8,3,35,43,2018,6,9,7,3,0,7,0,1,0,0,0,0,0,0,5.13438E+20,5.27983E+21,9.17901E+15,4.76717E+16
154000,8,1,16,33,2018,6,7,4,2,0,7,0,1,1,0,0,0,0,0,5.33751E+20,5.38711E+21,9.45811E+15,4.86362E+16
154001,8,3,35,43,2018,6,12,7,3,0,1,0,1,0,0,0,0,0,0,5.13375E+20,5.27831E+21,9.17813E+15,4.7658E+16
154002,8,4,16,41,2018,6,10,2,3,0,7,0,1,0,0,0,0,0,0,5.03902E+20,5.37227E+21,9.05282E+15,4.85035E+16
154003,8,4,15,61,2018,6,15,2,3,5,3,0,1,1,0,0,0,0,0,5.16842E+20,5.37917E+21,9.22829E+15,4.85654E+16
154004,8,4,15,59,2018,6,18,2,3,2,6,0,0,1,0,0,0,0,1,5.16865E+20,5.36882E+21,9.22818E+15,4.84723E+16
154005,8,3,37,125,2018,6,18,2,3,1,3,0,0,1,0,0,0,0,0,4.47009E+20,5.27304E+21,8.29493E+15,4.76086E+16
154006,8,3,37,116,2018,6,19,2,3,5,3,0,0,1,0,0,0,0,0,4.18016E+20,5.27597E+21,7.90869E+15,4.76319E+16
154007,8,3,37,96,2018,6,16,2,2,5,3,0,0,1,0,0,0,0,1,4.19481E+20,5.26729E+21,7.92978E+15,4.7554E+16
154008,8,3,36,105,2018,6,8,2,3,5,3,0,1,1,0,0,0,0,0,3.97922E+20,5.26827E+21,7.64307E+15,4.75598E+16
154009,8,3,26,3,2018,6,12,2,3,5,1,0,1,1,0,0,0,0,0,4.64925E+20,5.31903E+21,8.52958E+15,4.80236E+16
154010,8,3,25,11,2018,6,6,2,3,5,3,0,0,1,0,0,0,0,0,4.71919E+20,5.34134E+21,8.62191E+15,4.82247E+16
154011,8,3,17,65,2018,6,9,2,3,6,4,0,0,1,1,0,0,0,0,4.17139E+20,5.35496E+21,7.88176E+15,4.83424E+16
154012,8,3,17,57,2018,6,14,2,3,5,3,0,1,1,0,0,0,0,0,4.12763E+20,5.38007E+21,7.81749E+15,4.85676E+16
154013,8,3,17,11,2018,6,16,2,1,5,3,0,1,1,0,0,0,0,0,4.27222E+20,5.35418E+21,8.01795E+15,4.83366E+16
154014,8,3,16,37,2018,6,10,2,3,5,3,0,1,0,0,0,0,1,0,4.06652E+20,5.33456E+21,7.74478E+15,4.81574E+16
154015,8,3,16,17,2018,6,16,2,3,0,7,0,0,0,0,1,0,0,1,4.0911E+20,5.34179E+21,7.77627E+15,4.82228E+16
154016,8,3,11,0,2018,6,19,2,2,6,3,0,1,0,1,0,0,0,0,4.11866E+20,5.31663E+21,7.81857E+15,4.79969E+16
154017,8,3,11,0,2018,6,6,2,2,3,3,0,0,1,0,1,0,0,0,4.14098E+20,5.31976E+21,7.84785E+15,4.80254E+16
154018,8,3,11,0,2018,6,12,2,3,3,6,0,0,0,0,0,1,1,0,4.14523E+20,5.31704E+21,7.8541E+15,4.8001E+16