OBJECTID_1,ULAND,UREGBEZ,UKREIS,UGEMEINDE,UJAHR,UMONAT,USTUNDE,UWOCHENTAG,UKATEGORIE,UART,UTYP1,ULICHTVERH,IstRad,IstPKW,IstFuss,IstKrad,IstGkfz,IstSonstig,STRZUSTAND,LINREFX,LINREFY,XGCSWGS84,YGCSWGS84
154019,8,3,11,0,2018,6,7,2,3,5,3,0,1,0,0,0,0,0,0,4.11623E+20,5.31503E+21,7.81565E+15,4.79825E+16
154020,8,2,15,106,2018,6,13,2,3,4,6,0,0,1,0,0,0,0,0,4.66211E+20,5.45387E+21,8.53584E+15,4.92367E+16
154021,8,2,12,0,2018,6,8,2,2,1,5,0,1,1,0,0,0,0,0,4.53522E+20,5.42986E+21,8.3643E+15,4.90199E+16
154022,8,2,31,0,2018,6,9,2,2,5,3,0,1,1,0,0,0,0,0,4.79927E+20,5.41423E+21,8.72621E+15,4.88807E+16
154023,8,2,36,4,2018,6,15,2,2,5,3,0,0,1,0,0,0,0,1,4.73639E+20,5.41382E+21,8.64048E+15,4.88767E+16
154024,8,2,26,49,2018,6,22,2,3,0,7,2,0,0,0,1,0,1,1,4.86782E+20,5.46333E+21,8.8181E+15,4.93226E+16
154025,8,2,22,0,2018,6,16,2,3,5,3,0,1,1,0,0,0,0,0,4.60118E+20,5.48877E+21,8.44864E+15,4.95503E+16
154026,8,2,22,0,2018,6,20,2,3,5,3,0,1,1,0,0,0,0,0,4.62254E+20,5.48205E+21,8.47881E+15,4.94899E+16
154027,8,1,28,139,2018,6,16,5,3,0,2,0,1,1,0,0,0,0,0,5.51128E+20,5.49104E+21,9.70712E+15,4.95698E+16
154028,8,2,22,0,2018,6,16,2,3,1,6,0,0,1,0,0,0,0,0,4.63923E+20,5.48253E+21,8.50181E+15,4.94943E+16
154029,8,1,26,46,2018,6,14,5,3,0,7,0,0,1,0,1,0,0,0,5.48543E+20,5.45814E+21,9.66735E+15,4.92741E+16
154030,8,2,22,0,2018,6,8,2,3,5,3,0,1,1,0,0,0,0,0,4.62595E+20,5.47982E+21,8.48373E+15,4.94698E+16
154031,8,2,21,0,2018,6,15,2,3,1,6,0,0,1,0,1,0,0,0,4.78256E+20,5.46867E+21,8.70049E+15,4.93703E+16
154032,8,1,21,0,2018,6,1,5,3,9,1,2,0,1,0,0,0,0,0,5.16012E+20,5.44289E+21,9.21953E+15,4.91387E+16
154033,8,2,16,5,2018,6,15,2,3,5,3,0,1,1,0,0,0,0,1,4.45526E+20,5.41832E+21,8.25649E+15,4.89154E+16
154034,8,1,25,26,2018,6,18,5,3,6,4,0,0,1,1,0,0,0,0,4.93437E+20,5.44289E+21,8.91002E+15,4.91388E+16
154035,8,2,15,103,2018,6,7,2,3,5,3,0,0,1,0,0,0,0,0,4.65277E+20,5.44193E+21,8.52404E+15,4.91292E+16
154036,8,1,18,60,2018,6,13,5,3,5,3,0,1,1,0,0,0,0,0,5.23071E+20,5.4295E+21,9.31554E+15,4.90179E+16
154037,8,2,12,0,2018,6,12,2,3,5,3,0,1,1,0,0,0,0,0,4.58047E+20,5.4297E+21,8.42621E+15,4.90188E+16
154038,8,2,15,17,2018,6,15,2,3,0,7,0,1,0,0,0,0,0,1,4.56532E+20,5.42288E+21,8.40621E+15,4.89573E+16
154039,8,1,35,19,2018,6,16,2,3,5,3,0,0,1,0,0,0,0,0,5.85011E+20,5.39198E+21,1.01548E+16,4.8675E+16
154040,8,1,35,19,2018,6,17,2,3,0,1,0,1,0,0,0,0,0,0,5.83153E+20,5.39302E+21,1.01298E+16,4.86847E+16
154041,8,1,18,48,2018,6,13,5,3,0,2,0,1,1,0,0,0,0,0,5.15339E+20,5.41591E+21,9.20928E+15,4.8896E+16
154042,8,1,35,27,2018,6,5,2,3,9,1,0,0,1,0,0,0,0,0,5.91019E+20,5.37705E+21,1.02331E+16,4.85399E+16
154043,8,1,18,51,2018,6,9,5,3,3,6,0,1,0,0,0,0,0,0,5.10068E+20,5.4151E+21,9.13735E+15,4.88888E+16
154044,8,1,27,71,2018,6,16,2,3,0,7,0,0,1,0,0,0,0,0,5.74753E+20,5.45605E+21,1.00272E+16,4.92526E+16
154045,8,1,18,11,2018,6,18,5,3,8,7,0,0,1,0,0,0,0,0,5.02785E+20,5.40899E+21,9.03794E+15,4.88339E+16
154046,8,1,16,78,2018,6,7,5,3,5,3,0,0,1,0,0,0,0,0,5.12524E+20,5.39263E+21,9.17016E+15,4.86865E+16
154047,8,1,26,46,2018,6,12,2,3,6,4,0,0,1,1,0,0,0,0,5.49991E+20,5.45866E+21,9.68733E+15,4.92787E+16
154048,8,1,15,3,2018,6,17,5,3,0,6,0,1,1,0,0,0,0,0,5.02273E+20,5.39157E+21,9.03087E+15,4.86772E+16
154049,8,1,25,98,2018,6,18,2,2,2,6,0,0,1,0,0,0,0,1,5.23659E+20,5.43816E+21,9.32409E+15,4.90959E+16
154050,8,1,11,0,2018,6,7,5,3,2,2,0,0,1,0,0,0,0,0,5.15762E+20,5.39822E+21,9.21436E+15,4.87368E+16
154051,8,1,11,0,2018,6,13,5,3,5,3,0,1,1,0,0,0,0,0,5.0812E+20,5.40664E+21,9.11061E+15,4.88127E+16
154052,8,1,21,0,2018,6,12,2,3,0,7,0,0,1,0,1,0,0,0,5.15118E+20,5.44148E+21,9.20721E+15,4.9126E+16
154053,8,1,11,0,2018,6,18,5,3,5,3,0,0,1,0,0,0,0,0,5.11574E+20,5.39713E+21,9.15739E+15,4.87271E+16
154054,8,1,19,85,2018,6,18,2,3,5,2,0,1,1,0,0,0,0,0,5.29042E+20,5.41392E+21,9.3961E+15,4.88776E+16
154055,8,1,19,79,2018,6,18,2,3,0,3,0,1,1,0,0,0,0,1,5.22636E+20,5.40812E+21,9.30841E+15,4.88257E+16
154056,8,1,11,0,2018,6,18,5,3,6,2,0,0,1,1,0,0,0,0,5.11048E+20,5.40067E+21,9.15033E+15,4.87589E+16
154057,8,1,19,79,2018,6,17,2,2,0,1,0,1,0,0,0,0,0,0,5.22811E+20,5.40884E+21,9.31083E+15,4.88321E+16
154058,8,1,11,0,2018,6,22,5,3,1,5,2,0,1,0,0,0,0,0,5.14026E+20,5.40909E+21,9.19113E+15,4.88346E+16
154059,8,1,16,49,2018,6,7,2,3,4,7,0,1,0,0,0,0,0,0,5.24114E+20,5.38545E+21,9.32722E+15,4.86217E+16
154060,8,4,37,76,2018,6,17,4,3,4,1,0,0,1,0,0,0,0,0,5.24745E+20,5.32187E+21,9.33205E+15,4.80496E+16
154061,8,1,11,0,2018,6,14,2,3,5,3,0,0,0,0,0,1,1,0,5.1705E+20,5.40417E+21,9.23213E+15,4.87903E+16
154062,8,3,35,66,2018,6,18,1,3,1,5,0,1,1,0,0,0,0,0,5.03377E+20,5.28308E+21,9.04501E+15,4.77011E+16
154063,8,4,35,20,2018,6,17,4,3,2,2,0,1,1,0,0,0,0,0,5.22568E+20,5.29639E+21,9.3015E+15,4.78205E+16
154064,8,4,36,6,2018,6,11,1,2,8,1,0,1,0,0,0,0,0,0,5.59613E+20,5.28685E+21,9.79505E+15,4.77323E+16
154065,8,4,35,29,2018,6,14,1,3,0,1,0,1,0,0,0,0,0,0,5.4453E+20,5.2708E+21,9.59227E+15,4.75891E+16
154066,8,4,26,21,2018,6,18,4,3,1,6,0,0,1,0,0,0,0,0,5.59874E+20,5.32673E+21,9.80407E+15,4.8091E+16
154067,8,4,17,79,2018,6,15,1,3,5,2,0,0,1,0,0,0,0,1,5.00083E+20,5.34524E+21,9.00112E+15,4.82604E+16
154068,8,4,21,0,2018,6,17,4,3,4,6,0,1,0,0,0,0,0,0,5.72051E+20,5.36067E+21,9.97335E+15,4.83951E+16
154069,8,4,16,41,2018,6,19,1,3,0,3,0,0,1,0,1,0,0,1,5.06087E+20,5.37378E+21,9.08243E+15,4.85171E+16
154070,8,4,21,0,2018,6,15,4,3,0,7,0,0,1,1,0,0,0,0,5.71465E+20,5.35961E+21,9.96525E+15,4.83856E+16
154071,8,4,15,61,2018,6,16,4,3,6,4,0,0,1,1,0,0,0,0,5.15297E+20,5.37142E+21,9.20706E+15,4.84957E+16
154072,8,4,16,41,2018,6,17,1,3,8,7,0,0,1,1,0,0,0,1,5.05795E+20,5.37543E+21,9.07849E+15,4.85319E+16
154073,8,4,15,61,2018,6,11,4,3,6,6,0,0,1,1,0,0,0,0,5.14845E+20,5.36993E+21,9.20089E+15,4.84823E+16
154074,8,4,16,15,2018,6,15,1,3,6,7,0,0,1,1,0,0,0,0,5.07013E+20,5.3667E+21,9.09485E+15,4.84534E+16
154075,8,4,15,61,2018,6,14,1,3,5,3,0,1,1,0,0,0,0,0,5.15794E+20,5.37303E+21,9.21385E+15,4.85102E+16
154076,8,3,36,81,2018,6,19,4,3,8,7,0,0,0,0,1,0,0,0,4.11697E+20,5.27789E+21,7.82421E+15,4.76484E+16
154077,8,3,36,91,2018,6,17,1,3,5,3,0,0,1,0,0,0,0,0,3.96807E+20,5.27162E+21,7.62747E+15,4.75898E+16
154078,8,3,35,43,2018,6,20,4,3,5,2,1,1,1,0,0,0,0,0,5.12289E+20,5.28067E+21,9.16373E+15,4.76793E+16
154079,8,3,36,81,2018,6,12,1,3,5,3,0,1,1,0,0,0,0,0,4.13037E+20,5.27917E+21,7.84178E+15,4.76601E+16
154080,8,3,36,96,2018,6,11,1,3,0,1,0,0,0,0,1,0,0,0,4.15491E+20,5.29956E+21,7.8705E+15,4.78438E+16
154081,8,3,17,151,2018,6,12,4,3,5,3,0,0,1,0,0,0,0,0,4.12296E+20,5.36535E+21,7.81426E+15,4.84352E+16
154082,8,3,36,69,2018,6,17,1,3,5,3,0,1,1,0,0,0,0,0,4.0679E+20,5.2676E+21,7.76106E+15,4.75551E+16
154083,8,3,17,96,2018,6,14,4,3,5,1,0,1,1,0,0,0,0,0,4.23341E+20,5.3684E+21,7.963E+15,4.84641E+16
154084,8,3,35,75,2018,6,12,1,3,1,5,0,0,1,0,0,0,0,0,4.8841E+20,5.29113E+21,8.8453E+15,4.77735E+16
154085,8,3,11,0,2018,6,9,4,3,5,3,0,0,1,0,1,0,0,0,4.14097E+20,5.31805E+21,7.84819E+15,4.801E+16
154086,8,3,11,0,2018,6,16,4,3,3,3,0,1,0,0,0,1,0,0,4.14588E+20,5.31825E+21,7.85473E+15,4.80118E+16
154087,8,3,25,49,2018,6,16,1,2,8,1,0,0,0,0,1,0,0,0,4.74342E+20,5.33502E+21,8.65491E+15,4.81679E+16
154088,8,3,15,47,2018,6,8,4,3,5,3,0,1,1,0,0,0,0,0,4.15763E+20,5.32185E+21,7.86978E+15,4.80443E+16
154089,8,3,16,10,2018,6,1,1,3,6,1,2,0,1,1,0,0,0,0,4.31271E+20,5.33654E+21,8.07545E+15,4.81784E+16
154090,8,2,12,0,2018,6,6,4,3,1,6,0,0,1,0,1,0,0,0,4.5809E+20,5.4302E+21,8.42675E+15,4.90232E+16
154091,8,3,16,3,2018,6,11,1,3,7,1,0,1,0,0,0,0,0,0,4.28921E+20,5.33808E+21,8.04359E+15,4.8192E+16
154092,8,2,12,0,2018,6,13,4,3,5,2,0,1,1,0,0,0,0,0,4.53207E+20,5.42791E+21,8.36022E+15,4.90023E+16
154093,8,3,11,0,2018,6,12,1,3,2,6,0,0,1,0,0,0,0,0,4.12589E+20,5.3144E+21,7.82872E+15,4.7977E+16
154094,8,2,35,8,2018,6,14,4,3,5,3,0,0,0,0,1,0,1,0,4.8184E+20,5.40366E+21,8.75278E+15,4.87856E+16
154095,8,3,11,0,2018,6,5,1,3,0,7,1,1,1,0,0,0,0,0,4.14151E+20,5.31525E+21,7.84947E+15,4.79848E+16
154096,8,2,26,98,2018,6,10,4,3,6,6,0,0,1,1,0,0,0,0,4.78134E+20,5.46014E+21,8.69928E+15,4.92937E+16
154097,8,3,11,0,2018,6,15,1,3,6,4,0,1,0,1,0,0,0,0,4.12264E+20,5.31728E+21,7.82376E+15,4.80028E+16
154098,8,2,26,59,2018,6,13,1,3,1,5,0,0,1,0,0,0,0,0,4.64867E+20,5.46017E+21,8.51682E+15,4.92933E+16
154099,8,2,26,97,2018,6,7,4,3,6,5,0,0,0,1,0,0,1,0,4.86601E+20,5.46753E+21,8.81548E+15,4.93604E+16
154100,8,2,22,0,2018,6,15,1,3,1,6,0,0,1,0,0,0,0,0,4.62593E+20,5.47975E+21,8.48371E+15,4.94693E+16
154101,8,2,22,0,2018,6,18,4,3,5,3,0,1,0,0,1,0,0,0,4.61746E+20,5.48238E+21,8.47176E+15,4.94929E+16
154102,8,2,22,0,2018,6,19,1,3,5,3,0,1,1,0,0,0,0,1,4.66558E+20,5.47412E+21,8.53891E+15,4.94188E+16
154103,8,2,22,0,2018,6,18,4,3,8,7,1,0,1,0,0,0,0,0,4.64272E+20,5.47668E+21,8.50716E+15,4.94417E+16
154104,8,2,22,0,2018,6,15,1,3,2,6,0,0,1,0,0,0,0,0,4.6733E+20,5.4827E+21,8.54884E+15,4.94961E+16
154105,8,2,21,0,2018,6,11,4,3,0,7,0,1,0,0,0,0,0,0,4.73958E+20,5.4731E+21,8.64099E+15,4.94101E+16
154106,8,2,21,0,2018,6,13,4,2,3,6,0,1,0,0,0,0,0,0,4.77433E+20,5.47282E+21,8.68892E+15,4.94076E+16
154107,8,1,36,45,2018,6,4,1,3,6,7,2,0,1,1,0,0,0,0,5.93127E+20,5.40401E+21,1.02677E+16,4.87821E+16
154108,8,2,26,18,2018,6,13,4,3,5,3,0,1,0,0,0,0,0,0,4.73582E+20,5.47116E+21,8.63595E+15,4.93925E+16
154109,8,1,26,11,2018,6,15,1,3,9,7,0,0,0,0,1,0,0,0,5.31678E+20,5.44752E+21,9.43467E+15,4.91797E+16
154110,8,1,18,79,2018,6,15,1,3,0,7,0,0,0,0,1,0,0,0,5.10963E+20,5.42103E+21,9.14971E+15,4.89421E+16
154111,8,2,21,0,2018,6,8,4,3,5,6,0,1,0,0,0,0,0,0,4.77769E+20,5.47252E+21,8.69356E+15,4.94049E+16
154112,8,1,18,18,2018,6,16,1,3,0,3,0,0,1,0,1,0,0,0,5.11745E+20,5.43014E+21,9.16065E+15,4.90241E+16
154113,8,2,16,7,2018,6,14,4,3,5,7,0,1,1,0,0,0,0,0,4.35436E+20,5.39429E+21,8.12256E+15,4.86983E+16
154114,8,1,17,17,2018,6,16,1,3,1,5,0,1,1,0,0,0,0,0,5.46818E+20,5.38844E+21,9.63561E+15,4.86472E+16
154115,8,1,36,19,2018,6,12,4,3,0,6,0,0,1,0,1,0,0,0,5.82975E+20,5.42386E+21,1.01336E+16,4.89621E+16
154116,8,1,36,19,2018,6,17,4,3,0,1,0,1,0,0,0,0,0,0,5.82663E+20,5.4235E+21,1.01292E+16,4.89589E+16
154117,8,1,17,24,2018,6,10,1,3,5,3,0,1,1,0,0,0,0,0,5.67093E+20,5.38749E+21,9.91069E+15,4.86369E+16
154118,8,1,27,8,2018,6,20,4,3,0,1,0,1,0,0,0,0,0,0,5.65445E+20,5.46156E+21,9.90024E+15,4.93032E+16
154119,8,1,16,43,2018,6,13,1,3,0,7,0,0,0,1,0,0,1,0,5.42148E+20,5.38095E+21,9.57146E+15,4.85802E+16
154120,8,1,25,46,2018,6,11,4,2,5,3,0,0,1,0,1,0,0,0,5.19091E+20,5.43342E+21,9.26129E+15,4.90534E+16
154121,8,1,25,26,2018,6,17,4,3,1,6,0,0,1,0,0,0,0,0,4.94752E+20,5.44271E+21,8.92805E+15,4.91372E+16
154122,8,1,16,77,2018,6,19,1,3,0,7,0,0,0,0,0,0,1,0,5.16656E+20,5.39098E+21,9.22624E+15,4.86717E+16
154123,8,1,19,20,2018,6,11,4,3,5,3,0,1,0,0,0,0,1,0,5.1982E+20,5.40911E+21,9.27009E+15,4.88346E+16
154124,8,1,11,0,2018,6,12,1,2,0,1,0,1,0,0,0,0,0,0,5.12274E+20,5.40358E+21,9.1671E+15,4.87851E+16
154125,8,1,11,0,2018,6,18,1,3,0,1,0,0,0,0,1,0,0,1,5.13476E+20,5.40621E+21,9.18354E+15,4.88088E+16
154126,8,1,18,73,2018,6,20,4,3,0,7,0,1,0,0,0,0,0,0,4.969E+20,5.41986E+21,8.95768E+15,4.89317E+16
154127,8,1,11,0,2018,6,13,1,3,0,1,0,1,0,0,0,0,0,0,5.13637E+20,5.40425E+21,9.18567E+15,4.87911E+16
154128,8,1,18,48,2018,6,7,4,3,5,2,0,1,1,0,0,0,0,0,5.13555E+20,5.4157E+21,9.18493E+15,4.88941E+16
154129,8,4,36,10,2018,6,16,7,3,5,3,0,0,1,0,0,0,0,0,5.66915E+20,5.30638E+21,9.89544E+15,4.79073E+16
154130,8,1,18,71,2018,6,17,4,3,6,4,0,0,0,1,0,0,1,0,5.0841E+20,5.41855E+21,9.1148E+15,4.89198E+16
154131,8,1,18,54,2018,6,7,4,3,0,3,0,0,1,0,0,0,1,0,5.18462E+20,5.42281E+21,9.2522E+15,4.8958E+16
154132,8,4,35,45,2018,6,23,7,3,8,1,2,0,1,0,0,0,0,0,5.33264E+20,5.28532E+21,9.44354E+15,4.77204E+16
154133,8,1,16,15,2018,6,7,4,3,0,7,0,0,0,0,1,0,0,1,5.22686E+20,5.39424E+21,9.30831E+15,4.87008E+16
154134,8,1,16,77,2018,6,17,4,1,0,7,0,1,0,0,0,0,0,0,5.16287E+20,5.38938E+21,9.22116E+15,4.86572E+16
154135,8,4,26,35,2018,6,20,7,3,8,1,0,0,1,0,0,0,0,0,5.38038E+20,5.33106E+21,9.51122E+15,4.81317E+16
154136,8,4,26,21,2018,6,14,7,2,5,3,0,1,1,0,0,0,0,0,5.58536E+20,5.32777E+21,9.78624E+15,4.81005E+16
154137,8,4,21,0,2018,6,18,7,3,0,4,0,0,0,1,1,0,0,0,5.74138E+20,5.36117E+21,1.00016E+16,4.83993E+16
154138,8,1,11,0,2018,6,18,4,2,5,3,0,1,1,0,0,0,0,0,5.13052E+20,5.40492E+21,9.17773E+15,4.87972E+16
154139,8,4,16,41,2018,6,2,7,3,0,1,2,1,0,0,0,0,0,0,5.04289E+20,5.37404E+21,9.05809E+15,4.85195E+16
154140,8,1,11,0,2018,6,16,4,3,2,6,0,0,1,0,0,0,0,0,5.11797E+20,5.40392E+21,9.1606E+15,4.87881E+16
154141,8,4,16,9,2018,6,22,7,3,3,2,2,1,1,0,0,0,0,0,5.07718E+20,5.38398E+21,9.1047E+15,4.86089E+16
154142,8,4,37,76,2018,6,6,3,3,5,3,0,1,1,0,0,0,0,0,5.25292E+20,5.32196E+21,9.33938E+15,4.80504E+16
154143,8,4,36,64,2018,6,12,3,3,5,3,0,0,1,0,0,0,1,0,5.44564E+20,5.29062E+21,9.59474E+15,4.77674E+16
154144,8,4,15,61,2018,6,8,7,3,5,3,0,1,1,0,0,0,0,0,5.17201E+20,5.37387E+21,9.23294E+15,4.85177E+16
154145,8,4,26,70,2018,6,7,3,3,1,2,0,1,1,0,0,0,0,0,5.65535E+20,5.34302E+21,9.8826E+15,4.8237E+16
154146,8,4,15,14,2018,6,17,7,3,0,1,0,1,0,0,0,0,0,0,5.25495E+20,5.37583E+21,9.34536E+15,4.85351E+16
154147,8,4,21,0,2018,6,17,3,3,0,1,0,0,0,0,1,0,0,1,5.71978E+20,5.36127E+21,9.97247E+15,4.84005E+16
154148,8,3,36,91,2018,6,9,7,3,0,2,0,0,1,0,1,0,0,0,3.9667E+20,5.27212E+21,7.62552E+15,4.75942E+16
154149,8,4,21,0,2018,6,7,3,3,7,1,0,1,0,0,0,0,0,0,5.72146E+20,5.35572E+21,9.97378E+15,4.83506E+16
154150,8,3,35,75,2018,6,12,7,3,5,3,0,0,1,0,0,0,0,0,4.91156E+20,5.28877E+21,8.88201E+15,4.77522E+16
154151,8,3,35,43,2018,6,15,7,3,6,4,0,0,1,1,0,0,0,0,5.13263E+20,5.27831E+21,9.17663E+15,4.7658E+16
154152,8,4,16,25,2018,6,8,3,3,0,7,0,1,0,0,0,0,0,1,5.03211E+20,5.36161E+21,9.04339E+15,4.84077E+16
154153,8,2,37,45,2018,6,16,7,2,8,1,0,0,0,0,1,0,0,0,4.6143E+20,5.35595E+21,8.47936E+15,4.83556E+16
154154,8,4,16,11,2018,6,7,3,3,0,7,0,1,0,0,0,0,0,0,5.04128E+20,5.36678E+21,9.05583E+15,4.84541E+16
154155,8,3,17,47,2018,6,15,7,2,0,7,0,1,0,0,0,0,0,0,4.1783E+20,5.36264E+21,7.88959E+15,4.84115E+16
154156,8,4,16,41,2018,6,9,3,3,0,6,0,0,1,0,1,0,0,1,5.04549E+20,5.37508E+21,9.06161E+15,4.85288E+16
154157,8,3,17,1,2018,6,11,7,3,0,1,0,1,0,0,0,0,0,0,4.31612E+20,5.38672E+21,8.07185E+15,4.86298E+16
154158,8,3,17,57,2018,6,14,7,2,0,7,0,1,0,1,0,0,0,0,4.13629E+20,5.37938E+21,7.82938E+15,4.85616E+16
154159,8,4,15,59,2018,6,9,3,3,5,3,0,1,1,0,0,0,0,0,5.16957E+20,5.36813E+21,9.2294E+15,4.84661E+16
154160,8,3,16,17,2018,6,3,7,3,3,1,2,0,1,0,0,1,0,1,4.08226E+20,5.3421E+21,7.76431E+15,4.82255E+16
154161,8,4,15,80,2018,6,10,3,3,4,2,0,0,1,0,0,0,0,1,5.10895E+20,5.37358E+21,9.14753E+15,4.85153E+16
154162,8,3,11,0,2018,6,11,7,3,5,7,0,1,0,0,0,0,0,0,4.17686E+20,5.31509E+21,7.89686E+15,4.79838E+16
154163,8,3,35,75,2018,6,9,3,3,2,6,0,0,1,0,1,0,0,0,4.89261E+20,5.28866E+21,8.85673E+15,4.77512E+16
154164,8,3,35,63,2018,6,9,3,3,0,7,0,1,0,0,0,0,0,0,4.94686E+20,5.2888E+21,8.9291E+15,4.77526E+16
154165,8,3,11,0,2018,6,17,7,3,1,3,0,0,1,0,0,0,0,0,4.13076E+20,5.32027E+21,7.83405E+15,4.80298E+16
154166,8,4,36,82,2018,6,17,3,2,6,4,1,0,1,1,0,0,0,1,5.48126E+20,5.29535E+21,9.6428E+15,4.78097E+16
154167,8,3,11,0,2018,6,14,7,3,5,3,0,1,0,0,0,0,0,0,4.17922E+20,5.31478E+21,7.90008E+15,4.79811E+16
154168,8,3,17,96,2018,6,7,3,3,5,3,0,0,1,0,0,0,0,0,4.23341E+20,5.36841E+21,7.96299E+15,4.84641E+16
154169,8,3,11,0,2018,6,19,7,3,4,6,0,0,1,0,0,0,0,0,4.11475E+20,5.31574E+21,7.81351E+15,4.79888E+16
154170,8,3,17,57,2018,6,17,3,3,8,1,0,0,0,0,1,0,0,1,4.13379E+20,5.38059E+21,7.82573E+15,4.85724E+16
154171,8,3,11,0,2018,6,16,7,3,0,1,0,1,1,0,0,0,0,0,4.14923E+20,5.3187E+21,7.85913E+15,4.80159E+16
154172,8,2,12,0,2018,6,1,7,3,0,7,2,1,0,0,0,0,0,0,4.57145E+20,5.42863E+21,8.41397E+15,4.90091E+16
154173,8,3,15,50,2018,6,11,3,3,1,3,0,0,1,0,0,0,0,0,3.98918E+20,5.30327E+21,7.64819E+15,4.78748E+16
154174,8,2,31,0,2018,6,10,7,3,2,6,0,0,1,0,0,0,0,0,4.78823E+20,5.41543E+21,8.71109E+15,4.88915E+16
154175,8,3,11,0,2018,6,15,3,3,4,6,0,1,1,0,0,0,0,0,4.1383E+20,5.31541E+21,7.84513E+15,4.79862E+16
154176,8,2,26,59,2018,6,10,7,3,1,5,0,1,1,0,0,0,0,0,4.65541E+20,5.4602E+21,8.52608E+15,4.92936E+16
154177,8,3,36,50,2018,6,11,3,3,5,3,0,1,1,0,0,0,0,0,3.992E+20,5.27278E+21,7.65902E+15,4.76006E+16
154178,8,3,11,0,2018,6,7,3,3,4,6,0,1,0,0,0,0,0,0,4.11704E+20,5.31788E+21,7.81614E+15,4.80081E+16
154179,8,2,25,32,2018,6,18,7,3,2,5,0,0,1,0,1,0,0,0,5.36468E+20,5.48708E+21,9.50401E+15,4.95353E+16
154180,8,2,22,0,2018,6,13,3,3,2,6,0,0,1,0,1,0,0,1,4.62083E+20,5.47904E+21,8.47673E+15,4.94628E+16
154181,8,1,25,68,2018,6,16,7,2,8,1,0,0,0,0,1,0,0,1,5.20356E+20,5.46187E+21,9.28005E+15,4.93092E+16
154182,8,2,22,0,2018,6,9,7,3,3,6,0,1,1,0,0,0,0,0,4.61479E+20,5.48218E+21,8.4681E+15,4.94911E+16
154183,8,2,22,0,2018,6,13,3,2,6,4,0,0,1,1,0,0,0,0,4.65979E+20,5.48401E+21,8.53007E+15,4.95078E+16
154184,8,2,21,0,2018,6,2,7,3,5,3,2,1,1,0,0,0,0,0,4.76163E+20,5.46945E+21,8.67162E+15,4.93773E+16
154185,8,2,22,0,2018,6,16,3,3,6,4,0,0,1,1,0,0,0,0,4.63837E+20,5.48655E+21,8.50025E+15,4.95305E+16
154186,8,2,15,101,2018,6,0,7,2,8,1,2,1,0,0,0,0,0,0,4.68602E+20,5.42722E+21,8.57075E+15,4.89971E+16
154187,8,2,26,105,2018,6,16,3,2,5,3,0,1,1,0,0,0,0,0,4.70902E+20,5.47966E+21,8.59838E+15,4.94689E+16
154188,8,1,18,81,2018,6,15,7,2,6,6,0,0,1,0,0,0,1,0,5.21594E+20,5.41685E+21,9.29466E+15,4.89042E+16
154189,8,2,21,0,2018,6,14,3,3,3,7,0,0,1,0,1,0,0,0,4.77636E+20,5.47266E+21,8.69172E+15,4.94062E+16
154190,8,1,27,76,2018,6,18,7,3,5,3,0,0,1,0,0,0,0,1,5.52516E+20,5.44009E+21,9.71961E+15,4.91114E+16
154191,8,2,16,15,2018,6,12,3,3,0,7,0,0,0,0,0,1,0,0,4.51271E+20,5.40519E+21,8.33646E+15,4.87977E+16
154192,8,2,16,43,2018,6,15,3,2,5,3,0,1,1,0,0,0,0,1,4.41553E+20,5.41212E+21,8.20315E+15,4.88593E+16
154193,8,1,25,65,2018,6,21,7,3,5,3,1,0,1,0,0,0,0,1,5.18668E+20,5.45079E+21,9.2563E+15,4.92096E+16
154194,8,1,19,55,2018,6,14,7,3,5,3,0,1,1,0,0,0,0,0,5.43632E+20,5.40497E+21,9.59411E+15,4.87962E+16
154195,8,1,19,20,2018,6,10,7,3,0,7,0,1,0,0,0,0,0,0,5.1977E+20,5.40803E+21,9.26935E+15,4.88249E+16
154196,8,2,15,105,2018,6,7,3,3,5,3,0,0,1,0,0,0,0,1,4.57346E+20,5.44211E+21,8.41531E+15,4.91303E+16
154197,8,1,18,48,2018,6,15,7,3,5,3,0,0,1,0,0,0,0,0,5.14773E+20,5.41536E+21,9.20154E+15,4.8891E+16
154198,8,2,15,17,2018,6,14,3,3,6,4,0,0,1,1,0,0,0,0,4.5592E+20,5.42155E+21,8.398E+15,4.89453E+16
154199,8,4,25,20,2018,6,16,7,3,9,7,0,0,1,0,0,0,0,0,5.567E+20,5.36158E+21,9.76612E+15,4.84048E+16
154200,8,2,11,0,2018,6,14,3,3,1,3,0,0,1,0,1,0,0,1,4.4081E+20,5.4037E+21,8.19425E+15,4.87834E+16
154201,8,1,16,80,2018,6,22,7,3,0,1,1,1,0,0,0,0,0,0,5.19733E+20,5.39668E+21,9.26831E+15,4.87228E+16
154202,8,1,15,3,2018,6,17,7,3,2,6,0,0,1,0,0,0,0,0,5.00762E+20,5.39112E+21,9.01035E+15,4.86731E+16
154203,8,2,16,43,2018,6,16,3,2,5,2,0,0,1,0,1,0,0,1,4.41957E+20,5.41331E+21,8.20849E+15,4.887E+16
154204,8,1,35,19,2018,6,13,3,3,5,3,0,1,0,0,0,0,1,0,5.85517E+20,5.39579E+21,1.01624E+16,4.87093E+16
154205,8,1,11,0,2018,6,10,7,3,0,6,0,1,1,0,0,0,0,0,5.0854E+20,5.4069E+21,9.11633E+15,4.88151E+16