OBJECTID_1,ULAND,UREGBEZ,UKREIS,UGEMEINDE,UJAHR,UMONAT,USTUNDE,UWOCHENTAG,UKATEGORIE,UART,UTYP1,ULICHTVERH,IstRad,IstPKW,IstFuss,IstKrad,IstGkfz,IstSonstig,STRZUSTAND,LINREFX,LINREFY,XGCSWGS84,YGCSWGS84
154206,8,1,21,0,2018,6,13,3,3,1,6,0,0,1,0,0,0,0,0,5.15721E+20,5.44092E+21,9.21546E+15,4.91209E+16
154207,8,1,11,0,2018,6,17,7,3,5,3,0,0,1,0,0,0,0,0,5.12925E+20,5.40853E+21,9.17611E+15,4.88296E+16
154208,8,1,19,90,2018,6,12,3,3,5,3,0,0,1,0,0,0,0,0,5.30988E+20,5.40725E+21,9.42213E+15,4.88174E+16
154209,8,1,11,0,2018,6,10,7,3,6,2,0,0,1,1,0,0,0,0,5.12794E+20,5.40876E+21,9.17434E+15,4.88317E+16
154210,8,1,19,20,2018,6,14,3,2,6,4,0,0,1,1,0,0,0,1,5.20347E+20,5.40663E+21,9.27714E+15,4.88123E+16
154211,8,4,35,59,2018,6,15,6,3,0,1,0,1,0,0,0,0,0,0,5.12443E+20,5.29015E+21,9.16606E+15,4.77646E+16
154212,8,1,19,8,2018,6,15,3,3,6,3,0,0,1,1,0,0,0,1,5.31394E+20,5.42154E+21,9.42876E+15,4.8946E+16
154213,8,4,35,59,2018,6,14,6,3,8,7,0,1,0,0,0,0,0,0,5.1246E+20,5.29014E+21,9.16628E+15,4.77645E+16
154214,8,1,19,41,2018,6,14,3,3,6,4,0,0,1,1,0,0,0,1,5.26307E+20,5.40967E+21,9.35852E+15,4.88394E+16
154215,8,4,21,0,2018,6,15,6,3,5,2,0,1,1,0,0,0,0,0,5.71427E+20,5.36277E+21,9.96527E+15,4.8414E+16
154216,8,4,21,0,2018,6,17,6,3,0,1,0,0,1,0,0,0,0,0,5.69667E+20,5.36251E+21,9.94145E+15,4.84119E+16
154217,8,1,18,48,2018,6,19,3,3,2,6,0,0,1,0,0,0,0,1,5.12599E+20,5.41671E+21,9.17192E+15,4.89032E+16
154218,8,4,21,0,2018,6,13,6,3,5,2,0,0,1,0,0,0,0,0,5.70094E+20,5.36201E+21,9.94715E+15,4.84073E+16
154219,8,1,18,51,2018,6,12,3,3,6,4,0,0,1,1,0,0,0,0,5.09836E+20,5.41506E+21,9.13417E+15,4.88884E+16
154220,8,4,16,41,2018,6,22,6,3,6,4,2,0,1,1,0,0,0,0,5.04083E+20,5.37368E+21,9.05529E+15,4.85162E+16
154221,8,1,18,40,2018,6,10,3,2,0,7,0,1,0,0,0,0,0,1,5.10868E+20,5.43173E+21,9.1487E+15,4.90383E+16
154222,8,4,15,61,2018,6,17,6,3,2,6,0,0,1,0,0,0,0,0,5.13027E+20,5.37182E+21,9.17635E+15,4.84994E+16
154223,8,1,18,51,2018,6,8,3,2,6,2,0,0,1,1,0,0,0,0,5.09263E+20,5.41508E+21,9.12636E+15,4.88886E+16
154224,8,3,37,96,2018,6,10,6,3,2,6,0,0,1,0,0,0,0,0,4.19312E+20,5.26685E+21,7.92762E+15,4.755E+16
154225,8,1,17,15,2018,6,7,3,3,9,7,0,0,1,0,0,0,0,0,5.59435E+20,5.39267E+21,9.80751E+15,4.86842E+16
154226,8,1,17,18,2018,6,16,3,3,3,2,0,1,1,0,0,0,0,1,5.37358E+20,5.39368E+21,9.50767E+15,4.86951E+16
154227,8,3,36,50,2018,6,8,6,3,5,2,0,1,1,0,0,0,0,0,4.00506E+20,5.27528E+21,7.67583E+15,4.76233E+16
154228,8,1,16,49,2018,6,18,3,3,2,6,0,0,1,0,0,0,0,1,5.25569E+20,5.38482E+21,9.34692E+15,4.86159E+16
154229,8,3,36,50,2018,6,17,6,3,2,6,0,1,1,0,0,0,0,0,3.99256E+20,5.27345E+21,7.65961E+15,4.76067E+16
154230,8,3,35,75,2018,6,10,6,3,2,6,0,0,1,0,0,0,0,1,4.9076E+20,5.2888E+21,8.87672E+15,4.77525E+16
154231,8,1,16,77,2018,6,16,3,3,6,4,0,0,0,1,1,0,0,1,5.16335E+20,5.38928E+21,9.2218E+15,4.86564E+16
154232,8,3,35,43,2018,6,18,6,3,0,1,0,1,0,0,0,0,0,1,5.12151E+20,5.28146E+21,9.16191E+15,4.76864E+16
154233,8,1,15,3,2018,6,12,3,3,0,3,0,1,1,0,0,0,0,0,5.00482E+20,5.39174E+21,9.00655E+15,4.86787E+16
154234,8,3,35,43,2018,6,16,6,2,4,6,0,1,0,0,0,0,0,0,5.13838E+20,5.28002E+21,9.18434E+15,4.76734E+16
154235,8,1,11,0,2018,6,7,3,3,5,3,0,1,1,0,0,0,0,0,5.06845E+20,5.39842E+21,9.0931E+15,4.87388E+16
154236,8,1,11,0,2018,6,15,3,2,5,2,0,1,0,0,0,0,1,1,5.09871E+20,5.39709E+21,9.13423E+15,4.87268E+16
154237,8,3,27,50,2018,6,21,6,3,3,6,2,0,1,0,1,0,0,1,4.86353E+20,5.31406E+21,8.81712E+15,4.79797E+16
154238,8,1,11,0,2018,6,14,3,3,5,3,0,0,1,0,0,0,0,1,5.14516E+20,5.40922E+21,9.19781E+15,4.88358E+16
154239,8,1,11,0,2018,6,11,3,3,6,7,0,0,1,1,0,0,0,0,5.12796E+20,5.4022E+21,9.17415E+15,4.87727E+16
154240,8,3,26,3,2018,6,19,6,3,0,7,0,0,1,0,0,0,0,1,4.64928E+20,5.31902E+21,8.52962E+15,4.80235E+16
154241,8,1,11,0,2018,6,14,3,3,0,1,0,0,0,0,1,0,0,1,5.11849E+20,5.40946E+21,9.16148E+15,4.8838E+16
154242,8,3,17,11,2018,6,15,6,3,8,1,0,0,0,0,1,0,0,0,4.27308E+20,5.35396E+21,8.01916E+15,4.83347E+16
154243,8,3,17,96,2018,6,18,6,3,0,7,0,1,0,0,0,0,0,0,4.21538E+20,5.36882E+21,7.93853E+15,4.84676E+16
154244,8,1,11,0,2018,6,17,3,3,2,7,0,0,1,0,1,0,0,1,5.15389E+20,5.40311E+21,9.20948E+15,4.87808E+16
154245,8,3,17,96,2018,6,16,6,2,8,7,0,1,0,0,0,0,0,0,4.21999E+20,5.36894E+21,7.94475E+15,4.84688E+16
154246,8,4,36,47,2018,6,14,2,3,4,6,0,1,1,0,0,0,0,0,5.34713E+20,5.3104E+21,9.46487E+15,4.7946E+16
154247,8,3,11,0,2018,6,10,6,3,0,3,0,0,1,0,1,1,0,0,4.15021E+20,5.32069E+21,7.86004E+15,4.80338E+16
154248,8,3,35,22,2018,6,17,2,3,5,3,0,1,1,0,0,0,0,0,4.83151E+20,5.30031E+21,8.77475E+15,4.78559E+16
154249,8,4,26,66,2018,6,16,2,3,5,3,0,0,1,0,0,0,1,0,5.8423E+20,5.32332E+21,1.01304E+16,4.80576E+16
154250,8,3,11,0,2018,6,11,6,3,5,3,0,1,0,0,0,0,1,0,4.13562E+20,5.31904E+21,7.84081E+15,4.80188E+16
154251,8,4,37,107,2018,6,17,2,3,6,2,0,0,0,1,1,0,0,0,5.06764E+20,5.32943E+21,9.09089E+15,4.81181E+16
154252,8,3,36,69,2018,6,7,6,3,6,4,0,0,1,1,0,0,0,0,4.04988E+20,5.26736E+21,7.73717E+15,4.75527E+16
154253,8,3,11,0,2018,6,19,6,3,5,3,0,1,1,0,0,0,0,1,4.12627E+20,5.31784E+21,7.82852E+15,4.80079E+16
154254,8,4,37,100,2018,6,15,2,3,6,4,0,0,1,1,0,0,0,0,5.37286E+20,5.31812E+21,9.49999E+15,4.80153E+16
154255,8,3,11,0,2018,6,8,6,3,5,2,0,1,1,0,0,0,0,0,4.13901E+20,5.31714E+21,7.84574E+15,4.80017E+16
154256,8,3,11,0,2018,6,1,6,3,0,7,2,1,0,0,0,0,0,0,4.1391E+20,5.31643E+21,7.846E+15,4.79954E+16
154257,8,4,36,82,2018,6,9,2,3,1,7,0,0,1,0,1,0,0,0,5.46652E+20,5.29426E+21,9.62299E+15,4.78E+16
154258,8,2,12,0,2018,6,12,6,3,5,2,0,1,1,0,0,0,0,0,4.52859E+20,5.42801E+21,8.35545E+15,4.90032E+16
154259,8,4,36,39,2018,6,18,2,3,5,3,0,1,1,0,0,0,0,0,5.49075E+20,5.28789E+21,9.65463E+15,4.77425E+16
154260,8,4,35,16,2018,6,8,2,3,1,5,0,0,1,1,0,0,0,0,5.37673E+20,5.27772E+21,9.50167E+15,4.76518E+16
154261,8,4,26,21,2018,6,16,2,3,6,4,0,0,1,1,0,0,0,0,5.58987E+20,5.32739E+21,9.79225E+15,4.8097E+16
154262,8,2,37,40,2018,6,14,6,3,5,3,0,0,1,0,1,0,0,0,4.77528E+20,5.3668E+21,8.69607E+15,4.84539E+16
154263,8,4,21,0,2018,6,7,2,3,5,3,0,0,1,0,1,0,0,0,5.69946E+20,5.36192E+21,9.94513E+15,4.84065E+16
154264,8,2,31,0,2018,6,16,6,2,6,4,0,0,1,1,0,0,0,0,4.78264E+20,5.41515E+21,8.70349E+15,4.88889E+16
154265,8,4,16,49,2018,6,18,2,3,1,6,0,1,1,0,0,0,0,0,4.91286E+20,5.37016E+21,8.88208E+15,4.84845E+16
154266,8,2,31,0,2018,6,6,6,2,0,7,0,0,1,0,1,0,0,0,4.74768E+20,5.41647E+21,8.65571E+15,4.89007E+16
154267,8,1,18,49,2018,6,13,1,3,0,7,0,0,0,0,1,0,0,0,5.1932E+20,5.42125E+21,9.26384E+15,4.89439E+16
154268,8,1,11,0,2018,6,14,1,3,0,1,0,0,0,0,1,0,0,0,5.14923E+20,5.39707E+21,9.20292E+15,4.87265E+16
154269,8,4,36,52,2018,6,15,7,3,4,2,0,0,1,0,0,0,0,0,5.6687E+20,5.29285E+21,9.89274E+15,4.77856E+16
154270,8,4,36,49,2018,6,14,7,2,8,7,0,1,0,0,0,0,0,0,5.79895E+20,5.2807E+21,1.00644E+16,4.76748E+16
154271,8,4,35,59,2018,6,0,7,2,8,6,2,1,0,0,0,0,0,0,5.12793E+20,5.29E+21,9.17072E+15,4.77632E+16
154272,8,3,36,81,2018,6,9,7,2,0,7,0,1,0,0,0,0,0,0,4.10908E+20,5.27812E+21,7.81365E+15,4.76503E+16
154273,8,3,36,84,2018,6,9,7,3,1,7,0,1,1,0,0,0,0,0,4.05062E+20,5.27778E+21,7.73591E+15,4.76464E+16
154274,8,3,35,43,2018,6,22,7,2,5,2,2,1,0,0,0,0,0,0,5.12835E+20,5.27879E+21,9.17094E+15,4.76624E+16
154275,8,3,25,11,2018,6,11,7,2,8,1,0,0,0,0,1,0,0,0,4.71539E+20,5.34119E+21,8.61681E+15,4.82233E+16
154276,8,3,17,96,2018,6,16,7,3,5,2,0,1,1,0,0,0,0,0,4.22673E+20,5.36906E+21,7.95384E+15,4.84699E+16
154277,8,3,16,56,2018,6,15,7,2,3,2,0,0,0,0,1,0,0,0,4.22726E+20,5.32743E+21,7.96218E+15,4.80955E+16
154278,8,3,16,12,2018,6,15,7,3,5,3,0,0,1,0,0,1,0,0,4.00294E+20,5.33238E+21,7.65982E+15,4.81369E+16
154279,8,3,15,108,2018,6,17,7,3,0,5,0,1,1,0,0,0,0,0,4.05109E+20,5.30416E+21,7.73077E+15,4.78838E+16
154280,8,3,15,15,2018,6,14,7,3,5,3,0,1,0,0,0,0,0,0,3.94756E+20,5.32016E+21,7.58842E+15,4.8026E+16
154281,8,3,11,0,2018,6,17,7,3,5,3,0,1,1,0,0,0,0,0,4.12032E+20,5.31475E+21,7.82118E+15,4.798E+16
154282,8,2,22,0,2018,6,14,7,3,5,3,0,0,1,0,1,0,0,0,4.62001E+20,5.48362E+21,8.47517E+15,4.9504E+16
154283,8,2,12,0,2018,6,0,7,3,5,3,2,0,1,0,1,0,0,0,4.59918E+20,5.42714E+21,8.45205E+15,4.89958E+16
154284,8,2,31,0,2018,6,19,7,2,6,3,0,0,1,1,0,0,0,0,4.78638E+20,5.41765E+21,8.70846E+15,4.89114E+16
154285,8,4,26,21,2018,6,20,3,3,2,6,0,0,1,0,0,0,0,0,5.57293E+20,5.32833E+21,9.76962E+15,4.81057E+16
154286,8,4,21,0,2018,6,15,3,2,6,4,0,0,0,1,0,0,1,0,5.73724E+20,5.36097E+21,9.996E+15,4.83976E+16
154287,8,4,21,0,2018,6,10,3,3,0,7,0,0,1,0,0,0,0,0,5.69232E+20,5.35815E+21,9.93485E+15,4.83727E+16
154288,8,4,16,23,2018,6,7,3,3,0,7,0,1,0,0,0,0,0,0,5.09464E+20,5.37385E+21,9.12816E+15,4.85177E+16
154289,8,3,35,75,2018,6,15,3,3,5,3,0,0,1,0,0,0,0,0,4.90274E+20,5.28886E+21,8.87023E+15,4.7753E+16
154290,8,2,26,32,2018,6,8,7,3,8,7,0,0,1,0,0,0,0,0,4.67065E+20,5.46493E+21,8.54666E+15,4.93362E+16
154291,8,3,35,43,2018,6,17,3,3,5,3,0,0,1,0,0,0,0,0,5.14445E+20,5.27952E+21,9.19242E+15,4.76689E+16
154292,8,2,26,68,2018,6,17,7,3,5,3,0,0,1,0,0,0,0,0,4.68018E+20,5.46076E+21,8.56011E+15,4.92987E+16
154293,8,3,35,43,2018,6,9,3,3,5,2,0,1,1,0,0,0,0,0,5.13322E+20,5.27871E+21,9.17744E+15,4.76617E+16
154294,8,3,35,43,2018,6,17,3,3,8,1,0,1,0,0,0,0,0,0,5.13466E+20,5.28432E+21,9.17952E+15,4.77122E+16
154295,8,2,22,0,2018,6,14,7,3,5,3,0,0,1,0,0,0,0,0,4.62251E+20,5.48063E+21,8.4789E+15,4.94771E+16
154296,8,3,35,75,2018,6,18,3,3,5,3,0,1,1,0,0,0,0,0,4.88825E+20,5.28765E+21,8.85094E+15,4.77421E+16
154297,8,2,22,0,2018,6,18,7,3,5,3,0,1,1,0,0,0,0,0,4.6208E+20,5.47903E+21,8.4767E+15,4.94627E+16
154298,8,3,27,50,2018,6,15,3,3,3,2,0,0,1,0,1,0,0,0,4.86786E+20,5.31458E+21,8.82292E+15,4.79844E+16
154299,8,2,22,0,2018,6,14,7,2,2,6,0,0,1,0,1,0,0,0,4.63235E+20,5.48392E+21,8.49218E+15,4.95068E+16
154300,8,3,26,74,2018,6,12,3,3,4,2,0,1,1,0,0,0,0,0,4.59856E+20,5.32371E+21,8.46116E+15,4.80654E+16
154301,8,3,26,74,2018,6,12,3,3,5,3,0,1,0,0,0,0,0,0,4.65956E+20,5.32341E+21,8.54306E+15,4.8063E+16
154302,8,3,17,96,2018,6,17,3,3,5,3,0,0,1,0,0,0,0,0,4.20469E+20,5.36924E+21,7.924E+15,4.84713E+16
154303,8,3,17,73,2018,6,7,3,3,0,3,0,0,0,0,1,0,1,0,4.09811E+20,5.34976E+21,7.78401E+15,4.82946E+16
154304,8,2,21,0,2018,6,14,7,3,5,3,0,1,1,0,0,0,0,0,4.74493E+20,5.47172E+21,8.64846E+15,4.93976E+16
154305,8,3,16,43,2018,6,19,3,3,4,2,0,1,1,0,0,0,0,0,4.10221E+20,5.3321E+21,7.79327E+15,4.81358E+16
154306,8,2,21,0,2018,6,13,7,3,0,7,0,1,0,0,0,0,0,0,4.744E+20,5.47445E+21,8.647E+15,4.94222E+16
154307,8,3,15,131,2018,6,16,3,3,9,7,0,1,0,0,0,0,0,0,4.07284E+20,5.30719E+21,7.7592E+15,4.79113E+16
154308,8,2,15,9,2018,6,10,7,3,5,3,0,0,1,0,0,0,0,0,4.70298E+20,5.44135E+21,8.59291E+15,4.91242E+16
154309,8,2,15,17,2018,6,10,7,3,6,4,0,0,1,1,0,0,0,0,4.53436E+20,5.41981E+21,8.36428E+15,4.89295E+16
154310,8,3,15,50,2018,6,17,3,3,0,3,0,1,1,0,0,0,0,0,3.99054E+20,5.30366E+21,7.64991E+15,4.78783E+16
154311,8,2,15,17,2018,6,21,7,3,1,5,0,0,1,0,0,0,0,0,4.55854E+20,5.42123E+21,8.39714E+15,4.89424E+16
154312,8,3,15,73,2018,6,13,3,3,5,3,0,1,0,0,0,0,1,0,4.12398E+20,5.3137E+21,7.8263E+15,4.79706E+16
154313,8,1,35,20,2018,6,19,7,3,4,6,0,1,1,0,0,0,0,0,5.84543E+20,5.38761E+21,1.01475E+16,4.86358E+16
154314,8,1,21,0,2018,6,15,7,3,6,6,0,0,1,1,0,0,0,0,5.14258E+20,5.44068E+21,9.19541E+15,4.91188E+16
154315,8,3,11,0,2018,6,17,3,2,0,1,0,1,0,0,0,0,0,0,4.13164E+20,5.31781E+21,7.83573E+15,4.80077E+16
154316,8,1,19,85,2018,6,6,7,3,4,6,0,0,1,0,0,0,0,0,5.31041E+20,5.41359E+21,9.42333E+15,4.88745E+16
154317,8,3,11,0,2018,6,7,3,3,5,3,0,0,1,0,1,0,0,0,4.13639E+20,5.32049E+21,7.84156E+15,4.80319E+16
154318,8,3,11,0,2018,6,7,3,3,1,1,0,0,1,0,0,0,1,0,4.12874E+20,5.31617E+21,7.83218E+15,4.79929E+16
154319,8,1,18,80,2018,6,18,7,3,5,3,0,1,1,0,0,0,0,0,5.09133E+20,5.40818E+21,9.12443E+15,4.88265E+16
154320,8,2,12,0,2018,6,7,3,3,6,4,0,0,1,1,0,0,0,0,4.53765E+20,5.42553E+21,8.36811E+15,4.89809E+16
154321,8,1,17,26,2018,6,11,7,3,8,7,0,0,1,0,0,0,0,0,5.49438E+20,5.39482E+21,9.67194E+15,4.87044E+16
154322,8,2,26,31,2018,6,17,3,3,5,3,0,0,1,0,0,0,0,0,4.74378E+20,5.49289E+21,8.64551E+15,4.9588E+16
154323,8,1,16,49,2018,6,14,7,3,8,1,0,0,1,0,1,0,0,0,5.21426E+20,5.38319E+21,9.29063E+15,4.86014E+16
154324,8,2,25,109,2018,6,7,3,3,5,3,0,0,1,0,1,0,0,0,5.25476E+20,5.49089E+21,9.35235E+15,4.957E+16
154325,8,2,22,0,2018,6,13,3,3,6,4,0,0,1,1,0,0,0,0,4.63342E+20,5.48325E+21,8.49372E+15,4.95008E+16
154326,8,1,16,4,2018,6,15,7,3,0,7,0,1,0,0,0,0,0,0,5.28535E+20,5.39743E+21,9.38803E+15,4.87292E+16
154327,8,2,26,9,2018,6,18,3,3,0,7,0,1,0,0,0,0,0,0,4.66299E+20,5.47166E+21,8.53554E+15,4.93967E+16
154328,8,2,21,0,2018,6,18,3,3,4,2,0,1,1,0,0,0,0,0,4.75669E+20,5.47411E+21,8.66453E+15,4.94191E+16
154329,8,1,11,0,2018,6,14,7,3,5,2,0,1,1,0,0,0,0,0,5.124E+20,5.40139E+21,9.16875E+15,4.87654E+16
154330,8,2,21,0,2018,6,10,3,3,6,2,0,1,0,1,0,0,0,0,4.77224E+20,5.47286E+21,8.68603E+15,4.9408E+16
154331,8,1,11,0,2018,6,13,7,3,2,6,0,0,1,0,0,0,0,0,5.13279E+20,5.4039E+21,9.18078E+15,4.87879E+16
154332,8,2,15,17,2018,6,15,3,3,5,3,0,1,1,0,0,0,0,0,4.54866E+20,5.42184E+21,8.38358E+15,4.89478E+16
154333,8,1,11,0,2018,6,9,7,3,1,5,0,0,1,0,1,0,0,0,5.11486E+20,5.40303E+21,9.15635E+15,4.87802E+16
154334,8,1,11,0,2018,6,10,7,3,5,3,0,0,1,0,0,0,0,0,5.11892E+20,5.40269E+21,9.16186E+15,4.87771E+16
154335,8,2,12,0,2018,6,8,3,3,0,1,0,1,0,0,0,0,0,1,4.56329E+20,5.42842E+21,8.40284E+15,4.90072E+16
154336,8,1,11,0,2018,6,17,7,3,6,7,0,1,0,1,0,0,0,0,5.1283E+20,5.40221E+21,9.17461E+15,4.87727E+16
154337,8,2,12,0,2018,6,18,3,3,0,7,0,0,1,0,1,0,0,0,4.61255E+20,5.42268E+21,8.47074E+15,4.89559E+16
154338,8,1,36,88,2018,6,9,3,3,5,3,0,1,0,0,0,1,0,0,5.80135E+20,5.40946E+21,1.0092E+16,4.8833E+16
154339,8,4,21,0,2018,6,14,6,3,0,7,0,0,1,1,0,0,0,0,5.73523E+20,5.36127E+21,9.99333E+15,4.84003E+16
154340,8,1,35,16,2018,6,12,3,3,1,7,0,1,1,0,0,0,0,0,5.92085E+20,5.38625E+21,1.02496E+16,4.86226E+16
154341,8,3,36,105,2018,6,17,6,3,4,2,0,1,0,0,0,0,0,0,4.01873E+20,5.26683E+21,7.6959E+15,4.75475E+16
154342,8,1,28,7,2018,6,15,3,3,5,3,0,1,1,0,0,0,0,0,5.55764E+20,5.48231E+21,9.77E+15,4.94908E+16
154343,8,1,27,14,2018,6,10,3,3,5,3,0,0,1,0,0,0,0,0,5.78017E+20,5.44318E+21,1.00696E+16,4.91365E+16
154344,8,4,35,29,2018,6,18,6,3,0,1,0,1,0,0,0,0,0,0,5.45123E+20,5.27111E+21,9.60018E+15,4.75918E+16
154345,8,1,27,76,2018,6,12,3,2,5,3,0,0,1,0,1,0,0,0,5.5712E+20,5.44072E+21,9.78277E+15,4.91166E+16
154346,8,4,21,0,2018,6,17,6,3,1,5,0,1,0,0,0,0,1,0,5.71016E+20,5.36199E+21,9.95959E+15,4.84071E+16
154347,8,1,25,102,2018,6,18,3,2,8,1,0,1,0,0,0,0,0,0,5.19652E+20,5.44478E+21,9.26952E+15,4.91555E+16
154348,8,4,21,0,2018,6,16,6,3,4,2,0,1,1,0,0,0,0,0,5.71375E+20,5.36059E+21,9.96421E+15,4.83944E+16
154349,8,4,25,33,2018,6,23,6,2,8,1,2,0,1,0,0,0,0,0,5.52376E+20,5.34593E+21,9.70575E+15,4.82644E+16
154350,8,1,21,0,2018,6,6,3,3,0,7,0,1,0,0,0,0,1,0,5.15317E+20,5.44673E+21,9.21014E+15,4.91732E+16
154351,8,4,17,16,2018,6,19,6,3,5,2,0,1,1,0,0,0,0,0,4.84138E+20,5.34147E+21,8.78643E+15,4.82262E+16
154352,8,1,25,26,2018,6,7,3,3,4,2,0,0,1,0,1,0,0,0,4.93681E+20,5.44248E+21,8.91337E+15,4.91351E+16
154353,8,4,16,41,2018,6,17,6,3,5,3,0,1,1,0,0,0,0,0,5.0714E+20,5.37435E+21,9.09669E+15,4.85222E+16
154354,8,1,19,91,2018,6,10,3,3,2,6,0,0,1,0,0,0,0,0,5.28336E+20,5.40592E+21,9.38591E+15,4.88056E+16
154355,8,4,16,25,2018,6,19,6,3,2,2,0,1,0,0,1,0,0,0,5.04564E+20,5.36158E+21,9.06167E+15,4.84073E+16
154356,8,1,18,48,2018,6,8,3,3,0,3,0,1,0,0,0,0,0,0,5.13255E+20,5.41748E+21,9.1809E+15,4.89101E+16
154357,8,3,36,6,2018,6,18,6,3,8,1,0,1,0,0,0,0,0,0,3.91701E+20,5.2873E+21,7.5557E+15,4.773E+16
154358,8,1,17,19,2018,6,7,3,3,5,3,0,1,1,0,0,0,0,0,5.52219E+20,5.39348E+21,9.70957E+15,4.86922E+16
154359,8,3,35,75,2018,6,6,6,2,2,2,0,0,1,0,1,0,0,0,4.88362E+20,5.28975E+21,8.8447E+15,4.7761E+16
154360,8,1,16,22,2018,6,10,3,3,5,3,0,1,1,0,0,0,0,0,5.23023E+20,5.38188E+21,9.31221E+15,4.85896E+16
154361,8,1,15,29,2018,6,6,3,2,4,2,0,1,0,0,0,0,0,0,4.96434E+20,5.39927E+21,8.9515E+15,4.87465E+16
154362,8,3,27,46,2018,6,18,6,3,3,3,0,1,1,0,0,0,0,0,4.81043E+20,5.32416E+21,8.74552E+15,4.80704E+16
154363,8,1,15,3,2018,6,17,3,3,3,2,0,1,1,0,0,0,0,0,4.99164E+20,5.3922E+21,8.98865E+15,4.86828E+16
154364,8,3,26,74,2018,6,9,6,3,4,2,0,0,1,0,0,0,0,0,4.60181E+20,5.32394E+21,8.4655E+15,4.80675E+16
154365,8,1,11,0,2018,6,12,3,3,5,3,0,1,1,0,0,0,0,0,5.19324E+20,5.40421E+21,9.2631E+15,4.87906E+16
154366,8,3,26,74,2018,6,15,6,3,2,6,0,0,1,0,0,0,0,0,4.59564E+20,5.32268E+21,8.45733E+15,4.80561E+16
154367,8,1,11,0,2018,6,16,3,3,2,6,0,0,1,0,1,0,0,0,5.11293E+20,5.40169E+21,9.15369E+15,4.87681E+16
154368,8,3,17,40,2018,6,13,6,3,0,7,0,1,0,0,0,0,0,0,4.32344E+20,5.34731E+21,8.08816E+15,4.82754E+16
154369,8,3,17,65,2018,6,8,6,3,2,6,0,0,1,0,0,0,0,0,4.14602E+20,5.35498E+21,7.84753E+15,4.83422E+16
154370,8,1,11,0,2018,6,17,3,2,6,4,0,0,1,1,0,0,0,0,5.16026E+20,5.40546E+21,9.21824E+15,4.88019E+16
154371,8,3,17,57,2018,6,19,6,3,0,7,0,1,1,0,0,0,0,0,4.12555E+20,5.37965E+21,7.81476E+15,4.85639E+16
154372,8,4,36,49,2018,6,7,2,2,4,1,0,1,1,0,0,0,0,0,5.77957E+20,5.28254E+21,1.00389E+16,4.76916E+16
154373,8,4,26,87,2018,6,21,2,3,2,6,0,0,1,0,1,0,0,0,5.70467E+20,5.32639E+21,9.94625E+15,4.80869E+16
154374,8,3,16,17,2018,6,17,6,2,0,1,0,1,0,0,0,0,0,0,4.08844E+20,5.34148E+21,7.77276E+15,4.822E+16
154375,8,4,36,81,2018,6,7,2,3,0,3,0,0,1,0,1,0,0,0,5.61448E+20,5.28318E+21,9.819E+15,4.76991E+16
154376,8,3,16,20,2018,6,15,6,2,0,4,0,0,1,1,0,0,0,1,4.08536E+20,5.3393E+21,7.76908E+15,4.82004E+16
154377,8,4,26,21,2018,6,7,2,3,3,6,0,1,1,0,0,0,0,0,5.57717E+20,5.32709E+21,9.77515E+15,4.80945E+16
154378,8,3,15,30,2018,6,14,6,3,5,7,0,1,1,0,0,0,0,0,4.06649E+20,5.32752E+21,7.74628E+15,4.80941E+16
154379,8,3,11,0,2018,6,15,6,3,1,6,0,0,1,0,0,0,0,0,4.10371E+20,5.31628E+21,7.79861E+15,4.79936E+16
154380,8,4,15,61,2018,6,6,2,3,3,2,0,0,1,0,1,0,0,0,5.16567E+20,5.37304E+21,9.22431E+15,4.85102E+16
154381,8,2,31,0,2018,6,19,6,2,4,2,0,0,1,0,0,0,0,0,4.78661E+20,5.41624E+21,8.70885E+15,4.88988E+16
154382,8,4,15,61,2018,6,16,2,3,3,6,0,1,1,0,0,0,0,0,5.15822E+20,5.37108E+21,9.21415E+15,4.84926E+16
154383,8,2,12,0,2018,6,8,6,2,5,2,0,0,1,0,0,0,1,0,4.59554E+20,5.43165E+21,8.44662E+15,4.90364E+16
154384,8,2,35,46,2018,6,15,6,3,0,7,0,1,0,0,0,0,0,0,4.79992E+20,5.37762E+21,8.72888E+15,4.85513E+16
154385,8,4,15,34,2018,6,10,2,3,5,3,0,0,1,0,0,1,0,0,5.31988E+20,5.35196E+21,9.43149E+15,4.832E+16
154386,8,2,35,73,2018,6,18,6,2,5,3,0,1,1,0,0,0,0,0,4.78096E+20,5.40802E+21,8.70158E+15,4.88248E+16
154387,8,4,15,50,2018,6,18,2,3,2,6,0,1,1,0,0,0,0,0,5.21404E+20,5.37812E+21,9.29006E+15,4.85558E+16
154388,8,4,15,14,2018,6,14,2,3,6,4,0,0,1,1,0,0,0,0,5.2463E+20,5.37526E+21,9.33361E+15,4.85299E+16
154389,8,2,35,7,2018,6,10,6,3,4,5,0,0,1,0,1,0,0,0,4.846E+20,5.39691E+21,8.7906E+15,4.8725E+16
154390,8,3,37,66,2018,6,15,2,2,4,1,0,1,1,0,0,0,0,0,4.28085E+20,5.26777E+21,8.04404E+15,4.75594E+16
154391,8,2,31,0,2018,6,19,6,3,2,6,0,0,1,0,0,0,0,0,4.75923E+20,5.41587E+21,8.67151E+15,4.88953E+16
154392,8,3,36,91,2018,6,14,2,3,0,1,0,0,0,0,1,0,0,0,3.96068E+20,5.27467E+21,7.61692E+15,4.76171E+16