OBJECTID_1,ULAND,UREGBEZ,UKREIS,UGEMEINDE,UJAHR,UMONAT,USTUNDE,UWOCHENTAG,UKATEGORIE,UART,UTYP1,ULICHTVERH,IstRad,IstPKW,IstFuss,IstKrad,IstGkfz,IstSonstig,STRZUSTAND,LINREFX,LINREFY,XGCSWGS84,YGCSWGS84
154393,8,2,36,72,2018,6,10,6,3,5,3,0,1,1,0,0,0,0,0,4.64433E+20,5.41111E+21,8.51517E+15,4.8852E+16
154394,8,2,36,68,2018,6,16,6,2,0,1,0,0,0,0,1,0,0,0,4.86783E+20,5.41335E+21,8.81976E+15,4.8873E+16
154395,8,3,35,43,2018,6,18,2,3,4,6,0,1,0,0,0,0,0,0,5.13316E+20,5.27871E+21,9.17735E+15,4.76616E+16
154396,8,2,22,0,2018,6,19,6,3,5,3,0,0,1,0,0,0,0,0,4.61609E+20,5.47989E+21,8.47011E+15,4.94704E+16
154397,8,2,22,0,2018,6,6,6,3,5,3,0,0,1,0,0,0,0,0,4.67364E+20,5.482E+21,8.54936E+15,4.94898E+16
154398,8,4,35,16,2018,6,7,2,3,5,3,0,1,1,0,0,0,0,0,5.36684E+20,5.27916E+21,9.48862E+15,4.76648E+16
154399,8,3,26,6,2018,6,18,2,3,5,3,0,0,1,0,0,0,0,0,4.59076E+20,5.30881E+21,8.45211E+15,4.79313E+16
154400,8,3,25,61,2018,6,19,2,2,5,3,0,0,1,0,0,0,0,0,4.75065E+20,5.35422E+21,8.66351E+15,4.83407E+16
154401,8,2,26,38,2018,6,12,6,3,4,6,0,1,1,0,0,0,0,0,4.7187E+20,5.48015E+21,8.61172E+15,4.94734E+16
154402,8,3,11,0,2018,6,19,2,2,0,1,0,1,0,0,0,0,0,0,4.15197E+20,5.31531E+21,7.86348E+15,4.79854E+16
154403,8,2,22,0,2018,6,21,6,2,8,1,2,0,1,0,0,0,0,0,4.59628E+20,5.4839E+21,8.44236E+15,4.95064E+16
154404,8,3,11,0,2018,6,19,2,3,4,6,0,1,0,0,0,0,0,0,4.1452E+20,5.31614E+21,7.85423E+15,4.79928E+16
154405,8,2,21,0,2018,6,7,6,3,6,4,0,1,0,1,0,0,0,0,4.76679E+20,5.47503E+21,8.6784E+15,4.94275E+16
154406,8,2,16,7,2018,6,11,6,3,6,4,0,0,1,1,0,0,0,0,4.36613E+20,5.39316E+21,8.13873E+15,4.86883E+16
154407,8,3,11,0,2018,6,20,2,3,5,3,0,1,1,0,0,0,0,0,4.13537E+20,5.31567E+21,7.84115E+15,4.79885E+16
154408,8,2,12,0,2018,6,15,6,3,2,6,0,0,1,0,0,0,0,0,4.54308E+20,5.42887E+21,8.37516E+15,4.9011E+16
154409,8,3,11,0,2018,6,7,2,3,3,2,0,0,1,0,1,0,0,0,4.14036E+20,5.31733E+21,7.84751E+15,4.80035E+16
154410,8,2,12,0,2018,6,14,6,3,5,3,0,1,1,0,0,0,0,0,4.51179E+20,5.42826E+21,8.33245E+15,4.90053E+16
154411,8,3,11,0,2018,6,10,2,3,0,3,0,1,1,0,0,0,0,0,4.13143E+20,5.31784E+21,7.83544E+15,4.80079E+16
154412,8,2,11,0,2018,6,15,6,3,5,3,0,0,1,0,1,0,0,0,4.40793E+20,5.40411E+21,8.19395E+15,4.87871E+16
154413,8,2,12,0,2018,6,8,2,3,1,7,0,1,0,0,0,0,0,0,4.55653E+20,5.42885E+21,8.39356E+15,4.9011E+16
154414,8,2,12,0,2018,6,12,2,3,2,6,0,0,0,0,0,1,0,0,4.51355E+20,5.42851E+21,8.33482E+15,4.90076E+16
154415,8,1,35,19,2018,6,11,6,3,2,6,0,0,1,0,0,0,0,0,5.84283E+20,5.39309E+21,1.01451E+16,4.86851E+16
154416,8,2,37,40,2018,6,12,2,3,3,2,0,0,1,0,1,0,0,0,4.77419E+20,5.36694E+21,8.69459E+15,4.84552E+16
154417,8,1,35,20,2018,6,10,6,3,6,7,0,0,1,1,0,0,0,0,5.87537E+20,5.3868E+21,1.0188E+16,4.86281E+16
154418,8,2,31,0,2018,6,19,2,3,3,6,0,0,1,0,0,0,1,0,4.78313E+20,5.41502E+21,8.70416E+15,4.88877E+16
154419,8,1,35,16,2018,6,16,6,3,5,3,0,0,1,0,0,0,0,0,5.91674E+20,5.38624E+21,1.0244E+16,4.86225E+16
154420,8,2,26,84,2018,6,15,2,3,0,1,0,0,0,0,1,0,0,0,4.69655E+20,5.46958E+21,8.58195E+15,4.93782E+16
154421,8,2,26,84,2018,6,16,2,3,1,5,0,1,1,0,0,0,0,0,4.69344E+20,5.47034E+21,8.5776E+15,4.93849E+16
154422,8,1,27,73,2018,6,15,6,3,6,4,0,0,1,1,0,0,0,0,5.79142E+20,5.44928E+21,1.00862E+16,4.91912E+16
154423,8,2,22,0,2018,6,11,2,3,5,2,0,1,0,0,0,1,0,0,4.62621E+20,5.48106E+21,8.48396E+15,4.9481E+16
154424,8,1,26,46,2018,6,18,6,3,8,7,0,0,0,0,1,0,0,0,5.50215E+20,5.45888E+21,9.69042E+15,4.92806E+16
154425,8,2,22,0,2018,6,7,2,3,4,2,0,1,1,0,0,0,0,0,4.64191E+20,5.4825E+21,8.50551E+15,4.94941E+16
154426,8,1,21,0,2018,6,8,6,3,4,6,0,0,1,0,0,0,0,0,5.14396E+20,5.446E+21,9.19749E+15,4.91667E+16
154427,8,1,16,78,2018,6,13,6,3,3,6,0,0,1,0,0,0,0,0,5.1022E+20,5.3934E+21,9.13888E+15,4.86935E+16
154428,8,2,22,0,2018,6,18,2,3,6,7,0,0,1,1,0,0,0,0,4.62205E+20,5.48311E+21,8.47803E+15,4.94995E+16
154429,8,1,16,77,2018,6,15,6,3,2,6,0,0,1,0,0,0,0,0,5.16399E+20,5.38962E+21,9.2227E+15,4.86595E+16
154430,8,2,22,0,2018,6,8,2,3,5,3,0,1,1,0,0,0,0,0,4.63327E+20,5.4856E+21,8.4933E+15,4.95219E+16
154431,8,1,16,16,2018,6,9,6,3,5,3,0,1,1,0,0,0,0,0,5.33139E+20,5.38474E+21,9.44962E+15,4.86148E+16
154432,8,2,21,0,2018,6,18,2,3,6,4,0,1,0,1,0,0,0,0,4.77693E+20,5.47252E+21,8.69251E+15,4.9405E+16
154433,8,1,15,45,2018,6,14,6,3,1,5,0,0,1,0,0,0,0,0,4.98466E+20,5.39325E+21,8.97915E+15,4.86923E+16
154434,8,2,26,36,2018,6,12,2,2,6,7,0,0,1,1,0,0,0,0,4.68343E+20,5.48097E+21,8.56297E+15,4.94806E+16
154435,8,2,26,66,2018,6,14,2,2,8,1,0,1,0,0,0,0,0,0,4.95764E+20,5.46722E+21,8.94166E+15,4.93577E+16
154436,8,1,15,3,2018,6,19,6,3,9,1,0,0,1,0,0,0,1,0,4.99151E+20,5.39286E+21,8.98846E+15,4.86888E+16
154437,8,2,16,7,2018,6,16,2,3,2,6,0,0,1,0,0,0,0,0,4.3594E+20,5.39711E+21,8.12897E+15,4.87237E+16
154438,8,1,11,0,2018,6,14,6,2,5,3,0,0,1,0,1,0,0,0,5.11433E+20,5.40283E+21,9.15562E+15,4.87783E+16
154439,8,2,16,23,2018,6,14,2,2,0,7,0,1,0,0,0,0,0,0,4.38481E+20,5.40732E+21,8.162E+15,4.88159E+16
154440,8,4,35,34,2018,6,13,5,3,4,6,0,1,1,0,0,0,0,0,5.29741E+20,5.2845E+21,9.39651E+15,4.77132E+16
154441,8,4,35,57,2018,6,7,5,3,2,6,0,1,1,0,0,0,0,0,5.44351E+20,5.27929E+21,9.59074E+15,4.76655E+16
154442,8,2,16,43,2018,6,13,2,3,2,1,0,0,1,0,1,0,0,0,4.41366E+20,5.41253E+21,8.20055E+15,4.88629E+16
154443,8,2,12,0,2018,6,12,5,2,0,7,0,1,0,0,0,0,0,0,4.56632E+20,5.42744E+21,8.40709E+15,4.89983E+16
154444,8,2,16,43,2018,6,14,2,2,5,3,0,1,1,0,0,0,0,0,4.42664E+20,5.41266E+21,8.21822E+15,4.88642E+16
154445,8,2,15,107,2018,6,9,2,3,3,6,0,1,0,0,0,1,0,0,4.61945E+20,5.45714E+21,8.47693E+15,4.92658E+16
154446,8,2,15,110,2018,6,12,5,2,0,1,0,1,0,0,0,0,0,0,4.61309E+20,5.41981E+21,8.47176E+15,4.893E+16
154447,8,2,15,9,2018,6,15,2,3,0,7,0,1,0,0,1,0,0,0,4.70125E+20,5.441E+21,8.59055E+15,4.91211E+16
154448,8,3,15,98,2018,6,18,5,3,4,7,0,1,0,0,1,0,0,0,4.05007E+20,5.31288E+21,7.72747E+15,4.79622E+16
154449,8,2,12,0,2018,6,18,2,3,5,3,0,0,1,0,1,0,0,0,4.552E+20,5.4343E+21,8.38676E+15,4.90599E+16
154450,8,4,26,66,2018,6,20,5,3,2,6,0,0,1,0,0,0,0,0,5.83657E+20,5.32557E+21,1.01232E+16,4.80779E+16
154451,8,2,12,0,2018,6,5,2,2,5,3,0,0,1,0,1,0,0,0,4.54786E+20,5.42648E+21,8.38196E+15,4.89896E+16
154452,8,4,37,44,2018,6,18,5,3,5,3,0,0,1,0,1,0,0,0,5.29691E+20,5.32483E+21,9.39862E+15,4.8076E+16
154453,8,1,36,88,2018,6,15,2,3,5,2,0,0,1,0,0,0,0,0,5.79539E+20,5.40913E+21,1.00838E+16,4.88301E+16
154454,8,4,36,5,2018,6,3,5,3,8,1,2,0,1,0,0,0,0,0,5.36965E+20,5.31199E+21,9.49516E+15,4.79602E+16
154455,8,4,36,49,2018,6,18,5,3,2,6,0,0,1,0,1,0,0,0,5.78213E+20,5.28304E+21,1.00424E+16,4.7696E+16
154456,8,1,27,75,2018,6,18,2,2,1,1,0,0,1,0,0,1,0,0,5.78238E+20,5.46934E+21,1.00777E+16,4.93717E+16
154457,8,1,21,0,2018,6,17,2,2,0,1,0,0,0,0,1,0,0,0,5.15775E+20,5.44604E+21,9.2164E+15,4.9167E+16
154458,8,1,25,5,2018,6,18,2,3,4,6,0,1,0,0,0,0,0,0,5.15514E+20,5.45269E+21,9.21308E+15,4.92268E+16
154459,8,4,36,55,2018,6,7,5,3,2,2,0,0,1,0,0,0,0,0,5.75608E+20,5.29878E+21,1.00104E+16,4.78379E+16
154460,8,1,25,6,2018,6,17,2,2,5,3,0,0,1,0,1,0,0,0,5.06938E+20,5.45408E+21,9.09532E+15,4.92395E+16
154461,8,4,26,21,2018,6,17,5,3,5,3,0,1,1,0,0,0,0,0,5.59221E+20,5.32798E+21,9.79547E+15,4.81023E+16
154462,8,1,19,91,2018,6,8,2,3,5,3,0,0,1,0,0,0,0,0,5.27012E+20,5.4065E+21,9.36791E+15,4.88109E+16
154463,8,4,15,50,2018,6,2,5,2,9,1,2,0,0,0,1,0,0,1,5.20535E+20,5.37637E+21,9.2782E+15,4.85401E+16
154464,8,1,19,67,2018,6,11,2,3,5,3,0,0,1,0,0,0,0,0,5.38217E+20,5.40575E+21,9.52046E+15,4.88035E+16
154465,8,1,19,44,2018,6,5,2,2,5,3,0,1,1,0,0,0,0,0,5.49958E+20,5.42262E+21,9.68241E+15,4.89545E+16
154466,8,4,16,41,2018,6,16,5,3,2,6,0,0,1,0,0,0,1,0,5.0264E+20,5.37573E+21,9.03576E+15,4.85347E+16
154467,8,4,15,50,2018,6,11,5,3,5,2,0,1,1,0,0,0,0,0,5.20711E+20,5.37635E+21,9.28058E+15,4.85399E+16
154468,8,1,19,8,2018,6,18,2,3,2,2,0,0,1,0,0,0,0,0,5.31838E+20,5.42203E+21,9.43485E+15,4.89504E+16
154469,8,3,37,22,2018,6,7,5,3,5,3,0,0,1,0,0,0,0,0,4.49574E+20,5.29621E+21,8.32639E+15,4.78173E+16
154470,8,1,18,79,2018,6,16,2,2,5,3,0,1,1,0,0,0,0,0,5.10823E+20,5.42198E+21,9.14783E+15,4.89506E+16
154471,8,3,36,69,2018,6,19,5,3,2,6,0,0,1,0,1,0,0,0,4.10661E+20,5.27108E+21,7.8118E+15,4.7587E+16
154472,8,1,18,79,2018,6,7,2,3,5,3,0,1,1,0,0,0,0,0,5.09481E+20,5.42118E+21,9.12948E+15,4.89435E+16
154473,8,3,35,57,2018,6,18,5,3,4,1,0,1,0,0,1,0,0,0,5.0099E+20,5.3065E+21,9.01325E+15,4.79118E+16
154474,8,1,16,78,2018,6,15,2,3,2,6,0,0,1,0,0,0,0,0,5.14182E+20,5.39323E+21,9.19271E+15,4.86919E+16
154475,8,3,35,43,2018,6,15,5,3,2,6,0,0,1,0,1,0,0,0,5.11456E+20,5.28019E+21,9.15262E+15,4.7675E+16
154476,8,1,15,45,2018,6,15,2,3,1,6,0,0,1,0,0,0,0,0,5.01326E+20,5.39554E+21,9.01802E+15,4.87129E+16
154477,8,4,36,64,2018,6,17,5,3,4,2,0,1,1,0,0,0,0,0,5.43134E+20,5.29165E+21,9.57576E+15,4.77768E+16
154478,8,1,15,28,2018,6,11,2,3,0,7,0,1,0,0,0,0,0,0,5.00813E+20,5.40506E+21,9.01107E+15,4.87985E+16
154479,8,1,15,28,2018,6,16,2,2,5,3,0,1,1,0,0,0,0,0,5.00997E+20,5.40479E+21,9.01357E+15,4.87961E+16
154480,8,3,35,43,2018,6,23,5,2,1,7,2,1,1,0,0,0,0,0,5.13806E+20,5.28023E+21,9.18392E+15,4.76753E+16
154481,8,1,11,0,2018,6,16,2,2,8,1,0,0,0,0,1,0,0,0,5.15523E+20,5.40777E+21,9.21148E+15,4.88228E+16
154482,8,3,27,50,2018,6,20,5,3,1,1,0,1,1,0,0,0,0,0,4.87759E+20,5.3141E+21,8.83597E+15,4.79801E+16
154483,8,3,36,105,2018,6,17,1,3,5,5,0,1,1,0,0,0,0,0,4.00037E+20,5.26691E+21,7.67149E+15,4.75479E+16
154484,8,3,26,74,2018,6,12,5,3,5,7,0,0,1,0,0,0,0,0,4.67215E+20,5.32383E+21,8.55992E+15,4.80669E+16
154485,8,1,36,42,2018,6,11,1,3,3,6,0,1,0,0,0,0,0,0,5.48001E+20,5.40471E+21,9.65357E+15,4.87935E+16
154486,8,3,17,41,2018,6,9,5,3,5,2,0,0,1,0,1,0,0,0,4.39446E+20,5.34819E+21,8.18374E+15,4.8284E+16
154487,8,4,35,57,2018,6,15,1,3,8,1,0,1,0,0,0,0,0,0,5.43887E+20,5.28143E+21,9.58478E+15,4.76848E+16
154488,8,3,17,114,2018,6,19,5,3,0,7,0,0,0,0,1,0,0,0,4.04849E+20,5.3469E+21,7.71777E+15,4.82682E+16
154489,8,3,17,65,2018,6,19,5,3,1,5,0,1,1,0,0,0,0,0,4.14177E+20,5.35356E+21,7.84209E+15,4.83294E+16
154490,8,4,16,50,2018,6,15,1,3,0,6,0,0,1,0,0,0,0,0,4.89647E+20,5.36234E+21,8.86009E+15,4.84141E+16
154491,8,3,16,11,2018,6,19,5,3,0,4,0,1,0,1,0,0,0,0,4.14238E+20,5.33038E+21,7.84761E+15,4.81209E+16
154492,8,4,16,41,2018,6,10,1,3,5,3,0,1,1,0,0,0,0,0,5.0235E+20,5.37058E+21,9.0318E+15,4.84883E+16
154493,8,4,15,50,2018,6,10,1,3,5,3,0,1,1,0,0,0,0,0,5.21199E+20,5.3762E+21,9.28719E+15,4.85385E+16
154494,8,3,16,38,2018,6,12,5,3,5,3,0,0,1,0,0,0,0,0,3.97299E+20,5.33325E+21,7.61936E+15,4.81442E+16
154495,8,3,35,75,2018,6,15,1,3,5,3,0,0,1,0,0,0,0,0,4.88848E+20,5.2893E+21,8.8512E+15,4.77569E+16
154496,8,3,15,113,2018,6,15,5,3,5,3,0,0,0,0,1,0,1,0,4.41149E+20,5.30721E+21,8.21235E+15,4.79155E+16
154497,8,3,26,74,2018,6,21,1,3,5,3,1,0,1,0,1,0,0,0,4.64777E+20,5.32365E+21,8.52722E+15,4.80651E+16
154498,8,3,15,113,2018,6,17,5,2,5,1,0,1,1,0,0,0,0,0,4.41133E+20,5.30667E+21,8.21221E+15,4.79106E+16
154499,8,3,15,76,2018,6,18,5,2,4,2,0,1,1,0,0,0,0,0,3.92728E+20,5.29753E+21,7.56686E+15,4.78221E+16
154500,8,3,17,145,2018,6,15,1,3,8,1,0,0,0,0,1,0,0,0,4.46925E+20,5.35397E+21,8.28383E+15,4.83367E+16
154501,8,3,11,0,2018,6,20,5,3,4,6,0,1,0,0,0,0,1,0,4.1427E+20,5.31647E+21,7.85083E+15,4.79958E+16
154502,8,3,11,0,2018,6,11,5,2,6,2,0,0,0,1,0,0,1,0,4.11568E+20,5.3159E+21,7.81472E+15,4.79903E+16
154503,8,3,17,113,2018,6,13,1,3,0,7,0,1,0,0,0,0,0,0,4.09349E+20,5.34451E+21,7.77891E+15,4.82473E+16
154504,8,3,11,0,2018,6,19,5,3,4,3,0,0,1,0,1,0,0,0,4.11251E+20,5.31817E+21,7.81E+15,4.80106E+16
154505,8,2,31,0,2018,6,8,1,3,3,3,0,0,1,0,1,0,0,0,4.78725E+20,5.4151E+21,8.70978E+15,4.88885E+16
154506,8,2,21,0,2018,6,17,1,2,3,2,0,1,0,0,0,0,0,0,4.76584E+20,5.47326E+21,8.67719E+15,4.94116E+16
154507,8,3,36,91,2018,6,12,5,3,5,3,0,1,1,0,0,0,0,0,3.95498E+20,5.27203E+21,7.60997E+15,4.75932E+16
154508,8,2,15,109,2018,6,11,1,3,5,3,0,1,0,0,0,0,1,0,4.61065E+20,5.43663E+21,8.46681E+15,4.90813E+16
154509,8,2,12,0,2018,6,12,5,3,2,2,0,0,1,0,0,0,0,0,4.50721E+20,5.42852E+21,8.32616E+15,4.90076E+16
154510,8,2,15,109,2018,6,12,1,3,0,7,0,1,0,0,0,0,0,0,4.61491E+20,5.43508E+21,8.4728E+15,4.90674E+16
154511,8,2,26,96,2018,6,10,5,3,5,3,0,1,1,0,0,0,0,0,4.73713E+20,5.48805E+21,8.63663E+15,4.95445E+16
154512,8,2,26,84,2018,6,17,5,3,5,3,0,1,1,0,0,0,0,0,4.68671E+20,5.47137E+21,8.56826E+15,4.93942E+16
154513,8,2,12,0,2018,6,17,1,2,1,3,0,1,0,0,0,0,0,0,4.57468E+20,5.42758E+21,8.41851E+15,4.89996E+16
154514,8,2,21,0,2018,6,8,5,3,1,6,0,0,1,0,1,0,0,0,4.74999E+20,5.47357E+21,8.65533E+15,4.94143E+16
154515,8,2,16,28,2018,6,21,1,2,6,7,0,0,0,1,0,0,1,0,4.26624E+20,5.39695E+21,8.00236E+15,4.87213E+16
154516,8,1,36,19,2018,6,21,1,3,0,6,0,1,1,0,0,0,0,0,5.82882E+20,5.42424E+21,1.01324E+16,4.89655E+16
154517,8,2,21,0,2018,6,9,5,2,0,7,0,1,0,0,0,0,1,0,4.78363E+20,5.47141E+21,8.70181E+15,4.9395E+16
154518,8,1,36,9,2018,6,15,1,2,0,1,0,1,0,0,0,0,0,0,5.67289E+20,5.40824E+21,9.91674E+15,4.88235E+16
154519,8,1,36,24,2018,6,10,1,2,4,3,0,1,0,0,0,0,1,0,5.67543E+20,5.41173E+21,9.92078E+15,4.88548E+16
154520,8,2,12,0,2018,6,18,5,3,5,3,1,1,1,0,0,0,0,0,4.5246E+20,5.42747E+21,8.35006E+15,4.89983E+16
154521,8,1,27,76,2018,6,4,1,3,9,1,2,0,1,0,0,0,1,0,5.57433E+20,5.44003E+21,9.78696E+15,4.91105E+16
154522,8,1,18,80,2018,6,19,5,2,0,1,0,1,0,0,0,0,0,0,5.07359E+20,5.41132E+21,9.10032E+15,4.88548E+16
154523,8,1,36,88,2018,6,10,5,3,5,3,0,0,1,0,0,0,1,0,5.79981E+20,5.40979E+21,1.00899E+16,4.88359E+16
154524,8,1,36,50,2018,6,12,5,3,8,7,0,0,0,0,1,0,0,0,5.81014E+20,5.40565E+21,1.01032E+16,4.87985E+16
154525,8,1,25,59,2018,6,11,1,2,0,1,0,1,0,0,0,0,0,0,5.27455E+20,5.43793E+21,9.37607E+15,4.90936E+16
154526,8,1,35,19,2018,6,7,5,3,1,7,0,0,1,0,0,0,0,0,5.85563E+20,5.39352E+21,1.01626E+16,4.86889E+16
154527,8,1,19,20,2018,6,12,1,2,4,2,0,1,1,0,0,0,0,0,5.20061E+20,5.40713E+21,9.27327E+15,4.88168E+16
154528,8,1,35,20,2018,6,16,5,2,4,6,0,0,1,0,0,0,0,0,5.86668E+20,5.3868E+21,1.01762E+16,4.86283E+16
154529,8,1,18,48,2018,6,7,6,3,5,3,0,1,1,0,0,0,0,0,5.1135E+20,5.41491E+21,9.15482E+15,4.8887E+16
154530,8,3,16,56,2018,6,11,7,3,5,3,0,0,1,0,0,0,0,0,4.22422E+20,5.32715E+21,7.95815E+15,4.80929E+16
154531,8,1,18,48,2018,6,16,6,3,5,3,0,0,1,0,0,0,0,0,5.13817E+20,5.41559E+21,9.1885E+15,4.88931E+16
154532,8,4,15,61,2018,6,17,6,3,5,2,0,1,1,0,0,0,0,0,5.15799E+20,5.37033E+21,9.21381E+15,4.84859E+16
154533,8,1,18,48,2018,6,17,6,2,6,4,0,0,0,1,0,0,1,0,5.12845E+20,5.41729E+21,9.17529E+15,4.89085E+16
154534,8,1,15,3,2018,6,8,6,2,6,7,0,0,1,1,0,0,1,0,5.00521E+20,5.39157E+21,9.00707E+15,4.86772E+16
154535,8,2,37,28,2018,6,3,1,3,5,3,2,0,1,0,0,0,0,0,4.56695E+20,5.36826E+21,8.41418E+15,4.8466E+16
154536,8,1,17,51,2018,6,12,6,3,9,5,0,0,1,0,0,0,0,0,5.42488E+20,5.3948E+21,9.57749E+15,4.87048E+16
154537,8,1,16,15,2018,6,13,6,3,6,7,0,1,0,1,0,0,0,0,5.23773E+20,5.3934E+21,9.32305E+15,4.86932E+16
154538,8,2,21,0,2018,6,9,7,3,8,7,0,0,1,0,0,0,0,0,4.82977E+20,5.47392E+21,8.7653E+15,4.94178E+16
154539,8,1,15,45,2018,6,20,6,3,5,3,0,0,1,0,1,0,0,0,5.00774E+20,5.39508E+21,9.01052E+15,4.87087E+16
154540,8,1,11,0,2018,6,9,6,2,5,3,0,0,1,0,1,0,0,0,5.11748E+20,5.40265E+21,9.15991E+15,4.87767E+16
154541,8,1,11,0,2018,6,15,6,3,2,6,0,0,1,0,1,0,0,0,5.11523E+20,5.3996E+21,9.15676E+15,4.87493E+16
154542,8,3,17,1,2018,6,2,6,3,9,7,2,0,1,0,0,0,0,0,4.2623E+20,5.38547E+21,7.99905E+15,4.86179E+16
154543,8,1,11,0,2018,6,7,6,2,5,3,0,1,1,0,0,0,0,0,5.12987E+20,5.40267E+21,9.17677E+15,4.87769E+16
154544,8,3,16,43,2018,6,19,6,3,0,2,0,0,1,0,1,0,0,0,4.1111E+20,5.33232E+21,7.80518E+15,4.81379E+16
154545,8,1,11,0,2018,6,11,6,2,5,3,0,0,1,0,0,0,0,0,5.18259E+20,5.40394E+21,9.24858E+15,4.87882E+16
154546,8,2,16,43,2018,6,13,1,3,5,3,0,1,1,0,0,0,0,0,4.41379E+20,5.41202E+21,8.20079E+15,4.88584E+16
154547,8,3,35,28,2018,6,13,5,3,5,3,0,0,1,0,0,0,0,0,4.82774E+20,5.28694E+21,8.77025E+15,4.77356E+16
154548,8,4,26,108,2018,6,5,5,3,0,1,0,0,1,0,0,0,0,0,5.6958E+20,5.33451E+21,9.93567E+15,4.816E+16
154549,8,1,35,16,2018,6,10,7,3,5,3,0,0,1,0,0,0,0,0,5.92303E+20,5.38583E+21,1.02524E+16,4.86187E+16
154550,8,4,25,19,2018,6,17,5,3,1,3,0,0,1,0,1,0,0,0,5.75585E+20,5.37284E+21,1.00233E+16,4.85041E+16
154551,8,4,17,36,2018,6,14,5,3,5,3,0,0,1,0,1,0,0,0,5.02579E+20,5.35318E+21,9.0348E+15,4.83318E+16
154552,8,4,16,41,2018,6,8,5,3,3,2,0,0,1,0,1,0,0,0,5.03618E+20,5.37353E+21,9.04899E+15,4.85148E+16
154553,8,4,36,81,2018,6,15,7,3,0,1,0,0,0,0,1,0,0,0,5.66299E+20,5.28356E+21,9.88371E+15,4.77021E+16
154554,8,3,36,91,2018,6,12,5,3,4,2,0,0,1,0,1,0,0,0,3.95896E+20,5.27206E+21,7.61525E+15,4.75936E+16
154555,8,3,35,28,2018,6,16,5,3,5,3,0,0,1,0,0,0,0,0,4.83333E+20,5.2874E+21,8.77769E+15,4.77397E+16
154556,8,1,11,0,2018,6,7,4,3,5,3,0,1,0,0,0,0,1,0,5.12622E+20,5.40245E+21,9.17179E+15,4.87749E+16
154557,8,1,19,8,2018,6,20,1,3,1,1,0,0,1,0,1,0,0,0,5.31679E+20,5.42123E+21,9.43263E+15,4.89432E+16
154558,8,1,18,48,2018,6,8,4,3,5,3,0,0,1,0,1,0,0,0,5.13288E+20,5.4155E+21,9.18128E+15,4.88923E+16
154559,8,1,11,0,2018,6,21,4,3,0,1,1,1,0,0,0,0,0,0,5.12215E+20,5.40111E+21,9.16621E+15,4.87629E+16
154560,8,1,18,47,2018,6,22,7,3,5,3,2,0,1,0,0,0,0,0,5.08029E+20,5.42806E+21,9.10978E+15,4.90054E+16
154561,8,1,16,19,2018,6,22,4,2,0,7,2,1,0,0,0,0,0,0,5.24678E+20,5.39615E+21,9.3355E+15,4.87179E+16
154562,8,1,16,33,2018,6,16,4,3,5,2,0,0,1,0,1,0,0,0,5.33401E+20,5.38759E+21,9.45341E+15,4.86405E+16
154563,8,1,15,50,2018,6,8,4,3,0,7,0,1,0,0,0,0,0,0,4.91304E+20,5.40055E+21,8.88169E+15,4.87579E+16
154564,8,3,35,43,2018,6,0,7,2,5,7,2,0,0,0,1,0,0,0,5.09935E+20,5.28132E+21,9.13238E+15,4.76852E+16
154565,8,1,16,19,2018,6,10,4,3,5,3,0,0,1,0,0,0,0,0,5.23134E+20,5.39777E+21,9.31461E+15,4.87326E+16
154566,8,3,35,43,2018,6,22,5,3,0,1,2,1,0,0,0,0,0,0,5.14417E+20,5.28231E+21,9.19214E+15,4.7694E+16
154567,8,4,35,59,2018,6,15,6,3,0,7,0,1,0,0,0,0,0,0,5.10731E+20,5.29066E+21,9.14321E+15,4.77692E+16
154568,8,3,35,43,2018,6,9,5,3,0,1,0,1,0,0,0,0,0,0,5.13716E+20,5.28025E+21,9.18273E+15,4.76755E+16
154569,8,4,35,57,2018,6,14,6,3,2,2,0,0,0,0,1,0,0,0,5.44393E+20,5.2801E+21,9.59138E+15,4.76728E+16
154570,8,3,35,43,2018,6,11,5,3,2,6,0,0,1,0,0,0,1,0,5.13171E+20,5.27829E+21,9.1754E+15,4.76579E+16
154571,8,3,35,43,2018,6,13,5,3,0,7,0,1,0,0,0,0,0,0,5.16026E+20,5.27931E+21,9.21347E+15,4.7667E+16
154572,8,4,36,64,2018,6,8,5,3,5,3,0,1,1,0,0,0,0,0,5.47401E+20,5.29355E+21,9.63293E+15,4.77935E+16
154573,8,3,15,113,2018,6,14,6,3,5,7,0,0,1,1,0,0,0,0,4.3616E+20,5.3057E+21,8.1458E+15,4.79015E+16
154574,8,1,16,19,2018,6,20,4,3,1,5,0,0,1,0,0,0,1,0,5.25405E+20,5.39621E+21,9.34539E+15,4.87184E+16
154575,8,2,26,96,2018,6,16,7,3,9,1,0,0,0,0,1,0,0,0,4.73021E+20,5.48847E+21,8.62704E+15,4.95482E+16
154576,8,1,15,45,2018,6,7,4,3,2,6,0,0,1,0,1,0,0,0,4.96106E+20,5.39397E+21,8.94708E+15,4.86987E+16
154577,8,3,16,11,2018,6,13,6,3,3,6,0,1,1,0,0,0,0,0,4.15472E+20,5.32947E+21,7.86436E+15,4.81129E+16
154578,8,3,26,74,2018,6,16,5,3,0,1,0,1,0,0,0,0,0,0,4.6344E+20,5.32323E+21,8.5093E+15,4.80613E+16
154579,8,3,15,6,2018,6,16,6,3,5,3,0,1,1,0,0,0,0,0,4.0055E+20,5.30894E+21,7.66869E+15,4.79261E+16