OBJECTID_1,ULAND,UREGBEZ,UKREIS,UGEMEINDE,UJAHR,UMONAT,USTUNDE,UWOCHENTAG,UKATEGORIE,UART,UTYP1,ULICHTVERH,IstRad,IstPKW,IstFuss,IstKrad,IstGkfz,IstSonstig,STRZUSTAND,LINREFX,LINREFY,XGCSWGS84,YGCSWGS84
154580,8,4,17,13,2018,6,12,5,2,5,3,0,1,1,0,0,0,0,0,5.08459E+20,5.34856E+21,9.11404E+15,4.82902E+16
154581,8,2,22,0,2018,6,15,1,2,0,2,0,0,1,0,1,0,0,0,4.60684E+20,5.48253E+21,8.45709E+15,4.94941E+16
154582,8,3,17,9,2018,6,17,5,3,2,6,0,0,1,0,0,0,0,0,4.25218E+20,5.3629E+21,7.98937E+15,4.84148E+16
154583,8,3,17,5,2018,6,11,5,3,5,3,0,0,1,0,0,0,0,0,4.24377E+20,5.3781E+21,7.97525E+15,4.85515E+16
154584,8,3,35,43,2018,6,7,6,3,5,3,0,1,1,0,0,0,0,0,5.11752E+20,5.28118E+21,9.15658E+15,4.76839E+16
154585,8,3,11,0,2018,6,7,5,3,2,6,0,0,1,0,0,0,0,0,4.12016E+20,5.31726E+21,7.82046E+15,4.80026E+16
154586,8,3,27,38,2018,6,5,1,3,7,7,0,0,0,1,0,0,1,0,4.93102E+20,5.31322E+21,8.90758E+15,4.79723E+16
154587,8,3,36,50,2018,6,11,5,3,4,6,0,1,1,0,0,0,0,0,3.99137E+20,5.27223E+21,7.65831E+15,4.75956E+16
154588,8,3,11,0,2018,6,7,5,3,3,6,0,1,0,0,0,0,0,0,4.12932E+20,5.31629E+21,7.83293E+15,4.7994E+16
154589,8,2,22,0,2018,6,14,7,3,0,7,0,1,1,0,0,0,0,0,4.61518E+20,5.48225E+21,8.46863E+15,4.94916E+16
154590,8,3,11,0,2018,6,18,5,3,5,2,0,1,1,0,0,0,0,0,4.1298E+20,5.31637E+21,7.83355E+15,4.79947E+16
154591,8,3,16,11,2018,6,16,6,3,0,6,0,0,1,0,1,0,0,0,4.15369E+20,5.32949E+21,7.86298E+15,4.81131E+16
154592,8,3,15,131,2018,6,19,5,3,6,4,0,0,1,1,0,0,0,0,4.06252E+20,5.30808E+21,7.7452E+15,4.79192E+16
154593,8,3,11,0,2018,6,8,5,3,5,7,0,0,1,0,1,0,0,0,4.13061E+20,5.31655E+21,7.8346E+15,4.79963E+16
154594,8,1,35,21,2018,6,4,1,2,0,7,2,1,0,0,0,0,0,0,5.92524E+20,5.38372E+21,1.0255E+16,4.85997E+16
154595,8,1,19,67,2018,6,0,4,3,5,3,2,0,1,0,0,0,0,0,5.40378E+20,5.40836E+21,9.55014E+15,4.88269E+16
154596,8,3,11,0,2018,6,0,5,3,0,1,2,1,0,0,0,0,0,0,4.15116E+20,5.31597E+21,7.86225E+15,4.79914E+16
154597,8,1,19,79,2018,6,8,7,3,6,2,0,0,0,1,0,0,1,0,5.22748E+20,5.40865E+21,9.30996E+15,4.88305E+16
154598,8,1,36,65,2018,6,10,3,3,5,3,0,1,1,0,0,0,0,0,5.58824E+20,5.40575E+21,9.80107E+15,4.8802E+16
154599,8,2,15,90,2018,6,15,7,3,6,4,0,1,0,1,0,0,0,0,4.65614E+20,5.43341E+21,8.52938E+15,4.90526E+16
154600,8,2,12,0,2018,6,17,5,3,3,6,0,0,1,0,1,0,0,0,4.54771E+20,5.42718E+21,8.38168E+15,4.89958E+16
154601,8,2,12,0,2018,6,7,5,3,3,2,0,0,1,0,1,0,0,0,4.53209E+20,5.42926E+21,8.36009E+15,4.90144E+16
154602,8,2,31,0,2018,6,7,5,3,1,7,0,0,0,0,1,0,1,0,4.81935E+20,5.41501E+21,8.75358E+15,4.88878E+16
154603,8,1,17,26,2018,6,13,1,3,0,1,0,1,0,0,0,0,0,0,5.47207E+20,5.39524E+21,9.64168E+15,4.87084E+16
154604,8,2,36,71,2018,6,15,5,3,5,3,0,0,1,0,0,0,0,0,4.68513E+20,5.42272E+21,8.56988E+15,4.89566E+16
154605,8,2,36,40,2018,6,7,5,3,0,2,0,1,0,0,0,0,1,1,4.88861E+20,5.4222E+21,8.84785E+15,4.89526E+16
154606,8,1,16,56,2018,6,14,7,3,2,6,0,0,1,0,0,0,0,0,5.30356E+20,5.39562E+21,9.41266E+15,4.87128E+16
154607,8,2,36,40,2018,6,7,5,3,0,7,0,1,0,0,0,0,1,1,4.88018E+20,5.4215E+21,8.83636E+15,4.89463E+16
154608,8,2,26,98,2018,6,12,6,3,2,2,0,0,1,0,1,0,0,0,4.77769E+20,5.45994E+21,8.69426E+15,4.92918E+16
154609,8,3,36,81,2018,6,17,6,3,0,7,0,1,0,0,0,0,0,0,4.11705E+20,5.27777E+21,7.82434E+15,4.76473E+16
154610,8,2,26,41,2018,6,18,5,3,3,2,0,1,1,0,0,0,0,0,4.76965E+20,5.46667E+21,8.68282E+15,4.93523E+16
154611,8,2,26,96,2018,6,8,5,3,4,5,0,1,0,0,0,0,1,0,4.74648E+20,5.4865E+21,8.64965E+15,4.95306E+16
154612,8,4,17,54,2018,6,14,7,2,6,4,0,0,0,1,0,1,0,0,4.79014E+20,5.34841E+21,8.71709E+15,4.82886E+16
154613,8,2,26,85,2018,6,7,5,3,5,2,0,1,0,0,0,1,0,0,4.91048E+20,5.45518E+21,8.877E+15,4.92494E+16
154614,8,2,26,84,2018,6,17,5,3,5,3,0,0,1,0,1,0,0,0,4.69785E+20,5.46954E+21,8.58374E+15,4.93779E+16
154615,8,3,36,6,2018,6,9,7,3,1,6,0,0,1,0,0,0,0,0,3.91236E+20,5.28647E+21,7.5497E+15,4.77224E+16
154616,8,2,22,0,2018,6,16,5,3,4,6,0,0,1,0,0,0,0,0,4.61999E+20,5.48702E+21,8.4748E+15,4.95346E+16
154617,8,2,22,0,2018,6,18,5,3,0,5,0,0,1,0,1,0,0,0,4.62223E+20,5.48174E+21,8.47841E+15,4.94871E+16
154618,8,4,36,64,2018,6,16,6,3,6,6,0,1,0,1,0,0,0,0,5.46588E+20,5.29396E+21,9.62211E+15,4.77974E+16
154619,8,2,22,0,2018,6,16,5,3,0,7,0,1,0,0,0,0,0,0,4.62303E+20,5.48415E+21,8.47929E+15,4.95088E+16
154620,8,2,26,98,2018,6,16,6,3,5,3,0,1,1,0,0,0,0,0,4.77974E+20,5.46039E+21,8.69706E+15,4.92959E+16
154621,8,2,22,0,2018,6,16,5,2,0,3,0,1,1,0,0,0,0,0,4.64426E+20,5.47491E+21,8.50944E+15,4.94258E+16
154622,8,3,35,26,2018,6,12,1,3,0,1,0,1,0,0,0,0,0,0,4.8169E+20,5.28193E+21,8.756E+15,4.76905E+16
154623,8,2,21,0,2018,6,8,5,3,1,3,0,1,1,0,0,0,0,0,4.77205E+20,5.47125E+21,8.68586E+15,4.93935E+16
154624,8,3,11,0,2018,6,17,6,3,6,7,0,1,0,1,0,0,0,0,4.14463E+20,5.31925E+21,7.85286E+15,4.80208E+16
154625,8,2,21,0,2018,6,20,5,3,0,1,0,1,0,0,0,0,0,0,4.75881E+20,5.47256E+21,8.66754E+15,4.94052E+16
154626,8,2,26,85,2018,6,1,7,3,0,1,2,0,1,0,0,0,0,0,4.9303E+20,5.4557E+21,8.90422E+15,4.9254E+16
154627,8,2,11,0,2018,6,8,5,3,2,7,0,0,1,0,0,0,0,0,4.37788E+20,5.39721E+21,8.15409E+15,4.87248E+16
154628,8,2,22,0,2018,6,14,6,3,5,5,0,0,1,0,1,0,0,0,4.63245E+20,5.4856E+21,8.49215E+15,4.95219E+16
154629,8,2,15,64,2018,6,15,5,2,5,3,0,0,1,0,0,0,0,0,4.80031E+20,5.45253E+21,8.72575E+15,4.92252E+16
154630,8,4,21,0,2018,6,16,6,3,5,3,0,0,1,0,1,0,0,0,5.74406E+20,5.36195E+21,1.00054E+16,4.84063E+16
154631,8,2,15,101,2018,6,8,5,3,3,2,0,1,1,0,0,0,0,0,4.67067E+20,5.42385E+21,8.55004E+15,4.89667E+16
154632,8,2,22,0,2018,6,15,6,3,0,2,0,0,0,0,1,0,0,0,4.64622E+20,5.4789E+21,8.51178E+15,4.94617E+16
154633,8,2,11,0,2018,6,8,5,2,5,3,0,1,1,0,0,0,0,0,4.37789E+20,5.39721E+21,8.15411E+15,4.87248E+16
154634,8,2,12,0,2018,6,20,1,3,0,7,0,1,0,0,0,0,1,0,4.57563E+20,5.42858E+21,8.4197E+15,4.90086E+16
154635,8,1,28,47,2018,6,9,5,3,4,6,0,0,1,0,0,1,0,0,5.56854E+20,5.49416E+21,9.78675E+15,4.95973E+16
154636,8,1,28,115,2018,6,7,5,2,5,3,0,0,1,0,1,0,0,0,5.48403E+20,5.49717E+21,9.6702E+15,4.96251E+16
154637,8,2,26,18,2018,6,7,7,3,6,7,0,0,1,1,0,0,0,0,4.73238E+20,5.47254E+21,8.63111E+15,4.94049E+16
154638,8,1,28,20,2018,6,18,5,3,5,3,0,0,1,0,0,0,0,0,5.73908E+20,5.47866E+21,1.00198E+16,4.94561E+16
154639,8,2,22,0,2018,6,11,6,3,1,7,0,0,1,1,1,0,0,0,4.62974E+20,5.47803E+21,8.48912E+15,4.94538E+16
154640,8,1,27,76,2018,6,16,5,3,2,6,0,0,1,0,0,0,0,0,5.52165E+20,5.43982E+21,9.71476E+15,4.9109E+16
154641,8,2,22,0,2018,6,8,6,3,2,6,0,0,1,0,0,0,0,0,4.69161E+20,5.47812E+21,8.57448E+15,4.94549E+16
154642,8,1,21,0,2018,6,15,5,3,5,3,0,1,1,0,0,0,0,0,5.16902E+20,5.4439E+21,9.23177E+15,4.91477E+16
154643,8,1,25,102,2018,6,18,1,3,5,3,0,0,1,0,0,0,0,0,5.23629E+20,5.4452E+21,9.32409E+15,4.91591E+16
154644,8,1,21,0,2018,6,7,5,3,1,7,0,0,1,0,1,0,0,0,5.16275E+20,5.44413E+21,9.22318E+15,4.91498E+16
154645,8,1,21,0,2018,6,12,5,3,0,3,0,1,1,0,0,0,0,0,5.15201E+20,5.44145E+21,9.20835E+15,4.91257E+16
154646,8,1,21,0,2018,6,8,5,3,8,6,0,0,1,0,0,0,0,0,5.16096E+20,5.44241E+21,9.22066E+15,4.91343E+16
154647,8,2,16,22,2018,6,21,1,3,9,7,0,0,1,0,0,0,0,0,4.34692E+20,5.40453E+21,8.11083E+15,4.87904E+16
154648,8,1,19,85,2018,6,18,5,3,2,6,0,1,1,0,0,0,0,0,5.27958E+20,5.41302E+21,9.38125E+15,4.88695E+16
154649,8,1,18,73,2018,6,14,5,3,4,6,0,1,1,0,0,0,0,0,4.96346E+20,5.4223E+21,8.95008E+15,4.89536E+16
154650,8,1,36,19,2018,6,17,7,3,1,2,0,0,1,0,1,0,0,0,5.82259E+20,5.42382E+21,1.01238E+16,4.89618E+16
154651,8,1,18,48,2018,6,23,5,3,0,1,2,1,0,0,0,0,0,0,5.13609E+20,5.41615E+21,9.18568E+15,4.88981E+16
154652,8,2,16,43,2018,6,5,6,3,5,2,0,1,0,0,0,0,0,0,4.4123E+20,5.41239E+21,8.19871E+15,4.88617E+16
154653,8,1,16,49,2018,6,10,5,3,5,3,0,0,1,0,1,0,0,0,5.25451E+20,5.38467E+21,9.34531E+15,4.86146E+16
154654,8,1,16,19,2018,6,10,5,3,1,1,0,1,1,0,0,0,0,0,5.23015E+20,5.39802E+21,9.313E+15,4.87348E+16
154655,8,1,11,0,2018,6,20,1,3,5,3,0,1,1,0,0,0,0,0,5.1862E+20,5.40282E+21,9.25344E+15,4.87781E+16
154656,8,1,16,19,2018,6,13,5,2,5,3,0,0,1,0,1,0,0,0,5.2022E+20,5.40023E+21,9.27509E+15,4.87548E+16
154657,8,1,16,78,2018,6,18,5,2,0,7,0,1,0,0,0,0,0,0,5.09091E+20,5.39479E+21,9.12357E+15,4.87061E+16
154658,8,4,36,55,2018,6,7,6,3,4,1,0,1,0,0,0,0,0,0,5.7625E+20,5.29817E+21,1.00189E+16,4.78324E+16
154659,8,1,16,68,2018,6,16,5,3,5,3,0,1,1,0,0,0,0,0,5.26043E+20,5.38937E+21,9.35363E+15,4.86568E+16
154660,8,1,15,28,2018,6,7,5,3,6,4,0,0,1,1,0,0,0,0,5.00209E+20,5.4051E+21,9.00284E+15,4.87989E+16
154661,8,1,18,48,2018,6,13,7,3,9,1,0,0,1,0,0,0,0,0,5.11045E+20,5.41469E+21,9.15065E+15,4.88851E+16
154662,8,1,16,77,2018,6,18,4,1,5,3,0,0,1,0,1,0,0,0,5.15854E+20,5.39002E+21,9.21531E+15,4.8663E+16
154663,8,2,15,9,2018,6,14,6,3,2,1,0,0,1,0,1,0,0,0,4.68663E+20,5.44071E+21,8.57054E+15,4.91184E+16
154664,8,1,11,0,2018,6,16,5,3,5,3,0,1,1,0,0,0,0,0,5.07341E+20,5.39769E+21,9.09983E+15,4.87322E+16
154665,8,1,11,0,2018,6,16,5,3,6,7,0,1,0,1,0,0,0,0,5.13242E+20,5.4034E+21,9.18027E+15,4.87834E+16
154666,8,3,35,43,2018,6,18,7,3,0,7,0,1,0,0,0,0,0,0,5.14864E+20,5.28075E+21,9.19804E+15,4.768E+16
154667,8,1,11,0,2018,6,18,5,2,1,5,0,1,1,0,0,0,0,0,5.17975E+20,5.4064E+21,9.24483E+15,4.88103E+16
154668,8,1,11,0,2018,6,8,5,3,2,6,0,0,1,0,0,0,0,0,5.12803E+20,5.40868E+21,9.17445E+15,4.8831E+16
154669,8,4,36,55,2018,6,10,6,3,5,3,0,1,1,0,0,0,0,0,5.76948E+20,5.29801E+21,1.00282E+16,4.78308E+16
154670,8,1,11,0,2018,6,7,5,3,2,6,0,0,1,0,0,0,0,0,5.1406E+20,5.40719E+21,9.19154E+15,4.88175E+16
154671,8,2,12,0,2018,6,7,6,3,4,6,0,1,1,0,0,0,0,0,4.538E+20,5.42942E+21,8.36815E+15,4.90159E+16
154672,8,1,11,0,2018,6,16,5,3,6,4,0,0,1,1,0,0,0,0,5.15249E+20,5.40669E+21,9.20771E+15,4.8813E+16
154673,8,3,25,60,2018,6,14,1,2,0,1,0,1,0,0,0,0,0,0,4.69714E+20,5.33981E+21,8.59234E+15,4.82108E+16
154674,8,1,11,0,2018,6,8,5,3,5,3,0,0,1,0,1,0,0,0,5.16582E+20,5.4034E+21,9.22573E+15,4.87833E+16
154675,8,2,12,0,2018,6,14,6,3,5,3,0,0,1,0,1,0,0,0,4.54731E+20,5.42779E+21,8.38107E+15,4.90013E+16
154676,8,3,35,61,2018,6,8,4,3,5,3,0,0,1,0,0,0,0,0,4.91813E+20,5.27892E+21,8.89095E+15,4.76636E+16
154677,8,3,35,2,2018,6,7,4,3,0,1,0,0,0,0,1,0,0,1,5.03937E+20,5.28542E+21,9.05249E+15,4.77222E+16
154678,8,3,16,20,2018,6,10,7,3,5,3,0,1,1,0,0,0,0,0,4.08827E+20,5.3389E+21,7.77309E+15,4.81967E+16
154679,8,4,35,30,2018,6,14,4,3,6,4,0,0,1,1,0,0,0,0,5.40755E+20,5.27164E+21,9.54214E+15,4.75969E+16
154680,8,2,12,0,2018,6,12,6,3,1,5,0,1,1,0,0,0,0,0,4.55916E+20,5.42891E+21,8.39715E+15,4.90115E+16
154681,8,4,15,61,2018,6,8,6,3,5,3,0,1,1,0,0,0,0,0,5.15202E+20,5.37287E+21,9.20582E+15,4.85087E+16
154682,8,4,35,35,2018,6,10,4,3,6,4,0,0,1,1,0,0,0,0,5.41923E+20,5.28304E+21,9.55877E+15,4.76994E+16
154683,8,3,17,47,2018,6,8,6,3,5,3,0,1,1,0,0,0,0,0,4.1952E+20,5.36425E+21,7.91211E+15,4.84263E+16
154684,8,3,35,43,2018,6,18,6,3,5,7,0,1,1,0,0,0,0,0,5.12384E+20,5.27881E+21,9.16495E+15,4.76626E+16
154685,8,4,36,64,2018,6,7,4,3,0,1,0,1,0,0,0,0,0,0,5.45416E+20,5.29001E+21,9.60605E+15,4.77619E+16
154686,8,2,26,96,2018,6,19,1,3,5,3,0,1,1,0,0,0,0,0,4.74595E+20,5.48761E+21,8.64885E+15,4.95406E+16
154687,8,4,35,16,2018,6,9,4,3,5,3,0,1,0,0,0,0,0,0,5.36014E+20,5.27858E+21,9.47965E+15,4.76596E+16
154688,8,4,37,53,2018,6,16,4,2,6,4,0,0,0,1,1,0,0,0,5.27913E+20,5.32104E+21,9.3745E+15,4.8042E+16
154689,8,2,15,107,2018,6,15,7,3,5,2,0,0,1,0,0,0,0,0,4.63263E+20,5.45566E+21,8.49518E+15,4.92526E+16
154690,8,4,15,60,2018,6,17,4,3,6,6,0,0,1,1,0,0,0,0,5.15407E+20,5.37867E+21,9.20881E+15,4.85609E+16
154691,8,1,36,19,2018,6,18,6,3,5,3,0,0,1,0,0,0,0,0,5.82609E+20,5.42426E+21,1.01287E+16,4.89657E+16
154692,8,4,15,61,2018,6,18,4,3,0,1,0,1,0,0,0,0,0,0,5.16908E+20,5.37038E+21,9.22882E+15,4.84863E+16
154693,8,2,22,0,2018,6,11,7,3,5,3,0,0,1,0,0,0,0,0,4.64812E+20,5.47735E+21,8.51454E+15,4.94478E+16
154694,8,1,11,0,2018,6,9,4,3,5,3,0,1,1,0,0,0,0,0,5.07934E+20,5.39828E+21,9.1079E+15,4.87375E+16
154695,8,1,36,88,2018,6,15,6,2,5,2,0,0,1,0,0,0,1,0,5.78878E+20,5.40855E+21,1.00747E+16,4.88249E+16
154696,8,3,37,126,2018,6,10,4,3,2,6,0,0,1,0,0,0,0,0,4.43417E+20,5.27403E+21,8.24701E+15,4.76172E+16
154697,8,1,35,19,2018,6,10,6,2,5,3,0,1,1,0,0,0,0,0,5.8553E+20,5.396E+21,1.01627E+16,4.87112E+16
154698,8,3,37,66,2018,6,3,4,2,8,1,2,1,0,0,0,0,0,0,4.2988E+20,5.26863E+21,8.06776E+15,4.75673E+16
154699,8,2,15,90,2018,6,14,1,3,3,2,0,1,1,0,0,0,0,0,4.64765E+20,5.43333E+21,8.51776E+15,4.90518E+16
154700,8,3,35,57,2018,6,11,4,3,6,7,0,0,1,1,0,0,0,0,5.01159E+20,5.30651E+21,9.01551E+15,4.79119E+16
154701,8,3,37,126,2018,6,8,6,3,3,2,0,1,1,0,0,0,0,0,4.45452E+20,5.27566E+21,8.27389E+15,4.7632E+16
154702,8,3,35,75,2018,6,7,4,3,3,6,0,1,1,0,0,0,0,0,4.88071E+20,5.29055E+21,8.8408E+15,4.77682E+16
154703,8,1,19,79,2018,6,15,7,3,5,3,0,1,1,0,0,0,0,0,5.21634E+20,5.41135E+21,9.29492E+15,4.88547E+16
154704,8,3,35,66,2018,6,18,4,3,0,1,0,1,0,0,0,0,0,0,5.04686E+20,5.28193E+21,9.06245E+15,4.76907E+16
154705,8,1,28,20,2018,6,18,6,3,1,1,0,0,1,0,1,0,0,0,5.74585E+20,5.48012E+21,1.00294E+16,4.94692E+16
154706,8,3,35,43,2018,6,14,4,3,0,1,0,1,0,0,0,0,0,0,5.14052E+20,5.28046E+21,9.18721E+15,4.76773E+16
154707,8,1,26,11,2018,6,13,6,3,4,6,0,0,1,0,0,0,0,0,5.31842E+20,5.44656E+21,9.43684E+15,4.9171E+16
154708,8,4,36,64,2018,6,16,4,2,0,2,0,1,1,0,0,0,0,0,5.45975E+20,5.29354E+21,9.61388E+15,4.77935E+16
154709,8,3,27,57,2018,6,8,4,3,6,4,0,0,0,1,0,0,1,0,4.89092E+20,5.3086E+21,8.85397E+15,4.79306E+16
154710,8,1,25,6,2018,6,15,6,3,5,3,0,1,1,0,0,0,0,0,5.07636E+20,5.45419E+21,9.10491E+15,4.92405E+16
154711,8,3,26,74,2018,6,16,4,3,0,7,0,1,1,0,0,0,0,0,4.65155E+20,5.32215E+21,8.53241E+15,4.80516E+16
154712,8,1,19,8,2018,6,13,1,3,6,7,0,0,1,1,0,0,0,0,5.31336E+20,5.41813E+21,9.4277E+15,4.89153E+16
154713,8,3,26,74,2018,6,12,4,3,5,3,0,0,1,0,1,0,0,0,4.64953E+20,5.3228E+21,8.52964E+15,4.80576E+16
154714,8,3,17,96,2018,6,21,4,3,4,5,1,1,1,0,0,0,0,0,4.19829E+20,5.37074E+21,7.91505E+15,4.84847E+16
154715,8,1,16,49,2018,6,15,7,3,5,2,0,1,1,0,0,0,0,0,5.25557E+20,5.38406E+21,9.34671E+15,4.86091E+16
154716,8,1,18,81,2018,6,19,4,3,4,6,0,1,0,0,0,0,0,0,5.19957E+20,5.4135E+21,9.27216E+15,4.88741E+16
154717,8,1,19,85,2018,6,13,6,3,5,3,0,1,1,0,0,0,0,0,5.29083E+20,5.41356E+21,9.39663E+15,4.88743E+16
154718,8,3,17,96,2018,6,20,4,2,0,1,0,0,0,0,1,0,0,0,4.21961E+20,5.37382E+21,7.94332E+15,4.85127E+16
154719,8,3,17,65,2018,6,14,4,3,0,7,0,1,0,0,0,0,0,0,4.13077E+20,5.35446E+21,7.82706E+15,4.83373E+16
154720,8,3,26,74,2018,6,13,7,3,5,3,0,0,1,0,0,0,0,0,4.64509E+20,5.32247E+21,8.52372E+15,4.80545E+16
154721,8,3,17,57,2018,6,15,4,3,5,3,0,1,1,0,0,0,0,0,4.12841E+20,5.38037E+21,7.81848E+15,4.85704E+16
154722,8,4,21,0,2018,6,7,6,2,5,3,0,1,1,0,0,0,0,0,5.74022E+20,5.36193E+21,1.00002E+16,4.84062E+16
154723,8,4,26,13,2018,6,16,7,3,6,4,0,0,1,1,0,0,0,0,5.44825E+20,5.32316E+21,9.60161E+15,4.80601E+16
154724,8,3,17,1,2018,6,13,4,3,6,4,0,1,0,1,0,0,0,0,4.31411E+20,5.38663E+21,8.06914E+15,4.86289E+16
154725,8,3,17,1,2018,6,19,4,2,5,3,0,1,1,0,0,0,0,0,4.31835E+20,5.38647E+21,8.07492E+15,4.86276E+16
154726,8,4,26,13,2018,6,12,6,3,0,1,0,1,0,0,0,0,0,0,5.45482E+20,5.32346E+21,9.61045E+15,4.80628E+16
154727,8,3,16,11,2018,6,15,4,3,5,3,0,1,1,0,0,0,0,0,4.14108E+20,5.33055E+21,7.84582E+15,4.81224E+16
154728,8,1,19,91,2018,6,7,6,3,5,3,0,1,0,0,0,0,0,0,5.28308E+20,5.40577E+21,9.38552E+15,4.88043E+16
154729,8,3,15,74,2018,6,15,4,3,1,5,0,1,1,0,0,0,0,0,3.96031E+20,5.29601E+21,7.61133E+15,4.7809E+16
154730,8,3,36,50,2018,6,7,1,2,8,7,0,1,0,0,0,0,0,0,3.99091E+20,5.2741E+21,7.65727E+15,4.76124E+16
154731,8,3,11,0,2018,6,15,4,3,5,3,0,1,1,0,0,0,0,0,4.1668E+20,5.31567E+21,7.88328E+15,4.79889E+16
154732,8,3,11,0,2018,6,17,6,3,0,2,0,1,0,0,0,0,0,0,4.13759E+20,5.31542E+21,7.84419E+15,4.79862E+16
154733,8,3,11,0,2018,6,22,4,3,0,1,2,1,0,0,0,0,0,0,4.12019E+20,5.31728E+21,7.82049E+15,4.80028E+16
154734,8,2,15,46,2018,6,18,7,2,5,3,0,0,1,0,1,0,0,0,4.50591E+20,5.41453E+21,8.32607E+15,4.88817E+16
154735,8,3,11,0,2018,6,15,4,3,1,6,0,0,1,0,0,0,0,0,4.07745E+20,5.31488E+21,7.76371E+15,4.79806E+16
154736,8,1,19,67,2018,6,15,6,3,6,4,0,0,1,1,0,0,0,0,5.36721E+20,5.40509E+21,9.50003E+15,4.87977E+16
154737,8,3,11,0,2018,6,15,4,3,0,1,0,1,1,0,0,0,0,0,4.137E+20,5.31639E+21,7.8432E+15,4.79949E+16
154738,8,1,18,67,2018,6,21,6,3,5,3,1,0,1,0,0,1,0,0,5.05727E+20,5.41456E+21,9.07812E+15,4.8884E+16
154739,8,3,11,0,2018,6,18,4,3,0,7,0,1,0,0,0,0,0,0,4.14586E+20,5.31837E+21,7.85468E+15,4.80129E+16
154740,8,2,12,0,2018,6,13,4,3,0,4,0,0,1,1,0,0,0,0,4.55182E+20,5.43088E+21,8.38689E+15,4.90292E+16
154741,8,2,12,0,2018,6,13,4,2,6,3,0,0,1,1,0,0,0,0,4.53871E+20,5.42917E+21,8.36915E+15,4.90137E+16
154742,8,2,26,32,2018,6,22,1,2,0,1,2,0,0,0,1,0,0,0,4.66287E+20,5.46421E+21,8.536E+15,4.93297E+16
154743,8,2,12,0,2018,6,8,4,3,5,7,0,1,1,0,0,0,0,0,4.54711E+20,5.42754E+21,8.38083E+15,4.89991E+16
154744,8,2,31,0,2018,6,18,4,3,2,6,0,0,1,0,0,0,0,0,4.77657E+20,5.41537E+21,8.69519E+15,4.88909E+16
154745,8,2,21,0,2018,6,19,7,3,5,3,0,1,1,0,0,0,0,0,4.73927E+20,5.47138E+21,8.64069E+15,4.93946E+16
154746,8,2,36,43,2018,6,13,4,3,6,2,0,0,1,1,0,0,0,0,4.69275E+20,5.41127E+21,8.58116E+15,4.88536E+16
154747,8,2,36,50,2018,6,5,4,2,9,1,0,0,0,0,1,0,0,0,4.8562E+20,5.42323E+21,8.80354E+15,4.89618E+16
154748,8,2,26,82,2018,6,12,4,3,5,3,0,0,1,0,0,0,0,0,4.75553E+20,5.48007E+21,8.66256E+15,4.94727E+16
154749,8,1,25,57,2018,6,13,1,3,0,1,0,0,0,0,1,0,0,0,5.23508E+20,5.44179E+21,9.32223E+15,4.91285E+16
154750,8,2,26,56,2018,6,16,4,3,1,7,0,0,1,0,0,0,0,0,4.85932E+20,5.47133E+21,8.80613E+15,4.93945E+16
154751,8,2,25,58,2018,6,10,4,3,0,6,0,1,1,0,0,0,0,0,5.10698E+20,5.4667E+21,9.1473E+15,4.93529E+16
154752,8,1,19,20,2018,6,14,7,3,1,5,0,1,1,0,0,0,0,0,5.19407E+20,5.40865E+21,9.26443E+15,4.88305E+16
154753,8,2,21,0,2018,6,20,1,3,1,5,0,1,1,0,0,0,0,0,4.77905E+20,5.47366E+21,8.69538E+15,4.94152E+16
154754,8,2,22,0,2018,6,19,4,3,1,5,0,1,1,0,0,0,0,0,4.64389E+20,5.48118E+21,8.50836E+15,4.94822E+16
154755,8,2,22,0,2018,6,15,4,3,5,3,0,1,1,0,0,0,0,0,4.62869E+20,5.47871E+21,8.48761E+15,4.94599E+16
154756,8,2,12,0,2018,6,5,7,3,7,1,1,1,0,0,0,0,0,0,4.56228E+20,5.42847E+21,8.40146E+15,4.90076E+16
154757,8,2,22,0,2018,6,10,4,3,0,6,0,1,1,0,0,0,0,0,4.67142E+20,5.48243E+21,8.54627E+15,4.94936E+16
154758,8,2,22,0,2018,6,13,4,2,1,7,0,0,1,0,0,0,0,0,4.66522E+20,5.47393E+21,8.53843E+15,4.94171E+16
154759,8,2,21,0,2018,6,10,4,3,6,7,0,0,1,1,0,0,0,0,4.77052E+20,5.4751E+21,8.68353E+15,4.94281E+16
154760,8,1,16,54,2018,6,22,1,3,0,7,2,0,0,0,1,0,0,0,5.34774E+20,5.3827E+21,9.47163E+15,4.85964E+16
154761,8,2,26,18,2018,6,20,4,3,5,3,1,1,1,0,0,0,0,0,4.73009E+20,5.47106E+21,8.62806E+15,4.93916E+16
154762,8,2,16,15,2018,6,23,4,3,8,1,2,0,1,0,0,0,0,0,4.48977E+20,5.4069E+21,8.30502E+15,4.8813E+16
154763,8,1,11,0,2018,6,13,7,3,1,5,0,1,1,0,0,0,0,0,5.12614E+20,5.40179E+21,9.17167E+15,4.8769E+16
154764,8,2,15,9,2018,6,23,4,3,6,4,2,0,0,1,1,0,0,0,4.70196E+20,5.44146E+21,8.59149E+15,4.91253E+16
154765,8,3,36,50,2018,6,15,6,3,0,7,0,1,0,0,0,0,0,0,3.99367E+20,5.2737E+21,7.66102E+15,4.76089E+16
154766,8,2,12,0,2018,6,13,4,3,5,3,0,1,1,0,0,0,0,0,4.55836E+20,5.42743E+21,8.39621E+15,4.89982E+16