OBJECTID_1,ULAND,UREGBEZ,UKREIS,UGEMEINDE,UJAHR,UMONAT,USTUNDE,UWOCHENTAG,UKATEGORIE,UART,UTYP1,ULICHTVERH,IstRad,IstPKW,IstFuss,IstKrad,IstGkfz,IstSonstig,STRZUSTAND,LINREFX,LINREFY,XGCSWGS84,YGCSWGS84
154767,8,1,19,79,2018,6,11,4,3,5,3,0,0,1,0,0,0,0,0,5.25034E+20,5.40951E+21,9.34117E+15,4.88381E+16
154768,8,2,12,0,2018,6,11,4,3,5,3,0,1,1,0,0,0,0,0,4.53354E+20,5.42614E+21,8.36243E+15,4.89864E+16
154769,8,2,12,0,2018,6,8,4,3,0,6,0,1,1,0,0,0,0,0,4.57006E+20,5.4252E+21,8.41244E+15,4.89782E+16
154770,8,3,36,105,2018,6,22,7,3,5,3,2,0,1,0,1,0,0,0,4.01499E+20,5.26642E+21,7.69102E+15,4.75437E+16
154771,8,2,16,43,2018,6,16,4,1,5,2,0,0,1,0,1,0,0,0,4.4333E+20,5.41205E+21,8.2274E+15,4.88589E+16
154772,8,1,27,75,2018,6,11,4,1,5,3,0,1,1,0,0,0,0,0,5.71475E+20,5.46587E+21,9.98394E+15,4.93414E+16
154773,8,4,36,55,2018,6,8,6,2,9,1,0,0,1,0,0,0,0,0,5.75724E+20,5.29444E+21,1.00112E+16,4.77989E+16
154774,8,1,19,91,2018,6,15,4,3,5,3,0,0,1,0,0,0,0,0,5.27566E+20,5.40689E+21,9.37548E+15,4.88144E+16
154775,8,3,25,57,2018,6,16,1,3,1,5,0,1,1,0,0,0,0,0,4.72843E+20,5.35655E+21,8.63337E+15,4.83615E+16
154776,8,1,15,3,2018,6,9,4,3,0,7,0,1,0,0,0,0,0,0,5.00779E+20,5.39179E+21,9.01059E+15,4.86791E+16
154777,8,2,26,98,2018,6,15,6,3,1,7,0,1,0,0,0,1,0,0,4.7664E+20,5.45969E+21,8.67876E+15,4.92895E+16
154778,8,1,16,33,2018,6,20,4,3,4,2,0,1,1,0,0,0,0,0,5.30952E+20,5.3895E+21,9.4203E+15,4.86578E+16
154779,8,2,25,52,2018,6,11,7,3,9,1,0,0,1,0,0,0,0,0,5.15898E+20,5.4786E+21,9.21939E+15,4.94599E+16
154780,8,1,35,19,2018,6,16,4,3,3,2,0,1,0,0,0,0,0,0,5.85286E+20,5.39119E+21,1.01583E+16,4.86679E+16
154781,8,2,25,52,2018,6,14,5,2,0,1,0,1,0,0,0,0,0,0,5.15349E+20,5.47884E+21,9.21182E+15,4.94621E+16
154782,8,1,27,76,2018,6,7,4,3,0,1,0,0,0,0,1,0,0,0,5.57652E+20,5.43994E+21,9.78995E+15,4.91096E+16
154783,8,1,26,66,2018,6,11,5,3,4,2,0,0,1,0,0,0,0,0,5.34763E+20,5.45048E+21,9.47725E+15,4.92061E+16
154784,8,3,25,45,2018,6,16,5,3,2,6,0,1,1,0,0,0,0,0,4.67201E+20,5.34918E+21,8.55779E+15,4.8295E+16
154785,8,1,27,12,2018,6,13,4,3,5,3,0,0,1,0,0,0,0,0,5.65971E+20,5.43226E+21,9.90267E+15,4.90397E+16
154786,8,1,27,71,2018,6,19,4,2,5,3,0,1,1,0,0,0,0,0,5.76527E+20,5.45899E+21,1.00522E+16,4.92789E+16
154787,8,1,25,65,2018,6,20,5,3,0,1,0,0,0,0,1,0,0,1,5.16449E+20,5.44901E+21,9.22576E+15,4.91937E+16
154788,8,1,25,56,2018,6,10,4,3,1,5,0,1,1,0,0,0,0,0,5.10856E+20,5.43591E+21,9.14865E+15,4.90759E+16
154789,8,1,21,0,2018,6,13,4,3,2,6,0,0,1,0,0,0,0,0,5.16025E+20,5.44132E+21,9.21964E+15,4.91245E+16
154790,8,1,25,108,2018,6,17,5,3,4,1,0,1,0,0,0,1,0,0,4.92296E+20,5.43466E+21,8.89453E+15,4.90647E+16
154791,8,1,21,0,2018,6,15,4,3,5,5,0,1,1,0,0,0,0,0,5.15558E+20,5.4425E+21,9.21329E+15,4.91352E+16
154792,8,2,22,0,2018,6,16,5,3,6,4,0,1,0,1,0,0,0,0,4.61845E+20,5.48161E+21,8.47321E+15,4.94859E+16
154793,8,1,19,85,2018,6,12,4,3,5,3,0,1,1,0,0,0,0,0,5.31215E+20,5.41363E+21,9.4257E+15,4.88748E+16
154794,8,1,19,8,2018,6,18,4,3,8,1,0,0,0,0,1,0,0,0,5.32748E+20,5.42304E+21,9.44737E+15,4.89594E+16
154795,8,2,12,0,2018,6,7,5,3,5,2,0,1,1,0,0,0,0,0,4.59566E+20,5.43165E+21,8.44678E+15,4.90364E+16
154796,8,1,18,46,2018,6,14,4,3,1,6,0,0,1,0,0,0,1,0,5.13515E+20,5.41225E+21,9.18427E+15,4.88631E+16
154797,8,1,15,45,2018,6,15,4,2,6,4,0,0,1,0,0,0,1,0,4.98433E+20,5.39496E+21,8.9787E+15,4.87077E+16
154798,8,1,21,0,2018,6,19,5,2,6,4,0,0,1,1,0,0,0,1,5.08178E+20,5.44807E+21,9.11222E+15,4.91853E+16
154799,8,1,18,73,2018,6,9,4,2,8,3,0,1,1,0,0,0,0,0,4.97619E+20,5.4208E+21,8.96748E+15,4.89402E+16
154800,8,1,18,46,2018,6,9,4,2,1,5,0,1,1,0,0,0,0,0,5.13262E+20,5.41127E+21,9.18078E+15,4.88542E+16
154801,8,1,21,0,2018,6,17,5,3,0,7,0,1,1,0,0,0,0,1,5.15998E+20,5.44399E+21,9.21937E+15,4.91485E+16
154802,8,1,17,26,2018,6,6,4,2,4,2,0,1,1,0,0,0,0,0,5.45029E+20,5.39535E+21,9.61208E+15,4.87095E+16
154803,8,2,16,43,2018,6,15,5,3,5,2,0,1,1,0,0,0,0,0,4.42059E+20,5.4114E+21,8.21015E+15,4.88529E+16
154804,8,1,16,49,2018,6,7,4,3,5,3,0,1,0,0,1,0,0,0,5.25088E+20,5.38565E+21,9.34044E+15,4.86234E+16
154805,8,1,16,49,2018,6,7,4,3,2,6,0,1,1,0,0,0,0,0,5.24656E+20,5.38626E+21,9.33462E+15,4.86289E+16
154806,8,1,19,20,2018,6,14,5,3,0,1,0,0,1,0,0,0,0,0,5.20427E+20,5.40692E+21,9.27824E+15,4.88149E+16
154807,8,1,16,41,2018,6,18,4,3,5,3,0,1,0,0,0,0,1,0,5.2065E+20,5.38424E+21,9.28015E+15,4.86109E+16
154808,8,1,16,78,2018,6,15,4,3,8,1,0,0,1,0,0,0,0,0,5.14168E+20,5.39358E+21,9.19254E+15,4.86951E+16
154809,8,1,16,19,2018,6,16,4,2,0,7,0,0,1,0,1,0,0,0,5.22861E+20,5.3981E+21,9.31091E+15,4.87355E+16
154810,8,1,19,8,2018,6,5,5,2,4,6,1,0,1,0,1,0,0,0,5.31052E+20,5.41835E+21,9.42385E+15,4.89173E+16
154811,8,1,16,56,2018,6,7,4,3,5,3,1,0,1,0,0,0,0,0,5.31808E+20,5.39516E+21,9.43236E+15,4.87087E+16
154812,8,1,16,49,2018,6,7,4,3,5,3,0,1,1,0,0,0,0,0,5.2533E+20,5.38501E+21,9.34368E+15,4.86176E+16
154813,8,1,17,18,2018,6,17,5,3,4,6,0,0,1,0,0,0,0,1,5.38603E+20,5.39581E+21,9.52478E+15,4.87141E+16
154814,8,4,21,0,2018,6,14,5,3,0,1,0,1,0,0,0,0,0,1,5.71291E+20,5.36308E+21,9.9635E+15,4.84168E+16
154815,8,1,16,19,2018,6,18,4,3,2,6,0,1,0,0,0,0,1,0,5.25002E+20,5.39674E+21,9.33994E+15,4.87232E+16
154816,8,2,12,0,2018,6,11,5,3,5,3,0,0,1,0,0,0,0,0,4.57109E+20,5.42841E+21,8.41351E+15,4.90071E+16
154817,8,1,15,3,2018,6,13,4,3,0,7,0,1,0,0,0,0,0,0,5.01403E+20,5.39174E+21,9.01906E+15,4.86787E+16
154818,8,1,11,0,2018,6,20,4,3,5,2,0,0,1,0,1,0,0,0,5.14003E+20,5.40282E+21,9.1906E+15,4.87782E+16
154819,8,1,17,19,2018,6,13,5,3,4,6,0,1,0,0,0,0,0,0,5.50322E+20,5.39432E+21,9.6839E+15,4.86998E+16
154820,8,1,11,0,2018,6,16,4,3,0,1,0,1,0,0,0,0,0,0,5.14151E+20,5.40285E+21,9.19261E+15,4.87785E+16
154821,8,1,11,0,2018,6,16,4,3,0,1,0,0,0,0,1,0,0,0,5.15535E+20,5.39645E+21,9.21121E+15,4.87208E+16
154822,8,1,16,49,2018,6,16,5,3,5,3,0,1,1,0,0,0,0,0,5.24663E+20,5.38625E+21,9.33471E+15,4.86288E+16
154823,8,3,35,43,2018,6,23,5,3,0,1,2,1,0,0,0,0,0,1,5.13144E+20,5.27879E+21,9.17506E+15,4.76623E+16
154824,8,1,11,0,2018,6,13,4,3,2,6,0,0,1,0,0,0,0,0,5.12908E+20,5.40151E+21,9.17566E+15,4.87665E+16
154825,8,1,16,72,2018,6,18,5,3,1,5,0,0,1,0,1,0,0,1,5.31141E+20,5.39215E+21,9.42307E+15,4.86816E+16
154826,8,4,15,50,2018,6,18,5,2,5,3,0,1,1,0,0,0,0,0,5.21349E+20,5.37653E+21,9.28923E+15,4.85415E+16
154827,8,1,36,65,2018,6,19,3,3,0,1,0,1,0,0,0,0,0,0,5.58803E+20,5.40237E+21,9.80029E+15,4.87715E+16
154828,8,4,36,64,2018,6,19,3,3,0,7,0,1,0,0,0,0,0,0,5.4648E+20,5.29324E+21,9.6206E+15,4.77908E+16
154829,8,4,36,5,2018,6,21,3,3,0,1,1,1,0,0,0,0,0,0,5.40224E+20,5.30913E+21,9.53854E+15,4.79342E+16
154830,8,4,36,82,2018,6,12,3,3,0,1,0,1,0,0,0,0,0,0,5.48383E+20,5.29541E+21,9.64624E+15,4.78103E+16
154831,8,1,16,70,2018,6,18,5,3,5,3,0,1,1,0,0,0,0,1,5.39369E+20,5.38511E+21,9.53417E+15,4.86178E+16
154832,8,4,36,64,2018,6,15,3,3,2,6,0,0,1,0,0,0,0,0,5.46739E+20,5.29353E+21,9.62408E+15,4.77935E+16
154833,8,3,17,96,2018,6,8,5,2,0,1,0,1,0,0,0,0,0,0,4.23903E+20,5.37012E+21,7.97029E+15,4.84796E+16
154834,8,4,36,64,2018,6,8,3,3,6,4,0,0,1,1,0,0,0,0,5.42869E+20,5.29197E+21,9.57226E+15,4.77797E+16
154835,8,4,36,64,2018,6,8,3,3,1,5,0,1,1,0,0,0,0,0,5.44929E+20,5.29038E+21,9.59959E+15,4.77652E+16
154836,8,1,15,45,2018,6,9,5,3,5,3,0,1,1,0,0,0,0,0,5.00254E+20,5.39572E+21,9.00346E+15,4.87145E+16
154837,8,4,26,70,2018,6,12,3,3,2,7,0,0,1,0,0,0,0,0,5.66106E+20,5.34303E+21,9.89028E+15,4.8237E+16
154838,8,4,26,1,2018,6,18,3,2,4,6,0,1,0,0,0,0,0,0,5.66879E+20,5.34872E+21,9.90159E+15,4.82881E+16
154839,8,4,21,0,2018,6,19,3,3,5,3,0,1,0,0,0,0,0,0,5.71285E+20,5.36304E+21,9.96341E+15,4.84165E+16
154840,8,1,15,29,2018,6,11,5,3,4,6,0,1,0,0,0,0,1,0,4.96855E+20,5.39916E+21,8.95722E+15,4.87454E+16
154841,8,4,21,0,2018,6,18,3,3,5,3,0,1,1,0,0,0,0,0,5.73857E+20,5.36184E+21,9.99795E+15,4.84054E+16
154842,8,4,25,20,2018,6,16,3,3,8,1,0,1,0,0,0,0,0,0,5.56663E+20,5.36131E+21,9.76558E+15,4.84024E+16
154843,8,1,15,21,2018,6,21,5,3,1,6,1,0,1,0,0,0,0,1,4.92626E+20,5.38089E+21,8.90001E+15,4.8581E+16
154844,8,4,16,41,2018,6,11,3,3,5,3,0,1,1,0,0,0,0,0,5.04267E+20,5.37343E+21,9.05778E+15,4.8514E+16
154845,8,2,26,96,2018,6,12,5,3,5,3,0,0,1,0,0,0,0,0,4.75791E+20,5.48675E+21,8.66543E+15,4.95329E+16
154846,8,4,16,6,2018,6,18,3,3,5,3,0,0,1,0,0,0,0,0,4.98289E+20,5.36021E+21,8.97689E+15,4.83951E+16
154847,8,4,15,61,2018,6,20,3,3,5,3,0,0,1,0,0,0,0,0,5.15564E+20,5.37137E+21,9.21068E+15,4.84953E+16
154848,8,1,15,15,2018,6,18,5,3,2,6,0,0,1,0,0,0,0,0,4.92166E+20,5.38729E+21,8.89366E+15,4.86386E+16
154849,8,4,16,48,2018,6,19,3,3,6,6,0,0,1,1,0,0,0,0,4.93652E+20,5.37873E+21,8.91396E+15,4.85616E+16
154850,8,4,15,61,2018,6,13,3,3,2,6,0,0,1,0,0,0,0,0,5.16413E+20,5.37024E+21,9.22212E+15,4.8485E+16
154851,8,1,11,0,2018,6,7,5,3,0,2,0,1,1,0,0,0,0,0,5.11585E+20,5.4067E+21,9.15781E+15,4.88131E+16
154852,8,4,35,59,2018,6,8,5,3,5,3,0,0,1,0,1,0,0,0,5.1227E+20,5.29117E+21,9.16377E+15,4.77738E+16
154853,8,3,35,63,2018,6,12,3,3,5,3,0,0,1,0,1,0,0,0,4.96143E+20,5.28782E+21,8.94855E+15,4.77437E+16
154854,8,1,11,0,2018,6,9,5,3,5,3,0,1,1,0,0,0,0,0,5.08672E+20,5.39614E+21,9.1179E+15,4.87183E+16
154855,8,3,35,43,2018,6,17,3,3,5,3,0,0,1,0,1,0,0,0,5.10979E+20,5.28066E+21,9.14628E+15,4.76792E+16
154856,8,2,21,0,2018,6,15,5,3,0,7,0,1,1,0,0,0,0,0,4.77475E+20,5.47283E+21,8.6895E+15,4.94078E+16
154857,8,3,17,1,2018,6,14,3,3,0,7,0,0,1,0,0,0,0,0,4.31049E+20,5.38661E+21,8.06424E+15,4.86287E+16
154858,8,3,17,96,2018,6,17,3,3,5,3,0,1,1,0,0,0,0,0,4.20334E+20,5.36839E+21,7.92233E+15,4.84636E+16
154859,8,4,35,52,2018,6,21,4,3,1,5,0,1,1,0,0,0,0,0,5.22784E+20,5.29288E+21,9.3042E+15,4.77889E+16
154860,8,3,16,9,2018,6,17,3,3,5,2,0,1,1,0,0,0,0,0,4.18197E+20,5.32443E+21,7.90193E+15,4.80679E+16
154861,8,3,16,11,2018,6,14,3,3,3,5,0,1,0,0,0,1,0,0,4.14461E+20,5.32992E+21,7.85069E+15,4.81168E+16
154862,8,3,35,26,2018,6,15,4,3,5,3,0,0,1,0,1,0,0,0,4.81117E+20,5.28308E+21,8.74831E+15,4.77008E+16
154863,8,4,16,41,2018,6,18,5,3,2,1,0,0,1,0,0,0,0,0,5.03418E+20,5.37436E+21,9.04629E+15,4.85223E+16
154864,8,3,16,11,2018,6,8,3,3,5,2,0,1,1,0,0,0,0,0,4.15042E+20,5.32986E+21,7.85851E+15,4.81164E+16
154865,8,2,11,0,2018,6,17,5,3,5,2,0,1,1,0,0,0,0,0,4.4618E+20,5.4029E+21,8.26744E+15,4.87768E+16
154866,8,3,16,11,2018,6,16,3,3,0,1,0,1,0,0,0,0,0,0,4.14954E+20,5.32975E+21,7.85734E+15,4.81153E+16
154867,8,4,16,25,2018,6,10,3,3,0,1,0,0,0,0,1,0,0,0,5.03895E+20,5.36116E+21,9.05262E+15,4.84036E+16
154868,8,4,36,55,2018,6,16,4,3,5,3,0,1,1,0,0,0,0,0,5.79627E+20,5.29571E+21,1.00635E+16,4.78098E+16
154869,8,2,16,43,2018,6,7,5,3,5,3,0,1,1,0,0,0,0,0,4.40472E+20,5.41363E+21,8.1882E+15,4.88728E+16
154870,8,3,15,15,2018,6,20,3,2,0,1,0,1,0,0,0,0,0,0,3.9455E+20,5.32016E+21,7.58566E+15,4.8026E+16
154871,8,3,11,0,2018,6,23,3,3,6,6,2,1,0,1,0,0,0,0,4.13074E+20,5.31823E+21,7.83443E+15,4.80114E+16
154872,8,4,26,14,2018,6,7,4,3,5,2,0,1,1,0,0,0,0,0,5.48935E+20,5.31754E+21,9.65612E+15,4.80093E+16
154873,8,3,11,0,2018,6,8,3,3,5,2,0,1,1,0,0,0,0,0,4.1668E+20,5.31567E+21,7.88328E+15,4.79889E+16
154874,8,3,11,0,2018,6,11,3,3,2,6,0,0,1,0,0,0,0,0,4.1399E+20,5.31923E+21,7.84652E+15,4.80206E+16
154875,8,3,27,7,2018,6,16,4,3,4,6,0,0,1,0,0,0,0,0,4.87633E+20,5.32926E+21,8.83384E+15,4.81165E+16
154876,8,4,15,61,2018,6,17,5,3,0,1,0,1,0,0,0,0,0,1,5.16025E+20,5.37021E+21,9.21686E+15,4.84848E+16
154877,8,3,11,0,2018,6,7,3,3,2,6,0,0,1,0,0,0,0,0,4.11969E+20,5.31591E+21,7.82009E+15,4.79904E+16
154878,8,2,12,0,2018,6,7,3,3,0,7,0,1,0,0,0,0,0,0,4.53199E+20,5.42889E+21,8.35999E+15,4.90112E+16
154879,8,1,36,44,2018,6,21,4,2,1,1,1,0,1,0,1,0,0,0,5.58104E+20,5.40798E+21,9.79158E+15,4.88221E+16
154880,8,2,36,40,2018,6,16,3,3,6,7,0,0,0,1,0,0,1,0,4.88804E+20,5.42221E+21,8.84707E+15,4.89527E+16
154881,8,2,26,55,2018,6,13,3,2,6,1,0,0,1,1,0,0,0,0,4.97629E+20,5.46032E+21,8.96739E+15,4.92956E+16
154882,8,1,36,65,2018,6,7,4,3,5,3,0,1,1,0,0,0,0,0,5.57535E+20,5.40474E+21,9.78338E+15,4.8793E+16
154883,8,2,25,14,2018,6,7,3,3,2,6,0,0,1,0,1,0,0,0,5.2311E+20,5.48553E+21,9.31931E+15,4.9522E+16
154884,8,2,22,0,2018,6,16,3,3,5,3,0,1,1,0,0,0,0,0,4.63684E+20,5.47802E+21,8.49892E+15,4.94538E+16
154885,8,4,36,81,2018,6,8,4,2,0,1,0,1,0,0,0,0,0,0,5.6193E+20,5.2819E+21,9.82524E+15,4.76875E+16
154886,8,3,27,50,2018,6,13,5,3,9,1,0,0,1,0,0,0,0,0,4.84742E+20,5.31337E+21,8.79556E+15,4.79734E+16
154887,8,2,22,0,2018,6,22,3,3,8,1,2,0,1,0,0,0,0,0,4.66631E+20,5.47797E+21,8.53959E+15,4.94535E+16
154888,8,2,22,0,2018,6,20,3,2,8,1,1,0,0,0,1,0,0,0,4.6414E+20,5.47683E+21,8.50532E+15,4.9443E+16
154889,8,4,36,64,2018,6,10,4,3,0,1,0,1,0,0,0,0,0,0,5.45418E+20,5.28999E+21,9.60607E+15,4.77617E+16
154890,8,2,15,9,2018,6,20,3,3,3,6,0,1,1,0,0,0,0,0,4.70444E+20,5.44149E+21,8.5949E+15,4.91255E+16
154891,8,2,15,17,2018,6,20,3,3,4,2,0,0,1,0,0,0,0,0,4.5307E+20,5.41903E+21,8.35937E+15,4.89224E+16
154892,8,4,36,55,2018,6,15,4,3,0,7,0,1,0,0,0,0,0,0,5.75644E+20,5.29831E+21,1.00108E+16,4.78337E+16
154893,8,2,15,17,2018,6,14,3,3,5,3,0,1,1,0,0,0,0,0,4.56197E+20,5.42075E+21,8.40187E+15,4.89381E+16
154894,8,2,22,0,2018,6,8,5,3,5,3,0,0,1,0,0,0,1,0,4.62614E+20,5.47828E+21,8.48414E+15,4.9456E+16
154895,8,2,12,0,2018,6,16,3,3,2,6,0,0,1,0,0,0,0,0,4.55118E+20,5.42812E+21,8.38632E+15,4.90043E+16
154896,8,2,12,0,2018,6,7,3,3,5,3,0,1,1,0,0,0,0,0,4.53385E+20,5.42997E+21,8.36241E+15,4.90209E+16
154897,8,4,35,36,2018,6,6,4,3,1,5,0,0,0,0,1,1,0,0,5.2144E+20,5.28246E+21,9.28574E+15,4.76951E+16
154898,8,2,12,0,2018,6,15,3,3,5,2,0,1,1,0,0,0,0,0,4.57593E+20,5.42854E+21,8.42012E+15,4.90083E+16
154899,8,3,11,0,2018,6,6,5,3,5,3,0,0,1,0,1,0,0,0,4.11262E+20,5.31536E+21,7.81074E+15,4.79854E+16
154900,8,3,17,114,2018,6,18,3,3,4,5,0,0,0,0,1,0,1,0,4.05194E+20,5.34704E+21,7.72239E+15,4.82695E+16
154901,8,1,36,88,2018,6,20,3,3,5,3,0,0,1,0,0,0,0,0,5.81278E+20,5.41302E+21,1.01082E+16,4.88648E+16
154902,8,4,17,79,2018,6,16,4,3,6,4,0,0,0,1,0,0,1,0,5.01271E+20,5.34444E+21,9.01712E+15,4.82532E+16
154903,8,1,35,31,2018,6,6,3,3,2,6,0,0,1,0,0,1,0,0,5.95952E+20,5.37866E+21,1.03003E+16,4.85537E+16
154904,8,1,28,131,2018,6,14,3,3,5,2,0,1,1,0,0,0,0,0,5.36783E+20,5.5126E+21,9.51077E+15,4.97648E+16
154905,8,4,15,61,2018,6,7,4,3,5,3,0,1,1,0,0,0,0,0,5.1539E+20,5.37091E+21,9.2083E+15,4.84911E+16
154906,8,1,28,131,2018,6,16,3,3,5,3,0,1,0,0,0,1,0,0,5.35922E+20,5.51118E+21,9.49868E+15,4.9752E+16
154907,8,2,21,0,2018,6,17,5,2,0,7,0,1,0,0,0,0,0,0,4.77288E+20,5.47201E+21,8.68697E+15,4.94004E+16
154908,8,1,28,7,2018,6,19,3,2,5,3,0,0,1,0,1,0,0,0,5.54833E+20,5.48295E+21,9.75723E+15,4.94967E+16
154909,8,1,25,21,2018,6,23,3,3,6,4,2,0,1,1,0,0,0,0,5.23845E+20,5.44787E+21,9.32721E+15,4.91832E+16
154910,8,4,16,41,2018,6,11,4,3,4,6,0,0,1,0,0,1,0,0,5.05899E+20,5.37369E+21,9.07989E+15,4.85163E+16
154911,8,1,18,73,2018,6,20,3,2,0,7,0,0,1,0,0,0,0,0,4.96425E+20,5.42417E+21,8.95115E+15,4.89705E+16
154912,8,1,18,48,2018,6,13,3,3,2,6,0,0,1,0,0,0,0,0,5.15024E+20,5.41592E+21,9.20498E+15,4.8896E+16
154913,8,4,15,61,2018,6,17,4,3,2,6,0,0,0,0,1,0,1,0,5.12113E+20,5.3712E+21,9.16395E+15,4.84938E+16
154914,8,4,16,41,2018,6,9,5,3,0,7,0,1,0,0,0,0,0,0,5.0411E+20,5.37689E+21,9.05569E+15,4.85451E+16
154915,8,1,17,42,2018,6,12,3,3,5,3,0,0,1,0,1,0,0,0,5.54211E+20,5.39339E+21,9.73662E+15,4.86912E+16
154916,8,1,16,35,2018,6,7,3,3,0,7,0,1,0,0,0,0,0,0,5.27184E+20,5.39227E+21,9.36932E+15,4.86829E+16
154917,8,3,35,43,2018,6,10,4,3,5,2,0,1,1,0,0,0,0,0,5.13333E+20,5.27894E+21,9.17758E+15,4.76638E+16
154918,8,4,26,70,2018,6,19,5,3,3,2,0,0,1,0,1,0,0,1,5.65493E+20,5.3421E+21,9.88189E+15,4.82288E+16
154919,8,1,16,77,2018,6,12,3,2,0,1,0,1,0,0,0,0,0,0,5.15551E+20,5.39165E+21,9.21125E+15,4.86777E+16
154920,8,2,12,0,2018,6,14,5,2,3,6,0,1,1,0,0,0,0,0,4.60185E+20,5.43233E+21,8.45518E+15,4.90426E+16
154921,8,1,15,3,2018,6,14,3,3,0,7,0,0,0,0,0,0,1,0,5.00476E+20,5.39239E+21,9.00647E+15,4.86845E+16
154922,8,1,15,3,2018,6,18,3,3,5,3,0,1,1,0,0,0,0,0,5.01275E+20,5.39212E+21,9.01733E+15,4.86822E+16
154923,8,3,26,74,2018,6,15,4,3,5,3,0,1,1,0,0,0,0,0,4.60131E+20,5.32455E+21,8.46478E+15,4.80729E+16
154924,8,1,11,0,2018,6,7,3,2,0,7,0,1,0,0,0,0,0,0,5.1992E+20,5.40184E+21,9.27109E+15,4.87692E+16
154925,8,1,11,0,2018,6,12,3,3,0,7,0,0,1,0,0,0,0,0,5.16892E+20,5.39871E+21,9.22976E+15,4.87412E+16
154926,8,3,26,60,2018,6,10,4,2,6,4,0,0,1,1,0,0,0,0,4.42636E+20,5.33105E+21,8.22906E+15,4.81301E+16
154927,8,3,35,75,2018,6,21,5,3,0,1,2,0,0,0,1,0,0,1,4.88048E+20,5.28955E+21,8.84052E+15,4.77592E+16
154928,8,4,36,64,2018,6,17,2,3,2,6,0,0,1,0,1,0,0,0,5.45338E+20,5.29304E+21,9.60532E+15,4.77891E+16
154929,8,4,35,59,2018,6,12,2,3,0,1,0,1,0,0,0,0,0,0,5.10944E+20,5.29063E+21,9.14606E+15,4.77689E+16
154930,8,3,26,31,2018,6,17,4,3,0,7,0,1,0,0,0,0,0,0,4.56597E+20,5.33196E+21,8.41658E+15,4.81394E+16
154931,8,4,25,137,2018,6,18,2,3,0,7,0,0,0,0,1,0,0,0,5.73743E+20,5.35455E+21,9.99514E+15,4.83398E+16
154932,8,1,28,7,2018,6,13,5,3,5,3,0,1,1,0,0,0,0,0,5.55741E+20,5.48229E+21,9.76968E+15,4.94907E+16
154933,8,4,21,0,2018,6,10,2,2,4,2,0,1,1,0,0,0,0,0,5.73603E+20,5.36122E+21,9.99441E+15,4.83999E+16
154934,8,4,25,33,2018,6,14,2,3,2,6,0,0,1,0,0,0,0,0,5.54169E+20,5.34829E+21,9.73021E+15,4.82855E+16
154935,8,3,25,49,2018,6,7,4,3,5,3,0,1,0,0,0,0,0,0,4.72204E+20,5.33321E+21,8.62628E+15,4.81515E+16
154936,8,4,15,61,2018,6,14,2,3,5,3,0,0,1,0,0,0,0,0,5.1555E+20,5.37052E+21,9.21044E+15,4.84876E+16
154937,8,3,17,1,2018,6,8,4,3,5,3,0,0,1,0,0,0,0,0,4.31583E+20,5.3864E+21,8.07151E+15,4.86269E+16
154938,8,3,17,89,2018,6,17,5,3,5,3,0,1,1,0,0,0,0,0,4.31805E+20,5.3756E+21,8.0763E+15,4.85298E+16
154939,8,4,15,61,2018,6,16,2,3,6,3,0,0,1,1,0,0,0,0,5.15258E+20,5.37211E+21,9.20656E+15,4.85019E+16
154940,8,4,15,60,2018,6,19,2,3,0,1,0,1,0,0,0,0,0,0,5.13301E+20,5.38064E+21,9.18033E+15,4.85787E+16
154941,8,3,16,56,2018,6,13,4,2,5,2,0,0,1,0,1,0,0,0,4.22721E+20,5.32743E+21,7.9621E+15,4.80954E+16
154942,8,3,37,30,2018,6,6,2,3,0,1,1,0,1,0,0,0,0,0,4.61089E+20,5.27545E+21,8.48205E+15,4.76313E+16
154943,8,3,37,116,2018,6,14,2,2,4,6,0,0,1,0,0,1,0,0,4.18805E+20,5.27047E+21,7.92021E+15,4.75826E+16
154944,8,3,15,111,2018,6,8,4,3,4,6,0,0,1,0,0,1,0,0,4.05414E+20,5.29792E+21,7.73621E+15,4.78277E+16
154945,8,3,35,43,2018,6,14,2,3,0,7,0,0,0,0,1,0,1,1,5.13807E+20,5.28024E+21,9.18394E+15,4.76754E+16
154946,8,3,35,43,2018,6,13,2,3,0,2,0,1,1,0,0,0,0,0,5.13326E+20,5.27901E+21,9.1775E+15,4.76643E+16
154947,8,3,15,74,2018,6,15,4,3,1,6,0,1,0,0,0,0,0,0,3.96982E+20,5.2962E+21,7.62399E+15,4.78109E+16
154948,8,3,27,50,2018,6,8,2,3,4,6,0,0,1,0,0,0,0,0,4.85739E+20,5.31736E+21,8.80879E+15,4.80093E+16
154949,8,2,35,85,2018,6,17,5,3,0,7,0,0,1,0,0,0,0,0,4.80534E+20,5.39793E+21,8.73527E+15,4.87341E+16
154950,8,3,26,60,2018,6,16,2,3,5,3,0,1,1,0,0,0,0,0,4.41785E+20,5.33136E+21,8.21758E+15,4.81328E+16
154951,8,3,17,40,2018,6,17,2,2,7,7,0,1,0,1,0,0,0,0,4.3191E+20,5.34708E+21,8.08235E+15,4.82733E+16
154952,8,3,36,50,2018,6,11,4,3,6,4,0,1,0,1,0,0,0,0,3.99699E+20,5.27358E+21,7.66548E+15,4.76079E+16
154953,8,3,17,57,2018,6,15,2,3,5,3,0,1,1,0,0,0,0,0,4.12902E+20,5.3793E+21,7.81954E+15,4.85607E+16