OBJECTID_1,ULAND,UREGBEZ,UKREIS,UGEMEINDE,UJAHR,UMONAT,USTUNDE,UWOCHENTAG,UKATEGORIE,UART,UTYP1,ULICHTVERH,IstRad,IstPKW,IstFuss,IstKrad,IstGkfz,IstSonstig,STRZUSTAND,LINREFX,LINREFY,XGCSWGS84,YGCSWGS84
154954,8,3,15,20,2018,6,18,2,2,4,6,0,1,0,0,0,0,0,0,4.24726E+20,5.31309E+21,7.99155E+15,4.79667E+16
154955,8,3,11,0,2018,6,7,4,2,0,1,0,0,0,0,0,0,1,0,4.02464E+20,5.31729E+21,7.69242E+15,4.80015E+16
154956,8,3,11,0,2018,6,20,2,3,4,2,0,0,1,0,1,0,0,0,4.12567E+20,5.3175E+21,7.82779E+15,4.80048E+16
154957,8,2,16,43,2018,6,16,5,3,0,1,0,1,0,0,0,0,0,0,4.42143E+20,5.4118E+21,8.21124E+15,4.88564E+16
154958,8,3,11,0,2018,6,18,2,3,3,1,0,1,0,0,0,0,0,0,4.147E+20,5.31674E+21,7.85654E+15,4.79982E+16
154959,8,3,11,0,2018,6,21,2,3,5,3,1,1,0,1,0,0,0,0,4.13456E+20,5.31631E+21,7.83994E+15,4.79942E+16
154960,8,2,22,0,2018,6,17,5,3,5,3,0,0,1,0,0,0,0,0,4.65562E+20,5.47751E+21,8.52488E+15,4.94493E+16
154961,8,3,11,0,2018,6,9,2,3,2,6,0,1,1,0,0,0,0,0,4.13912E+20,5.31563E+21,7.84619E+15,4.79881E+16
154962,8,2,12,0,2018,6,16,2,3,5,3,0,1,1,0,0,0,0,0,4.53864E+20,5.43295E+21,8.36863E+15,4.90477E+16
154963,8,2,12,0,2018,6,16,4,3,2,6,0,0,1,0,0,0,0,0,4.58226E+20,5.42911E+21,8.42871E+15,4.90134E+16
154964,8,2,12,0,2018,6,11,2,2,3,6,0,1,0,0,0,0,1,0,4.54458E+20,5.42645E+21,8.37749E+15,4.89893E+16
154965,8,2,12,0,2018,6,19,2,3,1,5,0,1,1,0,0,0,0,0,4.58148E+20,5.42863E+21,8.4277E+15,4.90091E+16
154966,8,2,12,0,2018,6,23,4,2,1,5,2,0,1,0,0,0,1,0,4.61428E+20,5.43059E+21,8.47235E+15,4.9027E+16
154967,8,4,16,41,2018,6,14,5,3,6,4,0,0,1,1,0,0,0,0,5.04292E+20,5.37387E+21,9.05812E+15,4.85179E+16
154968,8,2,26,60,2018,6,16,2,3,0,3,0,1,1,0,0,0,0,0,4.78115E+20,5.4617E+21,8.69893E+15,4.93076E+16
154969,8,2,12,0,2018,6,9,5,3,5,3,0,1,1,0,0,0,0,0,4.55018E+20,5.42958E+21,8.38479E+15,4.90174E+16
154970,8,2,26,85,2018,6,10,2,3,5,5,0,1,1,0,0,0,0,0,4.91049E+20,5.45532E+21,8.87701E+15,4.92506E+16
154971,8,2,26,84,2018,6,11,2,3,5,5,0,1,1,0,0,0,0,0,4.69943E+20,5.46978E+21,8.5859E+15,4.938E+16
154972,8,2,15,9,2018,6,5,4,3,9,1,0,1,0,0,0,0,0,0,4.70587E+20,5.44287E+21,8.59675E+15,4.9138E+16
154973,8,2,26,32,2018,6,9,2,3,8,1,0,0,1,0,0,0,0,0,4.66598E+20,5.46301E+21,8.54038E+15,4.93189E+16
154974,8,2,12,0,2018,6,16,4,2,2,6,0,1,1,0,0,0,0,0,4.53817E+20,5.42889E+21,8.36845E+15,4.90112E+16
154975,8,2,15,17,2018,6,12,4,2,0,1,0,1,0,0,0,0,1,0,4.5578E+20,5.42185E+21,8.39606E+15,4.8948E+16
154976,8,2,22,0,2018,6,19,2,3,1,5,0,1,1,0,0,0,0,0,4.61682E+20,5.48418E+21,8.47071E+15,4.9509E+16
154977,8,2,22,0,2018,6,22,2,3,5,2,2,0,1,0,1,0,0,0,4.64059E+20,5.48235E+21,8.50371E+15,4.94927E+16
154978,8,2,37,28,2018,6,22,4,3,5,3,2,0,1,0,0,0,0,0,4.56937E+20,5.36816E+21,8.41746E+15,4.84651E+16
154979,8,4,15,61,2018,6,9,5,3,0,3,0,0,1,0,1,0,0,0,5.14358E+20,5.37024E+21,9.1943E+15,4.84851E+16
154980,8,2,22,0,2018,6,16,2,2,5,3,0,0,1,0,0,0,0,0,4.64764E+20,5.47769E+21,8.51385E+15,4.94509E+16
154981,8,2,26,18,2018,6,11,2,3,5,3,0,0,1,0,0,0,0,0,4.72951E+20,5.47274E+21,8.62714E+15,4.94067E+16
154982,8,2,31,0,2018,6,9,4,3,1,7,0,1,1,0,0,0,0,0,4.77702E+20,5.41557E+21,8.6958E+15,4.88927E+16
154983,8,2,21,0,2018,6,11,2,3,2,6,0,0,1,0,1,0,0,0,4.78129E+20,5.47155E+21,8.69859E+15,4.93962E+16
154984,8,2,16,43,2018,6,18,2,3,6,7,0,1,0,1,0,0,0,0,4.41296E+20,5.41175E+21,8.19971E+15,4.8856E+16
154985,8,2,36,50,2018,6,18,4,3,8,7,0,1,0,0,0,0,0,0,4.85241E+20,5.42392E+21,8.79834E+15,4.8968E+16
154986,8,2,15,9,2018,6,7,2,3,1,5,0,1,1,0,0,0,0,0,4.71176E+20,5.44139E+21,8.60493E+15,4.91246E+16
154987,8,3,11,0,2018,6,18,5,3,5,3,0,0,1,0,1,0,0,0,4.14949E+20,5.31775E+21,7.85966E+15,4.80074E+16
154988,8,2,12,0,2018,6,20,2,3,0,7,0,1,0,0,0,0,0,0,4.59172E+20,5.42993E+21,8.44157E+15,4.90209E+16
154989,8,2,12,0,2018,6,10,2,3,4,1,0,1,0,0,0,0,0,0,4.57557E+20,5.42872E+21,8.4196E+15,4.901E+16
154990,8,3,27,38,2018,6,16,5,3,0,1,0,1,0,0,0,0,0,0,4.94867E+20,5.31303E+21,8.93123E+15,4.79706E+16
154991,8,2,11,0,2018,6,9,2,3,0,3,0,0,1,0,0,0,1,0,4.44679E+20,5.40024E+21,8.24737E+15,4.87527E+16
154992,8,1,15,41,2018,6,22,2,2,0,7,2,1,0,0,0,0,0,0,4.95562E+20,5.40167E+21,8.9396E+15,4.8768E+16
154993,8,2,26,41,2018,6,15,4,3,1,7,0,0,1,0,1,0,0,0,4.76296E+20,5.46607E+21,8.67365E+15,4.93469E+16
154994,8,4,21,0,2018,6,17,2,3,0,3,1,0,0,0,0,0,1,0,5.74894E+20,5.36418E+21,1.00124E+16,4.84263E+16
154995,8,1,35,20,2018,6,12,2,3,0,1,0,1,0,0,0,0,0,0,5.84574E+20,5.38716E+21,1.01479E+16,4.86317E+16
154996,8,2,26,32,2018,6,13,4,3,4,1,0,1,0,0,0,0,0,0,4.66835E+20,5.46292E+21,8.54366E+15,4.93181E+16
154997,8,1,35,16,2018,6,10,2,3,6,2,0,0,1,1,0,0,0,0,5.91698E+20,5.38604E+21,1.02443E+16,4.86207E+16
154998,8,2,22,0,2018,6,7,5,3,5,2,0,1,1,0,0,0,0,0,4.62806E+20,5.47931E+21,8.48669E+15,4.94653E+16
154999,8,1,28,126,2018,6,9,2,3,0,7,0,0,1,0,0,0,1,0,5.65265E+20,5.48199E+21,9.90112E+15,4.9487E+16
155000,8,1,27,75,2018,6,17,2,2,9,1,0,0,1,0,0,0,0,0,5.7827E+20,5.46659E+21,1.00776E+16,4.9347E+16
155001,8,2,25,58,2018,6,7,4,3,0,1,0,1,0,0,0,0,0,0,5.07643E+20,5.46544E+21,9.10522E+15,4.93416E+16
155002,8,1,21,0,2018,6,12,2,3,1,5,0,1,0,0,0,1,0,0,5.11899E+20,5.44318E+21,9.16314E+15,4.91413E+16
155003,8,1,18,48,2018,6,16,2,3,1,3,0,1,1,0,0,0,0,0,5.13944E+20,5.41661E+21,9.19026E+15,4.89022E+16
155004,8,2,22,0,2018,6,15,4,3,5,2,0,1,1,0,0,0,0,0,4.62859E+20,5.47871E+21,8.48747E+15,4.94599E+16
155005,8,2,26,28,2018,6,21,4,2,0,1,0,0,1,0,0,0,0,0,4.72449E+20,5.48673E+21,8.61925E+15,4.95326E+16
155006,8,1,18,19,2018,6,7,2,3,3,2,0,0,0,0,1,0,1,0,5.04965E+20,5.40548E+21,9.06761E+15,4.88023E+16
155007,8,1,18,19,2018,6,12,2,3,2,6,0,0,1,0,0,0,0,0,5.05607E+20,5.40538E+21,9.07635E+15,4.88014E+16
155008,8,2,26,37,2018,6,8,4,2,5,3,0,1,1,0,0,0,0,0,4.66146E+20,5.46824E+21,8.53372E+15,4.93659E+16
155009,8,1,18,3,2018,6,11,2,2,5,3,0,0,1,0,1,0,0,0,5.11053E+20,5.41606E+21,9.15081E+15,4.88974E+16
155010,8,2,21,0,2018,6,15,5,3,6,7,0,1,1,1,0,0,0,0,4.77023E+20,5.47246E+21,8.68329E+15,4.94044E+16
155011,8,1,17,44,2018,6,6,2,3,5,7,0,1,1,0,0,0,0,0,5.39074E+20,5.39145E+21,9.53077E+15,4.86749E+16
155012,8,1,17,19,2018,6,17,2,3,0,7,0,1,1,0,0,0,0,0,5.5201E+20,5.39405E+21,9.70681E+15,4.86973E+16
155013,8,2,16,43,2018,6,8,4,3,5,2,0,1,1,0,0,0,0,0,4.4188E+20,5.41299E+21,8.20749E+15,4.88671E+16
155014,8,1,16,81,2018,6,11,2,3,0,7,0,1,0,0,0,0,0,0,7.56695E+20,5.31298E+21,1.2436E+16,4.79187E+16
155015,8,1,16,49,2018,6,10,2,3,0,5,0,0,1,0,1,0,0,0,5.24357E+20,5.38615E+21,9.33055E+15,4.8628E+16
155016,8,2,15,106,2018,6,10,4,3,5,3,0,0,1,0,0,0,0,0,4.66441E+20,5.45441E+21,8.53895E+15,4.92416E+16
155017,8,4,16,41,2018,6,8,5,3,9,1,0,0,1,0,0,0,0,0,5.05949E+20,5.37319E+21,9.08055E+15,4.85118E+16
155018,8,1,15,28,2018,6,13,2,3,5,3,0,0,1,0,0,0,0,0,5.00407E+20,5.40416E+21,9.00554E+15,4.87904E+16
155019,8,1,36,19,2018,6,8,5,3,1,2,0,0,0,0,1,0,1,0,5.82808E+20,5.42343E+21,1.01312E+16,4.89582E+16
155020,8,1,15,3,2018,6,18,2,3,5,2,0,1,1,0,0,0,0,0,5.00213E+20,5.39153E+21,9.00289E+15,4.86768E+16
155021,8,4,35,16,2018,6,10,5,3,6,4,0,0,1,1,0,0,0,0,5.36612E+20,5.27925E+21,9.48766E+15,4.76656E+16
155022,8,1,11,0,2018,6,10,2,3,5,3,0,0,1,0,1,0,0,0,5.15721E+20,5.40632E+21,9.21413E+15,4.88096E+16
155023,8,2,15,39,2018,6,7,5,3,0,1,0,0,0,0,1,0,0,0,4.73043E+20,5.45095E+21,8.62988E+15,4.92108E+16
155024,8,1,15,15,2018,6,9,2,2,0,1,0,1,0,0,0,0,0,0,4.92834E+20,5.38764E+21,8.90272E+15,4.86418E+16
155025,8,4,36,64,2018,6,15,1,3,1,5,0,1,1,0,0,0,0,0,5.45753E+20,5.29109E+21,9.61066E+15,4.77716E+16
155026,8,2,15,106,2018,6,18,4,3,5,3,0,0,1,0,0,0,0,0,4.65436E+20,5.45288E+21,8.52527E+15,4.92278E+16
155027,8,4,26,70,2018,6,13,1,3,0,7,0,0,0,1,0,0,1,0,5.65684E+20,5.34219E+21,9.88447E+15,4.82295E+16
155028,8,4,25,81,2018,6,16,1,3,4,7,0,1,1,0,0,0,0,0,5.47885E+20,5.34277E+21,9.64489E+15,4.82363E+16
155029,8,2,12,0,2018,6,7,4,3,5,2,0,1,1,0,0,0,0,0,4.55653E+20,5.42733E+21,8.39372E+15,4.89973E+16
155030,8,3,36,69,2018,6,18,5,3,1,5,0,1,1,0,0,0,0,0,4.08588E+20,5.26764E+21,7.78495E+15,4.75558E+16
155031,8,4,16,36,2018,6,18,1,3,1,6,0,0,1,0,1,0,0,0,4.95202E+20,5.3686E+21,8.93508E+15,4.84705E+16
155032,8,1,35,19,2018,6,12,4,3,0,3,0,1,0,1,0,0,0,0,5.85542E+20,5.39113E+21,1.01618E+16,4.86673E+16
155033,8,4,15,60,2018,6,2,1,3,1,5,2,0,1,0,1,0,0,0,5.15581E+20,5.37843E+21,9.21117E+15,4.85587E+16
155034,8,3,37,96,2018,6,17,1,3,0,7,0,1,0,0,0,0,0,0,4.20625E+20,5.26695E+21,7.94505E+15,4.75512E+16
155035,8,1,16,33,2018,7,7,2,3,5,3,0,1,1,0,0,0,0,0,5.33401E+20,5.38759E+21,9.4534E+15,4.86405E+16
155036,8,3,35,96,2018,7,8,3,1,5,3,0,0,1,0,1,0,0,0,5.09931E+20,5.30263E+21,9.13282E+15,4.78769E+16
155037,8,1,16,47,2018,7,17,2,3,2,7,0,1,1,0,0,0,0,0,5.19705E+20,5.39264E+21,9.26773E+15,4.86865E+16
155038,8,4,21,0,2018,7,15,3,3,5,2,0,0,1,0,1,0,0,0,5.70641E+20,5.36112E+21,9.95438E+15,4.83993E+16
155039,8,4,21,0,2018,7,22,3,3,5,3,2,1,1,0,0,0,0,0,5.71861E+20,5.35622E+21,9.97002E+15,4.8355E+16
155040,8,1,16,77,2018,7,13,2,3,6,3,0,0,1,1,0,0,0,0,5.18265E+20,5.38855E+21,9.24798E+15,4.86497E+16
155041,8,1,16,19,2018,7,15,2,3,2,6,0,0,1,0,0,0,0,0,5.2213E+20,5.39846E+21,9.30099E+15,4.87388E+16
155042,8,4,16,36,2018,7,18,3,3,2,6,0,0,1,0,0,0,1,0,4.95338E+20,5.36974E+21,8.93692E+15,4.84808E+16
155043,8,1,16,19,2018,7,7,2,3,5,3,0,0,1,0,1,0,0,0,5.22993E+20,5.39975E+21,9.31281E+15,4.87504E+16
155044,8,1,16,78,2018,7,19,2,2,5,3,0,1,0,0,0,0,0,0,5.10599E+20,5.39442E+21,9.14405E+15,4.87027E+16
155045,8,4,16,25,2018,7,22,3,2,5,3,2,0,0,0,1,0,1,0,5.029E+20,5.3612E+21,9.03919E+15,4.84039E+16
155046,8,1,16,81,2018,7,7,2,3,5,3,0,0,1,0,1,0,0,0,5.19484E+20,5.38605E+21,9.26441E+15,4.86272E+16
155047,8,4,16,41,2018,7,12,3,3,3,6,0,0,0,0,1,0,1,0,5.04142E+20,5.37232E+21,9.05608E+15,4.8504E+16
155048,8,1,15,28,2018,7,7,2,3,2,6,0,1,1,0,0,0,0,0,5.00252E+20,5.40495E+21,9.00343E+15,4.87975E+16
155049,8,1,15,37,2018,7,13,2,3,6,6,0,1,0,1,0,0,0,0,4.91899E+20,5.38522E+21,8.89007E+15,4.862E+16
155050,8,4,15,14,2018,7,14,3,3,5,3,0,0,1,0,0,0,0,0,5.26995E+20,5.37309E+21,9.36551E+15,4.85104E+16
155051,8,1,15,3,2018,7,16,2,3,5,3,0,1,1,0,0,0,0,0,5.0082E+20,5.39264E+21,9.01114E+15,4.86868E+16
155052,8,1,11,0,2018,7,17,2,3,6,4,0,0,1,1,0,0,0,0,5.10803E+20,5.39719E+21,9.1469E+15,4.87276E+16
155053,8,3,37,96,2018,7,15,3,3,7,7,0,1,0,0,0,0,1,0,4.1933E+20,5.26797E+21,7.92764E+15,4.75602E+16
155054,8,1,11,0,2018,7,13,2,3,5,2,0,0,1,0,1,0,0,0,5.19663E+20,5.40119E+21,9.26756E+15,4.87634E+16
155055,8,1,11,0,2018,7,8,2,3,5,3,0,1,1,0,0,0,0,0,5.07564E+20,5.39738E+21,9.10286E+15,4.87294E+16
155056,8,3,35,75,2018,7,17,3,3,5,3,0,1,1,0,0,0,0,0,4.88845E+20,5.28781E+21,8.8512E+15,4.77436E+16
155057,8,1,11,0,2018,7,9,2,2,6,1,0,1,0,1,0,0,0,0,5.13816E+20,5.40424E+21,9.18811E+15,4.8791E+16
155058,8,3,35,66,2018,7,15,3,3,5,3,0,0,0,0,1,0,1,0,5.03673E+20,5.28264E+21,9.04896E+15,4.76971E+16
155059,8,4,25,20,2018,7,3,1,3,6,1,2,0,1,1,0,0,0,0,5.55124E+20,5.36305E+21,9.74502E+15,4.84182E+16
155060,8,4,35,16,2018,7,21,1,3,0,1,0,1,0,0,0,0,0,0,5.361E+20,5.27845E+21,9.48078E+15,4.76585E+16
155061,8,4,36,64,2018,7,9,3,2,0,7,0,0,0,0,1,0,0,1,5.45607E+20,5.29207E+21,9.60881E+15,4.77804E+16
155062,8,4,26,35,2018,7,19,1,3,4,2,0,1,1,0,0,0,0,0,5.38226E+20,5.331E+21,9.51374E+15,4.81311E+16
155063,8,4,25,33,2018,7,18,1,3,5,3,0,0,1,0,0,0,0,0,5.53391E+20,5.34826E+21,9.71972E+15,4.82853E+16
155064,8,4,17,51,2018,7,10,1,3,0,1,0,1,0,0,0,0,0,0,4.90141E+20,5.36189E+21,8.86677E+15,4.84101E+16
155065,8,3,25,45,2018,7,16,3,3,5,3,0,1,1,0,0,0,0,0,4.68664E+20,5.34932E+21,8.57749E+15,4.82963E+16
155066,8,4,15,50,2018,7,3,1,3,0,1,2,1,0,0,0,0,0,0,5.22339E+20,5.37472E+21,9.30256E+15,4.85252E+16
155067,8,3,37,96,2018,7,17,1,3,3,6,0,1,0,0,1,0,0,0,4.196E+20,5.26724E+21,7.93137E+15,4.75536E+16
155068,8,3,26,74,2018,7,19,3,2,5,3,0,1,1,0,0,0,0,1,4.62741E+20,5.32463E+21,8.49981E+15,4.80738E+16
155069,8,3,17,96,2018,7,17,3,3,5,3,0,1,1,0,0,0,0,0,4.21417E+20,5.37036E+21,7.9366E+15,4.84815E+16
155070,8,3,36,50,2018,7,16,1,3,1,6,0,1,1,0,0,0,0,0,3.99766E+20,5.27373E+21,7.66633E+15,4.76092E+16
155071,8,3,11,0,2018,7,14,3,3,5,3,0,1,0,0,0,0,0,0,4.13368E+20,5.31666E+21,7.8387E+15,4.79973E+16
155072,8,3,35,75,2018,7,19,1,3,6,2,0,0,1,1,0,0,0,0,4.87728E+20,5.28999E+21,8.83623E+15,4.77631E+16
155073,8,3,35,75,2018,7,18,1,3,5,3,0,1,1,0,0,0,0,0,4.87991E+20,5.29132E+21,8.83971E+15,4.77751E+16
155074,8,3,15,74,2018,7,20,3,3,0,1,0,1,1,0,0,0,0,0,3.97596E+20,5.29532E+21,7.63239E+15,4.78031E+16
155075,8,3,35,63,2018,7,16,1,3,2,6,0,1,0,0,0,0,0,0,4.96974E+20,5.28723E+21,8.95963E+15,4.77384E+16
155076,8,4,36,55,2018,7,11,1,2,2,1,0,1,0,0,0,0,0,0,5.78522E+20,5.29484E+21,1.00486E+16,4.78021E+16
155077,8,3,11,0,2018,7,10,3,3,1,7,0,0,1,0,1,0,0,1,4.09039E+20,5.31548E+21,7.78093E+15,4.79862E+16
155078,8,3,11,0,2018,7,16,3,3,3,2,0,1,0,0,0,0,0,0,4.11879E+20,5.31664E+21,7.81874E+15,4.7997E+16
155079,8,3,16,45,2018,7,23,1,2,0,7,2,1,0,0,0,0,1,0,4.14185E+20,5.32375E+21,7.84823E+15,4.80613E+16
155080,8,3,11,0,2018,7,7,3,2,1,5,0,1,1,0,0,0,0,0,4.17565E+20,5.31467E+21,7.89532E+15,4.79801E+16
155081,8,2,12,0,2018,7,14,3,2,5,2,0,0,1,0,1,0,0,0,4.52935E+20,5.43037E+21,8.35622E+15,4.90244E+16
155082,8,3,15,74,2018,7,22,1,3,5,3,2,0,1,0,0,0,0,0,3.95486E+20,5.29579E+21,7.60412E+15,4.78069E+16
155083,8,3,11,0,2018,7,15,1,3,4,1,0,1,1,0,0,0,0,0,4.13504E+20,5.31506E+21,7.84084E+15,4.7983E+16
155084,8,3,11,0,2018,7,11,1,2,5,2,0,1,1,0,0,0,0,0,4.14361E+20,5.31546E+21,7.85224E+15,4.79867E+16
155085,8,3,11,0,2018,7,18,1,3,5,3,0,1,1,0,0,0,0,0,4.13857E+20,5.31624E+21,7.84533E+15,4.79936E+16
155086,8,2,35,66,2018,7,12,3,2,5,3,0,0,1,0,0,1,0,0,4.63691E+20,5.38652E+21,8.50722E+15,4.86307E+16
155087,8,2,15,100,2018,7,9,1,2,0,7,0,1,0,0,0,0,0,0,4.74252E+20,5.44984E+21,8.64655E+15,4.92008E+16
155088,8,2,31,0,2018,7,14,3,3,1,7,0,0,0,0,0,1,1,0,4.74799E+20,5.41193E+21,8.65641E+15,4.88598E+16
155089,8,2,26,98,2018,7,8,1,3,0,7,0,1,0,0,0,0,0,0,4.76466E+20,5.4591E+21,8.6764E+15,4.92842E+16
155090,8,2,26,66,2018,7,12,1,3,6,7,0,0,1,1,0,0,0,0,4.95553E+20,5.46727E+21,8.93876E+15,4.93582E+16
155091,8,2,31,0,2018,7,17,3,3,2,6,0,0,1,0,1,0,0,0,4.75718E+20,5.41317E+21,8.66888E+15,4.8871E+16
155092,8,2,26,84,2018,7,19,1,3,5,3,0,0,1,0,0,0,0,0,4.68061E+20,5.47231E+21,8.55978E+15,4.94027E+16
155093,8,2,22,0,2018,7,10,1,3,0,1,0,1,0,0,0,0,0,0,4.67469E+20,5.48331E+21,8.55071E+15,4.95015E+16
155094,8,2,16,24,2018,7,3,1,3,0,7,2,1,0,0,0,0,0,0,4.45484E+20,5.40892E+21,8.25717E+15,4.88308E+16
155095,8,2,36,40,2018,7,18,3,3,4,6,0,1,1,0,0,0,0,0,4.9199E+20,5.41822E+21,8.89067E+15,4.89169E+16
155096,8,1,36,38,2018,7,19,1,3,0,1,0,1,0,0,0,0,0,0,5.94658E+20,5.41505E+21,1.02911E+16,4.88812E+16
155097,8,1,36,88,2018,7,20,1,3,0,1,0,1,0,0,0,0,0,0,5.8659E+20,5.40577E+21,1.01791E+16,4.87989E+16
155098,8,2,26,41,2018,7,8,3,2,4,2,0,1,1,0,0,0,0,0,4.77005E+20,5.46682E+21,8.68336E+15,4.93537E+16
155099,8,1,28,131,2018,7,13,1,3,0,6,0,1,1,0,0,0,0,0,5.37683E+20,5.51029E+21,9.52303E+15,4.97439E+16
155100,8,2,26,96,2018,7,8,3,3,8,5,0,1,0,0,0,0,1,0,4.75879E+20,5.4875E+21,8.6666E+15,4.95396E+16
155101,8,1,19,79,2018,7,12,1,2,4,6,0,1,0,0,0,0,0,0,5.23024E+20,5.40822E+21,9.31369E+15,4.88265E+16
155102,8,1,18,48,2018,7,10,1,3,0,7,0,1,0,0,0,0,0,0,5.12944E+20,5.41764E+21,9.17666E+15,4.89116E+16
155103,8,2,26,32,2018,7,12,3,3,2,6,0,0,1,0,0,0,0,0,4.67019E+20,5.46313E+21,8.54617E+15,4.932E+16
155104,8,1,17,7,2018,7,13,1,3,1,6,0,0,0,0,1,0,0,0,5.58632E+20,5.38328E+21,9.79526E+15,4.85998E+16
155105,8,1,15,3,2018,7,13,1,3,5,3,0,0,1,0,0,0,0,0,5.01846E+20,5.39226E+21,9.02508E+15,4.86834E+16
155106,8,2,25,74,2018,7,13,3,3,0,1,0,1,1,0,0,0,0,0,5.07048E+20,5.46658E+21,9.09705E+15,4.93519E+16
155107,8,2,22,0,2018,7,17,3,3,0,7,0,1,0,0,0,0,0,0,4.63698E+20,5.48084E+21,8.49885E+15,4.94791E+16
155108,8,1,15,3,2018,7,11,1,3,0,6,0,1,1,0,0,0,0,0,5.01274E+20,5.39246E+21,9.01731E+15,4.86852E+16
155109,8,2,22,0,2018,7,13,3,3,6,2,0,0,1,1,0,0,0,0,4.63275E+20,5.478E+21,8.49328E+15,4.94535E+16
155110,8,1,11,0,2018,7,20,1,3,3,6,0,1,1,0,0,0,0,0,5.10986E+20,5.40244E+21,9.14952E+15,4.87749E+16
155111,8,2,26,38,2018,7,8,3,3,5,3,0,0,1,0,1,0,0,0,4.7204E+20,5.48024E+21,8.61406E+15,4.94741E+16
155112,8,4,36,81,2018,6,17,7,3,0,3,0,0,1,0,1,0,0,0,5.61969E+20,5.28158E+21,9.82572E+15,4.76846E+16
155113,8,4,17,2,2018,6,16,7,3,5,3,0,0,1,0,0,0,0,0,4.88799E+20,5.34594E+21,8.84907E+15,4.82666E+16
155114,8,2,21,0,2018,7,16,3,3,6,4,0,1,0,1,0,0,0,0,4.76273E+20,5.47297E+21,8.67291E+15,4.9409E+16
155115,8,4,17,79,2018,6,16,7,3,2,6,0,0,1,0,0,0,0,0,5.0356E+20,5.33863E+21,9.04791E+15,4.82008E+16
155116,8,4,15,61,2018,6,13,7,3,4,6,0,1,0,0,0,0,0,0,5.15579E+20,5.37139E+21,9.21087E+15,4.84954E+16
155117,8,2,15,107,2018,7,19,3,2,8,6,0,1,1,0,0,0,0,0,4.62956E+20,5.45661E+21,8.49087E+15,4.92612E+16
155118,8,2,15,7,2018,7,14,3,3,2,1,0,0,1,0,0,0,0,0,4.79011E+20,5.43143E+21,8.71284E+15,4.90354E+16
155119,8,4,16,36,2018,6,14,7,3,6,7,0,0,1,1,0,0,0,0,4.97707E+20,5.37272E+21,8.96896E+15,4.85076E+16
155120,8,2,15,89,2018,7,16,3,2,0,1,0,1,0,0,0,0,0,0,4.69294E+20,5.43064E+21,8.57996E+15,4.90279E+16
155121,8,4,15,61,2018,6,18,7,3,0,1,0,1,0,0,0,0,0,0,5.156E+20,5.37004E+21,9.21111E+15,4.84833E+16
155122,8,4,15,14,2018,6,12,7,3,2,6,0,0,1,0,0,0,0,0,5.25702E+20,5.37495E+21,9.34812E+15,4.85272E+16
155123,8,2,12,0,2018,7,7,3,3,5,3,0,1,1,0,0,0,0,0,4.60554E+20,5.4298E+21,8.46048E+15,4.90198E+16
155124,8,2,11,0,2018,7,7,3,3,6,1,0,0,1,1,0,0,0,0,4.44638E+20,5.4014E+21,8.24665E+15,4.87632E+16
155125,8,3,36,91,2018,6,13,7,2,2,1,0,1,0,0,0,0,0,0,3.96813E+20,5.27152E+21,7.62757E+15,4.75889E+16
155126,8,3,35,43,2018,6,0,7,3,0,1,2,1,0,0,0,0,0,0,5.13865E+20,5.28003E+21,9.18471E+15,4.76735E+16
155127,8,1,15,28,2018,7,20,3,3,5,3,0,0,1,0,0,0,0,0,5.01143E+20,5.40378E+21,9.01555E+15,4.8787E+16
155128,8,3,35,43,2018,6,2,7,3,0,1,2,0,0,0,1,0,0,0,5.11384E+20,5.28762E+21,9.15186E+15,4.77418E+16
155129,8,3,27,49,2018,6,20,7,3,5,3,0,0,1,0,0,0,0,0,4.72442E+20,5.32442E+21,8.63005E+15,4.80724E+16
155130,8,1,36,88,2018,7,4,3,3,1,1,1,0,1,0,0,0,0,0,5.81098E+20,5.41352E+21,1.01059E+16,4.88693E+16
155131,8,1,35,19,2018,7,12,3,3,4,6,0,0,1,0,0,0,0,0,5.84155E+20,5.39147E+21,1.01431E+16,4.86706E+16
155132,8,3,26,10,2018,6,10,7,3,8,1,0,1,0,0,0,0,0,0,4.65367E+20,5.32669E+21,8.53489E+15,4.80925E+16
155133,8,3,17,65,2018,6,13,7,3,2,6,0,0,1,0,1,0,0,0,4.13944E+20,5.35347E+21,7.83897E+15,4.83285E+16
155134,8,1,28,115,2018,7,12,3,3,0,3,0,1,0,0,0,0,1,0,5.48793E+20,5.49677E+21,9.67554E+15,4.96215E+16
155135,8,3,16,9,2018,6,9,7,3,5,3,0,1,0,0,0,0,1,0,4.16019E+20,5.32442E+21,7.8727E+15,4.80675E+16
155136,8,3,16,37,2018,6,17,7,3,0,6,0,0,1,1,0,0,0,0,4.03526E+20,5.33289E+21,7.70314E+15,4.81419E+16
155137,8,1,19,20,2018,7,17,3,3,6,4,0,0,0,1,0,0,1,0,5.19888E+20,5.40747E+21,9.27093E+15,4.88199E+16
155138,8,3,16,17,2018,6,19,7,3,5,2,0,0,1,0,0,0,0,0,4.09314E+20,5.3412E+21,7.77915E+15,4.82176E+16
155139,8,3,15,74,2018,6,2,7,3,5,3,2,0,1,0,0,0,0,0,3.97052E+20,5.29639E+21,7.62487E+15,4.78126E+16
155140,8,1,18,73,2018,7,17,3,3,5,3,0,1,1,0,0,0,0,0,4.98243E+20,5.42195E+21,8.976E+15,4.89505E+16