OBJECTID_1,ULAND,UREGBEZ,UKREIS,UGEMEINDE,UJAHR,UMONAT,USTUNDE,UWOCHENTAG,UKATEGORIE,UART,UTYP1,ULICHTVERH,IstRad,IstPKW,IstFuss,IstKrad,IstGkfz,IstSonstig,STRZUSTAND,LINREFX,LINREFY,XGCSWGS84,YGCSWGS84
155141,8,1,18,48,2018,7,22,3,3,5,3,2,0,1,0,1,0,0,0,5.12252E+20,5.41695E+21,9.16719E+15,4.89053E+16
155142,8,2,12,0,2018,6,12,7,3,5,3,0,1,1,0,0,0,0,0,4.56276E+20,5.42594E+21,8.40239E+15,4.89848E+16
155143,8,2,37,4,2018,6,12,7,3,4,6,0,0,1,0,0,0,1,0,4.49543E+20,5.37456E+21,8.31666E+15,4.85221E+16
155144,8,1,18,11,2018,7,17,3,3,5,3,0,1,1,0,0,0,0,0,5.05263E+20,5.40801E+21,9.07171E+15,4.88251E+16
155145,8,2,37,28,2018,6,22,7,2,1,5,2,1,1,0,0,0,0,0,4.60967E+20,5.36659E+21,8.47212E+15,4.84513E+16
155146,8,2,36,68,2018,6,19,7,2,5,3,0,1,1,0,0,0,0,0,4.8675E+20,5.4133E+21,8.8193E+15,4.88726E+16
155147,8,1,16,49,2018,7,15,3,3,2,6,0,1,0,0,0,0,0,0,5.24655E+20,5.38729E+21,9.33466E+15,4.86382E+16
155148,8,2,26,106,2018,6,18,7,3,0,1,0,1,0,0,0,0,0,0,5.00381E+20,5.46166E+21,9.00525E+15,4.93077E+16
155149,8,1,15,28,2018,7,16,3,3,6,4,0,0,1,1,0,0,0,0,5.00732E+20,5.40487E+21,9.00996E+15,4.87968E+16
155150,8,2,22,0,2018,6,13,7,3,6,7,0,0,1,1,0,0,0,0,4.63487E+20,5.47765E+21,8.49624E+15,4.94504E+16
155151,8,2,22,0,2018,6,10,7,3,8,1,0,1,0,0,0,0,1,0,4.61373E+20,5.48189E+21,8.46666E+15,4.94884E+16
155152,8,1,15,3,2018,7,11,3,3,1,6,0,0,1,0,0,0,0,0,4.99031E+20,5.39267E+21,8.98684E+15,4.86871E+16
155153,8,2,26,36,2018,6,13,7,3,1,5,0,0,1,0,0,0,1,0,4.68432E+20,5.48017E+21,8.56426E+15,4.94733E+16
155154,8,1,11,0,2018,7,17,3,3,5,3,0,1,1,0,0,0,0,0,5.13926E+20,5.40564E+21,9.18965E+15,4.88036E+16
155155,8,2,15,9,2018,6,16,7,3,8,1,0,0,0,0,1,0,0,0,4.69559E+20,5.43842E+21,8.583E+15,4.90979E+16
155156,8,2,12,0,2018,6,18,7,3,6,7,0,1,0,1,0,0,0,0,4.52534E+20,5.42744E+21,8.35107E+15,4.89981E+16
155157,8,1,11,0,2018,7,20,3,2,6,4,0,0,1,1,0,0,0,0,5.15434E+20,5.40367E+21,9.21011E+15,4.87859E+16
155158,8,2,12,0,2018,6,23,7,3,0,1,2,1,0,0,0,0,0,0,4.57438E+20,5.42869E+21,8.41799E+15,4.90097E+16
155159,8,2,12,0,2018,6,17,7,3,5,3,0,1,0,0,0,0,0,0,4.61338E+20,5.42772E+21,8.4714E+15,4.90012E+16
155160,8,1,11,0,2018,7,14,3,2,0,7,0,1,0,0,0,0,0,0,5.17768E+20,5.40734E+21,9.24204E+15,4.88187E+16
155161,8,3,17,57,2018,6,18,7,3,6,7,0,0,1,1,0,0,0,0,4.12304E+20,5.38088E+21,7.8111E+15,4.85749E+16
155162,8,4,36,9,2018,7,7,2,3,4,6,0,1,1,0,0,0,0,0,5.56373E+20,5.30821E+21,9.75462E+15,4.79247E+16
155163,8,1,36,88,2018,6,12,7,2,5,3,0,0,1,0,1,0,0,0,5.79435E+20,5.40904E+21,1.00823E+16,4.88293E+16
155164,8,1,28,131,2018,6,15,7,2,0,1,0,1,0,0,0,0,0,0,5.37834E+20,5.51208E+21,9.5253E+15,4.976E+16
155165,8,4,37,44,2018,7,17,2,3,5,3,0,0,1,0,0,0,0,0,5.29741E+20,5.32475E+21,9.39928E+15,4.80754E+16
155166,8,1,21,0,2018,6,18,7,2,0,7,0,1,0,0,0,0,0,0,5.16329E+20,5.44144E+21,9.22381E+15,4.91256E+16
155167,8,1,19,8,2018,6,9,7,2,4,2,0,1,1,0,0,0,0,0,5.32814E+20,5.42172E+21,9.44816E+15,4.89476E+16
155168,8,4,36,64,2018,7,1,2,3,1,5,2,0,1,0,1,0,0,0,5.4621E+20,5.29316E+21,9.61697E+15,4.77902E+16
155169,8,4,36,64,2018,7,7,2,3,2,2,0,0,1,0,0,1,0,0,5.45584E+20,5.29321E+21,9.60863E+15,4.77907E+16
155170,8,1,18,48,2018,6,18,7,3,5,3,0,0,1,0,0,0,0,0,5.15027E+20,5.41525E+21,9.205E+15,4.889E+16
155171,8,1,16,11,2018,6,10,7,3,4,6,0,1,1,0,0,0,0,0,5.30001E+20,5.37955E+21,9.40667E+15,4.85683E+16
155172,8,4,35,16,2018,7,18,2,3,3,6,0,1,1,0,0,0,0,0,5.36014E+20,5.27917E+21,9.47969E+15,4.76649E+16
155173,8,4,21,0,2018,7,18,2,3,3,6,0,1,1,0,0,0,0,0,5.71624E+20,5.36023E+21,9.96751E+15,4.83912E+16
155174,8,1,16,19,2018,6,18,7,3,6,7,0,0,1,1,0,0,0,0,5.25308E+20,5.39744E+21,9.34415E+15,4.87294E+16
155175,8,4,16,41,2018,7,13,2,3,0,7,0,1,0,0,0,0,0,0,5.03423E+20,5.37659E+21,9.04638E+15,4.85424E+16
155176,8,1,15,45,2018,6,11,7,2,4,6,0,0,1,0,0,0,0,0,4.99638E+20,5.39636E+21,8.99507E+15,4.87202E+16
155177,8,1,11,0,2018,6,23,7,3,5,3,2,0,1,0,0,0,0,0,5.07688E+20,5.39776E+21,9.10456E+15,4.87328E+16
155178,8,4,15,50,2018,7,17,2,3,5,3,0,1,1,0,0,0,0,0,5.20295E+20,5.37727E+21,9.275E+15,4.85482E+16
155179,8,1,11,0,2018,6,13,7,3,5,2,0,1,1,0,0,0,0,0,5.16174E+20,5.40037E+21,9.22005E+15,4.87562E+16
155180,8,1,11,0,2018,6,21,7,3,5,3,1,1,0,0,1,0,0,0,5.11724E+20,5.40606E+21,9.15968E+15,4.88074E+16
155181,8,4,15,61,2018,7,16,2,3,6,4,0,1,0,1,0,0,0,0,5.15748E+20,5.37158E+21,9.21317E+15,4.84971E+16
155182,8,4,15,88,2018,7,18,2,2,8,1,0,1,0,0,0,0,0,0,5.41656E+20,5.37357E+21,9.56405E+15,4.85138E+16
155183,8,1,11,0,2018,6,13,7,3,6,4,0,0,1,1,0,0,0,0,5.11765E+20,5.40375E+21,9.16017E+15,4.87866E+16
155184,8,4,36,49,2018,6,16,6,3,5,3,0,1,0,0,1,0,0,0,5.78887E+20,5.28224E+21,1.00512E+16,4.76887E+16
155185,8,3,37,126,2018,7,10,2,3,0,7,0,0,0,0,1,0,0,0,4.43254E+20,5.27395E+21,8.24486E+15,4.76165E+16
155186,8,4,37,88,2018,6,12,6,3,2,6,0,0,1,0,1,0,0,0,5.19403E+20,5.30744E+21,9.2597E+15,4.792E+16
155187,8,3,35,75,2018,7,22,2,2,1,1,2,0,1,0,1,0,0,0,4.88219E+20,5.29099E+21,8.84276E+15,4.77722E+16
155188,8,1,36,65,2018,6,22,6,3,5,3,1,0,1,0,0,0,0,0,5.5844E+20,5.40509E+21,9.79575E+15,4.87961E+16
155189,8,4,36,81,2018,6,7,6,3,0,1,0,1,0,0,0,0,0,0,5.62403E+20,5.28186E+21,9.83154E+15,4.76871E+16
155190,8,3,35,25,2018,7,18,2,2,9,1,0,0,0,0,1,0,0,0,4.98565E+20,5.28295E+21,8.98087E+15,4.76999E+16
155191,8,4,26,13,2018,6,18,6,3,5,3,0,1,0,0,0,0,0,0,5.45667E+20,5.32388E+21,9.61298E+15,4.80665E+16
155192,8,3,17,96,2018,7,7,2,3,5,7,0,0,1,0,0,1,0,0,4.23444E+20,5.36848E+21,7.96437E+15,4.84648E+16
155193,8,3,17,65,2018,7,8,2,3,5,2,0,0,1,0,1,0,0,0,4.14294E+20,5.35504E+21,7.84337E+15,4.83427E+16
155194,8,4,25,139,2018,6,16,6,3,0,1,0,1,0,0,0,0,0,0,5.48901E+20,5.36576E+21,9.66123E+15,4.84431E+16
155195,8,4,15,50,2018,6,16,6,3,5,3,0,0,1,0,1,0,0,0,5.20324E+20,5.37684E+21,9.27536E+15,4.85444E+16
155196,8,3,16,9,2018,7,20,2,3,5,3,0,0,1,0,1,0,0,0,4.18153E+20,5.32504E+21,7.90122E+15,4.80734E+16
155197,8,3,36,81,2018,6,18,6,3,0,7,0,1,0,0,0,0,0,0,4.11773E+20,5.27829E+21,7.82513E+15,4.7652E+16
155198,8,3,36,50,2018,6,9,6,3,2,6,0,0,1,0,0,0,0,0,4.00444E+20,5.27524E+21,7.675E+15,4.76229E+16
155199,8,3,16,20,2018,7,16,2,2,5,3,0,1,1,0,0,0,0,0,4.08255E+20,5.33618E+21,7.76598E+15,4.81722E+16
155200,8,3,35,63,2018,6,14,6,3,0,1,0,1,0,0,0,0,0,0,4.97673E+20,5.28701E+21,8.96897E+15,4.77364E+16
155201,8,3,35,43,2018,6,22,6,3,0,6,2,1,0,0,0,0,0,0,5.14175E+20,5.28006E+21,9.18884E+15,4.76738E+16
155202,8,3,15,50,2018,7,11,2,3,3,6,0,0,1,0,1,0,0,0,3.99494E+20,5.30327E+21,7.65589E+15,4.78749E+16
155203,8,3,25,53,2018,6,19,6,3,5,3,0,1,1,0,0,0,0,0,4.51573E+20,5.33767E+21,8.3484E+15,4.81904E+16
155204,8,3,15,6,2018,7,7,2,3,5,3,0,1,1,0,0,0,0,0,4.03116E+20,5.30687E+21,7.70351E+15,4.79079E+16
155205,8,3,17,96,2018,6,17,6,3,0,7,0,1,0,0,0,0,0,0,4.22835E+20,5.36876E+21,7.95609E+15,4.84673E+16
155206,8,3,17,5,2018,6,20,6,3,2,6,0,0,1,0,0,0,0,0,4.22921E+20,5.37604E+21,7.9559E+15,4.85327E+16
155207,8,3,36,81,2018,7,13,2,3,5,3,0,1,1,0,0,0,0,0,4.111E+20,5.27756E+21,7.81632E+15,4.76454E+16
155208,8,3,15,74,2018,6,8,6,3,5,3,0,1,1,0,0,0,0,0,3.97414E+20,5.29554E+21,7.62992E+15,4.7805E+16
155209,8,3,11,0,2018,6,5,6,3,5,3,1,1,1,0,0,0,0,0,4.14484E+20,5.31527E+21,7.85393E+15,4.7985E+16
155210,8,3,36,50,2018,7,11,2,3,5,3,0,1,1,0,0,0,0,0,3.99802E+20,5.27466E+21,7.6666E+15,4.76176E+16
155211,8,3,36,91,2018,6,13,6,2,3,6,0,1,1,0,0,0,0,0,3.96608E+20,5.27204E+21,7.62472E+15,4.75936E+16
155212,8,3,11,0,2018,7,18,2,3,0,7,0,1,1,0,0,0,0,0,4.14471E+20,5.31672E+21,7.85346E+15,4.79981E+16
155213,8,3,11,0,2018,6,18,6,2,0,7,0,1,1,0,0,0,0,0,4.15953E+20,5.31536E+21,7.87359E+15,4.7986E+16
155214,8,2,31,0,2018,6,6,6,3,4,6,0,0,1,0,0,0,0,0,4.81531E+20,5.41278E+21,8.74816E+15,4.88677E+16
155215,8,3,11,0,2018,7,12,2,3,6,7,0,1,0,1,0,0,0,0,4.13922E+20,5.31648E+21,7.84615E+15,4.79958E+16
155216,8,2,12,0,2018,6,12,6,3,6,7,0,0,0,1,1,0,0,0,4.55162E+20,5.43108E+21,8.38659E+15,4.9031E+16
155217,8,2,31,0,2018,6,12,6,3,6,7,0,0,1,1,0,0,0,0,4.77023E+20,5.41569E+21,8.68652E+15,4.88937E+16
155218,8,3,36,91,2018,7,10,2,3,5,3,0,0,1,0,1,0,0,0,3.95854E+20,5.27218E+21,7.61466E+15,4.75947E+16
155219,8,2,31,0,2018,6,14,6,3,0,1,0,0,0,0,1,0,0,1,4.76622E+20,5.41463E+21,8.68112E+15,4.88842E+16
155220,8,2,36,50,2018,6,12,6,2,0,3,0,0,1,0,1,0,0,0,4.86809E+20,5.4234E+21,8.81979E+15,4.89634E+16
155221,8,2,12,0,2018,7,9,2,2,5,2,0,1,0,0,0,0,0,0,4.55097E+20,5.42928E+21,8.38591E+15,4.90148E+16
155222,8,2,12,0,2018,7,14,2,3,5,2,0,1,1,0,0,0,0,0,4.54988E+20,5.42905E+21,8.38444E+15,4.90127E+16
155223,8,2,26,95,2018,6,16,6,3,5,3,0,1,1,0,0,0,0,0,4.74031E+20,5.4607E+21,8.64282E+15,4.92985E+16
155224,8,2,12,0,2018,7,13,2,3,2,6,0,1,1,0,0,0,0,0,4.53051E+20,5.429E+21,8.35796E+15,4.90121E+16
155225,8,2,26,96,2018,6,9,6,3,6,4,0,0,1,1,0,0,0,0,4.74947E+20,5.48788E+21,8.65369E+15,4.9543E+16
155226,8,2,26,85,2018,6,23,6,3,0,1,2,0,1,0,0,0,0,0,4.89634E+20,5.44893E+21,8.85773E+15,4.91931E+16
155227,8,2,12,0,2018,7,10,2,3,5,3,0,0,1,0,1,0,0,0,4.55158E+20,5.43273E+21,8.38636E+15,4.90458E+16
155228,8,2,22,0,2018,6,16,6,3,5,2,0,1,1,0,0,0,0,0,4.61632E+20,5.48461E+21,8.46997E+15,4.95129E+16
155229,8,2,12,0,2018,7,6,2,3,5,3,0,1,1,0,0,0,0,0,4.58694E+20,5.42824E+21,8.43519E+15,4.90057E+16
155230,8,2,37,28,2018,7,8,2,3,4,7,0,0,1,0,1,0,0,0,4.61156E+20,5.36685E+21,8.47465E+15,4.84536E+16
155231,8,2,22,0,2018,6,5,6,3,0,6,0,1,0,0,0,0,0,0,4.64824E+20,5.47648E+21,8.51478E+15,4.94399E+16
155232,8,2,22,0,2018,6,10,6,3,5,3,0,1,1,0,0,0,0,0,4.62212E+20,5.47876E+21,8.47854E+15,4.94603E+16
155233,8,2,31,0,2018,7,12,2,3,3,6,0,0,1,0,0,0,0,0,4.76108E+20,5.41495E+21,8.67409E+15,4.8887E+16
155234,8,2,36,73,2018,7,16,2,3,4,6,0,1,1,0,0,0,0,0,4.78541E+20,5.42315E+21,8.70684E+15,4.89609E+16
155235,8,2,22,0,2018,6,8,6,3,9,1,0,0,0,0,1,0,0,0,4.64872E+20,5.47898E+21,8.51523E+15,4.94625E+16
155236,8,2,22,0,2018,6,17,6,3,0,3,0,1,0,0,1,0,0,0,4.61617E+20,5.48366E+21,8.46985E+15,4.95044E+16
155237,8,2,22,0,2018,7,13,2,3,5,3,0,1,1,0,0,0,0,0,4.62449E+20,5.48713E+21,8.48101E+15,4.95356E+16
155238,8,2,21,0,2018,6,12,6,3,0,1,0,1,0,0,0,0,0,0,4.76691E+20,5.47458E+21,8.67859E+15,4.94234E+16
155239,8,2,26,18,2018,6,8,6,3,6,2,0,1,0,1,0,0,0,0,4.73504E+20,5.47242E+21,8.63479E+15,4.94039E+16
155240,8,2,22,0,2018,7,9,2,3,1,6,0,0,1,0,0,0,1,0,4.61888E+20,5.48112E+21,8.47385E+15,4.94815E+16
155241,8,2,15,9,2018,6,7,6,3,0,3,0,0,1,0,1,0,0,0,4.70306E+20,5.44293E+21,8.5929E+15,4.91385E+16
155242,8,2,22,0,2018,7,6,2,3,0,7,0,1,0,0,0,0,0,0,4.6196E+20,5.4851E+21,8.47446E+15,4.95173E+16
155243,8,2,15,7,2018,6,6,6,3,0,1,0,1,0,0,0,0,0,0,4.77834E+20,5.43153E+21,8.69673E+15,4.90363E+16
155244,8,2,12,0,2018,6,13,6,3,0,7,0,1,0,0,0,0,0,0,4.55193E+20,5.42849E+21,8.38731E+15,4.90076E+16
155245,8,2,26,9,2018,7,11,2,3,5,6,0,1,1,0,0,0,0,0,4.66067E+20,5.47184E+21,8.53232E+15,4.93983E+16
155246,8,2,11,0,2018,6,8,6,2,0,7,0,1,0,0,0,0,0,0,4.39912E+20,5.40365E+21,8.18203E+15,4.87829E+16
155247,8,2,16,7,2018,6,6,6,3,5,3,0,1,1,0,0,0,0,0,4.34329E+20,5.39465E+21,8.10747E+15,4.87014E+16
155248,8,2,21,0,2018,7,9,2,3,4,2,0,1,1,0,0,0,0,0,4.77373E+20,5.4675E+21,8.68839E+15,4.93598E+16
155249,8,2,16,24,2018,6,20,6,3,5,3,1,1,1,0,0,0,0,0,4.44916E+20,5.40878E+21,8.24945E+15,4.88295E+16
155250,8,1,28,115,2018,6,6,6,3,0,3,0,1,1,0,0,0,0,0,5.47462E+20,5.49646E+21,9.65708E+15,4.96188E+16
155251,8,2,21,0,2018,7,12,2,3,3,3,0,1,1,0,0,0,0,0,4.73926E+20,5.47272E+21,8.64058E+15,4.94066E+16
155252,8,1,25,65,2018,6,7,6,3,5,3,0,1,1,0,0,0,0,0,5.16142E+20,5.44675E+21,9.22147E+15,4.91734E+16
155253,8,2,21,0,2018,7,14,2,2,6,4,0,0,0,1,0,0,1,0,4.77487E+20,5.47272E+21,8.68967E+15,4.94067E+16
155254,8,1,25,65,2018,6,13,6,3,2,6,0,0,1,0,0,0,0,0,5.16929E+20,5.4486E+21,9.23234E+15,4.919E+16
155255,8,1,25,56,2018,6,19,6,3,6,4,0,0,1,1,0,0,0,0,5.10791E+20,5.43592E+21,9.14775E+15,4.9076E+16
155256,8,2,15,66,2018,7,18,2,2,1,5,0,1,0,0,0,1,0,0,4.60917E+20,5.45254E+21,8.46324E+15,4.92244E+16
155257,8,1,21,0,2018,6,17,6,3,4,2,0,1,1,0,0,0,0,0,5.14058E+20,5.44806E+21,9.19292E+15,4.91852E+16
155258,8,1,21,0,2018,6,8,6,3,4,3,0,1,1,0,0,0,0,1,5.16432E+20,5.44276E+21,9.22527E+15,4.91374E+16
155259,8,2,15,110,2018,7,23,2,3,0,1,2,1,0,0,0,0,0,0,4.59784E+20,5.41979E+21,8.45094E+15,4.89297E+16
155260,8,2,15,17,2018,7,20,2,2,0,7,0,0,0,0,1,0,0,0,4.55413E+20,5.42046E+21,8.39119E+15,4.89354E+16
155261,8,1,21,0,2018,6,14,6,3,2,6,0,0,1,0,0,0,0,0,5.14828E+20,5.44314E+21,9.2033E+15,4.91409E+16
155262,8,1,21,0,2018,6,15,6,3,2,6,0,0,1,0,1,0,0,0,5.15371E+20,5.44061E+21,9.21065E+15,4.91181E+16
155263,8,2,12,0,2018,7,15,2,3,5,3,0,1,1,0,0,0,0,0,4.58686E+20,5.42823E+21,8.4351E+15,4.90055E+16
155264,8,1,19,79,2018,6,10,6,3,5,2,0,0,1,0,1,0,0,0,5.22809E+20,5.40866E+21,9.31079E+15,4.88305E+16
155265,8,2,11,0,2018,7,17,2,3,0,6,0,0,1,0,1,0,0,0,4.40481E+20,5.40705E+21,8.18928E+15,4.88136E+16
155266,8,1,18,70,2018,6,0,6,3,0,7,2,1,0,0,0,0,0,0,5.20307E+20,5.42375E+21,9.27745E+15,4.89663E+16
155267,8,1,15,45,2018,6,15,6,2,1,5,0,0,1,0,1,0,0,0,5.00302E+20,5.39496E+21,9.0041E+15,4.87076E+16
155268,8,2,16,49,2018,7,7,2,2,3,6,0,1,0,0,0,0,0,0,4.3878E+20,5.40135E+21,8.16696E+15,4.87621E+16
155269,8,1,16,20,2018,6,18,6,3,0,7,0,1,0,0,0,0,0,0,5.27063E+20,5.38084E+21,9.36693E+15,4.858E+16
155270,8,1,16,77,2018,6,13,6,3,2,6,0,0,1,0,0,0,0,0,5.14498E+20,5.39167E+21,9.19696E+15,4.86779E+16
155271,8,1,15,41,2018,7,17,2,2,0,3,0,1,0,0,0,0,0,0,4.94804E+20,5.40235E+21,8.92928E+15,4.87741E+16
155272,8,1,35,31,2018,7,11,2,3,6,1,0,0,0,1,0,0,1,0,5.93988E+20,5.38079E+21,1.02742E+16,4.85731E+16
155273,8,1,16,77,2018,6,13,6,3,5,3,0,0,1,0,1,0,0,0,5.15067E+20,5.39158E+21,9.20468E+15,4.86771E+16
155274,8,1,35,19,2018,7,16,2,2,1,7,0,1,1,0,0,0,0,0,5.85476E+20,5.39203E+21,1.01611E+16,4.86754E+16
155275,8,1,16,33,2018,6,19,6,3,5,3,0,0,1,0,1,0,0,0,5.32797E+20,5.38818E+21,9.44525E+15,4.86458E+16
155276,8,1,21,0,2018,7,14,2,3,6,4,0,0,1,1,0,0,0,0,5.1393E+20,5.44223E+21,9.19097E+15,4.91328E+16
155277,8,1,15,3,2018,6,14,6,3,2,6,0,0,1,0,0,0,0,0,4.98225E+20,5.3918E+21,8.97589E+15,4.86792E+16
155278,8,1,21,0,2018,7,17,2,3,5,3,0,1,1,0,0,0,0,0,5.12829E+20,5.44503E+21,9.17596E+15,4.9158E+16
155279,8,1,11,0,2018,6,0,6,3,5,2,2,0,1,0,0,0,1,1,5.14675E+20,5.40433E+21,9.1998E+15,4.87918E+16
155280,8,1,11,0,2018,6,13,6,3,1,7,0,0,1,0,0,0,0,0,5.12414E+20,5.40721E+21,9.16911E+15,4.88178E+16
155281,8,1,21,0,2018,7,16,2,3,9,7,0,0,1,0,0,0,0,0,5.14823E+20,5.44469E+21,9.20329E+15,4.91548E+16
155282,8,1,11,0,2018,6,8,6,3,5,3,0,0,1,0,0,0,0,0,5.18259E+20,5.40179E+21,9.24849E+15,4.87688E+16
155283,8,1,11,0,2018,6,20,6,3,0,1,0,1,0,0,0,0,0,0,5.11162E+20,5.39976E+21,9.15185E+15,4.87507E+16
155284,8,1,19,90,2018,7,17,2,3,6,4,0,0,1,1,0,0,0,0,5.32335E+20,5.40623E+21,9.44039E+15,4.88082E+16
155285,8,1,18,79,2018,7,9,2,3,4,6,0,1,1,0,0,0,0,0,5.09446E+20,5.42289E+21,9.12904E+15,4.89588E+16
155286,8,3,35,97,2018,6,17,5,3,6,3,0,0,1,1,0,0,0,0,4.8578E+20,5.29527E+21,8.81006E+15,4.78106E+16
155287,8,1,16,35,2018,7,17,2,3,5,3,0,0,1,0,0,0,0,0,5.2753E+20,5.39245E+21,9.37403E+15,4.86845E+16
155288,8,4,36,64,2018,6,20,5,3,5,3,1,1,1,0,0,0,0,1,5.46185E+20,5.29314E+21,9.61664E+15,4.779E+16
155289,8,4,25,33,2018,7,12,5,3,4,2,0,0,1,0,1,0,0,1,5.54266E+20,5.34679E+21,9.73133E+15,4.8272E+16
155290,8,4,36,94,2018,7,15,5,3,0,7,0,0,0,0,0,0,1,0,5.71225E+20,5.28059E+21,9.94887E+15,4.76748E+16
155291,8,4,25,33,2018,7,8,5,2,5,3,0,0,1,0,0,0,0,0,5.54777E+20,5.34224E+21,9.73763E+15,4.8231E+16
155292,8,4,17,75,2018,7,14,5,3,5,3,0,0,1,0,0,1,0,1,5.0849E+20,5.33612E+21,9.11421E+15,4.81783E+16
155293,8,4,16,41,2018,7,12,5,2,5,3,0,1,1,0,0,0,0,1,5.04048E+20,5.37265E+21,9.05481E+15,4.8507E+16
155294,8,1,19,79,2018,7,11,6,2,4,6,0,1,0,0,0,0,1,0,5.249E+20,5.40751E+21,9.33921E+15,4.88201E+16
155295,8,4,15,61,2018,7,16,5,3,2,6,0,0,1,0,0,0,0,1,5.11889E+20,5.37102E+21,9.16092E+15,4.84922E+16
155296,8,3,36,69,2018,7,12,5,3,2,6,0,0,1,0,0,0,0,1,4.05164E+20,5.26697E+21,7.73959E+15,4.75492E+16
155297,8,4,35,16,2018,7,12,5,3,0,7,0,1,0,0,0,0,0,0,5.37849E+20,5.27697E+21,9.50395E+15,4.7645E+16
155298,8,3,36,50,2018,7,16,5,3,4,2,0,0,1,0,1,0,0,0,4.00206E+20,5.27378E+21,7.67217E+15,4.76097E+16
155299,8,3,35,79,2018,7,13,5,3,0,6,0,1,1,0,0,0,0,1,5.00909E+20,5.29972E+21,9.01215E+15,4.78508E+16
155300,8,1,17,14,2018,7,9,6,3,5,3,0,0,1,0,1,0,0,1,5.53536E+20,5.38321E+21,9.72614E+15,4.85997E+16
155301,8,3,27,7,2018,7,16,5,3,5,3,0,0,1,0,0,0,0,0,4.87206E+20,5.32935E+21,8.8281E+15,4.81173E+16
155302,8,3,26,74,2018,7,20,5,3,4,2,0,1,1,0,0,0,0,0,4.59178E+20,5.32006E+21,8.45241E+15,4.80325E+16
155303,8,3,26,12,2018,7,10,5,3,5,3,0,1,1,0,0,0,0,0,4.62698E+20,5.31092E+21,8.50042E+15,4.79505E+16
155304,8,1,11,0,2018,7,23,6,2,5,3,2,0,1,0,0,0,0,0,5.1282E+20,5.40252E+21,9.1745E+15,4.87756E+16
155305,8,3,17,96,2018,7,17,5,3,2,2,0,0,1,0,1,0,0,1,4.2193E+20,5.36941E+21,7.94372E+15,4.8473E+16
155306,8,1,15,45,2018,7,14,6,3,5,3,0,1,0,0,0,0,1,0,4.99892E+20,5.39551E+21,8.99853E+15,4.87126E+16
155307,8,3,17,96,2018,7,6,5,3,8,1,0,0,0,0,1,0,0,0,4.23544E+20,5.36902E+21,7.96562E+15,4.84696E+16
155308,8,3,17,89,2018,7,15,5,3,5,3,0,0,1,0,0,0,0,1,4.29557E+20,5.3753E+21,8.04591E+15,4.85268E+16
155309,8,3,17,1,2018,7,11,5,3,0,3,0,0,1,0,1,0,0,0,4.32218E+20,5.38645E+21,8.08012E+15,4.86275E+16
155310,8,3,16,11,2018,7,14,5,3,0,1,0,1,0,0,0,0,0,1,4.12824E+20,5.33097E+21,7.82848E+15,4.8126E+16
155311,8,4,25,20,2018,7,6,5,3,0,1,0,1,0,0,0,0,0,0,5.5864E+20,5.36133E+21,9.7923E+15,4.84024E+16
155312,8,3,15,50,2018,7,9,5,3,1,6,0,0,1,0,0,0,1,1,3.99423E+20,5.30332E+21,7.65492E+15,4.78753E+16
155313,8,3,11,0,2018,7,18,5,2,5,3,0,1,1,0,0,0,0,0,4.09902E+20,5.31662E+21,7.79225E+15,4.79966E+16
155314,8,3,11,0,2018,7,16,5,3,4,2,0,1,1,0,0,0,0,0,4.14523E+20,5.31564E+21,7.85437E+15,4.79883E+16
155315,8,3,11,0,2018,7,17,5,2,0,1,0,1,0,0,0,0,0,1,4.15167E+20,5.31852E+21,7.86244E+15,4.80143E+16
155316,8,2,15,7,2018,7,11,5,3,5,3,0,0,1,0,1,0,0,1,4.7862E+20,5.43555E+21,8.70727E+15,4.90724E+16
155317,8,4,36,64,2018,7,7,5,3,0,1,1,1,0,0,0,0,0,1,5.45804E+20,5.29283E+21,9.61153E+15,4.77872E+16
155318,8,2,15,66,2018,7,7,5,3,2,6,0,1,1,0,0,0,0,0,4.60869E+20,5.45393E+21,8.46245E+15,4.92369E+16
155319,8,2,12,0,2018,7,16,5,3,6,4,0,0,0,1,0,0,1,0,4.52477E+20,5.4317E+21,8.3498E+15,4.90364E+16
155320,8,2,26,63,2018,7,3,1,3,0,7,2,0,1,0,0,0,0,0,4.70833E+20,5.47148E+21,8.59805E+15,4.93953E+16
155321,8,1,18,46,2018,7,14,6,3,8,1,0,0,1,0,0,0,0,1,5.1501E+20,5.41159E+21,9.20463E+15,4.88571E+16
155322,8,2,22,0,2018,7,14,1,3,1,7,0,0,1,0,0,0,1,0,4.61197E+20,5.4819E+21,8.46422E+15,4.94885E+16
155323,8,2,21,0,2018,7,11,1,3,0,7,0,1,0,0,0,0,0,0,4.73384E+20,5.47615E+21,8.63288E+15,4.94374E+16
155324,8,2,35,85,2018,7,11,5,3,9,1,0,0,1,0,0,0,0,1,4.7926E+20,5.39566E+21,8.71806E+15,4.87136E+16
155325,8,2,15,29,2018,7,10,1,3,5,3,0,1,1,0,0,0,0,0,4.66835E+20,5.44842E+21,8.54486E+15,4.91877E+16
155326,8,1,26,66,2018,7,7,6,3,5,3,0,0,1,0,0,0,0,1,5.35966E+20,5.44981E+21,9.49371E+15,4.92E+16
155327,8,2,15,108,2018,7,17,1,3,5,3,0,1,1,0,0,0,0,0,4.50047E+20,5.42529E+21,8.31733E+15,4.89785E+16