OBJECTID_1,ULAND,UREGBEZ,UKREIS,UGEMEINDE,UJAHR,UMONAT,USTUNDE,UWOCHENTAG,UKATEGORIE,UART,UTYP1,ULICHTVERH,IstRad,IstPKW,IstFuss,IstKrad,IstGkfz,IstSonstig,STRZUSTAND,LINREFX,LINREFY,XGCSWGS84,YGCSWGS84
155328,8,2,36,71,2018,7,13,5,3,0,3,0,0,1,0,1,0,0,1,4.69563E+20,5.4226E+21,8.58424E+15,4.89556E+16
155329,8,4,21,0,2018,7,18,5,3,2,6,0,0,1,0,0,0,0,0,5.71406E+20,5.36109E+21,9.96471E+15,4.83989E+16
155330,8,2,12,0,2018,7,8,1,3,0,7,0,0,0,0,1,0,0,0,4.56311E+20,5.4296E+21,8.40248E+15,4.90178E+16
155331,8,2,36,39,2018,7,17,5,3,4,2,0,1,1,0,0,0,0,1,4.90301E+20,5.41198E+21,8.86776E+15,4.88607E+16
155332,8,2,12,0,2018,7,11,1,3,0,7,0,0,0,0,1,0,0,0,4.60512E+20,5.42718E+21,8.46016E+15,4.89962E+16
155333,8,1,35,19,2018,7,20,1,3,5,3,0,0,1,0,0,0,0,0,5.84336E+20,5.39248E+21,1.01457E+16,4.86797E+16
155334,8,2,25,109,2018,7,10,5,3,5,3,0,1,1,0,0,0,0,0,5.26442E+20,5.49168E+21,9.36576E+15,4.95771E+16
155335,8,1,26,69,2018,7,16,1,3,8,1,0,0,0,0,1,0,0,0,5.34845E+20,5.44727E+21,9.4781E+15,4.91773E+16
155336,8,1,16,33,2018,7,17,6,3,2,6,0,0,1,0,0,0,0,1,5.32722E+20,5.38808E+21,9.44422E+15,4.86449E+16
155337,8,1,25,38,2018,7,20,1,2,0,1,0,0,0,0,1,0,0,0,4.99402E+20,5.4342E+21,8.99181E+15,4.90607E+16
155338,8,2,22,0,2018,7,9,5,3,8,7,0,1,0,0,0,0,0,0,4.63282E+20,5.47743E+21,8.49343E+15,4.94484E+16
155339,8,2,22,0,2018,7,18,5,3,0,7,0,1,1,0,0,0,0,0,4.64736E+20,5.48406E+21,8.51289E+15,4.95081E+16
155340,8,1,25,65,2018,7,18,1,2,9,1,0,0,1,0,0,0,0,0,5.21663E+20,5.45126E+21,9.29745E+15,4.92138E+16
155341,8,2,22,0,2018,7,21,5,3,2,6,1,0,1,0,1,0,0,0,4.60935E+20,5.48265E+21,8.46054E+15,4.94953E+16
155342,8,1,25,68,2018,7,17,1,3,0,7,0,0,0,0,1,0,0,0,5.18962E+20,5.45882E+21,9.26072E+15,4.92819E+16
155343,8,2,12,0,2018,7,12,5,3,5,3,0,0,1,0,0,1,0,1,4.52193E+20,5.42947E+21,8.34617E+15,4.90162E+16
155344,8,1,21,0,2018,7,11,1,3,0,7,0,0,1,0,1,0,0,0,5.10376E+20,5.44889E+21,9.14242E+15,4.91927E+16
155345,8,1,21,0,2018,7,11,1,2,5,3,0,1,1,0,0,0,0,0,5.15416E+20,5.44191E+21,9.21132E+15,4.91299E+16
155346,8,2,12,0,2018,7,13,5,3,1,5,0,1,0,0,0,0,1,0,4.5786E+20,5.42859E+21,8.42376E+15,4.90088E+16
155347,8,1,17,26,2018,7,19,1,3,7,7,0,0,1,0,0,0,0,0,5.48957E+20,5.39489E+21,9.66542E+15,4.87052E+16
155348,8,1,15,45,2018,7,16,6,3,6,7,0,0,1,1,0,0,0,0,4.99796E+20,5.39489E+21,8.99723E+15,4.8707E+16
155349,8,1,16,33,2018,7,19,1,3,0,1,0,1,0,0,0,0,0,0,5.3464E+20,5.38658E+21,9.47013E+15,4.86313E+16
155350,8,2,12,0,2018,7,7,5,3,5,3,0,1,1,0,0,0,0,0,4.61909E+20,5.42151E+21,8.47979E+15,4.89454E+16
155351,8,2,12,0,2018,7,16,5,3,2,2,0,1,1,0,0,0,0,0,4.60434E+20,5.42748E+21,8.45907E+15,4.89989E+16
155352,8,1,16,80,2018,7,17,1,3,5,3,0,0,1,0,0,0,0,0,5.18973E+20,5.39733E+21,9.258E+15,4.87287E+16
155353,8,2,11,0,2018,7,13,5,3,0,4,0,0,0,1,0,0,1,0,4.43896E+20,5.40152E+21,8.23654E+15,4.87642E+16
155354,8,1,16,77,2018,7,19,1,3,1,5,0,1,1,0,0,0,0,0,5.16417E+20,5.39194E+21,9.22304E+15,4.86803E+16
155355,8,1,15,3,2018,7,22,1,3,0,1,2,1,0,0,0,0,0,0,5.00585E+20,5.39029E+21,9.00794E+15,4.86657E+16
155356,8,2,25,109,2018,7,18,5,2,5,3,0,1,1,0,0,0,0,0,5.21014E+20,5.49663E+21,9.29094E+15,4.96219E+16
155357,8,1,27,99,2018,7,17,5,2,5,3,0,0,1,0,1,0,0,0,5.6231E+20,5.4467E+21,9.85482E+15,4.91699E+16
155358,8,1,11,0,2018,7,16,1,3,5,3,0,1,1,0,0,0,0,0,5.12927E+20,5.40143E+21,9.17591E+15,4.87657E+16
155359,8,1,11,0,2018,7,14,1,3,2,7,0,0,1,0,0,0,0,0,5.13459E+20,5.40214E+21,9.18318E+15,4.87721E+16
155360,8,1,25,65,2018,7,15,5,3,5,3,0,1,1,0,0,0,0,0,5.16219E+20,5.44876E+21,9.2226E+15,4.91914E+16
155361,8,2,35,79,2018,7,12,7,3,6,2,0,0,1,1,0,0,0,0,4.66928E+20,5.39982E+21,8.55008E+15,4.87505E+16
155362,8,1,11,0,2018,7,16,6,3,0,5,0,0,1,0,1,0,0,0,5.16675E+20,5.40577E+21,9.2271E+15,4.88047E+16
155363,8,4,26,70,2018,7,8,7,2,0,1,0,0,0,0,1,0,0,0,5.65504E+20,5.34276E+21,9.88213E+15,4.82346E+16
155364,8,1,19,68,2018,7,0,5,3,1,5,2,1,1,0,0,0,0,0,5.26169E+20,5.41319E+21,9.35686E+15,4.88711E+16
155365,8,1,19,79,2018,7,15,5,3,5,3,0,1,1,0,0,0,0,1,5.22618E+20,5.40811E+21,9.30815E+15,4.88255E+16
155366,8,4,21,0,2018,7,16,7,2,6,2,0,1,0,1,0,0,0,0,5.72416E+20,5.36041E+21,9.97824E+15,4.83927E+16
155367,8,4,21,0,2018,7,12,7,3,6,4,0,1,0,1,0,0,0,0,5.73717E+20,5.36083E+21,9.99588E+15,4.83963E+16
155368,8,1,19,20,2018,7,16,5,3,1,5,0,1,1,0,0,0,0,1,5.20132E+20,5.40638E+21,9.27421E+15,4.88101E+16
155369,8,4,16,41,2018,7,19,7,2,0,1,0,1,0,0,0,0,0,0,5.05052E+20,5.37217E+21,9.06839E+15,4.85026E+16
155370,8,4,15,53,2018,7,20,7,3,5,3,0,1,1,0,0,0,0,0,5.37172E+20,5.36269E+21,9.50237E+15,4.84163E+16
155371,8,1,19,20,2018,7,16,5,3,1,2,0,0,1,0,0,0,0,1,5.1936E+20,5.40906E+21,9.26382E+15,4.88342E+16
155372,8,4,36,64,2018,7,8,5,3,5,3,0,1,1,0,0,0,0,0,5.45236E+20,5.29074E+21,9.60372E+15,4.77684E+16
155373,8,4,15,50,2018,7,14,7,3,0,1,0,1,0,0,0,0,0,0,5.21555E+20,5.37575E+21,9.29198E+15,4.85345E+16
155374,8,3,27,38,2018,7,15,5,3,8,1,0,0,0,0,1,0,0,0,4.96441E+20,5.31266E+21,8.95232E+15,4.79673E+16
155375,8,3,36,91,2018,7,16,7,3,5,3,0,1,1,0,0,0,0,0,3.94891E+20,5.27142E+21,7.60204E+15,4.75876E+16
155376,8,1,18,48,2018,7,22,5,3,5,3,2,1,1,0,0,0,0,1,5.13714E+20,5.41544E+21,9.18709E+15,4.88918E+16
155377,8,1,18,48,2018,7,7,5,3,0,7,0,1,0,0,0,0,0,1,5.15038E+20,5.41561E+21,9.20516E+15,4.88932E+16
155378,8,3,35,43,2018,7,12,7,3,1,7,0,1,1,0,0,0,0,0,5.11299E+20,5.28777E+21,9.15072E+15,4.77432E+16
155379,8,3,26,74,2018,7,1,7,2,0,1,2,0,0,0,1,0,0,1,4.64975E+20,5.32317E+21,8.52992E+15,4.80608E+16
155380,8,1,18,81,2018,7,14,5,3,1,6,0,0,1,0,0,1,0,1,5.1815E+20,5.41147E+21,9.24743E+15,4.88559E+16
155381,8,3,27,49,2018,7,11,7,2,9,1,0,0,0,0,1,0,0,0,4.73265E+20,5.32488E+21,8.64107E+15,4.80766E+16
155382,8,1,19,79,2018,7,8,6,3,0,1,0,1,0,0,0,0,0,1,5.22695E+20,5.40871E+21,9.30925E+15,4.8831E+16
155383,8,3,17,85,2018,7,15,7,3,8,1,0,0,0,0,1,0,0,0,4.32671E+20,5.36122E+21,8.09035E+15,4.84005E+16
155384,8,1,18,46,2018,7,17,5,3,5,3,0,0,1,0,0,0,0,1,5.13071E+20,5.41332E+21,9.17825E+15,4.88727E+16
155385,8,3,17,141,2018,7,10,7,3,4,6,0,1,1,0,0,0,0,0,4.20368E+20,5.37643E+21,7.92126E+15,4.85359E+16
155386,8,1,18,79,2018,7,7,5,3,6,6,0,1,0,1,0,0,0,0,5.09124E+20,5.42239E+21,9.12463E+15,4.89544E+16
155387,8,3,16,12,2018,7,10,7,3,5,3,0,1,0,0,1,0,0,0,4.02923E+20,5.33394E+21,7.69479E+15,4.81513E+16
155388,8,3,15,74,2018,7,19,7,3,8,1,0,0,0,0,1,0,0,0,3.97467E+20,5.29503E+21,7.63074E+15,4.78005E+16
155389,8,1,17,24,2018,7,15,5,3,2,6,0,0,1,0,0,0,0,0,5.61606E+20,5.3859E+21,9.83598E+15,4.86231E+16
155390,8,3,11,0,2018,7,12,7,3,5,3,0,0,1,0,0,0,0,0,4.11717E+20,5.32124E+21,7.81562E+15,4.80383E+16
155391,8,1,16,73,2018,7,6,5,3,3,2,0,1,1,0,0,0,0,1,5.22265E+20,5.38823E+21,9.30228E+15,4.86467E+16
155392,8,3,15,132,2018,7,12,7,3,0,1,0,1,0,0,0,0,0,1,4.08606E+20,5.32456E+21,7.77319E+15,4.80677E+16
155393,8,3,11,0,2018,7,14,7,3,2,6,0,0,1,0,1,0,0,0,4.12931E+20,5.31628E+21,7.83292E+15,4.79939E+16
155394,8,1,15,53,2018,7,16,5,3,5,3,0,0,1,0,0,0,0,1,4.83286E+20,5.37902E+21,8.77346E+15,4.85641E+16
155395,8,3,11,0,2018,7,19,7,3,5,3,0,1,1,0,0,0,0,0,4.139E+20,5.31683E+21,7.84579E+15,4.7999E+16
155396,8,1,18,79,2018,7,14,6,3,2,7,0,1,0,0,0,0,0,0,5.09038E+20,5.42207E+21,9.12345E+15,4.89515E+16
155397,8,2,15,17,2018,7,1,7,3,4,6,2,1,0,0,0,0,0,0,4.54652E+20,5.42076E+21,8.38077E+15,4.89381E+16
155398,8,1,15,3,2018,7,16,5,3,6,4,0,0,1,1,0,0,0,1,4.98698E+20,5.39201E+21,8.98232E+15,4.86811E+16
155399,8,2,31,0,2018,7,10,7,3,1,7,0,1,1,0,0,0,0,0,4.81124E+20,5.41651E+21,8.74244E+15,4.89013E+16
155400,8,1,11,0,2018,7,16,5,3,3,7,0,0,0,0,0,1,1,1,5.18353E+20,5.40148E+21,9.24976E+15,4.8766E+16
155401,8,2,26,6,2018,7,11,7,3,6,7,0,1,0,1,0,0,0,0,4.83946E+20,5.46661E+21,8.77895E+15,4.9352E+16
155402,8,2,26,37,2018,7,20,7,3,1,5,0,0,1,0,0,0,0,0,4.66297E+20,5.46875E+21,8.53575E+15,4.93705E+16
155403,8,4,25,31,2018,7,9,4,3,5,3,0,0,1,0,0,0,0,0,5.70419E+20,5.36808E+21,9.95255E+15,4.84619E+16
155404,8,2,21,0,2018,7,17,7,3,1,1,0,0,1,0,0,0,0,0,4.7921E+20,5.47349E+21,8.71338E+15,4.94138E+16
155405,8,1,11,0,2018,7,7,6,3,8,1,0,0,1,0,0,0,0,1,5.13853E+20,5.40404E+21,9.1886E+15,4.87892E+16
155406,8,2,16,7,2018,7,9,7,3,0,7,0,1,0,0,0,0,0,0,4.36556E+20,5.3995E+21,8.13698E+15,4.87453E+16
155407,8,4,37,104,2018,7,7,4,2,8,1,0,1,0,0,0,0,0,0,5.14491E+20,5.32502E+21,9.19455E+15,4.80783E+16
155408,8,4,21,0,2018,7,9,4,2,0,1,0,1,0,0,0,0,0,0,5.71651E+20,5.35972E+21,9.96779E+15,4.83865E+16
155409,8,2,16,43,2018,7,15,7,3,5,2,0,1,1,0,0,0,0,0,4.41754E+20,5.4122E+21,8.20588E+15,4.886E+16
155410,8,1,16,49,2018,7,11,6,2,6,7,0,0,1,1,0,0,0,0,5.25455E+20,5.38637E+21,9.34547E+15,4.86298E+16
155411,8,2,16,43,2018,7,0,7,3,5,3,2,0,1,0,1,0,0,0,4.41091E+20,5.41334E+21,8.19669E+15,4.88702E+16
155412,8,4,21,0,2018,7,12,4,3,6,4,0,1,0,1,0,0,0,0,5.73019E+20,5.36105E+21,9.9865E+15,4.83984E+16
155413,8,4,25,20,2018,7,18,4,2,0,7,0,1,0,0,0,0,0,0,5.58243E+20,5.36183E+21,9.787E+15,4.8407E+16
155414,8,2,15,106,2018,7,1,7,3,1,5,2,1,1,0,0,0,0,0,4.64557E+20,5.45406E+21,8.5131E+15,4.92382E+16
155415,8,4,16,41,2018,7,23,4,3,1,5,2,1,1,0,0,0,0,0,5.03557E+20,5.37417E+21,9.04817E+15,4.85206E+16
155416,8,2,15,21,2018,7,15,7,3,5,3,0,1,1,0,0,0,0,0,4.69885E+20,5.44453E+21,8.587E+15,4.91528E+16
155417,8,2,12,0,2018,7,10,7,3,2,6,0,0,1,0,1,0,0,0,4.54938E+20,5.42882E+21,8.38378E+15,4.90106E+16
155418,8,4,15,61,2018,7,18,4,3,2,6,0,0,1,0,0,0,0,0,5.16448E+20,5.37253E+21,9.22268E+15,4.85056E+16
155419,8,2,12,0,2018,7,12,7,3,0,1,0,1,0,0,0,0,0,0,4.55999E+20,5.42873E+21,8.3983E+15,4.90099E+16
155420,8,3,16,24,2018,7,7,5,3,4,3,0,1,0,0,0,0,1,0,4.08608E+20,5.33391E+21,7.77121E+15,4.81519E+16
155421,8,2,16,39,2018,7,17,7,2,5,3,0,0,1,1,1,0,0,0,4.43655E+20,5.41603E+21,8.23127E+15,4.88947E+16
155422,8,3,37,49,2018,7,11,4,3,4,6,0,0,1,0,1,0,0,0,4.25661E+20,5.27799E+21,8.0101E+15,4.7651E+16
155423,8,3,36,36,2018,7,8,4,3,5,3,0,1,1,0,0,0,0,0,4.12795E+20,5.28131E+21,7.83813E+15,4.76793E+16
155424,8,1,15,16,2018,7,9,7,2,5,3,0,1,1,0,0,0,0,0,4.86499E+20,5.37756E+21,8.81705E+15,4.8551E+16
155425,8,1,36,19,2018,7,15,7,3,0,7,0,1,0,0,0,0,1,0,5.82727E+20,5.42433E+21,1.01303E+16,4.89663E+16
155426,8,3,35,79,2018,7,14,4,3,2,6,0,0,1,0,1,0,0,0,4.9989E+20,5.29905E+21,8.99853E+15,4.78448E+16
155427,8,1,28,7,2018,7,12,7,3,0,7,0,1,0,0,0,0,1,0,5.55397E+20,5.48253E+21,9.76496E+15,4.94929E+16
155428,8,4,35,16,2018,7,15,4,2,5,2,0,1,1,0,0,0,0,0,5.35067E+20,5.27808E+21,9.46699E+15,4.76552E+16
155429,8,1,27,76,2018,7,23,7,2,0,1,2,1,0,0,0,0,0,0,5.57077E+20,5.44118E+21,9.78226E+15,4.91208E+16
155430,8,1,25,110,2018,7,12,7,3,5,3,0,0,1,0,0,0,0,0,5.25905E+20,5.44259E+21,9.35514E+15,4.91356E+16
155431,8,3,27,49,2018,7,19,4,3,1,5,0,0,1,0,0,0,0,0,4.72193E+20,5.32462E+21,8.62669E+15,4.80743E+16
155432,8,4,36,64,2018,7,7,5,3,0,7,0,1,0,0,0,0,1,1,5.46047E+20,5.29298E+21,9.61479E+15,4.77885E+16
155433,8,1,25,65,2018,7,22,7,3,2,2,2,0,1,0,1,0,0,0,5.14343E+20,5.44944E+21,9.19688E+15,4.91976E+16
155434,8,3,27,50,2018,7,12,4,3,4,2,0,0,1,0,0,0,0,0,4.8644E+20,5.3143E+21,8.81828E+15,4.79818E+16
155435,8,3,25,51,2018,7,9,4,3,2,6,0,0,1,0,1,0,0,0,4.51169E+20,5.34876E+21,8.34169E+15,4.82902E+16
155436,8,1,19,79,2018,7,20,7,2,5,3,0,1,1,0,0,0,0,0,5.238E+20,5.4105E+21,9.3244E+15,4.8847E+16
155437,8,1,17,26,2018,7,13,7,3,5,3,0,0,1,0,1,0,0,0,5.47026E+20,5.39545E+21,9.63924E+15,4.87103E+16
155438,8,3,16,56,2018,7,16,4,2,6,4,0,0,1,1,0,0,0,0,4.2295E+20,5.3276E+21,7.96515E+15,4.8097E+16
155439,8,1,17,26,2018,7,14,7,3,2,6,0,0,1,0,0,0,0,0,5.47942E+20,5.39541E+21,9.65169E+15,4.87098E+16
155440,8,1,19,20,2018,7,7,6,3,0,3,0,1,0,0,0,0,1,0,5.2035E+20,5.40691E+21,9.2772E+15,4.88148E+16
155441,8,1,17,25,2018,7,9,7,3,5,3,0,0,1,0,1,0,0,0,5.57328E+20,5.38985E+21,9.77849E+15,4.86591E+16
155442,8,3,16,9,2018,7,7,4,3,5,3,0,1,1,0,0,0,0,0,4.1703E+20,5.32486E+21,7.88619E+15,4.80717E+16
155443,8,1,17,37,2018,7,19,7,3,4,6,0,0,1,0,1,0,0,0,5.55465E+20,5.39882E+21,9.75439E+15,4.87399E+16
155444,8,1,35,31,2018,7,14,6,3,5,3,0,0,1,0,0,0,0,0,5.95393E+20,5.3783E+21,1.02926E+16,4.85506E+16
155445,8,1,17,35,2018,7,14,7,3,0,6,0,1,0,0,0,0,0,0,5.48177E+20,5.38054E+21,9.65315E+15,4.85761E+16
155446,8,3,11,0,2018,7,18,4,3,5,2,0,1,0,0,0,0,0,0,4.13265E+20,5.31542E+21,7.83757E+15,4.79862E+16
155447,8,4,35,16,2018,7,6,5,3,5,3,0,1,1,0,0,0,0,0,5.30515E+20,5.27973E+21,9.40649E+15,4.76702E+16
155448,8,1,16,49,2018,7,11,7,3,5,3,0,1,1,0,0,0,0,0,5.24887E+20,5.38577E+21,9.33772E+15,4.86245E+16
155449,8,2,12,0,2018,7,8,4,3,5,2,0,1,1,0,0,0,0,0,4.51929E+20,5.42791E+21,8.34275E+15,4.90022E+16
155450,8,1,16,33,2018,7,1,7,3,4,2,2,0,1,0,0,0,0,0,5.33215E+20,5.38923E+21,9.45101E+15,4.86552E+16
155451,8,1,16,19,2018,7,9,7,3,8,7,0,0,1,0,0,0,0,0,5.22912E+20,5.3998E+21,9.3117E+15,4.87508E+16
155452,8,2,31,0,2018,7,6,4,3,0,6,0,0,0,0,1,0,1,0,4.78319E+20,5.41499E+21,8.70424E+15,4.88875E+16
155453,8,1,16,42,2018,7,17,7,3,6,6,0,1,0,1,0,0,0,0,5.17405E+20,5.3823E+21,9.23604E+15,4.85935E+16
155454,8,1,17,24,2018,7,14,6,3,4,1,0,1,1,0,0,0,0,0,5.61603E+20,5.38609E+21,9.83598E+15,4.86249E+16
155455,8,1,15,28,2018,7,11,7,3,5,3,0,0,1,0,1,0,0,0,4.99026E+20,5.4011E+21,8.98675E+15,4.87629E+16
155456,8,2,36,46,2018,7,7,4,3,0,3,0,1,1,0,0,0,0,0,4.83625E+20,5.41809E+21,8.77649E+15,4.89156E+16
155457,8,1,15,3,2018,7,15,7,3,5,3,0,1,1,0,0,0,0,0,4.98978E+20,5.39243E+21,8.98612E+15,4.8685E+16
155458,8,2,26,98,2018,7,7,4,3,0,3,0,1,1,0,0,0,0,0,4.81023E+20,5.4611E+21,8.73896E+15,4.93023E+16
155459,8,4,36,5,2018,7,14,6,3,0,1,0,1,0,0,0,0,0,0,5.40131E+20,5.30911E+21,9.5373E+15,4.79341E+16
155460,8,4,35,16,2018,7,15,6,2,6,6,0,1,0,1,0,0,0,1,5.35084E+20,5.27808E+21,9.46722E+15,4.76551E+16
155461,8,2,26,48,2018,7,12,4,3,1,7,0,0,1,0,0,0,0,0,4.85463E+20,5.46505E+21,8.79989E+15,4.9338E+16
155462,8,4,21,0,2018,7,12,6,3,5,2,0,1,1,0,0,0,0,0,5.70571E+20,5.35753E+21,9.95283E+15,4.8367E+16
155463,8,4,21,0,2018,7,7,6,3,2,6,0,0,1,0,0,0,0,1,5.7375E+20,5.3611E+21,9.99637E+15,4.83987E+16
155464,8,2,22,0,2018,7,7,4,3,2,6,0,0,1,0,0,0,0,0,4.61792E+20,5.48288E+21,8.47235E+15,4.94974E+16
155465,8,4,25,33,2018,7,17,6,2,8,1,0,1,0,0,0,0,0,0,5.5369E+20,5.34802E+21,9.72372E+15,4.82831E+16
155466,8,1,15,29,2018,7,16,6,3,1,6,0,0,1,0,0,0,0,0,4.99111E+20,5.39901E+21,8.98791E+15,4.87441E+16
155467,8,4,25,108,2018,7,14,6,3,6,7,0,0,1,1,0,0,0,0,5.54432E+20,5.35819E+21,9.73504E+15,4.83745E+16
155468,8,2,22,0,2018,7,18,4,3,5,3,0,1,0,0,1,0,0,0,4.64324E+20,5.48373E+21,8.50723E+15,4.95051E+16
155469,8,2,16,15,2018,7,21,4,3,4,2,1,0,1,0,1,0,0,0,4.49615E+20,5.40644E+21,8.31376E+15,4.88089E+16
155470,8,4,16,41,2018,7,6,6,3,1,5,1,1,1,0,0,0,0,1,5.03029E+20,5.37548E+21,9.04103E+15,4.85324E+16
155471,8,2,16,43,2018,7,14,4,3,9,1,0,1,0,0,0,0,0,0,4.40843E+20,5.41203E+21,8.19349E+15,4.88584E+16
155472,8,4,16,41,2018,7,15,6,3,1,7,0,1,1,0,0,0,0,0,5.0269E+20,5.3745E+21,9.03644E+15,4.85236E+16
155473,8,4,16,41,2018,7,19,6,3,2,6,0,0,1,0,0,0,0,0,5.05659E+20,5.37508E+21,9.07665E+15,4.85288E+16
155474,8,2,15,106,2018,7,12,4,3,4,6,0,1,1,0,0,0,0,0,4.64992E+20,5.45511E+21,8.51898E+15,4.92477E+16
155475,8,4,26,19,2018,7,7,5,3,2,6,0,0,1,0,0,0,0,0,5.80644E+20,5.32167E+21,1.0082E+16,4.80432E+16
155476,8,4,15,61,2018,7,7,6,3,5,3,0,1,1,0,0,0,0,1,5.15748E+20,5.37157E+21,9.21316E+15,4.84971E+16
155477,8,2,15,106,2018,7,7,4,3,5,3,0,0,1,0,0,0,1,0,4.66264E+20,5.45547E+21,8.53642E+15,4.92511E+16
155478,8,2,12,0,2018,7,10,4,3,4,6,0,0,1,0,0,1,0,0,4.54247E+20,5.43473E+21,8.37366E+15,4.90637E+16
155479,8,4,16,11,2018,7,12,6,2,6,6,0,1,0,1,0,0,0,0,5.04238E+20,5.36668E+21,9.05731E+15,4.84532E+16
155480,8,1,11,0,2018,7,14,6,2,6,4,0,1,0,1,0,0,0,0,5.08615E+20,5.4068E+21,9.11734E+15,4.88142E+16
155481,8,4,15,61,2018,7,20,6,3,0,1,1,0,0,0,1,0,0,0,5.17058E+20,5.37369E+21,9.23099E+15,4.85161E+16
155482,8,2,12,0,2018,7,7,4,3,5,3,0,0,1,0,0,0,0,0,4.51531E+20,5.42746E+21,8.33736E+15,4.89982E+16
155483,8,2,12,0,2018,7,18,4,3,5,3,0,1,1,0,0,0,0,0,4.5543E+20,5.42761E+21,8.39064E+15,4.89997E+16
155484,8,4,15,50,2018,7,17,6,3,5,3,0,1,1,0,0,0,0,0,5.2096E+20,5.3764E+21,9.28397E+15,4.85404E+16
155485,8,3,25,49,2018,7,19,6,3,0,1,0,1,0,0,0,0,0,0,4.72778E+20,5.33409E+21,8.63395E+15,4.81594E+16
155486,8,2,11,0,2018,7,18,4,3,0,1,0,0,0,0,1,0,0,0,4.44664E+20,5.40095E+21,8.24707E+15,4.87591E+16
155487,8,4,17,8,2018,7,18,6,2,1,5,0,1,1,0,0,0,0,0,4.95748E+20,5.35283E+21,8.94264E+15,4.83287E+16
155488,8,3,25,57,2018,7,12,6,2,5,3,0,0,1,0,0,0,0,0,4.76636E+20,5.35465E+21,8.68469E+15,4.83446E+16
155489,8,1,36,19,2018,7,13,4,3,0,7,0,0,0,0,0,0,1,0,5.82595E+20,5.42345E+21,1.01283E+16,4.89584E+16
155490,8,4,36,64,2018,7,8,5,3,0,1,0,1,0,0,0,0,0,1,5.45793E+20,5.29284E+21,9.61137E+15,4.77873E+16
155491,8,3,17,145,2018,7,15,6,3,1,7,0,0,1,0,0,0,0,0,4.41902E+20,5.34899E+21,8.21673E+15,4.82915E+16
155492,8,1,36,88,2018,7,11,4,3,4,6,0,1,0,0,0,0,1,0,5.82171E+20,5.40864E+21,1.01195E+16,4.88253E+16
155493,8,3,16,51,2018,7,15,6,3,5,3,0,1,1,0,0,0,0,1,3.99221E+20,5.33521E+21,7.64472E+15,4.81622E+16
155494,8,3,11,0,2018,7,19,6,3,5,2,0,1,0,0,0,0,0,0,4.13883E+20,5.31622E+21,7.84569E+15,4.79935E+16
155495,8,1,28,58,2018,7,16,4,3,5,3,0,1,1,0,0,0,0,0,5.58973E+20,5.48252E+21,9.81434E+15,4.94925E+16
155496,8,3,11,0,2018,7,18,6,3,1,5,0,0,1,0,0,0,0,0,4.14109E+20,5.31679E+21,7.8486E+15,4.79987E+16
155497,8,3,11,0,2018,7,8,6,3,5,3,0,1,1,0,0,0,0,1,4.13844E+20,5.31729E+21,7.84495E+15,4.80031E+16
155498,8,1,19,79,2018,7,12,4,2,9,1,0,1,0,0,0,0,0,0,5.25336E+20,5.4076E+21,9.34515E+15,4.88208E+16
155499,8,3,11,0,2018,7,7,6,3,1,6,0,0,1,0,0,0,0,1,4.11413E+20,5.32205E+21,7.81138E+15,4.80456E+16
155500,8,1,21,0,2018,7,13,6,3,5,3,0,0,1,0,0,0,0,0,5.12238E+20,5.44776E+21,9.16794E+15,4.91825E+16
155501,8,3,36,91,2018,7,9,6,3,5,2,0,0,1,0,1,0,0,1,3.94714E+20,5.27258E+21,7.59941E+15,4.75981E+16
155502,8,1,19,79,2018,7,11,4,3,1,6,0,0,1,0,1,0,0,0,5.22449E+20,5.40819E+21,9.30586E+15,4.88263E+16
155503,8,4,21,0,2018,7,7,5,3,1,1,0,1,1,0,0,0,0,0,5.72213E+20,5.36194E+21,9.97576E+15,4.84065E+16
155504,8,3,11,0,2018,7,23,6,3,6,7,2,0,1,1,0,0,0,0,4.13173E+20,5.31676E+21,7.83606E+15,4.79982E+16
155505,8,1,19,86,2018,7,17,4,3,1,5,0,1,1,0,0,0,0,1,5.34547E+20,5.40539E+21,9.47045E+15,4.88005E+16
155506,8,2,12,0,2018,7,16,6,3,4,2,0,0,1,0,1,0,0,0,4.53969E+20,5.43104E+21,8.37028E+15,4.90305E+16
155507,8,2,12,0,2018,7,18,6,3,0,7,0,1,0,0,0,0,0,0,4.53963E+20,5.43104E+21,8.3702E+15,4.90305E+16
155508,8,1,18,49,2018,7,13,4,3,6,4,0,0,1,1,0,0,0,1,5.19445E+20,5.42054E+21,9.26552E+15,4.89375E+16
155509,8,2,12,0,2018,7,12,6,3,2,6,0,1,1,0,0,0,0,1,4.5522E+20,5.42848E+21,8.38767E+15,4.90076E+16
155510,8,1,16,53,2018,7,21,6,3,0,1,1,1,0,0,0,0,0,1,5.38997E+20,5.38806E+21,9.5294E+15,4.86444E+16
155511,8,2,36,31,2018,7,12,6,3,6,7,0,0,1,1,0,0,0,0,4.81849E+20,5.42049E+21,8.75215E+15,4.8937E+16
155512,8,1,18,48,2018,7,16,4,3,5,7,0,1,1,0,0,0,0,1,5.12558E+20,5.41711E+21,9.17137E+15,4.89068E+16
155513,8,1,17,51,2018,7,14,4,3,5,3,0,1,1,0,0,0,0,1,5.43567E+20,5.39506E+21,9.59218E+15,4.87071E+16
155514,8,2,31,0,2018,7,18,6,3,0,7,0,0,1,0,0,0,0,0,4.78894E+20,5.41601E+21,8.71203E+15,4.88967E+16