OBJECTID_1,ULAND,UREGBEZ,UKREIS,UGEMEINDE,UJAHR,UMONAT,USTUNDE,UWOCHENTAG,UKATEGORIE,UART,UTYP1,ULICHTVERH,IstRad,IstPKW,IstFuss,IstKrad,IstGkfz,IstSonstig,STRZUSTAND,LINREFX,LINREFY,XGCSWGS84,YGCSWGS84
155515,8,1,18,80,2018,7,17,6,3,5,3,0,1,1,0,0,0,0,0,5.09166E+20,5.40819E+21,9.12489E+15,4.88266E+16
155516,8,2,36,40,2018,7,15,6,3,2,6,0,0,1,0,0,0,0,0,4.8932E+20,5.42265E+21,8.85412E+15,4.89567E+16
155517,8,1,17,26,2018,7,13,4,3,1,6,0,0,1,0,0,0,0,0,5.47644E+20,5.39437E+21,9.64751E+15,4.87006E+16
155518,8,2,26,31,2018,7,15,6,3,5,3,0,0,1,0,1,0,0,0,4.74715E+20,5.49352E+21,8.65012E+15,4.95937E+16
155519,8,1,16,33,2018,7,17,4,3,3,6,0,1,1,0,0,0,0,0,5.32994E+20,5.38789E+21,9.4479E+15,4.86432E+16
155520,8,2,26,84,2018,7,7,6,3,2,6,0,1,1,0,0,0,0,0,4.69492E+20,5.47037E+21,8.57965E+15,4.93852E+16
155521,8,2,22,0,2018,7,9,6,3,6,4,0,0,1,1,0,0,0,0,4.63874E+20,5.48658E+21,8.50076E+15,4.95307E+16
155522,8,1,16,80,2018,7,21,4,3,1,5,1,1,1,0,0,0,0,0,5.16659E+20,5.3965E+21,9.2265E+15,4.87213E+16
155523,8,2,22,0,2018,7,9,6,3,3,2,0,1,1,0,0,0,0,0,4.6294E+20,5.48321E+21,8.48817E+15,4.95004E+16
155524,8,1,15,24,2018,7,16,6,2,5,3,0,1,1,0,0,0,0,0,5.01465E+20,5.38619E+21,9.01988E+15,4.86288E+16
155525,8,2,21,0,2018,7,19,6,3,3,2,0,1,0,0,0,0,0,0,4.78134E+20,5.47298E+21,8.69858E+15,4.94092E+16
155526,8,1,16,80,2018,7,20,4,2,4,2,0,1,1,0,0,0,0,0,5.21608E+20,5.39589E+21,9.29376E+15,4.87156E+16
155527,8,1,16,49,2018,7,20,4,3,4,6,0,1,0,0,0,0,0,0,5.24882E+20,5.38595E+21,9.33767E+15,4.86261E+16
155528,8,2,21,0,2018,7,6,6,3,5,3,0,0,1,0,1,0,0,0,4.77007E+20,5.47337E+21,8.68301E+15,4.94126E+16
155529,8,1,15,3,2018,7,7,4,3,2,6,0,0,1,0,0,0,0,0,4.98599E+20,5.39197E+21,8.98097E+15,4.86807E+16
155530,8,2,21,0,2018,7,17,6,2,8,1,0,0,1,1,0,0,0,1,4.78692E+20,5.46995E+21,8.70643E+15,4.93819E+16
155531,8,1,11,0,2018,7,8,4,3,5,2,0,1,1,0,0,0,0,0,5.11861E+20,5.40633E+21,9.16155E+15,4.88098E+16
155532,8,2,15,9,2018,7,22,6,3,0,3,2,1,0,0,0,0,0,0,4.70149E+20,5.44105E+21,8.59088E+15,4.91215E+16
155533,8,1,11,0,2018,7,14,4,3,5,7,0,0,0,0,1,0,1,0,5.15454E+20,5.40361E+21,9.21038E+15,4.87853E+16
155534,8,2,12,0,2018,7,16,6,3,0,3,0,1,0,0,0,0,0,0,4.56178E+20,5.42884E+21,8.40074E+15,4.90109E+16
155535,8,2,11,0,2018,7,18,6,3,0,1,0,1,0,0,0,0,0,0,4.40574E+20,5.40434E+21,8.19094E+15,4.87892E+16
155536,8,1,11,0,2018,7,11,4,3,5,3,0,0,1,0,0,0,0,0,5.12701E+20,5.40105E+21,9.17282E+15,4.87623E+16
155537,8,3,17,153,2018,7,12,6,3,2,6,0,0,1,0,0,0,0,0,4.21922E+20,5.39069E+21,7.93963E+15,4.86644E+16
155538,8,3,37,106,2018,7,9,5,2,0,1,0,0,0,0,1,0,0,1,4.5832E+20,5.28859E+21,8.44394E+15,4.77493E+16
155539,8,3,17,89,2018,7,7,6,3,5,3,0,1,1,0,0,0,0,0,4.3187E+20,5.37547E+21,8.0772E+15,4.85286E+16
155540,8,1,11,0,2018,7,17,4,3,5,3,0,1,1,0,0,0,0,0,5.1025E+20,5.39708E+21,9.13938E+15,4.87266E+16
155541,8,1,11,0,2018,7,16,4,3,0,1,0,0,0,0,1,0,0,1,5.13937E+20,5.40178E+21,9.18968E+15,4.87689E+16
155542,8,1,35,19,2018,7,13,6,3,5,3,0,0,1,0,0,0,0,0,5.84511E+20,5.39259E+21,1.01481E+16,4.86806E+16
155543,8,4,25,72,2018,7,9,3,3,4,2,0,0,1,0,0,0,0,0,5.84106E+20,5.37295E+21,1.01386E+16,4.85041E+16
155544,8,3,36,50,2018,7,13,4,3,4,6,0,1,0,0,0,0,0,0,3.98562E+20,5.27239E+21,7.65062E+15,4.7597E+16
155545,8,3,11,0,2018,7,16,4,3,6,4,0,1,0,1,0,0,0,0,4.12866E+20,5.31434E+21,7.83244E+15,4.79764E+16
155546,8,3,36,69,2018,7,17,4,2,0,7,0,1,0,0,0,0,0,0,4.04804E+20,5.26805E+21,7.73458E+15,4.75589E+16
155547,8,2,35,7,2018,7,5,4,3,5,3,2,0,1,0,0,0,0,0,4.84425E+20,5.39706E+21,8.78822E+15,4.87263E+16
155548,8,2,36,40,2018,7,18,4,3,5,3,0,0,1,0,1,0,0,0,4.90404E+20,5.4215E+21,8.86895E+15,4.89464E+16
155549,8,2,25,109,2018,7,15,4,3,4,2,0,1,1,0,0,0,0,0,5.26763E+20,5.49222E+21,9.37024E+15,4.9582E+16
155550,8,2,15,17,2018,7,8,4,3,0,1,0,1,0,0,0,0,0,0,4.56754E+20,5.42128E+21,8.40942E+15,4.89429E+16
155551,8,2,12,0,2018,7,18,4,3,5,7,0,1,1,0,0,0,0,0,4.58407E+20,5.42687E+21,8.43142E+15,4.89933E+16
155552,8,1,36,88,2018,7,16,4,3,1,6,0,0,1,0,0,0,0,0,5.80034E+20,5.40959E+21,1.00906E+16,4.88341E+16
155553,8,1,36,88,2018,7,13,4,3,5,3,0,1,1,0,0,0,0,0,5.80362E+20,5.41017E+21,1.00952E+16,4.88393E+16
155554,8,1,36,28,2018,7,13,4,2,5,3,0,1,0,0,0,0,1,0,5.6873E+20,5.40589E+21,9.93597E+15,4.88022E+16
155555,8,1,28,7,2018,7,7,4,3,0,2,0,1,1,0,0,0,0,0,5.55579E+20,5.48153E+21,9.76734E+15,4.94838E+16
155556,8,1,19,20,2018,7,13,4,3,9,1,0,0,1,0,0,0,0,0,5.19777E+20,5.40803E+21,9.26945E+15,4.88249E+16
155557,8,1,18,1,2018,7,6,4,3,0,7,0,1,0,1,0,0,1,1,5.23761E+20,5.41881E+21,9.32435E+15,4.89217E+16
155558,8,1,15,45,2018,7,12,4,3,4,6,0,1,0,0,0,0,0,0,4.98652E+20,5.39623E+21,8.98168E+15,4.87191E+16
155559,8,4,25,71,2018,7,11,4,3,0,7,0,0,0,0,1,0,0,0,5.52097E+20,5.37134E+21,9.70514E+15,4.8493E+16
155560,8,1,11,0,2018,7,14,4,3,0,4,0,0,0,1,0,0,1,0,5.12808E+20,5.40232E+21,9.17432E+15,4.87738E+16
155561,8,1,11,0,2018,7,13,4,3,5,3,0,1,1,0,0,0,0,0,5.18219E+20,5.40172E+21,9.24794E+15,4.87682E+16
155562,8,1,11,0,2018,7,7,4,2,4,7,0,0,1,0,0,0,0,0,5.11644E+20,5.40036E+21,9.15842E+15,4.87562E+16
155563,8,1,11,0,2018,7,10,4,3,0,1,0,1,0,0,0,0,0,0,5.12126E+20,5.3996E+21,9.16496E+15,4.87493E+16
155564,8,4,35,18,2018,7,17,3,2,5,3,0,1,1,0,0,0,0,0,5.24558E+20,5.27989E+21,9.32714E+15,4.76719E+16
155565,8,4,35,57,2018,7,10,3,3,0,1,0,1,0,0,0,0,0,0,5.44523E+20,5.27982E+21,9.59309E+15,4.76703E+16
155566,8,4,35,59,2018,7,19,3,3,6,6,0,0,1,1,0,0,0,0,5.11819E+20,5.29108E+21,9.15775E+15,4.7773E+16
155567,8,4,26,134,2018,7,17,3,3,1,3,0,1,1,0,0,0,0,0,5.58947E+20,5.33467E+21,9.79272E+15,4.81626E+16
155568,8,2,22,0,2018,7,16,6,3,5,3,0,0,1,0,1,0,0,0,4.59938E+20,5.48799E+21,8.44623E+15,4.95432E+16
155569,8,4,26,21,2018,7,7,3,3,0,7,0,1,0,0,0,0,0,0,5.58706E+20,5.32617E+21,9.78831E+15,4.80861E+16
155570,8,2,22,0,2018,7,16,6,3,5,3,0,1,1,0,0,0,0,0,4.62207E+20,5.47875E+21,8.47847E+15,4.94603E+16
155571,8,4,21,0,2018,7,18,3,3,8,1,0,1,0,0,0,0,0,0,5.68495E+20,5.35612E+21,9.92458E+15,4.83545E+16
155572,8,2,26,9,2018,7,7,6,3,5,2,0,1,1,0,0,0,0,0,4.66752E+20,5.47277E+21,8.54169E+15,4.94067E+16
155573,8,2,21,0,2018,7,15,6,3,5,2,0,1,1,0,0,0,0,0,4.7726E+20,5.47028E+21,8.68667E+15,4.93848E+16
155574,8,4,16,36,2018,7,15,3,3,2,6,0,0,1,0,1,0,0,0,4.89137E+20,5.36625E+21,8.85309E+15,4.84493E+16
155575,8,2,12,0,2018,7,18,6,3,6,7,0,1,0,1,0,0,0,0,4.59247E+20,5.43119E+21,8.44246E+15,4.90322E+16
155576,8,2,15,17,2018,7,15,6,3,5,2,0,0,1,0,0,0,0,0,4.55784E+20,5.42068E+21,8.39623E+15,4.89375E+16
155577,8,4,16,41,2018,7,11,3,2,1,1,0,0,1,0,1,0,0,0,5.03907E+20,5.37525E+21,9.05292E+15,4.85303E+16
155578,8,4,15,61,2018,7,21,3,3,6,6,1,0,1,1,0,0,0,0,5.13571E+20,5.37709E+21,9.18388E+15,4.85468E+16
155579,8,3,35,21,2018,7,9,3,3,5,3,0,0,1,0,0,0,1,0,4.92705E+20,5.29997E+21,8.90248E+15,4.78531E+16
155580,8,3,35,43,2018,7,20,3,3,1,1,1,1,1,0,0,0,0,0,5.12085E+20,5.27902E+21,9.16097E+15,4.76644E+16
155581,8,2,11,0,2018,7,6,6,3,9,7,0,0,1,0,0,0,0,0,4.43006E+20,5.40653E+21,8.22374E+15,4.88092E+16
155582,8,3,17,34,2018,7,15,6,3,1,7,0,0,1,0,1,0,0,0,4.26836E+20,5.36182E+21,8.01142E+15,4.84053E+16
155583,8,3,26,74,2018,7,12,3,3,5,3,0,0,1,0,0,0,0,0,4.62804E+20,5.32348E+21,8.50075E+15,4.80635E+16
155584,8,3,17,89,2018,7,15,6,3,5,3,0,0,1,0,0,0,0,0,4.31664E+20,5.37564E+21,8.07439E+15,4.85301E+16
155585,8,2,16,15,2018,7,20,6,1,6,1,0,0,1,1,0,0,0,0,4.50888E+20,5.40521E+21,8.33124E+15,4.87979E+16
155586,8,3,17,96,2018,7,13,3,3,6,4,0,1,0,1,0,0,0,0,4.23118E+20,5.36901E+21,7.95987E+15,4.84695E+16
155587,8,1,36,65,2018,7,8,6,3,6,4,0,0,1,1,0,0,0,0,5.58713E+20,5.40566E+21,9.79955E+15,4.88011E+16
155588,8,3,17,96,2018,7,3,3,3,0,7,2,1,0,0,0,0,0,0,4.22409E+20,5.3693E+21,7.95022E+15,4.84721E+16
155589,8,3,17,96,2018,7,17,3,3,1,5,0,1,1,0,0,0,0,0,4.22122E+20,5.36897E+21,7.94641E+15,4.8469E+16
155590,8,1,36,88,2018,7,14,6,3,5,3,0,0,1,0,0,0,1,0,5.80122E+20,5.40981E+21,1.00919E+16,4.88361E+16
155591,8,3,11,0,2018,7,19,3,2,4,1,0,0,0,0,1,0,0,0,4.134E+20,5.31525E+21,7.83941E+15,4.79847E+16
155592,8,4,26,66,2018,7,1,6,2,9,1,2,0,0,0,1,0,0,0,5.8477E+20,5.32197E+21,1.01374E+16,4.80453E+16
155593,8,3,11,0,2018,7,17,3,2,6,7,0,1,0,1,0,0,0,1,4.17532E+20,5.31475E+21,7.89487E+15,4.79807E+16
155594,8,1,28,47,2018,7,6,6,3,6,4,0,0,0,0,1,0,1,0,5.53522E+20,5.49527E+21,9.7408E+15,4.96076E+16
155595,8,1,27,73,2018,7,15,6,3,5,3,0,1,0,0,1,0,0,0,5.79111E+20,5.44654E+21,1.00852E+16,4.91666E+16
155596,8,3,15,64,2018,7,11,3,2,4,6,0,1,0,0,0,0,0,0,4.23688E+20,5.31253E+21,7.97774E+15,4.79615E+16
155597,8,1,27,14,2018,7,15,6,3,2,6,0,0,1,0,0,0,0,0,5.77768E+20,5.44294E+21,1.00661E+16,4.91344E+16
155598,8,2,12,0,2018,7,11,3,2,5,3,0,1,1,0,0,0,0,0,4.58206E+20,5.4291E+21,8.42845E+15,4.90134E+16
155599,8,2,15,90,2018,7,14,3,3,0,5,0,1,1,0,0,0,0,0,4.6573E+20,5.43355E+21,8.53096E+15,4.90538E+16
155600,8,1,25,58,2018,7,16,6,3,6,5,0,0,1,1,0,0,0,0,5.08978E+20,5.44341E+21,9.1231E+15,4.91435E+16
155601,8,2,12,0,2018,7,9,3,3,2,2,0,1,0,0,1,0,0,0,4.55215E+20,5.42881E+21,8.38757E+15,4.90105E+16
155602,8,1,21,0,2018,7,7,6,3,5,3,0,1,1,0,0,0,0,0,5.15421E+20,5.4419E+21,9.21139E+15,4.91297E+16
155603,8,2,26,96,2018,7,17,3,3,1,3,0,0,1,0,1,0,0,0,4.74937E+20,5.48971E+21,8.65344E+15,4.95595E+16
155604,8,1,19,67,2018,7,12,6,3,2,6,0,0,1,0,0,0,0,0,5.3934E+20,5.40569E+21,9.53575E+15,4.8803E+16
155605,8,1,19,8,2018,7,14,6,3,2,6,0,0,1,0,0,0,0,0,5.31388E+20,5.4216E+21,9.42867E+15,4.89465E+16
155606,8,2,26,96,2018,7,22,3,3,5,7,2,0,1,0,0,0,0,0,4.76118E+20,5.48932E+21,8.6698E+15,4.9556E+16
155607,8,1,18,48,2018,7,19,6,3,2,6,0,0,1,0,0,0,0,0,5.12128E+20,5.41602E+21,9.16547E+15,4.8897E+16
155608,8,2,26,62,2018,7,18,3,3,5,2,0,1,1,0,0,0,0,0,4.6977E+20,5.46825E+21,8.58364E+15,4.93662E+16
155609,8,1,16,35,2018,7,11,6,3,5,3,0,0,1,0,0,0,1,0,5.26572E+20,5.39257E+21,9.36102E+15,4.86856E+16
155610,8,2,22,0,2018,7,15,3,3,5,3,0,1,1,0,0,0,0,0,4.62493E+20,5.48604E+21,8.48173E+15,4.95258E+16
155611,8,2,22,0,2018,7,8,3,3,2,6,0,0,1,0,1,0,0,0,4.64516E+20,5.47826E+21,8.51038E+15,4.94559E+16
155612,8,1,16,49,2018,7,20,6,3,0,7,0,0,0,1,0,0,1,0,5.2494E+20,5.38621E+21,9.33846E+15,4.86284E+16
155613,8,2,26,38,2018,7,18,3,3,0,3,0,0,1,0,1,0,0,0,4.70703E+20,5.48098E+21,8.59554E+15,4.94807E+16
155614,8,1,16,11,2018,7,6,6,3,8,6,0,0,0,0,1,0,1,0,5.29591E+20,5.38136E+21,9.40124E+15,4.85846E+16
155615,8,2,22,0,2018,7,10,3,3,6,4,0,0,1,1,0,0,0,0,4.60838E+20,5.48221E+21,8.45923E+15,4.94913E+16
155616,8,1,16,56,2018,7,18,6,3,6,3,0,0,1,1,0,0,0,0,5.31561E+20,5.39531E+21,9.42901E+15,4.871E+16
155617,8,1,16,49,2018,7,13,6,3,3,2,0,1,1,0,0,0,0,0,5.25464E+20,5.38467E+21,9.34549E+15,4.86146E+16
155618,8,2,21,0,2018,7,17,3,3,5,2,0,1,1,0,0,0,0,0,4.76436E+20,5.47416E+21,8.6751E+15,4.94196E+16
155619,8,1,16,78,2018,7,8,6,2,5,3,0,0,1,0,1,0,0,0,5.10516E+20,5.39421E+21,9.14291E+15,4.87008E+16
155620,8,2,21,0,2018,7,17,3,3,5,3,0,1,1,0,0,0,0,0,4.766E+20,5.46964E+21,8.67763E+15,4.9379E+16
155621,8,2,15,7,2018,7,9,3,3,2,6,0,0,1,0,0,0,0,0,4.78492E+20,5.43102E+21,8.70576E+15,4.90317E+16
155622,8,1,15,28,2018,7,7,6,3,6,6,0,1,0,1,0,0,0,0,5.00784E+20,5.40485E+21,9.01067E+15,4.87966E+16
155623,8,1,15,13,2018,7,12,6,2,3,6,0,1,0,0,0,0,0,0,4.96533E+20,5.38979E+21,8.95292E+15,4.86611E+16
155624,8,2,12,0,2018,7,18,3,3,5,2,0,1,1,0,0,0,0,0,4.54144E+20,5.4257E+21,8.37327E+15,4.89825E+16
155625,8,3,17,122,2018,7,19,3,3,6,2,0,1,0,1,0,0,0,0,4.17034E+20,5.36876E+21,7.87762E+15,4.84665E+16
155626,8,1,11,0,2018,7,20,6,3,1,1,0,0,1,0,1,0,0,0,5.18317E+20,5.4027E+21,9.24932E+15,4.8777E+16
155627,8,1,35,15,2018,7,14,3,2,0,7,0,0,0,0,0,0,1,0,5.83081E+20,5.38354E+21,1.01269E+16,4.85994E+16
155628,8,1,11,0,2018,7,23,6,3,0,1,2,0,0,0,1,0,0,0,5.07871E+20,5.39773E+21,9.10703E+15,4.87325E+16
155629,8,1,28,131,2018,7,17,3,3,1,5,0,0,1,0,1,0,0,0,5.36285E+20,5.51119E+21,9.50371E+15,4.97521E+16
155630,8,3,35,77,2018,7,8,5,3,5,3,0,1,1,0,0,0,0,0,4.94965E+20,5.2942E+21,8.93276E+15,4.78012E+16
155631,8,4,35,35,2018,7,8,5,3,0,1,0,0,0,0,1,0,0,0,5.41103E+20,5.28312E+21,9.54785E+15,4.77002E+16
155632,8,1,27,25,2018,7,14,3,2,4,2,0,0,1,0,1,0,0,0,5.56378E+20,5.42747E+21,9.77077E+15,4.89975E+16
155633,8,1,21,0,2018,7,8,3,2,5,3,0,1,1,0,0,0,0,0,5.15483E+20,5.44334E+21,9.21229E+15,4.91427E+16
155634,8,3,27,49,2018,7,10,5,3,6,2,0,0,0,1,0,0,1,0,4.72482E+20,5.32441E+21,8.63059E+15,4.80724E+16
155635,8,1,21,0,2018,7,8,3,3,4,3,0,1,1,0,0,0,0,0,5.17182E+20,5.4434E+21,9.23558E+15,4.91432E+16
155636,8,1,19,20,2018,7,17,3,3,5,3,0,1,1,0,0,0,0,0,5.19335E+20,5.40905E+21,9.26347E+15,4.88341E+16
155637,8,4,36,55,2018,7,12,5,2,4,2,0,1,0,0,0,1,0,0,5.78038E+20,5.2921E+21,1.00417E+16,4.77775E+16
155638,8,4,36,82,2018,7,6,5,3,0,3,0,1,1,0,0,0,0,0,5.47866E+20,5.29499E+21,9.63929E+15,4.78065E+16
155639,8,1,19,20,2018,7,8,3,3,5,3,0,1,1,0,0,0,0,0,5.19933E+20,5.40759E+21,9.27155E+15,4.8821E+16
155640,8,4,21,0,2018,7,8,5,3,1,6,0,0,1,0,0,0,0,0,5.71103E+20,5.35961E+21,9.96037E+15,4.83856E+16
155641,8,1,19,67,2018,7,10,3,2,4,6,0,1,0,0,0,0,1,0,5.39798E+20,5.40611E+21,9.54202E+15,4.88067E+16
155642,8,4,16,41,2018,7,14,5,3,4,6,0,1,0,0,0,0,0,0,5.04341E+20,5.37371E+21,9.05879E+15,4.85165E+16
155643,8,4,16,41,2018,7,11,5,3,6,7,0,0,1,1,0,0,0,0,5.04109E+20,5.37405E+21,9.05565E+15,4.85195E+16
155644,8,1,16,78,2018,7,18,3,3,5,3,0,1,0,0,1,0,0,0,5.08798E+20,5.39481E+21,9.11958E+15,4.87063E+16
155645,8,1,15,21,2018,7,9,3,3,5,2,0,1,0,0,0,0,0,0,4.9042E+20,5.38202E+21,8.87009E+15,4.85912E+16
155646,8,4,16,41,2018,7,16,5,3,1,6,0,0,0,0,1,0,1,0,5.0357E+20,5.3748E+21,9.04835E+15,4.85263E+16
155647,8,1,11,0,2018,7,21,3,2,0,1,0,1,0,0,0,0,0,0,5.13988E+20,5.40278E+21,9.1904E+15,4.87779E+16
155648,8,4,16,41,2018,7,18,5,2,6,7,0,0,1,1,0,0,0,0,5.0281E+20,5.37453E+21,9.03805E+15,4.85238E+16
155649,8,1,11,0,2018,7,12,3,3,5,3,0,1,1,0,0,0,0,0,5.11892E+20,5.40377E+21,9.16189E+15,4.87868E+16
155650,8,4,15,87,2018,7,18,5,2,5,3,0,0,1,0,0,0,0,0,5.13042E+20,5.38168E+21,9.17686E+15,4.8588E+16
155651,8,4,36,9,2018,7,13,2,3,6,4,0,0,1,1,0,0,0,0,5.56428E+20,5.30699E+21,9.7552E+15,4.79137E+16
155652,8,4,15,61,2018,7,12,5,3,6,4,0,1,0,1,0,0,0,0,5.15297E+20,5.37142E+21,9.20706E+15,4.84957E+16
155653,8,4,35,57,2018,7,7,2,3,2,6,0,1,0,0,0,0,0,0,5.4488E+20,5.27878E+21,9.59775E+15,4.76609E+16
155654,8,4,25,141,2018,7,12,2,3,5,3,0,0,1,0,1,0,0,0,5.68153E+20,5.36259E+21,9.92101E+15,4.84127E+16
155655,8,3,36,91,2018,7,23,5,3,3,6,2,1,0,0,0,0,0,0,3.95739E+20,5.27131E+21,7.61334E+15,4.75868E+16
155656,8,3,37,45,2018,7,6,2,3,8,7,0,0,1,0,0,0,0,0,4.36921E+20,5.28903E+21,8.15842E+15,4.77516E+16
155657,8,3,37,126,2018,7,7,5,3,2,6,0,0,1,0,1,0,0,0,4.40134E+20,5.27479E+21,8.20323E+15,4.76237E+16
155658,8,4,26,87,2018,7,9,2,3,6,4,0,0,1,1,0,0,0,0,5.70825E+20,5.32455E+21,9.95075E+15,4.80703E+16
155659,8,1,36,65,2018,7,15,2,3,5,3,0,0,1,0,1,0,0,0,5.56929E+20,5.40484E+21,9.77514E+15,4.87939E+16
155660,8,3,36,57,2018,7,19,5,3,0,1,0,1,1,0,0,0,0,0,4.07749E+20,5.27756E+21,7.77172E+15,4.76449E+16
155661,8,4,36,64,2018,7,17,2,3,5,3,0,1,1,0,0,0,0,0,5.45618E+20,5.29191E+21,9.60894E+15,4.77789E+16
155662,8,3,35,63,2018,7,10,5,3,0,1,0,1,0,0,0,0,0,0,4.98487E+20,5.28779E+21,8.97982E+15,4.77435E+16
155663,8,4,36,64,2018,7,23,2,3,0,1,2,1,0,0,0,0,0,0,5.4668E+20,5.29344E+21,9.62328E+15,4.77926E+16
155664,8,3,35,43,2018,7,23,5,3,0,7,2,1,0,0,0,0,0,0,5.1366E+20,5.282E+21,9.18203E+15,4.76912E+16
155665,8,4,36,64,2018,7,12,2,3,2,6,0,0,1,0,0,0,0,0,5.44485E+20,5.29045E+21,9.59367E+15,4.77659E+16
155666,8,3,35,2,2018,7,11,5,2,6,7,0,0,1,1,0,0,0,0,5.04858E+20,5.28473E+21,9.06477E+15,4.7716E+16
155667,8,4,26,121,2018,7,19,2,3,5,3,0,1,0,0,0,0,0,0,5.38064E+20,5.33514E+21,9.51195E+15,4.81684E+16
155668,8,4,21,0,2018,7,19,2,3,2,6,0,0,1,0,0,0,0,0,5.71848E+20,5.35641E+21,9.96988E+15,4.83568E+16
155669,8,3,27,46,2018,7,14,5,3,2,6,0,1,1,0,0,0,0,0,4.80303E+20,5.3239E+21,8.7356E+15,4.80681E+16
155670,8,4,21,0,2018,7,8,2,3,5,3,0,1,0,0,0,0,1,0,5.72292E+20,5.36055E+21,9.97658E+15,4.83939E+16
155671,8,3,26,74,2018,7,18,5,3,3,6,0,0,1,0,0,0,0,0,4.60123E+20,5.32253E+21,8.46486E+15,4.80548E+16
155672,8,4,17,79,2018,7,18,2,3,5,3,0,1,1,0,0,0,0,0,5.01321E+20,5.34445E+21,9.01779E+15,4.82532E+16
155673,8,3,26,74,2018,7,6,5,3,5,3,0,0,1,0,0,0,0,0,4.58871E+20,5.32255E+21,8.44805E+15,4.80549E+16
155674,8,3,26,3,2018,7,19,5,3,5,3,0,0,1,0,0,0,0,0,4.67437E+20,5.31698E+21,8.56342E+15,4.80053E+16
155675,8,4,16,36,2018,7,11,2,3,0,7,0,1,0,0,0,0,0,0,4.95201E+20,5.36848E+21,8.93507E+15,4.84694E+16
155676,8,3,25,61,2018,7,20,5,3,6,7,0,0,1,1,0,0,0,0,4.74976E+20,5.35442E+21,8.6623E+15,4.83425E+16
155677,8,4,16,41,2018,7,9,2,3,0,3,0,0,1,0,0,0,1,0,5.04211E+20,5.37379E+21,9.05702E+15,4.85172E+16
155678,8,3,17,41,2018,7,8,5,3,0,7,0,1,0,0,0,0,0,0,4.37387E+20,5.34798E+21,8.15602E+15,4.8282E+16
155679,8,3,16,56,2018,7,12,5,3,0,1,0,0,0,1,1,0,0,0,4.22622E+20,5.32726E+21,7.96081E+15,4.80939E+16
155680,8,4,16,41,2018,7,13,2,3,6,4,0,1,0,1,0,0,0,0,5.06376E+20,5.37555E+21,9.08637E+15,4.85331E+16
155681,8,3,16,11,2018,7,16,5,2,5,3,0,1,1,0,0,0,0,0,4.15125E+20,5.32955E+21,7.85969E+15,4.81136E+16
155682,8,4,16,41,2018,7,11,2,3,2,6,0,0,1,0,1,0,0,0,5.03467E+20,5.37438E+21,9.04695E+15,4.85225E+16
155683,8,4,15,61,2018,7,19,2,3,2,7,0,1,1,0,0,0,0,0,5.15919E+20,5.37054E+21,9.21544E+15,4.84877E+16
155684,8,3,15,113,2018,7,16,5,3,5,2,0,0,1,0,0,0,1,0,4.37318E+20,5.30625E+21,8.16121E+15,4.79065E+16
155685,8,3,37,2,2018,7,20,2,2,9,1,0,1,0,0,0,0,0,0,4.35251E+20,5.27453E+21,8.13828E+15,4.76209E+16
155686,8,3,15,6,2018,7,14,5,3,5,1,0,1,1,0,0,0,0,0,4.00559E+20,5.30896E+21,7.66882E+15,4.79262E+16
155687,8,3,35,63,2018,7,20,2,3,8,1,0,0,0,0,1,0,0,0,4.98762E+20,5.28807E+21,8.98348E+15,4.7746E+16
155688,8,3,15,59,2018,7,17,5,2,0,1,0,1,0,0,0,0,0,0,3.99479E+20,5.32223E+21,7.65126E+15,4.80454E+16
155689,8,3,11,0,2018,7,14,5,3,5,3,0,0,1,0,0,0,0,0,4.10083E+20,5.31493E+21,7.79504E+15,4.79813E+16
155690,8,3,35,63,2018,7,6,2,3,5,3,0,1,1,0,0,0,0,0,4.97363E+20,5.28741E+21,8.96482E+15,4.77401E+16
155691,8,3,35,43,2018,7,18,2,3,0,7,0,1,0,0,0,0,0,0,5.1281E+20,5.27872E+21,9.17061E+15,4.76618E+16
155692,8,3,11,0,2018,7,17,5,3,2,6,0,0,1,0,1,0,0,0,4.12639E+20,5.31783E+21,7.82868E+15,4.80078E+16
155693,8,3,35,43,2018,7,18,2,3,8,7,0,1,0,0,0,0,0,0,5.12806E+20,5.27871E+21,9.17056E+15,4.76617E+16
155694,8,3,11,0,2018,7,14,5,3,2,6,0,0,1,0,0,0,0,0,4.12226E+20,5.31744E+21,7.82323E+15,4.80043E+16
155695,8,3,35,75,2018,7,13,2,3,0,1,0,1,0,0,0,0,0,0,4.87665E+20,5.2918E+21,8.83535E+15,4.77795E+16
155696,8,4,35,5,2018,7,18,2,2,0,1,0,1,0,0,0,0,0,0,5.25705E+20,5.28647E+21,9.34282E+15,4.77311E+16
155697,8,3,11,0,2018,7,6,5,3,4,2,0,1,1,0,0,0,0,0,4.13762E+20,5.32055E+21,7.8432E+15,4.80324E+16
155698,8,3,11,0,2018,7,9,5,3,5,2,0,1,0,0,0,0,1,0,4.1453E+20,5.3161E+21,7.85438E+15,4.79925E+16
155699,8,3,35,43,2018,7,20,2,2,0,7,0,1,0,0,0,0,0,0,5.12997E+20,5.27925E+21,9.17312E+15,4.76665E+16
155700,8,3,36,50,2018,7,17,5,3,3,2,0,1,0,0,0,0,0,0,3.98911E+20,5.27407E+21,7.65488E+15,4.76122E+16
155701,8,3,11,0,2018,7,23,5,3,1,5,2,0,1,0,0,0,0,0,4.13762E+20,5.31689E+21,7.84394E+15,4.79994E+16