OBJECTID_1,ULAND,UREGBEZ,UKREIS,UGEMEINDE,UJAHR,UMONAT,USTUNDE,UWOCHENTAG,UKATEGORIE,UART,UTYP1,ULICHTVERH,IstRad,IstPKW,IstFuss,IstKrad,IstGkfz,IstSonstig,STRZUSTAND,LINREFX,LINREFY,XGCSWGS84,YGCSWGS84
155889,8,1,15,24,2018,7,9,4,3,5,2,0,1,0,0,1,0,0,0,5.00963E+20,5.38685E+21,9.01308E+15,4.86347E+16
155890,8,4,36,55,2018,7,2,3,3,6,6,2,1,0,1,0,0,0,0,5.77125E+20,5.29755E+21,1.00305E+16,4.78267E+16
155891,8,1,11,0,2018,7,14,1,3,0,7,0,1,0,0,0,0,0,0,5.1567E+20,5.40338E+21,9.21331E+15,4.87832E+16
155892,8,4,17,2,2018,7,7,3,3,8,1,0,0,0,0,1,0,0,0,4.89009E+20,5.34111E+21,8.85202E+15,4.82232E+16
155893,8,4,16,41,2018,7,17,3,3,0,3,0,1,1,0,0,0,0,1,5.04283E+20,5.37391E+21,9.058E+15,4.85183E+16
155894,8,4,26,87,2018,7,12,7,3,9,1,0,0,1,0,0,0,0,0,5.74E+20,5.32571E+21,9.99356E+15,4.80804E+16
155895,8,1,36,28,2018,7,11,7,3,5,3,0,0,1,0,0,0,0,0,5.67868E+20,5.40514E+21,9.92412E+15,4.87956E+16
155896,8,4,15,59,2018,7,10,3,3,5,3,0,1,1,0,0,0,0,0,5.16696E+20,5.36953E+21,9.22592E+15,4.84787E+16
155897,8,4,35,16,2018,7,0,7,3,0,7,2,1,0,0,0,0,0,0,5.36806E+20,5.27872E+21,9.4902E+15,4.76608E+16
155898,8,4,16,41,2018,7,17,3,3,6,7,0,0,0,1,0,0,1,0,5.04289E+20,5.37402E+21,9.05808E+15,4.85193E+16
155899,8,4,21,0,2018,7,19,7,3,2,6,0,0,1,0,0,0,0,0,5.70776E+20,5.36155E+21,9.95628E+15,4.84031E+16
155900,8,4,25,91,2018,7,12,7,3,0,1,0,1,0,0,0,0,0,0,5.52745E+20,5.33793E+21,9.70973E+15,4.81924E+16
155901,8,4,15,61,2018,7,8,3,2,5,3,0,0,1,0,1,0,0,0,5.14521E+20,5.36965E+21,9.1965E+15,4.84798E+16
155902,8,4,15,50,2018,7,11,3,3,2,6,0,0,1,0,0,0,0,0,5.20871E+20,5.3764E+21,9.28276E+15,4.85404E+16
155903,8,4,16,36,2018,7,21,7,2,6,7,1,0,1,1,0,0,0,0,4.90076E+20,5.3751E+21,8.86559E+15,4.85289E+16
155904,8,3,37,123,2018,7,18,3,2,3,1,0,0,1,0,1,0,0,0,4.50762E+20,5.27724E+21,8.34439E+15,4.76467E+16
155905,8,4,15,60,2018,7,4,7,3,0,7,2,1,0,0,0,0,0,0,5.13072E+20,5.38069E+21,9.17723E+15,4.85791E+16
155906,8,3,35,75,2018,7,20,3,3,5,3,0,1,1,0,0,0,0,0,4.88447E+20,5.28877E+21,8.84586E+15,4.77522E+16
155907,8,4,15,19,2018,7,10,7,3,0,1,0,1,0,0,0,0,0,0,5.19401E+20,5.37098E+21,9.26258E+15,4.84917E+16
155908,8,3,35,43,2018,7,11,3,3,6,7,0,0,1,1,0,0,0,0,5.11652E+20,5.28032E+21,9.15524E+15,4.76761E+16
155909,8,4,15,48,2018,7,14,7,2,5,3,0,0,1,0,1,0,0,0,5.40494E+20,5.35838E+21,9.54685E+15,4.83773E+16
155910,8,3,35,43,2018,7,4,3,3,8,1,2,0,1,0,0,0,0,0,5.15502E+20,5.2793E+21,9.20648E+15,4.76669E+16
155911,8,3,25,49,2018,7,17,3,3,5,3,0,0,1,0,0,0,0,0,4.74454E+20,5.33418E+21,8.65647E+15,4.81604E+16
155912,8,4,15,61,2018,7,20,7,3,0,7,0,1,0,0,0,0,0,0,5.15481E+20,5.37301E+21,9.2096E+15,4.851E+16
155913,8,3,16,9,2018,7,12,3,3,5,2,0,1,1,0,0,0,0,0,4.17186E+20,5.32459E+21,7.88834E+15,4.80692E+16
155914,8,3,36,6,2018,7,17,7,2,1,2,0,1,1,0,0,0,0,0,3.91648E+20,5.28802E+21,7.5548E+15,4.77365E+16
155915,8,3,16,20,2018,7,18,3,3,5,3,0,1,1,0,0,0,0,0,4.0845E+20,5.33938E+21,7.7679E+15,4.8201E+16
155916,8,3,15,74,2018,7,14,3,3,2,1,0,0,1,0,1,0,0,0,3.97376E+20,5.29589E+21,7.62932E+15,4.78082E+16
155917,8,3,36,69,2018,7,16,7,3,5,3,0,1,0,0,0,0,0,0,4.06719E+20,5.26759E+21,7.76013E+15,4.7555E+16
155918,8,3,36,81,2018,7,7,3,3,5,3,0,1,1,0,0,0,0,0,4.12585E+20,5.27925E+21,7.83575E+15,4.76608E+16
155919,8,3,36,50,2018,7,20,7,2,0,7,0,1,0,0,0,0,0,0,3.99116E+20,5.27356E+21,7.65772E+15,4.76076E+16
155920,8,3,11,0,2018,7,15,3,3,5,2,0,1,0,0,0,0,1,0,4.12444E+20,5.31848E+21,7.82594E+15,4.80136E+16
155921,8,3,35,75,2018,7,13,7,3,6,7,0,0,1,1,0,0,0,0,4.89051E+20,5.28986E+21,8.85389E+15,4.7762E+16
155922,8,3,11,0,2018,7,19,3,3,5,3,0,1,1,0,0,0,0,0,4.14614E+20,5.31776E+21,7.85517E+15,4.80075E+16
155923,8,3,35,75,2018,7,20,7,3,5,3,1,0,1,0,0,0,0,0,4.89821E+20,5.2882E+21,8.8642E+15,4.77471E+16
155924,8,2,22,0,2018,7,10,3,2,0,1,0,1,0,0,0,0,0,0,4.68486E+20,5.47929E+21,8.56508E+15,4.94655E+16
155925,8,2,12,0,2018,7,20,3,2,5,3,0,0,1,0,1,0,0,0,4.51032E+20,5.42829E+21,8.33043E+15,4.90056E+16
155926,8,3,35,43,2018,7,11,7,3,5,2,0,1,0,0,1,0,1,0,5.14522E+20,5.28216E+21,9.19352E+15,4.76926E+16
155927,8,2,12,0,2018,7,7,3,3,5,3,0,1,1,0,0,0,0,0,4.50548E+20,5.42864E+21,8.32378E+15,4.90087E+16
155928,8,4,17,25,2018,7,20,7,2,0,1,0,0,0,0,1,0,0,0,4.86046E+20,5.35898E+21,8.81153E+15,4.83838E+16
155929,8,2,12,0,2018,7,6,3,2,5,3,0,1,0,0,0,0,0,0,4.57719E+20,5.4296E+21,8.42173E+15,4.90178E+16
155930,8,3,17,100,2018,7,23,7,3,0,1,2,1,0,0,0,0,0,0,4.24245E+20,5.36791E+21,7.97532E+15,4.84598E+16
155931,8,3,16,20,2018,7,15,7,3,5,3,0,0,1,0,0,0,0,0,4.08637E+20,5.33817E+21,7.77069E+15,4.81902E+16
155932,8,2,12,0,2018,7,9,3,3,5,3,0,0,1,0,1,0,0,0,4.59823E+20,5.4287E+21,8.4506E+15,4.90099E+16
155933,8,3,15,130,2018,7,14,7,3,3,2,0,1,1,0,0,0,0,0,4.08177E+20,5.301E+21,7.77247E+15,4.78558E+16
155934,8,2,26,98,2018,7,17,3,3,0,4,0,0,1,1,0,0,0,0,4.77163E+20,5.45991E+21,8.68594E+15,4.92915E+16
155935,8,3,15,15,2018,7,19,7,3,5,3,0,1,0,0,0,0,1,0,3.94726E+20,5.31999E+21,7.58805E+15,4.80245E+16
155936,8,3,11,0,2018,7,19,7,3,5,3,0,1,1,0,0,0,0,0,4.14716E+20,5.3164E+21,7.85681E+15,4.79952E+16
155937,8,2,26,98,2018,7,9,3,3,6,4,0,1,0,1,0,0,0,0,4.77942E+20,5.46024E+21,8.69664E+15,4.92945E+16
155938,8,3,11,0,2018,7,15,7,2,5,3,0,0,1,0,0,0,0,0,4.13049E+20,5.32029E+21,7.83369E+15,4.803E+16
155939,8,2,26,98,2018,7,17,3,3,5,2,0,1,1,0,0,0,0,0,4.76939E+20,5.45991E+21,8.68286E+15,4.92915E+16
155940,8,2,22,0,2018,7,13,3,2,6,6,0,1,0,1,0,0,0,0,4.63009E+20,5.48082E+21,8.48934E+15,4.94789E+16
155941,8,3,11,0,2018,7,3,7,2,1,1,2,1,1,0,0,0,0,0,4.15644E+20,5.3159E+21,7.86934E+15,4.79908E+16
155942,8,2,22,0,2018,7,11,3,3,5,3,0,1,1,0,0,0,0,0,4.61824E+20,5.48013E+21,8.47305E+15,4.94726E+16
155943,8,2,12,0,2018,7,15,7,2,5,3,0,1,0,0,0,0,0,0,4.5475E+20,5.42803E+21,8.3813E+15,4.90035E+16
155944,8,2,22,0,2018,7,12,3,3,0,3,0,0,1,0,1,0,0,0,4.61221E+20,5.48177E+21,8.46457E+15,4.94874E+16
155945,8,2,15,64,2018,7,12,7,3,5,3,0,1,1,0,0,0,0,0,4.85084E+20,5.44696E+21,8.79535E+15,4.91753E+16
155946,8,2,31,0,2018,7,15,7,3,2,7,0,0,1,0,1,0,0,0,4.75844E+20,5.41288E+21,8.67061E+15,4.88684E+16
155947,8,2,22,0,2018,7,13,3,2,4,3,0,1,1,0,0,0,0,0,4.65025E+20,5.47671E+21,8.51754E+15,4.9442E+16
155948,8,2,21,0,2018,7,6,3,3,2,6,0,0,1,0,0,0,0,0,4.76074E+20,5.47286E+21,8.67018E+15,4.9408E+16
155949,8,2,26,3,2018,7,9,7,3,5,3,0,1,1,0,0,0,0,0,4.6346E+20,5.46084E+21,8.49741E+15,4.92992E+16
155950,8,2,12,0,2018,7,18,3,3,2,6,0,0,1,0,0,0,0,0,4.60316E+20,5.4251E+21,8.45768E+15,4.89775E+16
155951,8,2,25,109,2018,7,18,7,3,5,2,0,1,0,0,1,0,0,0,5.25977E+20,5.49237E+21,9.35937E+15,4.95834E+16
155952,8,3,17,5,2018,7,10,3,3,5,3,0,1,1,0,0,0,0,0,4.23767E+20,5.379E+21,7.96683E+15,4.85595E+16
155953,8,1,36,65,2018,7,15,3,3,2,6,0,0,1,0,0,0,0,0,5.59315E+20,5.40569E+21,9.80774E+15,4.88013E+16
155954,8,2,22,0,2018,7,18,7,3,4,6,0,0,1,0,0,0,0,0,4.65418E+20,5.47629E+21,8.523E+15,4.94383E+16
155955,8,2,21,0,2018,7,20,7,3,5,3,0,1,1,0,0,0,0,0,4.77768E+20,5.47347E+21,8.69349E+15,4.94135E+16
155956,8,1,27,14,2018,7,18,3,3,4,1,0,0,1,0,1,0,0,0,5.78742E+20,5.44444E+21,1.00798E+16,4.91478E+16
155957,8,2,21,0,2018,7,18,7,3,5,3,0,0,1,0,1,0,0,0,4.77135E+20,5.47262E+21,8.68483E+15,4.94058E+16
155958,8,2,16,15,2018,7,12,7,3,5,3,0,1,1,0,0,0,0,0,4.4982E+20,5.40586E+21,8.31663E+15,4.88037E+16
155959,8,1,27,76,2018,7,14,3,3,2,6,0,0,0,0,1,0,1,0,5.53359E+20,5.44025E+21,9.73118E+15,4.91128E+16
155960,8,1,21,0,2018,7,8,3,3,3,6,0,0,1,0,0,0,0,0,5.16219E+20,5.44088E+21,9.22229E+15,4.91205E+16
155961,8,2,16,17,2018,7,19,7,3,1,7,0,1,1,0,0,0,0,0,4.51298E+20,5.40116E+21,8.33731E+15,4.87615E+16
155962,8,1,19,41,2018,7,17,3,3,0,1,0,1,0,0,0,0,0,0,5.26006E+20,5.40967E+21,9.35441E+15,4.88395E+16
155963,8,2,16,59,2018,7,19,7,3,8,1,0,1,0,0,0,0,0,0,4.52318E+20,5.39757E+21,8.3516E+15,4.87293E+16
155964,8,1,19,20,2018,7,18,3,3,3,5,0,1,1,0,0,0,0,0,5.2027E+20,5.40633E+21,9.27609E+15,4.88097E+16
155965,8,2,15,102,2018,7,11,7,3,5,3,0,1,1,0,0,0,0,0,4.56416E+20,5.43634E+21,8.40318E+15,4.90784E+16
155966,8,1,19,20,2018,7,17,3,3,1,1,0,1,1,0,0,0,0,0,5.21084E+20,5.40559E+21,9.28713E+15,4.88029E+16
155967,8,2,15,17,2018,7,12,7,3,6,7,0,0,1,1,0,0,0,0,4.56983E+20,5.42149E+21,8.41252E+15,4.89449E+16
155968,8,1,18,12,2018,7,18,3,3,4,2,0,0,1,0,0,0,0,0,4.97336E+20,5.41421E+21,8.96367E+15,4.88809E+16
155969,8,2,12,0,2018,7,17,7,3,1,7,0,1,1,0,0,0,0,0,4.55944E+20,5.42589E+21,8.39785E+15,4.89843E+16
155970,8,2,12,0,2018,7,17,7,3,0,7,0,1,0,0,0,0,0,0,4.55472E+20,5.43095E+21,8.39085E+15,4.90298E+16
155971,8,1,18,76,2018,7,2,3,3,9,1,2,0,1,0,0,0,0,0,5.05611E+20,5.42271E+21,9.07665E+15,4.89573E+16
155972,8,2,16,43,2018,7,11,7,3,5,2,0,1,1,0,0,0,0,0,4.4126E+20,5.41235E+21,8.19913E+15,4.88613E+16
155973,8,1,18,73,2018,7,7,3,3,0,7,0,1,0,0,0,0,0,0,4.97446E+20,5.42064E+21,8.96512E+15,4.89387E+16
155974,8,1,17,26,2018,7,12,3,3,5,7,0,1,1,0,0,0,0,0,5.47816E+20,5.39464E+21,9.64988E+15,4.8703E+16
155975,8,2,11,0,2018,7,1,7,3,8,1,2,0,1,0,0,0,0,0,4.43534E+20,5.4016E+21,8.23161E+15,4.87649E+16
155976,8,1,17,7,2018,7,12,3,3,1,7,0,0,0,0,1,1,0,0,5.58291E+20,5.38324E+21,9.79064E+15,4.85995E+16
155977,8,1,17,18,2018,7,8,7,2,0,1,0,1,0,0,0,0,0,0,5.39663E+20,5.3963E+21,9.53923E+15,4.87185E+16
155978,8,1,16,33,2018,7,6,3,3,0,1,0,1,0,0,0,0,0,0,5.32871E+20,5.38813E+21,9.44625E+15,4.86453E+16
155979,8,1,25,5,2018,7,12,7,3,5,3,0,0,1,0,0,0,0,0,5.1579E+20,5.45235E+21,9.21685E+15,4.92237E+16
155980,8,1,15,28,2018,7,8,3,3,5,2,0,1,1,0,0,0,0,0,5.00538E+20,5.40492E+21,9.00732E+15,4.87973E+16
155981,8,1,19,79,2018,7,21,7,3,0,1,0,0,0,0,1,0,0,0,5.23636E+20,5.4075E+21,9.32199E+15,4.88201E+16
155982,8,1,11,0,2018,7,18,3,3,1,5,0,0,1,0,1,0,0,0,5.12007E+20,5.40311E+21,9.16344E+15,4.87809E+16
155983,8,1,11,0,2018,7,11,3,3,5,3,0,0,1,0,0,0,0,0,5.13244E+20,5.40339E+21,9.1803E+15,4.87834E+16
155984,8,1,18,77,2018,7,14,7,2,0,7,0,1,0,0,0,0,0,0,5.12916E+20,5.42345E+21,9.17646E+15,4.89638E+16
155985,8,1,11,0,2018,7,9,3,3,0,7,0,0,0,0,1,0,0,0,5.1865E+20,5.40287E+21,9.25385E+15,4.87785E+16
155986,8,3,36,45,2018,7,7,2,3,5,3,0,1,1,0,0,0,0,0,3.97895E+20,5.28191E+21,7.63953E+15,4.76825E+16
155987,8,1,18,79,2018,7,3,7,3,6,4,2,0,0,1,0,0,1,0,5.07481E+20,5.42126E+21,9.10216E+15,4.89442E+16
155988,8,4,36,81,2018,7,15,2,3,0,1,0,1,0,0,0,0,0,0,5.63041E+20,5.28353E+21,9.84028E+15,4.77021E+16
155989,8,1,17,49,2018,7,23,7,3,0,7,2,1,0,0,0,0,0,0,5.5501E+20,5.39199E+21,9.74729E+15,4.86785E+16
155990,8,4,35,52,2018,7,7,2,3,4,2,0,1,1,0,0,0,0,0,5.22475E+20,5.28917E+21,9.29988E+15,4.77555E+16
155991,8,1,16,48,2018,7,15,7,2,6,4,0,0,1,1,0,0,0,0,5.33745E+20,5.39085E+21,9.45834E+15,4.86698E+16
155992,8,1,16,19,2018,7,12,7,3,5,3,0,1,1,0,0,0,0,0,5.2134E+20,5.39827E+21,9.29023E+15,4.8737E+16
155993,8,4,35,59,2018,7,7,2,2,6,4,0,0,0,1,0,1,0,0,5.14181E+20,5.28902E+21,9.1892E+15,4.77544E+16
155994,8,1,15,45,2018,7,13,7,2,5,3,0,0,1,0,1,0,0,0,4.98669E+20,5.39569E+21,8.98191E+15,4.87142E+16
155995,8,4,26,21,2018,7,14,2,3,0,1,0,1,1,0,0,0,0,0,5.58037E+20,5.32769E+21,9.77954E+15,4.80999E+16
155996,8,4,26,21,2018,7,16,2,2,5,3,0,1,1,0,0,0,0,0,5.58815E+20,5.32721E+21,9.78991E+15,4.80954E+16
155997,8,1,15,3,2018,7,8,7,2,6,4,0,1,0,1,0,0,0,0,4.99769E+20,5.39101E+21,8.99687E+15,4.86722E+16
155998,8,1,11,0,2018,7,16,7,3,5,7,0,0,1,0,1,0,0,0,5.15955E+20,5.4065E+21,9.21731E+15,4.88113E+16
155999,8,4,21,0,2018,7,7,2,3,0,3,0,0,1,0,0,0,1,0,5.70235E+20,5.36379E+21,9.94934E+15,4.84233E+16
156000,8,1,11,0,2018,7,19,7,3,1,5,0,0,1,0,0,0,0,0,5.14152E+20,5.40333E+21,9.19265E+15,4.87828E+16
156001,8,1,11,0,2018,7,17,7,3,5,2,0,1,1,0,0,0,0,0,5.08092E+20,5.39615E+21,9.11002E+15,4.87183E+16
156002,8,4,21,0,2018,7,19,2,3,6,7,0,0,1,1,0,0,0,0,5.75469E+20,5.36478E+21,1.00203E+16,4.84317E+16
156003,8,4,36,64,2018,7,7,6,3,6,1,0,1,0,1,0,0,0,0,5.4603E+20,5.29221E+21,9.61447E+15,4.77816E+16
156004,8,4,17,31,2018,7,11,2,3,6,4,0,0,1,1,0,0,0,0,4.9791E+20,5.35568E+21,8.97179E+15,4.83543E+16
156005,8,4,35,59,2018,7,12,6,3,6,6,0,0,0,1,0,1,1,0,5.11775E+20,5.29046E+21,9.15715E+15,4.77674E+16
156006,8,4,26,1,2018,7,18,6,3,8,1,0,0,1,0,0,0,0,0,5.66953E+20,5.34463E+21,9.90194E+15,4.82514E+16
156007,8,4,17,79,2018,7,17,2,3,1,5,0,1,1,0,0,0,0,0,4.99891E+20,5.34725E+21,8.99853E+15,4.82785E+16
156008,8,4,16,41,2018,7,15,2,3,4,2,0,1,1,0,0,0,0,0,5.0508E+20,5.37375E+21,9.06879E+15,4.85168E+16
156009,8,4,21,0,2018,7,18,6,3,6,7,0,1,0,1,0,0,0,0,5.73314E+20,5.36106E+21,9.99048E+15,4.83984E+16
156010,8,4,15,50,2018,7,14,2,3,0,1,0,1,0,0,0,0,0,0,5.2104E+20,5.37644E+21,9.28504E+15,4.85407E+16
156011,8,3,37,126,2018,7,10,2,2,2,6,0,0,1,0,0,0,0,0,4.41969E+20,5.27493E+21,8.22764E+15,4.76252E+16
156012,8,4,17,13,2018,7,6,6,3,0,1,0,0,0,0,1,0,0,0,5.07316E+20,5.3488E+21,9.09863E+15,4.82923E+16
156013,8,4,17,2,2018,7,12,6,3,5,3,0,0,1,0,1,0,0,0,4.88867E+20,5.3463E+21,8.84997E+15,4.82698E+16
156014,8,3,35,63,2018,7,9,2,3,0,7,0,1,0,0,0,0,0,0,4.98061E+20,5.28838E+21,8.97413E+15,4.77488E+16
156015,8,4,16,41,2018,7,19,6,3,2,6,0,0,1,0,1,0,0,0,5.03586E+20,5.3743E+21,9.04856E+15,4.85218E+16
156016,8,3,17,65,2018,7,1,2,3,9,7,2,0,1,0,0,0,0,0,4.1273E+20,5.35571E+21,7.82213E+15,4.83486E+16
156017,8,3,16,56,2018,7,17,2,2,5,3,0,1,1,0,0,0,0,0,4.22925E+20,5.32729E+21,7.96487E+15,4.80942E+16
156018,8,4,16,41,2018,7,15,6,3,0,7,0,1,0,0,0,0,0,0,5.04845E+20,5.3712E+21,9.06558E+15,4.84939E+16
156019,8,3,11,0,2018,7,15,2,3,5,2,0,1,1,0,0,0,0,0,4.13912E+20,5.31563E+21,7.84619E+15,4.79882E+16
156020,8,3,36,50,2018,7,12,2,3,5,3,0,1,1,0,0,0,0,0,3.99398E+20,5.27486E+21,7.66118E+15,4.76194E+16
156021,8,4,16,41,2018,7,16,6,3,5,3,0,1,1,0,0,0,0,0,5.03683E+20,5.3766E+21,9.0499E+15,4.85425E+16
156022,8,3,36,19,2018,7,19,2,3,4,6,0,1,1,0,0,0,0,0,3.94295E+20,5.27662E+21,7.59286E+15,4.76343E+16
156023,8,4,16,41,2018,7,7,6,3,6,7,0,1,0,1,0,0,0,0,5.03987E+20,5.37382E+21,9.05399E+15,4.85175E+16
156024,8,2,12,0,2018,7,17,2,3,5,3,0,1,1,0,0,0,0,0,4.5794E+20,5.42894E+21,8.42482E+15,4.90119E+16
156025,8,4,15,61,2018,7,16,6,3,2,6,0,0,1,0,0,0,0,0,5.1529E+20,5.37267E+21,9.207E+15,4.8507E+16
156026,8,4,15,50,2018,7,13,6,3,5,3,0,1,1,0,0,0,0,0,5.21204E+20,5.37565E+21,9.28723E+15,4.85336E+16
156027,8,2,12,0,2018,7,16,2,3,5,3,0,1,0,0,0,0,1,0,4.5873E+20,5.42933E+21,8.43558E+15,4.90155E+16
156028,8,3,35,63,2018,7,17,6,3,0,7,0,1,0,0,0,0,0,0,4.97303E+20,5.28751E+21,8.96403E+15,4.7741E+16
156029,8,2,31,0,2018,7,10,2,3,0,7,0,1,0,0,0,0,1,0,4.78388E+20,5.41544E+21,8.70517E+15,4.88915E+16
156030,8,2,26,85,2018,7,8,2,3,5,2,0,0,1,0,0,0,0,1,4.91081E+20,5.45402E+21,8.87748E+15,4.92389E+16
156031,8,3,35,63,2018,7,15,6,2,5,3,0,1,0,0,0,0,0,0,4.97694E+20,5.28718E+21,8.96924E+15,4.7738E+16
156032,8,2,22,0,2018,7,19,2,2,8,1,0,0,1,0,0,0,0,0,4.63221E+20,5.47885E+21,8.49245E+15,4.94612E+16
156033,8,3,35,43,2018,7,12,6,3,5,2,0,1,1,0,0,0,0,0,5.12694E+20,5.27822E+21,9.16906E+15,4.76573E+16
156034,8,2,26,107,2018,7,17,2,2,5,2,0,1,0,0,0,1,0,0,4.75123E+20,5.4829E+21,8.65644E+15,4.94983E+16
156035,8,3,35,63,2018,7,12,6,3,2,6,0,1,0,0,0,0,0,0,4.98386E+20,5.28721E+21,8.97847E+15,4.77383E+16
156036,8,3,26,12,2018,7,7,6,3,3,6,0,0,1,0,0,0,0,0,4.63592E+20,5.30909E+21,8.51254E+15,4.79341E+16
156037,8,2,21,0,2018,7,9,2,3,6,7,0,0,1,1,0,0,0,0,4.77103E+20,5.47278E+21,8.68437E+15,4.94073E+16
156038,8,3,25,53,2018,7,10,6,3,9,1,0,0,1,0,0,0,0,0,4.56119E+20,5.34178E+21,8.40914E+15,4.82277E+16
156039,8,2,21,0,2018,7,15,2,3,1,5,0,1,0,0,0,0,1,0,4.77665E+20,5.47373E+21,8.69207E+15,4.94159E+16
156040,8,3,27,2,2018,7,19,6,2,5,3,0,0,1,0,1,0,0,0,4.75478E+20,5.32844E+21,8.67058E+15,4.81087E+16
156041,8,2,21,0,2018,7,14,2,3,5,2,0,1,1,0,0,0,0,0,4.76564E+20,5.47338E+21,8.6769E+15,4.94126E+16
156042,8,3,17,47,2018,7,7,6,3,5,2,0,1,1,0,0,0,0,0,4.19873E+20,5.36414E+21,7.91691E+15,4.84253E+16
156043,8,2,21,0,2018,7,18,2,3,3,7,0,0,1,0,1,0,0,0,4.77707E+20,5.47275E+21,8.6927E+15,4.9407E+16
156044,8,2,16,43,2018,7,13,2,3,5,3,0,0,1,0,0,0,0,0,4.41484E+20,5.41223E+21,8.2022E+15,4.88603E+16
156045,8,3,11,0,2018,7,12,6,3,0,1,0,1,0,0,0,0,0,0,4.14553E+20,5.31608E+21,7.85469E+15,4.79923E+16
156046,8,2,15,7,2018,7,22,2,3,1,5,2,0,1,0,1,0,0,0,4.76967E+20,5.43195E+21,8.68484E+15,4.904E+16
156047,8,3,11,0,2018,7,17,6,3,5,3,0,1,0,0,1,0,0,0,4.09792E+20,5.31683E+21,7.79074E+15,4.79984E+16
156048,8,2,15,109,2018,7,23,2,2,9,1,2,0,0,0,1,0,0,0,4.61444E+20,5.4391E+21,8.47177E+15,4.91035E+16
156049,8,3,11,0,2018,7,14,6,3,5,2,0,0,1,0,1,0,0,0,4.13902E+20,5.31713E+21,7.84576E+15,4.80017E+16
156050,8,3,11,0,2018,7,22,6,3,3,2,2,1,1,0,0,0,0,0,4.14444E+20,5.31839E+21,7.85277E+15,4.8013E+16
156051,8,2,15,17,2018,7,16,2,3,5,3,0,1,1,0,0,0,0,0,4.59486E+20,5.42004E+21,8.44684E+15,4.8932E+16
156052,8,2,31,0,2018,7,14,6,3,2,6,0,0,1,0,0,0,0,0,4.75984E+20,5.41609E+21,8.67233E+15,4.88973E+16
156053,8,2,12,0,2018,7,19,2,3,5,3,0,1,0,0,0,0,0,0,4.551E+20,5.42917E+21,8.38595E+15,4.90137E+16
156054,8,2,12,0,2018,7,16,6,2,5,7,0,1,1,0,0,0,0,0,4.52425E+20,5.43151E+21,8.3491E+15,4.90346E+16
156055,8,2,16,49,2018,7,13,2,3,0,1,0,0,0,0,1,0,0,0,4.38865E+20,5.40208E+21,8.16801E+15,4.87687E+16
156056,8,2,12,0,2018,7,9,6,2,0,3,0,1,0,0,1,0,0,0,4.56852E+20,5.42864E+21,8.40998E+15,4.90092E+16
156057,8,2,11,0,2018,7,18,2,3,3,2,0,1,1,0,0,0,0,0,4.43926E+20,5.40161E+21,8.23693E+15,4.87649E+16
156058,8,3,17,34,2018,7,12,2,3,0,7,0,1,0,0,0,0,0,0,4.27757E+20,5.36083E+21,8.02403E+15,4.83965E+16
156059,8,2,15,109,2018,7,11,6,3,9,7,0,0,1,0,0,0,0,0,4.60838E+20,5.43299E+21,8.46406E+15,4.90485E+16
156060,8,2,11,0,2018,7,7,2,3,6,4,0,1,0,1,0,0,0,1,4.43925E+20,5.4015E+21,8.23694E+15,4.87639E+16
156061,8,2,12,0,2018,7,8,6,2,0,1,0,1,0,0,0,0,0,0,4.54641E+20,5.42878E+21,8.37973E+15,4.90103E+16
156062,8,1,15,45,2018,7,17,2,3,6,4,0,0,1,1,0,0,0,0,5.00869E+20,5.39692E+21,9.01181E+15,4.87253E+16
156063,8,2,31,0,2018,7,7,6,3,1,6,0,0,1,0,0,0,0,0,4.8009E+20,5.4158E+21,8.72837E+15,4.88949E+16
156064,8,2,26,91,2018,7,12,6,3,0,1,0,1,0,0,0,0,0,0,4.93798E+20,5.46033E+21,8.9147E+15,4.92957E+16
156065,8,4,36,81,2018,7,15,6,2,5,3,0,1,1,0,0,0,0,0,5.61665E+20,5.28288E+21,9.82185E+15,4.76964E+16
156066,8,4,35,16,2018,7,17,6,3,5,2,0,1,0,0,0,0,0,0,5.35521E+20,5.27833E+21,9.47305E+15,4.76574E+16
156067,8,4,26,13,2018,7,13,6,3,0,7,0,0,1,0,0,0,0,1,5.44754E+20,5.32291E+21,9.60063E+15,4.80579E+16
156068,8,4,26,120,2018,7,12,6,3,0,7,0,0,1,0,1,0,0,0,5.61451E+20,5.32372E+21,9.82481E+15,4.80638E+16
156069,8,4,21,0,2018,7,14,6,3,5,3,0,1,1,0,0,0,0,0,5.74143E+20,5.36225E+21,1.00019E+16,4.8409E+16
156070,8,4,16,36,2018,7,17,6,3,5,3,0,0,1,0,0,0,0,0,4.96018E+20,5.36939E+21,8.94612E+15,4.84776E+16
156071,8,4,16,41,2018,7,17,6,3,0,7,0,0,1,0,0,0,0,1,5.03496E+20,5.37645E+21,9.04737E+15,4.85411E+16
156072,8,4,16,41,2018,7,14,6,3,0,7,0,1,0,0,0,0,0,0,5.03024E+20,5.37416E+21,9.04095E+15,4.85206E+16
156073,8,4,16,41,2018,7,7,6,3,4,2,0,1,1,0,0,0,0,0,5.03212E+20,5.37454E+21,9.04351E+15,4.85239E+16
156074,8,4,15,61,2018,7,18,6,3,5,3,0,0,1,0,1,0,0,1,5.1665E+20,5.37267E+21,9.22542E+15,4.85069E+16
156075,8,4,15,61,2018,7,18,6,3,0,1,0,0,0,0,1,0,0,1,5.15395E+20,5.37093E+21,9.20836E+15,4.84913E+16