OBJECTID_1,ULAND,UREGBEZ,UKREIS,UGEMEINDE,UJAHR,UMONAT,USTUNDE,UWOCHENTAG,UKATEGORIE,UART,UTYP1,ULICHTVERH,IstRad,IstPKW,IstFuss,IstKrad,IstGkfz,IstSonstig,STRZUSTAND,LINREFX,LINREFY,XGCSWGS84,YGCSWGS84
156450,8,4,36,64,2018,7,17,6,3,0,1,0,1,0,0,0,0,0,0,5.44713E+20,5.29215E+21,9.59689E+15,4.77812E+16
156451,8,2,37,28,2018,7,9,4,3,3,2,0,1,0,0,0,0,0,0,4.574E+20,5.36775E+21,8.42376E+15,4.84614E+16
156452,8,4,26,21,2018,7,16,6,2,0,7,0,0,0,0,1,0,1,1,5.59218E+20,5.32782E+21,9.7954E+15,4.81009E+16
156453,8,2,35,85,2018,7,8,4,3,5,3,0,0,1,0,1,0,0,0,4.82326E+20,5.39497E+21,8.75976E+15,4.87076E+16
156454,8,4,15,61,2018,7,21,6,3,3,2,2,0,1,0,1,0,0,0,5.15726E+20,5.37138E+21,9.21286E+15,4.84954E+16
156455,8,2,22,0,2018,7,15,4,3,5,3,0,0,1,0,1,0,0,0,4.66238E+20,5.47715E+21,8.53423E+15,4.94461E+16
156456,8,3,36,81,2018,7,12,6,3,5,3,0,0,1,0,1,0,0,0,4.1192E+20,5.27841E+21,7.82707E+15,4.76531E+16
156457,8,2,22,0,2018,7,16,4,2,1,5,0,0,1,0,1,0,0,0,4.64164E+20,5.48524E+21,8.50488E+15,4.95187E+16
156458,8,2,26,18,2018,7,6,4,3,1,5,0,0,1,0,0,0,0,0,4.73213E+20,5.47327E+21,8.63072E+15,4.94115E+16
156459,8,3,36,69,2018,7,21,6,3,1,5,1,1,1,0,0,0,0,0,4.08969E+20,5.26937E+21,7.78966E+15,4.75714E+16
156460,8,2,16,5,2018,7,19,4,3,0,7,0,1,0,0,0,0,0,0,4.46629E+20,5.41675E+21,8.27174E+15,4.89014E+16
156461,8,3,36,50,2018,7,5,6,3,1,6,0,0,1,0,0,0,0,0,4.01019E+20,5.27702E+21,7.68225E+15,4.7639E+16
156462,8,2,16,43,2018,7,10,4,3,5,3,0,1,1,0,0,0,0,0,4.42892E+20,5.4128E+21,8.22131E+15,4.88655E+16
156463,8,3,35,43,2018,7,23,6,3,0,1,2,1,0,0,0,0,0,0,5.13776E+20,5.28111E+21,9.18355E+15,4.76832E+16
156464,8,3,35,75,2018,7,15,6,3,0,1,0,1,0,0,0,0,0,0,4.87962E+20,5.29132E+21,8.83932E+15,4.77751E+16
156465,8,2,15,25,2018,7,7,4,3,2,6,0,0,1,0,0,0,0,0,4.74948E+20,5.43452E+21,8.65705E+15,4.9063E+16
156466,8,3,25,49,2018,7,14,6,2,1,6,0,0,1,0,1,0,0,0,4.72373E+20,5.3335E+21,8.62853E+15,4.81542E+16
156467,8,2,15,106,2018,7,13,4,3,5,3,0,1,1,0,0,0,0,0,4.66229E+20,5.45468E+21,8.53601E+15,4.9244E+16
156468,8,3,27,50,2018,7,10,6,3,4,6,0,0,1,0,0,0,0,0,4.85639E+20,5.31646E+21,8.80748E+15,4.80012E+16
156469,8,3,17,110,2018,7,12,6,3,2,6,0,0,1,0,0,0,0,0,4.2708E+20,5.38332E+21,8.01096E+15,4.85987E+16
156470,8,2,15,17,2018,7,23,4,3,8,1,2,0,1,0,0,0,0,0,4.5656E+20,5.42198E+21,8.40669E+15,4.89492E+16
156471,8,3,16,11,2018,7,11,6,3,5,3,0,1,1,0,0,0,0,0,4.15535E+20,5.32887E+21,7.86533E+15,4.81075E+16
156472,8,1,35,19,2018,7,13,4,3,3,2,0,1,1,0,0,0,0,0,5.85221E+20,5.39212E+21,1.01577E+16,4.86763E+16
156473,8,1,35,31,2018,7,18,4,3,0,1,0,1,0,0,0,0,0,0,5.93849E+20,5.38096E+21,1.02723E+16,4.85747E+16
156474,8,3,15,74,2018,7,11,6,3,6,4,0,0,1,1,0,0,0,0,3.97747E+20,5.29523E+21,7.63443E+15,4.78023E+16
156475,8,1,28,115,2018,7,10,4,3,6,5,0,0,1,1,0,0,0,0,5.48415E+20,5.49742E+21,9.67039E+15,4.96274E+16
156476,8,3,11,0,2018,7,14,6,3,8,1,0,0,0,0,1,0,0,0,4.13266E+20,5.31863E+21,7.83693E+15,4.80151E+16
156477,8,1,28,7,2018,7,20,4,3,2,6,0,0,1,0,1,0,0,0,5.57116E+20,5.48284E+21,9.78874E+15,4.94955E+16
156478,8,3,11,0,2018,7,13,6,2,5,2,0,0,1,0,1,0,0,0,4.04487E+20,5.31459E+21,7.72014E+15,4.79775E+16
156479,8,3,11,0,2018,7,20,6,3,1,5,0,1,1,0,0,0,0,0,4.11739E+20,5.31908E+21,7.81636E+15,4.80189E+16
156480,8,1,27,76,2018,7,10,4,3,5,3,0,0,0,0,1,0,1,0,5.51707E+20,5.43898E+21,9.70838E+15,4.91015E+16
156481,8,1,26,60,2018,7,17,4,2,4,6,0,0,1,0,1,0,0,0,5.44716E+20,5.45947E+21,9.61489E+15,4.92864E+16
156482,8,2,12,0,2018,7,7,6,3,5,2,0,1,1,0,0,0,0,0,4.58105E+20,5.42885E+21,8.42708E+15,4.90111E+16
156483,8,1,25,65,2018,7,10,4,3,4,2,0,0,0,0,1,1,0,0,5.14588E+20,5.44834E+21,9.2002E+15,4.91877E+16
156484,8,2,31,0,2018,7,18,6,3,3,2,0,0,1,0,1,0,0,0,4.79024E+20,5.41614E+21,8.71381E+15,4.88979E+16
156485,8,1,21,0,2018,7,11,4,3,5,3,0,1,1,0,0,0,0,0,5.15135E+20,5.44121E+21,9.20743E+15,4.91236E+16
156486,8,1,21,0,2018,7,7,4,3,5,2,0,1,0,0,0,0,0,0,5.15433E+20,5.4409E+21,9.21151E+15,4.91207E+16
156487,8,2,36,28,2018,7,17,6,3,1,5,0,0,1,0,0,0,0,0,4.9495E+20,5.42204E+21,8.93103E+15,4.89513E+16
156488,8,2,26,54,2018,7,6,6,2,0,3,0,0,1,0,1,0,0,0,4.80737E+20,5.45508E+21,8.73532E+15,4.92482E+16
156489,8,1,19,41,2018,7,16,4,3,5,3,0,0,1,0,1,0,0,0,5.26647E+20,5.40954E+21,9.36314E+15,4.88383E+16
156490,8,2,26,37,2018,7,15,6,2,4,2,0,0,1,0,1,0,0,0,4.65658E+20,5.46759E+21,8.52705E+15,4.93601E+16
156491,8,2,22,0,2018,7,12,6,3,5,5,0,1,1,0,0,0,0,0,4.62889E+20,5.48271E+21,8.48752E+15,4.94959E+16
156492,8,1,19,8,2018,7,19,4,3,5,2,0,1,1,0,0,0,0,0,5.34848E+20,5.42269E+21,9.47603E+15,4.89562E+16
156493,8,1,18,11,2018,7,15,4,3,5,3,0,0,1,0,1,0,0,0,5.04663E+20,5.40758E+21,9.06353E+15,4.88212E+16
156494,8,2,22,0,2018,7,13,6,3,3,2,0,0,1,0,1,0,0,0,4.61881E+20,5.48524E+21,8.47334E+15,4.95186E+16
156495,8,1,17,19,2018,7,18,4,3,6,4,0,0,1,1,0,0,0,0,5.52011E+20,5.39405E+21,9.70682E+15,4.86973E+16
156496,8,2,22,0,2018,7,15,6,3,5,3,0,0,1,0,0,0,0,0,4.62667E+20,5.4789E+21,8.4848E+15,4.94616E+16
156497,8,1,16,49,2018,7,8,4,3,9,7,0,0,1,0,0,0,0,0,5.25034E+20,5.38619E+21,9.33975E+15,4.86282E+16
156498,8,2,22,0,2018,7,10,6,3,4,6,0,0,1,0,1,0,0,0,4.63523E+20,5.48588E+21,8.49598E+15,4.95244E+16
156499,8,1,16,80,2018,7,13,4,3,1,7,0,1,1,0,0,0,0,0,5.16227E+20,5.39677E+21,9.22063E+15,4.87237E+16
156500,8,2,16,15,2018,7,8,6,2,0,6,0,1,0,0,0,0,1,0,4.50312E+20,5.40476E+21,8.32346E+15,4.87938E+16
156501,8,1,16,77,2018,7,15,4,3,5,3,0,1,1,0,0,0,0,0,5.16471E+20,5.38932E+21,9.22366E+15,4.86567E+16
156502,8,2,16,13,2018,7,11,6,3,0,7,0,0,1,0,0,0,0,0,4.52887E+20,5.39188E+21,8.35999E+15,4.86782E+16
156503,8,2,15,9,2018,7,12,6,2,5,3,0,0,1,0,1,0,0,0,4.70345E+20,5.44168E+21,8.59352E+15,4.91272E+16
156504,8,1,16,77,2018,7,16,4,3,6,4,0,1,0,1,0,0,0,0,5.15483E+20,5.39153E+21,9.21032E+15,4.86766E+16
156505,8,2,15,17,2018,7,14,6,3,5,3,0,1,1,0,0,0,0,0,4.55689E+20,5.4217E+21,8.39483E+15,4.89466E+16
156506,8,1,16,56,2018,7,6,4,3,5,3,0,1,1,0,0,0,0,0,5.31168E+20,5.39536E+21,9.42367E+15,4.87105E+16
156507,8,1,15,45,2018,7,13,4,3,5,3,0,0,1,0,0,0,0,0,4.98424E+20,5.39334E+21,8.97858E+15,4.86931E+16
156508,8,2,12,0,2018,7,10,6,3,1,5,0,0,1,0,0,0,0,0,4.52964E+20,5.43075E+21,8.35656E+15,4.90279E+16
156509,8,1,11,0,2018,7,9,4,3,3,2,0,0,1,0,0,1,0,0,5.08412E+20,5.3984E+21,9.11441E+15,4.87385E+16
156510,8,2,12,0,2018,7,19,6,3,0,2,0,1,0,0,1,0,0,0,4.55528E+20,5.42839E+21,8.3919E+15,4.90068E+16
156511,8,1,11,0,2018,7,18,4,3,6,4,0,0,1,1,0,0,0,0,5.14362E+20,5.40896E+21,9.1957E+15,4.88335E+16
156512,8,2,16,49,2018,7,11,6,3,1,1,0,0,1,0,1,0,0,0,4.38808E+20,5.40186E+21,8.16726E+15,4.87668E+16
156513,8,1,11,0,2018,7,20,4,3,5,3,0,1,1,0,0,0,0,0,5.1155E+20,5.40089E+21,9.15716E+15,4.87609E+16
156514,8,3,17,34,2018,7,0,6,3,3,6,2,0,0,0,1,0,1,0,4.27753E+20,5.36226E+21,8.02373E+15,4.84094E+16
156515,8,1,11,0,2018,7,13,4,2,5,3,0,0,1,0,1,0,0,0,5.12392E+20,5.40705E+21,9.1688E+15,4.88163E+16
156516,8,1,11,0,2018,7,21,4,2,8,1,0,0,0,0,1,0,0,0,5.11041E+20,5.39967E+21,9.1502E+15,4.875E+16
156517,8,3,17,57,2018,7,18,6,3,6,7,0,0,1,1,0,0,0,0,4.12308E+20,5.38061E+21,7.81121E+15,4.85724E+16
156518,8,4,36,49,2018,7,18,3,3,4,2,0,0,1,0,0,0,0,0,5.77713E+20,5.2827E+21,1.00357E+16,4.7693E+16
156519,8,1,36,28,2018,7,12,3,3,5,3,0,1,1,0,0,0,0,0,5.68496E+20,5.40464E+21,9.93258E+15,4.8791E+16
156520,8,2,11,0,2018,7,12,6,3,5,3,0,0,1,0,1,0,0,0,4.4079E+20,5.40412E+21,8.19391E+15,4.87873E+16
156521,8,4,37,88,2018,7,7,3,3,5,2,0,1,1,0,0,0,0,0,5.19443E+20,5.3073E+21,9.26023E+15,4.79188E+16
156522,8,2,16,5,2018,7,12,6,2,5,2,0,0,1,0,1,0,0,0,4.45654E+20,5.41824E+21,8.25825E+15,4.89147E+16
156523,8,4,21,0,2018,7,7,3,3,1,7,0,1,1,0,0,0,0,0,5.72169E+20,5.36203E+21,9.97518E+15,4.84073E+16
156524,8,1,36,28,2018,7,18,6,3,5,3,0,0,1,0,0,0,0,0,5.68729E+20,5.40588E+21,9.93597E+15,4.88021E+16
156525,8,1,35,15,2018,7,17,6,3,1,6,0,0,1,0,1,0,0,0,5.74873E+20,5.38621E+21,1.00161E+16,4.86245E+16
156526,8,4,16,41,2018,7,9,3,2,3,2,0,1,0,0,0,0,1,0,5.05105E+20,5.37525E+21,9.06914E+15,4.85303E+16
156527,8,1,28,139,2018,7,19,6,3,6,1,0,0,1,1,1,0,0,0,5.53232E+20,5.48806E+21,9.73582E+15,4.95428E+16
156528,8,4,15,85,2018,7,8,3,3,8,1,0,1,0,0,0,0,0,0,5.32292E+20,5.34458E+21,9.43503E+15,4.82536E+16
156529,8,3,37,32,2018,7,12,3,3,5,3,0,0,1,0,0,0,1,0,4.38659E+20,5.27372E+21,8.18375E+15,4.7614E+16
156530,8,1,27,76,2018,7,3,6,3,9,1,2,1,0,0,0,0,0,0,5.53291E+20,5.44074E+21,9.7303E+15,4.91172E+16
156531,8,1,18,76,2018,7,17,6,3,5,3,0,0,1,0,0,0,0,0,5.04473E+20,5.42249E+21,9.06109E+15,4.89553E+16
156532,8,3,36,14,2018,7,15,3,2,5,3,0,1,1,0,0,0,0,0,3.92591E+20,5.27839E+21,7.56975E+15,4.765E+16
156533,8,1,18,18,2018,7,8,6,3,5,3,0,0,0,0,0,0,1,0,5.11481E+20,5.43108E+21,9.15707E+15,4.90325E+16
156534,8,4,25,71,2018,7,13,6,3,5,3,0,1,1,0,0,0,0,0,5.50893E+20,5.37108E+21,9.68881E+15,4.84908E+16
156535,8,3,35,75,2018,7,7,3,3,0,1,0,1,0,0,0,0,0,0,4.86298E+20,5.28927E+21,8.81717E+15,4.77567E+16
156536,8,1,16,77,2018,7,13,6,3,6,7,0,0,0,1,0,0,1,0,5.16087E+20,5.39155E+21,9.21853E+15,4.86768E+16
156537,8,3,35,43,2018,7,3,3,2,6,6,2,1,0,1,0,0,0,0,5.11903E+20,5.28059E+21,9.15859E+15,4.76786E+16
156538,8,1,15,29,2018,7,8,6,3,0,7,0,1,0,0,0,0,0,0,4.96838E+20,5.399E+21,8.95699E+15,4.8744E+16
156539,8,1,15,45,2018,7,10,6,3,2,2,0,0,1,0,1,0,0,0,5.01393E+20,5.39464E+21,9.01894E+15,4.87048E+16
156540,8,4,37,100,2018,7,13,3,3,5,3,0,0,1,0,1,0,0,0,5.43812E+20,5.31649E+21,9.58733E+15,4.80002E+16
156541,8,3,35,75,2018,7,17,3,2,5,3,0,1,1,0,0,0,0,0,4.87357E+20,5.2911E+21,8.83125E+15,4.77732E+16
156542,8,1,15,21,2018,7,19,6,3,1,7,0,1,1,0,0,0,0,0,4.87747E+20,5.38531E+21,8.83374E+15,4.86208E+16
156543,8,3,35,43,2018,7,7,3,3,5,2,0,1,1,0,0,0,0,0,5.12294E+20,5.27924E+21,9.16376E+15,4.76665E+16
156544,8,3,27,46,2018,7,13,3,3,0,1,0,0,1,0,1,0,0,0,4.80109E+20,5.32514E+21,8.73294E+15,4.80792E+16
156545,8,1,15,24,2018,7,17,6,3,4,2,0,1,1,0,0,0,0,0,5.0073E+20,5.38783E+21,9.00991E+15,4.86436E+16
156546,8,1,15,3,2018,7,13,6,3,0,7,0,0,0,0,1,0,0,0,5.00781E+20,5.39286E+21,9.01061E+15,4.86888E+16
156547,8,3,16,11,2018,7,7,3,3,5,3,0,1,1,0,0,0,0,0,4.14931E+20,5.32911E+21,7.85716E+15,4.81095E+16
156548,8,1,11,0,2018,7,14,6,3,5,3,0,1,1,0,0,0,0,0,5.0723E+20,5.40783E+21,9.09851E+15,4.88234E+16
156549,8,3,15,108,2018,7,19,3,3,0,7,0,1,0,0,0,0,0,0,4.04656E+20,5.30396E+21,7.72476E+15,4.78819E+16
156550,8,1,19,67,2018,7,14,2,3,1,7,0,0,1,0,0,0,0,0,5.38952E+20,5.40607E+21,9.5305E+15,4.88064E+16
156551,8,3,11,0,2018,7,10,3,3,0,1,0,1,0,0,0,0,0,0,4.14261E+20,5.31945E+21,7.85011E+15,4.80226E+16
156552,8,1,11,0,2018,7,17,6,3,3,6,0,1,1,0,0,0,0,0,5.11753E+20,5.40111E+21,9.15992E+15,4.87629E+16
156553,8,3,11,0,2018,7,17,3,3,6,4,0,1,0,1,0,0,0,0,4.14109E+20,5.31681E+21,7.84859E+15,4.79988E+16
156554,8,3,11,0,2018,7,17,3,3,6,7,0,1,0,1,0,0,0,0,4.1444E+20,5.31839E+21,7.85272E+15,4.80131E+16
156555,8,1,11,0,2018,7,13,6,3,0,1,0,1,0,0,0,0,0,0,5.07946E+20,5.39827E+21,9.10807E+15,4.87374E+16
156556,8,3,36,69,2018,7,14,3,3,6,4,0,0,1,1,0,0,0,0,4.08869E+20,5.26797E+21,7.78862E+15,4.75588E+16
156557,8,4,25,39,2018,7,18,5,3,5,3,0,1,1,0,0,0,0,0,5.66033E+20,5.35239E+21,9.89077E+15,4.83212E+16
156558,8,2,37,28,2018,7,14,3,3,2,5,0,0,1,0,1,0,0,0,4.57288E+20,5.36778E+21,8.42224E+15,4.84617E+16
156559,8,1,36,44,2018,7,20,5,3,0,1,0,1,0,0,0,0,0,0,5.58783E+20,5.40766E+21,9.80078E+15,4.88192E+16
156560,8,1,36,65,2018,7,7,5,3,5,3,0,0,1,0,0,0,0,0,5.56128E+20,5.40431E+21,9.76416E+15,4.87893E+16
156561,8,2,35,46,2018,7,6,3,2,5,3,0,0,1,0,1,0,0,0,4.80462E+20,5.37635E+21,8.73531E+15,4.854E+16
156562,8,4,36,82,2018,7,8,5,3,6,2,0,0,1,1,0,0,0,0,5.46695E+20,5.29398E+21,9.62355E+15,4.77975E+16
156563,8,2,31,0,2018,7,8,3,3,6,4,0,0,1,1,0,0,0,0,4.77666E+20,5.41608E+21,8.69528E+15,4.88973E+16
156564,8,2,26,103,2018,7,8,3,3,6,2,0,0,1,1,0,0,0,0,4.73079E+20,5.45699E+21,8.62996E+15,4.9265E+16
156565,8,4,36,64,2018,7,18,5,3,2,2,0,0,1,0,0,0,0,0,5.45591E+20,5.29321E+21,9.60872E+15,4.77906E+16
156566,8,2,22,0,2018,7,22,3,3,0,7,1,0,1,0,1,0,0,0,4.61301E+20,5.48193E+21,8.46566E+15,4.94888E+16
156567,8,4,37,104,2018,7,17,5,2,6,4,0,0,1,1,0,0,0,0,5.16312E+20,5.32608E+21,9.21904E+15,4.80878E+16
156568,8,2,22,0,2018,7,17,3,2,5,3,0,1,1,0,0,0,0,0,4.67675E+20,5.48267E+21,8.5536E+15,4.94958E+16
156569,8,4,26,21,2018,7,18,5,3,4,6,0,0,1,0,0,0,0,0,5.59091E+20,5.32872E+21,9.79383E+15,4.8109E+16
156570,8,4,21,0,2018,7,22,5,3,5,3,2,0,1,0,0,0,0,0,5.74667E+20,5.36212E+21,1.00089E+16,4.84078E+16
156571,8,2,26,32,2018,7,15,3,2,5,3,0,1,1,0,0,0,0,0,4.67162E+20,5.46286E+21,8.54817E+15,4.93176E+16
156572,8,4,16,41,2018,7,22,5,3,1,5,2,0,1,0,0,0,1,0,5.04069E+20,5.37295E+21,9.05509E+15,4.85097E+16
156573,8,2,22,0,2018,7,9,3,3,5,3,0,1,1,0,0,0,0,0,4.61462E+20,5.48136E+21,8.46794E+15,4.94836E+16
156574,8,4,16,41,2018,7,17,5,3,0,1,0,1,0,0,0,0,0,0,5.06646E+20,5.37313E+21,9.08998E+15,4.85112E+16
156575,8,2,15,21,2018,7,13,3,3,5,2,0,1,1,0,0,0,0,0,4.69571E+20,5.44452E+21,8.58269E+15,4.91528E+16
156576,8,4,15,61,2018,7,9,5,3,0,1,0,1,0,0,0,0,0,0,5.14901E+20,5.36947E+21,9.20162E+15,4.84782E+16
156577,8,2,15,7,2018,7,20,3,3,6,1,0,1,0,1,0,0,0,0,4.77678E+20,5.43153E+21,8.6946E+15,4.90363E+16
156578,8,2,15,7,2018,7,18,3,3,6,4,0,0,0,1,0,0,1,0,4.7684E+20,5.43538E+21,8.68291E+15,4.90709E+16
156579,8,4,15,59,2018,7,12,5,3,5,3,0,0,1,0,0,0,1,0,5.16741E+20,5.36907E+21,9.22651E+15,4.84745E+16
156580,8,2,12,0,2018,7,18,3,3,5,3,0,1,1,0,0,0,0,0,4.57854E+20,5.42785E+21,8.42375E+15,4.90021E+16
156581,8,4,15,14,2018,7,20,5,2,4,2,0,0,1,0,1,0,0,0,5.26421E+20,5.37446E+21,9.35782E+15,4.85227E+16
156582,8,2,12,0,2018,7,8,3,3,1,7,0,0,1,0,0,0,0,0,4.57178E+20,5.42797E+21,8.4145E+15,4.90032E+16
156583,8,4,15,50,2018,7,21,5,3,5,3,1,0,1,0,0,0,0,0,5.22646E+20,5.3754E+21,9.30674E+15,4.85313E+16
156584,8,3,36,69,2018,7,13,5,2,8,1,0,0,1,0,0,0,0,0,4.06508E+20,5.27104E+21,7.75659E+15,4.7586E+16
156585,8,2,12,0,2018,7,16,3,3,5,2,0,1,1,0,0,0,0,0,4.55097E+20,5.42928E+21,8.38591E+15,4.90148E+16
156586,8,3,36,8,2018,7,18,5,3,5,3,0,1,1,0,0,0,0,0,3.96919E+20,5.27674E+21,7.62776E+15,4.76358E+16
156587,8,2,12,0,2018,7,7,3,2,0,7,0,1,0,0,0,0,0,0,4.59677E+20,5.42979E+21,8.44848E+15,4.90197E+16
156588,8,3,35,43,2018,7,10,5,3,5,2,0,1,0,0,0,0,0,0,5.13635E+20,5.27996E+21,9.18164E+15,4.76728E+16
156589,8,2,11,0,2018,7,9,3,3,1,5,0,1,1,0,0,0,0,0,4.45382E+20,5.39944E+21,8.25705E+15,4.87456E+16
156590,8,4,35,45,2018,7,10,5,3,3,6,0,1,0,0,0,1,0,0,5.35242E+20,5.28581E+21,9.46994E+15,4.77247E+16
156591,8,3,17,57,2018,7,7,3,3,0,7,0,1,0,0,0,0,0,0,4.12455E+20,5.38035E+21,7.81327E+15,4.85701E+16
156592,8,2,16,63,2018,7,4,3,3,8,6,2,1,0,0,0,0,1,0,4.3389E+20,5.40388E+21,8.10002E+15,4.87844E+16
156593,8,4,17,79,2018,7,19,5,2,6,4,0,0,1,1,0,0,0,0,5.02015E+20,5.33963E+21,9.02712E+15,4.82099E+16
156594,8,1,35,19,2018,7,16,3,2,6,4,0,1,0,1,0,0,0,0,5.85814E+20,5.39103E+21,1.01655E+16,4.86664E+16
156595,8,4,17,79,2018,7,21,5,2,7,7,0,1,0,0,0,0,1,0,4.99241E+20,5.3436E+21,8.98977E+15,4.82456E+16
156596,8,1,26,46,2018,7,9,3,3,2,6,0,0,1,0,0,0,0,0,5.49977E+20,5.45852E+21,9.68711E+15,4.92774E+16
156597,8,3,26,12,2018,8,7,4,2,5,3,0,1,1,0,0,0,0,0,4.6255E+20,5.30909E+21,8.4986E+15,4.79341E+16
156598,8,4,17,25,2018,8,19,4,2,8,1,0,0,1,0,0,0,0,0,4.85472E+20,5.35901E+21,8.80378E+15,4.83841E+16
156599,8,3,17,96,2018,8,18,4,3,5,3,0,1,1,0,0,0,0,0,4.22608E+20,5.36891E+21,7.95299E+15,4.84686E+16
156600,8,3,16,56,2018,8,8,4,3,1,3,0,0,0,0,1,0,0,0,4.2354E+20,5.32814E+21,7.97298E+15,4.8102E+16
156601,8,3,16,11,2018,8,18,4,3,1,5,0,1,1,0,0,0,0,0,4.14056E+20,5.32983E+21,7.84527E+15,4.8116E+16
156602,8,3,15,50,2018,8,17,4,2,5,3,0,0,1,0,1,0,0,0,3.98557E+20,5.3029E+21,7.64345E+15,4.78714E+16
156603,8,3,15,74,2018,8,11,4,3,5,3,0,0,1,0,0,0,0,0,3.9728E+20,5.29624E+21,7.62796E+15,4.78113E+16
156604,8,4,15,78,2018,8,15,4,3,5,3,0,1,0,0,1,0,0,0,5.28574E+20,5.37161E+21,9.38678E+15,4.8497E+16
156605,8,3,11,0,2018,8,11,4,3,0,7,0,1,0,0,0,0,1,1,4.11284E+20,5.31537E+21,7.81103E+15,4.79854E+16
156606,8,3,36,36,2018,8,7,4,3,5,3,0,0,1,0,0,0,0,0,4.12795E+20,5.28131E+21,7.83814E+15,4.76793E+16
156607,8,3,11,0,2018,8,16,4,3,5,3,0,1,1,0,0,0,0,0,4.10122E+20,5.31608E+21,7.79531E+15,4.79917E+16
156608,8,3,11,0,2018,8,20,4,3,5,3,0,1,1,0,0,0,0,0,4.14027E+20,5.31763E+21,7.84733E+15,4.80062E+16
156609,8,3,11,0,2018,8,18,4,3,5,2,0,1,1,0,0,0,0,0,4.12218E+20,5.3187E+21,7.82286E+15,4.80156E+16
156610,8,2,31,0,2018,8,15,4,3,5,3,0,0,1,0,1,0,0,0,4.79733E+20,5.41618E+21,8.72347E+15,4.88983E+16
156611,8,2,36,76,2018,8,15,4,3,6,7,0,0,1,0,0,0,1,0,4.71682E+20,5.42371E+21,8.6131E+15,4.89656E+16
156612,8,2,26,41,2018,8,14,4,3,2,2,0,0,1,0,1,0,0,0,4.76048E+20,5.46499E+21,8.6703E+15,4.93372E+16
156613,8,2,26,98,2018,8,11,4,3,3,2,0,1,1,0,0,0,0,0,4.78007E+20,5.46008E+21,8.69754E+15,4.9293E+16
156614,8,2,22,0,2018,8,18,4,3,5,3,0,0,1,0,0,0,0,0,4.65813E+20,5.47587E+21,8.52848E+15,4.94345E+16
156615,8,2,22,0,2018,8,12,4,3,5,3,0,0,1,0,0,0,0,0,4.64494E+20,5.48387E+21,8.50957E+15,4.95064E+16
156616,8,2,15,9,2018,8,14,4,3,2,1,0,0,1,0,0,0,0,0,4.68018E+20,5.44099E+21,8.56169E+15,4.91209E+16
156617,8,1,36,82,2018,8,11,4,3,1,7,0,0,1,0,0,0,0,0,5.91636E+20,5.41669E+21,1.02503E+16,4.88964E+16
156618,8,3,15,15,2018,8,23,7,2,8,1,2,1,0,0,0,0,0,0,3.95119E+20,5.32098E+21,7.59307E+15,4.80335E+16
156619,8,1,28,7,2018,8,9,4,3,5,3,0,1,1,0,0,0,0,0,5.56685E+20,5.48172E+21,9.78264E+15,4.94855E+16
156620,8,1,21,0,2018,8,12,4,3,0,3,0,0,1,0,0,0,1,0,5.16128E+20,5.44295E+21,9.22111E+15,4.91392E+16
156621,8,3,11,0,2018,8,17,7,2,5,3,0,1,1,0,0,0,0,0,4.12899E+20,5.31624E+21,7.8325E+15,4.79935E+16
156622,8,3,15,98,2018,8,17,7,3,4,6,0,1,1,0,0,0,0,0,4.0347E+20,5.31179E+21,7.70715E+15,4.79521E+16
156623,8,3,11,0,2018,8,13,7,3,1,5,0,1,1,0,0,0,0,0,4.13448E+20,5.317E+21,7.83969E+15,4.80005E+16
156624,8,2,26,103,2018,8,13,7,3,2,6,0,0,1,0,0,0,0,0,4.71635E+20,5.45936E+21,8.60996E+15,4.92863E+16
156625,8,2,25,58,2018,8,19,4,2,0,3,0,0,1,0,1,0,0,0,5.08139E+20,5.46796E+21,9.1121E+15,4.93643E+16
156626,8,1,25,78,2018,8,18,4,3,6,7,0,1,0,1,0,0,0,0,5.2081E+20,5.45499E+21,9.28593E+15,4.92473E+16
156627,8,2,22,0,2018,8,20,7,3,5,3,1,0,1,0,1,0,0,0,4.65643E+20,5.48211E+21,8.52559E+15,4.94907E+16
156628,8,1,19,20,2018,8,11,4,3,1,5,0,1,1,0,0,0,0,0,5.20073E+20,5.40709E+21,9.27343E+15,4.88165E+16
156629,8,1,19,20,2018,8,16,4,3,6,4,0,0,1,1,0,0,0,0,5.20113E+20,5.40607E+21,9.27393E+15,4.88073E+16
156630,8,2,12,0,2018,8,12,7,3,6,6,0,1,0,1,0,0,0,0,4.57631E+20,5.43018E+21,8.42046E+15,4.90231E+16
156631,8,1,18,60,2018,8,18,4,3,5,3,0,1,1,0,0,0,0,0,5.23869E+20,5.43018E+21,9.32649E+15,4.9024E+16
156632,8,2,31,0,2018,8,16,7,3,2,6,0,0,1,0,1,0,0,0,4.78806E+20,5.41516E+21,8.71088E+15,4.8889E+16
156633,8,2,36,71,2018,8,17,7,3,4,2,0,1,1,0,0,0,0,0,4.6839E+20,5.42235E+21,8.56823E+15,4.89533E+16
156634,8,1,17,11,2018,8,14,4,2,0,7,0,0,0,0,0,1,0,0,5.45851E+20,5.40205E+21,9.62401E+15,4.87698E+16
156635,8,2,26,85,2018,8,11,7,3,2,6,0,0,1,0,0,0,0,0,4.91396E+20,5.45494E+21,8.88179E+15,4.92472E+16
156636,8,1,16,19,2018,8,8,4,3,1,5,0,0,1,0,0,0,0,1,5.23022E+20,5.39937E+21,9.31317E+15,4.87469E+16