OBJECTID_1,ULAND,UREGBEZ,UKREIS,UGEMEINDE,UJAHR,UMONAT,USTUNDE,UWOCHENTAG,UKATEGORIE,UART,UTYP1,ULICHTVERH,IstRad,IstPKW,IstFuss,IstKrad,IstGkfz,IstSonstig,STRZUSTAND,LINREFX,LINREFY,XGCSWGS84,YGCSWGS84
156637,8,2,26,9,2018,8,10,7,3,0,3,0,0,1,0,1,0,0,0,4.66294E+20,5.47204E+21,8.53544E+15,4.94001E+16
156638,8,1,16,19,2018,8,14,4,2,5,3,0,0,1,0,1,0,0,0,5.23353E+20,5.39785E+21,9.31759E+15,4.87332E+16
156639,8,1,11,0,2018,8,17,4,3,5,2,0,1,1,0,0,0,0,0,5.13113E+20,5.40318E+21,9.1785E+15,4.87814E+16
156640,8,2,21,0,2018,8,15,7,3,1,5,0,1,1,0,0,0,0,0,4.76825E+20,5.47516E+21,8.6804E+15,4.94287E+16
156641,8,1,11,0,2018,8,10,4,3,5,2,0,0,1,0,0,0,0,0,5.1154E+20,5.4096E+21,9.15727E+15,4.88393E+16
156642,8,2,21,0,2018,8,15,7,3,1,6,0,0,1,0,0,0,0,0,4.77693E+20,5.47298E+21,8.6925E+15,4.94091E+16
156643,8,2,16,15,2018,8,18,7,3,0,7,0,1,0,0,0,0,0,0,4.50076E+20,5.40601E+21,8.3201E+15,4.8805E+16
156644,8,1,11,0,2018,8,11,4,3,5,7,0,0,1,0,0,0,0,0,5.11462E+20,5.40297E+21,9.15602E+15,4.87796E+16
156645,8,2,15,9,2018,8,7,7,3,0,1,0,1,0,0,0,0,0,0,4.73987E+20,5.43865E+21,8.64363E+15,4.91002E+16
156646,8,1,11,0,2018,8,6,4,3,0,3,1,1,1,0,0,0,0,1,5.17598E+20,5.40415E+21,9.23959E+15,4.87901E+16
156647,8,2,15,9,2018,8,14,7,3,8,1,0,1,0,0,0,0,0,0,4.7006E+20,5.44087E+21,8.58967E+15,4.91199E+16
156648,8,3,35,77,2018,7,11,3,3,5,3,0,1,1,0,0,0,0,0,4.94629E+20,5.29416E+21,8.92827E+15,4.78007E+16
156649,8,3,27,36,2018,7,13,3,3,5,3,0,0,1,0,0,0,0,0,4.90556E+20,5.319E+21,8.87334E+15,4.80242E+16
156650,8,2,15,102,2018,8,17,7,3,5,3,0,1,1,0,0,0,0,0,4.55891E+20,5.43616E+21,8.39601E+15,4.90768E+16
156651,8,1,36,65,2018,7,18,3,2,0,1,0,1,0,0,0,0,0,0,5.62792E+20,5.40681E+21,9.85526E+15,4.88111E+16
156652,8,2,16,49,2018,8,1,7,3,0,1,2,1,0,0,0,0,0,0,4.38708E+20,5.40161E+21,8.16595E+15,4.87645E+16
156653,8,1,36,65,2018,7,10,3,3,6,7,0,0,1,1,0,0,0,0,5.61488E+20,5.40436E+21,9.83714E+15,4.87892E+16
156654,8,1,36,19,2018,8,21,7,2,5,3,2,0,1,0,1,0,0,0,5.85949E+20,5.42337E+21,1.01741E+16,4.89573E+16
156655,8,1,35,19,2018,8,8,7,3,7,1,0,0,1,0,0,0,0,0,5.85462E+20,5.39408E+21,1.01613E+16,4.86939E+16
156656,8,4,37,100,2018,7,9,3,3,5,3,0,0,1,0,1,0,0,0,5.373E+20,5.31818E+21,9.50019E+15,4.80158E+16
156657,8,1,28,47,2018,8,17,7,2,9,1,0,0,1,0,0,0,0,0,5.539E+20,5.4955E+21,9.74607E+15,4.96097E+16
156658,8,4,36,81,2018,7,12,3,3,0,1,0,0,0,0,1,0,1,0,5.60608E+20,5.27939E+21,9.80727E+15,4.7665E+16
156659,8,1,16,78,2018,8,10,7,3,5,3,0,1,1,0,0,0,0,0,5.09016E+20,5.39461E+21,9.12255E+15,4.87045E+16
156660,8,4,26,70,2018,7,21,3,3,5,3,1,1,1,0,0,0,0,0,5.65664E+20,5.34219E+21,9.8842E+15,4.82295E+16
156661,8,4,26,70,2018,7,12,3,3,0,1,0,1,0,0,0,0,0,0,5.65493E+20,5.3421E+21,9.88189E+15,4.82288E+16
156662,8,1,15,3,2018,8,10,7,3,2,6,0,1,1,0,0,0,0,0,5.0032E+20,5.39229E+21,9.00435E+15,4.86836E+16
156663,8,1,16,19,2018,8,15,5,3,5,3,0,1,1,0,0,0,0,0,5.23049E+20,5.39791E+21,9.31345E+15,4.87338E+16
156664,8,4,17,79,2018,7,11,3,3,3,6,0,1,0,0,0,1,0,0,4.99385E+20,5.3403E+21,8.99172E+15,4.82159E+16
156665,8,1,11,0,2018,8,10,7,3,5,1,0,0,1,0,1,0,0,0,5.20041E+20,5.40339E+21,9.27282E+15,4.87832E+16
156666,8,1,11,0,2018,8,6,7,2,0,1,0,1,0,0,0,0,0,0,5.14996E+20,5.40403E+21,9.20416E+15,4.87891E+16
156667,8,4,15,61,2018,7,18,3,3,5,3,0,1,1,0,0,0,0,0,5.14806E+20,5.36957E+21,9.20034E+15,4.84791E+16
156668,8,4,15,80,2018,7,18,3,3,0,6,0,1,0,0,0,0,1,0,5.11333E+20,5.3737E+21,9.15346E+15,4.85163E+16
156669,8,1,11,0,2018,8,14,7,3,2,6,0,0,1,0,0,0,0,0,5.0807E+20,5.39745E+21,9.10974E+15,4.873E+16
156670,8,4,36,9,2018,8,15,6,3,8,1,0,1,0,0,0,0,0,0,5.55469E+20,5.30795E+21,9.74249E+15,4.79225E+16
156671,8,1,11,0,2018,7,9,3,3,2,7,0,0,1,0,0,0,0,0,5.12203E+20,5.40544E+21,9.16618E+15,4.88018E+16
156672,8,4,35,52,2018,8,18,6,3,8,1,0,1,0,0,0,0,0,0,5.18903E+20,5.29034E+21,9.25227E+15,4.77661E+16
156673,8,4,15,78,2018,7,7,3,3,0,1,0,1,0,0,0,0,0,0,5.29302E+20,5.37137E+21,9.39661E+15,4.84947E+16
156674,8,4,35,16,2018,8,13,6,3,0,6,0,0,1,0,1,0,0,0,5.34195E+20,5.27832E+21,9.45539E+15,4.76573E+16
156675,8,3,37,126,2018,7,7,3,3,5,3,0,0,1,0,1,0,0,0,4.40458E+20,5.27628E+21,8.20734E+15,4.76372E+16
156676,8,3,35,79,2018,7,12,3,3,0,4,0,1,0,1,0,0,0,0,5.00764E+20,5.29976E+21,9.01022E+15,4.78512E+16
156677,8,4,35,16,2018,8,9,6,3,0,7,0,1,0,0,0,0,1,1,5.36248E+20,5.27771E+21,9.48269E+15,4.76518E+16
156678,8,1,15,3,2018,8,14,5,3,5,3,0,0,1,0,1,0,0,0,4.99136E+20,5.39219E+21,8.98826E+15,4.86827E+16
156679,8,4,35,16,2018,8,9,6,3,1,6,0,0,1,0,0,0,0,0,5.33994E+20,5.27834E+21,9.45272E+15,4.76576E+16
156680,8,3,35,63,2018,7,14,3,3,2,6,0,0,1,0,0,0,0,0,4.94582E+20,5.28879E+21,8.92772E+15,4.77525E+16
156681,8,4,37,47,2018,8,11,6,2,9,1,0,0,0,0,1,0,0,0,5.17378E+20,5.34008E+21,9.23393E+15,4.82137E+16
156682,8,4,21,0,2018,8,17,6,3,5,3,0,1,1,0,0,0,0,0,5.72258E+20,5.36054E+21,9.97612E+15,4.83939E+16
156683,8,3,35,100,2018,7,20,3,3,0,1,0,1,0,0,0,0,0,0,4.88688E+20,5.28583E+21,8.84916E+15,4.77257E+16
156684,8,3,26,74,2018,7,15,3,3,1,1,0,0,1,0,0,0,0,0,4.64108E+20,5.32258E+21,8.51833E+15,4.80555E+16
156685,8,3,37,126,2018,8,18,6,3,5,3,0,1,1,0,0,0,0,0,4.43398E+20,5.274E+21,8.24678E+15,4.76169E+16
156686,8,1,11,0,2018,8,17,5,2,5,3,0,0,1,0,1,0,0,0,5.11569E+20,5.40302E+21,9.15747E+15,4.87801E+16
156687,8,4,17,2,2018,7,17,3,2,5,3,0,1,1,0,0,0,0,0,4.89478E+20,5.3442E+21,8.85825E+15,4.8251E+16
156688,8,3,27,38,2018,8,13,6,3,0,2,0,1,1,0,0,0,0,0,5.00433E+20,5.31495E+21,9.00581E+15,4.79878E+16
156689,8,3,17,65,2018,7,16,3,3,2,6,0,0,1,0,0,0,0,0,4.16349E+20,5.35499E+21,7.8711E+15,4.83425E+16
156690,8,3,17,31,2018,7,16,3,3,6,4,0,0,1,1,0,0,0,0,4.17339E+20,5.35806E+21,7.88385E+15,4.83703E+16
156691,8,3,26,75,2018,8,19,6,3,9,1,0,0,1,0,0,0,0,0,4.60059E+20,5.31765E+21,8.46446E+15,4.80109E+16
156692,8,1,11,0,2018,8,3,5,3,5,3,2,1,1,0,0,0,0,1,5.13263E+20,5.4034E+21,9.18055E+15,4.87834E+16
156693,8,3,26,74,2018,8,17,6,3,5,3,0,1,1,0,0,0,0,0,4.65727E+20,5.32434E+21,8.53991E+15,4.80714E+16
156694,8,3,36,50,2018,7,12,3,2,4,2,0,0,1,0,1,0,0,0,4.00627E+20,5.27654E+21,7.67715E+15,4.76347E+16
156695,8,3,26,37,2018,8,20,6,3,5,3,0,0,1,0,0,0,0,0,4.56715E+20,5.329E+21,8.41847E+15,4.81128E+16
156696,8,3,11,0,2018,7,7,3,3,1,6,0,1,0,0,0,0,0,0,4.13344E+20,5.31708E+21,7.83829E+15,4.80012E+16
156697,8,3,11,0,2018,8,16,6,3,5,3,0,1,0,0,0,0,0,0,4.11883E+20,5.31664E+21,7.81879E+15,4.7997E+16
156698,8,3,11,0,2018,7,8,3,3,5,3,0,1,1,0,0,0,0,0,4.14619E+20,5.31863E+21,7.85507E+15,4.80153E+16
156699,8,3,15,43,2018,8,15,6,3,3,6,0,0,1,0,0,0,1,0,4.05086E+20,5.32258E+21,7.72639E+15,4.80494E+16
156700,8,1,11,0,2018,8,11,5,3,5,3,0,1,1,0,0,0,0,0,5.11587E+20,5.40885E+21,9.15789E+15,4.88326E+16
156701,8,3,11,0,2018,7,7,3,3,5,3,0,1,1,0,0,0,0,0,4.0913E+20,5.31545E+21,7.78216E+15,4.79859E+16
156702,8,3,15,115,2018,8,16,6,3,6,6,0,0,1,1,0,0,0,0,4.07976E+20,5.32024E+21,7.76566E+15,4.80288E+16
156703,8,1,11,0,2018,8,18,5,2,9,7,0,1,0,1,0,0,0,0,5.18566E+20,5.40066E+21,9.25261E+15,4.87587E+16
156704,8,3,11,0,2018,8,18,6,3,0,1,0,0,0,0,1,0,0,1,4.12836E+20,5.31535E+21,7.83183E+15,4.79855E+16
156705,8,3,11,0,2018,7,16,3,2,1,7,0,0,1,0,0,0,0,0,4.10469E+20,5.31574E+21,7.80004E+15,4.79887E+16
156706,8,2,35,46,2018,8,18,6,3,3,6,0,0,1,0,1,0,0,0,4.79598E+20,5.37625E+21,8.72361E+15,4.85391E+16
156707,8,3,11,0,2018,7,11,3,2,6,2,0,0,1,1,0,0,0,0,4.14674E+20,5.31634E+21,7.85625E+15,4.79947E+16
156708,8,2,31,0,2018,8,21,6,3,6,4,2,0,1,1,0,0,0,0,4.77019E+20,5.41519E+21,8.6865E+15,4.88892E+16
156709,8,2,26,98,2018,8,14,6,3,4,2,0,1,1,0,0,0,0,0,4.76642E+20,5.45974E+21,8.67878E+15,4.92899E+16
156710,8,3,11,0,2018,7,6,3,3,4,2,0,1,1,0,0,0,0,0,4.10083E+20,5.31493E+21,7.79504E+15,4.79813E+16
156711,8,2,26,32,2018,8,13,6,3,1,5,0,1,0,0,0,1,0,0,4.66064E+20,5.46452E+21,8.53291E+15,4.93325E+16
156712,8,2,12,0,2018,7,23,3,2,0,7,2,1,0,0,0,0,0,0,4.55768E+20,5.42874E+21,8.39513E+15,4.901E+16
156713,8,2,25,58,2018,8,16,6,3,4,6,0,0,1,0,0,0,0,0,5.10647E+20,5.46541E+21,9.14657E+15,4.93414E+16
156714,8,2,12,0,2018,7,18,3,3,0,7,0,0,0,0,0,0,1,0,4.51394E+20,5.42689E+21,8.33555E+15,4.8993E+16
156715,8,2,22,0,2018,8,7,6,3,5,3,0,0,1,0,0,0,0,0,4.67706E+20,5.47945E+21,8.55429E+15,4.94669E+16
156716,8,1,11,0,2018,8,11,5,2,0,7,0,1,0,0,0,0,0,0,5.18021E+20,5.40213E+21,9.24526E+15,4.87719E+16
156717,8,2,36,40,2018,7,14,3,3,2,2,0,0,1,0,0,0,0,0,4.89067E+20,5.42221E+21,8.85067E+15,4.89527E+16
156718,8,2,22,0,2018,8,8,6,3,5,3,0,1,1,0,0,0,0,0,4.64457E+20,5.48484E+21,8.50898E+15,4.95151E+16
156719,8,2,22,0,2018,8,15,6,3,0,1,0,0,1,0,1,0,0,0,4.62593E+20,5.48672E+21,8.48304E+15,4.95319E+16
156720,8,2,26,96,2018,7,10,3,3,5,3,0,0,1,0,0,0,0,0,4.76481E+20,5.48872E+21,8.67484E+15,4.95506E+16
156721,8,2,21,0,2018,8,10,6,3,3,6,0,0,1,0,1,0,0,0,4.76231E+20,5.47283E+21,8.67234E+15,4.94077E+16
156722,8,2,26,96,2018,7,14,3,3,5,6,0,0,1,0,0,0,0,0,4.75385E+20,5.48866E+21,8.65971E+15,4.955E+16
156723,8,3,17,151,2018,8,21,6,3,0,1,2,1,0,1,0,0,0,0,4.12147E+20,5.36825E+21,7.81164E+15,4.84612E+16
156724,8,2,21,0,2018,7,8,3,3,2,6,0,0,1,0,0,0,0,0,4.772E+20,5.47116E+21,8.68581E+15,4.93927E+16
156725,8,2,21,0,2018,7,8,3,3,6,4,0,0,1,1,0,0,0,0,4.77533E+20,5.47391E+21,8.69023E+15,4.94174E+16
156726,8,2,15,59,2018,8,14,6,3,4,6,0,0,1,0,1,0,0,0,4.83752E+20,5.43693E+21,8.77748E+15,4.9085E+16
156727,8,2,16,7,2018,7,14,3,3,4,2,0,1,1,0,0,0,0,0,4.36195E+20,5.39517E+21,8.13274E+15,4.87063E+16
156728,8,2,12,0,2018,8,16,6,3,5,2,0,1,0,0,0,0,1,0,4.57846E+20,5.42888E+21,8.42354E+15,4.90114E+16
156729,8,2,16,9,2018,7,21,3,3,0,7,1,1,0,0,0,0,0,0,4.46497E+20,5.42011E+21,8.26951E+15,4.89316E+16
156730,8,2,15,17,2018,7,10,3,3,6,4,0,0,1,1,0,0,0,0,4.53988E+20,5.41959E+21,8.37184E+15,4.89275E+16
156731,8,2,12,0,2018,8,12,6,3,2,6,0,0,1,0,0,0,0,0,4.59917E+20,5.42714E+21,8.45203E+15,4.89958E+16
156732,8,1,11,0,2018,8,16,5,3,5,3,0,1,0,0,0,0,1,0,5.12549E+20,5.40123E+21,9.17076E+15,4.8764E+16
156733,8,2,12,0,2018,7,23,3,2,0,1,2,1,0,0,0,0,0,0,4.5575E+20,5.42858E+21,8.39491E+15,4.90085E+16
156734,8,1,25,102,2018,8,15,6,3,1,6,0,0,1,0,0,0,0,0,5.21231E+20,5.44513E+21,9.29119E+15,4.91586E+16
156735,8,1,35,16,2018,8,12,6,3,4,6,0,0,1,0,1,0,0,0,5.92189E+20,5.38636E+21,1.0251E+16,4.86235E+16
156736,8,2,12,0,2018,7,13,3,3,6,4,0,0,0,1,0,0,1,0,4.55332E+20,5.42882E+21,8.38917E+15,4.90107E+16
156737,8,1,26,69,2018,8,20,6,3,5,3,0,0,1,0,0,0,0,0,5.35083E+20,5.44739E+21,9.48138E+15,4.91783E+16
156738,8,1,36,19,2018,7,13,3,3,0,6,0,0,1,0,0,0,0,0,5.81424E+20,5.42334E+21,1.01123E+16,4.89576E+16
156739,8,1,19,44,2018,8,7,6,3,0,1,0,1,0,0,0,0,0,0,5.42792E+20,5.42531E+21,9.58481E+15,4.89792E+16
156740,8,1,36,88,2018,7,20,3,3,0,1,0,1,0,0,0,0,0,0,5.79177E+20,5.40982E+21,1.0079E+16,4.88363E+16
156741,8,1,21,0,2018,7,11,3,2,3,2,0,0,1,0,0,0,0,0,5.10951E+20,5.44105E+21,9.15009E+15,4.91222E+16
156742,8,1,18,48,2018,8,23,6,3,6,7,2,0,1,1,0,0,0,1,5.13539E+20,5.41565E+21,9.18471E+15,4.88936E+16
156743,8,1,11,0,2018,8,10,5,3,6,7,0,0,1,1,0,0,0,0,5.12112E+20,5.40489E+21,9.16493E+15,4.87969E+16
156744,8,1,18,48,2018,8,17,6,3,5,3,0,1,1,0,0,0,0,0,5.14914E+20,5.41592E+21,9.20348E+15,4.8896E+16
156745,8,1,19,79,2018,7,6,3,3,0,7,0,1,0,0,0,0,0,0,5.25805E+20,5.40764E+21,9.35155E+15,4.88212E+16
156746,8,1,16,49,2018,8,11,6,3,5,3,0,1,1,0,0,0,0,0,5.25472E+20,5.38468E+21,9.3456E+15,4.86147E+16
156747,8,3,35,28,2018,8,13,4,3,0,7,0,1,0,0,0,0,0,0,4.82604E+20,5.2873E+21,8.76796E+15,4.77389E+16
156748,8,1,19,8,2018,7,16,3,3,0,3,0,0,0,0,1,0,1,0,5.33334E+20,5.42224E+21,9.4553E+15,4.89522E+16
156749,8,1,16,49,2018,8,11,6,1,8,7,0,1,0,0,0,0,0,0,5.22728E+20,5.38301E+21,9.30827E+15,4.85998E+16
156750,8,1,15,21,2018,8,16,6,3,5,3,0,1,1,0,0,0,0,0,4.89942E+20,5.38225E+21,8.8636E+15,4.85932E+16
156751,8,1,18,73,2018,7,17,3,3,1,7,0,0,1,0,1,0,0,0,4.96815E+20,5.41976E+21,8.95651E+15,4.89308E+16
156752,8,1,18,48,2018,7,10,3,3,0,7,0,1,0,0,0,0,0,0,5.15153E+20,5.41636E+21,9.20676E+15,4.89E+16
156753,8,1,15,3,2018,8,21,6,3,5,3,1,0,1,0,0,0,0,0,4.98554E+20,5.39209E+21,8.98035E+15,4.86818E+16
156754,8,4,37,100,2018,8,14,4,3,5,3,0,0,1,0,1,0,0,0,5.37246E+20,5.31844E+21,9.49948E+15,4.80182E+16
156755,8,1,18,11,2018,7,8,3,3,4,6,0,0,1,0,1,0,0,0,5.04825E+20,5.40837E+21,9.06574E+15,4.88283E+16
156756,8,1,16,78,2018,7,12,3,3,5,2,0,1,1,0,0,0,0,0,5.1047E+20,5.39449E+21,9.1423E+15,4.87033E+16
156757,8,1,11,0,2018,8,10,6,3,0,2,0,1,1,0,0,0,0,0,5.13212E+20,5.40899E+21,9.18004E+15,4.88337E+16
156758,8,4,36,82,2018,8,9,4,2,0,1,0,1,0,0,0,0,0,0,5.46613E+20,5.29458E+21,9.62251E+15,4.78029E+16
156759,8,1,11,0,2018,8,8,6,3,5,3,0,0,1,0,0,1,0,0,5.16713E+20,5.40319E+21,9.22751E+15,4.87815E+16
156760,8,1,15,28,2018,7,19,3,3,4,2,0,1,0,0,1,0,0,0,5.00912E+20,5.40525E+21,9.01242E+15,4.88002E+16
156761,8,1,11,0,2018,8,12,6,3,5,3,0,0,1,0,0,0,0,0,5.12801E+20,5.39838E+21,9.17411E+15,4.87383E+16
156762,8,1,11,0,2018,7,9,3,3,5,3,0,0,1,0,1,0,0,0,5.17079E+20,5.4032E+21,9.23249E+15,4.87816E+16
156763,8,3,37,116,2018,8,13,5,3,5,3,0,0,1,0,1,0,0,0,4.17611E+20,5.27561E+21,7.90337E+15,4.76286E+16
156764,8,1,11,0,2018,7,18,3,3,5,2,0,1,1,0,0,0,0,0,5.16139E+20,5.40557E+21,9.21979E+15,4.88029E+16
156765,8,4,36,64,2018,8,15,5,3,5,3,0,1,1,0,0,0,0,0,5.46356E+20,5.2929E+21,9.6189E+15,4.77878E+16
156766,8,4,26,14,2018,8,20,4,3,0,7,1,1,1,0,0,0,0,0,5.48709E+20,5.31696E+21,9.65303E+15,4.80041E+16
156767,8,1,11,0,2018,7,8,3,3,3,6,0,1,1,0,0,0,0,0,5.13011E+20,5.4022E+21,9.17708E+15,4.87727E+16
156768,8,4,26,97,2018,8,20,5,3,5,3,0,1,1,0,0,0,0,0,5.35289E+20,5.33358E+21,9.4745E+15,4.81545E+16
156769,8,4,35,30,2018,7,10,2,3,0,1,0,1,0,0,0,0,0,0,5.40594E+20,5.2716E+21,9.54E+15,4.75966E+16
156770,8,4,35,30,2018,7,14,2,3,0,7,0,1,0,0,0,0,0,0,5.43542E+20,5.27316E+21,9.57936E+15,4.76104E+16
156771,8,4,21,0,2018,8,19,5,3,4,2,0,1,1,0,0,0,0,1,5.71125E+20,5.36043E+21,9.9608E+15,4.8393E+16
156772,8,4,26,45,2018,8,16,4,2,0,7,0,1,0,0,0,0,0,0,5.34461E+20,5.32738E+21,9.46286E+15,4.80987E+16
156773,8,4,26,87,2018,7,18,2,2,4,6,0,0,1,0,1,0,0,0,5.70144E+20,5.32519E+21,9.94172E+15,4.80761E+16
156774,8,4,15,61,2018,8,6,5,3,5,3,1,1,1,0,0,0,0,1,5.15925E+20,5.37043E+21,9.21552E+15,4.84868E+16
156775,8,4,15,50,2018,8,13,4,3,5,3,0,0,1,0,0,0,0,0,5.20412E+20,5.37624E+21,9.27653E+15,4.85389E+16
156776,8,4,15,92,2018,8,22,5,2,0,1,2,1,0,0,0,0,0,0,5.2186E+20,5.36554E+21,9.29559E+15,4.84426E+16
156777,8,4,26,21,2018,7,9,2,2,2,6,0,0,1,0,1,0,0,0,5.58821E+20,5.32862E+21,9.79019E+15,4.81081E+16
156778,8,3,37,60,2018,8,6,5,3,5,3,0,0,1,0,1,0,0,0,4.67801E+20,5.27796E+21,8.57121E+15,4.76542E+16
156779,8,4,25,39,2018,7,4,2,3,1,7,1,0,1,0,0,0,0,0,5.60404E+20,5.3549E+21,9.8152E+15,4.83444E+16
156780,8,3,35,43,2018,8,8,5,3,0,1,0,0,0,0,1,0,0,0,5.13146E+20,5.27929E+21,9.17511E+15,4.76669E+16
156781,8,4,21,0,2018,7,15,2,3,4,2,0,0,1,0,0,0,0,0,5.73255E+20,5.36141E+21,9.98974E+15,4.84016E+16
156782,8,3,35,43,2018,8,14,5,2,5,3,0,1,0,0,1,0,0,0,5.12846E+20,5.28017E+21,9.17114E+15,4.76748E+16
156783,8,4,15,61,2018,8,15,4,3,4,6,0,0,1,0,1,0,0,0,5.13703E+20,5.37704E+21,9.18567E+15,4.85463E+16
156784,8,4,15,61,2018,7,16,2,2,5,3,0,1,1,0,0,0,0,0,5.14626E+20,5.36933E+21,9.1979E+15,4.84769E+16
156785,8,3,27,46,2018,8,14,5,3,5,3,0,0,1,0,1,0,0,0,4.79437E+20,5.32424E+21,8.72396E+15,4.80711E+16
156786,8,3,37,96,2018,8,0,4,3,7,7,2,1,0,0,0,0,0,0,4.21192E+20,5.26753E+21,7.95247E+15,4.75564E+16
156787,8,3,25,49,2018,8,9,5,3,4,6,0,1,1,0,0,0,0,0,4.7243E+20,5.33414E+21,8.62926E+15,4.81599E+16
156788,8,4,15,61,2018,7,16,2,3,5,3,0,1,0,0,1,0,0,0,5.15139E+20,5.37024E+21,9.20488E+15,4.84851E+16
156789,8,3,17,65,2018,8,12,5,3,2,2,0,0,1,0,0,0,0,0,4.15096E+20,5.35466E+21,7.85426E+15,4.83394E+16
156790,8,3,35,75,2018,8,13,4,3,5,2,0,0,1,0,1,0,0,0,4.90312E+20,5.28922E+21,8.87073E+15,4.77563E+16
156791,8,3,15,74,2018,8,10,5,3,1,2,0,0,1,0,1,0,0,0,3.97527E+20,5.29578E+21,7.63137E+15,4.78072E+16
156792,8,4,15,53,2018,7,13,2,3,9,1,0,0,1,0,0,0,0,0,5.37386E+20,5.36284E+21,9.50528E+15,4.84176E+16
156793,8,3,11,0,2018,8,9,5,3,5,2,0,0,1,0,1,0,0,0,4.12503E+20,5.31842E+21,7.82674E+15,4.80131E+16
156794,8,3,37,32,2018,7,17,2,3,2,1,0,0,1,0,0,0,0,0,4.37958E+20,5.27336E+21,8.17447E+15,4.76107E+16
156795,8,3,11,0,2018,8,16,5,3,0,7,0,1,0,0,0,0,0,0,4.13127E+20,5.3183E+21,7.83513E+15,4.80121E+16
156796,8,3,36,81,2018,7,17,2,3,4,1,0,0,1,0,1,0,0,0,4.11622E+20,5.27804E+21,7.82317E+15,4.76497E+16
156797,8,3,35,75,2018,7,11,2,3,6,2,0,0,1,1,0,0,0,0,4.87842E+20,5.28972E+21,8.83776E+15,4.77607E+16
156798,8,3,36,69,2018,8,17,5,1,6,4,0,0,1,1,0,0,0,0,4.08626E+20,5.26899E+21,7.78517E+15,4.75679E+16
156799,8,4,36,55,2018,8,19,4,2,6,4,0,0,1,1,0,0,0,0,5.7799E+20,5.29234E+21,1.00411E+16,4.77797E+16
156800,8,4,35,16,2018,7,17,2,3,5,3,0,1,1,0,0,0,0,0,5.37909E+20,5.27745E+21,9.50479E+15,4.76493E+16
156801,8,3,11,0,2018,8,13,5,3,1,5,0,0,1,0,1,0,0,0,4.11122E+20,5.31656E+21,7.80861E+15,4.79962E+16
156802,8,3,11,0,2018,8,13,5,3,5,3,0,1,1,0,0,0,0,0,4.13972E+20,5.31683E+21,7.84676E+15,4.7999E+16
156803,8,3,27,50,2018,7,21,2,3,1,7,1,1,1,0,0,0,0,0,4.86148E+20,5.31434E+21,8.81437E+15,4.79822E+16
156804,8,3,17,40,2018,7,21,2,2,0,7,2,1,0,0,0,0,0,0,4.32981E+20,5.34744E+21,8.09673E+15,4.82766E+16
156805,8,3,11,0,2018,8,23,5,3,9,1,2,0,0,0,1,0,0,0,4.13272E+20,5.31891E+21,7.83696E+15,4.80176E+16
156806,8,3,17,96,2018,7,7,2,2,5,2,0,1,1,0,0,0,0,0,4.24418E+20,5.36842E+21,7.97757E+15,4.84643E+16
156807,8,3,17,116,2018,7,9,2,3,6,7,0,0,0,1,0,0,1,0,4.33074E+20,5.38776E+21,8.09153E+15,4.86393E+16
156808,8,2,15,110,2018,8,17,5,2,6,2,0,0,1,1,0,0,0,0,4.62029E+20,5.41874E+21,8.48169E+15,4.89204E+16
156809,8,3,15,113,2018,7,18,2,3,6,7,0,0,0,1,0,0,1,0,4.40984E+20,5.30675E+21,8.2102E+15,4.79114E+16
156810,8,2,12,0,2018,8,18,5,2,6,4,0,1,0,1,0,0,0,0,4.54937E+20,5.4288E+21,8.38377E+15,4.90105E+16
156811,8,4,16,41,2018,7,13,2,3,6,6,0,0,1,1,0,0,0,0,5.03797E+20,5.37399E+21,9.05142E+15,4.8519E+16
156812,8,3,11,0,2018,7,15,2,3,3,6,0,0,1,0,0,0,1,0,4.1453E+20,5.31602E+21,7.85439E+15,4.79918E+16
156813,8,2,12,0,2018,8,9,5,3,0,7,0,0,0,0,0,0,1,0,4.56888E+20,5.42823E+21,8.41052E+15,4.90054E+16
156814,8,3,26,74,2018,8,13,4,3,5,3,0,0,1,0,0,0,0,0,4.61034E+20,5.32408E+21,8.47694E+15,4.80688E+16
156815,8,2,12,0,2018,8,9,5,2,1,5,0,0,1,0,1,0,0,0,4.55592E+20,5.42607E+21,8.39302E+15,4.8986E+16
156816,8,3,11,0,2018,7,21,2,3,3,1,2,0,1,0,1,0,0,0,4.14797E+20,5.31655E+21,7.85787E+15,4.79966E+16
156817,8,2,36,25,2018,8,18,5,3,5,3,0,0,1,0,0,0,0,0,4.90417E+20,5.40791E+21,8.86944E+15,4.88241E+16
156818,8,2,22,0,2018,8,8,5,3,6,7,0,1,0,1,0,0,0,0,4.63215E+20,5.48039E+21,8.49224E+15,4.94751E+16
156819,8,3,11,0,2018,7,9,2,3,3,1,0,1,1,0,0,0,0,0,4.10397E+20,5.31568E+21,7.79908E+15,4.79882E+16
156820,8,3,11,0,2018,7,0,2,3,5,3,2,0,1,0,0,0,0,0,4.10643E+20,5.3155E+21,7.80242E+15,4.79866E+16
156821,8,2,22,0,2018,8,17,5,3,1,7,0,0,1,0,1,0,0,0,4.61335E+20,5.48308E+21,8.46602E+15,4.94991E+16
156822,8,3,26,74,2018,8,13,4,3,2,6,0,0,1,0,0,0,0,0,4.64626E+20,5.32375E+21,8.52518E+15,4.80661E+16
156823,8,2,12,0,2018,7,21,2,3,5,3,2,1,1,0,0,0,0,0,4.5873E+20,5.42933E+21,8.43559E+15,4.90155E+16