OBJECTID_1,ULAND,UREGBEZ,UKREIS,UGEMEINDE,UJAHR,UMONAT,USTUNDE,UWOCHENTAG,UKATEGORIE,UART,UTYP1,ULICHTVERH,IstRad,IstPKW,IstFuss,IstKrad,IstGkfz,IstSonstig,STRZUSTAND,LINREFX,LINREFY,XGCSWGS84,YGCSWGS84
156824,8,2,22,0,2018,8,7,5,3,1,6,0,0,1,0,0,0,0,0,4.64161E+20,5.4836E+21,8.505E+15,4.9504E+16
156825,8,3,25,45,2018,8,8,4,3,4,7,0,1,1,0,0,0,0,0,4.68129E+20,5.35077E+21,8.57017E+15,4.83094E+16
156826,8,2,22,0,2018,8,16,5,3,3,7,0,0,1,0,1,0,0,0,4.6057E+20,5.48586E+21,8.45517E+15,4.9524E+16
156827,8,2,12,0,2018,7,13,2,3,0,3,0,1,1,0,0,0,0,0,4.60598E+20,5.42682E+21,8.46137E+15,4.8993E+16
156828,8,2,22,0,2018,8,14,5,2,3,6,0,0,0,0,1,1,0,0,4.62505E+20,5.48469E+21,8.48203E+15,4.95137E+16
156829,8,2,21,0,2018,8,11,5,3,6,7,0,1,0,1,0,0,0,0,4.76816E+20,5.46893E+21,8.68065E+15,4.93726E+16
156830,8,2,26,95,2018,7,19,2,2,5,3,0,1,1,0,0,0,0,0,4.74033E+20,5.4607E+21,8.64284E+15,4.92985E+16
156831,8,2,21,0,2018,8,16,5,3,5,2,0,1,0,0,0,0,1,0,4.75551E+20,5.47406E+21,8.6629E+15,4.94188E+16
156832,8,2,26,85,2018,7,11,2,3,5,3,0,0,1,0,1,0,0,0,4.91131E+20,5.45512E+21,8.87813E+15,4.92488E+16
156833,8,2,16,43,2018,8,17,5,3,2,2,0,0,1,0,0,0,0,0,4.41837E+20,5.41302E+21,8.2069E+15,4.88674E+16
156834,8,2,22,0,2018,7,13,2,3,1,7,0,0,1,0,0,0,0,0,4.62989E+20,5.48207E+21,8.48895E+15,4.94901E+16
156835,8,2,22,0,2018,7,12,2,3,2,6,0,0,1,0,0,0,0,0,4.62628E+20,5.47968E+21,8.48419E+15,4.94686E+16
156836,8,2,15,17,2018,8,19,5,3,6,7,0,1,0,1,0,0,0,0,4.56628E+20,5.42133E+21,8.40769E+15,4.89434E+16
156837,8,2,21,0,2018,7,11,2,3,5,3,0,0,1,0,0,0,0,0,4.73945E+20,5.47509E+21,8.6407E+15,4.94279E+16
156838,8,2,12,0,2018,8,19,5,3,0,7,0,1,0,0,0,0,0,0,4.57607E+20,5.42875E+21,8.42029E+15,4.90102E+16
156839,8,2,11,0,2018,8,7,5,3,5,3,0,1,1,0,0,0,0,0,4.4079E+20,5.40412E+21,8.19391E+15,4.87873E+16
156840,8,2,21,0,2018,7,11,2,3,0,1,0,0,0,0,1,0,0,0,4.77701E+20,5.47279E+21,8.69262E+15,4.94074E+16
156841,8,2,11,0,2018,8,18,5,3,7,1,0,1,0,0,0,0,0,0,4.43998E+20,5.40051E+21,8.23807E+15,4.87551E+16
156842,8,2,21,0,2018,7,18,2,3,4,2,0,0,1,0,0,0,0,0,4.76246E+20,5.47288E+21,8.67256E+15,4.94082E+16
156843,8,1,36,42,2018,8,23,5,3,0,1,2,1,0,0,0,0,0,0,5.50661E+20,5.40525E+21,9.68985E+15,4.87981E+16
156844,8,2,16,43,2018,7,18,2,3,5,3,0,1,1,0,0,0,0,0,4.41921E+20,5.41231E+21,8.20815E+15,4.8861E+16
156845,8,2,16,43,2018,7,8,2,3,5,3,0,1,1,0,0,0,0,0,4.42439E+20,5.41302E+21,8.2151E+15,4.88675E+16
156846,8,1,36,88,2018,8,18,5,3,5,3,0,0,1,0,0,0,0,0,5.8016E+20,5.4097E+21,1.00923E+16,4.88351E+16
156847,8,2,16,43,2018,7,7,2,3,5,3,0,0,0,0,0,0,1,0,4.44133E+20,5.41242E+21,8.23828E+15,4.88622E+16
156848,8,1,35,19,2018,8,19,5,3,5,3,0,0,1,0,0,0,1,0,5.84448E+20,5.39239E+21,1.01472E+16,4.86788E+16
156849,8,2,12,0,2018,7,16,2,2,5,3,0,1,0,0,0,0,0,0,4.56609E+20,5.42474E+21,8.40706E+15,4.8974E+16
156850,8,1,19,90,2018,8,13,5,3,5,3,0,0,1,0,0,0,0,0,5.32702E+20,5.40627E+21,9.4454E+15,4.88086E+16
156851,8,2,11,0,2018,7,20,2,3,5,2,1,0,1,0,1,0,0,0,4.41141E+20,5.40388E+21,8.19872E+15,4.87851E+16
156852,8,1,19,79,2018,8,16,5,3,2,6,0,0,1,0,0,0,0,0,5.22195E+20,5.4083E+21,9.3024E+15,4.88273E+16
156853,8,1,19,41,2018,8,19,5,3,5,2,0,1,1,0,0,0,0,0,5.26012E+20,5.40968E+21,9.35449E+15,4.88396E+16
156854,8,1,36,88,2018,7,19,2,3,5,3,0,1,1,0,0,0,0,0,5.8001E+20,5.41034E+21,1.00904E+16,4.88409E+16
156855,8,1,19,67,2018,8,19,5,3,5,3,0,1,1,0,0,0,0,0,5.37693E+20,5.40495E+21,9.51324E+15,4.87964E+16
156856,8,1,35,19,2018,7,19,2,3,0,1,0,1,0,0,0,0,0,0,5.85499E+20,5.39205E+21,1.01614E+16,4.86756E+16
156857,8,1,19,20,2018,8,10,5,3,4,1,0,1,1,0,0,0,0,0,5.19223E+20,5.40885E+21,9.26194E+15,4.88323E+16
156858,8,1,28,115,2018,7,21,2,2,5,2,2,0,1,0,1,0,0,0,5.48357E+20,5.49761E+21,9.6696E+15,4.96291E+16
156859,8,1,26,66,2018,7,13,2,3,5,3,0,0,0,0,0,0,1,0,5.35967E+20,5.44981E+21,9.49372E+15,4.92E+16
156860,8,1,18,50,2018,8,19,5,3,3,6,0,1,1,0,0,0,0,0,5.06141E+20,5.41721E+21,9.0838E+15,4.89078E+16
156861,8,1,21,0,2018,7,21,2,2,6,4,2,0,1,1,0,0,0,0,5.14872E+20,5.44154E+21,9.20385E+15,4.91265E+16
156862,8,1,18,70,2018,8,20,5,3,5,3,0,0,1,0,0,0,0,0,5.17626E+20,5.42511E+21,9.24088E+15,4.89787E+16
156863,8,1,25,5,2018,7,11,2,3,5,3,0,0,1,0,0,0,0,0,5.15985E+20,5.45178E+21,9.2195E+15,4.92186E+16
156864,8,1,17,26,2018,8,14,5,3,4,2,0,0,1,0,0,0,0,0,5.47573E+20,5.39336E+21,9.64643E+15,4.86915E+16
156865,8,1,21,0,2018,7,9,2,3,6,7,0,0,0,1,0,1,0,0,5.16034E+20,5.44317E+21,9.21983E+15,4.91412E+16
156866,8,1,17,30,2018,8,5,5,3,5,2,1,0,1,0,0,0,0,0,5.47557E+20,5.39032E+21,9.64587E+15,4.86641E+16
156867,8,1,17,24,2018,8,15,5,3,1,7,0,1,1,0,0,0,0,0,5.59576E+20,5.38473E+21,9.80828E+15,4.86128E+16
156868,8,1,21,0,2018,7,10,2,3,5,3,0,1,1,0,0,0,0,0,5.15841E+20,5.44465E+21,9.21725E+15,4.91544E+16
156869,8,1,17,26,2018,8,12,5,3,5,3,0,1,1,0,0,0,0,0,5.48679E+20,5.39444E+21,9.66158E+15,4.87011E+16
156870,8,1,21,0,2018,7,8,2,3,2,6,0,0,1,0,0,0,0,0,5.15773E+20,5.44596E+21,9.21637E+15,4.91663E+16
156871,8,3,26,20,2018,8,16,7,3,8,1,0,0,0,0,1,0,0,0,4.3694E+20,5.32348E+21,8.15364E+15,4.80615E+16
156872,8,1,27,71,2018,8,20,5,3,8,1,0,0,0,0,1,0,0,0,5.74559E+20,5.45666E+21,1.00247E+16,4.92582E+16
156873,8,1,11,0,2018,8,17,7,3,6,4,0,0,0,1,1,0,0,0,5.15565E+20,5.40401E+21,9.21191E+15,4.87889E+16
156874,8,1,27,76,2018,8,9,5,3,2,6,0,0,1,0,0,0,0,0,5.51031E+20,5.43906E+21,9.69913E+15,4.91022E+16
156875,8,1,19,8,2018,8,20,5,3,6,4,1,0,1,1,0,0,0,0,5.31083E+20,5.42082E+21,9.42445E+15,4.89396E+16
156876,8,1,18,67,2018,8,8,5,1,6,4,0,0,0,1,0,1,0,0,5.05193E+20,5.41377E+21,9.07082E+15,4.88769E+16
156877,8,1,17,51,2018,8,5,5,3,0,3,1,1,1,0,0,0,0,0,5.43615E+20,5.39534E+21,9.59286E+15,4.87096E+16
156878,8,2,15,105,2018,8,16,7,2,5,3,0,1,0,0,0,0,0,0,4.56974E+20,5.44165E+21,8.41026E+15,4.91262E+16
156879,8,1,17,7,2018,8,19,5,3,5,3,0,0,1,0,0,0,0,0,5.59077E+20,5.38349E+21,9.80133E+15,4.86017E+16
156880,8,1,15,3,2018,8,14,5,3,6,2,0,0,0,1,0,1,0,0,5.00796E+20,5.39169E+21,9.01081E+15,4.86783E+16
156881,8,3,16,56,2018,8,13,6,3,3,2,0,1,1,0,0,0,0,0,4.22388E+20,5.32711E+21,7.9577E+15,4.80925E+16
156882,8,4,16,41,2018,8,16,7,3,3,6,0,1,1,0,0,0,0,0,5.04289E+20,5.37403E+21,9.05808E+15,4.85194E+16
156883,8,1,11,0,2018,8,20,5,3,5,3,1,0,1,0,0,0,1,0,5.10749E+20,5.40046E+21,9.14624E+15,4.87571E+16
156884,8,3,37,22,2018,8,13,6,3,0,6,0,0,1,0,1,0,0,0,4.50166E+20,5.29612E+21,8.3343E+15,4.78165E+16
156885,8,1,11,0,2018,8,8,5,3,0,7,0,1,0,0,0,0,0,0,5.10498E+20,5.39748E+21,9.14275E+15,4.87303E+16
156886,8,1,36,65,2018,8,13,4,3,0,3,0,1,0,0,0,0,1,0,5.59566E+20,5.40571E+21,9.81117E+15,4.88016E+16
156887,8,1,18,48,2018,8,21,6,3,5,2,1,1,1,0,0,0,0,0,5.12401E+20,5.41557E+21,9.16918E+15,4.88929E+16
156888,8,1,11,0,2018,8,17,6,3,5,3,0,0,1,0,0,0,0,0,5.12331E+20,5.39837E+21,9.16771E+15,4.87382E+16
156889,8,1,36,10,2018,8,11,4,3,0,7,0,0,0,1,0,1,0,0,6.00084E+20,5.4126E+21,1.03645E+16,4.88583E+16
156890,8,2,22,0,2018,8,9,7,3,1,7,0,0,1,0,1,0,0,0,4.64224E+20,5.48393E+21,8.50584E+15,4.9507E+16
156891,8,4,21,0,2018,8,15,4,3,1,7,0,0,1,0,0,0,1,0,5.7232E+20,5.36048E+21,9.97696E+15,4.83934E+16
156892,8,3,35,43,2018,8,18,4,3,5,2,0,1,1,0,0,0,0,0,5.11048E+20,5.28083E+21,9.1472E+15,4.76807E+16
156893,8,2,31,0,2018,8,22,6,3,2,6,2,0,1,0,1,0,0,0,4.77373E+20,5.4157E+21,8.69131E+15,4.88938E+16
156894,8,3,15,13,2018,8,17,7,3,2,6,0,0,1,0,0,0,0,0,4.06502E+20,5.325E+21,7.74486E+15,4.80714E+16
156895,8,3,26,74,2018,8,15,4,3,4,6,0,0,1,0,0,0,0,0,4.62243E+20,5.32128E+21,8.49342E+15,4.80437E+16
156896,8,3,16,11,2018,8,15,4,3,5,3,0,1,1,0,0,0,0,0,4.15178E+20,5.32868E+21,7.86057E+15,4.81058E+16
156897,8,1,19,91,2018,8,16,7,3,5,3,0,1,1,0,0,0,0,0,5.27553E+20,5.40633E+21,9.37527E+15,4.88094E+16
156898,8,3,15,113,2018,8,18,4,3,0,1,0,1,1,0,0,0,0,0,4.36596E+20,5.30573E+21,8.15163E+15,4.79018E+16
156899,8,3,11,0,2018,8,22,4,2,7,1,2,0,0,0,1,0,0,0,4.09805E+20,5.31705E+21,7.79086E+15,4.80004E+16
156900,8,1,35,19,2018,8,2,7,3,0,1,2,0,0,0,1,0,0,0,5.85481E+20,5.39208E+21,1.01612E+16,4.86759E+16
156901,8,1,18,46,2018,8,8,1,3,1,7,0,1,1,0,0,0,0,0,5.13912E+20,5.4124E+21,9.18969E+15,4.88644E+16
156902,8,4,15,61,2018,8,13,7,3,0,1,0,1,0,0,0,0,0,0,5.14838E+20,5.3743E+21,9.20094E+15,4.85216E+16
156903,8,2,26,36,2018,8,10,6,3,5,5,0,0,1,0,1,0,0,0,4.68637E+20,5.47997E+21,8.5671E+15,4.94716E+16
156904,8,1,11,0,2018,8,6,1,3,1,5,0,1,1,0,0,0,0,0,5.18699E+20,5.40018E+21,9.2544E+15,4.87544E+16
156905,8,1,15,21,2018,8,20,1,3,0,7,0,1,0,0,0,0,0,0,4.89795E+20,5.38207E+21,8.86161E+15,4.85916E+16
156906,8,3,37,76,2018,8,2,7,3,0,1,2,1,0,0,0,0,0,0,4.26405E+20,5.26755E+21,8.02175E+15,4.75572E+16
156907,8,3,36,91,2018,8,10,4,3,5,3,0,0,1,0,1,0,0,0,3.95594E+20,5.27427E+21,7.61071E+15,4.76134E+16
156908,8,1,16,19,2018,8,18,7,3,1,7,0,0,1,0,1,0,0,0,5.24896E+20,5.398E+21,9.33858E+15,4.87346E+16
156909,8,3,11,0,2018,8,16,4,3,1,1,0,1,1,0,0,0,0,0,4.14163E+20,5.31547E+21,7.84959E+15,4.79868E+16
156910,8,3,11,0,2018,8,22,4,3,3,2,2,1,1,0,0,0,0,0,4.15449E+20,5.31566E+21,7.86678E+15,4.79887E+16
156911,8,2,12,0,2018,8,7,4,3,2,6,0,1,1,0,0,0,0,0,4.5539E+20,5.42786E+21,8.39007E+15,4.9002E+16
156912,8,2,22,0,2018,8,9,4,3,1,5,0,1,1,0,0,0,0,0,4.65708E+20,5.48179E+21,8.52652E+15,4.94877E+16
156913,8,2,21,0,2018,8,16,6,3,3,3,0,1,1,0,0,0,0,0,4.78093E+20,5.4716E+21,8.69809E+15,4.93967E+16
156914,8,2,21,0,2018,8,15,4,3,3,6,0,0,1,0,1,0,0,0,4.78207E+20,5.47291E+21,8.69958E+15,4.94085E+16
156915,8,1,11,0,2018,8,3,1,3,5,3,2,0,1,0,0,0,0,0,5.1173E+20,5.40086E+21,9.15961E+15,4.87606E+16
156916,8,1,11,0,2018,8,14,6,3,8,1,0,0,1,0,0,0,0,0,5.18551E+20,5.40287E+21,9.25251E+15,4.87785E+16
156917,8,3,25,14,2018,8,9,7,3,8,1,0,0,1,0,0,0,0,0,4.65393E+20,5.3393E+21,8.53421E+15,4.8206E+16
156918,8,2,21,0,2018,8,11,4,3,5,2,0,0,1,0,0,0,1,0,4.77103E+20,5.47284E+21,8.68437E+15,4.94078E+16
156919,8,4,26,19,2018,8,17,6,2,5,3,0,0,0,0,1,0,1,0,5.8086E+20,5.323E+21,1.00851E+16,4.80551E+16
156920,8,2,15,84,2018,8,16,4,3,9,7,0,0,1,0,0,0,0,0,4.73242E+20,5.44521E+21,8.63299E+15,4.91591E+16
156921,8,2,12,0,2018,8,16,4,3,5,3,0,0,1,0,0,0,0,0,4.60397E+20,5.43083E+21,8.45823E+15,4.90291E+16
156922,8,1,16,70,2018,8,19,6,3,0,1,1,1,0,0,0,0,0,0,5.38807E+20,5.38557E+21,9.52659E+15,4.8622E+16
156923,8,1,11,0,2018,8,19,6,3,0,7,0,1,0,0,0,0,0,0,5.12073E+20,5.40642E+21,9.16445E+15,4.88107E+16
156924,8,3,17,114,2018,8,9,4,3,2,6,0,0,1,0,0,0,0,0,4.04777E+20,5.34633E+21,7.71693E+15,4.8263E+16
156925,8,2,15,17,2018,8,14,7,2,4,6,0,1,0,0,0,0,0,0,4.54932E+20,5.41935E+21,8.38474E+15,4.89254E+16
156926,8,1,36,65,2018,8,11,4,2,0,7,0,1,1,0,0,0,0,0,5.58222E+20,5.40536E+21,9.79282E+15,4.87985E+16
156927,8,1,18,70,2018,8,4,6,3,3,6,2,1,0,0,0,0,0,0,5.19536E+20,5.42437E+21,9.26694E+15,4.8972E+16
156928,8,1,36,88,2018,8,14,4,3,0,1,0,0,1,0,0,0,0,0,5.80284E+20,5.40952E+21,1.0094E+16,4.88335E+16
156929,8,3,16,55,2018,8,16,7,2,0,1,0,0,0,0,1,0,0,0,4.29644E+20,5.33415E+21,8.05396E+15,4.81567E+16
156930,8,1,36,89,2018,8,11,4,2,6,7,0,0,1,1,0,0,0,0,5.85895E+20,5.41971E+21,1.01726E+16,4.89244E+16
156931,8,1,27,71,2018,8,15,4,3,5,3,0,0,1,0,0,0,0,0,5.74442E+20,5.45584E+21,1.00229E+16,4.92508E+16
156932,8,3,25,51,2018,8,11,6,3,0,7,0,0,1,0,0,0,1,0,4.51285E+20,5.34878E+21,8.34326E+15,4.82903E+16
156933,8,1,25,26,2018,8,5,4,2,5,3,1,0,1,0,1,0,0,0,4.92642E+20,5.44304E+21,8.89911E+15,4.91402E+16
156934,8,1,18,3,2018,8,13,4,3,1,7,0,1,1,0,0,0,0,0,5.11259E+20,5.41726E+21,9.15365E+15,4.89082E+16
156935,8,1,16,16,2018,8,16,6,2,2,6,0,0,1,0,0,0,0,0,5.33453E+20,5.38614E+21,9.45399E+15,4.86274E+16
156936,8,1,17,42,2018,8,8,4,3,5,3,0,0,1,0,0,0,0,0,5.54124E+20,5.39248E+21,9.73532E+15,4.8683E+16
156937,8,2,16,43,2018,8,18,7,3,1,5,0,1,1,0,0,0,0,0,4.41392E+20,5.41203E+21,8.20097E+15,4.88584E+16
156938,8,1,16,49,2018,8,5,4,3,2,6,0,0,1,0,0,0,0,0,5.24782E+20,5.38586E+21,9.3363E+15,4.86253E+16
156939,8,1,15,44,2018,8,9,4,3,0,7,0,1,0,0,0,0,0,1,5.04362E+20,5.39062E+21,9.05924E+15,4.86686E+16
156940,8,2,26,37,2018,8,9,6,3,5,3,0,1,1,0,0,0,0,0,4.66575E+20,5.4685E+21,8.53961E+15,4.93683E+16
156941,8,1,11,0,2018,8,16,4,3,5,7,0,0,0,0,0,0,1,0,5.16946E+20,5.403E+21,9.23067E+15,4.87798E+16
156942,8,1,11,0,2018,8,8,4,3,2,6,0,0,1,0,1,0,0,0,5.16161E+20,5.4063E+21,9.22011E+15,4.88095E+16
156943,8,2,12,0,2018,8,14,6,3,0,3,0,1,1,0,0,0,0,0,4.54344E+20,5.42976E+21,8.37556E+15,4.90191E+16
156944,8,4,36,49,2018,8,11,7,2,5,3,0,1,1,0,0,0,0,0,5.77458E+20,5.28352E+21,1.00324E+16,4.77004E+16
156945,8,1,11,0,2018,8,15,4,3,2,6,0,0,1,0,0,0,0,0,5.16096E+20,5.40583E+21,9.2192E+15,4.88052E+16
156946,8,1,11,0,2018,8,12,4,3,0,7,0,0,0,0,1,0,0,0,5.12922E+20,5.40391E+21,9.17592E+15,4.8788E+16
156947,8,1,26,28,2018,8,13,7,3,6,7,0,0,1,1,0,0,0,0,5.40907E+20,5.45961E+21,9.56253E+15,4.92879E+16
156948,8,4,37,104,2018,8,15,3,3,0,1,0,0,0,0,1,0,0,1,5.13917E+20,5.32587E+21,9.18688E+15,4.8086E+16
156949,8,4,36,11,2018,8,17,3,2,0,1,0,1,0,0,0,0,0,0,5.49025E+20,5.29762E+21,9.65506E+15,4.78301E+16
156950,8,2,22,0,2018,8,16,6,2,5,3,0,1,0,0,0,0,1,0,4.61272E+20,5.48127E+21,8.46532E+15,4.94828E+16
156951,8,4,36,82,2018,8,7,3,3,5,3,0,0,1,0,1,0,0,0,5.47808E+20,5.29485E+21,9.6385E+15,4.78052E+16
156952,8,4,21,0,2018,8,13,5,3,5,3,0,0,1,0,0,0,0,0,5.71379E+20,5.3606E+21,9.96426E+15,4.83945E+16
156953,8,1,19,91,2018,8,21,6,2,0,1,2,1,0,0,0,0,0,0,5.27322E+20,5.40614E+21,9.37211E+15,4.88077E+16
156954,8,4,36,49,2018,8,11,3,3,5,3,0,0,1,0,0,0,0,0,5.7789E+20,5.28331E+21,1.00381E+16,4.76985E+16
156955,8,3,35,43,2018,8,17,7,3,4,6,0,1,0,0,1,0,0,0,5.15795E+20,5.27945E+21,9.2104E+15,4.76682E+16
156956,8,4,16,15,2018,8,20,3,3,5,3,2,1,1,0,0,0,0,0,5.0708E+20,5.36659E+21,9.09576E+15,4.84524E+16
156957,8,4,16,41,2018,8,21,3,2,6,4,2,0,1,1,0,0,0,0,5.0329E+20,5.3743E+21,9.04456E+15,4.85218E+16
156958,8,4,16,11,2018,8,16,3,3,5,3,0,1,1,0,0,0,0,0,5.05202E+20,5.36617E+21,9.07035E+15,4.84487E+16
156959,8,1,18,73,2018,8,11,7,3,5,3,0,1,1,0,0,0,0,0,4.97047E+20,5.42006E+21,8.95968E+15,4.89335E+16
156960,8,3,36,50,2018,8,13,3,3,0,7,0,1,0,1,0,0,0,0,3.9935E+20,5.2737E+21,7.6608E+15,4.76089E+16
156961,8,3,36,50,2018,8,20,3,2,0,1,0,1,0,0,0,0,0,0,3.99843E+20,5.27657E+21,7.66671E+15,4.76348E+16
156962,8,1,26,66,2018,8,14,6,3,5,3,0,1,0,0,0,0,1,0,5.36211E+20,5.45011E+21,9.4971E+15,4.92027E+16
156963,8,3,17,1,2018,8,20,3,3,0,7,1,1,0,0,0,0,0,0,4.3161E+20,5.38652E+21,8.07186E+15,4.8628E+16
156964,8,4,21,0,2018,8,13,5,3,5,2,0,1,1,0,0,0,0,0,5.71196E+20,5.36083E+21,9.96183E+15,4.83966E+16
156965,8,3,16,10,2018,8,8,3,3,0,7,0,1,0,0,0,0,0,0,4.33581E+20,5.33867E+21,8.10619E+15,4.81978E+16
156966,8,4,35,18,2018,8,17,5,3,0,1,0,0,0,0,0,0,1,0,5.24661E+20,5.27982E+21,9.32851E+15,4.76713E+16
156967,8,4,17,2,2018,8,19,7,2,3,2,0,1,1,0,0,0,0,0,4.89339E+20,5.34634E+21,8.85633E+15,4.82702E+16
156968,8,3,15,76,2018,8,16,3,3,0,1,0,1,0,0,0,0,0,0,3.92437E+20,5.29701E+21,7.5631E+15,4.78174E+16
156969,8,4,21,0,2018,8,14,6,3,4,2,0,0,1,0,0,0,1,0,5.72662E+20,5.36071E+21,9.98161E+15,4.83954E+16
156970,8,3,11,0,2018,8,19,3,3,6,4,1,1,0,1,0,0,0,0,4.13361E+20,5.31687E+21,7.83855E+15,4.79993E+16
156971,8,4,21,0,2018,8,11,5,3,5,3,0,1,1,0,0,0,0,0,5.72282E+20,5.36086E+21,9.97651E+15,4.83968E+16
156972,8,1,11,0,2018,8,13,7,3,0,2,0,0,0,0,1,0,0,0,5.15198E+20,5.40283E+21,9.20687E+15,4.87782E+16
156973,8,3,36,50,2018,8,13,3,3,6,3,0,0,1,1,0,0,0,0,4.02121E+20,5.27665E+21,7.69701E+15,4.76358E+16
156974,8,3,36,81,2018,8,17,3,2,5,7,0,0,1,0,1,0,0,0,4.12739E+20,5.27932E+21,7.83778E+15,4.76614E+16
156975,8,3,11,0,2018,8,22,3,3,0,7,2,0,1,0,1,0,0,0,4.10008E+20,5.31704E+21,7.79359E+15,4.80004E+16
156976,8,4,21,0,2018,8,10,5,3,2,6,0,0,1,0,0,0,1,0,5.70075E+20,5.36141E+21,9.94679E+15,4.8402E+16
156977,8,3,11,0,2018,8,8,3,2,2,6,0,0,1,0,0,0,0,0,4.10233E+20,5.31577E+21,7.79687E+15,4.79889E+16
156978,8,3,11,0,2018,8,22,7,3,1,6,2,0,1,0,0,0,0,0,4.10328E+20,5.31614E+21,7.79806E+15,4.79923E+16
156979,8,2,31,0,2018,8,8,3,3,4,6,0,0,1,0,0,1,0,0,4.76627E+20,5.41624E+21,8.68109E+15,4.88987E+16
156980,8,2,26,65,2018,8,15,3,3,1,7,0,0,1,0,1,0,0,0,4.78632E+20,5.4573E+21,8.70628E+15,4.9268E+16
156981,8,3,17,57,2018,8,4,6,2,9,7,2,0,1,0,0,0,0,0,4.13199E+20,5.38292E+21,7.8228E+15,4.85933E+16
156982,8,4,21,0,2018,8,7,7,3,0,1,0,0,0,0,1,0,0,0,5.69215E+20,5.36327E+21,9.93547E+15,4.84188E+16
156983,8,4,16,41,2018,8,19,5,3,5,3,0,0,1,0,1,0,0,0,5.04048E+20,5.37265E+21,9.05481E+15,4.8507E+16
156984,8,2,22,0,2018,8,16,3,3,5,2,0,1,0,0,0,0,1,0,4.61982E+20,5.48218E+21,8.47504E+15,4.94911E+16
156985,8,3,36,50,2018,8,20,5,3,5,2,2,0,1,0,0,0,0,0,4.00737E+20,5.27564E+21,7.67882E+15,4.76266E+16
156986,8,2,22,0,2018,8,14,3,3,6,2,0,0,1,1,0,0,0,0,4.61608E+20,5.48379E+21,8.46972E+15,4.95056E+16
156987,8,2,22,0,2018,8,18,3,2,0,7,0,1,0,0,0,0,0,0,4.62421E+20,5.47787E+21,8.48151E+15,4.94523E+16
156988,8,2,21,0,2018,8,20,3,2,0,3,0,1,1,0,0,0,0,0,4.77235E+20,5.47431E+21,8.68611E+15,4.94211E+16
156989,8,2,36,46,2018,8,19,7,3,0,3,0,1,1,0,0,0,0,0,4.83564E+20,5.41855E+21,8.77565E+15,4.89197E+16
156990,8,2,21,0,2018,8,20,3,3,0,1,0,1,0,0,0,0,0,0,4.78124E+20,5.47151E+21,8.69852E+15,4.93959E+16
156991,8,2,16,17,2018,8,11,3,3,6,4,0,0,1,1,0,0,0,0,4.51937E+20,5.40256E+21,8.34584E+15,4.87742E+16
156992,8,2,31,0,2018,8,21,6,3,0,1,2,1,0,0,0,0,0,0,4.78012E+20,5.41529E+21,8.70005E+15,4.88901E+16
156993,8,4,26,28,2018,8,9,7,3,5,3,0,0,1,0,1,0,0,0,5.69728E+20,5.34129E+21,9.93877E+15,4.8221E+16
156994,8,3,35,63,2018,8,16,5,3,0,7,0,1,0,0,0,0,0,0,4.97683E+20,5.28704E+21,8.9691E+15,4.77367E+16
156995,8,2,15,103,2018,8,20,3,3,5,3,1,0,1,0,0,0,0,0,4.66835E+20,5.44255E+21,8.54534E+15,4.91349E+16
156996,8,2,12,0,2018,8,15,3,3,1,5,0,1,1,0,0,0,0,0,4.56351E+20,5.42722E+21,8.40328E+15,4.89963E+16
156997,8,1,21,0,2018,8,10,7,3,1,5,0,0,1,0,0,0,0,0,5.16898E+20,5.44306E+21,9.23168E+15,4.91401E+16
156998,8,2,12,0,2018,8,16,3,2,1,5,0,0,0,0,1,1,0,0,4.53356E+20,5.42752E+21,8.3623E+15,4.89988E+16
156999,8,3,17,65,2018,8,18,3,3,3,6,0,1,0,0,0,0,0,0,4.13699E+20,5.35271E+21,7.83581E+15,4.83217E+16
157000,8,2,21,0,2018,8,19,6,3,1,3,0,1,1,0,0,0,0,0,4.76176E+20,5.46945E+21,8.67179E+15,4.93773E+16
157001,8,3,17,59,2018,8,19,3,3,5,3,0,1,0,0,0,0,0,0,4.12866E+20,5.3495E+21,7.82525E+15,4.82927E+16
157002,8,1,36,82,2018,8,2,7,3,9,1,2,1,0,0,0,0,0,0,5.88574E+20,5.41452E+21,1.0208E+16,4.88773E+16
157003,8,3,17,57,2018,8,20,3,3,5,3,1,0,1,0,0,0,0,0,4.12179E+20,5.3807E+21,7.80944E+15,4.85732E+16
157004,8,1,36,65,2018,8,18,3,2,8,1,0,1,0,0,0,0,0,0,5.56051E+20,5.4043E+21,9.76311E+15,4.87892E+16
157005,8,2,22,0,2018,8,18,6,3,0,6,0,0,1,0,0,0,0,0,4.62278E+20,5.48478E+21,8.47887E+15,4.95145E+16
157006,8,1,21,0,2018,8,16,3,3,3,6,0,1,0,0,0,0,0,0,5.16475E+20,5.44227E+21,9.22584E+15,4.9133E+16
157007,8,3,35,43,2018,8,9,5,3,5,3,0,1,1,0,0,0,0,0,5.13981E+20,5.27995E+21,9.18624E+15,4.76728E+16
157008,8,1,19,91,2018,8,11,3,3,0,6,0,1,0,0,0,1,0,0,5.2839E+20,5.40671E+21,9.3867E+15,4.88127E+16
157009,8,3,37,96,2018,8,16,7,2,5,3,0,0,1,0,1,1,0,0,4.19518E+20,5.26665E+21,7.93039E+15,4.75483E+16
157010,8,1,19,67,2018,8,22,3,3,2,6,2,0,1,0,0,0,0,0,5.38304E+20,5.40601E+21,9.52167E+15,4.88059E+16