OBJECTID_1,ULAND,UREGBEZ,UKREIS,UGEMEINDE,UJAHR,UMONAT,USTUNDE,UWOCHENTAG,UKATEGORIE,UART,UTYP1,ULICHTVERH,IstRad,IstPKW,IstFuss,IstKrad,IstGkfz,IstSonstig,STRZUSTAND,LINREFX,LINREFY,XGCSWGS84,YGCSWGS84
157011,8,1,17,18,2018,8,12,7,3,2,2,0,0,1,0,1,0,0,0,5.37431E+20,5.39493E+21,9.50877E+15,4.87063E+16
157012,8,1,19,67,2018,8,9,3,3,5,3,0,1,1,0,0,0,0,0,5.39284E+20,5.4067E+21,9.53508E+15,4.8812E+16
157013,8,1,18,48,2018,8,7,3,3,1,6,0,0,1,0,1,0,0,0,5.14922E+20,5.41615E+21,9.2036E+15,4.88981E+16
157014,8,1,16,33,2018,8,16,3,3,2,6,0,0,1,0,0,0,0,1,5.33368E+20,5.38769E+21,9.45296E+15,4.86414E+16
157015,8,3,35,43,2018,8,11,5,2,5,3,0,1,0,0,0,0,0,0,5.1303E+20,5.27934E+21,9.17357E+15,4.76674E+16
157016,8,1,15,42,2018,8,17,3,3,2,2,0,0,1,1,0,0,0,0,4.96009E+20,5.40613E+21,8.94565E+15,4.88081E+16
157017,8,3,17,96,2018,8,18,5,2,5,3,0,1,1,0,0,0,0,0,4.20432E+20,5.36824E+21,7.92368E+15,4.84623E+16
157018,8,1,11,0,2018,8,17,3,2,6,4,0,0,1,1,0,0,0,0,5.12769E+20,5.40117E+21,9.17376E+15,4.87634E+16
157019,8,3,26,74,2018,8,11,7,3,5,3,0,0,1,0,0,0,0,0,4.64043E+20,5.32233E+21,8.51748E+15,4.80532E+16
157020,8,1,11,0,2018,8,7,3,3,5,3,0,1,1,0,0,0,0,0,5.18525E+20,5.40289E+21,9.25216E+15,4.87787E+16
157021,8,1,36,50,2018,8,7,6,3,0,6,0,0,0,0,1,0,1,0,5.80616E+20,5.40435E+21,1.00975E+16,4.87869E+16
157022,8,4,35,34,2018,8,13,2,3,1,5,0,1,1,0,0,0,0,0,5.29989E+20,5.28441E+21,9.39981E+15,4.77124E+16
157023,8,3,16,38,2018,8,19,5,2,5,3,0,0,1,0,1,0,0,0,3.97298E+20,5.33325E+21,7.61934E+15,4.81442E+16
157024,8,4,21,0,2018,8,11,2,3,5,3,0,0,1,0,0,0,1,0,5.73771E+20,5.36119E+21,9.99667E+15,4.83995E+16
157025,8,4,16,41,2018,8,18,2,3,2,6,0,0,1,0,1,0,0,0,5.04099E+20,5.37444E+21,9.05551E+15,4.85231E+16
157026,8,3,11,0,2018,8,10,5,3,1,5,0,1,1,0,0,0,0,0,4.14854E+20,5.31696E+21,7.85855E+15,4.80002E+16
157027,8,1,18,48,2018,8,18,6,3,6,6,0,1,0,1,0,0,0,0,5.13485E+20,5.4157E+21,9.18398E+15,4.88941E+16
157028,8,4,15,78,2018,8,13,2,2,0,1,0,1,0,0,0,0,0,0,5.2927E+20,5.37137E+21,9.39619E+15,4.84948E+16
157029,8,2,15,84,2018,8,16,7,3,2,2,0,0,0,0,1,0,0,0,4.72478E+20,5.44744E+21,8.62237E+15,4.91792E+16
157030,8,3,35,43,2018,8,20,2,3,0,7,1,1,0,0,0,0,0,1,5.13052E+20,5.27909E+21,9.17385E+15,4.7665E+16
157031,8,3,26,6,2018,8,14,2,3,3,2,0,0,1,0,1,0,0,0,4.58598E+20,5.30822E+21,8.44577E+15,4.7926E+16
157032,8,3,11,0,2018,8,17,6,3,6,4,0,1,0,1,0,0,0,0,4.142E+20,5.31636E+21,7.84991E+15,4.79948E+16
157033,8,1,16,49,2018,8,0,1,2,0,1,2,1,0,0,0,0,0,0,5.24573E+20,5.38692E+21,9.33353E+15,4.86348E+16
157034,8,3,15,47,2018,8,10,5,3,5,3,0,1,1,0,0,0,0,0,4.15422E+20,5.32207E+21,7.86516E+15,4.80463E+16
157035,8,3,17,98,2018,8,14,7,3,2,6,0,0,0,0,1,0,0,0,4.38284E+20,5.36939E+21,8.16497E+15,4.84746E+16
157036,8,3,17,96,2018,8,16,2,3,2,6,0,0,1,0,0,0,0,0,4.22326E+20,5.36798E+21,7.94935E+15,4.84602E+16
157037,8,3,15,50,2018,8,13,2,3,6,4,0,0,1,1,0,0,0,0,3.99852E+20,5.30293E+21,7.66076E+15,4.78719E+16
157038,8,3,36,81,2018,8,14,6,3,4,6,0,0,1,0,0,0,0,0,4.1139E+20,5.27798E+21,7.8201E+15,4.76492E+16
157039,8,3,15,15,2018,8,22,2,3,6,4,2,1,0,1,0,0,0,0,3.94486E+20,5.32035E+21,7.58474E+15,4.80277E+16
157040,8,2,37,45,2018,8,12,5,3,0,7,0,0,1,0,0,0,0,0,4.62659E+20,5.36315E+21,8.49531E+15,4.84204E+16
157041,8,3,11,0,2018,8,17,2,3,5,3,0,0,1,0,1,0,0,0,4.15587E+20,5.31557E+21,7.86865E+15,4.79879E+16
157042,8,2,31,0,2018,8,14,5,3,6,4,0,0,1,1,0,0,0,1,4.78105E+20,5.41529E+21,8.70131E+15,4.88902E+16
157043,8,3,11,0,2018,8,15,2,3,8,7,0,0,0,0,1,0,0,0,4.18386E+20,5.31472E+21,7.90632E+15,4.79806E+16
157044,8,2,22,0,2018,8,12,7,3,5,3,0,1,1,0,0,0,0,0,4.6205E+20,5.48314E+21,8.47588E+15,4.94997E+16
157045,8,1,25,102,2018,8,10,6,3,0,7,0,0,0,0,1,1,0,0,5.22486E+20,5.44347E+21,9.30831E+15,4.91437E+16
157046,8,3,11,0,2018,8,17,2,3,7,7,0,1,0,0,0,0,0,0,4.1477E+20,5.31905E+21,7.85701E+15,4.80191E+16
157047,8,2,12,0,2018,8,19,2,2,5,3,0,0,1,0,0,0,1,0,4.55025E+20,5.4299E+21,8.38485E+15,4.90204E+16
157048,8,2,26,103,2018,8,17,6,3,5,3,0,0,1,0,1,0,0,0,4.7052E+20,5.45766E+21,8.59474E+15,4.9271E+16
157049,8,4,26,21,2018,8,11,7,3,0,1,0,1,0,0,0,0,0,0,5.58076E+20,5.3277E+21,9.78006E+15,4.80999E+16
157050,8,2,31,0,2018,8,10,5,3,2,6,0,0,1,0,1,0,0,0,4.77427E+20,5.41538E+21,8.69205E+15,4.88909E+16
157051,8,2,15,17,2018,8,10,2,3,5,3,0,0,1,0,1,0,0,0,4.56626E+20,5.42148E+21,8.40764E+15,4.89448E+16
157052,8,2,22,0,2018,8,7,5,3,2,6,0,0,1,0,0,0,0,0,4.60457E+20,5.48736E+21,8.45346E+15,4.95375E+16
157053,8,2,22,0,2018,8,7,2,3,4,2,0,1,1,0,0,0,0,0,4.63903E+20,5.47817E+21,8.50193E+15,4.94552E+16
157054,8,2,12,0,2018,8,15,5,3,5,3,0,1,0,0,0,0,0,0,4.52401E+20,5.42759E+21,8.34924E+15,4.89994E+16
157055,8,2,22,0,2018,8,18,2,3,6,4,0,0,1,1,0,0,0,0,4.61778E+20,5.48237E+21,8.4722E+15,4.94928E+16
157056,8,4,25,141,2018,8,18,7,3,0,1,0,1,0,0,0,0,0,0,5.62966E+20,5.36668E+21,9.85153E+15,4.84501E+16
157057,8,2,21,0,2018,8,17,2,2,3,4,0,0,1,1,0,0,0,0,4.76473E+20,5.47285E+21,8.67569E+15,4.94079E+16
157058,8,2,21,0,2018,8,17,2,3,4,6,0,1,0,0,0,0,0,0,4.77165E+20,5.47159E+21,8.68529E+15,4.93966E+16
157059,8,2,26,82,2018,8,16,6,1,0,1,0,1,0,0,0,0,0,0,4.75489E+20,5.48052E+21,8.66164E+15,4.94768E+16
157060,8,2,12,0,2018,8,10,2,3,2,6,0,0,1,0,0,0,0,0,4.52329E+20,5.42934E+21,8.34805E+15,4.90151E+16
157061,8,2,12,0,2018,8,13,5,3,0,1,0,1,0,0,0,0,0,0,4.53559E+20,5.42986E+21,8.3648E+15,4.90198E+16
157062,8,1,36,65,2018,8,13,2,3,5,3,0,0,1,0,1,0,0,0,5.64095E+20,5.40539E+21,9.87279E+15,4.87982E+16
157063,8,3,36,91,2018,8,12,7,3,0,7,0,1,0,0,0,0,0,0,3.96117E+20,5.27195E+21,7.61822E+15,4.75926E+16
157064,8,1,36,84,2018,8,5,2,3,4,1,1,0,1,0,1,0,0,0,5.92813E+20,5.43225E+21,1.02699E+16,4.90362E+16
157065,8,1,16,19,2018,8,8,7,3,2,6,0,0,1,0,0,0,0,0,5.21651E+20,5.40038E+21,9.29458E+15,4.87561E+16
157066,8,1,26,28,2018,8,12,2,3,1,7,0,0,1,0,0,0,0,0,5.41176E+20,5.45983E+21,9.56626E+15,4.92898E+16
157067,8,1,21,0,2018,8,21,2,3,0,7,1,0,0,0,0,0,1,0,5.15027E+20,5.44442E+21,9.20608E+15,4.91524E+16
157068,8,1,19,67,2018,8,11,2,3,2,6,0,0,1,0,0,0,0,0,5.3861E+20,5.40574E+21,9.5258E+15,4.88034E+16
157069,8,1,19,67,2018,8,12,7,3,0,1,0,1,0,0,0,0,0,0,5.39124E+20,5.407E+21,9.53293E+15,4.88147E+16
157070,8,1,19,8,2018,8,15,2,2,5,7,0,1,1,0,0,0,0,0,5.31821E+20,5.42193E+21,9.43461E+15,4.89495E+16
157071,8,1,18,48,2018,8,7,2,3,5,2,0,1,1,0,0,0,0,0,5.14786E+20,5.41495E+21,9.2017E+15,4.88873E+16
157072,8,1,27,43,2018,8,20,6,3,0,1,0,1,0,0,0,0,0,0,5.68684E+20,5.44709E+21,9.94232E+15,4.91728E+16
157073,8,1,17,26,2018,8,18,2,3,5,3,0,0,1,0,0,0,0,0,5.48442E+20,5.39441E+21,9.65836E+15,4.87008E+16
157074,8,1,35,19,2018,8,21,5,2,6,1,2,0,1,1,0,0,0,0,5.85759E+20,5.39233E+21,1.0165E+16,4.86781E+16
157075,8,1,17,26,2018,8,20,2,3,4,3,1,0,1,0,0,0,0,0,5.4759E+20,5.3971E+21,9.64709E+15,4.87251E+16
157076,8,4,35,16,2018,8,6,5,2,6,3,1,1,0,1,0,0,0,0,5.36915E+20,5.27883E+21,9.49166E+15,4.76618E+16
157077,8,3,25,49,2018,8,11,7,2,0,7,0,1,0,0,0,0,0,0,4.72166E+20,5.3352E+21,8.62564E+15,4.81694E+16
157078,8,1,11,0,2018,8,6,2,3,5,3,1,1,0,0,0,0,0,0,5.18249E+20,5.40297E+21,9.2484E+15,4.87794E+16
157079,8,4,26,21,2018,8,5,6,2,0,4,1,1,0,1,0,0,0,1,5.59477E+20,5.32892E+21,9.79904E+15,4.81107E+16
157080,8,1,11,0,2018,8,10,2,3,5,3,0,0,1,0,0,0,0,0,5.12992E+20,5.40697E+21,9.17697E+15,4.88156E+16
157081,8,1,28,7,2018,8,15,5,3,0,2,0,0,1,0,1,0,0,0,5.55761E+20,5.48231E+21,9.76996E+15,4.94908E+16
157082,8,4,35,59,2018,8,20,1,3,6,7,0,0,1,1,0,0,0,0,5.1223E+20,5.29021E+21,9.16321E+15,4.77651E+16
157083,8,2,25,117,2018,8,19,5,1,8,1,0,0,0,0,0,0,1,0,5.1548E+20,5.47162E+21,9.21334E+15,4.93971E+16
157084,8,4,35,57,2018,8,11,1,3,3,2,0,0,1,0,1,0,0,0,5.44283E+20,5.28045E+21,9.58996E+15,4.7676E+16
157085,8,4,26,134,2018,8,18,1,3,8,1,0,0,0,0,1,0,0,0,5.57859E+20,5.33572E+21,9.77824E+15,4.81721E+16
157086,8,3,16,2,2018,8,15,7,3,5,3,0,1,1,0,0,0,0,0,4.06399E+20,5.33119E+21,7.74211E+15,4.8127E+16
157087,8,4,17,25,2018,8,10,1,3,0,1,0,1,0,0,0,0,0,0,4.83626E+20,5.36141E+21,8.77875E+15,4.84057E+16
157088,8,4,15,59,2018,8,20,1,3,6,4,0,0,1,1,0,0,0,0,5.16781E+20,5.36864E+21,9.22703E+15,4.84707E+16
157089,8,3,17,65,2018,8,8,6,3,2,6,0,0,0,0,1,0,1,0,4.16491E+20,5.355E+21,7.87302E+15,4.83426E+16
157090,8,4,15,53,2018,8,2,1,3,0,1,2,1,0,0,0,0,0,0,5.36787E+20,5.36242E+21,9.49714E+15,4.84139E+16
157091,8,3,35,43,2018,8,12,1,3,6,4,0,0,1,1,0,0,0,0,5.15724E+20,5.27977E+21,9.20946E+15,4.76711E+16
157092,8,3,35,97,2018,8,20,1,2,4,1,0,1,0,0,0,0,0,0,4.86383E+20,5.29518E+21,8.81812E+15,4.78098E+16
157093,8,2,12,0,2018,8,10,7,3,0,7,0,1,0,0,0,0,0,0,4.59583E+20,5.43051E+21,8.44714E+15,4.90262E+16
157094,8,3,17,129,2018,8,20,1,2,5,3,0,1,1,0,0,0,0,0,4.29541E+20,5.35082E+21,8.0498E+15,4.83067E+16
157095,8,3,17,9,2018,8,23,1,3,8,1,2,0,0,0,1,0,0,0,4.25007E+20,5.36305E+21,7.98649E+15,4.84161E+16
157096,8,3,17,96,2018,8,12,1,3,1,5,0,1,1,0,0,0,0,0,4.21217E+20,5.36755E+21,7.93443E+15,4.84562E+16
157097,8,2,31,0,2018,8,21,7,3,0,4,2,0,1,1,0,0,0,0,4.77972E+20,5.41549E+21,8.69949E+15,4.8892E+16
157098,8,2,37,28,2018,8,14,1,3,0,7,0,0,1,0,0,0,0,0,4.56188E+20,5.36825E+21,8.40731E+15,4.84659E+16
157099,8,2,22,0,2018,8,17,1,3,5,2,0,0,1,0,0,0,0,0,4.62024E+20,5.48023E+21,8.4758E+15,4.94735E+16
157100,8,2,35,55,2018,8,14,6,3,8,1,0,0,1,0,0,0,0,0,4.75933E+20,5.3998E+21,8.67258E+15,4.87508E+16
157101,8,4,35,52,2018,8,11,7,3,9,7,0,0,1,0,0,0,0,0,5.22312E+20,5.29058E+21,9.29777E+15,4.77682E+16
157102,8,2,16,17,2018,8,11,1,2,4,1,0,1,1,0,0,0,0,0,4.52354E+20,5.40033E+21,8.35177E+15,4.87541E+16
157103,8,1,18,76,2018,8,23,1,2,0,7,2,1,0,0,0,0,0,0,5.04573E+20,5.42307E+21,9.06248E+15,4.89606E+16
157104,8,1,25,65,2018,8,10,7,3,5,2,0,1,1,0,0,0,0,0,5.16511E+20,5.44898E+21,9.22662E+15,4.91934E+16
157105,8,1,36,65,2018,8,11,1,3,5,7,0,1,1,0,0,0,0,0,5.57091E+20,5.40167E+21,9.77691E+15,4.87654E+16
157106,8,1,35,20,2018,8,16,1,2,0,1,0,1,0,0,0,0,0,0,5.86138E+20,5.38563E+21,1.01688E+16,4.86178E+16
157107,8,2,22,0,2018,8,9,6,3,5,3,0,0,1,0,0,0,0,0,4.65623E+20,5.48261E+21,8.52528E+15,4.94952E+16
157108,8,1,27,8,2018,8,14,1,2,7,7,0,0,1,0,1,0,0,0,5.75259E+20,5.46333E+21,1.00356E+16,4.93181E+16
157109,8,1,19,20,2018,8,18,6,3,1,1,0,1,1,0,0,0,0,0,5.20309E+20,5.40677E+21,9.27663E+15,4.88136E+16
157110,8,1,21,0,2018,8,17,1,2,4,2,0,0,1,0,0,0,0,0,5.15537E+20,5.44229E+21,9.21299E+15,4.91332E+16
157111,8,2,25,58,2018,8,15,6,3,4,2,0,0,1,0,1,0,0,0,5.07663E+20,5.46564E+21,9.1055E+15,4.93434E+16
157112,8,1,25,26,2018,8,12,1,3,8,1,0,0,0,0,1,0,0,0,4.92213E+20,5.44231E+21,8.89325E+15,4.91336E+16
157113,8,1,19,85,2018,8,20,1,3,5,2,0,0,1,0,1,0,0,0,5.29156E+20,5.414E+21,9.39766E+15,4.88783E+16
157114,8,1,19,79,2018,8,6,1,3,5,2,1,0,1,0,0,0,1,0,5.24238E+20,5.40898E+21,9.33028E+15,4.88333E+16
157115,8,1,18,46,2018,8,19,7,3,5,3,0,0,1,0,0,0,1,0,5.14848E+20,5.41205E+21,9.20244E+15,4.88612E+16
157116,8,3,11,0,2018,8,19,7,2,7,7,0,0,0,0,1,0,0,0,4.14725E+20,5.31897E+21,7.85642E+15,4.80183E+16
157117,8,3,35,43,2018,8,13,7,3,5,2,0,0,1,0,1,0,0,0,5.13032E+20,5.27908E+21,9.17358E+15,4.7665E+16
157118,8,4,36,3,2018,8,8,7,2,8,1,0,0,0,0,1,0,0,0,5.78445E+20,5.30432E+21,1.00493E+16,4.78874E+16
157119,8,4,26,97,2018,8,16,5,3,2,1,0,0,1,0,1,0,0,0,5.37164E+20,5.33355E+21,9.4997E+15,4.81541E+16
157120,8,3,17,96,2018,8,11,7,3,6,7,0,0,1,1,0,0,0,0,4.21736E+20,5.36873E+21,7.94123E+15,4.84668E+16
157121,8,1,11,0,2018,8,13,1,3,8,7,0,1,0,0,0,0,0,0,5.10879E+20,5.40045E+21,9.14802E+15,4.87569E+16
157122,8,2,12,0,2018,8,16,2,3,5,3,0,1,1,0,0,0,0,0,4.55825E+20,5.42899E+21,8.3959E+15,4.90122E+16
157123,8,1,15,22,2018,8,14,5,2,4,6,0,0,0,0,1,0,1,0,4.97433E+20,5.38549E+21,8.96517E+15,4.86225E+16
157124,8,2,36,40,2018,8,8,2,3,0,7,0,0,1,0,0,0,0,1,4.84544E+20,5.42031E+21,8.78896E+15,4.89356E+16
157125,8,1,17,26,2018,8,9,4,3,5,7,0,1,1,0,0,0,0,0,5.47729E+20,5.39466E+21,9.64871E+15,4.87031E+16
157126,8,1,17,26,2018,8,16,3,3,1,6,0,1,1,0,0,0,0,0,5.50165E+20,5.39424E+21,9.68176E+15,4.86992E+16
157127,8,2,26,97,2018,8,10,2,3,1,6,0,0,1,0,0,0,0,1,4.8598E+20,5.46743E+21,8.80693E+15,4.93594E+16
157128,8,3,27,50,2018,8,8,4,3,5,3,0,0,1,0,0,0,0,0,4.85618E+20,5.31419E+21,8.80727E+15,4.79808E+16
157129,8,2,22,0,2018,8,12,2,3,1,5,0,0,1,0,0,0,0,0,4.62034E+20,5.48128E+21,8.47585E+15,4.9483E+16
157130,8,3,35,43,2018,8,12,3,3,0,1,0,1,0,0,0,0,0,0,5.14366E+20,5.27929E+21,9.19136E+15,4.76669E+16
157131,8,2,22,0,2018,8,17,2,3,6,4,0,0,1,1,0,0,0,1,4.62231E+20,5.47835E+21,8.47884E+15,4.94566E+16
157132,8,4,16,41,2018,8,16,3,3,1,6,0,0,1,0,0,0,0,0,5.05809E+20,5.3741E+21,9.07866E+15,4.852E+16
157133,8,1,11,0,2018,8,17,3,3,0,5,0,1,1,0,0,0,0,0,5.08967E+20,5.40719E+21,9.12215E+15,4.88177E+16
157134,8,2,22,0,2018,8,5,2,3,4,2,1,1,1,0,0,0,0,1,4.6287E+20,5.4787E+21,8.48763E+15,4.94598E+16
157135,8,3,25,14,2018,8,5,4,2,0,1,2,1,0,0,0,0,0,0,4.60956E+20,5.3443E+21,8.47404E+15,4.82507E+16
157136,8,2,22,0,2018,8,1,2,2,6,4,2,0,0,1,0,0,1,0,4.61196E+20,5.48238E+21,8.46416E+15,4.94928E+16
157137,8,3,11,0,2018,8,16,3,3,5,2,0,1,0,0,0,0,1,0,4.12965E+20,5.31638E+21,7.83335E+15,4.79948E+16
157138,8,3,11,0,2018,8,18,2,3,3,6,0,0,1,0,1,0,0,0,4.14715E+20,5.31888E+21,7.8563E+15,4.80175E+16
157139,8,2,26,18,2018,8,16,2,3,5,3,0,1,1,0,0,0,0,0,4.733E+20,5.47192E+21,8.632E+15,4.93994E+16
157140,8,3,37,60,2018,8,17,2,3,5,3,0,0,1,0,1,0,0,1,4.68794E+20,5.2779E+21,8.58444E+15,4.76537E+16
157141,8,2,21,0,2018,8,9,2,3,0,1,0,0,0,0,1,0,0,1,4.76049E+20,5.47251E+21,8.66986E+15,4.94048E+16
157142,8,3,11,0,2018,8,20,4,3,5,3,1,1,1,0,0,0,0,0,4.11869E+20,5.31663E+21,7.81861E+15,4.79969E+16
157143,8,2,21,0,2018,8,18,2,2,6,4,0,1,0,1,0,0,0,1,4.7765E+20,5.47202E+21,8.69196E+15,4.94005E+16
157144,8,2,22,0,2018,8,17,3,3,5,3,0,1,1,0,0,0,0,0,4.60526E+20,5.48558E+21,8.45459E+15,4.95215E+16
157145,8,2,16,15,2018,8,14,2,3,5,3,0,0,0,0,1,0,1,0,4.49411E+20,5.40592E+21,8.31105E+15,4.88042E+16
157146,8,2,15,111,2018,8,17,2,2,6,7,0,0,1,1,0,0,0,0,4.5737E+20,5.44556E+21,8.41527E+15,4.91614E+16
157147,8,1,21,0,2018,8,16,4,3,2,6,0,0,1,0,0,0,0,0,5.16247E+20,5.44348E+21,9.22277E+15,4.9144E+16
157148,8,2,26,95,2018,8,11,4,3,5,3,0,1,1,0,0,0,0,0,4.74032E+20,5.4607E+21,8.64283E+15,4.92985E+16
157149,8,2,15,106,2018,8,10,2,2,0,7,0,1,0,0,0,0,0,1,4.66294E+20,5.45483E+21,8.5369E+15,4.92454E+16
157150,8,2,12,0,2018,8,5,3,3,5,3,1,0,1,0,1,0,0,0,4.55112E+20,5.4306E+21,8.38597E+15,4.90266E+16
157151,8,1,35,19,2018,8,16,2,3,0,1,0,0,0,0,1,0,0,1,5.84533E+20,5.39138E+21,1.01482E+16,4.86698E+16
157152,8,2,12,0,2018,8,5,4,3,5,3,1,1,0,0,1,0,0,0,4.52707E+20,5.42785E+21,8.35338E+15,4.90017E+16
157153,8,1,28,139,2018,8,10,2,3,5,3,0,0,1,0,0,0,0,0,5.47239E+20,5.48909E+21,9.65311E+15,4.95525E+16
157154,8,4,36,55,2018,8,12,3,3,1,7,0,1,1,0,0,0,0,0,5.75975E+20,5.29849E+21,1.00153E+16,4.78352E+16
157155,8,1,16,19,2018,8,16,3,3,5,3,0,1,1,0,0,0,0,0,5.21252E+20,5.39725E+21,9.28898E+15,4.87279E+16
157156,8,1,25,17,2018,8,8,2,3,6,4,0,0,1,1,0,0,0,0,5.02683E+20,5.43237E+21,9.03672E+15,4.90442E+16
157157,8,1,19,1,2018,8,5,3,3,5,2,0,0,1,0,1,0,0,0,5.52764E+20,5.41073E+21,9.71919E+15,4.88473E+16
157158,8,1,25,26,2018,8,6,2,3,8,1,0,0,1,0,0,0,0,0,4.95726E+20,5.44288E+21,8.9414E+15,4.91387E+16
157159,8,1,16,19,2018,8,15,4,3,5,3,0,0,1,0,0,0,0,0,5.25034E+20,5.39614E+21,9.34034E+15,4.87178E+16
157160,8,1,19,91,2018,8,1,2,3,0,1,2,1,0,0,0,0,0,0,5.27585E+20,5.40631E+21,9.37571E+15,4.88092E+16
157161,8,4,15,61,2018,8,14,3,2,4,2,0,1,1,0,0,0,0,0,5.10144E+20,5.36925E+21,9.13726E+15,4.84763E+16
157162,8,4,35,45,2018,8,13,2,3,2,1,0,0,1,0,1,0,0,0,5.34396E+20,5.28437E+21,9.45855E+15,4.77118E+16
157163,8,1,19,61,2018,8,18,2,3,0,1,0,1,0,0,0,0,0,1,5.38887E+20,5.41189E+21,9.53017E+15,4.88588E+16
157164,8,3,16,56,2018,8,11,4,3,5,3,0,0,0,0,1,0,1,0,4.22373E+20,5.32723E+21,7.95747E+15,4.80936E+16
157165,8,1,19,20,2018,8,12,2,3,0,1,0,0,1,0,0,0,0,0,5.19244E+20,5.41001E+21,9.26228E+15,4.88427E+16
157166,8,2,26,10,2018,8,23,3,3,1,5,2,0,1,0,1,0,0,0,4.80562E+20,5.45898E+21,8.73273E+15,4.92833E+16
157167,8,3,27,56,2018,8,16,4,3,8,1,0,1,0,0,0,0,0,0,4.83583E+20,5.31893E+21,8.77982E+15,4.80235E+16
157168,8,1,18,50,2018,8,16,2,3,6,4,0,0,1,1,0,0,0,0,5.06125E+20,5.41698E+21,9.08358E+15,4.89058E+16
157169,8,3,17,96,2018,8,16,3,3,3,2,0,1,1,0,0,0,0,0,4.21083E+20,5.36892E+21,7.93236E+15,4.84685E+16
157170,8,2,21,0,2018,8,14,7,3,5,3,0,1,1,0,0,0,0,0,4.75175E+20,5.4727E+21,8.6578E+15,4.94065E+16
157171,8,3,17,96,2018,8,18,2,3,5,3,0,1,1,0,0,0,0,0,4.21198E+20,5.36941E+21,7.93382E+15,4.84729E+16
157172,8,2,26,98,2018,8,17,7,2,5,3,0,1,1,0,0,0,0,0,4.82349E+20,5.46296E+21,8.75712E+15,4.93191E+16
157173,8,1,18,48,2018,8,8,2,3,5,3,0,0,1,0,0,0,1,0,5.15966E+20,5.4159E+21,9.21783E+15,4.88958E+16
157174,8,2,15,17,2018,8,13,7,3,2,6,0,0,1,0,1,0,0,0,4.5544E+20,5.42181E+21,8.39141E+15,4.89476E+16
157175,8,1,36,88,2018,8,20,7,3,0,1,1,1,0,0,0,0,0,0,5.86851E+20,5.40604E+21,1.01827E+16,4.88012E+16
157176,8,2,36,40,2018,8,19,4,3,9,1,0,1,0,0,0,0,0,0,4.8794E+20,5.42086E+21,8.83531E+15,4.89406E+16
157177,8,1,16,80,2018,8,10,2,3,5,3,0,0,1,0,0,0,0,0,5.18821E+20,5.39745E+21,9.25594E+15,4.87298E+16
157178,8,1,36,33,2018,8,16,7,3,0,1,0,0,0,0,0,0,1,0,5.79225E+20,5.41624E+21,1.00809E+16,4.8894E+16
157179,8,2,15,103,2018,8,23,3,3,8,5,2,0,1,0,0,0,0,0,4.66544E+20,5.44304E+21,8.54131E+15,4.91393E+16
157180,8,1,35,21,2018,8,17,7,3,4,2,0,0,1,0,1,0,0,0,5.92059E+20,5.38541E+21,1.0249E+16,4.8615E+16
157181,8,1,15,15,2018,8,17,2,3,5,3,0,0,1,0,0,0,0,1,4.93739E+20,5.38779E+21,8.91501E+15,4.86431E+16
157182,8,1,28,82,2018,8,10,7,3,5,3,0,1,1,0,0,0,0,0,5.67165E+20,5.4719E+21,9.92565E+15,4.93961E+16
157183,8,1,25,8,2018,8,5,7,2,1,5,1,0,1,0,0,0,0,0,5.24166E+20,5.43237E+21,9.33069E+15,4.90438E+16
157184,8,1,25,78,2018,8,6,7,3,8,1,1,0,0,0,1,0,0,0,5.1864E+20,5.45481E+21,9.25611E+15,4.92458E+16
157185,8,1,15,3,2018,8,9,2,3,5,3,0,1,1,0,0,0,0,0,5.00337E+20,5.39075E+21,9.00457E+15,4.86698E+16
157186,8,1,19,67,2018,8,20,7,3,5,3,0,0,1,0,0,0,0,0,5.39269E+20,5.40502E+21,9.53472E+15,4.8797E+16
157187,8,1,18,48,2018,8,18,7,3,5,3,0,0,1,0,0,0,0,0,5.12779E+20,5.41559E+21,9.17434E+15,4.88931E+16
157188,8,2,22,0,2018,8,20,4,3,6,7,0,0,1,1,0,0,0,0,4.61351E+20,5.48314E+21,8.46623E+15,4.94997E+16
157189,8,1,11,0,2018,8,8,2,3,5,3,0,1,1,0,0,0,0,0,5.1324E+20,5.4034E+21,9.18024E+15,4.87834E+16
157190,8,1,18,80,2018,8,0,7,3,5,3,2,0,1,0,0,0,0,1,5.07109E+20,5.41135E+21,9.09692E+15,4.88551E+16
157191,8,2,12,0,2018,8,21,3,3,5,3,1,1,1,0,0,0,0,0,4.58418E+20,5.42727E+21,8.43152E+15,4.89969E+16
157192,8,1,17,26,2018,8,18,7,3,8,1,0,0,1,0,0,0,0,0,5.5062E+20,5.39559E+21,9.68811E+15,4.87113E+16
157193,8,1,11,0,2018,8,8,2,3,6,7,0,0,1,1,0,0,0,0,5.12635E+20,5.40329E+21,9.17199E+15,4.87825E+16
157194,8,1,11,0,2018,8,1,7,3,5,3,2,0,1,0,0,0,0,1,5.11894E+20,5.40306E+21,9.1619E+15,4.87804E+16
157195,8,4,35,29,2018,8,19,4,3,4,2,0,0,1,0,1,0,0,0,5.42319E+20,5.27078E+21,9.56286E+15,4.7589E+16
157196,8,4,36,55,2018,8,2,1,2,1,5,2,1,1,0,0,0,0,0,5.71647E+20,5.29336E+21,9.95659E+15,4.77896E+16
157197,8,1,11,0,2018,8,16,7,3,5,3,0,1,0,0,0,0,1,0,5.13926E+20,5.40564E+21,9.18965E+15,4.88036E+16