OBJECTID_1,ULAND,UREGBEZ,UKREIS,UGEMEINDE,UJAHR,UMONAT,USTUNDE,UWOCHENTAG,UKATEGORIE,UART,UTYP1,ULICHTVERH,IstRad,IstPKW,IstFuss,IstKrad,IstGkfz,IstSonstig,STRZUSTAND,LINREFX,LINREFY,XGCSWGS84,YGCSWGS84
157198,8,4,16,41,2018,8,9,3,3,3,1,0,1,0,0,0,0,0,0,5.03136E+20,5.37366E+21,9.04247E+15,4.8516E+16
157199,8,1,15,45,2018,8,4,5,3,5,2,2,0,1,0,0,0,0,0,4.98436E+20,5.39344E+21,8.97875E+15,4.8694E+16
157200,8,4,17,79,2018,8,15,1,3,0,1,0,1,0,0,0,0,0,0,4.9312E+20,5.3413E+21,8.90737E+15,4.82249E+16
157201,8,1,11,0,2018,8,2,7,3,5,3,2,0,1,0,0,0,0,1,5.16202E+20,5.40514E+21,9.22062E+15,4.8799E+16
157202,8,4,35,59,2018,8,16,6,3,8,1,0,1,0,0,0,0,0,0,5.12719E+20,5.28993E+21,9.16973E+15,4.77626E+16
157203,8,1,19,42,2018,8,7,4,3,5,3,0,1,1,0,0,0,0,0,5.28203E+20,5.41512E+21,9.38473E+15,4.88884E+16
157204,8,4,35,16,2018,8,14,6,3,0,7,0,1,0,0,0,0,0,0,5.38469E+20,5.2846E+21,9.51288E+15,4.77136E+16
157205,8,1,18,19,2018,8,17,3,3,5,3,0,0,1,0,0,0,0,0,5.04229E+20,5.40534E+21,9.05759E+15,4.8801E+16
157206,8,4,26,97,2018,8,22,6,3,2,6,2,0,1,0,0,0,0,0,5.36043E+20,5.3329E+21,9.48457E+15,4.81483E+16
157207,8,4,15,61,2018,8,9,1,3,3,2,0,0,1,0,1,0,0,0,5.14819E+20,5.36999E+21,9.20054E+15,4.84829E+16
157208,8,4,21,0,2018,8,14,6,2,5,3,0,1,1,0,0,0,0,0,5.70931E+20,5.35915E+21,9.95797E+15,4.83815E+16
157209,8,4,26,21,2018,8,11,6,1,6,7,0,0,1,1,0,0,0,0,5.58661E+20,5.32774E+21,9.78792E+15,4.81002E+16
157210,8,3,35,75,2018,8,22,4,3,0,7,2,1,0,0,0,0,0,0,4.88014E+20,5.28954E+21,8.84006E+15,4.77591E+16
157211,8,3,37,126,2018,8,21,1,2,8,1,2,0,1,0,0,0,0,0,4.45088E+20,5.27571E+21,8.26904E+15,4.76325E+16
157212,8,4,15,61,2018,8,7,6,3,6,3,0,1,0,1,0,0,0,0,5.16035E+20,5.37183E+21,9.21706E+15,4.84994E+16
157213,8,3,35,43,2018,8,18,3,3,2,6,0,0,1,0,1,0,0,0,5.11058E+20,5.28102E+21,9.14733E+15,4.76825E+16
157214,8,4,15,53,2018,8,17,6,3,9,1,0,0,1,0,0,0,0,0,5.35635E+20,5.35669E+21,9.48109E+15,4.83624E+16
157215,8,4,15,61,2018,8,20,2,3,0,2,1,0,1,0,1,0,0,1,5.15662E+20,5.37233E+21,9.21203E+15,4.85039E+16
157216,8,1,11,0,2018,8,13,6,3,5,3,0,1,1,0,0,0,0,0,5.14674E+20,5.40909E+21,9.19997E+15,4.88346E+16
157217,8,3,37,126,2018,8,13,6,3,5,3,0,0,1,0,1,0,0,0,4.41173E+20,5.27471E+21,8.21708E+15,4.76231E+16
157218,8,1,11,0,2018,8,18,3,2,5,7,0,1,1,0,0,0,0,0,5.15462E+20,5.39651E+21,9.21022E+15,4.87214E+16
157219,8,3,36,50,2018,8,16,6,3,1,6,0,0,1,0,0,0,0,0,3.99292E+20,5.2737E+21,7.66003E+15,4.76089E+16
157220,8,3,25,53,2018,8,13,1,3,0,1,0,1,0,0,0,0,0,0,4.57835E+20,5.3407E+21,8.43236E+15,4.82181E+16
157221,8,3,36,50,2018,8,9,6,3,2,6,0,0,1,0,0,0,0,0,3.99351E+20,5.27345E+21,7.66088E+15,4.76066E+16
157222,8,3,35,75,2018,8,13,6,3,4,2,0,1,1,0,0,0,0,0,4.88825E+20,5.28994E+21,8.85087E+15,4.77627E+16
157223,8,3,26,74,2018,8,14,4,3,5,3,0,1,1,0,0,0,0,0,4.64731E+20,5.32287E+21,8.52666E+15,4.80581E+16
157224,8,3,17,9,2018,8,2,1,3,0,7,2,1,0,0,0,0,0,0,4.25262E+20,5.3623E+21,7.99007E+15,4.84094E+16
157225,8,3,35,79,2018,8,7,6,2,2,2,0,1,0,0,0,1,0,0,5.00211E+20,5.29882E+21,9.00282E+15,4.78427E+16
157226,8,3,17,65,2018,8,15,3,2,6,4,0,1,0,1,0,0,0,0,4.14691E+20,5.3542E+21,7.84889E+15,4.83352E+16
157227,8,3,26,74,2018,8,21,6,3,2,6,2,0,1,0,0,0,0,1,4.62716E+20,5.32485E+21,8.49945E+15,4.80759E+16
157228,8,3,17,96,2018,8,11,2,2,0,7,0,1,0,0,0,0,0,1,4.21854E+20,5.36893E+21,7.94278E+15,4.84687E+16
157229,8,3,17,1,2018,8,12,6,3,5,2,0,1,0,0,0,1,0,0,4.3112E+20,5.38853E+21,8.06488E+15,4.8646E+16
157230,8,3,17,73,2018,8,22,1,2,0,7,2,1,0,0,0,0,0,0,4.1038E+20,5.34763E+21,7.79213E+15,4.82755E+16
157231,8,3,16,11,2018,8,14,6,3,5,3,0,0,1,0,0,0,0,0,4.12567E+20,5.33113E+21,7.825E+15,4.81275E+16
157232,8,3,11,0,2018,8,7,6,3,0,1,0,0,0,0,1,0,0,0,4.13933E+20,5.32006E+21,7.84558E+15,4.8028E+16
157233,8,2,31,0,2018,8,6,4,3,0,3,0,0,1,0,1,0,0,0,4.77662E+20,5.41602E+21,8.69523E+15,4.88967E+16
157234,8,3,16,11,2018,8,16,1,3,0,7,0,1,1,0,0,0,0,0,4.14705E+20,5.32807E+21,7.85433E+15,4.81002E+16
157235,8,3,11,0,2018,8,15,6,3,2,6,0,0,1,0,0,0,0,0,4.11509E+20,5.31814E+21,7.81348E+15,4.80104E+16
157236,8,2,12,0,2018,8,21,1,3,8,1,2,0,0,0,1,0,0,0,4.52191E+20,5.42945E+21,8.34614E+15,4.90161E+16
157237,8,2,15,110,2018,8,15,6,2,4,6,0,0,1,0,0,0,0,0,4.59133E+20,5.42036E+21,8.442E+15,4.89348E+16
157238,8,2,12,0,2018,8,9,6,3,5,3,0,0,1,0,1,0,0,0,4.55407E+20,5.43262E+21,8.38978E+15,4.90448E+16
157239,8,3,15,74,2018,8,7,4,3,5,3,0,1,1,0,0,0,0,0,4.00424E+20,5.29816E+21,7.6695E+15,4.78291E+16
157240,8,2,12,0,2018,8,18,1,3,1,5,0,0,1,0,0,0,0,0,4.52951E+20,5.43072E+21,8.35639E+15,4.90275E+16
157241,8,2,12,0,2018,8,7,6,3,1,5,0,0,1,0,0,0,0,0,4.63443E+20,5.42795E+21,8.50017E+15,4.90034E+16
157242,8,2,22,0,2018,8,7,3,3,1,5,0,1,1,0,0,0,0,0,4.62391E+20,5.48047E+21,8.48085E+15,4.94757E+16
157243,8,2,15,17,2018,8,11,6,2,5,2,0,1,1,0,0,0,0,0,4.56631E+20,5.42134E+21,8.40773E+15,4.89434E+16
157244,8,2,12,0,2018,8,15,1,2,5,2,0,0,1,0,1,0,0,0,4.55344E+20,5.43127E+21,8.38906E+15,4.90327E+16
157245,8,2,36,40,2018,8,22,6,2,8,1,2,0,0,0,1,0,0,0,4.85892E+20,5.42128E+21,8.80733E+15,4.89443E+16
157246,8,2,26,96,2018,8,11,1,3,4,6,0,1,0,0,0,0,0,0,4.74582E+20,5.48778E+21,8.64866E+15,4.95421E+16
157247,8,2,31,0,2018,8,10,6,3,0,7,0,0,1,0,0,0,0,0,4.77318E+20,5.41464E+21,8.69061E+15,4.88843E+16
157248,8,2,25,58,2018,8,10,6,3,6,7,0,0,1,1,0,0,0,0,5.07598E+20,5.46541E+21,9.1046E+15,4.93413E+16
157249,8,2,15,108,2018,8,16,4,3,1,1,0,0,1,0,1,0,0,0,4.51261E+20,5.42458E+21,8.33401E+15,4.89722E+16
157250,8,2,22,0,2018,8,12,6,3,5,3,0,1,1,0,0,0,0,0,4.62523E+20,5.48061E+21,8.48265E+15,4.9477E+16
157251,8,1,19,61,2018,8,18,3,3,9,1,0,0,1,0,0,0,0,0,5.38903E+20,5.41483E+21,9.53066E+15,4.88852E+16
157252,8,2,22,0,2018,8,13,6,3,2,6,0,0,1,0,0,0,0,0,4.64307E+20,5.48424E+21,8.50696E+15,4.95098E+16
157253,8,2,15,17,2018,8,17,3,3,2,6,0,0,1,0,0,0,0,0,4.56224E+20,5.42101E+21,8.40221E+15,4.89405E+16
157254,8,2,26,9,2018,8,7,6,2,5,3,0,1,1,0,0,0,0,0,4.66804E+20,5.47292E+21,8.54239E+15,4.9408E+16
157255,8,2,26,96,2018,8,19,1,2,5,2,0,0,1,0,0,0,0,0,4.75072E+20,5.48897E+21,8.65536E+15,4.95528E+16
157256,8,2,21,0,2018,8,14,6,3,2,6,0,0,1,0,0,0,0,0,4.77308E+20,5.46961E+21,8.68738E+15,4.93787E+16
157257,8,3,35,22,2018,8,8,4,3,0,7,0,1,1,0,0,0,0,0,4.82613E+20,5.30049E+21,8.76755E+15,4.78575E+16
157258,8,2,26,56,2018,8,17,1,3,6,4,0,0,1,1,0,0,0,0,4.85275E+20,5.47138E+21,8.79707E+15,4.93949E+16
157259,8,2,26,98,2018,8,17,6,3,6,4,0,0,1,1,0,0,0,0,4.78013E+20,5.46116E+21,8.69756E+15,4.93028E+16
157260,8,2,26,82,2018,8,19,6,3,0,3,0,1,1,0,0,0,0,0,4.75503E+20,5.48041E+21,8.66184E+15,4.94758E+16
157261,8,1,11,0,2018,8,8,4,3,5,2,0,0,1,0,0,0,0,0,5.12481E+20,5.40258E+21,9.16988E+15,4.87761E+16
157262,8,2,16,15,2018,8,14,6,2,6,4,0,0,0,1,0,0,1,0,4.48771E+20,5.40756E+21,8.30212E+15,4.88189E+16
157263,8,1,16,42,2018,8,16,3,3,0,1,0,1,0,0,0,0,0,0,5.16958E+20,5.38183E+21,9.22996E+15,4.85893E+16
157264,8,1,36,42,2018,8,11,6,3,0,1,0,1,0,0,0,0,0,0,5.50977E+20,5.40518E+21,9.69414E+15,4.87975E+16
157265,8,2,26,28,2018,8,14,1,3,5,3,0,0,1,0,0,0,0,0,4.71052E+20,5.48407E+21,8.60013E+15,4.95085E+16
157266,8,4,21,0,2018,8,12,6,2,1,5,0,1,1,0,0,0,0,0,5.70296E+20,5.36022E+21,9.94956E+15,4.83913E+16
157267,8,1,35,16,2018,8,19,6,3,5,3,0,1,1,0,0,0,0,0,5.91811E+20,5.38625E+21,1.02459E+16,4.86226E+16
157268,8,3,27,56,2018,8,13,4,3,5,3,0,0,1,0,0,0,0,0,4.83455E+20,5.32056E+21,8.77804E+15,4.80381E+16
157269,8,2,22,0,2018,8,19,1,3,5,3,1,0,1,0,0,0,0,0,4.67863E+20,5.48418E+21,8.55609E+15,4.95094E+16
157270,8,1,28,115,2018,8,9,6,3,8,7,0,0,0,0,1,0,0,0,5.49314E+20,5.49804E+21,9.68292E+15,4.96329E+16
157271,8,2,16,43,2018,8,14,1,3,5,3,0,0,1,0,0,0,0,0,4.4206E+20,5.4114E+21,8.21017E+15,4.88529E+16
157272,8,1,27,103,2018,8,16,6,2,6,7,0,0,0,1,0,0,1,0,5.75436E+20,5.43539E+21,1.00327E+16,4.90667E+16
157273,8,1,25,110,2018,8,8,6,2,0,7,0,1,0,0,0,0,0,0,5.2817E+20,5.44304E+21,9.38622E+15,4.91395E+16
157274,8,4,21,0,2018,8,13,4,3,6,7,0,0,1,1,0,0,0,0,5.7199E+20,5.36151E+21,9.97267E+15,4.84026E+16
157275,8,2,11,0,2018,8,19,1,3,1,5,0,0,1,0,1,0,0,0,4.42015E+20,5.40333E+21,8.21069E+15,4.87803E+16
157276,8,1,18,46,2018,8,10,6,3,5,2,0,1,1,0,0,0,0,0,5.14026E+20,5.41189E+21,9.19122E+15,4.88599E+16
157277,8,4,15,61,2018,8,8,3,2,5,3,0,1,1,0,0,0,0,0,5.14724E+20,5.3695E+21,9.19924E+15,4.84784E+16
157278,8,1,16,80,2018,8,18,6,3,4,6,0,0,1,0,0,0,0,0,5.2159E+20,5.39526E+21,9.29348E+15,4.871E+16
157279,8,1,11,0,2018,8,13,3,3,5,3,0,1,1,0,0,0,0,0,5.09009E+20,5.39651E+21,9.12249E+15,4.87216E+16
157280,8,1,16,78,2018,8,15,6,3,5,3,0,1,1,0,0,0,0,0,5.10993E+20,5.39451E+21,9.14942E+15,4.87035E+16
157281,8,1,18,10,2018,8,18,1,2,0,7,0,1,0,0,0,0,0,0,5.07276E+20,5.43174E+21,9.09956E+15,4.90385E+16
157282,8,1,15,3,2018,8,10,6,3,5,7,0,1,1,0,0,0,0,0,5.01123E+20,5.39251E+21,9.01526E+15,4.86856E+16
157283,8,1,11,0,2018,8,10,6,3,2,6,0,0,1,0,0,0,1,0,5.13181E+20,5.40653E+21,9.17953E+15,4.88116E+16
157284,8,3,17,31,2018,8,15,4,2,0,7,0,1,0,0,0,0,0,0,4.17996E+20,5.36113E+21,7.89212E+15,4.8398E+16
157285,8,1,36,33,2018,8,22,1,3,0,1,2,1,0,0,0,0,0,0,5.78468E+20,5.41466E+21,1.00702E+16,4.88799E+16
157286,8,4,36,82,2018,8,16,5,3,2,7,0,0,1,0,0,0,0,0,5.47702E+20,5.2953E+21,9.63713E+15,4.78093E+16
157287,8,2,12,0,2018,8,8,3,3,5,3,0,1,1,0,0,0,0,0,4.55396E+20,5.42565E+21,8.3904E+15,4.89821E+16
157288,8,4,36,39,2018,8,14,5,3,4,2,0,0,1,0,1,0,0,0,5.49519E+20,5.28928E+21,9.66072E+15,4.7755E+16
157289,8,2,12,0,2018,8,21,2,3,8,7,2,0,1,0,0,0,0,0,4.55403E+20,5.4318E+21,8.38981E+15,4.90375E+16
157290,8,3,35,43,2018,8,15,3,3,3,6,0,1,1,0,0,0,0,0,5.12806E+20,5.27841E+21,9.17056E+15,4.7659E+16
157291,8,4,26,21,2018,8,21,5,3,5,3,2,0,1,0,0,0,0,0,5.58782E+20,5.32735E+21,9.78949E+15,4.80967E+16
157292,8,3,35,61,2018,8,15,2,3,8,7,0,0,1,0,0,0,0,0,4.94802E+20,5.27882E+21,8.93076E+15,4.76628E+16
157293,8,4,26,21,2018,8,12,5,3,1,7,0,0,1,0,0,0,0,0,5.59185E+20,5.32777E+21,9.79495E+15,4.81004E+16
157294,8,1,21,0,2018,8,20,1,3,2,6,0,0,1,0,0,0,0,0,5.14744E+20,5.44149E+21,9.20209E+15,4.91261E+16
157295,8,4,25,39,2018,8,18,5,2,8,1,0,1,0,0,0,0,0,0,5.66347E+20,5.35352E+21,9.89518E+15,4.83314E+16
157296,8,4,15,78,2018,8,11,5,3,6,6,0,0,1,0,0,0,1,0,5.30305E+20,5.36616E+21,9.40982E+15,4.84478E+16
157297,8,2,12,0,2018,8,22,4,3,4,6,2,1,0,0,0,0,0,0,4.54249E+20,5.4253E+21,8.37475E+15,4.89789E+16
157298,8,1,19,67,2018,8,18,1,3,4,6,0,1,1,0,0,0,0,0,5.38464E+20,5.40734E+21,9.52397E+15,4.88179E+16
157299,8,3,36,50,2018,8,0,5,3,5,3,2,1,1,0,0,0,0,0,3.99382E+20,5.27292E+21,7.6614E+15,4.76019E+16
157300,8,2,22,0,2018,8,12,3,3,1,5,0,1,1,0,0,0,0,0,4.61627E+20,5.48147E+21,8.4702E+15,4.94847E+16
157301,8,3,35,43,2018,8,16,5,3,0,1,0,1,0,0,0,0,0,0,5.14398E+20,5.27989E+21,9.1918E+15,4.76722E+16
157302,8,1,18,67,2018,8,14,1,3,4,2,0,0,1,0,0,0,0,0,5.05799E+20,5.41432E+21,9.0791E+15,4.88818E+16
157303,8,3,26,12,2018,8,12,5,3,6,2,0,0,0,1,0,0,1,0,4.62671E+20,5.31074E+21,8.50007E+15,4.79489E+16
157304,8,1,16,49,2018,8,11,1,3,0,7,0,1,0,0,0,0,0,0,5.2409E+20,5.3856E+21,9.32689E+15,4.8623E+16
157305,8,3,17,96,2018,8,14,5,3,5,3,0,1,1,0,0,0,0,0,4.21813E+20,5.36972E+21,7.94209E+15,4.84757E+16
157306,8,3,17,65,2018,8,16,5,3,0,7,0,1,0,0,0,0,0,0,4.15552E+20,5.35444E+21,7.86046E+15,4.83375E+16
157307,8,3,16,17,2018,8,19,5,3,1,7,0,1,1,0,0,0,0,0,4.08984E+20,5.34154E+21,7.77463E+15,4.82205E+16
157308,8,1,16,33,2018,8,17,1,3,2,6,0,0,1,0,0,0,0,0,5.33702E+20,5.3874E+21,9.45747E+15,4.86388E+16
157309,8,3,15,30,2018,8,12,5,2,5,3,0,1,1,0,0,0,0,0,4.06842E+20,5.32746E+21,7.74889E+15,4.80936E+16
157310,8,3,11,0,2018,8,21,5,3,5,2,1,1,1,0,0,0,0,0,4.1443E+20,5.31674E+21,7.85291E+15,4.79982E+16
157311,8,2,22,0,2018,8,20,4,3,1,6,1,0,1,0,0,0,0,0,4.61119E+20,5.48183E+21,8.46315E+15,4.94879E+16
157312,8,1,11,0,2018,8,18,1,3,1,5,0,1,1,0,0,0,0,0,5.14167E+20,5.40337E+21,9.19285E+15,4.87831E+16
157313,8,3,11,0,2018,8,13,5,3,3,6,0,0,1,0,1,0,0,0,4.09555E+20,5.31562E+21,7.78782E+15,4.79875E+16
157314,8,2,12,0,2018,8,18,3,3,0,7,0,1,0,0,0,0,0,0,4.55166E+20,5.42812E+21,8.38698E+15,4.90044E+16
157315,8,3,11,0,2018,8,9,5,3,1,6,0,1,1,0,0,0,0,0,4.13965E+20,5.31657E+21,7.84672E+15,4.79966E+16
157316,8,4,36,64,2018,8,15,7,2,0,1,0,1,0,0,0,0,0,0,5.42868E+20,5.29197E+21,9.57224E+15,4.77797E+16
157317,8,2,12,0,2018,8,17,5,2,5,3,0,1,1,0,0,0,0,0,4.54838E+20,5.42883E+21,8.38241E+15,4.90107E+16
157318,8,4,36,82,2018,8,14,4,3,5,3,0,0,1,0,1,0,0,0,5.47581E+20,5.29439E+21,9.63541E+15,4.78011E+16
157319,8,4,36,81,2018,8,21,7,3,9,1,2,0,1,0,0,0,0,0,5.60893E+20,5.28096E+21,9.8113E+15,4.76792E+16
157320,8,2,12,0,2018,8,6,5,3,5,3,1,1,0,0,0,0,0,0,4.55716E+20,5.42829E+21,8.39448E+15,4.90059E+16
157321,8,4,35,59,2018,8,7,3,3,5,3,0,0,1,0,1,0,0,0,5.14526E+20,5.28885E+21,9.19381E+15,4.77529E+16
157322,8,2,12,0,2018,8,16,5,3,1,5,0,1,1,0,0,0,0,0,4.56194E+20,5.42884E+21,8.40095E+15,4.90109E+16
157323,8,1,11,0,2018,8,12,3,3,5,2,0,0,0,0,1,0,1,0,5.11508E+20,5.4092E+21,9.15682E+15,4.88357E+16
157324,8,1,21,0,2018,8,10,4,3,5,2,0,1,1,0,0,0,0,0,5.15537E+20,5.4423E+21,9.21299E+15,4.91333E+16
157325,8,2,26,32,2018,8,11,5,3,0,1,0,1,0,0,0,0,0,0,4.66836E+20,5.46274E+21,8.54368E+15,4.93165E+16
157326,8,1,19,67,2018,8,11,3,2,5,2,0,1,1,0,0,0,0,0,5.3886E+20,5.40539E+21,9.52918E+15,4.88003E+16
157327,8,2,22,0,2018,8,14,5,3,1,6,0,0,1,0,0,0,0,0,4.62092E+20,5.48146E+21,8.47662E+15,4.94846E+16
157328,8,4,36,11,2018,8,18,7,3,4,6,0,1,1,0,0,0,0,0,5.49192E+20,5.29722E+21,9.65725E+15,4.78264E+16
157329,8,2,22,0,2018,8,15,5,3,1,7,0,0,0,0,1,0,1,0,4.6637E+20,5.47443E+21,8.53628E+15,4.94216E+16
157330,8,2,22,0,2018,8,17,5,3,5,3,0,0,1,0,1,0,0,0,4.67262E+20,5.48201E+21,8.54795E+15,4.94899E+16
157331,8,4,15,61,2018,8,14,4,3,5,3,0,1,1,0,0,0,0,0,5.16523E+20,5.37284E+21,9.2237E+15,4.85085E+16
157332,8,4,35,16,2018,8,11,7,3,6,6,0,1,0,1,0,0,0,0,5.36162E+20,5.27766E+21,9.48154E+15,4.76513E+16
157333,8,2,16,15,2018,8,14,5,2,0,7,0,0,0,0,1,0,0,0,4.50607E+20,5.40554E+21,8.32738E+15,4.88009E+16
157334,8,3,37,13,2018,8,0,3,3,1,1,2,0,1,0,0,0,0,1,4.27409E+20,5.29518E+21,8.03049E+15,4.78059E+16
157335,8,2,15,64,2018,8,17,5,3,5,3,0,0,1,0,1,0,0,0,4.78942E+20,5.45165E+21,8.71084E+15,4.92173E+16
157336,8,4,16,41,2018,8,13,2,3,1,1,0,0,1,0,0,0,1,0,5.04195E+20,5.37379E+21,9.05681E+15,4.85172E+16
157337,8,2,12,0,2018,8,9,5,3,2,6,0,0,1,0,0,0,0,0,4.60796E+20,5.42968E+21,8.4638E+15,4.90188E+16
157338,8,4,35,16,2018,8,15,7,3,8,1,0,1,0,0,0,0,0,0,5.35235E+20,5.28307E+21,9.46963E+15,4.77E+16
157339,8,2,12,0,2018,8,21,5,3,6,4,1,1,0,1,0,0,0,0,4.54771E+20,5.42856E+21,8.38153E+15,4.90083E+16
157340,8,2,12,0,2018,8,15,5,3,5,3,0,1,1,0,0,0,0,0,4.54924E+20,5.42882E+21,8.38359E+15,4.90107E+16
157341,8,3,16,11,2018,8,14,4,3,5,3,0,0,1,0,0,0,0,0,4.15041E+20,5.32862E+21,7.85874E+15,4.81052E+16
157342,8,3,17,113,2018,8,16,5,3,5,3,0,1,1,0,0,0,0,0,4.09552E+20,5.34436E+21,7.78167E+15,4.8246E+16
157343,8,4,26,97,2018,8,10,7,3,5,3,0,1,1,0,0,0,0,0,5.37025E+20,5.33372E+21,9.49784E+15,4.81557E+16
157344,8,3,17,57,2018,8,18,5,3,5,3,0,1,1,0,0,0,0,0,4.12012E+20,5.38091E+21,7.80714E+15,4.85751E+16
157345,8,1,35,32,2018,8,20,5,2,9,1,1,0,1,0,0,0,0,0,5.75385E+20,5.39296E+21,1.00242E+16,4.86851E+16
157346,8,3,26,74,2018,8,19,4,3,8,1,0,1,0,0,0,0,0,0,4.52377E+20,5.32294E+21,8.36087E+15,4.80579E+16
157347,8,4,26,134,2018,8,17,7,2,6,4,0,0,1,1,0,0,0,0,5.55124E+20,5.3334E+21,9.74115E+15,4.81514E+16
157348,8,1,35,19,2018,8,5,5,3,5,3,1,0,1,0,0,0,0,0,5.8492E+20,5.39242E+21,1.01536E+16,4.86791E+16
157349,8,3,17,1,2018,8,7,3,3,6,7,0,0,1,1,0,0,0,0,4.3272E+20,5.3853E+21,8.08713E+15,4.86172E+16
157350,8,1,28,131,2018,8,13,5,3,1,5,0,0,1,0,0,0,0,0,5.35934E+20,5.51461E+21,9.49916E+15,4.97829E+16
157351,8,3,17,65,2018,8,11,2,3,5,2,0,0,1,0,1,0,0,1,4.17134E+20,5.35495E+21,7.8817E+15,4.83423E+16
157352,8,1,25,65,2018,8,22,5,3,1,7,2,0,1,1,0,0,0,0,5.16563E+20,5.44846E+21,9.22731E+15,4.91887E+16
157353,8,1,17,26,2018,8,1,7,3,8,1,2,0,1,0,0,0,0,0,5.48756E+20,5.39398E+21,9.66258E+15,4.8697E+16
157354,8,1,21,0,2018,8,13,5,3,5,3,0,1,1,0,0,0,0,0,5.14352E+20,5.44428E+21,9.19682E+15,4.91512E+16
157355,8,1,21,0,2018,8,23,5,3,0,7,2,0,1,0,0,0,0,0,5.16123E+20,5.44294E+21,9.22105E+15,4.91391E+16
157356,8,2,31,0,2018,8,21,4,3,0,1,2,1,0,0,0,0,0,0,4.77865E+20,5.41539E+21,8.69802E+15,4.88911E+16
157357,8,4,25,108,2018,8,18,7,2,0,1,0,1,0,0,0,0,0,0,5.565E+20,5.35898E+21,9.76306E+15,4.83815E+16
157358,8,1,19,20,2018,8,15,5,2,5,3,0,1,1,0,0,0,0,0,5.19872E+20,5.40755E+21,9.27072E+15,4.88206E+16
157359,8,2,15,47,2018,8,16,3,3,0,1,0,0,0,0,1,0,0,0,4.58655E+20,5.41489E+21,8.43603E+15,4.88856E+16
157360,8,1,15,28,2018,8,9,5,2,5,2,0,1,1,0,0,0,0,0,4.98892E+20,5.40431E+21,8.98491E+15,4.87918E+16
157361,8,4,15,61,2018,8,10,7,2,0,7,0,0,1,0,0,0,1,0,5.11161E+20,5.36435E+21,9.15089E+15,4.84322E+16
157362,8,1,17,26,2018,8,15,5,3,1,6,0,0,1,0,1,0,0,0,5.47913E+20,5.39454E+21,9.65118E+15,4.87021E+16
157363,8,2,26,96,2018,8,1,3,3,1,5,2,1,1,0,0,0,0,0,4.75751E+20,5.48636E+21,8.6649E+15,4.95294E+16
157364,8,1,17,30,2018,8,8,5,3,5,3,0,1,0,0,0,1,0,0,5.48131E+20,5.38965E+21,9.65359E+15,4.86581E+16
157365,8,1,16,81,2018,8,6,5,3,5,3,0,1,1,0,0,0,0,0,5.1786E+20,5.38589E+21,9.24238E+15,4.86258E+16
157366,8,4,15,61,2018,8,11,7,3,6,7,0,0,0,1,0,0,1,0,5.15693E+20,5.37121E+21,9.21241E+15,4.84938E+16
157367,8,1,16,20,2018,8,11,5,3,5,3,0,1,1,0,0,0,0,0,5.2688E+20,5.38164E+21,9.3645E+15,4.85873E+16
157368,8,2,15,46,2018,8,21,4,2,0,1,2,0,0,0,1,0,0,0,4.49921E+20,5.41568E+21,8.31679E+15,4.88921E+16
157369,8,1,16,77,2018,8,20,5,3,0,7,1,1,0,0,0,0,0,0,5.14417E+20,5.38843E+21,9.19573E+15,4.86487E+16
157370,8,1,25,102,2018,8,14,3,3,0,7,0,1,0,0,0,0,0,0,5.20811E+20,5.44407E+21,9.28538E+15,4.91491E+16
157371,8,1,16,19,2018,8,11,5,3,0,7,0,0,0,0,0,0,1,0,5.22631E+20,5.39831E+21,9.3078E+15,4.87374E+16
157372,8,3,37,65,2018,8,13,7,3,1,5,0,0,1,0,0,0,0,0,4.48366E+20,5.27514E+21,8.31274E+15,4.76276E+16
157373,8,4,26,21,2018,8,17,4,2,6,4,0,0,1,1,0,0,0,0,5.58831E+20,5.32715E+21,9.79012E+15,4.80949E+16
157374,8,3,35,75,2018,8,12,4,3,5,3,0,0,1,0,0,0,0,0,4.88452E+20,5.29033E+21,8.84589E+15,4.77663E+16
157375,8,3,27,46,2018,8,18,4,3,0,1,0,1,0,0,0,0,0,0,4.81695E+20,5.32381E+21,8.75429E+15,4.80673E+16
157376,8,3,25,49,2018,8,9,4,3,5,3,0,0,1,0,0,0,0,0,4.72576E+20,5.33441E+21,8.6312E+15,4.81624E+16
157377,8,3,25,12,2018,8,11,4,3,5,3,0,0,1,0,0,0,0,0,4.63209E+20,5.35517E+21,8.50344E+15,4.83487E+16
157378,8,3,36,91,2018,8,19,4,2,2,6,0,0,1,0,1,0,0,0,3.97478E+20,5.27212E+21,7.63627E+15,4.75944E+16
157379,8,3,11,0,2018,8,17,4,3,5,3,0,0,0,0,1,1,0,0,4.15163E+20,5.31564E+21,7.86296E+15,4.79884E+16
157380,8,3,15,64,2018,8,16,4,3,0,2,0,1,0,0,0,0,1,0,4.22148E+20,5.31328E+21,7.95698E+15,4.79681E+16
157381,8,3,11,0,2018,8,18,4,2,0,3,0,1,1,0,0,0,0,0,4.09803E+20,5.31705E+21,7.79084E+15,4.80004E+16
157382,8,3,11,0,2018,8,10,4,2,1,1,0,1,1,0,0,0,0,0,4.14849E+20,5.31289E+21,7.85928E+15,4.79637E+16
157383,8,3,36,50,2018,8,14,4,3,5,3,0,1,1,0,0,0,0,0,3.99416E+20,5.27371E+21,7.66167E+15,4.7609E+16
157384,8,2,26,81,2018,8,11,4,3,0,1,0,1,0,0,0,0,0,0,4.9457E+20,5.47093E+21,8.92518E+15,4.9391E+16