OBJECTID_1,ULAND,UREGBEZ,UKREIS,UGEMEINDE,UJAHR,UMONAT,USTUNDE,UWOCHENTAG,UKATEGORIE,UART,UTYP1,ULICHTVERH,IstRad,IstPKW,IstFuss,IstKrad,IstGkfz,IstSonstig,STRZUSTAND,LINREFX,LINREFY,XGCSWGS84,YGCSWGS84
157385,8,2,22,0,2018,8,9,4,3,2,6,0,0,1,0,0,0,0,0,4.63537E+20,5.47995E+21,8.49672E+15,4.94711E+16
157386,8,2,22,0,2018,8,16,4,3,0,7,0,1,0,0,0,0,1,1,4.63746E+20,5.48544E+21,8.49909E+15,4.95205E+16
157387,8,2,21,0,2018,8,10,4,3,5,2,0,1,1,0,0,0,0,0,4.77687E+20,5.47289E+21,8.69242E+15,4.94083E+16
157388,8,2,21,0,2018,8,14,4,2,5,3,0,1,1,0,0,0,0,0,4.77541E+20,5.47345E+21,8.69038E+15,4.94133E+16
157389,8,2,26,95,2018,8,13,4,3,4,6,0,1,1,0,0,0,0,0,4.7313E+20,5.46174E+21,8.63035E+15,4.93078E+16
157390,8,2,15,111,2018,8,16,4,3,9,1,0,0,1,0,0,0,0,0,4.58354E+20,5.44731E+21,8.42859E+15,4.91772E+16
157391,8,2,12,0,2018,8,14,4,3,2,6,0,0,1,0,0,0,0,0,4.60338E+20,5.42976E+21,8.45753E+15,4.90195E+16
157392,8,2,12,0,2018,8,20,4,3,0,7,1,1,0,0,0,0,0,0,4.56415E+20,5.42876E+21,8.40399E+15,4.90101E+16
157393,8,2,12,0,2018,8,15,4,3,5,3,0,1,0,0,0,0,0,0,4.5461E+20,5.42882E+21,8.3793E+15,4.90106E+16
157394,8,2,12,0,2018,8,12,4,3,5,3,0,1,0,0,0,0,0,0,4.55219E+20,5.42952E+21,8.38754E+15,4.9017E+16
157395,8,3,17,34,2018,8,17,4,3,4,6,0,0,1,0,0,0,0,0,4.28133E+20,5.36138E+21,8.02901E+15,4.84015E+16
157396,8,2,16,28,2018,8,7,4,2,4,2,0,0,1,0,1,0,0,0,4.26273E+20,5.39569E+21,7.99781E+15,4.87098E+16
157397,8,1,15,45,2018,8,8,4,3,5,2,0,0,1,0,1,0,0,0,4.99181E+20,5.39758E+21,8.98887E+15,4.87312E+16
157398,8,1,36,33,2018,8,11,4,2,0,1,0,1,0,0,0,0,0,0,5.80355E+20,5.41575E+21,1.00962E+16,4.88895E+16
157399,8,1,36,88,2018,8,12,4,3,6,7,0,0,0,1,0,0,1,0,5.80232E+20,5.40988E+21,1.00934E+16,4.88367E+16
157400,8,1,36,88,2018,8,5,4,3,4,6,2,1,0,0,0,0,1,0,5.79824E+20,5.41E+21,1.00878E+16,4.88379E+16
157401,8,1,35,19,2018,8,17,4,2,5,3,0,1,1,0,0,0,0,0,5.85712E+20,5.39105E+21,1.01641E+16,4.86666E+16
157402,8,1,21,0,2018,8,18,4,3,1,7,0,0,1,0,0,0,0,0,5.16138E+20,5.44274E+21,9.22124E+15,4.91372E+16
157403,8,1,21,0,2018,8,8,4,3,4,2,0,0,1,0,0,0,0,0,5.15727E+20,5.44567E+21,9.21572E+15,4.91637E+16
157404,8,1,15,45,2018,8,12,4,2,5,2,0,1,0,0,0,0,1,0,4.99886E+20,5.39581E+21,8.99846E+15,4.87153E+16
157405,8,1,17,26,2018,8,14,4,3,0,1,0,1,0,0,0,0,0,0,5.47911E+20,5.39589E+21,9.65133E+15,4.87142E+16
157406,8,1,16,35,2018,8,15,4,2,5,3,0,1,1,0,0,0,0,0,5.27592E+20,5.39242E+21,9.37487E+15,4.86842E+16
157407,8,1,15,45,2018,8,14,4,3,5,2,0,0,1,0,0,0,0,0,4.97565E+20,5.39645E+21,8.96689E+15,4.87211E+16
157408,8,1,11,0,2018,8,7,4,2,3,6,0,1,0,0,0,0,0,0,5.17192E+20,5.41008E+21,9.23431E+15,4.88435E+16
157409,8,1,11,0,2018,8,17,4,3,2,6,0,0,1,0,1,0,0,1,5.09446E+20,5.39666E+21,9.12844E+15,4.87229E+16
157410,8,1,11,0,2018,8,16,4,3,3,7,0,1,1,0,0,0,0,0,5.14539E+20,5.40406E+21,9.19794E+15,4.87893E+16
157411,8,3,36,81,2018,8,11,3,3,6,7,0,0,1,1,0,0,0,0,4.10923E+20,5.27793E+21,7.81389E+15,4.76486E+16
157412,8,4,36,64,2018,8,7,3,3,5,3,0,1,0,0,0,0,0,0,5.44973E+20,5.29156E+21,9.60029E+15,4.77758E+16
157413,8,2,26,84,2018,8,20,1,2,6,4,2,0,1,1,0,0,0,0,4.69245E+20,5.46975E+21,8.57629E+15,4.93797E+16
157414,8,4,36,64,2018,8,13,3,3,2,2,0,0,1,0,1,0,0,0,5.45444E+20,5.29206E+21,9.60664E+15,4.77803E+16
157415,8,2,22,0,2018,8,14,1,3,2,3,0,1,1,0,0,0,0,0,4.62921E+20,5.48613E+21,8.48764E+15,4.95267E+16
157416,8,4,37,104,2018,8,13,3,2,1,7,0,0,1,0,0,1,1,0,5.14551E+20,5.32485E+21,9.19536E+15,4.80768E+16
157417,8,2,15,106,2018,8,11,1,3,0,7,0,1,0,0,0,0,1,0,4.65823E+20,5.45266E+21,8.53061E+15,4.92257E+16
157418,8,4,26,21,2018,8,6,3,3,0,3,1,0,1,0,1,0,0,0,5.593E+20,5.32675E+21,9.79637E+15,4.80913E+16
157419,8,2,15,9,2018,8,12,1,3,1,5,0,0,1,0,0,0,0,0,4.68584E+20,5.43675E+21,8.56976E+15,4.90828E+16
157420,8,3,17,153,2018,8,13,1,3,0,1,0,1,0,0,0,0,0,0,4.16214E+20,5.38885E+21,7.86249E+15,4.86471E+16
157421,8,4,17,2,2018,8,16,3,3,5,3,0,1,1,0,0,0,0,0,4.90198E+20,5.34404E+21,8.86796E+15,4.82495E+16
157422,8,4,17,79,2018,8,15,3,3,0,7,0,0,1,0,0,0,0,0,4.99983E+20,5.34529E+21,8.99977E+15,4.82608E+16
157423,8,1,19,67,2018,8,11,1,2,0,1,0,1,0,0,0,0,0,0,5.3835E+20,5.40594E+21,9.52229E+15,4.88053E+16
157424,8,4,15,61,2018,8,18,3,3,5,2,0,1,1,0,0,0,0,0,5.14307E+20,5.37172E+21,9.19366E+15,4.84984E+16
157425,8,1,18,21,2018,8,2,1,2,8,7,2,0,1,0,0,0,0,0,5.21318E+20,5.42765E+21,9.29147E+15,4.90014E+16
157426,8,4,15,61,2018,8,0,3,3,1,1,2,0,1,0,0,0,0,0,5.15565E+20,5.37183E+21,9.21069E+15,4.84994E+16
157427,8,3,37,126,2018,8,1,3,1,9,1,2,0,0,0,1,0,0,0,4.41618E+20,5.27408E+21,8.22308E+15,4.76175E+16
157428,8,3,36,50,2018,8,10,3,3,1,7,0,1,1,0,0,0,0,0,3.99584E+20,5.27422E+21,7.6638E+15,4.76136E+16
157429,8,1,18,48,2018,8,15,1,3,5,3,0,0,1,0,0,0,0,0,5.14423E+20,5.41535E+21,9.19676E+15,4.88909E+16
157430,8,3,36,50,2018,8,6,3,3,5,3,0,0,1,0,1,0,0,0,3.99355E+20,5.27344E+21,7.66093E+15,4.76066E+16
157431,8,1,17,24,2018,8,11,1,2,4,3,0,0,1,0,1,0,0,0,5.59984E+20,5.3849E+21,9.81383E+15,4.86143E+16
157432,8,4,35,16,2018,8,14,3,2,0,1,0,0,0,0,1,0,0,0,5.37384E+20,5.27846E+21,9.49788E+15,4.76584E+16
157433,8,1,11,0,2018,8,16,1,3,5,2,0,0,1,0,0,0,0,0,5.118E+20,5.40326E+21,9.16062E+15,4.87822E+16
157434,8,1,11,0,2018,8,23,1,3,9,1,2,0,0,0,0,0,1,0,5.11816E+20,5.40351E+21,9.16086E+15,4.87845E+16
157435,8,3,26,74,2018,8,8,3,3,5,3,0,1,1,0,0,0,0,0,4.58859E+20,5.32467E+21,8.44768E+15,4.8074E+16
157436,8,3,11,0,2018,8,20,3,3,3,7,1,0,1,0,1,0,0,0,4.15162E+20,5.32093E+21,7.8619E+15,4.8036E+16
157437,8,4,35,59,2018,8,15,7,3,0,1,0,1,0,0,0,0,0,1,5.10964E+20,5.29063E+21,9.14632E+15,4.77689E+16
157438,8,3,15,15,2018,8,22,3,2,6,4,2,0,1,1,0,0,0,0,3.94668E+20,5.32024E+21,7.58721E+15,4.80268E+16
157439,8,4,16,41,2018,8,20,7,3,0,7,1,1,0,0,0,0,0,0,5.04443E+20,5.37388E+21,9.06017E+15,4.8518E+16
157440,8,3,11,0,2018,8,11,3,3,5,6,0,0,1,0,1,0,0,0,4.13279E+20,5.31954E+21,7.83692E+15,4.80232E+16
157441,8,3,35,75,2018,8,14,7,3,0,1,0,0,0,0,1,0,0,1,4.88998E+20,5.28925E+21,8.8532E+15,4.77565E+16
157442,8,3,35,55,2018,8,0,7,2,0,7,2,1,0,0,0,0,0,0,4.95318E+20,5.28539E+21,8.93757E+15,4.77219E+16
157443,8,4,35,45,2018,8,1,7,2,0,1,2,1,0,0,0,0,0,0,5.36062E+20,5.28811E+21,9.48107E+15,4.77454E+16
157444,8,3,11,0,2018,8,21,3,3,3,6,2,1,1,0,0,0,0,0,4.1504E+20,5.31841E+21,7.86076E+15,4.80133E+16
157445,8,3,27,50,2018,8,7,7,3,5,3,0,0,1,0,0,0,0,0,4.8626E+20,5.31438E+21,8.81586E+15,4.79825E+16
157446,8,3,17,65,2018,8,17,7,3,2,2,0,0,1,0,0,0,0,0,4.16763E+20,5.35491E+21,7.8767E+15,4.83419E+16
157447,8,2,12,0,2018,8,14,3,3,2,6,0,0,1,0,0,0,1,0,4.57462E+20,5.4291E+21,8.41827E+15,4.90134E+16
157448,8,2,12,0,2018,8,7,3,3,1,5,0,1,1,0,0,0,0,0,4.55966E+20,5.42791E+21,8.39794E+15,4.90025E+16
157449,8,2,12,0,2018,8,8,7,3,5,7,0,0,1,0,0,0,1,1,4.53389E+20,5.42892E+21,8.36259E+15,4.90114E+16
157450,8,2,26,85,2018,8,6,3,3,5,3,0,0,1,0,1,0,0,0,4.93538E+20,5.45388E+21,8.91122E+15,4.92376E+16
157451,8,2,36,72,2018,8,14,7,3,5,3,0,0,1,0,0,0,0,1,4.65018E+20,5.41036E+21,8.52321E+15,4.88452E+16
157452,8,2,26,97,2018,8,16,3,3,0,6,0,0,1,0,1,0,0,0,4.85817E+20,5.46821E+21,8.80465E+15,4.93665E+16
157453,8,2,26,32,2018,8,19,7,3,0,1,1,0,0,0,1,0,0,0,4.67822E+20,5.46261E+21,8.55726E+15,4.93154E+16
157454,8,2,22,0,2018,8,14,3,3,2,6,0,0,1,0,0,0,0,0,4.60758E+20,5.48869E+21,8.45749E+15,4.95496E+16
157455,8,2,22,0,2018,8,9,3,2,3,6,0,1,0,0,0,0,0,0,4.63765E+20,5.47988E+21,8.49987E+15,4.94705E+16
157456,8,2,22,0,2018,8,1,7,3,5,2,2,0,1,0,0,0,0,0,4.63403E+20,5.47803E+21,8.49504E+15,4.94538E+16
157457,8,2,22,0,2018,8,17,3,3,3,2,0,0,1,0,1,0,0,0,4.61371E+20,5.48168E+21,8.46665E+15,4.94865E+16
157458,8,2,22,0,2018,8,11,3,3,9,1,0,0,0,0,0,1,0,0,4.64043E+20,5.48352E+21,8.50337E+15,4.95032E+16
157459,8,2,22,0,2018,8,8,3,3,0,3,1,1,1,0,0,0,0,0,4.64146E+20,5.48525E+21,8.50464E+15,4.95188E+16
157460,8,2,21,0,2018,8,0,7,3,0,7,2,1,0,0,0,0,0,0,4.78206E+20,5.47291E+21,8.69957E+15,4.94085E+16
157461,8,2,16,43,2018,8,18,7,3,5,3,0,0,1,0,0,0,0,0,4.41555E+20,5.41212E+21,8.20318E+15,4.88593E+16
157462,8,3,17,57,2018,8,18,3,3,9,7,0,0,0,0,1,0,0,0,4.13119E+20,5.38108E+21,7.8221E+15,4.85768E+16
157463,8,2,15,7,2018,8,18,7,3,5,3,0,0,1,0,0,0,0,0,4.78315E+20,5.43209E+21,8.70328E+15,4.90413E+16
157464,8,1,25,34,2018,8,23,3,3,1,5,2,1,1,0,0,0,0,0,4.98363E+20,5.44479E+21,8.97755E+15,4.91559E+16
157465,8,2,15,102,2018,8,18,7,3,6,4,0,0,0,1,1,0,0,0,4.56073E+20,5.43636E+21,8.39848E+15,4.90786E+16
157466,8,1,18,73,2018,8,10,3,2,0,3,0,1,1,0,0,0,0,0,4.98054E+20,5.42245E+21,8.97342E+15,4.89549E+16
157467,8,2,15,108,2018,8,10,7,3,5,3,0,1,1,0,0,0,0,1,4.49387E+20,5.42447E+21,8.30842E+15,4.89711E+16
157468,8,2,12,0,2018,8,3,7,3,9,1,2,0,1,0,0,0,0,0,4.56693E+20,5.4289E+21,8.40777E+15,4.90114E+16
157469,8,1,35,16,2018,8,7,3,3,5,3,0,1,1,0,0,0,0,0,5.92235E+20,5.3863E+21,1.02516E+16,4.8623E+16
157470,8,1,19,76,2018,8,16,3,3,5,3,0,0,1,0,1,0,0,0,5.42144E+20,5.40623E+21,9.57398E+15,4.88077E+16
157471,8,1,18,3,2018,8,2,7,2,1,5,2,1,1,0,0,0,0,0,5.10805E+20,5.4165E+21,9.14743E+15,4.89013E+16
157472,8,1,19,20,2018,8,9,3,3,5,2,0,0,1,0,0,0,0,0,5.19081E+20,5.40693E+21,9.25992E+15,4.88151E+16
157473,8,1,36,88,2018,8,14,7,3,5,3,0,0,1,0,1,0,0,1,5.77788E+20,5.40822E+21,1.00598E+16,4.88221E+16
157474,8,1,18,51,2018,8,10,3,3,5,3,0,1,1,0,0,0,0,0,5.09394E+20,5.41517E+21,9.12815E+15,4.88894E+16
157475,8,1,35,19,2018,8,17,7,3,5,3,0,0,1,0,0,0,0,0,5.85683E+20,5.39554E+21,1.01646E+16,4.8707E+16
157476,8,1,18,27,2018,8,4,7,2,9,7,2,0,0,0,0,0,1,0,5.02283E+20,5.41239E+21,9.03113E+15,4.88645E+16
157477,8,1,15,45,2018,8,9,3,3,5,7,0,1,1,0,0,0,0,0,4.99821E+20,5.39564E+21,8.99757E+15,4.87138E+16
157478,8,1,16,16,2018,8,10,7,3,5,3,0,0,1,0,0,0,0,1,5.33419E+20,5.38471E+21,9.45342E+15,4.86146E+16
157479,8,1,15,45,2018,8,7,3,3,5,3,0,1,0,0,0,0,1,0,5.00646E+20,5.39356E+21,9.00878E+15,4.86951E+16
157480,8,1,11,0,2018,8,15,7,3,5,2,0,0,1,0,0,0,1,0,5.18017E+20,5.40214E+21,9.24521E+15,4.8772E+16
157481,8,1,11,0,2018,8,17,7,3,3,6,0,0,1,0,1,0,0,0,5.1198E+20,5.40122E+21,9.16302E+15,4.87638E+16
157482,8,1,11,0,2018,8,14,3,2,5,2,0,0,1,0,0,0,0,0,5.11538E+20,5.4096E+21,9.15724E+15,4.88393E+16
157483,8,1,11,0,2018,8,17,3,3,5,3,0,1,1,0,0,0,0,0,5.06849E+20,5.39841E+21,9.09315E+15,4.87387E+16
157484,8,3,35,2,2018,8,10,6,3,0,1,0,1,0,0,0,0,0,0,5.0603E+20,5.28425E+21,9.08038E+15,4.77116E+16
157485,8,1,11,0,2018,8,6,3,3,5,3,1,0,1,0,0,0,0,0,5.11733E+20,5.40086E+21,9.15965E+15,4.87606E+16
157486,8,4,36,64,2018,8,14,6,3,4,7,0,0,1,0,0,0,0,0,5.44845E+20,5.29122E+21,9.59855E+15,4.77728E+16
157487,8,1,36,10,2018,8,8,2,3,4,7,0,0,1,0,0,0,1,0,5.99428E+20,5.41284E+21,1.03556E+16,4.88605E+16
157488,8,4,16,22,2018,8,7,6,3,4,1,0,0,1,0,0,0,1,1,5.09892E+20,5.3784E+21,9.13406E+15,4.85586E+16
157489,8,4,16,23,2018,8,16,2,3,5,3,0,0,1,0,0,0,0,0,5.10062E+20,5.37097E+21,9.13618E+15,4.84918E+16
157490,8,3,17,96,2018,8,15,6,3,5,3,0,0,1,0,0,0,0,1,4.22011E+20,5.36909E+21,7.94488E+15,4.84701E+16
157491,8,3,17,96,2018,8,15,6,2,5,3,0,0,1,0,1,0,0,1,4.20331E+20,5.3684E+21,7.92228E+15,4.84637E+16
157492,8,4,16,22,2018,8,22,2,3,0,7,2,1,0,0,0,0,0,0,5.10541E+20,5.37562E+21,9.14278E+15,4.85336E+16
157493,8,4,16,36,2018,8,8,2,3,2,6,0,0,0,0,0,1,1,0,4.83055E+20,5.37447E+21,8.77052E+15,4.85231E+16
157494,8,3,16,11,2018,8,10,6,3,2,6,0,0,1,0,1,0,0,0,4.14494E+20,5.3289E+21,7.85133E+15,4.81076E+16
157495,8,4,15,61,2018,8,14,2,3,5,3,0,1,1,0,0,0,0,0,5.15938E+20,5.37127E+21,9.21573E+15,4.84944E+16
157496,8,3,16,11,2018,8,11,6,3,5,3,0,0,1,0,1,0,0,0,4.14688E+20,5.32907E+21,7.85392E+15,4.81092E+16
157497,8,3,11,0,2018,8,16,6,3,5,3,0,1,0,0,0,0,0,0,4.11568E+20,5.31513E+21,7.81489E+15,4.79834E+16
157498,8,3,37,116,2018,8,21,2,3,0,1,1,1,0,0,0,0,0,0,4.18273E+20,5.27315E+21,7.91263E+15,4.76066E+16
157499,8,3,36,36,2018,8,17,2,3,6,4,0,0,1,1,0,0,0,0,4.12575E+20,5.28084E+21,7.8353E+15,4.76751E+16
157500,8,3,11,0,2018,8,16,6,3,2,6,0,0,1,0,0,0,0,1,4.12098E+20,5.31978E+21,7.82103E+15,4.80252E+16
157501,8,3,35,63,2018,8,11,2,3,0,7,0,1,0,0,0,0,0,0,4.98322E+20,5.28749E+21,8.97762E+15,4.77408E+16
157502,8,3,11,0,2018,8,17,6,3,0,3,0,1,1,0,0,0,0,1,4.15102E+20,5.31568E+21,7.86213E+15,4.79888E+16
157503,8,3,35,43,2018,8,15,2,3,1,2,0,1,1,0,0,0,0,0,5.11054E+20,5.28094E+21,9.14728E+15,4.76817E+16
157504,8,2,31,0,2018,8,12,6,3,1,6,0,0,1,0,0,0,0,1,4.75977E+20,5.41488E+21,8.67231E+15,4.88864E+16
157505,8,3,35,43,2018,8,13,2,3,0,7,0,1,0,0,0,0,0,0,5.1187E+20,5.28041E+21,9.15814E+15,4.7677E+16
157506,8,2,36,40,2018,8,17,6,3,6,4,0,0,1,1,0,0,0,0,4.89277E+20,5.42225E+21,8.85354E+15,4.89531E+16
157507,8,2,22,0,2018,8,12,6,3,2,6,0,0,1,0,0,0,0,0,4.62625E+20,5.47968E+21,8.48415E+15,4.94686E+16
157508,8,3,26,74,2018,8,18,2,3,2,6,0,1,1,0,0,0,0,0,4.63957E+20,5.32322E+21,8.51625E+15,4.80612E+16
157509,8,2,22,0,2018,8,13,6,3,4,1,0,0,0,0,1,1,0,1,4.63514E+20,5.48426E+21,8.49601E+15,4.95099E+16
157510,8,3,26,3,2018,8,15,2,3,8,1,0,0,1,0,0,0,0,0,4.64934E+20,5.31915E+21,8.5297E+15,4.80246E+16
157511,8,2,22,0,2018,8,12,6,3,0,1,0,0,0,0,1,0,0,1,4.6389E+20,5.4848E+21,8.50115E+15,4.95147E+16
157512,8,3,17,146,2018,8,16,2,3,2,6,0,0,1,0,0,0,0,0,4.31808E+20,5.35549E+21,8.07961E+15,4.83489E+16
157513,8,2,22,0,2018,8,16,6,3,5,3,0,1,1,0,0,0,0,0,4.64344E+20,5.48434E+21,8.50746E+15,4.95106E+16
157514,8,3,16,20,2018,8,10,2,2,6,4,0,0,1,1,0,0,0,0,4.08822E+20,5.33891E+21,7.77301E+15,4.81969E+16
157515,8,2,26,98,2018,8,14,6,2,6,2,0,0,1,1,0,0,0,0,4.78351E+20,5.45979E+21,8.70228E+15,4.92905E+16
157516,8,3,36,50,2018,8,16,2,3,2,6,0,0,1,0,0,0,0,0,4.00029E+20,5.27513E+21,7.66951E+15,4.76219E+16
157517,8,3,15,98,2018,8,16,2,3,8,7,0,0,1,0,0,0,0,0,4.06433E+20,5.31241E+21,7.74668E+15,4.79581E+16
157518,8,2,16,7,2018,8,22,6,3,8,1,2,0,1,0,0,0,0,0,4.3834E+20,5.39521E+21,8.16189E+15,4.87068E+16
157519,8,2,15,103,2018,8,17,6,3,0,1,0,1,0,0,0,0,0,0,4.66753E+20,5.44257E+21,8.54421E+15,4.91351E+16
157520,8,3,11,0,2018,8,8,2,3,5,2,0,0,0,0,1,1,0,0,4.12924E+20,5.31629E+21,7.83282E+15,4.79939E+16
157521,8,2,12,0,2018,8,13,6,3,0,7,0,0,0,0,1,0,0,0,4.57862E+20,5.42857E+21,8.4238E+15,4.90086E+16
157522,8,3,36,14,2018,8,9,2,3,8,6,0,0,1,0,1,0,0,0,3.92648E+20,5.27692E+21,7.57086E+15,4.76368E+16
157523,8,3,17,59,2018,8,13,6,3,5,3,0,0,1,0,0,0,0,0,4.12288E+20,5.34977E+21,7.81739E+15,4.8295E+16
157524,8,2,26,95,2018,8,15,2,3,4,6,0,0,1,0,1,0,0,0,4.73121E+20,5.46175E+21,8.63022E+15,4.93079E+16
157525,8,1,15,28,2018,8,16,6,3,0,7,0,1,0,0,0,0,0,0,5.00936E+20,5.40596E+21,9.01274E+15,4.88066E+16
157526,8,1,21,0,2018,8,7,6,3,0,7,0,0,0,0,1,0,1,1,5.16087E+20,5.44242E+21,9.22053E+15,4.91344E+16
157527,8,2,26,41,2018,8,18,2,3,3,6,0,0,1,0,1,0,0,0,4.76079E+20,5.46483E+21,8.67074E+15,4.93357E+16
157528,8,2,26,41,2018,8,15,2,3,5,3,0,1,1,0,0,0,0,0,4.76157E+20,5.46614E+21,8.67173E+15,4.93475E+16
157529,8,1,19,67,2018,8,7,6,3,0,3,0,1,0,0,0,0,0,0,5.38337E+20,5.40593E+21,9.5221E+15,4.88052E+16
157530,8,2,22,0,2018,8,17,2,3,3,2,0,1,1,0,0,0,0,0,4.62852E+20,5.48039E+21,8.48722E+15,4.9475E+16
157531,8,1,18,19,2018,8,8,6,3,5,3,0,1,1,0,0,0,0,0,5.03725E+20,5.40388E+21,9.05071E+15,4.87879E+16
157532,8,1,16,77,2018,8,12,6,2,1,7,0,0,1,0,0,0,0,1,5.16124E+20,5.38884E+21,9.21892E+15,4.86524E+16
157533,8,2,21,0,2018,8,8,2,3,5,3,0,1,1,0,0,0,0,0,4.77355E+20,5.47469E+21,8.68774E+15,4.94245E+16
157534,8,2,21,0,2018,8,17,2,3,1,6,0,0,1,0,0,0,0,0,4.79635E+20,5.46997E+21,8.71941E+15,4.9382E+16
157535,8,1,15,3,2018,8,17,6,3,0,2,0,0,1,0,0,0,0,0,5.00445E+20,5.39198E+21,9.00604E+15,4.86809E+16
157536,8,2,21,0,2018,8,16,2,3,3,6,0,0,1,0,1,0,0,0,4.78119E+20,5.47289E+21,8.69837E+15,4.94083E+16
157537,8,1,11,0,2018,8,8,6,3,6,4,0,0,1,1,0,0,0,0,5.14847E+20,5.40942E+21,9.20233E+15,4.88376E+16
157538,8,2,15,59,2018,8,11,2,3,5,3,0,0,1,0,0,0,0,0,4.84645E+20,5.43763E+21,8.78968E+15,4.90913E+16
157539,8,1,11,0,2018,8,15,6,3,0,1,0,0,0,0,1,0,0,1,5.15543E+20,5.40724E+21,9.21173E+15,4.88179E+16
157540,8,2,12,0,2018,8,12,2,3,5,2,0,1,1,0,0,0,0,0,4.59117E+20,5.43068E+21,8.44074E+15,4.90276E+16
157541,8,1,11,0,2018,8,13,6,3,0,3,0,0,1,0,1,0,0,1,5.12659E+20,5.40091E+21,9.17225E+15,4.87611E+16
157542,8,3,27,49,2018,8,8,5,3,5,3,0,0,1,0,0,0,0,1,4.72909E+20,5.32458E+21,8.6363E+15,4.80739E+16
157543,8,2,15,17,2018,8,9,2,2,3,2,0,1,1,0,0,0,0,0,4.56273E+20,5.42096E+21,8.40288E+15,4.894E+16
157544,8,3,17,141,2018,8,16,2,3,2,6,0,1,1,0,0,0,0,0,4.15744E+20,5.37573E+21,7.85877E+15,4.8529E+16
157545,8,4,36,64,2018,8,12,5,3,2,6,0,0,1,0,0,0,0,0,5.46213E+20,5.29265E+21,9.61696E+15,4.77855E+16
157546,8,4,21,0,2018,8,17,2,2,5,3,0,1,1,0,0,0,0,0,5.72514E+20,5.36148E+21,9.97974E+15,4.84023E+16
157547,8,4,36,64,2018,8,19,5,3,0,1,0,1,0,0,0,0,0,1,5.45359E+20,5.29313E+21,9.60561E+15,4.77899E+16
157548,8,1,28,14,2018,8,20,2,2,5,3,0,1,1,0,0,0,0,0,5.48289E+20,5.48245E+21,9.66681E+15,4.94927E+16
157549,8,1,21,0,2018,8,14,2,3,0,3,0,0,1,0,0,0,1,0,5.15989E+20,5.44446E+21,9.21927E+15,4.91528E+16
157550,8,4,36,3,2018,8,17,5,3,1,5,0,0,1,0,0,0,0,0,5.77618E+20,5.30347E+21,1.00381E+16,4.78798E+16
157551,8,1,18,51,2018,8,6,2,3,6,6,0,1,0,1,0,0,0,0,5.10263E+20,5.41515E+21,9.14001E+15,4.88892E+16
157552,8,4,35,16,2018,8,17,5,3,0,3,0,1,1,0,0,0,0,1,5.37768E+20,5.2784E+21,9.50298E+15,4.76579E+16
157553,8,1,16,16,2018,8,19,2,3,0,1,0,1,0,0,0,0,0,0,5.32973E+20,5.38435E+21,9.44733E+15,4.86113E+16
157554,8,4,21,0,2018,8,12,5,3,5,2,0,0,1,0,0,0,0,0,5.71388E+20,5.36078E+21,9.96441E+15,4.83961E+16
157555,8,4,21,0,2018,8,14,5,3,5,2,0,0,1,0,1,0,0,0,5.73727E+20,5.36103E+21,9.99605E+15,4.83982E+16
157556,8,1,11,0,2018,8,14,2,3,5,3,0,1,1,0,0,0,0,0,5.17153E+20,5.40281E+21,9.23347E+15,4.8778E+16
157557,8,1,11,0,2018,8,8,2,2,6,2,0,0,1,1,0,0,0,0,5.13638E+20,5.40863E+21,9.18583E+15,4.88305E+16
157558,8,4,21,0,2018,8,14,5,3,4,2,0,0,1,0,0,0,0,0,5.74942E+20,5.36448E+21,1.00131E+16,4.8429E+16
157559,8,1,11,0,2018,8,5,2,3,1,1,1,0,1,0,1,0,0,0,5.10891E+20,5.40652E+21,9.14835E+15,4.88116E+16
157560,8,3,37,126,2018,8,18,5,3,2,1,0,0,1,0,0,0,1,0,4.4043E+20,5.2747E+21,8.20718E+15,4.76229E+16
157561,8,4,35,36,2018,8,15,1,2,1,5,0,1,1,0,0,0,0,0,5.20892E+20,5.28191E+21,9.27841E+15,4.76902E+16
157562,8,3,17,145,2018,8,12,5,3,4,6,0,0,1,0,1,0,0,0,4.4408E+20,5.35223E+21,8.24566E+15,4.83207E+16
157563,8,4,35,24,2018,8,6,1,3,6,7,0,0,0,1,1,0,0,0,5.26738E+20,5.27874E+21,9.35611E+15,4.76615E+16
157564,8,3,17,96,2018,8,6,5,3,8,7,0,0,1,0,0,0,0,0,4.22957E+20,5.37159E+21,7.95721E+15,4.84927E+16
157565,8,3,17,1,2018,8,18,5,3,2,6,0,0,1,0,0,0,0,0,4.30927E+20,5.3866E+21,8.06258E+15,4.86286E+16
157566,8,3,11,0,2018,8,16,5,3,5,2,0,1,1,0,0,0,0,0,4.13147E+20,5.31562E+21,7.83594E+15,4.7988E+16
157567,8,4,16,36,2018,8,18,1,3,5,3,0,0,1,0,0,0,0,0,4.96203E+20,5.36953E+21,8.94862E+15,4.84789E+16
157568,8,3,11,0,2018,8,11,5,3,5,3,0,1,1,0,0,0,0,0,4.14926E+20,5.31719E+21,7.85947E+15,4.80024E+16
157569,8,3,11,0,2018,8,17,5,3,5,3,0,0,1,0,0,0,0,0,4.10488E+20,5.31565E+21,7.80031E+15,4.79879E+16
157570,8,4,15,61,2018,8,21,1,3,0,7,1,1,0,0,0,0,0,0,5.15055E+20,5.37387E+21,9.20387E+15,4.85178E+16
157571,8,3,37,96,2018,8,1,1,3,5,3,2,0,1,0,0,0,0,0,4.21854E+20,5.26797E+21,7.9612E+15,4.75604E+16