OBJECTID_1,ULAND,UREGBEZ,UKREIS,UGEMEINDE,UJAHR,UMONAT,USTUNDE,UWOCHENTAG,UKATEGORIE,UART,UTYP1,ULICHTVERH,IstRad,IstPKW,IstFuss,IstKrad,IstGkfz,IstSonstig,STRZUSTAND,LINREFX,LINREFY,XGCSWGS84,YGCSWGS84
157759,8,4,16,41,2018,9,21,7,3,2,3,2,0,1,0,0,0,1,0,5.04087E+20,5.37372E+21,9.05534E+15,4.85166E+16
157760,8,3,17,73,2018,8,13,3,3,8,7,0,1,0,0,0,0,0,0,4.10485E+20,5.34808E+21,7.79345E+15,4.82796E+16
157761,8,4,36,11,2018,9,21,7,2,0,7,2,1,0,0,0,0,0,0,5.47628E+20,5.29744E+21,9.63638E+15,4.78285E+16
157762,8,1,36,88,2018,8,12,3,3,6,7,0,0,1,0,0,0,1,0,5.81283E+20,5.41304E+21,1.01083E+16,4.8865E+16
157763,8,3,26,75,2018,9,16,7,2,5,1,0,1,1,0,0,0,0,0,4.60157E+20,5.31694E+21,8.46583E+15,4.80046E+16
157764,8,1,28,61,2018,8,9,3,2,6,4,0,0,0,1,0,0,1,0,5.43771E+20,5.49664E+21,9.60601E+15,4.96207E+16
157765,8,3,17,47,2018,9,18,7,3,5,3,0,0,1,0,0,0,0,0,4.19056E+20,5.36403E+21,7.90589E+15,4.84242E+16
157766,8,1,25,110,2018,8,14,3,3,5,3,0,0,1,0,1,0,0,0,5.25222E+20,5.44363E+21,9.34583E+15,4.91449E+16
157767,8,1,21,0,2018,8,14,3,3,1,6,0,0,1,0,0,0,0,0,5.13686E+20,5.44432E+21,9.18768E+15,4.91516E+16
157768,8,3,17,57,2018,9,16,7,3,2,6,0,0,0,0,1,0,1,0,4.12625E+20,5.38083E+21,7.81546E+15,4.85745E+16
157769,8,1,21,0,2018,8,12,3,3,3,7,0,0,1,0,0,0,1,0,5.16233E+20,5.44341E+21,9.22258E+15,4.91433E+16
157770,8,3,16,11,2018,9,19,7,3,5,3,0,0,1,0,0,0,0,0,4.15535E+20,5.32887E+21,7.86533E+15,4.81075E+16
157771,8,1,19,91,2018,8,12,3,3,5,3,0,0,1,0,1,0,0,0,5.28557E+20,5.4061E+21,9.38893E+15,4.88073E+16
157772,8,3,11,0,2018,9,21,7,2,0,1,2,0,1,0,0,0,1,0,4.14803E+20,5.31653E+21,7.85796E+15,4.79963E+16
157773,8,1,18,78,2018,8,13,3,2,0,4,0,0,1,1,0,0,0,0,5.1344E+20,5.41962E+21,9.18349E+15,4.89293E+16
157774,8,2,12,0,2018,9,10,7,3,5,3,0,1,1,0,0,0,0,0,4.60412E+20,5.42728E+21,8.45879E+15,4.89972E+16
157775,8,1,18,71,2018,8,17,3,3,5,3,0,1,1,0,0,0,0,0,5.08558E+20,5.41865E+21,9.11682E+15,4.89207E+16
157776,8,2,36,43,2018,9,12,7,2,6,7,0,0,1,1,0,0,0,0,4.68192E+20,5.40678E+21,8.56674E+15,4.88132E+16
157777,8,2,26,85,2018,9,7,7,3,6,7,0,0,1,1,0,0,0,0,4.90963E+20,5.45543E+21,8.87583E+15,4.92516E+16
157778,8,1,17,15,2018,8,12,3,3,5,3,0,0,1,0,0,0,0,0,5.6062E+20,5.39559E+21,9.82402E+15,4.87104E+16
157779,8,1,15,28,2018,8,18,3,3,2,6,0,0,1,0,0,0,1,0,5.00871E+20,5.40525E+21,9.01186E+15,4.88003E+16
157780,8,2,25,58,2018,9,10,7,2,0,1,0,0,0,0,1,0,0,0,5.07632E+20,5.46674E+21,9.10509E+15,4.93533E+16
157781,8,1,15,21,2018,8,10,3,3,6,2,0,0,1,1,0,0,0,0,4.90369E+20,5.38242E+21,8.86938E+15,4.85948E+16
157782,8,2,22,0,2018,9,20,7,3,5,3,2,0,1,0,0,0,0,0,4.62445E+20,5.48786E+21,8.48089E+15,4.95422E+16
157783,8,1,15,3,2018,8,9,3,3,5,3,0,0,1,0,0,0,0,0,5.00765E+20,5.39181E+21,9.0104E+15,4.86793E+16
157784,8,2,22,0,2018,9,21,7,3,1,6,1,0,1,0,0,0,0,0,4.63126E+20,5.48436E+21,8.49063E+15,4.95107E+16
157785,8,1,15,3,2018,8,18,3,3,0,3,0,0,0,0,1,0,0,0,5.01997E+20,5.39189E+21,9.02713E+15,4.868E+16
157786,8,1,11,0,2018,8,7,3,3,2,6,0,0,1,0,0,0,0,0,5.12548E+20,5.40812E+21,9.17096E+15,4.88259E+16
157787,8,2,22,0,2018,9,15,7,3,5,3,0,1,1,0,0,0,0,0,4.61824E+20,5.48013E+21,8.47305E+15,4.94726E+16
157788,8,2,26,105,2018,9,13,7,3,2,3,0,1,1,0,0,0,0,0,4.71711E+20,5.47687E+21,8.60975E+15,4.94438E+16
157789,8,1,11,0,2018,8,7,3,3,0,7,1,1,0,0,0,0,0,0,5.16788E+20,5.4032E+21,9.22853E+15,4.87816E+16
157790,8,2,22,0,2018,9,18,7,3,0,4,0,0,0,1,0,0,1,0,4.61393E+20,5.48191E+21,8.46694E+15,4.94886E+16
157791,8,1,11,0,2018,8,14,3,3,2,6,0,1,1,0,0,0,0,0,5.12111E+20,5.40101E+21,9.16479E+15,4.8762E+16
157792,8,4,37,31,2018,8,16,2,3,5,3,0,1,1,0,0,0,0,0,5.14901E+20,5.34382E+21,9.20072E+15,4.82474E+16
157793,8,2,21,0,2018,9,20,7,3,5,3,1,0,1,0,1,0,0,0,4.77761E+20,5.47352E+21,8.6934E+15,4.9414E+16
157794,8,2,15,9,2018,9,12,7,3,0,7,0,1,0,0,0,0,0,0,4.69697E+20,5.44043E+21,8.58473E+15,4.9116E+16
157795,8,4,37,100,2018,8,13,2,3,5,3,0,1,1,0,0,0,0,0,5.37493E+20,5.318E+21,9.50276E+15,4.80142E+16
157796,8,2,12,0,2018,9,13,7,3,5,3,0,1,0,0,0,0,1,0,4.54352E+20,5.42855E+21,8.3758E+15,4.90082E+16
157797,8,4,36,64,2018,8,21,2,3,4,2,2,1,1,0,0,0,0,0,5.45415E+20,5.29245E+21,9.60629E+15,4.77838E+16
157798,8,2,11,0,2018,9,11,7,3,6,7,0,0,1,1,0,0,0,0,4.44053E+20,5.40109E+21,8.23874E+15,4.87603E+16
157799,8,4,35,16,2018,8,19,2,3,0,7,0,0,1,0,0,0,0,0,5.32578E+20,5.27904E+21,9.43392E+15,4.7664E+16
157800,8,1,36,35,2018,9,1,7,2,1,5,2,1,1,0,0,0,0,0,5.80076E+20,5.43145E+21,1.00955E+16,4.90307E+16
157801,8,4,26,21,2018,8,8,2,2,5,7,0,1,1,0,0,0,0,0,5.59097E+20,5.32693E+21,9.79366E+15,4.80929E+16
157802,8,4,21,0,2018,8,21,2,2,5,3,2,0,1,0,0,0,0,0,5.73553E+20,5.36147E+21,9.99378E+15,4.84021E+16
157803,8,1,21,0,2018,9,15,7,3,5,3,0,0,1,0,1,0,0,0,5.14908E+20,5.44098E+21,9.20432E+15,4.91215E+16
157804,8,1,19,69,2018,9,15,7,3,2,6,0,0,1,0,1,0,0,0,5.30749E+20,5.43277E+21,9.4208E+15,4.9047E+16
157805,8,4,21,0,2018,8,19,2,3,3,6,0,0,1,0,1,0,0,0,5.74858E+20,5.3641E+21,1.00119E+16,4.84256E+16
157806,8,1,18,70,2018,9,14,7,2,1,6,0,1,1,0,0,0,0,0,5.1961E+20,5.42347E+21,9.26791E+15,4.89638E+16
157807,8,4,21,0,2018,8,18,2,3,5,3,0,1,1,0,0,0,0,0,5.70887E+20,5.3606E+21,9.95761E+15,4.83946E+16
157808,8,1,17,26,2018,9,13,7,3,5,7,0,0,1,0,1,0,0,0,5.49185E+20,5.39502E+21,9.66853E+15,4.87062E+16
157809,8,1,16,49,2018,9,18,7,3,5,2,0,1,1,0,0,0,0,0,5.2549E+20,5.38634E+21,9.34595E+15,4.86296E+16
157810,8,4,21,0,2018,8,10,2,3,1,6,0,0,1,0,0,0,0,0,5.6965E+20,5.35377E+21,9.93977E+15,4.83333E+16
157811,8,1,15,45,2018,9,1,7,3,1,5,2,0,1,0,1,0,0,1,5.01364E+20,5.39399E+21,9.01854E+15,4.8699E+16
157812,8,4,16,41,2018,8,8,2,3,5,3,0,0,1,0,1,0,0,0,5.03807E+20,5.37295E+21,9.05155E+15,4.85097E+16
157813,8,1,11,0,2018,9,12,7,3,0,2,0,0,1,0,0,0,1,0,5.1252E+20,5.3994E+21,9.17031E+15,4.87475E+16
157814,8,1,11,0,2018,8,11,2,3,3,6,0,1,1,0,0,0,0,0,5.20421E+20,5.4024E+21,9.27794E+15,4.87743E+16
157815,8,3,35,43,2018,8,13,2,3,0,7,0,1,0,0,0,0,0,0,5.12827E+20,5.27836E+21,9.17083E+15,4.76585E+16
157816,8,4,26,70,2018,8,14,6,3,0,1,0,0,0,0,1,0,0,1,5.65534E+20,5.34302E+21,9.88258E+15,4.8237E+16
157817,8,4,21,0,2018,8,15,6,3,8,1,0,0,1,0,0,0,0,1,5.7301E+20,5.36093E+21,9.98635E+15,4.83973E+16
157818,8,3,35,43,2018,8,11,2,3,5,3,0,1,0,0,0,0,0,0,5.1323E+20,5.27904E+21,9.17621E+15,4.76646E+16
157819,8,4,15,61,2018,8,18,6,3,9,6,0,0,1,0,0,0,0,1,5.15655E+20,5.37125E+21,9.21189E+15,4.84942E+16
157820,8,3,35,75,2018,8,20,2,3,5,7,0,0,1,0,1,0,0,0,4.8804E+20,5.28866E+21,8.84044E+15,4.77512E+16
157821,8,3,17,96,2018,8,13,6,3,5,3,0,1,1,0,0,0,0,1,4.22158E+20,5.36888E+21,7.94691E+15,4.84683E+16
157822,8,3,35,81,2018,8,18,2,2,8,7,0,1,0,0,0,0,0,0,4.90739E+20,5.29693E+21,8.87627E+15,4.78257E+16
157823,8,3,17,89,2018,8,17,6,2,6,2,0,0,1,1,0,0,0,1,4.31945E+20,5.37549E+21,8.07822E+15,4.85289E+16
157824,8,3,35,43,2018,8,14,2,3,0,1,0,1,0,0,0,0,0,0,5.12289E+20,5.28021E+21,9.16371E+15,4.76752E+16
157825,8,3,11,0,2018,8,10,2,2,5,3,0,0,1,0,0,0,1,0,4.13601E+20,5.31736E+21,7.84167E+15,4.80037E+16
157826,8,3,11,0,2018,8,14,2,3,2,6,0,0,1,0,0,0,0,0,4.13298E+20,5.31597E+21,7.83789E+15,4.79911E+16
157827,8,3,15,76,2018,8,16,6,3,5,3,0,0,1,0,0,1,0,1,3.91805E+20,5.29585E+21,7.55495E+15,4.78069E+16
157828,8,2,35,65,2018,8,10,2,3,5,3,0,0,1,0,0,0,0,0,4.73732E+20,5.40397E+21,8.64238E+15,4.87882E+16
157829,8,2,22,0,2018,8,16,2,3,1,5,0,1,1,0,0,0,0,0,4.64228E+20,5.48647E+21,8.50566E+15,4.95298E+16
157830,8,3,15,133,2018,8,17,6,3,5,2,0,0,1,0,1,0,0,1,3.97707E+20,5.32749E+21,7.62623E+15,4.80924E+16
157831,8,3,36,50,2018,8,8,6,2,0,7,0,1,0,0,0,0,0,0,4.02229E+20,5.27657E+21,7.69846E+15,4.76351E+16
157832,8,2,22,0,2018,8,12,2,3,0,1,0,1,0,0,0,0,0,0,4.62632E+20,5.48587E+21,8.48367E+15,4.95243E+16
157833,8,3,11,0,2018,8,14,6,3,6,7,0,1,0,1,0,0,0,1,4.14879E+20,5.31868E+21,7.85854E+15,4.80157E+16
157834,8,2,22,0,2018,8,16,2,3,2,6,0,0,1,0,0,0,0,0,4.6414E+20,5.47827E+21,8.50518E+15,4.94561E+16
157835,8,2,35,85,2018,8,20,6,3,5,3,2,0,1,0,0,0,0,1,4.8272E+20,5.39478E+21,8.76513E+15,4.87058E+16
157836,8,2,22,0,2018,8,12,2,3,9,1,0,0,1,0,0,0,0,1,4.6197E+20,5.48276E+21,8.47482E+15,4.94962E+16
157837,8,2,31,0,2018,8,17,6,3,4,1,0,0,1,0,0,0,1,1,4.76059E+20,5.41373E+21,8.67348E+15,4.88761E+16
157838,8,2,31,0,2018,8,20,6,3,1,6,1,0,1,0,0,0,0,1,4.77043E+20,5.41552E+21,8.6868E+15,4.88922E+16
157839,8,2,16,15,2018,8,10,2,3,5,3,0,0,1,0,1,0,0,0,4.50886E+20,5.40514E+21,8.33123E+15,4.87974E+16
157840,8,2,36,40,2018,8,11,6,3,8,7,0,0,1,0,0,0,1,0,4.84979E+20,5.42079E+21,8.79489E+15,4.89399E+16
157841,8,2,15,9,2018,8,5,2,3,5,3,1,0,1,0,0,0,0,0,4.703E+20,5.44135E+21,8.59293E+15,4.91242E+16
157842,8,2,26,98,2018,8,14,6,3,6,7,0,0,1,1,0,0,0,0,4.77995E+20,5.45988E+21,8.69738E+15,4.92913E+16
157843,8,2,25,109,2018,8,7,6,3,0,1,0,1,0,0,0,0,0,0,5.26546E+20,5.49286E+21,9.36728E+15,4.95877E+16
157844,8,2,15,9,2018,8,18,2,3,5,3,0,0,1,0,0,1,0,0,4.6836E+20,5.4421E+21,8.56628E+15,4.91309E+16
157845,8,2,22,0,2018,8,14,6,3,1,7,0,0,0,0,1,1,0,0,4.60527E+20,5.48582E+21,8.45458E+15,4.95237E+16
157846,8,2,12,0,2018,8,8,2,3,3,1,0,1,1,0,0,0,0,0,4.55111E+20,5.43059E+21,8.38595E+15,4.90265E+16
157847,8,2,22,0,2018,8,11,6,3,2,6,0,0,1,0,0,1,0,0,4.62263E+20,5.48478E+21,8.47867E+15,4.95145E+16
157848,8,1,36,28,2018,8,10,2,3,0,1,0,1,0,0,0,0,0,0,5.65751E+20,5.40608E+21,9.89544E+15,4.88042E+16
157849,8,1,36,88,2018,8,11,2,3,4,1,0,0,1,0,1,0,0,0,5.81207E+20,5.40957E+21,1.01066E+16,4.88338E+16
157850,8,2,16,43,2018,8,15,6,3,5,3,0,1,1,0,0,0,0,1,4.42487E+20,5.41213E+21,8.21588E+15,4.88594E+16
157851,8,2,15,9,2018,8,17,6,3,0,1,1,1,0,0,0,0,0,1,4.69292E+20,5.44086E+21,8.57915E+15,4.91198E+16
157852,8,1,35,19,2018,8,9,2,3,2,6,0,0,1,0,0,0,0,0,5.84166E+20,5.39148E+21,1.01432E+16,4.86707E+16
157853,8,2,15,7,2018,8,3,6,3,6,7,2,0,1,1,0,0,0,0,4.79713E+20,5.43285E+21,8.72236E+15,4.90482E+16
157854,8,1,27,79,2018,8,16,2,2,5,3,0,1,1,0,0,0,0,0,5.62498E+20,5.4218E+21,9.85355E+15,4.8946E+16
157855,8,2,12,0,2018,8,17,6,3,6,7,0,1,0,1,0,0,0,0,4.60312E+20,5.43069E+21,8.45709E+15,4.90278E+16
157856,8,1,21,0,2018,8,13,2,2,5,3,0,0,0,0,1,0,1,0,5.16895E+20,5.44318E+21,9.23164E+15,4.91412E+16
157857,8,2,15,17,2018,8,17,6,3,1,6,0,1,1,0,0,0,0,0,4.56327E+20,5.4212E+21,8.4036E+15,4.89422E+16
157858,8,1,21,0,2018,8,8,2,3,5,3,0,1,1,0,0,0,0,0,5.16122E+20,5.4426E+21,9.22102E+15,4.9136E+16
157859,8,1,19,8,2018,8,12,2,3,0,1,0,1,0,0,0,0,0,1,5.31532E+20,5.42163E+21,9.43065E+15,4.89468E+16
157860,8,1,27,76,2018,8,13,6,3,5,3,0,0,1,0,0,1,0,0,5.57573E+20,5.4399E+21,9.78886E+15,4.91092E+16
157861,8,1,17,7,2018,8,13,2,3,0,1,0,1,0,0,0,0,0,0,5.59444E+20,5.38427E+21,9.80642E+15,4.86086E+16
157862,8,1,27,76,2018,8,12,6,2,9,7,0,0,0,0,0,0,1,1,5.57615E+20,5.44121E+21,9.78963E+15,4.91211E+16
157863,8,1,15,45,2018,8,17,2,3,2,6,0,1,1,0,0,0,0,0,5.01085E+20,5.39528E+21,9.01475E+15,4.87105E+16
157864,8,4,37,88,2018,8,12,1,2,5,3,0,1,1,0,0,0,0,0,5.20284E+20,5.30304E+21,9.27129E+15,4.78803E+16
157865,8,1,25,96,2018,8,12,6,3,1,5,0,1,1,0,0,0,0,0,5.14631E+20,5.45128E+21,9.2009E+15,4.92141E+16
157866,8,1,18,71,2018,8,16,6,3,5,3,0,0,1,0,0,0,0,0,5.09313E+20,5.41844E+21,9.12712E+15,4.89188E+16
157867,8,4,21,0,2018,8,21,1,3,7,7,2,0,1,0,0,0,0,0,5.73396E+20,5.3624E+21,9.99181E+15,4.84104E+16
157868,8,1,18,46,2018,8,10,6,3,5,3,0,0,1,0,1,0,0,0,5.13577E+20,5.41131E+21,9.18508E+15,4.88546E+16
157869,8,4,17,2,2018,8,14,1,2,5,3,0,1,0,0,0,0,0,0,4.86356E+20,5.34464E+21,8.81618E+15,4.82548E+16
157870,8,1,17,51,2018,8,8,6,3,5,3,0,1,1,0,0,0,0,0,5.43621E+20,5.39476E+21,9.59288E+15,4.87044E+16
157871,8,3,17,145,2018,8,10,1,3,6,6,0,0,0,1,0,0,1,0,4.41759E+20,5.34917E+21,8.21479E+15,4.82931E+16
157872,8,1,17,26,2018,8,14,6,3,1,6,0,0,1,0,0,0,0,1,5.46128E+20,5.3956E+21,9.62704E+15,4.87117E+16
157873,8,3,16,9,2018,8,19,1,3,5,3,0,1,1,0,0,0,0,0,4.1679E+20,5.32505E+21,7.88293E+15,4.80733E+16
157874,8,3,16,9,2018,8,10,1,3,0,1,0,1,0,0,0,0,0,0,4.17431E+20,5.32472E+21,7.89159E+15,4.80704E+16
157875,8,1,17,49,2018,8,14,6,2,0,3,0,0,1,0,1,0,0,1,5.55557E+20,5.39212E+21,9.75475E+15,4.86796E+16
157876,8,1,17,26,2018,8,15,6,2,0,3,0,1,1,0,0,0,0,1,5.48652E+20,5.3947E+21,9.66126E+15,4.87034E+16
157877,8,3,15,130,2018,8,10,1,3,9,7,0,0,0,0,1,0,0,0,4.08036E+20,5.30106E+21,7.77057E+15,4.78563E+16
157878,8,1,16,33,2018,8,17,6,3,4,6,0,1,1,0,0,0,0,1,5.33374E+20,5.38711E+21,9.45299E+15,4.86361E+16
157879,8,3,15,108,2018,8,15,1,3,3,1,0,1,1,0,0,0,0,0,4.0498E+20,5.30454E+21,7.72895E+15,4.78872E+16
157880,8,1,16,11,2018,8,19,6,2,5,3,1,0,1,0,0,0,0,1,5.29355E+20,5.37944E+21,9.3979E+15,4.85673E+16
157881,8,3,15,73,2018,8,14,1,3,0,7,0,1,0,0,0,0,0,0,4.12575E+20,5.31391E+21,7.82862E+15,4.79725E+16
157882,8,1,16,19,2018,8,13,6,3,5,3,0,0,1,0,0,0,0,1,5.2299E+20,5.39961E+21,9.31275E+15,4.87491E+16
157883,8,2,15,109,2018,8,12,1,2,9,1,0,0,1,0,1,0,0,0,4.61435E+20,5.43319E+21,8.47221E+15,4.90504E+16
157884,8,2,12,0,2018,8,13,1,3,2,6,0,0,1,0,0,0,0,0,4.57115E+20,5.43003E+21,8.41343E+15,4.90216E+16
157885,8,1,11,0,2018,8,16,6,2,6,4,0,1,0,1,0,0,0,1,5.1397E+20,5.40331E+21,9.19017E+15,4.87826E+16
157886,8,2,26,107,2018,8,17,1,3,3,6,0,1,1,0,0,0,0,0,4.75142E+20,5.48463E+21,8.6566E+15,4.95138E+16
157887,8,1,11,0,2018,8,17,6,3,5,3,0,0,1,0,0,0,0,1,5.09287E+20,5.3967E+21,9.12627E+15,4.87233E+16
157888,8,2,26,96,2018,8,11,1,3,5,3,0,1,1,0,0,0,0,0,4.74512E+20,5.48772E+21,8.6477E+15,4.95416E+16
157889,8,4,26,120,2018,8,11,5,3,2,6,0,0,1,0,0,0,1,0,5.61663E+20,5.32402E+21,9.8277E+15,4.80664E+16
157890,8,2,26,84,2018,8,20,1,3,5,3,0,1,1,0,0,0,0,0,4.68512E+20,5.47085E+21,8.5661E+15,4.93895E+16
157891,8,2,22,0,2018,9,21,6,3,0,2,1,0,1,0,0,0,0,0,4.62777E+20,5.48652E+21,8.4856E+15,4.95302E+16
157892,8,2,22,0,2018,9,7,6,3,4,2,0,1,1,0,0,0,0,0,4.62478E+20,5.48249E+21,8.48186E+15,4.94939E+16
157893,8,2,16,43,2018,9,17,6,3,1,5,0,0,1,0,0,0,0,0,4.41809E+20,5.41198E+21,8.20667E+15,4.8858E+16
157894,8,2,15,59,2018,9,11,6,3,2,6,0,0,1,0,0,1,0,0,4.84787E+20,5.4357E+21,8.79171E+15,4.90739E+16
157895,8,2,12,0,2018,9,12,6,3,1,6,0,0,1,0,0,0,0,0,4.56368E+20,5.42804E+21,8.40343E+15,4.90037E+16
157896,8,2,12,0,2018,9,14,6,3,2,6,0,0,1,0,0,0,0,0,4.57215E+20,5.42992E+21,8.4148E+15,4.90207E+16
157897,8,1,36,19,2018,9,8,6,2,5,1,0,1,1,0,0,0,0,0,5.8178E+20,5.42489E+21,1.01175E+16,4.89715E+16
157898,8,1,35,20,2018,9,14,6,3,0,1,0,1,0,0,0,0,0,0,5.87122E+20,5.38646E+21,1.01823E+16,4.86251E+16
157899,8,1,25,65,2018,9,12,6,3,9,1,0,0,1,0,0,0,0,0,5.16246E+20,5.44721E+21,9.22291E+15,4.91775E+16
157900,8,1,18,54,2018,9,12,6,3,1,6,0,0,1,0,0,0,0,0,5.18576E+20,5.423E+21,9.25376E+15,4.89597E+16
157901,8,1,18,46,2018,9,16,6,3,3,7,0,0,1,0,1,0,0,0,5.14043E+20,5.41202E+21,9.19146E+15,4.8861E+16
157902,8,1,16,19,2018,9,16,6,3,9,1,0,0,0,0,1,0,0,0,5.20717E+20,5.39784E+21,9.28174E+15,4.87332E+16
157903,8,1,16,12,2018,9,13,6,3,5,2,0,0,1,0,0,0,0,1,5.3611E+20,5.38374E+21,9.48985E+15,4.86057E+16
157904,8,1,16,58,2018,9,18,6,3,5,2,0,1,1,0,0,0,0,0,5.33685E+20,5.3954E+21,9.45789E+15,4.87107E+16
157905,8,1,15,21,2018,9,17,6,3,5,3,0,0,1,0,0,0,0,0,4.89755E+20,5.38254E+21,8.86105E+15,4.85959E+16
157906,8,1,15,3,2018,9,15,6,3,6,7,0,1,0,1,0,0,0,0,4.98436E+20,5.39235E+21,8.97876E+15,4.86842E+16
157907,8,1,11,0,2018,9,7,6,2,6,4,0,1,0,0,0,0,1,0,5.13797E+20,5.40268E+21,9.18779E+15,4.87769E+16
157908,8,1,11,0,2018,9,14,6,3,4,7,0,1,0,0,0,0,0,0,5.13819E+20,5.40403E+21,9.18814E+15,4.87891E+16
157909,8,1,11,0,2018,9,18,6,3,2,6,0,0,1,0,0,0,0,0,5.15055E+20,5.40365E+21,9.20496E+15,4.87857E+16
157910,8,1,11,0,2018,9,17,6,3,1,1,0,1,1,0,0,0,0,0,5.07989E+20,5.39775E+21,9.10865E+15,4.87327E+16
157911,8,1,11,0,2018,9,17,6,3,7,7,0,1,0,0,0,0,1,0,5.15359E+20,5.39651E+21,9.20883E+15,4.87214E+16
157912,8,3,35,43,2018,9,14,5,2,5,2,0,0,0,0,1,0,1,0,5.11326E+20,5.2822E+21,9.15094E+15,4.7693E+16
157913,8,2,37,4,2018,9,7,5,3,6,7,0,0,1,1,0,0,0,0,4.53575E+20,5.37259E+21,8.37148E+15,4.85047E+16
157914,8,4,36,82,2018,9,17,5,3,8,1,2,0,0,0,1,0,0,0,5.48102E+20,5.29529E+21,9.64248E+15,4.78092E+16
157915,8,4,36,49,2018,9,4,5,3,0,1,2,1,0,0,0,0,0,0,5.7821E+20,5.28303E+21,1.00423E+16,4.7696E+16
157916,8,2,22,0,2018,9,14,2,3,5,3,0,0,1,0,0,0,0,0,4.68274E+20,5.47847E+21,8.56222E+15,4.9458E+16
157917,8,4,16,41,2018,9,15,5,3,0,1,0,1,0,0,0,0,0,0,5.04227E+20,5.37373E+21,9.05723E+15,4.85166E+16
157918,8,2,26,38,2018,9,7,2,3,5,3,0,1,0,0,0,0,1,0,4.71494E+20,5.4798E+21,8.60656E+15,4.94702E+16
157919,8,1,35,19,2018,9,5,2,2,6,4,2,0,1,1,0,0,0,0,5.84908E+20,5.39276E+21,1.01535E+16,4.86821E+16
157920,8,3,37,123,2018,9,22,5,3,3,6,2,0,1,0,1,0,0,0,4.51355E+20,5.27714E+21,8.3523E+15,4.76458E+16
157921,8,3,35,43,2018,9,15,5,3,2,6,0,0,1,0,1,0,0,0,5.11977E+20,5.28024E+21,9.15955E+15,4.76754E+16
157922,8,4,21,0,2018,9,22,2,2,0,1,2,1,0,0,0,0,0,0,5.71188E+20,5.36332E+21,9.96215E+15,4.8419E+16
157923,8,1,27,14,2018,9,12,2,2,5,3,0,0,1,0,1,0,0,0,5.78975E+20,5.44292E+21,1.00827E+16,4.91341E+16
157924,8,3,15,22,2018,9,10,5,3,8,6,0,0,1,0,0,0,0,0,3.9505E+20,5.30057E+21,7.59713E+15,4.78499E+16
157925,8,1,21,0,2018,9,16,2,3,2,6,0,0,1,0,0,1,0,0,5.1489E+20,5.44285E+21,9.20415E+15,4.91383E+16
157926,8,3,11,0,2018,9,13,5,3,0,1,0,1,0,0,0,0,0,0,4.13867E+20,5.3203E+21,7.84465E+15,4.80302E+16
157927,8,3,36,91,2018,9,7,5,3,5,3,0,0,1,0,1,0,0,0,3.97613E+20,5.2718E+21,7.63814E+15,4.75916E+16
157928,8,3,11,0,2018,9,11,5,3,6,2,0,1,0,1,0,0,0,0,4.13159E+20,5.31541E+21,7.83615E+15,4.79861E+16
157929,8,2,12,0,2018,9,8,5,1,5,3,0,1,1,0,0,0,0,0,4.55241E+20,5.43428E+21,8.38732E+15,4.90597E+16
157930,8,2,12,0,2018,9,16,5,3,0,4,0,0,0,1,0,0,1,0,4.53506E+20,5.42584E+21,8.36455E+15,4.89837E+16
157931,8,2,31,0,2018,9,17,5,1,4,6,0,0,1,0,1,0,0,0,4.80502E+20,5.41565E+21,8.73399E+15,4.88935E+16
157932,8,2,26,95,2018,9,15,5,3,5,3,0,1,1,0,0,0,0,0,4.74033E+20,5.4607E+21,8.64285E+15,4.92985E+16
157933,8,2,22,0,2018,9,10,5,3,6,3,0,0,1,1,0,0,0,0,4.61734E+20,5.48178E+21,8.47165E+15,4.94875E+16
157934,8,2,21,0,2018,9,14,5,3,5,5,0,1,1,0,0,0,0,0,4.77181E+20,5.4681E+21,8.68572E+15,4.93652E+16
157935,8,1,15,45,2018,9,10,2,2,4,2,0,0,1,0,0,0,1,0,4.97708E+20,5.39643E+21,8.96884E+15,4.87209E+16
157936,8,2,21,0,2018,9,17,5,3,0,7,0,1,0,0,0,0,0,1,4.77533E+20,5.47016E+21,8.69044E+15,4.93838E+16
157937,8,1,17,60,2018,9,13,2,3,5,3,0,0,1,0,0,0,1,0,5.42571E+20,5.38848E+21,9.57796E+15,4.86479E+16
157938,8,2,21,0,2018,9,14,5,3,1,5,0,1,1,0,0,0,0,0,4.77479E+20,5.46989E+21,8.68972E+15,4.93813E+16
157939,8,1,17,60,2018,9,15,2,3,5,3,0,1,1,0,0,0,0,0,5.42056E+20,5.38874E+21,9.57101E+15,4.86503E+16
157940,8,2,16,15,2018,9,15,5,3,9,7,0,0,0,0,0,0,1,0,4.50052E+20,5.40623E+21,8.31974E+15,4.88071E+16
157941,8,1,16,78,2018,9,16,2,3,3,2,0,1,0,0,0,1,0,0,5.13532E+20,5.39369E+21,9.18389E+15,4.86961E+16
157942,8,1,16,77,2018,9,16,2,3,5,3,0,0,1,0,0,0,0,0,5.16306E+20,5.39176E+21,9.22151E+15,4.86787E+16
157943,8,2,16,43,2018,9,22,5,3,4,3,2,0,1,0,1,0,0,1,4.40691E+20,5.41269E+21,8.19133E+15,4.88643E+16
157944,8,2,16,43,2018,9,10,5,3,1,7,0,0,1,0,0,0,0,0,4.41336E+20,5.41214E+21,8.20019E+15,4.88594E+16
157945,8,1,16,19,2018,9,15,2,3,1,5,0,0,1,0,0,0,0,0,5.22188E+20,5.39735E+21,9.30172E+15,4.87288E+16