OBJECTID_1,ULAND,UREGBEZ,UKREIS,UGEMEINDE,UJAHR,UMONAT,USTUNDE,UWOCHENTAG,UKATEGORIE,UART,UTYP1,ULICHTVERH,IstRad,IstPKW,IstFuss,IstKrad,IstGkfz,IstSonstig,STRZUSTAND,LINREFX,LINREFY,XGCSWGS84,YGCSWGS84
157946,8,2,15,59,2018,9,14,5,3,5,3,0,0,1,0,0,0,0,0,4.83334E+20,5.43654E+21,8.77177E+15,4.90815E+16
157947,8,1,15,45,2018,9,22,2,3,5,3,2,1,1,0,0,0,0,0,4.99679E+20,5.39526E+21,8.99564E+15,4.87104E+16
157948,8,1,36,68,2018,9,5,5,3,7,7,2,0,0,0,1,0,1,0,5.97645E+20,5.4302E+21,1.03355E+16,4.90169E+16
157949,8,1,36,28,2018,9,13,5,2,6,1,0,0,1,1,0,0,0,0,5.69017E+20,5.40489E+21,9.93971E+15,4.87931E+16
157950,8,1,28,7,2018,9,11,5,3,0,1,0,1,0,0,0,0,0,0,5.56222E+20,5.4822E+21,9.77632E+15,4.94899E+16
157951,8,1,15,41,2018,9,10,2,2,0,1,0,1,0,0,0,0,0,0,4.95738E+20,5.4021E+21,8.942E+15,4.87719E+16
157952,8,1,27,14,2018,9,11,5,3,4,6,0,0,1,0,0,0,0,0,5.78969E+20,5.44318E+21,1.00826E+16,4.91363E+16
157953,8,1,15,3,2018,9,17,2,3,1,6,0,0,1,0,0,0,0,0,4.98479E+20,5.39282E+21,8.97933E+15,4.86884E+16
157954,8,1,26,46,2018,9,12,5,2,0,1,0,0,0,0,1,0,0,0,5.48948E+20,5.45726E+21,9.67281E+15,4.92661E+16
157955,8,1,15,3,2018,9,15,2,3,5,3,0,0,1,0,0,0,0,0,4.99089E+20,5.3923E+21,8.98763E+15,4.86838E+16
157956,8,1,11,0,2018,9,19,2,3,5,3,1,0,1,0,1,0,0,0,5.15232E+20,5.40682E+21,9.20748E+15,4.88142E+16
157957,8,1,25,69,2018,9,10,5,3,5,3,0,0,1,0,0,0,0,0,5.24695E+20,5.45388E+21,9.33924E+15,4.92372E+16
157958,8,1,21,0,2018,9,21,5,3,5,3,2,0,1,0,0,0,0,1,5.14861E+20,5.44122E+21,9.20369E+15,4.91237E+16
157959,8,1,11,0,2018,9,5,2,3,3,7,2,0,1,0,1,0,0,0,5.12986E+20,5.40633E+21,9.17688E+15,4.88099E+16
157960,8,1,19,85,2018,9,17,5,3,0,7,0,1,1,0,0,0,0,1,5.28484E+20,5.41341E+21,9.38844E+15,4.8873E+16
157961,8,1,11,0,2018,9,19,2,2,2,7,0,0,1,0,1,0,0,0,5.13985E+20,5.40287E+21,9.19037E+15,4.87787E+16
157962,8,1,18,3,2018,9,16,5,1,0,7,0,0,0,0,0,0,1,0,5.10792E+20,5.41698E+21,9.14727E+15,4.89057E+16
157963,8,1,11,0,2018,9,17,2,3,2,6,0,0,1,0,0,0,1,0,5.14908E+20,5.40733E+21,9.20309E+15,4.88188E+16
157964,8,1,11,0,2018,9,12,2,3,3,6,0,0,1,0,0,0,1,0,5.13463E+20,5.40329E+21,9.18327E+15,4.87825E+16
157965,8,4,35,30,2018,9,16,1,3,5,3,0,1,0,0,0,0,0,0,5.40507E+20,5.2717E+21,9.53885E+15,4.75974E+16
157966,8,1,17,15,2018,9,13,5,3,0,6,0,0,1,0,0,0,0,0,5.60796E+20,5.3931E+21,9.82605E+15,4.8688E+16
157967,8,4,35,29,2018,9,19,1,2,5,2,1,1,1,0,0,0,0,0,5.44689E+20,5.27174E+21,9.59447E+15,4.75975E+16
157968,8,3,36,6,2018,9,11,1,3,6,7,0,0,1,1,0,0,0,0,3.91372E+20,5.28722E+21,7.55133E+15,4.77292E+16
157969,8,1,17,19,2018,9,11,5,3,3,3,0,0,1,0,0,0,0,0,5.5044E+20,5.39434E+21,9.68551E+15,4.87E+16
157970,8,1,17,24,2018,9,20,5,2,4,6,1,1,1,0,0,0,0,0,5.60123E+20,5.38545E+21,9.81581E+15,4.86192E+16
157971,8,3,36,50,2018,9,19,1,3,0,1,0,1,0,0,0,0,0,0,3.99139E+20,5.27406E+21,7.65791E+15,4.76121E+16
157972,8,1,16,71,2018,9,12,5,2,5,3,0,0,1,0,1,0,0,0,5.29014E+20,5.39062E+21,9.39406E+15,4.8668E+16
157973,8,3,35,22,2018,9,17,1,3,8,1,0,1,0,0,0,0,0,0,4.84075E+20,5.3002E+21,8.78711E+15,4.78549E+16
157974,8,1,16,19,2018,9,18,5,3,5,3,0,0,1,0,0,0,0,1,5.22079E+20,5.39798E+21,9.30027E+15,4.87344E+16
157975,8,3,15,76,2018,9,12,1,3,5,3,0,1,1,0,0,0,0,0,3.92533E+20,5.29765E+21,7.56422E+15,4.78232E+16
157976,8,1,15,4,2018,9,17,5,3,5,3,0,1,1,0,0,0,0,0,4.88255E+20,5.37451E+21,8.84093E+15,4.85236E+16
157977,8,1,11,0,2018,9,19,5,3,5,2,1,0,1,0,0,0,1,1,5.14397E+20,5.40409E+21,9.19601E+15,4.87896E+16
157978,8,3,11,0,2018,9,17,1,3,0,1,0,1,0,0,0,0,0,0,4.14104E+20,5.31641E+21,7.84861E+15,4.79952E+16
157979,8,1,11,0,2018,9,7,5,2,5,7,0,1,0,0,0,0,0,0,5.13232E+20,5.40274E+21,9.1801E+15,4.87775E+16
157980,8,1,11,0,2018,9,19,5,3,2,6,2,0,1,0,0,0,0,1,5.12677E+20,5.40187E+21,9.17252E+15,4.87697E+16
157981,8,4,36,52,2018,9,13,4,2,8,1,0,1,0,0,0,0,0,0,5.60805E+20,5.29224E+21,9.8117E+15,4.77806E+16
157982,8,3,11,0,2018,9,16,1,3,0,1,0,1,0,0,0,0,0,0,4.12806E+20,5.31467E+21,7.83157E+15,4.79794E+16
157983,8,2,12,0,2018,9,15,1,3,0,7,0,0,0,0,1,0,1,0,4.54021E+20,5.42805E+21,8.37133E+15,4.90036E+16
157984,8,1,19,1,2018,9,14,4,3,0,1,0,1,0,0,0,0,0,0,5.47674E+20,5.41211E+21,9.64998E+15,4.88601E+16
157985,8,2,12,0,2018,9,17,1,3,5,3,0,0,0,0,0,0,1,0,4.5117E+20,5.42639E+21,8.33255E+15,4.89885E+16
157986,8,4,36,52,2018,9,6,4,3,1,5,1,1,1,0,0,0,0,0,5.65678E+20,5.29333E+21,9.87691E+15,4.779E+16
157987,8,2,31,0,2018,9,10,1,3,2,6,0,0,1,0,0,0,0,0,4.78874E+20,5.41572E+21,8.71178E+15,4.8894E+16
157988,8,4,35,29,2018,9,17,4,3,6,4,0,0,1,1,0,0,0,0,5.4494E+20,5.27071E+21,9.59771E+15,4.75883E+16
157989,8,2,26,31,2018,9,2,1,3,1,1,2,0,1,0,0,0,0,0,4.75153E+20,5.49322E+21,8.6562E+15,4.95911E+16
157990,8,2,22,0,2018,9,22,1,2,0,7,2,1,0,0,0,0,0,0,4.59885E+20,5.4881E+21,8.44549E+15,4.95441E+16
157991,8,4,35,16,2018,9,8,4,3,3,2,0,1,1,0,0,0,0,0,5.3116E+20,5.27959E+21,9.41507E+15,4.7669E+16
157992,8,4,26,21,2018,9,9,4,2,5,3,0,1,1,0,0,0,0,0,5.59742E+20,5.32789E+21,9.80245E+15,4.81014E+16
157993,8,2,16,7,2018,9,14,1,3,6,4,0,1,0,1,0,0,0,0,4.36626E+20,5.39414E+21,8.13877E+15,4.86971E+16
157994,8,4,16,41,2018,9,16,4,2,1,5,0,1,1,0,0,0,0,0,5.04056E+20,5.37246E+21,9.05491E+15,4.85053E+16
157995,8,2,15,106,2018,9,18,1,3,0,7,0,1,0,0,0,0,0,0,4.65463E+20,5.4531E+21,8.52563E+15,4.92297E+16
157996,8,4,16,41,2018,9,11,4,3,1,5,0,0,1,0,0,0,0,0,5.044E+20,5.37403E+21,9.05958E+15,4.85193E+16
157997,8,2,15,99,2018,9,20,1,3,5,3,2,0,1,0,0,0,0,0,4.63787E+20,5.44699E+21,8.50316E+15,4.91747E+16
157998,8,2,15,84,2018,9,14,1,3,5,3,0,1,1,0,0,0,0,0,4.73826E+20,5.44788E+21,8.64083E+15,4.91832E+16
157999,8,4,15,61,2018,9,11,4,3,0,1,0,1,0,0,0,0,0,0,5.16305E+20,5.37146E+21,9.22071E+15,4.84961E+16
158000,8,2,12,0,2018,9,18,1,3,1,5,0,1,1,0,0,0,0,0,4.54685E+20,5.42885E+21,8.38031E+15,4.90109E+16
158001,8,4,15,91,2018,9,15,4,3,9,7,0,0,1,1,0,0,0,0,5.16038E+20,5.35742E+21,9.21656E+15,4.83697E+16
158002,8,2,12,0,2018,9,15,1,2,6,7,0,0,1,1,0,0,0,0,4.53313E+20,5.42894E+21,8.36155E+15,4.90116E+16
158003,8,2,12,0,2018,9,12,1,3,6,4,0,0,1,1,0,0,0,0,4.51383E+20,5.42686E+21,8.3354E+15,4.89928E+16
158004,8,3,36,81,2018,9,11,4,3,3,6,0,1,1,0,0,0,0,0,4.10556E+20,5.27779E+21,7.80904E+15,4.76474E+16
158005,8,3,26,74,2018,9,1,4,3,1,5,2,0,1,0,0,0,0,0,4.66228E+20,5.32354E+21,8.54671E+15,4.80642E+16
158006,8,1,21,0,2018,9,16,1,3,6,4,0,1,0,1,0,0,0,0,5.16678E+20,5.44348E+21,9.22868E+15,4.91439E+16
158007,8,2,37,28,2018,9,19,4,3,0,1,0,0,0,0,1,0,0,0,4.56985E+20,5.36813E+21,8.4181E+15,4.84648E+16
158008,8,1,19,85,2018,9,17,1,3,6,4,0,1,0,1,0,0,0,0,5.29145E+20,5.41343E+21,9.39746E+15,4.88731E+16
158009,8,3,17,65,2018,9,14,4,3,3,6,0,1,1,0,0,0,0,0,4.14631E+20,5.35498E+21,7.84793E+15,4.83422E+16
158010,8,1,19,91,2018,9,1,1,3,1,1,2,0,1,0,0,0,0,0,5.27827E+20,5.40799E+21,9.37912E+15,4.88242E+16
158011,8,3,17,65,2018,9,12,4,3,0,7,0,1,0,0,0,0,0,0,4.15671E+20,5.3547E+21,7.86202E+15,4.83398E+16
158012,8,1,19,85,2018,9,18,1,3,1,1,0,0,1,0,1,0,0,0,5.31067E+20,5.41481E+21,9.42377E+15,4.88854E+16
158013,8,1,19,55,2018,9,18,1,3,3,6,0,1,1,0,0,0,0,0,5.44061E+20,5.40479E+21,9.59994E+15,4.87945E+16
158014,8,3,17,65,2018,9,13,4,2,0,6,0,0,1,1,0,0,0,0,4.15494E+20,5.35236E+21,7.86009E+15,4.83188E+16
158015,8,3,16,56,2018,9,13,4,3,2,6,0,0,1,0,1,0,0,0,4.23484E+20,5.32826E+21,7.9722E+15,4.8103E+16
158016,8,1,19,24,2018,9,11,1,2,0,6,0,1,0,0,0,0,1,0,5.4162E+20,5.43289E+21,9.56957E+15,4.90475E+16
158017,8,3,16,20,2018,9,11,4,3,5,3,0,1,1,0,0,0,0,0,4.08448E+20,5.33604E+21,7.7686E+15,4.8171E+16
158018,8,1,18,54,2018,9,16,1,3,6,4,0,1,0,1,0,0,0,0,5.18817E+20,5.42318E+21,9.25707E+15,4.89612E+16
158019,8,1,18,79,2018,9,13,1,3,0,7,0,1,0,0,0,0,0,0,5.08542E+20,5.42266E+21,9.11668E+15,4.89568E+16
158020,8,3,15,7,2018,9,18,4,3,2,1,0,0,1,0,1,0,0,0,3.99569E+20,5.29485E+21,7.65885E+15,4.77992E+16
158021,8,3,15,131,2018,9,17,4,3,5,3,0,0,1,0,0,0,0,0,4.04988E+20,5.30855E+21,7.72817E+15,4.79232E+16
158022,8,1,16,72,2018,9,17,1,2,0,1,0,1,0,0,0,0,0,0,5.30335E+20,5.39366E+21,9.41223E+15,4.86952E+16
158023,8,3,11,0,2018,9,14,4,2,4,1,0,1,0,0,0,0,1,0,4.13744E+20,5.31648E+21,7.84377E+15,4.79958E+16
158024,8,1,16,33,2018,9,17,1,3,5,3,0,1,1,0,0,0,0,0,5.35641E+20,5.38754E+21,9.4838E+15,4.86399E+16
158025,8,3,11,0,2018,9,18,4,3,4,6,0,1,1,0,0,0,0,0,4.13721E+20,5.31608E+21,7.84355E+15,4.79922E+16
158026,8,4,25,130,2018,9,13,7,3,6,7,0,0,1,1,0,0,0,0,5.73615E+20,5.37804E+21,9.99753E+15,4.85511E+16
158027,8,3,11,0,2018,9,7,4,3,0,3,0,1,0,0,0,0,0,0,4.09724E+20,5.31735E+21,7.78972E+15,4.80031E+16
158028,8,4,35,16,2018,9,17,7,2,5,3,0,1,0,0,0,0,0,0,5.35255E+20,5.27784E+21,9.46948E+15,4.7653E+16
158029,8,4,36,5,2018,9,15,7,3,5,3,0,0,1,0,1,0,0,0,5.40574E+20,5.30856E+21,9.54317E+15,4.79291E+16
158030,8,2,12,0,2018,9,23,4,3,5,2,2,1,1,0,0,0,0,0,4.55765E+20,5.42883E+21,8.39509E+15,4.90108E+16
158031,8,4,36,64,2018,9,18,7,3,0,7,0,1,0,0,0,0,0,0,5.44992E+20,5.29046E+21,9.60044E+15,4.7766E+16
158032,8,2,36,76,2018,9,12,4,3,6,7,0,0,1,1,0,0,0,0,4.70331E+20,5.42332E+21,8.59468E+15,4.89621E+16
158033,8,4,25,20,2018,9,18,7,3,2,7,0,1,1,0,0,0,0,0,5.58003E+20,5.3628E+21,9.78389E+15,4.84157E+16
158034,8,2,26,63,2018,9,4,4,3,5,3,2,1,1,0,0,0,0,0,4.7109E+20,5.47136E+21,8.60159E+15,4.93942E+16
158035,8,4,16,36,2018,9,17,7,2,0,7,0,1,0,0,0,0,0,0,4.97956E+20,5.36954E+21,8.97234E+15,4.8479E+16
158036,8,2,25,58,2018,9,12,4,3,2,6,0,0,1,0,1,0,0,0,5.09975E+20,5.46619E+21,9.13734E+15,4.93483E+16
158037,8,4,15,91,2018,9,13,7,3,8,6,0,0,1,0,1,0,0,0,5.16096E+20,5.36245E+21,9.21753E+15,4.8415E+16
158038,8,2,22,0,2018,9,16,4,3,2,6,0,0,1,0,0,0,0,0,4.62843E+20,5.48612E+21,8.48655E+15,4.95266E+16
158039,8,2,22,0,2018,9,22,4,3,1,5,2,0,1,0,0,0,0,0,4.61685E+20,5.48835E+21,8.47033E+15,4.95466E+16
158040,8,3,37,66,2018,9,19,7,3,6,4,0,0,1,1,0,0,0,0,4.30473E+20,5.26833E+21,8.07569E+15,4.75646E+16
158041,8,3,36,6,2018,9,13,7,3,0,1,0,1,0,0,0,0,0,0,3.91389E+20,5.28534E+21,7.55201E+15,4.77123E+16
158042,8,2,22,0,2018,9,20,4,3,6,2,0,0,0,1,0,0,1,0,4.61635E+20,5.48243E+21,8.47022E+15,4.94933E+16
158043,8,3,36,105,2018,9,19,7,3,4,6,0,1,0,0,0,0,0,0,4.00035E+20,5.26726E+21,7.67138E+15,4.75511E+16
158044,8,2,21,0,2018,9,11,4,3,3,2,0,1,1,0,0,0,0,0,4.77634E+20,5.47224E+21,8.69173E+15,4.94024E+16
158045,8,3,35,63,2018,9,16,7,3,5,2,0,0,1,0,1,0,0,0,4.97475E+20,5.28707E+21,8.96632E+15,4.7737E+16
158046,8,2,21,0,2018,9,7,4,3,5,7,0,0,1,0,0,0,1,0,4.76422E+20,5.47168E+21,8.67505E+15,4.93974E+16
158047,8,3,17,96,2018,9,20,7,3,0,7,1,1,0,0,0,0,0,0,4.21724E+20,5.36931E+21,7.94095E+15,4.8472E+16
158048,8,3,16,20,2018,9,16,7,3,2,6,0,0,1,0,1,0,0,0,4.08262E+20,5.33795E+21,7.76569E+15,4.81882E+16
158049,8,2,21,0,2018,9,17,4,2,0,7,0,1,0,0,0,0,0,0,4.75395E+20,5.47398E+21,8.66075E+15,4.9418E+16
158050,8,2,15,99,2018,9,23,4,3,9,1,2,0,0,0,1,0,0,0,4.62632E+20,5.44501E+21,8.4875E+15,4.91567E+16
158051,8,3,15,6,2018,9,17,7,2,5,3,0,1,1,0,0,0,0,0,4.03493E+20,5.30678E+21,7.70857E+15,4.7907E+16
158052,8,2,15,106,2018,9,19,4,3,4,1,1,0,1,0,0,0,0,0,4.65214E+20,5.45126E+21,8.52237E+15,4.92131E+16
158053,8,3,15,108,2018,9,13,7,3,6,7,0,0,1,1,0,0,0,0,4.05054E+20,5.30406E+21,7.73005E+15,4.78828E+16
158054,8,3,11,0,2018,9,15,7,3,5,6,0,0,1,0,0,0,0,0,4.12639E+20,5.31783E+21,7.82868E+15,4.80078E+16
158055,8,1,36,88,2018,9,13,4,3,2,6,0,0,1,0,0,1,0,0,5.77696E+20,5.40837E+21,1.00585E+16,4.88235E+16
158056,8,1,27,71,2018,9,16,4,2,0,2,0,0,1,0,1,0,0,0,5.71212E+20,5.45404E+21,9.97822E+15,4.9235E+16
158057,8,2,12,0,2018,9,14,7,3,5,3,0,1,0,0,0,0,1,0,4.51477E+20,5.42702E+21,8.33667E+15,4.89942E+16
158058,8,1,25,1,2018,9,8,4,3,5,3,0,1,1,0,0,0,0,0,5.21895E+20,5.4352E+21,9.29976E+15,4.90692E+16
158059,8,2,12,0,2018,9,17,7,3,6,6,0,0,1,1,0,0,0,0,4.5501E+20,5.42697E+21,8.38497E+15,4.8994E+16
158060,8,1,17,26,2018,9,8,4,3,0,7,0,0,0,1,0,0,1,0,5.48349E+20,5.39441E+21,9.6571E+15,4.87008E+16
158061,8,2,12,0,2018,9,22,7,3,0,7,2,1,0,0,0,0,0,0,4.6061E+20,5.42716E+21,8.46151E+15,4.89961E+16
158062,8,1,17,42,2018,9,16,4,3,4,3,0,0,1,0,0,0,0,0,5.53525E+20,5.39302E+21,9.72726E+15,4.86879E+16
158063,8,2,37,4,2018,9,12,7,3,0,7,0,0,1,0,1,0,0,0,4.55752E+20,5.37606E+21,8.40058E+15,4.85361E+16
158064,8,2,31,0,2018,9,19,7,3,4,6,0,1,1,0,0,0,0,0,4.76123E+20,5.41339E+21,8.67438E+15,4.8873E+16
158065,8,1,16,56,2018,9,15,4,3,2,6,0,0,1,0,0,0,0,0,5.30349E+20,5.39565E+21,9.41257E+15,4.87131E+16
158066,8,1,15,45,2018,9,14,4,3,5,3,0,0,1,0,0,0,0,0,4.98399E+20,5.39317E+21,8.97825E+15,4.86915E+16
158067,8,2,31,0,2018,9,22,7,3,0,7,1,1,0,0,1,0,1,1,4.75919E+20,5.41471E+21,8.67153E+15,4.88848E+16
158068,8,1,11,0,2018,9,8,4,3,5,3,0,1,1,0,0,0,0,0,5.11174E+20,5.39555E+21,9.15191E+15,4.87129E+16
158069,8,2,26,49,2018,9,12,7,3,2,2,0,0,1,0,1,0,0,0,4.86459E+20,5.46296E+21,8.81367E+15,4.93193E+16
158070,8,1,11,0,2018,9,10,4,3,5,3,0,0,1,0,0,0,1,0,5.14226E+20,5.4036E+21,9.19366E+15,4.87853E+16
158071,8,1,11,0,2018,9,20,4,3,2,7,1,0,1,0,1,0,0,0,5.12855E+20,5.40298E+21,9.17498E+15,4.87797E+16
158072,8,2,25,115,2018,9,20,7,3,5,3,2,0,1,0,1,0,0,0,5.20673E+20,5.47372E+21,9.28503E+15,4.94158E+16
158073,8,1,11,0,2018,9,14,4,3,0,7,0,0,0,1,0,1,0,0,5.15397E+20,5.3955E+21,9.2093E+15,4.87124E+16
158074,8,2,22,0,2018,9,13,7,3,5,3,0,0,1,0,0,0,0,0,4.64397E+20,5.47809E+21,8.50875E+15,4.94544E+16
158075,8,3,35,28,2018,9,16,3,3,4,6,0,0,1,0,1,0,0,0,4.8342E+20,5.28696E+21,8.77886E+15,4.77358E+16
158076,8,2,16,43,2018,9,18,7,3,0,7,0,1,0,0,0,0,0,0,4.42717E+20,5.4106E+21,8.21923E+15,4.88457E+16
158077,8,2,15,99,2018,9,14,7,3,5,3,0,1,1,0,0,0,0,0,4.63034E+20,5.44598E+21,8.49292E+15,4.91656E+16
158078,8,1,36,29,2018,9,10,3,3,8,1,0,0,0,0,1,0,0,1,5.68654E+20,5.41103E+21,9.93581E+15,4.88484E+16
158079,8,4,21,0,2018,9,17,3,2,1,1,0,0,1,0,1,0,0,0,5.71E+20,5.36215E+21,9.9594E+15,4.84085E+16
158080,8,2,15,99,2018,9,13,7,3,8,7,0,0,0,0,1,0,0,0,4.62988E+20,5.4456E+21,8.49232E+15,4.91621E+16
158081,8,4,21,0,2018,9,8,3,3,5,3,0,1,1,0,0,0,0,0,5.70793E+20,5.36107E+21,9.95643E+15,4.83988E+16
158082,8,2,15,90,2018,9,12,7,3,1,5,0,0,1,0,1,0,0,0,4.65542E+20,5.43345E+21,8.52839E+15,4.9053E+16
158083,8,3,17,110,2018,9,16,3,3,8,7,0,1,0,0,0,0,0,0,4.27489E+20,5.38227E+21,8.01668E+15,4.85893E+16
158084,8,2,15,109,2018,9,12,7,3,0,7,0,1,1,0,0,0,0,0,4.60985E+20,5.4328E+21,8.46608E+15,4.90469E+16
158085,8,3,15,70,2018,9,17,3,2,5,2,0,0,1,0,1,0,0,0,4.50883E+20,5.30324E+21,8.34307E+15,4.78806E+16
158086,8,1,35,26,2018,9,12,7,3,4,6,0,0,1,0,0,0,0,0,5.95149E+20,5.39837E+21,1.02939E+16,4.87311E+16
158087,8,1,35,19,2018,9,19,7,3,5,2,0,0,1,0,1,0,0,0,5.84932E+20,5.3925E+21,1.01538E+16,4.86798E+16
158088,8,1,35,19,2018,9,9,7,2,5,7,0,0,0,0,1,0,1,0,5.8542E+20,5.39542E+21,1.01611E+16,4.8706E+16
158089,8,3,15,130,2018,9,18,3,3,4,7,0,0,1,0,0,0,0,0,4.08724E+20,5.30094E+21,7.77978E+15,4.78554E+16
158090,8,1,25,102,2018,9,12,7,3,0,1,0,0,0,0,1,0,0,0,5.21606E+20,5.44314E+21,9.29623E+15,4.91407E+16
158091,8,1,25,7,2018,9,12,7,3,5,2,0,0,1,0,0,0,0,0,5.11021E+20,5.4526E+21,9.15137E+15,4.9226E+16
158092,8,3,11,0,2018,9,16,3,3,6,7,0,0,1,1,0,0,0,0,4.14294E+20,5.3167E+21,7.85109E+15,4.79979E+16
158093,8,3,11,0,2018,9,16,3,3,2,6,0,0,1,0,0,0,0,0,4.11861E+20,5.3152E+21,7.81879E+15,4.79841E+16
158094,8,1,19,85,2018,9,2,7,3,0,1,2,1,0,0,0,0,0,0,5.2945E+20,5.41306E+21,9.40159E+15,4.88698E+16
158095,8,3,11,0,2018,9,11,3,3,5,3,0,0,1,0,0,0,0,0,4.13781E+20,5.31599E+21,7.84436E+15,4.79914E+16
158096,8,1,19,79,2018,9,12,7,3,0,1,0,0,0,0,1,0,0,0,5.23619E+20,5.41233E+21,9.32204E+15,4.88635E+16
158097,8,2,37,19,2018,9,12,3,3,9,3,0,0,1,0,1,0,0,0,4.63024E+20,5.3687E+21,8.49975E+15,4.84704E+16
158098,8,1,19,67,2018,9,15,7,2,1,1,0,1,1,0,0,0,0,0,5.38105E+20,5.40583E+21,9.51894E+15,4.88043E+16
158099,8,2,26,82,2018,9,7,3,3,5,3,1,1,1,0,0,0,0,1,4.74854E+20,5.48016E+21,8.6529E+15,4.94736E+16
158100,8,2,22,0,2018,9,10,3,3,2,6,0,0,1,0,0,0,0,0,4.62645E+20,5.48104E+21,8.4843E+15,4.94808E+16
158101,8,1,18,71,2018,9,17,7,3,6,4,0,0,1,1,0,0,0,0,5.09684E+20,5.4187E+21,9.1322E+15,4.89212E+16
158102,8,2,22,0,2018,9,14,3,3,2,6,0,0,1,0,0,0,0,0,4.60655E+20,5.4823E+21,8.4567E+15,4.94921E+16
158103,8,1,17,18,2018,9,8,7,3,6,4,0,0,1,1,0,0,0,0,5.38538E+20,5.39574E+21,9.52389E+15,4.87135E+16
158104,8,2,22,0,2018,9,18,3,3,0,6,0,1,1,0,0,0,0,0,4.6138E+20,5.48168E+21,8.46677E+15,4.94865E+16
158105,8,2,21,0,2018,9,10,3,3,0,1,0,1,0,0,0,0,0,1,4.77389E+20,5.4719E+21,8.68836E+15,4.93993E+16
158106,8,1,17,26,2018,9,3,7,3,6,4,2,0,1,1,0,0,0,0,5.48307E+20,5.39487E+21,9.65658E+15,4.8705E+16
158107,8,2,16,43,2018,9,17,3,3,2,6,0,0,1,0,0,0,0,0,4.44387E+20,5.41213E+21,8.24179E+15,4.88597E+16
158108,8,1,16,33,2018,9,22,7,3,0,1,2,0,0,0,1,0,0,0,5.33219E+20,5.38923E+21,9.45107E+15,4.86552E+16
158109,8,2,16,43,2018,9,21,3,3,5,3,2,1,0,0,0,0,0,0,4.40317E+20,5.41231E+21,8.18628E+15,4.88609E+16
158110,8,1,11,0,2018,9,9,7,3,5,2,0,1,1,0,0,0,0,0,5.15531E+20,5.40773E+21,9.21159E+15,4.88224E+16
158111,8,1,11,0,2018,9,9,7,3,1,7,0,0,1,0,1,0,0,0,5.10782E+20,5.4025E+21,9.14675E+15,4.87754E+16
158112,8,2,12,0,2018,9,21,3,3,0,1,2,1,0,0,0,0,0,0,4.56087E+20,5.43157E+21,8.39919E+15,4.90355E+16
158113,8,2,11,0,2018,9,6,3,3,5,3,1,1,1,0,0,0,0,0,4.39975E+20,5.4034E+21,8.18293E+15,4.87807E+16
158114,8,1,11,0,2018,9,14,7,3,6,4,0,0,1,1,1,0,0,0,5.15212E+20,5.40286E+21,9.20706E+15,4.87786E+16
158115,8,1,35,19,2018,9,11,3,3,2,6,0,0,1,0,0,0,0,1,5.84902E+20,5.39329E+21,1.01536E+16,4.86869E+16
158116,8,1,11,0,2018,9,18,7,3,2,7,0,0,1,0,1,0,0,0,5.17159E+20,5.39939E+21,9.23342E+15,4.87473E+16
158117,8,1,21,0,2018,9,18,3,3,0,7,0,0,1,0,0,0,0,0,5.13424E+20,5.448E+21,9.18422E+15,4.91847E+16
158118,8,1,11,0,2018,9,15,7,3,6,7,0,0,1,1,0,0,0,0,5.14011E+20,5.40278E+21,9.19071E+15,4.87779E+16
158119,8,1,21,0,2018,9,16,3,3,5,3,0,0,1,0,0,0,0,0,5.13782E+20,5.44194E+21,9.18891E+15,4.91302E+16
158120,8,3,37,60,2018,9,7,6,3,0,7,0,1,0,0,0,0,0,0,4.68275E+20,5.27773E+21,8.57754E+15,4.76522E+16
158121,8,1,27,25,2018,9,15,6,3,0,1,0,0,0,0,1,0,0,0,5.55862E+20,5.42756E+21,9.76371E+15,4.89985E+16
158122,8,1,19,85,2018,9,14,3,3,5,3,0,0,1,0,0,0,0,0,5.28723E+20,5.41363E+21,9.39172E+15,4.8875E+16
158123,8,1,36,65,2018,9,11,6,2,0,1,0,1,0,0,0,0,0,1,5.56274E+20,5.40418E+21,9.76614E+15,4.8788E+16
158124,8,1,19,8,2018,9,20,3,2,4,6,0,0,1,0,1,0,0,0,5.32029E+20,5.42034E+21,9.43733E+15,4.89351E+16
158125,8,4,21,0,2018,9,18,6,3,5,3,0,1,1,0,0,0,0,0,5.72238E+20,5.36142E+21,9.976E+15,4.84018E+16
158126,8,4,17,31,2018,9,14,6,3,0,7,0,1,0,0,0,0,0,0,4.97089E+20,5.35524E+21,8.96071E+15,4.83503E+16
158127,8,1,18,46,2018,9,16,3,3,0,7,0,1,1,1,0,0,0,0,5.13614E+20,5.41236E+21,9.18563E+15,4.88641E+16
158128,8,1,18,80,2018,9,9,3,3,6,7,0,0,1,1,0,0,0,0,5.09276E+20,5.40825E+21,9.12638E+15,4.88272E+16
158129,8,4,16,41,2018,9,13,6,3,0,7,0,0,0,0,0,0,1,0,5.03824E+20,5.37442E+21,9.05179E+15,4.85228E+16
158130,8,1,18,79,2018,9,19,3,3,0,7,0,0,0,0,1,0,0,0,5.09978E+20,5.42174E+21,9.13628E+15,4.89485E+16
158131,8,4,15,61,2018,9,15,6,3,2,6,0,0,1,0,1,0,0,0,5.13956E+20,5.37241E+21,9.18894E+15,4.85047E+16
158132,8,1,16,49,2018,9,10,3,3,1,1,0,0,1,0,0,0,0,0,5.2846E+20,5.38594E+21,9.38621E+15,4.86259E+16