OBJECTID_1,ULAND,UREGBEZ,UKREIS,UGEMEINDE,UJAHR,UMONAT,USTUNDE,UWOCHENTAG,UKATEGORIE,UART,UTYP1,ULICHTVERH,IstRad,IstPKW,IstFuss,IstKrad,IstGkfz,IstSonstig,STRZUSTAND,LINREFX,LINREFY,XGCSWGS84,YGCSWGS84
158320,8,1,19,55,2018,9,15,5,3,0,7,0,1,0,0,0,0,1,0,5.43685E+20,5.40473E+21,9.59481E+15,4.8794E+16
158321,8,1,18,67,2018,9,7,3,3,5,3,0,1,1,0,0,0,0,0,5.06314E+20,5.41325E+21,9.08611E+15,4.88722E+16
158322,8,1,19,67,2018,9,18,5,3,2,6,1,0,1,0,0,0,0,1,5.39855E+20,5.40978E+21,9.54315E+15,4.88397E+16
158323,8,1,18,48,2018,9,14,3,3,3,6,0,1,1,0,0,0,0,0,5.1318E+20,5.41595E+21,9.17982E+15,4.88964E+16
158324,8,1,18,46,2018,9,16,3,3,2,6,0,0,1,0,0,0,0,0,5.13185E+20,5.41237E+21,9.17978E+15,4.88642E+16
158325,8,1,19,20,2018,9,19,5,3,5,3,1,0,1,0,1,0,0,1,5.20094E+20,5.40752E+21,9.27374E+15,4.88203E+16
158326,8,1,19,3,2018,9,14,5,3,0,7,0,0,1,0,0,0,0,0,5.35494E+20,5.4169E+21,9.48434E+15,4.8904E+16
158327,8,1,18,80,2018,9,17,3,3,5,3,0,0,1,0,0,0,0,0,5.08885E+20,5.40871E+21,9.12106E+15,4.88313E+16
158328,8,1,18,71,2018,9,13,5,3,5,3,0,0,1,0,0,0,1,0,5.089E+20,5.41905E+21,9.12149E+15,4.89244E+16
158329,8,1,17,26,2018,9,16,3,3,5,3,0,0,1,0,0,0,0,0,5.48441E+20,5.39441E+21,9.65835E+15,4.87008E+16
158330,8,1,18,46,2018,9,16,5,3,6,4,0,0,0,1,1,0,0,0,5.13251E+20,5.41218E+21,9.18067E+15,4.88624E+16
158331,8,1,16,35,2018,9,14,5,2,6,4,0,0,1,1,0,0,0,0,5.26735E+20,5.39252E+21,9.36324E+15,4.86852E+16
158332,8,1,36,79,2018,9,16,3,3,9,1,0,0,1,0,0,0,0,0,5.58012E+20,5.39744E+21,9.78884E+15,4.87273E+16
158333,8,1,16,33,2018,9,13,5,2,0,1,0,0,1,0,0,0,0,0,5.33099E+20,5.38826E+21,9.44935E+15,4.86465E+16
158334,8,1,17,51,2018,9,16,3,3,6,4,0,0,1,1,0,0,0,0,5.42914E+20,5.3948E+21,9.58328E+15,4.87048E+16
158335,8,1,16,19,2018,9,18,5,3,5,3,0,1,1,0,0,0,0,0,5.25057E+20,5.39613E+21,9.34066E+15,4.87177E+16
158336,8,1,16,77,2018,9,7,3,3,5,3,1,0,1,0,0,0,0,0,5.14005E+20,5.38925E+21,9.19017E+15,4.86561E+16
158337,8,1,16,77,2018,9,17,3,3,8,7,0,0,0,0,1,0,0,0,5.17385E+20,5.39107E+21,9.23614E+15,4.86725E+16
158338,8,1,16,19,2018,9,16,5,3,3,6,0,1,0,0,0,0,1,0,5.21648E+20,5.39771E+21,9.29439E+15,4.8732E+16
158339,8,1,15,21,2018,9,21,5,3,1,5,2,0,1,0,0,0,1,0,4.89469E+20,5.38345E+21,8.85715E+15,4.8604E+16
158340,8,1,16,77,2018,9,17,3,3,5,2,0,1,1,0,0,0,0,0,5.15366E+20,5.3885E+21,9.20862E+15,4.86493E+16
158341,8,1,15,3,2018,9,9,5,3,0,7,0,1,0,0,0,0,1,1,4.98814E+20,5.39176E+21,8.98388E+15,4.86789E+16
158342,8,1,16,15,2018,9,17,3,3,0,7,0,0,0,0,1,0,0,0,5.23761E+20,5.39355E+21,9.32289E+15,4.86945E+16
158343,8,1,15,3,2018,9,8,5,3,0,7,0,1,0,0,0,0,1,1,4.98818E+20,5.39175E+21,8.98394E+15,4.86788E+16
158344,8,1,15,45,2018,9,16,3,3,5,2,0,0,1,0,0,0,0,0,4.99953E+20,5.39639E+21,8.99936E+15,4.87206E+16
158345,8,1,11,0,2018,9,16,5,3,5,3,0,1,1,0,0,0,0,0,5.08703E+20,5.39942E+21,9.1184E+15,4.87477E+16
158346,8,1,15,28,2018,9,17,3,3,5,6,0,1,0,0,0,0,0,0,5.01579E+20,5.40355E+21,9.0215E+15,4.8785E+16
158347,8,1,15,3,2018,9,15,3,3,1,7,0,0,1,0,0,0,1,0,5.01415E+20,5.39256E+21,9.01922E+15,4.86861E+16
158348,8,1,11,0,2018,9,16,3,3,5,3,0,1,0,0,1,0,0,0,5.16387E+20,5.40645E+21,9.2232E+15,4.88108E+16
158349,8,1,11,0,2018,9,7,5,2,5,3,0,1,0,0,1,0,0,0,5.12069E+20,5.40103E+21,9.16422E+15,4.87622E+16
158350,8,1,11,0,2018,9,7,3,3,4,2,0,0,1,0,1,0,0,0,5.07995E+20,5.40644E+21,9.10889E+15,4.88109E+16
158351,8,1,11,0,2018,9,18,3,3,6,4,0,0,1,1,0,0,0,0,5.15896E+20,5.40324E+21,9.21639E+15,4.8782E+16
158352,8,1,11,0,2018,9,13,5,3,3,6,0,1,1,0,0,0,0,0,5.18375E+20,5.40143E+21,9.25005E+15,4.87656E+16
158353,8,1,11,0,2018,9,16,5,2,9,7,0,0,0,0,1,0,0,0,5.11682E+20,5.40088E+21,9.15895E+15,4.87609E+16
158354,8,1,11,0,2018,9,8,3,3,5,3,0,0,1,0,0,0,0,0,5.08713E+20,5.39805E+21,9.11849E+15,4.87354E+16
158355,8,1,19,1,2018,9,17,4,3,8,1,0,1,0,0,0,0,0,0,5.475E+20,5.41103E+21,9.64749E+15,4.88504E+16
158356,8,1,11,0,2018,9,17,3,3,5,3,0,0,1,0,0,0,0,0,5.07535E+20,5.39579E+21,9.10244E+15,4.87151E+16
158357,8,4,17,8,2018,9,8,4,3,2,6,0,0,1,0,0,0,1,0,4.9379E+20,5.35099E+21,8.91625E+15,4.8312E+16
158358,8,4,36,8,2018,9,11,2,3,0,7,0,0,1,0,0,0,0,0,5.47581E+20,5.31047E+21,9.63719E+15,4.79458E+16
158359,8,1,36,10,2018,9,13,4,2,6,4,0,0,1,1,0,0,0,0,5.99342E+20,5.41246E+21,1.03543E+16,4.88571E+16
158360,8,4,37,76,2018,9,17,4,2,5,3,0,1,1,0,0,0,0,0,5.24968E+20,5.32209E+21,9.33505E+15,4.80516E+16
158361,8,2,12,0,2018,9,13,2,2,3,2,0,1,0,0,0,0,0,0,4.55903E+20,5.42623E+21,8.39726E+15,4.89874E+16
158362,8,4,37,100,2018,9,14,4,3,7,7,0,1,0,0,0,0,0,0,5.36272E+20,5.31923E+21,9.48649E+15,4.80253E+16
158363,8,4,17,44,2018,9,14,2,3,2,6,0,0,1,0,0,0,0,0,4.96297E+20,5.33543E+21,8.95019E+15,4.81721E+16
158364,8,4,35,59,2018,9,16,4,3,8,1,0,0,0,0,1,0,0,0,5.1361E+20,5.2896E+21,9.18161E+15,4.77596E+16
158365,8,4,21,0,2018,9,12,4,3,5,3,0,0,1,0,0,0,0,0,5.69943E+20,5.35671E+21,9.94422E+15,4.83597E+16
158366,8,4,35,59,2018,9,12,2,3,2,2,0,0,1,0,0,0,0,0,5.12905E+20,5.28988E+21,9.17221E+15,4.77621E+16
158367,8,4,17,31,2018,9,14,4,3,0,7,0,1,0,0,0,0,0,0,4.96893E+20,5.35687E+21,8.95805E+15,4.8365E+16
158368,8,4,35,59,2018,9,9,2,3,1,1,0,1,1,0,0,0,0,0,5.12173E+20,5.29024E+21,9.16245E+15,4.77654E+16
158369,8,4,16,41,2018,9,12,4,3,5,3,0,0,1,0,1,0,0,0,5.04377E+20,5.37479E+21,9.05929E+15,4.85262E+16
158370,8,4,37,100,2018,9,12,2,3,5,3,0,0,1,0,1,0,0,0,5.37795E+20,5.31782E+21,9.50678E+15,4.80125E+16
158371,8,4,26,21,2018,9,7,2,2,5,3,0,1,0,0,0,0,0,0,5.58661E+20,5.32749E+21,9.78788E+15,4.8098E+16
158372,8,4,16,41,2018,9,19,4,3,0,1,0,1,0,0,0,0,0,0,5.0722E+20,5.37688E+21,9.09782E+15,4.8545E+16
158373,8,4,15,61,2018,9,7,4,3,6,4,0,1,0,1,0,0,0,0,5.15893E+20,5.37056E+21,9.21509E+15,4.84879E+16
158374,8,4,15,80,2018,9,12,2,3,0,7,0,1,0,0,0,0,0,0,5.1074E+20,5.3746E+21,9.14546E+15,4.85244E+16
158375,8,4,15,61,2018,9,5,4,3,5,3,2,1,1,0,0,0,0,0,5.13751E+20,5.37199E+21,9.18615E+15,4.85009E+16
158376,8,4,16,22,2018,9,16,2,3,0,7,0,1,0,0,0,0,0,0,5.11204E+20,5.37591E+21,9.15178E+15,4.85362E+16
158377,8,3,37,60,2018,9,18,4,3,5,3,0,1,1,0,0,0,0,0,4.6718E+20,5.27716E+21,8.563E+15,4.7647E+16
158378,8,3,37,96,2018,9,7,2,3,4,3,0,1,1,0,0,0,0,0,4.193E+20,5.2672E+21,7.92738E+15,4.75532E+16
158379,8,3,36,50,2018,9,18,4,3,7,7,0,0,0,1,1,0,0,0,3.99329E+20,5.273E+21,7.66068E+15,4.76026E+16
158380,8,3,27,50,2018,9,7,2,3,2,7,0,0,1,0,1,0,0,0,4.86827E+20,5.31569E+21,8.82343E+15,4.79944E+16
158381,8,3,26,37,2018,9,17,2,3,2,7,0,0,1,0,1,0,0,0,4.57317E+20,5.32788E+21,8.42666E+15,4.81027E+16
158382,8,3,35,100,2018,9,16,4,3,0,1,0,1,0,0,0,0,0,0,4.88082E+20,5.28603E+21,8.84107E+15,4.77276E+16
158383,8,3,26,74,2018,9,16,2,2,3,6,0,1,0,0,0,0,1,0,4.58527E+20,5.32416E+21,8.44328E+15,4.80694E+16
158384,8,3,25,49,2018,9,15,4,3,5,3,0,1,1,0,0,0,0,0,4.72361E+20,5.33366E+21,8.62837E+15,4.81556E+16
158385,8,2,37,28,2018,9,12,2,2,6,4,0,0,1,1,0,0,0,0,4.56759E+20,5.36823E+21,8.41505E+15,4.84657E+16
158386,8,3,17,122,2018,9,19,2,3,0,7,0,1,0,0,0,0,0,0,4.17777E+20,5.36788E+21,7.88784E+15,4.84587E+16
158387,8,3,25,49,2018,9,15,4,2,0,1,0,0,0,0,1,0,0,0,4.72556E+20,5.33412E+21,8.63096E+15,4.81597E+16
158388,8,3,17,96,2018,9,19,4,3,5,2,0,1,0,0,0,0,0,0,4.21745E+20,5.36826E+21,7.94144E+15,4.84626E+16
158389,8,3,17,96,2018,9,12,2,3,8,1,0,1,0,0,0,0,0,0,4.22224E+20,5.36878E+21,7.94781E+15,4.84673E+16
158390,8,3,17,1,2018,9,7,4,3,5,3,0,1,1,0,0,0,0,0,4.29097E+20,5.39026E+21,8.03712E+15,4.86613E+16
158391,8,3,17,96,2018,9,17,2,2,5,2,0,0,1,0,1,0,0,0,4.21185E+20,5.36556E+21,7.93437E+15,4.84383E+16
158392,8,3,16,20,2018,9,21,4,3,1,3,2,0,1,0,1,0,0,1,4.0843E+20,5.33827E+21,7.76788E+15,4.8191E+16
158393,8,3,15,130,2018,9,16,2,3,1,7,0,0,1,0,0,0,0,0,4.09128E+20,5.30089E+21,7.78519E+15,4.78549E+16
158394,8,3,16,24,2018,9,2,4,3,8,7,2,0,1,0,0,0,0,0,4.10588E+20,5.33496E+21,7.7976E+15,4.81616E+16
158395,8,3,11,0,2018,9,7,2,3,0,6,0,0,0,0,1,0,1,0,4.14108E+20,5.31679E+21,7.84859E+15,4.79987E+16
158396,8,3,36,50,2018,9,15,2,3,5,3,0,0,1,0,0,0,1,0,3.99436E+20,5.2737E+21,7.66194E+15,4.76089E+16
158397,8,3,15,6,2018,9,11,4,3,5,3,0,1,0,0,0,0,0,0,4.03416E+20,5.30673E+21,7.70754E+15,4.79066E+16
158398,8,3,15,74,2018,9,18,4,2,5,3,0,0,1,0,1,0,0,0,3.99179E+20,5.29553E+21,7.65348E+15,4.78052E+16
158399,8,3,36,91,2018,9,10,2,3,5,3,0,0,0,0,0,0,1,0,3.9653E+20,5.27203E+21,7.62369E+15,4.75934E+16
158400,8,3,11,0,2018,9,16,4,3,0,2,0,1,1,0,0,0,0,0,4.1298E+20,5.31638E+21,7.83355E+15,4.79948E+16
158401,8,3,11,0,2018,9,8,2,3,4,6,0,1,0,0,0,0,0,0,4.12035E+20,5.3167E+21,7.82082E+15,4.79975E+16
158402,8,3,36,91,2018,9,14,4,3,5,3,0,0,1,0,1,0,0,0,3.95937E+20,5.27194E+21,7.61582E+15,4.75925E+16
158403,8,2,31,0,2018,9,17,2,3,8,1,0,0,1,0,0,0,0,0,4.80664E+20,5.41713E+21,8.73614E+15,4.89068E+16
158404,8,3,11,0,2018,9,10,4,3,0,1,0,1,0,0,0,0,0,0,4.15113E+20,5.31535E+21,7.86234E+15,4.79858E+16
158405,8,2,31,0,2018,9,11,2,3,6,7,0,0,1,1,0,0,0,0,4.80303E+20,5.41435E+21,8.73134E+15,4.88818E+16
158406,8,2,25,58,2018,9,18,2,3,2,1,0,0,1,0,0,0,0,0,5.12194E+20,5.46601E+21,9.16789E+15,4.93467E+16
158407,8,3,11,0,2018,9,11,4,3,0,7,0,1,0,0,0,0,0,0,4.14296E+20,5.31941E+21,7.85058E+15,4.80222E+16
158408,8,2,22,0,2018,9,16,2,3,5,3,0,1,1,0,0,0,0,0,4.63497E+20,5.48307E+21,8.49587E+15,4.94992E+16
158409,8,2,15,109,2018,9,18,4,3,5,3,1,0,1,0,0,0,1,0,4.61322E+20,5.43457E+21,8.47053E+15,4.90627E+16
158410,8,2,22,0,2018,9,17,2,3,6,7,0,1,0,1,0,0,0,0,4.62211E+20,5.47877E+21,8.47852E+15,4.94604E+16
158411,8,4,25,90,2018,9,15,2,3,4,1,0,0,1,0,1,0,0,0,5.42588E+20,5.34255E+21,9.57353E+15,4.82347E+16
158412,8,4,16,25,2018,9,8,2,2,6,2,0,0,1,1,0,0,0,0,5.04544E+20,5.36178E+21,9.0614E+15,4.84091E+16
158413,8,4,16,22,2018,9,10,2,3,3,1,0,1,1,0,0,0,0,0,5.10502E+20,5.37623E+21,9.14227E+15,4.85391E+16
158414,8,4,15,53,2018,9,17,2,3,2,6,0,0,1,0,0,0,0,0,5.37015E+20,5.36197E+21,9.50018E+15,4.84098E+16
158415,8,4,15,90,2018,9,13,2,3,9,1,0,0,0,0,1,0,0,0,5.32423E+20,5.35511E+21,9.4376E+15,4.83484E+16
158416,8,3,37,128,2018,9,17,2,3,8,1,0,0,0,0,1,0,0,0,4.64975E+20,5.27619E+21,8.53371E+15,4.76382E+16
158417,8,3,36,19,2018,9,15,2,3,2,1,0,0,1,0,1,0,0,0,3.94459E+20,5.27621E+21,7.59514E+15,4.76306E+16
158418,8,3,36,50,2018,9,16,2,3,0,1,0,1,0,0,0,0,0,0,4.01978E+20,5.27701E+21,7.69502E+15,4.7639E+16
158419,8,3,35,43,2018,9,17,2,3,0,7,0,1,0,0,0,0,0,0,5.12915E+20,5.27973E+21,9.17205E+15,4.76708E+16
158420,8,3,35,63,2018,9,13,2,2,8,1,0,0,0,0,1,0,0,0,4.97511E+20,5.29134E+21,8.96678E+15,4.77754E+16
158421,8,4,35,34,2018,9,10,2,2,6,7,0,0,1,1,0,0,0,0,5.26421E+20,5.28144E+21,9.35206E+15,4.76858E+16
158422,8,3,27,50,2018,9,19,2,3,9,1,0,0,0,0,1,0,0,0,4.83629E+20,5.31211E+21,8.7807E+15,4.79621E+16
158423,8,3,17,65,2018,9,19,2,3,5,2,0,1,1,0,0,0,0,0,4.14138E+20,5.35463E+21,7.84134E+15,4.8339E+16
158424,8,3,17,65,2018,9,9,2,3,2,6,0,1,1,0,0,0,0,0,4.15846E+20,5.35445E+21,7.86443E+15,4.83376E+16
158425,8,3,15,4,2018,9,12,2,2,5,3,0,1,1,0,0,0,0,0,3.94796E+20,5.29409E+21,7.59531E+15,4.77916E+16
158426,8,3,15,50,2018,9,7,2,3,5,3,0,1,1,0,0,0,0,0,3.99825E+20,5.30294E+21,7.66039E+15,4.7872E+16
158427,8,3,11,0,2018,9,17,2,3,5,3,0,1,1,0,0,0,0,0,4.04524E+20,5.31612E+21,7.72029E+15,4.79912E+16
158428,8,3,36,50,2018,9,17,2,3,1,6,0,0,1,0,0,0,0,0,3.9871E+20,5.27314E+21,7.65242E+15,4.76038E+16
158429,8,3,11,0,2018,9,8,2,3,1,6,0,0,1,0,0,1,0,0,4.13624E+20,5.31875E+21,7.8417E+15,4.80162E+16
158430,8,3,11,0,2018,9,23,2,2,0,7,2,1,0,0,0,0,0,0,4.16215E+20,5.31547E+21,7.87708E+15,4.79871E+16
158431,8,1,11,0,2018,9,9,5,2,0,7,0,1,0,0,0,0,0,0,5.10554E+20,5.39607E+21,9.14349E+15,4.87176E+16
158432,8,1,11,0,2018,9,19,5,3,4,6,0,1,1,0,0,0,0,0,5.13479E+20,5.40136E+21,9.18343E+15,4.87651E+16
158433,8,3,11,0,2018,9,9,2,3,5,2,0,1,1,0,0,0,0,0,4.12565E+20,5.31535E+21,7.8282E+15,4.79854E+16
158434,8,3,11,0,2018,9,8,2,3,3,2,0,1,1,0,0,0,0,0,4.16066E+20,5.31555E+21,7.87507E+15,4.79878E+16
158435,8,3,35,80,2018,9,12,4,3,0,1,0,1,0,0,0,0,0,0,4.76038E+20,5.29342E+21,8.68005E+15,4.77936E+16
158436,8,2,37,40,2018,9,15,2,3,4,7,0,0,1,0,0,0,0,0,4.77448E+20,5.36721E+21,8.69497E+15,4.84576E+16
158437,8,4,37,31,2018,9,13,4,3,0,7,0,1,0,0,0,0,0,0,5.15424E+20,5.34546E+21,9.20782E+15,4.82622E+16
158438,8,2,31,0,2018,9,8,2,2,5,3,0,1,1,0,0,0,0,0,4.77484E+20,5.41464E+21,8.69287E+15,4.88843E+16
158439,8,4,36,82,2018,9,10,4,3,2,7,0,0,1,0,1,0,0,0,5.47441E+20,5.29439E+21,9.63355E+15,4.78011E+16
158440,8,2,36,71,2018,9,14,2,3,0,1,0,1,0,0,0,0,0,0,4.68499E+20,5.42246E+21,8.56972E+15,4.89542E+16
158441,8,4,36,81,2018,9,18,4,3,0,1,0,1,0,0,0,0,0,0,5.62112E+20,5.28183E+21,9.82765E+15,4.76869E+16
158442,8,4,35,59,2018,9,10,4,3,0,1,0,1,0,0,0,0,0,0,5.14943E+20,5.28863E+21,9.19936E+15,4.77509E+16
158443,8,2,26,41,2018,9,8,2,3,0,7,0,1,1,0,0,0,0,0,4.76926E+20,5.46586E+21,8.68234E+15,4.93451E+16
158444,8,2,26,56,2018,9,15,2,3,0,7,0,0,0,0,0,0,1,0,4.85282E+20,5.47105E+21,8.79718E+15,4.9392E+16
158445,8,4,35,53,2018,9,18,4,3,0,7,0,1,0,0,0,0,0,0,5.07324E+20,5.29362E+21,9.0978E+15,4.77959E+16
158446,8,4,35,16,2018,9,6,4,3,5,2,0,0,1,0,1,0,0,0,5.3891E+20,5.28322E+21,9.51863E+15,4.77011E+16
158447,8,2,22,0,2018,9,17,2,3,5,5,0,0,1,0,1,0,0,0,4.61537E+20,5.48101E+21,8.46901E+15,4.94805E+16
158448,8,4,35,16,2018,9,18,4,3,0,1,0,1,0,0,0,0,0,0,5.36634E+20,5.27802E+21,9.48786E+15,4.76546E+16
158449,8,2,22,0,2018,9,22,2,3,1,7,2,0,1,0,0,0,1,0,4.64247E+20,5.47729E+21,8.50675E+15,4.94472E+16
158450,8,2,21,0,2018,9,15,2,3,5,3,0,0,1,0,0,0,0,0,4.77165E+20,5.47182E+21,8.68527E+15,4.93987E+16
158451,8,2,21,0,2018,9,14,2,3,5,2,0,0,1,0,1,0,0,0,4.78583E+20,5.47296E+21,8.70477E+15,4.94089E+16
158452,8,2,16,15,2018,9,12,2,3,5,3,0,0,1,0,0,0,0,0,4.49597E+20,5.40598E+21,8.31358E+15,4.88048E+16
158453,8,2,16,43,2018,9,12,2,3,2,6,0,1,0,0,0,0,1,0,4.42495E+20,5.41311E+21,8.21586E+15,4.88683E+16
158454,8,2,15,106,2018,9,18,2,3,1,6,0,1,1,0,0,0,0,0,4.64518E+20,5.45349E+21,8.51261E+15,4.92332E+16
158455,8,2,15,9,2018,9,12,2,3,1,5,0,0,1,0,0,0,0,0,4.65879E+20,5.43921E+21,8.53251E+15,4.91048E+16
158456,8,2,15,17,2018,9,15,2,3,3,6,0,1,0,0,0,0,0,0,4.56802E+20,5.42089E+21,8.41011E+15,4.89395E+16
158457,8,2,12,0,2018,9,7,2,2,0,1,0,0,0,0,1,0,0,0,4.53186E+20,5.42796E+21,8.35993E+15,4.90027E+16
158458,8,4,35,29,2018,9,18,4,3,0,1,0,1,0,0,0,0,0,0,5.44624E+20,5.2708E+21,9.59352E+15,4.75891E+16
158459,8,2,12,0,2018,9,9,2,3,0,7,0,1,0,0,0,0,0,0,4.57629E+20,5.42877E+21,8.42059E+15,4.90103E+16
158460,8,4,37,76,2018,9,10,4,2,6,4,0,0,1,1,0,0,0,0,5.24992E+20,5.32198E+21,9.33536E+15,4.80506E+16
158461,8,3,17,57,2018,9,18,2,3,5,3,0,1,1,0,0,0,0,0,4.13736E+20,5.37961E+21,7.83077E+15,4.85636E+16
158462,8,4,26,21,2018,9,17,4,3,1,3,0,1,1,0,0,0,0,0,5.58864E+20,5.327E+21,9.79054E+15,4.80935E+16
158463,8,1,35,16,2018,9,18,2,3,4,2,0,0,1,0,0,0,0,0,5.88283E+20,5.38297E+21,1.01973E+16,4.85936E+16
158464,8,4,26,70,2018,9,18,4,3,5,3,0,0,1,0,1,0,0,0,5.65183E+20,5.34149E+21,9.87762E+15,4.82233E+16
158465,8,4,25,141,2018,9,16,4,3,1,3,0,0,1,0,1,0,0,0,5.6644E+20,5.3632E+21,9.89796E+15,4.84185E+16
158466,8,1,27,14,2018,9,20,2,3,8,1,2,1,0,0,0,0,0,0,5.78595E+20,5.44374E+21,1.00776E+16,4.91415E+16
158467,8,1,26,11,2018,9,18,2,3,3,6,0,0,1,0,1,0,0,0,5.32142E+20,5.44848E+21,9.44111E+15,4.91883E+16
158468,8,4,21,0,2018,9,16,4,3,0,3,0,0,1,0,1,0,0,0,5.69421E+20,5.35808E+21,9.9374E+15,4.83721E+16
158469,8,1,25,65,2018,9,15,2,2,0,6,0,0,1,0,1,0,0,0,5.16255E+20,5.44891E+21,9.2231E+15,4.91928E+16
158470,8,4,21,0,2018,9,18,4,3,1,6,0,0,1,0,1,0,0,0,5.69013E+20,5.35316E+21,9.93108E+15,4.83279E+16
158471,8,1,21,0,2018,9,13,2,2,0,3,0,1,1,0,0,0,0,0,5.15759E+20,5.44495E+21,9.21613E+15,4.91572E+16
158472,8,1,21,0,2018,9,16,2,3,2,6,0,0,0,0,1,0,1,0,5.16236E+20,5.44335E+21,9.22261E+15,4.91428E+16
158473,8,1,19,79,2018,9,11,2,2,7,1,0,1,0,0,0,0,0,0,5.23169E+20,5.41035E+21,9.31579E+15,4.88457E+16
158474,8,4,21,0,2018,9,16,4,2,0,1,0,1,0,0,0,0,0,0,5.72069E+20,5.36194E+21,9.97381E+15,4.84065E+16
158475,8,1,19,86,2018,9,14,2,3,5,3,0,0,1,0,1,0,0,0,5.35087E+20,5.4058E+21,9.47784E+15,4.88042E+16
158476,8,4,17,79,2018,9,18,4,3,0,7,0,0,1,0,0,0,0,0,4.93483E+20,5.34116E+21,8.91225E+15,4.82236E+16
158477,8,1,19,20,2018,9,12,2,3,6,7,0,0,1,1,0,0,0,0,5.19622E+20,5.40837E+21,9.26735E+15,4.8828E+16
158478,8,4,16,41,2018,9,10,4,3,2,6,0,0,1,0,0,0,0,0,5.02846E+20,5.37453E+21,9.03854E+15,4.85239E+16
158479,8,4,15,92,2018,9,19,4,3,5,3,1,1,1,0,0,0,0,0,5.19115E+20,5.36449E+21,9.25843E+15,4.84333E+16
158480,8,1,19,20,2018,9,9,2,3,0,1,0,1,0,0,0,0,0,0,5.21072E+20,5.40645E+21,9.28701E+15,4.88107E+16
158481,8,1,18,12,2018,9,17,2,3,5,3,0,0,1,0,0,0,0,0,4.99937E+20,5.41513E+21,8.99914E+15,4.88891E+16
158482,8,4,15,61,2018,9,16,4,3,6,7,0,0,1,1,0,0,0,0,5.10322E+20,5.36637E+21,9.13959E+15,4.84504E+16
158483,8,1,18,11,2018,9,17,2,3,0,7,0,1,1,0,0,0,0,0,5.05021E+20,5.40783E+21,9.06841E+15,4.88234E+16
158484,8,3,27,18,2018,9,14,4,3,5,3,0,0,1,0,0,0,0,0,4.75499E+20,5.3076E+21,8.67204E+15,4.79213E+16
158485,8,1,17,26,2018,9,13,2,3,0,1,0,1,0,0,0,0,0,0,5.47637E+20,5.39435E+21,9.64741E+15,4.87004E+16
158486,8,3,37,126,2018,9,18,4,3,4,2,0,1,1,0,0,0,0,0,4.40794E+20,5.27497E+21,8.21199E+15,4.76254E+16
158487,8,3,35,43,2018,9,13,4,3,0,1,0,1,0,0,0,0,0,0,5.14694E+20,5.28221E+21,9.19582E+15,4.76931E+16
158488,8,3,35,35,2018,9,7,4,3,0,7,0,1,1,0,0,0,0,0,4.84463E+20,5.28977E+21,8.79267E+15,4.77611E+16
158489,8,1,16,49,2018,9,17,2,3,0,7,0,1,0,0,0,0,1,0,5.24185E+20,5.38651E+21,9.32824E+15,4.86312E+16
158490,8,3,26,74,2018,9,8,4,2,1,7,0,0,0,0,0,0,1,0,4.60084E+20,5.32301E+21,8.46429E+15,4.80591E+16
158491,8,3,26,12,2018,9,17,4,2,5,3,0,1,1,0,0,0,0,0,4.63238E+20,5.30925E+21,8.5078E+15,4.79356E+16
158492,8,1,16,19,2018,9,9,2,3,6,4,0,0,1,1,0,0,0,0,5.25944E+20,5.39683E+21,9.35276E+15,4.8724E+16
158493,8,1,16,19,2018,9,18,2,3,6,7,0,1,0,1,0,0,0,0,5.2264E+20,5.39876E+21,9.30795E+15,4.87414E+16
158494,8,3,16,56,2018,9,7,4,3,0,1,0,1,0,0,0,0,0,0,4.23829E+20,5.32875E+21,7.97675E+15,4.81074E+16
158495,8,1,15,3,2018,9,22,2,3,5,3,2,1,0,0,0,0,1,0,4.97687E+20,5.39178E+21,8.96858E+15,4.86791E+16
158496,8,3,15,7,2018,9,11,4,3,4,2,0,1,1,0,0,0,0,0,4.00514E+20,5.29498E+21,7.67143E+15,4.78005E+16
158497,8,1,15,3,2018,9,16,2,3,0,7,0,0,0,0,0,0,1,0,5.00542E+20,5.39239E+21,9.00736E+15,4.86845E+16
158498,8,3,11,0,2018,9,13,4,3,6,4,0,0,0,1,0,1,0,0,4.14865E+20,5.31678E+21,7.85873E+15,4.79987E+16
158499,8,1,15,3,2018,9,9,2,3,5,7,0,0,1,0,0,0,0,0,4.99025E+20,5.39264E+21,8.98675E+15,4.86868E+16
158500,8,1,11,0,2018,9,18,2,2,6,7,0,1,0,1,0,0,0,0,5.15388E+20,5.40815E+21,9.20965E+15,4.88261E+16
158501,8,3,15,133,2018,9,10,4,2,8,1,0,0,0,0,0,0,1,0,3.95689E+20,5.32862E+21,7.59885E+15,4.81023E+16
158502,8,2,26,103,2018,9,7,2,3,5,3,0,1,0,0,0,0,0,0,4.70536E+20,5.45721E+21,8.59501E+15,4.92669E+16
158503,8,1,11,0,2018,9,13,2,3,0,7,0,0,0,1,0,0,1,0,5.12227E+20,5.40288E+21,9.16643E+15,4.87788E+16
158504,8,4,17,8,2018,9,11,1,3,6,7,0,0,1,1,0,0,0,0,4.93953E+20,5.35066E+21,8.91845E+15,4.83091E+16
158505,8,3,11,0,2018,9,13,4,3,0,1,0,1,0,0,0,0,0,0,4.14664E+20,5.31632E+21,7.85614E+15,4.79945E+16
158506,8,3,11,0,2018,9,7,4,3,3,6,0,1,0,0,0,0,1,0,4.12004E+20,5.31671E+21,7.8204E+15,4.79977E+16