OBJECTID_1,ULAND,UREGBEZ,UKREIS,UGEMEINDE,UJAHR,UMONAT,USTUNDE,UWOCHENTAG,UKATEGORIE,UART,UTYP1,ULICHTVERH,IstRad,IstPKW,IstFuss,IstKrad,IstGkfz,IstSonstig,STRZUSTAND,LINREFX,LINREFY,XGCSWGS84,YGCSWGS84
158694,8,4,26,21,2018,9,16,3,3,6,4,0,0,1,1,0,0,0,0,5.59002E+20,5.32731E+21,9.79243E+15,4.80963E+16
158695,8,4,21,0,2018,9,15,3,2,3,6,0,0,1,0,0,0,1,0,5.7418E+20,5.36155E+21,1.00023E+16,4.84028E+16
158696,8,4,26,70,2018,9,16,3,2,6,4,0,0,1,1,0,0,0,0,5.65921E+20,5.33964E+21,9.88726E+15,4.82066E+16
158697,8,1,18,80,2018,9,20,7,3,2,6,2,0,0,0,1,0,0,0,5.09614E+20,5.40859E+21,9.131E+15,4.88302E+16
158698,8,1,17,51,2018,9,1,7,3,8,1,2,0,1,0,0,0,0,0,5.42915E+20,5.39539E+21,9.58335E+15,4.87101E+16
158699,8,4,16,41,2018,9,12,3,3,6,2,0,0,1,1,0,0,0,0,5.04326E+20,5.3747E+21,9.05859E+15,4.85254E+16
158700,8,3,35,28,2018,9,8,3,3,9,7,0,0,1,0,0,0,0,0,4.8475E+20,5.2871E+21,8.79659E+15,4.77371E+16
158701,8,1,17,49,2018,9,10,7,3,2,6,0,0,1,0,0,0,0,0,5.55022E+20,5.39193E+21,9.74745E+15,4.8678E+16
158702,8,3,35,63,2018,9,7,3,2,0,2,0,1,0,0,0,0,0,0,4.97693E+20,5.28738E+21,8.96923E+15,4.77398E+16
158703,8,1,16,49,2018,9,14,7,3,0,7,0,0,1,0,0,0,0,0,5.25783E+20,5.38435E+21,9.34979E+15,4.86117E+16
158704,8,3,35,43,2018,9,8,3,3,5,2,0,1,1,0,0,0,0,0,5.11316E+20,5.28067E+21,9.15077E+15,4.76794E+16
158705,8,1,15,16,2018,9,13,7,3,2,6,0,0,1,0,0,0,0,0,4.87576E+20,5.37777E+21,8.83164E+15,4.85529E+16
158706,8,4,36,64,2018,9,16,3,3,5,2,0,1,1,0,0,0,0,0,5.47345E+20,5.29391E+21,9.63222E+15,4.77968E+16
158707,8,1,11,0,2018,9,18,7,3,6,4,0,0,1,1,0,0,0,0,5.16544E+20,5.40559E+21,9.2253E+15,4.8803E+16
158708,8,1,11,0,2018,9,16,7,3,8,7,0,1,0,0,0,0,0,0,5.14904E+20,5.40404E+21,9.20291E+15,4.87891E+16
158709,8,3,27,46,2018,9,6,3,3,0,1,2,0,0,0,1,0,0,0,4.79799E+20,5.3247E+21,8.7288E+15,4.80753E+16
158710,8,3,27,50,2018,9,7,3,3,5,7,0,1,1,0,0,0,0,0,4.86546E+20,5.31483E+21,8.81969E+15,4.79866E+16
158711,8,1,11,0,2018,9,13,7,3,0,1,0,1,0,0,0,0,0,0,5.12824E+20,5.40372E+21,9.17458E+15,4.87864E+16
158712,8,4,37,76,2018,9,15,6,2,5,3,0,1,1,0,0,0,0,1,5.24354E+20,5.32078E+21,9.32673E+15,4.80398E+16
158713,8,3,26,74,2018,9,17,3,3,2,6,0,0,1,0,0,0,1,0,4.62144E+20,5.32483E+21,8.49178E+15,4.80756E+16
158714,8,3,16,12,2018,9,17,6,2,5,3,0,1,1,0,0,0,0,0,4.03384E+20,5.33294E+21,7.70121E+15,4.81424E+16
158715,8,3,16,11,2018,9,18,3,3,5,6,0,1,1,0,0,0,0,0,4.1516E+20,5.32781E+21,7.8605E+15,4.80979E+16
158716,8,4,15,73,2018,9,7,3,3,4,6,0,0,1,0,0,0,0,0,5.15981E+20,5.34833E+21,9.21544E+15,4.8288E+16
158717,8,3,11,0,2018,9,10,3,3,5,3,0,1,1,0,0,0,0,0,4.1453E+20,5.31602E+21,7.85439E+15,4.79918E+16
158718,8,3,11,0,2018,9,17,3,2,0,1,0,0,0,0,1,0,0,0,4.13777E+20,5.31704E+21,7.8441E+15,4.80008E+16
158719,8,3,11,0,2018,9,10,3,3,5,2,0,1,1,0,0,0,0,0,4.15349E+20,5.3153E+21,7.86551E+15,4.79854E+16
158720,8,3,11,0,2018,9,16,3,3,0,7,0,1,1,0,0,0,0,0,4.13984E+20,5.31523E+21,7.84723E+15,4.79845E+16
158721,8,3,11,0,2018,9,18,3,2,0,1,0,1,0,0,0,0,0,0,4.15342E+20,5.31763E+21,7.86496E+15,4.80064E+16
158722,8,3,11,0,2018,9,8,3,3,3,6,0,0,1,0,1,0,0,0,4.1427E+20,5.31567E+21,7.85098E+15,4.79886E+16
158723,8,2,12,0,2018,9,19,3,3,6,4,0,0,0,1,0,0,1,0,4.53209E+20,5.42888E+21,8.36013E+15,4.9011E+16
158724,8,4,37,104,2018,9,13,6,3,2,6,0,0,1,0,0,0,0,0,5.16941E+20,5.32722E+21,9.22753E+15,4.8098E+16
158725,8,2,12,0,2018,9,17,3,3,2,6,0,0,1,0,1,0,0,0,4.58396E+20,5.42833E+21,8.43112E+15,4.90064E+16
158726,8,4,35,34,2018,9,7,6,3,4,2,0,1,0,0,0,0,1,0,5.29012E+20,5.28494E+21,9.38682E+15,4.77172E+16
158727,8,2,15,66,2018,9,17,3,3,6,3,0,0,1,1,0,0,0,0,4.60165E+20,5.45404E+21,8.45276E+15,4.92378E+16
158728,8,4,26,70,2018,9,19,6,3,2,2,2,0,0,0,1,0,0,0,5.64786E+20,5.34127E+21,9.87224E+15,4.82213E+16
158729,8,2,12,0,2018,9,8,3,3,5,2,0,1,1,0,0,0,0,0,4.59358E+20,5.42825E+21,8.44427E+15,4.90058E+16
158730,8,4,26,21,2018,9,12,6,3,0,1,0,1,0,0,0,0,0,0,5.5909E+20,5.32664E+21,9.79352E+15,4.80903E+16
158731,8,3,37,66,2018,9,7,6,3,0,7,0,1,0,0,0,0,0,0,4.31099E+20,5.26952E+21,8.08382E+15,4.75754E+16
158732,8,2,31,0,2018,9,17,3,3,1,5,0,0,1,0,1,0,0,0,4.77703E+20,5.41559E+21,8.69581E+15,4.88928E+16
158733,8,2,31,0,2018,9,16,3,3,2,6,0,0,1,0,0,0,0,0,4.7958E+20,5.41555E+21,8.72142E+15,4.88925E+16
158734,8,3,36,91,2018,9,21,6,3,6,4,2,0,1,1,0,0,0,0,3.95074E+20,5.27274E+21,7.60416E+15,4.75996E+16
158735,8,2,26,103,2018,9,20,3,3,4,2,2,1,1,0,0,0,0,0,4.73078E+20,5.45689E+21,8.62996E+15,4.92642E+16
158736,8,3,35,43,2018,9,13,6,3,6,4,0,0,0,1,0,0,1,0,5.12113E+20,5.28151E+21,9.16141E+15,4.76868E+16
158737,8,2,26,98,2018,9,22,3,3,5,3,2,0,1,0,0,0,0,0,4.75748E+20,5.45987E+21,8.66648E+15,4.92911E+16
158738,8,2,26,85,2018,9,16,3,3,2,6,0,0,1,0,0,0,0,0,4.83991E+20,5.45491E+21,8.78003E+15,4.92467E+16
158739,8,2,22,0,2018,9,17,3,2,6,4,0,0,1,1,0,0,0,0,4.61875E+20,5.48811E+21,8.47299E+15,4.95444E+16
158740,8,4,36,10,2018,9,14,6,2,5,3,0,0,1,0,0,0,1,0,5.65775E+20,5.30627E+21,9.88017E+15,4.79064E+16
158741,8,2,22,0,2018,9,17,3,3,5,3,0,0,1,0,0,0,0,0,4.60019E+20,5.48857E+21,8.44729E+15,4.95484E+16
158742,8,3,27,50,2018,9,15,6,3,3,5,0,1,1,0,0,0,0,0,4.85819E+20,5.31425E+21,8.80997E+15,4.79814E+16
158743,8,2,22,0,2018,9,6,3,3,6,7,2,0,1,1,0,0,0,0,4.61719E+20,5.48683E+21,8.47096E+15,4.95328E+16
158744,8,3,27,50,2018,9,16,6,3,4,2,0,0,1,0,0,0,0,1,4.84562E+20,5.31344E+21,8.79314E+15,4.7974E+16
158745,8,3,16,11,2018,9,11,6,3,6,4,0,0,1,1,0,0,0,0,4.14616E+20,5.33013E+21,7.85273E+15,4.81187E+16
158746,8,2,22,0,2018,9,10,3,3,2,6,0,0,1,0,0,0,0,0,4.61742E+20,5.48441E+21,8.47151E+15,4.95111E+16
158747,8,2,22,0,2018,9,12,3,2,5,3,0,1,1,0,0,0,0,0,4.61226E+20,5.48189E+21,8.46464E+15,4.94884E+16
158748,8,3,15,76,2018,9,22,6,3,5,3,2,0,1,0,1,0,0,0,3.92013E+20,5.29719E+21,7.55738E+15,4.7819E+16
158749,8,2,22,0,2018,9,18,3,3,3,6,0,1,1,0,0,0,0,0,4.61874E+20,5.48159E+21,8.4736E+15,4.94857E+16
158750,8,3,15,133,2018,9,11,6,2,1,1,0,0,1,0,0,0,1,0,3.95714E+20,5.32858E+21,7.59921E+15,4.81019E+16
158751,8,2,26,18,2018,9,7,3,3,4,6,0,1,0,0,0,0,0,0,4.73501E+20,5.47242E+21,8.63474E+15,4.94039E+16
158752,8,3,11,0,2018,9,11,6,3,6,7,0,0,0,1,0,0,1,0,4.13679E+20,5.31639E+21,7.84291E+15,4.7995E+16
158753,8,3,11,0,2018,9,18,6,3,5,3,0,1,1,0,0,0,0,1,4.13853E+20,5.31624E+21,7.84527E+15,4.79936E+16
158754,8,3,11,0,2018,9,11,6,3,1,3,0,1,1,0,0,0,0,0,4.14042E+20,5.31568E+21,7.84792E+15,4.79887E+16
158755,8,2,21,0,2018,9,14,3,3,0,7,0,1,0,0,0,0,0,0,4.76775E+20,5.47252E+21,8.67987E+15,4.9405E+16
158756,8,3,11,0,2018,9,15,6,3,5,1,0,1,1,0,0,0,0,0,4.14849E+20,5.31863E+21,7.85814E+15,4.80153E+16
158757,8,2,12,0,2018,9,7,6,3,5,3,0,1,1,0,0,0,0,0,4.5712E+20,5.4284E+21,8.41366E+15,4.9007E+16
158758,8,2,21,0,2018,9,14,3,3,5,3,0,0,1,0,0,0,1,0,4.77121E+20,5.47235E+21,8.68464E+15,4.94034E+16
158759,8,2,12,0,2018,9,18,3,3,5,3,0,1,1,0,0,0,0,0,4.51643E+20,5.43142E+21,8.33842E+15,4.90337E+16
158760,8,2,35,85,2018,9,18,6,3,5,3,0,0,1,0,1,0,0,0,4.83221E+20,5.39363E+21,8.77198E+15,4.86955E+16
158761,8,2,12,0,2018,9,10,3,3,2,6,0,0,1,0,0,1,0,0,4.52344E+20,5.42932E+21,8.34826E+15,4.90149E+16
158762,8,2,31,0,2018,9,6,6,2,5,3,0,0,1,0,0,0,0,0,4.77487E+20,5.41569E+21,8.69286E+15,4.88937E+16
158763,8,2,12,0,2018,9,14,3,3,0,7,0,1,0,0,0,0,0,0,4.60181E+20,5.42785E+21,8.45557E+15,4.90023E+16
158764,8,2,26,85,2018,9,11,6,3,0,3,0,0,0,0,1,0,0,0,4.91172E+20,5.45541E+21,8.87869E+15,4.92514E+16
158765,8,2,12,0,2018,9,12,3,3,0,7,0,1,1,0,0,0,0,0,4.58871E+20,5.42726E+21,8.43772E+15,4.89969E+16
158766,8,2,11,0,2018,9,10,3,3,6,5,0,0,1,1,0,0,0,0,4.44452E+20,5.40103E+21,8.24417E+15,4.87598E+16
158767,8,2,26,63,2018,9,20,6,2,0,7,2,0,0,0,1,0,0,1,4.71219E+20,5.47072E+21,8.60342E+15,4.93885E+16
158768,8,1,36,88,2018,9,15,3,3,2,6,0,0,1,0,0,0,0,0,5.80785E+20,5.40909E+21,1.01007E+16,4.88295E+16
158769,8,1,35,19,2018,9,12,3,3,6,6,0,1,1,1,0,0,0,0,5.85567E+20,5.39114E+21,1.01622E+16,4.86674E+16
158770,8,1,27,76,2018,9,8,3,2,5,3,0,1,1,0,0,0,0,0,5.51666E+20,5.4392E+21,9.70784E+15,4.91035E+16
158771,8,2,26,68,2018,9,21,6,3,6,7,2,0,1,1,0,0,0,0,4.68738E+20,5.46075E+21,8.57002E+15,4.92987E+16
158772,8,2,26,32,2018,9,7,6,3,2,7,0,1,1,0,0,0,0,0,4.66877E+20,5.46263E+21,8.54426E+15,4.93156E+16
158773,8,1,26,66,2018,9,9,3,3,4,6,0,1,0,0,0,0,0,0,5.36553E+20,5.44992E+21,9.50177E+15,4.9201E+16
158774,8,2,22,0,2018,9,14,6,3,2,6,0,0,1,0,0,0,0,0,4.645E+20,5.47808E+21,8.51018E+15,4.94544E+16
158775,8,1,21,0,2018,9,16,3,3,6,3,0,1,0,1,0,0,0,0,5.15873E+20,5.44468E+21,9.21769E+15,4.91548E+16
158776,8,2,16,23,2018,9,14,6,3,1,5,0,0,0,0,0,0,1,0,4.38215E+20,5.40748E+21,8.15835E+15,4.88173E+16
158777,8,1,19,67,2018,9,16,3,3,0,7,0,0,0,0,1,0,0,0,5.38763E+20,5.40669E+21,9.52798E+15,4.88119E+16
158778,8,2,16,43,2018,9,15,6,3,6,4,0,1,0,1,0,0,0,0,4.41335E+20,5.41223E+21,8.20017E+15,4.88602E+16
158779,8,2,15,105,2018,9,11,6,3,5,3,0,1,1,0,0,0,0,0,4.57002E+20,5.44167E+21,8.41064E+15,4.91264E+16
158780,8,1,18,48,2018,9,14,3,3,0,1,0,0,0,0,1,0,0,0,5.14124E+20,5.41808E+21,9.19277E+15,4.89155E+16
158781,8,1,18,48,2018,9,7,3,3,0,3,0,1,1,0,0,0,0,0,5.15973E+20,5.41576E+21,9.21792E+15,4.88945E+16
158782,8,2,12,0,2018,9,8,6,3,5,3,0,1,1,0,0,0,0,0,4.54076E+20,5.42569E+21,8.37234E+15,4.89824E+16
158783,8,1,18,79,2018,9,17,3,3,6,4,0,1,0,1,0,0,0,0,5.09517E+20,5.42302E+21,9.13001E+15,4.896E+16
158784,8,2,12,0,2018,9,17,6,3,5,3,0,0,1,0,0,0,0,1,4.55374E+20,5.4287E+21,8.38976E+15,4.90096E+16
158785,8,1,18,19,2018,9,10,3,2,1,4,0,0,1,1,0,0,1,0,5.05803E+20,5.40598E+21,9.07903E+15,4.88068E+16
158786,8,1,36,45,2018,9,15,6,2,5,3,0,1,1,0,0,0,0,1,5.93171E+20,5.40506E+21,1.02686E+16,4.87915E+16
158787,8,1,35,19,2018,9,12,6,3,2,6,0,1,1,0,0,0,0,0,5.83935E+20,5.39318E+21,1.01404E+16,4.8686E+16
158788,8,1,17,26,2018,9,21,3,3,5,3,2,0,1,0,1,0,0,0,5.48578E+20,5.39483E+21,9.66026E+15,4.87046E+16
158789,8,1,36,9,2018,9,6,6,2,5,2,2,1,1,0,0,0,0,0,5.66704E+20,5.40806E+21,9.90875E+15,4.88219E+16
158790,8,1,17,26,2018,9,17,3,2,4,6,0,0,1,0,0,0,0,0,5.47302E+20,5.39335E+21,9.64274E+15,4.86914E+16
158791,8,1,17,19,2018,9,20,6,2,6,4,2,0,1,1,0,0,0,0,5.51988E+20,5.39409E+21,9.70651E+15,4.86977E+16
158792,8,1,16,35,2018,9,16,6,3,6,4,0,0,1,1,0,0,0,0,5.26636E+20,5.39126E+21,9.36181E+15,4.86738E+16
158793,8,1,16,49,2018,9,16,3,3,2,6,0,0,1,0,0,0,0,0,5.24652E+20,5.38466E+21,9.33447E+15,4.86145E+16
158794,8,1,16,33,2018,9,8,3,3,5,3,0,1,1,0,0,0,0,0,5.32214E+20,5.38858E+21,9.43736E+15,4.86494E+16
158795,8,1,16,49,2018,9,11,6,3,5,3,0,0,1,0,0,0,0,0,5.2533E+20,5.38579E+21,9.34374E+15,4.86246E+16
158796,8,1,16,33,2018,9,11,3,3,5,3,0,1,1,0,0,0,0,0,5.33091E+20,5.38796E+21,9.44922E+15,4.86438E+16
158797,8,1,16,33,2018,9,11,6,2,6,4,0,0,1,1,0,0,0,0,5.33394E+20,5.38784E+21,9.45333E+15,4.86428E+16
158798,8,1,15,45,2018,9,12,3,3,9,1,0,0,0,0,1,0,0,0,4.98937E+20,5.39295E+21,8.98556E+15,4.86896E+16
158799,8,1,15,45,2018,9,14,6,3,5,2,0,1,1,0,0,0,0,0,5.00967E+20,5.39509E+21,9.01314E+15,4.87089E+16
158800,8,1,11,0,2018,9,12,3,2,6,7,0,0,1,1,0,0,0,0,5.15814E+20,5.40597E+21,9.21538E+15,4.88065E+16
158801,8,1,15,45,2018,9,8,6,3,6,4,0,0,1,1,0,0,0,0,4.97452E+20,5.3967E+21,8.96536E+15,4.87233E+16
158802,8,1,15,21,2018,9,13,6,3,5,2,0,1,1,0,0,0,0,0,4.89755E+20,5.3819E+21,8.86107E+15,4.85901E+16
158803,8,1,11,0,2018,9,12,3,1,0,7,0,1,0,0,0,0,0,0,5.15815E+20,5.39994E+21,9.21516E+15,4.87523E+16
158804,8,1,11,0,2018,9,8,3,3,5,3,0,0,1,0,1,0,0,0,5.07709E+20,5.39827E+21,9.10485E+15,4.87374E+16
158805,8,1,15,3,2018,9,8,6,3,5,3,0,1,1,0,0,0,0,0,4.99449E+20,5.39188E+21,8.99251E+15,4.868E+16
158806,8,1,11,0,2018,9,20,3,3,5,3,2,0,1,0,0,0,0,0,5.15586E+20,5.40412E+21,9.2122E+15,4.87898E+16
158807,8,1,11,0,2018,9,14,6,3,0,2,0,0,1,0,0,0,1,0,5.13345E+20,5.40335E+21,9.18166E+15,4.8783E+16
158808,8,1,11,0,2018,9,12,6,3,5,2,0,1,1,0,0,0,0,0,5.12697E+20,5.40801E+21,9.17298E+15,4.88249E+16
158809,8,1,11,0,2018,9,8,3,3,2,6,0,0,1,0,0,0,0,0,5.11498E+20,5.40923E+21,9.15669E+15,4.8836E+16
158810,8,1,11,0,2018,9,17,3,3,5,3,0,0,1,0,1,0,0,0,5.1406E+20,5.403E+21,9.19139E+15,4.87798E+16
158811,8,1,11,0,2018,9,11,6,3,5,2,0,1,1,0,0,0,0,0,5.18509E+20,5.40297E+21,9.25194E+15,4.87795E+16
158812,8,4,21,0,2018,9,18,2,3,2,6,0,0,1,0,0,0,0,0,5.71272E+20,5.35707E+21,9.96221E+15,4.83627E+16
158813,8,4,37,31,2018,9,14,5,3,5,7,0,0,0,0,1,0,1,0,5.16112E+20,5.34417E+21,9.21704E+15,4.82505E+16
158814,8,3,35,43,2018,9,19,2,3,0,1,1,1,0,0,0,0,0,0,5.11094E+20,5.28126E+21,9.14782E+15,4.76846E+16
158815,8,3,36,105,2018,9,7,5,3,0,1,1,1,0,0,0,0,0,0,4.0085E+20,5.26706E+21,7.68225E+15,4.75494E+16
158816,8,3,35,43,2018,9,16,2,2,6,2,0,0,0,1,0,0,1,0,5.11621E+20,5.28053E+21,9.15483E+15,4.7678E+16
158817,8,4,36,64,2018,9,13,5,3,3,6,0,1,0,0,0,0,0,0,5.44864E+20,5.29128E+21,9.59881E+15,4.77733E+16
158818,8,4,36,64,2018,9,20,5,3,4,6,2,1,1,0,0,0,0,0,5.46053E+20,5.29297E+21,9.61486E+15,4.77884E+16
158819,8,3,17,65,2018,9,17,2,3,5,3,0,1,1,0,0,0,0,0,4.12469E+20,5.35585E+21,7.81858E+15,4.83497E+16
158820,8,4,36,87,2018,9,16,5,2,8,1,0,0,0,0,1,0,0,0,5.46286E+20,5.30574E+21,9.61934E+15,4.79033E+16
158821,8,3,16,56,2018,9,14,2,3,1,5,0,1,1,0,0,0,0,0,4.21088E+20,5.32677E+21,7.9403E+15,4.80893E+16
158822,8,4,26,13,2018,9,17,5,2,1,2,0,1,1,0,0,0,0,0,5.45595E+20,5.32321E+21,9.61195E+15,4.80606E+16
158823,8,3,15,74,2018,9,17,2,3,2,6,0,0,1,0,0,0,0,0,3.95542E+20,5.29573E+21,7.60487E+15,4.78065E+16
158824,8,4,21,0,2018,9,6,5,3,5,3,2,1,1,0,0,0,0,0,5.72096E+20,5.35592E+21,9.97314E+15,4.83523E+16
158825,8,3,15,59,2018,9,9,2,3,4,1,0,1,1,0,0,0,0,0,3.99195E+20,5.32136E+21,7.64765E+15,4.80376E+16
158826,8,4,21,0,2018,9,18,5,3,5,2,0,0,1,0,0,0,1,0,5.75148E+20,5.36478E+21,1.00159E+16,4.84317E+16
158827,8,3,36,50,2018,9,17,2,3,2,6,0,0,1,0,1,0,0,0,3.99961E+20,5.27499E+21,7.66864E+15,4.76206E+16
158828,8,2,15,17,2018,9,9,2,2,4,2,0,1,1,0,0,0,0,0,4.55428E+20,5.42219E+21,8.39121E+15,4.8951E+16
158829,8,4,25,72,2018,9,20,5,1,8,1,2,1,0,0,0,0,0,0,5.77573E+20,5.37023E+21,1.00497E+16,4.84804E+16
158830,8,3,35,63,2018,9,17,5,3,0,7,0,1,0,0,0,0,0,0,4.97535E+20,5.28888E+21,8.96711E+15,4.77533E+16
158831,8,2,12,0,2018,9,10,2,3,5,3,0,1,1,0,0,0,0,0,4.5339E+20,5.42883E+21,8.36261E+15,4.90106E+16
158832,8,3,35,43,2018,9,13,5,3,5,3,0,1,1,0,0,0,0,0,5.13824E+20,5.28314E+21,9.18426E+15,4.77015E+16
158833,8,2,12,0,2018,9,8,2,3,5,3,0,1,0,0,0,0,1,0,4.53762E+20,5.4268E+21,8.36793E+15,4.89924E+16
158834,8,3,35,43,2018,9,17,5,2,6,4,0,1,0,1,0,0,0,0,5.15037E+20,5.28075E+21,9.20034E+15,4.76799E+16
158835,8,2,37,28,2018,9,15,2,3,6,6,0,0,1,1,0,0,0,0,4.56628E+20,5.3684E+21,8.41325E+15,4.84672E+16
158836,8,3,35,43,2018,9,16,5,3,5,3,0,1,0,0,0,0,1,0,5.11466E+20,5.2802E+21,9.15275E+15,4.76751E+16
158837,8,3,35,43,2018,9,17,5,2,0,7,0,1,0,0,0,0,0,0,5.12733E+20,5.27817E+21,9.16957E+15,4.76568E+16
158838,8,2,31,0,2018,9,15,2,3,6,4,0,0,1,1,0,0,0,0,4.77002E+20,5.41588E+21,8.68623E+15,4.88954E+16
158839,8,2,31,0,2018,9,19,2,3,9,1,2,0,1,0,0,0,0,0,4.76224E+20,5.41505E+21,8.67567E+15,4.8888E+16
158840,8,3,27,50,2018,9,15,5,3,0,7,0,1,0,0,0,0,0,0,4.85877E+20,5.31451E+21,8.81074E+15,4.79837E+16
158841,8,2,36,46,2018,9,15,2,3,2,6,0,0,1,0,0,0,0,0,4.83109E+20,5.41801E+21,8.76946E+15,4.89148E+16
158842,8,3,25,53,2018,9,18,5,3,1,5,0,1,1,0,0,0,0,0,4.56647E+20,5.34158E+21,8.41627E+15,4.8226E+16
158843,8,3,27,46,2018,9,20,5,2,5,2,2,0,1,0,1,0,0,0,4.7981E+20,5.3249E+21,8.72894E+15,4.80771E+16
158844,8,2,26,65,2018,9,19,2,3,6,4,0,0,1,1,0,0,0,0,4.78701E+20,5.45832E+21,8.70717E+15,4.92773E+16
158845,8,2,26,96,2018,9,21,2,3,5,3,2,0,1,0,0,0,0,0,4.75569E+20,5.48895E+21,8.66223E+15,4.95527E+16
158846,8,3,17,96,2018,9,8,5,3,6,4,0,0,1,1,0,0,0,0,4.23621E+20,5.36846E+21,7.96677E+15,4.84646E+16
158847,8,2,26,85,2018,9,7,2,3,5,3,0,0,1,0,1,0,0,0,4.94137E+20,5.45183E+21,8.91948E+15,4.92193E+16
158848,8,3,16,11,2018,9,6,5,3,1,6,1,0,1,0,0,0,0,0,4.13424E+20,5.3308E+21,7.83658E+15,4.81246E+16
158849,8,2,22,0,2018,9,18,2,3,1,6,0,0,1,0,0,0,0,0,4.68745E+20,5.47687E+21,8.56885E+15,4.94437E+16
158850,8,3,15,70,2018,9,18,5,2,0,1,1,0,0,0,1,0,0,0,4.54638E+20,5.30312E+21,8.3933E+15,4.78798E+16
158851,8,2,22,0,2018,9,15,2,3,5,3,0,0,1,0,0,0,1,0,4.62073E+20,5.48517E+21,8.47601E+15,4.95179E+16
158852,8,3,11,0,2018,9,7,5,3,5,2,0,1,1,0,0,0,0,0,4.13334E+20,5.31707E+21,7.83815E+15,4.8001E+16
158853,8,3,11,0,2018,9,11,5,3,0,7,0,1,0,1,0,0,0,0,4.11024E+20,5.3164E+21,7.80734E+15,4.79947E+16
158854,8,2,22,0,2018,9,17,2,2,0,7,0,0,0,0,0,0,1,0,4.65677E+20,5.47966E+21,8.52628E+15,4.94686E+16
158855,8,2,21,0,2018,9,17,2,3,6,5,0,0,1,1,0,0,0,0,4.76937E+20,5.47202E+21,8.68213E+15,4.94004E+16
158856,8,3,36,50,2018,9,5,5,2,0,1,2,1,0,0,0,0,0,0,4.00763E+20,5.27291E+21,7.67977E+15,4.7602E+16
158857,8,2,15,100,2018,9,11,2,3,0,7,0,1,0,0,0,0,0,0,4.75199E+20,5.45199E+21,8.65942E+15,4.92202E+16
158858,8,3,11,0,2018,9,16,5,2,5,2,0,1,1,0,0,0,0,0,4.14409E+20,5.31739E+21,7.8525E+15,4.80041E+16
158859,8,1,15,3,2018,9,12,2,1,5,3,0,1,1,0,0,0,0,0,4.96702E+20,5.39285E+21,8.95519E+15,4.86887E+16
158860,8,1,21,0,2018,9,19,2,3,6,4,0,0,1,1,0,0,0,0,5.1616E+20,5.44448E+21,9.22161E+15,4.91529E+16
158861,8,3,15,64,2018,9,12,5,3,2,6,0,0,1,0,1,0,0,0,4.22006E+20,5.31298E+21,7.95514E+15,4.79654E+16
158862,8,1,25,26,2018,9,6,2,3,9,5,2,0,1,0,0,0,0,0,4.93207E+20,5.44223E+21,8.90687E+15,4.91329E+16
158863,8,3,15,64,2018,9,7,5,2,6,4,0,0,1,1,0,0,0,0,4.22403E+20,5.31325E+21,7.96041E+15,4.79679E+16
158864,8,1,19,84,2018,9,5,2,2,8,1,2,0,1,0,0,0,0,0,5.4367E+20,5.41306E+21,9.5955E+15,4.88689E+16
158865,8,2,12,0,2018,9,17,5,2,3,2,0,1,1,0,0,0,0,0,4.56394E+20,5.42746E+21,8.40384E+15,4.89985E+16
158866,8,2,36,38,2018,9,15,5,3,1,2,0,0,1,0,1,0,0,0,4.85978E+20,5.42721E+21,8.8083E+15,4.89976E+16
158867,8,1,18,46,2018,9,17,2,3,3,2,0,1,1,0,0,0,0,0,5.13612E+20,5.41238E+21,9.1856E+15,4.88642E+16
158868,8,1,16,33,2018,9,13,2,3,5,3,0,1,1,0,0,0,0,0,5.33431E+20,5.38752E+21,9.45381E+15,4.86399E+16
158869,8,2,26,41,2018,9,13,5,3,5,3,0,0,1,0,0,0,0,0,4.77024E+20,5.46635E+21,8.68365E+15,4.93494E+16
158870,8,1,16,80,2018,9,11,2,3,0,5,0,1,1,0,0,0,0,0,5.18035E+20,5.3972E+21,9.24524E+15,4.87275E+16
158871,8,2,26,76,2018,9,18,5,3,5,3,0,1,1,0,0,0,0,0,4.74652E+20,5.46648E+21,8.65099E+15,4.93505E+16
158872,8,1,16,56,2018,9,12,2,3,5,3,0,1,1,0,0,0,0,0,5.30353E+20,5.39586E+21,9.41263E+15,4.8715E+16
158873,8,2,26,105,2018,9,21,5,3,0,3,2,0,1,0,1,0,0,0,4.71557E+20,5.47756E+21,8.60758E+15,4.945E+16
158874,8,1,16,19,2018,9,17,2,3,5,3,0,1,1,0,0,0,0,0,5.21145E+20,5.39809E+21,9.28757E+15,4.87354E+16
158875,8,2,22,0,2018,9,21,5,3,0,7,2,1,1,0,0,0,0,0,4.60691E+20,5.48259E+21,8.45718E+15,4.94947E+16
158876,8,2,22,0,2018,9,7,5,3,3,2,0,1,0,0,0,1,0,0,4.64458E+20,5.4853E+21,8.50894E+15,4.95193E+16
158877,8,2,26,12,2018,9,7,5,3,5,3,0,1,1,0,0,0,0,0,4.76468E+20,5.47724E+21,8.67535E+15,4.94474E+16
158878,8,1,16,19,2018,9,7,2,3,5,3,0,1,1,0,0,0,0,0,5.25863E+20,5.3967E+21,9.35165E+15,4.87228E+16
158879,8,2,21,0,2018,9,19,5,3,0,7,1,1,0,0,0,0,0,0,4.77169E+20,5.4716E+21,8.68536E+15,4.93967E+16
158880,8,2,21,0,2018,9,9,5,2,5,3,0,1,0,0,0,0,0,0,4.77134E+20,5.47218E+21,8.68484E+15,4.94019E+16