OBJECTID_1,ULAND,UREGBEZ,UKREIS,UGEMEINDE,UJAHR,UMONAT,USTUNDE,UWOCHENTAG,UKATEGORIE,UART,UTYP1,ULICHTVERH,IstRad,IstPKW,IstFuss,IstKrad,IstGkfz,IstSonstig,STRZUSTAND,LINREFX,LINREFY,XGCSWGS84,YGCSWGS84
159439,8,2,12,0,2018,10,16,4,3,0,7,0,0,0,1,0,0,1,0,4.56347E+20,5.42765E+21,8.40318E+15,4.90002E+16
159440,8,1,18,48,2018,10,13,2,3,6,4,0,0,0,1,0,0,1,0,5.13564E+20,5.41561E+21,9.18504E+15,4.88933E+16
159441,8,2,12,0,2018,10,16,4,3,0,7,0,1,0,0,0,0,0,0,4.55928E+20,5.42873E+21,8.39734E+15,4.90099E+16
159442,8,1,25,86,2018,10,21,4,3,3,6,2,0,1,0,1,0,0,0,5.04351E+20,5.44339E+21,9.05966E+15,4.91433E+16
159443,8,1,18,48,2018,10,11,4,3,0,1,0,0,0,0,1,0,0,1,5.13978E+20,5.41661E+21,9.19074E+15,4.89023E+16
159444,8,1,17,33,2018,10,15,4,3,5,3,0,0,1,0,0,0,0,0,5.58222E+20,5.38817E+21,9.79039E+15,4.86439E+16
159445,8,4,35,59,2018,10,18,1,2,0,1,0,1,0,0,0,0,0,0,5.07718E+20,5.2977E+21,9.10313E+15,4.78326E+16
159446,8,3,17,57,2018,10,15,2,3,0,7,0,1,0,0,0,0,0,0,4.12648E+20,5.38074E+21,7.81579E+15,4.85737E+16
159447,8,4,35,16,2018,10,8,3,3,6,4,0,1,0,1,0,0,0,0,5.34036E+20,5.27834E+21,9.45328E+15,4.76576E+16
159448,8,4,26,87,2018,10,11,3,3,6,4,0,0,1,1,0,0,0,0,5.70865E+20,5.32453E+21,9.95128E+15,4.80701E+16
159449,8,4,36,82,2018,10,10,2,2,5,3,0,1,1,0,0,0,0,0,5.47596E+20,5.29599E+21,9.63579E+15,4.78155E+16
159450,8,4,15,78,2018,10,17,3,3,3,6,0,1,0,0,0,0,0,0,5.27822E+20,5.37269E+21,9.37668E+15,4.85067E+16
159451,8,1,15,3,2018,10,7,2,3,4,2,0,1,1,0,0,0,0,0,5.00782E+20,5.39174E+21,9.01063E+15,4.86787E+16
159452,8,3,35,75,2018,10,13,3,3,4,6,0,1,1,0,0,0,0,0,4.8756E+20,5.29003E+21,8.83399E+15,4.77635E+16
159453,8,1,16,33,2018,10,10,3,3,5,3,0,1,1,0,0,0,0,0,5.33381E+20,5.38777E+21,9.45315E+15,4.86421E+16
159454,8,4,35,35,2018,10,6,3,3,0,1,0,0,0,0,1,0,1,0,5.45569E+20,5.28504E+21,9.60757E+15,4.77172E+16
159455,8,3,11,0,2018,10,16,2,3,1,7,0,0,1,0,0,0,0,0,4.10389E+20,5.31701E+21,7.7987E+15,4.80001E+16
159456,8,3,11,0,2018,10,14,3,3,5,3,0,0,1,0,1,0,0,0,4.1039E+20,5.31699E+21,7.79872E+15,4.8E+16
159457,8,2,15,64,2018,10,16,1,3,6,4,0,0,1,1,0,0,0,0,4.78223E+20,5.45156E+21,8.70097E+15,4.92165E+16
159458,8,3,11,0,2018,10,11,3,3,6,4,0,1,0,1,0,0,0,0,4.13194E+20,5.31633E+21,7.83643E+15,4.79944E+16
159459,8,3,25,49,2018,10,16,3,3,9,2,0,0,1,0,0,0,0,0,4.74479E+20,5.33166E+21,8.65696E+15,4.81377E+16
159460,8,4,37,78,2018,10,16,6,2,5,3,0,0,0,0,0,0,1,0,5.07391E+20,5.31538E+21,9.09906E+15,4.79916E+16
159461,8,4,36,64,2018,10,17,5,3,5,3,0,1,1,0,0,0,0,0,5.4586E+20,5.29185E+21,9.61216E+15,4.77784E+16
159462,8,2,22,0,2018,10,5,7,3,5,3,2,0,1,0,0,0,0,0,4.645E+20,5.47808E+21,8.51017E+15,4.94543E+16
159463,8,4,36,64,2018,10,9,5,3,6,2,0,0,1,1,0,0,0,0,5.46362E+20,5.2929E+21,9.61898E+15,4.77878E+16
159464,8,4,35,59,2018,10,8,5,3,5,2,0,0,1,0,0,0,0,0,5.12662E+20,5.29086E+21,9.169E+15,4.7771E+16
159465,8,4,21,0,2018,10,16,6,3,2,6,0,0,1,0,0,0,0,0,5.7335E+20,5.35722E+21,9.99029E+15,4.83638E+16
159466,8,4,26,1,2018,10,17,5,3,5,3,0,1,0,0,1,0,0,0,5.66837E+20,5.34494E+21,9.90043E+15,4.82541E+16
159467,8,4,21,0,2018,10,15,6,3,5,3,0,1,1,0,0,0,0,0,5.70034E+20,5.35461E+21,9.9451E+15,4.83408E+16
159468,8,4,26,21,2018,10,16,5,3,6,4,0,0,1,1,0,0,0,0,5.5244E+20,5.32672E+21,9.70424E+15,4.80916E+16
159469,8,4,26,21,2018,10,8,5,3,5,3,0,1,1,0,0,0,0,0,5.59051E+20,5.32661E+21,9.793E+15,4.809E+16
159470,8,1,18,48,2018,10,18,7,3,5,3,0,0,1,0,1,0,0,0,5.11879E+20,5.41502E+21,9.16205E+15,4.8888E+16
159471,8,4,21,0,2018,10,15,5,3,5,3,0,0,1,0,0,0,0,0,5.71711E+20,5.36062E+21,9.96874E+15,4.83946E+16
159472,8,4,21,0,2018,10,13,5,3,5,3,0,1,1,0,0,0,0,0,5.72282E+20,5.36086E+21,9.97651E+15,4.83968E+16
159473,8,3,37,125,2018,10,15,6,3,2,6,0,0,1,0,0,0,0,0,4.47049E+20,5.27347E+21,8.29542E+15,4.76125E+16
159474,8,4,25,72,2018,10,17,5,3,2,6,0,0,1,0,0,0,0,0,5.82764E+20,5.37231E+21,1.01203E+16,4.84984E+16
159475,8,4,16,41,2018,10,17,5,3,0,7,0,1,0,0,0,0,1,1,5.04284E+20,5.37393E+21,9.05801E+15,4.85184E+16
159476,8,3,37,116,2018,10,7,6,2,6,4,2,0,1,1,0,0,0,0,4.17684E+20,5.27514E+21,7.90443E+15,4.76244E+16
159477,8,4,16,36,2018,10,17,5,3,0,6,0,0,1,1,1,0,0,0,4.95299E+20,5.36953E+21,8.93639E+15,4.84789E+16
159478,8,3,35,75,2018,10,15,6,3,2,6,0,0,1,0,0,0,0,0,4.86504E+20,5.28898E+21,8.81993E+15,4.77541E+16
159479,8,4,15,61,2018,10,14,5,2,5,3,0,0,1,0,0,0,0,0,5.1687E+20,5.37313E+21,9.22842E+15,4.85111E+16
159480,8,4,15,50,2018,10,23,5,3,5,3,2,1,1,0,0,0,0,0,5.20693E+20,5.37673E+21,9.28036E+15,4.85433E+16
159481,8,1,11,0,2018,10,19,7,3,4,7,2,0,1,0,1,0,0,0,5.1378E+20,5.40423E+21,9.18762E+15,4.87909E+16
159482,8,3,35,43,2018,10,22,5,3,0,7,2,1,0,0,0,0,0,0,5.1312E+20,5.27878E+21,9.17475E+15,4.76622E+16
159483,8,3,35,43,2018,10,7,5,2,5,3,1,1,1,0,0,0,0,0,5.13635E+20,5.27996E+21,9.18164E+15,4.76728E+16
159484,8,3,35,100,2018,10,20,6,3,5,3,2,0,1,0,1,0,0,0,4.88792E+20,5.28747E+21,8.8505E+15,4.77405E+16
159485,8,3,35,43,2018,10,9,5,2,5,3,0,1,0,0,0,0,0,0,5.12846E+20,5.28017E+21,9.17114E+15,4.76748E+16
159486,8,3,35,75,2018,10,18,6,3,5,3,1,0,1,0,0,0,0,0,4.89894E+20,5.28919E+21,8.86516E+15,4.7756E+16
159487,8,3,26,74,2018,10,7,5,3,5,3,0,0,1,0,0,0,0,0,4.65572E+20,5.32408E+21,8.53785E+15,4.80691E+16
159488,8,3,15,108,2018,10,12,7,3,5,2,0,0,1,0,0,0,0,0,4.04566E+20,5.30467E+21,7.7234E+15,4.78883E+16
159489,8,3,17,41,2018,10,18,5,2,9,1,1,0,1,0,1,0,0,0,4.39247E+20,5.34868E+21,8.18098E+15,4.82884E+16
159490,8,3,35,66,2018,10,12,6,3,3,6,0,1,1,0,0,0,0,0,5.04287E+20,5.2826E+21,9.05714E+15,4.76968E+16
159491,8,3,17,65,2018,10,14,5,3,1,5,0,0,1,0,0,0,0,0,4.15708E+20,5.35482E+21,7.86249E+15,4.83409E+16
159492,8,3,27,55,2018,10,13,7,3,0,7,0,0,0,0,0,0,1,0,4.80798E+20,5.31911E+21,8.74247E+15,4.8025E+16
159493,8,3,17,96,2018,10,13,5,2,5,3,0,1,1,0,0,0,0,0,4.20291E+20,5.36878E+21,7.92167E+15,4.84671E+16
159494,8,4,36,13,2018,10,11,6,3,5,2,0,0,0,0,0,0,1,0,5.44415E+20,5.29581E+21,9.59329E+15,4.78141E+16
159495,8,3,15,31,2018,10,14,5,3,1,6,0,0,1,0,0,0,0,1,4.46983E+20,5.31091E+21,8.28997E+15,4.79493E+16
159496,8,3,15,22,2018,10,6,5,3,2,1,2,1,1,0,0,0,0,0,3.98384E+20,5.30118E+21,7.64153E+15,4.78559E+16
159497,8,4,36,52,2018,10,17,6,2,4,2,0,0,1,0,1,0,0,0,5.66817E+20,5.29127E+21,9.8918E+15,4.77713E+16
159498,8,3,36,50,2018,10,16,5,3,4,2,0,1,1,0,0,0,0,0,4.02367E+20,5.27671E+21,7.70026E+15,4.76365E+16
159499,8,3,27,50,2018,10,19,6,3,5,3,2,0,1,0,0,0,0,0,4.85889E+20,5.31427E+21,8.81091E+15,4.79816E+16
159500,8,3,11,0,2018,10,10,5,3,1,5,0,1,1,0,0,0,0,0,4.11339E+20,5.31677E+21,7.81148E+15,4.79981E+16
159501,8,2,26,36,2018,10,12,7,2,6,4,0,0,1,1,0,0,0,0,4.68232E+20,5.48133E+21,8.5614E+15,4.94838E+16
159502,8,3,11,0,2018,10,14,5,2,5,3,0,1,0,0,0,0,1,0,4.1043E+20,5.31648E+21,7.79935E+15,4.79953E+16
159503,8,3,27,50,2018,10,16,6,3,5,3,0,1,1,0,0,0,0,0,4.86914E+20,5.31501E+21,8.82461E+15,4.79882E+16
159504,8,3,11,0,2018,10,11,5,3,0,7,0,1,0,0,0,0,0,0,4.1023E+20,5.31575E+21,7.79682E+15,4.79888E+16
159505,8,3,27,57,2018,10,17,6,3,8,1,0,0,0,0,1,0,0,0,4.88795E+20,5.30514E+21,8.85009E+15,4.78995E+16
159506,8,3,26,74,2018,10,12,6,3,2,6,0,0,1,0,0,0,0,0,4.65358E+20,5.32307E+21,8.53506E+15,4.80599E+16
159507,8,3,11,0,2018,10,14,5,3,3,6,0,0,1,0,1,0,0,0,4.10188E+20,5.31546E+21,7.79632E+15,4.79861E+16
159508,8,2,12,0,2018,10,15,5,2,6,4,0,0,1,1,0,0,0,0,4.55143E+20,5.43063E+21,8.38639E+15,4.90269E+16
159509,8,3,26,3,2018,10,16,6,3,0,1,0,1,0,0,0,0,0,0,4.64973E+20,5.32E+21,8.53014E+15,4.80324E+16
159510,8,2,22,0,2018,10,11,5,3,5,3,0,0,1,0,0,1,0,0,4.63328E+20,5.48306E+21,8.49355E+15,4.94991E+16
159511,8,2,22,0,2018,10,9,5,3,1,5,0,1,1,0,0,0,0,0,4.61513E+20,5.48224E+21,8.46855E+15,4.94916E+16
159512,8,2,15,102,2018,10,18,7,2,6,4,2,0,0,1,1,0,0,0,4.5624E+20,5.43837E+21,8.40056E+15,4.90966E+16
159513,8,2,21,0,2018,10,19,5,3,8,7,2,0,0,0,1,0,0,1,4.77137E+20,5.47183E+21,8.68489E+15,4.93987E+16
159514,8,2,21,0,2018,10,9,5,3,3,6,0,1,1,0,0,0,0,0,4.76953E+20,5.47284E+21,8.6823E+15,4.94078E+16
159515,8,3,25,11,2018,10,15,6,2,5,3,0,1,1,0,0,0,0,0,4.74153E+20,5.3397E+21,8.65209E+15,4.821E+16
159516,8,2,21,0,2018,10,6,5,2,5,3,2,1,1,0,0,0,0,0,4.77816E+20,5.47273E+21,8.69421E+15,4.94069E+16
159517,8,3,25,61,2018,10,16,6,3,5,3,0,1,0,0,0,0,1,0,4.75062E+20,5.35422E+21,8.66347E+15,4.83406E+16
159518,8,2,12,0,2018,10,7,5,3,0,7,0,1,0,0,0,0,0,0,4.5956E+20,5.43198E+21,8.44667E+15,4.90393E+16
159519,8,2,12,0,2018,10,11,5,3,5,3,0,1,1,0,0,0,0,0,4.5521E+20,5.43333E+21,8.387E+15,4.90512E+16
159520,8,2,12,0,2018,10,12,5,3,0,7,0,1,0,0,0,0,0,0,4.55512E+20,5.42876E+21,8.39164E+15,4.90102E+16
159521,8,2,12,0,2018,10,17,5,3,5,3,0,1,1,0,0,0,0,0,4.57476E+20,5.42767E+21,8.4186E+15,4.90004E+16
159522,8,1,36,50,2018,10,17,7,3,0,7,0,1,0,0,0,0,0,0,5.81121E+20,5.40425E+21,1.01044E+16,4.8786E+16
159523,8,2,11,0,2018,10,15,5,2,0,4,0,1,0,1,0,0,0,0,4.40946E+20,5.40391E+21,8.19606E+15,4.87854E+16
159524,8,1,15,45,2018,10,19,5,2,6,4,2,0,1,1,0,0,0,0,5.02195E+20,5.39443E+21,9.02983E+15,4.87029E+16
159525,8,3,17,65,2018,10,23,6,3,9,7,2,0,1,0,1,0,0,0,4.15169E+20,5.35409E+21,7.85536E+15,4.83343E+16
159526,8,1,36,88,2018,10,15,5,3,0,3,0,0,0,0,0,0,1,0,5.87253E+20,5.40585E+21,1.01882E+16,4.87995E+16
159527,8,3,17,57,2018,10,20,6,3,0,7,2,1,0,0,0,0,0,0,4.14216E+20,5.38428E+21,7.83632E+15,4.86057E+16
159528,8,1,35,15,2018,10,13,5,3,0,7,0,1,0,0,0,0,0,0,5.81111E+20,5.38251E+21,1.01E+16,4.85904E+16
159529,8,3,37,96,2018,10,14,7,3,5,3,0,0,1,0,0,0,0,0,4.20438E+20,5.26702E+21,7.94254E+15,4.75517E+16
159530,8,1,27,14,2018,10,8,5,3,1,7,0,0,0,0,0,0,1,0,5.77796E+20,5.44285E+21,1.00665E+16,4.91335E+16
159531,8,1,11,0,2018,10,16,7,3,6,7,0,0,1,1,0,0,0,0,5.17542E+20,5.40834E+21,9.23901E+15,4.88278E+16
159532,8,1,26,66,2018,10,16,5,3,3,6,0,0,1,0,0,1,0,0,5.35691E+20,5.45036E+21,9.48999E+15,4.9205E+16
159533,8,1,26,86,2018,10,6,5,3,4,6,2,1,1,0,0,0,0,0,5.43037E+20,5.46058E+21,9.59192E+15,4.92965E+16
159534,8,3,17,96,2018,10,12,6,2,5,2,0,0,1,0,0,0,0,0,4.22225E+20,5.3691E+21,7.94778E+15,4.84702E+16
159535,8,1,25,110,2018,10,21,5,3,0,1,2,0,0,0,1,0,0,0,5.27569E+20,5.44223E+21,9.37792E+15,4.91323E+16
159536,8,1,16,33,2018,10,18,7,3,5,3,0,1,1,0,0,0,0,0,5.32321E+20,5.38886E+21,9.43885E+15,4.86519E+16
159537,8,1,25,107,2018,10,12,5,3,1,7,0,0,1,1,0,0,0,0,5.33789E+20,5.4366E+21,9.46272E+15,4.90813E+16
159538,8,1,19,6,2018,10,14,5,3,0,2,0,1,0,0,0,0,1,0,5.36672E+20,5.42176E+21,9.50085E+15,4.89476E+16
159539,8,3,16,17,2018,10,17,6,3,5,3,0,1,1,0,0,0,0,0,4.09125E+20,5.34127E+21,7.77659E+15,4.82182E+16
159540,8,1,18,48,2018,10,17,5,3,2,6,0,0,1,0,0,0,0,0,5.1518E+20,5.41556E+21,9.20709E+15,4.88928E+16
159541,8,3,15,6,2018,10,16,6,3,1,6,0,0,1,0,0,0,0,0,4.0153E+20,5.30901E+21,7.6818E+15,4.79268E+16
159542,8,1,16,78,2018,10,8,5,3,6,4,0,0,1,1,0,0,0,0,5.10252E+20,5.3942E+21,9.13933E+15,4.87008E+16
159543,8,3,17,65,2018,10,13,7,3,6,4,0,0,1,1,0,0,0,0,4.13648E+20,5.35556E+21,7.83455E+15,4.83473E+16
159544,8,1,16,19,2018,10,15,5,2,0,7,0,0,0,0,1,0,0,0,5.19462E+20,5.39968E+21,9.26476E+15,4.87499E+16
159545,8,1,16,4,2018,10,18,5,3,0,1,2,1,0,0,0,0,0,0,5.28109E+20,5.39664E+21,9.38218E+15,4.87222E+16
159546,8,1,16,19,2018,10,20,5,2,5,3,2,0,1,0,1,0,0,0,5.23582E+20,5.39601E+21,9.3206E+15,4.87167E+16
159547,8,3,11,0,2018,10,16,6,3,7,1,0,1,0,0,0,0,0,0,4.11328E+20,5.31705E+21,7.81127E+15,4.80006E+16
159548,8,1,15,29,2018,10,10,5,3,1,5,0,0,1,0,0,0,0,0,4.97277E+20,5.39848E+21,8.96296E+15,4.87393E+16
159549,8,3,15,41,2018,10,9,6,3,2,2,0,0,1,0,1,0,0,0,4.20134E+20,5.3227E+21,7.92825E+15,4.80526E+16
159550,8,1,15,4,2018,10,16,5,3,5,3,0,0,1,0,1,0,0,0,4.87985E+20,5.37483E+21,8.83727E+15,4.85264E+16
159551,8,2,21,0,2018,10,19,7,3,1,6,2,0,1,0,1,0,0,0,4.76385E+20,5.47285E+21,8.67447E+15,4.94078E+16
159552,8,3,11,0,2018,10,12,6,3,2,6,0,0,1,0,1,0,0,0,4.10249E+20,5.31579E+21,7.79708E+15,4.79891E+16
159553,8,1,15,37,2018,10,6,5,3,6,4,2,0,1,1,0,0,0,0,4.91838E+20,5.38524E+21,8.88925E+15,4.86201E+16
159554,8,2,37,4,2018,10,17,7,3,3,2,0,1,1,0,0,0,0,0,4.53464E+20,5.37287E+21,8.36996E+15,4.85072E+16
159555,8,1,11,0,2018,10,20,5,3,7,7,2,0,1,0,0,0,1,0,5.12849E+20,5.39833E+21,9.17476E+15,4.87378E+16
159556,8,2,12,0,2018,10,19,6,3,5,2,2,1,1,0,0,0,0,0,4.59789E+20,5.42641E+21,8.45036E+15,4.89893E+16
159557,8,1,11,0,2018,10,8,5,3,2,6,0,0,1,0,1,0,0,0,5.14899E+20,5.40729E+21,9.20296E+15,4.88184E+16
159558,8,1,11,0,2018,10,16,5,3,5,3,0,0,1,0,0,0,1,0,5.12719E+20,5.40331E+21,9.17313E+15,4.87827E+16
159559,8,2,12,0,2018,10,14,6,3,5,3,0,1,1,0,0,0,0,0,4.54666E+20,5.42851E+21,8.38009E+15,4.90079E+16
159560,8,1,11,0,2018,10,16,5,2,0,3,0,1,1,0,0,0,0,0,5.17005E+20,5.4101E+21,9.23177E+15,4.88437E+16
159561,8,1,11,0,2018,10,16,5,3,1,7,0,1,1,0,0,0,0,0,5.12557E+20,5.40181E+21,9.17088E+15,4.87692E+16
159562,8,2,12,0,2018,10,19,7,3,4,6,1,1,1,0,0,0,0,0,4.55928E+20,5.4281E+21,8.3974E+15,4.90042E+16
159563,8,1,11,0,2018,10,17,5,3,2,6,0,0,1,0,0,0,0,0,5.11712E+20,5.40062E+21,9.15935E+15,4.87585E+16
159564,8,4,35,59,2018,10,17,4,3,0,7,0,1,0,0,0,0,0,0,5.1192E+20,5.29043E+21,9.15908E+15,4.77672E+16
159565,8,2,12,0,2018,10,9,6,3,5,3,0,0,1,0,1,0,0,0,4.5522E+20,5.4298E+21,8.38753E+15,4.90195E+16
159566,8,4,26,21,2018,10,8,4,2,5,3,0,1,1,0,0,0,0,0,5.5875E+20,5.32706E+21,9.78902E+15,4.80941E+16
159567,8,4,26,128,2018,10,6,4,3,4,6,2,0,1,0,0,0,0,1,5.599E+20,5.33243E+21,9.80522E+15,4.81423E+16
159568,8,4,25,33,2018,10,13,4,3,5,3,0,0,1,0,1,0,0,0,5.53697E+20,5.34777E+21,9.72378E+15,4.82808E+16
159569,8,2,31,0,2018,10,6,6,2,0,1,2,1,0,0,0,0,0,0,4.8291E+20,5.41399E+21,8.76691E+15,4.88786E+16
159570,8,4,21,0,2018,10,15,4,3,5,3,0,1,1,0,0,0,0,0,5.74241E+20,5.36235E+21,1.00032E+16,4.84099E+16
159571,8,2,26,6,2018,10,13,6,3,0,7,0,1,0,0,0,0,0,0,4.83731E+20,5.46628E+21,8.77601E+15,4.93491E+16
159572,8,4,17,79,2018,10,5,4,3,0,7,2,1,0,0,0,0,0,0,4.9982E+20,5.33999E+21,8.99758E+15,4.82131E+16
159573,8,4,16,41,2018,10,17,4,3,5,3,0,0,1,0,1,0,0,0,5.04449E+20,5.37331E+21,9.06025E+15,4.85129E+16
159574,8,1,19,79,2018,10,11,7,3,4,6,0,1,1,0,0,0,0,0,5.22924E+20,5.41617E+21,9.31278E+15,4.8898E+16
159575,8,4,16,22,2018,10,11,4,3,3,6,0,0,1,0,1,0,0,0,5.10811E+20,5.37491E+21,9.14643E+15,4.85272E+16
159576,8,4,15,61,2018,10,16,4,3,3,2,0,1,1,0,0,0,0,0,5.15147E+20,5.3716E+21,9.20504E+15,4.84973E+16
159577,8,2,26,68,2018,10,10,6,3,2,1,0,0,1,0,0,0,0,0,4.68674E+20,5.46076E+21,8.56913E+15,4.92987E+16
159578,8,4,15,61,2018,10,17,4,3,5,2,0,1,1,0,0,0,0,0,5.16522E+20,5.37258E+21,9.22368E+15,4.85061E+16
159579,8,2,22,0,2018,10,16,6,3,5,3,0,1,1,0,0,0,0,0,4.63304E+20,5.4817E+21,8.49334E+15,4.94868E+16
159580,8,3,36,81,2018,10,18,4,3,0,1,1,1,0,0,0,0,1,1,4.09926E+20,5.27796E+21,7.80062E+15,4.76487E+16
159581,8,3,35,75,2018,10,12,7,3,5,3,0,1,1,0,0,0,0,0,4.87572E+20,5.2905E+21,8.83414E+15,4.77677E+16
159582,8,2,22,0,2018,10,17,6,3,2,6,0,0,1,0,1,0,0,0,4.61344E+20,5.48168E+21,8.46628E+15,4.94866E+16
159583,8,3,17,146,2018,10,16,4,2,4,2,0,1,1,0,0,0,0,0,4.30421E+20,5.35514E+21,8.06096E+15,4.83456E+16
159584,8,3,17,96,2018,10,13,4,2,5,3,0,1,1,0,0,0,0,0,4.20767E+20,5.36842E+21,7.92817E+15,4.84639E+16
159585,8,1,15,29,2018,10,19,7,3,6,4,2,0,1,1,0,0,0,0,4.96589E+20,5.39921E+21,8.95361E+15,4.87459E+16
159586,8,3,17,65,2018,10,14,4,3,3,2,0,1,1,0,0,0,0,0,4.13815E+20,5.35469E+21,7.83697E+15,4.83395E+16
159587,8,3,17,114,2018,10,16,4,2,4,6,0,1,1,0,0,0,0,0,4.04588E+20,5.34723E+21,7.71417E+15,4.82711E+16
159588,8,2,22,0,2018,10,16,6,3,5,3,0,1,1,0,0,0,0,0,4.63684E+20,5.47802E+21,8.49892E+15,4.94538E+16
159589,8,3,16,11,2018,10,15,4,3,2,6,0,0,1,0,1,0,0,0,4.12172E+20,5.33132E+21,7.81965E+15,4.8129E+16
159590,8,2,22,0,2018,10,11,6,3,2,6,0,0,1,0,0,0,0,0,4.6247E+20,5.47809E+21,8.48216E+15,4.94543E+16
159591,8,3,15,98,2018,10,16,4,3,6,4,0,1,0,1,0,0,0,0,4.0717E+20,5.31248E+21,7.75653E+15,4.79589E+16
159592,8,3,15,111,2018,10,13,7,2,0,7,0,1,0,0,0,0,0,0,4.01955E+20,5.30025E+21,7.68947E+15,4.78481E+16
159593,8,3,36,91,2018,10,15,4,2,6,7,0,1,0,1,0,0,0,0,3.96173E+20,5.27455E+21,7.61835E+15,4.76161E+16
159594,8,3,11,0,2018,10,9,4,3,5,3,0,0,1,0,0,0,0,0,4.12513E+20,5.31521E+21,7.82753E+15,4.79842E+16
159595,8,2,12,0,2018,10,14,4,3,0,5,0,0,1,0,0,0,1,0,4.55539E+20,5.42876E+21,8.39201E+15,4.90101E+16
159596,8,2,12,0,2018,10,16,4,3,5,7,0,0,1,0,0,0,1,0,4.54291E+20,5.42916E+21,8.3749E+15,4.90136E+16
159597,8,4,36,6,2018,10,16,6,3,6,4,0,0,1,1,0,0,0,0,5.56587E+20,5.28371E+21,9.75429E+15,4.77043E+16
159598,8,2,12,0,2018,10,7,4,3,5,2,0,1,1,0,0,0,0,0,4.5743E+20,5.42882E+21,8.41786E+15,4.90108E+16
159599,8,2,31,0,2018,10,17,4,3,4,2,0,1,1,0,0,0,0,0,4.78725E+20,5.4151E+21,8.70978E+15,4.88885E+16
159600,8,2,22,0,2018,10,22,6,3,0,7,2,1,0,0,0,0,0,0,4.62567E+20,5.47813E+21,8.4835E+15,4.94547E+16
159601,8,2,26,54,2018,10,16,4,3,5,3,0,1,1,0,0,0,0,0,4.80014E+20,5.45479E+21,8.7254E+15,4.92456E+16
159602,8,2,22,0,2018,10,11,6,3,1,7,0,1,1,0,0,0,0,0,4.69356E+20,5.47643E+21,8.5773E+15,4.94398E+16
159603,8,2,26,82,2018,10,11,4,3,0,7,0,1,0,0,0,0,0,0,4.75532E+20,5.47975E+21,8.66228E+15,4.94699E+16
159604,8,2,36,46,2018,10,17,7,3,5,3,0,1,1,0,0,0,0,0,4.84129E+20,5.41825E+21,8.78337E+15,4.8917E+16
159605,8,2,26,32,2018,10,13,4,3,5,3,0,0,0,0,0,0,1,0,4.67162E+20,5.46428E+21,8.54804E+15,4.93303E+16
159606,8,2,21,0,2018,10,17,6,3,5,3,0,0,1,0,0,0,0,0,4.78495E+20,5.47089E+21,8.70366E+15,4.93904E+16
159607,8,2,22,0,2018,10,19,4,3,5,3,2,0,1,0,1,0,0,0,4.60585E+20,5.48344E+21,8.45562E+15,4.95023E+16
159608,8,2,21,0,2018,10,15,6,3,4,6,0,1,0,0,0,0,0,0,4.77742E+20,5.47346E+21,8.69314E+15,4.94134E+16
159609,8,2,22,0,2018,10,16,4,3,0,7,0,1,1,0,0,0,0,0,4.66022E+20,5.48167E+21,8.53087E+15,4.94867E+16
159610,8,2,16,15,2018,10,11,6,2,6,4,0,0,0,1,0,0,1,0,4.49742E+20,5.40587E+21,8.31556E+15,4.88038E+16
159611,8,2,26,18,2018,10,18,4,3,4,6,1,1,1,0,0,0,0,0,4.73275E+20,5.47187E+21,8.63167E+15,4.9399E+16
159612,8,2,15,66,2018,10,15,6,3,2,6,0,0,1,0,0,0,0,0,4.60965E+20,5.45049E+21,8.46411E+15,4.9206E+16
159613,8,2,21,0,2018,10,7,4,3,1,5,2,1,1,0,0,0,0,0,4.75928E+20,5.47297E+21,8.66816E+15,4.94089E+16
159614,8,2,16,15,2018,10,23,7,3,0,3,2,0,1,0,0,0,0,0,4.49605E+20,5.40598E+21,8.31368E+15,4.88048E+16
159615,8,2,16,33,2018,10,7,4,3,5,3,0,0,1,0,0,0,0,0,4.46716E+20,5.41333E+21,8.27338E+15,4.88706E+16
159616,8,2,12,0,2018,10,13,4,3,1,5,0,1,1,0,0,0,0,0,4.55196E+20,5.43368E+21,8.38677E+15,4.90544E+16
159617,8,2,15,64,2018,10,19,6,3,5,3,1,0,1,0,0,0,0,0,4.79547E+20,5.45249E+21,8.71911E+15,4.92248E+16
159618,8,2,15,105,2018,10,1,4,3,1,5,2,0,1,0,0,0,0,0,4.57626E+20,5.4416E+21,8.4192E+15,4.91258E+16
159619,8,2,12,0,2018,10,14,6,3,5,3,0,1,1,0,0,0,0,0,4.54472E+20,5.43302E+21,8.37694E+15,4.90483E+16
159620,8,2,15,17,2018,10,17,4,3,5,3,0,0,1,0,1,0,0,0,4.55303E+20,5.42163E+21,8.38957E+15,4.89459E+16
159621,8,2,15,108,2018,10,17,4,3,4,2,0,0,1,0,1,0,0,0,4.50647E+20,5.42569E+21,8.32549E+15,4.89822E+16
159622,8,1,18,48,2018,10,15,7,3,1,6,0,0,1,0,0,0,0,0,5.10874E+20,5.41885E+21,9.14843E+15,4.89225E+16
159623,8,1,15,28,2018,10,15,4,2,0,7,0,1,0,0,0,0,0,0,5.01389E+20,5.40434E+21,9.01892E+15,4.8792E+16