OBJECTID_1,ULAND,UREGBEZ,UKREIS,UGEMEINDE,UJAHR,UMONAT,USTUNDE,UWOCHENTAG,UKATEGORIE,UART,UTYP1,ULICHTVERH,IstRad,IstPKW,IstFuss,IstKrad,IstGkfz,IstSonstig,STRZUSTAND,LINREFX,LINREFY,XGCSWGS84,YGCSWGS84
159809,8,4,25,31,2018,10,7,5,3,6,2,2,0,1,1,0,0,0,0,5.69427E+20,5.36887E+21,9.93927E+15,4.84691E+16
159810,8,4,36,55,2018,10,18,2,2,5,3,0,1,1,0,0,0,0,0,5.75505E+20,5.29814E+21,1.00089E+16,4.78322E+16
159811,8,1,16,56,2018,10,7,5,3,5,3,0,0,1,0,1,0,0,0,5.30362E+20,5.39583E+21,9.41276E+15,4.87148E+16
159812,8,4,35,53,2018,10,7,2,2,5,3,0,0,0,0,0,1,1,0,5.0718E+20,5.29356E+21,9.09588E+15,4.77953E+16
159813,8,4,21,0,2018,10,18,2,2,6,4,1,0,1,1,0,0,0,0,5.72722E+20,5.36057E+21,9.9824E+15,4.83941E+16
159814,8,1,15,45,2018,10,18,5,3,0,7,1,1,0,0,0,0,0,0,5.00613E+20,5.39424E+21,9.00833E+15,4.87012E+16
159815,8,4,25,141,2018,10,15,2,3,0,3,0,1,1,0,0,0,0,0,5.68053E+20,5.36306E+21,9.91973E+15,4.8417E+16
159816,8,4,21,0,2018,10,10,2,3,0,1,0,1,0,0,0,0,0,0,5.7071E+20,5.35804E+21,9.95479E+15,4.83716E+16
159817,8,1,15,45,2018,10,7,5,3,5,3,0,1,1,0,0,0,0,0,5.00531E+20,5.39624E+21,9.00722E+15,4.87192E+16
159818,8,4,15,61,2018,10,13,2,2,0,7,0,1,0,0,0,0,0,0,5.1683E+20,5.37414E+21,9.22792E+15,4.85201E+16
159819,8,4,15,61,2018,10,7,2,3,2,6,1,0,1,0,0,0,0,0,5.15864E+20,5.37183E+21,9.21474E+15,4.84994E+16
159820,8,1,15,37,2018,10,17,5,2,5,3,0,1,0,0,0,0,0,0,4.91906E+20,5.38523E+21,8.89017E+15,4.86201E+16
159821,8,4,15,59,2018,10,19,2,3,1,6,2,0,1,0,0,0,0,0,5.17011E+20,5.36993E+21,9.2302E+15,4.84823E+16
159822,8,3,37,96,2018,10,15,2,3,6,4,0,0,1,1,0,0,0,0,4.19835E+20,5.2674E+21,7.93446E+15,4.75551E+16
159823,8,3,36,69,2018,10,13,2,2,5,3,0,1,0,0,0,0,0,0,4.08875E+20,5.26841E+21,7.78861E+15,4.75627E+16
159824,8,1,15,3,2018,10,14,5,3,0,7,0,0,0,0,0,0,1,0,5.00211E+20,5.39153E+21,9.00287E+15,4.86768E+16
159825,8,3,35,43,2018,10,7,2,3,5,2,0,1,0,0,1,0,0,0,5.12939E+20,5.28034E+21,9.17237E+15,4.76763E+16
159826,8,1,11,0,2018,10,19,5,3,5,3,2,1,1,0,0,0,0,0,5.12199E+20,5.40648E+21,9.16616E+15,4.88112E+16
159827,8,3,17,145,2018,10,17,2,3,0,7,0,1,0,0,0,0,0,0,4.42271E+20,5.34985E+21,8.22159E+15,4.82992E+16
159828,8,3,17,65,2018,10,19,2,3,1,5,2,1,1,0,0,0,0,0,4.15082E+20,5.35408E+21,7.85419E+15,4.83342E+16
159829,8,1,11,0,2018,10,18,5,3,5,3,0,1,1,0,0,0,0,0,5.08982E+20,5.3968E+21,9.12213E+15,4.87241E+16
159830,8,3,16,11,2018,10,17,2,3,5,3,0,1,1,0,0,0,0,0,4.15016E+20,5.32971E+21,7.85819E+15,4.81149E+16
159831,8,3,36,91,2018,10,15,2,3,5,3,0,0,1,0,0,0,0,0,3.96302E+20,5.27177E+21,7.62071E+15,4.7591E+16
159832,8,1,11,0,2018,10,16,5,3,5,3,0,0,1,0,0,0,0,0,5.08267E+20,5.39931E+21,9.11245E+15,4.87467E+16
159833,8,3,11,0,2018,10,7,2,2,0,1,0,1,0,0,0,0,0,0,4.14536E+20,5.31316E+21,7.85505E+15,4.7966E+16
159834,8,4,36,55,2018,10,15,4,3,6,4,0,1,0,1,0,0,0,0,5.80102E+20,5.29875E+21,1.00705E+16,4.78371E+16
159835,8,2,15,9,2018,10,16,2,2,0,1,0,0,0,0,1,0,0,0,4.74487E+20,5.43936E+21,8.65044E+15,4.91065E+16
159836,8,4,35,30,2018,10,11,4,3,5,3,0,1,1,0,0,0,0,0,5.41426E+20,5.27186E+21,9.55109E+15,4.75989E+16
159837,8,4,21,0,2018,10,17,4,2,3,2,0,1,1,0,0,0,0,0,5.71619E+20,5.36064E+21,9.96752E+15,4.83949E+16
159838,8,2,12,0,2018,10,8,2,3,5,2,0,1,1,0,0,0,0,0,4.55225E+20,5.43052E+21,8.38753E+15,4.90259E+16
159839,8,1,11,0,2018,10,17,6,3,6,4,0,0,1,1,0,0,0,0,5.1831E+20,5.40384E+21,9.24928E+15,4.87873E+16
159840,8,2,36,71,2018,10,13,2,2,5,3,0,1,1,0,0,0,0,0,4.68631E+20,5.4196E+21,8.57174E+15,4.89285E+16
159841,8,4,21,0,2018,10,15,4,3,0,7,0,1,0,0,0,0,0,0,5.72823E+20,5.36079E+21,9.98379E+15,4.83961E+16
159842,8,2,26,98,2018,10,17,2,3,3,2,0,1,1,0,0,0,0,0,4.76931E+20,5.45991E+21,8.68275E+15,4.92915E+16
159843,8,2,26,32,2018,10,18,2,3,0,7,0,1,1,0,0,0,0,0,4.67009E+20,5.46362E+21,8.54599E+15,4.93244E+16
159844,8,4,25,5,2018,10,10,4,3,5,3,0,0,1,0,0,0,0,0,5.7593E+20,5.38093E+21,1.00294E+16,4.85769E+16
159845,8,2,25,33,2018,10,19,2,3,4,2,2,0,1,0,1,0,0,0,5.10566E+20,5.46092E+21,9.14533E+15,4.9301E+16
159846,8,4,16,41,2018,10,11,4,3,2,6,0,0,1,0,0,0,0,0,5.04546E+20,5.37625E+21,9.06158E+15,4.85394E+16
159847,8,2,26,95,2018,10,16,2,2,6,4,0,0,1,1,0,0,0,0,4.74038E+20,5.46122E+21,8.64287E+15,4.93031E+16
159848,8,4,16,41,2018,10,9,4,3,1,7,0,1,1,0,0,0,0,0,5.02646E+20,5.3757E+21,9.03584E+15,4.85344E+16
159849,8,2,16,24,2018,10,10,2,3,0,7,0,0,0,0,1,0,0,0,4.45083E+20,5.40979E+21,8.25159E+15,4.88386E+16
159850,8,2,15,106,2018,10,15,2,3,0,7,0,0,1,0,0,0,0,0,4.65636E+20,5.45123E+21,8.52816E+15,4.92129E+16
159851,8,2,15,7,2018,10,7,2,3,5,3,1,1,1,0,0,0,0,0,4.79043E+20,5.4313E+21,8.71328E+15,4.90342E+16
159852,8,2,12,0,2018,10,18,2,3,5,2,1,1,1,0,0,0,0,0,4.58375E+20,5.43083E+21,8.43058E+15,4.9029E+16
159853,8,4,15,61,2018,10,15,4,3,4,2,0,0,1,0,1,0,0,0,5.1036E+20,5.36938E+21,9.14018E+15,4.84775E+16
159854,8,2,15,17,2018,10,16,2,3,2,6,0,0,1,0,0,0,0,0,4.53074E+20,5.41903E+21,8.35942E+15,4.89224E+16
159855,8,2,15,108,2018,10,21,2,3,3,6,2,0,1,0,0,0,0,0,4.48792E+20,5.42306E+21,8.30047E+15,4.89584E+16
159856,8,4,15,14,2018,10,17,4,3,3,2,0,1,1,0,0,0,0,0,5.26339E+20,5.37386E+21,9.35667E+15,4.85173E+16
159857,8,2,12,0,2018,10,6,2,3,5,2,0,0,1,0,0,0,0,0,4.51631E+20,5.43141E+21,8.33825E+15,4.90337E+16
159858,8,4,15,78,2018,10,20,4,3,0,3,2,0,1,0,1,0,0,1,5.28392E+20,5.37162E+21,9.38432E+15,4.84971E+16
159859,8,2,12,0,2018,10,11,2,3,0,3,0,1,0,0,0,0,0,0,4.53292E+20,5.42929E+21,8.36122E+15,4.90147E+16
159860,8,3,37,32,2018,10,18,4,3,5,3,0,0,1,0,1,0,0,0,4.37387E+20,5.27218E+21,8.16706E+15,4.76E+16
159861,8,2,12,0,2018,10,18,2,3,6,4,0,0,1,1,0,0,0,0,4.53048E+20,5.42901E+21,8.35792E+15,4.90122E+16
159862,8,3,35,43,2018,10,7,4,3,7,7,0,1,0,1,0,0,0,0,5.1265E+20,5.27901E+21,9.16849E+15,4.76644E+16
159863,8,2,12,0,2018,10,8,2,3,5,2,0,1,1,0,0,0,0,0,4.53516E+20,5.42891E+21,8.36433E+15,4.90114E+16
159864,8,3,26,74,2018,10,18,4,3,0,1,1,0,0,0,1,0,0,0,4.59629E+20,5.32382E+21,8.4581E+15,4.80663E+16
159865,8,2,12,0,2018,10,20,2,3,0,2,2,0,0,0,1,0,0,0,4.52832E+20,5.42796E+21,8.35509E+15,4.90027E+16
159866,8,3,25,24,2018,10,12,4,3,5,6,0,0,1,0,0,0,0,0,4.55752E+20,5.33657E+21,8.40474E+15,4.81809E+16
159867,8,2,12,0,2018,10,10,2,3,1,5,0,1,0,0,0,1,0,0,4.56863E+20,5.42812E+21,8.41018E+15,4.90044E+16
159868,8,3,25,45,2018,10,18,4,3,1,5,1,0,1,0,1,0,0,0,4.68415E+20,5.34976E+21,8.5741E+15,4.83002E+16
159869,8,2,12,0,2018,10,17,2,3,0,7,0,0,0,0,0,0,1,0,4.55974E+20,5.42942E+21,8.39789E+15,4.90161E+16
159870,8,3,16,9,2018,10,13,4,3,5,3,0,1,1,0,0,0,0,0,4.17503E+20,5.32417E+21,7.89266E+15,4.80655E+16
159871,8,2,15,17,2018,10,16,2,3,2,6,0,0,1,0,0,0,0,0,4.55202E+20,5.42187E+21,8.38815E+15,4.89481E+16
159872,8,2,11,0,2018,10,14,2,3,0,7,0,1,0,1,0,0,0,0,4.43891E+20,5.40152E+21,8.23647E+15,4.87641E+16
159873,8,3,36,91,2018,10,8,4,3,0,1,0,1,0,0,0,0,0,0,3.96838E+20,5.27236E+21,7.6277E+15,4.75965E+16
159874,8,1,35,19,2018,10,20,2,3,0,7,2,1,0,0,0,0,0,0,5.83841E+20,5.39223E+21,1.01389E+16,4.86775E+16
159875,8,3,11,0,2018,10,17,4,3,0,7,0,1,0,0,0,0,0,0,4.14053E+20,5.31734E+21,7.84774E+15,4.80035E+16
159876,8,1,35,19,2018,10,5,2,2,5,3,2,0,1,0,1,0,0,0,5.8553E+20,5.3955E+21,1.01626E+16,4.87067E+16
159877,8,1,11,0,2018,10,6,6,3,0,3,1,0,0,0,1,0,0,1,5.1075E+20,5.3967E+21,9.14616E+15,4.87232E+16
159878,8,1,28,126,2018,10,16,2,3,5,3,0,0,1,0,1,0,0,0,5.65163E+20,5.48177E+21,9.89967E+15,4.94851E+16
159879,8,2,37,28,2018,10,15,4,3,4,2,0,0,1,0,1,0,0,0,4.56764E+20,5.36823E+21,8.41511E+15,4.84657E+16
159880,8,1,27,56,2018,10,16,2,3,5,3,0,1,1,0,0,0,0,0,5.55782E+20,5.43545E+21,9.76371E+15,4.90694E+16
159881,8,1,25,65,2018,10,15,2,3,5,3,0,1,1,0,0,0,0,0,5.16438E+20,5.44901E+21,9.22562E+15,4.91937E+16
159882,8,1,21,0,2018,10,15,2,3,0,7,0,0,1,0,0,0,1,0,5.16447E+20,5.44385E+21,9.22553E+15,4.91472E+16
159883,8,2,36,43,2018,10,15,4,3,8,7,0,1,0,0,0,0,0,0,4.67519E+20,5.40798E+21,8.55748E+15,4.8824E+16
159884,8,1,19,76,2018,10,18,2,2,0,4,1,1,0,1,0,0,0,0,5.42768E+20,5.40667E+21,9.58253E+15,4.88116E+16
159885,8,1,19,20,2018,10,17,2,3,1,6,0,0,1,0,1,0,0,0,5.1944E+20,5.41E+21,9.26495E+15,4.88427E+16
159886,8,2,26,98,2018,10,15,4,3,5,3,0,0,1,0,0,0,1,0,4.78258E+20,5.46043E+21,8.70096E+15,4.92962E+16
159887,8,1,18,46,2018,10,14,2,3,5,2,0,0,1,0,0,0,1,0,5.12945E+20,5.41385E+21,9.17655E+15,4.88775E+16
159888,8,2,22,0,2018,10,9,4,3,5,5,0,0,1,0,0,0,0,0,4.61784E+20,5.48291E+21,8.47223E+15,4.94976E+16
159889,8,1,18,19,2018,10,16,2,3,1,2,0,0,1,0,1,0,0,0,5.04449E+20,5.40504E+21,9.06058E+15,4.87983E+16
159890,8,2,22,0,2018,10,10,4,3,0,6,0,1,0,0,0,0,0,0,4.63058E+20,5.47785E+21,8.4903E+15,4.94522E+16
159891,8,1,17,49,2018,10,15,2,2,2,6,0,1,0,0,0,0,0,0,5.5509E+20,5.39191E+21,9.74837E+15,4.86778E+16
159892,8,2,22,0,2018,10,7,4,2,5,3,0,1,1,0,0,0,0,0,4.63325E+20,5.48559E+21,8.49327E+15,4.95218E+16
159893,8,1,16,19,2018,10,6,2,2,4,2,2,0,1,0,1,0,0,0,5.23007E+20,5.39815E+21,9.3129E+15,4.8736E+16
159894,8,1,15,3,2018,10,8,2,3,5,3,0,0,1,0,0,0,0,0,5.03244E+20,5.39266E+21,9.04407E+15,4.8687E+16
159895,8,2,22,0,2018,10,16,4,3,0,1,0,0,1,0,0,0,0,0,4.64204E+20,5.48555E+21,8.50542E+15,4.95215E+16
159896,8,1,11,0,2018,10,10,2,3,5,3,0,1,1,0,0,0,0,0,5.13114E+20,5.40231E+21,9.17849E+15,4.87736E+16
159897,8,2,21,0,2018,10,13,4,3,5,3,0,1,1,0,0,0,0,0,4.75654E+20,5.47309E+21,8.66438E+15,4.94101E+16
159898,8,1,11,0,2018,10,17,2,3,2,6,1,0,1,0,0,0,0,0,5.1395E+20,5.40838E+21,9.19007E+15,4.88282E+16
159899,8,2,21,0,2018,10,17,4,3,5,5,0,1,1,0,0,0,0,0,4.76826E+20,5.47268E+21,8.68056E+15,4.94064E+16
159900,8,1,11,0,2018,10,16,2,2,5,2,0,0,1,0,1,0,0,0,5.11514E+20,5.40218E+21,9.15671E+15,4.87725E+16
159901,8,2,21,0,2018,10,20,4,3,0,4,2,0,0,1,1,0,0,0,4.79595E+20,5.47359E+21,8.71868E+15,4.94147E+16
159902,8,1,11,0,2018,10,20,2,3,5,3,2,0,1,0,1,0,0,0,5.1208E+20,5.40275E+21,9.16442E+15,4.87776E+16
159903,8,2,21,0,2018,10,16,4,3,5,2,0,1,0,0,0,0,1,0,4.77035E+20,5.4739E+21,8.68336E+15,4.94174E+16
159904,8,4,36,69,2018,10,15,1,3,0,1,0,1,0,0,0,0,0,0,5.52966E+20,5.29383E+21,9.70725E+15,4.77956E+16
159905,8,2,21,0,2018,10,8,4,3,4,3,0,1,1,0,0,0,0,0,4.76725E+20,5.47417E+21,8.67908E+15,4.94198E+16
159906,8,4,35,24,2018,10,15,1,3,5,3,0,1,1,0,0,0,0,0,5.26383E+20,5.27884E+21,9.3514E+15,4.76624E+16
159907,8,4,21,0,2018,10,13,1,2,8,1,0,1,0,0,0,0,0,0,5.72152E+20,5.36192E+21,9.97493E+15,4.84063E+16
159908,8,2,21,0,2018,10,6,4,3,3,6,0,0,1,0,0,1,0,0,4.76809E+20,5.47215E+21,8.68036E+15,4.94016E+16
159909,8,4,26,73,2018,10,19,1,3,0,3,1,1,0,0,0,0,0,0,5.67398E+20,5.3377E+21,9.90683E+15,4.81889E+16
159910,8,2,16,43,2018,10,15,4,3,0,7,0,1,0,0,0,0,1,1,4.433E+20,5.4127E+21,8.2269E+15,4.88647E+16
159911,8,4,16,41,2018,10,1,1,3,1,1,2,0,1,0,0,0,0,0,5.03198E+20,5.37403E+21,9.04331E+15,4.85194E+16
159912,8,1,36,65,2018,10,10,4,3,6,7,0,0,1,1,0,0,0,0,5.58826E+20,5.40582E+21,9.80111E+15,4.88026E+16
159913,8,4,15,61,2018,10,16,1,3,5,3,0,0,1,0,0,0,0,0,5.14926E+20,5.36994E+21,9.20198E+15,4.84824E+16
159914,8,1,27,73,2018,10,16,4,3,2,6,0,0,1,0,0,0,0,0,5.781E+20,5.44827E+21,1.00717E+16,4.91822E+16
159915,8,1,26,66,2018,10,14,4,3,4,6,0,0,1,0,0,0,0,0,5.35686E+20,5.44929E+21,9.48981E+15,4.91954E+16
159916,8,3,35,75,2018,10,20,1,3,5,7,2,0,1,0,0,0,0,0,4.8892E+20,5.28884E+21,8.85218E+15,4.77528E+16
159917,8,1,26,46,2018,10,11,4,3,2,6,0,0,1,0,1,0,0,0,5.49963E+20,5.45884E+21,9.68696E+15,4.92802E+16
159918,8,3,35,43,2018,10,13,1,3,5,3,0,1,1,0,0,0,0,0,5.11622E+20,5.28053E+21,9.15484E+15,4.7678E+16
159919,8,3,26,74,2018,10,1,1,3,5,3,2,0,1,0,0,0,0,0,4.58951E+20,5.32404E+21,8.44898E+15,4.80683E+16
159920,8,1,21,0,2018,10,13,4,3,0,7,0,1,0,0,0,0,0,0,5.15505E+20,5.44169E+21,9.21253E+15,4.91279E+16
159921,8,3,17,89,2018,10,15,1,3,0,7,0,1,0,0,0,0,0,0,4.3483E+20,5.3741E+21,8.1175E+15,4.85167E+16
159922,8,3,15,84,2018,10,18,1,2,6,4,1,0,1,1,0,0,0,0,4.21473E+20,5.30918E+21,7.94868E+15,4.79311E+16
159923,8,1,19,79,2018,10,15,4,3,4,6,0,0,1,0,1,0,0,0,5.22034E+20,5.41148E+21,9.30038E+15,4.88559E+16
159924,8,3,11,0,2018,10,18,1,3,6,4,1,1,0,1,0,0,0,0,4.11506E+20,5.31594E+21,7.81388E+15,4.79906E+16
159925,8,3,11,0,2018,10,18,1,3,2,6,0,0,0,0,1,0,0,0,4.12207E+20,5.3148E+21,7.82351E+15,4.79805E+16
159926,8,1,19,79,2018,10,8,4,3,1,7,0,0,0,0,1,0,1,0,5.21958E+20,5.40885E+21,9.2992E+15,4.88322E+16
159927,8,2,26,95,2018,10,19,1,3,0,3,1,1,0,0,0,0,0,0,4.73939E+20,5.46117E+21,8.64152E+15,4.93027E+16
159928,8,1,19,79,2018,10,21,4,2,6,4,2,0,1,1,0,0,0,0,5.24884E+20,5.40934E+21,9.3391E+15,4.88366E+16
159929,8,2,26,96,2018,10,9,1,3,8,1,0,0,1,0,0,0,0,0,4.76151E+20,5.48549E+21,8.67049E+15,4.95215E+16
159930,8,2,25,9,2018,10,13,1,3,6,6,0,0,1,1,0,0,0,0,5.19089E+20,5.46867E+21,9.26293E+15,4.93705E+16
159931,8,1,15,3,2018,10,7,4,3,2,6,0,0,1,0,0,0,0,0,5.02284E+20,5.39227E+21,9.03103E+15,4.86834E+16
159932,8,2,22,0,2018,10,10,1,3,5,3,0,0,1,0,0,0,0,0,4.64524E+20,5.48505E+21,8.50988E+15,4.9517E+16
159933,8,2,22,0,2018,10,15,1,3,5,3,0,0,1,0,1,0,0,0,4.62363E+20,5.48261E+21,8.48026E+15,4.9495E+16
159934,8,1,11,0,2018,10,8,4,3,5,3,0,0,1,0,0,0,0,0,5.1295E+20,5.40969E+21,9.17649E+15,4.884E+16
159935,8,2,22,0,2018,10,14,1,3,6,7,0,0,1,1,0,0,0,0,4.62061E+20,5.48542E+21,8.47581E+15,4.95202E+16
159936,8,2,22,0,2018,10,2,1,3,2,6,2,0,1,0,0,0,0,0,4.61458E+20,5.48228E+21,8.46779E+15,4.9492E+16
159937,8,1,11,0,2018,10,9,4,3,2,6,0,0,1,0,0,1,0,0,5.10344E+20,5.39542E+21,9.14061E+15,4.87117E+16
159938,8,2,22,0,2018,10,11,1,2,2,6,0,0,1,0,1,0,0,0,4.61361E+20,5.48431E+21,8.46626E+15,4.95102E+16
159939,8,1,11,0,2018,10,18,4,3,6,4,2,0,1,1,0,0,0,0,5.14274E+20,5.40964E+21,9.19453E+15,4.88396E+16
159940,8,2,16,43,2018,10,16,1,3,0,7,0,1,0,0,0,0,0,0,4.41915E+20,5.4123E+21,8.20806E+15,4.88609E+16
159941,8,1,11,0,2018,10,15,4,3,2,6,0,0,1,0,0,0,0,0,5.13117E+20,5.40159E+21,9.1785E+15,4.87672E+16
159942,8,1,18,79,2018,10,22,1,2,5,3,2,0,1,0,1,0,0,0,5.0877E+20,5.42113E+21,9.11977E+15,4.8943E+16
159943,8,1,11,0,2018,10,7,4,3,2,2,0,1,1,0,0,0,0,0,5.11797E+20,5.40615E+21,9.16068E+15,4.88082E+16
159944,8,1,17,19,2018,10,16,1,2,9,1,0,0,1,0,1,0,0,0,5.52639E+20,5.39414E+21,9.71537E+15,4.8698E+16
159945,8,1,11,0,2018,10,17,6,3,5,7,0,0,1,0,1,0,0,0,5.13834E+20,5.39983E+21,9.18821E+15,4.87513E+16
159946,8,1,21,0,2018,10,15,1,2,5,3,0,1,0,0,0,0,0,0,5.16157E+20,5.44451E+21,9.22158E+15,4.91532E+16
159947,8,1,11,0,2018,10,16,4,2,5,3,0,1,0,0,0,0,1,0,5.16663E+20,5.40448E+21,9.22688E+15,4.87931E+16
159948,8,1,21,0,2018,10,13,1,3,6,7,0,0,1,1,0,0,0,0,5.13593E+20,5.44353E+21,9.18639E+15,4.91445E+16
159949,8,1,19,91,2018,10,13,1,3,5,3,0,1,1,0,0,0,0,0,5.2851E+20,5.40559E+21,9.38825E+15,4.88027E+16
159950,8,1,11,0,2018,10,17,4,3,2,6,2,0,1,0,0,0,0,0,5.10773E+20,5.40188E+21,9.14662E+15,4.87699E+16
159951,8,1,19,20,2018,10,0,1,3,0,7,2,1,0,1,0,0,0,0,5.20341E+20,5.40628E+21,9.27704E+15,4.88092E+16
159952,8,1,11,0,2018,10,15,4,3,1,5,0,1,1,0,0,0,0,0,5.12692E+20,5.40194E+21,9.17273E+15,4.87704E+16
159953,8,1,18,3,2018,10,13,1,3,5,3,0,1,1,0,0,0,0,0,5.10728E+20,5.41726E+21,9.14641E+15,4.89082E+16
159954,8,4,37,104,2018,10,17,3,2,8,1,0,1,0,0,0,0,0,0,5.16241E+20,5.32488E+21,9.21805E+15,4.80769E+16
159955,8,1,18,3,2018,10,15,1,3,0,7,0,1,0,0,0,0,0,0,5.09716E+20,5.41699E+21,9.13259E+15,4.89058E+16
159956,8,1,17,18,2018,10,19,1,2,0,7,2,1,1,0,0,0,0,0,5.38372E+20,5.39618E+21,9.52167E+15,4.87175E+16
159957,8,1,17,19,2018,10,9,1,3,5,3,0,0,1,0,0,0,0,0,5.51529E+20,5.3937E+21,9.70023E+15,4.86942E+16
159958,8,4,37,100,2018,10,17,3,3,2,6,0,0,1,0,0,0,0,0,5.37114E+20,5.31846E+21,9.49771E+15,4.80184E+16
159959,8,1,16,19,2018,10,15,1,3,0,1,0,1,0,0,0,0,0,0,5.22689E+20,5.39852E+21,9.3086E+15,4.87393E+16
159960,8,1,11,0,2018,10,20,1,2,6,4,2,0,0,1,0,0,1,0,5.0911E+20,5.40684E+21,9.1241E+15,4.88145E+16
159961,8,4,36,49,2018,10,17,3,3,5,3,0,0,1,0,0,0,0,0,5.77811E+20,5.28226E+21,1.00369E+16,4.76891E+16
159962,8,1,11,0,2018,10,10,1,3,6,4,0,0,1,1,0,0,0,0,5.10894E+20,5.40624E+21,9.14837E+15,4.88091E+16
159963,8,4,36,55,2018,10,17,3,3,0,7,0,1,0,0,0,0,0,0,5.76096E+20,5.29897E+21,1.0017E+16,4.78396E+16
159964,8,4,37,76,2018,10,20,7,3,5,3,2,0,1,0,0,0,0,0,5.24953E+20,5.32217E+21,9.33486E+15,4.80523E+16
159965,8,4,37,104,2018,10,15,3,3,6,4,0,0,1,1,0,0,0,0,5.16242E+20,5.3259E+21,9.2181E+15,4.80861E+16
159966,8,4,16,36,2018,10,16,3,3,4,2,0,0,1,0,1,0,0,0,4.96203E+20,5.36953E+21,8.94862E+15,4.84789E+16
159967,8,4,36,87,2018,10,11,7,2,0,1,0,1,0,0,0,0,0,0,5.46037E+20,5.30504E+21,9.61593E+15,4.78971E+16
159968,8,4,16,41,2018,10,13,3,3,0,7,0,1,1,0,0,0,0,0,5.05016E+20,5.37506E+21,9.06794E+15,4.85286E+16
159969,8,4,26,21,2018,10,20,7,3,0,3,2,1,1,0,0,0,0,0,5.59008E+20,5.32732E+21,9.79251E+15,4.80964E+16
159970,8,4,21,0,2018,10,15,7,3,0,1,0,0,0,0,1,0,0,0,5.7452E+20,5.36187E+21,1.00069E+16,4.84056E+16
159971,8,1,11,0,2018,10,17,6,3,2,6,0,0,1,0,0,0,0,0,5.0783E+20,5.39839E+21,9.1065E+15,4.87385E+16
159972,8,1,11,0,2018,10,13,3,3,1,5,0,1,1,0,0,0,0,0,5.12642E+20,5.40143E+21,9.17204E+15,4.87658E+16
159973,8,1,11,0,2018,10,7,6,3,5,3,2,1,1,0,0,0,0,0,5.1682E+20,5.40707E+21,9.22913E+15,4.88164E+16
159974,8,1,11,0,2018,10,7,3,3,2,2,0,1,1,0,0,0,0,0,5.12589E+20,5.40124E+21,9.1713E+15,4.8764E+16
159975,8,4,36,64,2018,10,18,2,3,3,6,2,1,0,0,0,0,0,0,5.45394E+20,5.29009E+21,9.60576E+15,4.77625E+16
159976,8,1,11,0,2018,10,7,6,3,3,6,1,1,0,0,0,0,1,0,5.19463E+20,5.40165E+21,9.26487E+15,4.87675E+16
159977,8,4,21,0,2018,10,7,2,3,6,4,0,0,1,1,0,0,0,0,5.74302E+20,5.36162E+21,1.00039E+16,4.84033E+16
159978,8,4,36,85,2018,10,16,5,3,5,3,0,0,1,0,0,0,0,0,5.59773E+20,5.30091E+21,9.79912E+15,4.78588E+16
159979,8,4,21,0,2018,10,19,2,3,2,7,2,1,0,0,1,0,0,0,5.70669E+20,5.36071E+21,9.95469E+15,4.83956E+16
159980,8,4,25,81,2018,10,12,2,3,2,3,0,1,1,0,0,0,0,0,5.47912E+20,5.34264E+21,9.64524E+15,4.82352E+16
159981,8,4,35,57,2018,10,16,5,3,6,2,0,0,1,1,0,0,0,0,5.44231E+20,5.27882E+21,9.5891E+15,4.76613E+16
159982,8,3,37,96,2018,10,15,2,3,0,7,0,0,1,0,0,0,0,0,4.20969E+20,5.26742E+21,7.94953E+15,4.75554E+16
159983,8,3,35,75,2018,10,19,2,3,0,7,2,1,0,0,0,0,0,0,4.87775E+20,5.2947E+21,8.83673E+15,4.78055E+16
159984,8,4,37,104,2018,10,7,5,3,6,4,0,0,0,1,1,0,0,1,5.1689E+20,5.32645E+21,9.22682E+15,4.80911E+16
159985,8,3,17,31,2018,10,15,2,3,2,6,0,0,1,0,0,0,0,0,4.13685E+20,5.35998E+21,7.83413E+15,4.8387E+16
159986,8,3,17,57,2018,10,14,2,3,5,3,0,0,1,0,0,0,0,0,4.12681E+20,5.38008E+21,7.81637E+15,4.85678E+16
159987,8,4,21,0,2018,10,16,5,3,5,3,0,0,1,0,1,0,0,0,5.70733E+20,5.36122E+21,9.95564E+15,4.84002E+16
159988,8,3,17,1,2018,10,11,2,2,3,6,0,1,1,0,0,0,0,0,4.32256E+20,5.38553E+21,8.08079E+15,4.86192E+16
159989,8,4,21,0,2018,10,6,5,3,0,7,2,1,0,0,0,0,1,0,5.71317E+20,5.36079E+21,9.96345E+15,4.83962E+16
159990,8,3,11,0,2018,10,14,2,2,5,1,0,0,1,0,0,1,0,0,4.13054E+20,5.32028E+21,7.83375E+15,4.80299E+16
159991,8,3,11,0,2018,10,14,2,3,0,1,0,0,0,0,1,0,0,0,4.14885E+20,5.31882E+21,7.85859E+15,4.8017E+16
159992,8,4,16,41,2018,10,8,5,3,0,7,0,1,0,0,0,0,0,1,5.04439E+20,5.37463E+21,9.06012E+15,4.85248E+16
159993,8,2,12,0,2018,10,16,2,2,5,3,0,0,1,0,0,0,1,0,4.63913E+20,5.42802E+21,8.50658E+15,4.9004E+16
159994,8,2,37,28,2018,10,8,2,3,0,7,0,1,0,0,0,0,0,0,4.57061E+20,5.36767E+21,8.41919E+15,4.84607E+16