OBJECTID_1,ULAND,UREGBEZ,UKREIS,UGEMEINDE,UJAHR,UMONAT,USTUNDE,UWOCHENTAG,UKATEGORIE,UART,UTYP1,ULICHTVERH,IstRad,IstPKW,IstFuss,IstKrad,IstGkfz,IstSonstig,STRZUSTAND,LINREFX,LINREFY,XGCSWGS84,YGCSWGS84
159995,8,4,16,9,2018,10,17,5,3,0,7,0,1,0,0,0,0,0,0,5.0706E+20,5.38434E+21,9.09578E+15,4.86121E+16
159996,8,2,35,85,2018,10,7,2,3,5,3,1,0,1,0,0,0,0,0,4.78074E+20,5.39662E+21,8.70188E+15,4.87222E+16
159997,8,3,36,69,2018,10,16,5,2,6,7,0,0,1,1,0,0,0,0,4.08774E+20,5.26798E+21,7.78735E+15,4.75589E+16
159998,8,2,31,0,2018,10,6,2,3,5,2,2,1,1,0,0,0,1,0,4.78695E+20,5.41615E+21,8.70931E+15,4.88979E+16
159999,8,3,35,75,2018,10,15,5,3,2,6,0,0,1,0,0,0,0,0,4.88773E+20,5.28973E+21,8.85018E+15,4.77609E+16
160000,8,2,26,41,2018,10,0,2,3,8,1,2,0,1,0,0,0,0,0,4.77664E+20,5.46586E+21,8.69249E+15,4.9345E+16
160001,8,3,35,75,2018,10,13,5,3,0,3,0,1,0,0,0,1,0,0,4.88248E+20,5.2887E+21,8.84321E+15,4.77516E+16
160002,8,2,22,0,2018,10,9,2,3,6,7,0,1,0,1,0,0,0,0,4.64023E+20,5.47968E+21,8.50345E+15,4.94687E+16
160003,8,3,35,22,2018,10,7,5,3,8,1,2,1,0,0,0,0,0,0,4.82789E+20,5.30023E+21,8.76992E+15,4.78552E+16
160004,8,2,22,0,2018,10,17,2,3,1,6,0,1,1,0,0,0,0,0,4.61316E+20,5.48238E+21,8.46582E+15,4.94929E+16
160005,8,3,35,79,2018,10,16,5,2,6,4,0,0,1,1,0,0,0,0,5.01183E+20,5.30004E+21,9.01581E+15,4.78537E+16
160006,8,2,22,0,2018,10,11,2,3,3,6,0,0,1,0,0,1,0,0,4.60583E+20,5.48175E+21,8.45576E+15,4.94871E+16
160007,8,2,22,0,2018,10,11,2,3,1,6,0,0,1,0,0,0,0,0,4.62154E+20,5.47889E+21,8.47773E+15,4.94615E+16
160008,8,3,25,61,2018,10,14,5,3,5,3,0,0,1,0,0,0,0,0,4.75066E+20,5.35422E+21,8.66352E+15,4.83407E+16
160009,8,2,22,0,2018,10,11,2,3,5,2,0,1,1,0,0,0,0,0,4.61614E+20,5.47989E+21,8.47018E+15,4.94704E+16
160010,8,3,17,65,2018,10,15,5,3,5,3,0,0,1,0,1,0,0,0,4.15636E+20,5.35447E+21,7.86159E+15,4.83378E+16
160011,8,2,21,0,2018,10,8,2,2,5,3,0,1,0,0,0,0,0,0,4.78103E+20,5.47297E+21,8.69815E+15,4.9409E+16
160012,8,3,17,1,2018,10,12,5,3,1,5,0,0,0,0,0,0,1,0,4.32207E+20,5.38726E+21,8.07984E+15,4.86348E+16
160013,8,2,21,0,2018,10,18,2,3,0,7,1,1,0,0,0,0,0,0,4.76619E+20,5.47249E+21,8.67772E+15,4.94046E+16
160014,8,3,16,55,2018,10,15,5,2,4,6,0,1,0,0,0,0,0,0,4.27699E+20,5.3331E+21,8.02799E+15,4.81471E+16
160015,8,2,26,95,2018,10,16,2,3,3,6,0,0,1,0,0,1,0,0,4.7421E+20,5.46035E+21,8.6453E+15,4.92954E+16
160016,8,3,15,74,2018,10,16,5,3,6,4,0,0,1,1,0,0,0,0,3.9735E+20,5.2959E+21,7.62897E+15,4.78083E+16
160017,8,3,15,6,2018,10,20,5,2,0,7,2,0,1,0,0,0,0,0,4.02848E+20,5.30799E+21,7.69966E+15,4.79179E+16
160018,8,2,16,43,2018,10,17,2,3,5,3,0,0,1,0,0,0,1,0,4.42924E+20,5.41271E+21,8.22177E+15,4.88648E+16
160019,8,2,15,21,2018,10,11,2,3,3,6,0,1,1,0,0,0,0,0,4.69949E+20,5.44387E+21,8.58793E+15,4.91469E+16
160020,8,3,11,0,2018,10,17,5,3,3,2,0,1,1,0,0,0,0,0,4.13077E+20,5.31506E+21,7.83511E+15,4.7983E+16
160021,8,2,12,0,2018,10,16,2,3,6,7,0,1,0,1,0,0,0,0,4.54331E+20,5.42964E+21,8.37539E+15,4.9018E+16
160022,8,1,15,3,2018,10,18,6,3,2,6,1,0,1,0,0,0,0,0,5.00469E+20,5.39279E+21,9.00637E+15,4.86882E+16
160023,8,2,12,0,2018,10,12,2,3,1,7,0,0,1,0,0,0,0,0,4.55231E+20,5.42881E+21,8.38779E+15,4.90105E+16
160024,8,3,11,0,2018,10,5,5,3,6,4,2,0,0,1,0,0,1,0,4.14186E+20,5.31635E+21,7.84971E+15,4.79947E+16
160025,8,1,28,126,2018,10,18,2,3,6,4,0,0,1,1,0,0,0,0,5.65426E+20,5.48179E+21,9.90331E+15,4.94852E+16
160026,8,1,25,65,2018,10,9,2,3,8,1,0,0,1,0,0,0,0,0,5.16651E+20,5.44917E+21,9.22855E+15,4.91951E+16
160027,8,3,11,0,2018,10,14,5,3,5,2,0,1,0,0,1,0,0,0,4.11452E+20,5.31808E+21,7.81272E+15,4.80099E+16
160028,8,1,21,0,2018,10,10,2,3,0,7,0,0,1,1,0,0,1,0,5.164E+20,5.44299E+21,9.22485E+15,4.91395E+16
160029,8,2,26,63,2018,10,11,5,3,5,3,0,0,1,0,0,0,0,1,4.70468E+20,5.47079E+21,8.59306E+15,4.93891E+16
160030,8,1,21,0,2018,10,10,2,3,6,2,0,0,1,1,0,0,0,0,5.16485E+20,5.44306E+21,9.22602E+15,4.91401E+16
160031,8,2,25,115,2018,10,5,5,3,8,1,2,0,1,0,0,0,0,1,5.21598E+20,5.47439E+21,9.29781E+15,4.94218E+16
160032,8,1,19,20,2018,10,7,2,3,6,4,1,0,1,1,0,0,0,0,5.1943E+20,5.41009E+21,9.26481E+15,4.88435E+16
160033,8,1,19,85,2018,10,7,2,2,5,3,2,1,1,0,0,0,0,0,5.28115E+20,5.41259E+21,9.38335E+15,4.88657E+16
160034,8,1,18,48,2018,10,13,2,3,5,3,0,1,0,0,0,0,0,0,5.14907E+20,5.41598E+21,9.20339E+15,4.88966E+16
160035,8,2,22,0,2018,10,6,5,3,0,1,2,0,0,0,1,0,0,1,4.60585E+20,5.48344E+21,8.45562E+15,4.95023E+16
160036,8,1,18,51,2018,10,14,2,3,6,2,0,0,1,1,0,0,0,0,5.09251E+20,5.41492E+21,9.12619E+15,4.88871E+16
160037,8,1,18,46,2018,10,12,2,3,4,2,0,0,1,0,0,0,0,0,5.13072E+20,5.41332E+21,9.17827E+15,4.88727E+16
160038,8,2,22,0,2018,10,7,5,3,3,5,1,1,1,0,0,0,0,1,4.65151E+20,5.48476E+21,8.51857E+15,4.95145E+16
160039,8,1,18,51,2018,10,17,2,3,2,6,0,0,1,0,0,0,0,0,5.09223E+20,5.41528E+21,9.12582E+15,4.88904E+16
160040,8,2,22,0,2018,10,13,5,3,5,3,0,0,0,0,1,1,0,0,4.62898E+20,5.48258E+21,8.48765E+15,4.94947E+16
160041,8,1,18,79,2018,10,17,2,3,5,3,0,0,1,0,0,0,0,0,5.07082E+20,5.42131E+21,9.09671E+15,4.89447E+16
160042,8,2,21,0,2018,10,7,5,3,2,6,1,1,1,0,0,0,0,1,4.77641E+20,5.47387E+21,8.69173E+15,4.94171E+16
160043,8,1,17,18,2018,10,13,2,3,1,6,0,0,1,0,0,0,0,0,5.37768E+20,5.39577E+21,9.51342E+15,4.87139E+16
160044,8,2,16,7,2018,10,11,5,3,5,2,0,1,1,0,0,0,0,0,4.35722E+20,5.39445E+21,8.12642E+15,4.86997E+16
160045,8,1,17,24,2018,10,17,2,3,5,1,1,1,1,0,0,0,0,0,5.61603E+20,5.38593E+21,9.83595E+15,4.86234E+16
160046,8,1,17,25,2018,10,15,2,2,5,3,0,1,1,0,0,0,0,0,5.57882E+20,5.38954E+21,9.78596E+15,4.86562E+16
160047,8,2,16,43,2018,10,12,5,3,6,4,0,0,1,1,0,0,0,0,4.41261E+20,5.41182E+21,8.19921E+15,4.88565E+16
160048,8,1,16,19,2018,10,21,2,3,6,7,2,1,0,1,0,0,0,0,5.23295E+20,5.39804E+21,9.31682E+15,4.87349E+16
160049,8,2,16,9,2018,10,10,5,3,0,7,0,0,0,0,1,0,0,1,4.46908E+20,5.42063E+21,8.27505E+15,4.89363E+16
160050,8,1,16,19,2018,10,16,2,3,5,3,0,1,1,0,0,0,0,0,5.21403E+20,5.40101E+21,9.29123E+15,4.87617E+16
160051,8,1,15,45,2018,10,16,2,3,2,6,0,0,1,0,0,0,0,0,5.01396E+20,5.39396E+21,9.01898E+15,4.86987E+16
160052,8,2,15,105,2018,10,16,5,3,8,7,0,0,1,0,0,0,0,0,4.57648E+20,5.44134E+21,8.41952E+15,4.91234E+16
160053,8,1,15,3,2018,10,9,2,3,5,3,0,0,1,0,0,0,0,0,4.98556E+20,5.39208E+21,8.98038E+15,4.86818E+16
160054,8,1,36,65,2018,10,13,5,3,2,6,0,0,1,0,0,0,0,1,5.64139E+20,5.4054E+21,9.87339E+15,4.87983E+16
160055,8,1,11,0,2018,10,19,2,3,4,7,2,1,1,0,0,0,0,0,5.12604E+20,5.4088E+21,9.17174E+15,4.88321E+16
160056,8,1,36,19,2018,10,8,5,2,1,7,1,0,1,1,0,0,1,1,5.81825E+20,5.42464E+21,1.0118E+16,4.89692E+16
160057,8,1,11,0,2018,10,23,2,3,5,3,2,0,1,0,0,0,0,0,5.13816E+20,5.40437E+21,9.1881E+15,4.87922E+16
160058,8,1,11,0,2018,10,9,2,3,2,6,0,0,1,0,0,0,0,0,5.11452E+20,5.40245E+21,9.15587E+15,4.8775E+16
160059,8,1,11,0,2018,10,8,2,3,5,7,0,1,1,0,0,0,0,0,5.11483E+20,5.40302E+21,9.15631E+15,4.87801E+16
160060,8,1,35,20,2018,10,15,5,2,6,4,0,0,1,1,0,0,0,0,5.86557E+20,5.38616E+21,1.01746E+16,4.86225E+16
160061,8,1,11,0,2018,10,15,2,3,0,7,0,0,0,0,1,0,0,0,5.15331E+20,5.40402E+21,9.20873E+15,4.8789E+16
160062,8,1,16,19,2018,10,7,6,3,6,4,2,1,0,1,0,0,0,0,5.24942E+20,5.39736E+21,9.33917E+15,4.87288E+16
160063,8,1,28,115,2018,10,7,5,2,0,1,1,0,0,0,1,0,0,1,5.47603E+20,5.49665E+21,9.65906E+15,4.96206E+16
160064,8,1,11,0,2018,10,9,2,3,2,6,0,0,1,0,0,0,1,0,5.09058E+20,5.39697E+21,9.12317E+15,4.87257E+16
160065,8,1,28,7,2018,10,7,5,3,5,2,1,0,1,0,1,0,0,1,5.55939E+20,5.48195E+21,9.77237E+15,4.94877E+16
160066,8,1,21,0,2018,10,16,5,3,6,7,0,1,0,1,0,0,0,0,5.16291E+20,5.44362E+21,9.22338E+15,4.91452E+16
160067,8,4,37,53,2018,10,16,1,3,5,3,0,1,1,0,0,0,0,0,5.29701E+20,5.31847E+21,9.3983E+15,4.80188E+16
160068,8,1,18,67,2018,10,16,5,3,8,7,0,0,0,0,1,0,1,1,5.06142E+20,5.41422E+21,9.08378E+15,4.88809E+16
160069,8,4,16,48,2018,10,17,1,3,2,6,0,0,1,0,0,0,0,0,4.97438E+20,5.37798E+21,8.96528E+15,4.85549E+16
160070,8,1,17,24,2018,10,17,5,3,2,6,0,0,1,0,0,0,0,0,5.6119E+20,5.38625E+21,9.83039E+15,4.86263E+16
160071,8,4,16,36,2018,10,12,1,3,0,1,0,0,1,1,0,0,0,0,4.94699E+20,5.3677E+21,8.9283E+15,4.84624E+16
160072,8,3,36,50,2018,10,15,1,3,0,1,0,1,0,0,0,0,0,0,3.99784E+20,5.27373E+21,7.66657E+15,4.76092E+16
160073,8,1,15,3,2018,10,8,5,3,8,1,1,1,0,0,0,0,0,0,5.00822E+20,5.39106E+21,9.01116E+15,4.86726E+16
160074,8,3,35,75,2018,10,16,1,3,2,6,0,1,1,0,0,0,0,0,4.89066E+20,5.28839E+21,8.85413E+15,4.77488E+16
160075,8,3,35,43,2018,10,17,1,3,5,3,0,1,1,0,0,0,0,0,5.12017E+20,5.28032E+21,9.16009E+15,4.76762E+16
160076,8,1,11,0,2018,10,6,5,3,5,3,2,0,1,0,0,0,0,0,5.10516E+20,5.40194E+21,9.14311E+15,4.87704E+16
160077,8,3,17,96,2018,10,4,1,3,9,7,2,0,1,0,0,0,0,0,4.22193E+20,5.37267E+21,7.94668E+15,4.85023E+16
160078,8,3,11,0,2018,10,17,1,3,2,6,0,0,1,0,0,0,0,0,4.13391E+20,5.31901E+21,7.83852E+15,4.80185E+16
160079,8,1,11,0,2018,10,12,5,3,5,3,0,0,1,0,1,0,0,0,5.14209E+20,5.40615E+21,9.19352E+15,4.88082E+16
160080,8,2,15,105,2018,10,11,1,2,5,3,0,1,0,0,0,0,0,0,4.57199E+20,5.4422E+21,8.41329E+15,4.91312E+16
160081,8,2,37,4,2018,10,17,1,3,9,7,0,1,0,0,0,0,0,0,4.53838E+20,5.37173E+21,8.37514E+15,4.8497E+16
160082,8,2,36,72,2018,10,18,1,2,9,7,1,0,0,0,1,0,0,0,4.66024E+20,5.41099E+21,8.53686E+15,4.8851E+16
160083,8,1,11,0,2018,10,21,5,3,2,6,2,0,1,0,0,0,0,0,5.11928E+20,5.40934E+21,9.16255E+15,4.88369E+16
160084,8,2,26,32,2018,10,9,1,3,4,6,0,0,0,0,1,0,1,0,4.67982E+20,5.46432E+21,8.55933E+15,4.93308E+16
160085,8,1,11,0,2018,10,7,5,3,5,2,2,0,1,0,1,0,0,1,5.14201E+20,5.4047E+21,9.19336E+15,4.87951E+16
160086,8,2,22,0,2018,10,18,1,3,0,7,0,0,1,0,1,0,0,0,4.63655E+20,5.48285E+21,8.49808E+15,4.94972E+16
160087,8,1,26,56,2018,10,3,1,3,8,1,2,0,1,0,0,0,0,0,5.58263E+20,5.46946E+21,9.80261E+15,4.93751E+16
160088,8,4,21,0,2018,10,18,4,3,5,3,2,1,0,0,1,0,0,1,5.71375E+20,5.36058E+21,9.9642E+15,4.83943E+16
160089,8,1,26,69,2018,10,15,1,2,5,3,0,1,0,0,0,0,1,0,5.35492E+20,5.44775E+21,9.48701E+15,4.91815E+16
160090,8,1,21,0,2018,10,14,1,3,5,3,0,1,1,0,0,0,0,0,5.14258E+20,5.44084E+21,9.19541E+15,4.91203E+16
160091,8,4,15,50,2018,10,8,4,3,0,1,0,1,0,0,0,0,0,0,5.20829E+20,5.37731E+21,9.28222E+15,4.85485E+16
160092,8,1,19,93,2018,10,17,1,3,5,3,0,0,1,0,0,0,0,0,5.23412E+20,5.40693E+21,9.3189E+15,4.88149E+16
160093,8,3,16,56,2018,10,8,4,3,5,3,0,0,1,0,0,0,0,0,4.22116E+20,5.3272E+21,7.95402E+15,4.80933E+16
160094,8,1,18,48,2018,10,20,1,3,0,7,2,1,0,0,0,0,1,0,5.15608E+20,5.41539E+21,9.21293E+15,4.88913E+16
160095,8,3,15,47,2018,10,7,4,3,5,3,2,1,1,0,0,0,0,0,4.15218E+20,5.32197E+21,7.86244E+15,4.80454E+16
160096,8,3,11,0,2018,10,12,4,3,5,3,0,0,1,0,1,0,0,0,4.13779E+20,5.3156E+21,7.84441E+15,4.79879E+16
160097,8,1,16,49,2018,10,14,1,3,5,2,0,1,1,0,0,0,0,0,5.24606E+20,5.38613E+21,9.33393E+15,4.86277E+16
160098,8,2,12,0,2018,10,7,4,3,2,6,2,0,1,0,0,0,0,0,4.60008E+20,5.43226E+21,8.45277E+15,4.90419E+16
160099,8,1,16,81,2018,10,16,1,3,1,5,0,1,1,0,0,0,0,0,5.15006E+20,5.38591E+21,9.20365E+15,4.86261E+16
160100,8,2,31,0,2018,10,14,4,3,5,3,0,0,0,0,0,1,1,0,4.79613E+20,5.41792E+21,8.72175E+15,4.89139E+16
160101,8,1,16,77,2018,10,18,1,3,5,3,0,1,1,0,0,0,0,0,5.15801E+20,5.39043E+21,9.21461E+15,4.86667E+16
160102,8,4,36,55,2018,10,7,7,3,5,3,1,1,1,0,0,0,0,0,5.76324E+20,5.29797E+21,1.00198E+16,4.78306E+16
160103,8,2,22,0,2018,10,15,4,2,5,3,0,1,1,0,0,0,0,0,4.63919E+20,5.48316E+21,8.50169E+15,4.95E+16
160104,8,4,17,31,2018,10,14,7,3,5,3,0,1,1,0,0,0,0,0,4.97606E+20,5.35396E+21,8.9677E+15,4.83388E+16
160105,8,2,21,0,2018,10,15,4,3,4,1,0,0,1,0,0,0,0,1,4.77999E+20,5.46892E+21,8.69694E+15,4.93726E+16
160106,8,4,15,61,2018,10,12,7,3,4,2,0,0,1,0,1,0,0,0,5.11843E+20,5.37111E+21,9.16029E+15,4.8493E+16
160107,8,2,26,18,2018,10,20,4,3,5,3,2,1,1,0,0,0,0,1,4.73435E+20,5.47237E+21,8.63384E+15,4.94034E+16
160108,8,3,37,65,2018,10,19,7,3,5,2,2,1,1,0,0,0,0,0,4.48531E+20,5.27535E+21,8.31491E+15,4.76295E+16
160109,8,3,36,91,2018,10,20,7,3,0,7,2,1,0,0,0,0,0,0,3.9565E+20,5.27139E+21,7.61214E+15,4.75875E+16
160110,8,3,26,74,2018,10,11,7,3,6,4,0,0,1,1,0,0,0,0,4.5989E+20,5.3229E+21,8.46169E+15,4.80582E+16
160111,8,3,11,0,2018,10,20,7,3,0,7,2,1,0,0,0,0,0,0,4.1758E+20,5.31514E+21,7.89544E+15,4.79843E+16
160112,8,2,21,0,2018,10,19,4,3,1,2,2,1,1,0,0,0,0,1,4.76973E+20,5.47567E+21,8.68241E+15,4.94333E+16
160113,8,2,22,0,2018,10,12,7,3,5,5,0,0,1,0,1,0,0,0,4.62944E+20,5.48618E+21,8.48795E+15,4.95271E+16
160114,8,2,22,0,2018,10,21,7,3,2,6,2,0,1,0,0,0,1,0,4.60846E+20,5.48232E+21,8.45934E+15,4.94922E+16
160115,8,2,21,0,2018,10,8,4,3,4,7,0,1,1,0,0,0,0,0,4.7769E+20,5.47252E+21,8.69248E+15,4.9405E+16
160116,8,2,22,0,2018,10,11,7,3,5,3,0,0,1,0,0,0,0,0,4.61156E+20,5.48154E+21,8.4637E+15,4.94853E+16
160117,8,2,15,9,2018,10,10,4,3,5,3,0,1,0,0,0,0,1,0,4.70377E+20,5.44251E+21,8.59391E+15,4.91347E+16
160118,8,1,35,19,2018,10,9,7,2,0,1,0,1,0,0,0,0,0,0,5.84773E+20,5.39279E+21,1.01517E+16,4.86824E+16
160119,8,2,12,0,2018,10,8,4,3,5,2,0,1,1,0,0,0,0,0,4.54755E+20,5.42803E+21,8.38137E+15,4.90035E+16
160120,8,1,27,76,2018,10,12,7,3,9,1,0,0,0,0,1,0,0,0,5.56389E+20,5.43954E+21,9.77259E+15,4.91061E+16
160121,8,1,36,19,2018,10,11,4,3,6,2,0,0,0,1,0,0,1,0,5.82472E+20,5.42454E+21,1.01268E+16,4.89682E+16
160122,8,1,19,85,2018,10,15,7,3,0,2,0,0,0,0,0,0,1,0,5.29004E+20,5.41379E+21,9.39557E+15,4.88764E+16
160123,8,1,35,19,2018,10,11,4,3,5,3,0,0,1,0,0,0,0,0,5.85301E+20,5.39375E+21,1.01591E+16,4.8691E+16
160124,8,1,19,84,2018,10,10,7,3,6,4,0,0,1,1,0,0,0,0,5.4646E+20,5.41396E+21,9.63364E+15,4.88769E+16
160125,8,1,35,19,2018,10,9,4,3,5,3,0,1,1,0,0,0,0,0,5.84153E+20,5.39147E+21,1.0143E+16,4.86706E+16
160126,8,1,19,69,2018,10,22,7,3,9,1,2,0,1,0,0,0,0,0,5.29282E+20,5.43136E+21,9.40062E+15,4.90344E+16
160127,8,1,15,45,2018,10,15,6,3,5,3,0,1,1,0,0,0,0,0,5.01108E+20,5.39497E+21,9.01506E+15,4.87078E+16
160128,8,4,25,72,2018,10,7,4,2,5,3,0,1,1,0,0,0,0,0,5.8302E+20,5.37205E+21,1.01238E+16,4.8496E+16
160129,8,1,19,8,2018,10,22,7,3,0,4,2,0,0,1,0,0,1,0,5.32498E+20,5.41997E+21,9.4437E+15,4.89318E+16
160130,8,1,28,115,2018,10,13,4,3,2,6,0,0,1,0,0,0,0,1,5.47894E+20,5.49706E+21,9.66313E+15,4.96242E+16
160131,8,1,16,15,2018,10,16,7,3,0,1,0,1,0,0,0,0,0,0,5.23415E+20,5.39449E+21,9.31824E+15,4.8703E+16
160132,8,1,16,19,2018,10,15,7,3,0,1,0,0,0,0,1,0,0,0,5.2305E+20,5.39859E+21,9.31351E+15,4.87399E+16
160133,8,1,28,7,2018,10,17,4,3,5,3,2,0,1,0,0,0,0,1,5.55515E+20,5.48303E+21,9.76667E+15,4.94973E+16
160134,8,1,15,3,2018,10,11,7,3,2,6,0,0,1,0,0,0,0,0,5.00709E+20,5.39336E+21,9.00963E+15,4.86932E+16
160135,8,1,19,8,2018,10,7,4,3,5,2,0,0,1,0,1,0,0,0,5.31485E+20,5.42129E+21,9.42998E+15,4.89437E+16
160136,8,1,11,0,2018,10,20,7,3,0,2,2,0,1,0,0,0,1,0,5.13344E+20,5.40335E+21,9.18165E+15,4.8783E+16
160137,8,1,18,76,2018,10,7,4,3,4,6,1,1,1,0,0,0,0,0,5.01435E+20,5.42678E+21,9.01962E+15,4.89939E+16
160138,8,4,36,49,2018,10,20,6,3,5,3,2,0,1,0,0,0,0,0,5.77766E+20,5.28241E+21,1.00363E+16,4.76904E+16
160139,8,1,17,24,2018,10,11,4,3,5,3,0,0,1,0,0,0,0,0,5.60805E+20,5.3858E+21,9.8251E+15,4.86223E+16
160140,8,4,36,81,2018,10,14,6,3,0,1,0,1,0,0,0,0,0,0,5.57175E+20,5.27648E+21,9.76117E+15,4.76392E+16
160141,8,4,36,64,2018,10,16,6,3,5,3,0,1,1,0,0,0,0,0,5.45902E+20,5.29318E+21,9.61287E+15,4.77903E+16
160142,8,4,35,59,2018,10,20,6,3,6,4,2,0,1,1,0,0,0,0,5.10589E+20,5.29148E+21,9.14134E+15,4.77766E+16
160143,8,4,25,31,2018,10,6,4,3,4,2,2,0,1,0,0,0,0,0,5.70198E+20,5.3678E+21,9.94952E+15,4.84594E+16
160144,8,4,26,21,2018,10,13,6,3,1,6,0,0,1,0,0,0,1,0,5.58808E+20,5.32725E+21,9.78982E+15,4.80958E+16
160145,8,4,21,0,2018,10,17,6,3,0,1,1,0,0,0,1,0,0,0,5.72083E+20,5.36217E+21,9.97403E+15,4.84086E+16
160146,8,1,16,77,2018,10,13,4,3,1,5,0,1,1,0,0,0,0,0,5.16426E+20,5.38892E+21,9.22303E+15,4.86531E+16
160147,8,4,16,23,2018,10,13,6,3,1,6,0,1,0,0,0,0,1,0,5.08295E+20,5.37458E+21,9.11234E+15,4.85243E+16
160148,8,1,15,4,2018,10,7,4,3,2,6,2,0,1,0,0,0,0,0,4.88484E+20,5.37745E+21,8.84396E+15,4.85501E+16
160149,8,4,15,59,2018,10,10,6,3,5,3,0,0,1,0,0,0,1,0,5.16824E+20,5.36907E+21,9.22763E+15,4.84745E+16
160150,8,1,11,0,2018,10,14,4,3,2,3,0,0,1,0,0,0,0,0,5.15638E+20,5.40739E+21,9.21303E+15,4.88193E+16
160151,8,4,16,41,2018,10,17,6,2,6,7,0,0,1,1,0,0,0,0,5.04477E+20,5.37381E+21,9.06062E+15,4.85174E+16
160152,8,1,11,0,2018,10,15,4,3,1,7,0,0,1,0,0,0,0,0,5.11281E+20,5.39727E+21,9.15339E+15,4.87284E+16
160153,8,3,36,91,2018,10,17,6,3,5,3,0,0,1,0,0,0,0,0,3.94674E+20,5.27236E+21,7.59892E+15,4.75961E+16
160154,8,3,36,94,2018,10,14,6,2,6,7,0,0,1,1,0,0,0,0,4.15761E+20,5.29168E+21,7.87563E+15,4.7773E+16
160155,8,4,36,49,2018,10,6,3,2,5,2,2,1,0,0,0,0,0,0,5.79861E+20,5.28551E+21,1.00648E+16,4.7718E+16
160156,8,3,26,74,2018,10,15,6,3,2,6,0,0,1,0,0,0,0,0,4.59471E+20,5.32494E+21,8.45587E+15,4.80765E+16
160157,8,4,35,59,2018,10,15,3,3,6,4,0,0,1,1,0,0,0,0,5.11809E+20,5.29044E+21,9.1576E+15,4.77672E+16
160158,8,3,26,74,2018,10,23,6,3,6,4,2,0,1,1,0,0,0,0,4.65394E+20,5.3231E+21,8.53555E+15,4.80602E+16
160159,8,4,25,64,2018,10,7,3,3,5,3,0,0,1,0,0,0,0,0,5.70059E+20,5.34749E+21,9.94425E+15,4.82768E+16
160160,8,3,25,53,2018,10,10,6,3,5,3,0,0,1,0,0,0,0,0,4.54375E+20,5.34144E+21,8.3857E+15,4.82245E+16
160161,8,4,21,0,2018,10,8,3,3,5,3,0,1,1,0,0,0,0,0,5.72951E+20,5.3613E+21,9.98561E+15,4.84006E+16
160162,8,3,17,96,2018,10,15,6,3,6,4,0,0,1,1,0,0,0,0,4.22755E+20,5.37001E+21,7.95477E+15,4.84784E+16
160163,8,4,16,22,2018,10,12,3,2,5,3,0,0,0,0,1,0,0,0,5.10914E+20,5.37491E+21,9.14782E+15,4.85272E+16
160164,8,3,17,96,2018,10,18,6,2,6,4,2,0,1,1,0,0,0,0,4.22734E+20,5.36886E+21,7.95471E+15,4.84681E+16
160165,8,3,35,75,2018,10,13,3,3,5,3,0,1,1,0,0,0,0,0,4.88396E+20,5.29021E+21,8.84514E+15,4.77651E+16
160166,8,3,17,96,2018,10,7,6,2,4,6,1,0,1,0,1,0,0,0,4.22672E+20,5.36906E+21,7.95382E+15,4.84699E+16
160167,8,3,17,96,2018,10,19,6,2,6,4,2,0,1,1,0,0,0,0,4.21268E+20,5.37024E+21,7.93461E+15,4.84803E+16
160168,8,3,35,43,2018,10,17,3,3,5,3,0,1,0,0,1,0,0,0,5.13322E+20,5.27908E+21,9.17745E+15,4.7665E+16
160169,8,3,16,9,2018,10,7,6,3,6,4,1,0,1,1,0,0,0,1,4.16802E+20,5.32466E+21,7.88317E+15,4.80698E+16
160170,8,3,35,75,2018,10,13,3,3,5,3,0,1,1,0,0,0,0,0,4.89066E+20,5.28839E+21,8.85413E+15,4.77488E+16
160171,8,3,16,42,2018,10,14,6,2,5,3,0,1,0,0,0,0,1,0,4.27845E+20,5.32929E+21,8.0306E+15,4.81127E+16
160172,8,3,26,12,2018,10,17,3,2,9,1,0,0,0,0,1,0,0,0,4.68566E+20,5.31037E+21,8.57905E+15,4.79458E+16
160173,8,3,16,20,2018,10,18,6,3,4,2,1,1,1,0,0,0,0,0,4.08266E+20,5.33796E+21,7.76574E+15,4.81882E+16
160174,8,3,15,6,2018,10,11,3,3,5,3,0,1,1,0,0,0,0,0,4.03078E+20,5.30767E+21,7.70282E+15,4.7915E+16
160175,8,3,36,91,2018,10,13,3,3,6,7,0,1,0,1,0,0,0,0,3.96718E+20,5.27292E+21,7.62598E+15,4.76015E+16
160176,8,3,11,0,2018,10,17,6,3,1,7,2,1,1,0,0,0,0,0,4.11838E+20,5.3155E+21,7.81842E+15,4.79867E+16
160177,8,3,11,0,2018,10,16,3,2,0,7,0,0,0,1,0,0,1,0,4.10904E+20,5.31657E+21,7.80569E+15,4.79962E+16
160178,8,3,11,0,2018,10,10,6,3,3,2,0,1,1,0,0,0,0,0,4.13417E+20,5.31724E+21,7.83924E+15,4.80026E+16
160179,8,3,36,81,2018,10,6,6,3,3,6,2,1,1,0,0,0,0,0,4.10291E+20,5.27779E+21,7.80551E+15,4.76473E+16