OBJECTID_1,ULAND,UREGBEZ,UKREIS,UGEMEINDE,UJAHR,UMONAT,USTUNDE,UWOCHENTAG,UKATEGORIE,UART,UTYP1,ULICHTVERH,IstRad,IstPKW,IstFuss,IstKrad,IstGkfz,IstSonstig,STRZUSTAND,LINREFX,LINREFY,XGCSWGS84,YGCSWGS84
160180,8,3,11,0,2018,10,13,3,3,0,1,0,1,0,0,0,0,0,0,4.14536E+20,5.31316E+21,7.85505E+15,4.7966E+16
160181,8,3,36,50,2018,10,13,6,3,5,3,0,0,1,0,0,0,0,0,3.99313E+20,5.27295E+21,7.66049E+15,4.76021E+16
160182,8,1,11,0,2018,10,16,6,2,6,4,0,1,0,1,0,0,0,0,5.10755E+20,5.40656E+21,9.14649E+15,4.88119E+16
160183,8,3,11,0,2018,10,17,6,3,3,2,0,1,1,0,0,0,0,0,4.13149E+20,5.31562E+21,7.83598E+15,4.7988E+16
160184,8,3,11,0,2018,10,17,3,3,0,7,0,1,1,0,0,0,0,0,4.11699E+20,5.32128E+21,7.81537E+15,4.80387E+16
160185,8,3,11,0,2018,10,16,6,3,2,6,0,0,1,0,1,0,0,0,4.11882E+20,5.31623E+21,7.81886E+15,4.79933E+16
160186,8,2,12,0,2018,10,7,6,3,5,3,0,0,1,0,1,0,0,0,4.54581E+20,5.4329E+21,8.37845E+15,4.90473E+16
160187,8,2,12,0,2018,10,8,3,3,5,3,0,1,1,0,0,0,0,0,4.53133E+20,5.43018E+21,8.35894E+15,4.90227E+16
160188,8,2,12,0,2018,10,13,6,3,5,3,0,1,1,0,0,0,0,0,4.54346E+20,5.42976E+21,8.37558E+15,4.90191E+16
160189,8,2,31,0,2018,10,17,3,2,6,4,0,0,1,1,0,0,0,0,4.77237E+20,5.41544E+21,8.68946E+15,4.88915E+16
160190,8,2,36,40,2018,10,7,6,3,5,3,0,0,1,0,0,0,1,0,4.90202E+20,5.42025E+21,8.86621E+15,4.89351E+16
160191,8,2,26,103,2018,10,15,6,3,0,3,0,1,1,0,0,0,0,0,4.7319E+20,5.45681E+21,8.63151E+15,4.92634E+16
160192,8,2,36,74,2018,10,18,3,3,2,6,2,1,0,0,0,0,0,0,4.72664E+20,5.42165E+21,8.62666E+15,4.89472E+16
160193,8,2,26,85,2018,10,11,6,3,5,3,0,1,1,0,0,0,0,0,4.93337E+20,5.45405E+21,8.90846E+15,4.92392E+16
160194,8,2,26,37,2018,10,21,6,3,2,6,2,0,1,0,0,0,0,0,4.65507E+20,5.46867E+21,8.52489E+15,4.93698E+16
160195,8,2,26,41,2018,10,6,3,3,6,2,2,0,1,1,0,0,0,0,4.76903E+20,5.46637E+21,8.68199E+15,4.93496E+16
160196,8,2,22,0,2018,10,17,6,3,0,7,0,1,1,0,0,0,0,0,4.62836E+20,5.48061E+21,8.48698E+15,4.9477E+16
160197,8,2,22,0,2018,10,12,6,3,0,7,0,1,0,0,0,0,0,0,4.62008E+20,5.48302E+21,8.47532E+15,4.94986E+16
160198,8,2,22,0,2018,10,13,3,3,0,5,0,1,1,0,0,0,0,0,4.61705E+20,5.48378E+21,8.47106E+15,4.95054E+16
160199,8,2,22,0,2018,10,19,6,3,2,6,2,0,1,0,0,0,0,0,4.61306E+20,5.48251E+21,8.46567E+15,4.9494E+16
160200,8,2,22,0,2018,10,17,3,3,1,5,0,1,1,0,0,0,0,0,4.61817E+20,5.48107E+21,8.47286E+15,4.94811E+16
160201,8,2,21,0,2018,10,8,6,3,0,7,0,0,1,0,0,0,0,0,4.77016E+20,5.46999E+21,8.68333E+15,4.93821E+16
160202,8,2,21,0,2018,10,19,3,3,1,6,2,0,1,0,0,0,0,0,4.73965E+20,5.47335E+21,8.64108E+15,4.94123E+16
160203,8,2,21,0,2018,10,13,6,3,3,7,0,0,1,0,0,0,1,0,4.76856E+20,5.47284E+21,8.68096E+15,4.94078E+16
160204,8,2,16,43,2018,10,8,3,3,5,3,1,1,0,0,0,0,1,0,4.42061E+20,5.41144E+21,8.21017E+15,4.88532E+16
160205,8,2,16,43,2018,10,16,6,2,6,7,0,0,1,1,0,0,0,0,4.41639E+20,5.40995E+21,8.20463E+15,4.88398E+16
160206,8,1,36,65,2018,10,12,3,3,0,7,0,0,0,0,0,0,1,0,5.58535E+20,5.40566E+21,9.79712E+15,4.88012E+16
160207,8,2,15,107,2018,10,18,6,3,1,5,0,0,1,0,1,0,0,0,4.62147E+20,5.45569E+21,8.47983E+15,4.92528E+16
160208,8,1,35,16,2018,10,7,3,3,4,2,1,1,1,0,0,0,0,0,5.9093E+20,5.38588E+21,1.02338E+16,4.86194E+16
160209,8,2,15,7,2018,10,16,6,3,6,7,0,0,1,1,0,0,0,0,4.78771E+20,5.43084E+21,8.70958E+15,4.90301E+16
160210,8,2,12,0,2018,10,8,6,3,5,3,0,1,1,0,0,0,0,0,4.52394E+20,5.42736E+21,8.34917E+15,4.89973E+16
160211,8,1,25,65,2018,10,7,3,3,6,2,1,0,1,1,0,0,0,0,5.16322E+20,5.44903E+21,9.22402E+15,4.91938E+16
160212,8,1,35,19,2018,10,9,6,3,0,7,0,0,1,0,0,0,0,0,5.85029E+20,5.39365E+21,1.01554E+16,4.86901E+16
160213,8,1,18,48,2018,10,16,3,3,5,3,0,1,0,0,0,0,0,0,5.14505E+20,5.41593E+21,9.1979E+15,4.88962E+16
160214,8,1,26,46,2018,10,13,6,3,5,3,0,0,1,0,0,0,0,0,5.50166E+20,5.45786E+21,9.68963E+15,4.92714E+16
160215,8,1,18,81,2018,10,17,3,3,1,5,0,0,1,0,0,0,0,0,5.1847E+20,5.41227E+21,9.25183E+15,4.88631E+16
160216,8,1,19,91,2018,10,18,6,3,5,3,1,1,1,0,0,0,0,0,5.26772E+20,5.4066E+21,9.36466E+15,4.88118E+16
160217,8,1,19,20,2018,10,13,6,3,3,2,0,1,1,0,0,0,0,0,5.19954E+20,5.4075E+21,9.27183E+15,4.88202E+16
160218,8,1,18,48,2018,10,11,6,3,2,6,0,0,1,0,0,0,0,0,5.14505E+20,5.41593E+21,9.1979E+15,4.88962E+16
160219,8,1,18,79,2018,10,15,3,3,5,3,0,0,1,0,0,0,0,0,5.10524E+20,5.42312E+21,9.14377E+15,4.89609E+16
160220,8,1,15,28,2018,10,13,6,2,4,6,0,0,1,0,0,0,0,0,5.00889E+20,5.40344E+21,9.0121E+15,4.8784E+16
160221,8,1,16,49,2018,10,10,6,3,5,3,0,0,1,0,0,0,0,0,5.25462E+20,5.38597E+21,9.34554E+15,4.86263E+16
160222,8,1,16,33,2018,10,7,6,3,5,3,1,1,1,0,0,0,0,0,5.33118E+20,5.3882E+21,9.44961E+15,4.8646E+16
160223,8,1,17,19,2018,10,17,3,3,6,4,0,0,1,1,0,0,0,0,5.52257E+20,5.39476E+21,9.71026E+15,4.87037E+16
160224,8,1,16,35,2018,10,7,6,2,1,5,0,1,1,0,0,0,0,0,5.27021E+20,5.39222E+21,9.3671E+15,4.86824E+16
160225,8,1,16,33,2018,10,16,3,3,4,2,0,0,1,0,0,0,0,0,5.3312E+20,5.38895E+21,9.4497E+15,4.86527E+16
160226,8,1,15,45,2018,10,7,6,3,5,3,0,0,1,0,1,0,0,0,5.004E+20,5.39505E+21,9.00544E+15,4.87085E+16
160227,8,1,15,45,2018,10,18,3,3,5,2,2,0,1,0,0,0,0,0,5.02148E+20,5.39473E+21,9.02919E+15,4.87056E+16
160228,8,1,15,3,2018,10,15,3,3,2,6,0,0,1,0,0,0,0,0,5.00794E+20,5.39205E+21,9.01079E+15,4.86815E+16
160229,8,1,15,51,2018,10,17,6,3,5,3,0,1,1,0,0,0,0,0,5.02239E+20,5.38481E+21,9.03038E+15,4.86164E+16
160230,8,1,11,0,2018,10,10,3,3,2,6,0,0,1,0,0,0,0,0,5.14224E+20,5.40394E+21,9.19365E+15,4.87883E+16
160231,8,1,11,0,2018,10,15,6,3,0,4,0,0,0,1,1,0,0,0,5.13568E+20,5.40861E+21,9.18487E+15,4.88303E+16
160232,8,4,15,61,2018,10,17,2,2,6,4,2,0,1,1,0,0,0,0,5.15526E+20,5.37003E+21,9.2101E+15,4.84832E+16
160233,8,3,36,81,2018,10,11,2,3,2,6,0,1,1,0,0,0,0,0,4.11037E+20,5.27788E+21,7.81542E+15,4.76482E+16
160234,8,3,35,75,2018,10,17,2,3,2,6,1,0,1,0,0,0,0,1,4.88272E+20,5.2902E+21,8.84349E+15,4.7765E+16
160235,8,2,12,0,2018,10,15,3,3,0,5,0,0,1,0,1,0,0,1,4.55494E+20,5.42864E+21,8.39141E+15,4.9009E+16
160236,8,3,35,63,2018,10,12,2,3,2,6,0,0,1,0,0,0,0,0,4.96594E+20,5.28855E+21,8.95456E+15,4.77503E+16
160237,8,3,27,50,2018,10,9,2,2,6,4,0,0,0,1,0,0,1,0,4.85359E+20,5.31438E+21,8.8038E+15,4.79826E+16
160238,8,3,17,96,2018,10,7,2,3,0,7,0,1,0,0,0,0,0,0,4.23801E+20,5.37059E+21,7.96882E+15,4.84838E+16
160239,8,1,25,5,2018,10,6,3,2,5,3,2,1,1,0,0,0,0,1,5.15665E+20,5.45184E+21,9.21512E+15,4.92191E+16
160240,8,3,17,102,2018,10,19,2,3,8,1,2,0,1,0,0,0,0,1,4.3773E+20,5.3774E+21,8.15627E+15,4.85466E+16
160241,8,2,21,0,2018,10,12,3,3,1,6,0,0,1,0,0,0,0,1,4.77163E+20,5.47184E+21,8.68525E+15,4.93988E+16
160242,8,2,12,0,2018,10,14,2,3,5,3,0,0,1,0,0,0,0,0,4.55007E+20,5.42991E+21,8.38461E+15,4.90205E+16
160243,8,2,12,0,2018,10,18,2,3,3,6,2,0,1,0,1,0,0,1,4.55496E+20,5.42925E+21,8.39137E+15,4.90145E+16
160244,8,2,12,0,2018,10,9,2,3,1,5,0,1,1,0,0,0,0,0,4.55619E+20,5.42705E+21,8.39329E+15,4.89948E+16
160245,8,1,15,24,2018,10,14,3,3,5,3,0,0,1,0,0,0,0,1,5.00812E+20,5.38808E+21,9.01103E+15,4.86458E+16
160246,8,2,12,0,2018,10,9,2,2,6,2,0,0,1,1,0,0,0,0,4.55421E+20,5.42747E+21,8.39053E+15,4.89985E+16
160247,8,2,22,0,2018,10,21,2,3,2,6,2,0,1,0,0,0,0,0,4.61834E+20,5.48232E+21,8.47298E+15,4.94923E+16
160248,8,2,21,0,2018,10,7,2,3,5,3,1,0,1,0,0,0,0,0,4.74582E+20,5.47228E+21,8.64965E+15,4.94027E+16
160249,8,2,26,18,2018,10,7,2,3,5,3,0,0,1,0,0,0,0,1,4.73113E+20,5.47169E+21,8.62944E+15,4.93973E+16
160250,8,2,21,0,2018,10,15,2,3,5,3,0,1,0,0,0,0,0,0,4.75934E+20,5.47331E+21,8.66822E+15,4.9412E+16
160251,8,2,16,7,2018,10,16,2,3,1,5,0,1,0,0,0,0,1,0,4.35863E+20,5.39494E+21,8.12827E+15,4.87042E+16
160252,8,2,15,66,2018,10,16,2,3,5,3,1,1,1,0,0,0,0,0,4.60558E+20,5.45335E+21,8.45823E+15,4.92317E+16
160253,8,2,15,9,2018,10,17,2,3,2,6,1,0,1,0,0,0,0,1,4.70064E+20,5.44116E+21,8.58971E+15,4.91226E+16
160254,8,2,15,17,2018,10,15,2,2,5,3,0,1,1,0,0,0,0,1,4.56609E+20,5.42137E+21,8.40742E+15,4.89437E+16
160255,8,3,36,50,2018,10,18,3,2,6,4,2,0,1,1,0,0,0,1,3.99424E+20,5.27372E+21,7.66179E+15,4.76091E+16
160256,8,1,36,28,2018,10,21,2,3,5,3,2,0,1,0,0,0,0,1,5.67941E+20,5.40546E+21,9.92516E+15,4.87984E+16
160257,8,1,18,46,2018,10,22,2,3,8,1,2,0,1,0,0,0,0,1,5.13706E+20,5.41095E+21,9.18683E+15,4.88514E+16
160258,8,1,15,28,2018,10,7,2,3,5,3,0,1,1,0,0,0,0,0,5.00405E+20,5.40433E+21,9.00551E+15,4.8792E+16
160259,8,3,17,65,2018,11,16,1,3,0,7,0,1,0,0,0,0,0,0,4.16475E+20,5.35461E+21,7.87288E+15,4.83392E+16
160260,8,1,15,3,2018,10,7,2,3,2,6,2,0,1,0,0,0,0,1,5.00591E+20,5.3903E+21,9.00803E+15,4.86658E+16
160261,8,3,15,73,2018,11,12,1,3,4,6,0,1,1,0,0,0,0,0,4.12161E+20,5.31384E+21,7.82309E+15,4.79718E+16
160262,8,1,11,0,2018,10,19,2,3,3,6,2,0,1,0,0,0,0,0,5.14196E+20,5.40511E+21,9.19331E+15,4.87988E+16
160263,8,2,15,108,2018,11,16,1,3,7,7,0,0,0,0,1,0,0,0,4.49397E+20,5.42449E+21,8.30856E+15,4.89712E+16
160264,8,2,12,0,2018,11,16,1,3,0,7,0,1,0,0,0,0,0,0,4.53536E+20,5.42921E+21,8.36457E+15,4.90141E+16
160265,8,1,11,0,2018,10,10,2,2,5,3,0,1,1,0,0,0,0,0,5.12231E+20,5.40238E+21,9.16647E+15,4.87743E+16
160266,8,2,12,0,2018,11,19,1,3,5,2,2,1,1,0,0,0,0,0,4.54189E+20,5.4286E+21,8.37357E+15,4.90086E+16
160267,8,2,22,0,2018,10,15,3,3,4,6,0,0,1,0,0,0,0,1,4.62578E+20,5.48578E+21,8.48293E+15,4.95234E+16
160268,8,1,11,0,2018,10,9,2,3,0,7,1,0,1,0,0,0,0,1,5.06444E+20,5.39765E+21,9.08764E+15,4.87318E+16
160269,8,4,35,57,2018,11,14,7,3,5,3,0,0,1,0,0,0,0,0,5.49497E+20,5.27481E+21,9.65877E+15,4.76248E+16
160270,8,4,36,55,2018,10,16,1,3,5,3,1,0,1,0,0,0,0,1,5.76208E+20,5.29746E+21,1.00182E+16,4.78259E+16
160271,8,4,26,21,2018,11,18,7,3,0,3,2,1,1,0,0,0,0,0,5.59567E+20,5.32609E+21,9.79985E+15,4.80853E+16
160272,8,1,17,42,2018,11,0,7,2,0,1,2,0,1,0,0,0,1,0,5.54407E+20,5.39331E+21,9.73928E+15,4.86904E+16
160273,8,4,16,41,2018,11,8,7,3,3,5,0,1,1,0,0,0,0,0,5.04213E+20,5.37379E+21,9.05704E+15,4.85172E+16
160274,8,4,36,64,2018,10,23,1,3,8,7,2,0,1,0,0,0,0,1,5.43998E+20,5.29199E+21,9.58733E+15,4.77798E+16
160275,8,4,15,59,2018,11,18,7,2,8,1,2,0,1,0,0,0,0,0,5.17074E+20,5.36992E+21,9.23105E+15,4.84822E+16
160276,8,4,16,41,2018,11,12,7,3,2,6,0,0,1,0,0,0,0,0,5.05764E+20,5.37489E+21,9.07806E+15,4.85271E+16
160277,8,4,25,39,2018,10,19,1,3,6,4,2,0,1,1,0,0,0,1,5.65736E+20,5.3535E+21,9.88693E+15,4.83313E+16
160278,8,3,17,96,2018,11,19,7,3,0,7,2,1,0,0,0,0,0,0,4.24742E+20,5.37012E+21,7.98163E+15,4.84797E+16
160279,8,2,12,0,2018,10,9,3,2,5,3,0,1,0,0,0,0,0,1,4.56653E+20,5.42808E+21,8.40732E+15,4.90041E+16
160280,8,3,35,75,2018,10,2,1,3,1,1,2,0,1,0,0,0,0,1,4.91515E+20,5.28894E+21,8.88679E+15,4.77537E+16
160281,8,3,11,0,2018,11,12,7,2,5,3,0,1,0,0,0,0,1,0,4.13093E+20,5.31721E+21,7.8349E+15,4.80023E+16
160282,8,3,17,121,2018,10,14,1,3,5,3,0,0,1,0,0,0,0,1,4.22542E+20,5.34688E+21,7.95616E+15,4.82703E+16
160283,8,2,26,82,2018,11,19,7,3,0,1,2,1,0,0,0,0,0,0,4.75203E+20,5.47972E+21,8.65775E+15,4.94696E+16
160284,8,3,15,95,2018,10,11,1,3,4,1,0,0,1,0,0,0,0,1,4.30922E+20,5.31905E+21,8.07359E+15,4.8021E+16
160285,8,2,22,0,2018,11,18,7,3,6,4,2,0,1,1,0,0,0,0,4.6212E+20,5.48411E+21,8.47676E+15,4.95084E+16
160286,8,2,21,0,2018,11,14,7,3,1,2,0,1,1,0,0,0,0,0,4.77097E+20,5.46893E+21,8.68451E+15,4.93726E+16
160287,8,3,11,0,2018,10,10,1,3,2,7,0,0,1,0,0,0,0,1,4.13782E+20,5.31754E+21,7.84407E+15,4.80053E+16
160288,8,2,15,9,2018,11,22,7,3,5,3,2,0,1,0,0,0,1,0,4.70301E+20,5.44134E+21,8.59294E+15,4.91242E+16
160289,8,3,11,0,2018,10,13,1,3,1,1,0,0,1,0,0,0,0,1,4.13961E+20,5.31658E+21,7.84666E+15,4.79967E+16
160290,8,2,12,0,2018,11,16,7,2,1,5,0,1,1,0,0,0,0,0,4.56528E+20,5.42785E+21,8.40563E+15,4.90021E+16
160291,8,2,12,0,2018,11,13,7,3,2,6,0,0,1,0,0,0,0,0,4.5574E+20,5.42839E+21,8.3948E+15,4.90068E+16
160292,8,2,12,0,2018,10,12,1,3,5,7,0,0,1,0,0,0,0,1,4.54038E+20,5.42851E+21,8.37151E+15,4.90078E+16
160293,8,2,12,0,2018,11,23,7,3,9,7,2,0,1,0,0,0,0,1,4.62391E+20,5.42732E+21,8.48583E+15,4.89976E+16
160294,8,1,18,80,2018,10,6,3,3,5,2,0,1,0,0,0,0,1,0,5.08877E+20,5.40827E+21,9.12094E+15,4.88274E+16
160295,8,2,26,96,2018,10,13,1,3,0,1,0,0,0,0,1,0,0,1,4.74822E+20,5.48946E+21,8.65187E+15,4.95572E+16
160296,8,1,36,75,2018,11,18,7,1,8,1,2,0,1,0,0,0,0,0,5.99828E+20,5.42267E+21,1.03635E+16,4.89489E+16
160297,8,2,26,84,2018,10,16,1,3,4,2,0,0,1,0,0,0,0,1,4.68809E+20,5.47098E+21,8.57019E+15,4.93907E+16
160298,8,1,21,0,2018,11,13,7,3,1,7,0,0,1,0,1,0,0,0,5.14353E+20,5.44428E+21,9.19682E+15,4.91512E+16
160299,8,1,17,26,2018,11,15,7,3,5,3,0,1,1,0,0,0,0,0,5.48054E+20,5.39439E+21,9.65309E+15,4.87007E+16
160300,8,1,16,19,2018,11,9,7,3,2,6,0,0,1,0,0,0,0,0,5.22668E+20,5.39823E+21,9.3083E+15,4.87367E+16
160301,8,2,25,58,2018,10,17,1,3,3,1,2,0,1,0,0,0,0,1,5.10588E+20,5.4669E+21,9.1458E+15,4.93547E+16
160302,8,1,15,3,2018,11,20,7,3,1,7,2,0,1,0,0,0,0,0,5.00071E+20,5.39225E+21,9.00096E+15,4.86833E+16
160303,8,2,16,49,2018,10,18,1,3,6,4,2,0,1,1,0,0,0,0,4.38871E+20,5.4015E+21,8.16818E+15,4.87635E+16
160304,8,1,35,19,2018,10,19,1,3,5,3,2,0,1,0,0,0,0,1,5.84933E+20,5.3919E+21,1.01537E+16,4.86744E+16
160305,8,1,15,51,2018,11,10,7,3,6,4,0,0,1,1,0,0,0,0,5.04567E+20,5.38538E+21,9.06198E+15,4.86215E+16
160306,8,1,21,0,2018,10,12,1,3,1,6,0,0,1,0,0,0,0,1,5.16444E+20,5.44293E+21,9.22545E+15,4.9139E+16
160307,8,1,11,0,2018,10,7,3,3,5,3,1,1,1,0,0,0,0,0,5.17043E+20,5.4104E+21,9.2323E+15,4.88463E+16
160308,8,1,19,67,2018,10,9,1,3,2,6,0,0,1,0,0,0,0,0,5.38605E+20,5.40574E+21,9.52574E+15,4.88034E+16
160309,8,1,11,0,2018,11,4,7,2,8,1,2,0,1,0,0,0,0,0,5.15502E+20,5.40767E+21,9.21119E+15,4.88218E+16
160310,8,1,19,79,2018,10,14,1,3,4,6,0,0,1,0,0,0,0,1,5.26182E+20,5.41161E+21,9.35693E+15,4.88569E+16
160311,8,1,11,0,2018,11,14,7,3,5,3,0,0,1,0,0,0,0,0,5.16107E+20,5.40571E+21,9.21935E+15,4.88042E+16
160312,8,1,16,68,2018,10,22,1,3,9,7,2,0,1,0,0,0,0,1,5.26285E+20,5.39016E+21,9.35697E+15,4.86639E+16
160313,8,4,17,2,2018,11,17,6,3,3,6,2,0,1,0,1,0,0,0,4.8905E+20,5.34688E+21,8.85243E+15,4.82751E+16
160314,8,4,15,93,2018,11,15,6,3,1,3,0,1,1,0,0,0,0,0,5.2532E+20,5.36705E+21,9.34245E+15,4.84561E+16
160315,8,1,15,45,2018,10,9,1,3,1,7,0,0,1,0,0,0,0,1,4.99744E+20,5.39568E+21,8.99652E+15,4.87142E+16
160316,8,3,37,116,2018,11,16,6,3,2,6,1,0,1,0,0,0,0,0,4.17291E+20,5.27526E+21,7.89917E+15,4.76254E+16
160317,8,3,17,57,2018,11,11,6,2,0,7,0,1,0,0,0,0,0,0,4.12414E+20,5.38044E+21,7.81268E+15,4.85709E+16
160318,8,1,11,0,2018,10,2,1,3,6,4,2,0,1,1,0,0,0,1,5.12768E+20,5.40243E+21,9.17378E+15,4.87747E+16
160319,8,3,17,114,2018,11,8,6,2,4,6,0,1,0,0,1,0,0,1,4.04748E+20,5.34681E+21,7.71643E+15,4.82673E+16
160320,8,3,11,0,2018,11,12,6,3,2,1,0,0,1,0,0,0,0,0,4.15008E+20,5.32072E+21,7.85987E+15,4.80341E+16
160321,8,1,11,0,2018,10,14,1,3,5,3,0,0,1,0,0,0,0,1,5.11009E+20,5.4108E+21,9.15007E+15,4.88501E+16
160322,8,3,11,0,2018,11,6,6,3,0,1,1,1,0,0,0,0,0,1,4.14519E+20,5.31694E+21,7.85406E+15,4.8E+16
160323,8,2,12,0,2018,11,19,6,3,5,3,2,1,1,0,0,0,0,0,4.57392E+20,5.42864E+21,8.41736E+15,4.90092E+16
160324,8,2,35,46,2018,11,17,6,3,6,4,1,0,1,1,0,0,0,0,4.79996E+20,5.37692E+21,8.72897E+15,4.85451E+16
160325,8,4,17,2,2018,10,12,7,3,5,3,0,0,1,0,1,0,0,1,4.8885E+20,5.34524E+21,8.84977E+15,4.82603E+16
160326,8,2,36,11,2018,11,17,6,3,6,7,0,0,1,1,0,0,0,0,4.76262E+20,5.42111E+21,8.67582E+15,4.89425E+16
160327,8,3,36,91,2018,10,9,3,3,5,3,0,0,1,0,0,0,0,1,3.96637E+20,5.27257E+21,7.62498E+15,4.75983E+16
160328,8,3,36,81,2018,10,11,7,3,2,6,0,0,1,0,0,0,0,1,4.11028E+20,5.27786E+21,7.8153E+15,4.7648E+16
160329,8,2,36,40,2018,11,11,6,3,6,6,0,0,1,1,0,0,0,0,4.92366E+20,5.42086E+21,8.89576E+15,4.89406E+16
160330,8,2,26,96,2018,11,9,6,3,6,4,0,0,1,1,0,0,0,0,4.76079E+20,5.48965E+21,8.66924E+15,4.95589E+16
160331,8,3,17,5,2018,10,20,7,3,0,7,2,1,0,0,0,0,0,0,4.23947E+20,5.37711E+21,7.9696E+15,4.85425E+16
160332,8,2,26,63,2018,11,10,6,2,5,3,0,1,1,0,0,0,0,0,4.70686E+20,5.47136E+21,8.59602E+15,4.93942E+16
160333,8,2,22,0,2018,11,17,6,3,6,2,2,0,1,1,0,0,0,0,4.61255E+20,5.48195E+21,8.46503E+15,4.9489E+16
160334,8,3,17,1,2018,10,21,7,3,6,7,2,0,1,1,0,0,0,1,4.31443E+20,5.38658E+21,8.06959E+15,4.86286E+16
160335,8,2,22,0,2018,11,13,6,3,0,7,0,0,0,0,0,0,1,0,4.6417E+20,5.47821E+21,8.50561E+15,4.94555E+16
160336,8,1,36,88,2018,10,10,3,3,6,7,0,0,0,1,0,0,1,0,5.80314E+20,5.41005E+21,1.00945E+16,4.88382E+16
160337,8,3,16,56,2018,10,21,7,2,7,1,2,0,1,0,0,0,1,1,4.21222E+20,5.32628E+21,7.94218E+15,4.80849E+16
160338,8,2,21,0,2018,11,18,6,3,6,4,2,1,0,1,0,0,0,0,4.77182E+20,5.47264E+21,8.68547E+15,4.94061E+16
160339,8,3,11,0,2018,10,13,7,3,5,3,0,0,1,0,1,0,0,1,4.11918E+20,5.31452E+21,7.8197E+15,4.79779E+16
160340,8,2,21,0,2018,10,16,3,3,5,3,1,1,1,0,0,0,0,1,4.77333E+20,5.47391E+21,8.68748E+15,4.94174E+16
160341,8,3,11,0,2018,10,3,7,2,0,1,2,1,0,0,0,0,0,1,4.14442E+20,5.31674E+21,7.85307E+15,4.79982E+16
160342,8,2,16,15,2018,11,10,6,3,5,3,0,1,1,0,0,0,0,0,4.49962E+20,5.40588E+21,8.31855E+15,4.88039E+16
160343,8,3,11,0,2018,10,6,7,3,6,1,2,0,1,1,0,0,0,1,4.11227E+20,5.31551E+21,7.81024E+15,4.79868E+16
160344,8,2,15,9,2018,11,10,6,3,5,3,0,1,1,0,0,0,0,0,4.69032E+20,5.44055E+21,8.57562E+15,4.9117E+16
160345,8,2,12,0,2018,10,15,7,3,6,4,0,0,1,1,0,0,0,0,4.55635E+20,5.42869E+21,8.39332E+15,4.90095E+16
160346,8,2,15,108,2018,11,16,6,3,5,3,0,1,1,0,0,0,0,0,4.47446E+20,5.42374E+21,8.28199E+15,4.89643E+16
160347,8,2,12,0,2018,11,9,6,3,2,6,0,0,1,0,0,0,0,0,4.57255E+20,5.42818E+21,8.41553E+15,4.9005E+16
160348,8,2,31,0,2018,10,12,7,3,0,7,0,0,0,0,0,0,1,0,4.76886E+20,5.41567E+21,8.68466E+15,4.88936E+16
160349,8,2,11,0,2018,11,11,6,3,0,7,0,1,1,0,0,0,0,0,4.4187E+20,5.40343E+21,8.20871E+15,4.87811E+16
160350,8,1,15,28,2018,10,8,3,3,4,6,0,1,1,0,0,0,0,0,4.97107E+20,5.40417E+21,8.96062E+15,4.87905E+16
160351,8,2,26,95,2018,10,12,7,3,5,3,0,0,1,0,0,0,1,0,4.73895E+20,5.46195E+21,8.64086E+15,4.93097E+16
160352,8,1,36,65,2018,11,18,6,3,5,3,2,0,1,0,0,0,0,1,5.62326E+20,5.40521E+21,9.84867E+15,4.87968E+16
160353,8,2,26,96,2018,10,13,7,3,5,3,0,0,1,0,0,0,0,0,4.75066E+20,5.48897E+21,8.65527E+15,4.95528E+16
160354,8,1,36,88,2018,11,12,6,3,2,6,0,0,1,0,0,0,0,0,5.80613E+20,5.41132E+21,1.00988E+16,4.88496E+16
160355,8,1,36,19,2018,11,9,6,2,4,1,0,0,1,0,0,0,0,0,5.8268E+20,5.42393E+21,1.01296E+16,4.89627E+16
160356,8,1,28,39,2018,11,5,6,3,2,2,2,0,1,0,1,0,0,1,5.23457E+20,5.51077E+21,9.32561E+15,4.9749E+16
160357,8,1,21,0,2018,11,17,6,2,6,4,2,0,0,1,0,0,1,0,5.1258E+20,5.44781E+21,9.17262E+15,4.91829E+16
160358,8,2,26,32,2018,10,8,7,2,5,3,0,1,1,0,0,0,0,0,4.66369E+20,5.4642E+21,8.53714E+15,4.93296E+16
160359,8,1,21,0,2018,11,11,6,3,5,3,0,1,1,0,0,0,0,0,5.15565E+20,5.4432E+21,9.21341E+15,4.91414E+16
160360,8,1,21,0,2018,11,20,6,3,2,6,2,0,1,0,0,0,0,0,5.16238E+20,5.44241E+21,9.2226E+15,4.91343E+16
160361,8,2,25,109,2018,10,0,7,2,8,1,2,1,0,0,0,0,0,1,5.27157E+20,5.49174E+21,9.37565E+15,4.95777E+16
160362,8,1,25,26,2018,11,3,6,3,9,1,2,0,1,0,0,0,0,0,4.922E+20,5.4458E+21,8.893E+15,4.91649E+16
160363,8,4,36,64,2018,10,13,2,3,6,4,0,0,1,1,0,0,0,0,5.45461E+20,5.29187E+21,9.60685E+15,4.77786E+16
160364,8,2,22,0,2018,10,14,7,3,5,3,0,1,1,0,0,0,0,0,4.66017E+20,5.47728E+21,8.53117E+15,4.94472E+16