OBJECTID_1,ULAND,UREGBEZ,UKREIS,UGEMEINDE,UJAHR,UMONAT,USTUNDE,UWOCHENTAG,UKATEGORIE,UART,UTYP1,ULICHTVERH,IstRad,IstPKW,IstFuss,IstKrad,IstGkfz,IstSonstig,STRZUSTAND,LINREFX,LINREFY,XGCSWGS84,YGCSWGS84
160365,8,1,17,26,2018,11,10,6,3,6,4,0,0,1,1,0,0,0,0,5.48E+20,5.39478E+21,9.65241E+15,4.87042E+16
160366,8,2,22,0,2018,10,0,7,3,5,3,2,1,1,0,0,0,0,0,4.61387E+20,5.48188E+21,8.46685E+15,4.94883E+16
160367,8,1,16,19,2018,11,10,6,3,1,5,0,0,1,0,0,0,1,0,5.22062E+20,5.39855E+21,9.30006E+15,4.87396E+16
160368,8,1,15,3,2018,10,17,7,2,6,4,1,0,1,1,0,0,0,1,5.00451E+20,5.39158E+21,9.00613E+15,4.86773E+16
160369,8,1,11,0,2018,11,9,6,3,1,5,0,0,0,0,0,0,1,0,5.1402E+20,5.40287E+21,9.19083E+15,4.87787E+16
160370,8,3,16,56,2018,10,18,3,3,2,6,2,0,1,0,0,0,1,0,4.21676E+20,5.3267E+21,7.94821E+15,4.80887E+16
160371,8,1,25,78,2018,10,15,7,3,2,6,0,0,1,0,1,0,0,0,5.19663E+20,5.45514E+21,9.27018E+15,4.92487E+16
160372,8,1,11,0,2018,11,8,6,3,0,7,0,0,0,0,0,1,0,0,5.15411E+20,5.40647E+21,9.2099E+15,4.8811E+16
160373,8,1,21,0,2018,10,20,7,3,6,7,2,0,1,1,0,0,0,0,5.16446E+20,5.44227E+21,9.22545E+15,4.9133E+16
160374,8,1,11,0,2018,11,13,6,3,0,6,0,0,0,0,0,0,1,0,5.13364E+20,5.40334E+21,9.18192E+15,4.87829E+16
160375,8,1,19,8,2018,10,18,7,3,2,6,2,0,1,0,0,0,0,1,5.31707E+20,5.42166E+21,9.43303E+15,4.8947E+16
160376,8,1,16,33,2018,10,14,7,3,0,7,0,0,1,1,0,0,0,0,5.34487E+20,5.38729E+21,9.46811E+15,4.86377E+16
160377,8,4,21,0,2018,11,4,5,3,5,3,2,1,1,0,0,0,0,0,5.72974E+20,5.36093E+21,9.98586E+15,4.83973E+16
160378,8,1,16,56,2018,10,14,7,3,5,3,0,0,1,0,0,0,0,1,5.30377E+20,5.39562E+21,9.41295E+15,4.87129E+16
160379,8,4,25,90,2018,11,3,5,3,8,1,2,0,1,0,0,0,0,0,5.42705E+20,5.34209E+21,9.57505E+15,4.82306E+16
160380,8,4,17,79,2018,11,14,5,3,0,3,0,0,1,0,0,0,0,0,5.02125E+20,5.34046E+21,9.02861E+15,4.82173E+16
160381,8,1,15,45,2018,10,12,7,3,2,6,0,0,1,0,0,0,0,0,5.01494E+20,5.39489E+21,9.02031E+15,4.8707E+16
160382,8,3,37,59,2018,11,14,5,3,2,7,0,0,1,0,0,0,0,0,4.32517E+20,5.2892E+21,8.09965E+15,4.77526E+16
160383,8,2,22,0,2018,10,14,3,3,5,3,0,0,1,0,0,0,0,1,4.60018E+20,5.48858E+21,8.44727E+15,4.95485E+16
160384,8,1,15,15,2018,10,14,7,3,5,3,0,1,1,0,0,0,0,0,4.92918E+20,5.3872E+21,8.90386E+15,4.86378E+16
160385,8,3,36,81,2018,11,19,5,3,5,3,2,0,1,0,0,0,1,1,4.1235E+20,5.27855E+21,7.83276E+15,4.76544E+16
160386,8,1,11,0,2018,10,6,7,3,0,1,2,0,0,0,1,0,0,1,5.16317E+20,5.40643E+21,9.22224E+15,4.88106E+16
160387,8,3,36,50,2018,11,20,5,3,9,1,2,0,1,0,0,0,0,1,3.98634E+20,5.27454E+21,7.65109E+15,4.76163E+16
160388,8,4,36,10,2018,10,7,6,3,5,3,2,0,1,0,0,0,0,0,5.66616E+20,5.30652E+21,9.89146E+15,4.79085E+16
160389,8,4,35,16,2018,11,12,5,2,0,1,0,1,0,0,0,0,0,0,5.36736E+20,5.27948E+21,9.48933E+15,4.76677E+16
160390,8,3,17,57,2018,11,21,5,2,0,7,2,1,0,0,0,0,0,1,4.12725E+20,5.38046E+21,7.81689E+15,4.85712E+16
160391,8,3,11,0,2018,11,20,5,2,5,3,2,1,1,0,0,0,0,1,4.12805E+20,5.31674E+21,7.83113E+15,4.79981E+16
160392,8,4,21,0,2018,10,17,6,3,4,2,0,0,1,0,0,0,0,0,5.73553E+20,5.36147E+21,9.99378E+15,4.84021E+16
160393,8,2,37,28,2018,11,20,5,2,6,4,2,0,1,1,0,0,0,1,4.56631E+20,5.36752E+21,8.41339E+15,4.84593E+16
160394,8,2,22,0,2018,11,3,5,3,2,6,2,0,1,0,0,0,0,0,4.61864E+20,5.48138E+21,8.47349E+15,4.94839E+16
160395,8,4,21,0,2018,10,20,6,3,1,7,2,1,1,0,0,0,0,0,5.73358E+20,5.36144E+21,9.99114E+15,4.84019E+16
160396,8,1,35,25,2018,11,13,5,3,5,2,0,1,1,0,0,0,0,0,5.83252E+20,5.39864E+21,1.01322E+16,4.87352E+16
160397,8,2,12,0,2018,10,14,3,3,1,1,0,0,1,0,1,0,0,1,4.53639E+20,5.42974E+21,8.36591E+15,4.90188E+16
160398,8,4,17,25,2018,10,16,6,3,8,1,0,0,0,0,1,0,0,0,4.85255E+20,5.35546E+21,8.80097E+15,4.83521E+16
160399,8,1,18,49,2018,11,19,5,3,6,7,2,0,1,1,0,0,0,0,5.18915E+20,5.42093E+21,9.2583E+15,4.8941E+16
160400,8,4,17,2,2018,10,19,6,3,7,7,2,0,0,0,1,0,0,0,4.91866E+20,5.34815E+21,8.89036E+15,4.82865E+16
160401,8,1,18,49,2018,11,9,5,3,5,3,0,0,1,0,1,0,0,0,5.19157E+20,5.42105E+21,9.26161E+15,4.89421E+16
160402,8,4,16,36,2018,10,19,6,2,0,7,2,1,0,0,0,0,0,0,4.95031E+20,5.37493E+21,8.9327E+15,4.85275E+16
160403,8,1,16,78,2018,11,17,5,3,5,3,2,0,1,0,0,0,0,0,5.12523E+20,5.39263E+21,9.17016E+15,4.86865E+16
160404,8,1,15,28,2018,11,12,5,3,5,3,0,1,1,0,0,0,0,0,5.00228E+20,5.40408E+21,9.0031E+15,4.87897E+16
160405,8,4,15,61,2018,10,17,6,3,5,3,0,1,1,0,0,0,0,0,5.14623E+20,5.37169E+21,9.19794E+15,4.84982E+16
160406,8,1,15,3,2018,11,20,5,3,5,3,2,0,1,0,0,0,0,1,4.98604E+20,5.39197E+21,8.98103E+15,4.86807E+16
160407,8,1,11,0,2018,10,16,3,2,5,3,0,1,1,0,0,0,0,0,5.17299E+20,5.40396E+21,9.23551E+15,4.87884E+16
160408,8,4,15,28,2018,10,18,6,3,5,3,2,0,1,0,0,0,0,0,5.33908E+20,5.37475E+21,9.45924E+15,4.8525E+16
160409,8,1,11,0,2018,11,22,5,3,2,6,2,0,1,0,0,0,0,1,5.11991E+20,5.40099E+21,9.16317E+15,4.87618E+16
160410,8,3,37,124,2018,10,16,6,3,2,6,0,0,1,0,0,0,0,0,4.54233E+20,5.28196E+21,8.39011E+15,4.76894E+16
160411,8,1,11,0,2018,11,14,5,3,5,3,0,0,1,0,0,0,0,0,5.12062E+20,5.40342E+21,9.1642E+15,4.87837E+16
160412,8,1,18,73,2018,10,19,3,3,6,7,2,1,0,1,0,0,0,0,4.97302E+20,5.41937E+21,8.96317E+15,4.89273E+16
160413,8,3,35,43,2018,10,17,6,3,4,6,1,1,1,0,0,0,0,0,5.13092E+20,5.27984E+21,9.17441E+15,4.76718E+16
160414,8,1,11,0,2018,11,20,5,3,6,2,2,0,1,1,0,0,0,1,5.12768E+20,5.40736E+21,9.17393E+15,4.88191E+16
160415,8,3,35,43,2018,10,6,6,2,5,3,2,1,0,0,0,0,1,0,5.13216E+20,5.27979E+21,9.17605E+15,4.76713E+16
160416,8,4,37,104,2018,10,12,4,3,6,4,0,0,1,1,0,0,0,0,5.1601E+20,5.32597E+21,9.21498E+15,4.80868E+16
160417,8,3,26,74,2018,10,15,6,3,0,1,0,1,0,0,0,0,0,0,4.68566E+20,5.32221E+21,8.57818E+15,4.80524E+16
160418,8,4,37,104,2018,10,21,4,3,0,1,2,1,0,0,0,0,0,0,5.16694E+20,5.32546E+21,9.22415E+15,4.80822E+16
160419,8,4,36,82,2018,10,8,4,3,5,3,0,1,0,0,0,0,0,0,5.48337E+20,5.29505E+21,9.64559E+15,4.7807E+16
160420,8,3,26,3,2018,10,16,6,3,0,1,0,1,0,0,0,0,0,0,4.64968E+20,5.31874E+21,8.53019E+15,4.8021E+16
160421,8,4,17,79,2018,10,12,4,3,5,3,0,0,1,0,0,0,0,0,5.02125E+20,5.34046E+21,9.02861E+15,4.82173E+16
160422,8,3,17,96,2018,10,23,6,3,5,3,2,0,1,0,0,0,0,0,4.20766E+20,5.3701E+21,7.92785E+15,4.8479E+16
160423,8,4,16,49,2018,10,13,4,3,5,3,0,0,1,0,0,0,0,0,4.91181E+20,5.36983E+21,8.88065E+15,4.84816E+16
160424,8,3,17,65,2018,10,13,6,3,6,4,0,0,1,1,0,0,0,0,4.16121E+20,5.35463E+21,7.8681E+15,4.83393E+16
160425,8,4,15,61,2018,10,1,4,2,6,4,2,0,0,1,0,0,1,0,5.13313E+20,5.37248E+21,9.18023E+15,4.85053E+16
160426,8,3,11,0,2018,10,14,6,3,5,3,0,1,1,0,0,0,0,0,4.14589E+20,5.31825E+21,7.85474E+15,4.80118E+16
160427,8,3,11,0,2018,10,23,6,3,0,1,2,1,0,0,0,0,0,0,4.15093E+20,5.31593E+21,7.86196E+15,4.7991E+16
160428,8,4,15,59,2018,10,17,4,3,0,1,1,1,0,0,0,0,0,0,5.16813E+20,5.36881E+21,9.22747E+15,4.84722E+16
160429,8,3,15,89,2018,10,9,6,3,0,2,0,0,1,0,1,0,0,0,4.06713E+20,5.31007E+21,7.75093E+15,4.79372E+16
160430,8,3,36,8,2018,10,14,4,3,3,6,0,1,1,0,0,0,0,0,3.9594E+20,5.27638E+21,7.61481E+15,4.76324E+16
160431,8,3,35,66,2018,10,14,4,3,5,3,0,1,1,0,0,0,0,0,5.09201E+20,5.28236E+21,9.12263E+15,4.76946E+16
160432,8,3,36,50,2018,10,15,6,3,2,6,0,1,1,0,0,0,0,0,4.01777E+20,5.27647E+21,7.69247E+15,4.76342E+16
160433,8,3,17,29,2018,10,7,4,3,4,1,0,0,1,0,0,0,0,1,4.34863E+20,5.35301E+21,8.12123E+15,4.83269E+16
160434,8,2,12,0,2018,10,16,6,3,0,7,0,0,1,0,0,0,1,0,4.64141E+20,5.42225E+21,8.51021E+15,4.89521E+16
160435,8,3,17,96,2018,10,15,4,3,8,7,0,0,1,0,0,0,0,0,4.20233E+20,5.36983E+21,7.92069E+15,4.84765E+16
160436,8,2,35,46,2018,10,20,6,3,0,2,2,1,1,0,0,0,0,0,4.79848E+20,5.37692E+21,8.72696E+15,4.8545E+16
160437,8,3,16,37,2018,10,18,4,2,4,2,2,0,1,0,1,0,0,0,4.07319E+20,5.33367E+21,7.75394E+15,4.81495E+16
160438,8,3,11,0,2018,10,8,4,3,5,3,0,0,0,0,0,0,1,0,4.13445E+20,5.31555E+21,7.83995E+15,4.79874E+16
160439,8,2,31,0,2018,10,16,6,3,6,4,0,0,1,1,0,0,0,0,4.7717E+20,5.41578E+21,8.68853E+15,4.88946E+16
160440,8,2,12,0,2018,10,17,4,2,0,3,1,1,1,0,0,0,0,0,4.55869E+20,5.42757E+21,8.39665E+15,4.89995E+16
160441,8,2,21,0,2018,10,8,3,3,1,2,0,0,1,0,1,0,0,1,4.75083E+20,5.47007E+21,8.6567E+15,4.93828E+16
160442,8,2,36,40,2018,10,12,6,3,2,6,0,0,1,0,0,0,0,0,4.88575E+20,5.42226E+21,8.84395E+15,4.89532E+16
160443,8,2,35,79,2018,10,16,4,3,8,1,0,1,0,0,0,0,0,1,4.66257E+20,5.39877E+21,8.54104E+15,4.8741E+16
160444,8,2,31,0,2018,10,21,4,3,6,4,2,0,1,1,0,0,0,0,4.78668E+20,5.41625E+21,8.70894E+15,4.88988E+16
160445,8,3,36,50,2018,10,11,3,3,5,3,0,1,1,0,0,0,0,0,4.01591E+20,5.27634E+21,7.69002E+15,4.7633E+16
160446,8,2,21,0,2018,10,14,6,3,6,7,0,0,1,1,0,0,0,0,4.75669E+20,5.47416E+21,8.66452E+15,4.94196E+16
160447,8,2,22,0,2018,10,9,4,3,5,3,0,0,1,0,0,0,0,0,4.60331E+20,5.48802E+21,8.45165E+15,4.95435E+16
160448,8,2,22,0,2018,10,17,4,3,4,6,2,1,1,0,0,0,0,0,4.62184E+20,5.48168E+21,8.47788E+15,4.94865E+16
160449,8,2,15,84,2018,10,6,6,3,6,4,2,0,1,1,0,0,0,0,4.72046E+20,5.44701E+21,8.61647E+15,4.91752E+16
160450,8,2,21,0,2018,10,18,4,3,1,6,1,1,0,0,0,0,0,0,4.76975E+20,5.47242E+21,8.68263E+15,4.9404E+16
160451,8,2,21,0,2018,10,15,4,3,3,5,0,1,1,0,0,0,0,0,4.76953E+20,5.47284E+21,8.68231E+15,4.94078E+16
160452,8,2,15,84,2018,10,7,6,3,0,7,2,0,1,0,0,0,1,0,4.76704E+20,5.4471E+21,8.68037E+15,4.91762E+16
160453,8,2,21,0,2018,10,17,4,3,0,4,1,1,0,1,0,0,0,0,4.78523E+20,5.47302E+21,8.70394E+15,4.94095E+16
160454,8,1,36,65,2018,10,17,3,3,6,4,2,0,1,1,0,0,0,1,5.58621E+20,5.40507E+21,9.7982E+15,4.87958E+16
160455,8,2,15,105,2018,10,12,6,3,5,3,0,0,1,0,0,0,0,0,4.56997E+20,5.44134E+21,8.41061E+15,4.91234E+16
160456,8,2,26,85,2018,10,14,4,2,1,7,0,1,1,0,0,0,0,0,4.91097E+20,5.45551E+21,8.87766E+15,4.92523E+16
160457,8,2,12,0,2018,10,11,6,3,5,3,0,1,1,0,0,0,0,0,4.52332E+20,5.42676E+21,8.34839E+15,4.89919E+16
160458,8,2,16,43,2018,10,8,4,3,1,5,0,1,1,0,0,0,0,0,4.42955E+20,5.41342E+21,8.22208E+15,4.88711E+16
160459,8,2,12,0,2018,10,4,6,3,5,3,2,1,0,0,0,0,1,0,4.54254E+20,5.42858E+21,8.37445E+15,4.90084E+16
160460,8,2,15,9,2018,10,12,4,3,5,3,0,1,1,0,0,0,0,0,4.70284E+20,5.44182E+21,8.59267E+15,4.91285E+16
160461,8,2,12,0,2018,10,18,6,3,6,4,0,1,0,1,0,0,0,0,4.56338E+20,5.42806E+21,8.40301E+15,4.90039E+16
160462,8,2,12,0,2018,10,10,4,2,0,1,0,0,0,0,1,0,0,0,4.55619E+20,5.4327E+21,8.39267E+15,4.90456E+16
160463,8,2,12,0,2018,10,15,6,2,0,1,0,1,0,0,0,0,0,0,4.56493E+20,5.42491E+21,8.40547E+15,4.89755E+16
160464,8,1,28,7,2018,10,12,4,3,5,2,0,1,1,0,0,0,0,0,5.55865E+20,5.48256E+21,9.77144E+15,4.94931E+16
160465,8,1,21,0,2018,10,13,4,3,6,4,0,0,1,1,0,0,0,0,5.16199E+20,5.4431E+21,9.2221E+15,4.91405E+16
160466,8,2,12,0,2018,10,12,6,3,4,6,0,1,1,0,0,0,0,0,4.61212E+20,5.42771E+21,8.46968E+15,4.90011E+16
160467,8,1,19,85,2018,10,13,4,3,5,3,0,0,1,0,0,0,0,0,5.31043E+20,5.41492E+21,9.42345E+15,4.88865E+16
160468,8,1,16,19,2018,10,11,3,3,5,3,0,1,1,0,0,0,0,1,5.22442E+20,5.39845E+21,9.30523E+15,4.87387E+16
160469,8,1,36,65,2018,10,12,6,3,2,6,0,0,1,0,0,0,0,0,5.57645E+20,5.40479E+21,9.78489E+15,4.87934E+16
160470,8,1,19,8,2018,10,21,4,3,6,7,2,0,1,1,0,0,0,0,5.31449E+20,5.42135E+21,9.42948E+15,4.89442E+16
160471,8,1,36,65,2018,10,10,6,3,2,6,0,0,1,0,0,0,0,0,5.59553E+20,5.40571E+21,9.81099E+15,4.88015E+16
160472,8,1,18,48,2018,10,13,4,3,0,7,0,1,0,0,0,0,1,0,5.13851E+20,5.4156E+21,9.18896E+15,4.88932E+16
160473,8,1,16,33,2018,10,17,4,3,5,3,2,1,1,0,0,0,0,0,5.3313E+20,5.38822E+21,9.44978E+15,4.86461E+16
160474,8,1,15,44,2018,10,20,4,3,6,4,2,1,0,1,0,0,0,0,5.04378E+20,5.39025E+21,9.05946E+15,4.86653E+16
160475,8,1,28,14,2018,10,16,6,2,5,2,0,1,1,0,0,0,0,0,5.4658E+20,5.48139E+21,9.64309E+15,4.94834E+16
160476,8,1,15,3,2018,10,13,4,3,5,3,0,0,1,0,0,0,0,0,5.01457E+20,5.39259E+21,9.01979E+15,4.86863E+16
160477,8,1,25,65,2018,10,19,6,3,5,2,2,0,1,0,0,0,0,0,5.16323E+20,5.44904E+21,9.22404E+15,4.91939E+16
160478,8,1,11,0,2018,10,17,4,3,5,2,2,0,1,0,0,0,1,0,5.1193E+20,5.40261E+21,9.16238E+15,4.87764E+16
160479,8,1,18,51,2018,10,16,6,3,0,1,0,0,0,0,1,0,0,0,5.09228E+20,5.41548E+21,9.1259E+15,4.88922E+16
160480,8,1,11,0,2018,10,16,4,3,2,6,0,0,1,0,0,0,0,0,5.1239E+20,5.4035E+21,9.16866E+15,4.87844E+16
160481,8,1,11,0,2018,10,6,3,3,5,3,1,1,1,0,0,0,0,1,5.11363E+20,5.40918E+21,9.15484E+15,4.88355E+16
160482,8,1,17,26,2018,10,13,6,3,5,3,0,0,1,0,0,0,0,0,5.48194E+20,5.39441E+21,9.655E+15,4.87008E+16
160483,8,1,11,0,2018,10,17,4,3,5,3,1,0,1,0,0,0,0,0,5.11914E+20,5.40618E+21,9.16226E+15,4.88085E+16
160484,8,1,17,26,2018,10,16,6,2,6,4,0,0,0,1,1,0,0,0,5.48008E+20,5.39539E+21,9.65258E+15,4.87097E+16
160485,8,1,16,71,2018,10,13,6,3,0,3,0,1,0,0,0,0,1,0,5.2812E+20,5.39122E+21,9.38197E+15,4.86734E+16
160486,8,3,35,43,2018,10,13,3,3,5,3,0,1,1,0,0,0,0,0,5.13995E+20,5.28023E+21,9.18644E+15,4.76753E+16
160487,8,1,16,19,2018,10,15,6,3,2,6,0,0,1,0,0,0,0,0,5.23004E+20,5.39914E+21,9.31291E+15,4.87449E+16
160488,8,3,11,0,2018,11,8,5,3,5,3,0,1,1,0,0,0,0,1,4.14451E+20,5.31802E+21,7.85293E+15,4.80097E+16
160489,8,2,15,82,2018,11,6,5,2,6,4,2,0,1,1,0,0,0,1,4.8973E+20,5.4385E+21,8.85931E+15,4.90992E+16
160490,8,2,15,59,2018,11,9,5,3,5,3,0,0,1,0,0,0,0,1,4.83345E+20,5.43277E+21,8.77207E+15,4.90476E+16
160491,8,2,26,95,2018,11,8,5,3,5,3,0,1,1,0,0,0,0,1,4.74845E+20,5.4599E+21,8.65406E+15,4.92913E+16
160492,8,2,26,84,2018,11,7,5,3,0,1,0,0,0,0,1,0,0,1,4.67365E+20,5.46772E+21,8.55055E+15,4.93613E+16
160493,8,2,26,49,2018,11,7,5,3,5,3,0,0,1,0,1,0,0,1,4.85947E+20,5.4634E+21,8.80661E+15,4.93231E+16
160494,8,2,25,14,2018,11,17,5,3,1,1,1,0,1,0,0,0,0,0,5.23509E+20,5.48535E+21,9.32481E+15,4.95203E+16
160495,8,2,22,0,2018,11,7,5,3,6,7,0,1,0,1,0,0,0,1,4.62226E+20,5.48101E+21,8.47852E+15,4.94806E+16
160496,8,2,22,0,2018,11,15,5,3,2,6,0,0,1,0,0,0,0,0,4.63919E+20,5.482E+21,8.5018E+15,4.94895E+16
160497,8,2,22,0,2018,11,16,5,3,5,3,0,1,1,0,0,0,0,0,4.64804E+20,5.47763E+21,8.51441E+15,4.94503E+16
160498,8,2,26,107,2018,11,16,5,2,1,1,2,0,1,0,1,0,0,0,4.75294E+20,5.48323E+21,8.65878E+15,4.95012E+16
160499,8,2,21,0,2018,11,8,5,3,5,2,0,0,1,0,1,0,0,1,4.76429E+20,5.47404E+21,8.675E+15,4.94185E+16
160500,8,2,21,0,2018,11,18,5,3,1,6,2,0,1,0,0,0,0,0,4.76549E+20,5.47319E+21,8.67671E+15,4.94109E+16
160501,8,2,16,43,2018,11,7,5,3,5,3,0,0,1,0,0,0,0,1,4.4211E+20,5.41272E+21,8.21066E+15,4.88647E+16
160502,8,2,12,0,2018,11,17,5,3,0,7,2,1,0,0,0,0,0,0,4.55214E+20,5.42812E+21,8.38763E+15,4.90044E+16
160503,8,1,36,79,2018,11,15,5,3,0,7,0,0,0,0,0,0,1,0,5.6001E+20,5.40204E+21,9.81668E+15,4.87685E+16
160504,8,4,21,0,2018,11,10,1,3,4,7,0,0,1,0,0,0,0,1,5.70865E+20,5.36168E+21,9.9575E+15,4.84043E+16
160505,8,1,35,32,2018,11,6,5,3,5,3,1,0,1,0,0,0,0,1,5.77942E+20,5.39373E+21,1.00591E+16,4.86917E+16
160506,8,4,25,33,2018,11,20,1,3,0,7,2,0,1,0,0,0,0,1,5.55421E+20,5.3477E+21,9.74701E+15,4.82801E+16
160507,8,1,27,14,2018,11,10,5,3,6,6,0,0,1,1,0,0,0,0,5.7912E+20,5.44366E+21,1.00848E+16,4.91407E+16
160508,8,4,15,61,2018,11,13,1,3,1,5,0,1,1,0,0,0,0,1,5.14711E+20,5.37001E+21,9.19908E+15,4.8483E+16
160509,8,1,21,0,2018,11,7,5,3,5,3,1,0,1,0,0,0,0,1,5.13887E+20,5.44193E+21,9.19036E+15,4.913E+16
160510,8,3,37,126,2018,11,15,1,2,4,2,0,0,1,0,1,0,0,1,4.40901E+20,5.27477E+21,8.21344E+15,4.76236E+16
160511,8,1,21,0,2018,11,16,5,3,5,3,1,1,1,0,0,0,0,0,5.14334E+20,5.44101E+21,9.19645E+15,4.91218E+16
160512,8,3,36,8,2018,11,11,1,2,0,1,0,0,0,0,1,0,0,1,3.95706E+20,5.27541E+21,7.61192E+15,4.76237E+16
160513,8,1,15,45,2018,11,13,5,3,1,6,0,0,1,0,0,0,0,1,5.00592E+20,5.39371E+21,9.00805E+15,4.86964E+16
160514,8,1,15,21,2018,11,14,5,3,2,6,0,0,1,0,0,0,0,0,4.90216E+20,5.3825E+21,8.86731E+15,4.85955E+16
160515,8,3,36,14,2018,11,14,1,2,0,7,0,1,0,0,0,0,0,1,3.92215E+20,5.27794E+21,7.56486E+15,4.76458E+16
160516,8,1,11,0,2018,11,8,5,2,6,3,0,0,1,1,0,0,0,0,5.15383E+20,5.40386E+21,9.20943E+15,4.87875E+16
160517,8,3,35,63,2018,11,15,1,3,0,1,0,1,0,0,0,0,0,0,4.973E+20,5.28751E+21,8.96399E+15,4.7741E+16
160518,8,1,11,0,2018,11,8,5,3,5,7,0,0,1,0,0,0,0,1,5.14207E+20,5.40392E+21,9.19342E+15,4.87881E+16
160519,8,3,35,43,2018,11,0,1,3,0,7,2,1,0,0,0,0,0,0,5.13733E+20,5.2797E+21,9.18294E+15,4.76706E+16
160520,8,1,11,0,2018,11,17,5,3,5,2,2,1,1,0,0,0,0,0,5.18202E+20,5.40697E+21,9.24794E+15,4.88154E+16
160521,8,3,17,96,2018,11,1,1,3,0,7,2,1,0,0,0,0,0,0,4.22848E+20,5.37397E+21,7.9553E+15,4.85141E+16
160522,8,1,11,0,2018,11,8,5,3,5,3,0,0,1,0,0,0,0,0,5.15847E+20,5.40323E+21,9.21572E+15,4.87819E+16
160523,8,3,11,0,2018,11,17,1,3,5,3,0,1,1,0,0,0,0,1,4.1007E+20,5.31484E+21,7.79488E+15,4.79806E+16
160524,8,2,12,0,2018,11,16,1,3,0,2,0,1,1,0,0,0,0,0,4.54118E+20,5.42886E+21,8.37257E+15,4.90109E+16
160525,8,2,35,85,2018,11,13,1,3,5,3,0,0,1,0,1,0,0,0,4.82501E+20,5.39526E+21,8.76213E+15,4.87102E+16
160526,8,1,11,0,2018,11,18,5,3,3,6,1,0,1,0,1,0,0,0,5.11735E+20,5.40086E+21,9.15967E+15,4.87606E+16
160527,8,2,26,85,2018,11,15,1,3,0,1,0,0,0,0,1,0,0,0,4.92812E+20,5.45399E+21,8.90126E+15,4.92387E+16
160528,8,4,36,82,2018,11,7,4,3,5,3,0,1,1,0,0,0,0,0,5.46622E+20,5.29417E+21,9.62259E+15,4.77992E+16
160529,8,2,22,0,2018,11,20,1,3,5,2,2,1,1,0,0,0,0,0,4.62615E+20,5.48287E+21,8.48372E+15,4.94973E+16
160530,8,4,26,19,2018,11,5,4,1,2,6,2,1,1,0,0,0,0,0,5.81153E+20,5.32304E+21,1.00891E+16,4.80554E+16
160531,8,2,21,0,2018,11,8,1,3,8,1,0,0,1,0,0,0,0,1,4.78552E+20,5.47077E+21,8.70445E+15,4.93893E+16
160532,8,4,21,0,2018,11,11,4,3,3,6,0,0,1,0,0,0,0,0,5.72576E+20,5.36052E+21,9.98041E+15,4.83936E+16
160533,8,4,25,72,2018,11,14,4,3,0,2,0,1,1,0,0,0,0,0,5.8277E+20,5.37234E+21,1.01204E+16,4.84987E+16
160534,8,2,21,0,2018,11,18,1,3,6,7,2,0,1,1,0,0,0,0,4.76443E+20,5.47229E+21,8.6753E+15,4.94029E+16
160535,8,4,17,2,2018,11,10,4,3,3,6,0,1,1,0,0,0,0,0,4.88972E+20,5.34695E+21,8.85137E+15,4.82757E+16
160536,8,2,21,0,2018,11,10,1,3,5,3,0,0,1,0,0,0,0,1,4.76797E+20,5.47463E+21,8.68005E+15,4.94239E+16
160537,8,2,15,109,2018,11,17,1,3,5,3,1,0,1,0,0,0,1,0,4.61527E+20,5.43453E+21,8.47334E+15,4.90624E+16
160538,8,4,15,61,2018,11,15,4,3,5,3,0,1,1,0,0,0,0,0,5.15389E+20,5.37123E+21,9.20829E+15,4.8494E+16
160539,8,2,16,43,2018,11,15,1,1,6,4,0,0,1,1,0,0,0,0,4.42064E+20,5.41264E+21,8.21005E+15,4.8864E+16
160540,8,3,35,75,2018,11,16,4,3,8,1,0,0,0,0,1,0,0,0,4.93564E+20,5.2879E+21,8.91414E+15,4.77445E+16
160541,8,3,27,46,2018,11,8,4,3,5,3,0,0,1,0,0,0,0,0,4.80359E+20,5.32527E+21,8.73629E+15,4.80804E+16
160542,8,3,25,14,2018,11,16,4,3,4,6,0,0,1,0,0,0,0,0,4.65568E+20,5.33929E+21,8.53656E+15,4.82059E+16
160543,8,1,19,61,2018,11,13,1,3,9,1,0,1,0,0,0,0,0,1,5.36668E+20,5.41397E+21,9.50009E+15,4.88776E+16
160544,8,3,25,49,2018,11,19,4,3,2,6,2,0,1,0,0,0,0,0,4.73187E+20,5.33468E+21,8.6394E+15,4.81648E+16
160545,8,3,17,57,2018,11,7,4,2,1,5,0,1,1,0,0,0,0,0,4.13728E+20,5.37998E+21,7.83059E+15,4.8567E+16
160546,8,1,19,8,2018,11,10,1,3,2,6,0,0,1,0,0,0,0,1,5.315E+20,5.42289E+21,9.4303E+15,4.89582E+16
160547,8,3,17,116,2018,11,7,4,3,5,3,1,1,1,0,0,0,0,0,4.32582E+20,5.38769E+21,8.08486E+15,4.86387E+16
160548,8,1,18,78,2018,11,16,1,3,0,7,0,1,0,0,0,0,0,1,5.13662E+20,5.42074E+21,9.18656E+15,4.89394E+16
160549,8,1,18,48,2018,11,15,1,3,0,7,0,1,0,0,0,0,0,0,5.13545E+20,5.4149E+21,9.18477E+15,4.88869E+16