OBJECTID_1,ULAND,UREGBEZ,UKREIS,UGEMEINDE,UJAHR,UMONAT,USTUNDE,UWOCHENTAG,UKATEGORIE,UART,UTYP1,ULICHTVERH,IstRad,IstPKW,IstFuss,IstKrad,IstGkfz,IstSonstig,STRZUSTAND,LINREFX,LINREFY,XGCSWGS84,YGCSWGS84
160736,8,2,12,0,2018,11,10,2,3,2,6,0,1,1,0,0,0,0,0,4.55142E+20,5.42795E+21,8.38667E+15,4.90028E+16
160737,8,3,35,43,2018,11,9,5,3,5,3,0,0,1,0,0,0,0,0,5.12014E+20,5.28034E+21,9.16006E+15,4.76763E+16
160738,8,4,36,64,2018,11,11,5,3,0,3,0,1,1,0,0,0,0,0,5.46587E+20,5.29255E+21,9.62194E+15,4.77846E+16
160739,8,1,36,65,2018,11,15,2,3,6,7,0,0,1,1,0,0,0,0,5.60757E+20,5.40486E+21,9.82727E+15,4.87938E+16
160740,8,4,36,82,2018,11,8,5,3,0,3,0,0,1,0,1,0,0,1,5.4733E+20,5.2955E+21,9.63218E+15,4.78111E+16
160741,8,1,21,0,2018,11,17,2,3,5,3,1,1,1,0,0,0,0,0,5.14237E+20,5.44355E+21,9.19521E+15,4.91446E+16
160742,8,1,18,79,2018,11,17,2,3,0,7,2,1,0,0,0,0,0,0,5.09694E+20,5.42155E+21,9.1324E+15,4.89468E+16
160743,8,1,18,79,2018,11,8,2,3,2,6,1,1,1,0,0,0,0,0,5.09937E+20,5.42172E+21,9.13572E+15,4.89483E+16
160744,8,3,27,50,2018,11,10,5,3,3,6,0,0,1,0,0,0,0,1,4.85875E+20,5.31426E+21,8.81072E+15,4.79815E+16
160745,8,1,17,11,2018,11,17,2,3,8,1,2,0,1,0,0,0,0,0,5.4595E+20,5.39998E+21,9.62512E+15,4.87512E+16
160746,8,3,27,50,2018,11,13,5,3,5,3,0,1,1,0,0,0,0,0,4.87497E+20,5.31433E+21,8.83245E+15,4.79822E+16
160747,8,1,16,77,2018,11,9,2,3,0,3,0,1,1,0,0,0,0,0,5.15078E+20,5.39158E+21,9.20482E+15,4.86771E+16
160748,8,3,26,74,2018,11,17,5,3,0,3,1,0,1,0,1,0,0,0,4.60202E+20,5.32304E+21,8.46587E+15,4.80594E+16
160749,8,1,15,45,2018,11,17,2,3,2,6,2,0,1,0,0,0,0,0,5.0025E+20,5.39488E+21,9.0034E+15,4.87069E+16
160750,8,3,27,50,2018,11,15,5,2,6,7,0,0,1,1,0,0,0,0,4.87251E+20,5.31344E+21,8.82917E+15,4.79742E+16
160751,8,3,15,41,2018,11,12,5,3,6,4,0,0,1,1,0,0,0,0,4.2117E+20,5.32233E+21,7.94222E+15,4.80494E+16
160752,8,1,15,28,2018,11,12,2,3,2,6,0,0,1,0,0,0,1,0,5.01379E+20,5.40353E+21,9.01877E+15,4.87848E+16
160753,8,3,36,50,2018,11,13,5,3,6,4,0,0,1,1,0,0,0,0,3.99561E+20,5.27494E+21,7.66333E+15,4.762E+16
160754,8,3,11,0,2018,11,17,5,3,1,5,1,1,1,0,0,0,0,0,4.13556E+20,5.3153E+21,7.84149E+15,4.79852E+16
160755,8,1,11,0,2018,11,17,2,3,5,3,2,0,1,0,1,0,0,0,5.18499E+20,5.4014E+21,9.25173E+15,4.87653E+16
160756,8,3,16,11,2018,11,13,4,3,5,3,0,1,1,0,0,0,0,0,4.14954E+20,5.32975E+21,7.85734E+15,4.81153E+16
160757,8,3,11,0,2018,11,15,4,2,6,1,0,1,0,1,0,0,0,0,4.18306E+20,5.31553E+21,7.90509E+15,4.79878E+16
160758,8,3,11,0,2018,11,8,4,3,1,1,0,1,1,0,0,0,0,0,4.14023E+20,5.31523E+21,7.84776E+15,4.79846E+16
160759,8,3,11,0,2018,11,15,4,3,5,3,0,1,1,0,0,0,0,0,4.0996E+20,5.31671E+21,7.79301E+15,4.79974E+16
160760,8,2,12,0,2018,11,9,4,3,5,3,0,1,0,0,0,0,0,0,4.54984E+20,5.42657E+21,8.38466E+15,4.89904E+16
160761,8,2,36,40,2018,11,9,4,2,5,3,0,0,1,0,1,0,0,0,4.89544E+20,5.42285E+21,8.85716E+15,4.89585E+16
160762,8,2,36,50,2018,11,16,4,3,1,5,2,0,1,0,1,0,0,0,4.86251E+20,5.42347E+21,8.81216E+15,4.8964E+16
160763,8,2,36,46,2018,11,11,4,3,5,3,0,0,1,0,0,0,0,0,4.8613E+20,5.4169E+21,8.81073E+15,4.89049E+16
160764,8,2,26,98,2018,11,12,4,3,5,3,0,0,1,0,0,0,0,0,4.77892E+20,5.46041E+21,8.69593E+15,4.9296E+16
160765,8,2,26,82,2018,11,6,4,3,5,3,0,0,1,0,0,0,0,1,4.75135E+20,5.48027E+21,8.65678E+15,4.94746E+16
160766,8,2,26,96,2018,11,21,4,2,0,7,2,0,1,0,1,0,0,0,4.7511E+20,5.48918E+21,8.65587E+15,4.95547E+16
160767,8,2,37,4,2018,11,0,1,3,1,1,2,0,1,0,1,0,0,0,4.53507E+20,5.37283E+21,8.37054E+15,4.85068E+16
160768,8,2,22,0,2018,11,17,1,3,6,6,2,0,1,1,0,0,0,0,4.68395E+20,5.47823E+21,8.5639E+15,4.94559E+16
160769,8,2,26,18,2018,11,15,1,3,5,3,0,0,1,0,0,0,0,0,4.73132E+20,5.47302E+21,8.62962E+15,4.94093E+16
160770,8,2,15,97,2018,11,14,1,3,9,1,0,0,1,0,0,0,0,0,4.81315E+20,5.44094E+21,8.74392E+15,4.9121E+16
160771,8,2,12,0,2018,11,10,1,3,5,3,0,1,1,0,0,0,0,0,4.55876E+20,5.43325E+21,8.39613E+15,4.90505E+16
160772,8,2,22,0,2018,11,17,4,3,1,5,1,1,1,0,0,0,0,0,4.63625E+20,5.48519E+21,8.49744E+15,4.95182E+16
160773,8,2,16,43,2018,11,12,1,2,1,1,0,0,1,0,0,0,0,0,4.41455E+20,5.41152E+21,8.2019E+15,4.88539E+16
160774,8,2,26,9,2018,11,12,4,2,5,3,0,1,1,0,0,0,0,0,4.66574E+20,5.47134E+21,8.53935E+15,4.93939E+16
160775,8,1,15,28,2018,11,2,1,2,8,1,2,0,1,0,0,0,0,0,5.00657E+20,5.40379E+21,9.00894E+15,4.87871E+16
160776,8,2,22,0,2018,11,16,4,3,2,6,0,0,1,0,0,0,0,0,4.60445E+20,5.48316E+21,8.45372E+15,4.94998E+16
160777,8,4,26,31,2018,11,0,1,3,8,1,2,1,0,0,0,0,0,0,5.82997E+20,5.32928E+21,1.0115E+16,4.81114E+16
160778,8,2,22,0,2018,11,12,4,3,0,7,0,0,1,0,0,0,0,0,4.63763E+20,5.48271E+21,8.49958E+15,4.94959E+16
160779,8,1,28,139,2018,11,15,1,2,8,1,0,1,0,0,0,0,0,0,5.51145E+20,5.49099E+21,9.70735E+15,4.95694E+16
160780,8,2,21,0,2018,11,7,4,3,5,3,0,1,1,0,0,0,0,0,4.7571E+20,5.46943E+21,8.66537E+15,4.93771E+16
160781,8,1,11,0,2018,11,19,1,2,5,2,2,0,1,0,1,0,0,0,5.11716E+20,5.40641E+21,9.15958E+15,4.88106E+16
160782,8,1,11,0,2018,11,12,1,3,2,2,0,0,1,0,0,0,0,0,5.1509E+20,5.4066E+21,9.20553E+15,4.88122E+16
160783,8,2,16,17,2018,11,16,4,3,5,3,0,1,1,0,0,0,0,0,4.51324E+20,5.40199E+21,8.33756E+15,4.8769E+16
160784,8,1,11,0,2018,11,10,1,3,5,3,0,0,1,0,0,0,0,0,5.15922E+20,5.39797E+21,9.21653E+15,4.87345E+16
160785,8,2,16,43,2018,11,16,4,3,5,3,0,1,1,0,0,0,0,0,4.41197E+20,5.41351E+21,8.1981E+15,4.88718E+16
160786,8,4,21,0,2018,11,12,7,3,0,6,0,0,1,0,0,0,1,0,5.7235E+20,5.3612E+21,9.97748E+15,4.83998E+16
160787,8,2,16,9,2018,11,19,4,3,5,2,2,0,1,0,0,0,0,1,4.47183E+20,5.42143E+21,8.27871E+15,4.89436E+16
160788,8,4,21,0,2018,11,12,7,3,0,1,0,1,0,0,0,0,0,0,5.74105E+20,5.36113E+21,1.00012E+16,4.8399E+16
160789,8,2,15,7,2018,11,16,4,3,2,7,1,0,0,0,1,0,1,0,4.78218E+20,5.43209E+21,8.70196E+15,4.90413E+16
160790,8,4,16,25,2018,11,14,7,3,0,7,0,0,0,0,0,0,1,0,5.03915E+20,5.36129E+21,9.0529E+15,4.84048E+16
160791,8,2,15,109,2018,11,8,4,3,5,3,0,1,1,0,0,0,0,0,4.60842E+20,5.43287E+21,8.46412E+15,4.90475E+16
160792,8,1,28,131,2018,11,6,4,3,0,1,2,1,0,0,0,0,0,1,5.35497E+20,5.51482E+21,9.4931E+15,4.97848E+16
160793,8,1,27,14,2018,11,16,4,3,5,3,1,0,1,0,0,0,0,0,5.75555E+20,5.44232E+21,1.00357E+16,4.91291E+16
160794,8,4,16,41,2018,11,19,7,3,5,3,2,0,1,0,0,0,0,0,5.05009E+20,5.37527E+21,9.06785E+15,4.85305E+16
160795,8,1,27,76,2018,11,17,4,3,5,3,2,1,1,0,0,0,0,0,5.53883E+20,5.44147E+21,9.73851E+15,4.91237E+16
160796,8,4,16,41,2018,11,17,7,3,0,7,2,1,0,0,0,0,0,0,5.04341E+20,5.37371E+21,9.05879E+15,4.85165E+16
160797,8,1,25,102,2018,11,8,4,3,1,6,0,0,1,0,1,0,0,0,5.21239E+20,5.44437E+21,9.29126E+15,4.91517E+16
160798,8,4,15,61,2018,11,5,7,3,6,7,2,0,1,1,0,0,0,0,5.14769E+20,5.37165E+21,9.19992E+15,4.84978E+16
160799,8,1,25,69,2018,11,19,4,3,0,7,2,1,0,0,0,0,0,0,5.24695E+20,5.45387E+21,9.33925E+15,4.92371E+16
160800,8,3,36,91,2018,11,13,7,3,5,3,0,1,0,0,1,0,0,0,3.97787E+20,5.27186E+21,7.64044E+15,4.75921E+16
160801,8,3,36,50,2018,11,14,7,3,5,3,0,0,1,0,1,0,0,0,3.99944E+20,5.27519E+21,7.66836E+15,4.76224E+16
160802,8,1,21,0,2018,11,17,4,3,6,7,1,0,0,1,0,0,1,0,5.17083E+20,5.4444E+21,9.23427E+15,4.91522E+16
160803,8,3,36,50,2018,11,17,7,3,1,7,1,0,0,0,0,0,1,0,3.99212E+20,5.2741E+21,7.65888E+15,4.76125E+16
160804,8,1,21,0,2018,11,20,4,3,5,3,2,1,1,0,0,0,0,0,5.16895E+20,5.44317E+21,9.23164E+15,4.91411E+16
160805,8,1,19,79,2018,11,19,4,3,5,3,2,1,1,0,0,0,0,0,5.22308E+20,5.40832E+21,9.30395E+15,4.88274E+16
160806,8,3,35,63,2018,11,10,7,3,0,1,0,1,0,0,0,0,0,0,4.97226E+20,5.28778E+21,8.963E+15,4.77434E+16
160807,8,1,19,93,2018,11,8,4,3,0,1,0,0,0,0,1,0,0,0,5.23967E+20,5.40691E+21,9.32647E+15,4.88147E+16
160808,8,3,35,43,2018,11,12,7,3,0,1,0,1,0,0,0,0,0,0,5.11894E+20,5.28085E+21,9.15847E+15,4.76809E+16
160809,8,3,17,96,2018,11,21,7,3,1,5,2,0,1,0,0,0,0,0,4.23449E+20,5.36902E+21,7.96434E+15,4.84697E+16
160810,8,3,17,56,2018,11,12,7,3,5,3,0,0,1,0,1,0,0,0,4.3456E+20,5.38296E+21,8.11245E+15,4.85963E+16
160811,8,1,19,20,2018,11,14,4,3,5,2,0,1,1,0,0,0,0,0,5.19959E+20,5.4075E+21,9.27191E+15,4.88201E+16
160812,8,3,11,0,2018,11,13,7,3,0,7,0,1,1,0,0,0,0,0,4.12637E+20,5.31783E+21,7.82867E+15,4.80078E+16
160813,8,3,11,0,2018,11,0,7,3,6,1,2,0,1,1,0,0,0,0,4.14065E+20,5.31628E+21,7.84811E+15,4.7994E+16
160814,8,1,18,79,2018,11,12,4,3,6,4,0,0,1,1,0,0,0,0,5.10808E+20,5.4218E+21,9.14761E+15,4.8949E+16
160815,8,3,11,0,2018,11,12,7,3,5,3,0,0,1,0,0,0,0,0,4.12946E+20,5.31639E+21,7.83309E+15,4.79949E+16
160816,8,1,17,33,2018,11,11,4,3,5,3,0,1,1,0,0,0,0,0,5.58979E+20,5.38766E+21,9.80059E+15,4.86392E+16
160817,8,1,16,49,2018,11,12,4,3,5,3,0,1,1,0,0,0,0,0,5.25363E+20,5.38494E+21,9.34413E+15,4.8617E+16
160818,8,3,11,0,2018,11,11,7,3,5,3,0,0,1,0,1,0,0,0,4.14506E+20,5.31543E+21,7.85419E+15,4.79865E+16
160819,8,1,16,46,2018,11,17,4,3,5,2,2,1,1,0,0,0,0,0,5.27654E+20,5.37808E+21,9.37476E+15,4.85552E+16
160820,8,2,25,58,2018,11,16,7,3,5,3,0,0,1,0,0,0,0,0,5.09014E+20,5.46528E+21,9.12408E+15,4.93402E+16
160821,8,1,16,56,2018,11,7,4,3,6,7,0,1,0,1,0,0,0,0,5.30437E+20,5.39581E+21,9.41378E+15,4.87146E+16
160822,8,2,22,0,2018,11,3,7,3,5,3,2,1,1,0,0,0,0,0,4.62551E+20,5.48111E+21,8.483E+15,4.94815E+16
160823,8,2,21,0,2018,11,13,7,2,0,7,0,1,0,0,0,0,0,0,4.76735E+20,5.47005E+21,8.67946E+15,4.93827E+16
160824,8,1,15,45,2018,11,11,4,3,5,3,0,0,1,0,0,0,0,0,5.00983E+20,5.3946E+21,9.01336E+15,4.87045E+16
160825,8,2,15,9,2018,11,20,7,3,0,7,2,0,1,0,0,0,0,0,4.70316E+20,5.44091E+21,8.59318E+15,4.91203E+16
160826,8,1,15,41,2018,11,19,4,3,6,2,2,0,1,1,0,0,0,0,4.95733E+20,5.40209E+21,8.94193E+15,4.87718E+16
160827,8,2,12,0,2018,11,9,7,3,6,4,0,0,1,1,0,0,0,0,4.54391E+20,5.42868E+21,8.37632E+15,4.90093E+16
160828,8,2,12,0,2018,11,18,7,3,1,5,2,1,1,0,0,0,0,0,4.55868E+20,5.42788E+21,8.3966E+15,4.90022E+16
160829,8,1,15,3,2018,11,13,4,3,6,4,0,0,1,1,0,0,0,0,5.00493E+20,5.39263E+21,9.0067E+15,4.86867E+16
160830,8,1,18,46,2018,11,21,7,3,6,7,2,0,1,1,0,0,0,0,5.13513E+20,5.41159E+21,9.18422E+15,4.88571E+16
160831,8,1,11,0,2018,11,7,4,3,6,4,0,0,1,1,0,0,0,0,5.15585E+20,5.40401E+21,9.21218E+15,4.87889E+16
160832,8,1,11,0,2018,11,18,4,3,2,6,2,0,1,0,0,0,0,0,5.11164E+20,5.40632E+21,9.15205E+15,4.88098E+16
160833,8,1,36,65,2018,11,11,7,2,6,4,0,0,1,1,0,0,0,0,5.58683E+20,5.40318E+21,9.79878E+15,4.87789E+16
160834,8,1,11,0,2018,11,23,4,3,6,4,2,0,1,1,0,0,0,0,5.18097E+20,5.40693E+21,9.24651E+15,4.88151E+16
160835,8,1,21,0,2018,11,9,7,2,5,3,0,1,1,0,0,0,0,0,5.15189E+20,5.44146E+21,9.20819E+15,4.91257E+16
160836,8,1,18,71,2018,11,15,7,3,0,1,0,1,0,0,0,0,0,1,5.08902E+20,5.4193E+21,9.12153E+15,4.89266E+16
160837,8,1,16,33,2018,11,11,7,3,5,3,0,1,1,0,0,0,0,0,5.337E+20,5.38796E+21,9.4575E+15,4.86438E+16
160838,8,1,11,0,2018,11,9,4,3,2,6,0,0,1,0,0,0,0,1,5.14154E+20,5.40462E+21,9.19272E+15,4.87944E+16
160839,8,1,11,0,2018,11,13,7,3,0,7,0,0,0,1,0,1,0,0,5.14308E+20,5.40399E+21,9.1948E+15,4.87888E+16
160840,8,4,35,57,2018,11,7,3,3,0,1,0,1,0,0,0,0,0,0,5.44571E+20,5.27917E+21,9.59367E+15,4.76644E+16
160841,8,4,17,79,2018,11,18,3,3,5,3,2,0,1,0,1,0,0,0,4.99395E+20,5.34424E+21,8.99185E+15,4.82514E+16
160842,8,1,11,0,2018,11,17,7,3,0,6,2,0,1,0,0,0,1,0,5.13096E+20,5.4035E+21,9.17828E+15,4.87843E+16
160843,8,4,15,61,2018,11,15,3,3,5,3,0,1,1,0,0,0,0,1,5.13802E+20,5.37032E+21,9.18678E+15,4.84858E+16
160844,8,4,16,41,2018,11,6,3,3,6,4,2,1,0,1,0,0,0,1,5.04288E+20,5.374E+21,9.05807E+15,4.85191E+16
160845,8,3,36,50,2018,11,8,3,3,0,1,0,1,0,0,0,0,0,1,3.99876E+20,5.27548E+21,7.66739E+15,4.7625E+16
160846,8,4,37,31,2018,11,13,6,3,6,4,0,0,1,1,0,0,0,0,5.15732E+20,5.34684E+21,9.21203E+15,4.82746E+16
160847,8,3,35,43,2018,11,8,3,3,0,7,0,0,0,0,0,0,1,0,5.13669E+20,5.28017E+21,9.1821E+15,4.76748E+16
160848,8,4,26,31,2018,11,19,6,3,1,5,2,0,1,0,1,0,0,0,5.83179E+20,5.32905E+21,1.01174E+16,4.81092E+16
160849,8,3,26,74,2018,11,18,3,3,4,6,2,0,1,0,0,0,0,0,4.65173E+20,5.32391E+21,8.53251E+15,4.80675E+16
160850,8,4,21,0,2018,11,7,6,3,0,2,0,1,1,0,0,0,0,0,5.73563E+20,5.36189E+21,9.99399E+15,4.84058E+16
160851,8,4,16,41,2018,11,14,6,3,0,7,0,1,0,0,0,0,0,0,5.04353E+20,5.37445E+21,9.05895E+15,4.85231E+16
160852,8,3,17,57,2018,11,8,3,3,5,2,0,0,1,0,0,0,0,0,4.1433E+20,5.38692E+21,7.83732E+15,4.86295E+16
160853,8,3,37,2,2018,11,18,6,2,6,1,2,0,1,1,0,0,0,0,4.34896E+20,5.27152E+21,8.13401E+15,4.75938E+16
160854,8,3,37,126,2018,11,17,6,2,5,3,1,0,1,0,1,0,0,0,4.45542E+20,5.27585E+21,8.27507E+15,4.76338E+16
160855,8,3,17,1,2018,11,5,3,3,1,5,2,1,1,0,0,0,0,1,4.31971E+20,5.38614E+21,8.07682E+15,4.86246E+16
160856,8,3,35,75,2018,11,12,6,3,1,6,0,0,1,0,0,0,0,0,4.90884E+20,5.28973E+21,8.87835E+15,4.77609E+16
160857,8,3,35,43,2018,11,16,6,3,6,7,0,1,0,1,0,0,0,0,5.14336E+20,5.28007E+21,9.19098E+15,4.76738E+16
160858,8,3,15,76,2018,11,13,3,3,0,7,0,1,0,0,0,0,0,1,3.92694E+20,5.29645E+21,7.56666E+15,4.78125E+16
160859,8,3,27,50,2018,11,15,6,3,5,3,0,0,1,0,0,0,0,0,4.85667E+20,5.31435E+21,8.80792E+15,4.79823E+16
160860,8,3,17,96,2018,11,15,6,3,4,6,0,1,1,0,0,0,0,0,4.23086E+20,5.3703E+21,7.9592E+15,4.84811E+16
160861,8,3,17,65,2018,11,7,6,3,5,2,1,1,1,0,0,0,0,0,4.14768E+20,5.354E+21,7.84997E+15,4.83335E+16
160862,8,3,11,0,2018,11,16,3,3,0,7,0,0,1,0,0,0,0,0,4.14279E+20,5.31547E+21,7.85115E+15,4.79868E+16
160863,8,3,17,65,2018,11,14,6,3,5,3,0,0,1,0,0,0,0,0,4.12941E+20,5.35558E+21,7.825E+15,4.83474E+16
160864,8,3,15,47,2018,11,7,3,2,0,1,2,1,0,0,0,0,0,1,4.15731E+20,5.3218E+21,7.86936E+15,4.80439E+16
160865,8,2,12,0,2018,11,16,3,3,4,6,1,1,0,0,0,0,0,0,4.57309E+20,5.42861E+21,8.41622E+15,4.90089E+16
160866,8,3,11,0,2018,11,18,6,3,2,6,2,0,1,0,0,0,0,0,4.15058E+20,5.32006E+21,7.86067E+15,4.80282E+16
160867,8,3,36,50,2018,11,12,6,3,6,4,0,0,1,1,0,0,0,0,3.99377E+20,5.27293E+21,7.66133E+15,4.76019E+16
160868,8,2,12,0,2018,11,12,3,3,5,3,0,1,1,0,0,0,0,0,4.54471E+20,5.43302E+21,8.37693E+15,4.90483E+16
160869,8,3,15,89,2018,11,19,6,3,1,5,2,0,1,0,1,0,0,0,4.07002E+20,5.31065E+21,7.75468E+15,4.79424E+16
160870,8,3,11,0,2018,11,7,6,3,1,5,0,0,1,0,0,0,0,1,4.1885E+20,5.31159E+21,7.91312E+15,4.79525E+16
160871,8,2,35,46,2018,11,13,3,3,5,5,0,0,1,0,1,0,0,1,4.81686E+20,5.3759E+21,8.7519E+15,4.85359E+16
160872,8,2,31,0,2018,11,11,6,3,2,6,0,0,1,0,0,0,0,0,4.78041E+20,5.41529E+21,8.70044E+15,4.88901E+16
160873,8,2,35,46,2018,11,17,3,3,1,7,2,0,0,0,0,0,1,0,4.79619E+20,5.37747E+21,8.72384E+15,4.855E+16
160874,8,2,26,32,2018,11,6,3,3,5,2,2,1,1,0,0,0,0,1,4.66134E+20,5.46522E+21,8.53381E+15,4.93388E+16
160875,8,2,26,95,2018,11,9,6,3,6,4,0,1,0,1,0,0,0,0,4.73599E+20,5.46112E+21,8.63684E+15,4.93023E+16
160876,8,2,25,58,2018,11,15,3,3,4,1,0,0,1,0,0,0,1,1,5.10411E+20,5.46503E+21,9.14331E+15,4.93379E+16
160877,8,2,25,64,2018,11,7,3,3,0,7,2,1,0,0,0,0,0,1,5.06329E+20,5.46848E+21,9.08718E+15,4.9369E+16
160878,8,2,22,0,2018,11,9,3,3,1,5,0,0,1,0,1,0,0,1,4.62548E+20,5.48136E+21,8.48293E+15,4.94838E+16
160879,8,2,22,0,2018,11,16,6,3,2,6,0,0,1,0,0,0,0,0,4.60513E+20,5.48881E+21,8.45409E+15,4.95506E+16
160880,8,2,26,38,2018,11,11,3,3,2,6,0,0,1,0,0,0,0,0,4.71124E+20,5.48124E+21,8.60134E+15,4.94831E+16
160881,8,2,15,9,2018,11,10,6,2,5,3,0,0,1,0,1,0,0,0,4.68156E+20,5.44191E+21,8.56351E+15,4.91292E+16
160882,8,2,22,0,2018,11,21,3,3,1,6,2,0,1,0,0,0,0,0,4.61631E+20,5.48245E+21,8.47017E+15,4.94934E+16
160883,8,2,15,7,2018,11,7,6,3,2,6,1,0,1,0,0,0,0,0,4.78537E+20,5.43123E+21,8.70636E+15,4.90336E+16
160884,8,2,15,64,2018,11,22,6,3,6,7,2,0,1,1,0,0,0,1,4.77398E+20,5.45111E+21,8.68966E+15,4.92124E+16
160885,8,2,22,0,2018,11,17,3,3,6,2,2,0,1,1,0,0,0,0,4.63183E+20,5.48293E+21,8.49156E+15,4.94979E+16
160886,8,2,15,108,2018,11,17,6,3,5,3,2,1,1,0,0,0,0,0,4.51367E+20,5.42501E+21,8.33541E+15,4.89761E+16
160887,8,2,22,0,2018,11,17,3,3,6,4,0,0,1,1,0,0,0,0,4.62175E+20,5.48279E+21,8.47764E+15,4.94966E+16
160888,8,2,21,0,2018,11,16,3,2,5,5,0,1,1,0,0,0,0,0,4.75525E+20,5.47405E+21,8.66254E+15,4.94187E+16
160889,8,2,12,0,2018,11,9,6,3,5,2,0,0,1,0,1,0,0,0,4.54615E+20,5.42931E+21,8.37931E+15,4.9015E+16
160890,8,2,15,17,2018,11,19,3,3,5,7,2,1,1,0,0,0,0,1,4.56546E+20,5.42123E+21,8.40658E+15,4.89425E+16
160891,8,2,12,0,2018,11,15,6,3,5,3,0,1,1,0,0,0,0,0,4.56244E+20,5.42703E+21,8.40184E+15,4.89947E+16
160892,8,2,12,0,2018,11,17,6,3,1,5,1,1,1,0,0,0,0,0,4.55605E+20,5.42845E+21,8.39294E+15,4.90073E+16
160893,8,2,12,0,2018,11,12,6,3,2,6,0,0,1,0,0,0,0,0,4.54819E+20,5.42881E+21,8.38215E+15,4.90105E+16
160894,8,2,12,0,2018,11,22,6,3,6,7,2,1,0,1,0,0,0,0,4.55768E+20,5.42874E+21,8.39514E+15,4.901E+16
160895,8,2,12,0,2018,11,7,3,3,5,2,1,1,1,0,0,0,0,1,4.51851E+20,5.43111E+21,8.3413E+15,4.9031E+16
160896,8,1,36,88,2018,11,8,6,3,5,3,0,0,1,0,0,0,0,0,5.79888E+20,5.41298E+21,1.00893E+16,4.88647E+16
160897,8,1,35,27,2018,11,15,6,3,0,6,0,1,0,0,0,0,1,0,5.90849E+20,5.37719E+21,1.02308E+16,4.85413E+16
160898,8,2,12,0,2018,11,20,3,3,2,6,2,1,1,0,0,0,0,0,4.61135E+20,5.42853E+21,8.46855E+15,4.90084E+16
160899,8,1,28,7,2018,11,15,6,2,5,3,0,1,0,0,0,0,1,0,5.54138E+20,5.47997E+21,9.74723E+15,4.947E+16
160900,8,1,18,48,2018,11,18,3,2,5,3,2,1,1,0,0,0,0,0,5.11533E+20,5.4154E+21,9.15734E+15,4.88914E+16
160901,8,1,36,65,2018,11,13,3,3,0,1,0,0,0,0,1,0,0,1,5.58818E+20,5.40541E+21,9.80094E+15,4.87989E+16
160902,8,1,27,76,2018,11,20,6,2,9,1,2,0,1,0,0,0,0,0,5.55689E+20,5.43934E+21,9.76298E+15,4.91044E+16
160903,8,1,35,19,2018,11,16,3,3,2,2,0,0,1,0,0,0,0,0,5.85441E+20,5.38981E+21,1.01602E+16,4.86555E+16
160904,8,1,21,0,2018,11,9,6,3,2,6,0,0,1,0,0,0,0,0,5.15077E+20,5.44104E+21,9.20664E+15,4.9122E+16
160905,8,1,35,19,2018,11,17,3,3,5,3,2,0,1,0,0,0,0,1,5.85014E+20,5.39344E+21,1.01551E+16,4.86882E+16
160906,8,1,21,0,2018,11,18,6,3,6,2,2,0,1,1,0,0,0,0,5.16057E+20,5.44227E+21,9.22012E+15,4.91331E+16
160907,8,1,35,19,2018,11,11,3,2,5,3,0,1,1,0,0,0,0,1,5.83721E+20,5.39242E+21,1.01373E+16,4.86792E+16
160908,8,1,28,7,2018,11,16,3,3,5,3,0,0,1,0,0,0,0,0,5.54833E+20,5.48295E+21,9.75723E+15,4.94967E+16
160909,8,1,19,85,2018,11,7,6,3,0,6,0,1,1,0,0,0,0,0,5.29868E+20,5.41384E+21,9.40735E+15,4.88768E+16
160910,8,1,26,58,2018,11,18,3,3,8,6,2,0,1,0,1,0,0,1,5.41856E+20,5.45134E+21,9.57472E+15,4.92134E+16
160911,8,1,19,20,2018,11,16,6,3,2,6,0,0,1,0,0,0,0,0,5.1871E+20,5.40951E+21,9.25498E+15,4.88383E+16
160912,8,1,25,110,2018,11,9,3,3,1,1,0,1,1,0,0,0,0,1,5.27387E+20,5.4423E+21,9.37544E+15,4.91329E+16
160913,8,1,19,67,2018,11,12,3,3,5,3,0,0,1,0,0,0,1,1,5.39287E+20,5.40651E+21,9.53511E+15,4.88103E+16
160914,8,1,18,51,2018,11,7,6,3,6,2,2,0,0,1,0,0,1,0,5.0893E+20,5.41543E+21,9.12183E+15,4.88917E+16
160915,8,1,17,26,2018,11,7,3,3,5,3,0,0,1,0,1,0,0,1,5.46451E+20,5.39513E+21,9.63139E+15,4.87075E+16
160916,8,1,18,51,2018,11,14,6,3,4,2,0,0,1,0,0,0,0,0,5.1036E+20,5.41518E+21,9.14133E+15,4.88895E+16
160917,8,1,16,49,2018,11,21,6,3,1,7,2,0,1,0,0,0,0,1,5.25521E+20,5.38544E+21,9.34631E+15,4.86215E+16
160918,8,1,17,24,2018,11,16,3,3,6,7,0,0,1,1,0,0,0,0,5.60717E+20,5.38593E+21,9.82392E+15,4.86235E+16
160919,8,1,15,3,2018,11,13,6,3,1,6,0,0,1,0,0,0,1,0,5.00687E+20,5.39223E+21,9.00933E+15,4.86831E+16
160920,8,1,17,19,2018,11,7,3,3,5,3,0,1,1,0,0,0,0,1,5.5194E+20,5.39319E+21,9.70575E+15,4.86896E+16