OBJECTID_1,ULAND,UREGBEZ,UKREIS,UGEMEINDE,UJAHR,UMONAT,USTUNDE,UWOCHENTAG,UKATEGORIE,UART,UTYP1,ULICHTVERH,IstRad,IstPKW,IstFuss,IstKrad,IstGkfz,IstSonstig,STRZUSTAND,LINREFX,LINREFY,XGCSWGS84,YGCSWGS84
161292,8,1,15,45,2018,11,14,6,2,1,5,0,1,1,0,0,0,0,1,4.99307E+20,5.39604E+21,8.99058E+15,4.87174E+16
161293,8,2,26,103,2018,12,15,2,3,5,3,0,0,1,0,0,0,0,1,4.72791E+20,5.45725E+21,8.62599E+15,4.92674E+16
161294,8,2,25,109,2018,12,16,2,3,5,3,2,0,1,0,0,0,0,1,5.26358E+20,5.49141E+21,9.36458E+15,4.95747E+16
161295,8,2,22,0,2018,12,19,2,3,5,2,0,0,1,1,0,0,0,0,4.60978E+20,5.48192E+21,8.46121E+15,4.94887E+16
161296,8,2,22,0,2018,12,6,2,3,5,3,2,0,1,0,0,0,1,1,4.60563E+20,5.48765E+21,8.4549E+15,4.95401E+16
161297,8,1,15,45,2018,11,12,6,3,2,6,0,0,1,0,0,0,0,1,5.00495E+20,5.39402E+21,9.00673E+15,4.86992E+16
161298,8,2,21,0,2018,12,17,2,3,1,6,2,0,1,0,0,0,0,1,4.7734E+20,5.469E+21,8.68785E+15,4.93733E+16
161299,8,1,15,3,2018,11,17,6,3,5,3,2,0,1,0,0,0,0,1,5.00437E+20,5.39062E+21,9.00593E+15,4.86687E+16
161300,8,2,26,84,2018,12,16,2,3,2,6,2,0,1,0,0,0,0,1,4.70144E+20,5.46997E+21,8.58865E+15,4.93817E+16
161301,8,2,21,0,2018,12,8,2,3,5,3,0,1,1,0,0,0,0,0,4.77649E+20,5.47197E+21,8.69195E+15,4.94E+16
161302,8,2,21,0,2018,12,9,2,2,5,3,0,1,0,0,0,0,0,1,4.77176E+20,5.47167E+21,8.68545E+15,4.93973E+16
161303,8,2,16,43,2018,12,6,2,3,2,6,2,0,1,0,0,0,0,1,4.41318E+20,5.41073E+21,8.20015E+15,4.88468E+16
161304,8,2,16,43,2018,12,15,2,3,0,3,0,0,1,0,1,0,0,1,4.41995E+20,5.4122E+21,8.20917E+15,4.886E+16
161305,8,1,11,0,2018,11,3,6,2,1,7,2,0,1,0,0,0,1,0,5.18611E+20,5.40144E+21,9.25326E+15,4.87657E+16
161306,8,1,11,0,2018,11,12,6,3,5,2,0,0,1,0,0,0,0,1,5.12881E+20,5.40518E+21,9.1754E+15,4.87995E+16
161307,8,1,11,0,2018,11,14,6,3,5,3,0,1,1,0,0,0,0,1,5.18182E+20,5.4029E+21,9.24749E+15,4.87788E+16
161308,8,1,11,0,2018,11,18,6,3,5,2,2,0,1,0,1,0,0,1,5.1239E+20,5.40331E+21,9.16866E+15,4.87826E+16
161309,8,4,36,82,2018,11,17,5,3,5,3,2,1,1,0,0,0,0,0,5.47527E+20,5.29568E+21,9.63484E+15,4.78127E+16
161310,8,2,12,0,2018,12,17,2,3,6,4,2,1,0,1,0,0,0,1,4.5604E+20,5.42744E+21,8.39901E+15,4.89983E+16
161311,8,4,36,64,2018,11,6,5,3,2,6,1,0,1,0,0,0,1,1,5.44989E+20,5.29251E+21,9.60061E+15,4.77844E+16
161312,8,2,12,0,2018,12,19,2,3,8,7,2,1,0,0,0,0,0,1,4.55104E+20,5.42853E+21,8.38608E+15,4.9008E+16
161313,8,4,26,87,2018,11,18,5,3,5,3,2,0,1,0,0,0,0,0,5.70688E+20,5.32481E+21,9.94895E+15,4.80726E+16
161314,8,2,16,43,2018,12,13,2,3,6,2,0,0,1,1,0,0,0,1,4.42258E+20,5.41307E+21,8.21264E+15,4.88679E+16
161315,8,3,35,75,2018,11,10,5,3,5,3,0,0,1,0,0,0,0,0,4.87629E+20,5.29029E+21,8.8349E+15,4.77659E+16
161316,8,1,36,88,2018,12,18,2,3,6,4,2,0,1,1,0,0,0,1,5.77881E+20,5.41023E+21,1.00614E+16,4.88402E+16
161317,8,3,26,3,2018,11,7,5,3,5,3,0,1,1,0,0,0,0,0,4.64926E+20,5.31902E+21,8.5296E+15,4.80235E+16
161318,8,1,28,139,2018,12,15,2,3,5,3,0,0,1,0,0,0,1,1,5.51066E+20,5.49089E+21,9.70624E+15,4.95685E+16
161319,8,3,26,74,2018,11,7,5,3,3,6,1,1,0,0,0,0,1,0,4.65865E+20,5.32387E+21,8.5418E+15,4.80672E+16
161320,8,4,17,2,2018,11,4,5,2,5,3,2,1,1,0,0,0,0,1,4.89528E+20,5.34747E+21,8.85886E+15,4.82804E+16
161321,8,1,28,7,2018,12,12,2,3,0,3,0,1,1,0,0,0,0,1,5.5595E+20,5.48195E+21,9.77252E+15,4.94876E+16
161322,8,3,17,65,2018,11,7,5,3,2,6,0,0,1,0,1,0,0,0,4.16766E+20,5.35491E+21,7.87675E+15,4.83419E+16
161323,8,1,28,7,2018,12,14,2,3,2,6,0,0,1,0,0,0,0,1,5.55713E+20,5.4823E+21,9.76929E+15,4.94908E+16
161324,8,3,17,153,2018,11,17,5,3,2,6,1,0,0,0,1,0,0,0,4.24037E+20,5.39533E+21,7.96749E+15,4.87064E+16
161325,8,1,27,76,2018,12,6,2,3,5,3,2,1,1,0,0,0,0,1,5.60756E+20,5.43865E+21,9.83229E+15,4.90977E+16
161326,8,3,15,133,2018,11,7,5,2,5,3,2,0,1,0,1,0,0,1,3.96365E+20,5.32868E+21,7.60793E+15,4.8103E+16
161327,8,1,21,0,2018,12,15,2,2,4,2,0,0,1,0,1,0,0,1,5.15828E+20,5.44661E+21,9.21715E+15,4.91721E+16
161328,8,3,11,0,2018,11,21,5,2,5,3,2,0,1,0,1,0,0,0,4.13829E+20,5.31701E+21,7.84481E+15,4.80006E+16
161329,8,1,21,0,2018,12,19,2,3,5,3,2,0,1,0,0,0,0,1,5.16126E+20,5.44295E+21,9.22109E+15,4.91392E+16
161330,8,1,21,0,2018,12,12,2,3,1,6,0,0,1,0,0,0,0,1,5.16064E+20,5.44648E+21,9.22038E+15,4.91709E+16
161331,8,1,18,48,2018,12,17,2,3,5,2,2,1,1,0,0,0,0,1,5.13162E+20,5.41512E+21,9.17955E+15,4.88889E+16
161332,8,3,11,0,2018,11,16,5,3,5,3,0,1,1,0,0,0,0,0,4.142E+20,5.31815E+21,7.84954E+15,4.80109E+16
161333,8,1,18,48,2018,12,5,2,3,5,3,2,0,1,0,0,0,0,1,5.11303E+20,5.4155E+21,9.15421E+15,4.88924E+16
161334,8,3,11,0,2018,11,8,5,3,0,1,0,1,0,0,0,0,0,1,4.14408E+20,5.31666E+21,7.85263E+15,4.79975E+16
161335,8,1,16,56,2018,12,6,2,3,6,4,1,0,1,1,0,0,0,1,5.30335E+20,5.39589E+21,9.41239E+15,4.87153E+16
161336,8,2,12,0,2018,11,16,5,3,5,3,1,0,1,0,0,0,0,0,4.53515E+20,5.42976E+21,8.36422E+15,4.9019E+16
161337,8,1,16,19,2018,12,18,2,3,6,4,2,0,1,1,0,0,0,1,5.2306E+20,5.39982E+21,9.31371E+15,4.87509E+16
161338,8,2,15,99,2018,11,7,5,2,5,3,2,1,0,0,0,0,1,1,4.61968E+20,5.44462E+21,8.47842E+15,4.91532E+16
161339,8,2,12,0,2018,11,12,5,3,6,6,0,0,1,1,0,0,0,0,4.55923E+20,5.42862E+21,8.39727E+15,4.90089E+16
161340,8,1,16,19,2018,12,8,2,3,2,2,0,0,1,0,0,0,0,1,5.24763E+20,5.3971E+21,9.33672E+15,4.87264E+16
161341,8,2,12,0,2018,11,16,5,3,5,2,1,1,1,0,0,0,0,0,4.53579E+20,5.43107E+21,8.36494E+15,4.90307E+16
161342,8,1,15,45,2018,12,15,2,3,0,7,0,1,0,0,0,0,1,1,5.01045E+20,5.3941E+21,9.0142E+15,4.86999E+16
161343,8,1,15,45,2018,12,7,2,3,6,2,2,0,1,1,0,0,0,1,4.95178E+20,5.39313E+21,8.93448E+15,4.86912E+16
161344,8,2,31,0,2018,11,7,5,3,6,4,0,0,0,1,0,0,1,0,4.77909E+20,5.41546E+21,8.69863E+15,4.88917E+16
161345,8,1,15,3,2018,12,17,2,3,5,3,2,1,1,0,0,0,0,1,5.00709E+20,5.39334E+21,9.00963E+15,4.86931E+16
161346,8,2,26,84,2018,11,11,5,3,2,6,0,0,1,0,0,0,0,0,4.69245E+20,5.46975E+21,8.57628E+15,4.93797E+16
161347,8,2,22,0,2018,11,13,5,3,1,6,0,0,1,0,0,0,0,0,4.63353E+20,5.48447E+21,8.49376E+15,4.95117E+16
161348,8,2,15,7,2018,11,15,5,3,5,3,0,0,1,0,0,0,0,0,4.78283E+20,5.43199E+21,8.70284E+15,4.90404E+16
161349,8,1,11,0,2018,12,19,2,3,6,4,2,0,1,1,0,0,0,1,5.11685E+20,5.40892E+21,9.15922E+15,4.88331E+16
161350,8,2,15,96,2018,11,15,5,3,6,7,0,0,1,1,0,0,0,1,4.6336E+20,5.41686E+21,8.50002E+15,4.89036E+16
161351,8,1,15,45,2018,11,5,5,2,0,7,2,1,0,0,0,0,0,1,4.99683E+20,5.39526E+21,8.9957E+15,4.87104E+16
161352,8,1,11,0,2018,12,10,2,3,5,2,0,0,1,0,0,0,1,1,5.11456E+20,5.40247E+21,9.15592E+15,4.87751E+16
161353,8,1,36,9,2018,11,2,5,3,9,1,2,0,1,0,0,0,0,1,5.65967E+20,5.40746E+21,9.8986E+15,4.88166E+16
161354,8,1,11,0,2018,12,20,2,3,1,5,2,0,1,0,0,0,0,1,5.14429E+20,5.4041E+21,9.19645E+15,4.87898E+16
161355,8,1,11,0,2018,12,7,2,3,6,4,1,0,1,1,0,0,0,1,5.11343E+20,5.40624E+21,9.15449E+15,4.88091E+16
161356,8,1,36,42,2018,11,13,5,2,0,1,0,0,0,0,1,0,0,0,5.50225E+20,5.40522E+21,9.68391E+15,4.8798E+16
161357,8,1,11,0,2018,12,20,2,3,2,6,2,0,1,0,0,0,0,1,5.13551E+20,5.40901E+21,9.18465E+15,4.88339E+16
161358,8,1,35,19,2018,11,10,5,3,1,6,0,0,1,0,0,0,0,0,5.85109E+20,5.39248E+21,1.01562E+16,4.86796E+16
161359,8,1,11,0,2018,12,12,2,3,6,2,0,0,1,1,0,0,0,1,5.16157E+20,5.40546E+21,9.22003E+15,4.88019E+16
161360,8,1,25,26,2018,11,12,5,3,5,3,0,0,1,0,0,0,0,0,4.94728E+20,5.44271E+21,8.92772E+15,4.91372E+16
161361,8,1,19,8,2018,11,8,5,3,0,7,0,0,1,0,0,0,0,0,5.32965E+20,5.42219E+21,9.45026E+15,4.89518E+16
161362,8,1,11,0,2018,12,18,2,3,0,6,2,0,1,1,0,0,0,1,5.12893E+20,5.39898E+21,9.17538E+15,4.87437E+16
161363,8,1,19,91,2018,11,16,5,2,6,7,1,0,1,1,0,0,0,0,5.28699E+20,5.40553E+21,9.39083E+15,4.88021E+16
161364,8,4,26,73,2018,12,10,1,3,0,1,0,1,0,0,0,0,0,1,5.6455E+20,5.3359E+21,9.86825E+15,4.81731E+16
161365,8,1,18,48,2018,11,14,5,3,4,2,0,0,1,1,0,0,0,0,5.15299E+20,5.41459E+21,9.20869E+15,4.88841E+16
161366,8,1,18,48,2018,11,11,5,3,2,6,0,0,1,0,0,0,0,0,5.1381E+20,5.41568E+21,9.1884E+15,4.88939E+16
161367,8,4,16,41,2018,12,7,1,3,6,4,2,0,1,1,0,0,0,1,5.05802E+20,5.37409E+21,9.07857E+15,4.85199E+16
161368,8,1,18,48,2018,11,18,5,3,1,6,2,0,1,0,0,0,0,0,5.13184E+20,5.41576E+21,9.17987E+15,4.88947E+16
161369,8,4,16,36,2018,12,13,1,3,5,3,0,1,1,0,0,0,0,1,4.94638E+20,5.37463E+21,8.92738E+15,4.85248E+16
161370,8,4,16,41,2018,12,15,1,3,1,6,0,1,1,0,0,0,0,1,5.04381E+20,5.37478E+21,9.05933E+15,4.85261E+16
161371,8,1,15,13,2018,11,18,5,3,5,3,2,1,1,0,0,0,0,0,4.96661E+20,5.39008E+21,8.95466E+15,4.86637E+16
161372,8,3,27,50,2018,12,17,1,3,6,2,1,0,1,1,0,0,0,1,4.86682E+20,5.3144E+21,8.82152E+15,4.79827E+16
161373,8,1,11,0,2018,11,7,5,3,6,4,2,0,1,1,0,0,0,0,5.07899E+20,5.3983E+21,9.10743E+15,4.87377E+16
161374,8,1,11,0,2018,11,11,5,3,1,5,0,0,1,0,0,0,0,0,5.107E+20,5.40639E+21,9.14573E+15,4.88104E+16
161375,8,1,11,0,2018,11,13,5,3,6,4,0,0,1,1,0,0,0,0,5.12041E+20,5.40357E+21,9.16392E+15,4.8785E+16
161376,8,3,16,11,2018,12,17,1,3,6,4,2,0,1,1,0,0,0,1,4.14102E+20,5.33055E+21,7.84574E+15,4.81224E+16
161377,8,4,36,49,2018,11,12,4,3,4,2,0,1,1,0,0,0,0,1,5.78078E+20,5.283E+21,1.00406E+16,4.76957E+16
161378,8,3,15,98,2018,12,14,1,3,5,3,0,0,0,0,1,1,0,1,4.07452E+20,5.31211E+21,7.76039E+15,4.79556E+16
161379,8,3,11,0,2018,12,19,1,3,2,4,2,0,1,1,0,0,0,1,4.11302E+20,5.3154E+21,7.81127E+15,4.79857E+16
161380,8,4,35,16,2018,11,13,4,3,2,6,0,0,1,0,0,0,0,0,5.35307E+20,5.27805E+21,9.47019E+15,4.76548E+16
161381,8,2,25,32,2018,12,20,1,3,6,4,2,0,0,1,0,0,1,1,5.34277E+20,5.4953E+21,9.47445E+15,4.96093E+16
161382,8,2,22,0,2018,12,1,1,3,4,2,2,0,1,0,0,0,0,0,4.63403E+20,5.47803E+21,8.49504E+15,4.94538E+16
161383,8,2,21,0,2018,12,9,1,3,0,1,0,0,0,0,1,0,0,1,4.77339E+20,5.46899E+21,8.68783E+15,4.93732E+16
161384,8,4,17,2,2018,11,6,4,3,4,2,2,0,1,0,0,0,0,1,4.88921E+20,5.34554E+21,8.85072E+15,4.8263E+16
161385,8,2,21,0,2018,12,17,1,2,6,4,2,1,0,1,0,0,0,1,4.78219E+20,5.473E+21,8.69975E+15,4.94093E+16
161386,8,4,15,61,2018,11,8,4,3,6,2,0,0,1,1,0,0,0,1,5.16084E+20,5.37104E+21,9.2177E+15,4.84923E+16
161387,8,2,21,0,2018,12,14,1,3,5,3,0,0,1,0,0,0,0,1,4.77059E+20,5.47372E+21,8.68371E+15,4.94157E+16
161388,8,3,36,50,2018,11,11,4,3,5,3,0,0,1,0,0,1,0,0,4.02605E+20,5.27726E+21,7.70331E+15,4.76414E+16
161389,8,3,35,43,2018,11,17,4,3,5,3,2,1,1,0,0,0,0,0,5.12123E+20,5.28161E+21,9.16154E+15,4.76878E+16
161390,8,2,15,100,2018,12,10,1,3,5,3,0,1,1,0,0,0,0,1,4.74956E+20,5.45185E+21,8.65608E+15,4.9219E+16
161391,8,3,35,75,2018,11,17,4,2,5,3,2,1,1,0,0,0,0,0,4.88225E+20,5.29011E+21,8.84287E+15,4.77642E+16
161392,8,3,26,74,2018,11,6,4,3,4,2,2,1,1,0,0,0,0,0,4.65559E+20,5.32449E+21,8.53764E+15,4.80727E+16
161393,8,1,11,0,2018,12,17,1,3,6,4,2,0,1,1,0,0,0,1,5.14411E+20,5.40409E+21,9.19621E+15,4.87896E+16
161394,8,3,25,51,2018,11,6,4,2,5,3,2,1,1,0,0,0,0,1,4.51332E+20,5.3488E+21,8.34388E+15,4.82905E+16
161395,8,3,25,51,2018,11,12,4,3,1,5,0,1,1,0,0,0,0,0,4.51374E+20,5.3488E+21,8.34445E+15,4.82905E+16
161396,8,1,11,0,2018,12,12,1,3,6,7,0,0,1,1,0,0,0,0,5.13608E+20,5.40004E+21,9.18514E+15,4.87533E+16
161397,8,3,17,116,2018,11,17,4,3,6,7,2,0,0,1,0,0,1,0,4.33143E+20,5.38773E+21,8.09247E+15,4.8639E+16
161398,8,3,11,0,2018,11,8,4,3,5,3,0,0,1,0,0,0,0,0,4.09623E+20,5.31582E+21,7.78868E+15,4.79893E+16
161399,8,3,11,0,2018,11,8,4,3,1,5,0,0,1,0,1,0,0,1,4.15272E+20,5.31709E+21,7.86413E+15,4.80015E+16
161400,8,4,37,101,2018,12,11,7,3,5,3,0,0,1,0,0,0,0,0,5.24561E+20,5.32667E+21,9.32985E+15,4.80928E+16
161401,8,2,35,46,2018,11,21,4,3,6,6,2,0,1,1,0,0,0,0,4.79998E+20,5.37691E+21,8.729E+15,4.8545E+16
161402,8,4,35,57,2018,12,12,7,3,0,7,0,0,1,0,0,0,0,0,5.4434E+20,5.28017E+21,9.59069E+15,4.76734E+16
161403,8,4,21,0,2018,12,15,7,3,2,6,0,0,1,0,0,0,0,0,5.71594E+20,5.36032E+21,9.96712E+15,4.8392E+16
161404,8,2,26,38,2018,11,17,4,3,5,3,0,0,1,0,0,0,0,0,4.70584E+20,5.48129E+21,8.59388E+15,4.94835E+16
161405,8,2,26,36,2018,11,15,4,3,5,3,0,0,1,0,0,0,0,0,4.68479E+20,5.48048E+21,8.56488E+15,4.94761E+16
161406,8,4,25,31,2018,12,18,7,3,6,7,2,0,1,1,0,0,0,0,5.69662E+20,5.3684E+21,9.94237E+15,4.84649E+16
161407,8,2,22,0,2018,11,8,4,3,2,2,0,0,1,0,0,0,0,0,4.6075E+20,5.48298E+21,8.45795E+15,4.94982E+16
161408,8,2,21,0,2018,11,18,4,3,1,2,2,0,1,0,0,0,0,1,4.76806E+20,5.47219E+21,8.68031E+15,4.94019E+16
161409,8,4,17,79,2018,12,19,7,3,5,3,2,0,1,0,0,0,0,0,5.02125E+20,5.34046E+21,9.02861E+15,4.82173E+16
161410,8,2,21,0,2018,11,17,4,2,0,7,1,1,0,0,0,0,0,0,4.75245E+20,5.47269E+21,8.65877E+15,4.94064E+16
161411,8,4,16,41,2018,12,15,7,3,2,5,0,0,1,0,1,0,0,1,5.04906E+20,5.37396E+21,9.06643E+15,4.85188E+16
161412,8,3,37,60,2018,12,12,7,3,5,3,0,0,1,0,1,0,0,1,4.68029E+20,5.27764E+21,8.57426E+15,4.76514E+16
161413,8,2,21,0,2018,11,9,4,3,3,2,0,0,1,0,0,0,1,0,4.7689E+20,5.47284E+21,8.68143E+15,4.94078E+16
161414,8,3,36,50,2018,12,17,7,3,6,4,0,0,0,1,0,0,1,0,3.99363E+20,5.2737E+21,7.66097E+15,4.76089E+16
161415,8,3,36,50,2018,12,15,7,3,5,3,0,0,1,0,0,0,0,0,3.99124E+20,5.27346E+21,7.65786E+15,4.76067E+16
161416,8,3,35,43,2018,12,20,7,3,0,7,2,1,0,0,0,0,0,0,5.0985E+20,5.28182E+21,9.13126E+15,4.76897E+16
161417,8,2,16,43,2018,11,15,4,3,2,6,0,0,1,0,0,0,0,0,4.43147E+20,5.41296E+21,8.22477E+15,4.8867E+16
161418,8,3,17,146,2018,12,11,7,2,2,6,0,0,1,0,0,0,1,0,4.30419E+20,5.35513E+21,8.06093E+15,4.83455E+16
161419,8,2,15,17,2018,11,10,4,3,1,1,0,1,1,0,0,0,0,1,4.57256E+20,5.42106E+21,8.4163E+15,4.8941E+16
161420,8,3,17,65,2018,12,8,7,2,6,7,0,0,1,1,0,0,0,0,4.1647E+20,5.35483E+21,7.87276E+15,4.83411E+16
161421,8,2,12,0,2018,11,18,4,3,2,2,2,0,1,0,0,0,0,0,4.54289E+20,5.42887E+21,8.37491E+15,4.9011E+16
161422,8,1,36,65,2018,11,9,4,3,0,1,0,1,0,0,0,0,0,1,5.58413E+20,5.405E+21,9.79536E+15,4.87953E+16
161423,8,3,16,56,2018,12,13,7,3,2,6,0,0,1,0,0,0,0,0,4.23485E+20,5.32825E+21,7.97221E+15,4.81029E+16
161424,8,1,25,110,2018,11,20,4,3,0,4,2,0,0,1,1,0,0,0,5.27817E+20,5.44275E+21,9.38136E+15,4.9137E+16
161425,8,3,11,0,2018,12,16,7,3,0,7,1,0,1,0,1,0,0,1,4.12912E+20,5.31626E+21,7.83267E+15,4.79937E+16
161426,8,3,11,0,2018,12,15,7,3,5,3,0,1,1,0,0,0,0,0,4.19491E+20,5.31393E+21,7.92127E+15,4.79736E+16
161427,8,1,25,66,2018,11,8,4,3,5,3,0,0,1,0,1,0,0,0,5.13586E+20,5.43288E+21,9.18593E+15,4.90487E+16
161428,8,3,11,0,2018,12,11,7,3,6,7,0,0,1,1,0,0,0,0,4.1488E+20,5.31947E+21,7.8584E+15,4.80228E+16
161429,8,1,19,20,2018,11,9,4,3,6,7,0,0,1,1,0,0,0,0,5.20003E+20,5.40733E+21,9.27249E+15,4.88187E+16
161430,8,1,19,85,2018,11,10,4,3,6,7,0,0,0,1,0,0,1,0,5.29284E+20,5.41375E+21,9.39938E+15,4.8876E+16
161431,8,1,18,73,2018,11,13,4,2,5,3,0,1,1,0,0,0,0,1,4.98317E+20,5.42574E+21,8.97699E+15,4.89845E+16
161432,8,1,17,24,2018,11,13,4,3,4,6,0,1,1,0,0,0,0,0,5.61041E+20,5.38648E+21,9.82841E+15,4.86284E+16
161433,8,3,11,0,2018,12,0,7,2,0,1,2,1,0,0,0,0,0,1,4.14196E+20,5.31815E+21,7.84949E+15,4.80109E+16
161434,8,1,16,49,2018,11,13,4,3,2,6,0,0,1,0,0,0,0,0,5.25565E+20,5.38626E+21,9.34696E+15,4.86288E+16
161435,8,1,16,49,2018,11,17,4,3,2,6,2,0,1,0,0,0,0,0,5.24725E+20,5.38625E+21,9.33555E+15,4.86288E+16
161436,8,2,21,0,2018,12,19,7,3,2,6,2,1,1,0,0,0,0,1,4.77333E+20,5.46976E+21,8.68772E+15,4.93801E+16
161437,8,1,15,21,2018,11,14,4,3,5,3,0,1,1,0,0,0,0,1,4.90861E+20,5.38073E+21,8.87609E+15,4.85796E+16
161438,8,2,22,0,2018,12,14,7,3,5,3,0,0,1,0,0,0,1,0,4.60262E+20,5.48755E+21,8.45074E+15,4.95392E+16
161439,8,2,16,63,2018,12,13,7,2,0,7,0,1,0,0,0,0,0,1,4.33734E+20,5.40363E+21,8.09793E+15,4.87822E+16
161440,8,1,11,0,2018,11,12,4,3,4,6,0,1,0,0,0,0,1,1,5.16999E+20,5.40961E+21,9.23167E+15,4.88393E+16
161441,8,2,15,17,2018,12,9,7,3,5,3,0,1,1,0,0,0,0,1,4.56587E+20,5.4218E+21,8.40707E+15,4.89476E+16
161442,8,1,11,0,2018,11,6,4,2,2,6,2,0,1,0,1,0,0,0,5.17283E+20,5.40493E+21,9.23533E+15,4.87972E+16
161443,8,1,19,20,2018,12,8,7,3,6,2,0,0,1,1,0,0,0,1,5.1942E+20,5.4101E+21,9.26469E+15,4.88436E+16
161444,8,1,11,0,2018,11,10,4,3,5,3,0,0,1,0,1,0,0,0,5.18526E+20,5.40289E+21,9.25217E+15,4.87787E+16
161445,8,1,19,79,2018,12,11,7,2,6,4,0,0,1,1,0,0,0,0,5.2261E+20,5.40809E+21,9.30805E+15,4.88254E+16
161446,8,1,18,79,2018,12,13,7,2,6,7,0,0,1,1,0,0,0,0,5.07174E+20,5.42337E+21,9.09801E+15,4.89632E+16
161447,8,4,21,0,2018,11,9,3,2,1,3,0,1,1,0,0,0,0,1,5.72856E+20,5.36014E+21,9.98413E+15,4.83902E+16
161448,8,1,16,19,2018,12,10,7,3,6,7,0,0,1,1,0,0,0,0,5.24874E+20,5.39897E+21,9.33835E+15,4.87433E+16
161449,8,4,21,0,2018,11,6,3,3,5,3,2,0,1,0,0,0,1,1,5.73565E+20,5.36188E+21,9.99402E+15,4.84058E+16
161450,8,1,15,45,2018,12,20,7,3,2,6,2,0,1,0,0,0,0,0,5.01943E+20,5.39458E+21,9.02641E+15,4.87042E+16
161451,8,1,11,0,2018,12,15,7,3,5,3,0,0,1,0,0,0,0,0,5.06392E+20,5.40684E+21,9.08707E+15,4.88145E+16
161452,8,4,16,41,2018,11,21,3,3,0,1,2,1,0,0,0,0,0,1,5.04069E+20,5.37519E+21,9.05512E+15,4.85298E+16
161453,8,1,11,0,2018,12,16,7,3,2,6,1,0,1,0,0,0,0,0,5.14864E+20,5.40943E+21,9.20257E+15,4.88377E+16
161454,8,4,16,41,2018,11,8,3,3,1,7,1,1,1,0,0,0,0,1,5.05546E+20,5.37526E+21,9.07512E+15,4.85304E+16
161455,8,4,16,36,2018,11,13,3,3,5,3,0,1,0,0,0,0,1,1,4.97969E+20,5.36951E+21,8.97252E+15,4.84787E+16
161456,8,4,37,76,2018,11,6,6,3,1,5,2,0,0,0,1,0,1,0,5.2545E+20,5.32271E+21,9.34155E+15,4.80571E+16
161457,8,4,15,61,2018,11,14,3,3,5,3,0,0,1,0,0,0,1,1,5.14709E+20,5.37279E+21,9.19915E+15,4.85081E+16
161458,8,4,35,16,2018,11,17,6,2,1,5,2,1,0,0,1,0,0,1,5.33254E+20,5.27873E+21,9.4429E+15,4.76611E+16
161459,8,4,36,82,2018,11,11,6,3,6,6,0,0,0,1,0,0,1,0,5.4775E+20,5.29517E+21,9.63776E+15,4.78081E+16
161460,8,4,15,61,2018,11,13,3,3,5,3,0,0,1,0,0,0,0,1,5.16868E+20,5.37313E+21,9.22839E+15,4.85111E+16
161461,8,4,36,64,2018,11,18,6,3,2,6,1,0,1,0,0,0,0,1,5.46355E+20,5.29289E+21,9.61888E+15,4.77877E+16
161462,8,4,15,61,2018,11,16,3,3,5,2,2,1,1,0,0,0,0,1,5.16553E+20,5.37041E+21,9.22402E+15,4.84866E+16
161463,8,4,35,16,2018,11,18,6,3,5,3,2,1,1,0,0,0,0,1,5.33575E+20,5.27895E+21,9.44719E+15,4.76631E+16
161464,8,3,36,91,2018,11,20,3,3,2,6,2,0,1,0,0,0,0,1,3.97788E+20,5.27186E+21,7.64046E+15,4.75921E+16
161465,8,3,36,81,2018,11,3,3,3,6,7,2,0,0,1,0,0,1,0,4.12418E+20,5.27895E+21,7.83358E+15,4.7658E+16
161466,8,3,35,75,2018,11,13,3,3,5,3,0,0,1,0,0,0,0,1,4.89449E+20,5.28858E+21,8.85923E+15,4.77505E+16
161467,8,4,35,16,2018,11,9,6,3,5,3,0,0,1,0,0,0,0,0,5.37493E+20,5.27901E+21,9.49937E+15,4.76634E+16
161468,8,3,17,96,2018,11,16,3,3,5,3,2,1,1,0,0,0,0,0,4.22765E+20,5.36876E+21,7.95514E+15,4.84672E+16
161469,8,3,17,96,2018,11,12,3,3,2,2,0,0,1,0,0,0,0,1,4.21105E+20,5.3689E+21,7.93266E+15,4.84682E+16
161470,8,4,25,28,2018,11,16,6,3,9,6,0,0,1,0,0,0,0,1,5.79423E+20,5.34074E+21,1.00692E+16,4.82149E+16
161471,8,3,17,1,2018,11,7,3,3,5,3,2,1,1,0,0,0,0,0,4.31852E+20,5.38646E+21,8.07515E+15,4.86275E+16
161472,8,4,21,0,2018,11,17,6,3,5,2,2,0,1,0,0,1,0,1,5.69271E+20,5.35696E+21,9.93518E+15,4.8362E+16
161473,8,4,25,31,2018,11,12,6,3,5,3,0,0,1,0,0,0,0,1,5.70203E+20,5.3678E+21,9.94958E+15,4.84594E+16
161474,8,3,17,96,2018,11,8,3,2,6,2,0,0,0,1,0,0,1,1,4.22458E+20,5.36888E+21,7.95096E+15,4.84683E+16
161475,8,4,21,0,2018,11,13,6,2,6,7,0,0,1,1,0,0,0,1,5.74147E+20,5.36162E+21,1.00018E+16,4.84033E+16
161476,8,3,16,54,2018,11,7,3,2,4,1,0,0,1,0,0,0,0,1,4.17127E+20,5.33629E+21,7.88527E+15,4.81744E+16