OBJECTID_1,ULAND,UREGBEZ,UKREIS,UGEMEINDE,UJAHR,UMONAT,USTUNDE,UWOCHENTAG,UKATEGORIE,UART,UTYP1,ULICHTVERH,IstRad,IstPKW,IstFuss,IstKrad,IstGkfz,IstSonstig,STRZUSTAND,LINREFX,LINREFY,XGCSWGS84,YGCSWGS84
161663,8,1,19,20,2018,12,12,5,3,5,3,0,1,1,0,0,0,0,1,5.201E+20,5.40658E+21,9.27378E+15,4.88118E+16
161664,8,1,11,0,2018,12,11,7,3,1,5,0,1,1,0,0,0,0,0,5.19853E+20,5.40102E+21,9.27014E+15,4.87618E+16
161665,8,1,19,20,2018,12,12,5,3,5,3,0,0,1,0,0,0,0,0,5.20855E+20,5.40685E+21,9.28408E+15,4.88143E+16
161666,8,1,16,78,2018,12,16,2,3,2,6,0,0,1,0,0,0,0,0,5.12221E+20,5.39373E+21,9.16608E+15,4.86965E+16
161667,8,1,19,8,2018,12,15,5,3,6,4,0,0,0,1,0,0,1,0,5.31448E+20,5.42111E+21,9.42946E+15,4.89421E+16
161668,8,1,18,48,2018,12,8,5,3,2,6,0,0,1,0,0,0,0,1,5.11906E+20,5.41725E+21,9.16248E+15,4.89081E+16
161669,8,1,16,78,2018,12,7,5,3,2,6,1,0,1,0,0,0,0,1,5.11005E+20,5.39489E+21,9.14959E+15,4.87069E+16
161670,8,1,11,0,2018,12,8,7,3,5,3,0,1,1,0,0,0,0,0,5.1617E+20,5.40541E+21,9.2202E+15,4.88014E+16
161671,8,1,15,45,2018,12,15,5,3,1,5,0,0,1,0,0,0,0,0,4.99279E+20,5.3959E+21,8.9902E+15,4.87161E+16
161672,8,2,31,0,2018,12,13,2,3,6,4,0,0,1,1,0,0,0,0,4.78137E+20,5.41578E+21,8.70172E+15,4.88945E+16
161673,8,1,15,3,2018,12,11,5,2,3,6,0,0,1,0,1,0,0,1,5.00896E+20,5.39348E+21,9.01217E+15,4.86943E+16
161674,8,4,25,72,2018,12,19,1,3,5,2,2,0,1,0,0,0,0,1,5.83367E+20,5.37246E+21,1.01285E+16,4.84997E+16
161675,8,1,11,0,2018,12,16,5,2,5,3,0,0,1,0,0,0,0,0,5.15399E+20,5.40663E+21,9.20975E+15,4.88125E+16
161676,8,1,11,0,2018,12,2,1,3,6,4,2,0,0,1,1,0,0,0,5.12275E+20,5.40291E+21,9.16708E+15,4.87791E+16
161677,8,1,11,0,2018,12,16,5,3,5,3,1,0,1,0,0,0,0,0,5.12536E+20,5.40416E+21,9.17067E+15,4.87903E+16
161678,8,4,26,38,2018,12,11,6,3,5,3,0,0,1,0,0,0,0,0,5.57936E+20,5.31506E+21,9.77647E+15,4.79863E+16
161679,8,4,35,16,2018,12,18,4,3,6,6,2,0,1,1,0,0,0,0,5.32593E+20,5.27911E+21,9.43412E+15,4.76646E+16
161680,8,1,16,71,2018,12,2,6,1,1,1,2,0,1,0,0,0,1,1,5.27075E+20,5.39041E+21,9.36772E+15,4.86661E+16
161681,8,4,16,50,2018,12,18,4,3,5,3,2,0,1,0,0,0,0,1,4.86486E+20,5.36407E+21,8.81732E+15,4.84296E+16
161682,8,2,15,17,2018,12,16,2,3,5,3,0,0,1,0,0,0,0,0,4.55823E+20,5.42125E+21,8.39671E+15,4.89426E+16
161683,8,4,16,41,2018,12,7,4,3,5,3,0,1,1,0,0,0,0,1,5.03994E+20,5.37263E+21,9.05407E+15,4.85067E+16
161684,8,2,26,38,2018,12,18,2,3,6,4,2,0,1,1,0,0,0,1,4.7142E+20,5.48068E+21,8.60547E+15,4.94781E+16
161685,8,4,15,19,2018,12,11,4,3,6,7,0,0,1,1,0,0,0,0,5.18882E+20,5.37036E+21,9.25553E+15,4.8486E+16
161686,8,2,26,76,2018,12,15,1,3,5,3,0,0,1,0,0,0,0,1,4.74966E+20,5.46521E+21,8.65539E+15,4.93391E+16
161687,8,4,15,61,2018,12,6,4,3,5,3,2,0,1,0,0,0,1,1,5.15396E+20,5.37093E+21,9.20838E+15,4.84913E+16
161688,8,4,17,75,2018,12,14,7,3,0,1,0,0,0,0,1,0,0,1,5.11855E+20,5.33518E+21,9.15945E+15,4.81697E+16
161689,8,3,37,126,2018,12,22,4,3,1,1,2,0,1,0,0,0,1,1,4.39869E+20,5.27487E+21,8.1997E+15,4.76244E+16
161690,8,4,16,41,2018,12,13,6,3,0,6,0,1,1,0,0,0,0,0,5.02623E+20,5.37445E+21,9.03553E+15,4.85231E+16
161691,8,3,35,75,2018,12,9,4,3,0,3,0,1,1,0,0,0,0,0,4.88379E+20,5.29027E+21,8.84492E+15,4.77657E+16
161692,8,3,35,75,2018,12,7,4,3,5,3,0,0,1,0,0,0,0,0,4.88285E+20,5.29018E+21,8.84366E+15,4.77649E+16
161693,8,1,36,88,2018,12,7,2,2,6,6,2,1,0,1,0,0,0,1,5.79871E+20,5.41002E+21,1.00885E+16,4.8838E+16
161694,8,3,35,43,2018,12,11,4,3,5,3,0,1,0,0,0,0,0,0,5.14912E+20,5.281E+21,9.19868E+15,4.76822E+16
161695,8,3,17,65,2018,12,7,4,3,0,1,1,0,0,0,1,0,0,1,4.14356E+20,5.354E+21,7.84442E+15,4.83334E+16
161696,8,3,17,65,2018,12,4,4,3,5,3,2,1,1,0,0,0,0,0,4.1477E+20,5.354E+21,7.85E+15,4.83335E+16
161697,8,3,17,65,2018,12,10,4,3,5,3,0,1,1,0,0,0,0,0,4.16121E+20,5.3546E+21,7.8681E+15,4.8339E+16
161698,8,3,17,65,2018,12,18,4,3,5,3,2,1,1,0,0,0,0,0,4.14677E+20,5.35447E+21,7.84865E+15,4.83377E+16
161699,8,2,26,98,2018,12,2,7,3,9,1,2,0,1,0,0,0,0,1,4.78019E+20,5.46042E+21,8.69767E+15,4.92962E+16
161700,8,3,15,6,2018,12,18,4,3,5,3,2,1,1,0,0,0,0,0,4.0308E+20,5.30767E+21,7.70285E+15,4.7915E+16
161701,8,4,15,60,2018,12,16,6,2,5,5,0,1,1,0,0,0,0,0,5.15105E+20,5.3787E+21,9.20472E+15,4.85612E+16
161702,8,3,11,0,2018,12,9,4,2,6,7,0,0,0,1,0,0,1,1,4.13789E+20,5.31598E+21,7.84447E+15,4.79913E+16
161703,8,2,12,0,2018,12,19,4,2,5,3,2,1,1,0,0,0,0,0,4.60421E+20,5.42728E+21,8.45891E+15,4.89972E+16
161704,8,1,17,26,2018,12,10,2,3,0,7,0,0,1,0,0,0,0,1,5.47858E+20,5.39453E+21,9.65044E+15,4.87019E+16
161705,8,2,37,28,2018,12,14,4,3,6,6,0,0,1,1,0,0,0,0,4.57245E+20,5.36747E+21,8.42169E+15,4.84589E+16
161706,8,2,26,96,2018,12,16,4,3,5,2,2,1,1,0,0,0,0,0,4.75079E+20,5.4884E+21,8.65548E+15,4.95477E+16
161707,8,4,15,92,2018,12,13,6,3,5,3,0,0,1,0,0,0,0,0,5.19105E+20,5.36487E+21,9.2583E+15,4.84367E+16
161708,8,2,26,48,2018,12,18,4,3,5,3,2,0,1,0,0,0,0,1,4.8512E+20,5.46593E+21,8.79514E+15,4.93459E+16
161709,8,3,11,0,2018,12,13,2,3,0,1,0,0,1,0,1,0,0,0,4.12611E+20,5.31568E+21,7.82875E+15,4.79884E+16
161710,8,4,15,50,2018,12,17,6,3,4,2,2,0,1,0,1,0,0,0,5.21934E+20,5.37566E+21,9.29711E+15,4.85337E+16
161711,8,2,22,0,2018,12,18,4,3,5,3,2,0,1,0,0,0,0,0,4.61489E+20,5.48286E+21,8.46817E+15,4.94972E+16
161712,8,3,26,74,2018,12,14,2,3,5,3,0,1,1,0,0,0,0,1,4.58756E+20,5.32449E+21,8.44632E+15,4.80723E+16
161713,8,2,22,0,2018,12,18,4,3,5,3,2,0,1,0,0,0,1,0,4.61214E+20,5.48188E+21,8.46446E+15,4.94884E+16
161714,8,1,15,45,2018,12,7,2,3,6,4,2,0,1,1,0,0,0,1,5.00772E+20,5.39508E+21,9.0105E+15,4.87087E+16
161715,8,2,26,96,2018,12,13,4,2,5,3,0,1,1,0,0,0,0,0,4.74816E+20,5.48757E+21,8.6519E+15,4.95402E+16
161716,8,2,16,7,2018,12,16,4,3,5,2,1,1,1,0,0,0,0,1,4.36221E+20,5.39374E+21,8.13332E+15,4.86934E+16
161717,8,3,26,3,2018,12,16,6,3,6,4,0,0,1,1,0,0,0,0,4.64937E+20,5.32011E+21,8.52965E+15,4.80333E+16
161718,8,2,16,43,2018,12,16,4,3,1,7,0,0,1,0,0,0,0,0,4.41375E+20,5.41175E+21,8.20079E+15,4.88559E+16
161719,8,3,17,96,2018,12,20,6,3,5,2,2,0,1,0,0,0,0,1,4.22716E+20,5.36893E+21,7.95444E+15,4.84688E+16
161720,8,2,15,106,2018,12,22,4,3,5,3,2,0,1,0,0,0,0,0,4.66984E+20,5.45491E+21,8.54637E+15,4.92461E+16
161721,8,2,21,0,2018,12,20,7,3,5,3,2,1,1,0,0,0,0,1,4.77587E+20,5.47006E+21,8.69119E+15,4.93828E+16
161722,8,2,22,0,2018,12,10,2,3,6,7,0,0,1,1,0,0,0,0,4.60073E+20,5.48795E+21,8.44809E+15,4.95428E+16
161723,8,2,15,7,2018,12,12,4,3,6,4,0,0,1,1,0,0,0,0,4.783E+20,5.43126E+21,8.70311E+15,4.90339E+16
161724,8,3,27,30,2018,12,4,1,3,6,4,2,0,1,1,0,0,0,1,4.91243E+20,5.32228E+21,8.88249E+15,4.80538E+16
161725,8,2,12,0,2018,12,16,4,3,5,3,1,0,1,0,0,0,1,0,4.5191E+20,5.43135E+21,8.34207E+15,4.90331E+16
161726,8,4,36,64,2018,12,16,7,3,5,3,2,1,1,0,0,0,0,1,5.45783E+20,5.29322E+21,9.61128E+15,4.77907E+16
161727,8,1,36,75,2018,12,15,4,3,0,1,0,1,0,0,0,0,0,0,6.00199E+20,5.42218E+21,1.03684E+16,4.89444E+16
161728,8,3,16,43,2018,12,13,6,2,1,6,0,0,1,0,0,0,0,0,4.11306E+20,5.33241E+21,7.80779E+15,4.81388E+16
161729,8,1,18,48,2018,12,9,4,2,2,6,0,0,1,0,0,0,0,0,5.13834E+20,5.41518E+21,9.18872E+15,4.88894E+16
161730,8,1,11,0,2018,12,21,2,3,5,3,2,0,1,0,0,0,0,1,5.1616E+20,5.40369E+21,9.22E+15,4.8786E+16
161731,8,1,15,45,2018,12,16,4,2,6,4,0,0,1,1,0,0,0,0,5.00288E+20,5.395E+21,9.00392E+15,4.8708E+16
161732,8,1,21,0,2018,12,10,1,3,2,6,0,0,1,0,0,0,0,1,5.14348E+20,5.44442E+21,9.19677E+15,4.91524E+16
161733,8,1,17,24,2018,12,12,4,3,6,4,0,0,0,1,0,0,1,0,5.61592E+20,5.3859E+21,9.8358E+15,4.86232E+16
161734,8,3,11,0,2018,12,18,6,3,0,3,2,1,0,0,0,0,0,1,4.1386E+20,5.31624E+21,7.84537E+15,4.79936E+16
161735,8,1,16,19,2018,12,15,4,3,5,3,0,1,1,0,0,0,0,1,5.23032E+20,5.39875E+21,9.31328E+15,4.87413E+16
161736,8,3,11,0,2018,12,17,6,3,5,3,2,0,1,0,0,0,0,1,4.14043E+20,5.31794E+21,7.84748E+15,4.80089E+16
161737,8,1,15,3,2018,12,16,4,3,5,3,1,1,1,0,0,0,0,1,5.01216E+20,5.39227E+21,9.01652E+15,4.86835E+16
161738,8,2,21,0,2018,12,10,2,3,0,7,0,0,0,0,1,0,0,0,4.77343E+20,5.46906E+21,8.6879E+15,4.93739E+16
161739,8,1,15,3,2018,12,13,4,3,1,7,0,0,1,0,0,0,1,0,5.02051E+20,5.39141E+21,9.02786E+15,4.86758E+16
161740,8,2,22,0,2018,12,12,7,3,5,3,0,0,1,0,0,0,0,1,4.62312E+20,5.48125E+21,8.47968E+15,4.94827E+16
161741,8,1,11,0,2018,12,9,4,3,2,6,0,0,1,0,0,0,1,0,5.11945E+20,5.40344E+21,9.1626E+15,4.87839E+16
161742,8,2,15,97,2018,12,12,7,1,5,3,0,0,0,0,0,0,1,1,4.74895E+20,5.44395E+21,8.65575E+15,4.91478E+16
161743,8,1,11,0,2018,12,21,4,3,5,2,2,1,1,0,0,0,0,0,5.12945E+20,5.40908E+21,9.1764E+15,4.88346E+16
161744,8,3,11,0,2018,12,18,6,3,0,7,2,1,0,0,0,0,1,1,4.13859E+20,5.31595E+21,7.84541E+15,4.7991E+16
161745,8,1,11,0,2018,12,15,4,3,6,4,0,0,1,1,0,0,0,1,5.17558E+20,5.40423E+21,9.23905E+15,4.87908E+16
161746,8,3,11,0,2018,12,16,6,3,5,3,1,1,1,0,0,0,0,0,4.13065E+20,5.31539E+21,7.83489E+15,4.79859E+16
161747,8,1,11,0,2018,12,5,4,3,5,3,2,0,1,0,1,0,0,0,5.1525E+20,5.4037E+21,9.20761E+15,4.87861E+16
161748,8,4,15,61,2018,12,15,3,3,0,7,0,0,0,0,0,0,1,0,5.15377E+20,5.37121E+21,9.20814E+15,4.84938E+16
161749,8,3,11,0,2018,12,7,6,3,4,6,0,1,0,0,0,0,0,0,4.11424E+20,5.31457E+21,7.81307E+15,4.79783E+16
161750,8,4,15,61,2018,12,11,3,3,6,4,0,0,1,1,0,0,0,0,5.15023E+20,5.36964E+21,9.20329E+15,4.84797E+16
161751,8,2,12,0,2018,12,12,2,3,5,2,0,1,0,0,0,0,1,0,4.56724E+20,5.42732E+21,8.40836E+15,4.89973E+16
161752,8,3,35,75,2018,12,17,3,3,5,2,1,1,1,0,0,0,0,1,4.90782E+20,5.2888E+21,8.87701E+15,4.77525E+16
161753,8,3,35,75,2018,12,17,3,2,6,2,2,0,1,1,0,0,0,1,4.88572E+20,5.28881E+21,8.84753E+15,4.77525E+16
161754,8,2,22,0,2018,12,21,7,3,5,3,2,0,1,0,0,0,0,1,4.61542E+20,5.48834E+21,8.46836E+15,4.95464E+16
161755,8,3,26,74,2018,12,16,3,3,6,4,0,0,1,1,0,0,0,1,4.60754E+20,5.32291E+21,8.47329E+15,4.80583E+16
161756,8,3,11,0,2018,12,16,6,3,4,1,1,0,1,0,1,0,0,0,4.13695E+20,5.31699E+21,7.84301E+15,4.80004E+16
161757,8,3,26,17,2018,12,9,3,3,6,2,0,0,1,1,0,0,0,0,4.40833E+20,5.32251E+21,8.20601E+15,4.80531E+16
161758,8,4,15,61,2018,12,17,2,2,6,4,1,0,1,1,0,0,0,0,5.14777E+20,5.37165E+21,9.20002E+15,4.84978E+16
161759,8,3,25,61,2018,12,16,3,2,5,3,1,1,1,0,0,0,0,1,4.75135E+20,5.35301E+21,8.66453E+15,4.83298E+16
161760,8,1,16,33,2018,12,10,2,3,6,4,0,0,1,1,0,0,0,1,5.33282E+20,5.3879E+21,9.45182E+15,4.86433E+16
161761,8,3,17,47,2018,12,12,3,3,5,3,0,0,1,0,0,1,0,1,4.18836E+20,5.36423E+21,7.90287E+15,4.8426E+16
161762,8,1,19,8,2018,12,12,2,3,0,1,0,0,0,0,1,0,0,1,5.32997E+20,5.42243E+21,9.45072E+15,4.89539E+16
161763,8,3,16,56,2018,12,7,3,2,5,3,2,1,1,0,0,0,0,1,4.22449E+20,5.32711E+21,7.95851E+15,4.80926E+16
161764,8,3,11,0,2018,12,17,3,3,5,3,2,1,0,0,0,0,0,1,4.14742E+20,5.31847E+21,7.85675E+15,4.80138E+16
161765,8,2,12,0,2018,12,6,3,3,0,3,2,1,0,0,0,0,1,0,4.56392E+20,5.42838E+21,8.40371E+15,4.90068E+16
161766,8,2,15,21,2018,12,11,6,3,9,1,0,0,1,0,0,0,0,0,4.68567E+20,5.44494E+21,8.5689E+15,4.91565E+16
161767,8,2,12,0,2018,12,15,3,3,5,3,0,1,1,0,0,0,0,0,4.53578E+20,5.43129E+21,8.3649E+15,4.90328E+16
161768,8,3,26,74,2018,12,12,2,3,5,3,0,0,1,0,0,0,1,1,4.64894E+20,5.32357E+21,8.52879E+15,4.80645E+16
161769,8,1,19,67,2018,12,10,7,3,2,6,0,0,1,0,0,0,1,1,5.38599E+20,5.40574E+21,9.52566E+15,4.88034E+16
161770,8,2,31,0,2018,12,17,3,3,5,3,2,0,1,0,0,0,0,1,4.75487E+20,5.41337E+21,8.66571E+15,4.88728E+16
161771,8,1,15,3,2018,12,18,2,3,5,3,2,0,1,0,0,0,0,0,5.01314E+20,5.39315E+21,9.01785E+15,4.86914E+16
161772,8,2,22,0,2018,12,11,3,3,5,5,0,0,1,0,1,0,0,1,4.63631E+20,5.48347E+21,8.49768E+15,4.95028E+16
161773,8,2,26,32,2018,12,16,1,3,0,3,1,1,1,0,0,0,0,1,4.67163E+20,5.46286E+21,8.54818E+15,4.93176E+16
161774,8,2,22,0,2018,12,13,3,3,1,5,0,0,1,0,1,0,1,1,4.61592E+20,5.48009E+21,8.46986E+15,4.94722E+16
161775,8,2,15,9,2018,12,11,6,2,4,2,0,0,1,0,0,0,0,0,4.69495E+20,5.44113E+21,8.58191E+15,4.91223E+16
161776,8,2,21,0,2018,12,18,3,3,0,7,2,1,0,1,0,0,0,0,4.76548E+20,5.47321E+21,8.6767E+15,4.94111E+16
161777,8,2,31,0,2018,12,17,6,2,6,4,2,0,1,1,0,0,0,0,4.77033E+20,5.41553E+21,8.68667E+15,4.88923E+16
161778,8,2,21,0,2018,12,14,3,3,1,6,0,0,1,0,0,0,0,0,4.77261E+20,5.47267E+21,8.68655E+15,4.94063E+16
161779,8,2,21,0,2018,12,13,3,3,6,5,0,0,1,1,0,0,0,1,4.77467E+20,5.4728E+21,8.68939E+15,4.94075E+16
161780,8,2,26,6,2018,12,10,3,2,5,2,0,0,1,1,0,0,0,1,4.83738E+20,5.46694E+21,8.77607E+15,4.93549E+16
161781,8,2,37,28,2018,12,10,2,3,1,5,0,0,0,0,0,1,1,1,4.58097E+20,5.36837E+21,8.43312E+15,4.84671E+16
161782,8,2,26,41,2018,12,14,3,3,5,3,0,0,1,0,0,0,1,0,4.7774E+20,5.46571E+21,8.69354E+15,4.93437E+16
161783,8,4,21,0,2018,12,4,1,3,6,7,2,0,1,1,0,0,0,1,5.73103E+20,5.36093E+21,9.9876E+15,4.83972E+16
161784,8,2,12,0,2018,12,20,3,2,5,3,2,1,1,0,0,0,0,0,4.55398E+20,5.42708E+21,8.39027E+15,4.8995E+16
161785,8,1,16,80,2018,12,17,1,3,5,3,2,0,1,0,1,0,0,1,5.22319E+20,5.39572E+21,9.30341E+15,4.87141E+16
161786,8,1,18,68,2018,12,13,3,2,6,7,0,0,1,1,0,0,0,0,5.01124E+20,5.42301E+21,9.01536E+15,4.896E+16
161787,8,1,36,65,2018,12,8,3,3,5,2,0,0,1,0,0,0,0,1,5.59437E+20,5.4057E+21,9.80942E+15,4.88015E+16
161788,8,1,36,88,2018,12,11,3,3,5,2,0,0,1,0,0,1,0,1,5.80737E+20,5.41434E+21,1.01011E+16,4.88768E+16
161789,8,2,15,9,2018,12,19,2,3,2,6,2,0,1,0,0,0,0,1,4.68713E+20,5.4427E+21,8.57107E+15,4.91363E+16
161790,8,1,36,88,2018,12,16,3,3,2,2,1,0,1,0,0,0,0,1,5.80135E+20,5.40946E+21,1.0092E+16,4.8833E+16
161791,8,4,25,31,2018,12,8,3,3,5,3,0,0,1,0,0,0,0,1,5.67341E+20,5.37049E+21,9.91131E+15,4.8484E+16
161792,8,2,22,0,2018,12,18,2,3,6,4,2,1,0,1,0,0,0,1,4.62119E+20,5.48355E+21,8.47679E+15,4.95034E+16
161793,8,1,28,131,2018,12,6,3,3,7,7,2,0,1,0,0,0,0,1,5.44488E+20,5.50869E+21,9.6173E+15,4.9729E+16
161794,8,3,11,0,2018,12,20,1,3,0,1,2,0,0,0,1,0,0,1,4.1342E+20,5.31552E+21,7.83962E+15,4.79872E+16
161795,8,2,25,109,2018,12,16,3,2,6,6,1,0,1,1,0,0,0,1,5.26331E+20,5.49184E+21,9.36423E+15,4.95786E+16
161796,8,4,21,0,2018,12,17,7,2,6,4,2,0,1,1,0,0,0,0,5.72858E+20,5.36111E+21,9.98433E+15,4.83989E+16
161797,8,1,19,20,2018,12,17,3,3,5,3,2,1,0,0,0,0,1,1,5.19681E+20,5.40668E+21,9.26807E+15,4.88128E+16
161798,8,1,19,8,2018,12,7,3,2,6,4,1,0,1,1,0,0,0,1,5.31444E+20,5.42076E+21,9.42937E+15,4.8939E+16
161799,8,1,17,26,2018,12,8,3,2,6,4,0,0,1,1,0,0,0,1,5.49663E+20,5.39541E+21,9.67507E+15,4.87097E+16
161800,8,1,36,7,2018,12,20,2,2,8,1,2,0,1,0,0,0,0,2,5.70837E+20,5.40025E+21,9.96369E+15,4.87513E+16
161801,8,1,16,77,2018,12,7,3,3,6,7,2,1,0,1,0,0,0,1,5.16022E+20,5.38942E+21,9.21756E+15,4.86577E+16
161802,8,1,15,37,2018,12,7,3,3,6,4,2,0,1,1,0,0,0,1,4.91624E+20,5.38512E+21,8.88634E+15,4.86191E+16
161803,8,1,11,0,2018,12,0,3,3,8,1,2,0,1,0,0,0,0,1,5.08661E+20,5.39941E+21,9.11781E+15,4.87476E+16
161804,8,2,22,0,2018,12,2,7,3,0,4,2,0,0,1,1,0,0,1,4.61857E+20,5.48138E+21,8.47338E+15,4.94839E+16
161805,8,1,11,0,2018,12,19,3,3,6,3,2,0,1,1,0,0,0,0,5.1351E+20,5.40394E+21,9.18393E+15,4.87883E+16
161806,8,2,31,0,2018,12,10,7,3,2,6,0,0,1,0,0,0,0,1,4.79251E+20,5.41537E+21,8.71694E+15,4.88909E+16
161807,8,4,36,96,2018,12,18,2,2,6,1,2,0,1,1,0,0,0,1,5.44259E+20,5.30123E+21,9.59175E+15,4.78629E+16
161808,8,4,21,0,2018,12,16,2,3,2,6,2,0,1,0,0,0,0,1,5.75529E+20,5.365E+21,1.00211E+16,4.84336E+16
161809,8,1,18,11,2018,12,20,2,3,6,2,2,0,1,1,0,0,0,1,5.05466E+20,5.40837E+21,9.07448E+15,4.88283E+16
161810,8,3,11,0,2018,12,17,2,3,3,6,2,0,1,0,0,0,1,1,4.13151E+20,5.31672E+21,7.83577E+15,4.79978E+16
161811,8,3,11,0,2018,12,15,2,3,5,2,0,1,1,0,0,0,0,0,4.09647E+20,5.31645E+21,7.78887E+15,4.79949E+16
161812,8,3,17,96,2018,12,20,2,3,5,3,2,0,1,0,1,0,0,1,4.21746E+20,5.36847E+21,7.9414E+15,4.84645E+16
161813,8,3,11,0,2018,12,7,2,2,0,7,1,1,0,0,0,0,0,1,4.13094E+20,5.31691E+21,7.83497E+15,4.79996E+16
161814,8,1,16,80,2018,12,15,7,3,5,7,0,0,1,0,0,0,1,1,5.22766E+20,5.39532E+21,9.30946E+15,4.87105E+16
161815,8,3,16,56,2018,12,18,2,2,6,4,2,0,1,1,0,0,0,1,4.19312E+20,5.32586E+21,7.91663E+15,4.80809E+16
161816,8,1,11,0,2018,12,17,2,2,6,4,2,1,0,1,0,0,0,0,5.1283E+20,5.39887E+21,9.17451E+15,4.87427E+16
161817,8,3,11,0,2018,12,16,2,3,5,3,1,1,1,0,0,0,0,1,4.12527E+20,5.31772E+21,7.8272E+15,4.80068E+16
161818,8,2,12,0,2018,12,0,1,2,0,5,2,1,1,0,0,0,0,1,4.5545E+20,5.42866E+21,8.3908E+15,4.90092E+16
161819,8,4,17,75,2018,12,21,2,3,5,3,2,0,1,0,0,0,0,1,5.08487E+20,5.33662E+21,9.11417E+15,4.81827E+16
161820,8,2,22,0,2018,12,5,7,3,6,7,2,0,0,1,0,0,1,0,4.61728E+20,5.48318E+21,8.47143E+15,4.95001E+16
161821,8,4,16,41,2018,12,17,2,3,1,6,2,0,1,0,0,0,0,1,5.03235E+20,5.37428E+21,9.04382E+15,4.85216E+16
161822,8,2,21,0,2018,12,2,7,3,0,7,2,1,0,0,0,0,0,0,4.76614E+20,5.47249E+21,8.67765E+15,4.94046E+16
161823,8,2,15,109,2018,12,1,7,3,0,1,2,1,0,0,0,0,0,0,4.61315E+20,5.43421E+21,8.47047E+15,4.90595E+16
161824,8,2,12,0,2018,12,2,7,3,0,7,2,1,0,0,0,0,0,0,4.56868E+20,5.42826E+21,8.41024E+15,4.90057E+16
161825,8,1,19,93,2018,12,8,3,3,0,1,0,1,0,0,0,0,0,2,5.2548E+20,5.40473E+21,9.34694E+15,4.8795E+16
161826,8,1,21,0,2018,12,7,7,3,1,5,2,1,1,0,0,0,0,0,5.18094E+20,5.44394E+21,9.24812E+15,4.9148E+16
161827,8,4,15,53,2018,12,17,2,3,6,2,2,0,1,1,0,0,0,1,5.36351E+20,5.36206E+21,9.49123E+15,4.84106E+16
161828,8,1,19,79,2018,12,22,7,3,6,4,2,0,0,1,0,0,1,1,5.23016E+20,5.40822E+21,9.31359E+15,4.88266E+16
161829,8,3,35,99,2018,12,17,2,3,0,1,2,1,0,0,0,0,0,2,4.95117E+20,5.29862E+21,8.93474E+15,4.7841E+16
161830,8,1,17,43,2018,12,22,7,3,1,1,2,0,1,0,0,0,0,0,5.52308E+20,5.38893E+21,9.71021E+15,4.86513E+16
161831,8,3,35,43,2018,12,7,2,2,4,2,1,1,1,0,0,0,0,1,5.12725E+20,5.27945E+21,9.1695E+15,4.76684E+16
161832,8,1,17,25,2018,12,11,7,1,0,7,0,1,0,0,0,0,1,0,5.57633E+20,5.39015E+21,9.78268E+15,4.86618E+16
161833,8,1,16,20,2018,12,10,7,3,5,3,0,0,1,0,0,0,0,0,5.2669E+20,5.38257E+21,9.36199E+15,4.85957E+16
161834,8,1,16,16,2018,12,12,3,3,2,6,0,0,1,0,1,0,0,1,5.33457E+20,5.38597E+21,9.45403E+15,4.86259E+16
161835,8,1,16,33,2018,12,11,7,3,1,5,0,0,1,0,0,0,0,0,5.33883E+20,5.38748E+21,9.45993E+15,4.86394E+16
161836,8,1,11,0,2018,12,3,7,2,6,4,2,0,1,1,0,0,0,0,5.13216E+20,5.40136E+21,9.17985E+15,4.87651E+16
161837,8,1,18,79,2018,12,15,3,3,2,6,0,0,1,0,0,0,0,0,5.10823E+20,5.42219E+21,9.14783E+15,4.89526E+16
161838,8,1,11,0,2018,12,18,7,3,2,2,2,0,1,0,0,0,0,0,5.13645E+20,5.40701E+21,9.18587E+15,4.88159E+16
161839,8,3,35,75,2018,12,21,2,3,1,5,2,0,1,0,0,0,1,1,4.89693E+20,5.28919E+21,8.86247E+15,4.7756E+16
161840,8,4,36,64,2018,12,12,6,3,0,1,0,1,0,0,0,0,0,0,5.45494E+20,5.29261E+21,9.60736E+15,4.77853E+16
161841,8,4,36,64,2018,12,14,6,3,5,2,0,1,1,0,0,0,0,0,5.45344E+20,5.29307E+21,9.6054E+15,4.77894E+16
161842,8,3,25,53,2018,12,18,2,3,8,1,2,0,1,0,0,0,0,1,4.54194E+20,5.34137E+21,8.38327E+15,4.82239E+16
161843,8,4,36,10,2018,12,7,6,3,5,2,2,0,1,0,0,0,0,0,5.66364E+20,5.30641E+21,9.88807E+15,4.79076E+16
161844,8,4,37,76,2018,12,11,6,2,6,7,0,0,1,1,0,0,0,0,5.26238E+20,5.32241E+21,9.35211E+15,4.80544E+16
161845,8,1,11,0,2018,12,8,3,2,0,1,0,1,0,0,0,0,0,2,5.11035E+20,5.40045E+21,9.15014E+15,4.8757E+16
161846,8,1,16,71,2018,12,0,6,2,6,4,2,0,1,1,0,0,0,0,5.27676E+20,5.391E+21,9.37591E+15,4.86714E+16
161847,8,3,17,145,2018,12,15,2,3,5,3,0,1,1,0,0,0,0,1,4.42251E+20,5.34977E+21,8.22133E+15,4.82985E+16