OBJECTID_1,ULAND,UREGBEZ,UKREIS,UGEMEINDE,UJAHR,UMONAT,USTUNDE,UWOCHENTAG,UKATEGORIE,UART,UTYP1,ULICHTVERH,IstRad,IstPKW,IstFuss,IstKrad,IstGkfz,IstSonstig,STRZUSTAND,LINREFX,LINREFY,XGCSWGS84,YGCSWGS84
161848,8,4,15,61,2018,12,21,6,2,4,2,2,1,1,0,0,0,0,0,5.16136E+20,5.3719E+21,9.21844E+15,4.85E+16
161849,8,4,15,61,2018,12,11,6,3,0,7,0,0,1,0,0,0,0,0,5.13348E+20,5.37709E+21,9.18086E+15,4.85467E+16
161850,8,3,17,96,2018,12,18,2,2,2,6,2,0,1,0,1,0,0,1,4.20991E+20,5.36936E+21,7.93103E+15,4.84724E+16
161851,8,3,35,97,2018,12,11,6,3,8,6,0,1,0,0,0,0,1,0,4.8704E+20,5.29538E+21,8.8269E+15,4.78117E+16
161852,8,4,35,57,2018,12,18,6,3,8,1,2,0,1,0,0,0,0,0,5.44823E+20,5.2767E+21,9.59677E+15,4.76422E+16
161853,8,3,15,50,2018,12,8,2,3,5,3,0,0,1,0,0,0,0,0,3.98903E+20,5.30309E+21,7.64803E+15,4.78732E+16
161854,8,3,35,63,2018,12,6,6,3,5,2,2,1,1,0,0,0,0,0,4.99971E+20,5.28794E+21,8.99961E+15,4.77448E+16
161855,8,2,26,96,2018,12,17,3,3,4,2,2,0,1,0,1,0,0,0,4.7583E+20,5.49003E+21,8.66577E+15,4.95624E+16
161856,8,3,26,60,2018,12,23,6,3,9,1,2,0,1,0,0,0,0,1,4.47375E+20,5.3318E+21,8.29265E+15,4.81373E+16
161857,8,4,21,0,2018,12,17,2,3,3,2,2,0,1,0,0,0,1,0,5.73548E+20,5.36147E+21,9.99371E+15,4.84021E+16
161858,8,3,16,20,2018,12,18,6,3,5,3,2,0,1,0,1,0,0,0,4.08246E+20,5.33767E+21,7.76554E+15,4.81856E+16
161859,8,3,11,0,2018,12,7,2,2,5,3,1,1,1,0,0,0,0,1,4.11677E+20,5.31457E+21,7.81646E+15,4.79783E+16
161860,8,3,15,15,2018,12,16,6,3,3,2,1,1,0,0,0,0,0,0,3.944E+20,5.32039E+21,7.58359E+15,4.8028E+16
161861,8,3,11,0,2018,12,16,6,3,2,1,2,0,1,0,0,0,0,0,4.12942E+20,5.32025E+21,7.83226E+15,4.80296E+16
161862,8,1,25,24,2018,12,15,3,3,9,1,0,0,1,0,0,0,0,1,5.23618E+20,5.44306E+21,9.32381E+15,4.91399E+16
161863,8,3,11,0,2018,12,18,6,3,2,6,2,0,1,0,0,0,0,0,4.114E+20,5.31977E+21,7.81168E+15,4.80251E+16
161864,8,2,15,108,2018,12,20,6,3,5,3,2,0,1,0,0,0,0,0,4.48258E+20,5.42405E+21,8.29305E+15,4.89672E+16
161865,8,2,16,7,2018,12,9,3,3,0,1,0,1,0,0,0,0,0,2,4.36177E+20,5.39373E+21,8.13273E+15,4.86934E+16
161866,8,2,12,0,2018,12,13,6,3,1,5,0,0,1,0,0,0,0,0,4.52585E+20,5.42816E+21,8.35168E+15,4.90045E+16
161867,8,3,11,0,2018,12,8,2,3,0,1,0,1,0,0,0,0,0,1,4.17466E+20,5.31494E+21,7.89394E+15,4.79825E+16
161868,8,2,12,0,2018,12,9,6,3,1,5,0,1,1,0,0,0,0,0,4.5573E+20,5.42839E+21,8.39466E+15,4.90068E+16
161869,8,3,11,0,2018,12,12,2,3,2,6,0,0,1,0,0,0,0,0,4.13156E+20,5.31543E+21,7.8361E+15,4.79862E+16
161870,8,2,31,0,2018,12,18,6,3,5,2,2,0,1,0,1,0,0,0,4.77716E+20,5.41537E+21,8.696E+15,4.88909E+16
161871,8,2,12,0,2018,12,9,2,3,6,7,0,0,0,1,0,1,0,0,4.54013E+20,5.42963E+21,8.37104E+15,4.90178E+16
161872,8,2,26,60,2018,12,22,6,3,6,4,2,0,1,1,0,0,0,0,4.77804E+20,5.46328E+21,8.69457E+15,4.93218E+16
161873,8,2,26,95,2018,12,13,6,3,5,3,0,0,1,0,0,0,0,0,4.74317E+20,5.46104E+21,8.64672E+15,4.93016E+16
161874,8,1,18,54,2018,12,6,3,2,8,1,2,1,0,0,0,0,0,2,5.19204E+20,5.42332E+21,9.26236E+15,4.89625E+16
161875,8,2,26,82,2018,12,13,6,3,5,5,0,1,1,0,0,0,0,0,4.76174E+20,5.4809E+21,8.67108E+15,4.94803E+16
161876,8,2,12,0,2018,12,16,2,3,6,4,1,0,1,1,0,0,0,1,4.56883E+20,5.42773E+21,8.41049E+15,4.9001E+16
161877,8,2,26,96,2018,12,10,6,3,6,4,0,0,1,1,0,0,0,0,4.73896E+20,5.48799E+21,8.63916E+15,4.95439E+16
161878,8,2,21,0,2018,12,7,6,3,5,2,1,0,1,0,0,0,1,0,4.76707E+20,5.47285E+21,8.67891E+15,4.94079E+16
161879,8,2,12,0,2018,12,12,2,3,6,7,0,0,1,1,0,0,0,1,4.61062E+20,5.42755E+21,8.46765E+15,4.89996E+16
161880,8,2,16,28,2018,12,23,6,3,0,2,2,1,1,0,0,0,0,0,4.26697E+20,5.39692E+21,8.00336E+15,4.8721E+16
161881,8,2,12,0,2018,12,17,2,3,1,5,2,0,1,0,0,0,0,1,4.57897E+20,5.42823E+21,8.4243E+15,4.90055E+16
161882,8,2,12,0,2018,12,19,6,2,5,3,2,1,1,0,0,0,0,0,4.55661E+20,5.43146E+21,8.39338E+15,4.90344E+16
161883,8,2,31,0,2018,12,7,2,3,6,4,2,0,1,1,0,0,0,1,4.76112E+20,5.41623E+21,8.67406E+15,4.88986E+16
161884,8,1,26,66,2018,12,19,6,3,5,3,2,0,1,0,1,0,0,1,5.36197E+20,5.44986E+21,9.49688E+15,4.92005E+16
161885,8,1,19,3,2018,12,14,6,3,4,6,0,0,1,0,1,0,0,0,5.35215E+20,5.41752E+21,9.48059E+15,4.89096E+16
161886,8,1,17,30,2018,12,11,3,3,5,3,0,0,1,0,0,1,0,1,5.4758E+20,5.38933E+21,9.64606E+15,4.86552E+16
161887,8,1,17,19,2018,12,19,6,2,5,3,2,0,1,0,0,0,0,0,5.50613E+20,5.39363E+21,9.68778E+15,4.86937E+16
161888,8,2,26,31,2018,12,11,2,3,5,3,0,0,1,0,1,0,0,1,4.74308E+20,5.49378E+21,8.64448E+15,4.9596E+16
161889,8,1,16,78,2018,12,13,6,2,6,4,0,0,1,1,0,0,0,0,5.10223E+20,5.39415E+21,9.13894E+15,4.87003E+16
161890,8,1,15,45,2018,12,21,6,3,6,4,2,0,1,1,0,0,0,0,4.99879E+20,5.39488E+21,8.99836E+15,4.8707E+16
161891,8,2,26,56,2018,12,15,2,3,4,2,0,1,1,0,0,0,0,0,4.8535E+20,5.47138E+21,8.7981E+15,4.93949E+16
161892,8,1,11,0,2018,12,7,6,3,6,6,0,0,0,1,0,0,1,0,5.1175E+20,5.40955E+21,9.16012E+15,4.88388E+16
161893,8,1,11,0,2018,12,15,6,3,5,3,0,0,1,0,0,0,0,0,5.12571E+20,5.40923E+21,9.17131E+15,4.88359E+16
161894,8,2,22,0,2018,12,15,2,3,1,5,0,1,1,0,0,0,0,1,4.62976E+20,5.4783E+21,8.48912E+15,4.94562E+16
161895,8,1,11,0,2018,12,22,6,3,4,6,2,0,1,0,0,0,0,0,5.13439E+20,5.40222E+21,9.18291E+15,4.87729E+16
161896,8,2,26,96,2018,12,13,2,2,8,7,0,0,0,1,0,0,1,1,4.75822E+20,5.48895E+21,8.66573E+15,4.95527E+16
161897,8,4,37,76,2018,12,15,5,3,6,4,0,0,1,1,0,0,0,0,5.24645E+20,5.3218E+21,9.33069E+15,4.8049E+16
161898,8,4,36,82,2018,12,9,5,3,5,3,0,1,1,0,0,0,0,0,5.47896E+20,5.29529E+21,9.63972E+15,4.78092E+16
161899,8,1,15,3,2018,12,8,3,3,5,2,0,1,1,0,0,0,0,0,5.00692E+20,5.39222E+21,9.00941E+15,4.8683E+16
161900,8,4,37,78,2018,12,15,5,3,5,3,0,0,1,0,0,0,0,0,5.08493E+20,5.31551E+21,9.11384E+15,4.79928E+16
161901,8,2,15,66,2018,12,17,2,3,5,3,2,0,1,0,0,0,0,1,4.60581E+20,5.45374E+21,8.45851E+15,4.92351E+16
161902,8,4,16,23,2018,12,7,5,3,0,1,1,1,0,0,0,0,0,1,5.09949E+20,5.37125E+21,9.13467E+15,4.84943E+16
161903,8,4,15,61,2018,12,10,5,2,5,3,0,1,1,0,0,0,0,1,5.15626E+20,5.37239E+21,9.21154E+15,4.85044E+16
161904,8,3,35,43,2018,12,11,5,3,1,6,0,0,1,0,0,0,0,0,5.12293E+20,5.28067E+21,9.16378E+15,4.76793E+16
161905,8,2,21,0,2018,12,15,3,3,5,3,0,1,1,0,0,0,0,1,4.76574E+20,5.46954E+21,8.67727E+15,4.93781E+16
161906,8,3,35,75,2018,12,15,5,3,5,3,0,0,1,0,0,1,0,0,4.90108E+20,5.28918E+21,8.86802E+15,4.77559E+16
161907,8,1,25,74,2018,12,18,2,3,6,4,2,0,1,1,0,0,0,1,5.1022E+20,5.43949E+21,9.14002E+15,4.91081E+16
161908,8,3,35,75,2018,12,12,5,3,5,3,0,0,1,0,1,0,0,0,4.90108E+20,5.28919E+21,8.86802E+15,4.7756E+16
161909,8,4,37,100,2018,12,4,2,3,0,1,2,1,0,0,0,0,0,2,5.37374E+20,5.31839E+21,9.50119E+15,4.80177E+16
161910,8,3,26,74,2018,12,23,5,3,4,2,2,0,1,0,0,0,0,0,4.60383E+20,5.32406E+21,8.46821E+15,4.80685E+16
161911,8,1,21,0,2018,12,7,2,3,1,6,1,0,1,0,0,0,0,1,5.13886E+20,5.44193E+21,9.19035E+15,4.913E+16
161912,8,3,26,55,2018,12,14,5,2,0,7,0,0,0,0,1,0,0,1,4.40209E+20,5.33244E+21,8.19624E+15,4.81424E+16
161913,8,3,25,49,2018,12,17,5,2,6,4,2,0,1,1,0,0,0,1,4.72475E+20,5.33455E+21,8.62984E+15,4.81636E+16
161914,8,3,15,98,2018,12,17,5,3,2,6,2,0,1,0,0,0,0,0,4.07201E+20,5.31223E+21,7.757E+15,4.79567E+16
161915,8,2,12,0,2018,12,8,3,3,0,1,0,1,0,0,0,0,0,2,4.56127E+20,5.42852E+21,8.40008E+15,4.9008E+16
161916,8,3,11,0,2018,12,8,5,3,5,3,0,1,1,0,0,0,0,0,4.14955E+20,5.31803E+21,7.8597E+15,4.80099E+16
161917,8,1,19,20,2018,12,0,2,2,8,1,2,0,1,0,0,0,0,1,5.20947E+20,5.40726E+21,9.28535E+15,4.8818E+16
161918,8,2,12,0,2018,12,12,5,3,6,2,0,0,1,1,0,0,0,0,4.57417E+20,5.42859E+21,8.41771E+15,4.90088E+16
161919,8,1,15,45,2018,12,19,2,3,2,6,2,0,1,0,0,0,0,1,5.0005E+20,5.39639E+21,9.00068E+15,4.87206E+16
161920,8,2,12,0,2018,12,16,5,3,0,7,0,0,1,0,0,0,0,0,4.63915E+20,5.42813E+21,8.5066E+15,4.9005E+16
161921,8,1,15,3,2018,12,12,2,3,1,6,0,0,1,0,0,0,0,1,5.00779E+20,5.39179E+21,9.01059E+15,4.86792E+16
161922,8,2,37,40,2018,12,12,5,3,0,1,0,0,0,0,1,0,0,1,4.76363E+20,5.36551E+21,8.68039E+15,4.84423E+16
161923,8,2,31,0,2018,12,9,5,3,5,3,0,0,1,0,0,0,0,0,4.76437E+20,5.41542E+21,8.67855E+15,4.88913E+16
161924,8,1,15,13,2018,12,7,2,3,0,1,1,1,0,0,0,0,0,1,4.9654E+20,5.39045E+21,8.95301E+15,4.86671E+16
161925,8,2,31,0,2018,12,10,5,3,5,3,0,0,1,0,0,0,0,0,4.78696E+20,5.41615E+21,8.70932E+15,4.8898E+16
161926,8,2,31,0,2018,12,11,5,3,5,3,0,0,1,0,0,0,0,0,4.77307E+20,5.41453E+21,8.69047E+15,4.88834E+16
161927,8,2,26,32,2018,12,5,5,3,1,6,2,0,1,0,0,0,0,0,4.66077E+20,5.46523E+21,8.53302E+15,4.93388E+16
161928,8,1,19,20,2018,12,15,3,3,6,7,0,0,1,1,0,0,0,0,5.20263E+20,5.40615E+21,9.27597E+15,4.8808E+16
161929,8,2,22,0,2018,12,9,5,3,0,1,0,0,0,0,1,0,0,0,4.62315E+20,5.48416E+21,8.47945E+15,4.95089E+16
161930,8,1,11,0,2018,12,13,2,3,6,4,0,0,0,1,0,0,1,0,5.13302E+20,5.40189E+21,9.18103E+15,4.87699E+16
161931,8,2,26,36,2018,12,17,5,3,6,7,2,0,1,1,0,0,0,1,4.68874E+20,5.48043E+21,8.57033E+15,4.94757E+16
161932,8,1,11,0,2018,12,16,2,2,9,7,1,0,1,0,0,0,0,1,5.13556E+20,5.39784E+21,9.18436E+15,4.87334E+16
161933,8,2,22,0,2018,12,19,5,3,5,3,2,0,1,0,0,0,0,0,4.61634E+20,5.48243E+21,8.47021E+15,4.94933E+16
161934,8,1,11,0,2018,12,14,2,3,2,4,0,0,1,1,0,0,0,1,5.07239E+20,5.39858E+21,9.09847E+15,4.87402E+16
161935,8,2,21,0,2018,12,9,5,3,1,5,0,0,1,0,0,0,0,0,4.78508E+20,5.46883E+21,8.70395E+15,4.93718E+16
161936,8,2,21,0,2018,12,16,5,3,3,5,2,1,1,0,0,0,0,0,4.76509E+20,5.47265E+21,8.67619E+15,4.94061E+16
161937,8,1,17,42,2018,12,11,3,1,6,7,0,0,0,1,0,1,0,1,5.53836E+20,5.39374E+21,9.73158E+15,4.86944E+16
161938,8,2,21,0,2018,12,12,5,3,1,6,0,0,1,0,0,0,0,0,4.77139E+20,5.47263E+21,8.68487E+15,4.94059E+16
161939,8,1,11,0,2018,12,10,2,3,0,7,0,1,0,0,0,0,0,2,5.16261E+20,5.39356E+21,9.22097E+15,4.86948E+16
161940,8,1,18,48,2018,12,8,3,3,0,7,0,1,0,0,0,0,0,2,5.13034E+20,5.4173E+21,9.17788E+15,4.89085E+16
161941,8,2,12,0,2018,12,7,5,3,5,7,1,1,1,0,0,0,0,0,4.60698E+20,5.42778E+21,8.46264E+15,4.90016E+16
161942,8,3,36,69,2018,12,12,1,3,2,6,0,0,1,0,0,0,0,1,4.07619E+20,5.26763E+21,7.77208E+15,4.75556E+16
161943,8,1,36,65,2018,12,8,5,3,5,3,0,1,1,0,0,0,0,0,5.60271E+20,5.40501E+21,9.82066E+15,4.87952E+16
161944,8,3,25,11,2018,12,18,1,2,6,2,2,0,1,1,0,0,0,2,4.73924E+20,5.33908E+21,8.64904E+15,4.82044E+16
161945,8,1,36,88,2018,12,16,5,3,2,6,2,0,1,0,0,0,0,1,5.78967E+20,5.40932E+21,1.0076E+16,4.88319E+16
161946,8,2,31,0,2018,12,19,1,3,6,2,2,0,1,1,0,0,0,1,4.78934E+20,5.41534E+21,8.71261E+15,4.88906E+16
161947,8,1,35,20,2018,12,17,5,2,8,1,2,0,1,1,0,0,0,0,5.86287E+20,5.38589E+21,1.01708E+16,4.86201E+16
161948,8,1,19,91,2018,12,7,5,3,5,2,1,0,1,0,1,0,0,0,5.2832E+20,5.40669E+21,9.38575E+15,4.88126E+16
161949,8,1,11,0,2018,12,21,3,3,8,1,2,0,1,0,0,0,0,1,5.15416E+20,5.40645E+21,9.20997E+15,4.88108E+16
161950,8,1,18,76,2018,12,16,5,3,0,7,0,0,0,1,0,0,1,0,5.04681E+20,5.42317E+21,9.06395E+15,4.89614E+16
161951,8,2,31,0,2018,12,20,1,2,5,3,2,0,1,0,0,0,0,1,4.78694E+20,5.41615E+21,8.70931E+15,4.88979E+16
161952,8,1,17,26,2018,12,13,5,2,5,3,0,1,1,0,0,0,0,1,5.4747E+20,5.39541E+21,9.64527E+15,4.87099E+16
161953,8,1,16,78,2018,12,17,5,3,2,6,1,0,1,0,0,0,0,1,5.11004E+20,5.39492E+21,9.14957E+15,4.87072E+16
161954,8,1,16,77,2018,12,17,5,3,2,6,2,1,1,0,0,0,0,1,5.16043E+20,5.38888E+21,9.21782E+15,4.86528E+16
161955,8,1,15,28,2018,12,6,5,3,0,7,2,0,1,0,0,0,0,1,5.00103E+20,5.40422E+21,9.0014E+15,4.87909E+16
161956,8,1,15,53,2018,12,17,5,3,6,4,2,1,0,1,0,0,0,0,4.84155E+20,5.37894E+21,8.78525E+15,4.85634E+16
161957,8,2,26,101,2018,12,20,1,2,6,1,2,0,0,1,0,0,1,1,4.86944E+20,5.46064E+21,8.82042E+15,4.92984E+16
161958,8,1,11,0,2018,12,13,5,3,5,3,0,1,1,0,0,0,0,0,5.18399E+20,5.4059E+21,9.25058E+15,4.88058E+16
161959,8,4,36,55,2018,12,14,4,2,6,4,0,0,1,1,0,0,0,0,5.76089E+20,5.29746E+21,1.00166E+16,4.7826E+16
161960,8,4,35,47,2018,12,17,2,3,0,7,2,0,1,0,0,1,0,1,5.12938E+20,5.29514E+21,9.17281E+15,4.78095E+16
161961,8,4,21,0,2018,12,12,4,3,3,6,0,0,1,0,0,0,1,0,5.7268E+20,5.36072E+21,9.98185E+15,4.83955E+16
161962,8,2,15,17,2018,12,10,1,3,8,1,0,0,0,0,0,0,1,2,4.56388E+20,5.42284E+21,8.40425E+15,4.89569E+16
161963,8,4,25,20,2018,12,12,4,3,5,3,0,0,1,0,0,0,0,1,5.55924E+20,5.36364E+21,9.7559E+15,4.84234E+16
161964,8,3,37,53,2018,12,6,4,3,8,1,1,0,1,0,0,0,0,0,4.535E+20,5.27056E+21,8.38155E+15,4.75868E+16
161965,8,1,17,19,2018,12,11,3,2,8,1,0,0,1,0,0,0,0,2,5.67906E+20,5.39653E+21,9.92321E+15,4.87181E+16
161966,8,3,35,63,2018,12,17,4,2,6,4,2,0,1,1,0,0,0,0,4.97911E+20,5.28724E+21,8.97214E+15,4.77386E+16
161967,8,1,36,88,2018,12,17,1,3,5,3,2,0,1,0,0,0,0,1,5.82524E+20,5.40845E+21,1.01243E+16,4.88235E+16
161968,8,2,16,7,2018,12,7,3,3,0,1,1,1,0,0,0,0,0,2,4.36172E+20,5.39373E+21,8.13265E+15,4.86934E+16
161969,8,4,17,31,2018,12,22,4,2,6,2,2,0,1,1,0,0,0,0,4.97135E+20,5.35468E+21,8.96134E+15,4.83453E+16
161970,8,1,35,21,2018,12,5,1,3,1,7,2,0,1,1,0,0,0,0,5.92971E+20,5.38329E+21,1.02609E+16,4.85958E+16
161971,8,3,16,56,2018,12,7,4,2,5,2,2,1,0,0,0,0,1,0,4.23212E+20,5.32787E+21,7.96862E+15,4.80994E+16
161972,8,1,27,14,2018,12,13,1,3,8,1,0,0,1,0,0,0,0,1,5.77018E+20,5.44423E+21,1.00561E+16,4.9146E+16
161973,8,3,16,9,2018,12,20,4,3,4,6,2,0,1,0,0,0,0,1,4.15372E+20,5.32706E+21,7.8635E+15,4.80912E+16
161974,8,3,16,43,2018,12,11,4,3,1,5,0,0,1,0,0,0,0,0,4.11612E+20,5.33112E+21,7.81218E+15,4.81272E+16
161975,8,3,11,0,2018,12,18,4,3,0,1,2,0,1,0,0,0,0,0,4.13383E+20,5.319E+21,7.83842E+15,4.80184E+16
161976,8,1,19,8,2018,12,11,3,2,0,1,0,1,0,0,0,0,0,2,5.32144E+20,5.42082E+21,9.43894E+15,4.89395E+16
161977,8,2,22,0,2018,12,17,4,2,5,5,2,1,1,0,0,0,0,0,4.64078E+20,5.48343E+21,8.50386E+15,4.95024E+16
161978,8,1,25,65,2018,12,6,1,3,1,5,2,0,1,0,0,0,0,1,5.17166E+20,5.45007E+21,9.23565E+15,4.92032E+16
161979,8,2,16,15,2018,12,14,4,3,1,7,0,0,1,0,0,0,1,0,4.49796E+20,5.40592E+21,8.31629E+15,4.88042E+16
161980,8,1,25,65,2018,12,12,1,3,2,6,0,0,1,0,0,0,0,2,5.17068E+20,5.45001E+21,9.2343E+15,4.92027E+16
161981,8,2,12,0,2018,12,19,4,3,0,1,2,1,0,0,0,0,0,0,4.56729E+20,5.42885E+21,8.40827E+15,4.90111E+16
161982,8,1,25,56,2018,12,18,1,3,5,3,2,0,1,0,0,0,0,1,5.10826E+20,5.43592E+21,9.14823E+15,4.90761E+16
161983,8,2,12,0,2018,12,18,4,3,5,2,2,1,1,0,0,0,0,0,4.57106E+20,5.43003E+21,8.4133E+15,4.90217E+16
161984,8,1,28,131,2018,12,14,4,3,5,3,0,0,1,0,0,0,0,1,5.33258E+20,5.50988E+21,9.46159E+15,4.97405E+16
161985,8,1,25,38,2018,12,17,1,3,6,7,2,0,0,1,0,0,1,2,4.99958E+20,5.43493E+21,8.99942E+15,4.90673E+16
161986,8,1,28,115,2018,12,23,4,3,5,3,2,0,1,0,0,0,0,1,5.4732E+20,5.49709E+21,9.65519E+15,4.96246E+16
161987,8,1,21,0,2018,12,14,1,3,2,6,0,0,1,0,0,0,0,1,5.14481E+20,5.44803E+21,9.19871E+15,4.91849E+16
161988,8,1,21,0,2018,12,21,4,2,0,7,2,0,1,0,0,1,0,0,5.14871E+20,5.44364E+21,9.20391E+15,4.91454E+16
161989,8,1,19,61,2018,12,18,4,2,6,7,2,0,1,1,0,0,0,1,5.3881E+20,5.41412E+21,9.52932E+15,4.88788E+16
161990,8,1,17,26,2018,12,12,3,3,2,6,0,0,1,0,0,0,0,0,5.45395E+20,5.39527E+21,9.61705E+15,4.87088E+16
161991,8,1,17,24,2018,12,11,4,3,0,7,0,1,0,0,0,0,0,1,5.60966E+20,5.38593E+21,9.82731E+15,4.86235E+16
161992,8,1,19,44,2018,12,15,1,1,9,7,0,0,0,0,0,0,1,1,5.40584E+20,5.42324E+21,9.55442E+15,4.89607E+16
161993,8,1,16,70,2018,12,14,4,3,0,7,0,0,0,0,1,0,0,1,5.39837E+20,5.38516E+21,9.54053E+15,4.86182E+16
161994,8,1,16,19,2018,12,17,4,3,0,1,1,0,1,0,1,0,0,1,5.22088E+20,5.40067E+21,9.30054E+15,4.87586E+16
161995,8,1,16,19,2018,12,2,1,3,9,1,2,0,1,0,0,0,0,0,5.217E+20,5.39864E+21,9.29515E+15,4.87404E+16
161996,8,1,16,19,2018,12,17,4,3,6,4,2,0,1,1,0,0,0,0,5.2185E+20,5.39869E+21,9.29719E+15,4.87408E+16
161997,8,1,16,19,2018,12,16,4,3,5,3,2,1,0,0,0,0,1,1,5.22057E+20,5.39881E+21,9.30002E+15,4.8742E+16
161998,8,1,11,0,2018,12,6,3,3,0,1,1,1,0,0,0,0,0,1,5.12557E+20,5.40421E+21,9.17096E+15,4.87908E+16
161999,8,1,16,71,2018,12,4,4,1,0,1,2,1,0,0,0,0,0,1,5.2758E+20,5.39065E+21,9.37458E+15,4.86682E+16
162000,8,1,15,41,2018,12,19,4,3,3,6,2,1,1,0,0,0,0,0,4.95154E+20,5.40243E+21,8.93404E+15,4.87749E+16
162001,8,1,16,47,2018,12,6,3,3,4,2,2,0,1,0,0,0,0,1,5.20063E+20,5.39284E+21,9.2726E+15,4.86883E+16
162002,8,1,15,3,2018,12,13,4,3,1,6,0,0,1,0,0,0,0,0,5.01022E+20,5.39239E+21,9.01389E+15,4.86845E+16
162003,8,1,11,0,2018,12,19,1,3,3,7,2,0,1,0,0,0,1,1,5.18106E+20,5.40279E+21,9.24645E+15,4.87779E+16
162004,8,1,11,0,2018,12,22,4,3,5,3,2,1,1,0,0,0,0,0,5.18704E+20,5.40199E+21,9.25456E+15,4.87706E+16
162005,8,1,11,0,2018,12,9,4,3,1,5,0,0,1,0,0,1,0,0,5.12165E+20,5.40339E+21,9.1656E+15,4.87834E+16
162006,8,4,26,21,2018,12,10,7,3,5,3,0,0,1,0,0,0,1,0,5.58359E+20,5.32583E+21,9.7836E+15,4.8083E+16
162007,8,4,35,16,2018,12,13,3,3,5,3,0,1,1,0,0,0,0,0,5.36476E+20,5.27874E+21,9.48582E+15,4.76611E+16
162008,8,2,22,0,2018,12,7,3,3,3,6,2,1,1,0,0,0,0,0,4.60541E+20,5.48609E+21,8.45475E+15,4.95261E+16
162009,8,4,21,0,2018,12,17,3,3,5,3,2,1,1,0,0,0,0,1,5.72052E+20,5.36046E+21,9.97332E+15,4.83932E+16
162010,8,4,21,0,2018,12,13,7,3,2,6,0,1,1,0,0,0,0,0,5.71056E+20,5.36019E+21,9.95982E+15,4.83909E+16
162011,8,4,21,0,2018,12,20,3,3,5,3,2,1,1,0,0,0,0,1,5.73767E+20,5.3612E+21,9.99662E+15,4.83996E+16
162012,8,4,16,9,2018,12,18,7,3,0,2,2,0,1,0,0,0,0,0,5.07533E+20,5.38386E+21,9.10218E+15,4.86078E+16
162013,8,4,25,33,2018,12,17,3,3,6,7,2,0,1,1,0,0,0,1,5.53955E+20,5.34802E+21,9.72729E+15,4.82831E+16
162014,8,4,15,89,2018,12,15,7,2,5,2,0,0,1,0,0,0,0,1,5.20178E+20,5.3565E+21,9.27241E+15,4.83614E+16
162015,8,4,17,2,2018,12,6,3,3,5,3,2,1,1,0,0,0,0,1,4.88908E+20,5.34865E+21,8.85047E+15,4.82909E+16
162016,8,4,16,36,2018,12,9,3,3,0,7,0,0,0,0,1,0,0,1,4.95226E+20,5.36884E+21,8.93542E+15,4.84727E+16
162017,8,4,15,61,2018,12,16,3,3,6,6,0,0,1,1,0,0,0,0,5.10872E+20,5.36991E+21,9.14712E+15,4.84822E+16
162018,8,2,16,43,2018,12,8,3,3,0,1,0,1,0,0,0,0,0,2,4.41199E+20,5.41371E+21,8.1981E+15,4.88736E+16
162019,8,3,35,63,2018,12,16,3,3,0,7,1,1,0,0,0,0,0,0,4.97675E+20,5.28723E+21,8.96899E+15,4.77384E+16
162020,8,4,15,78,2018,12,18,7,3,6,4,2,0,1,1,0,0,0,0,5.29352E+20,5.37133E+21,9.3973E+15,4.84944E+16
162021,8,3,35,43,2018,12,17,3,3,5,3,2,0,1,0,1,0,0,0,5.13885E+20,5.28044E+21,9.18499E+15,4.76772E+16
162022,8,3,25,61,2018,12,10,7,3,5,3,0,0,1,0,0,0,0,0,4.75302E+20,5.35409E+21,8.66671E+15,4.83395E+16
162023,8,3,26,12,2018,12,6,3,3,4,1,2,0,1,0,0,0,1,2,4.63132E+20,5.31185E+21,8.50615E+15,4.79589E+16
162024,8,3,17,34,2018,12,4,7,2,1,5,2,0,1,0,0,1,0,0,4.27624E+20,5.36222E+21,8.022E+15,4.84089E+16
162025,8,3,17,96,2018,12,12,3,3,4,6,0,1,0,0,0,0,1,0,4.19799E+20,5.37076E+21,7.91464E+15,4.84848E+16
162026,8,3,17,96,2018,12,21,3,3,6,7,2,1,0,1,0,0,0,0,4.21993E+20,5.369E+21,7.94466E+15,4.84693E+16
162027,8,1,18,48,2018,12,12,3,3,5,3,0,0,1,0,1,0,0,0,5.13695E+20,5.41646E+21,9.18686E+15,4.8901E+16
162028,8,3,16,9,2018,12,14,3,3,5,3,0,1,1,0,0,0,0,0,4.16804E+20,5.32466E+21,7.88319E+15,4.80698E+16
162029,8,3,11,0,2018,12,12,3,2,1,6,0,1,1,0,0,0,0,0,4.17001E+20,5.31468E+21,7.88776E+15,4.79801E+16
162030,8,1,25,49,2018,12,17,3,2,6,7,2,0,1,1,0,0,0,1,4.98983E+20,5.44812E+21,8.98605E+15,4.91858E+16
162031,8,3,36,91,2018,12,7,3,3,6,4,2,0,1,1,0,0,0,1,3.96072E+20,5.27174E+21,7.61767E+15,4.75907E+16
162032,8,3,11,0,2018,12,17,7,3,8,7,2,0,1,0,0,0,0,0,4.14759E+20,5.31647E+21,7.85738E+15,4.79959E+16