OBJECTID_1,ULAND,UREGBEZ,UKREIS,UGEMEINDE,UJAHR,UMONAT,USTUNDE,UWOCHENTAG,UKATEGORIE,UART,UTYP1,ULICHTVERH,IstRad,IstPKW,IstFuss,IstKrad,IstGkfz,IstSonstig,STRZUSTAND,LINREFX,LINREFY,XGCSWGS84,YGCSWGS84
162404,12,0,72,232,2018,2,7,5,3,5,2,1,1,1,0,0,0,0,1,7.86053E+20,5.77921E+21,1.3176E+16,5.20893E+16
162405,12,0,54,0,2018,1,17,4,3,5,3,2,0,1,0,0,0,0,1,7.80445E+20,5.81298E+21,1.31224E+16,5.2395E+16
162406,12,0,72,232,2018,2,11,5,3,5,7,0,1,0,0,0,0,0,0,7.84612E+20,5.78022E+21,1.31559E+16,5.20992E+16
162407,12,0,66,304,2018,1,13,4,3,5,3,0,1,1,0,0,0,0,0,8.47053E+20,5.71987E+21,1.40038E+16,5.1523E+16
162408,12,0,69,304,2018,2,12,5,3,1,7,0,0,1,0,0,0,0,0,7.86067E+20,5.81358E+21,1.32053E+16,5.23975E+16
162409,12,0,71,408,2018,1,16,4,2,5,5,1,1,1,0,0,0,0,1,8.58387E+20,5.72692E+21,1.41737E+16,5.15791E+16
162410,12,0,61,444,2018,2,14,5,3,5,3,0,0,1,0,0,0,0,0,8.12519E+20,5.81123E+21,1.35907E+16,5.23621E+16
162411,12,0,71,32,2018,1,7,4,3,8,1,0,0,1,0,0,0,0,2,8.64979E+20,5.74975E+21,1.42923E+16,5.17793E+16
162412,12,0,73,532,2018,1,9,4,2,0,7,0,1,0,0,0,0,0,2,8.52475E+20,5.89274E+21,1.42624E+16,5.30676E+16
162413,12,0,73,532,2018,2,17,5,3,5,3,2,1,1,0,0,0,0,0,8.52844E+20,5.89243E+21,1.42676E+16,5.30645E+16
162414,12,0,60,198,2018,1,8,4,3,8,1,0,0,1,0,0,0,0,2,8.0187E+20,5.86929E+21,1.34878E+16,5.28884E+16
162415,12,0,67,201,2018,2,20,5,3,1,7,2,0,1,0,0,0,0,0,8.27129E+20,5.81481E+21,1.3808E+16,5.23856E+16
162416,12,0,60,181,2018,1,7,4,3,0,1,2,0,0,0,1,0,0,1,8.06183E+20,5.84479E+21,1.35288E+16,5.26664E+16
162417,12,0,67,144,2018,2,18,5,3,6,2,0,0,1,1,0,0,0,0,8.44381E+20,5.81409E+21,1.40598E+16,5.23686E+16
162418,12,0,64,380,2018,1,14,4,3,1,5,0,1,0,0,0,0,1,1,8.23208E+20,5.82943E+21,1.37647E+16,5.25189E+16
162419,12,0,70,296,2018,2,11,5,3,2,6,0,0,1,0,0,0,0,0,6.92341E+20,5.88499E+21,1.18717E+16,5.30797E+16
162420,12,0,68,477,2018,2,20,5,3,6,7,2,0,0,1,0,0,1,0,7.32748E+20,5.86656E+21,1.24606E+16,5.28982E+16
162421,12,0,64,136,2018,1,8,4,3,8,2,0,0,1,0,0,0,0,2,8.22925E+20,5.82829E+21,1.37595E+16,5.25089E+16
162422,12,0,72,232,2018,1,7,4,3,4,6,1,1,0,0,0,0,1,0,7.84981E+20,5.77818E+21,1.31596E+16,5.20807E+16
162423,12,0,64,227,2018,1,14,4,3,4,2,0,0,1,0,0,1,0,1,8.1594E+20,5.82526E+21,1.3654E+16,5.24858E+16
162424,12,0,72,232,2018,1,18,4,2,6,4,2,0,0,1,0,0,1,1,7.85973E+20,5.77911E+21,1.31748E+16,5.20885E+16
162425,12,0,64,472,2018,1,16,4,3,0,7,1,1,0,0,0,0,0,1,8.29842E+20,5.83482E+21,1.38675E+16,5.25632E+16
162426,12,0,63,56,2018,1,9,4,2,8,1,0,0,1,0,0,0,0,0,7.77149E+20,5.82872E+21,1.30872E+16,5.25379E+16
162427,12,0,67,144,2018,1,7,4,3,8,1,1,0,1,0,0,0,0,2,8.43795E+20,5.81469E+21,1.40518E+16,5.23743E+16
162428,12,0,54,0,2018,1,17,4,3,6,4,2,0,1,1,0,0,0,1,7.75878E+20,5.81344E+21,1.30558E+16,5.24015E+16
162429,12,0,61,112,2018,1,10,4,3,5,3,0,0,1,0,0,0,0,1,8.14197E+20,5.81304E+21,1.36169E+16,5.23773E+16
162430,12,0,67,144,2018,1,7,4,2,0,7,1,1,0,0,0,0,0,2,8.45093E+20,5.81089E+21,1.40669E+16,5.23395E+16
162431,12,0,71,160,2018,1,13,4,3,4,6,0,0,1,0,0,0,0,1,8.92852E+20,5.7714E+21,1.47189E+16,5.19541E+16
162432,12,0,54,0,2018,1,8,3,3,2,6,0,0,1,0,0,0,0,0,7.75711E+20,5.81303E+21,1.3053E+16,5.23979E+16
162433,12,0,67,544,2018,1,12,4,3,5,3,0,0,1,0,0,0,0,1,8.22592E+20,5.82211E+21,1.37486E+16,5.24536E+16
162434,12,0,72,426,2018,1,7,3,3,1,5,0,1,1,0,0,0,0,0,7.88738E+20,5.79361E+21,1.32273E+16,5.22171E+16
162435,12,0,71,160,2018,1,7,3,3,5,3,0,1,1,0,0,0,0,0,8.92519E+20,5.77123E+21,1.47139E+16,5.19528E+16
162436,12,0,72,232,2018,1,19,3,3,5,3,2,1,1,0,0,0,0,0,7.83891E+20,5.77788E+21,1.31434E+16,5.20785E+16
162437,12,0,73,532,2018,1,16,3,2,5,3,1,0,0,0,0,1,1,0,8.48485E+20,5.89633E+21,1.4207E+16,5.31023E+16
162438,12,0,63,252,2018,1,13,3,2,6,4,0,0,1,1,0,0,0,0,7.2728E+20,5.83291E+21,1.23561E+16,5.25986E+16
162439,12,0,70,296,2018,1,17,3,2,6,2,2,0,1,1,0,0,0,0,6.92205E+20,5.88402E+21,1.18691E+16,5.30711E+16
162440,12,0,67,36,2018,1,10,3,3,0,7,0,1,0,0,0,0,0,0,8.58706E+20,5.79326E+21,1.42472E+16,5.21729E+16
162441,12,0,72,169,2018,1,11,2,3,5,3,0,0,1,0,0,0,0,0,7.77947E+20,5.76868E+21,1.30495E+16,5.19991E+16
162442,12,0,67,357,2018,1,17,3,3,3,6,1,1,1,0,0,0,0,0,8.85835E+20,5.78637E+21,1.46342E+16,5.2093E+16
162443,12,0,72,232,2018,1,9,2,3,5,3,0,1,1,0,0,0,0,0,7.84676E+20,5.77979E+21,1.31565E+16,5.20953E+16
162444,12,0,67,120,2018,1,16,3,3,5,3,0,1,1,0,0,0,0,0,8.87057E+20,5.7925E+21,1.46589E+16,5.2147E+16
162445,12,0,63,252,2018,1,9,2,3,0,3,0,1,1,0,0,0,0,0,7.26556E+20,5.83419E+21,1.23463E+16,5.26104E+16
162446,12,0,63,357,2018,1,18,2,3,5,2,2,1,1,0,0,0,0,0,7.70457E+20,5.82849E+21,1.29885E+16,5.25392E+16
162447,12,0,63,80,2018,1,9,2,3,2,2,0,0,1,0,0,0,0,0,7.76982E+20,5.83147E+21,1.3087E+16,5.25626E+16
162448,12,0,63,80,2018,1,16,2,3,5,3,1,0,1,0,0,1,0,1,7.74214E+20,5.83084E+21,1.30457E+16,5.25584E+16
162449,12,0,54,0,2018,1,17,2,3,5,2,2,1,1,0,0,0,0,0,7.76274E+20,5.81262E+21,1.3061E+16,5.23939E+16
162450,12,0,51,0,2018,1,18,2,2,6,4,1,1,0,1,0,0,0,1,7.41977E+20,5.81206E+21,1.25575E+16,5.24052E+16
162451,12,0,54,0,2018,1,2,2,3,4,6,2,0,1,0,0,0,0,0,7.75583E+20,5.81717E+21,1.30546E+16,5.24351E+16
162452,12,0,66,176,2018,1,9,2,3,1,6,0,0,1,0,0,0,0,0,8.29897E+20,5.71561E+21,1.37534E+16,5.14951E+16
162453,12,0,73,532,2018,1,11,2,3,4,2,0,1,1,0,0,0,0,0,8.52417E+20,5.89187E+21,1.42606E+16,5.30598E+16
162454,12,0,61,540,2018,1,7,2,3,6,4,1,0,1,1,0,0,0,1,8.1504E+20,5.80724E+21,1.36238E+16,5.23248E+16
162455,12,0,73,532,2018,1,7,2,3,5,3,1,0,1,0,0,0,0,0,8.51919E+20,5.89222E+21,1.42536E+16,5.30632E+16
162456,12,0,52,0,2018,1,20,1,3,5,3,2,0,1,0,0,0,0,1,8.67728E+20,5.74259E+21,1.43244E+16,5.17134E+16
162457,12,0,73,532,2018,1,14,2,3,5,3,0,0,1,0,0,0,0,0,8.54654E+20,5.89189E+21,1.42939E+16,5.30585E+16
162458,12,0,64,336,2018,1,3,1,2,5,3,2,1,1,0,0,0,0,1,8.17555E+20,5.82948E+21,1.36817E+16,5.25227E+16
162459,12,0,67,120,2018,1,10,2,3,8,1,0,0,1,0,0,0,0,2,8.85056E+20,5.79393E+21,1.46314E+16,5.21611E+16
162460,12,0,69,616,2018,1,14,7,2,6,4,0,1,0,1,0,0,0,0,7.89388E+20,5.81452E+21,1.32548E+16,5.24043E+16
162461,12,0,67,120,2018,1,5,2,3,5,3,2,0,1,0,0,0,0,2,8.85064E+20,5.79394E+21,1.46315E+16,5.21613E+16
162462,12,0,73,532,2018,1,17,7,2,0,7,2,1,0,0,0,0,0,1,8.53794E+20,5.89322E+21,1.42826E+16,5.30709E+16
162463,12,0,60,181,2018,1,14,7,3,5,3,0,1,1,0,0,0,0,1,8.06567E+20,5.84396E+21,1.35337E+16,5.26587E+16
162464,12,0,67,124,2018,1,8,2,3,6,7,0,0,1,1,0,0,0,0,8.23323E+20,5.81805E+21,1.37554E+16,5.24169E+16
162465,12,0,72,232,2018,1,7,6,3,5,3,2,0,1,0,1,0,0,1,7.84651E+20,5.77903E+21,1.31555E+16,5.20885E+16
162466,12,0,68,181,2018,1,12,2,3,9,1,0,0,0,0,0,0,1,0,7.27468E+20,5.88598E+21,1.23959E+16,5.30748E+16
162467,12,0,72,232,2018,1,6,6,2,6,4,2,0,1,1,0,0,0,1,7.85863E+20,5.77899E+21,1.31731E+16,5.20875E+16
162468,12,0,65,256,2018,1,9,7,3,6,7,0,0,0,1,0,0,1,0,7.86618E+20,5.85344E+21,1.32479E+16,5.27546E+16
162469,12,0,63,80,2018,1,10,6,3,5,3,0,1,1,0,0,0,0,0,7.77365E+20,5.8309E+21,1.30922E+16,5.25573E+16
162470,12,0,66,112,2018,1,12,6,3,5,3,0,1,1,0,0,0,0,0,8.47045E+20,5.72701E+21,1.40107E+16,5.1587E+16
162471,12,0,51,0,2018,1,7,6,3,5,2,1,1,1,0,0,0,0,0,7.3915E+20,5.81417E+21,1.25176E+16,5.24253E+16
162472,12,0,66,196,2018,1,14,6,3,9,7,0,1,0,1,0,0,0,0,8.41246E+20,5.75724E+21,1.39569E+16,5.18613E+16
162473,12,0,62,92,2018,1,7,6,3,6,4,1,0,1,1,0,0,0,1,8.16654E+20,5.72954E+21,1.35758E+16,5.16276E+16
162474,12,0,61,260,2018,1,13,6,3,5,3,0,1,1,0,0,0,0,0,8.17036E+20,5.80441E+21,1.36504E+16,5.22983E+16
162475,12,0,65,256,2018,1,17,6,2,6,7,2,0,1,1,0,0,0,0,7.86378E+20,5.85417E+21,1.32449E+16,5.27613E+16
162476,12,0,62,24,2018,1,16,6,3,6,7,0,1,0,1,0,0,0,0,8.04707E+20,5.71638E+21,1.33923E+16,5.15162E+16
162477,12,0,52,0,2018,1,15,6,3,5,3,0,1,1,0,0,0,0,1,8.68939E+20,5.74262E+21,1.43419E+16,5.17128E+16
162478,12,0,68,324,2018,1,13,6,2,0,1,0,1,0,0,0,0,0,0,7.31443E+20,5.86167E+21,1.24377E+16,5.2855E+16
162479,12,0,60,181,2018,1,11,6,3,2,6,0,0,1,0,0,0,0,1,8.07043E+20,5.84362E+21,1.35404E+16,5.26554E+16
162480,12,0,68,320,2018,1,18,6,3,2,6,2,0,1,0,0,0,0,1,7.54663E+20,5.86969E+21,1.27881E+16,5.29164E+16
162481,12,0,60,181,2018,1,7,6,3,4,2,2,1,1,0,0,0,0,1,8.06267E+20,5.84462E+21,1.35299E+16,5.26648E+16
162482,12,0,72,169,2018,1,15,5,3,2,5,1,0,1,0,0,0,0,1,7.80573E+20,5.7681E+21,1.30871E+16,5.19925E+16
162483,12,0,60,181,2018,1,9,6,3,5,3,0,1,1,0,0,0,0,1,8.06316E+20,5.84421E+21,1.35302E+16,5.26612E+16
162484,12,0,64,472,2018,1,7,6,3,6,7,1,1,0,1,0,0,0,0,8.31309E+20,5.83633E+21,1.38906E+16,5.25759E+16
162485,12,0,54,0,2018,1,12,5,3,5,2,0,1,0,0,0,0,1,1,7.79259E+20,5.812E+21,1.31042E+16,5.23869E+16
162486,12,0,54,0,2018,1,18,5,3,5,2,1,0,1,0,1,0,0,1,7.76829E+20,5.81222E+21,1.30688E+16,5.23901E+16
162487,12,0,54,0,2018,1,17,5,3,6,4,2,1,0,1,0,0,0,0,7.73467E+20,5.81128E+21,1.30187E+16,5.23834E+16
162488,12,0,54,0,2018,1,7,5,3,6,4,0,0,1,1,0,0,0,0,7.7896E+20,5.80993E+21,1.30981E+16,5.23685E+16
162489,12,0,71,160,2018,1,16,5,2,5,3,2,1,1,0,0,0,0,1,8.91665E+20,5.77019E+21,1.47004E+16,5.19442E+16
162490,12,0,66,320,2018,1,15,5,3,4,1,0,0,1,0,0,0,1,1,8.46265E+20,5.74298E+21,1.40153E+16,5.17306E+16
162491,12,0,52,0,2018,1,10,5,2,2,6,0,0,1,0,0,0,0,1,8.67662E+20,5.74605E+21,1.43271E+16,5.17444E+16
162492,12,0,66,196,2018,1,9,5,3,6,1,0,1,0,1,0,0,0,0,8.40917E+20,5.75706E+21,1.3952E+16,5.18599E+16
162493,12,0,73,452,2018,1,7,5,2,3,6,2,1,1,0,0,0,0,0,8.23815E+20,5.92115E+21,1.38651E+16,5.33401E+16
162494,12,0,52,0,2018,1,17,5,3,5,3,2,0,1,0,0,0,0,0,8.67383E+20,5.74659E+21,1.43236E+16,5.17494E+16
162495,12,0,67,544,2018,1,9,5,3,5,7,0,1,1,0,0,0,0,1,8.22918E+20,5.82193E+21,1.37532E+16,5.24519E+16
162496,12,0,73,32,2018,1,14,5,3,0,7,0,0,1,0,1,0,0,1,8.48722E+20,5.89135E+21,1.42052E+16,5.30576E+16
162497,12,0,65,136,2018,1,13,5,3,5,3,0,1,1,0,0,0,0,1,7.84184E+20,5.84121E+21,1.32013E+16,5.26462E+16
162498,12,0,60,269,2018,1,7,5,3,2,2,1,0,1,0,0,0,0,1,8.00201E+20,5.85178E+21,1.3447E+16,5.27324E+16
162499,12,0,63,80,2018,1,8,4,3,5,2,1,0,1,0,0,0,1,1,7.76452E+20,5.83117E+21,1.30789E+16,5.25602E+16
162500,12,0,60,269,2018,1,7,5,3,4,2,2,1,1,0,0,0,0,0,7.99321E+20,5.84966E+21,1.34321E+16,5.27139E+16
162501,12,0,51,0,2018,1,17,4,2,5,3,2,0,1,0,1,0,0,1,7.32089E+20,5.81081E+21,1.24116E+16,5.23983E+16
162502,12,0,61,260,2018,1,9,4,3,6,2,0,0,1,1,0,0,0,1,8.15029E+20,5.80361E+21,1.36203E+16,5.22924E+16
162503,12,0,65,332,2018,1,16,5,3,5,3,0,1,1,0,0,0,0,0,7.82177E+20,5.84557E+21,1.31755E+16,5.26864E+16
162504,12,0,62,140,2018,1,17,4,3,5,3,2,1,1,0,0,0,0,1,8.25977E+20,5.72941E+21,1.37099E+16,5.16211E+16
162505,12,0,69,304,2018,1,17,4,3,5,3,2,1,0,0,0,0,0,0,7.87373E+20,5.81449E+21,1.32252E+16,5.2405E+16
162506,12,0,65,100,2018,1,10,4,3,1,5,0,0,1,0,0,0,0,1,7.78122E+20,5.88023E+21,1.31452E+16,5.29993E+16
162507,12,0,54,0,2018,1,9,4,2,5,2,0,0,1,0,1,0,0,1,7.73E+20,5.81378E+21,1.30139E+16,5.2406E+16
162508,12,0,68,320,2018,1,13,4,3,0,7,0,0,0,1,0,0,1,1,7.55367E+20,5.86989E+21,1.27987E+16,5.29179E+16
162509,12,0,66,196,2018,1,14,4,2,1,5,0,1,1,0,0,0,0,0,8.41659E+20,5.75795E+21,1.39636E+16,5.18675E+16
162510,12,0,68,320,2018,1,14,4,3,6,7,0,0,0,1,1,0,0,0,7.53597E+20,5.88489E+21,1.27842E+16,5.30532E+16
162511,12,0,61,260,2018,1,8,4,3,5,3,0,0,1,0,0,0,0,1,8.15794E+20,5.80073E+21,1.36288E+16,5.2266E+16
162512,12,0,63,357,2018,1,18,3,2,5,3,2,0,1,0,1,0,0,1,7.71043E+20,5.82859E+21,1.29973E+16,5.25398E+16
162513,12,0,62,140,2018,1,10,4,3,6,6,0,0,1,1,0,0,0,0,8.2456E+20,5.7311E+21,1.36911E+16,5.1637E+16
162514,12,0,63,357,2018,1,23,3,3,5,7,2,0,0,0,0,1,1,0,7.69547E+20,5.83044E+21,1.29767E+16,5.25571E+16
162515,12,0,52,0,2018,1,16,4,3,1,6,1,0,1,0,0,0,0,0,8.68165E+20,5.74839E+21,1.43368E+16,5.1765E+16
162516,12,0,66,196,2018,1,15,3,2,5,3,0,1,1,0,0,0,0,1,8.40163E+20,5.7573E+21,1.39413E+16,5.18625E+16
162517,12,0,53,0,2018,1,17,4,3,5,3,1,0,1,0,0,0,0,0,8.75743E+20,5.81208E+21,1.45161E+16,5.23301E+16
162518,12,0,67,120,2018,1,15,4,2,2,2,0,0,1,0,0,0,0,0,8.87132E+20,5.7918E+21,1.46592E+16,5.21407E+16
162519,12,0,66,304,2018,1,17,3,3,5,3,2,0,1,0,0,0,0,1,8.46807E+20,5.71907E+21,1.39995E+16,5.1516E+16
162520,12,0,65,136,2018,1,10,4,3,3,2,0,1,0,0,0,0,0,0,7.84186E+20,5.84141E+21,1.32015E+16,5.26481E+16
162521,12,0,66,304,2018,1,13,3,3,5,3,0,0,1,0,0,0,0,1,8.47075E+20,5.71985E+21,1.40041E+16,5.15228E+16
162522,12,0,67,120,2018,1,13,3,3,0,7,0,0,0,0,1,0,0,1,8.85262E+20,5.79298E+21,1.46333E+16,5.21526E+16
162523,12,0,72,240,2018,1,10,3,3,6,4,0,0,1,1,0,0,0,1,7.89594E+20,5.80354E+21,1.32484E+16,5.23057E+16
162524,12,0,67,481,2018,1,18,3,3,5,3,2,1,1,0,0,0,0,1,8.36223E+20,5.80051E+21,1.39268E+16,5.2252E+16
162525,12,0,63,208,2018,1,11,3,3,5,2,0,1,0,0,0,0,1,1,7.62629E+20,5.83582E+21,1.28792E+16,5.26088E+16
162526,12,0,67,144,2018,1,15,3,3,6,7,0,0,1,1,0,0,0,1,8.44602E+20,5.81307E+21,1.40619E+16,5.23593E+16
162527,12,0,69,616,2018,1,21,3,3,0,1,2,1,0,0,0,0,0,1,7.89243E+20,5.81403E+21,1.32522E+16,5.24E+16
162528,12,0,65,180,2018,1,14,3,3,0,6,0,1,1,0,0,0,0,0,7.83513E+20,5.85029E+21,1.31992E+16,5.27281E+16
162529,12,0,54,0,2018,1,12,3,3,6,4,0,1,0,1,0,0,0,0,7.76007E+20,5.81364E+21,1.30579E+16,5.24032E+16
162530,8,4,26,21,2018,12,10,2,3,6,4,0,0,1,1,0,0,0,1,5.58668E+20,5.32749E+21,9.78797E+15,4.8098E+16
162531,12,0,61,572,2018,1,7,3,3,5,3,1,0,1,0,0,0,0,1,8.14945E+20,5.81082E+21,1.36258E+16,5.2357E+16
162532,8,3,36,105,2018,12,23,2,3,4,1,2,0,1,0,0,0,0,0,3.98145E+20,5.26756E+21,7.64621E+15,4.75535E+16
162533,12,0,61,260,2018,1,16,3,3,5,2,2,1,1,0,0,0,0,0,8.15293E+20,5.80409E+21,1.36246E+16,5.22964E+16
162534,8,3,17,65,2018,12,12,2,3,0,6,0,0,0,0,1,0,0,1,4.14685E+20,5.35443E+21,7.84877E+15,4.83373E+16
162535,8,3,11,0,2018,12,15,2,3,0,1,0,1,1,0,0,0,0,1,4.09694E+20,5.317E+21,7.78938E+15,4.79999E+16
162536,12,0,73,393,2018,1,8,3,2,4,6,0,0,1,0,0,0,0,2,8.58752E+20,5.91989E+21,1.43862E+16,5.33064E+16
162537,8,2,35,65,2018,12,12,2,2,6,4,0,0,1,1,0,0,0,1,4.73914E+20,5.40383E+21,8.64486E+15,4.87869E+16
162538,12,0,65,256,2018,1,17,3,2,5,2,2,1,1,0,0,0,0,1,7.86924E+20,5.8519E+21,1.3251E+16,5.27407E+16
162539,8,2,15,66,2018,12,6,2,3,5,3,2,0,1,0,0,0,0,1,4.60505E+20,5.45361E+21,8.45747E+15,4.9234E+16
162540,12,0,72,2,2018,1,6,2,3,6,4,2,0,1,1,0,0,0,0,7.99526E+20,5.78162E+21,1.33742E+16,5.21039E+16
162541,12,0,72,240,2018,1,11,2,3,2,5,0,0,0,0,0,0,1,0,7.90565E+20,5.80443E+21,1.32633E+16,5.23132E+16
162542,8,2,15,9,2018,12,10,2,3,0,7,0,1,0,0,0,0,1,0,4.71799E+20,5.44107E+21,8.61349E+15,4.91218E+16
162543,12,0,63,80,2018,1,19,2,3,5,3,1,0,1,0,0,0,0,1,7.77143E+20,5.83067E+21,1.30887E+16,5.25553E+16
162544,8,2,15,105,2018,12,14,2,3,5,3,0,0,1,0,0,0,0,1,4.57372E+20,5.44196E+21,8.41568E+15,4.9129E+16
162545,12,0,54,0,2018,1,16,2,3,5,2,1,1,1,0,0,0,0,1,7.78266E+20,5.8123E+21,1.30899E+16,5.23901E+16
162546,8,1,36,65,2018,12,13,2,3,2,1,0,0,1,0,0,0,0,1,5.62327E+20,5.40521E+21,9.84869E+15,4.87967E+16
162547,12,0,66,285,2018,1,15,2,2,8,7,0,0,1,0,0,0,0,0,8.37827E+20,5.72054E+21,1.3872E+16,5.15346E+16
162548,8,2,31,0,2018,12,16,1,3,0,7,1,0,0,0,0,0,1,0,4.78354E+20,5.41602E+21,8.70466E+15,4.88967E+16
162549,12,0,62,124,2018,1,17,2,3,4,2,2,1,1,0,0,0,0,1,8.14096E+20,5.71062E+21,1.35221E+16,5.14594E+16
162550,8,2,22,0,2018,12,14,1,3,1,3,0,0,1,0,0,0,0,0,4.68233E+20,5.47885E+21,8.56162E+15,4.94615E+16
162551,12,0,70,316,2018,1,17,2,2,6,7,2,0,1,1,0,0,0,1,7.1269E+20,5.89439E+21,1.21812E+16,5.31564E+16
162552,8,2,22,0,2018,12,0,1,3,5,3,2,0,1,0,0,0,0,1,4.6432E+20,5.48374E+21,8.50718E+15,4.95052E+16
162553,12,0,70,424,2018,1,11,2,3,5,3,0,1,1,0,0,0,0,1,6.84418E+20,5.87551E+21,1.17481E+16,5.29973E+16
162554,8,2,21,0,2018,12,22,1,3,6,2,2,0,1,1,0,0,0,1,4.76246E+20,5.47287E+21,8.67256E+15,4.94081E+16
162555,12,0,63,56,2018,1,8,1,3,8,7,0,0,1,0,0,0,0,1,7.74229E+20,5.82875E+21,1.30442E+16,5.25396E+16
162556,12,0,66,112,2018,1,16,1,3,5,3,0,0,1,0,0,0,0,1,8.46806E+20,5.72679E+21,1.40071E+16,5.15852E+16
162557,8,2,26,98,2018,12,19,1,3,5,3,2,0,1,0,0,0,0,0,4.76612E+20,5.45938E+21,8.67839E+15,4.92867E+16
162558,12,0,61,112,2018,1,15,1,3,5,3,0,0,1,0,0,0,0,0,8.14615E+20,5.81198E+21,1.36221E+16,5.23676E+16
162559,8,1,16,19,2018,12,22,1,3,2,6,2,0,1,0,0,0,0,1,5.22501E+20,5.39826E+21,9.30602E+15,4.8737E+16
162560,12,0,73,572,2018,1,11,1,3,2,7,0,0,1,0,0,0,0,1,8.02996E+20,5.89322E+21,1.35269E+16,5.31022E+16
162561,8,4,36,49,2018,12,1,7,3,8,1,2,0,1,0,0,0,0,2,5.77769E+20,5.28241E+21,1.00364E+16,4.76904E+16
162562,12,0,70,424,2018,1,10,1,2,5,3,0,1,1,0,0,0,0,1,6.85009E+20,5.87662E+21,1.17575E+16,5.30071E+16
162563,8,4,17,2,2018,12,0,7,3,0,1,2,0,0,0,1,0,0,0,4.88012E+20,5.34493E+21,8.83849E+15,4.82575E+16
162564,12,0,63,273,2018,1,11,7,3,5,3,0,1,1,0,0,0,0,0,7.79629E+20,5.83577E+21,1.31296E+16,5.25998E+16
162565,8,4,15,61,2018,12,1,7,3,8,1,2,0,1,0,0,0,0,2,5.11199E+20,5.36902E+21,9.15152E+15,4.84742E+16
162566,12,0,54,0,2018,1,13,7,3,5,2,0,1,1,0,0,0,0,0,7.78262E+20,5.8123E+21,1.30898E+16,5.23901E+16
162567,8,4,15,61,2018,12,20,7,3,2,2,2,0,1,0,0,0,0,1,5.14238E+20,5.37174E+21,9.19273E+15,4.84986E+16
162568,8,4,15,73,2018,12,16,7,3,0,7,1,1,0,0,0,0,0,1,5.17825E+20,5.3501E+21,9.24037E+15,4.83038E+16
162569,12,0,54,0,2018,1,21,7,3,8,1,2,0,1,0,0,0,0,0,7.75411E+20,5.8144E+21,1.30498E+16,5.24104E+16
162570,8,3,37,126,2018,12,18,7,3,1,6,2,0,1,0,0,0,0,0,4.40313E+20,5.2748E+21,8.20561E+15,4.76238E+16
162571,12,0,63,80,2018,1,6,6,3,5,3,2,1,1,0,0,0,0,0,7.7816E+20,5.83244E+21,1.31051E+16,5.25708E+16
162572,8,2,12,0,2018,12,13,7,2,6,4,0,0,1,1,0,0,0,0,4.53209E+20,5.42889E+21,8.36014E+15,4.90111E+16
162573,12,0,61,433,2018,1,15,6,2,8,1,0,0,1,0,0,0,0,1,8.07535E+20,5.81115E+21,1.35176E+16,5.23641E+16
162574,8,2,31,0,2018,12,12,7,3,5,2,0,0,1,0,0,0,0,0,4.76113E+20,5.41631E+21,8.67407E+15,4.88993E+16
162575,12,0,66,304,2018,1,10,6,3,5,3,0,0,1,0,0,0,0,0,8.4665E+20,5.72004E+21,1.39982E+16,5.15248E+16
162576,12,0,61,260,2018,1,7,6,3,5,3,1,1,1,0,0,0,0,1,8.14948E+20,5.80353E+21,1.3619E+16,5.22917E+16
162577,8,2,22,0,2018,12,9,7,3,5,3,0,0,1,0,0,0,0,0,4.65947E+20,5.47558E+21,8.53035E+15,4.94319E+16
162578,12,0,73,532,2018,1,7,6,3,4,2,1,1,1,0,0,0,0,0,8.53577E+20,5.89131E+21,1.42773E+16,5.30541E+16
162579,8,2,15,97,2018,12,18,7,3,1,5,2,0,1,0,1,0,0,0,4.81426E+20,5.43905E+21,8.74553E+15,4.91041E+16
162580,12,0,53,0,2018,1,21,6,3,0,2,2,0,1,1,0,0,0,1,8.76646E+20,5.81242E+21,1.45296E+16,5.23324E+16
162581,8,2,12,0,2018,12,7,7,3,7,1,2,0,0,0,1,0,0,0,4.53458E+20,5.42623E+21,8.36384E+15,4.89873E+16
162582,12,0,53,0,2018,1,16,6,3,5,3,1,0,1,0,0,0,0,0,8.76143E+20,5.81194E+21,1.45218E+16,5.23285E+16
162583,8,3,17,114,2018,12,9,7,3,8,6,0,1,0,0,0,0,1,1,4.05499E+20,5.34615E+21,7.72669E+15,4.82615E+16
162584,12,0,63,56,2018,3,7,5,3,5,3,0,0,1,0,0,0,0,0,7.7499E+20,5.82821E+21,1.3055E+16,5.25344E+16
162585,12,0,54,0,2018,3,8,5,3,0,3,0,0,1,0,0,0,1,0,7.78337E+20,5.81127E+21,1.30901E+16,5.23808E+16
162586,12,0,54,0,2018,3,16,5,3,5,2,0,1,1,0,0,0,0,0,7.77967E+20,5.81266E+21,1.30858E+16,5.23935E+16
162587,12,0,66,196,2018,3,13,5,2,5,3,0,1,1,0,0,0,0,0,8.40791E+20,5.75705E+21,1.39502E+16,5.186E+16