OBJECTID_1,ULAND,UREGBEZ,UKREIS,UGEMEINDE,UJAHR,UMONAT,USTUNDE,UWOCHENTAG,UKATEGORIE,UART,UTYP1,ULICHTVERH,IstRad,IstPKW,IstFuss,IstKrad,IstGkfz,IstSonstig,STRZUSTAND,LINREFX,LINREFY,XGCSWGS84,YGCSWGS84
162772,12,0,63,56,2018,3,15,3,3,6,7,0,0,1,1,0,0,0,0,7.75372E+20,5.82882E+21,1.30611E+16,5.25397E+16
162773,12,0,68,320,2018,2,16,3,3,5,3,0,1,0,0,0,0,0,0,7.55607E+20,5.86766E+21,1.28005E+16,5.28977E+16
162774,12,0,54,0,2018,3,15,3,3,5,3,0,1,1,0,0,0,0,0,7.7378E+20,5.81172E+21,1.30237E+16,5.23871E+16
162775,12,0,72,120,2018,2,5,2,3,9,1,2,0,1,0,0,0,0,2,7.95141E+20,5.81346E+21,1.33382E+16,5.23916E+16
162776,12,0,61,17,2018,3,8,3,3,9,1,0,0,1,0,0,0,0,0,8.25459E+20,5.76753E+21,1.37382E+16,5.19629E+16
162777,12,0,72,240,2018,2,16,2,3,5,3,1,0,1,0,0,0,0,0,7.89311E+20,5.80413E+21,1.32447E+16,5.23111E+16
162778,12,0,72,232,2018,2,18,2,2,5,3,2,1,1,0,0,0,0,1,7.85169E+20,5.7787E+21,1.31627E+16,5.20853E+16
162779,12,0,52,0,2018,3,10,3,3,0,7,0,0,1,0,0,0,0,0,8.68094E+20,5.74419E+21,1.43313E+16,5.17275E+16
162780,12,0,63,252,2018,2,19,2,2,5,3,2,0,1,0,0,0,0,0,7.26724E+20,5.83456E+21,1.23491E+16,5.26136E+16
162781,12,0,64,472,2018,3,7,3,3,5,3,0,0,1,0,0,0,0,0,8.30681E+20,5.83698E+21,1.3882E+16,5.2582E+16
162782,12,0,69,616,2018,3,16,2,3,0,7,0,0,0,0,0,0,1,0,7.89173E+20,5.81428E+21,1.32514E+16,5.24022E+16
162783,12,0,54,0,2018,2,7,2,3,6,4,1,0,1,1,0,0,0,0,7.80971E+20,5.81085E+21,1.31283E+16,5.23757E+16
162784,12,0,54,0,2018,3,7,2,2,9,1,0,0,1,0,0,0,0,2,7.72366E+20,5.81287E+21,1.30039E+16,5.23982E+16
162785,12,0,69,304,2018,2,17,2,2,5,3,2,1,1,0,0,0,0,0,7.85019E+20,5.81477E+21,1.3191E+16,5.24088E+16
162786,12,0,54,0,2018,3,6,2,3,0,1,2,1,0,0,0,0,0,1,7.76022E+20,5.81422E+21,1.30586E+16,5.24085E+16
162787,12,0,54,0,2018,2,11,2,3,5,2,0,0,1,0,0,0,1,1,7.78053E+20,5.8111E+21,1.30858E+16,5.23794E+16
162788,12,0,61,433,2018,3,18,2,3,6,7,1,0,1,1,0,0,0,1,8.03009E+20,5.81498E+21,1.34548E+16,5.2401E+16
162789,12,0,66,196,2018,2,6,2,3,5,3,2,1,1,0,0,0,0,1,8.40159E+20,5.75746E+21,1.39414E+16,5.1864E+16
162790,12,0,61,444,2018,3,15,2,3,6,6,0,0,1,1,0,0,0,0,8.1279E+20,5.80993E+21,1.35934E+16,5.23502E+16
162791,12,0,62,24,2018,2,15,2,3,5,3,0,1,1,0,0,0,0,0,8.04878E+20,5.71644E+21,1.33948E+16,5.15166E+16
162792,12,0,73,532,2018,3,15,2,2,5,3,0,1,1,0,0,0,0,0,8.54694E+20,5.89206E+21,1.42947E+16,5.306E+16
162793,12,0,62,124,2018,2,14,2,3,5,3,0,1,1,0,0,0,0,0,8.13012E+20,5.71079E+21,1.35067E+16,5.14615E+16
162794,12,0,60,52,2018,3,15,2,3,2,6,0,0,1,0,0,0,1,0,8.24201E+20,5.86463E+21,1.38139E+16,5.28336E+16
162795,12,0,60,20,2018,3,10,2,3,5,3,0,1,1,0,0,0,0,0,8.10299E+20,5.8462E+21,1.35908E+16,5.26767E+16
162796,12,0,67,36,2018,2,12,2,3,5,3,0,1,0,0,0,0,1,0,8.58529E+20,5.79284E+21,1.42441E+16,5.21693E+16
162797,12,0,65,84,2018,3,10,2,2,8,1,0,0,1,0,0,0,0,2,7.76681E+20,5.90146E+21,1.3142E+16,5.31904E+16
162798,12,0,67,120,2018,2,23,2,1,9,1,2,0,1,0,0,0,0,1,8.85365E+20,5.79097E+21,1.46326E+16,5.21345E+16
162799,12,0,65,256,2018,3,15,2,3,6,7,0,0,0,1,0,0,1,0,7.8496E+20,5.85275E+21,1.32228E+16,5.27493E+16
162800,12,0,65,136,2018,2,15,2,3,6,4,0,0,1,1,0,0,0,1,7.84233E+20,5.84036E+21,1.32013E+16,5.26387E+16
162801,12,0,65,256,2018,2,12,2,3,5,3,0,1,1,0,0,0,0,1,7.87119E+20,5.85354E+21,1.32553E+16,5.27553E+16
162802,12,0,68,320,2018,3,7,2,3,9,6,0,0,1,0,0,0,0,0,7.61402E+20,5.86778E+21,1.28866E+16,5.2896E+16
162803,12,0,61,260,2018,2,19,1,3,5,2,2,0,1,0,0,0,0,1,8.15306E+20,5.80404E+21,1.36247E+16,5.2296E+16
162804,12,0,60,100,2018,3,18,1,3,8,1,0,1,0,0,0,0,0,0,8.18287E+20,5.88019E+21,1.37417E+16,5.29766E+16
162805,12,0,72,340,2018,2,10,7,3,5,3,0,1,1,0,0,0,0,0,8.02445E+20,5.80323E+21,1.3436E+16,5.2296E+16
162806,12,0,64,472,2018,3,12,1,3,5,3,0,1,1,0,0,0,0,0,8.29791E+20,5.83467E+21,1.38666E+16,5.25619E+16
162807,12,0,66,196,2018,2,11,7,2,8,1,0,0,1,0,0,0,0,0,8.4161E+20,5.75594E+21,1.39609E+16,5.18495E+16
162808,12,0,67,120,2018,3,13,1,3,5,3,0,0,1,0,0,0,0,0,8.85058E+20,5.79227E+21,1.46296E+16,5.21463E+16
162809,12,0,66,112,2018,2,10,7,2,8,1,0,1,0,0,0,0,0,0,8.43553E+20,5.72599E+21,1.39595E+16,5.158E+16
162810,12,0,72,169,2018,3,11,7,3,5,3,0,0,1,0,0,0,1,0,7.80008E+20,5.76814E+21,1.30789E+16,5.19932E+16
162811,12,0,53,0,2018,2,16,7,2,0,7,0,1,0,0,0,0,0,0,8.77016E+20,5.81595E+21,1.4539E+16,5.23637E+16
162812,12,0,63,80,2018,3,15,7,3,5,3,0,0,1,0,0,0,0,0,7.75172E+20,5.83288E+21,1.30615E+16,5.25763E+16
162813,12,0,67,144,2018,2,11,7,3,2,6,0,0,1,0,0,0,0,0,8.473E+20,5.81146E+21,1.40997E+16,5.23432E+16
162814,12,0,54,0,2018,3,10,7,3,2,6,0,0,1,0,0,0,0,0,7.7671E+20,5.81385E+21,1.30684E+16,5.24047E+16
162815,12,0,63,208,2018,2,23,6,3,0,1,2,1,0,0,0,0,0,1,7.63007E+20,5.83539E+21,1.28844E+16,5.26048E+16
162816,12,0,54,0,2018,2,19,6,3,8,1,2,1,0,0,0,0,0,0,7.79476E+20,5.81194E+21,1.31073E+16,5.23863E+16
162817,12,0,71,244,2018,3,17,7,3,5,3,0,0,1,0,0,0,0,0,8.62946E+20,5.74647E+21,1.42595E+16,5.17512E+16
162818,12,0,54,0,2018,2,11,6,3,2,6,0,0,1,0,0,0,0,0,7.78526E+20,5.81178E+21,1.30933E+16,5.23853E+16
162819,12,0,72,17,2018,3,10,6,2,4,6,0,0,1,0,0,0,0,0,8.01676E+20,5.80987E+21,1.34307E+16,5.23559E+16
162820,12,0,63,252,2018,2,9,5,3,5,2,0,0,1,0,0,0,0,0,7.27069E+20,5.83377E+21,1.23536E+16,5.26064E+16
162821,12,0,69,304,2018,3,10,6,3,5,3,0,0,1,0,0,0,0,0,7.86052E+20,5.81435E+21,1.32057E+16,5.24044E+16
162822,12,0,66,52,2018,2,12,5,3,3,2,0,1,1,0,0,0,0,0,8.41942E+20,5.74449E+21,1.39544E+16,5.17467E+16
162823,12,0,54,0,2018,3,1,6,3,1,1,2,0,1,0,0,0,0,0,7.74851E+20,5.81604E+21,1.30429E+16,5.24254E+16
162824,12,0,65,84,2018,2,21,5,3,8,1,2,0,1,0,0,0,0,2,7.70175E+20,5.90154E+21,1.3045E+16,5.31944E+16
162825,12,0,54,0,2018,3,13,6,3,5,2,0,1,1,0,0,0,0,0,7.75305E+20,5.81443E+21,1.30482E+16,5.24107E+16
162826,12,0,52,0,2018,2,15,4,3,5,2,0,1,1,0,0,0,0,0,8.66656E+20,5.74756E+21,1.43142E+16,5.17586E+16
162827,12,0,69,20,2018,3,13,6,2,5,3,0,1,1,0,0,0,0,0,7.4552E+20,5.78258E+21,1.25881E+16,5.21391E+16
162828,12,0,66,304,2018,3,10,6,2,5,3,0,1,1,0,0,0,0,0,8.47048E+20,5.71992E+21,1.40038E+16,5.15235E+16
162829,12,0,65,332,2018,2,6,4,3,4,2,2,0,1,0,0,0,0,0,7.81932E+20,5.84572E+21,1.3172E+16,5.26878E+16
162830,12,0,62,232,2018,3,12,6,3,5,3,0,0,1,0,0,0,0,0,8.21585E+20,5.70358E+21,1.36232E+16,5.13922E+16
162831,12,0,70,424,2018,2,16,4,3,6,4,0,0,1,1,0,0,0,0,6.85012E+20,5.87655E+21,1.17575E+16,5.30065E+16
162832,12,0,52,0,2018,3,21,6,3,2,6,2,0,1,0,0,0,0,0,8.67034E+20,5.74903E+21,1.43212E+16,5.17715E+16
162833,12,0,72,232,2018,2,9,3,3,5,3,0,1,1,0,0,0,0,0,7.84987E+20,5.7792E+21,1.31605E+16,5.20898E+16
162834,12,0,67,36,2018,3,12,6,2,5,3,0,1,1,0,0,0,0,0,8.58328E+20,5.79255E+21,1.42409E+16,5.21668E+16
162835,12,0,65,144,2018,2,15,3,3,4,2,0,1,1,0,0,0,0,0,7.91789E+20,5.84427E+21,1.33161E+16,5.26697E+16
162836,12,0,65,332,2018,2,4,3,3,1,5,2,0,1,0,0,1,0,0,7.81894E+20,5.84616E+21,1.31718E+16,5.26918E+16
162837,12,0,65,96,2018,3,7,6,3,5,3,0,1,1,0,0,0,0,0,7.92842E+20,5.8399E+21,1.33278E+16,5.26299E+16
162838,12,0,72,240,2018,2,15,2,3,8,6,0,1,1,0,0,0,0,0,7.90153E+20,5.80377E+21,1.32567E+16,5.23074E+16
162839,12,0,72,477,2018,3,12,5,3,6,4,0,0,1,1,0,0,0,0,8.02591E+20,5.79705E+21,1.34326E+16,5.22405E+16
162840,12,0,63,252,2018,2,10,2,3,2,6,0,0,1,0,0,0,0,0,7.27104E+20,5.83355E+21,1.2354E+16,5.26044E+16
162841,12,0,63,56,2018,3,11,5,3,5,3,0,0,1,0,0,0,1,0,7.77029E+20,5.82807E+21,1.30849E+16,5.25322E+16
162842,12,0,61,260,2018,2,10,2,3,2,6,0,0,1,0,0,0,1,1,8.15945E+20,5.80277E+21,1.36329E+16,5.22843E+16
162843,12,0,62,24,2018,4,16,1,3,2,6,0,0,0,0,1,0,1,0,8.05032E+20,5.71687E+21,1.33974E+16,5.15204E+16
162844,12,0,62,92,2018,4,16,1,2,5,3,0,1,0,0,1,0,0,0,8.15363E+20,5.73101E+21,1.35585E+16,5.16415E+16
162845,12,0,64,428,2018,4,17,1,3,5,2,0,0,1,0,0,0,0,0,8.24374E+20,5.82238E+21,1.3775E+16,5.2455E+16
162846,12,0,63,56,2018,4,9,7,3,6,6,0,0,1,1,0,0,0,0,7.74351E+20,5.82839E+21,1.30457E+16,5.25364E+16
162847,12,0,63,80,2018,4,10,7,3,0,1,0,1,0,0,0,0,0,0,7.76586E+20,5.83252E+21,1.3082E+16,5.25722E+16
162848,12,0,69,590,2018,4,14,7,3,6,7,0,0,1,1,0,0,0,0,7.71673E+20,5.80849E+21,1.29902E+16,5.23592E+16
162849,12,0,54,0,2018,4,18,7,3,0,1,0,1,0,0,0,0,0,0,7.7077E+20,5.81331E+21,1.29808E+16,5.24029E+16
162850,12,0,61,332,2018,4,13,7,3,8,7,0,0,0,0,1,0,0,0,8.09285E+20,5.80017E+21,1.35332E+16,5.22647E+16
162851,12,0,62,128,2018,4,18,7,3,1,7,0,0,1,0,0,0,0,0,7.91042E+20,5.71892E+21,1.3198E+16,5.15462E+16
162852,12,0,64,44,2018,4,10,7,3,2,6,0,0,1,0,0,0,0,0,8.39257E+20,5.8603E+21,1.40321E+16,5.27857E+16
162853,12,0,67,469,2018,4,13,7,3,2,2,0,0,1,0,1,0,0,0,8.28965E+20,5.81112E+21,1.38312E+16,5.23514E+16
162854,12,0,67,544,2018,4,18,7,2,8,1,0,0,0,0,1,0,0,0,8.21393E+20,5.82277E+21,1.37316E+16,5.24603E+16
162855,12,0,65,256,2018,4,17,7,3,2,6,0,0,1,0,0,0,0,0,7.85963E+20,5.85253E+21,1.32374E+16,5.27468E+16
162856,12,0,63,208,2018,4,15,6,2,5,3,0,1,0,0,0,0,1,0,7.62794E+20,5.83565E+21,1.28815E+16,5.26072E+16
162857,12,0,54,0,2018,4,14,6,3,5,3,0,1,1,0,0,0,0,0,7.80261E+20,5.81128E+21,1.31183E+16,5.23799E+16
162858,12,0,51,0,2018,4,14,6,3,5,3,0,1,1,0,0,0,0,0,7.4174E+20,5.8117E+21,1.25538E+16,5.24021E+16
162859,12,0,66,304,2018,4,13,6,3,5,3,0,1,1,0,0,0,0,1,8.45738E+20,5.71957E+21,1.39846E+16,5.15212E+16
162860,12,0,73,8,2018,4,10,6,3,6,3,0,0,1,1,0,0,0,0,8.3528E+20,5.88631E+21,1.40001E+16,5.3021E+16
162861,12,0,65,332,2018,4,9,6,3,5,3,0,0,1,0,0,0,0,0,7.82167E+20,5.84556E+21,1.31753E+16,5.26863E+16
162862,12,0,70,316,2018,4,19,6,2,5,3,1,0,1,0,0,0,0,0,7.12308E+20,5.89466E+21,1.21757E+16,5.31589E+16
162863,12,0,63,357,2018,4,8,5,3,5,3,0,1,1,0,0,0,0,0,7.67103E+20,5.82928E+21,1.29398E+16,5.2548E+16
162864,12,0,69,616,2018,4,9,5,3,0,7,0,0,0,0,1,0,1,1,7.88516E+20,5.81393E+21,1.32415E+16,5.23994E+16
162865,12,0,64,336,2018,4,16,7,3,8,1,0,0,0,0,1,0,0,0,8.19565E+20,5.8308E+21,1.37125E+16,5.25333E+16
162866,12,0,54,0,2018,4,21,5,3,5,3,2,1,1,0,0,0,0,1,7.78298E+20,5.8114E+21,1.30896E+16,5.2382E+16
162867,12,0,53,0,2018,4,18,7,2,5,2,0,0,1,0,0,0,0,0,8.76898E+20,5.81387E+21,1.45349E+16,5.23452E+16
162868,12,0,51,0,2018,4,15,5,3,0,3,0,0,0,0,1,0,1,0,7.32337E+20,5.80951E+21,1.24143E+16,5.23864E+16
162869,12,0,65,136,2018,4,11,7,3,5,2,0,0,1,0,1,1,0,0,7.84496E+20,5.84202E+21,1.32066E+16,5.26533E+16
162870,12,0,66,285,2018,4,11,5,3,7,7,0,0,1,0,0,0,0,0,8.41716E+20,5.72185E+21,1.39291E+16,5.1544E+16
162871,12,0,68,320,2018,4,14,7,3,6,7,0,0,1,1,0,0,0,0,7.54989E+20,5.86909E+21,1.27925E+16,5.29108E+16
162872,12,0,61,320,2018,4,14,5,3,8,1,0,1,0,0,0,0,0,1,8.22984E+20,5.75345E+21,1.36891E+16,5.18382E+16
162873,12,0,63,80,2018,4,19,6,3,8,1,0,0,0,0,0,0,1,0,7.7455E+20,5.83156E+21,1.30513E+16,5.25647E+16
162874,12,0,54,0,2018,4,12,6,2,5,3,0,1,0,0,0,0,0,0,7.75242E+20,5.81132E+21,1.30448E+16,5.23829E+16
162875,12,0,52,0,2018,4,14,5,3,2,6,0,0,1,0,0,0,0,0,8.66684E+20,5.74896E+21,1.4316E+16,5.17711E+16
162876,12,0,63,56,2018,4,19,4,3,5,7,0,0,1,0,1,0,0,0,7.74269E+20,5.82822E+21,1.30444E+16,5.25349E+16
162877,12,0,69,28,2018,4,16,6,3,0,3,0,0,1,0,1,0,0,0,7.28804E+20,5.81197E+21,1.23642E+16,5.241E+16
162878,12,0,54,0,2018,4,21,4,3,2,6,2,0,1,0,0,0,0,1,7.80977E+20,5.81048E+21,1.31281E+16,5.23724E+16
162879,12,0,51,0,2018,4,11,6,3,5,3,0,0,1,0,0,0,0,0,7.39438E+20,5.81486E+21,1.25223E+16,5.24315E+16
162880,12,0,61,540,2018,4,18,4,3,5,7,0,1,1,0,0,0,0,0,8.13742E+20,5.80615E+21,1.36038E+16,5.23158E+16
162881,12,0,51,0,2018,4,19,6,2,0,7,0,1,0,0,0,0,0,0,7.40442E+20,5.8123E+21,1.25352E+16,5.2408E+16
162882,12,0,71,76,2018,4,8,4,2,5,3,0,1,1,0,0,0,0,0,8.89639E+20,5.74741E+21,1.46454E+16,5.17418E+16
162883,12,0,61,433,2018,4,9,6,3,5,3,0,1,1,0,0,0,0,0,8.0629E+20,5.81423E+21,1.35022E+16,5.23924E+16
162884,12,0,66,196,2018,4,22,6,2,8,1,2,1,0,0,0,0,0,0,8.40796E+20,5.75705E+21,1.39502E+16,5.186E+16
162885,12,0,61,320,2018,4,15,6,3,5,3,0,1,1,0,0,0,0,0,8.24615E+20,5.75538E+21,1.37145E+16,5.18546E+16
162886,12,0,71,372,2018,4,13,6,3,5,3,0,0,1,0,1,0,0,0,8.72241E+20,5.72685E+21,1.43727E+16,5.15695E+16
162887,12,0,52,0,2018,4,16,6,3,5,2,0,1,1,0,0,0,0,0,8.69E+20,5.74855E+21,1.4349E+16,5.17659E+16
162888,12,0,73,8,2018,4,19,6,2,9,1,0,0,0,0,1,0,0,0,8.32506E+20,5.8853E+21,1.39579E+16,5.30137E+16
162889,12,0,60,52,2018,4,17,4,3,8,1,0,0,0,0,1,0,0,0,8.23827E+20,5.86504E+21,1.38088E+16,5.28376E+16
162890,12,0,60,269,2018,4,13,6,2,5,3,0,0,1,0,1,0,0,0,7.99298E+20,5.85678E+21,1.34382E+16,5.27777E+16
162891,12,0,64,448,2018,4,13,6,3,5,2,0,1,1,0,0,0,0,0,8.64134E+20,5.83355E+21,1.43698E+16,5.253E+16
162892,12,0,60,20,2018,4,9,4,3,5,3,0,0,1,0,0,0,1,0,8.1047E+20,5.84621E+21,1.35933E+16,5.26767E+16
162893,12,0,70,424,2018,4,13,6,3,2,6,0,0,1,0,0,0,1,0,6.84962E+20,5.87629E+21,1.17567E+16,5.30042E+16
162894,12,0,64,136,2018,4,17,4,2,5,3,0,1,0,0,0,1,0,0,8.22448E+20,5.82865E+21,1.37528E+16,5.25124E+16
162895,12,0,70,173,2018,4,10,6,2,5,3,0,1,1,0,0,0,0,0,6.83618E+20,5.89329E+21,1.17464E+16,5.31573E+16
162896,12,0,68,468,2018,4,11,6,3,4,6,0,0,1,0,0,0,0,0,7.32753E+20,5.89597E+21,1.24819E+16,5.31621E+16
162897,12,0,64,336,2018,4,11,4,3,5,3,0,0,1,0,0,0,0,0,8.20056E+20,5.82818E+21,1.37172E+16,5.25096E+16
162898,12,0,54,0,2018,4,15,5,3,5,2,0,1,1,0,0,0,0,0,7.73004E+20,5.81378E+21,1.3014E+16,5.2406E+16
162899,12,0,64,472,2018,4,9,4,1,6,2,0,0,0,1,0,1,0,0,8.3068E+20,5.83634E+21,1.38813E+16,5.25763E+16
162900,12,0,51,0,2018,4,23,5,2,8,1,2,0,1,0,0,0,0,0,7.41206E+20,5.81287E+21,1.25468E+16,5.24128E+16
162901,12,0,53,0,2018,4,12,4,2,5,3,0,1,1,0,0,0,0,0,8.78198E+20,5.81358E+21,1.45536E+16,5.23417E+16
162902,12,0,65,136,2018,4,12,4,3,3,6,0,1,0,0,0,0,0,0,7.84123E+20,5.83848E+21,1.31981E+16,5.26219E+16
162903,12,0,52,0,2018,4,6,5,3,7,7,0,0,0,0,1,0,0,0,8.70887E+20,5.74307E+21,1.43704E+16,5.17156E+16
162904,12,0,65,136,2018,4,14,4,3,5,3,0,1,1,0,0,0,0,0,7.84487E+20,5.83884E+21,1.32037E+16,5.26249E+16
162905,12,0,73,572,2018,4,8,5,3,5,3,0,1,0,0,0,0,1,0,8.014E+20,5.89496E+21,1.35048E+16,5.31187E+16
162906,12,0,63,56,2018,4,17,3,2,5,3,0,1,0,0,0,0,1,0,7.75521E+20,5.82941E+21,1.30638E+16,5.25449E+16
162907,12,0,53,0,2018,4,8,5,3,5,2,0,1,1,0,0,0,0,0,8.76026E+20,5.81269E+21,1.45209E+16,5.23353E+16
162908,12,0,54,0,2018,4,17,3,3,3,6,0,1,1,0,0,0,1,0,7.7651E+20,5.81251E+21,1.30643E+16,5.23928E+16
162909,12,0,72,340,2018,4,16,4,3,5,2,0,1,1,0,0,0,0,0,8.02443E+20,5.80323E+21,1.3436E+16,5.22959E+16
162910,12,0,54,0,2018,4,6,3,3,6,4,1,0,1,1,0,0,0,1,7.76358E+20,5.81355E+21,1.3063E+16,5.24023E+16
162911,12,0,63,56,2018,4,14,4,3,0,1,0,1,0,0,0,0,0,0,7.75401E+20,5.82962E+21,1.30622E+16,5.25469E+16
162912,12,0,54,0,2018,4,11,3,3,5,2,0,1,0,0,0,1,0,1,7.76729E+20,5.81342E+21,1.30683E+16,5.24009E+16
162913,12,0,63,80,2018,4,16,4,3,5,3,0,1,1,0,0,0,0,0,7.77593E+20,5.83146E+21,1.3096E+16,5.25623E+16
162914,12,0,61,433,2018,4,16,3,3,0,7,0,0,0,0,1,0,1,1,8.08278E+20,5.81472E+21,1.35318E+16,5.23958E+16
162915,12,0,69,616,2018,4,19,4,3,5,3,0,1,1,0,0,0,0,0,7.88595E+20,5.81379E+21,1.32425E+16,5.23981E+16
162916,12,0,52,0,2018,4,11,3,3,5,2,0,1,1,0,0,0,0,1,8.67887E+20,5.75065E+21,1.43352E+16,5.17855E+16
162917,12,0,60,20,2018,4,16,3,3,5,3,0,0,1,0,0,0,0,0,8.10046E+20,5.84608E+21,1.3587E+16,5.26757E+16
162918,12,0,61,433,2018,4,4,4,3,5,3,1,0,1,0,0,0,0,0,8.07326E+20,5.81478E+21,1.35179E+16,5.23968E+16
162919,12,0,63,80,2018,4,14,2,3,5,3,0,0,1,0,0,0,0,0,7.74943E+20,5.83098E+21,1.30566E+16,5.25593E+16
162920,12,0,66,176,2018,4,12,4,3,3,6,0,1,1,0,0,0,0,0,8.32039E+20,5.71337E+21,1.37821E+16,5.14739E+16
162921,12,0,68,320,2018,4,13,2,3,6,4,0,0,1,1,0,0,0,0,7.54974E+20,5.86941E+21,1.27925E+16,5.29138E+16
162922,12,0,62,124,2018,4,7,4,3,5,3,0,0,1,0,0,0,0,0,8.12812E+20,5.71065E+21,1.35037E+16,5.14604E+16
162923,12,0,63,80,2018,4,11,1,2,6,4,0,0,1,1,0,0,0,1,7.80422E+20,5.83123E+21,1.31374E+16,5.25587E+16
162924,12,0,52,0,2018,4,7,4,3,4,6,0,1,1,0,0,0,0,0,8.67938E+20,5.74617E+21,1.43312E+16,5.17453E+16
162925,12,0,72,120,2018,3,15,7,3,5,3,0,0,1,0,0,0,0,1,7.94677E+20,5.81349E+21,1.33314E+16,5.23922E+16
162926,12,0,73,8,2018,4,21,4,2,0,1,2,1,0,0,0,0,0,0,8.35269E+20,5.88612E+21,1.39998E+16,5.30193E+16
162927,12,0,63,252,2018,3,11,7,2,5,3,0,1,1,0,0,0,0,1,7.25617E+20,5.83385E+21,1.23323E+16,5.26077E+16
162928,12,0,63,252,2018,3,13,7,2,5,3,0,0,1,0,0,0,0,1,7.2709E+20,5.83344E+21,1.23537E+16,5.26035E+16
162929,12,0,60,198,2018,4,13,4,2,5,3,0,1,1,0,0,0,0,0,8.15177E+20,5.86482E+21,1.36806E+16,5.28407E+16
162930,12,0,54,0,2018,3,19,7,3,0,1,0,1,0,0,0,0,0,1,7.79902E+20,5.81051E+21,1.31124E+16,5.23732E+16
162931,12,0,64,227,2018,4,13,4,2,5,3,0,1,1,0,0,0,0,0,8.15567E+20,5.82734E+21,1.36505E+16,5.25046E+16
162932,12,0,61,316,2018,3,20,7,3,1,5,2,0,1,0,0,0,0,1,8.35082E+20,5.76604E+21,1.38763E+16,5.19439E+16
162933,12,0,64,472,2018,4,15,4,3,2,6,0,0,1,0,0,0,0,0,8.30406E+20,5.83586E+21,1.38768E+16,5.25722E+16
162934,12,0,73,532,2018,3,13,7,3,8,1,0,0,1,0,0,0,0,0,8.53658E+20,5.89072E+21,1.42778E+16,5.30487E+16
162935,12,0,65,256,2018,4,16,4,3,3,6,0,1,1,0,0,0,0,0,7.87808E+20,5.85249E+21,1.32646E+16,5.27454E+16
162936,12,0,64,136,2018,3,19,7,2,1,5,2,0,1,0,1,0,0,1,8.21572E+20,5.8289E+21,1.37402E+16,5.25151E+16
162937,12,0,65,256,2018,4,15,4,3,2,6,0,0,1,0,0,0,0,0,7.84846E+20,5.85208E+21,1.32205E+16,5.27434E+16
162938,12,0,69,656,2018,3,14,6,3,5,3,0,0,1,0,0,0,0,0,7.66275E+20,5.81317E+21,1.29148E+16,5.24039E+16
162939,12,0,68,320,2018,4,9,4,3,2,6,0,0,1,0,0,0,0,0,7.56131E+20,5.8724E+21,1.28121E+16,5.294E+16
162940,12,0,51,0,2018,3,16,6,3,6,4,0,0,1,1,0,0,0,0,7.42157E+20,5.81447E+21,1.25619E+16,5.24267E+16
162941,12,0,51,0,2018,3,12,6,3,6,6,0,0,1,1,0,0,0,0,7.4094E+20,5.8086E+21,1.25399E+16,5.23746E+16
162942,12,0,63,252,2018,4,19,3,3,5,3,0,1,1,0,0,0,0,0,7.25615E+20,5.83385E+21,1.23322E+16,5.26077E+16
162943,12,0,52,0,2018,3,10,6,3,5,3,0,1,1,0,0,0,0,0,8.6884E+20,5.75091E+21,1.43492E+16,5.17871E+16
162944,12,0,51,0,2018,4,16,3,3,0,1,0,1,0,0,0,0,0,0,7.41897E+20,5.81325E+21,1.25572E+16,5.24159E+16
162945,12,0,60,52,2018,3,2,6,3,9,1,2,0,1,0,0,0,0,0,8.21368E+20,5.86327E+21,1.37707E+16,5.28231E+16
162946,12,0,52,0,2018,4,9,3,3,6,7,0,0,1,1,0,0,0,0,8.67842E+20,5.7494E+21,1.43332E+16,5.17743E+16
162947,12,0,64,268,2018,3,9,6,3,5,3,0,0,1,0,0,0,0,0,8.76172E+20,5.82289E+21,1.45345E+16,5.24265E+16
162948,12,0,60,269,2018,4,15,3,3,5,3,0,1,1,0,0,0,0,0,8.01153E+20,5.85347E+21,1.34626E+16,5.2747E+16
162949,12,0,64,317,2018,4,18,3,3,5,3,0,1,1,0,0,0,0,0,8.48839E+20,5.82929E+21,1.41408E+16,5.25019E+16
162950,12,0,53,0,2018,3,18,6,2,5,3,0,0,1,0,0,0,0,0,8.76569E+20,5.813E+21,1.45292E+16,5.23377E+16
162951,12,0,70,280,2018,4,14,3,3,9,1,0,1,0,0,0,0,0,0,7.16615E+20,5.91381E+21,1.2253E+16,5.3329E+16
162952,12,0,53,0,2018,3,12,6,3,6,4,0,0,1,1,0,0,0,0,8.75744E+20,5.81178E+21,1.45158E+16,5.23273E+16
162953,12,0,65,100,2018,4,7,3,3,8,7,0,0,1,0,0,0,0,0,7.82947E+20,5.8787E+21,1.32155E+16,5.29831E+16
162954,12,0,65,256,2018,3,13,6,3,8,7,0,0,1,0,0,0,0,0,7.91334E+20,5.85436E+21,1.33183E+16,5.27603E+16
162955,12,0,68,477,2018,4,13,3,2,9,1,0,0,1,0,0,0,0,0,7.40306E+20,5.86489E+21,1.25715E+16,5.28799E+16