OBJECTID_1,ULAND,UREGBEZ,UKREIS,UGEMEINDE,UJAHR,UMONAT,USTUNDE,UWOCHENTAG,UKATEGORIE,UART,UTYP1,ULICHTVERH,IstRad,IstPKW,IstFuss,IstKrad,IstGkfz,IstSonstig,STRZUSTAND,LINREFX,LINREFY,XGCSWGS84,YGCSWGS84
162956,12,0,68,320,2018,3,16,6,3,6,7,0,0,1,1,0,0,0,0,7.54954E+20,5.86929E+21,1.27921E+16,5.29126E+16
162957,12,0,69,397,2018,4,16,2,3,3,6,0,0,1,0,0,1,0,1,7.78482E+20,5.80261E+21,1.3085E+16,5.23031E+16
162958,12,0,72,340,2018,4,17,2,3,8,7,0,0,1,0,0,0,0,1,8.01499E+20,5.8027E+21,1.34217E+16,5.22918E+16
162959,12,0,72,477,2018,3,15,5,3,0,7,0,1,1,0,0,0,0,0,8.0328E+20,5.79523E+21,1.3441E+16,5.22238E+16
162960,12,0,72,169,2018,4,8,2,3,0,2,0,1,1,0,0,0,0,1,7.79967E+20,5.76867E+21,1.30788E+16,5.1998E+16
162961,12,0,72,232,2018,3,12,5,3,5,3,0,1,1,0,0,0,0,0,7.85034E+20,5.77917E+21,1.31612E+16,5.20895E+16
162962,12,0,63,252,2018,4,12,2,3,2,2,0,0,1,0,0,0,0,0,7.26691E+20,5.83351E+21,1.23479E+16,5.26042E+16
162963,12,0,63,357,2018,4,10,2,3,2,6,0,0,1,0,0,0,1,1,7.69734E+20,5.8286E+21,1.2978E+16,5.25405E+16
162964,12,0,54,0,2018,3,8,5,3,6,4,0,0,0,1,0,0,1,1,7.76032E+20,5.81314E+21,1.30578E+16,5.23987E+16
162965,12,0,63,208,2018,4,8,2,3,5,3,0,0,1,0,0,0,0,1,7.6218E+20,5.83551E+21,1.28723E+16,5.26062E+16
162966,12,0,69,249,2018,3,13,5,3,5,2,0,0,1,0,0,0,0,0,7.527E+20,5.81428E+21,1.27165E+16,5.24202E+16
162967,12,0,69,616,2018,4,7,2,3,6,4,0,0,1,1,0,0,1,0,7.91032E+20,5.81454E+21,1.32789E+16,5.24036E+16
162968,12,0,51,0,2018,3,23,5,2,9,1,2,1,0,0,0,0,0,0,7.40007E+20,5.81421E+21,1.25302E+16,5.24254E+16
162969,12,0,54,0,2018,4,15,2,3,5,3,0,1,1,0,0,0,0,1,7.77834E+20,5.8109E+21,1.30824E+16,5.23778E+16
162970,12,0,73,452,2018,3,14,5,3,5,3,0,1,1,0,0,0,0,0,8.24608E+20,5.91894E+21,1.38747E+16,5.33199E+16
162971,12,0,66,52,2018,4,17,2,3,5,3,0,1,1,0,0,0,0,1,8.415E+20,5.74466E+21,1.39482E+16,5.17485E+16
162972,12,0,64,172,2018,3,12,5,2,8,1,0,0,1,0,0,0,0,0,8.70049E+20,5.83733E+21,1.44609E+16,5.25599E+16
162973,12,0,61,112,2018,4,16,2,3,5,3,0,0,1,0,0,0,0,1,8.14896E+20,5.81256E+21,1.36267E+16,5.23726E+16
162974,12,0,70,296,2018,3,17,5,3,5,2,0,0,1,0,0,0,0,0,6.91103E+20,5.88426E+21,1.18528E+16,5.30736E+16
162975,12,0,72,232,2018,3,10,4,2,0,7,0,1,1,0,0,0,0,1,7.85709E+20,5.77942E+21,1.31712E+16,5.20914E+16
162976,12,0,54,0,2018,3,8,4,3,0,1,0,1,0,0,0,0,0,1,7.76014E+20,5.81403E+21,1.30583E+16,5.24067E+16
162977,12,0,65,36,2018,4,9,2,3,4,6,0,0,1,0,0,0,0,1,7.89596E+20,5.8469E+21,1.32861E+16,5.26944E+16
162978,12,0,69,397,2018,3,8,4,3,1,5,0,1,1,0,0,0,0,1,7.74345E+20,5.80308E+21,1.30249E+16,5.23094E+16
162979,12,0,70,424,2018,4,22,2,2,2,4,2,0,1,1,1,0,0,0,6.84958E+20,5.87627E+21,1.17566E+16,5.3004E+16
162980,12,0,70,424,2018,3,13,4,3,5,3,0,0,1,0,0,0,0,0,6.84072E+20,5.87656E+21,1.17436E+16,5.30069E+16
162981,12,0,54,0,2018,4,14,1,3,1,5,0,1,1,0,0,0,0,0,7.76013E+20,5.81333E+21,1.30577E+16,5.24004E+16
162982,12,0,72,340,2018,3,17,3,3,8,1,0,0,1,0,0,0,0,0,8.01147E+20,5.80274E+21,1.34166E+16,5.22923E+16
162983,12,0,69,397,2018,4,15,1,3,5,3,0,0,1,0,0,0,0,0,7.74787E+20,5.80387E+21,1.3032E+16,5.23162E+16
162984,12,0,72,17,2018,3,15,3,3,2,6,0,0,1,0,1,0,0,0,8.01519E+20,5.81003E+21,1.34285E+16,5.23574E+16
162985,12,0,60,269,2018,4,11,1,3,8,1,0,0,1,0,0,0,0,0,8.01544E+20,5.85499E+21,1.34698E+16,5.27604E+16
162986,12,0,63,252,2018,3,12,3,3,0,7,0,0,1,0,0,0,0,1,7.2657E+20,5.83136E+21,1.23446E+16,5.2585E+16
162987,12,0,64,136,2018,4,11,1,2,5,2,0,0,1,0,1,0,0,0,8.22581E+20,5.82845E+21,1.37546E+16,5.25105E+16
162988,12,0,63,208,2018,3,13,3,3,5,2,0,1,1,0,0,0,0,0,7.61535E+20,5.83576E+21,1.2863E+16,5.26088E+16
162989,12,0,64,136,2018,4,17,1,3,4,6,0,0,1,0,1,0,0,0,8.22666E+20,5.82975E+21,1.37571E+16,5.25221E+16
162990,12,0,69,304,2018,3,7,3,3,5,3,0,1,1,0,0,0,0,0,7.85282E+20,5.81456E+21,1.31946E+16,5.24067E+16
162991,12,0,54,0,2018,4,15,7,3,2,6,0,0,1,0,0,0,0,0,7.76311E+20,5.81436E+21,1.30629E+16,5.24095E+16
162992,12,0,61,260,2018,4,10,7,2,5,2,0,1,0,0,0,0,1,0,8.15602E+20,5.80397E+21,1.3629E+16,5.22952E+16
162993,12,0,69,616,2018,3,9,3,3,5,3,0,1,0,0,0,0,0,0,7.89039E+20,5.81387E+21,1.32491E+16,5.23986E+16
162994,12,0,67,120,2018,4,19,7,3,0,7,0,1,0,0,0,0,0,0,8.85563E+20,5.79279E+21,1.46375E+16,5.21506E+16
162995,12,0,54,0,2018,3,14,3,3,2,6,0,0,1,0,0,0,0,0,7.7405E+20,5.81738E+21,1.30322E+16,5.24377E+16
162996,12,0,65,256,2018,4,10,7,3,5,2,0,1,1,0,0,0,0,1,7.86312E+20,5.85151E+21,1.32416E+16,5.27374E+16
162997,12,0,62,140,2018,3,15,3,3,5,3,0,1,1,0,0,0,0,0,8.25804E+20,5.73088E+21,1.37088E+16,5.16344E+16
162998,12,0,64,136,2018,3,7,3,3,1,5,0,0,1,0,0,0,0,0,8.21402E+20,5.83278E+21,1.37414E+16,5.25499E+16
162999,12,0,63,208,2018,4,15,6,2,6,4,0,1,0,1,0,0,0,0,7.63049E+20,5.83634E+21,1.28858E+16,5.26132E+16
163000,12,0,53,0,2018,3,9,3,3,2,2,0,0,1,0,0,0,0,0,8.76055E+20,5.81214E+21,1.45207E+16,5.23303E+16
163001,12,0,63,80,2018,4,15,6,3,2,6,0,1,1,0,0,0,0,0,7.77423E+20,5.83246E+21,1.30943E+16,5.25713E+16
163002,12,0,65,136,2018,3,11,3,3,5,3,0,1,0,0,0,0,0,0,7.84143E+20,5.84054E+21,1.32001E+16,5.26403E+16
163003,12,0,54,0,2018,4,15,6,3,1,5,0,1,1,0,0,0,0,0,7.79764E+20,5.81186E+21,1.31115E+16,5.23854E+16
163004,12,0,70,316,2018,3,16,3,2,5,3,0,1,1,0,0,0,0,0,7.12064E+20,5.89364E+21,1.21714E+16,5.31498E+16
163005,12,0,54,0,2018,4,22,6,3,5,3,2,1,1,0,0,0,0,1,7.78168E+20,5.81228E+21,1.30884E+16,5.23899E+16
163006,12,0,61,112,2018,4,16,6,3,5,3,0,1,1,0,0,0,0,0,8.14082E+20,5.81296E+21,1.36152E+16,5.23767E+16
163007,12,0,72,232,2018,3,16,2,3,3,6,0,1,0,0,0,0,0,0,7.84986E+20,5.77908E+21,1.31604E+16,5.20887E+16
163008,12,0,71,76,2018,4,16,6,3,0,7,0,0,1,0,0,0,1,0,8.89605E+20,5.74773E+21,1.46453E+16,5.17446E+16
163009,12,0,69,616,2018,3,14,2,3,5,2,0,1,1,0,0,0,0,0,7.88354E+20,5.81345E+21,1.32387E+16,5.23951E+16
163010,12,0,52,0,2018,4,11,6,3,3,2,0,1,1,0,0,0,0,0,8.67635E+20,5.74731E+21,1.4328E+16,5.17557E+16
163011,12,0,51,0,2018,3,12,2,3,0,2,0,1,0,0,0,0,0,0,7.41012E+20,5.81232E+21,1.25436E+16,5.24079E+16
163012,12,0,73,532,2018,4,15,6,3,5,3,0,0,1,0,0,0,0,0,8.51894E+20,5.89174E+21,1.42527E+16,5.3059E+16
163013,12,0,60,181,2018,4,14,6,3,5,2,0,1,1,0,0,0,0,1,8.06093E+20,5.84488E+21,1.35276E+16,5.26672E+16
163014,12,0,52,0,2018,3,17,2,3,5,3,0,0,1,0,0,0,1,1,8.67292E+20,5.74602E+21,1.43217E+16,5.17444E+16
163015,12,0,64,57,2018,4,17,6,2,8,1,0,0,1,0,0,0,0,0,8.73303E+20,5.84356E+21,1.45157E+16,5.26134E+16
163016,12,0,60,181,2018,3,11,2,3,2,6,0,0,1,0,0,0,0,0,8.07185E+20,5.84311E+21,1.3542E+16,5.26507E+16
163017,12,0,72,17,2018,4,15,5,3,2,6,0,0,1,0,0,0,0,0,8.01096E+20,5.81016E+21,1.34225E+16,5.23589E+16
163018,12,0,53,0,2018,3,12,2,3,6,7,0,0,1,1,0,0,0,0,8.76407E+20,5.81218E+21,1.45259E+16,5.23305E+16
163019,12,0,69,397,2018,4,19,5,2,5,3,0,1,1,0,0,0,0,0,7.74574E+20,5.80265E+21,1.30279E+16,5.23054E+16
163020,12,0,65,332,2018,3,15,2,3,2,6,0,0,1,0,0,0,0,0,7.83326E+20,5.84542E+21,1.31923E+16,5.26845E+16
163021,12,0,51,0,2018,4,21,5,3,5,3,2,1,1,0,0,0,0,0,7.39777E+20,5.81204E+21,1.25253E+16,5.2406E+16
163022,12,0,63,252,2018,3,13,1,2,1,6,0,0,1,0,0,0,0,0,7.25938E+20,5.83375E+21,1.23369E+16,5.26067E+16
163023,12,0,66,304,2018,4,13,5,3,5,3,0,1,1,0,0,0,0,0,8.46099E+20,5.71845E+21,1.39887E+16,5.15109E+16
163024,12,0,69,306,2018,3,17,1,3,6,4,0,0,1,1,0,0,0,0,7.56699E+20,5.80787E+21,1.27703E+16,5.23609E+16
163025,12,0,71,193,2018,4,17,5,2,0,7,0,1,0,0,0,0,1,0,8.79267E+20,5.76366E+21,1.45137E+16,5.18943E+16
163026,12,0,51,0,2018,3,18,1,3,3,6,0,1,1,0,0,0,0,0,7.32349E+20,5.80882E+21,1.2414E+16,5.23802E+16
163027,12,0,52,0,2018,4,9,5,3,2,6,0,0,1,0,0,0,0,0,8.68462E+20,5.74811E+21,1.43408E+16,5.17623E+16
163028,12,0,71,294,2018,3,12,1,2,0,6,0,0,1,1,0,0,0,0,8.87272E+20,5.73923E+21,1.46022E+16,5.16701E+16
163029,12,0,64,472,2018,4,14,5,3,5,3,0,1,1,0,0,0,0,0,8.30893E+20,5.83727E+21,1.38854E+16,5.25846E+16
163030,12,0,72,232,2018,3,20,7,3,8,1,2,0,1,0,0,0,1,0,7.85685E+20,5.7788E+21,1.31703E+16,5.20859E+16
163031,12,0,66,304,2018,3,0,7,2,0,1,2,1,0,0,0,0,0,0,8.45918E+20,5.71957E+21,1.39872E+16,5.15211E+16
163032,12,0,67,144,2018,4,7,5,3,6,4,0,0,1,1,0,0,0,0,8.44932E+20,5.81348E+21,1.40672E+16,5.23628E+16
163033,12,0,73,532,2018,3,13,7,2,5,3,0,0,1,0,0,0,0,0,8.54719E+20,5.89217E+21,1.42952E+16,5.30609E+16
163034,12,0,67,144,2018,4,10,5,3,5,3,0,1,1,0,0,0,0,0,8.44779E+20,5.81306E+21,1.40645E+16,5.23591E+16
163035,12,0,67,144,2018,3,7,7,3,5,3,0,1,1,0,0,0,0,0,8.45935E+20,5.81068E+21,1.4079E+16,5.2337E+16
163036,12,0,65,256,2018,4,15,5,3,5,3,0,1,1,0,0,0,0,0,7.85955E+20,5.85261E+21,1.32373E+16,5.27475E+16
163037,12,0,65,332,2018,3,10,7,3,6,4,0,0,1,1,0,0,0,0,7.84978E+20,5.84394E+21,1.32154E+16,5.26703E+16
163038,12,0,70,424,2018,4,7,5,3,6,4,0,0,0,1,1,0,0,0,6.8557E+20,5.87487E+21,1.17649E+16,5.29912E+16
163039,12,0,64,227,2018,4,14,2,3,5,3,0,1,1,0,0,0,0,0,8.13917E+20,5.82451E+21,1.36236E+16,5.24803E+16
163040,12,0,70,296,2018,4,20,5,3,4,2,1,0,1,0,1,0,0,0,6.9186E+20,5.88378E+21,1.18638E+16,5.3069E+16
163041,12,0,70,236,2018,3,19,6,3,9,1,2,0,1,0,0,0,0,0,6.72314E+20,5.8826E+21,1.15717E+16,5.30651E+16
163042,12,0,54,0,2018,4,16,4,3,5,2,0,1,1,0,0,0,0,0,7.73003E+20,5.81376E+21,1.30139E+16,5.24059E+16
163043,12,0,68,320,2018,3,5,6,3,9,1,1,0,1,0,0,0,0,1,7.55606E+20,5.86638E+21,1.27995E+16,5.28862E+16
163044,12,0,69,397,2018,4,16,4,3,5,3,0,1,1,0,0,0,0,0,7.7564E+20,5.80381E+21,1.30444E+16,5.23153E+16
163045,12,0,72,340,2018,3,15,5,2,6,4,0,0,0,1,1,0,0,1,8.02595E+20,5.80334E+21,1.34383E+16,5.22969E+16
163046,12,0,73,572,2018,4,8,4,3,5,3,0,0,1,0,1,0,0,0,8.0186E+20,5.89465E+21,1.35113E+16,5.31156E+16
163047,12,0,60,52,2018,4,15,4,3,5,3,0,1,1,0,0,0,0,0,8.21648E+20,5.86619E+21,1.37777E+16,5.28492E+16
163048,12,0,63,208,2018,3,20,5,3,6,4,2,0,1,1,0,0,0,1,7.62768E+20,5.83601E+21,1.28814E+16,5.26104E+16
163049,12,0,60,5,2018,4,16,4,3,2,2,0,0,1,0,0,0,0,0,8.09259E+20,5.83577E+21,1.35657E+16,5.25838E+16
163050,12,0,69,616,2018,3,19,5,3,9,7,2,0,1,0,0,0,0,1,7.90459E+20,5.81366E+21,1.32697E+16,5.2396E+16
163051,12,0,66,304,2018,3,10,5,3,6,6,0,1,0,1,0,0,0,1,8.46921E+20,5.7195E+21,1.40015E+16,5.15198E+16
163052,12,0,72,312,2018,4,14,3,2,8,7,0,0,1,0,0,0,0,0,7.96138E+20,5.77798E+21,1.33217E+16,5.2073E+16
163053,12,0,61,320,2018,3,10,5,3,1,5,0,1,1,0,0,0,0,1,8.24823E+20,5.7553E+21,1.37175E+16,5.18538E+16
163054,12,0,54,0,2018,4,15,3,3,2,6,0,0,1,0,0,0,0,0,7.815E+20,5.81146E+21,1.31366E+16,5.23809E+16
163055,12,0,71,372,2018,3,9,5,3,5,3,0,1,0,0,0,0,1,0,8.71374E+20,5.72677E+21,1.43601E+16,5.15693E+16
163056,12,0,54,0,2018,4,17,3,3,5,2,0,1,0,0,0,0,0,0,7.7601E+20,5.81347E+21,1.30578E+16,5.24017E+16
163057,12,0,52,0,2018,3,19,5,3,5,3,2,1,1,0,0,0,0,1,8.68032E+20,5.74675E+21,1.43332E+16,5.17504E+16
163058,12,0,61,332,2018,4,5,3,3,0,7,1,0,0,0,1,0,0,0,8.14637E+20,5.79543E+21,1.36069E+16,5.22193E+16
163059,12,0,73,572,2018,3,11,5,3,8,6,0,1,0,0,0,0,1,2,8.01089E+20,5.89584E+21,1.3501E+16,5.31267E+16
163060,12,0,62,24,2018,4,4,3,3,5,3,2,1,1,0,0,0,0,0,8.0506E+20,5.71712E+21,1.3398E+16,5.15226E+16
163061,12,0,73,532,2018,3,20,5,1,6,4,2,0,0,1,0,0,1,1,8.54106E+20,5.8914E+21,1.42852E+16,5.30545E+16
163062,12,0,62,124,2018,4,18,3,2,1,6,0,1,1,0,0,0,0,0,8.12677E+20,5.71156E+21,1.35026E+16,5.14686E+16
163063,12,0,60,20,2018,3,11,5,3,1,5,0,1,1,0,0,0,0,2,8.09153E+20,5.84616E+21,1.35739E+16,5.2677E+16
163064,12,0,53,0,2018,3,14,5,3,9,1,0,0,1,0,0,0,0,1,8.75406E+20,5.81402E+21,1.45133E+16,5.23476E+16
163065,12,0,52,0,2018,4,15,3,3,5,2,0,1,1,0,0,0,0,0,8.6803E+20,5.74687E+21,1.43333E+16,5.17515E+16
163066,12,0,67,120,2018,3,15,5,2,5,3,0,0,1,0,1,0,0,1,8.84758E+20,5.79217E+21,1.46251E+16,5.21457E+16
163067,12,0,52,0,2018,4,8,3,3,5,3,0,1,0,0,0,0,1,0,8.68013E+20,5.74677E+21,1.43329E+16,5.17506E+16
163068,12,0,68,468,2018,3,14,5,3,2,2,0,1,1,0,0,0,0,1,7.33044E+20,5.89601E+21,1.24862E+16,5.31624E+16
163069,12,0,60,52,2018,4,11,3,2,6,4,0,1,0,1,0,0,0,0,8.24135E+20,5.8663E+21,1.38146E+16,5.28486E+16
163070,12,0,64,472,2018,4,17,3,2,5,3,0,1,1,0,0,0,0,0,8.30127E+20,5.83547E+21,1.38723E+16,5.25688E+16
163071,12,0,63,252,2018,3,12,4,2,6,4,0,0,1,1,0,0,0,1,7.26461E+20,5.83449E+21,1.23451E+16,5.26131E+16
163072,12,0,53,0,2018,4,7,3,3,0,2,0,1,1,0,0,0,0,0,8.75586E+20,5.81395E+21,1.45159E+16,5.23468E+16
163073,12,0,66,304,2018,3,17,4,3,0,7,0,0,0,0,0,0,1,0,8.45369E+20,5.71812E+21,1.39779E+16,5.15084E+16
163074,12,0,65,256,2018,4,7,3,3,0,3,0,1,0,0,0,0,1,0,7.86318E+20,5.85124E+21,1.32415E+16,5.2735E+16
163075,12,0,61,316,2018,3,15,4,2,1,5,0,0,1,0,1,0,0,0,8.33473E+20,5.76562E+21,1.38526E+16,5.19411E+16
163076,12,0,63,252,2018,4,7,2,3,5,3,0,1,0,0,0,0,1,0,7.2605E+20,5.83314E+21,1.23381E+16,5.26012E+16
163077,12,0,62,140,2018,3,13,4,2,5,3,0,1,1,0,0,0,0,0,8.25805E+20,5.73088E+21,1.37088E+16,5.16344E+16
163078,12,0,63,357,2018,4,14,2,2,5,3,0,0,0,0,1,1,0,0,7.69302E+20,5.83011E+21,1.29729E+16,5.25543E+16
163079,12,0,71,41,2018,3,7,4,3,1,3,0,0,1,0,0,0,0,1,8.64693E+20,5.75493E+21,1.42936E+16,5.18259E+16
163080,12,0,63,80,2018,4,11,2,3,4,6,0,1,0,0,0,0,0,0,7.79367E+20,5.83039E+21,1.31212E+16,5.25517E+16
163081,12,0,60,5,2018,3,19,4,3,5,2,2,1,1,0,0,0,0,0,8.11458E+20,5.83733E+21,1.35995E+16,5.25966E+16
163082,12,0,69,616,2018,4,11,2,3,5,2,0,1,1,0,0,0,0,0,7.88499E+20,5.81393E+21,1.32413E+16,5.23995E+16
163083,12,0,70,316,2018,3,10,4,3,8,1,0,0,1,0,0,0,0,0,7.13114E+20,5.89466E+21,1.21877E+16,5.31586E+16
163084,12,0,54,0,2018,4,15,2,3,0,7,0,1,1,0,0,0,0,0,7.78603E+20,5.81219E+21,1.30947E+16,5.23889E+16
163085,12,0,54,0,2018,4,17,2,3,5,3,0,0,1,0,1,0,0,0,7.76072E+20,5.8143E+21,1.30594E+16,5.24091E+16
163086,12,0,68,320,2018,3,10,4,3,1,5,0,1,1,0,0,0,0,0,7.60486E+20,5.86624E+21,1.28718E+16,5.28826E+16
163087,12,0,69,397,2018,4,7,2,3,5,3,0,1,1,0,0,0,0,0,7.74549E+20,5.80298E+21,1.30278E+16,5.23084E+16
163088,12,0,63,252,2018,3,16,3,3,5,3,0,1,1,0,0,0,0,0,7.26922E+20,5.83406E+21,1.23516E+16,5.2609E+16
163089,12,0,51,0,2018,4,13,2,3,5,3,0,1,1,0,0,0,0,0,7.38249E+20,5.81432E+21,1.25045E+16,5.24271E+16
163090,12,0,63,80,2018,3,16,3,3,5,5,0,1,1,0,0,0,0,1,7.77232E+20,5.83104E+21,1.30903E+16,5.25586E+16
163091,12,0,61,316,2018,4,10,2,2,5,3,0,0,1,0,1,0,0,0,8.349E+20,5.76591E+21,1.38735E+16,5.19429E+16
163092,12,0,63,80,2018,3,8,3,3,4,6,0,0,1,0,0,0,0,2,7.77762E+20,5.83071E+21,1.30978E+16,5.25554E+16
163093,12,0,73,452,2018,4,9,2,3,1,7,0,1,1,0,0,0,0,0,8.24367E+20,5.91857E+21,1.38707E+16,5.33167E+16
163094,12,0,63,80,2018,3,9,3,3,5,3,0,0,1,0,0,0,0,2,7.80267E+20,5.83128E+21,1.31352E+16,5.25593E+16
163095,12,0,64,539,2018,4,17,2,3,8,1,0,0,1,0,0,0,0,0,8.64214E+20,5.8235E+21,1.436E+16,5.244E+16
163096,12,0,69,656,2018,3,15,3,3,4,6,0,1,1,0,0,0,0,1,7.679E+20,5.81035E+21,1.29364E+16,5.23778E+16
163097,12,0,60,20,2018,3,7,3,3,5,3,0,1,1,0,0,0,0,1,8.0977E+20,5.84682E+21,1.35836E+16,5.26825E+16
163098,12,0,53,0,2018,4,20,2,3,8,1,2,0,1,0,0,0,0,0,8.76025E+20,5.81322E+21,1.45215E+16,5.234E+16
163099,12,0,64,428,2018,3,11,3,2,8,1,0,0,1,0,0,0,0,0,8.25002E+20,5.824E+21,1.37858E+16,5.24692E+16
163100,12,0,67,440,2018,4,11,2,3,5,3,0,0,1,0,1,0,0,0,8.19452E+20,5.82335E+21,1.37037E+16,5.24666E+16
163101,12,0,65,332,2018,3,10,3,3,4,1,0,0,1,0,0,0,1,2,7.82758E+20,5.84426E+21,1.31829E+16,5.26743E+16
163102,12,0,65,136,2018,4,14,2,3,5,7,0,0,0,0,0,0,1,0,7.84187E+20,5.84148E+21,1.32016E+16,5.26487E+16
163103,12,0,65,256,2018,3,10,3,3,2,6,0,0,1,0,0,0,0,2,7.86482E+20,5.85337E+21,1.32458E+16,5.27541E+16
163104,12,0,68,353,2018,4,17,2,3,7,7,0,1,0,0,0,0,1,0,7.60595E+20,5.88977E+21,1.28923E+16,5.30936E+16
163105,12,0,72,17,2018,4,15,1,3,5,3,0,1,1,0,0,0,0,0,8.01014E+20,5.81008E+21,1.34212E+16,5.23582E+16
163106,12,0,63,36,2018,3,17,2,3,5,3,0,0,1,0,0,0,0,0,7.70526E+20,5.83308E+21,1.29933E+16,5.25803E+16
163107,12,0,69,590,2018,4,11,1,3,2,7,0,0,1,0,0,0,0,0,7.7153E+20,5.80711E+21,1.2987E+16,5.23469E+16
163108,12,0,69,304,2018,3,10,2,2,4,2,0,1,1,0,0,0,0,0,7.86732E+20,5.81446E+21,1.32158E+16,5.2405E+16
163109,12,0,61,216,2018,4,15,1,2,8,7,0,0,0,0,1,0,0,0,8.20323E+20,5.78392E+21,1.3679E+16,5.21129E+16
163110,12,0,53,0,2018,3,11,2,3,9,1,0,0,1,0,0,0,0,0,8.7611E+20,5.81399E+21,1.45236E+16,5.23468E+16
163111,12,0,67,36,2018,5,17,7,3,1,5,0,1,1,0,0,0,0,0,8.58845E+20,5.79305E+21,1.4249E+16,5.2171E+16
163112,12,0,63,252,2018,5,13,6,3,3,6,0,1,0,0,0,0,0,0,7.26594E+20,5.83349E+21,1.23464E+16,5.26041E+16
163113,12,0,63,357,2018,5,12,6,3,3,2,0,1,1,0,0,0,0,0,7.68723E+20,5.82875E+21,1.29633E+16,5.25424E+16
163114,12,0,69,304,2018,5,9,6,3,6,4,0,0,0,1,0,0,1,0,7.85133E+20,5.81487E+21,1.31927E+16,5.24096E+16
163115,12,0,69,590,2018,5,17,6,3,6,4,0,0,1,1,0,0,0,0,7.68618E+20,5.81153E+21,1.29478E+16,5.2388E+16
163116,12,0,54,0,2018,5,9,6,3,0,6,0,0,1,0,0,0,1,0,7.74921E+20,5.81138E+21,1.30401E+16,5.23836E+16
163117,12,0,61,450,2018,5,19,6,3,9,1,1,0,1,0,0,0,0,0,8.55737E+20,5.7802E+21,1.41903E+16,5.20579E+16
163118,12,0,71,160,2018,5,19,6,3,5,2,0,1,0,0,0,0,1,0,8.89927E+20,5.77079E+21,1.46759E+16,5.19508E+16
163119,12,0,52,0,2018,5,20,6,3,7,6,1,0,1,0,1,0,0,0,8.67863E+20,5.74661E+21,1.43306E+16,5.17493E+16
163120,12,0,60,52,2018,5,8,6,3,5,3,0,1,1,0,0,0,0,0,8.25427E+20,5.86336E+21,1.38308E+16,5.28215E+16
163121,12,0,60,181,2018,5,15,6,3,5,3,0,1,0,0,1,0,0,0,8.07378E+20,5.8427E+21,1.35445E+16,5.2647E+16
163122,12,0,64,484,2018,5,15,6,3,2,6,0,0,1,0,0,0,1,0,8.4291E+20,5.83312E+21,1.40578E+16,5.25399E+16
163123,12,0,64,472,2018,5,15,6,3,2,6,0,0,1,0,0,0,0,0,8.30197E+20,5.83556E+21,1.38734E+16,5.25697E+16
163124,12,0,61,320,2018,5,15,3,3,0,3,0,0,1,0,1,0,0,0,8.2458E+20,5.75555E+21,1.37142E+16,5.18562E+16
163125,12,0,64,472,2018,5,17,6,3,1,5,0,1,1,0,0,0,0,0,8.29616E+20,5.83312E+21,1.38625E+16,5.25481E+16
163126,12,0,73,8,2018,5,13,3,3,6,4,0,0,1,1,0,0,0,0,8.35538E+20,5.88617E+21,1.40038E+16,5.30196E+16
163127,12,0,67,36,2018,5,16,6,3,5,3,0,1,1,0,0,0,0,0,8.58978E+20,5.79312E+21,1.4251E+16,5.21715E+16
163128,12,0,60,20,2018,5,15,3,3,0,1,0,1,0,0,0,0,0,0,8.09294E+20,5.84561E+21,1.35754E+16,5.2672E+16
163129,12,0,67,124,2018,5,8,6,3,5,3,0,1,1,0,0,0,0,0,8.2314E+20,5.8178E+21,1.37525E+16,5.24147E+16
163130,12,0,67,120,2018,5,12,3,2,0,4,0,1,0,1,0,0,0,0,8.84336E+20,5.79197E+21,1.46187E+16,5.21442E+16
163131,12,0,68,320,2018,5,9,6,3,5,3,0,1,1,0,0,0,0,0,7.55858E+20,5.87001E+21,1.28061E+16,5.29187E+16
163132,12,0,65,356,2018,5,20,3,3,3,6,0,1,1,0,0,0,0,1,7.90483E+20,5.87863E+21,1.33274E+16,5.29784E+16
163133,12,0,72,232,2018,5,17,5,3,6,6,0,1,0,1,0,0,0,0,7.84288E+20,5.77987E+21,1.31509E+16,5.20962E+16
163134,12,0,65,256,2018,5,15,3,3,2,6,0,0,1,0,0,0,0,0,7.86542E+20,5.85095E+21,1.32446E+16,5.27323E+16
163135,12,0,68,468,2018,5,16,3,3,5,5,0,1,1,0,0,0,0,0,7.33958E+20,5.89727E+21,1.25008E+16,5.31733E+16
163136,12,0,63,244,2018,5,11,5,3,4,2,0,1,1,0,0,0,0,0,7.26912E+20,5.82545E+21,1.23456E+16,5.25318E+16
163137,12,0,63,252,2018,5,13,2,3,5,3,0,1,1,0,0,0,0,0,7.26134E+20,5.83361E+21,1.23397E+16,5.26054E+16
163138,12,0,63,80,2018,5,16,5,2,5,3,0,0,1,0,1,0,0,0,7.76574E+20,5.83273E+21,1.3082E+16,5.25741E+16