OBJECTID_1,ULAND,UREGBEZ,UKREIS,UGEMEINDE,UJAHR,UMONAT,USTUNDE,UWOCHENTAG,UKATEGORIE,UART,UTYP1,ULICHTVERH,IstRad,IstPKW,IstFuss,IstKrad,IstGkfz,IstSonstig,STRZUSTAND,LINREFX,LINREFY,XGCSWGS84,YGCSWGS84
163323,12,0,72,240,2018,4,14,3,2,0,7,0,0,1,1,0,0,0,0,7.89889E+20,5.80336E+21,1.32525E+16,5.23039E+16
163324,12,0,71,76,2018,5,15,3,3,3,2,0,0,1,0,1,0,0,0,8.89398E+20,5.74717E+21,1.46417E+16,5.17398E+16
163325,12,0,69,656,2018,4,8,3,3,1,6,0,1,0,0,0,0,1,0,7.68413E+20,5.81038E+21,1.29439E+16,5.23778E+16
163326,12,0,52,0,2018,5,7,3,3,5,2,0,0,1,0,0,0,0,0,8.67111E+20,5.74647E+21,1.43196E+16,5.17486E+16
163327,12,0,73,572,2018,5,4,3,2,1,1,1,0,1,0,0,0,1,0,8.01626E+20,5.89529E+21,1.35084E+16,5.31215E+16
163328,12,0,54,0,2018,4,8,3,3,0,1,0,1,0,0,0,0,0,0,7.80515E+20,5.81254E+21,1.3123E+16,5.23911E+16
163329,12,0,73,532,2018,5,7,3,3,6,4,0,0,1,1,0,0,0,0,8.5425E+20,5.8915E+21,1.42875E+16,5.30553E+16
163330,12,0,54,0,2018,4,15,3,2,5,3,0,1,1,0,0,0,0,0,7.74193E+20,5.81244E+21,1.30303E+16,5.23934E+16
163331,12,0,67,440,2018,5,15,3,3,5,3,0,1,1,0,0,0,0,0,8.21236E+20,5.82365E+21,1.37302E+16,5.24683E+16
163332,12,0,54,0,2018,4,8,3,3,5,3,0,1,1,0,0,0,0,0,7.74968E+20,5.81288E+21,1.3042E+16,5.2397E+16
163333,12,0,65,256,2018,5,20,3,3,5,3,0,1,1,0,0,0,0,0,7.86452E+20,5.85346E+21,1.32454E+16,5.27549E+16
163334,12,0,52,0,2018,4,7,3,3,5,3,0,1,1,0,0,0,0,0,8.65798E+20,5.74698E+21,1.43012E+16,5.1754E+16
163335,12,0,69,304,2018,5,12,2,3,1,5,0,1,1,0,0,0,0,0,7.85651E+20,5.81428E+21,1.31998E+16,5.2404E+16
163336,12,0,71,57,2018,4,17,3,2,8,7,0,0,0,0,0,1,0,0,8.59742E+20,5.73394E+21,1.42004E+16,5.16411E+16
163337,12,0,69,590,2018,5,13,2,3,1,6,0,1,1,0,0,0,0,0,7.72776E+20,5.80746E+21,1.30055E+16,5.23495E+16
163338,12,0,64,136,2018,4,7,3,3,5,3,0,1,1,0,0,0,0,0,8.22438E+20,5.82986E+21,1.37538E+16,5.25232E+16
163339,12,0,69,656,2018,5,11,2,2,6,4,0,0,1,1,0,0,0,0,7.67531E+20,5.81009E+21,1.29307E+16,5.23756E+16
163340,12,0,54,0,2018,5,22,2,3,0,1,2,0,1,0,0,0,0,0,7.77479E+20,5.81279E+21,1.30788E+16,5.23949E+16
163341,12,0,64,428,2018,4,15,3,3,5,3,0,1,1,0,0,0,0,0,8.24685E+20,5.82401E+21,1.37811E+16,5.24695E+16
163342,12,0,54,0,2018,5,17,2,3,5,3,0,1,1,0,0,0,0,0,7.757E+20,5.81271E+21,1.30526E+16,5.23951E+16
163343,12,0,67,144,2018,4,7,3,3,6,3,0,1,0,1,0,0,0,0,8.44558E+20,5.8135E+21,1.40617E+16,5.23632E+16
163344,12,0,61,260,2018,5,9,2,2,0,1,0,0,0,0,1,0,0,0,8.15454E+20,5.80375E+21,1.36266E+16,5.22933E+16
163345,12,0,70,424,2018,4,10,3,3,6,2,0,1,0,1,0,0,0,0,6.84276E+20,5.87687E+21,1.17468E+16,5.30096E+16
163346,12,0,63,80,2018,4,10,2,3,5,3,0,0,1,0,0,0,0,0,7.76743E+20,5.83106E+21,1.30831E+16,5.25591E+16
163347,12,0,62,224,2018,5,12,2,3,5,3,0,1,0,0,0,0,0,0,7.92294E+20,5.73509E+21,1.32295E+16,5.16905E+16
163348,12,0,54,0,2018,4,8,2,3,1,5,0,1,0,0,0,0,1,0,7.76011E+20,5.81343E+21,1.30578E+16,5.24014E+16
163349,12,0,52,0,2018,5,7,2,3,6,4,0,0,1,1,0,0,0,0,8.68501E+20,5.74722E+21,1.43404E+16,5.17543E+16
163350,12,0,51,0,2018,4,7,2,2,5,5,0,1,1,0,0,0,0,0,7.39215E+20,5.81504E+21,1.25192E+16,5.24332E+16
163351,12,0,60,52,2018,5,5,2,2,9,1,0,0,1,0,1,0,0,0,8.23348E+20,5.86473E+21,1.38014E+16,5.2835E+16
163352,12,0,66,304,2018,4,14,2,3,5,3,0,1,1,0,0,0,0,0,8.47219E+20,5.71957E+21,1.40059E+16,5.15203E+16
163353,12,0,60,181,2018,5,15,2,3,5,3,0,1,1,0,0,0,0,0,8.04314E+20,5.8457E+21,1.35021E+16,5.26756E+16
163354,12,0,73,8,2018,4,7,2,3,2,6,0,0,1,0,0,0,0,0,8.35385E+20,5.88574E+21,1.40011E+16,5.30158E+16
163355,12,0,64,227,2018,5,7,2,3,5,3,0,1,1,0,0,0,0,0,8.15409E+20,5.82684E+21,1.36477E+16,5.25002E+16
163356,12,0,60,20,2018,4,8,2,3,6,4,0,0,1,1,0,0,0,0,8.10188E+20,5.84717E+21,1.35901E+16,5.26855E+16
163357,12,0,64,472,2018,5,15,2,3,5,3,0,1,1,0,0,0,0,0,8.28259E+20,5.83184E+21,1.38413E+16,5.25375E+16
163358,12,0,60,20,2018,4,9,2,3,3,2,0,1,0,0,0,0,0,0,8.09052E+20,5.84634E+21,1.35726E+16,5.26787E+16
163359,12,0,65,256,2018,5,18,2,3,5,3,0,1,1,0,0,0,0,0,7.86023E+20,5.85115E+21,1.32371E+16,5.27344E+16
163360,12,0,65,256,2018,4,8,2,3,1,3,0,0,1,0,0,1,0,0,7.86627E+20,5.85343E+21,1.3248E+16,5.27545E+16
163361,12,0,68,320,2018,4,14,2,3,5,2,0,1,1,0,0,0,0,0,7.55969E+20,5.87097E+21,1.28085E+16,5.29272E+16
163362,12,0,70,296,2018,5,10,2,3,3,3,0,1,1,0,0,0,0,0,6.91287E+20,5.88421E+21,1.18555E+16,5.30731E+16
163363,12,0,54,0,2018,4,11,1,3,3,6,0,1,0,0,0,0,0,0,7.7913E+20,5.81255E+21,1.31028E+16,5.23919E+16
163364,12,0,72,426,2018,5,17,1,2,5,3,0,0,1,0,0,0,0,0,7.88565E+20,5.79399E+21,1.32251E+16,5.22206E+16
163365,12,0,54,0,2018,4,19,1,3,5,3,0,1,1,0,0,0,0,0,7.78907E+20,5.8199E+21,1.31056E+16,5.24579E+16
163366,12,0,69,616,2018,5,13,1,3,4,6,0,1,0,0,0,0,0,0,7.88892E+20,5.81418E+21,1.32472E+16,5.24015E+16
163367,12,0,69,397,2018,4,19,1,3,9,1,0,0,1,0,0,0,0,0,7.78811E+20,5.80329E+21,1.30904E+16,5.2309E+16
163368,12,0,69,656,2018,5,4,1,3,3,6,1,1,0,0,0,0,1,0,7.63848E+20,5.81335E+21,1.28794E+16,5.24066E+16
163369,12,0,67,36,2018,4,14,1,3,5,3,0,0,1,0,1,0,0,0,8.58585E+20,5.79293E+21,1.4245E+16,5.217E+16
163370,12,0,61,572,2018,5,7,1,3,7,7,0,1,0,1,0,0,0,0,8.15031E+20,5.81053E+21,1.36268E+16,5.23543E+16
163371,12,0,67,520,2018,4,11,1,3,2,6,0,1,0,0,0,0,0,0,8.41836E+20,5.79732E+21,1.40055E+16,5.222E+16
163372,12,0,67,24,2018,5,10,1,3,1,5,0,1,1,0,0,0,0,0,8.44159E+20,5.80548E+21,1.40477E+16,5.22916E+16
163373,12,0,65,100,2018,5,16,1,3,0,7,0,1,0,0,0,0,0,0,7.79112E+20,5.88107E+21,1.31606E+16,5.30062E+16
163374,12,0,65,332,2018,4,14,1,3,5,2,0,0,1,0,1,0,0,0,7.81914E+20,5.84592E+21,1.31719E+16,5.26897E+16
163375,12,0,72,340,2018,5,17,7,2,2,2,0,0,1,0,0,0,0,0,8.02999E+20,5.80356E+21,1.34444E+16,5.22987E+16
163376,12,0,70,316,2018,4,14,1,3,2,2,0,0,1,0,1,0,0,0,7.12446E+20,5.89372E+21,1.21771E+16,5.31505E+16
163377,12,0,63,252,2018,5,22,7,3,5,3,2,0,1,0,0,0,0,0,7.27094E+20,5.83344E+21,1.23538E+16,5.26035E+16
163378,12,0,68,320,2018,4,19,1,3,5,3,0,0,1,0,1,0,0,0,7.55708E+20,5.87109E+21,1.28047E+16,5.29284E+16
163379,12,0,69,604,2018,5,10,7,3,5,3,0,1,1,0,0,0,0,0,7.86807E+20,5.81302E+21,1.32157E+16,5.23921E+16
163380,12,0,54,0,2018,4,12,7,3,9,1,0,0,1,0,0,0,0,0,7.80511E+20,5.80921E+21,1.31202E+16,5.23613E+16
163381,12,0,54,0,2018,4,18,7,3,6,4,0,0,1,1,0,0,0,0,7.74084E+20,5.81245E+21,1.30287E+16,5.23935E+16
163382,12,0,69,656,2018,5,19,7,2,9,1,0,1,0,0,0,0,0,0,7.67574E+20,5.80963E+21,1.2931E+16,5.23715E+16
163383,12,0,54,0,2018,4,20,7,3,5,3,1,1,1,0,0,0,0,0,7.72368E+20,5.81562E+21,1.30061E+16,5.24229E+16
163384,12,0,64,448,2018,5,11,7,3,5,3,0,1,1,0,0,0,0,0,8.64175E+20,5.83424E+21,1.43712E+16,5.25362E+16
163385,12,0,52,0,2018,4,15,7,2,5,3,0,0,1,0,1,0,0,0,8.68102E+20,5.74792E+21,1.43354E+16,5.17608E+16
163386,12,0,68,117,2018,5,7,2,3,0,7,0,1,0,0,0,0,0,0,7.53768E+20,5.85777E+21,1.27656E+16,5.28099E+16
163387,12,0,63,244,2018,5,10,1,2,5,3,0,1,0,0,0,0,0,0,7.26029E+20,5.82574E+21,1.23328E+16,5.25347E+16
163388,12,0,66,112,2018,5,17,1,2,5,3,0,1,1,0,0,0,0,0,8.46183E+20,5.7277E+21,1.3999E+16,5.15937E+16
163389,12,0,73,490,2018,5,16,1,3,3,6,0,1,0,0,1,0,0,0,8.25678E+20,5.92112E+21,1.38929E+16,5.33387E+16
163390,12,0,65,332,2018,5,14,1,3,0,1,0,1,0,0,0,0,0,0,7.8374E+20,5.84472E+21,1.31978E+16,5.2678E+16
163391,12,0,72,17,2018,5,13,7,3,0,7,0,0,1,0,0,0,0,0,8.02316E+20,5.81045E+21,1.34406E+16,5.23608E+16
163392,12,0,64,472,2018,6,14,6,3,2,6,0,0,1,0,0,0,0,0,8.3043E+20,5.83591E+21,1.38772E+16,5.25726E+16
163393,12,0,72,17,2018,5,12,7,3,5,3,0,0,1,0,0,0,0,0,8.01172E+20,5.81025E+21,1.34237E+16,5.23596E+16
163394,12,0,53,0,2018,6,15,6,3,0,7,0,1,0,0,0,0,0,0,8.76602E+20,5.81367E+21,1.45304E+16,5.23436E+16
163395,12,0,72,477,2018,5,3,7,3,8,1,2,0,1,0,0,0,0,0,8.02612E+20,5.797E+21,1.34328E+16,5.224E+16
163396,12,0,65,136,2018,6,15,6,3,5,3,0,1,1,0,0,0,0,0,7.84353E+20,5.83741E+21,1.32005E+16,5.26121E+16
163397,12,0,65,136,2018,6,8,6,3,5,3,0,1,1,0,0,0,0,0,7.84105E+20,5.84021E+21,1.31993E+16,5.26373E+16
163398,12,0,65,256,2018,6,9,6,3,5,3,0,0,1,0,0,0,0,0,7.86314E+20,5.85251E+21,1.32426E+16,5.27465E+16
163399,12,0,63,252,2018,6,16,5,2,3,6,0,1,1,0,0,0,0,0,7.26369E+20,5.83272E+21,1.23426E+16,5.25972E+16
163400,12,0,69,616,2018,6,9,5,3,1,6,0,0,1,0,0,0,0,0,7.9053E+20,5.81337E+21,1.32705E+16,5.23933E+16
163401,12,0,72,232,2018,5,17,7,2,5,3,0,0,1,0,0,0,0,0,7.85254E+20,5.77907E+21,1.31643E+16,5.20885E+16
163402,12,0,54,0,2018,6,21,5,3,2,6,1,0,1,0,1,0,0,0,7.78404E+20,5.81156E+21,1.30913E+16,5.23834E+16
163403,12,0,72,232,2018,5,9,7,3,2,6,0,0,1,0,1,0,0,0,7.85715E+20,5.77819E+21,1.31703E+16,5.20804E+16
163404,12,0,54,0,2018,6,14,5,3,3,6,0,1,1,0,0,0,0,0,7.78497E+20,5.81248E+21,1.30934E+16,5.23916E+16
163405,12,0,69,616,2018,5,18,7,3,0,7,0,0,0,0,1,0,0,0,7.90338E+20,5.81445E+21,1.32687E+16,5.24031E+16
163406,12,0,54,0,2018,6,7,5,3,6,4,0,0,1,1,0,0,0,0,7.7572E+20,5.81316E+21,1.30533E+16,5.23991E+16
163407,12,0,54,0,2018,5,18,7,3,1,6,0,0,1,0,0,0,0,0,7.76801E+20,5.81352E+21,1.30694E+16,5.24018E+16
163408,12,0,66,304,2018,6,12,5,2,5,3,0,1,1,0,0,0,0,0,8.47104E+20,5.71977E+21,1.40044E+16,5.15221E+16
163409,12,0,54,0,2018,5,16,7,3,0,7,0,1,0,0,0,0,0,0,7.75401E+20,5.81309E+21,1.30485E+16,5.23987E+16
163410,12,0,52,0,2018,6,16,5,3,6,7,0,0,1,1,0,0,0,0,8.68774E+20,5.75035E+21,1.43477E+16,5.17822E+16
163411,12,0,54,0,2018,5,17,7,3,3,6,0,0,1,0,1,0,0,0,7.74154E+20,5.8147E+21,1.30316E+16,5.24137E+16
163412,12,0,71,337,2018,5,14,7,3,5,3,0,0,1,0,0,0,0,0,8.84834E+20,5.77675E+21,1.46088E+16,5.20076E+16
163413,12,0,73,452,2018,6,14,5,3,0,7,0,1,1,0,0,0,0,0,8.2385E+20,5.91781E+21,1.38622E+16,5.33102E+16
163414,12,0,71,76,2018,5,12,7,3,5,3,0,0,1,0,1,0,0,0,8.88676E+20,5.74441E+21,1.46282E+16,5.17156E+16
163415,12,0,60,198,2018,6,17,5,3,1,7,0,1,1,0,0,0,0,0,8.15442E+20,5.86468E+21,1.36844E+16,5.28393E+16
163416,12,0,64,227,2018,5,23,7,3,6,6,2,0,0,1,0,0,1,0,8.14791E+20,5.82589E+21,1.36377E+16,5.24921E+16
163417,12,0,53,0,2018,5,11,7,3,6,4,0,0,1,1,0,0,0,0,8.7755E+20,5.81478E+21,1.45455E+16,5.23529E+16
163418,12,0,67,36,2018,6,16,5,2,3,6,0,0,1,0,1,0,0,0,8.58322E+20,5.79417E+21,1.42425E+16,5.21813E+16
163419,12,0,67,120,2018,5,18,7,3,0,1,0,0,0,0,1,0,0,0,8.86628E+20,5.79293E+21,1.46531E+16,5.21511E+16
163420,12,0,65,36,2018,6,8,5,3,5,3,0,0,1,0,0,0,0,0,7.89804E+20,5.84703E+21,1.32893E+16,5.26955E+16
163421,12,0,65,144,2018,5,8,7,3,5,3,0,0,1,0,0,0,1,0,7.89921E+20,5.84459E+21,1.32888E+16,5.26735E+16
163422,12,0,72,477,2018,6,7,4,3,5,2,0,1,1,0,0,0,0,0,8.05236E+20,5.79102E+21,1.34658E+16,5.2185E+16
163423,12,0,65,256,2018,5,13,7,2,5,2,0,0,1,0,1,0,0,0,7.87632E+20,5.85906E+21,1.32678E+16,5.28045E+16
163424,12,0,54,0,2018,6,17,4,3,1,6,0,1,1,0,0,0,0,0,7.81096E+20,5.81142E+21,1.31306E+16,5.23807E+16
163425,12,0,65,256,2018,5,12,7,2,5,3,0,0,1,0,1,0,0,0,7.85179E+20,5.85283E+21,1.32261E+16,5.27499E+16
163426,12,0,54,0,2018,6,7,4,3,0,1,0,1,0,0,0,0,0,0,7.76286E+20,5.81268E+21,1.30612E+16,5.23945E+16
163427,12,0,51,0,2018,6,15,4,3,6,4,0,0,1,1,0,0,0,0,7.3928E+20,5.81584E+21,1.25207E+16,5.24403E+16
163428,12,0,68,280,2018,5,23,7,3,8,1,2,1,0,0,0,0,0,0,7.67562E+20,5.87528E+21,1.29841E+16,5.29602E+16
163429,12,0,69,616,2018,5,10,6,3,2,6,0,0,1,0,0,0,0,0,7.90591E+20,5.8143E+21,1.32722E+16,5.24016E+16
163430,12,0,51,0,2018,6,7,4,3,5,3,0,1,1,0,0,0,0,0,7.41502E+20,5.8128E+21,1.25511E+16,5.2412E+16
163431,12,0,69,306,2018,5,19,6,3,0,7,0,1,0,0,0,0,1,0,7.47085E+20,5.80613E+21,1.26281E+16,5.23497E+16
163432,12,0,66,176,2018,6,6,4,3,5,3,0,0,1,0,0,0,0,0,8.27239E+20,5.71734E+21,1.37169E+16,5.15122E+16
163433,12,0,51,0,2018,5,14,6,3,5,3,0,1,1,0,0,0,0,0,7.42385E+20,5.81226E+21,1.25637E+16,5.24068E+16
163434,12,0,66,285,2018,6,17,4,3,0,1,0,0,0,0,1,0,0,0,8.39847E+20,5.72213E+21,1.39025E+16,5.15477E+16
163435,12,0,61,316,2018,5,8,6,3,5,3,0,1,1,0,0,0,0,0,8.36419E+20,5.76594E+21,1.38956E+16,5.19422E+16
163436,12,0,66,285,2018,6,11,4,3,6,4,0,0,1,1,0,0,0,0,8.39767E+20,5.71886E+21,1.38982E+16,5.15184E+16
163437,12,0,61,316,2018,6,13,4,2,8,1,0,0,1,0,0,0,0,0,8.35294E+20,5.7671E+21,1.38804E+16,5.19533E+16
163438,12,0,61,572,2018,6,10,4,3,2,7,0,1,1,0,0,0,0,0,8.15016E+20,5.81002E+21,1.36261E+16,5.23498E+16
163439,12,0,71,372,2018,6,15,4,3,0,3,0,1,1,0,0,0,0,0,8.71776E+20,5.72592E+21,1.4365E+16,5.15615E+16
163440,12,0,52,0,2018,6,12,4,3,5,2,0,1,1,0,0,0,0,0,8.68029E+20,5.74675E+21,1.43331E+16,5.17504E+16
163441,12,0,73,532,2018,6,15,4,3,0,1,0,1,0,0,0,0,0,0,8.51993E+20,5.89242E+21,1.42549E+16,5.3065E+16
163442,12,0,61,572,2018,5,7,6,3,6,4,0,0,1,1,0,0,0,0,8.155E+20,5.80974E+21,1.36329E+16,5.2347E+16
163443,12,0,60,52,2018,6,11,4,3,5,3,0,1,0,0,0,0,0,0,8.22949E+20,5.86508E+21,1.37958E+16,5.28384E+16
163444,12,0,60,5,2018,6,8,4,3,6,2,0,0,1,1,0,0,0,0,8.09962E+20,5.83501E+21,1.35753E+16,5.25766E+16
163445,12,0,71,76,2018,5,22,6,3,1,5,2,0,1,0,0,0,0,0,8.89347E+20,5.74576E+21,1.46393E+16,5.17272E+16
163446,12,0,53,0,2018,6,12,4,3,6,4,0,0,1,1,0,0,0,0,8.77467E+20,5.81416E+21,1.45436E+16,5.23475E+16
163447,12,0,71,32,2018,5,10,6,3,7,7,0,1,0,0,0,0,0,0,8.5021E+20,5.75809E+21,1.40875E+16,5.18634E+16
163448,12,0,65,256,2018,6,13,4,3,5,3,0,1,0,0,0,0,1,0,7.86102E+20,5.85364E+21,1.32404E+16,5.27567E+16
163449,12,0,68,320,2018,6,11,4,3,1,5,0,1,1,0,0,0,0,0,7.55526E+20,5.87036E+21,1.28015E+16,5.2922E+16
163450,12,0,73,452,2018,5,15,6,2,5,3,0,1,1,0,0,0,0,0,8.25132E+20,5.91964E+21,1.38833E+16,5.33258E+16
163451,12,0,63,56,2018,6,4,3,3,0,1,1,0,0,0,1,0,0,0,7.75496E+20,5.82916E+21,1.30632E+16,5.25427E+16
163452,12,0,73,452,2018,5,16,6,3,5,3,0,0,1,0,0,0,0,0,8.24772E+20,5.91988E+21,1.38781E+16,5.33282E+16
163453,12,0,69,304,2018,6,18,3,3,5,3,0,1,1,0,0,0,0,0,7.87797E+20,5.81483E+21,1.32317E+16,5.24079E+16
163454,12,0,60,5,2018,5,11,6,3,5,3,0,0,1,0,1,0,0,0,8.11385E+20,5.83204E+21,1.35935E+16,5.25492E+16
163455,12,0,67,440,2018,5,7,6,3,5,3,0,1,1,0,0,0,0,0,8.19093E+20,5.82457E+21,1.36996E+16,5.24778E+16
163456,12,0,54,0,2018,6,15,3,3,2,6,0,0,1,0,0,0,0,0,7.75711E+20,5.81302E+21,1.3053E+16,5.23978E+16
163457,12,0,65,256,2018,5,12,6,3,2,6,0,0,1,0,0,0,0,0,7.86326E+20,5.8515E+21,1.32418E+16,5.27373E+16
163458,12,0,66,52,2018,6,18,3,3,5,3,0,1,1,0,0,0,0,0,8.41741E+20,5.74393E+21,1.3951E+16,5.17418E+16
163459,12,0,72,53,2018,5,18,5,3,1,5,0,1,1,0,0,0,0,0,8.04916E+20,5.75607E+21,1.343E+16,5.18719E+16
163460,12,0,66,52,2018,6,11,3,3,6,4,0,0,1,1,0,0,0,0,8.41645E+20,5.74402E+21,1.39497E+16,5.17427E+16
163461,12,0,72,312,2018,5,19,5,2,8,1,0,0,0,0,1,0,0,0,7.83478E+20,5.79075E+21,1.31482E+16,5.21942E+16
163462,12,0,66,304,2018,6,14,3,3,1,1,0,1,1,0,0,0,0,0,8.45023E+20,5.71756E+21,1.39724E+16,5.15036E+16
163463,12,0,72,232,2018,5,15,5,3,5,2,0,0,1,0,1,0,0,0,7.85849E+20,5.77897E+21,1.31728E+16,5.20873E+16
163464,12,0,71,304,2018,6,13,3,3,0,7,0,1,0,0,0,0,0,0,8.72399E+20,5.75948E+21,1.44098E+16,5.18615E+16
163465,12,0,54,0,2018,5,16,5,2,0,7,0,1,0,0,0,0,0,0,7.80499E+20,5.8127E+21,1.3123E+16,5.23926E+16
163466,12,0,71,76,2018,6,7,3,3,9,7,0,1,0,0,0,0,0,0,8.88386E+20,5.74628E+21,1.46261E+16,5.17325E+16
163467,12,0,54,0,2018,5,7,5,3,5,3,0,1,1,0,0,0,0,0,7.75556E+20,5.81285E+21,1.30506E+16,5.23964E+16
163468,12,0,73,572,2018,6,15,3,3,5,3,0,1,1,0,0,0,0,0,8.02294E+20,5.89404E+21,1.35172E+16,5.31099E+16
163469,12,0,54,0,2018,5,21,5,3,5,2,1,1,1,0,0,0,0,0,7.73004E+20,5.81378E+21,1.3014E+16,5.2406E+16
163470,12,0,69,249,2018,5,8,5,2,9,7,0,0,1,0,0,0,0,0,7.53848E+20,5.81422E+21,1.27333E+16,5.24192E+16
163471,12,0,60,52,2018,6,18,3,3,2,6,0,0,1,0,0,0,0,0,8.24191E+20,5.86482E+21,1.3814E+16,5.28354E+16
163472,12,0,51,0,2018,5,17,5,3,5,2,0,1,1,0,0,0,0,0,7.39993E+20,5.8121E+21,1.25285E+16,5.24064E+16
163473,12,0,53,0,2018,6,15,3,3,0,6,0,1,1,0,0,0,0,0,8.76292E+20,5.81368E+21,1.45259E+16,5.23439E+16
163474,12,0,61,540,2018,5,7,5,3,1,5,0,1,0,0,0,0,1,0,8.14892E+20,5.80761E+21,1.3622E+16,5.23282E+16
163475,12,0,53,0,2018,6,14,3,3,5,3,0,1,1,0,0,0,0,0,8.76145E+20,5.81231E+21,1.45222E+16,5.23318E+16
163476,12,0,62,333,2018,5,16,5,2,2,6,0,1,0,0,1,0,0,0,8.3015E+20,5.73721E+21,1.37773E+16,5.16885E+16
163477,12,0,67,440,2018,6,12,3,3,6,4,0,0,1,1,0,0,0,0,8.1927E+20,5.82223E+21,1.37E+16,5.24567E+16
163478,12,0,52,0,2018,5,16,5,2,2,2,0,0,1,0,1,0,0,0,8.685E+20,5.74723E+21,1.43404E+16,5.17545E+16
163479,12,0,70,424,2018,6,16,3,2,1,6,0,0,1,0,0,0,0,0,6.83858E+20,5.87538E+21,1.17397E+16,5.29964E+16
163480,12,0,60,52,2018,5,7,5,3,5,3,0,1,0,0,0,0,1,0,8.24904E+20,5.86394E+21,1.38236E+16,5.28271E+16
163481,12,0,64,29,2018,5,8,5,2,0,7,0,0,0,0,1,0,1,0,8.2278E+20,5.83486E+21,1.37637E+16,5.25678E+16
163482,12,0,63,56,2018,6,8,2,2,5,2,0,0,1,0,0,0,0,0,7.77108E+20,5.82843E+21,1.30863E+16,5.25353E+16
163483,12,0,53,0,2018,5,16,5,3,1,5,0,0,1,0,0,0,0,0,8.77152E+20,5.81515E+21,1.45401E+16,5.23565E+16
163484,12,0,63,80,2018,6,8,2,3,5,3,0,0,1,0,0,0,1,0,7.76741E+20,5.83216E+21,1.3084E+16,5.25689E+16
163485,12,0,67,544,2018,5,16,5,3,6,4,0,1,0,1,0,0,0,0,8.22086E+20,5.82208E+21,1.37411E+16,5.24537E+16
163486,12,0,69,304,2018,6,14,2,3,5,2,0,1,1,0,0,0,0,0,7.88008E+20,5.81331E+21,1.32335E+16,5.23941E+16
163487,12,0,72,297,2018,5,21,4,2,5,3,2,0,1,0,0,0,1,0,7.74082E+20,5.76948E+21,1.29939E+16,5.20081E+16
163488,12,0,54,0,2018,6,10,2,3,5,3,0,1,1,0,0,0,0,0,7.80973E+20,5.81042E+21,1.3128E+16,5.23718E+16
163489,12,0,72,232,2018,5,7,4,3,0,7,0,1,1,0,0,0,0,0,7.84976E+20,5.77865E+21,1.31599E+16,5.20849E+16
163490,12,0,54,0,2018,6,15,2,3,2,6,0,0,1,0,0,0,0,0,7.78025E+20,5.81198E+21,1.30861E+16,5.23874E+16
163491,12,0,63,56,2018,5,17,4,2,3,6,0,0,1,0,1,0,0,0,7.76793E+20,5.82809E+21,1.30814E+16,5.25324E+16
163492,12,0,66,296,2018,6,13,2,3,2,6,0,0,1,0,0,0,0,0,8.35565E+20,5.71497E+21,1.38342E+16,5.14861E+16
163493,12,0,54,0,2018,5,15,4,3,5,2,0,1,1,0,0,0,0,0,7.7821E+20,5.81043E+21,1.30875E+16,5.23733E+16
163494,12,0,69,397,2018,5,14,4,3,1,5,0,1,1,0,0,0,0,0,7.77482E+20,5.80505E+21,1.30724E+16,5.23255E+16
163495,12,0,61,260,2018,6,11,2,3,5,3,0,0,1,0,0,0,0,0,8.15675E+20,5.80319E+21,1.36293E+16,5.22882E+16
163496,12,0,69,17,2018,5,9,4,3,2,6,0,0,1,0,0,0,0,0,7.6799E+20,5.79709E+21,1.29271E+16,5.22588E+16
163497,12,0,73,532,2018,6,16,2,2,9,7,0,0,1,0,0,0,0,0,8.52758E+20,5.89018E+21,1.42639E+16,5.30445E+16
163498,12,0,51,0,2018,5,18,4,3,0,7,0,1,0,0,0,0,0,0,7.40698E+20,5.81481E+21,1.25408E+16,5.24304E+16
163499,12,0,73,532,2018,6,15,2,2,3,2,0,0,1,0,1,0,0,0,8.5346E+20,5.89156E+21,1.42758E+16,5.30563E+16
163500,12,0,66,112,2018,5,14,4,3,5,3,0,1,1,0,0,0,0,0,8.4684E+20,5.72627E+21,1.40071E+16,5.15805E+16
163501,12,0,53,0,2018,6,14,2,3,5,3,0,1,1,0,0,0,0,0,8.78041E+20,5.81423E+21,1.45521E+16,5.23477E+16
163502,12,0,67,120,2018,6,19,2,3,1,5,0,1,1,0,0,0,0,0,8.87707E+20,5.79237E+21,1.46682E+16,5.21454E+16
163503,12,0,61,540,2018,5,11,4,3,5,3,0,1,1,0,0,0,0,0,8.1585E+20,5.80752E+21,1.36359E+16,5.23269E+16
163504,12,0,67,144,2018,6,11,2,3,5,2,0,1,1,0,0,0,0,0,8.44056E+20,5.81481E+21,1.40557E+16,5.23752E+16
163505,12,0,71,372,2018,5,5,4,3,5,3,0,1,1,0,0,0,0,0,8.70776E+20,5.72262E+21,1.43472E+16,5.15326E+16
163506,12,0,65,225,2018,6,14,2,3,0,1,0,1,1,0,0,0,0,0,7.96819E+20,5.8427E+21,1.33889E+16,5.26529E+16